# slack_ns	startpoint	endpoint	cells
0.438155	reset_n	core.keymem.key_mem[13][29]$_DFFE_PN0P_/RN	core.keymem.key_mem[13][29]$_DFFE_PN0P_|hold12732|input10|place12264|place12265
0.438239	reset_n	core.keymem.key_mem[12][29]$_DFFE_PN0P_/RN	core.keymem.key_mem[12][29]$_DFFE_PN0P_|hold12732|input10|place12264|place12265
0.438244	reset_n	core.keymem.key_mem[14][29]$_DFFE_PN0P_/RN	core.keymem.key_mem[14][29]$_DFFE_PN0P_|hold12732|input10|place12264|place12265
0.438298	reset_n	core.keymem.key_mem[10][58]$_DFFE_PN0P_/RN	core.keymem.key_mem[10][58]$_DFFE_PN0P_|hold12732|input10|place12264|place12265
0.438934	reset_n	core.keymem.key_mem[10][29]$_DFFE_PN0P_/RN	core.keymem.key_mem[10][29]$_DFFE_PN0P_|hold12732|input10|place12264|place12265
0.439016	reset_n	core.keymem.key_mem[2][58]$_DFFE_PN0P_/RN	core.keymem.key_mem[2][58]$_DFFE_PN0P_|hold12732|input10|place12264|place12265
0.439406	reset_n	core.keymem.key_mem[7][58]$_DFFE_PN0P_/RN	core.keymem.key_mem[7][58]$_DFFE_PN0P_|hold12732|input10|place12264|place12265
0.439557	reset_n	core.keymem.key_mem[2][53]$_DFFE_PN0P_/RN	core.keymem.key_mem[2][53]$_DFFE_PN0P_|hold12732|input10|place12264|place12265
0.439564	reset_n	core.keymem.key_mem[2][29]$_DFFE_PN0P_/RN	core.keymem.key_mem[2][29]$_DFFE_PN0P_|hold12732|input10|place12264|place12265
0.439650	reset_n	core.keymem.key_mem[3][29]$_DFFE_PN0P_/RN	core.keymem.key_mem[3][29]$_DFFE_PN0P_|hold12732|input10|place12264|place12265
0.439836	reset_n	core.keymem.key_mem[0][29]$_DFFE_PN0P_/RN	core.keymem.key_mem[0][29]$_DFFE_PN0P_|hold12732|input10|place12264|place12265
0.440181	reset_n	core.keymem.key_mem[9][29]$_DFFE_PN0P_/RN	core.keymem.key_mem[9][29]$_DFFE_PN0P_|hold12732|input10|place12264|place12265
0.440299	reset_n	core.keymem.key_mem[5][29]$_DFFE_PN0P_/RN	core.keymem.key_mem[5][29]$_DFFE_PN0P_|hold12732|input10|place12264|place12265
0.440626	reset_n	core.keymem.key_mem[11][29]$_DFFE_PN0P_/RN	core.keymem.key_mem[11][29]$_DFFE_PN0P_|hold12732|input10|place12264|place12265
0.444469	reset_n	core.keymem.key_mem[6][11]$_DFFE_PN0P_/RN	core.keymem.key_mem[6][11]$_DFFE_PN0P_|hold12732|input10|place12296|place12298
0.444665	reset_n	core.keymem.key_mem[5][53]$_DFFE_PN0P_/RN	core.keymem.key_mem[5][53]$_DFFE_PN0P_|hold12732|input10|place12270|place12271
0.445859	reset_n	core.keymem.key_mem[13][15]$_DFFE_PN0P_/RN	core.keymem.key_mem[13][15]$_DFFE_PN0P_|hold12732|input10|place12296|place12298
0.445913	reset_n	core.keymem.key_mem[3][37]$_DFFE_PN0P_/RN	core.keymem.key_mem[3][37]$_DFFE_PN0P_|hold12732|input10|place12296|place12298
0.446087	reset_n	core.keymem.key_mem[7][15]$_DFFE_PN0P_/RN	core.keymem.key_mem[7][15]$_DFFE_PN0P_|hold12732|input10|place12296|place12298
0.446111	reset_n	core.keymem.key_mem[5][15]$_DFFE_PN0P_/RN	core.keymem.key_mem[5][15]$_DFFE_PN0P_|hold12732|input10|place12296|place12298
0.446608	reset_n	block_reg[2][8]$_DFFE_PN0P_/RN	block_reg[2][8]$_DFFE_PN0P_|hold12732|input10|place12323|place12329
0.446643	reset_n	block_reg[0][8]$_DFFE_PN0P_/RN	block_reg[0][8]$_DFFE_PN0P_|hold12732|input10|place12323|place12329
0.446670	reset_n	block_reg[1][8]$_DFFE_PN0P_/RN	block_reg[1][8]$_DFFE_PN0P_|hold12732|input10|place12323|place12329
0.446681	reset_n	block_reg[3][8]$_DFFE_PN0P_/RN	block_reg[3][8]$_DFFE_PN0P_|hold12732|input10|place12323|place12329
0.446757	reset_n	core.keymem.key_mem[1][11]$_DFFE_PN0P_/RN	core.keymem.key_mem[1][11]$_DFFE_PN0P_|hold12732|input10|place12296|place12298
0.446828	reset_n	core.keymem.key_mem[7][37]$_DFFE_PN0P_/RN	core.keymem.key_mem[7][37]$_DFFE_PN0P_|hold12732|input10|place12296|place12298
0.446842	reset_n	core.keymem.key_mem[3][11]$_DFFE_PN0P_/RN	core.keymem.key_mem[3][11]$_DFFE_PN0P_|hold12732|input10|place12296|place12298
0.446892	reset_n	core.keymem.key_mem[14][11]$_DFFE_PN0P_/RN	core.keymem.key_mem[14][11]$_DFFE_PN0P_|hold12732|input10|place12296|place12298
0.447253	reset_n	core.keymem.key_mem[2][11]$_DFFE_PN0P_/RN	core.keymem.key_mem[2][11]$_DFFE_PN0P_|hold12732|input10|place12296|place12298
0.447373	reset_n	core.keymem.key_mem[8][11]$_DFFE_PN0P_/RN	core.keymem.key_mem[8][11]$_DFFE_PN0P_|hold12732|input10|place12296|place12298
0.447592	reset_n	core.enc_block.block_w0_reg[8]$_DFFE_PN0P_/RN	core.enc_block.block_w0_reg[8]$_DFFE_PN0P_|hold12732|input10|place12323|place12329
0.447677	reset_n	core.enc_block.block_w0_reg[26]$_DFFE_PN0P_/RN	core.enc_block.block_w0_reg[26]$_DFFE_PN0P_|hold12732|input10|place12323|place12329
0.448018	reset_n	core.enc_block.block_w1_reg[26]$_DFFE_PN0P_/RN	core.enc_block.block_w1_reg[26]$_DFFE_PN0P_|hold12732|input10|place12323|place12329
0.448572	reset_n	core.keymem.key_mem[0][102]$_DFFE_PN0P_/RN	core.keymem.key_mem[0][102]$_DFFE_PN0P_|hold12732|input10|place12296|place12298
0.448641	reset_n	core.keymem.key_mem[7][11]$_DFFE_PN0P_/RN	core.keymem.key_mem[7][11]$_DFFE_PN0P_|hold12732|input10|place12296|place12298
0.449142	reset_n	core.keymem.key_mem[0][11]$_DFFE_PN0P_/RN	core.keymem.key_mem[0][11]$_DFFE_PN0P_|hold12732|input10|place12296|place12298
0.449545	reset_n	core.enc_block.block_w3_reg[26]$_DFFE_PN0P_/RN	core.enc_block.block_w3_reg[26]$_DFFE_PN0P_|hold12732|input10|place12323|place12329
0.449812	reset_n	core.keymem.key_mem[0][15]$_DFFE_PN0P_/RN	core.keymem.key_mem[0][15]$_DFFE_PN0P_|hold12732|input10|place12296|place12298
0.449939	reset_n	core.keymem.key_mem[0][110]$_DFFE_PN0P_/RN	core.keymem.key_mem[0][110]$_DFFE_PN0P_|hold12732|input10|place12296|place12298
0.449943	reset_n	key_reg[0][10]$_DFFE_PN0P_/RN	hold12732|input10|key_reg[0][10]$_DFFE_PN0P_|place12296|place12298
0.449980	reset_n	core.keymem.key_mem[0][123]$_DFFE_PN0P_/RN	core.keymem.key_mem[0][123]$_DFFE_PN0P_|hold12732|input10|place12296|place12298
0.450754	reset_n	core.keymem.key_mem[0][69]$_DFFE_PN0P_/RN	core.keymem.key_mem[0][69]$_DFFE_PN0P_|hold12732|input10|place12296|place12298
0.450805	reset_n	core.enc_block.block_w3_reg[3]$_DFFE_PN0P_/RN	core.enc_block.block_w3_reg[3]$_DFFE_PN0P_|hold12732|input10|place12323|place12329
0.450884	reset_n	core.enc_block.block_w2_reg[26]$_DFFE_PN0P_/RN	core.enc_block.block_w2_reg[26]$_DFFE_PN0P_|hold12732|input10|place12323|place12329
0.451737	reset_n	core.keymem.key_mem[6][29]$_DFFE_PN0P_/RN	core.keymem.key_mem[6][29]$_DFFE_PN0P_|hold12732|input10|place12264|place12265
0.451738	reset_n	block_reg[2][18]$_DFFE_PN0P_/RN	block_reg[2][18]$_DFFE_PN0P_|hold12732|input10|place12323|place12329
0.451823	reset_n	core.keymem.key_mem[7][29]$_DFFE_PN0P_/RN	core.keymem.key_mem[7][29]$_DFFE_PN0P_|hold12732|input10|place12264|place12265
0.451968	reset_n	core.keymem.key_mem[10][118]$_DFFE_PN0P_/RN	core.keymem.key_mem[10][118]$_DFFE_PN0P_|hold12732|input10|place12270|place12271
0.452388	reset_n	core.keymem.key_mem[3][118]$_DFFE_PN0P_/RN	core.keymem.key_mem[3][118]$_DFFE_PN0P_|hold12732|input10|place12270|place12271
0.452488	reset_n	core.keymem.key_mem[13][86]$_DFFE_PN0P_/RN	core.keymem.key_mem[13][86]$_DFFE_PN0P_|hold12732|input10|place12318|place12321|place12322
0.452540	reset_n	core.enc_block.block_w3_reg[25]$_DFFE_PN0P_/RN	core.enc_block.block_w3_reg[25]$_DFFE_PN0P_|hold12732|input10|place12323|place12329
0.452567	reset_n	core.keymem.key_mem[6][101]$_DFFE_PN0P_/RN	core.keymem.key_mem[6][101]$_DFFE_PN0P_|hold12732|input10|place12270|place12271
0.452598	reset_n	core.keymem.key_mem[3][101]$_DFFE_PN0P_/RN	core.keymem.key_mem[3][101]$_DFFE_PN0P_|hold12732|input10|place12270|place12271
0.452654	reset_n	core.keymem.key_mem[1][4]$_DFFE_PN0P_/RN	core.keymem.key_mem[1][4]$_DFFE_PN0P_|hold12732|input10|place12318|place12321|place12322
0.452659	reset_n	core.keymem.key_mem[2][101]$_DFFE_PN0P_/RN	core.keymem.key_mem[2][101]$_DFFE_PN0P_|hold12732|input10|place12270|place12271
0.452666	reset_n	core.keymem.key_mem[1][22]$_DFFE_PN0P_/RN	core.keymem.key_mem[1][22]$_DFFE_PN0P_|hold12732|input10|place12318|place12321|place12322
0.452667	reset_n	core.keymem.key_mem[0][12]$_DFFE_PN0P_/RN	core.keymem.key_mem[0][12]$_DFFE_PN0P_|hold12732|input10|place12318|place12321|place12322
0.452679	reset_n	core.keymem.key_mem[4][101]$_DFFE_PN0P_/RN	core.keymem.key_mem[4][101]$_DFFE_PN0P_|hold12732|input10|place12270|place12271
0.452764	reset_n	core.keymem.key_mem[2][38]$_DFFE_PN0P_/RN	core.keymem.key_mem[2][38]$_DFFE_PN0P_|hold12732|input10|place12270|place12271
0.452788	reset_n	block_reg[0][18]$_DFFE_PN0P_/RN	block_reg[0][18]$_DFFE_PN0P_|hold12732|input10|place12323|place12329
0.452968	reset_n	core.keymem.key_mem[14][22]$_DFFE_PN0P_/RN	core.keymem.key_mem[14][22]$_DFFE_PN0P_|hold12732|input10|place12318|place12321|place12322
0.452980	reset_n	core.keymem.key_mem[10][22]$_DFFE_PN0P_/RN	core.keymem.key_mem[10][22]$_DFFE_PN0P_|hold12732|input10|place12319|place12321|place12322
0.453098	reset_n	core.keymem.key_mem[11][22]$_DFFE_PN0P_/RN	core.keymem.key_mem[11][22]$_DFFE_PN0P_|hold12732|input10|place12319|place12321|place12322
0.453149	reset_n	core.keymem.prev_key0_reg[22]$_DFFE_PN0P_/RN	core.keymem.prev_key0_reg[22]$_DFFE_PN0P_|hold12732|input10|place12318|place12321|place12322
0.453184	reset_n	core.keymem.key_mem[5][102]$_DFFE_PN0P_/RN	core.keymem.key_mem[5][102]$_DFFE_PN0P_|hold12732|input10|place12270|place12271
0.453225	reset_n	core.keymem.key_mem[14][38]$_DFFE_PN0P_/RN	core.keymem.key_mem[14][38]$_DFFE_PN0P_|hold12732|input10|place12270|place12271
0.453239	reset_n	core.keymem.key_mem[8][29]$_DFFE_PN0P_/RN	core.keymem.key_mem[8][29]$_DFFE_PN0P_|hold12732|input10|place12264|place12265
0.453247	reset_n	core.keymem.key_mem[3][102]$_DFFE_PN0P_/RN	core.keymem.key_mem[3][102]$_DFFE_PN0P_|hold12732|input10|place12270|place12271
0.453263	reset_n	core.keymem.key_mem[3][22]$_DFFE_PN0P_/RN	core.keymem.key_mem[3][22]$_DFFE_PN0P_|hold12732|input10|place12318|place12321|place12322
0.453270	reset_n	core.keymem.key_mem[7][22]$_DFFE_PN0P_/RN	core.keymem.key_mem[7][22]$_DFFE_PN0P_|hold12732|input10|place12319|place12321|place12322
0.453295	reset_n	core.keymem.key_mem[5][101]$_DFFE_PN0P_/RN	core.keymem.key_mem[5][101]$_DFFE_PN0P_|hold12732|input10|place12270|place12271
0.453376	reset_n	core.enc_block.block_w2_reg[25]$_DFFE_PN0P_/RN	core.enc_block.block_w2_reg[25]$_DFFE_PN0P_|hold12732|input10|place12323|place12329
0.453448	reset_n	core.keymem.key_mem[12][22]$_DFFE_PN0P_/RN	core.keymem.key_mem[12][22]$_DFFE_PN0P_|hold12732|input10|place12319|place12321|place12322
0.453451	reset_n	core.keymem.key_mem[2][22]$_DFFE_PN0P_/RN	core.keymem.key_mem[2][22]$_DFFE_PN0P_|hold12732|input10|place12319|place12321|place12322
0.453540	reset_n	core.keymem.key_mem[3][92]$_DFFE_PN0P_/RN	core.keymem.key_mem[3][92]$_DFFE_PN0P_|hold12732|input10|place12319|place12321|place12322
0.453576	reset_n	core.keymem.key_mem[6][22]$_DFFE_PN0P_/RN	core.keymem.key_mem[6][22]$_DFFE_PN0P_|hold12732|input10|place12318|place12321|place12322
0.453621	reset_n	core.keymem.key_mem[0][22]$_DFFE_PN0P_/RN	core.keymem.key_mem[0][22]$_DFFE_PN0P_|hold12732|input10|place12318|place12321|place12322
0.453672	reset_n	core.keymem.key_mem[9][22]$_DFFE_PN0P_/RN	core.keymem.key_mem[9][22]$_DFFE_PN0P_|hold12732|input10|place12318|place12321|place12322
0.453772	reset_n	core.keymem.key_mem[13][12]$_DFFE_PN0P_/RN	core.keymem.key_mem[13][12]$_DFFE_PN0P_|hold12732|input10|place12319|place12321|place12322
0.453837	reset_n	core.keymem.key_mem[5][58]$_DFFE_PN0P_/RN	core.keymem.key_mem[5][58]$_DFFE_PN0P_|hold12732|input10|place12264|place12265
0.453895	reset_n	core.keymem.key_mem[3][38]$_DFFE_PN0P_/RN	core.keymem.key_mem[3][38]$_DFFE_PN0P_|hold12732|input10|place12270|place12271
0.453938	reset_n	core.keymem.key_mem[7][117]$_DFFE_PN0P_/RN	core.keymem.key_mem[7][117]$_DFFE_PN0P_|hold12732|input10|place12319|place12321|place12322
0.453962	reset_n	core.keymem.key_mem[4][29]$_DFFE_PN0P_/RN	core.keymem.key_mem[4][29]$_DFFE_PN0P_|hold12732|input10|place12264|place12265
0.453969	reset_n	core.keymem.key_mem[4][22]$_DFFE_PN0P_/RN	core.keymem.key_mem[4][22]$_DFFE_PN0P_|hold12732|input10|place12318|place12321|place12322
0.454029	reset_n	core.keymem.key_mem[0][54]$_DFFE_PN0P_/RN	core.keymem.key_mem[0][54]$_DFFE_PN0P_|hold12732|input10|place12318|place12321|place12322
0.454129	reset_n	core.keymem.key_mem[13][22]$_DFFE_PN0P_/RN	core.keymem.key_mem[13][22]$_DFFE_PN0P_|hold12732|input10|place12319|place12321|place12322
0.454560	reset_n	core.keymem.key_mem[13][38]$_DFFE_PN0P_/RN	core.keymem.key_mem[13][38]$_DFFE_PN0P_|hold12732|input10|place12270|place12271
0.454601	reset_n	core.keymem.key_mem[11][53]$_DFFE_PN0P_/RN	core.keymem.key_mem[11][53]$_DFFE_PN0P_|hold12732|input10|place12270|place12271
0.454656	reset_n	core.keymem.key_mem[7][53]$_DFFE_PN0P_/RN	core.keymem.key_mem[7][53]$_DFFE_PN0P_|hold12732|input10|place12270|place12271
0.455398	reset_n	core.keymem.key_mem[1][33]$_DFFE_PN0P_/RN	core.keymem.key_mem[1][33]$_DFFE_PN0P_|hold12732|input10|place12270|place12271
0.455932	reset_n	core.keymem.key_mem[6][126]$_DFFE_PN0P_/RN	core.keymem.key_mem[6][126]$_DFFE_PN0P_|hold12732|input10|place12270|place12271
0.456176	reset_n	core.keymem.key_mem[5][126]$_DFFE_PN0P_/RN	core.keymem.key_mem[5][126]$_DFFE_PN0P_|hold12732|input10|place12270|place12271
0.456246	reset_n	core.keymem.key_mem[7][126]$_DFFE_PN0P_/RN	core.keymem.key_mem[7][126]$_DFFE_PN0P_|hold12732|input10|place12270|place12271
0.456351	reset_n	block_reg[0][26]$_DFFE_PN0P_/RN	block_reg[0][26]$_DFFE_PN0P_|hold12732|input10|place12323|place12329
0.456433	reset_n	block_reg[0][3]$_DFFE_PN0P_/RN	block_reg[0][3]$_DFFE_PN0P_|hold12732|input10|place12323|place12329
0.456456	reset_n	block_reg[2][24]$_DFFE_PN0P_/RN	block_reg[2][24]$_DFFE_PN0P_|hold12732|input10|place12323|place12329
0.456511	reset_n	block_reg[0][24]$_DFFE_PN0P_/RN	block_reg[0][24]$_DFFE_PN0P_|hold12732|input10|place12323|place12329
0.456577	reset_n	block_reg[3][7]$_DFFE_PN0P_/RN	block_reg[3][7]$_DFFE_PN0P_|hold12732|input10|place12323|place12329
0.456767	reset_n	core.keymem.key_mem[6][41]$_DFFE_PN0P_/RN	core.keymem.key_mem[6][41]$_DFFE_PN0P_|hold12732|input10|place12310|place12311|place12322
0.456910	reset_n	core.keymem.key_mem[13][41]$_DFFE_PN0P_/RN	core.keymem.key_mem[13][41]$_DFFE_PN0P_|hold12732|input10|place12310|place12311|place12322
0.456915	reset_n	core.keymem.key_mem[2][41]$_DFFE_PN0P_/RN	core.keymem.key_mem[2][41]$_DFFE_PN0P_|hold12732|input10|place12310|place12311|place12322
0.457221	reset_n	core.keymem.key_mem[0][111]$_DFFE_PN0P_/RN	core.keymem.key_mem[0][111]$_DFFE_PN0P_|hold12732|input10|place12270|place12271
0.457416	reset_n	core.keymem.key_mem[4][41]$_DFFE_PN0P_/RN	core.keymem.key_mem[4][41]$_DFFE_PN0P_|hold12732|input10|place12310|place12311|place12322
0.457511	reset_n	core.keymem.key_mem[10][41]$_DFFE_PN0P_/RN	core.keymem.key_mem[10][41]$_DFFE_PN0P_|hold12732|input10|place12310|place12311|place12322
0.457586	reset_n	core.keymem.prev_key1_reg[52]$_DFFE_PN0P_/RN	core.keymem.prev_key1_reg[52]$_DFFE_PN0P_|hold12732|input10|place12307|place12311|place12322
0.457731	reset_n	key_reg[6][20]$_DFFE_PN0P_/RN	hold12732|input10|key_reg[6][20]$_DFFE_PN0P_|place12307|place12311|place12322
0.458074	reset_n	core.keymem.key_mem[3][41]$_DFFE_PN0P_/RN	core.keymem.key_mem[3][41]$_DFFE_PN0P_|hold12732|input10|place12310|place12311|place12322
0.458344	reset_n	core.keymem.key_mem[9][41]$_DFFE_PN0P_/RN	core.keymem.key_mem[9][41]$_DFFE_PN0P_|hold12732|input10|place12310|place12311|place12322
0.458380	reset_n	core.keymem.key_mem[6][104]$_DFFE_PN0P_/RN	core.keymem.key_mem[6][104]$_DFFE_PN0P_|hold12732|input10|place12307|place12311|place12322
0.458418	reset_n	core.keymem.key_mem[14][104]$_DFFE_PN0P_/RN	core.keymem.key_mem[14][104]$_DFFE_PN0P_|hold12732|input10|place12307|place12311|place12322
0.458447	reset_n	core.keymem.key_mem[9][104]$_DFFE_PN0P_/RN	core.keymem.key_mem[9][104]$_DFFE_PN0P_|hold12732|input10|place12307|place12311|place12322
0.458494	reset_n	core.keymem.key_mem[1][41]$_DFFE_PN0P_/RN	core.keymem.key_mem[1][41]$_DFFE_PN0P_|hold12732|input10|place12310|place12311|place12322
0.458681	reset_n	core.keymem.key_mem[11][104]$_DFFE_PN0P_/RN	core.keymem.key_mem[11][104]$_DFFE_PN0P_|hold12732|input10|place12307|place12311|place12322
0.458698	reset_n	core.keymem.key_mem[12][52]$_DFFE_PN0P_/RN	core.keymem.key_mem[12][52]$_DFFE_PN0P_|hold12732|input10|place12310|place12311|place12322
0.458739	reset_n	core.keymem.key_mem[12][41]$_DFFE_PN0P_/RN	core.keymem.key_mem[12][41]$_DFFE_PN0P_|hold12732|input10|place12310|place12311|place12322
0.458810	reset_n	core.keymem.key_mem[11][41]$_DFFE_PN0P_/RN	core.keymem.key_mem[11][41]$_DFFE_PN0P_|hold12732|input10|place12310|place12311|place12322
0.458860	reset_n	core.keymem.key_mem[1][84]$_DFFE_PN0P_/RN	core.keymem.key_mem[1][84]$_DFFE_PN0P_|hold12732|input10|place12310|place12311|place12322
0.458958	reset_n	core.keymem.key_mem[12][84]$_DFFE_PN0P_/RN	core.keymem.key_mem[12][84]$_DFFE_PN0P_|hold12732|input10|place12310|place12311|place12322
0.459084	reset_n	core.keymem.key_mem[12][69]$_DFFE_PN0P_/RN	core.keymem.key_mem[12][69]$_DFFE_PN0P_|hold12732|input10|place12273|place12275
0.459177	reset_n	core.keymem.key_mem[3][84]$_DFFE_PN0P_/RN	core.keymem.key_mem[3][84]$_DFFE_PN0P_|hold12732|input10|place12310|place12311|place12322
0.459181	reset_n	core.keymem.key_mem[3][69]$_DFFE_PN0P_/RN	core.keymem.key_mem[3][69]$_DFFE_PN0P_|hold12732|input10|place12273|place12275
0.459181	reset_n	core.keymem.key_mem[5][84]$_DFFE_PN0P_/RN	core.keymem.key_mem[5][84]$_DFFE_PN0P_|hold12732|input10|place12310|place12311|place12322
0.459241	reset_n	core.keymem.key_mem[10][84]$_DFFE_PN0P_/RN	core.keymem.key_mem[10][84]$_DFFE_PN0P_|hold12732|input10|place12310|place12311|place12322
0.459242	reset_n	core.keymem.key_mem[9][52]$_DFFE_PN0P_/RN	core.keymem.key_mem[9][52]$_DFFE_PN0P_|hold12732|input10|place12310|place12311|place12322
0.459307	reset_n	core.keymem.key_mem[5][52]$_DFFE_PN0P_/RN	core.keymem.key_mem[5][52]$_DFFE_PN0P_|hold12732|input10|place12310|place12311|place12322
0.459509	reset_n	core.keymem.key_mem[11][61]$_DFFE_PN0P_/RN	core.keymem.key_mem[11][61]$_DFFE_PN0P_|hold12732|input10|place12273|place12275
0.459513	reset_n	core.keymem.key_mem[13][61]$_DFFE_PN0P_/RN	core.keymem.key_mem[13][61]$_DFFE_PN0P_|hold12732|input10|place12273|place12275
0.459633	reset_n	core.keymem.key_mem[1][52]$_DFFE_PN0P_/RN	core.keymem.key_mem[1][52]$_DFFE_PN0P_|hold12732|input10|place12310|place12311|place12322
0.459684	reset_n	core.keymem.key_mem[4][82]$_DFFE_PN0P_/RN	core.keymem.key_mem[4][82]$_DFFE_PN0P_|hold12732|input10|place12310|place12311|place12322
0.459784	reset_n	core.keymem.key_mem[9][82]$_DFFE_PN0P_/RN	core.keymem.key_mem[9][82]$_DFFE_PN0P_|hold12732|input10|place12310|place12311|place12322
0.459795	reset_n	core.keymem.key_mem[11][52]$_DFFE_PN0P_/RN	core.keymem.key_mem[11][52]$_DFFE_PN0P_|hold12732|input10|place12310|place12311|place12322
0.459812	reset_n	core.keymem.key_mem[8][84]$_DFFE_PN0P_/RN	core.keymem.key_mem[8][84]$_DFFE_PN0P_|hold12732|input10|place12310|place12311|place12322
0.459821	reset_n	core.keymem.key_mem[12][82]$_DFFE_PN0P_/RN	core.keymem.key_mem[12][82]$_DFFE_PN0P_|hold12732|input10|place12310|place12311|place12322
0.459842	reset_n	core.keymem.key_mem[11][84]$_DFFE_PN0P_/RN	core.keymem.key_mem[11][84]$_DFFE_PN0P_|hold12732|input10|place12310|place12311|place12322
0.459986	reset_n	core.keymem.key_mem[3][52]$_DFFE_PN0P_/RN	core.keymem.key_mem[3][52]$_DFFE_PN0P_|hold12732|input10|place12310|place12311|place12322
0.460014	reset_n	core.keymem.key_mem[5][41]$_DFFE_PN0P_/RN	core.keymem.key_mem[5][41]$_DFFE_PN0P_|hold12732|input10|place12310|place12311|place12322
0.460019	reset_n	core.keymem.key_mem[8][41]$_DFFE_PN0P_/RN	core.keymem.key_mem[8][41]$_DFFE_PN0P_|hold12732|input10|place12310|place12311|place12322
0.460196	reset_n	core.keymem.key_mem[14][84]$_DFFE_PN0P_/RN	core.keymem.key_mem[14][84]$_DFFE_PN0P_|hold12732|input10|place12310|place12311|place12322
0.460213	reset_n	core.keymem.key_mem[6][52]$_DFFE_PN0P_/RN	core.keymem.key_mem[6][52]$_DFFE_PN0P_|hold12732|input10|place12310|place12311|place12322
0.460624	reset_n	core.keymem.key_mem[9][36]$_DFFE_PN0P_/RN	core.keymem.key_mem[9][36]$_DFFE_PN0P_|hold12732|input10|place12307|place12311|place12322
0.460853	reset_n	core.keymem.key_mem[9][68]$_DFFE_PN0P_/RN	core.keymem.key_mem[9][68]$_DFFE_PN0P_|hold12732|input10|place12307|place12311|place12322
0.461032	reset_n	core.keymem.key_mem[5][36]$_DFFE_PN0P_/RN	core.keymem.key_mem[5][36]$_DFFE_PN0P_|hold12732|input10|place12307|place12311|place12322
0.461114	reset_n	core.keymem.key_mem[12][36]$_DFFE_PN0P_/RN	core.keymem.key_mem[12][36]$_DFFE_PN0P_|hold12732|input10|place12307|place12311|place12322
0.461145	reset_n	core.keymem.key_mem[6][68]$_DFFE_PN0P_/RN	core.keymem.key_mem[6][68]$_DFFE_PN0P_|hold12732|input10|place12307|place12311|place12322
0.461182	reset_n	core.keymem.key_mem[5][104]$_DFFE_PN0P_/RN	core.keymem.key_mem[5][104]$_DFFE_PN0P_|hold12732|input10|place12307|place12311|place12322
0.461209	reset_n	core.keymem.key_mem[1][104]$_DFFE_PN0P_/RN	core.keymem.key_mem[1][104]$_DFFE_PN0P_|hold12732|input10|place12307|place12311|place12322
0.461315	reset_n	core.keymem.key_mem[12][104]$_DFFE_PN0P_/RN	core.keymem.key_mem[12][104]$_DFFE_PN0P_|hold12732|input10|place12307|place12311|place12322
0.461329	reset_n	core.keymem.key_mem[5][108]$_DFFE_PN0P_/RN	core.keymem.key_mem[5][108]$_DFFE_PN0P_|hold12732|input10|place12307|place12311|place12322
0.461380	reset_n	core.keymem.key_mem[1][117]$_DFFE_PN0P_/RN	core.keymem.key_mem[1][117]$_DFFE_PN0P_|hold12732|input10|place12320|place12321|place12322
0.461390	reset_n	core.keymem.key_mem[2][52]$_DFFE_PN0P_/RN	core.keymem.key_mem[2][52]$_DFFE_PN0P_|hold12732|input10|place12310|place12311|place12322
0.461405	reset_n	core.keymem.key_mem[12][108]$_DFFE_PN0P_/RN	core.keymem.key_mem[12][108]$_DFFE_PN0P_|hold12732|input10|place12307|place12311|place12322
0.461475	reset_n	core.keymem.key_mem[4][104]$_DFFE_PN0P_/RN	core.keymem.key_mem[4][104]$_DFFE_PN0P_|hold12732|input10|place12307|place12311|place12322
0.461574	reset_n	core.keymem.key_mem[14][52]$_DFFE_PN0P_/RN	core.keymem.key_mem[14][52]$_DFFE_PN0P_|hold12732|input10|place12310|place12311|place12322
0.461581	reset_n	core.keymem.prev_key0_reg[8]$_DFFE_PN0P_/RN	core.keymem.prev_key0_reg[8]$_DFFE_PN0P_|hold12732|input10|place12313|place12321|place12322
0.461584	reset_n	key_reg[6][8]$_DFFE_PN0P_/RN	hold12732|input10|key_reg[6][8]$_DFFE_PN0P_|place12313|place12321|place12322
0.461632	reset_n	core.keymem.key_mem[9][100]$_DFFE_PN0P_/RN	core.keymem.key_mem[9][100]$_DFFE_PN0P_|hold12732|input10|place12307|place12311|place12322
0.461661	reset_n	core.keymem.key_mem[1][115]$_DFFE_PN0P_/RN	core.keymem.key_mem[1][115]$_DFFE_PN0P_|hold12732|input10|place12320|place12321|place12322
0.461722	reset_n	core.keymem.prev_key1_reg[8]$_DFFE_PN0P_/RN	core.keymem.prev_key1_reg[8]$_DFFE_PN0P_|hold12732|input10|place12313|place12321|place12322
0.461740	reset_n	core.keymem.key_mem[8][52]$_DFFE_PN0P_/RN	core.keymem.key_mem[8][52]$_DFFE_PN0P_|hold12732|input10|place12310|place12311|place12322
0.461790	reset_n	core.keymem.key_mem[4][52]$_DFFE_PN0P_/RN	core.keymem.key_mem[4][52]$_DFFE_PN0P_|hold12732|input10|place12310|place12311|place12322
0.461923	reset_n	core.keymem.key_mem[8][100]$_DFFE_PN0P_/RN	core.keymem.key_mem[8][100]$_DFFE_PN0P_|hold12732|input10|place12307|place12311|place12322
0.461936	reset_n	core.keymem.key_mem[1][69]$_DFFE_PN0P_/RN	core.keymem.key_mem[1][69]$_DFFE_PN0P_|hold12732|input10|place12273|place12275
0.462003	reset_n	core.keymem.key_mem[9][69]$_DFFE_PN0P_/RN	core.keymem.key_mem[9][69]$_DFFE_PN0P_|hold12732|input10|place12273|place12275
0.462034	reset_n	core.keymem.key_mem[5][72]$_DFFE_PN0P_/RN	core.keymem.key_mem[5][72]$_DFFE_PN0P_|hold12732|input10|place12273|place12275
0.462064	reset_n	core.enc_block.block_w3_reg[31]$_DFFE_PN0P_/RN	core.enc_block.block_w3_reg[31]$_DFFE_PN0P_|hold12732|input10|place12276|place12282
0.462080	reset_n	core.keymem.key_mem[7][27]$_DFFE_PN0P_/RN	core.keymem.key_mem[7][27]$_DFFE_PN0P_|hold12732|input10|place12267|place12271
0.462141	reset_n	core.keymem.key_mem[4][27]$_DFFE_PN0P_/RN	core.keymem.key_mem[4][27]$_DFFE_PN0P_|hold12732|input10|place12267|place12271
0.462172	reset_n	core.keymem.key_mem[11][69]$_DFFE_PN0P_/RN	core.keymem.key_mem[11][69]$_DFFE_PN0P_|hold12732|input10|place12273|place12275
0.462178	reset_n	core.keymem.prev_key0_reg[118]$_DFFE_PN0P_/RN	core.keymem.prev_key0_reg[118]$_DFFE_PN0P_|hold12732|input10|place12314|place12321|place12322
0.462199	reset_n	core.enc_block.block_w3_reg[11]$_DFFE_PN0P_/RN	core.enc_block.block_w3_reg[11]$_DFFE_PN0P_|hold12732|input10|place12281|place12282
0.462208	reset_n	key_reg[1][21]$_DFFE_PN0P_/RN	hold12732|input10|key_reg[1][21]$_DFFE_PN0P_|place12314|place12321|place12322
0.462246	reset_n	block_reg[1][11]$_DFFE_PN0P_/RN	block_reg[1][11]$_DFFE_PN0P_|hold12732|input10|place12281|place12282
0.462249	reset_n	core.keymem.key_mem[1][114]$_DFFE_PN0P_/RN	core.keymem.key_mem[1][114]$_DFFE_PN0P_|hold12732|input10|place12258|place12262
0.462276	reset_n	core.keymem.key_mem[3][27]$_DFFE_PN0P_/RN	core.keymem.key_mem[3][27]$_DFFE_PN0P_|hold12732|input10|place12267|place12271
0.462292	reset_n	core.keymem.key_mem[8][114]$_DFFE_PN0P_/RN	core.keymem.key_mem[8][114]$_DFFE_PN0P_|hold12732|input10|place12258|place12262
0.462312	reset_n	key_reg[0][21]$_DFFE_PN0P_/RN	hold12732|input10|key_reg[0][21]$_DFFE_PN0P_|place12314|place12321|place12322
0.462317	reset_n	core.enc_block.block_w2_reg[3]$_DFFE_PN0P_/RN	core.enc_block.block_w2_reg[3]$_DFFE_PN0P_|hold12732|input10|place12281|place12282
0.462318	reset_n	core.enc_block.block_w0_reg[15]$_DFFE_PN0P_/RN	core.enc_block.block_w0_reg[15]$_DFFE_PN0P_|hold12732|input10|place12276|place12282
0.462362	reset_n	core.keymem.key_mem[5][115]$_DFFE_PN0P_/RN	core.keymem.key_mem[5][115]$_DFFE_PN0P_|hold12732|input10|place12320|place12321|place12322
0.462394	reset_n	core.keymem.key_mem[6][13]$_DFFE_PN0P_/RN	core.keymem.key_mem[6][13]$_DFFE_PN0P_|hold12732|input10|place12267|place12271
0.462416	reset_n	core.keymem.prev_key0_reg[19]$_DFFE_PN0P_/RN	core.keymem.prev_key0_reg[19]$_DFFE_PN0P_|hold12732|input10|place12313|place12321|place12322
0.462428	reset_n	core.enc_block.block_w1_reg[16]$_DFFE_PN0P_/RN	core.enc_block.block_w1_reg[16]$_DFFE_PN0P_|hold12732|input10|place12276|place12282
0.462453	reset_n	core.keymem.key_mem[4][114]$_DFFE_PN0P_/RN	core.keymem.key_mem[4][114]$_DFFE_PN0P_|hold12732|input10|place12258|place12262
0.462478	reset_n	core.keymem.key_mem[11][13]$_DFFE_PN0P_/RN	core.keymem.key_mem[11][13]$_DFFE_PN0P_|hold12732|input10|place12267|place12271
0.462483	reset_n	core.keymem.key_mem[9][114]$_DFFE_PN0P_/RN	core.keymem.key_mem[9][114]$_DFFE_PN0P_|hold12732|input10|place12258|place12262
0.462497	reset_n	core.keymem.prev_key1_reg[85]$_DFFE_PN0P_/RN	core.keymem.prev_key1_reg[85]$_DFFE_PN0P_|hold12732|input10|place12314|place12321|place12322
0.462514	reset_n	core.keymem.key_mem[10][68]$_DFFE_PN0P_/RN	core.keymem.key_mem[10][68]$_DFFE_PN0P_|hold12732|input10|place12307|place12311|place12322
0.462542	reset_n	core.enc_block.block_w3_reg[16]$_DFFE_PN0P_/RN	core.enc_block.block_w3_reg[16]$_DFFE_PN0P_|hold12732|input10|place12276|place12282
0.462549	reset_n	block_reg[2][27]$_DFFE_PN0P_/RN	block_reg[2][27]$_DFFE_PN0P_|hold12732|input10|place12276|place12282
0.462555	reset_n	core.keymem.key_mem[6][27]$_DFFE_PN0P_/RN	core.keymem.key_mem[6][27]$_DFFE_PN0P_|hold12732|input10|place12267|place12271
0.462556	reset_n	core.keymem.key_mem[3][68]$_DFFE_PN0P_/RN	core.keymem.key_mem[3][68]$_DFFE_PN0P_|hold12732|input10|place12307|place12311|place12322
0.462563	reset_n	key_reg[4][22]$_DFFE_PN0P_/RN	hold12732|input10|key_reg[4][22]$_DFFE_PN0P_|place12313|place12321|place12322
0.462602	reset_n	core.keymem.prev_key0_reg[86]$_DFFE_PN0P_/RN	core.keymem.prev_key0_reg[86]$_DFFE_PN0P_|hold12732|input10|place12313|place12321|place12322
0.462605	reset_n	core.keymem.key_mem[13][93]$_DFFE_PN0P_/RN	core.keymem.key_mem[13][93]$_DFFE_PN0P_|hold12732|input10|place12295|place12298
0.462625	reset_n	core.keymem.key_mem[8][93]$_DFFE_PN0P_/RN	core.keymem.key_mem[8][93]$_DFFE_PN0P_|hold12732|input10|place12295|place12298
0.462632	reset_n	core.keymem.key_mem[1][27]$_DFFE_PN0P_/RN	core.keymem.key_mem[1][27]$_DFFE_PN0P_|hold12732|input10|place12267|place12271
0.462673	reset_n	core.keymem.key_mem[8][104]$_DFFE_PN0P_/RN	core.keymem.key_mem[8][104]$_DFFE_PN0P_|hold12732|input10|place12307|place12311|place12322
0.462679	reset_n	core.enc_block.block_w3_reg[17]$_DFFE_PN0P_/RN	core.enc_block.block_w3_reg[17]$_DFFE_PN0P_|hold12732|input10|place12281|place12282
0.462701	reset_n	core.keymem.key_mem[0][117]$_DFFE_PN0P_/RN	core.keymem.key_mem[0][117]$_DFFE_PN0P_|hold12732|input10|place12313|place12321|place12322
0.462710	reset_n	core.keymem.key_mem[2][104]$_DFFE_PN0P_/RN	core.keymem.key_mem[2][104]$_DFFE_PN0P_|hold12732|input10|place12307|place12311|place12322
0.462757	reset_n	core.enc_block.block_w3_reg[18]$_DFFE_PN0P_/RN	core.enc_block.block_w3_reg[18]$_DFFE_PN0P_|hold12732|input10|place12281|place12282
0.462767	reset_n	core.enc_block.block_w2_reg[18]$_DFFE_PN0P_/RN	core.enc_block.block_w2_reg[18]$_DFFE_PN0P_|hold12732|input10|place12281|place12282
0.462768	reset_n	core.keymem.key_mem[5][93]$_DFFE_PN0P_/RN	core.keymem.key_mem[5][93]$_DFFE_PN0P_|hold12732|input10|place12295|place12298
0.462777	reset_n	key_reg[3][19]$_DFFE_PN0P_/RN	hold12732|input10|key_reg[3][19]$_DFFE_PN0P_|place12313|place12321|place12322
0.462781	reset_n	core.keymem.key_mem[10][93]$_DFFE_PN0P_/RN	core.keymem.key_mem[10][93]$_DFFE_PN0P_|hold12732|input10|place12295|place12298
0.462856	reset_n	core.keymem.key_mem[10][91]$_DFFE_PN0P_/RN	core.keymem.key_mem[10][91]$_DFFE_PN0P_|hold12732|input10|place12295|place12298
0.462897	reset_n	core.enc_block.block_w2_reg[6]$_DFFE_PN0P_/RN	core.enc_block.block_w2_reg[6]$_DFFE_PN0P_|hold12732|input10|place12276|place12282
0.462952	reset_n	core.keymem.key_mem[6][108]$_DFFE_PN0P_/RN	core.keymem.key_mem[6][108]$_DFFE_PN0P_|hold12732|input10|place12307|place12311|place12322
0.462998	reset_n	core.keymem.key_mem[6][91]$_DFFE_PN0P_/RN	core.keymem.key_mem[6][91]$_DFFE_PN0P_|hold12732|input10|place12295|place12298
0.463091	reset_n	core.keymem.key_mem[12][93]$_DFFE_PN0P_/RN	core.keymem.key_mem[12][93]$_DFFE_PN0P_|hold12732|input10|place12295|place12298
0.463122	reset_n	core.keymem.key_mem[2][84]$_DFFE_PN0P_/RN	core.keymem.key_mem[2][84]$_DFFE_PN0P_|hold12732|input10|place12310|place12311|place12322
0.463145	reset_n	core.keymem.key_mem[6][93]$_DFFE_PN0P_/RN	core.keymem.key_mem[6][93]$_DFFE_PN0P_|hold12732|input10|place12295|place12298
0.463150	reset_n	core.keymem.key_mem[7][104]$_DFFE_PN0P_/RN	core.keymem.key_mem[7][104]$_DFFE_PN0P_|hold12732|input10|place12307|place12311|place12322
0.463164	reset_n	core.enc_block.block_w1_reg[11]$_DFFE_PN0P_/RN	core.enc_block.block_w1_reg[11]$_DFFE_PN0P_|hold12732|input10|place12281|place12282
0.463169	reset_n	core.keymem.key_mem[14][93]$_DFFE_PN0P_/RN	core.keymem.key_mem[14][93]$_DFFE_PN0P_|hold12732|input10|place12295|place12298
0.463198	reset_n	core.keymem.key_mem[8][90]$_DFFE_PN0P_/RN	core.keymem.key_mem[8][90]$_DFFE_PN0P_|hold12732|input10|place12314|place12321|place12322
0.463312	reset_n	core.keymem.key_mem[4][90]$_DFFE_PN0P_/RN	core.keymem.key_mem[4][90]$_DFFE_PN0P_|hold12732|input10|place12314|place12321|place12322
0.463331	reset_n	core.keymem.key_mem[10][112]$_DFFE_PN0P_/RN	core.keymem.key_mem[10][112]$_DFFE_PN0P_|hold12732|input10|place12308|place12311|place12322
0.463353	reset_n	core.keymem.key_mem[7][112]$_DFFE_PN0P_/RN	core.keymem.key_mem[7][112]$_DFFE_PN0P_|hold12732|input10|place12308|place12311|place12322
0.463371	reset_n	key_reg[6][22]$_DFFE_PN0P_/RN	hold12732|input10|key_reg[6][22]$_DFFE_PN0P_|place12314|place12321|place12322
0.463381	reset_n	core.enc_block.block_w1_reg[8]$_DFFE_PN0P_/RN	core.enc_block.block_w1_reg[8]$_DFFE_PN0P_|hold12732|input10|place12281|place12282
0.463395	reset_n	core.keymem.key_mem[0][114]$_DFFE_PN0P_/RN	core.keymem.key_mem[0][114]$_DFFE_PN0P_|hold12732|input10|place12258|place12262
0.463430	reset_n	core.enc_block.block_w3_reg[8]$_DFFE_PN0P_/RN	core.enc_block.block_w3_reg[8]$_DFFE_PN0P_|hold12732|input10|place12281|place12282
0.463463	reset_n	core.keymem.key_mem[6][112]$_DFFE_PN0P_/RN	core.keymem.key_mem[6][112]$_DFFE_PN0P_|hold12732|input10|place12308|place12311|place12322
0.463485	reset_n	core.keymem.key_mem[12][90]$_DFFE_PN0P_/RN	core.keymem.key_mem[12][90]$_DFFE_PN0P_|hold12732|input10|place12314|place12321|place12322
0.463488	reset_n	core.keymem.key_mem[5][24]$_DFFE_PN0P_/RN	core.keymem.key_mem[5][24]$_DFFE_PN0P_|hold12732|input10|place12295|place12298
0.463526	reset_n	core.keymem.key_mem[9][112]$_DFFE_PN0P_/RN	core.keymem.key_mem[9][112]$_DFFE_PN0P_|hold12732|input10|place12308|place12311|place12322
0.463551	reset_n	core.keymem.key_mem[1][90]$_DFFE_PN0P_/RN	core.keymem.key_mem[1][90]$_DFFE_PN0P_|hold12732|input10|place12320|place12321|place12322
0.463617	reset_n	core.keymem.key_mem[2][65]$_DFFE_PN0P_/RN	core.keymem.key_mem[2][65]$_DFFE_PN0P_|hold12732|input10|place12258|place12262
0.463617	reset_n	core.keymem.key_mem[4][112]$_DFFE_PN0P_/RN	core.keymem.key_mem[4][112]$_DFFE_PN0P_|hold12732|input10|place12308|place12311|place12322
0.463633	reset_n	core.keymem.key_mem[9][27]$_DFFE_PN0P_/RN	core.keymem.key_mem[9][27]$_DFFE_PN0P_|hold12732|input10|place12267|place12271
0.463744	reset_n	core.keymem.key_mem[1][108]$_DFFE_PN0P_/RN	core.keymem.key_mem[1][108]$_DFFE_PN0P_|hold12732|input10|place12307|place12311|place12322
0.463760	reset_n	core.keymem.key_mem[13][100]$_DFFE_PN0P_/RN	core.keymem.key_mem[13][100]$_DFFE_PN0P_|hold12732|input10|place12308|place12311|place12322
0.463763	reset_n	core.keymem.key_mem[4][68]$_DFFE_PN0P_/RN	core.keymem.key_mem[4][68]$_DFFE_PN0P_|hold12732|input10|place12307|place12311|place12322
0.463788	reset_n	core.keymem.key_mem[9][13]$_DFFE_PN0P_/RN	core.keymem.key_mem[9][13]$_DFFE_PN0P_|hold12732|input10|place12267|place12271
0.463794	reset_n	key_reg[3][12]$_DFFE_PN0P_/RN	hold12732|input10|key_reg[3][12]$_DFFE_PN0P_|place12314|place12321|place12322
0.463825	reset_n	core.keymem.key_mem[12][68]$_DFFE_PN0P_/RN	core.keymem.key_mem[12][68]$_DFFE_PN0P_|hold12732|input10|place12307|place12311|place12322
0.463828	reset_n	core.enc_block.block_w2_reg[8]$_DFFE_PN0P_/RN	core.enc_block.block_w2_reg[8]$_DFFE_PN0P_|hold12732|input10|place12281|place12282
0.463850	reset_n	core.keymem.key_mem[14][24]$_DFFE_PN0P_/RN	core.keymem.key_mem[14][24]$_DFFE_PN0P_|hold12732|input10|place12295|place12298
0.463876	reset_n	core.keymem.key_mem[4][84]$_DFFE_PN0P_/RN	core.keymem.key_mem[4][84]$_DFFE_PN0P_|hold12732|input10|place12310|place12311|place12322
0.463889	reset_n	core.keymem.prev_key1_reg[115]$_DFFE_PN0P_/RN	core.keymem.prev_key1_reg[115]$_DFFE_PN0P_|hold12732|input10|place12313|place12321|place12322
0.463912	reset_n	core.keymem.key_mem[10][52]$_DFFE_PN0P_/RN	core.keymem.key_mem[10][52]$_DFFE_PN0P_|hold12732|input10|place12310|place12311|place12322
0.463956	reset_n	core.keymem.key_mem[4][91]$_DFFE_PN0P_/RN	core.keymem.key_mem[4][91]$_DFFE_PN0P_|hold12732|input10|place12295|place12298
0.463970	reset_n	core.keymem.key_mem[14][112]$_DFFE_PN0P_/RN	core.keymem.key_mem[14][112]$_DFFE_PN0P_|hold12732|input10|place12308|place12311|place12322
0.463986	reset_n	core.enc_block.block_w2_reg[11]$_DFFE_PN0P_/RN	core.enc_block.block_w2_reg[11]$_DFFE_PN0P_|hold12732|input10|place12281|place12282
0.464003	reset_n	key_reg[7][4]$_DFFE_PN0P_/RN	hold12732|input10|key_reg[7][4]$_DFFE_PN0P_|place12314|place12321|place12322
0.464046	reset_n	core.keymem.key_mem[13][104]$_DFFE_PN0P_/RN	core.keymem.key_mem[13][104]$_DFFE_PN0P_|hold12732|input10|place12307|place12311|place12322
0.464064	reset_n	core.keymem.key_mem[1][65]$_DFFE_PN0P_/RN	core.keymem.key_mem[1][65]$_DFFE_PN0P_|hold12732|input10|place12258|place12262
0.464069	reset_n	core.keymem.key_mem[9][43]$_DFFE_PN0P_/RN	core.keymem.key_mem[9][43]$_DFFE_PN0P_|hold12732|input10|place12308|place12311|place12322
0.464071	reset_n	core.keymem.key_mem[14][100]$_DFFE_PN0P_/RN	core.keymem.key_mem[14][100]$_DFFE_PN0P_|hold12732|input10|place12308|place12311|place12322
0.464074	reset_n	core.keymem.key_mem[0][65]$_DFFE_PN0P_/RN	core.keymem.key_mem[0][65]$_DFFE_PN0P_|hold12732|input10|place12258|place12262
0.464089	reset_n	key_reg[7][12]$_DFFE_PN0P_/RN	hold12732|input10|key_reg[7][12]$_DFFE_PN0P_|place12314|place12321|place12322
0.464103	reset_n	core.keymem.key_mem[8][91]$_DFFE_PN0P_/RN	core.keymem.key_mem[8][91]$_DFFE_PN0P_|hold12732|input10|place12295|place12298
0.464107	reset_n	core.keymem.key_mem[4][13]$_DFFE_PN0P_/RN	core.keymem.key_mem[4][13]$_DFFE_PN0P_|hold12732|input10|place12267|place12271
0.464129	reset_n	block_reg[1][18]$_DFFE_PN0P_/RN	block_reg[1][18]$_DFFE_PN0P_|hold12732|input10|place12281|place12282
0.464190	reset_n	core.keymem.key_mem[6][84]$_DFFE_PN0P_/RN	core.keymem.key_mem[6][84]$_DFFE_PN0P_|hold12732|input10|place12310|place12311|place12322
0.464197	reset_n	core.keymem.key_mem[9][84]$_DFFE_PN0P_/RN	core.keymem.key_mem[9][84]$_DFFE_PN0P_|hold12732|input10|place12310|place12311|place12322
0.464202	reset_n	core.keymem.key_mem[4][43]$_DFFE_PN0P_/RN	core.keymem.key_mem[4][43]$_DFFE_PN0P_|hold12732|input10|place12308|place12311|place12322
0.464210	reset_n	core.keymem.key_mem[9][12]$_DFFE_PN0P_/RN	core.keymem.key_mem[9][12]$_DFFE_PN0P_|hold12732|input10|place12320|place12321|place12322
0.464235	reset_n	core.keymem.key_mem[11][12]$_DFFE_PN0P_/RN	core.keymem.key_mem[11][12]$_DFFE_PN0P_|hold12732|input10|place12320|place12321|place12322
0.464242	reset_n	core.keymem.key_mem[13][65]$_DFFE_PN0P_/RN	core.keymem.key_mem[13][65]$_DFFE_PN0P_|hold12732|input10|place12258|place12262
0.464294	reset_n	core.keymem.key_mem[4][86]$_DFFE_PN0P_/RN	core.keymem.key_mem[4][86]$_DFFE_PN0P_|hold12732|input10|place12320|place12321|place12322
0.464323	reset_n	core.keymem.key_mem[8][12]$_DFFE_PN0P_/RN	core.keymem.key_mem[8][12]$_DFFE_PN0P_|hold12732|input10|place12320|place12321|place12322
0.464340	reset_n	core.enc_block.block_w2_reg[17]$_DFFE_PN0P_/RN	core.enc_block.block_w2_reg[17]$_DFFE_PN0P_|hold12732|input10|place12281|place12282
0.464368	reset_n	core.keymem.key_mem[13][43]$_DFFE_PN0P_/RN	core.keymem.key_mem[13][43]$_DFFE_PN0P_|hold12732|input10|place12308|place12311|place12322
0.464394	reset_n	core.keymem.key_mem[7][12]$_DFFE_PN0P_/RN	core.keymem.key_mem[7][12]$_DFFE_PN0P_|hold12732|input10|place12320|place12321|place12322
0.464410	reset_n	core.keymem.prev_key0_reg[83]$_DFFE_PN0P_/RN	core.keymem.prev_key0_reg[83]$_DFFE_PN0P_|hold12732|input10|place12313|place12321|place12322
0.464519	reset_n	core.keymem.key_mem[4][24]$_DFFE_PN0P_/RN	core.keymem.key_mem[4][24]$_DFFE_PN0P_|hold12732|input10|place12295|place12298
0.464566	reset_n	core.keymem.key_mem[0][46]$_DFFE_PN0P_/RN	core.keymem.key_mem[0][46]$_DFFE_PN0P_|hold12732|input10|place12267|place12271
0.464658	reset_n	key_reg[1][19]$_DFFE_PN0P_/RN	hold12732|input10|key_reg[1][19]$_DFFE_PN0P_|place12313|place12321|place12322
0.464669	reset_n	core.keymem.prev_key1_reg[105]$_DFFE_PN0P_/RN	core.keymem.prev_key1_reg[105]$_DFFE_PN0P_|hold12732|input10|place12307|place12311|place12322
0.464704	reset_n	core.enc_block.block_w1_reg[18]$_DFFE_PN0P_/RN	core.enc_block.block_w1_reg[18]$_DFFE_PN0P_|hold12732|input10|place12281|place12282
0.464710	reset_n	key_reg[3][4]$_DFFE_PN0P_/RN	hold12732|input10|key_reg[3][4]$_DFFE_PN0P_|place12313|place12321|place12322
0.464714	reset_n	core.keymem.key_mem[3][100]$_DFFE_PN0P_/RN	core.keymem.key_mem[3][100]$_DFFE_PN0P_|hold12732|input10|place12307|place12311|place12322
0.464748	reset_n	core.keymem.prev_key0_reg[53]$_DFFE_PN0P_/RN	core.keymem.prev_key0_reg[53]$_DFFE_PN0P_|hold12732|input10|place12317|place12321|place12322
0.464805	reset_n	core.keymem.key_mem[10][104]$_DFFE_PN0P_/RN	core.keymem.key_mem[10][104]$_DFFE_PN0P_|hold12732|input10|place12307|place12311|place12322
0.464816	reset_n	core.keymem.key_mem[3][104]$_DFFE_PN0P_/RN	core.keymem.key_mem[3][104]$_DFFE_PN0P_|hold12732|input10|place12307|place12311|place12322
0.464843	reset_n	core.keymem.key_mem[10][36]$_DFFE_PN0P_/RN	core.keymem.key_mem[10][36]$_DFFE_PN0P_|hold12732|input10|place12307|place12311|place12322
0.464864	reset_n	key_reg[5][21]$_DFFE_PN0P_/RN	hold12732|input10|key_reg[5][21]$_DFFE_PN0P_|place12317|place12321|place12322
0.464878	reset_n	core.keymem.key_mem[0][6]$_DFFE_PN0P_/RN	core.keymem.key_mem[0][6]$_DFFE_PN0P_|hold12732|input10|place12267|place12271
0.464912	reset_n	core.enc_block.block_w0_reg[11]$_DFFE_PN0P_/RN	core.enc_block.block_w0_reg[11]$_DFFE_PN0P_|hold12732|input10|place12281|place12282
0.464932	reset_n	core.keymem.prev_key0_reg[85]$_DFFE_PN0P_/RN	core.keymem.prev_key0_reg[85]$_DFFE_PN0P_|hold12732|input10|place12317|place12321|place12322
0.464970	reset_n	core.keymem.key_mem[3][90]$_DFFE_PN0P_/RN	core.keymem.key_mem[3][90]$_DFFE_PN0P_|hold12732|input10|place12320|place12321|place12322
0.464976	reset_n	core.keymem.key_mem[13][117]$_DFFE_PN0P_/RN	core.keymem.key_mem[13][117]$_DFFE_PN0P_|hold12732|input10|place12320|place12321|place12322
0.464984	reset_n	core.keymem.key_mem[5][117]$_DFFE_PN0P_/RN	core.keymem.key_mem[5][117]$_DFFE_PN0P_|hold12732|input10|place12320|place12321|place12322
0.465037	reset_n	core.keymem.key_mem[5][12]$_DFFE_PN0P_/RN	core.keymem.key_mem[5][12]$_DFFE_PN0P_|hold12732|input10|place12320|place12321|place12322
0.465067	reset_n	core.keymem.prev_key1_reg[117]$_DFFE_PN0P_/RN	core.keymem.prev_key1_reg[117]$_DFFE_PN0P_|hold12732|input10|place12317|place12321|place12322
0.465127	reset_n	core.keymem.key_mem[2][117]$_DFFE_PN0P_/RN	core.keymem.key_mem[2][117]$_DFFE_PN0P_|hold12732|input10|place12320|place12321|place12322
0.465144	reset_n	core.keymem.key_mem[0][72]$_DFFE_PN0P_/RN	core.keymem.key_mem[0][72]$_DFFE_PN0P_|hold12732|input10|place12267|place12271
0.465198	reset_n	core.keymem.key_mem[13][26]$_DFFE_PN0P_/RN	core.keymem.key_mem[13][26]$_DFFE_PN0P_|hold12732|input10|place12267|place12271
0.465224	reset_n	core.enc_block.block_w0_reg[18]$_DFFE_PN0P_/RN	core.enc_block.block_w0_reg[18]$_DFFE_PN0P_|hold12732|input10|place12281|place12282
0.465233	reset_n	core.keymem.prev_key1_reg[86]$_DFFE_PN0P_/RN	core.keymem.prev_key1_reg[86]$_DFFE_PN0P_|hold12732|input10|place12313|place12321|place12322
0.465237	reset_n	core.keymem.key_mem[7][90]$_DFFE_PN0P_/RN	core.keymem.key_mem[7][90]$_DFFE_PN0P_|hold12732|input10|place12314|place12321|place12322
0.465244	reset_n	core.keymem.key_mem[4][88]$_DFFE_PN0P_/RN	core.keymem.key_mem[4][88]$_DFFE_PN0P_|hold12732|input10|place12267|place12271
0.465311	reset_n	core.keymem.key_mem[4][12]$_DFFE_PN0P_/RN	core.keymem.key_mem[4][12]$_DFFE_PN0P_|hold12732|input10|place12320|place12321|place12322
0.465330	reset_n	core.keymem.key_mem[7][108]$_DFFE_PN0P_/RN	core.keymem.key_mem[7][108]$_DFFE_PN0P_|hold12732|input10|place12307|place12311|place12322
0.465334	reset_n	core.keymem.key_mem[7][93]$_DFFE_PN0P_/RN	core.keymem.key_mem[7][93]$_DFFE_PN0P_|hold12732|input10|place12295|place12298
0.465342	reset_n	core.keymem.prev_key0_reg[54]$_DFFE_PN0P_/RN	core.keymem.prev_key0_reg[54]$_DFFE_PN0P_|hold12732|input10|place12314|place12321|place12322
0.465347	reset_n	key_reg[5][22]$_DFFE_PN0P_/RN	hold12732|input10|key_reg[5][22]$_DFFE_PN0P_|place12313|place12321|place12322
0.465348	reset_n	core.keymem.prev_key0_reg[12]$_DFFE_PN0P_/RN	core.keymem.prev_key0_reg[12]$_DFFE_PN0P_|hold12732|input10|place12314|place12321|place12322
0.465396	reset_n	core.keymem.key_mem[12][112]$_DFFE_PN0P_/RN	core.keymem.key_mem[12][112]$_DFFE_PN0P_|hold12732|input10|place12310|place12311|place12322
0.465438	reset_n	core.keymem.key_mem[9][108]$_DFFE_PN0P_/RN	core.keymem.key_mem[9][108]$_DFFE_PN0P_|hold12732|input10|place12307|place12311|place12322
0.465495	reset_n	key_reg[7][19]$_DFFE_PN0P_/RN	hold12732|input10|key_reg[7][19]$_DFFE_PN0P_|place12313|place12321|place12322
0.465521	reset_n	core.keymem.key_mem[9][86]$_DFFE_PN0P_/RN	core.keymem.key_mem[9][86]$_DFFE_PN0P_|hold12732|input10|place12320|place12321|place12322
0.465560	reset_n	core.keymem.key_mem[7][45]$_DFFE_PN0P_/RN	core.keymem.key_mem[7][45]$_DFFE_PN0P_|hold12732|input10|place12267|place12271
0.465712	reset_n	core.keymem.key_mem[13][90]$_DFFE_PN0P_/RN	core.keymem.key_mem[13][90]$_DFFE_PN0P_|hold12732|input10|place12318|place12321|place12322
0.465721	reset_n	core.keymem.key_mem[5][90]$_DFFE_PN0P_/RN	core.keymem.key_mem[5][90]$_DFFE_PN0P_|hold12732|input10|place12318|place12321|place12322
0.465778	reset_n	core.keymem.key_mem[3][86]$_DFFE_PN0P_/RN	core.keymem.key_mem[3][86]$_DFFE_PN0P_|hold12732|input10|place12318|place12321|place12322
0.465786	reset_n	core.keymem.key_mem[2][18]$_DFFE_PN0P_/RN	core.keymem.key_mem[2][18]$_DFFE_PN0P_|hold12732|input10|place12309|place12311|place12322
0.465809	reset_n	core.keymem.key_mem[2][36]$_DFFE_PN0P_/RN	core.keymem.key_mem[2][36]$_DFFE_PN0P_|hold12732|input10|place12307|place12311|place12322
0.465838	reset_n	core.keymem.key_mem[14][30]$_DFFE_PN0P_/RN	core.keymem.key_mem[14][30]$_DFFE_PN0P_|hold12732|input10|place12295|place12298
0.465839	reset_n	key_reg[5][19]$_DFFE_PN0P_/RN	hold12732|input10|key_reg[5][19]$_DFFE_PN0P_|place12313|place12321|place12322
0.465866	reset_n	key_reg[0][8]$_DFFE_PN0P_/RN	hold12732|input10|key_reg[0][8]$_DFFE_PN0P_|place12313|place12321|place12322
0.465869	reset_n	core.keymem.key_mem[2][30]$_DFFE_PN0P_/RN	core.keymem.key_mem[2][30]$_DFFE_PN0P_|hold12732|input10|place12295|place12298
0.465907	reset_n	core.keymem.key_mem[4][100]$_DFFE_PN0P_/RN	core.keymem.key_mem[4][100]$_DFFE_PN0P_|hold12732|input10|place12307|place12311|place12322
0.465935	reset_n	core.keymem.prev_key1_reg[54]$_DFFE_PN0P_/RN	core.keymem.prev_key1_reg[54]$_DFFE_PN0P_|hold12732|input10|place12314|place12321|place12322
0.466001	reset_n	core.keymem.key_mem[8][86]$_DFFE_PN0P_/RN	core.keymem.key_mem[8][86]$_DFFE_PN0P_|hold12732|input10|place12320|place12321|place12322
0.466071	reset_n	core.keymem.key_mem[3][18]$_DFFE_PN0P_/RN	core.keymem.key_mem[3][18]$_DFFE_PN0P_|hold12732|input10|place12309|place12311|place12322
0.466080	reset_n	core.keymem.key_mem[5][22]$_DFFE_PN0P_/RN	core.keymem.key_mem[5][22]$_DFFE_PN0P_|hold12732|input10|place12314|place12321|place12322
0.466091	reset_n	core.keymem.key_mem[9][18]$_DFFE_PN0P_/RN	core.keymem.key_mem[9][18]$_DFFE_PN0P_|hold12732|input10|place12309|place12311|place12322
0.466120	reset_n	core.keymem.key_mem[11][86]$_DFFE_PN0P_/RN	core.keymem.key_mem[11][86]$_DFFE_PN0P_|hold12732|input10|place12314|place12321|place12322
0.466121	reset_n	key_reg[1][22]$_DFFE_PN0P_/RN	hold12732|input10|key_reg[1][22]$_DFFE_PN0P_|place12314|place12321|place12322
0.466130	reset_n	core.keymem.key_mem[14][90]$_DFFE_PN0P_/RN	core.keymem.key_mem[14][90]$_DFFE_PN0P_|hold12732|input10|place12314|place12321|place12322
0.466172	reset_n	core.keymem.key_mem[9][26]$_DFFE_PN0P_/RN	core.keymem.key_mem[9][26]$_DFFE_PN0P_|hold12732|input10|place12267|place12271
0.466179	reset_n	core.keymem.key_mem[11][90]$_DFFE_PN0P_/RN	core.keymem.key_mem[11][90]$_DFFE_PN0P_|hold12732|input10|place12314|place12321|place12322
0.466183	reset_n	core.keymem.key_mem[8][30]$_DFFE_PN0P_/RN	core.keymem.key_mem[8][30]$_DFFE_PN0P_|hold12732|input10|place12295|place12298
0.466210	reset_n	core.keymem.key_mem[12][18]$_DFFE_PN0P_/RN	core.keymem.key_mem[12][18]$_DFFE_PN0P_|hold12732|input10|place12309|place12311|place12322
0.466217	reset_n	core.keymem.key_mem[8][24]$_DFFE_PN0P_/RN	core.keymem.key_mem[8][24]$_DFFE_PN0P_|hold12732|input10|place12295|place12298
0.466249	reset_n	core.keymem.key_mem[4][20]$_DFFE_PN0P_/RN	core.keymem.key_mem[4][20]$_DFFE_PN0P_|hold12732|input10|place12310|place12311|place12322
0.466258	reset_n	core.keymem.key_mem[13][82]$_DFFE_PN0P_/RN	core.keymem.key_mem[13][82]$_DFFE_PN0P_|hold12732|input10|place12310|place12311|place12322
0.466262	reset_n	core.keymem.prev_key1_reg[19]$_DFFE_PN0P_/RN	core.keymem.prev_key1_reg[19]$_DFFE_PN0P_|hold12732|input10|place12313|place12321|place12322
0.466267	reset_n	key_reg[6][12]$_DFFE_PN0P_/RN	hold12732|input10|key_reg[6][12]$_DFFE_PN0P_|place12313|place12321|place12322
0.466303	reset_n	core.keymem.key_mem[11][82]$_DFFE_PN0P_/RN	core.keymem.key_mem[11][82]$_DFFE_PN0P_|hold12732|input10|place12310|place12311|place12322
0.466374	reset_n	core.keymem.key_mem[12][86]$_DFFE_PN0P_/RN	core.keymem.key_mem[12][86]$_DFFE_PN0P_|hold12732|input10|place12320|place12321|place12322
0.466382	reset_n	core.enc_block.block_w1_reg[3]$_DFFE_PN0P_/RN	core.enc_block.block_w1_reg[3]$_DFFE_PN0P_|hold12732|input10|place12281|place12282
0.466388	reset_n	core.keymem.key_mem[6][82]$_DFFE_PN0P_/RN	core.keymem.key_mem[6][82]$_DFFE_PN0P_|hold12732|input10|place12310|place12311|place12322
0.466421	reset_n	key_reg[5][11]$_DFFE_PN0P_/RN	hold12732|input10|key_reg[5][11]$_DFFE_PN0P_|place12309|place12311|place12322
0.466429	reset_n	core.keymem.key_mem[3][50]$_DFFE_PN0P_/RN	core.keymem.key_mem[3][50]$_DFFE_PN0P_|hold12732|input10|place12310|place12311|place12322
0.466457	reset_n	core.keymem.prev_key1_reg[22]$_DFFE_PN0P_/RN	core.keymem.prev_key1_reg[22]$_DFFE_PN0P_|hold12732|input10|place12317|place12321|place12322
0.466520	reset_n	core.keymem.key_mem[2][82]$_DFFE_PN0P_/RN	core.keymem.key_mem[2][82]$_DFFE_PN0P_|hold12732|input10|place12310|place12311|place12322
0.466583	reset_n	core.keymem.key_mem[5][30]$_DFFE_PN0P_/RN	core.keymem.key_mem[5][30]$_DFFE_PN0P_|hold12732|input10|place12295|place12298
0.466589	reset_n	key_reg[0][11]$_DFFE_PN0P_/RN	hold12732|input10|key_reg[0][11]$_DFFE_PN0P_|place12309|place12311|place12322
0.466639	reset_n	core.keymem.key_mem[3][120]$_DFFE_PN0P_/RN	core.keymem.key_mem[3][120]$_DFFE_PN0P_|hold12732|input10|place12309|place12311|place12322
0.466645	reset_n	core.keymem.key_mem[12][37]$_DFFE_PN0P_/RN	core.keymem.key_mem[12][37]$_DFFE_PN0P_|hold12732|input10|place12295|place12298
0.466669	reset_n	core.keymem.prev_key1_reg[4]$_DFFE_PN0P_/RN	core.keymem.prev_key1_reg[4]$_DFFE_PN0P_|hold12732|input10|place12313|place12321|place12322
0.466670	reset_n	core.keymem.key_mem[13][37]$_DFFE_PN0P_/RN	core.keymem.key_mem[13][37]$_DFFE_PN0P_|hold12732|input10|place12295|place12298
0.466706	reset_n	core.keymem.key_mem[12][24]$_DFFE_PN0P_/RN	core.keymem.key_mem[12][24]$_DFFE_PN0P_|hold12732|input10|place12295|place12298
0.466734	reset_n	core.keymem.key_mem[0][18]$_DFFE_PN0P_/RN	core.keymem.key_mem[0][18]$_DFFE_PN0P_|hold12732|input10|place12309|place12311|place12322
0.466754	reset_n	key_reg[7][22]$_DFFE_PN0P_/RN	hold12732|input10|key_reg[7][22]$_DFFE_PN0P_|place12317|place12321|place12322
0.466785	reset_n	core.keymem.key_mem[4][18]$_DFFE_PN0P_/RN	core.keymem.key_mem[4][18]$_DFFE_PN0P_|hold12732|input10|place12309|place12311|place12322
0.466859	reset_n	core.keymem.key_mem[4][36]$_DFFE_PN0P_/RN	core.keymem.key_mem[4][36]$_DFFE_PN0P_|hold12732|input10|place12307|place12311|place12322
0.466875	reset_n	core.keymem.key_mem[4][30]$_DFFE_PN0P_/RN	core.keymem.key_mem[4][30]$_DFFE_PN0P_|hold12732|input10|place12295|place12298
0.466880	reset_n	core.keymem.key_mem[11][24]$_DFFE_PN0P_/RN	core.keymem.key_mem[11][24]$_DFFE_PN0P_|hold12732|input10|place12295|place12298
0.466964	reset_n	key_reg[2][18]$_DFFE_PN0P_/RN	hold12732|input10|key_reg[2][18]$_DFFE_PN0P_|place12309|place12311|place12322
0.466971	reset_n	core.keymem.key_mem[10][30]$_DFFE_PN0P_/RN	core.keymem.key_mem[10][30]$_DFFE_PN0P_|hold12732|input10|place12295|place12298
0.466973	reset_n	key_reg[0][12]$_DFFE_PN0P_/RN	hold12732|input10|key_reg[0][12]$_DFFE_PN0P_|place12313|place12321|place12322
0.466979	reset_n	core.dec_block.block_w1_reg[21]$_DFFE_PN0P_/RN	core.dec_block.block_w1_reg[21]$_DFFE_PN0P_|hold12732|input10|place12278|place12282
0.467003	reset_n	core.keymem.key_mem[3][24]$_DFFE_PN0P_/RN	core.keymem.key_mem[3][24]$_DFFE_PN0P_|hold12732|input10|place12295|place12298
0.467012	reset_n	key_reg[3][22]$_DFFE_PN0P_/RN	hold12732|input10|key_reg[3][22]$_DFFE_PN0P_|place12317|place12321|place12322
0.467013	reset_n	result_reg[117]$_DFF_PN0_/RN	hold12732|input10|place12278|place12282|result_reg[117]$_DFF_PN0_
0.467053	reset_n	key_reg[2][2]$_DFFE_PN0P_/RN	hold12732|input10|key_reg[2][2]$_DFFE_PN0P_|place12286|place12298
0.467072	reset_n	core.keymem.key_mem[9][20]$_DFFE_PN0P_/RN	core.keymem.key_mem[9][20]$_DFFE_PN0P_|hold12732|input10|place12310|place12311|place12322
0.467072	reset_n	key_reg[0][27]$_DFFE_PN0P_/RN	hold12732|input10|key_reg[0][27]$_DFFE_PN0P_|place12286|place12298
0.467078	reset_n	core.keymem.key_mem[6][100]$_DFFE_PN0P_/RN	core.keymem.key_mem[6][100]$_DFFE_PN0P_|hold12732|input10|place12307|place12311|place12322
0.467089	reset_n	core.keymem.key_mem[7][24]$_DFFE_PN0P_/RN	core.keymem.key_mem[7][24]$_DFFE_PN0P_|hold12732|input10|place12295|place12298
0.467101	reset_n	core.keymem.key_mem[8][82]$_DFFE_PN0P_/RN	core.keymem.key_mem[8][82]$_DFFE_PN0P_|hold12732|input10|place12310|place12311|place12322
0.467102	reset_n	core.keymem.prev_key1_reg[76]$_DFFE_PN0P_/RN	core.keymem.prev_key1_reg[76]$_DFFE_PN0P_|hold12732|input10|place12313|place12321|place12322
0.467123	reset_n	key_reg[2][27]$_DFFE_PN0P_/RN	hold12732|input10|key_reg[2][27]$_DFFE_PN0P_|place12286|place12298
0.467161	reset_n	core.dec_block.block_w2_reg[22]$_DFFE_PN0P_/RN	core.dec_block.block_w2_reg[22]$_DFFE_PN0P_|hold12732|input10|place12278|place12282
0.467171	reset_n	core.keymem.key_mem[0][26]$_DFFE_PN0P_/RN	core.keymem.key_mem[0][26]$_DFFE_PN0P_|hold12732|input10|place12285|place12298
0.467180	reset_n	core.keymem.key_mem[13][120]$_DFFE_PN0P_/RN	core.keymem.key_mem[13][120]$_DFFE_PN0P_|hold12732|input10|place12309|place12311|place12322
0.467185	reset_n	core.keymem.key_mem[6][24]$_DFFE_PN0P_/RN	core.keymem.key_mem[6][24]$_DFFE_PN0P_|hold12732|input10|place12295|place12298
0.467205	reset_n	core.keymem.prev_key1_reg[74]$_DFFE_PN0P_/RN	core.keymem.prev_key1_reg[74]$_DFFE_PN0P_|hold12732|input10|place12285|place12298
0.467220	reset_n	key_reg[3][27]$_DFFE_PN0P_/RN	hold12732|input10|key_reg[3][27]$_DFFE_PN0P_|place12286|place12298
0.467254	reset_n	core.dec_block.block_w3_reg[21]$_DFFE_PN0P_/RN	core.dec_block.block_w3_reg[21]$_DFFE_PN0P_|hold12732|input10|place12278|place12282
0.467279	reset_n	core.keymem.key_mem[14][120]$_DFFE_PN0P_/RN	core.keymem.key_mem[14][120]$_DFFE_PN0P_|hold12732|input10|place12309|place12311|place12322
0.467284	reset_n	core.keymem.prev_key0_reg[74]$_DFFE_PN0P_/RN	core.keymem.prev_key0_reg[74]$_DFFE_PN0P_|hold12732|input10|place12285|place12298
0.467288	reset_n	block_reg[0][11]$_DFFE_PN0P_/RN	block_reg[0][11]$_DFFE_PN0P_|hold12732|input10|place12281|place12282
0.467293	reset_n	core.keymem.key_mem[6][30]$_DFFE_PN0P_/RN	core.keymem.key_mem[6][30]$_DFFE_PN0P_|hold12732|input10|place12295|place12298
0.467321	reset_n	core.keymem.key_mem[7][52]$_DFFE_PN0P_/RN	core.keymem.key_mem[7][52]$_DFFE_PN0P_|hold12732|input10|place12310|place12311|place12322
0.467329	reset_n	core.keymem.key_mem[8][68]$_DFFE_PN0P_/RN	core.keymem.key_mem[8][68]$_DFFE_PN0P_|hold12732|input10|place12307|place12311|place12322
0.467340	reset_n	core.keymem.prev_key1_reg[12]$_DFFE_PN0P_/RN	core.keymem.prev_key1_reg[12]$_DFFE_PN0P_|hold12732|input10|place12317|place12321|place12322
0.467343	reset_n	core.keymem.prev_key1_reg[83]$_DFFE_PN0P_/RN	core.keymem.prev_key1_reg[83]$_DFFE_PN0P_|hold12732|input10|place12313|place12321|place12322
0.467355	reset_n	key_reg[2][22]$_DFFE_PN0P_/RN	hold12732|input10|key_reg[2][22]$_DFFE_PN0P_|place12317|place12321|place12322
0.467367	reset_n	core.keymem.key_mem[7][120]$_DFFE_PN0P_/RN	core.keymem.key_mem[7][120]$_DFFE_PN0P_|hold12732|input10|place12309|place12311|place12322
0.467505	reset_n	core.keymem.key_mem[14][82]$_DFFE_PN0P_/RN	core.keymem.key_mem[14][82]$_DFFE_PN0P_|hold12732|input10|place12310|place12311|place12322
0.467510	reset_n	core.keymem.key_mem[14][86]$_DFFE_PN0P_/RN	core.keymem.key_mem[14][86]$_DFFE_PN0P_|hold12732|input10|place12320|place12321|place12322
0.467510	reset_n	key_reg[4][12]$_DFFE_PN0P_/RN	hold12732|input10|key_reg[4][12]$_DFFE_PN0P_|place12313|place12321|place12322
0.467524	reset_n	core.dec_block.block_w3_reg[8]$_DFFE_PN0P_/RN	core.dec_block.block_w3_reg[8]$_DFFE_PN0P_|hold12732|input10|place12283|place12298
0.467534	reset_n	core.keymem.key_mem[13][5]$_DFFE_PN0P_/RN	core.keymem.key_mem[13][5]$_DFFE_PN0P_|hold12732|input10|place12313|place12321|place12322
0.467544	reset_n	core.keymem.key_mem[6][43]$_DFFE_PN0P_/RN	core.keymem.key_mem[6][43]$_DFFE_PN0P_|hold12732|input10|place12308|place12311|place12322
0.467561	reset_n	core.keymem.key_mem[5][120]$_DFFE_PN0P_/RN	core.keymem.key_mem[5][120]$_DFFE_PN0P_|hold12732|input10|place12309|place12311|place12322
0.467591	reset_n	core.dec_block.block_w1_reg[8]$_DFFE_PN0P_/RN	core.dec_block.block_w1_reg[8]$_DFFE_PN0P_|hold12732|input10|place12283|place12298
0.467626	reset_n	core.keymem.key_mem[10][24]$_DFFE_PN0P_/RN	core.keymem.key_mem[10][24]$_DFFE_PN0P_|hold12732|input10|place12295|place12298
0.467638	reset_n	core.keymem.key_mem[0][86]$_DFFE_PN0P_/RN	core.keymem.key_mem[0][86]$_DFFE_PN0P_|hold12732|input10|place12314|place12321|place12322
0.467639	reset_n	core.keymem.key_mem[14][43]$_DFFE_PN0P_/RN	core.keymem.key_mem[14][43]$_DFFE_PN0P_|hold12732|input10|place12308|place12311|place12322
0.467646	reset_n	core.keymem.key_mem[9][5]$_DFFE_PN0P_/RN	core.keymem.key_mem[9][5]$_DFFE_PN0P_|hold12732|input10|place12313|place12321|place12322
0.467674	reset_n	core.keymem.key_mem[12][30]$_DFFE_PN0P_/RN	core.keymem.key_mem[12][30]$_DFFE_PN0P_|hold12732|input10|place12295|place12298
0.467715	reset_n	core.keymem.key_mem[12][88]$_DFFE_PN0P_/RN	core.keymem.key_mem[12][88]$_DFFE_PN0P_|hold12732|input10|place12267|place12271
0.467751	reset_n	key_reg[4][10]$_DFFE_PN0P_/RN	hold12732|input10|key_reg[4][10]$_DFFE_PN0P_|place12285|place12298
0.467796	reset_n	core.keymem.key_mem[5][50]$_DFFE_PN0P_/RN	core.keymem.key_mem[5][50]$_DFFE_PN0P_|hold12732|input10|place12310|place12311|place12322
0.467818	reset_n	core.keymem.key_mem[7][41]$_DFFE_PN0P_/RN	core.keymem.key_mem[7][41]$_DFFE_PN0P_|hold12732|input10|place12310|place12311|place12322
0.467822	reset_n	core.keymem.key_mem[13][52]$_DFFE_PN0P_/RN	core.keymem.key_mem[13][52]$_DFFE_PN0P_|hold12732|input10|place12310|place12311|place12322
0.467859	reset_n	core.keymem.key_mem[8][112]$_DFFE_PN0P_/RN	core.keymem.key_mem[8][112]$_DFFE_PN0P_|hold12732|input10|place12310|place12311|place12322
0.467904	reset_n	core.keymem.key_mem[12][43]$_DFFE_PN0P_/RN	core.keymem.key_mem[12][43]$_DFFE_PN0P_|hold12732|input10|place12308|place12311|place12322
0.467919	reset_n	core.keymem.key_mem[7][82]$_DFFE_PN0P_/RN	core.keymem.key_mem[7][82]$_DFFE_PN0P_|hold12732|input10|place12310|place12311|place12322
0.467921	reset_n	core.enc_block.block_w0_reg[3]$_DFFE_PN0P_/RN	core.enc_block.block_w0_reg[3]$_DFFE_PN0P_|hold12732|input10|place12281|place12282
0.468017	reset_n	block_reg[2][11]$_DFFE_PN0P_/RN	block_reg[2][11]$_DFFE_PN0P_|hold12732|input10|place12281|place12282
0.468050	reset_n	key_reg[7][6]$_DFFE_PN0P_/RN	hold12732|input10|key_reg[7][6]$_DFFE_PN0P_|place12286|place12298
0.468073	reset_n	key_reg[3][6]$_DFFE_PN0P_/RN	hold12732|input10|key_reg[3][6]$_DFFE_PN0P_|place12286|place12298
0.468105	reset_n	core.keymem.key_mem[5][86]$_DFFE_PN0P_/RN	core.keymem.key_mem[5][86]$_DFFE_PN0P_|hold12732|input10|place12320|place12321|place12322
0.468109	reset_n	core.keymem.key_mem[7][84]$_DFFE_PN0P_/RN	core.keymem.key_mem[7][84]$_DFFE_PN0P_|hold12732|input10|place12308|place12311|place12322
0.468120	reset_n	core.keymem.key_mem[10][50]$_DFFE_PN0P_/RN	core.keymem.key_mem[10][50]$_DFFE_PN0P_|hold12732|input10|place12310|place12311|place12322
0.468130	reset_n	block_reg[2][26]$_DFFE_PN0P_/RN	block_reg[2][26]$_DFFE_PN0P_|hold12732|input10|place12323|place12329
0.468147	reset_n	core.keymem.prev_key0_reg[42]$_DFFE_PN0P_/RN	core.keymem.prev_key0_reg[42]$_DFFE_PN0P_|hold12732|input10|place12285|place12298
0.468153	reset_n	core.keymem.key_mem[5][82]$_DFFE_PN0P_/RN	core.keymem.key_mem[5][82]$_DFFE_PN0P_|hold12732|input10|place12310|place12311|place12322
0.468226	reset_n	core.keymem.key_mem[5][113]$_DFFE_PN0P_/RN	core.keymem.key_mem[5][113]$_DFFE_PN0P_|hold12732|input10|place12257|place12262
0.468236	reset_n	core.keymem.key_mem[11][112]$_DFFE_PN0P_/RN	core.keymem.key_mem[11][112]$_DFFE_PN0P_|hold12732|input10|place12308|place12311|place12322
0.468241	reset_n	core.keymem.key_mem[9][113]$_DFFE_PN0P_/RN	core.keymem.key_mem[9][113]$_DFFE_PN0P_|hold12732|input10|place12257|place12262
0.468266	reset_n	core.keymem.key_mem[12][113]$_DFFE_PN0P_/RN	core.keymem.key_mem[12][113]$_DFFE_PN0P_|hold12732|input10|place12257|place12262
0.468308	reset_n	core.keymem.key_mem[5][112]$_DFFE_PN0P_/RN	core.keymem.key_mem[5][112]$_DFFE_PN0P_|hold12732|input10|place12308|place12311|place12322
0.468488	reset_n	core.keymem.key_mem[5][100]$_DFFE_PN0P_/RN	core.keymem.key_mem[5][100]$_DFFE_PN0P_|hold12732|input10|place12308|place12311|place12322
0.468551	reset_n	core.keymem.key_mem[3][36]$_DFFE_PN0P_/RN	core.keymem.key_mem[3][36]$_DFFE_PN0P_|hold12732|input10|place12307|place12311|place12322
0.468622	reset_n	core.keymem.key_mem[1][100]$_DFFE_PN0P_/RN	core.keymem.key_mem[1][100]$_DFFE_PN0P_|hold12732|input10|place12308|place12311|place12322
0.468721	reset_n	core.enc_block.block_w2_reg[16]$_DFFE_PN0P_/RN	core.enc_block.block_w2_reg[16]$_DFFE_PN0P_|hold12732|input10|place12281|place12282
0.468721	reset_n	core.keymem.key_mem[11][100]$_DFFE_PN0P_/RN	core.keymem.key_mem[11][100]$_DFFE_PN0P_|hold12732|input10|place12308|place12311|place12322
0.468733	reset_n	core.dec_block.block_w2_reg[9]$_DFFE_PN0P_/RN	core.dec_block.block_w2_reg[9]$_DFFE_PN0P_|hold12732|input10|place12283|place12298
0.468736	reset_n	core.keymem.key_mem[8][92]$_DFFE_PN0P_/RN	core.keymem.key_mem[8][92]$_DFFE_PN0P_|hold12732|input10|place12319|place12321|place12322
0.468747	reset_n	core.keymem.key_mem[13][84]$_DFFE_PN0P_/RN	core.keymem.key_mem[13][84]$_DFFE_PN0P_|hold12732|input10|place12308|place12311|place12322
0.468749	reset_n	core.keymem.key_mem[10][86]$_DFFE_PN0P_/RN	core.keymem.key_mem[10][86]$_DFFE_PN0P_|hold12732|input10|place12319|place12321|place12322
0.468749	reset_n	core.keymem.key_mem[7][86]$_DFFE_PN0P_/RN	core.keymem.key_mem[7][86]$_DFFE_PN0P_|hold12732|input10|place12319|place12321|place12322
0.468774	reset_n	block_reg[3][11]$_DFFE_PN0P_/RN	block_reg[3][11]$_DFFE_PN0P_|hold12732|input10|place12281|place12282
0.468799	reset_n	core.keymem.key_mem[13][36]$_DFFE_PN0P_/RN	core.keymem.key_mem[13][36]$_DFFE_PN0P_|hold12732|input10|place12307|place12311|place12322
0.468799	reset_n	core.keymem.key_mem[11][43]$_DFFE_PN0P_/RN	core.keymem.key_mem[11][43]$_DFFE_PN0P_|hold12732|input10|place12308|place12311|place12322
0.468818	reset_n	core.keymem.key_mem[2][15]$_DFFE_PN0P_/RN	core.keymem.key_mem[2][15]$_DFFE_PN0P_|hold12732|input10|place12266|place12271
0.468822	reset_n	core.keymem.key_mem[1][12]$_DFFE_PN0P_/RN	core.keymem.key_mem[1][12]$_DFFE_PN0P_|hold12732|input10|place12319|place12321|place12322
0.468829	reset_n	core.keymem.key_mem[14][15]$_DFFE_PN0P_/RN	core.keymem.key_mem[14][15]$_DFFE_PN0P_|hold12732|input10|place12266|place12271
0.468846	reset_n	core.keymem.key_mem[14][41]$_DFFE_PN0P_/RN	core.keymem.key_mem[14][41]$_DFFE_PN0P_|hold12732|input10|place12310|place12311|place12322
0.468894	reset_n	core.keymem.key_mem[2][92]$_DFFE_PN0P_/RN	core.keymem.key_mem[2][92]$_DFFE_PN0P_|hold12732|input10|place12319|place12321|place12322
0.468925	reset_n	core.keymem.key_mem[13][18]$_DFFE_PN0P_/RN	core.keymem.key_mem[13][18]$_DFFE_PN0P_|hold12732|input10|place12309|place12311|place12322
0.468945	reset_n	core.keymem.key_mem[12][15]$_DFFE_PN0P_/RN	core.keymem.key_mem[12][15]$_DFFE_PN0P_|hold12732|input10|place12266|place12271
0.468945	reset_n	core.keymem.key_mem[5][92]$_DFFE_PN0P_/RN	core.keymem.key_mem[5][92]$_DFFE_PN0P_|hold12732|input10|place12319|place12321|place12322
0.468945	reset_n	core.keymem.key_mem[8][36]$_DFFE_PN0P_/RN	core.keymem.key_mem[8][36]$_DFFE_PN0P_|hold12732|input10|place12307|place12311|place12322
0.469006	reset_n	core.keymem.key_mem[11][15]$_DFFE_PN0P_/RN	core.keymem.key_mem[11][15]$_DFFE_PN0P_|hold12732|input10|place12266|place12271
0.469056	reset_n	core.keymem.key_mem[0][107]$_DFFE_PN0P_/RN	core.keymem.key_mem[0][107]$_DFFE_PN0P_|hold12732|input10|place12309|place12311|place12322
0.469089	reset_n	core.keymem.key_mem[13][24]$_DFFE_PN0P_/RN	core.keymem.key_mem[13][24]$_DFFE_PN0P_|hold12732|input10|place12295|place12298
0.469127	reset_n	core.keymem.key_mem[11][18]$_DFFE_PN0P_/RN	core.keymem.key_mem[11][18]$_DFFE_PN0P_|hold12732|input10|place12309|place12311|place12322
0.469164	reset_n	core.keymem.prev_key1_reg[70]$_DFFE_PN0P_/RN	core.keymem.prev_key1_reg[70]$_DFFE_PN0P_|hold12732|input10|place12285|place12298
0.469165	reset_n	key_reg[4][25]$_DFFE_PN0P_/RN	hold12732|input10|key_reg[4][25]$_DFFE_PN0P_|place12285|place12298
0.469170	reset_n	core.keymem.key_mem[14][18]$_DFFE_PN0P_/RN	core.keymem.key_mem[14][18]$_DFFE_PN0P_|hold12732|input10|place12309|place12311|place12322
0.469208	reset_n	core.keymem.key_mem[1][49]$_DFFE_PN0P_/RN	core.keymem.key_mem[1][49]$_DFFE_PN0P_|hold12732|input10|place12267|place12271
0.469220	reset_n	core.keymem.key_mem[8][43]$_DFFE_PN0P_/RN	core.keymem.key_mem[8][43]$_DFFE_PN0P_|hold12732|input10|place12308|place12311|place12322
0.469225	reset_n	key_reg[1][6]$_DFFE_PN0P_/RN	hold12732|input10|key_reg[1][6]$_DFFE_PN0P_|place12285|place12298
0.469237	reset_n	core.keymem.key_mem[0][27]$_DFFE_PN0P_/RN	core.keymem.key_mem[0][27]$_DFFE_PN0P_|hold12732|input10|place12285|place12298
0.469330	reset_n	core.keymem.key_mem[5][43]$_DFFE_PN0P_/RN	core.keymem.key_mem[5][43]$_DFFE_PN0P_|hold12732|input10|place12308|place12311|place12322
0.469370	reset_n	core.dec_block.block_w1_reg[26]$_DFFE_PN0P_/RN	core.dec_block.block_w1_reg[26]$_DFFE_PN0P_|hold12732|input10|place12283|place12298
0.469374	reset_n	core.dec_block.block_w2_reg[11]$_DFFE_PN0P_/RN	core.dec_block.block_w2_reg[11]$_DFFE_PN0P_|hold12732|input10|place12283|place12298
0.469381	reset_n	core.dec_block.block_w0_reg[8]$_DFFE_PN0P_/RN	core.dec_block.block_w0_reg[8]$_DFFE_PN0P_|hold12732|input10|place12283|place12298
0.469384	reset_n	core.enc_block.enc_ctrl_reg[0]$_DFF_PN1_/SN	core.enc_block.enc_ctrl_reg[0]$_DFF_PN1_|hold12732|input10|place12283|place12298
0.469387	reset_n	core.dec_block.block_w2_reg[26]$_DFFE_PN0P_/RN	core.dec_block.block_w2_reg[26]$_DFFE_PN0P_|hold12732|input10|place12283|place12298
0.469391	reset_n	core.enc_block.block_w2_reg[7]$_DFFE_PN0P_/RN	core.enc_block.block_w2_reg[7]$_DFFE_PN0P_|hold12732|input10|place12281|place12282
0.469425	reset_n	core.keymem.prev_key0_reg[106]$_DFFE_PN0P_/RN	core.keymem.prev_key0_reg[106]$_DFFE_PN0P_|hold12732|input10|place12285|place12298
0.469435	reset_n	core.keymem.prev_key1_reg[106]$_DFFE_PN0P_/RN	core.keymem.prev_key1_reg[106]$_DFFE_PN0P_|hold12732|input10|place12285|place12298
0.469525	reset_n	core.dec_block.block_w2_reg[10]$_DFFE_PN0P_/RN	core.dec_block.block_w2_reg[10]$_DFFE_PN0P_|hold12732|input10|place12283|place12298
0.469580	reset_n	core.keymem.key_mem[0][50]$_DFFE_PN0P_/RN	core.keymem.key_mem[0][50]$_DFFE_PN0P_|hold12732|input10|place12309|place12311|place12322
0.469587	reset_n	core.keymem.key_mem[7][7]$_DFFE_PN0P_/RN	core.keymem.key_mem[7][7]$_DFFE_PN0P_|hold12732|input10|place12290|place12298
0.469595	reset_n	core.keymem.key_mem[1][68]$_DFFE_PN0P_/RN	core.keymem.key_mem[1][68]$_DFFE_PN0P_|hold12732|input10|place12308|place12311|place12322
0.469631	reset_n	core.dec_block.block_w2_reg[17]$_DFFE_PN0P_/RN	core.dec_block.block_w2_reg[17]$_DFFE_PN0P_|hold12732|input10|place12283|place12298
0.469648	reset_n	core.keymem.key_mem[1][7]$_DFFE_PN0P_/RN	core.keymem.key_mem[1][7]$_DFFE_PN0P_|hold12732|input10|place12290|place12298
0.469673	reset_n	core.keymem.key_mem[10][15]$_DFFE_PN0P_/RN	core.keymem.key_mem[10][15]$_DFFE_PN0P_|hold12732|input10|place12266|place12271
0.469690	reset_n	core.dec_block.block_w0_reg[17]$_DFFE_PN0P_/RN	core.dec_block.block_w0_reg[17]$_DFFE_PN0P_|hold12732|input10|place12283|place12298
0.469720	reset_n	core.dec_block.block_w3_reg[17]$_DFFE_PN0P_/RN	core.dec_block.block_w3_reg[17]$_DFFE_PN0P_|hold12732|input10|place12283|place12298
0.469740	reset_n	key_reg[5][12]$_DFFE_PN0P_/RN	hold12732|input10|key_reg[5][12]$_DFFE_PN0P_|place12313|place12321|place12322
0.469750	reset_n	core.dec_block.block_w1_reg[17]$_DFFE_PN0P_/RN	core.dec_block.block_w1_reg[17]$_DFFE_PN0P_|hold12732|input10|place12283|place12298
0.469804	reset_n	core.keymem.key_mem[5][68]$_DFFE_PN0P_/RN	core.keymem.key_mem[5][68]$_DFFE_PN0P_|hold12732|input10|place12308|place12311|place12322
0.469807	reset_n	core.keymem.key_mem[12][100]$_DFFE_PN0P_/RN	core.keymem.key_mem[12][100]$_DFFE_PN0P_|hold12732|input10|place12308|place12311|place12322
0.469825	reset_n	core.keymem.key_mem[1][15]$_DFFE_PN0P_/RN	core.keymem.key_mem[1][15]$_DFFE_PN0P_|hold12732|input10|place12285|place12298
0.469846	reset_n	core.keymem.key_mem[3][7]$_DFFE_PN0P_/RN	core.keymem.key_mem[3][7]$_DFFE_PN0P_|hold12732|input10|place12290|place12298
0.469846	reset_n	core.keymem.key_mem[2][7]$_DFFE_PN0P_/RN	core.keymem.key_mem[2][7]$_DFFE_PN0P_|hold12732|input10|place12290|place12298
0.469862	reset_n	core.keymem.key_mem[10][100]$_DFFE_PN0P_/RN	core.keymem.key_mem[10][100]$_DFFE_PN0P_|hold12732|input10|place12308|place12311|place12322
0.469876	reset_n	core.keymem.key_mem[8][18]$_DFFE_PN0P_/RN	core.keymem.key_mem[8][18]$_DFFE_PN0P_|hold12732|input10|place12309|place12311|place12322
0.469883	reset_n	core.keymem.key_mem[11][85]$_DFFE_PN0P_/RN	core.keymem.key_mem[11][85]$_DFFE_PN0P_|hold12732|input10|place12308|place12311|place12322
0.469918	reset_n	key_reg[5][6]$_DFFE_PN0P_/RN	hold12732|input10|key_reg[5][6]$_DFFE_PN0P_|place12285|place12298
0.469933	reset_n	core.keymem.key_mem[8][7]$_DFFE_PN0P_/RN	core.keymem.key_mem[8][7]$_DFFE_PN0P_|hold12732|input10|place12290|place12298
0.469939	reset_n	core.dec_block.block_w1_reg[18]$_DFFE_PN0P_/RN	core.dec_block.block_w1_reg[18]$_DFFE_PN0P_|hold12732|input10|place12283|place12298
0.469943	reset_n	core.dec_block.block_w1_reg[10]$_DFFE_PN0P_/RN	core.dec_block.block_w1_reg[10]$_DFFE_PN0P_|hold12732|input10|place12283|place12298
0.469963	reset_n	core.dec_block.block_w2_reg[18]$_DFFE_PN0P_/RN	core.dec_block.block_w2_reg[18]$_DFFE_PN0P_|hold12732|input10|place12283|place12298
0.469976	reset_n	core.dec_block.block_w3_reg[18]$_DFFE_PN0P_/RN	core.dec_block.block_w3_reg[18]$_DFFE_PN0P_|hold12732|input10|place12283|place12298
0.469994	reset_n	core.keymem.key_mem[10][85]$_DFFE_PN0P_/RN	core.keymem.key_mem[10][85]$_DFFE_PN0P_|hold12732|input10|place12308|place12311|place12322
0.470012	reset_n	core.keymem.key_mem[9][85]$_DFFE_PN0P_/RN	core.keymem.key_mem[9][85]$_DFFE_PN0P_|hold12732|input10|place12308|place12311|place12322
0.470133	reset_n	core.keymem.key_mem[10][43]$_DFFE_PN0P_/RN	core.keymem.key_mem[10][43]$_DFFE_PN0P_|hold12732|input10|place12308|place12311|place12322
0.470157	reset_n	core.keymem.key_mem[7][43]$_DFFE_PN0P_/RN	core.keymem.key_mem[7][43]$_DFFE_PN0P_|hold12732|input10|place12308|place12311|place12322
0.470172	reset_n	core.keymem.key_mem[7][100]$_DFFE_PN0P_/RN	core.keymem.key_mem[7][100]$_DFFE_PN0P_|hold12732|input10|place12307|place12311|place12322
0.470197	reset_n	core.keymem.key_mem[11][27]$_DFFE_PN0P_/RN	core.keymem.key_mem[11][27]$_DFFE_PN0P_|hold12732|input10|place12267|place12271
0.470217	reset_n	core.dec_block.block_w2_reg[8]$_DFFE_PN0P_/RN	core.dec_block.block_w2_reg[8]$_DFFE_PN0P_|hold12732|input10|place12283|place12298
0.470227	reset_n	key_reg[0][6]$_DFFE_PN0P_/RN	hold12732|input10|key_reg[0][6]$_DFFE_PN0P_|place12285|place12298
0.470287	reset_n	core.keymem.key_mem[11][97]$_DFFE_PN0P_/RN	core.keymem.key_mem[11][97]$_DFFE_PN0P_|hold12732|input10|place12257|place12262
0.470288	reset_n	core.keymem.key_mem[13][27]$_DFFE_PN0P_/RN	core.keymem.key_mem[13][27]$_DFFE_PN0P_|hold12732|input10|place12267|place12271
0.470332	reset_n	core.keymem.prev_key1_reg[65]$_DFFE_PN0P_/RN	core.keymem.prev_key1_reg[65]$_DFFE_PN0P_|hold12732|input10|place12285|place12298
0.470348	reset_n	core.keymem.prev_key0_reg[65]$_DFFE_PN0P_/RN	core.keymem.prev_key0_reg[65]$_DFFE_PN0P_|hold12732|input10|place12285|place12298
-0.425738	core.enc_block.sword_ctr_reg[0]$_DFFE_PN0P_/Q	core.keymem.key_mem[5][78]$_DFFE_PN0P_/D	_24108_|_24110_|_24111_|_24320_|_24645_|_24652_|_24668_|_24669_|_25677_|_25678_|_26526_|_26530_|_26534_|_31144_|_39369_|core.enc_block.sword_ctr_reg[0]$_DFFE_PN0P_|core.keymem.key_mem[5][78]$_DFFE_PN0P_|place10521|place10522|place10523|place11345|place11648|place11649|place6255|place6695|place9309
-0.425737	core.enc_block.sword_ctr_reg[0]$_DFFE_PN0P_/Q	core.keymem.key_mem[5][78]$_DFFE_PN0P_/D	_24108_|_24110_|_24111_|_24320_|_24645_|_24652_|_24668_|_24669_|_25677_|_25678_|_26526_|_26530_|_26534_|_31144_|_39369_|core.enc_block.sword_ctr_reg[0]$_DFFE_PN0P_|core.keymem.key_mem[5][78]$_DFFE_PN0P_|place10521|place10522|place10523|place11345|place11648|place11649|place6255|place6695|place9309
-0.425691	core.enc_block.sword_ctr_reg[0]$_DFFE_PN0P_/Q	core.keymem.key_mem[5][78]$_DFFE_PN0P_/D	_24108_|_24110_|_24111_|_24320_|_24645_|_24652_|_24668_|_24669_|_25677_|_25678_|_26526_|_26530_|_26534_|_31144_|_39369_|core.enc_block.sword_ctr_reg[0]$_DFFE_PN0P_|core.keymem.key_mem[5][78]$_DFFE_PN0P_|place10521|place10522|place10523|place11345|place11648|place11649|place6255|place6695|place9309
-0.425690	core.enc_block.sword_ctr_reg[0]$_DFFE_PN0P_/Q	core.keymem.key_mem[5][78]$_DFFE_PN0P_/D	_24108_|_24110_|_24111_|_24320_|_24645_|_24652_|_24668_|_24669_|_25677_|_25678_|_26526_|_26530_|_26534_|_31144_|_39369_|core.enc_block.sword_ctr_reg[0]$_DFFE_PN0P_|core.keymem.key_mem[5][78]$_DFFE_PN0P_|place10521|place10522|place10523|place11345|place11648|place11649|place6255|place6695|place9309
-0.425495	core.enc_block.sword_ctr_reg[1]$_DFFE_PN0P_/Q	core.keymem.key_mem[5][78]$_DFFE_PN0P_/D	_24108_|_24110_|_24111_|_24320_|_24645_|_24652_|_24668_|_24669_|_25677_|_25678_|_26526_|_26530_|_26534_|_31144_|_39369_|core.enc_block.sword_ctr_reg[1]$_DFFE_PN0P_|core.keymem.key_mem[5][78]$_DFFE_PN0P_|place10521|place10522|place10523|place11345|place11648|place11649|place6255|place6695|place9309
-0.425494	core.enc_block.sword_ctr_reg[1]$_DFFE_PN0P_/Q	core.keymem.key_mem[5][78]$_DFFE_PN0P_/D	_24108_|_24110_|_24111_|_24320_|_24645_|_24652_|_24668_|_24669_|_25677_|_25678_|_26526_|_26530_|_26534_|_31144_|_39369_|core.enc_block.sword_ctr_reg[1]$_DFFE_PN0P_|core.keymem.key_mem[5][78]$_DFFE_PN0P_|place10521|place10522|place10523|place11345|place11648|place11649|place6255|place6695|place9309
-0.425482	core.enc_block.sword_ctr_reg[0]$_DFFE_PN0P_/Q	core.keymem.key_mem[5][78]$_DFFE_PN0P_/D	_24108_|_24110_|_24111_|_24320_|_24645_|_24652_|_24668_|_24669_|_25677_|_25678_|_26526_|_26530_|_26534_|_31144_|_39369_|core.enc_block.sword_ctr_reg[0]$_DFFE_PN0P_|core.keymem.key_mem[5][78]$_DFFE_PN0P_|place10521|place10522|place10523|place11345|place11648|place11649|place6255|place6695|place9309
-0.425481	core.enc_block.sword_ctr_reg[0]$_DFFE_PN0P_/Q	core.keymem.key_mem[5][78]$_DFFE_PN0P_/D	_24108_|_24110_|_24111_|_24320_|_24645_|_24652_|_24668_|_24669_|_25677_|_25678_|_26526_|_26530_|_26534_|_31144_|_39369_|core.enc_block.sword_ctr_reg[0]$_DFFE_PN0P_|core.keymem.key_mem[5][78]$_DFFE_PN0P_|place10521|place10522|place10523|place11345|place11648|place11649|place6255|place6695|place9309
-0.425449	core.enc_block.sword_ctr_reg[1]$_DFFE_PN0P_/Q	core.keymem.key_mem[5][78]$_DFFE_PN0P_/D	_24108_|_24110_|_24111_|_24320_|_24645_|_24652_|_24668_|_24669_|_25677_|_25678_|_26526_|_26530_|_26534_|_31144_|_39369_|core.enc_block.sword_ctr_reg[1]$_DFFE_PN0P_|core.keymem.key_mem[5][78]$_DFFE_PN0P_|place10521|place10522|place10523|place11345|place11648|place11649|place6255|place6695|place9309
-0.425448	core.enc_block.sword_ctr_reg[1]$_DFFE_PN0P_/Q	core.keymem.key_mem[5][78]$_DFFE_PN0P_/D	_24108_|_24110_|_24111_|_24320_|_24645_|_24652_|_24668_|_24669_|_25677_|_25678_|_26526_|_26530_|_26534_|_31144_|_39369_|core.enc_block.sword_ctr_reg[1]$_DFFE_PN0P_|core.keymem.key_mem[5][78]$_DFFE_PN0P_|place10521|place10522|place10523|place11345|place11648|place11649|place6255|place6695|place9309
-0.425240	core.enc_block.sword_ctr_reg[1]$_DFFE_PN0P_/Q	core.keymem.key_mem[5][78]$_DFFE_PN0P_/D	_24108_|_24110_|_24111_|_24320_|_24645_|_24652_|_24668_|_24669_|_25677_|_25678_|_26526_|_26530_|_26534_|_31144_|_39369_|core.enc_block.sword_ctr_reg[1]$_DFFE_PN0P_|core.keymem.key_mem[5][78]$_DFFE_PN0P_|place10521|place10522|place10523|place11345|place11648|place11649|place6255|place6695|place9309
-0.425239	core.enc_block.sword_ctr_reg[1]$_DFFE_PN0P_/Q	core.keymem.key_mem[5][78]$_DFFE_PN0P_/D	_24108_|_24110_|_24111_|_24320_|_24645_|_24652_|_24668_|_24669_|_25677_|_25678_|_26526_|_26530_|_26534_|_31144_|_39369_|core.enc_block.sword_ctr_reg[1]$_DFFE_PN0P_|core.keymem.key_mem[5][78]$_DFFE_PN0P_|place10521|place10522|place10523|place11345|place11648|place11649|place6255|place6695|place9309
-0.424420	core.enc_block.sword_ctr_reg[0]$_DFFE_PN0P_/Q	core.keymem.key_mem[5][78]$_DFFE_PN0P_/D	_24109_|_24110_|_24125_|_24314_|_24632_|_24634_|_24641_|_24668_|_24669_|_25677_|_25678_|_26526_|_26530_|_26534_|_31144_|_39368_|core.enc_block.sword_ctr_reg[0]$_DFFE_PN0P_|core.keymem.key_mem[5][78]$_DFFE_PN0P_|place11345|place11656|place11659|place6255|place6695|place9312
-0.424419	core.enc_block.sword_ctr_reg[0]$_DFFE_PN0P_/Q	core.keymem.key_mem[5][78]$_DFFE_PN0P_/D	_24109_|_24110_|_24125_|_24314_|_24632_|_24634_|_24641_|_24668_|_24669_|_25677_|_25678_|_26526_|_26530_|_26534_|_31144_|_39368_|core.enc_block.sword_ctr_reg[0]$_DFFE_PN0P_|core.keymem.key_mem[5][78]$_DFFE_PN0P_|place11345|place11656|place11659|place6255|place6695|place9312
-0.424374	core.enc_block.sword_ctr_reg[0]$_DFFE_PN0P_/Q	core.keymem.key_mem[5][78]$_DFFE_PN0P_/D	_24109_|_24110_|_24125_|_24314_|_24632_|_24634_|_24641_|_24668_|_24669_|_25677_|_25678_|_26526_|_26530_|_26534_|_31144_|_39368_|core.enc_block.sword_ctr_reg[0]$_DFFE_PN0P_|core.keymem.key_mem[5][78]$_DFFE_PN0P_|place11345|place11656|place11659|place6255|place6695|place9312
-0.424373	core.enc_block.sword_ctr_reg[0]$_DFFE_PN0P_/Q	core.keymem.key_mem[5][78]$_DFFE_PN0P_/D	_24109_|_24110_|_24125_|_24314_|_24632_|_24634_|_24641_|_24668_|_24669_|_25677_|_25678_|_26526_|_26530_|_26534_|_31144_|_39368_|core.enc_block.sword_ctr_reg[0]$_DFFE_PN0P_|core.keymem.key_mem[5][78]$_DFFE_PN0P_|place11345|place11656|place11659|place6255|place6695|place9312
-0.424165	core.enc_block.sword_ctr_reg[0]$_DFFE_PN0P_/Q	core.keymem.key_mem[5][78]$_DFFE_PN0P_/D	_24109_|_24110_|_24125_|_24314_|_24632_|_24634_|_24641_|_24668_|_24669_|_25677_|_25678_|_26526_|_26530_|_26534_|_31144_|_39368_|core.enc_block.sword_ctr_reg[0]$_DFFE_PN0P_|core.keymem.key_mem[5][78]$_DFFE_PN0P_|place11345|place11656|place11659|place6255|place6695|place9312
-0.424164	core.enc_block.sword_ctr_reg[0]$_DFFE_PN0P_/Q	core.keymem.key_mem[5][78]$_DFFE_PN0P_/D	_24109_|_24110_|_24125_|_24314_|_24632_|_24634_|_24641_|_24668_|_24669_|_25677_|_25678_|_26526_|_26530_|_26534_|_31144_|_39368_|core.enc_block.sword_ctr_reg[0]$_DFFE_PN0P_|core.keymem.key_mem[5][78]$_DFFE_PN0P_|place11345|place11656|place11659|place6255|place6695|place9312
-0.424156	core.enc_block.sword_ctr_reg[0]$_DFFE_PN0P_/Q	core.keymem.key_mem[5][78]$_DFFE_PN0P_/D	_24108_|_24110_|_24111_|_24320_|_24645_|_24652_|_24668_|_24669_|_25677_|_25678_|_26526_|_26530_|_26534_|_31144_|_39369_|core.enc_block.sword_ctr_reg[0]$_DFFE_PN0P_|core.keymem.key_mem[5][78]$_DFFE_PN0P_|place10521|place10522|place10523|place11345|place11648|place11649|place6255|place6695|place9309
-0.424155	core.enc_block.sword_ctr_reg[0]$_DFFE_PN0P_/Q	core.keymem.key_mem[5][78]$_DFFE_PN0P_/D	_24108_|_24110_|_24111_|_24320_|_24645_|_24652_|_24668_|_24669_|_25677_|_25678_|_26526_|_26530_|_26534_|_31144_|_39369_|core.enc_block.sword_ctr_reg[0]$_DFFE_PN0P_|core.keymem.key_mem[5][78]$_DFFE_PN0P_|place10521|place10522|place10523|place11345|place11648|place11649|place6255|place6695|place9309
-0.423972	core.enc_block.sword_ctr_reg[0]$_DFFE_PN0P_/Q	core.keymem.key_mem[6][78]$_DFFE_PN0P_/D	_24108_|_24110_|_24111_|_24320_|_24645_|_24652_|_24668_|_24669_|_25677_|_25678_|_26526_|_26530_|_26534_|_31309_|_39369_|core.enc_block.sword_ctr_reg[0]$_DFFE_PN0P_|core.keymem.key_mem[6][78]$_DFFE_PN0P_|place10521|place10522|place10523|place11345|place11648|place11649|place6255|place6695|place9309
-0.423971	core.enc_block.sword_ctr_reg[0]$_DFFE_PN0P_/Q	core.keymem.key_mem[6][78]$_DFFE_PN0P_/D	_24108_|_24110_|_24111_|_24320_|_24645_|_24652_|_24668_|_24669_|_25677_|_25678_|_26526_|_26530_|_26534_|_31309_|_39369_|core.enc_block.sword_ctr_reg[0]$_DFFE_PN0P_|core.keymem.key_mem[6][78]$_DFFE_PN0P_|place10521|place10522|place10523|place11345|place11648|place11649|place6255|place6695|place9309
-0.423970	core.enc_block.sword_ctr_reg[0]$_DFFE_PN0P_/Q	core.keymem.key_mem[5][78]$_DFFE_PN0P_/D	_24108_|_24110_|_24111_|_24320_|_24645_|_24652_|_24668_|_24669_|_25677_|_25678_|_26526_|_26530_|_26534_|_31144_|_39369_|core.enc_block.sword_ctr_reg[0]$_DFFE_PN0P_|core.keymem.key_mem[5][78]$_DFFE_PN0P_|place10521|place10522|place10523|place11345|place11648|place11649|place6255|place6695|place9309
-0.423969	core.enc_block.sword_ctr_reg[0]$_DFFE_PN0P_/Q	core.keymem.key_mem[5][78]$_DFFE_PN0P_/D	_24108_|_24110_|_24111_|_24320_|_24645_|_24652_|_24668_|_24669_|_25677_|_25678_|_26526_|_26530_|_26534_|_31144_|_39369_|core.enc_block.sword_ctr_reg[0]$_DFFE_PN0P_|core.keymem.key_mem[5][78]$_DFFE_PN0P_|place10521|place10522|place10523|place11345|place11648|place11649|place6255|place6695|place9309
-0.423926	core.enc_block.sword_ctr_reg[0]$_DFFE_PN0P_/Q	core.keymem.key_mem[6][78]$_DFFE_PN0P_/D	_24108_|_24110_|_24111_|_24320_|_24645_|_24652_|_24668_|_24669_|_25677_|_25678_|_26526_|_26530_|_26534_|_31309_|_39369_|core.enc_block.sword_ctr_reg[0]$_DFFE_PN0P_|core.keymem.key_mem[6][78]$_DFFE_PN0P_|place10521|place10522|place10523|place11345|place11648|place11649|place6255|place6695|place9309
-0.423925	core.enc_block.sword_ctr_reg[0]$_DFFE_PN0P_/Q	core.keymem.key_mem[6][78]$_DFFE_PN0P_/D	_24108_|_24110_|_24111_|_24320_|_24645_|_24652_|_24668_|_24669_|_25677_|_25678_|_26526_|_26530_|_26534_|_31309_|_39369_|core.enc_block.sword_ctr_reg[0]$_DFFE_PN0P_|core.keymem.key_mem[6][78]$_DFFE_PN0P_|place10521|place10522|place10523|place11345|place11648|place11649|place6255|place6695|place9309
-0.423923	core.enc_block.sword_ctr_reg[0]$_DFFE_PN0P_/Q	core.keymem.key_mem[5][78]$_DFFE_PN0P_/D	_24108_|_24110_|_24111_|_24320_|_24645_|_24652_|_24668_|_24669_|_25677_|_25678_|_26526_|_26530_|_26534_|_31144_|_39369_|core.enc_block.sword_ctr_reg[0]$_DFFE_PN0P_|core.keymem.key_mem[5][78]$_DFFE_PN0P_|place10521|place10522|place10523|place11345|place11648|place11649|place6255|place6695|place9309
-0.423922	core.enc_block.sword_ctr_reg[0]$_DFFE_PN0P_/Q	core.keymem.key_mem[5][78]$_DFFE_PN0P_/D	_24108_|_24110_|_24111_|_24320_|_24645_|_24652_|_24668_|_24669_|_25677_|_25678_|_26526_|_26530_|_26534_|_31144_|_39369_|core.enc_block.sword_ctr_reg[0]$_DFFE_PN0P_|core.keymem.key_mem[5][78]$_DFFE_PN0P_|place10521|place10522|place10523|place11345|place11648|place11649|place6255|place6695|place9309
-0.423914	core.enc_block.sword_ctr_reg[1]$_DFFE_PN0P_/Q	core.keymem.key_mem[5][78]$_DFFE_PN0P_/D	_24108_|_24110_|_24111_|_24320_|_24645_|_24652_|_24668_|_24669_|_25677_|_25678_|_26526_|_26530_|_26534_|_31144_|_39369_|core.enc_block.sword_ctr_reg[1]$_DFFE_PN0P_|core.keymem.key_mem[5][78]$_DFFE_PN0P_|place10521|place10522|place10523|place11345|place11648|place11649|place6255|place6695|place9309
-0.423913	core.enc_block.sword_ctr_reg[1]$_DFFE_PN0P_/Q	core.keymem.key_mem[5][78]$_DFFE_PN0P_/D	_24108_|_24110_|_24111_|_24320_|_24645_|_24652_|_24668_|_24669_|_25677_|_25678_|_26526_|_26530_|_26534_|_31144_|_39369_|core.enc_block.sword_ctr_reg[1]$_DFFE_PN0P_|core.keymem.key_mem[5][78]$_DFFE_PN0P_|place10521|place10522|place10523|place11345|place11648|place11649|place6255|place6695|place9309
-0.423863	core.enc_block.sword_ctr_reg[0]$_DFFE_PN0P_/Q	core.keymem.key_mem[5][78]$_DFFE_PN0P_/D	_24108_|_24110_|_24111_|_24320_|_24645_|_24652_|_24668_|_24669_|_25677_|_25678_|_26526_|_26530_|_26534_|_31144_|_39369_|core.enc_block.sword_ctr_reg[0]$_DFFE_PN0P_|core.keymem.key_mem[5][78]$_DFFE_PN0P_|place10521|place10522|place10523|place11345|place11648|place11649|place6255|place6695|place9309
-0.423863	core.enc_block.sword_ctr_reg[0]$_DFFE_PN0P_/Q	core.keymem.key_mem[5][78]$_DFFE_PN0P_/D	_24108_|_24110_|_24111_|_24320_|_24645_|_24652_|_24668_|_24669_|_25677_|_25678_|_26526_|_26530_|_26534_|_31144_|_39369_|core.enc_block.sword_ctr_reg[0]$_DFFE_PN0P_|core.keymem.key_mem[5][78]$_DFFE_PN0P_|place10521|place10522|place10523|place11345|place11648|place11649|place6255|place6695|place9309
-0.423862	core.enc_block.sword_ctr_reg[0]$_DFFE_PN0P_/Q	core.keymem.key_mem[5][78]$_DFFE_PN0P_/D	_24108_|_24110_|_24111_|_24320_|_24645_|_24652_|_24668_|_24669_|_25677_|_25678_|_26526_|_26530_|_26534_|_31144_|_39369_|core.enc_block.sword_ctr_reg[0]$_DFFE_PN0P_|core.keymem.key_mem[5][78]$_DFFE_PN0P_|place10521|place10522|place10523|place11345|place11648|place11649|place6255|place6695|place9309
-0.423862	core.enc_block.sword_ctr_reg[0]$_DFFE_PN0P_/Q	core.keymem.key_mem[5][78]$_DFFE_PN0P_/D	_24108_|_24110_|_24111_|_24320_|_24645_|_24652_|_24668_|_24669_|_25677_|_25678_|_26526_|_26530_|_26534_|_31144_|_39369_|core.enc_block.sword_ctr_reg[0]$_DFFE_PN0P_|core.keymem.key_mem[5][78]$_DFFE_PN0P_|place10521|place10522|place10523|place11345|place11648|place11649|place6255|place6695|place9309
-0.423754	core.enc_block.sword_ctr_reg[0]$_DFFE_PN0P_/Q	core.keymem.key_mem[5][78]$_DFFE_PN0P_/D	_24108_|_24110_|_24111_|_24320_|_24645_|_24652_|_24668_|_24669_|_25677_|_25678_|_26526_|_26530_|_26534_|_31144_|_39369_|core.enc_block.sword_ctr_reg[0]$_DFFE_PN0P_|core.keymem.key_mem[5][78]$_DFFE_PN0P_|place10521|place10522|place10523|place11345|place11648|place11649|place6255|place6695|place9309
-0.423753	core.enc_block.sword_ctr_reg[0]$_DFFE_PN0P_/Q	core.keymem.key_mem[5][78]$_DFFE_PN0P_/D	_24108_|_24110_|_24111_|_24320_|_24645_|_24652_|_24668_|_24669_|_25677_|_25678_|_26526_|_26530_|_26534_|_31144_|_39369_|core.enc_block.sword_ctr_reg[0]$_DFFE_PN0P_|core.keymem.key_mem[5][78]$_DFFE_PN0P_|place10521|place10522|place10523|place11345|place11648|place11649|place6255|place6695|place9309
-0.423730	core.enc_block.sword_ctr_reg[1]$_DFFE_PN0P_/Q	core.keymem.key_mem[6][78]$_DFFE_PN0P_/D	_24108_|_24110_|_24111_|_24320_|_24645_|_24652_|_24668_|_24669_|_25677_|_25678_|_26526_|_26530_|_26534_|_31309_|_39369_|core.enc_block.sword_ctr_reg[1]$_DFFE_PN0P_|core.keymem.key_mem[6][78]$_DFFE_PN0P_|place10521|place10522|place10523|place11345|place11648|place11649|place6255|place6695|place9309
-0.423729	core.enc_block.sword_ctr_reg[1]$_DFFE_PN0P_/Q	core.keymem.key_mem[6][78]$_DFFE_PN0P_/D	_24108_|_24110_|_24111_|_24320_|_24645_|_24652_|_24668_|_24669_|_25677_|_25678_|_26526_|_26530_|_26534_|_31309_|_39369_|core.enc_block.sword_ctr_reg[1]$_DFFE_PN0P_|core.keymem.key_mem[6][78]$_DFFE_PN0P_|place10521|place10522|place10523|place11345|place11648|place11649|place6255|place6695|place9309
-0.423728	core.enc_block.sword_ctr_reg[1]$_DFFE_PN0P_/Q	core.keymem.key_mem[5][78]$_DFFE_PN0P_/D	_24108_|_24110_|_24111_|_24320_|_24645_|_24652_|_24668_|_24669_|_25677_|_25678_|_26526_|_26530_|_26534_|_31144_|_39369_|core.enc_block.sword_ctr_reg[1]$_DFFE_PN0P_|core.keymem.key_mem[5][78]$_DFFE_PN0P_|place10521|place10522|place10523|place11345|place11648|place11649|place6255|place6695|place9309
-0.423727	core.enc_block.sword_ctr_reg[1]$_DFFE_PN0P_/Q	core.keymem.key_mem[5][78]$_DFFE_PN0P_/D	_24108_|_24110_|_24111_|_24320_|_24645_|_24652_|_24668_|_24669_|_25677_|_25678_|_26526_|_26530_|_26534_|_31144_|_39369_|core.enc_block.sword_ctr_reg[1]$_DFFE_PN0P_|core.keymem.key_mem[5][78]$_DFFE_PN0P_|place10521|place10522|place10523|place11345|place11648|place11649|place6255|place6695|place9309
-0.423717	core.enc_block.sword_ctr_reg[0]$_DFFE_PN0P_/Q	core.keymem.key_mem[6][78]$_DFFE_PN0P_/D	_24108_|_24110_|_24111_|_24320_|_24645_|_24652_|_24668_|_24669_|_25677_|_25678_|_26526_|_26530_|_26534_|_31309_|_39369_|core.enc_block.sword_ctr_reg[0]$_DFFE_PN0P_|core.keymem.key_mem[6][78]$_DFFE_PN0P_|place10521|place10522|place10523|place11345|place11648|place11649|place6255|place6695|place9309
-0.423716	core.enc_block.sword_ctr_reg[1]$_DFFE_PN0P_/Q	core.keymem.key_mem[5][78]$_DFFE_PN0P_/D	_25289_|_25290_|_25291_|_25518_|_25658_|_25660_|_25665_|_25675_|_25676_|_25677_|_25678_|_26526_|_26530_|_26534_|_31144_|_39369_|core.enc_block.sword_ctr_reg[1]$_DFFE_PN0P_|core.keymem.key_mem[5][78]$_DFFE_PN0P_|place10247|place11649|place6255|place6695
-0.423716	core.enc_block.sword_ctr_reg[0]$_DFFE_PN0P_/Q	core.keymem.key_mem[6][78]$_DFFE_PN0P_/D	_24108_|_24110_|_24111_|_24320_|_24645_|_24652_|_24668_|_24669_|_25677_|_25678_|_26526_|_26530_|_26534_|_31309_|_39369_|core.enc_block.sword_ctr_reg[0]$_DFFE_PN0P_|core.keymem.key_mem[6][78]$_DFFE_PN0P_|place10521|place10522|place10523|place11345|place11648|place11649|place6255|place6695|place9309
-0.423715	core.enc_block.sword_ctr_reg[0]$_DFFE_PN0P_/Q	core.keymem.key_mem[5][78]$_DFFE_PN0P_/D	_24108_|_24110_|_24111_|_24320_|_24645_|_24652_|_24668_|_24669_|_25677_|_25678_|_26526_|_26530_|_26534_|_31144_|_39369_|core.enc_block.sword_ctr_reg[0]$_DFFE_PN0P_|core.keymem.key_mem[5][78]$_DFFE_PN0P_|place10521|place10522|place10523|place11345|place11648|place11649|place6255|place6695|place9309
-0.423715	core.enc_block.sword_ctr_reg[1]$_DFFE_PN0P_/Q	core.keymem.key_mem[5][78]$_DFFE_PN0P_/D	_25289_|_25290_|_25291_|_25518_|_25658_|_25660_|_25665_|_25675_|_25676_|_25677_|_25678_|_26526_|_26530_|_26534_|_31144_|_39369_|core.enc_block.sword_ctr_reg[1]$_DFFE_PN0P_|core.keymem.key_mem[5][78]$_DFFE_PN0P_|place10247|place11649|place6255|place6695
-0.423715	core.enc_block.sword_ctr_reg[1]$_DFFE_PN0P_/Q	core.keymem.key_mem[5][78]$_DFFE_PN0P_/D	_25289_|_25290_|_25291_|_25518_|_25658_|_25660_|_25665_|_25675_|_25676_|_25677_|_25678_|_26526_|_26530_|_26534_|_31144_|_39369_|core.enc_block.sword_ctr_reg[1]$_DFFE_PN0P_|core.keymem.key_mem[5][78]$_DFFE_PN0P_|place10247|place11649|place6255|place6695
-0.423714	core.enc_block.sword_ctr_reg[0]$_DFFE_PN0P_/Q	core.keymem.key_mem[5][78]$_DFFE_PN0P_/D	_24108_|_24110_|_24111_|_24320_|_24645_|_24652_|_24668_|_24669_|_25677_|_25678_|_26526_|_26530_|_26534_|_31144_|_39369_|core.enc_block.sword_ctr_reg[0]$_DFFE_PN0P_|core.keymem.key_mem[5][78]$_DFFE_PN0P_|place10521|place10522|place10523|place11345|place11648|place11649|place6255|place6695|place9309
-0.423714	core.enc_block.sword_ctr_reg[1]$_DFFE_PN0P_/Q	core.keymem.key_mem[5][78]$_DFFE_PN0P_/D	_25289_|_25290_|_25291_|_25518_|_25658_|_25660_|_25665_|_25675_|_25676_|_25677_|_25678_|_26526_|_26530_|_26534_|_31144_|_39369_|core.enc_block.sword_ctr_reg[1]$_DFFE_PN0P_|core.keymem.key_mem[5][78]$_DFFE_PN0P_|place10247|place11649|place6255|place6695
-0.423684	core.enc_block.sword_ctr_reg[1]$_DFFE_PN0P_/Q	core.keymem.key_mem[6][78]$_DFFE_PN0P_/D	_24108_|_24110_|_24111_|_24320_|_24645_|_24652_|_24668_|_24669_|_25677_|_25678_|_26526_|_26530_|_26534_|_31309_|_39369_|core.enc_block.sword_ctr_reg[1]$_DFFE_PN0P_|core.keymem.key_mem[6][78]$_DFFE_PN0P_|place10521|place10522|place10523|place11345|place11648|place11649|place6255|place6695|place9309
-0.423682	core.enc_block.sword_ctr_reg[1]$_DFFE_PN0P_/Q	core.keymem.key_mem[6][78]$_DFFE_PN0P_/D	_24108_|_24110_|_24111_|_24320_|_24645_|_24652_|_24668_|_24669_|_25677_|_25678_|_26526_|_26530_|_26534_|_31309_|_39369_|core.enc_block.sword_ctr_reg[1]$_DFFE_PN0P_|core.keymem.key_mem[6][78]$_DFFE_PN0P_|place10521|place10522|place10523|place11345|place11648|place11649|place6255|place6695|place9309
-0.423681	core.enc_block.sword_ctr_reg[1]$_DFFE_PN0P_/Q	core.keymem.key_mem[5][78]$_DFFE_PN0P_/D	_24108_|_24110_|_24111_|_24320_|_24645_|_24652_|_24668_|_24669_|_25677_|_25678_|_26526_|_26530_|_26534_|_31144_|_39369_|core.enc_block.sword_ctr_reg[1]$_DFFE_PN0P_|core.keymem.key_mem[5][78]$_DFFE_PN0P_|place10521|place10522|place10523|place11345|place11648|place11649|place6255|place6695|place9309
-0.423680	core.enc_block.sword_ctr_reg[1]$_DFFE_PN0P_/Q	core.keymem.key_mem[5][78]$_DFFE_PN0P_/D	_24108_|_24110_|_24111_|_24320_|_24645_|_24652_|_24668_|_24669_|_25677_|_25678_|_26526_|_26530_|_26534_|_31144_|_39369_|core.enc_block.sword_ctr_reg[1]$_DFFE_PN0P_|core.keymem.key_mem[5][78]$_DFFE_PN0P_|place10521|place10522|place10523|place11345|place11648|place11649|place6255|place6695|place9309
-0.423664	core.enc_block.sword_ctr_reg[0]$_DFFE_PN0P_/Q	core.keymem.key_mem[5][78]$_DFFE_PN0P_/D	_24108_|_24110_|_24111_|_24320_|_24645_|_24652_|_24668_|_24669_|_25677_|_25678_|_26526_|_26530_|_26534_|_31144_|_39369_|core.enc_block.sword_ctr_reg[0]$_DFFE_PN0P_|core.keymem.key_mem[5][78]$_DFFE_PN0P_|place10521|place10522|place10523|place11345|place11648|place11649|place6255|place6695|place9309
-0.423663	core.enc_block.sword_ctr_reg[0]$_DFFE_PN0P_/Q	core.keymem.key_mem[5][78]$_DFFE_PN0P_/D	_24108_|_24110_|_24111_|_24320_|_24645_|_24652_|_24668_|_24669_|_25677_|_25678_|_26526_|_26530_|_26534_|_31144_|_39369_|core.enc_block.sword_ctr_reg[0]$_DFFE_PN0P_|core.keymem.key_mem[5][78]$_DFFE_PN0P_|place10521|place10522|place10523|place11345|place11648|place11649|place6255|place6695|place9309
-0.423621	core.enc_block.sword_ctr_reg[1]$_DFFE_PN0P_/Q	core.keymem.key_mem[5][78]$_DFFE_PN0P_/D	_24108_|_24110_|_24111_|_24320_|_24645_|_24652_|_24668_|_24669_|_25677_|_25678_|_26526_|_26530_|_26534_|_31144_|_39369_|core.enc_block.sword_ctr_reg[1]$_DFFE_PN0P_|core.keymem.key_mem[5][78]$_DFFE_PN0P_|place10521|place10522|place10523|place11345|place11648|place11649|place6255|place6695|place9309
-0.423621	core.enc_block.sword_ctr_reg[1]$_DFFE_PN0P_/Q	core.keymem.key_mem[5][78]$_DFFE_PN0P_/D	_24108_|_24110_|_24111_|_24320_|_24645_|_24652_|_24668_|_24669_|_25677_|_25678_|_26526_|_26530_|_26534_|_31144_|_39369_|core.enc_block.sword_ctr_reg[1]$_DFFE_PN0P_|core.keymem.key_mem[5][78]$_DFFE_PN0P_|place10521|place10522|place10523|place11345|place11648|place11649|place6255|place6695|place9309
-0.423620	core.enc_block.sword_ctr_reg[1]$_DFFE_PN0P_/Q	core.keymem.key_mem[5][78]$_DFFE_PN0P_/D	_24108_|_24110_|_24111_|_24320_|_24645_|_24652_|_24668_|_24669_|_25677_|_25678_|_26526_|_26530_|_26534_|_31144_|_39369_|core.enc_block.sword_ctr_reg[1]$_DFFE_PN0P_|core.keymem.key_mem[5][78]$_DFFE_PN0P_|place10521|place10522|place10523|place11345|place11648|place11649|place6255|place6695|place9309
-0.423620	core.enc_block.sword_ctr_reg[1]$_DFFE_PN0P_/Q	core.keymem.key_mem[5][78]$_DFFE_PN0P_/D	_24108_|_24110_|_24111_|_24320_|_24645_|_24652_|_24668_|_24669_|_25677_|_25678_|_26526_|_26530_|_26534_|_31144_|_39369_|core.enc_block.sword_ctr_reg[1]$_DFFE_PN0P_|core.keymem.key_mem[5][78]$_DFFE_PN0P_|place10521|place10522|place10523|place11345|place11648|place11649|place6255|place6695|place9309
-0.423617	core.enc_block.sword_ctr_reg[0]$_DFFE_PN0P_/Q	core.keymem.key_mem[5][78]$_DFFE_PN0P_/D	_24108_|_24110_|_24111_|_24320_|_24645_|_24652_|_24668_|_24669_|_25677_|_25678_|_26526_|_26530_|_26534_|_31144_|_39369_|core.enc_block.sword_ctr_reg[0]$_DFFE_PN0P_|core.keymem.key_mem[5][78]$_DFFE_PN0P_|place10521|place10522|place10523|place11345|place11648|place11649|place6255|place6695|place9309
-0.423616	core.enc_block.sword_ctr_reg[0]$_DFFE_PN0P_/Q	core.keymem.key_mem[5][78]$_DFFE_PN0P_/D	_24108_|_24110_|_24111_|_24320_|_24645_|_24652_|_24668_|_24669_|_25677_|_25678_|_26526_|_26530_|_26534_|_31144_|_39369_|core.enc_block.sword_ctr_reg[0]$_DFFE_PN0P_|core.keymem.key_mem[5][78]$_DFFE_PN0P_|place10521|place10522|place10523|place11345|place11648|place11649|place6255|place6695|place9309
-0.423595	core.enc_block.sword_ctr_reg[0]$_DFFE_PN0P_/Q	core.keymem.key_mem[8][78]$_DFFE_PN0P_/D	_24108_|_24110_|_24111_|_24320_|_24645_|_24652_|_24668_|_24669_|_25677_|_25678_|_26526_|_26530_|_26534_|_28357_|_39369_|core.enc_block.sword_ctr_reg[0]$_DFFE_PN0P_|core.keymem.key_mem[8][78]$_DFFE_PN0P_|place10521|place10522|place10523|place11345|place11648|place11649|place6255|place6695|place9309
-0.423594	core.enc_block.sword_ctr_reg[0]$_DFFE_PN0P_/Q	core.keymem.key_mem[8][78]$_DFFE_PN0P_/D	_24108_|_24110_|_24111_|_24320_|_24645_|_24652_|_24668_|_24669_|_25677_|_25678_|_26526_|_26530_|_26534_|_28357_|_39369_|core.enc_block.sword_ctr_reg[0]$_DFFE_PN0P_|core.keymem.key_mem[8][78]$_DFFE_PN0P_|place10521|place10522|place10523|place11345|place11648|place11649|place6255|place6695|place9309
-0.423549	core.enc_block.sword_ctr_reg[0]$_DFFE_PN0P_/Q	core.keymem.key_mem[8][78]$_DFFE_PN0P_/D	_24108_|_24110_|_24111_|_24320_|_24645_|_24652_|_24668_|_24669_|_25677_|_25678_|_26526_|_26530_|_26534_|_28357_|_39369_|core.enc_block.sword_ctr_reg[0]$_DFFE_PN0P_|core.keymem.key_mem[8][78]$_DFFE_PN0P_|place10521|place10522|place10523|place11345|place11648|place11649|place6255|place6695|place9309
-0.423548	core.enc_block.sword_ctr_reg[0]$_DFFE_PN0P_/Q	core.keymem.key_mem[8][78]$_DFFE_PN0P_/D	_24108_|_24110_|_24111_|_24320_|_24645_|_24652_|_24668_|_24669_|_25677_|_25678_|_26526_|_26530_|_26534_|_28357_|_39369_|core.enc_block.sword_ctr_reg[0]$_DFFE_PN0P_|core.keymem.key_mem[8][78]$_DFFE_PN0P_|place10521|place10522|place10523|place11345|place11648|place11649|place6255|place6695|place9309
-0.423511	core.enc_block.sword_ctr_reg[1]$_DFFE_PN0P_/Q	core.keymem.key_mem[5][78]$_DFFE_PN0P_/D	_24108_|_24110_|_24111_|_24320_|_24645_|_24652_|_24668_|_24669_|_25677_|_25678_|_26526_|_26530_|_26534_|_31144_|_39369_|core.enc_block.sword_ctr_reg[1]$_DFFE_PN0P_|core.keymem.key_mem[5][78]$_DFFE_PN0P_|place10521|place10522|place10523|place11345|place11648|place11649|place6255|place6695|place9309
-0.423510	core.enc_block.sword_ctr_reg[1]$_DFFE_PN0P_/Q	core.keymem.key_mem[5][78]$_DFFE_PN0P_/D	_24108_|_24110_|_24111_|_24320_|_24645_|_24652_|_24668_|_24669_|_25677_|_25678_|_26526_|_26530_|_26534_|_31144_|_39369_|core.enc_block.sword_ctr_reg[1]$_DFFE_PN0P_|core.keymem.key_mem[5][78]$_DFFE_PN0P_|place10521|place10522|place10523|place11345|place11648|place11649|place6255|place6695|place9309
-0.423475	core.enc_block.sword_ctr_reg[1]$_DFFE_PN0P_/Q	core.keymem.key_mem[6][78]$_DFFE_PN0P_/D	_24108_|_24110_|_24111_|_24320_|_24645_|_24652_|_24668_|_24669_|_25677_|_25678_|_26526_|_26530_|_26534_|_31309_|_39369_|core.enc_block.sword_ctr_reg[1]$_DFFE_PN0P_|core.keymem.key_mem[6][78]$_DFFE_PN0P_|place10521|place10522|place10523|place11345|place11648|place11649|place6255|place6695|place9309
-0.423473	core.enc_block.sword_ctr_reg[1]$_DFFE_PN0P_/Q	core.keymem.key_mem[6][78]$_DFFE_PN0P_/D	_24108_|_24110_|_24111_|_24320_|_24645_|_24652_|_24668_|_24669_|_25677_|_25678_|_26526_|_26530_|_26534_|_31309_|_39369_|core.enc_block.sword_ctr_reg[1]$_DFFE_PN0P_|core.keymem.key_mem[6][78]$_DFFE_PN0P_|place10521|place10522|place10523|place11345|place11648|place11649|place6255|place6695|place9309
-0.423472	core.enc_block.sword_ctr_reg[1]$_DFFE_PN0P_/Q	core.keymem.key_mem[5][78]$_DFFE_PN0P_/D	_24108_|_24110_|_24111_|_24320_|_24645_|_24652_|_24668_|_24669_|_25677_|_25678_|_26526_|_26530_|_26534_|_31144_|_39369_|core.enc_block.sword_ctr_reg[1]$_DFFE_PN0P_|core.keymem.key_mem[5][78]$_DFFE_PN0P_|place10521|place10522|place10523|place11345|place11648|place11649|place6255|place6695|place9309
-0.423471	core.enc_block.sword_ctr_reg[1]$_DFFE_PN0P_/Q	core.keymem.key_mem[5][78]$_DFFE_PN0P_/D	_24108_|_24110_|_24111_|_24320_|_24645_|_24652_|_24668_|_24669_|_25677_|_25678_|_26526_|_26530_|_26534_|_31144_|_39369_|core.enc_block.sword_ctr_reg[1]$_DFFE_PN0P_|core.keymem.key_mem[5][78]$_DFFE_PN0P_|place10521|place10522|place10523|place11345|place11648|place11649|place6255|place6695|place9309
-0.423422	core.enc_block.sword_ctr_reg[1]$_DFFE_PN0P_/Q	core.keymem.key_mem[5][78]$_DFFE_PN0P_/D	_24108_|_24110_|_24111_|_24320_|_24645_|_24652_|_24668_|_24669_|_25677_|_25678_|_26526_|_26530_|_26534_|_31144_|_39369_|core.enc_block.sword_ctr_reg[1]$_DFFE_PN0P_|core.keymem.key_mem[5][78]$_DFFE_PN0P_|place10521|place10522|place10523|place11345|place11648|place11649|place6255|place6695|place9309
-0.423421	core.enc_block.sword_ctr_reg[1]$_DFFE_PN0P_/Q	core.keymem.key_mem[5][78]$_DFFE_PN0P_/D	_24108_|_24110_|_24111_|_24320_|_24645_|_24652_|_24668_|_24669_|_25677_|_25678_|_26526_|_26530_|_26534_|_31144_|_39369_|core.enc_block.sword_ctr_reg[1]$_DFFE_PN0P_|core.keymem.key_mem[5][78]$_DFFE_PN0P_|place10521|place10522|place10523|place11345|place11648|place11649|place6255|place6695|place9309
-0.423409	core.enc_block.sword_ctr_reg[0]$_DFFE_PN0P_/Q	core.keymem.key_mem[5][78]$_DFFE_PN0P_/D	_24108_|_24110_|_24111_|_24320_|_24645_|_24652_|_24668_|_24669_|_25677_|_25678_|_26526_|_26530_|_26534_|_31144_|_39369_|core.enc_block.sword_ctr_reg[0]$_DFFE_PN0P_|core.keymem.key_mem[5][78]$_DFFE_PN0P_|place10521|place10522|place10523|place11345|place11648|place11649|place6255|place6695|place9309
-0.423408	core.enc_block.sword_ctr_reg[0]$_DFFE_PN0P_/Q	core.keymem.key_mem[5][78]$_DFFE_PN0P_/D	_24108_|_24110_|_24111_|_24320_|_24645_|_24652_|_24668_|_24669_|_25677_|_25678_|_26526_|_26530_|_26534_|_31144_|_39369_|core.enc_block.sword_ctr_reg[0]$_DFFE_PN0P_|core.keymem.key_mem[5][78]$_DFFE_PN0P_|place10521|place10522|place10523|place11345|place11648|place11649|place6255|place6695|place9309
-0.423375	core.enc_block.sword_ctr_reg[1]$_DFFE_PN0P_/Q	core.keymem.key_mem[5][78]$_DFFE_PN0P_/D	_24108_|_24110_|_24111_|_24320_|_24645_|_24652_|_24668_|_24669_|_25677_|_25678_|_26526_|_26530_|_26534_|_31144_|_39369_|core.enc_block.sword_ctr_reg[1]$_DFFE_PN0P_|core.keymem.key_mem[5][78]$_DFFE_PN0P_|place10521|place10522|place10523|place11345|place11648|place11649|place6255|place6695|place9309
-0.423374	core.enc_block.sword_ctr_reg[1]$_DFFE_PN0P_/Q	core.keymem.key_mem[5][78]$_DFFE_PN0P_/D	_24108_|_24110_|_24111_|_24320_|_24645_|_24652_|_24668_|_24669_|_25677_|_25678_|_26526_|_26530_|_26534_|_31144_|_39369_|core.enc_block.sword_ctr_reg[1]$_DFFE_PN0P_|core.keymem.key_mem[5][78]$_DFFE_PN0P_|place10521|place10522|place10523|place11345|place11648|place11649|place6255|place6695|place9309
-0.423353	core.enc_block.sword_ctr_reg[1]$_DFFE_PN0P_/Q	core.keymem.key_mem[8][78]$_DFFE_PN0P_/D	_24108_|_24110_|_24111_|_24320_|_24645_|_24652_|_24668_|_24669_|_25677_|_25678_|_26526_|_26530_|_26534_|_28357_|_39369_|core.enc_block.sword_ctr_reg[1]$_DFFE_PN0P_|core.keymem.key_mem[8][78]$_DFFE_PN0P_|place10521|place10522|place10523|place11345|place11648|place11649|place6255|place6695|place9309
-0.423352	core.enc_block.sword_ctr_reg[1]$_DFFE_PN0P_/Q	core.keymem.key_mem[8][78]$_DFFE_PN0P_/D	_24108_|_24110_|_24111_|_24320_|_24645_|_24652_|_24668_|_24669_|_25677_|_25678_|_26526_|_26530_|_26534_|_28357_|_39369_|core.enc_block.sword_ctr_reg[1]$_DFFE_PN0P_|core.keymem.key_mem[8][78]$_DFFE_PN0P_|place10521|place10522|place10523|place11345|place11648|place11649|place6255|place6695|place9309
-0.423340	core.enc_block.sword_ctr_reg[0]$_DFFE_PN0P_/Q	core.keymem.key_mem[8][78]$_DFFE_PN0P_/D	_24108_|_24110_|_24111_|_24320_|_24645_|_24652_|_24668_|_24669_|_25677_|_25678_|_26526_|_26530_|_26534_|_28357_|_39369_|core.enc_block.sword_ctr_reg[0]$_DFFE_PN0P_|core.keymem.key_mem[8][78]$_DFFE_PN0P_|place10521|place10522|place10523|place11345|place11648|place11649|place6255|place6695|place9309
-0.423339	core.enc_block.sword_ctr_reg[0]$_DFFE_PN0P_/Q	core.keymem.key_mem[8][78]$_DFFE_PN0P_/D	_24108_|_24110_|_24111_|_24320_|_24645_|_24652_|_24668_|_24669_|_25677_|_25678_|_26526_|_26530_|_26534_|_28357_|_39369_|core.enc_block.sword_ctr_reg[0]$_DFFE_PN0P_|core.keymem.key_mem[8][78]$_DFFE_PN0P_|place10521|place10522|place10523|place11345|place11648|place11649|place6255|place6695|place9309
-0.423307	core.enc_block.sword_ctr_reg[1]$_DFFE_PN0P_/Q	core.keymem.key_mem[8][78]$_DFFE_PN0P_/D	_24108_|_24110_|_24111_|_24320_|_24645_|_24652_|_24668_|_24669_|_25677_|_25678_|_26526_|_26530_|_26534_|_28357_|_39369_|core.enc_block.sword_ctr_reg[1]$_DFFE_PN0P_|core.keymem.key_mem[8][78]$_DFFE_PN0P_|place10521|place10522|place10523|place11345|place11648|place11649|place6255|place6695|place9309
-0.423306	core.enc_block.sword_ctr_reg[1]$_DFFE_PN0P_/Q	core.keymem.key_mem[8][78]$_DFFE_PN0P_/D	_24108_|_24110_|_24111_|_24320_|_24645_|_24652_|_24668_|_24669_|_25677_|_25678_|_26526_|_26530_|_26534_|_28357_|_39369_|core.enc_block.sword_ctr_reg[1]$_DFFE_PN0P_|core.keymem.key_mem[8][78]$_DFFE_PN0P_|place10521|place10522|place10523|place11345|place11648|place11649|place6255|place6695|place9309
-0.423166	core.enc_block.sword_ctr_reg[1]$_DFFE_PN0P_/Q	core.keymem.key_mem[5][78]$_DFFE_PN0P_/D	_24108_|_24110_|_24111_|_24320_|_24645_|_24652_|_24668_|_24669_|_25677_|_25678_|_26526_|_26530_|_26534_|_31144_|_39369_|core.enc_block.sword_ctr_reg[1]$_DFFE_PN0P_|core.keymem.key_mem[5][78]$_DFFE_PN0P_|place10521|place10522|place10523|place11345|place11648|place11649|place6255|place6695|place9309
-0.423165	core.enc_block.sword_ctr_reg[1]$_DFFE_PN0P_/Q	core.keymem.key_mem[5][78]$_DFFE_PN0P_/D	_24108_|_24110_|_24111_|_24320_|_24645_|_24652_|_24668_|_24669_|_25677_|_25678_|_26526_|_26530_|_26534_|_31144_|_39369_|core.enc_block.sword_ctr_reg[1]$_DFFE_PN0P_|core.keymem.key_mem[5][78]$_DFFE_PN0P_|place10521|place10522|place10523|place11345|place11648|place11649|place6255|place6695|place9309
-0.423098	core.enc_block.sword_ctr_reg[1]$_DFFE_PN0P_/Q	core.keymem.key_mem[8][78]$_DFFE_PN0P_/D	_24108_|_24110_|_24111_|_24320_|_24645_|_24652_|_24668_|_24669_|_25677_|_25678_|_26526_|_26530_|_26534_|_28357_|_39369_|core.enc_block.sword_ctr_reg[1]$_DFFE_PN0P_|core.keymem.key_mem[8][78]$_DFFE_PN0P_|place10521|place10522|place10523|place11345|place11648|place11649|place6255|place6695|place9309
-0.423097	core.enc_block.sword_ctr_reg[1]$_DFFE_PN0P_/Q	core.keymem.key_mem[8][78]$_DFFE_PN0P_/D	_24108_|_24110_|_24111_|_24320_|_24645_|_24652_|_24668_|_24669_|_25677_|_25678_|_26526_|_26530_|_26534_|_28357_|_39369_|core.enc_block.sword_ctr_reg[1]$_DFFE_PN0P_|core.keymem.key_mem[8][78]$_DFFE_PN0P_|place10521|place10522|place10523|place11345|place11648|place11649|place6255|place6695|place9309
-0.423016	core.enc_block.sword_ctr_reg[1]$_DFFE_PN0P_/Q	core.keymem.key_mem[5][78]$_DFFE_PN0P_/D	_25289_|_25290_|_25291_|_25518_|_25658_|_25660_|_25665_|_25675_|_25676_|_25677_|_25678_|_26526_|_26530_|_26534_|_31144_|_39369_|core.enc_block.sword_ctr_reg[1]$_DFFE_PN0P_|core.keymem.key_mem[5][78]$_DFFE_PN0P_|place10247|place11649|place6255|place6695
-0.423015	core.enc_block.sword_ctr_reg[1]$_DFFE_PN0P_/Q	core.keymem.key_mem[5][78]$_DFFE_PN0P_/D	_25289_|_25290_|_25291_|_25518_|_25658_|_25660_|_25665_|_25675_|_25676_|_25677_|_25678_|_26526_|_26530_|_26534_|_31144_|_39369_|core.enc_block.sword_ctr_reg[1]$_DFFE_PN0P_|core.keymem.key_mem[5][78]$_DFFE_PN0P_|place10247|place11649|place6255|place6695
-0.423015	core.enc_block.sword_ctr_reg[1]$_DFFE_PN0P_/Q	core.keymem.key_mem[5][78]$_DFFE_PN0P_/D	_25289_|_25290_|_25291_|_25518_|_25658_|_25660_|_25665_|_25675_|_25676_|_25677_|_25678_|_26526_|_26530_|_26534_|_31144_|_39369_|core.enc_block.sword_ctr_reg[1]$_DFFE_PN0P_|core.keymem.key_mem[5][78]$_DFFE_PN0P_|place10247|place11649|place6255|place6695
-0.423014	core.enc_block.sword_ctr_reg[1]$_DFFE_PN0P_/Q	core.keymem.key_mem[5][78]$_DFFE_PN0P_/D	_25289_|_25290_|_25291_|_25518_|_25658_|_25660_|_25665_|_25675_|_25676_|_25677_|_25678_|_26526_|_26530_|_26534_|_31144_|_39369_|core.enc_block.sword_ctr_reg[1]$_DFFE_PN0P_|core.keymem.key_mem[5][78]$_DFFE_PN0P_|place10247|place11649|place6255|place6695
-0.422969	core.enc_block.sword_ctr_reg[0]$_DFFE_PN0P_/Q	core.keymem.key_mem[5][78]$_DFFE_PN0P_/D	_24108_|_24110_|_24111_|_24320_|_24645_|_24652_|_24668_|_24669_|_25677_|_25678_|_26530_|_26534_|_31144_|_39369_|core.enc_block.sword_ctr_reg[0]$_DFFE_PN0P_|core.keymem.key_mem[5][78]$_DFFE_PN0P_|place10521|place10522|place10523|place11345|place11648|place11649|place6255|place6583|place6695|place9309
-0.422968	core.enc_block.sword_ctr_reg[0]$_DFFE_PN0P_/Q	core.keymem.key_mem[5][78]$_DFFE_PN0P_/D	_24108_|_24110_|_24111_|_24320_|_24645_|_24652_|_24668_|_24669_|_25677_|_25678_|_26530_|_26534_|_31144_|_39369_|core.enc_block.sword_ctr_reg[0]$_DFFE_PN0P_|core.keymem.key_mem[5][78]$_DFFE_PN0P_|place10521|place10522|place10523|place11345|place11648|place11649|place6255|place6583|place6695|place9309
-0.422923	core.enc_block.sword_ctr_reg[0]$_DFFE_PN0P_/Q	core.keymem.key_mem[5][78]$_DFFE_PN0P_/D	_24108_|_24110_|_24111_|_24320_|_24645_|_24652_|_24668_|_24669_|_25677_|_25678_|_26530_|_26534_|_31144_|_39369_|core.enc_block.sword_ctr_reg[0]$_DFFE_PN0P_|core.keymem.key_mem[5][78]$_DFFE_PN0P_|place10521|place10522|place10523|place11345|place11648|place11649|place6255|place6583|place6695|place9309
-0.422922	core.enc_block.sword_ctr_reg[0]$_DFFE_PN0P_/Q	core.keymem.key_mem[5][78]$_DFFE_PN0P_/D	_24108_|_24110_|_24111_|_24320_|_24645_|_24652_|_24668_|_24669_|_25677_|_25678_|_26530_|_26534_|_31144_|_39369_|core.enc_block.sword_ctr_reg[0]$_DFFE_PN0P_|core.keymem.key_mem[5][78]$_DFFE_PN0P_|place10521|place10522|place10523|place11345|place11648|place11649|place6255|place6583|place6695|place9309
-0.422839	core.enc_block.sword_ctr_reg[0]$_DFFE_PN0P_/Q	core.keymem.key_mem[5][78]$_DFFE_PN0P_/D	_24109_|_24110_|_24125_|_24314_|_24632_|_24634_|_24641_|_24668_|_24669_|_25677_|_25678_|_26526_|_26530_|_26534_|_31144_|_39368_|core.enc_block.sword_ctr_reg[0]$_DFFE_PN0P_|core.keymem.key_mem[5][78]$_DFFE_PN0P_|place11345|place11656|place11659|place6255|place6695|place9312
-0.422838	core.enc_block.sword_ctr_reg[0]$_DFFE_PN0P_/Q	core.keymem.key_mem[5][78]$_DFFE_PN0P_/D	_24109_|_24110_|_24125_|_24314_|_24632_|_24634_|_24641_|_24668_|_24669_|_25677_|_25678_|_26526_|_26530_|_26534_|_31144_|_39368_|core.enc_block.sword_ctr_reg[0]$_DFFE_PN0P_|core.keymem.key_mem[5][78]$_DFFE_PN0P_|place11345|place11656|place11659|place6255|place6695|place9312
-0.422760	core.enc_block.sword_ctr_reg[1]$_DFFE_PN0P_/Q	core.keymem.key_mem[5][78]$_DFFE_PN0P_/D	_25289_|_25290_|_25291_|_25518_|_25658_|_25660_|_25665_|_25675_|_25676_|_25677_|_25678_|_26526_|_26530_|_26534_|_31144_|_39369_|core.enc_block.sword_ctr_reg[1]$_DFFE_PN0P_|core.keymem.key_mem[5][78]$_DFFE_PN0P_|place10247|place11649|place6255|place6695
-0.422759	core.enc_block.sword_ctr_reg[1]$_DFFE_PN0P_/Q	core.keymem.key_mem[5][78]$_DFFE_PN0P_/D	_25289_|_25290_|_25291_|_25518_|_25658_|_25660_|_25665_|_25675_|_25676_|_25677_|_25678_|_26526_|_26530_|_26534_|_31144_|_39369_|core.enc_block.sword_ctr_reg[1]$_DFFE_PN0P_|core.keymem.key_mem[5][78]$_DFFE_PN0P_|place10247|place11649|place6255|place6695
-0.422759	core.enc_block.sword_ctr_reg[1]$_DFFE_PN0P_/Q	core.keymem.key_mem[5][78]$_DFFE_PN0P_/D	_25289_|_25290_|_25291_|_25518_|_25658_|_25660_|_25665_|_25675_|_25676_|_25677_|_25678_|_26526_|_26530_|_26534_|_31144_|_39369_|core.enc_block.sword_ctr_reg[1]$_DFFE_PN0P_|core.keymem.key_mem[5][78]$_DFFE_PN0P_|place10247|place11649|place6255|place6695
-0.422758	core.enc_block.sword_ctr_reg[1]$_DFFE_PN0P_/Q	core.keymem.key_mem[5][78]$_DFFE_PN0P_/D	_25289_|_25290_|_25291_|_25518_|_25658_|_25660_|_25665_|_25675_|_25676_|_25677_|_25678_|_26526_|_26530_|_26534_|_31144_|_39369_|core.enc_block.sword_ctr_reg[1]$_DFFE_PN0P_|core.keymem.key_mem[5][78]$_DFFE_PN0P_|place10247|place11649|place6255|place6695
-0.422727	core.enc_block.sword_ctr_reg[1]$_DFFE_PN0P_/Q	core.keymem.key_mem[5][78]$_DFFE_PN0P_/D	_24108_|_24110_|_24111_|_24320_|_24645_|_24652_|_24668_|_24669_|_25677_|_25678_|_26530_|_26534_|_31144_|_39369_|core.enc_block.sword_ctr_reg[1]$_DFFE_PN0P_|core.keymem.key_mem[5][78]$_DFFE_PN0P_|place10521|place10522|place10523|place11345|place11648|place11649|place6255|place6583|place6695|place9309
-0.422726	core.enc_block.sword_ctr_reg[1]$_DFFE_PN0P_/Q	core.keymem.key_mem[5][78]$_DFFE_PN0P_/D	_24108_|_24110_|_24111_|_24320_|_24645_|_24652_|_24668_|_24669_|_25677_|_25678_|_26530_|_26534_|_31144_|_39369_|core.enc_block.sword_ctr_reg[1]$_DFFE_PN0P_|core.keymem.key_mem[5][78]$_DFFE_PN0P_|place10521|place10522|place10523|place11345|place11648|place11649|place6255|place6583|place6695|place9309
-0.422714	core.enc_block.sword_ctr_reg[0]$_DFFE_PN0P_/Q	core.keymem.key_mem[5][78]$_DFFE_PN0P_/D	_24108_|_24110_|_24111_|_24320_|_24645_|_24652_|_24668_|_24669_|_25677_|_25678_|_26530_|_26534_|_31144_|_39369_|core.enc_block.sword_ctr_reg[0]$_DFFE_PN0P_|core.keymem.key_mem[5][78]$_DFFE_PN0P_|place10521|place10522|place10523|place11345|place11648|place11649|place6255|place6583|place6695|place9309
-0.422713	core.enc_block.sword_ctr_reg[0]$_DFFE_PN0P_/Q	core.keymem.key_mem[5][78]$_DFFE_PN0P_/D	_24108_|_24110_|_24111_|_24320_|_24645_|_24652_|_24668_|_24669_|_25677_|_25678_|_26530_|_26534_|_31144_|_39369_|core.enc_block.sword_ctr_reg[0]$_DFFE_PN0P_|core.keymem.key_mem[5][78]$_DFFE_PN0P_|place10521|place10522|place10523|place11345|place11648|place11649|place6255|place6583|place6695|place9309
-0.422692	core.enc_block.sword_ctr_reg[0]$_DFFE_PN0P_/Q	core.keymem.key_mem[5][78]$_DFFE_PN0P_/D	_24109_|_24110_|_24125_|_24314_|_24632_|_24634_|_24641_|_24668_|_24669_|_25677_|_25678_|_26526_|_26530_|_26534_|_31144_|_39368_|core.enc_block.sword_ctr_reg[0]$_DFFE_PN0P_|core.keymem.key_mem[5][78]$_DFFE_PN0P_|place11345|place11656|place11659|place6255|place6695|place9312
-0.422691	core.enc_block.sword_ctr_reg[0]$_DFFE_PN0P_/Q	core.keymem.key_mem[5][78]$_DFFE_PN0P_/D	_24109_|_24110_|_24125_|_24314_|_24632_|_24634_|_24641_|_24668_|_24669_|_25677_|_25678_|_26526_|_26530_|_26534_|_31144_|_39368_|core.enc_block.sword_ctr_reg[0]$_DFFE_PN0P_|core.keymem.key_mem[5][78]$_DFFE_PN0P_|place11345|place11656|place11659|place6255|place6695|place9312
-0.422681	core.enc_block.sword_ctr_reg[1]$_DFFE_PN0P_/Q	core.keymem.key_mem[5][78]$_DFFE_PN0P_/D	_24108_|_24110_|_24111_|_24320_|_24645_|_24652_|_24668_|_24669_|_25677_|_25678_|_26530_|_26534_|_31144_|_39369_|core.enc_block.sword_ctr_reg[1]$_DFFE_PN0P_|core.keymem.key_mem[5][78]$_DFFE_PN0P_|place10521|place10522|place10523|place11345|place11648|place11649|place6255|place6583|place6695|place9309
-0.422680	core.enc_block.sword_ctr_reg[1]$_DFFE_PN0P_/Q	core.keymem.key_mem[5][78]$_DFFE_PN0P_/D	_24108_|_24110_|_24111_|_24320_|_24645_|_24652_|_24668_|_24669_|_25677_|_25678_|_26530_|_26534_|_31144_|_39369_|core.enc_block.sword_ctr_reg[1]$_DFFE_PN0P_|core.keymem.key_mem[5][78]$_DFFE_PN0P_|place10521|place10522|place10523|place11345|place11648|place11649|place6255|place6583|place6695|place9309
-0.422655	core.enc_block.sword_ctr_reg[0]$_DFFE_PN0P_/Q	core.keymem.key_mem[6][78]$_DFFE_PN0P_/D	_24109_|_24110_|_24125_|_24314_|_24632_|_24634_|_24641_|_24668_|_24669_|_25677_|_25678_|_26526_|_26530_|_26534_|_31309_|_39368_|core.enc_block.sword_ctr_reg[0]$_DFFE_PN0P_|core.keymem.key_mem[6][78]$_DFFE_PN0P_|place11345|place11656|place11659|place6255|place6695|place9312
-0.422653	core.enc_block.sword_ctr_reg[0]$_DFFE_PN0P_/Q	core.keymem.key_mem[6][78]$_DFFE_PN0P_/D	_24109_|_24110_|_24125_|_24314_|_24632_|_24634_|_24641_|_24668_|_24669_|_25677_|_25678_|_26526_|_26530_|_26534_|_31309_|_39368_|core.enc_block.sword_ctr_reg[0]$_DFFE_PN0P_|core.keymem.key_mem[6][78]$_DFFE_PN0P_|place11345|place11656|place11659|place6255|place6695|place9312
-0.422646	core.enc_block.sword_ctr_reg[0]$_DFFE_PN0P_/Q	core.keymem.key_mem[5][78]$_DFFE_PN0P_/D	_24109_|_24110_|_24125_|_24314_|_24632_|_24634_|_24641_|_24668_|_24669_|_25677_|_25678_|_26526_|_26530_|_26534_|_31144_|_39368_|core.enc_block.sword_ctr_reg[0]$_DFFE_PN0P_|core.keymem.key_mem[5][78]$_DFFE_PN0P_|place11345|place11656|place11659|place6255|place6695|place9312
-0.422645	core.enc_block.sword_ctr_reg[0]$_DFFE_PN0P_/Q	core.keymem.key_mem[5][78]$_DFFE_PN0P_/D	_24109_|_24110_|_24125_|_24314_|_24632_|_24634_|_24641_|_24668_|_24669_|_25677_|_25678_|_26526_|_26530_|_26534_|_31144_|_39368_|core.enc_block.sword_ctr_reg[0]$_DFFE_PN0P_|core.keymem.key_mem[5][78]$_DFFE_PN0P_|place11345|place11656|place11659|place6255|place6695|place9312
-0.422608	core.enc_block.sword_ctr_reg[0]$_DFFE_PN0P_/Q	core.keymem.key_mem[6][78]$_DFFE_PN0P_/D	_24109_|_24110_|_24125_|_24314_|_24632_|_24634_|_24641_|_24668_|_24669_|_25677_|_25678_|_26526_|_26530_|_26534_|_31309_|_39368_|core.enc_block.sword_ctr_reg[0]$_DFFE_PN0P_|core.keymem.key_mem[6][78]$_DFFE_PN0P_|place11345|place11656|place11659|place6255|place6695|place9312
-0.422607	core.enc_block.sword_ctr_reg[0]$_DFFE_PN0P_/Q	core.keymem.key_mem[6][78]$_DFFE_PN0P_/D	_24109_|_24110_|_24125_|_24314_|_24632_|_24634_|_24641_|_24668_|_24669_|_25677_|_25678_|_26526_|_26530_|_26534_|_31309_|_39368_|core.enc_block.sword_ctr_reg[0]$_DFFE_PN0P_|core.keymem.key_mem[6][78]$_DFFE_PN0P_|place11345|place11656|place11659|place6255|place6695|place9312
-0.422545	core.enc_block.sword_ctr_reg[0]$_DFFE_PN0P_/Q	core.keymem.key_mem[5][78]$_DFFE_PN0P_/D	_24109_|_24110_|_24125_|_24314_|_24632_|_24634_|_24641_|_24668_|_24669_|_25677_|_25678_|_26526_|_26530_|_26534_|_31144_|_39368_|core.enc_block.sword_ctr_reg[0]$_DFFE_PN0P_|core.keymem.key_mem[5][78]$_DFFE_PN0P_|place11345|place11656|place11659|place6255|place6695|place9312
-0.422545	core.enc_block.sword_ctr_reg[0]$_DFFE_PN0P_/Q	core.keymem.key_mem[5][78]$_DFFE_PN0P_/D	_24109_|_24110_|_24125_|_24314_|_24632_|_24634_|_24641_|_24668_|_24669_|_25677_|_25678_|_26526_|_26530_|_26534_|_31144_|_39368_|core.enc_block.sword_ctr_reg[0]$_DFFE_PN0P_|core.keymem.key_mem[5][78]$_DFFE_PN0P_|place11345|place11656|place11659|place6255|place6695|place9312
-0.422544	core.enc_block.sword_ctr_reg[0]$_DFFE_PN0P_/Q	core.keymem.key_mem[5][78]$_DFFE_PN0P_/D	_24109_|_24110_|_24125_|_24314_|_24632_|_24634_|_24641_|_24668_|_24669_|_25677_|_25678_|_26526_|_26530_|_26534_|_31144_|_39368_|core.enc_block.sword_ctr_reg[0]$_DFFE_PN0P_|core.keymem.key_mem[5][78]$_DFFE_PN0P_|place11345|place11656|place11659|place6255|place6695|place9312
-0.422544	core.enc_block.sword_ctr_reg[0]$_DFFE_PN0P_/Q	core.keymem.key_mem[5][78]$_DFFE_PN0P_/D	_24109_|_24110_|_24125_|_24314_|_24632_|_24634_|_24641_|_24668_|_24669_|_25677_|_25678_|_26526_|_26530_|_26534_|_31144_|_39368_|core.enc_block.sword_ctr_reg[0]$_DFFE_PN0P_|core.keymem.key_mem[5][78]$_DFFE_PN0P_|place11345|place11656|place11659|place6255|place6695|place9312
-0.422482	core.enc_block.sword_ctr_reg[1]$_DFFE_PN0P_/Q	core.keymem.key_mem[5][78]$_DFFE_PN0P_/D	_25289_|_25290_|_25291_|_25518_|_25658_|_25660_|_25665_|_25675_|_25676_|_25677_|_25678_|_26526_|_26530_|_26534_|_31144_|_39369_|core.enc_block.sword_ctr_reg[1]$_DFFE_PN0P_|core.keymem.key_mem[5][78]$_DFFE_PN0P_|place10247|place11649|place6255|place6695
-0.422481	core.enc_block.sword_ctr_reg[1]$_DFFE_PN0P_/Q	core.keymem.key_mem[5][78]$_DFFE_PN0P_/D	_25289_|_25290_|_25291_|_25518_|_25658_|_25660_|_25665_|_25675_|_25676_|_25677_|_25678_|_26526_|_26530_|_26534_|_31144_|_39369_|core.enc_block.sword_ctr_reg[1]$_DFFE_PN0P_|core.keymem.key_mem[5][78]$_DFFE_PN0P_|place10247|place11649|place6255|place6695
-0.422482	core.enc_block.sword_ctr_reg[1]$_DFFE_PN0P_/Q	core.keymem.key_mem[5][78]$_DFFE_PN0P_/D	_25289_|_25290_|_25291_|_25518_|_25658_|_25660_|_25665_|_25675_|_25676_|_25677_|_25678_|_26526_|_26530_|_26534_|_31144_|_39369_|core.enc_block.sword_ctr_reg[1]$_DFFE_PN0P_|core.keymem.key_mem[5][78]$_DFFE_PN0P_|place10247|place11649|place6255|place6695
-0.422480	core.enc_block.sword_ctr_reg[1]$_DFFE_PN0P_/Q	core.keymem.key_mem[5][78]$_DFFE_PN0P_/D	_25289_|_25290_|_25291_|_25518_|_25658_|_25660_|_25665_|_25675_|_25676_|_25677_|_25678_|_26526_|_26530_|_26534_|_31144_|_39369_|core.enc_block.sword_ctr_reg[1]$_DFFE_PN0P_|core.keymem.key_mem[5][78]$_DFFE_PN0P_|place10247|place11649|place6255|place6695
-0.422472	core.enc_block.sword_ctr_reg[1]$_DFFE_PN0P_/Q	core.keymem.key_mem[5][78]$_DFFE_PN0P_/D	_24108_|_24110_|_24111_|_24320_|_24645_|_24652_|_24668_|_24669_|_25677_|_25678_|_26530_|_26534_|_31144_|_39369_|core.enc_block.sword_ctr_reg[1]$_DFFE_PN0P_|core.keymem.key_mem[5][78]$_DFFE_PN0P_|place10521|place10522|place10523|place11345|place11648|place11649|place6255|place6583|place6695|place9309
-0.422471	core.enc_block.sword_ctr_reg[1]$_DFFE_PN0P_/Q	core.keymem.key_mem[5][78]$_DFFE_PN0P_/D	_24108_|_24110_|_24111_|_24320_|_24645_|_24652_|_24668_|_24669_|_25677_|_25678_|_26530_|_26534_|_31144_|_39369_|core.enc_block.sword_ctr_reg[1]$_DFFE_PN0P_|core.keymem.key_mem[5][78]$_DFFE_PN0P_|place10521|place10522|place10523|place11345|place11648|place11649|place6255|place6583|place6695|place9309
-0.422437	core.enc_block.sword_ctr_reg[0]$_DFFE_PN0P_/Q	core.keymem.key_mem[5][78]$_DFFE_PN0P_/D	_24109_|_24110_|_24125_|_24314_|_24632_|_24634_|_24641_|_24668_|_24669_|_25677_|_25678_|_26526_|_26530_|_26534_|_31144_|_39368_|core.enc_block.sword_ctr_reg[0]$_DFFE_PN0P_|core.keymem.key_mem[5][78]$_DFFE_PN0P_|place11345|place11656|place11659|place6255|place6695|place9312
-0.422436	core.enc_block.sword_ctr_reg[0]$_DFFE_PN0P_/Q	core.keymem.key_mem[5][78]$_DFFE_PN0P_/D	_24109_|_24110_|_24125_|_24314_|_24632_|_24634_|_24641_|_24668_|_24669_|_25677_|_25678_|_26526_|_26530_|_26534_|_31144_|_39368_|core.enc_block.sword_ctr_reg[0]$_DFFE_PN0P_|core.keymem.key_mem[5][78]$_DFFE_PN0P_|place11345|place11656|place11659|place6255|place6695|place9312
-0.422436	core.enc_block.sword_ctr_reg[0]$_DFFE_PN0P_/Q	core.keymem.key_mem[5][78]$_DFFE_PN0P_/D	_24109_|_24110_|_24125_|_24314_|_24632_|_24634_|_24641_|_24668_|_24669_|_25677_|_25678_|_26526_|_26530_|_26534_|_31144_|_39368_|core.enc_block.sword_ctr_reg[0]$_DFFE_PN0P_|core.keymem.key_mem[5][78]$_DFFE_PN0P_|place11345|place11656|place11659|place6255|place6695|place9312
-0.422435	core.enc_block.sword_ctr_reg[0]$_DFFE_PN0P_/Q	core.keymem.key_mem[5][78]$_DFFE_PN0P_/D	_24109_|_24110_|_24125_|_24314_|_24632_|_24634_|_24641_|_24668_|_24669_|_25677_|_25678_|_26526_|_26530_|_26534_|_31144_|_39368_|core.enc_block.sword_ctr_reg[0]$_DFFE_PN0P_|core.keymem.key_mem[5][78]$_DFFE_PN0P_|place11345|place11656|place11659|place6255|place6695|place9312
-0.422399	core.enc_block.sword_ctr_reg[0]$_DFFE_PN0P_/Q	core.keymem.key_mem[6][78]$_DFFE_PN0P_/D	_24109_|_24110_|_24125_|_24314_|_24632_|_24634_|_24641_|_24668_|_24669_|_25677_|_25678_|_26526_|_26530_|_26534_|_31309_|_39368_|core.enc_block.sword_ctr_reg[0]$_DFFE_PN0P_|core.keymem.key_mem[6][78]$_DFFE_PN0P_|place11345|place11656|place11659|place6255|place6695|place9312
-0.422398	core.enc_block.sword_ctr_reg[0]$_DFFE_PN0P_/Q	core.keymem.key_mem[6][78]$_DFFE_PN0P_/D	_24109_|_24110_|_24125_|_24314_|_24632_|_24634_|_24641_|_24668_|_24669_|_25677_|_25678_|_26526_|_26530_|_26534_|_31309_|_39368_|core.enc_block.sword_ctr_reg[0]$_DFFE_PN0P_|core.keymem.key_mem[6][78]$_DFFE_PN0P_|place11345|place11656|place11659|place6255|place6695|place9312
-0.422391	core.enc_block.sword_ctr_reg[0]$_DFFE_PN0P_/Q	core.keymem.key_mem[6][78]$_DFFE_PN0P_/D	_24108_|_24110_|_24111_|_24320_|_24645_|_24652_|_24668_|_24669_|_25677_|_25678_|_26526_|_26530_|_26534_|_31309_|_39369_|core.enc_block.sword_ctr_reg[0]$_DFFE_PN0P_|core.keymem.key_mem[6][78]$_DFFE_PN0P_|place10521|place10522|place10523|place11345|place11648|place11649|place6255|place6695|place9309
-0.422390	core.enc_block.sword_ctr_reg[0]$_DFFE_PN0P_/Q	core.keymem.key_mem[6][78]$_DFFE_PN0P_/D	_24108_|_24110_|_24111_|_24320_|_24645_|_24652_|_24668_|_24669_|_25677_|_25678_|_26526_|_26530_|_26534_|_31309_|_39369_|core.enc_block.sword_ctr_reg[0]$_DFFE_PN0P_|core.keymem.key_mem[6][78]$_DFFE_PN0P_|place10521|place10522|place10523|place11345|place11648|place11649|place6255|place6695|place9309
-0.422388	core.enc_block.sword_ctr_reg[0]$_DFFE_PN0P_/Q	core.keymem.key_mem[5][78]$_DFFE_PN0P_/D	_24108_|_24110_|_24111_|_24320_|_24645_|_24652_|_24668_|_24669_|_25677_|_25678_|_26526_|_26530_|_26534_|_31144_|_39369_|core.enc_block.sword_ctr_reg[0]$_DFFE_PN0P_|core.keymem.key_mem[5][78]$_DFFE_PN0P_|place10521|place10522|place10523|place11345|place11648|place11649|place6255|place6695|place9309
-0.422387	core.enc_block.sword_ctr_reg[0]$_DFFE_PN0P_/Q	core.keymem.key_mem[5][78]$_DFFE_PN0P_/D	_24108_|_24110_|_24111_|_24320_|_24645_|_24652_|_24668_|_24669_|_25677_|_25678_|_26526_|_26530_|_26534_|_31144_|_39369_|core.enc_block.sword_ctr_reg[0]$_DFFE_PN0P_|core.keymem.key_mem[5][78]$_DFFE_PN0P_|place10521|place10522|place10523|place11345|place11648|place11649|place6255|place6695|place9309
-0.422278	core.enc_block.sword_ctr_reg[0]$_DFFE_PN0P_/Q	core.keymem.key_mem[8][78]$_DFFE_PN0P_/D	_24109_|_24110_|_24125_|_24314_|_24632_|_24634_|_24641_|_24668_|_24669_|_25677_|_25678_|_26526_|_26530_|_26534_|_28357_|_39368_|core.enc_block.sword_ctr_reg[0]$_DFFE_PN0P_|core.keymem.key_mem[8][78]$_DFFE_PN0P_|place11345|place11656|place11659|place6255|place6695|place9312
-0.422277	core.enc_block.sword_ctr_reg[0]$_DFFE_PN0P_/Q	core.keymem.key_mem[8][78]$_DFFE_PN0P_/D	_24109_|_24110_|_24125_|_24314_|_24632_|_24634_|_24641_|_24668_|_24669_|_25677_|_25678_|_26526_|_26530_|_26534_|_28357_|_39368_|core.enc_block.sword_ctr_reg[0]$_DFFE_PN0P_|core.keymem.key_mem[8][78]$_DFFE_PN0P_|place11345|place11656|place11659|place6255|place6695|place9312
-0.422274	core.enc_block.sword_ctr_reg[1]$_DFFE_PN0P_/Q	core.keymem.key_mem[5][78]$_DFFE_PN0P_/D	_25289_|_25290_|_25291_|_25518_|_25658_|_25660_|_25665_|_25675_|_25676_|_25677_|_25678_|_26526_|_26530_|_26534_|_31144_|_39369_|core.enc_block.sword_ctr_reg[1]$_DFFE_PN0P_|core.keymem.key_mem[5][78]$_DFFE_PN0P_|place10247|place11649|place6255|place6695
-0.422273	core.enc_block.sword_ctr_reg[1]$_DFFE_PN0P_/Q	core.keymem.key_mem[5][78]$_DFFE_PN0P_/D	_25289_|_25290_|_25291_|_25518_|_25658_|_25660_|_25665_|_25675_|_25676_|_25677_|_25678_|_26526_|_26530_|_26534_|_31144_|_39369_|core.enc_block.sword_ctr_reg[1]$_DFFE_PN0P_|core.keymem.key_mem[5][78]$_DFFE_PN0P_|place10247|place11649|place6255|place6695
-0.422273	core.enc_block.sword_ctr_reg[1]$_DFFE_PN0P_/Q	core.keymem.key_mem[5][78]$_DFFE_PN0P_/D	_25289_|_25290_|_25291_|_25518_|_25658_|_25660_|_25665_|_25675_|_25676_|_25677_|_25678_|_26526_|_26530_|_26534_|_31144_|_39369_|core.enc_block.sword_ctr_reg[1]$_DFFE_PN0P_|core.keymem.key_mem[5][78]$_DFFE_PN0P_|place10247|place11649|place6255|place6695
-0.422272	core.enc_block.sword_ctr_reg[1]$_DFFE_PN0P_/Q	core.keymem.key_mem[5][78]$_DFFE_PN0P_/D	_25289_|_25290_|_25291_|_25518_|_25658_|_25660_|_25665_|_25675_|_25676_|_25677_|_25678_|_26526_|_26530_|_26534_|_31144_|_39369_|core.enc_block.sword_ctr_reg[1]$_DFFE_PN0P_|core.keymem.key_mem[5][78]$_DFFE_PN0P_|place10247|place11649|place6255|place6695
-0.422238	core.enc_block.sword_ctr_reg[1]$_DFFE_PN0P_/Q	core.keymem.key_mem[5][78]$_DFFE_PN0P_/D	_25168_|_25170_|_25171_|_25265_|_25659_|_25660_|_25665_|_25675_|_25676_|_25677_|_25678_|_26526_|_26530_|_26534_|_31144_|_39369_|core.enc_block.sword_ctr_reg[1]$_DFFE_PN0P_|core.keymem.key_mem[5][78]$_DFFE_PN0P_|place10353|place10354|place11646|place11649|place6255|place6695
-0.422237	core.enc_block.sword_ctr_reg[1]$_DFFE_PN0P_/Q	core.keymem.key_mem[5][78]$_DFFE_PN0P_/D	_25168_|_25170_|_25171_|_25265_|_25659_|_25660_|_25665_|_25675_|_25676_|_25677_|_25678_|_26526_|_26530_|_26534_|_31144_|_39369_|core.enc_block.sword_ctr_reg[1]$_DFFE_PN0P_|core.keymem.key_mem[5][78]$_DFFE_PN0P_|place10353|place10354|place11646|place11649|place6255|place6695
-0.422231	core.enc_block.sword_ctr_reg[0]$_DFFE_PN0P_/Q	core.keymem.key_mem[8][78]$_DFFE_PN0P_/D	_24109_|_24110_|_24125_|_24314_|_24632_|_24634_|_24641_|_24668_|_24669_|_25677_|_25678_|_26526_|_26530_|_26534_|_28357_|_39368_|core.enc_block.sword_ctr_reg[0]$_DFFE_PN0P_|core.keymem.key_mem[8][78]$_DFFE_PN0P_|place11345|place11656|place11659|place6255|place6695|place9312
-0.422230	core.enc_block.sword_ctr_reg[0]$_DFFE_PN0P_/Q	core.keymem.key_mem[8][78]$_DFFE_PN0P_/D	_24109_|_24110_|_24125_|_24314_|_24632_|_24634_|_24641_|_24668_|_24669_|_25677_|_25678_|_26526_|_26530_|_26534_|_28357_|_39368_|core.enc_block.sword_ctr_reg[0]$_DFFE_PN0P_|core.keymem.key_mem[8][78]$_DFFE_PN0P_|place11345|place11656|place11659|place6255|place6695|place9312
-0.422204	core.enc_block.sword_ctr_reg[0]$_DFFE_PN0P_/Q	core.keymem.key_mem[6][78]$_DFFE_PN0P_/D	_24108_|_24110_|_24111_|_24320_|_24645_|_24652_|_24668_|_24669_|_25677_|_25678_|_26526_|_26530_|_26534_|_31309_|_39369_|core.enc_block.sword_ctr_reg[0]$_DFFE_PN0P_|core.keymem.key_mem[6][78]$_DFFE_PN0P_|place10521|place10522|place10523|place11345|place11648|place11649|place6255|place6695|place9309
-0.422203	core.enc_block.sword_ctr_reg[0]$_DFFE_PN0P_/Q	core.keymem.key_mem[6][78]$_DFFE_PN0P_/D	_24108_|_24110_|_24111_|_24320_|_24645_|_24652_|_24668_|_24669_|_25677_|_25678_|_26526_|_26530_|_26534_|_31309_|_39369_|core.enc_block.sword_ctr_reg[0]$_DFFE_PN0P_|core.keymem.key_mem[6][78]$_DFFE_PN0P_|place10521|place10522|place10523|place11345|place11648|place11649|place6255|place6695|place9309
-0.422158	core.enc_block.sword_ctr_reg[0]$_DFFE_PN0P_/Q	core.keymem.key_mem[6][78]$_DFFE_PN0P_/D	_24108_|_24110_|_24111_|_24320_|_24645_|_24652_|_24668_|_24669_|_25677_|_25678_|_26526_|_26530_|_26534_|_31309_|_39369_|core.enc_block.sword_ctr_reg[0]$_DFFE_PN0P_|core.keymem.key_mem[6][78]$_DFFE_PN0P_|place10521|place10522|place10523|place11345|place11648|place11649|place6255|place6695|place9309
-0.422157	core.enc_block.sword_ctr_reg[0]$_DFFE_PN0P_/Q	core.keymem.key_mem[6][78]$_DFFE_PN0P_/D	_24108_|_24110_|_24111_|_24320_|_24645_|_24652_|_24668_|_24669_|_25677_|_25678_|_26526_|_26530_|_26534_|_31309_|_39369_|core.enc_block.sword_ctr_reg[0]$_DFFE_PN0P_|core.keymem.key_mem[6][78]$_DFFE_PN0P_|place10521|place10522|place10523|place11345|place11648|place11649|place6255|place6695|place9309
-0.422149	core.enc_block.sword_ctr_reg[1]$_DFFE_PN0P_/Q	core.keymem.key_mem[6][78]$_DFFE_PN0P_/D	_24108_|_24110_|_24111_|_24320_|_24645_|_24652_|_24668_|_24669_|_25677_|_25678_|_26526_|_26530_|_26534_|_31309_|_39369_|core.enc_block.sword_ctr_reg[1]$_DFFE_PN0P_|core.keymem.key_mem[6][78]$_DFFE_PN0P_|place10521|place10522|place10523|place11345|place11648|place11649|place6255|place6695|place9309
-0.422147	core.enc_block.sword_ctr_reg[1]$_DFFE_PN0P_/Q	core.keymem.key_mem[6][78]$_DFFE_PN0P_/D	_24108_|_24110_|_24111_|_24320_|_24645_|_24652_|_24668_|_24669_|_25677_|_25678_|_26526_|_26530_|_26534_|_31309_|_39369_|core.enc_block.sword_ctr_reg[1]$_DFFE_PN0P_|core.keymem.key_mem[6][78]$_DFFE_PN0P_|place10521|place10522|place10523|place11345|place11648|place11649|place6255|place6695|place9309
-0.422146	core.enc_block.sword_ctr_reg[1]$_DFFE_PN0P_/Q	core.keymem.key_mem[5][78]$_DFFE_PN0P_/D	_24108_|_24110_|_24111_|_24320_|_24645_|_24652_|_24668_|_24669_|_25677_|_25678_|_26526_|_26530_|_26534_|_31144_|_39369_|core.enc_block.sword_ctr_reg[1]$_DFFE_PN0P_|core.keymem.key_mem[5][78]$_DFFE_PN0P_|place10521|place10522|place10523|place11345|place11648|place11649|place6255|place6695|place9309
-0.422145	core.enc_block.sword_ctr_reg[1]$_DFFE_PN0P_/Q	core.keymem.key_mem[5][78]$_DFFE_PN0P_/D	_24108_|_24110_|_24111_|_24320_|_24645_|_24652_|_24668_|_24669_|_25677_|_25678_|_26526_|_26530_|_26534_|_31144_|_39369_|core.enc_block.sword_ctr_reg[1]$_DFFE_PN0P_|core.keymem.key_mem[5][78]$_DFFE_PN0P_|place10521|place10522|place10523|place11345|place11648|place11649|place6255|place6695|place9309
-0.422097	core.enc_block.sword_ctr_reg[0]$_DFFE_PN0P_/Q	core.keymem.key_mem[6][78]$_DFFE_PN0P_/D	_24108_|_24110_|_24111_|_24320_|_24645_|_24652_|_24668_|_24669_|_25677_|_25678_|_26526_|_26530_|_26534_|_31309_|_39369_|core.enc_block.sword_ctr_reg[0]$_DFFE_PN0P_|core.keymem.key_mem[6][78]$_DFFE_PN0P_|place10521|place10522|place10523|place11345|place11648|place11649|place6255|place6695|place9309
-0.422097	core.enc_block.sword_ctr_reg[0]$_DFFE_PN0P_/Q	core.keymem.key_mem[6][78]$_DFFE_PN0P_/D	_24108_|_24110_|_24111_|_24320_|_24645_|_24652_|_24668_|_24669_|_25677_|_25678_|_26526_|_26530_|_26534_|_31309_|_39369_|core.enc_block.sword_ctr_reg[0]$_DFFE_PN0P_|core.keymem.key_mem[6][78]$_DFFE_PN0P_|place10521|place10522|place10523|place11345|place11648|place11649|place6255|place6695|place9309
-0.422096	core.enc_block.sword_ctr_reg[0]$_DFFE_PN0P_/Q	core.keymem.key_mem[6][78]$_DFFE_PN0P_/D	_24108_|_24110_|_24111_|_24320_|_24645_|_24652_|_24668_|_24669_|_25677_|_25678_|_26526_|_26530_|_26534_|_31309_|_39369_|core.enc_block.sword_ctr_reg[0]$_DFFE_PN0P_|core.keymem.key_mem[6][78]$_DFFE_PN0P_|place10521|place10522|place10523|place11345|place11648|place11649|place6255|place6695|place9309
-0.422096	core.enc_block.sword_ctr_reg[0]$_DFFE_PN0P_/Q	core.keymem.key_mem[6][78]$_DFFE_PN0P_/D	_24108_|_24110_|_24111_|_24320_|_24645_|_24652_|_24668_|_24669_|_25677_|_25678_|_26526_|_26530_|_26534_|_31309_|_39369_|core.enc_block.sword_ctr_reg[0]$_DFFE_PN0P_|core.keymem.key_mem[6][78]$_DFFE_PN0P_|place10521|place10522|place10523|place11345|place11648|place11649|place6255|place6695|place9309
-0.422095	core.enc_block.sword_ctr_reg[0]$_DFFE_PN0P_/Q	core.keymem.key_mem[5][78]$_DFFE_PN0P_/D	_24108_|_24110_|_24111_|_24320_|_24645_|_24652_|_24668_|_24669_|_25677_|_25678_|_26526_|_26530_|_26534_|_31144_|_39369_|core.enc_block.sword_ctr_reg[0]$_DFFE_PN0P_|core.keymem.key_mem[5][78]$_DFFE_PN0P_|place10521|place10522|place10523|place11345|place11648|place11649|place6255|place6695|place9309
-0.422095	core.enc_block.sword_ctr_reg[0]$_DFFE_PN0P_/Q	core.keymem.key_mem[5][78]$_DFFE_PN0P_/D	_24108_|_24110_|_24111_|_24320_|_24645_|_24652_|_24668_|_24669_|_25677_|_25678_|_26526_|_26530_|_26534_|_31144_|_39369_|core.enc_block.sword_ctr_reg[0]$_DFFE_PN0P_|core.keymem.key_mem[5][78]$_DFFE_PN0P_|place10521|place10522|place10523|place11345|place11648|place11649|place6255|place6695|place9309
-0.422094	core.enc_block.sword_ctr_reg[0]$_DFFE_PN0P_/Q	core.keymem.key_mem[5][78]$_DFFE_PN0P_/D	_24108_|_24110_|_24111_|_24320_|_24645_|_24652_|_24668_|_24669_|_25677_|_25678_|_26526_|_26530_|_26534_|_31144_|_39369_|core.enc_block.sword_ctr_reg[0]$_DFFE_PN0P_|core.keymem.key_mem[5][78]$_DFFE_PN0P_|place10521|place10522|place10523|place11345|place11648|place11649|place6255|place6695|place9309
-0.422094	core.enc_block.sword_ctr_reg[0]$_DFFE_PN0P_/Q	core.keymem.key_mem[5][78]$_DFFE_PN0P_/D	_24108_|_24110_|_24111_|_24320_|_24645_|_24652_|_24668_|_24669_|_25677_|_25678_|_26526_|_26530_|_26534_|_31144_|_39369_|core.enc_block.sword_ctr_reg[0]$_DFFE_PN0P_|core.keymem.key_mem[5][78]$_DFFE_PN0P_|place10521|place10522|place10523|place11345|place11648|place11649|place6255|place6695|place9309
-0.422082	core.enc_block.sword_ctr_reg[0]$_DFFE_PN0P_/Q	core.keymem.key_mem[5][78]$_DFFE_PN0P_/D	_24108_|_24110_|_24111_|_24320_|_24645_|_24652_|_24668_|_24669_|_25677_|_25678_|_26526_|_26530_|_26534_|_31144_|_39369_|core.enc_block.sword_ctr_reg[0]$_DFFE_PN0P_|core.keymem.key_mem[5][78]$_DFFE_PN0P_|place10521|place10522|place10523|place11345|place11648|place11649|place6255|place6695|place9309
-0.422082	core.enc_block.sword_ctr_reg[0]$_DFFE_PN0P_/Q	core.keymem.key_mem[5][78]$_DFFE_PN0P_/D	_24108_|_24110_|_24111_|_24320_|_24645_|_24652_|_24668_|_24669_|_25677_|_25678_|_26526_|_26530_|_26534_|_31144_|_39369_|core.enc_block.sword_ctr_reg[0]$_DFFE_PN0P_|core.keymem.key_mem[5][78]$_DFFE_PN0P_|place10521|place10522|place10523|place11345|place11648|place11649|place6255|place6695|place9309
-0.422022	core.enc_block.sword_ctr_reg[0]$_DFFE_PN0P_/Q	core.keymem.key_mem[8][78]$_DFFE_PN0P_/D	_24109_|_24110_|_24125_|_24314_|_24632_|_24634_|_24641_|_24668_|_24669_|_25677_|_25678_|_26526_|_26530_|_26534_|_28357_|_39368_|core.enc_block.sword_ctr_reg[0]$_DFFE_PN0P_|core.keymem.key_mem[8][78]$_DFFE_PN0P_|place11345|place11656|place11659|place6255|place6695|place9312
-0.422021	core.enc_block.sword_ctr_reg[0]$_DFFE_PN0P_/Q	core.keymem.key_mem[8][78]$_DFFE_PN0P_/D	_24109_|_24110_|_24125_|_24314_|_24632_|_24634_|_24641_|_24668_|_24669_|_25677_|_25678_|_26526_|_26530_|_26534_|_28357_|_39368_|core.enc_block.sword_ctr_reg[0]$_DFFE_PN0P_|core.keymem.key_mem[8][78]$_DFFE_PN0P_|place11345|place11656|place11659|place6255|place6695|place9312
-0.422014	core.enc_block.sword_ctr_reg[0]$_DFFE_PN0P_/Q	core.keymem.key_mem[8][78]$_DFFE_PN0P_/D	_24108_|_24110_|_24111_|_24320_|_24645_|_24652_|_24668_|_24669_|_25677_|_25678_|_26526_|_26530_|_26534_|_28357_|_39369_|core.enc_block.sword_ctr_reg[0]$_DFFE_PN0P_|core.keymem.key_mem[8][78]$_DFFE_PN0P_|place10521|place10522|place10523|place11345|place11648|place11649|place6255|place6695|place9309
-0.422013	core.enc_block.sword_ctr_reg[0]$_DFFE_PN0P_/Q	core.keymem.key_mem[8][78]$_DFFE_PN0P_/D	_24108_|_24110_|_24111_|_24320_|_24645_|_24652_|_24668_|_24669_|_25677_|_25678_|_26526_|_26530_|_26534_|_28357_|_39369_|core.enc_block.sword_ctr_reg[0]$_DFFE_PN0P_|core.keymem.key_mem[8][78]$_DFFE_PN0P_|place10521|place10522|place10523|place11345|place11648|place11649|place6255|place6695|place9309
-0.421988	core.enc_block.sword_ctr_reg[0]$_DFFE_PN0P_/Q	core.keymem.key_mem[6][78]$_DFFE_PN0P_/D	_24108_|_24110_|_24111_|_24320_|_24645_|_24652_|_24668_|_24669_|_25677_|_25678_|_26526_|_26530_|_26534_|_31309_|_39369_|core.enc_block.sword_ctr_reg[0]$_DFFE_PN0P_|core.keymem.key_mem[6][78]$_DFFE_PN0P_|place10521|place10522|place10523|place11345|place11648|place11649|place6255|place6695|place9309
-0.421987	core.enc_block.sword_ctr_reg[0]$_DFFE_PN0P_/Q	core.keymem.key_mem[6][78]$_DFFE_PN0P_/D	_24108_|_24110_|_24111_|_24320_|_24645_|_24652_|_24668_|_24669_|_25677_|_25678_|_26526_|_26530_|_26534_|_31309_|_39369_|core.enc_block.sword_ctr_reg[0]$_DFFE_PN0P_|core.keymem.key_mem[6][78]$_DFFE_PN0P_|place10521|place10522|place10523|place11345|place11648|place11649|place6255|place6695|place9309
-0.421986	core.enc_block.sword_ctr_reg[0]$_DFFE_PN0P_/Q	core.keymem.key_mem[5][78]$_DFFE_PN0P_/D	_24108_|_24110_|_24111_|_24320_|_24645_|_24652_|_24668_|_24669_|_25677_|_25678_|_26526_|_26530_|_26534_|_31144_|_39369_|core.enc_block.sword_ctr_reg[0]$_DFFE_PN0P_|core.keymem.key_mem[5][78]$_DFFE_PN0P_|place10521|place10522|place10523|place11345|place11648|place11649|place6255|place6695|place9309
-0.421985	core.enc_block.sword_ctr_reg[0]$_DFFE_PN0P_/Q	core.keymem.key_mem[5][78]$_DFFE_PN0P_/D	_24108_|_24110_|_24111_|_24320_|_24645_|_24652_|_24668_|_24669_|_25677_|_25678_|_26526_|_26530_|_26534_|_31144_|_39369_|core.enc_block.sword_ctr_reg[0]$_DFFE_PN0P_|core.keymem.key_mem[5][78]$_DFFE_PN0P_|place10521|place10522|place10523|place11345|place11648|place11649|place6255|place6695|place9309
-0.421962	core.enc_block.sword_ctr_reg[1]$_DFFE_PN0P_/Q	core.keymem.key_mem[6][78]$_DFFE_PN0P_/D	_24108_|_24110_|_24111_|_24320_|_24645_|_24652_|_24668_|_24669_|_25677_|_25678_|_26526_|_26530_|_26534_|_31309_|_39369_|core.enc_block.sword_ctr_reg[1]$_DFFE_PN0P_|core.keymem.key_mem[6][78]$_DFFE_PN0P_|place10521|place10522|place10523|place11345|place11648|place11649|place6255|place6695|place9309
-0.421961	core.enc_block.sword_ctr_reg[1]$_DFFE_PN0P_/Q	core.keymem.key_mem[6][78]$_DFFE_PN0P_/D	_24108_|_24110_|_24111_|_24320_|_24645_|_24652_|_24668_|_24669_|_25677_|_25678_|_26526_|_26530_|_26534_|_31309_|_39369_|core.enc_block.sword_ctr_reg[1]$_DFFE_PN0P_|core.keymem.key_mem[6][78]$_DFFE_PN0P_|place10521|place10522|place10523|place11345|place11648|place11649|place6255|place6695|place9309
-0.421950	core.enc_block.sword_ctr_reg[1]$_DFFE_PN0P_/Q	core.keymem.key_mem[6][78]$_DFFE_PN0P_/D	_25289_|_25290_|_25291_|_25518_|_25658_|_25660_|_25665_|_25675_|_25676_|_25677_|_25678_|_26526_|_26530_|_26534_|_31309_|_39369_|core.enc_block.sword_ctr_reg[1]$_DFFE_PN0P_|core.keymem.key_mem[6][78]$_DFFE_PN0P_|place10247|place11649|place6255|place6695
-0.421949	core.enc_block.sword_ctr_reg[0]$_DFFE_PN0P_/Q	core.keymem.key_mem[6][78]$_DFFE_PN0P_/D	_24108_|_24110_|_24111_|_24320_|_24645_|_24652_|_24668_|_24669_|_25677_|_25678_|_26526_|_26530_|_26534_|_31309_|_39369_|core.enc_block.sword_ctr_reg[0]$_DFFE_PN0P_|core.keymem.key_mem[6][78]$_DFFE_PN0P_|place10521|place10522|place10523|place11345|place11648|place11649|place6255|place6695|place9309
-0.421949	core.enc_block.sword_ctr_reg[1]$_DFFE_PN0P_/Q	core.keymem.key_mem[6][78]$_DFFE_PN0P_/D	_25289_|_25290_|_25291_|_25518_|_25658_|_25660_|_25665_|_25675_|_25676_|_25677_|_25678_|_26526_|_26530_|_26534_|_31309_|_39369_|core.enc_block.sword_ctr_reg[1]$_DFFE_PN0P_|core.keymem.key_mem[6][78]$_DFFE_PN0P_|place10247|place11649|place6255|place6695
-0.421949	core.enc_block.sword_ctr_reg[1]$_DFFE_PN0P_/Q	core.keymem.key_mem[6][78]$_DFFE_PN0P_/D	_25289_|_25290_|_25291_|_25518_|_25658_|_25660_|_25665_|_25675_|_25676_|_25677_|_25678_|_26526_|_26530_|_26534_|_31309_|_39369_|core.enc_block.sword_ctr_reg[1]$_DFFE_PN0P_|core.keymem.key_mem[6][78]$_DFFE_PN0P_|place10247|place11649|place6255|place6695
-0.421948	core.enc_block.sword_ctr_reg[0]$_DFFE_PN0P_/Q	core.keymem.key_mem[6][78]$_DFFE_PN0P_/D	_24108_|_24110_|_24111_|_24320_|_24645_|_24652_|_24668_|_24669_|_25677_|_25678_|_26526_|_26530_|_26534_|_31309_|_39369_|core.enc_block.sword_ctr_reg[0]$_DFFE_PN0P_|core.keymem.key_mem[6][78]$_DFFE_PN0P_|place10521|place10522|place10523|place11345|place11648|place11649|place6255|place6695|place9309
-0.421948	core.enc_block.sword_ctr_reg[1]$_DFFE_PN0P_/Q	core.keymem.key_mem[6][78]$_DFFE_PN0P_/D	_25289_|_25290_|_25291_|_25518_|_25658_|_25660_|_25665_|_25675_|_25676_|_25677_|_25678_|_26526_|_26530_|_26534_|_31309_|_39369_|core.enc_block.sword_ctr_reg[1]$_DFFE_PN0P_|core.keymem.key_mem[6][78]$_DFFE_PN0P_|place10247|place11649|place6255|place6695
-0.421916	core.enc_block.sword_ctr_reg[1]$_DFFE_PN0P_/Q	core.keymem.key_mem[6][78]$_DFFE_PN0P_/D	_24108_|_24110_|_24111_|_24320_|_24645_|_24652_|_24668_|_24669_|_25677_|_25678_|_26526_|_26530_|_26534_|_31309_|_39369_|core.enc_block.sword_ctr_reg[1]$_DFFE_PN0P_|core.keymem.key_mem[6][78]$_DFFE_PN0P_|place10521|place10522|place10523|place11345|place11648|place11649|place6255|place6695|place9309
-0.421915	core.enc_block.sword_ctr_reg[1]$_DFFE_PN0P_/Q	core.keymem.key_mem[6][78]$_DFFE_PN0P_/D	_24108_|_24110_|_24111_|_24320_|_24645_|_24652_|_24668_|_24669_|_25677_|_25678_|_26526_|_26530_|_26534_|_31309_|_39369_|core.enc_block.sword_ctr_reg[1]$_DFFE_PN0P_|core.keymem.key_mem[6][78]$_DFFE_PN0P_|place10521|place10522|place10523|place11345|place11648|place11649|place6255|place6695|place9309
-0.421899	core.enc_block.sword_ctr_reg[0]$_DFFE_PN0P_/Q	core.keymem.key_mem[6][78]$_DFFE_PN0P_/D	_24108_|_24110_|_24111_|_24320_|_24645_|_24652_|_24668_|_24669_|_25677_|_25678_|_26526_|_26530_|_26534_|_31309_|_39369_|core.enc_block.sword_ctr_reg[0]$_DFFE_PN0P_|core.keymem.key_mem[6][78]$_DFFE_PN0P_|place10521|place10522|place10523|place11345|place11648|place11649|place6255|place6695|place9309
-0.421897	core.enc_block.sword_ctr_reg[0]$_DFFE_PN0P_/Q	core.keymem.key_mem[6][78]$_DFFE_PN0P_/D	_24108_|_24110_|_24111_|_24320_|_24645_|_24652_|_24668_|_24669_|_25677_|_25678_|_26526_|_26530_|_26534_|_31309_|_39369_|core.enc_block.sword_ctr_reg[0]$_DFFE_PN0P_|core.keymem.key_mem[6][78]$_DFFE_PN0P_|place10521|place10522|place10523|place11345|place11648|place11649|place6255|place6695|place9309
-0.421857	core.enc_block.sword_ctr_reg[0]$_DFFE_PN0P_/Q	core.keymem.key_mem[5][78]$_DFFE_PN0P_/D	_24109_|_24110_|_24125_|_24314_|_24632_|_24634_|_24641_|_24668_|_24669_|_25677_|_25678_|_26526_|_26530_|_26534_|_31144_|_39368_|core.enc_block.sword_ctr_reg[0]$_DFFE_PN0P_|core.keymem.key_mem[5][78]$_DFFE_PN0P_|place11345|place11656|place11659|place6255|place6695|place9312
-0.421856	core.enc_block.sword_ctr_reg[0]$_DFFE_PN0P_/Q	core.keymem.key_mem[5][78]$_DFFE_PN0P_/D	_24109_|_24110_|_24125_|_24314_|_24632_|_24634_|_24641_|_24668_|_24669_|_25677_|_25678_|_26526_|_26530_|_26534_|_31144_|_39368_|core.enc_block.sword_ctr_reg[0]$_DFFE_PN0P_|core.keymem.key_mem[5][78]$_DFFE_PN0P_|place11345|place11656|place11659|place6255|place6695|place9312
-0.421855	core.enc_block.sword_ctr_reg[1]$_DFFE_PN0P_/Q	core.keymem.key_mem[6][78]$_DFFE_PN0P_/D	_24108_|_24110_|_24111_|_24320_|_24645_|_24652_|_24668_|_24669_|_25677_|_25678_|_26526_|_26530_|_26534_|_31309_|_39369_|core.enc_block.sword_ctr_reg[1]$_DFFE_PN0P_|core.keymem.key_mem[6][78]$_DFFE_PN0P_|place10521|place10522|place10523|place11345|place11648|place11649|place6255|place6695|place9309
-0.421855	core.enc_block.sword_ctr_reg[1]$_DFFE_PN0P_/Q	core.keymem.key_mem[6][78]$_DFFE_PN0P_/D	_24108_|_24110_|_24111_|_24320_|_24645_|_24652_|_24668_|_24669_|_25677_|_25678_|_26526_|_26530_|_26534_|_31309_|_39369_|core.enc_block.sword_ctr_reg[1]$_DFFE_PN0P_|core.keymem.key_mem[6][78]$_DFFE_PN0P_|place10521|place10522|place10523|place11345|place11648|place11649|place6255|place6695|place9309
-0.421854	core.enc_block.sword_ctr_reg[1]$_DFFE_PN0P_/Q	core.keymem.key_mem[6][78]$_DFFE_PN0P_/D	_24108_|_24110_|_24111_|_24320_|_24645_|_24652_|_24668_|_24669_|_25677_|_25678_|_26526_|_26530_|_26534_|_31309_|_39369_|core.enc_block.sword_ctr_reg[1]$_DFFE_PN0P_|core.keymem.key_mem[6][78]$_DFFE_PN0P_|place10521|place10522|place10523|place11345|place11648|place11649|place6255|place6695|place9309
-0.421854	core.enc_block.sword_ctr_reg[1]$_DFFE_PN0P_/Q	core.keymem.key_mem[6][78]$_DFFE_PN0P_/D	_24108_|_24110_|_24111_|_24320_|_24645_|_24652_|_24668_|_24669_|_25677_|_25678_|_26526_|_26530_|_26534_|_31309_|_39369_|core.enc_block.sword_ctr_reg[1]$_DFFE_PN0P_|core.keymem.key_mem[6][78]$_DFFE_PN0P_|place10521|place10522|place10523|place11345|place11648|place11649|place6255|place6695|place9309
-0.421853	core.enc_block.sword_ctr_reg[1]$_DFFE_PN0P_/Q	core.keymem.key_mem[5][78]$_DFFE_PN0P_/D	_24108_|_24110_|_24111_|_24320_|_24645_|_24652_|_24668_|_24669_|_25677_|_25678_|_26526_|_26530_|_26534_|_31144_|_39369_|core.enc_block.sword_ctr_reg[1]$_DFFE_PN0P_|core.keymem.key_mem[5][78]$_DFFE_PN0P_|place10521|place10522|place10523|place11345|place11648|place11649|place6255|place6695|place9309
-0.421853	core.enc_block.sword_ctr_reg[1]$_DFFE_PN0P_/Q	core.keymem.key_mem[5][78]$_DFFE_PN0P_/D	_24108_|_24110_|_24111_|_24320_|_24645_|_24652_|_24668_|_24669_|_25677_|_25678_|_26526_|_26530_|_26534_|_31144_|_39369_|core.enc_block.sword_ctr_reg[1]$_DFFE_PN0P_|core.keymem.key_mem[5][78]$_DFFE_PN0P_|place10521|place10522|place10523|place11345|place11648|place11649|place6255|place6695|place9309
-0.421852	core.enc_block.sword_ctr_reg[1]$_DFFE_PN0P_/Q	core.keymem.key_mem[5][78]$_DFFE_PN0P_/D	_24108_|_24110_|_24111_|_24320_|_24645_|_24652_|_24668_|_24669_|_25677_|_25678_|_26526_|_26530_|_26534_|_31144_|_39369_|core.enc_block.sword_ctr_reg[1]$_DFFE_PN0P_|core.keymem.key_mem[5][78]$_DFFE_PN0P_|place10521|place10522|place10523|place11345|place11648|place11649|place6255|place6695|place9309
-0.421852	core.enc_block.sword_ctr_reg[1]$_DFFE_PN0P_/Q	core.keymem.key_mem[5][78]$_DFFE_PN0P_/D	_24108_|_24110_|_24111_|_24320_|_24645_|_24652_|_24668_|_24669_|_25677_|_25678_|_26526_|_26530_|_26534_|_31144_|_39369_|core.enc_block.sword_ctr_reg[1]$_DFFE_PN0P_|core.keymem.key_mem[5][78]$_DFFE_PN0P_|place10521|place10522|place10523|place11345|place11648|place11649|place6255|place6695|place9309
-0.421852	core.enc_block.sword_ctr_reg[0]$_DFFE_PN0P_/Q	core.keymem.key_mem[6][78]$_DFFE_PN0P_/D	_24108_|_24110_|_24111_|_24320_|_24645_|_24652_|_24668_|_24669_|_25677_|_25678_|_26526_|_26530_|_26534_|_31309_|_39369_|core.enc_block.sword_ctr_reg[0]$_DFFE_PN0P_|core.keymem.key_mem[6][78]$_DFFE_PN0P_|place10521|place10522|place10523|place11345|place11648|place11649|place6255|place6695|place9309
-0.421851	core.enc_block.sword_ctr_reg[0]$_DFFE_PN0P_/Q	core.keymem.key_mem[6][78]$_DFFE_PN0P_/D	_24108_|_24110_|_24111_|_24320_|_24645_|_24652_|_24668_|_24669_|_25677_|_25678_|_26526_|_26530_|_26534_|_31309_|_39369_|core.enc_block.sword_ctr_reg[0]$_DFFE_PN0P_|core.keymem.key_mem[6][78]$_DFFE_PN0P_|place10521|place10522|place10523|place11345|place11648|place11649|place6255|place6695|place9309
-0.421841	core.enc_block.sword_ctr_reg[1]$_DFFE_PN0P_/Q	core.keymem.key_mem[5][78]$_DFFE_PN0P_/D	_24108_|_24110_|_24125_|_24314_|_24632_|_24634_|_24641_|_24668_|_24669_|_25677_|_25678_|_26526_|_26530_|_26534_|_31144_|_39369_|core.enc_block.sword_ctr_reg[1]$_DFFE_PN0P_|core.keymem.key_mem[5][78]$_DFFE_PN0P_|place11345|place11648|place11649|place6255|place6695|place9312
-0.421840	core.enc_block.sword_ctr_reg[1]$_DFFE_PN0P_/Q	core.keymem.key_mem[5][78]$_DFFE_PN0P_/D	_24108_|_24110_|_24111_|_24320_|_24645_|_24652_|_24668_|_24669_|_25677_|_25678_|_26526_|_26530_|_26534_|_31144_|_39369_|core.enc_block.sword_ctr_reg[1]$_DFFE_PN0P_|core.keymem.key_mem[5][78]$_DFFE_PN0P_|place10521|place10522|place10523|place11345|place11648|place11649|place6255|place6695|place9309
-0.421840	core.enc_block.sword_ctr_reg[1]$_DFFE_PN0P_/Q	core.keymem.key_mem[5][78]$_DFFE_PN0P_/D	_24108_|_24110_|_24125_|_24314_|_24632_|_24634_|_24641_|_24668_|_24669_|_25677_|_25678_|_26526_|_26530_|_26534_|_31144_|_39369_|core.enc_block.sword_ctr_reg[1]$_DFFE_PN0P_|core.keymem.key_mem[5][78]$_DFFE_PN0P_|place11345|place11648|place11649|place6255|place6695|place9312
-0.421839	core.enc_block.sword_ctr_reg[1]$_DFFE_PN0P_/Q	core.keymem.key_mem[5][78]$_DFFE_PN0P_/D	_24108_|_24110_|_24111_|_24320_|_24645_|_24652_|_24668_|_24669_|_25677_|_25678_|_26526_|_26530_|_26534_|_31144_|_39369_|core.enc_block.sword_ctr_reg[1]$_DFFE_PN0P_|core.keymem.key_mem[5][78]$_DFFE_PN0P_|place10521|place10522|place10523|place11345|place11648|place11649|place6255|place6695|place9309
-0.421828	core.enc_block.sword_ctr_reg[0]$_DFFE_PN0P_/Q	core.keymem.key_mem[8][78]$_DFFE_PN0P_/D	_24108_|_24110_|_24111_|_24320_|_24645_|_24652_|_24668_|_24669_|_25677_|_25678_|_26526_|_26530_|_26534_|_28357_|_39369_|core.enc_block.sword_ctr_reg[0]$_DFFE_PN0P_|core.keymem.key_mem[8][78]$_DFFE_PN0P_|place10521|place10522|place10523|place11345|place11648|place11649|place6255|place6695|place9309
-0.421827	core.enc_block.sword_ctr_reg[0]$_DFFE_PN0P_/Q	core.keymem.key_mem[8][78]$_DFFE_PN0P_/D	_24108_|_24110_|_24111_|_24320_|_24645_|_24652_|_24668_|_24669_|_25677_|_25678_|_26526_|_26530_|_26534_|_28357_|_39369_|core.enc_block.sword_ctr_reg[0]$_DFFE_PN0P_|core.keymem.key_mem[8][78]$_DFFE_PN0P_|place10521|place10522|place10523|place11345|place11648|place11649|place6255|place6695|place9309
-0.421810	core.enc_block.sword_ctr_reg[0]$_DFFE_PN0P_/Q	core.keymem.key_mem[5][78]$_DFFE_PN0P_/D	_24109_|_24110_|_24125_|_24314_|_24632_|_24634_|_24641_|_24668_|_24669_|_25677_|_25678_|_26526_|_26530_|_26534_|_31144_|_39368_|core.enc_block.sword_ctr_reg[0]$_DFFE_PN0P_|core.keymem.key_mem[5][78]$_DFFE_PN0P_|place11345|place11656|place11659|place6255|place6695|place9312
-0.421809	core.enc_block.sword_ctr_reg[0]$_DFFE_PN0P_/Q	core.keymem.key_mem[5][78]$_DFFE_PN0P_/D	_24109_|_24110_|_24125_|_24314_|_24632_|_24634_|_24641_|_24668_|_24669_|_25677_|_25678_|_26526_|_26530_|_26534_|_31144_|_39368_|core.enc_block.sword_ctr_reg[0]$_DFFE_PN0P_|core.keymem.key_mem[5][78]$_DFFE_PN0P_|place11345|place11656|place11659|place6255|place6695|place9312
-0.421795	core.enc_block.sword_ctr_reg[1]$_DFFE_PN0P_/Q	core.keymem.key_mem[5][78]$_DFFE_PN0P_/D	_24108_|_24110_|_24125_|_24314_|_24632_|_24634_|_24641_|_24668_|_24669_|_25677_|_25678_|_26526_|_26530_|_26534_|_31144_|_39369_|core.enc_block.sword_ctr_reg[1]$_DFFE_PN0P_|core.keymem.key_mem[5][78]$_DFFE_PN0P_|place11345|place11648|place11649|place6255|place6695|place9312
-0.421793	core.enc_block.sword_ctr_reg[1]$_DFFE_PN0P_/Q	core.keymem.key_mem[5][78]$_DFFE_PN0P_/D	_24108_|_24110_|_24125_|_24314_|_24632_|_24634_|_24641_|_24668_|_24669_|_25677_|_25678_|_26526_|_26530_|_26534_|_31144_|_39369_|core.enc_block.sword_ctr_reg[1]$_DFFE_PN0P_|core.keymem.key_mem[5][78]$_DFFE_PN0P_|place11345|place11648|place11649|place6255|place6695|place9312
-0.421789	core.enc_block.sword_ctr_reg[0]$_DFFE_PN0P_/Q	core.keymem.key_mem[5][78]$_DFFE_PN0P_/D	_24108_|_24110_|_24111_|_24320_|_24645_|_24652_|_24668_|_24669_|_25677_|_25678_|_26526_|_26530_|_26534_|_31144_|_39369_|core.enc_block.sword_ctr_reg[0]$_DFFE_PN0P_|core.keymem.key_mem[5][78]$_DFFE_PN0P_|place10521|place10522|place10523|place11345|place11648|place11649|place6255|place6695|place9309
-0.421789	core.enc_block.sword_ctr_reg[0]$_DFFE_PN0P_/Q	core.keymem.key_mem[5][78]$_DFFE_PN0P_/D	_24108_|_24110_|_24111_|_24320_|_24645_|_24652_|_24668_|_24669_|_25677_|_25678_|_26526_|_26530_|_26534_|_31144_|_39369_|core.enc_block.sword_ctr_reg[0]$_DFFE_PN0P_|core.keymem.key_mem[5][78]$_DFFE_PN0P_|place10521|place10522|place10523|place11345|place11648|place11649|place6255|place6695|place9309
-0.421788	core.enc_block.sword_ctr_reg[0]$_DFFE_PN0P_/Q	core.keymem.key_mem[5][78]$_DFFE_PN0P_/D	_24108_|_24110_|_24111_|_24320_|_24645_|_24652_|_24668_|_24669_|_25677_|_25678_|_26526_|_26530_|_26534_|_31144_|_39369_|core.enc_block.sword_ctr_reg[0]$_DFFE_PN0P_|core.keymem.key_mem[5][78]$_DFFE_PN0P_|place10521|place10522|place10523|place11345|place11648|place11649|place6255|place6695|place9309
-0.421788	core.enc_block.sword_ctr_reg[0]$_DFFE_PN0P_/Q	core.keymem.key_mem[5][78]$_DFFE_PN0P_/D	_24108_|_24110_|_24111_|_24320_|_24645_|_24652_|_24668_|_24669_|_25677_|_25678_|_26526_|_26530_|_26534_|_31144_|_39369_|core.enc_block.sword_ctr_reg[0]$_DFFE_PN0P_|core.keymem.key_mem[5][78]$_DFFE_PN0P_|place10521|place10522|place10523|place11345|place11648|place11649|place6255|place6695|place9309
-0.421783	core.enc_block.sword_ctr_reg[1]$_DFFE_PN0P_/Q	core.keymem.key_mem[5][78]$_DFFE_PN0P_/D	_25289_|_25290_|_25291_|_25518_|_25658_|_25660_|_25665_|_25675_|_25676_|_25677_|_25678_|_26526_|_26530_|_26534_|_31144_|_39369_|core.enc_block.sword_ctr_reg[1]$_DFFE_PN0P_|core.keymem.key_mem[5][78]$_DFFE_PN0P_|place10247|place11649|place6255|place6695
-0.421781	core.enc_block.sword_ctr_reg[1]$_DFFE_PN0P_/Q	core.keymem.key_mem[5][78]$_DFFE_PN0P_/D	_25289_|_25290_|_25291_|_25518_|_25658_|_25660_|_25665_|_25675_|_25676_|_25677_|_25678_|_26526_|_26530_|_26534_|_31144_|_39369_|core.enc_block.sword_ctr_reg[1]$_DFFE_PN0P_|core.keymem.key_mem[5][78]$_DFFE_PN0P_|place10247|place11649|place6255|place6695
-0.421782	core.enc_block.sword_ctr_reg[1]$_DFFE_PN0P_/Q	core.keymem.key_mem[5][78]$_DFFE_PN0P_/D	_25289_|_25290_|_25291_|_25518_|_25658_|_25660_|_25665_|_25675_|_25676_|_25677_|_25678_|_26526_|_26530_|_26534_|_31144_|_39369_|core.enc_block.sword_ctr_reg[1]$_DFFE_PN0P_|core.keymem.key_mem[5][78]$_DFFE_PN0P_|place10247|place11649|place6255|place6695
-0.421781	core.enc_block.sword_ctr_reg[0]$_DFFE_PN0P_/Q	core.keymem.key_mem[8][78]$_DFFE_PN0P_/D	_24108_|_24110_|_24111_|_24320_|_24645_|_24652_|_24668_|_24669_|_25677_|_25678_|_26526_|_26530_|_26534_|_28357_|_39369_|core.enc_block.sword_ctr_reg[0]$_DFFE_PN0P_|core.keymem.key_mem[8][78]$_DFFE_PN0P_|place10521|place10522|place10523|place11345|place11648|place11649|place6255|place6695|place9309
-0.421780	core.enc_block.sword_ctr_reg[1]$_DFFE_PN0P_/Q	core.keymem.key_mem[5][78]$_DFFE_PN0P_/D	_25289_|_25290_|_25291_|_25518_|_25658_|_25660_|_25665_|_25675_|_25676_|_25677_|_25678_|_26526_|_26530_|_26534_|_31144_|_39369_|core.enc_block.sword_ctr_reg[1]$_DFFE_PN0P_|core.keymem.key_mem[5][78]$_DFFE_PN0P_|place10247|place11649|place6255|place6695
-0.421780	core.enc_block.sword_ctr_reg[0]$_DFFE_PN0P_/Q	core.keymem.key_mem[8][78]$_DFFE_PN0P_/D	_24108_|_24110_|_24111_|_24320_|_24645_|_24652_|_24668_|_24669_|_25677_|_25678_|_26526_|_26530_|_26534_|_28357_|_39369_|core.enc_block.sword_ctr_reg[0]$_DFFE_PN0P_|core.keymem.key_mem[8][78]$_DFFE_PN0P_|place10521|place10522|place10523|place11345|place11648|place11649|place6255|place6695|place9309
-0.421772	core.enc_block.sword_ctr_reg[1]$_DFFE_PN0P_/Q	core.keymem.key_mem[8][78]$_DFFE_PN0P_/D	_24108_|_24110_|_24111_|_24320_|_24645_|_24652_|_24668_|_24669_|_25677_|_25678_|_26526_|_26530_|_26534_|_28357_|_39369_|core.enc_block.sword_ctr_reg[1]$_DFFE_PN0P_|core.keymem.key_mem[8][78]$_DFFE_PN0P_|place10521|place10522|place10523|place11345|place11648|place11649|place6255|place6695|place9309
-0.421771	core.enc_block.sword_ctr_reg[1]$_DFFE_PN0P_/Q	core.keymem.key_mem[8][78]$_DFFE_PN0P_/D	_24108_|_24110_|_24111_|_24320_|_24645_|_24652_|_24668_|_24669_|_25677_|_25678_|_26526_|_26530_|_26534_|_28357_|_39369_|core.enc_block.sword_ctr_reg[1]$_DFFE_PN0P_|core.keymem.key_mem[8][78]$_DFFE_PN0P_|place10521|place10522|place10523|place11345|place11648|place11649|place6255|place6695|place9309
-0.421746	core.enc_block.sword_ctr_reg[1]$_DFFE_PN0P_/Q	core.keymem.key_mem[6][78]$_DFFE_PN0P_/D	_24108_|_24110_|_24111_|_24320_|_24645_|_24652_|_24668_|_24669_|_25677_|_25678_|_26526_|_26530_|_26534_|_31309_|_39369_|core.enc_block.sword_ctr_reg[1]$_DFFE_PN0P_|core.keymem.key_mem[6][78]$_DFFE_PN0P_|place10521|place10522|place10523|place11345|place11648|place11649|place6255|place6695|place9309
-0.421745	core.enc_block.sword_ctr_reg[1]$_DFFE_PN0P_/Q	core.keymem.key_mem[6][78]$_DFFE_PN0P_/D	_24108_|_24110_|_24111_|_24320_|_24645_|_24652_|_24668_|_24669_|_25677_|_25678_|_26526_|_26530_|_26534_|_31309_|_39369_|core.enc_block.sword_ctr_reg[1]$_DFFE_PN0P_|core.keymem.key_mem[6][78]$_DFFE_PN0P_|place10521|place10522|place10523|place11345|place11648|place11649|place6255|place6695|place9309
-0.421744	core.enc_block.sword_ctr_reg[1]$_DFFE_PN0P_/Q	core.keymem.key_mem[5][78]$_DFFE_PN0P_/D	_24108_|_24110_|_24111_|_24320_|_24645_|_24652_|_24668_|_24669_|_25677_|_25678_|_26526_|_26530_|_26534_|_31144_|_39369_|core.enc_block.sword_ctr_reg[1]$_DFFE_PN0P_|core.keymem.key_mem[5][78]$_DFFE_PN0P_|place10521|place10522|place10523|place11345|place11648|place11649|place6255|place6695|place9309
-0.421743	core.enc_block.sword_ctr_reg[1]$_DFFE_PN0P_/Q	core.keymem.key_mem[5][78]$_DFFE_PN0P_/D	_24108_|_24110_|_24111_|_24320_|_24645_|_24652_|_24668_|_24669_|_25677_|_25678_|_26526_|_26530_|_26534_|_31144_|_39369_|core.enc_block.sword_ctr_reg[1]$_DFFE_PN0P_|core.keymem.key_mem[5][78]$_DFFE_PN0P_|place10521|place10522|place10523|place11345|place11648|place11649|place6255|place6695|place9309
-0.421741	core.enc_block.sword_ctr_reg[0]$_DFFE_PN0P_/Q	core.keymem.key_mem[5][78]$_DFFE_PN0P_/D	_25289_|_25290_|_25291_|_25518_|_25658_|_25660_|_25665_|_25675_|_25676_|_25677_|_25678_|_26526_|_26530_|_26534_|_31144_|_39368_|core.enc_block.sword_ctr_reg[0]$_DFFE_PN0P_|core.keymem.key_mem[5][78]$_DFFE_PN0P_|place10247|place11659|place6255|place6695
-0.421740	core.enc_block.sword_ctr_reg[0]$_DFFE_PN0P_/Q	core.keymem.key_mem[5][78]$_DFFE_PN0P_/D	_25289_|_25290_|_25291_|_25518_|_25658_|_25660_|_25665_|_25675_|_25676_|_25677_|_25678_|_26526_|_26530_|_26534_|_31144_|_39368_|core.enc_block.sword_ctr_reg[0]$_DFFE_PN0P_|core.keymem.key_mem[5][78]$_DFFE_PN0P_|place10247|place11659|place6255|place6695
-0.421740	core.enc_block.sword_ctr_reg[0]$_DFFE_PN0P_/Q	core.keymem.key_mem[5][78]$_DFFE_PN0P_/D	_25289_|_25290_|_25291_|_25518_|_25658_|_25660_|_25665_|_25675_|_25676_|_25677_|_25678_|_26526_|_26530_|_26534_|_31144_|_39368_|core.enc_block.sword_ctr_reg[0]$_DFFE_PN0P_|core.keymem.key_mem[5][78]$_DFFE_PN0P_|place10247|place11659|place6255|place6695
-0.421739	core.enc_block.sword_ctr_reg[0]$_DFFE_PN0P_/Q	core.keymem.key_mem[5][78]$_DFFE_PN0P_/D	_25289_|_25290_|_25291_|_25518_|_25658_|_25660_|_25665_|_25675_|_25676_|_25677_|_25678_|_26526_|_26530_|_26534_|_31144_|_39368_|core.enc_block.sword_ctr_reg[0]$_DFFE_PN0P_|core.keymem.key_mem[5][78]$_DFFE_PN0P_|place10247|place11659|place6255|place6695
-0.421721	core.enc_block.sword_ctr_reg[0]$_DFFE_PN0P_/Q	core.keymem.key_mem[8][78]$_DFFE_PN0P_/D	_24108_|_24110_|_24111_|_24320_|_24645_|_24652_|_24668_|_24669_|_25677_|_25678_|_26526_|_26530_|_26534_|_28357_|_39369_|core.enc_block.sword_ctr_reg[0]$_DFFE_PN0P_|core.keymem.key_mem[8][78]$_DFFE_PN0P_|place10521|place10522|place10523|place11345|place11648|place11649|place6255|place6695|place9309
-0.421721	core.enc_block.sword_ctr_reg[0]$_DFFE_PN0P_/Q	core.keymem.key_mem[8][78]$_DFFE_PN0P_/D	_24108_|_24110_|_24111_|_24320_|_24645_|_24652_|_24668_|_24669_|_25677_|_25678_|_26526_|_26530_|_26534_|_28357_|_39369_|core.enc_block.sword_ctr_reg[0]$_DFFE_PN0P_|core.keymem.key_mem[8][78]$_DFFE_PN0P_|place10521|place10522|place10523|place11345|place11648|place11649|place6255|place6695|place9309
-0.421720	core.enc_block.sword_ctr_reg[0]$_DFFE_PN0P_/Q	core.keymem.key_mem[8][78]$_DFFE_PN0P_/D	_24108_|_24110_|_24111_|_24320_|_24645_|_24652_|_24668_|_24669_|_25677_|_25678_|_26526_|_26530_|_26534_|_28357_|_39369_|core.enc_block.sword_ctr_reg[0]$_DFFE_PN0P_|core.keymem.key_mem[8][78]$_DFFE_PN0P_|place10521|place10522|place10523|place11345|place11648|place11649|place6255|place6695|place9309
-0.421720	core.enc_block.sword_ctr_reg[0]$_DFFE_PN0P_/Q	core.keymem.key_mem[8][78]$_DFFE_PN0P_/D	_24108_|_24110_|_24111_|_24320_|_24645_|_24652_|_24668_|_24669_|_25677_|_25678_|_26526_|_26530_|_26534_|_28357_|_39369_|core.enc_block.sword_ctr_reg[0]$_DFFE_PN0P_|core.keymem.key_mem[8][78]$_DFFE_PN0P_|place10521|place10522|place10523|place11345|place11648|place11649|place6255|place6695|place9309
-0.421707	core.enc_block.sword_ctr_reg[1]$_DFFE_PN0P_/Q	core.keymem.key_mem[6][78]$_DFFE_PN0P_/D	_24108_|_24110_|_24111_|_24320_|_24645_|_24652_|_24668_|_24669_|_25677_|_25678_|_26526_|_26530_|_26534_|_31309_|_39369_|core.enc_block.sword_ctr_reg[1]$_DFFE_PN0P_|core.keymem.key_mem[6][78]$_DFFE_PN0P_|place10521|place10522|place10523|place11345|place11648|place11649|place6255|place6695|place9309
-0.421706	core.enc_block.sword_ctr_reg[1]$_DFFE_PN0P_/Q	core.keymem.key_mem[6][78]$_DFFE_PN0P_/D	_24108_|_24110_|_24111_|_24320_|_24645_|_24652_|_24668_|_24669_|_25677_|_25678_|_26526_|_26530_|_26534_|_31309_|_39369_|core.enc_block.sword_ctr_reg[1]$_DFFE_PN0P_|core.keymem.key_mem[6][78]$_DFFE_PN0P_|place10521|place10522|place10523|place11345|place11648|place11649|place6255|place6695|place9309
-0.421680	core.enc_block.sword_ctr_reg[0]$_DFFE_PN0P_/Q	core.keymem.key_mem[5][78]$_DFFE_PN0P_/D	_24108_|_24110_|_24111_|_24320_|_24645_|_24652_|_24668_|_24669_|_25677_|_25678_|_26526_|_26530_|_26534_|_31144_|_39369_|core.enc_block.sword_ctr_reg[0]$_DFFE_PN0P_|core.keymem.key_mem[5][78]$_DFFE_PN0P_|place10521|place10522|place10523|place11345|place11648|place11649|place6255|place6695|place9309
-0.421679	core.enc_block.sword_ctr_reg[0]$_DFFE_PN0P_/Q	core.keymem.key_mem[5][78]$_DFFE_PN0P_/D	_24108_|_24110_|_24111_|_24320_|_24645_|_24652_|_24668_|_24669_|_25677_|_25678_|_26526_|_26530_|_26534_|_31144_|_39369_|core.enc_block.sword_ctr_reg[0]$_DFFE_PN0P_|core.keymem.key_mem[5][78]$_DFFE_PN0P_|place10521|place10522|place10523|place11345|place11648|place11649|place6255|place6695|place9309
-0.421656	core.enc_block.sword_ctr_reg[1]$_DFFE_PN0P_/Q	core.keymem.key_mem[6][78]$_DFFE_PN0P_/D	_24108_|_24110_|_24111_|_24320_|_24645_|_24652_|_24668_|_24669_|_25677_|_25678_|_26526_|_26530_|_26534_|_31309_|_39369_|core.enc_block.sword_ctr_reg[1]$_DFFE_PN0P_|core.keymem.key_mem[6][78]$_DFFE_PN0P_|place10521|place10522|place10523|place11345|place11648|place11649|place6255|place6695|place9309
-0.421655	core.enc_block.sword_ctr_reg[1]$_DFFE_PN0P_/Q	core.keymem.key_mem[6][78]$_DFFE_PN0P_/D	_24108_|_24110_|_24111_|_24320_|_24645_|_24652_|_24668_|_24669_|_25677_|_25678_|_26526_|_26530_|_26534_|_31309_|_39369_|core.enc_block.sword_ctr_reg[1]$_DFFE_PN0P_|core.keymem.key_mem[6][78]$_DFFE_PN0P_|place10521|place10522|place10523|place11345|place11648|place11649|place6255|place6695|place9309
-0.421652	core.enc_block.sword_ctr_reg[0]$_DFFE_PN0P_/Q	core.keymem.key_mem[5][78]$_DFFE_PN0P_/D	_24109_|_24110_|_24125_|_24314_|_24632_|_24634_|_24641_|_24668_|_24669_|_25677_|_25678_|_26530_|_26534_|_31144_|_39368_|core.enc_block.sword_ctr_reg[0]$_DFFE_PN0P_|core.keymem.key_mem[5][78]$_DFFE_PN0P_|place11345|place11656|place11659|place6255|place6583|place6695|place9312
-0.421651	core.enc_block.sword_ctr_reg[0]$_DFFE_PN0P_/Q	core.keymem.key_mem[5][78]$_DFFE_PN0P_/D	_24109_|_24110_|_24125_|_24314_|_24632_|_24634_|_24641_|_24668_|_24669_|_25677_|_25678_|_26530_|_26534_|_31144_|_39368_|core.enc_block.sword_ctr_reg[0]$_DFFE_PN0P_|core.keymem.key_mem[5][78]$_DFFE_PN0P_|place11345|place11656|place11659|place6255|place6583|place6695|place9312
-0.421643	core.enc_block.sword_ctr_reg[0]$_DFFE_PN0P_/Q	core.keymem.key_mem[6][78]$_DFFE_PN0P_/D	_24108_|_24110_|_24111_|_24320_|_24645_|_24652_|_24668_|_24669_|_25677_|_25678_|_26526_|_26530_|_26534_|_31309_|_39369_|core.enc_block.sword_ctr_reg[0]$_DFFE_PN0P_|core.keymem.key_mem[6][78]$_DFFE_PN0P_|place10521|place10522|place10523|place11345|place11648|place11649|place6255|place6695|place9309
-0.421642	core.enc_block.sword_ctr_reg[0]$_DFFE_PN0P_/Q	core.keymem.key_mem[6][78]$_DFFE_PN0P_/D	_24108_|_24110_|_24111_|_24320_|_24645_|_24652_|_24668_|_24669_|_25677_|_25678_|_26526_|_26530_|_26534_|_31309_|_39369_|core.enc_block.sword_ctr_reg[0]$_DFFE_PN0P_|core.keymem.key_mem[6][78]$_DFFE_PN0P_|place10521|place10522|place10523|place11345|place11648|place11649|place6255|place6695|place9309
-0.421629	core.enc_block.sword_ctr_reg[1]$_DFFE_PN0P_/Q	core.keymem.key_mem[5][78]$_DFFE_PN0P_/D	_24108_|_24110_|_24111_|_24320_|_24645_|_24652_|_24668_|_24669_|_25677_|_25678_|_26526_|_26530_|_26534_|_31144_|_39367_|core.enc_block.sword_ctr_reg[1]$_DFFE_PN0P_|core.keymem.key_mem[5][78]$_DFFE_PN0P_|place10521|place10522|place10523|place11345|place11665|place11668|place6255|place6695|place9309
-0.421628	core.enc_block.sword_ctr_reg[1]$_DFFE_PN0P_/Q	core.keymem.key_mem[5][78]$_DFFE_PN0P_/D	_24108_|_24110_|_24111_|_24320_|_24645_|_24652_|_24668_|_24669_|_25677_|_25678_|_26526_|_26530_|_26534_|_31144_|_39367_|core.enc_block.sword_ctr_reg[1]$_DFFE_PN0P_|core.keymem.key_mem[5][78]$_DFFE_PN0P_|place10521|place10522|place10523|place11345|place11665|place11668|place6255|place6695|place9309
-0.421611	core.enc_block.sword_ctr_reg[0]$_DFFE_PN0P_/Q	core.keymem.key_mem[8][78]$_DFFE_PN0P_/D	_24108_|_24110_|_24111_|_24320_|_24645_|_24652_|_24668_|_24669_|_25677_|_25678_|_26526_|_26530_|_26534_|_28357_|_39369_|core.enc_block.sword_ctr_reg[0]$_DFFE_PN0P_|core.keymem.key_mem[8][78]$_DFFE_PN0P_|place10521|place10522|place10523|place11345|place11648|place11649|place6255|place6695|place9309
-0.421610	core.enc_block.sword_ctr_reg[0]$_DFFE_PN0P_/Q	core.keymem.key_mem[8][78]$_DFFE_PN0P_/D	_24108_|_24110_|_24111_|_24320_|_24645_|_24652_|_24668_|_24669_|_25677_|_25678_|_26526_|_26530_|_26534_|_28357_|_39369_|core.enc_block.sword_ctr_reg[0]$_DFFE_PN0P_|core.keymem.key_mem[8][78]$_DFFE_PN0P_|place10521|place10522|place10523|place11345|place11648|place11649|place6255|place6695|place9309
-0.421610	core.enc_block.sword_ctr_reg[1]$_DFFE_PN0P_/Q	core.keymem.key_mem[6][78]$_DFFE_PN0P_/D	_24108_|_24110_|_24111_|_24320_|_24645_|_24652_|_24668_|_24669_|_25677_|_25678_|_26526_|_26530_|_26534_|_31309_|_39369_|core.enc_block.sword_ctr_reg[1]$_DFFE_PN0P_|core.keymem.key_mem[6][78]$_DFFE_PN0P_|place10521|place10522|place10523|place11345|place11648|place11649|place6255|place6695|place9309
-0.421609	core.enc_block.sword_ctr_reg[1]$_DFFE_PN0P_/Q	core.keymem.key_mem[6][78]$_DFFE_PN0P_/D	_24108_|_24110_|_24111_|_24320_|_24645_|_24652_|_24668_|_24669_|_25677_|_25678_|_26526_|_26530_|_26534_|_31309_|_39369_|core.enc_block.sword_ctr_reg[1]$_DFFE_PN0P_|core.keymem.key_mem[6][78]$_DFFE_PN0P_|place10521|place10522|place10523|place11345|place11648|place11649|place6255|place6695|place9309
-0.421605	core.enc_block.sword_ctr_reg[0]$_DFFE_PN0P_/Q	core.keymem.key_mem[5][78]$_DFFE_PN0P_/D	_24109_|_24110_|_24125_|_24314_|_24632_|_24634_|_24641_|_24668_|_24669_|_25677_|_25678_|_26530_|_26534_|_31144_|_39368_|core.enc_block.sword_ctr_reg[0]$_DFFE_PN0P_|core.keymem.key_mem[5][78]$_DFFE_PN0P_|place11345|place11656|place11659|place6255|place6583|place6695|place9312
-0.421604	core.enc_block.sword_ctr_reg[0]$_DFFE_PN0P_/Q	core.keymem.key_mem[5][78]$_DFFE_PN0P_/D	_24109_|_24110_|_24125_|_24314_|_24632_|_24634_|_24641_|_24668_|_24669_|_25677_|_25678_|_26530_|_26534_|_31144_|_39368_|core.enc_block.sword_ctr_reg[0]$_DFFE_PN0P_|core.keymem.key_mem[5][78]$_DFFE_PN0P_|place11345|place11656|place11659|place6255|place6583|place6695|place9312
-0.421602	core.enc_block.sword_ctr_reg[0]$_DFFE_PN0P_/Q	core.keymem.key_mem[5][78]$_DFFE_PN0P_/D	_24109_|_24110_|_24125_|_24314_|_24632_|_24634_|_24641_|_24668_|_24669_|_25677_|_25678_|_26526_|_26530_|_26534_|_31144_|_39368_|core.enc_block.sword_ctr_reg[0]$_DFFE_PN0P_|core.keymem.key_mem[5][78]$_DFFE_PN0P_|place11345|place11656|place11659|place6255|place6695|place9312
-0.421601	core.enc_block.sword_ctr_reg[0]$_DFFE_PN0P_/Q	core.keymem.key_mem[5][78]$_DFFE_PN0P_/D	_24109_|_24110_|_24125_|_24314_|_24632_|_24634_|_24641_|_24668_|_24669_|_25677_|_25678_|_26526_|_26530_|_26534_|_31144_|_39368_|core.enc_block.sword_ctr_reg[0]$_DFFE_PN0P_|core.keymem.key_mem[5][78]$_DFFE_PN0P_|place11345|place11656|place11659|place6255|place6695|place9312
-0.421586	core.enc_block.sword_ctr_reg[1]$_DFFE_PN0P_/Q	core.keymem.key_mem[5][78]$_DFFE_PN0P_/D	_24108_|_24110_|_24125_|_24314_|_24632_|_24634_|_24641_|_24668_|_24669_|_25677_|_25678_|_26526_|_26530_|_26534_|_31144_|_39369_|core.enc_block.sword_ctr_reg[1]$_DFFE_PN0P_|core.keymem.key_mem[5][78]$_DFFE_PN0P_|place11345|place11648|place11649|place6255|place6695|place9312
-0.421586	core.enc_block.sword_ctr_reg[1]$_DFFE_PN0P_/Q	core.keymem.key_mem[8][78]$_DFFE_PN0P_/D	_24108_|_24110_|_24111_|_24320_|_24645_|_24652_|_24668_|_24669_|_25677_|_25678_|_26526_|_26530_|_26534_|_28357_|_39369_|core.enc_block.sword_ctr_reg[1]$_DFFE_PN0P_|core.keymem.key_mem[8][78]$_DFFE_PN0P_|place10521|place10522|place10523|place11345|place11648|place11649|place6255|place6695|place9309
-0.421585	core.enc_block.sword_ctr_reg[1]$_DFFE_PN0P_/Q	core.keymem.key_mem[5][78]$_DFFE_PN0P_/D	_24108_|_24110_|_24125_|_24314_|_24632_|_24634_|_24641_|_24668_|_24669_|_25677_|_25678_|_26526_|_26530_|_26534_|_31144_|_39369_|core.enc_block.sword_ctr_reg[1]$_DFFE_PN0P_|core.keymem.key_mem[5][78]$_DFFE_PN0P_|place11345|place11648|place11649|place6255|place6695|place9312
-0.421585	core.enc_block.sword_ctr_reg[1]$_DFFE_PN0P_/Q	core.keymem.key_mem[8][78]$_DFFE_PN0P_/D	_24108_|_24110_|_24111_|_24320_|_24645_|_24652_|_24668_|_24669_|_25677_|_25678_|_26526_|_26530_|_26534_|_28357_|_39369_|core.enc_block.sword_ctr_reg[1]$_DFFE_PN0P_|core.keymem.key_mem[8][78]$_DFFE_PN0P_|place10521|place10522|place10523|place11345|place11648|place11649|place6255|place6695|place9309
-0.421582	core.enc_block.sword_ctr_reg[1]$_DFFE_PN0P_/Q	core.keymem.key_mem[5][78]$_DFFE_PN0P_/D	_24108_|_24110_|_24111_|_24320_|_24645_|_24652_|_24668_|_24669_|_25677_|_25678_|_26526_|_26530_|_26534_|_31144_|_39367_|core.enc_block.sword_ctr_reg[1]$_DFFE_PN0P_|core.keymem.key_mem[5][78]$_DFFE_PN0P_|place10521|place10522|place10523|place11345|place11665|place11668|place6255|place6695|place9309
-0.421581	core.enc_block.sword_ctr_reg[1]$_DFFE_PN0P_/Q	core.keymem.key_mem[5][78]$_DFFE_PN0P_/D	_24108_|_24110_|_24111_|_24320_|_24645_|_24652_|_24668_|_24669_|_25677_|_25678_|_26526_|_26530_|_26534_|_31144_|_39367_|core.enc_block.sword_ctr_reg[1]$_DFFE_PN0P_|core.keymem.key_mem[5][78]$_DFFE_PN0P_|place10521|place10522|place10523|place11345|place11665|place11668|place6255|place6695|place9309
-0.421574	core.enc_block.sword_ctr_reg[1]$_DFFE_PN0P_/Q	core.keymem.key_mem[5][78]$_DFFE_PN0P_/D	_25289_|_25290_|_25291_|_25518_|_25658_|_25660_|_25665_|_25675_|_25676_|_25677_|_25678_|_26526_|_26530_|_26534_|_31144_|_39369_|core.enc_block.sword_ctr_reg[1]$_DFFE_PN0P_|core.keymem.key_mem[5][78]$_DFFE_PN0P_|place10247|place11649|place6255|place6695
-0.421574	core.enc_block.sword_ctr_reg[1]$_DFFE_PN0P_/Q	core.keymem.key_mem[8][78]$_DFFE_PN0P_/D	_25289_|_25290_|_25291_|_25518_|_25658_|_25660_|_25665_|_25675_|_25676_|_25677_|_25678_|_26526_|_26530_|_26534_|_28357_|_39369_|core.enc_block.sword_ctr_reg[1]$_DFFE_PN0P_|core.keymem.key_mem[8][78]$_DFFE_PN0P_|place10247|place11649|place6255|place6695
-0.421573	core.enc_block.sword_ctr_reg[1]$_DFFE_PN0P_/Q	core.keymem.key_mem[5][78]$_DFFE_PN0P_/D	_25289_|_25290_|_25291_|_25518_|_25658_|_25660_|_25665_|_25675_|_25676_|_25677_|_25678_|_26526_|_26530_|_26534_|_31144_|_39369_|core.enc_block.sword_ctr_reg[1]$_DFFE_PN0P_|core.keymem.key_mem[5][78]$_DFFE_PN0P_|place10247|place11649|place6255|place6695
-0.421573	core.enc_block.sword_ctr_reg[1]$_DFFE_PN0P_/Q	core.keymem.key_mem[5][78]$_DFFE_PN0P_/D	_25289_|_25290_|_25291_|_25518_|_25658_|_25660_|_25665_|_25675_|_25676_|_25677_|_25678_|_26526_|_26530_|_26534_|_31144_|_39369_|core.enc_block.sword_ctr_reg[1]$_DFFE_PN0P_|core.keymem.key_mem[5][78]$_DFFE_PN0P_|place10247|place11649|place6255|place6695
-0.421572	core.enc_block.sword_ctr_reg[0]$_DFFE_PN0P_/Q	core.keymem.key_mem[8][78]$_DFFE_PN0P_/D	_24108_|_24110_|_24111_|_24320_|_24645_|_24652_|_24668_|_24669_|_25677_|_25678_|_26526_|_26530_|_26534_|_28357_|_39369_|core.enc_block.sword_ctr_reg[0]$_DFFE_PN0P_|core.keymem.key_mem[8][78]$_DFFE_PN0P_|place10521|place10522|place10523|place11345|place11648|place11649|place6255|place6695|place9309
-0.421573	core.enc_block.sword_ctr_reg[1]$_DFFE_PN0P_/Q	core.keymem.key_mem[8][78]$_DFFE_PN0P_/D	_25289_|_25290_|_25291_|_25518_|_25658_|_25660_|_25665_|_25675_|_25676_|_25677_|_25678_|_26526_|_26530_|_26534_|_28357_|_39369_|core.enc_block.sword_ctr_reg[1]$_DFFE_PN0P_|core.keymem.key_mem[8][78]$_DFFE_PN0P_|place10247|place11649|place6255|place6695
-0.421573	core.enc_block.sword_ctr_reg[1]$_DFFE_PN0P_/Q	core.keymem.key_mem[8][78]$_DFFE_PN0P_/D	_25289_|_25290_|_25291_|_25518_|_25658_|_25660_|_25665_|_25675_|_25676_|_25677_|_25678_|_26526_|_26530_|_26534_|_28357_|_39369_|core.enc_block.sword_ctr_reg[1]$_DFFE_PN0P_|core.keymem.key_mem[8][78]$_DFFE_PN0P_|place10247|place11649|place6255|place6695
-0.421572	core.enc_block.sword_ctr_reg[1]$_DFFE_PN0P_/Q	core.keymem.key_mem[5][78]$_DFFE_PN0P_/D	_25289_|_25290_|_25291_|_25518_|_25658_|_25660_|_25665_|_25675_|_25676_|_25677_|_25678_|_26526_|_26530_|_26534_|_31144_|_39369_|core.enc_block.sword_ctr_reg[1]$_DFFE_PN0P_|core.keymem.key_mem[5][78]$_DFFE_PN0P_|place10247|place11649|place6255|place6695
-0.421571	core.enc_block.sword_ctr_reg[0]$_DFFE_PN0P_/Q	core.keymem.key_mem[8][78]$_DFFE_PN0P_/D	_24108_|_24110_|_24111_|_24320_|_24645_|_24652_|_24668_|_24669_|_25677_|_25678_|_26526_|_26530_|_26534_|_28357_|_39369_|core.enc_block.sword_ctr_reg[0]$_DFFE_PN0P_|core.keymem.key_mem[8][78]$_DFFE_PN0P_|place10521|place10522|place10523|place11345|place11648|place11649|place6255|place6695|place9309
-0.421571	core.enc_block.sword_ctr_reg[1]$_DFFE_PN0P_/Q	core.keymem.key_mem[8][78]$_DFFE_PN0P_/D	_25289_|_25290_|_25291_|_25518_|_25658_|_25660_|_25665_|_25675_|_25676_|_25677_|_25678_|_26526_|_26530_|_26534_|_28357_|_39369_|core.enc_block.sword_ctr_reg[1]$_DFFE_PN0P_|core.keymem.key_mem[8][78]$_DFFE_PN0P_|place10247|place11649|place6255|place6695
-0.421547	core.enc_block.sword_ctr_reg[1]$_DFFE_PN0P_/Q	core.keymem.key_mem[5][78]$_DFFE_PN0P_/D	_24108_|_24110_|_24111_|_24320_|_24645_|_24652_|_24668_|_24669_|_25677_|_25678_|_26526_|_26530_|_26534_|_31144_|_39369_|core.enc_block.sword_ctr_reg[1]$_DFFE_PN0P_|core.keymem.key_mem[5][78]$_DFFE_PN0P_|place10521|place10522|place10523|place11345|place11648|place11649|place6255|place6695|place9309
-0.421547	core.enc_block.sword_ctr_reg[1]$_DFFE_PN0P_/Q	core.keymem.key_mem[5][78]$_DFFE_PN0P_/D	_24108_|_24110_|_24111_|_24320_|_24645_|_24652_|_24668_|_24669_|_25677_|_25678_|_26526_|_26530_|_26534_|_31144_|_39369_|core.enc_block.sword_ctr_reg[1]$_DFFE_PN0P_|core.keymem.key_mem[5][78]$_DFFE_PN0P_|place10521|place10522|place10523|place11345|place11648|place11649|place6255|place6695|place9309
-0.421546	core.enc_block.sword_ctr_reg[1]$_DFFE_PN0P_/Q	core.keymem.key_mem[5][78]$_DFFE_PN0P_/D	_24108_|_24110_|_24111_|_24320_|_24645_|_24652_|_24668_|_24669_|_25677_|_25678_|_26526_|_26530_|_26534_|_31144_|_39369_|core.enc_block.sword_ctr_reg[1]$_DFFE_PN0P_|core.keymem.key_mem[5][78]$_DFFE_PN0P_|place10521|place10522|place10523|place11345|place11648|place11649|place6255|place6695|place9309
-0.421546	core.enc_block.sword_ctr_reg[1]$_DFFE_PN0P_/Q	core.keymem.key_mem[5][78]$_DFFE_PN0P_/D	_24108_|_24110_|_24111_|_24320_|_24645_|_24652_|_24668_|_24669_|_25677_|_25678_|_26526_|_26530_|_26534_|_31144_|_39369_|core.enc_block.sword_ctr_reg[1]$_DFFE_PN0P_|core.keymem.key_mem[5][78]$_DFFE_PN0P_|place10521|place10522|place10523|place11345|place11648|place11649|place6255|place6695|place9309
-0.421539	core.enc_block.sword_ctr_reg[1]$_DFFE_PN0P_/Q	core.keymem.key_mem[8][78]$_DFFE_PN0P_/D	_24108_|_24110_|_24111_|_24320_|_24645_|_24652_|_24668_|_24669_|_25677_|_25678_|_26526_|_26530_|_26534_|_28357_|_39369_|core.enc_block.sword_ctr_reg[1]$_DFFE_PN0P_|core.keymem.key_mem[8][78]$_DFFE_PN0P_|place10521|place10522|place10523|place11345|place11648|place11649|place6255|place6695|place9309
-0.421538	core.enc_block.sword_ctr_reg[0]$_DFFE_PN0P_/Q	core.keymem.key_mem[5][78]$_DFFE_PN0P_/D	_25289_|_25290_|_25291_|_25518_|_25658_|_25660_|_25665_|_25675_|_25676_|_25677_|_25678_|_26526_|_26530_|_26534_|_31144_|_39368_|core.enc_block.sword_ctr_reg[0]$_DFFE_PN0P_|core.keymem.key_mem[5][78]$_DFFE_PN0P_|place10247|place11659|place6255|place6695
-0.421538	core.enc_block.sword_ctr_reg[0]$_DFFE_PN0P_/Q	core.keymem.key_mem[5][78]$_DFFE_PN0P_/D	_25289_|_25290_|_25291_|_25518_|_25658_|_25660_|_25665_|_25675_|_25676_|_25677_|_25678_|_26526_|_26530_|_26534_|_31144_|_39368_|core.enc_block.sword_ctr_reg[0]$_DFFE_PN0P_|core.keymem.key_mem[5][78]$_DFFE_PN0P_|place10247|place11659|place6255|place6695
-0.421538	core.enc_block.sword_ctr_reg[1]$_DFFE_PN0P_/Q	core.keymem.key_mem[8][78]$_DFFE_PN0P_/D	_24108_|_24110_|_24111_|_24320_|_24645_|_24652_|_24668_|_24669_|_25677_|_25678_|_26526_|_26530_|_26534_|_28357_|_39369_|core.enc_block.sword_ctr_reg[1]$_DFFE_PN0P_|core.keymem.key_mem[8][78]$_DFFE_PN0P_|place10521|place10522|place10523|place11345|place11648|place11649|place6255|place6695|place9309
-0.421537	core.enc_block.sword_ctr_reg[0]$_DFFE_PN0P_/Q	core.keymem.key_mem[5][78]$_DFFE_PN0P_/D	_25289_|_25290_|_25291_|_25518_|_25658_|_25660_|_25665_|_25675_|_25676_|_25677_|_25678_|_26526_|_26530_|_26534_|_31144_|_39368_|core.enc_block.sword_ctr_reg[0]$_DFFE_PN0P_|core.keymem.key_mem[5][78]$_DFFE_PN0P_|place10247|place11659|place6255|place6695
-0.421537	core.enc_block.sword_ctr_reg[0]$_DFFE_PN0P_/Q	core.keymem.key_mem[5][78]$_DFFE_PN0P_/D	_25289_|_25290_|_25291_|_25518_|_25658_|_25660_|_25665_|_25675_|_25676_|_25677_|_25678_|_26526_|_26530_|_26534_|_31144_|_39368_|core.enc_block.sword_ctr_reg[0]$_DFFE_PN0P_|core.keymem.key_mem[5][78]$_DFFE_PN0P_|place10247|place11659|place6255|place6695
-0.421537	core.enc_block.sword_ctr_reg[0]$_DFFE_PN0P_/Q	core.keymem.key_mem[5][78]$_DFFE_PN0P_/D	_25289_|_25290_|_25291_|_25518_|_25658_|_25660_|_25665_|_25675_|_25676_|_25677_|_25678_|_26526_|_26530_|_26534_|_31144_|_39368_|core.enc_block.sword_ctr_reg[0]$_DFFE_PN0P_|core.keymem.key_mem[5][78]$_DFFE_PN0P_|place10247|place11659|place6255|place6695
-0.421537	core.enc_block.sword_ctr_reg[0]$_DFFE_PN0P_/Q	core.keymem.key_mem[5][78]$_DFFE_PN0P_/D	_25289_|_25290_|_25291_|_25518_|_25658_|_25660_|_25665_|_25675_|_25676_|_25677_|_25678_|_26526_|_26530_|_26534_|_31144_|_39368_|core.enc_block.sword_ctr_reg[0]$_DFFE_PN0P_|core.keymem.key_mem[5][78]$_DFFE_PN0P_|place10247|place11659|place6255|place6695
-0.421536	core.enc_block.sword_ctr_reg[0]$_DFFE_PN0P_/Q	core.keymem.key_mem[5][78]$_DFFE_PN0P_/D	_25289_|_25290_|_25291_|_25518_|_25658_|_25660_|_25665_|_25675_|_25676_|_25677_|_25678_|_26526_|_26530_|_26534_|_31144_|_39368_|core.enc_block.sword_ctr_reg[0]$_DFFE_PN0P_|core.keymem.key_mem[5][78]$_DFFE_PN0P_|place10247|place11659|place6255|place6695
-0.421536	core.enc_block.sword_ctr_reg[0]$_DFFE_PN0P_/Q	core.keymem.key_mem[5][78]$_DFFE_PN0P_/D	_25289_|_25290_|_25291_|_25518_|_25658_|_25660_|_25665_|_25675_|_25676_|_25677_|_25678_|_26526_|_26530_|_26534_|_31144_|_39368_|core.enc_block.sword_ctr_reg[0]$_DFFE_PN0P_|core.keymem.key_mem[5][78]$_DFFE_PN0P_|place10247|place11659|place6255|place6695
-0.421527	core.enc_block.sword_ctr_reg[1]$_DFFE_PN0P_/Q	core.keymem.key_mem[5][78]$_DFFE_PN0P_/D	_25289_|_25290_|_25291_|_25518_|_25658_|_25660_|_25665_|_25675_|_25676_|_25677_|_25678_|_26526_|_26530_|_26534_|_31144_|_39369_|core.enc_block.sword_ctr_reg[1]$_DFFE_PN0P_|core.keymem.key_mem[5][78]$_DFFE_PN0P_|place10247|place11649|place6255|place6695
-0.421526	core.enc_block.sword_ctr_reg[1]$_DFFE_PN0P_/Q	core.keymem.key_mem[5][78]$_DFFE_PN0P_/D	_25289_|_25290_|_25291_|_25518_|_25658_|_25660_|_25665_|_25675_|_25676_|_25677_|_25678_|_26526_|_26530_|_26534_|_31144_|_39369_|core.enc_block.sword_ctr_reg[1]$_DFFE_PN0P_|core.keymem.key_mem[5][78]$_DFFE_PN0P_|place10247|place11649|place6255|place6695
-0.421526	core.enc_block.sword_ctr_reg[1]$_DFFE_PN0P_/Q	core.keymem.key_mem[5][78]$_DFFE_PN0P_/D	_25289_|_25290_|_25291_|_25518_|_25658_|_25660_|_25665_|_25675_|_25676_|_25677_|_25678_|_26526_|_26530_|_26534_|_31144_|_39369_|core.enc_block.sword_ctr_reg[1]$_DFFE_PN0P_|core.keymem.key_mem[5][78]$_DFFE_PN0P_|place10247|place11649|place6255|place6695
-0.421525	core.enc_block.sword_ctr_reg[1]$_DFFE_PN0P_/Q	core.keymem.key_mem[5][78]$_DFFE_PN0P_/D	_25289_|_25290_|_25291_|_25518_|_25658_|_25660_|_25665_|_25675_|_25676_|_25677_|_25678_|_26526_|_26530_|_26534_|_31144_|_39369_|core.enc_block.sword_ctr_reg[1]$_DFFE_PN0P_|core.keymem.key_mem[5][78]$_DFFE_PN0P_|place10247|place11649|place6255|place6695
-0.421522	core.enc_block.sword_ctr_reg[0]$_DFFE_PN0P_/Q	core.keymem.key_mem[8][78]$_DFFE_PN0P_/D	_24108_|_24110_|_24111_|_24320_|_24645_|_24652_|_24668_|_24669_|_25677_|_25678_|_26526_|_26530_|_26534_|_28357_|_39369_|core.enc_block.sword_ctr_reg[0]$_DFFE_PN0P_|core.keymem.key_mem[8][78]$_DFFE_PN0P_|place10521|place10522|place10523|place11345|place11648|place11649|place6255|place6695|place9309
-0.421521	core.enc_block.sword_ctr_reg[0]$_DFFE_PN0P_/Q	core.keymem.key_mem[8][78]$_DFFE_PN0P_/D	_24108_|_24110_|_24111_|_24320_|_24645_|_24652_|_24668_|_24669_|_25677_|_25678_|_26526_|_26530_|_26534_|_28357_|_39369_|core.enc_block.sword_ctr_reg[0]$_DFFE_PN0P_|core.keymem.key_mem[8][78]$_DFFE_PN0P_|place10521|place10522|place10523|place11345|place11648|place11649|place6255|place6695|place9309
-0.421517	core.enc_block.sword_ctr_reg[0]$_DFFE_PN0P_/Q	core.keymem.key_mem[5][78]$_DFFE_PN0P_/D	_25289_|_25290_|_25291_|_25518_|_25658_|_25660_|_25665_|_25675_|_25676_|_25677_|_25678_|_26526_|_26530_|_26534_|_31144_|_39368_|core.enc_block.sword_ctr_reg[0]$_DFFE_PN0P_|core.keymem.key_mem[5][78]$_DFFE_PN0P_|place10247|place11659|place6255|place6695
-0.421516	core.enc_block.sword_ctr_reg[0]$_DFFE_PN0P_/Q	core.keymem.key_mem[5][78]$_DFFE_PN0P_/D	_25289_|_25290_|_25291_|_25518_|_25658_|_25660_|_25665_|_25675_|_25676_|_25677_|_25678_|_26526_|_26530_|_26534_|_31144_|_39368_|core.enc_block.sword_ctr_reg[0]$_DFFE_PN0P_|core.keymem.key_mem[5][78]$_DFFE_PN0P_|place10247|place11659|place6255|place6695
-0.421516	core.enc_block.sword_ctr_reg[0]$_DFFE_PN0P_/Q	core.keymem.key_mem[5][78]$_DFFE_PN0P_/D	_25289_|_25290_|_25291_|_25518_|_25658_|_25660_|_25665_|_25675_|_25676_|_25677_|_25678_|_26526_|_26530_|_26534_|_31144_|_39368_|core.enc_block.sword_ctr_reg[0]$_DFFE_PN0P_|core.keymem.key_mem[5][78]$_DFFE_PN0P_|place10247|place11659|place6255|place6695
-0.421515	core.enc_block.sword_ctr_reg[0]$_DFFE_PN0P_/Q	core.keymem.key_mem[5][78]$_DFFE_PN0P_/D	_25289_|_25290_|_25291_|_25518_|_25658_|_25660_|_25665_|_25675_|_25676_|_25677_|_25678_|_26526_|_26530_|_26534_|_31144_|_39368_|core.enc_block.sword_ctr_reg[0]$_DFFE_PN0P_|core.keymem.key_mem[5][78]$_DFFE_PN0P_|place10247|place11659|place6255|place6695
-0.421480	core.enc_block.sword_ctr_reg[0]$_DFFE_PN0P_/Q	core.keymem.key_mem[5][78]$_DFFE_PN0P_/D	_25289_|_25290_|_25291_|_25518_|_25658_|_25660_|_25665_|_25675_|_25676_|_25677_|_25678_|_26526_|_26530_|_26534_|_31144_|_39368_|core.enc_block.sword_ctr_reg[0]$_DFFE_PN0P_|core.keymem.key_mem[5][78]$_DFFE_PN0P_|place10247|place11659|place6255|place6695
-0.421479	core.enc_block.sword_ctr_reg[0]$_DFFE_PN0P_/Q	core.keymem.key_mem[5][78]$_DFFE_PN0P_/D	_25289_|_25290_|_25291_|_25518_|_25658_|_25660_|_25665_|_25675_|_25676_|_25677_|_25678_|_26526_|_26530_|_26534_|_31144_|_39368_|core.enc_block.sword_ctr_reg[0]$_DFFE_PN0P_|core.keymem.key_mem[5][78]$_DFFE_PN0P_|place10247|place11659|place6255|place6695
-0.421479	core.enc_block.sword_ctr_reg[0]$_DFFE_PN0P_/Q	core.keymem.key_mem[5][78]$_DFFE_PN0P_/D	_25289_|_25290_|_25291_|_25518_|_25658_|_25660_|_25665_|_25675_|_25676_|_25677_|_25678_|_26526_|_26530_|_26534_|_31144_|_39368_|core.enc_block.sword_ctr_reg[0]$_DFFE_PN0P_|core.keymem.key_mem[5][78]$_DFFE_PN0P_|place10247|place11659|place6255|place6695
-0.421478	core.enc_block.sword_ctr_reg[1]$_DFFE_PN0P_/Q	core.keymem.key_mem[8][78]$_DFFE_PN0P_/D	_24108_|_24110_|_24111_|_24320_|_24645_|_24652_|_24668_|_24669_|_25677_|_25678_|_26526_|_26530_|_26534_|_28357_|_39369_|core.enc_block.sword_ctr_reg[1]$_DFFE_PN0P_|core.keymem.key_mem[8][78]$_DFFE_PN0P_|place10521|place10522|place10523|place11345|place11648|place11649|place6255|place6695|place9309
-0.421478	core.enc_block.sword_ctr_reg[1]$_DFFE_PN0P_/Q	core.keymem.key_mem[8][78]$_DFFE_PN0P_/D	_24108_|_24110_|_24111_|_24320_|_24645_|_24652_|_24668_|_24669_|_25677_|_25678_|_26526_|_26530_|_26534_|_28357_|_39369_|core.enc_block.sword_ctr_reg[1]$_DFFE_PN0P_|core.keymem.key_mem[8][78]$_DFFE_PN0P_|place10521|place10522|place10523|place11345|place11648|place11649|place6255|place6695|place9309
-0.421478	core.enc_block.sword_ctr_reg[0]$_DFFE_PN0P_/Q	core.keymem.key_mem[5][78]$_DFFE_PN0P_/D	_25289_|_25290_|_25291_|_25518_|_25658_|_25660_|_25665_|_25675_|_25676_|_25677_|_25678_|_26526_|_26530_|_26534_|_31144_|_39368_|core.enc_block.sword_ctr_reg[0]$_DFFE_PN0P_|core.keymem.key_mem[5][78]$_DFFE_PN0P_|place10247|place11659|place6255|place6695
-0.421477	core.enc_block.sword_ctr_reg[1]$_DFFE_PN0P_/Q	core.keymem.key_mem[8][78]$_DFFE_PN0P_/D	_24108_|_24110_|_24111_|_24320_|_24645_|_24652_|_24668_|_24669_|_25677_|_25678_|_26526_|_26530_|_26534_|_28357_|_39369_|core.enc_block.sword_ctr_reg[1]$_DFFE_PN0P_|core.keymem.key_mem[8][78]$_DFFE_PN0P_|place10521|place10522|place10523|place11345|place11648|place11649|place6255|place6695|place9309
-0.421477	core.enc_block.sword_ctr_reg[1]$_DFFE_PN0P_/Q	core.keymem.key_mem[8][78]$_DFFE_PN0P_/D	_24108_|_24110_|_24111_|_24320_|_24645_|_24652_|_24668_|_24669_|_25677_|_25678_|_26526_|_26530_|_26534_|_28357_|_39369_|core.enc_block.sword_ctr_reg[1]$_DFFE_PN0P_|core.keymem.key_mem[8][78]$_DFFE_PN0P_|place10521|place10522|place10523|place11345|place11648|place11649|place6255|place6695|place9309
-0.421475	core.enc_block.sword_ctr_reg[0]$_DFFE_PN0P_/Q	core.keymem.key_mem[8][78]$_DFFE_PN0P_/D	_24108_|_24110_|_24111_|_24320_|_24645_|_24652_|_24668_|_24669_|_25677_|_25678_|_26526_|_26530_|_26534_|_28357_|_39369_|core.enc_block.sword_ctr_reg[0]$_DFFE_PN0P_|core.keymem.key_mem[8][78]$_DFFE_PN0P_|place10521|place10522|place10523|place11345|place11648|place11649|place6255|place6695|place9309
-0.421474	core.enc_block.sword_ctr_reg[0]$_DFFE_PN0P_/Q	core.keymem.key_mem[8][78]$_DFFE_PN0P_/D	_24108_|_24110_|_24111_|_24320_|_24645_|_24652_|_24668_|_24669_|_25677_|_25678_|_26526_|_26530_|_26534_|_28357_|_39369_|core.enc_block.sword_ctr_reg[0]$_DFFE_PN0P_|core.keymem.key_mem[8][78]$_DFFE_PN0P_|place10521|place10522|place10523|place11345|place11648|place11649|place6255|place6695|place9309
-0.421463	core.enc_block.sword_ctr_reg[1]$_DFFE_PN0P_/Q	core.keymem.key_mem[5][78]$_DFFE_PN0P_/D	_25289_|_25290_|_25291_|_25518_|_25658_|_25660_|_25665_|_25675_|_25676_|_25677_|_25678_|_26526_|_26530_|_26534_|_31144_|_39369_|core.enc_block.sword_ctr_reg[1]$_DFFE_PN0P_|core.keymem.key_mem[5][78]$_DFFE_PN0P_|place10247|place11649|place6255|place6695
-0.421462	core.enc_block.sword_ctr_reg[1]$_DFFE_PN0P_/Q	core.keymem.key_mem[5][78]$_DFFE_PN0P_/D	_25289_|_25290_|_25291_|_25518_|_25658_|_25660_|_25665_|_25675_|_25676_|_25677_|_25678_|_26526_|_26530_|_26534_|_31144_|_39369_|core.enc_block.sword_ctr_reg[1]$_DFFE_PN0P_|core.keymem.key_mem[5][78]$_DFFE_PN0P_|place10247|place11649|place6255|place6695
-0.421462	core.enc_block.sword_ctr_reg[1]$_DFFE_PN0P_/Q	core.keymem.key_mem[5][78]$_DFFE_PN0P_/D	_25289_|_25290_|_25291_|_25518_|_25658_|_25660_|_25665_|_25675_|_25676_|_25677_|_25678_|_26526_|_26530_|_26534_|_31144_|_39369_|core.enc_block.sword_ctr_reg[1]$_DFFE_PN0P_|core.keymem.key_mem[5][78]$_DFFE_PN0P_|place10247|place11649|place6255|place6695
-0.421461	core.enc_block.sword_ctr_reg[1]$_DFFE_PN0P_/Q	core.keymem.key_mem[5][78]$_DFFE_PN0P_/D	_25289_|_25290_|_25291_|_25518_|_25658_|_25660_|_25665_|_25675_|_25676_|_25677_|_25678_|_26526_|_26530_|_26534_|_31144_|_39369_|core.enc_block.sword_ctr_reg[1]$_DFFE_PN0P_|core.keymem.key_mem[5][78]$_DFFE_PN0P_|place10247|place11649|place6255|place6695
-0.421438	core.enc_block.sword_ctr_reg[1]$_DFFE_PN0P_/Q	core.keymem.key_mem[5][78]$_DFFE_PN0P_/D	_24108_|_24110_|_24111_|_24320_|_24645_|_24652_|_24668_|_24669_|_25677_|_25678_|_26526_|_26530_|_26534_|_31144_|_39369_|core.enc_block.sword_ctr_reg[1]$_DFFE_PN0P_|core.keymem.key_mem[5][78]$_DFFE_PN0P_|place10521|place10522|place10523|place11345|place11648|place11649|place6255|place6695|place9309
-0.421437	core.enc_block.sword_ctr_reg[1]$_DFFE_PN0P_/Q	core.keymem.key_mem[5][78]$_DFFE_PN0P_/D	_24108_|_24110_|_24111_|_24320_|_24645_|_24652_|_24668_|_24669_|_25677_|_25678_|_26526_|_26530_|_26534_|_31144_|_39369_|core.enc_block.sword_ctr_reg[1]$_DFFE_PN0P_|core.keymem.key_mem[5][78]$_DFFE_PN0P_|place10521|place10522|place10523|place11345|place11648|place11649|place6255|place6695|place9309
-0.421401	core.enc_block.sword_ctr_reg[1]$_DFFE_PN0P_/Q	core.keymem.key_mem[6][78]$_DFFE_PN0P_/D	_24108_|_24110_|_24111_|_24320_|_24645_|_24652_|_24668_|_24669_|_25677_|_25678_|_26526_|_26530_|_26534_|_31309_|_39369_|core.enc_block.sword_ctr_reg[1]$_DFFE_PN0P_|core.keymem.key_mem[6][78]$_DFFE_PN0P_|place10521|place10522|place10523|place11345|place11648|place11649|place6255|place6695|place9309
-0.421400	core.enc_block.sword_ctr_reg[1]$_DFFE_PN0P_/Q	core.keymem.key_mem[6][78]$_DFFE_PN0P_/D	_24108_|_24110_|_24111_|_24320_|_24645_|_24652_|_24668_|_24669_|_25677_|_25678_|_26526_|_26530_|_26534_|_31309_|_39369_|core.enc_block.sword_ctr_reg[1]$_DFFE_PN0P_|core.keymem.key_mem[6][78]$_DFFE_PN0P_|place10521|place10522|place10523|place11345|place11648|place11649|place6255|place6695|place9309
-0.421396	core.enc_block.sword_ctr_reg[0]$_DFFE_PN0P_/Q	core.keymem.key_mem[5][78]$_DFFE_PN0P_/D	_24109_|_24110_|_24125_|_24314_|_24632_|_24634_|_24641_|_24668_|_24669_|_25677_|_25678_|_26530_|_26534_|_31144_|_39368_|core.enc_block.sword_ctr_reg[0]$_DFFE_PN0P_|core.keymem.key_mem[5][78]$_DFFE_PN0P_|place11345|place11656|place11659|place6255|place6583|place6695|place9312
-0.421395	core.enc_block.sword_ctr_reg[0]$_DFFE_PN0P_/Q	core.keymem.key_mem[5][78]$_DFFE_PN0P_/D	_24109_|_24110_|_24125_|_24314_|_24632_|_24634_|_24641_|_24668_|_24669_|_25677_|_25678_|_26530_|_26534_|_31144_|_39368_|core.enc_block.sword_ctr_reg[0]$_DFFE_PN0P_|core.keymem.key_mem[5][78]$_DFFE_PN0P_|place11345|place11656|place11659|place6255|place6583|place6695|place9312
-0.421388	core.enc_block.sword_ctr_reg[0]$_DFFE_PN0P_/Q	core.keymem.key_mem[5][78]$_DFFE_PN0P_/D	_24108_|_24110_|_24111_|_24320_|_24645_|_24652_|_24668_|_24669_|_25677_|_25678_|_26530_|_26534_|_31144_|_39369_|core.enc_block.sword_ctr_reg[0]$_DFFE_PN0P_|core.keymem.key_mem[5][78]$_DFFE_PN0P_|place10521|place10522|place10523|place11345|place11648|place11649|place6255|place6583|place6695|place9309
-0.421387	core.enc_block.sword_ctr_reg[0]$_DFFE_PN0P_/Q	core.keymem.key_mem[5][78]$_DFFE_PN0P_/D	_24108_|_24110_|_24111_|_24320_|_24645_|_24652_|_24668_|_24669_|_25677_|_25678_|_26530_|_26534_|_31144_|_39369_|core.enc_block.sword_ctr_reg[0]$_DFFE_PN0P_|core.keymem.key_mem[5][78]$_DFFE_PN0P_|place10521|place10522|place10523|place11345|place11648|place11649|place6255|place6583|place6695|place9309
-0.421373	core.enc_block.sword_ctr_reg[1]$_DFFE_PN0P_/Q	core.keymem.key_mem[5][78]$_DFFE_PN0P_/D	_24108_|_24110_|_24111_|_24320_|_24645_|_24652_|_24668_|_24669_|_25677_|_25678_|_26526_|_26530_|_26534_|_31144_|_39367_|core.enc_block.sword_ctr_reg[1]$_DFFE_PN0P_|core.keymem.key_mem[5][78]$_DFFE_PN0P_|place10521|place10522|place10523|place11345|place11665|place11668|place6255|place6695|place9309
-0.421372	core.enc_block.sword_ctr_reg[1]$_DFFE_PN0P_/Q	core.keymem.key_mem[5][78]$_DFFE_PN0P_/D	_24108_|_24110_|_24111_|_24320_|_24645_|_24652_|_24668_|_24669_|_25677_|_25678_|_26526_|_26530_|_26534_|_31144_|_39367_|core.enc_block.sword_ctr_reg[1]$_DFFE_PN0P_|core.keymem.key_mem[5][78]$_DFFE_PN0P_|place10521|place10522|place10523|place11345|place11665|place11668|place6255|place6695|place9309
-0.421369	core.enc_block.sword_ctr_reg[1]$_DFFE_PN0P_/Q	core.keymem.key_mem[8][78]$_DFFE_PN0P_/D	_24108_|_24110_|_24111_|_24320_|_24645_|_24652_|_24668_|_24669_|_25677_|_25678_|_26526_|_26530_|_26534_|_28357_|_39369_|core.enc_block.sword_ctr_reg[1]$_DFFE_PN0P_|core.keymem.key_mem[8][78]$_DFFE_PN0P_|place10521|place10522|place10523|place11345|place11648|place11649|place6255|place6695|place9309
-0.421368	core.enc_block.sword_ctr_reg[1]$_DFFE_PN0P_/Q	core.keymem.key_mem[8][78]$_DFFE_PN0P_/D	_24108_|_24110_|_24111_|_24320_|_24645_|_24652_|_24668_|_24669_|_25677_|_25678_|_26526_|_26530_|_26534_|_28357_|_39369_|core.enc_block.sword_ctr_reg[1]$_DFFE_PN0P_|core.keymem.key_mem[8][78]$_DFFE_PN0P_|place10521|place10522|place10523|place11345|place11648|place11649|place6255|place6695|place9309
-0.421336	core.enc_block.sword_ctr_reg[0]$_DFFE_PN0P_/Q	core.keymem.key_mem[5][78]$_DFFE_PN0P_/D	_25289_|_25290_|_25291_|_25518_|_25658_|_25660_|_25665_|_25675_|_25676_|_25677_|_25678_|_26526_|_26530_|_26534_|_31144_|_39368_|core.enc_block.sword_ctr_reg[0]$_DFFE_PN0P_|core.keymem.key_mem[5][78]$_DFFE_PN0P_|place10247|place11659|place6255|place6695
-0.421335	core.enc_block.sword_ctr_reg[0]$_DFFE_PN0P_/Q	core.keymem.key_mem[5][78]$_DFFE_PN0P_/D	_25289_|_25290_|_25291_|_25518_|_25658_|_25660_|_25665_|_25675_|_25676_|_25677_|_25678_|_26526_|_26530_|_26534_|_31144_|_39368_|core.enc_block.sword_ctr_reg[0]$_DFFE_PN0P_|core.keymem.key_mem[5][78]$_DFFE_PN0P_|place10247|place11659|place6255|place6695
-0.421335	core.enc_block.sword_ctr_reg[0]$_DFFE_PN0P_/Q	core.keymem.key_mem[5][78]$_DFFE_PN0P_/D	_25289_|_25290_|_25291_|_25518_|_25658_|_25660_|_25665_|_25675_|_25676_|_25677_|_25678_|_26526_|_26530_|_26534_|_31144_|_39368_|core.enc_block.sword_ctr_reg[0]$_DFFE_PN0P_|core.keymem.key_mem[5][78]$_DFFE_PN0P_|place10247|place11659|place6255|place6695
-0.421334	core.enc_block.sword_ctr_reg[0]$_DFFE_PN0P_/Q	core.keymem.key_mem[5][78]$_DFFE_PN0P_/D	_25289_|_25290_|_25291_|_25518_|_25658_|_25660_|_25665_|_25675_|_25676_|_25677_|_25678_|_26526_|_26530_|_26534_|_31144_|_39368_|core.enc_block.sword_ctr_reg[0]$_DFFE_PN0P_|core.keymem.key_mem[5][78]$_DFFE_PN0P_|place10247|place11659|place6255|place6695
-0.421330	core.enc_block.sword_ctr_reg[1]$_DFFE_PN0P_/Q	core.keymem.key_mem[8][78]$_DFFE_PN0P_/D	_24108_|_24110_|_24111_|_24320_|_24645_|_24652_|_24668_|_24669_|_25677_|_25678_|_26526_|_26530_|_26534_|_28357_|_39369_|core.enc_block.sword_ctr_reg[1]$_DFFE_PN0P_|core.keymem.key_mem[8][78]$_DFFE_PN0P_|place10521|place10522|place10523|place11345|place11648|place11649|place6255|place6695|place9309
-0.421329	core.enc_block.sword_ctr_reg[1]$_DFFE_PN0P_/Q	core.keymem.key_mem[8][78]$_DFFE_PN0P_/D	_24108_|_24110_|_24111_|_24320_|_24645_|_24652_|_24668_|_24669_|_25677_|_25678_|_26526_|_26530_|_26534_|_28357_|_39369_|core.enc_block.sword_ctr_reg[1]$_DFFE_PN0P_|core.keymem.key_mem[8][78]$_DFFE_PN0P_|place10521|place10522|place10523|place11345|place11648|place11649|place6255|place6695|place9309
-0.421329	core.enc_block.sword_ctr_reg[0]$_DFFE_PN0P_/Q	core.keymem.key_mem[5][78]$_DFFE_PN0P_/D	_25219_|_25221_|_25307_|_25308_|_25454_|_25660_|_25665_|_25675_|_25676_|_25677_|_25678_|_26526_|_26530_|_26534_|_31144_|_39369_|core.enc_block.sword_ctr_reg[0]$_DFFE_PN0P_|core.keymem.key_mem[5][78]$_DFFE_PN0P_|place11341|place11648|place11649|place6255|place6695|place9130
-0.421328	core.enc_block.sword_ctr_reg[0]$_DFFE_PN0P_/Q	core.keymem.key_mem[5][78]$_DFFE_PN0P_/D	_25219_|_25221_|_25307_|_25308_|_25454_|_25660_|_25665_|_25675_|_25676_|_25677_|_25678_|_26526_|_26530_|_26534_|_31144_|_39369_|core.enc_block.sword_ctr_reg[0]$_DFFE_PN0P_|core.keymem.key_mem[5][78]$_DFFE_PN0P_|place11341|place11648|place11649|place6255|place6695|place9130
-0.421318	core.enc_block.sword_ctr_reg[1]$_DFFE_PN0P_/Q	core.keymem.key_mem[5][78]$_DFFE_PN0P_/D	_25289_|_25290_|_25291_|_25518_|_25658_|_25660_|_25665_|_25675_|_25676_|_25677_|_25678_|_26526_|_26530_|_26534_|_31144_|_39369_|core.enc_block.sword_ctr_reg[1]$_DFFE_PN0P_|core.keymem.key_mem[5][78]$_DFFE_PN0P_|place10247|place11649|place6255|place6695
-0.421317	core.enc_block.sword_ctr_reg[1]$_DFFE_PN0P_/Q	core.keymem.key_mem[5][78]$_DFFE_PN0P_/D	_25289_|_25290_|_25291_|_25518_|_25658_|_25660_|_25665_|_25675_|_25676_|_25677_|_25678_|_26526_|_26530_|_26534_|_31144_|_39369_|core.enc_block.sword_ctr_reg[1]$_DFFE_PN0P_|core.keymem.key_mem[5][78]$_DFFE_PN0P_|place10247|place11649|place6255|place6695
-0.421317	core.enc_block.sword_ctr_reg[1]$_DFFE_PN0P_/Q	core.keymem.key_mem[5][78]$_DFFE_PN0P_/D	_25289_|_25290_|_25291_|_25518_|_25658_|_25660_|_25665_|_25675_|_25676_|_25677_|_25678_|_26526_|_26530_|_26534_|_31144_|_39369_|core.enc_block.sword_ctr_reg[1]$_DFFE_PN0P_|core.keymem.key_mem[5][78]$_DFFE_PN0P_|place10247|place11649|place6255|place6695
-0.421316	core.enc_block.sword_ctr_reg[1]$_DFFE_PN0P_/Q	core.keymem.key_mem[5][78]$_DFFE_PN0P_/D	_25289_|_25290_|_25291_|_25518_|_25658_|_25660_|_25665_|_25675_|_25676_|_25677_|_25678_|_26526_|_26530_|_26534_|_31144_|_39369_|core.enc_block.sword_ctr_reg[1]$_DFFE_PN0P_|core.keymem.key_mem[5][78]$_DFFE_PN0P_|place10247|place11649|place6255|place6695
-0.421314	core.enc_block.sword_ctr_reg[0]$_DFFE_PN0P_/Q	core.keymem.key_mem[5][78]$_DFFE_PN0P_/D	_25289_|_25290_|_25291_|_25518_|_25658_|_25660_|_25665_|_25675_|_25676_|_25677_|_25678_|_26526_|_26530_|_26534_|_31144_|_39368_|core.enc_block.sword_ctr_reg[0]$_DFFE_PN0P_|core.keymem.key_mem[5][78]$_DFFE_PN0P_|place10247|place11659|place6255|place6695
-0.421313	core.enc_block.sword_ctr_reg[0]$_DFFE_PN0P_/Q	core.keymem.key_mem[5][78]$_DFFE_PN0P_/D	_25289_|_25290_|_25291_|_25518_|_25658_|_25660_|_25665_|_25675_|_25676_|_25677_|_25678_|_26526_|_26530_|_26534_|_31144_|_39368_|core.enc_block.sword_ctr_reg[0]$_DFFE_PN0P_|core.keymem.key_mem[5][78]$_DFFE_PN0P_|place10247|place11659|place6255|place6695
-0.421313	core.enc_block.sword_ctr_reg[0]$_DFFE_PN0P_/Q	core.keymem.key_mem[5][78]$_DFFE_PN0P_/D	_25289_|_25290_|_25291_|_25518_|_25658_|_25660_|_25665_|_25675_|_25676_|_25677_|_25678_|_26526_|_26530_|_26534_|_31144_|_39368_|core.enc_block.sword_ctr_reg[0]$_DFFE_PN0P_|core.keymem.key_mem[5][78]$_DFFE_PN0P_|place10247|place11659|place6255|place6695
-0.421312	core.enc_block.sword_ctr_reg[0]$_DFFE_PN0P_/Q	core.keymem.key_mem[5][78]$_DFFE_PN0P_/D	_25289_|_25290_|_25291_|_25518_|_25658_|_25660_|_25665_|_25675_|_25676_|_25677_|_25678_|_26526_|_26530_|_26534_|_31144_|_39368_|core.enc_block.sword_ctr_reg[0]$_DFFE_PN0P_|core.keymem.key_mem[5][78]$_DFFE_PN0P_|place10247|place11659|place6255|place6695
-0.421279	core.enc_block.sword_ctr_reg[1]$_DFFE_PN0P_/Q	core.keymem.key_mem[8][78]$_DFFE_PN0P_/D	_24108_|_24110_|_24111_|_24320_|_24645_|_24652_|_24668_|_24669_|_25677_|_25678_|_26526_|_26530_|_26534_|_28357_|_39369_|core.enc_block.sword_ctr_reg[1]$_DFFE_PN0P_|core.keymem.key_mem[8][78]$_DFFE_PN0P_|place10521|place10522|place10523|place11345|place11648|place11649|place6255|place6695|place9309
-0.421278	core.enc_block.sword_ctr_reg[1]$_DFFE_PN0P_/Q	core.keymem.key_mem[8][78]$_DFFE_PN0P_/D	_24108_|_24110_|_24111_|_24320_|_24645_|_24652_|_24668_|_24669_|_25677_|_25678_|_26526_|_26530_|_26534_|_28357_|_39369_|core.enc_block.sword_ctr_reg[1]$_DFFE_PN0P_|core.keymem.key_mem[8][78]$_DFFE_PN0P_|place10521|place10522|place10523|place11345|place11648|place11649|place6255|place6695|place9309
-0.421277	core.enc_block.sword_ctr_reg[0]$_DFFE_PN0P_/Q	core.keymem.key_mem[5][78]$_DFFE_PN0P_/D	_25289_|_25290_|_25291_|_25518_|_25658_|_25660_|_25665_|_25675_|_25676_|_25677_|_25678_|_26526_|_26530_|_26534_|_31144_|_39368_|core.enc_block.sword_ctr_reg[0]$_DFFE_PN0P_|core.keymem.key_mem[5][78]$_DFFE_PN0P_|place10247|place11659|place6255|place6695
-0.421276	core.enc_block.sword_ctr_reg[0]$_DFFE_PN0P_/Q	core.keymem.key_mem[5][78]$_DFFE_PN0P_/D	_25289_|_25290_|_25291_|_25518_|_25658_|_25660_|_25665_|_25675_|_25676_|_25677_|_25678_|_26526_|_26530_|_26534_|_31144_|_39368_|core.enc_block.sword_ctr_reg[0]$_DFFE_PN0P_|core.keymem.key_mem[5][78]$_DFFE_PN0P_|place10247|place11659|place6255|place6695
-0.421276	core.enc_block.sword_ctr_reg[0]$_DFFE_PN0P_/Q	core.keymem.key_mem[5][78]$_DFFE_PN0P_/D	_25289_|_25290_|_25291_|_25518_|_25658_|_25660_|_25665_|_25675_|_25676_|_25677_|_25678_|_26526_|_26530_|_26534_|_31144_|_39368_|core.enc_block.sword_ctr_reg[0]$_DFFE_PN0P_|core.keymem.key_mem[5][78]$_DFFE_PN0P_|place10247|place11659|place6255|place6695
-0.421275	core.enc_block.sword_ctr_reg[0]$_DFFE_PN0P_/Q	core.keymem.key_mem[5][78]$_DFFE_PN0P_/D	_25289_|_25290_|_25291_|_25518_|_25658_|_25660_|_25665_|_25675_|_25676_|_25677_|_25678_|_26526_|_26530_|_26534_|_31144_|_39368_|core.enc_block.sword_ctr_reg[0]$_DFFE_PN0P_|core.keymem.key_mem[5][78]$_DFFE_PN0P_|place10247|place11659|place6255|place6695
-0.421266	core.enc_block.sword_ctr_reg[0]$_DFFE_PN0P_/Q	core.keymem.key_mem[8][78]$_DFFE_PN0P_/D	_24108_|_24110_|_24111_|_24320_|_24645_|_24652_|_24668_|_24669_|_25677_|_25678_|_26526_|_26530_|_26534_|_28357_|_39369_|core.enc_block.sword_ctr_reg[0]$_DFFE_PN0P_|core.keymem.key_mem[8][78]$_DFFE_PN0P_|place10521|place10522|place10523|place11345|place11648|place11649|place6255|place6695|place9309
-0.421265	core.enc_block.sword_ctr_reg[0]$_DFFE_PN0P_/Q	core.keymem.key_mem[8][78]$_DFFE_PN0P_/D	_24108_|_24110_|_24111_|_24320_|_24645_|_24652_|_24668_|_24669_|_25677_|_25678_|_26526_|_26530_|_26534_|_28357_|_39369_|core.enc_block.sword_ctr_reg[0]$_DFFE_PN0P_|core.keymem.key_mem[8][78]$_DFFE_PN0P_|place10521|place10522|place10523|place11345|place11648|place11649|place6255|place6695|place9309
-0.421250	core.enc_block.sword_ctr_reg[1]$_DFFE_PN0P_/Q	core.keymem.key_mem[6][78]$_DFFE_PN0P_/D	_25289_|_25290_|_25291_|_25518_|_25658_|_25660_|_25665_|_25675_|_25676_|_25677_|_25678_|_26526_|_26530_|_26534_|_31309_|_39369_|core.enc_block.sword_ctr_reg[1]$_DFFE_PN0P_|core.keymem.key_mem[6][78]$_DFFE_PN0P_|place10247|place11649|place6255|place6695
-0.421249	core.enc_block.sword_ctr_reg[1]$_DFFE_PN0P_/Q	core.keymem.key_mem[6][78]$_DFFE_PN0P_/D	_25289_|_25290_|_25291_|_25518_|_25658_|_25660_|_25665_|_25675_|_25676_|_25677_|_25678_|_26526_|_26530_|_26534_|_31309_|_39369_|core.enc_block.sword_ctr_reg[1]$_DFFE_PN0P_|core.keymem.key_mem[6][78]$_DFFE_PN0P_|place10247|place11649|place6255|place6695
-0.421249	core.enc_block.sword_ctr_reg[1]$_DFFE_PN0P_/Q	core.keymem.key_mem[6][78]$_DFFE_PN0P_/D	_25289_|_25290_|_25291_|_25518_|_25658_|_25660_|_25665_|_25675_|_25676_|_25677_|_25678_|_26526_|_26530_|_26534_|_31309_|_39369_|core.enc_block.sword_ctr_reg[1]$_DFFE_PN0P_|core.keymem.key_mem[6][78]$_DFFE_PN0P_|place10247|place11649|place6255|place6695
-0.421248	core.enc_block.sword_ctr_reg[1]$_DFFE_PN0P_/Q	core.keymem.key_mem[6][78]$_DFFE_PN0P_/D	_25289_|_25290_|_25291_|_25518_|_25658_|_25660_|_25665_|_25675_|_25676_|_25677_|_25678_|_26526_|_26530_|_26534_|_31309_|_39369_|core.enc_block.sword_ctr_reg[1]$_DFFE_PN0P_|core.keymem.key_mem[6][78]$_DFFE_PN0P_|place10247|place11649|place6255|place6695
-0.421246	core.enc_block.sword_ctr_reg[0]$_DFFE_PN0P_/Q	core.keymem.key_mem[5][78]$_DFFE_PN0P_/D	_25289_|_25290_|_25291_|_25518_|_25658_|_25660_|_25665_|_25675_|_25676_|_25677_|_25678_|_26526_|_26530_|_26534_|_31144_|_39368_|core.enc_block.sword_ctr_reg[0]$_DFFE_PN0P_|core.keymem.key_mem[5][78]$_DFFE_PN0P_|place10247|place11659|place6255|place6695
-0.421245	core.enc_block.sword_ctr_reg[0]$_DFFE_PN0P_/Q	core.keymem.key_mem[5][78]$_DFFE_PN0P_/D	_25289_|_25290_|_25291_|_25518_|_25658_|_25660_|_25665_|_25675_|_25676_|_25677_|_25678_|_26526_|_26530_|_26534_|_31144_|_39368_|core.enc_block.sword_ctr_reg[0]$_DFFE_PN0P_|core.keymem.key_mem[5][78]$_DFFE_PN0P_|place10247|place11659|place6255|place6695
-0.421245	core.enc_block.sword_ctr_reg[0]$_DFFE_PN0P_/Q	core.keymem.key_mem[5][78]$_DFFE_PN0P_/D	_25289_|_25290_|_25291_|_25518_|_25658_|_25660_|_25665_|_25675_|_25676_|_25677_|_25678_|_26526_|_26530_|_26534_|_31144_|_39368_|core.enc_block.sword_ctr_reg[0]$_DFFE_PN0P_|core.keymem.key_mem[5][78]$_DFFE_PN0P_|place10247|place11659|place6255|place6695
-0.421244	core.enc_block.sword_ctr_reg[0]$_DFFE_PN0P_/Q	core.keymem.key_mem[5][78]$_DFFE_PN0P_/D	_25289_|_25290_|_25291_|_25518_|_25658_|_25660_|_25665_|_25675_|_25676_|_25677_|_25678_|_26526_|_26530_|_26534_|_31144_|_39368_|core.enc_block.sword_ctr_reg[0]$_DFFE_PN0P_|core.keymem.key_mem[5][78]$_DFFE_PN0P_|place10247|place11659|place6255|place6695
-0.421233	core.enc_block.sword_ctr_reg[1]$_DFFE_PN0P_/Q	core.keymem.key_mem[8][78]$_DFFE_PN0P_/D	_24108_|_24110_|_24111_|_24320_|_24645_|_24652_|_24668_|_24669_|_25677_|_25678_|_26526_|_26530_|_26534_|_28357_|_39369_|core.enc_block.sword_ctr_reg[1]$_DFFE_PN0P_|core.keymem.key_mem[8][78]$_DFFE_PN0P_|place10521|place10522|place10523|place11345|place11648|place11649|place6255|place6695|place9309
-0.421232	core.enc_block.sword_ctr_reg[1]$_DFFE_PN0P_/Q	core.keymem.key_mem[8][78]$_DFFE_PN0P_/D	_24108_|_24110_|_24111_|_24320_|_24645_|_24652_|_24668_|_24669_|_25677_|_25678_|_26526_|_26530_|_26534_|_28357_|_39369_|core.enc_block.sword_ctr_reg[1]$_DFFE_PN0P_|core.keymem.key_mem[8][78]$_DFFE_PN0P_|place10521|place10522|place10523|place11345|place11648|place11649|place6255|place6695|place9309
-0.421204	core.enc_block.sword_ctr_reg[0]$_DFFE_PN0P_/Q	core.keymem.key_mem[6][78]$_DFFE_PN0P_/D	_24108_|_24110_|_24111_|_24320_|_24645_|_24652_|_24668_|_24669_|_25677_|_25678_|_26530_|_26534_|_31309_|_39369_|core.enc_block.sword_ctr_reg[0]$_DFFE_PN0P_|core.keymem.key_mem[6][78]$_DFFE_PN0P_|place10521|place10522|place10523|place11345|place11648|place11649|place6255|place6583|place6695|place9309
-0.421203	core.enc_block.sword_ctr_reg[0]$_DFFE_PN0P_/Q	core.keymem.key_mem[6][78]$_DFFE_PN0P_/D	_24108_|_24110_|_24111_|_24320_|_24645_|_24652_|_24668_|_24669_|_25677_|_25678_|_26530_|_26534_|_31309_|_39369_|core.enc_block.sword_ctr_reg[0]$_DFFE_PN0P_|core.keymem.key_mem[6][78]$_DFFE_PN0P_|place10521|place10522|place10523|place11345|place11648|place11649|place6255|place6583|place6695|place9309
-0.421202	core.enc_block.sword_ctr_reg[0]$_DFFE_PN0P_/Q	core.keymem.key_mem[5][78]$_DFFE_PN0P_/D	_24108_|_24110_|_24111_|_24320_|_24645_|_24652_|_24668_|_24669_|_25677_|_25678_|_26530_|_26534_|_31144_|_39369_|core.enc_block.sword_ctr_reg[0]$_DFFE_PN0P_|core.keymem.key_mem[5][78]$_DFFE_PN0P_|place10521|place10522|place10523|place11345|place11648|place11649|place6255|place6583|place6695|place9309
-0.421201	core.enc_block.sword_ctr_reg[0]$_DFFE_PN0P_/Q	core.keymem.key_mem[5][78]$_DFFE_PN0P_/D	_24108_|_24110_|_24111_|_24320_|_24645_|_24652_|_24668_|_24669_|_25677_|_25678_|_26530_|_26534_|_31144_|_39369_|core.enc_block.sword_ctr_reg[0]$_DFFE_PN0P_|core.keymem.key_mem[5][78]$_DFFE_PN0P_|place10521|place10522|place10523|place11345|place11648|place11649|place6255|place6583|place6695|place9309
-0.421179	core.enc_block.sword_ctr_reg[0]$_DFFE_PN0P_/Q	core.keymem.key_mem[5][78]$_DFFE_PN0P_/D	_25289_|_25290_|_25291_|_25518_|_25658_|_25660_|_25665_|_25675_|_25676_|_25677_|_25678_|_26526_|_26530_|_26534_|_31144_|_39369_|core.enc_block.sword_ctr_reg[0]$_DFFE_PN0P_|core.keymem.key_mem[5][78]$_DFFE_PN0P_|place10247|place11649|place6255|place6695
-0.421178	core.enc_block.sword_ctr_reg[0]$_DFFE_PN0P_/Q	core.keymem.key_mem[5][78]$_DFFE_PN0P_/D	_25289_|_25290_|_25291_|_25518_|_25658_|_25660_|_25665_|_25675_|_25676_|_25677_|_25678_|_26526_|_26530_|_26534_|_31144_|_39369_|core.enc_block.sword_ctr_reg[0]$_DFFE_PN0P_|core.keymem.key_mem[5][78]$_DFFE_PN0P_|place10247|place11649|place6255|place6695
-0.421178	core.enc_block.sword_ctr_reg[0]$_DFFE_PN0P_/Q	core.keymem.key_mem[5][78]$_DFFE_PN0P_/D	_25289_|_25290_|_25291_|_25518_|_25658_|_25660_|_25665_|_25675_|_25676_|_25677_|_25678_|_26526_|_26530_|_26534_|_31144_|_39369_|core.enc_block.sword_ctr_reg[0]$_DFFE_PN0P_|core.keymem.key_mem[5][78]$_DFFE_PN0P_|place10247|place11649|place6255|place6695
-0.421177	core.enc_block.sword_ctr_reg[0]$_DFFE_PN0P_/Q	core.keymem.key_mem[5][78]$_DFFE_PN0P_/D	_25289_|_25290_|_25291_|_25518_|_25658_|_25660_|_25665_|_25675_|_25676_|_25677_|_25678_|_26526_|_26530_|_26534_|_31144_|_39369_|core.enc_block.sword_ctr_reg[0]$_DFFE_PN0P_|core.keymem.key_mem[5][78]$_DFFE_PN0P_|place10247|place11649|place6255|place6695
-0.421158	core.enc_block.sword_ctr_reg[0]$_DFFE_PN0P_/Q	core.keymem.key_mem[6][78]$_DFFE_PN0P_/D	_24108_|_24110_|_24111_|_24320_|_24645_|_24652_|_24668_|_24669_|_25677_|_25678_|_26530_|_26534_|_31309_|_39369_|core.enc_block.sword_ctr_reg[0]$_DFFE_PN0P_|core.keymem.key_mem[6][78]$_DFFE_PN0P_|place10521|place10522|place10523|place11345|place11648|place11649|place6255|place6583|place6695|place9309
-0.421157	core.enc_block.sword_ctr_reg[0]$_DFFE_PN0P_/Q	core.keymem.key_mem[6][78]$_DFFE_PN0P_/D	_24108_|_24110_|_24111_|_24320_|_24645_|_24652_|_24668_|_24669_|_25677_|_25678_|_26530_|_26534_|_31309_|_39369_|core.enc_block.sword_ctr_reg[0]$_DFFE_PN0P_|core.keymem.key_mem[6][78]$_DFFE_PN0P_|place10521|place10522|place10523|place11345|place11648|place11649|place6255|place6583|place6695|place9309
-0.421155	core.enc_block.sword_ctr_reg[0]$_DFFE_PN0P_/Q	core.keymem.key_mem[5][78]$_DFFE_PN0P_/D	_24108_|_24110_|_24111_|_24320_|_24645_|_24652_|_24668_|_24669_|_25677_|_25678_|_26530_|_26534_|_31144_|_39369_|core.enc_block.sword_ctr_reg[0]$_DFFE_PN0P_|core.keymem.key_mem[5][78]$_DFFE_PN0P_|place10521|place10522|place10523|place11345|place11648|place11649|place6255|place6583|place6695|place9309
-0.421154	core.enc_block.sword_ctr_reg[0]$_DFFE_PN0P_/Q	core.keymem.key_mem[5][78]$_DFFE_PN0P_/D	_24108_|_24110_|_24111_|_24320_|_24645_|_24652_|_24668_|_24669_|_25677_|_25678_|_26530_|_26534_|_31144_|_39369_|core.enc_block.sword_ctr_reg[0]$_DFFE_PN0P_|core.keymem.key_mem[5][78]$_DFFE_PN0P_|place10521|place10522|place10523|place11345|place11648|place11649|place6255|place6583|place6695|place9309
-0.421146	core.enc_block.sword_ctr_reg[1]$_DFFE_PN0P_/Q	core.keymem.key_mem[5][78]$_DFFE_PN0P_/D	_24108_|_24110_|_24111_|_24320_|_24645_|_24652_|_24668_|_24669_|_25677_|_25678_|_26530_|_26534_|_31144_|_39369_|core.enc_block.sword_ctr_reg[1]$_DFFE_PN0P_|core.keymem.key_mem[5][78]$_DFFE_PN0P_|place10521|place10522|place10523|place11345|place11648|place11649|place6255|place6583|place6695|place9309
-0.421145	core.enc_block.sword_ctr_reg[1]$_DFFE_PN0P_/Q	core.keymem.key_mem[5][78]$_DFFE_PN0P_/D	_24108_|_24110_|_24111_|_24320_|_24645_|_24652_|_24668_|_24669_|_25677_|_25678_|_26530_|_26534_|_31144_|_39369_|core.enc_block.sword_ctr_reg[1]$_DFFE_PN0P_|core.keymem.key_mem[5][78]$_DFFE_PN0P_|place10521|place10522|place10523|place11345|place11648|place11649|place6255|place6583|place6695|place9309
-0.421111	core.enc_block.sword_ctr_reg[0]$_DFFE_PN0P_/Q	core.keymem.key_mem[5][78]$_DFFE_PN0P_/D	_24109_|_24110_|_24125_|_24314_|_24632_|_24634_|_24641_|_24668_|_24669_|_25677_|_25678_|_26526_|_26530_|_26534_|_31144_|_39368_|core.enc_block.sword_ctr_reg[0]$_DFFE_PN0P_|core.keymem.key_mem[5][78]$_DFFE_PN0P_|place11345|place11656|place11659|place6255|place6695|place9312
-0.421110	core.enc_block.sword_ctr_reg[0]$_DFFE_PN0P_/Q	core.keymem.key_mem[5][78]$_DFFE_PN0P_/D	_24109_|_24110_|_24125_|_24314_|_24632_|_24634_|_24641_|_24668_|_24669_|_25677_|_25678_|_26526_|_26530_|_26534_|_31144_|_39368_|core.enc_block.sword_ctr_reg[0]$_DFFE_PN0P_|core.keymem.key_mem[5][78]$_DFFE_PN0P_|place11345|place11656|place11659|place6255|place6695|place9312
-0.421095	core.enc_block.sword_ctr_reg[0]$_DFFE_PN0P_/Q	core.keymem.key_mem[5][78]$_DFFE_PN0P_/D	_24108_|_24110_|_24111_|_24320_|_24645_|_24652_|_24668_|_24669_|_25677_|_25678_|_26530_|_26534_|_31144_|_39369_|core.enc_block.sword_ctr_reg[0]$_DFFE_PN0P_|core.keymem.key_mem[5][78]$_DFFE_PN0P_|place10521|place10522|place10523|place11345|place11648|place11649|place6255|place6583|place6695|place9309
-0.421095	core.enc_block.sword_ctr_reg[0]$_DFFE_PN0P_/Q	core.keymem.key_mem[5][78]$_DFFE_PN0P_/D	_24108_|_24110_|_24111_|_24320_|_24645_|_24652_|_24668_|_24669_|_25677_|_25678_|_26530_|_26534_|_31144_|_39369_|core.enc_block.sword_ctr_reg[0]$_DFFE_PN0P_|core.keymem.key_mem[5][78]$_DFFE_PN0P_|place10521|place10522|place10523|place11345|place11648|place11649|place6255|place6583|place6695|place9309
-0.421094	core.enc_block.sword_ctr_reg[0]$_DFFE_PN0P_/Q	core.keymem.key_mem[5][78]$_DFFE_PN0P_/D	_24108_|_24110_|_24111_|_24320_|_24645_|_24652_|_24668_|_24669_|_25677_|_25678_|_26530_|_26534_|_31144_|_39369_|core.enc_block.sword_ctr_reg[0]$_DFFE_PN0P_|core.keymem.key_mem[5][78]$_DFFE_PN0P_|place10521|place10522|place10523|place11345|place11648|place11649|place6255|place6583|place6695|place9309
-0.421094	core.enc_block.sword_ctr_reg[0]$_DFFE_PN0P_/Q	core.keymem.key_mem[5][78]$_DFFE_PN0P_/D	_24108_|_24110_|_24111_|_24320_|_24645_|_24652_|_24668_|_24669_|_25677_|_25678_|_26530_|_26534_|_31144_|_39369_|core.enc_block.sword_ctr_reg[0]$_DFFE_PN0P_|core.keymem.key_mem[5][78]$_DFFE_PN0P_|place10521|place10522|place10523|place11345|place11648|place11649|place6255|place6583|place6695|place9309
-0.421086	core.enc_block.sword_ctr_reg[1]$_DFFE_PN0P_/Q	core.keymem.key_mem[5][78]$_DFFE_PN0P_/D	_25219_|_25221_|_25307_|_25308_|_25454_|_25660_|_25665_|_25675_|_25676_|_25677_|_25678_|_26526_|_26530_|_26534_|_31144_|_39369_|core.enc_block.sword_ctr_reg[1]$_DFFE_PN0P_|core.keymem.key_mem[5][78]$_DFFE_PN0P_|place11341|place11648|place11649|place6255|place6695|place9130
-0.421085	core.enc_block.sword_ctr_reg[1]$_DFFE_PN0P_/Q	core.keymem.key_mem[5][78]$_DFFE_PN0P_/D	_25219_|_25221_|_25307_|_25308_|_25454_|_25660_|_25665_|_25675_|_25676_|_25677_|_25678_|_26526_|_26530_|_26534_|_31144_|_39369_|core.enc_block.sword_ctr_reg[1]$_DFFE_PN0P_|core.keymem.key_mem[5][78]$_DFFE_PN0P_|place11341|place11648|place11649|place6255|place6695|place9130
-0.421073	core.enc_block.sword_ctr_reg[0]$_DFFE_PN0P_/Q	core.keymem.key_mem[6][78]$_DFFE_PN0P_/D	_24109_|_24110_|_24125_|_24314_|_24632_|_24634_|_24641_|_24668_|_24669_|_25677_|_25678_|_26526_|_26530_|_26534_|_31309_|_39368_|core.enc_block.sword_ctr_reg[0]$_DFFE_PN0P_|core.keymem.key_mem[6][78]$_DFFE_PN0P_|place11345|place11656|place11659|place6255|place6695|place9312
-0.421072	core.enc_block.sword_ctr_reg[0]$_DFFE_PN0P_/Q	core.keymem.key_mem[6][78]$_DFFE_PN0P_/D	_24109_|_24110_|_24125_|_24314_|_24632_|_24634_|_24641_|_24668_|_24669_|_25677_|_25678_|_26526_|_26530_|_26534_|_31309_|_39368_|core.enc_block.sword_ctr_reg[0]$_DFFE_PN0P_|core.keymem.key_mem[6][78]$_DFFE_PN0P_|place11345|place11656|place11659|place6255|place6695|place9312
-0.421040	core.enc_block.sword_ctr_reg[1]$_DFFE_PN0P_/Q	core.keymem.key_mem[5][78]$_DFFE_PN0P_/D	_25289_|_25290_|_25291_|_25518_|_25658_|_25660_|_25665_|_25675_|_25676_|_25677_|_25678_|_26526_|_26530_|_26534_|_31144_|_39369_|core.enc_block.sword_ctr_reg[1]$_DFFE_PN0P_|core.keymem.key_mem[5][78]$_DFFE_PN0P_|place10247|place11649|place6255|place6695
-0.421039	core.enc_block.sword_ctr_reg[1]$_DFFE_PN0P_/Q	core.keymem.key_mem[5][78]$_DFFE_PN0P_/D	_25289_|_25290_|_25291_|_25518_|_25658_|_25660_|_25665_|_25675_|_25676_|_25677_|_25678_|_26526_|_26530_|_26534_|_31144_|_39369_|core.enc_block.sword_ctr_reg[1]$_DFFE_PN0P_|core.keymem.key_mem[5][78]$_DFFE_PN0P_|place10247|place11649|place6255|place6695
-0.421040	core.enc_block.sword_ctr_reg[1]$_DFFE_PN0P_/Q	core.keymem.key_mem[5][78]$_DFFE_PN0P_/D	_25289_|_25290_|_25291_|_25518_|_25658_|_25660_|_25665_|_25675_|_25676_|_25677_|_25678_|_26526_|_26530_|_26534_|_31144_|_39369_|core.enc_block.sword_ctr_reg[1]$_DFFE_PN0P_|core.keymem.key_mem[5][78]$_DFFE_PN0P_|place10247|place11649|place6255|place6695
-0.421039	core.enc_block.sword_ctr_reg[1]$_DFFE_PN0P_/Q	core.keymem.key_mem[5][78]$_DFFE_PN0P_/D	_25289_|_25290_|_25291_|_25518_|_25658_|_25660_|_25665_|_25675_|_25676_|_25677_|_25678_|_26526_|_26530_|_26534_|_31144_|_39369_|core.enc_block.sword_ctr_reg[1]$_DFFE_PN0P_|core.keymem.key_mem[5][78]$_DFFE_PN0P_|place10247|place11649|place6255|place6695
-0.421024	core.enc_block.sword_ctr_reg[1]$_DFFE_PN0P_/Q	core.keymem.key_mem[8][78]$_DFFE_PN0P_/D	_24108_|_24110_|_24111_|_24320_|_24645_|_24652_|_24668_|_24669_|_25677_|_25678_|_26526_|_26530_|_26534_|_28357_|_39369_|core.enc_block.sword_ctr_reg[1]$_DFFE_PN0P_|core.keymem.key_mem[8][78]$_DFFE_PN0P_|place10521|place10522|place10523|place11345|place11648|place11649|place6255|place6695|place9309
-0.421023	core.enc_block.sword_ctr_reg[1]$_DFFE_PN0P_/Q	core.keymem.key_mem[8][78]$_DFFE_PN0P_/D	_24108_|_24110_|_24111_|_24320_|_24645_|_24652_|_24668_|_24669_|_25677_|_25678_|_26526_|_26530_|_26534_|_28357_|_39369_|core.enc_block.sword_ctr_reg[1]$_DFFE_PN0P_|core.keymem.key_mem[8][78]$_DFFE_PN0P_|place10521|place10522|place10523|place11345|place11648|place11649|place6255|place6695|place9309
-0.420995	core.enc_block.sword_ctr_reg[1]$_DFFE_PN0P_/Q	core.keymem.key_mem[6][78]$_DFFE_PN0P_/D	_25289_|_25290_|_25291_|_25518_|_25658_|_25660_|_25665_|_25675_|_25676_|_25677_|_25678_|_26526_|_26530_|_26534_|_31309_|_39369_|core.enc_block.sword_ctr_reg[1]$_DFFE_PN0P_|core.keymem.key_mem[6][78]$_DFFE_PN0P_|place10247|place11649|place6255|place6695
-0.420993	core.enc_block.sword_ctr_reg[1]$_DFFE_PN0P_/Q	core.keymem.key_mem[6][78]$_DFFE_PN0P_/D	_25289_|_25290_|_25291_|_25518_|_25658_|_25660_|_25665_|_25675_|_25676_|_25677_|_25678_|_26526_|_26530_|_26534_|_31309_|_39369_|core.enc_block.sword_ctr_reg[1]$_DFFE_PN0P_|core.keymem.key_mem[6][78]$_DFFE_PN0P_|place10247|place11649|place6255|place6695
-0.420994	core.enc_block.sword_ctr_reg[1]$_DFFE_PN0P_/Q	core.keymem.key_mem[6][78]$_DFFE_PN0P_/D	_25289_|_25290_|_25291_|_25518_|_25658_|_25660_|_25665_|_25675_|_25676_|_25677_|_25678_|_26526_|_26530_|_26534_|_31309_|_39369_|core.enc_block.sword_ctr_reg[1]$_DFFE_PN0P_|core.keymem.key_mem[6][78]$_DFFE_PN0P_|place10247|place11649|place6255|place6695
-0.420993	core.enc_block.sword_ctr_reg[1]$_DFFE_PN0P_/Q	core.keymem.key_mem[6][78]$_DFFE_PN0P_/D	_25289_|_25290_|_25291_|_25518_|_25658_|_25660_|_25665_|_25675_|_25676_|_25677_|_25678_|_26526_|_26530_|_26534_|_31309_|_39369_|core.enc_block.sword_ctr_reg[1]$_DFFE_PN0P_|core.keymem.key_mem[6][78]$_DFFE_PN0P_|place10247|place11649|place6255|place6695
-0.420985	core.enc_block.sword_ctr_reg[0]$_DFFE_PN0P_/Q	core.keymem.key_mem[5][78]$_DFFE_PN0P_/D	_24108_|_24110_|_24111_|_24320_|_24645_|_24652_|_24668_|_24669_|_25677_|_25678_|_26530_|_26534_|_31144_|_39369_|core.enc_block.sword_ctr_reg[0]$_DFFE_PN0P_|core.keymem.key_mem[5][78]$_DFFE_PN0P_|place10521|place10522|place10523|place11345|place11648|place11649|place6255|place6583|place6695|place9309
-0.420984	core.enc_block.sword_ctr_reg[0]$_DFFE_PN0P_/Q	core.keymem.key_mem[5][78]$_DFFE_PN0P_/D	_24108_|_24110_|_24111_|_24320_|_24645_|_24652_|_24668_|_24669_|_25677_|_25678_|_26530_|_26534_|_31144_|_39369_|core.enc_block.sword_ctr_reg[0]$_DFFE_PN0P_|core.keymem.key_mem[5][78]$_DFFE_PN0P_|place10521|place10522|place10523|place11345|place11648|place11649|place6255|place6583|place6695|place9309
-0.420962	core.enc_block.sword_ctr_reg[1]$_DFFE_PN0P_/Q	core.keymem.key_mem[6][78]$_DFFE_PN0P_/D	_24108_|_24110_|_24111_|_24320_|_24645_|_24652_|_24668_|_24669_|_25677_|_25678_|_26530_|_26534_|_31309_|_39369_|core.enc_block.sword_ctr_reg[1]$_DFFE_PN0P_|core.keymem.key_mem[6][78]$_DFFE_PN0P_|place10521|place10522|place10523|place11345|place11648|place11649|place6255|place6583|place6695|place9309
-0.420961	core.enc_block.sword_ctr_reg[1]$_DFFE_PN0P_/Q	core.keymem.key_mem[6][78]$_DFFE_PN0P_/D	_24108_|_24110_|_24111_|_24320_|_24645_|_24652_|_24668_|_24669_|_25677_|_25678_|_26530_|_26534_|_31309_|_39369_|core.enc_block.sword_ctr_reg[1]$_DFFE_PN0P_|core.keymem.key_mem[6][78]$_DFFE_PN0P_|place10521|place10522|place10523|place11345|place11648|place11649|place6255|place6583|place6695|place9309
-0.420960	core.enc_block.sword_ctr_reg[1]$_DFFE_PN0P_/Q	core.keymem.key_mem[5][78]$_DFFE_PN0P_/D	_24108_|_24110_|_24111_|_24320_|_24645_|_24652_|_24668_|_24669_|_25677_|_25678_|_26530_|_26534_|_31144_|_39369_|core.enc_block.sword_ctr_reg[1]$_DFFE_PN0P_|core.keymem.key_mem[5][78]$_DFFE_PN0P_|place10521|place10522|place10523|place11345|place11648|place11649|place6255|place6583|place6695|place9309
-0.420959	core.enc_block.sword_ctr_reg[1]$_DFFE_PN0P_/Q	core.keymem.key_mem[5][78]$_DFFE_PN0P_/D	_24108_|_24110_|_24111_|_24320_|_24645_|_24652_|_24668_|_24669_|_25677_|_25678_|_26530_|_26534_|_31144_|_39369_|core.enc_block.sword_ctr_reg[1]$_DFFE_PN0P_|core.keymem.key_mem[5][78]$_DFFE_PN0P_|place10521|place10522|place10523|place11345|place11648|place11649|place6255|place6583|place6695|place9309
-0.420949	core.enc_block.sword_ctr_reg[0]$_DFFE_PN0P_/Q	core.keymem.key_mem[6][78]$_DFFE_PN0P_/D	_24108_|_24110_|_24111_|_24320_|_24645_|_24652_|_24668_|_24669_|_25677_|_25678_|_26530_|_26534_|_31309_|_39369_|core.enc_block.sword_ctr_reg[0]$_DFFE_PN0P_|core.keymem.key_mem[6][78]$_DFFE_PN0P_|place10521|place10522|place10523|place11345|place11648|place11649|place6255|place6583|place6695|place9309
-0.420948	core.enc_block.sword_ctr_reg[1]$_DFFE_PN0P_/Q	core.keymem.key_mem[5][78]$_DFFE_PN0P_/D	_25289_|_25290_|_25291_|_25518_|_25658_|_25660_|_25665_|_25675_|_25676_|_25677_|_25678_|_26530_|_26534_|_31144_|_39369_|core.enc_block.sword_ctr_reg[1]$_DFFE_PN0P_|core.keymem.key_mem[5][78]$_DFFE_PN0P_|place10247|place11649|place6255|place6583|place6695
-0.420948	core.enc_block.sword_ctr_reg[0]$_DFFE_PN0P_/Q	core.keymem.key_mem[6][78]$_DFFE_PN0P_/D	_24108_|_24110_|_24111_|_24320_|_24645_|_24652_|_24668_|_24669_|_25677_|_25678_|_26530_|_26534_|_31309_|_39369_|core.enc_block.sword_ctr_reg[0]$_DFFE_PN0P_|core.keymem.key_mem[6][78]$_DFFE_PN0P_|place10521|place10522|place10523|place11345|place11648|place11649|place6255|place6583|place6695|place9309
-0.420946	core.enc_block.sword_ctr_reg[0]$_DFFE_PN0P_/Q	core.keymem.key_mem[5][78]$_DFFE_PN0P_/D	_24108_|_24110_|_24111_|_24320_|_24645_|_24652_|_24668_|_24669_|_25677_|_25678_|_26530_|_26534_|_31144_|_39369_|core.enc_block.sword_ctr_reg[0]$_DFFE_PN0P_|core.keymem.key_mem[5][78]$_DFFE_PN0P_|place10521|place10522|place10523|place11345|place11648|place11649|place6255|place6583|place6695|place9309
-0.420947	core.enc_block.sword_ctr_reg[1]$_DFFE_PN0P_/Q	core.keymem.key_mem[5][78]$_DFFE_PN0P_/D	_25289_|_25290_|_25291_|_25518_|_25658_|_25660_|_25665_|_25675_|_25676_|_25677_|_25678_|_26530_|_26534_|_31144_|_39369_|core.enc_block.sword_ctr_reg[1]$_DFFE_PN0P_|core.keymem.key_mem[5][78]$_DFFE_PN0P_|place10247|place11649|place6255|place6583|place6695
-0.420947	core.enc_block.sword_ctr_reg[1]$_DFFE_PN0P_/Q	core.keymem.key_mem[5][78]$_DFFE_PN0P_/D	_25289_|_25290_|_25291_|_25518_|_25658_|_25660_|_25665_|_25675_|_25676_|_25677_|_25678_|_26530_|_26534_|_31144_|_39369_|core.enc_block.sword_ctr_reg[1]$_DFFE_PN0P_|core.keymem.key_mem[5][78]$_DFFE_PN0P_|place10247|place11649|place6255|place6583|place6695
-0.420945	core.enc_block.sword_ctr_reg[0]$_DFFE_PN0P_/Q	core.keymem.key_mem[5][78]$_DFFE_PN0P_/D	_24108_|_24110_|_24111_|_24320_|_24645_|_24652_|_24668_|_24669_|_25677_|_25678_|_26530_|_26534_|_31144_|_39369_|core.enc_block.sword_ctr_reg[0]$_DFFE_PN0P_|core.keymem.key_mem[5][78]$_DFFE_PN0P_|place10521|place10522|place10523|place11345|place11648|place11649|place6255|place6583|place6695|place9309
-0.420946	core.enc_block.sword_ctr_reg[1]$_DFFE_PN0P_/Q	core.keymem.key_mem[5][78]$_DFFE_PN0P_/D	_25289_|_25290_|_25291_|_25518_|_25658_|_25660_|_25665_|_25675_|_25676_|_25677_|_25678_|_26530_|_26534_|_31144_|_39369_|core.enc_block.sword_ctr_reg[1]$_DFFE_PN0P_|core.keymem.key_mem[5][78]$_DFFE_PN0P_|place10247|place11649|place6255|place6583|place6695
-0.420927	core.enc_block.sword_ctr_reg[0]$_DFFE_PN0P_/Q	core.keymem.key_mem[6][78]$_DFFE_PN0P_/D	_24109_|_24110_|_24125_|_24314_|_24632_|_24634_|_24641_|_24668_|_24669_|_25677_|_25678_|_26526_|_26530_|_26534_|_31309_|_39368_|core.enc_block.sword_ctr_reg[0]$_DFFE_PN0P_|core.keymem.key_mem[6][78]$_DFFE_PN0P_|place11345|place11656|place11659|place6255|place6695|place9312
-0.420926	core.enc_block.sword_ctr_reg[0]$_DFFE_PN0P_/Q	core.keymem.key_mem[6][78]$_DFFE_PN0P_/D	_24109_|_24110_|_24125_|_24314_|_24632_|_24634_|_24641_|_24668_|_24669_|_25677_|_25678_|_26526_|_26530_|_26534_|_31309_|_39368_|core.enc_block.sword_ctr_reg[0]$_DFFE_PN0P_|core.keymem.key_mem[6][78]$_DFFE_PN0P_|place11345|place11656|place11659|place6255|place6695|place9312
-0.420925	core.enc_block.sword_ctr_reg[0]$_DFFE_PN0P_/Q	core.keymem.key_mem[5][78]$_DFFE_PN0P_/D	_24108_|_24110_|_24111_|_24320_|_24645_|_24652_|_24668_|_24669_|_25677_|_25678_|_26526_|_26530_|_26534_|_31144_|_39369_|core.enc_block.sword_ctr_reg[0]$_DFFE_PN0P_|core.keymem.key_mem[5][78]$_DFFE_PN0P_|place10521|place10522|place10523|place11345|place11648|place11649|place6255|place6695|place9309
-0.420925	core.enc_block.sword_ctr_reg[0]$_DFFE_PN0P_/Q	core.keymem.key_mem[5][78]$_DFFE_PN0P_/D	_24108_|_24110_|_24111_|_24320_|_24645_|_24652_|_24668_|_24669_|_25677_|_25678_|_26526_|_26530_|_26534_|_31144_|_39369_|core.enc_block.sword_ctr_reg[0]$_DFFE_PN0P_|core.keymem.key_mem[5][78]$_DFFE_PN0P_|place10521|place10522|place10523|place11345|place11648|place11649|place6255|place6695|place9309
-0.420924	core.enc_block.sword_ctr_reg[0]$_DFFE_PN0P_/Q	core.keymem.key_mem[5][78]$_DFFE_PN0P_/D	_24108_|_24110_|_24111_|_24320_|_24645_|_24652_|_24668_|_24669_|_25677_|_25678_|_26526_|_26530_|_26534_|_31144_|_39369_|core.enc_block.sword_ctr_reg[0]$_DFFE_PN0P_|core.keymem.key_mem[5][78]$_DFFE_PN0P_|place10521|place10522|place10523|place11345|place11648|place11649|place6255|place6695|place9309
-0.420924	core.enc_block.sword_ctr_reg[0]$_DFFE_PN0P_/Q	core.keymem.key_mem[5][78]$_DFFE_PN0P_/D	_24108_|_24110_|_24111_|_24320_|_24645_|_24652_|_24668_|_24669_|_25677_|_25678_|_26526_|_26530_|_26534_|_31144_|_39369_|core.enc_block.sword_ctr_reg[0]$_DFFE_PN0P_|core.keymem.key_mem[5][78]$_DFFE_PN0P_|place10521|place10522|place10523|place11345|place11648|place11649|place6255|place6695|place9309
-0.420915	core.enc_block.sword_ctr_reg[1]$_DFFE_PN0P_/Q	core.keymem.key_mem[6][78]$_DFFE_PN0P_/D	_24108_|_24110_|_24111_|_24320_|_24645_|_24652_|_24668_|_24669_|_25677_|_25678_|_26530_|_26534_|_31309_|_39369_|core.enc_block.sword_ctr_reg[1]$_DFFE_PN0P_|core.keymem.key_mem[6][78]$_DFFE_PN0P_|place10521|place10522|place10523|place11345|place11648|place11649|place6255|place6583|place6695|place9309
-0.420914	core.enc_block.sword_ctr_reg[1]$_DFFE_PN0P_/Q	core.keymem.key_mem[6][78]$_DFFE_PN0P_/D	_24108_|_24110_|_24111_|_24320_|_24645_|_24652_|_24668_|_24669_|_25677_|_25678_|_26530_|_26534_|_31309_|_39369_|core.enc_block.sword_ctr_reg[1]$_DFFE_PN0P_|core.keymem.key_mem[6][78]$_DFFE_PN0P_|place10521|place10522|place10523|place11345|place11648|place11649|place6255|place6583|place6695|place9309
-0.420913	core.enc_block.sword_ctr_reg[1]$_DFFE_PN0P_/Q	core.keymem.key_mem[5][78]$_DFFE_PN0P_/D	_24108_|_24110_|_24111_|_24320_|_24645_|_24652_|_24668_|_24669_|_25677_|_25678_|_26530_|_26534_|_31144_|_39369_|core.enc_block.sword_ctr_reg[1]$_DFFE_PN0P_|core.keymem.key_mem[5][78]$_DFFE_PN0P_|place10521|place10522|place10523|place11345|place11648|place11649|place6255|place6583|place6695|place9309
-0.420912	core.enc_block.sword_ctr_reg[1]$_DFFE_PN0P_/Q	core.keymem.key_mem[5][78]$_DFFE_PN0P_/D	_24108_|_24110_|_24111_|_24320_|_24645_|_24652_|_24668_|_24669_|_25677_|_25678_|_26530_|_26534_|_31144_|_39369_|core.enc_block.sword_ctr_reg[1]$_DFFE_PN0P_|core.keymem.key_mem[5][78]$_DFFE_PN0P_|place10521|place10522|place10523|place11345|place11648|place11649|place6255|place6583|place6695|place9309
-0.420896	core.enc_block.sword_ctr_reg[0]$_DFFE_PN0P_/Q	core.keymem.key_mem[5][78]$_DFFE_PN0P_/D	_24108_|_24110_|_24111_|_24320_|_24645_|_24652_|_24668_|_24669_|_25677_|_25678_|_26530_|_26534_|_31144_|_39369_|core.enc_block.sword_ctr_reg[0]$_DFFE_PN0P_|core.keymem.key_mem[5][78]$_DFFE_PN0P_|place10521|place10522|place10523|place11345|place11648|place11649|place6255|place6583|place6695|place9309
-0.420895	core.enc_block.sword_ctr_reg[0]$_DFFE_PN0P_/Q	core.keymem.key_mem[5][78]$_DFFE_PN0P_/D	_24108_|_24110_|_24111_|_24320_|_24645_|_24652_|_24668_|_24669_|_25677_|_25678_|_26530_|_26534_|_31144_|_39369_|core.enc_block.sword_ctr_reg[0]$_DFFE_PN0P_|core.keymem.key_mem[5][78]$_DFFE_PN0P_|place10521|place10522|place10523|place11345|place11648|place11649|place6255|place6583|place6695|place9309
-0.420880	core.enc_block.sword_ctr_reg[0]$_DFFE_PN0P_/Q	core.keymem.key_mem[6][78]$_DFFE_PN0P_/D	_24109_|_24110_|_24125_|_24314_|_24632_|_24634_|_24641_|_24668_|_24669_|_25677_|_25678_|_26526_|_26530_|_26534_|_31309_|_39368_|core.enc_block.sword_ctr_reg[0]$_DFFE_PN0P_|core.keymem.key_mem[6][78]$_DFFE_PN0P_|place11345|place11656|place11659|place6255|place6695|place9312
-0.420879	core.enc_block.sword_ctr_reg[0]$_DFFE_PN0P_/Q	core.keymem.key_mem[6][78]$_DFFE_PN0P_/D	_24109_|_24110_|_24125_|_24314_|_24632_|_24634_|_24641_|_24668_|_24669_|_25677_|_25678_|_26526_|_26530_|_26534_|_31309_|_39368_|core.enc_block.sword_ctr_reg[0]$_DFFE_PN0P_|core.keymem.key_mem[6][78]$_DFFE_PN0P_|place11345|place11656|place11659|place6255|place6695|place9312
-0.420878	core.enc_block.sword_ctr_reg[0]$_DFFE_PN0P_/Q	core.keymem.key_mem[5][78]$_DFFE_PN0P_/D	_24108_|_24110_|_24111_|_24320_|_24645_|_24652_|_24668_|_24669_|_25677_|_25678_|_26526_|_26530_|_26534_|_31144_|_39369_|core.enc_block.sword_ctr_reg[0]$_DFFE_PN0P_|core.keymem.key_mem[5][78]$_DFFE_PN0P_|place10521|place10522|place10523|place11345|place11648|place11649|place6255|place6695|place9309
-0.420878	core.enc_block.sword_ctr_reg[0]$_DFFE_PN0P_/Q	core.keymem.key_mem[5][78]$_DFFE_PN0P_/D	_24108_|_24110_|_24111_|_24320_|_24645_|_24652_|_24668_|_24669_|_25677_|_25678_|_26526_|_26530_|_26534_|_31144_|_39369_|core.enc_block.sword_ctr_reg[0]$_DFFE_PN0P_|core.keymem.key_mem[5][78]$_DFFE_PN0P_|place10521|place10522|place10523|place11345|place11648|place11649|place6255|place6695|place9309
-0.420877	core.enc_block.sword_ctr_reg[0]$_DFFE_PN0P_/Q	core.keymem.key_mem[5][78]$_DFFE_PN0P_/D	_24108_|_24110_|_24111_|_24320_|_24645_|_24652_|_24668_|_24669_|_25677_|_25678_|_26526_|_26530_|_26534_|_31144_|_39369_|core.enc_block.sword_ctr_reg[0]$_DFFE_PN0P_|core.keymem.key_mem[5][78]$_DFFE_PN0P_|place10521|place10522|place10523|place11345|place11648|place11649|place6255|place6695|place9309
-0.420877	core.enc_block.sword_ctr_reg[0]$_DFFE_PN0P_/Q	core.keymem.key_mem[5][78]$_DFFE_PN0P_/D	_24108_|_24110_|_24111_|_24320_|_24645_|_24652_|_24668_|_24669_|_25677_|_25678_|_26526_|_26530_|_26534_|_31144_|_39369_|core.enc_block.sword_ctr_reg[0]$_DFFE_PN0P_|core.keymem.key_mem[5][78]$_DFFE_PN0P_|place10521|place10522|place10523|place11345|place11648|place11649|place6255|place6695|place9309
-0.420874	core.enc_block.sword_ctr_reg[1]$_DFFE_PN0P_/Q	core.keymem.key_mem[8][78]$_DFFE_PN0P_/D	_25289_|_25290_|_25291_|_25518_|_25658_|_25660_|_25665_|_25675_|_25676_|_25677_|_25678_|_26526_|_26530_|_26534_|_28357_|_39369_|core.enc_block.sword_ctr_reg[1]$_DFFE_PN0P_|core.keymem.key_mem[8][78]$_DFFE_PN0P_|place10247|place11649|place6255|place6695
-0.420873	core.enc_block.sword_ctr_reg[1]$_DFFE_PN0P_/Q	core.keymem.key_mem[8][78]$_DFFE_PN0P_/D	_25289_|_25290_|_25291_|_25518_|_25658_|_25660_|_25665_|_25675_|_25676_|_25677_|_25678_|_26526_|_26530_|_26534_|_28357_|_39369_|core.enc_block.sword_ctr_reg[1]$_DFFE_PN0P_|core.keymem.key_mem[8][78]$_DFFE_PN0P_|place10247|place11649|place6255|place6695
-0.420872	core.enc_block.sword_ctr_reg[1]$_DFFE_PN0P_/Q	core.keymem.key_mem[8][78]$_DFFE_PN0P_/D	_25289_|_25290_|_25291_|_25518_|_25658_|_25660_|_25665_|_25675_|_25676_|_25677_|_25678_|_26526_|_26530_|_26534_|_28357_|_39369_|core.enc_block.sword_ctr_reg[1]$_DFFE_PN0P_|core.keymem.key_mem[8][78]$_DFFE_PN0P_|place10247|place11649|place6255|place6695
-0.420872	core.enc_block.sword_ctr_reg[1]$_DFFE_PN0P_/Q	core.keymem.key_mem[8][78]$_DFFE_PN0P_/D	_25289_|_25290_|_25291_|_25518_|_25658_|_25660_|_25665_|_25675_|_25676_|_25677_|_25678_|_26526_|_26530_|_26534_|_28357_|_39369_|core.enc_block.sword_ctr_reg[1]$_DFFE_PN0P_|core.keymem.key_mem[8][78]$_DFFE_PN0P_|place10247|place11649|place6255|place6695
-0.420852	core.enc_block.sword_ctr_reg[1]$_DFFE_PN0P_/Q	core.keymem.key_mem[5][78]$_DFFE_PN0P_/D	_24108_|_24110_|_24111_|_24320_|_24645_|_24652_|_24668_|_24669_|_25677_|_25678_|_26530_|_26534_|_31144_|_39369_|core.enc_block.sword_ctr_reg[1]$_DFFE_PN0P_|core.keymem.key_mem[5][78]$_DFFE_PN0P_|place10521|place10522|place10523|place11345|place11648|place11649|place6255|place6583|place6695|place9309
-0.420852	core.enc_block.sword_ctr_reg[1]$_DFFE_PN0P_/Q	core.keymem.key_mem[5][78]$_DFFE_PN0P_/D	_24108_|_24110_|_24111_|_24320_|_24645_|_24652_|_24668_|_24669_|_25677_|_25678_|_26530_|_26534_|_31144_|_39369_|core.enc_block.sword_ctr_reg[1]$_DFFE_PN0P_|core.keymem.key_mem[5][78]$_DFFE_PN0P_|place10521|place10522|place10523|place11345|place11648|place11649|place6255|place6583|place6695|place9309
-0.420851	core.enc_block.sword_ctr_reg[1]$_DFFE_PN0P_/Q	core.keymem.key_mem[5][78]$_DFFE_PN0P_/D	_24108_|_24110_|_24111_|_24320_|_24645_|_24652_|_24668_|_24669_|_25677_|_25678_|_26530_|_26534_|_31144_|_39369_|core.enc_block.sword_ctr_reg[1]$_DFFE_PN0P_|core.keymem.key_mem[5][78]$_DFFE_PN0P_|place10521|place10522|place10523|place11345|place11648|place11649|place6255|place6583|place6695|place9309
-0.420851	core.enc_block.sword_ctr_reg[1]$_DFFE_PN0P_/Q	core.keymem.key_mem[5][78]$_DFFE_PN0P_/D	_24108_|_24110_|_24111_|_24320_|_24645_|_24652_|_24668_|_24669_|_25677_|_25678_|_26530_|_26534_|_31144_|_39369_|core.enc_block.sword_ctr_reg[1]$_DFFE_PN0P_|core.keymem.key_mem[5][78]$_DFFE_PN0P_|place10521|place10522|place10523|place11345|place11648|place11649|place6255|place6583|place6695|place9309
-0.420849	core.enc_block.sword_ctr_reg[0]$_DFFE_PN0P_/Q	core.keymem.key_mem[5][78]$_DFFE_PN0P_/D	_24108_|_24110_|_24111_|_24320_|_24645_|_24652_|_24668_|_24669_|_25677_|_25678_|_26530_|_26534_|_31144_|_39369_|core.enc_block.sword_ctr_reg[0]$_DFFE_PN0P_|core.keymem.key_mem[5][78]$_DFFE_PN0P_|place10521|place10522|place10523|place11345|place11648|place11649|place6255|place6583|place6695|place9309
-0.420848	core.enc_block.sword_ctr_reg[0]$_DFFE_PN0P_/Q	core.keymem.key_mem[5][78]$_DFFE_PN0P_/D	_24108_|_24110_|_24111_|_24320_|_24645_|_24652_|_24668_|_24669_|_25677_|_25678_|_26530_|_26534_|_31144_|_39369_|core.enc_block.sword_ctr_reg[0]$_DFFE_PN0P_|core.keymem.key_mem[5][78]$_DFFE_PN0P_|place10521|place10522|place10523|place11345|place11648|place11649|place6255|place6583|place6695|place9309
-0.420827	core.enc_block.sword_ctr_reg[0]$_DFFE_PN0P_/Q	core.keymem.key_mem[8][78]$_DFFE_PN0P_/D	_24108_|_24110_|_24111_|_24320_|_24645_|_24652_|_24668_|_24669_|_25677_|_25678_|_26530_|_26534_|_28357_|_39369_|core.enc_block.sword_ctr_reg[0]$_DFFE_PN0P_|core.keymem.key_mem[8][78]$_DFFE_PN0P_|place10521|place10522|place10523|place11345|place11648|place11649|place6255|place6583|place6695|place9309
-0.420826	core.enc_block.sword_ctr_reg[0]$_DFFE_PN0P_/Q	core.keymem.key_mem[8][78]$_DFFE_PN0P_/D	_24108_|_24110_|_24111_|_24320_|_24645_|_24652_|_24668_|_24669_|_25677_|_25678_|_26530_|_26534_|_28357_|_39369_|core.enc_block.sword_ctr_reg[0]$_DFFE_PN0P_|core.keymem.key_mem[8][78]$_DFFE_PN0P_|place10521|place10522|place10523|place11345|place11648|place11649|place6255|place6583|place6695|place9309
-0.420817	core.enc_block.sword_ctr_reg[0]$_DFFE_PN0P_/Q	core.keymem.key_mem[5][78]$_DFFE_PN0P_/D	_24109_|_24110_|_24125_|_24314_|_24632_|_24634_|_24641_|_24668_|_24669_|_25677_|_25678_|_26526_|_26530_|_26534_|_31144_|_39368_|core.enc_block.sword_ctr_reg[0]$_DFFE_PN0P_|core.keymem.key_mem[5][78]$_DFFE_PN0P_|place11345|place11656|place11659|place6255|place6695|place9312
-0.420817	core.enc_block.sword_ctr_reg[0]$_DFFE_PN0P_/Q	core.keymem.key_mem[5][78]$_DFFE_PN0P_/D	_24109_|_24110_|_24125_|_24314_|_24632_|_24634_|_24641_|_24668_|_24669_|_25677_|_25678_|_26526_|_26530_|_26534_|_31144_|_39368_|core.enc_block.sword_ctr_reg[0]$_DFFE_PN0P_|core.keymem.key_mem[5][78]$_DFFE_PN0P_|place11345|place11656|place11659|place6255|place6695|place9312
-0.420817	core.enc_block.sword_ctr_reg[0]$_DFFE_PN0P_/Q	core.keymem.key_mem[5][78]$_DFFE_PN0P_/D	_24109_|_24110_|_24125_|_24314_|_24632_|_24634_|_24641_|_24668_|_24669_|_25677_|_25678_|_26526_|_26530_|_26534_|_31144_|_39368_|core.enc_block.sword_ctr_reg[0]$_DFFE_PN0P_|core.keymem.key_mem[5][78]$_DFFE_PN0P_|place11345|place11656|place11659|place6255|place6695|place9312
-0.420817	core.enc_block.sword_ctr_reg[0]$_DFFE_PN0P_/Q	core.keymem.key_mem[5][78]$_DFFE_PN0P_/D	_24109_|_24110_|_24125_|_24314_|_24632_|_24634_|_24641_|_24668_|_24669_|_25677_|_25678_|_26526_|_26530_|_26534_|_31144_|_39368_|core.enc_block.sword_ctr_reg[0]$_DFFE_PN0P_|core.keymem.key_mem[5][78]$_DFFE_PN0P_|place11345|place11656|place11659|place6255|place6695|place9312
-0.420796	core.enc_block.sword_ctr_reg[1]$_DFFE_PN0P_/Q	core.keymem.key_mem[5][78]$_DFFE_PN0P_/D	_25168_|_25170_|_25171_|_25265_|_25659_|_25660_|_25665_|_25675_|_25676_|_25677_|_25678_|_26526_|_26530_|_26534_|_31144_|_39369_|core.enc_block.sword_ctr_reg[1]$_DFFE_PN0P_|core.keymem.key_mem[5][78]$_DFFE_PN0P_|place10353|place10354|place11646|place11649|place6255|place6695
-0.420795	core.enc_block.sword_ctr_reg[1]$_DFFE_PN0P_/Q	core.keymem.key_mem[5][78]$_DFFE_PN0P_/D	_25168_|_25170_|_25171_|_25265_|_25659_|_25660_|_25665_|_25675_|_25676_|_25677_|_25678_|_26526_|_26530_|_26534_|_31144_|_39369_|core.enc_block.sword_ctr_reg[1]$_DFFE_PN0P_|core.keymem.key_mem[5][78]$_DFFE_PN0P_|place10353|place10354|place11646|place11649|place6255|place6695
-0.420781	core.enc_block.sword_ctr_reg[0]$_DFFE_PN0P_/Q	core.keymem.key_mem[8][78]$_DFFE_PN0P_/D	_24108_|_24110_|_24111_|_24320_|_24645_|_24652_|_24668_|_24669_|_25677_|_25678_|_26530_|_26534_|_28357_|_39369_|core.enc_block.sword_ctr_reg[0]$_DFFE_PN0P_|core.keymem.key_mem[8][78]$_DFFE_PN0P_|place10521|place10522|place10523|place11345|place11648|place11649|place6255|place6583|place6695|place9309
-0.420780	core.enc_block.sword_ctr_reg[0]$_DFFE_PN0P_/Q	core.keymem.key_mem[6][78]$_DFFE_PN0P_/D	_24109_|_24110_|_24125_|_24314_|_24632_|_24634_|_24641_|_24668_|_24669_|_25677_|_25678_|_26526_|_26530_|_26534_|_31309_|_39368_|core.enc_block.sword_ctr_reg[0]$_DFFE_PN0P_|core.keymem.key_mem[6][78]$_DFFE_PN0P_|place11345|place11656|place11659|place6255|place6695|place9312
-0.420780	core.enc_block.sword_ctr_reg[0]$_DFFE_PN0P_/Q	core.keymem.key_mem[6][78]$_DFFE_PN0P_/D	_24109_|_24110_|_24125_|_24314_|_24632_|_24634_|_24641_|_24668_|_24669_|_25677_|_25678_|_26526_|_26530_|_26534_|_31309_|_39368_|core.enc_block.sword_ctr_reg[0]$_DFFE_PN0P_|core.keymem.key_mem[6][78]$_DFFE_PN0P_|place11345|place11656|place11659|place6255|place6695|place9312
-0.420780	core.enc_block.sword_ctr_reg[0]$_DFFE_PN0P_/Q	core.keymem.key_mem[8][78]$_DFFE_PN0P_/D	_24108_|_24110_|_24111_|_24320_|_24645_|_24652_|_24668_|_24669_|_25677_|_25678_|_26530_|_26534_|_28357_|_39369_|core.enc_block.sword_ctr_reg[0]$_DFFE_PN0P_|core.keymem.key_mem[8][78]$_DFFE_PN0P_|place10521|place10522|place10523|place11345|place11648|place11649|place6255|place6583|place6695|place9309
-0.420779	core.enc_block.sword_ctr_reg[0]$_DFFE_PN0P_/Q	core.keymem.key_mem[6][78]$_DFFE_PN0P_/D	_24109_|_24110_|_24125_|_24314_|_24632_|_24634_|_24641_|_24668_|_24669_|_25677_|_25678_|_26526_|_26530_|_26534_|_31309_|_39368_|core.enc_block.sword_ctr_reg[0]$_DFFE_PN0P_|core.keymem.key_mem[6][78]$_DFFE_PN0P_|place11345|place11656|place11659|place6255|place6695|place9312
-0.420779	core.enc_block.sword_ctr_reg[0]$_DFFE_PN0P_/Q	core.keymem.key_mem[6][78]$_DFFE_PN0P_/D	_24109_|_24110_|_24125_|_24314_|_24632_|_24634_|_24641_|_24668_|_24669_|_25677_|_25678_|_26526_|_26530_|_26534_|_31309_|_39368_|core.enc_block.sword_ctr_reg[0]$_DFFE_PN0P_|core.keymem.key_mem[6][78]$_DFFE_PN0P_|place11345|place11656|place11659|place6255|place6695|place9312
-0.420763	core.enc_block.sword_ctr_reg[0]$_DFFE_PN0P_/Q	core.keymem.key_mem[5][78]$_DFFE_PN0P_/D	_24108_|_24110_|_24111_|_24320_|_24645_|_24652_|_24668_|_24669_|_25677_|_25678_|_26526_|_26530_|_26534_|_31144_|_39369_|core.enc_block.sword_ctr_reg[0]$_DFFE_PN0P_|core.keymem.key_mem[5][78]$_DFFE_PN0P_|place10521|place10522|place10523|place11345|place11648|place11649|place6255|place6695|place9309
-0.420763	core.enc_block.sword_ctr_reg[0]$_DFFE_PN0P_/Q	core.keymem.key_mem[5][78]$_DFFE_PN0P_/D	_24108_|_24110_|_24111_|_24320_|_24645_|_24652_|_24668_|_24669_|_25677_|_25678_|_26526_|_26530_|_26534_|_31144_|_39369_|core.enc_block.sword_ctr_reg[0]$_DFFE_PN0P_|core.keymem.key_mem[5][78]$_DFFE_PN0P_|place10521|place10522|place10523|place11345|place11648|place11649|place6255|place6695|place9309
-0.420763	core.enc_block.sword_ctr_reg[1]$_DFFE_PN0P_/Q	core.keymem.key_mem[5][78]$_DFFE_PN0P_/D	_25289_|_25290_|_25291_|_25518_|_25658_|_25660_|_25665_|_25675_|_25676_|_25677_|_25678_|_26526_|_26530_|_26534_|_31144_|_39369_|core.enc_block.sword_ctr_reg[1]$_DFFE_PN0P_|core.keymem.key_mem[5][78]$_DFFE_PN0P_|place10247|place11649|place6255|place6695
-0.420762	core.enc_block.sword_ctr_reg[0]$_DFFE_PN0P_/Q	core.keymem.key_mem[5][78]$_DFFE_PN0P_/D	_24108_|_24110_|_24111_|_24320_|_24645_|_24652_|_24668_|_24669_|_25677_|_25678_|_26526_|_26530_|_26534_|_31144_|_39369_|core.enc_block.sword_ctr_reg[0]$_DFFE_PN0P_|core.keymem.key_mem[5][78]$_DFFE_PN0P_|place10521|place10522|place10523|place11345|place11648|place11649|place6255|place6695|place9309
-0.420762	core.enc_block.sword_ctr_reg[0]$_DFFE_PN0P_/Q	core.keymem.key_mem[5][78]$_DFFE_PN0P_/D	_24108_|_24110_|_24111_|_24320_|_24645_|_24652_|_24668_|_24669_|_25677_|_25678_|_26526_|_26530_|_26534_|_31144_|_39369_|core.enc_block.sword_ctr_reg[0]$_DFFE_PN0P_|core.keymem.key_mem[5][78]$_DFFE_PN0P_|place10521|place10522|place10523|place11345|place11648|place11649|place6255|place6695|place9309
-0.420762	core.enc_block.sword_ctr_reg[1]$_DFFE_PN0P_/Q	core.keymem.key_mem[5][78]$_DFFE_PN0P_/D	_25289_|_25290_|_25291_|_25518_|_25658_|_25660_|_25665_|_25675_|_25676_|_25677_|_25678_|_26526_|_26530_|_26534_|_31144_|_39369_|core.enc_block.sword_ctr_reg[1]$_DFFE_PN0P_|core.keymem.key_mem[5][78]$_DFFE_PN0P_|place10247|place11649|place6255|place6695
-0.420762	core.enc_block.sword_ctr_reg[1]$_DFFE_PN0P_/Q	core.keymem.key_mem[5][78]$_DFFE_PN0P_/D	_25289_|_25290_|_25291_|_25518_|_25658_|_25660_|_25665_|_25675_|_25676_|_25677_|_25678_|_26526_|_26530_|_26534_|_31144_|_39369_|core.enc_block.sword_ctr_reg[1]$_DFFE_PN0P_|core.keymem.key_mem[5][78]$_DFFE_PN0P_|place10247|place11649|place6255|place6695
-0.420761	core.enc_block.sword_ctr_reg[1]$_DFFE_PN0P_/Q	core.keymem.key_mem[5][78]$_DFFE_PN0P_/D	_25289_|_25290_|_25291_|_25518_|_25658_|_25660_|_25665_|_25675_|_25676_|_25677_|_25678_|_26526_|_26530_|_26534_|_31144_|_39369_|core.enc_block.sword_ctr_reg[1]$_DFFE_PN0P_|core.keymem.key_mem[5][78]$_DFFE_PN0P_|place10247|place11649|place6255|place6695
-0.420743	core.enc_block.sword_ctr_reg[1]$_DFFE_PN0P_/Q	core.keymem.key_mem[5][78]$_DFFE_PN0P_/D	_24108_|_24110_|_24111_|_24320_|_24645_|_24652_|_24668_|_24669_|_25677_|_25678_|_26530_|_26534_|_31144_|_39369_|core.enc_block.sword_ctr_reg[1]$_DFFE_PN0P_|core.keymem.key_mem[5][78]$_DFFE_PN0P_|place10521|place10522|place10523|place11345|place11648|place11649|place6255|place6583|place6695|place9309
-0.420742	core.enc_block.sword_ctr_reg[1]$_DFFE_PN0P_/Q	core.keymem.key_mem[5][78]$_DFFE_PN0P_/D	_24108_|_24110_|_24111_|_24320_|_24645_|_24652_|_24668_|_24669_|_25677_|_25678_|_26530_|_26534_|_31144_|_39369_|core.enc_block.sword_ctr_reg[1]$_DFFE_PN0P_|core.keymem.key_mem[5][78]$_DFFE_PN0P_|place10521|place10522|place10523|place11345|place11648|place11649|place6255|place6583|place6695|place9309
-0.420717	core.enc_block.sword_ctr_reg[1]$_DFFE_PN0P_/Q	core.keymem.key_mem[6][78]$_DFFE_PN0P_/D	_25289_|_25290_|_25291_|_25518_|_25658_|_25660_|_25665_|_25675_|_25676_|_25677_|_25678_|_26526_|_26530_|_26534_|_31309_|_39369_|core.enc_block.sword_ctr_reg[1]$_DFFE_PN0P_|core.keymem.key_mem[6][78]$_DFFE_PN0P_|place10247|place11649|place6255|place6695
-0.420717	core.enc_block.sword_ctr_reg[0]$_DFFE_PN0P_/Q	core.keymem.key_mem[5][78]$_DFFE_PN0P_/D	_24108_|_24110_|_24111_|_24320_|_24645_|_24652_|_24668_|_24669_|_25677_|_25678_|_26526_|_26530_|_26534_|_31144_|_39369_|core.enc_block.sword_ctr_reg[0]$_DFFE_PN0P_|core.keymem.key_mem[5][78]$_DFFE_PN0P_|place10521|place10522|place10523|place11345|place11648|place11649|place6255|place6695|place9309
-0.420717	core.enc_block.sword_ctr_reg[0]$_DFFE_PN0P_/Q	core.keymem.key_mem[5][78]$_DFFE_PN0P_/D	_24108_|_24110_|_24111_|_24320_|_24645_|_24652_|_24668_|_24669_|_25677_|_25678_|_26526_|_26530_|_26534_|_31144_|_39369_|core.enc_block.sword_ctr_reg[0]$_DFFE_PN0P_|core.keymem.key_mem[5][78]$_DFFE_PN0P_|place10521|place10522|place10523|place11345|place11648|place11649|place6255|place6695|place9309
-0.420716	core.enc_block.sword_ctr_reg[1]$_DFFE_PN0P_/Q	core.keymem.key_mem[6][78]$_DFFE_PN0P_/D	_25289_|_25290_|_25291_|_25518_|_25658_|_25660_|_25665_|_25675_|_25676_|_25677_|_25678_|_26526_|_26530_|_26534_|_31309_|_39369_|core.enc_block.sword_ctr_reg[1]$_DFFE_PN0P_|core.keymem.key_mem[6][78]$_DFFE_PN0P_|place10247|place11649|place6255|place6695
-0.420716	core.enc_block.sword_ctr_reg[0]$_DFFE_PN0P_/Q	core.keymem.key_mem[5][78]$_DFFE_PN0P_/D	_24108_|_24110_|_24111_|_24320_|_24645_|_24652_|_24668_|_24669_|_25677_|_25678_|_26526_|_26530_|_26534_|_31144_|_39369_|core.enc_block.sword_ctr_reg[0]$_DFFE_PN0P_|core.keymem.key_mem[5][78]$_DFFE_PN0P_|place10521|place10522|place10523|place11345|place11648|place11649|place6255|place6695|place9309
-0.420716	core.enc_block.sword_ctr_reg[0]$_DFFE_PN0P_/Q	core.keymem.key_mem[5][78]$_DFFE_PN0P_/D	_24108_|_24110_|_24111_|_24320_|_24645_|_24652_|_24668_|_24669_|_25677_|_25678_|_26526_|_26530_|_26534_|_31144_|_39369_|core.enc_block.sword_ctr_reg[0]$_DFFE_PN0P_|core.keymem.key_mem[5][78]$_DFFE_PN0P_|place10521|place10522|place10523|place11345|place11648|place11649|place6255|place6695|place9309
-0.420716	core.enc_block.sword_ctr_reg[1]$_DFFE_PN0P_/Q	core.keymem.key_mem[6][78]$_DFFE_PN0P_/D	_25289_|_25290_|_25291_|_25518_|_25658_|_25660_|_25665_|_25675_|_25676_|_25677_|_25678_|_26526_|_26530_|_26534_|_31309_|_39369_|core.enc_block.sword_ctr_reg[1]$_DFFE_PN0P_|core.keymem.key_mem[6][78]$_DFFE_PN0P_|place10247|place11649|place6255|place6695
-0.420715	core.enc_block.sword_ctr_reg[1]$_DFFE_PN0P_/Q	core.keymem.key_mem[6][78]$_DFFE_PN0P_/D	_25289_|_25290_|_25291_|_25518_|_25658_|_25660_|_25665_|_25675_|_25676_|_25677_|_25678_|_26526_|_26530_|_26534_|_31309_|_39369_|core.enc_block.sword_ctr_reg[1]$_DFFE_PN0P_|core.keymem.key_mem[6][78]$_DFFE_PN0P_|place10247|place11649|place6255|place6695
-0.420708	core.enc_block.sword_ctr_reg[0]$_DFFE_PN0P_/Q	core.keymem.key_mem[5][78]$_DFFE_PN0P_/D	_24109_|_24110_|_24125_|_24314_|_24632_|_24634_|_24641_|_24668_|_24669_|_25677_|_25678_|_26526_|_26530_|_26534_|_31144_|_39368_|core.enc_block.sword_ctr_reg[0]$_DFFE_PN0P_|core.keymem.key_mem[5][78]$_DFFE_PN0P_|place11345|place11656|place11659|place6255|place6695|place9312
-0.420707	core.enc_block.sword_ctr_reg[0]$_DFFE_PN0P_/Q	core.keymem.key_mem[5][78]$_DFFE_PN0P_/D	_24109_|_24110_|_24125_|_24314_|_24632_|_24634_|_24641_|_24668_|_24669_|_25677_|_25678_|_26526_|_26530_|_26534_|_31144_|_39368_|core.enc_block.sword_ctr_reg[0]$_DFFE_PN0P_|core.keymem.key_mem[5][78]$_DFFE_PN0P_|place11345|place11656|place11659|place6255|place6695|place9312
-0.420706	core.enc_block.sword_ctr_reg[1]$_DFFE_PN0P_/Q	core.keymem.key_mem[6][78]$_DFFE_PN0P_/D	_24108_|_24110_|_24111_|_24320_|_24645_|_24652_|_24668_|_24669_|_25677_|_25678_|_26530_|_26534_|_31309_|_39369_|core.enc_block.sword_ctr_reg[1]$_DFFE_PN0P_|core.keymem.key_mem[6][78]$_DFFE_PN0P_|place10521|place10522|place10523|place11345|place11648|place11649|place6255|place6583|place6695|place9309
-0.420705	core.enc_block.sword_ctr_reg[1]$_DFFE_PN0P_/Q	core.keymem.key_mem[6][78]$_DFFE_PN0P_/D	_24108_|_24110_|_24111_|_24320_|_24645_|_24652_|_24668_|_24669_|_25677_|_25678_|_26530_|_26534_|_31309_|_39369_|core.enc_block.sword_ctr_reg[1]$_DFFE_PN0P_|core.keymem.key_mem[6][78]$_DFFE_PN0P_|place10521|place10522|place10523|place11345|place11648|place11649|place6255|place6583|place6695|place9309
-0.420704	core.enc_block.sword_ctr_reg[1]$_DFFE_PN0P_/Q	core.keymem.key_mem[5][78]$_DFFE_PN0P_/D	_24108_|_24110_|_24111_|_24320_|_24645_|_24652_|_24668_|_24669_|_25677_|_25678_|_26530_|_26534_|_31144_|_39369_|core.enc_block.sword_ctr_reg[1]$_DFFE_PN0P_|core.keymem.key_mem[5][78]$_DFFE_PN0P_|place10521|place10522|place10523|place11345|place11648|place11649|place6255|place6583|place6695|place9309
-0.420703	core.enc_block.sword_ctr_reg[1]$_DFFE_PN0P_/Q	core.keymem.key_mem[5][78]$_DFFE_PN0P_/D	_24108_|_24110_|_24111_|_24320_|_24645_|_24652_|_24668_|_24669_|_25677_|_25678_|_26530_|_26534_|_31144_|_39369_|core.enc_block.sword_ctr_reg[1]$_DFFE_PN0P_|core.keymem.key_mem[5][78]$_DFFE_PN0P_|place10521|place10522|place10523|place11345|place11648|place11649|place6255|place6583|place6695|place9309
-0.420696	core.enc_block.sword_ctr_reg[0]$_DFFE_PN0P_/Q	core.keymem.key_mem[8][78]$_DFFE_PN0P_/D	_24109_|_24110_|_24125_|_24314_|_24632_|_24634_|_24641_|_24668_|_24669_|_25677_|_25678_|_26526_|_26530_|_26534_|_28357_|_39368_|core.enc_block.sword_ctr_reg[0]$_DFFE_PN0P_|core.keymem.key_mem[8][78]$_DFFE_PN0P_|place11345|place11656|place11659|place6255|place6695|place9312
-0.420695	core.enc_block.sword_ctr_reg[0]$_DFFE_PN0P_/Q	core.keymem.key_mem[8][78]$_DFFE_PN0P_/D	_24109_|_24110_|_24125_|_24314_|_24632_|_24634_|_24641_|_24668_|_24669_|_25677_|_25678_|_26526_|_26530_|_26534_|_28357_|_39368_|core.enc_block.sword_ctr_reg[0]$_DFFE_PN0P_|core.keymem.key_mem[8][78]$_DFFE_PN0P_|place11345|place11656|place11659|place6255|place6695|place9312
-0.420686	core.enc_block.sword_ctr_reg[1]$_DFFE_PN0P_/Q	core.keymem.key_mem[5][78]$_DFFE_PN0P_/D	_25289_|_25290_|_25291_|_25518_|_25658_|_25660_|_25665_|_25675_|_25676_|_25677_|_25678_|_26526_|_26530_|_26534_|_31144_|_39369_|core.enc_block.sword_ctr_reg[1]$_DFFE_PN0P_|core.keymem.key_mem[5][78]$_DFFE_PN0P_|place10247|place11649|place6255|place6695
-0.420685	core.enc_block.sword_ctr_reg[1]$_DFFE_PN0P_/Q	core.keymem.key_mem[5][78]$_DFFE_PN0P_/D	_25289_|_25290_|_25291_|_25518_|_25658_|_25660_|_25665_|_25675_|_25676_|_25677_|_25678_|_26526_|_26530_|_26534_|_31144_|_39369_|core.enc_block.sword_ctr_reg[1]$_DFFE_PN0P_|core.keymem.key_mem[5][78]$_DFFE_PN0P_|place10247|place11649|place6255|place6695
-0.420685	core.enc_block.sword_ctr_reg[1]$_DFFE_PN0P_/Q	core.keymem.key_mem[5][78]$_DFFE_PN0P_/D	_25289_|_25290_|_25291_|_25518_|_25658_|_25660_|_25665_|_25675_|_25676_|_25677_|_25678_|_26526_|_26530_|_26534_|_31144_|_39369_|core.enc_block.sword_ctr_reg[1]$_DFFE_PN0P_|core.keymem.key_mem[5][78]$_DFFE_PN0P_|place10247|place11649|place6255|place6695
-0.420684	core.enc_block.sword_ctr_reg[1]$_DFFE_PN0P_/Q	core.keymem.key_mem[5][78]$_DFFE_PN0P_/D	_25289_|_25290_|_25291_|_25518_|_25658_|_25660_|_25665_|_25675_|_25676_|_25677_|_25678_|_26526_|_26530_|_26534_|_31144_|_39369_|core.enc_block.sword_ctr_reg[1]$_DFFE_PN0P_|core.keymem.key_mem[5][78]$_DFFE_PN0P_|place10247|place11649|place6255|place6695
-0.420682	core.enc_block.sword_ctr_reg[1]$_DFFE_PN0P_/Q	core.keymem.key_mem[5][78]$_DFFE_PN0P_/D	_24108_|_24110_|_24111_|_24320_|_24645_|_24652_|_24668_|_24669_|_25677_|_25678_|_26526_|_26530_|_26534_|_31144_|_39369_|core.enc_block.sword_ctr_reg[1]$_DFFE_PN0P_|core.keymem.key_mem[5][78]$_DFFE_PN0P_|place10521|place10522|place10523|place11345|place11648|place11649|place6255|place6695|place9309
-0.420682	core.enc_block.sword_ctr_reg[1]$_DFFE_PN0P_/Q	core.keymem.key_mem[5][78]$_DFFE_PN0P_/D	_24108_|_24110_|_24111_|_24320_|_24645_|_24652_|_24668_|_24669_|_25677_|_25678_|_26526_|_26530_|_26534_|_31144_|_39369_|core.enc_block.sword_ctr_reg[1]$_DFFE_PN0P_|core.keymem.key_mem[5][78]$_DFFE_PN0P_|place10521|place10522|place10523|place11345|place11648|place11649|place6255|place6695|place9309
-0.420681	core.enc_block.sword_ctr_reg[1]$_DFFE_PN0P_/Q	core.keymem.key_mem[5][78]$_DFFE_PN0P_/D	_24108_|_24110_|_24111_|_24320_|_24645_|_24652_|_24668_|_24669_|_25677_|_25678_|_26526_|_26530_|_26534_|_31144_|_39369_|core.enc_block.sword_ctr_reg[1]$_DFFE_PN0P_|core.keymem.key_mem[5][78]$_DFFE_PN0P_|place10521|place10522|place10523|place11345|place11648|place11649|place6255|place6695|place9309
-0.420681	core.enc_block.sword_ctr_reg[1]$_DFFE_PN0P_/Q	core.keymem.key_mem[5][78]$_DFFE_PN0P_/D	_24108_|_24110_|_24111_|_24320_|_24645_|_24652_|_24668_|_24669_|_25677_|_25678_|_26526_|_26530_|_26534_|_31144_|_39369_|core.enc_block.sword_ctr_reg[1]$_DFFE_PN0P_|core.keymem.key_mem[5][78]$_DFFE_PN0P_|place10521|place10522|place10523|place11345|place11648|place11649|place6255|place6695|place9309
-0.420672	core.enc_block.sword_ctr_reg[0]$_DFFE_PN0P_/Q	core.keymem.key_mem[6][78]$_DFFE_PN0P_/D	_24109_|_24110_|_24125_|_24314_|_24632_|_24634_|_24641_|_24668_|_24669_|_25677_|_25678_|_26526_|_26530_|_26534_|_31309_|_39368_|core.enc_block.sword_ctr_reg[0]$_DFFE_PN0P_|core.keymem.key_mem[6][78]$_DFFE_PN0P_|place11345|place11656|place11659|place6255|place6695|place9312
-0.420671	core.enc_block.sword_ctr_reg[0]$_DFFE_PN0P_/Q	core.keymem.key_mem[6][78]$_DFFE_PN0P_/D	_24109_|_24110_|_24125_|_24314_|_24632_|_24634_|_24641_|_24668_|_24669_|_25677_|_25678_|_26526_|_26530_|_26534_|_31309_|_39368_|core.enc_block.sword_ctr_reg[0]$_DFFE_PN0P_|core.keymem.key_mem[6][78]$_DFFE_PN0P_|place11345|place11656|place11659|place6255|place6695|place9312
-0.420671	core.enc_block.sword_ctr_reg[0]$_DFFE_PN0P_/Q	core.keymem.key_mem[6][78]$_DFFE_PN0P_/D	_24109_|_24110_|_24125_|_24314_|_24632_|_24634_|_24641_|_24668_|_24669_|_25677_|_25678_|_26526_|_26530_|_26534_|_31309_|_39368_|core.enc_block.sword_ctr_reg[0]$_DFFE_PN0P_|core.keymem.key_mem[6][78]$_DFFE_PN0P_|place11345|place11656|place11659|place6255|place6695|place9312
-0.420669	core.enc_block.sword_ctr_reg[0]$_DFFE_PN0P_/Q	core.keymem.key_mem[5][78]$_DFFE_PN0P_/D	_24108_|_24110_|_24111_|_24320_|_24645_|_24652_|_24668_|_24669_|_25677_|_25678_|_26526_|_26530_|_26534_|_31144_|_39369_|core.enc_block.sword_ctr_reg[0]$_DFFE_PN0P_|core.keymem.key_mem[5][78]$_DFFE_PN0P_|place10521|place10522|place10523|place11345|place11648|place11649|place6255|place6695|place9309
-0.420669	core.enc_block.sword_ctr_reg[0]$_DFFE_PN0P_/Q	core.keymem.key_mem[5][78]$_DFFE_PN0P_/D	_24108_|_24110_|_24111_|_24320_|_24645_|_24652_|_24668_|_24669_|_25677_|_25678_|_26526_|_26530_|_26534_|_31144_|_39369_|core.enc_block.sword_ctr_reg[0]$_DFFE_PN0P_|core.keymem.key_mem[5][78]$_DFFE_PN0P_|place10521|place10522|place10523|place11345|place11648|place11649|place6255|place6695|place9309
-0.420670	core.enc_block.sword_ctr_reg[0]$_DFFE_PN0P_/Q	core.keymem.key_mem[6][78]$_DFFE_PN0P_/D	_24109_|_24110_|_24125_|_24314_|_24632_|_24634_|_24641_|_24668_|_24669_|_25677_|_25678_|_26526_|_26530_|_26534_|_31309_|_39368_|core.enc_block.sword_ctr_reg[0]$_DFFE_PN0P_|core.keymem.key_mem[6][78]$_DFFE_PN0P_|place11345|place11656|place11659|place6255|place6695|place9312
-0.420668	core.enc_block.sword_ctr_reg[0]$_DFFE_PN0P_/Q	core.keymem.key_mem[5][78]$_DFFE_PN0P_/D	_24108_|_24110_|_24111_|_24320_|_24645_|_24652_|_24668_|_24669_|_25677_|_25678_|_26526_|_26530_|_26534_|_31144_|_39369_|core.enc_block.sword_ctr_reg[0]$_DFFE_PN0P_|core.keymem.key_mem[5][78]$_DFFE_PN0P_|place10521|place10522|place10523|place11345|place11648|place11649|place6255|place6695|place9309
-0.420668	core.enc_block.sword_ctr_reg[0]$_DFFE_PN0P_/Q	core.keymem.key_mem[5][78]$_DFFE_PN0P_/D	_24108_|_24110_|_24111_|_24320_|_24645_|_24652_|_24668_|_24669_|_25677_|_25678_|_26526_|_26530_|_26534_|_31144_|_39369_|core.enc_block.sword_ctr_reg[0]$_DFFE_PN0P_|core.keymem.key_mem[5][78]$_DFFE_PN0P_|place10521|place10522|place10523|place11345|place11648|place11649|place6255|place6695|place9309
-0.420654	core.enc_block.sword_ctr_reg[1]$_DFFE_PN0P_/Q	core.keymem.key_mem[5][78]$_DFFE_PN0P_/D	_24108_|_24110_|_24111_|_24320_|_24645_|_24652_|_24668_|_24669_|_25677_|_25678_|_26530_|_26534_|_31144_|_39369_|core.enc_block.sword_ctr_reg[1]$_DFFE_PN0P_|core.keymem.key_mem[5][78]$_DFFE_PN0P_|place10521|place10522|place10523|place11345|place11648|place11649|place6255|place6583|place6695|place9309
-0.420653	core.enc_block.sword_ctr_reg[1]$_DFFE_PN0P_/Q	core.keymem.key_mem[5][78]$_DFFE_PN0P_/D	_24108_|_24110_|_24111_|_24320_|_24645_|_24652_|_24668_|_24669_|_25677_|_25678_|_26530_|_26534_|_31144_|_39369_|core.enc_block.sword_ctr_reg[1]$_DFFE_PN0P_|core.keymem.key_mem[5][78]$_DFFE_PN0P_|place10521|place10522|place10523|place11345|place11648|place11649|place6255|place6583|place6695|place9309
-0.420640	core.enc_block.sword_ctr_reg[0]$_DFFE_PN0P_/Q	core.keymem.key_mem[5][78]$_DFFE_PN0P_/D	_24108_|_24110_|_24111_|_24320_|_24645_|_24652_|_24668_|_24669_|_25677_|_25678_|_26530_|_26534_|_31144_|_39369_|core.enc_block.sword_ctr_reg[0]$_DFFE_PN0P_|core.keymem.key_mem[5][78]$_DFFE_PN0P_|place10521|place10522|place10523|place11345|place11648|place11649|place6255|place6583|place6695|place9309
-0.420639	core.enc_block.sword_ctr_reg[0]$_DFFE_PN0P_/Q	core.keymem.key_mem[5][78]$_DFFE_PN0P_/D	_24108_|_24110_|_24111_|_24320_|_24645_|_24652_|_24668_|_24669_|_25677_|_25678_|_26530_|_26534_|_31144_|_39369_|core.enc_block.sword_ctr_reg[0]$_DFFE_PN0P_|core.keymem.key_mem[5][78]$_DFFE_PN0P_|place10521|place10522|place10523|place11345|place11648|place11649|place6255|place6583|place6695|place9309
-0.420638	core.enc_block.sword_ctr_reg[1]$_DFFE_PN0P_/Q	core.keymem.key_mem[5][78]$_DFFE_PN0P_/D	_25189_|_25191_|_25444_|_25608_|_25610_|_25619_|_25631_|_25676_|_25677_|_25678_|_26526_|_26530_|_26534_|_31144_|_39367_|clone12339|core.enc_block.sword_ctr_reg[1]$_DFFE_PN0P_|core.keymem.key_mem[5][78]$_DFFE_PN0P_|place10325|place11665|place11668|place6255|place6695|place7155|rebuffer12338
-0.420637	core.enc_block.sword_ctr_reg[1]$_DFFE_PN0P_/Q	core.keymem.key_mem[5][78]$_DFFE_PN0P_/D	_25189_|_25191_|_25444_|_25608_|_25610_|_25619_|_25631_|_25676_|_25677_|_25678_|_26526_|_26530_|_26534_|_31144_|_39367_|clone12339|core.enc_block.sword_ctr_reg[1]$_DFFE_PN0P_|core.keymem.key_mem[5][78]$_DFFE_PN0P_|place10325|place11665|place11668|place6255|place6695|place7155|rebuffer12338
-0.420636	core.enc_block.sword_ctr_reg[1]$_DFFE_PN0P_/Q	core.keymem.key_mem[5][78]$_DFFE_PN0P_/D	_24108_|_24110_|_24111_|_24320_|_24645_|_24652_|_24668_|_24669_|_25677_|_25678_|_26526_|_26530_|_26534_|_31144_|_39369_|core.enc_block.sword_ctr_reg[1]$_DFFE_PN0P_|core.keymem.key_mem[5][78]$_DFFE_PN0P_|place10521|place10522|place10523|place11345|place11648|place11649|place6255|place6695|place9309
-0.420636	core.enc_block.sword_ctr_reg[1]$_DFFE_PN0P_/Q	core.keymem.key_mem[5][78]$_DFFE_PN0P_/D	_24108_|_24110_|_24111_|_24320_|_24645_|_24652_|_24668_|_24669_|_25677_|_25678_|_26526_|_26530_|_26534_|_31144_|_39369_|core.enc_block.sword_ctr_reg[1]$_DFFE_PN0P_|core.keymem.key_mem[5][78]$_DFFE_PN0P_|place10521|place10522|place10523|place11345|place11648|place11649|place6255|place6695|place9309
-0.420635	core.enc_block.sword_ctr_reg[1]$_DFFE_PN0P_/Q	core.keymem.key_mem[5][78]$_DFFE_PN0P_/D	_24108_|_24110_|_24111_|_24320_|_24645_|_24652_|_24668_|_24669_|_25677_|_25678_|_26526_|_26530_|_26534_|_31144_|_39369_|core.enc_block.sword_ctr_reg[1]$_DFFE_PN0P_|core.keymem.key_mem[5][78]$_DFFE_PN0P_|place10521|place10522|place10523|place11345|place11648|place11649|place6255|place6695|place9309
-0.420635	core.enc_block.sword_ctr_reg[1]$_DFFE_PN0P_/Q	core.keymem.key_mem[5][78]$_DFFE_PN0P_/D	_24108_|_24110_|_24111_|_24320_|_24645_|_24652_|_24668_|_24669_|_25677_|_25678_|_26526_|_26530_|_26534_|_31144_|_39369_|core.enc_block.sword_ctr_reg[1]$_DFFE_PN0P_|core.keymem.key_mem[5][78]$_DFFE_PN0P_|place10521|place10522|place10523|place11345|place11648|place11649|place6255|place6695|place9309
-0.420623	core.enc_block.sword_ctr_reg[0]$_DFFE_PN0P_/Q	core.keymem.key_mem[6][78]$_DFFE_PN0P_/D	_24108_|_24110_|_24111_|_24320_|_24645_|_24652_|_24668_|_24669_|_25677_|_25678_|_26526_|_26530_|_26534_|_31309_|_39369_|core.enc_block.sword_ctr_reg[0]$_DFFE_PN0P_|core.keymem.key_mem[6][78]$_DFFE_PN0P_|place10521|place10522|place10523|place11345|place11648|place11649|place6255|place6695|place9309
-0.420622	core.enc_block.sword_ctr_reg[0]$_DFFE_PN0P_/Q	core.keymem.key_mem[6][78]$_DFFE_PN0P_/D	_24108_|_24110_|_24111_|_24320_|_24645_|_24652_|_24668_|_24669_|_25677_|_25678_|_26526_|_26530_|_26534_|_31309_|_39369_|core.enc_block.sword_ctr_reg[0]$_DFFE_PN0P_|core.keymem.key_mem[6][78]$_DFFE_PN0P_|place10521|place10522|place10523|place11345|place11648|place11649|place6255|place6695|place9309
-0.420618	core.enc_block.sword_ctr_reg[1]$_DFFE_PN0P_/Q	core.keymem.key_mem[5][78]$_DFFE_PN0P_/D	_25168_|_25170_|_25171_|_25265_|_25659_|_25660_|_25665_|_25675_|_25676_|_25677_|_25678_|_26526_|_26530_|_26534_|_31144_|_39369_|core.enc_block.sword_ctr_reg[1]$_DFFE_PN0P_|core.keymem.key_mem[5][78]$_DFFE_PN0P_|place10353|place10354|place11646|place11649|place6255|place6695
-0.420618	core.enc_block.sword_ctr_reg[1]$_DFFE_PN0P_/Q	core.keymem.key_mem[8][78]$_DFFE_PN0P_/D	_25289_|_25290_|_25291_|_25518_|_25658_|_25660_|_25665_|_25675_|_25676_|_25677_|_25678_|_26526_|_26530_|_26534_|_28357_|_39369_|core.enc_block.sword_ctr_reg[1]$_DFFE_PN0P_|core.keymem.key_mem[8][78]$_DFFE_PN0P_|place10247|place11649|place6255|place6695
-0.420617	core.enc_block.sword_ctr_reg[1]$_DFFE_PN0P_/Q	core.keymem.key_mem[5][78]$_DFFE_PN0P_/D	_25168_|_25170_|_25171_|_25265_|_25659_|_25660_|_25665_|_25675_|_25676_|_25677_|_25678_|_26526_|_26530_|_26534_|_31144_|_39369_|core.enc_block.sword_ctr_reg[1]$_DFFE_PN0P_|core.keymem.key_mem[5][78]$_DFFE_PN0P_|place10353|place10354|place11646|place11649|place6255|place6695
-0.420617	core.enc_block.sword_ctr_reg[1]$_DFFE_PN0P_/Q	core.keymem.key_mem[8][78]$_DFFE_PN0P_/D	_25289_|_25290_|_25291_|_25518_|_25658_|_25660_|_25665_|_25675_|_25676_|_25677_|_25678_|_26526_|_26530_|_26534_|_28357_|_39369_|core.enc_block.sword_ctr_reg[1]$_DFFE_PN0P_|core.keymem.key_mem[8][78]$_DFFE_PN0P_|place10247|place11649|place6255|place6695
-0.420617	core.enc_block.sword_ctr_reg[1]$_DFFE_PN0P_/Q	core.keymem.key_mem[8][78]$_DFFE_PN0P_/D	_25289_|_25290_|_25291_|_25518_|_25658_|_25660_|_25665_|_25675_|_25676_|_25677_|_25678_|_26526_|_26530_|_26534_|_28357_|_39369_|core.enc_block.sword_ctr_reg[1]$_DFFE_PN0P_|core.keymem.key_mem[8][78]$_DFFE_PN0P_|place10247|place11649|place6255|place6695
-0.420616	core.enc_block.sword_ctr_reg[1]$_DFFE_PN0P_/Q	core.keymem.key_mem[8][78]$_DFFE_PN0P_/D	_25289_|_25290_|_25291_|_25518_|_25658_|_25660_|_25665_|_25675_|_25676_|_25677_|_25678_|_26526_|_26530_|_26534_|_28357_|_39369_|core.enc_block.sword_ctr_reg[1]$_DFFE_PN0P_|core.keymem.key_mem[8][78]$_DFFE_PN0P_|place10247|place11649|place6255|place6695
-0.420607	core.enc_block.sword_ctr_reg[1]$_DFFE_PN0P_/Q	core.keymem.key_mem[5][78]$_DFFE_PN0P_/D	_24108_|_24110_|_24111_|_24320_|_24645_|_24652_|_24668_|_24669_|_25677_|_25678_|_26530_|_26534_|_31144_|_39369_|core.enc_block.sword_ctr_reg[1]$_DFFE_PN0P_|core.keymem.key_mem[5][78]$_DFFE_PN0P_|place10521|place10522|place10523|place11345|place11648|place11649|place6255|place6583|place6695|place9309
-0.420606	core.enc_block.sword_ctr_reg[1]$_DFFE_PN0P_/Q	core.keymem.key_mem[5][78]$_DFFE_PN0P_/D	_24108_|_24110_|_24111_|_24320_|_24645_|_24652_|_24668_|_24669_|_25677_|_25678_|_26530_|_26534_|_31144_|_39369_|core.enc_block.sword_ctr_reg[1]$_DFFE_PN0P_|core.keymem.key_mem[5][78]$_DFFE_PN0P_|place10521|place10522|place10523|place11345|place11648|place11649|place6255|place6583|place6695|place9309
