# slack_ns	startpoint	endpoint	cells
-0.187351	SORT_STAGE[4].BLOCK[0].bitonic_block_inst.BLOCK_STAGE[4].NODE[0].bitonic_node_inst.COMP[0].comp_inst.H[3]$_DFF_P_/Q	data_out[3]	SORT_STAGE[4].BLOCK[0].bitonic_block_inst.BLOCK_STAGE[4].NODE[0].bitonic_node_inst.COMP[0].comp_inst.H[3]$_DFF_P_|output846
-0.184283	SORT_STAGE[4].BLOCK[0].bitonic_block_inst.BLOCK_STAGE[4].NODE[14].bitonic_node_inst.COMP[0].comp_inst.H[7]$_DFF_P_/Q	data_out[455]	SORT_STAGE[4].BLOCK[0].bitonic_block_inst.BLOCK_STAGE[4].NODE[14].bitonic_node_inst.COMP[0].comp_inst.H[7]$_DFF_P_|output907
-0.184177	SORT_STAGE[4].BLOCK[0].bitonic_block_inst.BLOCK_STAGE[4].NODE[0].bitonic_node_inst.COMP[0].comp_inst.H[3]$_DFF_P_/Q	data_out[3]	SORT_STAGE[4].BLOCK[0].bitonic_block_inst.BLOCK_STAGE[4].NODE[0].bitonic_node_inst.COMP[0].comp_inst.H[3]$_DFF_P_|output846
-0.183859	SORT_STAGE[4].BLOCK[0].bitonic_block_inst.BLOCK_STAGE[4].NODE[14].bitonic_node_inst.COMP[0].comp_inst.H[13]$_DFF_P_/Q	data_out[461]	SORT_STAGE[4].BLOCK[0].bitonic_block_inst.BLOCK_STAGE[4].NODE[14].bitonic_node_inst.COMP[0].comp_inst.H[13]$_DFF_P_|output914
-0.183852	SORT_STAGE[4].BLOCK[0].bitonic_block_inst.BLOCK_STAGE[4].NODE[14].bitonic_node_inst.COMP[0].comp_inst.L[7]$_DFF_P_/Q	data_out[471]	SORT_STAGE[4].BLOCK[0].bitonic_block_inst.BLOCK_STAGE[4].NODE[14].bitonic_node_inst.COMP[0].comp_inst.L[7]$_DFF_P_|output925
-0.183812	SORT_STAGE[4].BLOCK[0].bitonic_block_inst.BLOCK_STAGE[4].NODE[0].bitonic_node_inst.COMP[0].comp_inst.L[1]$_DFF_P_/Q	data_out[17]	SORT_STAGE[4].BLOCK[0].bitonic_block_inst.BLOCK_STAGE[4].NODE[0].bitonic_node_inst.COMP[0].comp_inst.L[1]$_DFF_P_|output601
-0.183754	SORT_STAGE[4].BLOCK[0].bitonic_block_inst.BLOCK_STAGE[4].NODE[15].bitonic_node_inst.COMP[0].comp_inst.H[3]$_DFF_P_/Q	data_out[483]	SORT_STAGE[4].BLOCK[0].bitonic_block_inst.BLOCK_STAGE[4].NODE[15].bitonic_node_inst.COMP[0].comp_inst.H[3]$_DFF_P_|output938
-0.183471	SORT_STAGE[4].BLOCK[0].bitonic_block_inst.BLOCK_STAGE[4].NODE[14].bitonic_node_inst.COMP[0].comp_inst.L[4]$_DFF_P_/Q	data_out[468]	SORT_STAGE[4].BLOCK[0].bitonic_block_inst.BLOCK_STAGE[4].NODE[14].bitonic_node_inst.COMP[0].comp_inst.L[4]$_DFF_P_|output921
-0.183380	SORT_STAGE[4].BLOCK[0].bitonic_block_inst.BLOCK_STAGE[4].NODE[11].bitonic_node_inst.COMP[0].comp_inst.L[5]$_DFF_P_/Q	data_out[373]	SORT_STAGE[4].BLOCK[0].bitonic_block_inst.BLOCK_STAGE[4].NODE[11].bitonic_node_inst.COMP[0].comp_inst.L[5]$_DFF_P_|output816
-0.183371	SORT_STAGE[4].BLOCK[0].bitonic_block_inst.BLOCK_STAGE[4].NODE[14].bitonic_node_inst.COMP[0].comp_inst.L[13]$_DFF_P_/Q	data_out[477]	SORT_STAGE[4].BLOCK[0].bitonic_block_inst.BLOCK_STAGE[4].NODE[14].bitonic_node_inst.COMP[0].comp_inst.L[13]$_DFF_P_|output931
-0.183195	SORT_STAGE[4].BLOCK[0].bitonic_block_inst.BLOCK_STAGE[4].NODE[14].bitonic_node_inst.COMP[0].comp_inst.H[15]$_DFF_P_/Q	data_out[463]	SORT_STAGE[4].BLOCK[0].bitonic_block_inst.BLOCK_STAGE[4].NODE[14].bitonic_node_inst.COMP[0].comp_inst.H[15]$_DFF_P_|output916
-0.183102	SORT_STAGE[4].BLOCK[0].bitonic_block_inst.BLOCK_STAGE[4].NODE[14].bitonic_node_inst.COMP[0].comp_inst.H[4]$_DFF_P_/Q	data_out[452]	SORT_STAGE[4].BLOCK[0].bitonic_block_inst.BLOCK_STAGE[4].NODE[14].bitonic_node_inst.COMP[0].comp_inst.H[4]$_DFF_P_|output904
-0.183024	SORT_STAGE[4].BLOCK[0].bitonic_block_inst.BLOCK_STAGE[4].NODE[14].bitonic_node_inst.COMP[0].comp_inst.H[12]$_DFF_P_/Q	data_out[460]	SORT_STAGE[4].BLOCK[0].bitonic_block_inst.BLOCK_STAGE[4].NODE[14].bitonic_node_inst.COMP[0].comp_inst.H[12]$_DFF_P_|output913
-0.183018	SORT_STAGE[4].BLOCK[0].bitonic_block_inst.BLOCK_STAGE[4].NODE[5].bitonic_node_inst.COMP[0].comp_inst.L[0]$_DFF_P_/Q	data_out[176]	SORT_STAGE[4].BLOCK[0].bitonic_block_inst.BLOCK_STAGE[4].NODE[5].bitonic_node_inst.COMP[0].comp_inst.L[0]$_DFF_P_|output597
-0.182907	SORT_STAGE[4].BLOCK[0].bitonic_block_inst.BLOCK_STAGE[4].NODE[14].bitonic_node_inst.COMP[0].comp_inst.L[11]$_DFF_P_/Q	data_out[475]	SORT_STAGE[4].BLOCK[0].bitonic_block_inst.BLOCK_STAGE[4].NODE[14].bitonic_node_inst.COMP[0].comp_inst.L[11]$_DFF_P_|output929
-0.182881	SORT_STAGE[4].BLOCK[0].bitonic_block_inst.BLOCK_STAGE[4].NODE[14].bitonic_node_inst.COMP[0].comp_inst.H[2]$_DFF_P_/Q	data_out[450]	SORT_STAGE[4].BLOCK[0].bitonic_block_inst.BLOCK_STAGE[4].NODE[14].bitonic_node_inst.COMP[0].comp_inst.H[2]$_DFF_P_|output902
-0.182709	SORT_STAGE[4].BLOCK[0].bitonic_block_inst.BLOCK_STAGE[4].NODE[13].bitonic_node_inst.COMP[0].comp_inst.L[5]$_DFF_P_/Q	data_out[437]	SORT_STAGE[4].BLOCK[0].bitonic_block_inst.BLOCK_STAGE[4].NODE[13].bitonic_node_inst.COMP[0].comp_inst.L[5]$_DFF_P_|output887
-0.182473	SORT_STAGE[4].BLOCK[0].bitonic_block_inst.BLOCK_STAGE[4].NODE[14].bitonic_node_inst.COMP[0].comp_inst.H[8]$_DFF_P_/Q	data_out[456]	SORT_STAGE[4].BLOCK[0].bitonic_block_inst.BLOCK_STAGE[4].NODE[14].bitonic_node_inst.COMP[0].comp_inst.H[8]$_DFF_P_|output908
-0.182464	SORT_STAGE[4].BLOCK[0].bitonic_block_inst.BLOCK_STAGE[4].NODE[5].bitonic_node_inst.COMP[0].comp_inst.H[1]$_DFF_P_/Q	data_out[161]	SORT_STAGE[4].BLOCK[0].bitonic_block_inst.BLOCK_STAGE[4].NODE[5].bitonic_node_inst.COMP[0].comp_inst.H[1]$_DFF_P_|output581
-0.182428	SORT_STAGE[4].BLOCK[0].bitonic_block_inst.BLOCK_STAGE[4].NODE[14].bitonic_node_inst.COMP[0].comp_inst.H[10]$_DFF_P_/Q	data_out[458]	SORT_STAGE[4].BLOCK[0].bitonic_block_inst.BLOCK_STAGE[4].NODE[14].bitonic_node_inst.COMP[0].comp_inst.H[10]$_DFF_P_|output910
-0.182383	SORT_STAGE[4].BLOCK[0].bitonic_block_inst.BLOCK_STAGE[4].NODE[2].bitonic_node_inst.COMP[0].comp_inst.H[10]$_DFF_P_/Q	data_out[74]	SORT_STAGE[4].BLOCK[0].bitonic_block_inst.BLOCK_STAGE[4].NODE[2].bitonic_node_inst.COMP[0].comp_inst.H[10]$_DFF_P_|output996
-0.182305	SORT_STAGE[4].BLOCK[0].bitonic_block_inst.BLOCK_STAGE[4].NODE[14].bitonic_node_inst.COMP[0].comp_inst.L[3]$_DFF_P_/Q	data_out[467]	SORT_STAGE[4].BLOCK[0].bitonic_block_inst.BLOCK_STAGE[4].NODE[14].bitonic_node_inst.COMP[0].comp_inst.L[3]$_DFF_P_|output920
-0.182256	SORT_STAGE[4].BLOCK[0].bitonic_block_inst.BLOCK_STAGE[4].NODE[2].bitonic_node_inst.COMP[0].comp_inst.L[10]$_DFF_P_/Q	data_out[90]	SORT_STAGE[4].BLOCK[0].bitonic_block_inst.BLOCK_STAGE[4].NODE[2].bitonic_node_inst.COMP[0].comp_inst.L[10]$_DFF_P_|output1014
-0.182216	SORT_STAGE[4].BLOCK[0].bitonic_block_inst.BLOCK_STAGE[4].NODE[14].bitonic_node_inst.COMP[0].comp_inst.L[12]$_DFF_P_/Q	data_out[476]	SORT_STAGE[4].BLOCK[0].bitonic_block_inst.BLOCK_STAGE[4].NODE[14].bitonic_node_inst.COMP[0].comp_inst.L[12]$_DFF_P_|output930
-0.182191	SORT_STAGE[4].BLOCK[0].bitonic_block_inst.BLOCK_STAGE[4].NODE[14].bitonic_node_inst.COMP[0].comp_inst.L[8]$_DFF_P_/Q	data_out[472]	SORT_STAGE[4].BLOCK[0].bitonic_block_inst.BLOCK_STAGE[4].NODE[14].bitonic_node_inst.COMP[0].comp_inst.L[8]$_DFF_P_|output926
-0.182146	SORT_STAGE[4].BLOCK[0].bitonic_block_inst.BLOCK_STAGE[4].NODE[5].bitonic_node_inst.COMP[0].comp_inst.L[1]$_DFF_P_/Q	data_out[177]	SORT_STAGE[4].BLOCK[0].bitonic_block_inst.BLOCK_STAGE[4].NODE[5].bitonic_node_inst.COMP[0].comp_inst.L[1]$_DFF_P_|output598
-0.182072	SORT_STAGE[4].BLOCK[0].bitonic_block_inst.BLOCK_STAGE[4].NODE[14].bitonic_node_inst.COMP[0].comp_inst.L[2]$_DFF_P_/Q	data_out[466]	SORT_STAGE[4].BLOCK[0].bitonic_block_inst.BLOCK_STAGE[4].NODE[14].bitonic_node_inst.COMP[0].comp_inst.L[2]$_DFF_P_|output919
-0.182002	SORT_STAGE[4].BLOCK[0].bitonic_block_inst.BLOCK_STAGE[4].NODE[6].bitonic_node_inst.COMP[0].comp_inst.H[15]$_DFF_P_/Q	data_out[207]	SORT_STAGE[4].BLOCK[0].bitonic_block_inst.BLOCK_STAGE[4].NODE[6].bitonic_node_inst.COMP[0].comp_inst.H[15]$_DFF_P_|output632
-0.181956	SORT_STAGE[4].BLOCK[0].bitonic_block_inst.BLOCK_STAGE[4].NODE[6].bitonic_node_inst.COMP[0].comp_inst.H[14]$_DFF_P_/Q	data_out[206]	SORT_STAGE[4].BLOCK[0].bitonic_block_inst.BLOCK_STAGE[4].NODE[6].bitonic_node_inst.COMP[0].comp_inst.H[14]$_DFF_P_|output631
-0.181933	SORT_STAGE[4].BLOCK[0].bitonic_block_inst.BLOCK_STAGE[4].NODE[11].bitonic_node_inst.COMP[0].comp_inst.L[7]$_DFF_P_/Q	data_out[375]	SORT_STAGE[4].BLOCK[0].bitonic_block_inst.BLOCK_STAGE[4].NODE[11].bitonic_node_inst.COMP[0].comp_inst.L[7]$_DFF_P_|output818
-0.181933	SORT_STAGE[4].BLOCK[0].bitonic_block_inst.BLOCK_STAGE[4].NODE[14].bitonic_node_inst.COMP[0].comp_inst.L[9]$_DFF_P_/Q	data_out[473]	SORT_STAGE[4].BLOCK[0].bitonic_block_inst.BLOCK_STAGE[4].NODE[14].bitonic_node_inst.COMP[0].comp_inst.L[9]$_DFF_P_|output927
-0.181932	SORT_STAGE[4].BLOCK[0].bitonic_block_inst.BLOCK_STAGE[4].NODE[14].bitonic_node_inst.COMP[0].comp_inst.L[14]$_DFF_P_/Q	data_out[478]	SORT_STAGE[4].BLOCK[0].bitonic_block_inst.BLOCK_STAGE[4].NODE[14].bitonic_node_inst.COMP[0].comp_inst.L[14]$_DFF_P_|output932
-0.181801	SORT_STAGE[4].BLOCK[0].bitonic_block_inst.BLOCK_STAGE[4].NODE[14].bitonic_node_inst.COMP[0].comp_inst.H[11]$_DFF_P_/Q	data_out[459]	SORT_STAGE[4].BLOCK[0].bitonic_block_inst.BLOCK_STAGE[4].NODE[14].bitonic_node_inst.COMP[0].comp_inst.H[11]$_DFF_P_|output911
-0.181764	SORT_STAGE[4].BLOCK[0].bitonic_block_inst.BLOCK_STAGE[4].NODE[14].bitonic_node_inst.COMP[0].comp_inst.L[0]$_DFF_P_/Q	data_out[464]	SORT_STAGE[4].BLOCK[0].bitonic_block_inst.BLOCK_STAGE[4].NODE[14].bitonic_node_inst.COMP[0].comp_inst.L[0]$_DFF_P_|output917
-0.181764	SORT_STAGE[4].BLOCK[0].bitonic_block_inst.BLOCK_STAGE[4].NODE[14].bitonic_node_inst.COMP[0].comp_inst.L[15]$_DFF_P_/Q	data_out[479]	SORT_STAGE[4].BLOCK[0].bitonic_block_inst.BLOCK_STAGE[4].NODE[14].bitonic_node_inst.COMP[0].comp_inst.L[15]$_DFF_P_|output933
-0.181762	SORT_STAGE[4].BLOCK[0].bitonic_block_inst.BLOCK_STAGE[4].NODE[14].bitonic_node_inst.COMP[0].comp_inst.H[9]$_DFF_P_/Q	data_out[457]	SORT_STAGE[4].BLOCK[0].bitonic_block_inst.BLOCK_STAGE[4].NODE[14].bitonic_node_inst.COMP[0].comp_inst.H[9]$_DFF_P_|output909
-0.181716	SORT_STAGE[4].BLOCK[0].bitonic_block_inst.BLOCK_STAGE[4].NODE[14].bitonic_node_inst.COMP[0].comp_inst.H[3]$_DFF_P_/Q	data_out[451]	SORT_STAGE[4].BLOCK[0].bitonic_block_inst.BLOCK_STAGE[4].NODE[14].bitonic_node_inst.COMP[0].comp_inst.H[3]$_DFF_P_|output903
-0.181592	SORT_STAGE[4].BLOCK[0].bitonic_block_inst.BLOCK_STAGE[4].NODE[5].bitonic_node_inst.COMP[0].comp_inst.H[0]$_DFF_P_/Q	data_out[160]	SORT_STAGE[4].BLOCK[0].bitonic_block_inst.BLOCK_STAGE[4].NODE[5].bitonic_node_inst.COMP[0].comp_inst.H[0]$_DFF_P_|output580
-0.181545	SORT_STAGE[4].BLOCK[0].bitonic_block_inst.BLOCK_STAGE[4].NODE[14].bitonic_node_inst.COMP[0].comp_inst.H[13]$_DFF_P_/Q	data_out[461]	SORT_STAGE[4].BLOCK[0].bitonic_block_inst.BLOCK_STAGE[4].NODE[14].bitonic_node_inst.COMP[0].comp_inst.H[13]$_DFF_P_|output914
-0.181434	SORT_STAGE[4].BLOCK[0].bitonic_block_inst.BLOCK_STAGE[4].NODE[14].bitonic_node_inst.COMP[0].comp_inst.H[5]$_DFF_P_/Q	data_out[453]	SORT_STAGE[4].BLOCK[0].bitonic_block_inst.BLOCK_STAGE[4].NODE[14].bitonic_node_inst.COMP[0].comp_inst.H[5]$_DFF_P_|output905
-0.181433	SORT_STAGE[4].BLOCK[0].bitonic_block_inst.BLOCK_STAGE[4].NODE[11].bitonic_node_inst.COMP[0].comp_inst.L[4]$_DFF_P_/Q	data_out[372]	SORT_STAGE[4].BLOCK[0].bitonic_block_inst.BLOCK_STAGE[4].NODE[11].bitonic_node_inst.COMP[0].comp_inst.L[4]$_DFF_P_|output815
-0.181365	SORT_STAGE[4].BLOCK[0].bitonic_block_inst.BLOCK_STAGE[4].NODE[11].bitonic_node_inst.COMP[0].comp_inst.H[1]$_DFF_P_/Q	data_out[353]	SORT_STAGE[4].BLOCK[0].bitonic_block_inst.BLOCK_STAGE[4].NODE[11].bitonic_node_inst.COMP[0].comp_inst.H[1]$_DFF_P_|output794
-0.181339	SORT_STAGE[4].BLOCK[0].bitonic_block_inst.BLOCK_STAGE[4].NODE[2].bitonic_node_inst.COMP[0].comp_inst.H[4]$_DFF_P_/Q	data_out[68]	SORT_STAGE[4].BLOCK[0].bitonic_block_inst.BLOCK_STAGE[4].NODE[2].bitonic_node_inst.COMP[0].comp_inst.H[4]$_DFF_P_|output989
-0.181301	SORT_STAGE[4].BLOCK[0].bitonic_block_inst.BLOCK_STAGE[4].NODE[2].bitonic_node_inst.COMP[0].comp_inst.H[11]$_DFF_P_/Q	data_out[75]	SORT_STAGE[4].BLOCK[0].bitonic_block_inst.BLOCK_STAGE[4].NODE[2].bitonic_node_inst.COMP[0].comp_inst.H[11]$_DFF_P_|output997
-0.181240	SORT_STAGE[4].BLOCK[0].bitonic_block_inst.BLOCK_STAGE[4].NODE[13].bitonic_node_inst.COMP[0].comp_inst.H[5]$_DFF_P_/Q	data_out[421]	SORT_STAGE[4].BLOCK[0].bitonic_block_inst.BLOCK_STAGE[4].NODE[13].bitonic_node_inst.COMP[0].comp_inst.H[5]$_DFF_P_|output870
-0.181221	SORT_STAGE[4].BLOCK[0].bitonic_block_inst.BLOCK_STAGE[4].NODE[14].bitonic_node_inst.COMP[0].comp_inst.L[6]$_DFF_P_/Q	data_out[470]	SORT_STAGE[4].BLOCK[0].bitonic_block_inst.BLOCK_STAGE[4].NODE[14].bitonic_node_inst.COMP[0].comp_inst.L[6]$_DFF_P_|output924
-0.181181	SORT_STAGE[4].BLOCK[0].bitonic_block_inst.BLOCK_STAGE[4].NODE[0].bitonic_node_inst.COMP[0].comp_inst.L[3]$_DFF_P_/Q	data_out[19]	SORT_STAGE[4].BLOCK[0].bitonic_block_inst.BLOCK_STAGE[4].NODE[0].bitonic_node_inst.COMP[0].comp_inst.L[3]$_DFF_P_|output623
-0.181143	SORT_STAGE[4].BLOCK[0].bitonic_block_inst.BLOCK_STAGE[4].NODE[14].bitonic_node_inst.COMP[0].comp_inst.H[7]$_DFF_P_/Q	data_out[455]	SORT_STAGE[4].BLOCK[0].bitonic_block_inst.BLOCK_STAGE[4].NODE[14].bitonic_node_inst.COMP[0].comp_inst.H[7]$_DFF_P_|output907
-0.181129	SORT_STAGE[4].BLOCK[0].bitonic_block_inst.BLOCK_STAGE[4].NODE[5].bitonic_node_inst.COMP[0].comp_inst.L[2]$_DFF_P_/Q	data_out[178]	SORT_STAGE[4].BLOCK[0].bitonic_block_inst.BLOCK_STAGE[4].NODE[5].bitonic_node_inst.COMP[0].comp_inst.L[2]$_DFF_P_|output599
-0.181120	SORT_STAGE[4].BLOCK[0].bitonic_block_inst.BLOCK_STAGE[4].NODE[2].bitonic_node_inst.COMP[0].comp_inst.L[11]$_DFF_P_/Q	data_out[91]	SORT_STAGE[4].BLOCK[0].bitonic_block_inst.BLOCK_STAGE[4].NODE[2].bitonic_node_inst.COMP[0].comp_inst.L[11]$_DFF_P_|output1015
-0.181117	SORT_STAGE[4].BLOCK[0].bitonic_block_inst.BLOCK_STAGE[4].NODE[11].bitonic_node_inst.COMP[0].comp_inst.L[1]$_DFF_P_/Q	data_out[369]	SORT_STAGE[4].BLOCK[0].bitonic_block_inst.BLOCK_STAGE[4].NODE[11].bitonic_node_inst.COMP[0].comp_inst.L[1]$_DFF_P_|output811
-0.181094	SORT_STAGE[4].BLOCK[0].bitonic_block_inst.BLOCK_STAGE[4].NODE[2].bitonic_node_inst.COMP[0].comp_inst.L[13]$_DFF_P_/Q	data_out[93]	SORT_STAGE[4].BLOCK[0].bitonic_block_inst.BLOCK_STAGE[4].NODE[2].bitonic_node_inst.COMP[0].comp_inst.L[13]$_DFF_P_|output1017
-0.180997	SORT_STAGE[4].BLOCK[0].bitonic_block_inst.BLOCK_STAGE[4].NODE[6].bitonic_node_inst.COMP[0].comp_inst.L[14]$_DFF_P_/Q	data_out[222]	SORT_STAGE[4].BLOCK[0].bitonic_block_inst.BLOCK_STAGE[4].NODE[6].bitonic_node_inst.COMP[0].comp_inst.L[14]$_DFF_P_|output649
-0.180981	SORT_STAGE[4].BLOCK[0].bitonic_block_inst.BLOCK_STAGE[4].NODE[14].bitonic_node_inst.COMP[0].comp_inst.L[10]$_DFF_P_/Q	data_out[474]	SORT_STAGE[4].BLOCK[0].bitonic_block_inst.BLOCK_STAGE[4].NODE[14].bitonic_node_inst.COMP[0].comp_inst.L[10]$_DFF_P_|output928
-0.180900	SORT_STAGE[4].BLOCK[0].bitonic_block_inst.BLOCK_STAGE[4].NODE[14].bitonic_node_inst.COMP[0].comp_inst.H[0]$_DFF_P_/Q	data_out[448]	SORT_STAGE[4].BLOCK[0].bitonic_block_inst.BLOCK_STAGE[4].NODE[14].bitonic_node_inst.COMP[0].comp_inst.H[0]$_DFF_P_|output899
-0.180895	SORT_STAGE[4].BLOCK[0].bitonic_block_inst.BLOCK_STAGE[4].NODE[2].bitonic_node_inst.COMP[0].comp_inst.L[12]$_DFF_P_/Q	data_out[92]	SORT_STAGE[4].BLOCK[0].bitonic_block_inst.BLOCK_STAGE[4].NODE[2].bitonic_node_inst.COMP[0].comp_inst.L[12]$_DFF_P_|output1016
-0.180842	SORT_STAGE[4].BLOCK[0].bitonic_block_inst.BLOCK_STAGE[4].NODE[3].bitonic_node_inst.COMP[0].comp_inst.H[13]$_DFF_P_/Q	data_out[109]	SORT_STAGE[4].BLOCK[0].bitonic_block_inst.BLOCK_STAGE[4].NODE[3].bitonic_node_inst.COMP[0].comp_inst.H[13]$_DFF_P_|output523
-0.180822	SORT_STAGE[4].BLOCK[0].bitonic_block_inst.BLOCK_STAGE[4].NODE[14].bitonic_node_inst.COMP[0].comp_inst.H[14]$_DFF_P_/Q	data_out[462]	SORT_STAGE[4].BLOCK[0].bitonic_block_inst.BLOCK_STAGE[4].NODE[14].bitonic_node_inst.COMP[0].comp_inst.H[14]$_DFF_P_|output915
-0.180789	SORT_STAGE[4].BLOCK[0].bitonic_block_inst.BLOCK_STAGE[4].NODE[5].bitonic_node_inst.COMP[0].comp_inst.H[2]$_DFF_P_/Q	data_out[162]	SORT_STAGE[4].BLOCK[0].bitonic_block_inst.BLOCK_STAGE[4].NODE[5].bitonic_node_inst.COMP[0].comp_inst.H[2]$_DFF_P_|output582
-0.180780	SORT_STAGE[4].BLOCK[0].bitonic_block_inst.BLOCK_STAGE[4].NODE[14].bitonic_node_inst.COMP[0].comp_inst.L[7]$_DFF_P_/Q	data_out[471]	SORT_STAGE[4].BLOCK[0].bitonic_block_inst.BLOCK_STAGE[4].NODE[14].bitonic_node_inst.COMP[0].comp_inst.L[7]$_DFF_P_|output925
-0.180772	SORT_STAGE[4].BLOCK[0].bitonic_block_inst.BLOCK_STAGE[4].NODE[14].bitonic_node_inst.COMP[0].comp_inst.L[1]$_DFF_P_/Q	data_out[465]	SORT_STAGE[4].BLOCK[0].bitonic_block_inst.BLOCK_STAGE[4].NODE[14].bitonic_node_inst.COMP[0].comp_inst.L[1]$_DFF_P_|output918
-0.180737	SORT_STAGE[4].BLOCK[0].bitonic_block_inst.BLOCK_STAGE[4].NODE[15].bitonic_node_inst.COMP[0].comp_inst.H[3]$_DFF_P_/Q	data_out[483]	SORT_STAGE[4].BLOCK[0].bitonic_block_inst.BLOCK_STAGE[4].NODE[15].bitonic_node_inst.COMP[0].comp_inst.H[3]$_DFF_P_|output938
-0.180560	SORT_STAGE[4].BLOCK[0].bitonic_block_inst.BLOCK_STAGE[4].NODE[14].bitonic_node_inst.COMP[0].comp_inst.H[1]$_DFF_P_/Q	data_out[449]	SORT_STAGE[4].BLOCK[0].bitonic_block_inst.BLOCK_STAGE[4].NODE[14].bitonic_node_inst.COMP[0].comp_inst.H[1]$_DFF_P_|output900
-0.180543	SORT_STAGE[4].BLOCK[0].bitonic_block_inst.BLOCK_STAGE[4].NODE[14].bitonic_node_inst.COMP[0].comp_inst.L[5]$_DFF_P_/Q	data_out[469]	SORT_STAGE[4].BLOCK[0].bitonic_block_inst.BLOCK_STAGE[4].NODE[14].bitonic_node_inst.COMP[0].comp_inst.L[5]$_DFF_P_|output922
-0.180515	SORT_STAGE[4].BLOCK[0].bitonic_block_inst.BLOCK_STAGE[4].NODE[14].bitonic_node_inst.COMP[0].comp_inst.L[4]$_DFF_P_/Q	data_out[468]	SORT_STAGE[4].BLOCK[0].bitonic_block_inst.BLOCK_STAGE[4].NODE[14].bitonic_node_inst.COMP[0].comp_inst.L[4]$_DFF_P_|output921
-0.180498	SORT_STAGE[4].BLOCK[0].bitonic_block_inst.BLOCK_STAGE[4].NODE[4].bitonic_node_inst.COMP[0].comp_inst.L[8]$_DFF_P_/Q	data_out[152]	SORT_STAGE[4].BLOCK[0].bitonic_block_inst.BLOCK_STAGE[4].NODE[4].bitonic_node_inst.COMP[0].comp_inst.L[8]$_DFF_P_|output571
-0.180428	SORT_STAGE[4].BLOCK[0].bitonic_block_inst.BLOCK_STAGE[4].NODE[3].bitonic_node_inst.COMP[0].comp_inst.H[14]$_DFF_P_/Q	data_out[110]	SORT_STAGE[4].BLOCK[0].bitonic_block_inst.BLOCK_STAGE[4].NODE[3].bitonic_node_inst.COMP[0].comp_inst.H[14]$_DFF_P_|output525
-0.180410	SORT_STAGE[4].BLOCK[0].bitonic_block_inst.BLOCK_STAGE[4].NODE[14].bitonic_node_inst.COMP[0].comp_inst.L[13]$_DFF_P_/Q	data_out[477]	SORT_STAGE[4].BLOCK[0].bitonic_block_inst.BLOCK_STAGE[4].NODE[14].bitonic_node_inst.COMP[0].comp_inst.L[13]$_DFF_P_|output931
-0.180388	SORT_STAGE[4].BLOCK[0].bitonic_block_inst.BLOCK_STAGE[4].NODE[11].bitonic_node_inst.COMP[0].comp_inst.L[6]$_DFF_P_/Q	data_out[374]	SORT_STAGE[4].BLOCK[0].bitonic_block_inst.BLOCK_STAGE[4].NODE[11].bitonic_node_inst.COMP[0].comp_inst.L[6]$_DFF_P_|output817
-0.180385	SORT_STAGE[4].BLOCK[0].bitonic_block_inst.BLOCK_STAGE[4].NODE[10].bitonic_node_inst.COMP[0].comp_inst.L[7]$_DFF_P_/Q	data_out[343]	SORT_STAGE[4].BLOCK[0].bitonic_block_inst.BLOCK_STAGE[4].NODE[10].bitonic_node_inst.COMP[0].comp_inst.L[7]$_DFF_P_|output783
-0.180367	SORT_STAGE[4].BLOCK[0].bitonic_block_inst.BLOCK_STAGE[4].NODE[0].bitonic_node_inst.COMP[0].comp_inst.L[1]$_DFF_P_/Q	data_out[17]	SORT_STAGE[4].BLOCK[0].bitonic_block_inst.BLOCK_STAGE[4].NODE[0].bitonic_node_inst.COMP[0].comp_inst.L[1]$_DFF_P_|output601
-0.180292	SORT_STAGE[4].BLOCK[0].bitonic_block_inst.BLOCK_STAGE[4].NODE[6].bitonic_node_inst.COMP[0].comp_inst.L[15]$_DFF_P_/Q	data_out[223]	SORT_STAGE[4].BLOCK[0].bitonic_block_inst.BLOCK_STAGE[4].NODE[6].bitonic_node_inst.COMP[0].comp_inst.L[15]$_DFF_P_|output650
-0.180239	SORT_STAGE[4].BLOCK[0].bitonic_block_inst.BLOCK_STAGE[4].NODE[14].bitonic_node_inst.COMP[0].comp_inst.H[15]$_DFF_P_/Q	data_out[463]	SORT_STAGE[4].BLOCK[0].bitonic_block_inst.BLOCK_STAGE[4].NODE[14].bitonic_node_inst.COMP[0].comp_inst.H[15]$_DFF_P_|output916
-0.180174	SORT_STAGE[4].BLOCK[0].bitonic_block_inst.BLOCK_STAGE[4].NODE[2].bitonic_node_inst.COMP[0].comp_inst.H[13]$_DFF_P_/Q	data_out[77]	SORT_STAGE[4].BLOCK[0].bitonic_block_inst.BLOCK_STAGE[4].NODE[2].bitonic_node_inst.COMP[0].comp_inst.H[13]$_DFF_P_|output999
-0.180170	SORT_STAGE[4].BLOCK[0].bitonic_block_inst.BLOCK_STAGE[4].NODE[14].bitonic_node_inst.COMP[0].comp_inst.H[4]$_DFF_P_/Q	data_out[452]	SORT_STAGE[4].BLOCK[0].bitonic_block_inst.BLOCK_STAGE[4].NODE[14].bitonic_node_inst.COMP[0].comp_inst.H[4]$_DFF_P_|output904
-0.180159	SORT_STAGE[4].BLOCK[0].bitonic_block_inst.BLOCK_STAGE[4].NODE[14].bitonic_node_inst.COMP[0].comp_inst.H[6]$_DFF_P_/Q	data_out[454]	SORT_STAGE[4].BLOCK[0].bitonic_block_inst.BLOCK_STAGE[4].NODE[14].bitonic_node_inst.COMP[0].comp_inst.H[6]$_DFF_P_|output906
-0.180126	SORT_STAGE[4].BLOCK[0].bitonic_block_inst.BLOCK_STAGE[4].NODE[2].bitonic_node_inst.COMP[0].comp_inst.H[8]$_DFF_P_/Q	data_out[72]	SORT_STAGE[4].BLOCK[0].bitonic_block_inst.BLOCK_STAGE[4].NODE[2].bitonic_node_inst.COMP[0].comp_inst.H[8]$_DFF_P_|output994
-0.180105	SORT_STAGE[4].BLOCK[0].bitonic_block_inst.BLOCK_STAGE[4].NODE[14].bitonic_node_inst.COMP[0].comp_inst.H[12]$_DFF_P_/Q	data_out[460]	SORT_STAGE[4].BLOCK[0].bitonic_block_inst.BLOCK_STAGE[4].NODE[14].bitonic_node_inst.COMP[0].comp_inst.H[12]$_DFF_P_|output913
-0.180084	SORT_STAGE[4].BLOCK[0].bitonic_block_inst.BLOCK_STAGE[4].NODE[6].bitonic_node_inst.COMP[0].comp_inst.H[15]$_DFF_P_/Q	data_out[207]	SORT_STAGE[4].BLOCK[0].bitonic_block_inst.BLOCK_STAGE[4].NODE[6].bitonic_node_inst.COMP[0].comp_inst.H[15]$_DFF_P_|output632
-0.180069	SORT_STAGE[4].BLOCK[0].bitonic_block_inst.BLOCK_STAGE[4].NODE[5].bitonic_node_inst.COMP[0].comp_inst.L[0]$_DFF_P_/Q	data_out[176]	SORT_STAGE[4].BLOCK[0].bitonic_block_inst.BLOCK_STAGE[4].NODE[5].bitonic_node_inst.COMP[0].comp_inst.L[0]$_DFF_P_|output597
-0.180064	SORT_STAGE[4].BLOCK[0].bitonic_block_inst.BLOCK_STAGE[4].NODE[6].bitonic_node_inst.COMP[0].comp_inst.H[11]$_DFF_P_/Q	data_out[203]	SORT_STAGE[4].BLOCK[0].bitonic_block_inst.BLOCK_STAGE[4].NODE[6].bitonic_node_inst.COMP[0].comp_inst.H[11]$_DFF_P_|output628
-0.180048	SORT_STAGE[4].BLOCK[0].bitonic_block_inst.BLOCK_STAGE[4].NODE[14].bitonic_node_inst.COMP[0].comp_inst.H[2]$_DFF_P_/Q	data_out[450]	SORT_STAGE[4].BLOCK[0].bitonic_block_inst.BLOCK_STAGE[4].NODE[14].bitonic_node_inst.COMP[0].comp_inst.H[2]$_DFF_P_|output902
-0.180004	SORT_STAGE[4].BLOCK[0].bitonic_block_inst.BLOCK_STAGE[4].NODE[11].bitonic_node_inst.COMP[0].comp_inst.L[5]$_DFF_P_/Q	data_out[373]	SORT_STAGE[4].BLOCK[0].bitonic_block_inst.BLOCK_STAGE[4].NODE[11].bitonic_node_inst.COMP[0].comp_inst.L[5]$_DFF_P_|output816
-0.179871	SORT_STAGE[4].BLOCK[0].bitonic_block_inst.BLOCK_STAGE[4].NODE[14].bitonic_node_inst.COMP[0].comp_inst.L[11]$_DFF_P_/Q	data_out[475]	SORT_STAGE[4].BLOCK[0].bitonic_block_inst.BLOCK_STAGE[4].NODE[14].bitonic_node_inst.COMP[0].comp_inst.L[11]$_DFF_P_|output929
-0.179865	SORT_STAGE[4].BLOCK[0].bitonic_block_inst.BLOCK_STAGE[4].NODE[14].bitonic_node_inst.COMP[0].comp_inst.L[14]$_DFF_P_/Q	data_out[478]	SORT_STAGE[4].BLOCK[0].bitonic_block_inst.BLOCK_STAGE[4].NODE[14].bitonic_node_inst.COMP[0].comp_inst.L[14]$_DFF_P_|output932
-0.179841	SORT_STAGE[4].BLOCK[0].bitonic_block_inst.BLOCK_STAGE[4].NODE[6].bitonic_node_inst.COMP[0].comp_inst.L[10]$_DFF_P_/Q	data_out[218]	SORT_STAGE[4].BLOCK[0].bitonic_block_inst.BLOCK_STAGE[4].NODE[6].bitonic_node_inst.COMP[0].comp_inst.L[10]$_DFF_P_|output644
-0.179698	SORT_STAGE[4].BLOCK[0].bitonic_block_inst.BLOCK_STAGE[4].NODE[14].bitonic_node_inst.COMP[0].comp_inst.H[9]$_DFF_P_/Q	data_out[457]	SORT_STAGE[4].BLOCK[0].bitonic_block_inst.BLOCK_STAGE[4].NODE[14].bitonic_node_inst.COMP[0].comp_inst.H[9]$_DFF_P_|output909
-0.179685	SORT_STAGE[4].BLOCK[0].bitonic_block_inst.BLOCK_STAGE[4].NODE[3].bitonic_node_inst.COMP[0].comp_inst.L[8]$_DFF_P_/Q	data_out[120]	SORT_STAGE[4].BLOCK[0].bitonic_block_inst.BLOCK_STAGE[4].NODE[3].bitonic_node_inst.COMP[0].comp_inst.L[8]$_DFF_P_|output536
-0.179670	SORT_STAGE[4].BLOCK[0].bitonic_block_inst.BLOCK_STAGE[4].NODE[14].bitonic_node_inst.COMP[0].comp_inst.H[3]$_DFF_P_/Q	data_out[451]	SORT_STAGE[4].BLOCK[0].bitonic_block_inst.BLOCK_STAGE[4].NODE[14].bitonic_node_inst.COMP[0].comp_inst.H[3]$_DFF_P_|output903
-0.179664	SORT_STAGE[4].BLOCK[0].bitonic_block_inst.BLOCK_STAGE[4].NODE[6].bitonic_node_inst.COMP[0].comp_inst.L[11]$_DFF_P_/Q	data_out[219]	SORT_STAGE[4].BLOCK[0].bitonic_block_inst.BLOCK_STAGE[4].NODE[6].bitonic_node_inst.COMP[0].comp_inst.L[11]$_DFF_P_|output645
-0.179629	SORT_STAGE[4].BLOCK[0].bitonic_block_inst.BLOCK_STAGE[4].NODE[6].bitonic_node_inst.COMP[0].comp_inst.H[10]$_DFF_P_/Q	data_out[202]	SORT_STAGE[4].BLOCK[0].bitonic_block_inst.BLOCK_STAGE[4].NODE[6].bitonic_node_inst.COMP[0].comp_inst.H[10]$_DFF_P_|output627
-0.179605	SORT_STAGE[4].BLOCK[0].bitonic_block_inst.BLOCK_STAGE[4].NODE[14].bitonic_node_inst.COMP[0].comp_inst.H[10]$_DFF_P_/Q	data_out[458]	SORT_STAGE[4].BLOCK[0].bitonic_block_inst.BLOCK_STAGE[4].NODE[14].bitonic_node_inst.COMP[0].comp_inst.H[10]$_DFF_P_|output910
-0.179589	SORT_STAGE[4].BLOCK[0].bitonic_block_inst.BLOCK_STAGE[4].NODE[2].bitonic_node_inst.COMP[0].comp_inst.H[9]$_DFF_P_/Q	data_out[73]	SORT_STAGE[4].BLOCK[0].bitonic_block_inst.BLOCK_STAGE[4].NODE[2].bitonic_node_inst.COMP[0].comp_inst.H[9]$_DFF_P_|output995
-0.179577	SORT_STAGE[4].BLOCK[0].bitonic_block_inst.BLOCK_STAGE[4].NODE[14].bitonic_node_inst.COMP[0].comp_inst.H[8]$_DFF_P_/Q	data_out[456]	SORT_STAGE[4].BLOCK[0].bitonic_block_inst.BLOCK_STAGE[4].NODE[14].bitonic_node_inst.COMP[0].comp_inst.H[8]$_DFF_P_|output908
-0.179576	SORT_STAGE[4].BLOCK[0].bitonic_block_inst.BLOCK_STAGE[4].NODE[6].bitonic_node_inst.COMP[0].comp_inst.H[12]$_DFF_P_/Q	data_out[204]	SORT_STAGE[4].BLOCK[0].bitonic_block_inst.BLOCK_STAGE[4].NODE[6].bitonic_node_inst.COMP[0].comp_inst.H[12]$_DFF_P_|output629
-0.179533	SORT_STAGE[4].BLOCK[0].bitonic_block_inst.BLOCK_STAGE[4].NODE[4].bitonic_node_inst.COMP[0].comp_inst.H[8]$_DFF_P_/Q	data_out[136]	SORT_STAGE[4].BLOCK[0].bitonic_block_inst.BLOCK_STAGE[4].NODE[4].bitonic_node_inst.COMP[0].comp_inst.H[8]$_DFF_P_|output553
-0.179420	SORT_STAGE[4].BLOCK[0].bitonic_block_inst.BLOCK_STAGE[4].NODE[3].bitonic_node_inst.COMP[0].comp_inst.H[5]$_DFF_P_/Q	data_out[101]	SORT_STAGE[4].BLOCK[0].bitonic_block_inst.BLOCK_STAGE[4].NODE[3].bitonic_node_inst.COMP[0].comp_inst.H[5]$_DFF_P_|output515
-0.179415	SORT_STAGE[4].BLOCK[0].bitonic_block_inst.BLOCK_STAGE[4].NODE[14].bitonic_node_inst.COMP[0].comp_inst.L[3]$_DFF_P_/Q	data_out[467]	SORT_STAGE[4].BLOCK[0].bitonic_block_inst.BLOCK_STAGE[4].NODE[14].bitonic_node_inst.COMP[0].comp_inst.L[3]$_DFF_P_|output920
-0.179413	SORT_STAGE[4].BLOCK[0].bitonic_block_inst.BLOCK_STAGE[4].NODE[3].bitonic_node_inst.COMP[0].comp_inst.L[12]$_DFF_P_/Q	data_out[124]	SORT_STAGE[4].BLOCK[0].bitonic_block_inst.BLOCK_STAGE[4].NODE[3].bitonic_node_inst.COMP[0].comp_inst.L[12]$_DFF_P_|output540
-0.179356	SORT_STAGE[4].BLOCK[0].bitonic_block_inst.BLOCK_STAGE[4].NODE[14].bitonic_node_inst.COMP[0].comp_inst.L[12]$_DFF_P_/Q	data_out[476]	SORT_STAGE[4].BLOCK[0].bitonic_block_inst.BLOCK_STAGE[4].NODE[14].bitonic_node_inst.COMP[0].comp_inst.L[12]$_DFF_P_|output930
-0.179354	SORT_STAGE[4].BLOCK[0].bitonic_block_inst.BLOCK_STAGE[4].NODE[6].bitonic_node_inst.COMP[0].comp_inst.H[13]$_DFF_P_/Q	data_out[205]	SORT_STAGE[4].BLOCK[0].bitonic_block_inst.BLOCK_STAGE[4].NODE[6].bitonic_node_inst.COMP[0].comp_inst.H[13]$_DFF_P_|output630
-0.179348	SORT_STAGE[4].BLOCK[0].bitonic_block_inst.BLOCK_STAGE[4].NODE[5].bitonic_node_inst.COMP[0].comp_inst.H[1]$_DFF_P_/Q	data_out[161]	SORT_STAGE[4].BLOCK[0].bitonic_block_inst.BLOCK_STAGE[4].NODE[5].bitonic_node_inst.COMP[0].comp_inst.H[1]$_DFF_P_|output581
-0.179337	SORT_STAGE[4].BLOCK[0].bitonic_block_inst.BLOCK_STAGE[4].NODE[14].bitonic_node_inst.COMP[0].comp_inst.L[8]$_DFF_P_/Q	data_out[472]	SORT_STAGE[4].BLOCK[0].bitonic_block_inst.BLOCK_STAGE[4].NODE[14].bitonic_node_inst.COMP[0].comp_inst.L[8]$_DFF_P_|output926
-0.179296	SORT_STAGE[4].BLOCK[0].bitonic_block_inst.BLOCK_STAGE[4].NODE[11].bitonic_node_inst.COMP[0].comp_inst.H[7]$_DFF_P_/Q	data_out[359]	SORT_STAGE[4].BLOCK[0].bitonic_block_inst.BLOCK_STAGE[4].NODE[11].bitonic_node_inst.COMP[0].comp_inst.H[7]$_DFF_P_|output800
-0.179290	SORT_STAGE[4].BLOCK[0].bitonic_block_inst.BLOCK_STAGE[4].NODE[14].bitonic_node_inst.COMP[0].comp_inst.L[2]$_DFF_P_/Q	data_out[466]	SORT_STAGE[4].BLOCK[0].bitonic_block_inst.BLOCK_STAGE[4].NODE[14].bitonic_node_inst.COMP[0].comp_inst.L[2]$_DFF_P_|output919
-0.179271	SORT_STAGE[4].BLOCK[0].bitonic_block_inst.BLOCK_STAGE[4].NODE[3].bitonic_node_inst.COMP[0].comp_inst.L[9]$_DFF_P_/Q	data_out[121]	SORT_STAGE[4].BLOCK[0].bitonic_block_inst.BLOCK_STAGE[4].NODE[3].bitonic_node_inst.COMP[0].comp_inst.L[9]$_DFF_P_|output537
-0.179249	SORT_STAGE[4].BLOCK[0].bitonic_block_inst.BLOCK_STAGE[4].NODE[5].bitonic_node_inst.COMP[0].comp_inst.L[2]$_DFF_P_/Q	data_out[178]	SORT_STAGE[4].BLOCK[0].bitonic_block_inst.BLOCK_STAGE[4].NODE[5].bitonic_node_inst.COMP[0].comp_inst.L[2]$_DFF_P_|output599
-0.179179	SORT_STAGE[4].BLOCK[0].bitonic_block_inst.BLOCK_STAGE[4].NODE[6].bitonic_node_inst.COMP[0].comp_inst.L[12]$_DFF_P_/Q	data_out[220]	SORT_STAGE[4].BLOCK[0].bitonic_block_inst.BLOCK_STAGE[4].NODE[6].bitonic_node_inst.COMP[0].comp_inst.L[12]$_DFF_P_|output647
-0.179147	SORT_STAGE[4].BLOCK[0].bitonic_block_inst.BLOCK_STAGE[4].NODE[11].bitonic_node_inst.COMP[0].comp_inst.H[9]$_DFF_P_/Q	data_out[361]	SORT_STAGE[4].BLOCK[0].bitonic_block_inst.BLOCK_STAGE[4].NODE[11].bitonic_node_inst.COMP[0].comp_inst.H[9]$_DFF_P_|output803
-0.179129	SORT_STAGE[4].BLOCK[0].bitonic_block_inst.BLOCK_STAGE[4].NODE[14].bitonic_node_inst.COMP[0].comp_inst.L[9]$_DFF_P_/Q	data_out[473]	SORT_STAGE[4].BLOCK[0].bitonic_block_inst.BLOCK_STAGE[4].NODE[14].bitonic_node_inst.COMP[0].comp_inst.L[9]$_DFF_P_|output927
-0.179113	SORT_STAGE[4].BLOCK[0].bitonic_block_inst.BLOCK_STAGE[4].NODE[3].bitonic_node_inst.COMP[0].comp_inst.L[15]$_DFF_P_/Q	data_out[127]	SORT_STAGE[4].BLOCK[0].bitonic_block_inst.BLOCK_STAGE[4].NODE[3].bitonic_node_inst.COMP[0].comp_inst.L[15]$_DFF_P_|output543
-0.179099	SORT_STAGE[4].BLOCK[0].bitonic_block_inst.BLOCK_STAGE[4].NODE[5].bitonic_node_inst.COMP[0].comp_inst.H[12]$_DFF_P_/Q	data_out[172]	SORT_STAGE[4].BLOCK[0].bitonic_block_inst.BLOCK_STAGE[4].NODE[5].bitonic_node_inst.COMP[0].comp_inst.H[12]$_DFF_P_|output593
-0.179095	SORT_STAGE[4].BLOCK[0].bitonic_block_inst.BLOCK_STAGE[4].NODE[6].bitonic_node_inst.COMP[0].comp_inst.L[13]$_DFF_P_/Q	data_out[221]	SORT_STAGE[4].BLOCK[0].bitonic_block_inst.BLOCK_STAGE[4].NODE[6].bitonic_node_inst.COMP[0].comp_inst.L[13]$_DFF_P_|output648
-0.179091	SORT_STAGE[4].BLOCK[0].bitonic_block_inst.BLOCK_STAGE[4].NODE[2].bitonic_node_inst.COMP[0].comp_inst.L[5]$_DFF_P_/Q	data_out[85]	SORT_STAGE[4].BLOCK[0].bitonic_block_inst.BLOCK_STAGE[4].NODE[2].bitonic_node_inst.COMP[0].comp_inst.L[5]$_DFF_P_|output1008
-0.179081	SORT_STAGE[4].BLOCK[0].bitonic_block_inst.BLOCK_STAGE[4].NODE[2].bitonic_node_inst.COMP[0].comp_inst.L[14]$_DFF_P_/Q	data_out[94]	SORT_STAGE[4].BLOCK[0].bitonic_block_inst.BLOCK_STAGE[4].NODE[2].bitonic_node_inst.COMP[0].comp_inst.L[14]$_DFF_P_|output1018
-0.179059	SORT_STAGE[4].BLOCK[0].bitonic_block_inst.BLOCK_STAGE[4].NODE[2].bitonic_node_inst.COMP[0].comp_inst.H[10]$_DFF_P_/Q	data_out[74]	SORT_STAGE[4].BLOCK[0].bitonic_block_inst.BLOCK_STAGE[4].NODE[2].bitonic_node_inst.COMP[0].comp_inst.H[10]$_DFF_P_|output996
-0.179058	SORT_STAGE[4].BLOCK[0].bitonic_block_inst.BLOCK_STAGE[4].NODE[2].bitonic_node_inst.COMP[0].comp_inst.H[6]$_DFF_P_/Q	data_out[70]	SORT_STAGE[4].BLOCK[0].bitonic_block_inst.BLOCK_STAGE[4].NODE[2].bitonic_node_inst.COMP[0].comp_inst.H[6]$_DFF_P_|output992
-0.179052	SORT_STAGE[4].BLOCK[0].bitonic_block_inst.BLOCK_STAGE[4].NODE[12].bitonic_node_inst.COMP[0].comp_inst.H[13]$_DFF_P_/Q	data_out[397]	SORT_STAGE[4].BLOCK[0].bitonic_block_inst.BLOCK_STAGE[4].NODE[12].bitonic_node_inst.COMP[0].comp_inst.H[13]$_DFF_P_|output842
-0.179044	SORT_STAGE[4].BLOCK[0].bitonic_block_inst.BLOCK_STAGE[4].NODE[14].bitonic_node_inst.COMP[0].comp_inst.L[10]$_DFF_P_/Q	data_out[474]	SORT_STAGE[4].BLOCK[0].bitonic_block_inst.BLOCK_STAGE[4].NODE[14].bitonic_node_inst.COMP[0].comp_inst.L[10]$_DFF_P_|output928
-0.179043	SORT_STAGE[4].BLOCK[0].bitonic_block_inst.BLOCK_STAGE[4].NODE[2].bitonic_node_inst.COMP[0].comp_inst.L[7]$_DFF_P_/Q	data_out[87]	SORT_STAGE[4].BLOCK[0].bitonic_block_inst.BLOCK_STAGE[4].NODE[2].bitonic_node_inst.COMP[0].comp_inst.L[7]$_DFF_P_|output1010
-0.179041	SORT_STAGE[4].BLOCK[0].bitonic_block_inst.BLOCK_STAGE[4].NODE[3].bitonic_node_inst.COMP[0].comp_inst.L[5]$_DFF_P_/Q	data_out[117]	SORT_STAGE[4].BLOCK[0].bitonic_block_inst.BLOCK_STAGE[4].NODE[3].bitonic_node_inst.COMP[0].comp_inst.L[5]$_DFF_P_|output532
-0.179028	SORT_STAGE[4].BLOCK[0].bitonic_block_inst.BLOCK_STAGE[4].NODE[3].bitonic_node_inst.COMP[0].comp_inst.L[10]$_DFF_P_/Q	data_out[122]	SORT_STAGE[4].BLOCK[0].bitonic_block_inst.BLOCK_STAGE[4].NODE[3].bitonic_node_inst.COMP[0].comp_inst.L[10]$_DFF_P_|output538
-0.179002	SORT_STAGE[4].BLOCK[0].bitonic_block_inst.BLOCK_STAGE[4].NODE[5].bitonic_node_inst.COMP[0].comp_inst.L[1]$_DFF_P_/Q	data_out[177]	SORT_STAGE[4].BLOCK[0].bitonic_block_inst.BLOCK_STAGE[4].NODE[5].bitonic_node_inst.COMP[0].comp_inst.L[1]$_DFF_P_|output598
-0.178996	SORT_STAGE[4].BLOCK[0].bitonic_block_inst.BLOCK_STAGE[4].NODE[13].bitonic_node_inst.COMP[0].comp_inst.L[5]$_DFF_P_/Q	data_out[437]	SORT_STAGE[4].BLOCK[0].bitonic_block_inst.BLOCK_STAGE[4].NODE[13].bitonic_node_inst.COMP[0].comp_inst.L[5]$_DFF_P_|output887
-0.178988	SORT_STAGE[4].BLOCK[0].bitonic_block_inst.BLOCK_STAGE[4].NODE[3].bitonic_node_inst.COMP[0].comp_inst.H[11]$_DFF_P_/Q	data_out[107]	SORT_STAGE[4].BLOCK[0].bitonic_block_inst.BLOCK_STAGE[4].NODE[3].bitonic_node_inst.COMP[0].comp_inst.H[11]$_DFF_P_|output521
-0.178988	SORT_STAGE[4].BLOCK[0].bitonic_block_inst.BLOCK_STAGE[4].NODE[13].bitonic_node_inst.COMP[0].comp_inst.L[7]$_DFF_P_/Q	data_out[439]	SORT_STAGE[4].BLOCK[0].bitonic_block_inst.BLOCK_STAGE[4].NODE[13].bitonic_node_inst.COMP[0].comp_inst.L[7]$_DFF_P_|output889
-0.178979	SORT_STAGE[4].BLOCK[0].bitonic_block_inst.BLOCK_STAGE[4].NODE[2].bitonic_node_inst.COMP[0].comp_inst.L[9]$_DFF_P_/Q	data_out[89]	SORT_STAGE[4].BLOCK[0].bitonic_block_inst.BLOCK_STAGE[4].NODE[2].bitonic_node_inst.COMP[0].comp_inst.L[9]$_DFF_P_|output1012
-0.178969	SORT_STAGE[4].BLOCK[0].bitonic_block_inst.BLOCK_STAGE[4].NODE[14].bitonic_node_inst.COMP[0].comp_inst.H[0]$_DFF_P_/Q	data_out[448]	SORT_STAGE[4].BLOCK[0].bitonic_block_inst.BLOCK_STAGE[4].NODE[14].bitonic_node_inst.COMP[0].comp_inst.H[0]$_DFF_P_|output899
-0.178968	SORT_STAGE[4].BLOCK[0].bitonic_block_inst.BLOCK_STAGE[4].NODE[6].bitonic_node_inst.COMP[0].comp_inst.H[14]$_DFF_P_/Q	data_out[206]	SORT_STAGE[4].BLOCK[0].bitonic_block_inst.BLOCK_STAGE[4].NODE[6].bitonic_node_inst.COMP[0].comp_inst.H[14]$_DFF_P_|output631
-0.178966	SORT_STAGE[4].BLOCK[0].bitonic_block_inst.BLOCK_STAGE[4].NODE[5].bitonic_node_inst.COMP[0].comp_inst.H[2]$_DFF_P_/Q	data_out[162]	SORT_STAGE[4].BLOCK[0].bitonic_block_inst.BLOCK_STAGE[4].NODE[5].bitonic_node_inst.COMP[0].comp_inst.H[2]$_DFF_P_|output582
-0.178950	SORT_STAGE[4].BLOCK[0].bitonic_block_inst.BLOCK_STAGE[4].NODE[14].bitonic_node_inst.COMP[0].comp_inst.L[0]$_DFF_P_/Q	data_out[464]	SORT_STAGE[4].BLOCK[0].bitonic_block_inst.BLOCK_STAGE[4].NODE[14].bitonic_node_inst.COMP[0].comp_inst.L[0]$_DFF_P_|output917
-0.178922	SORT_STAGE[4].BLOCK[0].bitonic_block_inst.BLOCK_STAGE[4].NODE[2].bitonic_node_inst.COMP[0].comp_inst.L[10]$_DFF_P_/Q	data_out[90]	SORT_STAGE[4].BLOCK[0].bitonic_block_inst.BLOCK_STAGE[4].NODE[2].bitonic_node_inst.COMP[0].comp_inst.L[10]$_DFF_P_|output1014
-0.178919	SORT_STAGE[4].BLOCK[0].bitonic_block_inst.BLOCK_STAGE[4].NODE[14].bitonic_node_inst.COMP[0].comp_inst.H[14]$_DFF_P_/Q	data_out[462]	SORT_STAGE[4].BLOCK[0].bitonic_block_inst.BLOCK_STAGE[4].NODE[14].bitonic_node_inst.COMP[0].comp_inst.H[14]$_DFF_P_|output915
-0.178902	SORT_STAGE[4].BLOCK[0].bitonic_block_inst.BLOCK_STAGE[4].NODE[4].bitonic_node_inst.COMP[0].comp_inst.L[14]$_DFF_P_/Q	data_out[158]	SORT_STAGE[4].BLOCK[0].bitonic_block_inst.BLOCK_STAGE[4].NODE[4].bitonic_node_inst.COMP[0].comp_inst.L[14]$_DFF_P_|output577
-0.178869	SORT_STAGE[4].BLOCK[0].bitonic_block_inst.BLOCK_STAGE[4].NODE[14].bitonic_node_inst.COMP[0].comp_inst.L[15]$_DFF_P_/Q	data_out[479]	SORT_STAGE[4].BLOCK[0].bitonic_block_inst.BLOCK_STAGE[4].NODE[14].bitonic_node_inst.COMP[0].comp_inst.L[15]$_DFF_P_|output933
-0.178867	SORT_STAGE[4].BLOCK[0].bitonic_block_inst.BLOCK_STAGE[4].NODE[14].bitonic_node_inst.COMP[0].comp_inst.H[11]$_DFF_P_/Q	data_out[459]	SORT_STAGE[4].BLOCK[0].bitonic_block_inst.BLOCK_STAGE[4].NODE[14].bitonic_node_inst.COMP[0].comp_inst.H[11]$_DFF_P_|output911
-0.178854	SORT_STAGE[4].BLOCK[0].bitonic_block_inst.BLOCK_STAGE[4].NODE[2].bitonic_node_inst.COMP[0].comp_inst.L[6]$_DFF_P_/Q	data_out[86]	SORT_STAGE[4].BLOCK[0].bitonic_block_inst.BLOCK_STAGE[4].NODE[2].bitonic_node_inst.COMP[0].comp_inst.L[6]$_DFF_P_|output1009
-0.178851	SORT_STAGE[4].BLOCK[0].bitonic_block_inst.BLOCK_STAGE[4].NODE[14].bitonic_node_inst.COMP[0].comp_inst.L[1]$_DFF_P_/Q	data_out[465]	SORT_STAGE[4].BLOCK[0].bitonic_block_inst.BLOCK_STAGE[4].NODE[14].bitonic_node_inst.COMP[0].comp_inst.L[1]$_DFF_P_|output918
-0.178847	SORT_STAGE[4].BLOCK[0].bitonic_block_inst.BLOCK_STAGE[4].NODE[11].bitonic_node_inst.COMP[0].comp_inst.H[6]$_DFF_P_/Q	data_out[358]	SORT_STAGE[4].BLOCK[0].bitonic_block_inst.BLOCK_STAGE[4].NODE[11].bitonic_node_inst.COMP[0].comp_inst.H[6]$_DFF_P_|output799
-0.178806	SORT_STAGE[4].BLOCK[0].bitonic_block_inst.BLOCK_STAGE[4].NODE[3].bitonic_node_inst.COMP[0].comp_inst.H[15]$_DFF_P_/Q	data_out[111]	SORT_STAGE[4].BLOCK[0].bitonic_block_inst.BLOCK_STAGE[4].NODE[3].bitonic_node_inst.COMP[0].comp_inst.H[15]$_DFF_P_|output526
-0.178772	SORT_STAGE[4].BLOCK[0].bitonic_block_inst.BLOCK_STAGE[4].NODE[11].bitonic_node_inst.COMP[0].comp_inst.L[7]$_DFF_P_/Q	data_out[375]	SORT_STAGE[4].BLOCK[0].bitonic_block_inst.BLOCK_STAGE[4].NODE[11].bitonic_node_inst.COMP[0].comp_inst.L[7]$_DFF_P_|output818
-0.178766	SORT_STAGE[4].BLOCK[0].bitonic_block_inst.BLOCK_STAGE[4].NODE[2].bitonic_node_inst.COMP[0].comp_inst.L[11]$_DFF_P_/Q	data_out[91]	SORT_STAGE[4].BLOCK[0].bitonic_block_inst.BLOCK_STAGE[4].NODE[2].bitonic_node_inst.COMP[0].comp_inst.L[11]$_DFF_P_|output1015
-0.178744	SORT_STAGE[4].BLOCK[0].bitonic_block_inst.BLOCK_STAGE[4].NODE[13].bitonic_node_inst.COMP[0].comp_inst.L[11]$_DFF_P_/Q	data_out[443]	SORT_STAGE[4].BLOCK[0].bitonic_block_inst.BLOCK_STAGE[4].NODE[13].bitonic_node_inst.COMP[0].comp_inst.L[11]$_DFF_P_|output894
-0.178665	SORT_STAGE[4].BLOCK[0].bitonic_block_inst.BLOCK_STAGE[4].NODE[11].bitonic_node_inst.COMP[0].comp_inst.L[1]$_DFF_P_/Q	data_out[369]	SORT_STAGE[4].BLOCK[0].bitonic_block_inst.BLOCK_STAGE[4].NODE[11].bitonic_node_inst.COMP[0].comp_inst.L[1]$_DFF_P_|output811
-0.178663	SORT_STAGE[4].BLOCK[0].bitonic_block_inst.BLOCK_STAGE[4].NODE[14].bitonic_node_inst.COMP[0].comp_inst.H[1]$_DFF_P_/Q	data_out[449]	SORT_STAGE[4].BLOCK[0].bitonic_block_inst.BLOCK_STAGE[4].NODE[14].bitonic_node_inst.COMP[0].comp_inst.H[1]$_DFF_P_|output900
-0.178649	SORT_STAGE[4].BLOCK[0].bitonic_block_inst.BLOCK_STAGE[4].NODE[5].bitonic_node_inst.COMP[0].comp_inst.H[0]$_DFF_P_/Q	data_out[160]	SORT_STAGE[4].BLOCK[0].bitonic_block_inst.BLOCK_STAGE[4].NODE[5].bitonic_node_inst.COMP[0].comp_inst.H[0]$_DFF_P_|output580
-0.178635	SORT_STAGE[4].BLOCK[0].bitonic_block_inst.BLOCK_STAGE[4].NODE[4].bitonic_node_inst.COMP[0].comp_inst.L[0]$_DFF_P_/Q	data_out[144]	SORT_STAGE[4].BLOCK[0].bitonic_block_inst.BLOCK_STAGE[4].NODE[4].bitonic_node_inst.COMP[0].comp_inst.L[0]$_DFF_P_|output562
-0.178595	SORT_STAGE[4].BLOCK[0].bitonic_block_inst.BLOCK_STAGE[4].NODE[14].bitonic_node_inst.COMP[0].comp_inst.L[5]$_DFF_P_/Q	data_out[469]	SORT_STAGE[4].BLOCK[0].bitonic_block_inst.BLOCK_STAGE[4].NODE[14].bitonic_node_inst.COMP[0].comp_inst.L[5]$_DFF_P_|output922
-0.178594	SORT_STAGE[4].BLOCK[0].bitonic_block_inst.BLOCK_STAGE[4].NODE[14].bitonic_node_inst.COMP[0].comp_inst.H[5]$_DFF_P_/Q	data_out[453]	SORT_STAGE[4].BLOCK[0].bitonic_block_inst.BLOCK_STAGE[4].NODE[14].bitonic_node_inst.COMP[0].comp_inst.H[5]$_DFF_P_|output905
-0.178548	SORT_STAGE[4].BLOCK[0].bitonic_block_inst.BLOCK_STAGE[4].NODE[12].bitonic_node_inst.COMP[0].comp_inst.L[11]$_DFF_P_/Q	data_out[411]	SORT_STAGE[4].BLOCK[0].bitonic_block_inst.BLOCK_STAGE[4].NODE[12].bitonic_node_inst.COMP[0].comp_inst.L[11]$_DFF_P_|output859
-0.178528	SORT_STAGE[4].BLOCK[0].bitonic_block_inst.BLOCK_STAGE[4].NODE[2].bitonic_node_inst.COMP[0].comp_inst.L[15]$_DFF_P_/Q	data_out[95]	SORT_STAGE[4].BLOCK[0].bitonic_block_inst.BLOCK_STAGE[4].NODE[2].bitonic_node_inst.COMP[0].comp_inst.L[15]$_DFF_P_|output1019
-0.178510	SORT_STAGE[4].BLOCK[0].bitonic_block_inst.BLOCK_STAGE[4].NODE[4].bitonic_node_inst.COMP[0].comp_inst.L[13]$_DFF_P_/Q	data_out[157]	SORT_STAGE[4].BLOCK[0].bitonic_block_inst.BLOCK_STAGE[4].NODE[4].bitonic_node_inst.COMP[0].comp_inst.L[13]$_DFF_P_|output576
-0.178481	SORT_STAGE[4].BLOCK[0].bitonic_block_inst.BLOCK_STAGE[4].NODE[13].bitonic_node_inst.COMP[0].comp_inst.H[11]$_DFF_P_/Q	data_out[427]	SORT_STAGE[4].BLOCK[0].bitonic_block_inst.BLOCK_STAGE[4].NODE[13].bitonic_node_inst.COMP[0].comp_inst.H[11]$_DFF_P_|output876
-0.178475	SORT_STAGE[4].BLOCK[0].bitonic_block_inst.BLOCK_STAGE[4].NODE[11].bitonic_node_inst.COMP[0].comp_inst.L[2]$_DFF_P_/Q	data_out[370]	SORT_STAGE[4].BLOCK[0].bitonic_block_inst.BLOCK_STAGE[4].NODE[11].bitonic_node_inst.COMP[0].comp_inst.L[2]$_DFF_P_|output813
-0.178474	SORT_STAGE[4].BLOCK[0].bitonic_block_inst.BLOCK_STAGE[4].NODE[3].bitonic_node_inst.COMP[0].comp_inst.L[6]$_DFF_P_/Q	data_out[118]	SORT_STAGE[4].BLOCK[0].bitonic_block_inst.BLOCK_STAGE[4].NODE[3].bitonic_node_inst.COMP[0].comp_inst.L[6]$_DFF_P_|output533
-0.178464	SORT_STAGE[4].BLOCK[0].bitonic_block_inst.BLOCK_STAGE[4].NODE[13].bitonic_node_inst.COMP[0].comp_inst.H[7]$_DFF_P_/Q	data_out[423]	SORT_STAGE[4].BLOCK[0].bitonic_block_inst.BLOCK_STAGE[4].NODE[13].bitonic_node_inst.COMP[0].comp_inst.H[7]$_DFF_P_|output872
-0.178433	SORT_STAGE[4].BLOCK[0].bitonic_block_inst.BLOCK_STAGE[4].NODE[2].bitonic_node_inst.COMP[0].comp_inst.L[1]$_DFF_P_/Q	data_out[81]	SORT_STAGE[4].BLOCK[0].bitonic_block_inst.BLOCK_STAGE[4].NODE[2].bitonic_node_inst.COMP[0].comp_inst.L[1]$_DFF_P_|output1004
-0.178407	SORT_STAGE[4].BLOCK[0].bitonic_block_inst.BLOCK_STAGE[4].NODE[14].bitonic_node_inst.COMP[0].comp_inst.L[6]$_DFF_P_/Q	data_out[470]	SORT_STAGE[4].BLOCK[0].bitonic_block_inst.BLOCK_STAGE[4].NODE[14].bitonic_node_inst.COMP[0].comp_inst.L[6]$_DFF_P_|output924
-0.178388	SORT_STAGE[4].BLOCK[0].bitonic_block_inst.BLOCK_STAGE[4].NODE[6].bitonic_node_inst.COMP[0].comp_inst.L[15]$_DFF_P_/Q	data_out[223]	SORT_STAGE[4].BLOCK[0].bitonic_block_inst.BLOCK_STAGE[4].NODE[6].bitonic_node_inst.COMP[0].comp_inst.L[15]$_DFF_P_|output650
-0.178380	SORT_STAGE[4].BLOCK[0].bitonic_block_inst.BLOCK_STAGE[4].NODE[11].bitonic_node_inst.COMP[0].comp_inst.L[4]$_DFF_P_/Q	data_out[372]	SORT_STAGE[4].BLOCK[0].bitonic_block_inst.BLOCK_STAGE[4].NODE[11].bitonic_node_inst.COMP[0].comp_inst.L[4]$_DFF_P_|output815
-0.178331	SORT_STAGE[4].BLOCK[0].bitonic_block_inst.BLOCK_STAGE[4].NODE[15].bitonic_node_inst.COMP[0].comp_inst.L[12]$_DFF_P_/Q	data_out[508]	SORT_STAGE[4].BLOCK[0].bitonic_block_inst.BLOCK_STAGE[4].NODE[15].bitonic_node_inst.COMP[0].comp_inst.L[12]$_DFF_P_|output966
-0.178324	SORT_STAGE[4].BLOCK[0].bitonic_block_inst.BLOCK_STAGE[4].NODE[11].bitonic_node_inst.COMP[0].comp_inst.L[10]$_DFF_P_/Q	data_out[378]	SORT_STAGE[4].BLOCK[0].bitonic_block_inst.BLOCK_STAGE[4].NODE[11].bitonic_node_inst.COMP[0].comp_inst.L[10]$_DFF_P_|output821
-0.178293	SORT_STAGE[4].BLOCK[0].bitonic_block_inst.BLOCK_STAGE[4].NODE[11].bitonic_node_inst.COMP[0].comp_inst.H[0]$_DFF_P_/Q	data_out[352]	SORT_STAGE[4].BLOCK[0].bitonic_block_inst.BLOCK_STAGE[4].NODE[11].bitonic_node_inst.COMP[0].comp_inst.H[0]$_DFF_P_|output793
-0.178291	SORT_STAGE[4].BLOCK[0].bitonic_block_inst.BLOCK_STAGE[4].NODE[5].bitonic_node_inst.COMP[0].comp_inst.H[10]$_DFF_P_/Q	data_out[170]	SORT_STAGE[4].BLOCK[0].bitonic_block_inst.BLOCK_STAGE[4].NODE[5].bitonic_node_inst.COMP[0].comp_inst.H[10]$_DFF_P_|output591
-0.178274	SORT_STAGE[4].BLOCK[0].bitonic_block_inst.BLOCK_STAGE[4].NODE[14].bitonic_node_inst.COMP[0].comp_inst.H[6]$_DFF_P_/Q	data_out[454]	SORT_STAGE[4].BLOCK[0].bitonic_block_inst.BLOCK_STAGE[4].NODE[14].bitonic_node_inst.COMP[0].comp_inst.H[6]$_DFF_P_|output906
-0.178266	SORT_STAGE[4].BLOCK[0].bitonic_block_inst.BLOCK_STAGE[4].NODE[4].bitonic_node_inst.COMP[0].comp_inst.L[1]$_DFF_P_/Q	data_out[145]	SORT_STAGE[4].BLOCK[0].bitonic_block_inst.BLOCK_STAGE[4].NODE[4].bitonic_node_inst.COMP[0].comp_inst.L[1]$_DFF_P_|output563
-0.178253	SORT_STAGE[4].BLOCK[0].bitonic_block_inst.BLOCK_STAGE[4].NODE[2].bitonic_node_inst.COMP[0].comp_inst.H[4]$_DFF_P_/Q	data_out[68]	SORT_STAGE[4].BLOCK[0].bitonic_block_inst.BLOCK_STAGE[4].NODE[2].bitonic_node_inst.COMP[0].comp_inst.H[4]$_DFF_P_|output989
-0.178182	SORT_STAGE[4].BLOCK[0].bitonic_block_inst.BLOCK_STAGE[4].NODE[6].bitonic_node_inst.COMP[0].comp_inst.H[11]$_DFF_P_/Q	data_out[203]	SORT_STAGE[4].BLOCK[0].bitonic_block_inst.BLOCK_STAGE[4].NODE[6].bitonic_node_inst.COMP[0].comp_inst.H[11]$_DFF_P_|output628
-0.178170	SORT_STAGE[4].BLOCK[0].bitonic_block_inst.BLOCK_STAGE[4].NODE[2].bitonic_node_inst.COMP[0].comp_inst.H[3]$_DFF_P_/Q	data_out[67]	SORT_STAGE[4].BLOCK[0].bitonic_block_inst.BLOCK_STAGE[4].NODE[2].bitonic_node_inst.COMP[0].comp_inst.H[3]$_DFF_P_|output988
-0.178156	SORT_STAGE[4].BLOCK[0].bitonic_block_inst.BLOCK_STAGE[4].NODE[4].bitonic_node_inst.COMP[0].comp_inst.H[1]$_DFF_P_/Q	data_out[129]	SORT_STAGE[4].BLOCK[0].bitonic_block_inst.BLOCK_STAGE[4].NODE[4].bitonic_node_inst.COMP[0].comp_inst.H[1]$_DFF_P_|output545
-0.178132	SORT_STAGE[4].BLOCK[0].bitonic_block_inst.BLOCK_STAGE[4].NODE[11].bitonic_node_inst.COMP[0].comp_inst.H[3]$_DFF_P_/Q	data_out[355]	SORT_STAGE[4].BLOCK[0].bitonic_block_inst.BLOCK_STAGE[4].NODE[11].bitonic_node_inst.COMP[0].comp_inst.H[3]$_DFF_P_|output796
-0.178127	SORT_STAGE[4].BLOCK[0].bitonic_block_inst.BLOCK_STAGE[4].NODE[2].bitonic_node_inst.COMP[0].comp_inst.H[11]$_DFF_P_/Q	data_out[75]	SORT_STAGE[4].BLOCK[0].bitonic_block_inst.BLOCK_STAGE[4].NODE[2].bitonic_node_inst.COMP[0].comp_inst.H[11]$_DFF_P_|output997
-0.178121	SORT_STAGE[4].BLOCK[0].bitonic_block_inst.BLOCK_STAGE[4].NODE[11].bitonic_node_inst.COMP[0].comp_inst.H[4]$_DFF_P_/Q	data_out[356]	SORT_STAGE[4].BLOCK[0].bitonic_block_inst.BLOCK_STAGE[4].NODE[11].bitonic_node_inst.COMP[0].comp_inst.H[4]$_DFF_P_|output797
-0.178106	SORT_STAGE[4].BLOCK[0].bitonic_block_inst.BLOCK_STAGE[4].NODE[10].bitonic_node_inst.COMP[0].comp_inst.H[0]$_DFF_P_/Q	data_out[320]	SORT_STAGE[4].BLOCK[0].bitonic_block_inst.BLOCK_STAGE[4].NODE[10].bitonic_node_inst.COMP[0].comp_inst.H[0]$_DFF_P_|output758
-0.178086	SORT_STAGE[4].BLOCK[0].bitonic_block_inst.BLOCK_STAGE[4].NODE[0].bitonic_node_inst.COMP[0].comp_inst.H[13]$_DFF_P_/Q	data_out[13]	SORT_STAGE[4].BLOCK[0].bitonic_block_inst.BLOCK_STAGE[4].NODE[0].bitonic_node_inst.COMP[0].comp_inst.H[13]$_DFF_P_|output557
-0.178083	SORT_STAGE[4].BLOCK[0].bitonic_block_inst.BLOCK_STAGE[4].NODE[5].bitonic_node_inst.COMP[0].comp_inst.L[3]$_DFF_P_/Q	data_out[179]	SORT_STAGE[4].BLOCK[0].bitonic_block_inst.BLOCK_STAGE[4].NODE[5].bitonic_node_inst.COMP[0].comp_inst.L[3]$_DFF_P_|output600
-0.178082	SORT_STAGE[4].BLOCK[0].bitonic_block_inst.BLOCK_STAGE[4].NODE[6].bitonic_node_inst.COMP[0].comp_inst.L[14]$_DFF_P_/Q	data_out[222]	SORT_STAGE[4].BLOCK[0].bitonic_block_inst.BLOCK_STAGE[4].NODE[6].bitonic_node_inst.COMP[0].comp_inst.L[14]$_DFF_P_|output649
-0.178068	SORT_STAGE[4].BLOCK[0].bitonic_block_inst.BLOCK_STAGE[4].NODE[11].bitonic_node_inst.COMP[0].comp_inst.H[1]$_DFF_P_/Q	data_out[353]	SORT_STAGE[4].BLOCK[0].bitonic_block_inst.BLOCK_STAGE[4].NODE[11].bitonic_node_inst.COMP[0].comp_inst.H[1]$_DFF_P_|output794
-0.178045	SORT_STAGE[4].BLOCK[0].bitonic_block_inst.BLOCK_STAGE[4].NODE[9].bitonic_node_inst.COMP[0].comp_inst.H[1]$_DFF_P_/Q	data_out[289]	SORT_STAGE[4].BLOCK[0].bitonic_block_inst.BLOCK_STAGE[4].NODE[9].bitonic_node_inst.COMP[0].comp_inst.H[1]$_DFF_P_|output722
-0.178024	SORT_STAGE[4].BLOCK[0].bitonic_block_inst.BLOCK_STAGE[4].NODE[4].bitonic_node_inst.COMP[0].comp_inst.H[12]$_DFF_P_/Q	data_out[140]	SORT_STAGE[4].BLOCK[0].bitonic_block_inst.BLOCK_STAGE[4].NODE[4].bitonic_node_inst.COMP[0].comp_inst.H[12]$_DFF_P_|output558
-0.177986	SORT_STAGE[4].BLOCK[0].bitonic_block_inst.BLOCK_STAGE[4].NODE[6].bitonic_node_inst.COMP[0].comp_inst.L[10]$_DFF_P_/Q	data_out[218]	SORT_STAGE[4].BLOCK[0].bitonic_block_inst.BLOCK_STAGE[4].NODE[6].bitonic_node_inst.COMP[0].comp_inst.L[10]$_DFF_P_|output644
-0.177948	SORT_STAGE[4].BLOCK[0].bitonic_block_inst.BLOCK_STAGE[4].NODE[13].bitonic_node_inst.COMP[0].comp_inst.L[10]$_DFF_P_/Q	data_out[442]	SORT_STAGE[4].BLOCK[0].bitonic_block_inst.BLOCK_STAGE[4].NODE[13].bitonic_node_inst.COMP[0].comp_inst.L[10]$_DFF_P_|output893
-0.177943	SORT_STAGE[4].BLOCK[0].bitonic_block_inst.BLOCK_STAGE[4].NODE[4].bitonic_node_inst.COMP[0].comp_inst.H[13]$_DFF_P_/Q	data_out[141]	SORT_STAGE[4].BLOCK[0].bitonic_block_inst.BLOCK_STAGE[4].NODE[4].bitonic_node_inst.COMP[0].comp_inst.H[13]$_DFF_P_|output559
-0.177942	SORT_STAGE[4].BLOCK[0].bitonic_block_inst.BLOCK_STAGE[4].NODE[2].bitonic_node_inst.COMP[0].comp_inst.L[13]$_DFF_P_/Q	data_out[93]	SORT_STAGE[4].BLOCK[0].bitonic_block_inst.BLOCK_STAGE[4].NODE[2].bitonic_node_inst.COMP[0].comp_inst.L[13]$_DFF_P_|output1017
-0.177936	SORT_STAGE[4].BLOCK[0].bitonic_block_inst.BLOCK_STAGE[4].NODE[11].bitonic_node_inst.COMP[0].comp_inst.L[15]$_DFF_P_/Q	data_out[383]	SORT_STAGE[4].BLOCK[0].bitonic_block_inst.BLOCK_STAGE[4].NODE[11].bitonic_node_inst.COMP[0].comp_inst.L[15]$_DFF_P_|output827
-0.177844	SORT_STAGE[4].BLOCK[0].bitonic_block_inst.BLOCK_STAGE[4].NODE[6].bitonic_node_inst.COMP[0].comp_inst.L[11]$_DFF_P_/Q	data_out[219]	SORT_STAGE[4].BLOCK[0].bitonic_block_inst.BLOCK_STAGE[4].NODE[6].bitonic_node_inst.COMP[0].comp_inst.L[11]$_DFF_P_|output645
-0.177839	SORT_STAGE[4].BLOCK[0].bitonic_block_inst.BLOCK_STAGE[4].NODE[7].bitonic_node_inst.COMP[0].comp_inst.L[13]$_DFF_P_/Q	data_out[253]	SORT_STAGE[4].BLOCK[0].bitonic_block_inst.BLOCK_STAGE[4].NODE[7].bitonic_node_inst.COMP[0].comp_inst.L[13]$_DFF_P_|output683
-0.177820	SORT_STAGE[4].BLOCK[0].bitonic_block_inst.BLOCK_STAGE[4].NODE[11].bitonic_node_inst.COMP[0].comp_inst.L[3]$_DFF_P_/Q	data_out[371]	SORT_STAGE[4].BLOCK[0].bitonic_block_inst.BLOCK_STAGE[4].NODE[11].bitonic_node_inst.COMP[0].comp_inst.L[3]$_DFF_P_|output814
-0.177816	SORT_STAGE[4].BLOCK[0].bitonic_block_inst.BLOCK_STAGE[4].NODE[6].bitonic_node_inst.COMP[0].comp_inst.H[10]$_DFF_P_/Q	data_out[202]	SORT_STAGE[4].BLOCK[0].bitonic_block_inst.BLOCK_STAGE[4].NODE[6].bitonic_node_inst.COMP[0].comp_inst.H[10]$_DFF_P_|output627
-0.177791	SORT_STAGE[4].BLOCK[0].bitonic_block_inst.BLOCK_STAGE[4].NODE[2].bitonic_node_inst.COMP[0].comp_inst.L[12]$_DFF_P_/Q	data_out[92]	SORT_STAGE[4].BLOCK[0].bitonic_block_inst.BLOCK_STAGE[4].NODE[2].bitonic_node_inst.COMP[0].comp_inst.L[12]$_DFF_P_|output1016
-0.177787	SORT_STAGE[4].BLOCK[0].bitonic_block_inst.BLOCK_STAGE[4].NODE[2].bitonic_node_inst.COMP[0].comp_inst.L[8]$_DFF_P_/Q	data_out[88]	SORT_STAGE[4].BLOCK[0].bitonic_block_inst.BLOCK_STAGE[4].NODE[2].bitonic_node_inst.COMP[0].comp_inst.L[8]$_DFF_P_|output1011
-0.177773	SORT_STAGE[4].BLOCK[0].bitonic_block_inst.BLOCK_STAGE[4].NODE[6].bitonic_node_inst.COMP[0].comp_inst.H[12]$_DFF_P_/Q	data_out[204]	SORT_STAGE[4].BLOCK[0].bitonic_block_inst.BLOCK_STAGE[4].NODE[6].bitonic_node_inst.COMP[0].comp_inst.H[12]$_DFF_P_|output629
-0.177759	SORT_STAGE[4].BLOCK[0].bitonic_block_inst.BLOCK_STAGE[4].NODE[13].bitonic_node_inst.COMP[0].comp_inst.H[5]$_DFF_P_/Q	data_out[421]	SORT_STAGE[4].BLOCK[0].bitonic_block_inst.BLOCK_STAGE[4].NODE[13].bitonic_node_inst.COMP[0].comp_inst.H[5]$_DFF_P_|output870
-0.177743	SORT_STAGE[4].BLOCK[0].bitonic_block_inst.BLOCK_STAGE[4].NODE[3].bitonic_node_inst.COMP[0].comp_inst.H[13]$_DFF_P_/Q	data_out[109]	SORT_STAGE[4].BLOCK[0].bitonic_block_inst.BLOCK_STAGE[4].NODE[3].bitonic_node_inst.COMP[0].comp_inst.H[13]$_DFF_P_|output523
-0.177704	SORT_STAGE[4].BLOCK[0].bitonic_block_inst.BLOCK_STAGE[4].NODE[6].bitonic_node_inst.COMP[0].comp_inst.H[9]$_DFF_P_/Q	data_out[201]	SORT_STAGE[4].BLOCK[0].bitonic_block_inst.BLOCK_STAGE[4].NODE[6].bitonic_node_inst.COMP[0].comp_inst.H[9]$_DFF_P_|output626
-0.177693	SORT_STAGE[4].BLOCK[0].bitonic_block_inst.BLOCK_STAGE[4].NODE[5].bitonic_node_inst.COMP[0].comp_inst.H[8]$_DFF_P_/Q	data_out[168]	SORT_STAGE[4].BLOCK[0].bitonic_block_inst.BLOCK_STAGE[4].NODE[5].bitonic_node_inst.COMP[0].comp_inst.H[8]$_DFF_P_|output588
-0.177691	SORT_STAGE[4].BLOCK[0].bitonic_block_inst.BLOCK_STAGE[4].NODE[2].bitonic_node_inst.COMP[0].comp_inst.H[1]$_DFF_P_/Q	data_out[65]	SORT_STAGE[4].BLOCK[0].bitonic_block_inst.BLOCK_STAGE[4].NODE[2].bitonic_node_inst.COMP[0].comp_inst.H[1]$_DFF_P_|output986
-0.177680	SORT_STAGE[4].BLOCK[0].bitonic_block_inst.BLOCK_STAGE[4].NODE[3].bitonic_node_inst.COMP[0].comp_inst.H[9]$_DFF_P_/Q	data_out[105]	SORT_STAGE[4].BLOCK[0].bitonic_block_inst.BLOCK_STAGE[4].NODE[3].bitonic_node_inst.COMP[0].comp_inst.H[9]$_DFF_P_|output519
-0.177632	SORT_STAGE[4].BLOCK[0].bitonic_block_inst.BLOCK_STAGE[4].NODE[4].bitonic_node_inst.COMP[0].comp_inst.L[2]$_DFF_P_/Q	data_out[146]	SORT_STAGE[4].BLOCK[0].bitonic_block_inst.BLOCK_STAGE[4].NODE[4].bitonic_node_inst.COMP[0].comp_inst.L[2]$_DFF_P_|output564
-0.177560	SORT_STAGE[4].BLOCK[0].bitonic_block_inst.BLOCK_STAGE[4].NODE[3].bitonic_node_inst.COMP[0].comp_inst.H[4]$_DFF_P_/Q	data_out[100]	SORT_STAGE[4].BLOCK[0].bitonic_block_inst.BLOCK_STAGE[4].NODE[3].bitonic_node_inst.COMP[0].comp_inst.H[4]$_DFF_P_|output514
-0.177464	SORT_STAGE[4].BLOCK[0].bitonic_block_inst.BLOCK_STAGE[4].NODE[3].bitonic_node_inst.COMP[0].comp_inst.H[14]$_DFF_P_/Q	data_out[110]	SORT_STAGE[4].BLOCK[0].bitonic_block_inst.BLOCK_STAGE[4].NODE[3].bitonic_node_inst.COMP[0].comp_inst.H[14]$_DFF_P_|output525
-0.177460	SORT_STAGE[4].BLOCK[0].bitonic_block_inst.BLOCK_STAGE[4].NODE[2].bitonic_node_inst.COMP[0].comp_inst.L[4]$_DFF_P_/Q	data_out[84]	SORT_STAGE[4].BLOCK[0].bitonic_block_inst.BLOCK_STAGE[4].NODE[2].bitonic_node_inst.COMP[0].comp_inst.L[4]$_DFF_P_|output1007
-0.177456	SORT_STAGE[4].BLOCK[0].bitonic_block_inst.BLOCK_STAGE[4].NODE[13].bitonic_node_inst.COMP[0].comp_inst.L[2]$_DFF_P_/Q	data_out[434]	SORT_STAGE[4].BLOCK[0].bitonic_block_inst.BLOCK_STAGE[4].NODE[13].bitonic_node_inst.COMP[0].comp_inst.L[2]$_DFF_P_|output884
-0.177452	SORT_STAGE[4].BLOCK[0].bitonic_block_inst.BLOCK_STAGE[4].NODE[6].bitonic_node_inst.COMP[0].comp_inst.H[13]$_DFF_P_/Q	data_out[205]	SORT_STAGE[4].BLOCK[0].bitonic_block_inst.BLOCK_STAGE[4].NODE[6].bitonic_node_inst.COMP[0].comp_inst.H[13]$_DFF_P_|output630
-0.177447	SORT_STAGE[4].BLOCK[0].bitonic_block_inst.BLOCK_STAGE[4].NODE[10].bitonic_node_inst.COMP[0].comp_inst.L[0]$_DFF_P_/Q	data_out[336]	SORT_STAGE[4].BLOCK[0].bitonic_block_inst.BLOCK_STAGE[4].NODE[10].bitonic_node_inst.COMP[0].comp_inst.L[0]$_DFF_P_|output775
-0.177442	SORT_STAGE[4].BLOCK[0].bitonic_block_inst.BLOCK_STAGE[4].NODE[12].bitonic_node_inst.COMP[0].comp_inst.L[1]$_DFF_P_/Q	data_out[401]	SORT_STAGE[4].BLOCK[0].bitonic_block_inst.BLOCK_STAGE[4].NODE[12].bitonic_node_inst.COMP[0].comp_inst.L[1]$_DFF_P_|output848
-0.177436	SORT_STAGE[4].BLOCK[0].bitonic_block_inst.BLOCK_STAGE[4].NODE[9].bitonic_node_inst.COMP[0].comp_inst.L[1]$_DFF_P_/Q	data_out[305]	SORT_STAGE[4].BLOCK[0].bitonic_block_inst.BLOCK_STAGE[4].NODE[9].bitonic_node_inst.COMP[0].comp_inst.L[1]$_DFF_P_|output741
-0.177425	SORT_STAGE[4].BLOCK[0].bitonic_block_inst.BLOCK_STAGE[4].NODE[11].bitonic_node_inst.COMP[0].comp_inst.H[11]$_DFF_P_/Q	data_out[363]	SORT_STAGE[4].BLOCK[0].bitonic_block_inst.BLOCK_STAGE[4].NODE[11].bitonic_node_inst.COMP[0].comp_inst.H[11]$_DFF_P_|output805
-0.177403	SORT_STAGE[4].BLOCK[0].bitonic_block_inst.BLOCK_STAGE[4].NODE[13].bitonic_node_inst.COMP[0].comp_inst.H[2]$_DFF_P_/Q	data_out[418]	SORT_STAGE[4].BLOCK[0].bitonic_block_inst.BLOCK_STAGE[4].NODE[13].bitonic_node_inst.COMP[0].comp_inst.H[2]$_DFF_P_|output866
-0.177398	SORT_STAGE[4].BLOCK[0].bitonic_block_inst.BLOCK_STAGE[4].NODE[5].bitonic_node_inst.COMP[0].comp_inst.H[11]$_DFF_P_/Q	data_out[171]	SORT_STAGE[4].BLOCK[0].bitonic_block_inst.BLOCK_STAGE[4].NODE[5].bitonic_node_inst.COMP[0].comp_inst.H[11]$_DFF_P_|output592
-0.177391	SORT_STAGE[4].BLOCK[0].bitonic_block_inst.BLOCK_STAGE[4].NODE[6].bitonic_node_inst.COMP[0].comp_inst.L[4]$_DFF_P_/Q	data_out[212]	SORT_STAGE[4].BLOCK[0].bitonic_block_inst.BLOCK_STAGE[4].NODE[6].bitonic_node_inst.COMP[0].comp_inst.L[4]$_DFF_P_|output638
-0.177371	SORT_STAGE[4].BLOCK[0].bitonic_block_inst.BLOCK_STAGE[4].NODE[10].bitonic_node_inst.COMP[0].comp_inst.L[7]$_DFF_P_/Q	data_out[343]	SORT_STAGE[4].BLOCK[0].bitonic_block_inst.BLOCK_STAGE[4].NODE[10].bitonic_node_inst.COMP[0].comp_inst.L[7]$_DFF_P_|output783
-0.177350	SORT_STAGE[4].BLOCK[0].bitonic_block_inst.BLOCK_STAGE[4].NODE[15].bitonic_node_inst.COMP[0].comp_inst.L[8]$_DFF_P_/Q	data_out[504]	SORT_STAGE[4].BLOCK[0].bitonic_block_inst.BLOCK_STAGE[4].NODE[15].bitonic_node_inst.COMP[0].comp_inst.L[8]$_DFF_P_|output962
-0.177349	SORT_STAGE[4].BLOCK[0].bitonic_block_inst.BLOCK_STAGE[4].NODE[6].bitonic_node_inst.COMP[0].comp_inst.L[5]$_DFF_P_/Q	data_out[213]	SORT_STAGE[4].BLOCK[0].bitonic_block_inst.BLOCK_STAGE[4].NODE[6].bitonic_node_inst.COMP[0].comp_inst.L[5]$_DFF_P_|output639
-0.177335	SORT_STAGE[4].BLOCK[0].bitonic_block_inst.BLOCK_STAGE[4].NODE[4].bitonic_node_inst.COMP[0].comp_inst.H[14]$_DFF_P_/Q	data_out[142]	SORT_STAGE[4].BLOCK[0].bitonic_block_inst.BLOCK_STAGE[4].NODE[4].bitonic_node_inst.COMP[0].comp_inst.H[14]$_DFF_P_|output560
-0.177330	SORT_STAGE[4].BLOCK[0].bitonic_block_inst.BLOCK_STAGE[4].NODE[6].bitonic_node_inst.COMP[0].comp_inst.L[12]$_DFF_P_/Q	data_out[220]	SORT_STAGE[4].BLOCK[0].bitonic_block_inst.BLOCK_STAGE[4].NODE[6].bitonic_node_inst.COMP[0].comp_inst.L[12]$_DFF_P_|output647
-0.177282	SORT_STAGE[4].BLOCK[0].bitonic_block_inst.BLOCK_STAGE[4].NODE[2].bitonic_node_inst.COMP[0].comp_inst.H[15]$_DFF_P_/Q	data_out[79]	SORT_STAGE[4].BLOCK[0].bitonic_block_inst.BLOCK_STAGE[4].NODE[2].bitonic_node_inst.COMP[0].comp_inst.H[15]$_DFF_P_|output1001
-0.177264	SORT_STAGE[4].BLOCK[0].bitonic_block_inst.BLOCK_STAGE[4].NODE[12].bitonic_node_inst.COMP[0].comp_inst.H[10]$_DFF_P_/Q	data_out[394]	SORT_STAGE[4].BLOCK[0].bitonic_block_inst.BLOCK_STAGE[4].NODE[12].bitonic_node_inst.COMP[0].comp_inst.H[10]$_DFF_P_|output839
-0.177260	SORT_STAGE[4].BLOCK[0].bitonic_block_inst.BLOCK_STAGE[4].NODE[11].bitonic_node_inst.COMP[0].comp_inst.L[6]$_DFF_P_/Q	data_out[374]	SORT_STAGE[4].BLOCK[0].bitonic_block_inst.BLOCK_STAGE[4].NODE[11].bitonic_node_inst.COMP[0].comp_inst.L[6]$_DFF_P_|output817
-0.177235	SORT_STAGE[4].BLOCK[0].bitonic_block_inst.BLOCK_STAGE[4].NODE[6].bitonic_node_inst.COMP[0].comp_inst.L[13]$_DFF_P_/Q	data_out[221]	SORT_STAGE[4].BLOCK[0].bitonic_block_inst.BLOCK_STAGE[4].NODE[6].bitonic_node_inst.COMP[0].comp_inst.L[13]$_DFF_P_|output648
-0.177224	SORT_STAGE[4].BLOCK[0].bitonic_block_inst.BLOCK_STAGE[4].NODE[6].bitonic_node_inst.COMP[0].comp_inst.H[8]$_DFF_P_/Q	data_out[200]	SORT_STAGE[4].BLOCK[0].bitonic_block_inst.BLOCK_STAGE[4].NODE[6].bitonic_node_inst.COMP[0].comp_inst.H[8]$_DFF_P_|output625
-0.177208	SORT_STAGE[4].BLOCK[0].bitonic_block_inst.BLOCK_STAGE[4].NODE[2].bitonic_node_inst.COMP[0].comp_inst.H[8]$_DFF_P_/Q	data_out[72]	SORT_STAGE[4].BLOCK[0].bitonic_block_inst.BLOCK_STAGE[4].NODE[2].bitonic_node_inst.COMP[0].comp_inst.H[8]$_DFF_P_|output994
-0.177197	SORT_STAGE[4].BLOCK[0].bitonic_block_inst.BLOCK_STAGE[4].NODE[7].bitonic_node_inst.COMP[0].comp_inst.L[14]$_DFF_P_/Q	data_out[254]	SORT_STAGE[4].BLOCK[0].bitonic_block_inst.BLOCK_STAGE[4].NODE[7].bitonic_node_inst.COMP[0].comp_inst.L[14]$_DFF_P_|output684
-0.177194	SORT_STAGE[4].BLOCK[0].bitonic_block_inst.BLOCK_STAGE[4].NODE[11].bitonic_node_inst.COMP[0].comp_inst.L[8]$_DFF_P_/Q	data_out[376]	SORT_STAGE[4].BLOCK[0].bitonic_block_inst.BLOCK_STAGE[4].NODE[11].bitonic_node_inst.COMP[0].comp_inst.L[8]$_DFF_P_|output819
-0.177188	SORT_STAGE[4].BLOCK[0].bitonic_block_inst.BLOCK_STAGE[4].NODE[10].bitonic_node_inst.COMP[0].comp_inst.H[9]$_DFF_P_/Q	data_out[329]	SORT_STAGE[4].BLOCK[0].bitonic_block_inst.BLOCK_STAGE[4].NODE[10].bitonic_node_inst.COMP[0].comp_inst.H[9]$_DFF_P_|output767
-0.177187	SORT_STAGE[4].BLOCK[0].bitonic_block_inst.BLOCK_STAGE[4].NODE[4].bitonic_node_inst.COMP[0].comp_inst.H[8]$_DFF_P_/Q	data_out[136]	SORT_STAGE[4].BLOCK[0].bitonic_block_inst.BLOCK_STAGE[4].NODE[4].bitonic_node_inst.COMP[0].comp_inst.H[8]$_DFF_P_|output553
-0.177183	SORT_STAGE[4].BLOCK[0].bitonic_block_inst.BLOCK_STAGE[4].NODE[4].bitonic_node_inst.COMP[0].comp_inst.L[8]$_DFF_P_/Q	data_out[152]	SORT_STAGE[4].BLOCK[0].bitonic_block_inst.BLOCK_STAGE[4].NODE[4].bitonic_node_inst.COMP[0].comp_inst.L[8]$_DFF_P_|output571
-0.177176	SORT_STAGE[4].BLOCK[0].bitonic_block_inst.BLOCK_STAGE[4].NODE[2].bitonic_node_inst.COMP[0].comp_inst.L[3]$_DFF_P_/Q	data_out[83]	SORT_STAGE[4].BLOCK[0].bitonic_block_inst.BLOCK_STAGE[4].NODE[2].bitonic_node_inst.COMP[0].comp_inst.L[3]$_DFF_P_|output1006
-0.177172	SORT_STAGE[4].BLOCK[0].bitonic_block_inst.BLOCK_STAGE[4].NODE[3].bitonic_node_inst.COMP[0].comp_inst.L[9]$_DFF_P_/Q	data_out[121]	SORT_STAGE[4].BLOCK[0].bitonic_block_inst.BLOCK_STAGE[4].NODE[3].bitonic_node_inst.COMP[0].comp_inst.L[9]$_DFF_P_|output537
-0.177169	SORT_STAGE[4].BLOCK[0].bitonic_block_inst.BLOCK_STAGE[4].NODE[2].bitonic_node_inst.COMP[0].comp_inst.H[13]$_DFF_P_/Q	data_out[77]	SORT_STAGE[4].BLOCK[0].bitonic_block_inst.BLOCK_STAGE[4].NODE[2].bitonic_node_inst.COMP[0].comp_inst.H[13]$_DFF_P_|output999
-0.177168	SORT_STAGE[4].BLOCK[0].bitonic_block_inst.BLOCK_STAGE[4].NODE[12].bitonic_node_inst.COMP[0].comp_inst.L[8]$_DFF_P_/Q	data_out[408]	SORT_STAGE[4].BLOCK[0].bitonic_block_inst.BLOCK_STAGE[4].NODE[12].bitonic_node_inst.COMP[0].comp_inst.L[8]$_DFF_P_|output855
-0.177153	SORT_STAGE[4].BLOCK[0].bitonic_block_inst.BLOCK_STAGE[4].NODE[4].bitonic_node_inst.COMP[0].comp_inst.H[3]$_DFF_P_/Q	data_out[131]	SORT_STAGE[4].BLOCK[0].bitonic_block_inst.BLOCK_STAGE[4].NODE[4].bitonic_node_inst.COMP[0].comp_inst.H[3]$_DFF_P_|output548
-0.177148	SORT_STAGE[4].BLOCK[0].bitonic_block_inst.BLOCK_STAGE[4].NODE[11].bitonic_node_inst.COMP[0].comp_inst.H[2]$_DFF_P_/Q	data_out[354]	SORT_STAGE[4].BLOCK[0].bitonic_block_inst.BLOCK_STAGE[4].NODE[11].bitonic_node_inst.COMP[0].comp_inst.H[2]$_DFF_P_|output795
-0.177100	SORT_STAGE[4].BLOCK[0].bitonic_block_inst.BLOCK_STAGE[4].NODE[11].bitonic_node_inst.COMP[0].comp_inst.H[12]$_DFF_P_/Q	data_out[364]	SORT_STAGE[4].BLOCK[0].bitonic_block_inst.BLOCK_STAGE[4].NODE[11].bitonic_node_inst.COMP[0].comp_inst.H[12]$_DFF_P_|output806
-0.177095	SORT_STAGE[4].BLOCK[0].bitonic_block_inst.BLOCK_STAGE[4].NODE[6].bitonic_node_inst.COMP[0].comp_inst.L[3]$_DFF_P_/Q	data_out[211]	SORT_STAGE[4].BLOCK[0].bitonic_block_inst.BLOCK_STAGE[4].NODE[6].bitonic_node_inst.COMP[0].comp_inst.L[3]$_DFF_P_|output637
-0.177087	SORT_STAGE[4].BLOCK[0].bitonic_block_inst.BLOCK_STAGE[4].NODE[2].bitonic_node_inst.COMP[0].comp_inst.H[0]$_DFF_P_/Q	data_out[64]	SORT_STAGE[4].BLOCK[0].bitonic_block_inst.BLOCK_STAGE[4].NODE[2].bitonic_node_inst.COMP[0].comp_inst.H[0]$_DFF_P_|output985
-0.177072	SORT_STAGE[4].BLOCK[0].bitonic_block_inst.BLOCK_STAGE[4].NODE[3].bitonic_node_inst.COMP[0].comp_inst.L[5]$_DFF_P_/Q	data_out[117]	SORT_STAGE[4].BLOCK[0].bitonic_block_inst.BLOCK_STAGE[4].NODE[3].bitonic_node_inst.COMP[0].comp_inst.L[5]$_DFF_P_|output532
-0.177061	SORT_STAGE[4].BLOCK[0].bitonic_block_inst.BLOCK_STAGE[4].NODE[3].bitonic_node_inst.COMP[0].comp_inst.L[15]$_DFF_P_/Q	data_out[127]	SORT_STAGE[4].BLOCK[0].bitonic_block_inst.BLOCK_STAGE[4].NODE[3].bitonic_node_inst.COMP[0].comp_inst.L[15]$_DFF_P_|output543
-0.177050	SORT_STAGE[4].BLOCK[0].bitonic_block_inst.BLOCK_STAGE[4].NODE[3].bitonic_node_inst.COMP[0].comp_inst.H[10]$_DFF_P_/Q	data_out[106]	SORT_STAGE[4].BLOCK[0].bitonic_block_inst.BLOCK_STAGE[4].NODE[3].bitonic_node_inst.COMP[0].comp_inst.H[10]$_DFF_P_|output520
-0.177039	SORT_STAGE[4].BLOCK[0].bitonic_block_inst.BLOCK_STAGE[4].NODE[2].bitonic_node_inst.COMP[0].comp_inst.H[6]$_DFF_P_/Q	data_out[70]	SORT_STAGE[4].BLOCK[0].bitonic_block_inst.BLOCK_STAGE[4].NODE[2].bitonic_node_inst.COMP[0].comp_inst.H[6]$_DFF_P_|output992
-0.177021	SORT_STAGE[4].BLOCK[0].bitonic_block_inst.BLOCK_STAGE[4].NODE[6].bitonic_node_inst.COMP[0].comp_inst.H[4]$_DFF_P_/Q	data_out[196]	SORT_STAGE[4].BLOCK[0].bitonic_block_inst.BLOCK_STAGE[4].NODE[6].bitonic_node_inst.COMP[0].comp_inst.H[4]$_DFF_P_|output619
-0.177019	SORT_STAGE[4].BLOCK[0].bitonic_block_inst.BLOCK_STAGE[4].NODE[11].bitonic_node_inst.COMP[0].comp_inst.H[7]$_DFF_P_/Q	data_out[359]	SORT_STAGE[4].BLOCK[0].bitonic_block_inst.BLOCK_STAGE[4].NODE[11].bitonic_node_inst.COMP[0].comp_inst.H[7]$_DFF_P_|output800
-0.177010	SORT_STAGE[4].BLOCK[0].bitonic_block_inst.BLOCK_STAGE[4].NODE[3].bitonic_node_inst.COMP[0].comp_inst.H[12]$_DFF_P_/Q	data_out[108]	SORT_STAGE[4].BLOCK[0].bitonic_block_inst.BLOCK_STAGE[4].NODE[3].bitonic_node_inst.COMP[0].comp_inst.H[12]$_DFF_P_|output522
-0.177006	SORT_STAGE[4].BLOCK[0].bitonic_block_inst.BLOCK_STAGE[4].NODE[2].bitonic_node_inst.COMP[0].comp_inst.L[14]$_DFF_P_/Q	data_out[94]	SORT_STAGE[4].BLOCK[0].bitonic_block_inst.BLOCK_STAGE[4].NODE[2].bitonic_node_inst.COMP[0].comp_inst.L[14]$_DFF_P_|output1018
-0.177006	SORT_STAGE[4].BLOCK[0].bitonic_block_inst.BLOCK_STAGE[4].NODE[12].bitonic_node_inst.COMP[0].comp_inst.L[14]$_DFF_P_/Q	data_out[414]	SORT_STAGE[4].BLOCK[0].bitonic_block_inst.BLOCK_STAGE[4].NODE[12].bitonic_node_inst.COMP[0].comp_inst.L[14]$_DFF_P_|output862
-0.176997	SORT_STAGE[4].BLOCK[0].bitonic_block_inst.BLOCK_STAGE[4].NODE[8].bitonic_node_inst.COMP[0].comp_inst.H[9]$_DFF_P_/Q	data_out[265]	SORT_STAGE[4].BLOCK[0].bitonic_block_inst.BLOCK_STAGE[4].NODE[8].bitonic_node_inst.COMP[0].comp_inst.H[9]$_DFF_P_|output696
-0.176994	SORT_STAGE[4].BLOCK[0].bitonic_block_inst.BLOCK_STAGE[4].NODE[6].bitonic_node_inst.COMP[0].comp_inst.H[5]$_DFF_P_/Q	data_out[197]	SORT_STAGE[4].BLOCK[0].bitonic_block_inst.BLOCK_STAGE[4].NODE[6].bitonic_node_inst.COMP[0].comp_inst.H[5]$_DFF_P_|output620
-0.176986	SORT_STAGE[4].BLOCK[0].bitonic_block_inst.BLOCK_STAGE[4].NODE[10].bitonic_node_inst.COMP[0].comp_inst.H[5]$_DFF_P_/Q	data_out[325]	SORT_STAGE[4].BLOCK[0].bitonic_block_inst.BLOCK_STAGE[4].NODE[10].bitonic_node_inst.COMP[0].comp_inst.H[5]$_DFF_P_|output763
-0.176980	SORT_STAGE[4].BLOCK[0].bitonic_block_inst.BLOCK_STAGE[4].NODE[10].bitonic_node_inst.COMP[0].comp_inst.L[6]$_DFF_P_/Q	data_out[342]	SORT_STAGE[4].BLOCK[0].bitonic_block_inst.BLOCK_STAGE[4].NODE[10].bitonic_node_inst.COMP[0].comp_inst.L[6]$_DFF_P_|output782
-0.176978	SORT_STAGE[4].BLOCK[0].bitonic_block_inst.BLOCK_STAGE[4].NODE[11].bitonic_node_inst.COMP[0].comp_inst.L[11]$_DFF_P_/Q	data_out[379]	SORT_STAGE[4].BLOCK[0].bitonic_block_inst.BLOCK_STAGE[4].NODE[11].bitonic_node_inst.COMP[0].comp_inst.L[11]$_DFF_P_|output822
-0.176953	SORT_STAGE[4].BLOCK[0].bitonic_block_inst.BLOCK_STAGE[4].NODE[5].bitonic_node_inst.COMP[0].comp_inst.H[12]$_DFF_P_/Q	data_out[172]	SORT_STAGE[4].BLOCK[0].bitonic_block_inst.BLOCK_STAGE[4].NODE[5].bitonic_node_inst.COMP[0].comp_inst.H[12]$_DFF_P_|output593
-0.176943	SORT_STAGE[4].BLOCK[0].bitonic_block_inst.BLOCK_STAGE[4].NODE[6].bitonic_node_inst.COMP[0].comp_inst.L[9]$_DFF_P_/Q	data_out[217]	SORT_STAGE[4].BLOCK[0].bitonic_block_inst.BLOCK_STAGE[4].NODE[6].bitonic_node_inst.COMP[0].comp_inst.L[9]$_DFF_P_|output643
-0.176934	SORT_STAGE[4].BLOCK[0].bitonic_block_inst.BLOCK_STAGE[4].NODE[6].bitonic_node_inst.COMP[0].comp_inst.L[8]$_DFF_P_/Q	data_out[216]	SORT_STAGE[4].BLOCK[0].bitonic_block_inst.BLOCK_STAGE[4].NODE[6].bitonic_node_inst.COMP[0].comp_inst.L[8]$_DFF_P_|output642
-0.176934	SORT_STAGE[4].BLOCK[0].bitonic_block_inst.BLOCK_STAGE[4].NODE[15].bitonic_node_inst.COMP[0].comp_inst.H[8]$_DFF_P_/Q	data_out[488]	SORT_STAGE[4].BLOCK[0].bitonic_block_inst.BLOCK_STAGE[4].NODE[15].bitonic_node_inst.COMP[0].comp_inst.H[8]$_DFF_P_|output943
-0.176931	SORT_STAGE[4].BLOCK[0].bitonic_block_inst.BLOCK_STAGE[4].NODE[15].bitonic_node_inst.COMP[0].comp_inst.H[12]$_DFF_P_/Q	data_out[492]	SORT_STAGE[4].BLOCK[0].bitonic_block_inst.BLOCK_STAGE[4].NODE[15].bitonic_node_inst.COMP[0].comp_inst.H[12]$_DFF_P_|output948
-0.176900	SORT_STAGE[4].BLOCK[0].bitonic_block_inst.BLOCK_STAGE[4].NODE[3].bitonic_node_inst.COMP[0].comp_inst.H[6]$_DFF_P_/Q	data_out[102]	SORT_STAGE[4].BLOCK[0].bitonic_block_inst.BLOCK_STAGE[4].NODE[3].bitonic_node_inst.COMP[0].comp_inst.H[6]$_DFF_P_|output516
-0.176837	SORT_STAGE[4].BLOCK[0].bitonic_block_inst.BLOCK_STAGE[4].NODE[7].bitonic_node_inst.COMP[0].comp_inst.H[13]$_DFF_P_/Q	data_out[237]	SORT_STAGE[4].BLOCK[0].bitonic_block_inst.BLOCK_STAGE[4].NODE[7].bitonic_node_inst.COMP[0].comp_inst.H[13]$_DFF_P_|output665
-0.176828	SORT_STAGE[4].BLOCK[0].bitonic_block_inst.BLOCK_STAGE[4].NODE[3].bitonic_node_inst.COMP[0].comp_inst.H[8]$_DFF_P_/Q	data_out[104]	SORT_STAGE[4].BLOCK[0].bitonic_block_inst.BLOCK_STAGE[4].NODE[3].bitonic_node_inst.COMP[0].comp_inst.H[8]$_DFF_P_|output518
-0.176811	SORT_STAGE[4].BLOCK[0].bitonic_block_inst.BLOCK_STAGE[4].NODE[6].bitonic_node_inst.COMP[0].comp_inst.H[6]$_DFF_P_/Q	data_out[198]	SORT_STAGE[4].BLOCK[0].bitonic_block_inst.BLOCK_STAGE[4].NODE[6].bitonic_node_inst.COMP[0].comp_inst.H[6]$_DFF_P_|output621
-0.176783	SORT_STAGE[4].BLOCK[0].bitonic_block_inst.BLOCK_STAGE[4].NODE[13].bitonic_node_inst.COMP[0].comp_inst.L[4]$_DFF_P_/Q	data_out[436]	SORT_STAGE[4].BLOCK[0].bitonic_block_inst.BLOCK_STAGE[4].NODE[13].bitonic_node_inst.COMP[0].comp_inst.L[4]$_DFF_P_|output886
-0.176767	SORT_STAGE[4].BLOCK[0].bitonic_block_inst.BLOCK_STAGE[4].NODE[3].bitonic_node_inst.COMP[0].comp_inst.L[8]$_DFF_P_/Q	data_out[120]	SORT_STAGE[4].BLOCK[0].bitonic_block_inst.BLOCK_STAGE[4].NODE[3].bitonic_node_inst.COMP[0].comp_inst.L[8]$_DFF_P_|output536
-0.176757	SORT_STAGE[4].BLOCK[0].bitonic_block_inst.BLOCK_STAGE[4].NODE[2].bitonic_node_inst.COMP[0].comp_inst.H[9]$_DFF_P_/Q	data_out[73]	SORT_STAGE[4].BLOCK[0].bitonic_block_inst.BLOCK_STAGE[4].NODE[2].bitonic_node_inst.COMP[0].comp_inst.H[9]$_DFF_P_|output995
-0.176692	SORT_STAGE[4].BLOCK[0].bitonic_block_inst.BLOCK_STAGE[4].NODE[4].bitonic_node_inst.COMP[0].comp_inst.H[10]$_DFF_P_/Q	data_out[138]	SORT_STAGE[4].BLOCK[0].bitonic_block_inst.BLOCK_STAGE[4].NODE[4].bitonic_node_inst.COMP[0].comp_inst.H[10]$_DFF_P_|output555
-0.176687	SORT_STAGE[4].BLOCK[0].bitonic_block_inst.BLOCK_STAGE[4].NODE[13].bitonic_node_inst.COMP[0].comp_inst.H[3]$_DFF_P_/Q	data_out[419]	SORT_STAGE[4].BLOCK[0].bitonic_block_inst.BLOCK_STAGE[4].NODE[13].bitonic_node_inst.COMP[0].comp_inst.H[3]$_DFF_P_|output867
-0.176681	SORT_STAGE[4].BLOCK[0].bitonic_block_inst.BLOCK_STAGE[4].NODE[11].bitonic_node_inst.COMP[0].comp_inst.H[6]$_DFF_P_/Q	data_out[358]	SORT_STAGE[4].BLOCK[0].bitonic_block_inst.BLOCK_STAGE[4].NODE[11].bitonic_node_inst.COMP[0].comp_inst.H[6]$_DFF_P_|output799
-0.176679	SORT_STAGE[4].BLOCK[0].bitonic_block_inst.BLOCK_STAGE[4].NODE[11].bitonic_node_inst.COMP[0].comp_inst.H[8]$_DFF_P_/Q	data_out[360]	SORT_STAGE[4].BLOCK[0].bitonic_block_inst.BLOCK_STAGE[4].NODE[11].bitonic_node_inst.COMP[0].comp_inst.H[8]$_DFF_P_|output802
-0.176655	SORT_STAGE[4].BLOCK[0].bitonic_block_inst.BLOCK_STAGE[4].NODE[1].bitonic_node_inst.COMP[0].comp_inst.H[0]$_DFF_P_/Q	data_out[32]	SORT_STAGE[4].BLOCK[0].bitonic_block_inst.BLOCK_STAGE[4].NODE[1].bitonic_node_inst.COMP[0].comp_inst.H[0]$_DFF_P_|output768
-0.176655	SORT_STAGE[4].BLOCK[0].bitonic_block_inst.BLOCK_STAGE[4].NODE[15].bitonic_node_inst.COMP[0].comp_inst.H[9]$_DFF_P_/Q	data_out[489]	SORT_STAGE[4].BLOCK[0].bitonic_block_inst.BLOCK_STAGE[4].NODE[15].bitonic_node_inst.COMP[0].comp_inst.H[9]$_DFF_P_|output944
-0.176637	SORT_STAGE[4].BLOCK[0].bitonic_block_inst.BLOCK_STAGE[4].NODE[12].bitonic_node_inst.COMP[0].comp_inst.L[9]$_DFF_P_/Q	data_out[409]	SORT_STAGE[4].BLOCK[0].bitonic_block_inst.BLOCK_STAGE[4].NODE[12].bitonic_node_inst.COMP[0].comp_inst.L[9]$_DFF_P_|output856
-0.176620	SORT_STAGE[4].BLOCK[0].bitonic_block_inst.BLOCK_STAGE[4].NODE[9].bitonic_node_inst.COMP[0].comp_inst.L[7]$_DFF_P_/Q	data_out[311]	SORT_STAGE[4].BLOCK[0].bitonic_block_inst.BLOCK_STAGE[4].NODE[9].bitonic_node_inst.COMP[0].comp_inst.L[7]$_DFF_P_|output748
-0.176605	SORT_STAGE[4].BLOCK[0].bitonic_block_inst.BLOCK_STAGE[4].NODE[11].bitonic_node_inst.COMP[0].comp_inst.L[12]$_DFF_P_/Q	data_out[380]	SORT_STAGE[4].BLOCK[0].bitonic_block_inst.BLOCK_STAGE[4].NODE[11].bitonic_node_inst.COMP[0].comp_inst.L[12]$_DFF_P_|output824
-0.176595	SORT_STAGE[4].BLOCK[0].bitonic_block_inst.BLOCK_STAGE[4].NODE[15].bitonic_node_inst.COMP[0].comp_inst.L[15]$_DFF_P_/Q	data_out[511]	SORT_STAGE[4].BLOCK[0].bitonic_block_inst.BLOCK_STAGE[4].NODE[15].bitonic_node_inst.COMP[0].comp_inst.L[15]$_DFF_P_|output970
-0.176588	SORT_STAGE[4].BLOCK[0].bitonic_block_inst.BLOCK_STAGE[4].NODE[4].bitonic_node_inst.COMP[0].comp_inst.L[15]$_DFF_P_/Q	data_out[159]	SORT_STAGE[4].BLOCK[0].bitonic_block_inst.BLOCK_STAGE[4].NODE[4].bitonic_node_inst.COMP[0].comp_inst.L[15]$_DFF_P_|output578
-0.176568	SORT_STAGE[4].BLOCK[0].bitonic_block_inst.BLOCK_STAGE[4].NODE[5].bitonic_node_inst.COMP[0].comp_inst.H[5]$_DFF_P_/Q	data_out[165]	SORT_STAGE[4].BLOCK[0].bitonic_block_inst.BLOCK_STAGE[4].NODE[5].bitonic_node_inst.COMP[0].comp_inst.H[5]$_DFF_P_|output585
-0.176559	SORT_STAGE[4].BLOCK[0].bitonic_block_inst.BLOCK_STAGE[4].NODE[2].bitonic_node_inst.COMP[0].comp_inst.L[7]$_DFF_P_/Q	data_out[87]	SORT_STAGE[4].BLOCK[0].bitonic_block_inst.BLOCK_STAGE[4].NODE[2].bitonic_node_inst.COMP[0].comp_inst.L[7]$_DFF_P_|output1010
-0.176554	SORT_STAGE[4].BLOCK[0].bitonic_block_inst.BLOCK_STAGE[4].NODE[11].bitonic_node_inst.COMP[0].comp_inst.L[9]$_DFF_P_/Q	data_out[377]	SORT_STAGE[4].BLOCK[0].bitonic_block_inst.BLOCK_STAGE[4].NODE[11].bitonic_node_inst.COMP[0].comp_inst.L[9]$_DFF_P_|output820
-0.176547	SORT_STAGE[4].BLOCK[0].bitonic_block_inst.BLOCK_STAGE[4].NODE[6].bitonic_node_inst.COMP[0].comp_inst.L[6]$_DFF_P_/Q	data_out[214]	SORT_STAGE[4].BLOCK[0].bitonic_block_inst.BLOCK_STAGE[4].NODE[6].bitonic_node_inst.COMP[0].comp_inst.L[6]$_DFF_P_|output640
-0.176545	SORT_STAGE[4].BLOCK[0].bitonic_block_inst.BLOCK_STAGE[4].NODE[3].bitonic_node_inst.COMP[0].comp_inst.L[12]$_DFF_P_/Q	data_out[124]	SORT_STAGE[4].BLOCK[0].bitonic_block_inst.BLOCK_STAGE[4].NODE[3].bitonic_node_inst.COMP[0].comp_inst.L[12]$_DFF_P_|output540
-0.176533	SORT_STAGE[4].BLOCK[0].bitonic_block_inst.BLOCK_STAGE[4].NODE[8].bitonic_node_inst.COMP[0].comp_inst.H[15]$_DFF_P_/Q	data_out[271]	SORT_STAGE[4].BLOCK[0].bitonic_block_inst.BLOCK_STAGE[4].NODE[8].bitonic_node_inst.COMP[0].comp_inst.H[15]$_DFF_P_|output703
-0.176523	SORT_STAGE[4].BLOCK[0].bitonic_block_inst.BLOCK_STAGE[4].NODE[5].bitonic_node_inst.COMP[0].comp_inst.L[11]$_DFF_P_/Q	data_out[187]	SORT_STAGE[4].BLOCK[0].bitonic_block_inst.BLOCK_STAGE[4].NODE[5].bitonic_node_inst.COMP[0].comp_inst.L[11]$_DFF_P_|output609
-0.176497	SORT_STAGE[4].BLOCK[0].bitonic_block_inst.BLOCK_STAGE[4].NODE[3].bitonic_node_inst.COMP[0].comp_inst.H[5]$_DFF_P_/Q	data_out[101]	SORT_STAGE[4].BLOCK[0].bitonic_block_inst.BLOCK_STAGE[4].NODE[3].bitonic_node_inst.COMP[0].comp_inst.H[5]$_DFF_P_|output515
-0.176493	SORT_STAGE[4].BLOCK[0].bitonic_block_inst.BLOCK_STAGE[4].NODE[2].bitonic_node_inst.COMP[0].comp_inst.L[15]$_DFF_P_/Q	data_out[95]	SORT_STAGE[4].BLOCK[0].bitonic_block_inst.BLOCK_STAGE[4].NODE[2].bitonic_node_inst.COMP[0].comp_inst.L[15]$_DFF_P_|output1019
-0.176487	SORT_STAGE[4].BLOCK[0].bitonic_block_inst.BLOCK_STAGE[4].NODE[4].bitonic_node_inst.COMP[0].comp_inst.H[6]$_DFF_P_/Q	data_out[134]	SORT_STAGE[4].BLOCK[0].bitonic_block_inst.BLOCK_STAGE[4].NODE[4].bitonic_node_inst.COMP[0].comp_inst.H[6]$_DFF_P_|output551
-0.176456	SORT_STAGE[4].BLOCK[0].bitonic_block_inst.BLOCK_STAGE[4].NODE[5].bitonic_node_inst.COMP[0].comp_inst.L[7]$_DFF_P_/Q	data_out[183]	SORT_STAGE[4].BLOCK[0].bitonic_block_inst.BLOCK_STAGE[4].NODE[5].bitonic_node_inst.COMP[0].comp_inst.L[7]$_DFF_P_|output605
-0.176450	SORT_STAGE[4].BLOCK[0].bitonic_block_inst.BLOCK_STAGE[4].NODE[4].bitonic_node_inst.COMP[0].comp_inst.H[2]$_DFF_P_/Q	data_out[130]	SORT_STAGE[4].BLOCK[0].bitonic_block_inst.BLOCK_STAGE[4].NODE[4].bitonic_node_inst.COMP[0].comp_inst.H[2]$_DFF_P_|output547
-0.176437	SORT_STAGE[4].BLOCK[0].bitonic_block_inst.BLOCK_STAGE[4].NODE[2].bitonic_node_inst.COMP[0].comp_inst.H[5]$_DFF_P_/Q	data_out[69]	SORT_STAGE[4].BLOCK[0].bitonic_block_inst.BLOCK_STAGE[4].NODE[2].bitonic_node_inst.COMP[0].comp_inst.H[5]$_DFF_P_|output990
-0.176435	SORT_STAGE[4].BLOCK[0].bitonic_block_inst.BLOCK_STAGE[4].NODE[6].bitonic_node_inst.COMP[0].comp_inst.H[3]$_DFF_P_/Q	data_out[195]	SORT_STAGE[4].BLOCK[0].bitonic_block_inst.BLOCK_STAGE[4].NODE[6].bitonic_node_inst.COMP[0].comp_inst.H[3]$_DFF_P_|output618
-0.176410	SORT_STAGE[4].BLOCK[0].bitonic_block_inst.BLOCK_STAGE[4].NODE[6].bitonic_node_inst.COMP[0].comp_inst.H[7]$_DFF_P_/Q	data_out[199]	SORT_STAGE[4].BLOCK[0].bitonic_block_inst.BLOCK_STAGE[4].NODE[6].bitonic_node_inst.COMP[0].comp_inst.H[7]$_DFF_P_|output622
-0.176406	SORT_STAGE[4].BLOCK[0].bitonic_block_inst.BLOCK_STAGE[4].NODE[4].bitonic_node_inst.COMP[0].comp_inst.L[4]$_DFF_P_/Q	data_out[148]	SORT_STAGE[4].BLOCK[0].bitonic_block_inst.BLOCK_STAGE[4].NODE[4].bitonic_node_inst.COMP[0].comp_inst.L[4]$_DFF_P_|output566
-0.176394	SORT_STAGE[4].BLOCK[0].bitonic_block_inst.BLOCK_STAGE[4].NODE[11].bitonic_node_inst.COMP[0].comp_inst.H[5]$_DFF_P_/Q	data_out[357]	SORT_STAGE[4].BLOCK[0].bitonic_block_inst.BLOCK_STAGE[4].NODE[11].bitonic_node_inst.COMP[0].comp_inst.H[5]$_DFF_P_|output798
-0.176365	SORT_STAGE[4].BLOCK[0].bitonic_block_inst.BLOCK_STAGE[4].NODE[6].bitonic_node_inst.COMP[0].comp_inst.L[7]$_DFF_P_/Q	data_out[215]	SORT_STAGE[4].BLOCK[0].bitonic_block_inst.BLOCK_STAGE[4].NODE[6].bitonic_node_inst.COMP[0].comp_inst.L[7]$_DFF_P_|output641
-0.176340	SORT_STAGE[4].BLOCK[0].bitonic_block_inst.BLOCK_STAGE[4].NODE[7].bitonic_node_inst.COMP[0].comp_inst.H[14]$_DFF_P_/Q	data_out[238]	SORT_STAGE[4].BLOCK[0].bitonic_block_inst.BLOCK_STAGE[4].NODE[7].bitonic_node_inst.COMP[0].comp_inst.H[14]$_DFF_P_|output666
-0.176335	SORT_STAGE[4].BLOCK[0].bitonic_block_inst.BLOCK_STAGE[4].NODE[2].bitonic_node_inst.COMP[0].comp_inst.H[7]$_DFF_P_/Q	data_out[71]	SORT_STAGE[4].BLOCK[0].bitonic_block_inst.BLOCK_STAGE[4].NODE[2].bitonic_node_inst.COMP[0].comp_inst.H[7]$_DFF_P_|output993
-0.176329	SORT_STAGE[4].BLOCK[0].bitonic_block_inst.BLOCK_STAGE[4].NODE[0].bitonic_node_inst.COMP[0].comp_inst.L[3]$_DFF_P_/Q	data_out[19]	SORT_STAGE[4].BLOCK[0].bitonic_block_inst.BLOCK_STAGE[4].NODE[0].bitonic_node_inst.COMP[0].comp_inst.L[3]$_DFF_P_|output623
-0.176323	SORT_STAGE[4].BLOCK[0].bitonic_block_inst.BLOCK_STAGE[4].NODE[13].bitonic_node_inst.COMP[0].comp_inst.H[13]$_DFF_P_/Q	data_out[429]	SORT_STAGE[4].BLOCK[0].bitonic_block_inst.BLOCK_STAGE[4].NODE[13].bitonic_node_inst.COMP[0].comp_inst.H[13]$_DFF_P_|output878
-0.176250	SORT_STAGE[4].BLOCK[0].bitonic_block_inst.BLOCK_STAGE[4].NODE[13].bitonic_node_inst.COMP[0].comp_inst.H[4]$_DFF_P_/Q	data_out[420]	SORT_STAGE[4].BLOCK[0].bitonic_block_inst.BLOCK_STAGE[4].NODE[13].bitonic_node_inst.COMP[0].comp_inst.H[4]$_DFF_P_|output869
-0.176245	SORT_STAGE[4].BLOCK[0].bitonic_block_inst.BLOCK_STAGE[4].NODE[15].bitonic_node_inst.COMP[0].comp_inst.H[14]$_DFF_P_/Q	data_out[494]	SORT_STAGE[4].BLOCK[0].bitonic_block_inst.BLOCK_STAGE[4].NODE[15].bitonic_node_inst.COMP[0].comp_inst.H[14]$_DFF_P_|output950
-0.176223	SORT_STAGE[4].BLOCK[0].bitonic_block_inst.BLOCK_STAGE[4].NODE[11].bitonic_node_inst.COMP[0].comp_inst.L[0]$_DFF_P_/Q	data_out[368]	SORT_STAGE[4].BLOCK[0].bitonic_block_inst.BLOCK_STAGE[4].NODE[11].bitonic_node_inst.COMP[0].comp_inst.L[0]$_DFF_P_|output810
-0.176219	SORT_STAGE[4].BLOCK[0].bitonic_block_inst.BLOCK_STAGE[4].NODE[9].bitonic_node_inst.COMP[0].comp_inst.H[0]$_DFF_P_/Q	data_out[288]	SORT_STAGE[4].BLOCK[0].bitonic_block_inst.BLOCK_STAGE[4].NODE[9].bitonic_node_inst.COMP[0].comp_inst.H[0]$_DFF_P_|output721
-0.176204	SORT_STAGE[4].BLOCK[0].bitonic_block_inst.BLOCK_STAGE[4].NODE[11].bitonic_node_inst.COMP[0].comp_inst.H[0]$_DFF_P_/Q	data_out[352]	SORT_STAGE[4].BLOCK[0].bitonic_block_inst.BLOCK_STAGE[4].NODE[11].bitonic_node_inst.COMP[0].comp_inst.H[0]$_DFF_P_|output793
-0.176201	SORT_STAGE[4].BLOCK[0].bitonic_block_inst.BLOCK_STAGE[4].NODE[3].bitonic_node_inst.COMP[0].comp_inst.L[10]$_DFF_P_/Q	data_out[122]	SORT_STAGE[4].BLOCK[0].bitonic_block_inst.BLOCK_STAGE[4].NODE[3].bitonic_node_inst.COMP[0].comp_inst.L[10]$_DFF_P_|output538
-0.176190	SORT_STAGE[4].BLOCK[0].bitonic_block_inst.BLOCK_STAGE[4].NODE[2].bitonic_node_inst.COMP[0].comp_inst.L[5]$_DFF_P_/Q	data_out[85]	SORT_STAGE[4].BLOCK[0].bitonic_block_inst.BLOCK_STAGE[4].NODE[2].bitonic_node_inst.COMP[0].comp_inst.L[5]$_DFF_P_|output1008
-0.176173	SORT_STAGE[4].BLOCK[0].bitonic_block_inst.BLOCK_STAGE[4].NODE[3].bitonic_node_inst.COMP[0].comp_inst.H[11]$_DFF_P_/Q	data_out[107]	SORT_STAGE[4].BLOCK[0].bitonic_block_inst.BLOCK_STAGE[4].NODE[3].bitonic_node_inst.COMP[0].comp_inst.H[11]$_DFF_P_|output521
-0.176155	SORT_STAGE[4].BLOCK[0].bitonic_block_inst.BLOCK_STAGE[4].NODE[4].bitonic_node_inst.COMP[0].comp_inst.H[9]$_DFF_P_/Q	data_out[137]	SORT_STAGE[4].BLOCK[0].bitonic_block_inst.BLOCK_STAGE[4].NODE[4].bitonic_node_inst.COMP[0].comp_inst.H[9]$_DFF_P_|output554
-0.176153	SORT_STAGE[4].BLOCK[0].bitonic_block_inst.BLOCK_STAGE[4].NODE[2].bitonic_node_inst.COMP[0].comp_inst.L[9]$_DFF_P_/Q	data_out[89]	SORT_STAGE[4].BLOCK[0].bitonic_block_inst.BLOCK_STAGE[4].NODE[2].bitonic_node_inst.COMP[0].comp_inst.L[9]$_DFF_P_|output1012
-0.176152	SORT_STAGE[4].BLOCK[0].bitonic_block_inst.BLOCK_STAGE[4].NODE[11].bitonic_node_inst.COMP[0].comp_inst.L[10]$_DFF_P_/Q	data_out[378]	SORT_STAGE[4].BLOCK[0].bitonic_block_inst.BLOCK_STAGE[4].NODE[11].bitonic_node_inst.COMP[0].comp_inst.L[10]$_DFF_P_|output821
-0.176110	SORT_STAGE[4].BLOCK[0].bitonic_block_inst.BLOCK_STAGE[4].NODE[10].bitonic_node_inst.COMP[0].comp_inst.H[14]$_DFF_P_/Q	data_out[334]	SORT_STAGE[4].BLOCK[0].bitonic_block_inst.BLOCK_STAGE[4].NODE[10].bitonic_node_inst.COMP[0].comp_inst.H[14]$_DFF_P_|output773
-0.176093	SORT_STAGE[4].BLOCK[0].bitonic_block_inst.BLOCK_STAGE[4].NODE[12].bitonic_node_inst.COMP[0].comp_inst.H[13]$_DFF_P_/Q	data_out[397]	SORT_STAGE[4].BLOCK[0].bitonic_block_inst.BLOCK_STAGE[4].NODE[12].bitonic_node_inst.COMP[0].comp_inst.H[13]$_DFF_P_|output842
-0.176091	SORT_STAGE[4].BLOCK[0].bitonic_block_inst.BLOCK_STAGE[4].NODE[11].bitonic_node_inst.COMP[0].comp_inst.H[9]$_DFF_P_/Q	data_out[361]	SORT_STAGE[4].BLOCK[0].bitonic_block_inst.BLOCK_STAGE[4].NODE[11].bitonic_node_inst.COMP[0].comp_inst.H[9]$_DFF_P_|output803
-0.176082	SORT_STAGE[4].BLOCK[0].bitonic_block_inst.BLOCK_STAGE[4].NODE[12].bitonic_node_inst.COMP[0].comp_inst.L[7]$_DFF_P_/Q	data_out[407]	SORT_STAGE[4].BLOCK[0].bitonic_block_inst.BLOCK_STAGE[4].NODE[12].bitonic_node_inst.COMP[0].comp_inst.L[7]$_DFF_P_|output854
-0.176081	SORT_STAGE[4].BLOCK[0].bitonic_block_inst.BLOCK_STAGE[4].NODE[5].bitonic_node_inst.COMP[0].comp_inst.H[3]$_DFF_P_/Q	data_out[163]	SORT_STAGE[4].BLOCK[0].bitonic_block_inst.BLOCK_STAGE[4].NODE[5].bitonic_node_inst.COMP[0].comp_inst.H[3]$_DFF_P_|output583
-0.176071	SORT_STAGE[4].BLOCK[0].bitonic_block_inst.BLOCK_STAGE[4].NODE[12].bitonic_node_inst.COMP[0].comp_inst.H[11]$_DFF_P_/Q	data_out[395]	SORT_STAGE[4].BLOCK[0].bitonic_block_inst.BLOCK_STAGE[4].NODE[12].bitonic_node_inst.COMP[0].comp_inst.H[11]$_DFF_P_|output840
-0.176068	SORT_STAGE[4].BLOCK[0].bitonic_block_inst.BLOCK_STAGE[4].NODE[11].bitonic_node_inst.COMP[0].comp_inst.H[4]$_DFF_P_/Q	data_out[356]	SORT_STAGE[4].BLOCK[0].bitonic_block_inst.BLOCK_STAGE[4].NODE[11].bitonic_node_inst.COMP[0].comp_inst.H[4]$_DFF_P_|output797
-0.176067	SORT_STAGE[4].BLOCK[0].bitonic_block_inst.BLOCK_STAGE[4].NODE[4].bitonic_node_inst.COMP[0].comp_inst.L[3]$_DFF_P_/Q	data_out[147]	SORT_STAGE[4].BLOCK[0].bitonic_block_inst.BLOCK_STAGE[4].NODE[4].bitonic_node_inst.COMP[0].comp_inst.L[3]$_DFF_P_|output565
-0.176014	SORT_STAGE[4].BLOCK[0].bitonic_block_inst.BLOCK_STAGE[4].NODE[13].bitonic_node_inst.COMP[0].comp_inst.L[13]$_DFF_P_/Q	data_out[445]	SORT_STAGE[4].BLOCK[0].bitonic_block_inst.BLOCK_STAGE[4].NODE[13].bitonic_node_inst.COMP[0].comp_inst.L[13]$_DFF_P_|output896
-0.176012	SORT_STAGE[4].BLOCK[0].bitonic_block_inst.BLOCK_STAGE[4].NODE[2].bitonic_node_inst.COMP[0].comp_inst.H[14]$_DFF_P_/Q	data_out[78]	SORT_STAGE[4].BLOCK[0].bitonic_block_inst.BLOCK_STAGE[4].NODE[2].bitonic_node_inst.COMP[0].comp_inst.H[14]$_DFF_P_|output1000
-0.176011	SORT_STAGE[4].BLOCK[0].bitonic_block_inst.BLOCK_STAGE[4].NODE[10].bitonic_node_inst.COMP[0].comp_inst.H[3]$_DFF_P_/Q	data_out[323]	SORT_STAGE[4].BLOCK[0].bitonic_block_inst.BLOCK_STAGE[4].NODE[10].bitonic_node_inst.COMP[0].comp_inst.H[3]$_DFF_P_|output761
-0.175990	SORT_STAGE[4].BLOCK[0].bitonic_block_inst.BLOCK_STAGE[4].NODE[2].bitonic_node_inst.COMP[0].comp_inst.L[6]$_DFF_P_/Q	data_out[86]	SORT_STAGE[4].BLOCK[0].bitonic_block_inst.BLOCK_STAGE[4].NODE[2].bitonic_node_inst.COMP[0].comp_inst.L[6]$_DFF_P_|output1009
-0.175987	SORT_STAGE[4].BLOCK[0].bitonic_block_inst.BLOCK_STAGE[4].NODE[0].bitonic_node_inst.COMP[0].comp_inst.L[13]$_DFF_P_/Q	data_out[29]	SORT_STAGE[4].BLOCK[0].bitonic_block_inst.BLOCK_STAGE[4].NODE[0].bitonic_node_inst.COMP[0].comp_inst.L[13]$_DFF_P_|output734
-0.175969	SORT_STAGE[4].BLOCK[0].bitonic_block_inst.BLOCK_STAGE[4].NODE[13].bitonic_node_inst.COMP[0].comp_inst.H[0]$_DFF_P_/Q	data_out[416]	SORT_STAGE[4].BLOCK[0].bitonic_block_inst.BLOCK_STAGE[4].NODE[13].bitonic_node_inst.COMP[0].comp_inst.H[0]$_DFF_P_|output864
-0.175957	SORT_STAGE[4].BLOCK[0].bitonic_block_inst.BLOCK_STAGE[4].NODE[13].bitonic_node_inst.COMP[0].comp_inst.L[11]$_DFF_P_/Q	data_out[443]	SORT_STAGE[4].BLOCK[0].bitonic_block_inst.BLOCK_STAGE[4].NODE[13].bitonic_node_inst.COMP[0].comp_inst.L[11]$_DFF_P_|output894
-0.175954	SORT_STAGE[4].BLOCK[0].bitonic_block_inst.BLOCK_STAGE[4].NODE[13].bitonic_node_inst.COMP[0].comp_inst.H[10]$_DFF_P_/Q	data_out[426]	SORT_STAGE[4].BLOCK[0].bitonic_block_inst.BLOCK_STAGE[4].NODE[13].bitonic_node_inst.COMP[0].comp_inst.H[10]$_DFF_P_|output875
-0.175953	SORT_STAGE[4].BLOCK[0].bitonic_block_inst.BLOCK_STAGE[4].NODE[3].bitonic_node_inst.COMP[0].comp_inst.H[15]$_DFF_P_/Q	data_out[111]	SORT_STAGE[4].BLOCK[0].bitonic_block_inst.BLOCK_STAGE[4].NODE[3].bitonic_node_inst.COMP[0].comp_inst.H[15]$_DFF_P_|output526
-0.175952	SORT_STAGE[4].BLOCK[0].bitonic_block_inst.BLOCK_STAGE[4].NODE[15].bitonic_node_inst.COMP[0].comp_inst.H[10]$_DFF_P_/Q	data_out[490]	SORT_STAGE[4].BLOCK[0].bitonic_block_inst.BLOCK_STAGE[4].NODE[15].bitonic_node_inst.COMP[0].comp_inst.H[10]$_DFF_P_|output946
-0.175931	SORT_STAGE[4].BLOCK[0].bitonic_block_inst.BLOCK_STAGE[4].NODE[15].bitonic_node_inst.COMP[0].comp_inst.L[3]$_DFF_P_/Q	data_out[499]	SORT_STAGE[4].BLOCK[0].bitonic_block_inst.BLOCK_STAGE[4].NODE[15].bitonic_node_inst.COMP[0].comp_inst.L[3]$_DFF_P_|output955
-0.175929	SORT_STAGE[4].BLOCK[0].bitonic_block_inst.BLOCK_STAGE[4].NODE[11].bitonic_node_inst.COMP[0].comp_inst.H[15]$_DFF_P_/Q	data_out[367]	SORT_STAGE[4].BLOCK[0].bitonic_block_inst.BLOCK_STAGE[4].NODE[11].bitonic_node_inst.COMP[0].comp_inst.H[15]$_DFF_P_|output809
-0.175926	SORT_STAGE[4].BLOCK[0].bitonic_block_inst.BLOCK_STAGE[4].NODE[13].bitonic_node_inst.COMP[0].comp_inst.L[7]$_DFF_P_/Q	data_out[439]	SORT_STAGE[4].BLOCK[0].bitonic_block_inst.BLOCK_STAGE[4].NODE[13].bitonic_node_inst.COMP[0].comp_inst.L[7]$_DFF_P_|output889
-0.175922	SORT_STAGE[4].BLOCK[0].bitonic_block_inst.BLOCK_STAGE[4].NODE[4].bitonic_node_inst.COMP[0].comp_inst.L[12]$_DFF_P_/Q	data_out[156]	SORT_STAGE[4].BLOCK[0].bitonic_block_inst.BLOCK_STAGE[4].NODE[4].bitonic_node_inst.COMP[0].comp_inst.L[12]$_DFF_P_|output575
-0.175921	SORT_STAGE[4].BLOCK[0].bitonic_block_inst.BLOCK_STAGE[4].NODE[2].bitonic_node_inst.COMP[0].comp_inst.L[8]$_DFF_P_/Q	data_out[88]	SORT_STAGE[4].BLOCK[0].bitonic_block_inst.BLOCK_STAGE[4].NODE[2].bitonic_node_inst.COMP[0].comp_inst.L[8]$_DFF_P_|output1011
-0.175900	SORT_STAGE[4].BLOCK[0].bitonic_block_inst.BLOCK_STAGE[4].NODE[5].bitonic_node_inst.COMP[0].comp_inst.H[13]$_DFF_P_/Q	data_out[173]	SORT_STAGE[4].BLOCK[0].bitonic_block_inst.BLOCK_STAGE[4].NODE[5].bitonic_node_inst.COMP[0].comp_inst.H[13]$_DFF_P_|output594
-0.175870	SORT_STAGE[4].BLOCK[0].bitonic_block_inst.BLOCK_STAGE[4].NODE[4].bitonic_node_inst.COMP[0].comp_inst.H[5]$_DFF_P_/Q	data_out[133]	SORT_STAGE[4].BLOCK[0].bitonic_block_inst.BLOCK_STAGE[4].NODE[4].bitonic_node_inst.COMP[0].comp_inst.H[5]$_DFF_P_|output550
-0.175864	SORT_STAGE[4].BLOCK[0].bitonic_block_inst.BLOCK_STAGE[4].NODE[12].bitonic_node_inst.COMP[0].comp_inst.H[8]$_DFF_P_/Q	data_out[392]	SORT_STAGE[4].BLOCK[0].bitonic_block_inst.BLOCK_STAGE[4].NODE[12].bitonic_node_inst.COMP[0].comp_inst.H[8]$_DFF_P_|output837
-0.175846	SORT_STAGE[4].BLOCK[0].bitonic_block_inst.BLOCK_STAGE[4].NODE[2].bitonic_node_inst.COMP[0].comp_inst.H[2]$_DFF_P_/Q	data_out[66]	SORT_STAGE[4].BLOCK[0].bitonic_block_inst.BLOCK_STAGE[4].NODE[2].bitonic_node_inst.COMP[0].comp_inst.H[2]$_DFF_P_|output987
-0.175840	SORT_STAGE[4].BLOCK[0].bitonic_block_inst.BLOCK_STAGE[4].NODE[15].bitonic_node_inst.COMP[0].comp_inst.L[10]$_DFF_P_/Q	data_out[506]	SORT_STAGE[4].BLOCK[0].bitonic_block_inst.BLOCK_STAGE[4].NODE[15].bitonic_node_inst.COMP[0].comp_inst.L[10]$_DFF_P_|output964
-0.175835	SORT_STAGE[4].BLOCK[0].bitonic_block_inst.BLOCK_STAGE[4].NODE[4].bitonic_node_inst.COMP[0].comp_inst.H[7]$_DFF_P_/Q	data_out[135]	SORT_STAGE[4].BLOCK[0].bitonic_block_inst.BLOCK_STAGE[4].NODE[4].bitonic_node_inst.COMP[0].comp_inst.H[7]$_DFF_P_|output552
-0.175830	SORT_STAGE[4].BLOCK[0].bitonic_block_inst.BLOCK_STAGE[4].NODE[3].bitonic_node_inst.COMP[0].comp_inst.L[1]$_DFF_P_/Q	data_out[113]	SORT_STAGE[4].BLOCK[0].bitonic_block_inst.BLOCK_STAGE[4].NODE[3].bitonic_node_inst.COMP[0].comp_inst.L[1]$_DFF_P_|output528
-0.175827	SORT_STAGE[4].BLOCK[0].bitonic_block_inst.BLOCK_STAGE[4].NODE[7].bitonic_node_inst.COMP[0].comp_inst.L[13]$_DFF_P_/Q	data_out[253]	SORT_STAGE[4].BLOCK[0].bitonic_block_inst.BLOCK_STAGE[4].NODE[7].bitonic_node_inst.COMP[0].comp_inst.L[13]$_DFF_P_|output683
-0.175826	SORT_STAGE[4].BLOCK[0].bitonic_block_inst.BLOCK_STAGE[4].NODE[11].bitonic_node_inst.COMP[0].comp_inst.L[15]$_DFF_P_/Q	data_out[383]	SORT_STAGE[4].BLOCK[0].bitonic_block_inst.BLOCK_STAGE[4].NODE[11].bitonic_node_inst.COMP[0].comp_inst.L[15]$_DFF_P_|output827
-0.175823	SORT_STAGE[4].BLOCK[0].bitonic_block_inst.BLOCK_STAGE[4].NODE[5].bitonic_node_inst.COMP[0].comp_inst.H[9]$_DFF_P_/Q	data_out[169]	SORT_STAGE[4].BLOCK[0].bitonic_block_inst.BLOCK_STAGE[4].NODE[5].bitonic_node_inst.COMP[0].comp_inst.H[9]$_DFF_P_|output589
-0.175820	SORT_STAGE[4].BLOCK[0].bitonic_block_inst.BLOCK_STAGE[4].NODE[3].bitonic_node_inst.COMP[0].comp_inst.L[4]$_DFF_P_/Q	data_out[116]	SORT_STAGE[4].BLOCK[0].bitonic_block_inst.BLOCK_STAGE[4].NODE[3].bitonic_node_inst.COMP[0].comp_inst.L[4]$_DFF_P_|output531
-0.175806	SORT_STAGE[4].BLOCK[0].bitonic_block_inst.BLOCK_STAGE[4].NODE[9].bitonic_node_inst.COMP[0].comp_inst.L[4]$_DFF_P_/Q	data_out[308]	SORT_STAGE[4].BLOCK[0].bitonic_block_inst.BLOCK_STAGE[4].NODE[9].bitonic_node_inst.COMP[0].comp_inst.L[4]$_DFF_P_|output744
-0.175782	SORT_STAGE[4].BLOCK[0].bitonic_block_inst.BLOCK_STAGE[4].NODE[4].bitonic_node_inst.COMP[0].comp_inst.H[0]$_DFF_P_/Q	data_out[128]	SORT_STAGE[4].BLOCK[0].bitonic_block_inst.BLOCK_STAGE[4].NODE[4].bitonic_node_inst.COMP[0].comp_inst.H[0]$_DFF_P_|output544
-0.175780	SORT_STAGE[4].BLOCK[0].bitonic_block_inst.BLOCK_STAGE[4].NODE[10].bitonic_node_inst.COMP[0].comp_inst.H[4]$_DFF_P_/Q	data_out[324]	SORT_STAGE[4].BLOCK[0].bitonic_block_inst.BLOCK_STAGE[4].NODE[10].bitonic_node_inst.COMP[0].comp_inst.H[4]$_DFF_P_|output762
-0.175776	SORT_STAGE[4].BLOCK[0].bitonic_block_inst.BLOCK_STAGE[4].NODE[3].bitonic_node_inst.COMP[0].comp_inst.H[9]$_DFF_P_/Q	data_out[105]	SORT_STAGE[4].BLOCK[0].bitonic_block_inst.BLOCK_STAGE[4].NODE[3].bitonic_node_inst.COMP[0].comp_inst.H[9]$_DFF_P_|output519
-0.175746	SORT_STAGE[4].BLOCK[0].bitonic_block_inst.BLOCK_STAGE[4].NODE[15].bitonic_node_inst.COMP[0].comp_inst.H[15]$_DFF_P_/Q	data_out[495]	SORT_STAGE[4].BLOCK[0].bitonic_block_inst.BLOCK_STAGE[4].NODE[15].bitonic_node_inst.COMP[0].comp_inst.H[15]$_DFF_P_|output951
-0.175730	SORT_STAGE[4].BLOCK[0].bitonic_block_inst.BLOCK_STAGE[4].NODE[4].bitonic_node_inst.COMP[0].comp_inst.L[9]$_DFF_P_/Q	data_out[153]	SORT_STAGE[4].BLOCK[0].bitonic_block_inst.BLOCK_STAGE[4].NODE[4].bitonic_node_inst.COMP[0].comp_inst.L[9]$_DFF_P_|output572
-0.175713	SORT_STAGE[4].BLOCK[0].bitonic_block_inst.BLOCK_STAGE[4].NODE[4].bitonic_node_inst.COMP[0].comp_inst.L[10]$_DFF_P_/Q	data_out[154]	SORT_STAGE[4].BLOCK[0].bitonic_block_inst.BLOCK_STAGE[4].NODE[4].bitonic_node_inst.COMP[0].comp_inst.L[10]$_DFF_P_|output573
-0.175713	SORT_STAGE[4].BLOCK[0].bitonic_block_inst.BLOCK_STAGE[4].NODE[6].bitonic_node_inst.COMP[0].comp_inst.H[9]$_DFF_P_/Q	data_out[201]	SORT_STAGE[4].BLOCK[0].bitonic_block_inst.BLOCK_STAGE[4].NODE[6].bitonic_node_inst.COMP[0].comp_inst.H[9]$_DFF_P_|output626
-0.175705	SORT_STAGE[4].BLOCK[0].bitonic_block_inst.BLOCK_STAGE[4].NODE[11].bitonic_node_inst.COMP[0].comp_inst.L[3]$_DFF_P_/Q	data_out[371]	SORT_STAGE[4].BLOCK[0].bitonic_block_inst.BLOCK_STAGE[4].NODE[11].bitonic_node_inst.COMP[0].comp_inst.L[3]$_DFF_P_|output814
-0.175690	SORT_STAGE[4].BLOCK[0].bitonic_block_inst.BLOCK_STAGE[4].NODE[4].bitonic_node_inst.COMP[0].comp_inst.H[15]$_DFF_P_/Q	data_out[143]	SORT_STAGE[4].BLOCK[0].bitonic_block_inst.BLOCK_STAGE[4].NODE[4].bitonic_node_inst.COMP[0].comp_inst.H[15]$_DFF_P_|output561
-0.175666	SORT_STAGE[4].BLOCK[0].bitonic_block_inst.BLOCK_STAGE[4].NODE[15].bitonic_node_inst.COMP[0].comp_inst.L[11]$_DFF_P_/Q	data_out[507]	SORT_STAGE[4].BLOCK[0].bitonic_block_inst.BLOCK_STAGE[4].NODE[15].bitonic_node_inst.COMP[0].comp_inst.L[11]$_DFF_P_|output965
-0.175649	SORT_STAGE[4].BLOCK[0].bitonic_block_inst.BLOCK_STAGE[4].NODE[5].bitonic_node_inst.COMP[0].comp_inst.L[6]$_DFF_P_/Q	data_out[182]	SORT_STAGE[4].BLOCK[0].bitonic_block_inst.BLOCK_STAGE[4].NODE[5].bitonic_node_inst.COMP[0].comp_inst.L[6]$_DFF_P_|output604
-0.175639	SORT_STAGE[4].BLOCK[0].bitonic_block_inst.BLOCK_STAGE[4].NODE[3].bitonic_node_inst.COMP[0].comp_inst.L[6]$_DFF_P_/Q	data_out[118]	SORT_STAGE[4].BLOCK[0].bitonic_block_inst.BLOCK_STAGE[4].NODE[3].bitonic_node_inst.COMP[0].comp_inst.L[6]$_DFF_P_|output533
-0.175629	SORT_STAGE[4].BLOCK[0].bitonic_block_inst.BLOCK_STAGE[4].NODE[3].bitonic_node_inst.COMP[0].comp_inst.H[4]$_DFF_P_/Q	data_out[100]	SORT_STAGE[4].BLOCK[0].bitonic_block_inst.BLOCK_STAGE[4].NODE[3].bitonic_node_inst.COMP[0].comp_inst.H[4]$_DFF_P_|output514
-0.175628	SORT_STAGE[4].BLOCK[0].bitonic_block_inst.BLOCK_STAGE[4].NODE[8].bitonic_node_inst.COMP[0].comp_inst.H[11]$_DFF_P_/Q	data_out[267]	SORT_STAGE[4].BLOCK[0].bitonic_block_inst.BLOCK_STAGE[4].NODE[8].bitonic_node_inst.COMP[0].comp_inst.H[11]$_DFF_P_|output698
-0.175619	SORT_STAGE[4].BLOCK[0].bitonic_block_inst.BLOCK_STAGE[4].NODE[12].bitonic_node_inst.COMP[0].comp_inst.L[11]$_DFF_P_/Q	data_out[411]	SORT_STAGE[4].BLOCK[0].bitonic_block_inst.BLOCK_STAGE[4].NODE[12].bitonic_node_inst.COMP[0].comp_inst.L[11]$_DFF_P_|output859
-0.175578	SORT_STAGE[4].BLOCK[0].bitonic_block_inst.BLOCK_STAGE[4].NODE[4].bitonic_node_inst.COMP[0].comp_inst.L[14]$_DFF_P_/Q	data_out[158]	SORT_STAGE[4].BLOCK[0].bitonic_block_inst.BLOCK_STAGE[4].NODE[4].bitonic_node_inst.COMP[0].comp_inst.L[14]$_DFF_P_|output577
-0.175572	SORT_STAGE[4].BLOCK[0].bitonic_block_inst.BLOCK_STAGE[4].NODE[8].bitonic_node_inst.COMP[0].comp_inst.L[5]$_DFF_P_/Q	data_out[277]	SORT_STAGE[4].BLOCK[0].bitonic_block_inst.BLOCK_STAGE[4].NODE[8].bitonic_node_inst.COMP[0].comp_inst.L[5]$_DFF_P_|output709
-0.175564	SORT_STAGE[4].BLOCK[0].bitonic_block_inst.BLOCK_STAGE[4].NODE[4].bitonic_node_inst.COMP[0].comp_inst.L[0]$_DFF_P_/Q	data_out[144]	SORT_STAGE[4].BLOCK[0].bitonic_block_inst.BLOCK_STAGE[4].NODE[4].bitonic_node_inst.COMP[0].comp_inst.L[0]$_DFF_P_|output562
-0.175559	SORT_STAGE[4].BLOCK[0].bitonic_block_inst.BLOCK_STAGE[4].NODE[11].bitonic_node_inst.COMP[0].comp_inst.L[2]$_DFF_P_/Q	data_out[370]	SORT_STAGE[4].BLOCK[0].bitonic_block_inst.BLOCK_STAGE[4].NODE[11].bitonic_node_inst.COMP[0].comp_inst.L[2]$_DFF_P_|output813
-0.175557	SORT_STAGE[4].BLOCK[0].bitonic_block_inst.BLOCK_STAGE[4].NODE[5].bitonic_node_inst.COMP[0].comp_inst.L[14]$_DFF_P_/Q	data_out[190]	SORT_STAGE[4].BLOCK[0].bitonic_block_inst.BLOCK_STAGE[4].NODE[5].bitonic_node_inst.COMP[0].comp_inst.L[14]$_DFF_P_|output613
-0.175531	SORT_STAGE[4].BLOCK[0].bitonic_block_inst.BLOCK_STAGE[4].NODE[15].bitonic_node_inst.COMP[0].comp_inst.L[7]$_DFF_P_/Q	data_out[503]	SORT_STAGE[4].BLOCK[0].bitonic_block_inst.BLOCK_STAGE[4].NODE[15].bitonic_node_inst.COMP[0].comp_inst.L[7]$_DFF_P_|output961
-0.175528	SORT_STAGE[4].BLOCK[0].bitonic_block_inst.BLOCK_STAGE[4].NODE[15].bitonic_node_inst.COMP[0].comp_inst.H[7]$_DFF_P_/Q	data_out[487]	SORT_STAGE[4].BLOCK[0].bitonic_block_inst.BLOCK_STAGE[4].NODE[15].bitonic_node_inst.COMP[0].comp_inst.H[7]$_DFF_P_|output942
-0.175506	SORT_STAGE[4].BLOCK[0].bitonic_block_inst.BLOCK_STAGE[4].NODE[2].bitonic_node_inst.COMP[0].comp_inst.H[1]$_DFF_P_/Q	data_out[65]	SORT_STAGE[4].BLOCK[0].bitonic_block_inst.BLOCK_STAGE[4].NODE[2].bitonic_node_inst.COMP[0].comp_inst.H[1]$_DFF_P_|output986
-0.175494	SORT_STAGE[4].BLOCK[0].bitonic_block_inst.BLOCK_STAGE[4].NODE[4].bitonic_node_inst.COMP[0].comp_inst.L[6]$_DFF_P_/Q	data_out[150]	SORT_STAGE[4].BLOCK[0].bitonic_block_inst.BLOCK_STAGE[4].NODE[4].bitonic_node_inst.COMP[0].comp_inst.L[6]$_DFF_P_|output569
-0.175488	SORT_STAGE[4].BLOCK[0].bitonic_block_inst.BLOCK_STAGE[4].NODE[3].bitonic_node_inst.COMP[0].comp_inst.L[14]$_DFF_P_/Q	data_out[126]	SORT_STAGE[4].BLOCK[0].bitonic_block_inst.BLOCK_STAGE[4].NODE[3].bitonic_node_inst.COMP[0].comp_inst.L[14]$_DFF_P_|output542
-0.175481	SORT_STAGE[4].BLOCK[0].bitonic_block_inst.BLOCK_STAGE[4].NODE[12].bitonic_node_inst.COMP[0].comp_inst.L[2]$_DFF_P_/Q	data_out[402]	SORT_STAGE[4].BLOCK[0].bitonic_block_inst.BLOCK_STAGE[4].NODE[12].bitonic_node_inst.COMP[0].comp_inst.L[2]$_DFF_P_|output849
-0.175462	SORT_STAGE[4].BLOCK[0].bitonic_block_inst.BLOCK_STAGE[4].NODE[8].bitonic_node_inst.COMP[0].comp_inst.L[12]$_DFF_P_/Q	data_out[284]	SORT_STAGE[4].BLOCK[0].bitonic_block_inst.BLOCK_STAGE[4].NODE[8].bitonic_node_inst.COMP[0].comp_inst.L[12]$_DFF_P_|output717
-0.175453	SORT_STAGE[4].BLOCK[0].bitonic_block_inst.BLOCK_STAGE[4].NODE[8].bitonic_node_inst.COMP[0].comp_inst.L[15]$_DFF_P_/Q	data_out[287]	SORT_STAGE[4].BLOCK[0].bitonic_block_inst.BLOCK_STAGE[4].NODE[8].bitonic_node_inst.COMP[0].comp_inst.L[15]$_DFF_P_|output720
-0.175437	SORT_STAGE[4].BLOCK[0].bitonic_block_inst.BLOCK_STAGE[4].NODE[8].bitonic_node_inst.COMP[0].comp_inst.H[10]$_DFF_P_/Q	data_out[266]	SORT_STAGE[4].BLOCK[0].bitonic_block_inst.BLOCK_STAGE[4].NODE[8].bitonic_node_inst.COMP[0].comp_inst.H[10]$_DFF_P_|output697
-0.175432	SORT_STAGE[4].BLOCK[0].bitonic_block_inst.BLOCK_STAGE[4].NODE[2].bitonic_node_inst.COMP[0].comp_inst.H[15]$_DFF_P_/Q	data_out[79]	SORT_STAGE[4].BLOCK[0].bitonic_block_inst.BLOCK_STAGE[4].NODE[2].bitonic_node_inst.COMP[0].comp_inst.H[15]$_DFF_P_|output1001
-0.175431	SORT_STAGE[4].BLOCK[0].bitonic_block_inst.BLOCK_STAGE[4].NODE[10].bitonic_node_inst.COMP[0].comp_inst.L[2]$_DFF_P_/Q	data_out[338]	SORT_STAGE[4].BLOCK[0].bitonic_block_inst.BLOCK_STAGE[4].NODE[10].bitonic_node_inst.COMP[0].comp_inst.L[2]$_DFF_P_|output777
-0.175422	SORT_STAGE[4].BLOCK[0].bitonic_block_inst.BLOCK_STAGE[4].NODE[6].bitonic_node_inst.COMP[0].comp_inst.L[4]$_DFF_P_/Q	data_out[212]	SORT_STAGE[4].BLOCK[0].bitonic_block_inst.BLOCK_STAGE[4].NODE[6].bitonic_node_inst.COMP[0].comp_inst.L[4]$_DFF_P_|output638
-0.175420	SORT_STAGE[4].BLOCK[0].bitonic_block_inst.BLOCK_STAGE[4].NODE[10].bitonic_node_inst.COMP[0].comp_inst.H[12]$_DFF_P_/Q	data_out[332]	SORT_STAGE[4].BLOCK[0].bitonic_block_inst.BLOCK_STAGE[4].NODE[10].bitonic_node_inst.COMP[0].comp_inst.H[12]$_DFF_P_|output771
-0.175408	SORT_STAGE[4].BLOCK[0].bitonic_block_inst.BLOCK_STAGE[4].NODE[4].bitonic_node_inst.COMP[0].comp_inst.L[13]$_DFF_P_/Q	data_out[157]	SORT_STAGE[4].BLOCK[0].bitonic_block_inst.BLOCK_STAGE[4].NODE[4].bitonic_node_inst.COMP[0].comp_inst.L[13]$_DFF_P_|output576
-0.175404	SORT_STAGE[4].BLOCK[0].bitonic_block_inst.BLOCK_STAGE[4].NODE[6].bitonic_node_inst.COMP[0].comp_inst.L[5]$_DFF_P_/Q	data_out[213]	SORT_STAGE[4].BLOCK[0].bitonic_block_inst.BLOCK_STAGE[4].NODE[6].bitonic_node_inst.COMP[0].comp_inst.L[5]$_DFF_P_|output639
-0.175398	SORT_STAGE[4].BLOCK[0].bitonic_block_inst.BLOCK_STAGE[4].NODE[5].bitonic_node_inst.COMP[0].comp_inst.H[10]$_DFF_P_/Q	data_out[170]	SORT_STAGE[4].BLOCK[0].bitonic_block_inst.BLOCK_STAGE[4].NODE[5].bitonic_node_inst.COMP[0].comp_inst.H[10]$_DFF_P_|output591
-0.175388	SORT_STAGE[4].BLOCK[0].bitonic_block_inst.BLOCK_STAGE[4].NODE[13].bitonic_node_inst.COMP[0].comp_inst.H[7]$_DFF_P_/Q	data_out[423]	SORT_STAGE[4].BLOCK[0].bitonic_block_inst.BLOCK_STAGE[4].NODE[13].bitonic_node_inst.COMP[0].comp_inst.H[7]$_DFF_P_|output872
-0.175386	SORT_STAGE[4].BLOCK[0].bitonic_block_inst.BLOCK_STAGE[4].NODE[12].bitonic_node_inst.COMP[0].comp_inst.H[6]$_DFF_P_/Q	data_out[390]	SORT_STAGE[4].BLOCK[0].bitonic_block_inst.BLOCK_STAGE[4].NODE[12].bitonic_node_inst.COMP[0].comp_inst.H[6]$_DFF_P_|output835
-0.175382	SORT_STAGE[4].BLOCK[0].bitonic_block_inst.BLOCK_STAGE[4].NODE[5].bitonic_node_inst.COMP[0].comp_inst.H[11]$_DFF_P_/Q	data_out[171]	SORT_STAGE[4].BLOCK[0].bitonic_block_inst.BLOCK_STAGE[4].NODE[5].bitonic_node_inst.COMP[0].comp_inst.H[11]$_DFF_P_|output592
-0.175337	SORT_STAGE[4].BLOCK[0].bitonic_block_inst.BLOCK_STAGE[4].NODE[8].bitonic_node_inst.COMP[0].comp_inst.L[10]$_DFF_P_/Q	data_out[282]	SORT_STAGE[4].BLOCK[0].bitonic_block_inst.BLOCK_STAGE[4].NODE[8].bitonic_node_inst.COMP[0].comp_inst.L[10]$_DFF_P_|output715
-0.175336	SORT_STAGE[4].BLOCK[0].bitonic_block_inst.BLOCK_STAGE[4].NODE[5].bitonic_node_inst.COMP[0].comp_inst.H[7]$_DFF_P_/Q	data_out[167]	SORT_STAGE[4].BLOCK[0].bitonic_block_inst.BLOCK_STAGE[4].NODE[5].bitonic_node_inst.COMP[0].comp_inst.H[7]$_DFF_P_|output587
-0.175335	SORT_STAGE[4].BLOCK[0].bitonic_block_inst.BLOCK_STAGE[4].NODE[12].bitonic_node_inst.COMP[0].comp_inst.H[7]$_DFF_P_/Q	data_out[391]	SORT_STAGE[4].BLOCK[0].bitonic_block_inst.BLOCK_STAGE[4].NODE[12].bitonic_node_inst.COMP[0].comp_inst.H[7]$_DFF_P_|output836
-0.175328	SORT_STAGE[4].BLOCK[0].bitonic_block_inst.BLOCK_STAGE[4].NODE[5].bitonic_node_inst.COMP[0].comp_inst.L[12]$_DFF_P_/Q	data_out[188]	SORT_STAGE[4].BLOCK[0].bitonic_block_inst.BLOCK_STAGE[4].NODE[5].bitonic_node_inst.COMP[0].comp_inst.L[12]$_DFF_P_|output610
-0.175326	SORT_STAGE[4].BLOCK[0].bitonic_block_inst.BLOCK_STAGE[4].NODE[9].bitonic_node_inst.COMP[0].comp_inst.H[12]$_DFF_P_/Q	data_out[300]	SORT_STAGE[4].BLOCK[0].bitonic_block_inst.BLOCK_STAGE[4].NODE[9].bitonic_node_inst.COMP[0].comp_inst.H[12]$_DFF_P_|output736
-0.175323	SORT_STAGE[4].BLOCK[0].bitonic_block_inst.BLOCK_STAGE[4].NODE[11].bitonic_node_inst.COMP[0].comp_inst.H[11]$_DFF_P_/Q	data_out[363]	SORT_STAGE[4].BLOCK[0].bitonic_block_inst.BLOCK_STAGE[4].NODE[11].bitonic_node_inst.COMP[0].comp_inst.H[11]$_DFF_P_|output805
-0.175323	SORT_STAGE[4].BLOCK[0].bitonic_block_inst.BLOCK_STAGE[4].NODE[8].bitonic_node_inst.COMP[0].comp_inst.L[4]$_DFF_P_/Q	data_out[276]	SORT_STAGE[4].BLOCK[0].bitonic_block_inst.BLOCK_STAGE[4].NODE[8].bitonic_node_inst.COMP[0].comp_inst.L[4]$_DFF_P_|output708
-0.175315	SORT_STAGE[4].BLOCK[0].bitonic_block_inst.BLOCK_STAGE[4].NODE[13].bitonic_node_inst.COMP[0].comp_inst.L[10]$_DFF_P_/Q	data_out[442]	SORT_STAGE[4].BLOCK[0].bitonic_block_inst.BLOCK_STAGE[4].NODE[13].bitonic_node_inst.COMP[0].comp_inst.L[10]$_DFF_P_|output893
-0.175307	SORT_STAGE[4].BLOCK[0].bitonic_block_inst.BLOCK_STAGE[4].NODE[6].bitonic_node_inst.COMP[0].comp_inst.H[8]$_DFF_P_/Q	data_out[200]	SORT_STAGE[4].BLOCK[0].bitonic_block_inst.BLOCK_STAGE[4].NODE[6].bitonic_node_inst.COMP[0].comp_inst.H[8]$_DFF_P_|output625
-0.175297	SORT_STAGE[4].BLOCK[0].bitonic_block_inst.BLOCK_STAGE[4].NODE[2].bitonic_node_inst.COMP[0].comp_inst.L[1]$_DFF_P_/Q	data_out[81]	SORT_STAGE[4].BLOCK[0].bitonic_block_inst.BLOCK_STAGE[4].NODE[2].bitonic_node_inst.COMP[0].comp_inst.L[1]$_DFF_P_|output1004
-0.175296	SORT_STAGE[4].BLOCK[0].bitonic_block_inst.BLOCK_STAGE[4].NODE[3].bitonic_node_inst.COMP[0].comp_inst.H[10]$_DFF_P_/Q	data_out[106]	SORT_STAGE[4].BLOCK[0].bitonic_block_inst.BLOCK_STAGE[4].NODE[3].bitonic_node_inst.COMP[0].comp_inst.H[10]$_DFF_P_|output520
-0.175288	SORT_STAGE[4].BLOCK[0].bitonic_block_inst.BLOCK_STAGE[4].NODE[13].bitonic_node_inst.COMP[0].comp_inst.L[3]$_DFF_P_/Q	data_out[435]	SORT_STAGE[4].BLOCK[0].bitonic_block_inst.BLOCK_STAGE[4].NODE[13].bitonic_node_inst.COMP[0].comp_inst.L[3]$_DFF_P_|output885
-0.175283	SORT_STAGE[4].BLOCK[0].bitonic_block_inst.BLOCK_STAGE[4].NODE[12].bitonic_node_inst.COMP[0].comp_inst.H[10]$_DFF_P_/Q	data_out[394]	SORT_STAGE[4].BLOCK[0].bitonic_block_inst.BLOCK_STAGE[4].NODE[12].bitonic_node_inst.COMP[0].comp_inst.H[10]$_DFF_P_|output839
-0.175274	SORT_STAGE[4].BLOCK[0].bitonic_block_inst.BLOCK_STAGE[4].NODE[5].bitonic_node_inst.COMP[0].comp_inst.L[4]$_DFF_P_/Q	data_out[180]	SORT_STAGE[4].BLOCK[0].bitonic_block_inst.BLOCK_STAGE[4].NODE[5].bitonic_node_inst.COMP[0].comp_inst.L[4]$_DFF_P_|output602
-0.175263	SORT_STAGE[4].BLOCK[0].bitonic_block_inst.BLOCK_STAGE[4].NODE[3].bitonic_node_inst.COMP[0].comp_inst.H[12]$_DFF_P_/Q	data_out[108]	SORT_STAGE[4].BLOCK[0].bitonic_block_inst.BLOCK_STAGE[4].NODE[3].bitonic_node_inst.COMP[0].comp_inst.H[12]$_DFF_P_|output522
-0.175263	SORT_STAGE[4].BLOCK[0].bitonic_block_inst.BLOCK_STAGE[4].NODE[13].bitonic_node_inst.COMP[0].comp_inst.H[6]$_DFF_P_/Q	data_out[422]	SORT_STAGE[4].BLOCK[0].bitonic_block_inst.BLOCK_STAGE[4].NODE[13].bitonic_node_inst.COMP[0].comp_inst.H[6]$_DFF_P_|output871
-0.175254	SORT_STAGE[4].BLOCK[0].bitonic_block_inst.BLOCK_STAGE[4].NODE[2].bitonic_node_inst.COMP[0].comp_inst.L[4]$_DFF_P_/Q	data_out[84]	SORT_STAGE[4].BLOCK[0].bitonic_block_inst.BLOCK_STAGE[4].NODE[2].bitonic_node_inst.COMP[0].comp_inst.L[4]$_DFF_P_|output1007
-0.175247	SORT_STAGE[4].BLOCK[0].bitonic_block_inst.BLOCK_STAGE[4].NODE[7].bitonic_node_inst.COMP[0].comp_inst.L[14]$_DFF_P_/Q	data_out[254]	SORT_STAGE[4].BLOCK[0].bitonic_block_inst.BLOCK_STAGE[4].NODE[7].bitonic_node_inst.COMP[0].comp_inst.L[14]$_DFF_P_|output684
-0.175245	SORT_STAGE[4].BLOCK[0].bitonic_block_inst.BLOCK_STAGE[4].NODE[11].bitonic_node_inst.COMP[0].comp_inst.H[10]$_DFF_P_/Q	data_out[362]	SORT_STAGE[4].BLOCK[0].bitonic_block_inst.BLOCK_STAGE[4].NODE[11].bitonic_node_inst.COMP[0].comp_inst.H[10]$_DFF_P_|output804
-0.175240	SORT_STAGE[4].BLOCK[0].bitonic_block_inst.BLOCK_STAGE[4].NODE[5].bitonic_node_inst.COMP[0].comp_inst.H[15]$_DFF_P_/Q	data_out[175]	SORT_STAGE[4].BLOCK[0].bitonic_block_inst.BLOCK_STAGE[4].NODE[5].bitonic_node_inst.COMP[0].comp_inst.H[15]$_DFF_P_|output596
-0.175225	SORT_STAGE[4].BLOCK[0].bitonic_block_inst.BLOCK_STAGE[4].NODE[8].bitonic_node_inst.COMP[0].comp_inst.H[4]$_DFF_P_/Q	data_out[260]	SORT_STAGE[4].BLOCK[0].bitonic_block_inst.BLOCK_STAGE[4].NODE[8].bitonic_node_inst.COMP[0].comp_inst.H[4]$_DFF_P_|output691
-0.175219	SORT_STAGE[4].BLOCK[0].bitonic_block_inst.BLOCK_STAGE[4].NODE[8].bitonic_node_inst.COMP[0].comp_inst.L[0]$_DFF_P_/Q	data_out[272]	SORT_STAGE[4].BLOCK[0].bitonic_block_inst.BLOCK_STAGE[4].NODE[8].bitonic_node_inst.COMP[0].comp_inst.L[0]$_DFF_P_|output704
-0.175219	SORT_STAGE[4].BLOCK[0].bitonic_block_inst.BLOCK_STAGE[4].NODE[4].bitonic_node_inst.COMP[0].comp_inst.L[1]$_DFF_P_/Q	data_out[145]	SORT_STAGE[4].BLOCK[0].bitonic_block_inst.BLOCK_STAGE[4].NODE[4].bitonic_node_inst.COMP[0].comp_inst.L[1]$_DFF_P_|output563
-0.175213	SORT_STAGE[4].BLOCK[0].bitonic_block_inst.BLOCK_STAGE[4].NODE[12].bitonic_node_inst.COMP[0].comp_inst.L[8]$_DFF_P_/Q	data_out[408]	SORT_STAGE[4].BLOCK[0].bitonic_block_inst.BLOCK_STAGE[4].NODE[12].bitonic_node_inst.COMP[0].comp_inst.L[8]$_DFF_P_|output855
-0.175195	SORT_STAGE[4].BLOCK[0].bitonic_block_inst.BLOCK_STAGE[4].NODE[7].bitonic_node_inst.COMP[0].comp_inst.L[4]$_DFF_P_/Q	data_out[244]	SORT_STAGE[4].BLOCK[0].bitonic_block_inst.BLOCK_STAGE[4].NODE[7].bitonic_node_inst.COMP[0].comp_inst.L[4]$_DFF_P_|output673
-0.175193	SORT_STAGE[4].BLOCK[0].bitonic_block_inst.BLOCK_STAGE[4].NODE[13].bitonic_node_inst.COMP[0].comp_inst.L[2]$_DFF_P_/Q	data_out[434]	SORT_STAGE[4].BLOCK[0].bitonic_block_inst.BLOCK_STAGE[4].NODE[13].bitonic_node_inst.COMP[0].comp_inst.L[2]$_DFF_P_|output884
-0.175188	SORT_STAGE[4].BLOCK[0].bitonic_block_inst.BLOCK_STAGE[4].NODE[11].bitonic_node_inst.COMP[0].comp_inst.L[8]$_DFF_P_/Q	data_out[376]	SORT_STAGE[4].BLOCK[0].bitonic_block_inst.BLOCK_STAGE[4].NODE[11].bitonic_node_inst.COMP[0].comp_inst.L[8]$_DFF_P_|output819
-0.175169	SORT_STAGE[4].BLOCK[0].bitonic_block_inst.BLOCK_STAGE[4].NODE[4].bitonic_node_inst.COMP[0].comp_inst.H[14]$_DFF_P_/Q	data_out[142]	SORT_STAGE[4].BLOCK[0].bitonic_block_inst.BLOCK_STAGE[4].NODE[4].bitonic_node_inst.COMP[0].comp_inst.H[14]$_DFF_P_|output560
-0.175166	SORT_STAGE[4].BLOCK[0].bitonic_block_inst.BLOCK_STAGE[4].NODE[6].bitonic_node_inst.COMP[0].comp_inst.L[3]$_DFF_P_/Q	data_out[211]	SORT_STAGE[4].BLOCK[0].bitonic_block_inst.BLOCK_STAGE[4].NODE[6].bitonic_node_inst.COMP[0].comp_inst.L[3]$_DFF_P_|output637
-0.175166	SORT_STAGE[4].BLOCK[0].bitonic_block_inst.BLOCK_STAGE[4].NODE[9].bitonic_node_inst.COMP[0].comp_inst.L[0]$_DFF_P_/Q	data_out[304]	SORT_STAGE[4].BLOCK[0].bitonic_block_inst.BLOCK_STAGE[4].NODE[9].bitonic_node_inst.COMP[0].comp_inst.L[0]$_DFF_P_|output740
-0.175155	SORT_STAGE[4].BLOCK[0].bitonic_block_inst.BLOCK_STAGE[4].NODE[11].bitonic_node_inst.COMP[0].comp_inst.H[3]$_DFF_P_/Q	data_out[355]	SORT_STAGE[4].BLOCK[0].bitonic_block_inst.BLOCK_STAGE[4].NODE[11].bitonic_node_inst.COMP[0].comp_inst.H[3]$_DFF_P_|output796
-0.175141	SORT_STAGE[4].BLOCK[0].bitonic_block_inst.BLOCK_STAGE[4].NODE[5].bitonic_node_inst.COMP[0].comp_inst.L[5]$_DFF_P_/Q	data_out[181]	SORT_STAGE[4].BLOCK[0].bitonic_block_inst.BLOCK_STAGE[4].NODE[5].bitonic_node_inst.COMP[0].comp_inst.L[5]$_DFF_P_|output603
-0.175134	SORT_STAGE[4].BLOCK[0].bitonic_block_inst.BLOCK_STAGE[4].NODE[11].bitonic_node_inst.COMP[0].comp_inst.H[2]$_DFF_P_/Q	data_out[354]	SORT_STAGE[4].BLOCK[0].bitonic_block_inst.BLOCK_STAGE[4].NODE[11].bitonic_node_inst.COMP[0].comp_inst.H[2]$_DFF_P_|output795
-0.175120	SORT_STAGE[4].BLOCK[0].bitonic_block_inst.BLOCK_STAGE[4].NODE[6].bitonic_node_inst.COMP[0].comp_inst.H[4]$_DFF_P_/Q	data_out[196]	SORT_STAGE[4].BLOCK[0].bitonic_block_inst.BLOCK_STAGE[4].NODE[6].bitonic_node_inst.COMP[0].comp_inst.H[4]$_DFF_P_|output619
-0.175120	SORT_STAGE[4].BLOCK[0].bitonic_block_inst.BLOCK_STAGE[4].NODE[13].bitonic_node_inst.COMP[0].comp_inst.H[2]$_DFF_P_/Q	data_out[418]	SORT_STAGE[4].BLOCK[0].bitonic_block_inst.BLOCK_STAGE[4].NODE[13].bitonic_node_inst.COMP[0].comp_inst.H[2]$_DFF_P_|output866
-0.175118	SORT_STAGE[4].BLOCK[0].bitonic_block_inst.BLOCK_STAGE[4].NODE[15].bitonic_node_inst.COMP[0].comp_inst.L[12]$_DFF_P_/Q	data_out[508]	SORT_STAGE[4].BLOCK[0].bitonic_block_inst.BLOCK_STAGE[4].NODE[15].bitonic_node_inst.COMP[0].comp_inst.L[12]$_DFF_P_|output966
-0.175115	SORT_STAGE[4].BLOCK[0].bitonic_block_inst.BLOCK_STAGE[4].NODE[15].bitonic_node_inst.COMP[0].comp_inst.H[6]$_DFF_P_/Q	data_out[486]	SORT_STAGE[4].BLOCK[0].bitonic_block_inst.BLOCK_STAGE[4].NODE[15].bitonic_node_inst.COMP[0].comp_inst.H[6]$_DFF_P_|output941
-0.175114	SORT_STAGE[4].BLOCK[0].bitonic_block_inst.BLOCK_STAGE[4].NODE[11].bitonic_node_inst.COMP[0].comp_inst.H[14]$_DFF_P_/Q	data_out[366]	SORT_STAGE[4].BLOCK[0].bitonic_block_inst.BLOCK_STAGE[4].NODE[11].bitonic_node_inst.COMP[0].comp_inst.H[14]$_DFF_P_|output808
-0.175107	SORT_STAGE[4].BLOCK[0].bitonic_block_inst.BLOCK_STAGE[4].NODE[5].bitonic_node_inst.COMP[0].comp_inst.L[3]$_DFF_P_/Q	data_out[179]	SORT_STAGE[4].BLOCK[0].bitonic_block_inst.BLOCK_STAGE[4].NODE[5].bitonic_node_inst.COMP[0].comp_inst.L[3]$_DFF_P_|output600
-0.175099	SORT_STAGE[4].BLOCK[0].bitonic_block_inst.BLOCK_STAGE[4].NODE[4].bitonic_node_inst.COMP[0].comp_inst.H[1]$_DFF_P_/Q	data_out[129]	SORT_STAGE[4].BLOCK[0].bitonic_block_inst.BLOCK_STAGE[4].NODE[4].bitonic_node_inst.COMP[0].comp_inst.H[1]$_DFF_P_|output545
-0.175097	SORT_STAGE[4].BLOCK[0].bitonic_block_inst.BLOCK_STAGE[4].NODE[2].bitonic_node_inst.COMP[0].comp_inst.H[3]$_DFF_P_/Q	data_out[67]	SORT_STAGE[4].BLOCK[0].bitonic_block_inst.BLOCK_STAGE[4].NODE[2].bitonic_node_inst.COMP[0].comp_inst.H[3]$_DFF_P_|output988
-0.175076	SORT_STAGE[4].BLOCK[0].bitonic_block_inst.BLOCK_STAGE[4].NODE[11].bitonic_node_inst.COMP[0].comp_inst.H[12]$_DFF_P_/Q	data_out[364]	SORT_STAGE[4].BLOCK[0].bitonic_block_inst.BLOCK_STAGE[4].NODE[11].bitonic_node_inst.COMP[0].comp_inst.H[12]$_DFF_P_|output806
-0.175070	SORT_STAGE[4].BLOCK[0].bitonic_block_inst.BLOCK_STAGE[4].NODE[3].bitonic_node_inst.COMP[0].comp_inst.L[13]$_DFF_P_/Q	data_out[125]	SORT_STAGE[4].BLOCK[0].bitonic_block_inst.BLOCK_STAGE[4].NODE[3].bitonic_node_inst.COMP[0].comp_inst.L[13]$_DFF_P_|output541
-0.175069	SORT_STAGE[4].BLOCK[0].bitonic_block_inst.BLOCK_STAGE[4].NODE[6].bitonic_node_inst.COMP[0].comp_inst.H[5]$_DFF_P_/Q	data_out[197]	SORT_STAGE[4].BLOCK[0].bitonic_block_inst.BLOCK_STAGE[4].NODE[6].bitonic_node_inst.COMP[0].comp_inst.H[5]$_DFF_P_|output620
-0.175066	SORT_STAGE[4].BLOCK[0].bitonic_block_inst.BLOCK_STAGE[4].NODE[10].bitonic_node_inst.COMP[0].comp_inst.L[12]$_DFF_P_/Q	data_out[348]	SORT_STAGE[4].BLOCK[0].bitonic_block_inst.BLOCK_STAGE[4].NODE[10].bitonic_node_inst.COMP[0].comp_inst.L[12]$_DFF_P_|output788
-0.175059	SORT_STAGE[4].BLOCK[0].bitonic_block_inst.BLOCK_STAGE[4].NODE[3].bitonic_node_inst.COMP[0].comp_inst.H[8]$_DFF_P_/Q	data_out[104]	SORT_STAGE[4].BLOCK[0].bitonic_block_inst.BLOCK_STAGE[4].NODE[3].bitonic_node_inst.COMP[0].comp_inst.H[8]$_DFF_P_|output518
-0.175052	SORT_STAGE[4].BLOCK[0].bitonic_block_inst.BLOCK_STAGE[4].NODE[6].bitonic_node_inst.COMP[0].comp_inst.L[9]$_DFF_P_/Q	data_out[217]	SORT_STAGE[4].BLOCK[0].bitonic_block_inst.BLOCK_STAGE[4].NODE[6].bitonic_node_inst.COMP[0].comp_inst.L[9]$_DFF_P_|output643
-0.175050	SORT_STAGE[4].BLOCK[0].bitonic_block_inst.BLOCK_STAGE[4].NODE[12].bitonic_node_inst.COMP[0].comp_inst.L[14]$_DFF_P_/Q	data_out[414]	SORT_STAGE[4].BLOCK[0].bitonic_block_inst.BLOCK_STAGE[4].NODE[12].bitonic_node_inst.COMP[0].comp_inst.L[14]$_DFF_P_|output862
-0.175047	SORT_STAGE[4].BLOCK[0].bitonic_block_inst.BLOCK_STAGE[4].NODE[10].bitonic_node_inst.COMP[0].comp_inst.L[0]$_DFF_P_/Q	data_out[336]	SORT_STAGE[4].BLOCK[0].bitonic_block_inst.BLOCK_STAGE[4].NODE[10].bitonic_node_inst.COMP[0].comp_inst.L[0]$_DFF_P_|output775
-0.175047	SORT_STAGE[4].BLOCK[0].bitonic_block_inst.BLOCK_STAGE[4].NODE[8].bitonic_node_inst.COMP[0].comp_inst.H[9]$_DFF_P_/Q	data_out[265]	SORT_STAGE[4].BLOCK[0].bitonic_block_inst.BLOCK_STAGE[4].NODE[8].bitonic_node_inst.COMP[0].comp_inst.H[9]$_DFF_P_|output696
-0.175042	SORT_STAGE[4].BLOCK[0].bitonic_block_inst.BLOCK_STAGE[4].NODE[3].bitonic_node_inst.COMP[0].comp_inst.H[6]$_DFF_P_/Q	data_out[102]	SORT_STAGE[4].BLOCK[0].bitonic_block_inst.BLOCK_STAGE[4].NODE[3].bitonic_node_inst.COMP[0].comp_inst.H[6]$_DFF_P_|output516
-0.175035	SORT_STAGE[4].BLOCK[0].bitonic_block_inst.BLOCK_STAGE[4].NODE[9].bitonic_node_inst.COMP[0].comp_inst.L[1]$_DFF_P_/Q	data_out[305]	SORT_STAGE[4].BLOCK[0].bitonic_block_inst.BLOCK_STAGE[4].NODE[9].bitonic_node_inst.COMP[0].comp_inst.L[1]$_DFF_P_|output741
-0.175031	SORT_STAGE[4].BLOCK[0].bitonic_block_inst.BLOCK_STAGE[4].NODE[4].bitonic_node_inst.COMP[0].comp_inst.H[12]$_DFF_P_/Q	data_out[140]	SORT_STAGE[4].BLOCK[0].bitonic_block_inst.BLOCK_STAGE[4].NODE[4].bitonic_node_inst.COMP[0].comp_inst.H[12]$_DFF_P_|output558
-0.175018	SORT_STAGE[4].BLOCK[0].bitonic_block_inst.BLOCK_STAGE[4].NODE[8].bitonic_node_inst.COMP[0].comp_inst.L[11]$_DFF_P_/Q	data_out[283]	SORT_STAGE[4].BLOCK[0].bitonic_block_inst.BLOCK_STAGE[4].NODE[8].bitonic_node_inst.COMP[0].comp_inst.L[11]$_DFF_P_|output716
-0.175016	SORT_STAGE[4].BLOCK[0].bitonic_block_inst.BLOCK_STAGE[4].NODE[5].bitonic_node_inst.COMP[0].comp_inst.L[8]$_DFF_P_/Q	data_out[184]	SORT_STAGE[4].BLOCK[0].bitonic_block_inst.BLOCK_STAGE[4].NODE[5].bitonic_node_inst.COMP[0].comp_inst.L[8]$_DFF_P_|output606
-0.175015	SORT_STAGE[4].BLOCK[0].bitonic_block_inst.BLOCK_STAGE[4].NODE[6].bitonic_node_inst.COMP[0].comp_inst.L[8]$_DFF_P_/Q	data_out[216]	SORT_STAGE[4].BLOCK[0].bitonic_block_inst.BLOCK_STAGE[4].NODE[6].bitonic_node_inst.COMP[0].comp_inst.L[8]$_DFF_P_|output642
-0.175007	SORT_STAGE[4].BLOCK[0].bitonic_block_inst.BLOCK_STAGE[4].NODE[8].bitonic_node_inst.COMP[0].comp_inst.L[8]$_DFF_P_/Q	data_out[280]	SORT_STAGE[4].BLOCK[0].bitonic_block_inst.BLOCK_STAGE[4].NODE[8].bitonic_node_inst.COMP[0].comp_inst.L[8]$_DFF_P_|output713
-0.175007	SORT_STAGE[4].BLOCK[0].bitonic_block_inst.BLOCK_STAGE[4].NODE[3].bitonic_node_inst.COMP[0].comp_inst.L[0]$_DFF_P_/Q	data_out[112]	SORT_STAGE[4].BLOCK[0].bitonic_block_inst.BLOCK_STAGE[4].NODE[3].bitonic_node_inst.COMP[0].comp_inst.L[0]$_DFF_P_|output527
-0.175000	SORT_STAGE[4].BLOCK[0].bitonic_block_inst.BLOCK_STAGE[4].NODE[13].bitonic_node_inst.COMP[0].comp_inst.H[11]$_DFF_P_/Q	data_out[427]	SORT_STAGE[4].BLOCK[0].bitonic_block_inst.BLOCK_STAGE[4].NODE[13].bitonic_node_inst.COMP[0].comp_inst.H[11]$_DFF_P_|output876
-0.174987	SORT_STAGE[4].BLOCK[0].bitonic_block_inst.BLOCK_STAGE[4].NODE[5].bitonic_node_inst.COMP[0].comp_inst.H[4]$_DFF_P_/Q	data_out[164]	SORT_STAGE[4].BLOCK[0].bitonic_block_inst.BLOCK_STAGE[4].NODE[5].bitonic_node_inst.COMP[0].comp_inst.H[4]$_DFF_P_|output584
-0.174981	SORT_STAGE[4].BLOCK[0].bitonic_block_inst.BLOCK_STAGE[4].NODE[8].bitonic_node_inst.COMP[0].comp_inst.H[8]$_DFF_P_/Q	data_out[264]	SORT_STAGE[4].BLOCK[0].bitonic_block_inst.BLOCK_STAGE[4].NODE[8].bitonic_node_inst.COMP[0].comp_inst.H[8]$_DFF_P_|output695
-0.174980	SORT_STAGE[4].BLOCK[0].bitonic_block_inst.BLOCK_STAGE[4].NODE[4].bitonic_node_inst.COMP[0].comp_inst.H[3]$_DFF_P_/Q	data_out[131]	SORT_STAGE[4].BLOCK[0].bitonic_block_inst.BLOCK_STAGE[4].NODE[4].bitonic_node_inst.COMP[0].comp_inst.H[3]$_DFF_P_|output548
-0.174978	SORT_STAGE[4].BLOCK[0].bitonic_block_inst.BLOCK_STAGE[4].NODE[5].bitonic_node_inst.COMP[0].comp_inst.L[9]$_DFF_P_/Q	data_out[185]	SORT_STAGE[4].BLOCK[0].bitonic_block_inst.BLOCK_STAGE[4].NODE[5].bitonic_node_inst.COMP[0].comp_inst.L[9]$_DFF_P_|output607
-0.174975	SORT_STAGE[4].BLOCK[0].bitonic_block_inst.BLOCK_STAGE[4].NODE[8].bitonic_node_inst.COMP[0].comp_inst.H[0]$_DFF_P_/Q	data_out[256]	SORT_STAGE[4].BLOCK[0].bitonic_block_inst.BLOCK_STAGE[4].NODE[8].bitonic_node_inst.COMP[0].comp_inst.H[0]$_DFF_P_|output686
-0.174971	SORT_STAGE[4].BLOCK[0].bitonic_block_inst.BLOCK_STAGE[4].NODE[15].bitonic_node_inst.COMP[0].comp_inst.L[14]$_DFF_P_/Q	data_out[510]	SORT_STAGE[4].BLOCK[0].bitonic_block_inst.BLOCK_STAGE[4].NODE[15].bitonic_node_inst.COMP[0].comp_inst.L[14]$_DFF_P_|output969
-0.174968	SORT_STAGE[4].BLOCK[0].bitonic_block_inst.BLOCK_STAGE[4].NODE[5].bitonic_node_inst.COMP[0].comp_inst.L[13]$_DFF_P_/Q	data_out[189]	SORT_STAGE[4].BLOCK[0].bitonic_block_inst.BLOCK_STAGE[4].NODE[5].bitonic_node_inst.COMP[0].comp_inst.L[13]$_DFF_P_|output611
-0.174957	SORT_STAGE[4].BLOCK[0].bitonic_block_inst.BLOCK_STAGE[4].NODE[10].bitonic_node_inst.COMP[0].comp_inst.H[11]$_DFF_P_/Q	data_out[331]	SORT_STAGE[4].BLOCK[0].bitonic_block_inst.BLOCK_STAGE[4].NODE[10].bitonic_node_inst.COMP[0].comp_inst.H[11]$_DFF_P_|output770
-0.174955	SORT_STAGE[4].BLOCK[0].bitonic_block_inst.BLOCK_STAGE[4].NODE[2].bitonic_node_inst.COMP[0].comp_inst.L[0]$_DFF_P_/Q	data_out[80]	SORT_STAGE[4].BLOCK[0].bitonic_block_inst.BLOCK_STAGE[4].NODE[2].bitonic_node_inst.COMP[0].comp_inst.L[0]$_DFF_P_|output1003
-0.174945	SORT_STAGE[4].BLOCK[0].bitonic_block_inst.BLOCK_STAGE[4].NODE[6].bitonic_node_inst.COMP[0].comp_inst.H[6]$_DFF_P_/Q	data_out[198]	SORT_STAGE[4].BLOCK[0].bitonic_block_inst.BLOCK_STAGE[4].NODE[6].bitonic_node_inst.COMP[0].comp_inst.H[6]$_DFF_P_|output621
-0.174937	SORT_STAGE[4].BLOCK[0].bitonic_block_inst.BLOCK_STAGE[4].NODE[15].bitonic_node_inst.COMP[0].comp_inst.L[8]$_DFF_P_/Q	data_out[504]	SORT_STAGE[4].BLOCK[0].bitonic_block_inst.BLOCK_STAGE[4].NODE[15].bitonic_node_inst.COMP[0].comp_inst.L[8]$_DFF_P_|output962
-0.174934	SORT_STAGE[4].BLOCK[0].bitonic_block_inst.BLOCK_STAGE[4].NODE[11].bitonic_node_inst.COMP[0].comp_inst.L[11]$_DFF_P_/Q	data_out[379]	SORT_STAGE[4].BLOCK[0].bitonic_block_inst.BLOCK_STAGE[4].NODE[11].bitonic_node_inst.COMP[0].comp_inst.L[11]$_DFF_P_|output822
-0.174920	SORT_STAGE[4].BLOCK[0].bitonic_block_inst.BLOCK_STAGE[4].NODE[10].bitonic_node_inst.COMP[0].comp_inst.H[5]$_DFF_P_/Q	data_out[325]	SORT_STAGE[4].BLOCK[0].bitonic_block_inst.BLOCK_STAGE[4].NODE[10].bitonic_node_inst.COMP[0].comp_inst.H[5]$_DFF_P_|output763
-0.174920	SORT_STAGE[4].BLOCK[0].bitonic_block_inst.BLOCK_STAGE[4].NODE[7].bitonic_node_inst.COMP[0].comp_inst.H[13]$_DFF_P_/Q	data_out[237]	SORT_STAGE[4].BLOCK[0].bitonic_block_inst.BLOCK_STAGE[4].NODE[7].bitonic_node_inst.COMP[0].comp_inst.H[13]$_DFF_P_|output665
-0.174907	SORT_STAGE[4].BLOCK[0].bitonic_block_inst.BLOCK_STAGE[4].NODE[10].bitonic_node_inst.COMP[0].comp_inst.L[6]$_DFF_P_/Q	data_out[342]	SORT_STAGE[4].BLOCK[0].bitonic_block_inst.BLOCK_STAGE[4].NODE[10].bitonic_node_inst.COMP[0].comp_inst.L[6]$_DFF_P_|output782
-0.174899	SORT_STAGE[4].BLOCK[0].bitonic_block_inst.BLOCK_STAGE[4].NODE[10].bitonic_node_inst.COMP[0].comp_inst.H[2]$_DFF_P_/Q	data_out[322]	SORT_STAGE[4].BLOCK[0].bitonic_block_inst.BLOCK_STAGE[4].NODE[10].bitonic_node_inst.COMP[0].comp_inst.H[2]$_DFF_P_|output760
-0.174884	SORT_STAGE[4].BLOCK[0].bitonic_block_inst.BLOCK_STAGE[4].NODE[0].bitonic_node_inst.COMP[0].comp_inst.H[13]$_DFF_P_/Q	data_out[13]	SORT_STAGE[4].BLOCK[0].bitonic_block_inst.BLOCK_STAGE[4].NODE[0].bitonic_node_inst.COMP[0].comp_inst.H[13]$_DFF_P_|output557
-0.174880	SORT_STAGE[4].BLOCK[0].bitonic_block_inst.BLOCK_STAGE[4].NODE[8].bitonic_node_inst.COMP[0].comp_inst.H[7]$_DFF_P_/Q	data_out[263]	SORT_STAGE[4].BLOCK[0].bitonic_block_inst.BLOCK_STAGE[4].NODE[8].bitonic_node_inst.COMP[0].comp_inst.H[7]$_DFF_P_|output694
-0.174880	SORT_STAGE[4].BLOCK[0].bitonic_block_inst.BLOCK_STAGE[4].NODE[12].bitonic_node_inst.COMP[0].comp_inst.L[1]$_DFF_P_/Q	data_out[401]	SORT_STAGE[4].BLOCK[0].bitonic_block_inst.BLOCK_STAGE[4].NODE[12].bitonic_node_inst.COMP[0].comp_inst.L[1]$_DFF_P_|output848
-0.174879	SORT_STAGE[4].BLOCK[0].bitonic_block_inst.BLOCK_STAGE[4].NODE[2].bitonic_node_inst.COMP[0].comp_inst.H[0]$_DFF_P_/Q	data_out[64]	SORT_STAGE[4].BLOCK[0].bitonic_block_inst.BLOCK_STAGE[4].NODE[2].bitonic_node_inst.COMP[0].comp_inst.H[0]$_DFF_P_|output985
-0.174865	SORT_STAGE[4].BLOCK[0].bitonic_block_inst.BLOCK_STAGE[4].NODE[4].bitonic_node_inst.COMP[0].comp_inst.L[7]$_DFF_P_/Q	data_out[151]	SORT_STAGE[4].BLOCK[0].bitonic_block_inst.BLOCK_STAGE[4].NODE[4].bitonic_node_inst.COMP[0].comp_inst.L[7]$_DFF_P_|output570
-0.174857	SORT_STAGE[4].BLOCK[0].bitonic_block_inst.BLOCK_STAGE[4].NODE[5].bitonic_node_inst.COMP[0].comp_inst.H[14]$_DFF_P_/Q	data_out[174]	SORT_STAGE[4].BLOCK[0].bitonic_block_inst.BLOCK_STAGE[4].NODE[5].bitonic_node_inst.COMP[0].comp_inst.H[14]$_DFF_P_|output595
-0.174839	SORT_STAGE[4].BLOCK[0].bitonic_block_inst.BLOCK_STAGE[4].NODE[10].bitonic_node_inst.COMP[0].comp_inst.H[9]$_DFF_P_/Q	data_out[329]	SORT_STAGE[4].BLOCK[0].bitonic_block_inst.BLOCK_STAGE[4].NODE[10].bitonic_node_inst.COMP[0].comp_inst.H[9]$_DFF_P_|output767
-0.174836	SORT_STAGE[4].BLOCK[0].bitonic_block_inst.BLOCK_STAGE[4].NODE[3].bitonic_node_inst.COMP[0].comp_inst.H[0]$_DFF_P_/Q	data_out[96]	SORT_STAGE[4].BLOCK[0].bitonic_block_inst.BLOCK_STAGE[4].NODE[3].bitonic_node_inst.COMP[0].comp_inst.H[0]$_DFF_P_|output1020
-0.174830	SORT_STAGE[4].BLOCK[0].bitonic_block_inst.BLOCK_STAGE[4].NODE[10].bitonic_node_inst.COMP[0].comp_inst.L[10]$_DFF_P_/Q	data_out[346]	SORT_STAGE[4].BLOCK[0].bitonic_block_inst.BLOCK_STAGE[4].NODE[10].bitonic_node_inst.COMP[0].comp_inst.L[10]$_DFF_P_|output786
-0.174825	SORT_STAGE[4].BLOCK[0].bitonic_block_inst.BLOCK_STAGE[4].NODE[4].bitonic_node_inst.COMP[0].comp_inst.H[4]$_DFF_P_/Q	data_out[132]	SORT_STAGE[4].BLOCK[0].bitonic_block_inst.BLOCK_STAGE[4].NODE[4].bitonic_node_inst.COMP[0].comp_inst.H[4]$_DFF_P_|output549
-0.174815	SORT_STAGE[4].BLOCK[0].bitonic_block_inst.BLOCK_STAGE[4].NODE[8].bitonic_node_inst.COMP[0].comp_inst.L[6]$_DFF_P_/Q	data_out[278]	SORT_STAGE[4].BLOCK[0].bitonic_block_inst.BLOCK_STAGE[4].NODE[8].bitonic_node_inst.COMP[0].comp_inst.L[6]$_DFF_P_|output710
-0.174807	SORT_STAGE[4].BLOCK[0].bitonic_block_inst.BLOCK_STAGE[4].NODE[10].bitonic_node_inst.COMP[0].comp_inst.H[0]$_DFF_P_/Q	data_out[320]	SORT_STAGE[4].BLOCK[0].bitonic_block_inst.BLOCK_STAGE[4].NODE[10].bitonic_node_inst.COMP[0].comp_inst.H[0]$_DFF_P_|output758
-0.174807	SORT_STAGE[4].BLOCK[0].bitonic_block_inst.BLOCK_STAGE[4].NODE[4].bitonic_node_inst.COMP[0].comp_inst.H[11]$_DFF_P_/Q	data_out[139]	SORT_STAGE[4].BLOCK[0].bitonic_block_inst.BLOCK_STAGE[4].NODE[4].bitonic_node_inst.COMP[0].comp_inst.H[11]$_DFF_P_|output556
-0.174802	SORT_STAGE[4].BLOCK[0].bitonic_block_inst.BLOCK_STAGE[4].NODE[9].bitonic_node_inst.COMP[0].comp_inst.L[2]$_DFF_P_/Q	data_out[306]	SORT_STAGE[4].BLOCK[0].bitonic_block_inst.BLOCK_STAGE[4].NODE[9].bitonic_node_inst.COMP[0].comp_inst.L[2]$_DFF_P_|output742
-0.174801	SORT_STAGE[4].BLOCK[0].bitonic_block_inst.BLOCK_STAGE[4].NODE[0].bitonic_node_inst.COMP[0].comp_inst.L[15]$_DFF_P_/Q	data_out[31]	SORT_STAGE[4].BLOCK[0].bitonic_block_inst.BLOCK_STAGE[4].NODE[0].bitonic_node_inst.COMP[0].comp_inst.L[15]$_DFF_P_|output757
-0.174795	SORT_STAGE[4].BLOCK[0].bitonic_block_inst.BLOCK_STAGE[4].NODE[10].bitonic_node_inst.COMP[0].comp_inst.L[1]$_DFF_P_/Q	data_out[337]	SORT_STAGE[4].BLOCK[0].bitonic_block_inst.BLOCK_STAGE[4].NODE[10].bitonic_node_inst.COMP[0].comp_inst.L[1]$_DFF_P_|output776
-0.174792	SORT_STAGE[4].BLOCK[0].bitonic_block_inst.BLOCK_STAGE[4].NODE[4].bitonic_node_inst.COMP[0].comp_inst.H[13]$_DFF_P_/Q	data_out[141]	SORT_STAGE[4].BLOCK[0].bitonic_block_inst.BLOCK_STAGE[4].NODE[4].bitonic_node_inst.COMP[0].comp_inst.H[13]$_DFF_P_|output559
-0.174775	SORT_STAGE[4].BLOCK[0].bitonic_block_inst.BLOCK_STAGE[4].NODE[5].bitonic_node_inst.COMP[0].comp_inst.H[6]$_DFF_P_/Q	data_out[166]	SORT_STAGE[4].BLOCK[0].bitonic_block_inst.BLOCK_STAGE[4].NODE[5].bitonic_node_inst.COMP[0].comp_inst.H[6]$_DFF_P_|output586
-0.174773	SORT_STAGE[4].BLOCK[0].bitonic_block_inst.BLOCK_STAGE[4].NODE[4].bitonic_node_inst.COMP[0].comp_inst.L[11]$_DFF_P_/Q	data_out[155]	SORT_STAGE[4].BLOCK[0].bitonic_block_inst.BLOCK_STAGE[4].NODE[4].bitonic_node_inst.COMP[0].comp_inst.L[11]$_DFF_P_|output574
-0.174756	SORT_STAGE[4].BLOCK[0].bitonic_block_inst.BLOCK_STAGE[4].NODE[9].bitonic_node_inst.COMP[0].comp_inst.H[2]$_DFF_P_/Q	data_out[290]	SORT_STAGE[4].BLOCK[0].bitonic_block_inst.BLOCK_STAGE[4].NODE[9].bitonic_node_inst.COMP[0].comp_inst.H[2]$_DFF_P_|output724
-0.174753	SORT_STAGE[4].BLOCK[0].bitonic_block_inst.BLOCK_STAGE[4].NODE[11].bitonic_node_inst.COMP[0].comp_inst.L[14]$_DFF_P_/Q	data_out[382]	SORT_STAGE[4].BLOCK[0].bitonic_block_inst.BLOCK_STAGE[4].NODE[11].bitonic_node_inst.COMP[0].comp_inst.L[14]$_DFF_P_|output826
-0.174750	SORT_STAGE[4].BLOCK[0].bitonic_block_inst.BLOCK_STAGE[4].NODE[9].bitonic_node_inst.COMP[0].comp_inst.H[1]$_DFF_P_/Q	data_out[289]	SORT_STAGE[4].BLOCK[0].bitonic_block_inst.BLOCK_STAGE[4].NODE[9].bitonic_node_inst.COMP[0].comp_inst.H[1]$_DFF_P_|output722
-0.174750	SORT_STAGE[4].BLOCK[0].bitonic_block_inst.BLOCK_STAGE[4].NODE[15].bitonic_node_inst.COMP[0].comp_inst.L[1]$_DFF_P_/Q	data_out[497]	SORT_STAGE[4].BLOCK[0].bitonic_block_inst.BLOCK_STAGE[4].NODE[15].bitonic_node_inst.COMP[0].comp_inst.L[1]$_DFF_P_|output953
-0.174740	SORT_STAGE[4].BLOCK[0].bitonic_block_inst.BLOCK_STAGE[4].NODE[8].bitonic_node_inst.COMP[0].comp_inst.L[9]$_DFF_P_/Q	data_out[281]	SORT_STAGE[4].BLOCK[0].bitonic_block_inst.BLOCK_STAGE[4].NODE[8].bitonic_node_inst.COMP[0].comp_inst.L[9]$_DFF_P_|output714
-0.174737	SORT_STAGE[4].BLOCK[0].bitonic_block_inst.BLOCK_STAGE[4].NODE[4].bitonic_node_inst.COMP[0].comp_inst.L[5]$_DFF_P_/Q	data_out[149]	SORT_STAGE[4].BLOCK[0].bitonic_block_inst.BLOCK_STAGE[4].NODE[4].bitonic_node_inst.COMP[0].comp_inst.L[5]$_DFF_P_|output567
-0.174728	SORT_STAGE[4].BLOCK[0].bitonic_block_inst.BLOCK_STAGE[4].NODE[9].bitonic_node_inst.COMP[0].comp_inst.L[5]$_DFF_P_/Q	data_out[309]	SORT_STAGE[4].BLOCK[0].bitonic_block_inst.BLOCK_STAGE[4].NODE[9].bitonic_node_inst.COMP[0].comp_inst.L[5]$_DFF_P_|output745
-0.174723	SORT_STAGE[4].BLOCK[0].bitonic_block_inst.BLOCK_STAGE[4].NODE[5].bitonic_node_inst.COMP[0].comp_inst.L[15]$_DFF_P_/Q	data_out[191]	SORT_STAGE[4].BLOCK[0].bitonic_block_inst.BLOCK_STAGE[4].NODE[5].bitonic_node_inst.COMP[0].comp_inst.L[15]$_DFF_P_|output614
-0.174722	SORT_STAGE[4].BLOCK[0].bitonic_block_inst.BLOCK_STAGE[4].NODE[15].bitonic_node_inst.COMP[0].comp_inst.L[9]$_DFF_P_/Q	data_out[505]	SORT_STAGE[4].BLOCK[0].bitonic_block_inst.BLOCK_STAGE[4].NODE[15].bitonic_node_inst.COMP[0].comp_inst.L[9]$_DFF_P_|output963
-0.174718	SORT_STAGE[4].BLOCK[0].bitonic_block_inst.BLOCK_STAGE[4].NODE[12].bitonic_node_inst.COMP[0].comp_inst.L[9]$_DFF_P_/Q	data_out[409]	SORT_STAGE[4].BLOCK[0].bitonic_block_inst.BLOCK_STAGE[4].NODE[12].bitonic_node_inst.COMP[0].comp_inst.L[9]$_DFF_P_|output856
-0.174714	SORT_STAGE[4].BLOCK[0].bitonic_block_inst.BLOCK_STAGE[4].NODE[9].bitonic_node_inst.COMP[0].comp_inst.H[4]$_DFF_P_/Q	data_out[292]	SORT_STAGE[4].BLOCK[0].bitonic_block_inst.BLOCK_STAGE[4].NODE[9].bitonic_node_inst.COMP[0].comp_inst.H[4]$_DFF_P_|output726
-0.174713	SORT_STAGE[4].BLOCK[0].bitonic_block_inst.BLOCK_STAGE[4].NODE[6].bitonic_node_inst.COMP[0].comp_inst.L[6]$_DFF_P_/Q	data_out[214]	SORT_STAGE[4].BLOCK[0].bitonic_block_inst.BLOCK_STAGE[4].NODE[6].bitonic_node_inst.COMP[0].comp_inst.L[6]$_DFF_P_|output640
-0.174707	SORT_STAGE[4].BLOCK[0].bitonic_block_inst.BLOCK_STAGE[4].NODE[11].bitonic_node_inst.COMP[0].comp_inst.H[8]$_DFF_P_/Q	data_out[360]	SORT_STAGE[4].BLOCK[0].bitonic_block_inst.BLOCK_STAGE[4].NODE[11].bitonic_node_inst.COMP[0].comp_inst.H[8]$_DFF_P_|output802
-0.174704	SORT_STAGE[4].BLOCK[0].bitonic_block_inst.BLOCK_STAGE[4].NODE[7].bitonic_node_inst.COMP[0].comp_inst.H[0]$_DFF_P_/Q	data_out[224]	SORT_STAGE[4].BLOCK[0].bitonic_block_inst.BLOCK_STAGE[4].NODE[7].bitonic_node_inst.COMP[0].comp_inst.H[0]$_DFF_P_|output651
-0.174704	SORT_STAGE[4].BLOCK[0].bitonic_block_inst.BLOCK_STAGE[4].NODE[11].bitonic_node_inst.COMP[0].comp_inst.L[9]$_DFF_P_/Q	data_out[377]	SORT_STAGE[4].BLOCK[0].bitonic_block_inst.BLOCK_STAGE[4].NODE[11].bitonic_node_inst.COMP[0].comp_inst.L[9]$_DFF_P_|output820
-0.174701	SORT_STAGE[4].BLOCK[0].bitonic_block_inst.BLOCK_STAGE[4].NODE[15].bitonic_node_inst.COMP[0].comp_inst.H[12]$_DFF_P_/Q	data_out[492]	SORT_STAGE[4].BLOCK[0].bitonic_block_inst.BLOCK_STAGE[4].NODE[15].bitonic_node_inst.COMP[0].comp_inst.H[12]$_DFF_P_|output948
-0.174686	SORT_STAGE[4].BLOCK[0].bitonic_block_inst.BLOCK_STAGE[4].NODE[12].bitonic_node_inst.COMP[0].comp_inst.H[12]$_DFF_P_/Q	data_out[396]	SORT_STAGE[4].BLOCK[0].bitonic_block_inst.BLOCK_STAGE[4].NODE[12].bitonic_node_inst.COMP[0].comp_inst.H[12]$_DFF_P_|output841
-0.174686	SORT_STAGE[4].BLOCK[0].bitonic_block_inst.BLOCK_STAGE[4].NODE[5].bitonic_node_inst.COMP[0].comp_inst.H[8]$_DFF_P_/Q	data_out[168]	SORT_STAGE[4].BLOCK[0].bitonic_block_inst.BLOCK_STAGE[4].NODE[5].bitonic_node_inst.COMP[0].comp_inst.H[8]$_DFF_P_|output588
-0.174675	SORT_STAGE[4].BLOCK[0].bitonic_block_inst.BLOCK_STAGE[4].NODE[12].bitonic_node_inst.COMP[0].comp_inst.H[14]$_DFF_P_/Q	data_out[398]	SORT_STAGE[4].BLOCK[0].bitonic_block_inst.BLOCK_STAGE[4].NODE[12].bitonic_node_inst.COMP[0].comp_inst.H[14]$_DFF_P_|output843
-0.174674	SORT_STAGE[4].BLOCK[0].bitonic_block_inst.BLOCK_STAGE[4].NODE[2].bitonic_node_inst.COMP[0].comp_inst.H[5]$_DFF_P_/Q	data_out[69]	SORT_STAGE[4].BLOCK[0].bitonic_block_inst.BLOCK_STAGE[4].NODE[2].bitonic_node_inst.COMP[0].comp_inst.H[5]$_DFF_P_|output990
-0.174671	SORT_STAGE[4].BLOCK[0].bitonic_block_inst.BLOCK_STAGE[4].NODE[10].bitonic_node_inst.COMP[0].comp_inst.L[9]$_DFF_P_/Q	data_out[345]	SORT_STAGE[4].BLOCK[0].bitonic_block_inst.BLOCK_STAGE[4].NODE[10].bitonic_node_inst.COMP[0].comp_inst.L[9]$_DFF_P_|output785
-0.174658	SORT_STAGE[4].BLOCK[0].bitonic_block_inst.BLOCK_STAGE[4].NODE[3].bitonic_node_inst.COMP[0].comp_inst.L[11]$_DFF_P_/Q	data_out[123]	SORT_STAGE[4].BLOCK[0].bitonic_block_inst.BLOCK_STAGE[4].NODE[3].bitonic_node_inst.COMP[0].comp_inst.L[11]$_DFF_P_|output539
-0.174657	SORT_STAGE[4].BLOCK[0].bitonic_block_inst.BLOCK_STAGE[4].NODE[4].bitonic_node_inst.COMP[0].comp_inst.L[2]$_DFF_P_/Q	data_out[146]	SORT_STAGE[4].BLOCK[0].bitonic_block_inst.BLOCK_STAGE[4].NODE[4].bitonic_node_inst.COMP[0].comp_inst.L[2]$_DFF_P_|output564
-0.174653	SORT_STAGE[4].BLOCK[0].bitonic_block_inst.BLOCK_STAGE[4].NODE[11].bitonic_node_inst.COMP[0].comp_inst.L[12]$_DFF_P_/Q	data_out[380]	SORT_STAGE[4].BLOCK[0].bitonic_block_inst.BLOCK_STAGE[4].NODE[11].bitonic_node_inst.COMP[0].comp_inst.L[12]$_DFF_P_|output824
-0.174628	SORT_STAGE[4].BLOCK[0].bitonic_block_inst.BLOCK_STAGE[4].NODE[10].bitonic_node_inst.COMP[0].comp_inst.H[10]$_DFF_P_/Q	data_out[330]	SORT_STAGE[4].BLOCK[0].bitonic_block_inst.BLOCK_STAGE[4].NODE[10].bitonic_node_inst.COMP[0].comp_inst.H[10]$_DFF_P_|output769
-0.174624	SORT_STAGE[4].BLOCK[0].bitonic_block_inst.BLOCK_STAGE[4].NODE[4].bitonic_node_inst.COMP[0].comp_inst.H[10]$_DFF_P_/Q	data_out[138]	SORT_STAGE[4].BLOCK[0].bitonic_block_inst.BLOCK_STAGE[4].NODE[4].bitonic_node_inst.COMP[0].comp_inst.H[10]$_DFF_P_|output555
