# slack_ns	startpoint	endpoint	cells
-0.645071	systolic.weight_queue[63][2]$_SDFFE_PN0P_/Q	systolic.matrix_mul_2D[63][20]$_SDFFE_PN0P_/D	_48594_|_48595_|_48596_|_48599_|_48600_|_48602_|_48603_|_48604_|_48605_|_48606_|_51940_|_51970_|_60217_|_60255_|_60256_|_60259_|_60260_|_60261_|_60262_|_79512_|_79517_|_79518_|_79521_|_81476_|_81492_|_82904_|_83070_|_84443_|_86406_|systolic.matrix_mul_2D[63][20]$_SDFFE_PN0P_|systolic.weight_queue[63][2]$_SDFFE_PN0P_
-0.644549	systolic.weight_queue[63][2]$_SDFFE_PN0P_/Q	systolic.matrix_mul_2D[63][20]$_SDFFE_PN0P_/D	_48594_|_48595_|_48596_|_48599_|_48600_|_48602_|_48603_|_48604_|_48605_|_48606_|_51940_|_51970_|_60217_|_60255_|_60256_|_60259_|_60260_|_60261_|_60262_|_79512_|_79517_|_79518_|_79521_|_81476_|_81492_|_82904_|_83070_|_84443_|_86406_|systolic.matrix_mul_2D[63][20]$_SDFFE_PN0P_|systolic.weight_queue[63][2]$_SDFFE_PN0P_
-0.643995	systolic.data_queue[63][3]$_SDFFE_PN0P_/Q	systolic.matrix_mul_2D[63][20]$_SDFFE_PN0P_/D	_48594_|_48595_|_48596_|_48599_|_48600_|_48602_|_48603_|_48604_|_48605_|_48606_|_51964_|_51970_|_60217_|_60255_|_60256_|_60259_|_60260_|_60261_|_60262_|_79512_|_79517_|_79518_|_79521_|_81476_|_81492_|_82904_|_83070_|_84443_|_86406_|systolic.data_queue[63][3]$_SDFFE_PN0P_|systolic.matrix_mul_2D[63][20]$_SDFFE_PN0P_
-0.643925	systolic.weight_queue[63][2]$_SDFFE_PN0P_/Q	systolic.matrix_mul_2D[63][20]$_SDFFE_PN0P_/D	_48594_|_48595_|_48596_|_48599_|_48600_|_48602_|_48603_|_48604_|_48605_|_48606_|_51940_|_51970_|_60217_|_60255_|_60256_|_60259_|_60260_|_60261_|_60262_|_79512_|_79517_|_79518_|_79521_|_81476_|_81492_|_82904_|_83070_|_84443_|_86406_|systolic.matrix_mul_2D[63][20]$_SDFFE_PN0P_|systolic.weight_queue[63][2]$_SDFFE_PN0P_
-0.643472	systolic.data_queue[63][3]$_SDFFE_PN0P_/Q	systolic.matrix_mul_2D[63][20]$_SDFFE_PN0P_/D	_48594_|_48595_|_48596_|_48599_|_48600_|_48602_|_48603_|_48604_|_48605_|_48606_|_51964_|_51970_|_60217_|_60255_|_60256_|_60259_|_60260_|_60261_|_60262_|_79512_|_79517_|_79518_|_79521_|_81476_|_81492_|_82904_|_83070_|_84443_|_86406_|systolic.data_queue[63][3]$_SDFFE_PN0P_|systolic.matrix_mul_2D[63][20]$_SDFFE_PN0P_
-0.643404	systolic.weight_queue[63][1]$_SDFFE_PN0P_/Q	systolic.matrix_mul_2D[63][20]$_SDFFE_PN0P_/D	_48594_|_48595_|_48596_|_48599_|_48600_|_48602_|_48603_|_48604_|_48605_|_48606_|_51942_|_51980_|_60217_|_60255_|_60256_|_60259_|_60260_|_60261_|_60262_|_79512_|_79517_|_79518_|_79521_|_81476_|_81492_|_82904_|_83070_|_84443_|_86406_|systolic.matrix_mul_2D[63][20]$_SDFFE_PN0P_|systolic.weight_queue[63][1]$_SDFFE_PN0P_
-0.643402	systolic.weight_queue[63][2]$_SDFFE_PN0P_/Q	systolic.matrix_mul_2D[63][20]$_SDFFE_PN0P_/D	_48594_|_48595_|_48596_|_48599_|_48600_|_48602_|_48603_|_48604_|_48605_|_48606_|_51940_|_51970_|_60217_|_60255_|_60256_|_60259_|_60260_|_60261_|_60262_|_79512_|_79517_|_79518_|_79521_|_81476_|_81492_|_82904_|_83070_|_84443_|_86406_|systolic.matrix_mul_2D[63][20]$_SDFFE_PN0P_|systolic.weight_queue[63][2]$_SDFFE_PN0P_
-0.642848	systolic.data_queue[63][3]$_SDFFE_PN0P_/Q	systolic.matrix_mul_2D[63][20]$_SDFFE_PN0P_/D	_48594_|_48595_|_48596_|_48599_|_48600_|_48602_|_48603_|_48604_|_48605_|_48606_|_51964_|_51970_|_60217_|_60255_|_60256_|_60259_|_60260_|_60261_|_60262_|_79512_|_79517_|_79518_|_79521_|_81476_|_81492_|_82904_|_83070_|_84443_|_86406_|systolic.data_queue[63][3]$_SDFFE_PN0P_|systolic.matrix_mul_2D[63][20]$_SDFFE_PN0P_
-0.642326	systolic.data_queue[63][3]$_SDFFE_PN0P_/Q	systolic.matrix_mul_2D[63][20]$_SDFFE_PN0P_/D	_48594_|_48595_|_48596_|_48599_|_48600_|_48602_|_48603_|_48604_|_48605_|_48606_|_51964_|_51970_|_60217_|_60255_|_60256_|_60259_|_60260_|_60261_|_60262_|_79512_|_79517_|_79518_|_79521_|_81476_|_81492_|_82904_|_83070_|_84443_|_86406_|systolic.data_queue[63][3]$_SDFFE_PN0P_|systolic.matrix_mul_2D[63][20]$_SDFFE_PN0P_
-0.642321	systolic.data_queue[63][4]$_SDFFE_PN0P_/Q	systolic.matrix_mul_2D[63][20]$_SDFFE_PN0P_/D	_48594_|_48595_|_48596_|_48599_|_48600_|_48602_|_48603_|_48604_|_48605_|_48606_|_51973_|_51980_|_60217_|_60255_|_60256_|_60259_|_60260_|_60261_|_60262_|_79512_|_79517_|_79518_|_79521_|_81476_|_81492_|_82904_|_83070_|_84443_|_86406_|systolic.data_queue[63][4]$_SDFFE_PN0P_|systolic.matrix_mul_2D[63][20]$_SDFFE_PN0P_
-0.642258	systolic.weight_queue[63][1]$_SDFFE_PN0P_/Q	systolic.matrix_mul_2D[63][20]$_SDFFE_PN0P_/D	_48594_|_48595_|_48596_|_48599_|_48600_|_48602_|_48603_|_48604_|_48605_|_48606_|_51942_|_51980_|_60217_|_60255_|_60256_|_60259_|_60260_|_60261_|_60262_|_79512_|_79517_|_79518_|_79521_|_81476_|_81492_|_82904_|_83070_|_84443_|_86406_|systolic.matrix_mul_2D[63][20]$_SDFFE_PN0P_|systolic.weight_queue[63][1]$_SDFFE_PN0P_
-0.641175	systolic.data_queue[63][4]$_SDFFE_PN0P_/Q	systolic.matrix_mul_2D[63][20]$_SDFFE_PN0P_/D	_48594_|_48595_|_48596_|_48599_|_48600_|_48602_|_48603_|_48604_|_48605_|_48606_|_51973_|_51980_|_60217_|_60255_|_60256_|_60259_|_60260_|_60261_|_60262_|_79512_|_79517_|_79518_|_79521_|_81476_|_81492_|_82904_|_83070_|_84443_|_86406_|systolic.data_queue[63][4]$_SDFFE_PN0P_|systolic.matrix_mul_2D[63][20]$_SDFFE_PN0P_
-0.640869	systolic.weight_queue[63][2]$_SDFFE_PN0P_/Q	systolic.matrix_mul_2D[63][20]$_SDFFE_PN0P_/D	_48594_|_48595_|_48596_|_48599_|_48600_|_48602_|_48603_|_48604_|_48605_|_48606_|_51940_|_51970_|_60217_|_60255_|_60256_|_60259_|_60260_|_60261_|_60262_|_79512_|_79517_|_79518_|_79521_|_81476_|_81492_|_82904_|_83070_|_84443_|_86406_|systolic.matrix_mul_2D[63][20]$_SDFFE_PN0P_|systolic.weight_queue[63][2]$_SDFFE_PN0P_
-0.640347	systolic.weight_queue[63][2]$_SDFFE_PN0P_/Q	systolic.matrix_mul_2D[63][20]$_SDFFE_PN0P_/D	_48594_|_48595_|_48596_|_48599_|_48600_|_48602_|_48603_|_48604_|_48605_|_48606_|_51940_|_51970_|_60217_|_60255_|_60256_|_60259_|_60260_|_60261_|_60262_|_79512_|_79517_|_79518_|_79521_|_81476_|_81492_|_82904_|_83070_|_84443_|_86406_|systolic.matrix_mul_2D[63][20]$_SDFFE_PN0P_|systolic.weight_queue[63][2]$_SDFFE_PN0P_
-0.639865	systolic.weight_queue[63][1]$_SDFFE_PN0P_/Q	systolic.matrix_mul_2D[63][20]$_SDFFE_PN0P_/D	_48594_|_48595_|_48596_|_48599_|_48600_|_48602_|_48603_|_48604_|_48605_|_48606_|_51942_|_51980_|_60217_|_60255_|_60256_|_60259_|_60260_|_60261_|_60262_|_79512_|_79517_|_79518_|_79521_|_81476_|_81492_|_82904_|_83070_|_84443_|_86406_|systolic.matrix_mul_2D[63][20]$_SDFFE_PN0P_|systolic.weight_queue[63][1]$_SDFFE_PN0P_
-0.639793	systolic.data_queue[63][3]$_SDFFE_PN0P_/Q	systolic.matrix_mul_2D[63][20]$_SDFFE_PN0P_/D	_48594_|_48595_|_48596_|_48599_|_48600_|_48602_|_48603_|_48604_|_48605_|_48606_|_51964_|_51970_|_60217_|_60255_|_60256_|_60259_|_60260_|_60261_|_60262_|_79512_|_79517_|_79518_|_79521_|_81476_|_81492_|_82904_|_83070_|_84443_|_86406_|systolic.data_queue[63][3]$_SDFFE_PN0P_|systolic.matrix_mul_2D[63][20]$_SDFFE_PN0P_
-0.639723	systolic.weight_queue[63][2]$_SDFFE_PN0P_/Q	systolic.matrix_mul_2D[63][20]$_SDFFE_PN0P_/D	_48594_|_48595_|_48596_|_48599_|_48600_|_48602_|_48603_|_48604_|_48605_|_48606_|_51940_|_51970_|_60217_|_60255_|_60256_|_60259_|_60260_|_60261_|_60262_|_79512_|_79517_|_79518_|_79521_|_81476_|_81492_|_82904_|_83070_|_84443_|_86406_|systolic.matrix_mul_2D[63][20]$_SDFFE_PN0P_|systolic.weight_queue[63][2]$_SDFFE_PN0P_
-0.639532	systolic.weight_queue[63][2]$_SDFFE_PN0P_/Q	systolic.matrix_mul_2D[63][20]$_SDFFE_PN0P_/D	_48594_|_48595_|_48596_|_48599_|_48600_|_48602_|_48603_|_48604_|_48605_|_48606_|_51940_|_51970_|_60217_|_60255_|_60256_|_60259_|_60260_|_60261_|_60262_|_79512_|_79517_|_79518_|_79521_|_81476_|_81492_|_82904_|_83070_|_84443_|_86406_|systolic.matrix_mul_2D[63][20]$_SDFFE_PN0P_|systolic.weight_queue[63][2]$_SDFFE_PN0P_
-0.639270	systolic.data_queue[63][3]$_SDFFE_PN0P_/Q	systolic.matrix_mul_2D[63][20]$_SDFFE_PN0P_/D	_48594_|_48595_|_48596_|_48599_|_48600_|_48602_|_48603_|_48604_|_48605_|_48606_|_51964_|_51970_|_60217_|_60255_|_60256_|_60259_|_60260_|_60261_|_60262_|_79512_|_79517_|_79518_|_79521_|_81476_|_81492_|_82904_|_83070_|_84443_|_86406_|systolic.data_queue[63][3]$_SDFFE_PN0P_|systolic.matrix_mul_2D[63][20]$_SDFFE_PN0P_
-0.639203	systolic.weight_queue[63][1]$_SDFFE_PN0P_/Q	systolic.matrix_mul_2D[63][20]$_SDFFE_PN0P_/D	_48594_|_48595_|_48596_|_48599_|_48600_|_48602_|_48603_|_48604_|_48605_|_48606_|_51942_|_51980_|_60217_|_60255_|_60256_|_60259_|_60260_|_60261_|_60262_|_79512_|_79517_|_79518_|_79521_|_81476_|_81492_|_82904_|_83070_|_84443_|_86406_|systolic.matrix_mul_2D[63][20]$_SDFFE_PN0P_|systolic.weight_queue[63][1]$_SDFFE_PN0P_
-0.639201	systolic.weight_queue[63][2]$_SDFFE_PN0P_/Q	systolic.matrix_mul_2D[63][20]$_SDFFE_PN0P_/D	_48594_|_48595_|_48596_|_48599_|_48600_|_48602_|_48603_|_48604_|_48605_|_48606_|_51940_|_51970_|_60217_|_60255_|_60256_|_60259_|_60260_|_60261_|_60262_|_79512_|_79517_|_79518_|_79521_|_81476_|_81492_|_82904_|_83070_|_84443_|_86406_|systolic.matrix_mul_2D[63][20]$_SDFFE_PN0P_|systolic.weight_queue[63][2]$_SDFFE_PN0P_
-0.639010	systolic.weight_queue[63][2]$_SDFFE_PN0P_/Q	systolic.matrix_mul_2D[63][20]$_SDFFE_PN0P_/D	_48594_|_48595_|_48596_|_48599_|_48600_|_48602_|_48603_|_48604_|_48605_|_48606_|_51940_|_51970_|_60217_|_60255_|_60256_|_60259_|_60260_|_60261_|_60262_|_79512_|_79517_|_79518_|_79521_|_81476_|_81492_|_82904_|_83070_|_84443_|_86406_|systolic.matrix_mul_2D[63][20]$_SDFFE_PN0P_|systolic.weight_queue[63][2]$_SDFFE_PN0P_
-0.638807	systolic.weight_queue[63][2]$_SDFFE_PN0P_/Q	systolic.matrix_mul_2D[63][20]$_SDFFE_PN0P_/D	_48594_|_48595_|_48596_|_48599_|_48600_|_48602_|_48603_|_48604_|_48605_|_48606_|_51940_|_51970_|_60217_|_60255_|_60256_|_60259_|_60260_|_60261_|_60262_|_79512_|_79517_|_79518_|_79521_|_81476_|_81492_|_82904_|_83070_|_84443_|_86406_|systolic.matrix_mul_2D[63][20]$_SDFFE_PN0P_|systolic.weight_queue[63][2]$_SDFFE_PN0P_
-0.638782	systolic.data_queue[63][4]$_SDFFE_PN0P_/Q	systolic.matrix_mul_2D[63][20]$_SDFFE_PN0P_/D	_48594_|_48595_|_48596_|_48599_|_48600_|_48602_|_48603_|_48604_|_48605_|_48606_|_51973_|_51980_|_60217_|_60255_|_60256_|_60259_|_60260_|_60261_|_60262_|_79512_|_79517_|_79518_|_79521_|_81476_|_81492_|_82904_|_83070_|_84443_|_86406_|systolic.data_queue[63][4]$_SDFFE_PN0P_|systolic.matrix_mul_2D[63][20]$_SDFFE_PN0P_
-0.638719	systolic.weight_queue[63][1]$_SDFFE_PN0P_/Q	systolic.matrix_mul_2D[63][20]$_SDFFE_PN0P_/D	_48594_|_48595_|_48596_|_48599_|_48600_|_48602_|_48603_|_48604_|_48605_|_48606_|_51942_|_51980_|_60217_|_60255_|_60256_|_60259_|_60260_|_60261_|_60262_|_79512_|_79517_|_79518_|_79521_|_81476_|_81492_|_82904_|_83070_|_84443_|_86406_|systolic.matrix_mul_2D[63][20]$_SDFFE_PN0P_|systolic.weight_queue[63][1]$_SDFFE_PN0P_
-0.638646	systolic.data_queue[63][3]$_SDFFE_PN0P_/Q	systolic.matrix_mul_2D[63][20]$_SDFFE_PN0P_/D	_48594_|_48595_|_48596_|_48599_|_48600_|_48602_|_48603_|_48604_|_48605_|_48606_|_51964_|_51970_|_60217_|_60255_|_60256_|_60259_|_60260_|_60261_|_60262_|_79512_|_79517_|_79518_|_79521_|_81476_|_81492_|_82904_|_83070_|_84443_|_86406_|systolic.data_queue[63][3]$_SDFFE_PN0P_|systolic.matrix_mul_2D[63][20]$_SDFFE_PN0P_
-0.638455	systolic.data_queue[63][3]$_SDFFE_PN0P_/Q	systolic.matrix_mul_2D[63][20]$_SDFFE_PN0P_/D	_48594_|_48595_|_48596_|_48599_|_48600_|_48602_|_48603_|_48604_|_48605_|_48606_|_51964_|_51970_|_60217_|_60255_|_60256_|_60259_|_60260_|_60261_|_60262_|_79512_|_79517_|_79518_|_79521_|_81476_|_81492_|_82904_|_83070_|_84443_|_86406_|systolic.data_queue[63][3]$_SDFFE_PN0P_|systolic.matrix_mul_2D[63][20]$_SDFFE_PN0P_
-0.638386	systolic.weight_queue[63][2]$_SDFFE_PN0P_/Q	systolic.matrix_mul_2D[63][20]$_SDFFE_PN0P_/D	_48594_|_48595_|_48596_|_48599_|_48600_|_48602_|_48603_|_48604_|_48605_|_48606_|_51940_|_51970_|_60217_|_60255_|_60256_|_60259_|_60260_|_60261_|_60262_|_79512_|_79517_|_79518_|_79521_|_81476_|_81492_|_82904_|_83070_|_84443_|_86406_|systolic.matrix_mul_2D[63][20]$_SDFFE_PN0P_|systolic.weight_queue[63][2]$_SDFFE_PN0P_
-0.638284	systolic.weight_queue[63][2]$_SDFFE_PN0P_/Q	systolic.matrix_mul_2D[63][20]$_SDFFE_PN0P_/D	_48594_|_48595_|_48596_|_48599_|_48600_|_48602_|_48603_|_48604_|_48605_|_48606_|_51940_|_51970_|_60217_|_60255_|_60256_|_60259_|_60260_|_60261_|_60262_|_79512_|_79517_|_79518_|_79521_|_81476_|_81492_|_82904_|_83070_|_84443_|_86406_|systolic.matrix_mul_2D[63][20]$_SDFFE_PN0P_|systolic.weight_queue[63][2]$_SDFFE_PN0P_
-0.638124	systolic.data_queue[63][3]$_SDFFE_PN0P_/Q	systolic.matrix_mul_2D[63][20]$_SDFFE_PN0P_/D	_48594_|_48595_|_48596_|_48599_|_48600_|_48602_|_48603_|_48604_|_48605_|_48606_|_51964_|_51970_|_60217_|_60255_|_60256_|_60259_|_60260_|_60261_|_60262_|_79512_|_79517_|_79518_|_79521_|_81476_|_81492_|_82904_|_83070_|_84443_|_86406_|systolic.data_queue[63][3]$_SDFFE_PN0P_|systolic.matrix_mul_2D[63][20]$_SDFFE_PN0P_
-0.638119	systolic.data_queue[63][4]$_SDFFE_PN0P_/Q	systolic.matrix_mul_2D[63][20]$_SDFFE_PN0P_/D	_48594_|_48595_|_48596_|_48599_|_48600_|_48602_|_48603_|_48604_|_48605_|_48606_|_51973_|_51980_|_60217_|_60255_|_60256_|_60259_|_60260_|_60261_|_60262_|_79512_|_79517_|_79518_|_79521_|_81476_|_81492_|_82904_|_83070_|_84443_|_86406_|systolic.data_queue[63][4]$_SDFFE_PN0P_|systolic.matrix_mul_2D[63][20]$_SDFFE_PN0P_
-0.638056	systolic.weight_queue[63][1]$_SDFFE_PN0P_/Q	systolic.matrix_mul_2D[63][20]$_SDFFE_PN0P_/D	_48594_|_48595_|_48596_|_48599_|_48600_|_48602_|_48603_|_48604_|_48605_|_48606_|_51942_|_51980_|_60217_|_60255_|_60256_|_60259_|_60260_|_60261_|_60262_|_79512_|_79517_|_79518_|_79521_|_81476_|_81492_|_82904_|_83070_|_84443_|_86406_|systolic.matrix_mul_2D[63][20]$_SDFFE_PN0P_|systolic.weight_queue[63][1]$_SDFFE_PN0P_
-0.637933	systolic.data_queue[63][3]$_SDFFE_PN0P_/Q	systolic.matrix_mul_2D[63][20]$_SDFFE_PN0P_/D	_48594_|_48595_|_48596_|_48599_|_48600_|_48602_|_48603_|_48604_|_48605_|_48606_|_51964_|_51970_|_60217_|_60255_|_60256_|_60259_|_60260_|_60261_|_60262_|_79512_|_79517_|_79518_|_79521_|_81476_|_81492_|_82904_|_83070_|_84443_|_86406_|systolic.data_queue[63][3]$_SDFFE_PN0P_|systolic.matrix_mul_2D[63][20]$_SDFFE_PN0P_
-0.637879	systolic.weight_queue[63][2]$_SDFFE_PN0P_/Q	systolic.matrix_mul_2D[63][20]$_SDFFE_PN0P_/D	_48594_|_48595_|_48596_|_48599_|_48600_|_48602_|_48603_|_48604_|_48605_|_48606_|_51940_|_51970_|_60217_|_60255_|_60256_|_60259_|_60260_|_60261_|_60262_|_79512_|_79517_|_79518_|_79521_|_81476_|_81492_|_82904_|_83070_|_84443_|_86406_|systolic.matrix_mul_2D[63][20]$_SDFFE_PN0P_|systolic.weight_queue[63][2]$_SDFFE_PN0P_
-0.637865	systolic.weight_queue[63][1]$_SDFFE_PN0P_/Q	systolic.matrix_mul_2D[63][20]$_SDFFE_PN0P_/D	_48594_|_48595_|_48596_|_48599_|_48600_|_48602_|_48603_|_48604_|_48605_|_48606_|_51942_|_51980_|_60217_|_60255_|_60256_|_60259_|_60260_|_60261_|_60262_|_79512_|_79517_|_79518_|_79521_|_81476_|_81492_|_82904_|_83070_|_84443_|_86406_|systolic.matrix_mul_2D[63][20]$_SDFFE_PN0P_|systolic.weight_queue[63][1]$_SDFFE_PN0P_
-0.637863	systolic.weight_queue[63][2]$_SDFFE_PN0P_/Q	systolic.matrix_mul_2D[63][20]$_SDFFE_PN0P_/D	_48594_|_48595_|_48596_|_48599_|_48600_|_48602_|_48603_|_48604_|_48605_|_48606_|_51940_|_51970_|_60217_|_60255_|_60256_|_60259_|_60260_|_60261_|_60262_|_79512_|_79517_|_79518_|_79521_|_81476_|_81492_|_82904_|_83070_|_84443_|_86406_|systolic.matrix_mul_2D[63][20]$_SDFFE_PN0P_|systolic.weight_queue[63][2]$_SDFFE_PN0P_
-0.637730	systolic.data_queue[63][3]$_SDFFE_PN0P_/Q	systolic.matrix_mul_2D[63][20]$_SDFFE_PN0P_/D	_48594_|_48595_|_48596_|_48599_|_48600_|_48602_|_48603_|_48604_|_48605_|_48606_|_51964_|_51970_|_60217_|_60255_|_60256_|_60259_|_60260_|_60261_|_60262_|_79512_|_79517_|_79518_|_79521_|_81476_|_81492_|_82904_|_83070_|_84443_|_86406_|systolic.data_queue[63][3]$_SDFFE_PN0P_|systolic.matrix_mul_2D[63][20]$_SDFFE_PN0P_
-0.637660	systolic.weight_queue[63][2]$_SDFFE_PN0P_/Q	systolic.matrix_mul_2D[63][20]$_SDFFE_PN0P_/D	_48594_|_48595_|_48596_|_48599_|_48600_|_48602_|_48603_|_48604_|_48605_|_48606_|_51940_|_51970_|_60217_|_60255_|_60256_|_60259_|_60260_|_60261_|_60262_|_79512_|_79517_|_79518_|_79521_|_81476_|_81492_|_82904_|_83070_|_84443_|_86406_|systolic.matrix_mul_2D[63][20]$_SDFFE_PN0P_|systolic.weight_queue[63][2]$_SDFFE_PN0P_
-0.637636	systolic.data_queue[63][4]$_SDFFE_PN0P_/Q	systolic.matrix_mul_2D[63][20]$_SDFFE_PN0P_/D	_48594_|_48595_|_48596_|_48599_|_48600_|_48602_|_48603_|_48604_|_48605_|_48606_|_51973_|_51980_|_60217_|_60255_|_60256_|_60259_|_60260_|_60261_|_60262_|_79512_|_79517_|_79518_|_79521_|_81476_|_81492_|_82904_|_83070_|_84443_|_86406_|systolic.data_queue[63][4]$_SDFFE_PN0P_|systolic.matrix_mul_2D[63][20]$_SDFFE_PN0P_
-0.637357	systolic.weight_queue[63][2]$_SDFFE_PN0P_/Q	systolic.matrix_mul_2D[63][20]$_SDFFE_PN0P_/D	_48594_|_48595_|_48596_|_48599_|_48600_|_48602_|_48603_|_48604_|_48605_|_48606_|_51940_|_51970_|_60217_|_60255_|_60256_|_60259_|_60260_|_60261_|_60262_|_79512_|_79517_|_79518_|_79521_|_81476_|_81492_|_82904_|_83070_|_84443_|_86406_|systolic.matrix_mul_2D[63][20]$_SDFFE_PN0P_|systolic.weight_queue[63][2]$_SDFFE_PN0P_
-0.637309	systolic.data_queue[63][3]$_SDFFE_PN0P_/Q	systolic.matrix_mul_2D[63][20]$_SDFFE_PN0P_/D	_48594_|_48595_|_48596_|_48599_|_48600_|_48602_|_48603_|_48604_|_48605_|_48606_|_51964_|_51970_|_60217_|_60255_|_60256_|_60259_|_60260_|_60261_|_60262_|_79512_|_79517_|_79518_|_79521_|_81476_|_81492_|_82904_|_83070_|_84443_|_86406_|systolic.data_queue[63][3]$_SDFFE_PN0P_|systolic.matrix_mul_2D[63][20]$_SDFFE_PN0P_
-0.637208	systolic.data_queue[63][3]$_SDFFE_PN0P_/Q	systolic.matrix_mul_2D[63][20]$_SDFFE_PN0P_/D	_48594_|_48595_|_48596_|_48599_|_48600_|_48602_|_48603_|_48604_|_48605_|_48606_|_51964_|_51970_|_60217_|_60255_|_60256_|_60259_|_60260_|_60261_|_60262_|_79512_|_79517_|_79518_|_79521_|_81476_|_81492_|_82904_|_83070_|_84443_|_86406_|systolic.data_queue[63][3]$_SDFFE_PN0P_|systolic.matrix_mul_2D[63][20]$_SDFFE_PN0P_
-0.637140	systolic.weight_queue[63][1]$_SDFFE_PN0P_/Q	systolic.matrix_mul_2D[63][20]$_SDFFE_PN0P_/D	_48594_|_48595_|_48596_|_48599_|_48600_|_48602_|_48603_|_48604_|_48605_|_48606_|_51942_|_51980_|_60217_|_60255_|_60256_|_60259_|_60260_|_60261_|_60262_|_79512_|_79517_|_79518_|_79521_|_81476_|_81492_|_82904_|_83070_|_84443_|_86406_|systolic.matrix_mul_2D[63][20]$_SDFFE_PN0P_|systolic.weight_queue[63][1]$_SDFFE_PN0P_
-0.637138	systolic.weight_queue[63][2]$_SDFFE_PN0P_/Q	systolic.matrix_mul_2D[63][20]$_SDFFE_PN0P_/D	_48594_|_48595_|_48596_|_48599_|_48600_|_48602_|_48603_|_48604_|_48605_|_48606_|_51940_|_51970_|_60217_|_60255_|_60256_|_60259_|_60260_|_60261_|_60262_|_79512_|_79517_|_79518_|_79521_|_81476_|_81492_|_82904_|_83070_|_84443_|_86406_|systolic.matrix_mul_2D[63][20]$_SDFFE_PN0P_|systolic.weight_queue[63][2]$_SDFFE_PN0P_
-0.636973	systolic.data_queue[63][4]$_SDFFE_PN0P_/Q	systolic.matrix_mul_2D[63][20]$_SDFFE_PN0P_/D	_48594_|_48595_|_48596_|_48599_|_48600_|_48602_|_48603_|_48604_|_48605_|_48606_|_51973_|_51980_|_60217_|_60255_|_60256_|_60259_|_60260_|_60261_|_60262_|_79512_|_79517_|_79518_|_79521_|_81476_|_81492_|_82904_|_83070_|_84443_|_86406_|systolic.data_queue[63][4]$_SDFFE_PN0P_|systolic.matrix_mul_2D[63][20]$_SDFFE_PN0P_
-0.636803	systolic.data_queue[63][3]$_SDFFE_PN0P_/Q	systolic.matrix_mul_2D[63][20]$_SDFFE_PN0P_/D	_48594_|_48595_|_48596_|_48599_|_48600_|_48602_|_48603_|_48604_|_48605_|_48606_|_51964_|_51970_|_60217_|_60255_|_60256_|_60259_|_60260_|_60261_|_60262_|_79512_|_79517_|_79518_|_79521_|_81476_|_81492_|_82904_|_83070_|_84443_|_86406_|systolic.data_queue[63][3]$_SDFFE_PN0P_|systolic.matrix_mul_2D[63][20]$_SDFFE_PN0P_
-0.636787	systolic.data_queue[63][3]$_SDFFE_PN0P_/Q	systolic.matrix_mul_2D[63][20]$_SDFFE_PN0P_/D	_48594_|_48595_|_48596_|_48599_|_48600_|_48602_|_48603_|_48604_|_48605_|_48606_|_51964_|_51970_|_60217_|_60255_|_60256_|_60259_|_60260_|_60261_|_60262_|_79512_|_79517_|_79518_|_79521_|_81476_|_81492_|_82904_|_83070_|_84443_|_86406_|systolic.data_queue[63][3]$_SDFFE_PN0P_|systolic.matrix_mul_2D[63][20]$_SDFFE_PN0P_
-0.636782	systolic.data_queue[63][4]$_SDFFE_PN0P_/Q	systolic.matrix_mul_2D[63][20]$_SDFFE_PN0P_/D	_48594_|_48595_|_48596_|_48599_|_48600_|_48602_|_48603_|_48604_|_48605_|_48606_|_51973_|_51980_|_60217_|_60255_|_60256_|_60259_|_60260_|_60261_|_60262_|_79512_|_79517_|_79518_|_79521_|_81476_|_81492_|_82904_|_83070_|_84443_|_86406_|systolic.data_queue[63][4]$_SDFFE_PN0P_|systolic.matrix_mul_2D[63][20]$_SDFFE_PN0P_
-0.636733	systolic.weight_queue[63][2]$_SDFFE_PN0P_/Q	systolic.matrix_mul_2D[63][20]$_SDFFE_PN0P_/D	_48594_|_48595_|_48596_|_48599_|_48600_|_48602_|_48603_|_48604_|_48605_|_48606_|_51940_|_51970_|_60217_|_60255_|_60256_|_60259_|_60260_|_60261_|_60262_|_79512_|_79517_|_79518_|_79521_|_81476_|_81492_|_82904_|_83070_|_84443_|_86406_|systolic.matrix_mul_2D[63][20]$_SDFFE_PN0P_|systolic.weight_queue[63][2]$_SDFFE_PN0P_
-0.636719	systolic.weight_queue[63][1]$_SDFFE_PN0P_/Q	systolic.matrix_mul_2D[63][20]$_SDFFE_PN0P_/D	_48594_|_48595_|_48596_|_48599_|_48600_|_48602_|_48603_|_48604_|_48605_|_48606_|_51942_|_51980_|_60217_|_60255_|_60256_|_60259_|_60260_|_60261_|_60262_|_79512_|_79517_|_79518_|_79521_|_81476_|_81492_|_82904_|_83070_|_84443_|_86406_|systolic.matrix_mul_2D[63][20]$_SDFFE_PN0P_|systolic.weight_queue[63][1]$_SDFFE_PN0P_
-0.636583	systolic.data_queue[63][3]$_SDFFE_PN0P_/Q	systolic.matrix_mul_2D[63][20]$_SDFFE_PN0P_/D	_48594_|_48595_|_48596_|_48599_|_48600_|_48602_|_48603_|_48604_|_48605_|_48606_|_51964_|_51970_|_60217_|_60255_|_60256_|_60259_|_60260_|_60261_|_60262_|_79512_|_79517_|_79518_|_79521_|_81476_|_81492_|_82904_|_83070_|_84443_|_86406_|systolic.data_queue[63][3]$_SDFFE_PN0P_|systolic.matrix_mul_2D[63][20]$_SDFFE_PN0P_
-0.636547	systolic.weight_queue[63][2]$_SDFFE_PN0P_/Q	systolic.matrix_mul_2D[63][20]$_SDFFE_PN0P_/D	_48594_|_48595_|_48596_|_48599_|_48600_|_48602_|_48603_|_48604_|_48605_|_48606_|_51940_|_51970_|_60217_|_60255_|_60256_|_60259_|_60260_|_60261_|_60262_|_79512_|_79517_|_79518_|_79521_|_81476_|_81492_|_82904_|_83070_|_84443_|_86406_|systolic.matrix_mul_2D[63][20]$_SDFFE_PN0P_|systolic.weight_queue[63][2]$_SDFFE_PN0P_
-0.636280	systolic.data_queue[63][3]$_SDFFE_PN0P_/Q	systolic.matrix_mul_2D[63][20]$_SDFFE_PN0P_/D	_48594_|_48595_|_48596_|_48599_|_48600_|_48602_|_48603_|_48604_|_48605_|_48606_|_51964_|_51970_|_60217_|_60255_|_60256_|_60259_|_60260_|_60261_|_60262_|_79512_|_79517_|_79518_|_79521_|_81476_|_81492_|_82904_|_83070_|_84443_|_86406_|systolic.data_queue[63][3]$_SDFFE_PN0P_|systolic.matrix_mul_2D[63][20]$_SDFFE_PN0P_
-0.636212	systolic.weight_queue[63][1]$_SDFFE_PN0P_/Q	systolic.matrix_mul_2D[63][20]$_SDFFE_PN0P_/D	_48594_|_48595_|_48596_|_48599_|_48600_|_48602_|_48603_|_48604_|_48605_|_48606_|_51942_|_51980_|_60217_|_60255_|_60256_|_60259_|_60260_|_60261_|_60262_|_79512_|_79517_|_79518_|_79521_|_81476_|_81492_|_82904_|_83070_|_84443_|_86406_|systolic.matrix_mul_2D[63][20]$_SDFFE_PN0P_|systolic.weight_queue[63][1]$_SDFFE_PN0P_
-0.636210	systolic.weight_queue[63][2]$_SDFFE_PN0P_/Q	systolic.matrix_mul_2D[63][20]$_SDFFE_PN0P_/D	_48594_|_48595_|_48596_|_48599_|_48600_|_48602_|_48603_|_48604_|_48605_|_48606_|_51940_|_51970_|_60217_|_60255_|_60256_|_60259_|_60260_|_60261_|_60262_|_79512_|_79517_|_79518_|_79521_|_81476_|_81492_|_82904_|_83070_|_84443_|_86406_|systolic.matrix_mul_2D[63][20]$_SDFFE_PN0P_|systolic.weight_queue[63][2]$_SDFFE_PN0P_
-0.636061	systolic.data_queue[63][3]$_SDFFE_PN0P_/Q	systolic.matrix_mul_2D[63][20]$_SDFFE_PN0P_/D	_48594_|_48595_|_48596_|_48599_|_48600_|_48602_|_48603_|_48604_|_48605_|_48606_|_51964_|_51970_|_60217_|_60255_|_60256_|_60259_|_60260_|_60261_|_60262_|_79512_|_79517_|_79518_|_79521_|_81476_|_81492_|_82904_|_83070_|_84443_|_86406_|systolic.data_queue[63][3]$_SDFFE_PN0P_|systolic.matrix_mul_2D[63][20]$_SDFFE_PN0P_
-0.636056	systolic.data_queue[63][4]$_SDFFE_PN0P_/Q	systolic.matrix_mul_2D[63][20]$_SDFFE_PN0P_/D	_48594_|_48595_|_48596_|_48599_|_48600_|_48602_|_48603_|_48604_|_48605_|_48606_|_51973_|_51980_|_60217_|_60255_|_60256_|_60259_|_60260_|_60261_|_60262_|_79512_|_79517_|_79518_|_79521_|_81476_|_81492_|_82904_|_83070_|_84443_|_86406_|systolic.data_queue[63][4]$_SDFFE_PN0P_|systolic.matrix_mul_2D[63][20]$_SDFFE_PN0P_
-0.636025	systolic.weight_queue[63][2]$_SDFFE_PN0P_/Q	systolic.matrix_mul_2D[63][20]$_SDFFE_PN0P_/D	_48594_|_48595_|_48596_|_48599_|_48600_|_48602_|_48603_|_48604_|_48605_|_48606_|_51940_|_51970_|_60217_|_60255_|_60256_|_60259_|_60260_|_60261_|_60262_|_79512_|_79517_|_79518_|_79521_|_81476_|_81492_|_82904_|_83070_|_84443_|_86406_|systolic.matrix_mul_2D[63][20]$_SDFFE_PN0P_|systolic.weight_queue[63][2]$_SDFFE_PN0P_
-0.635993	systolic.weight_queue[63][1]$_SDFFE_PN0P_/Q	systolic.matrix_mul_2D[63][20]$_SDFFE_PN0P_/D	_48594_|_48595_|_48596_|_48599_|_48600_|_48602_|_48603_|_48604_|_48605_|_48606_|_51942_|_51980_|_60217_|_60255_|_60256_|_60259_|_60260_|_60261_|_60262_|_79512_|_79517_|_79518_|_79521_|_81476_|_81492_|_82904_|_83070_|_84443_|_86406_|systolic.matrix_mul_2D[63][20]$_SDFFE_PN0P_|systolic.weight_queue[63][1]$_SDFFE_PN0P_
-0.635664	systolic.weight_queue[63][1]$_SDFFE_PN0P_/Q	systolic.matrix_mul_2D[63][20]$_SDFFE_PN0P_/D	_48594_|_48595_|_48596_|_48599_|_48600_|_48602_|_48603_|_48604_|_48605_|_48606_|_51942_|_51980_|_60217_|_60255_|_60256_|_60259_|_60260_|_60261_|_60262_|_79512_|_79517_|_79518_|_79521_|_81476_|_81492_|_82904_|_83070_|_84443_|_86406_|systolic.matrix_mul_2D[63][20]$_SDFFE_PN0P_|systolic.weight_queue[63][1]$_SDFFE_PN0P_
-0.635656	systolic.data_queue[63][3]$_SDFFE_PN0P_/Q	systolic.matrix_mul_2D[63][20]$_SDFFE_PN0P_/D	_48594_|_48595_|_48596_|_48599_|_48600_|_48602_|_48603_|_48604_|_48605_|_48606_|_51964_|_51970_|_60217_|_60255_|_60256_|_60259_|_60260_|_60261_|_60262_|_79512_|_79517_|_79518_|_79521_|_81476_|_81492_|_82904_|_83070_|_84443_|_86406_|systolic.data_queue[63][3]$_SDFFE_PN0P_|systolic.matrix_mul_2D[63][20]$_SDFFE_PN0P_
-0.635635	systolic.data_queue[63][4]$_SDFFE_PN0P_/Q	systolic.matrix_mul_2D[63][20]$_SDFFE_PN0P_/D	_48594_|_48595_|_48596_|_48599_|_48600_|_48602_|_48603_|_48604_|_48605_|_48606_|_51973_|_51980_|_60217_|_60255_|_60256_|_60259_|_60260_|_60261_|_60262_|_79512_|_79517_|_79518_|_79521_|_81476_|_81492_|_82904_|_83070_|_84443_|_86406_|systolic.data_queue[63][4]$_SDFFE_PN0P_|systolic.matrix_mul_2D[63][20]$_SDFFE_PN0P_
-0.635471	systolic.data_queue[63][3]$_SDFFE_PN0P_/Q	systolic.matrix_mul_2D[63][20]$_SDFFE_PN0P_/D	_48594_|_48595_|_48596_|_48599_|_48600_|_48602_|_48603_|_48604_|_48605_|_48606_|_51964_|_51970_|_60217_|_60255_|_60256_|_60259_|_60260_|_60261_|_60262_|_79512_|_79517_|_79518_|_79521_|_81476_|_81492_|_82904_|_83070_|_84443_|_86406_|systolic.data_queue[63][3]$_SDFFE_PN0P_|systolic.matrix_mul_2D[63][20]$_SDFFE_PN0P_
-0.635401	systolic.weight_queue[63][2]$_SDFFE_PN0P_/Q	systolic.matrix_mul_2D[63][20]$_SDFFE_PN0P_/D	_48594_|_48595_|_48596_|_48599_|_48600_|_48602_|_48603_|_48604_|_48605_|_48606_|_51940_|_51970_|_60217_|_60255_|_60256_|_60259_|_60260_|_60261_|_60262_|_79512_|_79517_|_79518_|_79521_|_81476_|_81492_|_82904_|_83070_|_84443_|_86406_|systolic.matrix_mul_2D[63][20]$_SDFFE_PN0P_|systolic.weight_queue[63][2]$_SDFFE_PN0P_
-0.635330	systolic.weight_queue[63][2]$_SDFFE_PN0P_/Q	systolic.matrix_mul_2D[63][20]$_SDFFE_PN0P_/D	_48594_|_48595_|_48596_|_48599_|_48600_|_48602_|_48603_|_48604_|_48605_|_48606_|_51940_|_51970_|_60217_|_60255_|_60256_|_60259_|_60260_|_60261_|_60262_|_79512_|_79517_|_79518_|_79521_|_81476_|_81492_|_82904_|_83070_|_84443_|_86406_|systolic.matrix_mul_2D[63][20]$_SDFFE_PN0P_|systolic.weight_queue[63][2]$_SDFFE_PN0P_
-0.635134	systolic.data_queue[63][3]$_SDFFE_PN0P_/Q	systolic.matrix_mul_2D[63][20]$_SDFFE_PN0P_/D	_48594_|_48595_|_48596_|_48599_|_48600_|_48602_|_48603_|_48604_|_48605_|_48606_|_51964_|_51970_|_60217_|_60255_|_60256_|_60259_|_60260_|_60261_|_60262_|_79512_|_79517_|_79518_|_79521_|_81476_|_81492_|_82904_|_83070_|_84443_|_86406_|systolic.data_queue[63][3]$_SDFFE_PN0P_|systolic.matrix_mul_2D[63][20]$_SDFFE_PN0P_
-0.635129	systolic.data_queue[63][4]$_SDFFE_PN0P_/Q	systolic.matrix_mul_2D[63][20]$_SDFFE_PN0P_/D	_48594_|_48595_|_48596_|_48599_|_48600_|_48602_|_48603_|_48604_|_48605_|_48606_|_51973_|_51980_|_60217_|_60255_|_60256_|_60259_|_60260_|_60261_|_60262_|_79512_|_79517_|_79518_|_79521_|_81476_|_81492_|_82904_|_83070_|_84443_|_86406_|systolic.data_queue[63][4]$_SDFFE_PN0P_|systolic.matrix_mul_2D[63][20]$_SDFFE_PN0P_
-0.635066	systolic.weight_queue[63][1]$_SDFFE_PN0P_/Q	systolic.matrix_mul_2D[63][20]$_SDFFE_PN0P_/D	_48594_|_48595_|_48596_|_48599_|_48600_|_48602_|_48603_|_48604_|_48605_|_48606_|_51942_|_51980_|_60217_|_60255_|_60256_|_60259_|_60260_|_60261_|_60262_|_79512_|_79517_|_79518_|_79521_|_81476_|_81492_|_82904_|_83070_|_84443_|_86406_|systolic.matrix_mul_2D[63][20]$_SDFFE_PN0P_|systolic.weight_queue[63][1]$_SDFFE_PN0P_
-0.635002	systolic.weight_queue[63][3]$_SDFFE_PN0P_/Q	systolic.matrix_mul_2D[63][20]$_SDFFE_PN0P_/D	_48594_|_48595_|_48596_|_48599_|_48600_|_48602_|_48603_|_48604_|_48605_|_48606_|_51938_|_51960_|_60217_|_60255_|_60256_|_60259_|_60260_|_60261_|_60262_|_79512_|_79517_|_79518_|_79521_|_81476_|_81492_|_82904_|_83070_|_84443_|_86406_|systolic.matrix_mul_2D[63][20]$_SDFFE_PN0P_|systolic.weight_queue[63][3]$_SDFFE_PN0P_
-0.634948	systolic.data_queue[63][3]$_SDFFE_PN0P_/Q	systolic.matrix_mul_2D[63][20]$_SDFFE_PN0P_/D	_48594_|_48595_|_48596_|_48599_|_48600_|_48602_|_48603_|_48604_|_48605_|_48606_|_51964_|_51970_|_60217_|_60255_|_60256_|_60259_|_60260_|_60261_|_60262_|_79512_|_79517_|_79518_|_79521_|_81476_|_81492_|_82904_|_83070_|_84443_|_86406_|systolic.data_queue[63][3]$_SDFFE_PN0P_|systolic.matrix_mul_2D[63][20]$_SDFFE_PN0P_
-0.634910	systolic.data_queue[63][4]$_SDFFE_PN0P_/Q	systolic.matrix_mul_2D[63][20]$_SDFFE_PN0P_/D	_48594_|_48595_|_48596_|_48599_|_48600_|_48602_|_48603_|_48604_|_48605_|_48606_|_51973_|_51980_|_60217_|_60255_|_60256_|_60259_|_60260_|_60261_|_60262_|_79512_|_79517_|_79518_|_79521_|_81476_|_81492_|_82904_|_83070_|_84443_|_86406_|systolic.data_queue[63][4]$_SDFFE_PN0P_|systolic.matrix_mul_2D[63][20]$_SDFFE_PN0P_
-0.634880	systolic.weight_queue[63][1]$_SDFFE_PN0P_/Q	systolic.matrix_mul_2D[63][20]$_SDFFE_PN0P_/D	_48594_|_48595_|_48596_|_48599_|_48600_|_48602_|_48603_|_48604_|_48605_|_48606_|_51942_|_51980_|_60217_|_60255_|_60256_|_60259_|_60260_|_60261_|_60262_|_79512_|_79517_|_79518_|_79521_|_81476_|_81492_|_82904_|_83070_|_84443_|_86406_|systolic.matrix_mul_2D[63][20]$_SDFFE_PN0P_|systolic.weight_queue[63][1]$_SDFFE_PN0P_
-0.634878	systolic.weight_queue[63][2]$_SDFFE_PN0P_/Q	systolic.matrix_mul_2D[63][20]$_SDFFE_PN0P_/D	_48594_|_48595_|_48596_|_48599_|_48600_|_48602_|_48603_|_48604_|_48605_|_48606_|_51940_|_51970_|_60217_|_60255_|_60256_|_60259_|_60260_|_60261_|_60262_|_79512_|_79517_|_79518_|_79521_|_81476_|_81492_|_82904_|_83070_|_84443_|_86406_|systolic.matrix_mul_2D[63][20]$_SDFFE_PN0P_|systolic.weight_queue[63][2]$_SDFFE_PN0P_
-0.634808	systolic.weight_queue[63][2]$_SDFFE_PN0P_/Q	systolic.matrix_mul_2D[63][20]$_SDFFE_PN0P_/D	_48594_|_48595_|_48596_|_48599_|_48600_|_48602_|_48603_|_48604_|_48605_|_48606_|_51940_|_51970_|_60217_|_60255_|_60256_|_60259_|_60260_|_60261_|_60262_|_79512_|_79517_|_79518_|_79521_|_81476_|_81492_|_82904_|_83070_|_84443_|_86406_|systolic.matrix_mul_2D[63][20]$_SDFFE_PN0P_|systolic.weight_queue[63][2]$_SDFFE_PN0P_
-0.634605	systolic.weight_queue[63][2]$_SDFFE_PN0P_/Q	systolic.matrix_mul_2D[63][20]$_SDFFE_PN0P_/D	_48594_|_48595_|_48596_|_48599_|_48600_|_48602_|_48603_|_48604_|_48605_|_48606_|_51940_|_51970_|_60217_|_60255_|_60256_|_60259_|_60260_|_60261_|_60262_|_79512_|_79517_|_79518_|_79521_|_81476_|_81492_|_82904_|_83070_|_84443_|_86406_|systolic.matrix_mul_2D[63][20]$_SDFFE_PN0P_|systolic.weight_queue[63][2]$_SDFFE_PN0P_
-0.634580	systolic.data_queue[63][4]$_SDFFE_PN0P_/Q	systolic.matrix_mul_2D[63][20]$_SDFFE_PN0P_/D	_48594_|_48595_|_48596_|_48599_|_48600_|_48602_|_48603_|_48604_|_48605_|_48606_|_51973_|_51980_|_60217_|_60255_|_60256_|_60259_|_60260_|_60261_|_60262_|_79512_|_79517_|_79518_|_79521_|_81476_|_81492_|_82904_|_83070_|_84443_|_86406_|systolic.data_queue[63][4]$_SDFFE_PN0P_|systolic.matrix_mul_2D[63][20]$_SDFFE_PN0P_
-0.634517	systolic.weight_queue[63][1]$_SDFFE_PN0P_/Q	systolic.matrix_mul_2D[63][20]$_SDFFE_PN0P_/D	_48594_|_48595_|_48596_|_48599_|_48600_|_48602_|_48603_|_48604_|_48605_|_48606_|_51942_|_51980_|_60217_|_60255_|_60256_|_60259_|_60260_|_60261_|_60262_|_79512_|_79517_|_79518_|_79521_|_81476_|_81492_|_82904_|_83070_|_84443_|_86406_|systolic.matrix_mul_2D[63][20]$_SDFFE_PN0P_|systolic.weight_queue[63][1]$_SDFFE_PN0P_
-0.634326	systolic.weight_queue[63][1]$_SDFFE_PN0P_/Q	systolic.matrix_mul_2D[63][20]$_SDFFE_PN0P_/D	_48594_|_48595_|_48596_|_48599_|_48600_|_48602_|_48603_|_48604_|_48605_|_48606_|_51942_|_51980_|_60217_|_60255_|_60256_|_60259_|_60260_|_60261_|_60262_|_79512_|_79517_|_79518_|_79521_|_81476_|_81492_|_82904_|_83070_|_84443_|_86406_|systolic.matrix_mul_2D[63][20]$_SDFFE_PN0P_|systolic.weight_queue[63][1]$_SDFFE_PN0P_
-0.634324	systolic.data_queue[63][3]$_SDFFE_PN0P_/Q	systolic.matrix_mul_2D[63][20]$_SDFFE_PN0P_/D	_48594_|_48595_|_48596_|_48599_|_48600_|_48602_|_48603_|_48604_|_48605_|_48606_|_51964_|_51970_|_60217_|_60255_|_60256_|_60259_|_60260_|_60261_|_60262_|_79512_|_79517_|_79518_|_79521_|_81476_|_81492_|_82904_|_83070_|_84443_|_86406_|systolic.data_queue[63][3]$_SDFFE_PN0P_|systolic.matrix_mul_2D[63][20]$_SDFFE_PN0P_
-0.634254	systolic.data_queue[63][3]$_SDFFE_PN0P_/Q	systolic.matrix_mul_2D[63][20]$_SDFFE_PN0P_/D	_48594_|_48595_|_48596_|_48599_|_48600_|_48602_|_48603_|_48604_|_48605_|_48606_|_51964_|_51970_|_60217_|_60255_|_60256_|_60259_|_60260_|_60261_|_60262_|_79512_|_79517_|_79518_|_79521_|_81476_|_81492_|_82904_|_83070_|_84443_|_86406_|systolic.data_queue[63][3]$_SDFFE_PN0P_|systolic.matrix_mul_2D[63][20]$_SDFFE_PN0P_
-0.634184	systolic.weight_queue[63][2]$_SDFFE_PN0P_/Q	systolic.matrix_mul_2D[63][20]$_SDFFE_PN0P_/D	_48594_|_48595_|_48596_|_48599_|_48600_|_48602_|_48603_|_48604_|_48605_|_48606_|_51940_|_51970_|_60217_|_60255_|_60256_|_60259_|_60260_|_60261_|_60262_|_79512_|_79517_|_79518_|_79521_|_81476_|_81492_|_82904_|_83070_|_84443_|_86406_|systolic.matrix_mul_2D[63][20]$_SDFFE_PN0P_|systolic.weight_queue[63][2]$_SDFFE_PN0P_
-0.634082	systolic.weight_queue[63][2]$_SDFFE_PN0P_/Q	systolic.matrix_mul_2D[63][20]$_SDFFE_PN0P_/D	_48594_|_48595_|_48596_|_48599_|_48600_|_48602_|_48603_|_48604_|_48605_|_48606_|_51940_|_51970_|_60217_|_60255_|_60256_|_60259_|_60260_|_60261_|_60262_|_79512_|_79517_|_79518_|_79521_|_81476_|_81492_|_82904_|_83070_|_84443_|_86406_|systolic.matrix_mul_2D[63][20]$_SDFFE_PN0P_|systolic.weight_queue[63][2]$_SDFFE_PN0P_
-0.633983	systolic.data_queue[63][4]$_SDFFE_PN0P_/Q	systolic.matrix_mul_2D[63][20]$_SDFFE_PN0P_/D	_48594_|_48595_|_48596_|_48599_|_48600_|_48602_|_48603_|_48604_|_48605_|_48606_|_51973_|_51980_|_60217_|_60255_|_60256_|_60259_|_60260_|_60261_|_60262_|_79512_|_79517_|_79518_|_79521_|_81476_|_81492_|_82904_|_83070_|_84443_|_86406_|systolic.data_queue[63][4]$_SDFFE_PN0P_|systolic.matrix_mul_2D[63][20]$_SDFFE_PN0P_
-0.633950	systolic.data_queue[63][2]$_SDFFE_PN0P_/Q	systolic.matrix_mul_2D[63][20]$_SDFFE_PN0P_/D	_48594_|_48595_|_48596_|_48599_|_48600_|_48602_|_48603_|_48604_|_48605_|_48606_|_51955_|_51960_|_60217_|_60255_|_60256_|_60259_|_60260_|_60261_|_60262_|_79512_|_79517_|_79518_|_79521_|_81476_|_81492_|_82904_|_83070_|_84443_|_86406_|systolic.data_queue[63][2]$_SDFFE_PN0P_|systolic.matrix_mul_2D[63][20]$_SDFFE_PN0P_
-0.633856	systolic.weight_queue[63][3]$_SDFFE_PN0P_/Q	systolic.matrix_mul_2D[63][20]$_SDFFE_PN0P_/D	_48594_|_48595_|_48596_|_48599_|_48600_|_48602_|_48603_|_48604_|_48605_|_48606_|_51938_|_51960_|_60217_|_60255_|_60256_|_60259_|_60260_|_60261_|_60262_|_79512_|_79517_|_79518_|_79521_|_81476_|_81492_|_82904_|_83070_|_84443_|_86406_|systolic.matrix_mul_2D[63][20]$_SDFFE_PN0P_|systolic.weight_queue[63][3]$_SDFFE_PN0P_
-0.633802	systolic.data_queue[63][3]$_SDFFE_PN0P_/Q	systolic.matrix_mul_2D[63][20]$_SDFFE_PN0P_/D	_48594_|_48595_|_48596_|_48599_|_48600_|_48602_|_48603_|_48604_|_48605_|_48606_|_51964_|_51970_|_60217_|_60255_|_60256_|_60259_|_60260_|_60261_|_60262_|_79512_|_79517_|_79518_|_79521_|_81476_|_81492_|_82904_|_83070_|_84443_|_86406_|systolic.data_queue[63][3]$_SDFFE_PN0P_|systolic.matrix_mul_2D[63][20]$_SDFFE_PN0P_
-0.633797	systolic.data_queue[63][4]$_SDFFE_PN0P_/Q	systolic.matrix_mul_2D[63][20]$_SDFFE_PN0P_/D	_48594_|_48595_|_48596_|_48599_|_48600_|_48602_|_48603_|_48604_|_48605_|_48606_|_51973_|_51980_|_60217_|_60255_|_60256_|_60259_|_60260_|_60261_|_60262_|_79512_|_79517_|_79518_|_79521_|_81476_|_81492_|_82904_|_83070_|_84443_|_86406_|systolic.data_queue[63][4]$_SDFFE_PN0P_|systolic.matrix_mul_2D[63][20]$_SDFFE_PN0P_
-0.633734	systolic.weight_queue[63][1]$_SDFFE_PN0P_/Q	systolic.matrix_mul_2D[63][20]$_SDFFE_PN0P_/D	_48594_|_48595_|_48596_|_48599_|_48600_|_48602_|_48603_|_48604_|_48605_|_48606_|_51942_|_51980_|_60217_|_60255_|_60256_|_60259_|_60260_|_60261_|_60262_|_79512_|_79517_|_79518_|_79521_|_81476_|_81492_|_82904_|_83070_|_84443_|_86406_|systolic.matrix_mul_2D[63][20]$_SDFFE_PN0P_|systolic.weight_queue[63][1]$_SDFFE_PN0P_
-0.633731	systolic.data_queue[63][3]$_SDFFE_PN0P_/Q	systolic.matrix_mul_2D[63][20]$_SDFFE_PN0P_/D	_48594_|_48595_|_48596_|_48599_|_48600_|_48602_|_48603_|_48604_|_48605_|_48606_|_51964_|_51970_|_60217_|_60255_|_60256_|_60259_|_60260_|_60261_|_60262_|_79512_|_79517_|_79518_|_79521_|_81476_|_81492_|_82904_|_83070_|_84443_|_86406_|systolic.data_queue[63][3]$_SDFFE_PN0P_|systolic.matrix_mul_2D[63][20]$_SDFFE_PN0P_
-0.633663	systolic.weight_queue[63][1]$_SDFFE_PN0P_/Q	systolic.matrix_mul_2D[63][20]$_SDFFE_PN0P_/D	_48594_|_48595_|_48596_|_48599_|_48600_|_48602_|_48603_|_48604_|_48605_|_48606_|_51942_|_51980_|_60217_|_60255_|_60256_|_60259_|_60260_|_60261_|_60262_|_79512_|_79517_|_79518_|_79521_|_81476_|_81492_|_82904_|_83070_|_84443_|_86406_|systolic.matrix_mul_2D[63][20]$_SDFFE_PN0P_|systolic.weight_queue[63][1]$_SDFFE_PN0P_
-0.633661	systolic.weight_queue[63][2]$_SDFFE_PN0P_/Q	systolic.matrix_mul_2D[63][20]$_SDFFE_PN0P_/D	_48594_|_48595_|_48596_|_48599_|_48600_|_48602_|_48603_|_48604_|_48605_|_48606_|_51940_|_51970_|_60217_|_60255_|_60256_|_60259_|_60260_|_60261_|_60262_|_79512_|_79517_|_79518_|_79521_|_81476_|_81492_|_82904_|_83070_|_84443_|_86406_|systolic.matrix_mul_2D[63][20]$_SDFFE_PN0P_|systolic.weight_queue[63][2]$_SDFFE_PN0P_
-0.633601	systolic.weight_queue[63][1]$_SDFFE_PN0P_/Q	systolic.matrix_mul_2D[63][20]$_SDFFE_PN0P_/D	_48594_|_48595_|_48596_|_48599_|_48600_|_48602_|_48603_|_48604_|_48605_|_48606_|_51942_|_51980_|_60217_|_60255_|_60256_|_60259_|_60260_|_60261_|_60262_|_79512_|_79517_|_79518_|_79521_|_81476_|_81492_|_82904_|_83070_|_84443_|_86406_|systolic.matrix_mul_2D[63][20]$_SDFFE_PN0P_|systolic.weight_queue[63][1]$_SDFFE_PN0P_
-0.633528	systolic.data_queue[63][3]$_SDFFE_PN0P_/Q	systolic.matrix_mul_2D[63][20]$_SDFFE_PN0P_/D	_48594_|_48595_|_48596_|_48599_|_48600_|_48602_|_48603_|_48604_|_48605_|_48606_|_51964_|_51970_|_60217_|_60255_|_60256_|_60259_|_60260_|_60261_|_60262_|_79512_|_79517_|_79518_|_79521_|_81476_|_81492_|_82904_|_83070_|_84443_|_86406_|systolic.data_queue[63][3]$_SDFFE_PN0P_|systolic.matrix_mul_2D[63][20]$_SDFFE_PN0P_
-0.633458	systolic.weight_queue[63][2]$_SDFFE_PN0P_/Q	systolic.matrix_mul_2D[63][20]$_SDFFE_PN0P_/D	_48594_|_48595_|_48596_|_48599_|_48600_|_48602_|_48603_|_48604_|_48605_|_48606_|_51940_|_51970_|_60217_|_60255_|_60256_|_60259_|_60260_|_60261_|_60262_|_79512_|_79517_|_79518_|_79521_|_81476_|_81492_|_82904_|_83070_|_84443_|_86406_|systolic.matrix_mul_2D[63][20]$_SDFFE_PN0P_|systolic.weight_queue[63][2]$_SDFFE_PN0P_
-0.633434	systolic.data_queue[63][4]$_SDFFE_PN0P_/Q	systolic.matrix_mul_2D[63][20]$_SDFFE_PN0P_/D	_48594_|_48595_|_48596_|_48599_|_48600_|_48602_|_48603_|_48604_|_48605_|_48606_|_51973_|_51980_|_60217_|_60255_|_60256_|_60259_|_60260_|_60261_|_60262_|_79512_|_79517_|_79518_|_79521_|_81476_|_81492_|_82904_|_83070_|_84443_|_86406_|systolic.data_queue[63][4]$_SDFFE_PN0P_|systolic.matrix_mul_2D[63][20]$_SDFFE_PN0P_
-0.633267	systolic.weight_queue[63][2]$_SDFFE_PN0P_/Q	systolic.matrix_mul_2D[63][20]$_SDFFE_PN0P_/D	_48594_|_48595_|_48596_|_48599_|_48600_|_48602_|_48603_|_48604_|_48605_|_48606_|_51940_|_51970_|_60217_|_60255_|_60256_|_60259_|_60260_|_60261_|_60262_|_79512_|_79517_|_79518_|_79521_|_81476_|_81492_|_82904_|_83070_|_84443_|_86406_|systolic.matrix_mul_2D[63][20]$_SDFFE_PN0P_|systolic.weight_queue[63][2]$_SDFFE_PN0P_
-0.633243	systolic.data_queue[63][4]$_SDFFE_PN0P_/Q	systolic.matrix_mul_2D[63][20]$_SDFFE_PN0P_/D	_48594_|_48595_|_48596_|_48599_|_48600_|_48602_|_48603_|_48604_|_48605_|_48606_|_51973_|_51980_|_60217_|_60255_|_60256_|_60259_|_60260_|_60261_|_60262_|_79512_|_79517_|_79518_|_79521_|_81476_|_81492_|_82904_|_83070_|_84443_|_86406_|systolic.data_queue[63][4]$_SDFFE_PN0P_|systolic.matrix_mul_2D[63][20]$_SDFFE_PN0P_
-0.633180	systolic.weight_queue[63][1]$_SDFFE_PN0P_/Q	systolic.matrix_mul_2D[63][20]$_SDFFE_PN0P_/D	_48594_|_48595_|_48596_|_48599_|_48600_|_48602_|_48603_|_48604_|_48605_|_48606_|_51942_|_51980_|_60217_|_60255_|_60256_|_60259_|_60260_|_60261_|_60262_|_79512_|_79517_|_79518_|_79521_|_81476_|_81492_|_82904_|_83070_|_84443_|_86406_|systolic.matrix_mul_2D[63][20]$_SDFFE_PN0P_|systolic.weight_queue[63][1]$_SDFFE_PN0P_
-0.633107	systolic.data_queue[63][3]$_SDFFE_PN0P_/Q	systolic.matrix_mul_2D[63][20]$_SDFFE_PN0P_/D	_48594_|_48595_|_48596_|_48599_|_48600_|_48602_|_48603_|_48604_|_48605_|_48606_|_51964_|_51970_|_60217_|_60255_|_60256_|_60259_|_60260_|_60261_|_60262_|_79512_|_79517_|_79518_|_79521_|_81476_|_81492_|_82904_|_83070_|_84443_|_86406_|systolic.data_queue[63][3]$_SDFFE_PN0P_|systolic.matrix_mul_2D[63][20]$_SDFFE_PN0P_
-0.633006	systolic.data_queue[63][3]$_SDFFE_PN0P_/Q	systolic.matrix_mul_2D[63][20]$_SDFFE_PN0P_/D	_48594_|_48595_|_48596_|_48599_|_48600_|_48602_|_48603_|_48604_|_48605_|_48606_|_51964_|_51970_|_60217_|_60255_|_60256_|_60259_|_60260_|_60261_|_60262_|_79512_|_79517_|_79518_|_79521_|_81476_|_81492_|_82904_|_83070_|_84443_|_86406_|systolic.data_queue[63][3]$_SDFFE_PN0P_|systolic.matrix_mul_2D[63][20]$_SDFFE_PN0P_
-0.632938	systolic.weight_queue[63][1]$_SDFFE_PN0P_/Q	systolic.matrix_mul_2D[63][20]$_SDFFE_PN0P_/D	_48594_|_48595_|_48596_|_48599_|_48600_|_48602_|_48603_|_48604_|_48605_|_48606_|_51942_|_51980_|_60217_|_60255_|_60256_|_60259_|_60260_|_60261_|_60262_|_79512_|_79517_|_79518_|_79521_|_81476_|_81492_|_82904_|_83070_|_84443_|_86406_|systolic.matrix_mul_2D[63][20]$_SDFFE_PN0P_|systolic.weight_queue[63][1]$_SDFFE_PN0P_
-0.632936	systolic.weight_queue[63][2]$_SDFFE_PN0P_/Q	systolic.matrix_mul_2D[63][20]$_SDFFE_PN0P_/D	_48594_|_48595_|_48596_|_48599_|_48600_|_48602_|_48603_|_48604_|_48605_|_48606_|_51940_|_51970_|_60217_|_60255_|_60256_|_60259_|_60260_|_60261_|_60262_|_79512_|_79517_|_79518_|_79521_|_81476_|_81492_|_82904_|_83070_|_84443_|_86406_|systolic.matrix_mul_2D[63][20]$_SDFFE_PN0P_|systolic.weight_queue[63][2]$_SDFFE_PN0P_
-0.632803	systolic.data_queue[63][2]$_SDFFE_PN0P_/Q	systolic.matrix_mul_2D[63][20]$_SDFFE_PN0P_/D	_48594_|_48595_|_48596_|_48599_|_48600_|_48602_|_48603_|_48604_|_48605_|_48606_|_51955_|_51960_|_60217_|_60255_|_60256_|_60259_|_60260_|_60261_|_60262_|_79512_|_79517_|_79518_|_79521_|_81476_|_81492_|_82904_|_83070_|_84443_|_86406_|systolic.data_queue[63][2]$_SDFFE_PN0P_|systolic.matrix_mul_2D[63][20]$_SDFFE_PN0P_
-0.632745	systolic.weight_queue[63][2]$_SDFFE_PN0P_/Q	systolic.matrix_mul_2D[63][20]$_SDFFE_PN0P_/D	_48594_|_48595_|_48596_|_48599_|_48600_|_48602_|_48603_|_48604_|_48605_|_48606_|_51940_|_51970_|_60217_|_60255_|_60256_|_60259_|_60260_|_60261_|_60262_|_79512_|_79517_|_79518_|_79521_|_81476_|_81492_|_82904_|_83070_|_84443_|_86406_|systolic.matrix_mul_2D[63][20]$_SDFFE_PN0P_|systolic.weight_queue[63][2]$_SDFFE_PN0P_
-0.632673	systolic.weight_queue[63][1]$_SDFFE_PN0P_/Q	systolic.matrix_mul_2D[63][20]$_SDFFE_PN0P_/D	_48594_|_48595_|_48596_|_48599_|_48600_|_48602_|_48603_|_48604_|_48605_|_48606_|_51942_|_51980_|_60217_|_60255_|_60256_|_60259_|_60260_|_60261_|_60262_|_79512_|_79517_|_79518_|_79521_|_81476_|_81492_|_82904_|_83070_|_84443_|_86406_|systolic.matrix_mul_2D[63][20]$_SDFFE_PN0P_|systolic.weight_queue[63][1]$_SDFFE_PN0P_
-0.632651	systolic.data_queue[63][4]$_SDFFE_PN0P_/Q	systolic.matrix_mul_2D[63][20]$_SDFFE_PN0P_/D	_48594_|_48595_|_48596_|_48599_|_48600_|_48602_|_48603_|_48604_|_48605_|_48606_|_51973_|_51980_|_60217_|_60255_|_60256_|_60259_|_60260_|_60261_|_60262_|_79512_|_79517_|_79518_|_79521_|_81476_|_81492_|_82904_|_83070_|_84443_|_86406_|systolic.data_queue[63][4]$_SDFFE_PN0P_|systolic.matrix_mul_2D[63][20]$_SDFFE_PN0P_
-0.632585	systolic.weight_queue[63][3]$_SDFFE_PN0P_/Q	systolic.matrix_mul_2D[63][20]$_SDFFE_PN0P_/D	_48594_|_48595_|_48596_|_48599_|_48600_|_48602_|_48603_|_48604_|_48605_|_48606_|_51938_|_51969_|_60217_|_60255_|_60256_|_60259_|_60260_|_60261_|_60262_|_79512_|_79517_|_79518_|_79521_|_81476_|_81492_|_82266_|_84443_|_84792_|_86406_|systolic.matrix_mul_2D[63][20]$_SDFFE_PN0P_|systolic.weight_queue[63][3]$_SDFFE_PN0P_
-0.632585	systolic.data_queue[63][3]$_SDFFE_PN0P_/Q	systolic.matrix_mul_2D[63][20]$_SDFFE_PN0P_/D	_48594_|_48595_|_48596_|_48599_|_48600_|_48602_|_48603_|_48604_|_48605_|_48606_|_51964_|_51970_|_60217_|_60255_|_60256_|_60259_|_60260_|_60261_|_60262_|_79512_|_79517_|_79518_|_79521_|_81476_|_81492_|_82904_|_83070_|_84443_|_86406_|systolic.data_queue[63][3]$_SDFFE_PN0P_|systolic.matrix_mul_2D[63][20]$_SDFFE_PN0P_
-0.632580	systolic.data_queue[63][4]$_SDFFE_PN0P_/Q	systolic.matrix_mul_2D[63][20]$_SDFFE_PN0P_/D	_48594_|_48595_|_48596_|_48599_|_48600_|_48602_|_48603_|_48604_|_48605_|_48606_|_51973_|_51980_|_60217_|_60255_|_60256_|_60259_|_60260_|_60261_|_60262_|_79512_|_79517_|_79518_|_79521_|_81476_|_81492_|_82904_|_83070_|_84443_|_86406_|systolic.data_queue[63][4]$_SDFFE_PN0P_|systolic.matrix_mul_2D[63][20]$_SDFFE_PN0P_
-0.632517	systolic.data_queue[63][4]$_SDFFE_PN0P_/Q	systolic.matrix_mul_2D[63][20]$_SDFFE_PN0P_/D	_48594_|_48595_|_48596_|_48599_|_48600_|_48602_|_48603_|_48604_|_48605_|_48606_|_51973_|_51980_|_60217_|_60255_|_60256_|_60259_|_60260_|_60261_|_60262_|_79512_|_79517_|_79518_|_79521_|_81476_|_81492_|_82904_|_83070_|_84443_|_86406_|systolic.data_queue[63][4]$_SDFFE_PN0P_|systolic.matrix_mul_2D[63][20]$_SDFFE_PN0P_
-0.632517	systolic.weight_queue[63][1]$_SDFFE_PN0P_/Q	systolic.matrix_mul_2D[63][20]$_SDFFE_PN0P_/D	_48594_|_48595_|_48596_|_48599_|_48600_|_48602_|_48603_|_48604_|_48605_|_48606_|_51942_|_51980_|_60217_|_60255_|_60256_|_60259_|_60260_|_60261_|_60262_|_79512_|_79517_|_79518_|_79521_|_81476_|_81492_|_82904_|_83070_|_84443_|_86406_|systolic.matrix_mul_2D[63][20]$_SDFFE_PN0P_|systolic.weight_queue[63][1]$_SDFFE_PN0P_
-0.632454	systolic.weight_queue[63][1]$_SDFFE_PN0P_/Q	systolic.matrix_mul_2D[63][20]$_SDFFE_PN0P_/D	_48594_|_48595_|_48596_|_48599_|_48600_|_48602_|_48603_|_48604_|_48605_|_48606_|_51942_|_51980_|_60217_|_60255_|_60256_|_60259_|_60260_|_60261_|_60262_|_79512_|_79517_|_79518_|_79521_|_81476_|_81492_|_82904_|_83070_|_84443_|_86406_|systolic.matrix_mul_2D[63][20]$_SDFFE_PN0P_|systolic.weight_queue[63][1]$_SDFFE_PN0P_
-0.632382	systolic.data_queue[63][3]$_SDFFE_PN0P_/Q	systolic.matrix_mul_2D[63][20]$_SDFFE_PN0P_/D	_48594_|_48595_|_48596_|_48599_|_48600_|_48602_|_48603_|_48604_|_48605_|_48606_|_51964_|_51970_|_60217_|_60255_|_60256_|_60259_|_60260_|_60261_|_60262_|_79512_|_79517_|_79518_|_79521_|_81476_|_81492_|_82904_|_83070_|_84443_|_86406_|systolic.data_queue[63][3]$_SDFFE_PN0P_|systolic.matrix_mul_2D[63][20]$_SDFFE_PN0P_
-0.632345	systolic.weight_queue[63][2]$_SDFFE_PN0P_/Q	systolic.matrix_mul_2D[63][20]$_SDFFE_PN0P_/D	_48594_|_48595_|_48596_|_48599_|_48600_|_48602_|_48603_|_48604_|_48605_|_48606_|_51940_|_51970_|_60217_|_60255_|_60256_|_60259_|_60260_|_60261_|_60262_|_79512_|_79517_|_79518_|_79521_|_81476_|_81492_|_82904_|_83070_|_84443_|_86406_|systolic.matrix_mul_2D[63][20]$_SDFFE_PN0P_|systolic.weight_queue[63][2]$_SDFFE_PN0P_
-0.632340	systolic.weight_queue[63][2]$_SDFFE_PN0P_/Q	systolic.matrix_mul_2D[63][20]$_SDFFE_PN0P_/D	_48594_|_48595_|_48596_|_48599_|_48600_|_48602_|_48603_|_48604_|_48605_|_48606_|_51940_|_51970_|_60217_|_60255_|_60256_|_60259_|_60260_|_60261_|_60262_|_79512_|_79517_|_79518_|_79521_|_81476_|_81492_|_82904_|_83070_|_84443_|_86406_|systolic.matrix_mul_2D[63][20]$_SDFFE_PN0P_|systolic.weight_queue[63][2]$_SDFFE_PN0P_
-0.632191	systolic.data_queue[63][3]$_SDFFE_PN0P_/Q	systolic.matrix_mul_2D[63][20]$_SDFFE_PN0P_/D	_48594_|_48595_|_48596_|_48599_|_48600_|_48602_|_48603_|_48604_|_48605_|_48606_|_51964_|_51970_|_60217_|_60255_|_60256_|_60259_|_60260_|_60261_|_60262_|_79512_|_79517_|_79518_|_79521_|_81476_|_81492_|_82904_|_83070_|_84443_|_86406_|systolic.data_queue[63][3]$_SDFFE_PN0P_|systolic.matrix_mul_2D[63][20]$_SDFFE_PN0P_
-0.632121	systolic.weight_queue[63][2]$_SDFFE_PN0P_/Q	systolic.matrix_mul_2D[63][20]$_SDFFE_PN0P_/D	_48594_|_48595_|_48596_|_48599_|_48600_|_48602_|_48603_|_48604_|_48605_|_48606_|_51940_|_51970_|_60217_|_60255_|_60256_|_60259_|_60260_|_60261_|_60262_|_79512_|_79517_|_79518_|_79521_|_81476_|_81492_|_82904_|_83070_|_84443_|_86406_|systolic.matrix_mul_2D[63][20]$_SDFFE_PN0P_|systolic.weight_queue[63][2]$_SDFFE_PN0P_
-0.632096	systolic.data_queue[63][4]$_SDFFE_PN0P_/Q	systolic.matrix_mul_2D[63][20]$_SDFFE_PN0P_/D	_48594_|_48595_|_48596_|_48599_|_48600_|_48602_|_48603_|_48604_|_48605_|_48606_|_51973_|_51980_|_60217_|_60255_|_60256_|_60259_|_60260_|_60261_|_60262_|_79512_|_79517_|_79518_|_79521_|_81476_|_81492_|_82904_|_83070_|_84443_|_86406_|systolic.data_queue[63][4]$_SDFFE_PN0P_|systolic.matrix_mul_2D[63][20]$_SDFFE_PN0P_
-0.631859	systolic.data_queue[63][3]$_SDFFE_PN0P_/Q	systolic.matrix_mul_2D[63][20]$_SDFFE_PN0P_/D	_48594_|_48595_|_48596_|_48599_|_48600_|_48602_|_48603_|_48604_|_48605_|_48606_|_51964_|_51970_|_60217_|_60255_|_60256_|_60259_|_60260_|_60261_|_60262_|_79512_|_79517_|_79518_|_79521_|_81476_|_81492_|_82904_|_83070_|_84443_|_86406_|systolic.data_queue[63][3]$_SDFFE_PN0P_|systolic.matrix_mul_2D[63][20]$_SDFFE_PN0P_
-0.631855	systolic.data_queue[63][4]$_SDFFE_PN0P_/Q	systolic.matrix_mul_2D[63][20]$_SDFFE_PN0P_/D	_48594_|_48595_|_48596_|_48599_|_48600_|_48602_|_48603_|_48604_|_48605_|_48606_|_51973_|_51980_|_60217_|_60255_|_60256_|_60259_|_60260_|_60261_|_60262_|_79512_|_79517_|_79518_|_79521_|_81476_|_81492_|_82904_|_83070_|_84443_|_86406_|systolic.data_queue[63][4]$_SDFFE_PN0P_|systolic.matrix_mul_2D[63][20]$_SDFFE_PN0P_
-0.631823	systolic.weight_queue[63][2]$_SDFFE_PN0P_/Q	systolic.matrix_mul_2D[63][20]$_SDFFE_PN0P_/D	_48594_|_48595_|_48596_|_48599_|_48600_|_48602_|_48603_|_48604_|_48605_|_48606_|_51940_|_51970_|_60217_|_60255_|_60256_|_60259_|_60260_|_60261_|_60262_|_79512_|_79517_|_79518_|_79521_|_81476_|_81492_|_82904_|_83070_|_84443_|_86406_|systolic.matrix_mul_2D[63][20]$_SDFFE_PN0P_|systolic.weight_queue[63][2]$_SDFFE_PN0P_
-0.631818	systolic.weight_queue[63][2]$_SDFFE_PN0P_/Q	systolic.matrix_mul_2D[63][20]$_SDFFE_PN0P_/D	_48594_|_48595_|_48596_|_48599_|_48600_|_48602_|_48603_|_48604_|_48605_|_48606_|_51940_|_51970_|_60217_|_60255_|_60256_|_60259_|_60260_|_60261_|_60262_|_79512_|_79517_|_79518_|_79521_|_81476_|_81492_|_82904_|_83070_|_84443_|_86406_|systolic.matrix_mul_2D[63][20]$_SDFFE_PN0P_|systolic.weight_queue[63][2]$_SDFFE_PN0P_
-0.631791	systolic.weight_queue[63][1]$_SDFFE_PN0P_/Q	systolic.matrix_mul_2D[63][20]$_SDFFE_PN0P_/D	_48594_|_48595_|_48596_|_48599_|_48600_|_48602_|_48603_|_48604_|_48605_|_48606_|_51942_|_51980_|_60217_|_60255_|_60256_|_60259_|_60260_|_60261_|_60262_|_79512_|_79517_|_79518_|_79521_|_81476_|_81492_|_82904_|_83070_|_84443_|_86406_|systolic.matrix_mul_2D[63][20]$_SDFFE_PN0P_|systolic.weight_queue[63][1]$_SDFFE_PN0P_
-0.631668	systolic.data_queue[63][3]$_SDFFE_PN0P_/Q	systolic.matrix_mul_2D[63][20]$_SDFFE_PN0P_/D	_48594_|_48595_|_48596_|_48599_|_48600_|_48602_|_48603_|_48604_|_48605_|_48606_|_51964_|_51970_|_60217_|_60255_|_60256_|_60259_|_60260_|_60261_|_60262_|_79512_|_79517_|_79518_|_79521_|_81476_|_81492_|_82904_|_83070_|_84443_|_86406_|systolic.data_queue[63][3]$_SDFFE_PN0P_|systolic.matrix_mul_2D[63][20]$_SDFFE_PN0P_
-0.631615	systolic.weight_queue[63][2]$_SDFFE_PN0P_/Q	systolic.matrix_mul_2D[63][20]$_SDFFE_PN0P_/D	_48594_|_48595_|_48596_|_48599_|_48600_|_48602_|_48603_|_48604_|_48605_|_48606_|_51940_|_51970_|_60217_|_60255_|_60256_|_60259_|_60260_|_60261_|_60262_|_79512_|_79517_|_79518_|_79521_|_81476_|_81492_|_82904_|_83070_|_84443_|_86406_|systolic.matrix_mul_2D[63][20]$_SDFFE_PN0P_|systolic.weight_queue[63][2]$_SDFFE_PN0P_
-0.631600	systolic.weight_queue[63][1]$_SDFFE_PN0P_/Q	systolic.matrix_mul_2D[63][20]$_SDFFE_PN0P_/D	_48594_|_48595_|_48596_|_48599_|_48600_|_48602_|_48603_|_48604_|_48605_|_48606_|_51942_|_51980_|_60217_|_60255_|_60256_|_60259_|_60260_|_60261_|_60262_|_79512_|_79517_|_79518_|_79521_|_81476_|_81492_|_82904_|_83070_|_84443_|_86406_|systolic.matrix_mul_2D[63][20]$_SDFFE_PN0P_|systolic.weight_queue[63][1]$_SDFFE_PN0P_
-0.631598	systolic.weight_queue[63][2]$_SDFFE_PN0P_/Q	systolic.matrix_mul_2D[63][20]$_SDFFE_PN0P_/D	_48594_|_48595_|_48596_|_48599_|_48600_|_48602_|_48603_|_48604_|_48605_|_48606_|_51940_|_51970_|_60217_|_60255_|_60256_|_60259_|_60260_|_60261_|_60262_|_79512_|_79517_|_79518_|_79521_|_81476_|_81492_|_82904_|_83070_|_84443_|_86406_|systolic.matrix_mul_2D[63][20]$_SDFFE_PN0P_|systolic.weight_queue[63][2]$_SDFFE_PN0P_
-0.631590	systolic.data_queue[63][4]$_SDFFE_PN0P_/Q	systolic.matrix_mul_2D[63][20]$_SDFFE_PN0P_/D	_48594_|_48595_|_48596_|_48599_|_48600_|_48602_|_48603_|_48604_|_48605_|_48606_|_51973_|_51980_|_60217_|_60255_|_60256_|_60259_|_60260_|_60261_|_60262_|_79512_|_79517_|_79518_|_79521_|_81476_|_81492_|_82904_|_83070_|_84443_|_86406_|systolic.data_queue[63][4]$_SDFFE_PN0P_|systolic.matrix_mul_2D[63][20]$_SDFFE_PN0P_
-0.631527	systolic.weight_queue[63][1]$_SDFFE_PN0P_/Q	systolic.matrix_mul_2D[63][20]$_SDFFE_PN0P_/D	_48594_|_48595_|_48596_|_48599_|_48600_|_48602_|_48603_|_48604_|_48605_|_48606_|_51942_|_51980_|_60217_|_60255_|_60256_|_60259_|_60260_|_60261_|_60262_|_79512_|_79517_|_79518_|_79521_|_81476_|_81492_|_82904_|_83070_|_84443_|_86406_|systolic.matrix_mul_2D[63][20]$_SDFFE_PN0P_|systolic.weight_queue[63][1]$_SDFFE_PN0P_
-0.631508	systolic.data_queue[63][3]$_SDFFE_PN0P_/Q	systolic.matrix_mul_2D[63][20]$_SDFFE_PN0P_/D	_48594_|_48595_|_48596_|_48599_|_48600_|_48602_|_48603_|_48604_|_48605_|_48606_|_51964_|_51969_|_60217_|_60255_|_60256_|_60259_|_60260_|_60261_|_60262_|_79512_|_79517_|_79518_|_79521_|_81476_|_81492_|_82266_|_84443_|_84792_|_86406_|systolic.data_queue[63][3]$_SDFFE_PN0P_|systolic.matrix_mul_2D[63][20]$_SDFFE_PN0P_
-0.631434	systolic.data_queue[63][4]$_SDFFE_PN0P_/Q	systolic.matrix_mul_2D[63][20]$_SDFFE_PN0P_/D	_48594_|_48595_|_48596_|_48599_|_48600_|_48602_|_48603_|_48604_|_48605_|_48606_|_51973_|_51980_|_60217_|_60255_|_60256_|_60259_|_60260_|_60261_|_60262_|_79512_|_79517_|_79518_|_79521_|_81476_|_81492_|_82904_|_83070_|_84443_|_86406_|systolic.data_queue[63][4]$_SDFFE_PN0P_|systolic.matrix_mul_2D[63][20]$_SDFFE_PN0P_
-0.631371	systolic.data_queue[63][4]$_SDFFE_PN0P_/Q	systolic.matrix_mul_2D[63][20]$_SDFFE_PN0P_/D	_48594_|_48595_|_48596_|_48599_|_48600_|_48602_|_48603_|_48604_|_48605_|_48606_|_51973_|_51980_|_60217_|_60255_|_60256_|_60259_|_60260_|_60261_|_60262_|_79512_|_79517_|_79518_|_79521_|_81476_|_81492_|_82904_|_83070_|_84443_|_86406_|systolic.data_queue[63][4]$_SDFFE_PN0P_|systolic.matrix_mul_2D[63][20]$_SDFFE_PN0P_
-0.631341	systolic.weight_queue[63][1]$_SDFFE_PN0P_/Q	systolic.matrix_mul_2D[63][20]$_SDFFE_PN0P_/D	_48594_|_48595_|_48596_|_48599_|_48600_|_48602_|_48603_|_48604_|_48605_|_48606_|_51942_|_51980_|_60217_|_60255_|_60256_|_60259_|_60260_|_60261_|_60262_|_79512_|_79517_|_79518_|_79521_|_81476_|_81492_|_82904_|_83070_|_84443_|_86406_|systolic.matrix_mul_2D[63][20]$_SDFFE_PN0P_|systolic.weight_queue[63][1]$_SDFFE_PN0P_
-0.631269	systolic.data_queue[63][3]$_SDFFE_PN0P_/Q	systolic.matrix_mul_2D[63][20]$_SDFFE_PN0P_/D	_48594_|_48595_|_48596_|_48599_|_48600_|_48602_|_48603_|_48604_|_48605_|_48606_|_51964_|_51970_|_60217_|_60255_|_60256_|_60259_|_60260_|_60261_|_60262_|_79512_|_79517_|_79518_|_79521_|_81476_|_81492_|_82904_|_83070_|_84443_|_86406_|systolic.data_queue[63][3]$_SDFFE_PN0P_|systolic.matrix_mul_2D[63][20]$_SDFFE_PN0P_
-0.631263	systolic.data_queue[63][3]$_SDFFE_PN0P_/Q	systolic.matrix_mul_2D[63][20]$_SDFFE_PN0P_/D	_48594_|_48595_|_48596_|_48599_|_48600_|_48602_|_48603_|_48604_|_48605_|_48606_|_51964_|_51970_|_60217_|_60255_|_60256_|_60259_|_60260_|_60261_|_60262_|_79512_|_79517_|_79518_|_79521_|_81476_|_81492_|_82904_|_83070_|_84443_|_86406_|systolic.data_queue[63][3]$_SDFFE_PN0P_|systolic.matrix_mul_2D[63][20]$_SDFFE_PN0P_
-0.631199	systolic.weight_queue[63][2]$_SDFFE_PN0P_/Q	systolic.matrix_mul_2D[63][20]$_SDFFE_PN0P_/D	_48594_|_48595_|_48596_|_48599_|_48600_|_48602_|_48603_|_48604_|_48605_|_48606_|_51940_|_51970_|_60217_|_60255_|_60256_|_60259_|_60260_|_60261_|_60262_|_79512_|_79517_|_79518_|_79521_|_81476_|_81492_|_82904_|_83070_|_84443_|_86406_|systolic.matrix_mul_2D[63][20]$_SDFFE_PN0P_|systolic.weight_queue[63][2]$_SDFFE_PN0P_
-0.631194	systolic.weight_queue[63][2]$_SDFFE_PN0P_/Q	systolic.matrix_mul_2D[63][20]$_SDFFE_PN0P_/D	_48594_|_48595_|_48596_|_48599_|_48600_|_48602_|_48603_|_48604_|_48605_|_48606_|_51940_|_51970_|_60217_|_60255_|_60256_|_60259_|_60260_|_60261_|_60262_|_79512_|_79517_|_79518_|_79521_|_81476_|_81492_|_82904_|_83070_|_84443_|_86406_|systolic.matrix_mul_2D[63][20]$_SDFFE_PN0P_|systolic.weight_queue[63][2]$_SDFFE_PN0P_
-0.631092	systolic.weight_queue[63][2]$_SDFFE_PN0P_/Q	systolic.matrix_mul_2D[63][20]$_SDFFE_PN0P_/D	_48594_|_48595_|_48596_|_48599_|_48600_|_48602_|_48603_|_48604_|_48605_|_48606_|_51940_|_51970_|_60217_|_60255_|_60256_|_60259_|_60260_|_60261_|_60262_|_79512_|_79517_|_79518_|_79521_|_81476_|_81492_|_82904_|_83070_|_84443_|_86406_|systolic.matrix_mul_2D[63][20]$_SDFFE_PN0P_|systolic.weight_queue[63][2]$_SDFFE_PN0P_
-0.631044	systolic.data_queue[63][3]$_SDFFE_PN0P_/Q	systolic.matrix_mul_2D[63][20]$_SDFFE_PN0P_/D	_48594_|_48595_|_48596_|_48599_|_48600_|_48602_|_48603_|_48604_|_48605_|_48606_|_51964_|_51970_|_60217_|_60255_|_60256_|_60259_|_60260_|_60261_|_60262_|_79512_|_79517_|_79518_|_79521_|_81476_|_81492_|_82904_|_83070_|_84443_|_86406_|systolic.data_queue[63][3]$_SDFFE_PN0P_|systolic.matrix_mul_2D[63][20]$_SDFFE_PN0P_
-0.631008	systolic.weight_queue[63][2]$_SDFFE_PN0P_/Q	systolic.matrix_mul_2D[63][20]$_SDFFE_PN0P_/D	_48594_|_48595_|_48596_|_48599_|_48600_|_48602_|_48603_|_48604_|_48605_|_48606_|_51940_|_51970_|_60217_|_60255_|_60256_|_60259_|_60260_|_60261_|_60262_|_79512_|_79517_|_79518_|_79521_|_81476_|_81492_|_82904_|_83070_|_84443_|_86406_|systolic.matrix_mul_2D[63][20]$_SDFFE_PN0P_|systolic.weight_queue[63][2]$_SDFFE_PN0P_
-0.630893	systolic.weight_queue[63][3]$_SDFFE_PN0P_/Q	systolic.matrix_mul_2D[63][20]$_SDFFE_PN0P_/D	_48594_|_48595_|_48596_|_48599_|_48600_|_48602_|_48603_|_48604_|_48605_|_48606_|_51938_|_51960_|_60217_|_60255_|_60256_|_60259_|_60260_|_60261_|_60262_|_79512_|_79517_|_79518_|_79521_|_81476_|_81492_|_82904_|_83070_|_84443_|_86406_|systolic.matrix_mul_2D[63][20]$_SDFFE_PN0P_|systolic.weight_queue[63][3]$_SDFFE_PN0P_
-0.630820	systolic.weight_queue[63][2]$_SDFFE_PN0P_/Q	systolic.matrix_mul_2D[63][20]$_SDFFE_PN0P_/D	_48594_|_48595_|_48596_|_48599_|_48600_|_48602_|_48603_|_48604_|_48605_|_48606_|_51940_|_51970_|_60217_|_60255_|_60256_|_60259_|_60260_|_60261_|_60262_|_79512_|_79517_|_79518_|_79521_|_81476_|_81492_|_82904_|_83070_|_84443_|_86406_|systolic.matrix_mul_2D[63][20]$_SDFFE_PN0P_|systolic.weight_queue[63][2]$_SDFFE_PN0P_
-0.630800	systolic.weight_queue[63][3]$_SDFFE_PN0P_/Q	systolic.matrix_mul_2D[63][20]$_SDFFE_PN0P_/D	_48594_|_48595_|_48596_|_48599_|_48600_|_48602_|_48603_|_48604_|_48605_|_48606_|_51938_|_51960_|_60217_|_60255_|_60256_|_60259_|_60260_|_60261_|_60262_|_79512_|_79517_|_79518_|_79521_|_81476_|_81492_|_82904_|_83070_|_84443_|_86406_|systolic.matrix_mul_2D[63][20]$_SDFFE_PN0P_|systolic.weight_queue[63][3]$_SDFFE_PN0P_
-0.630757	systolic.weight_queue[63][2]$_SDFFE_PN0P_/Q	systolic.matrix_mul_2D[63][20]$_SDFFE_PN0P_/D	_48594_|_48595_|_48596_|_48599_|_48600_|_48602_|_48603_|_48604_|_48605_|_48606_|_51940_|_51970_|_60217_|_60255_|_60256_|_60259_|_60260_|_60261_|_60262_|_79512_|_79514_|_79518_|_79521_|_81476_|_81492_|_82904_|_83070_|_84443_|_86406_|systolic.matrix_mul_2D[63][20]$_SDFFE_PN0P_|systolic.weight_queue[63][2]$_SDFFE_PN0P_
-0.630747	systolic.data_queue[63][3]$_SDFFE_PN0P_/Q	systolic.matrix_mul_2D[63][20]$_SDFFE_PN0P_/D	_48594_|_48595_|_48596_|_48599_|_48600_|_48602_|_48603_|_48604_|_48605_|_48606_|_51964_|_51970_|_60217_|_60255_|_60256_|_60259_|_60260_|_60261_|_60262_|_79512_|_79517_|_79518_|_79521_|_81476_|_81492_|_82904_|_83070_|_84443_|_86406_|systolic.data_queue[63][3]$_SDFFE_PN0P_|systolic.matrix_mul_2D[63][20]$_SDFFE_PN0P_
-0.630741	systolic.data_queue[63][3]$_SDFFE_PN0P_/Q	systolic.matrix_mul_2D[63][20]$_SDFFE_PN0P_/D	_48594_|_48595_|_48596_|_48599_|_48600_|_48602_|_48603_|_48604_|_48605_|_48606_|_51964_|_51970_|_60217_|_60255_|_60256_|_60259_|_60260_|_60261_|_60262_|_79512_|_79517_|_79518_|_79521_|_81476_|_81492_|_82904_|_83070_|_84443_|_86406_|systolic.data_queue[63][3]$_SDFFE_PN0P_|systolic.matrix_mul_2D[63][20]$_SDFFE_PN0P_
-0.630708	systolic.data_queue[63][4]$_SDFFE_PN0P_/Q	systolic.matrix_mul_2D[63][20]$_SDFFE_PN0P_/D	_48594_|_48595_|_48596_|_48599_|_48600_|_48602_|_48603_|_48604_|_48605_|_48606_|_51973_|_51980_|_60217_|_60255_|_60256_|_60259_|_60260_|_60261_|_60262_|_79512_|_79517_|_79518_|_79521_|_81476_|_81492_|_82904_|_83070_|_84443_|_86406_|systolic.data_queue[63][4]$_SDFFE_PN0P_|systolic.matrix_mul_2D[63][20]$_SDFFE_PN0P_
-0.630679	systolic.weight_queue[63][1]$_SDFFE_PN0P_/Q	systolic.matrix_mul_2D[63][20]$_SDFFE_PN0P_/D	_48594_|_48595_|_48596_|_48599_|_48600_|_48602_|_48603_|_48604_|_48605_|_48606_|_51942_|_51980_|_60217_|_60255_|_60256_|_60259_|_60260_|_60261_|_60262_|_79512_|_79517_|_79518_|_79521_|_81476_|_81492_|_82904_|_83070_|_84443_|_86406_|systolic.matrix_mul_2D[63][20]$_SDFFE_PN0P_|systolic.weight_queue[63][1]$_SDFFE_PN0P_
-0.630677	systolic.weight_queue[63][2]$_SDFFE_PN0P_/Q	systolic.matrix_mul_2D[63][20]$_SDFFE_PN0P_/D	_48594_|_48595_|_48596_|_48599_|_48600_|_48602_|_48603_|_48604_|_48605_|_48606_|_51940_|_51970_|_60217_|_60255_|_60256_|_60259_|_60260_|_60261_|_60262_|_79512_|_79517_|_79518_|_79521_|_81476_|_81492_|_82904_|_83070_|_84443_|_86406_|systolic.matrix_mul_2D[63][20]$_SDFFE_PN0P_|systolic.weight_queue[63][2]$_SDFFE_PN0P_
-0.630673	systolic.weight_queue[63][1]$_SDFFE_PN0P_/Q	systolic.matrix_mul_2D[63][20]$_SDFFE_PN0P_/D	_48594_|_48595_|_48596_|_48599_|_48600_|_48602_|_48603_|_48604_|_48605_|_48606_|_51942_|_51980_|_60217_|_60255_|_60256_|_60259_|_60260_|_60261_|_60262_|_79512_|_79517_|_79518_|_79521_|_81476_|_81492_|_82904_|_83070_|_84443_|_86406_|systolic.matrix_mul_2D[63][20]$_SDFFE_PN0P_|systolic.weight_queue[63][1]$_SDFFE_PN0P_
-0.630671	systolic.weight_queue[63][2]$_SDFFE_PN0P_/Q	systolic.matrix_mul_2D[63][20]$_SDFFE_PN0P_/D	_48594_|_48595_|_48596_|_48599_|_48600_|_48602_|_48603_|_48604_|_48605_|_48606_|_51940_|_51970_|_60217_|_60255_|_60256_|_60259_|_60260_|_60261_|_60262_|_79512_|_79517_|_79518_|_79521_|_81476_|_81492_|_82904_|_83070_|_84443_|_86406_|systolic.matrix_mul_2D[63][20]$_SDFFE_PN0P_|systolic.weight_queue[63][2]$_SDFFE_PN0P_
-0.630538	systolic.data_queue[63][3]$_SDFFE_PN0P_/Q	systolic.matrix_mul_2D[63][20]$_SDFFE_PN0P_/D	_48594_|_48595_|_48596_|_48599_|_48600_|_48602_|_48603_|_48604_|_48605_|_48606_|_51964_|_51970_|_60217_|_60255_|_60256_|_60259_|_60260_|_60261_|_60262_|_79512_|_79517_|_79518_|_79521_|_81476_|_81492_|_82904_|_83070_|_84443_|_86406_|systolic.data_queue[63][3]$_SDFFE_PN0P_|systolic.matrix_mul_2D[63][20]$_SDFFE_PN0P_
-0.630522	systolic.data_queue[63][3]$_SDFFE_PN0P_/Q	systolic.matrix_mul_2D[63][20]$_SDFFE_PN0P_/D	_48594_|_48595_|_48596_|_48599_|_48600_|_48602_|_48603_|_48604_|_48605_|_48606_|_51964_|_51970_|_60217_|_60255_|_60256_|_60259_|_60260_|_60261_|_60262_|_79512_|_79517_|_79518_|_79521_|_81476_|_81492_|_82904_|_83070_|_84443_|_86406_|systolic.data_queue[63][3]$_SDFFE_PN0P_|systolic.matrix_mul_2D[63][20]$_SDFFE_PN0P_
-0.630517	systolic.data_queue[63][4]$_SDFFE_PN0P_/Q	systolic.matrix_mul_2D[63][20]$_SDFFE_PN0P_/D	_48594_|_48595_|_48596_|_48599_|_48600_|_48602_|_48603_|_48604_|_48605_|_48606_|_51973_|_51980_|_60217_|_60255_|_60256_|_60259_|_60260_|_60261_|_60262_|_79512_|_79517_|_79518_|_79521_|_81476_|_81492_|_82904_|_83070_|_84443_|_86406_|systolic.data_queue[63][4]$_SDFFE_PN0P_|systolic.matrix_mul_2D[63][20]$_SDFFE_PN0P_
-0.630486	systolic.weight_queue[63][2]$_SDFFE_PN0P_/Q	systolic.matrix_mul_2D[63][20]$_SDFFE_PN0P_/D	_48594_|_48595_|_48596_|_48599_|_48600_|_48602_|_48603_|_48604_|_48605_|_48606_|_51940_|_51970_|_60217_|_60255_|_60256_|_60259_|_60260_|_60261_|_60262_|_79512_|_79517_|_79518_|_79521_|_81476_|_81492_|_82904_|_83070_|_84443_|_86406_|systolic.matrix_mul_2D[63][20]$_SDFFE_PN0P_|systolic.weight_queue[63][2]$_SDFFE_PN0P_
-0.630468	systolic.weight_queue[63][2]$_SDFFE_PN0P_/Q	systolic.matrix_mul_2D[63][20]$_SDFFE_PN0P_/D	_48594_|_48595_|_48596_|_48599_|_48600_|_48602_|_48603_|_48604_|_48605_|_48606_|_51940_|_51970_|_60217_|_60255_|_60256_|_60259_|_60260_|_60261_|_60262_|_79512_|_79517_|_79518_|_79521_|_81476_|_81492_|_82904_|_83070_|_84443_|_86406_|systolic.matrix_mul_2D[63][20]$_SDFFE_PN0P_|systolic.weight_queue[63][2]$_SDFFE_PN0P_
-0.630454	systolic.weight_queue[63][1]$_SDFFE_PN0P_/Q	systolic.matrix_mul_2D[63][20]$_SDFFE_PN0P_/D	_48594_|_48595_|_48596_|_48599_|_48600_|_48602_|_48603_|_48604_|_48605_|_48606_|_51942_|_51980_|_60217_|_60255_|_60256_|_60259_|_60260_|_60261_|_60262_|_79512_|_79517_|_79518_|_79521_|_81476_|_81492_|_82904_|_83070_|_84443_|_86406_|systolic.matrix_mul_2D[63][20]$_SDFFE_PN0P_|systolic.weight_queue[63][1]$_SDFFE_PN0P_
-0.630444	systolic.data_queue[63][4]$_SDFFE_PN0P_/Q	systolic.matrix_mul_2D[63][20]$_SDFFE_PN0P_/D	_48594_|_48595_|_48596_|_48599_|_48600_|_48602_|_48603_|_48604_|_48605_|_48606_|_51973_|_51980_|_60217_|_60255_|_60256_|_60259_|_60260_|_60261_|_60262_|_79512_|_79517_|_79518_|_79521_|_81476_|_81492_|_82904_|_83070_|_84443_|_86406_|systolic.data_queue[63][4]$_SDFFE_PN0P_|systolic.matrix_mul_2D[63][20]$_SDFFE_PN0P_
-0.630298	systolic.weight_queue[63][2]$_SDFFE_PN0P_/Q	systolic.matrix_mul_2D[63][20]$_SDFFE_PN0P_/D	_48594_|_48595_|_48596_|_48599_|_48600_|_48602_|_48603_|_48604_|_48605_|_48606_|_51940_|_51970_|_60217_|_60255_|_60256_|_60259_|_60260_|_60261_|_60262_|_79512_|_79517_|_79518_|_79521_|_81476_|_81492_|_82904_|_83070_|_84443_|_86406_|systolic.matrix_mul_2D[63][20]$_SDFFE_PN0P_|systolic.weight_queue[63][2]$_SDFFE_PN0P_
-0.630283	systolic.weight_queue[63][2]$_SDFFE_PN0P_/Q	systolic.matrix_mul_2D[63][20]$_SDFFE_PN0P_/D	_48594_|_48595_|_48596_|_48599_|_48600_|_48602_|_48603_|_48604_|_48605_|_48606_|_51940_|_51970_|_60217_|_60255_|_60256_|_60259_|_60260_|_60261_|_60262_|_79512_|_79517_|_79518_|_79521_|_81476_|_81492_|_82904_|_83070_|_84443_|_86406_|systolic.matrix_mul_2D[63][20]$_SDFFE_PN0P_|systolic.weight_queue[63][2]$_SDFFE_PN0P_
-0.630258	systolic.data_queue[63][4]$_SDFFE_PN0P_/Q	systolic.matrix_mul_2D[63][20]$_SDFFE_PN0P_/D	_48594_|_48595_|_48596_|_48599_|_48600_|_48602_|_48603_|_48604_|_48605_|_48606_|_51973_|_51980_|_60217_|_60255_|_60256_|_60259_|_60260_|_60261_|_60262_|_79512_|_79517_|_79518_|_79521_|_81476_|_81492_|_82904_|_83070_|_84443_|_86406_|systolic.data_queue[63][4]$_SDFFE_PN0P_|systolic.matrix_mul_2D[63][20]$_SDFFE_PN0P_
-0.630234	systolic.weight_queue[63][2]$_SDFFE_PN0P_/Q	systolic.matrix_mul_2D[63][20]$_SDFFE_PN0P_/D	_48594_|_48595_|_48596_|_48599_|_48600_|_48602_|_48603_|_48604_|_48605_|_48606_|_51940_|_51970_|_60217_|_60255_|_60256_|_60259_|_60260_|_60261_|_60262_|_79512_|_79514_|_79518_|_79521_|_81476_|_81492_|_82904_|_83070_|_84443_|_86406_|systolic.matrix_mul_2D[63][20]$_SDFFE_PN0P_|systolic.weight_queue[63][2]$_SDFFE_PN0P_
-0.630195	systolic.weight_queue[63][1]$_SDFFE_PN0P_/Q	systolic.matrix_mul_2D[63][20]$_SDFFE_PN0P_/D	_48594_|_48595_|_48596_|_48599_|_48600_|_48602_|_48603_|_48604_|_48605_|_48606_|_51942_|_51980_|_60217_|_60255_|_60256_|_60259_|_60260_|_60261_|_60262_|_79512_|_79517_|_79518_|_79521_|_81476_|_81492_|_82904_|_83070_|_84443_|_86406_|systolic.matrix_mul_2D[63][20]$_SDFFE_PN0P_|systolic.weight_queue[63][1]$_SDFFE_PN0P_
-0.630124	systolic.weight_queue[63][1]$_SDFFE_PN0P_/Q	systolic.matrix_mul_2D[63][20]$_SDFFE_PN0P_/D	_48594_|_48595_|_48596_|_48599_|_48600_|_48602_|_48603_|_48604_|_48605_|_48606_|_51942_|_51980_|_60217_|_60255_|_60256_|_60259_|_60260_|_60261_|_60262_|_79512_|_79517_|_79518_|_79521_|_81476_|_81492_|_82904_|_83070_|_84443_|_86406_|systolic.matrix_mul_2D[63][20]$_SDFFE_PN0P_|systolic.weight_queue[63][1]$_SDFFE_PN0P_
-0.630122	systolic.data_queue[63][3]$_SDFFE_PN0P_/Q	systolic.matrix_mul_2D[63][20]$_SDFFE_PN0P_/D	_48594_|_48595_|_48596_|_48599_|_48600_|_48602_|_48603_|_48604_|_48605_|_48606_|_51964_|_51970_|_60217_|_60255_|_60256_|_60259_|_60260_|_60261_|_60262_|_79512_|_79517_|_79518_|_79521_|_81476_|_81492_|_82904_|_83070_|_84443_|_86406_|systolic.data_queue[63][3]$_SDFFE_PN0P_|systolic.matrix_mul_2D[63][20]$_SDFFE_PN0P_
-0.630117	systolic.data_queue[63][3]$_SDFFE_PN0P_/Q	systolic.matrix_mul_2D[63][20]$_SDFFE_PN0P_/D	_48594_|_48595_|_48596_|_48599_|_48600_|_48602_|_48603_|_48604_|_48605_|_48606_|_51964_|_51970_|_60217_|_60255_|_60256_|_60259_|_60260_|_60261_|_60262_|_79512_|_79517_|_79518_|_79521_|_81476_|_81492_|_82904_|_83070_|_84443_|_86406_|systolic.data_queue[63][3]$_SDFFE_PN0P_|systolic.matrix_mul_2D[63][20]$_SDFFE_PN0P_
-0.630016	systolic.data_queue[63][3]$_SDFFE_PN0P_/Q	systolic.matrix_mul_2D[63][20]$_SDFFE_PN0P_/D	_48594_|_48595_|_48596_|_48599_|_48600_|_48602_|_48603_|_48604_|_48605_|_48606_|_51964_|_51970_|_60217_|_60255_|_60256_|_60259_|_60260_|_60261_|_60262_|_79512_|_79517_|_79518_|_79521_|_81476_|_81492_|_82904_|_83070_|_84443_|_86406_|systolic.data_queue[63][3]$_SDFFE_PN0P_|systolic.matrix_mul_2D[63][20]$_SDFFE_PN0P_
-0.629948	systolic.weight_queue[63][1]$_SDFFE_PN0P_/Q	systolic.matrix_mul_2D[63][20]$_SDFFE_PN0P_/D	_48594_|_48595_|_48596_|_48599_|_48600_|_48602_|_48603_|_48604_|_48605_|_48606_|_51942_|_51980_|_60217_|_60255_|_60256_|_60259_|_60260_|_60261_|_60262_|_79512_|_79517_|_79518_|_79521_|_81476_|_81492_|_82904_|_83070_|_84443_|_86406_|systolic.matrix_mul_2D[63][20]$_SDFFE_PN0P_|systolic.weight_queue[63][1]$_SDFFE_PN0P_
-0.629946	systolic.weight_queue[63][2]$_SDFFE_PN0P_/Q	systolic.matrix_mul_2D[63][20]$_SDFFE_PN0P_/D	_48594_|_48595_|_48596_|_48599_|_48600_|_48602_|_48603_|_48604_|_48605_|_48606_|_51940_|_51970_|_60217_|_60255_|_60256_|_60259_|_60260_|_60261_|_60262_|_79512_|_79517_|_79518_|_79521_|_81476_|_81492_|_82904_|_83070_|_84443_|_86406_|systolic.matrix_mul_2D[63][20]$_SDFFE_PN0P_|systolic.weight_queue[63][2]$_SDFFE_PN0P_
-0.629932	systolic.data_queue[63][3]$_SDFFE_PN0P_/Q	systolic.matrix_mul_2D[63][20]$_SDFFE_PN0P_/D	_48594_|_48595_|_48596_|_48599_|_48600_|_48602_|_48603_|_48604_|_48605_|_48606_|_51964_|_51970_|_60217_|_60255_|_60256_|_60259_|_60260_|_60261_|_60262_|_79512_|_79517_|_79518_|_79521_|_81476_|_81492_|_82904_|_83070_|_84443_|_86406_|systolic.data_queue[63][3]$_SDFFE_PN0P_|systolic.matrix_mul_2D[63][20]$_SDFFE_PN0P_
-0.629862	systolic.weight_queue[63][2]$_SDFFE_PN0P_/Q	systolic.matrix_mul_2D[63][20]$_SDFFE_PN0P_/D	_48594_|_48595_|_48596_|_48599_|_48600_|_48602_|_48603_|_48604_|_48605_|_48606_|_51940_|_51970_|_60217_|_60255_|_60256_|_60259_|_60260_|_60261_|_60262_|_79512_|_79517_|_79518_|_79521_|_81476_|_81492_|_82904_|_83070_|_84443_|_86406_|systolic.matrix_mul_2D[63][20]$_SDFFE_PN0P_|systolic.weight_queue[63][2]$_SDFFE_PN0P_
-0.629840	systolic.data_queue[63][2]$_SDFFE_PN0P_/Q	systolic.matrix_mul_2D[63][20]$_SDFFE_PN0P_/D	_48594_|_48595_|_48596_|_48599_|_48600_|_48602_|_48603_|_48604_|_48605_|_48606_|_51955_|_51960_|_60217_|_60255_|_60256_|_60259_|_60260_|_60261_|_60262_|_79512_|_79517_|_79518_|_79521_|_81476_|_81492_|_82904_|_83070_|_84443_|_86406_|systolic.data_queue[63][2]$_SDFFE_PN0P_|systolic.matrix_mul_2D[63][20]$_SDFFE_PN0P_
-0.629760	systolic.weight_queue[63][2]$_SDFFE_PN0P_/Q	systolic.matrix_mul_2D[63][20]$_SDFFE_PN0P_/D	_48594_|_48595_|_48596_|_48599_|_48600_|_48602_|_48603_|_48604_|_48605_|_48606_|_51940_|_51970_|_60217_|_60255_|_60256_|_60259_|_60260_|_60261_|_60262_|_79512_|_79517_|_79518_|_79521_|_81476_|_81492_|_82904_|_83070_|_84443_|_86406_|systolic.matrix_mul_2D[63][20]$_SDFFE_PN0P_|systolic.weight_queue[63][2]$_SDFFE_PN0P_
-0.629748	systolic.data_queue[63][2]$_SDFFE_PN0P_/Q	systolic.matrix_mul_2D[63][20]$_SDFFE_PN0P_/D	_48594_|_48595_|_48596_|_48599_|_48600_|_48602_|_48603_|_48604_|_48605_|_48606_|_51955_|_51960_|_60217_|_60255_|_60256_|_60259_|_60260_|_60261_|_60262_|_79512_|_79517_|_79518_|_79521_|_81476_|_81492_|_82904_|_83070_|_84443_|_86406_|systolic.data_queue[63][2]$_SDFFE_PN0P_|systolic.matrix_mul_2D[63][20]$_SDFFE_PN0P_
-0.629746	systolic.weight_queue[63][3]$_SDFFE_PN0P_/Q	systolic.matrix_mul_2D[63][20]$_SDFFE_PN0P_/D	_48594_|_48595_|_48596_|_48599_|_48600_|_48602_|_48603_|_48604_|_48605_|_48606_|_51938_|_51960_|_60217_|_60255_|_60256_|_60259_|_60260_|_60261_|_60262_|_79512_|_79517_|_79518_|_79521_|_81476_|_81492_|_82904_|_83070_|_84443_|_86406_|systolic.matrix_mul_2D[63][20]$_SDFFE_PN0P_|systolic.weight_queue[63][3]$_SDFFE_PN0P_
-0.629744	systolic.data_queue[63][3]$_SDFFE_PN0P_/Q	systolic.matrix_mul_2D[63][20]$_SDFFE_PN0P_/D	_48594_|_48595_|_48596_|_48599_|_48600_|_48602_|_48603_|_48604_|_48605_|_48606_|_51964_|_51970_|_60217_|_60255_|_60256_|_60259_|_60260_|_60261_|_60262_|_79512_|_79517_|_79518_|_79521_|_81476_|_81492_|_82904_|_83070_|_84443_|_86406_|systolic.data_queue[63][3]$_SDFFE_PN0P_|systolic.matrix_mul_2D[63][20]$_SDFFE_PN0P_
-0.629680	systolic.data_queue[63][3]$_SDFFE_PN0P_/Q	systolic.matrix_mul_2D[63][20]$_SDFFE_PN0P_/D	_48594_|_48595_|_48596_|_48599_|_48600_|_48602_|_48603_|_48604_|_48605_|_48606_|_51964_|_51970_|_60217_|_60255_|_60256_|_60259_|_60260_|_60261_|_60262_|_79512_|_79514_|_79518_|_79521_|_81476_|_81492_|_82904_|_83070_|_84443_|_86406_|systolic.data_queue[63][3]$_SDFFE_PN0P_|systolic.matrix_mul_2D[63][20]$_SDFFE_PN0P_
-0.629674	systolic.weight_queue[63][2]$_SDFFE_PN0P_/Q	systolic.matrix_mul_2D[63][20]$_SDFFE_PN0P_/D	_48594_|_48595_|_48596_|_48599_|_48600_|_48602_|_48603_|_48604_|_48605_|_48606_|_51940_|_51970_|_60217_|_60255_|_60256_|_60259_|_60260_|_60261_|_60262_|_79512_|_79517_|_79518_|_79521_|_81476_|_81492_|_82904_|_83070_|_84443_|_86406_|systolic.matrix_mul_2D[63][20]$_SDFFE_PN0P_|systolic.weight_queue[63][2]$_SDFFE_PN0P_
-0.629654	systolic.weight_queue[63][3]$_SDFFE_PN0P_/Q	systolic.matrix_mul_2D[63][20]$_SDFFE_PN0P_/D	_48594_|_48595_|_48596_|_48599_|_48600_|_48602_|_48603_|_48604_|_48605_|_48606_|_51938_|_51960_|_60217_|_60255_|_60256_|_60259_|_60260_|_60261_|_60262_|_79512_|_79517_|_79518_|_79521_|_81476_|_81492_|_82904_|_83070_|_84443_|_86406_|systolic.matrix_mul_2D[63][20]$_SDFFE_PN0P_|systolic.weight_queue[63][3]$_SDFFE_PN0P_
-0.629610	systolic.weight_queue[63][2]$_SDFFE_PN0P_/Q	systolic.matrix_mul_2D[63][20]$_SDFFE_PN0P_/D	_48594_|_48595_|_48596_|_48599_|_48600_|_48602_|_48603_|_48604_|_48605_|_48606_|_51940_|_51970_|_60217_|_60255_|_60256_|_60259_|_60260_|_60261_|_60262_|_79512_|_79514_|_79518_|_79521_|_81476_|_81492_|_82904_|_83070_|_84443_|_86406_|systolic.matrix_mul_2D[63][20]$_SDFFE_PN0P_|systolic.weight_queue[63][2]$_SDFFE_PN0P_
-0.629600	systolic.data_queue[63][3]$_SDFFE_PN0P_/Q	systolic.matrix_mul_2D[63][20]$_SDFFE_PN0P_/D	_48594_|_48595_|_48596_|_48599_|_48600_|_48602_|_48603_|_48604_|_48605_|_48606_|_51964_|_51970_|_60217_|_60255_|_60256_|_60259_|_60260_|_60261_|_60262_|_79512_|_79517_|_79518_|_79521_|_81476_|_81492_|_82904_|_83070_|_84443_|_86406_|systolic.data_queue[63][3]$_SDFFE_PN0P_|systolic.matrix_mul_2D[63][20]$_SDFFE_PN0P_
-0.629595	systolic.data_queue[63][4]$_SDFFE_PN0P_/Q	systolic.matrix_mul_2D[63][20]$_SDFFE_PN0P_/D	_48594_|_48595_|_48596_|_48599_|_48600_|_48602_|_48603_|_48604_|_48605_|_48606_|_51973_|_51980_|_60217_|_60255_|_60256_|_60259_|_60260_|_60261_|_60262_|_79512_|_79517_|_79518_|_79521_|_81476_|_81492_|_82904_|_83070_|_84443_|_86406_|systolic.data_queue[63][4]$_SDFFE_PN0P_|systolic.matrix_mul_2D[63][20]$_SDFFE_PN0P_
-0.629595	systolic.data_queue[63][3]$_SDFFE_PN0P_/Q	systolic.matrix_mul_2D[63][20]$_SDFFE_PN0P_/D	_48594_|_48595_|_48596_|_48599_|_48600_|_48602_|_48603_|_48604_|_48605_|_48606_|_51964_|_51970_|_60217_|_60255_|_60256_|_60259_|_60260_|_60261_|_60262_|_79512_|_79517_|_79518_|_79521_|_81476_|_81492_|_82904_|_83070_|_84443_|_86406_|systolic.data_queue[63][3]$_SDFFE_PN0P_|systolic.matrix_mul_2D[63][20]$_SDFFE_PN0P_
-0.629590	systolic.data_queue[63][4]$_SDFFE_PN0P_/Q	systolic.matrix_mul_2D[63][20]$_SDFFE_PN0P_/D	_48594_|_48595_|_48596_|_48599_|_48600_|_48602_|_48603_|_48604_|_48605_|_48606_|_51973_|_51980_|_60217_|_60255_|_60256_|_60259_|_60260_|_60261_|_60262_|_79512_|_79517_|_79518_|_79521_|_81476_|_81492_|_82904_|_83070_|_84443_|_86406_|systolic.data_queue[63][4]$_SDFFE_PN0P_|systolic.matrix_mul_2D[63][20]$_SDFFE_PN0P_
-0.629532	systolic.weight_queue[63][1]$_SDFFE_PN0P_/Q	systolic.matrix_mul_2D[63][20]$_SDFFE_PN0P_/D	_48594_|_48595_|_48596_|_48599_|_48600_|_48602_|_48603_|_48604_|_48605_|_48606_|_51942_|_51980_|_60217_|_60255_|_60256_|_60259_|_60260_|_60261_|_60262_|_79512_|_79517_|_79518_|_79521_|_81476_|_81492_|_82904_|_83070_|_84443_|_86406_|systolic.matrix_mul_2D[63][20]$_SDFFE_PN0P_|systolic.weight_queue[63][1]$_SDFFE_PN0P_
-0.629527	systolic.weight_queue[63][1]$_SDFFE_PN0P_/Q	systolic.matrix_mul_2D[63][20]$_SDFFE_PN0P_/D	_48594_|_48595_|_48596_|_48599_|_48600_|_48602_|_48603_|_48604_|_48605_|_48606_|_51942_|_51980_|_60217_|_60255_|_60256_|_60259_|_60260_|_60261_|_60262_|_79512_|_79517_|_79518_|_79521_|_81476_|_81492_|_82904_|_83070_|_84443_|_86406_|systolic.matrix_mul_2D[63][20]$_SDFFE_PN0P_|systolic.weight_queue[63][1]$_SDFFE_PN0P_
-0.629463	systolic.weight_queue[63][3]$_SDFFE_PN0P_/Q	systolic.matrix_mul_2D[63][20]$_SDFFE_PN0P_/D	_48594_|_48595_|_48596_|_48599_|_48600_|_48602_|_48603_|_48604_|_48605_|_48606_|_51938_|_51960_|_60217_|_60255_|_60256_|_60259_|_60260_|_60261_|_60262_|_79512_|_79517_|_79518_|_79521_|_81476_|_81492_|_82904_|_83070_|_84443_|_86406_|systolic.matrix_mul_2D[63][20]$_SDFFE_PN0P_|systolic.weight_queue[63][3]$_SDFFE_PN0P_
-0.629409	systolic.data_queue[63][3]$_SDFFE_PN0P_/Q	systolic.matrix_mul_2D[63][20]$_SDFFE_PN0P_/D	_48594_|_48595_|_48596_|_48599_|_48600_|_48602_|_48603_|_48604_|_48605_|_48606_|_51964_|_51970_|_60217_|_60255_|_60256_|_60259_|_60260_|_60261_|_60262_|_79512_|_79517_|_79518_|_79521_|_81476_|_81492_|_82904_|_83070_|_84443_|_86406_|systolic.data_queue[63][3]$_SDFFE_PN0P_|systolic.matrix_mul_2D[63][20]$_SDFFE_PN0P_
-0.629399	systolic.weight_queue[63][1]$_SDFFE_PN0P_/Q	systolic.matrix_mul_2D[63][20]$_SDFFE_PN0P_/D	_48594_|_48595_|_48596_|_48599_|_48600_|_48602_|_48603_|_48604_|_48605_|_48606_|_51942_|_51980_|_60217_|_60255_|_60256_|_60259_|_60260_|_60261_|_60262_|_79512_|_79517_|_79518_|_79521_|_81476_|_81492_|_82904_|_83070_|_84443_|_86406_|systolic.matrix_mul_2D[63][20]$_SDFFE_PN0P_|systolic.weight_queue[63][1]$_SDFFE_PN0P_
-0.629391	systolic.data_queue[63][3]$_SDFFE_PN0P_/Q	systolic.matrix_mul_2D[63][20]$_SDFFE_PN0P_/D	_48594_|_48595_|_48596_|_48599_|_48600_|_48602_|_48603_|_48604_|_48605_|_48606_|_51964_|_51970_|_60217_|_60255_|_60256_|_60259_|_60260_|_60261_|_60262_|_79512_|_79517_|_79518_|_79521_|_81476_|_81492_|_82904_|_83070_|_84443_|_86406_|systolic.data_queue[63][3]$_SDFFE_PN0P_|systolic.matrix_mul_2D[63][20]$_SDFFE_PN0P_
-0.629371	systolic.data_queue[63][4]$_SDFFE_PN0P_/Q	systolic.matrix_mul_2D[63][20]$_SDFFE_PN0P_/D	_48594_|_48595_|_48596_|_48599_|_48600_|_48602_|_48603_|_48604_|_48605_|_48606_|_51973_|_51980_|_60217_|_60255_|_60256_|_60259_|_60260_|_60261_|_60262_|_79512_|_79517_|_79518_|_79521_|_81476_|_81492_|_82904_|_83070_|_84443_|_86406_|systolic.data_queue[63][4]$_SDFFE_PN0P_|systolic.matrix_mul_2D[63][20]$_SDFFE_PN0P_
-0.629355	systolic.weight_queue[63][2]$_SDFFE_PN0P_/Q	systolic.matrix_mul_2D[63][20]$_SDFFE_PN0P_/D	_48594_|_48595_|_48596_|_48599_|_48600_|_48602_|_48603_|_48604_|_48605_|_48606_|_51940_|_51970_|_60217_|_60255_|_60256_|_60259_|_60260_|_60261_|_60262_|_79512_|_79517_|_79518_|_79521_|_81476_|_81492_|_82904_|_83070_|_84443_|_86406_|systolic.matrix_mul_2D[63][20]$_SDFFE_PN0P_|systolic.weight_queue[63][2]$_SDFFE_PN0P_
-0.629341	systolic.weight_queue[63][1]$_SDFFE_PN0P_/Q	systolic.matrix_mul_2D[63][20]$_SDFFE_PN0P_/D	_48594_|_48595_|_48596_|_48599_|_48600_|_48602_|_48603_|_48604_|_48605_|_48606_|_51942_|_51980_|_60217_|_60255_|_60256_|_60259_|_60260_|_60261_|_60262_|_79512_|_79517_|_79518_|_79521_|_81476_|_81492_|_82904_|_83070_|_84443_|_86406_|systolic.matrix_mul_2D[63][20]$_SDFFE_PN0P_|systolic.weight_queue[63][1]$_SDFFE_PN0P_
-0.629339	systolic.weight_queue[63][2]$_SDFFE_PN0P_/Q	systolic.matrix_mul_2D[63][20]$_SDFFE_PN0P_/D	_48594_|_48595_|_48596_|_48599_|_48600_|_48602_|_48603_|_48604_|_48605_|_48606_|_51940_|_51970_|_60217_|_60255_|_60256_|_60259_|_60260_|_60261_|_60262_|_79512_|_79517_|_79518_|_79521_|_81476_|_81492_|_82904_|_83070_|_84443_|_86406_|systolic.matrix_mul_2D[63][20]$_SDFFE_PN0P_|systolic.weight_queue[63][2]$_SDFFE_PN0P_
-0.629221	systolic.data_queue[63][3]$_SDFFE_PN0P_/Q	systolic.matrix_mul_2D[63][20]$_SDFFE_PN0P_/D	_48594_|_48595_|_48596_|_48599_|_48600_|_48602_|_48603_|_48604_|_48605_|_48606_|_51964_|_51970_|_60217_|_60255_|_60256_|_60259_|_60260_|_60261_|_60262_|_79512_|_79517_|_79518_|_79521_|_81476_|_81492_|_82904_|_83070_|_84443_|_86406_|systolic.data_queue[63][3]$_SDFFE_PN0P_|systolic.matrix_mul_2D[63][20]$_SDFFE_PN0P_
-0.629206	systolic.data_queue[63][3]$_SDFFE_PN0P_/Q	systolic.matrix_mul_2D[63][20]$_SDFFE_PN0P_/D	_48594_|_48595_|_48596_|_48599_|_48600_|_48602_|_48603_|_48604_|_48605_|_48606_|_51964_|_51970_|_60217_|_60255_|_60256_|_60259_|_60260_|_60261_|_60262_|_79512_|_79517_|_79518_|_79521_|_81476_|_81492_|_82904_|_83070_|_84443_|_86406_|systolic.data_queue[63][3]$_SDFFE_PN0P_|systolic.matrix_mul_2D[63][20]$_SDFFE_PN0P_
-0.629158	systolic.data_queue[63][3]$_SDFFE_PN0P_/Q	systolic.matrix_mul_2D[63][20]$_SDFFE_PN0P_/D	_48594_|_48595_|_48596_|_48599_|_48600_|_48602_|_48603_|_48604_|_48605_|_48606_|_51964_|_51970_|_60217_|_60255_|_60256_|_60259_|_60260_|_60261_|_60262_|_79512_|_79514_|_79518_|_79521_|_81476_|_81492_|_82904_|_83070_|_84443_|_86406_|systolic.data_queue[63][3]$_SDFFE_PN0P_|systolic.matrix_mul_2D[63][20]$_SDFFE_PN0P_
-0.629153	systolic.weight_queue[63][1]$_SDFFE_PN0P_/Q	systolic.matrix_mul_2D[63][20]$_SDFFE_PN0P_/D	_48594_|_48595_|_48596_|_48599_|_48600_|_48602_|_48603_|_48604_|_48605_|_48606_|_51942_|_51980_|_60217_|_60255_|_60256_|_60259_|_60260_|_60261_|_60262_|_79512_|_79517_|_79518_|_79521_|_81476_|_81492_|_82904_|_83070_|_84443_|_86406_|systolic.matrix_mul_2D[63][20]$_SDFFE_PN0P_|systolic.weight_queue[63][1]$_SDFFE_PN0P_
-0.629151	systolic.weight_queue[63][2]$_SDFFE_PN0P_/Q	systolic.matrix_mul_2D[63][20]$_SDFFE_PN0P_/D	_48594_|_48595_|_48596_|_48599_|_48600_|_48602_|_48603_|_48604_|_48605_|_48606_|_51940_|_51970_|_60217_|_60255_|_60256_|_60259_|_60260_|_60261_|_60262_|_79512_|_79517_|_79518_|_79521_|_81476_|_81492_|_82904_|_83070_|_84443_|_86406_|systolic.matrix_mul_2D[63][20]$_SDFFE_PN0P_|systolic.weight_queue[63][2]$_SDFFE_PN0P_
-0.629136	systolic.weight_queue[63][2]$_SDFFE_PN0P_/Q	systolic.matrix_mul_2D[63][20]$_SDFFE_PN0P_/D	_48594_|_48595_|_48596_|_48599_|_48600_|_48602_|_48603_|_48604_|_48605_|_48606_|_51940_|_51970_|_60217_|_60255_|_60256_|_60259_|_60260_|_60261_|_60262_|_79512_|_79517_|_79518_|_79521_|_81476_|_81492_|_82904_|_83070_|_84443_|_86406_|systolic.matrix_mul_2D[63][20]$_SDFFE_PN0P_|systolic.weight_queue[63][2]$_SDFFE_PN0P_
-0.629112	systolic.data_queue[63][4]$_SDFFE_PN0P_/Q	systolic.matrix_mul_2D[63][20]$_SDFFE_PN0P_/D	_48594_|_48595_|_48596_|_48599_|_48600_|_48602_|_48603_|_48604_|_48605_|_48606_|_51973_|_51980_|_60217_|_60255_|_60256_|_60259_|_60260_|_60261_|_60262_|_79512_|_79517_|_79518_|_79521_|_81476_|_81492_|_82904_|_83070_|_84443_|_86406_|systolic.data_queue[63][4]$_SDFFE_PN0P_|systolic.matrix_mul_2D[63][20]$_SDFFE_PN0P_
-0.629090	systolic.weight_queue[63][1]$_SDFFE_PN0P_/Q	systolic.matrix_mul_2D[63][20]$_SDFFE_PN0P_/D	_48594_|_48595_|_48596_|_48599_|_48600_|_48602_|_48603_|_48604_|_48605_|_48606_|_51942_|_51980_|_60217_|_60255_|_60256_|_60259_|_60260_|_60261_|_60262_|_79512_|_79514_|_79518_|_79521_|_81476_|_81492_|_82904_|_83070_|_84443_|_86406_|systolic.matrix_mul_2D[63][20]$_SDFFE_PN0P_|systolic.weight_queue[63][1]$_SDFFE_PN0P_
-0.629088	systolic.weight_queue[63][2]$_SDFFE_PN0P_/Q	systolic.matrix_mul_2D[63][20]$_SDFFE_PN0P_/D	_48594_|_48595_|_48596_|_48599_|_48600_|_48602_|_48603_|_48604_|_48605_|_48606_|_51940_|_51970_|_60217_|_60255_|_60256_|_60259_|_60260_|_60261_|_60262_|_79512_|_79514_|_79518_|_79521_|_81476_|_81492_|_82904_|_83070_|_84443_|_86406_|systolic.matrix_mul_2D[63][20]$_SDFFE_PN0P_|systolic.weight_queue[63][2]$_SDFFE_PN0P_
-0.629065	systolic.weight_queue[63][2]$_SDFFE_PN0P_/Q	systolic.matrix_mul_2D[63][20]$_SDFFE_PN0P_/D	_48594_|_48595_|_48596_|_48599_|_48600_|_48602_|_48603_|_48604_|_48605_|_48606_|_51940_|_51970_|_60217_|_60255_|_60256_|_60259_|_60260_|_60261_|_60262_|_79512_|_79517_|_79518_|_79521_|_81476_|_81492_|_82904_|_83070_|_84443_|_86406_|systolic.matrix_mul_2D[63][20]$_SDFFE_PN0P_|systolic.weight_queue[63][2]$_SDFFE_PN0P_
-0.629041	systolic.data_queue[63][4]$_SDFFE_PN0P_/Q	systolic.matrix_mul_2D[63][20]$_SDFFE_PN0P_/D	_48594_|_48595_|_48596_|_48599_|_48600_|_48602_|_48603_|_48604_|_48605_|_48606_|_51973_|_51980_|_60217_|_60255_|_60256_|_60259_|_60260_|_60261_|_60262_|_79512_|_79517_|_79518_|_79521_|_81476_|_81492_|_82904_|_83070_|_84443_|_86406_|systolic.data_queue[63][4]$_SDFFE_PN0P_|systolic.matrix_mul_2D[63][20]$_SDFFE_PN0P_
-0.628978	systolic.weight_queue[63][1]$_SDFFE_PN0P_/Q	systolic.matrix_mul_2D[63][20]$_SDFFE_PN0P_/D	_48594_|_48595_|_48596_|_48599_|_48600_|_48602_|_48603_|_48604_|_48605_|_48606_|_51942_|_51980_|_60217_|_60255_|_60256_|_60259_|_60260_|_60261_|_60262_|_79512_|_79517_|_79518_|_79521_|_81476_|_81492_|_82904_|_83070_|_84443_|_86406_|systolic.matrix_mul_2D[63][20]$_SDFFE_PN0P_|systolic.weight_queue[63][1]$_SDFFE_PN0P_
-0.628869	systolic.data_queue[63][3]$_SDFFE_PN0P_/Q	systolic.matrix_mul_2D[63][20]$_SDFFE_PN0P_/D	_48594_|_48595_|_48596_|_48599_|_48600_|_48602_|_48603_|_48604_|_48605_|_48606_|_51964_|_51970_|_60217_|_60255_|_60256_|_60259_|_60260_|_60261_|_60262_|_79512_|_79517_|_79518_|_79521_|_81476_|_81492_|_82904_|_83070_|_84443_|_86406_|systolic.data_queue[63][3]$_SDFFE_PN0P_|systolic.matrix_mul_2D[63][20]$_SDFFE_PN0P_
-0.628864	systolic.data_queue[63][4]$_SDFFE_PN0P_/Q	systolic.matrix_mul_2D[63][20]$_SDFFE_PN0P_/D	_48594_|_48595_|_48596_|_48599_|_48600_|_48602_|_48603_|_48604_|_48605_|_48606_|_51973_|_51980_|_60217_|_60255_|_60256_|_60259_|_60260_|_60261_|_60262_|_79512_|_79517_|_79518_|_79521_|_81476_|_81492_|_82904_|_83070_|_84443_|_86406_|systolic.data_queue[63][4]$_SDFFE_PN0P_|systolic.matrix_mul_2D[63][20]$_SDFFE_PN0P_
-0.628833	systolic.weight_queue[63][2]$_SDFFE_PN0P_/Q	systolic.matrix_mul_2D[63][20]$_SDFFE_PN0P_/D	_48594_|_48595_|_48596_|_48599_|_48600_|_48602_|_48603_|_48604_|_48605_|_48606_|_51940_|_51970_|_60217_|_60255_|_60256_|_60259_|_60260_|_60261_|_60262_|_79512_|_79517_|_79518_|_79521_|_81476_|_81492_|_82904_|_83070_|_84443_|_86406_|systolic.matrix_mul_2D[63][20]$_SDFFE_PN0P_|systolic.weight_queue[63][2]$_SDFFE_PN0P_
-0.628801	systolic.weight_queue[63][1]$_SDFFE_PN0P_/Q	systolic.matrix_mul_2D[63][20]$_SDFFE_PN0P_/D	_48594_|_48595_|_48596_|_48599_|_48600_|_48602_|_48603_|_48604_|_48605_|_48606_|_51942_|_51980_|_60217_|_60255_|_60256_|_60259_|_60260_|_60261_|_60262_|_79512_|_79517_|_79518_|_79521_|_81476_|_81492_|_82904_|_83070_|_84443_|_86406_|systolic.matrix_mul_2D[63][20]$_SDFFE_PN0P_|systolic.weight_queue[63][1]$_SDFFE_PN0P_
-0.628785	systolic.data_queue[63][3]$_SDFFE_PN0P_/Q	systolic.matrix_mul_2D[63][20]$_SDFFE_PN0P_/D	_48594_|_48595_|_48596_|_48599_|_48600_|_48602_|_48603_|_48604_|_48605_|_48606_|_51964_|_51970_|_60217_|_60255_|_60256_|_60259_|_60260_|_60261_|_60262_|_79512_|_79517_|_79518_|_79521_|_81476_|_81492_|_82904_|_83070_|_84443_|_86406_|systolic.data_queue[63][3]$_SDFFE_PN0P_|systolic.matrix_mul_2D[63][20]$_SDFFE_PN0P_
-0.628738	systolic.weight_queue[63][3]$_SDFFE_PN0P_/Q	systolic.matrix_mul_2D[63][20]$_SDFFE_PN0P_/D	_48594_|_48595_|_48596_|_48599_|_48600_|_48602_|_48603_|_48604_|_48605_|_48606_|_51938_|_51960_|_60217_|_60255_|_60256_|_60259_|_60260_|_60261_|_60262_|_79512_|_79517_|_79518_|_79521_|_81476_|_81492_|_82904_|_83070_|_84443_|_86406_|systolic.matrix_mul_2D[63][20]$_SDFFE_PN0P_|systolic.weight_queue[63][3]$_SDFFE_PN0P_
-0.628694	systolic.data_queue[63][2]$_SDFFE_PN0P_/Q	systolic.matrix_mul_2D[63][20]$_SDFFE_PN0P_/D	_48594_|_48595_|_48596_|_48599_|_48600_|_48602_|_48603_|_48604_|_48605_|_48606_|_51955_|_51960_|_60217_|_60255_|_60256_|_60259_|_60260_|_60261_|_60262_|_79512_|_79517_|_79518_|_79521_|_81476_|_81492_|_82904_|_83070_|_84443_|_86406_|systolic.data_queue[63][2]$_SDFFE_PN0P_|systolic.matrix_mul_2D[63][20]$_SDFFE_PN0P_
-0.628684	systolic.data_queue[63][3]$_SDFFE_PN0P_/Q	systolic.matrix_mul_2D[63][20]$_SDFFE_PN0P_/D	_48594_|_48595_|_48596_|_48599_|_48600_|_48602_|_48603_|_48604_|_48605_|_48606_|_51964_|_51970_|_60217_|_60255_|_60256_|_60259_|_60260_|_60261_|_60262_|_79512_|_79517_|_79518_|_79521_|_81476_|_81492_|_82904_|_83070_|_84443_|_86406_|systolic.data_queue[63][3]$_SDFFE_PN0P_|systolic.matrix_mul_2D[63][20]$_SDFFE_PN0P_
-0.628616	systolic.weight_queue[63][1]$_SDFFE_PN0P_/Q	systolic.matrix_mul_2D[63][20]$_SDFFE_PN0P_/D	_48594_|_48595_|_48596_|_48599_|_48600_|_48602_|_48603_|_48604_|_48605_|_48606_|_51942_|_51980_|_60217_|_60255_|_60256_|_60259_|_60260_|_60261_|_60262_|_79512_|_79517_|_79518_|_79521_|_81476_|_81492_|_82904_|_83070_|_84443_|_86406_|systolic.matrix_mul_2D[63][20]$_SDFFE_PN0P_|systolic.weight_queue[63][1]$_SDFFE_PN0P_
-0.628614	systolic.weight_queue[63][2]$_SDFFE_PN0P_/Q	systolic.matrix_mul_2D[63][20]$_SDFFE_PN0P_/D	_48594_|_48595_|_48596_|_48599_|_48600_|_48602_|_48603_|_48604_|_48605_|_48606_|_51940_|_51970_|_60217_|_60255_|_60256_|_60259_|_60260_|_60261_|_60262_|_79512_|_79517_|_79518_|_79521_|_81476_|_81492_|_82904_|_83070_|_84443_|_86406_|systolic.matrix_mul_2D[63][20]$_SDFFE_PN0P_|systolic.weight_queue[63][2]$_SDFFE_PN0P_
-0.628601	systolic.data_queue[63][2]$_SDFFE_PN0P_/Q	systolic.matrix_mul_2D[63][20]$_SDFFE_PN0P_/D	_48594_|_48595_|_48596_|_48599_|_48600_|_48602_|_48603_|_48604_|_48605_|_48606_|_51955_|_51960_|_60217_|_60255_|_60256_|_60259_|_60260_|_60261_|_60262_|_79512_|_79517_|_79518_|_79521_|_81476_|_81492_|_82904_|_83070_|_84443_|_86406_|systolic.data_queue[63][2]$_SDFFE_PN0P_|systolic.matrix_mul_2D[63][20]$_SDFFE_PN0P_
-0.628597	systolic.data_queue[63][3]$_SDFFE_PN0P_/Q	systolic.matrix_mul_2D[63][20]$_SDFFE_PN0P_/D	_48594_|_48595_|_48596_|_48599_|_48600_|_48602_|_48603_|_48604_|_48605_|_48606_|_51964_|_51970_|_60217_|_60255_|_60256_|_60259_|_60260_|_60261_|_60262_|_79512_|_79517_|_79518_|_79521_|_81476_|_81492_|_82904_|_83070_|_84443_|_86406_|systolic.data_queue[63][3]$_SDFFE_PN0P_|systolic.matrix_mul_2D[63][20]$_SDFFE_PN0P_
-0.628543	systolic.weight_queue[63][2]$_SDFFE_PN0P_/Q	systolic.matrix_mul_2D[63][20]$_SDFFE_PN0P_/D	_48594_|_48595_|_48596_|_48599_|_48600_|_48602_|_48603_|_48604_|_48605_|_48606_|_51940_|_51970_|_60217_|_60255_|_60256_|_60259_|_60260_|_60261_|_60262_|_79512_|_79517_|_79518_|_79521_|_81476_|_81492_|_82904_|_83070_|_84443_|_86406_|systolic.matrix_mul_2D[63][20]$_SDFFE_PN0P_|systolic.weight_queue[63][2]$_SDFFE_PN0P_
-0.628534	systolic.data_queue[63][3]$_SDFFE_PN0P_/Q	systolic.matrix_mul_2D[63][20]$_SDFFE_PN0P_/D	_48594_|_48595_|_48596_|_48599_|_48600_|_48602_|_48603_|_48604_|_48605_|_48606_|_51964_|_51970_|_60217_|_60255_|_60256_|_60259_|_60260_|_60261_|_60262_|_79512_|_79514_|_79518_|_79521_|_81476_|_81492_|_82904_|_83070_|_84443_|_86406_|systolic.data_queue[63][3]$_SDFFE_PN0P_|systolic.matrix_mul_2D[63][20]$_SDFFE_PN0P_
-0.628449	systolic.data_queue[63][4]$_SDFFE_PN0P_/Q	systolic.matrix_mul_2D[63][20]$_SDFFE_PN0P_/D	_48594_|_48595_|_48596_|_48599_|_48600_|_48602_|_48603_|_48604_|_48605_|_48606_|_51973_|_51980_|_60217_|_60255_|_60256_|_60259_|_60260_|_60261_|_60262_|_79512_|_79517_|_79518_|_79521_|_81476_|_81492_|_82904_|_83070_|_84443_|_86406_|systolic.data_queue[63][4]$_SDFFE_PN0P_|systolic.matrix_mul_2D[63][20]$_SDFFE_PN0P_
-0.628443	systolic.data_queue[63][4]$_SDFFE_PN0P_/Q	systolic.matrix_mul_2D[63][20]$_SDFFE_PN0P_/D	_48594_|_48595_|_48596_|_48599_|_48600_|_48602_|_48603_|_48604_|_48605_|_48606_|_51973_|_51980_|_60217_|_60255_|_60256_|_60259_|_60260_|_60261_|_60262_|_79512_|_79517_|_79518_|_79521_|_81476_|_81492_|_82904_|_83070_|_84443_|_86406_|systolic.data_queue[63][4]$_SDFFE_PN0P_|systolic.matrix_mul_2D[63][20]$_SDFFE_PN0P_
-0.628410	systolic.data_queue[63][2]$_SDFFE_PN0P_/Q	systolic.matrix_mul_2D[63][20]$_SDFFE_PN0P_/D	_48594_|_48595_|_48596_|_48599_|_48600_|_48602_|_48603_|_48604_|_48605_|_48606_|_51955_|_51960_|_60217_|_60255_|_60256_|_60259_|_60260_|_60261_|_60262_|_79512_|_79517_|_79518_|_79521_|_81476_|_81492_|_82904_|_83070_|_84443_|_86406_|systolic.data_queue[63][2]$_SDFFE_PN0P_|systolic.matrix_mul_2D[63][20]$_SDFFE_PN0P_
-0.628383	systolic.weight_queue[63][3]$_SDFFE_PN0P_/Q	systolic.matrix_mul_2D[63][20]$_SDFFE_PN0P_/D	_48594_|_48595_|_48596_|_48599_|_48600_|_48602_|_48603_|_48604_|_48605_|_48606_|_51938_|_51969_|_60217_|_60255_|_60256_|_60259_|_60260_|_60261_|_60262_|_79512_|_79517_|_79518_|_79521_|_81476_|_81492_|_82266_|_84443_|_84792_|_86406_|systolic.matrix_mul_2D[63][20]$_SDFFE_PN0P_|systolic.weight_queue[63][3]$_SDFFE_PN0P_
-0.628317	systolic.weight_queue[63][3]$_SDFFE_PN0P_/Q	systolic.matrix_mul_2D[63][20]$_SDFFE_PN0P_/D	_48594_|_48595_|_48596_|_48599_|_48600_|_48602_|_48603_|_48604_|_48605_|_48606_|_51938_|_51960_|_60217_|_60255_|_60256_|_60259_|_60260_|_60261_|_60262_|_79512_|_79517_|_79518_|_79521_|_81476_|_81492_|_82904_|_83070_|_84443_|_86406_|systolic.matrix_mul_2D[63][20]$_SDFFE_PN0P_|systolic.weight_queue[63][3]$_SDFFE_PN0P_
-0.628315	systolic.data_queue[63][4]$_SDFFE_PN0P_/Q	systolic.matrix_mul_2D[63][20]$_SDFFE_PN0P_/D	_48594_|_48595_|_48596_|_48599_|_48600_|_48602_|_48603_|_48604_|_48605_|_48606_|_51973_|_51980_|_60217_|_60255_|_60256_|_60259_|_60260_|_60261_|_60262_|_79512_|_79517_|_79518_|_79521_|_81476_|_81492_|_82904_|_83070_|_84443_|_86406_|systolic.data_queue[63][4]$_SDFFE_PN0P_|systolic.matrix_mul_2D[63][20]$_SDFFE_PN0P_
-0.628279	systolic.data_queue[63][3]$_SDFFE_PN0P_/Q	systolic.matrix_mul_2D[63][20]$_SDFFE_PN0P_/D	_48594_|_48595_|_48596_|_48599_|_48600_|_48602_|_48603_|_48604_|_48605_|_48606_|_51964_|_51970_|_60217_|_60255_|_60256_|_60259_|_60260_|_60261_|_60262_|_79512_|_79517_|_79518_|_79521_|_81476_|_81492_|_82904_|_83070_|_84443_|_86406_|systolic.data_queue[63][3]$_SDFFE_PN0P_|systolic.matrix_mul_2D[63][20]$_SDFFE_PN0P_
-0.628263	systolic.data_queue[63][3]$_SDFFE_PN0P_/Q	systolic.matrix_mul_2D[63][20]$_SDFFE_PN0P_/D	_48594_|_48595_|_48596_|_48599_|_48600_|_48602_|_48603_|_48604_|_48605_|_48606_|_51964_|_51970_|_60217_|_60255_|_60256_|_60259_|_60260_|_60261_|_60262_|_79512_|_79517_|_79518_|_79521_|_81476_|_81492_|_82904_|_83070_|_84443_|_86406_|systolic.data_queue[63][3]$_SDFFE_PN0P_|systolic.matrix_mul_2D[63][20]$_SDFFE_PN0P_
-0.628258	systolic.data_queue[63][4]$_SDFFE_PN0P_/Q	systolic.matrix_mul_2D[63][20]$_SDFFE_PN0P_/D	_48594_|_48595_|_48596_|_48599_|_48600_|_48602_|_48603_|_48604_|_48605_|_48606_|_51973_|_51980_|_60217_|_60255_|_60256_|_60259_|_60260_|_60261_|_60262_|_79512_|_79517_|_79518_|_79521_|_81476_|_81492_|_82904_|_83070_|_84443_|_86406_|systolic.data_queue[63][4]$_SDFFE_PN0P_|systolic.matrix_mul_2D[63][20]$_SDFFE_PN0P_
-0.628252	systolic.weight_queue[63][1]$_SDFFE_PN0P_/Q	systolic.matrix_mul_2D[63][20]$_SDFFE_PN0P_/D	_48594_|_48595_|_48596_|_48599_|_48600_|_48602_|_48603_|_48604_|_48605_|_48606_|_51942_|_51980_|_60217_|_60255_|_60256_|_60259_|_60260_|_60261_|_60262_|_79512_|_79517_|_79518_|_79521_|_81476_|_81492_|_82904_|_83070_|_84443_|_86406_|systolic.matrix_mul_2D[63][20]$_SDFFE_PN0P_|systolic.weight_queue[63][1]$_SDFFE_PN0P_
-0.628209	systolic.weight_queue[63][2]$_SDFFE_PN0P_/Q	systolic.matrix_mul_2D[63][20]$_SDFFE_PN0P_/D	_48594_|_48595_|_48596_|_48599_|_48600_|_48602_|_48603_|_48604_|_48605_|_48606_|_51940_|_51970_|_60217_|_60255_|_60256_|_60259_|_60260_|_60261_|_60262_|_79512_|_79517_|_79518_|_79521_|_81476_|_81492_|_82904_|_83070_|_84443_|_86406_|systolic.matrix_mul_2D[63][20]$_SDFFE_PN0P_|systolic.weight_queue[63][2]$_SDFFE_PN0P_
-0.628195	systolic.weight_queue[63][1]$_SDFFE_PN0P_/Q	systolic.matrix_mul_2D[63][20]$_SDFFE_PN0P_/D	_48594_|_48595_|_48596_|_48599_|_48600_|_48602_|_48603_|_48604_|_48605_|_48606_|_51942_|_51980_|_60217_|_60255_|_60256_|_60259_|_60260_|_60261_|_60262_|_79512_|_79517_|_79518_|_79521_|_81476_|_81492_|_82904_|_83070_|_84443_|_86406_|systolic.matrix_mul_2D[63][20]$_SDFFE_PN0P_|systolic.weight_queue[63][1]$_SDFFE_PN0P_
-0.628109	systolic.data_queue[63][0]$_SDFFE_PN0P_/Q	systolic.matrix_mul_2D[63][20]$_SDFFE_PN0P_/D	_48589_|_48590_|_48599_|_48600_|_48602_|_48603_|_48604_|_48605_|_48606_|_51929_|_51931_|_60217_|_60255_|_60256_|_60259_|_60260_|_60261_|_60262_|_79512_|_79517_|_79518_|_79521_|_81477_|_81486_|_82898_|_84443_|_85049_|_85632_|systolic.data_queue[63][0]$_SDFFE_PN0P_|systolic.matrix_mul_2D[63][20]$_SDFFE_PN0P_
-0.628089	systolic.weight_queue[63][2]$_SDFFE_PN0P_/Q	systolic.matrix_mul_2D[63][20]$_SDFFE_PN0P_/D	_48594_|_48595_|_48596_|_48599_|_48600_|_48602_|_48603_|_48604_|_48605_|_48606_|_51940_|_51970_|_60217_|_60255_|_60256_|_60259_|_60260_|_60261_|_60262_|_79512_|_79517_|_79518_|_79521_|_81476_|_81492_|_82904_|_83070_|_84443_|_86406_|systolic.matrix_mul_2D[63][20]$_SDFFE_PN0P_|systolic.weight_queue[63][2]$_SDFFE_PN0P_
-0.628075	systolic.data_queue[63][3]$_SDFFE_PN0P_/Q	systolic.matrix_mul_2D[63][20]$_SDFFE_PN0P_/D	_48594_|_48595_|_48596_|_48599_|_48600_|_48602_|_48603_|_48604_|_48605_|_48606_|_51964_|_51970_|_60217_|_60255_|_60256_|_60259_|_60260_|_60261_|_60262_|_79512_|_79517_|_79518_|_79521_|_81476_|_81492_|_82904_|_83070_|_84443_|_86406_|systolic.data_queue[63][3]$_SDFFE_PN0P_|systolic.matrix_mul_2D[63][20]$_SDFFE_PN0P_
-0.628070	systolic.data_queue[63][4]$_SDFFE_PN0P_/Q	systolic.matrix_mul_2D[63][20]$_SDFFE_PN0P_/D	_48594_|_48595_|_48596_|_48599_|_48600_|_48602_|_48603_|_48604_|_48605_|_48606_|_51973_|_51980_|_60217_|_60255_|_60256_|_60259_|_60260_|_60261_|_60262_|_79512_|_79517_|_79518_|_79521_|_81476_|_81492_|_82904_|_83070_|_84443_|_86406_|systolic.data_queue[63][4]$_SDFFE_PN0P_|systolic.matrix_mul_2D[63][20]$_SDFFE_PN0P_
-0.628061	systolic.weight_queue[63][1]$_SDFFE_PN0P_/Q	systolic.matrix_mul_2D[63][20]$_SDFFE_PN0P_/D	_48594_|_48595_|_48596_|_48599_|_48600_|_48602_|_48603_|_48604_|_48605_|_48606_|_51942_|_51980_|_60217_|_60255_|_60256_|_60259_|_60260_|_60261_|_60262_|_79512_|_79517_|_79518_|_79521_|_81476_|_81492_|_82904_|_83070_|_84443_|_86406_|systolic.matrix_mul_2D[63][20]$_SDFFE_PN0P_|systolic.weight_queue[63][1]$_SDFFE_PN0P_
-0.628060	systolic.data_queue[63][3]$_SDFFE_PN0P_/Q	systolic.matrix_mul_2D[63][20]$_SDFFE_PN0P_/D	_48594_|_48595_|_48596_|_48599_|_48600_|_48602_|_48603_|_48604_|_48605_|_48606_|_51964_|_51970_|_60217_|_60255_|_60256_|_60259_|_60260_|_60261_|_60262_|_79512_|_79517_|_79518_|_79521_|_81476_|_81492_|_82904_|_83070_|_84443_|_86406_|systolic.data_queue[63][3]$_SDFFE_PN0P_|systolic.matrix_mul_2D[63][20]$_SDFFE_PN0P_
-0.628011	systolic.data_queue[63][3]$_SDFFE_PN0P_/Q	systolic.matrix_mul_2D[63][20]$_SDFFE_PN0P_/D	_48594_|_48595_|_48596_|_48599_|_48600_|_48602_|_48603_|_48604_|_48605_|_48606_|_51964_|_51970_|_60217_|_60255_|_60256_|_60259_|_60260_|_60261_|_60262_|_79512_|_79514_|_79518_|_79521_|_81476_|_81492_|_82904_|_83070_|_84443_|_86406_|systolic.data_queue[63][3]$_SDFFE_PN0P_|systolic.matrix_mul_2D[63][20]$_SDFFE_PN0P_
-0.628007	systolic.data_queue[63][4]$_SDFFE_PN0P_/Q	systolic.matrix_mul_2D[63][20]$_SDFFE_PN0P_/D	_48594_|_48595_|_48596_|_48599_|_48600_|_48602_|_48603_|_48604_|_48605_|_48606_|_51973_|_51980_|_60217_|_60255_|_60256_|_60259_|_60260_|_60261_|_60262_|_79512_|_79514_|_79518_|_79521_|_81476_|_81492_|_82904_|_83070_|_84443_|_86406_|systolic.data_queue[63][4]$_SDFFE_PN0P_|systolic.matrix_mul_2D[63][20]$_SDFFE_PN0P_
-0.628007	systolic.weight_queue[63][1]$_SDFFE_PN0P_/Q	systolic.matrix_mul_2D[63][20]$_SDFFE_PN0P_/D	_48594_|_48595_|_48596_|_48599_|_48600_|_48602_|_48603_|_48604_|_48605_|_48606_|_51942_|_51980_|_60217_|_60255_|_60256_|_60259_|_60260_|_60261_|_60262_|_79512_|_79517_|_79518_|_79521_|_81476_|_81492_|_82904_|_83070_|_84443_|_86406_|systolic.matrix_mul_2D[63][20]$_SDFFE_PN0P_|systolic.weight_queue[63][1]$_SDFFE_PN0P_
-0.627989	systolic.data_queue[63][3]$_SDFFE_PN0P_/Q	systolic.matrix_mul_2D[63][20]$_SDFFE_PN0P_/D	_48594_|_48595_|_48596_|_48599_|_48600_|_48602_|_48603_|_48604_|_48605_|_48606_|_51964_|_51970_|_60217_|_60255_|_60256_|_60259_|_60260_|_60261_|_60262_|_79512_|_79517_|_79518_|_79521_|_81476_|_81492_|_82904_|_83070_|_84443_|_86406_|systolic.data_queue[63][3]$_SDFFE_PN0P_|systolic.matrix_mul_2D[63][20]$_SDFFE_PN0P_
-0.627944	systolic.weight_queue[63][1]$_SDFFE_PN0P_/Q	systolic.matrix_mul_2D[63][20]$_SDFFE_PN0P_/D	_48594_|_48595_|_48596_|_48599_|_48600_|_48602_|_48603_|_48604_|_48605_|_48606_|_51942_|_51980_|_60217_|_60255_|_60256_|_60259_|_60260_|_60261_|_60262_|_79512_|_79514_|_79518_|_79521_|_81476_|_81492_|_82904_|_83070_|_84443_|_86406_|systolic.matrix_mul_2D[63][20]$_SDFFE_PN0P_|systolic.weight_queue[63][1]$_SDFFE_PN0P_
-0.627919	systolic.weight_queue[63][2]$_SDFFE_PN0P_/Q	systolic.matrix_mul_2D[63][20]$_SDFFE_PN0P_/D	_48594_|_48595_|_48596_|_48599_|_48600_|_48602_|_48603_|_48604_|_48605_|_48606_|_51940_|_51970_|_60217_|_60255_|_60256_|_60259_|_60260_|_60261_|_60262_|_79512_|_79517_|_79518_|_79521_|_81476_|_81492_|_82904_|_83070_|_84443_|_86406_|systolic.matrix_mul_2D[63][20]$_SDFFE_PN0P_|systolic.weight_queue[63][2]$_SDFFE_PN0P_
-0.627894	systolic.data_queue[63][4]$_SDFFE_PN0P_/Q	systolic.matrix_mul_2D[63][20]$_SDFFE_PN0P_/D	_48594_|_48595_|_48596_|_48599_|_48600_|_48602_|_48603_|_48604_|_48605_|_48606_|_51973_|_51980_|_60217_|_60255_|_60256_|_60259_|_60260_|_60261_|_60262_|_79512_|_79517_|_79518_|_79521_|_81476_|_81492_|_82904_|_83070_|_84443_|_86406_|systolic.data_queue[63][4]$_SDFFE_PN0P_|systolic.matrix_mul_2D[63][20]$_SDFFE_PN0P_
-0.627810	systolic.weight_queue[63][3]$_SDFFE_PN0P_/Q	systolic.matrix_mul_2D[63][20]$_SDFFE_PN0P_/D	_48594_|_48595_|_48596_|_48599_|_48600_|_48602_|_48603_|_48604_|_48605_|_48606_|_51938_|_51960_|_60217_|_60255_|_60256_|_60259_|_60260_|_60261_|_60262_|_79512_|_79517_|_79518_|_79521_|_81476_|_81492_|_82904_|_83070_|_84443_|_86406_|systolic.matrix_mul_2D[63][20]$_SDFFE_PN0P_|systolic.weight_queue[63][3]$_SDFFE_PN0P_
-0.627756	systolic.data_queue[63][3]$_SDFFE_PN0P_/Q	systolic.matrix_mul_2D[63][20]$_SDFFE_PN0P_/D	_48594_|_48595_|_48596_|_48599_|_48600_|_48602_|_48603_|_48604_|_48605_|_48606_|_51964_|_51970_|_60217_|_60255_|_60256_|_60259_|_60260_|_60261_|_60262_|_79512_|_79517_|_79518_|_79521_|_81476_|_81492_|_82904_|_83070_|_84443_|_86406_|systolic.data_queue[63][3]$_SDFFE_PN0P_|systolic.matrix_mul_2D[63][20]$_SDFFE_PN0P_
-0.627718	systolic.data_queue[63][4]$_SDFFE_PN0P_/Q	systolic.matrix_mul_2D[63][20]$_SDFFE_PN0P_/D	_48594_|_48595_|_48596_|_48599_|_48600_|_48602_|_48603_|_48604_|_48605_|_48606_|_51973_|_51980_|_60217_|_60255_|_60256_|_60259_|_60260_|_60261_|_60262_|_79512_|_79517_|_79518_|_79521_|_81476_|_81492_|_82904_|_83070_|_84443_|_86406_|systolic.data_queue[63][4]$_SDFFE_PN0P_|systolic.matrix_mul_2D[63][20]$_SDFFE_PN0P_
-0.627688	systolic.weight_queue[63][1]$_SDFFE_PN0P_/Q	systolic.matrix_mul_2D[63][20]$_SDFFE_PN0P_/D	_48594_|_48595_|_48596_|_48599_|_48600_|_48602_|_48603_|_48604_|_48605_|_48606_|_51942_|_51980_|_60217_|_60255_|_60256_|_60259_|_60260_|_60261_|_60262_|_79512_|_79517_|_79518_|_79521_|_81476_|_81492_|_82904_|_83070_|_84443_|_86406_|systolic.matrix_mul_2D[63][20]$_SDFFE_PN0P_|systolic.weight_queue[63][1]$_SDFFE_PN0P_
-0.627686	systolic.weight_queue[63][2]$_SDFFE_PN0P_/Q	systolic.matrix_mul_2D[63][20]$_SDFFE_PN0P_/D	_48594_|_48595_|_48596_|_48599_|_48600_|_48602_|_48603_|_48604_|_48605_|_48606_|_51940_|_51970_|_60217_|_60255_|_60256_|_60259_|_60260_|_60261_|_60262_|_79512_|_79517_|_79518_|_79521_|_81476_|_81492_|_82904_|_83070_|_84443_|_86406_|systolic.matrix_mul_2D[63][20]$_SDFFE_PN0P_|systolic.weight_queue[63][2]$_SDFFE_PN0P_
-0.627685	systolic.data_queue[63][2]$_SDFFE_PN0P_/Q	systolic.matrix_mul_2D[63][20]$_SDFFE_PN0P_/D	_48594_|_48595_|_48596_|_48599_|_48600_|_48602_|_48603_|_48604_|_48605_|_48606_|_51955_|_51960_|_60217_|_60255_|_60256_|_60259_|_60260_|_60261_|_60262_|_79512_|_79517_|_79518_|_79521_|_81476_|_81492_|_82904_|_83070_|_84443_|_86406_|systolic.data_queue[63][2]$_SDFFE_PN0P_|systolic.matrix_mul_2D[63][20]$_SDFFE_PN0P_
-0.627630	systolic.data_queue[63][7]$_SDFFE_PN0P_/Q	systolic.matrix_mul_2D[63][20]$_SDFFE_PN0P_/D	_48589_|_48590_|_48599_|_48600_|_48602_|_48603_|_48604_|_48605_|_48606_|_52005_|_52012_|_60217_|_60255_|_60256_|_60259_|_60260_|_60261_|_60262_|_79512_|_79517_|_79518_|_79521_|_81477_|_81478_|_81486_|_83252_|_84443_|_85632_|systolic.data_queue[63][7]$_SDFFE_PN0P_|systolic.matrix_mul_2D[63][20]$_SDFFE_PN0P_
-0.627591	systolic.weight_queue[63][3]$_SDFFE_PN0P_/Q	systolic.matrix_mul_2D[63][20]$_SDFFE_PN0P_/D	_48594_|_48595_|_48596_|_48599_|_48600_|_48602_|_48603_|_48604_|_48605_|_48606_|_51938_|_51960_|_60217_|_60255_|_60256_|_60259_|_60260_|_60261_|_60262_|_79512_|_79517_|_79518_|_79521_|_81476_|_81492_|_82904_|_83070_|_84443_|_86406_|systolic.matrix_mul_2D[63][20]$_SDFFE_PN0P_|systolic.weight_queue[63][3]$_SDFFE_PN0P_
-0.627567	systolic.weight_queue[63][2]$_SDFFE_PN0P_/Q	systolic.matrix_mul_2D[63][20]$_SDFFE_PN0P_/D	_48594_|_48595_|_48596_|_48599_|_48600_|_48602_|_48603_|_48604_|_48605_|_48606_|_51940_|_51970_|_60217_|_60255_|_60256_|_60259_|_60260_|_60261_|_60262_|_79512_|_79517_|_79518_|_79521_|_81476_|_81492_|_82904_|_83070_|_84443_|_86406_|systolic.matrix_mul_2D[63][20]$_SDFFE_PN0P_|systolic.weight_queue[63][2]$_SDFFE_PN0P_
-0.627537	systolic.data_queue[63][3]$_SDFFE_PN0P_/Q	systolic.matrix_mul_2D[63][20]$_SDFFE_PN0P_/D	_48594_|_48595_|_48596_|_48599_|_48600_|_48602_|_48603_|_48604_|_48605_|_48606_|_51964_|_51970_|_60217_|_60255_|_60256_|_60259_|_60260_|_60261_|_60262_|_79512_|_79517_|_79518_|_79521_|_81476_|_81492_|_82904_|_83070_|_84443_|_86406_|systolic.data_queue[63][3]$_SDFFE_PN0P_|systolic.matrix_mul_2D[63][20]$_SDFFE_PN0P_
-0.627532	systolic.data_queue[63][4]$_SDFFE_PN0P_/Q	systolic.matrix_mul_2D[63][20]$_SDFFE_PN0P_/D	_48594_|_48595_|_48596_|_48599_|_48600_|_48602_|_48603_|_48604_|_48605_|_48606_|_51973_|_51980_|_60217_|_60255_|_60256_|_60259_|_60260_|_60261_|_60262_|_79512_|_79517_|_79518_|_79521_|_81476_|_81492_|_82904_|_83070_|_84443_|_86406_|systolic.data_queue[63][4]$_SDFFE_PN0P_|systolic.matrix_mul_2D[63][20]$_SDFFE_PN0P_
-0.627469	systolic.weight_queue[63][1]$_SDFFE_PN0P_/Q	systolic.matrix_mul_2D[63][20]$_SDFFE_PN0P_/D	_48594_|_48595_|_48596_|_48599_|_48600_|_48602_|_48603_|_48604_|_48605_|_48606_|_51942_|_51980_|_60217_|_60255_|_60256_|_60259_|_60260_|_60261_|_60262_|_79512_|_79517_|_79518_|_79521_|_81476_|_81492_|_82904_|_83070_|_84443_|_86406_|systolic.matrix_mul_2D[63][20]$_SDFFE_PN0P_|systolic.weight_queue[63][1]$_SDFFE_PN0P_
-0.627466	systolic.data_queue[63][3]$_SDFFE_PN0P_/Q	systolic.matrix_mul_2D[63][20]$_SDFFE_PN0P_/D	_48594_|_48595_|_48596_|_48599_|_48600_|_48602_|_48603_|_48604_|_48605_|_48606_|_51964_|_51970_|_60217_|_60255_|_60256_|_60259_|_60260_|_60261_|_60262_|_79512_|_79517_|_79518_|_79521_|_81476_|_81492_|_82904_|_83070_|_84443_|_86406_|systolic.data_queue[63][3]$_SDFFE_PN0P_|systolic.matrix_mul_2D[63][20]$_SDFFE_PN0P_
-0.627436	systolic.weight_queue[63][3]$_SDFFE_PN0P_/Q	systolic.matrix_mul_2D[63][20]$_SDFFE_PN0P_/D	_48594_|_48595_|_48596_|_48599_|_48600_|_48602_|_48603_|_48604_|_48605_|_48606_|_51938_|_51969_|_60217_|_60255_|_60256_|_60259_|_60260_|_60261_|_60262_|_79512_|_79517_|_79518_|_79521_|_81476_|_81492_|_82266_|_84443_|_84792_|_86406_|systolic.matrix_mul_2D[63][20]$_SDFFE_PN0P_|systolic.weight_queue[63][3]$_SDFFE_PN0P_
-0.627399	systolic.weight_queue[63][1]$_SDFFE_PN0P_/Q	systolic.matrix_mul_2D[63][20]$_SDFFE_PN0P_/D	_48594_|_48595_|_48596_|_48599_|_48600_|_48602_|_48603_|_48604_|_48605_|_48606_|_51942_|_51980_|_60217_|_60255_|_60256_|_60259_|_60260_|_60261_|_60262_|_79512_|_79517_|_79518_|_79521_|_81476_|_81492_|_82904_|_83070_|_84443_|_86406_|systolic.matrix_mul_2D[63][20]$_SDFFE_PN0P_|systolic.weight_queue[63][1]$_SDFFE_PN0P_
-0.627397	systolic.weight_queue[63][2]$_SDFFE_PN0P_/Q	systolic.matrix_mul_2D[63][20]$_SDFFE_PN0P_/D	_48594_|_48595_|_48596_|_48599_|_48600_|_48602_|_48603_|_48604_|_48605_|_48606_|_51940_|_51970_|_60217_|_60255_|_60256_|_60259_|_60260_|_60261_|_60262_|_79512_|_79517_|_79518_|_79521_|_81476_|_81492_|_82904_|_83070_|_84443_|_86406_|systolic.matrix_mul_2D[63][20]$_SDFFE_PN0P_|systolic.weight_queue[63][2]$_SDFFE_PN0P_
-0.627306	systolic.data_queue[63][3]$_SDFFE_PN0P_/Q	systolic.matrix_mul_2D[63][20]$_SDFFE_PN0P_/D	_48594_|_48595_|_48596_|_48599_|_48600_|_48602_|_48603_|_48604_|_48605_|_48606_|_51964_|_51969_|_60217_|_60255_|_60256_|_60259_|_60260_|_60261_|_60262_|_79512_|_79517_|_79518_|_79521_|_81476_|_81492_|_82266_|_84443_|_84792_|_86406_|systolic.data_queue[63][3]$_SDFFE_PN0P_|systolic.matrix_mul_2D[63][20]$_SDFFE_PN0P_
-0.627280	systolic.data_queue[63][7]$_SDFFE_PN0P_/Q	systolic.matrix_mul_2D[63][20]$_SDFFE_PN0P_/D	_48589_|_48590_|_48599_|_48600_|_48602_|_48603_|_48604_|_48605_|_48606_|_52005_|_52012_|_60217_|_60255_|_60256_|_60259_|_60260_|_60261_|_60262_|_79512_|_79517_|_79518_|_79521_|_81477_|_81478_|_81486_|_83252_|_84443_|_85632_|systolic.data_queue[63][7]$_SDFFE_PN0P_|systolic.matrix_mul_2D[63][20]$_SDFFE_PN0P_
-0.627264	systolic.data_queue[63][2]$_SDFFE_PN0P_/Q	systolic.matrix_mul_2D[63][20]$_SDFFE_PN0P_/D	_48594_|_48595_|_48596_|_48599_|_48600_|_48602_|_48603_|_48604_|_48605_|_48606_|_51955_|_51960_|_60217_|_60255_|_60256_|_60259_|_60260_|_60261_|_60262_|_79512_|_79517_|_79518_|_79521_|_81476_|_81492_|_82904_|_83070_|_84443_|_86406_|systolic.data_queue[63][2]$_SDFFE_PN0P_|systolic.matrix_mul_2D[63][20]$_SDFFE_PN0P_
-0.627169	systolic.data_queue[63][4]$_SDFFE_PN0P_/Q	systolic.matrix_mul_2D[63][20]$_SDFFE_PN0P_/D	_48594_|_48595_|_48596_|_48599_|_48600_|_48602_|_48603_|_48604_|_48605_|_48606_|_51973_|_51980_|_60217_|_60255_|_60256_|_60259_|_60260_|_60261_|_60262_|_79512_|_79517_|_79518_|_79521_|_81476_|_81492_|_82904_|_83070_|_84443_|_86406_|systolic.data_queue[63][4]$_SDFFE_PN0P_|systolic.matrix_mul_2D[63][20]$_SDFFE_PN0P_
-0.627140	systolic.weight_queue[63][1]$_SDFFE_PN0P_/Q	systolic.matrix_mul_2D[63][20]$_SDFFE_PN0P_/D	_48594_|_48595_|_48596_|_48599_|_48600_|_48602_|_48603_|_48604_|_48605_|_48606_|_51942_|_51980_|_60217_|_60255_|_60256_|_60259_|_60260_|_60261_|_60262_|_79512_|_79517_|_79518_|_79521_|_81476_|_81492_|_82904_|_83070_|_84443_|_86406_|systolic.matrix_mul_2D[63][20]$_SDFFE_PN0P_|systolic.weight_queue[63][1]$_SDFFE_PN0P_
-0.627134	systolic.weight_queue[63][1]$_SDFFE_PN0P_/Q	systolic.matrix_mul_2D[63][20]$_SDFFE_PN0P_/D	_48594_|_48595_|_48596_|_48599_|_48600_|_48602_|_48603_|_48604_|_48605_|_48606_|_51942_|_51980_|_60217_|_60255_|_60256_|_60259_|_60260_|_60261_|_60262_|_79512_|_79517_|_79518_|_79521_|_81476_|_81492_|_82904_|_83070_|_84443_|_86406_|systolic.matrix_mul_2D[63][20]$_SDFFE_PN0P_|systolic.weight_queue[63][1]$_SDFFE_PN0P_
-0.627132	systolic.data_queue[63][3]$_SDFFE_PN0P_/Q	systolic.matrix_mul_2D[63][20]$_SDFFE_PN0P_/D	_48594_|_48595_|_48596_|_48599_|_48600_|_48602_|_48603_|_48604_|_48605_|_48606_|_51964_|_51970_|_60217_|_60255_|_60256_|_60259_|_60260_|_60261_|_60262_|_79512_|_79517_|_79518_|_79521_|_81476_|_81492_|_82904_|_83070_|_84443_|_86406_|systolic.data_queue[63][3]$_SDFFE_PN0P_|systolic.matrix_mul_2D[63][20]$_SDFFE_PN0P_
-0.627112	systolic.data_queue[63][4]$_SDFFE_PN0P_/Q	systolic.matrix_mul_2D[63][20]$_SDFFE_PN0P_/D	_48594_|_48595_|_48596_|_48599_|_48600_|_48602_|_48603_|_48604_|_48605_|_48606_|_51973_|_51980_|_60217_|_60255_|_60256_|_60259_|_60260_|_60261_|_60262_|_79512_|_79517_|_79518_|_79521_|_81476_|_81492_|_82904_|_83070_|_84443_|_86406_|systolic.data_queue[63][4]$_SDFFE_PN0P_|systolic.matrix_mul_2D[63][20]$_SDFFE_PN0P_
-0.627046	systolic.weight_queue[63][3]$_SDFFE_PN0P_/Q	systolic.matrix_mul_2D[63][20]$_SDFFE_PN0P_/D	_48594_|_48595_|_48596_|_48599_|_48600_|_48602_|_48603_|_48604_|_48605_|_48606_|_51938_|_51969_|_60217_|_60255_|_60256_|_60259_|_60260_|_60261_|_60262_|_79512_|_79517_|_79518_|_79521_|_81476_|_81492_|_82266_|_84443_|_84792_|_86406_|systolic.matrix_mul_2D[63][20]$_SDFFE_PN0P_|systolic.weight_queue[63][3]$_SDFFE_PN0P_
-0.627013	systolic.data_queue[63][3]$_SDFFE_PN0P_/Q	systolic.matrix_mul_2D[63][20]$_SDFFE_PN0P_/D	_48594_|_48595_|_48596_|_48599_|_48600_|_48602_|_48603_|_48604_|_48605_|_48606_|_51964_|_51970_|_60217_|_60255_|_60256_|_60259_|_60260_|_60261_|_60262_|_79512_|_79517_|_79518_|_79521_|_81476_|_81492_|_82904_|_83070_|_84443_|_86406_|systolic.data_queue[63][3]$_SDFFE_PN0P_|systolic.matrix_mul_2D[63][20]$_SDFFE_PN0P_
-0.626999	systolic.data_queue[63][3]$_SDFFE_PN0P_/Q	systolic.matrix_mul_2D[63][20]$_SDFFE_PN0P_/D	_48594_|_48595_|_48596_|_48599_|_48600_|_48602_|_48603_|_48604_|_48605_|_48606_|_51964_|_51969_|_60217_|_60255_|_60256_|_60259_|_60260_|_60261_|_60262_|_79512_|_79517_|_79518_|_79521_|_81476_|_81492_|_82266_|_84443_|_84792_|_86406_|systolic.data_queue[63][3]$_SDFFE_PN0P_|systolic.matrix_mul_2D[63][20]$_SDFFE_PN0P_
-0.626978	systolic.data_queue[63][4]$_SDFFE_PN0P_/Q	systolic.matrix_mul_2D[63][20]$_SDFFE_PN0P_/D	_48594_|_48595_|_48596_|_48599_|_48600_|_48602_|_48603_|_48604_|_48605_|_48606_|_51973_|_51980_|_60217_|_60255_|_60256_|_60259_|_60260_|_60261_|_60262_|_79512_|_79517_|_79518_|_79521_|_81476_|_81492_|_82904_|_83070_|_84443_|_86406_|systolic.data_queue[63][4]$_SDFFE_PN0P_|systolic.matrix_mul_2D[63][20]$_SDFFE_PN0P_
-0.626924	systolic.data_queue[63][4]$_SDFFE_PN0P_/Q	systolic.matrix_mul_2D[63][20]$_SDFFE_PN0P_/D	_48594_|_48595_|_48596_|_48599_|_48600_|_48602_|_48603_|_48604_|_48605_|_48606_|_51973_|_51980_|_60217_|_60255_|_60256_|_60259_|_60260_|_60261_|_60262_|_79512_|_79517_|_79518_|_79521_|_81476_|_81492_|_82904_|_83070_|_84443_|_86406_|systolic.data_queue[63][4]$_SDFFE_PN0P_|systolic.matrix_mul_2D[63][20]$_SDFFE_PN0P_
-0.626915	systolic.weight_queue[63][1]$_SDFFE_PN0P_/Q	systolic.matrix_mul_2D[63][20]$_SDFFE_PN0P_/D	_48594_|_48595_|_48596_|_48599_|_48600_|_48602_|_48603_|_48604_|_48605_|_48606_|_51942_|_51980_|_60217_|_60255_|_60256_|_60259_|_60260_|_60261_|_60262_|_79512_|_79517_|_79518_|_79521_|_81476_|_81492_|_82904_|_83070_|_84443_|_86406_|systolic.matrix_mul_2D[63][20]$_SDFFE_PN0P_|systolic.weight_queue[63][1]$_SDFFE_PN0P_
-0.626860	systolic.data_queue[63][4]$_SDFFE_PN0P_/Q	systolic.matrix_mul_2D[63][20]$_SDFFE_PN0P_/D	_48594_|_48595_|_48596_|_48599_|_48600_|_48602_|_48603_|_48604_|_48605_|_48606_|_51973_|_51980_|_60217_|_60255_|_60256_|_60259_|_60260_|_60261_|_60262_|_79512_|_79514_|_79518_|_79521_|_81476_|_81492_|_82904_|_83070_|_84443_|_86406_|systolic.data_queue[63][4]$_SDFFE_PN0P_|systolic.matrix_mul_2D[63][20]$_SDFFE_PN0P_
-0.626842	systolic.data_queue[63][3]$_SDFFE_PN0P_/Q	systolic.matrix_mul_2D[63][20]$_SDFFE_PN0P_/D	_48594_|_48595_|_48596_|_48599_|_48600_|_48602_|_48603_|_48604_|_48605_|_48606_|_51964_|_51970_|_60217_|_60255_|_60256_|_60259_|_60260_|_60261_|_60262_|_79512_|_79517_|_79518_|_79521_|_81476_|_81492_|_82904_|_83070_|_84443_|_86406_|systolic.data_queue[63][3]$_SDFFE_PN0P_|systolic.matrix_mul_2D[63][20]$_SDFFE_PN0P_
-0.626806	systolic.weight_queue[63][2]$_SDFFE_PN0P_/Q	systolic.matrix_mul_2D[63][20]$_SDFFE_PN0P_/D	_48594_|_48595_|_48596_|_48599_|_48600_|_48602_|_48603_|_48604_|_48605_|_48606_|_51940_|_51970_|_60217_|_60255_|_60256_|_60259_|_60260_|_60261_|_60262_|_79512_|_79517_|_79518_|_79521_|_81476_|_81492_|_82904_|_83070_|_84443_|_86406_|systolic.matrix_mul_2D[63][20]$_SDFFE_PN0P_|systolic.weight_queue[63][2]$_SDFFE_PN0P_
-0.626758	systolic.data_queue[63][2]$_SDFFE_PN0P_/Q	systolic.matrix_mul_2D[63][20]$_SDFFE_PN0P_/D	_48594_|_48595_|_48596_|_48599_|_48600_|_48602_|_48603_|_48604_|_48605_|_48606_|_51955_|_51960_|_60217_|_60255_|_60256_|_60259_|_60260_|_60261_|_60262_|_79512_|_79517_|_79518_|_79521_|_81476_|_81492_|_82904_|_83070_|_84443_|_86406_|systolic.data_queue[63][2]$_SDFFE_PN0P_|systolic.matrix_mul_2D[63][20]$_SDFFE_PN0P_
-0.626693	systolic.weight_queue[63][2]$_SDFFE_PN0P_/Q	systolic.matrix_mul_2D[63][20]$_SDFFE_PN0P_/D	_48594_|_48595_|_48596_|_48599_|_48600_|_48602_|_48603_|_48604_|_48605_|_48606_|_51940_|_51979_|_60217_|_60255_|_60256_|_60259_|_60260_|_60261_|_60262_|_79512_|_79517_|_79518_|_79521_|_81476_|_81492_|_82266_|_84443_|_84792_|_86406_|systolic.matrix_mul_2D[63][20]$_SDFFE_PN0P_|systolic.weight_queue[63][2]$_SDFFE_PN0P_
-0.626691	systolic.weight_queue[63][3]$_SDFFE_PN0P_/Q	systolic.matrix_mul_2D[63][20]$_SDFFE_PN0P_/D	_48594_|_48595_|_48596_|_48599_|_48600_|_48602_|_48603_|_48604_|_48605_|_48606_|_51938_|_51960_|_60217_|_60255_|_60256_|_60259_|_60260_|_60261_|_60262_|_79512_|_79517_|_79518_|_79521_|_81476_|_81492_|_82904_|_83070_|_84443_|_86406_|systolic.matrix_mul_2D[63][20]$_SDFFE_PN0P_|systolic.weight_queue[63][3]$_SDFFE_PN0P_
-0.626664	systolic.weight_queue[63][3]$_SDFFE_PN0P_/Q	systolic.matrix_mul_2D[63][20]$_SDFFE_PN0P_/D	_48594_|_48595_|_48596_|_48599_|_48600_|_48602_|_48603_|_48604_|_48605_|_48606_|_51938_|_51960_|_60217_|_60255_|_60256_|_60259_|_60260_|_60261_|_60262_|_79512_|_79517_|_79518_|_79521_|_81476_|_81492_|_82904_|_83070_|_84443_|_86406_|systolic.matrix_mul_2D[63][20]$_SDFFE_PN0P_|systolic.weight_queue[63][3]$_SDFFE_PN0P_
-0.626628	systolic.weight_queue[63][7]$_SDFFE_PN0P_/Q	systolic.matrix_mul_2D[63][20]$_SDFFE_PN0P_/D	_48589_|_48590_|_48599_|_48600_|_48602_|_48603_|_48604_|_48605_|_48606_|_51930_|_51931_|_60217_|_60255_|_60256_|_60259_|_60260_|_60261_|_60262_|_79512_|_79517_|_79518_|_79521_|_81477_|_81486_|_82898_|_84443_|_85049_|_85632_|systolic.matrix_mul_2D[63][20]$_SDFFE_PN0P_|systolic.weight_queue[63][7]$_SDFFE_PN0P_
-0.626619	systolic.weight_queue[63][2]$_SDFFE_PN0P_/Q	systolic.matrix_mul_2D[63][20]$_SDFFE_PN0P_/D	_48594_|_48595_|_48596_|_48599_|_48600_|_48602_|_48603_|_48604_|_48605_|_48606_|_51940_|_51970_|_60217_|_60255_|_60256_|_60259_|_60260_|_60261_|_60262_|_79512_|_79517_|_79518_|_79521_|_81476_|_81492_|_82904_|_83070_|_84443_|_86406_|systolic.matrix_mul_2D[63][20]$_SDFFE_PN0P_|systolic.weight_queue[63][2]$_SDFFE_PN0P_
-0.626610	systolic.data_queue[63][3]$_SDFFE_PN0P_/Q	systolic.matrix_mul_2D[63][20]$_SDFFE_PN0P_/D	_48594_|_48595_|_48596_|_48599_|_48600_|_48602_|_48603_|_48604_|_48605_|_48606_|_51964_|_51970_|_60217_|_60255_|_60256_|_60259_|_60260_|_60261_|_60262_|_79512_|_79517_|_79518_|_79521_|_81476_|_81492_|_82904_|_83070_|_84443_|_86406_|systolic.data_queue[63][3]$_SDFFE_PN0P_|systolic.matrix_mul_2D[63][20]$_SDFFE_PN0P_
-0.626605	systolic.data_queue[63][4]$_SDFFE_PN0P_/Q	systolic.matrix_mul_2D[63][20]$_SDFFE_PN0P_/D	_48594_|_48595_|_48596_|_48599_|_48600_|_48602_|_48603_|_48604_|_48605_|_48606_|_51973_|_51980_|_60217_|_60255_|_60256_|_60259_|_60260_|_60261_|_60262_|_79512_|_79517_|_79518_|_79521_|_81476_|_81492_|_82904_|_83070_|_84443_|_86406_|systolic.data_queue[63][4]$_SDFFE_PN0P_|systolic.matrix_mul_2D[63][20]$_SDFFE_PN0P_
-0.626555	systolic.weight_queue[63][2]$_SDFFE_PN0P_/Q	systolic.matrix_mul_2D[63][20]$_SDFFE_PN0P_/D	_48594_|_48595_|_48596_|_48599_|_48600_|_48602_|_48603_|_48604_|_48605_|_48606_|_51940_|_51970_|_60217_|_60255_|_60256_|_60259_|_60260_|_60261_|_60262_|_79512_|_79514_|_79518_|_79521_|_81476_|_81492_|_82904_|_83070_|_84443_|_86406_|systolic.matrix_mul_2D[63][20]$_SDFFE_PN0P_|systolic.weight_queue[63][2]$_SDFFE_PN0P_
-0.626542	systolic.weight_queue[63][1]$_SDFFE_PN0P_/Q	systolic.matrix_mul_2D[63][20]$_SDFFE_PN0P_/D	_48594_|_48595_|_48596_|_48599_|_48600_|_48602_|_48603_|_48604_|_48605_|_48606_|_51942_|_51980_|_60217_|_60255_|_60256_|_60259_|_60260_|_60261_|_60262_|_79512_|_79517_|_79518_|_79521_|_81476_|_81492_|_82904_|_83070_|_84443_|_86406_|systolic.matrix_mul_2D[63][20]$_SDFFE_PN0P_|systolic.weight_queue[63][1]$_SDFFE_PN0P_
-0.626538	systolic.data_queue[63][2]$_SDFFE_PN0P_/Q	systolic.matrix_mul_2D[63][20]$_SDFFE_PN0P_/D	_48594_|_48595_|_48596_|_48599_|_48600_|_48602_|_48603_|_48604_|_48605_|_48606_|_51955_|_51960_|_60217_|_60255_|_60256_|_60259_|_60260_|_60261_|_60262_|_79512_|_79517_|_79518_|_79521_|_81476_|_81492_|_82904_|_83070_|_84443_|_86406_|systolic.data_queue[63][2]$_SDFFE_PN0P_|systolic.matrix_mul_2D[63][20]$_SDFFE_PN0P_
-0.626490	systolic.data_queue[63][3]$_SDFFE_PN0P_/Q	systolic.matrix_mul_2D[63][20]$_SDFFE_PN0P_/D	_48594_|_48595_|_48596_|_48599_|_48600_|_48602_|_48603_|_48604_|_48605_|_48606_|_51964_|_51970_|_60217_|_60255_|_60256_|_60259_|_60260_|_60261_|_60262_|_79512_|_79517_|_79518_|_79521_|_81476_|_81492_|_82904_|_83070_|_84443_|_86406_|systolic.data_queue[63][3]$_SDFFE_PN0P_|systolic.matrix_mul_2D[63][20]$_SDFFE_PN0P_
-0.626478	systolic.weight_queue[63][3]$_SDFFE_PN0P_/Q	systolic.matrix_mul_2D[63][20]$_SDFFE_PN0P_/D	_48594_|_48595_|_48596_|_48599_|_48600_|_48602_|_48603_|_48604_|_48605_|_48606_|_51938_|_51960_|_60217_|_60255_|_60256_|_60259_|_60260_|_60261_|_60262_|_79512_|_79517_|_79518_|_79521_|_81476_|_81492_|_82904_|_83070_|_84443_|_86406_|systolic.matrix_mul_2D[63][20]$_SDFFE_PN0P_|systolic.weight_queue[63][3]$_SDFFE_PN0P_
-0.626423	systolic.weight_queue[63][1]$_SDFFE_PN0P_/Q	systolic.matrix_mul_2D[63][20]$_SDFFE_PN0P_/D	_48594_|_48595_|_48596_|_48599_|_48600_|_48602_|_48603_|_48604_|_48605_|_48606_|_51942_|_51980_|_60217_|_60255_|_60256_|_60259_|_60260_|_60261_|_60262_|_79512_|_79517_|_79518_|_79521_|_81476_|_81492_|_82904_|_83070_|_84443_|_86406_|systolic.matrix_mul_2D[63][20]$_SDFFE_PN0P_|systolic.weight_queue[63][1]$_SDFFE_PN0P_
-0.626409	systolic.weight_queue[63][1]$_SDFFE_PN0P_/Q	systolic.matrix_mul_2D[63][20]$_SDFFE_PN0P_/D	_48594_|_48595_|_48596_|_48599_|_48600_|_48602_|_48603_|_48604_|_48605_|_48606_|_51942_|_51980_|_60217_|_60255_|_60256_|_60259_|_60260_|_60261_|_60262_|_79512_|_79517_|_79518_|_79521_|_81476_|_81492_|_82904_|_83070_|_84443_|_86406_|systolic.matrix_mul_2D[63][20]$_SDFFE_PN0P_|systolic.weight_queue[63][1]$_SDFFE_PN0P_
-0.626386	systolic.data_queue[63][4]$_SDFFE_PN0P_/Q	systolic.matrix_mul_2D[63][20]$_SDFFE_PN0P_/D	_48594_|_48595_|_48596_|_48599_|_48600_|_48602_|_48603_|_48604_|_48605_|_48606_|_51973_|_51980_|_60217_|_60255_|_60256_|_60259_|_60260_|_60261_|_60262_|_79512_|_79517_|_79518_|_79521_|_81476_|_81492_|_82904_|_83070_|_84443_|_86406_|systolic.data_queue[63][4]$_SDFFE_PN0P_|systolic.matrix_mul_2D[63][20]$_SDFFE_PN0P_
-0.626359	systolic.data_queue[63][3]$_SDFFE_PN0P_/Q	systolic.matrix_mul_2D[63][20]$_SDFFE_PN0P_/D	_48594_|_48595_|_48596_|_48599_|_48600_|_48602_|_48603_|_48604_|_48605_|_48606_|_51964_|_51969_|_60217_|_60255_|_60256_|_60259_|_60260_|_60261_|_60262_|_79512_|_79517_|_79518_|_79521_|_81476_|_81492_|_82266_|_84443_|_84792_|_86406_|systolic.data_queue[63][3]$_SDFFE_PN0P_|systolic.matrix_mul_2D[63][20]$_SDFFE_PN0P_
-0.626320	systolic.data_queue[63][3]$_SDFFE_PN0P_/Q	systolic.matrix_mul_2D[63][20]$_SDFFE_PN0P_/D	_48594_|_48595_|_48596_|_48599_|_48600_|_48602_|_48603_|_48604_|_48605_|_48606_|_51964_|_51970_|_60217_|_60255_|_60256_|_60259_|_60260_|_60261_|_60262_|_79512_|_79517_|_79518_|_79521_|_81476_|_81492_|_82904_|_83070_|_84443_|_86406_|systolic.data_queue[63][3]$_SDFFE_PN0P_|systolic.matrix_mul_2D[63][20]$_SDFFE_PN0P_
-0.626315	systolic.data_queue[63][4]$_SDFFE_PN0P_/Q	systolic.matrix_mul_2D[63][20]$_SDFFE_PN0P_/D	_48594_|_48595_|_48596_|_48599_|_48600_|_48602_|_48603_|_48604_|_48605_|_48606_|_51973_|_51980_|_60217_|_60255_|_60256_|_60259_|_60260_|_60261_|_60262_|_79512_|_79517_|_79518_|_79521_|_81476_|_81492_|_82904_|_83070_|_84443_|_86406_|systolic.data_queue[63][4]$_SDFFE_PN0P_|systolic.matrix_mul_2D[63][20]$_SDFFE_PN0P_
-0.626284	systolic.weight_queue[63][2]$_SDFFE_PN0P_/Q	systolic.matrix_mul_2D[63][20]$_SDFFE_PN0P_/D	_48594_|_48595_|_48596_|_48599_|_48600_|_48602_|_48603_|_48604_|_48605_|_48606_|_51940_|_51970_|_60217_|_60255_|_60256_|_60259_|_60260_|_60261_|_60262_|_79512_|_79517_|_79518_|_79521_|_81476_|_81492_|_82904_|_83070_|_84443_|_86406_|systolic.matrix_mul_2D[63][20]$_SDFFE_PN0P_|systolic.weight_queue[63][2]$_SDFFE_PN0P_
-0.626252	systolic.weight_queue[63][1]$_SDFFE_PN0P_/Q	systolic.matrix_mul_2D[63][20]$_SDFFE_PN0P_/D	_48594_|_48595_|_48596_|_48599_|_48600_|_48602_|_48603_|_48604_|_48605_|_48606_|_51942_|_51980_|_60217_|_60255_|_60256_|_60259_|_60260_|_60261_|_60262_|_79512_|_79517_|_79518_|_79521_|_81476_|_81492_|_82904_|_83070_|_84443_|_86406_|systolic.matrix_mul_2D[63][20]$_SDFFE_PN0P_|systolic.weight_queue[63][1]$_SDFFE_PN0P_
-0.626242	systolic.weight_queue[63][2]$_SDFFE_PN0P_/Q	systolic.matrix_mul_2D[63][20]$_SDFFE_PN0P_/D	_48594_|_48595_|_48596_|_48599_|_48600_|_48602_|_48603_|_48604_|_48605_|_48606_|_51940_|_51979_|_60217_|_60255_|_60256_|_60259_|_60260_|_60261_|_60262_|_79512_|_79517_|_79518_|_79521_|_81476_|_81492_|_82266_|_84443_|_84792_|_86406_|systolic.matrix_mul_2D[63][20]$_SDFFE_PN0P_|systolic.weight_queue[63][2]$_SDFFE_PN0P_
-0.626096	systolic.weight_queue[63][2]$_SDFFE_PN0P_/Q	systolic.matrix_mul_2D[63][20]$_SDFFE_PN0P_/D	_48594_|_48595_|_48596_|_48599_|_48600_|_48602_|_48603_|_48604_|_48605_|_48606_|_51940_|_51970_|_60217_|_60255_|_60256_|_60259_|_60260_|_60261_|_60262_|_79512_|_79517_|_79518_|_79521_|_81476_|_81492_|_82904_|_83070_|_84443_|_86406_|systolic.matrix_mul_2D[63][20]$_SDFFE_PN0P_|systolic.weight_queue[63][2]$_SDFFE_PN0P_
-0.626081	systolic.weight_queue[63][2]$_SDFFE_PN0P_/Q	systolic.matrix_mul_2D[63][20]$_SDFFE_PN0P_/D	_48594_|_48595_|_48596_|_48599_|_48600_|_48602_|_48603_|_48604_|_48605_|_48606_|_51940_|_51970_|_60217_|_60255_|_60256_|_60259_|_60260_|_60261_|_60262_|_79512_|_79517_|_79518_|_79521_|_81476_|_81492_|_82904_|_83070_|_84443_|_86406_|systolic.matrix_mul_2D[63][20]$_SDFFE_PN0P_|systolic.weight_queue[63][2]$_SDFFE_PN0P_
-0.626075	systolic.weight_queue[63][2]$_SDFFE_PN0P_/Q	systolic.matrix_mul_2D[63][20]$_SDFFE_PN0P_/D	_48594_|_48595_|_48596_|_48599_|_48600_|_48602_|_48603_|_48604_|_48605_|_48606_|_51940_|_51970_|_60217_|_60255_|_60256_|_60259_|_60260_|_60261_|_60262_|_79512_|_79517_|_79518_|_79521_|_81476_|_81492_|_82904_|_83070_|_84443_|_86406_|systolic.matrix_mul_2D[63][20]$_SDFFE_PN0P_|systolic.weight_queue[63][2]$_SDFFE_PN0P_
-0.626056	systolic.data_queue[63][4]$_SDFFE_PN0P_/Q	systolic.matrix_mul_2D[63][20]$_SDFFE_PN0P_/D	_48594_|_48595_|_48596_|_48599_|_48600_|_48602_|_48603_|_48604_|_48605_|_48606_|_51973_|_51980_|_60217_|_60255_|_60256_|_60259_|_60260_|_60261_|_60262_|_79512_|_79517_|_79518_|_79521_|_81476_|_81492_|_82904_|_83070_|_84443_|_86406_|systolic.data_queue[63][4]$_SDFFE_PN0P_|systolic.matrix_mul_2D[63][20]$_SDFFE_PN0P_
-0.626051	systolic.data_queue[63][4]$_SDFFE_PN0P_/Q	systolic.matrix_mul_2D[63][20]$_SDFFE_PN0P_/D	_48594_|_48595_|_48596_|_48599_|_48600_|_48602_|_48603_|_48604_|_48605_|_48606_|_51973_|_51980_|_60217_|_60255_|_60256_|_60259_|_60260_|_60261_|_60262_|_79512_|_79517_|_79518_|_79521_|_81476_|_81492_|_82904_|_83070_|_84443_|_86406_|systolic.data_queue[63][4]$_SDFFE_PN0P_|systolic.matrix_mul_2D[63][20]$_SDFFE_PN0P_
-0.626033	systolic.weight_queue[63][2]$_SDFFE_PN0P_/Q	systolic.matrix_mul_2D[63][20]$_SDFFE_PN0P_/D	_48594_|_48595_|_48596_|_48599_|_48600_|_48602_|_48603_|_48604_|_48605_|_48606_|_51940_|_51970_|_60217_|_60255_|_60256_|_60259_|_60260_|_60261_|_60262_|_79512_|_79514_|_79518_|_79521_|_81476_|_81492_|_82904_|_83070_|_84443_|_86406_|systolic.matrix_mul_2D[63][20]$_SDFFE_PN0P_|systolic.weight_queue[63][2]$_SDFFE_PN0P_
-0.625993	systolic.weight_queue[63][1]$_SDFFE_PN0P_/Q	systolic.matrix_mul_2D[63][20]$_SDFFE_PN0P_/D	_48594_|_48595_|_48596_|_48599_|_48600_|_48602_|_48603_|_48604_|_48605_|_48606_|_51942_|_51980_|_60217_|_60255_|_60256_|_60259_|_60260_|_60261_|_60262_|_79512_|_79517_|_79518_|_79521_|_81476_|_81492_|_82904_|_83070_|_84443_|_86406_|systolic.matrix_mul_2D[63][20]$_SDFFE_PN0P_|systolic.weight_queue[63][1]$_SDFFE_PN0P_
-0.625988	systolic.weight_queue[63][1]$_SDFFE_PN0P_/Q	systolic.matrix_mul_2D[63][20]$_SDFFE_PN0P_/D	_48594_|_48595_|_48596_|_48599_|_48600_|_48602_|_48603_|_48604_|_48605_|_48606_|_51942_|_51980_|_60217_|_60255_|_60256_|_60259_|_60260_|_60261_|_60262_|_79512_|_79517_|_79518_|_79521_|_81476_|_81492_|_82904_|_83070_|_84443_|_86406_|systolic.matrix_mul_2D[63][20]$_SDFFE_PN0P_|systolic.weight_queue[63][1]$_SDFFE_PN0P_
-0.625969	systolic.data_queue[63][3]$_SDFFE_PN0P_/Q	systolic.matrix_mul_2D[63][20]$_SDFFE_PN0P_/D	_48594_|_48595_|_48596_|_48599_|_48600_|_48602_|_48603_|_48604_|_48605_|_48606_|_51964_|_51969_|_60217_|_60255_|_60256_|_60259_|_60260_|_60261_|_60262_|_79512_|_79517_|_79518_|_79521_|_81476_|_81492_|_82266_|_84443_|_84792_|_86406_|systolic.data_queue[63][3]$_SDFFE_PN0P_|systolic.matrix_mul_2D[63][20]$_SDFFE_PN0P_
-0.625832	systolic.data_queue[63][4]$_SDFFE_PN0P_/Q	systolic.matrix_mul_2D[63][20]$_SDFFE_PN0P_/D	_48594_|_48595_|_48596_|_48599_|_48600_|_48602_|_48603_|_48604_|_48605_|_48606_|_51973_|_51980_|_60217_|_60255_|_60256_|_60259_|_60260_|_60261_|_60262_|_79512_|_79517_|_79518_|_79521_|_81476_|_81492_|_82904_|_83070_|_84443_|_86406_|systolic.data_queue[63][4]$_SDFFE_PN0P_|systolic.matrix_mul_2D[63][20]$_SDFFE_PN0P_
-0.625802	systolic.weight_queue[63][1]$_SDFFE_PN0P_/Q	systolic.matrix_mul_2D[63][20]$_SDFFE_PN0P_/D	_48594_|_48595_|_48596_|_48599_|_48600_|_48602_|_48603_|_48604_|_48605_|_48606_|_51942_|_51980_|_60217_|_60255_|_60256_|_60259_|_60260_|_60261_|_60262_|_79512_|_79517_|_79518_|_79521_|_81476_|_81492_|_82904_|_83070_|_84443_|_86406_|systolic.matrix_mul_2D[63][20]$_SDFFE_PN0P_|systolic.weight_queue[63][1]$_SDFFE_PN0P_
-0.625730	systolic.data_queue[63][3]$_SDFFE_PN0P_/Q	systolic.matrix_mul_2D[63][20]$_SDFFE_PN0P_/D	_48594_|_48595_|_48596_|_48599_|_48600_|_48602_|_48603_|_48604_|_48605_|_48606_|_51964_|_51970_|_60217_|_60255_|_60256_|_60259_|_60260_|_60261_|_60262_|_79512_|_79517_|_79518_|_79521_|_81476_|_81492_|_82904_|_83070_|_84443_|_86406_|systolic.data_queue[63][3]$_SDFFE_PN0P_|systolic.matrix_mul_2D[63][20]$_SDFFE_PN0P_
-0.625660	systolic.weight_queue[63][2]$_SDFFE_PN0P_/Q	systolic.matrix_mul_2D[63][20]$_SDFFE_PN0P_/D	_48594_|_48595_|_48596_|_48599_|_48600_|_48602_|_48603_|_48604_|_48605_|_48606_|_51940_|_51970_|_60217_|_60255_|_60256_|_60259_|_60260_|_60261_|_60262_|_79512_|_79517_|_79518_|_79521_|_81476_|_81492_|_82904_|_83070_|_84443_|_86406_|systolic.matrix_mul_2D[63][20]$_SDFFE_PN0P_|systolic.weight_queue[63][2]$_SDFFE_PN0P_
-0.625638	systolic.data_queue[63][2]$_SDFFE_PN0P_/Q	systolic.matrix_mul_2D[63][20]$_SDFFE_PN0P_/D	_48594_|_48595_|_48596_|_48599_|_48600_|_48602_|_48603_|_48604_|_48605_|_48606_|_51955_|_51960_|_60217_|_60255_|_60256_|_60259_|_60260_|_60261_|_60262_|_79512_|_79517_|_79518_|_79521_|_81476_|_81492_|_82904_|_83070_|_84443_|_86406_|systolic.data_queue[63][2]$_SDFFE_PN0P_|systolic.matrix_mul_2D[63][20]$_SDFFE_PN0P_
-0.625614	systolic.weight_queue[63][1]$_SDFFE_PN0P_/Q	systolic.matrix_mul_2D[63][20]$_SDFFE_PN0P_/D	_48594_|_48595_|_48596_|_48599_|_48600_|_48602_|_48603_|_48604_|_48605_|_48606_|_51942_|_51980_|_60217_|_60255_|_60256_|_60259_|_60260_|_60261_|_60262_|_79512_|_79517_|_79518_|_79521_|_81476_|_81492_|_82904_|_83070_|_84443_|_86406_|systolic.matrix_mul_2D[63][20]$_SDFFE_PN0P_|systolic.weight_queue[63][1]$_SDFFE_PN0P_
-0.625611	systolic.data_queue[63][2]$_SDFFE_PN0P_/Q	systolic.matrix_mul_2D[63][20]$_SDFFE_PN0P_/D	_48594_|_48595_|_48596_|_48599_|_48600_|_48602_|_48603_|_48604_|_48605_|_48606_|_51955_|_51960_|_60217_|_60255_|_60256_|_60259_|_60260_|_60261_|_60262_|_79512_|_79517_|_79518_|_79521_|_81476_|_81492_|_82904_|_83070_|_84443_|_86406_|systolic.data_queue[63][2]$_SDFFE_PN0P_|systolic.matrix_mul_2D[63][20]$_SDFFE_PN0P_
-0.625609	systolic.data_queue[63][4]$_SDFFE_PN0P_/Q	systolic.matrix_mul_2D[63][20]$_SDFFE_PN0P_/D	_48594_|_48595_|_48596_|_48599_|_48600_|_48602_|_48603_|_48604_|_48605_|_48606_|_51973_|_51979_|_60217_|_60255_|_60256_|_60259_|_60260_|_60261_|_60262_|_79512_|_79517_|_79518_|_79521_|_81476_|_81492_|_82266_|_84443_|_84792_|_86406_|systolic.data_queue[63][4]$_SDFFE_PN0P_|systolic.matrix_mul_2D[63][20]$_SDFFE_PN0P_
-0.625558	systolic.weight_queue[63][2]$_SDFFE_PN0P_/Q	systolic.matrix_mul_2D[63][20]$_SDFFE_PN0P_/D	_48594_|_48595_|_48596_|_48599_|_48600_|_48602_|_48603_|_48604_|_48605_|_48606_|_51940_|_51970_|_60217_|_60255_|_60256_|_60259_|_60260_|_60261_|_60262_|_79512_|_79517_|_79518_|_79521_|_81476_|_81492_|_82904_|_83070_|_84443_|_86406_|systolic.matrix_mul_2D[63][20]$_SDFFE_PN0P_|systolic.weight_queue[63][2]$_SDFFE_PN0P_
-0.625553	systolic.weight_queue[63][2]$_SDFFE_PN0P_/Q	systolic.matrix_mul_2D[63][20]$_SDFFE_PN0P_/D	_48594_|_48595_|_48596_|_48599_|_48600_|_48602_|_48603_|_48604_|_48605_|_48606_|_51940_|_51970_|_60217_|_60255_|_60256_|_60259_|_60260_|_60261_|_60262_|_79512_|_79517_|_79518_|_79521_|_81476_|_81492_|_82904_|_83070_|_84443_|_86406_|systolic.matrix_mul_2D[63][20]$_SDFFE_PN0P_|systolic.weight_queue[63][2]$_SDFFE_PN0P_
-0.625551	systolic.weight_queue[63][1]$_SDFFE_PN0P_/Q	systolic.matrix_mul_2D[63][20]$_SDFFE_PN0P_/D	_48594_|_48595_|_48596_|_48599_|_48600_|_48602_|_48603_|_48604_|_48605_|_48606_|_51942_|_51980_|_60217_|_60255_|_60256_|_60259_|_60260_|_60261_|_60262_|_79512_|_79514_|_79518_|_79521_|_81476_|_81492_|_82904_|_83070_|_84443_|_86406_|systolic.matrix_mul_2D[63][20]$_SDFFE_PN0P_|systolic.weight_queue[63][1]$_SDFFE_PN0P_
-0.625544	systolic.weight_queue[63][3]$_SDFFE_PN0P_/Q	systolic.matrix_mul_2D[63][20]$_SDFFE_PN0P_/D	_48594_|_48595_|_48596_|_48599_|_48600_|_48602_|_48603_|_48604_|_48605_|_48606_|_51938_|_51960_|_60217_|_60255_|_60256_|_60259_|_60260_|_60261_|_60262_|_79512_|_79517_|_79518_|_79521_|_81476_|_81492_|_82904_|_83070_|_84443_|_86406_|systolic.matrix_mul_2D[63][20]$_SDFFE_PN0P_|systolic.weight_queue[63][3]$_SDFFE_PN0P_
-0.625542	systolic.data_queue[63][3]$_SDFFE_PN0P_/Q	systolic.matrix_mul_2D[63][20]$_SDFFE_PN0P_/D	_48594_|_48595_|_48596_|_48599_|_48600_|_48602_|_48603_|_48604_|_48605_|_48606_|_51964_|_51970_|_60217_|_60255_|_60256_|_60259_|_60260_|_60261_|_60262_|_79512_|_79517_|_79518_|_79521_|_81476_|_81492_|_82904_|_83070_|_84443_|_86406_|systolic.data_queue[63][3]$_SDFFE_PN0P_|systolic.matrix_mul_2D[63][20]$_SDFFE_PN0P_
-0.625539	systolic.data_queue[63][6]$_SDFFE_PN0P_/Q	systolic.matrix_mul_2D[63][20]$_SDFFE_PN0P_/D	_48589_|_48590_|_48599_|_48600_|_48602_|_48603_|_48604_|_48605_|_48606_|_51996_|_52002_|_60217_|_60255_|_60256_|_60259_|_60260_|_60261_|_60262_|_79512_|_79517_|_79518_|_79521_|_81477_|_81478_|_81486_|_83252_|_84443_|_85632_|systolic.data_queue[63][6]$_SDFFE_PN0P_|systolic.matrix_mul_2D[63][20]$_SDFFE_PN0P_
-0.625478	systolic.data_queue[63][3]$_SDFFE_PN0P_/Q	systolic.matrix_mul_2D[63][20]$_SDFFE_PN0P_/D	_48594_|_48595_|_48596_|_48599_|_48600_|_48602_|_48603_|_48604_|_48605_|_48606_|_51964_|_51970_|_60217_|_60255_|_60256_|_60259_|_60260_|_60261_|_60262_|_79512_|_79514_|_79518_|_79521_|_81476_|_81492_|_82904_|_83070_|_84443_|_86406_|systolic.data_queue[63][3]$_SDFFE_PN0P_|systolic.matrix_mul_2D[63][20]$_SDFFE_PN0P_
-0.625472	systolic.weight_queue[63][2]$_SDFFE_PN0P_/Q	systolic.matrix_mul_2D[63][20]$_SDFFE_PN0P_/D	_48594_|_48595_|_48596_|_48599_|_48600_|_48602_|_48603_|_48604_|_48605_|_48606_|_51940_|_51970_|_60217_|_60255_|_60256_|_60259_|_60260_|_60261_|_60262_|_79512_|_79517_|_79518_|_79521_|_81476_|_81492_|_82904_|_83070_|_84443_|_86406_|systolic.matrix_mul_2D[63][20]$_SDFFE_PN0P_|systolic.weight_queue[63][2]$_SDFFE_PN0P_
-0.625459	systolic.data_queue[63][4]$_SDFFE_PN0P_/Q	systolic.matrix_mul_2D[63][20]$_SDFFE_PN0P_/D	_48594_|_48595_|_48596_|_48599_|_48600_|_48602_|_48603_|_48604_|_48605_|_48606_|_51973_|_51980_|_60217_|_60255_|_60256_|_60259_|_60260_|_60261_|_60262_|_79512_|_79517_|_79518_|_79521_|_81476_|_81492_|_82904_|_83070_|_84443_|_86406_|systolic.data_queue[63][4]$_SDFFE_PN0P_|systolic.matrix_mul_2D[63][20]$_SDFFE_PN0P_
-0.625426	systolic.data_queue[63][2]$_SDFFE_PN0P_/Q	systolic.matrix_mul_2D[63][20]$_SDFFE_PN0P_/D	_48594_|_48595_|_48596_|_48599_|_48600_|_48602_|_48603_|_48604_|_48605_|_48606_|_51955_|_51960_|_60217_|_60255_|_60256_|_60259_|_60260_|_60261_|_60262_|_79512_|_79517_|_79518_|_79521_|_81476_|_81492_|_82904_|_83070_|_84443_|_86406_|systolic.data_queue[63][2]$_SDFFE_PN0P_|systolic.matrix_mul_2D[63][20]$_SDFFE_PN0P_
-0.625408	systolic.weight_queue[63][2]$_SDFFE_PN0P_/Q	systolic.matrix_mul_2D[63][20]$_SDFFE_PN0P_/D	_48594_|_48595_|_48596_|_48599_|_48600_|_48602_|_48603_|_48604_|_48605_|_48606_|_51940_|_51970_|_60217_|_60255_|_60256_|_60259_|_60260_|_60261_|_60262_|_79512_|_79514_|_79518_|_79521_|_81476_|_81492_|_82904_|_83070_|_84443_|_86406_|systolic.matrix_mul_2D[63][20]$_SDFFE_PN0P_|systolic.weight_queue[63][2]$_SDFFE_PN0P_
-0.625393	systolic.weight_queue[63][3]$_SDFFE_PN0P_/Q	systolic.matrix_mul_2D[63][20]$_SDFFE_PN0P_/D	_48594_|_48595_|_48596_|_48599_|_48600_|_48602_|_48603_|_48604_|_48605_|_48606_|_51938_|_51969_|_60217_|_60255_|_60256_|_60259_|_60260_|_60261_|_60262_|_79512_|_79517_|_79518_|_79521_|_81476_|_81492_|_82266_|_84443_|_84792_|_86406_|systolic.matrix_mul_2D[63][20]$_SDFFE_PN0P_|systolic.weight_queue[63][3]$_SDFFE_PN0P_
-0.625354	systolic.weight_queue[63][3]$_SDFFE_PN0P_/Q	systolic.matrix_mul_2D[63][20]$_SDFFE_PN0P_/D	_48594_|_48595_|_48596_|_48599_|_48600_|_48602_|_48603_|_48604_|_48605_|_48606_|_51938_|_51960_|_60217_|_60255_|_60256_|_60259_|_60260_|_60261_|_60262_|_79512_|_79517_|_79518_|_79521_|_81476_|_81492_|_82904_|_83070_|_84443_|_86406_|systolic.matrix_mul_2D[63][20]$_SDFFE_PN0P_|systolic.weight_queue[63][3]$_SDFFE_PN0P_
-0.625339	systolic.data_queue[63][4]$_SDFFE_PN0P_/Q	systolic.matrix_mul_2D[63][20]$_SDFFE_PN0P_/D	_48594_|_48595_|_48596_|_48599_|_48600_|_48602_|_48603_|_48604_|_48605_|_48606_|_51973_|_51980_|_60217_|_60255_|_60256_|_60259_|_60260_|_60261_|_60262_|_79512_|_79517_|_79518_|_79521_|_81476_|_81492_|_82904_|_83070_|_84443_|_86406_|systolic.data_queue[63][4]$_SDFFE_PN0P_|systolic.matrix_mul_2D[63][20]$_SDFFE_PN0P_
-0.625332	systolic.weight_queue[63][3]$_SDFFE_PN0P_/Q	systolic.matrix_mul_2D[63][20]$_SDFFE_PN0P_/D	_48594_|_48595_|_48596_|_48599_|_48600_|_48602_|_48603_|_48604_|_48605_|_48606_|_51938_|_51960_|_60217_|_60255_|_60256_|_60259_|_60260_|_60261_|_60262_|_79512_|_79517_|_79518_|_79521_|_81476_|_81492_|_82904_|_83070_|_84443_|_86406_|systolic.matrix_mul_2D[63][20]$_SDFFE_PN0P_|systolic.weight_queue[63][3]$_SDFFE_PN0P_
-0.625325	systolic.data_queue[63][4]$_SDFFE_PN0P_/Q	systolic.matrix_mul_2D[63][20]$_SDFFE_PN0P_/D	_48594_|_48595_|_48596_|_48599_|_48600_|_48602_|_48603_|_48604_|_48605_|_48606_|_51973_|_51980_|_60217_|_60255_|_60256_|_60259_|_60260_|_60261_|_60262_|_79512_|_79517_|_79518_|_79521_|_81476_|_81492_|_82904_|_83070_|_84443_|_86406_|systolic.data_queue[63][4]$_SDFFE_PN0P_|systolic.matrix_mul_2D[63][20]$_SDFFE_PN0P_
-0.625294	systolic.weight_queue[63][3]$_SDFFE_PN0P_/Q	systolic.matrix_mul_2D[63][20]$_SDFFE_PN0P_/D	_48594_|_48595_|_48596_|_48599_|_48600_|_48602_|_48603_|_48604_|_48605_|_48606_|_51938_|_51969_|_60217_|_60255_|_60256_|_60259_|_60260_|_60261_|_60262_|_79512_|_79517_|_79518_|_79521_|_81476_|_81492_|_82266_|_84443_|_84792_|_86406_|systolic.matrix_mul_2D[63][20]$_SDFFE_PN0P_|systolic.weight_queue[63][3]$_SDFFE_PN0P_
-0.625281	systolic.weight_queue[63][2]$_SDFFE_PN0P_/Q	systolic.matrix_mul_2D[63][20]$_SDFFE_PN0P_/D	_48594_|_48595_|_48596_|_48599_|_48600_|_48602_|_48603_|_48604_|_48605_|_48606_|_51940_|_51970_|_60217_|_60255_|_60256_|_60259_|_60260_|_60261_|_60262_|_79512_|_79517_|_79518_|_79521_|_81476_|_81492_|_82904_|_83070_|_84443_|_86406_|systolic.matrix_mul_2D[63][20]$_SDFFE_PN0P_|systolic.weight_queue[63][2]$_SDFFE_PN0P_
-0.625262	systolic.weight_queue[63][1]$_SDFFE_PN0P_/Q	systolic.matrix_mul_2D[63][20]$_SDFFE_PN0P_/D	_48594_|_48595_|_48596_|_48599_|_48600_|_48602_|_48603_|_48604_|_48605_|_48606_|_51942_|_51980_|_60217_|_60255_|_60256_|_60259_|_60260_|_60261_|_60262_|_79512_|_79517_|_79518_|_79521_|_81476_|_81492_|_82904_|_83070_|_84443_|_86406_|systolic.matrix_mul_2D[63][20]$_SDFFE_PN0P_|systolic.weight_queue[63][1]$_SDFFE_PN0P_
-0.625261	systolic.weight_queue[63][3]$_SDFFE_PN0P_/Q	systolic.matrix_mul_2D[63][20]$_SDFFE_PN0P_/D	_48594_|_48595_|_48596_|_48599_|_48600_|_48602_|_48603_|_48604_|_48605_|_48606_|_51938_|_51960_|_60217_|_60255_|_60256_|_60259_|_60260_|_60261_|_60262_|_79512_|_79517_|_79518_|_79521_|_81476_|_81492_|_82904_|_83070_|_84443_|_86406_|systolic.matrix_mul_2D[63][20]$_SDFFE_PN0P_|systolic.weight_queue[63][3]$_SDFFE_PN0P_
-0.625218	systolic.weight_queue[63][2]$_SDFFE_PN0P_/Q	systolic.matrix_mul_2D[63][20]$_SDFFE_PN0P_/D	_48594_|_48595_|_48596_|_48599_|_48600_|_48602_|_48603_|_48604_|_48605_|_48606_|_51940_|_51970_|_60217_|_60255_|_60256_|_60259_|_60260_|_60261_|_60262_|_79512_|_79514_|_79518_|_79521_|_81476_|_81492_|_82904_|_83070_|_84443_|_86406_|systolic.matrix_mul_2D[63][20]$_SDFFE_PN0P_|systolic.weight_queue[63][2]$_SDFFE_PN0P_
-0.625207	systolic.data_queue[63][3]$_SDFFE_PN0P_/Q	systolic.matrix_mul_2D[63][20]$_SDFFE_PN0P_/D	_48594_|_48595_|_48596_|_48599_|_48600_|_48602_|_48603_|_48604_|_48605_|_48606_|_51964_|_51970_|_60217_|_60255_|_60256_|_60259_|_60260_|_60261_|_60262_|_79512_|_79517_|_79518_|_79521_|_81476_|_81492_|_82904_|_83070_|_84443_|_86406_|systolic.data_queue[63][3]$_SDFFE_PN0P_|systolic.matrix_mul_2D[63][20]$_SDFFE_PN0P_
-0.625169	systolic.data_queue[63][4]$_SDFFE_PN0P_/Q	systolic.matrix_mul_2D[63][20]$_SDFFE_PN0P_/D	_48594_|_48595_|_48596_|_48599_|_48600_|_48602_|_48603_|_48604_|_48605_|_48606_|_51973_|_51980_|_60217_|_60255_|_60256_|_60259_|_60260_|_60261_|_60262_|_79512_|_79517_|_79518_|_79521_|_81476_|_81492_|_82904_|_83070_|_84443_|_86406_|systolic.data_queue[63][4]$_SDFFE_PN0P_|systolic.matrix_mul_2D[63][20]$_SDFFE_PN0P_
-0.625159	systolic.data_queue[63][4]$_SDFFE_PN0P_/Q	systolic.matrix_mul_2D[63][20]$_SDFFE_PN0P_/D	_48594_|_48595_|_48596_|_48599_|_48600_|_48602_|_48603_|_48604_|_48605_|_48606_|_51973_|_51979_|_60217_|_60255_|_60256_|_60259_|_60260_|_60261_|_60262_|_79512_|_79517_|_79518_|_79521_|_81476_|_81492_|_82266_|_84443_|_84792_|_86406_|systolic.data_queue[63][4]$_SDFFE_PN0P_|systolic.matrix_mul_2D[63][20]$_SDFFE_PN0P_
-0.625139	systolic.weight_queue[63][1]$_SDFFE_PN0P_/Q	systolic.matrix_mul_2D[63][20]$_SDFFE_PN0P_/D	_48594_|_48595_|_48596_|_48599_|_48600_|_48602_|_48603_|_48604_|_48605_|_48606_|_51942_|_51980_|_60217_|_60255_|_60256_|_60259_|_60260_|_60261_|_60262_|_79512_|_79517_|_79518_|_79521_|_81476_|_81492_|_82904_|_83070_|_84443_|_86406_|systolic.matrix_mul_2D[63][20]$_SDFFE_PN0P_|systolic.weight_queue[63][1]$_SDFFE_PN0P_
-0.625137	systolic.weight_queue[63][2]$_SDFFE_PN0P_/Q	systolic.matrix_mul_2D[63][20]$_SDFFE_PN0P_/D	_48594_|_48595_|_48596_|_48599_|_48600_|_48602_|_48603_|_48604_|_48605_|_48606_|_51940_|_51970_|_60217_|_60255_|_60256_|_60259_|_60260_|_60261_|_60262_|_79512_|_79517_|_79518_|_79521_|_81476_|_81492_|_82904_|_83070_|_84443_|_86406_|systolic.matrix_mul_2D[63][20]$_SDFFE_PN0P_|systolic.weight_queue[63][2]$_SDFFE_PN0P_
-0.625077	systolic.weight_queue[63][1]$_SDFFE_PN0P_/Q	systolic.matrix_mul_2D[63][20]$_SDFFE_PN0P_/D	_48594_|_48595_|_48596_|_48599_|_48600_|_48602_|_48603_|_48604_|_48605_|_48606_|_51942_|_51980_|_60217_|_60255_|_60256_|_60259_|_60260_|_60261_|_60262_|_79512_|_79517_|_79518_|_79521_|_81476_|_81492_|_82904_|_83070_|_84443_|_86406_|systolic.matrix_mul_2D[63][20]$_SDFFE_PN0P_|systolic.weight_queue[63][1]$_SDFFE_PN0P_
-0.625020	systolic.data_queue[63][3]$_SDFFE_PN0P_/Q	systolic.matrix_mul_2D[63][20]$_SDFFE_PN0P_/D	_48594_|_48595_|_48596_|_48599_|_48600_|_48602_|_48603_|_48604_|_48605_|_48606_|_51964_|_51970_|_60217_|_60255_|_60256_|_60259_|_60260_|_60261_|_60262_|_79512_|_79517_|_79518_|_79521_|_81476_|_81492_|_82904_|_83070_|_84443_|_86406_|systolic.data_queue[63][3]$_SDFFE_PN0P_|systolic.matrix_mul_2D[63][20]$_SDFFE_PN0P_
-0.625004	systolic.data_queue[63][3]$_SDFFE_PN0P_/Q	systolic.matrix_mul_2D[63][20]$_SDFFE_PN0P_/D	_48594_|_48595_|_48596_|_48599_|_48600_|_48602_|_48603_|_48604_|_48605_|_48606_|_51964_|_51970_|_60217_|_60255_|_60256_|_60259_|_60260_|_60261_|_60262_|_79512_|_79517_|_79518_|_79521_|_81476_|_81492_|_82904_|_83070_|_84443_|_86406_|systolic.data_queue[63][3]$_SDFFE_PN0P_|systolic.matrix_mul_2D[63][20]$_SDFFE_PN0P_
-0.624999	systolic.data_queue[63][3]$_SDFFE_PN0P_/Q	systolic.matrix_mul_2D[63][20]$_SDFFE_PN0P_/D	_48594_|_48595_|_48596_|_48599_|_48600_|_48602_|_48603_|_48604_|_48605_|_48606_|_51964_|_51970_|_60217_|_60255_|_60256_|_60259_|_60260_|_60261_|_60262_|_79512_|_79517_|_79518_|_79521_|_81476_|_81492_|_82904_|_83070_|_84443_|_86406_|systolic.data_queue[63][3]$_SDFFE_PN0P_|systolic.matrix_mul_2D[63][20]$_SDFFE_PN0P_
-0.624956	systolic.data_queue[63][3]$_SDFFE_PN0P_/Q	systolic.matrix_mul_2D[63][20]$_SDFFE_PN0P_/D	_48594_|_48595_|_48596_|_48599_|_48600_|_48602_|_48603_|_48604_|_48605_|_48606_|_51964_|_51970_|_60217_|_60255_|_60256_|_60259_|_60260_|_60261_|_60262_|_79512_|_79514_|_79518_|_79521_|_81476_|_81492_|_82904_|_83070_|_84443_|_86406_|systolic.data_queue[63][3]$_SDFFE_PN0P_|systolic.matrix_mul_2D[63][20]$_SDFFE_PN0P_
-0.624952	systolic.weight_queue[63][1]$_SDFFE_PN0P_/Q	systolic.matrix_mul_2D[63][20]$_SDFFE_PN0P_/D	_48594_|_48595_|_48596_|_48599_|_48600_|_48602_|_48603_|_48604_|_48605_|_48606_|_51942_|_51980_|_60217_|_60255_|_60256_|_60259_|_60260_|_60261_|_60262_|_79512_|_79517_|_79518_|_79521_|_81476_|_81492_|_82904_|_83070_|_84443_|_86406_|systolic.matrix_mul_2D[63][20]$_SDFFE_PN0P_|systolic.weight_queue[63][1]$_SDFFE_PN0P_
-0.624950	systolic.weight_queue[63][2]$_SDFFE_PN0P_/Q	systolic.matrix_mul_2D[63][20]$_SDFFE_PN0P_/D	_48594_|_48595_|_48596_|_48599_|_48600_|_48602_|_48603_|_48604_|_48605_|_48606_|_51940_|_51970_|_60217_|_60255_|_60256_|_60259_|_60260_|_60261_|_60262_|_79512_|_79517_|_79518_|_79521_|_81476_|_81492_|_82904_|_83070_|_84443_|_86406_|systolic.matrix_mul_2D[63][20]$_SDFFE_PN0P_|systolic.weight_queue[63][2]$_SDFFE_PN0P_
-0.624934	systolic.weight_queue[63][2]$_SDFFE_PN0P_/Q	systolic.matrix_mul_2D[63][20]$_SDFFE_PN0P_/D	_48594_|_48595_|_48596_|_48599_|_48600_|_48602_|_48603_|_48604_|_48605_|_48606_|_51940_|_51970_|_60217_|_60255_|_60256_|_60259_|_60260_|_60261_|_60262_|_79512_|_79517_|_79518_|_79521_|_81476_|_81492_|_82904_|_83070_|_84443_|_86406_|systolic.matrix_mul_2D[63][20]$_SDFFE_PN0P_|systolic.weight_queue[63][2]$_SDFFE_PN0P_
-0.624929	systolic.weight_queue[63][2]$_SDFFE_PN0P_/Q	systolic.matrix_mul_2D[63][20]$_SDFFE_PN0P_/D	_48594_|_48595_|_48596_|_48599_|_48600_|_48602_|_48603_|_48604_|_48605_|_48606_|_51940_|_51970_|_60217_|_60255_|_60256_|_60259_|_60260_|_60261_|_60262_|_79512_|_79517_|_79518_|_79521_|_81476_|_81492_|_82904_|_83070_|_84443_|_86406_|systolic.matrix_mul_2D[63][20]$_SDFFE_PN0P_|systolic.weight_queue[63][2]$_SDFFE_PN0P_
-0.624910	systolic.data_queue[63][4]$_SDFFE_PN0P_/Q	systolic.matrix_mul_2D[63][20]$_SDFFE_PN0P_/D	_48594_|_48595_|_48596_|_48599_|_48600_|_48602_|_48603_|_48604_|_48605_|_48606_|_51973_|_51980_|_60217_|_60255_|_60256_|_60259_|_60260_|_60261_|_60262_|_79512_|_79517_|_79518_|_79521_|_81476_|_81492_|_82904_|_83070_|_84443_|_86406_|systolic.data_queue[63][4]$_SDFFE_PN0P_|systolic.matrix_mul_2D[63][20]$_SDFFE_PN0P_
-0.624904	systolic.data_queue[63][4]$_SDFFE_PN0P_/Q	systolic.matrix_mul_2D[63][20]$_SDFFE_PN0P_/D	_48594_|_48595_|_48596_|_48599_|_48600_|_48602_|_48603_|_48604_|_48605_|_48606_|_51973_|_51980_|_60217_|_60255_|_60256_|_60259_|_60260_|_60261_|_60262_|_79512_|_79517_|_79518_|_79521_|_81476_|_81492_|_82904_|_83070_|_84443_|_86406_|systolic.data_queue[63][4]$_SDFFE_PN0P_|systolic.matrix_mul_2D[63][20]$_SDFFE_PN0P_
-0.624888	systolic.weight_queue[63][1]$_SDFFE_PN0P_/Q	systolic.matrix_mul_2D[63][20]$_SDFFE_PN0P_/D	_48594_|_48595_|_48596_|_48599_|_48600_|_48602_|_48603_|_48604_|_48605_|_48606_|_51942_|_51980_|_60217_|_60255_|_60256_|_60259_|_60260_|_60261_|_60262_|_79512_|_79514_|_79518_|_79521_|_81476_|_81492_|_82904_|_83070_|_84443_|_86406_|systolic.matrix_mul_2D[63][20]$_SDFFE_PN0P_|systolic.weight_queue[63][1]$_SDFFE_PN0P_
-0.624886	systolic.weight_queue[63][2]$_SDFFE_PN0P_/Q	systolic.matrix_mul_2D[63][20]$_SDFFE_PN0P_/D	_48594_|_48595_|_48596_|_48599_|_48600_|_48602_|_48603_|_48604_|_48605_|_48606_|_51940_|_51970_|_60217_|_60255_|_60256_|_60259_|_60260_|_60261_|_60262_|_79512_|_79514_|_79518_|_79521_|_81476_|_81492_|_82904_|_83070_|_84443_|_86406_|systolic.matrix_mul_2D[63][20]$_SDFFE_PN0P_|systolic.weight_queue[63][2]$_SDFFE_PN0P_
-0.624759	systolic.weight_queue[63][2]$_SDFFE_PN0P_/Q	systolic.matrix_mul_2D[63][20]$_SDFFE_PN0P_/D	_48594_|_48595_|_48596_|_48599_|_48600_|_48602_|_48603_|_48604_|_48605_|_48606_|_51940_|_51970_|_60217_|_60255_|_60256_|_60259_|_60260_|_60261_|_60262_|_79512_|_79517_|_79518_|_79521_|_81476_|_81492_|_82904_|_83070_|_84443_|_86406_|systolic.matrix_mul_2D[63][20]$_SDFFE_PN0P_|systolic.weight_queue[63][2]$_SDFFE_PN0P_
-0.624743	systolic.weight_queue[63][2]$_SDFFE_PN0P_/Q	systolic.matrix_mul_2D[63][20]$_SDFFE_PN0P_/D	_48594_|_48595_|_48596_|_48599_|_48600_|_48602_|_48603_|_48604_|_48605_|_48606_|_51940_|_51970_|_60217_|_60255_|_60256_|_60259_|_60260_|_60261_|_60262_|_79512_|_79517_|_79518_|_79521_|_81476_|_81492_|_82904_|_83070_|_84443_|_86406_|systolic.matrix_mul_2D[63][20]$_SDFFE_PN0P_|systolic.weight_queue[63][2]$_SDFFE_PN0P_
-0.624719	systolic.data_queue[63][4]$_SDFFE_PN0P_/Q	systolic.matrix_mul_2D[63][20]$_SDFFE_PN0P_/D	_48594_|_48595_|_48596_|_48599_|_48600_|_48602_|_48603_|_48604_|_48605_|_48606_|_51973_|_51980_|_60217_|_60255_|_60256_|_60259_|_60260_|_60261_|_60262_|_79512_|_79517_|_79518_|_79521_|_81476_|_81492_|_82904_|_83070_|_84443_|_86406_|systolic.data_queue[63][4]$_SDFFE_PN0P_|systolic.matrix_mul_2D[63][20]$_SDFFE_PN0P_
-0.624695	systolic.weight_queue[63][2]$_SDFFE_PN0P_/Q	systolic.matrix_mul_2D[63][20]$_SDFFE_PN0P_/D	_48594_|_48595_|_48596_|_48599_|_48600_|_48602_|_48603_|_48604_|_48605_|_48606_|_51940_|_51970_|_60217_|_60255_|_60256_|_60259_|_60260_|_60261_|_60262_|_79512_|_79514_|_79518_|_79521_|_81476_|_81492_|_82904_|_83070_|_84443_|_86406_|systolic.matrix_mul_2D[63][20]$_SDFFE_PN0P_|systolic.weight_queue[63][2]$_SDFFE_PN0P_
-0.624656	systolic.weight_queue[63][1]$_SDFFE_PN0P_/Q	systolic.matrix_mul_2D[63][20]$_SDFFE_PN0P_/D	_48594_|_48595_|_48596_|_48599_|_48600_|_48602_|_48603_|_48604_|_48605_|_48606_|_51942_|_51980_|_60217_|_60255_|_60256_|_60259_|_60260_|_60261_|_60262_|_79512_|_79517_|_79518_|_79521_|_81476_|_81492_|_82904_|_83070_|_84443_|_86406_|systolic.matrix_mul_2D[63][20]$_SDFFE_PN0P_|systolic.weight_queue[63][1]$_SDFFE_PN0P_
-0.624628	systolic.weight_queue[63][3]$_SDFFE_PN0P_/Q	systolic.matrix_mul_2D[63][20]$_SDFFE_PN0P_/D	_48594_|_48595_|_48596_|_48599_|_48600_|_48602_|_48603_|_48604_|_48605_|_48606_|_51938_|_51960_|_60217_|_60255_|_60256_|_60259_|_60260_|_60261_|_60262_|_79512_|_79517_|_79518_|_79521_|_81476_|_81492_|_82904_|_83070_|_84443_|_86406_|systolic.matrix_mul_2D[63][20]$_SDFFE_PN0P_|systolic.weight_queue[63][3]$_SDFFE_PN0P_
-0.624615	systolic.weight_queue[63][3]$_SDFFE_PN0P_/Q	systolic.matrix_mul_2D[63][20]$_SDFFE_PN0P_/D	_48594_|_48595_|_48596_|_48599_|_48600_|_48602_|_48603_|_48604_|_48605_|_48606_|_51938_|_51969_|_60217_|_60255_|_60256_|_60259_|_60260_|_60261_|_60262_|_79512_|_79517_|_79518_|_79521_|_81476_|_81492_|_82266_|_84443_|_84792_|_86406_|systolic.matrix_mul_2D[63][20]$_SDFFE_PN0P_|systolic.weight_queue[63][3]$_SDFFE_PN0P_
-0.624583	systolic.data_queue[63][3]$_SDFFE_PN0P_/Q	systolic.matrix_mul_2D[63][20]$_SDFFE_PN0P_/D	_48594_|_48595_|_48596_|_48599_|_48600_|_48602_|_48603_|_48604_|_48605_|_48606_|_51964_|_51970_|_60217_|_60255_|_60256_|_60259_|_60260_|_60261_|_60262_|_79512_|_79517_|_79518_|_79521_|_81476_|_81492_|_82904_|_83070_|_84443_|_86406_|systolic.data_queue[63][3]$_SDFFE_PN0P_|systolic.matrix_mul_2D[63][20]$_SDFFE_PN0P_
-0.624556	systolic.weight_queue[63][2]$_SDFFE_PN0P_/Q	systolic.matrix_mul_2D[63][20]$_SDFFE_PN0P_/D	_48594_|_48595_|_48596_|_48599_|_48600_|_48602_|_48603_|_48604_|_48605_|_48606_|_51940_|_51970_|_60217_|_60255_|_60256_|_60259_|_60260_|_60261_|_60262_|_79512_|_79517_|_79518_|_79521_|_81476_|_81492_|_82904_|_83070_|_84443_|_86406_|systolic.matrix_mul_2D[63][20]$_SDFFE_PN0P_|systolic.weight_queue[63][2]$_SDFFE_PN0P_
-0.624536	systolic.weight_queue[63][3]$_SDFFE_PN0P_/Q	systolic.matrix_mul_2D[63][20]$_SDFFE_PN0P_/D	_48594_|_48595_|_48596_|_48599_|_48600_|_48602_|_48603_|_48604_|_48605_|_48606_|_51938_|_51960_|_60217_|_60255_|_60256_|_60259_|_60260_|_60261_|_60262_|_79512_|_79517_|_79518_|_79521_|_81476_|_81492_|_82904_|_83070_|_84443_|_86406_|systolic.matrix_mul_2D[63][20]$_SDFFE_PN0P_|systolic.weight_queue[63][3]$_SDFFE_PN0P_
-0.624531	systolic.data_queue[63][4]$_SDFFE_PN0P_/Q	systolic.matrix_mul_2D[63][20]$_SDFFE_PN0P_/D	_48594_|_48595_|_48596_|_48599_|_48600_|_48602_|_48603_|_48604_|_48605_|_48606_|_51973_|_51980_|_60217_|_60255_|_60256_|_60259_|_60260_|_60261_|_60262_|_79512_|_79517_|_79518_|_79521_|_81476_|_81492_|_82904_|_83070_|_84443_|_86406_|systolic.data_queue[63][4]$_SDFFE_PN0P_|systolic.matrix_mul_2D[63][20]$_SDFFE_PN0P_
-0.624492	systolic.weight_queue[63][2]$_SDFFE_PN0P_/Q	systolic.matrix_mul_2D[63][20]$_SDFFE_PN0P_/D	_48594_|_48595_|_48596_|_48599_|_48600_|_48602_|_48603_|_48604_|_48605_|_48606_|_51940_|_51970_|_60217_|_60255_|_60256_|_60259_|_60260_|_60261_|_60262_|_79512_|_79514_|_79518_|_79521_|_81476_|_81492_|_82904_|_83070_|_84443_|_86406_|systolic.matrix_mul_2D[63][20]$_SDFFE_PN0P_|systolic.weight_queue[63][2]$_SDFFE_PN0P_
-0.624492	systolic.data_queue[63][2]$_SDFFE_PN0P_/Q	systolic.matrix_mul_2D[63][20]$_SDFFE_PN0P_/D	_48594_|_48595_|_48596_|_48599_|_48600_|_48602_|_48603_|_48604_|_48605_|_48606_|_51955_|_51960_|_60217_|_60255_|_60256_|_60259_|_60260_|_60261_|_60262_|_79512_|_79517_|_79518_|_79521_|_81476_|_81492_|_82904_|_83070_|_84443_|_86406_|systolic.data_queue[63][2]$_SDFFE_PN0P_|systolic.matrix_mul_2D[63][20]$_SDFFE_PN0P_
-0.624482	systolic.data_queue[63][3]$_SDFFE_PN0P_/Q	systolic.matrix_mul_2D[63][20]$_SDFFE_PN0P_/D	_48594_|_48595_|_48596_|_48599_|_48600_|_48602_|_48603_|_48604_|_48605_|_48606_|_51964_|_51970_|_60217_|_60255_|_60256_|_60259_|_60260_|_60261_|_60262_|_79512_|_79517_|_79518_|_79521_|_81476_|_81492_|_82904_|_83070_|_84443_|_86406_|systolic.data_queue[63][3]$_SDFFE_PN0P_|systolic.matrix_mul_2D[63][20]$_SDFFE_PN0P_
-0.624476	systolic.data_queue[63][3]$_SDFFE_PN0P_/Q	systolic.matrix_mul_2D[63][20]$_SDFFE_PN0P_/D	_48594_|_48595_|_48596_|_48599_|_48600_|_48602_|_48603_|_48604_|_48605_|_48606_|_51964_|_51970_|_60217_|_60255_|_60256_|_60259_|_60260_|_60261_|_60262_|_79512_|_79517_|_79518_|_79521_|_81476_|_81492_|_82904_|_83070_|_84443_|_86406_|systolic.data_queue[63][3]$_SDFFE_PN0P_|systolic.matrix_mul_2D[63][20]$_SDFFE_PN0P_
-0.624468	systolic.data_queue[63][4]$_SDFFE_PN0P_/Q	systolic.matrix_mul_2D[63][20]$_SDFFE_PN0P_/D	_48594_|_48595_|_48596_|_48599_|_48600_|_48602_|_48603_|_48604_|_48605_|_48606_|_51973_|_51980_|_60217_|_60255_|_60256_|_60259_|_60260_|_60261_|_60262_|_79512_|_79514_|_79518_|_79521_|_81476_|_81492_|_82904_|_83070_|_84443_|_86406_|systolic.data_queue[63][4]$_SDFFE_PN0P_|systolic.matrix_mul_2D[63][20]$_SDFFE_PN0P_
-0.624468	systolic.weight_queue[63][1]$_SDFFE_PN0P_/Q	systolic.matrix_mul_2D[63][20]$_SDFFE_PN0P_/D	_48594_|_48595_|_48596_|_48599_|_48600_|_48602_|_48603_|_48604_|_48605_|_48606_|_51942_|_51980_|_60217_|_60255_|_60256_|_60259_|_60260_|_60261_|_60262_|_79512_|_79517_|_79518_|_79521_|_81476_|_81492_|_82904_|_83070_|_84443_|_86406_|systolic.matrix_mul_2D[63][20]$_SDFFE_PN0P_|systolic.weight_queue[63][1]$_SDFFE_PN0P_
-0.624414	systolic.weight_queue[63][1]$_SDFFE_PN0P_/Q	systolic.matrix_mul_2D[63][20]$_SDFFE_PN0P_/D	_48594_|_48595_|_48596_|_48599_|_48600_|_48602_|_48603_|_48604_|_48605_|_48606_|_51942_|_51980_|_60217_|_60255_|_60256_|_60259_|_60260_|_60261_|_60262_|_79512_|_79517_|_79518_|_79521_|_81476_|_81492_|_82904_|_83070_|_84443_|_86406_|systolic.matrix_mul_2D[63][20]$_SDFFE_PN0P_|systolic.weight_queue[63][1]$_SDFFE_PN0P_
-0.624412	systolic.weight_queue[63][2]$_SDFFE_PN0P_/Q	systolic.matrix_mul_2D[63][20]$_SDFFE_PN0P_/D	_48594_|_48595_|_48596_|_48599_|_48600_|_48602_|_48603_|_48604_|_48605_|_48606_|_51940_|_51970_|_60217_|_60255_|_60256_|_60259_|_60260_|_60261_|_60262_|_79512_|_79517_|_79518_|_79521_|_81476_|_81492_|_82904_|_83070_|_84443_|_86406_|systolic.matrix_mul_2D[63][20]$_SDFFE_PN0P_|systolic.weight_queue[63][2]$_SDFFE_PN0P_
-0.624408	systolic.weight_queue[63][1]$_SDFFE_PN0P_/Q	systolic.matrix_mul_2D[63][20]$_SDFFE_PN0P_/D	_48594_|_48595_|_48596_|_48599_|_48600_|_48602_|_48603_|_48604_|_48605_|_48606_|_51942_|_51980_|_60217_|_60255_|_60256_|_60259_|_60260_|_60261_|_60262_|_79512_|_79517_|_79518_|_79521_|_81476_|_81492_|_82904_|_83070_|_84443_|_86406_|systolic.matrix_mul_2D[63][20]$_SDFFE_PN0P_|systolic.weight_queue[63][1]$_SDFFE_PN0P_
-0.624406	systolic.weight_queue[63][2]$_SDFFE_PN0P_/Q	systolic.matrix_mul_2D[63][20]$_SDFFE_PN0P_/D	_48594_|_48595_|_48596_|_48599_|_48600_|_48602_|_48603_|_48604_|_48605_|_48606_|_51940_|_51970_|_60217_|_60255_|_60256_|_60259_|_60260_|_60261_|_60262_|_79512_|_79517_|_79518_|_79521_|_81476_|_81492_|_82904_|_83070_|_84443_|_86406_|systolic.matrix_mul_2D[63][20]$_SDFFE_PN0P_|systolic.weight_queue[63][2]$_SDFFE_PN0P_
-0.624404	systolic.weight_queue[63][1]$_SDFFE_PN0P_/Q	systolic.matrix_mul_2D[63][20]$_SDFFE_PN0P_/D	_48594_|_48595_|_48596_|_48599_|_48600_|_48602_|_48603_|_48604_|_48605_|_48606_|_51942_|_51980_|_60217_|_60255_|_60256_|_60259_|_60260_|_60261_|_60262_|_79512_|_79514_|_79518_|_79521_|_81476_|_81492_|_82904_|_83070_|_84443_|_86406_|systolic.matrix_mul_2D[63][20]$_SDFFE_PN0P_|systolic.weight_queue[63][1]$_SDFFE_PN0P_
-0.624395	systolic.data_queue[63][3]$_SDFFE_PN0P_/Q	systolic.matrix_mul_2D[63][20]$_SDFFE_PN0P_/D	_48594_|_48595_|_48596_|_48599_|_48600_|_48602_|_48603_|_48604_|_48605_|_48606_|_51964_|_51970_|_60217_|_60255_|_60256_|_60259_|_60260_|_60261_|_60262_|_79512_|_79517_|_79518_|_79521_|_81476_|_81492_|_82904_|_83070_|_84443_|_86406_|systolic.data_queue[63][3]$_SDFFE_PN0P_|systolic.matrix_mul_2D[63][20]$_SDFFE_PN0P_
-0.624332	systolic.data_queue[63][3]$_SDFFE_PN0P_/Q	systolic.matrix_mul_2D[63][20]$_SDFFE_PN0P_/D	_48594_|_48595_|_48596_|_48599_|_48600_|_48602_|_48603_|_48604_|_48605_|_48606_|_51964_|_51970_|_60217_|_60255_|_60256_|_60259_|_60260_|_60261_|_60262_|_79512_|_79514_|_79518_|_79521_|_81476_|_81492_|_82904_|_83070_|_84443_|_86406_|systolic.data_queue[63][3]$_SDFFE_PN0P_|systolic.matrix_mul_2D[63][20]$_SDFFE_PN0P_
-0.624316	systolic.data_queue[63][3]$_SDFFE_PN0P_/Q	systolic.matrix_mul_2D[63][20]$_SDFFE_PN0P_/D	_48594_|_48595_|_48596_|_48599_|_48600_|_48602_|_48603_|_48604_|_48605_|_48606_|_51964_|_51969_|_60217_|_60255_|_60256_|_60259_|_60260_|_60261_|_60262_|_79512_|_79517_|_79518_|_79521_|_81476_|_81492_|_82266_|_84443_|_84792_|_86406_|systolic.data_queue[63][3]$_SDFFE_PN0P_|systolic.matrix_mul_2D[63][20]$_SDFFE_PN0P_
-0.624301	systolic.data_queue[63][2]$_SDFFE_PN0P_/Q	systolic.matrix_mul_2D[63][20]$_SDFFE_PN0P_/D	_48594_|_48595_|_48596_|_48599_|_48600_|_48602_|_48603_|_48604_|_48605_|_48606_|_51955_|_51960_|_60217_|_60255_|_60256_|_60259_|_60260_|_60261_|_60262_|_79512_|_79517_|_79518_|_79521_|_81476_|_81492_|_82904_|_83070_|_84443_|_86406_|systolic.data_queue[63][2]$_SDFFE_PN0P_|systolic.matrix_mul_2D[63][20]$_SDFFE_PN0P_
-0.624279	systolic.data_queue[63][2]$_SDFFE_PN0P_/Q	systolic.matrix_mul_2D[63][20]$_SDFFE_PN0P_/D	_48594_|_48595_|_48596_|_48599_|_48600_|_48602_|_48603_|_48604_|_48605_|_48606_|_51955_|_51960_|_60217_|_60255_|_60256_|_60259_|_60260_|_60261_|_60262_|_79512_|_79517_|_79518_|_79521_|_81476_|_81492_|_82904_|_83070_|_84443_|_86406_|systolic.data_queue[63][2]$_SDFFE_PN0P_|systolic.matrix_mul_2D[63][20]$_SDFFE_PN0P_
-0.624221	systolic.weight_queue[63][2]$_SDFFE_PN0P_/Q	systolic.matrix_mul_2D[63][20]$_SDFFE_PN0P_/D	_48594_|_48595_|_48596_|_48599_|_48600_|_48602_|_48603_|_48604_|_48605_|_48606_|_51940_|_51970_|_60217_|_60255_|_60256_|_60259_|_60260_|_60261_|_60262_|_79512_|_79517_|_79518_|_79521_|_81476_|_81492_|_82904_|_83070_|_84443_|_86406_|systolic.matrix_mul_2D[63][20]$_SDFFE_PN0P_|systolic.weight_queue[63][2]$_SDFFE_PN0P_
-0.624208	systolic.data_queue[63][2]$_SDFFE_PN0P_/Q	systolic.matrix_mul_2D[63][20]$_SDFFE_PN0P_/D	_48594_|_48595_|_48596_|_48599_|_48600_|_48602_|_48603_|_48604_|_48605_|_48606_|_51955_|_51960_|_60217_|_60255_|_60256_|_60259_|_60260_|_60261_|_60262_|_79512_|_79517_|_79518_|_79521_|_81476_|_81492_|_82904_|_83070_|_84443_|_86406_|systolic.data_queue[63][2]$_SDFFE_PN0P_|systolic.matrix_mul_2D[63][20]$_SDFFE_PN0P_
-0.624207	systolic.weight_queue[63][3]$_SDFFE_PN0P_/Q	systolic.matrix_mul_2D[63][20]$_SDFFE_PN0P_/D	_48594_|_48595_|_48596_|_48599_|_48600_|_48602_|_48603_|_48604_|_48605_|_48606_|_51938_|_51960_|_60217_|_60255_|_60256_|_60259_|_60260_|_60261_|_60262_|_79512_|_79517_|_79518_|_79521_|_81476_|_81492_|_82904_|_83070_|_84443_|_86406_|systolic.matrix_mul_2D[63][20]$_SDFFE_PN0P_|systolic.weight_queue[63][3]$_SDFFE_PN0P_
-0.624205	systolic.data_queue[63][3]$_SDFFE_PN0P_/Q	systolic.matrix_mul_2D[63][20]$_SDFFE_PN0P_/D	_48594_|_48595_|_48596_|_48599_|_48600_|_48602_|_48603_|_48604_|_48605_|_48606_|_51964_|_51970_|_60217_|_60255_|_60256_|_60259_|_60260_|_60261_|_60262_|_79512_|_79517_|_79518_|_79521_|_81476_|_81492_|_82904_|_83070_|_84443_|_86406_|systolic.data_queue[63][3]$_SDFFE_PN0P_|systolic.matrix_mul_2D[63][20]$_SDFFE_PN0P_
-0.624179	systolic.data_queue[63][4]$_SDFFE_PN0P_/Q	systolic.matrix_mul_2D[63][20]$_SDFFE_PN0P_/D	_48594_|_48595_|_48596_|_48599_|_48600_|_48602_|_48603_|_48604_|_48605_|_48606_|_51973_|_51980_|_60217_|_60255_|_60256_|_60259_|_60260_|_60261_|_60262_|_79512_|_79517_|_79518_|_79521_|_81476_|_81492_|_82904_|_83070_|_84443_|_86406_|systolic.data_queue[63][4]$_SDFFE_PN0P_|systolic.matrix_mul_2D[63][20]$_SDFFE_PN0P_
-0.624149	systolic.weight_queue[63][1]$_SDFFE_PN0P_/Q	systolic.matrix_mul_2D[63][20]$_SDFFE_PN0P_/D	_48594_|_48595_|_48596_|_48599_|_48600_|_48602_|_48603_|_48604_|_48605_|_48606_|_51942_|_51980_|_60217_|_60255_|_60256_|_60259_|_60260_|_60261_|_60262_|_79512_|_79517_|_79518_|_79521_|_81476_|_81492_|_82904_|_83070_|_84443_|_86406_|systolic.matrix_mul_2D[63][20]$_SDFFE_PN0P_|systolic.weight_queue[63][1]$_SDFFE_PN0P_
-0.624141	systolic.data_queue[63][3]$_SDFFE_PN0P_/Q	systolic.matrix_mul_2D[63][20]$_SDFFE_PN0P_/D	_48594_|_48595_|_48596_|_48599_|_48600_|_48602_|_48603_|_48604_|_48605_|_48606_|_51964_|_51970_|_60217_|_60255_|_60256_|_60259_|_60260_|_60261_|_60262_|_79512_|_79514_|_79518_|_79521_|_81476_|_81492_|_82904_|_83070_|_84443_|_86406_|systolic.data_queue[63][3]$_SDFFE_PN0P_|systolic.matrix_mul_2D[63][20]$_SDFFE_PN0P_
-0.624135	systolic.weight_queue[63][2]$_SDFFE_PN0P_/Q	systolic.matrix_mul_2D[63][20]$_SDFFE_PN0P_/D	_48594_|_48595_|_48596_|_48599_|_48600_|_48602_|_48603_|_48604_|_48605_|_48606_|_51940_|_51970_|_60217_|_60255_|_60256_|_60259_|_60260_|_60261_|_60262_|_79512_|_79517_|_79518_|_79521_|_81476_|_81492_|_82904_|_83070_|_84443_|_86406_|systolic.matrix_mul_2D[63][20]$_SDFFE_PN0P_|systolic.weight_queue[63][2]$_SDFFE_PN0P_
-0.624115	systolic.weight_queue[63][3]$_SDFFE_PN0P_/Q	systolic.matrix_mul_2D[63][20]$_SDFFE_PN0P_/D	_48594_|_48595_|_48596_|_48599_|_48600_|_48602_|_48603_|_48604_|_48605_|_48606_|_51938_|_51960_|_60217_|_60255_|_60256_|_60259_|_60260_|_60261_|_60262_|_79512_|_79517_|_79518_|_79521_|_81476_|_81492_|_82904_|_83070_|_84443_|_86406_|systolic.matrix_mul_2D[63][20]$_SDFFE_PN0P_|systolic.weight_queue[63][3]$_SDFFE_PN0P_
-0.624071	systolic.weight_queue[63][2]$_SDFFE_PN0P_/Q	systolic.matrix_mul_2D[63][20]$_SDFFE_PN0P_/D	_48594_|_48595_|_48596_|_48599_|_48600_|_48602_|_48603_|_48604_|_48605_|_48606_|_51940_|_51970_|_60217_|_60255_|_60256_|_60259_|_60260_|_60261_|_60262_|_79512_|_79514_|_79518_|_79521_|_81476_|_81492_|_82904_|_83070_|_84443_|_86406_|systolic.matrix_mul_2D[63][20]$_SDFFE_PN0P_|systolic.weight_queue[63][2]$_SDFFE_PN0P_
-0.624061	systolic.weight_queue[63][3]$_SDFFE_PN0P_/Q	systolic.matrix_mul_2D[63][20]$_SDFFE_PN0P_/D	_48594_|_48595_|_48596_|_48599_|_48600_|_48602_|_48603_|_48604_|_48605_|_48606_|_51938_|_51969_|_60217_|_60255_|_60256_|_60259_|_60260_|_60261_|_60262_|_79512_|_79517_|_79518_|_79521_|_81476_|_81492_|_82266_|_84443_|_84792_|_86406_|systolic.matrix_mul_2D[63][20]$_SDFFE_PN0P_|systolic.weight_queue[63][3]$_SDFFE_PN0P_
-0.624061	systolic.data_queue[63][3]$_SDFFE_PN0P_/Q	systolic.matrix_mul_2D[63][20]$_SDFFE_PN0P_/D	_48594_|_48595_|_48596_|_48599_|_48600_|_48602_|_48603_|_48604_|_48605_|_48606_|_51964_|_51970_|_60217_|_60255_|_60256_|_60259_|_60260_|_60261_|_60262_|_79512_|_79517_|_79518_|_79521_|_81476_|_81492_|_82904_|_83070_|_84443_|_86406_|systolic.data_queue[63][3]$_SDFFE_PN0P_|systolic.matrix_mul_2D[63][20]$_SDFFE_PN0P_
-0.624056	systolic.data_queue[63][4]$_SDFFE_PN0P_/Q	systolic.matrix_mul_2D[63][20]$_SDFFE_PN0P_/D	_48594_|_48595_|_48596_|_48599_|_48600_|_48602_|_48603_|_48604_|_48605_|_48606_|_51973_|_51980_|_60217_|_60255_|_60256_|_60259_|_60260_|_60261_|_60262_|_79512_|_79517_|_79518_|_79521_|_81476_|_81492_|_82904_|_83070_|_84443_|_86406_|systolic.data_queue[63][4]$_SDFFE_PN0P_|systolic.matrix_mul_2D[63][20]$_SDFFE_PN0P_
-0.624033	systolic.weight_queue[63][2]$_SDFFE_PN0P_/Q	systolic.matrix_mul_2D[63][20]$_SDFFE_PN0P_/D	_48594_|_48595_|_48596_|_48599_|_48600_|_48602_|_48603_|_48604_|_48605_|_48606_|_51940_|_51970_|_60217_|_60255_|_60256_|_60259_|_60260_|_60261_|_60262_|_79512_|_79517_|_79518_|_79521_|_81476_|_81492_|_82904_|_83070_|_84443_|_86406_|systolic.matrix_mul_2D[63][20]$_SDFFE_PN0P_|systolic.weight_queue[63][2]$_SDFFE_PN0P_
-0.624002	systolic.data_queue[63][7]$_SDFFE_PN0P_/Q	systolic.matrix_mul_2D[63][20]$_SDFFE_PN0P_/D	_48596_|_48599_|_48600_|_48602_|_48603_|_48604_|_48605_|_48606_|_52005_|_52013_|_60217_|_60255_|_60256_|_60259_|_60260_|_60261_|_60262_|_79512_|_79517_|_79518_|_79521_|_81463_|_81475_|_81482_|_83251_|_84443_|_85630_|systolic.data_queue[63][7]$_SDFFE_PN0P_|systolic.matrix_mul_2D[63][20]$_SDFFE_PN0P_
-0.623993	systolic.data_queue[63][4]$_SDFFE_PN0P_/Q	systolic.matrix_mul_2D[63][20]$_SDFFE_PN0P_/D	_48594_|_48595_|_48596_|_48599_|_48600_|_48602_|_48603_|_48604_|_48605_|_48606_|_51973_|_51980_|_60217_|_60255_|_60256_|_60259_|_60260_|_60261_|_60262_|_79512_|_79517_|_79518_|_79521_|_81476_|_81492_|_82904_|_83070_|_84443_|_86406_|systolic.data_queue[63][4]$_SDFFE_PN0P_|systolic.matrix_mul_2D[63][20]$_SDFFE_PN0P_
-0.623993	systolic.weight_queue[63][1]$_SDFFE_PN0P_/Q	systolic.matrix_mul_2D[63][20]$_SDFFE_PN0P_/D	_48594_|_48595_|_48596_|_48599_|_48600_|_48602_|_48603_|_48604_|_48605_|_48606_|_51942_|_51980_|_60217_|_60255_|_60256_|_60259_|_60260_|_60261_|_60262_|_79512_|_79517_|_79518_|_79521_|_81476_|_81492_|_82904_|_83070_|_84443_|_86406_|systolic.matrix_mul_2D[63][20]$_SDFFE_PN0P_|systolic.weight_queue[63][1]$_SDFFE_PN0P_
-0.623970	systolic.weight_queue[63][2]$_SDFFE_PN0P_/Q	systolic.matrix_mul_2D[63][20]$_SDFFE_PN0P_/D	_48594_|_48595_|_48596_|_48599_|_48600_|_48602_|_48603_|_48604_|_48605_|_48606_|_51940_|_51970_|_60217_|_60255_|_60256_|_60259_|_60260_|_60261_|_60262_|_79512_|_79514_|_79518_|_79521_|_81476_|_81492_|_82904_|_83070_|_84443_|_86406_|systolic.matrix_mul_2D[63][20]$_SDFFE_PN0P_|systolic.weight_queue[63][2]$_SDFFE_PN0P_
-0.623930	systolic.weight_queue[63][1]$_SDFFE_PN0P_/Q	systolic.matrix_mul_2D[63][20]$_SDFFE_PN0P_/D	_48594_|_48595_|_48596_|_48599_|_48600_|_48602_|_48603_|_48604_|_48605_|_48606_|_51942_|_51980_|_60217_|_60255_|_60256_|_60259_|_60260_|_60261_|_60262_|_79512_|_79517_|_79518_|_79521_|_81476_|_81492_|_82904_|_83070_|_84443_|_86406_|systolic.matrix_mul_2D[63][20]$_SDFFE_PN0P_|systolic.weight_queue[63][1]$_SDFFE_PN0P_
-0.623907	systolic.data_queue[63][0]$_SDFFE_PN0P_/Q	systolic.matrix_mul_2D[63][20]$_SDFFE_PN0P_/D	_48589_|_48590_|_48599_|_48600_|_48602_|_48603_|_48604_|_48605_|_48606_|_51929_|_51931_|_60217_|_60255_|_60256_|_60259_|_60260_|_60261_|_60262_|_79512_|_79517_|_79518_|_79521_|_81477_|_81486_|_82898_|_84443_|_85049_|_85632_|systolic.data_queue[63][0]$_SDFFE_PN0P_|systolic.matrix_mul_2D[63][20]$_SDFFE_PN0P_
-0.623888	systolic.weight_queue[63][2]$_SDFFE_PN0P_/Q	systolic.matrix_mul_2D[63][20]$_SDFFE_PN0P_/D	_48594_|_48595_|_48596_|_48599_|_48600_|_48602_|_48603_|_48604_|_48605_|_48606_|_51940_|_51970_|_60217_|_60255_|_60256_|_60259_|_60260_|_60261_|_60262_|_79512_|_79517_|_79518_|_79521_|_81476_|_81492_|_82904_|_83070_|_84443_|_86406_|systolic.matrix_mul_2D[63][20]$_SDFFE_PN0P_|systolic.weight_queue[63][2]$_SDFFE_PN0P_
-0.623873	systolic.data_queue[63][3]$_SDFFE_PN0P_/Q	systolic.matrix_mul_2D[63][20]$_SDFFE_PN0P_/D	_48594_|_48595_|_48596_|_48599_|_48600_|_48602_|_48603_|_48604_|_48605_|_48606_|_51964_|_51970_|_60217_|_60255_|_60256_|_60259_|_60260_|_60261_|_60262_|_79512_|_79517_|_79518_|_79521_|_81476_|_81492_|_82904_|_83070_|_84443_|_86406_|systolic.data_queue[63][3]$_SDFFE_PN0P_|systolic.matrix_mul_2D[63][20]$_SDFFE_PN0P_
-0.623868	systolic.data_queue[63][4]$_SDFFE_PN0P_/Q	systolic.matrix_mul_2D[63][20]$_SDFFE_PN0P_/D	_48594_|_48595_|_48596_|_48599_|_48600_|_48602_|_48603_|_48604_|_48605_|_48606_|_51973_|_51980_|_60217_|_60255_|_60256_|_60259_|_60260_|_60261_|_60262_|_79512_|_79517_|_79518_|_79521_|_81476_|_81492_|_82904_|_83070_|_84443_|_86406_|systolic.data_queue[63][4]$_SDFFE_PN0P_|systolic.matrix_mul_2D[63][20]$_SDFFE_PN0P_
-0.623859	systolic.weight_queue[63][1]$_SDFFE_PN0P_/Q	systolic.matrix_mul_2D[63][20]$_SDFFE_PN0P_/D	_48594_|_48595_|_48596_|_48599_|_48600_|_48602_|_48603_|_48604_|_48605_|_48606_|_51942_|_51980_|_60217_|_60255_|_60256_|_60259_|_60260_|_60261_|_60262_|_79512_|_79517_|_79518_|_79521_|_81476_|_81492_|_82904_|_83070_|_84443_|_86406_|systolic.matrix_mul_2D[63][20]$_SDFFE_PN0P_|systolic.weight_queue[63][1]$_SDFFE_PN0P_
-0.623858	systolic.data_queue[63][3]$_SDFFE_PN0P_/Q	systolic.matrix_mul_2D[63][20]$_SDFFE_PN0P_/D	_48594_|_48595_|_48596_|_48599_|_48600_|_48602_|_48603_|_48604_|_48605_|_48606_|_51964_|_51970_|_60217_|_60255_|_60256_|_60259_|_60260_|_60261_|_60262_|_79512_|_79517_|_79518_|_79521_|_81476_|_81492_|_82904_|_83070_|_84443_|_86406_|systolic.data_queue[63][3]$_SDFFE_PN0P_|systolic.matrix_mul_2D[63][20]$_SDFFE_PN0P_
-0.623852	systolic.data_queue[63][3]$_SDFFE_PN0P_/Q	systolic.matrix_mul_2D[63][20]$_SDFFE_PN0P_/D	_48594_|_48595_|_48596_|_48599_|_48600_|_48602_|_48603_|_48604_|_48605_|_48606_|_51964_|_51970_|_60217_|_60255_|_60256_|_60259_|_60260_|_60261_|_60262_|_79512_|_79517_|_79518_|_79521_|_81476_|_81492_|_82904_|_83070_|_84443_|_86406_|systolic.data_queue[63][3]$_SDFFE_PN0P_|systolic.matrix_mul_2D[63][20]$_SDFFE_PN0P_
-0.623834	systolic.weight_queue[63][2]$_SDFFE_PN0P_/Q	systolic.matrix_mul_2D[63][20]$_SDFFE_PN0P_/D	_48589_|_48590_|_48599_|_48600_|_48602_|_48603_|_48604_|_48605_|_48606_|_51940_|_52002_|_60217_|_60255_|_60256_|_60259_|_60260_|_60261_|_60262_|_79512_|_79517_|_79518_|_79521_|_81477_|_81478_|_81486_|_83252_|_84443_|_85632_|systolic.matrix_mul_2D[63][20]$_SDFFE_PN0P_|systolic.weight_queue[63][2]$_SDFFE_PN0P_
-0.623816	systolic.weight_queue[63][2]$_SDFFE_PN0P_/Q	systolic.matrix_mul_2D[63][20]$_SDFFE_PN0P_/D	_48594_|_48595_|_48596_|_48599_|_48600_|_48602_|_48603_|_48604_|_48605_|_48606_|_51940_|_51970_|_60217_|_60255_|_60256_|_60259_|_60260_|_60261_|_60262_|_79512_|_79517_|_79518_|_79521_|_81476_|_81492_|_82904_|_83070_|_84443_|_86406_|systolic.matrix_mul_2D[63][20]$_SDFFE_PN0P_|systolic.weight_queue[63][2]$_SDFFE_PN0P_
-0.623810	systolic.data_queue[63][3]$_SDFFE_PN0P_/Q	systolic.matrix_mul_2D[63][20]$_SDFFE_PN0P_/D	_48594_|_48595_|_48596_|_48599_|_48600_|_48602_|_48603_|_48604_|_48605_|_48606_|_51964_|_51970_|_60217_|_60255_|_60256_|_60259_|_60260_|_60261_|_60262_|_79512_|_79514_|_79518_|_79521_|_81476_|_81492_|_82904_|_83070_|_84443_|_86406_|systolic.data_queue[63][3]$_SDFFE_PN0P_|systolic.matrix_mul_2D[63][20]$_SDFFE_PN0P_
-0.623805	systolic.data_queue[63][4]$_SDFFE_PN0P_/Q	systolic.matrix_mul_2D[63][20]$_SDFFE_PN0P_/D	_48594_|_48595_|_48596_|_48599_|_48600_|_48602_|_48603_|_48604_|_48605_|_48606_|_51973_|_51980_|_60217_|_60255_|_60256_|_60259_|_60260_|_60261_|_60262_|_79512_|_79514_|_79518_|_79521_|_81476_|_81492_|_82904_|_83070_|_84443_|_86406_|systolic.data_queue[63][4]$_SDFFE_PN0P_|systolic.matrix_mul_2D[63][20]$_SDFFE_PN0P_
-0.623805	systolic.weight_queue[63][1]$_SDFFE_PN0P_/Q	systolic.matrix_mul_2D[63][20]$_SDFFE_PN0P_/D	_48594_|_48595_|_48596_|_48599_|_48600_|_48602_|_48603_|_48604_|_48605_|_48606_|_51942_|_51980_|_60217_|_60255_|_60256_|_60259_|_60260_|_60261_|_60262_|_79512_|_79517_|_79518_|_79521_|_81476_|_81492_|_82904_|_83070_|_84443_|_86406_|systolic.matrix_mul_2D[63][20]$_SDFFE_PN0P_|systolic.weight_queue[63][1]$_SDFFE_PN0P_
-0.623742	systolic.weight_queue[63][1]$_SDFFE_PN0P_/Q	systolic.matrix_mul_2D[63][20]$_SDFFE_PN0P_/D	_48594_|_48595_|_48596_|_48599_|_48600_|_48602_|_48603_|_48604_|_48605_|_48606_|_51942_|_51980_|_60217_|_60255_|_60256_|_60259_|_60260_|_60261_|_60262_|_79512_|_79514_|_79518_|_79521_|_81476_|_81492_|_82904_|_83070_|_84443_|_86406_|systolic.matrix_mul_2D[63][20]$_SDFFE_PN0P_|systolic.weight_queue[63][1]$_SDFFE_PN0P_
-0.623701	systolic.weight_queue[63][3]$_SDFFE_PN0P_/Q	systolic.matrix_mul_2D[63][20]$_SDFFE_PN0P_/D	_48594_|_48595_|_48596_|_48599_|_48600_|_48602_|_48603_|_48604_|_48605_|_48606_|_51938_|_51960_|_60217_|_60255_|_60256_|_60259_|_60260_|_60261_|_60262_|_79512_|_79517_|_79518_|_79521_|_81476_|_81492_|_82904_|_83070_|_84443_|_86406_|systolic.matrix_mul_2D[63][20]$_SDFFE_PN0P_|systolic.weight_queue[63][3]$_SDFFE_PN0P_
-0.623682	systolic.data_queue[63][3]$_SDFFE_PN0P_/Q	systolic.matrix_mul_2D[63][20]$_SDFFE_PN0P_/D	_48594_|_48595_|_48596_|_48599_|_48600_|_48602_|_48603_|_48604_|_48605_|_48606_|_51964_|_51970_|_60217_|_60255_|_60256_|_60259_|_60260_|_60261_|_60262_|_79512_|_79517_|_79518_|_79521_|_81476_|_81492_|_82904_|_83070_|_84443_|_86406_|systolic.data_queue[63][3]$_SDFFE_PN0P_|systolic.matrix_mul_2D[63][20]$_SDFFE_PN0P_
-0.623667	systolic.data_queue[63][3]$_SDFFE_PN0P_/Q	systolic.matrix_mul_2D[63][20]$_SDFFE_PN0P_/D	_48594_|_48595_|_48596_|_48599_|_48600_|_48602_|_48603_|_48604_|_48605_|_48606_|_51964_|_51970_|_60217_|_60255_|_60256_|_60259_|_60260_|_60261_|_60262_|_79512_|_79517_|_79518_|_79521_|_81476_|_81492_|_82904_|_83070_|_84443_|_86406_|systolic.data_queue[63][3]$_SDFFE_PN0P_|systolic.matrix_mul_2D[63][20]$_SDFFE_PN0P_
-0.623653	systolic.data_queue[63][7]$_SDFFE_PN0P_/Q	systolic.matrix_mul_2D[63][20]$_SDFFE_PN0P_/D	_48596_|_48599_|_48600_|_48602_|_48603_|_48604_|_48605_|_48606_|_52005_|_52013_|_60217_|_60255_|_60256_|_60259_|_60260_|_60261_|_60262_|_79512_|_79517_|_79518_|_79521_|_81463_|_81475_|_81482_|_83251_|_84443_|_85630_|systolic.data_queue[63][7]$_SDFFE_PN0P_|systolic.matrix_mul_2D[63][20]$_SDFFE_PN0P_
-0.623628	systolic.weight_queue[63][2]$_SDFFE_PN0P_/Q	systolic.matrix_mul_2D[63][20]$_SDFFE_PN0P_/D	_48594_|_48595_|_48596_|_48599_|_48600_|_48602_|_48603_|_48604_|_48605_|_48606_|_51940_|_51970_|_60217_|_60255_|_60256_|_60259_|_60260_|_60261_|_60262_|_79512_|_79517_|_79518_|_79521_|_81476_|_81492_|_82904_|_83070_|_84443_|_86406_|systolic.matrix_mul_2D[63][20]$_SDFFE_PN0P_|systolic.weight_queue[63][2]$_SDFFE_PN0P_
-0.623619	systolic.data_queue[63][3]$_SDFFE_PN0P_/Q	systolic.matrix_mul_2D[63][20]$_SDFFE_PN0P_/D	_48594_|_48595_|_48596_|_48599_|_48600_|_48602_|_48603_|_48604_|_48605_|_48606_|_51964_|_51970_|_60217_|_60255_|_60256_|_60259_|_60260_|_60261_|_60262_|_79512_|_79514_|_79518_|_79521_|_81476_|_81492_|_82904_|_83070_|_84443_|_86406_|systolic.data_queue[63][3]$_SDFFE_PN0P_|systolic.matrix_mul_2D[63][20]$_SDFFE_PN0P_
-0.623614	systolic.weight_queue[63][1]$_SDFFE_PN0P_/Q	systolic.matrix_mul_2D[63][20]$_SDFFE_PN0P_/D	_48594_|_48595_|_48596_|_48599_|_48600_|_48602_|_48603_|_48604_|_48605_|_48606_|_51942_|_51980_|_60217_|_60255_|_60256_|_60259_|_60260_|_60261_|_60262_|_79512_|_79517_|_79518_|_79521_|_81476_|_81492_|_82904_|_83070_|_84443_|_86406_|systolic.matrix_mul_2D[63][20]$_SDFFE_PN0P_|systolic.weight_queue[63][1]$_SDFFE_PN0P_
-0.623612	systolic.weight_queue[63][2]$_SDFFE_PN0P_/Q	systolic.matrix_mul_2D[63][20]$_SDFFE_PN0P_/D	_48594_|_48595_|_48596_|_48599_|_48600_|_48602_|_48603_|_48604_|_48605_|_48606_|_51940_|_51970_|_60217_|_60255_|_60256_|_60259_|_60260_|_60261_|_60262_|_79512_|_79517_|_79518_|_79521_|_81476_|_81492_|_82904_|_83070_|_84443_|_86406_|systolic.matrix_mul_2D[63][20]$_SDFFE_PN0P_|systolic.weight_queue[63][2]$_SDFFE_PN0P_
-0.623597	systolic.weight_queue[63][2]$_SDFFE_PN0P_/Q	systolic.matrix_mul_2D[63][20]$_SDFFE_PN0P_/D	_48594_|_48595_|_48596_|_48599_|_48600_|_48602_|_48603_|_48604_|_48605_|_48606_|_51940_|_51970_|_60217_|_60255_|_60256_|_60259_|_60260_|_60261_|_60262_|_79512_|_79517_|_79518_|_79521_|_81476_|_81492_|_82904_|_83070_|_84443_|_86406_|systolic.matrix_mul_2D[63][20]$_SDFFE_PN0P_|systolic.weight_queue[63][2]$_SDFFE_PN0P_
-0.623575	systolic.data_queue[63][2]$_SDFFE_PN0P_/Q	systolic.matrix_mul_2D[63][20]$_SDFFE_PN0P_/D	_48594_|_48595_|_48596_|_48599_|_48600_|_48602_|_48603_|_48604_|_48605_|_48606_|_51955_|_51960_|_60217_|_60255_|_60256_|_60259_|_60260_|_60261_|_60262_|_79512_|_79517_|_79518_|_79521_|_81476_|_81492_|_82904_|_83070_|_84443_|_86406_|systolic.data_queue[63][2]$_SDFFE_PN0P_|systolic.matrix_mul_2D[63][20]$_SDFFE_PN0P_
-0.623572	systolic.data_queue[63][4]$_SDFFE_PN0P_/Q	systolic.matrix_mul_2D[63][20]$_SDFFE_PN0P_/D	_48594_|_48595_|_48596_|_48599_|_48600_|_48602_|_48603_|_48604_|_48605_|_48606_|_51973_|_51980_|_60217_|_60255_|_60256_|_60259_|_60260_|_60261_|_60262_|_79512_|_79517_|_79518_|_79521_|_81476_|_81492_|_82904_|_83070_|_84443_|_86406_|systolic.data_queue[63][4]$_SDFFE_PN0P_|systolic.matrix_mul_2D[63][20]$_SDFFE_PN0P_
-0.623565	systolic.weight_queue[63][2]$_SDFFE_PN0P_/Q	systolic.matrix_mul_2D[63][20]$_SDFFE_PN0P_/D	_48594_|_48595_|_48596_|_48599_|_48600_|_48602_|_48603_|_48604_|_48605_|_48606_|_51940_|_51970_|_60217_|_60255_|_60256_|_60259_|_60260_|_60261_|_60262_|_79512_|_79514_|_79518_|_79521_|_81476_|_81492_|_82904_|_83070_|_84443_|_86406_|systolic.matrix_mul_2D[63][20]$_SDFFE_PN0P_|systolic.weight_queue[63][2]$_SDFFE_PN0P_
-0.623551	systolic.weight_queue[63][1]$_SDFFE_PN0P_/Q	systolic.matrix_mul_2D[63][20]$_SDFFE_PN0P_/D	_48594_|_48595_|_48596_|_48599_|_48600_|_48602_|_48603_|_48604_|_48605_|_48606_|_51942_|_51980_|_60217_|_60255_|_60256_|_60259_|_60260_|_60261_|_60262_|_79512_|_79514_|_79518_|_79521_|_81476_|_81492_|_82904_|_83070_|_84443_|_86406_|systolic.matrix_mul_2D[63][20]$_SDFFE_PN0P_|systolic.weight_queue[63][1]$_SDFFE_PN0P_
-0.623549	systolic.weight_queue[63][2]$_SDFFE_PN0P_/Q	systolic.matrix_mul_2D[63][20]$_SDFFE_PN0P_/D	_48594_|_48595_|_48596_|_48599_|_48600_|_48602_|_48603_|_48604_|_48605_|_48606_|_51940_|_51970_|_60217_|_60255_|_60256_|_60259_|_60260_|_60261_|_60262_|_79512_|_79514_|_79518_|_79521_|_81476_|_81492_|_82904_|_83070_|_84443_|_86406_|systolic.matrix_mul_2D[63][20]$_SDFFE_PN0P_|systolic.weight_queue[63][2]$_SDFFE_PN0P_
-0.623538	systolic.data_queue[63][3]$_SDFFE_PN0P_/Q	systolic.matrix_mul_2D[63][20]$_SDFFE_PN0P_/D	_48594_|_48595_|_48596_|_48599_|_48600_|_48602_|_48603_|_48604_|_48605_|_48606_|_51964_|_51969_|_60217_|_60255_|_60256_|_60259_|_60260_|_60261_|_60262_|_79512_|_79517_|_79518_|_79521_|_81476_|_81492_|_82266_|_84443_|_84792_|_86406_|systolic.data_queue[63][3]$_SDFFE_PN0P_|systolic.matrix_mul_2D[63][20]$_SDFFE_PN0P_
-0.623483	systolic.data_queue[63][2]$_SDFFE_PN0P_/Q	systolic.matrix_mul_2D[63][20]$_SDFFE_PN0P_/D	_48594_|_48595_|_48596_|_48599_|_48600_|_48602_|_48603_|_48604_|_48605_|_48606_|_51955_|_51960_|_60217_|_60255_|_60256_|_60259_|_60260_|_60261_|_60262_|_79512_|_79517_|_79518_|_79521_|_81476_|_81492_|_82904_|_83070_|_84443_|_86406_|systolic.data_queue[63][2]$_SDFFE_PN0P_|systolic.matrix_mul_2D[63][20]$_SDFFE_PN0P_
-0.623482	systolic.weight_queue[63][3]$_SDFFE_PN0P_/Q	systolic.matrix_mul_2D[63][20]$_SDFFE_PN0P_/D	_48594_|_48595_|_48596_|_48599_|_48600_|_48602_|_48603_|_48604_|_48605_|_48606_|_51938_|_51960_|_60217_|_60255_|_60256_|_60259_|_60260_|_60261_|_60262_|_79512_|_79517_|_79518_|_79521_|_81476_|_81492_|_82904_|_83070_|_84443_|_86406_|systolic.matrix_mul_2D[63][20]$_SDFFE_PN0P_|systolic.weight_queue[63][3]$_SDFFE_PN0P_
-0.623479	systolic.data_queue[63][3]$_SDFFE_PN0P_/Q	systolic.matrix_mul_2D[63][20]$_SDFFE_PN0P_/D	_48594_|_48595_|_48596_|_48599_|_48600_|_48602_|_48603_|_48604_|_48605_|_48606_|_51964_|_51970_|_60217_|_60255_|_60256_|_60259_|_60260_|_60261_|_60262_|_79512_|_79517_|_79518_|_79521_|_81476_|_81492_|_82904_|_83070_|_84443_|_86406_|systolic.data_queue[63][3]$_SDFFE_PN0P_|systolic.matrix_mul_2D[63][20]$_SDFFE_PN0P_
-0.623428	systolic.data_queue[63][7]$_SDFFE_PN0P_/Q	systolic.matrix_mul_2D[63][20]$_SDFFE_PN0P_/D	_48589_|_48590_|_48599_|_48600_|_48602_|_48603_|_48604_|_48605_|_48606_|_52005_|_52012_|_60217_|_60255_|_60256_|_60259_|_60260_|_60261_|_60262_|_79512_|_79517_|_79518_|_79521_|_81477_|_81478_|_81486_|_83252_|_84443_|_85632_|systolic.data_queue[63][7]$_SDFFE_PN0P_|systolic.matrix_mul_2D[63][20]$_SDFFE_PN0P_
-0.623416	systolic.data_queue[63][3]$_SDFFE_PN0P_/Q	systolic.matrix_mul_2D[63][20]$_SDFFE_PN0P_/D	_48594_|_48595_|_48596_|_48599_|_48600_|_48602_|_48603_|_48604_|_48605_|_48606_|_51964_|_51970_|_60217_|_60255_|_60256_|_60259_|_60260_|_60261_|_60262_|_79512_|_79514_|_79518_|_79521_|_81476_|_81492_|_82904_|_83070_|_84443_|_86406_|systolic.data_queue[63][3]$_SDFFE_PN0P_|systolic.matrix_mul_2D[63][20]$_SDFFE_PN0P_
-0.623409	systolic.weight_queue[63][2]$_SDFFE_PN0P_/Q	systolic.matrix_mul_2D[63][20]$_SDFFE_PN0P_/D	_48594_|_48595_|_48596_|_48599_|_48600_|_48602_|_48603_|_48604_|_48605_|_48606_|_51940_|_51970_|_60217_|_60255_|_60256_|_60259_|_60260_|_60261_|_60262_|_79512_|_79517_|_79518_|_79521_|_81476_|_81492_|_82904_|_83070_|_84443_|_86406_|systolic.matrix_mul_2D[63][20]$_SDFFE_PN0P_|systolic.weight_queue[63][2]$_SDFFE_PN0P_
-0.623389	systolic.weight_queue[63][3]$_SDFFE_PN0P_/Q	systolic.matrix_mul_2D[63][20]$_SDFFE_PN0P_/D	_48594_|_48595_|_48596_|_48599_|_48600_|_48602_|_48603_|_48604_|_48605_|_48606_|_51938_|_51960_|_60217_|_60255_|_60256_|_60259_|_60260_|_60261_|_60262_|_79512_|_79517_|_79518_|_79521_|_81476_|_81492_|_82904_|_83070_|_84443_|_86406_|systolic.matrix_mul_2D[63][20]$_SDFFE_PN0P_|systolic.weight_queue[63][3]$_SDFFE_PN0P_
-0.623385	systolic.data_queue[63][4]$_SDFFE_PN0P_/Q	systolic.matrix_mul_2D[63][20]$_SDFFE_PN0P_/D	_48594_|_48595_|_48596_|_48599_|_48600_|_48602_|_48603_|_48604_|_48605_|_48606_|_51973_|_51980_|_60217_|_60255_|_60256_|_60259_|_60260_|_60261_|_60262_|_79512_|_79517_|_79518_|_79521_|_81476_|_81492_|_82904_|_83070_|_84443_|_86406_|systolic.data_queue[63][4]$_SDFFE_PN0P_|systolic.matrix_mul_2D[63][20]$_SDFFE_PN0P_
-0.623365	systolic.weight_queue[63][2]$_SDFFE_PN0P_/Q	systolic.matrix_mul_2D[63][20]$_SDFFE_PN0P_/D	_48594_|_48595_|_48596_|_48599_|_48600_|_48602_|_48603_|_48604_|_48605_|_48606_|_51940_|_51970_|_60217_|_60255_|_60256_|_60259_|_60260_|_60261_|_60262_|_79512_|_79517_|_79518_|_79521_|_81476_|_81492_|_82904_|_83070_|_84443_|_86406_|systolic.matrix_mul_2D[63][20]$_SDFFE_PN0P_|systolic.weight_queue[63][2]$_SDFFE_PN0P_
-0.623346	systolic.weight_queue[63][2]$_SDFFE_PN0P_/Q	systolic.matrix_mul_2D[63][20]$_SDFFE_PN0P_/D	_48594_|_48595_|_48596_|_48599_|_48600_|_48602_|_48603_|_48604_|_48605_|_48606_|_51940_|_51970_|_60217_|_60255_|_60256_|_60259_|_60260_|_60261_|_60262_|_79512_|_79514_|_79518_|_79521_|_81476_|_81492_|_82904_|_83070_|_84443_|_86406_|systolic.matrix_mul_2D[63][20]$_SDFFE_PN0P_|systolic.weight_queue[63][2]$_SDFFE_PN0P_
-0.623335	systolic.data_queue[63][3]$_SDFFE_PN0P_/Q	systolic.matrix_mul_2D[63][20]$_SDFFE_PN0P_/D	_48594_|_48595_|_48596_|_48599_|_48600_|_48602_|_48603_|_48604_|_48605_|_48606_|_51964_|_51970_|_60217_|_60255_|_60256_|_60259_|_60260_|_60261_|_60262_|_79512_|_79517_|_79518_|_79521_|_81476_|_81492_|_82904_|_83070_|_84443_|_86406_|systolic.data_queue[63][3]$_SDFFE_PN0P_|systolic.matrix_mul_2D[63][20]$_SDFFE_PN0P_
-0.623331	systolic.data_queue[63][4]$_SDFFE_PN0P_/Q	systolic.matrix_mul_2D[63][20]$_SDFFE_PN0P_/D	_48594_|_48595_|_48596_|_48599_|_48600_|_48602_|_48603_|_48604_|_48605_|_48606_|_51973_|_51980_|_60217_|_60255_|_60256_|_60259_|_60260_|_60261_|_60262_|_79512_|_79517_|_79518_|_79521_|_81476_|_81492_|_82904_|_83070_|_84443_|_86406_|systolic.data_queue[63][4]$_SDFFE_PN0P_|systolic.matrix_mul_2D[63][20]$_SDFFE_PN0P_
-0.623330	systolic.data_queue[63][3]$_SDFFE_PN0P_/Q	systolic.matrix_mul_2D[63][20]$_SDFFE_PN0P_/D	_48594_|_48595_|_48596_|_48599_|_48600_|_48602_|_48603_|_48604_|_48605_|_48606_|_51964_|_51970_|_60217_|_60255_|_60256_|_60259_|_60260_|_60261_|_60262_|_79512_|_79517_|_79518_|_79521_|_81476_|_81492_|_82904_|_83070_|_84443_|_86406_|systolic.data_queue[63][3]$_SDFFE_PN0P_|systolic.matrix_mul_2D[63][20]$_SDFFE_PN0P_
-0.623325	systolic.data_queue[63][4]$_SDFFE_PN0P_/Q	systolic.matrix_mul_2D[63][20]$_SDFFE_PN0P_/D	_48594_|_48595_|_48596_|_48599_|_48600_|_48602_|_48603_|_48604_|_48605_|_48606_|_51973_|_51980_|_60217_|_60255_|_60256_|_60259_|_60260_|_60261_|_60262_|_79512_|_79517_|_79518_|_79521_|_81476_|_81492_|_82904_|_83070_|_84443_|_86406_|systolic.data_queue[63][4]$_SDFFE_PN0P_|systolic.matrix_mul_2D[63][20]$_SDFFE_PN0P_
-0.623321	systolic.data_queue[63][4]$_SDFFE_PN0P_/Q	systolic.matrix_mul_2D[63][20]$_SDFFE_PN0P_/D	_48594_|_48595_|_48596_|_48599_|_48600_|_48602_|_48603_|_48604_|_48605_|_48606_|_51973_|_51980_|_60217_|_60255_|_60256_|_60259_|_60260_|_60261_|_60262_|_79512_|_79514_|_79518_|_79521_|_81476_|_81492_|_82904_|_83070_|_84443_|_86406_|systolic.data_queue[63][4]$_SDFFE_PN0P_|systolic.matrix_mul_2D[63][20]$_SDFFE_PN0P_
-0.623294	systolic.weight_queue[63][2]$_SDFFE_PN0P_/Q	systolic.matrix_mul_2D[63][20]$_SDFFE_PN0P_/D	_48594_|_48595_|_48596_|_48599_|_48600_|_48602_|_48603_|_48604_|_48605_|_48606_|_51940_|_51970_|_60217_|_60255_|_60256_|_60259_|_60260_|_60261_|_60262_|_79512_|_79517_|_79518_|_79521_|_81476_|_81492_|_82904_|_83070_|_84443_|_86406_|systolic.matrix_mul_2D[63][20]$_SDFFE_PN0P_|systolic.weight_queue[63][2]$_SDFFE_PN0P_
-0.623267	systolic.weight_queue[63][1]$_SDFFE_PN0P_/Q	systolic.matrix_mul_2D[63][20]$_SDFFE_PN0P_/D	_48594_|_48595_|_48596_|_48599_|_48600_|_48602_|_48603_|_48604_|_48605_|_48606_|_51942_|_51980_|_60217_|_60255_|_60256_|_60259_|_60260_|_60261_|_60262_|_79512_|_79517_|_79518_|_79521_|_81476_|_81492_|_82904_|_83070_|_84443_|_86406_|systolic.matrix_mul_2D[63][20]$_SDFFE_PN0P_|systolic.weight_queue[63][1]$_SDFFE_PN0P_
-0.623262	systolic.weight_queue[63][1]$_SDFFE_PN0P_/Q	systolic.matrix_mul_2D[63][20]$_SDFFE_PN0P_/D	_48594_|_48595_|_48596_|_48599_|_48600_|_48602_|_48603_|_48604_|_48605_|_48606_|_51942_|_51980_|_60217_|_60255_|_60256_|_60259_|_60260_|_60261_|_60262_|_79512_|_79517_|_79518_|_79521_|_81476_|_81492_|_82904_|_83070_|_84443_|_86406_|systolic.matrix_mul_2D[63][20]$_SDFFE_PN0P_|systolic.weight_queue[63][1]$_SDFFE_PN0P_
-0.623234	systolic.weight_queue[63][3]$_SDFFE_PN0P_/Q	systolic.matrix_mul_2D[63][20]$_SDFFE_PN0P_/D	_48594_|_48595_|_48596_|_48599_|_48600_|_48602_|_48603_|_48604_|_48605_|_48606_|_51938_|_51969_|_60217_|_60255_|_60256_|_60259_|_60260_|_60261_|_60262_|_79512_|_79517_|_79518_|_79521_|_81476_|_81492_|_82266_|_84443_|_84792_|_86406_|systolic.matrix_mul_2D[63][20]$_SDFFE_PN0P_|systolic.weight_queue[63][3]$_SDFFE_PN0P_
-0.623198	systolic.weight_queue[63][3]$_SDFFE_PN0P_/Q	systolic.matrix_mul_2D[63][20]$_SDFFE_PN0P_/D	_48594_|_48595_|_48596_|_48599_|_48600_|_48602_|_48603_|_48604_|_48605_|_48606_|_51938_|_51960_|_60217_|_60255_|_60256_|_60259_|_60260_|_60261_|_60262_|_79512_|_79517_|_79518_|_79521_|_81476_|_81492_|_82904_|_83070_|_84443_|_86406_|systolic.matrix_mul_2D[63][20]$_SDFFE_PN0P_|systolic.weight_queue[63][3]$_SDFFE_PN0P_
-0.623154	systolic.data_queue[63][2]$_SDFFE_PN0P_/Q	systolic.matrix_mul_2D[63][20]$_SDFFE_PN0P_/D	_48594_|_48595_|_48596_|_48599_|_48600_|_48602_|_48603_|_48604_|_48605_|_48606_|_51955_|_51960_|_60217_|_60255_|_60256_|_60259_|_60260_|_60261_|_60262_|_79512_|_79517_|_79518_|_79521_|_81476_|_81492_|_82904_|_83070_|_84443_|_86406_|systolic.data_queue[63][2]$_SDFFE_PN0P_|systolic.matrix_mul_2D[63][20]$_SDFFE_PN0P_
-0.623144	systolic.data_queue[63][3]$_SDFFE_PN0P_/Q	systolic.matrix_mul_2D[63][20]$_SDFFE_PN0P_/D	_48594_|_48595_|_48596_|_48599_|_48600_|_48602_|_48603_|_48604_|_48605_|_48606_|_51964_|_51970_|_60217_|_60255_|_60256_|_60259_|_60260_|_60261_|_60262_|_79512_|_79517_|_79518_|_79521_|_81476_|_81492_|_82904_|_83070_|_84443_|_86406_|systolic.data_queue[63][3]$_SDFFE_PN0P_|systolic.matrix_mul_2D[63][20]$_SDFFE_PN0P_
-0.623106	systolic.weight_queue[63][2]$_SDFFE_PN0P_/Q	systolic.matrix_mul_2D[63][20]$_SDFFE_PN0P_/D	_48594_|_48595_|_48596_|_48599_|_48600_|_48602_|_48603_|_48604_|_48605_|_48606_|_51940_|_51970_|_60217_|_60255_|_60256_|_60259_|_60260_|_60261_|_60262_|_79512_|_79517_|_79518_|_79521_|_81476_|_81492_|_82904_|_83070_|_84443_|_86406_|systolic.matrix_mul_2D[63][20]$_SDFFE_PN0P_|systolic.weight_queue[63][2]$_SDFFE_PN0P_
-0.623091	systolic.weight_queue[63][2]$_SDFFE_PN0P_/Q	systolic.matrix_mul_2D[63][20]$_SDFFE_PN0P_/D	_48594_|_48595_|_48596_|_48599_|_48600_|_48602_|_48603_|_48604_|_48605_|_48606_|_51940_|_51970_|_60217_|_60255_|_60256_|_60259_|_60260_|_60261_|_60262_|_79512_|_79517_|_79518_|_79521_|_81476_|_81492_|_82904_|_83070_|_84443_|_86406_|systolic.matrix_mul_2D[63][20]$_SDFFE_PN0P_|systolic.weight_queue[63][2]$_SDFFE_PN0P_
-0.623079	systolic.data_queue[63][7]$_SDFFE_PN0P_/Q	systolic.matrix_mul_2D[63][20]$_SDFFE_PN0P_/D	_48589_|_48590_|_48599_|_48600_|_48602_|_48603_|_48604_|_48605_|_48606_|_52005_|_52012_|_60217_|_60255_|_60256_|_60259_|_60260_|_60261_|_60262_|_79512_|_79517_|_79518_|_79521_|_81477_|_81478_|_81486_|_83252_|_84443_|_85632_|systolic.data_queue[63][7]$_SDFFE_PN0P_|systolic.matrix_mul_2D[63][20]$_SDFFE_PN0P_
-0.623076	systolic.weight_queue[63][1]$_SDFFE_PN0P_/Q	systolic.matrix_mul_2D[63][20]$_SDFFE_PN0P_/D	_48594_|_48595_|_48596_|_48599_|_48600_|_48602_|_48603_|_48604_|_48605_|_48606_|_51942_|_51980_|_60217_|_60255_|_60256_|_60259_|_60260_|_60261_|_60262_|_79512_|_79517_|_79518_|_79521_|_81476_|_81492_|_82904_|_83070_|_84443_|_86406_|systolic.matrix_mul_2D[63][20]$_SDFFE_PN0P_|systolic.weight_queue[63][1]$_SDFFE_PN0P_
-0.623074	systolic.weight_queue[63][2]$_SDFFE_PN0P_/Q	systolic.matrix_mul_2D[63][20]$_SDFFE_PN0P_/D	_48594_|_48595_|_48596_|_48599_|_48600_|_48602_|_48603_|_48604_|_48605_|_48606_|_51940_|_51970_|_60217_|_60255_|_60256_|_60259_|_60260_|_60261_|_60262_|_79512_|_79517_|_79518_|_79521_|_81476_|_81492_|_82904_|_83070_|_84443_|_86406_|systolic.matrix_mul_2D[63][20]$_SDFFE_PN0P_|systolic.weight_queue[63][2]$_SDFFE_PN0P_
-0.623066	systolic.data_queue[63][4]$_SDFFE_PN0P_/Q	systolic.matrix_mul_2D[63][20]$_SDFFE_PN0P_/D	_48594_|_48595_|_48596_|_48599_|_48600_|_48602_|_48603_|_48604_|_48605_|_48606_|_51973_|_51980_|_60217_|_60255_|_60256_|_60259_|_60260_|_60261_|_60262_|_79512_|_79517_|_79518_|_79521_|_81476_|_81492_|_82904_|_83070_|_84443_|_86406_|systolic.data_queue[63][4]$_SDFFE_PN0P_|systolic.matrix_mul_2D[63][20]$_SDFFE_PN0P_
-0.623062	systolic.data_queue[63][2]$_SDFFE_PN0P_/Q	systolic.matrix_mul_2D[63][20]$_SDFFE_PN0P_/D	_48594_|_48595_|_48596_|_48599_|_48600_|_48602_|_48603_|_48604_|_48605_|_48606_|_51955_|_51960_|_60217_|_60255_|_60256_|_60259_|_60260_|_60261_|_60262_|_79512_|_79517_|_79518_|_79521_|_81476_|_81492_|_82904_|_83070_|_84443_|_86406_|systolic.data_queue[63][2]$_SDFFE_PN0P_|systolic.matrix_mul_2D[63][20]$_SDFFE_PN0P_
-0.623058	systolic.data_queue[63][3]$_SDFFE_PN0P_/Q	systolic.matrix_mul_2D[63][20]$_SDFFE_PN0P_/D	_48594_|_48595_|_48596_|_48599_|_48600_|_48602_|_48603_|_48604_|_48605_|_48606_|_51964_|_51970_|_60217_|_60255_|_60256_|_60259_|_60260_|_60261_|_60262_|_79512_|_79517_|_79518_|_79521_|_81476_|_81492_|_82904_|_83070_|_84443_|_86406_|systolic.data_queue[63][3]$_SDFFE_PN0P_|systolic.matrix_mul_2D[63][20]$_SDFFE_PN0P_
-0.623042	systolic.weight_queue[63][2]$_SDFFE_PN0P_/Q	systolic.matrix_mul_2D[63][20]$_SDFFE_PN0P_/D	_48594_|_48595_|_48596_|_48599_|_48600_|_48602_|_48603_|_48604_|_48605_|_48606_|_51940_|_51970_|_60217_|_60255_|_60256_|_60259_|_60260_|_60261_|_60262_|_79512_|_79514_|_79518_|_79521_|_81476_|_81492_|_82904_|_83070_|_84443_|_86406_|systolic.matrix_mul_2D[63][20]$_SDFFE_PN0P_|systolic.weight_queue[63][2]$_SDFFE_PN0P_
-0.623003	systolic.weight_queue[63][1]$_SDFFE_PN0P_/Q	systolic.matrix_mul_2D[63][20]$_SDFFE_PN0P_/D	_48594_|_48595_|_48596_|_48599_|_48600_|_48602_|_48603_|_48604_|_48605_|_48606_|_51942_|_51980_|_60217_|_60255_|_60256_|_60259_|_60260_|_60261_|_60262_|_79512_|_79517_|_79518_|_79521_|_81476_|_81492_|_82904_|_83070_|_84443_|_86406_|systolic.matrix_mul_2D[63][20]$_SDFFE_PN0P_|systolic.weight_queue[63][1]$_SDFFE_PN0P_
-0.622994	systolic.data_queue[63][3]$_SDFFE_PN0P_/Q	systolic.matrix_mul_2D[63][20]$_SDFFE_PN0P_/D	_48594_|_48595_|_48596_|_48599_|_48600_|_48602_|_48603_|_48604_|_48605_|_48606_|_51964_|_51970_|_60217_|_60255_|_60256_|_60259_|_60260_|_60261_|_60262_|_79512_|_79514_|_79518_|_79521_|_81476_|_81492_|_82904_|_83070_|_84443_|_86406_|systolic.data_queue[63][3]$_SDFFE_PN0P_|systolic.matrix_mul_2D[63][20]$_SDFFE_PN0P_
-0.622984	systolic.data_queue[63][3]$_SDFFE_PN0P_/Q	systolic.matrix_mul_2D[63][20]$_SDFFE_PN0P_/D	_48594_|_48595_|_48596_|_48599_|_48600_|_48602_|_48603_|_48604_|_48605_|_48606_|_51964_|_51969_|_60217_|_60255_|_60256_|_60259_|_60260_|_60261_|_60262_|_79512_|_79517_|_79518_|_79521_|_81476_|_81492_|_82266_|_84443_|_84792_|_86406_|systolic.data_queue[63][3]$_SDFFE_PN0P_|systolic.matrix_mul_2D[63][20]$_SDFFE_PN0P_
-0.622957	systolic.data_queue[63][3]$_SDFFE_PN0P_/Q	systolic.matrix_mul_2D[63][20]$_SDFFE_PN0P_/D	_48594_|_48595_|_48596_|_48599_|_48600_|_48602_|_48603_|_48604_|_48605_|_48606_|_51964_|_51970_|_60217_|_60255_|_60256_|_60259_|_60260_|_60261_|_60262_|_79512_|_79517_|_79518_|_79521_|_81476_|_81492_|_82904_|_83070_|_84443_|_86406_|systolic.data_queue[63][3]$_SDFFE_PN0P_|systolic.matrix_mul_2D[63][20]$_SDFFE_PN0P_
-0.622910	systolic.data_queue[63][4]$_SDFFE_PN0P_/Q	systolic.matrix_mul_2D[63][20]$_SDFFE_PN0P_/D	_48594_|_48595_|_48596_|_48599_|_48600_|_48602_|_48603_|_48604_|_48605_|_48606_|_51973_|_51980_|_60217_|_60255_|_60256_|_60259_|_60260_|_60261_|_60262_|_79512_|_79517_|_79518_|_79521_|_81476_|_81492_|_82904_|_83070_|_84443_|_86406_|systolic.data_queue[63][4]$_SDFFE_PN0P_|systolic.matrix_mul_2D[63][20]$_SDFFE_PN0P_
-0.622893	systolic.data_queue[63][3]$_SDFFE_PN0P_/Q	systolic.matrix_mul_2D[63][20]$_SDFFE_PN0P_/D	_48594_|_48595_|_48596_|_48599_|_48600_|_48602_|_48603_|_48604_|_48605_|_48606_|_51964_|_51970_|_60217_|_60255_|_60256_|_60259_|_60260_|_60261_|_60262_|_79512_|_79514_|_79518_|_79521_|_81476_|_81492_|_82904_|_83070_|_84443_|_86406_|systolic.data_queue[63][3]$_SDFFE_PN0P_|systolic.matrix_mul_2D[63][20]$_SDFFE_PN0P_
-0.622889	systolic.weight_queue[63][1]$_SDFFE_PN0P_/Q	systolic.matrix_mul_2D[63][20]$_SDFFE_PN0P_/D	_48594_|_48595_|_48596_|_48599_|_48600_|_48602_|_48603_|_48604_|_48605_|_48606_|_51942_|_51980_|_60217_|_60255_|_60256_|_60259_|_60260_|_60261_|_60262_|_79512_|_79517_|_79518_|_79521_|_81476_|_81492_|_82904_|_83070_|_84443_|_86406_|systolic.matrix_mul_2D[63][20]$_SDFFE_PN0P_|systolic.weight_queue[63][1]$_SDFFE_PN0P_
-0.622887	systolic.weight_queue[63][2]$_SDFFE_PN0P_/Q	systolic.matrix_mul_2D[63][20]$_SDFFE_PN0P_/D	_48594_|_48595_|_48596_|_48599_|_48600_|_48602_|_48603_|_48604_|_48605_|_48606_|_51940_|_51970_|_60217_|_60255_|_60256_|_60259_|_60260_|_60261_|_60262_|_79512_|_79517_|_79518_|_79521_|_81476_|_81492_|_82904_|_83070_|_84443_|_86406_|systolic.matrix_mul_2D[63][20]$_SDFFE_PN0P_|systolic.weight_queue[63][2]$_SDFFE_PN0P_
-0.622884	systolic.weight_queue[63][1]$_SDFFE_PN0P_/Q	systolic.matrix_mul_2D[63][20]$_SDFFE_PN0P_/D	_48594_|_48595_|_48596_|_48599_|_48600_|_48602_|_48603_|_48604_|_48605_|_48606_|_51942_|_51980_|_60217_|_60255_|_60256_|_60259_|_60260_|_60261_|_60262_|_79512_|_79517_|_79518_|_79521_|_81476_|_81492_|_82904_|_83070_|_84443_|_86406_|systolic.matrix_mul_2D[63][20]$_SDFFE_PN0P_|systolic.weight_queue[63][1]$_SDFFE_PN0P_
-0.622847	systolic.data_queue[63][4]$_SDFFE_PN0P_/Q	systolic.matrix_mul_2D[63][20]$_SDFFE_PN0P_/D	_48594_|_48595_|_48596_|_48599_|_48600_|_48602_|_48603_|_48604_|_48605_|_48606_|_51973_|_51980_|_60217_|_60255_|_60256_|_60259_|_60260_|_60261_|_60262_|_79512_|_79517_|_79518_|_79521_|_81476_|_81492_|_82904_|_83070_|_84443_|_86406_|systolic.data_queue[63][4]$_SDFFE_PN0P_|systolic.matrix_mul_2D[63][20]$_SDFFE_PN0P_
-0.622844	systolic.weight_queue[63][3]$_SDFFE_PN0P_/Q	systolic.matrix_mul_2D[63][20]$_SDFFE_PN0P_/D	_48594_|_48595_|_48596_|_48599_|_48600_|_48602_|_48603_|_48604_|_48605_|_48606_|_51938_|_51969_|_60217_|_60255_|_60256_|_60259_|_60260_|_60261_|_60262_|_79512_|_79517_|_79518_|_79521_|_81476_|_81492_|_82266_|_84443_|_84792_|_86406_|systolic.matrix_mul_2D[63][20]$_SDFFE_PN0P_|systolic.weight_queue[63][3]$_SDFFE_PN0P_
-0.622825	systolic.weight_queue[63][1]$_SDFFE_PN0P_/Q	systolic.matrix_mul_2D[63][20]$_SDFFE_PN0P_/D	_48594_|_48595_|_48596_|_48599_|_48600_|_48602_|_48603_|_48604_|_48605_|_48606_|_51942_|_51980_|_60217_|_60255_|_60256_|_60259_|_60260_|_60261_|_60262_|_79512_|_79514_|_79518_|_79521_|_81476_|_81492_|_82904_|_83070_|_84443_|_86406_|systolic.matrix_mul_2D[63][20]$_SDFFE_PN0P_|systolic.weight_queue[63][1]$_SDFFE_PN0P_
-0.622823	systolic.weight_queue[63][2]$_SDFFE_PN0P_/Q	systolic.matrix_mul_2D[63][20]$_SDFFE_PN0P_/D	_48594_|_48595_|_48596_|_48599_|_48600_|_48602_|_48603_|_48604_|_48605_|_48606_|_51940_|_51970_|_60217_|_60255_|_60256_|_60259_|_60260_|_60261_|_60262_|_79512_|_79514_|_79518_|_79521_|_81476_|_81492_|_82904_|_83070_|_84443_|_86406_|systolic.matrix_mul_2D[63][20]$_SDFFE_PN0P_|systolic.weight_queue[63][2]$_SDFFE_PN0P_
-0.622811	systolic.data_queue[63][3]$_SDFFE_PN0P_/Q	systolic.matrix_mul_2D[63][20]$_SDFFE_PN0P_/D	_48594_|_48595_|_48596_|_48599_|_48600_|_48602_|_48603_|_48604_|_48605_|_48606_|_51964_|_51970_|_60217_|_60255_|_60256_|_60259_|_60260_|_60261_|_60262_|_79512_|_79517_|_79518_|_79521_|_81476_|_81492_|_82904_|_83070_|_84443_|_86406_|systolic.data_queue[63][3]$_SDFFE_PN0P_|systolic.matrix_mul_2D[63][20]$_SDFFE_PN0P_
-0.622798	systolic.weight_queue[63][4]$_SDFFE_PN0P_/Q	systolic.matrix_mul_2D[63][20]$_SDFFE_PN0P_/D	_48594_|_48595_|_48596_|_48599_|_48600_|_48602_|_48603_|_48604_|_48605_|_48606_|_51936_|_51959_|_60217_|_60255_|_60256_|_60259_|_60260_|_60261_|_60262_|_79512_|_79517_|_79518_|_79521_|_81476_|_81492_|_82266_|_84443_|_84792_|_86406_|systolic.matrix_mul_2D[63][20]$_SDFFE_PN0P_|systolic.weight_queue[63][4]$_SDFFE_PN0P_
-0.622798	systolic.data_queue[63][3]$_SDFFE_PN0P_/Q	systolic.matrix_mul_2D[63][20]$_SDFFE_PN0P_/D	_48594_|_48595_|_48596_|_48599_|_48600_|_48602_|_48603_|_48604_|_48605_|_48606_|_51964_|_51969_|_60217_|_60255_|_60256_|_60259_|_60260_|_60261_|_60262_|_79512_|_79517_|_79518_|_79521_|_81476_|_81492_|_82266_|_84443_|_84792_|_86406_|systolic.data_queue[63][3]$_SDFFE_PN0P_|systolic.matrix_mul_2D[63][20]$_SDFFE_PN0P_
-0.622776	systolic.data_queue[63][4]$_SDFFE_PN0P_/Q	systolic.matrix_mul_2D[63][20]$_SDFFE_PN0P_/D	_48594_|_48595_|_48596_|_48599_|_48600_|_48602_|_48603_|_48604_|_48605_|_48606_|_51973_|_51980_|_60217_|_60255_|_60256_|_60259_|_60260_|_60261_|_60262_|_79512_|_79517_|_79518_|_79521_|_81476_|_81492_|_82904_|_83070_|_84443_|_86406_|systolic.data_queue[63][4]$_SDFFE_PN0P_|systolic.matrix_mul_2D[63][20]$_SDFFE_PN0P_
-0.622739	systolic.data_queue[63][3]$_SDFFE_PN0P_/Q	systolic.matrix_mul_2D[63][20]$_SDFFE_PN0P_/D	_48594_|_48595_|_48596_|_48599_|_48600_|_48602_|_48603_|_48604_|_48605_|_48606_|_51964_|_51970_|_60217_|_60255_|_60256_|_60259_|_60260_|_60261_|_60262_|_79512_|_79517_|_79518_|_79521_|_81476_|_81492_|_82904_|_83070_|_84443_|_86406_|systolic.data_queue[63][3]$_SDFFE_PN0P_|systolic.matrix_mul_2D[63][20]$_SDFFE_PN0P_
-0.622722	systolic.data_queue[63][4]$_SDFFE_PN0P_/Q	systolic.matrix_mul_2D[63][20]$_SDFFE_PN0P_/D	_48594_|_48595_|_48596_|_48599_|_48600_|_48602_|_48603_|_48604_|_48605_|_48606_|_51973_|_51980_|_60217_|_60255_|_60256_|_60259_|_60260_|_60261_|_60262_|_79512_|_79517_|_79518_|_79521_|_81476_|_81492_|_82904_|_83070_|_84443_|_86406_|systolic.data_queue[63][4]$_SDFFE_PN0P_|systolic.matrix_mul_2D[63][20]$_SDFFE_PN0P_
-0.622713	systolic.weight_queue[63][1]$_SDFFE_PN0P_/Q	systolic.matrix_mul_2D[63][20]$_SDFFE_PN0P_/D	_48594_|_48595_|_48596_|_48599_|_48600_|_48602_|_48603_|_48604_|_48605_|_48606_|_51942_|_51980_|_60217_|_60255_|_60256_|_60259_|_60260_|_60261_|_60262_|_79512_|_79517_|_79518_|_79521_|_81476_|_81492_|_82904_|_83070_|_84443_|_86406_|systolic.matrix_mul_2D[63][20]$_SDFFE_PN0P_|systolic.weight_queue[63][1]$_SDFFE_PN0P_
-0.622670	systolic.weight_queue[63][2]$_SDFFE_PN0P_/Q	systolic.matrix_mul_2D[63][20]$_SDFFE_PN0P_/D	_48594_|_48595_|_48596_|_48599_|_48600_|_48602_|_48603_|_48604_|_48605_|_48606_|_51940_|_51970_|_60217_|_60255_|_60256_|_60259_|_60260_|_60261_|_60262_|_79512_|_79517_|_79518_|_79521_|_81476_|_81492_|_82904_|_83070_|_84443_|_86406_|systolic.matrix_mul_2D[63][20]$_SDFFE_PN0P_|systolic.weight_queue[63][2]$_SDFFE_PN0P_
-0.622658	systolic.data_queue[63][4]$_SDFFE_PN0P_/Q	systolic.matrix_mul_2D[63][20]$_SDFFE_PN0P_/D	_48594_|_48595_|_48596_|_48599_|_48600_|_48602_|_48603_|_48604_|_48605_|_48606_|_51973_|_51980_|_60217_|_60255_|_60256_|_60259_|_60260_|_60261_|_60262_|_79512_|_79514_|_79518_|_79521_|_81476_|_81492_|_82904_|_83070_|_84443_|_86406_|systolic.data_queue[63][4]$_SDFFE_PN0P_|systolic.matrix_mul_2D[63][20]$_SDFFE_PN0P_
-0.622648	systolic.data_queue[63][2]$_SDFFE_PN0P_/Q	systolic.matrix_mul_2D[63][20]$_SDFFE_PN0P_/D	_48594_|_48595_|_48596_|_48599_|_48600_|_48602_|_48603_|_48604_|_48605_|_48606_|_51955_|_51960_|_60217_|_60255_|_60256_|_60259_|_60260_|_60261_|_60262_|_79512_|_79517_|_79518_|_79521_|_81476_|_81492_|_82904_|_83070_|_84443_|_86406_|systolic.data_queue[63][2]$_SDFFE_PN0P_|systolic.matrix_mul_2D[63][20]$_SDFFE_PN0P_
-0.622569	systolic.data_queue[63][0]$_SDFFE_PN0P_/Q	systolic.matrix_mul_2D[63][20]$_SDFFE_PN0P_/D	_48589_|_48590_|_48599_|_48600_|_48602_|_48603_|_48604_|_48605_|_48606_|_51929_|_51931_|_60217_|_60255_|_60256_|_60259_|_60260_|_60261_|_60262_|_79512_|_79517_|_79518_|_79521_|_81477_|_81486_|_82898_|_84443_|_85049_|_85632_|systolic.data_queue[63][0]$_SDFFE_PN0P_|systolic.matrix_mul_2D[63][20]$_SDFFE_PN0P_
-0.622568	systolic.weight_queue[63][2]$_SDFFE_PN0P_/Q	systolic.matrix_mul_2D[63][20]$_SDFFE_PN0P_/D	_48594_|_48595_|_48596_|_48599_|_48600_|_48602_|_48603_|_48604_|_48605_|_48606_|_51940_|_51970_|_60217_|_60255_|_60256_|_60259_|_60260_|_60261_|_60262_|_79512_|_79517_|_79518_|_79521_|_81476_|_81492_|_82904_|_83070_|_84443_|_86406_|systolic.matrix_mul_2D[63][20]$_SDFFE_PN0P_|systolic.weight_queue[63][2]$_SDFFE_PN0P_
-0.622554	systolic.weight_queue[63][3]$_SDFFE_PN0P_/Q	systolic.matrix_mul_2D[63][20]$_SDFFE_PN0P_/D	_48594_|_48595_|_48596_|_48599_|_48600_|_48602_|_48603_|_48604_|_48605_|_48606_|_51938_|_51960_|_60217_|_60255_|_60256_|_60259_|_60260_|_60261_|_60262_|_79512_|_79517_|_79518_|_79521_|_81476_|_81492_|_82904_|_83070_|_84443_|_86406_|systolic.matrix_mul_2D[63][20]$_SDFFE_PN0P_|systolic.weight_queue[63][3]$_SDFFE_PN0P_
-0.622552	systolic.data_queue[63][3]$_SDFFE_PN0P_/Q	systolic.matrix_mul_2D[63][20]$_SDFFE_PN0P_/D	_48594_|_48595_|_48596_|_48599_|_48600_|_48602_|_48603_|_48604_|_48605_|_48606_|_51964_|_51970_|_60217_|_60255_|_60256_|_60259_|_60260_|_60261_|_60262_|_79512_|_79517_|_79518_|_79521_|_81476_|_81492_|_82904_|_83070_|_84443_|_86406_|systolic.data_queue[63][3]$_SDFFE_PN0P_|systolic.matrix_mul_2D[63][20]$_SDFFE_PN0P_
-0.622550	systolic.weight_queue[63][2]$_SDFFE_PN0P_/Q	systolic.matrix_mul_2D[63][20]$_SDFFE_PN0P_/D	_48594_|_48595_|_48596_|_48599_|_48600_|_48602_|_48603_|_48604_|_48605_|_48606_|_51940_|_51970_|_60217_|_60255_|_60256_|_60259_|_60260_|_60261_|_60262_|_79512_|_79517_|_79518_|_79521_|_81476_|_81492_|_82904_|_83070_|_84443_|_86406_|systolic.matrix_mul_2D[63][20]$_SDFFE_PN0P_|systolic.weight_queue[63][2]$_SDFFE_PN0P_
-0.622536	systolic.data_queue[63][3]$_SDFFE_PN0P_/Q	systolic.matrix_mul_2D[63][20]$_SDFFE_PN0P_/D	_48594_|_48595_|_48596_|_48599_|_48600_|_48602_|_48603_|_48604_|_48605_|_48606_|_51964_|_51970_|_60217_|_60255_|_60256_|_60259_|_60260_|_60261_|_60262_|_79512_|_79517_|_79518_|_79521_|_81476_|_81492_|_82904_|_83070_|_84443_|_86406_|systolic.data_queue[63][3]$_SDFFE_PN0P_|systolic.matrix_mul_2D[63][20]$_SDFFE_PN0P_
-0.622531	systolic.data_queue[63][4]$_SDFFE_PN0P_/Q	systolic.matrix_mul_2D[63][20]$_SDFFE_PN0P_/D	_48594_|_48595_|_48596_|_48599_|_48600_|_48602_|_48603_|_48604_|_48605_|_48606_|_51973_|_51980_|_60217_|_60255_|_60256_|_60259_|_60260_|_60261_|_60262_|_79512_|_79517_|_79518_|_79521_|_81476_|_81492_|_82904_|_83070_|_84443_|_86406_|systolic.data_queue[63][4]$_SDFFE_PN0P_|systolic.matrix_mul_2D[63][20]$_SDFFE_PN0P_
-0.622520	systolic.data_queue[63][3]$_SDFFE_PN0P_/Q	systolic.matrix_mul_2D[63][20]$_SDFFE_PN0P_/D	_48594_|_48595_|_48596_|_48599_|_48600_|_48602_|_48603_|_48604_|_48605_|_48606_|_51964_|_51970_|_60217_|_60255_|_60256_|_60259_|_60260_|_60261_|_60262_|_79512_|_79517_|_79518_|_79521_|_81476_|_81492_|_82904_|_83070_|_84443_|_86406_|systolic.data_queue[63][3]$_SDFFE_PN0P_|systolic.matrix_mul_2D[63][20]$_SDFFE_PN0P_
-0.622491	systolic.weight_queue[63][2]$_SDFFE_PN0P_/Q	systolic.matrix_mul_2D[63][20]$_SDFFE_PN0P_/D	_48594_|_48595_|_48596_|_48599_|_48600_|_48602_|_48603_|_48604_|_48605_|_48606_|_51940_|_51979_|_60217_|_60255_|_60256_|_60259_|_60260_|_60261_|_60262_|_79512_|_79517_|_79518_|_79521_|_81476_|_81492_|_82266_|_84443_|_84792_|_86406_|systolic.matrix_mul_2D[63][20]$_SDFFE_PN0P_|systolic.weight_queue[63][2]$_SDFFE_PN0P_
-0.622488	systolic.data_queue[63][3]$_SDFFE_PN0P_/Q	systolic.matrix_mul_2D[63][20]$_SDFFE_PN0P_/D	_48594_|_48595_|_48596_|_48599_|_48600_|_48602_|_48603_|_48604_|_48605_|_48606_|_51964_|_51970_|_60217_|_60255_|_60256_|_60259_|_60260_|_60261_|_60262_|_79512_|_79514_|_79518_|_79521_|_81476_|_81492_|_82904_|_83070_|_84443_|_86406_|systolic.data_queue[63][3]$_SDFFE_PN0P_|systolic.matrix_mul_2D[63][20]$_SDFFE_PN0P_
-0.622482	systolic.weight_queue[63][2]$_SDFFE_PN0P_/Q	systolic.matrix_mul_2D[63][20]$_SDFFE_PN0P_/D	_48594_|_48595_|_48596_|_48599_|_48600_|_48602_|_48603_|_48604_|_48605_|_48606_|_51940_|_51970_|_60217_|_60255_|_60256_|_60259_|_60260_|_60261_|_60262_|_79512_|_79517_|_79518_|_79521_|_81476_|_81492_|_82904_|_83070_|_84443_|_86406_|systolic.matrix_mul_2D[63][20]$_SDFFE_PN0P_|systolic.weight_queue[63][2]$_SDFFE_PN0P_
-0.622472	systolic.data_queue[63][3]$_SDFFE_PN0P_/Q	systolic.matrix_mul_2D[63][20]$_SDFFE_PN0P_/D	_48594_|_48595_|_48596_|_48599_|_48600_|_48602_|_48603_|_48604_|_48605_|_48606_|_51964_|_51970_|_60217_|_60255_|_60256_|_60259_|_60260_|_60261_|_60262_|_79512_|_79514_|_79518_|_79521_|_81476_|_81492_|_82904_|_83070_|_84443_|_86406_|systolic.data_queue[63][3]$_SDFFE_PN0P_|systolic.matrix_mul_2D[63][20]$_SDFFE_PN0P_
-0.622467	systolic.data_queue[63][4]$_SDFFE_PN0P_/Q	systolic.matrix_mul_2D[63][20]$_SDFFE_PN0P_/D	_48594_|_48595_|_48596_|_48599_|_48600_|_48602_|_48603_|_48604_|_48605_|_48606_|_51973_|_51980_|_60217_|_60255_|_60256_|_60259_|_60260_|_60261_|_60262_|_79512_|_79514_|_79518_|_79521_|_81476_|_81492_|_82904_|_83070_|_84443_|_86406_|systolic.data_queue[63][4]$_SDFFE_PN0P_|systolic.matrix_mul_2D[63][20]$_SDFFE_PN0P_
-0.622468	systolic.weight_queue[63][1]$_SDFFE_PN0P_/Q	systolic.matrix_mul_2D[63][20]$_SDFFE_PN0P_/D	_48594_|_48595_|_48596_|_48599_|_48600_|_48602_|_48603_|_48604_|_48605_|_48606_|_51942_|_51980_|_60217_|_60255_|_60256_|_60259_|_60260_|_60261_|_60262_|_79512_|_79517_|_79518_|_79521_|_81476_|_81492_|_82904_|_83070_|_84443_|_86406_|systolic.matrix_mul_2D[63][20]$_SDFFE_PN0P_|systolic.weight_queue[63][1]$_SDFFE_PN0P_
-0.622429	systolic.data_queue[63][2]$_SDFFE_PN0P_/Q	systolic.matrix_mul_2D[63][20]$_SDFFE_PN0P_/D	_48594_|_48595_|_48596_|_48599_|_48600_|_48602_|_48603_|_48604_|_48605_|_48606_|_51955_|_51960_|_60217_|_60255_|_60256_|_60259_|_60260_|_60261_|_60262_|_79512_|_79517_|_79518_|_79521_|_81476_|_81492_|_82904_|_83070_|_84443_|_86406_|systolic.data_queue[63][2]$_SDFFE_PN0P_|systolic.matrix_mul_2D[63][20]$_SDFFE_PN0P_
-0.622426	systolic.weight_queue[63][7]$_SDFFE_PN0P_/Q	systolic.matrix_mul_2D[63][20]$_SDFFE_PN0P_/D	_48589_|_48590_|_48599_|_48600_|_48602_|_48603_|_48604_|_48605_|_48606_|_51930_|_51931_|_60217_|_60255_|_60256_|_60259_|_60260_|_60261_|_60262_|_79512_|_79517_|_79518_|_79521_|_81477_|_81486_|_82898_|_84443_|_85049_|_85632_|systolic.matrix_mul_2D[63][20]$_SDFFE_PN0P_|systolic.weight_queue[63][7]$_SDFFE_PN0P_
