# slack_ns	startpoint	endpoint	cells
-0.600372	s05_axi_araddr[28]	axi_crossbar_inst.axi_crossbar_rd_inst.s_ifaces[5].addr_inst.thread_count_reg[1][4]$_SDFFE_PP0P_/D	_41301_|_41303_|_41305_|_41308_|_41337_|_41338_|_41339_|_41359_|_41363_|_43839_|_57266_|_57282_|_70632_|_70633_|_70634_|_70635_|_70636_|_70637_|_73337_|_73544_|axi_crossbar_inst.axi_crossbar_rd_inst.s_ifaces[5].addr_inst.thread_count_reg[1][4]$_SDFFE_PP0P_
-0.599162	s05_axi_araddr[29]	axi_crossbar_inst.axi_crossbar_rd_inst.s_ifaces[5].addr_inst.thread_count_reg[1][4]$_SDFFE_PP0P_/D	_41300_|_41303_|_41305_|_41308_|_41337_|_41338_|_41339_|_41359_|_41363_|_43839_|_57266_|_57282_|_70632_|_70633_|_70634_|_70635_|_70636_|_70637_|_73337_|_73544_|axi_crossbar_inst.axi_crossbar_rd_inst.s_ifaces[5].addr_inst.thread_count_reg[1][4]$_SDFFE_PP0P_
-0.599078	s05_axi_araddr[27]	axi_crossbar_inst.axi_crossbar_rd_inst.s_ifaces[5].addr_inst.thread_count_reg[1][4]$_SDFFE_PP0P_/D	_41302_|_41303_|_41305_|_41308_|_41337_|_41338_|_41339_|_41359_|_41363_|_43839_|_57266_|_57282_|_70632_|_70633_|_70634_|_70635_|_70636_|_70637_|_73337_|_73544_|axi_crossbar_inst.axi_crossbar_rd_inst.s_ifaces[5].addr_inst.thread_count_reg[1][4]$_SDFFE_PP0P_
-0.599046	s05_axi_araddr[28]	axi_crossbar_inst.axi_crossbar_rd_inst.s_ifaces[5].addr_inst.thread_count_reg[0][4]$_SDFFE_PP0P_/D	_41301_|_41303_|_41305_|_41308_|_41337_|_41338_|_41339_|_41359_|_41363_|_41630_|_57165_|_68773_|_70578_|_70579_|_70580_|_70581_|_70582_|_70583_|_73463_|_73541_|axi_crossbar_inst.axi_crossbar_rd_inst.s_ifaces[5].addr_inst.thread_count_reg[0][4]$_SDFFE_PP0P_
-0.597836	s05_axi_araddr[29]	axi_crossbar_inst.axi_crossbar_rd_inst.s_ifaces[5].addr_inst.thread_count_reg[0][4]$_SDFFE_PP0P_/D	_41300_|_41303_|_41305_|_41308_|_41337_|_41338_|_41339_|_41359_|_41363_|_41630_|_57165_|_68773_|_70578_|_70579_|_70580_|_70581_|_70582_|_70583_|_73463_|_73541_|axi_crossbar_inst.axi_crossbar_rd_inst.s_ifaces[5].addr_inst.thread_count_reg[0][4]$_SDFFE_PP0P_
-0.597752	s05_axi_araddr[27]	axi_crossbar_inst.axi_crossbar_rd_inst.s_ifaces[5].addr_inst.thread_count_reg[0][4]$_SDFFE_PP0P_/D	_41302_|_41303_|_41305_|_41308_|_41337_|_41338_|_41339_|_41359_|_41363_|_41630_|_57165_|_68773_|_70578_|_70579_|_70580_|_70581_|_70582_|_70583_|_73463_|_73541_|axi_crossbar_inst.axi_crossbar_rd_inst.s_ifaces[5].addr_inst.thread_count_reg[0][4]$_SDFFE_PP0P_
-0.595256	s05_axi_araddr[28]	axi_crossbar_inst.axi_crossbar_rd_inst.s_ifaces[5].addr_inst.thread_count_reg[1][4]$_SDFFE_PP0P_/D	_41301_|_41303_|_41305_|_41308_|_41337_|_41338_|_41339_|_41359_|_41363_|_43839_|_57266_|_57282_|_70632_|_70633_|_70634_|_70635_|_70636_|_70637_|_73337_|_73544_|axi_crossbar_inst.axi_crossbar_rd_inst.s_ifaces[5].addr_inst.thread_count_reg[1][4]$_SDFFE_PP0P_
-0.594676	s05_axi_araddr[28]	axi_crossbar_inst.axi_crossbar_rd_inst.s_ifaces[5].addr_inst.thread_count_reg[1][4]$_SDFFE_PP0P_/D	_41301_|_41303_|_41305_|_41308_|_41337_|_41338_|_41339_|_41359_|_41363_|_43839_|_57266_|_57282_|_70632_|_70633_|_70634_|_70635_|_70636_|_70637_|_73337_|_73544_|axi_crossbar_inst.axi_crossbar_rd_inst.s_ifaces[5].addr_inst.thread_count_reg[1][4]$_SDFFE_PP0P_
-0.594046	s05_axi_araddr[29]	axi_crossbar_inst.axi_crossbar_rd_inst.s_ifaces[5].addr_inst.thread_count_reg[1][4]$_SDFFE_PP0P_/D	_41300_|_41303_|_41305_|_41308_|_41337_|_41338_|_41339_|_41359_|_41363_|_43839_|_57266_|_57282_|_70632_|_70633_|_70634_|_70635_|_70636_|_70637_|_73337_|_73544_|axi_crossbar_inst.axi_crossbar_rd_inst.s_ifaces[5].addr_inst.thread_count_reg[1][4]$_SDFFE_PP0P_
-0.593962	s05_axi_araddr[27]	axi_crossbar_inst.axi_crossbar_rd_inst.s_ifaces[5].addr_inst.thread_count_reg[1][4]$_SDFFE_PP0P_/D	_41302_|_41303_|_41305_|_41308_|_41337_|_41338_|_41339_|_41359_|_41363_|_43839_|_57266_|_57282_|_70632_|_70633_|_70634_|_70635_|_70636_|_70637_|_73337_|_73544_|axi_crossbar_inst.axi_crossbar_rd_inst.s_ifaces[5].addr_inst.thread_count_reg[1][4]$_SDFFE_PP0P_
-0.593466	s05_axi_araddr[29]	axi_crossbar_inst.axi_crossbar_rd_inst.s_ifaces[5].addr_inst.thread_count_reg[1][4]$_SDFFE_PP0P_/D	_41300_|_41303_|_41305_|_41308_|_41337_|_41338_|_41339_|_41359_|_41363_|_43839_|_57266_|_57282_|_70632_|_70633_|_70634_|_70635_|_70636_|_70637_|_73337_|_73544_|axi_crossbar_inst.axi_crossbar_rd_inst.s_ifaces[5].addr_inst.thread_count_reg[1][4]$_SDFFE_PP0P_
-0.593382	s05_axi_araddr[27]	axi_crossbar_inst.axi_crossbar_rd_inst.s_ifaces[5].addr_inst.thread_count_reg[1][4]$_SDFFE_PP0P_/D	_41302_|_41303_|_41305_|_41308_|_41337_|_41338_|_41339_|_41359_|_41363_|_43839_|_57266_|_57282_|_70632_|_70633_|_70634_|_70635_|_70636_|_70637_|_73337_|_73544_|axi_crossbar_inst.axi_crossbar_rd_inst.s_ifaces[5].addr_inst.thread_count_reg[1][4]$_SDFFE_PP0P_
-0.593351	s05_axi_araddr[28]	axi_crossbar_inst.axi_crossbar_rd_inst.s_ifaces[5].addr_inst.thread_count_reg[0][4]$_SDFFE_PP0P_/D	_41301_|_41303_|_41305_|_41308_|_41337_|_41338_|_41339_|_41359_|_41363_|_41630_|_57165_|_68773_|_70578_|_70579_|_70580_|_70581_|_70582_|_70583_|_73463_|_73541_|axi_crossbar_inst.axi_crossbar_rd_inst.s_ifaces[5].addr_inst.thread_count_reg[0][4]$_SDFFE_PP0P_
-0.592140	s05_axi_araddr[29]	axi_crossbar_inst.axi_crossbar_rd_inst.s_ifaces[5].addr_inst.thread_count_reg[0][4]$_SDFFE_PP0P_/D	_41300_|_41303_|_41305_|_41308_|_41337_|_41338_|_41339_|_41359_|_41363_|_41630_|_57165_|_68773_|_70578_|_70579_|_70580_|_70581_|_70582_|_70583_|_73463_|_73541_|axi_crossbar_inst.axi_crossbar_rd_inst.s_ifaces[5].addr_inst.thread_count_reg[0][4]$_SDFFE_PP0P_
-0.592057	s05_axi_araddr[27]	axi_crossbar_inst.axi_crossbar_rd_inst.s_ifaces[5].addr_inst.thread_count_reg[0][4]$_SDFFE_PP0P_/D	_41302_|_41303_|_41305_|_41308_|_41337_|_41338_|_41339_|_41359_|_41363_|_41630_|_57165_|_68773_|_70578_|_70579_|_70580_|_70581_|_70582_|_70583_|_73463_|_73541_|axi_crossbar_inst.axi_crossbar_rd_inst.s_ifaces[5].addr_inst.thread_count_reg[0][4]$_SDFFE_PP0P_
-0.590931	s05_axi_araddr[28]	axi_crossbar_inst.axi_crossbar_rd_inst.s_ifaces[5].addr_inst.thread_count_reg[0][4]$_SDFFE_PP0P_/D	_41301_|_41303_|_41305_|_41308_|_41337_|_41338_|_41339_|_41359_|_41363_|_41630_|_57165_|_68773_|_70578_|_70579_|_70580_|_70581_|_70582_|_70583_|_73463_|_73541_|axi_crossbar_inst.axi_crossbar_rd_inst.s_ifaces[5].addr_inst.thread_count_reg[0][4]$_SDFFE_PP0P_
-0.589720	s05_axi_araddr[29]	axi_crossbar_inst.axi_crossbar_rd_inst.s_ifaces[5].addr_inst.thread_count_reg[0][4]$_SDFFE_PP0P_/D	_41300_|_41303_|_41305_|_41308_|_41337_|_41338_|_41339_|_41359_|_41363_|_41630_|_57165_|_68773_|_70578_|_70579_|_70580_|_70581_|_70582_|_70583_|_73463_|_73541_|axi_crossbar_inst.axi_crossbar_rd_inst.s_ifaces[5].addr_inst.thread_count_reg[0][4]$_SDFFE_PP0P_
-0.589637	s05_axi_araddr[27]	axi_crossbar_inst.axi_crossbar_rd_inst.s_ifaces[5].addr_inst.thread_count_reg[0][4]$_SDFFE_PP0P_/D	_41302_|_41303_|_41305_|_41308_|_41337_|_41338_|_41339_|_41359_|_41363_|_41630_|_57165_|_68773_|_70578_|_70579_|_70580_|_70581_|_70582_|_70583_|_73463_|_73541_|axi_crossbar_inst.axi_crossbar_rd_inst.s_ifaces[5].addr_inst.thread_count_reg[0][4]$_SDFFE_PP0P_
-0.587481	s07_axi_araddr[30]	axi_crossbar_inst.axi_crossbar_rd_inst.s_ifaces[7].addr_inst.thread_count_reg[1][4]$_SDFFE_PP0P_/D	_41803_|_44345_|_44346_|_44347_|_44351_|_60001_|_60002_|_60019_|_60020_|_60024_|_60078_|_60094_|_71158_|_71159_|_71160_|_71161_|_71162_|_71163_|_73312_|_73559_|axi_crossbar_inst.axi_crossbar_rd_inst.s_ifaces[7].addr_inst.thread_count_reg[1][4]$_SDFFE_PP0P_
-0.587204	s05_axi_araddr[28]	axi_crossbar_inst.axi_crossbar_rd_inst.s_ifaces[5].addr_inst.thread_count_reg[1][4]$_SDFFE_PP0P_/D	_41301_|_41303_|_41305_|_41308_|_41337_|_41338_|_41339_|_41359_|_41363_|_43839_|_57266_|_57282_|_70632_|_70633_|_70634_|_70635_|_70636_|_70637_|_73337_|_73544_|axi_crossbar_inst.axi_crossbar_rd_inst.s_ifaces[5].addr_inst.thread_count_reg[1][4]$_SDFFE_PP0P_
-0.586562	s07_axi_araddr[30]	axi_crossbar_inst.axi_crossbar_rd_inst.s_ifaces[7].addr_inst.thread_count_reg[1][4]$_SDFFE_PP0P_/D	_41803_|_44345_|_44346_|_44347_|_44353_|_60017_|_60018_|_60019_|_60020_|_60024_|_60078_|_60094_|_71158_|_71159_|_71160_|_71161_|_71162_|_71163_|_73312_|_73559_|axi_crossbar_inst.axi_crossbar_rd_inst.s_ifaces[7].addr_inst.thread_count_reg[1][4]$_SDFFE_PP0P_
-0.585994	s05_axi_araddr[29]	axi_crossbar_inst.axi_crossbar_rd_inst.s_ifaces[5].addr_inst.thread_count_reg[1][4]$_SDFFE_PP0P_/D	_41300_|_41303_|_41305_|_41308_|_41337_|_41338_|_41339_|_41359_|_41363_|_43839_|_57266_|_57282_|_70632_|_70633_|_70634_|_70635_|_70636_|_70637_|_73337_|_73544_|axi_crossbar_inst.axi_crossbar_rd_inst.s_ifaces[5].addr_inst.thread_count_reg[1][4]$_SDFFE_PP0P_
-0.585910	s05_axi_araddr[27]	axi_crossbar_inst.axi_crossbar_rd_inst.s_ifaces[5].addr_inst.thread_count_reg[1][4]$_SDFFE_PP0P_/D	_41302_|_41303_|_41305_|_41308_|_41337_|_41338_|_41339_|_41359_|_41363_|_43839_|_57266_|_57282_|_70632_|_70633_|_70634_|_70635_|_70636_|_70637_|_73337_|_73544_|axi_crossbar_inst.axi_crossbar_rd_inst.s_ifaces[5].addr_inst.thread_count_reg[1][4]$_SDFFE_PP0P_
-0.585898	s05_axi_araddr[28]	axi_crossbar_inst.axi_crossbar_rd_inst.s_ifaces[5].addr_inst.thread_count_reg[1][4]$_SDFFE_PP0P_/D	_41301_|_41303_|_41305_|_41308_|_41312_|_41313_|_41339_|_41359_|_41363_|_43839_|_57266_|_57282_|_70632_|_70633_|_70634_|_70635_|_70636_|_70637_|_73337_|_73544_|axi_crossbar_inst.axi_crossbar_rd_inst.s_ifaces[5].addr_inst.thread_count_reg[1][4]$_SDFFE_PP0P_
-0.585879	s05_axi_araddr[28]	axi_crossbar_inst.axi_crossbar_rd_inst.s_ifaces[5].addr_inst.thread_count_reg[0][4]$_SDFFE_PP0P_/D	_41301_|_41303_|_41305_|_41308_|_41337_|_41338_|_41339_|_41359_|_41363_|_41630_|_57165_|_68773_|_70578_|_70579_|_70580_|_70581_|_70582_|_70583_|_73463_|_73541_|axi_crossbar_inst.axi_crossbar_rd_inst.s_ifaces[5].addr_inst.thread_count_reg[0][4]$_SDFFE_PP0P_
-0.584688	s05_axi_araddr[29]	axi_crossbar_inst.axi_crossbar_rd_inst.s_ifaces[5].addr_inst.thread_count_reg[1][4]$_SDFFE_PP0P_/D	_41300_|_41303_|_41305_|_41308_|_41312_|_41313_|_41339_|_41359_|_41363_|_43839_|_57266_|_57282_|_70632_|_70633_|_70634_|_70635_|_70636_|_70637_|_73337_|_73544_|axi_crossbar_inst.axi_crossbar_rd_inst.s_ifaces[5].addr_inst.thread_count_reg[1][4]$_SDFFE_PP0P_
-0.584668	s05_axi_araddr[29]	axi_crossbar_inst.axi_crossbar_rd_inst.s_ifaces[5].addr_inst.thread_count_reg[0][4]$_SDFFE_PP0P_/D	_41300_|_41303_|_41305_|_41308_|_41337_|_41338_|_41339_|_41359_|_41363_|_41630_|_57165_|_68773_|_70578_|_70579_|_70580_|_70581_|_70582_|_70583_|_73463_|_73541_|axi_crossbar_inst.axi_crossbar_rd_inst.s_ifaces[5].addr_inst.thread_count_reg[0][4]$_SDFFE_PP0P_
-0.584604	s05_axi_araddr[27]	axi_crossbar_inst.axi_crossbar_rd_inst.s_ifaces[5].addr_inst.thread_count_reg[1][4]$_SDFFE_PP0P_/D	_41302_|_41303_|_41305_|_41308_|_41312_|_41313_|_41339_|_41359_|_41363_|_43839_|_57266_|_57282_|_70632_|_70633_|_70634_|_70635_|_70636_|_70637_|_73337_|_73544_|axi_crossbar_inst.axi_crossbar_rd_inst.s_ifaces[5].addr_inst.thread_count_reg[1][4]$_SDFFE_PP0P_
-0.584585	s05_axi_araddr[27]	axi_crossbar_inst.axi_crossbar_rd_inst.s_ifaces[5].addr_inst.thread_count_reg[0][4]$_SDFFE_PP0P_/D	_41302_|_41303_|_41305_|_41308_|_41337_|_41338_|_41339_|_41359_|_41363_|_41630_|_57165_|_68773_|_70578_|_70579_|_70580_|_70581_|_70582_|_70583_|_73463_|_73541_|axi_crossbar_inst.axi_crossbar_rd_inst.s_ifaces[5].addr_inst.thread_count_reg[0][4]$_SDFFE_PP0P_
-0.584572	s05_axi_araddr[28]	axi_crossbar_inst.axi_crossbar_rd_inst.s_ifaces[5].addr_inst.thread_count_reg[0][4]$_SDFFE_PP0P_/D	_41301_|_41303_|_41305_|_41308_|_41312_|_41313_|_41339_|_41359_|_41363_|_41630_|_57165_|_68773_|_70578_|_70579_|_70580_|_70581_|_70582_|_70583_|_73463_|_73541_|axi_crossbar_inst.axi_crossbar_rd_inst.s_ifaces[5].addr_inst.thread_count_reg[0][4]$_SDFFE_PP0P_
-0.583362	s05_axi_araddr[29]	axi_crossbar_inst.axi_crossbar_rd_inst.s_ifaces[5].addr_inst.thread_count_reg[0][4]$_SDFFE_PP0P_/D	_41300_|_41303_|_41305_|_41308_|_41312_|_41313_|_41339_|_41359_|_41363_|_41630_|_57165_|_68773_|_70578_|_70579_|_70580_|_70581_|_70582_|_70583_|_73463_|_73541_|axi_crossbar_inst.axi_crossbar_rd_inst.s_ifaces[5].addr_inst.thread_count_reg[0][4]$_SDFFE_PP0P_
-0.583338	s07_axi_araddr[30]	axi_crossbar_inst.axi_crossbar_rd_inst.s_ifaces[7].addr_inst.thread_count_reg[1][4]$_SDFFE_PP0P_/D	_41803_|_44345_|_44346_|_44347_|_44353_|_60000_|_60002_|_60019_|_60020_|_60024_|_60078_|_60094_|_71158_|_71159_|_71160_|_71161_|_71162_|_71163_|_73312_|_73559_|axi_crossbar_inst.axi_crossbar_rd_inst.s_ifaces[7].addr_inst.thread_count_reg[1][4]$_SDFFE_PP0P_
-0.583278	s05_axi_araddr[27]	axi_crossbar_inst.axi_crossbar_rd_inst.s_ifaces[5].addr_inst.thread_count_reg[0][4]$_SDFFE_PP0P_/D	_41302_|_41303_|_41305_|_41308_|_41312_|_41313_|_41339_|_41359_|_41363_|_41630_|_57165_|_68773_|_70578_|_70579_|_70580_|_70581_|_70582_|_70583_|_73463_|_73541_|axi_crossbar_inst.axi_crossbar_rd_inst.s_ifaces[5].addr_inst.thread_count_reg[0][4]$_SDFFE_PP0P_
-0.583257	s07_axi_araddr[31]	axi_crossbar_inst.axi_crossbar_rd_inst.s_ifaces[7].addr_inst.thread_count_reg[1][4]$_SDFFE_PP0P_/D	_41803_|_44344_|_44346_|_44347_|_44351_|_60001_|_60002_|_60019_|_60020_|_60024_|_60078_|_60094_|_71158_|_71159_|_71160_|_71161_|_71162_|_71163_|_73312_|_73559_|axi_crossbar_inst.axi_crossbar_rd_inst.s_ifaces[7].addr_inst.thread_count_reg[1][4]$_SDFFE_PP0P_
-0.582770	s07_axi_araddr[30]	axi_crossbar_inst.axi_crossbar_rd_inst.s_ifaces[7].addr_inst.thread_count_reg[0][4]$_SDFFE_PP0P_/D	_44345_|_44346_|_44347_|_44351_|_44384_|_60001_|_60002_|_60019_|_60020_|_60024_|_60025_|_60040_|_71115_|_71116_|_71117_|_71118_|_71119_|_71120_|_73317_|_73556_|axi_crossbar_inst.axi_crossbar_rd_inst.s_ifaces[7].addr_inst.thread_count_reg[0][4]$_SDFFE_PP0P_
-0.582339	s07_axi_araddr[31]	axi_crossbar_inst.axi_crossbar_rd_inst.s_ifaces[7].addr_inst.thread_count_reg[1][4]$_SDFFE_PP0P_/D	_41803_|_44344_|_44346_|_44347_|_44353_|_60017_|_60018_|_60019_|_60020_|_60024_|_60078_|_60094_|_71158_|_71159_|_71160_|_71161_|_71162_|_71163_|_73312_|_73559_|axi_crossbar_inst.axi_crossbar_rd_inst.s_ifaces[7].addr_inst.thread_count_reg[1][4]$_SDFFE_PP0P_
-0.582039	s07_axi_araddr[30]	axi_crossbar_inst.axi_crossbar_rd_inst.s_ifaces[7].addr_inst.thread_count_reg[1][4]$_SDFFE_PP0P_/D	_41803_|_44345_|_44346_|_44347_|_44351_|_60001_|_60002_|_60019_|_60020_|_60024_|_60078_|_60094_|_71158_|_71159_|_71160_|_71161_|_71162_|_71163_|_73312_|_73559_|axi_crossbar_inst.axi_crossbar_rd_inst.s_ifaces[7].addr_inst.thread_count_reg[1][4]$_SDFFE_PP0P_
-0.581852	s07_axi_araddr[30]	axi_crossbar_inst.axi_crossbar_rd_inst.s_ifaces[7].addr_inst.thread_count_reg[0][4]$_SDFFE_PP0P_/D	_44345_|_44346_|_44347_|_44353_|_44384_|_60017_|_60018_|_60019_|_60020_|_60024_|_60025_|_60040_|_71115_|_71116_|_71117_|_71118_|_71119_|_71120_|_73317_|_73556_|axi_crossbar_inst.axi_crossbar_rd_inst.s_ifaces[7].addr_inst.thread_count_reg[0][4]$_SDFFE_PP0P_
-0.581785	s07_axi_araddr[30]	axi_crossbar_inst.axi_crossbar_rd_inst.s_ifaces[7].addr_inst.thread_count_reg[1][4]$_SDFFE_PP0P_/D	_41803_|_44345_|_44346_|_44347_|_44351_|_60001_|_60002_|_60019_|_60020_|_60024_|_60078_|_60094_|_71158_|_71159_|_71160_|_71161_|_71162_|_71163_|_73312_|_73559_|axi_crossbar_inst.axi_crossbar_rd_inst.s_ifaces[7].addr_inst.thread_count_reg[1][4]$_SDFFE_PP0P_
-0.581121	s07_axi_araddr[30]	axi_crossbar_inst.axi_crossbar_rd_inst.s_ifaces[7].addr_inst.thread_count_reg[1][4]$_SDFFE_PP0P_/D	_41803_|_44345_|_44346_|_44347_|_44353_|_60017_|_60018_|_60019_|_60020_|_60024_|_60078_|_60094_|_71158_|_71159_|_71160_|_71161_|_71162_|_71163_|_73312_|_73559_|axi_crossbar_inst.axi_crossbar_rd_inst.s_ifaces[7].addr_inst.thread_count_reg[1][4]$_SDFFE_PP0P_
-0.580866	s07_axi_araddr[30]	axi_crossbar_inst.axi_crossbar_rd_inst.s_ifaces[7].addr_inst.thread_count_reg[1][4]$_SDFFE_PP0P_/D	_41803_|_44345_|_44346_|_44347_|_44353_|_60017_|_60018_|_60019_|_60020_|_60024_|_60078_|_60094_|_71158_|_71159_|_71160_|_71161_|_71162_|_71163_|_73312_|_73559_|axi_crossbar_inst.axi_crossbar_rd_inst.s_ifaces[7].addr_inst.thread_count_reg[1][4]$_SDFFE_PP0P_
-0.580854	s05_axi_araddr[30]	axi_crossbar_inst.axi_crossbar_rd_inst.s_ifaces[5].addr_inst.thread_count_reg[1][4]$_SDFFE_PP0P_/D	_41299_|_41303_|_41305_|_41308_|_41337_|_41338_|_41339_|_41359_|_41363_|_43839_|_57266_|_57282_|_70632_|_70633_|_70634_|_70635_|_70636_|_70637_|_73337_|_73544_|axi_crossbar_inst.axi_crossbar_rd_inst.s_ifaces[5].addr_inst.thread_count_reg[1][4]$_SDFFE_PP0P_
-0.580782	s05_axi_araddr[28]	axi_crossbar_inst.axi_crossbar_rd_inst.s_ifaces[5].addr_inst.thread_count_reg[1][4]$_SDFFE_PP0P_/D	_41301_|_41303_|_41305_|_41308_|_41312_|_41313_|_41339_|_41359_|_41363_|_43839_|_57266_|_57282_|_70632_|_70633_|_70634_|_70635_|_70636_|_70637_|_73337_|_73544_|axi_crossbar_inst.axi_crossbar_rd_inst.s_ifaces[5].addr_inst.thread_count_reg[1][4]$_SDFFE_PP0P_
-0.580202	s05_axi_araddr[28]	axi_crossbar_inst.axi_crossbar_rd_inst.s_ifaces[5].addr_inst.thread_count_reg[1][4]$_SDFFE_PP0P_/D	_41301_|_41303_|_41305_|_41308_|_41312_|_41313_|_41339_|_41359_|_41363_|_43839_|_57266_|_57282_|_70632_|_70633_|_70634_|_70635_|_70636_|_70637_|_73337_|_73544_|axi_crossbar_inst.axi_crossbar_rd_inst.s_ifaces[5].addr_inst.thread_count_reg[1][4]$_SDFFE_PP0P_
-0.580059	s05_axi_araddr[28]	axi_crossbar_inst.axi_crossbar_rd_inst.s_ifaces[5].addr_inst.thread_count_reg[1][4]$_SDFFE_PP0P_/D	_41301_|_41303_|_41305_|_41308_|_41337_|_41338_|_41339_|_41359_|_41363_|_43839_|_57266_|_57282_|_70632_|_70633_|_70634_|_70635_|_70636_|_70637_|_73337_|_73544_|axi_crossbar_inst.axi_crossbar_rd_inst.s_ifaces[5].addr_inst.thread_count_reg[1][4]$_SDFFE_PP0P_
-0.579572	s05_axi_araddr[29]	axi_crossbar_inst.axi_crossbar_rd_inst.s_ifaces[5].addr_inst.thread_count_reg[1][4]$_SDFFE_PP0P_/D	_41300_|_41303_|_41305_|_41308_|_41312_|_41313_|_41339_|_41359_|_41363_|_43839_|_57266_|_57282_|_70632_|_70633_|_70634_|_70635_|_70636_|_70637_|_73337_|_73544_|axi_crossbar_inst.axi_crossbar_rd_inst.s_ifaces[5].addr_inst.thread_count_reg[1][4]$_SDFFE_PP0P_
-0.579528	s05_axi_araddr[30]	axi_crossbar_inst.axi_crossbar_rd_inst.s_ifaces[5].addr_inst.thread_count_reg[0][4]$_SDFFE_PP0P_/D	_41299_|_41303_|_41305_|_41308_|_41337_|_41338_|_41339_|_41359_|_41363_|_41630_|_57165_|_68773_|_70578_|_70579_|_70580_|_70581_|_70582_|_70583_|_73463_|_73541_|axi_crossbar_inst.axi_crossbar_rd_inst.s_ifaces[5].addr_inst.thread_count_reg[0][4]$_SDFFE_PP0P_
-0.579488	s05_axi_araddr[27]	axi_crossbar_inst.axi_crossbar_rd_inst.s_ifaces[5].addr_inst.thread_count_reg[1][4]$_SDFFE_PP0P_/D	_41302_|_41303_|_41305_|_41308_|_41312_|_41313_|_41339_|_41359_|_41363_|_43839_|_57266_|_57282_|_70632_|_70633_|_70634_|_70635_|_70636_|_70637_|_73337_|_73544_|axi_crossbar_inst.axi_crossbar_rd_inst.s_ifaces[5].addr_inst.thread_count_reg[1][4]$_SDFFE_PP0P_
-0.579479	s05_axi_araddr[28]	axi_crossbar_inst.axi_crossbar_rd_inst.s_ifaces[5].addr_inst.thread_count_reg[1][4]$_SDFFE_PP0P_/D	_41301_|_41303_|_41305_|_41308_|_41337_|_41338_|_41339_|_41359_|_41363_|_43839_|_57266_|_57282_|_70632_|_70633_|_70634_|_70635_|_70636_|_70637_|_73337_|_73544_|axi_crossbar_inst.axi_crossbar_rd_inst.s_ifaces[5].addr_inst.thread_count_reg[1][4]$_SDFFE_PP0P_
-0.579334	s07_axi_araddr[30]	axi_crossbar_inst.axi_crossbar_rd_inst.s_ifaces[7].addr_inst.thread_count_reg[1][4]$_SDFFE_PP0P_/D	_41803_|_44345_|_44346_|_44347_|_44351_|_60001_|_60002_|_60019_|_60020_|_60024_|_60078_|_60094_|_71158_|_71159_|_71160_|_71161_|_71162_|_71163_|_73312_|_73559_|axi_crossbar_inst.axi_crossbar_rd_inst.s_ifaces[7].addr_inst.thread_count_reg[1][4]$_SDFFE_PP0P_
-0.579115	s07_axi_araddr[31]	axi_crossbar_inst.axi_crossbar_rd_inst.s_ifaces[7].addr_inst.thread_count_reg[1][4]$_SDFFE_PP0P_/D	_41803_|_44344_|_44346_|_44347_|_44353_|_60000_|_60002_|_60019_|_60020_|_60024_|_60078_|_60094_|_71158_|_71159_|_71160_|_71161_|_71162_|_71163_|_73312_|_73559_|axi_crossbar_inst.axi_crossbar_rd_inst.s_ifaces[7].addr_inst.thread_count_reg[1][4]$_SDFFE_PP0P_
-0.578992	s05_axi_araddr[29]	axi_crossbar_inst.axi_crossbar_rd_inst.s_ifaces[5].addr_inst.thread_count_reg[1][4]$_SDFFE_PP0P_/D	_41300_|_41303_|_41305_|_41308_|_41312_|_41313_|_41339_|_41359_|_41363_|_43839_|_57266_|_57282_|_70632_|_70633_|_70634_|_70635_|_70636_|_70637_|_73337_|_73544_|axi_crossbar_inst.axi_crossbar_rd_inst.s_ifaces[5].addr_inst.thread_count_reg[1][4]$_SDFFE_PP0P_
-0.578908	s05_axi_araddr[27]	axi_crossbar_inst.axi_crossbar_rd_inst.s_ifaces[5].addr_inst.thread_count_reg[1][4]$_SDFFE_PP0P_/D	_41302_|_41303_|_41305_|_41308_|_41312_|_41313_|_41339_|_41359_|_41363_|_43839_|_57266_|_57282_|_70632_|_70633_|_70634_|_70635_|_70636_|_70637_|_73337_|_73544_|axi_crossbar_inst.axi_crossbar_rd_inst.s_ifaces[5].addr_inst.thread_count_reg[1][4]$_SDFFE_PP0P_
-0.578877	s05_axi_araddr[28]	axi_crossbar_inst.axi_crossbar_rd_inst.s_ifaces[5].addr_inst.thread_count_reg[0][4]$_SDFFE_PP0P_/D	_41301_|_41303_|_41305_|_41308_|_41312_|_41313_|_41339_|_41359_|_41363_|_41630_|_57165_|_68773_|_70578_|_70579_|_70580_|_70581_|_70582_|_70583_|_73463_|_73541_|axi_crossbar_inst.axi_crossbar_rd_inst.s_ifaces[5].addr_inst.thread_count_reg[0][4]$_SDFFE_PP0P_
-0.578848	s05_axi_araddr[29]	axi_crossbar_inst.axi_crossbar_rd_inst.s_ifaces[5].addr_inst.thread_count_reg[1][4]$_SDFFE_PP0P_/D	_41300_|_41303_|_41305_|_41308_|_41337_|_41338_|_41339_|_41359_|_41363_|_43839_|_57266_|_57282_|_70632_|_70633_|_70634_|_70635_|_70636_|_70637_|_73337_|_73544_|axi_crossbar_inst.axi_crossbar_rd_inst.s_ifaces[5].addr_inst.thread_count_reg[1][4]$_SDFFE_PP0P_
-0.578765	s05_axi_araddr[27]	axi_crossbar_inst.axi_crossbar_rd_inst.s_ifaces[5].addr_inst.thread_count_reg[1][4]$_SDFFE_PP0P_/D	_41302_|_41303_|_41305_|_41308_|_41337_|_41338_|_41339_|_41359_|_41363_|_43839_|_57266_|_57282_|_70632_|_70633_|_70634_|_70635_|_70636_|_70637_|_73337_|_73544_|axi_crossbar_inst.axi_crossbar_rd_inst.s_ifaces[5].addr_inst.thread_count_reg[1][4]$_SDFFE_PP0P_
-0.578627	s07_axi_araddr[30]	axi_crossbar_inst.axi_crossbar_rd_inst.s_ifaces[7].addr_inst.thread_count_reg[0][4]$_SDFFE_PP0P_/D	_44345_|_44346_|_44347_|_44353_|_44384_|_60000_|_60002_|_60019_|_60020_|_60024_|_60025_|_60040_|_71115_|_71116_|_71117_|_71118_|_71119_|_71120_|_73317_|_73556_|axi_crossbar_inst.axi_crossbar_rd_inst.s_ifaces[7].addr_inst.thread_count_reg[0][4]$_SDFFE_PP0P_
-0.578547	s07_axi_araddr[31]	axi_crossbar_inst.axi_crossbar_rd_inst.s_ifaces[7].addr_inst.thread_count_reg[0][4]$_SDFFE_PP0P_/D	_44344_|_44346_|_44347_|_44351_|_44384_|_60001_|_60002_|_60019_|_60020_|_60024_|_60025_|_60040_|_71115_|_71116_|_71117_|_71118_|_71119_|_71120_|_73317_|_73556_|axi_crossbar_inst.axi_crossbar_rd_inst.s_ifaces[7].addr_inst.thread_count_reg[0][4]$_SDFFE_PP0P_
-0.578416	s07_axi_araddr[30]	axi_crossbar_inst.axi_crossbar_rd_inst.s_ifaces[7].addr_inst.thread_count_reg[1][4]$_SDFFE_PP0P_/D	_41803_|_44345_|_44346_|_44347_|_44353_|_60017_|_60018_|_60019_|_60020_|_60024_|_60078_|_60094_|_71158_|_71159_|_71160_|_71161_|_71162_|_71163_|_73312_|_73559_|axi_crossbar_inst.axi_crossbar_rd_inst.s_ifaces[7].addr_inst.thread_count_reg[1][4]$_SDFFE_PP0P_
-0.578268	s05_axi_araddr[29]	axi_crossbar_inst.axi_crossbar_rd_inst.s_ifaces[5].addr_inst.thread_count_reg[1][4]$_SDFFE_PP0P_/D	_41300_|_41303_|_41305_|_41308_|_41337_|_41338_|_41339_|_41359_|_41363_|_43839_|_57266_|_57282_|_70632_|_70633_|_70634_|_70635_|_70636_|_70637_|_73337_|_73544_|axi_crossbar_inst.axi_crossbar_rd_inst.s_ifaces[5].addr_inst.thread_count_reg[1][4]$_SDFFE_PP0P_
-0.578185	s05_axi_araddr[27]	axi_crossbar_inst.axi_crossbar_rd_inst.s_ifaces[5].addr_inst.thread_count_reg[1][4]$_SDFFE_PP0P_/D	_41302_|_41303_|_41305_|_41308_|_41337_|_41338_|_41339_|_41359_|_41363_|_43839_|_57266_|_57282_|_70632_|_70633_|_70634_|_70635_|_70636_|_70637_|_73337_|_73544_|axi_crossbar_inst.axi_crossbar_rd_inst.s_ifaces[5].addr_inst.thread_count_reg[1][4]$_SDFFE_PP0P_
-0.578153	s05_axi_araddr[28]	axi_crossbar_inst.axi_crossbar_rd_inst.s_ifaces[5].addr_inst.thread_count_reg[0][4]$_SDFFE_PP0P_/D	_41301_|_41303_|_41305_|_41308_|_41337_|_41338_|_41339_|_41359_|_41363_|_41630_|_57165_|_68773_|_70578_|_70579_|_70580_|_70581_|_70582_|_70583_|_73463_|_73541_|axi_crossbar_inst.axi_crossbar_rd_inst.s_ifaces[5].addr_inst.thread_count_reg[0][4]$_SDFFE_PP0P_
-0.577897	s07_axi_araddr[30]	axi_crossbar_inst.axi_crossbar_rd_inst.s_ifaces[7].addr_inst.thread_count_reg[1][4]$_SDFFE_PP0P_/D	_41803_|_44345_|_44346_|_44347_|_44353_|_60000_|_60002_|_60019_|_60020_|_60024_|_60078_|_60094_|_71158_|_71159_|_71160_|_71161_|_71162_|_71163_|_73312_|_73559_|axi_crossbar_inst.axi_crossbar_rd_inst.s_ifaces[7].addr_inst.thread_count_reg[1][4]$_SDFFE_PP0P_
-0.577816	s07_axi_araddr[31]	axi_crossbar_inst.axi_crossbar_rd_inst.s_ifaces[7].addr_inst.thread_count_reg[1][4]$_SDFFE_PP0P_/D	_41803_|_44344_|_44346_|_44347_|_44351_|_60001_|_60002_|_60019_|_60020_|_60024_|_60078_|_60094_|_71158_|_71159_|_71160_|_71161_|_71162_|_71163_|_73312_|_73559_|axi_crossbar_inst.axi_crossbar_rd_inst.s_ifaces[7].addr_inst.thread_count_reg[1][4]$_SDFFE_PP0P_
-0.577666	s05_axi_araddr[29]	axi_crossbar_inst.axi_crossbar_rd_inst.s_ifaces[5].addr_inst.thread_count_reg[0][4]$_SDFFE_PP0P_/D	_41300_|_41303_|_41305_|_41308_|_41312_|_41313_|_41339_|_41359_|_41363_|_41630_|_57165_|_68773_|_70578_|_70579_|_70580_|_70581_|_70582_|_70583_|_73463_|_73541_|axi_crossbar_inst.axi_crossbar_rd_inst.s_ifaces[5].addr_inst.thread_count_reg[0][4]$_SDFFE_PP0P_
-0.577655	s07_axi_araddr[30]	axi_crossbar_inst.axi_crossbar_rd_inst.s_ifaces[7].addr_inst.thread_count_reg[0][4]$_SDFFE_PP0P_/D	_44345_|_44346_|_44347_|_44351_|_44384_|_60001_|_60002_|_60019_|_60020_|_60024_|_60025_|_60040_|_71115_|_71116_|_71117_|_71118_|_71119_|_71120_|_73317_|_73556_|axi_crossbar_inst.axi_crossbar_rd_inst.s_ifaces[7].addr_inst.thread_count_reg[0][4]$_SDFFE_PP0P_
-0.577642	s07_axi_araddr[30]	axi_crossbar_inst.axi_crossbar_rd_inst.s_ifaces[7].addr_inst.thread_count_reg[1][4]$_SDFFE_PP0P_/D	_41803_|_44345_|_44346_|_44347_|_44353_|_60000_|_60002_|_60019_|_60020_|_60024_|_60078_|_60094_|_71158_|_71159_|_71160_|_71161_|_71162_|_71163_|_73312_|_73559_|axi_crossbar_inst.axi_crossbar_rd_inst.s_ifaces[7].addr_inst.thread_count_reg[1][4]$_SDFFE_PP0P_
-0.577628	s07_axi_araddr[31]	axi_crossbar_inst.axi_crossbar_rd_inst.s_ifaces[7].addr_inst.thread_count_reg[0][4]$_SDFFE_PP0P_/D	_44344_|_44346_|_44347_|_44353_|_44384_|_60017_|_60018_|_60019_|_60020_|_60024_|_60025_|_60040_|_71115_|_71116_|_71117_|_71118_|_71119_|_71120_|_73317_|_73556_|axi_crossbar_inst.axi_crossbar_rd_inst.s_ifaces[7].addr_inst.thread_count_reg[0][4]$_SDFFE_PP0P_
-0.577583	s05_axi_araddr[27]	axi_crossbar_inst.axi_crossbar_rd_inst.s_ifaces[5].addr_inst.thread_count_reg[0][4]$_SDFFE_PP0P_/D	_41302_|_41303_|_41305_|_41308_|_41312_|_41313_|_41339_|_41359_|_41363_|_41630_|_57165_|_68773_|_70578_|_70579_|_70580_|_70581_|_70582_|_70583_|_73463_|_73541_|axi_crossbar_inst.axi_crossbar_rd_inst.s_ifaces[5].addr_inst.thread_count_reg[0][4]$_SDFFE_PP0P_
-0.577562	s07_axi_araddr[31]	axi_crossbar_inst.axi_crossbar_rd_inst.s_ifaces[7].addr_inst.thread_count_reg[1][4]$_SDFFE_PP0P_/D	_41803_|_44344_|_44346_|_44347_|_44351_|_60001_|_60002_|_60019_|_60020_|_60024_|_60078_|_60094_|_71158_|_71159_|_71160_|_71161_|_71162_|_71163_|_73312_|_73559_|axi_crossbar_inst.axi_crossbar_rd_inst.s_ifaces[7].addr_inst.thread_count_reg[1][4]$_SDFFE_PP0P_
-0.577329	s07_axi_araddr[30]	axi_crossbar_inst.axi_crossbar_rd_inst.s_ifaces[7].addr_inst.thread_count_reg[0][4]$_SDFFE_PP0P_/D	_44345_|_44346_|_44347_|_44351_|_44384_|_60001_|_60002_|_60019_|_60020_|_60024_|_60025_|_60040_|_71115_|_71116_|_71117_|_71118_|_71119_|_71120_|_73317_|_73556_|axi_crossbar_inst.axi_crossbar_rd_inst.s_ifaces[7].addr_inst.thread_count_reg[0][4]$_SDFFE_PP0P_
-0.577074	s07_axi_araddr[30]	axi_crossbar_inst.axi_crossbar_rd_inst.s_ifaces[7].addr_inst.thread_count_reg[0][4]$_SDFFE_PP0P_/D	_44345_|_44346_|_44347_|_44351_|_44384_|_60001_|_60002_|_60019_|_60020_|_60024_|_60025_|_60040_|_71115_|_71116_|_71117_|_71118_|_71119_|_71120_|_73317_|_73556_|axi_crossbar_inst.axi_crossbar_rd_inst.s_ifaces[7].addr_inst.thread_count_reg[0][4]$_SDFFE_PP0P_
-0.576943	s05_axi_araddr[29]	axi_crossbar_inst.axi_crossbar_rd_inst.s_ifaces[5].addr_inst.thread_count_reg[0][4]$_SDFFE_PP0P_/D	_41300_|_41303_|_41305_|_41308_|_41337_|_41338_|_41339_|_41359_|_41363_|_41630_|_57165_|_68773_|_70578_|_70579_|_70580_|_70581_|_70582_|_70583_|_73463_|_73541_|axi_crossbar_inst.axi_crossbar_rd_inst.s_ifaces[5].addr_inst.thread_count_reg[0][4]$_SDFFE_PP0P_
-0.576898	s07_axi_araddr[31]	axi_crossbar_inst.axi_crossbar_rd_inst.s_ifaces[7].addr_inst.thread_count_reg[1][4]$_SDFFE_PP0P_/D	_41803_|_44344_|_44346_|_44347_|_44353_|_60017_|_60018_|_60019_|_60020_|_60024_|_60078_|_60094_|_71158_|_71159_|_71160_|_71161_|_71162_|_71163_|_73312_|_73559_|axi_crossbar_inst.axi_crossbar_rd_inst.s_ifaces[7].addr_inst.thread_count_reg[1][4]$_SDFFE_PP0P_
-0.576859	s05_axi_araddr[27]	axi_crossbar_inst.axi_crossbar_rd_inst.s_ifaces[5].addr_inst.thread_count_reg[0][4]$_SDFFE_PP0P_/D	_41302_|_41303_|_41305_|_41308_|_41337_|_41338_|_41339_|_41359_|_41363_|_41630_|_57165_|_68773_|_70578_|_70579_|_70580_|_70581_|_70582_|_70583_|_73463_|_73541_|axi_crossbar_inst.axi_crossbar_rd_inst.s_ifaces[5].addr_inst.thread_count_reg[0][4]$_SDFFE_PP0P_
-0.576737	s07_axi_araddr[30]	axi_crossbar_inst.axi_crossbar_rd_inst.s_ifaces[7].addr_inst.thread_count_reg[0][4]$_SDFFE_PP0P_/D	_44345_|_44346_|_44347_|_44353_|_44384_|_60017_|_60018_|_60019_|_60020_|_60024_|_60025_|_60040_|_71115_|_71116_|_71117_|_71118_|_71119_|_71120_|_73317_|_73556_|axi_crossbar_inst.axi_crossbar_rd_inst.s_ifaces[7].addr_inst.thread_count_reg[0][4]$_SDFFE_PP0P_
-0.576643	s07_axi_araddr[31]	axi_crossbar_inst.axi_crossbar_rd_inst.s_ifaces[7].addr_inst.thread_count_reg[1][4]$_SDFFE_PP0P_/D	_41803_|_44344_|_44346_|_44347_|_44353_|_60017_|_60018_|_60019_|_60020_|_60024_|_60078_|_60094_|_71158_|_71159_|_71160_|_71161_|_71162_|_71163_|_73312_|_73559_|axi_crossbar_inst.axi_crossbar_rd_inst.s_ifaces[7].addr_inst.thread_count_reg[1][4]$_SDFFE_PP0P_
-0.576457	s05_axi_araddr[28]	axi_crossbar_inst.axi_crossbar_rd_inst.s_ifaces[5].addr_inst.thread_count_reg[0][4]$_SDFFE_PP0P_/D	_41301_|_41303_|_41305_|_41308_|_41312_|_41313_|_41339_|_41359_|_41363_|_41630_|_57165_|_68773_|_70578_|_70579_|_70580_|_70581_|_70582_|_70583_|_73463_|_73541_|axi_crossbar_inst.axi_crossbar_rd_inst.s_ifaces[5].addr_inst.thread_count_reg[0][4]$_SDFFE_PP0P_
-0.576410	s07_axi_araddr[30]	axi_crossbar_inst.axi_crossbar_rd_inst.s_ifaces[7].addr_inst.thread_count_reg[0][4]$_SDFFE_PP0P_/D	_44345_|_44346_|_44347_|_44353_|_44384_|_60017_|_60018_|_60019_|_60020_|_60024_|_60025_|_60040_|_71115_|_71116_|_71117_|_71118_|_71119_|_71120_|_73317_|_73556_|axi_crossbar_inst.axi_crossbar_rd_inst.s_ifaces[7].addr_inst.thread_count_reg[0][4]$_SDFFE_PP0P_
-0.576343	s07_axi_araddr[30]	axi_crossbar_inst.axi_crossbar_rd_inst.s_ifaces[7].addr_inst.thread_count_reg[1][4]$_SDFFE_PP0P_/D	_41803_|_44345_|_44346_|_44347_|_44351_|_60001_|_60002_|_60019_|_60020_|_60024_|_60078_|_60094_|_71158_|_71159_|_71160_|_71161_|_71162_|_71163_|_73312_|_73559_|axi_crossbar_inst.axi_crossbar_rd_inst.s_ifaces[7].addr_inst.thread_count_reg[1][4]$_SDFFE_PP0P_
-0.576333	s07_axi_araddr[30]	axi_crossbar_inst.axi_crossbar_rd_inst.s_ifaces[7].addr_inst.thread_count_reg[1][4]$_SDFFE_PP0P_/D	_41803_|_44345_|_44346_|_44347_|_44348_|_60016_|_60018_|_60019_|_60020_|_60024_|_60078_|_60094_|_71158_|_71159_|_71160_|_71161_|_71162_|_71163_|_73312_|_73559_|axi_crossbar_inst.axi_crossbar_rd_inst.s_ifaces[7].addr_inst.thread_count_reg[1][4]$_SDFFE_PP0P_
-0.576205	s07_axi_araddr[30]	axi_crossbar_inst.axi_crossbar_rd_inst.s_ifaces[7].addr_inst.thread_count_reg[1][4]$_SDFFE_PP0P_/D	_41803_|_44345_|_44346_|_44347_|_44351_|_60001_|_60002_|_60019_|_60020_|_60024_|_60078_|_60094_|_71158_|_71159_|_71160_|_71161_|_71162_|_71163_|_73312_|_73559_|axi_crossbar_inst.axi_crossbar_rd_inst.s_ifaces[7].addr_inst.thread_count_reg[1][4]$_SDFFE_PP0P_
-0.576156	s07_axi_araddr[30]	axi_crossbar_inst.axi_crossbar_rd_inst.s_ifaces[7].addr_inst.thread_count_reg[0][4]$_SDFFE_PP0P_/D	_44345_|_44346_|_44347_|_44353_|_44384_|_60017_|_60018_|_60019_|_60020_|_60024_|_60025_|_60040_|_71115_|_71116_|_71117_|_71118_|_71119_|_71120_|_73317_|_73556_|axi_crossbar_inst.axi_crossbar_rd_inst.s_ifaces[7].addr_inst.thread_count_reg[0][4]$_SDFFE_PP0P_
-0.575738	s05_axi_araddr[30]	axi_crossbar_inst.axi_crossbar_rd_inst.s_ifaces[5].addr_inst.thread_count_reg[1][4]$_SDFFE_PP0P_/D	_41299_|_41303_|_41305_|_41308_|_41337_|_41338_|_41339_|_41359_|_41363_|_43839_|_57266_|_57282_|_70632_|_70633_|_70634_|_70635_|_70636_|_70637_|_73337_|_73544_|axi_crossbar_inst.axi_crossbar_rd_inst.s_ifaces[5].addr_inst.thread_count_reg[1][4]$_SDFFE_PP0P_
-0.575733	s05_axi_araddr[28]	axi_crossbar_inst.axi_crossbar_rd_inst.s_ifaces[5].addr_inst.thread_count_reg[0][4]$_SDFFE_PP0P_/D	_41301_|_41303_|_41305_|_41308_|_41337_|_41338_|_41339_|_41359_|_41363_|_41630_|_57165_|_68773_|_70578_|_70579_|_70580_|_70581_|_70582_|_70583_|_73463_|_73541_|axi_crossbar_inst.axi_crossbar_rd_inst.s_ifaces[5].addr_inst.thread_count_reg[0][4]$_SDFFE_PP0P_
-0.575425	s07_axi_araddr[30]	axi_crossbar_inst.axi_crossbar_rd_inst.s_ifaces[7].addr_inst.thread_count_reg[1][4]$_SDFFE_PP0P_/D	_41803_|_44345_|_44346_|_44347_|_44353_|_60017_|_60018_|_60019_|_60020_|_60024_|_60078_|_60094_|_71158_|_71159_|_71160_|_71161_|_71162_|_71163_|_73312_|_73559_|axi_crossbar_inst.axi_crossbar_rd_inst.s_ifaces[7].addr_inst.thread_count_reg[1][4]$_SDFFE_PP0P_
-0.575287	s07_axi_araddr[30]	axi_crossbar_inst.axi_crossbar_rd_inst.s_ifaces[7].addr_inst.thread_count_reg[1][4]$_SDFFE_PP0P_/D	_41803_|_44345_|_44346_|_44347_|_44353_|_60017_|_60018_|_60019_|_60020_|_60024_|_60078_|_60094_|_71158_|_71159_|_71160_|_71161_|_71162_|_71163_|_73312_|_73559_|axi_crossbar_inst.axi_crossbar_rd_inst.s_ifaces[7].addr_inst.thread_count_reg[1][4]$_SDFFE_PP0P_
-0.575246	s05_axi_araddr[29]	axi_crossbar_inst.axi_crossbar_rd_inst.s_ifaces[5].addr_inst.thread_count_reg[0][4]$_SDFFE_PP0P_/D	_41300_|_41303_|_41305_|_41308_|_41312_|_41313_|_41339_|_41359_|_41363_|_41630_|_57165_|_68773_|_70578_|_70579_|_70580_|_70581_|_70582_|_70583_|_73463_|_73541_|axi_crossbar_inst.axi_crossbar_rd_inst.s_ifaces[5].addr_inst.thread_count_reg[0][4]$_SDFFE_PP0P_
-0.575192	s07_axi_araddr[30]	axi_crossbar_inst.axi_crossbar_rd_inst.s_ifaces[7].addr_inst.thread_count_reg[1][4]$_SDFFE_PP0P_/D	_41803_|_44345_|_44346_|_44347_|_44353_|_60000_|_60002_|_60019_|_60020_|_60024_|_60078_|_60094_|_71158_|_71159_|_71160_|_71161_|_71162_|_71163_|_73312_|_73559_|axi_crossbar_inst.axi_crossbar_rd_inst.s_ifaces[7].addr_inst.thread_count_reg[1][4]$_SDFFE_PP0P_
-0.575163	s05_axi_araddr[27]	axi_crossbar_inst.axi_crossbar_rd_inst.s_ifaces[5].addr_inst.thread_count_reg[0][4]$_SDFFE_PP0P_/D	_41302_|_41303_|_41305_|_41308_|_41312_|_41313_|_41339_|_41359_|_41363_|_41630_|_57165_|_68773_|_70578_|_70579_|_70580_|_70581_|_70582_|_70583_|_73463_|_73541_|axi_crossbar_inst.axi_crossbar_rd_inst.s_ifaces[5].addr_inst.thread_count_reg[0][4]$_SDFFE_PP0P_
-0.575158	s05_axi_araddr[30]	axi_crossbar_inst.axi_crossbar_rd_inst.s_ifaces[5].addr_inst.thread_count_reg[1][4]$_SDFFE_PP0P_/D	_41299_|_41303_|_41305_|_41308_|_41337_|_41338_|_41339_|_41359_|_41363_|_43839_|_57266_|_57282_|_70632_|_70633_|_70634_|_70635_|_70636_|_70637_|_73337_|_73544_|axi_crossbar_inst.axi_crossbar_rd_inst.s_ifaces[5].addr_inst.thread_count_reg[1][4]$_SDFFE_PP0P_
-0.575111	s07_axi_araddr[31]	axi_crossbar_inst.axi_crossbar_rd_inst.s_ifaces[7].addr_inst.thread_count_reg[1][4]$_SDFFE_PP0P_/D	_41803_|_44344_|_44346_|_44347_|_44351_|_60001_|_60002_|_60019_|_60020_|_60024_|_60078_|_60094_|_71158_|_71159_|_71160_|_71161_|_71162_|_71163_|_73312_|_73559_|axi_crossbar_inst.axi_crossbar_rd_inst.s_ifaces[7].addr_inst.thread_count_reg[1][4]$_SDFFE_PP0P_
-0.574523	s05_axi_araddr[29]	axi_crossbar_inst.axi_crossbar_rd_inst.s_ifaces[5].addr_inst.thread_count_reg[0][4]$_SDFFE_PP0P_/D	_41300_|_41303_|_41305_|_41308_|_41337_|_41338_|_41339_|_41359_|_41363_|_41630_|_57165_|_68773_|_70578_|_70579_|_70580_|_70581_|_70582_|_70583_|_73463_|_73541_|axi_crossbar_inst.axi_crossbar_rd_inst.s_ifaces[5].addr_inst.thread_count_reg[0][4]$_SDFFE_PP0P_
-0.574439	s05_axi_araddr[27]	axi_crossbar_inst.axi_crossbar_rd_inst.s_ifaces[5].addr_inst.thread_count_reg[0][4]$_SDFFE_PP0P_/D	_41302_|_41303_|_41305_|_41308_|_41337_|_41338_|_41339_|_41359_|_41363_|_41630_|_57165_|_68773_|_70578_|_70579_|_70580_|_70581_|_70582_|_70583_|_73463_|_73541_|axi_crossbar_inst.axi_crossbar_rd_inst.s_ifaces[5].addr_inst.thread_count_reg[0][4]$_SDFFE_PP0P_
-0.574404	s07_axi_araddr[31]	axi_crossbar_inst.axi_crossbar_rd_inst.s_ifaces[7].addr_inst.thread_count_reg[0][4]$_SDFFE_PP0P_/D	_44344_|_44346_|_44347_|_44353_|_44384_|_60000_|_60002_|_60019_|_60020_|_60024_|_60025_|_60040_|_71115_|_71116_|_71117_|_71118_|_71119_|_71120_|_73317_|_73556_|axi_crossbar_inst.axi_crossbar_rd_inst.s_ifaces[7].addr_inst.thread_count_reg[0][4]$_SDFFE_PP0P_
-0.574313	s07_axi_araddr[30]	axi_crossbar_inst.axi_crossbar_rd_inst.s_ifaces[7].addr_inst.thread_count_reg[1][4]$_SDFFE_PP0P_/D	_41803_|_44345_|_44346_|_44347_|_44351_|_60001_|_60002_|_60019_|_60020_|_60024_|_60078_|_60094_|_71158_|_71159_|_71160_|_71161_|_71162_|_71163_|_73312_|_73559_|axi_crossbar_inst.axi_crossbar_rd_inst.s_ifaces[7].addr_inst.thread_count_reg[1][4]$_SDFFE_PP0P_
-0.574192	s07_axi_araddr[31]	axi_crossbar_inst.axi_crossbar_rd_inst.s_ifaces[7].addr_inst.thread_count_reg[1][4]$_SDFFE_PP0P_/D	_41803_|_44344_|_44346_|_44347_|_44353_|_60017_|_60018_|_60019_|_60020_|_60024_|_60078_|_60094_|_71158_|_71159_|_71160_|_71161_|_71162_|_71163_|_73312_|_73559_|axi_crossbar_inst.axi_crossbar_rd_inst.s_ifaces[7].addr_inst.thread_count_reg[1][4]$_SDFFE_PP0P_
-0.573893	s07_axi_araddr[30]	axi_crossbar_inst.axi_crossbar_rd_inst.s_ifaces[7].addr_inst.thread_count_reg[1][4]$_SDFFE_PP0P_/D	_41803_|_44345_|_44346_|_44347_|_44351_|_60001_|_60002_|_60019_|_60020_|_60024_|_60078_|_60094_|_71158_|_71159_|_71160_|_71161_|_71162_|_71163_|_73312_|_73559_|axi_crossbar_inst.axi_crossbar_rd_inst.s_ifaces[7].addr_inst.thread_count_reg[1][4]$_SDFFE_PP0P_
-0.573832	s05_axi_araddr[30]	axi_crossbar_inst.axi_crossbar_rd_inst.s_ifaces[5].addr_inst.thread_count_reg[0][4]$_SDFFE_PP0P_/D	_41299_|_41303_|_41305_|_41308_|_41337_|_41338_|_41339_|_41359_|_41363_|_41630_|_57165_|_68773_|_70578_|_70579_|_70580_|_70581_|_70582_|_70583_|_73463_|_73541_|axi_crossbar_inst.axi_crossbar_rd_inst.s_ifaces[5].addr_inst.thread_count_reg[0][4]$_SDFFE_PP0P_
-0.573673	s07_axi_araddr[31]	axi_crossbar_inst.axi_crossbar_rd_inst.s_ifaces[7].addr_inst.thread_count_reg[1][4]$_SDFFE_PP0P_/D	_41803_|_44344_|_44346_|_44347_|_44353_|_60000_|_60002_|_60019_|_60020_|_60024_|_60078_|_60094_|_71158_|_71159_|_71160_|_71161_|_71162_|_71163_|_73312_|_73559_|axi_crossbar_inst.axi_crossbar_rd_inst.s_ifaces[7].addr_inst.thread_count_reg[1][4]$_SDFFE_PP0P_
-0.573513	s07_axi_araddr[30]	axi_crossbar_inst.axi_crossbar_rd_inst.s_ifaces[7].addr_inst.thread_count_reg[0][4]$_SDFFE_PP0P_/D	_44345_|_44346_|_44347_|_44353_|_44384_|_60000_|_60002_|_60019_|_60020_|_60024_|_60025_|_60040_|_71115_|_71116_|_71117_|_71118_|_71119_|_71120_|_73317_|_73556_|axi_crossbar_inst.axi_crossbar_rd_inst.s_ifaces[7].addr_inst.thread_count_reg[0][4]$_SDFFE_PP0P_
-0.573432	s07_axi_araddr[31]	axi_crossbar_inst.axi_crossbar_rd_inst.s_ifaces[7].addr_inst.thread_count_reg[0][4]$_SDFFE_PP0P_/D	_44344_|_44346_|_44347_|_44351_|_44384_|_60001_|_60002_|_60019_|_60020_|_60024_|_60025_|_60040_|_71115_|_71116_|_71117_|_71118_|_71119_|_71120_|_73317_|_73556_|axi_crossbar_inst.axi_crossbar_rd_inst.s_ifaces[7].addr_inst.thread_count_reg[0][4]$_SDFFE_PP0P_
-0.573419	s07_axi_araddr[31]	axi_crossbar_inst.axi_crossbar_rd_inst.s_ifaces[7].addr_inst.thread_count_reg[1][4]$_SDFFE_PP0P_/D	_41803_|_44344_|_44346_|_44347_|_44353_|_60000_|_60002_|_60019_|_60020_|_60024_|_60078_|_60094_|_71158_|_71159_|_71160_|_71161_|_71162_|_71163_|_73312_|_73559_|axi_crossbar_inst.axi_crossbar_rd_inst.s_ifaces[7].addr_inst.thread_count_reg[1][4]$_SDFFE_PP0P_
-0.573394	s07_axi_araddr[30]	axi_crossbar_inst.axi_crossbar_rd_inst.s_ifaces[7].addr_inst.thread_count_reg[1][4]$_SDFFE_PP0P_/D	_41803_|_44345_|_44346_|_44347_|_44353_|_60017_|_60018_|_60019_|_60020_|_60024_|_60078_|_60094_|_71158_|_71159_|_71160_|_71161_|_71162_|_71163_|_73312_|_73559_|axi_crossbar_inst.axi_crossbar_rd_inst.s_ifaces[7].addr_inst.thread_count_reg[1][4]$_SDFFE_PP0P_
-0.573186	s07_axi_araddr[30]	axi_crossbar_inst.axi_crossbar_rd_inst.s_ifaces[7].addr_inst.thread_count_reg[0][4]$_SDFFE_PP0P_/D	_44345_|_44346_|_44347_|_44353_|_44384_|_60000_|_60002_|_60019_|_60020_|_60024_|_60025_|_60040_|_71115_|_71116_|_71117_|_71118_|_71119_|_71120_|_73317_|_73556_|axi_crossbar_inst.axi_crossbar_rd_inst.s_ifaces[7].addr_inst.thread_count_reg[0][4]$_SDFFE_PP0P_
-0.573138	s05_axi_araddr[28]	axi_crossbar_inst.axi_crossbar_rd_inst.s_ifaces[5].addr_inst.thread_count_reg[0][4]$_SDFFE_PP0P_/D	_41301_|_41303_|_41305_|_41308_|_41337_|_41338_|_41339_|_41359_|_41363_|_41630_|_57163_|_68773_|_70578_|_70579_|_70580_|_70581_|_70582_|_70583_|_73463_|_73541_|axi_crossbar_inst.axi_crossbar_rd_inst.s_ifaces[5].addr_inst.thread_count_reg[0][4]$_SDFFE_PP0P_
-0.573109	s07_axi_araddr[30]	axi_crossbar_inst.axi_crossbar_rd_inst.s_ifaces[7].addr_inst.thread_count_reg[1][4]$_SDFFE_PP0P_/D	_41803_|_44345_|_44346_|_44347_|_44348_|_59999_|_60002_|_60019_|_60020_|_60024_|_60078_|_60094_|_71158_|_71159_|_71160_|_71161_|_71162_|_71163_|_73312_|_73559_|axi_crossbar_inst.axi_crossbar_rd_inst.s_ifaces[7].addr_inst.thread_count_reg[1][4]$_SDFFE_PP0P_
-0.573105	s07_axi_araddr[31]	axi_crossbar_inst.axi_crossbar_rd_inst.s_ifaces[7].addr_inst.thread_count_reg[0][4]$_SDFFE_PP0P_/D	_44344_|_44346_|_44347_|_44351_|_44384_|_60001_|_60002_|_60019_|_60020_|_60024_|_60025_|_60040_|_71115_|_71116_|_71117_|_71118_|_71119_|_71120_|_73317_|_73556_|axi_crossbar_inst.axi_crossbar_rd_inst.s_ifaces[7].addr_inst.thread_count_reg[0][4]$_SDFFE_PP0P_
-0.572974	s07_axi_araddr[30]	axi_crossbar_inst.axi_crossbar_rd_inst.s_ifaces[7].addr_inst.thread_count_reg[1][4]$_SDFFE_PP0P_/D	_41803_|_44345_|_44346_|_44347_|_44353_|_60017_|_60018_|_60019_|_60020_|_60024_|_60078_|_60094_|_71158_|_71159_|_71160_|_71161_|_71162_|_71163_|_73312_|_73559_|axi_crossbar_inst.axi_crossbar_rd_inst.s_ifaces[7].addr_inst.thread_count_reg[1][4]$_SDFFE_PP0P_
-0.572963	s07_axi_araddr[27]	axi_crossbar_inst.axi_crossbar_rd_inst.s_ifaces[7].addr_inst.thread_count_reg[1][4]$_SDFFE_PP0P_/D	_41803_|_44343_|_44346_|_44347_|_44351_|_60001_|_60002_|_60019_|_60020_|_60024_|_60078_|_60094_|_71158_|_71159_|_71160_|_71161_|_71162_|_71163_|_73312_|_73559_|axi_crossbar_inst.axi_crossbar_rd_inst.s_ifaces[7].addr_inst.thread_count_reg[1][4]$_SDFFE_PP0P_
-0.572957	s05_axi_araddr[28]	axi_crossbar_inst.axi_crossbar_rd_inst.s_ifaces[5].addr_inst.thread_count_reg[1][4]$_SDFFE_PP0P_/D	_41301_|_41303_|_41305_|_41308_|_41337_|_41338_|_41339_|_41359_|_41363_|_43839_|_57264_|_57282_|_70632_|_70633_|_70634_|_70635_|_70636_|_70637_|_73337_|_73544_|axi_crossbar_inst.axi_crossbar_rd_inst.s_ifaces[5].addr_inst.thread_count_reg[1][4]$_SDFFE_PP0P_
-0.572932	s07_axi_araddr[30]	axi_crossbar_inst.axi_crossbar_rd_inst.s_ifaces[7].addr_inst.thread_count_reg[0][4]$_SDFFE_PP0P_/D	_44345_|_44346_|_44347_|_44353_|_44384_|_60000_|_60002_|_60019_|_60020_|_60024_|_60025_|_60040_|_71115_|_71116_|_71117_|_71118_|_71119_|_71120_|_73317_|_73556_|axi_crossbar_inst.axi_crossbar_rd_inst.s_ifaces[7].addr_inst.thread_count_reg[0][4]$_SDFFE_PP0P_
-0.572851	s07_axi_araddr[31]	axi_crossbar_inst.axi_crossbar_rd_inst.s_ifaces[7].addr_inst.thread_count_reg[0][4]$_SDFFE_PP0P_/D	_44344_|_44346_|_44347_|_44351_|_44384_|_60001_|_60002_|_60019_|_60020_|_60024_|_60025_|_60040_|_71115_|_71116_|_71117_|_71118_|_71119_|_71120_|_73317_|_73556_|axi_crossbar_inst.axi_crossbar_rd_inst.s_ifaces[7].addr_inst.thread_count_reg[0][4]$_SDFFE_PP0P_
-0.572730	s05_axi_araddr[28]	axi_crossbar_inst.axi_crossbar_rd_inst.s_ifaces[5].addr_inst.thread_count_reg[1][4]$_SDFFE_PP0P_/D	_41301_|_41303_|_41305_|_41308_|_41312_|_41313_|_41339_|_41359_|_41363_|_43839_|_57266_|_57282_|_70632_|_70633_|_70634_|_70635_|_70636_|_70637_|_73337_|_73544_|axi_crossbar_inst.axi_crossbar_rd_inst.s_ifaces[5].addr_inst.thread_count_reg[1][4]$_SDFFE_PP0P_
-0.572514	s07_axi_araddr[31]	axi_crossbar_inst.axi_crossbar_rd_inst.s_ifaces[7].addr_inst.thread_count_reg[0][4]$_SDFFE_PP0P_/D	_44344_|_44346_|_44347_|_44353_|_44384_|_60017_|_60018_|_60019_|_60020_|_60024_|_60025_|_60040_|_71115_|_71116_|_71117_|_71118_|_71119_|_71120_|_73317_|_73556_|axi_crossbar_inst.axi_crossbar_rd_inst.s_ifaces[7].addr_inst.thread_count_reg[0][4]$_SDFFE_PP0P_
-0.572484	s05_axi_araddr[28]	axi_crossbar_inst.axi_crossbar_rd_inst.s_ifaces[5].addr_inst.thread_count_reg[1][4]$_SDFFE_PP0P_/D	_41301_|_41303_|_41305_|_41308_|_41337_|_41338_|_41339_|_41359_|_41363_|_43839_|_57266_|_57282_|_70632_|_70633_|_70634_|_70635_|_70636_|_70637_|_73337_|_73544_|axi_crossbar_inst.axi_crossbar_rd_inst.s_ifaces[5].addr_inst.thread_count_reg[1][4]$_SDFFE_PP0P_
-0.572313	s05_axi_araddr[28]	axi_crossbar_inst.axi_crossbar_rd_inst.s_ifaces[5].addr_inst.thread_count_reg[0][4]$_SDFFE_PP0P_/D	_41301_|_41303_|_41305_|_41308_|_41337_|_41338_|_41339_|_41359_|_41363_|_41630_|_68773_|_70579_|_70580_|_70581_|_70582_|_70583_|_73541_|_73576_|axi_crossbar_inst.axi_crossbar_rd_inst.s_ifaces[5].addr_inst.thread_count_reg[0][4]$_SDFFE_PP0P_
-0.572313	s05_axi_araddr[28]	axi_crossbar_inst.axi_crossbar_rd_inst.s_ifaces[5].addr_inst.thread_count_reg[1][4]$_SDFFE_PP0P_/D	_41301_|_41303_|_41305_|_41308_|_41337_|_41338_|_41339_|_41359_|_41363_|_43839_|_57282_|_70633_|_70634_|_70635_|_70636_|_70637_|_73347_|_73544_|axi_crossbar_inst.axi_crossbar_rd_inst.s_ifaces[5].addr_inst.thread_count_reg[1][4]$_SDFFE_PP0P_
-0.572304	s05_axi_araddr[28]	axi_crossbar_inst.axi_crossbar_rd_inst.s_ifaces[5].addr_inst.thread_count_reg[0][3]$_SDFFE_PP0P_/D	_41301_|_41303_|_41305_|_41308_|_41337_|_41338_|_41339_|_41359_|_41363_|_41630_|_57164_|_57166_|_57167_|_57168_|_57169_|_68773_|_73464_|_73541_|axi_crossbar_inst.axi_crossbar_rd_inst.s_ifaces[5].addr_inst.thread_count_reg[0][3]$_SDFFE_PP0P_
-0.572304	s05_axi_araddr[28]	axi_crossbar_inst.axi_crossbar_rd_inst.s_ifaces[5].addr_inst.thread_count_reg[1][3]$_SDFFE_PP0P_/D	_41301_|_41303_|_41305_|_41308_|_41337_|_41338_|_41339_|_41359_|_41363_|_43839_|_57265_|_57267_|_57268_|_57269_|_57270_|_57282_|_73346_|_73544_|axi_crossbar_inst.axi_crossbar_rd_inst.s_ifaces[5].addr_inst.thread_count_reg[1][3]$_SDFFE_PP0P_
-0.572214	s07_axi_araddr[30]	axi_crossbar_inst.axi_crossbar_rd_inst.s_ifaces[7].addr_inst.thread_count_reg[0][4]$_SDFFE_PP0P_/D	_44345_|_44346_|_44347_|_44351_|_44384_|_60001_|_60002_|_60019_|_60020_|_60024_|_60025_|_60040_|_71115_|_71116_|_71117_|_71118_|_71119_|_71120_|_73317_|_73556_|axi_crossbar_inst.axi_crossbar_rd_inst.s_ifaces[7].addr_inst.thread_count_reg[0][4]$_SDFFE_PP0P_
-0.572201	s07_axi_araddr[30]	axi_crossbar_inst.axi_crossbar_rd_inst.s_ifaces[7].addr_inst.thread_count_reg[1][4]$_SDFFE_PP0P_/D	_41803_|_44345_|_44346_|_44347_|_44353_|_60000_|_60002_|_60019_|_60020_|_60024_|_60078_|_60094_|_71158_|_71159_|_71160_|_71161_|_71162_|_71163_|_73312_|_73559_|axi_crossbar_inst.axi_crossbar_rd_inst.s_ifaces[7].addr_inst.thread_count_reg[1][4]$_SDFFE_PP0P_
-0.572187	s07_axi_araddr[31]	axi_crossbar_inst.axi_crossbar_rd_inst.s_ifaces[7].addr_inst.thread_count_reg[0][4]$_SDFFE_PP0P_/D	_44344_|_44346_|_44347_|_44353_|_44384_|_60017_|_60018_|_60019_|_60020_|_60024_|_60025_|_60040_|_71115_|_71116_|_71117_|_71118_|_71119_|_71120_|_73317_|_73556_|axi_crossbar_inst.axi_crossbar_rd_inst.s_ifaces[7].addr_inst.thread_count_reg[0][4]$_SDFFE_PP0P_
-0.572161	s05_axi_araddr[28]	axi_crossbar_inst.axi_crossbar_rd_inst.s_ifaces[5].addr_inst.trans_count_reg[4]$_SDFFE_PP0P_/D	_41301_|_41303_|_41305_|_41308_|_41337_|_41338_|_41339_|_41359_|_41363_|_41364_|_42980_|_57182_|_70584_|_70585_|_70586_|_70587_|_70588_|_70589_|_73439_|_73543_|axi_crossbar_inst.axi_crossbar_rd_inst.s_ifaces[5].addr_inst.trans_count_reg[4]$_SDFFE_PP0P_
-0.572120	s07_axi_araddr[31]	axi_crossbar_inst.axi_crossbar_rd_inst.s_ifaces[7].addr_inst.thread_count_reg[1][4]$_SDFFE_PP0P_/D	_41803_|_44344_|_44346_|_44347_|_44351_|_60001_|_60002_|_60019_|_60020_|_60024_|_60078_|_60094_|_71158_|_71159_|_71160_|_71161_|_71162_|_71163_|_73312_|_73559_|axi_crossbar_inst.axi_crossbar_rd_inst.s_ifaces[7].addr_inst.thread_count_reg[1][4]$_SDFFE_PP0P_
-0.572110	s07_axi_araddr[31]	axi_crossbar_inst.axi_crossbar_rd_inst.s_ifaces[7].addr_inst.thread_count_reg[1][4]$_SDFFE_PP0P_/D	_41803_|_44344_|_44346_|_44347_|_44348_|_60016_|_60018_|_60019_|_60020_|_60024_|_60078_|_60094_|_71158_|_71159_|_71160_|_71161_|_71162_|_71163_|_73312_|_73559_|axi_crossbar_inst.axi_crossbar_rd_inst.s_ifaces[7].addr_inst.thread_count_reg[1][4]$_SDFFE_PP0P_
-0.572063	s07_axi_araddr[30]	axi_crossbar_inst.axi_crossbar_rd_inst.s_ifaces[7].addr_inst.thread_count_reg[1][4]$_SDFFE_PP0P_/D	_41803_|_44345_|_44346_|_44347_|_44353_|_60000_|_60002_|_60019_|_60020_|_60024_|_60078_|_60094_|_71158_|_71159_|_71160_|_71161_|_71162_|_71163_|_73312_|_73559_|axi_crossbar_inst.axi_crossbar_rd_inst.s_ifaces[7].addr_inst.thread_count_reg[1][4]$_SDFFE_PP0P_
-0.572045	s07_axi_araddr[27]	axi_crossbar_inst.axi_crossbar_rd_inst.s_ifaces[7].addr_inst.thread_count_reg[1][4]$_SDFFE_PP0P_/D	_41803_|_44343_|_44346_|_44347_|_44353_|_60017_|_60018_|_60019_|_60020_|_60024_|_60078_|_60094_|_71158_|_71159_|_71160_|_71161_|_71162_|_71163_|_73312_|_73559_|axi_crossbar_inst.axi_crossbar_rd_inst.s_ifaces[7].addr_inst.thread_count_reg[1][4]$_SDFFE_PP0P_
-0.571982	s07_axi_araddr[31]	axi_crossbar_inst.axi_crossbar_rd_inst.s_ifaces[7].addr_inst.thread_count_reg[1][4]$_SDFFE_PP0P_/D	_41803_|_44344_|_44346_|_44347_|_44351_|_60001_|_60002_|_60019_|_60020_|_60024_|_60078_|_60094_|_71158_|_71159_|_71160_|_71161_|_71162_|_71163_|_73312_|_73559_|axi_crossbar_inst.axi_crossbar_rd_inst.s_ifaces[7].addr_inst.thread_count_reg[1][4]$_SDFFE_PP0P_
-0.571932	s07_axi_araddr[31]	axi_crossbar_inst.axi_crossbar_rd_inst.s_ifaces[7].addr_inst.thread_count_reg[0][4]$_SDFFE_PP0P_/D	_44344_|_44346_|_44347_|_44353_|_44384_|_60017_|_60018_|_60019_|_60020_|_60024_|_60025_|_60040_|_71115_|_71116_|_71117_|_71118_|_71119_|_71120_|_73317_|_73556_|axi_crossbar_inst.axi_crossbar_rd_inst.s_ifaces[7].addr_inst.thread_count_reg[0][4]$_SDFFE_PP0P_
-0.571927	s05_axi_araddr[29]	axi_crossbar_inst.axi_crossbar_rd_inst.s_ifaces[5].addr_inst.thread_count_reg[0][4]$_SDFFE_PP0P_/D	_41300_|_41303_|_41305_|_41308_|_41337_|_41338_|_41339_|_41359_|_41363_|_41630_|_57163_|_68773_|_70578_|_70579_|_70580_|_70581_|_70582_|_70583_|_73463_|_73541_|axi_crossbar_inst.axi_crossbar_rd_inst.s_ifaces[5].addr_inst.thread_count_reg[0][4]$_SDFFE_PP0P_
-0.571844	s05_axi_araddr[27]	axi_crossbar_inst.axi_crossbar_rd_inst.s_ifaces[5].addr_inst.thread_count_reg[0][4]$_SDFFE_PP0P_/D	_41302_|_41303_|_41305_|_41308_|_41337_|_41338_|_41339_|_41359_|_41363_|_41630_|_57163_|_68773_|_70578_|_70579_|_70580_|_70581_|_70582_|_70583_|_73463_|_73541_|axi_crossbar_inst.axi_crossbar_rd_inst.s_ifaces[5].addr_inst.thread_count_reg[0][4]$_SDFFE_PP0P_
-0.571746	s05_axi_araddr[29]	axi_crossbar_inst.axi_crossbar_rd_inst.s_ifaces[5].addr_inst.thread_count_reg[1][4]$_SDFFE_PP0P_/D	_41300_|_41303_|_41305_|_41308_|_41337_|_41338_|_41339_|_41359_|_41363_|_43839_|_57264_|_57282_|_70632_|_70633_|_70634_|_70635_|_70636_|_70637_|_73337_|_73544_|axi_crossbar_inst.axi_crossbar_rd_inst.s_ifaces[5].addr_inst.thread_count_reg[1][4]$_SDFFE_PP0P_
-0.571663	s05_axi_araddr[27]	axi_crossbar_inst.axi_crossbar_rd_inst.s_ifaces[5].addr_inst.thread_count_reg[1][4]$_SDFFE_PP0P_/D	_41302_|_41303_|_41305_|_41308_|_41337_|_41338_|_41339_|_41359_|_41363_|_43839_|_57264_|_57282_|_70632_|_70633_|_70634_|_70635_|_70636_|_70637_|_73337_|_73544_|axi_crossbar_inst.axi_crossbar_rd_inst.s_ifaces[5].addr_inst.thread_count_reg[1][4]$_SDFFE_PP0P_
-0.571633	s07_axi_araddr[30]	axi_crossbar_inst.axi_crossbar_rd_inst.s_ifaces[7].addr_inst.thread_count_reg[0][4]$_SDFFE_PP0P_/D	_44345_|_44346_|_44347_|_44351_|_44384_|_60001_|_60002_|_60019_|_60020_|_60024_|_60025_|_60040_|_71115_|_71116_|_71117_|_71118_|_71119_|_71120_|_73317_|_73556_|axi_crossbar_inst.axi_crossbar_rd_inst.s_ifaces[7].addr_inst.thread_count_reg[0][4]$_SDFFE_PP0P_
-0.571622	s07_axi_araddr[30]	axi_crossbar_inst.axi_crossbar_rd_inst.s_ifaces[7].addr_inst.thread_count_reg[0][4]$_SDFFE_PP0P_/D	_44345_|_44346_|_44347_|_44348_|_44384_|_60016_|_60018_|_60019_|_60020_|_60024_|_60025_|_60040_|_71115_|_71116_|_71117_|_71118_|_71119_|_71120_|_73317_|_73556_|axi_crossbar_inst.axi_crossbar_rd_inst.s_ifaces[7].addr_inst.thread_count_reg[0][4]$_SDFFE_PP0P_
-0.571520	s05_axi_araddr[29]	axi_crossbar_inst.axi_crossbar_rd_inst.s_ifaces[5].addr_inst.thread_count_reg[1][4]$_SDFFE_PP0P_/D	_41300_|_41303_|_41305_|_41308_|_41312_|_41313_|_41339_|_41359_|_41363_|_43839_|_57266_|_57282_|_70632_|_70633_|_70634_|_70635_|_70636_|_70637_|_73337_|_73544_|axi_crossbar_inst.axi_crossbar_rd_inst.s_ifaces[5].addr_inst.thread_count_reg[1][4]$_SDFFE_PP0P_
-0.571495	s07_axi_araddr[30]	axi_crossbar_inst.axi_crossbar_rd_inst.s_ifaces[7].addr_inst.thread_count_reg[0][4]$_SDFFE_PP0P_/D	_44345_|_44346_|_44347_|_44351_|_44384_|_60001_|_60002_|_60019_|_60020_|_60024_|_60025_|_60040_|_71115_|_71116_|_71117_|_71118_|_71119_|_71120_|_73317_|_73556_|axi_crossbar_inst.axi_crossbar_rd_inst.s_ifaces[7].addr_inst.thread_count_reg[0][4]$_SDFFE_PP0P_
-0.571436	s05_axi_araddr[27]	axi_crossbar_inst.axi_crossbar_rd_inst.s_ifaces[5].addr_inst.thread_count_reg[1][4]$_SDFFE_PP0P_/D	_41302_|_41303_|_41305_|_41308_|_41312_|_41313_|_41339_|_41359_|_41363_|_43839_|_57266_|_57282_|_70632_|_70633_|_70634_|_70635_|_70636_|_70637_|_73337_|_73544_|axi_crossbar_inst.axi_crossbar_rd_inst.s_ifaces[5].addr_inst.thread_count_reg[1][4]$_SDFFE_PP0P_
-0.571413	s05_axi_araddr[30]	axi_crossbar_inst.axi_crossbar_rd_inst.s_ifaces[5].addr_inst.thread_count_reg[0][4]$_SDFFE_PP0P_/D	_41299_|_41303_|_41305_|_41308_|_41337_|_41338_|_41339_|_41359_|_41363_|_41630_|_57165_|_68773_|_70578_|_70579_|_70580_|_70581_|_70582_|_70583_|_73463_|_73541_|axi_crossbar_inst.axi_crossbar_rd_inst.s_ifaces[5].addr_inst.thread_count_reg[0][4]$_SDFFE_PP0P_
-0.571405	s05_axi_araddr[28]	axi_crossbar_inst.axi_crossbar_rd_inst.s_ifaces[5].addr_inst.thread_count_reg[0][4]$_SDFFE_PP0P_/D	_41301_|_41303_|_41305_|_41308_|_41312_|_41313_|_41339_|_41359_|_41363_|_41630_|_57165_|_68773_|_70578_|_70579_|_70580_|_70581_|_70582_|_70583_|_73463_|_73541_|axi_crossbar_inst.axi_crossbar_rd_inst.s_ifaces[5].addr_inst.thread_count_reg[0][4]$_SDFFE_PP0P_
-0.571295	s07_axi_araddr[30]	axi_crossbar_inst.axi_crossbar_rd_inst.s_ifaces[7].addr_inst.thread_count_reg[0][4]$_SDFFE_PP0P_/D	_44345_|_44346_|_44347_|_44353_|_44384_|_60017_|_60018_|_60019_|_60020_|_60024_|_60025_|_60040_|_71115_|_71116_|_71117_|_71118_|_71119_|_71120_|_73317_|_73556_|axi_crossbar_inst.axi_crossbar_rd_inst.s_ifaces[7].addr_inst.thread_count_reg[0][4]$_SDFFE_PP0P_
-0.571273	s05_axi_araddr[29]	axi_crossbar_inst.axi_crossbar_rd_inst.s_ifaces[5].addr_inst.thread_count_reg[1][4]$_SDFFE_PP0P_/D	_41300_|_41303_|_41305_|_41308_|_41337_|_41338_|_41339_|_41359_|_41363_|_43839_|_57266_|_57282_|_70632_|_70633_|_70634_|_70635_|_70636_|_70637_|_73337_|_73544_|axi_crossbar_inst.axi_crossbar_rd_inst.s_ifaces[5].addr_inst.thread_count_reg[1][4]$_SDFFE_PP0P_
-0.571202	s07_axi_araddr[31]	axi_crossbar_inst.axi_crossbar_rd_inst.s_ifaces[7].addr_inst.thread_count_reg[1][4]$_SDFFE_PP0P_/D	_41803_|_44344_|_44346_|_44347_|_44353_|_60017_|_60018_|_60019_|_60020_|_60024_|_60078_|_60094_|_71158_|_71159_|_71160_|_71161_|_71162_|_71163_|_73312_|_73559_|axi_crossbar_inst.axi_crossbar_rd_inst.s_ifaces[7].addr_inst.thread_count_reg[1][4]$_SDFFE_PP0P_
-0.571190	s05_axi_araddr[27]	axi_crossbar_inst.axi_crossbar_rd_inst.s_ifaces[5].addr_inst.thread_count_reg[1][4]$_SDFFE_PP0P_/D	_41302_|_41303_|_41305_|_41308_|_41337_|_41338_|_41339_|_41359_|_41363_|_43839_|_57266_|_57282_|_70632_|_70633_|_70634_|_70635_|_70636_|_70637_|_73337_|_73544_|axi_crossbar_inst.axi_crossbar_rd_inst.s_ifaces[5].addr_inst.thread_count_reg[1][4]$_SDFFE_PP0P_
-0.571103	s05_axi_araddr[29]	axi_crossbar_inst.axi_crossbar_rd_inst.s_ifaces[5].addr_inst.thread_count_reg[0][4]$_SDFFE_PP0P_/D	_41300_|_41303_|_41305_|_41308_|_41337_|_41338_|_41339_|_41359_|_41363_|_41630_|_68773_|_70579_|_70580_|_70581_|_70582_|_70583_|_73541_|_73576_|axi_crossbar_inst.axi_crossbar_rd_inst.s_ifaces[5].addr_inst.thread_count_reg[0][4]$_SDFFE_PP0P_
-0.571103	s05_axi_araddr[29]	axi_crossbar_inst.axi_crossbar_rd_inst.s_ifaces[5].addr_inst.thread_count_reg[1][4]$_SDFFE_PP0P_/D	_41300_|_41303_|_41305_|_41308_|_41337_|_41338_|_41339_|_41359_|_41363_|_43839_|_57282_|_70633_|_70634_|_70635_|_70636_|_70637_|_73347_|_73544_|axi_crossbar_inst.axi_crossbar_rd_inst.s_ifaces[5].addr_inst.thread_count_reg[1][4]$_SDFFE_PP0P_
-0.571093	s05_axi_araddr[29]	axi_crossbar_inst.axi_crossbar_rd_inst.s_ifaces[5].addr_inst.thread_count_reg[0][3]$_SDFFE_PP0P_/D	_41300_|_41303_|_41305_|_41308_|_41337_|_41338_|_41339_|_41359_|_41363_|_41630_|_57164_|_57166_|_57167_|_57168_|_57169_|_68773_|_73464_|_73541_|axi_crossbar_inst.axi_crossbar_rd_inst.s_ifaces[5].addr_inst.thread_count_reg[0][3]$_SDFFE_PP0P_
-0.571093	s05_axi_araddr[29]	axi_crossbar_inst.axi_crossbar_rd_inst.s_ifaces[5].addr_inst.thread_count_reg[1][3]$_SDFFE_PP0P_/D	_41300_|_41303_|_41305_|_41308_|_41337_|_41338_|_41339_|_41359_|_41363_|_43839_|_57265_|_57267_|_57268_|_57269_|_57270_|_57282_|_73346_|_73544_|axi_crossbar_inst.axi_crossbar_rd_inst.s_ifaces[5].addr_inst.thread_count_reg[1][3]$_SDFFE_PP0P_
-0.571063	s07_axi_araddr[31]	axi_crossbar_inst.axi_crossbar_rd_inst.s_ifaces[7].addr_inst.thread_count_reg[1][4]$_SDFFE_PP0P_/D	_41803_|_44344_|_44346_|_44347_|_44353_|_60017_|_60018_|_60019_|_60020_|_60024_|_60078_|_60094_|_71158_|_71159_|_71160_|_71161_|_71162_|_71163_|_73312_|_73559_|axi_crossbar_inst.axi_crossbar_rd_inst.s_ifaces[7].addr_inst.thread_count_reg[1][4]$_SDFFE_PP0P_
-0.571019	s05_axi_araddr[27]	axi_crossbar_inst.axi_crossbar_rd_inst.s_ifaces[5].addr_inst.thread_count_reg[0][4]$_SDFFE_PP0P_/D	_41302_|_41303_|_41305_|_41308_|_41337_|_41338_|_41339_|_41359_|_41363_|_41630_|_68773_|_70579_|_70580_|_70581_|_70582_|_70583_|_73541_|_73576_|axi_crossbar_inst.axi_crossbar_rd_inst.s_ifaces[5].addr_inst.thread_count_reg[0][4]$_SDFFE_PP0P_
-0.571019	s05_axi_araddr[27]	axi_crossbar_inst.axi_crossbar_rd_inst.s_ifaces[5].addr_inst.thread_count_reg[1][4]$_SDFFE_PP0P_/D	_41302_|_41303_|_41305_|_41308_|_41337_|_41338_|_41339_|_41359_|_41363_|_43839_|_57282_|_70633_|_70634_|_70635_|_70636_|_70637_|_73347_|_73544_|axi_crossbar_inst.axi_crossbar_rd_inst.s_ifaces[5].addr_inst.thread_count_reg[1][4]$_SDFFE_PP0P_
-0.571010	s05_axi_araddr[27]	axi_crossbar_inst.axi_crossbar_rd_inst.s_ifaces[5].addr_inst.thread_count_reg[0][3]$_SDFFE_PP0P_/D	_41302_|_41303_|_41305_|_41308_|_41337_|_41338_|_41339_|_41359_|_41363_|_41630_|_57164_|_57166_|_57167_|_57168_|_57169_|_68773_|_73464_|_73541_|axi_crossbar_inst.axi_crossbar_rd_inst.s_ifaces[5].addr_inst.thread_count_reg[0][3]$_SDFFE_PP0P_
-0.571010	s05_axi_araddr[27]	axi_crossbar_inst.axi_crossbar_rd_inst.s_ifaces[5].addr_inst.thread_count_reg[1][3]$_SDFFE_PP0P_/D	_41302_|_41303_|_41305_|_41308_|_41337_|_41338_|_41339_|_41359_|_41363_|_43839_|_57265_|_57267_|_57268_|_57269_|_57270_|_57282_|_73346_|_73544_|axi_crossbar_inst.axi_crossbar_rd_inst.s_ifaces[5].addr_inst.thread_count_reg[1][3]$_SDFFE_PP0P_
-0.570968	s07_axi_araddr[31]	axi_crossbar_inst.axi_crossbar_rd_inst.s_ifaces[7].addr_inst.thread_count_reg[1][4]$_SDFFE_PP0P_/D	_41803_|_44344_|_44346_|_44347_|_44353_|_60000_|_60002_|_60019_|_60020_|_60024_|_60078_|_60094_|_71158_|_71159_|_71160_|_71161_|_71162_|_71163_|_73312_|_73559_|axi_crossbar_inst.axi_crossbar_rd_inst.s_ifaces[7].addr_inst.thread_count_reg[1][4]$_SDFFE_PP0P_
-0.570951	s05_axi_araddr[29]	axi_crossbar_inst.axi_crossbar_rd_inst.s_ifaces[5].addr_inst.trans_count_reg[4]$_SDFFE_PP0P_/D	_41300_|_41303_|_41305_|_41308_|_41337_|_41338_|_41339_|_41359_|_41363_|_41364_|_42980_|_57182_|_70584_|_70585_|_70586_|_70587_|_70588_|_70589_|_73439_|_73543_|axi_crossbar_inst.axi_crossbar_rd_inst.s_ifaces[5].addr_inst.trans_count_reg[4]$_SDFFE_PP0P_
-0.570891	s07_axi_araddr[30]	axi_crossbar_inst.axi_crossbar_rd_inst.s_ifaces[7].addr_inst.thread_count_reg[1][4]$_SDFFE_PP0P_/D	_41803_|_44345_|_44346_|_44347_|_44348_|_60016_|_60018_|_60019_|_60020_|_60024_|_60078_|_60094_|_71158_|_71159_|_71160_|_71161_|_71162_|_71163_|_73312_|_73559_|axi_crossbar_inst.axi_crossbar_rd_inst.s_ifaces[7].addr_inst.thread_count_reg[1][4]$_SDFFE_PP0P_
-0.570867	s05_axi_araddr[27]	axi_crossbar_inst.axi_crossbar_rd_inst.s_ifaces[5].addr_inst.trans_count_reg[4]$_SDFFE_PP0P_/D	_41302_|_41303_|_41305_|_41308_|_41337_|_41338_|_41339_|_41359_|_41363_|_41364_|_42980_|_57182_|_70584_|_70585_|_70586_|_70587_|_70588_|_70589_|_73439_|_73543_|axi_crossbar_inst.axi_crossbar_rd_inst.s_ifaces[5].addr_inst.trans_count_reg[4]$_SDFFE_PP0P_
-0.570714	s07_axi_araddr[30]	axi_crossbar_inst.axi_crossbar_rd_inst.s_ifaces[7].addr_inst.thread_count_reg[0][4]$_SDFFE_PP0P_/D	_44345_|_44346_|_44347_|_44353_|_44384_|_60017_|_60018_|_60019_|_60020_|_60024_|_60025_|_60040_|_71115_|_71116_|_71117_|_71118_|_71119_|_71120_|_73317_|_73556_|axi_crossbar_inst.axi_crossbar_rd_inst.s_ifaces[7].addr_inst.thread_count_reg[0][4]$_SDFFE_PP0P_
-0.570637	s07_axi_araddr[30]	axi_crossbar_inst.axi_crossbar_rd_inst.s_ifaces[7].addr_inst.thread_count_reg[1][4]$_SDFFE_PP0P_/D	_41803_|_44345_|_44346_|_44347_|_44348_|_60016_|_60018_|_60019_|_60020_|_60024_|_60078_|_60094_|_71158_|_71159_|_71160_|_71161_|_71162_|_71163_|_73312_|_73559_|axi_crossbar_inst.axi_crossbar_rd_inst.s_ifaces[7].addr_inst.thread_count_reg[1][4]$_SDFFE_PP0P_
-0.570576	s07_axi_araddr[30]	axi_crossbar_inst.axi_crossbar_rd_inst.s_ifaces[7].addr_inst.thread_count_reg[0][4]$_SDFFE_PP0P_/D	_44345_|_44346_|_44347_|_44353_|_44384_|_60017_|_60018_|_60019_|_60020_|_60024_|_60025_|_60040_|_71115_|_71116_|_71117_|_71118_|_71119_|_71120_|_73317_|_73556_|axi_crossbar_inst.axi_crossbar_rd_inst.s_ifaces[7].addr_inst.thread_count_reg[0][4]$_SDFFE_PP0P_
-0.570509	s07_axi_araddr[30]	axi_crossbar_inst.axi_crossbar_rd_inst.s_ifaces[7].addr_inst.thread_count_reg[1][4]$_SDFFE_PP0P_/D	_41803_|_44345_|_44346_|_44347_|_44351_|_60001_|_60002_|_60019_|_60020_|_60024_|_60078_|_60094_|_71158_|_71159_|_71160_|_71161_|_71162_|_71163_|_73312_|_73559_|axi_crossbar_inst.axi_crossbar_rd_inst.s_ifaces[7].addr_inst.thread_count_reg[1][4]$_SDFFE_PP0P_
-0.570487	s05_axi_araddr[28]	axi_crossbar_inst.axi_crossbar_rd_inst.s_ifaces[5].addr_inst.thread_count_reg[0][4]$_SDFFE_PP0P_/D	_41301_|_41303_|_41305_|_41308_|_41337_|_41338_|_41339_|_41359_|_41363_|_41630_|_57163_|_68773_|_70578_|_70579_|_70580_|_70581_|_70582_|_70583_|_73463_|_73541_|axi_crossbar_inst.axi_crossbar_rd_inst.s_ifaces[5].addr_inst.thread_count_reg[0][4]$_SDFFE_PP0P_
-0.570485	s00_axi_awaddr[31]	axi_crossbar_inst.axi_crossbar_wr_inst.s_ifaces[0].addr_inst.thread_count_reg[1][4]$_SDFFE_PP0P_/D	_44120_|_44121_|_44122_|_44127_|_51889_|_51890_|_51895_|_51915_|_51969_|_51984_|_51985_|_51986_|_68790_|_69716_|_69717_|_69718_|_69719_|_69720_|_69721_|_73313_|_73518_|axi_crossbar_inst.axi_crossbar_wr_inst.s_ifaces[0].addr_inst.thread_count_reg[1][4]$_SDFFE_PP0P_
-0.570306	s05_axi_araddr[28]	axi_crossbar_inst.axi_crossbar_rd_inst.s_ifaces[5].addr_inst.thread_count_reg[1][4]$_SDFFE_PP0P_/D	_41301_|_41303_|_41305_|_41308_|_41337_|_41338_|_41339_|_41359_|_41363_|_43839_|_57264_|_57282_|_70632_|_70633_|_70634_|_70635_|_70636_|_70637_|_73337_|_73544_|axi_crossbar_inst.axi_crossbar_rd_inst.s_ifaces[5].addr_inst.thread_count_reg[1][4]$_SDFFE_PP0P_
-0.570194	s05_axi_araddr[29]	axi_crossbar_inst.axi_crossbar_rd_inst.s_ifaces[5].addr_inst.thread_count_reg[0][4]$_SDFFE_PP0P_/D	_41300_|_41303_|_41305_|_41308_|_41312_|_41313_|_41339_|_41359_|_41363_|_41630_|_57165_|_68773_|_70578_|_70579_|_70580_|_70581_|_70582_|_70583_|_73463_|_73541_|axi_crossbar_inst.axi_crossbar_rd_inst.s_ifaces[5].addr_inst.thread_count_reg[0][4]$_SDFFE_PP0P_
-0.570170	s07_axi_araddr[30]	axi_crossbar_inst.axi_crossbar_rd_inst.s_ifaces[7].addr_inst.thread_count_reg[1][4]$_SDFFE_PP0P_/D	_41803_|_44345_|_44346_|_44347_|_44353_|_60000_|_60002_|_60019_|_60020_|_60024_|_60078_|_60094_|_71158_|_71159_|_71160_|_71161_|_71162_|_71163_|_73312_|_73559_|axi_crossbar_inst.axi_crossbar_rd_inst.s_ifaces[7].addr_inst.thread_count_reg[1][4]$_SDFFE_PP0P_
-0.570111	s05_axi_araddr[27]	axi_crossbar_inst.axi_crossbar_rd_inst.s_ifaces[5].addr_inst.thread_count_reg[0][4]$_SDFFE_PP0P_/D	_41302_|_41303_|_41305_|_41308_|_41312_|_41313_|_41339_|_41359_|_41363_|_41630_|_57165_|_68773_|_70578_|_70579_|_70580_|_70581_|_70582_|_70583_|_73463_|_73541_|axi_crossbar_inst.axi_crossbar_rd_inst.s_ifaces[5].addr_inst.thread_count_reg[0][4]$_SDFFE_PP0P_
-0.570090	s07_axi_araddr[31]	axi_crossbar_inst.axi_crossbar_rd_inst.s_ifaces[7].addr_inst.thread_count_reg[1][4]$_SDFFE_PP0P_/D	_41803_|_44344_|_44346_|_44347_|_44351_|_60001_|_60002_|_60019_|_60020_|_60024_|_60078_|_60094_|_71158_|_71159_|_71160_|_71161_|_71162_|_71163_|_73312_|_73559_|axi_crossbar_inst.axi_crossbar_rd_inst.s_ifaces[7].addr_inst.thread_count_reg[1][4]$_SDFFE_PP0P_
-0.569750	s07_axi_araddr[30]	axi_crossbar_inst.axi_crossbar_rd_inst.s_ifaces[7].addr_inst.thread_count_reg[1][4]$_SDFFE_PP0P_/D	_41803_|_44345_|_44346_|_44347_|_44353_|_60000_|_60002_|_60019_|_60020_|_60024_|_60078_|_60094_|_71158_|_71159_|_71160_|_71161_|_71162_|_71163_|_73312_|_73559_|axi_crossbar_inst.axi_crossbar_rd_inst.s_ifaces[7].addr_inst.thread_count_reg[1][4]$_SDFFE_PP0P_
-0.569670	s07_axi_araddr[31]	axi_crossbar_inst.axi_crossbar_rd_inst.s_ifaces[7].addr_inst.thread_count_reg[1][4]$_SDFFE_PP0P_/D	_41803_|_44344_|_44346_|_44347_|_44351_|_60001_|_60002_|_60019_|_60020_|_60024_|_60078_|_60094_|_71158_|_71159_|_71160_|_71161_|_71162_|_71163_|_73312_|_73559_|axi_crossbar_inst.axi_crossbar_rd_inst.s_ifaces[7].addr_inst.thread_count_reg[1][4]$_SDFFE_PP0P_
-0.569602	s07_axi_araddr[30]	axi_crossbar_inst.axi_crossbar_rd_inst.s_ifaces[7].addr_inst.thread_count_reg[0][4]$_SDFFE_PP0P_/D	_44345_|_44346_|_44347_|_44351_|_44384_|_60001_|_60002_|_60019_|_60020_|_60024_|_60025_|_60040_|_71115_|_71116_|_71117_|_71118_|_71119_|_71120_|_73317_|_73556_|axi_crossbar_inst.axi_crossbar_rd_inst.s_ifaces[7].addr_inst.thread_count_reg[0][4]$_SDFFE_PP0P_
-0.569591	s07_axi_araddr[30]	axi_crossbar_inst.axi_crossbar_rd_inst.s_ifaces[7].addr_inst.thread_count_reg[1][4]$_SDFFE_PP0P_/D	_41803_|_44345_|_44346_|_44347_|_44353_|_60017_|_60018_|_60019_|_60020_|_60024_|_60078_|_60094_|_71158_|_71159_|_71160_|_71161_|_71162_|_71163_|_73312_|_73559_|axi_crossbar_inst.axi_crossbar_rd_inst.s_ifaces[7].addr_inst.thread_count_reg[1][4]$_SDFFE_PP0P_
-0.569289	s07_axi_araddr[31]	axi_crossbar_inst.axi_crossbar_rd_inst.s_ifaces[7].addr_inst.thread_count_reg[0][4]$_SDFFE_PP0P_/D	_44344_|_44346_|_44347_|_44353_|_44384_|_60000_|_60002_|_60019_|_60020_|_60024_|_60025_|_60040_|_71115_|_71116_|_71117_|_71118_|_71119_|_71120_|_73317_|_73556_|axi_crossbar_inst.axi_crossbar_rd_inst.s_ifaces[7].addr_inst.thread_count_reg[0][4]$_SDFFE_PP0P_
-0.569276	s05_axi_araddr[29]	axi_crossbar_inst.axi_crossbar_rd_inst.s_ifaces[5].addr_inst.thread_count_reg[0][4]$_SDFFE_PP0P_/D	_41300_|_41303_|_41305_|_41308_|_41337_|_41338_|_41339_|_41359_|_41363_|_41630_|_57163_|_68773_|_70578_|_70579_|_70580_|_70581_|_70582_|_70583_|_73463_|_73541_|axi_crossbar_inst.axi_crossbar_rd_inst.s_ifaces[5].addr_inst.thread_count_reg[0][4]$_SDFFE_PP0P_
-0.569193	s05_axi_araddr[27]	axi_crossbar_inst.axi_crossbar_rd_inst.s_ifaces[5].addr_inst.thread_count_reg[0][4]$_SDFFE_PP0P_/D	_41302_|_41303_|_41305_|_41308_|_41337_|_41338_|_41339_|_41359_|_41363_|_41630_|_57163_|_68773_|_70578_|_70579_|_70580_|_70581_|_70582_|_70583_|_73463_|_73541_|axi_crossbar_inst.axi_crossbar_rd_inst.s_ifaces[5].addr_inst.thread_count_reg[0][4]$_SDFFE_PP0P_
-0.569171	s07_axi_araddr[31]	axi_crossbar_inst.axi_crossbar_rd_inst.s_ifaces[7].addr_inst.thread_count_reg[1][4]$_SDFFE_PP0P_/D	_41803_|_44344_|_44346_|_44347_|_44353_|_60017_|_60018_|_60019_|_60020_|_60024_|_60078_|_60094_|_71158_|_71159_|_71160_|_71161_|_71162_|_71163_|_73312_|_73559_|axi_crossbar_inst.axi_crossbar_rd_inst.s_ifaces[7].addr_inst.thread_count_reg[1][4]$_SDFFE_PP0P_
-0.569095	s05_axi_araddr[29]	axi_crossbar_inst.axi_crossbar_rd_inst.s_ifaces[5].addr_inst.thread_count_reg[1][4]$_SDFFE_PP0P_/D	_41300_|_41303_|_41305_|_41308_|_41337_|_41338_|_41339_|_41359_|_41363_|_43839_|_57264_|_57282_|_70632_|_70633_|_70634_|_70635_|_70636_|_70637_|_73337_|_73544_|axi_crossbar_inst.axi_crossbar_rd_inst.s_ifaces[5].addr_inst.thread_count_reg[1][4]$_SDFFE_PP0P_
-0.569012	s05_axi_araddr[27]	axi_crossbar_inst.axi_crossbar_rd_inst.s_ifaces[5].addr_inst.thread_count_reg[1][4]$_SDFFE_PP0P_/D	_41302_|_41303_|_41305_|_41308_|_41337_|_41338_|_41339_|_41359_|_41363_|_43839_|_57264_|_57282_|_70632_|_70633_|_70634_|_70635_|_70636_|_70637_|_73337_|_73544_|axi_crossbar_inst.axi_crossbar_rd_inst.s_ifaces[5].addr_inst.thread_count_reg[1][4]$_SDFFE_PP0P_
-0.569010	s05_axi_araddr[28]	axi_crossbar_inst.axi_crossbar_rd_inst.s_ifaces[5].addr_inst.thread_count_reg[0][4]$_SDFFE_PP0P_/D	_41301_|_41303_|_41305_|_41308_|_41337_|_41338_|_41339_|_41359_|_41363_|_41630_|_57163_|_68773_|_70578_|_70579_|_70580_|_70581_|_70582_|_70583_|_73463_|_73541_|axi_crossbar_inst.axi_crossbar_rd_inst.s_ifaces[5].addr_inst.thread_count_reg[0][4]$_SDFFE_PP0P_
-0.568963	s07_axi_araddr[31]	axi_crossbar_inst.axi_crossbar_rd_inst.s_ifaces[7].addr_inst.thread_count_reg[0][4]$_SDFFE_PP0P_/D	_44344_|_44346_|_44347_|_44353_|_44384_|_60000_|_60002_|_60019_|_60020_|_60024_|_60025_|_60040_|_71115_|_71116_|_71117_|_71118_|_71119_|_71120_|_73317_|_73556_|axi_crossbar_inst.axi_crossbar_rd_inst.s_ifaces[7].addr_inst.thread_count_reg[0][4]$_SDFFE_PP0P_
-0.568885	s07_axi_araddr[31]	axi_crossbar_inst.axi_crossbar_rd_inst.s_ifaces[7].addr_inst.thread_count_reg[1][4]$_SDFFE_PP0P_/D	_41803_|_44344_|_44346_|_44347_|_44348_|_59999_|_60002_|_60019_|_60020_|_60024_|_60078_|_60094_|_71158_|_71159_|_71160_|_71161_|_71162_|_71163_|_73312_|_73559_|axi_crossbar_inst.axi_crossbar_rd_inst.s_ifaces[7].addr_inst.thread_count_reg[1][4]$_SDFFE_PP0P_
-0.568872	s07_axi_araddr[30]	axi_crossbar_inst.axi_crossbar_rd_inst.s_ifaces[7].addr_inst.thread_count_reg[1][4]$_SDFFE_PP0P_/D	_41803_|_44345_|_44346_|_44347_|_44351_|_60001_|_60002_|_60019_|_60020_|_60024_|_60078_|_60094_|_71158_|_71159_|_71160_|_71161_|_71162_|_71163_|_73312_|_73559_|axi_crossbar_inst.axi_crossbar_rd_inst.s_ifaces[7].addr_inst.thread_count_reg[1][4]$_SDFFE_PP0P_
-0.568829	s05_axi_araddr[28]	axi_crossbar_inst.axi_crossbar_rd_inst.s_ifaces[5].addr_inst.thread_count_reg[1][4]$_SDFFE_PP0P_/D	_41301_|_41303_|_41305_|_41308_|_41337_|_41338_|_41339_|_41359_|_41363_|_43839_|_57264_|_57282_|_70632_|_70633_|_70634_|_70635_|_70636_|_70637_|_73337_|_73544_|axi_crossbar_inst.axi_crossbar_rd_inst.s_ifaces[5].addr_inst.thread_count_reg[1][4]$_SDFFE_PP0P_
-0.568821	s07_axi_araddr[27]	axi_crossbar_inst.axi_crossbar_rd_inst.s_ifaces[7].addr_inst.thread_count_reg[1][4]$_SDFFE_PP0P_/D	_41803_|_44343_|_44346_|_44347_|_44353_|_60000_|_60002_|_60019_|_60020_|_60024_|_60078_|_60094_|_71158_|_71159_|_71160_|_71161_|_71162_|_71163_|_73312_|_73559_|axi_crossbar_inst.axi_crossbar_rd_inst.s_ifaces[7].addr_inst.thread_count_reg[1][4]$_SDFFE_PP0P_
-0.568751	s07_axi_araddr[31]	axi_crossbar_inst.axi_crossbar_rd_inst.s_ifaces[7].addr_inst.thread_count_reg[1][4]$_SDFFE_PP0P_/D	_41803_|_44344_|_44346_|_44347_|_44353_|_60017_|_60018_|_60019_|_60020_|_60024_|_60078_|_60094_|_71158_|_71159_|_71160_|_71161_|_71162_|_71163_|_73312_|_73559_|axi_crossbar_inst.axi_crossbar_rd_inst.s_ifaces[7].addr_inst.thread_count_reg[1][4]$_SDFFE_PP0P_
-0.568708	s07_axi_araddr[31]	axi_crossbar_inst.axi_crossbar_rd_inst.s_ifaces[7].addr_inst.thread_count_reg[0][4]$_SDFFE_PP0P_/D	_44344_|_44346_|_44347_|_44353_|_44384_|_60000_|_60002_|_60019_|_60020_|_60024_|_60025_|_60040_|_71115_|_71116_|_71117_|_71118_|_71119_|_71120_|_73317_|_73556_|axi_crossbar_inst.axi_crossbar_rd_inst.s_ifaces[7].addr_inst.thread_count_reg[0][4]$_SDFFE_PP0P_
-0.568684	s07_axi_araddr[30]	axi_crossbar_inst.axi_crossbar_rd_inst.s_ifaces[7].addr_inst.thread_count_reg[0][4]$_SDFFE_PP0P_/D	_44345_|_44346_|_44347_|_44353_|_44384_|_60017_|_60018_|_60019_|_60020_|_60024_|_60025_|_60040_|_71115_|_71116_|_71117_|_71118_|_71119_|_71120_|_73317_|_73556_|axi_crossbar_inst.axi_crossbar_rd_inst.s_ifaces[7].addr_inst.thread_count_reg[0][4]$_SDFFE_PP0P_
-0.568617	s00_axi_awaddr[31]	axi_crossbar_inst.axi_crossbar_wr_inst.s_ifaces[0].addr_inst.thread_count_reg[1][4]$_SDFFE_PP0P_/D	_44120_|_44121_|_44122_|_44127_|_51889_|_51890_|_51895_|_51915_|_51969_|_51984_|_51985_|_51986_|_68790_|_69716_|_69717_|_69718_|_69719_|_69720_|_69721_|_73313_|_73518_|axi_crossbar_inst.axi_crossbar_wr_inst.s_ifaces[0].addr_inst.thread_count_reg[1][4]$_SDFFE_PP0P_
-0.568600	s00_axi_awaddr[31]	axi_crossbar_inst.axi_crossbar_wr_inst.s_ifaces[0].addr_inst.thread_count_reg[0][4]$_SDFFE_PP0P_/D	_44120_|_44121_|_44122_|_44127_|_51889_|_51890_|_51895_|_51915_|_51917_|_51918_|_51919_|_51930_|_68772_|_69649_|_69650_|_69651_|_69652_|_69653_|_69654_|_73408_|_73515_|axi_crossbar_inst.axi_crossbar_wr_inst.s_ifaces[0].addr_inst.thread_count_reg[0][4]$_SDFFE_PP0P_
-0.568569	s05_axi_araddr[28]	axi_crossbar_inst.axi_crossbar_rd_inst.s_ifaces[5].addr_inst.thread_count_reg[0][3]$_SDFFE_PP0P_/D	_41301_|_41303_|_41305_|_41308_|_41337_|_41338_|_41339_|_41359_|_41363_|_41630_|_57165_|_57166_|_57167_|_57168_|_57169_|_68773_|_73463_|_73541_|axi_crossbar_inst.axi_crossbar_rd_inst.s_ifaces[5].addr_inst.thread_count_reg[0][3]$_SDFFE_PP0P_
-0.568398	s07_axi_araddr[30]	axi_crossbar_inst.axi_crossbar_rd_inst.s_ifaces[7].addr_inst.thread_count_reg[0][4]$_SDFFE_PP0P_/D	_44345_|_44346_|_44347_|_44348_|_44384_|_59999_|_60002_|_60019_|_60020_|_60024_|_60025_|_60040_|_71115_|_71116_|_71117_|_71118_|_71119_|_71120_|_73317_|_73556_|axi_crossbar_inst.axi_crossbar_rd_inst.s_ifaces[7].addr_inst.thread_count_reg[0][4]$_SDFFE_PP0P_
-0.568294	s00_axi_awaddr[31]	axi_crossbar_inst.axi_crossbar_wr_inst.s_ifaces[0].addr_inst.thread_count_reg[1][4]$_SDFFE_PP0P_/D	_44120_|_44121_|_44122_|_44127_|_51889_|_51890_|_51895_|_51915_|_51969_|_51984_|_51985_|_51986_|_68790_|_69716_|_69717_|_69718_|_69719_|_69720_|_69721_|_73313_|_73518_|axi_crossbar_inst.axi_crossbar_wr_inst.s_ifaces[0].addr_inst.thread_count_reg[1][4]$_SDFFE_PP0P_
-0.568253	s07_axi_araddr[27]	axi_crossbar_inst.axi_crossbar_rd_inst.s_ifaces[7].addr_inst.thread_count_reg[0][4]$_SDFFE_PP0P_/D	_44343_|_44346_|_44347_|_44351_|_44384_|_60001_|_60002_|_60019_|_60020_|_60024_|_60025_|_60040_|_71115_|_71116_|_71117_|_71118_|_71119_|_71120_|_73317_|_73556_|axi_crossbar_inst.axi_crossbar_rd_inst.s_ifaces[7].addr_inst.thread_count_reg[0][4]$_SDFFE_PP0P_
-0.568186	s07_axi_araddr[30]	axi_crossbar_inst.axi_crossbar_rd_inst.s_ifaces[7].addr_inst.thread_count_reg[1][4]$_SDFFE_PP0P_/D	_41803_|_44345_|_44346_|_44347_|_44348_|_60016_|_60018_|_60019_|_60020_|_60024_|_60078_|_60094_|_71158_|_71159_|_71160_|_71161_|_71162_|_71163_|_73312_|_73559_|axi_crossbar_inst.axi_crossbar_rd_inst.s_ifaces[7].addr_inst.thread_count_reg[1][4]$_SDFFE_PP0P_
-0.568158	s05_axi_araddr[28]	axi_crossbar_inst.axi_crossbar_rd_inst.s_ifaces[5].addr_inst.thread_count_reg[0][4]$_SDFFE_PP0P_/D	_41301_|_41303_|_41305_|_41308_|_41337_|_41338_|_41339_|_41359_|_41363_|_41630_|_57165_|_68773_|_70578_|_70579_|_70580_|_70581_|_70582_|_70583_|_73463_|_73541_|axi_crossbar_inst.axi_crossbar_rd_inst.s_ifaces[5].addr_inst.thread_count_reg[0][4]$_SDFFE_PP0P_
-0.568071	s07_axi_araddr[30]	axi_crossbar_inst.axi_crossbar_rd_inst.s_ifaces[7].addr_inst.thread_count_reg[0][4]$_SDFFE_PP0P_/D	_44345_|_44346_|_44347_|_44353_|_44384_|_60000_|_60002_|_60019_|_60020_|_60024_|_60025_|_60040_|_71115_|_71116_|_71117_|_71118_|_71119_|_71120_|_73317_|_73556_|axi_crossbar_inst.axi_crossbar_rd_inst.s_ifaces[7].addr_inst.thread_count_reg[0][4]$_SDFFE_PP0P_
-0.568059	s07_axi_araddr[30]	axi_crossbar_inst.axi_crossbar_rd_inst.s_ifaces[7].addr_inst.thread_count_reg[1][4]$_SDFFE_PP0P_/D	_41803_|_44345_|_44346_|_44347_|_44351_|_60001_|_60002_|_60019_|_60020_|_60024_|_60078_|_60094_|_71158_|_71159_|_71160_|_71161_|_71162_|_71163_|_73312_|_73559_|axi_crossbar_inst.axi_crossbar_rd_inst.s_ifaces[7].addr_inst.thread_count_reg[1][4]$_SDFFE_PP0P_
-0.567991	s07_axi_araddr[31]	axi_crossbar_inst.axi_crossbar_rd_inst.s_ifaces[7].addr_inst.thread_count_reg[0][4]$_SDFFE_PP0P_/D	_44344_|_44346_|_44347_|_44351_|_44384_|_60001_|_60002_|_60019_|_60020_|_60024_|_60025_|_60040_|_71115_|_71116_|_71117_|_71118_|_71119_|_71120_|_73317_|_73556_|axi_crossbar_inst.axi_crossbar_rd_inst.s_ifaces[7].addr_inst.thread_count_reg[0][4]$_SDFFE_PP0P_
-0.567978	s07_axi_araddr[31]	axi_crossbar_inst.axi_crossbar_rd_inst.s_ifaces[7].addr_inst.thread_count_reg[1][4]$_SDFFE_PP0P_/D	_41803_|_44344_|_44346_|_44347_|_44353_|_60000_|_60002_|_60019_|_60020_|_60024_|_60078_|_60094_|_71158_|_71159_|_71160_|_71161_|_71162_|_71163_|_73312_|_73559_|axi_crossbar_inst.axi_crossbar_rd_inst.s_ifaces[7].addr_inst.thread_count_reg[1][4]$_SDFFE_PP0P_
-0.567953	s07_axi_araddr[30]	axi_crossbar_inst.axi_crossbar_rd_inst.s_ifaces[7].addr_inst.thread_count_reg[1][4]$_SDFFE_PP0P_/D	_41803_|_44345_|_44346_|_44347_|_44353_|_60017_|_60018_|_60019_|_60020_|_60024_|_60078_|_60094_|_71158_|_71159_|_71160_|_71161_|_71162_|_71163_|_73312_|_73559_|axi_crossbar_inst.axi_crossbar_rd_inst.s_ifaces[7].addr_inst.thread_count_reg[1][4]$_SDFFE_PP0P_
-0.567839	s07_axi_araddr[31]	axi_crossbar_inst.axi_crossbar_rd_inst.s_ifaces[7].addr_inst.thread_count_reg[1][4]$_SDFFE_PP0P_/D	_41803_|_44344_|_44346_|_44347_|_44353_|_60000_|_60002_|_60019_|_60020_|_60024_|_60078_|_60094_|_71158_|_71159_|_71160_|_71161_|_71162_|_71163_|_73312_|_73559_|axi_crossbar_inst.axi_crossbar_rd_inst.s_ifaces[7].addr_inst.thread_count_reg[1][4]$_SDFFE_PP0P_
-0.567800	s05_axi_araddr[29]	axi_crossbar_inst.axi_crossbar_rd_inst.s_ifaces[5].addr_inst.thread_count_reg[0][4]$_SDFFE_PP0P_/D	_41300_|_41303_|_41305_|_41308_|_41337_|_41338_|_41339_|_41359_|_41363_|_41630_|_57163_|_68773_|_70578_|_70579_|_70580_|_70581_|_70582_|_70583_|_73463_|_73541_|axi_crossbar_inst.axi_crossbar_rd_inst.s_ifaces[5].addr_inst.thread_count_reg[0][4]$_SDFFE_PP0P_
-0.567739	s05_axi_araddr[28]	axi_crossbar_inst.axi_crossbar_rd_inst.s_ifaces[5].addr_inst.thread_count_reg[1][3]$_SDFFE_PP0P_/D	_41301_|_41303_|_41305_|_41308_|_41337_|_41338_|_41339_|_41359_|_41363_|_43839_|_57266_|_57267_|_57268_|_57269_|_57270_|_57282_|_73337_|_73544_|axi_crossbar_inst.axi_crossbar_rd_inst.s_ifaces[5].addr_inst.thread_count_reg[1][3]$_SDFFE_PP0P_
-0.567716	s05_axi_araddr[27]	axi_crossbar_inst.axi_crossbar_rd_inst.s_ifaces[5].addr_inst.thread_count_reg[0][4]$_SDFFE_PP0P_/D	_41302_|_41303_|_41305_|_41308_|_41337_|_41338_|_41339_|_41359_|_41363_|_41630_|_57163_|_68773_|_70578_|_70579_|_70580_|_70581_|_70582_|_70583_|_73463_|_73541_|axi_crossbar_inst.axi_crossbar_rd_inst.s_ifaces[5].addr_inst.thread_count_reg[0][4]$_SDFFE_PP0P_
-0.567686	s05_axi_araddr[30]	axi_crossbar_inst.axi_crossbar_rd_inst.s_ifaces[5].addr_inst.thread_count_reg[1][4]$_SDFFE_PP0P_/D	_41299_|_41303_|_41305_|_41308_|_41337_|_41338_|_41339_|_41359_|_41363_|_43839_|_57266_|_57282_|_70632_|_70633_|_70634_|_70635_|_70636_|_70637_|_73337_|_73544_|axi_crossbar_inst.axi_crossbar_rd_inst.s_ifaces[5].addr_inst.thread_count_reg[1][4]$_SDFFE_PP0P_
-0.567667	s07_axi_araddr[30]	axi_crossbar_inst.axi_crossbar_rd_inst.s_ifaces[7].addr_inst.thread_count_reg[1][4]$_SDFFE_PP0P_/D	_41803_|_44345_|_44346_|_44347_|_44348_|_59999_|_60002_|_60019_|_60020_|_60024_|_60078_|_60094_|_71158_|_71159_|_71160_|_71161_|_71162_|_71163_|_73312_|_73559_|axi_crossbar_inst.axi_crossbar_rd_inst.s_ifaces[7].addr_inst.thread_count_reg[1][4]$_SDFFE_PP0P_
-0.567619	s05_axi_araddr[29]	axi_crossbar_inst.axi_crossbar_rd_inst.s_ifaces[5].addr_inst.thread_count_reg[1][4]$_SDFFE_PP0P_/D	_41300_|_41303_|_41305_|_41308_|_41337_|_41338_|_41339_|_41359_|_41363_|_43839_|_57264_|_57282_|_70632_|_70633_|_70634_|_70635_|_70636_|_70637_|_73337_|_73544_|axi_crossbar_inst.axi_crossbar_rd_inst.s_ifaces[5].addr_inst.thread_count_reg[1][4]$_SDFFE_PP0P_
-0.567535	s05_axi_araddr[27]	axi_crossbar_inst.axi_crossbar_rd_inst.s_ifaces[5].addr_inst.thread_count_reg[1][4]$_SDFFE_PP0P_/D	_41302_|_41303_|_41305_|_41308_|_41337_|_41338_|_41339_|_41359_|_41363_|_43839_|_57264_|_57282_|_70632_|_70633_|_70634_|_70635_|_70636_|_70637_|_73337_|_73544_|axi_crossbar_inst.axi_crossbar_rd_inst.s_ifaces[5].addr_inst.thread_count_reg[1][4]$_SDFFE_PP0P_
-0.567522	s07_axi_araddr[27]	axi_crossbar_inst.axi_crossbar_rd_inst.s_ifaces[7].addr_inst.thread_count_reg[1][4]$_SDFFE_PP0P_/D	_41803_|_44343_|_44346_|_44347_|_44351_|_60001_|_60002_|_60019_|_60020_|_60024_|_60078_|_60094_|_71158_|_71159_|_71160_|_71161_|_71162_|_71163_|_73312_|_73559_|axi_crossbar_inst.axi_crossbar_rd_inst.s_ifaces[7].addr_inst.thread_count_reg[1][4]$_SDFFE_PP0P_
-0.567490	s07_axi_araddr[30]	axi_crossbar_inst.axi_crossbar_rd_inst.s_ifaces[7].addr_inst.thread_count_reg[0][4]$_SDFFE_PP0P_/D	_44345_|_44346_|_44347_|_44353_|_44384_|_60000_|_60002_|_60019_|_60020_|_60024_|_60025_|_60040_|_71115_|_71116_|_71117_|_71118_|_71119_|_71120_|_73317_|_73556_|axi_crossbar_inst.axi_crossbar_rd_inst.s_ifaces[7].addr_inst.thread_count_reg[0][4]$_SDFFE_PP0P_
-0.567480	s05_axi_araddr[28]	axi_crossbar_inst.axi_crossbar_rd_inst.s_ifaces[5].addr_inst.thread_count_reg[1][4]$_SDFFE_PP0P_/D	_41301_|_41303_|_41305_|_41308_|_41309_|_41310_|_41339_|_41359_|_41363_|_43839_|_57266_|_57282_|_70632_|_70633_|_70634_|_70635_|_70636_|_70637_|_73337_|_73544_|axi_crossbar_inst.axi_crossbar_rd_inst.s_ifaces[5].addr_inst.thread_count_reg[1][4]$_SDFFE_PP0P_
-0.567442	s05_axi_araddr[28]	axi_crossbar_inst.axi_crossbar_rd_inst.s_ifaces[5].addr_inst.thread_count_reg[0][4]$_SDFFE_PP0P_/D	_41301_|_41303_|_41305_|_41308_|_41337_|_41338_|_41339_|_41359_|_41363_|_41630_|_57163_|_68773_|_70578_|_70579_|_70580_|_70581_|_70582_|_70583_|_73463_|_73541_|axi_crossbar_inst.axi_crossbar_rd_inst.s_ifaces[5].addr_inst.thread_count_reg[0][4]$_SDFFE_PP0P_
-0.567413	s07_axi_araddr[30]	axi_crossbar_inst.axi_crossbar_rd_inst.s_ifaces[7].addr_inst.thread_count_reg[1][4]$_SDFFE_PP0P_/D	_41803_|_44345_|_44346_|_44347_|_44348_|_59999_|_60002_|_60019_|_60020_|_60024_|_60078_|_60094_|_71158_|_71159_|_71160_|_71161_|_71162_|_71163_|_73312_|_73559_|axi_crossbar_inst.axi_crossbar_rd_inst.s_ifaces[7].addr_inst.thread_count_reg[1][4]$_SDFFE_PP0P_
-0.567410	s07_axi_araddr[31]	axi_crossbar_inst.axi_crossbar_rd_inst.s_ifaces[7].addr_inst.thread_count_reg[0][4]$_SDFFE_PP0P_/D	_44344_|_44346_|_44347_|_44351_|_44384_|_60001_|_60002_|_60019_|_60020_|_60024_|_60025_|_60040_|_71115_|_71116_|_71117_|_71118_|_71119_|_71120_|_73317_|_73556_|axi_crossbar_inst.axi_crossbar_rd_inst.s_ifaces[7].addr_inst.thread_count_reg[0][4]$_SDFFE_PP0P_
-0.567399	s07_axi_araddr[31]	axi_crossbar_inst.axi_crossbar_rd_inst.s_ifaces[7].addr_inst.thread_count_reg[0][4]$_SDFFE_PP0P_/D	_44344_|_44346_|_44347_|_44348_|_44384_|_60016_|_60018_|_60019_|_60020_|_60024_|_60025_|_60040_|_71115_|_71116_|_71117_|_71118_|_71119_|_71120_|_73317_|_73556_|axi_crossbar_inst.axi_crossbar_rd_inst.s_ifaces[7].addr_inst.thread_count_reg[0][4]$_SDFFE_PP0P_
-0.567358	s05_axi_araddr[29]	axi_crossbar_inst.axi_crossbar_rd_inst.s_ifaces[5].addr_inst.thread_count_reg[0][3]$_SDFFE_PP0P_/D	_41300_|_41303_|_41305_|_41308_|_41337_|_41338_|_41339_|_41359_|_41363_|_41630_|_57165_|_57166_|_57167_|_57168_|_57169_|_68773_|_73463_|_73541_|axi_crossbar_inst.axi_crossbar_rd_inst.s_ifaces[5].addr_inst.thread_count_reg[0][3]$_SDFFE_PP0P_
-0.567352	s07_axi_araddr[30]	axi_crossbar_inst.axi_crossbar_rd_inst.s_ifaces[7].addr_inst.thread_count_reg[0][4]$_SDFFE_PP0P_/D	_44345_|_44346_|_44347_|_44353_|_44384_|_60000_|_60002_|_60019_|_60020_|_60024_|_60025_|_60040_|_71115_|_71116_|_71117_|_71118_|_71119_|_71120_|_73317_|_73556_|axi_crossbar_inst.axi_crossbar_rd_inst.s_ifaces[7].addr_inst.thread_count_reg[0][4]$_SDFFE_PP0P_
-0.567334	s07_axi_araddr[27]	axi_crossbar_inst.axi_crossbar_rd_inst.s_ifaces[7].addr_inst.thread_count_reg[0][4]$_SDFFE_PP0P_/D	_44343_|_44346_|_44347_|_44353_|_44384_|_60017_|_60018_|_60019_|_60020_|_60024_|_60025_|_60040_|_71115_|_71116_|_71117_|_71118_|_71119_|_71120_|_73317_|_73556_|axi_crossbar_inst.axi_crossbar_rd_inst.s_ifaces[7].addr_inst.thread_count_reg[0][4]$_SDFFE_PP0P_
-0.567275	s05_axi_araddr[27]	axi_crossbar_inst.axi_crossbar_rd_inst.s_ifaces[5].addr_inst.thread_count_reg[0][3]$_SDFFE_PP0P_/D	_41302_|_41303_|_41305_|_41308_|_41337_|_41338_|_41339_|_41359_|_41363_|_41630_|_57165_|_57166_|_57167_|_57168_|_57169_|_68773_|_73463_|_73541_|axi_crossbar_inst.axi_crossbar_rd_inst.s_ifaces[5].addr_inst.thread_count_reg[0][3]$_SDFFE_PP0P_
-0.567271	s07_axi_araddr[31]	axi_crossbar_inst.axi_crossbar_rd_inst.s_ifaces[7].addr_inst.thread_count_reg[0][4]$_SDFFE_PP0P_/D	_44344_|_44346_|_44347_|_44351_|_44384_|_60001_|_60002_|_60019_|_60020_|_60024_|_60025_|_60040_|_71115_|_71116_|_71117_|_71118_|_71119_|_71120_|_73317_|_73556_|axi_crossbar_inst.axi_crossbar_rd_inst.s_ifaces[7].addr_inst.thread_count_reg[0][4]$_SDFFE_PP0P_
-0.567268	s07_axi_araddr[27]	axi_crossbar_inst.axi_crossbar_rd_inst.s_ifaces[7].addr_inst.thread_count_reg[1][4]$_SDFFE_PP0P_/D	_41803_|_44343_|_44346_|_44347_|_44351_|_60001_|_60002_|_60019_|_60020_|_60024_|_60078_|_60094_|_71158_|_71159_|_71160_|_71161_|_71162_|_71163_|_73312_|_73559_|axi_crossbar_inst.axi_crossbar_rd_inst.s_ifaces[7].addr_inst.thread_count_reg[1][4]$_SDFFE_PP0P_
-0.567261	s05_axi_araddr[28]	axi_crossbar_inst.axi_crossbar_rd_inst.s_ifaces[5].addr_inst.thread_count_reg[1][4]$_SDFFE_PP0P_/D	_41301_|_41303_|_41305_|_41308_|_41337_|_41338_|_41339_|_41359_|_41363_|_43839_|_57264_|_57282_|_70632_|_70633_|_70634_|_70635_|_70636_|_70637_|_73337_|_73544_|axi_crossbar_inst.axi_crossbar_rd_inst.s_ifaces[5].addr_inst.thread_count_reg[1][4]$_SDFFE_PP0P_
-0.567140	s07_axi_araddr[30]	axi_crossbar_inst.axi_crossbar_rd_inst.s_ifaces[7].addr_inst.thread_count_reg[1][4]$_SDFFE_PP0P_/D	_41803_|_44345_|_44346_|_44347_|_44353_|_60017_|_60018_|_60019_|_60020_|_60024_|_60078_|_60094_|_71158_|_71159_|_71160_|_71161_|_71162_|_71163_|_73312_|_73559_|axi_crossbar_inst.axi_crossbar_rd_inst.s_ifaces[7].addr_inst.thread_count_reg[1][4]$_SDFFE_PP0P_
-0.567072	s07_axi_araddr[31]	axi_crossbar_inst.axi_crossbar_rd_inst.s_ifaces[7].addr_inst.thread_count_reg[0][4]$_SDFFE_PP0P_/D	_44344_|_44346_|_44347_|_44353_|_44384_|_60017_|_60018_|_60019_|_60020_|_60024_|_60025_|_60040_|_71115_|_71116_|_71117_|_71118_|_71119_|_71120_|_73317_|_73556_|axi_crossbar_inst.axi_crossbar_rd_inst.s_ifaces[7].addr_inst.thread_count_reg[0][4]$_SDFFE_PP0P_
-0.566948	s05_axi_araddr[29]	axi_crossbar_inst.axi_crossbar_rd_inst.s_ifaces[5].addr_inst.thread_count_reg[0][4]$_SDFFE_PP0P_/D	_41300_|_41303_|_41305_|_41308_|_41337_|_41338_|_41339_|_41359_|_41363_|_41630_|_57165_|_68773_|_70578_|_70579_|_70580_|_70581_|_70582_|_70583_|_73463_|_73541_|axi_crossbar_inst.axi_crossbar_rd_inst.s_ifaces[5].addr_inst.thread_count_reg[0][4]$_SDFFE_PP0P_
-0.566864	s05_axi_araddr[27]	axi_crossbar_inst.axi_crossbar_rd_inst.s_ifaces[5].addr_inst.thread_count_reg[0][4]$_SDFFE_PP0P_/D	_41302_|_41303_|_41305_|_41308_|_41337_|_41338_|_41339_|_41359_|_41363_|_41630_|_57165_|_68773_|_70578_|_70579_|_70580_|_70581_|_70582_|_70583_|_73463_|_73541_|axi_crossbar_inst.axi_crossbar_rd_inst.s_ifaces[5].addr_inst.thread_count_reg[0][4]$_SDFFE_PP0P_
-0.566863	s07_axi_awaddr[31]	axi_crossbar_inst.axi_crossbar_wr_inst.s_ifaces[7].addr_inst.thread_count_reg[0][4]$_SDFFE_PP0P_/D	_43776_|_43778_|_43779_|_43780_|_53656_|_53657_|_53663_|_53668_|_53671_|_53672_|_53673_|_53684_|_68779_|_69944_|_69945_|_69946_|_69947_|_69948_|_69949_|_73470_|_73524_|axi_crossbar_inst.axi_crossbar_wr_inst.s_ifaces[7].addr_inst.thread_count_reg[0][4]$_SDFFE_PP0P_
-0.566863	s07_axi_awaddr[31]	axi_crossbar_inst.axi_crossbar_wr_inst.s_ifaces[7].addr_inst.thread_count_reg[1][4]$_SDFFE_PP0P_/D	_41120_|_43776_|_43778_|_43779_|_43780_|_53656_|_53657_|_53663_|_53668_|_57107_|_57125_|_57126_|_57127_|_70555_|_70556_|_70557_|_70558_|_70559_|_70560_|_73427_|_73540_|axi_crossbar_inst.axi_crossbar_wr_inst.s_ifaces[7].addr_inst.thread_count_reg[1][4]$_SDFFE_PP0P_
-0.566731	s00_axi_awaddr[31]	axi_crossbar_inst.axi_crossbar_wr_inst.s_ifaces[0].addr_inst.thread_count_reg[0][4]$_SDFFE_PP0P_/D	_44120_|_44121_|_44122_|_44127_|_51889_|_51890_|_51895_|_51915_|_51917_|_51918_|_51919_|_51930_|_68772_|_69649_|_69650_|_69651_|_69652_|_69653_|_69654_|_73408_|_73515_|axi_crossbar_inst.axi_crossbar_wr_inst.s_ifaces[0].addr_inst.thread_count_reg[0][4]$_SDFFE_PP0P_
-0.566668	s07_axi_araddr[31]	axi_crossbar_inst.axi_crossbar_rd_inst.s_ifaces[7].addr_inst.thread_count_reg[1][4]$_SDFFE_PP0P_/D	_41803_|_44344_|_44346_|_44347_|_44348_|_60016_|_60018_|_60019_|_60020_|_60024_|_60078_|_60094_|_71158_|_71159_|_71160_|_71161_|_71162_|_71163_|_73312_|_73559_|axi_crossbar_inst.axi_crossbar_rd_inst.s_ifaces[7].addr_inst.thread_count_reg[1][4]$_SDFFE_PP0P_
-0.566617	s05_axi_araddr[28]	axi_crossbar_inst.axi_crossbar_rd_inst.s_ifaces[5].addr_inst.thread_count_reg[0][4]$_SDFFE_PP0P_/D	_41301_|_41303_|_41305_|_41308_|_41337_|_41338_|_41339_|_41359_|_41363_|_41630_|_68773_|_70579_|_70580_|_70581_|_70582_|_70583_|_73541_|_73576_|axi_crossbar_inst.axi_crossbar_rd_inst.s_ifaces[5].addr_inst.thread_count_reg[0][4]$_SDFFE_PP0P_
-0.566617	s05_axi_araddr[28]	axi_crossbar_inst.axi_crossbar_rd_inst.s_ifaces[5].addr_inst.thread_count_reg[1][4]$_SDFFE_PP0P_/D	_41301_|_41303_|_41305_|_41308_|_41337_|_41338_|_41339_|_41359_|_41363_|_43839_|_57282_|_70633_|_70634_|_70635_|_70636_|_70637_|_73347_|_73544_|axi_crossbar_inst.axi_crossbar_rd_inst.s_ifaces[5].addr_inst.thread_count_reg[1][4]$_SDFFE_PP0P_
-0.566604	s07_axi_araddr[27]	axi_crossbar_inst.axi_crossbar_rd_inst.s_ifaces[7].addr_inst.thread_count_reg[1][4]$_SDFFE_PP0P_/D	_41803_|_44343_|_44346_|_44347_|_44353_|_60017_|_60018_|_60019_|_60020_|_60024_|_60078_|_60094_|_71158_|_71159_|_71160_|_71161_|_71162_|_71163_|_73312_|_73559_|axi_crossbar_inst.axi_crossbar_rd_inst.s_ifaces[7].addr_inst.thread_count_reg[1][4]$_SDFFE_PP0P_
-0.566587	s07_axi_araddr[30]	axi_crossbar_inst.axi_crossbar_rd_inst.s_ifaces[7].addr_inst.thread_count_reg[1][4]$_SDFFE_PP0P_/D	_41803_|_44345_|_44346_|_44347_|_44351_|_60001_|_60002_|_60019_|_60020_|_60024_|_60078_|_60094_|_71158_|_71159_|_71160_|_71161_|_71162_|_71163_|_73312_|_73559_|axi_crossbar_inst.axi_crossbar_rd_inst.s_ifaces[7].addr_inst.thread_count_reg[1][4]$_SDFFE_PP0P_
-0.566529	s05_axi_araddr[29]	axi_crossbar_inst.axi_crossbar_rd_inst.s_ifaces[5].addr_inst.thread_count_reg[1][3]$_SDFFE_PP0P_/D	_41300_|_41303_|_41305_|_41308_|_41337_|_41338_|_41339_|_41359_|_41363_|_43839_|_57266_|_57267_|_57268_|_57269_|_57270_|_57282_|_73337_|_73544_|axi_crossbar_inst.axi_crossbar_rd_inst.s_ifaces[5].addr_inst.thread_count_reg[1][3]$_SDFFE_PP0P_
-0.566507	s07_axi_araddr[30]	axi_crossbar_inst.axi_crossbar_rd_inst.s_ifaces[7].addr_inst.thread_count_reg[0][4]$_SDFFE_PP0P_/D	_44345_|_44346_|_44347_|_44348_|_44384_|_60016_|_60018_|_60019_|_60020_|_60024_|_60025_|_60040_|_71115_|_71116_|_71117_|_71118_|_71119_|_71120_|_73317_|_73556_|axi_crossbar_inst.axi_crossbar_rd_inst.s_ifaces[7].addr_inst.thread_count_reg[0][4]$_SDFFE_PP0P_
-0.566491	s07_axi_araddr[31]	axi_crossbar_inst.axi_crossbar_rd_inst.s_ifaces[7].addr_inst.thread_count_reg[0][4]$_SDFFE_PP0P_/D	_44344_|_44346_|_44347_|_44353_|_44384_|_60017_|_60018_|_60019_|_60020_|_60024_|_60025_|_60040_|_71115_|_71116_|_71117_|_71118_|_71119_|_71120_|_73317_|_73556_|axi_crossbar_inst.axi_crossbar_rd_inst.s_ifaces[7].addr_inst.thread_count_reg[0][4]$_SDFFE_PP0P_
-0.566466	s05_axi_araddr[28]	axi_crossbar_inst.axi_crossbar_rd_inst.s_ifaces[5].addr_inst.trans_count_reg[4]$_SDFFE_PP0P_/D	_41301_|_41303_|_41305_|_41308_|_41337_|_41338_|_41339_|_41359_|_41363_|_41364_|_42980_|_57182_|_70584_|_70585_|_70586_|_70587_|_70588_|_70589_|_73439_|_73543_|axi_crossbar_inst.axi_crossbar_rd_inst.s_ifaces[5].addr_inst.trans_count_reg[4]$_SDFFE_PP0P_
-0.566445	s05_axi_araddr[27]	axi_crossbar_inst.axi_crossbar_rd_inst.s_ifaces[5].addr_inst.thread_count_reg[1][3]$_SDFFE_PP0P_/D	_41302_|_41303_|_41305_|_41308_|_41337_|_41338_|_41339_|_41359_|_41363_|_43839_|_57266_|_57267_|_57268_|_57269_|_57270_|_57282_|_73337_|_73544_|axi_crossbar_inst.axi_crossbar_rd_inst.s_ifaces[5].addr_inst.thread_count_reg[1][3]$_SDFFE_PP0P_
-0.566414	s07_axi_araddr[31]	axi_crossbar_inst.axi_crossbar_rd_inst.s_ifaces[7].addr_inst.thread_count_reg[1][4]$_SDFFE_PP0P_/D	_41803_|_44344_|_44346_|_44347_|_44348_|_60016_|_60018_|_60019_|_60020_|_60024_|_60078_|_60094_|_71158_|_71159_|_71160_|_71161_|_71162_|_71163_|_73312_|_73559_|axi_crossbar_inst.axi_crossbar_rd_inst.s_ifaces[7].addr_inst.thread_count_reg[1][4]$_SDFFE_PP0P_
-0.566409	s00_axi_awaddr[31]	axi_crossbar_inst.axi_crossbar_wr_inst.s_ifaces[0].addr_inst.thread_count_reg[0][4]$_SDFFE_PP0P_/D	_44120_|_44121_|_44122_|_44127_|_51889_|_51890_|_51895_|_51915_|_51917_|_51918_|_51919_|_51930_|_68772_|_69649_|_69650_|_69651_|_69652_|_69653_|_69654_|_73408_|_73515_|axi_crossbar_inst.axi_crossbar_wr_inst.s_ifaces[0].addr_inst.thread_count_reg[0][4]$_SDFFE_PP0P_
-0.566380	s05_axi_araddr[30]	axi_crossbar_inst.axi_crossbar_rd_inst.s_ifaces[5].addr_inst.thread_count_reg[1][4]$_SDFFE_PP0P_/D	_41299_|_41303_|_41305_|_41308_|_41312_|_41313_|_41339_|_41359_|_41363_|_43839_|_57266_|_57282_|_70632_|_70633_|_70634_|_70635_|_70636_|_70637_|_73337_|_73544_|axi_crossbar_inst.axi_crossbar_rd_inst.s_ifaces[5].addr_inst.thread_count_reg[1][4]$_SDFFE_PP0P_
-0.566380	s07_axi_araddr[30]	axi_crossbar_inst.axi_crossbar_rd_inst.s_ifaces[7].addr_inst.thread_count_reg[0][4]$_SDFFE_PP0P_/D	_44345_|_44346_|_44347_|_44351_|_44384_|_60001_|_60002_|_60019_|_60020_|_60024_|_60025_|_60040_|_71115_|_71116_|_71117_|_71118_|_71119_|_71120_|_73317_|_73556_|axi_crossbar_inst.axi_crossbar_rd_inst.s_ifaces[7].addr_inst.thread_count_reg[0][4]$_SDFFE_PP0P_
-0.566367	s07_axi_araddr[30]	axi_crossbar_inst.axi_crossbar_rd_inst.s_ifaces[7].addr_inst.thread_count_reg[1][4]$_SDFFE_PP0P_/D	_41803_|_44345_|_44346_|_44347_|_44353_|_60000_|_60002_|_60019_|_60020_|_60024_|_60078_|_60094_|_71158_|_71159_|_71160_|_71161_|_71162_|_71163_|_73312_|_73559_|axi_crossbar_inst.axi_crossbar_rd_inst.s_ifaces[7].addr_inst.thread_count_reg[1][4]$_SDFFE_PP0P_
-0.566360	s05_axi_araddr[30]	axi_crossbar_inst.axi_crossbar_rd_inst.s_ifaces[5].addr_inst.thread_count_reg[0][4]$_SDFFE_PP0P_/D	_41299_|_41303_|_41305_|_41308_|_41337_|_41338_|_41339_|_41359_|_41363_|_41630_|_57165_|_68773_|_70578_|_70579_|_70580_|_70581_|_70582_|_70583_|_73463_|_73541_|axi_crossbar_inst.axi_crossbar_rd_inst.s_ifaces[5].addr_inst.thread_count_reg[0][4]$_SDFFE_PP0P_
-0.566353	s07_axi_araddr[31]	axi_crossbar_inst.axi_crossbar_rd_inst.s_ifaces[7].addr_inst.thread_count_reg[0][4]$_SDFFE_PP0P_/D	_44344_|_44346_|_44347_|_44353_|_44384_|_60017_|_60018_|_60019_|_60020_|_60024_|_60025_|_60040_|_71115_|_71116_|_71117_|_71118_|_71119_|_71120_|_73317_|_73556_|axi_crossbar_inst.axi_crossbar_rd_inst.s_ifaces[7].addr_inst.thread_count_reg[0][4]$_SDFFE_PP0P_
-0.566349	s07_axi_araddr[27]	axi_crossbar_inst.axi_crossbar_rd_inst.s_ifaces[7].addr_inst.thread_count_reg[1][4]$_SDFFE_PP0P_/D	_41803_|_44343_|_44346_|_44347_|_44353_|_60017_|_60018_|_60019_|_60020_|_60024_|_60078_|_60094_|_71158_|_71159_|_71160_|_71161_|_71162_|_71163_|_73312_|_73559_|axi_crossbar_inst.axi_crossbar_rd_inst.s_ifaces[7].addr_inst.thread_count_reg[1][4]$_SDFFE_PP0P_
-0.566286	s07_axi_araddr[31]	axi_crossbar_inst.axi_crossbar_rd_inst.s_ifaces[7].addr_inst.thread_count_reg[1][4]$_SDFFE_PP0P_/D	_41803_|_44344_|_44346_|_44347_|_44351_|_60001_|_60002_|_60019_|_60020_|_60024_|_60078_|_60094_|_71158_|_71159_|_71160_|_71161_|_71162_|_71163_|_73312_|_73559_|axi_crossbar_inst.axi_crossbar_rd_inst.s_ifaces[7].addr_inst.thread_count_reg[1][4]$_SDFFE_PP0P_
-0.566277	s00_axi_awaddr[31]	axi_crossbar_inst.axi_crossbar_wr_inst.s_ifaces[0].addr_inst.thread_count_reg[1][4]$_SDFFE_PP0P_/D	_44120_|_44121_|_44122_|_44123_|_51888_|_51890_|_51895_|_51915_|_51969_|_51984_|_51985_|_51986_|_68790_|_69716_|_69717_|_69718_|_69719_|_69720_|_69721_|_73313_|_73518_|axi_crossbar_inst.axi_crossbar_wr_inst.s_ifaces[0].addr_inst.thread_count_reg[1][4]$_SDFFE_PP0P_
-0.566270	s05_axi_araddr[29]	axi_crossbar_inst.axi_crossbar_rd_inst.s_ifaces[5].addr_inst.thread_count_reg[1][4]$_SDFFE_PP0P_/D	_41300_|_41303_|_41305_|_41308_|_41309_|_41310_|_41339_|_41359_|_41363_|_43839_|_57266_|_57282_|_70632_|_70633_|_70634_|_70635_|_70636_|_70637_|_73337_|_73544_|axi_crossbar_inst.axi_crossbar_rd_inst.s_ifaces[5].addr_inst.thread_count_reg[1][4]$_SDFFE_PP0P_
-0.566232	s05_axi_araddr[29]	axi_crossbar_inst.axi_crossbar_rd_inst.s_ifaces[5].addr_inst.thread_count_reg[0][4]$_SDFFE_PP0P_/D	_41300_|_41303_|_41305_|_41308_|_41337_|_41338_|_41339_|_41359_|_41363_|_41630_|_57163_|_68773_|_70578_|_70579_|_70580_|_70581_|_70582_|_70583_|_73463_|_73541_|axi_crossbar_inst.axi_crossbar_rd_inst.s_ifaces[5].addr_inst.thread_count_reg[0][4]$_SDFFE_PP0P_
-0.566201	s00_axi_awaddr[30]	axi_crossbar_inst.axi_crossbar_wr_inst.s_ifaces[0].addr_inst.thread_count_reg[1][4]$_SDFFE_PP0P_/D	_44119_|_44121_|_44122_|_44127_|_51889_|_51890_|_51895_|_51915_|_51969_|_51984_|_51985_|_51986_|_68790_|_69716_|_69717_|_69718_|_69719_|_69720_|_69721_|_73313_|_73518_|axi_crossbar_inst.axi_crossbar_wr_inst.s_ifaces[0].addr_inst.thread_count_reg[1][4]$_SDFFE_PP0P_
-0.566186	s05_axi_araddr[27]	axi_crossbar_inst.axi_crossbar_rd_inst.s_ifaces[5].addr_inst.thread_count_reg[1][4]$_SDFFE_PP0P_/D	_41302_|_41303_|_41305_|_41308_|_41309_|_41310_|_41339_|_41359_|_41363_|_43839_|_57266_|_57282_|_70632_|_70633_|_70634_|_70635_|_70636_|_70637_|_73337_|_73544_|axi_crossbar_inst.axi_crossbar_rd_inst.s_ifaces[5].addr_inst.thread_count_reg[1][4]$_SDFFE_PP0P_
-0.566181	s07_axi_araddr[30]	axi_crossbar_inst.axi_crossbar_rd_inst.s_ifaces[7].addr_inst.thread_count_reg[0][4]$_SDFFE_PP0P_/D	_44345_|_44346_|_44347_|_44348_|_44384_|_60016_|_60018_|_60019_|_60020_|_60024_|_60025_|_60040_|_71115_|_71116_|_71117_|_71118_|_71119_|_71120_|_73317_|_73556_|axi_crossbar_inst.axi_crossbar_rd_inst.s_ifaces[7].addr_inst.thread_count_reg[0][4]$_SDFFE_PP0P_
-0.566155	s05_axi_araddr[28]	axi_crossbar_inst.axi_crossbar_rd_inst.s_ifaces[5].addr_inst.thread_count_reg[0][4]$_SDFFE_PP0P_/D	_41301_|_41303_|_41305_|_41308_|_41309_|_41310_|_41339_|_41359_|_41363_|_41630_|_57165_|_68773_|_70578_|_70579_|_70580_|_70581_|_70582_|_70583_|_73463_|_73541_|axi_crossbar_inst.axi_crossbar_rd_inst.s_ifaces[5].addr_inst.thread_count_reg[0][4]$_SDFFE_PP0P_
-0.566148	s05_axi_araddr[27]	axi_crossbar_inst.axi_crossbar_rd_inst.s_ifaces[5].addr_inst.thread_count_reg[0][4]$_SDFFE_PP0P_/D	_41302_|_41303_|_41305_|_41308_|_41337_|_41338_|_41339_|_41359_|_41363_|_41630_|_57163_|_68773_|_70578_|_70579_|_70580_|_70581_|_70582_|_70583_|_73463_|_73541_|axi_crossbar_inst.axi_crossbar_rd_inst.s_ifaces[5].addr_inst.thread_count_reg[0][4]$_SDFFE_PP0P_
-0.566050	s05_axi_araddr[29]	axi_crossbar_inst.axi_crossbar_rd_inst.s_ifaces[5].addr_inst.thread_count_reg[1][4]$_SDFFE_PP0P_/D	_41300_|_41303_|_41305_|_41308_|_41337_|_41338_|_41339_|_41359_|_41363_|_43839_|_57264_|_57282_|_70632_|_70633_|_70634_|_70635_|_70636_|_70637_|_73337_|_73544_|axi_crossbar_inst.axi_crossbar_rd_inst.s_ifaces[5].addr_inst.thread_count_reg[1][4]$_SDFFE_PP0P_
-0.565967	s05_axi_araddr[27]	axi_crossbar_inst.axi_crossbar_rd_inst.s_ifaces[5].addr_inst.thread_count_reg[1][4]$_SDFFE_PP0P_/D	_41302_|_41303_|_41305_|_41308_|_41337_|_41338_|_41339_|_41359_|_41363_|_43839_|_57264_|_57282_|_70632_|_70633_|_70634_|_70635_|_70636_|_70637_|_73337_|_73544_|axi_crossbar_inst.axi_crossbar_rd_inst.s_ifaces[5].addr_inst.thread_count_reg[1][4]$_SDFFE_PP0P_
-0.565947	s07_axi_araddr[31]	axi_crossbar_inst.axi_crossbar_rd_inst.s_ifaces[7].addr_inst.thread_count_reg[1][4]$_SDFFE_PP0P_/D	_41803_|_44344_|_44346_|_44347_|_44353_|_60000_|_60002_|_60019_|_60020_|_60024_|_60078_|_60094_|_71158_|_71159_|_71160_|_71161_|_71162_|_71163_|_73312_|_73559_|axi_crossbar_inst.axi_crossbar_rd_inst.s_ifaces[7].addr_inst.thread_count_reg[1][4]$_SDFFE_PP0P_
-0.565926	s07_axi_araddr[30]	axi_crossbar_inst.axi_crossbar_rd_inst.s_ifaces[7].addr_inst.thread_count_reg[0][4]$_SDFFE_PP0P_/D	_44345_|_44346_|_44347_|_44348_|_44384_|_60016_|_60018_|_60019_|_60020_|_60024_|_60025_|_60040_|_71115_|_71116_|_71117_|_71118_|_71119_|_71120_|_73317_|_73556_|axi_crossbar_inst.axi_crossbar_rd_inst.s_ifaces[7].addr_inst.thread_count_reg[0][4]$_SDFFE_PP0P_
-0.565850	s00_axi_awaddr[27]	axi_crossbar_inst.axi_crossbar_wr_inst.s_ifaces[0].addr_inst.thread_count_reg[1][4]$_SDFFE_PP0P_/D	_44118_|_44121_|_44122_|_44127_|_51889_|_51890_|_51895_|_51915_|_51969_|_51984_|_51985_|_51986_|_68790_|_69716_|_69717_|_69718_|_69719_|_69720_|_69721_|_73313_|_73518_|axi_crossbar_inst.axi_crossbar_wr_inst.s_ifaces[0].addr_inst.thread_count_reg[1][4]$_SDFFE_PP0P_
-0.565799	s07_axi_araddr[30]	axi_crossbar_inst.axi_crossbar_rd_inst.s_ifaces[7].addr_inst.thread_count_reg[0][4]$_SDFFE_PP0P_/D	_44345_|_44346_|_44347_|_44351_|_44384_|_60001_|_60002_|_60019_|_60020_|_60024_|_60025_|_60040_|_71115_|_71116_|_71117_|_71118_|_71119_|_71120_|_73317_|_73556_|axi_crossbar_inst.axi_crossbar_rd_inst.s_ifaces[7].addr_inst.thread_count_reg[0][4]$_SDFFE_PP0P_
-0.565669	s07_axi_araddr[30]	axi_crossbar_inst.axi_crossbar_rd_inst.s_ifaces[7].addr_inst.thread_count_reg[1][4]$_SDFFE_PP0P_/D	_41803_|_44345_|_44346_|_44347_|_44353_|_60017_|_60018_|_60019_|_60020_|_60024_|_60078_|_60094_|_71158_|_71159_|_71160_|_71161_|_71162_|_71163_|_73312_|_73559_|axi_crossbar_inst.axi_crossbar_rd_inst.s_ifaces[7].addr_inst.thread_count_reg[1][4]$_SDFFE_PP0P_
-0.565585	s05_axi_araddr[28]	axi_crossbar_inst.axi_crossbar_rd_inst.s_ifaces[5].addr_inst.thread_count_reg[1][4]$_SDFFE_PP0P_/D	_41301_|_41303_|_41305_|_41308_|_41312_|_41313_|_41339_|_41359_|_41363_|_43839_|_57266_|_57282_|_70632_|_70633_|_70634_|_70635_|_70636_|_70637_|_73337_|_73544_|axi_crossbar_inst.axi_crossbar_rd_inst.s_ifaces[5].addr_inst.thread_count_reg[1][4]$_SDFFE_PP0P_
-0.565527	s07_axi_araddr[31]	axi_crossbar_inst.axi_crossbar_rd_inst.s_ifaces[7].addr_inst.thread_count_reg[1][4]$_SDFFE_PP0P_/D	_41803_|_44344_|_44346_|_44347_|_44353_|_60000_|_60002_|_60019_|_60020_|_60024_|_60078_|_60094_|_71158_|_71159_|_71160_|_71161_|_71162_|_71163_|_73312_|_73559_|axi_crossbar_inst.axi_crossbar_rd_inst.s_ifaces[7].addr_inst.thread_count_reg[1][4]$_SDFFE_PP0P_
-0.565461	s07_axi_araddr[30]	axi_crossbar_inst.axi_crossbar_rd_inst.s_ifaces[7].addr_inst.thread_count_reg[0][4]$_SDFFE_PP0P_/D	_44345_|_44346_|_44347_|_44353_|_44384_|_60017_|_60018_|_60019_|_60020_|_60024_|_60025_|_60040_|_71115_|_71116_|_71117_|_71118_|_71119_|_71120_|_73317_|_73556_|axi_crossbar_inst.axi_crossbar_rd_inst.s_ifaces[7].addr_inst.thread_count_reg[0][4]$_SDFFE_PP0P_
-0.565460	s07_axi_araddr[30]	axi_crossbar_inst.axi_crossbar_rd_inst.s_ifaces[7].addr_inst.thread_count_reg[0][4]$_SDFFE_PP0P_/D	_44345_|_44346_|_44347_|_44353_|_44384_|_60000_|_60002_|_60019_|_60020_|_60024_|_60025_|_60040_|_71115_|_71116_|_71117_|_71118_|_71119_|_71120_|_73317_|_73556_|axi_crossbar_inst.axi_crossbar_rd_inst.s_ifaces[7].addr_inst.thread_count_reg[0][4]$_SDFFE_PP0P_
-0.565407	s05_axi_araddr[29]	axi_crossbar_inst.axi_crossbar_rd_inst.s_ifaces[5].addr_inst.thread_count_reg[0][4]$_SDFFE_PP0P_/D	_41300_|_41303_|_41305_|_41308_|_41337_|_41338_|_41339_|_41359_|_41363_|_41630_|_68773_|_70579_|_70580_|_70581_|_70582_|_70583_|_73541_|_73576_|axi_crossbar_inst.axi_crossbar_rd_inst.s_ifaces[5].addr_inst.thread_count_reg[0][4]$_SDFFE_PP0P_
-0.565407	s05_axi_araddr[29]	axi_crossbar_inst.axi_crossbar_rd_inst.s_ifaces[5].addr_inst.thread_count_reg[1][4]$_SDFFE_PP0P_/D	_41300_|_41303_|_41305_|_41308_|_41337_|_41338_|_41339_|_41359_|_41363_|_43839_|_57282_|_70633_|_70634_|_70635_|_70636_|_70637_|_73347_|_73544_|axi_crossbar_inst.axi_crossbar_rd_inst.s_ifaces[5].addr_inst.thread_count_reg[1][4]$_SDFFE_PP0P_
-0.565404	s00_axi_awaddr[31]	axi_crossbar_inst.axi_crossbar_wr_inst.s_ifaces[0].addr_inst.thread_count_reg[1][4]$_SDFFE_PP0P_/D	_44120_|_44121_|_44122_|_44127_|_51889_|_51890_|_51895_|_51915_|_51969_|_51984_|_51985_|_51986_|_68790_|_69716_|_69717_|_69718_|_69719_|_69720_|_69721_|_73313_|_73518_|axi_crossbar_inst.axi_crossbar_wr_inst.s_ifaces[0].addr_inst.thread_count_reg[1][4]$_SDFFE_PP0P_
-0.565379	s07_axi_araddr[31]	axi_crossbar_inst.axi_crossbar_rd_inst.s_ifaces[7].addr_inst.thread_count_reg[0][4]$_SDFFE_PP0P_/D	_44344_|_44346_|_44347_|_44351_|_44384_|_60001_|_60002_|_60019_|_60020_|_60024_|_60025_|_60040_|_71115_|_71116_|_71117_|_71118_|_71119_|_71120_|_73317_|_73556_|axi_crossbar_inst.axi_crossbar_rd_inst.s_ifaces[7].addr_inst.thread_count_reg[0][4]$_SDFFE_PP0P_
-0.565371	s00_axi_awaddr[31]	axi_crossbar_inst.axi_crossbar_wr_inst.s_ifaces[0].addr_inst.thread_count_reg[1][4]$_SDFFE_PP0P_/D	_44120_|_44121_|_44122_|_44127_|_51889_|_51890_|_51895_|_51915_|_51969_|_51984_|_51985_|_51986_|_68790_|_69716_|_69717_|_69718_|_69719_|_69720_|_69721_|_73313_|_73518_|axi_crossbar_inst.axi_crossbar_wr_inst.s_ifaces[0].addr_inst.thread_count_reg[1][4]$_SDFFE_PP0P_
-0.565368	s07_axi_araddr[31]	axi_crossbar_inst.axi_crossbar_rd_inst.s_ifaces[7].addr_inst.thread_count_reg[1][4]$_SDFFE_PP0P_/D	_41803_|_44344_|_44346_|_44347_|_44353_|_60017_|_60018_|_60019_|_60020_|_60024_|_60078_|_60094_|_71158_|_71159_|_71160_|_71161_|_71162_|_71163_|_73312_|_73559_|axi_crossbar_inst.axi_crossbar_rd_inst.s_ifaces[7].addr_inst.thread_count_reg[1][4]$_SDFFE_PP0P_
-0.565323	s05_axi_araddr[27]	axi_crossbar_inst.axi_crossbar_rd_inst.s_ifaces[5].addr_inst.thread_count_reg[0][4]$_SDFFE_PP0P_/D	_41302_|_41303_|_41305_|_41308_|_41337_|_41338_|_41339_|_41359_|_41363_|_41630_|_68773_|_70579_|_70580_|_70581_|_70582_|_70583_|_73541_|_73576_|axi_crossbar_inst.axi_crossbar_rd_inst.s_ifaces[5].addr_inst.thread_count_reg[0][4]$_SDFFE_PP0P_
-0.565323	s05_axi_araddr[27]	axi_crossbar_inst.axi_crossbar_rd_inst.s_ifaces[5].addr_inst.thread_count_reg[1][4]$_SDFFE_PP0P_/D	_41302_|_41303_|_41305_|_41308_|_41337_|_41338_|_41339_|_41359_|_41363_|_43839_|_57282_|_70633_|_70634_|_70635_|_70636_|_70637_|_73347_|_73544_|axi_crossbar_inst.axi_crossbar_rd_inst.s_ifaces[5].addr_inst.thread_count_reg[1][4]$_SDFFE_PP0P_
-0.565255	s05_axi_araddr[29]	axi_crossbar_inst.axi_crossbar_rd_inst.s_ifaces[5].addr_inst.trans_count_reg[4]$_SDFFE_PP0P_/D	_41300_|_41303_|_41305_|_41308_|_41337_|_41338_|_41339_|_41359_|_41363_|_41364_|_42980_|_57182_|_70584_|_70585_|_70586_|_70587_|_70588_|_70589_|_73439_|_73543_|axi_crossbar_inst.axi_crossbar_rd_inst.s_ifaces[5].addr_inst.trans_count_reg[4]$_SDFFE_PP0P_
-0.565196	s07_axi_araddr[30]	axi_crossbar_inst.axi_crossbar_rd_inst.s_ifaces[7].addr_inst.thread_count_reg[1][4]$_SDFFE_PP0P_/D	_41803_|_44345_|_44346_|_44347_|_44348_|_60016_|_60018_|_60019_|_60020_|_60024_|_60078_|_60094_|_71158_|_71159_|_71160_|_71161_|_71162_|_71163_|_73312_|_73559_|axi_crossbar_inst.axi_crossbar_rd_inst.s_ifaces[7].addr_inst.thread_count_reg[1][4]$_SDFFE_PP0P_
-0.565172	s05_axi_araddr[27]	axi_crossbar_inst.axi_crossbar_rd_inst.s_ifaces[5].addr_inst.trans_count_reg[4]$_SDFFE_PP0P_/D	_41302_|_41303_|_41305_|_41308_|_41337_|_41338_|_41339_|_41359_|_41363_|_41364_|_42980_|_57182_|_70584_|_70585_|_70586_|_70587_|_70588_|_70589_|_73439_|_73543_|axi_crossbar_inst.axi_crossbar_rd_inst.s_ifaces[5].addr_inst.trans_count_reg[4]$_SDFFE_PP0P_
-0.565057	s07_axi_araddr[30]	axi_crossbar_inst.axi_crossbar_rd_inst.s_ifaces[7].addr_inst.thread_count_reg[1][4]$_SDFFE_PP0P_/D	_41803_|_44345_|_44346_|_44347_|_44348_|_60016_|_60018_|_60019_|_60020_|_60024_|_60078_|_60094_|_71158_|_71159_|_71160_|_71161_|_71162_|_71163_|_73312_|_73559_|axi_crossbar_inst.axi_crossbar_rd_inst.s_ifaces[7].addr_inst.thread_count_reg[1][4]$_SDFFE_PP0P_
-0.565054	s05_axi_araddr[30]	axi_crossbar_inst.axi_crossbar_rd_inst.s_ifaces[5].addr_inst.thread_count_reg[0][4]$_SDFFE_PP0P_/D	_41299_|_41303_|_41305_|_41308_|_41312_|_41313_|_41339_|_41359_|_41363_|_41630_|_57165_|_68773_|_70578_|_70579_|_70580_|_70581_|_70582_|_70583_|_73463_|_73541_|axi_crossbar_inst.axi_crossbar_rd_inst.s_ifaces[5].addr_inst.thread_count_reg[0][4]$_SDFFE_PP0P_
-0.565005	s05_axi_araddr[28]	axi_crossbar_inst.axi_crossbar_rd_inst.s_ifaces[5].addr_inst.thread_count_reg[1][4]$_SDFFE_PP0P_/D	_41301_|_41303_|_41305_|_41308_|_41312_|_41313_|_41339_|_41359_|_41363_|_43839_|_57266_|_57282_|_70632_|_70633_|_70634_|_70635_|_70636_|_70637_|_73337_|_73544_|axi_crossbar_inst.axi_crossbar_rd_inst.s_ifaces[5].addr_inst.thread_count_reg[1][4]$_SDFFE_PP0P_
-0.564962	s07_axi_araddr[30]	axi_crossbar_inst.axi_crossbar_rd_inst.s_ifaces[7].addr_inst.thread_count_reg[1][4]$_SDFFE_PP0P_/D	_41803_|_44345_|_44346_|_44347_|_44348_|_59999_|_60002_|_60019_|_60020_|_60024_|_60078_|_60094_|_71158_|_71159_|_71160_|_71161_|_71162_|_71163_|_73312_|_73559_|axi_crossbar_inst.axi_crossbar_rd_inst.s_ifaces[7].addr_inst.thread_count_reg[1][4]$_SDFFE_PP0P_
-0.564944	s05_axi_araddr[29]	axi_crossbar_inst.axi_crossbar_rd_inst.s_ifaces[5].addr_inst.thread_count_reg[0][4]$_SDFFE_PP0P_/D	_41300_|_41303_|_41305_|_41308_|_41309_|_41310_|_41339_|_41359_|_41363_|_41630_|_57165_|_68773_|_70578_|_70579_|_70580_|_70581_|_70582_|_70583_|_73463_|_73541_|axi_crossbar_inst.axi_crossbar_rd_inst.s_ifaces[5].addr_inst.thread_count_reg[0][4]$_SDFFE_PP0P_
-0.564905	s07_axi_awaddr[31]	axi_crossbar_inst.axi_crossbar_wr_inst.s_ifaces[7].addr_inst.thread_count_reg[0][4]$_SDFFE_PP0P_/D	_43776_|_43778_|_43779_|_43780_|_53656_|_53657_|_53663_|_53668_|_53671_|_53672_|_53673_|_53684_|_68779_|_69944_|_69945_|_69946_|_69947_|_69948_|_69949_|_73470_|_73524_|axi_crossbar_inst.axi_crossbar_wr_inst.s_ifaces[7].addr_inst.thread_count_reg[0][4]$_SDFFE_PP0P_
-0.564905	s07_axi_awaddr[31]	axi_crossbar_inst.axi_crossbar_wr_inst.s_ifaces[7].addr_inst.thread_count_reg[1][4]$_SDFFE_PP0P_/D	_41120_|_43776_|_43778_|_43779_|_43780_|_53656_|_53657_|_53663_|_53668_|_57107_|_57125_|_57126_|_57127_|_70555_|_70556_|_70557_|_70558_|_70559_|_70560_|_73427_|_73540_|axi_crossbar_inst.axi_crossbar_wr_inst.s_ifaces[7].addr_inst.thread_count_reg[1][4]$_SDFFE_PP0P_
-0.564880	s07_axi_araddr[30]	axi_crossbar_inst.axi_crossbar_rd_inst.s_ifaces[7].addr_inst.thread_count_reg[0][4]$_SDFFE_PP0P_/D	_44345_|_44346_|_44347_|_44353_|_44384_|_60017_|_60018_|_60019_|_60020_|_60024_|_60025_|_60040_|_71115_|_71116_|_71117_|_71118_|_71119_|_71120_|_73317_|_73556_|axi_crossbar_inst.axi_crossbar_rd_inst.s_ifaces[7].addr_inst.thread_count_reg[0][4]$_SDFFE_PP0P_
-0.564861	s05_axi_araddr[27]	axi_crossbar_inst.axi_crossbar_rd_inst.s_ifaces[5].addr_inst.thread_count_reg[0][4]$_SDFFE_PP0P_/D	_41302_|_41303_|_41305_|_41308_|_41309_|_41310_|_41339_|_41359_|_41363_|_41630_|_57165_|_68773_|_70578_|_70579_|_70580_|_70581_|_70582_|_70583_|_73463_|_73541_|axi_crossbar_inst.axi_crossbar_rd_inst.s_ifaces[5].addr_inst.thread_count_reg[0][4]$_SDFFE_PP0P_
-0.564817	s07_axi_araddr[27]	axi_crossbar_inst.axi_crossbar_rd_inst.s_ifaces[7].addr_inst.thread_count_reg[1][4]$_SDFFE_PP0P_/D	_41803_|_44343_|_44346_|_44347_|_44351_|_60001_|_60002_|_60019_|_60020_|_60024_|_60078_|_60094_|_71158_|_71159_|_71160_|_71161_|_71162_|_71163_|_73312_|_73559_|axi_crossbar_inst.axi_crossbar_rd_inst.s_ifaces[7].addr_inst.thread_count_reg[1][4]$_SDFFE_PP0P_
-0.564791	s05_axi_araddr[28]	axi_crossbar_inst.axi_crossbar_rd_inst.s_ifaces[5].addr_inst.thread_count_reg[0][4]$_SDFFE_PP0P_/D	_41301_|_41303_|_41305_|_41308_|_41337_|_41338_|_41339_|_41359_|_41363_|_41630_|_57163_|_68773_|_70578_|_70579_|_70580_|_70581_|_70582_|_70583_|_73463_|_73541_|axi_crossbar_inst.axi_crossbar_rd_inst.s_ifaces[5].addr_inst.thread_count_reg[0][4]$_SDFFE_PP0P_
-0.564790	s00_axi_awaddr[31]	axi_crossbar_inst.axi_crossbar_wr_inst.s_ifaces[0].addr_inst.thread_count_reg[1][4]$_SDFFE_PP0P_/D	_44120_|_44121_|_44122_|_44127_|_51889_|_51890_|_51895_|_51915_|_51969_|_51984_|_51985_|_51986_|_68790_|_69716_|_69717_|_69718_|_69719_|_69720_|_69721_|_73313_|_73518_|axi_crossbar_inst.axi_crossbar_wr_inst.s_ifaces[0].addr_inst.thread_count_reg[1][4]$_SDFFE_PP0P_
-0.564729	s07_axi_araddr[30]	axi_crossbar_inst.axi_crossbar_rd_inst.s_ifaces[7].addr_inst.thread_count_reg[1][4]$_SDFFE_PP0P_/D	_41803_|_44345_|_44346_|_44347_|_44353_|_60000_|_60002_|_60019_|_60020_|_60024_|_60078_|_60094_|_71158_|_71159_|_71160_|_71161_|_71162_|_71163_|_73312_|_73559_|axi_crossbar_inst.axi_crossbar_rd_inst.s_ifaces[7].addr_inst.thread_count_reg[1][4]$_SDFFE_PP0P_
-0.564648	s07_axi_araddr[31]	axi_crossbar_inst.axi_crossbar_rd_inst.s_ifaces[7].addr_inst.thread_count_reg[1][4]$_SDFFE_PP0P_/D	_41803_|_44344_|_44346_|_44347_|_44351_|_60001_|_60002_|_60019_|_60020_|_60024_|_60078_|_60094_|_71158_|_71159_|_71160_|_71161_|_71162_|_71163_|_73312_|_73559_|axi_crossbar_inst.axi_crossbar_rd_inst.s_ifaces[7].addr_inst.thread_count_reg[1][4]$_SDFFE_PP0P_
-0.564610	s05_axi_araddr[28]	axi_crossbar_inst.axi_crossbar_rd_inst.s_ifaces[5].addr_inst.thread_count_reg[1][4]$_SDFFE_PP0P_/D	_41301_|_41303_|_41305_|_41308_|_41337_|_41338_|_41339_|_41359_|_41363_|_43839_|_57264_|_57282_|_70632_|_70633_|_70634_|_70635_|_70636_|_70637_|_73337_|_73544_|axi_crossbar_inst.axi_crossbar_rd_inst.s_ifaces[5].addr_inst.thread_count_reg[1][4]$_SDFFE_PP0P_
-0.564569	s07_axi_awaddr[31]	axi_crossbar_inst.axi_crossbar_wr_inst.s_ifaces[7].addr_inst.thread_count_reg[0][4]$_SDFFE_PP0P_/D	_43776_|_43778_|_43779_|_43780_|_53656_|_53657_|_53663_|_53668_|_53671_|_53672_|_53673_|_53684_|_68779_|_69944_|_69945_|_69946_|_69947_|_69948_|_69949_|_73470_|_73524_|axi_crossbar_inst.axi_crossbar_wr_inst.s_ifaces[7].addr_inst.thread_count_reg[0][4]$_SDFFE_PP0P_
-0.564569	s07_axi_awaddr[31]	axi_crossbar_inst.axi_crossbar_wr_inst.s_ifaces[7].addr_inst.thread_count_reg[1][4]$_SDFFE_PP0P_/D	_41120_|_43776_|_43778_|_43779_|_43780_|_53656_|_53657_|_53663_|_53668_|_57107_|_57125_|_57126_|_57127_|_70555_|_70556_|_70557_|_70558_|_70559_|_70560_|_73427_|_73540_|axi_crossbar_inst.axi_crossbar_wr_inst.s_ifaces[7].addr_inst.thread_count_reg[1][4]$_SDFFE_PP0P_
-0.564461	s07_axi_araddr[31]	axi_crossbar_inst.axi_crossbar_rd_inst.s_ifaces[7].addr_inst.thread_count_reg[0][4]$_SDFFE_PP0P_/D	_44344_|_44346_|_44347_|_44353_|_44384_|_60017_|_60018_|_60019_|_60020_|_60024_|_60025_|_60040_|_71115_|_71116_|_71117_|_71118_|_71119_|_71120_|_73317_|_73556_|axi_crossbar_inst.axi_crossbar_rd_inst.s_ifaces[7].addr_inst.thread_count_reg[0][4]$_SDFFE_PP0P_
-0.564408	s00_axi_awaddr[31]	axi_crossbar_inst.axi_crossbar_wr_inst.s_ifaces[0].addr_inst.thread_count_reg[1][4]$_SDFFE_PP0P_/D	_44120_|_44121_|_44122_|_44123_|_51888_|_51890_|_51895_|_51915_|_51969_|_51984_|_51985_|_51986_|_68790_|_69716_|_69717_|_69718_|_69719_|_69720_|_69721_|_73313_|_73518_|axi_crossbar_inst.axi_crossbar_wr_inst.s_ifaces[0].addr_inst.thread_count_reg[1][4]$_SDFFE_PP0P_
-0.564392	s00_axi_awaddr[31]	axi_crossbar_inst.axi_crossbar_wr_inst.s_ifaces[0].addr_inst.thread_count_reg[0][4]$_SDFFE_PP0P_/D	_44120_|_44121_|_44122_|_44123_|_51888_|_51890_|_51895_|_51915_|_51917_|_51918_|_51919_|_51930_|_68772_|_69649_|_69650_|_69651_|_69652_|_69653_|_69654_|_73408_|_73515_|axi_crossbar_inst.axi_crossbar_wr_inst.s_ifaces[0].addr_inst.thread_count_reg[0][4]$_SDFFE_PP0P_
-0.564374	s05_axi_araddr[29]	axi_crossbar_inst.axi_crossbar_rd_inst.s_ifaces[5].addr_inst.thread_count_reg[1][4]$_SDFFE_PP0P_/D	_41300_|_41303_|_41305_|_41308_|_41312_|_41313_|_41339_|_41359_|_41363_|_43839_|_57266_|_57282_|_70632_|_70633_|_70634_|_70635_|_70636_|_70637_|_73337_|_73544_|axi_crossbar_inst.axi_crossbar_rd_inst.s_ifaces[5].addr_inst.thread_count_reg[1][4]$_SDFFE_PP0P_
-0.564332	s00_axi_awaddr[30]	axi_crossbar_inst.axi_crossbar_wr_inst.s_ifaces[0].addr_inst.thread_count_reg[1][4]$_SDFFE_PP0P_/D	_44119_|_44121_|_44122_|_44127_|_51889_|_51890_|_51895_|_51915_|_51969_|_51984_|_51985_|_51986_|_68790_|_69716_|_69717_|_69718_|_69719_|_69720_|_69721_|_73313_|_73518_|axi_crossbar_inst.axi_crossbar_wr_inst.s_ifaces[0].addr_inst.thread_count_reg[1][4]$_SDFFE_PP0P_
-0.564315	s00_axi_awaddr[30]	axi_crossbar_inst.axi_crossbar_wr_inst.s_ifaces[0].addr_inst.thread_count_reg[0][4]$_SDFFE_PP0P_/D	_44119_|_44121_|_44122_|_44127_|_51889_|_51890_|_51895_|_51915_|_51917_|_51918_|_51919_|_51930_|_68772_|_69649_|_69650_|_69651_|_69652_|_69653_|_69654_|_73408_|_73515_|axi_crossbar_inst.axi_crossbar_wr_inst.s_ifaces[0].addr_inst.thread_count_reg[0][4]$_SDFFE_PP0P_
-0.564291	s05_axi_araddr[27]	axi_crossbar_inst.axi_crossbar_rd_inst.s_ifaces[5].addr_inst.thread_count_reg[1][4]$_SDFFE_PP0P_/D	_41302_|_41303_|_41305_|_41308_|_41312_|_41313_|_41339_|_41359_|_41363_|_43839_|_57266_|_57282_|_70632_|_70633_|_70634_|_70635_|_70636_|_70637_|_73337_|_73544_|axi_crossbar_inst.axi_crossbar_rd_inst.s_ifaces[5].addr_inst.thread_count_reg[1][4]$_SDFFE_PP0P_
-0.564175	s07_axi_araddr[31]	axi_crossbar_inst.axi_crossbar_rd_inst.s_ifaces[7].addr_inst.thread_count_reg[0][4]$_SDFFE_PP0P_/D	_44344_|_44346_|_44347_|_44348_|_44384_|_59999_|_60002_|_60019_|_60020_|_60024_|_60025_|_60040_|_71115_|_71116_|_71117_|_71118_|_71119_|_71120_|_73317_|_73556_|axi_crossbar_inst.axi_crossbar_rd_inst.s_ifaces[7].addr_inst.thread_count_reg[0][4]$_SDFFE_PP0P_
-0.564172	s00_axi_awaddr[31]	axi_crossbar_inst.axi_crossbar_wr_inst.s_ifaces[0].addr_inst.thread_count_reg[1][4]$_SDFFE_PP0P_/D	_44120_|_44121_|_44122_|_44127_|_51889_|_51890_|_51895_|_51915_|_51969_|_51984_|_51985_|_51986_|_68790_|_69716_|_69717_|_69718_|_69719_|_69720_|_69721_|_73313_|_73518_|axi_crossbar_inst.axi_crossbar_wr_inst.s_ifaces[0].addr_inst.thread_count_reg[1][4]$_SDFFE_PP0P_
-0.564161	s07_axi_araddr[30]	axi_crossbar_inst.axi_crossbar_rd_inst.s_ifaces[7].addr_inst.thread_count_reg[0][4]$_SDFFE_PP0P_/D	_44345_|_44346_|_44347_|_44351_|_44384_|_60001_|_60002_|_60019_|_60020_|_60024_|_60025_|_60040_|_71115_|_71116_|_71117_|_71118_|_71119_|_71120_|_73317_|_73556_|axi_crossbar_inst.axi_crossbar_rd_inst.s_ifaces[7].addr_inst.thread_count_reg[0][4]$_SDFFE_PP0P_
-0.564137	s07_axi_araddr[30]	axi_crossbar_inst.axi_crossbar_rd_inst.s_ifaces[7].addr_inst.thread_count_reg[1][4]$_SDFFE_PP0P_/D	_41803_|_44345_|_44346_|_44347_|_44351_|_60001_|_60002_|_60019_|_60020_|_60024_|_60078_|_60094_|_71158_|_71159_|_71160_|_71161_|_71162_|_71163_|_73312_|_73559_|axi_crossbar_inst.axi_crossbar_rd_inst.s_ifaces[7].addr_inst.thread_count_reg[1][4]$_SDFFE_PP0P_
-0.564110	s07_axi_araddr[27]	axi_crossbar_inst.axi_crossbar_rd_inst.s_ifaces[7].addr_inst.thread_count_reg[0][4]$_SDFFE_PP0P_/D	_44343_|_44346_|_44347_|_44353_|_44384_|_60000_|_60002_|_60019_|_60020_|_60024_|_60025_|_60040_|_71115_|_71116_|_71117_|_71118_|_71119_|_71120_|_73317_|_73556_|axi_crossbar_inst.axi_crossbar_rd_inst.s_ifaces[7].addr_inst.thread_count_reg[0][4]$_SDFFE_PP0P_
-0.564086	s00_axi_awaddr[31]	axi_crossbar_inst.axi_crossbar_wr_inst.s_ifaces[0].addr_inst.thread_count_reg[1][4]$_SDFFE_PP0P_/D	_44120_|_44121_|_44122_|_44123_|_51888_|_51890_|_51895_|_51915_|_51969_|_51984_|_51985_|_51986_|_68790_|_69716_|_69717_|_69718_|_69719_|_69720_|_69721_|_73313_|_73518_|axi_crossbar_inst.axi_crossbar_wr_inst.s_ifaces[0].addr_inst.thread_count_reg[1][4]$_SDFFE_PP0P_
-0.564010	s00_axi_awaddr[30]	axi_crossbar_inst.axi_crossbar_wr_inst.s_ifaces[0].addr_inst.thread_count_reg[1][4]$_SDFFE_PP0P_/D	_44119_|_44121_|_44122_|_44127_|_51889_|_51890_|_51895_|_51915_|_51969_|_51984_|_51985_|_51986_|_68790_|_69716_|_69717_|_69718_|_69719_|_69720_|_69721_|_73313_|_73518_|axi_crossbar_inst.axi_crossbar_wr_inst.s_ifaces[0].addr_inst.thread_count_reg[1][4]$_SDFFE_PP0P_
-0.563981	s00_axi_awaddr[27]	axi_crossbar_inst.axi_crossbar_wr_inst.s_ifaces[0].addr_inst.thread_count_reg[1][4]$_SDFFE_PP0P_/D	_44118_|_44121_|_44122_|_44127_|_51889_|_51890_|_51895_|_51915_|_51969_|_51984_|_51985_|_51986_|_68790_|_69716_|_69717_|_69718_|_69719_|_69720_|_69721_|_73313_|_73518_|axi_crossbar_inst.axi_crossbar_wr_inst.s_ifaces[0].addr_inst.thread_count_reg[1][4]$_SDFFE_PP0P_
-0.563965	s00_axi_awaddr[27]	axi_crossbar_inst.axi_crossbar_wr_inst.s_ifaces[0].addr_inst.thread_count_reg[0][4]$_SDFFE_PP0P_/D	_44118_|_44121_|_44122_|_44127_|_51889_|_51890_|_51895_|_51915_|_51917_|_51918_|_51919_|_51930_|_68772_|_69649_|_69650_|_69651_|_69652_|_69653_|_69654_|_73408_|_73515_|axi_crossbar_inst.axi_crossbar_wr_inst.s_ifaces[0].addr_inst.thread_count_reg[0][4]$_SDFFE_PP0P_
-0.563963	s07_axi_araddr[31]	axi_crossbar_inst.axi_crossbar_rd_inst.s_ifaces[7].addr_inst.thread_count_reg[1][4]$_SDFFE_PP0P_/D	_41803_|_44344_|_44346_|_44347_|_44348_|_60016_|_60018_|_60019_|_60020_|_60024_|_60078_|_60094_|_71158_|_71159_|_71160_|_71161_|_71162_|_71163_|_73312_|_73559_|axi_crossbar_inst.axi_crossbar_rd_inst.s_ifaces[7].addr_inst.thread_count_reg[1][4]$_SDFFE_PP0P_
-0.563916	s07_axi_araddr[30]	axi_crossbar_inst.axi_crossbar_rd_inst.s_ifaces[7].addr_inst.thread_count_reg[1][4]$_SDFFE_PP0P_/D	_41803_|_44345_|_44346_|_44347_|_44353_|_60000_|_60002_|_60019_|_60020_|_60024_|_60078_|_60094_|_71158_|_71159_|_71160_|_71161_|_71162_|_71163_|_73312_|_73559_|axi_crossbar_inst.axi_crossbar_rd_inst.s_ifaces[7].addr_inst.thread_count_reg[1][4]$_SDFFE_PP0P_
-0.563899	s07_axi_araddr[27]	axi_crossbar_inst.axi_crossbar_rd_inst.s_ifaces[7].addr_inst.thread_count_reg[1][4]$_SDFFE_PP0P_/D	_41803_|_44343_|_44346_|_44347_|_44353_|_60017_|_60018_|_60019_|_60020_|_60024_|_60078_|_60094_|_71158_|_71159_|_71160_|_71161_|_71162_|_71163_|_73312_|_73559_|axi_crossbar_inst.axi_crossbar_rd_inst.s_ifaces[7].addr_inst.thread_count_reg[1][4]$_SDFFE_PP0P_
-0.563848	s07_axi_araddr[31]	axi_crossbar_inst.axi_crossbar_rd_inst.s_ifaces[7].addr_inst.thread_count_reg[0][4]$_SDFFE_PP0P_/D	_44344_|_44346_|_44347_|_44353_|_44384_|_60000_|_60002_|_60019_|_60020_|_60024_|_60025_|_60040_|_71115_|_71116_|_71117_|_71118_|_71119_|_71120_|_73317_|_73556_|axi_crossbar_inst.axi_crossbar_rd_inst.s_ifaces[7].addr_inst.thread_count_reg[0][4]$_SDFFE_PP0P_
-0.563836	s07_axi_araddr[31]	axi_crossbar_inst.axi_crossbar_rd_inst.s_ifaces[7].addr_inst.thread_count_reg[1][4]$_SDFFE_PP0P_/D	_41803_|_44344_|_44346_|_44347_|_44351_|_60001_|_60002_|_60019_|_60020_|_60024_|_60078_|_60094_|_71158_|_71159_|_71160_|_71161_|_71162_|_71163_|_73312_|_73559_|axi_crossbar_inst.axi_crossbar_rd_inst.s_ifaces[7].addr_inst.thread_count_reg[1][4]$_SDFFE_PP0P_
-0.563794	s05_axi_araddr[29]	axi_crossbar_inst.axi_crossbar_rd_inst.s_ifaces[5].addr_inst.thread_count_reg[1][4]$_SDFFE_PP0P_/D	_41300_|_41303_|_41305_|_41308_|_41312_|_41313_|_41339_|_41359_|_41363_|_43839_|_57266_|_57282_|_70632_|_70633_|_70634_|_70635_|_70636_|_70637_|_73337_|_73544_|axi_crossbar_inst.axi_crossbar_rd_inst.s_ifaces[5].addr_inst.thread_count_reg[1][4]$_SDFFE_PP0P_
-0.563730	s07_axi_araddr[31]	axi_crossbar_inst.axi_crossbar_rd_inst.s_ifaces[7].addr_inst.thread_count_reg[1][4]$_SDFFE_PP0P_/D	_41803_|_44344_|_44346_|_44347_|_44353_|_60017_|_60018_|_60019_|_60020_|_60024_|_60078_|_60094_|_71158_|_71159_|_71160_|_71161_|_71162_|_71163_|_73312_|_73559_|axi_crossbar_inst.axi_crossbar_rd_inst.s_ifaces[7].addr_inst.thread_count_reg[1][4]$_SDFFE_PP0P_
-0.563711	s05_axi_araddr[27]	axi_crossbar_inst.axi_crossbar_rd_inst.s_ifaces[5].addr_inst.thread_count_reg[1][4]$_SDFFE_PP0P_/D	_41302_|_41303_|_41305_|_41308_|_41312_|_41313_|_41339_|_41359_|_41363_|_43839_|_57266_|_57282_|_70632_|_70633_|_70634_|_70635_|_70636_|_70637_|_73337_|_73544_|axi_crossbar_inst.axi_crossbar_rd_inst.s_ifaces[5].addr_inst.thread_count_reg[1][4]$_SDFFE_PP0P_
-0.563679	s05_axi_araddr[28]	axi_crossbar_inst.axi_crossbar_rd_inst.s_ifaces[5].addr_inst.thread_count_reg[0][4]$_SDFFE_PP0P_/D	_41301_|_41303_|_41305_|_41308_|_41312_|_41313_|_41339_|_41359_|_41363_|_41630_|_57165_|_68773_|_70578_|_70579_|_70580_|_70581_|_70582_|_70583_|_73463_|_73541_|axi_crossbar_inst.axi_crossbar_rd_inst.s_ifaces[5].addr_inst.thread_count_reg[0][4]$_SDFFE_PP0P_
-0.563659	s00_axi_awaddr[27]	axi_crossbar_inst.axi_crossbar_wr_inst.s_ifaces[0].addr_inst.thread_count_reg[1][4]$_SDFFE_PP0P_/D	_44118_|_44121_|_44122_|_44127_|_51889_|_51890_|_51895_|_51915_|_51969_|_51984_|_51985_|_51986_|_68790_|_69716_|_69717_|_69718_|_69719_|_69720_|_69721_|_73313_|_73518_|axi_crossbar_inst.axi_crossbar_wr_inst.s_ifaces[0].addr_inst.thread_count_reg[1][4]$_SDFFE_PP0P_
-0.563581	s05_axi_araddr[29]	axi_crossbar_inst.axi_crossbar_rd_inst.s_ifaces[5].addr_inst.thread_count_reg[0][4]$_SDFFE_PP0P_/D	_41300_|_41303_|_41305_|_41308_|_41337_|_41338_|_41339_|_41359_|_41363_|_41630_|_57163_|_68773_|_70578_|_70579_|_70580_|_70581_|_70582_|_70583_|_73463_|_73541_|axi_crossbar_inst.axi_crossbar_rd_inst.s_ifaces[5].addr_inst.thread_count_reg[0][4]$_SDFFE_PP0P_
-0.563535	s00_axi_awaddr[31]	axi_crossbar_inst.axi_crossbar_wr_inst.s_ifaces[0].addr_inst.thread_count_reg[1][4]$_SDFFE_PP0P_/D	_44120_|_44121_|_44122_|_44127_|_51889_|_51890_|_51895_|_51915_|_51969_|_51984_|_51985_|_51986_|_68790_|_69716_|_69717_|_69718_|_69719_|_69720_|_69721_|_73313_|_73518_|axi_crossbar_inst.axi_crossbar_wr_inst.s_ifaces[0].addr_inst.thread_count_reg[1][4]$_SDFFE_PP0P_
-0.563502	s00_axi_awaddr[31]	axi_crossbar_inst.axi_crossbar_wr_inst.s_ifaces[0].addr_inst.thread_count_reg[1][4]$_SDFFE_PP0P_/D	_44120_|_44121_|_44122_|_44127_|_51889_|_51890_|_51895_|_51915_|_51969_|_51984_|_51985_|_51986_|_68790_|_69716_|_69717_|_69718_|_69719_|_69720_|_69721_|_73313_|_73518_|axi_crossbar_inst.axi_crossbar_wr_inst.s_ifaces[0].addr_inst.thread_count_reg[1][4]$_SDFFE_PP0P_
-0.563497	s05_axi_araddr[27]	axi_crossbar_inst.axi_crossbar_rd_inst.s_ifaces[5].addr_inst.thread_count_reg[0][4]$_SDFFE_PP0P_/D	_41302_|_41303_|_41305_|_41308_|_41337_|_41338_|_41339_|_41359_|_41363_|_41630_|_57163_|_68773_|_70578_|_70579_|_70580_|_70581_|_70582_|_70583_|_73463_|_73541_|axi_crossbar_inst.axi_crossbar_rd_inst.s_ifaces[5].addr_inst.thread_count_reg[0][4]$_SDFFE_PP0P_
-0.563444	s07_axi_araddr[31]	axi_crossbar_inst.axi_crossbar_rd_inst.s_ifaces[7].addr_inst.thread_count_reg[1][4]$_SDFFE_PP0P_/D	_41803_|_44344_|_44346_|_44347_|_44348_|_59999_|_60002_|_60019_|_60020_|_60024_|_60078_|_60094_|_71158_|_71159_|_71160_|_71161_|_71162_|_71163_|_73312_|_73559_|axi_crossbar_inst.axi_crossbar_rd_inst.s_ifaces[7].addr_inst.thread_count_reg[1][4]$_SDFFE_PP0P_
-0.563400	s05_axi_araddr[29]	axi_crossbar_inst.axi_crossbar_rd_inst.s_ifaces[5].addr_inst.thread_count_reg[1][4]$_SDFFE_PP0P_/D	_41300_|_41303_|_41305_|_41308_|_41337_|_41338_|_41339_|_41359_|_41363_|_43839_|_57264_|_57282_|_70632_|_70633_|_70634_|_70635_|_70636_|_70637_|_73337_|_73544_|axi_crossbar_inst.axi_crossbar_rd_inst.s_ifaces[5].addr_inst.thread_count_reg[1][4]$_SDFFE_PP0P_
-0.563379	s07_axi_araddr[27]	axi_crossbar_inst.axi_crossbar_rd_inst.s_ifaces[7].addr_inst.thread_count_reg[1][4]$_SDFFE_PP0P_/D	_41803_|_44343_|_44346_|_44347_|_44353_|_60000_|_60002_|_60019_|_60020_|_60024_|_60078_|_60094_|_71158_|_71159_|_71160_|_71161_|_71162_|_71163_|_73312_|_73559_|axi_crossbar_inst.axi_crossbar_rd_inst.s_ifaces[7].addr_inst.thread_count_reg[1][4]$_SDFFE_PP0P_
-0.563316	s05_axi_araddr[27]	axi_crossbar_inst.axi_crossbar_rd_inst.s_ifaces[5].addr_inst.thread_count_reg[1][4]$_SDFFE_PP0P_/D	_41302_|_41303_|_41305_|_41308_|_41337_|_41338_|_41339_|_41359_|_41363_|_43839_|_57264_|_57282_|_70632_|_70633_|_70634_|_70635_|_70636_|_70637_|_73337_|_73544_|axi_crossbar_inst.axi_crossbar_rd_inst.s_ifaces[5].addr_inst.thread_count_reg[1][4]$_SDFFE_PP0P_
-0.563315	s05_axi_araddr[28]	axi_crossbar_inst.axi_crossbar_rd_inst.s_ifaces[5].addr_inst.thread_count_reg[0][4]$_SDFFE_PP0P_/D	_41301_|_41303_|_41305_|_41308_|_41337_|_41338_|_41339_|_41359_|_41363_|_41630_|_57163_|_68773_|_70578_|_70579_|_70580_|_70581_|_70582_|_70583_|_73463_|_73541_|axi_crossbar_inst.axi_crossbar_rd_inst.s_ifaces[5].addr_inst.thread_count_reg[0][4]$_SDFFE_PP0P_
-0.563283	s07_axi_araddr[30]	axi_crossbar_inst.axi_crossbar_rd_inst.s_ifaces[7].addr_inst.thread_count_reg[0][4]$_SDFFE_PP0P_/D	_44345_|_44346_|_44347_|_44348_|_44384_|_59999_|_60002_|_60019_|_60020_|_60024_|_60025_|_60040_|_71115_|_71116_|_71117_|_71118_|_71119_|_71120_|_73317_|_73556_|axi_crossbar_inst.axi_crossbar_rd_inst.s_ifaces[7].addr_inst.thread_count_reg[0][4]$_SDFFE_PP0P_
-0.563267	s07_axi_araddr[31]	axi_crossbar_inst.axi_crossbar_rd_inst.s_ifaces[7].addr_inst.thread_count_reg[0][4]$_SDFFE_PP0P_/D	_44344_|_44346_|_44347_|_44353_|_44384_|_60000_|_60002_|_60019_|_60020_|_60024_|_60025_|_60040_|_71115_|_71116_|_71117_|_71118_|_71119_|_71120_|_73317_|_73556_|axi_crossbar_inst.axi_crossbar_rd_inst.s_ifaces[7].addr_inst.thread_count_reg[0][4]$_SDFFE_PP0P_
-0.563242	s07_axi_araddr[30]	axi_crossbar_inst.axi_crossbar_rd_inst.s_ifaces[7].addr_inst.thread_count_reg[0][4]$_SDFFE_PP0P_/D	_44345_|_44346_|_44347_|_44353_|_44384_|_60017_|_60018_|_60019_|_60020_|_60024_|_60025_|_60040_|_71115_|_71116_|_71117_|_71118_|_71119_|_71120_|_73317_|_73556_|axi_crossbar_inst.axi_crossbar_rd_inst.s_ifaces[7].addr_inst.thread_count_reg[0][4]$_SDFFE_PP0P_
-0.563218	s07_axi_araddr[30]	axi_crossbar_inst.axi_crossbar_rd_inst.s_ifaces[7].addr_inst.thread_count_reg[1][4]$_SDFFE_PP0P_/D	_41803_|_44345_|_44346_|_44347_|_44353_|_60017_|_60018_|_60019_|_60020_|_60024_|_60078_|_60094_|_71158_|_71159_|_71160_|_71161_|_71162_|_71163_|_73312_|_73559_|axi_crossbar_inst.axi_crossbar_rd_inst.s_ifaces[7].addr_inst.thread_count_reg[1][4]$_SDFFE_PP0P_
-0.563213	s00_axi_awaddr[31]	axi_crossbar_inst.axi_crossbar_wr_inst.s_ifaces[0].addr_inst.thread_count_reg[1][4]$_SDFFE_PP0P_/D	_44120_|_44121_|_44122_|_44127_|_51889_|_51890_|_51895_|_51915_|_51969_|_51984_|_51985_|_51986_|_68790_|_69716_|_69717_|_69718_|_69719_|_69720_|_69721_|_73313_|_73518_|axi_crossbar_inst.axi_crossbar_wr_inst.s_ifaces[0].addr_inst.thread_count_reg[1][4]$_SDFFE_PP0P_
-0.563203	s05_axi_araddr[28]	axi_crossbar_inst.axi_crossbar_rd_inst.s_ifaces[5].addr_inst.trans_count_reg[4]$_SDFFE_PP0P_/D	_41301_|_41303_|_41305_|_41308_|_41337_|_41338_|_41339_|_41359_|_41363_|_41364_|_42980_|_57182_|_70584_|_70585_|_70586_|_70587_|_70588_|_70589_|_73439_|_73543_|axi_crossbar_inst.axi_crossbar_rd_inst.s_ifaces[5].addr_inst.trans_count_reg[4]$_SDFFE_PP0P_
-0.563190	s07_axi_araddr[31]	axi_crossbar_inst.axi_crossbar_rd_inst.s_ifaces[7].addr_inst.thread_count_reg[1][4]$_SDFFE_PP0P_/D	_41803_|_44344_|_44346_|_44347_|_44348_|_59999_|_60002_|_60019_|_60020_|_60024_|_60078_|_60094_|_71158_|_71159_|_71160_|_71161_|_71162_|_71163_|_73312_|_73559_|axi_crossbar_inst.axi_crossbar_rd_inst.s_ifaces[7].addr_inst.thread_count_reg[1][4]$_SDFFE_PP0P_
-0.563180	s00_axi_awaddr[31]	axi_crossbar_inst.axi_crossbar_wr_inst.s_ifaces[0].addr_inst.thread_count_reg[1][4]$_SDFFE_PP0P_/D	_44120_|_44121_|_44122_|_44127_|_51889_|_51890_|_51895_|_51915_|_51969_|_51984_|_51985_|_51986_|_68790_|_69716_|_69717_|_69718_|_69719_|_69720_|_69721_|_73313_|_73518_|axi_crossbar_inst.axi_crossbar_wr_inst.s_ifaces[0].addr_inst.thread_count_reg[1][4]$_SDFFE_PP0P_
-0.563165	s07_axi_araddr[30]	axi_crossbar_inst.axi_crossbar_rd_inst.s_ifaces[7].addr_inst.thread_count_reg[1][4]$_SDFFE_PP0P_/D	_41803_|_44345_|_44346_|_44347_|_44348_|_60016_|_60018_|_60019_|_60020_|_60024_|_60078_|_60094_|_71158_|_71159_|_71160_|_71161_|_71162_|_71163_|_73312_|_73559_|axi_crossbar_inst.axi_crossbar_rd_inst.s_ifaces[7].addr_inst.thread_count_reg[1][4]$_SDFFE_PP0P_
-0.563138	s07_axi_araddr[27]	axi_crossbar_inst.axi_crossbar_rd_inst.s_ifaces[7].addr_inst.thread_count_reg[0][4]$_SDFFE_PP0P_/D	_44343_|_44346_|_44347_|_44351_|_44384_|_60001_|_60002_|_60019_|_60020_|_60024_|_60025_|_60040_|_71115_|_71116_|_71117_|_71118_|_71119_|_71120_|_73317_|_73556_|axi_crossbar_inst.axi_crossbar_rd_inst.s_ifaces[7].addr_inst.thread_count_reg[0][4]$_SDFFE_PP0P_
-0.563134	s05_axi_araddr[28]	axi_crossbar_inst.axi_crossbar_rd_inst.s_ifaces[5].addr_inst.thread_count_reg[1][4]$_SDFFE_PP0P_/D	_41301_|_41303_|_41305_|_41308_|_41337_|_41338_|_41339_|_41359_|_41363_|_43839_|_57264_|_57282_|_70632_|_70633_|_70634_|_70635_|_70636_|_70637_|_73337_|_73544_|axi_crossbar_inst.axi_crossbar_rd_inst.s_ifaces[5].addr_inst.thread_count_reg[1][4]$_SDFFE_PP0P_
-0.563129	s07_axi_araddr[31]	axi_crossbar_inst.axi_crossbar_rd_inst.s_ifaces[7].addr_inst.thread_count_reg[0][4]$_SDFFE_PP0P_/D	_44344_|_44346_|_44347_|_44353_|_44384_|_60000_|_60002_|_60019_|_60020_|_60024_|_60025_|_60040_|_71115_|_71116_|_71117_|_71118_|_71119_|_71120_|_73317_|_73556_|axi_crossbar_inst.axi_crossbar_rd_inst.s_ifaces[7].addr_inst.thread_count_reg[0][4]$_SDFFE_PP0P_
-0.563125	s07_axi_araddr[27]	axi_crossbar_inst.axi_crossbar_rd_inst.s_ifaces[7].addr_inst.thread_count_reg[1][4]$_SDFFE_PP0P_/D	_41803_|_44343_|_44346_|_44347_|_44353_|_60000_|_60002_|_60019_|_60020_|_60024_|_60078_|_60094_|_71158_|_71159_|_71160_|_71161_|_71162_|_71163_|_73312_|_73559_|axi_crossbar_inst.axi_crossbar_rd_inst.s_ifaces[7].addr_inst.thread_count_reg[1][4]$_SDFFE_PP0P_
-0.563038	s07_axi_araddr[30]	axi_crossbar_inst.axi_crossbar_rd_inst.s_ifaces[7].addr_inst.thread_count_reg[1][4]$_SDFFE_PP0P_/D	_41803_|_44345_|_44346_|_44347_|_44351_|_60001_|_60002_|_60019_|_60020_|_60024_|_60078_|_60094_|_71158_|_71159_|_71160_|_71161_|_71162_|_71163_|_73312_|_73559_|axi_crossbar_inst.axi_crossbar_rd_inst.s_ifaces[7].addr_inst.thread_count_reg[1][4]$_SDFFE_PP0P_
-0.562957	s07_axi_araddr[30]	axi_crossbar_inst.axi_crossbar_rd_inst.s_ifaces[7].addr_inst.thread_count_reg[0][4]$_SDFFE_PP0P_/D	_44345_|_44346_|_44347_|_44348_|_44384_|_59999_|_60002_|_60019_|_60020_|_60024_|_60025_|_60040_|_71115_|_71116_|_71117_|_71118_|_71119_|_71120_|_73317_|_73556_|axi_crossbar_inst.axi_crossbar_rd_inst.s_ifaces[7].addr_inst.thread_count_reg[0][4]$_SDFFE_PP0P_
-0.562921	s00_axi_awaddr[31]	axi_crossbar_inst.axi_crossbar_wr_inst.s_ifaces[0].addr_inst.thread_count_reg[1][4]$_SDFFE_PP0P_/D	_44120_|_44121_|_44122_|_44127_|_51889_|_51890_|_51895_|_51915_|_51969_|_51984_|_51985_|_51986_|_68790_|_69716_|_69717_|_69718_|_69719_|_69720_|_69721_|_73313_|_73518_|axi_crossbar_inst.axi_crossbar_wr_inst.s_ifaces[0].addr_inst.thread_count_reg[1][4]$_SDFFE_PP0P_
-0.562917	s07_axi_araddr[31]	axi_crossbar_inst.axi_crossbar_rd_inst.s_ifaces[7].addr_inst.thread_count_reg[1][4]$_SDFFE_PP0P_/D	_41803_|_44344_|_44346_|_44347_|_44353_|_60017_|_60018_|_60019_|_60020_|_60024_|_60078_|_60094_|_71158_|_71159_|_71160_|_71161_|_71162_|_71163_|_73312_|_73559_|axi_crossbar_inst.axi_crossbar_rd_inst.s_ifaces[7].addr_inst.thread_count_reg[1][4]$_SDFFE_PP0P_
-0.562904	s00_axi_awaddr[31]	axi_crossbar_inst.axi_crossbar_wr_inst.s_ifaces[0].addr_inst.thread_count_reg[0][4]$_SDFFE_PP0P_/D	_44120_|_44121_|_44122_|_44127_|_51889_|_51890_|_51895_|_51915_|_51917_|_51918_|_51919_|_51930_|_68772_|_69649_|_69650_|_69651_|_69652_|_69653_|_69654_|_73408_|_73515_|axi_crossbar_inst.axi_crossbar_wr_inst.s_ifaces[0].addr_inst.thread_count_reg[0][4]$_SDFFE_PP0P_
-0.562811	s07_axi_araddr[27]	axi_crossbar_inst.axi_crossbar_rd_inst.s_ifaces[7].addr_inst.thread_count_reg[0][4]$_SDFFE_PP0P_/D	_44343_|_44346_|_44347_|_44351_|_44384_|_60001_|_60002_|_60019_|_60020_|_60024_|_60025_|_60040_|_71115_|_71116_|_71117_|_71118_|_71119_|_71120_|_73317_|_73556_|axi_crossbar_inst.axi_crossbar_rd_inst.s_ifaces[7].addr_inst.thread_count_reg[0][4]$_SDFFE_PP0P_
-0.562745	s07_axi_araddr[30]	axi_crossbar_inst.axi_crossbar_rd_inst.s_ifaces[7].addr_inst.thread_count_reg[1][4]$_SDFFE_PP0P_/D	_41803_|_44345_|_44346_|_44347_|_44348_|_60016_|_60018_|_60019_|_60020_|_60024_|_60078_|_60094_|_71158_|_71159_|_71160_|_71161_|_71162_|_71163_|_73312_|_73559_|axi_crossbar_inst.axi_crossbar_rd_inst.s_ifaces[7].addr_inst.thread_count_reg[1][4]$_SDFFE_PP0P_
-0.562702	s07_axi_araddr[30]	axi_crossbar_inst.axi_crossbar_rd_inst.s_ifaces[7].addr_inst.thread_count_reg[0][4]$_SDFFE_PP0P_/D	_44345_|_44346_|_44347_|_44348_|_44384_|_59999_|_60002_|_60019_|_60020_|_60024_|_60025_|_60040_|_71115_|_71116_|_71117_|_71118_|_71119_|_71120_|_73317_|_73556_|axi_crossbar_inst.axi_crossbar_rd_inst.s_ifaces[7].addr_inst.thread_count_reg[0][4]$_SDFFE_PP0P_
-0.562654	s07_axi_awaddr[31]	axi_crossbar_inst.axi_crossbar_wr_inst.s_ifaces[7].addr_inst.thread_count_reg[0][4]$_SDFFE_PP0P_/D	_43776_|_43778_|_43779_|_43782_|_53655_|_53657_|_53663_|_53668_|_53671_|_53672_|_53673_|_53684_|_68779_|_69944_|_69945_|_69946_|_69947_|_69948_|_69949_|_73470_|_73524_|axi_crossbar_inst.axi_crossbar_wr_inst.s_ifaces[7].addr_inst.thread_count_reg[0][4]$_SDFFE_PP0P_
-0.562654	s07_axi_awaddr[31]	axi_crossbar_inst.axi_crossbar_wr_inst.s_ifaces[7].addr_inst.thread_count_reg[1][4]$_SDFFE_PP0P_/D	_41120_|_43776_|_43778_|_43779_|_43782_|_53655_|_53657_|_53663_|_53668_|_57107_|_57125_|_57126_|_57127_|_70555_|_70556_|_70557_|_70558_|_70559_|_70560_|_73427_|_73540_|axi_crossbar_inst.axi_crossbar_wr_inst.s_ifaces[7].addr_inst.thread_count_reg[1][4]$_SDFFE_PP0P_
-0.562599	s00_axi_awaddr[31]	axi_crossbar_inst.axi_crossbar_wr_inst.s_ifaces[0].addr_inst.thread_count_reg[1][4]$_SDFFE_PP0P_/D	_44120_|_44121_|_44122_|_44127_|_51889_|_51890_|_51895_|_51915_|_51969_|_51984_|_51985_|_51986_|_68790_|_69716_|_69717_|_69718_|_69719_|_69720_|_69721_|_73313_|_73518_|axi_crossbar_inst.axi_crossbar_wr_inst.s_ifaces[0].addr_inst.thread_count_reg[1][4]$_SDFFE_PP0P_
-0.562557	s07_axi_araddr[27]	axi_crossbar_inst.axi_crossbar_rd_inst.s_ifaces[7].addr_inst.thread_count_reg[0][4]$_SDFFE_PP0P_/D	_44343_|_44346_|_44347_|_44351_|_44384_|_60001_|_60002_|_60019_|_60020_|_60024_|_60025_|_60040_|_71115_|_71116_|_71117_|_71118_|_71119_|_71120_|_73317_|_73556_|axi_crossbar_inst.axi_crossbar_rd_inst.s_ifaces[7].addr_inst.thread_count_reg[0][4]$_SDFFE_PP0P_
-0.562523	s00_axi_awaddr[31]	axi_crossbar_inst.axi_crossbar_wr_inst.s_ifaces[0].addr_inst.thread_count_reg[0][4]$_SDFFE_PP0P_/D	_44120_|_44121_|_44122_|_44123_|_51888_|_51890_|_51895_|_51915_|_51917_|_51918_|_51919_|_51930_|_68772_|_69649_|_69650_|_69651_|_69652_|_69653_|_69654_|_73408_|_73515_|axi_crossbar_inst.axi_crossbar_wr_inst.s_ifaces[0].addr_inst.thread_count_reg[0][4]$_SDFFE_PP0P_
-0.562469	s05_axi_araddr[29]	axi_crossbar_inst.axi_crossbar_rd_inst.s_ifaces[5].addr_inst.thread_count_reg[0][4]$_SDFFE_PP0P_/D	_41300_|_41303_|_41305_|_41308_|_41312_|_41313_|_41339_|_41359_|_41363_|_41630_|_57165_|_68773_|_70578_|_70579_|_70580_|_70581_|_70582_|_70583_|_73463_|_73541_|axi_crossbar_inst.axi_crossbar_rd_inst.s_ifaces[5].addr_inst.thread_count_reg[0][4]$_SDFFE_PP0P_
-0.562458	s07_axi_araddr[30]	axi_crossbar_inst.axi_crossbar_rd_inst.s_ifaces[7].addr_inst.thread_count_reg[0][4]$_SDFFE_PP0P_/D	_44345_|_44346_|_44347_|_44351_|_44384_|_60001_|_60002_|_60019_|_60020_|_60024_|_60025_|_60040_|_71115_|_71116_|_71117_|_71118_|_71119_|_71120_|_73317_|_73556_|axi_crossbar_inst.axi_crossbar_rd_inst.s_ifaces[7].addr_inst.thread_count_reg[0][4]$_SDFFE_PP0P_
-0.562447	s00_axi_awaddr[30]	axi_crossbar_inst.axi_crossbar_wr_inst.s_ifaces[0].addr_inst.thread_count_reg[0][4]$_SDFFE_PP0P_/D	_44119_|_44121_|_44122_|_44127_|_51889_|_51890_|_51895_|_51915_|_51917_|_51918_|_51919_|_51930_|_68772_|_69649_|_69650_|_69651_|_69652_|_69653_|_69654_|_73408_|_73515_|axi_crossbar_inst.axi_crossbar_wr_inst.s_ifaces[0].addr_inst.thread_count_reg[0][4]$_SDFFE_PP0P_
-0.562445	s07_axi_araddr[30]	axi_crossbar_inst.axi_crossbar_rd_inst.s_ifaces[7].addr_inst.thread_count_reg[1][4]$_SDFFE_PP0P_/D	_41803_|_44345_|_44346_|_44347_|_44353_|_60000_|_60002_|_60019_|_60020_|_60024_|_60078_|_60094_|_71158_|_71159_|_71160_|_71161_|_71162_|_71163_|_73312_|_73559_|axi_crossbar_inst.axi_crossbar_rd_inst.s_ifaces[7].addr_inst.thread_count_reg[1][4]$_SDFFE_PP0P_
-0.562385	s05_axi_araddr[27]	axi_crossbar_inst.axi_crossbar_rd_inst.s_ifaces[5].addr_inst.thread_count_reg[0][4]$_SDFFE_PP0P_/D	_41302_|_41303_|_41305_|_41308_|_41312_|_41313_|_41339_|_41359_|_41363_|_41630_|_57165_|_68773_|_70578_|_70579_|_70580_|_70581_|_70582_|_70583_|_73463_|_73541_|axi_crossbar_inst.axi_crossbar_rd_inst.s_ifaces[5].addr_inst.thread_count_reg[0][4]$_SDFFE_PP0P_
-0.562365	s05_axi_araddr[28]	axi_crossbar_inst.axi_crossbar_rd_inst.s_ifaces[5].addr_inst.thread_count_reg[1][4]$_SDFFE_PP0P_/D	_41301_|_41303_|_41305_|_41308_|_41309_|_41310_|_41339_|_41359_|_41363_|_43839_|_57266_|_57282_|_70632_|_70633_|_70634_|_70635_|_70636_|_70637_|_73337_|_73544_|axi_crossbar_inst.axi_crossbar_rd_inst.s_ifaces[5].addr_inst.thread_count_reg[1][4]$_SDFFE_PP0P_
-0.562364	s07_axi_araddr[31]	axi_crossbar_inst.axi_crossbar_rd_inst.s_ifaces[7].addr_inst.thread_count_reg[1][4]$_SDFFE_PP0P_/D	_41803_|_44344_|_44346_|_44347_|_44351_|_60001_|_60002_|_60019_|_60020_|_60024_|_60078_|_60094_|_71158_|_71159_|_71160_|_71161_|_71162_|_71163_|_73312_|_73559_|axi_crossbar_inst.axi_crossbar_rd_inst.s_ifaces[7].addr_inst.thread_count_reg[1][4]$_SDFFE_PP0P_
-0.562304	s00_axi_awaddr[31]	axi_crossbar_inst.axi_crossbar_wr_inst.s_ifaces[0].addr_inst.thread_count_reg[1][4]$_SDFFE_PP0P_/D	_44120_|_44121_|_44122_|_44127_|_51889_|_51890_|_51895_|_51915_|_51969_|_51984_|_51985_|_51986_|_68790_|_69716_|_69717_|_69718_|_69719_|_69720_|_69721_|_73313_|_73518_|axi_crossbar_inst.axi_crossbar_wr_inst.s_ifaces[0].addr_inst.thread_count_reg[1][4]$_SDFFE_PP0P_
-0.562284	s07_axi_araddr[31]	axi_crossbar_inst.axi_crossbar_rd_inst.s_ifaces[7].addr_inst.thread_count_reg[0][4]$_SDFFE_PP0P_/D	_44344_|_44346_|_44347_|_44348_|_44384_|_60016_|_60018_|_60019_|_60020_|_60024_|_60025_|_60040_|_71115_|_71116_|_71117_|_71118_|_71119_|_71120_|_73317_|_73556_|axi_crossbar_inst.axi_crossbar_rd_inst.s_ifaces[7].addr_inst.thread_count_reg[0][4]$_SDFFE_PP0P_
-0.562237	s07_axi_araddr[30]	axi_crossbar_inst.axi_crossbar_rd_inst.s_ifaces[7].addr_inst.thread_count_reg[0][4]$_SDFFE_PP0P_/D	_44345_|_44346_|_44347_|_44353_|_44384_|_60000_|_60002_|_60019_|_60020_|_60024_|_60025_|_60040_|_71115_|_71116_|_71117_|_71118_|_71119_|_71120_|_73317_|_73556_|axi_crossbar_inst.axi_crossbar_rd_inst.s_ifaces[7].addr_inst.thread_count_reg[0][4]$_SDFFE_PP0P_
-0.562220	s07_axi_araddr[27]	axi_crossbar_inst.axi_crossbar_rd_inst.s_ifaces[7].addr_inst.thread_count_reg[0][4]$_SDFFE_PP0P_/D	_44343_|_44346_|_44347_|_44353_|_44384_|_60017_|_60018_|_60019_|_60020_|_60024_|_60025_|_60040_|_71115_|_71116_|_71117_|_71118_|_71119_|_71120_|_73317_|_73556_|axi_crossbar_inst.axi_crossbar_rd_inst.s_ifaces[7].addr_inst.thread_count_reg[0][4]$_SDFFE_PP0P_
-0.562203	s05_axi_araddr[28]	axi_crossbar_inst.axi_crossbar_rd_inst.s_ifaces[5].addr_inst.thread_count_reg[0][4]$_SDFFE_PP0P_/D	_41301_|_41303_|_41305_|_41308_|_41337_|_41338_|_41339_|_41359_|_41363_|_41630_|_70578_|_70579_|_70580_|_70581_|_70582_|_70583_|_73282_|_73541_|axi_crossbar_inst.axi_crossbar_rd_inst.s_ifaces[5].addr_inst.thread_count_reg[0][4]$_SDFFE_PP0P_
-0.562201	s00_axi_awaddr[31]	axi_crossbar_inst.axi_crossbar_wr_inst.s_ifaces[0].addr_inst.thread_count_reg[0][4]$_SDFFE_PP0P_/D	_44120_|_44121_|_44122_|_44123_|_51888_|_51890_|_51895_|_51915_|_51917_|_51918_|_51919_|_51930_|_68772_|_69649_|_69650_|_69651_|_69652_|_69653_|_69654_|_73408_|_73515_|axi_crossbar_inst.axi_crossbar_wr_inst.s_ifaces[0].addr_inst.thread_count_reg[0][4]$_SDFFE_PP0P_
-0.562157	s07_axi_araddr[31]	axi_crossbar_inst.axi_crossbar_rd_inst.s_ifaces[7].addr_inst.thread_count_reg[0][4]$_SDFFE_PP0P_/D	_44344_|_44346_|_44347_|_44351_|_44384_|_60001_|_60002_|_60019_|_60020_|_60024_|_60025_|_60040_|_71115_|_71116_|_71117_|_71118_|_71119_|_71120_|_73317_|_73556_|axi_crossbar_inst.axi_crossbar_rd_inst.s_ifaces[7].addr_inst.thread_count_reg[0][4]$_SDFFE_PP0P_
-0.562143	s07_axi_araddr[31]	axi_crossbar_inst.axi_crossbar_rd_inst.s_ifaces[7].addr_inst.thread_count_reg[1][4]$_SDFFE_PP0P_/D	_41803_|_44344_|_44346_|_44347_|_44353_|_60000_|_60002_|_60019_|_60020_|_60024_|_60078_|_60094_|_71158_|_71159_|_71160_|_71161_|_71162_|_71163_|_73312_|_73559_|axi_crossbar_inst.axi_crossbar_rd_inst.s_ifaces[7].addr_inst.thread_count_reg[1][4]$_SDFFE_PP0P_
-0.562125	s00_axi_awaddr[30]	axi_crossbar_inst.axi_crossbar_wr_inst.s_ifaces[0].addr_inst.thread_count_reg[0][4]$_SDFFE_PP0P_/D	_44119_|_44121_|_44122_|_44127_|_51889_|_51890_|_51895_|_51915_|_51917_|_51918_|_51919_|_51930_|_68772_|_69649_|_69650_|_69651_|_69652_|_69653_|_69654_|_73408_|_73515_|axi_crossbar_inst.axi_crossbar_wr_inst.s_ifaces[0].addr_inst.thread_count_reg[0][4]$_SDFFE_PP0P_
-0.562119	s07_axi_araddr[30]	axi_crossbar_inst.axi_crossbar_rd_inst.s_ifaces[7].addr_inst.thread_count_reg[1][4]$_SDFFE_PP0P_/D	_41803_|_44345_|_44346_|_44347_|_44353_|_60017_|_60018_|_60019_|_60020_|_60024_|_60078_|_60094_|_71158_|_71159_|_71160_|_71161_|_71162_|_71163_|_73312_|_73559_|axi_crossbar_inst.axi_crossbar_rd_inst.s_ifaces[7].addr_inst.thread_count_reg[1][4]$_SDFFE_PP0P_
-0.562104	s05_axi_araddr[29]	axi_crossbar_inst.axi_crossbar_rd_inst.s_ifaces[5].addr_inst.thread_count_reg[0][4]$_SDFFE_PP0P_/D	_41300_|_41303_|_41305_|_41308_|_41337_|_41338_|_41339_|_41359_|_41363_|_41630_|_57163_|_68773_|_70578_|_70579_|_70580_|_70581_|_70582_|_70583_|_73463_|_73541_|axi_crossbar_inst.axi_crossbar_rd_inst.s_ifaces[5].addr_inst.thread_count_reg[0][4]$_SDFFE_PP0P_
-0.562096	s00_axi_awaddr[27]	axi_crossbar_inst.axi_crossbar_wr_inst.s_ifaces[0].addr_inst.thread_count_reg[0][4]$_SDFFE_PP0P_/D	_44118_|_44121_|_44122_|_44127_|_51889_|_51890_|_51895_|_51915_|_51917_|_51918_|_51919_|_51930_|_68772_|_69649_|_69650_|_69651_|_69652_|_69653_|_69654_|_73408_|_73515_|axi_crossbar_inst.axi_crossbar_wr_inst.s_ifaces[0].addr_inst.thread_count_reg[0][4]$_SDFFE_PP0P_
-0.562021	s05_axi_araddr[27]	axi_crossbar_inst.axi_crossbar_rd_inst.s_ifaces[5].addr_inst.thread_count_reg[0][4]$_SDFFE_PP0P_/D	_41302_|_41303_|_41305_|_41308_|_41337_|_41338_|_41339_|_41359_|_41363_|_41630_|_57163_|_68773_|_70578_|_70579_|_70580_|_70581_|_70582_|_70583_|_73463_|_73541_|axi_crossbar_inst.axi_crossbar_rd_inst.s_ifaces[5].addr_inst.thread_count_reg[0][4]$_SDFFE_PP0P_
-0.561992	s05_axi_araddr[29]	axi_crossbar_inst.axi_crossbar_rd_inst.s_ifaces[5].addr_inst.trans_count_reg[4]$_SDFFE_PP0P_/D	_41300_|_41303_|_41305_|_41308_|_41337_|_41338_|_41339_|_41359_|_41363_|_41364_|_42980_|_57182_|_70584_|_70585_|_70586_|_70587_|_70588_|_70589_|_73439_|_73543_|axi_crossbar_inst.axi_crossbar_rd_inst.s_ifaces[5].addr_inst.trans_count_reg[4]$_SDFFE_PP0P_
-0.561992	s00_axi_awaddr[30]	axi_crossbar_inst.axi_crossbar_wr_inst.s_ifaces[0].addr_inst.thread_count_reg[1][4]$_SDFFE_PP0P_/D	_44119_|_44121_|_44122_|_44123_|_51888_|_51890_|_51895_|_51915_|_51969_|_51984_|_51985_|_51986_|_68790_|_69716_|_69717_|_69718_|_69719_|_69720_|_69721_|_73313_|_73518_|axi_crossbar_inst.axi_crossbar_wr_inst.s_ifaces[0].addr_inst.thread_count_reg[1][4]$_SDFFE_PP0P_
-0.561981	s00_axi_awaddr[31]	axi_crossbar_inst.axi_crossbar_wr_inst.s_ifaces[0].addr_inst.thread_count_reg[1][4]$_SDFFE_PP0P_/D	_44120_|_44121_|_44122_|_44127_|_51889_|_51890_|_51895_|_51915_|_51969_|_51984_|_51985_|_51986_|_68790_|_69716_|_69717_|_69718_|_69719_|_69720_|_69721_|_73313_|_73518_|axi_crossbar_inst.axi_crossbar_wr_inst.s_ifaces[0].addr_inst.thread_count_reg[1][4]$_SDFFE_PP0P_
-0.561971	s07_axi_araddr[30]	axi_crossbar_inst.axi_crossbar_rd_inst.s_ifaces[7].addr_inst.thread_count_reg[1][4]$_SDFFE_PP0P_/D	_41803_|_44345_|_44346_|_44347_|_44348_|_59999_|_60002_|_60019_|_60020_|_60024_|_60078_|_60094_|_71158_|_71159_|_71160_|_71161_|_71162_|_71163_|_73312_|_73559_|axi_crossbar_inst.axi_crossbar_rd_inst.s_ifaces[7].addr_inst.thread_count_reg[1][4]$_SDFFE_PP0P_
-0.561958	s07_axi_araddr[31]	axi_crossbar_inst.axi_crossbar_rd_inst.s_ifaces[7].addr_inst.thread_count_reg[0][4]$_SDFFE_PP0P_/D	_44344_|_44346_|_44347_|_44348_|_44384_|_60016_|_60018_|_60019_|_60020_|_60024_|_60025_|_60040_|_71115_|_71116_|_71117_|_71118_|_71119_|_71120_|_73317_|_73556_|axi_crossbar_inst.axi_crossbar_rd_inst.s_ifaces[7].addr_inst.thread_count_reg[0][4]$_SDFFE_PP0P_
-0.561923	s05_axi_araddr[29]	axi_crossbar_inst.axi_crossbar_rd_inst.s_ifaces[5].addr_inst.thread_count_reg[1][4]$_SDFFE_PP0P_/D	_41300_|_41303_|_41305_|_41308_|_41337_|_41338_|_41339_|_41359_|_41363_|_43839_|_57264_|_57282_|_70632_|_70633_|_70634_|_70635_|_70636_|_70637_|_73337_|_73544_|axi_crossbar_inst.axi_crossbar_rd_inst.s_ifaces[5].addr_inst.thread_count_reg[1][4]$_SDFFE_PP0P_
-0.561909	s05_axi_araddr[27]	axi_crossbar_inst.axi_crossbar_rd_inst.s_ifaces[5].addr_inst.trans_count_reg[4]$_SDFFE_PP0P_/D	_41302_|_41303_|_41305_|_41308_|_41337_|_41338_|_41339_|_41359_|_41363_|_41364_|_42980_|_57182_|_70584_|_70585_|_70586_|_70587_|_70588_|_70589_|_73439_|_73543_|axi_crossbar_inst.axi_crossbar_rd_inst.s_ifaces[5].addr_inst.trans_count_reg[4]$_SDFFE_PP0P_
-0.561893	s07_axi_araddr[27]	axi_crossbar_inst.axi_crossbar_rd_inst.s_ifaces[7].addr_inst.thread_count_reg[0][4]$_SDFFE_PP0P_/D	_44343_|_44346_|_44347_|_44353_|_44384_|_60017_|_60018_|_60019_|_60020_|_60024_|_60025_|_60040_|_71115_|_71116_|_71117_|_71118_|_71119_|_71120_|_73317_|_73556_|axi_crossbar_inst.axi_crossbar_rd_inst.s_ifaces[7].addr_inst.thread_count_reg[0][4]$_SDFFE_PP0P_
-0.561877	s07_axi_araddr[30]	axi_crossbar_inst.axi_crossbar_rd_inst.s_ifaces[7].addr_inst.thread_count_reg[0][4]$_SDFFE_PP0P_/D	_44345_|_44346_|_44347_|_44351_|_44384_|_60001_|_60002_|_60019_|_60020_|_60024_|_60025_|_60040_|_71115_|_71116_|_71117_|_71118_|_71119_|_71120_|_73317_|_73556_|axi_crossbar_inst.axi_crossbar_rd_inst.s_ifaces[7].addr_inst.thread_count_reg[0][4]$_SDFFE_PP0P_
-0.561861	s07_axi_awaddr[27]	axi_crossbar_inst.axi_crossbar_wr_inst.s_ifaces[7].addr_inst.thread_count_reg[0][4]$_SDFFE_PP0P_/D	_43777_|_43778_|_43779_|_43780_|_53656_|_53657_|_53663_|_53668_|_53671_|_53672_|_53673_|_53684_|_68779_|_69944_|_69945_|_69946_|_69947_|_69948_|_69949_|_73470_|_73524_|axi_crossbar_inst.axi_crossbar_wr_inst.s_ifaces[7].addr_inst.thread_count_reg[0][4]$_SDFFE_PP0P_
-0.561861	s07_axi_awaddr[27]	axi_crossbar_inst.axi_crossbar_wr_inst.s_ifaces[7].addr_inst.thread_count_reg[1][4]$_SDFFE_PP0P_/D	_41120_|_43777_|_43778_|_43779_|_43780_|_53656_|_53657_|_53663_|_53668_|_57107_|_57125_|_57126_|_57127_|_70555_|_70556_|_70557_|_70558_|_70559_|_70560_|_73427_|_73540_|axi_crossbar_inst.axi_crossbar_wr_inst.s_ifaces[7].addr_inst.thread_count_reg[1][4]$_SDFFE_PP0P_
-0.561839	s05_axi_araddr[27]	axi_crossbar_inst.axi_crossbar_rd_inst.s_ifaces[5].addr_inst.thread_count_reg[1][4]$_SDFFE_PP0P_/D	_41302_|_41303_|_41305_|_41308_|_41337_|_41338_|_41339_|_41359_|_41363_|_43839_|_57264_|_57282_|_70632_|_70633_|_70634_|_70635_|_70636_|_70637_|_73337_|_73544_|axi_crossbar_inst.axi_crossbar_rd_inst.s_ifaces[5].addr_inst.thread_count_reg[1][4]$_SDFFE_PP0P_
-0.561833	s07_axi_araddr[30]	axi_crossbar_inst.axi_crossbar_rd_inst.s_ifaces[7].addr_inst.thread_count_reg[1][4]$_SDFFE_PP0P_/D	_41803_|_44345_|_44346_|_44347_|_44348_|_59999_|_60002_|_60019_|_60020_|_60024_|_60078_|_60094_|_71158_|_71159_|_71160_|_71161_|_71162_|_71163_|_73312_|_73559_|axi_crossbar_inst.axi_crossbar_rd_inst.s_ifaces[7].addr_inst.thread_count_reg[1][4]$_SDFFE_PP0P_
-0.561826	s07_axi_araddr[27]	axi_crossbar_inst.axi_crossbar_rd_inst.s_ifaces[7].addr_inst.thread_count_reg[1][4]$_SDFFE_PP0P_/D	_41803_|_44343_|_44346_|_44347_|_44351_|_60001_|_60002_|_60019_|_60020_|_60024_|_60078_|_60094_|_71158_|_71159_|_71160_|_71161_|_71162_|_71163_|_73312_|_73559_|axi_crossbar_inst.axi_crossbar_rd_inst.s_ifaces[7].addr_inst.thread_count_reg[1][4]$_SDFFE_PP0P_
-0.561816	s07_axi_araddr[27]	axi_crossbar_inst.axi_crossbar_rd_inst.s_ifaces[7].addr_inst.thread_count_reg[1][4]$_SDFFE_PP0P_/D	_41803_|_44343_|_44346_|_44347_|_44348_|_60016_|_60018_|_60019_|_60020_|_60024_|_60078_|_60094_|_71158_|_71159_|_71160_|_71161_|_71162_|_71163_|_73312_|_73559_|axi_crossbar_inst.axi_crossbar_rd_inst.s_ifaces[7].addr_inst.thread_count_reg[1][4]$_SDFFE_PP0P_
-0.561784	s05_axi_araddr[28]	axi_crossbar_inst.axi_crossbar_rd_inst.s_ifaces[5].addr_inst.thread_count_reg[1][4]$_SDFFE_PP0P_/D	_41301_|_41303_|_41305_|_41308_|_41309_|_41310_|_41339_|_41359_|_41363_|_43839_|_57266_|_57282_|_70632_|_70633_|_70634_|_70635_|_70636_|_70637_|_73337_|_73544_|axi_crossbar_inst.axi_crossbar_rd_inst.s_ifaces[5].addr_inst.thread_count_reg[1][4]$_SDFFE_PP0P_
-0.561774	s00_axi_awaddr[27]	axi_crossbar_inst.axi_crossbar_wr_inst.s_ifaces[0].addr_inst.thread_count_reg[0][4]$_SDFFE_PP0P_/D	_44118_|_44121_|_44122_|_44127_|_51889_|_51890_|_51895_|_51915_|_51917_|_51918_|_51919_|_51930_|_68772_|_69649_|_69650_|_69651_|_69652_|_69653_|_69654_|_73408_|_73515_|axi_crossbar_inst.axi_crossbar_wr_inst.s_ifaces[0].addr_inst.thread_count_reg[0][4]$_SDFFE_PP0P_
-0.561703	s07_axi_araddr[31]	axi_crossbar_inst.axi_crossbar_rd_inst.s_ifaces[7].addr_inst.thread_count_reg[0][4]$_SDFFE_PP0P_/D	_44344_|_44346_|_44347_|_44348_|_44384_|_60016_|_60018_|_60019_|_60020_|_60024_|_60025_|_60040_|_71115_|_71116_|_71117_|_71118_|_71119_|_71120_|_73317_|_73556_|axi_crossbar_inst.axi_crossbar_rd_inst.s_ifaces[7].addr_inst.thread_count_reg[0][4]$_SDFFE_PP0P_
-0.561688	s07_axi_araddr[27]	axi_crossbar_inst.axi_crossbar_rd_inst.s_ifaces[7].addr_inst.thread_count_reg[1][4]$_SDFFE_PP0P_/D	_41803_|_44343_|_44346_|_44347_|_44351_|_60001_|_60002_|_60019_|_60020_|_60024_|_60078_|_60094_|_71158_|_71159_|_71160_|_71161_|_71162_|_71163_|_73312_|_73559_|axi_crossbar_inst.axi_crossbar_rd_inst.s_ifaces[7].addr_inst.thread_count_reg[1][4]$_SDFFE_PP0P_
-0.561656	s07_axi_araddr[30]	axi_crossbar_inst.axi_crossbar_rd_inst.s_ifaces[7].addr_inst.thread_count_reg[0][4]$_SDFFE_PP0P_/D	_44345_|_44346_|_44347_|_44353_|_44384_|_60000_|_60002_|_60019_|_60020_|_60024_|_60025_|_60040_|_71115_|_71116_|_71117_|_71118_|_71119_|_71120_|_73317_|_73556_|axi_crossbar_inst.axi_crossbar_rd_inst.s_ifaces[7].addr_inst.thread_count_reg[0][4]$_SDFFE_PP0P_
-0.561642	s00_axi_awaddr[27]	axi_crossbar_inst.axi_crossbar_wr_inst.s_ifaces[0].addr_inst.thread_count_reg[1][4]$_SDFFE_PP0P_/D	_44118_|_44121_|_44122_|_44123_|_51888_|_51890_|_51895_|_51915_|_51969_|_51984_|_51985_|_51986_|_68790_|_69716_|_69717_|_69718_|_69719_|_69720_|_69721_|_73313_|_73518_|axi_crossbar_inst.axi_crossbar_wr_inst.s_ifaces[0].addr_inst.thread_count_reg[1][4]$_SDFFE_PP0P_
-0.561639	s07_axi_araddr[27]	axi_crossbar_inst.axi_crossbar_rd_inst.s_ifaces[7].addr_inst.thread_count_reg[0][4]$_SDFFE_PP0P_/D	_44343_|_44346_|_44347_|_44353_|_44384_|_60017_|_60018_|_60019_|_60020_|_60024_|_60025_|_60040_|_71115_|_71116_|_71117_|_71118_|_71119_|_71120_|_73317_|_73556_|axi_crossbar_inst.axi_crossbar_rd_inst.s_ifaces[7].addr_inst.thread_count_reg[0][4]$_SDFFE_PP0P_
-0.561576	s07_axi_araddr[31]	axi_crossbar_inst.axi_crossbar_rd_inst.s_ifaces[7].addr_inst.thread_count_reg[0][4]$_SDFFE_PP0P_/D	_44344_|_44346_|_44347_|_44351_|_44384_|_60001_|_60002_|_60019_|_60020_|_60024_|_60025_|_60040_|_71115_|_71116_|_71117_|_71118_|_71119_|_71120_|_73317_|_73556_|axi_crossbar_inst.axi_crossbar_rd_inst.s_ifaces[7].addr_inst.thread_count_reg[0][4]$_SDFFE_PP0P_
-0.561568	s05_axi_araddr[28]	axi_crossbar_inst.axi_crossbar_rd_inst.s_ifaces[5].addr_inst.thread_count_reg[0][3]$_SDFFE_PP0P_/D	_41301_|_41303_|_41305_|_41308_|_41337_|_41338_|_41339_|_41359_|_41363_|_41630_|_57164_|_57166_|_57167_|_57168_|_57169_|_68773_|_73464_|_73541_|axi_crossbar_inst.axi_crossbar_rd_inst.s_ifaces[5].addr_inst.thread_count_reg[0][3]$_SDFFE_PP0P_
-0.561568	s05_axi_araddr[28]	axi_crossbar_inst.axi_crossbar_rd_inst.s_ifaces[5].addr_inst.thread_count_reg[1][3]$_SDFFE_PP0P_/D	_41301_|_41303_|_41305_|_41308_|_41337_|_41338_|_41339_|_41359_|_41363_|_43839_|_57265_|_57267_|_57268_|_57269_|_57270_|_57282_|_73346_|_73544_|axi_crossbar_inst.axi_crossbar_rd_inst.s_ifaces[5].addr_inst.thread_count_reg[1][3]$_SDFFE_PP0P_
-0.561539	s07_axi_araddr[30]	axi_crossbar_inst.axi_crossbar_rd_inst.s_ifaces[7].addr_inst.thread_count_reg[0][4]$_SDFFE_PP0P_/D	_44345_|_44346_|_44347_|_44353_|_44384_|_60017_|_60018_|_60019_|_60020_|_60024_|_60025_|_60040_|_71115_|_71116_|_71117_|_71118_|_71119_|_71120_|_73317_|_73556_|axi_crossbar_inst.axi_crossbar_rd_inst.s_ifaces[7].addr_inst.thread_count_reg[0][4]$_SDFFE_PP0P_
-0.561452	s07_axi_awaddr[31]	axi_crossbar_inst.axi_crossbar_wr_inst.s_ifaces[7].addr_inst.thread_count_reg[0][4]$_SDFFE_PP0P_/D	_43776_|_43778_|_43779_|_43780_|_53656_|_53657_|_53663_|_53668_|_53671_|_53672_|_53673_|_53684_|_68779_|_69944_|_69945_|_69946_|_69947_|_69948_|_69949_|_73470_|_73524_|axi_crossbar_inst.axi_crossbar_wr_inst.s_ifaces[7].addr_inst.thread_count_reg[0][4]$_SDFFE_PP0P_
-0.561452	s07_axi_awaddr[31]	axi_crossbar_inst.axi_crossbar_wr_inst.s_ifaces[7].addr_inst.thread_count_reg[1][4]$_SDFFE_PP0P_/D	_41120_|_43776_|_43778_|_43779_|_43780_|_53656_|_53657_|_53663_|_53668_|_57107_|_57125_|_57126_|_57127_|_70555_|_70556_|_70557_|_70558_|_70559_|_70560_|_73427_|_73540_|axi_crossbar_inst.axi_crossbar_wr_inst.s_ifaces[7].addr_inst.thread_count_reg[1][4]$_SDFFE_PP0P_
-0.561445	s07_axi_araddr[31]	axi_crossbar_inst.axi_crossbar_rd_inst.s_ifaces[7].addr_inst.thread_count_reg[1][4]$_SDFFE_PP0P_/D	_41803_|_44344_|_44346_|_44347_|_44353_|_60017_|_60018_|_60019_|_60020_|_60024_|_60078_|_60094_|_71158_|_71159_|_71160_|_71161_|_71162_|_71163_|_73312_|_73559_|axi_crossbar_inst.axi_crossbar_rd_inst.s_ifaces[7].addr_inst.thread_count_reg[1][4]$_SDFFE_PP0P_
-0.561264	s05_axi_araddr[30]	axi_crossbar_inst.axi_crossbar_rd_inst.s_ifaces[5].addr_inst.thread_count_reg[1][4]$_SDFFE_PP0P_/D	_41299_|_41303_|_41305_|_41308_|_41312_|_41313_|_41339_|_41359_|_41363_|_43839_|_57266_|_57282_|_70632_|_70633_|_70634_|_70635_|_70636_|_70637_|_73337_|_73544_|axi_crossbar_inst.axi_crossbar_rd_inst.s_ifaces[5].addr_inst.thread_count_reg[1][4]$_SDFFE_PP0P_
-0.561259	s05_axi_araddr[28]	axi_crossbar_inst.axi_crossbar_rd_inst.s_ifaces[5].addr_inst.thread_count_reg[0][4]$_SDFFE_PP0P_/D	_41301_|_41303_|_41305_|_41308_|_41312_|_41313_|_41339_|_41359_|_41363_|_41630_|_57165_|_68773_|_70578_|_70579_|_70580_|_70581_|_70582_|_70583_|_73463_|_73541_|axi_crossbar_inst.axi_crossbar_rd_inst.s_ifaces[5].addr_inst.thread_count_reg[0][4]$_SDFFE_PP0P_
-0.561238	s07_axi_araddr[31]	axi_crossbar_inst.axi_crossbar_rd_inst.s_ifaces[7].addr_inst.thread_count_reg[0][4]$_SDFFE_PP0P_/D	_44344_|_44346_|_44347_|_44353_|_44384_|_60017_|_60018_|_60019_|_60020_|_60024_|_60025_|_60040_|_71115_|_71116_|_71117_|_71118_|_71119_|_71120_|_73317_|_73556_|axi_crossbar_inst.axi_crossbar_rd_inst.s_ifaces[7].addr_inst.thread_count_reg[0][4]$_SDFFE_PP0P_
-0.561237	s07_axi_araddr[31]	axi_crossbar_inst.axi_crossbar_rd_inst.s_ifaces[7].addr_inst.thread_count_reg[0][4]$_SDFFE_PP0P_/D	_44344_|_44346_|_44347_|_44353_|_44384_|_60000_|_60002_|_60019_|_60020_|_60024_|_60025_|_60040_|_71115_|_71116_|_71117_|_71118_|_71119_|_71120_|_73317_|_73556_|axi_crossbar_inst.axi_crossbar_rd_inst.s_ifaces[7].addr_inst.thread_count_reg[0][4]$_SDFFE_PP0P_
-0.561195	s00_axi_awaddr[31]	axi_crossbar_inst.axi_crossbar_wr_inst.s_ifaces[0].addr_inst.thread_count_reg[1][4]$_SDFFE_PP0P_/D	_44120_|_44121_|_44122_|_44123_|_51888_|_51890_|_51895_|_51915_|_51969_|_51984_|_51985_|_51986_|_68790_|_69716_|_69717_|_69718_|_69719_|_69720_|_69721_|_73313_|_73518_|axi_crossbar_inst.axi_crossbar_wr_inst.s_ifaces[0].addr_inst.thread_count_reg[1][4]$_SDFFE_PP0P_
-0.561167	s07_axi_awaddr[31]	axi_crossbar_inst.axi_crossbar_wr_inst.s_ifaces[7].addr_inst.thread_count_reg[0][4]$_SDFFE_PP0P_/D	_43776_|_43778_|_43779_|_43780_|_53656_|_53657_|_53663_|_53668_|_53671_|_53672_|_53673_|_53684_|_68779_|_69944_|_69945_|_69946_|_69947_|_69948_|_69949_|_73470_|_73524_|axi_crossbar_inst.axi_crossbar_wr_inst.s_ifaces[7].addr_inst.thread_count_reg[0][4]$_SDFFE_PP0P_
-0.561167	s07_axi_awaddr[31]	axi_crossbar_inst.axi_crossbar_wr_inst.s_ifaces[7].addr_inst.thread_count_reg[1][4]$_SDFFE_PP0P_/D	_41120_|_43776_|_43778_|_43779_|_43780_|_53656_|_53657_|_53663_|_53668_|_57107_|_57125_|_57126_|_57127_|_70555_|_70556_|_70557_|_70558_|_70559_|_70560_|_73427_|_73540_|axi_crossbar_inst.axi_crossbar_wr_inst.s_ifaces[7].addr_inst.thread_count_reg[1][4]$_SDFFE_PP0P_
-0.561163	s00_axi_awaddr[31]	axi_crossbar_inst.axi_crossbar_wr_inst.s_ifaces[0].addr_inst.thread_count_reg[1][4]$_SDFFE_PP0P_/D	_44120_|_44121_|_44122_|_44123_|_51888_|_51890_|_51895_|_51915_|_51969_|_51984_|_51985_|_51986_|_68790_|_69716_|_69717_|_69718_|_69719_|_69720_|_69721_|_73313_|_73518_|axi_crossbar_inst.axi_crossbar_wr_inst.s_ifaces[0].addr_inst.thread_count_reg[1][4]$_SDFFE_PP0P_
-0.561154	s05_axi_araddr[29]	axi_crossbar_inst.axi_crossbar_rd_inst.s_ifaces[5].addr_inst.thread_count_reg[1][4]$_SDFFE_PP0P_/D	_41300_|_41303_|_41305_|_41308_|_41309_|_41310_|_41339_|_41359_|_41363_|_43839_|_57266_|_57282_|_70632_|_70633_|_70634_|_70635_|_70636_|_70637_|_73337_|_73544_|axi_crossbar_inst.axi_crossbar_rd_inst.s_ifaces[5].addr_inst.thread_count_reg[1][4]$_SDFFE_PP0P_
-0.561146	s07_axi_araddr[30]	axi_crossbar_inst.axi_crossbar_rd_inst.s_ifaces[7].addr_inst.thread_count_reg[1][4]$_SDFFE_PP0P_/D	_41803_|_44345_|_44346_|_44347_|_44351_|_60001_|_60002_|_60019_|_60020_|_60024_|_60078_|_60094_|_71158_|_71159_|_71160_|_71161_|_71162_|_71163_|_73312_|_73559_|axi_crossbar_inst.axi_crossbar_rd_inst.s_ifaces[7].addr_inst.thread_count_reg[1][4]$_SDFFE_PP0P_
-0.561119	s00_axi_awaddr[30]	axi_crossbar_inst.axi_crossbar_wr_inst.s_ifaces[0].addr_inst.thread_count_reg[1][4]$_SDFFE_PP0P_/D	_44119_|_44121_|_44122_|_44127_|_51889_|_51890_|_51895_|_51915_|_51969_|_51984_|_51985_|_51986_|_68790_|_69716_|_69717_|_69718_|_69719_|_69720_|_69721_|_73313_|_73518_|axi_crossbar_inst.axi_crossbar_wr_inst.s_ifaces[0].addr_inst.thread_count_reg[1][4]$_SDFFE_PP0P_
-0.561087	s00_axi_awaddr[30]	axi_crossbar_inst.axi_crossbar_wr_inst.s_ifaces[0].addr_inst.thread_count_reg[1][4]$_SDFFE_PP0P_/D	_44119_|_44121_|_44122_|_44127_|_51889_|_51890_|_51895_|_51915_|_51969_|_51984_|_51985_|_51986_|_68790_|_69716_|_69717_|_69718_|_69719_|_69720_|_69721_|_73313_|_73518_|axi_crossbar_inst.axi_crossbar_wr_inst.s_ifaces[0].addr_inst.thread_count_reg[1][4]$_SDFFE_PP0P_
-0.561071	s05_axi_araddr[27]	axi_crossbar_inst.axi_crossbar_rd_inst.s_ifaces[5].addr_inst.thread_count_reg[1][4]$_SDFFE_PP0P_/D	_41302_|_41303_|_41305_|_41308_|_41309_|_41310_|_41339_|_41359_|_41363_|_43839_|_57266_|_57282_|_70632_|_70633_|_70634_|_70635_|_70636_|_70637_|_73337_|_73544_|axi_crossbar_inst.axi_crossbar_rd_inst.s_ifaces[5].addr_inst.thread_count_reg[1][4]$_SDFFE_PP0P_
-0.561066	s07_axi_araddr[30]	axi_crossbar_inst.axi_crossbar_rd_inst.s_ifaces[7].addr_inst.thread_count_reg[0][4]$_SDFFE_PP0P_/D	_44345_|_44346_|_44347_|_44348_|_44384_|_60016_|_60018_|_60019_|_60020_|_60024_|_60025_|_60040_|_71115_|_71116_|_71117_|_71118_|_71119_|_71120_|_73317_|_73556_|axi_crossbar_inst.axi_crossbar_rd_inst.s_ifaces[7].addr_inst.thread_count_reg[0][4]$_SDFFE_PP0P_
-0.561036	s00_axi_awaddr[31]	axi_crossbar_inst.axi_crossbar_wr_inst.s_ifaces[0].addr_inst.thread_count_reg[0][4]$_SDFFE_PP0P_/D	_44120_|_44121_|_44122_|_44127_|_51889_|_51890_|_51895_|_51915_|_51917_|_51918_|_51919_|_51930_|_68772_|_69649_|_69650_|_69651_|_69652_|_69653_|_69654_|_73408_|_73515_|axi_crossbar_inst.axi_crossbar_wr_inst.s_ifaces[0].addr_inst.thread_count_reg[0][4]$_SDFFE_PP0P_
-0.560992	s05_axi_araddr[29]	axi_crossbar_inst.axi_crossbar_rd_inst.s_ifaces[5].addr_inst.thread_count_reg[0][4]$_SDFFE_PP0P_/D	_41300_|_41303_|_41305_|_41308_|_41337_|_41338_|_41339_|_41359_|_41363_|_41630_|_70578_|_70579_|_70580_|_70581_|_70582_|_70583_|_73282_|_73541_|axi_crossbar_inst.axi_crossbar_rd_inst.s_ifaces[5].addr_inst.thread_count_reg[0][4]$_SDFFE_PP0P_
-0.560972	s07_axi_araddr[31]	axi_crossbar_inst.axi_crossbar_rd_inst.s_ifaces[7].addr_inst.thread_count_reg[1][4]$_SDFFE_PP0P_/D	_41803_|_44344_|_44346_|_44347_|_44348_|_60016_|_60018_|_60019_|_60020_|_60024_|_60078_|_60094_|_71158_|_71159_|_71160_|_71161_|_71162_|_71163_|_73312_|_73559_|axi_crossbar_inst.axi_crossbar_rd_inst.s_ifaces[7].addr_inst.thread_count_reg[1][4]$_SDFFE_PP0P_
-0.560958	s07_axi_araddr[30]	axi_crossbar_inst.axi_crossbar_rd_inst.s_ifaces[7].addr_inst.thread_count_reg[0][4]$_SDFFE_PP0P_/D	_44345_|_44346_|_44347_|_44353_|_44384_|_60017_|_60018_|_60019_|_60020_|_60024_|_60025_|_60040_|_71115_|_71116_|_71117_|_71118_|_71119_|_71120_|_73317_|_73556_|axi_crossbar_inst.axi_crossbar_rd_inst.s_ifaces[7].addr_inst.thread_count_reg[0][4]$_SDFFE_PP0P_
-0.560909	s05_axi_araddr[27]	axi_crossbar_inst.axi_crossbar_rd_inst.s_ifaces[5].addr_inst.thread_count_reg[0][4]$_SDFFE_PP0P_/D	_41302_|_41303_|_41305_|_41308_|_41337_|_41338_|_41339_|_41359_|_41363_|_41630_|_70578_|_70579_|_70580_|_70581_|_70582_|_70583_|_73282_|_73541_|axi_crossbar_inst.axi_crossbar_rd_inst.s_ifaces[5].addr_inst.thread_count_reg[0][4]$_SDFFE_PP0P_
-0.560908	s07_axi_araddr[27]	axi_crossbar_inst.axi_crossbar_rd_inst.s_ifaces[7].addr_inst.thread_count_reg[1][4]$_SDFFE_PP0P_/D	_41803_|_44343_|_44346_|_44347_|_44353_|_60017_|_60018_|_60019_|_60020_|_60024_|_60078_|_60094_|_71158_|_71159_|_71160_|_71161_|_71162_|_71163_|_73312_|_73559_|axi_crossbar_inst.axi_crossbar_rd_inst.s_ifaces[7].addr_inst.thread_count_reg[1][4]$_SDFFE_PP0P_
-0.560834	s07_axi_araddr[31]	axi_crossbar_inst.axi_crossbar_rd_inst.s_ifaces[7].addr_inst.thread_count_reg[1][4]$_SDFFE_PP0P_/D	_41803_|_44344_|_44346_|_44347_|_44348_|_60016_|_60018_|_60019_|_60020_|_60024_|_60078_|_60094_|_71158_|_71159_|_71160_|_71161_|_71162_|_71163_|_73312_|_73559_|axi_crossbar_inst.axi_crossbar_rd_inst.s_ifaces[7].addr_inst.thread_count_reg[1][4]$_SDFFE_PP0P_
-0.560769	s07_axi_araddr[27]	axi_crossbar_inst.axi_crossbar_rd_inst.s_ifaces[7].addr_inst.thread_count_reg[1][4]$_SDFFE_PP0P_/D	_41803_|_44343_|_44346_|_44347_|_44353_|_60017_|_60018_|_60019_|_60020_|_60024_|_60078_|_60094_|_71158_|_71159_|_71160_|_71161_|_71162_|_71163_|_73312_|_73559_|axi_crossbar_inst.axi_crossbar_rd_inst.s_ifaces[7].addr_inst.thread_count_reg[1][4]$_SDFFE_PP0P_
-0.560769	s00_axi_awaddr[27]	axi_crossbar_inst.axi_crossbar_wr_inst.s_ifaces[0].addr_inst.thread_count_reg[1][4]$_SDFFE_PP0P_/D	_44118_|_44121_|_44122_|_44127_|_51889_|_51890_|_51895_|_51915_|_51969_|_51984_|_51985_|_51986_|_68790_|_69716_|_69717_|_69718_|_69719_|_69720_|_69721_|_73313_|_73518_|axi_crossbar_inst.axi_crossbar_wr_inst.s_ifaces[0].addr_inst.thread_count_reg[1][4]$_SDFFE_PP0P_
-0.560739	s07_axi_araddr[31]	axi_crossbar_inst.axi_crossbar_rd_inst.s_ifaces[7].addr_inst.thread_count_reg[1][4]$_SDFFE_PP0P_/D	_41803_|_44344_|_44346_|_44347_|_44348_|_59999_|_60002_|_60019_|_60020_|_60024_|_60078_|_60094_|_71158_|_71159_|_71160_|_71161_|_71162_|_71163_|_73312_|_73559_|axi_crossbar_inst.axi_crossbar_rd_inst.s_ifaces[7].addr_inst.thread_count_reg[1][4]$_SDFFE_PP0P_
-0.560736	s00_axi_awaddr[27]	axi_crossbar_inst.axi_crossbar_wr_inst.s_ifaces[0].addr_inst.thread_count_reg[1][4]$_SDFFE_PP0P_/D	_44118_|_44121_|_44122_|_44127_|_51889_|_51890_|_51895_|_51915_|_51969_|_51984_|_51985_|_51986_|_68790_|_69716_|_69717_|_69718_|_69719_|_69720_|_69721_|_73313_|_73518_|axi_crossbar_inst.axi_crossbar_wr_inst.s_ifaces[0].addr_inst.thread_count_reg[1][4]$_SDFFE_PP0P_
-0.560713	s00_axi_awaddr[31]	axi_crossbar_inst.axi_crossbar_wr_inst.s_ifaces[0].addr_inst.thread_count_reg[0][4]$_SDFFE_PP0P_/D	_44120_|_44121_|_44122_|_44127_|_51889_|_51890_|_51895_|_51915_|_51917_|_51918_|_51919_|_51930_|_68772_|_69649_|_69650_|_69651_|_69652_|_69653_|_69654_|_73408_|_73515_|axi_crossbar_inst.axi_crossbar_wr_inst.s_ifaces[0].addr_inst.thread_count_reg[0][4]$_SDFFE_PP0P_
-0.560697	s07_axi_awaddr[31]	axi_crossbar_inst.axi_crossbar_wr_inst.s_ifaces[7].addr_inst.thread_count_reg[0][4]$_SDFFE_PP0P_/D	_43776_|_43778_|_43779_|_43782_|_53655_|_53657_|_53663_|_53668_|_53671_|_53672_|_53673_|_53684_|_68779_|_69944_|_69945_|_69946_|_69947_|_69948_|_69949_|_73470_|_73524_|axi_crossbar_inst.axi_crossbar_wr_inst.s_ifaces[7].addr_inst.thread_count_reg[0][4]$_SDFFE_PP0P_
-0.560697	s07_axi_awaddr[31]	axi_crossbar_inst.axi_crossbar_wr_inst.s_ifaces[7].addr_inst.thread_count_reg[1][4]$_SDFFE_PP0P_/D	_41120_|_43776_|_43778_|_43779_|_43782_|_53655_|_53657_|_53663_|_53668_|_57107_|_57125_|_57126_|_57127_|_70555_|_70556_|_70557_|_70558_|_70559_|_70560_|_73427_|_73540_|axi_crossbar_inst.axi_crossbar_wr_inst.s_ifaces[7].addr_inst.thread_count_reg[1][4]$_SDFFE_PP0P_
-0.560684	s05_axi_araddr[30]	axi_crossbar_inst.axi_crossbar_rd_inst.s_ifaces[5].addr_inst.thread_count_reg[1][4]$_SDFFE_PP0P_/D	_41299_|_41303_|_41305_|_41308_|_41312_|_41313_|_41339_|_41359_|_41363_|_43839_|_57266_|_57282_|_70632_|_70633_|_70634_|_70635_|_70636_|_70637_|_73337_|_73544_|axi_crossbar_inst.axi_crossbar_rd_inst.s_ifaces[5].addr_inst.thread_count_reg[1][4]$_SDFFE_PP0P_
-0.560674	s07_axi_araddr[27]	axi_crossbar_inst.axi_crossbar_rd_inst.s_ifaces[7].addr_inst.thread_count_reg[1][4]$_SDFFE_PP0P_/D	_41803_|_44343_|_44346_|_44347_|_44353_|_60000_|_60002_|_60019_|_60020_|_60024_|_60078_|_60094_|_71158_|_71159_|_71160_|_71161_|_71162_|_71163_|_73312_|_73559_|axi_crossbar_inst.axi_crossbar_rd_inst.s_ifaces[7].addr_inst.thread_count_reg[1][4]$_SDFFE_PP0P_
-0.560657	s07_axi_araddr[31]	axi_crossbar_inst.axi_crossbar_rd_inst.s_ifaces[7].addr_inst.thread_count_reg[0][4]$_SDFFE_PP0P_/D	_44344_|_44346_|_44347_|_44353_|_44384_|_60017_|_60018_|_60019_|_60020_|_60024_|_60025_|_60040_|_71115_|_71116_|_71117_|_71118_|_71119_|_71120_|_73317_|_73556_|axi_crossbar_inst.axi_crossbar_rd_inst.s_ifaces[7].addr_inst.thread_count_reg[0][4]$_SDFFE_PP0P_
-0.560581	s00_axi_awaddr[31]	axi_crossbar_inst.axi_crossbar_wr_inst.s_ifaces[0].addr_inst.thread_count_reg[1][4]$_SDFFE_PP0P_/D	_44120_|_44121_|_44122_|_44123_|_51888_|_51890_|_51895_|_51915_|_51969_|_51984_|_51985_|_51986_|_68790_|_69716_|_69717_|_69718_|_69719_|_69720_|_69721_|_73313_|_73518_|axi_crossbar_inst.axi_crossbar_wr_inst.s_ifaces[0].addr_inst.thread_count_reg[1][4]$_SDFFE_PP0P_
-0.560574	s05_axi_araddr[29]	axi_crossbar_inst.axi_crossbar_rd_inst.s_ifaces[5].addr_inst.thread_count_reg[1][4]$_SDFFE_PP0P_/D	_41300_|_41303_|_41305_|_41308_|_41309_|_41310_|_41339_|_41359_|_41363_|_43839_|_57266_|_57282_|_70632_|_70633_|_70634_|_70635_|_70636_|_70637_|_73337_|_73544_|axi_crossbar_inst.axi_crossbar_rd_inst.s_ifaces[5].addr_inst.thread_count_reg[1][4]$_SDFFE_PP0P_
-0.560540	s05_axi_araddr[30]	axi_crossbar_inst.axi_crossbar_rd_inst.s_ifaces[5].addr_inst.thread_count_reg[1][4]$_SDFFE_PP0P_/D	_41299_|_41303_|_41305_|_41308_|_41337_|_41338_|_41339_|_41359_|_41363_|_43839_|_57266_|_57282_|_70632_|_70633_|_70634_|_70635_|_70636_|_70637_|_73337_|_73544_|axi_crossbar_inst.axi_crossbar_rd_inst.s_ifaces[5].addr_inst.thread_count_reg[1][4]$_SDFFE_PP0P_
-0.560506	s07_axi_araddr[31]	axi_crossbar_inst.axi_crossbar_rd_inst.s_ifaces[7].addr_inst.thread_count_reg[1][4]$_SDFFE_PP0P_/D	_41803_|_44344_|_44346_|_44347_|_44353_|_60000_|_60002_|_60019_|_60020_|_60024_|_60078_|_60094_|_71158_|_71159_|_71160_|_71161_|_71162_|_71163_|_73312_|_73559_|axi_crossbar_inst.axi_crossbar_rd_inst.s_ifaces[7].addr_inst.thread_count_reg[1][4]$_SDFFE_PP0P_
-0.560505	s00_axi_awaddr[30]	axi_crossbar_inst.axi_crossbar_wr_inst.s_ifaces[0].addr_inst.thread_count_reg[1][4]$_SDFFE_PP0P_/D	_44119_|_44121_|_44122_|_44127_|_51889_|_51890_|_51895_|_51915_|_51969_|_51984_|_51985_|_51986_|_68790_|_69716_|_69717_|_69718_|_69719_|_69720_|_69721_|_73313_|_73518_|axi_crossbar_inst.axi_crossbar_wr_inst.s_ifaces[0].addr_inst.thread_count_reg[1][4]$_SDFFE_PP0P_
-0.560490	s05_axi_araddr[27]	axi_crossbar_inst.axi_crossbar_rd_inst.s_ifaces[5].addr_inst.thread_count_reg[1][4]$_SDFFE_PP0P_/D	_41302_|_41303_|_41305_|_41308_|_41309_|_41310_|_41339_|_41359_|_41363_|_43839_|_57266_|_57282_|_70632_|_70633_|_70634_|_70635_|_70636_|_70637_|_73337_|_73544_|axi_crossbar_inst.axi_crossbar_rd_inst.s_ifaces[5].addr_inst.thread_count_reg[1][4]$_SDFFE_PP0P_
-0.560485	s07_axi_araddr[30]	axi_crossbar_inst.axi_crossbar_rd_inst.s_ifaces[7].addr_inst.thread_count_reg[0][4]$_SDFFE_PP0P_/D	_44345_|_44346_|_44347_|_44348_|_44384_|_60016_|_60018_|_60019_|_60020_|_60024_|_60025_|_60040_|_71115_|_71116_|_71117_|_71118_|_71119_|_71120_|_73317_|_73556_|axi_crossbar_inst.axi_crossbar_rd_inst.s_ifaces[7].addr_inst.thread_count_reg[0][4]$_SDFFE_PP0P_
-0.560459	s05_axi_araddr[28]	axi_crossbar_inst.axi_crossbar_rd_inst.s_ifaces[5].addr_inst.thread_count_reg[0][4]$_SDFFE_PP0P_/D	_41301_|_41303_|_41305_|_41308_|_41309_|_41310_|_41339_|_41359_|_41363_|_41630_|_57165_|_68773_|_70578_|_70579_|_70580_|_70581_|_70582_|_70583_|_73463_|_73541_|axi_crossbar_inst.axi_crossbar_rd_inst.s_ifaces[5].addr_inst.thread_count_reg[0][4]$_SDFFE_PP0P_
-0.560361	s07_axi_awaddr[31]	axi_crossbar_inst.axi_crossbar_wr_inst.s_ifaces[7].addr_inst.thread_count_reg[0][4]$_SDFFE_PP0P_/D	_43776_|_43778_|_43779_|_43782_|_53655_|_53657_|_53663_|_53668_|_53671_|_53672_|_53673_|_53684_|_68779_|_69944_|_69945_|_69946_|_69947_|_69948_|_69949_|_73470_|_73524_|axi_crossbar_inst.axi_crossbar_wr_inst.s_ifaces[7].addr_inst.thread_count_reg[0][4]$_SDFFE_PP0P_
-0.560361	s07_axi_awaddr[31]	axi_crossbar_inst.axi_crossbar_wr_inst.s_ifaces[7].addr_inst.thread_count_reg[1][4]$_SDFFE_PP0P_/D	_41120_|_43776_|_43778_|_43779_|_43782_|_53655_|_53657_|_53663_|_53668_|_57107_|_57125_|_57126_|_57127_|_70555_|_70556_|_70557_|_70558_|_70559_|_70560_|_73427_|_73540_|axi_crossbar_inst.axi_crossbar_wr_inst.s_ifaces[7].addr_inst.thread_count_reg[1][4]$_SDFFE_PP0P_
-0.560358	s05_axi_araddr[29]	axi_crossbar_inst.axi_crossbar_rd_inst.s_ifaces[5].addr_inst.thread_count_reg[0][3]$_SDFFE_PP0P_/D	_41300_|_41303_|_41305_|_41308_|_41337_|_41338_|_41339_|_41359_|_41363_|_41630_|_57164_|_57166_|_57167_|_57168_|_57169_|_68773_|_73464_|_73541_|axi_crossbar_inst.axi_crossbar_rd_inst.s_ifaces[5].addr_inst.thread_count_reg[0][3]$_SDFFE_PP0P_
-0.560358	s05_axi_araddr[29]	axi_crossbar_inst.axi_crossbar_rd_inst.s_ifaces[5].addr_inst.thread_count_reg[1][3]$_SDFFE_PP0P_/D	_41300_|_41303_|_41305_|_41308_|_41337_|_41338_|_41339_|_41359_|_41363_|_43839_|_57265_|_57267_|_57268_|_57269_|_57270_|_57282_|_73346_|_73544_|axi_crossbar_inst.axi_crossbar_rd_inst.s_ifaces[5].addr_inst.thread_count_reg[1][3]$_SDFFE_PP0P_
-0.560347	s07_axi_araddr[30]	axi_crossbar_inst.axi_crossbar_rd_inst.s_ifaces[7].addr_inst.thread_count_reg[0][4]$_SDFFE_PP0P_/D	_44345_|_44346_|_44347_|_44348_|_44384_|_60016_|_60018_|_60019_|_60020_|_60024_|_60025_|_60040_|_71115_|_71116_|_71117_|_71118_|_71119_|_71120_|_73317_|_73556_|axi_crossbar_inst.axi_crossbar_rd_inst.s_ifaces[7].addr_inst.thread_count_reg[0][4]$_SDFFE_PP0P_
-0.560290	s00_axi_awaddr[31]	axi_crossbar_inst.axi_crossbar_wr_inst.s_ifaces[0].addr_inst.thread_count_reg[1][4]$_SDFFE_PP0P_/D	_44120_|_44121_|_44122_|_44127_|_51889_|_51890_|_51895_|_51915_|_51969_|_51984_|_51985_|_51986_|_68790_|_69716_|_69717_|_69718_|_69719_|_69720_|_69721_|_73313_|_73518_|axi_crossbar_inst.axi_crossbar_wr_inst.s_ifaces[0].addr_inst.thread_count_reg[1][4]$_SDFFE_PP0P_
-0.560278	s05_axi_araddr[28]	axi_crossbar_inst.axi_crossbar_rd_inst.s_ifaces[5].addr_inst.thread_count_reg[1][4]$_SDFFE_PP0P_/D	_41301_|_41303_|_41305_|_41308_|_41337_|_41338_|_41339_|_41359_|_41363_|_57282_|_70632_|_70633_|_70634_|_70635_|_70636_|_70637_|_73278_|_73544_|axi_crossbar_inst.axi_crossbar_rd_inst.s_ifaces[5].addr_inst.thread_count_reg[1][4]$_SDFFE_PP0P_
-0.560274	s05_axi_araddr[27]	axi_crossbar_inst.axi_crossbar_rd_inst.s_ifaces[5].addr_inst.thread_count_reg[0][3]$_SDFFE_PP0P_/D	_41302_|_41303_|_41305_|_41308_|_41337_|_41338_|_41339_|_41359_|_41363_|_41630_|_57164_|_57166_|_57167_|_57168_|_57169_|_68773_|_73464_|_73541_|axi_crossbar_inst.axi_crossbar_rd_inst.s_ifaces[5].addr_inst.thread_count_reg[0][3]$_SDFFE_PP0P_
-0.560274	s05_axi_araddr[27]	axi_crossbar_inst.axi_crossbar_rd_inst.s_ifaces[5].addr_inst.thread_count_reg[1][3]$_SDFFE_PP0P_/D	_41302_|_41303_|_41305_|_41308_|_41337_|_41338_|_41339_|_41359_|_41363_|_43839_|_57265_|_57267_|_57268_|_57269_|_57270_|_57282_|_73346_|_73544_|axi_crossbar_inst.axi_crossbar_rd_inst.s_ifaces[5].addr_inst.thread_count_reg[1][3]$_SDFFE_PP0P_
-0.560227	s07_axi_araddr[30]	axi_crossbar_inst.axi_crossbar_rd_inst.s_ifaces[7].addr_inst.thread_count_reg[1][4]$_SDFFE_PP0P_/D	_41803_|_44345_|_44346_|_44347_|_44353_|_60017_|_60018_|_60019_|_60020_|_60024_|_60078_|_60094_|_71158_|_71159_|_71160_|_71161_|_71162_|_71163_|_73312_|_73559_|axi_crossbar_inst.axi_crossbar_rd_inst.s_ifaces[7].addr_inst.thread_count_reg[1][4]$_SDFFE_PP0P_
-0.560154	s00_axi_awaddr[27]	axi_crossbar_inst.axi_crossbar_wr_inst.s_ifaces[0].addr_inst.thread_count_reg[1][4]$_SDFFE_PP0P_/D	_44118_|_44121_|_44122_|_44127_|_51889_|_51890_|_51895_|_51915_|_51969_|_51984_|_51985_|_51986_|_68790_|_69716_|_69717_|_69718_|_69719_|_69720_|_69721_|_73313_|_73518_|axi_crossbar_inst.axi_crossbar_wr_inst.s_ifaces[0].addr_inst.thread_count_reg[1][4]$_SDFFE_PP0P_
-0.560123	s00_axi_awaddr[30]	axi_crossbar_inst.axi_crossbar_wr_inst.s_ifaces[0].addr_inst.thread_count_reg[1][4]$_SDFFE_PP0P_/D	_44119_|_44121_|_44122_|_44123_|_51888_|_51890_|_51895_|_51915_|_51969_|_51984_|_51985_|_51986_|_68790_|_69716_|_69717_|_69718_|_69719_|_69720_|_69721_|_73313_|_73518_|axi_crossbar_inst.axi_crossbar_wr_inst.s_ifaces[0].addr_inst.thread_count_reg[1][4]$_SDFFE_PP0P_
-0.560107	s00_axi_awaddr[30]	axi_crossbar_inst.axi_crossbar_wr_inst.s_ifaces[0].addr_inst.thread_count_reg[0][4]$_SDFFE_PP0P_/D	_44119_|_44121_|_44122_|_44123_|_51888_|_51890_|_51895_|_51915_|_51917_|_51918_|_51919_|_51930_|_68772_|_69649_|_69650_|_69651_|_69652_|_69653_|_69654_|_73408_|_73515_|axi_crossbar_inst.axi_crossbar_wr_inst.s_ifaces[0].addr_inst.thread_count_reg[0][4]$_SDFFE_PP0P_
-0.560066	s07_axi_araddr[30]	axi_crossbar_inst.axi_crossbar_rd_inst.s_ifaces[7].addr_inst.thread_count_reg[1][4]$_SDFFE_PP0P_/D	_41803_|_44345_|_44346_|_44347_|_44351_|_60001_|_60002_|_60019_|_60020_|_60024_|_60076_|_60094_|_71158_|_71159_|_71160_|_71161_|_71162_|_71163_|_73312_|_73559_|axi_crossbar_inst.axi_crossbar_rd_inst.s_ifaces[7].addr_inst.thread_count_reg[1][4]$_SDFFE_PP0P_
-0.560049	s05_axi_araddr[29]	axi_crossbar_inst.axi_crossbar_rd_inst.s_ifaces[5].addr_inst.thread_count_reg[0][4]$_SDFFE_PP0P_/D	_41300_|_41303_|_41305_|_41308_|_41312_|_41313_|_41339_|_41359_|_41363_|_41630_|_57165_|_68773_|_70578_|_70579_|_70580_|_70581_|_70582_|_70583_|_73463_|_73541_|axi_crossbar_inst.axi_crossbar_rd_inst.s_ifaces[5].addr_inst.thread_count_reg[0][4]$_SDFFE_PP0P_
-0.560018	s07_axi_araddr[30]	axi_crossbar_inst.axi_crossbar_rd_inst.s_ifaces[7].addr_inst.thread_count_reg[0][4]$_SDFFE_PP0P_/D	_44345_|_44346_|_44347_|_44353_|_44384_|_60000_|_60002_|_60019_|_60020_|_60024_|_60025_|_60040_|_71115_|_71116_|_71117_|_71118_|_71119_|_71120_|_73317_|_73556_|axi_crossbar_inst.axi_crossbar_rd_inst.s_ifaces[7].addr_inst.thread_count_reg[0][4]$_SDFFE_PP0P_
-0.559994	s07_axi_araddr[30]	axi_crossbar_inst.axi_crossbar_rd_inst.s_ifaces[7].addr_inst.thread_count_reg[1][4]$_SDFFE_PP0P_/D	_41803_|_44345_|_44346_|_44347_|_44353_|_60000_|_60002_|_60019_|_60020_|_60024_|_60078_|_60094_|_71158_|_71159_|_71160_|_71161_|_71162_|_71163_|_73312_|_73559_|axi_crossbar_inst.axi_crossbar_rd_inst.s_ifaces[7].addr_inst.thread_count_reg[1][4]$_SDFFE_PP0P_
-0.559970	s05_axi_araddr[28]	axi_crossbar_inst.axi_crossbar_rd_inst.s_ifaces[5].addr_inst.thread_count_reg[0][4]$_SDFFE_PP0P_/D	_41301_|_41303_|_41305_|_41308_|_41337_|_41338_|_41339_|_41359_|_41363_|_41630_|_57163_|_68773_|_70578_|_70579_|_70580_|_70581_|_70582_|_70583_|_73463_|_73541_|axi_crossbar_inst.axi_crossbar_rd_inst.s_ifaces[5].addr_inst.thread_count_reg[0][4]$_SDFFE_PP0P_
-0.559965	s05_axi_araddr[27]	axi_crossbar_inst.axi_crossbar_rd_inst.s_ifaces[5].addr_inst.thread_count_reg[0][4]$_SDFFE_PP0P_/D	_41302_|_41303_|_41305_|_41308_|_41312_|_41313_|_41339_|_41359_|_41363_|_41630_|_57165_|_68773_|_70578_|_70579_|_70580_|_70581_|_70582_|_70583_|_73463_|_73541_|axi_crossbar_inst.axi_crossbar_rd_inst.s_ifaces[5].addr_inst.thread_count_reg[0][4]$_SDFFE_PP0P_
-0.559964	s00_axi_awaddr[31]	axi_crossbar_inst.axi_crossbar_wr_inst.s_ifaces[0].addr_inst.thread_count_reg[1][4]$_SDFFE_PP0P_/D	_44120_|_44121_|_44122_|_44123_|_51888_|_51890_|_51895_|_51915_|_51969_|_51984_|_51985_|_51986_|_68790_|_69716_|_69717_|_69718_|_69719_|_69720_|_69721_|_73313_|_73518_|axi_crossbar_inst.axi_crossbar_wr_inst.s_ifaces[0].addr_inst.thread_count_reg[1][4]$_SDFFE_PP0P_
-0.559960	s05_axi_araddr[30]	axi_crossbar_inst.axi_crossbar_rd_inst.s_ifaces[5].addr_inst.thread_count_reg[1][4]$_SDFFE_PP0P_/D	_41299_|_41303_|_41305_|_41308_|_41337_|_41338_|_41339_|_41359_|_41363_|_43839_|_57266_|_57282_|_70632_|_70633_|_70634_|_70635_|_70636_|_70637_|_73337_|_73544_|axi_crossbar_inst.axi_crossbar_rd_inst.s_ifaces[5].addr_inst.thread_count_reg[1][4]$_SDFFE_PP0P_
-0.559941	s07_axi_araddr[30]	axi_crossbar_inst.axi_crossbar_rd_inst.s_ifaces[7].addr_inst.thread_count_reg[1][4]$_SDFFE_PP0P_/D	_41803_|_44345_|_44346_|_44347_|_44348_|_59999_|_60002_|_60019_|_60020_|_60024_|_60078_|_60094_|_71158_|_71159_|_71160_|_71161_|_71162_|_71163_|_73312_|_73559_|axi_crossbar_inst.axi_crossbar_rd_inst.s_ifaces[7].addr_inst.thread_count_reg[1][4]$_SDFFE_PP0P_
-0.559938	s07_axi_araddr[31]	axi_crossbar_inst.axi_crossbar_rd_inst.s_ifaces[7].addr_inst.thread_count_reg[0][4]$_SDFFE_PP0P_/D	_44344_|_44346_|_44347_|_44351_|_44384_|_60001_|_60002_|_60019_|_60020_|_60024_|_60025_|_60040_|_71115_|_71116_|_71117_|_71118_|_71119_|_71120_|_73317_|_73556_|axi_crossbar_inst.axi_crossbar_rd_inst.s_ifaces[7].addr_inst.thread_count_reg[0][4]$_SDFFE_PP0P_
-0.559913	s07_axi_araddr[31]	axi_crossbar_inst.axi_crossbar_rd_inst.s_ifaces[7].addr_inst.thread_count_reg[1][4]$_SDFFE_PP0P_/D	_41803_|_44344_|_44346_|_44347_|_44351_|_60001_|_60002_|_60019_|_60020_|_60024_|_60078_|_60094_|_71158_|_71159_|_71160_|_71161_|_71162_|_71163_|_73312_|_73559_|axi_crossbar_inst.axi_crossbar_rd_inst.s_ifaces[7].addr_inst.thread_count_reg[1][4]$_SDFFE_PP0P_
-0.559904	s07_axi_awaddr[27]	axi_crossbar_inst.axi_crossbar_wr_inst.s_ifaces[7].addr_inst.thread_count_reg[0][4]$_SDFFE_PP0P_/D	_43777_|_43778_|_43779_|_43780_|_53656_|_53657_|_53663_|_53668_|_53671_|_53672_|_53673_|_53684_|_68779_|_69944_|_69945_|_69946_|_69947_|_69948_|_69949_|_73470_|_73524_|axi_crossbar_inst.axi_crossbar_wr_inst.s_ifaces[7].addr_inst.thread_count_reg[0][4]$_SDFFE_PP0P_
-0.559904	s07_axi_awaddr[27]	axi_crossbar_inst.axi_crossbar_wr_inst.s_ifaces[7].addr_inst.thread_count_reg[1][4]$_SDFFE_PP0P_/D	_41120_|_43777_|_43778_|_43779_|_43780_|_53656_|_53657_|_53663_|_53668_|_57107_|_57125_|_57126_|_57127_|_70555_|_70556_|_70557_|_70558_|_70559_|_70560_|_73427_|_73540_|axi_crossbar_inst.axi_crossbar_wr_inst.s_ifaces[7].addr_inst.thread_count_reg[1][4]$_SDFFE_PP0P_
-0.559888	s00_axi_awaddr[30]	axi_crossbar_inst.axi_crossbar_wr_inst.s_ifaces[0].addr_inst.thread_count_reg[1][4]$_SDFFE_PP0P_/D	_44119_|_44121_|_44122_|_44127_|_51889_|_51890_|_51895_|_51915_|_51969_|_51984_|_51985_|_51986_|_68790_|_69716_|_69717_|_69718_|_69719_|_69720_|_69721_|_73313_|_73518_|axi_crossbar_inst.axi_crossbar_wr_inst.s_ifaces[0].addr_inst.thread_count_reg[1][4]$_SDFFE_PP0P_
-0.559801	s00_axi_awaddr[30]	axi_crossbar_inst.axi_crossbar_wr_inst.s_ifaces[0].addr_inst.thread_count_reg[1][4]$_SDFFE_PP0P_/D	_44119_|_44121_|_44122_|_44123_|_51888_|_51890_|_51895_|_51915_|_51969_|_51984_|_51985_|_51986_|_68790_|_69716_|_69717_|_69718_|_69719_|_69720_|_69721_|_73313_|_73518_|axi_crossbar_inst.axi_crossbar_wr_inst.s_ifaces[0].addr_inst.thread_count_reg[1][4]$_SDFFE_PP0P_
-0.559796	s07_axi_araddr[27]	axi_crossbar_inst.axi_crossbar_rd_inst.s_ifaces[7].addr_inst.thread_count_reg[1][4]$_SDFFE_PP0P_/D	_41803_|_44343_|_44346_|_44347_|_44351_|_60001_|_60002_|_60019_|_60020_|_60024_|_60078_|_60094_|_71158_|_71159_|_71160_|_71161_|_71162_|_71163_|_73312_|_73559_|axi_crossbar_inst.axi_crossbar_rd_inst.s_ifaces[7].addr_inst.thread_count_reg[1][4]$_SDFFE_PP0P_
-0.559789	s05_axi_araddr[28]	axi_crossbar_inst.axi_crossbar_rd_inst.s_ifaces[5].addr_inst.thread_count_reg[1][4]$_SDFFE_PP0P_/D	_41301_|_41303_|_41305_|_41308_|_41337_|_41338_|_41339_|_41359_|_41363_|_43839_|_57264_|_57282_|_70632_|_70633_|_70634_|_70635_|_70636_|_70637_|_73337_|_73544_|axi_crossbar_inst.axi_crossbar_rd_inst.s_ifaces[5].addr_inst.thread_count_reg[1][4]$_SDFFE_PP0P_
-0.559773	s00_axi_awaddr[27]	axi_crossbar_inst.axi_crossbar_wr_inst.s_ifaces[0].addr_inst.thread_count_reg[1][4]$_SDFFE_PP0P_/D	_44118_|_44121_|_44122_|_44123_|_51888_|_51890_|_51895_|_51915_|_51969_|_51984_|_51985_|_51986_|_68790_|_69716_|_69717_|_69718_|_69719_|_69720_|_69721_|_73313_|_73518_|axi_crossbar_inst.axi_crossbar_wr_inst.s_ifaces[0].addr_inst.thread_count_reg[1][4]$_SDFFE_PP0P_
-0.559757	s00_axi_awaddr[27]	axi_crossbar_inst.axi_crossbar_wr_inst.s_ifaces[0].addr_inst.thread_count_reg[0][4]$_SDFFE_PP0P_/D	_44118_|_44121_|_44122_|_44123_|_51888_|_51890_|_51895_|_51915_|_51917_|_51918_|_51919_|_51930_|_68772_|_69649_|_69650_|_69651_|_69652_|_69653_|_69654_|_73408_|_73515_|axi_crossbar_inst.axi_crossbar_wr_inst.s_ifaces[0].addr_inst.thread_count_reg[0][4]$_SDFFE_PP0P_
-0.559708	s00_axi_awaddr[31]	axi_crossbar_inst.axi_crossbar_wr_inst.s_ifaces[0].addr_inst.thread_count_reg[1][4]$_SDFFE_PP0P_/D	_44120_|_44121_|_44122_|_44127_|_51889_|_51890_|_51895_|_51915_|_51969_|_51984_|_51985_|_51986_|_68790_|_69716_|_69717_|_69718_|_69719_|_69720_|_69721_|_73313_|_73518_|axi_crossbar_inst.axi_crossbar_wr_inst.s_ifaces[0].addr_inst.thread_count_reg[1][4]$_SDFFE_PP0P_
-0.559693	s07_axi_araddr[31]	axi_crossbar_inst.axi_crossbar_rd_inst.s_ifaces[7].addr_inst.thread_count_reg[1][4]$_SDFFE_PP0P_/D	_41803_|_44344_|_44346_|_44347_|_44353_|_60000_|_60002_|_60019_|_60020_|_60024_|_60078_|_60094_|_71158_|_71159_|_71160_|_71161_|_71162_|_71163_|_73312_|_73559_|axi_crossbar_inst.axi_crossbar_rd_inst.s_ifaces[7].addr_inst.thread_count_reg[1][4]$_SDFFE_PP0P_
-0.559642	s00_axi_awaddr[31]	axi_crossbar_inst.axi_crossbar_wr_inst.s_ifaces[0].addr_inst.thread_count_reg[0][4]$_SDFFE_PP0P_/D	_44120_|_44121_|_44122_|_44127_|_51889_|_51890_|_51895_|_51915_|_51917_|_51918_|_51919_|_51930_|_68772_|_69649_|_69650_|_69651_|_69652_|_69653_|_69654_|_73408_|_73515_|axi_crossbar_inst.axi_crossbar_wr_inst.s_ifaces[0].addr_inst.thread_count_reg[0][4]$_SDFFE_PP0P_
-0.559568	s07_axi_awaddr[27]	axi_crossbar_inst.axi_crossbar_wr_inst.s_ifaces[7].addr_inst.thread_count_reg[0][4]$_SDFFE_PP0P_/D	_43777_|_43778_|_43779_|_43780_|_53656_|_53657_|_53663_|_53668_|_53671_|_53672_|_53673_|_53684_|_68779_|_69944_|_69945_|_69946_|_69947_|_69948_|_69949_|_73470_|_73524_|axi_crossbar_inst.axi_crossbar_wr_inst.s_ifaces[7].addr_inst.thread_count_reg[0][4]$_SDFFE_PP0P_
-0.559568	s07_axi_awaddr[27]	axi_crossbar_inst.axi_crossbar_wr_inst.s_ifaces[7].addr_inst.thread_count_reg[1][4]$_SDFFE_PP0P_/D	_41120_|_43777_|_43778_|_43779_|_43780_|_53656_|_53657_|_53663_|_53668_|_57107_|_57125_|_57126_|_57127_|_70555_|_70556_|_70557_|_70558_|_70559_|_70560_|_73427_|_73540_|axi_crossbar_inst.axi_crossbar_wr_inst.s_ifaces[7].addr_inst.thread_count_reg[1][4]$_SDFFE_PP0P_
-0.559537	s00_axi_awaddr[27]	axi_crossbar_inst.axi_crossbar_wr_inst.s_ifaces[0].addr_inst.thread_count_reg[1][4]$_SDFFE_PP0P_/D	_44118_|_44121_|_44122_|_44127_|_51889_|_51890_|_51895_|_51915_|_51969_|_51984_|_51985_|_51986_|_68790_|_69716_|_69717_|_69718_|_69719_|_69720_|_69721_|_73313_|_73518_|axi_crossbar_inst.axi_crossbar_wr_inst.s_ifaces[0].addr_inst.thread_count_reg[1][4]$_SDFFE_PP0P_
-0.559521	s07_axi_araddr[30]	axi_crossbar_inst.axi_crossbar_rd_inst.s_ifaces[7].addr_inst.thread_count_reg[1][4]$_SDFFE_PP0P_/D	_41803_|_44345_|_44346_|_44347_|_44348_|_59999_|_60002_|_60019_|_60020_|_60024_|_60078_|_60094_|_71158_|_71159_|_71160_|_71161_|_71162_|_71163_|_73312_|_73559_|axi_crossbar_inst.axi_crossbar_rd_inst.s_ifaces[7].addr_inst.thread_count_reg[1][4]$_SDFFE_PP0P_
-0.559495	s07_axi_awaddr[31]	axi_crossbar_inst.axi_crossbar_wr_inst.s_ifaces[7].addr_inst.thread_count_reg[0][4]$_SDFFE_PP0P_/D	_43776_|_43778_|_43779_|_43780_|_53656_|_53657_|_53663_|_53668_|_53671_|_53672_|_53673_|_53684_|_68779_|_69944_|_69945_|_69946_|_69947_|_69948_|_69949_|_73470_|_73524_|axi_crossbar_inst.axi_crossbar_wr_inst.s_ifaces[7].addr_inst.thread_count_reg[0][4]$_SDFFE_PP0P_
-0.559495	s07_axi_awaddr[31]	axi_crossbar_inst.axi_crossbar_wr_inst.s_ifaces[7].addr_inst.thread_count_reg[1][4]$_SDFFE_PP0P_/D	_41120_|_43776_|_43778_|_43779_|_43780_|_53656_|_53657_|_53663_|_53668_|_57107_|_57125_|_57126_|_57127_|_70555_|_70556_|_70557_|_70558_|_70559_|_70560_|_73427_|_73540_|axi_crossbar_inst.axi_crossbar_wr_inst.s_ifaces[7].addr_inst.thread_count_reg[1][4]$_SDFFE_PP0P_
-0.559451	s00_axi_awaddr[27]	axi_crossbar_inst.axi_crossbar_wr_inst.s_ifaces[0].addr_inst.thread_count_reg[1][4]$_SDFFE_PP0P_/D	_44118_|_44121_|_44122_|_44123_|_51888_|_51890_|_51895_|_51915_|_51969_|_51984_|_51985_|_51986_|_68790_|_69716_|_69717_|_69718_|_69719_|_69720_|_69721_|_73313_|_73518_|axi_crossbar_inst.axi_crossbar_wr_inst.s_ifaces[0].addr_inst.thread_count_reg[1][4]$_SDFFE_PP0P_
-0.559376	s07_axi_araddr[27]	axi_crossbar_inst.axi_crossbar_rd_inst.s_ifaces[7].addr_inst.thread_count_reg[1][4]$_SDFFE_PP0P_/D	_41803_|_44343_|_44346_|_44347_|_44351_|_60001_|_60002_|_60019_|_60020_|_60024_|_60078_|_60094_|_71158_|_71159_|_71160_|_71161_|_71162_|_71163_|_73312_|_73559_|axi_crossbar_inst.axi_crossbar_rd_inst.s_ifaces[7].addr_inst.thread_count_reg[1][4]$_SDFFE_PP0P_
-0.559361	s07_axi_araddr[30]	axi_crossbar_inst.axi_crossbar_rd_inst.s_ifaces[7].addr_inst.thread_count_reg[1][4]$_SDFFE_PP0P_/D	_41803_|_44345_|_44346_|_44347_|_44348_|_60016_|_60018_|_60019_|_60020_|_60024_|_60078_|_60094_|_71158_|_71159_|_71160_|_71161_|_71162_|_71163_|_73312_|_73559_|axi_crossbar_inst.axi_crossbar_rd_inst.s_ifaces[7].addr_inst.thread_count_reg[1][4]$_SDFFE_PP0P_
-0.559358	s05_axi_araddr[30]	axi_crossbar_inst.axi_crossbar_rd_inst.s_ifaces[5].addr_inst.thread_count_reg[0][4]$_SDFFE_PP0P_/D	_41299_|_41303_|_41305_|_41308_|_41312_|_41313_|_41339_|_41359_|_41363_|_41630_|_57165_|_68773_|_70578_|_70579_|_70580_|_70581_|_70582_|_70583_|_73463_|_73541_|axi_crossbar_inst.axi_crossbar_rd_inst.s_ifaces[5].addr_inst.thread_count_reg[0][4]$_SDFFE_PP0P_
-0.559327	s00_axi_awaddr[31]	axi_crossbar_inst.axi_crossbar_wr_inst.s_ifaces[0].addr_inst.thread_count_reg[1][4]$_SDFFE_PP0P_/D	_44120_|_44121_|_44122_|_44123_|_51888_|_51890_|_51895_|_51915_|_51969_|_51984_|_51985_|_51986_|_68790_|_69716_|_69717_|_69718_|_69719_|_69720_|_69721_|_73313_|_73518_|axi_crossbar_inst.axi_crossbar_wr_inst.s_ifaces[0].addr_inst.thread_count_reg[1][4]$_SDFFE_PP0P_
-0.559316	s05_axi_araddr[28]	axi_crossbar_inst.axi_crossbar_rd_inst.s_ifaces[5].addr_inst.thread_count_reg[1][4]$_SDFFE_PP0P_/D	_41301_|_41303_|_41305_|_41308_|_41337_|_41338_|_41339_|_41359_|_41363_|_43839_|_57266_|_57282_|_70632_|_70633_|_70634_|_70635_|_70636_|_70637_|_73337_|_73544_|axi_crossbar_inst.axi_crossbar_rd_inst.s_ifaces[5].addr_inst.thread_count_reg[1][4]$_SDFFE_PP0P_
-0.559294	s00_axi_awaddr[31]	axi_crossbar_inst.axi_crossbar_wr_inst.s_ifaces[0].addr_inst.thread_count_reg[1][4]$_SDFFE_PP0P_/D	_44120_|_44121_|_44122_|_44123_|_51888_|_51890_|_51895_|_51915_|_51969_|_51984_|_51985_|_51986_|_68790_|_69716_|_69717_|_69718_|_69719_|_69720_|_69721_|_73313_|_73518_|axi_crossbar_inst.axi_crossbar_wr_inst.s_ifaces[0].addr_inst.thread_count_reg[1][4]$_SDFFE_PP0P_
-0.559251	s00_axi_awaddr[30]	axi_crossbar_inst.axi_crossbar_wr_inst.s_ifaces[0].addr_inst.thread_count_reg[1][4]$_SDFFE_PP0P_/D	_44119_|_44121_|_44122_|_44127_|_51889_|_51890_|_51895_|_51915_|_51969_|_51984_|_51985_|_51986_|_68790_|_69716_|_69717_|_69718_|_69719_|_69720_|_69721_|_73313_|_73518_|axi_crossbar_inst.axi_crossbar_wr_inst.s_ifaces[0].addr_inst.thread_count_reg[1][4]$_SDFFE_PP0P_
-0.559248	s05_axi_araddr[29]	axi_crossbar_inst.axi_crossbar_rd_inst.s_ifaces[5].addr_inst.thread_count_reg[0][4]$_SDFFE_PP0P_/D	_41300_|_41303_|_41305_|_41308_|_41309_|_41310_|_41339_|_41359_|_41363_|_41630_|_57165_|_68773_|_70578_|_70579_|_70580_|_70581_|_70582_|_70583_|_73463_|_73541_|axi_crossbar_inst.axi_crossbar_rd_inst.s_ifaces[5].addr_inst.thread_count_reg[0][4]$_SDFFE_PP0P_
-0.559218	s00_axi_awaddr[30]	axi_crossbar_inst.axi_crossbar_wr_inst.s_ifaces[0].addr_inst.thread_count_reg[1][4]$_SDFFE_PP0P_/D	_44119_|_44121_|_44122_|_44127_|_51889_|_51890_|_51895_|_51915_|_51969_|_51984_|_51985_|_51986_|_68790_|_69716_|_69717_|_69718_|_69719_|_69720_|_69721_|_73313_|_73518_|axi_crossbar_inst.axi_crossbar_wr_inst.s_ifaces[0].addr_inst.thread_count_reg[1][4]$_SDFFE_PP0P_
-0.559210	s07_axi_awaddr[31]	axi_crossbar_inst.axi_crossbar_wr_inst.s_ifaces[7].addr_inst.thread_count_reg[0][4]$_SDFFE_PP0P_/D	_43776_|_43778_|_43779_|_43780_|_53656_|_53657_|_53663_|_53668_|_53671_|_53672_|_53673_|_53684_|_68779_|_69944_|_69945_|_69946_|_69947_|_69948_|_69949_|_73470_|_73524_|axi_crossbar_inst.axi_crossbar_wr_inst.s_ifaces[7].addr_inst.thread_count_reg[0][4]$_SDFFE_PP0P_
-0.559210	s07_axi_awaddr[31]	axi_crossbar_inst.axi_crossbar_wr_inst.s_ifaces[7].addr_inst.thread_count_reg[1][4]$_SDFFE_PP0P_/D	_41120_|_43776_|_43778_|_43779_|_43780_|_53656_|_53657_|_53663_|_53668_|_57107_|_57125_|_57126_|_57127_|_70555_|_70556_|_70557_|_70558_|_70559_|_70560_|_73427_|_73540_|axi_crossbar_inst.axi_crossbar_wr_inst.s_ifaces[7].addr_inst.thread_count_reg[1][4]$_SDFFE_PP0P_
-0.559165	s05_axi_araddr[27]	axi_crossbar_inst.axi_crossbar_rd_inst.s_ifaces[5].addr_inst.thread_count_reg[0][4]$_SDFFE_PP0P_/D	_41302_|_41303_|_41305_|_41308_|_41309_|_41310_|_41339_|_41359_|_41363_|_41630_|_57165_|_68773_|_70578_|_70579_|_70580_|_70581_|_70582_|_70583_|_73463_|_73541_|axi_crossbar_inst.axi_crossbar_rd_inst.s_ifaces[5].addr_inst.thread_count_reg[0][4]$_SDFFE_PP0P_
-0.559159	s07_axi_awaddr[31]	axi_crossbar_inst.axi_crossbar_wr_inst.s_ifaces[7].addr_inst.thread_count_reg[0][4]$_SDFFE_PP0P_/D	_43776_|_43778_|_43779_|_43780_|_53656_|_53657_|_53663_|_53668_|_53671_|_53672_|_53673_|_53684_|_68779_|_69944_|_69945_|_69946_|_69947_|_69948_|_69949_|_73470_|_73524_|axi_crossbar_inst.axi_crossbar_wr_inst.s_ifaces[7].addr_inst.thread_count_reg[0][4]$_SDFFE_PP0P_
