# slack_ns	startpoint	endpoint	cells
-7.552693	rst_i	u0.csr_r[0]$_DFFE_PP0P_/RN	_33446_|u0.csr_r[0]$_DFFE_PP0P_
-7.552693	rst_i	u0.int_maska_r[0]$_DFFE_PP0P_/RN	_33446_|u0.int_maska_r[0]$_DFFE_PP0P_
-7.552693	rst_i	u0.int_maska_r[10]$_DFFE_PP0P_/RN	_33446_|u0.int_maska_r[10]$_DFFE_PP0P_
-7.552693	rst_i	u0.int_maska_r[11]$_DFFE_PP0P_/RN	_33446_|u0.int_maska_r[11]$_DFFE_PP0P_
-7.552693	rst_i	u0.int_maska_r[12]$_DFFE_PP0P_/RN	_33446_|u0.int_maska_r[12]$_DFFE_PP0P_
-7.552693	rst_i	u0.int_maska_r[13]$_DFFE_PP0P_/RN	_33446_|u0.int_maska_r[13]$_DFFE_PP0P_
-7.552693	rst_i	u0.int_maska_r[14]$_DFFE_PP0P_/RN	_33446_|u0.int_maska_r[14]$_DFFE_PP0P_
-7.552693	rst_i	u0.int_maska_r[15]$_DFFE_PP0P_/RN	_33446_|u0.int_maska_r[15]$_DFFE_PP0P_
-7.552693	rst_i	u0.int_maska_r[16]$_DFFE_PP0P_/RN	_33446_|u0.int_maska_r[16]$_DFFE_PP0P_
-7.552693	rst_i	u0.int_maska_r[17]$_DFFE_PP0P_/RN	_33446_|u0.int_maska_r[17]$_DFFE_PP0P_
-7.552693	rst_i	u0.int_maska_r[18]$_DFFE_PP0P_/RN	_33446_|u0.int_maska_r[18]$_DFFE_PP0P_
-7.552693	rst_i	u0.int_maska_r[19]$_DFFE_PP0P_/RN	_33446_|u0.int_maska_r[19]$_DFFE_PP0P_
-7.552693	rst_i	u0.int_maska_r[1]$_DFFE_PP0P_/RN	_33446_|u0.int_maska_r[1]$_DFFE_PP0P_
-7.552693	rst_i	u0.int_maska_r[20]$_DFFE_PP0P_/RN	_33446_|u0.int_maska_r[20]$_DFFE_PP0P_
-7.552693	rst_i	u0.int_maska_r[21]$_DFFE_PP0P_/RN	_33446_|u0.int_maska_r[21]$_DFFE_PP0P_
-7.552693	rst_i	u0.int_maska_r[22]$_DFFE_PP0P_/RN	_33446_|u0.int_maska_r[22]$_DFFE_PP0P_
-7.552693	rst_i	u0.int_maska_r[23]$_DFFE_PP0P_/RN	_33446_|u0.int_maska_r[23]$_DFFE_PP0P_
-7.552693	rst_i	u0.int_maska_r[24]$_DFFE_PP0P_/RN	_33446_|u0.int_maska_r[24]$_DFFE_PP0P_
-7.552693	rst_i	u0.int_maska_r[25]$_DFFE_PP0P_/RN	_33446_|u0.int_maska_r[25]$_DFFE_PP0P_
-7.552693	rst_i	u0.int_maska_r[26]$_DFFE_PP0P_/RN	_33446_|u0.int_maska_r[26]$_DFFE_PP0P_
-7.552693	rst_i	u0.int_maska_r[27]$_DFFE_PP0P_/RN	_33446_|u0.int_maska_r[27]$_DFFE_PP0P_
-7.552693	rst_i	u0.int_maska_r[28]$_DFFE_PP0P_/RN	_33446_|u0.int_maska_r[28]$_DFFE_PP0P_
-7.552693	rst_i	u0.int_maska_r[29]$_DFFE_PP0P_/RN	_33446_|u0.int_maska_r[29]$_DFFE_PP0P_
-7.552693	rst_i	u0.int_maska_r[2]$_DFFE_PP0P_/RN	_33446_|u0.int_maska_r[2]$_DFFE_PP0P_
-7.552693	rst_i	u0.int_maska_r[30]$_DFFE_PP0P_/RN	_33446_|u0.int_maska_r[30]$_DFFE_PP0P_
-7.552693	rst_i	u0.int_maska_r[3]$_DFFE_PP0P_/RN	_33446_|u0.int_maska_r[3]$_DFFE_PP0P_
-7.552693	rst_i	u0.int_maska_r[4]$_DFFE_PP0P_/RN	_33446_|u0.int_maska_r[4]$_DFFE_PP0P_
-7.552693	rst_i	u0.int_maska_r[5]$_DFFE_PP0P_/RN	_33446_|u0.int_maska_r[5]$_DFFE_PP0P_
-7.552693	rst_i	u0.int_maska_r[6]$_DFFE_PP0P_/RN	_33446_|u0.int_maska_r[6]$_DFFE_PP0P_
-7.552693	rst_i	u0.int_maska_r[7]$_DFFE_PP0P_/RN	_33446_|u0.int_maska_r[7]$_DFFE_PP0P_
-7.552693	rst_i	u0.int_maska_r[8]$_DFFE_PP0P_/RN	_33446_|u0.int_maska_r[8]$_DFFE_PP0P_
-7.552693	rst_i	u0.int_maska_r[9]$_DFFE_PP0P_/RN	_33446_|u0.int_maska_r[9]$_DFFE_PP0P_
-7.552693	rst_i	u0.int_maskb_r[0]$_DFFE_PP0P_/RN	_33446_|u0.int_maskb_r[0]$_DFFE_PP0P_
-7.552693	rst_i	u0.int_maskb_r[10]$_DFFE_PP0P_/RN	_33446_|u0.int_maskb_r[10]$_DFFE_PP0P_
-7.552693	rst_i	u0.int_maskb_r[11]$_DFFE_PP0P_/RN	_33446_|u0.int_maskb_r[11]$_DFFE_PP0P_
-7.552693	rst_i	u0.int_maskb_r[12]$_DFFE_PP0P_/RN	_33446_|u0.int_maskb_r[12]$_DFFE_PP0P_
-7.552693	rst_i	u0.int_maskb_r[13]$_DFFE_PP0P_/RN	_33446_|u0.int_maskb_r[13]$_DFFE_PP0P_
-7.552693	rst_i	u0.int_maskb_r[14]$_DFFE_PP0P_/RN	_33446_|u0.int_maskb_r[14]$_DFFE_PP0P_
-7.552693	rst_i	u0.int_maskb_r[15]$_DFFE_PP0P_/RN	_33446_|u0.int_maskb_r[15]$_DFFE_PP0P_
-7.552693	rst_i	u0.int_maskb_r[16]$_DFFE_PP0P_/RN	_33446_|u0.int_maskb_r[16]$_DFFE_PP0P_
-7.552693	rst_i	u0.int_maskb_r[17]$_DFFE_PP0P_/RN	_33446_|u0.int_maskb_r[17]$_DFFE_PP0P_
-7.552693	rst_i	u0.int_maskb_r[18]$_DFFE_PP0P_/RN	_33446_|u0.int_maskb_r[18]$_DFFE_PP0P_
-7.552693	rst_i	u0.int_maskb_r[19]$_DFFE_PP0P_/RN	_33446_|u0.int_maskb_r[19]$_DFFE_PP0P_
-7.552693	rst_i	u0.int_maskb_r[1]$_DFFE_PP0P_/RN	_33446_|u0.int_maskb_r[1]$_DFFE_PP0P_
-7.552693	rst_i	u0.int_maskb_r[20]$_DFFE_PP0P_/RN	_33446_|u0.int_maskb_r[20]$_DFFE_PP0P_
-7.552693	rst_i	u0.int_maskb_r[21]$_DFFE_PP0P_/RN	_33446_|u0.int_maskb_r[21]$_DFFE_PP0P_
-7.552693	rst_i	u0.int_maskb_r[22]$_DFFE_PP0P_/RN	_33446_|u0.int_maskb_r[22]$_DFFE_PP0P_
-7.552693	rst_i	u0.int_maskb_r[23]$_DFFE_PP0P_/RN	_33446_|u0.int_maskb_r[23]$_DFFE_PP0P_
-7.552693	rst_i	u0.int_maskb_r[24]$_DFFE_PP0P_/RN	_33446_|u0.int_maskb_r[24]$_DFFE_PP0P_
-7.552693	rst_i	u0.int_maskb_r[25]$_DFFE_PP0P_/RN	_33446_|u0.int_maskb_r[25]$_DFFE_PP0P_
-7.552693	rst_i	u0.int_maskb_r[26]$_DFFE_PP0P_/RN	_33446_|u0.int_maskb_r[26]$_DFFE_PP0P_
-7.552693	rst_i	u0.int_maskb_r[27]$_DFFE_PP0P_/RN	_33446_|u0.int_maskb_r[27]$_DFFE_PP0P_
-7.552693	rst_i	u0.int_maskb_r[28]$_DFFE_PP0P_/RN	_33446_|u0.int_maskb_r[28]$_DFFE_PP0P_
-7.552693	rst_i	u0.int_maskb_r[29]$_DFFE_PP0P_/RN	_33446_|u0.int_maskb_r[29]$_DFFE_PP0P_
-7.552693	rst_i	u0.int_maskb_r[2]$_DFFE_PP0P_/RN	_33446_|u0.int_maskb_r[2]$_DFFE_PP0P_
-7.552693	rst_i	u0.int_maskb_r[30]$_DFFE_PP0P_/RN	_33446_|u0.int_maskb_r[30]$_DFFE_PP0P_
-7.552693	rst_i	u0.int_maskb_r[3]$_DFFE_PP0P_/RN	_33446_|u0.int_maskb_r[3]$_DFFE_PP0P_
-7.552693	rst_i	u0.int_maskb_r[4]$_DFFE_PP0P_/RN	_33446_|u0.int_maskb_r[4]$_DFFE_PP0P_
-7.552693	rst_i	u0.int_maskb_r[5]$_DFFE_PP0P_/RN	_33446_|u0.int_maskb_r[5]$_DFFE_PP0P_
-7.552693	rst_i	u0.int_maskb_r[6]$_DFFE_PP0P_/RN	_33446_|u0.int_maskb_r[6]$_DFFE_PP0P_
-7.552693	rst_i	u0.int_maskb_r[7]$_DFFE_PP0P_/RN	_33446_|u0.int_maskb_r[7]$_DFFE_PP0P_
-7.552693	rst_i	u0.int_maskb_r[8]$_DFFE_PP0P_/RN	_33446_|u0.int_maskb_r[8]$_DFFE_PP0P_
-7.552693	rst_i	u0.int_maskb_r[9]$_DFFE_PP0P_/RN	_33446_|u0.int_maskb_r[9]$_DFFE_PP0P_
-7.552693	rst_i	u0.u0.ch_csr_r2[0]$_DFFE_PP0P_/RN	_33446_|u0.u0.ch_csr_r2[0]$_DFFE_PP0P_
-7.552693	rst_i	u0.u0.ch_csr_r2[1]$_DFFE_PP0P_/RN	_33446_|u0.u0.ch_csr_r2[1]$_DFFE_PP0P_
-7.552693	rst_i	u0.u0.ch_csr_r2[2]$_DFFE_PP0P_/RN	_33446_|u0.u0.ch_csr_r2[2]$_DFFE_PP0P_
-7.552693	rst_i	u0.u0.ch_csr_r3[0]$_DFFE_PP0P_/RN	_33446_|u0.u0.ch_csr_r3[0]$_DFFE_PP0P_
-7.552693	rst_i	u0.u0.ch_csr_r3[1]$_DFFE_PP0P_/RN	_33446_|u0.u0.ch_csr_r3[1]$_DFFE_PP0P_
-7.552693	rst_i	u0.u0.ch_csr_r3[2]$_DFFE_PP0P_/RN	_33446_|u0.u0.ch_csr_r3[2]$_DFFE_PP0P_
-7.552693	rst_i	u0.u0.ch_csr_r[0]$_DFFE_PP0P_/RN	_33446_|u0.u0.ch_csr_r[0]$_DFFE_PP0P_
-7.552693	rst_i	u0.u0.ch_csr_r[1]$_DFFE_PP0P_/RN	_33446_|u0.u0.ch_csr_r[1]$_DFFE_PP0P_
-7.552693	rst_i	u0.u0.ch_csr_r[2]$_DFFE_PP0P_/RN	_33446_|u0.u0.ch_csr_r[2]$_DFFE_PP0P_
-7.552693	rst_i	u0.u0.ch_csr_r[3]$_DFFE_PP0P_/RN	_33446_|u0.u0.ch_csr_r[3]$_DFFE_PP0P_
-7.552693	rst_i	u0.u0.ch_csr_r[4]$_DFFE_PP0P_/RN	_33446_|u0.u0.ch_csr_r[4]$_DFFE_PP0P_
-7.552693	rst_i	u0.u0.ch_csr_r[5]$_DFFE_PP0P_/RN	_33446_|u0.u0.ch_csr_r[5]$_DFFE_PP0P_
-7.552693	rst_i	u0.u0.ch_csr_r[6]$_DFFE_PP0P_/RN	_33446_|u0.u0.ch_csr_r[6]$_DFFE_PP0P_
-7.552693	rst_i	u0.u0.ch_csr_r[7]$_DFFE_PP0P_/RN	_33446_|u0.u0.ch_csr_r[7]$_DFFE_PP0P_
-7.552693	rst_i	u0.u0.ch_csr_r[8]$_DFFE_PP0P_/RN	_33446_|u0.u0.ch_csr_r[8]$_DFFE_PP0P_
-7.552693	rst_i	u0.u0.ch_done$_DFFE_PP0P_/RN	_33446_|u0.u0.ch_done$_DFFE_PP0P_
-7.552693	rst_i	u0.u0.ch_eol$_DFFE_PP0P_/RN	_33446_|u0.u0.ch_eol$_DFFE_PP0P_
-7.552693	rst_i	u0.u0.int_src_r[0]$_DFFE_PP0P_/RN	_33446_|u0.u0.int_src_r[0]$_DFFE_PP0P_
-7.552693	rst_i	u0.u0.int_src_r[1]$_DFFE_PP0P_/RN	_33446_|u0.u0.int_src_r[1]$_DFFE_PP0P_
-7.552693	rst_i	u0.u0.int_src_r[2]$_DFFE_PP0P_/RN	_33446_|u0.u0.int_src_r[2]$_DFFE_PP0P_
-7.552693	rst_i	u0.u0.ptr_valid$_DFFE_PP0P_/RN	_33446_|u0.u0.ptr_valid$_DFFE_PP0P_
-7.552693	rst_i	u0.u0.rest_en$_DFFE_PP0P_/RN	_33446_|u0.u0.rest_en$_DFFE_PP0P_
-7.552693	rst_i	u0.u0.sw_pointer_r[0]$_DFFE_PP0P_/RN	_33446_|u0.u0.sw_pointer_r[0]$_DFFE_PP0P_
-7.552693	rst_i	u0.u0.sw_pointer_r[10]$_DFFE_PP0P_/RN	_33446_|u0.u0.sw_pointer_r[10]$_DFFE_PP0P_
-7.552693	rst_i	u0.u0.sw_pointer_r[11]$_DFFE_PP0P_/RN	_33446_|u0.u0.sw_pointer_r[11]$_DFFE_PP0P_
-7.552693	rst_i	u0.u0.sw_pointer_r[12]$_DFFE_PP0P_/RN	_33446_|u0.u0.sw_pointer_r[12]$_DFFE_PP0P_
-7.552693	rst_i	u0.u0.sw_pointer_r[13]$_DFFE_PP0P_/RN	_33446_|u0.u0.sw_pointer_r[13]$_DFFE_PP0P_
-7.552693	rst_i	u0.u0.sw_pointer_r[14]$_DFFE_PP0P_/RN	_33446_|u0.u0.sw_pointer_r[14]$_DFFE_PP0P_
-7.552693	rst_i	u0.u0.sw_pointer_r[15]$_DFFE_PP0P_/RN	_33446_|u0.u0.sw_pointer_r[15]$_DFFE_PP0P_
-7.552693	rst_i	u0.u0.sw_pointer_r[16]$_DFFE_PP0P_/RN	_33446_|u0.u0.sw_pointer_r[16]$_DFFE_PP0P_
-7.552693	rst_i	u0.u0.sw_pointer_r[17]$_DFFE_PP0P_/RN	_33446_|u0.u0.sw_pointer_r[17]$_DFFE_PP0P_
-7.552693	rst_i	u0.u0.sw_pointer_r[18]$_DFFE_PP0P_/RN	_33446_|u0.u0.sw_pointer_r[18]$_DFFE_PP0P_
-7.552693	rst_i	u0.u0.sw_pointer_r[19]$_DFFE_PP0P_/RN	_33446_|u0.u0.sw_pointer_r[19]$_DFFE_PP0P_
-7.552693	rst_i	u0.u0.sw_pointer_r[1]$_DFFE_PP0P_/RN	_33446_|u0.u0.sw_pointer_r[1]$_DFFE_PP0P_
-7.552693	rst_i	u0.u0.sw_pointer_r[20]$_DFFE_PP0P_/RN	_33446_|u0.u0.sw_pointer_r[20]$_DFFE_PP0P_
-7.552693	rst_i	u0.u0.sw_pointer_r[21]$_DFFE_PP0P_/RN	_33446_|u0.u0.sw_pointer_r[21]$_DFFE_PP0P_
-7.552693	rst_i	u0.u0.sw_pointer_r[22]$_DFFE_PP0P_/RN	_33446_|u0.u0.sw_pointer_r[22]$_DFFE_PP0P_
-7.552693	rst_i	u0.u0.sw_pointer_r[23]$_DFFE_PP0P_/RN	_33446_|u0.u0.sw_pointer_r[23]$_DFFE_PP0P_
-7.552693	rst_i	u0.u0.sw_pointer_r[24]$_DFFE_PP0P_/RN	_33446_|u0.u0.sw_pointer_r[24]$_DFFE_PP0P_
-7.552693	rst_i	u0.u0.sw_pointer_r[25]$_DFFE_PP0P_/RN	_33446_|u0.u0.sw_pointer_r[25]$_DFFE_PP0P_
-7.552693	rst_i	u0.u0.sw_pointer_r[26]$_DFFE_PP0P_/RN	_33446_|u0.u0.sw_pointer_r[26]$_DFFE_PP0P_
-7.552693	rst_i	u0.u0.sw_pointer_r[27]$_DFFE_PP0P_/RN	_33446_|u0.u0.sw_pointer_r[27]$_DFFE_PP0P_
-7.552693	rst_i	u0.u0.sw_pointer_r[2]$_DFFE_PP0P_/RN	_33446_|u0.u0.sw_pointer_r[2]$_DFFE_PP0P_
-7.552693	rst_i	u0.u0.sw_pointer_r[3]$_DFFE_PP0P_/RN	_33446_|u0.u0.sw_pointer_r[3]$_DFFE_PP0P_
-7.552693	rst_i	u0.u0.sw_pointer_r[4]$_DFFE_PP0P_/RN	_33446_|u0.u0.sw_pointer_r[4]$_DFFE_PP0P_
-7.552693	rst_i	u0.u0.sw_pointer_r[5]$_DFFE_PP0P_/RN	_33446_|u0.u0.sw_pointer_r[5]$_DFFE_PP0P_
-7.552693	rst_i	u0.u0.sw_pointer_r[6]$_DFFE_PP0P_/RN	_33446_|u0.u0.sw_pointer_r[6]$_DFFE_PP0P_
-7.552693	rst_i	u0.u0.sw_pointer_r[7]$_DFFE_PP0P_/RN	_33446_|u0.u0.sw_pointer_r[7]$_DFFE_PP0P_
-7.552693	rst_i	u0.u0.sw_pointer_r[8]$_DFFE_PP0P_/RN	_33446_|u0.u0.sw_pointer_r[8]$_DFFE_PP0P_
-7.552693	rst_i	u0.u0.sw_pointer_r[9]$_DFFE_PP0P_/RN	_33446_|u0.u0.sw_pointer_r[9]$_DFFE_PP0P_
-7.552693	rst_i	u0.u1.ch_csr_r2[0]$_DFFE_PP0P_/RN	_33446_|u0.u1.ch_csr_r2[0]$_DFFE_PP0P_
-7.552693	rst_i	u0.u1.ch_csr_r2[1]$_DFFE_PP0P_/RN	_33446_|u0.u1.ch_csr_r2[1]$_DFFE_PP0P_
-7.552693	rst_i	u0.u1.ch_csr_r2[2]$_DFFE_PP0P_/RN	_33446_|u0.u1.ch_csr_r2[2]$_DFFE_PP0P_
-7.552693	rst_i	u0.u1.ch_csr_r3[0]$_DFFE_PP0P_/RN	_33446_|u0.u1.ch_csr_r3[0]$_DFFE_PP0P_
-7.552693	rst_i	u0.u1.ch_csr_r3[1]$_DFFE_PP0P_/RN	_33446_|u0.u1.ch_csr_r3[1]$_DFFE_PP0P_
-7.552693	rst_i	u0.u1.ch_csr_r3[2]$_DFFE_PP0P_/RN	_33446_|u0.u1.ch_csr_r3[2]$_DFFE_PP0P_
-7.552693	rst_i	u0.u1.ch_csr_r[0]$_DFFE_PP0P_/RN	_33446_|u0.u1.ch_csr_r[0]$_DFFE_PP0P_
-7.552693	rst_i	u0.u1.ch_csr_r[1]$_DFFE_PP0P_/RN	_33446_|u0.u1.ch_csr_r[1]$_DFFE_PP0P_
-7.552693	rst_i	u0.u1.ch_csr_r[2]$_DFFE_PP0P_/RN	_33446_|u0.u1.ch_csr_r[2]$_DFFE_PP0P_
-7.552693	rst_i	u0.u1.ch_csr_r[3]$_DFFE_PP0P_/RN	_33446_|u0.u1.ch_csr_r[3]$_DFFE_PP0P_
-7.552693	rst_i	u0.u1.ch_csr_r[4]$_DFFE_PP0P_/RN	_33446_|u0.u1.ch_csr_r[4]$_DFFE_PP0P_
-7.552693	rst_i	u0.u1.ch_csr_r[5]$_DFFE_PP0P_/RN	_33446_|u0.u1.ch_csr_r[5]$_DFFE_PP0P_
-7.552693	rst_i	u0.u1.ch_csr_r[6]$_DFFE_PP0P_/RN	_33446_|u0.u1.ch_csr_r[6]$_DFFE_PP0P_
-7.552693	rst_i	u0.u1.ch_csr_r[7]$_DFFE_PP0P_/RN	_33446_|u0.u1.ch_csr_r[7]$_DFFE_PP0P_
-7.552693	rst_i	u0.u1.ch_csr_r[8]$_DFFE_PP0P_/RN	_33446_|u0.u1.ch_csr_r[8]$_DFFE_PP0P_
-7.552693	rst_i	u0.u1.ch_done$_DFFE_PP0P_/RN	_33446_|u0.u1.ch_done$_DFFE_PP0P_
-7.552693	rst_i	u0.u1.ch_eol$_DFFE_PP0P_/RN	_33446_|u0.u1.ch_eol$_DFFE_PP0P_
-7.552693	rst_i	u0.u1.ch_err$_DFFE_PP0P_/RN	_33446_|u0.u1.ch_err$_DFFE_PP0P_
-7.552693	rst_i	u0.u1.int_src_r[1]$_DFFE_PP0P_/RN	_33446_|u0.u1.int_src_r[1]$_DFFE_PP0P_
-7.552693	rst_i	u0.u1.int_src_r[2]$_DFFE_PP0P_/RN	_33446_|u0.u1.int_src_r[2]$_DFFE_PP0P_
-7.552693	rst_i	u0.u1.ptr_valid$_DFFE_PP0P_/RN	_33446_|u0.u1.ptr_valid$_DFFE_PP0P_
-7.552693	rst_i	u0.u1.rest_en$_DFFE_PP0P_/RN	_33446_|u0.u1.rest_en$_DFFE_PP0P_
-7.552693	rst_i	u0.u1.sw_pointer_r[0]$_DFFE_PP0P_/RN	_33446_|u0.u1.sw_pointer_r[0]$_DFFE_PP0P_
-7.552693	rst_i	u0.u1.sw_pointer_r[10]$_DFFE_PP0P_/RN	_33446_|u0.u1.sw_pointer_r[10]$_DFFE_PP0P_
-7.552693	rst_i	u0.u1.sw_pointer_r[11]$_DFFE_PP0P_/RN	_33446_|u0.u1.sw_pointer_r[11]$_DFFE_PP0P_
-7.552693	rst_i	u0.u1.sw_pointer_r[12]$_DFFE_PP0P_/RN	_33446_|u0.u1.sw_pointer_r[12]$_DFFE_PP0P_
-7.552693	rst_i	u0.u1.sw_pointer_r[13]$_DFFE_PP0P_/RN	_33446_|u0.u1.sw_pointer_r[13]$_DFFE_PP0P_
-7.552693	rst_i	u0.u1.sw_pointer_r[14]$_DFFE_PP0P_/RN	_33446_|u0.u1.sw_pointer_r[14]$_DFFE_PP0P_
-7.552693	rst_i	u0.u1.sw_pointer_r[15]$_DFFE_PP0P_/RN	_33446_|u0.u1.sw_pointer_r[15]$_DFFE_PP0P_
-7.552693	rst_i	u0.u1.sw_pointer_r[16]$_DFFE_PP0P_/RN	_33446_|u0.u1.sw_pointer_r[16]$_DFFE_PP0P_
-7.552693	rst_i	u0.u1.sw_pointer_r[17]$_DFFE_PP0P_/RN	_33446_|u0.u1.sw_pointer_r[17]$_DFFE_PP0P_
-7.552693	rst_i	u0.u1.sw_pointer_r[18]$_DFFE_PP0P_/RN	_33446_|u0.u1.sw_pointer_r[18]$_DFFE_PP0P_
-7.552693	rst_i	u0.u1.sw_pointer_r[19]$_DFFE_PP0P_/RN	_33446_|u0.u1.sw_pointer_r[19]$_DFFE_PP0P_
-7.552693	rst_i	u0.u1.sw_pointer_r[1]$_DFFE_PP0P_/RN	_33446_|u0.u1.sw_pointer_r[1]$_DFFE_PP0P_
-7.552693	rst_i	u0.u1.sw_pointer_r[20]$_DFFE_PP0P_/RN	_33446_|u0.u1.sw_pointer_r[20]$_DFFE_PP0P_
-7.552693	rst_i	u0.u1.sw_pointer_r[21]$_DFFE_PP0P_/RN	_33446_|u0.u1.sw_pointer_r[21]$_DFFE_PP0P_
-7.552693	rst_i	u0.u1.sw_pointer_r[22]$_DFFE_PP0P_/RN	_33446_|u0.u1.sw_pointer_r[22]$_DFFE_PP0P_
-7.552693	rst_i	u0.u1.sw_pointer_r[23]$_DFFE_PP0P_/RN	_33446_|u0.u1.sw_pointer_r[23]$_DFFE_PP0P_
-7.552693	rst_i	u0.u1.sw_pointer_r[24]$_DFFE_PP0P_/RN	_33446_|u0.u1.sw_pointer_r[24]$_DFFE_PP0P_
-7.552693	rst_i	u0.u1.sw_pointer_r[25]$_DFFE_PP0P_/RN	_33446_|u0.u1.sw_pointer_r[25]$_DFFE_PP0P_
-7.552693	rst_i	u0.u1.sw_pointer_r[26]$_DFFE_PP0P_/RN	_33446_|u0.u1.sw_pointer_r[26]$_DFFE_PP0P_
-7.552693	rst_i	u0.u1.sw_pointer_r[27]$_DFFE_PP0P_/RN	_33446_|u0.u1.sw_pointer_r[27]$_DFFE_PP0P_
-7.552693	rst_i	u0.u1.sw_pointer_r[2]$_DFFE_PP0P_/RN	_33446_|u0.u1.sw_pointer_r[2]$_DFFE_PP0P_
-7.552693	rst_i	u0.u1.sw_pointer_r[3]$_DFFE_PP0P_/RN	_33446_|u0.u1.sw_pointer_r[3]$_DFFE_PP0P_
-7.552693	rst_i	u0.u1.sw_pointer_r[4]$_DFFE_PP0P_/RN	_33446_|u0.u1.sw_pointer_r[4]$_DFFE_PP0P_
-7.552693	rst_i	u0.u1.sw_pointer_r[5]$_DFFE_PP0P_/RN	_33446_|u0.u1.sw_pointer_r[5]$_DFFE_PP0P_
-7.552693	rst_i	u0.u1.sw_pointer_r[6]$_DFFE_PP0P_/RN	_33446_|u0.u1.sw_pointer_r[6]$_DFFE_PP0P_
-7.552693	rst_i	u0.u1.sw_pointer_r[7]$_DFFE_PP0P_/RN	_33446_|u0.u1.sw_pointer_r[7]$_DFFE_PP0P_
-7.552693	rst_i	u0.u1.sw_pointer_r[8]$_DFFE_PP0P_/RN	_33446_|u0.u1.sw_pointer_r[8]$_DFFE_PP0P_
-7.552693	rst_i	u0.u1.sw_pointer_r[9]$_DFFE_PP0P_/RN	_33446_|u0.u1.sw_pointer_r[9]$_DFFE_PP0P_
-7.552693	rst_i	u0.u10.ch_csr_r2[0]$_DFFE_PP0P_/RN	_33446_|u0.u10.ch_csr_r2[0]$_DFFE_PP0P_
-7.552693	rst_i	u0.u10.ch_csr_r2[1]$_DFFE_PP0P_/RN	_33446_|u0.u10.ch_csr_r2[1]$_DFFE_PP0P_
-7.552693	rst_i	u0.u10.ch_csr_r2[2]$_DFFE_PP0P_/RN	_33446_|u0.u10.ch_csr_r2[2]$_DFFE_PP0P_
-7.552693	rst_i	u0.u10.ch_csr_r3[0]$_DFFE_PP0P_/RN	_33446_|u0.u10.ch_csr_r3[0]$_DFFE_PP0P_
-7.552693	rst_i	u0.u10.ch_csr_r3[1]$_DFFE_PP0P_/RN	_33446_|u0.u10.ch_csr_r3[1]$_DFFE_PP0P_
-7.552693	rst_i	u0.u10.ch_csr_r3[2]$_DFFE_PP0P_/RN	_33446_|u0.u10.ch_csr_r3[2]$_DFFE_PP0P_
-7.552693	rst_i	u0.u10.ch_csr_r[0]$_DFFE_PP0P_/RN	_33446_|u0.u10.ch_csr_r[0]$_DFFE_PP0P_
-7.552693	rst_i	u0.u10.ch_csr_r[1]$_DFFE_PP0P_/RN	_33446_|u0.u10.ch_csr_r[1]$_DFFE_PP0P_
-7.552693	rst_i	u0.u10.ch_csr_r[2]$_DFFE_PP0P_/RN	_33446_|u0.u10.ch_csr_r[2]$_DFFE_PP0P_
-7.552693	rst_i	u0.u10.ch_csr_r[3]$_DFFE_PP0P_/RN	_33446_|u0.u10.ch_csr_r[3]$_DFFE_PP0P_
-7.552693	rst_i	u0.u10.ch_csr_r[4]$_DFFE_PP0P_/RN	_33446_|u0.u10.ch_csr_r[4]$_DFFE_PP0P_
-7.552693	rst_i	u0.u10.ch_csr_r[5]$_DFFE_PP0P_/RN	_33446_|u0.u10.ch_csr_r[5]$_DFFE_PP0P_
-7.552693	rst_i	u0.u10.ch_csr_r[6]$_DFFE_PP0P_/RN	_33446_|u0.u10.ch_csr_r[6]$_DFFE_PP0P_
-7.552693	rst_i	u0.u10.ch_csr_r[7]$_DFFE_PP0P_/RN	_33446_|u0.u10.ch_csr_r[7]$_DFFE_PP0P_
-7.552693	rst_i	u0.u10.ch_csr_r[8]$_DFFE_PP0P_/RN	_33446_|u0.u10.ch_csr_r[8]$_DFFE_PP0P_
-7.552693	rst_i	u0.u10.ch_done$_DFFE_PP0P_/RN	_33446_|u0.u10.ch_done$_DFFE_PP0P_
-7.552693	rst_i	u0.u10.ch_eol$_DFFE_PP0P_/RN	_33446_|u0.u10.ch_eol$_DFFE_PP0P_
-7.552693	rst_i	u0.u10.int_src_r[0]$_DFFE_PP0P_/RN	_33446_|u0.u10.int_src_r[0]$_DFFE_PP0P_
-7.552693	rst_i	u0.u10.int_src_r[1]$_DFFE_PP0P_/RN	_33446_|u0.u10.int_src_r[1]$_DFFE_PP0P_
-7.552693	rst_i	u0.u10.int_src_r[2]$_DFFE_PP0P_/RN	_33446_|u0.u10.int_src_r[2]$_DFFE_PP0P_
-7.552693	rst_i	u0.u10.ptr_valid$_DFFE_PP0P_/RN	_33446_|u0.u10.ptr_valid$_DFFE_PP0P_
-7.552693	rst_i	u0.u10.rest_en$_DFFE_PP0P_/RN	_33446_|u0.u10.rest_en$_DFFE_PP0P_
-7.552693	rst_i	u0.u10.sw_pointer_r[0]$_DFFE_PP0P_/RN	_33446_|u0.u10.sw_pointer_r[0]$_DFFE_PP0P_
-7.552693	rst_i	u0.u10.sw_pointer_r[10]$_DFFE_PP0P_/RN	_33446_|u0.u10.sw_pointer_r[10]$_DFFE_PP0P_
-7.552693	rst_i	u0.u10.sw_pointer_r[11]$_DFFE_PP0P_/RN	_33446_|u0.u10.sw_pointer_r[11]$_DFFE_PP0P_
-7.552693	rst_i	u0.u10.sw_pointer_r[12]$_DFFE_PP0P_/RN	_33446_|u0.u10.sw_pointer_r[12]$_DFFE_PP0P_
-7.552693	rst_i	u0.u10.sw_pointer_r[13]$_DFFE_PP0P_/RN	_33446_|u0.u10.sw_pointer_r[13]$_DFFE_PP0P_
-7.552693	rst_i	u0.u10.sw_pointer_r[14]$_DFFE_PP0P_/RN	_33446_|u0.u10.sw_pointer_r[14]$_DFFE_PP0P_
-7.552693	rst_i	u0.u10.sw_pointer_r[15]$_DFFE_PP0P_/RN	_33446_|u0.u10.sw_pointer_r[15]$_DFFE_PP0P_
-7.552693	rst_i	u0.u10.sw_pointer_r[16]$_DFFE_PP0P_/RN	_33446_|u0.u10.sw_pointer_r[16]$_DFFE_PP0P_
-7.552693	rst_i	u0.u10.sw_pointer_r[17]$_DFFE_PP0P_/RN	_33446_|u0.u10.sw_pointer_r[17]$_DFFE_PP0P_
-7.552693	rst_i	u0.u10.sw_pointer_r[18]$_DFFE_PP0P_/RN	_33446_|u0.u10.sw_pointer_r[18]$_DFFE_PP0P_
-7.552693	rst_i	u0.u10.sw_pointer_r[19]$_DFFE_PP0P_/RN	_33446_|u0.u10.sw_pointer_r[19]$_DFFE_PP0P_
-7.552693	rst_i	u0.u10.sw_pointer_r[1]$_DFFE_PP0P_/RN	_33446_|u0.u10.sw_pointer_r[1]$_DFFE_PP0P_
-7.552693	rst_i	u0.u10.sw_pointer_r[20]$_DFFE_PP0P_/RN	_33446_|u0.u10.sw_pointer_r[20]$_DFFE_PP0P_
-7.552693	rst_i	u0.u10.sw_pointer_r[21]$_DFFE_PP0P_/RN	_33446_|u0.u10.sw_pointer_r[21]$_DFFE_PP0P_
-7.552693	rst_i	u0.u10.sw_pointer_r[22]$_DFFE_PP0P_/RN	_33446_|u0.u10.sw_pointer_r[22]$_DFFE_PP0P_
-7.552693	rst_i	u0.u10.sw_pointer_r[23]$_DFFE_PP0P_/RN	_33446_|u0.u10.sw_pointer_r[23]$_DFFE_PP0P_
-7.552693	rst_i	u0.u10.sw_pointer_r[24]$_DFFE_PP0P_/RN	_33446_|u0.u10.sw_pointer_r[24]$_DFFE_PP0P_
-7.552693	rst_i	u0.u10.sw_pointer_r[25]$_DFFE_PP0P_/RN	_33446_|u0.u10.sw_pointer_r[25]$_DFFE_PP0P_
-7.552693	rst_i	u0.u10.sw_pointer_r[26]$_DFFE_PP0P_/RN	_33446_|u0.u10.sw_pointer_r[26]$_DFFE_PP0P_
-7.552693	rst_i	u0.u10.sw_pointer_r[27]$_DFFE_PP0P_/RN	_33446_|u0.u10.sw_pointer_r[27]$_DFFE_PP0P_
-7.552693	rst_i	u0.u10.sw_pointer_r[2]$_DFFE_PP0P_/RN	_33446_|u0.u10.sw_pointer_r[2]$_DFFE_PP0P_
-7.552693	rst_i	u0.u10.sw_pointer_r[3]$_DFFE_PP0P_/RN	_33446_|u0.u10.sw_pointer_r[3]$_DFFE_PP0P_
-7.552693	rst_i	u0.u10.sw_pointer_r[4]$_DFFE_PP0P_/RN	_33446_|u0.u10.sw_pointer_r[4]$_DFFE_PP0P_
-7.552693	rst_i	u0.u10.sw_pointer_r[5]$_DFFE_PP0P_/RN	_33446_|u0.u10.sw_pointer_r[5]$_DFFE_PP0P_
-7.552693	rst_i	u0.u10.sw_pointer_r[6]$_DFFE_PP0P_/RN	_33446_|u0.u10.sw_pointer_r[6]$_DFFE_PP0P_
-7.552693	rst_i	u0.u10.sw_pointer_r[7]$_DFFE_PP0P_/RN	_33446_|u0.u10.sw_pointer_r[7]$_DFFE_PP0P_
-7.552693	rst_i	u0.u10.sw_pointer_r[8]$_DFFE_PP0P_/RN	_33446_|u0.u10.sw_pointer_r[8]$_DFFE_PP0P_
-7.552693	rst_i	u0.u10.sw_pointer_r[9]$_DFFE_PP0P_/RN	_33446_|u0.u10.sw_pointer_r[9]$_DFFE_PP0P_
-7.552693	rst_i	u0.u11.ch_csr_r2[0]$_DFFE_PP0P_/RN	_33446_|u0.u11.ch_csr_r2[0]$_DFFE_PP0P_
-7.552693	rst_i	u0.u11.ch_csr_r2[1]$_DFFE_PP0P_/RN	_33446_|u0.u11.ch_csr_r2[1]$_DFFE_PP0P_
-7.552693	rst_i	u0.u11.ch_csr_r2[2]$_DFFE_PP0P_/RN	_33446_|u0.u11.ch_csr_r2[2]$_DFFE_PP0P_
-7.552693	rst_i	u0.u11.ch_csr_r3[0]$_DFFE_PP0P_/RN	_33446_|u0.u11.ch_csr_r3[0]$_DFFE_PP0P_
-7.552693	rst_i	u0.u11.ch_csr_r3[1]$_DFFE_PP0P_/RN	_33446_|u0.u11.ch_csr_r3[1]$_DFFE_PP0P_
-7.552693	rst_i	u0.u11.ch_csr_r3[2]$_DFFE_PP0P_/RN	_33446_|u0.u11.ch_csr_r3[2]$_DFFE_PP0P_
-7.552693	rst_i	u0.u11.ch_csr_r[0]$_DFFE_PP0P_/RN	_33446_|u0.u11.ch_csr_r[0]$_DFFE_PP0P_
-7.552693	rst_i	u0.u11.ch_csr_r[1]$_DFFE_PP0P_/RN	_33446_|u0.u11.ch_csr_r[1]$_DFFE_PP0P_
-7.552693	rst_i	u0.u11.ch_csr_r[2]$_DFFE_PP0P_/RN	_33446_|u0.u11.ch_csr_r[2]$_DFFE_PP0P_
-7.552693	rst_i	u0.u11.ch_csr_r[3]$_DFFE_PP0P_/RN	_33446_|u0.u11.ch_csr_r[3]$_DFFE_PP0P_
-7.552693	rst_i	u0.u11.ch_csr_r[4]$_DFFE_PP0P_/RN	_33446_|u0.u11.ch_csr_r[4]$_DFFE_PP0P_
-7.552693	rst_i	u0.u11.ch_csr_r[5]$_DFFE_PP0P_/RN	_33446_|u0.u11.ch_csr_r[5]$_DFFE_PP0P_
-7.552693	rst_i	u0.u11.ch_csr_r[6]$_DFFE_PP0P_/RN	_33446_|u0.u11.ch_csr_r[6]$_DFFE_PP0P_
-7.552693	rst_i	u0.u11.ch_csr_r[7]$_DFFE_PP0P_/RN	_33446_|u0.u11.ch_csr_r[7]$_DFFE_PP0P_
-7.552693	rst_i	u0.u11.ch_csr_r[8]$_DFFE_PP0P_/RN	_33446_|u0.u11.ch_csr_r[8]$_DFFE_PP0P_
-7.552693	rst_i	u0.u11.ch_done$_DFFE_PP0P_/RN	_33446_|u0.u11.ch_done$_DFFE_PP0P_
-7.552693	rst_i	u0.u11.ch_eol$_DFFE_PP0P_/RN	_33446_|u0.u11.ch_eol$_DFFE_PP0P_
-7.552693	rst_i	u0.u11.int_src_r[0]$_DFFE_PP0P_/RN	_33446_|u0.u11.int_src_r[0]$_DFFE_PP0P_
-7.552693	rst_i	u0.u11.int_src_r[1]$_DFFE_PP0P_/RN	_33446_|u0.u11.int_src_r[1]$_DFFE_PP0P_
-7.552693	rst_i	u0.u11.int_src_r[2]$_DFFE_PP0P_/RN	_33446_|u0.u11.int_src_r[2]$_DFFE_PP0P_
-7.552693	rst_i	u0.u11.ptr_valid$_DFFE_PP0P_/RN	_33446_|u0.u11.ptr_valid$_DFFE_PP0P_
-7.552693	rst_i	u0.u11.rest_en$_DFFE_PP0P_/RN	_33446_|u0.u11.rest_en$_DFFE_PP0P_
-7.552693	rst_i	u0.u11.sw_pointer_r[0]$_DFFE_PP0P_/RN	_33446_|u0.u11.sw_pointer_r[0]$_DFFE_PP0P_
-7.552693	rst_i	u0.u11.sw_pointer_r[10]$_DFFE_PP0P_/RN	_33446_|u0.u11.sw_pointer_r[10]$_DFFE_PP0P_
-7.552693	rst_i	u0.u11.sw_pointer_r[11]$_DFFE_PP0P_/RN	_33446_|u0.u11.sw_pointer_r[11]$_DFFE_PP0P_
-7.552693	rst_i	u0.u11.sw_pointer_r[12]$_DFFE_PP0P_/RN	_33446_|u0.u11.sw_pointer_r[12]$_DFFE_PP0P_
-7.552693	rst_i	u0.u11.sw_pointer_r[13]$_DFFE_PP0P_/RN	_33446_|u0.u11.sw_pointer_r[13]$_DFFE_PP0P_
-7.552693	rst_i	u0.u11.sw_pointer_r[14]$_DFFE_PP0P_/RN	_33446_|u0.u11.sw_pointer_r[14]$_DFFE_PP0P_
-7.552693	rst_i	u0.u11.sw_pointer_r[15]$_DFFE_PP0P_/RN	_33446_|u0.u11.sw_pointer_r[15]$_DFFE_PP0P_
-7.552693	rst_i	u0.u11.sw_pointer_r[16]$_DFFE_PP0P_/RN	_33446_|u0.u11.sw_pointer_r[16]$_DFFE_PP0P_
-7.552693	rst_i	u0.u11.sw_pointer_r[17]$_DFFE_PP0P_/RN	_33446_|u0.u11.sw_pointer_r[17]$_DFFE_PP0P_
-7.552693	rst_i	u0.u11.sw_pointer_r[18]$_DFFE_PP0P_/RN	_33446_|u0.u11.sw_pointer_r[18]$_DFFE_PP0P_
-7.552693	rst_i	u0.u11.sw_pointer_r[19]$_DFFE_PP0P_/RN	_33446_|u0.u11.sw_pointer_r[19]$_DFFE_PP0P_
-7.552693	rst_i	u0.u11.sw_pointer_r[1]$_DFFE_PP0P_/RN	_33446_|u0.u11.sw_pointer_r[1]$_DFFE_PP0P_
-7.552693	rst_i	u0.u11.sw_pointer_r[20]$_DFFE_PP0P_/RN	_33446_|u0.u11.sw_pointer_r[20]$_DFFE_PP0P_
-7.552693	rst_i	u0.u11.sw_pointer_r[21]$_DFFE_PP0P_/RN	_33446_|u0.u11.sw_pointer_r[21]$_DFFE_PP0P_
-7.552693	rst_i	u0.u11.sw_pointer_r[22]$_DFFE_PP0P_/RN	_33446_|u0.u11.sw_pointer_r[22]$_DFFE_PP0P_
-7.552693	rst_i	u0.u11.sw_pointer_r[23]$_DFFE_PP0P_/RN	_33446_|u0.u11.sw_pointer_r[23]$_DFFE_PP0P_
-7.552693	rst_i	u0.u11.sw_pointer_r[24]$_DFFE_PP0P_/RN	_33446_|u0.u11.sw_pointer_r[24]$_DFFE_PP0P_
-7.552693	rst_i	u0.u11.sw_pointer_r[25]$_DFFE_PP0P_/RN	_33446_|u0.u11.sw_pointer_r[25]$_DFFE_PP0P_
-7.552693	rst_i	u0.u11.sw_pointer_r[26]$_DFFE_PP0P_/RN	_33446_|u0.u11.sw_pointer_r[26]$_DFFE_PP0P_
-7.552693	rst_i	u0.u11.sw_pointer_r[27]$_DFFE_PP0P_/RN	_33446_|u0.u11.sw_pointer_r[27]$_DFFE_PP0P_
-7.552693	rst_i	u0.u11.sw_pointer_r[2]$_DFFE_PP0P_/RN	_33446_|u0.u11.sw_pointer_r[2]$_DFFE_PP0P_
-7.552693	rst_i	u0.u11.sw_pointer_r[3]$_DFFE_PP0P_/RN	_33446_|u0.u11.sw_pointer_r[3]$_DFFE_PP0P_
-7.552693	rst_i	u0.u11.sw_pointer_r[4]$_DFFE_PP0P_/RN	_33446_|u0.u11.sw_pointer_r[4]$_DFFE_PP0P_
-7.552693	rst_i	u0.u11.sw_pointer_r[5]$_DFFE_PP0P_/RN	_33446_|u0.u11.sw_pointer_r[5]$_DFFE_PP0P_
-7.552693	rst_i	u0.u11.sw_pointer_r[6]$_DFFE_PP0P_/RN	_33446_|u0.u11.sw_pointer_r[6]$_DFFE_PP0P_
-7.552693	rst_i	u0.u11.sw_pointer_r[7]$_DFFE_PP0P_/RN	_33446_|u0.u11.sw_pointer_r[7]$_DFFE_PP0P_
-7.552693	rst_i	u0.u11.sw_pointer_r[8]$_DFFE_PP0P_/RN	_33446_|u0.u11.sw_pointer_r[8]$_DFFE_PP0P_
-7.552693	rst_i	u0.u11.sw_pointer_r[9]$_DFFE_PP0P_/RN	_33446_|u0.u11.sw_pointer_r[9]$_DFFE_PP0P_
-7.552693	rst_i	u0.u12.ch_csr_r2[0]$_DFFE_PP0P_/RN	_33446_|u0.u12.ch_csr_r2[0]$_DFFE_PP0P_
-7.552693	rst_i	u0.u12.ch_csr_r2[1]$_DFFE_PP0P_/RN	_33446_|u0.u12.ch_csr_r2[1]$_DFFE_PP0P_
-7.552693	rst_i	u0.u12.ch_csr_r2[2]$_DFFE_PP0P_/RN	_33446_|u0.u12.ch_csr_r2[2]$_DFFE_PP0P_
-7.552693	rst_i	u0.u12.ch_csr_r3[0]$_DFFE_PP0P_/RN	_33446_|u0.u12.ch_csr_r3[0]$_DFFE_PP0P_
-7.552693	rst_i	u0.u12.ch_csr_r3[1]$_DFFE_PP0P_/RN	_33446_|u0.u12.ch_csr_r3[1]$_DFFE_PP0P_
-7.552693	rst_i	u0.u12.ch_csr_r3[2]$_DFFE_PP0P_/RN	_33446_|u0.u12.ch_csr_r3[2]$_DFFE_PP0P_
-7.552693	rst_i	u0.u12.ch_csr_r[0]$_DFFE_PP0P_/RN	_33446_|u0.u12.ch_csr_r[0]$_DFFE_PP0P_
-7.552693	rst_i	u0.u12.ch_csr_r[1]$_DFFE_PP0P_/RN	_33446_|u0.u12.ch_csr_r[1]$_DFFE_PP0P_
-7.552693	rst_i	u0.u12.ch_csr_r[2]$_DFFE_PP0P_/RN	_33446_|u0.u12.ch_csr_r[2]$_DFFE_PP0P_
-7.552693	rst_i	u0.u12.ch_csr_r[3]$_DFFE_PP0P_/RN	_33446_|u0.u12.ch_csr_r[3]$_DFFE_PP0P_
-7.552693	rst_i	u0.u12.ch_csr_r[4]$_DFFE_PP0P_/RN	_33446_|u0.u12.ch_csr_r[4]$_DFFE_PP0P_
-7.552693	rst_i	u0.u12.ch_csr_r[5]$_DFFE_PP0P_/RN	_33446_|u0.u12.ch_csr_r[5]$_DFFE_PP0P_
-7.552693	rst_i	u0.u12.ch_csr_r[6]$_DFFE_PP0P_/RN	_33446_|u0.u12.ch_csr_r[6]$_DFFE_PP0P_
-7.552693	rst_i	u0.u12.ch_csr_r[7]$_DFFE_PP0P_/RN	_33446_|u0.u12.ch_csr_r[7]$_DFFE_PP0P_
-7.552693	rst_i	u0.u12.ch_csr_r[8]$_DFFE_PP0P_/RN	_33446_|u0.u12.ch_csr_r[8]$_DFFE_PP0P_
-7.552693	rst_i	u0.u12.ch_done$_DFFE_PP0P_/RN	_33446_|u0.u12.ch_done$_DFFE_PP0P_
-7.552693	rst_i	u0.u12.ch_eol$_DFFE_PP0P_/RN	_33446_|u0.u12.ch_eol$_DFFE_PP0P_
-7.552693	rst_i	u0.u12.int_src_r[0]$_DFFE_PP0P_/RN	_33446_|u0.u12.int_src_r[0]$_DFFE_PP0P_
-7.552693	rst_i	u0.u12.int_src_r[1]$_DFFE_PP0P_/RN	_33446_|u0.u12.int_src_r[1]$_DFFE_PP0P_
-7.552693	rst_i	u0.u12.int_src_r[2]$_DFFE_PP0P_/RN	_33446_|u0.u12.int_src_r[2]$_DFFE_PP0P_
-7.552693	rst_i	u0.u12.ptr_valid$_DFFE_PP0P_/RN	_33446_|u0.u12.ptr_valid$_DFFE_PP0P_
-7.552693	rst_i	u0.u12.rest_en$_DFFE_PP0P_/RN	_33446_|u0.u12.rest_en$_DFFE_PP0P_
-7.552693	rst_i	u0.u12.sw_pointer_r[0]$_DFFE_PP0P_/RN	_33446_|u0.u12.sw_pointer_r[0]$_DFFE_PP0P_
-7.552693	rst_i	u0.u12.sw_pointer_r[10]$_DFFE_PP0P_/RN	_33446_|u0.u12.sw_pointer_r[10]$_DFFE_PP0P_
-7.552693	rst_i	u0.u12.sw_pointer_r[11]$_DFFE_PP0P_/RN	_33446_|u0.u12.sw_pointer_r[11]$_DFFE_PP0P_
-7.552693	rst_i	u0.u12.sw_pointer_r[12]$_DFFE_PP0P_/RN	_33446_|u0.u12.sw_pointer_r[12]$_DFFE_PP0P_
-7.552693	rst_i	u0.u12.sw_pointer_r[13]$_DFFE_PP0P_/RN	_33446_|u0.u12.sw_pointer_r[13]$_DFFE_PP0P_
-7.552693	rst_i	u0.u12.sw_pointer_r[14]$_DFFE_PP0P_/RN	_33446_|u0.u12.sw_pointer_r[14]$_DFFE_PP0P_
-7.552693	rst_i	u0.u12.sw_pointer_r[15]$_DFFE_PP0P_/RN	_33446_|u0.u12.sw_pointer_r[15]$_DFFE_PP0P_
-7.552693	rst_i	u0.u12.sw_pointer_r[16]$_DFFE_PP0P_/RN	_33446_|u0.u12.sw_pointer_r[16]$_DFFE_PP0P_
-7.552693	rst_i	u0.u12.sw_pointer_r[17]$_DFFE_PP0P_/RN	_33446_|u0.u12.sw_pointer_r[17]$_DFFE_PP0P_
-7.552693	rst_i	u0.u12.sw_pointer_r[18]$_DFFE_PP0P_/RN	_33446_|u0.u12.sw_pointer_r[18]$_DFFE_PP0P_
-7.552693	rst_i	u0.u12.sw_pointer_r[19]$_DFFE_PP0P_/RN	_33446_|u0.u12.sw_pointer_r[19]$_DFFE_PP0P_
-7.552693	rst_i	u0.u12.sw_pointer_r[1]$_DFFE_PP0P_/RN	_33446_|u0.u12.sw_pointer_r[1]$_DFFE_PP0P_
-7.552693	rst_i	u0.u12.sw_pointer_r[20]$_DFFE_PP0P_/RN	_33446_|u0.u12.sw_pointer_r[20]$_DFFE_PP0P_
-7.552693	rst_i	u0.u12.sw_pointer_r[21]$_DFFE_PP0P_/RN	_33446_|u0.u12.sw_pointer_r[21]$_DFFE_PP0P_
-7.552693	rst_i	u0.u12.sw_pointer_r[22]$_DFFE_PP0P_/RN	_33446_|u0.u12.sw_pointer_r[22]$_DFFE_PP0P_
-7.552693	rst_i	u0.u12.sw_pointer_r[23]$_DFFE_PP0P_/RN	_33446_|u0.u12.sw_pointer_r[23]$_DFFE_PP0P_
-7.552693	rst_i	u0.u12.sw_pointer_r[24]$_DFFE_PP0P_/RN	_33446_|u0.u12.sw_pointer_r[24]$_DFFE_PP0P_
-7.552693	rst_i	u0.u12.sw_pointer_r[25]$_DFFE_PP0P_/RN	_33446_|u0.u12.sw_pointer_r[25]$_DFFE_PP0P_
-7.552693	rst_i	u0.u12.sw_pointer_r[26]$_DFFE_PP0P_/RN	_33446_|u0.u12.sw_pointer_r[26]$_DFFE_PP0P_
-7.552693	rst_i	u0.u12.sw_pointer_r[27]$_DFFE_PP0P_/RN	_33446_|u0.u12.sw_pointer_r[27]$_DFFE_PP0P_
-7.552693	rst_i	u0.u12.sw_pointer_r[2]$_DFFE_PP0P_/RN	_33446_|u0.u12.sw_pointer_r[2]$_DFFE_PP0P_
-7.552693	rst_i	u0.u12.sw_pointer_r[3]$_DFFE_PP0P_/RN	_33446_|u0.u12.sw_pointer_r[3]$_DFFE_PP0P_
-7.552693	rst_i	u0.u12.sw_pointer_r[4]$_DFFE_PP0P_/RN	_33446_|u0.u12.sw_pointer_r[4]$_DFFE_PP0P_
-7.552693	rst_i	u0.u12.sw_pointer_r[5]$_DFFE_PP0P_/RN	_33446_|u0.u12.sw_pointer_r[5]$_DFFE_PP0P_
-7.552693	rst_i	u0.u12.sw_pointer_r[6]$_DFFE_PP0P_/RN	_33446_|u0.u12.sw_pointer_r[6]$_DFFE_PP0P_
-7.552693	rst_i	u0.u12.sw_pointer_r[7]$_DFFE_PP0P_/RN	_33446_|u0.u12.sw_pointer_r[7]$_DFFE_PP0P_
-7.552693	rst_i	u0.u12.sw_pointer_r[8]$_DFFE_PP0P_/RN	_33446_|u0.u12.sw_pointer_r[8]$_DFFE_PP0P_
-7.552693	rst_i	u0.u12.sw_pointer_r[9]$_DFFE_PP0P_/RN	_33446_|u0.u12.sw_pointer_r[9]$_DFFE_PP0P_
-7.552693	rst_i	u0.u13.ch_csr_r2[0]$_DFFE_PP0P_/RN	_33446_|u0.u13.ch_csr_r2[0]$_DFFE_PP0P_
-7.552693	rst_i	u0.u13.ch_csr_r2[1]$_DFFE_PP0P_/RN	_33446_|u0.u13.ch_csr_r2[1]$_DFFE_PP0P_
-7.552693	rst_i	u0.u13.ch_csr_r2[2]$_DFFE_PP0P_/RN	_33446_|u0.u13.ch_csr_r2[2]$_DFFE_PP0P_
-7.552693	rst_i	u0.u13.ch_csr_r3[0]$_DFFE_PP0P_/RN	_33446_|u0.u13.ch_csr_r3[0]$_DFFE_PP0P_
-7.552693	rst_i	u0.u13.ch_csr_r3[1]$_DFFE_PP0P_/RN	_33446_|u0.u13.ch_csr_r3[1]$_DFFE_PP0P_
-7.552693	rst_i	u0.u13.ch_csr_r3[2]$_DFFE_PP0P_/RN	_33446_|u0.u13.ch_csr_r3[2]$_DFFE_PP0P_
-7.552693	rst_i	u0.u13.ch_csr_r[0]$_DFFE_PP0P_/RN	_33446_|u0.u13.ch_csr_r[0]$_DFFE_PP0P_
-7.552693	rst_i	u0.u13.ch_csr_r[1]$_DFFE_PP0P_/RN	_33446_|u0.u13.ch_csr_r[1]$_DFFE_PP0P_
-7.552693	rst_i	u0.u13.ch_csr_r[2]$_DFFE_PP0P_/RN	_33446_|u0.u13.ch_csr_r[2]$_DFFE_PP0P_
-7.552693	rst_i	u0.u13.ch_csr_r[3]$_DFFE_PP0P_/RN	_33446_|u0.u13.ch_csr_r[3]$_DFFE_PP0P_
-7.552693	rst_i	u0.u13.ch_csr_r[4]$_DFFE_PP0P_/RN	_33446_|u0.u13.ch_csr_r[4]$_DFFE_PP0P_
-7.552693	rst_i	u0.u13.ch_csr_r[5]$_DFFE_PP0P_/RN	_33446_|u0.u13.ch_csr_r[5]$_DFFE_PP0P_
-7.552693	rst_i	u0.u13.ch_csr_r[6]$_DFFE_PP0P_/RN	_33446_|u0.u13.ch_csr_r[6]$_DFFE_PP0P_
-7.552693	rst_i	u0.u13.ch_csr_r[7]$_DFFE_PP0P_/RN	_33446_|u0.u13.ch_csr_r[7]$_DFFE_PP0P_
-7.552693	rst_i	u0.u13.ch_csr_r[8]$_DFFE_PP0P_/RN	_33446_|u0.u13.ch_csr_r[8]$_DFFE_PP0P_
-7.552693	rst_i	u0.u13.ch_done$_DFFE_PP0P_/RN	_33446_|u0.u13.ch_done$_DFFE_PP0P_
-7.552693	rst_i	u0.u13.ch_eol$_DFFE_PP0P_/RN	_33446_|u0.u13.ch_eol$_DFFE_PP0P_
-7.552693	rst_i	u0.u13.int_src_r[0]$_DFFE_PP0P_/RN	_33446_|u0.u13.int_src_r[0]$_DFFE_PP0P_
-7.552693	rst_i	u0.u13.int_src_r[1]$_DFFE_PP0P_/RN	_33446_|u0.u13.int_src_r[1]$_DFFE_PP0P_
-7.552693	rst_i	u0.u13.int_src_r[2]$_DFFE_PP0P_/RN	_33446_|u0.u13.int_src_r[2]$_DFFE_PP0P_
-7.552693	rst_i	u0.u13.ptr_valid$_DFFE_PP0P_/RN	_33446_|u0.u13.ptr_valid$_DFFE_PP0P_
-7.552693	rst_i	u0.u13.rest_en$_DFFE_PP0P_/RN	_33446_|u0.u13.rest_en$_DFFE_PP0P_
-7.552693	rst_i	u0.u13.sw_pointer_r[0]$_DFFE_PP0P_/RN	_33446_|u0.u13.sw_pointer_r[0]$_DFFE_PP0P_
-7.552693	rst_i	u0.u13.sw_pointer_r[10]$_DFFE_PP0P_/RN	_33446_|u0.u13.sw_pointer_r[10]$_DFFE_PP0P_
-7.552693	rst_i	u0.u13.sw_pointer_r[11]$_DFFE_PP0P_/RN	_33446_|u0.u13.sw_pointer_r[11]$_DFFE_PP0P_
-7.552693	rst_i	u0.u13.sw_pointer_r[12]$_DFFE_PP0P_/RN	_33446_|u0.u13.sw_pointer_r[12]$_DFFE_PP0P_
-7.552693	rst_i	u0.u13.sw_pointer_r[13]$_DFFE_PP0P_/RN	_33446_|u0.u13.sw_pointer_r[13]$_DFFE_PP0P_
-7.552693	rst_i	u0.u13.sw_pointer_r[14]$_DFFE_PP0P_/RN	_33446_|u0.u13.sw_pointer_r[14]$_DFFE_PP0P_
-7.552693	rst_i	u0.u13.sw_pointer_r[15]$_DFFE_PP0P_/RN	_33446_|u0.u13.sw_pointer_r[15]$_DFFE_PP0P_
-7.552693	rst_i	u0.u13.sw_pointer_r[16]$_DFFE_PP0P_/RN	_33446_|u0.u13.sw_pointer_r[16]$_DFFE_PP0P_
-7.552693	rst_i	u0.u13.sw_pointer_r[17]$_DFFE_PP0P_/RN	_33446_|u0.u13.sw_pointer_r[17]$_DFFE_PP0P_
-7.552693	rst_i	u0.u13.sw_pointer_r[18]$_DFFE_PP0P_/RN	_33446_|u0.u13.sw_pointer_r[18]$_DFFE_PP0P_
-7.552693	rst_i	u0.u13.sw_pointer_r[19]$_DFFE_PP0P_/RN	_33446_|u0.u13.sw_pointer_r[19]$_DFFE_PP0P_
-7.552693	rst_i	u0.u13.sw_pointer_r[1]$_DFFE_PP0P_/RN	_33446_|u0.u13.sw_pointer_r[1]$_DFFE_PP0P_
-7.552693	rst_i	u0.u13.sw_pointer_r[20]$_DFFE_PP0P_/RN	_33446_|u0.u13.sw_pointer_r[20]$_DFFE_PP0P_
-7.552693	rst_i	u0.u13.sw_pointer_r[21]$_DFFE_PP0P_/RN	_33446_|u0.u13.sw_pointer_r[21]$_DFFE_PP0P_
-7.552693	rst_i	u0.u13.sw_pointer_r[22]$_DFFE_PP0P_/RN	_33446_|u0.u13.sw_pointer_r[22]$_DFFE_PP0P_
-7.552693	rst_i	u0.u13.sw_pointer_r[23]$_DFFE_PP0P_/RN	_33446_|u0.u13.sw_pointer_r[23]$_DFFE_PP0P_
-7.552693	rst_i	u0.u13.sw_pointer_r[24]$_DFFE_PP0P_/RN	_33446_|u0.u13.sw_pointer_r[24]$_DFFE_PP0P_
-7.552693	rst_i	u0.u13.sw_pointer_r[25]$_DFFE_PP0P_/RN	_33446_|u0.u13.sw_pointer_r[25]$_DFFE_PP0P_
-7.552693	rst_i	u0.u13.sw_pointer_r[26]$_DFFE_PP0P_/RN	_33446_|u0.u13.sw_pointer_r[26]$_DFFE_PP0P_
-7.552693	rst_i	u0.u13.sw_pointer_r[27]$_DFFE_PP0P_/RN	_33446_|u0.u13.sw_pointer_r[27]$_DFFE_PP0P_
-7.552693	rst_i	u0.u13.sw_pointer_r[2]$_DFFE_PP0P_/RN	_33446_|u0.u13.sw_pointer_r[2]$_DFFE_PP0P_
-7.552693	rst_i	u0.u13.sw_pointer_r[3]$_DFFE_PP0P_/RN	_33446_|u0.u13.sw_pointer_r[3]$_DFFE_PP0P_
-7.552693	rst_i	u0.u13.sw_pointer_r[4]$_DFFE_PP0P_/RN	_33446_|u0.u13.sw_pointer_r[4]$_DFFE_PP0P_
-7.552693	rst_i	u0.u13.sw_pointer_r[5]$_DFFE_PP0P_/RN	_33446_|u0.u13.sw_pointer_r[5]$_DFFE_PP0P_
-7.552693	rst_i	u0.u13.sw_pointer_r[6]$_DFFE_PP0P_/RN	_33446_|u0.u13.sw_pointer_r[6]$_DFFE_PP0P_
-7.552693	rst_i	u0.u13.sw_pointer_r[7]$_DFFE_PP0P_/RN	_33446_|u0.u13.sw_pointer_r[7]$_DFFE_PP0P_
-7.552693	rst_i	u0.u13.sw_pointer_r[8]$_DFFE_PP0P_/RN	_33446_|u0.u13.sw_pointer_r[8]$_DFFE_PP0P_
-7.552693	rst_i	u0.u13.sw_pointer_r[9]$_DFFE_PP0P_/RN	_33446_|u0.u13.sw_pointer_r[9]$_DFFE_PP0P_
-7.552693	rst_i	u0.u14.ch_csr_r2[0]$_DFFE_PP0P_/RN	_33446_|u0.u14.ch_csr_r2[0]$_DFFE_PP0P_
-7.552693	rst_i	u0.u14.ch_csr_r2[1]$_DFFE_PP0P_/RN	_33446_|u0.u14.ch_csr_r2[1]$_DFFE_PP0P_
-7.552693	rst_i	u0.u14.ch_csr_r2[2]$_DFFE_PP0P_/RN	_33446_|u0.u14.ch_csr_r2[2]$_DFFE_PP0P_
-7.552693	rst_i	u0.u14.ch_csr_r3[0]$_DFFE_PP0P_/RN	_33446_|u0.u14.ch_csr_r3[0]$_DFFE_PP0P_
-7.552693	rst_i	u0.u14.ch_csr_r3[1]$_DFFE_PP0P_/RN	_33446_|u0.u14.ch_csr_r3[1]$_DFFE_PP0P_
-7.552693	rst_i	u0.u14.ch_csr_r3[2]$_DFFE_PP0P_/RN	_33446_|u0.u14.ch_csr_r3[2]$_DFFE_PP0P_
-7.552693	rst_i	u0.u14.ch_csr_r[0]$_DFFE_PP0P_/RN	_33446_|u0.u14.ch_csr_r[0]$_DFFE_PP0P_
-7.552693	rst_i	u0.u14.ch_csr_r[1]$_DFFE_PP0P_/RN	_33446_|u0.u14.ch_csr_r[1]$_DFFE_PP0P_
-7.552693	rst_i	u0.u14.ch_csr_r[2]$_DFFE_PP0P_/RN	_33446_|u0.u14.ch_csr_r[2]$_DFFE_PP0P_
-7.552693	rst_i	u0.u14.ch_csr_r[3]$_DFFE_PP0P_/RN	_33446_|u0.u14.ch_csr_r[3]$_DFFE_PP0P_
-7.552693	rst_i	u0.u14.ch_csr_r[4]$_DFFE_PP0P_/RN	_33446_|u0.u14.ch_csr_r[4]$_DFFE_PP0P_
-7.552693	rst_i	u0.u14.ch_csr_r[5]$_DFFE_PP0P_/RN	_33446_|u0.u14.ch_csr_r[5]$_DFFE_PP0P_
-7.552693	rst_i	u0.u14.ch_csr_r[6]$_DFFE_PP0P_/RN	_33446_|u0.u14.ch_csr_r[6]$_DFFE_PP0P_
-7.552693	rst_i	u0.u14.ch_csr_r[7]$_DFFE_PP0P_/RN	_33446_|u0.u14.ch_csr_r[7]$_DFFE_PP0P_
-7.552693	rst_i	u0.u14.ch_csr_r[8]$_DFFE_PP0P_/RN	_33446_|u0.u14.ch_csr_r[8]$_DFFE_PP0P_
-7.552693	rst_i	u0.u14.ch_done$_DFFE_PP0P_/RN	_33446_|u0.u14.ch_done$_DFFE_PP0P_
-7.552693	rst_i	u0.u14.ch_eol$_DFFE_PP0P_/RN	_33446_|u0.u14.ch_eol$_DFFE_PP0P_
-7.552693	rst_i	u0.u14.int_src_r[0]$_DFFE_PP0P_/RN	_33446_|u0.u14.int_src_r[0]$_DFFE_PP0P_
-7.552693	rst_i	u0.u14.int_src_r[1]$_DFFE_PP0P_/RN	_33446_|u0.u14.int_src_r[1]$_DFFE_PP0P_
-7.552693	rst_i	u0.u14.int_src_r[2]$_DFFE_PP0P_/RN	_33446_|u0.u14.int_src_r[2]$_DFFE_PP0P_
-7.552693	rst_i	u0.u14.ptr_valid$_DFFE_PP0P_/RN	_33446_|u0.u14.ptr_valid$_DFFE_PP0P_
-7.552693	rst_i	u0.u14.rest_en$_DFFE_PP0P_/RN	_33446_|u0.u14.rest_en$_DFFE_PP0P_
-7.552693	rst_i	u0.u14.sw_pointer_r[0]$_DFFE_PP0P_/RN	_33446_|u0.u14.sw_pointer_r[0]$_DFFE_PP0P_
-7.552693	rst_i	u0.u14.sw_pointer_r[10]$_DFFE_PP0P_/RN	_33446_|u0.u14.sw_pointer_r[10]$_DFFE_PP0P_
-7.552693	rst_i	u0.u14.sw_pointer_r[11]$_DFFE_PP0P_/RN	_33446_|u0.u14.sw_pointer_r[11]$_DFFE_PP0P_
-7.552693	rst_i	u0.u14.sw_pointer_r[12]$_DFFE_PP0P_/RN	_33446_|u0.u14.sw_pointer_r[12]$_DFFE_PP0P_
-7.552693	rst_i	u0.u14.sw_pointer_r[13]$_DFFE_PP0P_/RN	_33446_|u0.u14.sw_pointer_r[13]$_DFFE_PP0P_
-7.552693	rst_i	u0.u14.sw_pointer_r[14]$_DFFE_PP0P_/RN	_33446_|u0.u14.sw_pointer_r[14]$_DFFE_PP0P_
-7.552693	rst_i	u0.u14.sw_pointer_r[15]$_DFFE_PP0P_/RN	_33446_|u0.u14.sw_pointer_r[15]$_DFFE_PP0P_
-7.552693	rst_i	u0.u14.sw_pointer_r[16]$_DFFE_PP0P_/RN	_33446_|u0.u14.sw_pointer_r[16]$_DFFE_PP0P_
-7.552693	rst_i	u0.u14.sw_pointer_r[17]$_DFFE_PP0P_/RN	_33446_|u0.u14.sw_pointer_r[17]$_DFFE_PP0P_
-7.552693	rst_i	u0.u14.sw_pointer_r[18]$_DFFE_PP0P_/RN	_33446_|u0.u14.sw_pointer_r[18]$_DFFE_PP0P_
-7.552693	rst_i	u0.u14.sw_pointer_r[19]$_DFFE_PP0P_/RN	_33446_|u0.u14.sw_pointer_r[19]$_DFFE_PP0P_
-7.552693	rst_i	u0.u14.sw_pointer_r[1]$_DFFE_PP0P_/RN	_33446_|u0.u14.sw_pointer_r[1]$_DFFE_PP0P_
-7.552693	rst_i	u0.u14.sw_pointer_r[20]$_DFFE_PP0P_/RN	_33446_|u0.u14.sw_pointer_r[20]$_DFFE_PP0P_
-7.552693	rst_i	u0.u14.sw_pointer_r[21]$_DFFE_PP0P_/RN	_33446_|u0.u14.sw_pointer_r[21]$_DFFE_PP0P_
-7.552693	rst_i	u0.u14.sw_pointer_r[22]$_DFFE_PP0P_/RN	_33446_|u0.u14.sw_pointer_r[22]$_DFFE_PP0P_
-7.552693	rst_i	u0.u14.sw_pointer_r[23]$_DFFE_PP0P_/RN	_33446_|u0.u14.sw_pointer_r[23]$_DFFE_PP0P_
-7.552693	rst_i	u0.u14.sw_pointer_r[24]$_DFFE_PP0P_/RN	_33446_|u0.u14.sw_pointer_r[24]$_DFFE_PP0P_
-7.552693	rst_i	u0.u14.sw_pointer_r[25]$_DFFE_PP0P_/RN	_33446_|u0.u14.sw_pointer_r[25]$_DFFE_PP0P_
-7.552693	rst_i	u0.u14.sw_pointer_r[26]$_DFFE_PP0P_/RN	_33446_|u0.u14.sw_pointer_r[26]$_DFFE_PP0P_
-7.552693	rst_i	u0.u14.sw_pointer_r[27]$_DFFE_PP0P_/RN	_33446_|u0.u14.sw_pointer_r[27]$_DFFE_PP0P_
-7.552693	rst_i	u0.u14.sw_pointer_r[2]$_DFFE_PP0P_/RN	_33446_|u0.u14.sw_pointer_r[2]$_DFFE_PP0P_
-7.552693	rst_i	u0.u14.sw_pointer_r[3]$_DFFE_PP0P_/RN	_33446_|u0.u14.sw_pointer_r[3]$_DFFE_PP0P_
-7.552693	rst_i	u0.u14.sw_pointer_r[4]$_DFFE_PP0P_/RN	_33446_|u0.u14.sw_pointer_r[4]$_DFFE_PP0P_
-7.552693	rst_i	u0.u14.sw_pointer_r[5]$_DFFE_PP0P_/RN	_33446_|u0.u14.sw_pointer_r[5]$_DFFE_PP0P_
-7.552693	rst_i	u0.u14.sw_pointer_r[6]$_DFFE_PP0P_/RN	_33446_|u0.u14.sw_pointer_r[6]$_DFFE_PP0P_
-7.552693	rst_i	u0.u14.sw_pointer_r[7]$_DFFE_PP0P_/RN	_33446_|u0.u14.sw_pointer_r[7]$_DFFE_PP0P_
-7.552693	rst_i	u0.u14.sw_pointer_r[8]$_DFFE_PP0P_/RN	_33446_|u0.u14.sw_pointer_r[8]$_DFFE_PP0P_
-7.552693	rst_i	u0.u14.sw_pointer_r[9]$_DFFE_PP0P_/RN	_33446_|u0.u14.sw_pointer_r[9]$_DFFE_PP0P_
-7.552693	rst_i	u0.u15.ch_csr_r2[0]$_DFFE_PP0P_/RN	_33446_|u0.u15.ch_csr_r2[0]$_DFFE_PP0P_
-7.552693	rst_i	u0.u15.ch_csr_r2[1]$_DFFE_PP0P_/RN	_33446_|u0.u15.ch_csr_r2[1]$_DFFE_PP0P_
-7.552693	rst_i	u0.u15.ch_csr_r2[2]$_DFFE_PP0P_/RN	_33446_|u0.u15.ch_csr_r2[2]$_DFFE_PP0P_
-7.552693	rst_i	u0.u15.ch_csr_r3[0]$_DFFE_PP0P_/RN	_33446_|u0.u15.ch_csr_r3[0]$_DFFE_PP0P_
-7.552693	rst_i	u0.u15.ch_csr_r3[1]$_DFFE_PP0P_/RN	_33446_|u0.u15.ch_csr_r3[1]$_DFFE_PP0P_
-7.552693	rst_i	u0.u15.ch_csr_r3[2]$_DFFE_PP0P_/RN	_33446_|u0.u15.ch_csr_r3[2]$_DFFE_PP0P_
-7.552693	rst_i	u0.u15.ch_csr_r[0]$_DFFE_PP0P_/RN	_33446_|u0.u15.ch_csr_r[0]$_DFFE_PP0P_
-7.552693	rst_i	u0.u15.ch_csr_r[1]$_DFFE_PP0P_/RN	_33446_|u0.u15.ch_csr_r[1]$_DFFE_PP0P_
-7.552693	rst_i	u0.u15.ch_csr_r[2]$_DFFE_PP0P_/RN	_33446_|u0.u15.ch_csr_r[2]$_DFFE_PP0P_
-7.552693	rst_i	u0.u15.ch_csr_r[3]$_DFFE_PP0P_/RN	_33446_|u0.u15.ch_csr_r[3]$_DFFE_PP0P_
-7.552693	rst_i	u0.u15.ch_csr_r[4]$_DFFE_PP0P_/RN	_33446_|u0.u15.ch_csr_r[4]$_DFFE_PP0P_
-7.552693	rst_i	u0.u15.ch_csr_r[5]$_DFFE_PP0P_/RN	_33446_|u0.u15.ch_csr_r[5]$_DFFE_PP0P_
-7.552693	rst_i	u0.u15.ch_csr_r[6]$_DFFE_PP0P_/RN	_33446_|u0.u15.ch_csr_r[6]$_DFFE_PP0P_
-7.552693	rst_i	u0.u15.ch_csr_r[7]$_DFFE_PP0P_/RN	_33446_|u0.u15.ch_csr_r[7]$_DFFE_PP0P_
-7.552693	rst_i	u0.u15.ch_csr_r[8]$_DFFE_PP0P_/RN	_33446_|u0.u15.ch_csr_r[8]$_DFFE_PP0P_
-7.552693	rst_i	u0.u15.ch_done$_DFFE_PP0P_/RN	_33446_|u0.u15.ch_done$_DFFE_PP0P_
-7.552693	rst_i	u0.u15.ch_eol$_DFFE_PP0P_/RN	_33446_|u0.u15.ch_eol$_DFFE_PP0P_
-7.552693	rst_i	u0.u15.int_src_r[0]$_DFFE_PP0P_/RN	_33446_|u0.u15.int_src_r[0]$_DFFE_PP0P_
-7.552693	rst_i	u0.u15.int_src_r[1]$_DFFE_PP0P_/RN	_33446_|u0.u15.int_src_r[1]$_DFFE_PP0P_
-7.552693	rst_i	u0.u15.int_src_r[2]$_DFFE_PP0P_/RN	_33446_|u0.u15.int_src_r[2]$_DFFE_PP0P_
-7.552693	rst_i	u0.u15.ptr_valid$_DFFE_PP0P_/RN	_33446_|u0.u15.ptr_valid$_DFFE_PP0P_
-7.552693	rst_i	u0.u15.rest_en$_DFFE_PP0P_/RN	_33446_|u0.u15.rest_en$_DFFE_PP0P_
-7.552693	rst_i	u0.u15.sw_pointer_r[0]$_DFFE_PP0P_/RN	_33446_|u0.u15.sw_pointer_r[0]$_DFFE_PP0P_
-7.552693	rst_i	u0.u15.sw_pointer_r[10]$_DFFE_PP0P_/RN	_33446_|u0.u15.sw_pointer_r[10]$_DFFE_PP0P_
-7.552693	rst_i	u0.u15.sw_pointer_r[11]$_DFFE_PP0P_/RN	_33446_|u0.u15.sw_pointer_r[11]$_DFFE_PP0P_
-7.552693	rst_i	u0.u15.sw_pointer_r[12]$_DFFE_PP0P_/RN	_33446_|u0.u15.sw_pointer_r[12]$_DFFE_PP0P_
-7.552693	rst_i	u0.u15.sw_pointer_r[13]$_DFFE_PP0P_/RN	_33446_|u0.u15.sw_pointer_r[13]$_DFFE_PP0P_
-7.552693	rst_i	u0.u15.sw_pointer_r[14]$_DFFE_PP0P_/RN	_33446_|u0.u15.sw_pointer_r[14]$_DFFE_PP0P_
-7.552693	rst_i	u0.u15.sw_pointer_r[15]$_DFFE_PP0P_/RN	_33446_|u0.u15.sw_pointer_r[15]$_DFFE_PP0P_
-7.552693	rst_i	u0.u15.sw_pointer_r[16]$_DFFE_PP0P_/RN	_33446_|u0.u15.sw_pointer_r[16]$_DFFE_PP0P_
-7.552693	rst_i	u0.u15.sw_pointer_r[17]$_DFFE_PP0P_/RN	_33446_|u0.u15.sw_pointer_r[17]$_DFFE_PP0P_
-7.552693	rst_i	u0.u15.sw_pointer_r[18]$_DFFE_PP0P_/RN	_33446_|u0.u15.sw_pointer_r[18]$_DFFE_PP0P_
-7.552693	rst_i	u0.u15.sw_pointer_r[19]$_DFFE_PP0P_/RN	_33446_|u0.u15.sw_pointer_r[19]$_DFFE_PP0P_
-7.552693	rst_i	u0.u15.sw_pointer_r[1]$_DFFE_PP0P_/RN	_33446_|u0.u15.sw_pointer_r[1]$_DFFE_PP0P_
-7.552693	rst_i	u0.u15.sw_pointer_r[20]$_DFFE_PP0P_/RN	_33446_|u0.u15.sw_pointer_r[20]$_DFFE_PP0P_
-7.552693	rst_i	u0.u15.sw_pointer_r[21]$_DFFE_PP0P_/RN	_33446_|u0.u15.sw_pointer_r[21]$_DFFE_PP0P_
-7.552693	rst_i	u0.u15.sw_pointer_r[22]$_DFFE_PP0P_/RN	_33446_|u0.u15.sw_pointer_r[22]$_DFFE_PP0P_
-7.552693	rst_i	u0.u15.sw_pointer_r[23]$_DFFE_PP0P_/RN	_33446_|u0.u15.sw_pointer_r[23]$_DFFE_PP0P_
-7.552693	rst_i	u0.u15.sw_pointer_r[24]$_DFFE_PP0P_/RN	_33446_|u0.u15.sw_pointer_r[24]$_DFFE_PP0P_
-7.552693	rst_i	u0.u15.sw_pointer_r[25]$_DFFE_PP0P_/RN	_33446_|u0.u15.sw_pointer_r[25]$_DFFE_PP0P_
-7.552693	rst_i	u0.u15.sw_pointer_r[26]$_DFFE_PP0P_/RN	_33446_|u0.u15.sw_pointer_r[26]$_DFFE_PP0P_
-7.552693	rst_i	u0.u15.sw_pointer_r[27]$_DFFE_PP0P_/RN	_33446_|u0.u15.sw_pointer_r[27]$_DFFE_PP0P_
-7.552693	rst_i	u0.u15.sw_pointer_r[2]$_DFFE_PP0P_/RN	_33446_|u0.u15.sw_pointer_r[2]$_DFFE_PP0P_
-7.552693	rst_i	u0.u15.sw_pointer_r[3]$_DFFE_PP0P_/RN	_33446_|u0.u15.sw_pointer_r[3]$_DFFE_PP0P_
-7.552693	rst_i	u0.u15.sw_pointer_r[4]$_DFFE_PP0P_/RN	_33446_|u0.u15.sw_pointer_r[4]$_DFFE_PP0P_
-7.552693	rst_i	u0.u15.sw_pointer_r[5]$_DFFE_PP0P_/RN	_33446_|u0.u15.sw_pointer_r[5]$_DFFE_PP0P_
-7.552693	rst_i	u0.u15.sw_pointer_r[6]$_DFFE_PP0P_/RN	_33446_|u0.u15.sw_pointer_r[6]$_DFFE_PP0P_
-7.552693	rst_i	u0.u15.sw_pointer_r[7]$_DFFE_PP0P_/RN	_33446_|u0.u15.sw_pointer_r[7]$_DFFE_PP0P_
-7.552693	rst_i	u0.u15.sw_pointer_r[8]$_DFFE_PP0P_/RN	_33446_|u0.u15.sw_pointer_r[8]$_DFFE_PP0P_
-7.552693	rst_i	u0.u15.sw_pointer_r[9]$_DFFE_PP0P_/RN	_33446_|u0.u15.sw_pointer_r[9]$_DFFE_PP0P_
-7.552693	rst_i	u0.u2.ch_csr_r2[0]$_DFFE_PP0P_/RN	_33446_|u0.u2.ch_csr_r2[0]$_DFFE_PP0P_
-7.552693	rst_i	u0.u2.ch_csr_r2[1]$_DFFE_PP0P_/RN	_33446_|u0.u2.ch_csr_r2[1]$_DFFE_PP0P_
-7.552693	rst_i	u0.u2.ch_csr_r2[2]$_DFFE_PP0P_/RN	_33446_|u0.u2.ch_csr_r2[2]$_DFFE_PP0P_
-7.552693	rst_i	u0.u2.ch_csr_r3[0]$_DFFE_PP0P_/RN	_33446_|u0.u2.ch_csr_r3[0]$_DFFE_PP0P_
-7.552693	rst_i	u0.u2.ch_csr_r3[1]$_DFFE_PP0P_/RN	_33446_|u0.u2.ch_csr_r3[1]$_DFFE_PP0P_
-7.552693	rst_i	u0.u2.ch_csr_r3[2]$_DFFE_PP0P_/RN	_33446_|u0.u2.ch_csr_r3[2]$_DFFE_PP0P_
-7.552693	rst_i	u0.u2.ch_csr_r[0]$_DFFE_PP0P_/RN	_33446_|u0.u2.ch_csr_r[0]$_DFFE_PP0P_
-7.552693	rst_i	u0.u2.ch_csr_r[1]$_DFFE_PP0P_/RN	_33446_|u0.u2.ch_csr_r[1]$_DFFE_PP0P_
-7.552693	rst_i	u0.u2.ch_csr_r[2]$_DFFE_PP0P_/RN	_33446_|u0.u2.ch_csr_r[2]$_DFFE_PP0P_
-7.552693	rst_i	u0.u2.ch_csr_r[3]$_DFFE_PP0P_/RN	_33446_|u0.u2.ch_csr_r[3]$_DFFE_PP0P_
-7.552693	rst_i	u0.u2.ch_csr_r[4]$_DFFE_PP0P_/RN	_33446_|u0.u2.ch_csr_r[4]$_DFFE_PP0P_
-7.552693	rst_i	u0.u2.ch_csr_r[5]$_DFFE_PP0P_/RN	_33446_|u0.u2.ch_csr_r[5]$_DFFE_PP0P_
-7.552693	rst_i	u0.u2.ch_csr_r[6]$_DFFE_PP0P_/RN	_33446_|u0.u2.ch_csr_r[6]$_DFFE_PP0P_
-7.552693	rst_i	u0.u2.ch_csr_r[7]$_DFFE_PP0P_/RN	_33446_|u0.u2.ch_csr_r[7]$_DFFE_PP0P_
-7.552693	rst_i	u0.u2.ch_csr_r[8]$_DFFE_PP0P_/RN	_33446_|u0.u2.ch_csr_r[8]$_DFFE_PP0P_
-7.552693	rst_i	u0.u2.ch_done$_DFFE_PP0P_/RN	_33446_|u0.u2.ch_done$_DFFE_PP0P_
-7.552693	rst_i	u0.u2.ch_eol$_DFFE_PP0P_/RN	_33446_|u0.u2.ch_eol$_DFFE_PP0P_
-7.552693	rst_i	u0.u2.int_src_r[0]$_DFFE_PP0P_/RN	_33446_|u0.u2.int_src_r[0]$_DFFE_PP0P_
-7.552693	rst_i	u0.u2.int_src_r[1]$_DFFE_PP0P_/RN	_33446_|u0.u2.int_src_r[1]$_DFFE_PP0P_
-7.552693	rst_i	u0.u2.int_src_r[2]$_DFFE_PP0P_/RN	_33446_|u0.u2.int_src_r[2]$_DFFE_PP0P_
-7.552693	rst_i	u0.u2.ptr_valid$_DFFE_PP0P_/RN	_33446_|u0.u2.ptr_valid$_DFFE_PP0P_
-7.552693	rst_i	u0.u2.rest_en$_DFFE_PP0P_/RN	_33446_|u0.u2.rest_en$_DFFE_PP0P_
-7.552693	rst_i	u0.u2.sw_pointer_r[0]$_DFFE_PP0P_/RN	_33446_|u0.u2.sw_pointer_r[0]$_DFFE_PP0P_
-7.552693	rst_i	u0.u2.sw_pointer_r[10]$_DFFE_PP0P_/RN	_33446_|u0.u2.sw_pointer_r[10]$_DFFE_PP0P_
-7.552693	rst_i	u0.u2.sw_pointer_r[11]$_DFFE_PP0P_/RN	_33446_|u0.u2.sw_pointer_r[11]$_DFFE_PP0P_
-7.552693	rst_i	u0.u2.sw_pointer_r[12]$_DFFE_PP0P_/RN	_33446_|u0.u2.sw_pointer_r[12]$_DFFE_PP0P_
-7.552693	rst_i	u0.u2.sw_pointer_r[13]$_DFFE_PP0P_/RN	_33446_|u0.u2.sw_pointer_r[13]$_DFFE_PP0P_
-7.552693	rst_i	u0.u2.sw_pointer_r[14]$_DFFE_PP0P_/RN	_33446_|u0.u2.sw_pointer_r[14]$_DFFE_PP0P_
-7.552693	rst_i	u0.u2.sw_pointer_r[15]$_DFFE_PP0P_/RN	_33446_|u0.u2.sw_pointer_r[15]$_DFFE_PP0P_
-7.552693	rst_i	u0.u2.sw_pointer_r[16]$_DFFE_PP0P_/RN	_33446_|u0.u2.sw_pointer_r[16]$_DFFE_PP0P_
-7.552693	rst_i	u0.u2.sw_pointer_r[17]$_DFFE_PP0P_/RN	_33446_|u0.u2.sw_pointer_r[17]$_DFFE_PP0P_
-7.552693	rst_i	u0.u2.sw_pointer_r[18]$_DFFE_PP0P_/RN	_33446_|u0.u2.sw_pointer_r[18]$_DFFE_PP0P_
-7.552693	rst_i	u0.u2.sw_pointer_r[19]$_DFFE_PP0P_/RN	_33446_|u0.u2.sw_pointer_r[19]$_DFFE_PP0P_
-7.552693	rst_i	u0.u2.sw_pointer_r[1]$_DFFE_PP0P_/RN	_33446_|u0.u2.sw_pointer_r[1]$_DFFE_PP0P_
-7.552693	rst_i	u0.u2.sw_pointer_r[20]$_DFFE_PP0P_/RN	_33446_|u0.u2.sw_pointer_r[20]$_DFFE_PP0P_
-7.552693	rst_i	u0.u2.sw_pointer_r[21]$_DFFE_PP0P_/RN	_33446_|u0.u2.sw_pointer_r[21]$_DFFE_PP0P_
-7.552693	rst_i	u0.u2.sw_pointer_r[22]$_DFFE_PP0P_/RN	_33446_|u0.u2.sw_pointer_r[22]$_DFFE_PP0P_
-0.320667	u2.state[3]$_DFF_PP0_/Q	wb0s_data_o[10]	_28971_|_28972_|_28976_|_28977_|_29044_|_29045_|_29046_|_31809_|_31826_|_31827_|_31858_|_31903_|_31904_|_31905_|_31911_|_31912_|u2.state[3]$_DFF_PP0_
-0.320667	u2.state[3]$_DFF_PP0_/Q	wb0s_data_o[11]	_28971_|_28972_|_28976_|_28977_|_29044_|_29045_|_29046_|_31809_|_31826_|_31827_|_31858_|_31903_|_31904_|_31905_|_31906_|_31909_|u2.state[3]$_DFF_PP0_
-0.320667	u2.state[3]$_DFF_PP0_/Q	wb0s_data_o[6]	_28971_|_28972_|_28976_|_28977_|_29044_|_29045_|_29046_|_31809_|_31826_|_31827_|_31858_|_31903_|_31904_|_31905_|_31924_|_31925_|u2.state[3]$_DFF_PP0_
-0.320667	u2.state[3]$_DFF_PP0_/Q	wb0s_data_o[7]	_28971_|_28972_|_28976_|_28977_|_29044_|_29045_|_29046_|_31809_|_31826_|_31827_|_31858_|_31903_|_31904_|_31905_|_31921_|_31922_|u2.state[3]$_DFF_PP0_
-0.320667	u2.state[3]$_DFF_PP0_/Q	wb0s_data_o[8]	_28971_|_28972_|_28976_|_28977_|_29044_|_29045_|_29046_|_31809_|_31826_|_31827_|_31858_|_31903_|_31904_|_31905_|_31917_|_31919_|u2.state[3]$_DFF_PP0_
-0.320667	u2.state[3]$_DFF_PP0_/Q	wb0s_data_o[9]	_28971_|_28972_|_28976_|_28977_|_29044_|_29045_|_29046_|_31809_|_31826_|_31827_|_31858_|_31903_|_31904_|_31905_|_31914_|_31915_|u2.state[3]$_DFF_PP0_
-0.320666	u2.state[3]$_DFF_PP0_/Q	wb0s_data_o[10]	_28971_|_28972_|_28976_|_28977_|_29044_|_29045_|_29046_|_31809_|_31826_|_31827_|_31858_|_31903_|_31904_|_31905_|_31911_|_31912_|u2.state[3]$_DFF_PP0_
-0.320666	u2.state[3]$_DFF_PP0_/Q	wb0s_data_o[11]	_28971_|_28972_|_28976_|_28977_|_29044_|_29045_|_29046_|_31809_|_31826_|_31827_|_31858_|_31903_|_31904_|_31905_|_31906_|_31909_|u2.state[3]$_DFF_PP0_
-0.320666	u2.state[3]$_DFF_PP0_/Q	wb0s_data_o[6]	_28971_|_28972_|_28976_|_28977_|_29044_|_29045_|_29046_|_31809_|_31826_|_31827_|_31858_|_31903_|_31904_|_31905_|_31924_|_31925_|u2.state[3]$_DFF_PP0_
-0.320666	u2.state[3]$_DFF_PP0_/Q	wb0s_data_o[7]	_28971_|_28972_|_28976_|_28977_|_29044_|_29045_|_29046_|_31809_|_31826_|_31827_|_31858_|_31903_|_31904_|_31905_|_31921_|_31922_|u2.state[3]$_DFF_PP0_
-0.320666	u2.state[3]$_DFF_PP0_/Q	wb0s_data_o[8]	_28971_|_28972_|_28976_|_28977_|_29044_|_29045_|_29046_|_31809_|_31826_|_31827_|_31858_|_31903_|_31904_|_31905_|_31917_|_31919_|u2.state[3]$_DFF_PP0_
-0.320666	u2.state[3]$_DFF_PP0_/Q	wb0s_data_o[9]	_28971_|_28972_|_28976_|_28977_|_29044_|_29045_|_29046_|_31809_|_31826_|_31827_|_31858_|_31903_|_31904_|_31905_|_31914_|_31915_|u2.state[3]$_DFF_PP0_
-0.320432	u2.state[3]$_DFF_PP0_/Q	wb0s_data_o[10]	_28971_|_28972_|_28976_|_28977_|_29044_|_29045_|_29046_|_31809_|_31826_|_31827_|_31858_|_31903_|_31904_|_31905_|_31911_|_31912_|u2.state[3]$_DFF_PP0_
-0.320432	u2.state[3]$_DFF_PP0_/Q	wb0s_data_o[11]	_28971_|_28972_|_28976_|_28977_|_29044_|_29045_|_29046_|_31809_|_31826_|_31827_|_31858_|_31903_|_31904_|_31905_|_31906_|_31909_|u2.state[3]$_DFF_PP0_
-0.320432	u2.state[3]$_DFF_PP0_/Q	wb0s_data_o[6]	_28971_|_28972_|_28976_|_28977_|_29044_|_29045_|_29046_|_31809_|_31826_|_31827_|_31858_|_31903_|_31904_|_31905_|_31924_|_31925_|u2.state[3]$_DFF_PP0_
-0.320432	u2.state[3]$_DFF_PP0_/Q	wb0s_data_o[7]	_28971_|_28972_|_28976_|_28977_|_29044_|_29045_|_29046_|_31809_|_31826_|_31827_|_31858_|_31903_|_31904_|_31905_|_31921_|_31922_|u2.state[3]$_DFF_PP0_
-0.320432	u2.state[3]$_DFF_PP0_/Q	wb0s_data_o[8]	_28971_|_28972_|_28976_|_28977_|_29044_|_29045_|_29046_|_31809_|_31826_|_31827_|_31858_|_31903_|_31904_|_31905_|_31917_|_31919_|u2.state[3]$_DFF_PP0_
-0.320432	u2.state[3]$_DFF_PP0_/Q	wb0s_data_o[9]	_28971_|_28972_|_28976_|_28977_|_29044_|_29045_|_29046_|_31809_|_31826_|_31827_|_31858_|_31903_|_31904_|_31905_|_31914_|_31915_|u2.state[3]$_DFF_PP0_
-0.320431	u2.state[3]$_DFF_PP0_/Q	wb0s_data_o[10]	_28971_|_28972_|_28976_|_28977_|_29044_|_29045_|_29046_|_31809_|_31826_|_31827_|_31858_|_31903_|_31904_|_31905_|_31911_|_31912_|u2.state[3]$_DFF_PP0_
-0.320431	u2.state[3]$_DFF_PP0_/Q	wb0s_data_o[11]	_28971_|_28972_|_28976_|_28977_|_29044_|_29045_|_29046_|_31809_|_31826_|_31827_|_31858_|_31903_|_31904_|_31905_|_31906_|_31909_|u2.state[3]$_DFF_PP0_
-0.320431	u2.state[3]$_DFF_PP0_/Q	wb0s_data_o[6]	_28971_|_28972_|_28976_|_28977_|_29044_|_29045_|_29046_|_31809_|_31826_|_31827_|_31858_|_31903_|_31904_|_31905_|_31924_|_31925_|u2.state[3]$_DFF_PP0_
-0.320431	u2.state[3]$_DFF_PP0_/Q	wb0s_data_o[7]	_28971_|_28972_|_28976_|_28977_|_29044_|_29045_|_29046_|_31809_|_31826_|_31827_|_31858_|_31903_|_31904_|_31905_|_31921_|_31922_|u2.state[3]$_DFF_PP0_
-0.320431	u2.state[3]$_DFF_PP0_/Q	wb0s_data_o[8]	_28971_|_28972_|_28976_|_28977_|_29044_|_29045_|_29046_|_31809_|_31826_|_31827_|_31858_|_31903_|_31904_|_31905_|_31917_|_31919_|u2.state[3]$_DFF_PP0_
-0.320431	u2.state[3]$_DFF_PP0_/Q	wb0s_data_o[9]	_28971_|_28972_|_28976_|_28977_|_29044_|_29045_|_29046_|_31809_|_31826_|_31827_|_31858_|_31903_|_31904_|_31905_|_31914_|_31915_|u2.state[3]$_DFF_PP0_
-0.319660	u2.state[3]$_DFF_PP0_/Q	wb0s_data_o[10]	_28971_|_28972_|_28976_|_28977_|_29044_|_29045_|_29046_|_31809_|_31826_|_31827_|_31858_|_31903_|_31904_|_31905_|_31911_|_31912_|u2.state[3]$_DFF_PP0_
-0.319660	u2.state[3]$_DFF_PP0_/Q	wb0s_data_o[11]	_28971_|_28972_|_28976_|_28977_|_29044_|_29045_|_29046_|_31809_|_31826_|_31827_|_31858_|_31903_|_31904_|_31905_|_31906_|_31909_|u2.state[3]$_DFF_PP0_
-0.319660	u2.state[3]$_DFF_PP0_/Q	wb0s_data_o[6]	_28971_|_28972_|_28976_|_28977_|_29044_|_29045_|_29046_|_31809_|_31826_|_31827_|_31858_|_31903_|_31904_|_31905_|_31924_|_31925_|u2.state[3]$_DFF_PP0_
-0.319660	u2.state[3]$_DFF_PP0_/Q	wb0s_data_o[7]	_28971_|_28972_|_28976_|_28977_|_29044_|_29045_|_29046_|_31809_|_31826_|_31827_|_31858_|_31903_|_31904_|_31905_|_31921_|_31922_|u2.state[3]$_DFF_PP0_
-0.319660	u2.state[3]$_DFF_PP0_/Q	wb0s_data_o[8]	_28971_|_28972_|_28976_|_28977_|_29044_|_29045_|_29046_|_31809_|_31826_|_31827_|_31858_|_31903_|_31904_|_31905_|_31917_|_31919_|u2.state[3]$_DFF_PP0_
-0.319660	u2.state[3]$_DFF_PP0_/Q	wb0s_data_o[9]	_28971_|_28972_|_28976_|_28977_|_29044_|_29045_|_29046_|_31809_|_31826_|_31827_|_31858_|_31903_|_31904_|_31905_|_31914_|_31915_|u2.state[3]$_DFF_PP0_
-0.319659	u2.state[3]$_DFF_PP0_/Q	wb0s_data_o[10]	_28971_|_28972_|_28976_|_28977_|_29044_|_29045_|_29046_|_31809_|_31826_|_31827_|_31858_|_31903_|_31904_|_31905_|_31911_|_31912_|u2.state[3]$_DFF_PP0_
-0.319659	u2.state[3]$_DFF_PP0_/Q	wb0s_data_o[11]	_28971_|_28972_|_28976_|_28977_|_29044_|_29045_|_29046_|_31809_|_31826_|_31827_|_31858_|_31903_|_31904_|_31905_|_31906_|_31909_|u2.state[3]$_DFF_PP0_
-0.319659	u2.state[3]$_DFF_PP0_/Q	wb0s_data_o[6]	_28971_|_28972_|_28976_|_28977_|_29044_|_29045_|_29046_|_31809_|_31826_|_31827_|_31858_|_31903_|_31904_|_31905_|_31924_|_31925_|u2.state[3]$_DFF_PP0_
-0.319659	u2.state[3]$_DFF_PP0_/Q	wb0s_data_o[7]	_28971_|_28972_|_28976_|_28977_|_29044_|_29045_|_29046_|_31809_|_31826_|_31827_|_31858_|_31903_|_31904_|_31905_|_31921_|_31922_|u2.state[3]$_DFF_PP0_
-0.319659	u2.state[3]$_DFF_PP0_/Q	wb0s_data_o[8]	_28971_|_28972_|_28976_|_28977_|_29044_|_29045_|_29046_|_31809_|_31826_|_31827_|_31858_|_31903_|_31904_|_31905_|_31917_|_31919_|u2.state[3]$_DFF_PP0_
-0.319659	u2.state[3]$_DFF_PP0_/Q	wb0s_data_o[9]	_28971_|_28972_|_28976_|_28977_|_29044_|_29045_|_29046_|_31809_|_31826_|_31827_|_31858_|_31903_|_31904_|_31905_|_31914_|_31915_|u2.state[3]$_DFF_PP0_
-0.318923	u2.state[3]$_DFF_PP0_/Q	wb0s_data_o[10]	_28971_|_28972_|_28976_|_28977_|_29044_|_29045_|_29046_|_31809_|_31826_|_31827_|_31858_|_31903_|_31904_|_31905_|_31911_|_31912_|u2.state[3]$_DFF_PP0_
-0.318923	u2.state[3]$_DFF_PP0_/Q	wb0s_data_o[11]	_28971_|_28972_|_28976_|_28977_|_29044_|_29045_|_29046_|_31809_|_31826_|_31827_|_31858_|_31903_|_31904_|_31905_|_31906_|_31909_|u2.state[3]$_DFF_PP0_
-0.318923	u2.state[3]$_DFF_PP0_/Q	wb0s_data_o[6]	_28971_|_28972_|_28976_|_28977_|_29044_|_29045_|_29046_|_31809_|_31826_|_31827_|_31858_|_31903_|_31904_|_31905_|_31924_|_31925_|u2.state[3]$_DFF_PP0_
-0.318923	u2.state[3]$_DFF_PP0_/Q	wb0s_data_o[7]	_28971_|_28972_|_28976_|_28977_|_29044_|_29045_|_29046_|_31809_|_31826_|_31827_|_31858_|_31903_|_31904_|_31905_|_31921_|_31922_|u2.state[3]$_DFF_PP0_
-0.318923	u2.state[3]$_DFF_PP0_/Q	wb0s_data_o[8]	_28971_|_28972_|_28976_|_28977_|_29044_|_29045_|_29046_|_31809_|_31826_|_31827_|_31858_|_31903_|_31904_|_31905_|_31917_|_31919_|u2.state[3]$_DFF_PP0_
-0.318923	u2.state[3]$_DFF_PP0_/Q	wb0s_data_o[9]	_28971_|_28972_|_28976_|_28977_|_29044_|_29045_|_29046_|_31809_|_31826_|_31827_|_31858_|_31903_|_31904_|_31905_|_31914_|_31915_|u2.state[3]$_DFF_PP0_
-0.318922	u2.state[3]$_DFF_PP0_/Q	wb0s_data_o[10]	_28971_|_28972_|_28976_|_28977_|_29044_|_29045_|_29046_|_31809_|_31826_|_31827_|_31858_|_31903_|_31904_|_31905_|_31911_|_31912_|u2.state[3]$_DFF_PP0_
-0.318922	u2.state[3]$_DFF_PP0_/Q	wb0s_data_o[11]	_28971_|_28972_|_28976_|_28977_|_29044_|_29045_|_29046_|_31809_|_31826_|_31827_|_31858_|_31903_|_31904_|_31905_|_31906_|_31909_|u2.state[3]$_DFF_PP0_
-0.318922	u2.state[3]$_DFF_PP0_/Q	wb0s_data_o[6]	_28971_|_28972_|_28976_|_28977_|_29044_|_29045_|_29046_|_31809_|_31826_|_31827_|_31858_|_31903_|_31904_|_31905_|_31924_|_31925_|u2.state[3]$_DFF_PP0_
-0.318922	u2.state[3]$_DFF_PP0_/Q	wb0s_data_o[7]	_28971_|_28972_|_28976_|_28977_|_29044_|_29045_|_29046_|_31809_|_31826_|_31827_|_31858_|_31903_|_31904_|_31905_|_31921_|_31922_|u2.state[3]$_DFF_PP0_
-0.318922	u2.state[3]$_DFF_PP0_/Q	wb0s_data_o[8]	_28971_|_28972_|_28976_|_28977_|_29044_|_29045_|_29046_|_31809_|_31826_|_31827_|_31858_|_31903_|_31904_|_31905_|_31917_|_31919_|u2.state[3]$_DFF_PP0_
-0.318922	u2.state[3]$_DFF_PP0_/Q	wb0s_data_o[9]	_28971_|_28972_|_28976_|_28977_|_29044_|_29045_|_29046_|_31809_|_31826_|_31827_|_31858_|_31903_|_31904_|_31905_|_31914_|_31915_|u2.state[3]$_DFF_PP0_
-0.318695	u2.state[3]$_DFF_PP0_/Q	wb0s_data_o[10]	_28971_|_28972_|_28976_|_28977_|_29044_|_29045_|_29046_|_31809_|_31826_|_31827_|_31858_|_31903_|_31904_|_31905_|_31911_|_31912_|u2.state[3]$_DFF_PP0_
-0.318695	u2.state[3]$_DFF_PP0_/Q	wb0s_data_o[11]	_28971_|_28972_|_28976_|_28977_|_29044_|_29045_|_29046_|_31809_|_31826_|_31827_|_31858_|_31903_|_31904_|_31905_|_31906_|_31909_|u2.state[3]$_DFF_PP0_
-0.318695	u2.state[3]$_DFF_PP0_/Q	wb0s_data_o[6]	_28971_|_28972_|_28976_|_28977_|_29044_|_29045_|_29046_|_31809_|_31826_|_31827_|_31858_|_31903_|_31904_|_31905_|_31924_|_31925_|u2.state[3]$_DFF_PP0_
-0.318695	u2.state[3]$_DFF_PP0_/Q	wb0s_data_o[7]	_28971_|_28972_|_28976_|_28977_|_29044_|_29045_|_29046_|_31809_|_31826_|_31827_|_31858_|_31903_|_31904_|_31905_|_31921_|_31922_|u2.state[3]$_DFF_PP0_
-0.318695	u2.state[3]$_DFF_PP0_/Q	wb0s_data_o[8]	_28971_|_28972_|_28976_|_28977_|_29044_|_29045_|_29046_|_31809_|_31826_|_31827_|_31858_|_31903_|_31904_|_31905_|_31917_|_31919_|u2.state[3]$_DFF_PP0_
-0.318695	u2.state[3]$_DFF_PP0_/Q	wb0s_data_o[9]	_28971_|_28972_|_28976_|_28977_|_29044_|_29045_|_29046_|_31809_|_31826_|_31827_|_31858_|_31903_|_31904_|_31905_|_31914_|_31915_|u2.state[3]$_DFF_PP0_
-0.318694	u2.state[3]$_DFF_PP0_/Q	wb0s_data_o[10]	_28971_|_28972_|_28976_|_28977_|_29044_|_29045_|_29046_|_31809_|_31826_|_31827_|_31858_|_31903_|_31904_|_31905_|_31911_|_31912_|u2.state[3]$_DFF_PP0_
-0.318694	u2.state[3]$_DFF_PP0_/Q	wb0s_data_o[11]	_28971_|_28972_|_28976_|_28977_|_29044_|_29045_|_29046_|_31809_|_31826_|_31827_|_31858_|_31903_|_31904_|_31905_|_31906_|_31909_|u2.state[3]$_DFF_PP0_
-0.318694	u2.state[3]$_DFF_PP0_/Q	wb0s_data_o[6]	_28971_|_28972_|_28976_|_28977_|_29044_|_29045_|_29046_|_31809_|_31826_|_31827_|_31858_|_31903_|_31904_|_31905_|_31924_|_31925_|u2.state[3]$_DFF_PP0_
-0.318694	u2.state[3]$_DFF_PP0_/Q	wb0s_data_o[7]	_28971_|_28972_|_28976_|_28977_|_29044_|_29045_|_29046_|_31809_|_31826_|_31827_|_31858_|_31903_|_31904_|_31905_|_31921_|_31922_|u2.state[3]$_DFF_PP0_
-0.318694	u2.state[3]$_DFF_PP0_/Q	wb0s_data_o[8]	_28971_|_28972_|_28976_|_28977_|_29044_|_29045_|_29046_|_31809_|_31826_|_31827_|_31858_|_31903_|_31904_|_31905_|_31917_|_31919_|u2.state[3]$_DFF_PP0_
-0.318694	u2.state[3]$_DFF_PP0_/Q	wb0s_data_o[9]	_28971_|_28972_|_28976_|_28977_|_29044_|_29045_|_29046_|_31809_|_31826_|_31827_|_31858_|_31903_|_31904_|_31905_|_31914_|_31915_|u2.state[3]$_DFF_PP0_
-0.318689	u2.state[3]$_DFF_PP0_/Q	wb0s_data_o[10]	_28971_|_28972_|_28976_|_28977_|_29044_|_29045_|_29046_|_31809_|_31826_|_31827_|_31858_|_31903_|_31904_|_31905_|_31911_|_31912_|u2.state[3]$_DFF_PP0_
-0.318689	u2.state[3]$_DFF_PP0_/Q	wb0s_data_o[11]	_28971_|_28972_|_28976_|_28977_|_29044_|_29045_|_29046_|_31809_|_31826_|_31827_|_31858_|_31903_|_31904_|_31905_|_31906_|_31909_|u2.state[3]$_DFF_PP0_
-0.318689	u2.state[3]$_DFF_PP0_/Q	wb0s_data_o[6]	_28971_|_28972_|_28976_|_28977_|_29044_|_29045_|_29046_|_31809_|_31826_|_31827_|_31858_|_31903_|_31904_|_31905_|_31924_|_31925_|u2.state[3]$_DFF_PP0_
-0.318689	u2.state[3]$_DFF_PP0_/Q	wb0s_data_o[7]	_28971_|_28972_|_28976_|_28977_|_29044_|_29045_|_29046_|_31809_|_31826_|_31827_|_31858_|_31903_|_31904_|_31905_|_31921_|_31922_|u2.state[3]$_DFF_PP0_
-0.318689	u2.state[3]$_DFF_PP0_/Q	wb0s_data_o[8]	_28971_|_28972_|_28976_|_28977_|_29044_|_29045_|_29046_|_31809_|_31826_|_31827_|_31858_|_31903_|_31904_|_31905_|_31917_|_31919_|u2.state[3]$_DFF_PP0_
-0.318689	u2.state[3]$_DFF_PP0_/Q	wb0s_data_o[9]	_28971_|_28972_|_28976_|_28977_|_29044_|_29045_|_29046_|_31809_|_31826_|_31827_|_31858_|_31903_|_31904_|_31905_|_31914_|_31915_|u2.state[3]$_DFF_PP0_
-0.318688	u2.state[3]$_DFF_PP0_/Q	wb0s_data_o[10]	_28971_|_28972_|_28976_|_28977_|_29044_|_29045_|_29046_|_31809_|_31826_|_31827_|_31858_|_31903_|_31904_|_31905_|_31911_|_31912_|u2.state[3]$_DFF_PP0_
-0.318688	u2.state[3]$_DFF_PP0_/Q	wb0s_data_o[11]	_28971_|_28972_|_28976_|_28977_|_29044_|_29045_|_29046_|_31809_|_31826_|_31827_|_31858_|_31903_|_31904_|_31905_|_31906_|_31909_|u2.state[3]$_DFF_PP0_
-0.318688	u2.state[3]$_DFF_PP0_/Q	wb0s_data_o[6]	_28971_|_28972_|_28976_|_28977_|_29044_|_29045_|_29046_|_31809_|_31826_|_31827_|_31858_|_31903_|_31904_|_31905_|_31924_|_31925_|u2.state[3]$_DFF_PP0_
-0.318688	u2.state[3]$_DFF_PP0_/Q	wb0s_data_o[7]	_28971_|_28972_|_28976_|_28977_|_29044_|_29045_|_29046_|_31809_|_31826_|_31827_|_31858_|_31903_|_31904_|_31905_|_31921_|_31922_|u2.state[3]$_DFF_PP0_
-0.318688	u2.state[3]$_DFF_PP0_/Q	wb0s_data_o[8]	_28971_|_28972_|_28976_|_28977_|_29044_|_29045_|_29046_|_31809_|_31826_|_31827_|_31858_|_31903_|_31904_|_31905_|_31917_|_31919_|u2.state[3]$_DFF_PP0_
-0.318688	u2.state[3]$_DFF_PP0_/Q	wb0s_data_o[9]	_28971_|_28972_|_28976_|_28977_|_29044_|_29045_|_29046_|_31809_|_31826_|_31827_|_31858_|_31903_|_31904_|_31905_|_31914_|_31915_|u2.state[3]$_DFF_PP0_
-0.318460	u2.state[3]$_DFF_PP0_/Q	wb0s_data_o[10]	_28971_|_28972_|_28976_|_28977_|_29044_|_29045_|_29046_|_31809_|_31826_|_31827_|_31858_|_31903_|_31904_|_31905_|_31911_|_31912_|u2.state[3]$_DFF_PP0_
-0.318460	u2.state[3]$_DFF_PP0_/Q	wb0s_data_o[11]	_28971_|_28972_|_28976_|_28977_|_29044_|_29045_|_29046_|_31809_|_31826_|_31827_|_31858_|_31903_|_31904_|_31905_|_31906_|_31909_|u2.state[3]$_DFF_PP0_
-0.318460	u2.state[3]$_DFF_PP0_/Q	wb0s_data_o[6]	_28971_|_28972_|_28976_|_28977_|_29044_|_29045_|_29046_|_31809_|_31826_|_31827_|_31858_|_31903_|_31904_|_31905_|_31924_|_31925_|u2.state[3]$_DFF_PP0_
-0.318460	u2.state[3]$_DFF_PP0_/Q	wb0s_data_o[7]	_28971_|_28972_|_28976_|_28977_|_29044_|_29045_|_29046_|_31809_|_31826_|_31827_|_31858_|_31903_|_31904_|_31905_|_31921_|_31922_|u2.state[3]$_DFF_PP0_
-0.318460	u2.state[3]$_DFF_PP0_/Q	wb0s_data_o[8]	_28971_|_28972_|_28976_|_28977_|_29044_|_29045_|_29046_|_31809_|_31826_|_31827_|_31858_|_31903_|_31904_|_31905_|_31917_|_31919_|u2.state[3]$_DFF_PP0_
-0.318460	u2.state[3]$_DFF_PP0_/Q	wb0s_data_o[9]	_28971_|_28972_|_28976_|_28977_|_29044_|_29045_|_29046_|_31809_|_31826_|_31827_|_31858_|_31903_|_31904_|_31905_|_31914_|_31915_|u2.state[3]$_DFF_PP0_
-0.318459	u2.state[3]$_DFF_PP0_/Q	wb0s_data_o[10]	_28971_|_28972_|_28976_|_28977_|_29044_|_29045_|_29046_|_31809_|_31826_|_31827_|_31858_|_31903_|_31904_|_31905_|_31911_|_31912_|u2.state[3]$_DFF_PP0_
-0.318459	u2.state[3]$_DFF_PP0_/Q	wb0s_data_o[11]	_28971_|_28972_|_28976_|_28977_|_29044_|_29045_|_29046_|_31809_|_31826_|_31827_|_31858_|_31903_|_31904_|_31905_|_31906_|_31909_|u2.state[3]$_DFF_PP0_
-0.318459	u2.state[3]$_DFF_PP0_/Q	wb0s_data_o[6]	_28971_|_28972_|_28976_|_28977_|_29044_|_29045_|_29046_|_31809_|_31826_|_31827_|_31858_|_31903_|_31904_|_31905_|_31924_|_31925_|u2.state[3]$_DFF_PP0_
-0.318459	u2.state[3]$_DFF_PP0_/Q	wb0s_data_o[7]	_28971_|_28972_|_28976_|_28977_|_29044_|_29045_|_29046_|_31809_|_31826_|_31827_|_31858_|_31903_|_31904_|_31905_|_31921_|_31922_|u2.state[3]$_DFF_PP0_
-0.318459	u2.state[3]$_DFF_PP0_/Q	wb0s_data_o[8]	_28971_|_28972_|_28976_|_28977_|_29044_|_29045_|_29046_|_31809_|_31826_|_31827_|_31858_|_31903_|_31904_|_31905_|_31917_|_31919_|u2.state[3]$_DFF_PP0_
-0.318459	u2.state[3]$_DFF_PP0_/Q	wb0s_data_o[9]	_28971_|_28972_|_28976_|_28977_|_29044_|_29045_|_29046_|_31809_|_31826_|_31827_|_31858_|_31903_|_31904_|_31905_|_31914_|_31915_|u2.state[3]$_DFF_PP0_
-0.317950	u2.state[9]$_DFF_PP0_/Q	wb0s_data_o[10]	_28970_|_28972_|_28976_|_28977_|_29044_|_29045_|_29046_|_31809_|_31826_|_31827_|_31858_|_31903_|_31904_|_31905_|_31911_|_31912_|u2.state[9]$_DFF_PP0_
-0.317950	u2.state[9]$_DFF_PP0_/Q	wb0s_data_o[11]	_28970_|_28972_|_28976_|_28977_|_29044_|_29045_|_29046_|_31809_|_31826_|_31827_|_31858_|_31903_|_31904_|_31905_|_31906_|_31909_|u2.state[9]$_DFF_PP0_
-0.317950	u2.state[9]$_DFF_PP0_/Q	wb0s_data_o[6]	_28970_|_28972_|_28976_|_28977_|_29044_|_29045_|_29046_|_31809_|_31826_|_31827_|_31858_|_31903_|_31904_|_31905_|_31924_|_31925_|u2.state[9]$_DFF_PP0_
-0.317950	u2.state[9]$_DFF_PP0_/Q	wb0s_data_o[7]	_28970_|_28972_|_28976_|_28977_|_29044_|_29045_|_29046_|_31809_|_31826_|_31827_|_31858_|_31903_|_31904_|_31905_|_31921_|_31922_|u2.state[9]$_DFF_PP0_
-0.317950	u2.state[9]$_DFF_PP0_/Q	wb0s_data_o[8]	_28970_|_28972_|_28976_|_28977_|_29044_|_29045_|_29046_|_31809_|_31826_|_31827_|_31858_|_31903_|_31904_|_31905_|_31917_|_31919_|u2.state[9]$_DFF_PP0_
-0.317950	u2.state[9]$_DFF_PP0_/Q	wb0s_data_o[9]	_28970_|_28972_|_28976_|_28977_|_29044_|_29045_|_29046_|_31809_|_31826_|_31827_|_31858_|_31903_|_31904_|_31905_|_31914_|_31915_|u2.state[9]$_DFF_PP0_
-0.317949	u2.state[9]$_DFF_PP0_/Q	wb0s_data_o[10]	_28970_|_28972_|_28976_|_28977_|_29044_|_29045_|_29046_|_31809_|_31826_|_31827_|_31858_|_31903_|_31904_|_31905_|_31911_|_31912_|u2.state[9]$_DFF_PP0_
-0.317949	u2.state[9]$_DFF_PP0_/Q	wb0s_data_o[11]	_28970_|_28972_|_28976_|_28977_|_29044_|_29045_|_29046_|_31809_|_31826_|_31827_|_31858_|_31903_|_31904_|_31905_|_31906_|_31909_|u2.state[9]$_DFF_PP0_
-0.317949	u2.state[9]$_DFF_PP0_/Q	wb0s_data_o[6]	_28970_|_28972_|_28976_|_28977_|_29044_|_29045_|_29046_|_31809_|_31826_|_31827_|_31858_|_31903_|_31904_|_31905_|_31924_|_31925_|u2.state[9]$_DFF_PP0_
-0.317949	u2.state[9]$_DFF_PP0_/Q	wb0s_data_o[7]	_28970_|_28972_|_28976_|_28977_|_29044_|_29045_|_29046_|_31809_|_31826_|_31827_|_31858_|_31903_|_31904_|_31905_|_31921_|_31922_|u2.state[9]$_DFF_PP0_
-0.317949	u2.state[9]$_DFF_PP0_/Q	wb0s_data_o[8]	_28970_|_28972_|_28976_|_28977_|_29044_|_29045_|_29046_|_31809_|_31826_|_31827_|_31858_|_31903_|_31904_|_31905_|_31917_|_31919_|u2.state[9]$_DFF_PP0_
-0.317949	u2.state[9]$_DFF_PP0_/Q	wb0s_data_o[9]	_28970_|_28972_|_28976_|_28977_|_29044_|_29045_|_29046_|_31809_|_31826_|_31827_|_31858_|_31903_|_31904_|_31905_|_31914_|_31915_|u2.state[9]$_DFF_PP0_
-0.317917	u2.state[3]$_DFF_PP0_/Q	wb0s_data_o[10]	_28971_|_28972_|_28976_|_28977_|_29044_|_29045_|_29046_|_31809_|_31826_|_31827_|_31858_|_31903_|_31904_|_31905_|_31911_|_31912_|u2.state[3]$_DFF_PP0_
-0.317917	u2.state[3]$_DFF_PP0_/Q	wb0s_data_o[11]	_28971_|_28972_|_28976_|_28977_|_29044_|_29045_|_29046_|_31809_|_31826_|_31827_|_31858_|_31903_|_31904_|_31905_|_31906_|_31909_|u2.state[3]$_DFF_PP0_
-0.317917	u2.state[3]$_DFF_PP0_/Q	wb0s_data_o[6]	_28971_|_28972_|_28976_|_28977_|_29044_|_29045_|_29046_|_31809_|_31826_|_31827_|_31858_|_31903_|_31904_|_31905_|_31924_|_31925_|u2.state[3]$_DFF_PP0_
-0.317917	u2.state[3]$_DFF_PP0_/Q	wb0s_data_o[7]	_28971_|_28972_|_28976_|_28977_|_29044_|_29045_|_29046_|_31809_|_31826_|_31827_|_31858_|_31903_|_31904_|_31905_|_31921_|_31922_|u2.state[3]$_DFF_PP0_
-0.317917	u2.state[3]$_DFF_PP0_/Q	wb0s_data_o[8]	_28971_|_28972_|_28976_|_28977_|_29044_|_29045_|_29046_|_31809_|_31826_|_31827_|_31858_|_31903_|_31904_|_31905_|_31917_|_31919_|u2.state[3]$_DFF_PP0_
-0.317917	u2.state[3]$_DFF_PP0_/Q	wb0s_data_o[9]	_28971_|_28972_|_28976_|_28977_|_29044_|_29045_|_29046_|_31809_|_31826_|_31827_|_31858_|_31903_|_31904_|_31905_|_31914_|_31915_|u2.state[3]$_DFF_PP0_
-0.317916	u2.state[3]$_DFF_PP0_/Q	wb0s_data_o[10]	_28971_|_28972_|_28976_|_28977_|_29044_|_29045_|_29046_|_31809_|_31826_|_31827_|_31858_|_31903_|_31904_|_31905_|_31911_|_31912_|u2.state[3]$_DFF_PP0_
-0.317916	u2.state[3]$_DFF_PP0_/Q	wb0s_data_o[11]	_28971_|_28972_|_28976_|_28977_|_29044_|_29045_|_29046_|_31809_|_31826_|_31827_|_31858_|_31903_|_31904_|_31905_|_31906_|_31909_|u2.state[3]$_DFF_PP0_
-0.317916	u2.state[3]$_DFF_PP0_/Q	wb0s_data_o[6]	_28971_|_28972_|_28976_|_28977_|_29044_|_29045_|_29046_|_31809_|_31826_|_31827_|_31858_|_31903_|_31904_|_31905_|_31924_|_31925_|u2.state[3]$_DFF_PP0_
-0.317916	u2.state[3]$_DFF_PP0_/Q	wb0s_data_o[7]	_28971_|_28972_|_28976_|_28977_|_29044_|_29045_|_29046_|_31809_|_31826_|_31827_|_31858_|_31903_|_31904_|_31905_|_31921_|_31922_|u2.state[3]$_DFF_PP0_
-0.317916	u2.state[3]$_DFF_PP0_/Q	wb0s_data_o[8]	_28971_|_28972_|_28976_|_28977_|_29044_|_29045_|_29046_|_31809_|_31826_|_31827_|_31858_|_31903_|_31904_|_31905_|_31917_|_31919_|u2.state[3]$_DFF_PP0_
-0.317916	u2.state[3]$_DFF_PP0_/Q	wb0s_data_o[9]	_28971_|_28972_|_28976_|_28977_|_29044_|_29045_|_29046_|_31809_|_31826_|_31827_|_31858_|_31903_|_31904_|_31905_|_31914_|_31915_|u2.state[3]$_DFF_PP0_
-0.317715	u2.state[9]$_DFF_PP0_/Q	wb0s_data_o[10]	_28970_|_28972_|_28976_|_28977_|_29044_|_29045_|_29046_|_31809_|_31826_|_31827_|_31858_|_31903_|_31904_|_31905_|_31911_|_31912_|u2.state[9]$_DFF_PP0_
-0.317715	u2.state[9]$_DFF_PP0_/Q	wb0s_data_o[11]	_28970_|_28972_|_28976_|_28977_|_29044_|_29045_|_29046_|_31809_|_31826_|_31827_|_31858_|_31903_|_31904_|_31905_|_31906_|_31909_|u2.state[9]$_DFF_PP0_
-0.317715	u2.state[9]$_DFF_PP0_/Q	wb0s_data_o[6]	_28970_|_28972_|_28976_|_28977_|_29044_|_29045_|_29046_|_31809_|_31826_|_31827_|_31858_|_31903_|_31904_|_31905_|_31924_|_31925_|u2.state[9]$_DFF_PP0_
-0.317715	u2.state[9]$_DFF_PP0_/Q	wb0s_data_o[7]	_28970_|_28972_|_28976_|_28977_|_29044_|_29045_|_29046_|_31809_|_31826_|_31827_|_31858_|_31903_|_31904_|_31905_|_31921_|_31922_|u2.state[9]$_DFF_PP0_
-0.317715	u2.state[9]$_DFF_PP0_/Q	wb0s_data_o[8]	_28970_|_28972_|_28976_|_28977_|_29044_|_29045_|_29046_|_31809_|_31826_|_31827_|_31858_|_31903_|_31904_|_31905_|_31917_|_31919_|u2.state[9]$_DFF_PP0_
-0.317715	u2.state[9]$_DFF_PP0_/Q	wb0s_data_o[9]	_28970_|_28972_|_28976_|_28977_|_29044_|_29045_|_29046_|_31809_|_31826_|_31827_|_31858_|_31903_|_31904_|_31905_|_31914_|_31915_|u2.state[9]$_DFF_PP0_
-0.317714	u2.state[9]$_DFF_PP0_/Q	wb0s_data_o[10]	_28970_|_28972_|_28976_|_28977_|_29044_|_29045_|_29046_|_31809_|_31826_|_31827_|_31858_|_31903_|_31904_|_31905_|_31911_|_31912_|u2.state[9]$_DFF_PP0_
-0.317714	u2.state[9]$_DFF_PP0_/Q	wb0s_data_o[11]	_28970_|_28972_|_28976_|_28977_|_29044_|_29045_|_29046_|_31809_|_31826_|_31827_|_31858_|_31903_|_31904_|_31905_|_31906_|_31909_|u2.state[9]$_DFF_PP0_
-0.317714	u2.state[9]$_DFF_PP0_/Q	wb0s_data_o[6]	_28970_|_28972_|_28976_|_28977_|_29044_|_29045_|_29046_|_31809_|_31826_|_31827_|_31858_|_31903_|_31904_|_31905_|_31924_|_31925_|u2.state[9]$_DFF_PP0_
-0.317714	u2.state[9]$_DFF_PP0_/Q	wb0s_data_o[7]	_28970_|_28972_|_28976_|_28977_|_29044_|_29045_|_29046_|_31809_|_31826_|_31827_|_31858_|_31903_|_31904_|_31905_|_31921_|_31922_|u2.state[9]$_DFF_PP0_
-0.317714	u2.state[9]$_DFF_PP0_/Q	wb0s_data_o[8]	_28970_|_28972_|_28976_|_28977_|_29044_|_29045_|_29046_|_31809_|_31826_|_31827_|_31858_|_31903_|_31904_|_31905_|_31917_|_31919_|u2.state[9]$_DFF_PP0_
-0.317714	u2.state[9]$_DFF_PP0_/Q	wb0s_data_o[9]	_28970_|_28972_|_28976_|_28977_|_29044_|_29045_|_29046_|_31809_|_31826_|_31827_|_31858_|_31903_|_31904_|_31905_|_31914_|_31915_|u2.state[9]$_DFF_PP0_
-0.317688	u2.state[3]$_DFF_PP0_/Q	wb0s_data_o[10]	_28971_|_28972_|_28976_|_28977_|_29044_|_29045_|_29046_|_31809_|_31826_|_31827_|_31858_|_31903_|_31904_|_31905_|_31911_|_31912_|u2.state[3]$_DFF_PP0_
-0.317688	u2.state[3]$_DFF_PP0_/Q	wb0s_data_o[11]	_28971_|_28972_|_28976_|_28977_|_29044_|_29045_|_29046_|_31809_|_31826_|_31827_|_31858_|_31903_|_31904_|_31905_|_31906_|_31909_|u2.state[3]$_DFF_PP0_
-0.317688	u2.state[3]$_DFF_PP0_/Q	wb0s_data_o[6]	_28971_|_28972_|_28976_|_28977_|_29044_|_29045_|_29046_|_31809_|_31826_|_31827_|_31858_|_31903_|_31904_|_31905_|_31924_|_31925_|u2.state[3]$_DFF_PP0_
-0.317688	u2.state[3]$_DFF_PP0_/Q	wb0s_data_o[7]	_28971_|_28972_|_28976_|_28977_|_29044_|_29045_|_29046_|_31809_|_31826_|_31827_|_31858_|_31903_|_31904_|_31905_|_31921_|_31922_|u2.state[3]$_DFF_PP0_
-0.317688	u2.state[3]$_DFF_PP0_/Q	wb0s_data_o[8]	_28971_|_28972_|_28976_|_28977_|_29044_|_29045_|_29046_|_31809_|_31826_|_31827_|_31858_|_31903_|_31904_|_31905_|_31917_|_31919_|u2.state[3]$_DFF_PP0_
-0.317688	u2.state[3]$_DFF_PP0_/Q	wb0s_data_o[9]	_28971_|_28972_|_28976_|_28977_|_29044_|_29045_|_29046_|_31809_|_31826_|_31827_|_31858_|_31903_|_31904_|_31905_|_31914_|_31915_|u2.state[3]$_DFF_PP0_
-0.317687	u2.state[3]$_DFF_PP0_/Q	wb0s_data_o[10]	_28971_|_28972_|_28976_|_28977_|_29044_|_29045_|_29046_|_31809_|_31826_|_31827_|_31858_|_31903_|_31904_|_31905_|_31911_|_31912_|u2.state[3]$_DFF_PP0_
-0.317687	u2.state[3]$_DFF_PP0_/Q	wb0s_data_o[11]	_28971_|_28972_|_28976_|_28977_|_29044_|_29045_|_29046_|_31809_|_31826_|_31827_|_31858_|_31903_|_31904_|_31905_|_31906_|_31909_|u2.state[3]$_DFF_PP0_
-0.317687	u2.state[3]$_DFF_PP0_/Q	wb0s_data_o[6]	_28971_|_28972_|_28976_|_28977_|_29044_|_29045_|_29046_|_31809_|_31826_|_31827_|_31858_|_31903_|_31904_|_31905_|_31924_|_31925_|u2.state[3]$_DFF_PP0_
-0.317687	u2.state[3]$_DFF_PP0_/Q	wb0s_data_o[7]	_28971_|_28972_|_28976_|_28977_|_29044_|_29045_|_29046_|_31809_|_31826_|_31827_|_31858_|_31903_|_31904_|_31905_|_31921_|_31922_|u2.state[3]$_DFF_PP0_
-0.317687	u2.state[3]$_DFF_PP0_/Q	wb0s_data_o[8]	_28971_|_28972_|_28976_|_28977_|_29044_|_29045_|_29046_|_31809_|_31826_|_31827_|_31858_|_31903_|_31904_|_31905_|_31917_|_31919_|u2.state[3]$_DFF_PP0_
-0.317687	u2.state[3]$_DFF_PP0_/Q	wb0s_data_o[9]	_28971_|_28972_|_28976_|_28977_|_29044_|_29045_|_29046_|_31809_|_31826_|_31827_|_31858_|_31903_|_31904_|_31905_|_31914_|_31915_|u2.state[3]$_DFF_PP0_
-0.316943	u2.state[9]$_DFF_PP0_/Q	wb0s_data_o[10]	_28970_|_28972_|_28976_|_28977_|_29044_|_29045_|_29046_|_31809_|_31826_|_31827_|_31858_|_31903_|_31904_|_31905_|_31911_|_31912_|u2.state[9]$_DFF_PP0_
-0.316943	u2.state[9]$_DFF_PP0_/Q	wb0s_data_o[11]	_28970_|_28972_|_28976_|_28977_|_29044_|_29045_|_29046_|_31809_|_31826_|_31827_|_31858_|_31903_|_31904_|_31905_|_31906_|_31909_|u2.state[9]$_DFF_PP0_
-0.316943	u2.state[9]$_DFF_PP0_/Q	wb0s_data_o[6]	_28970_|_28972_|_28976_|_28977_|_29044_|_29045_|_29046_|_31809_|_31826_|_31827_|_31858_|_31903_|_31904_|_31905_|_31924_|_31925_|u2.state[9]$_DFF_PP0_
-0.316943	u2.state[9]$_DFF_PP0_/Q	wb0s_data_o[7]	_28970_|_28972_|_28976_|_28977_|_29044_|_29045_|_29046_|_31809_|_31826_|_31827_|_31858_|_31903_|_31904_|_31905_|_31921_|_31922_|u2.state[9]$_DFF_PP0_
-0.316943	u2.state[9]$_DFF_PP0_/Q	wb0s_data_o[8]	_28970_|_28972_|_28976_|_28977_|_29044_|_29045_|_29046_|_31809_|_31826_|_31827_|_31858_|_31903_|_31904_|_31905_|_31917_|_31919_|u2.state[9]$_DFF_PP0_
-0.316943	u2.state[9]$_DFF_PP0_/Q	wb0s_data_o[9]	_28970_|_28972_|_28976_|_28977_|_29044_|_29045_|_29046_|_31809_|_31826_|_31827_|_31858_|_31903_|_31904_|_31905_|_31914_|_31915_|u2.state[9]$_DFF_PP0_
-0.316942	u2.state[9]$_DFF_PP0_/Q	wb0s_data_o[10]	_28970_|_28972_|_28976_|_28977_|_29044_|_29045_|_29046_|_31809_|_31826_|_31827_|_31858_|_31903_|_31904_|_31905_|_31911_|_31912_|u2.state[9]$_DFF_PP0_
-0.316942	u2.state[9]$_DFF_PP0_/Q	wb0s_data_o[11]	_28970_|_28972_|_28976_|_28977_|_29044_|_29045_|_29046_|_31809_|_31826_|_31827_|_31858_|_31903_|_31904_|_31905_|_31906_|_31909_|u2.state[9]$_DFF_PP0_
-0.316942	u2.state[9]$_DFF_PP0_/Q	wb0s_data_o[6]	_28970_|_28972_|_28976_|_28977_|_29044_|_29045_|_29046_|_31809_|_31826_|_31827_|_31858_|_31903_|_31904_|_31905_|_31924_|_31925_|u2.state[9]$_DFF_PP0_
-0.316942	u2.state[9]$_DFF_PP0_/Q	wb0s_data_o[7]	_28970_|_28972_|_28976_|_28977_|_29044_|_29045_|_29046_|_31809_|_31826_|_31827_|_31858_|_31903_|_31904_|_31905_|_31921_|_31922_|u2.state[9]$_DFF_PP0_
-0.316942	u2.state[9]$_DFF_PP0_/Q	wb0s_data_o[8]	_28970_|_28972_|_28976_|_28977_|_29044_|_29045_|_29046_|_31809_|_31826_|_31827_|_31858_|_31903_|_31904_|_31905_|_31917_|_31919_|u2.state[9]$_DFF_PP0_
-0.316942	u2.state[9]$_DFF_PP0_/Q	wb0s_data_o[9]	_28970_|_28972_|_28976_|_28977_|_29044_|_29045_|_29046_|_31809_|_31826_|_31827_|_31858_|_31903_|_31904_|_31905_|_31914_|_31915_|u2.state[9]$_DFF_PP0_
-0.316206	u2.state[9]$_DFF_PP0_/Q	wb0s_data_o[10]	_28970_|_28972_|_28976_|_28977_|_29044_|_29045_|_29046_|_31809_|_31826_|_31827_|_31858_|_31903_|_31904_|_31905_|_31911_|_31912_|u2.state[9]$_DFF_PP0_
-0.316206	u2.state[9]$_DFF_PP0_/Q	wb0s_data_o[11]	_28970_|_28972_|_28976_|_28977_|_29044_|_29045_|_29046_|_31809_|_31826_|_31827_|_31858_|_31903_|_31904_|_31905_|_31906_|_31909_|u2.state[9]$_DFF_PP0_
-0.316206	u2.state[9]$_DFF_PP0_/Q	wb0s_data_o[6]	_28970_|_28972_|_28976_|_28977_|_29044_|_29045_|_29046_|_31809_|_31826_|_31827_|_31858_|_31903_|_31904_|_31905_|_31924_|_31925_|u2.state[9]$_DFF_PP0_
-0.316206	u2.state[9]$_DFF_PP0_/Q	wb0s_data_o[7]	_28970_|_28972_|_28976_|_28977_|_29044_|_29045_|_29046_|_31809_|_31826_|_31827_|_31858_|_31903_|_31904_|_31905_|_31921_|_31922_|u2.state[9]$_DFF_PP0_
-0.316206	u2.state[9]$_DFF_PP0_/Q	wb0s_data_o[8]	_28970_|_28972_|_28976_|_28977_|_29044_|_29045_|_29046_|_31809_|_31826_|_31827_|_31858_|_31903_|_31904_|_31905_|_31917_|_31919_|u2.state[9]$_DFF_PP0_
-0.316206	u2.state[9]$_DFF_PP0_/Q	wb0s_data_o[9]	_28970_|_28972_|_28976_|_28977_|_29044_|_29045_|_29046_|_31809_|_31826_|_31827_|_31858_|_31903_|_31904_|_31905_|_31914_|_31915_|u2.state[9]$_DFF_PP0_
-0.316205	u2.state[9]$_DFF_PP0_/Q	wb0s_data_o[10]	_28970_|_28972_|_28976_|_28977_|_29044_|_29045_|_29046_|_31809_|_31826_|_31827_|_31858_|_31903_|_31904_|_31905_|_31911_|_31912_|u2.state[9]$_DFF_PP0_
-0.316205	u2.state[9]$_DFF_PP0_/Q	wb0s_data_o[11]	_28970_|_28972_|_28976_|_28977_|_29044_|_29045_|_29046_|_31809_|_31826_|_31827_|_31858_|_31903_|_31904_|_31905_|_31906_|_31909_|u2.state[9]$_DFF_PP0_
-0.316205	u2.state[9]$_DFF_PP0_/Q	wb0s_data_o[6]	_28970_|_28972_|_28976_|_28977_|_29044_|_29045_|_29046_|_31809_|_31826_|_31827_|_31858_|_31903_|_31904_|_31905_|_31924_|_31925_|u2.state[9]$_DFF_PP0_
-0.316205	u2.state[9]$_DFF_PP0_/Q	wb0s_data_o[7]	_28970_|_28972_|_28976_|_28977_|_29044_|_29045_|_29046_|_31809_|_31826_|_31827_|_31858_|_31903_|_31904_|_31905_|_31921_|_31922_|u2.state[9]$_DFF_PP0_
-0.316205	u2.state[9]$_DFF_PP0_/Q	wb0s_data_o[8]	_28970_|_28972_|_28976_|_28977_|_29044_|_29045_|_29046_|_31809_|_31826_|_31827_|_31858_|_31903_|_31904_|_31905_|_31917_|_31919_|u2.state[9]$_DFF_PP0_
-0.316205	u2.state[9]$_DFF_PP0_/Q	wb0s_data_o[9]	_28970_|_28972_|_28976_|_28977_|_29044_|_29045_|_29046_|_31809_|_31826_|_31827_|_31858_|_31903_|_31904_|_31905_|_31914_|_31915_|u2.state[9]$_DFF_PP0_
-0.315978	u2.state[9]$_DFF_PP0_/Q	wb0s_data_o[10]	_28970_|_28972_|_28976_|_28977_|_29044_|_29045_|_29046_|_31809_|_31826_|_31827_|_31858_|_31903_|_31904_|_31905_|_31911_|_31912_|u2.state[9]$_DFF_PP0_
-0.315978	u2.state[9]$_DFF_PP0_/Q	wb0s_data_o[11]	_28970_|_28972_|_28976_|_28977_|_29044_|_29045_|_29046_|_31809_|_31826_|_31827_|_31858_|_31903_|_31904_|_31905_|_31906_|_31909_|u2.state[9]$_DFF_PP0_
-0.315978	u2.state[9]$_DFF_PP0_/Q	wb0s_data_o[6]	_28970_|_28972_|_28976_|_28977_|_29044_|_29045_|_29046_|_31809_|_31826_|_31827_|_31858_|_31903_|_31904_|_31905_|_31924_|_31925_|u2.state[9]$_DFF_PP0_
-0.315978	u2.state[9]$_DFF_PP0_/Q	wb0s_data_o[7]	_28970_|_28972_|_28976_|_28977_|_29044_|_29045_|_29046_|_31809_|_31826_|_31827_|_31858_|_31903_|_31904_|_31905_|_31921_|_31922_|u2.state[9]$_DFF_PP0_
-0.315978	u2.state[9]$_DFF_PP0_/Q	wb0s_data_o[8]	_28970_|_28972_|_28976_|_28977_|_29044_|_29045_|_29046_|_31809_|_31826_|_31827_|_31858_|_31903_|_31904_|_31905_|_31917_|_31919_|u2.state[9]$_DFF_PP0_
-0.315978	u2.state[9]$_DFF_PP0_/Q	wb0s_data_o[9]	_28970_|_28972_|_28976_|_28977_|_29044_|_29045_|_29046_|_31809_|_31826_|_31827_|_31858_|_31903_|_31904_|_31905_|_31914_|_31915_|u2.state[9]$_DFF_PP0_
-0.315977	u2.state[9]$_DFF_PP0_/Q	wb0s_data_o[10]	_28970_|_28972_|_28976_|_28977_|_29044_|_29045_|_29046_|_31809_|_31826_|_31827_|_31858_|_31903_|_31904_|_31905_|_31911_|_31912_|u2.state[9]$_DFF_PP0_
-0.315977	u2.state[9]$_DFF_PP0_/Q	wb0s_data_o[11]	_28970_|_28972_|_28976_|_28977_|_29044_|_29045_|_29046_|_31809_|_31826_|_31827_|_31858_|_31903_|_31904_|_31905_|_31906_|_31909_|u2.state[9]$_DFF_PP0_
-0.315977	u2.state[9]$_DFF_PP0_/Q	wb0s_data_o[6]	_28970_|_28972_|_28976_|_28977_|_29044_|_29045_|_29046_|_31809_|_31826_|_31827_|_31858_|_31903_|_31904_|_31905_|_31924_|_31925_|u2.state[9]$_DFF_PP0_
-0.315977	u2.state[9]$_DFF_PP0_/Q	wb0s_data_o[7]	_28970_|_28972_|_28976_|_28977_|_29044_|_29045_|_29046_|_31809_|_31826_|_31827_|_31858_|_31903_|_31904_|_31905_|_31921_|_31922_|u2.state[9]$_DFF_PP0_
-0.315977	u2.state[9]$_DFF_PP0_/Q	wb0s_data_o[8]	_28970_|_28972_|_28976_|_28977_|_29044_|_29045_|_29046_|_31809_|_31826_|_31827_|_31858_|_31903_|_31904_|_31905_|_31917_|_31919_|u2.state[9]$_DFF_PP0_
-0.315977	u2.state[9]$_DFF_PP0_/Q	wb0s_data_o[9]	_28970_|_28972_|_28976_|_28977_|_29044_|_29045_|_29046_|_31809_|_31826_|_31827_|_31858_|_31903_|_31904_|_31905_|_31914_|_31915_|u2.state[9]$_DFF_PP0_
-0.315972	u2.state[9]$_DFF_PP0_/Q	wb0s_data_o[10]	_28970_|_28972_|_28976_|_28977_|_29044_|_29045_|_29046_|_31809_|_31826_|_31827_|_31858_|_31903_|_31904_|_31905_|_31911_|_31912_|u2.state[9]$_DFF_PP0_
-0.315972	u2.state[9]$_DFF_PP0_/Q	wb0s_data_o[11]	_28970_|_28972_|_28976_|_28977_|_29044_|_29045_|_29046_|_31809_|_31826_|_31827_|_31858_|_31903_|_31904_|_31905_|_31906_|_31909_|u2.state[9]$_DFF_PP0_
-0.315972	u2.state[9]$_DFF_PP0_/Q	wb0s_data_o[6]	_28970_|_28972_|_28976_|_28977_|_29044_|_29045_|_29046_|_31809_|_31826_|_31827_|_31858_|_31903_|_31904_|_31905_|_31924_|_31925_|u2.state[9]$_DFF_PP0_
-0.315972	u2.state[9]$_DFF_PP0_/Q	wb0s_data_o[7]	_28970_|_28972_|_28976_|_28977_|_29044_|_29045_|_29046_|_31809_|_31826_|_31827_|_31858_|_31903_|_31904_|_31905_|_31921_|_31922_|u2.state[9]$_DFF_PP0_
-0.315972	u2.state[9]$_DFF_PP0_/Q	wb0s_data_o[8]	_28970_|_28972_|_28976_|_28977_|_29044_|_29045_|_29046_|_31809_|_31826_|_31827_|_31858_|_31903_|_31904_|_31905_|_31917_|_31919_|u2.state[9]$_DFF_PP0_
-0.315972	u2.state[9]$_DFF_PP0_/Q	wb0s_data_o[9]	_28970_|_28972_|_28976_|_28977_|_29044_|_29045_|_29046_|_31809_|_31826_|_31827_|_31858_|_31903_|_31904_|_31905_|_31914_|_31915_|u2.state[9]$_DFF_PP0_
-0.315971	u2.state[9]$_DFF_PP0_/Q	wb0s_data_o[10]	_28970_|_28972_|_28976_|_28977_|_29044_|_29045_|_29046_|_31809_|_31826_|_31827_|_31858_|_31903_|_31904_|_31905_|_31911_|_31912_|u2.state[9]$_DFF_PP0_
-0.315971	u2.state[9]$_DFF_PP0_/Q	wb0s_data_o[11]	_28970_|_28972_|_28976_|_28977_|_29044_|_29045_|_29046_|_31809_|_31826_|_31827_|_31858_|_31903_|_31904_|_31905_|_31906_|_31909_|u2.state[9]$_DFF_PP0_
-0.315971	u2.state[9]$_DFF_PP0_/Q	wb0s_data_o[6]	_28970_|_28972_|_28976_|_28977_|_29044_|_29045_|_29046_|_31809_|_31826_|_31827_|_31858_|_31903_|_31904_|_31905_|_31924_|_31925_|u2.state[9]$_DFF_PP0_
-0.315971	u2.state[9]$_DFF_PP0_/Q	wb0s_data_o[7]	_28970_|_28972_|_28976_|_28977_|_29044_|_29045_|_29046_|_31809_|_31826_|_31827_|_31858_|_31903_|_31904_|_31905_|_31921_|_31922_|u2.state[9]$_DFF_PP0_
-0.315971	u2.state[9]$_DFF_PP0_/Q	wb0s_data_o[8]	_28970_|_28972_|_28976_|_28977_|_29044_|_29045_|_29046_|_31809_|_31826_|_31827_|_31858_|_31903_|_31904_|_31905_|_31917_|_31919_|u2.state[9]$_DFF_PP0_
-0.315971	u2.state[9]$_DFF_PP0_/Q	wb0s_data_o[9]	_28970_|_28972_|_28976_|_28977_|_29044_|_29045_|_29046_|_31809_|_31826_|_31827_|_31858_|_31903_|_31904_|_31905_|_31914_|_31915_|u2.state[9]$_DFF_PP0_
-0.315743	u2.state[9]$_DFF_PP0_/Q	wb0s_data_o[10]	_28970_|_28972_|_28976_|_28977_|_29044_|_29045_|_29046_|_31809_|_31826_|_31827_|_31858_|_31903_|_31904_|_31905_|_31911_|_31912_|u2.state[9]$_DFF_PP0_
-0.315743	u2.state[9]$_DFF_PP0_/Q	wb0s_data_o[11]	_28970_|_28972_|_28976_|_28977_|_29044_|_29045_|_29046_|_31809_|_31826_|_31827_|_31858_|_31903_|_31904_|_31905_|_31906_|_31909_|u2.state[9]$_DFF_PP0_
-0.315743	u2.state[9]$_DFF_PP0_/Q	wb0s_data_o[6]	_28970_|_28972_|_28976_|_28977_|_29044_|_29045_|_29046_|_31809_|_31826_|_31827_|_31858_|_31903_|_31904_|_31905_|_31924_|_31925_|u2.state[9]$_DFF_PP0_
-0.315743	u2.state[9]$_DFF_PP0_/Q	wb0s_data_o[7]	_28970_|_28972_|_28976_|_28977_|_29044_|_29045_|_29046_|_31809_|_31826_|_31827_|_31858_|_31903_|_31904_|_31905_|_31921_|_31922_|u2.state[9]$_DFF_PP0_
-0.315743	u2.state[9]$_DFF_PP0_/Q	wb0s_data_o[8]	_28970_|_28972_|_28976_|_28977_|_29044_|_29045_|_29046_|_31809_|_31826_|_31827_|_31858_|_31903_|_31904_|_31905_|_31917_|_31919_|u2.state[9]$_DFF_PP0_
-0.315743	u2.state[9]$_DFF_PP0_/Q	wb0s_data_o[9]	_28970_|_28972_|_28976_|_28977_|_29044_|_29045_|_29046_|_31809_|_31826_|_31827_|_31858_|_31903_|_31904_|_31905_|_31914_|_31915_|u2.state[9]$_DFF_PP0_
-0.315742	u2.state[9]$_DFF_PP0_/Q	wb0s_data_o[10]	_28970_|_28972_|_28976_|_28977_|_29044_|_29045_|_29046_|_31809_|_31826_|_31827_|_31858_|_31903_|_31904_|_31905_|_31911_|_31912_|u2.state[9]$_DFF_PP0_
-0.315742	u2.state[9]$_DFF_PP0_/Q	wb0s_data_o[11]	_28970_|_28972_|_28976_|_28977_|_29044_|_29045_|_29046_|_31809_|_31826_|_31827_|_31858_|_31903_|_31904_|_31905_|_31906_|_31909_|u2.state[9]$_DFF_PP0_
-0.315742	u2.state[9]$_DFF_PP0_/Q	wb0s_data_o[6]	_28970_|_28972_|_28976_|_28977_|_29044_|_29045_|_29046_|_31809_|_31826_|_31827_|_31858_|_31903_|_31904_|_31905_|_31924_|_31925_|u2.state[9]$_DFF_PP0_
-0.315742	u2.state[9]$_DFF_PP0_/Q	wb0s_data_o[7]	_28970_|_28972_|_28976_|_28977_|_29044_|_29045_|_29046_|_31809_|_31826_|_31827_|_31858_|_31903_|_31904_|_31905_|_31921_|_31922_|u2.state[9]$_DFF_PP0_
-0.315742	u2.state[9]$_DFF_PP0_/Q	wb0s_data_o[8]	_28970_|_28972_|_28976_|_28977_|_29044_|_29045_|_29046_|_31809_|_31826_|_31827_|_31858_|_31903_|_31904_|_31905_|_31917_|_31919_|u2.state[9]$_DFF_PP0_
-0.315742	u2.state[9]$_DFF_PP0_/Q	wb0s_data_o[9]	_28970_|_28972_|_28976_|_28977_|_29044_|_29045_|_29046_|_31809_|_31826_|_31827_|_31858_|_31903_|_31904_|_31905_|_31914_|_31915_|u2.state[9]$_DFF_PP0_
-0.315199	u2.state[9]$_DFF_PP0_/Q	wb0s_data_o[10]	_28970_|_28972_|_28976_|_28977_|_29044_|_29045_|_29046_|_31809_|_31826_|_31827_|_31858_|_31903_|_31904_|_31905_|_31911_|_31912_|u2.state[9]$_DFF_PP0_
-0.315199	u2.state[9]$_DFF_PP0_/Q	wb0s_data_o[11]	_28970_|_28972_|_28976_|_28977_|_29044_|_29045_|_29046_|_31809_|_31826_|_31827_|_31858_|_31903_|_31904_|_31905_|_31906_|_31909_|u2.state[9]$_DFF_PP0_
-0.315199	u2.state[9]$_DFF_PP0_/Q	wb0s_data_o[6]	_28970_|_28972_|_28976_|_28977_|_29044_|_29045_|_29046_|_31809_|_31826_|_31827_|_31858_|_31903_|_31904_|_31905_|_31924_|_31925_|u2.state[9]$_DFF_PP0_
-0.315199	u2.state[9]$_DFF_PP0_/Q	wb0s_data_o[7]	_28970_|_28972_|_28976_|_28977_|_29044_|_29045_|_29046_|_31809_|_31826_|_31827_|_31858_|_31903_|_31904_|_31905_|_31921_|_31922_|u2.state[9]$_DFF_PP0_
-0.315199	u2.state[9]$_DFF_PP0_/Q	wb0s_data_o[8]	_28970_|_28972_|_28976_|_28977_|_29044_|_29045_|_29046_|_31809_|_31826_|_31827_|_31858_|_31903_|_31904_|_31905_|_31917_|_31919_|u2.state[9]$_DFF_PP0_
-0.315199	u2.state[9]$_DFF_PP0_/Q	wb0s_data_o[9]	_28970_|_28972_|_28976_|_28977_|_29044_|_29045_|_29046_|_31809_|_31826_|_31827_|_31858_|_31903_|_31904_|_31905_|_31914_|_31915_|u2.state[9]$_DFF_PP0_
-0.315198	u2.state[9]$_DFF_PP0_/Q	wb0s_data_o[10]	_28970_|_28972_|_28976_|_28977_|_29044_|_29045_|_29046_|_31809_|_31826_|_31827_|_31858_|_31903_|_31904_|_31905_|_31911_|_31912_|u2.state[9]$_DFF_PP0_
-0.315198	u2.state[9]$_DFF_PP0_/Q	wb0s_data_o[11]	_28970_|_28972_|_28976_|_28977_|_29044_|_29045_|_29046_|_31809_|_31826_|_31827_|_31858_|_31903_|_31904_|_31905_|_31906_|_31909_|u2.state[9]$_DFF_PP0_
-0.315198	u2.state[9]$_DFF_PP0_/Q	wb0s_data_o[6]	_28970_|_28972_|_28976_|_28977_|_29044_|_29045_|_29046_|_31809_|_31826_|_31827_|_31858_|_31903_|_31904_|_31905_|_31924_|_31925_|u2.state[9]$_DFF_PP0_
-0.315198	u2.state[9]$_DFF_PP0_/Q	wb0s_data_o[7]	_28970_|_28972_|_28976_|_28977_|_29044_|_29045_|_29046_|_31809_|_31826_|_31827_|_31858_|_31903_|_31904_|_31905_|_31921_|_31922_|u2.state[9]$_DFF_PP0_
-0.315198	u2.state[9]$_DFF_PP0_/Q	wb0s_data_o[8]	_28970_|_28972_|_28976_|_28977_|_29044_|_29045_|_29046_|_31809_|_31826_|_31827_|_31858_|_31903_|_31904_|_31905_|_31917_|_31919_|u2.state[9]$_DFF_PP0_
-0.315198	u2.state[9]$_DFF_PP0_/Q	wb0s_data_o[9]	_28970_|_28972_|_28976_|_28977_|_29044_|_29045_|_29046_|_31809_|_31826_|_31827_|_31858_|_31903_|_31904_|_31905_|_31914_|_31915_|u2.state[9]$_DFF_PP0_
-0.314971	u2.state[9]$_DFF_PP0_/Q	wb0s_data_o[10]	_28970_|_28972_|_28976_|_28977_|_29044_|_29045_|_29046_|_31809_|_31826_|_31827_|_31858_|_31903_|_31904_|_31905_|_31911_|_31912_|u2.state[9]$_DFF_PP0_
-0.314971	u2.state[9]$_DFF_PP0_/Q	wb0s_data_o[11]	_28970_|_28972_|_28976_|_28977_|_29044_|_29045_|_29046_|_31809_|_31826_|_31827_|_31858_|_31903_|_31904_|_31905_|_31906_|_31909_|u2.state[9]$_DFF_PP0_
-0.314971	u2.state[9]$_DFF_PP0_/Q	wb0s_data_o[6]	_28970_|_28972_|_28976_|_28977_|_29044_|_29045_|_29046_|_31809_|_31826_|_31827_|_31858_|_31903_|_31904_|_31905_|_31924_|_31925_|u2.state[9]$_DFF_PP0_
-0.314971	u2.state[9]$_DFF_PP0_/Q	wb0s_data_o[7]	_28970_|_28972_|_28976_|_28977_|_29044_|_29045_|_29046_|_31809_|_31826_|_31827_|_31858_|_31903_|_31904_|_31905_|_31921_|_31922_|u2.state[9]$_DFF_PP0_
-0.314971	u2.state[9]$_DFF_PP0_/Q	wb0s_data_o[8]	_28970_|_28972_|_28976_|_28977_|_29044_|_29045_|_29046_|_31809_|_31826_|_31827_|_31858_|_31903_|_31904_|_31905_|_31917_|_31919_|u2.state[9]$_DFF_PP0_
-0.314971	u2.state[9]$_DFF_PP0_/Q	wb0s_data_o[9]	_28970_|_28972_|_28976_|_28977_|_29044_|_29045_|_29046_|_31809_|_31826_|_31827_|_31858_|_31903_|_31904_|_31905_|_31914_|_31915_|u2.state[9]$_DFF_PP0_
-0.314970	u2.state[9]$_DFF_PP0_/Q	wb0s_data_o[10]	_28970_|_28972_|_28976_|_28977_|_29044_|_29045_|_29046_|_31809_|_31826_|_31827_|_31858_|_31903_|_31904_|_31905_|_31911_|_31912_|u2.state[9]$_DFF_PP0_
-0.314970	u2.state[9]$_DFF_PP0_/Q	wb0s_data_o[11]	_28970_|_28972_|_28976_|_28977_|_29044_|_29045_|_29046_|_31809_|_31826_|_31827_|_31858_|_31903_|_31904_|_31905_|_31906_|_31909_|u2.state[9]$_DFF_PP0_
-0.314970	u2.state[9]$_DFF_PP0_/Q	wb0s_data_o[6]	_28970_|_28972_|_28976_|_28977_|_29044_|_29045_|_29046_|_31809_|_31826_|_31827_|_31858_|_31903_|_31904_|_31905_|_31924_|_31925_|u2.state[9]$_DFF_PP0_
-0.314970	u2.state[9]$_DFF_PP0_/Q	wb0s_data_o[7]	_28970_|_28972_|_28976_|_28977_|_29044_|_29045_|_29046_|_31809_|_31826_|_31827_|_31858_|_31903_|_31904_|_31905_|_31921_|_31922_|u2.state[9]$_DFF_PP0_
-0.314970	u2.state[9]$_DFF_PP0_/Q	wb0s_data_o[8]	_28970_|_28972_|_28976_|_28977_|_29044_|_29045_|_29046_|_31809_|_31826_|_31827_|_31858_|_31903_|_31904_|_31905_|_31917_|_31919_|u2.state[9]$_DFF_PP0_
-0.314970	u2.state[9]$_DFF_PP0_/Q	wb0s_data_o[9]	_28970_|_28972_|_28976_|_28977_|_29044_|_29045_|_29046_|_31809_|_31826_|_31827_|_31858_|_31903_|_31904_|_31905_|_31914_|_31915_|u2.state[9]$_DFF_PP0_
-0.314302	u2.state[5]$_DFF_PP0_/Q	wb0s_data_o[10]	_28974_|_28975_|_28976_|_28977_|_29044_|_29045_|_29046_|_31809_|_31826_|_31827_|_31858_|_31903_|_31904_|_31905_|_31911_|_31912_|u2.state[5]$_DFF_PP0_
-0.314302	u2.state[5]$_DFF_PP0_/Q	wb0s_data_o[11]	_28974_|_28975_|_28976_|_28977_|_29044_|_29045_|_29046_|_31809_|_31826_|_31827_|_31858_|_31903_|_31904_|_31905_|_31906_|_31909_|u2.state[5]$_DFF_PP0_
-0.314302	u2.state[5]$_DFF_PP0_/Q	wb0s_data_o[6]	_28974_|_28975_|_28976_|_28977_|_29044_|_29045_|_29046_|_31809_|_31826_|_31827_|_31858_|_31903_|_31904_|_31905_|_31924_|_31925_|u2.state[5]$_DFF_PP0_
-0.314302	u2.state[5]$_DFF_PP0_/Q	wb0s_data_o[7]	_28974_|_28975_|_28976_|_28977_|_29044_|_29045_|_29046_|_31809_|_31826_|_31827_|_31858_|_31903_|_31904_|_31905_|_31921_|_31922_|u2.state[5]$_DFF_PP0_
-0.314302	u2.state[5]$_DFF_PP0_/Q	wb0s_data_o[8]	_28974_|_28975_|_28976_|_28977_|_29044_|_29045_|_29046_|_31809_|_31826_|_31827_|_31858_|_31903_|_31904_|_31905_|_31917_|_31919_|u2.state[5]$_DFF_PP0_
-0.314302	u2.state[5]$_DFF_PP0_/Q	wb0s_data_o[9]	_28974_|_28975_|_28976_|_28977_|_29044_|_29045_|_29046_|_31809_|_31826_|_31827_|_31858_|_31903_|_31904_|_31905_|_31914_|_31915_|u2.state[5]$_DFF_PP0_
-0.314301	u2.state[5]$_DFF_PP0_/Q	wb0s_data_o[10]	_28974_|_28975_|_28976_|_28977_|_29044_|_29045_|_29046_|_31809_|_31826_|_31827_|_31858_|_31903_|_31904_|_31905_|_31911_|_31912_|u2.state[5]$_DFF_PP0_
-0.314301	u2.state[5]$_DFF_PP0_/Q	wb0s_data_o[11]	_28974_|_28975_|_28976_|_28977_|_29044_|_29045_|_29046_|_31809_|_31826_|_31827_|_31858_|_31903_|_31904_|_31905_|_31906_|_31909_|u2.state[5]$_DFF_PP0_
-0.314301	u2.state[5]$_DFF_PP0_/Q	wb0s_data_o[6]	_28974_|_28975_|_28976_|_28977_|_29044_|_29045_|_29046_|_31809_|_31826_|_31827_|_31858_|_31903_|_31904_|_31905_|_31924_|_31925_|u2.state[5]$_DFF_PP0_
-0.314301	u2.state[5]$_DFF_PP0_/Q	wb0s_data_o[7]	_28974_|_28975_|_28976_|_28977_|_29044_|_29045_|_29046_|_31809_|_31826_|_31827_|_31858_|_31903_|_31904_|_31905_|_31921_|_31922_|u2.state[5]$_DFF_PP0_
-0.314301	u2.state[5]$_DFF_PP0_/Q	wb0s_data_o[8]	_28974_|_28975_|_28976_|_28977_|_29044_|_29045_|_29046_|_31809_|_31826_|_31827_|_31858_|_31903_|_31904_|_31905_|_31917_|_31919_|u2.state[5]$_DFF_PP0_
-0.314301	u2.state[5]$_DFF_PP0_/Q	wb0s_data_o[9]	_28974_|_28975_|_28976_|_28977_|_29044_|_29045_|_29046_|_31809_|_31826_|_31827_|_31858_|_31903_|_31904_|_31905_|_31914_|_31915_|u2.state[5]$_DFF_PP0_
-0.314067	u2.state[5]$_DFF_PP0_/Q	wb0s_data_o[10]	_28974_|_28975_|_28976_|_28977_|_29044_|_29045_|_29046_|_31809_|_31826_|_31827_|_31858_|_31903_|_31904_|_31905_|_31911_|_31912_|u2.state[5]$_DFF_PP0_
-0.314067	u2.state[5]$_DFF_PP0_/Q	wb0s_data_o[11]	_28974_|_28975_|_28976_|_28977_|_29044_|_29045_|_29046_|_31809_|_31826_|_31827_|_31858_|_31903_|_31904_|_31905_|_31906_|_31909_|u2.state[5]$_DFF_PP0_
-0.314067	u2.state[5]$_DFF_PP0_/Q	wb0s_data_o[6]	_28974_|_28975_|_28976_|_28977_|_29044_|_29045_|_29046_|_31809_|_31826_|_31827_|_31858_|_31903_|_31904_|_31905_|_31924_|_31925_|u2.state[5]$_DFF_PP0_
-0.314067	u2.state[5]$_DFF_PP0_/Q	wb0s_data_o[7]	_28974_|_28975_|_28976_|_28977_|_29044_|_29045_|_29046_|_31809_|_31826_|_31827_|_31858_|_31903_|_31904_|_31905_|_31921_|_31922_|u2.state[5]$_DFF_PP0_
-0.314067	u2.state[5]$_DFF_PP0_/Q	wb0s_data_o[8]	_28974_|_28975_|_28976_|_28977_|_29044_|_29045_|_29046_|_31809_|_31826_|_31827_|_31858_|_31903_|_31904_|_31905_|_31917_|_31919_|u2.state[5]$_DFF_PP0_
-0.314067	u2.state[5]$_DFF_PP0_/Q	wb0s_data_o[9]	_28974_|_28975_|_28976_|_28977_|_29044_|_29045_|_29046_|_31809_|_31826_|_31827_|_31858_|_31903_|_31904_|_31905_|_31914_|_31915_|u2.state[5]$_DFF_PP0_
-0.314066	u2.state[5]$_DFF_PP0_/Q	wb0s_data_o[10]	_28974_|_28975_|_28976_|_28977_|_29044_|_29045_|_29046_|_31809_|_31826_|_31827_|_31858_|_31903_|_31904_|_31905_|_31911_|_31912_|u2.state[5]$_DFF_PP0_
-0.314066	u2.state[5]$_DFF_PP0_/Q	wb0s_data_o[11]	_28974_|_28975_|_28976_|_28977_|_29044_|_29045_|_29046_|_31809_|_31826_|_31827_|_31858_|_31903_|_31904_|_31905_|_31906_|_31909_|u2.state[5]$_DFF_PP0_
-0.314066	u2.state[5]$_DFF_PP0_/Q	wb0s_data_o[6]	_28974_|_28975_|_28976_|_28977_|_29044_|_29045_|_29046_|_31809_|_31826_|_31827_|_31858_|_31903_|_31904_|_31905_|_31924_|_31925_|u2.state[5]$_DFF_PP0_
-0.314066	u2.state[5]$_DFF_PP0_/Q	wb0s_data_o[7]	_28974_|_28975_|_28976_|_28977_|_29044_|_29045_|_29046_|_31809_|_31826_|_31827_|_31858_|_31903_|_31904_|_31905_|_31921_|_31922_|u2.state[5]$_DFF_PP0_
-0.314066	u2.state[5]$_DFF_PP0_/Q	wb0s_data_o[8]	_28974_|_28975_|_28976_|_28977_|_29044_|_29045_|_29046_|_31809_|_31826_|_31827_|_31858_|_31903_|_31904_|_31905_|_31917_|_31919_|u2.state[5]$_DFF_PP0_
-0.314066	u2.state[5]$_DFF_PP0_/Q	wb0s_data_o[9]	_28974_|_28975_|_28976_|_28977_|_29044_|_29045_|_29046_|_31809_|_31826_|_31827_|_31858_|_31903_|_31904_|_31905_|_31914_|_31915_|u2.state[5]$_DFF_PP0_
-0.313295	u2.state[5]$_DFF_PP0_/Q	wb0s_data_o[10]	_28974_|_28975_|_28976_|_28977_|_29044_|_29045_|_29046_|_31809_|_31826_|_31827_|_31858_|_31903_|_31904_|_31905_|_31911_|_31912_|u2.state[5]$_DFF_PP0_
-0.313295	u2.state[5]$_DFF_PP0_/Q	wb0s_data_o[11]	_28974_|_28975_|_28976_|_28977_|_29044_|_29045_|_29046_|_31809_|_31826_|_31827_|_31858_|_31903_|_31904_|_31905_|_31906_|_31909_|u2.state[5]$_DFF_PP0_
-0.313295	u2.state[5]$_DFF_PP0_/Q	wb0s_data_o[6]	_28974_|_28975_|_28976_|_28977_|_29044_|_29045_|_29046_|_31809_|_31826_|_31827_|_31858_|_31903_|_31904_|_31905_|_31924_|_31925_|u2.state[5]$_DFF_PP0_
-0.313295	u2.state[5]$_DFF_PP0_/Q	wb0s_data_o[7]	_28974_|_28975_|_28976_|_28977_|_29044_|_29045_|_29046_|_31809_|_31826_|_31827_|_31858_|_31903_|_31904_|_31905_|_31921_|_31922_|u2.state[5]$_DFF_PP0_
-0.313295	u2.state[5]$_DFF_PP0_/Q	wb0s_data_o[8]	_28974_|_28975_|_28976_|_28977_|_29044_|_29045_|_29046_|_31809_|_31826_|_31827_|_31858_|_31903_|_31904_|_31905_|_31917_|_31919_|u2.state[5]$_DFF_PP0_
-0.313295	u2.state[5]$_DFF_PP0_/Q	wb0s_data_o[9]	_28974_|_28975_|_28976_|_28977_|_29044_|_29045_|_29046_|_31809_|_31826_|_31827_|_31858_|_31903_|_31904_|_31905_|_31914_|_31915_|u2.state[5]$_DFF_PP0_
-0.313294	u2.state[5]$_DFF_PP0_/Q	wb0s_data_o[10]	_28974_|_28975_|_28976_|_28977_|_29044_|_29045_|_29046_|_31809_|_31826_|_31827_|_31858_|_31903_|_31904_|_31905_|_31911_|_31912_|u2.state[5]$_DFF_PP0_
-0.313294	u2.state[5]$_DFF_PP0_/Q	wb0s_data_o[11]	_28974_|_28975_|_28976_|_28977_|_29044_|_29045_|_29046_|_31809_|_31826_|_31827_|_31858_|_31903_|_31904_|_31905_|_31906_|_31909_|u2.state[5]$_DFF_PP0_
-0.313294	u2.state[5]$_DFF_PP0_/Q	wb0s_data_o[6]	_28974_|_28975_|_28976_|_28977_|_29044_|_29045_|_29046_|_31809_|_31826_|_31827_|_31858_|_31903_|_31904_|_31905_|_31924_|_31925_|u2.state[5]$_DFF_PP0_
-0.313294	u2.state[5]$_DFF_PP0_/Q	wb0s_data_o[7]	_28974_|_28975_|_28976_|_28977_|_29044_|_29045_|_29046_|_31809_|_31826_|_31827_|_31858_|_31903_|_31904_|_31905_|_31921_|_31922_|u2.state[5]$_DFF_PP0_
-0.313294	u2.state[5]$_DFF_PP0_/Q	wb0s_data_o[8]	_28974_|_28975_|_28976_|_28977_|_29044_|_29045_|_29046_|_31809_|_31826_|_31827_|_31858_|_31903_|_31904_|_31905_|_31917_|_31919_|u2.state[5]$_DFF_PP0_
-0.313294	u2.state[5]$_DFF_PP0_/Q	wb0s_data_o[9]	_28974_|_28975_|_28976_|_28977_|_29044_|_29045_|_29046_|_31809_|_31826_|_31827_|_31858_|_31903_|_31904_|_31905_|_31914_|_31915_|u2.state[5]$_DFF_PP0_
-0.312837	u2.state[4]$_DFF_PP0_/Q	wb0s_data_o[10]	_28969_|_28972_|_28976_|_28977_|_29044_|_29045_|_29046_|_31809_|_31826_|_31827_|_31858_|_31903_|_31904_|_31905_|_31911_|_31912_|u2.state[4]$_DFF_PP0_
-0.312837	u2.state[4]$_DFF_PP0_/Q	wb0s_data_o[11]	_28969_|_28972_|_28976_|_28977_|_29044_|_29045_|_29046_|_31809_|_31826_|_31827_|_31858_|_31903_|_31904_|_31905_|_31906_|_31909_|u2.state[4]$_DFF_PP0_
-0.312837	u2.state[4]$_DFF_PP0_/Q	wb0s_data_o[6]	_28969_|_28972_|_28976_|_28977_|_29044_|_29045_|_29046_|_31809_|_31826_|_31827_|_31858_|_31903_|_31904_|_31905_|_31924_|_31925_|u2.state[4]$_DFF_PP0_
-0.312837	u2.state[4]$_DFF_PP0_/Q	wb0s_data_o[7]	_28969_|_28972_|_28976_|_28977_|_29044_|_29045_|_29046_|_31809_|_31826_|_31827_|_31858_|_31903_|_31904_|_31905_|_31921_|_31922_|u2.state[4]$_DFF_PP0_
-0.312837	u2.state[4]$_DFF_PP0_/Q	wb0s_data_o[8]	_28969_|_28972_|_28976_|_28977_|_29044_|_29045_|_29046_|_31809_|_31826_|_31827_|_31858_|_31903_|_31904_|_31905_|_31917_|_31919_|u2.state[4]$_DFF_PP0_
-0.312837	u2.state[4]$_DFF_PP0_/Q	wb0s_data_o[9]	_28969_|_28972_|_28976_|_28977_|_29044_|_29045_|_29046_|_31809_|_31826_|_31827_|_31858_|_31903_|_31904_|_31905_|_31914_|_31915_|u2.state[4]$_DFF_PP0_
-0.312836	u2.state[4]$_DFF_PP0_/Q	wb0s_data_o[10]	_28969_|_28972_|_28976_|_28977_|_29044_|_29045_|_29046_|_31809_|_31826_|_31827_|_31858_|_31903_|_31904_|_31905_|_31911_|_31912_|u2.state[4]$_DFF_PP0_
-0.312836	u2.state[4]$_DFF_PP0_/Q	wb0s_data_o[11]	_28969_|_28972_|_28976_|_28977_|_29044_|_29045_|_29046_|_31809_|_31826_|_31827_|_31858_|_31903_|_31904_|_31905_|_31906_|_31909_|u2.state[4]$_DFF_PP0_
-0.312836	u2.state[4]$_DFF_PP0_/Q	wb0s_data_o[6]	_28969_|_28972_|_28976_|_28977_|_29044_|_29045_|_29046_|_31809_|_31826_|_31827_|_31858_|_31903_|_31904_|_31905_|_31924_|_31925_|u2.state[4]$_DFF_PP0_
-0.312836	u2.state[4]$_DFF_PP0_/Q	wb0s_data_o[7]	_28969_|_28972_|_28976_|_28977_|_29044_|_29045_|_29046_|_31809_|_31826_|_31827_|_31858_|_31903_|_31904_|_31905_|_31921_|_31922_|u2.state[4]$_DFF_PP0_
-0.312836	u2.state[4]$_DFF_PP0_/Q	wb0s_data_o[8]	_28969_|_28972_|_28976_|_28977_|_29044_|_29045_|_29046_|_31809_|_31826_|_31827_|_31858_|_31903_|_31904_|_31905_|_31917_|_31919_|u2.state[4]$_DFF_PP0_
-0.312836	u2.state[4]$_DFF_PP0_/Q	wb0s_data_o[9]	_28969_|_28972_|_28976_|_28977_|_29044_|_29045_|_29046_|_31809_|_31826_|_31827_|_31858_|_31903_|_31904_|_31905_|_31914_|_31915_|u2.state[4]$_DFF_PP0_
-0.312602	u2.state[4]$_DFF_PP0_/Q	wb0s_data_o[10]	_28969_|_28972_|_28976_|_28977_|_29044_|_29045_|_29046_|_31809_|_31826_|_31827_|_31858_|_31903_|_31904_|_31905_|_31911_|_31912_|u2.state[4]$_DFF_PP0_
-0.312602	u2.state[4]$_DFF_PP0_/Q	wb0s_data_o[11]	_28969_|_28972_|_28976_|_28977_|_29044_|_29045_|_29046_|_31809_|_31826_|_31827_|_31858_|_31903_|_31904_|_31905_|_31906_|_31909_|u2.state[4]$_DFF_PP0_
-0.312602	u2.state[4]$_DFF_PP0_/Q	wb0s_data_o[6]	_28969_|_28972_|_28976_|_28977_|_29044_|_29045_|_29046_|_31809_|_31826_|_31827_|_31858_|_31903_|_31904_|_31905_|_31924_|_31925_|u2.state[4]$_DFF_PP0_
-0.312602	u2.state[4]$_DFF_PP0_/Q	wb0s_data_o[7]	_28969_|_28972_|_28976_|_28977_|_29044_|_29045_|_29046_|_31809_|_31826_|_31827_|_31858_|_31903_|_31904_|_31905_|_31921_|_31922_|u2.state[4]$_DFF_PP0_
-0.312602	u2.state[4]$_DFF_PP0_/Q	wb0s_data_o[8]	_28969_|_28972_|_28976_|_28977_|_29044_|_29045_|_29046_|_31809_|_31826_|_31827_|_31858_|_31903_|_31904_|_31905_|_31917_|_31919_|u2.state[4]$_DFF_PP0_
-0.312602	u2.state[4]$_DFF_PP0_/Q	wb0s_data_o[9]	_28969_|_28972_|_28976_|_28977_|_29044_|_29045_|_29046_|_31809_|_31826_|_31827_|_31858_|_31903_|_31904_|_31905_|_31914_|_31915_|u2.state[4]$_DFF_PP0_
-0.312601	u2.state[4]$_DFF_PP0_/Q	wb0s_data_o[10]	_28969_|_28972_|_28976_|_28977_|_29044_|_29045_|_29046_|_31809_|_31826_|_31827_|_31858_|_31903_|_31904_|_31905_|_31911_|_31912_|u2.state[4]$_DFF_PP0_
-0.312601	u2.state[4]$_DFF_PP0_/Q	wb0s_data_o[11]	_28969_|_28972_|_28976_|_28977_|_29044_|_29045_|_29046_|_31809_|_31826_|_31827_|_31858_|_31903_|_31904_|_31905_|_31906_|_31909_|u2.state[4]$_DFF_PP0_
-0.312601	u2.state[4]$_DFF_PP0_/Q	wb0s_data_o[6]	_28969_|_28972_|_28976_|_28977_|_29044_|_29045_|_29046_|_31809_|_31826_|_31827_|_31858_|_31903_|_31904_|_31905_|_31924_|_31925_|u2.state[4]$_DFF_PP0_
-0.312601	u2.state[4]$_DFF_PP0_/Q	wb0s_data_o[7]	_28969_|_28972_|_28976_|_28977_|_29044_|_29045_|_29046_|_31809_|_31826_|_31827_|_31858_|_31903_|_31904_|_31905_|_31921_|_31922_|u2.state[4]$_DFF_PP0_
-0.312601	u2.state[4]$_DFF_PP0_/Q	wb0s_data_o[8]	_28969_|_28972_|_28976_|_28977_|_29044_|_29045_|_29046_|_31809_|_31826_|_31827_|_31858_|_31903_|_31904_|_31905_|_31917_|_31919_|u2.state[4]$_DFF_PP0_
-0.312601	u2.state[4]$_DFF_PP0_/Q	wb0s_data_o[9]	_28969_|_28972_|_28976_|_28977_|_29044_|_29045_|_29046_|_31809_|_31826_|_31827_|_31858_|_31903_|_31904_|_31905_|_31914_|_31915_|u2.state[4]$_DFF_PP0_
-0.312558	u2.state[5]$_DFF_PP0_/Q	wb0s_data_o[10]	_28974_|_28975_|_28976_|_28977_|_29044_|_29045_|_29046_|_31809_|_31826_|_31827_|_31858_|_31903_|_31904_|_31905_|_31911_|_31912_|u2.state[5]$_DFF_PP0_
-0.312558	u2.state[5]$_DFF_PP0_/Q	wb0s_data_o[11]	_28974_|_28975_|_28976_|_28977_|_29044_|_29045_|_29046_|_31809_|_31826_|_31827_|_31858_|_31903_|_31904_|_31905_|_31906_|_31909_|u2.state[5]$_DFF_PP0_
-0.312558	u2.state[5]$_DFF_PP0_/Q	wb0s_data_o[6]	_28974_|_28975_|_28976_|_28977_|_29044_|_29045_|_29046_|_31809_|_31826_|_31827_|_31858_|_31903_|_31904_|_31905_|_31924_|_31925_|u2.state[5]$_DFF_PP0_
-0.312558	u2.state[5]$_DFF_PP0_/Q	wb0s_data_o[7]	_28974_|_28975_|_28976_|_28977_|_29044_|_29045_|_29046_|_31809_|_31826_|_31827_|_31858_|_31903_|_31904_|_31905_|_31921_|_31922_|u2.state[5]$_DFF_PP0_
-0.312558	u2.state[5]$_DFF_PP0_/Q	wb0s_data_o[8]	_28974_|_28975_|_28976_|_28977_|_29044_|_29045_|_29046_|_31809_|_31826_|_31827_|_31858_|_31903_|_31904_|_31905_|_31917_|_31919_|u2.state[5]$_DFF_PP0_
-0.312558	u2.state[5]$_DFF_PP0_/Q	wb0s_data_o[9]	_28974_|_28975_|_28976_|_28977_|_29044_|_29045_|_29046_|_31809_|_31826_|_31827_|_31858_|_31903_|_31904_|_31905_|_31914_|_31915_|u2.state[5]$_DFF_PP0_
-0.312557	u2.state[5]$_DFF_PP0_/Q	wb0s_data_o[10]	_28974_|_28975_|_28976_|_28977_|_29044_|_29045_|_29046_|_31809_|_31826_|_31827_|_31858_|_31903_|_31904_|_31905_|_31911_|_31912_|u2.state[5]$_DFF_PP0_
-0.312557	u2.state[5]$_DFF_PP0_/Q	wb0s_data_o[11]	_28974_|_28975_|_28976_|_28977_|_29044_|_29045_|_29046_|_31809_|_31826_|_31827_|_31858_|_31903_|_31904_|_31905_|_31906_|_31909_|u2.state[5]$_DFF_PP0_
-0.312557	u2.state[5]$_DFF_PP0_/Q	wb0s_data_o[6]	_28974_|_28975_|_28976_|_28977_|_29044_|_29045_|_29046_|_31809_|_31826_|_31827_|_31858_|_31903_|_31904_|_31905_|_31924_|_31925_|u2.state[5]$_DFF_PP0_
-0.312557	u2.state[5]$_DFF_PP0_/Q	wb0s_data_o[7]	_28974_|_28975_|_28976_|_28977_|_29044_|_29045_|_29046_|_31809_|_31826_|_31827_|_31858_|_31903_|_31904_|_31905_|_31921_|_31922_|u2.state[5]$_DFF_PP0_
-0.312557	u2.state[5]$_DFF_PP0_/Q	wb0s_data_o[8]	_28974_|_28975_|_28976_|_28977_|_29044_|_29045_|_29046_|_31809_|_31826_|_31827_|_31858_|_31903_|_31904_|_31905_|_31917_|_31919_|u2.state[5]$_DFF_PP0_
-0.312557	u2.state[5]$_DFF_PP0_/Q	wb0s_data_o[9]	_28974_|_28975_|_28976_|_28977_|_29044_|_29045_|_29046_|_31809_|_31826_|_31827_|_31858_|_31903_|_31904_|_31905_|_31914_|_31915_|u2.state[5]$_DFF_PP0_
-0.312330	u2.state[5]$_DFF_PP0_/Q	wb0s_data_o[10]	_28974_|_28975_|_28976_|_28977_|_29044_|_29045_|_29046_|_31809_|_31826_|_31827_|_31858_|_31903_|_31904_|_31905_|_31911_|_31912_|u2.state[5]$_DFF_PP0_
-0.312330	u2.state[5]$_DFF_PP0_/Q	wb0s_data_o[11]	_28974_|_28975_|_28976_|_28977_|_29044_|_29045_|_29046_|_31809_|_31826_|_31827_|_31858_|_31903_|_31904_|_31905_|_31906_|_31909_|u2.state[5]$_DFF_PP0_
-0.312330	u2.state[5]$_DFF_PP0_/Q	wb0s_data_o[6]	_28974_|_28975_|_28976_|_28977_|_29044_|_29045_|_29046_|_31809_|_31826_|_31827_|_31858_|_31903_|_31904_|_31905_|_31924_|_31925_|u2.state[5]$_DFF_PP0_
-0.312330	u2.state[5]$_DFF_PP0_/Q	wb0s_data_o[7]	_28974_|_28975_|_28976_|_28977_|_29044_|_29045_|_29046_|_31809_|_31826_|_31827_|_31858_|_31903_|_31904_|_31905_|_31921_|_31922_|u2.state[5]$_DFF_PP0_
-0.312330	u2.state[5]$_DFF_PP0_/Q	wb0s_data_o[8]	_28974_|_28975_|_28976_|_28977_|_29044_|_29045_|_29046_|_31809_|_31826_|_31827_|_31858_|_31903_|_31904_|_31905_|_31917_|_31919_|u2.state[5]$_DFF_PP0_
-0.312330	u2.state[5]$_DFF_PP0_/Q	wb0s_data_o[9]	_28974_|_28975_|_28976_|_28977_|_29044_|_29045_|_29046_|_31809_|_31826_|_31827_|_31858_|_31903_|_31904_|_31905_|_31914_|_31915_|u2.state[5]$_DFF_PP0_
-0.312329	u2.state[5]$_DFF_PP0_/Q	wb0s_data_o[10]	_28974_|_28975_|_28976_|_28977_|_29044_|_29045_|_29046_|_31809_|_31826_|_31827_|_31858_|_31903_|_31904_|_31905_|_31911_|_31912_|u2.state[5]$_DFF_PP0_
-0.312329	u2.state[5]$_DFF_PP0_/Q	wb0s_data_o[11]	_28974_|_28975_|_28976_|_28977_|_29044_|_29045_|_29046_|_31809_|_31826_|_31827_|_31858_|_31903_|_31904_|_31905_|_31906_|_31909_|u2.state[5]$_DFF_PP0_
-0.312329	u2.state[5]$_DFF_PP0_/Q	wb0s_data_o[6]	_28974_|_28975_|_28976_|_28977_|_29044_|_29045_|_29046_|_31809_|_31826_|_31827_|_31858_|_31903_|_31904_|_31905_|_31924_|_31925_|u2.state[5]$_DFF_PP0_
-0.312329	u2.state[5]$_DFF_PP0_/Q	wb0s_data_o[7]	_28974_|_28975_|_28976_|_28977_|_29044_|_29045_|_29046_|_31809_|_31826_|_31827_|_31858_|_31903_|_31904_|_31905_|_31921_|_31922_|u2.state[5]$_DFF_PP0_
-0.312329	u2.state[5]$_DFF_PP0_/Q	wb0s_data_o[8]	_28974_|_28975_|_28976_|_28977_|_29044_|_29045_|_29046_|_31809_|_31826_|_31827_|_31858_|_31903_|_31904_|_31905_|_31917_|_31919_|u2.state[5]$_DFF_PP0_
-0.312329	u2.state[5]$_DFF_PP0_/Q	wb0s_data_o[9]	_28974_|_28975_|_28976_|_28977_|_29044_|_29045_|_29046_|_31809_|_31826_|_31827_|_31858_|_31903_|_31904_|_31905_|_31914_|_31915_|u2.state[5]$_DFF_PP0_
-0.312324	u2.state[5]$_DFF_PP0_/Q	wb0s_data_o[10]	_28974_|_28975_|_28976_|_28977_|_29044_|_29045_|_29046_|_31809_|_31826_|_31827_|_31858_|_31903_|_31904_|_31905_|_31911_|_31912_|u2.state[5]$_DFF_PP0_
-0.312324	u2.state[5]$_DFF_PP0_/Q	wb0s_data_o[11]	_28974_|_28975_|_28976_|_28977_|_29044_|_29045_|_29046_|_31809_|_31826_|_31827_|_31858_|_31903_|_31904_|_31905_|_31906_|_31909_|u2.state[5]$_DFF_PP0_
-0.312324	u2.state[5]$_DFF_PP0_/Q	wb0s_data_o[6]	_28974_|_28975_|_28976_|_28977_|_29044_|_29045_|_29046_|_31809_|_31826_|_31827_|_31858_|_31903_|_31904_|_31905_|_31924_|_31925_|u2.state[5]$_DFF_PP0_
-0.312324	u2.state[5]$_DFF_PP0_/Q	wb0s_data_o[7]	_28974_|_28975_|_28976_|_28977_|_29044_|_29045_|_29046_|_31809_|_31826_|_31827_|_31858_|_31903_|_31904_|_31905_|_31921_|_31922_|u2.state[5]$_DFF_PP0_
-0.312324	u2.state[5]$_DFF_PP0_/Q	wb0s_data_o[8]	_28974_|_28975_|_28976_|_28977_|_29044_|_29045_|_29046_|_31809_|_31826_|_31827_|_31858_|_31903_|_31904_|_31905_|_31917_|_31919_|u2.state[5]$_DFF_PP0_
-0.312324	u2.state[5]$_DFF_PP0_/Q	wb0s_data_o[9]	_28974_|_28975_|_28976_|_28977_|_29044_|_29045_|_29046_|_31809_|_31826_|_31827_|_31858_|_31903_|_31904_|_31905_|_31914_|_31915_|u2.state[5]$_DFF_PP0_
-0.312323	u2.state[5]$_DFF_PP0_/Q	wb0s_data_o[10]	_28974_|_28975_|_28976_|_28977_|_29044_|_29045_|_29046_|_31809_|_31826_|_31827_|_31858_|_31903_|_31904_|_31905_|_31911_|_31912_|u2.state[5]$_DFF_PP0_
-0.312323	u2.state[5]$_DFF_PP0_/Q	wb0s_data_o[11]	_28974_|_28975_|_28976_|_28977_|_29044_|_29045_|_29046_|_31809_|_31826_|_31827_|_31858_|_31903_|_31904_|_31905_|_31906_|_31909_|u2.state[5]$_DFF_PP0_
-0.312323	u2.state[5]$_DFF_PP0_/Q	wb0s_data_o[6]	_28974_|_28975_|_28976_|_28977_|_29044_|_29045_|_29046_|_31809_|_31826_|_31827_|_31858_|_31903_|_31904_|_31905_|_31924_|_31925_|u2.state[5]$_DFF_PP0_
-0.312323	u2.state[5]$_DFF_PP0_/Q	wb0s_data_o[7]	_28974_|_28975_|_28976_|_28977_|_29044_|_29045_|_29046_|_31809_|_31826_|_31827_|_31858_|_31903_|_31904_|_31905_|_31921_|_31922_|u2.state[5]$_DFF_PP0_
-0.312323	u2.state[5]$_DFF_PP0_/Q	wb0s_data_o[8]	_28974_|_28975_|_28976_|_28977_|_29044_|_29045_|_29046_|_31809_|_31826_|_31827_|_31858_|_31903_|_31904_|_31905_|_31917_|_31919_|u2.state[5]$_DFF_PP0_
-0.312323	u2.state[5]$_DFF_PP0_/Q	wb0s_data_o[9]	_28974_|_28975_|_28976_|_28977_|_29044_|_29045_|_29046_|_31809_|_31826_|_31827_|_31858_|_31903_|_31904_|_31905_|_31914_|_31915_|u2.state[5]$_DFF_PP0_
-0.312096	u2.state[5]$_DFF_PP0_/Q	wb0s_data_o[10]	_28974_|_28975_|_28976_|_28977_|_29044_|_29045_|_29046_|_31809_|_31826_|_31827_|_31858_|_31903_|_31904_|_31905_|_31911_|_31912_|u2.state[5]$_DFF_PP0_
-0.312096	u2.state[5]$_DFF_PP0_/Q	wb0s_data_o[11]	_28974_|_28975_|_28976_|_28977_|_29044_|_29045_|_29046_|_31809_|_31826_|_31827_|_31858_|_31903_|_31904_|_31905_|_31906_|_31909_|u2.state[5]$_DFF_PP0_
-0.312096	u2.state[5]$_DFF_PP0_/Q	wb0s_data_o[6]	_28974_|_28975_|_28976_|_28977_|_29044_|_29045_|_29046_|_31809_|_31826_|_31827_|_31858_|_31903_|_31904_|_31905_|_31924_|_31925_|u2.state[5]$_DFF_PP0_
-0.312096	u2.state[5]$_DFF_PP0_/Q	wb0s_data_o[7]	_28974_|_28975_|_28976_|_28977_|_29044_|_29045_|_29046_|_31809_|_31826_|_31827_|_31858_|_31903_|_31904_|_31905_|_31921_|_31922_|u2.state[5]$_DFF_PP0_
-0.312096	u2.state[5]$_DFF_PP0_/Q	wb0s_data_o[8]	_28974_|_28975_|_28976_|_28977_|_29044_|_29045_|_29046_|_31809_|_31826_|_31827_|_31858_|_31903_|_31904_|_31905_|_31917_|_31919_|u2.state[5]$_DFF_PP0_
-0.312096	u2.state[5]$_DFF_PP0_/Q	wb0s_data_o[9]	_28974_|_28975_|_28976_|_28977_|_29044_|_29045_|_29046_|_31809_|_31826_|_31827_|_31858_|_31903_|_31904_|_31905_|_31914_|_31915_|u2.state[5]$_DFF_PP0_
-0.312095	u2.state[5]$_DFF_PP0_/Q	wb0s_data_o[10]	_28974_|_28975_|_28976_|_28977_|_29044_|_29045_|_29046_|_31809_|_31826_|_31827_|_31858_|_31903_|_31904_|_31905_|_31911_|_31912_|u2.state[5]$_DFF_PP0_
-0.312095	u2.state[5]$_DFF_PP0_/Q	wb0s_data_o[11]	_28974_|_28975_|_28976_|_28977_|_29044_|_29045_|_29046_|_31809_|_31826_|_31827_|_31858_|_31903_|_31904_|_31905_|_31906_|_31909_|u2.state[5]$_DFF_PP0_
-0.312095	u2.state[5]$_DFF_PP0_/Q	wb0s_data_o[6]	_28974_|_28975_|_28976_|_28977_|_29044_|_29045_|_29046_|_31809_|_31826_|_31827_|_31858_|_31903_|_31904_|_31905_|_31924_|_31925_|u2.state[5]$_DFF_PP0_
-0.312095	u2.state[5]$_DFF_PP0_/Q	wb0s_data_o[7]	_28974_|_28975_|_28976_|_28977_|_29044_|_29045_|_29046_|_31809_|_31826_|_31827_|_31858_|_31903_|_31904_|_31905_|_31921_|_31922_|u2.state[5]$_DFF_PP0_
-0.312095	u2.state[5]$_DFF_PP0_/Q	wb0s_data_o[8]	_28974_|_28975_|_28976_|_28977_|_29044_|_29045_|_29046_|_31809_|_31826_|_31827_|_31858_|_31903_|_31904_|_31905_|_31917_|_31919_|u2.state[5]$_DFF_PP0_
-0.312095	u2.state[5]$_DFF_PP0_/Q	wb0s_data_o[9]	_28974_|_28975_|_28976_|_28977_|_29044_|_29045_|_29046_|_31809_|_31826_|_31827_|_31858_|_31903_|_31904_|_31905_|_31914_|_31915_|u2.state[5]$_DFF_PP0_
-0.311830	u2.state[4]$_DFF_PP0_/Q	wb0s_data_o[10]	_28969_|_28972_|_28976_|_28977_|_29044_|_29045_|_29046_|_31809_|_31826_|_31827_|_31858_|_31903_|_31904_|_31905_|_31911_|_31912_|u2.state[4]$_DFF_PP0_
-0.311830	u2.state[4]$_DFF_PP0_/Q	wb0s_data_o[11]	_28969_|_28972_|_28976_|_28977_|_29044_|_29045_|_29046_|_31809_|_31826_|_31827_|_31858_|_31903_|_31904_|_31905_|_31906_|_31909_|u2.state[4]$_DFF_PP0_
-0.311830	u2.state[4]$_DFF_PP0_/Q	wb0s_data_o[6]	_28969_|_28972_|_28976_|_28977_|_29044_|_29045_|_29046_|_31809_|_31826_|_31827_|_31858_|_31903_|_31904_|_31905_|_31924_|_31925_|u2.state[4]$_DFF_PP0_
-0.311830	u2.state[4]$_DFF_PP0_/Q	wb0s_data_o[7]	_28969_|_28972_|_28976_|_28977_|_29044_|_29045_|_29046_|_31809_|_31826_|_31827_|_31858_|_31903_|_31904_|_31905_|_31921_|_31922_|u2.state[4]$_DFF_PP0_
-0.311830	u2.state[4]$_DFF_PP0_/Q	wb0s_data_o[8]	_28969_|_28972_|_28976_|_28977_|_29044_|_29045_|_29046_|_31809_|_31826_|_31827_|_31858_|_31903_|_31904_|_31905_|_31917_|_31919_|u2.state[4]$_DFF_PP0_
-0.311830	u2.state[4]$_DFF_PP0_/Q	wb0s_data_o[9]	_28969_|_28972_|_28976_|_28977_|_29044_|_29045_|_29046_|_31809_|_31826_|_31827_|_31858_|_31903_|_31904_|_31905_|_31914_|_31915_|u2.state[4]$_DFF_PP0_
-0.311829	u2.state[4]$_DFF_PP0_/Q	wb0s_data_o[10]	_28969_|_28972_|_28976_|_28977_|_29044_|_29045_|_29046_|_31809_|_31826_|_31827_|_31858_|_31903_|_31904_|_31905_|_31911_|_31912_|u2.state[4]$_DFF_PP0_
-0.311829	u2.state[4]$_DFF_PP0_/Q	wb0s_data_o[11]	_28969_|_28972_|_28976_|_28977_|_29044_|_29045_|_29046_|_31809_|_31826_|_31827_|_31858_|_31903_|_31904_|_31905_|_31906_|_31909_|u2.state[4]$_DFF_PP0_
-0.311829	u2.state[4]$_DFF_PP0_/Q	wb0s_data_o[6]	_28969_|_28972_|_28976_|_28977_|_29044_|_29045_|_29046_|_31809_|_31826_|_31827_|_31858_|_31903_|_31904_|_31905_|_31924_|_31925_|u2.state[4]$_DFF_PP0_
-0.311829	u2.state[4]$_DFF_PP0_/Q	wb0s_data_o[7]	_28969_|_28972_|_28976_|_28977_|_29044_|_29045_|_29046_|_31809_|_31826_|_31827_|_31858_|_31903_|_31904_|_31905_|_31921_|_31922_|u2.state[4]$_DFF_PP0_
-0.311829	u2.state[4]$_DFF_PP0_/Q	wb0s_data_o[8]	_28969_|_28972_|_28976_|_28977_|_29044_|_29045_|_29046_|_31809_|_31826_|_31827_|_31858_|_31903_|_31904_|_31905_|_31917_|_31919_|u2.state[4]$_DFF_PP0_
-0.311829	u2.state[4]$_DFF_PP0_/Q	wb0s_data_o[9]	_28969_|_28972_|_28976_|_28977_|_29044_|_29045_|_29046_|_31809_|_31826_|_31827_|_31858_|_31903_|_31904_|_31905_|_31914_|_31915_|u2.state[4]$_DFF_PP0_
-0.311552	u2.state[5]$_DFF_PP0_/Q	wb0s_data_o[10]	_28974_|_28975_|_28976_|_28977_|_29044_|_29045_|_29046_|_31809_|_31826_|_31827_|_31858_|_31903_|_31904_|_31905_|_31911_|_31912_|u2.state[5]$_DFF_PP0_
-0.311552	u2.state[5]$_DFF_PP0_/Q	wb0s_data_o[11]	_28974_|_28975_|_28976_|_28977_|_29044_|_29045_|_29046_|_31809_|_31826_|_31827_|_31858_|_31903_|_31904_|_31905_|_31906_|_31909_|u2.state[5]$_DFF_PP0_
-0.311552	u2.state[5]$_DFF_PP0_/Q	wb0s_data_o[6]	_28974_|_28975_|_28976_|_28977_|_29044_|_29045_|_29046_|_31809_|_31826_|_31827_|_31858_|_31903_|_31904_|_31905_|_31924_|_31925_|u2.state[5]$_DFF_PP0_
-0.311552	u2.state[5]$_DFF_PP0_/Q	wb0s_data_o[7]	_28974_|_28975_|_28976_|_28977_|_29044_|_29045_|_29046_|_31809_|_31826_|_31827_|_31858_|_31903_|_31904_|_31905_|_31921_|_31922_|u2.state[5]$_DFF_PP0_
-0.311552	u2.state[5]$_DFF_PP0_/Q	wb0s_data_o[8]	_28974_|_28975_|_28976_|_28977_|_29044_|_29045_|_29046_|_31809_|_31826_|_31827_|_31858_|_31903_|_31904_|_31905_|_31917_|_31919_|u2.state[5]$_DFF_PP0_
-0.311552	u2.state[5]$_DFF_PP0_/Q	wb0s_data_o[9]	_28974_|_28975_|_28976_|_28977_|_29044_|_29045_|_29046_|_31809_|_31826_|_31827_|_31858_|_31903_|_31904_|_31905_|_31914_|_31915_|u2.state[5]$_DFF_PP0_
-0.311551	u2.state[5]$_DFF_PP0_/Q	wb0s_data_o[10]	_28974_|_28975_|_28976_|_28977_|_29044_|_29045_|_29046_|_31809_|_31826_|_31827_|_31858_|_31903_|_31904_|_31905_|_31911_|_31912_|u2.state[5]$_DFF_PP0_
-0.311551	u2.state[5]$_DFF_PP0_/Q	wb0s_data_o[11]	_28974_|_28975_|_28976_|_28977_|_29044_|_29045_|_29046_|_31809_|_31826_|_31827_|_31858_|_31903_|_31904_|_31905_|_31906_|_31909_|u2.state[5]$_DFF_PP0_
-0.311551	u2.state[5]$_DFF_PP0_/Q	wb0s_data_o[6]	_28974_|_28975_|_28976_|_28977_|_29044_|_29045_|_29046_|_31809_|_31826_|_31827_|_31858_|_31903_|_31904_|_31905_|_31924_|_31925_|u2.state[5]$_DFF_PP0_
-0.311551	u2.state[5]$_DFF_PP0_/Q	wb0s_data_o[7]	_28974_|_28975_|_28976_|_28977_|_29044_|_29045_|_29046_|_31809_|_31826_|_31827_|_31858_|_31903_|_31904_|_31905_|_31921_|_31922_|u2.state[5]$_DFF_PP0_
-0.311551	u2.state[5]$_DFF_PP0_/Q	wb0s_data_o[8]	_28974_|_28975_|_28976_|_28977_|_29044_|_29045_|_29046_|_31809_|_31826_|_31827_|_31858_|_31903_|_31904_|_31905_|_31917_|_31919_|u2.state[5]$_DFF_PP0_
-0.311551	u2.state[5]$_DFF_PP0_/Q	wb0s_data_o[9]	_28974_|_28975_|_28976_|_28977_|_29044_|_29045_|_29046_|_31809_|_31826_|_31827_|_31858_|_31903_|_31904_|_31905_|_31914_|_31915_|u2.state[5]$_DFF_PP0_
-0.311324	u2.state[5]$_DFF_PP0_/Q	wb0s_data_o[10]	_28974_|_28975_|_28976_|_28977_|_29044_|_29045_|_29046_|_31809_|_31826_|_31827_|_31858_|_31903_|_31904_|_31905_|_31911_|_31912_|u2.state[5]$_DFF_PP0_
-0.311324	u2.state[5]$_DFF_PP0_/Q	wb0s_data_o[11]	_28974_|_28975_|_28976_|_28977_|_29044_|_29045_|_29046_|_31809_|_31826_|_31827_|_31858_|_31903_|_31904_|_31905_|_31906_|_31909_|u2.state[5]$_DFF_PP0_
-0.311324	u2.state[5]$_DFF_PP0_/Q	wb0s_data_o[6]	_28974_|_28975_|_28976_|_28977_|_29044_|_29045_|_29046_|_31809_|_31826_|_31827_|_31858_|_31903_|_31904_|_31905_|_31924_|_31925_|u2.state[5]$_DFF_PP0_
-0.311324	u2.state[5]$_DFF_PP0_/Q	wb0s_data_o[7]	_28974_|_28975_|_28976_|_28977_|_29044_|_29045_|_29046_|_31809_|_31826_|_31827_|_31858_|_31903_|_31904_|_31905_|_31921_|_31922_|u2.state[5]$_DFF_PP0_
-0.311324	u2.state[5]$_DFF_PP0_/Q	wb0s_data_o[8]	_28974_|_28975_|_28976_|_28977_|_29044_|_29045_|_29046_|_31809_|_31826_|_31827_|_31858_|_31903_|_31904_|_31905_|_31917_|_31919_|u2.state[5]$_DFF_PP0_
-0.311324	u2.state[5]$_DFF_PP0_/Q	wb0s_data_o[9]	_28974_|_28975_|_28976_|_28977_|_29044_|_29045_|_29046_|_31809_|_31826_|_31827_|_31858_|_31903_|_31904_|_31905_|_31914_|_31915_|u2.state[5]$_DFF_PP0_
-0.311323	u2.state[5]$_DFF_PP0_/Q	wb0s_data_o[10]	_28974_|_28975_|_28976_|_28977_|_29044_|_29045_|_29046_|_31809_|_31826_|_31827_|_31858_|_31903_|_31904_|_31905_|_31911_|_31912_|u2.state[5]$_DFF_PP0_
-0.311323	u2.state[5]$_DFF_PP0_/Q	wb0s_data_o[11]	_28974_|_28975_|_28976_|_28977_|_29044_|_29045_|_29046_|_31809_|_31826_|_31827_|_31858_|_31903_|_31904_|_31905_|_31906_|_31909_|u2.state[5]$_DFF_PP0_
-0.311323	u2.state[5]$_DFF_PP0_/Q	wb0s_data_o[6]	_28974_|_28975_|_28976_|_28977_|_29044_|_29045_|_29046_|_31809_|_31826_|_31827_|_31858_|_31903_|_31904_|_31905_|_31924_|_31925_|u2.state[5]$_DFF_PP0_
-0.311323	u2.state[5]$_DFF_PP0_/Q	wb0s_data_o[7]	_28974_|_28975_|_28976_|_28977_|_29044_|_29045_|_29046_|_31809_|_31826_|_31827_|_31858_|_31903_|_31904_|_31905_|_31921_|_31922_|u2.state[5]$_DFF_PP0_
-0.311323	u2.state[5]$_DFF_PP0_/Q	wb0s_data_o[8]	_28974_|_28975_|_28976_|_28977_|_29044_|_29045_|_29046_|_31809_|_31826_|_31827_|_31858_|_31903_|_31904_|_31905_|_31917_|_31919_|u2.state[5]$_DFF_PP0_
-0.311323	u2.state[5]$_DFF_PP0_/Q	wb0s_data_o[9]	_28974_|_28975_|_28976_|_28977_|_29044_|_29045_|_29046_|_31809_|_31826_|_31827_|_31858_|_31903_|_31904_|_31905_|_31914_|_31915_|u2.state[5]$_DFF_PP0_
-0.311093	u2.state[4]$_DFF_PP0_/Q	wb0s_data_o[10]	_28969_|_28972_|_28976_|_28977_|_29044_|_29045_|_29046_|_31809_|_31826_|_31827_|_31858_|_31903_|_31904_|_31905_|_31911_|_31912_|u2.state[4]$_DFF_PP0_
-0.311093	u2.state[4]$_DFF_PP0_/Q	wb0s_data_o[11]	_28969_|_28972_|_28976_|_28977_|_29044_|_29045_|_29046_|_31809_|_31826_|_31827_|_31858_|_31903_|_31904_|_31905_|_31906_|_31909_|u2.state[4]$_DFF_PP0_
-0.311093	u2.state[4]$_DFF_PP0_/Q	wb0s_data_o[6]	_28969_|_28972_|_28976_|_28977_|_29044_|_29045_|_29046_|_31809_|_31826_|_31827_|_31858_|_31903_|_31904_|_31905_|_31924_|_31925_|u2.state[4]$_DFF_PP0_
-0.311093	u2.state[4]$_DFF_PP0_/Q	wb0s_data_o[7]	_28969_|_28972_|_28976_|_28977_|_29044_|_29045_|_29046_|_31809_|_31826_|_31827_|_31858_|_31903_|_31904_|_31905_|_31921_|_31922_|u2.state[4]$_DFF_PP0_
-0.311093	u2.state[4]$_DFF_PP0_/Q	wb0s_data_o[8]	_28969_|_28972_|_28976_|_28977_|_29044_|_29045_|_29046_|_31809_|_31826_|_31827_|_31858_|_31903_|_31904_|_31905_|_31917_|_31919_|u2.state[4]$_DFF_PP0_
-0.311093	u2.state[4]$_DFF_PP0_/Q	wb0s_data_o[9]	_28969_|_28972_|_28976_|_28977_|_29044_|_29045_|_29046_|_31809_|_31826_|_31827_|_31858_|_31903_|_31904_|_31905_|_31914_|_31915_|u2.state[4]$_DFF_PP0_
-0.311092	u2.state[4]$_DFF_PP0_/Q	wb0s_data_o[10]	_28969_|_28972_|_28976_|_28977_|_29044_|_29045_|_29046_|_31809_|_31826_|_31827_|_31858_|_31903_|_31904_|_31905_|_31911_|_31912_|u2.state[4]$_DFF_PP0_
-0.311092	u2.state[4]$_DFF_PP0_/Q	wb0s_data_o[11]	_28969_|_28972_|_28976_|_28977_|_29044_|_29045_|_29046_|_31809_|_31826_|_31827_|_31858_|_31903_|_31904_|_31905_|_31906_|_31909_|u2.state[4]$_DFF_PP0_
-0.311092	u2.state[4]$_DFF_PP0_/Q	wb0s_data_o[6]	_28969_|_28972_|_28976_|_28977_|_29044_|_29045_|_29046_|_31809_|_31826_|_31827_|_31858_|_31903_|_31904_|_31905_|_31924_|_31925_|u2.state[4]$_DFF_PP0_
-0.311092	u2.state[4]$_DFF_PP0_/Q	wb0s_data_o[7]	_28969_|_28972_|_28976_|_28977_|_29044_|_29045_|_29046_|_31809_|_31826_|_31827_|_31858_|_31903_|_31904_|_31905_|_31921_|_31922_|u2.state[4]$_DFF_PP0_
-0.311092	u2.state[4]$_DFF_PP0_/Q	wb0s_data_o[8]	_28969_|_28972_|_28976_|_28977_|_29044_|_29045_|_29046_|_31809_|_31826_|_31827_|_31858_|_31903_|_31904_|_31905_|_31917_|_31919_|u2.state[4]$_DFF_PP0_
-0.311092	u2.state[4]$_DFF_PP0_/Q	wb0s_data_o[9]	_28969_|_28972_|_28976_|_28977_|_29044_|_29045_|_29046_|_31809_|_31826_|_31827_|_31858_|_31903_|_31904_|_31905_|_31914_|_31915_|u2.state[4]$_DFF_PP0_
-0.311035	u2.state[6]$_DFF_PP0_/Q	wb0s_data_o[10]	_28973_|_28975_|_28976_|_28977_|_29044_|_29045_|_29046_|_31809_|_31826_|_31827_|_31858_|_31903_|_31904_|_31905_|_31911_|_31912_|u2.state[6]$_DFF_PP0_
-0.311035	u2.state[6]$_DFF_PP0_/Q	wb0s_data_o[11]	_28973_|_28975_|_28976_|_28977_|_29044_|_29045_|_29046_|_31809_|_31826_|_31827_|_31858_|_31903_|_31904_|_31905_|_31906_|_31909_|u2.state[6]$_DFF_PP0_
-0.311035	u2.state[6]$_DFF_PP0_/Q	wb0s_data_o[6]	_28973_|_28975_|_28976_|_28977_|_29044_|_29045_|_29046_|_31809_|_31826_|_31827_|_31858_|_31903_|_31904_|_31905_|_31924_|_31925_|u2.state[6]$_DFF_PP0_
-0.311035	u2.state[6]$_DFF_PP0_/Q	wb0s_data_o[7]	_28973_|_28975_|_28976_|_28977_|_29044_|_29045_|_29046_|_31809_|_31826_|_31827_|_31858_|_31903_|_31904_|_31905_|_31921_|_31922_|u2.state[6]$_DFF_PP0_
-0.311035	u2.state[6]$_DFF_PP0_/Q	wb0s_data_o[8]	_28973_|_28975_|_28976_|_28977_|_29044_|_29045_|_29046_|_31809_|_31826_|_31827_|_31858_|_31903_|_31904_|_31905_|_31917_|_31919_|u2.state[6]$_DFF_PP0_
-0.311035	u2.state[6]$_DFF_PP0_/Q	wb0s_data_o[9]	_28973_|_28975_|_28976_|_28977_|_29044_|_29045_|_29046_|_31809_|_31826_|_31827_|_31858_|_31903_|_31904_|_31905_|_31914_|_31915_|u2.state[6]$_DFF_PP0_
-0.311034	u2.state[6]$_DFF_PP0_/Q	wb0s_data_o[10]	_28973_|_28975_|_28976_|_28977_|_29044_|_29045_|_29046_|_31809_|_31826_|_31827_|_31858_|_31903_|_31904_|_31905_|_31911_|_31912_|u2.state[6]$_DFF_PP0_
-0.311034	u2.state[6]$_DFF_PP0_/Q	wb0s_data_o[11]	_28973_|_28975_|_28976_|_28977_|_29044_|_29045_|_29046_|_31809_|_31826_|_31827_|_31858_|_31903_|_31904_|_31905_|_31906_|_31909_|u2.state[6]$_DFF_PP0_
-0.311034	u2.state[6]$_DFF_PP0_/Q	wb0s_data_o[6]	_28973_|_28975_|_28976_|_28977_|_29044_|_29045_|_29046_|_31809_|_31826_|_31827_|_31858_|_31903_|_31904_|_31905_|_31924_|_31925_|u2.state[6]$_DFF_PP0_
-0.311034	u2.state[6]$_DFF_PP0_/Q	wb0s_data_o[7]	_28973_|_28975_|_28976_|_28977_|_29044_|_29045_|_29046_|_31809_|_31826_|_31827_|_31858_|_31903_|_31904_|_31905_|_31921_|_31922_|u2.state[6]$_DFF_PP0_
-0.311034	u2.state[6]$_DFF_PP0_/Q	wb0s_data_o[8]	_28973_|_28975_|_28976_|_28977_|_29044_|_29045_|_29046_|_31809_|_31826_|_31827_|_31858_|_31903_|_31904_|_31905_|_31917_|_31919_|u2.state[6]$_DFF_PP0_
-0.311034	u2.state[6]$_DFF_PP0_/Q	wb0s_data_o[9]	_28973_|_28975_|_28976_|_28977_|_29044_|_29045_|_29046_|_31809_|_31826_|_31827_|_31858_|_31903_|_31904_|_31905_|_31914_|_31915_|u2.state[6]$_DFF_PP0_
-0.310865	u2.state[4]$_DFF_PP0_/Q	wb0s_data_o[10]	_28969_|_28972_|_28976_|_28977_|_29044_|_29045_|_29046_|_31809_|_31826_|_31827_|_31858_|_31903_|_31904_|_31905_|_31911_|_31912_|u2.state[4]$_DFF_PP0_
-0.310865	u2.state[4]$_DFF_PP0_/Q	wb0s_data_o[11]	_28969_|_28972_|_28976_|_28977_|_29044_|_29045_|_29046_|_31809_|_31826_|_31827_|_31858_|_31903_|_31904_|_31905_|_31906_|_31909_|u2.state[4]$_DFF_PP0_
-0.310865	u2.state[4]$_DFF_PP0_/Q	wb0s_data_o[6]	_28969_|_28972_|_28976_|_28977_|_29044_|_29045_|_29046_|_31809_|_31826_|_31827_|_31858_|_31903_|_31904_|_31905_|_31924_|_31925_|u2.state[4]$_DFF_PP0_
-0.310865	u2.state[4]$_DFF_PP0_/Q	wb0s_data_o[7]	_28969_|_28972_|_28976_|_28977_|_29044_|_29045_|_29046_|_31809_|_31826_|_31827_|_31858_|_31903_|_31904_|_31905_|_31921_|_31922_|u2.state[4]$_DFF_PP0_
-0.310865	u2.state[4]$_DFF_PP0_/Q	wb0s_data_o[8]	_28969_|_28972_|_28976_|_28977_|_29044_|_29045_|_29046_|_31809_|_31826_|_31827_|_31858_|_31903_|_31904_|_31905_|_31917_|_31919_|u2.state[4]$_DFF_PP0_
-0.310865	u2.state[4]$_DFF_PP0_/Q	wb0s_data_o[9]	_28969_|_28972_|_28976_|_28977_|_29044_|_29045_|_29046_|_31809_|_31826_|_31827_|_31858_|_31903_|_31904_|_31905_|_31914_|_31915_|u2.state[4]$_DFF_PP0_
-0.310864	u2.state[4]$_DFF_PP0_/Q	wb0s_data_o[10]	_28969_|_28972_|_28976_|_28977_|_29044_|_29045_|_29046_|_31809_|_31826_|_31827_|_31858_|_31903_|_31904_|_31905_|_31911_|_31912_|u2.state[4]$_DFF_PP0_
-0.310864	u2.state[4]$_DFF_PP0_/Q	wb0s_data_o[11]	_28969_|_28972_|_28976_|_28977_|_29044_|_29045_|_29046_|_31809_|_31826_|_31827_|_31858_|_31903_|_31904_|_31905_|_31906_|_31909_|u2.state[4]$_DFF_PP0_
-0.310864	u2.state[4]$_DFF_PP0_/Q	wb0s_data_o[6]	_28969_|_28972_|_28976_|_28977_|_29044_|_29045_|_29046_|_31809_|_31826_|_31827_|_31858_|_31903_|_31904_|_31905_|_31924_|_31925_|u2.state[4]$_DFF_PP0_
-0.310864	u2.state[4]$_DFF_PP0_/Q	wb0s_data_o[7]	_28969_|_28972_|_28976_|_28977_|_29044_|_29045_|_29046_|_31809_|_31826_|_31827_|_31858_|_31903_|_31904_|_31905_|_31921_|_31922_|u2.state[4]$_DFF_PP0_
-0.310864	u2.state[4]$_DFF_PP0_/Q	wb0s_data_o[8]	_28969_|_28972_|_28976_|_28977_|_29044_|_29045_|_29046_|_31809_|_31826_|_31827_|_31858_|_31903_|_31904_|_31905_|_31917_|_31919_|u2.state[4]$_DFF_PP0_
-0.310864	u2.state[4]$_DFF_PP0_/Q	wb0s_data_o[9]	_28969_|_28972_|_28976_|_28977_|_29044_|_29045_|_29046_|_31809_|_31826_|_31827_|_31858_|_31903_|_31904_|_31905_|_31914_|_31915_|u2.state[4]$_DFF_PP0_
-0.310859	u2.state[4]$_DFF_PP0_/Q	wb0s_data_o[10]	_28969_|_28972_|_28976_|_28977_|_29044_|_29045_|_29046_|_31809_|_31826_|_31827_|_31858_|_31903_|_31904_|_31905_|_31911_|_31912_|u2.state[4]$_DFF_PP0_
-0.310859	u2.state[4]$_DFF_PP0_/Q	wb0s_data_o[11]	_28969_|_28972_|_28976_|_28977_|_29044_|_29045_|_29046_|_31809_|_31826_|_31827_|_31858_|_31903_|_31904_|_31905_|_31906_|_31909_|u2.state[4]$_DFF_PP0_
-0.310859	u2.state[4]$_DFF_PP0_/Q	wb0s_data_o[6]	_28969_|_28972_|_28976_|_28977_|_29044_|_29045_|_29046_|_31809_|_31826_|_31827_|_31858_|_31903_|_31904_|_31905_|_31924_|_31925_|u2.state[4]$_DFF_PP0_
-0.310859	u2.state[4]$_DFF_PP0_/Q	wb0s_data_o[7]	_28969_|_28972_|_28976_|_28977_|_29044_|_29045_|_29046_|_31809_|_31826_|_31827_|_31858_|_31903_|_31904_|_31905_|_31921_|_31922_|u2.state[4]$_DFF_PP0_
-0.310859	u2.state[4]$_DFF_PP0_/Q	wb0s_data_o[8]	_28969_|_28972_|_28976_|_28977_|_29044_|_29045_|_29046_|_31809_|_31826_|_31827_|_31858_|_31903_|_31904_|_31905_|_31917_|_31919_|u2.state[4]$_DFF_PP0_
-0.310859	u2.state[4]$_DFF_PP0_/Q	wb0s_data_o[9]	_28969_|_28972_|_28976_|_28977_|_29044_|_29045_|_29046_|_31809_|_31826_|_31827_|_31858_|_31903_|_31904_|_31905_|_31914_|_31915_|u2.state[4]$_DFF_PP0_
-0.310858	u2.state[4]$_DFF_PP0_/Q	wb0s_data_o[10]	_28969_|_28972_|_28976_|_28977_|_29044_|_29045_|_29046_|_31809_|_31826_|_31827_|_31858_|_31903_|_31904_|_31905_|_31911_|_31912_|u2.state[4]$_DFF_PP0_
-0.310858	u2.state[4]$_DFF_PP0_/Q	wb0s_data_o[11]	_28969_|_28972_|_28976_|_28977_|_29044_|_29045_|_29046_|_31809_|_31826_|_31827_|_31858_|_31903_|_31904_|_31905_|_31906_|_31909_|u2.state[4]$_DFF_PP0_
-0.310858	u2.state[4]$_DFF_PP0_/Q	wb0s_data_o[6]	_28969_|_28972_|_28976_|_28977_|_29044_|_29045_|_29046_|_31809_|_31826_|_31827_|_31858_|_31903_|_31904_|_31905_|_31924_|_31925_|u2.state[4]$_DFF_PP0_
-0.310858	u2.state[4]$_DFF_PP0_/Q	wb0s_data_o[7]	_28969_|_28972_|_28976_|_28977_|_29044_|_29045_|_29046_|_31809_|_31826_|_31827_|_31858_|_31903_|_31904_|_31905_|_31921_|_31922_|u2.state[4]$_DFF_PP0_
-0.310858	u2.state[4]$_DFF_PP0_/Q	wb0s_data_o[8]	_28969_|_28972_|_28976_|_28977_|_29044_|_29045_|_29046_|_31809_|_31826_|_31827_|_31858_|_31903_|_31904_|_31905_|_31917_|_31919_|u2.state[4]$_DFF_PP0_
-0.310858	u2.state[4]$_DFF_PP0_/Q	wb0s_data_o[9]	_28969_|_28972_|_28976_|_28977_|_29044_|_29045_|_29046_|_31809_|_31826_|_31827_|_31858_|_31903_|_31904_|_31905_|_31914_|_31915_|u2.state[4]$_DFF_PP0_
-0.310801	u2.state[6]$_DFF_PP0_/Q	wb0s_data_o[10]	_28973_|_28975_|_28976_|_28977_|_29044_|_29045_|_29046_|_31809_|_31826_|_31827_|_31858_|_31903_|_31904_|_31905_|_31911_|_31912_|u2.state[6]$_DFF_PP0_
-0.310801	u2.state[6]$_DFF_PP0_/Q	wb0s_data_o[11]	_28973_|_28975_|_28976_|_28977_|_29044_|_29045_|_29046_|_31809_|_31826_|_31827_|_31858_|_31903_|_31904_|_31905_|_31906_|_31909_|u2.state[6]$_DFF_PP0_
-0.310801	u2.state[6]$_DFF_PP0_/Q	wb0s_data_o[6]	_28973_|_28975_|_28976_|_28977_|_29044_|_29045_|_29046_|_31809_|_31826_|_31827_|_31858_|_31903_|_31904_|_31905_|_31924_|_31925_|u2.state[6]$_DFF_PP0_
-0.310801	u2.state[6]$_DFF_PP0_/Q	wb0s_data_o[7]	_28973_|_28975_|_28976_|_28977_|_29044_|_29045_|_29046_|_31809_|_31826_|_31827_|_31858_|_31903_|_31904_|_31905_|_31921_|_31922_|u2.state[6]$_DFF_PP0_
-0.310801	u2.state[6]$_DFF_PP0_/Q	wb0s_data_o[8]	_28973_|_28975_|_28976_|_28977_|_29044_|_29045_|_29046_|_31809_|_31826_|_31827_|_31858_|_31903_|_31904_|_31905_|_31917_|_31919_|u2.state[6]$_DFF_PP0_
-0.310801	u2.state[6]$_DFF_PP0_/Q	wb0s_data_o[9]	_28973_|_28975_|_28976_|_28977_|_29044_|_29045_|_29046_|_31809_|_31826_|_31827_|_31858_|_31903_|_31904_|_31905_|_31914_|_31915_|u2.state[6]$_DFF_PP0_
-0.310800	u2.state[6]$_DFF_PP0_/Q	wb0s_data_o[10]	_28973_|_28975_|_28976_|_28977_|_29044_|_29045_|_29046_|_31809_|_31826_|_31827_|_31858_|_31903_|_31904_|_31905_|_31911_|_31912_|u2.state[6]$_DFF_PP0_
-0.310800	u2.state[6]$_DFF_PP0_/Q	wb0s_data_o[11]	_28973_|_28975_|_28976_|_28977_|_29044_|_29045_|_29046_|_31809_|_31826_|_31827_|_31858_|_31903_|_31904_|_31905_|_31906_|_31909_|u2.state[6]$_DFF_PP0_
-0.310800	u2.state[6]$_DFF_PP0_/Q	wb0s_data_o[6]	_28973_|_28975_|_28976_|_28977_|_29044_|_29045_|_29046_|_31809_|_31826_|_31827_|_31858_|_31903_|_31904_|_31905_|_31924_|_31925_|u2.state[6]$_DFF_PP0_
-0.310800	u2.state[6]$_DFF_PP0_/Q	wb0s_data_o[7]	_28973_|_28975_|_28976_|_28977_|_29044_|_29045_|_29046_|_31809_|_31826_|_31827_|_31858_|_31903_|_31904_|_31905_|_31921_|_31922_|u2.state[6]$_DFF_PP0_
-0.310800	u2.state[6]$_DFF_PP0_/Q	wb0s_data_o[8]	_28973_|_28975_|_28976_|_28977_|_29044_|_29045_|_29046_|_31809_|_31826_|_31827_|_31858_|_31903_|_31904_|_31905_|_31917_|_31919_|u2.state[6]$_DFF_PP0_
-0.310800	u2.state[6]$_DFF_PP0_/Q	wb0s_data_o[9]	_28973_|_28975_|_28976_|_28977_|_29044_|_29045_|_29046_|_31809_|_31826_|_31827_|_31858_|_31903_|_31904_|_31905_|_31914_|_31915_|u2.state[6]$_DFF_PP0_
-0.310630	u2.state[4]$_DFF_PP0_/Q	wb0s_data_o[10]	_28969_|_28972_|_28976_|_28977_|_29044_|_29045_|_29046_|_31809_|_31826_|_31827_|_31858_|_31903_|_31904_|_31905_|_31911_|_31912_|u2.state[4]$_DFF_PP0_
-0.310630	u2.state[4]$_DFF_PP0_/Q	wb0s_data_o[11]	_28969_|_28972_|_28976_|_28977_|_29044_|_29045_|_29046_|_31809_|_31826_|_31827_|_31858_|_31903_|_31904_|_31905_|_31906_|_31909_|u2.state[4]$_DFF_PP0_
-0.310630	u2.state[4]$_DFF_PP0_/Q	wb0s_data_o[6]	_28969_|_28972_|_28976_|_28977_|_29044_|_29045_|_29046_|_31809_|_31826_|_31827_|_31858_|_31903_|_31904_|_31905_|_31924_|_31925_|u2.state[4]$_DFF_PP0_
-0.310630	u2.state[4]$_DFF_PP0_/Q	wb0s_data_o[7]	_28969_|_28972_|_28976_|_28977_|_29044_|_29045_|_29046_|_31809_|_31826_|_31827_|_31858_|_31903_|_31904_|_31905_|_31921_|_31922_|u2.state[4]$_DFF_PP0_
-0.310630	u2.state[4]$_DFF_PP0_/Q	wb0s_data_o[8]	_28969_|_28972_|_28976_|_28977_|_29044_|_29045_|_29046_|_31809_|_31826_|_31827_|_31858_|_31903_|_31904_|_31905_|_31917_|_31919_|u2.state[4]$_DFF_PP0_
-0.310630	u2.state[4]$_DFF_PP0_/Q	wb0s_data_o[9]	_28969_|_28972_|_28976_|_28977_|_29044_|_29045_|_29046_|_31809_|_31826_|_31827_|_31858_|_31903_|_31904_|_31905_|_31914_|_31915_|u2.state[4]$_DFF_PP0_
-0.310629	u2.state[4]$_DFF_PP0_/Q	wb0s_data_o[10]	_28969_|_28972_|_28976_|_28977_|_29044_|_29045_|_29046_|_31809_|_31826_|_31827_|_31858_|_31903_|_31904_|_31905_|_31911_|_31912_|u2.state[4]$_DFF_PP0_
-0.310629	u2.state[4]$_DFF_PP0_/Q	wb0s_data_o[11]	_28969_|_28972_|_28976_|_28977_|_29044_|_29045_|_29046_|_31809_|_31826_|_31827_|_31858_|_31903_|_31904_|_31905_|_31906_|_31909_|u2.state[4]$_DFF_PP0_
-0.310629	u2.state[4]$_DFF_PP0_/Q	wb0s_data_o[6]	_28969_|_28972_|_28976_|_28977_|_29044_|_29045_|_29046_|_31809_|_31826_|_31827_|_31858_|_31903_|_31904_|_31905_|_31924_|_31925_|u2.state[4]$_DFF_PP0_
-0.310629	u2.state[4]$_DFF_PP0_/Q	wb0s_data_o[7]	_28969_|_28972_|_28976_|_28977_|_29044_|_29045_|_29046_|_31809_|_31826_|_31827_|_31858_|_31903_|_31904_|_31905_|_31921_|_31922_|u2.state[4]$_DFF_PP0_
-0.310629	u2.state[4]$_DFF_PP0_/Q	wb0s_data_o[8]	_28969_|_28972_|_28976_|_28977_|_29044_|_29045_|_29046_|_31809_|_31826_|_31827_|_31858_|_31903_|_31904_|_31905_|_31917_|_31919_|u2.state[4]$_DFF_PP0_
-0.310629	u2.state[4]$_DFF_PP0_/Q	wb0s_data_o[9]	_28969_|_28972_|_28976_|_28977_|_29044_|_29045_|_29046_|_31809_|_31826_|_31827_|_31858_|_31903_|_31904_|_31905_|_31914_|_31915_|u2.state[4]$_DFF_PP0_
-0.310087	u2.state[4]$_DFF_PP0_/Q	wb0s_data_o[10]	_28969_|_28972_|_28976_|_28977_|_29044_|_29045_|_29046_|_31809_|_31826_|_31827_|_31858_|_31903_|_31904_|_31905_|_31911_|_31912_|u2.state[4]$_DFF_PP0_
-0.310087	u2.state[4]$_DFF_PP0_/Q	wb0s_data_o[11]	_28969_|_28972_|_28976_|_28977_|_29044_|_29045_|_29046_|_31809_|_31826_|_31827_|_31858_|_31903_|_31904_|_31905_|_31906_|_31909_|u2.state[4]$_DFF_PP0_
-0.310087	u2.state[4]$_DFF_PP0_/Q	wb0s_data_o[6]	_28969_|_28972_|_28976_|_28977_|_29044_|_29045_|_29046_|_31809_|_31826_|_31827_|_31858_|_31903_|_31904_|_31905_|_31924_|_31925_|u2.state[4]$_DFF_PP0_
-0.310087	u2.state[4]$_DFF_PP0_/Q	wb0s_data_o[7]	_28969_|_28972_|_28976_|_28977_|_29044_|_29045_|_29046_|_31809_|_31826_|_31827_|_31858_|_31903_|_31904_|_31905_|_31921_|_31922_|u2.state[4]$_DFF_PP0_
-0.310087	u2.state[4]$_DFF_PP0_/Q	wb0s_data_o[8]	_28969_|_28972_|_28976_|_28977_|_29044_|_29045_|_29046_|_31809_|_31826_|_31827_|_31858_|_31903_|_31904_|_31905_|_31917_|_31919_|u2.state[4]$_DFF_PP0_
-0.310087	u2.state[4]$_DFF_PP0_/Q	wb0s_data_o[9]	_28969_|_28972_|_28976_|_28977_|_29044_|_29045_|_29046_|_31809_|_31826_|_31827_|_31858_|_31903_|_31904_|_31905_|_31914_|_31915_|u2.state[4]$_DFF_PP0_
-0.310086	u2.state[4]$_DFF_PP0_/Q	wb0s_data_o[10]	_28969_|_28972_|_28976_|_28977_|_29044_|_29045_|_29046_|_31809_|_31826_|_31827_|_31858_|_31903_|_31904_|_31905_|_31911_|_31912_|u2.state[4]$_DFF_PP0_
-0.310086	u2.state[4]$_DFF_PP0_/Q	wb0s_data_o[11]	_28969_|_28972_|_28976_|_28977_|_29044_|_29045_|_29046_|_31809_|_31826_|_31827_|_31858_|_31903_|_31904_|_31905_|_31906_|_31909_|u2.state[4]$_DFF_PP0_
-0.310086	u2.state[4]$_DFF_PP0_/Q	wb0s_data_o[6]	_28969_|_28972_|_28976_|_28977_|_29044_|_29045_|_29046_|_31809_|_31826_|_31827_|_31858_|_31903_|_31904_|_31905_|_31924_|_31925_|u2.state[4]$_DFF_PP0_
-0.310086	u2.state[4]$_DFF_PP0_/Q	wb0s_data_o[7]	_28969_|_28972_|_28976_|_28977_|_29044_|_29045_|_29046_|_31809_|_31826_|_31827_|_31858_|_31903_|_31904_|_31905_|_31921_|_31922_|u2.state[4]$_DFF_PP0_
-0.310086	u2.state[4]$_DFF_PP0_/Q	wb0s_data_o[8]	_28969_|_28972_|_28976_|_28977_|_29044_|_29045_|_29046_|_31809_|_31826_|_31827_|_31858_|_31903_|_31904_|_31905_|_31917_|_31919_|u2.state[4]$_DFF_PP0_
-0.310086	u2.state[4]$_DFF_PP0_/Q	wb0s_data_o[9]	_28969_|_28972_|_28976_|_28977_|_29044_|_29045_|_29046_|_31809_|_31826_|_31827_|_31858_|_31903_|_31904_|_31905_|_31914_|_31915_|u2.state[4]$_DFF_PP0_
-0.310029	u2.state[6]$_DFF_PP0_/Q	wb0s_data_o[10]	_28973_|_28975_|_28976_|_28977_|_29044_|_29045_|_29046_|_31809_|_31826_|_31827_|_31858_|_31903_|_31904_|_31905_|_31911_|_31912_|u2.state[6]$_DFF_PP0_
-0.310029	u2.state[6]$_DFF_PP0_/Q	wb0s_data_o[11]	_28973_|_28975_|_28976_|_28977_|_29044_|_29045_|_29046_|_31809_|_31826_|_31827_|_31858_|_31903_|_31904_|_31905_|_31906_|_31909_|u2.state[6]$_DFF_PP0_
-0.310029	u2.state[6]$_DFF_PP0_/Q	wb0s_data_o[6]	_28973_|_28975_|_28976_|_28977_|_29044_|_29045_|_29046_|_31809_|_31826_|_31827_|_31858_|_31903_|_31904_|_31905_|_31924_|_31925_|u2.state[6]$_DFF_PP0_
-0.310029	u2.state[6]$_DFF_PP0_/Q	wb0s_data_o[7]	_28973_|_28975_|_28976_|_28977_|_29044_|_29045_|_29046_|_31809_|_31826_|_31827_|_31858_|_31903_|_31904_|_31905_|_31921_|_31922_|u2.state[6]$_DFF_PP0_
-0.310029	u2.state[6]$_DFF_PP0_/Q	wb0s_data_o[8]	_28973_|_28975_|_28976_|_28977_|_29044_|_29045_|_29046_|_31809_|_31826_|_31827_|_31858_|_31903_|_31904_|_31905_|_31917_|_31919_|u2.state[6]$_DFF_PP0_
-0.310029	u2.state[6]$_DFF_PP0_/Q	wb0s_data_o[9]	_28973_|_28975_|_28976_|_28977_|_29044_|_29045_|_29046_|_31809_|_31826_|_31827_|_31858_|_31903_|_31904_|_31905_|_31914_|_31915_|u2.state[6]$_DFF_PP0_
-0.310028	u2.state[6]$_DFF_PP0_/Q	wb0s_data_o[10]	_28973_|_28975_|_28976_|_28977_|_29044_|_29045_|_29046_|_31809_|_31826_|_31827_|_31858_|_31903_|_31904_|_31905_|_31911_|_31912_|u2.state[6]$_DFF_PP0_
-0.310028	u2.state[6]$_DFF_PP0_/Q	wb0s_data_o[11]	_28973_|_28975_|_28976_|_28977_|_29044_|_29045_|_29046_|_31809_|_31826_|_31827_|_31858_|_31903_|_31904_|_31905_|_31906_|_31909_|u2.state[6]$_DFF_PP0_
-0.310028	u2.state[6]$_DFF_PP0_/Q	wb0s_data_o[6]	_28973_|_28975_|_28976_|_28977_|_29044_|_29045_|_29046_|_31809_|_31826_|_31827_|_31858_|_31903_|_31904_|_31905_|_31924_|_31925_|u2.state[6]$_DFF_PP0_
-0.310028	u2.state[6]$_DFF_PP0_/Q	wb0s_data_o[7]	_28973_|_28975_|_28976_|_28977_|_29044_|_29045_|_29046_|_31809_|_31826_|_31827_|_31858_|_31903_|_31904_|_31905_|_31921_|_31922_|u2.state[6]$_DFF_PP0_
-0.310028	u2.state[6]$_DFF_PP0_/Q	wb0s_data_o[8]	_28973_|_28975_|_28976_|_28977_|_29044_|_29045_|_29046_|_31809_|_31826_|_31827_|_31858_|_31903_|_31904_|_31905_|_31917_|_31919_|u2.state[6]$_DFF_PP0_
-0.310028	u2.state[6]$_DFF_PP0_/Q	wb0s_data_o[9]	_28973_|_28975_|_28976_|_28977_|_29044_|_29045_|_29046_|_31809_|_31826_|_31827_|_31858_|_31903_|_31904_|_31905_|_31914_|_31915_|u2.state[6]$_DFF_PP0_
-0.309858	u2.state[4]$_DFF_PP0_/Q	wb0s_data_o[10]	_28969_|_28972_|_28976_|_28977_|_29044_|_29045_|_29046_|_31809_|_31826_|_31827_|_31858_|_31903_|_31904_|_31905_|_31911_|_31912_|u2.state[4]$_DFF_PP0_
-0.309858	u2.state[4]$_DFF_PP0_/Q	wb0s_data_o[11]	_28969_|_28972_|_28976_|_28977_|_29044_|_29045_|_29046_|_31809_|_31826_|_31827_|_31858_|_31903_|_31904_|_31905_|_31906_|_31909_|u2.state[4]$_DFF_PP0_
-0.309858	u2.state[4]$_DFF_PP0_/Q	wb0s_data_o[6]	_28969_|_28972_|_28976_|_28977_|_29044_|_29045_|_29046_|_31809_|_31826_|_31827_|_31858_|_31903_|_31904_|_31905_|_31924_|_31925_|u2.state[4]$_DFF_PP0_
-0.309858	u2.state[4]$_DFF_PP0_/Q	wb0s_data_o[7]	_28969_|_28972_|_28976_|_28977_|_29044_|_29045_|_29046_|_31809_|_31826_|_31827_|_31858_|_31903_|_31904_|_31905_|_31921_|_31922_|u2.state[4]$_DFF_PP0_
-0.309858	u2.state[4]$_DFF_PP0_/Q	wb0s_data_o[8]	_28969_|_28972_|_28976_|_28977_|_29044_|_29045_|_29046_|_31809_|_31826_|_31827_|_31858_|_31903_|_31904_|_31905_|_31917_|_31919_|u2.state[4]$_DFF_PP0_
-0.309858	u2.state[4]$_DFF_PP0_/Q	wb0s_data_o[9]	_28969_|_28972_|_28976_|_28977_|_29044_|_29045_|_29046_|_31809_|_31826_|_31827_|_31858_|_31903_|_31904_|_31905_|_31914_|_31915_|u2.state[4]$_DFF_PP0_
-0.309857	u2.state[4]$_DFF_PP0_/Q	wb0s_data_o[10]	_28969_|_28972_|_28976_|_28977_|_29044_|_29045_|_29046_|_31809_|_31826_|_31827_|_31858_|_31903_|_31904_|_31905_|_31911_|_31912_|u2.state[4]$_DFF_PP0_
-0.309857	u2.state[4]$_DFF_PP0_/Q	wb0s_data_o[11]	_28969_|_28972_|_28976_|_28977_|_29044_|_29045_|_29046_|_31809_|_31826_|_31827_|_31858_|_31903_|_31904_|_31905_|_31906_|_31909_|u2.state[4]$_DFF_PP0_
-0.309857	u2.state[4]$_DFF_PP0_/Q	wb0s_data_o[6]	_28969_|_28972_|_28976_|_28977_|_29044_|_29045_|_29046_|_31809_|_31826_|_31827_|_31858_|_31903_|_31904_|_31905_|_31924_|_31925_|u2.state[4]$_DFF_PP0_
-0.309857	u2.state[4]$_DFF_PP0_/Q	wb0s_data_o[7]	_28969_|_28972_|_28976_|_28977_|_29044_|_29045_|_29046_|_31809_|_31826_|_31827_|_31858_|_31903_|_31904_|_31905_|_31921_|_31922_|u2.state[4]$_DFF_PP0_
-0.309857	u2.state[4]$_DFF_PP0_/Q	wb0s_data_o[8]	_28969_|_28972_|_28976_|_28977_|_29044_|_29045_|_29046_|_31809_|_31826_|_31827_|_31858_|_31903_|_31904_|_31905_|_31917_|_31919_|u2.state[4]$_DFF_PP0_
-0.309857	u2.state[4]$_DFF_PP0_/Q	wb0s_data_o[9]	_28969_|_28972_|_28976_|_28977_|_29044_|_29045_|_29046_|_31809_|_31826_|_31827_|_31858_|_31903_|_31904_|_31905_|_31914_|_31915_|u2.state[4]$_DFF_PP0_
-0.309292	u2.state[6]$_DFF_PP0_/Q	wb0s_data_o[10]	_28973_|_28975_|_28976_|_28977_|_29044_|_29045_|_29046_|_31809_|_31826_|_31827_|_31858_|_31903_|_31904_|_31905_|_31911_|_31912_|u2.state[6]$_DFF_PP0_
-0.309292	u2.state[6]$_DFF_PP0_/Q	wb0s_data_o[11]	_28973_|_28975_|_28976_|_28977_|_29044_|_29045_|_29046_|_31809_|_31826_|_31827_|_31858_|_31903_|_31904_|_31905_|_31906_|_31909_|u2.state[6]$_DFF_PP0_
-0.309292	u2.state[6]$_DFF_PP0_/Q	wb0s_data_o[6]	_28973_|_28975_|_28976_|_28977_|_29044_|_29045_|_29046_|_31809_|_31826_|_31827_|_31858_|_31903_|_31904_|_31905_|_31924_|_31925_|u2.state[6]$_DFF_PP0_
-0.309292	u2.state[6]$_DFF_PP0_/Q	wb0s_data_o[7]	_28973_|_28975_|_28976_|_28977_|_29044_|_29045_|_29046_|_31809_|_31826_|_31827_|_31858_|_31903_|_31904_|_31905_|_31921_|_31922_|u2.state[6]$_DFF_PP0_
-0.309292	u2.state[6]$_DFF_PP0_/Q	wb0s_data_o[8]	_28973_|_28975_|_28976_|_28977_|_29044_|_29045_|_29046_|_31809_|_31826_|_31827_|_31858_|_31903_|_31904_|_31905_|_31917_|_31919_|u2.state[6]$_DFF_PP0_
-0.309292	u2.state[6]$_DFF_PP0_/Q	wb0s_data_o[9]	_28973_|_28975_|_28976_|_28977_|_29044_|_29045_|_29046_|_31809_|_31826_|_31827_|_31858_|_31903_|_31904_|_31905_|_31914_|_31915_|u2.state[6]$_DFF_PP0_
-0.309291	u2.state[6]$_DFF_PP0_/Q	wb0s_data_o[10]	_28973_|_28975_|_28976_|_28977_|_29044_|_29045_|_29046_|_31809_|_31826_|_31827_|_31858_|_31903_|_31904_|_31905_|_31911_|_31912_|u2.state[6]$_DFF_PP0_
-0.309291	u2.state[6]$_DFF_PP0_/Q	wb0s_data_o[11]	_28973_|_28975_|_28976_|_28977_|_29044_|_29045_|_29046_|_31809_|_31826_|_31827_|_31858_|_31903_|_31904_|_31905_|_31906_|_31909_|u2.state[6]$_DFF_PP0_
-0.309291	u2.state[6]$_DFF_PP0_/Q	wb0s_data_o[6]	_28973_|_28975_|_28976_|_28977_|_29044_|_29045_|_29046_|_31809_|_31826_|_31827_|_31858_|_31903_|_31904_|_31905_|_31924_|_31925_|u2.state[6]$_DFF_PP0_
-0.309291	u2.state[6]$_DFF_PP0_/Q	wb0s_data_o[7]	_28973_|_28975_|_28976_|_28977_|_29044_|_29045_|_29046_|_31809_|_31826_|_31827_|_31858_|_31903_|_31904_|_31905_|_31921_|_31922_|u2.state[6]$_DFF_PP0_
-0.309291	u2.state[6]$_DFF_PP0_/Q	wb0s_data_o[8]	_28973_|_28975_|_28976_|_28977_|_29044_|_29045_|_29046_|_31809_|_31826_|_31827_|_31858_|_31903_|_31904_|_31905_|_31917_|_31919_|u2.state[6]$_DFF_PP0_
-0.309291	u2.state[6]$_DFF_PP0_/Q	wb0s_data_o[9]	_28973_|_28975_|_28976_|_28977_|_29044_|_29045_|_29046_|_31809_|_31826_|_31827_|_31858_|_31903_|_31904_|_31905_|_31914_|_31915_|u2.state[6]$_DFF_PP0_
-0.309063	u2.state[6]$_DFF_PP0_/Q	wb0s_data_o[10]	_28973_|_28975_|_28976_|_28977_|_29044_|_29045_|_29046_|_31809_|_31826_|_31827_|_31858_|_31903_|_31904_|_31905_|_31911_|_31912_|u2.state[6]$_DFF_PP0_
-0.309063	u2.state[6]$_DFF_PP0_/Q	wb0s_data_o[11]	_28973_|_28975_|_28976_|_28977_|_29044_|_29045_|_29046_|_31809_|_31826_|_31827_|_31858_|_31903_|_31904_|_31905_|_31906_|_31909_|u2.state[6]$_DFF_PP0_
-0.309063	u2.state[6]$_DFF_PP0_/Q	wb0s_data_o[6]	_28973_|_28975_|_28976_|_28977_|_29044_|_29045_|_29046_|_31809_|_31826_|_31827_|_31858_|_31903_|_31904_|_31905_|_31924_|_31925_|u2.state[6]$_DFF_PP0_
-0.309063	u2.state[6]$_DFF_PP0_/Q	wb0s_data_o[7]	_28973_|_28975_|_28976_|_28977_|_29044_|_29045_|_29046_|_31809_|_31826_|_31827_|_31858_|_31903_|_31904_|_31905_|_31921_|_31922_|u2.state[6]$_DFF_PP0_
-0.309063	u2.state[6]$_DFF_PP0_/Q	wb0s_data_o[8]	_28973_|_28975_|_28976_|_28977_|_29044_|_29045_|_29046_|_31809_|_31826_|_31827_|_31858_|_31903_|_31904_|_31905_|_31917_|_31919_|u2.state[6]$_DFF_PP0_
-0.309063	u2.state[6]$_DFF_PP0_/Q	wb0s_data_o[9]	_28973_|_28975_|_28976_|_28977_|_29044_|_29045_|_29046_|_31809_|_31826_|_31827_|_31858_|_31903_|_31904_|_31905_|_31914_|_31915_|u2.state[6]$_DFF_PP0_
-0.309062	u2.state[6]$_DFF_PP0_/Q	wb0s_data_o[10]	_28973_|_28975_|_28976_|_28977_|_29044_|_29045_|_29046_|_31809_|_31826_|_31827_|_31858_|_31903_|_31904_|_31905_|_31911_|_31912_|u2.state[6]$_DFF_PP0_
-0.309062	u2.state[6]$_DFF_PP0_/Q	wb0s_data_o[11]	_28973_|_28975_|_28976_|_28977_|_29044_|_29045_|_29046_|_31809_|_31826_|_31827_|_31858_|_31903_|_31904_|_31905_|_31906_|_31909_|u2.state[6]$_DFF_PP0_
-0.309062	u2.state[6]$_DFF_PP0_/Q	wb0s_data_o[6]	_28973_|_28975_|_28976_|_28977_|_29044_|_29045_|_29046_|_31809_|_31826_|_31827_|_31858_|_31903_|_31904_|_31905_|_31924_|_31925_|u2.state[6]$_DFF_PP0_
-0.309062	u2.state[6]$_DFF_PP0_/Q	wb0s_data_o[7]	_28973_|_28975_|_28976_|_28977_|_29044_|_29045_|_29046_|_31809_|_31826_|_31827_|_31858_|_31903_|_31904_|_31905_|_31921_|_31922_|u2.state[6]$_DFF_PP0_
-0.309062	u2.state[6]$_DFF_PP0_/Q	wb0s_data_o[8]	_28973_|_28975_|_28976_|_28977_|_29044_|_29045_|_29046_|_31809_|_31826_|_31827_|_31858_|_31903_|_31904_|_31905_|_31917_|_31919_|u2.state[6]$_DFF_PP0_
-0.309062	u2.state[6]$_DFF_PP0_/Q	wb0s_data_o[9]	_28973_|_28975_|_28976_|_28977_|_29044_|_29045_|_29046_|_31809_|_31826_|_31827_|_31858_|_31903_|_31904_|_31905_|_31914_|_31915_|u2.state[6]$_DFF_PP0_
-0.309057	u2.state[6]$_DFF_PP0_/Q	wb0s_data_o[10]	_28973_|_28975_|_28976_|_28977_|_29044_|_29045_|_29046_|_31809_|_31826_|_31827_|_31858_|_31903_|_31904_|_31905_|_31911_|_31912_|u2.state[6]$_DFF_PP0_
-0.309057	u2.state[6]$_DFF_PP0_/Q	wb0s_data_o[11]	_28973_|_28975_|_28976_|_28977_|_29044_|_29045_|_29046_|_31809_|_31826_|_31827_|_31858_|_31903_|_31904_|_31905_|_31906_|_31909_|u2.state[6]$_DFF_PP0_
-0.309057	u2.state[6]$_DFF_PP0_/Q	wb0s_data_o[6]	_28973_|_28975_|_28976_|_28977_|_29044_|_29045_|_29046_|_31809_|_31826_|_31827_|_31858_|_31903_|_31904_|_31905_|_31924_|_31925_|u2.state[6]$_DFF_PP0_
-0.309057	u2.state[6]$_DFF_PP0_/Q	wb0s_data_o[7]	_28973_|_28975_|_28976_|_28977_|_29044_|_29045_|_29046_|_31809_|_31826_|_31827_|_31858_|_31903_|_31904_|_31905_|_31921_|_31922_|u2.state[6]$_DFF_PP0_
-0.309057	u2.state[6]$_DFF_PP0_/Q	wb0s_data_o[8]	_28973_|_28975_|_28976_|_28977_|_29044_|_29045_|_29046_|_31809_|_31826_|_31827_|_31858_|_31903_|_31904_|_31905_|_31917_|_31919_|u2.state[6]$_DFF_PP0_
-0.309057	u2.state[6]$_DFF_PP0_/Q	wb0s_data_o[9]	_28973_|_28975_|_28976_|_28977_|_29044_|_29045_|_29046_|_31809_|_31826_|_31827_|_31858_|_31903_|_31904_|_31905_|_31914_|_31915_|u2.state[6]$_DFF_PP0_
-0.309056	u2.state[6]$_DFF_PP0_/Q	wb0s_data_o[10]	_28973_|_28975_|_28976_|_28977_|_29044_|_29045_|_29046_|_31809_|_31826_|_31827_|_31858_|_31903_|_31904_|_31905_|_31911_|_31912_|u2.state[6]$_DFF_PP0_
-0.309056	u2.state[6]$_DFF_PP0_/Q	wb0s_data_o[11]	_28973_|_28975_|_28976_|_28977_|_29044_|_29045_|_29046_|_31809_|_31826_|_31827_|_31858_|_31903_|_31904_|_31905_|_31906_|_31909_|u2.state[6]$_DFF_PP0_
