# stage	1_synth
# top_module	axi_crossbar_wrap_8x8
# top_n	1000
# kind	blocks
# skip_async	1
# include_full	1
# rank	worst_slack_ns	start	end	start_full	end_full
1	-0.4469	mI_axi_rid[J]	axi_crossbar_inst.axi_crossbar_rd_inst.s_ifaces[I].addr_inst.thread_count_reg[J][K]	m03_axi_rid[1]	axi_crossbar_inst.axi_crossbar_rd_inst.s_ifaces[1].addr_inst.thread_count_reg[0][4]$_SDFFE_PP0P_/D
2	-0.4327	mI_axi_bid[J]	axi_crossbar_inst.axi_crossbar_wr_inst.s_ifaces[I].addr_inst.thread_count_reg[J][K]	m07_axi_bid[7]	axi_crossbar_inst.axi_crossbar_wr_inst.s_ifaces[4].addr_inst.thread_count_reg[1][4]$_SDFFE_PP0P_/D
3	-0.4162	mI_axi_rvalid	axi_crossbar_inst.axi_crossbar_rd_inst.s_ifaces[I].addr_inst.thread_count_reg[J][K]	m02_axi_rvalid	axi_crossbar_inst.axi_crossbar_rd_inst.s_ifaces[0].addr_inst.thread_count_reg[0][4]$_SDFFE_PP0P_/D
4	-0.4116	mI_axi_rlast	axi_crossbar_inst.axi_crossbar_rd_inst.s_ifaces[I].addr_inst.thread_count_reg[J][K]	m00_axi_rlast	axi_crossbar_inst.axi_crossbar_rd_inst.s_ifaces[7].addr_inst.thread_count_reg[1][4]$_SDFFE_PP0P_/D
5	-0.4006	sI_axi_awid[J]	axi_crossbar_inst.axi_crossbar_wr_inst.s_ifaces[I].addr_inst.thread_count_reg[J][K]	s04_axi_awid[2]	axi_crossbar_inst.axi_crossbar_wr_inst.s_ifaces[4].addr_inst.thread_count_reg[1][4]$_SDFFE_PP0P_/D
6	-0.3905	mI_axi_bvalid	axi_crossbar_inst.axi_crossbar_wr_inst.s_ifaces[I].addr_inst.thread_count_reg[J][K]	m05_axi_bvalid	axi_crossbar_inst.axi_crossbar_wr_inst.s_ifaces[0].addr_inst.thread_count_reg[0][4]$_SDFFE_PP0P_/D
7	-0.3591	sI_axi_arid[J]	axi_crossbar_inst.axi_crossbar_rd_inst.s_ifaces[I].addr_inst.thread_count_reg[J][K]	s04_axi_arid[5]	axi_crossbar_inst.axi_crossbar_rd_inst.s_ifaces[4].addr_inst.thread_count_reg[0][4]$_SDFFE_PP0P_/D
8	-0.3522	mI_axi_bvalid	axi_crossbar_inst.axi_crossbar_wr_inst.s_ifaces[I].addr_inst.trans_count_reg[J]	m01_axi_bvalid	axi_crossbar_inst.axi_crossbar_wr_inst.s_ifaces[4].addr_inst.trans_count_reg[4]$_SDFFE_PP0P_/D
9	-0.3515	mI_axi_rvalid	axi_crossbar_inst.axi_crossbar_rd_inst.s_ifaces[I].addr_inst.trans_count_reg[J]	m02_axi_rvalid	axi_crossbar_inst.axi_crossbar_rd_inst.s_ifaces[0].addr_inst.trans_count_reg[4]$_SDFFE_PP0P_/D
10	-0.3462	mI_axi_rlast	axi_crossbar_inst.axi_crossbar_rd_inst.s_ifaces[I].addr_inst.trans_count_reg[J]	m00_axi_rlast	axi_crossbar_inst.axi_crossbar_rd_inst.s_ifaces[7].addr_inst.trans_count_reg[4]$_SDFFE_PP0P_/D
11	-0.3418	sI_axi_awid[J]	axi_crossbar_inst.axi_crossbar_wr_inst.s_ifaces[I].addr_inst.trans_count_reg[J]	s04_axi_awid[2]	axi_crossbar_inst.axi_crossbar_wr_inst.s_ifaces[4].addr_inst.trans_count_reg[4]$_SDFFE_PP0P_/D
12	-0.3043	mI_axi_bid[J]	axi_crossbar_inst.axi_crossbar_wr_inst.m_ifaces[I].a_arb_inst.mask_reg[J]	m06_axi_bid[8]	axi_crossbar_inst.axi_crossbar_wr_inst.m_ifaces[6].a_arb_inst.mask_reg[0]$_SDFFE_PP0P_/D
13	-0.2993	axi_crossbar_inst.axi_crossbar_rd_inst.s_ifaces[I].r_arb_inst.grant_encoded_reg[J]	axi_crossbar_inst.axi_crossbar_rd_inst.s_ifaces[I].addr_inst.thread_count_reg[J][K]	axi_crossbar_inst.axi_crossbar_rd_inst.s_ifaces[1].r_arb_inst.grant_encoded_reg[1]$_SDFFE_PP0P_/Q	axi_crossbar_inst.axi_crossbar_rd_inst.s_ifaces[1].addr_inst.thread_count_reg[0][4]$_SDFFE_PP0P_/D
14	-0.2979	axi_crossbar_inst.axi_crossbar_wr_inst.s_ifaces[I].b_arb_inst.grant_encoded_reg[J]	axi_crossbar_inst.axi_crossbar_wr_inst.s_ifaces[I].addr_inst.thread_count_reg[J][K]	axi_crossbar_inst.axi_crossbar_wr_inst.s_ifaces[1].b_arb_inst.grant_encoded_reg[1]$_SDFFE_PP0P_/Q	axi_crossbar_inst.axi_crossbar_wr_inst.s_ifaces[1].addr_inst.thread_count_reg[1][4]$_SDFFE_PP0P_/D
15	-0.2978	sI_axi_wvalid	axi_crossbar_inst.axi_crossbar_wr_inst.m_ifaces[I].a_arb_inst.mask_reg[J]	s04_axi_wvalid	axi_crossbar_inst.axi_crossbar_wr_inst.m_ifaces[6].a_arb_inst.mask_reg[0]$_SDFFE_PP0P_/D
16	-0.2862	sI_axi_arid[J]	axi_crossbar_inst.axi_crossbar_rd_inst.s_ifaces[I].addr_inst.trans_count_reg[J]	s05_axi_arid[6]	axi_crossbar_inst.axi_crossbar_rd_inst.s_ifaces[5].addr_inst.trans_count_reg[4]$_SDFFE_PP0P_/D
17	-0.2794	sI_axi_wlast	axi_crossbar_inst.axi_crossbar_wr_inst.m_ifaces[I].a_arb_inst.mask_reg[J]	s04_axi_wlast	axi_crossbar_inst.axi_crossbar_wr_inst.m_ifaces[6].a_arb_inst.mask_reg[0]$_SDFFE_PP0P_/D
18	-0.2716	mI_axi_bid[J]	axi_crossbar_inst.axi_crossbar_wr_inst.s_ifaces[I].b_arb_inst.mask_reg[J]	m06_axi_bid[9]	axi_crossbar_inst.axi_crossbar_wr_inst.s_ifaces[1].b_arb_inst.mask_reg[0]$_SDFFE_PP0P_/D
19	-0.2635	mI_axi_bvalid	axi_crossbar_inst.axi_crossbar_wr_inst.s_ifaces[I].b_arb_inst.mask_reg[J]	m00_axi_bvalid	axi_crossbar_inst.axi_crossbar_wr_inst.s_ifaces[5].b_arb_inst.mask_reg[1]$_SDFFE_PP0P_/D
20	-0.2631	mI_axi_rid[J]	axi_crossbar_inst.axi_crossbar_rd_inst.m_ifaces[I].a_arb_inst.mask_reg[J]	m02_axi_rid[8]	axi_crossbar_inst.axi_crossbar_rd_inst.m_ifaces[2].a_arb_inst.mask_reg[4]$_SDFFE_PP0P_/D
21	-0.2201	mI_axi_rvalid	axi_crossbar_inst.axi_crossbar_rd_inst.s_ifaces[I].r_arb_inst.mask_reg[J]	m07_axi_rvalid	axi_crossbar_inst.axi_crossbar_rd_inst.s_ifaces[1].r_arb_inst.mask_reg[0]$_SDFFE_PP0P_/D
22	-0.2133	mI_axi_rid[J]	axi_crossbar_inst.axi_crossbar_rd_inst.s_ifaces[I].r_arb_inst.mask_reg[J]	m00_axi_rid[10]	axi_crossbar_inst.axi_crossbar_rd_inst.s_ifaces[7].r_arb_inst.mask_reg[0]$_SDFFE_PP0P_/D
23	-0.1932	axi_crossbar_inst.axi_crossbar_rd_inst.s_ifaces[I].addr_inst.thread_count_reg[J][K]	axi_crossbar_inst.axi_crossbar_rd_inst.s_ifaces[I].addr_inst.thread_count_reg[J][K]	axi_crossbar_inst.axi_crossbar_rd_inst.s_ifaces[6].addr_inst.thread_count_reg[0][2]$_SDFFE_PP0P_/Q	axi_crossbar_inst.axi_crossbar_rd_inst.s_ifaces[6].addr_inst.thread_count_reg[0][4]$_SDFFE_PP0P_/D
24	-0.1855	axi_crossbar_inst.axi_crossbar_wr_inst.s_ifaces[I].addr_inst.thread_id_reg[J][K]	axi_crossbar_inst.axi_crossbar_wr_inst.s_ifaces[I].addr_inst.thread_count_reg[J][K]	axi_crossbar_inst.axi_crossbar_wr_inst.s_ifaces[4].addr_inst.thread_id_reg[1][2]$_DFFE_PP_/Q	axi_crossbar_inst.axi_crossbar_wr_inst.s_ifaces[4].addr_inst.thread_count_reg[1][4]$_SDFFE_PP0P_/D
25	-0.1712	axi_crossbar_inst.axi_crossbar_wr_inst.s_ifaces[I].addr_inst.thread_count_reg[J][K]	axi_crossbar_inst.axi_crossbar_wr_inst.s_ifaces[I].addr_inst.thread_count_reg[J][K]	axi_crossbar_inst.axi_crossbar_wr_inst.s_ifaces[5].addr_inst.thread_count_reg[0][2]$_SDFFE_PP0P_/Q	axi_crossbar_inst.axi_crossbar_wr_inst.s_ifaces[5].addr_inst.thread_count_reg[1][4]$_SDFFE_PP0P_/D
26	-0.1670	axi_crossbar_inst.axi_crossbar_rd_inst.s_ifaces[I].r_arb_inst.grant_encoded_reg[J]	axi_crossbar_inst.axi_crossbar_rd_inst.s_ifaces[I].addr_inst.trans_count_reg[J]	axi_crossbar_inst.axi_crossbar_rd_inst.s_ifaces[3].r_arb_inst.grant_encoded_reg[1]$_SDFFE_PP0P_/Q	axi_crossbar_inst.axi_crossbar_rd_inst.s_ifaces[3].addr_inst.trans_count_reg[4]$_SDFFE_PP0P_/D
27	-0.1636	mI_axi_rid[J]	axi_crossbar_inst.axi_crossbar_rd_inst.m_ifaces[I].trans_count_reg[J]	m05_axi_rid[9]	axi_crossbar_inst.axi_crossbar_rd_inst.m_ifaces[5].trans_count_reg[2]$_SDFFE_PP0P_/D
28	-0.1608	axi_crossbar_inst.axi_crossbar_wr_inst.s_ifaces[I].b_arb_inst.grant_encoded_reg[J]	axi_crossbar_inst.axi_crossbar_wr_inst.s_ifaces[I].addr_inst.trans_count_reg[J]	axi_crossbar_inst.axi_crossbar_wr_inst.s_ifaces[4].b_arb_inst.grant_encoded_reg[1]$_SDFFE_PP0P_/Q	axi_crossbar_inst.axi_crossbar_wr_inst.s_ifaces[4].addr_inst.trans_count_reg[4]$_SDFFE_PP0P_/D
29	-0.1549	axi_crossbar_inst.axi_crossbar_wr_inst.s_ifaces[I].addr_inst.m_select_reg[J]	axi_crossbar_inst.axi_crossbar_wr_inst.s_ifaces[I].addr_inst.thread_count_reg[J][K]	axi_crossbar_inst.axi_crossbar_wr_inst.s_ifaces[7].addr_inst.m_select_reg[2]$_DFF_P_/Q	axi_crossbar_inst.axi_crossbar_wr_inst.s_ifaces[7].addr_inst.thread_count_reg[1][4]$_SDFFE_PP0P_/D
30	-0.1546	sI_axi_awid[J]	axi_crossbar_inst.axi_crossbar_wr_inst.s_ifaces[I].addr_inst.thread_id_reg[J][K]	s04_axi_awid[2]	axi_crossbar_inst.axi_crossbar_wr_inst.s_ifaces[4].addr_inst.thread_id_reg[1][0]$_DFFE_PP_/D
31	-0.1546	sI_axi_awid[J]	axi_crossbar_inst.axi_crossbar_wr_inst.s_ifaces[I].addr_inst.thread_m_reg[J][K]	s04_axi_awid[2]	axi_crossbar_inst.axi_crossbar_wr_inst.s_ifaces[4].addr_inst.thread_m_reg[1][0]$_DFFE_PP_/D
32	-0.1510	mI_axi_bvalid	axi_crossbar_inst.axi_crossbar_wr_inst.m_ifaces[I].a_arb_inst.mask_reg[J]	m06_axi_bvalid	axi_crossbar_inst.axi_crossbar_wr_inst.m_ifaces[6].a_arb_inst.mask_reg[0]$_SDFFE_PP0P_/D
33	-0.1473	mI_axi_bid[J]	axi_crossbar_inst.axi_crossbar_wr_inst.m_ifaces[I].trans_count_reg[J]	m03_axi_bid[8]	axi_crossbar_inst.axi_crossbar_wr_inst.m_ifaces[3].trans_count_reg[2]$_SDFFE_PP0P_/D
34	-0.1464	axi_crossbar_inst.axi_crossbar_rd_inst.s_ifaces[I].addr_inst.m_select_reg[J]	axi_crossbar_inst.axi_crossbar_rd_inst.s_ifaces[I].addr_inst.thread_count_reg[J][K]	axi_crossbar_inst.axi_crossbar_rd_inst.s_ifaces[5].addr_inst.m_select_reg[1]$_DFF_P_/Q	axi_crossbar_inst.axi_crossbar_rd_inst.s_ifaces[5].addr_inst.thread_count_reg[0][4]$_SDFFE_PP0P_/D
35	-0.1439	axi_crossbar_inst.axi_crossbar_rd_inst.s_ifaces[I].addr_inst.thread_id_reg[J][K]	axi_crossbar_inst.axi_crossbar_rd_inst.s_ifaces[I].addr_inst.thread_count_reg[J][K]	axi_crossbar_inst.axi_crossbar_rd_inst.s_ifaces[4].addr_inst.thread_id_reg[1][5]$_DFFE_PP_/Q	axi_crossbar_inst.axi_crossbar_rd_inst.s_ifaces[4].addr_inst.thread_count_reg[0][4]$_SDFFE_PP0P_/D
36	-0.1412	axi_crossbar_inst.axi_crossbar_wr_inst.s_ifaces[I].w_select_valid_reg	axi_crossbar_inst.axi_crossbar_wr_inst.m_ifaces[I].a_arb_inst.mask_reg[J]	axi_crossbar_inst.axi_crossbar_wr_inst.s_ifaces[4].w_select_valid_reg$_SDFF_PP0_/Q	axi_crossbar_inst.axi_crossbar_wr_inst.m_ifaces[6].a_arb_inst.mask_reg[0]$_SDFFE_PP0P_/D
37	-0.1406	mI_axi_rlast	axi_crossbar_inst.axi_crossbar_rd_inst.s_ifaces[I].addr_inst.thread_id_reg[J][K]	m00_axi_rlast	axi_crossbar_inst.axi_crossbar_rd_inst.s_ifaces[7].addr_inst.thread_id_reg[1][0]$_DFFE_PP_/D
38	-0.1406	mI_axi_rlast	axi_crossbar_inst.axi_crossbar_rd_inst.s_ifaces[I].addr_inst.thread_m_reg[J][K]	m00_axi_rlast	axi_crossbar_inst.axi_crossbar_rd_inst.s_ifaces[7].addr_inst.thread_m_reg[1][0]$_DFFE_PP_/D
39	-0.1404	axi_crossbar_inst.axi_crossbar_wr_inst.s_ifaces[I].w_select_reg[J]	axi_crossbar_inst.axi_crossbar_wr_inst.m_ifaces[I].a_arb_inst.mask_reg[J]	axi_crossbar_inst.axi_crossbar_wr_inst.s_ifaces[4].w_select_reg[1]$_DFFE_PP_/Q	axi_crossbar_inst.axi_crossbar_wr_inst.m_ifaces[6].a_arb_inst.mask_reg[0]$_SDFFE_PP0P_/D
40	-0.1399	mI_axi_rvalid	axi_crossbar_inst.axi_crossbar_rd_inst.s_ifaces[I].addr_inst.thread_id_reg[J][K]	m02_axi_rvalid	axi_crossbar_inst.axi_crossbar_rd_inst.s_ifaces[0].addr_inst.thread_id_reg[0][0]$_DFFE_PP_/D
41	-0.1399	mI_axi_rvalid	axi_crossbar_inst.axi_crossbar_rd_inst.s_ifaces[I].addr_inst.thread_m_reg[J][K]	m02_axi_rvalid	axi_crossbar_inst.axi_crossbar_rd_inst.s_ifaces[0].addr_inst.thread_m_reg[0][0]$_DFFE_PP_/D
42	-0.1288	mI_axi_rvalid	axi_crossbar_inst.axi_crossbar_rd_inst.m_ifaces[I].a_arb_inst.mask_reg[J]	m02_axi_rvalid	axi_crossbar_inst.axi_crossbar_rd_inst.m_ifaces[2].a_arb_inst.mask_reg[4]$_SDFFE_PP0P_/D
43	-0.1267	axi_crossbar_inst.axi_crossbar_wr_inst.s_ifaces[I].addr_inst.thread_id_reg[J][K]	axi_crossbar_inst.axi_crossbar_wr_inst.s_ifaces[I].addr_inst.trans_count_reg[J]	axi_crossbar_inst.axi_crossbar_wr_inst.s_ifaces[4].addr_inst.thread_id_reg[1][2]$_DFFE_PP_/Q	axi_crossbar_inst.axi_crossbar_wr_inst.s_ifaces[4].addr_inst.trans_count_reg[4]$_SDFFE_PP0P_/D
44	-0.1265	axi_crossbar_inst.axi_crossbar_wr_inst.s_ifaces[I].reg_inst.genblkJ.genblkK.m_axi_bready_reg	axi_crossbar_inst.axi_crossbar_wr_inst.m_ifaces[I].a_arb_inst.mask_reg[J]	axi_crossbar_inst.axi_crossbar_wr_inst.s_ifaces[0].reg_inst.genblk3.genblk1.m_axi_bready_reg$_SDFF_PP0_/Q	axi_crossbar_inst.axi_crossbar_wr_inst.m_ifaces[6].a_arb_inst.mask_reg[0]$_SDFFE_PP0P_/D
45	-0.1261	axi_crossbar_inst.axi_crossbar_wr_inst.s_ifaces[I].b_arb_inst.grant_encoded_reg[J]	axi_crossbar_inst.axi_crossbar_wr_inst.m_ifaces[I].a_arb_inst.mask_reg[J]	axi_crossbar_inst.axi_crossbar_wr_inst.s_ifaces[3].b_arb_inst.grant_encoded_reg[1]$_SDFFE_PP0P_/Q	axi_crossbar_inst.axi_crossbar_wr_inst.m_ifaces[6].a_arb_inst.mask_reg[0]$_SDFFE_PP0P_/D
46	-0.1214	axi_crossbar_inst.axi_crossbar_rd_inst.s_ifaces[I].addr_inst.thread_count_reg[J][K]	axi_crossbar_inst.axi_crossbar_rd_inst.s_ifaces[I].addr_inst.trans_count_reg[J]	axi_crossbar_inst.axi_crossbar_rd_inst.s_ifaces[1].addr_inst.thread_count_reg[0][1]$_SDFFE_PP0P_/Q	axi_crossbar_inst.axi_crossbar_rd_inst.s_ifaces[1].addr_inst.trans_count_reg[4]$_SDFFE_PP0P_/D
47	-0.1199	axi_crossbar_inst.axi_crossbar_wr_inst.m_ifaces[I].w_select_reg[J]	axi_crossbar_inst.axi_crossbar_wr_inst.m_ifaces[I].a_arb_inst.mask_reg[J]	axi_crossbar_inst.axi_crossbar_wr_inst.m_ifaces[6].w_select_reg[1]$_DFFE_PP_/Q	axi_crossbar_inst.axi_crossbar_wr_inst.m_ifaces[6].a_arb_inst.mask_reg[0]$_SDFFE_PP0P_/D
48	-0.1175	sI_axi_wvalid	axi_crossbar_inst.axi_crossbar_wr_inst.m_ifaces[I].a_arb_inst.grant_reg[J]	s05_axi_wvalid	axi_crossbar_inst.axi_crossbar_wr_inst.m_ifaces[1].a_arb_inst.grant_reg[6]$_SDFFE_PP0P_/D
49	-0.1174	mI_axi_bid[J]	axi_crossbar_inst.axi_crossbar_wr_inst.s_ifaces[I].b_arb_inst.grant_reg[J]	m02_axi_bid[9]	axi_crossbar_inst.axi_crossbar_wr_inst.s_ifaces[3].b_arb_inst.grant_reg[4]$_SDFFE_PP0P_/D
50	-0.1171	mI_axi_bid[J]	axi_crossbar_inst.axi_crossbar_wr_inst.m_ifaces[I].a_arb_inst.grant_reg[J]	m03_axi_bid[8]	axi_crossbar_inst.axi_crossbar_wr_inst.m_ifaces[3].a_arb_inst.grant_reg[4]$_SDFFE_PP0P_/D
51	-0.1166	mI_axi_bvalid	axi_crossbar_inst.axi_crossbar_wr_inst.s_ifaces[I].b_arb_inst.grant_reg[J]	m05_axi_bvalid	axi_crossbar_inst.axi_crossbar_wr_inst.s_ifaces[1].b_arb_inst.grant_reg[2]$_SDFFE_PP0P_/D
52	-0.1150	mI_axi_rvalid	axi_crossbar_inst.axi_crossbar_rd_inst.s_ifaces[I].r_arb_inst.grant_reg[J]	m07_axi_rvalid	axi_crossbar_inst.axi_crossbar_rd_inst.s_ifaces[5].r_arb_inst.grant_reg[4]$_SDFFE_PP0P_/D
53	-0.1140	mI_axi_rlast	axi_crossbar_inst.axi_crossbar_rd_inst.m_ifaces[I].a_arb_inst.mask_reg[J]	m02_axi_rlast	axi_crossbar_inst.axi_crossbar_rd_inst.m_ifaces[2].a_arb_inst.mask_reg[4]$_SDFFE_PP0P_/D
54	-0.1121	axi_crossbar_inst.axi_crossbar_wr_inst.s_ifaces[I].addr_inst.thread_count_reg[J][K]	axi_crossbar_inst.axi_crossbar_wr_inst.s_ifaces[I].addr_inst.trans_count_reg[J]	axi_crossbar_inst.axi_crossbar_wr_inst.s_ifaces[0].addr_inst.thread_count_reg[0][1]$_SDFFE_PP0P_/Q	axi_crossbar_inst.axi_crossbar_wr_inst.s_ifaces[0].addr_inst.trans_count_reg[4]$_SDFFE_PP0P_/D
55	-0.1120	axi_crossbar_inst.axi_crossbar_wr_inst.s_ifaces[I].b_arb_inst.grant_valid_reg	axi_crossbar_inst.axi_crossbar_wr_inst.m_ifaces[I].a_arb_inst.mask_reg[J]	axi_crossbar_inst.axi_crossbar_wr_inst.s_ifaces[0].b_arb_inst.grant_valid_reg$_SDFFE_PP0P_/Q	axi_crossbar_inst.axi_crossbar_wr_inst.m_ifaces[6].a_arb_inst.mask_reg[0]$_SDFFE_PP0P_/D
56	-0.1118	mI_axi_bvalid	axi_crossbar_inst.axi_crossbar_wr_inst.s_ifaces[I].addr_inst.thread_id_reg[J][K]	m05_axi_bvalid	axi_crossbar_inst.axi_crossbar_wr_inst.s_ifaces[0].addr_inst.thread_id_reg[0][0]$_DFFE_PP_/D
57	-0.1118	mI_axi_bvalid	axi_crossbar_inst.axi_crossbar_wr_inst.s_ifaces[I].addr_inst.thread_m_reg[J][K]	m05_axi_bvalid	axi_crossbar_inst.axi_crossbar_wr_inst.s_ifaces[0].addr_inst.thread_m_reg[0][0]$_DFFE_PP_/D
58	-0.1080	axi_crossbar_inst.axi_crossbar_wr_inst.s_ifaces[I].decerr_m_axi_bvalid_reg	axi_crossbar_inst.axi_crossbar_wr_inst.s_ifaces[I].addr_inst.thread_count_reg[J][K]	axi_crossbar_inst.axi_crossbar_wr_inst.s_ifaces[2].decerr_m_axi_bvalid_reg$_SDFF_PP0_/Q	axi_crossbar_inst.axi_crossbar_wr_inst.s_ifaces[2].addr_inst.thread_count_reg[1][4]$_SDFFE_PP0P_/D
59	-0.1067	mI_axi_rid[J]	axi_crossbar_inst.axi_crossbar_rd_inst.s_ifaces[I].r_arb_inst.grant_reg[J]	m05_axi_rid[9]	axi_crossbar_inst.axi_crossbar_rd_inst.s_ifaces[4].r_arb_inst.grant_reg[5]$_SDFFE_PP0P_/D
60	-0.1065	mI_axi_bid[J]	axi_crossbar_inst.axi_crossbar_wr_inst.s_ifaces[I].b_arb_inst.grant_encoded_reg[J]	m02_axi_bid[9]	axi_crossbar_inst.axi_crossbar_wr_inst.s_ifaces[3].b_arb_inst.grant_encoded_reg[1]$_SDFFE_PP0P_/D
61	-0.1064	mI_axi_bid[J]	mI_axi_bready	m05_axi_bid[8]	m05_axi_bready
62	-0.1063	mI_axi_bvalid	axi_crossbar_inst.axi_crossbar_wr_inst.s_ifaces[I].b_arb_inst.grant_encoded_reg[J]	m05_axi_bvalid	axi_crossbar_inst.axi_crossbar_wr_inst.s_ifaces[3].b_arb_inst.grant_encoded_reg[1]$_SDFFE_PP0P_/D
63	-0.1055	mI_axi_rlast	axi_crossbar_inst.axi_crossbar_rd_inst.s_ifaces[I].r_arb_inst.mask_reg[J]	m00_axi_rlast	axi_crossbar_inst.axi_crossbar_rd_inst.s_ifaces[1].r_arb_inst.mask_reg[8]$_SDFFE_PP0P_/D
64	-0.1048	sI_axi_arid[J]	axi_crossbar_inst.axi_crossbar_rd_inst.s_ifaces[I].addr_inst.thread_id_reg[J][K]	s04_axi_arid[5]	axi_crossbar_inst.axi_crossbar_rd_inst.s_ifaces[4].addr_inst.thread_id_reg[1][0]$_DFFE_PP_/D
65	-0.1048	sI_axi_arid[J]	axi_crossbar_inst.axi_crossbar_rd_inst.s_ifaces[I].addr_inst.thread_m_reg[J][K]	s04_axi_arid[5]	axi_crossbar_inst.axi_crossbar_rd_inst.s_ifaces[4].addr_inst.thread_m_reg[1][0]$_DFFE_PP_/D
66	-0.1040	axi_crossbar_inst.axi_crossbar_wr_inst.s_ifaces[I].decerr_m_axi_bid_reg[J]	axi_crossbar_inst.axi_crossbar_wr_inst.s_ifaces[I].addr_inst.thread_count_reg[J][K]	axi_crossbar_inst.axi_crossbar_wr_inst.s_ifaces[2].decerr_m_axi_bid_reg[1]$_DFFE_PP_/Q	axi_crossbar_inst.axi_crossbar_wr_inst.s_ifaces[2].addr_inst.thread_count_reg[1][4]$_SDFFE_PP0P_/D
67	-0.1025	axi_crossbar_inst.axi_crossbar_wr_inst.s_ifaces[I].addr_inst.m_select_reg[J]	axi_crossbar_inst.axi_crossbar_wr_inst.m_ifaces[I].a_arb_inst.mask_reg[J]	axi_crossbar_inst.axi_crossbar_wr_inst.s_ifaces[6].addr_inst.m_select_reg[2]$_DFF_P_/Q	axi_crossbar_inst.axi_crossbar_wr_inst.m_ifaces[6].a_arb_inst.mask_reg[0]$_SDFFE_PP0P_/D
68	-0.1005	axi_crossbar_inst.axi_crossbar_rd_inst.s_ifaces[I].r_arb_inst.grant_encoded_reg[J]	axi_crossbar_inst.axi_crossbar_rd_inst.m_ifaces[I].a_arb_inst.mask_reg[J]	axi_crossbar_inst.axi_crossbar_rd_inst.s_ifaces[7].r_arb_inst.grant_encoded_reg[1]$_SDFFE_PP0P_/Q	axi_crossbar_inst.axi_crossbar_rd_inst.m_ifaces[2].a_arb_inst.mask_reg[4]$_SDFFE_PP0P_/D
69	-0.0997	axi_crossbar_inst.axi_crossbar_wr_inst.s_ifaces[I].w_drop_reg	axi_crossbar_inst.axi_crossbar_wr_inst.m_ifaces[I].a_arb_inst.mask_reg[J]	axi_crossbar_inst.axi_crossbar_wr_inst.s_ifaces[4].w_drop_reg$_DFF_P_/QN	axi_crossbar_inst.axi_crossbar_wr_inst.m_ifaces[6].a_arb_inst.mask_reg[0]$_SDFFE_PP0P_/D
70	-0.0994	mI_axi_rid[J]	mI_axi_rready	m02_axi_rid[8]	m02_axi_rready
71	-0.0978	axi_crossbar_inst.axi_crossbar_wr_inst.s_ifaces[I].addr_inst.m_select_reg[J]	axi_crossbar_inst.axi_crossbar_wr_inst.s_ifaces[I].addr_inst.trans_count_reg[J]	axi_crossbar_inst.axi_crossbar_wr_inst.s_ifaces[7].addr_inst.m_select_reg[2]$_DFF_P_/Q	axi_crossbar_inst.axi_crossbar_wr_inst.s_ifaces[7].addr_inst.trans_count_reg[4]$_SDFFE_PP0P_/D
72	-0.0965	axi_crossbar_inst.axi_crossbar_wr_inst.s_ifaces[I].addr_inst.thread_m_reg[J][K]	axi_crossbar_inst.axi_crossbar_wr_inst.s_ifaces[I].addr_inst.thread_count_reg[J][K]	axi_crossbar_inst.axi_crossbar_wr_inst.s_ifaces[7].addr_inst.thread_m_reg[1][2]$_DFFE_PP_/Q	axi_crossbar_inst.axi_crossbar_wr_inst.s_ifaces[7].addr_inst.thread_count_reg[1][4]$_SDFFE_PP0P_/D
73	-0.0963	mI_axi_rid[J]	axi_crossbar_inst.axi_crossbar_rd_inst.m_ifaces[I].a_arb_inst.grant_reg[J]	m03_axi_rid[10]	axi_crossbar_inst.axi_crossbar_rd_inst.m_ifaces[3].a_arb_inst.grant_reg[0]$_SDFFE_PP0P_/D
74	-0.0944	sI_axi_wlast	axi_crossbar_inst.axi_crossbar_wr_inst.m_ifaces[I].a_arb_inst.grant_reg[J]	s04_axi_wlast	axi_crossbar_inst.axi_crossbar_wr_inst.m_ifaces[1].a_arb_inst.grant_reg[6]$_SDFFE_PP0P_/D
75	-0.0942	mI_axi_bid[J]	axi_crossbar_inst.axi_crossbar_wr_inst.m_ifaces[I].a_arb_inst.grant_encoded_reg[J]	m02_axi_bid[9]	axi_crossbar_inst.axi_crossbar_wr_inst.m_ifaces[2].a_arb_inst.grant_encoded_reg[2]$_SDFFE_PP0P_/D
76	-0.0920	mI_axi_rvalid	axi_crossbar_inst.axi_crossbar_rd_inst.s_ifaces[I].r_arb_inst.grant_encoded_reg[J]	m07_axi_rvalid	axi_crossbar_inst.axi_crossbar_rd_inst.s_ifaces[3].r_arb_inst.grant_encoded_reg[0]$_SDFFE_PP0P_/D
77	-0.0918	axi_crossbar_inst.axi_crossbar_rd_inst.s_ifaces[I].decerr_m_axi_rvalid_reg	axi_crossbar_inst.axi_crossbar_rd_inst.s_ifaces[I].addr_inst.thread_count_reg[J][K]	axi_crossbar_inst.axi_crossbar_rd_inst.s_ifaces[2].decerr_m_axi_rvalid_reg$_SDFF_PP0_/Q	axi_crossbar_inst.axi_crossbar_rd_inst.s_ifaces[2].addr_inst.thread_count_reg[1][4]$_SDFFE_PP0P_/D
78	-0.0916	axi_crossbar_inst.axi_crossbar_wr_inst.s_ifaces[I].addr_inst.m_axi_avalid_reg	axi_crossbar_inst.axi_crossbar_wr_inst.m_ifaces[I].a_arb_inst.mask_reg[J]	axi_crossbar_inst.axi_crossbar_wr_inst.s_ifaces[6].addr_inst.m_axi_avalid_reg$_SDFF_PP0_/Q	axi_crossbar_inst.axi_crossbar_wr_inst.m_ifaces[6].a_arb_inst.mask_reg[0]$_SDFFE_PP0P_/D
79	-0.0912	mI_axi_rlast	axi_crossbar_inst.axi_crossbar_rd_inst.s_ifaces[I].addr_inst.m_axi_avalid_reg	m00_axi_rlast	axi_crossbar_inst.axi_crossbar_rd_inst.s_ifaces[7].addr_inst.m_axi_avalid_reg$_SDFF_PP0_/D
80	-0.0899	mI_axi_rlast	axi_crossbar_inst.axi_crossbar_rd_inst.s_ifaces[I].r_arb_inst.grant_reg[J]	m00_axi_rlast	axi_crossbar_inst.axi_crossbar_rd_inst.s_ifaces[0].r_arb_inst.grant_reg[4]$_SDFFE_PP0P_/D
81	-0.0882	mI_axi_rlast	axi_crossbar_inst.axi_crossbar_rd_inst.s_ifaces[I].r_arb_inst.grant_encoded_reg[J]	m00_axi_rlast	axi_crossbar_inst.axi_crossbar_rd_inst.s_ifaces[0].r_arb_inst.grant_encoded_reg[2]$_SDFFE_PP0P_/D
82	-0.0863	sI_axi_wlast	axi_crossbar_inst.axi_crossbar_wr_inst.m_ifaces[I].a_arb_inst.grant_encoded_reg[J]	s03_axi_wlast	axi_crossbar_inst.axi_crossbar_wr_inst.m_ifaces[1].a_arb_inst.grant_encoded_reg[1]$_SDFFE_PP0P_/D
83	-0.0862	mI_axi_rlast	axi_crossbar_inst.axi_crossbar_rd_inst.s_ifaces[I].addr_inst.m_rc_valid_reg	m00_axi_rlast	axi_crossbar_inst.axi_crossbar_rd_inst.s_ifaces[7].addr_inst.m_rc_valid_reg$_SDFF_PP0_/D
84	-0.0833	axi_crossbar_inst.axi_crossbar_wr_inst.m_ifaces[I].w_select_reg[J]	sI_axi_wready	axi_crossbar_inst.axi_crossbar_wr_inst.m_ifaces[0].w_select_reg[0]$_DFFE_PP_/Q	s01_axi_wready
85	-0.0814	axi_crossbar_inst.axi_crossbar_rd_inst.s_ifaces[I].addr_inst.m_select_reg[J]	axi_crossbar_inst.axi_crossbar_rd_inst.m_ifaces[I].a_arb_inst.mask_reg[J]	axi_crossbar_inst.axi_crossbar_rd_inst.s_ifaces[1].addr_inst.m_select_reg[0]$_DFF_P_/Q	axi_crossbar_inst.axi_crossbar_rd_inst.m_ifaces[4].a_arb_inst.mask_reg[1]$_SDFFE_PP0P_/D
86	-0.0813	mI_axi_rvalid	axi_crossbar_inst.axi_crossbar_rd_inst.s_ifaces[I].addr_inst.m_axi_avalid_reg	m02_axi_rvalid	axi_crossbar_inst.axi_crossbar_rd_inst.s_ifaces[7].addr_inst.m_axi_avalid_reg$_SDFF_PP0_/D
87	-0.0805	mI_axi_rid[J]	axi_crossbar_inst.axi_crossbar_rd_inst.s_ifaces[I].r_arb_inst.grant_encoded_reg[J]	m07_axi_rid[10]	axi_crossbar_inst.axi_crossbar_rd_inst.s_ifaces[7].r_arb_inst.grant_encoded_reg[0]$_SDFFE_PP0P_/D
88	-0.0762	mI_axi_rvalid	axi_crossbar_inst.axi_crossbar_rd_inst.s_ifaces[I].addr_inst.m_rc_valid_reg	m02_axi_rvalid	axi_crossbar_inst.axi_crossbar_rd_inst.s_ifaces[7].addr_inst.m_rc_valid_reg$_SDFF_PP0_/D
89	-0.0737	axi_crossbar_inst.axi_crossbar_rd_inst.s_ifaces[I].addr_inst.m_select_reg[J]	axi_crossbar_inst.axi_crossbar_rd_inst.s_ifaces[I].addr_inst.trans_count_reg[J]	axi_crossbar_inst.axi_crossbar_rd_inst.s_ifaces[5].addr_inst.m_select_reg[1]$_DFF_P_/Q	axi_crossbar_inst.axi_crossbar_rd_inst.s_ifaces[5].addr_inst.trans_count_reg[4]$_SDFFE_PP0P_/D
90	-0.0732	axi_crossbar_inst.axi_crossbar_rd_inst.s_ifaces[I].addr_inst.thread_m_reg[J][K]	axi_crossbar_inst.axi_crossbar_rd_inst.s_ifaces[I].addr_inst.thread_count_reg[J][K]	axi_crossbar_inst.axi_crossbar_rd_inst.s_ifaces[4].addr_inst.thread_m_reg[1][2]$_DFFE_PP_/Q	axi_crossbar_inst.axi_crossbar_rd_inst.s_ifaces[4].addr_inst.thread_count_reg[0][4]$_SDFFE_PP0P_/D
91	-0.0711	axi_crossbar_inst.axi_crossbar_rd_inst.s_ifaces[I].addr_inst.thread_id_reg[J][K]	axi_crossbar_inst.axi_crossbar_rd_inst.s_ifaces[I].addr_inst.trans_count_reg[J]	axi_crossbar_inst.axi_crossbar_rd_inst.s_ifaces[5].addr_inst.thread_id_reg[1][6]$_DFFE_PP_/Q	axi_crossbar_inst.axi_crossbar_rd_inst.s_ifaces[5].addr_inst.trans_count_reg[4]$_SDFFE_PP0P_/D
92	-0.0710	axi_crossbar_inst.axi_crossbar_rd_inst.s_ifaces[I].addr_inst.m_axi_avalid_reg	axi_crossbar_inst.axi_crossbar_rd_inst.m_ifaces[I].a_arb_inst.mask_reg[J]	axi_crossbar_inst.axi_crossbar_rd_inst.s_ifaces[3].addr_inst.m_axi_avalid_reg$_SDFF_PP0_/Q	axi_crossbar_inst.axi_crossbar_rd_inst.m_ifaces[4].a_arb_inst.mask_reg[1]$_SDFFE_PP0P_/D
93	-0.0686	mI_axi_rlast	axi_crossbar_inst.axi_crossbar_rd_inst.s_ifaces[I].r_arb_inst.grant_valid_reg	m00_axi_rlast	axi_crossbar_inst.axi_crossbar_rd_inst.s_ifaces[3].r_arb_inst.grant_valid_reg$_SDFFE_PP0P_/D
94	-0.0667	axi_crossbar_inst.axi_crossbar_rd_inst.s_ifaces[I].r_arb_inst.grant_valid_reg	axi_crossbar_inst.axi_crossbar_rd_inst.s_ifaces[I].addr_inst.thread_count_reg[J][K]	axi_crossbar_inst.axi_crossbar_rd_inst.s_ifaces[0].r_arb_inst.grant_valid_reg$_SDFFE_PP0P_/Q	axi_crossbar_inst.axi_crossbar_rd_inst.s_ifaces[0].addr_inst.thread_count_reg[1][4]$_SDFFE_PP0P_/D
95	-0.0663	axi_crossbar_inst.axi_crossbar_rd_inst.s_ifaces[I].reg_inst.genblkJ.m_axi_rready_reg	axi_crossbar_inst.axi_crossbar_rd_inst.s_ifaces[I].addr_inst.thread_count_reg[J][K]	axi_crossbar_inst.axi_crossbar_rd_inst.s_ifaces[1].reg_inst.genblk2.m_axi_rready_reg$_SDFF_PP0_/Q	axi_crossbar_inst.axi_crossbar_rd_inst.s_ifaces[1].addr_inst.thread_count_reg[1][4]$_SDFFE_PP0P_/D
96	-0.0646	sI_axi_wvalid	axi_crossbar_inst.axi_crossbar_wr_inst.m_ifaces[I].a_arb_inst.grant_encoded_reg[J]	s05_axi_wvalid	axi_crossbar_inst.axi_crossbar_wr_inst.m_ifaces[7].a_arb_inst.grant_encoded_reg[2]$_SDFFE_PP0P_/D
97	-0.0645	axi_crossbar_inst.axi_crossbar_wr_inst.s_ifaces[I].reg_inst.genblkJ.genblkK.m_axi_bready_reg	axi_crossbar_inst.axi_crossbar_wr_inst.s_ifaces[I].addr_inst.thread_count_reg[J][K]	axi_crossbar_inst.axi_crossbar_wr_inst.s_ifaces[5].reg_inst.genblk3.genblk1.m_axi_bready_reg$_SDFF_PP0_/Q	axi_crossbar_inst.axi_crossbar_wr_inst.s_ifaces[5].addr_inst.thread_count_reg[1][4]$_SDFFE_PP0P_/D
98	-0.0641	mI_axi_rid[J]	axi_crossbar_inst.axi_crossbar_rd_inst.m_ifaces[I].a_arb_inst.grant_encoded_reg[J]	m03_axi_rid[10]	axi_crossbar_inst.axi_crossbar_rd_inst.m_ifaces[3].a_arb_inst.grant_encoded_reg[1]$_SDFFE_PP0P_/D
99	-0.0600	axi_crossbar_inst.axi_crossbar_rd_inst.s_ifaces[I].decerr_m_axi_rid_reg[J]	axi_crossbar_inst.axi_crossbar_rd_inst.s_ifaces[I].addr_inst.thread_count_reg[J][K]	axi_crossbar_inst.axi_crossbar_rd_inst.s_ifaces[1].decerr_m_axi_rid_reg[2]$_DFFE_PP_/Q	axi_crossbar_inst.axi_crossbar_rd_inst.s_ifaces[1].addr_inst.thread_count_reg[0][4]$_SDFFE_PP0P_/D
100	-0.0560	mI_axi_rlast	axi_crossbar_inst.axi_crossbar_rd_inst.s_ifaces[I].addr_inst.state_reg[J]	m00_axi_rlast	axi_crossbar_inst.axi_crossbar_rd_inst.s_ifaces[6].addr_inst.state_reg[0]$_SDFF_PP0_/D
101	-0.0515	axi_crossbar_inst.axi_crossbar_rd_inst.s_ifaces[I].r_arb_inst.grant_valid_reg	axi_crossbar_inst.axi_crossbar_rd_inst.m_ifaces[I].a_arb_inst.mask_reg[J]	axi_crossbar_inst.axi_crossbar_rd_inst.s_ifaces[3].r_arb_inst.grant_valid_reg$_SDFFE_PP0P_/Q	axi_crossbar_inst.axi_crossbar_rd_inst.m_ifaces[2].a_arb_inst.mask_reg[4]$_SDFFE_PP0P_/D
102	-0.0491	mI_axi_rvalid	axi_crossbar_inst.axi_crossbar_rd_inst.s_ifaces[I].addr_inst.state_reg[J]	m06_axi_rvalid	axi_crossbar_inst.axi_crossbar_rd_inst.s_ifaces[6].addr_inst.state_reg[0]$_SDFF_PP0_/D
103	-0.0470	axi_crossbar_inst.axi_crossbar_rd_inst.s_ifaces[I].decerr_m_axi_rlast_reg	axi_crossbar_inst.axi_crossbar_rd_inst.s_ifaces[I].addr_inst.thread_count_reg[J][K]	axi_crossbar_inst.axi_crossbar_rd_inst.s_ifaces[7].decerr_m_axi_rlast_reg$_DFFE_PP_/Q	axi_crossbar_inst.axi_crossbar_rd_inst.s_ifaces[7].addr_inst.thread_count_reg[1][4]$_SDFFE_PP0P_/D
104	-0.0462	axi_crossbar_inst.axi_crossbar_rd_inst.s_ifaces[I].reg_inst.genblkJ.m_axi_rready_reg	axi_crossbar_inst.axi_crossbar_rd_inst.m_ifaces[I].a_arb_inst.mask_reg[J]	axi_crossbar_inst.axi_crossbar_rd_inst.s_ifaces[3].reg_inst.genblk2.m_axi_rready_reg$_SDFF_PP0_/Q	axi_crossbar_inst.axi_crossbar_rd_inst.m_ifaces[2].a_arb_inst.mask_reg[4]$_SDFFE_PP0P_/D
105	-0.0439	mI_axi_bvalid	axi_crossbar_inst.axi_crossbar_wr_inst.s_ifaces[I].b_arb_inst.grant_valid_reg	m01_axi_bvalid	axi_crossbar_inst.axi_crossbar_wr_inst.s_ifaces[2].b_arb_inst.grant_valid_reg$_SDFFE_PP0P_/D
106	-0.0426	mI_axi_rid[J]	axi_crossbar_inst.axi_crossbar_rd_inst.s_ifaces[I].r_arb_inst.grant_valid_reg	m02_axi_rid[10]	axi_crossbar_inst.axi_crossbar_rd_inst.s_ifaces[1].r_arb_inst.grant_valid_reg$_SDFFE_PP0P_/D
107	-0.0423	axi_crossbar_inst.axi_crossbar_wr_inst.s_ifaces[I].b_arb_inst.grant_valid_reg	axi_crossbar_inst.axi_crossbar_wr_inst.s_ifaces[I].addr_inst.thread_count_reg[J][K]	axi_crossbar_inst.axi_crossbar_wr_inst.s_ifaces[2].b_arb_inst.grant_valid_reg$_SDFFE_PP0P_/Q	axi_crossbar_inst.axi_crossbar_wr_inst.s_ifaces[2].addr_inst.thread_count_reg[1][4]$_SDFFE_PP0P_/D
108	-0.0394	axi_crossbar_inst.axi_crossbar_wr_inst.s_ifaces[I].addr_inst.thread_m_reg[J][K]	axi_crossbar_inst.axi_crossbar_wr_inst.s_ifaces[I].addr_inst.trans_count_reg[J]	axi_crossbar_inst.axi_crossbar_wr_inst.s_ifaces[7].addr_inst.thread_m_reg[1][2]$_DFFE_PP_/Q	axi_crossbar_inst.axi_crossbar_wr_inst.s_ifaces[7].addr_inst.trans_count_reg[4]$_SDFFE_PP0P_/D
109	-0.0380	axi_crossbar_inst.axi_crossbar_wr_inst.s_ifaces[I].b_arb_inst.mask_reg[J]	axi_crossbar_inst.axi_crossbar_wr_inst.s_ifaces[I].b_arb_inst.mask_reg[J]	axi_crossbar_inst.axi_crossbar_wr_inst.s_ifaces[5].b_arb_inst.mask_reg[0]$_SDFFE_PP0P_/Q	axi_crossbar_inst.axi_crossbar_wr_inst.s_ifaces[5].b_arb_inst.mask_reg[1]$_SDFFE_PP0P_/D
110	-0.0377	mI_axi_bid[J]	axi_crossbar_inst.axi_crossbar_wr_inst.s_ifaces[I].b_arb_inst.grant_valid_reg	m07_axi_bid[10]	axi_crossbar_inst.axi_crossbar_wr_inst.s_ifaces[5].b_arb_inst.grant_valid_reg$_SDFFE_PP0P_/D
111	-0.0348	axi_crossbar_inst.axi_crossbar_wr_inst.s_ifaces[I].decerr_m_axi_bvalid_reg	axi_crossbar_inst.axi_crossbar_wr_inst.s_ifaces[I].b_arb_inst.mask_reg[J]	axi_crossbar_inst.axi_crossbar_wr_inst.s_ifaces[0].decerr_m_axi_bvalid_reg$_SDFF_PP0_/Q	axi_crossbar_inst.axi_crossbar_wr_inst.s_ifaces[0].b_arb_inst.mask_reg[4]$_SDFFE_PP0P_/D
112	-0.0295	sI_axi_awid[J]	axi_crossbar_inst.axi_crossbar_wr_inst.s_ifaces[I].addr_inst.state_reg[J]	s02_axi_awid[0]	axi_crossbar_inst.axi_crossbar_wr_inst.s_ifaces[2].addr_inst.state_reg[1]$_SDFF_PP0_/D
113	-0.0266	mI_axi_rvalid	axi_crossbar_inst.axi_crossbar_rd_inst.s_ifaces[I].r_arb_inst.grant_valid_reg	m02_axi_rvalid	axi_crossbar_inst.axi_crossbar_rd_inst.s_ifaces[1].r_arb_inst.grant_valid_reg$_SDFFE_PP0P_/D
114	-0.0260	mI_axi_bvalid	axi_crossbar_inst.axi_crossbar_wr_inst.s_ifaces[I].addr_inst.m_wc_valid_reg	m05_axi_bvalid	axi_crossbar_inst.axi_crossbar_wr_inst.s_ifaces[3].addr_inst.m_wc_valid_reg$_SDFF_PP0_/D
115	-0.0259	axi_crossbar_inst.axi_crossbar_wr_inst.s_ifaces[I].decerr_m_axi_bvalid_reg	axi_crossbar_inst.axi_crossbar_wr_inst.s_ifaces[I].addr_inst.trans_count_reg[J]	axi_crossbar_inst.axi_crossbar_wr_inst.s_ifaces[2].decerr_m_axi_bvalid_reg$_SDFF_PP0_/Q	axi_crossbar_inst.axi_crossbar_wr_inst.s_ifaces[2].addr_inst.trans_count_reg[4]$_SDFFE_PP0P_/D
116	-0.0255	axi_crossbar_inst.axi_crossbar_wr_inst.m_ifaces[I].reg_inst.genblkJ.s_axi_wready_reg	axi_crossbar_inst.axi_crossbar_wr_inst.m_ifaces[I].a_arb_inst.mask_reg[J]	axi_crossbar_inst.axi_crossbar_wr_inst.m_ifaces[6].reg_inst.genblk2.s_axi_wready_reg$_SDFF_PP0_/Q	axi_crossbar_inst.axi_crossbar_wr_inst.m_ifaces[6].a_arb_inst.mask_reg[0]$_SDFFE_PP0P_/D
117	-0.0233	mI_axi_bvalid	axi_crossbar_inst.axi_crossbar_wr_inst.s_ifaces[I].addr_inst.state_reg[J]	m05_axi_bvalid	axi_crossbar_inst.axi_crossbar_wr_inst.s_ifaces[3].addr_inst.state_reg[0]$_SDFF_PP0_/D
118	-0.0213	mI_axi_bvalid	axi_crossbar_inst.axi_crossbar_wr_inst.s_ifaces[I].addr_inst.m_rc_valid_reg	m01_axi_bvalid	axi_crossbar_inst.axi_crossbar_wr_inst.s_ifaces[4].addr_inst.m_rc_valid_reg$_SDFF_PP0_/D
119	-0.0180	axi_crossbar_inst.axi_crossbar_wr_inst.s_ifaces[I].b_arb_inst.grant_reg[J]	axi_crossbar_inst.axi_crossbar_wr_inst.s_ifaces[I].b_arb_inst.mask_reg[J]	axi_crossbar_inst.axi_crossbar_wr_inst.s_ifaces[1].b_arb_inst.grant_reg[5]$_SDFFE_PP0P_/QN	axi_crossbar_inst.axi_crossbar_wr_inst.s_ifaces[1].b_arb_inst.mask_reg[0]$_SDFFE_PP0P_/D
120	-0.0148	sI_axi_awid[J]	axi_crossbar_inst.axi_crossbar_wr_inst.s_ifaces[I].addr_inst.m_axi_avalid_reg	s07_axi_awid[0]	axi_crossbar_inst.axi_crossbar_wr_inst.s_ifaces[7].addr_inst.m_axi_avalid_reg$_SDFF_PP0_/D
121	-0.0147	axi_crossbar_inst.axi_crossbar_rd_inst.s_ifaces[I].decerr_m_axi_rvalid_reg	axi_crossbar_inst.axi_crossbar_rd_inst.s_ifaces[I].addr_inst.trans_count_reg[J]	axi_crossbar_inst.axi_crossbar_rd_inst.s_ifaces[1].decerr_m_axi_rvalid_reg$_SDFF_PP0_/Q	axi_crossbar_inst.axi_crossbar_rd_inst.s_ifaces[1].addr_inst.trans_count_reg[4]$_SDFFE_PP0P_/D
122	-0.0146	mI_axi_rvalid	axi_crossbar_inst.axi_crossbar_rd_inst.m_ifaces[I].trans_count_reg[J]	m01_axi_rvalid	axi_crossbar_inst.axi_crossbar_rd_inst.m_ifaces[1].trans_count_reg[2]$_SDFFE_PP0P_/D
123	-0.0128	axi_crossbar_inst.axi_crossbar_rd_inst.m_ifaces[I].a_arb_inst.grant_encoded_reg[J]	axi_crossbar_inst.axi_crossbar_rd_inst.m_ifaces[I].trans_count_reg[J]	axi_crossbar_inst.axi_crossbar_rd_inst.m_ifaces[1].a_arb_inst.grant_encoded_reg[1]$_SDFFE_PP0P_/Q	axi_crossbar_inst.axi_crossbar_rd_inst.m_ifaces[1].trans_count_reg[2]$_SDFFE_PP0P_/D
124	-0.0109	axi_crossbar_inst.axi_crossbar_wr_inst.m_ifaces[I].a_arb_inst.grant_encoded_reg[J]	axi_crossbar_inst.axi_crossbar_wr_inst.m_ifaces[I].trans_count_reg[J]	axi_crossbar_inst.axi_crossbar_wr_inst.m_ifaces[5].a_arb_inst.grant_encoded_reg[1]$_SDFFE_PP0P_/Q	axi_crossbar_inst.axi_crossbar_wr_inst.m_ifaces[5].trans_count_reg[2]$_SDFFE_PP0P_/D
125	-0.0106	axi_crossbar_inst.axi_crossbar_wr_inst.s_ifaces[I].addr_inst.state_reg[J]	axi_crossbar_inst.axi_crossbar_wr_inst.s_ifaces[I].addr_inst.thread_count_reg[J][K]	axi_crossbar_inst.axi_crossbar_wr_inst.s_ifaces[2].addr_inst.state_reg[1]$_SDFF_PP0_/Q	axi_crossbar_inst.axi_crossbar_wr_inst.s_ifaces[2].addr_inst.thread_count_reg[1][4]$_SDFFE_PP0P_/D
126	-0.0099	sI_axi_arid[J]	axi_crossbar_inst.axi_crossbar_rd_inst.s_ifaces[I].addr_inst.m_axi_avalid_reg	s00_axi_arid[5]	axi_crossbar_inst.axi_crossbar_rd_inst.s_ifaces[0].addr_inst.m_axi_avalid_reg$_SDFF_PP0_/D
127	-0.0085	mI_axi_bid[J]	axi_crossbar_inst.axi_crossbar_wr_inst.m_ifaces[I].a_arb_inst.grant_valid_reg	m03_axi_bid[8]	axi_crossbar_inst.axi_crossbar_wr_inst.m_ifaces[3].a_arb_inst.grant_valid_reg$_SDFFE_PP0P_/D
128	-0.0081	axi_crossbar_inst.axi_crossbar_rd_inst.s_ifaces[I].reg_inst.genblkJ.m_axi_rready_reg	axi_crossbar_inst.axi_crossbar_rd_inst.s_ifaces[I].addr_inst.trans_count_reg[J]	axi_crossbar_inst.axi_crossbar_rd_inst.s_ifaces[1].reg_inst.genblk2.m_axi_rready_reg$_SDFF_PP0_/Q	axi_crossbar_inst.axi_crossbar_rd_inst.s_ifaces[1].addr_inst.trans_count_reg[4]$_SDFFE_PP0P_/D
129	-0.0071	axi_crossbar_inst.axi_crossbar_rd_inst.s_ifaces[I].addr_inst.m_select_reg[J]	axi_crossbar_inst.axi_crossbar_rd_inst.m_ifaces[I].trans_count_reg[J]	axi_crossbar_inst.axi_crossbar_rd_inst.s_ifaces[5].addr_inst.m_select_reg[1]$_DFF_P_/Q	axi_crossbar_inst.axi_crossbar_rd_inst.m_ifaces[3].trans_count_reg[2]$_SDFFE_PP0P_/D
130	-0.0053	sI_axi_awid[J]	axi_crossbar_inst.axi_crossbar_wr_inst.s_ifaces[I].addr_inst.m_wc_valid_reg	s03_axi_awid[5]	axi_crossbar_inst.axi_crossbar_wr_inst.s_ifaces[3].addr_inst.m_wc_valid_reg$_SDFF_PP0_/D
131	-0.0046	mI_axi_bvalid	axi_crossbar_inst.axi_crossbar_wr_inst.m_ifaces[I].trans_count_reg[J]	m07_axi_bvalid	axi_crossbar_inst.axi_crossbar_wr_inst.m_ifaces[7].trans_count_reg[2]$_SDFFE_PP0P_/D
132	-0.0027	sI_axi_awid[J]	axi_crossbar_inst.axi_crossbar_wr_inst.s_ifaces[I].addr_inst.m_rc_valid_reg	s04_axi_awid[2]	axi_crossbar_inst.axi_crossbar_wr_inst.s_ifaces[4].addr_inst.m_rc_valid_reg$_SDFF_PP0_/D
133	-0.0019	axi_crossbar_inst.axi_crossbar_rd_inst.s_ifaces[I].r_arb_inst.grant_valid_reg	axi_crossbar_inst.axi_crossbar_rd_inst.s_ifaces[I].addr_inst.trans_count_reg[J]	axi_crossbar_inst.axi_crossbar_rd_inst.s_ifaces[0].r_arb_inst.grant_valid_reg$_SDFFE_PP0P_/Q	axi_crossbar_inst.axi_crossbar_rd_inst.s_ifaces[0].addr_inst.trans_count_reg[4]$_SDFFE_PP0P_/D
134	-0.0018	mI_axi_rlast	axi_crossbar_inst.axi_crossbar_rd_inst.m_ifaces[I].trans_count_reg[J]	m05_axi_rlast	axi_crossbar_inst.axi_crossbar_rd_inst.m_ifaces[5].trans_count_reg[2]$_SDFFE_PP0P_/D
135	-0.0002	axi_crossbar_inst.axi_crossbar_wr_inst.s_ifaces[I].reg_inst.genblkJ.genblkK.m_axi_bready_reg	axi_crossbar_inst.axi_crossbar_wr_inst.s_ifaces[I].addr_inst.trans_count_reg[J]	axi_crossbar_inst.axi_crossbar_wr_inst.s_ifaces[5].reg_inst.genblk3.genblk1.m_axi_bready_reg$_SDFF_PP0_/Q	axi_crossbar_inst.axi_crossbar_wr_inst.s_ifaces[5].addr_inst.trans_count_reg[4]$_SDFFE_PP0P_/D
136	0.0008	sI_axi_arid[J]	axi_crossbar_inst.axi_crossbar_rd_inst.s_ifaces[I].addr_inst.m_rc_valid_reg	s00_axi_arid[5]	axi_crossbar_inst.axi_crossbar_rd_inst.s_ifaces[0].addr_inst.m_rc_valid_reg$_SDFF_PP0_/D
137	0.0008	axi_crossbar_inst.axi_crossbar_rd_inst.s_ifaces[I].addr_inst.thread_m_reg[J][K]	axi_crossbar_inst.axi_crossbar_rd_inst.s_ifaces[I].addr_inst.trans_count_reg[J]	axi_crossbar_inst.axi_crossbar_rd_inst.s_ifaces[5].addr_inst.thread_m_reg[1][2]$_DFFE_PP_/Q	axi_crossbar_inst.axi_crossbar_rd_inst.s_ifaces[5].addr_inst.trans_count_reg[4]$_SDFFE_PP0P_/D
138	0.0018	mI_axi_rid[J]	axi_crossbar_inst.axi_crossbar_rd_inst.m_ifaces[I].a_arb_inst.grant_valid_reg	m05_axi_rid[9]	axi_crossbar_inst.axi_crossbar_rd_inst.m_ifaces[5].a_arb_inst.grant_valid_reg$_SDFFE_PP0P_/D
139	0.0020	sI_axi_wlast	axi_crossbar_inst.axi_crossbar_wr_inst.m_ifaces[I].a_arb_inst.grant_valid_reg	s03_axi_wlast	axi_crossbar_inst.axi_crossbar_wr_inst.m_ifaces[5].a_arb_inst.grant_valid_reg$_SDFFE_PP0P_/D
140	0.0021	axi_crossbar_inst.axi_crossbar_rd_inst.s_ifaces[I].addr_inst.state_reg[J]	axi_crossbar_inst.axi_crossbar_rd_inst.s_ifaces[I].addr_inst.thread_count_reg[J][K]	axi_crossbar_inst.axi_crossbar_rd_inst.s_ifaces[4].addr_inst.state_reg[1]$_SDFF_PP0_/Q	axi_crossbar_inst.axi_crossbar_rd_inst.s_ifaces[4].addr_inst.thread_count_reg[0][4]$_SDFFE_PP0P_/D
141	0.0021	axi_crossbar_inst.axi_crossbar_rd_inst.m_ifaces[I].a_arb_inst.mask_reg[J]	axi_crossbar_inst.axi_crossbar_rd_inst.m_ifaces[I].a_arb_inst.mask_reg[J]	axi_crossbar_inst.axi_crossbar_rd_inst.m_ifaces[5].a_arb_inst.mask_reg[5]$_SDFFE_PP0P_/Q	axi_crossbar_inst.axi_crossbar_rd_inst.m_ifaces[5].a_arb_inst.mask_reg[0]$_SDFFE_PP0P_/D
142	0.0024	sI_axi_wvalid	axi_crossbar_inst.axi_crossbar_wr_inst.m_ifaces[I].a_arb_inst.grant_valid_reg	s01_axi_wvalid	axi_crossbar_inst.axi_crossbar_wr_inst.m_ifaces[4].a_arb_inst.grant_valid_reg$_SDFFE_PP0P_/D
143	0.0039	mI_axi_bvalid	axi_crossbar_inst.axi_crossbar_wr_inst.s_ifaces[I].addr_inst.m_axi_avalid_reg	m01_axi_bvalid	axi_crossbar_inst.axi_crossbar_wr_inst.s_ifaces[4].addr_inst.m_axi_avalid_reg$_SDFF_PP0_/D
144	0.0044	axi_crossbar_inst.axi_crossbar_rd_inst.m_ifaces[I].a_arb_inst.grant_reg[J]	axi_crossbar_inst.axi_crossbar_rd_inst.m_ifaces[I].a_arb_inst.mask_reg[J]	axi_crossbar_inst.axi_crossbar_rd_inst.m_ifaces[4].a_arb_inst.grant_reg[0]$_SDFFE_PP0P_/QN	axi_crossbar_inst.axi_crossbar_rd_inst.m_ifaces[4].a_arb_inst.mask_reg[1]$_SDFFE_PP0P_/D
145	0.0044	axi_crossbar_inst.axi_crossbar_wr_inst.m_ifaces[I].a_arb_inst.mask_reg[J]	axi_crossbar_inst.axi_crossbar_wr_inst.m_ifaces[I].a_arb_inst.mask_reg[J]	axi_crossbar_inst.axi_crossbar_wr_inst.m_ifaces[0].a_arb_inst.mask_reg[2]$_SDFFE_PP0P_/Q	axi_crossbar_inst.axi_crossbar_wr_inst.m_ifaces[0].a_arb_inst.mask_reg[0]$_SDFFE_PP0P_/D
146	0.0054	axi_crossbar_inst.axi_crossbar_wr_inst.s_ifaces[I].addr_inst.trans_count_reg[J]	axi_crossbar_inst.axi_crossbar_wr_inst.s_ifaces[I].addr_inst.thread_count_reg[J][K]	axi_crossbar_inst.axi_crossbar_wr_inst.s_ifaces[2].addr_inst.trans_count_reg[4]$_SDFFE_PP0P_/Q	axi_crossbar_inst.axi_crossbar_wr_inst.s_ifaces[2].addr_inst.thread_count_reg[1][4]$_SDFFE_PP0P_/D
147	0.0077	sI_axi_araddr[J]	axi_crossbar_inst.axi_crossbar_rd_inst.s_ifaces[I].addr_inst.thread_m_reg[J][K]	s04_axi_araddr[27]	axi_crossbar_inst.axi_crossbar_rd_inst.s_ifaces[4].addr_inst.thread_m_reg[1][2]$_DFFE_PP_/D
148	0.0077	sI_axi_awaddr[J]	axi_crossbar_inst.axi_crossbar_wr_inst.s_ifaces[I].addr_inst.thread_m_reg[J][K]	s05_axi_awaddr[31]	axi_crossbar_inst.axi_crossbar_wr_inst.s_ifaces[5].addr_inst.thread_m_reg[0][0]$_DFFE_PP_/D
149	0.0088	sI_axi_wvalid	axi_crossbar_inst.axi_crossbar_wr_inst.m_ifaces[I].reg_inst.genblkJ.s_axi_wready_reg	s01_axi_wvalid	axi_crossbar_inst.axi_crossbar_wr_inst.m_ifaces[4].reg_inst.genblk2.s_axi_wready_reg$_SDFF_PP0_/D
150	0.0124	axi_crossbar_inst.axi_crossbar_rd_inst.s_ifaces[I].reg_inst.genblkJ.m_axi_rready_reg	axi_crossbar_inst.axi_crossbar_rd_inst.m_ifaces[I].trans_count_reg[J]	axi_crossbar_inst.axi_crossbar_rd_inst.s_ifaces[2].reg_inst.genblk2.m_axi_rready_reg$_SDFF_PP0_/Q	axi_crossbar_inst.axi_crossbar_rd_inst.m_ifaces[5].trans_count_reg[2]$_SDFFE_PP0P_/D
151	0.0126	axi_crossbar_inst.axi_crossbar_wr_inst.m_ifaces[I].a_arb_inst.grant_reg[J]	axi_crossbar_inst.axi_crossbar_wr_inst.m_ifaces[I].a_arb_inst.mask_reg[J]	axi_crossbar_inst.axi_crossbar_wr_inst.m_ifaces[6].a_arb_inst.grant_reg[5]$_SDFFE_PP0P_/QN	axi_crossbar_inst.axi_crossbar_wr_inst.m_ifaces[6].a_arb_inst.mask_reg[0]$_SDFFE_PP0P_/D
152	0.0164	sI_axi_arid[J]	axi_crossbar_inst.axi_crossbar_rd_inst.s_ifaces[I].addr_inst.state_reg[J]	s05_axi_arid[6]	axi_crossbar_inst.axi_crossbar_rd_inst.s_ifaces[5].addr_inst.state_reg[0]$_SDFF_PP0_/D
153	0.0166	axi_crossbar_inst.axi_crossbar_rd_inst.s_ifaces[I].addr_inst.m_axi_avalid_reg	axi_crossbar_inst.axi_crossbar_rd_inst.m_ifaces[I].trans_count_reg[J]	axi_crossbar_inst.axi_crossbar_rd_inst.s_ifaces[4].addr_inst.m_axi_avalid_reg$_SDFF_PP0_/Q	axi_crossbar_inst.axi_crossbar_rd_inst.m_ifaces[4].trans_count_reg[2]$_SDFFE_PP0P_/D
154	0.0166	axi_crossbar_inst.axi_crossbar_rd_inst.s_ifaces[I].r_arb_inst.grant_valid_reg	axi_crossbar_inst.axi_crossbar_rd_inst.m_ifaces[I].trans_count_reg[J]	axi_crossbar_inst.axi_crossbar_rd_inst.s_ifaces[3].r_arb_inst.grant_valid_reg$_SDFFE_PP0P_/Q	axi_crossbar_inst.axi_crossbar_rd_inst.m_ifaces[5].trans_count_reg[2]$_SDFFE_PP0P_/D
155	0.0179	axi_crossbar_inst.axi_crossbar_wr_inst.s_ifaces[I].addr_inst.m_select_reg[J]	axi_crossbar_inst.axi_crossbar_wr_inst.m_ifaces[I].trans_count_reg[J]	axi_crossbar_inst.axi_crossbar_wr_inst.s_ifaces[3].addr_inst.m_select_reg[2]$_DFF_P_/Q	axi_crossbar_inst.axi_crossbar_wr_inst.m_ifaces[6].trans_count_reg[2]$_SDFFE_PP0P_/D
156	0.0187	axi_crossbar_inst.axi_crossbar_rd_inst.s_ifaces[I].addr_inst.trans_count_reg[J]	axi_crossbar_inst.axi_crossbar_rd_inst.s_ifaces[I].addr_inst.thread_count_reg[J][K]	axi_crossbar_inst.axi_crossbar_rd_inst.s_ifaces[5].addr_inst.trans_count_reg[4]$_SDFFE_PP0P_/Q	axi_crossbar_inst.axi_crossbar_rd_inst.s_ifaces[5].addr_inst.thread_count_reg[0][4]$_SDFFE_PP0P_/D
157	0.0211	sI_axi_wvalid	axi_crossbar_inst.axi_crossbar_wr_inst.m_ifaces[I].reg_inst.genblkJ.temp_m_axi_wvalid_reg	s05_axi_wvalid	axi_crossbar_inst.axi_crossbar_wr_inst.m_ifaces[1].reg_inst.genblk2.temp_m_axi_wvalid_reg$_SDFFE_PP0P_/D
158	0.0215	mI_axi_rvalid	axi_crossbar_inst.axi_crossbar_rd_inst.s_ifaces[I].reg_inst.genblkJ.temp_s_axi_rvalid_reg	m06_axi_rvalid	axi_crossbar_inst.axi_crossbar_rd_inst.s_ifaces[3].reg_inst.genblk2.temp_s_axi_rvalid_reg$_SDFFE_PP0P_/D
159	0.0218	axi_crossbar_inst.axi_crossbar_wr_inst.s_ifaces[I].reg_inst.genblkJ.genblkK.m_axi_bready_reg	axi_crossbar_inst.axi_crossbar_wr_inst.m_ifaces[I].trans_count_reg[J]	axi_crossbar_inst.axi_crossbar_wr_inst.s_ifaces[0].reg_inst.genblk3.genblk1.m_axi_bready_reg$_SDFF_PP0_/Q	axi_crossbar_inst.axi_crossbar_wr_inst.m_ifaces[5].trans_count_reg[2]$_SDFFE_PP0P_/D
160	0.0225	axi_crossbar_inst.axi_crossbar_rd_inst.s_ifaces[I].decerr_m_axi_rlast_reg	axi_crossbar_inst.axi_crossbar_rd_inst.s_ifaces[I].addr_inst.trans_count_reg[J]	axi_crossbar_inst.axi_crossbar_rd_inst.s_ifaces[7].decerr_m_axi_rlast_reg$_DFFE_PP_/Q	axi_crossbar_inst.axi_crossbar_rd_inst.s_ifaces[7].addr_inst.trans_count_reg[4]$_SDFFE_PP0P_/D
161	0.0226	sI_axi_wvalid	axi_crossbar_inst.axi_crossbar_wr_inst.m_ifaces[I].reg_inst.genblkJ.m_axi_wvalid_reg	s05_axi_wvalid	axi_crossbar_inst.axi_crossbar_wr_inst.m_ifaces[1].reg_inst.genblk2.m_axi_wvalid_reg$_SDFFE_PP0P_/D
162	0.0248	axi_crossbar_inst.axi_crossbar_wr_inst.s_ifaces[I].b_arb_inst.grant_encoded_reg[J]	axi_crossbar_inst.axi_crossbar_wr_inst.m_ifaces[I].trans_count_reg[J]	axi_crossbar_inst.axi_crossbar_wr_inst.s_ifaces[0].b_arb_inst.grant_encoded_reg[0]$_SDFFE_PP0P_/Q	axi_crossbar_inst.axi_crossbar_wr_inst.m_ifaces[5].trans_count_reg[2]$_SDFFE_PP0P_/D
163	0.0281	mI_axi_bvalid	axi_crossbar_inst.axi_crossbar_wr_inst.s_ifaces[I].reg_inst.genblkJ.genblkK.m_axi_bready_reg	m05_axi_bvalid	axi_crossbar_inst.axi_crossbar_wr_inst.s_ifaces[7].reg_inst.genblk3.genblk1.m_axi_bready_reg$_SDFF_PP0_/D
164	0.0306	axi_crossbar_inst.axi_crossbar_wr_inst.s_ifaces[I].addr_inst.m_axi_avalid_reg	axi_crossbar_inst.axi_crossbar_wr_inst.m_ifaces[I].trans_count_reg[J]	axi_crossbar_inst.axi_crossbar_wr_inst.s_ifaces[1].addr_inst.m_axi_avalid_reg$_SDFF_PP0_/Q	axi_crossbar_inst.axi_crossbar_wr_inst.m_ifaces[2].trans_count_reg[2]$_SDFFE_PP0P_/D
165	0.0330	axi_crossbar_inst.axi_crossbar_rd_inst.s_ifaces[I].r_arb_inst.grant_encoded_reg[J]	axi_crossbar_inst.axi_crossbar_rd_inst.m_ifaces[I].trans_count_reg[J]	axi_crossbar_inst.axi_crossbar_rd_inst.s_ifaces[1].r_arb_inst.grant_encoded_reg[1]$_SDFFE_PP0P_/Q	axi_crossbar_inst.axi_crossbar_rd_inst.m_ifaces[5].trans_count_reg[2]$_SDFFE_PP0P_/D
166	0.0363	mI_axi_bvalid	axi_crossbar_inst.axi_crossbar_wr_inst.m_ifaces[I].a_arb_inst.grant_reg[J]	m03_axi_bvalid	axi_crossbar_inst.axi_crossbar_wr_inst.m_ifaces[3].a_arb_inst.grant_reg[4]$_SDFFE_PP0P_/D
167	0.0364	axi_crossbar_inst.axi_crossbar_wr_inst.s_ifaces[I].b_arb_inst.grant_valid_reg	axi_crossbar_inst.axi_crossbar_wr_inst.m_ifaces[I].trans_count_reg[J]	axi_crossbar_inst.axi_crossbar_wr_inst.s_ifaces[0].b_arb_inst.grant_valid_reg$_SDFFE_PP0P_/Q	axi_crossbar_inst.axi_crossbar_wr_inst.m_ifaces[5].trans_count_reg[2]$_SDFFE_PP0P_/D
168	0.0371	mI_axi_rid[J]	axi_crossbar_inst.axi_crossbar_rd_inst.s_ifaces[I].reg_inst.genblkJ.s_axi_rid_reg[K]	m03_axi_rid[0]	axi_crossbar_inst.axi_crossbar_rd_inst.s_ifaces[7].reg_inst.genblk2.s_axi_rid_reg[0]$_DFFE_PP_/D
169	0.0385	axi_crossbar_inst.axi_crossbar_rd_inst.s_ifaces[I].r_arb_inst.grant_encoded_reg[J]	axi_crossbar_inst.axi_crossbar_rd_inst.s_ifaces[I].addr_inst.thread_id_reg[J][K]	axi_crossbar_inst.axi_crossbar_rd_inst.s_ifaces[3].r_arb_inst.grant_encoded_reg[1]$_SDFFE_PP0P_/Q	axi_crossbar_inst.axi_crossbar_rd_inst.s_ifaces[3].addr_inst.thread_id_reg[0][0]$_DFFE_PP_/D
170	0.0385	axi_crossbar_inst.axi_crossbar_rd_inst.s_ifaces[I].r_arb_inst.grant_encoded_reg[J]	axi_crossbar_inst.axi_crossbar_rd_inst.s_ifaces[I].addr_inst.thread_m_reg[J][K]	axi_crossbar_inst.axi_crossbar_rd_inst.s_ifaces[3].r_arb_inst.grant_encoded_reg[1]$_SDFFE_PP0P_/Q	axi_crossbar_inst.axi_crossbar_rd_inst.s_ifaces[3].addr_inst.thread_m_reg[0][0]$_DFFE_PP_/D
171	0.0398	axi_crossbar_inst.axi_crossbar_wr_inst.s_ifaces[I].b_arb_inst.grant_valid_reg	axi_crossbar_inst.axi_crossbar_wr_inst.s_ifaces[I].addr_inst.trans_count_reg[J]	axi_crossbar_inst.axi_crossbar_wr_inst.s_ifaces[2].b_arb_inst.grant_valid_reg$_SDFFE_PP0P_/Q	axi_crossbar_inst.axi_crossbar_wr_inst.s_ifaces[2].addr_inst.trans_count_reg[4]$_SDFFE_PP0P_/D
172	0.0403	mI_axi_bvalid	axi_crossbar_inst.axi_crossbar_wr_inst.s_ifaces[I].reg_inst.genblkJ.genblkK.s_axi_bvalid_reg	m05_axi_bvalid	axi_crossbar_inst.axi_crossbar_wr_inst.s_ifaces[3].reg_inst.genblk3.genblk1.s_axi_bvalid_reg$_SDFF_PP0_/D
173	0.0415	mI_axi_rlast	axi_crossbar_inst.axi_crossbar_rd_inst.s_ifaces[I].reg_inst.genblkJ.s_axi_rlast_reg	m00_axi_rlast	axi_crossbar_inst.axi_crossbar_rd_inst.s_ifaces[1].reg_inst.genblk2.s_axi_rlast_reg$_DFFE_PP_/D
174	0.0417	axi_crossbar_inst.axi_crossbar_rd_inst.s_ifaces[I].r_arb_inst.grant_reg[J]	axi_crossbar_inst.axi_crossbar_rd_inst.s_ifaces[I].r_arb_inst.mask_reg[J]	axi_crossbar_inst.axi_crossbar_rd_inst.s_ifaces[2].r_arb_inst.grant_reg[7]$_SDFFE_PP0P_/QN	axi_crossbar_inst.axi_crossbar_rd_inst.s_ifaces[2].r_arb_inst.mask_reg[0]$_SDFFE_PP0P_/D
175	0.0417	axi_crossbar_inst.axi_crossbar_wr_inst.s_ifaces[I].w_select_valid_reg	axi_crossbar_inst.axi_crossbar_wr_inst.m_ifaces[I].a_arb_inst.grant_reg[J]	axi_crossbar_inst.axi_crossbar_wr_inst.s_ifaces[5].w_select_valid_reg$_SDFF_PP0_/Q	axi_crossbar_inst.axi_crossbar_wr_inst.m_ifaces[1].a_arb_inst.grant_reg[6]$_SDFFE_PP0P_/D
176	0.0418	axi_crossbar_inst.axi_crossbar_wr_inst.m_ifaces[I].reg_inst.genblkJ.s_axi_wready_reg	sI_axi_wready	axi_crossbar_inst.axi_crossbar_wr_inst.m_ifaces[3].reg_inst.genblk2.s_axi_wready_reg$_SDFF_PP0_/Q	s04_axi_wready
177	0.0432	axi_crossbar_inst.axi_crossbar_wr_inst.m_ifaces[I].w_select_valid_reg	axi_crossbar_inst.axi_crossbar_wr_inst.m_ifaces[I].a_arb_inst.mask_reg[J]	axi_crossbar_inst.axi_crossbar_wr_inst.m_ifaces[6].w_select_valid_reg$_SDFF_PP0_/Q	axi_crossbar_inst.axi_crossbar_wr_inst.m_ifaces[6].a_arb_inst.mask_reg[0]$_SDFFE_PP0P_/D
178	0.0464	axi_crossbar_inst.axi_crossbar_wr_inst.m_ifaces[I].a_arb_inst.grant_valid_reg	axi_crossbar_inst.axi_crossbar_wr_inst.m_ifaces[I].a_arb_inst.mask_reg[J]	axi_crossbar_inst.axi_crossbar_wr_inst.m_ifaces[6].a_arb_inst.grant_valid_reg$_SDFFE_PP0P_/Q	axi_crossbar_inst.axi_crossbar_wr_inst.m_ifaces[6].a_arb_inst.mask_reg[0]$_SDFFE_PP0P_/D
179	0.0480	axi_crossbar_inst.axi_crossbar_wr_inst.s_ifaces[I].reg_inst.genblkJ.genblkK.m_axi_bready_reg	axi_crossbar_inst.axi_crossbar_wr_inst.m_ifaces[I].a_arb_inst.grant_reg[J]	axi_crossbar_inst.axi_crossbar_wr_inst.s_ifaces[0].reg_inst.genblk3.genblk1.m_axi_bready_reg$_SDFF_PP0_/Q	axi_crossbar_inst.axi_crossbar_wr_inst.m_ifaces[1].a_arb_inst.grant_reg[6]$_SDFFE_PP0P_/D
180	0.0481	axi_crossbar_inst.axi_crossbar_wr_inst.s_ifaces[I].w_select_reg[J]	axi_crossbar_inst.axi_crossbar_wr_inst.m_ifaces[I].a_arb_inst.grant_reg[J]	axi_crossbar_inst.axi_crossbar_wr_inst.s_ifaces[5].w_select_reg[0]$_DFFE_PP_/Q	axi_crossbar_inst.axi_crossbar_wr_inst.m_ifaces[1].a_arb_inst.grant_reg[6]$_SDFFE_PP0P_/D
181	0.0491	axi_crossbar_inst.axi_crossbar_wr_inst.s_ifaces[I].b_arb_inst.grant_encoded_reg[J]	axi_crossbar_inst.axi_crossbar_wr_inst.s_ifaces[I].addr_inst.thread_id_reg[J][K]	axi_crossbar_inst.axi_crossbar_wr_inst.s_ifaces[3].b_arb_inst.grant_encoded_reg[2]$_SDFFE_PP0P_/Q	axi_crossbar_inst.axi_crossbar_wr_inst.s_ifaces[3].addr_inst.thread_id_reg[1][0]$_DFFE_PP_/D
182	0.0491	axi_crossbar_inst.axi_crossbar_wr_inst.s_ifaces[I].b_arb_inst.grant_encoded_reg[J]	axi_crossbar_inst.axi_crossbar_wr_inst.s_ifaces[I].addr_inst.thread_m_reg[J][K]	axi_crossbar_inst.axi_crossbar_wr_inst.s_ifaces[3].b_arb_inst.grant_encoded_reg[2]$_SDFFE_PP0P_/Q	axi_crossbar_inst.axi_crossbar_wr_inst.s_ifaces[3].addr_inst.thread_m_reg[1][0]$_DFFE_PP_/D
183	0.0492	mI_axi_rvalid	axi_crossbar_inst.axi_crossbar_rd_inst.s_ifaces[I].reg_inst.genblkJ.m_axi_rready_reg	m06_axi_rvalid	axi_crossbar_inst.axi_crossbar_rd_inst.s_ifaces[1].reg_inst.genblk2.m_axi_rready_reg$_SDFF_PP0_/D
184	0.0499	axi_crossbar_inst.axi_crossbar_rd_inst.s_ifaces[I].r_arb_inst.grant_encoded_reg[J]	mI_axi_rready	axi_crossbar_inst.axi_crossbar_rd_inst.s_ifaces[4].r_arb_inst.grant_encoded_reg[1]$_SDFFE_PP0P_/Q	m00_axi_rready
185	0.0499	axi_crossbar_inst.axi_crossbar_wr_inst.s_ifaces[I].addr_inst.trans_count_reg[J]	axi_crossbar_inst.axi_crossbar_wr_inst.s_ifaces[I].addr_inst.trans_count_reg[J]	axi_crossbar_inst.axi_crossbar_wr_inst.s_ifaces[4].addr_inst.trans_count_reg[4]$_SDFFE_PP0P_/Q	axi_crossbar_inst.axi_crossbar_wr_inst.s_ifaces[4].addr_inst.trans_count_reg[4]$_SDFFE_PP0P_/D
186	0.0508	mI_axi_rvalid	axi_crossbar_inst.axi_crossbar_rd_inst.s_ifaces[I].reg_inst.genblkJ.s_axi_rvalid_reg	m06_axi_rvalid	axi_crossbar_inst.axi_crossbar_rd_inst.s_ifaces[3].reg_inst.genblk2.s_axi_rvalid_reg$_SDFFE_PP0P_/D
187	0.0511	axi_crossbar_inst.axi_crossbar_wr_inst.s_ifaces[I].b_arb_inst.grant_encoded_reg[J]	axi_crossbar_inst.axi_crossbar_wr_inst.m_ifaces[I].a_arb_inst.grant_reg[J]	axi_crossbar_inst.axi_crossbar_wr_inst.s_ifaces[0].b_arb_inst.grant_encoded_reg[0]$_SDFFE_PP0P_/Q	axi_crossbar_inst.axi_crossbar_wr_inst.m_ifaces[1].a_arb_inst.grant_reg[6]$_SDFFE_PP0P_/D
188	0.0521	axi_crossbar_inst.axi_crossbar_wr_inst.s_ifaces[I].w_select_reg[J]	sI_axi_wready	axi_crossbar_inst.axi_crossbar_wr_inst.s_ifaces[6].w_select_reg[0]$_DFFE_PP_/Q	s06_axi_wready
189	0.0528	axi_crossbar_inst.axi_crossbar_rd_inst.s_ifaces[I].reg_inst.genblkJ.m_axi_rready_reg	mI_axi_rready	axi_crossbar_inst.axi_crossbar_rd_inst.s_ifaces[7].reg_inst.genblk2.m_axi_rready_reg$_SDFF_PP0_/Q	m00_axi_rready
190	0.0530	sI_axi_wvalid	axi_crossbar_inst.axi_crossbar_wr_inst.m_ifaces[I].w_select_valid_reg	s01_axi_wvalid	axi_crossbar_inst.axi_crossbar_wr_inst.m_ifaces[4].w_select_valid_reg$_SDFF_PP0_/D
191	0.0537	axi_crossbar_inst.axi_crossbar_rd_inst.s_ifaces[I].r_arb_inst.mask_reg[J]	axi_crossbar_inst.axi_crossbar_rd_inst.s_ifaces[I].r_arb_inst.mask_reg[J]	axi_crossbar_inst.axi_crossbar_rd_inst.s_ifaces[6].r_arb_inst.mask_reg[6]$_SDFFE_PP0P_/Q	axi_crossbar_inst.axi_crossbar_rd_inst.s_ifaces[6].r_arb_inst.mask_reg[0]$_SDFFE_PP0P_/D
192	0.0546	mI_axi_rvalid	axi_crossbar_inst.axi_crossbar_rd_inst.m_ifaces[I].a_arb_inst.grant_reg[J]	m06_axi_rvalid	axi_crossbar_inst.axi_crossbar_rd_inst.m_ifaces[6].a_arb_inst.grant_reg[0]$_SDFFE_PP0P_/D
193	0.0560	axi_crossbar_inst.axi_crossbar_wr_inst.s_ifaces[I].b_arb_inst.grant_encoded_reg[J]	mI_axi_bready	axi_crossbar_inst.axi_crossbar_wr_inst.s_ifaces[2].b_arb_inst.grant_encoded_reg[3]$_SDFFE_PP0P_/Q	m00_axi_bready
194	0.0592	mI_axi_bvalid	axi_crossbar_inst.axi_crossbar_wr_inst.m_ifaces[I].a_arb_inst.grant_encoded_reg[J]	m07_axi_bvalid	axi_crossbar_inst.axi_crossbar_wr_inst.m_ifaces[7].a_arb_inst.grant_encoded_reg[2]$_SDFFE_PP0P_/D
195	0.0599	axi_crossbar_inst.axi_crossbar_wr_inst.s_ifaces[I].reg_inst.genblkJ.genblkK.m_axi_bready_reg	mI_axi_bready	axi_crossbar_inst.axi_crossbar_wr_inst.s_ifaces[0].reg_inst.genblk3.genblk1.m_axi_bready_reg$_SDFF_PP0_/Q	m05_axi_bready
196	0.0605	axi_crossbar_inst.axi_crossbar_wr_inst.s_ifaces[I].addr_inst.thread_id_reg[J][K]	axi_crossbar_inst.axi_crossbar_wr_inst.s_ifaces[I].addr_inst.thread_id_reg[J][K]	axi_crossbar_inst.axi_crossbar_wr_inst.s_ifaces[4].addr_inst.thread_id_reg[1][2]$_DFFE_PP_/Q	axi_crossbar_inst.axi_crossbar_wr_inst.s_ifaces[4].addr_inst.thread_id_reg[1][0]$_DFFE_PP_/D
197	0.0605	axi_crossbar_inst.axi_crossbar_wr_inst.s_ifaces[I].addr_inst.thread_id_reg[J][K]	axi_crossbar_inst.axi_crossbar_wr_inst.s_ifaces[I].addr_inst.thread_m_reg[J][K]	axi_crossbar_inst.axi_crossbar_wr_inst.s_ifaces[4].addr_inst.thread_id_reg[1][2]$_DFFE_PP_/Q	axi_crossbar_inst.axi_crossbar_wr_inst.s_ifaces[4].addr_inst.thread_m_reg[1][0]$_DFFE_PP_/D
198	0.0606	mI_axi_rresp[J]	axi_crossbar_inst.axi_crossbar_rd_inst.s_ifaces[I].reg_inst.genblkJ.s_axi_rresp_reg[K]	m03_axi_rresp[0]	axi_crossbar_inst.axi_crossbar_rd_inst.s_ifaces[0].reg_inst.genblk2.s_axi_rresp_reg[0]$_DFFE_PP_/D
199	0.0626	axi_crossbar_inst.axi_crossbar_wr_inst.s_ifaces[I].b_arb_inst.grant_valid_reg	axi_crossbar_inst.axi_crossbar_wr_inst.m_ifaces[I].a_arb_inst.grant_reg[J]	axi_crossbar_inst.axi_crossbar_wr_inst.s_ifaces[0].b_arb_inst.grant_valid_reg$_SDFFE_PP0P_/Q	axi_crossbar_inst.axi_crossbar_wr_inst.m_ifaces[1].a_arb_inst.grant_reg[6]$_SDFFE_PP0P_/D
200	0.0631	mI_axi_rlast	axi_crossbar_inst.axi_crossbar_rd_inst.m_ifaces[I].a_arb_inst.grant_reg[J]	m03_axi_rlast	axi_crossbar_inst.axi_crossbar_rd_inst.m_ifaces[3].a_arb_inst.grant_reg[0]$_SDFFE_PP0P_/D
201	0.0636	axi_crossbar_inst.axi_crossbar_wr_inst.s_ifaces[I].addr_inst.state_reg[J]	axi_crossbar_inst.axi_crossbar_wr_inst.s_ifaces[I].addr_inst.trans_count_reg[J]	axi_crossbar_inst.axi_crossbar_wr_inst.s_ifaces[4].addr_inst.state_reg[1]$_SDFF_PP0_/Q	axi_crossbar_inst.axi_crossbar_wr_inst.s_ifaces[4].addr_inst.trans_count_reg[4]$_SDFFE_PP0P_/D
202	0.0640	sI_axi_wlast	axi_crossbar_inst.axi_crossbar_wr_inst.m_ifaces[I].w_select_valid_reg	s03_axi_wlast	axi_crossbar_inst.axi_crossbar_wr_inst.m_ifaces[4].w_select_valid_reg$_SDFF_PP0_/D
203	0.0640	sI_axi_araddr[J]	axi_crossbar_inst.axi_crossbar_rd_inst.s_ifaces[I].addr_inst.m_select_reg[J]	s00_axi_araddr[28]	axi_crossbar_inst.axi_crossbar_rd_inst.s_ifaces[0].addr_inst.m_select_reg[0]$_DFF_P_/D
204	0.0640	sI_axi_awaddr[J]	axi_crossbar_inst.axi_crossbar_wr_inst.s_ifaces[I].addr_inst.m_select_reg[J]	s01_axi_awaddr[30]	axi_crossbar_inst.axi_crossbar_wr_inst.s_ifaces[1].addr_inst.m_select_reg[0]$_DFF_P_/D
205	0.0642	axi_crossbar_inst.axi_crossbar_wr_inst.m_ifaces[I].w_select_valid_reg	sI_axi_wready	axi_crossbar_inst.axi_crossbar_wr_inst.m_ifaces[5].w_select_valid_reg$_SDFF_PP0_/Q	s04_axi_wready
206	0.0664	axi_crossbar_inst.axi_crossbar_rd_inst.s_ifaces[I].addr_inst.thread_count_reg[J][K]	axi_crossbar_inst.axi_crossbar_rd_inst.s_ifaces[I].addr_inst.thread_id_reg[J][K]	axi_crossbar_inst.axi_crossbar_rd_inst.s_ifaces[1].addr_inst.thread_count_reg[0][1]$_SDFFE_PP0P_/Q	axi_crossbar_inst.axi_crossbar_rd_inst.s_ifaces[1].addr_inst.thread_id_reg[1][0]$_DFFE_PP_/D
207	0.0664	axi_crossbar_inst.axi_crossbar_rd_inst.s_ifaces[I].addr_inst.thread_count_reg[J][K]	axi_crossbar_inst.axi_crossbar_rd_inst.s_ifaces[I].addr_inst.thread_m_reg[J][K]	axi_crossbar_inst.axi_crossbar_rd_inst.s_ifaces[1].addr_inst.thread_count_reg[0][1]$_SDFFE_PP0P_/Q	axi_crossbar_inst.axi_crossbar_rd_inst.s_ifaces[1].addr_inst.thread_m_reg[1][0]$_DFFE_PP_/D
208	0.0670	axi_crossbar_inst.axi_crossbar_rd_inst.s_ifaces[I].r_arb_inst.grant_encoded_reg[J]	axi_crossbar_inst.axi_crossbar_rd_inst.m_ifaces[I].a_arb_inst.grant_reg[J]	axi_crossbar_inst.axi_crossbar_rd_inst.s_ifaces[4].r_arb_inst.grant_encoded_reg[1]$_SDFFE_PP0P_/Q	axi_crossbar_inst.axi_crossbar_rd_inst.m_ifaces[0].a_arb_inst.grant_reg[1]$_SDFFE_PP0P_/D
209	0.0672	axi_crossbar_inst.axi_crossbar_rd_inst.s_ifaces[I].r_arb_inst.grant_encoded_reg[J]	axi_crossbar_inst.axi_crossbar_rd_inst.s_ifaces[I].r_arb_inst.mask_reg[J]	axi_crossbar_inst.axi_crossbar_rd_inst.s_ifaces[1].r_arb_inst.grant_encoded_reg[1]$_SDFFE_PP0P_/Q	axi_crossbar_inst.axi_crossbar_rd_inst.s_ifaces[1].r_arb_inst.mask_reg[8]$_SDFFE_PP0P_/D
210	0.0678	mI_axi_rid[J]	axi_crossbar_inst.axi_crossbar_rd_inst.s_ifaces[I].reg_inst.genblkJ.temp_s_axi_rid_reg[K]	m03_axi_rid[5]	axi_crossbar_inst.axi_crossbar_rd_inst.s_ifaces[7].reg_inst.genblk2.temp_s_axi_rid_reg[5]$_DFFE_PP_/D
211	0.0694	axi_crossbar_inst.axi_crossbar_wr_inst.s_ifaces[I].w_drop_reg	axi_crossbar_inst.axi_crossbar_wr_inst.m_ifaces[I].a_arb_inst.grant_reg[J]	axi_crossbar_inst.axi_crossbar_wr_inst.s_ifaces[5].w_drop_reg$_DFF_P_/QN	axi_crossbar_inst.axi_crossbar_wr_inst.m_ifaces[1].a_arb_inst.grant_reg[6]$_SDFFE_PP0P_/D
212	0.0699	axi_crossbar_inst.axi_crossbar_rd_inst.s_ifaces[I].reg_inst.genblkJ.m_axi_rready_reg	axi_crossbar_inst.axi_crossbar_rd_inst.m_ifaces[I].a_arb_inst.grant_reg[J]	axi_crossbar_inst.axi_crossbar_rd_inst.s_ifaces[7].reg_inst.genblk2.m_axi_rready_reg$_SDFF_PP0_/Q	axi_crossbar_inst.axi_crossbar_rd_inst.m_ifaces[0].a_arb_inst.grant_reg[1]$_SDFFE_PP0P_/D
213	0.0703	axi_crossbar_inst.axi_crossbar_wr_inst.s_ifaces[I].addr_inst.m_select_reg[J]	axi_crossbar_inst.axi_crossbar_wr_inst.m_ifaces[I].a_arb_inst.grant_reg[J]	axi_crossbar_inst.axi_crossbar_wr_inst.s_ifaces[6].addr_inst.m_select_reg[2]$_DFF_P_/Q	axi_crossbar_inst.axi_crossbar_wr_inst.m_ifaces[3].a_arb_inst.grant_reg[4]$_SDFFE_PP0P_/D
214	0.0709	axi_crossbar_inst.axi_crossbar_rd_inst.s_ifaces[I].addr_inst.m_select_reg[J]	axi_crossbar_inst.axi_crossbar_rd_inst.m_ifaces[I].a_arb_inst.grant_reg[J]	axi_crossbar_inst.axi_crossbar_rd_inst.s_ifaces[1].addr_inst.m_select_reg[2]$_DFF_P_/Q	axi_crossbar_inst.axi_crossbar_rd_inst.m_ifaces[6].a_arb_inst.grant_reg[7]$_SDFFE_PP0P_/D
215	0.0712	axi_crossbar_inst.axi_crossbar_rd_inst.s_ifaces[I].r_arb_inst.grant_valid_reg	mI_axi_rready	axi_crossbar_inst.axi_crossbar_rd_inst.s_ifaces[7].r_arb_inst.grant_valid_reg$_SDFFE_PP0P_/Q	m00_axi_rready
216	0.0715	axi_crossbar_inst.axi_crossbar_wr_inst.m_ifaces[I].w_select_reg[J]	axi_crossbar_inst.axi_crossbar_wr_inst.m_ifaces[I].a_arb_inst.grant_reg[J]	axi_crossbar_inst.axi_crossbar_wr_inst.m_ifaces[1].w_select_reg[0]$_DFFE_PP_/Q	axi_crossbar_inst.axi_crossbar_wr_inst.m_ifaces[1].a_arb_inst.grant_reg[6]$_SDFFE_PP0P_/D
217	0.0718	axi_crossbar_inst.axi_crossbar_wr_inst.s_ifaces[I].addr_inst.m_axi_avalid_reg	axi_crossbar_inst.axi_crossbar_wr_inst.m_ifaces[I].a_arb_inst.grant_reg[J]	axi_crossbar_inst.axi_crossbar_wr_inst.s_ifaces[6].addr_inst.m_axi_avalid_reg$_SDFF_PP0_/Q	axi_crossbar_inst.axi_crossbar_wr_inst.m_ifaces[3].a_arb_inst.grant_reg[4]$_SDFFE_PP0P_/D
218	0.0722	mI_axi_rvalid	axi_crossbar_inst.axi_crossbar_rd_inst.m_ifaces[I].a_arb_inst.grant_encoded_reg[J]	m06_axi_rvalid	axi_crossbar_inst.axi_crossbar_rd_inst.m_ifaces[6].a_arb_inst.grant_encoded_reg[2]$_SDFFE_PP0P_/D
219	0.0727	axi_crossbar_inst.axi_crossbar_wr_inst.m_ifaces[I].w_select_new_reg	axi_crossbar_inst.axi_crossbar_wr_inst.m_ifaces[I].a_arb_inst.mask_reg[J]	axi_crossbar_inst.axi_crossbar_wr_inst.m_ifaces[6].w_select_new_reg$_SDFF_PP1_/Q	axi_crossbar_inst.axi_crossbar_wr_inst.m_ifaces[6].a_arb_inst.mask_reg[0]$_SDFFE_PP0P_/D
220	0.0732	axi_crossbar_inst.axi_crossbar_wr_inst.s_ifaces[I].addr_inst.thread_count_reg[J][K]	axi_crossbar_inst.axi_crossbar_wr_inst.s_ifaces[I].addr_inst.thread_id_reg[J][K]	axi_crossbar_inst.axi_crossbar_wr_inst.s_ifaces[5].addr_inst.thread_count_reg[0][2]$_SDFFE_PP0P_/Q	axi_crossbar_inst.axi_crossbar_wr_inst.s_ifaces[5].addr_inst.thread_id_reg[1][0]$_DFFE_PP_/D
221	0.0732	axi_crossbar_inst.axi_crossbar_wr_inst.s_ifaces[I].addr_inst.thread_count_reg[J][K]	axi_crossbar_inst.axi_crossbar_wr_inst.s_ifaces[I].addr_inst.thread_m_reg[J][K]	axi_crossbar_inst.axi_crossbar_wr_inst.s_ifaces[5].addr_inst.thread_count_reg[0][2]$_SDFFE_PP0P_/Q	axi_crossbar_inst.axi_crossbar_wr_inst.s_ifaces[5].addr_inst.thread_m_reg[1][0]$_DFFE_PP_/D
222	0.0745	axi_crossbar_inst.axi_crossbar_wr_inst.s_ifaces[I].b_arb_inst.grant_valid_reg	mI_axi_bready	axi_crossbar_inst.axi_crossbar_wr_inst.s_ifaces[0].b_arb_inst.grant_valid_reg$_SDFFE_PP0P_/Q	m05_axi_bready
223	0.0751	axi_crossbar_inst.axi_crossbar_rd_inst.s_ifaces[I].addr_inst.state_reg[J]	axi_crossbar_inst.axi_crossbar_rd_inst.s_ifaces[I].addr_inst.trans_count_reg[J]	axi_crossbar_inst.axi_crossbar_rd_inst.s_ifaces[5].addr_inst.state_reg[1]$_SDFF_PP0_/Q	axi_crossbar_inst.axi_crossbar_rd_inst.s_ifaces[5].addr_inst.trans_count_reg[4]$_SDFFE_PP0P_/D
224	0.0756	rst	axi_crossbar_inst.axi_crossbar_wr_inst.s_ifaces[I].b_arb_inst.mask_reg[J]	rst	axi_crossbar_inst.axi_crossbar_wr_inst.s_ifaces[2].b_arb_inst.mask_reg[4]$_SDFFE_PP0P_/D
225	0.0759	rst	axi_crossbar_inst.axi_crossbar_rd_inst.s_ifaces[I].r_arb_inst.mask_reg[J]	rst	axi_crossbar_inst.axi_crossbar_rd_inst.s_ifaces[2].r_arb_inst.mask_reg[8]$_SDFFE_PP0P_/D
226	0.0773	axi_crossbar_inst.axi_crossbar_rd_inst.s_ifaces[I].addr_inst.m_axi_avalid_reg	axi_crossbar_inst.axi_crossbar_rd_inst.m_ifaces[I].a_arb_inst.grant_reg[J]	axi_crossbar_inst.axi_crossbar_rd_inst.s_ifaces[2].addr_inst.m_axi_avalid_reg$_SDFF_PP0_/Q	axi_crossbar_inst.axi_crossbar_rd_inst.m_ifaces[6].a_arb_inst.grant_reg[7]$_SDFFE_PP0P_/D
227	0.0787	axi_crossbar_inst.axi_crossbar_rd_inst.s_ifaces[I].addr_inst.trans_count_reg[J]	axi_crossbar_inst.axi_crossbar_rd_inst.s_ifaces[I].addr_inst.trans_count_reg[J]	axi_crossbar_inst.axi_crossbar_rd_inst.s_ifaces[5].addr_inst.trans_count_reg[4]$_SDFFE_PP0P_/Q	axi_crossbar_inst.axi_crossbar_rd_inst.s_ifaces[5].addr_inst.trans_count_reg[4]$_SDFFE_PP0P_/D
228	0.0788	sI_axi_wlast	axi_crossbar_inst.axi_crossbar_wr_inst.m_ifaces[I].reg_inst.genblkJ.m_axi_wlast_reg	s07_axi_wlast	axi_crossbar_inst.axi_crossbar_wr_inst.m_ifaces[6].reg_inst.genblk2.m_axi_wlast_reg$_DFFE_PP_/D
229	0.0808	sI_axi_wdata[J]	axi_crossbar_inst.axi_crossbar_wr_inst.m_ifaces[I].reg_inst.genblkJ.m_axi_wdata_reg[K]	s03_axi_wdata[24]	axi_crossbar_inst.axi_crossbar_wr_inst.m_ifaces[3].reg_inst.genblk2.m_axi_wdata_reg[24]$_DFFE_PP_/D
230	0.0811	sI_axi_wstrb[J]	axi_crossbar_inst.axi_crossbar_wr_inst.m_ifaces[I].reg_inst.genblkJ.m_axi_wstrb_reg[K]	s03_axi_wstrb[0]	axi_crossbar_inst.axi_crossbar_wr_inst.m_ifaces[3].reg_inst.genblk2.m_axi_wstrb_reg[0]$_DFFE_PP_/D
231	0.0823	axi_crossbar_inst.axi_crossbar_wr_inst.s_ifaces[I].b_arb_inst.grant_encoded_reg[J]	axi_crossbar_inst.axi_crossbar_wr_inst.m_ifaces[I].a_arb_inst.grant_encoded_reg[J]	axi_crossbar_inst.axi_crossbar_wr_inst.s_ifaces[3].b_arb_inst.grant_encoded_reg[3]$_SDFFE_PP0P_/Q	axi_crossbar_inst.axi_crossbar_wr_inst.m_ifaces[2].a_arb_inst.grant_encoded_reg[2]$_SDFFE_PP0P_/D
232	0.0830	axi_crossbar_inst.axi_crossbar_rd_inst.s_ifaces[I].r_arb_inst.grant_encoded_reg[J]	axi_crossbar_inst.axi_crossbar_rd_inst.s_ifaces[I].reg_inst.genblkJ.temp_s_axi_rdata_reg[K]	axi_crossbar_inst.axi_crossbar_rd_inst.s_ifaces[1].r_arb_inst.grant_encoded_reg[1]$_SDFFE_PP0P_/Q	axi_crossbar_inst.axi_crossbar_rd_inst.s_ifaces[1].reg_inst.genblk2.temp_s_axi_rdata_reg[22]$_DFFE_PP_/D
233	0.0838	axi_crossbar_inst.axi_crossbar_rd_inst.s_ifaces[I].r_arb_inst.grant_encoded_reg[J]	axi_crossbar_inst.axi_crossbar_rd_inst.s_ifaces[I].r_arb_inst.grant_reg[J]	axi_crossbar_inst.axi_crossbar_rd_inst.s_ifaces[0].r_arb_inst.grant_encoded_reg[2]$_SDFFE_PP0P_/Q	axi_crossbar_inst.axi_crossbar_rd_inst.s_ifaces[0].r_arb_inst.grant_reg[4]$_SDFFE_PP0P_/D
234	0.0839	axi_crossbar_inst.axi_crossbar_wr_inst.m_ifaces[I].w_select_reg[J]	axi_crossbar_inst.axi_crossbar_wr_inst.m_ifaces[I].reg_inst.genblkJ.m_axi_wdata_reg[K]	axi_crossbar_inst.axi_crossbar_wr_inst.m_ifaces[0].w_select_reg[0]$_DFFE_PP_/Q	axi_crossbar_inst.axi_crossbar_wr_inst.m_ifaces[0].reg_inst.genblk2.m_axi_wdata_reg[29]$_DFFE_PP_/D
235	0.0839	axi_crossbar_inst.axi_crossbar_wr_inst.m_ifaces[I].w_select_reg[J]	axi_crossbar_inst.axi_crossbar_wr_inst.m_ifaces[I].reg_inst.genblkJ.m_axi_wstrb_reg[K]	axi_crossbar_inst.axi_crossbar_wr_inst.m_ifaces[0].w_select_reg[0]$_DFFE_PP_/Q	axi_crossbar_inst.axi_crossbar_wr_inst.m_ifaces[0].reg_inst.genblk2.m_axi_wstrb_reg[0]$_DFFE_PP_/D
236	0.0840	sI_axi_arid[J]	axi_crossbar_inst.axi_crossbar_rd_inst.m_ifaces[I].reg_inst.genblkJ.genblkK.m_axi_arid_reg[L]	s07_axi_arid[2]	axi_crossbar_inst.axi_crossbar_rd_inst.m_ifaces[6].reg_inst.genblk1.genblk1.m_axi_arid_reg[2]$_DFFE_PP_/D
237	0.0841	sI_axi_awid[J]	axi_crossbar_inst.axi_crossbar_wr_inst.m_ifaces[I].reg_inst.genblkJ.genblkK.m_axi_awid_reg[L]	s07_axi_awid[0]	axi_crossbar_inst.axi_crossbar_wr_inst.m_ifaces[2].reg_inst.genblk1.genblk1.m_axi_awid_reg[0]$_DFFE_PP_/D
238	0.0850	mI_axi_rlast	axi_crossbar_inst.axi_crossbar_rd_inst.s_ifaces[I].reg_inst.genblkJ.temp_s_axi_rlast_reg	m00_axi_rlast	axi_crossbar_inst.axi_crossbar_rd_inst.s_ifaces[1].reg_inst.genblk2.temp_s_axi_rlast_reg$_DFFE_PP_/D
239	0.0855	axi_crossbar_inst.axi_crossbar_rd_inst.s_ifaces[I].r_arb_inst.grant_encoded_reg[J]	axi_crossbar_inst.axi_crossbar_rd_inst.s_ifaces[I].r_arb_inst.grant_encoded_reg[J]	axi_crossbar_inst.axi_crossbar_rd_inst.s_ifaces[0].r_arb_inst.grant_encoded_reg[2]$_SDFFE_PP0P_/Q	axi_crossbar_inst.axi_crossbar_rd_inst.s_ifaces[0].r_arb_inst.grant_encoded_reg[2]$_SDFFE_PP0P_/D
240	0.0868	axi_crossbar_inst.axi_crossbar_rd_inst.s_ifaces[I].r_arb_inst.grant_encoded_reg[J]	axi_crossbar_inst.axi_crossbar_rd_inst.s_ifaces[I].reg_inst.genblkJ.s_axi_rresp_reg[K]	axi_crossbar_inst.axi_crossbar_rd_inst.s_ifaces[3].r_arb_inst.grant_encoded_reg[1]$_SDFFE_PP0P_/Q	axi_crossbar_inst.axi_crossbar_rd_inst.s_ifaces[3].reg_inst.genblk2.s_axi_rresp_reg[1]$_DFFE_PP_/D
241	0.0869	axi_crossbar_inst.axi_crossbar_rd_inst.s_ifaces[I].r_arb_inst.grant_encoded_reg[J]	axi_crossbar_inst.axi_crossbar_rd_inst.s_ifaces[I].reg_inst.genblkJ.s_axi_rid_reg[K]	axi_crossbar_inst.axi_crossbar_rd_inst.s_ifaces[0].r_arb_inst.grant_encoded_reg[2]$_SDFFE_PP0P_/Q	axi_crossbar_inst.axi_crossbar_rd_inst.s_ifaces[0].reg_inst.genblk2.s_axi_rid_reg[3]$_DFFE_PP_/D
242	0.0883	axi_crossbar_inst.axi_crossbar_rd_inst.s_ifaces[I].r_arb_inst.grant_valid_reg	axi_crossbar_inst.axi_crossbar_rd_inst.m_ifaces[I].a_arb_inst.grant_reg[J]	axi_crossbar_inst.axi_crossbar_rd_inst.s_ifaces[7].r_arb_inst.grant_valid_reg$_SDFFE_PP0P_/Q	axi_crossbar_inst.axi_crossbar_rd_inst.m_ifaces[0].a_arb_inst.grant_reg[1]$_SDFFE_PP0P_/D
243	0.0890	axi_crossbar_inst.axi_crossbar_wr_inst.s_ifaces[I].w_select_reg[J]	axi_crossbar_inst.axi_crossbar_wr_inst.m_ifaces[I].a_arb_inst.grant_encoded_reg[J]	axi_crossbar_inst.axi_crossbar_wr_inst.s_ifaces[5].w_select_reg[2]$_DFFE_PP_/Q	axi_crossbar_inst.axi_crossbar_wr_inst.m_ifaces[7].a_arb_inst.grant_encoded_reg[2]$_SDFFE_PP0P_/D
244	0.0893	mI_axi_bid[J]	axi_crossbar_inst.axi_crossbar_wr_inst.s_ifaces[I].reg_inst.genblkJ.genblkK.s_axi_bid_reg[L]	m03_axi_bid[2]	axi_crossbar_inst.axi_crossbar_wr_inst.s_ifaces[0].reg_inst.genblk3.genblk1.s_axi_bid_reg[2]$_DFFE_PP_/D
245	0.0895	axi_crossbar_inst.axi_crossbar_wr_inst.s_ifaces[I].addr_inst.m_select_reg[J]	axi_crossbar_inst.axi_crossbar_wr_inst.s_ifaces[I].addr_inst.thread_id_reg[J][K]	axi_crossbar_inst.axi_crossbar_wr_inst.s_ifaces[7].addr_inst.m_select_reg[2]$_DFF_P_/Q	axi_crossbar_inst.axi_crossbar_wr_inst.s_ifaces[7].addr_inst.thread_id_reg[1][0]$_DFFE_PP_/D
246	0.0895	axi_crossbar_inst.axi_crossbar_wr_inst.s_ifaces[I].addr_inst.m_select_reg[J]	axi_crossbar_inst.axi_crossbar_wr_inst.s_ifaces[I].addr_inst.thread_m_reg[J][K]	axi_crossbar_inst.axi_crossbar_wr_inst.s_ifaces[7].addr_inst.m_select_reg[2]$_DFF_P_/Q	axi_crossbar_inst.axi_crossbar_wr_inst.s_ifaces[7].addr_inst.thread_m_reg[1][0]$_DFFE_PP_/D
247	0.0897	rst	axi_crossbar_inst.axi_crossbar_wr_inst.m_ifaces[I].w_select_valid_reg	rst	axi_crossbar_inst.axi_crossbar_wr_inst.m_ifaces[1].w_select_valid_reg$_SDFF_PP0_/D
248	0.0897	rst	axi_crossbar_inst.axi_crossbar_wr_inst.m_ifaces[I].a_arb_inst.mask_reg[J]	rst	axi_crossbar_inst.axi_crossbar_wr_inst.m_ifaces[6].a_arb_inst.mask_reg[7]$_SDFFE_PP0P_/D
249	0.0897	rst	axi_crossbar_inst.axi_crossbar_wr_inst.s_ifaces[I].w_select_valid_reg	rst	axi_crossbar_inst.axi_crossbar_wr_inst.s_ifaces[1].w_select_valid_reg$_SDFF_PP0_/D
250	0.0897	rst	axi_crossbar_inst.axi_crossbar_wr_inst.s_ifaces[I].reg_inst.genblkJ.genblkK.s_axi_bvalid_reg	rst	axi_crossbar_inst.axi_crossbar_wr_inst.s_ifaces[5].reg_inst.genblk3.genblk1.s_axi_bvalid_reg$_SDFF_PP0_/D
251	0.0904	mI_axi_rlast	axi_crossbar_inst.axi_crossbar_rd_inst.m_ifaces[I].a_arb_inst.grant_encoded_reg[J]	m06_axi_rlast	axi_crossbar_inst.axi_crossbar_rd_inst.m_ifaces[6].a_arb_inst.grant_encoded_reg[2]$_SDFFE_PP0P_/D
252	0.0937	rst	axi_crossbar_inst.axi_crossbar_rd_inst.m_ifaces[I].a_arb_inst.grant_encoded_reg[J]	rst	axi_crossbar_inst.axi_crossbar_rd_inst.m_ifaces[0].a_arb_inst.grant_encoded_reg[0]$_SDFFE_PP0P_/D
253	0.0937	rst	axi_crossbar_inst.axi_crossbar_rd_inst.m_ifaces[I].a_arb_inst.grant_reg[J]	rst	axi_crossbar_inst.axi_crossbar_rd_inst.m_ifaces[1].a_arb_inst.grant_reg[0]$_SDFFE_PP0P_/D
254	0.0937	rst	axi_crossbar_inst.axi_crossbar_rd_inst.m_ifaces[I].a_arb_inst.mask_reg[J]	rst	axi_crossbar_inst.axi_crossbar_rd_inst.m_ifaces[6].a_arb_inst.mask_reg[3]$_SDFFE_PP0P_/D
255	0.0937	rst	axi_crossbar_inst.axi_crossbar_rd_inst.s_ifaces[I].r_arb_inst.grant_reg[J]	rst	axi_crossbar_inst.axi_crossbar_rd_inst.s_ifaces[7].r_arb_inst.grant_reg[0]$_SDFFE_PP0P_/D
256	0.0937	rst	axi_crossbar_inst.axi_crossbar_wr_inst.s_ifaces[I].b_arb_inst.grant_reg[J]	rst	axi_crossbar_inst.axi_crossbar_wr_inst.s_ifaces[2].b_arb_inst.grant_reg[0]$_SDFFE_PP0P_/D
257	0.0937	rst	axi_crossbar_inst.axi_crossbar_wr_inst.s_ifaces[I].b_arb_inst.grant_encoded_reg[J]	rst	axi_crossbar_inst.axi_crossbar_wr_inst.s_ifaces[7].b_arb_inst.grant_encoded_reg[0]$_SDFFE_PP0P_/D
258	0.0945	axi_crossbar_inst.axi_crossbar_rd_inst.s_ifaces[I].addr_inst.m_select_reg[J]	axi_crossbar_inst.axi_crossbar_rd_inst.m_ifaces[I].a_arb_inst.grant_encoded_reg[J]	axi_crossbar_inst.axi_crossbar_rd_inst.s_ifaces[3].addr_inst.m_select_reg[1]$_DFF_P_/Q	axi_crossbar_inst.axi_crossbar_rd_inst.m_ifaces[6].a_arb_inst.grant_encoded_reg[2]$_SDFFE_PP0P_/D
259	0.0946	rst	axi_crossbar_inst.axi_crossbar_rd_inst.s_ifaces[I].addr_inst.thread_count_reg[J][K]	rst	axi_crossbar_inst.axi_crossbar_rd_inst.s_ifaces[5].addr_inst.thread_count_reg[1][3]$_SDFFE_PP0P_/D
260	0.0946	rst	axi_crossbar_inst.axi_crossbar_wr_inst.m_ifaces[I].a_arb_inst.grant_reg[J]	rst	axi_crossbar_inst.axi_crossbar_wr_inst.m_ifaces[1].a_arb_inst.grant_reg[0]$_SDFFE_PP0P_/D
261	0.0947	axi_crossbar_inst.axi_crossbar_rd_inst.s_ifaces[I].decerr_m_axi_rvalid_reg	axi_crossbar_inst.axi_crossbar_rd_inst.s_ifaces[I].r_arb_inst.mask_reg[J]	axi_crossbar_inst.axi_crossbar_rd_inst.s_ifaces[2].decerr_m_axi_rvalid_reg$_SDFF_PP0_/Q	axi_crossbar_inst.axi_crossbar_rd_inst.s_ifaces[2].r_arb_inst.mask_reg[0]$_SDFFE_PP0P_/D
262	0.0948	axi_crossbar_inst.axi_crossbar_wr_inst.s_ifaces[I].w_select_valid_reg	axi_crossbar_inst.axi_crossbar_wr_inst.m_ifaces[I].a_arb_inst.grant_encoded_reg[J]	axi_crossbar_inst.axi_crossbar_wr_inst.s_ifaces[6].w_select_valid_reg$_SDFF_PP0_/Q	axi_crossbar_inst.axi_crossbar_wr_inst.m_ifaces[7].a_arb_inst.grant_encoded_reg[2]$_SDFFE_PP0P_/D
263	0.0950	rst	axi_crossbar_inst.axi_crossbar_rd_inst.s_ifaces[I].addr_inst.s_axi_aready_reg	rst	axi_crossbar_inst.axi_crossbar_rd_inst.s_ifaces[0].addr_inst.s_axi_aready_reg$_SDFF_PP0_/D
264	0.0957	axi_crossbar_inst.axi_crossbar_rd_inst.s_ifaces[I].addr_inst.m_axi_avalid_reg	axi_crossbar_inst.axi_crossbar_rd_inst.m_ifaces[I].a_arb_inst.grant_encoded_reg[J]	axi_crossbar_inst.axi_crossbar_rd_inst.s_ifaces[2].addr_inst.m_axi_avalid_reg$_SDFF_PP0_/Q	axi_crossbar_inst.axi_crossbar_rd_inst.m_ifaces[6].a_arb_inst.grant_encoded_reg[2]$_SDFFE_PP0P_/D
265	0.0964	rst	axi_crossbar_inst.axi_crossbar_wr_inst.m_ifaces[I].w_select_new_reg	rst	axi_crossbar_inst.axi_crossbar_wr_inst.m_ifaces[5].w_select_new_reg$_SDFF_PP1_/D
266	0.0973	rst	axi_crossbar_inst.axi_crossbar_rd_inst.s_ifaces[I].r_arb_inst.grant_encoded_reg[J]	rst	axi_crossbar_inst.axi_crossbar_rd_inst.s_ifaces[0].r_arb_inst.grant_encoded_reg[0]$_SDFFE_PP0P_/D
267	0.0974	axi_crossbar_inst.axi_crossbar_rd_inst.s_ifaces[I].addr_inst.m_decerr_reg	axi_crossbar_inst.axi_crossbar_rd_inst.s_ifaces[I].addr_inst.thread_count_reg[J][K]	axi_crossbar_inst.axi_crossbar_rd_inst.s_ifaces[4].addr_inst.m_decerr_reg$_DFFE_PP_/Q	axi_crossbar_inst.axi_crossbar_rd_inst.s_ifaces[4].addr_inst.thread_count_reg[0][4]$_SDFFE_PP0P_/D
268	0.0976	rst	axi_crossbar_inst.axi_crossbar_rd_inst.s_ifaces[I].r_arb_inst.grant_valid_reg	rst	axi_crossbar_inst.axi_crossbar_rd_inst.s_ifaces[0].r_arb_inst.grant_valid_reg$_SDFFE_PP0P_/D
269	0.0985	axi_crossbar_inst.axi_crossbar_rd_inst.s_ifaces[I].r_arb_inst.grant_encoded_reg[J]	axi_crossbar_inst.axi_crossbar_rd_inst.s_ifaces[I].addr_inst.m_axi_avalid_reg	axi_crossbar_inst.axi_crossbar_rd_inst.s_ifaces[7].r_arb_inst.grant_encoded_reg[1]$_SDFFE_PP0P_/Q	axi_crossbar_inst.axi_crossbar_rd_inst.s_ifaces[7].addr_inst.m_axi_avalid_reg$_SDFF_PP0_/D
270	0.0991	axi_crossbar_inst.axi_crossbar_wr_inst.s_ifaces[I].addr_inst.m_select_reg[J]	axi_crossbar_inst.axi_crossbar_wr_inst.m_ifaces[I].a_arb_inst.grant_encoded_reg[J]	axi_crossbar_inst.axi_crossbar_wr_inst.s_ifaces[7].addr_inst.m_select_reg[1]$_DFF_P_/Q	axi_crossbar_inst.axi_crossbar_wr_inst.m_ifaces[4].a_arb_inst.grant_encoded_reg[0]$_SDFFE_PP0P_/D
271	0.0996	sI_axi_rready	axi_crossbar_inst.axi_crossbar_rd_inst.s_ifaces[I].reg_inst.genblkJ.temp_s_axi_rdata_reg[K]	s01_axi_rready	axi_crossbar_inst.axi_crossbar_rd_inst.s_ifaces[1].reg_inst.genblk2.temp_s_axi_rdata_reg[0]$_DFFE_PP_/D
272	0.0996	sI_axi_rready	axi_crossbar_inst.axi_crossbar_rd_inst.s_ifaces[I].reg_inst.genblkJ.temp_s_axi_rid_reg[K]	s01_axi_rready	axi_crossbar_inst.axi_crossbar_rd_inst.s_ifaces[1].reg_inst.genblk2.temp_s_axi_rid_reg[4]$_DFFE_PP_/D
273	0.0997	rst	axi_crossbar_inst.axi_crossbar_wr_inst.m_ifaces[I].a_arb_inst.grant_encoded_reg[J]	rst	axi_crossbar_inst.axi_crossbar_wr_inst.m_ifaces[3].a_arb_inst.grant_encoded_reg[0]$_SDFFE_PP0P_/D
274	0.0997	rst	axi_crossbar_inst.axi_crossbar_wr_inst.s_ifaces[I].addr_inst.m_rc_valid_reg	rst	axi_crossbar_inst.axi_crossbar_wr_inst.s_ifaces[0].addr_inst.m_rc_valid_reg$_SDFF_PP0_/D
275	0.0997	rst	axi_crossbar_inst.axi_crossbar_wr_inst.s_ifaces[I].addr_inst.m_wc_valid_reg	rst	axi_crossbar_inst.axi_crossbar_wr_inst.s_ifaces[0].addr_inst.m_wc_valid_reg$_SDFF_PP0_/D
276	0.1007	rst	axi_crossbar_inst.axi_crossbar_rd_inst.m_ifaces[I].trans_count_reg[J]	rst	axi_crossbar_inst.axi_crossbar_rd_inst.m_ifaces[0].trans_count_reg[2]$_SDFFE_PP0P_/D
277	0.1007	rst	axi_crossbar_inst.axi_crossbar_rd_inst.s_ifaces[I].addr_inst.m_rc_valid_reg	rst	axi_crossbar_inst.axi_crossbar_rd_inst.s_ifaces[0].addr_inst.m_rc_valid_reg$_SDFF_PP0_/D
278	0.1007	rst	axi_crossbar_inst.axi_crossbar_rd_inst.s_ifaces[I].addr_inst.trans_count_reg[J]	rst	axi_crossbar_inst.axi_crossbar_rd_inst.s_ifaces[0].addr_inst.trans_count_reg[4]$_SDFFE_PP0P_/D
279	0.1007	rst	axi_crossbar_inst.axi_crossbar_rd_inst.s_ifaces[I].reg_inst.genblkJ.m_axi_rready_reg	rst	axi_crossbar_inst.axi_crossbar_rd_inst.s_ifaces[1].reg_inst.genblk2.m_axi_rready_reg$_SDFF_PP0_/D
280	0.1007	rst	axi_crossbar_inst.axi_crossbar_wr_inst.m_ifaces[I].reg_inst.genblkJ.s_axi_wready_reg	rst	axi_crossbar_inst.axi_crossbar_wr_inst.m_ifaces[0].reg_inst.genblk2.s_axi_wready_reg$_SDFF_PP0_/D
281	0.1007	rst	axi_crossbar_inst.axi_crossbar_wr_inst.m_ifaces[I].reg_inst.genblkJ.temp_m_axi_wvalid_reg	rst	axi_crossbar_inst.axi_crossbar_wr_inst.m_ifaces[0].reg_inst.genblk2.temp_m_axi_wvalid_reg$_SDFFE_PP0P_/D
282	0.1007	rst	axi_crossbar_inst.axi_crossbar_wr_inst.m_ifaces[I].a_arb_inst.grant_valid_reg	rst	axi_crossbar_inst.axi_crossbar_wr_inst.m_ifaces[1].a_arb_inst.grant_valid_reg$_SDFFE_PP0P_/D
283	0.1007	rst	axi_crossbar_inst.axi_crossbar_wr_inst.m_ifaces[I].reg_inst.genblkJ.genblkK.m_axi_awvalid_reg	rst	axi_crossbar_inst.axi_crossbar_wr_inst.m_ifaces[1].reg_inst.genblk1.genblk1.m_axi_awvalid_reg$_SDFF_PP0_/D
284	0.1007	rst	axi_crossbar_inst.axi_crossbar_wr_inst.m_ifaces[I].reg_inst.genblkJ.genblkK.s_axi_awready_reg	rst	axi_crossbar_inst.axi_crossbar_wr_inst.m_ifaces[2].reg_inst.genblk1.genblk1.s_axi_awready_reg$_SDFF_PP0_/D
285	0.1007	rst	axi_crossbar_inst.axi_crossbar_wr_inst.s_ifaces[I].addr_inst.thread_count_reg[J][K]	rst	axi_crossbar_inst.axi_crossbar_wr_inst.s_ifaces[0].addr_inst.thread_count_reg[0][4]$_SDFFE_PP0P_/D
286	0.1007	rst	axi_crossbar_inst.axi_crossbar_wr_inst.s_ifaces[I].addr_inst.trans_count_reg[J]	rst	axi_crossbar_inst.axi_crossbar_wr_inst.s_ifaces[0].addr_inst.trans_count_reg[4]$_SDFFE_PP0P_/D
287	0.1007	rst	axi_crossbar_inst.axi_crossbar_wr_inst.s_ifaces[I].decerr_m_axi_bvalid_reg	rst	axi_crossbar_inst.axi_crossbar_wr_inst.s_ifaces[4].decerr_m_axi_bvalid_reg$_SDFF_PP0_/D
288	0.1015	axi_crossbar_inst.axi_crossbar_wr_inst.s_ifaces[I].addr_inst.m_axi_avalid_reg	axi_crossbar_inst.axi_crossbar_wr_inst.m_ifaces[I].a_arb_inst.grant_encoded_reg[J]	axi_crossbar_inst.axi_crossbar_wr_inst.s_ifaces[5].addr_inst.m_axi_avalid_reg$_SDFF_PP0_/Q	axi_crossbar_inst.axi_crossbar_wr_inst.m_ifaces[4].a_arb_inst.grant_encoded_reg[0]$_SDFFE_PP0P_/D
289	0.1017	axi_crossbar_inst.axi_crossbar_wr_inst.m_ifaces[I].w_select_reg[J]	axi_crossbar_inst.axi_crossbar_wr_inst.m_ifaces[I].reg_inst.genblkJ.temp_m_axi_wdata_reg[K]	axi_crossbar_inst.axi_crossbar_wr_inst.m_ifaces[0].w_select_reg[0]$_DFFE_PP_/Q	axi_crossbar_inst.axi_crossbar_wr_inst.m_ifaces[0].reg_inst.genblk2.temp_m_axi_wdata_reg[29]$_DFFE_PP_/D
290	0.1017	axi_crossbar_inst.axi_crossbar_wr_inst.m_ifaces[I].w_select_reg[J]	axi_crossbar_inst.axi_crossbar_wr_inst.m_ifaces[I].reg_inst.genblkJ.temp_m_axi_wstrb_reg[K]	axi_crossbar_inst.axi_crossbar_wr_inst.m_ifaces[0].w_select_reg[0]$_DFFE_PP_/Q	axi_crossbar_inst.axi_crossbar_wr_inst.m_ifaces[0].reg_inst.genblk2.temp_m_axi_wstrb_reg[0]$_DFFE_PP_/D
291	0.1019	rst	axi_crossbar_inst.axi_crossbar_wr_inst.s_ifaces[I].b_arb_inst.grant_valid_reg	rst	axi_crossbar_inst.axi_crossbar_wr_inst.s_ifaces[1].b_arb_inst.grant_valid_reg$_SDFFE_PP0P_/D
292	0.1025	axi_crossbar_inst.axi_crossbar_wr_inst.s_ifaces[I].b_arb_inst.grant_encoded_reg[J]	axi_crossbar_inst.axi_crossbar_wr_inst.s_ifaces[I].reg_inst.genblkJ.genblkK.s_axi_bresp_reg[L]	axi_crossbar_inst.axi_crossbar_wr_inst.s_ifaces[1].b_arb_inst.grant_encoded_reg[1]$_SDFFE_PP0P_/Q	axi_crossbar_inst.axi_crossbar_wr_inst.s_ifaces[1].reg_inst.genblk3.genblk1.s_axi_bresp_reg[0]$_DFFE_PP_/D
293	0.1025	rst	axi_crossbar_inst.axi_crossbar_rd_inst.m_ifaces[I].reg_inst.genblkJ.genblkK.s_axi_arready_reg	rst	axi_crossbar_inst.axi_crossbar_rd_inst.m_ifaces[0].reg_inst.genblk1.genblk1.s_axi_arready_reg$_SDFF_PP0_/D
294	0.1028	axi_crossbar_inst.axi_crossbar_wr_inst.m_ifaces[I].w_select_reg[J]	axi_crossbar_inst.axi_crossbar_wr_inst.m_ifaces[I].a_arb_inst.grant_encoded_reg[J]	axi_crossbar_inst.axi_crossbar_wr_inst.m_ifaces[1].w_select_reg[1]$_DFFE_PP_/Q	axi_crossbar_inst.axi_crossbar_wr_inst.m_ifaces[1].a_arb_inst.grant_encoded_reg[1]$_SDFFE_PP0P_/D
295	0.1029	axi_crossbar_inst.axi_crossbar_rd_inst.s_ifaces[I].r_arb_inst.grant_encoded_reg[J]	axi_crossbar_inst.axi_crossbar_rd_inst.s_ifaces[I].r_arb_inst.grant_valid_reg	axi_crossbar_inst.axi_crossbar_rd_inst.s_ifaces[3].r_arb_inst.grant_encoded_reg[1]$_SDFFE_PP0P_/Q	axi_crossbar_inst.axi_crossbar_rd_inst.s_ifaces[3].r_arb_inst.grant_valid_reg$_SDFFE_PP0P_/D
296	0.1030	axi_crossbar_inst.axi_crossbar_rd_inst.s_ifaces[I].r_arb_inst.grant_encoded_reg[J]	axi_crossbar_inst.axi_crossbar_rd_inst.s_ifaces[I].reg_inst.genblkJ.s_axi_rdata_reg[K]	axi_crossbar_inst.axi_crossbar_rd_inst.s_ifaces[1].r_arb_inst.grant_encoded_reg[1]$_SDFFE_PP0P_/Q	axi_crossbar_inst.axi_crossbar_rd_inst.s_ifaces[1].reg_inst.genblk2.s_axi_rdata_reg[22]$_DFFE_PP_/D
297	0.1035	rst	axi_crossbar_inst.axi_crossbar_rd_inst.s_ifaces[I].addr_inst.state_reg[J]	rst	axi_crossbar_inst.axi_crossbar_rd_inst.s_ifaces[6].addr_inst.state_reg[1]$_SDFF_PP0_/D
298	0.1035	rst	axi_crossbar_inst.axi_crossbar_rd_inst.m_ifaces[I].a_arb_inst.grant_valid_reg	rst	axi_crossbar_inst.axi_crossbar_rd_inst.m_ifaces[1].a_arb_inst.grant_valid_reg$_SDFFE_PP0P_/D
299	0.1035	rst	axi_crossbar_inst.axi_crossbar_rd_inst.m_ifaces[I].reg_inst.genblkJ.genblkK.m_axi_arvalid_reg	rst	axi_crossbar_inst.axi_crossbar_rd_inst.m_ifaces[1].reg_inst.genblk1.genblk1.m_axi_arvalid_reg$_SDFF_PP0_/D
300	0.1035	rst	axi_crossbar_inst.axi_crossbar_rd_inst.s_ifaces[I].reg_inst.genblkJ.temp_s_axi_rvalid_reg	rst	axi_crossbar_inst.axi_crossbar_rd_inst.s_ifaces[1].reg_inst.genblk2.temp_s_axi_rvalid_reg$_SDFFE_PP0P_/D
301	0.1035	axi_crossbar_inst.axi_crossbar_rd_inst.s_ifaces[I].r_arb_inst.grant_encoded_reg[J]	axi_crossbar_inst.axi_crossbar_rd_inst.s_ifaces[I].addr_inst.m_rc_valid_reg	axi_crossbar_inst.axi_crossbar_rd_inst.s_ifaces[7].r_arb_inst.grant_encoded_reg[1]$_SDFFE_PP0P_/Q	axi_crossbar_inst.axi_crossbar_rd_inst.s_ifaces[7].addr_inst.m_rc_valid_reg$_SDFF_PP0_/D
302	0.1047	axi_crossbar_inst.axi_crossbar_wr_inst.s_ifaces[I].addr_inst.m_decerr_reg	axi_crossbar_inst.axi_crossbar_wr_inst.s_ifaces[I].addr_inst.thread_count_reg[J][K]	axi_crossbar_inst.axi_crossbar_wr_inst.s_ifaces[1].addr_inst.m_decerr_reg$_DFFE_PP_/Q	axi_crossbar_inst.axi_crossbar_wr_inst.s_ifaces[1].addr_inst.thread_count_reg[1][4]$_SDFFE_PP0P_/D
303	0.1056	axi_crossbar_inst.axi_crossbar_wr_inst.m_ifaces[I].trans_count_reg[J]	axi_crossbar_inst.axi_crossbar_wr_inst.m_ifaces[I].a_arb_inst.mask_reg[J]	axi_crossbar_inst.axi_crossbar_wr_inst.m_ifaces[6].trans_count_reg[2]$_SDFFE_PP0P_/Q	axi_crossbar_inst.axi_crossbar_wr_inst.m_ifaces[6].a_arb_inst.mask_reg[0]$_SDFFE_PP0P_/D
304	0.1065	sI_axi_wlast	axi_crossbar_inst.axi_crossbar_wr_inst.m_ifaces[I].reg_inst.genblkJ.temp_m_axi_wlast_reg	s03_axi_wlast	axi_crossbar_inst.axi_crossbar_wr_inst.m_ifaces[1].reg_inst.genblk2.temp_m_axi_wlast_reg$_DFFE_PP_/D
305	0.1074	rst	axi_crossbar_inst.axi_crossbar_wr_inst.m_ifaces[I].trans_count_reg[J]	rst	axi_crossbar_inst.axi_crossbar_wr_inst.m_ifaces[0].trans_count_reg[1]$_SDFFE_PP0P_/D
306	0.1078	axi_crossbar_inst.axi_crossbar_rd_inst.s_ifaces[I].addr_inst.m_select_reg[J]	axi_crossbar_inst.axi_crossbar_rd_inst.s_ifaces[I].addr_inst.thread_id_reg[J][K]	axi_crossbar_inst.axi_crossbar_rd_inst.s_ifaces[5].addr_inst.m_select_reg[1]$_DFF_P_/Q	axi_crossbar_inst.axi_crossbar_rd_inst.s_ifaces[5].addr_inst.thread_id_reg[1][0]$_DFFE_PP_/D
307	0.1078	axi_crossbar_inst.axi_crossbar_rd_inst.s_ifaces[I].addr_inst.m_select_reg[J]	axi_crossbar_inst.axi_crossbar_rd_inst.s_ifaces[I].addr_inst.thread_m_reg[J][K]	axi_crossbar_inst.axi_crossbar_rd_inst.s_ifaces[5].addr_inst.m_select_reg[1]$_DFF_P_/Q	axi_crossbar_inst.axi_crossbar_rd_inst.s_ifaces[5].addr_inst.thread_m_reg[1][0]$_DFFE_PP_/D
308	0.1081	mI_axi_rresp[J]	axi_crossbar_inst.axi_crossbar_rd_inst.s_ifaces[I].reg_inst.genblkJ.temp_s_axi_rresp_reg[K]	m03_axi_rresp[0]	axi_crossbar_inst.axi_crossbar_rd_inst.s_ifaces[0].reg_inst.genblk2.temp_s_axi_rresp_reg[0]$_DFFE_PP_/D
309	0.1092	sI_axi_araddr[J]	axi_crossbar_inst.axi_crossbar_rd_inst.s_ifaces[I].addr_inst.m_decerr_reg	s00_axi_araddr[28]	axi_crossbar_inst.axi_crossbar_rd_inst.s_ifaces[0].addr_inst.m_decerr_reg$_DFFE_PP_/D
310	0.1092	sI_axi_awaddr[J]	axi_crossbar_inst.axi_crossbar_wr_inst.s_ifaces[I].addr_inst.m_decerr_reg	s00_axi_awaddr[30]	axi_crossbar_inst.axi_crossbar_wr_inst.s_ifaces[0].addr_inst.m_decerr_reg$_DFFE_PP_/D
311	0.1101	axi_crossbar_inst.axi_crossbar_wr_inst.s_ifaces[I].reg_inst.genblkJ.genblkK.m_axi_bready_reg	axi_crossbar_inst.axi_crossbar_wr_inst.m_ifaces[I].a_arb_inst.grant_encoded_reg[J]	axi_crossbar_inst.axi_crossbar_wr_inst.s_ifaces[0].reg_inst.genblk3.genblk1.m_axi_bready_reg$_SDFF_PP0_/Q	axi_crossbar_inst.axi_crossbar_wr_inst.m_ifaces[1].a_arb_inst.grant_encoded_reg[1]$_SDFFE_PP0P_/D
312	0.1103	axi_crossbar_inst.axi_crossbar_rd_inst.s_ifaces[I].addr_inst.thread_id_reg[J][K]	axi_crossbar_inst.axi_crossbar_rd_inst.s_ifaces[I].addr_inst.thread_id_reg[J][K]	axi_crossbar_inst.axi_crossbar_rd_inst.s_ifaces[4].addr_inst.thread_id_reg[1][5]$_DFFE_PP_/Q	axi_crossbar_inst.axi_crossbar_rd_inst.s_ifaces[4].addr_inst.thread_id_reg[1][0]$_DFFE_PP_/D
313	0.1103	axi_crossbar_inst.axi_crossbar_rd_inst.s_ifaces[I].addr_inst.thread_id_reg[J][K]	axi_crossbar_inst.axi_crossbar_rd_inst.s_ifaces[I].addr_inst.thread_m_reg[J][K]	axi_crossbar_inst.axi_crossbar_rd_inst.s_ifaces[4].addr_inst.thread_id_reg[1][5]$_DFFE_PP_/Q	axi_crossbar_inst.axi_crossbar_rd_inst.s_ifaces[4].addr_inst.thread_m_reg[1][0]$_DFFE_PP_/D
314	0.1125	rst	axi_crossbar_inst.axi_crossbar_wr_inst.s_ifaces[I].reg_inst.genblkJ.genblkK.m_axi_bready_reg	rst	axi_crossbar_inst.axi_crossbar_wr_inst.s_ifaces[0].reg_inst.genblk3.genblk1.m_axi_bready_reg$_SDFF_PP0_/D
315	0.1129	rst	axi_crossbar_inst.axi_crossbar_rd_inst.s_ifaces[I].decerr_m_axi_rvalid_reg	rst	axi_crossbar_inst.axi_crossbar_rd_inst.s_ifaces[4].decerr_m_axi_rvalid_reg$_SDFF_PP0_/D
316	0.1129	rst	axi_crossbar_inst.axi_crossbar_wr_inst.s_ifaces[I].addr_inst.s_axi_aready_reg	rst	axi_crossbar_inst.axi_crossbar_wr_inst.s_ifaces[0].addr_inst.s_axi_aready_reg$_SDFF_PP0_/D
317	0.1167	sI_axi_arlen[J]	axi_crossbar_inst.axi_crossbar_rd_inst.m_ifaces[I].reg_inst.genblkJ.genblkK.m_axi_arlen_reg[L]	s03_axi_arlen[1]	axi_crossbar_inst.axi_crossbar_rd_inst.m_ifaces[0].reg_inst.genblk1.genblk1.m_axi_arlen_reg[1]$_DFFE_PP_/D
318	0.1169	sI_axi_wdata[J]	axi_crossbar_inst.axi_crossbar_wr_inst.m_ifaces[I].reg_inst.genblkJ.temp_m_axi_wdata_reg[K]	s03_axi_wdata[10]	axi_crossbar_inst.axi_crossbar_wr_inst.m_ifaces[3].reg_inst.genblk2.temp_m_axi_wdata_reg[10]$_DFFE_PP_/D
319	0.1170	sI_axi_wstrb[J]	axi_crossbar_inst.axi_crossbar_wr_inst.m_ifaces[I].reg_inst.genblkJ.temp_m_axi_wstrb_reg[K]	s03_axi_wstrb[0]	axi_crossbar_inst.axi_crossbar_wr_inst.m_ifaces[0].reg_inst.genblk2.temp_m_axi_wstrb_reg[0]$_DFFE_PP_/D
320	0.1175	mI_axi_bresp[J]	axi_crossbar_inst.axi_crossbar_wr_inst.s_ifaces[I].reg_inst.genblkJ.genblkK.s_axi_bresp_reg[L]	m05_axi_bresp[0]	axi_crossbar_inst.axi_crossbar_wr_inst.s_ifaces[6].reg_inst.genblk3.genblk1.s_axi_bresp_reg[0]$_DFFE_PP_/D
321	0.1177	mI_axi_wready	axi_crossbar_inst.axi_crossbar_wr_inst.m_ifaces[I].reg_inst.genblkJ.m_axi_wdata_reg[K]	m00_axi_wready	axi_crossbar_inst.axi_crossbar_wr_inst.m_ifaces[0].reg_inst.genblk2.m_axi_wdata_reg[10]$_DFFE_PP_/D
322	0.1177	mI_axi_wready	axi_crossbar_inst.axi_crossbar_wr_inst.m_ifaces[I].reg_inst.genblkJ.m_axi_wstrb_reg[K]	m00_axi_wready	axi_crossbar_inst.axi_crossbar_wr_inst.m_ifaces[0].reg_inst.genblk2.m_axi_wstrb_reg[0]$_DFFE_PP_/D
323	0.1178	axi_crossbar_inst.axi_crossbar_rd_inst.s_ifaces[I].r_arb_inst.grant_encoded_reg[J]	axi_crossbar_inst.axi_crossbar_rd_inst.s_ifaces[I].reg_inst.genblkJ.temp_s_axi_rid_reg[K]	axi_crossbar_inst.axi_crossbar_rd_inst.s_ifaces[0].r_arb_inst.grant_encoded_reg[2]$_SDFFE_PP0P_/Q	axi_crossbar_inst.axi_crossbar_rd_inst.s_ifaces[0].reg_inst.genblk2.temp_s_axi_rid_reg[3]$_DFFE_PP_/D
324	0.1185	axi_crossbar_inst.axi_crossbar_rd_inst.s_ifaces[I].r_arb_inst.grant_encoded_reg[J]	axi_crossbar_inst.axi_crossbar_rd_inst.m_ifaces[I].a_arb_inst.grant_encoded_reg[J]	axi_crossbar_inst.axi_crossbar_rd_inst.s_ifaces[0].r_arb_inst.grant_encoded_reg[0]$_SDFFE_PP0P_/Q	axi_crossbar_inst.axi_crossbar_rd_inst.m_ifaces[7].a_arb_inst.grant_encoded_reg[0]$_SDFFE_PP0P_/D
325	0.1190	axi_crossbar_inst.axi_crossbar_wr_inst.m_ifaces[I].w_select_reg[J]	axi_crossbar_inst.axi_crossbar_wr_inst.s_ifaces[I].w_select_valid_reg	axi_crossbar_inst.axi_crossbar_wr_inst.m_ifaces[0].w_select_reg[0]$_DFFE_PP_/Q	axi_crossbar_inst.axi_crossbar_wr_inst.s_ifaces[1].w_select_valid_reg$_SDFF_PP0_/D
326	0.1191	sI_axi_araddr[J]	axi_crossbar_inst.axi_crossbar_rd_inst.m_ifaces[I].reg_inst.genblkJ.genblkK.m_axi_araddr_reg[L]	s03_axi_araddr[28]	axi_crossbar_inst.axi_crossbar_rd_inst.m_ifaces[4].reg_inst.genblk1.genblk1.m_axi_araddr_reg[28]$_DFFE_PP_/D
327	0.1194	sI_axi_awaddr[J]	axi_crossbar_inst.axi_crossbar_wr_inst.m_ifaces[I].reg_inst.genblkJ.genblkK.m_axi_awaddr_reg[L]	s07_axi_awaddr[28]	axi_crossbar_inst.axi_crossbar_wr_inst.m_ifaces[2].reg_inst.genblk1.genblk1.m_axi_awaddr_reg[28]$_DFFE_PP_/D
328	0.1195	mI_axi_wready	axi_crossbar_inst.axi_crossbar_wr_inst.m_ifaces[I].reg_inst.genblkJ.temp_m_axi_wdata_reg[K]	m01_axi_wready	axi_crossbar_inst.axi_crossbar_wr_inst.m_ifaces[1].reg_inst.genblk2.temp_m_axi_wdata_reg[10]$_DFFE_PP_/D
329	0.1201	axi_crossbar_inst.axi_crossbar_wr_inst.s_ifaces[I].b_arb_inst.grant_valid_reg	axi_crossbar_inst.axi_crossbar_wr_inst.m_ifaces[I].a_arb_inst.grant_encoded_reg[J]	axi_crossbar_inst.axi_crossbar_wr_inst.s_ifaces[5].b_arb_inst.grant_valid_reg$_SDFFE_PP0P_/Q	axi_crossbar_inst.axi_crossbar_wr_inst.m_ifaces[2].a_arb_inst.grant_encoded_reg[2]$_SDFFE_PP0P_/D
330	0.1208	mI_axi_wready	axi_crossbar_inst.axi_crossbar_wr_inst.m_ifaces[I].reg_inst.genblkJ.temp_m_axi_wstrb_reg[K]	m00_axi_wready	axi_crossbar_inst.axi_crossbar_wr_inst.m_ifaces[0].reg_inst.genblk2.temp_m_axi_wstrb_reg[0]$_DFFE_PP_/D
331	0.1218	sI_axi_arqos[J]	axi_crossbar_inst.axi_crossbar_rd_inst.m_ifaces[I].reg_inst.genblkJ.genblkK.m_axi_arqos_reg[L]	s07_axi_arqos[3]	axi_crossbar_inst.axi_crossbar_rd_inst.m_ifaces[7].reg_inst.genblk1.genblk1.m_axi_arqos_reg[3]$_DFFE_PP_/D
332	0.1218	sI_axi_awlen[J]	axi_crossbar_inst.axi_crossbar_wr_inst.m_ifaces[I].reg_inst.genblkJ.genblkK.m_axi_awlen_reg[L]	s07_axi_awlen[0]	axi_crossbar_inst.axi_crossbar_wr_inst.m_ifaces[2].reg_inst.genblk1.genblk1.m_axi_awlen_reg[0]$_DFFE_PP_/D
333	0.1218	sI_axi_awsize[J]	axi_crossbar_inst.axi_crossbar_wr_inst.m_ifaces[I].reg_inst.genblkJ.genblkK.m_axi_awsize_reg[L]	s07_axi_awsize[1]	axi_crossbar_inst.axi_crossbar_wr_inst.m_ifaces[2].reg_inst.genblk1.genblk1.m_axi_awsize_reg[1]$_DFFE_PP_/D
334	0.1219	sI_axi_arburst[J]	axi_crossbar_inst.axi_crossbar_rd_inst.m_ifaces[I].reg_inst.genblkJ.genblkK.m_axi_arburst_reg[L]	s07_axi_arburst[1]	axi_crossbar_inst.axi_crossbar_rd_inst.m_ifaces[7].reg_inst.genblk1.genblk1.m_axi_arburst_reg[1]$_DFFE_PP_/D
335	0.1219	sI_axi_arcache[J]	axi_crossbar_inst.axi_crossbar_rd_inst.m_ifaces[I].reg_inst.genblkJ.genblkK.m_axi_arcache_reg[L]	s07_axi_arcache[3]	axi_crossbar_inst.axi_crossbar_rd_inst.m_ifaces[7].reg_inst.genblk1.genblk1.m_axi_arcache_reg[3]$_DFFE_PP_/D
336	0.1219	sI_axi_arlock	axi_crossbar_inst.axi_crossbar_rd_inst.m_ifaces[I].reg_inst.genblkJ.genblkK.m_axi_arlock_reg	s07_axi_arlock	axi_crossbar_inst.axi_crossbar_rd_inst.m_ifaces[7].reg_inst.genblk1.genblk1.m_axi_arlock_reg$_DFFE_PP_/D
337	0.1219	sI_axi_arprot[J]	axi_crossbar_inst.axi_crossbar_rd_inst.m_ifaces[I].reg_inst.genblkJ.genblkK.m_axi_arprot_reg[L]	s07_axi_arprot[2]	axi_crossbar_inst.axi_crossbar_rd_inst.m_ifaces[7].reg_inst.genblk1.genblk1.m_axi_arprot_reg[2]$_DFFE_PP_/D
338	0.1219	sI_axi_arsize[J]	axi_crossbar_inst.axi_crossbar_rd_inst.m_ifaces[I].reg_inst.genblkJ.genblkK.m_axi_arsize_reg[L]	s07_axi_arsize[2]	axi_crossbar_inst.axi_crossbar_rd_inst.m_ifaces[7].reg_inst.genblk1.genblk1.m_axi_arsize_reg[2]$_DFFE_PP_/D
339	0.1219	sI_axi_awburst[J]	axi_crossbar_inst.axi_crossbar_wr_inst.m_ifaces[I].reg_inst.genblkJ.genblkK.m_axi_awburst_reg[L]	s03_axi_awburst[0]	axi_crossbar_inst.axi_crossbar_wr_inst.m_ifaces[5].reg_inst.genblk1.genblk1.m_axi_awburst_reg[0]$_DFFE_PP_/D
340	0.1219	sI_axi_awcache[J]	axi_crossbar_inst.axi_crossbar_wr_inst.m_ifaces[I].reg_inst.genblkJ.genblkK.m_axi_awcache_reg[L]	s03_axi_awcache[0]	axi_crossbar_inst.axi_crossbar_wr_inst.m_ifaces[5].reg_inst.genblk1.genblk1.m_axi_awcache_reg[0]$_DFFE_PP_/D
341	0.1219	sI_axi_awprot[J]	axi_crossbar_inst.axi_crossbar_wr_inst.m_ifaces[I].reg_inst.genblkJ.genblkK.m_axi_awprot_reg[L]	s03_axi_awprot[0]	axi_crossbar_inst.axi_crossbar_wr_inst.m_ifaces[5].reg_inst.genblk1.genblk1.m_axi_awprot_reg[0]$_DFFE_PP_/D
342	0.1219	sI_axi_awqos[J]	axi_crossbar_inst.axi_crossbar_wr_inst.m_ifaces[I].reg_inst.genblkJ.genblkK.m_axi_awqos_reg[L]	s03_axi_awqos[0]	axi_crossbar_inst.axi_crossbar_wr_inst.m_ifaces[5].reg_inst.genblk1.genblk1.m_axi_awqos_reg[0]$_DFFE_PP_/D
343	0.1220	sI_axi_awlock	axi_crossbar_inst.axi_crossbar_wr_inst.m_ifaces[I].reg_inst.genblkJ.genblkK.m_axi_awlock_reg	s03_axi_awlock	axi_crossbar_inst.axi_crossbar_wr_inst.m_ifaces[5].reg_inst.genblk1.genblk1.m_axi_awlock_reg$_DFFE_PP_/D
344	0.1230	axi_crossbar_inst.axi_crossbar_wr_inst.s_ifaces[I].w_drop_reg	axi_crossbar_inst.axi_crossbar_wr_inst.m_ifaces[I].a_arb_inst.grant_encoded_reg[J]	axi_crossbar_inst.axi_crossbar_wr_inst.s_ifaces[5].w_drop_reg$_DFF_P_/QN	axi_crossbar_inst.axi_crossbar_wr_inst.m_ifaces[7].a_arb_inst.grant_encoded_reg[2]$_SDFFE_PP0P_/D
345	0.1246	axi_crossbar_inst.axi_crossbar_wr_inst.s_ifaces[I].decerr_m_axi_bvalid_reg	axi_crossbar_inst.axi_crossbar_wr_inst.s_ifaces[I].b_arb_inst.grant_reg[J]	axi_crossbar_inst.axi_crossbar_wr_inst.s_ifaces[0].decerr_m_axi_bvalid_reg$_SDFF_PP0_/Q	axi_crossbar_inst.axi_crossbar_wr_inst.s_ifaces[0].b_arb_inst.grant_reg[7]$_SDFFE_PP0P_/D
346	0.1270	axi_crossbar_inst.axi_crossbar_rd_inst.m_ifaces[I].trans_count_reg[J]	axi_crossbar_inst.axi_crossbar_rd_inst.m_ifaces[I].a_arb_inst.mask_reg[J]	axi_crossbar_inst.axi_crossbar_rd_inst.m_ifaces[2].trans_count_reg[2]$_SDFFE_PP0P_/Q	axi_crossbar_inst.axi_crossbar_rd_inst.m_ifaces[2].a_arb_inst.mask_reg[4]$_SDFFE_PP0P_/D
347	0.1274	sI_axi_arlen[J]	axi_crossbar_inst.axi_crossbar_rd_inst.s_ifaces[I].decerr_m_axi_rlast_reg	s06_axi_arlen[0]	axi_crossbar_inst.axi_crossbar_rd_inst.s_ifaces[6].decerr_m_axi_rlast_reg$_DFFE_PP_/D
348	0.1275	axi_crossbar_inst.axi_crossbar_wr_inst.m_ifaces[I].a_arb_inst.grant_encoded_reg[J]	axi_crossbar_inst.axi_crossbar_wr_inst.m_ifaces[I].reg_inst.genblkJ.genblkK.m_axi_awaddr_reg[L]	axi_crossbar_inst.axi_crossbar_wr_inst.m_ifaces[7].a_arb_inst.grant_encoded_reg[1]$_SDFFE_PP0P_/Q	axi_crossbar_inst.axi_crossbar_wr_inst.m_ifaces[7].reg_inst.genblk1.genblk1.m_axi_awaddr_reg[12]$_DFFE_PP_/D
349	0.1276	axi_crossbar_inst.axi_crossbar_wr_inst.m_ifaces[I].a_arb_inst.grant_encoded_reg[J]	axi_crossbar_inst.axi_crossbar_wr_inst.m_ifaces[I].reg_inst.genblkJ.genblkK.m_axi_awid_reg[L]	axi_crossbar_inst.axi_crossbar_wr_inst.m_ifaces[7].a_arb_inst.grant_encoded_reg[1]$_SDFFE_PP0P_/Q	axi_crossbar_inst.axi_crossbar_wr_inst.m_ifaces[7].reg_inst.genblk1.genblk1.m_axi_awid_reg[0]$_DFFE_PP_/D
350	0.1290	rst	axi_crossbar_inst.axi_crossbar_wr_inst.s_ifaces[I].addr_inst.state_reg[J]	rst	axi_crossbar_inst.axi_crossbar_wr_inst.s_ifaces[0].addr_inst.state_reg[0]$_SDFF_PP0_/D
351	0.1290	axi_crossbar_inst.axi_crossbar_wr_inst.m_ifaces[I].a_arb_inst.grant_encoded_reg[J]	axi_crossbar_inst.axi_crossbar_wr_inst.m_ifaces[I].reg_inst.genblkJ.genblkK.m_axi_awburst_reg[L]	axi_crossbar_inst.axi_crossbar_wr_inst.m_ifaces[5].a_arb_inst.grant_encoded_reg[1]$_SDFFE_PP0P_/Q	axi_crossbar_inst.axi_crossbar_wr_inst.m_ifaces[5].reg_inst.genblk1.genblk1.m_axi_awburst_reg[0]$_DFFE_PP_/D
352	0.1290	axi_crossbar_inst.axi_crossbar_wr_inst.m_ifaces[I].a_arb_inst.grant_encoded_reg[J]	axi_crossbar_inst.axi_crossbar_wr_inst.m_ifaces[I].reg_inst.genblkJ.genblkK.m_axi_awcache_reg[L]	axi_crossbar_inst.axi_crossbar_wr_inst.m_ifaces[5].a_arb_inst.grant_encoded_reg[1]$_SDFFE_PP0P_/Q	axi_crossbar_inst.axi_crossbar_wr_inst.m_ifaces[5].reg_inst.genblk1.genblk1.m_axi_awcache_reg[0]$_DFFE_PP_/D
353	0.1290	axi_crossbar_inst.axi_crossbar_wr_inst.m_ifaces[I].a_arb_inst.grant_encoded_reg[J]	axi_crossbar_inst.axi_crossbar_wr_inst.m_ifaces[I].reg_inst.genblkJ.genblkK.m_axi_awsize_reg[L]	axi_crossbar_inst.axi_crossbar_wr_inst.m_ifaces[5].a_arb_inst.grant_encoded_reg[1]$_SDFFE_PP0P_/Q	axi_crossbar_inst.axi_crossbar_wr_inst.m_ifaces[5].reg_inst.genblk1.genblk1.m_axi_awsize_reg[1]$_DFFE_PP_/D
354	0.1290	axi_crossbar_inst.axi_crossbar_wr_inst.m_ifaces[I].a_arb_inst.grant_encoded_reg[J]	axi_crossbar_inst.axi_crossbar_wr_inst.m_ifaces[I].reg_inst.genblkJ.genblkK.m_axi_awlen_reg[L]	axi_crossbar_inst.axi_crossbar_wr_inst.m_ifaces[5].a_arb_inst.grant_encoded_reg[1]$_SDFFE_PP0P_/Q	axi_crossbar_inst.axi_crossbar_wr_inst.m_ifaces[5].reg_inst.genblk1.genblk1.m_axi_awlen_reg[2]$_DFFE_PP_/D
355	0.1296	axi_crossbar_inst.axi_crossbar_rd_inst.m_ifaces[I].a_arb_inst.grant_encoded_reg[J]	axi_crossbar_inst.axi_crossbar_rd_inst.m_ifaces[I].reg_inst.genblkJ.genblkK.m_axi_arburst_reg[L]	axi_crossbar_inst.axi_crossbar_rd_inst.m_ifaces[1].a_arb_inst.grant_encoded_reg[1]$_SDFFE_PP0P_/Q	axi_crossbar_inst.axi_crossbar_rd_inst.m_ifaces[1].reg_inst.genblk1.genblk1.m_axi_arburst_reg[0]$_DFFE_PP_/D
356	0.1296	axi_crossbar_inst.axi_crossbar_rd_inst.m_ifaces[I].a_arb_inst.grant_encoded_reg[J]	axi_crossbar_inst.axi_crossbar_rd_inst.m_ifaces[I].reg_inst.genblkJ.genblkK.m_axi_arsize_reg[L]	axi_crossbar_inst.axi_crossbar_rd_inst.m_ifaces[1].a_arb_inst.grant_encoded_reg[1]$_SDFFE_PP0P_/Q	axi_crossbar_inst.axi_crossbar_rd_inst.m_ifaces[1].reg_inst.genblk1.genblk1.m_axi_arsize_reg[1]$_DFFE_PP_/D
357	0.1296	axi_crossbar_inst.axi_crossbar_rd_inst.m_ifaces[I].a_arb_inst.grant_encoded_reg[J]	axi_crossbar_inst.axi_crossbar_rd_inst.m_ifaces[I].reg_inst.genblkJ.genblkK.m_axi_araddr_reg[L]	axi_crossbar_inst.axi_crossbar_rd_inst.m_ifaces[1].a_arb_inst.grant_encoded_reg[1]$_SDFFE_PP0P_/Q	axi_crossbar_inst.axi_crossbar_rd_inst.m_ifaces[1].reg_inst.genblk1.genblk1.m_axi_araddr_reg[0]$_DFFE_PP_/D
358	0.1296	axi_crossbar_inst.axi_crossbar_rd_inst.m_ifaces[I].a_arb_inst.grant_encoded_reg[J]	axi_crossbar_inst.axi_crossbar_rd_inst.m_ifaces[I].reg_inst.genblkJ.genblkK.m_axi_arlen_reg[L]	axi_crossbar_inst.axi_crossbar_rd_inst.m_ifaces[1].a_arb_inst.grant_encoded_reg[1]$_SDFFE_PP0P_/Q	axi_crossbar_inst.axi_crossbar_rd_inst.m_ifaces[1].reg_inst.genblk1.genblk1.m_axi_arlen_reg[0]$_DFFE_PP_/D
359	0.1297	axi_crossbar_inst.axi_crossbar_rd_inst.m_ifaces[I].a_arb_inst.grant_encoded_reg[J]	axi_crossbar_inst.axi_crossbar_rd_inst.m_ifaces[I].reg_inst.genblkJ.genblkK.m_axi_arcache_reg[L]	axi_crossbar_inst.axi_crossbar_rd_inst.m_ifaces[1].a_arb_inst.grant_encoded_reg[1]$_SDFFE_PP0P_/Q	axi_crossbar_inst.axi_crossbar_rd_inst.m_ifaces[1].reg_inst.genblk1.genblk1.m_axi_arcache_reg[3]$_DFFE_PP_/D
360	0.1297	axi_crossbar_inst.axi_crossbar_rd_inst.m_ifaces[I].a_arb_inst.grant_encoded_reg[J]	axi_crossbar_inst.axi_crossbar_rd_inst.m_ifaces[I].reg_inst.genblkJ.genblkK.m_axi_arid_reg[L]	axi_crossbar_inst.axi_crossbar_rd_inst.m_ifaces[1].a_arb_inst.grant_encoded_reg[1]$_SDFFE_PP0P_/Q	axi_crossbar_inst.axi_crossbar_rd_inst.m_ifaces[1].reg_inst.genblk1.genblk1.m_axi_arid_reg[0]$_DFFE_PP_/D
361	0.1297	axi_crossbar_inst.axi_crossbar_rd_inst.m_ifaces[I].a_arb_inst.grant_encoded_reg[J]	axi_crossbar_inst.axi_crossbar_rd_inst.m_ifaces[I].reg_inst.genblkJ.genblkK.m_axi_arlock_reg	axi_crossbar_inst.axi_crossbar_rd_inst.m_ifaces[1].a_arb_inst.grant_encoded_reg[1]$_SDFFE_PP0P_/Q	axi_crossbar_inst.axi_crossbar_rd_inst.m_ifaces[1].reg_inst.genblk1.genblk1.m_axi_arlock_reg$_DFFE_PP_/D
362	0.1297	axi_crossbar_inst.axi_crossbar_rd_inst.m_ifaces[I].a_arb_inst.grant_encoded_reg[J]	axi_crossbar_inst.axi_crossbar_rd_inst.m_ifaces[I].reg_inst.genblkJ.genblkK.m_axi_arprot_reg[L]	axi_crossbar_inst.axi_crossbar_rd_inst.m_ifaces[1].a_arb_inst.grant_encoded_reg[1]$_SDFFE_PP0P_/Q	axi_crossbar_inst.axi_crossbar_rd_inst.m_ifaces[1].reg_inst.genblk1.genblk1.m_axi_arprot_reg[2]$_DFFE_PP_/D
363	0.1297	axi_crossbar_inst.axi_crossbar_rd_inst.m_ifaces[I].a_arb_inst.grant_encoded_reg[J]	axi_crossbar_inst.axi_crossbar_rd_inst.m_ifaces[I].reg_inst.genblkJ.genblkK.m_axi_arqos_reg[L]	axi_crossbar_inst.axi_crossbar_rd_inst.m_ifaces[1].a_arb_inst.grant_encoded_reg[1]$_SDFFE_PP0P_/Q	axi_crossbar_inst.axi_crossbar_rd_inst.m_ifaces[1].reg_inst.genblk1.genblk1.m_axi_arqos_reg[3]$_DFFE_PP_/D
364	0.1323	axi_crossbar_inst.axi_crossbar_rd_inst.s_ifaces[I].reg_inst.genblkJ.m_axi_rready_reg	axi_crossbar_inst.axi_crossbar_rd_inst.m_ifaces[I].a_arb_inst.grant_encoded_reg[J]	axi_crossbar_inst.axi_crossbar_rd_inst.s_ifaces[2].reg_inst.genblk2.m_axi_rready_reg$_SDFF_PP0_/Q	axi_crossbar_inst.axi_crossbar_rd_inst.m_ifaces[5].a_arb_inst.grant_encoded_reg[2]$_SDFFE_PP0P_/D
365	0.1334	sI_axi_arvalid	axi_crossbar_inst.axi_crossbar_rd_inst.s_ifaces[I].addr_inst.thread_m_reg[J][K]	s03_axi_arvalid	axi_crossbar_inst.axi_crossbar_rd_inst.s_ifaces[3].addr_inst.thread_m_reg[0][1]$_DFFE_PP_/D
366	0.1340	rst	axi_crossbar_inst.axi_crossbar_wr_inst.m_ifaces[I].reg_inst.genblkJ.m_axi_wvalid_reg	rst	axi_crossbar_inst.axi_crossbar_wr_inst.m_ifaces[0].reg_inst.genblk2.m_axi_wvalid_reg$_SDFFE_PP0P_/D
367	0.1342	axi_crossbar_inst.axi_crossbar_rd_inst.s_ifaces[I].r_arb_inst.grant_encoded_reg[J]	axi_crossbar_inst.axi_crossbar_rd_inst.s_ifaces[I].reg_inst.genblkJ.temp_s_axi_rresp_reg[K]	axi_crossbar_inst.axi_crossbar_rd_inst.s_ifaces[3].r_arb_inst.grant_encoded_reg[1]$_SDFFE_PP0P_/Q	axi_crossbar_inst.axi_crossbar_rd_inst.s_ifaces[3].reg_inst.genblk2.temp_s_axi_rresp_reg[1]$_DFFE_PP_/D
368	0.1347	axi_crossbar_inst.axi_crossbar_wr_inst.m_ifaces[I].a_arb_inst.grant_encoded_reg[J]	axi_crossbar_inst.axi_crossbar_wr_inst.m_ifaces[I].reg_inst.genblkJ.genblkK.m_axi_awprot_reg[L]	axi_crossbar_inst.axi_crossbar_wr_inst.m_ifaces[5].a_arb_inst.grant_encoded_reg[1]$_SDFFE_PP0P_/Q	axi_crossbar_inst.axi_crossbar_wr_inst.m_ifaces[5].reg_inst.genblk1.genblk1.m_axi_awprot_reg[0]$_DFFE_PP_/D
369	0.1347	axi_crossbar_inst.axi_crossbar_wr_inst.m_ifaces[I].a_arb_inst.grant_encoded_reg[J]	axi_crossbar_inst.axi_crossbar_wr_inst.m_ifaces[I].reg_inst.genblkJ.genblkK.m_axi_awqos_reg[L]	axi_crossbar_inst.axi_crossbar_wr_inst.m_ifaces[5].a_arb_inst.grant_encoded_reg[1]$_SDFFE_PP0P_/Q	axi_crossbar_inst.axi_crossbar_wr_inst.m_ifaces[5].reg_inst.genblk1.genblk1.m_axi_awqos_reg[0]$_DFFE_PP_/D
370	0.1361	axi_crossbar_inst.axi_crossbar_rd_inst.s_ifaces[I].r_arb_inst.grant_encoded_reg[J]	axi_crossbar_inst.axi_crossbar_rd_inst.s_ifaces[I].addr_inst.state_reg[J]	axi_crossbar_inst.axi_crossbar_rd_inst.s_ifaces[6].r_arb_inst.grant_encoded_reg[1]$_SDFFE_PP0P_/Q	axi_crossbar_inst.axi_crossbar_rd_inst.s_ifaces[6].addr_inst.state_reg[0]$_SDFF_PP0_/D
371	0.1365	sI_axi_awvalid	axi_crossbar_inst.axi_crossbar_wr_inst.s_ifaces[I].addr_inst.thread_m_reg[J][K]	s03_axi_awvalid	axi_crossbar_inst.axi_crossbar_wr_inst.s_ifaces[3].addr_inst.thread_m_reg[0][1]$_DFFE_PP_/D
372	0.1366	axi_crossbar_inst.axi_crossbar_rd_inst.s_ifaces[I].r_arb_inst.grant_valid_reg	axi_crossbar_inst.axi_crossbar_rd_inst.m_ifaces[I].a_arb_inst.grant_encoded_reg[J]	axi_crossbar_inst.axi_crossbar_rd_inst.s_ifaces[3].r_arb_inst.grant_valid_reg$_SDFFE_PP0P_/Q	axi_crossbar_inst.axi_crossbar_rd_inst.m_ifaces[5].a_arb_inst.grant_encoded_reg[2]$_SDFFE_PP0P_/D
373	0.1389	mI_axi_rdata[J]	axi_crossbar_inst.axi_crossbar_rd_inst.s_ifaces[I].reg_inst.genblkJ.temp_s_axi_rdata_reg[K]	m03_axi_rdata[11]	axi_crossbar_inst.axi_crossbar_rd_inst.s_ifaces[6].reg_inst.genblk2.temp_s_axi_rdata_reg[11]$_DFFE_PP_/D
374	0.1393	axi_crossbar_inst.axi_crossbar_wr_inst.s_ifaces[I].decerr_m_axi_bvalid_reg	axi_crossbar_inst.axi_crossbar_wr_inst.s_ifaces[I].addr_inst.thread_id_reg[J][K]	axi_crossbar_inst.axi_crossbar_wr_inst.s_ifaces[2].decerr_m_axi_bvalid_reg$_SDFF_PP0_/Q	axi_crossbar_inst.axi_crossbar_wr_inst.s_ifaces[2].addr_inst.thread_id_reg[1][0]$_DFFE_PP_/D
375	0.1393	axi_crossbar_inst.axi_crossbar_wr_inst.s_ifaces[I].decerr_m_axi_bvalid_reg	axi_crossbar_inst.axi_crossbar_wr_inst.s_ifaces[I].addr_inst.thread_m_reg[J][K]	axi_crossbar_inst.axi_crossbar_wr_inst.s_ifaces[2].decerr_m_axi_bvalid_reg$_SDFF_PP0_/Q	axi_crossbar_inst.axi_crossbar_wr_inst.s_ifaces[2].addr_inst.thread_m_reg[1][0]$_DFFE_PP_/D
376	0.1395	axi_crossbar_inst.axi_crossbar_wr_inst.s_ifaces[I].b_arb_inst.mask_reg[J]	axi_crossbar_inst.axi_crossbar_wr_inst.s_ifaces[I].b_arb_inst.grant_reg[J]	axi_crossbar_inst.axi_crossbar_wr_inst.s_ifaces[5].b_arb_inst.mask_reg[0]$_SDFFE_PP0P_/Q	axi_crossbar_inst.axi_crossbar_wr_inst.s_ifaces[5].b_arb_inst.grant_reg[6]$_SDFFE_PP0P_/D
377	0.1397	axi_crossbar_inst.axi_crossbar_wr_inst.s_ifaces[I].b_arb_inst.mask_reg[J]	axi_crossbar_inst.axi_crossbar_wr_inst.s_ifaces[I].b_arb_inst.grant_encoded_reg[J]	axi_crossbar_inst.axi_crossbar_wr_inst.s_ifaces[5].b_arb_inst.mask_reg[0]$_SDFFE_PP0P_/Q	axi_crossbar_inst.axi_crossbar_wr_inst.s_ifaces[5].b_arb_inst.grant_encoded_reg[0]$_SDFFE_PP0P_/D
378	0.1407	axi_crossbar_inst.axi_crossbar_wr_inst.m_ifaces[I].a_arb_inst.mask_reg[J]	axi_crossbar_inst.axi_crossbar_wr_inst.m_ifaces[I].a_arb_inst.grant_reg[J]	axi_crossbar_inst.axi_crossbar_wr_inst.m_ifaces[5].a_arb_inst.mask_reg[5]$_SDFFE_PP0P_/Q	axi_crossbar_inst.axi_crossbar_wr_inst.m_ifaces[5].a_arb_inst.grant_reg[0]$_SDFFE_PP0P_/D
379	0.1431	axi_crossbar_inst.axi_crossbar_wr_inst.s_ifaces[I].b_arb_inst.grant_encoded_reg[J]	axi_crossbar_inst.axi_crossbar_wr_inst.s_ifaces[I].reg_inst.genblkJ.genblkK.s_axi_bid_reg[L]	axi_crossbar_inst.axi_crossbar_wr_inst.s_ifaces[1].b_arb_inst.grant_encoded_reg[1]$_SDFFE_PP0P_/Q	axi_crossbar_inst.axi_crossbar_wr_inst.s_ifaces[1].reg_inst.genblk3.genblk1.s_axi_bid_reg[5]$_DFFE_PP_/D
380	0.1435	mI_axi_bvalid	axi_crossbar_inst.axi_crossbar_wr_inst.m_ifaces[I].a_arb_inst.grant_valid_reg	m03_axi_bvalid	axi_crossbar_inst.axi_crossbar_wr_inst.m_ifaces[3].a_arb_inst.grant_valid_reg$_SDFFE_PP0P_/D
381	0.1455	sI_axi_rready	axi_crossbar_inst.axi_crossbar_rd_inst.s_ifaces[I].reg_inst.genblkJ.temp_s_axi_rresp_reg[K]	s01_axi_rready	axi_crossbar_inst.axi_crossbar_rd_inst.s_ifaces[1].reg_inst.genblk2.temp_s_axi_rresp_reg[0]$_DFFE_PP_/D
382	0.1456	axi_crossbar_inst.axi_crossbar_wr_inst.m_ifaces[I].a_arb_inst.grant_encoded_reg[J]	axi_crossbar_inst.axi_crossbar_wr_inst.m_ifaces[I].reg_inst.genblkJ.genblkK.m_axi_awlock_reg	axi_crossbar_inst.axi_crossbar_wr_inst.m_ifaces[4].a_arb_inst.grant_encoded_reg[1]$_SDFFE_PP0P_/Q	axi_crossbar_inst.axi_crossbar_wr_inst.m_ifaces[4].reg_inst.genblk1.genblk1.m_axi_awlock_reg$_DFFE_PP_/D
383	0.1456	sI_axi_rready	axi_crossbar_inst.axi_crossbar_rd_inst.s_ifaces[I].reg_inst.genblkJ.temp_s_axi_rlast_reg	s01_axi_rready	axi_crossbar_inst.axi_crossbar_rd_inst.s_ifaces[1].reg_inst.genblk2.temp_s_axi_rlast_reg$_DFFE_PP_/D
384	0.1465	rst	axi_crossbar_inst.axi_crossbar_rd_inst.s_ifaces[I].reg_inst.genblkJ.s_axi_rvalid_reg	rst	axi_crossbar_inst.axi_crossbar_rd_inst.s_ifaces[0].reg_inst.genblk2.s_axi_rvalid_reg$_SDFFE_PP0P_/D
385	0.1467	sI_axi_rready	axi_crossbar_inst.axi_crossbar_rd_inst.s_ifaces[I].reg_inst.genblkJ.s_axi_rid_reg[K]	s00_axi_rready	axi_crossbar_inst.axi_crossbar_rd_inst.s_ifaces[0].reg_inst.genblk2.s_axi_rid_reg[0]$_DFFE_PP_/D
386	0.1467	sI_axi_rready	axi_crossbar_inst.axi_crossbar_rd_inst.s_ifaces[I].reg_inst.genblkJ.s_axi_rlast_reg	s00_axi_rready	axi_crossbar_inst.axi_crossbar_rd_inst.s_ifaces[0].reg_inst.genblk2.s_axi_rlast_reg$_DFFE_PP_/D
387	0.1467	sI_axi_rready	axi_crossbar_inst.axi_crossbar_rd_inst.s_ifaces[I].reg_inst.genblkJ.s_axi_rresp_reg[K]	s00_axi_rready	axi_crossbar_inst.axi_crossbar_rd_inst.s_ifaces[0].reg_inst.genblk2.s_axi_rresp_reg[0]$_DFFE_PP_/D
388	0.1472	axi_crossbar_inst.axi_crossbar_rd_inst.s_ifaces[I].r_arb_inst.mask_reg[J]	axi_crossbar_inst.axi_crossbar_rd_inst.s_ifaces[I].r_arb_inst.grant_reg[J]	axi_crossbar_inst.axi_crossbar_rd_inst.s_ifaces[0].r_arb_inst.mask_reg[0]$_SDFFE_PP0P_/Q	axi_crossbar_inst.axi_crossbar_rd_inst.s_ifaces[0].r_arb_inst.grant_reg[7]$_SDFFE_PP0P_/D
389	0.1479	axi_crossbar_inst.axi_crossbar_wr_inst.s_ifaces[I].addr_inst.thread_m_reg[J][K]	axi_crossbar_inst.axi_crossbar_wr_inst.s_ifaces[I].addr_inst.thread_id_reg[J][K]	axi_crossbar_inst.axi_crossbar_wr_inst.s_ifaces[7].addr_inst.thread_m_reg[1][2]$_DFFE_PP_/Q	axi_crossbar_inst.axi_crossbar_wr_inst.s_ifaces[7].addr_inst.thread_id_reg[1][0]$_DFFE_PP_/D
390	0.1479	axi_crossbar_inst.axi_crossbar_wr_inst.s_ifaces[I].addr_inst.thread_m_reg[J][K]	axi_crossbar_inst.axi_crossbar_wr_inst.s_ifaces[I].addr_inst.thread_m_reg[J][K]	axi_crossbar_inst.axi_crossbar_wr_inst.s_ifaces[7].addr_inst.thread_m_reg[1][2]$_DFFE_PP_/Q	axi_crossbar_inst.axi_crossbar_wr_inst.s_ifaces[7].addr_inst.thread_m_reg[1][0]$_DFFE_PP_/D
391	0.1490	axi_crossbar_inst.axi_crossbar_rd_inst.m_ifaces[I].a_arb_inst.grant_reg[J]	axi_crossbar_inst.axi_crossbar_rd_inst.m_ifaces[I].a_arb_inst.grant_reg[J]	axi_crossbar_inst.axi_crossbar_rd_inst.m_ifaces[6].a_arb_inst.grant_reg[1]$_SDFFE_PP0P_/QN	axi_crossbar_inst.axi_crossbar_rd_inst.m_ifaces[6].a_arb_inst.grant_reg[7]$_SDFFE_PP0P_/D
392	0.1490	sI_axi_rready	axi_crossbar_inst.axi_crossbar_rd_inst.s_ifaces[I].reg_inst.genblkJ.s_axi_rdata_reg[K]	s00_axi_rready	axi_crossbar_inst.axi_crossbar_rd_inst.s_ifaces[0].reg_inst.genblk2.s_axi_rdata_reg[10]$_DFFE_PP_/D
393	0.1492	axi_crossbar_inst.axi_crossbar_wr_inst.m_ifaces[I].a_arb_inst.grant_reg[J]	axi_crossbar_inst.axi_crossbar_wr_inst.m_ifaces[I].a_arb_inst.grant_reg[J]	axi_crossbar_inst.axi_crossbar_wr_inst.m_ifaces[3].a_arb_inst.grant_reg[3]$_SDFFE_PP0P_/QN	axi_crossbar_inst.axi_crossbar_wr_inst.m_ifaces[3].a_arb_inst.grant_reg[4]$_SDFFE_PP0P_/D
394	0.1493	axi_crossbar_inst.axi_crossbar_wr_inst.s_ifaces[I].b_arb_inst.grant_reg[J]	axi_crossbar_inst.axi_crossbar_wr_inst.s_ifaces[I].b_arb_inst.grant_reg[J]	axi_crossbar_inst.axi_crossbar_wr_inst.s_ifaces[6].b_arb_inst.grant_reg[4]$_SDFFE_PP0P_/QN	axi_crossbar_inst.axi_crossbar_wr_inst.s_ifaces[6].b_arb_inst.grant_reg[0]$_SDFFE_PP0P_/D
395	0.1542	axi_crossbar_inst.axi_crossbar_rd_inst.s_ifaces[I].r_arb_inst.grant_reg[J]	axi_crossbar_inst.axi_crossbar_rd_inst.s_ifaces[I].r_arb_inst.grant_reg[J]	axi_crossbar_inst.axi_crossbar_rd_inst.s_ifaces[5].r_arb_inst.grant_reg[6]$_SDFFE_PP0P_/QN	axi_crossbar_inst.axi_crossbar_rd_inst.s_ifaces[5].r_arb_inst.grant_reg[4]$_SDFFE_PP0P_/D
396	0.1546	mI_axi_rvalid	axi_crossbar_inst.axi_crossbar_rd_inst.m_ifaces[I].a_arb_inst.grant_valid_reg	m05_axi_rvalid	axi_crossbar_inst.axi_crossbar_rd_inst.m_ifaces[5].a_arb_inst.grant_valid_reg$_SDFFE_PP0P_/D
397	0.1550	axi_crossbar_inst.axi_crossbar_wr_inst.m_ifaces[I].a_arb_inst.mask_reg[J]	axi_crossbar_inst.axi_crossbar_wr_inst.m_ifaces[I].a_arb_inst.grant_encoded_reg[J]	axi_crossbar_inst.axi_crossbar_wr_inst.m_ifaces[4].a_arb_inst.mask_reg[6]$_SDFFE_PP0P_/Q	axi_crossbar_inst.axi_crossbar_wr_inst.m_ifaces[4].a_arb_inst.grant_encoded_reg[0]$_SDFFE_PP0P_/D
398	0.1554	axi_crossbar_inst.axi_crossbar_wr_inst.s_ifaces[I].decerr_m_axi_bvalid_reg	axi_crossbar_inst.axi_crossbar_wr_inst.s_ifaces[I].b_arb_inst.grant_encoded_reg[J]	axi_crossbar_inst.axi_crossbar_wr_inst.s_ifaces[0].decerr_m_axi_bvalid_reg$_SDFF_PP0_/Q	axi_crossbar_inst.axi_crossbar_wr_inst.s_ifaces[0].b_arb_inst.grant_encoded_reg[0]$_SDFFE_PP0P_/D
399	0.1564	axi_crossbar_inst.axi_crossbar_rd_inst.m_ifaces[I].a_arb_inst.mask_reg[J]	axi_crossbar_inst.axi_crossbar_rd_inst.m_ifaces[I].a_arb_inst.grant_reg[J]	axi_crossbar_inst.axi_crossbar_rd_inst.m_ifaces[3].a_arb_inst.mask_reg[2]$_SDFFE_PP0P_/Q	axi_crossbar_inst.axi_crossbar_rd_inst.m_ifaces[3].a_arb_inst.grant_reg[0]$_SDFFE_PP0P_/D
400	0.1567	axi_crossbar_inst.axi_crossbar_rd_inst.s_ifaces[I].addr_inst.m_decerr_reg	axi_crossbar_inst.axi_crossbar_rd_inst.s_ifaces[I].addr_inst.trans_count_reg[J]	axi_crossbar_inst.axi_crossbar_rd_inst.s_ifaces[1].addr_inst.m_decerr_reg$_DFFE_PP_/Q	axi_crossbar_inst.axi_crossbar_rd_inst.s_ifaces[1].addr_inst.trans_count_reg[4]$_SDFFE_PP0P_/D
401	0.1572	axi_crossbar_inst.axi_crossbar_rd_inst.s_ifaces[I].addr_inst.thread_count_reg[J][K]	axi_crossbar_inst.axi_crossbar_rd_inst.s_ifaces[I].addr_inst.m_axi_avalid_reg	axi_crossbar_inst.axi_crossbar_rd_inst.s_ifaces[7].addr_inst.thread_count_reg[0][2]$_SDFFE_PP0P_/Q	axi_crossbar_inst.axi_crossbar_rd_inst.s_ifaces[7].addr_inst.m_axi_avalid_reg$_SDFF_PP0_/D
402	0.1574	axi_crossbar_inst.axi_crossbar_wr_inst.s_ifaces[I].b_arb_inst.grant_encoded_reg[J]	axi_crossbar_inst.axi_crossbar_wr_inst.m_ifaces[I].a_arb_inst.grant_valid_reg	axi_crossbar_inst.axi_crossbar_wr_inst.s_ifaces[4].b_arb_inst.grant_encoded_reg[3]$_SDFFE_PP0P_/Q	axi_crossbar_inst.axi_crossbar_wr_inst.m_ifaces[0].a_arb_inst.grant_valid_reg$_SDFFE_PP0P_/D
403	0.1590	mI_axi_rdata[J]	axi_crossbar_inst.axi_crossbar_rd_inst.s_ifaces[I].reg_inst.genblkJ.s_axi_rdata_reg[K]	m03_axi_rdata[11]	axi_crossbar_inst.axi_crossbar_rd_inst.s_ifaces[6].reg_inst.genblk2.s_axi_rdata_reg[11]$_DFFE_PP_/D
404	0.1615	axi_crossbar_inst.axi_crossbar_wr_inst.s_ifaces[I].w_select_valid_reg	axi_crossbar_inst.axi_crossbar_wr_inst.m_ifaces[I].a_arb_inst.grant_valid_reg	axi_crossbar_inst.axi_crossbar_wr_inst.s_ifaces[4].w_select_valid_reg$_SDFF_PP0_/Q	axi_crossbar_inst.axi_crossbar_wr_inst.m_ifaces[6].a_arb_inst.grant_valid_reg$_SDFFE_PP0P_/D
405	0.1622	axi_crossbar_inst.axi_crossbar_wr_inst.s_ifaces[I].w_select_reg[J]	axi_crossbar_inst.axi_crossbar_wr_inst.m_ifaces[I].a_arb_inst.grant_valid_reg	axi_crossbar_inst.axi_crossbar_wr_inst.s_ifaces[4].w_select_reg[1]$_DFFE_PP_/Q	axi_crossbar_inst.axi_crossbar_wr_inst.m_ifaces[6].a_arb_inst.grant_valid_reg$_SDFFE_PP0P_/D
406	0.1626	axi_crossbar_inst.axi_crossbar_wr_inst.s_ifaces[I].b_arb_inst.grant_reg[J]	axi_crossbar_inst.axi_crossbar_wr_inst.s_ifaces[I].b_arb_inst.grant_encoded_reg[J]	axi_crossbar_inst.axi_crossbar_wr_inst.s_ifaces[5].b_arb_inst.grant_reg[0]$_SDFFE_PP0P_/QN	axi_crossbar_inst.axi_crossbar_wr_inst.s_ifaces[5].b_arb_inst.grant_encoded_reg[0]$_SDFFE_PP0P_/D
407	0.1626	rst	axi_crossbar_inst.axi_crossbar_rd_inst.s_ifaces[I].addr_inst.m_axi_avalid_reg	rst	axi_crossbar_inst.axi_crossbar_rd_inst.s_ifaces[4].addr_inst.m_axi_avalid_reg$_SDFF_PP0_/D
408	0.1626	rst	axi_crossbar_inst.axi_crossbar_wr_inst.s_ifaces[I].addr_inst.m_axi_avalid_reg	rst	axi_crossbar_inst.axi_crossbar_wr_inst.s_ifaces[2].addr_inst.m_axi_avalid_reg$_SDFF_PP0_/D
409	0.1636	mI_axi_rlast	axi_crossbar_inst.axi_crossbar_rd_inst.m_ifaces[I].a_arb_inst.grant_valid_reg	m05_axi_rlast	axi_crossbar_inst.axi_crossbar_rd_inst.m_ifaces[5].a_arb_inst.grant_valid_reg$_SDFFE_PP0P_/D
410	0.1656	axi_crossbar_inst.axi_crossbar_wr_inst.s_ifaces[I].addr_inst.m_select_reg[J]	axi_crossbar_inst.axi_crossbar_wr_inst.s_ifaces[I].addr_inst.state_reg[J]	axi_crossbar_inst.axi_crossbar_wr_inst.s_ifaces[3].addr_inst.m_select_reg[0]$_DFF_P_/Q	axi_crossbar_inst.axi_crossbar_wr_inst.s_ifaces[3].addr_inst.state_reg[0]$_SDFF_PP0_/D
411	0.1665	axi_crossbar_inst.axi_crossbar_wr_inst.m_ifaces[I].a_arb_inst.grant_encoded_reg[J]	axi_crossbar_inst.axi_crossbar_wr_inst.m_ifaces[I].reg_inst.genblkJ.genblkK.m_axi_awvalid_reg	axi_crossbar_inst.axi_crossbar_wr_inst.m_ifaces[5].a_arb_inst.grant_encoded_reg[1]$_SDFFE_PP0P_/Q	axi_crossbar_inst.axi_crossbar_wr_inst.m_ifaces[5].reg_inst.genblk1.genblk1.m_axi_awvalid_reg$_SDFF_PP0_/D
412	0.1667	axi_crossbar_inst.axi_crossbar_wr_inst.m_ifaces[I].a_arb_inst.grant_reg[J]	axi_crossbar_inst.axi_crossbar_wr_inst.m_ifaces[I].a_arb_inst.grant_encoded_reg[J]	axi_crossbar_inst.axi_crossbar_wr_inst.m_ifaces[4].a_arb_inst.grant_reg[6]$_SDFFE_PP0P_/QN	axi_crossbar_inst.axi_crossbar_wr_inst.m_ifaces[4].a_arb_inst.grant_encoded_reg[0]$_SDFFE_PP0P_/D
413	0.1673	axi_crossbar_inst.axi_crossbar_wr_inst.s_ifaces[I].reg_inst.genblkJ.genblkK.m_axi_bready_reg	axi_crossbar_inst.axi_crossbar_wr_inst.m_ifaces[I].a_arb_inst.grant_valid_reg	axi_crossbar_inst.axi_crossbar_wr_inst.s_ifaces[0].reg_inst.genblk3.genblk1.m_axi_bready_reg$_SDFF_PP0_/Q	axi_crossbar_inst.axi_crossbar_wr_inst.m_ifaces[5].a_arb_inst.grant_valid_reg$_SDFFE_PP0P_/D
414	0.1689	axi_crossbar_inst.axi_crossbar_wr_inst.s_ifaces[I].b_arb_inst.grant_encoded_reg[J]	axi_crossbar_inst.axi_crossbar_wr_inst.s_ifaces[I].addr_inst.state_reg[J]	axi_crossbar_inst.axi_crossbar_wr_inst.s_ifaces[4].b_arb_inst.grant_encoded_reg[1]$_SDFFE_PP0P_/Q	axi_crossbar_inst.axi_crossbar_wr_inst.s_ifaces[4].addr_inst.state_reg[1]$_SDFF_PP0_/D
415	0.1701	axi_crossbar_inst.axi_crossbar_wr_inst.s_ifaces[I].b_arb_inst.grant_encoded_reg[J]	axi_crossbar_inst.axi_crossbar_wr_inst.s_ifaces[I].addr_inst.m_rc_valid_reg	axi_crossbar_inst.axi_crossbar_wr_inst.s_ifaces[4].b_arb_inst.grant_encoded_reg[1]$_SDFFE_PP0P_/Q	axi_crossbar_inst.axi_crossbar_wr_inst.s_ifaces[4].addr_inst.m_rc_valid_reg$_SDFF_PP0_/D
416	0.1702	axi_crossbar_inst.axi_crossbar_wr_inst.s_ifaces[I].b_arb_inst.grant_encoded_reg[J]	axi_crossbar_inst.axi_crossbar_wr_inst.s_ifaces[I].addr_inst.m_wc_valid_reg	axi_crossbar_inst.axi_crossbar_wr_inst.s_ifaces[6].b_arb_inst.grant_encoded_reg[1]$_SDFFE_PP0P_/Q	axi_crossbar_inst.axi_crossbar_wr_inst.s_ifaces[6].addr_inst.m_wc_valid_reg$_SDFF_PP0_/D
417	0.1704	axi_crossbar_inst.axi_crossbar_wr_inst.m_ifaces[I].w_select_reg[J]	axi_crossbar_inst.axi_crossbar_wr_inst.m_ifaces[I].a_arb_inst.grant_valid_reg	axi_crossbar_inst.axi_crossbar_wr_inst.m_ifaces[5].w_select_reg[1]$_DFFE_PP_/Q	axi_crossbar_inst.axi_crossbar_wr_inst.m_ifaces[5].a_arb_inst.grant_valid_reg$_SDFFE_PP0P_/D
418	0.1707	axi_crossbar_inst.axi_crossbar_rd_inst.s_ifaces[I].reg_inst.genblkJ.m_axi_rready_reg	axi_crossbar_inst.axi_crossbar_rd_inst.s_ifaces[I].decerr_len_reg[J]	axi_crossbar_inst.axi_crossbar_rd_inst.s_ifaces[0].reg_inst.genblk2.m_axi_rready_reg$_SDFF_PP0_/Q	axi_crossbar_inst.axi_crossbar_rd_inst.s_ifaces[0].decerr_len_reg[0]$_DFFE_PP_/D
419	0.1707	axi_crossbar_inst.axi_crossbar_rd_inst.s_ifaces[I].reg_inst.genblkJ.m_axi_rready_reg	axi_crossbar_inst.axi_crossbar_rd_inst.s_ifaces[I].decerr_m_axi_rlast_reg	axi_crossbar_inst.axi_crossbar_rd_inst.s_ifaces[0].reg_inst.genblk2.m_axi_rready_reg$_SDFF_PP0_/Q	axi_crossbar_inst.axi_crossbar_rd_inst.s_ifaces[0].decerr_m_axi_rlast_reg$_DFFE_PP_/D
420	0.1709	axi_crossbar_inst.axi_crossbar_rd_inst.s_ifaces[I].r_arb_inst.grant_encoded_reg[J]	axi_crossbar_inst.axi_crossbar_rd_inst.s_ifaces[I].decerr_len_reg[J]	axi_crossbar_inst.axi_crossbar_rd_inst.s_ifaces[0].r_arb_inst.grant_encoded_reg[2]$_SDFFE_PP0P_/Q	axi_crossbar_inst.axi_crossbar_rd_inst.s_ifaces[0].decerr_len_reg[0]$_DFFE_PP_/D
421	0.1709	axi_crossbar_inst.axi_crossbar_rd_inst.s_ifaces[I].r_arb_inst.grant_encoded_reg[J]	axi_crossbar_inst.axi_crossbar_rd_inst.s_ifaces[I].decerr_m_axi_rlast_reg	axi_crossbar_inst.axi_crossbar_rd_inst.s_ifaces[0].r_arb_inst.grant_encoded_reg[2]$_SDFFE_PP0P_/Q	axi_crossbar_inst.axi_crossbar_rd_inst.s_ifaces[0].decerr_m_axi_rlast_reg$_DFFE_PP_/D
422	0.1709	axi_crossbar_inst.axi_crossbar_rd_inst.s_ifaces[I].addr_inst.thread_count_reg[J][K]	axi_crossbar_inst.axi_crossbar_rd_inst.s_ifaces[I].addr_inst.state_reg[J]	axi_crossbar_inst.axi_crossbar_rd_inst.s_ifaces[5].addr_inst.thread_count_reg[1][2]$_SDFFE_PP0P_/Q	axi_crossbar_inst.axi_crossbar_rd_inst.s_ifaces[5].addr_inst.state_reg[0]$_SDFF_PP0_/D
423	0.1717	axi_crossbar_inst.axi_crossbar_wr_inst.m_ifaces[I].w_select_reg[J]	axi_crossbar_inst.axi_crossbar_wr_inst.m_ifaces[I].reg_inst.genblkJ.temp_m_axi_wvalid_reg	axi_crossbar_inst.axi_crossbar_wr_inst.m_ifaces[6].w_select_reg[1]$_DFFE_PP_/Q	axi_crossbar_inst.axi_crossbar_wr_inst.m_ifaces[6].reg_inst.genblk2.temp_m_axi_wvalid_reg$_SDFFE_PP0P_/D
424	0.1720	axi_crossbar_inst.axi_crossbar_rd_inst.s_ifaces[I].addr_inst.thread_count_reg[J][K]	axi_crossbar_inst.axi_crossbar_rd_inst.s_ifaces[I].addr_inst.m_rc_valid_reg	axi_crossbar_inst.axi_crossbar_rd_inst.s_ifaces[1].addr_inst.thread_count_reg[0][1]$_SDFFE_PP0P_/Q	axi_crossbar_inst.axi_crossbar_rd_inst.s_ifaces[1].addr_inst.m_rc_valid_reg$_SDFF_PP0_/D
425	0.1729	axi_crossbar_inst.axi_crossbar_wr_inst.s_ifaces[I].w_select_valid_reg	axi_crossbar_inst.axi_crossbar_wr_inst.m_ifaces[I].reg_inst.genblkJ.s_axi_wready_reg	axi_crossbar_inst.axi_crossbar_wr_inst.s_ifaces[3].w_select_valid_reg$_SDFF_PP0_/Q	axi_crossbar_inst.axi_crossbar_wr_inst.m_ifaces[4].reg_inst.genblk2.s_axi_wready_reg$_SDFF_PP0_/D
426	0.1731	axi_crossbar_inst.axi_crossbar_rd_inst.s_ifaces[I].decerr_m_axi_rvalid_reg	axi_crossbar_inst.axi_crossbar_rd_inst.s_ifaces[I].addr_inst.thread_id_reg[J][K]	axi_crossbar_inst.axi_crossbar_rd_inst.s_ifaces[1].decerr_m_axi_rvalid_reg$_SDFF_PP0_/Q	axi_crossbar_inst.axi_crossbar_rd_inst.s_ifaces[1].addr_inst.thread_id_reg[1][0]$_DFFE_PP_/D
427	0.1731	axi_crossbar_inst.axi_crossbar_rd_inst.s_ifaces[I].decerr_m_axi_rvalid_reg	axi_crossbar_inst.axi_crossbar_rd_inst.s_ifaces[I].addr_inst.thread_m_reg[J][K]	axi_crossbar_inst.axi_crossbar_rd_inst.s_ifaces[1].decerr_m_axi_rvalid_reg$_SDFF_PP0_/Q	axi_crossbar_inst.axi_crossbar_rd_inst.s_ifaces[1].addr_inst.thread_m_reg[1][0]$_DFFE_PP_/D
428	0.1731	axi_crossbar_inst.axi_crossbar_wr_inst.s_ifaces[I].addr_inst.m_select_reg[J]	axi_crossbar_inst.axi_crossbar_wr_inst.s_ifaces[I].addr_inst.s_axi_aready_reg	axi_crossbar_inst.axi_crossbar_wr_inst.s_ifaces[3].addr_inst.m_select_reg[0]$_DFF_P_/Q	axi_crossbar_inst.axi_crossbar_wr_inst.s_ifaces[3].addr_inst.s_axi_aready_reg$_SDFF_PP0_/D
429	0.1736	axi_crossbar_inst.axi_crossbar_wr_inst.s_ifaces[I].w_select_reg[J]	axi_crossbar_inst.axi_crossbar_wr_inst.m_ifaces[I].reg_inst.genblkJ.s_axi_wready_reg	axi_crossbar_inst.axi_crossbar_wr_inst.s_ifaces[1].w_select_reg[2]$_DFFE_PP_/Q	axi_crossbar_inst.axi_crossbar_wr_inst.m_ifaces[4].reg_inst.genblk2.s_axi_wready_reg$_SDFF_PP0_/D
430	0.1773	sI_axi_rready	axi_crossbar_inst.axi_crossbar_rd_inst.s_ifaces[I].reg_inst.genblkJ.s_axi_rvalid_reg	s02_axi_rready	axi_crossbar_inst.axi_crossbar_rd_inst.s_ifaces[2].reg_inst.genblk2.s_axi_rvalid_reg$_SDFFE_PP0P_/D
431	0.1775	axi_crossbar_inst.axi_crossbar_rd_inst.s_ifaces[I].addr_inst.m_select_reg[J]	axi_crossbar_inst.axi_crossbar_rd_inst.m_ifaces[I].reg_inst.genblkJ.genblkK.s_axi_arready_reg	axi_crossbar_inst.axi_crossbar_rd_inst.s_ifaces[5].addr_inst.m_select_reg[1]$_DFF_P_/Q	axi_crossbar_inst.axi_crossbar_rd_inst.m_ifaces[3].reg_inst.genblk1.genblk1.s_axi_arready_reg$_SDFF_PP0_/D
432	0.1777	axi_crossbar_inst.axi_crossbar_rd_inst.s_ifaces[I].decerr_m_axi_rvalid_reg	axi_crossbar_inst.axi_crossbar_rd_inst.s_ifaces[I].r_arb_inst.grant_reg[J]	axi_crossbar_inst.axi_crossbar_rd_inst.s_ifaces[3].decerr_m_axi_rvalid_reg$_SDFF_PP0_/Q	axi_crossbar_inst.axi_crossbar_rd_inst.s_ifaces[3].r_arb_inst.grant_reg[7]$_SDFFE_PP0P_/D
433	0.1778	axi_crossbar_inst.axi_crossbar_rd_inst.s_ifaces[I].reg_inst.genblkJ.m_axi_rready_reg	axi_crossbar_inst.axi_crossbar_rd_inst.m_ifaces[I].a_arb_inst.grant_valid_reg	axi_crossbar_inst.axi_crossbar_rd_inst.s_ifaces[2].reg_inst.genblk2.m_axi_rready_reg$_SDFF_PP0_/Q	axi_crossbar_inst.axi_crossbar_rd_inst.m_ifaces[5].a_arb_inst.grant_valid_reg$_SDFFE_PP0P_/D
434	0.1781	axi_crossbar_inst.axi_crossbar_rd_inst.s_ifaces[I].r_arb_inst.mask_reg[J]	axi_crossbar_inst.axi_crossbar_rd_inst.s_ifaces[I].r_arb_inst.grant_encoded_reg[J]	axi_crossbar_inst.axi_crossbar_rd_inst.s_ifaces[0].r_arb_inst.mask_reg[0]$_SDFFE_PP0P_/Q	axi_crossbar_inst.axi_crossbar_rd_inst.s_ifaces[0].r_arb_inst.grant_encoded_reg[0]$_SDFFE_PP0P_/D
435	0.1792	axi_crossbar_inst.axi_crossbar_rd_inst.s_ifaces[I].r_arb_inst.grant_reg[J]	axi_crossbar_inst.axi_crossbar_rd_inst.s_ifaces[I].r_arb_inst.grant_encoded_reg[J]	axi_crossbar_inst.axi_crossbar_rd_inst.s_ifaces[5].r_arb_inst.grant_reg[6]$_SDFFE_PP0P_/QN	axi_crossbar_inst.axi_crossbar_rd_inst.s_ifaces[5].r_arb_inst.grant_encoded_reg[1]$_SDFFE_PP0P_/D
436	0.1797	axi_crossbar_inst.axi_crossbar_wr_inst.s_ifaces[I].w_select_reg[J]	axi_crossbar_inst.axi_crossbar_wr_inst.m_ifaces[I].reg_inst.genblkJ.temp_m_axi_wvalid_reg	axi_crossbar_inst.axi_crossbar_wr_inst.s_ifaces[5].w_select_reg[2]$_DFFE_PP_/Q	axi_crossbar_inst.axi_crossbar_wr_inst.m_ifaces[6].reg_inst.genblk2.temp_m_axi_wvalid_reg$_SDFFE_PP0P_/D
437	0.1797	axi_crossbar_inst.axi_crossbar_rd_inst.s_ifaces[I].reg_inst.genblkJ.m_axi_rready_reg	axi_crossbar_inst.axi_crossbar_rd_inst.s_ifaces[I].addr_inst.thread_id_reg[J][K]	axi_crossbar_inst.axi_crossbar_rd_inst.s_ifaces[1].reg_inst.genblk2.m_axi_rready_reg$_SDFF_PP0_/Q	axi_crossbar_inst.axi_crossbar_rd_inst.s_ifaces[1].addr_inst.thread_id_reg[1][0]$_DFFE_PP_/D
438	0.1797	axi_crossbar_inst.axi_crossbar_rd_inst.s_ifaces[I].reg_inst.genblkJ.m_axi_rready_reg	axi_crossbar_inst.axi_crossbar_rd_inst.s_ifaces[I].addr_inst.thread_m_reg[J][K]	axi_crossbar_inst.axi_crossbar_rd_inst.s_ifaces[1].reg_inst.genblk2.m_axi_rready_reg$_SDFF_PP0_/Q	axi_crossbar_inst.axi_crossbar_rd_inst.s_ifaces[1].addr_inst.thread_m_reg[1][0]$_DFFE_PP_/D
439	0.1799	axi_crossbar_inst.axi_crossbar_wr_inst.s_ifaces[I].reg_inst.genblkJ.genblkK.m_axi_bready_reg	axi_crossbar_inst.axi_crossbar_wr_inst.s_ifaces[I].addr_inst.thread_id_reg[J][K]	axi_crossbar_inst.axi_crossbar_wr_inst.s_ifaces[5].reg_inst.genblk3.genblk1.m_axi_bready_reg$_SDFF_PP0_/Q	axi_crossbar_inst.axi_crossbar_wr_inst.s_ifaces[5].addr_inst.thread_id_reg[1][0]$_DFFE_PP_/D
440	0.1799	axi_crossbar_inst.axi_crossbar_wr_inst.s_ifaces[I].reg_inst.genblkJ.genblkK.m_axi_bready_reg	axi_crossbar_inst.axi_crossbar_wr_inst.s_ifaces[I].addr_inst.thread_m_reg[J][K]	axi_crossbar_inst.axi_crossbar_wr_inst.s_ifaces[5].reg_inst.genblk3.genblk1.m_axi_bready_reg$_SDFF_PP0_/Q	axi_crossbar_inst.axi_crossbar_wr_inst.s_ifaces[5].addr_inst.thread_m_reg[1][0]$_DFFE_PP_/D
441	0.1803	axi_crossbar_inst.axi_crossbar_wr_inst.s_ifaces[I].w_select_valid_reg	axi_crossbar_inst.axi_crossbar_wr_inst.m_ifaces[I].reg_inst.genblkJ.temp_m_axi_wvalid_reg	axi_crossbar_inst.axi_crossbar_wr_inst.s_ifaces[5].w_select_valid_reg$_SDFF_PP0_/Q	axi_crossbar_inst.axi_crossbar_wr_inst.m_ifaces[1].reg_inst.genblk2.temp_m_axi_wvalid_reg$_SDFFE_PP0P_/D
442	0.1804	axi_crossbar_inst.axi_crossbar_rd_inst.s_ifaces[I].r_arb_inst.grant_encoded_reg[J]	axi_crossbar_inst.axi_crossbar_rd_inst.m_ifaces[I].a_arb_inst.grant_valid_reg	axi_crossbar_inst.axi_crossbar_rd_inst.s_ifaces[1].r_arb_inst.grant_encoded_reg[1]$_SDFFE_PP0P_/Q	axi_crossbar_inst.axi_crossbar_rd_inst.m_ifaces[4].a_arb_inst.grant_valid_reg$_SDFFE_PP0P_/D
443	0.1807	axi_crossbar_inst.axi_crossbar_rd_inst.s_ifaces[I].reg_inst.genblkJ.m_axi_rready_reg	axi_crossbar_inst.axi_crossbar_rd_inst.s_ifaces[I].r_arb_inst.mask_reg[J]	axi_crossbar_inst.axi_crossbar_rd_inst.s_ifaces[0].reg_inst.genblk2.m_axi_rready_reg$_SDFF_PP0_/Q	axi_crossbar_inst.axi_crossbar_rd_inst.s_ifaces[0].r_arb_inst.mask_reg[1]$_SDFFE_PP0P_/D
444	0.1810	axi_crossbar_inst.axi_crossbar_rd_inst.s_ifaces[I].addr_inst.thread_m_reg[J][K]	axi_crossbar_inst.axi_crossbar_rd_inst.s_ifaces[I].addr_inst.thread_id_reg[J][K]	axi_crossbar_inst.axi_crossbar_rd_inst.s_ifaces[4].addr_inst.thread_m_reg[1][2]$_DFFE_PP_/Q	axi_crossbar_inst.axi_crossbar_rd_inst.s_ifaces[4].addr_inst.thread_id_reg[1][0]$_DFFE_PP_/D
445	0.1810	axi_crossbar_inst.axi_crossbar_rd_inst.s_ifaces[I].addr_inst.thread_m_reg[J][K]	axi_crossbar_inst.axi_crossbar_rd_inst.s_ifaces[I].addr_inst.thread_m_reg[J][K]	axi_crossbar_inst.axi_crossbar_rd_inst.s_ifaces[4].addr_inst.thread_m_reg[1][2]$_DFFE_PP_/Q	axi_crossbar_inst.axi_crossbar_rd_inst.s_ifaces[4].addr_inst.thread_m_reg[1][0]$_DFFE_PP_/D
446	0.1812	axi_crossbar_inst.axi_crossbar_wr_inst.m_ifaces[I].reg_inst.genblkJ.genblkK.s_axi_awready_reg	axi_crossbar_inst.axi_crossbar_wr_inst.s_ifaces[I].addr_inst.state_reg[J]	axi_crossbar_inst.axi_crossbar_wr_inst.m_ifaces[0].reg_inst.genblk1.genblk1.s_axi_awready_reg$_SDFF_PP0_/Q	axi_crossbar_inst.axi_crossbar_wr_inst.s_ifaces[2].addr_inst.state_reg[0]$_SDFF_PP0_/D
447	0.1812	axi_crossbar_inst.axi_crossbar_wr_inst.m_ifaces[I].a_arb_inst.grant_encoded_reg[J]	axi_crossbar_inst.axi_crossbar_wr_inst.m_ifaces[I].reg_inst.genblkJ.genblkK.s_axi_awready_reg	axi_crossbar_inst.axi_crossbar_wr_inst.m_ifaces[5].a_arb_inst.grant_encoded_reg[1]$_SDFFE_PP0P_/Q	axi_crossbar_inst.axi_crossbar_wr_inst.m_ifaces[5].reg_inst.genblk1.genblk1.s_axi_awready_reg$_SDFF_PP0_/D
448	0.1818	axi_crossbar_inst.axi_crossbar_wr_inst.s_ifaces[I].w_select_valid_reg	axi_crossbar_inst.axi_crossbar_wr_inst.m_ifaces[I].reg_inst.genblkJ.m_axi_wvalid_reg	axi_crossbar_inst.axi_crossbar_wr_inst.s_ifaces[5].w_select_valid_reg$_SDFF_PP0_/Q	axi_crossbar_inst.axi_crossbar_wr_inst.m_ifaces[1].reg_inst.genblk2.m_axi_wvalid_reg$_SDFFE_PP0P_/D
449	0.1819	axi_crossbar_inst.axi_crossbar_wr_inst.s_ifaces[I].b_arb_inst.grant_valid_reg	axi_crossbar_inst.axi_crossbar_wr_inst.m_ifaces[I].a_arb_inst.grant_valid_reg	axi_crossbar_inst.axi_crossbar_wr_inst.s_ifaces[0].b_arb_inst.grant_valid_reg$_SDFFE_PP0P_/Q	axi_crossbar_inst.axi_crossbar_wr_inst.m_ifaces[5].a_arb_inst.grant_valid_reg$_SDFFE_PP0P_/D
450	0.1821	axi_crossbar_inst.axi_crossbar_rd_inst.s_ifaces[I].r_arb_inst.grant_valid_reg	axi_crossbar_inst.axi_crossbar_rd_inst.m_ifaces[I].a_arb_inst.grant_valid_reg	axi_crossbar_inst.axi_crossbar_rd_inst.s_ifaces[3].r_arb_inst.grant_valid_reg$_SDFFE_PP0P_/Q	axi_crossbar_inst.axi_crossbar_rd_inst.m_ifaces[5].a_arb_inst.grant_valid_reg$_SDFFE_PP0P_/D
451	0.1823	axi_crossbar_inst.axi_crossbar_rd_inst.m_ifaces[I].a_arb_inst.grant_reg[J]	axi_crossbar_inst.axi_crossbar_rd_inst.m_ifaces[I].a_arb_inst.grant_encoded_reg[J]	axi_crossbar_inst.axi_crossbar_rd_inst.m_ifaces[6].a_arb_inst.grant_reg[3]$_SDFFE_PP0P_/QN	axi_crossbar_inst.axi_crossbar_rd_inst.m_ifaces[6].a_arb_inst.grant_encoded_reg[2]$_SDFFE_PP0P_/D
452	0.1825	mI_axi_wready	axi_crossbar_inst.axi_crossbar_wr_inst.m_ifaces[I].reg_inst.genblkJ.temp_m_axi_wvalid_reg	m04_axi_wready	axi_crossbar_inst.axi_crossbar_wr_inst.m_ifaces[4].reg_inst.genblk2.temp_m_axi_wvalid_reg$_SDFFE_PP0P_/D
453	0.1829	axi_crossbar_inst.axi_crossbar_rd_inst.m_ifaces[I].a_arb_inst.mask_reg[J]	axi_crossbar_inst.axi_crossbar_rd_inst.m_ifaces[I].a_arb_inst.grant_encoded_reg[J]	axi_crossbar_inst.axi_crossbar_rd_inst.m_ifaces[3].a_arb_inst.mask_reg[2]$_SDFFE_PP0P_/Q	axi_crossbar_inst.axi_crossbar_rd_inst.m_ifaces[3].a_arb_inst.grant_encoded_reg[0]$_SDFFE_PP0P_/D
454	0.1831	axi_crossbar_inst.axi_crossbar_wr_inst.s_ifaces[I].b_arb_inst.grant_encoded_reg[J]	axi_crossbar_inst.axi_crossbar_wr_inst.s_ifaces[I].addr_inst.m_axi_avalid_reg	axi_crossbar_inst.axi_crossbar_wr_inst.s_ifaces[7].b_arb_inst.grant_encoded_reg[1]$_SDFFE_PP0P_/Q	axi_crossbar_inst.axi_crossbar_wr_inst.s_ifaces[7].addr_inst.m_axi_avalid_reg$_SDFF_PP0_/D
455	0.1834	axi_crossbar_inst.axi_crossbar_wr_inst.s_ifaces[I].addr_inst.thread_count_reg[J][K]	axi_crossbar_inst.axi_crossbar_wr_inst.s_ifaces[I].addr_inst.state_reg[J]	axi_crossbar_inst.axi_crossbar_wr_inst.s_ifaces[2].addr_inst.thread_count_reg[1][2]$_SDFFE_PP0P_/Q	axi_crossbar_inst.axi_crossbar_wr_inst.s_ifaces[2].addr_inst.state_reg[1]$_SDFF_PP0_/D
456	0.1834	axi_crossbar_inst.axi_crossbar_wr_inst.m_ifaces[I].a_arb_inst.grant_valid_reg	axi_crossbar_inst.axi_crossbar_wr_inst.s_ifaces[I].addr_inst.state_reg[J]	axi_crossbar_inst.axi_crossbar_wr_inst.m_ifaces[0].a_arb_inst.grant_valid_reg$_SDFFE_PP0P_/Q	axi_crossbar_inst.axi_crossbar_wr_inst.s_ifaces[2].addr_inst.state_reg[0]$_SDFF_PP0_/D
457	0.1847	axi_crossbar_inst.axi_crossbar_rd_inst.s_ifaces[I].r_arb_inst.grant_encoded_reg[J]	axi_crossbar_inst.axi_crossbar_rd_inst.s_ifaces[I].reg_inst.genblkJ.temp_s_axi_rvalid_reg	axi_crossbar_inst.axi_crossbar_rd_inst.s_ifaces[3].r_arb_inst.grant_encoded_reg[1]$_SDFFE_PP0P_/Q	axi_crossbar_inst.axi_crossbar_rd_inst.s_ifaces[3].reg_inst.genblk2.temp_s_axi_rvalid_reg$_SDFFE_PP0P_/D
458	0.1852	axi_crossbar_inst.axi_crossbar_rd_inst.s_ifaces[I].addr_inst.m_select_reg[J]	axi_crossbar_inst.axi_crossbar_rd_inst.m_ifaces[I].reg_inst.genblkJ.genblkK.m_axi_arvalid_reg	axi_crossbar_inst.axi_crossbar_rd_inst.s_ifaces[4].addr_inst.m_select_reg[1]$_DFF_P_/Q	axi_crossbar_inst.axi_crossbar_rd_inst.m_ifaces[0].reg_inst.genblk1.genblk1.m_axi_arvalid_reg$_SDFF_PP0_/D
459	0.1854	axi_crossbar_inst.axi_crossbar_rd_inst.s_ifaces[I].addr_inst.m_select_reg[J]	axi_crossbar_inst.axi_crossbar_rd_inst.m_ifaces[I].a_arb_inst.grant_valid_reg	axi_crossbar_inst.axi_crossbar_rd_inst.s_ifaces[1].addr_inst.m_select_reg[1]$_DFF_P_/Q	axi_crossbar_inst.axi_crossbar_rd_inst.m_ifaces[7].a_arb_inst.grant_valid_reg$_SDFFE_PP0P_/D
460	0.1856	axi_crossbar_inst.axi_crossbar_wr_inst.s_ifaces[I].addr_inst.thread_id_reg[J][K]	axi_crossbar_inst.axi_crossbar_wr_inst.s_ifaces[I].addr_inst.state_reg[J]	axi_crossbar_inst.axi_crossbar_wr_inst.s_ifaces[2].addr_inst.thread_id_reg[1][0]$_DFFE_PP_/Q	axi_crossbar_inst.axi_crossbar_wr_inst.s_ifaces[2].addr_inst.state_reg[1]$_SDFF_PP0_/D
461	0.1860	axi_crossbar_inst.axi_crossbar_wr_inst.s_ifaces[I].w_select_reg[J]	axi_crossbar_inst.axi_crossbar_wr_inst.m_ifaces[I].reg_inst.genblkJ.m_axi_wvalid_reg	axi_crossbar_inst.axi_crossbar_wr_inst.s_ifaces[6].w_select_reg[0]$_DFFE_PP_/Q	axi_crossbar_inst.axi_crossbar_wr_inst.m_ifaces[0].reg_inst.genblk2.m_axi_wvalid_reg$_SDFFE_PP0P_/D
462	0.1887	axi_crossbar_inst.axi_crossbar_wr_inst.m_ifaces[I].reg_inst.genblkJ.genblkK.s_axi_awready_reg	axi_crossbar_inst.axi_crossbar_wr_inst.s_ifaces[I].addr_inst.s_axi_aready_reg	axi_crossbar_inst.axi_crossbar_wr_inst.m_ifaces[0].reg_inst.genblk1.genblk1.s_axi_awready_reg$_SDFF_PP0_/Q	axi_crossbar_inst.axi_crossbar_wr_inst.s_ifaces[2].addr_inst.s_axi_aready_reg$_SDFF_PP0_/D
463	0.1894	sI_axi_arvalid	axi_crossbar_inst.axi_crossbar_rd_inst.s_ifaces[I].addr_inst.m_select_reg[J]	s03_axi_arvalid	axi_crossbar_inst.axi_crossbar_rd_inst.s_ifaces[3].addr_inst.m_select_reg[1]$_DFF_P_/D
464	0.1895	axi_crossbar_inst.axi_crossbar_rd_inst.m_ifaces[I].a_arb_inst.grant_encoded_reg[J]	axi_crossbar_inst.axi_crossbar_rd_inst.m_ifaces[I].reg_inst.genblkJ.genblkK.s_axi_arready_reg	axi_crossbar_inst.axi_crossbar_rd_inst.m_ifaces[1].a_arb_inst.grant_encoded_reg[1]$_SDFFE_PP0P_/Q	axi_crossbar_inst.axi_crossbar_rd_inst.m_ifaces[1].reg_inst.genblk1.genblk1.s_axi_arready_reg$_SDFF_PP0_/D
465	0.1899	axi_crossbar_inst.axi_crossbar_wr_inst.s_ifaces[I].addr_inst.m_decerr_reg	axi_crossbar_inst.axi_crossbar_wr_inst.s_ifaces[I].addr_inst.trans_count_reg[J]	axi_crossbar_inst.axi_crossbar_wr_inst.s_ifaces[4].addr_inst.m_decerr_reg$_DFFE_PP_/Q	axi_crossbar_inst.axi_crossbar_wr_inst.s_ifaces[4].addr_inst.trans_count_reg[4]$_SDFFE_PP0P_/D
466	0.1900	axi_crossbar_inst.axi_crossbar_wr_inst.m_ifaces[I].a_arb_inst.grant_encoded_reg[J]	axi_crossbar_inst.axi_crossbar_wr_inst.s_ifaces[I].addr_inst.s_axi_aready_reg	axi_crossbar_inst.axi_crossbar_wr_inst.m_ifaces[5].a_arb_inst.grant_encoded_reg[0]$_SDFFE_PP0P_/Q	axi_crossbar_inst.axi_crossbar_wr_inst.s_ifaces[1].addr_inst.s_axi_aready_reg$_SDFF_PP0_/D
467	0.1909	axi_crossbar_inst.axi_crossbar_wr_inst.m_ifaces[I].a_arb_inst.grant_valid_reg	axi_crossbar_inst.axi_crossbar_wr_inst.s_ifaces[I].addr_inst.s_axi_aready_reg	axi_crossbar_inst.axi_crossbar_wr_inst.m_ifaces[0].a_arb_inst.grant_valid_reg$_SDFFE_PP0P_/Q	axi_crossbar_inst.axi_crossbar_wr_inst.s_ifaces[2].addr_inst.s_axi_aready_reg$_SDFF_PP0_/D
468	0.1928	sI_axi_awvalid	axi_crossbar_inst.axi_crossbar_wr_inst.s_ifaces[I].addr_inst.m_select_reg[J]	s01_axi_awvalid	axi_crossbar_inst.axi_crossbar_wr_inst.s_ifaces[1].addr_inst.m_select_reg[0]$_DFF_P_/D
469	0.1933	axi_crossbar_inst.axi_crossbar_wr_inst.s_ifaces[I].addr_inst.m_select_reg[J]	axi_crossbar_inst.axi_crossbar_wr_inst.m_ifaces[I].a_arb_inst.grant_valid_reg	axi_crossbar_inst.axi_crossbar_wr_inst.s_ifaces[4].addr_inst.m_select_reg[1]$_DFF_P_/Q	axi_crossbar_inst.axi_crossbar_wr_inst.m_ifaces[1].a_arb_inst.grant_valid_reg$_SDFFE_PP0P_/D
470	0.1953	sI_axi_rready	axi_crossbar_inst.axi_crossbar_rd_inst.s_ifaces[I].reg_inst.genblkJ.temp_s_axi_rvalid_reg	s02_axi_rready	axi_crossbar_inst.axi_crossbar_rd_inst.s_ifaces[2].reg_inst.genblk2.temp_s_axi_rvalid_reg$_SDFFE_PP0P_/D
471	0.1959	axi_crossbar_inst.axi_crossbar_rd_inst.s_ifaces[I].addr_inst.m_axi_avalid_reg	axi_crossbar_inst.axi_crossbar_rd_inst.m_ifaces[I].reg_inst.genblkJ.genblkK.m_axi_arvalid_reg	axi_crossbar_inst.axi_crossbar_rd_inst.s_ifaces[4].addr_inst.m_axi_avalid_reg$_SDFF_PP0_/Q	axi_crossbar_inst.axi_crossbar_rd_inst.m_ifaces[4].reg_inst.genblk1.genblk1.m_axi_arvalid_reg$_SDFF_PP0_/D
472	0.1959	axi_crossbar_inst.axi_crossbar_rd_inst.m_ifaces[I].reg_inst.genblkJ.genblkK.s_axi_arready_reg	axi_crossbar_inst.axi_crossbar_rd_inst.m_ifaces[I].trans_count_reg[J]	axi_crossbar_inst.axi_crossbar_rd_inst.m_ifaces[1].reg_inst.genblk1.genblk1.s_axi_arready_reg$_SDFF_PP0_/Q	axi_crossbar_inst.axi_crossbar_rd_inst.m_ifaces[1].trans_count_reg[2]$_SDFFE_PP0P_/D
473	0.1961	axi_crossbar_inst.axi_crossbar_wr_inst.s_ifaces[I].b_arb_inst.grant_valid_reg	axi_crossbar_inst.axi_crossbar_wr_inst.s_ifaces[I].b_arb_inst.grant_reg[J]	axi_crossbar_inst.axi_crossbar_wr_inst.s_ifaces[0].b_arb_inst.grant_valid_reg$_SDFFE_PP0P_/Q	axi_crossbar_inst.axi_crossbar_wr_inst.s_ifaces[0].b_arb_inst.grant_reg[0]$_SDFFE_PP0P_/D
474	0.1962	axi_crossbar_inst.axi_crossbar_wr_inst.m_ifaces[I].w_select_reg[J]	axi_crossbar_inst.axi_crossbar_wr_inst.m_ifaces[I].reg_inst.genblkJ.m_axi_wvalid_reg	axi_crossbar_inst.axi_crossbar_wr_inst.m_ifaces[1].w_select_reg[0]$_DFFE_PP_/Q	axi_crossbar_inst.axi_crossbar_wr_inst.m_ifaces[1].reg_inst.genblk2.m_axi_wvalid_reg$_SDFFE_PP0P_/D
475	0.1963	axi_crossbar_inst.axi_crossbar_wr_inst.s_ifaces[I].addr_inst.m_select_reg[J]	axi_crossbar_inst.axi_crossbar_wr_inst.m_ifaces[I].reg_inst.genblkJ.genblkK.m_axi_awvalid_reg	axi_crossbar_inst.axi_crossbar_wr_inst.s_ifaces[3].addr_inst.m_select_reg[2]$_DFF_P_/Q	axi_crossbar_inst.axi_crossbar_wr_inst.m_ifaces[6].reg_inst.genblk1.genblk1.m_axi_awvalid_reg$_SDFF_PP0_/D
476	0.1967	axi_crossbar_inst.axi_crossbar_wr_inst.s_ifaces[I].b_arb_inst.grant_valid_reg	axi_crossbar_inst.axi_crossbar_wr_inst.s_ifaces[I].b_arb_inst.mask_reg[J]	axi_crossbar_inst.axi_crossbar_wr_inst.s_ifaces[0].b_arb_inst.grant_valid_reg$_SDFFE_PP0P_/Q	axi_crossbar_inst.axi_crossbar_wr_inst.s_ifaces[0].b_arb_inst.mask_reg[4]$_SDFFE_PP0P_/D
477	0.1968	axi_crossbar_inst.axi_crossbar_wr_inst.s_ifaces[I].addr_inst.m_axi_avalid_reg	axi_crossbar_inst.axi_crossbar_wr_inst.m_ifaces[I].reg_inst.genblkJ.genblkK.m_axi_awvalid_reg	axi_crossbar_inst.axi_crossbar_wr_inst.s_ifaces[1].addr_inst.m_axi_avalid_reg$_SDFF_PP0_/Q	axi_crossbar_inst.axi_crossbar_wr_inst.m_ifaces[2].reg_inst.genblk1.genblk1.m_axi_awvalid_reg$_SDFF_PP0_/D
478	0.1977	mI_axi_wready	axi_crossbar_inst.axi_crossbar_wr_inst.m_ifaces[I].reg_inst.genblkJ.m_axi_wlast_reg	m00_axi_wready	axi_crossbar_inst.axi_crossbar_wr_inst.m_ifaces[0].reg_inst.genblk2.m_axi_wlast_reg$_DFFE_PP_/D
479	0.1981	axi_crossbar_inst.axi_crossbar_wr_inst.m_ifaces[I].reg_inst.genblkJ.genblkK.s_axi_awready_reg	axi_crossbar_inst.axi_crossbar_wr_inst.m_ifaces[I].trans_count_reg[J]	axi_crossbar_inst.axi_crossbar_wr_inst.m_ifaces[0].reg_inst.genblk1.genblk1.s_axi_awready_reg$_SDFF_PP0_/Q	axi_crossbar_inst.axi_crossbar_wr_inst.m_ifaces[0].trans_count_reg[2]$_SDFFE_PP0P_/D
480	0.1987	axi_crossbar_inst.axi_crossbar_wr_inst.m_ifaces[I].a_arb_inst.grant_encoded_reg[J]	axi_crossbar_inst.axi_crossbar_wr_inst.s_ifaces[I].addr_inst.state_reg[J]	axi_crossbar_inst.axi_crossbar_wr_inst.m_ifaces[5].a_arb_inst.grant_encoded_reg[0]$_SDFFE_PP0P_/Q	axi_crossbar_inst.axi_crossbar_wr_inst.s_ifaces[1].addr_inst.state_reg[0]$_SDFF_PP0_/D
481	0.1993	axi_crossbar_inst.axi_crossbar_wr_inst.m_ifaces[I].w_select_reg[J]	axi_crossbar_inst.axi_crossbar_wr_inst.m_ifaces[I].reg_inst.genblkJ.s_axi_wready_reg	axi_crossbar_inst.axi_crossbar_wr_inst.m_ifaces[0].w_select_reg[0]$_DFFE_PP_/Q	axi_crossbar_inst.axi_crossbar_wr_inst.m_ifaces[0].reg_inst.genblk2.s_axi_wready_reg$_SDFF_PP0_/D
482	0.2004	axi_crossbar_inst.axi_crossbar_wr_inst.s_ifaces[I].addr_inst.thread_id_reg[J][K]	axi_crossbar_inst.axi_crossbar_wr_inst.s_ifaces[I].addr_inst.m_axi_avalid_reg	axi_crossbar_inst.axi_crossbar_wr_inst.s_ifaces[7].addr_inst.thread_id_reg[1][0]$_DFFE_PP_/Q	axi_crossbar_inst.axi_crossbar_wr_inst.s_ifaces[7].addr_inst.m_axi_avalid_reg$_SDFF_PP0_/D
483	0.2004	axi_crossbar_inst.axi_crossbar_wr_inst.m_ifaces[I].reg_inst.genblkJ.s_axi_wready_reg	axi_crossbar_inst.axi_crossbar_wr_inst.m_ifaces[I].a_arb_inst.grant_reg[J]	axi_crossbar_inst.axi_crossbar_wr_inst.m_ifaces[6].reg_inst.genblk2.s_axi_wready_reg$_SDFF_PP0_/Q	axi_crossbar_inst.axi_crossbar_wr_inst.m_ifaces[6].a_arb_inst.grant_reg[5]$_SDFFE_PP0P_/D
484	0.2006	axi_crossbar_inst.axi_crossbar_rd_inst.s_ifaces[I].addr_inst.m_axi_avalid_reg	axi_crossbar_inst.axi_crossbar_rd_inst.m_ifaces[I].a_arb_inst.grant_valid_reg	axi_crossbar_inst.axi_crossbar_rd_inst.s_ifaces[2].addr_inst.m_axi_avalid_reg$_SDFF_PP0_/Q	axi_crossbar_inst.axi_crossbar_rd_inst.m_ifaces[6].a_arb_inst.grant_valid_reg$_SDFFE_PP0P_/D
485	0.2009	axi_crossbar_inst.axi_crossbar_rd_inst.s_ifaces[I].addr_inst.m_axi_avalid_reg	axi_crossbar_inst.axi_crossbar_rd_inst.m_ifaces[I].reg_inst.genblkJ.genblkK.s_axi_arready_reg	axi_crossbar_inst.axi_crossbar_rd_inst.s_ifaces[5].addr_inst.m_axi_avalid_reg$_SDFF_PP0_/Q	axi_crossbar_inst.axi_crossbar_rd_inst.m_ifaces[1].reg_inst.genblk1.genblk1.s_axi_arready_reg$_SDFF_PP0_/D
486	0.2011	axi_crossbar_inst.axi_crossbar_wr_inst.s_ifaces[I].w_drop_reg	axi_crossbar_inst.axi_crossbar_wr_inst.m_ifaces[I].a_arb_inst.grant_valid_reg	axi_crossbar_inst.axi_crossbar_wr_inst.s_ifaces[1].w_drop_reg$_DFF_P_/QN	axi_crossbar_inst.axi_crossbar_wr_inst.m_ifaces[4].a_arb_inst.grant_valid_reg$_SDFFE_PP0P_/D
487	0.2017	axi_crossbar_inst.axi_crossbar_wr_inst.m_ifaces[I].a_arb_inst.grant_valid_reg	axi_crossbar_inst.axi_crossbar_wr_inst.m_ifaces[I].a_arb_inst.grant_reg[J]	axi_crossbar_inst.axi_crossbar_wr_inst.m_ifaces[3].a_arb_inst.grant_valid_reg$_SDFFE_PP0P_/Q	axi_crossbar_inst.axi_crossbar_wr_inst.m_ifaces[3].a_arb_inst.grant_reg[4]$_SDFFE_PP0P_/D
488	0.2032	axi_crossbar_inst.axi_crossbar_wr_inst.s_ifaces[I].b_arb_inst.grant_encoded_reg[J]	axi_crossbar_inst.axi_crossbar_wr_inst.s_ifaces[I].reg_inst.genblkJ.genblkK.m_axi_bready_reg	axi_crossbar_inst.axi_crossbar_wr_inst.s_ifaces[7].b_arb_inst.grant_encoded_reg[1]$_SDFFE_PP0P_/Q	axi_crossbar_inst.axi_crossbar_wr_inst.s_ifaces[7].reg_inst.genblk3.genblk1.m_axi_bready_reg$_SDFF_PP0_/D
489	0.2050	axi_crossbar_inst.axi_crossbar_wr_inst.s_ifaces[I].b_arb_inst.grant_valid_reg	axi_crossbar_inst.axi_crossbar_wr_inst.s_ifaces[I].addr_inst.thread_id_reg[J][K]	axi_crossbar_inst.axi_crossbar_wr_inst.s_ifaces[2].b_arb_inst.grant_valid_reg$_SDFFE_PP0P_/Q	axi_crossbar_inst.axi_crossbar_wr_inst.s_ifaces[2].addr_inst.thread_id_reg[1][0]$_DFFE_PP_/D
490	0.2050	axi_crossbar_inst.axi_crossbar_wr_inst.s_ifaces[I].b_arb_inst.grant_valid_reg	axi_crossbar_inst.axi_crossbar_wr_inst.s_ifaces[I].addr_inst.thread_m_reg[J][K]	axi_crossbar_inst.axi_crossbar_wr_inst.s_ifaces[2].b_arb_inst.grant_valid_reg$_SDFFE_PP0P_/Q	axi_crossbar_inst.axi_crossbar_wr_inst.s_ifaces[2].addr_inst.thread_m_reg[1][0]$_DFFE_PP_/D
491	0.2069	axi_crossbar_inst.axi_crossbar_wr_inst.s_ifaces[I].reg_inst.genblkJ.genblkK.m_axi_bready_reg	axi_crossbar_inst.axi_crossbar_wr_inst.s_ifaces[I].b_arb_inst.grant_reg[J]	axi_crossbar_inst.axi_crossbar_wr_inst.s_ifaces[5].reg_inst.genblk3.genblk1.m_axi_bready_reg$_SDFF_PP0_/Q	axi_crossbar_inst.axi_crossbar_wr_inst.s_ifaces[5].b_arb_inst.grant_reg[0]$_SDFFE_PP0P_/D
492	0.2073	axi_crossbar_inst.axi_crossbar_rd_inst.s_ifaces[I].r_arb_inst.grant_valid_reg	axi_crossbar_inst.axi_crossbar_rd_inst.s_ifaces[I].addr_inst.thread_id_reg[J][K]	axi_crossbar_inst.axi_crossbar_rd_inst.s_ifaces[0].r_arb_inst.grant_valid_reg$_SDFFE_PP0P_/Q	axi_crossbar_inst.axi_crossbar_rd_inst.s_ifaces[0].addr_inst.thread_id_reg[1][0]$_DFFE_PP_/D
493	0.2073	axi_crossbar_inst.axi_crossbar_rd_inst.s_ifaces[I].r_arb_inst.grant_valid_reg	axi_crossbar_inst.axi_crossbar_rd_inst.s_ifaces[I].addr_inst.thread_m_reg[J][K]	axi_crossbar_inst.axi_crossbar_rd_inst.s_ifaces[0].r_arb_inst.grant_valid_reg$_SDFFE_PP0P_/Q	axi_crossbar_inst.axi_crossbar_rd_inst.s_ifaces[0].addr_inst.thread_m_reg[1][0]$_DFFE_PP_/D
494	0.2076	axi_crossbar_inst.axi_crossbar_wr_inst.s_ifaces[I].w_drop_reg	axi_crossbar_inst.axi_crossbar_wr_inst.m_ifaces[I].reg_inst.genblkJ.s_axi_wready_reg	axi_crossbar_inst.axi_crossbar_wr_inst.s_ifaces[1].w_drop_reg$_DFF_P_/QN	axi_crossbar_inst.axi_crossbar_wr_inst.m_ifaces[4].reg_inst.genblk2.s_axi_wready_reg$_SDFF_PP0_/D
495	0.2080	axi_crossbar_inst.axi_crossbar_wr_inst.s_ifaces[I].w_drop_reg	axi_crossbar_inst.axi_crossbar_wr_inst.m_ifaces[I].reg_inst.genblkJ.temp_m_axi_wvalid_reg	axi_crossbar_inst.axi_crossbar_wr_inst.s_ifaces[5].w_drop_reg$_DFF_P_/QN	axi_crossbar_inst.axi_crossbar_wr_inst.m_ifaces[1].reg_inst.genblk2.temp_m_axi_wvalid_reg$_SDFFE_PP0P_/D
496	0.2084	axi_crossbar_inst.axi_crossbar_rd_inst.m_ifaces[I].a_arb_inst.grant_encoded_reg[J]	axi_crossbar_inst.axi_crossbar_rd_inst.m_ifaces[I].reg_inst.genblkJ.genblkK.m_axi_arvalid_reg	axi_crossbar_inst.axi_crossbar_rd_inst.m_ifaces[1].a_arb_inst.grant_encoded_reg[1]$_SDFFE_PP0P_/Q	axi_crossbar_inst.axi_crossbar_rd_inst.m_ifaces[1].reg_inst.genblk1.genblk1.m_axi_arvalid_reg$_SDFF_PP0_/D
497	0.2089	axi_crossbar_inst.axi_crossbar_rd_inst.s_ifaces[I].addr_inst.thread_id_reg[J][K]	axi_crossbar_inst.axi_crossbar_rd_inst.s_ifaces[I].addr_inst.m_axi_avalid_reg	axi_crossbar_inst.axi_crossbar_rd_inst.s_ifaces[0].addr_inst.thread_id_reg[0][5]$_DFFE_PP_/Q	axi_crossbar_inst.axi_crossbar_rd_inst.s_ifaces[0].addr_inst.m_axi_avalid_reg$_SDFF_PP0_/D
498	0.2091	axi_crossbar_inst.axi_crossbar_wr_inst.s_ifaces[I].addr_inst.m_axi_avalid_reg	axi_crossbar_inst.axi_crossbar_wr_inst.m_ifaces[I].reg_inst.genblkJ.genblkK.s_axi_awready_reg	axi_crossbar_inst.axi_crossbar_wr_inst.s_ifaces[1].addr_inst.m_axi_avalid_reg$_SDFF_PP0_/Q	axi_crossbar_inst.axi_crossbar_wr_inst.m_ifaces[2].reg_inst.genblk1.genblk1.s_axi_awready_reg$_SDFF_PP0_/D
499	0.2092	mI_axi_wready	axi_crossbar_inst.axi_crossbar_wr_inst.m_ifaces[I].reg_inst.genblkJ.temp_m_axi_wlast_reg	m01_axi_wready	axi_crossbar_inst.axi_crossbar_wr_inst.m_ifaces[1].reg_inst.genblk2.temp_m_axi_wlast_reg$_DFFE_PP_/D
500	0.2096	axi_crossbar_inst.axi_crossbar_wr_inst.s_ifaces[I].w_drop_reg	axi_crossbar_inst.axi_crossbar_wr_inst.m_ifaces[I].reg_inst.genblkJ.m_axi_wvalid_reg	axi_crossbar_inst.axi_crossbar_wr_inst.s_ifaces[5].w_drop_reg$_DFF_P_/QN	axi_crossbar_inst.axi_crossbar_wr_inst.m_ifaces[1].reg_inst.genblk2.m_axi_wvalid_reg$_SDFFE_PP0P_/D
501	0.2098	axi_crossbar_inst.axi_crossbar_wr_inst.s_ifaces[I].addr_inst.thread_id_reg[J][K]	axi_crossbar_inst.axi_crossbar_wr_inst.s_ifaces[I].addr_inst.m_wc_valid_reg	axi_crossbar_inst.axi_crossbar_wr_inst.s_ifaces[3].addr_inst.thread_id_reg[1][5]$_DFFE_PP_/Q	axi_crossbar_inst.axi_crossbar_wr_inst.s_ifaces[3].addr_inst.m_wc_valid_reg$_SDFF_PP0_/D
502	0.2098	axi_crossbar_inst.axi_crossbar_wr_inst.s_ifaces[I].addr_inst.m_axi_avalid_reg	axi_crossbar_inst.axi_crossbar_wr_inst.m_ifaces[I].a_arb_inst.grant_valid_reg	axi_crossbar_inst.axi_crossbar_wr_inst.s_ifaces[3].addr_inst.m_axi_avalid_reg$_SDFF_PP0_/Q	axi_crossbar_inst.axi_crossbar_wr_inst.m_ifaces[2].a_arb_inst.grant_valid_reg$_SDFFE_PP0P_/D
503	0.2106	axi_crossbar_inst.axi_crossbar_wr_inst.s_ifaces[I].addr_inst.thread_count_reg[J][K]	axi_crossbar_inst.axi_crossbar_wr_inst.s_ifaces[I].addr_inst.m_rc_valid_reg	axi_crossbar_inst.axi_crossbar_wr_inst.s_ifaces[2].addr_inst.thread_count_reg[1][2]$_SDFFE_PP0P_/Q	axi_crossbar_inst.axi_crossbar_wr_inst.s_ifaces[2].addr_inst.m_rc_valid_reg$_SDFF_PP0_/D
504	0.2109	axi_crossbar_inst.axi_crossbar_wr_inst.s_ifaces[I].addr_inst.m_select_reg[J]	axi_crossbar_inst.axi_crossbar_wr_inst.m_ifaces[I].reg_inst.genblkJ.genblkK.s_axi_awready_reg	axi_crossbar_inst.axi_crossbar_wr_inst.s_ifaces[3].addr_inst.m_select_reg[2]$_DFF_P_/Q	axi_crossbar_inst.axi_crossbar_wr_inst.m_ifaces[6].reg_inst.genblk1.genblk1.s_axi_awready_reg$_SDFF_PP0_/D
505	0.2113	axi_crossbar_inst.axi_crossbar_wr_inst.m_ifaces[I].a_arb_inst.grant_encoded_reg[J]	axi_crossbar_inst.axi_crossbar_wr_inst.s_ifaces[I].addr_inst.m_axi_avalid_reg	axi_crossbar_inst.axi_crossbar_wr_inst.m_ifaces[4].a_arb_inst.grant_encoded_reg[1]$_SDFFE_PP0P_/Q	axi_crossbar_inst.axi_crossbar_wr_inst.s_ifaces[5].addr_inst.m_axi_avalid_reg$_SDFF_PP0_/D
506	0.2124	axi_crossbar_inst.axi_crossbar_wr_inst.s_ifaces[I].addr_inst.thread_id_reg[J][K]	axi_crossbar_inst.axi_crossbar_wr_inst.s_ifaces[I].addr_inst.m_rc_valid_reg	axi_crossbar_inst.axi_crossbar_wr_inst.s_ifaces[4].addr_inst.thread_id_reg[1][2]$_DFFE_PP_/Q	axi_crossbar_inst.axi_crossbar_wr_inst.s_ifaces[4].addr_inst.m_rc_valid_reg$_SDFF_PP0_/D
507	0.2130	axi_crossbar_inst.axi_crossbar_wr_inst.s_ifaces[I].addr_inst.thread_count_reg[J][K]	axi_crossbar_inst.axi_crossbar_wr_inst.s_ifaces[I].addr_inst.m_wc_valid_reg	axi_crossbar_inst.axi_crossbar_wr_inst.s_ifaces[2].addr_inst.thread_count_reg[1][2]$_SDFFE_PP0P_/Q	axi_crossbar_inst.axi_crossbar_wr_inst.s_ifaces[2].addr_inst.m_wc_valid_reg$_SDFF_PP0_/D
508	0.2133	axi_crossbar_inst.axi_crossbar_rd_inst.s_ifaces[I].decerr_m_axi_rlast_reg	axi_crossbar_inst.axi_crossbar_rd_inst.s_ifaces[I].addr_inst.thread_id_reg[J][K]	axi_crossbar_inst.axi_crossbar_rd_inst.s_ifaces[5].decerr_m_axi_rlast_reg$_DFFE_PP_/Q	axi_crossbar_inst.axi_crossbar_rd_inst.s_ifaces[5].addr_inst.thread_id_reg[1][0]$_DFFE_PP_/D
509	0.2133	axi_crossbar_inst.axi_crossbar_rd_inst.s_ifaces[I].decerr_m_axi_rlast_reg	axi_crossbar_inst.axi_crossbar_rd_inst.s_ifaces[I].addr_inst.thread_m_reg[J][K]	axi_crossbar_inst.axi_crossbar_rd_inst.s_ifaces[5].decerr_m_axi_rlast_reg$_DFFE_PP_/Q	axi_crossbar_inst.axi_crossbar_rd_inst.s_ifaces[5].addr_inst.thread_m_reg[1][0]$_DFFE_PP_/D
510	0.2136	axi_crossbar_inst.axi_crossbar_rd_inst.s_ifaces[I].r_arb_inst.grant_encoded_reg[J]	axi_crossbar_inst.axi_crossbar_rd_inst.s_ifaces[I].reg_inst.genblkJ.m_axi_rready_reg	axi_crossbar_inst.axi_crossbar_rd_inst.s_ifaces[1].r_arb_inst.grant_encoded_reg[1]$_SDFFE_PP0P_/Q	axi_crossbar_inst.axi_crossbar_rd_inst.s_ifaces[1].reg_inst.genblk2.m_axi_rready_reg$_SDFF_PP0_/D
511	0.2137	axi_crossbar_inst.axi_crossbar_rd_inst.s_ifaces[I].r_arb_inst.grant_encoded_reg[J]	axi_crossbar_inst.axi_crossbar_rd_inst.s_ifaces[I].reg_inst.genblkJ.s_axi_rlast_reg	axi_crossbar_inst.axi_crossbar_rd_inst.s_ifaces[3].r_arb_inst.grant_encoded_reg[1]$_SDFFE_PP0P_/Q	axi_crossbar_inst.axi_crossbar_rd_inst.s_ifaces[3].reg_inst.genblk2.s_axi_rlast_reg$_DFFE_PP_/D
512	0.2141	axi_crossbar_inst.axi_crossbar_rd_inst.s_ifaces[I].r_arb_inst.grant_encoded_reg[J]	axi_crossbar_inst.axi_crossbar_rd_inst.s_ifaces[I].reg_inst.genblkJ.s_axi_rvalid_reg	axi_crossbar_inst.axi_crossbar_rd_inst.s_ifaces[3].r_arb_inst.grant_encoded_reg[1]$_SDFFE_PP0P_/Q	axi_crossbar_inst.axi_crossbar_rd_inst.s_ifaces[3].reg_inst.genblk2.s_axi_rvalid_reg$_SDFFE_PP0P_/D
513	0.2152	axi_crossbar_inst.axi_crossbar_wr_inst.m_ifaces[I].reg_inst.genblkJ.s_axi_wready_reg	axi_crossbar_inst.axi_crossbar_wr_inst.m_ifaces[I].a_arb_inst.grant_encoded_reg[J]	axi_crossbar_inst.axi_crossbar_wr_inst.m_ifaces[6].reg_inst.genblk2.s_axi_wready_reg$_SDFF_PP0_/Q	axi_crossbar_inst.axi_crossbar_wr_inst.m_ifaces[6].a_arb_inst.grant_encoded_reg[0]$_SDFFE_PP0P_/D
514	0.2155	axi_crossbar_inst.axi_crossbar_rd_inst.s_ifaces[I].addr_inst.m_select_reg[J]	axi_crossbar_inst.axi_crossbar_rd_inst.s_ifaces[I].addr_inst.state_reg[J]	axi_crossbar_inst.axi_crossbar_rd_inst.s_ifaces[6].addr_inst.m_select_reg[0]$_DFF_P_/Q	axi_crossbar_inst.axi_crossbar_rd_inst.s_ifaces[6].addr_inst.state_reg[0]$_SDFF_PP0_/D
515	0.2160	axi_crossbar_inst.axi_crossbar_rd_inst.m_ifaces[I].a_arb_inst.grant_encoded_reg[J]	axi_crossbar_inst.axi_crossbar_rd_inst.s_ifaces[I].addr_inst.s_axi_aready_reg	axi_crossbar_inst.axi_crossbar_rd_inst.m_ifaces[1].a_arb_inst.grant_encoded_reg[1]$_SDFFE_PP0P_/Q	axi_crossbar_inst.axi_crossbar_rd_inst.s_ifaces[1].addr_inst.s_axi_aready_reg$_SDFF_PP0_/D
516	0.2171	axi_crossbar_inst.axi_crossbar_wr_inst.s_ifaces[I].w_select_valid_reg	axi_crossbar_inst.axi_crossbar_wr_inst.m_ifaces[I].w_select_valid_reg	axi_crossbar_inst.axi_crossbar_wr_inst.s_ifaces[3].w_select_valid_reg$_SDFF_PP0_/Q	axi_crossbar_inst.axi_crossbar_wr_inst.m_ifaces[4].w_select_valid_reg$_SDFF_PP0_/D
517	0.2177	axi_crossbar_inst.axi_crossbar_rd_inst.s_ifaces[I].decerr_len_reg[J]	axi_crossbar_inst.axi_crossbar_rd_inst.s_ifaces[I].decerr_m_axi_rlast_reg	axi_crossbar_inst.axi_crossbar_rd_inst.s_ifaces[4].decerr_len_reg[1]$_DFFE_PP_/QN	axi_crossbar_inst.axi_crossbar_rd_inst.s_ifaces[4].decerr_m_axi_rlast_reg$_DFFE_PP_/D
518	0.2178	axi_crossbar_inst.axi_crossbar_wr_inst.s_ifaces[I].w_select_reg[J]	axi_crossbar_inst.axi_crossbar_wr_inst.m_ifaces[I].w_select_valid_reg	axi_crossbar_inst.axi_crossbar_wr_inst.s_ifaces[1].w_select_reg[2]$_DFFE_PP_/Q	axi_crossbar_inst.axi_crossbar_wr_inst.m_ifaces[4].w_select_valid_reg$_SDFF_PP0_/D
519	0.2188	axi_crossbar_inst.axi_crossbar_wr_inst.s_ifaces[I].addr_inst.thread_count_reg[J][K]	axi_crossbar_inst.axi_crossbar_wr_inst.s_ifaces[I].addr_inst.m_axi_avalid_reg	axi_crossbar_inst.axi_crossbar_wr_inst.s_ifaces[6].addr_inst.thread_count_reg[0][2]$_SDFFE_PP0P_/Q	axi_crossbar_inst.axi_crossbar_wr_inst.s_ifaces[6].addr_inst.m_axi_avalid_reg$_SDFF_PP0_/D
520	0.2192	axi_crossbar_inst.axi_crossbar_rd_inst.s_ifaces[I].decerr_m_axi_rvalid_reg	axi_crossbar_inst.axi_crossbar_rd_inst.s_ifaces[I].r_arb_inst.grant_encoded_reg[J]	axi_crossbar_inst.axi_crossbar_rd_inst.s_ifaces[3].decerr_m_axi_rvalid_reg$_SDFF_PP0_/Q	axi_crossbar_inst.axi_crossbar_rd_inst.s_ifaces[3].r_arb_inst.grant_encoded_reg[0]$_SDFFE_PP0P_/D
521	0.2196	axi_crossbar_inst.axi_crossbar_rd_inst.s_ifaces[I].addr_inst.thread_id_reg[J][K]	axi_crossbar_inst.axi_crossbar_rd_inst.s_ifaces[I].addr_inst.m_rc_valid_reg	axi_crossbar_inst.axi_crossbar_rd_inst.s_ifaces[0].addr_inst.thread_id_reg[0][5]$_DFFE_PP_/Q	axi_crossbar_inst.axi_crossbar_rd_inst.s_ifaces[0].addr_inst.m_rc_valid_reg$_SDFF_PP0_/D
522	0.2205	axi_crossbar_inst.axi_crossbar_rd_inst.s_ifaces[I].reg_inst.genblkJ.m_axi_rready_reg	axi_crossbar_inst.axi_crossbar_rd_inst.s_ifaces[I].r_arb_inst.grant_reg[J]	axi_crossbar_inst.axi_crossbar_rd_inst.s_ifaces[2].reg_inst.genblk2.m_axi_rready_reg$_SDFF_PP0_/Q	axi_crossbar_inst.axi_crossbar_rd_inst.s_ifaces[2].r_arb_inst.grant_reg[0]$_SDFFE_PP0P_/D
523	0.2207	mI_axi_wready	axi_crossbar_inst.axi_crossbar_wr_inst.m_ifaces[I].reg_inst.genblkJ.m_axi_wvalid_reg	m00_axi_wready	axi_crossbar_inst.axi_crossbar_wr_inst.m_ifaces[0].reg_inst.genblk2.m_axi_wvalid_reg$_SDFFE_PP0P_/D
524	0.2208	axi_crossbar_inst.axi_crossbar_rd_inst.s_ifaces[I].addr_inst.m_select_reg[J]	axi_crossbar_inst.axi_crossbar_rd_inst.s_ifaces[I].addr_inst.m_axi_avalid_reg	axi_crossbar_inst.axi_crossbar_rd_inst.s_ifaces[7].addr_inst.m_select_reg[0]$_DFF_P_/Q	axi_crossbar_inst.axi_crossbar_rd_inst.s_ifaces[7].addr_inst.m_axi_avalid_reg$_SDFF_PP0_/D
525	0.2217	axi_crossbar_inst.axi_crossbar_wr_inst.s_ifaces[I].b_arb_inst.grant_encoded_reg[J]	axi_crossbar_inst.axi_crossbar_wr_inst.s_ifaces[I].reg_inst.genblkJ.genblkK.s_axi_bvalid_reg	axi_crossbar_inst.axi_crossbar_wr_inst.s_ifaces[7].b_arb_inst.grant_encoded_reg[1]$_SDFFE_PP0P_/Q	axi_crossbar_inst.axi_crossbar_wr_inst.s_ifaces[7].reg_inst.genblk3.genblk1.s_axi_bvalid_reg$_SDFF_PP0_/D
526	0.2221	axi_crossbar_inst.axi_crossbar_wr_inst.s_ifaces[I].addr_inst.m_select_reg[J]	axi_crossbar_inst.axi_crossbar_wr_inst.s_ifaces[I].addr_inst.m_axi_avalid_reg	axi_crossbar_inst.axi_crossbar_wr_inst.s_ifaces[5].addr_inst.m_select_reg[0]$_DFF_P_/Q	axi_crossbar_inst.axi_crossbar_wr_inst.s_ifaces[5].addr_inst.m_axi_avalid_reg$_SDFF_PP0_/D
527	0.2237	axi_crossbar_inst.axi_crossbar_rd_inst.m_ifaces[I].reg_inst.genblkJ.genblkK.s_axi_arready_reg	axi_crossbar_inst.axi_crossbar_rd_inst.s_ifaces[I].addr_inst.s_axi_aready_reg	axi_crossbar_inst.axi_crossbar_rd_inst.m_ifaces[7].reg_inst.genblk1.genblk1.s_axi_arready_reg$_SDFF_PP0_/Q	axi_crossbar_inst.axi_crossbar_rd_inst.s_ifaces[1].addr_inst.s_axi_aready_reg$_SDFF_PP0_/D
528	0.2239	axi_crossbar_inst.axi_crossbar_rd_inst.s_ifaces[I].decerr_m_axi_rlast_reg	axi_crossbar_inst.axi_crossbar_rd_inst.s_ifaces[I].r_arb_inst.mask_reg[J]	axi_crossbar_inst.axi_crossbar_rd_inst.s_ifaces[0].decerr_m_axi_rlast_reg$_DFFE_PP_/Q	axi_crossbar_inst.axi_crossbar_rd_inst.s_ifaces[0].r_arb_inst.mask_reg[1]$_SDFFE_PP0P_/D
529	0.2241	sI_axi_rready	axi_crossbar_inst.axi_crossbar_rd_inst.s_ifaces[I].reg_inst.genblkJ.m_axi_rready_reg	s00_axi_rready	axi_crossbar_inst.axi_crossbar_rd_inst.s_ifaces[0].reg_inst.genblk2.m_axi_rready_reg$_SDFF_PP0_/D
530	0.2248	axi_crossbar_inst.axi_crossbar_rd_inst.m_ifaces[I].reg_inst.genblkJ.genblkK.s_axi_arready_reg	axi_crossbar_inst.axi_crossbar_rd_inst.s_ifaces[I].addr_inst.state_reg[J]	axi_crossbar_inst.axi_crossbar_rd_inst.m_ifaces[4].reg_inst.genblk1.genblk1.s_axi_arready_reg$_SDFF_PP0_/Q	axi_crossbar_inst.axi_crossbar_rd_inst.s_ifaces[5].addr_inst.state_reg[0]$_SDFF_PP0_/D
531	0.2254	axi_crossbar_inst.axi_crossbar_rd_inst.m_ifaces[I].a_arb_inst.grant_encoded_reg[J]	axi_crossbar_inst.axi_crossbar_rd_inst.s_ifaces[I].addr_inst.state_reg[J]	axi_crossbar_inst.axi_crossbar_rd_inst.m_ifaces[1].a_arb_inst.grant_encoded_reg[2]$_SDFFE_PP0P_/Q	axi_crossbar_inst.axi_crossbar_rd_inst.s_ifaces[6].addr_inst.state_reg[0]$_SDFF_PP0_/D
532	0.2258	axi_crossbar_inst.axi_crossbar_rd_inst.s_ifaces[I].r_arb_inst.grant_valid_reg	axi_crossbar_inst.axi_crossbar_rd_inst.s_ifaces[I].r_arb_inst.mask_reg[J]	axi_crossbar_inst.axi_crossbar_rd_inst.s_ifaces[0].r_arb_inst.grant_valid_reg$_SDFFE_PP0P_/Q	axi_crossbar_inst.axi_crossbar_rd_inst.s_ifaces[0].r_arb_inst.mask_reg[1]$_SDFFE_PP0P_/D
533	0.2287	axi_crossbar_inst.axi_crossbar_wr_inst.m_ifaces[I].w_select_new_reg	axi_crossbar_inst.axi_crossbar_wr_inst.m_ifaces[I].a_arb_inst.grant_reg[J]	axi_crossbar_inst.axi_crossbar_wr_inst.m_ifaces[3].w_select_new_reg$_SDFF_PP1_/Q	axi_crossbar_inst.axi_crossbar_wr_inst.m_ifaces[3].a_arb_inst.grant_reg[4]$_SDFFE_PP0P_/D
534	0.2294	sI_axi_arlen[J]	axi_crossbar_inst.axi_crossbar_rd_inst.s_ifaces[I].decerr_len_reg[J]	s00_axi_arlen[5]	axi_crossbar_inst.axi_crossbar_rd_inst.s_ifaces[0].decerr_len_reg[5]$_DFFE_PP_/D
535	0.2295	axi_crossbar_inst.axi_crossbar_wr_inst.m_ifaces[I].a_arb_inst.grant_valid_reg	axi_crossbar_inst.axi_crossbar_wr_inst.m_ifaces[I].trans_count_reg[J]	axi_crossbar_inst.axi_crossbar_wr_inst.m_ifaces[7].a_arb_inst.grant_valid_reg$_SDFFE_PP0P_/Q	axi_crossbar_inst.axi_crossbar_wr_inst.m_ifaces[7].trans_count_reg[2]$_SDFFE_PP0P_/D
536	0.2298	axi_crossbar_inst.axi_crossbar_rd_inst.s_ifaces[I].addr_inst.m_select_reg[J]	axi_crossbar_inst.axi_crossbar_rd_inst.s_ifaces[I].addr_inst.m_rc_valid_reg	axi_crossbar_inst.axi_crossbar_rd_inst.s_ifaces[1].addr_inst.m_select_reg[0]$_DFF_P_/Q	axi_crossbar_inst.axi_crossbar_rd_inst.s_ifaces[1].addr_inst.m_rc_valid_reg$_SDFF_PP0_/D
537	0.2299	axi_crossbar_inst.axi_crossbar_wr_inst.s_ifaces[I].reg_inst.genblkJ.genblkK.m_axi_bready_reg	axi_crossbar_inst.axi_crossbar_wr_inst.s_ifaces[I].b_arb_inst.mask_reg[J]	axi_crossbar_inst.axi_crossbar_wr_inst.s_ifaces[5].reg_inst.genblk3.genblk1.m_axi_bready_reg$_SDFF_PP0_/Q	axi_crossbar_inst.axi_crossbar_wr_inst.s_ifaces[5].b_arb_inst.mask_reg[1]$_SDFFE_PP0P_/D
538	0.2309	axi_crossbar_inst.axi_crossbar_rd_inst.s_ifaces[I].addr_inst.m_select_reg[J]	axi_crossbar_inst.axi_crossbar_rd_inst.s_ifaces[I].addr_inst.s_axi_aready_reg	axi_crossbar_inst.axi_crossbar_rd_inst.s_ifaces[1].addr_inst.m_select_reg[0]$_DFF_P_/Q	axi_crossbar_inst.axi_crossbar_rd_inst.s_ifaces[1].addr_inst.s_axi_aready_reg$_SDFF_PP0_/D
539	0.2315	axi_crossbar_inst.axi_crossbar_rd_inst.s_ifaces[I].addr_inst.thread_id_reg[J][K]	axi_crossbar_inst.axi_crossbar_rd_inst.s_ifaces[I].addr_inst.state_reg[J]	axi_crossbar_inst.axi_crossbar_rd_inst.s_ifaces[5].addr_inst.thread_id_reg[0][6]$_DFFE_PP_/Q	axi_crossbar_inst.axi_crossbar_rd_inst.s_ifaces[5].addr_inst.state_reg[0]$_SDFF_PP0_/D
540	0.2323	axi_crossbar_inst.axi_crossbar_rd_inst.s_ifaces[I].decerr_len_reg[J]	axi_crossbar_inst.axi_crossbar_rd_inst.s_ifaces[I].decerr_len_reg[J]	axi_crossbar_inst.axi_crossbar_rd_inst.s_ifaces[6].decerr_len_reg[1]$_DFFE_PP_/Q	axi_crossbar_inst.axi_crossbar_rd_inst.s_ifaces[6].decerr_len_reg[7]$_DFFE_PP_/D
541	0.2324	axi_crossbar_inst.axi_crossbar_wr_inst.m_ifaces[I].w_select_reg[J]	axi_crossbar_inst.axi_crossbar_wr_inst.m_ifaces[I].w_select_valid_reg	axi_crossbar_inst.axi_crossbar_wr_inst.m_ifaces[4].w_select_reg[1]$_DFFE_PP_/Q	axi_crossbar_inst.axi_crossbar_wr_inst.m_ifaces[4].w_select_valid_reg$_SDFF_PP0_/D
542	0.2348	axi_crossbar_inst.axi_crossbar_wr_inst.s_ifaces[I].b_arb_inst.grant_valid_reg	axi_crossbar_inst.axi_crossbar_wr_inst.s_ifaces[I].b_arb_inst.grant_encoded_reg[J]	axi_crossbar_inst.axi_crossbar_wr_inst.s_ifaces[0].b_arb_inst.grant_valid_reg$_SDFFE_PP0P_/Q	axi_crossbar_inst.axi_crossbar_wr_inst.s_ifaces[0].b_arb_inst.grant_encoded_reg[2]$_SDFFE_PP0P_/D
543	0.2354	axi_crossbar_inst.axi_crossbar_wr_inst.m_ifaces[I].a_arb_inst.grant_valid_reg	axi_crossbar_inst.axi_crossbar_wr_inst.m_ifaces[I].a_arb_inst.grant_encoded_reg[J]	axi_crossbar_inst.axi_crossbar_wr_inst.m_ifaces[2].a_arb_inst.grant_valid_reg$_SDFFE_PP0P_/Q	axi_crossbar_inst.axi_crossbar_wr_inst.m_ifaces[2].a_arb_inst.grant_encoded_reg[0]$_SDFFE_PP0P_/D
544	0.2361	axi_crossbar_inst.axi_crossbar_rd_inst.s_ifaces[I].r_arb_inst.grant_valid_reg	axi_crossbar_inst.axi_crossbar_rd_inst.s_ifaces[I].decerr_len_reg[J]	axi_crossbar_inst.axi_crossbar_rd_inst.s_ifaces[0].r_arb_inst.grant_valid_reg$_SDFFE_PP0P_/Q	axi_crossbar_inst.axi_crossbar_rd_inst.s_ifaces[0].decerr_len_reg[0]$_DFFE_PP_/D
545	0.2361	axi_crossbar_inst.axi_crossbar_rd_inst.s_ifaces[I].r_arb_inst.grant_valid_reg	axi_crossbar_inst.axi_crossbar_rd_inst.s_ifaces[I].decerr_m_axi_rlast_reg	axi_crossbar_inst.axi_crossbar_rd_inst.s_ifaces[0].r_arb_inst.grant_valid_reg$_SDFFE_PP0P_/Q	axi_crossbar_inst.axi_crossbar_rd_inst.s_ifaces[0].decerr_m_axi_rlast_reg$_DFFE_PP_/D
546	0.2368	axi_crossbar_inst.axi_crossbar_wr_inst.s_ifaces[I].addr_inst.state_reg[J]	axi_crossbar_inst.axi_crossbar_wr_inst.s_ifaces[I].addr_inst.thread_id_reg[J][K]	axi_crossbar_inst.axi_crossbar_wr_inst.s_ifaces[2].addr_inst.state_reg[1]$_SDFF_PP0_/Q	axi_crossbar_inst.axi_crossbar_wr_inst.s_ifaces[2].addr_inst.thread_id_reg[1][0]$_DFFE_PP_/D
547	0.2368	axi_crossbar_inst.axi_crossbar_wr_inst.s_ifaces[I].addr_inst.state_reg[J]	axi_crossbar_inst.axi_crossbar_wr_inst.s_ifaces[I].addr_inst.thread_m_reg[J][K]	axi_crossbar_inst.axi_crossbar_wr_inst.s_ifaces[2].addr_inst.state_reg[1]$_SDFF_PP0_/Q	axi_crossbar_inst.axi_crossbar_wr_inst.s_ifaces[2].addr_inst.thread_m_reg[1][0]$_DFFE_PP_/D
548	0.2374	axi_crossbar_inst.axi_crossbar_wr_inst.s_ifaces[I].addr_inst.m_select_reg[J]	axi_crossbar_inst.axi_crossbar_wr_inst.s_ifaces[I].addr_inst.m_rc_valid_reg	axi_crossbar_inst.axi_crossbar_wr_inst.s_ifaces[3].addr_inst.m_select_reg[1]$_DFF_P_/Q	axi_crossbar_inst.axi_crossbar_wr_inst.s_ifaces[3].addr_inst.m_rc_valid_reg$_SDFF_PP0_/D
549	0.2375	sI_axi_arvalid	axi_crossbar_inst.axi_crossbar_rd_inst.s_ifaces[I].addr_inst.m_decerr_reg	s02_axi_arvalid	axi_crossbar_inst.axi_crossbar_rd_inst.s_ifaces[2].addr_inst.m_decerr_reg$_DFFE_PP_/D
550	0.2380	sI_axi_awvalid	axi_crossbar_inst.axi_crossbar_wr_inst.s_ifaces[I].addr_inst.m_decerr_reg	s00_axi_awvalid	axi_crossbar_inst.axi_crossbar_wr_inst.s_ifaces[0].addr_inst.m_decerr_reg$_DFFE_PP_/D
551	0.2387	sI_axi_wlast	axi_crossbar_inst.axi_crossbar_wr_inst.s_ifaces[I].w_select_valid_reg	s03_axi_wlast	axi_crossbar_inst.axi_crossbar_wr_inst.s_ifaces[3].w_select_valid_reg$_SDFF_PP0_/D
552	0.2399	axi_crossbar_inst.axi_crossbar_rd_inst.m_ifaces[I].a_arb_inst.grant_valid_reg	axi_crossbar_inst.axi_crossbar_rd_inst.s_ifaces[I].addr_inst.state_reg[J]	axi_crossbar_inst.axi_crossbar_rd_inst.m_ifaces[1].a_arb_inst.grant_valid_reg$_SDFFE_PP0P_/Q	axi_crossbar_inst.axi_crossbar_rd_inst.s_ifaces[6].addr_inst.state_reg[0]$_SDFF_PP0_/D
553	0.2401	axi_crossbar_inst.axi_crossbar_wr_inst.s_ifaces[I].decerr_m_axi_bvalid_reg	axi_crossbar_inst.axi_crossbar_wr_inst.s_ifaces[I].b_arb_inst.grant_valid_reg	axi_crossbar_inst.axi_crossbar_wr_inst.s_ifaces[1].decerr_m_axi_bvalid_reg$_SDFF_PP0_/Q	axi_crossbar_inst.axi_crossbar_wr_inst.s_ifaces[1].b_arb_inst.grant_valid_reg$_SDFFE_PP0P_/D
554	0.2401	axi_crossbar_inst.axi_crossbar_rd_inst.s_ifaces[I].reg_inst.genblkJ.m_axi_rready_reg	axi_crossbar_inst.axi_crossbar_rd_inst.s_ifaces[I].r_arb_inst.grant_encoded_reg[J]	axi_crossbar_inst.axi_crossbar_rd_inst.s_ifaces[0].reg_inst.genblk2.m_axi_rready_reg$_SDFF_PP0_/Q	axi_crossbar_inst.axi_crossbar_rd_inst.s_ifaces[0].r_arb_inst.grant_encoded_reg[2]$_SDFFE_PP0P_/D
555	0.2431	axi_crossbar_inst.axi_crossbar_wr_inst.s_ifaces[I].addr_inst.m_select_reg[J]	axi_crossbar_inst.axi_crossbar_wr_inst.s_ifaces[I].addr_inst.m_wc_valid_reg	axi_crossbar_inst.axi_crossbar_wr_inst.s_ifaces[7].addr_inst.m_select_reg[2]$_DFF_P_/Q	axi_crossbar_inst.axi_crossbar_wr_inst.s_ifaces[7].addr_inst.m_wc_valid_reg$_SDFF_PP0_/D
556	0.2433	axi_crossbar_inst.axi_crossbar_rd_inst.s_ifaces[I].r_arb_inst.grant_reg[J]	axi_crossbar_inst.axi_crossbar_rd_inst.s_ifaces[I].r_arb_inst.grant_valid_reg	axi_crossbar_inst.axi_crossbar_rd_inst.s_ifaces[1].r_arb_inst.grant_reg[6]$_SDFFE_PP0P_/Q	axi_crossbar_inst.axi_crossbar_rd_inst.s_ifaces[1].r_arb_inst.grant_valid_reg$_SDFFE_PP0P_/D
557	0.2435	axi_crossbar_inst.axi_crossbar_wr_inst.m_ifaces[I].w_select_reg[J]	axi_crossbar_inst.axi_crossbar_wr_inst.m_ifaces[I].reg_inst.genblkJ.m_axi_wlast_reg	axi_crossbar_inst.axi_crossbar_wr_inst.m_ifaces[7].w_select_reg[0]$_DFFE_PP_/Q	axi_crossbar_inst.axi_crossbar_wr_inst.m_ifaces[7].reg_inst.genblk2.m_axi_wlast_reg$_DFFE_PP_/D
558	0.2435	axi_crossbar_inst.axi_crossbar_wr_inst.m_ifaces[I].reg_inst.genblkJ.s_axi_wready_reg	axi_crossbar_inst.axi_crossbar_wr_inst.m_ifaces[I].reg_inst.genblkJ.m_axi_wdata_reg[K]	axi_crossbar_inst.axi_crossbar_wr_inst.m_ifaces[7].reg_inst.genblk2.s_axi_wready_reg$_SDFF_PP0_/Q	axi_crossbar_inst.axi_crossbar_wr_inst.m_ifaces[7].reg_inst.genblk2.m_axi_wdata_reg[10]$_DFFE_PP_/D
559	0.2439	axi_crossbar_inst.axi_crossbar_wr_inst.m_ifaces[I].reg_inst.genblkJ.genblkK.s_axi_awready_reg	axi_crossbar_inst.axi_crossbar_wr_inst.m_ifaces[I].a_arb_inst.mask_reg[J]	axi_crossbar_inst.axi_crossbar_wr_inst.m_ifaces[6].reg_inst.genblk1.genblk1.s_axi_awready_reg$_SDFF_PP0_/Q	axi_crossbar_inst.axi_crossbar_wr_inst.m_ifaces[6].a_arb_inst.mask_reg[0]$_SDFFE_PP0P_/D
560	0.2450	axi_crossbar_inst.axi_crossbar_rd_inst.m_ifaces[I].a_arb_inst.grant_encoded_reg[J]	axi_crossbar_inst.axi_crossbar_rd_inst.s_ifaces[I].addr_inst.m_axi_avalid_reg	axi_crossbar_inst.axi_crossbar_rd_inst.m_ifaces[1].a_arb_inst.grant_encoded_reg[1]$_SDFFE_PP0P_/Q	axi_crossbar_inst.axi_crossbar_rd_inst.s_ifaces[1].addr_inst.m_axi_avalid_reg$_SDFF_PP0_/D
561	0.2450	axi_crossbar_inst.axi_crossbar_wr_inst.m_ifaces[I].reg_inst.genblkJ.genblkK.s_axi_awready_reg	axi_crossbar_inst.axi_crossbar_wr_inst.s_ifaces[I].addr_inst.m_axi_avalid_reg	axi_crossbar_inst.axi_crossbar_wr_inst.m_ifaces[7].reg_inst.genblk1.genblk1.s_axi_awready_reg$_SDFF_PP0_/Q	axi_crossbar_inst.axi_crossbar_wr_inst.s_ifaces[0].addr_inst.m_axi_avalid_reg$_SDFF_PP0_/D
562	0.2458	mI_axi_wready	axi_crossbar_inst.axi_crossbar_wr_inst.m_ifaces[I].reg_inst.genblkJ.s_axi_wready_reg	m00_axi_wready	axi_crossbar_inst.axi_crossbar_wr_inst.m_ifaces[0].reg_inst.genblk2.s_axi_wready_reg$_SDFF_PP0_/D
563	0.2460	axi_crossbar_inst.axi_crossbar_wr_inst.m_ifaces[I].w_select_valid_reg	axi_crossbar_inst.axi_crossbar_wr_inst.m_ifaces[I].a_arb_inst.grant_reg[J]	axi_crossbar_inst.axi_crossbar_wr_inst.m_ifaces[3].w_select_valid_reg$_SDFF_PP0_/QN	axi_crossbar_inst.axi_crossbar_wr_inst.m_ifaces[3].a_arb_inst.grant_reg[4]$_SDFFE_PP0P_/D
564	0.2460	axi_crossbar_inst.axi_crossbar_wr_inst.m_ifaces[I].reg_inst.genblkJ.s_axi_wready_reg	axi_crossbar_inst.axi_crossbar_wr_inst.s_ifaces[I].w_select_valid_reg	axi_crossbar_inst.axi_crossbar_wr_inst.m_ifaces[3].reg_inst.genblk2.s_axi_wready_reg$_SDFF_PP0_/Q	axi_crossbar_inst.axi_crossbar_wr_inst.s_ifaces[4].w_select_valid_reg$_SDFF_PP0_/D
565	0.2468	axi_crossbar_inst.axi_crossbar_wr_inst.s_ifaces[I].addr_inst.m_axi_avalid_reg	axi_crossbar_inst.axi_crossbar_wr_inst.m_ifaces[I].w_select_new_reg	axi_crossbar_inst.axi_crossbar_wr_inst.s_ifaces[0].addr_inst.m_axi_avalid_reg$_SDFF_PP0_/Q	axi_crossbar_inst.axi_crossbar_wr_inst.m_ifaces[7].w_select_new_reg$_SDFF_PP1_/D
566	0.2489	axi_crossbar_inst.axi_crossbar_wr_inst.m_ifaces[I].reg_inst.genblkJ.genblkK.s_axi_awready_reg	axi_crossbar_inst.axi_crossbar_wr_inst.m_ifaces[I].a_arb_inst.grant_reg[J]	axi_crossbar_inst.axi_crossbar_wr_inst.m_ifaces[1].reg_inst.genblk1.genblk1.s_axi_awready_reg$_SDFF_PP0_/Q	axi_crossbar_inst.axi_crossbar_wr_inst.m_ifaces[1].a_arb_inst.grant_reg[6]$_SDFFE_PP0P_/D
567	0.2510	axi_crossbar_inst.axi_crossbar_wr_inst.m_ifaces[I].a_arb_inst.grant_valid_reg	axi_crossbar_inst.axi_crossbar_wr_inst.s_ifaces[I].addr_inst.m_axi_avalid_reg	axi_crossbar_inst.axi_crossbar_wr_inst.m_ifaces[7].a_arb_inst.grant_valid_reg$_SDFFE_PP0P_/Q	axi_crossbar_inst.axi_crossbar_wr_inst.s_ifaces[0].addr_inst.m_axi_avalid_reg$_SDFF_PP0_/D
568	0.2515	sI_axi_arid[J]	axi_crossbar_inst.axi_crossbar_rd_inst.s_ifaces[I].decerr_m_axi_rid_reg[J]	s00_axi_arid[0]	axi_crossbar_inst.axi_crossbar_rd_inst.s_ifaces[0].decerr_m_axi_rid_reg[0]$_DFFE_PP_/D
569	0.2517	sI_axi_awid[J]	axi_crossbar_inst.axi_crossbar_wr_inst.s_ifaces[I].decerr_m_axi_bid_reg[J]	s01_axi_awid[0]	axi_crossbar_inst.axi_crossbar_wr_inst.s_ifaces[1].decerr_m_axi_bid_reg[0]$_DFFE_PP_/D
570	0.2517	axi_crossbar_inst.axi_crossbar_rd_inst.m_ifaces[I].a_arb_inst.grant_valid_reg	axi_crossbar_inst.axi_crossbar_rd_inst.s_ifaces[I].addr_inst.s_axi_aready_reg	axi_crossbar_inst.axi_crossbar_rd_inst.m_ifaces[1].a_arb_inst.grant_valid_reg$_SDFFE_PP0P_/Q	axi_crossbar_inst.axi_crossbar_rd_inst.s_ifaces[1].addr_inst.s_axi_aready_reg$_SDFF_PP0_/D
571	0.2518	axi_crossbar_inst.axi_crossbar_wr_inst.s_ifaces[I].w_drop_reg	axi_crossbar_inst.axi_crossbar_wr_inst.m_ifaces[I].w_select_valid_reg	axi_crossbar_inst.axi_crossbar_wr_inst.s_ifaces[1].w_drop_reg$_DFF_P_/QN	axi_crossbar_inst.axi_crossbar_wr_inst.m_ifaces[4].w_select_valid_reg$_SDFF_PP0_/D
572	0.2529	axi_crossbar_inst.axi_crossbar_wr_inst.s_ifaces[I].reg_inst.genblkJ.genblkK.m_axi_bready_reg	axi_crossbar_inst.axi_crossbar_wr_inst.s_ifaces[I].b_arb_inst.grant_encoded_reg[J]	axi_crossbar_inst.axi_crossbar_wr_inst.s_ifaces[5].reg_inst.genblk3.genblk1.m_axi_bready_reg$_SDFF_PP0_/Q	axi_crossbar_inst.axi_crossbar_wr_inst.s_ifaces[5].b_arb_inst.grant_encoded_reg[2]$_SDFFE_PP0P_/D
573	0.2553	axi_crossbar_inst.axi_crossbar_wr_inst.s_ifaces[I].addr_inst.m_select_reg[J]	axi_crossbar_inst.axi_crossbar_wr_inst.m_ifaces[I].w_select_new_reg	axi_crossbar_inst.axi_crossbar_wr_inst.s_ifaces[0].addr_inst.m_select_reg[2]$_DFF_P_/Q	axi_crossbar_inst.axi_crossbar_wr_inst.m_ifaces[7].w_select_new_reg$_SDFF_PP1_/D
574	0.2557	axi_crossbar_inst.axi_crossbar_wr_inst.s_ifaces[I].b_arb_inst.grant_encoded_reg[J]	axi_crossbar_inst.axi_crossbar_wr_inst.s_ifaces[I].decerr_m_axi_bvalid_reg	axi_crossbar_inst.axi_crossbar_wr_inst.s_ifaces[1].b_arb_inst.grant_encoded_reg[1]$_SDFFE_PP0P_/Q	axi_crossbar_inst.axi_crossbar_wr_inst.s_ifaces[1].decerr_m_axi_bvalid_reg$_SDFF_PP0_/D
575	0.2562	axi_crossbar_inst.axi_crossbar_rd_inst.s_ifaces[I].decerr_m_axi_rvalid_reg	axi_crossbar_inst.axi_crossbar_rd_inst.s_ifaces[I].decerr_m_axi_rlast_reg	axi_crossbar_inst.axi_crossbar_rd_inst.s_ifaces[2].decerr_m_axi_rvalid_reg$_SDFF_PP0_/Q	axi_crossbar_inst.axi_crossbar_rd_inst.s_ifaces[2].decerr_m_axi_rlast_reg$_DFFE_PP_/D
576	0.2563	axi_crossbar_inst.axi_crossbar_wr_inst.s_ifaces[I].w_select_reg[J]	axi_crossbar_inst.axi_crossbar_wr_inst.s_ifaces[I].w_select_valid_reg	axi_crossbar_inst.axi_crossbar_wr_inst.s_ifaces[6].w_select_reg[0]$_DFFE_PP_/Q	axi_crossbar_inst.axi_crossbar_wr_inst.s_ifaces[6].w_select_valid_reg$_SDFF_PP0_/D
577	0.2563	axi_crossbar_inst.axi_crossbar_rd_inst.s_ifaces[I].addr_inst.state_reg[J]	axi_crossbar_inst.axi_crossbar_rd_inst.s_ifaces[I].addr_inst.thread_id_reg[J][K]	axi_crossbar_inst.axi_crossbar_rd_inst.s_ifaces[4].addr_inst.state_reg[1]$_SDFF_PP0_/Q	axi_crossbar_inst.axi_crossbar_rd_inst.s_ifaces[4].addr_inst.thread_id_reg[1][0]$_DFFE_PP_/D
578	0.2563	axi_crossbar_inst.axi_crossbar_rd_inst.s_ifaces[I].addr_inst.state_reg[J]	axi_crossbar_inst.axi_crossbar_rd_inst.s_ifaces[I].addr_inst.thread_m_reg[J][K]	axi_crossbar_inst.axi_crossbar_rd_inst.s_ifaces[4].addr_inst.state_reg[1]$_SDFF_PP0_/Q	axi_crossbar_inst.axi_crossbar_rd_inst.s_ifaces[4].addr_inst.thread_m_reg[1][0]$_DFFE_PP_/D
579	0.2572	axi_crossbar_inst.axi_crossbar_rd_inst.m_ifaces[I].reg_inst.genblkJ.genblkK.s_axi_arready_reg	axi_crossbar_inst.axi_crossbar_rd_inst.m_ifaces[I].a_arb_inst.mask_reg[J]	axi_crossbar_inst.axi_crossbar_rd_inst.m_ifaces[5].reg_inst.genblk1.genblk1.s_axi_arready_reg$_SDFF_PP0_/Q	axi_crossbar_inst.axi_crossbar_rd_inst.m_ifaces[5].a_arb_inst.mask_reg[0]$_SDFFE_PP0P_/D
580	0.2572	axi_crossbar_inst.axi_crossbar_rd_inst.s_ifaces[I].r_arb_inst.grant_encoded_reg[J]	axi_crossbar_inst.axi_crossbar_rd_inst.s_ifaces[I].reg_inst.genblkJ.temp_s_axi_rlast_reg	axi_crossbar_inst.axi_crossbar_rd_inst.s_ifaces[3].r_arb_inst.grant_encoded_reg[1]$_SDFFE_PP0P_/Q	axi_crossbar_inst.axi_crossbar_rd_inst.s_ifaces[3].reg_inst.genblk2.temp_s_axi_rlast_reg$_DFFE_PP_/D
581	0.2578	axi_crossbar_inst.axi_crossbar_wr_inst.s_ifaces[I].b_arb_inst.grant_reg[J]	axi_crossbar_inst.axi_crossbar_wr_inst.s_ifaces[I].b_arb_inst.grant_valid_reg	axi_crossbar_inst.axi_crossbar_wr_inst.s_ifaces[2].b_arb_inst.grant_reg[1]$_SDFFE_PP0P_/Q	axi_crossbar_inst.axi_crossbar_wr_inst.s_ifaces[2].b_arb_inst.grant_valid_reg$_SDFFE_PP0P_/D
582	0.2583	axi_crossbar_inst.axi_crossbar_wr_inst.m_ifaces[I].reg_inst.genblkJ.s_axi_wready_reg	axi_crossbar_inst.axi_crossbar_wr_inst.m_ifaces[I].a_arb_inst.grant_valid_reg	axi_crossbar_inst.axi_crossbar_wr_inst.m_ifaces[6].reg_inst.genblk2.s_axi_wready_reg$_SDFF_PP0_/Q	axi_crossbar_inst.axi_crossbar_wr_inst.m_ifaces[6].a_arb_inst.grant_valid_reg$_SDFFE_PP0P_/D
583	0.2591	axi_crossbar_inst.axi_crossbar_rd_inst.m_ifaces[I].a_arb_inst.grant_valid_reg	axi_crossbar_inst.axi_crossbar_rd_inst.m_ifaces[I].trans_count_reg[J]	axi_crossbar_inst.axi_crossbar_rd_inst.m_ifaces[5].a_arb_inst.grant_valid_reg$_SDFFE_PP0P_/Q	axi_crossbar_inst.axi_crossbar_rd_inst.m_ifaces[5].trans_count_reg[2]$_SDFFE_PP0P_/D
584	0.2599	axi_crossbar_inst.axi_crossbar_wr_inst.s_ifaces[I].b_arb_inst.grant_valid_reg	axi_crossbar_inst.axi_crossbar_wr_inst.s_ifaces[I].b_arb_inst.grant_valid_reg	axi_crossbar_inst.axi_crossbar_wr_inst.s_ifaces[0].b_arb_inst.grant_valid_reg$_SDFFE_PP0P_/Q	axi_crossbar_inst.axi_crossbar_wr_inst.s_ifaces[0].b_arb_inst.grant_valid_reg$_SDFFE_PP0P_/D
585	0.2623	axi_crossbar_inst.axi_crossbar_rd_inst.s_ifaces[I].decerr_m_axi_rvalid_reg	axi_crossbar_inst.axi_crossbar_rd_inst.s_ifaces[I].addr_inst.m_axi_avalid_reg	axi_crossbar_inst.axi_crossbar_rd_inst.s_ifaces[7].decerr_m_axi_rvalid_reg$_SDFF_PP0_/Q	axi_crossbar_inst.axi_crossbar_rd_inst.s_ifaces[7].addr_inst.m_axi_avalid_reg$_SDFF_PP0_/D
586	0.2640	axi_crossbar_inst.axi_crossbar_wr_inst.m_ifaces[I].reg_inst.genblkJ.genblkK.s_axi_awready_reg	axi_crossbar_inst.axi_crossbar_wr_inst.m_ifaces[I].a_arb_inst.grant_encoded_reg[J]	axi_crossbar_inst.axi_crossbar_wr_inst.m_ifaces[7].reg_inst.genblk1.genblk1.s_axi_awready_reg$_SDFF_PP0_/Q	axi_crossbar_inst.axi_crossbar_wr_inst.m_ifaces[7].a_arb_inst.grant_encoded_reg[2]$_SDFFE_PP0P_/D
587	0.2643	mI_axi_awready	axi_crossbar_inst.axi_crossbar_wr_inst.m_ifaces[I].reg_inst.genblkJ.genblkK.s_axi_awready_reg	m00_axi_awready	axi_crossbar_inst.axi_crossbar_wr_inst.m_ifaces[0].reg_inst.genblk1.genblk1.s_axi_awready_reg$_SDFF_PP0_/D
588	0.2643	mI_axi_arready	axi_crossbar_inst.axi_crossbar_rd_inst.m_ifaces[I].reg_inst.genblkJ.genblkK.s_axi_arready_reg	m01_axi_arready	axi_crossbar_inst.axi_crossbar_rd_inst.m_ifaces[1].reg_inst.genblk1.genblk1.s_axi_arready_reg$_SDFF_PP0_/D
589	0.2644	sI_axi_bready	axi_crossbar_inst.axi_crossbar_wr_inst.s_ifaces[I].reg_inst.genblkJ.genblkK.m_axi_bready_reg	s01_axi_bready	axi_crossbar_inst.axi_crossbar_wr_inst.s_ifaces[1].reg_inst.genblk3.genblk1.m_axi_bready_reg$_SDFF_PP0_/D
590	0.2653	axi_crossbar_inst.axi_crossbar_wr_inst.m_ifaces[I].w_select_new_reg	axi_crossbar_inst.axi_crossbar_wr_inst.m_ifaces[I].a_arb_inst.grant_encoded_reg[J]	axi_crossbar_inst.axi_crossbar_wr_inst.m_ifaces[2].w_select_new_reg$_SDFF_PP1_/Q	axi_crossbar_inst.axi_crossbar_wr_inst.m_ifaces[2].a_arb_inst.grant_encoded_reg[0]$_SDFFE_PP0P_/D
591	0.2667	axi_crossbar_inst.axi_crossbar_wr_inst.m_ifaces[I].w_select_reg[J]	axi_crossbar_inst.axi_crossbar_wr_inst.m_ifaces[I].reg_inst.genblkJ.temp_m_axi_wlast_reg	axi_crossbar_inst.axi_crossbar_wr_inst.m_ifaces[7].w_select_reg[0]$_DFFE_PP_/Q	axi_crossbar_inst.axi_crossbar_wr_inst.m_ifaces[7].reg_inst.genblk2.temp_m_axi_wlast_reg$_DFFE_PP_/D
592	0.2676	axi_crossbar_inst.axi_crossbar_wr_inst.s_ifaces[I].addr_inst.trans_count_reg[J]	axi_crossbar_inst.axi_crossbar_wr_inst.s_ifaces[I].addr_inst.thread_id_reg[J][K]	axi_crossbar_inst.axi_crossbar_wr_inst.s_ifaces[2].addr_inst.trans_count_reg[4]$_SDFFE_PP0P_/Q	axi_crossbar_inst.axi_crossbar_wr_inst.s_ifaces[2].addr_inst.thread_id_reg[1][0]$_DFFE_PP_/D
593	0.2676	axi_crossbar_inst.axi_crossbar_wr_inst.s_ifaces[I].addr_inst.trans_count_reg[J]	axi_crossbar_inst.axi_crossbar_wr_inst.s_ifaces[I].addr_inst.thread_m_reg[J][K]	axi_crossbar_inst.axi_crossbar_wr_inst.s_ifaces[2].addr_inst.trans_count_reg[4]$_SDFFE_PP0P_/Q	axi_crossbar_inst.axi_crossbar_wr_inst.s_ifaces[2].addr_inst.thread_m_reg[1][0]$_DFFE_PP_/D
594	0.2684	axi_crossbar_inst.axi_crossbar_wr_inst.m_ifaces[I].w_select_valid_reg	axi_crossbar_inst.axi_crossbar_wr_inst.s_ifaces[I].w_select_valid_reg	axi_crossbar_inst.axi_crossbar_wr_inst.m_ifaces[5].w_select_valid_reg$_SDFF_PP0_/Q	axi_crossbar_inst.axi_crossbar_wr_inst.s_ifaces[4].w_select_valid_reg$_SDFF_PP0_/D
595	0.2705	axi_crossbar_inst.axi_crossbar_rd_inst.m_ifaces[I].reg_inst.genblkJ.genblkK.s_axi_arready_reg	axi_crossbar_inst.axi_crossbar_rd_inst.s_ifaces[I].addr_inst.m_axi_avalid_reg	axi_crossbar_inst.axi_crossbar_rd_inst.m_ifaces[3].reg_inst.genblk1.genblk1.s_axi_arready_reg$_SDFF_PP0_/Q	axi_crossbar_inst.axi_crossbar_rd_inst.s_ifaces[4].addr_inst.m_axi_avalid_reg$_SDFF_PP0_/D
596	0.2726	axi_crossbar_inst.axi_crossbar_wr_inst.m_ifaces[I].reg_inst.genblkJ.s_axi_wready_reg	axi_crossbar_inst.axi_crossbar_wr_inst.m_ifaces[I].reg_inst.genblkJ.m_axi_wstrb_reg[K]	axi_crossbar_inst.axi_crossbar_wr_inst.m_ifaces[5].reg_inst.genblk2.s_axi_wready_reg$_SDFF_PP0_/Q	axi_crossbar_inst.axi_crossbar_wr_inst.m_ifaces[5].reg_inst.genblk2.m_axi_wstrb_reg[0]$_DFFE_PP_/D
597	0.2730	axi_crossbar_inst.axi_crossbar_rd_inst.s_ifaces[I].decerr_m_axi_rvalid_reg	axi_crossbar_inst.axi_crossbar_rd_inst.s_ifaces[I].addr_inst.state_reg[J]	axi_crossbar_inst.axi_crossbar_rd_inst.s_ifaces[6].decerr_m_axi_rvalid_reg$_SDFF_PP0_/Q	axi_crossbar_inst.axi_crossbar_rd_inst.s_ifaces[6].addr_inst.state_reg[0]$_SDFF_PP0_/D
598	0.2735	axi_crossbar_inst.axi_crossbar_rd_inst.s_ifaces[I].r_arb_inst.grant_valid_reg	axi_crossbar_inst.axi_crossbar_rd_inst.s_ifaces[I].addr_inst.m_axi_avalid_reg	axi_crossbar_inst.axi_crossbar_rd_inst.s_ifaces[0].r_arb_inst.grant_valid_reg$_SDFFE_PP0P_/Q	axi_crossbar_inst.axi_crossbar_rd_inst.s_ifaces[0].addr_inst.m_axi_avalid_reg$_SDFF_PP0_/D
599	0.2749	mI_axi_arready	axi_crossbar_inst.axi_crossbar_rd_inst.m_ifaces[I].reg_inst.genblkJ.genblkK.m_axi_arvalid_reg	m01_axi_arready	axi_crossbar_inst.axi_crossbar_rd_inst.m_ifaces[1].reg_inst.genblk1.genblk1.m_axi_arvalid_reg$_SDFF_PP0_/D
600	0.2749	mI_axi_awready	axi_crossbar_inst.axi_crossbar_wr_inst.m_ifaces[I].reg_inst.genblkJ.genblkK.m_axi_awvalid_reg	m00_axi_awready	axi_crossbar_inst.axi_crossbar_wr_inst.m_ifaces[0].reg_inst.genblk1.genblk1.m_axi_awvalid_reg$_SDFF_PP0_/D
601	0.2749	sI_axi_bready	axi_crossbar_inst.axi_crossbar_wr_inst.s_ifaces[I].reg_inst.genblkJ.genblkK.s_axi_bvalid_reg	s01_axi_bready	axi_crossbar_inst.axi_crossbar_wr_inst.s_ifaces[1].reg_inst.genblk3.genblk1.s_axi_bvalid_reg$_SDFF_PP0_/D
602	0.2749	axi_crossbar_inst.axi_crossbar_wr_inst.m_ifaces[I].w_select_valid_reg	axi_crossbar_inst.axi_crossbar_wr_inst.m_ifaces[I].a_arb_inst.grant_encoded_reg[J]	axi_crossbar_inst.axi_crossbar_wr_inst.m_ifaces[6].w_select_valid_reg$_SDFF_PP0_/Q	axi_crossbar_inst.axi_crossbar_wr_inst.m_ifaces[6].a_arb_inst.grant_encoded_reg[0]$_SDFFE_PP0P_/D
603	0.2756	axi_crossbar_inst.axi_crossbar_rd_inst.s_ifaces[I].decerr_m_axi_rlast_reg	axi_crossbar_inst.axi_crossbar_rd_inst.s_ifaces[I].r_arb_inst.grant_reg[J]	axi_crossbar_inst.axi_crossbar_rd_inst.s_ifaces[4].decerr_m_axi_rlast_reg$_DFFE_PP_/Q	axi_crossbar_inst.axi_crossbar_rd_inst.s_ifaces[4].r_arb_inst.grant_reg[5]$_SDFFE_PP0P_/D
604	0.2766	axi_crossbar_inst.axi_crossbar_rd_inst.m_ifaces[I].reg_inst.genblkJ.genblkK.s_axi_arready_reg	axi_crossbar_inst.axi_crossbar_rd_inst.m_ifaces[I].a_arb_inst.grant_reg[J]	axi_crossbar_inst.axi_crossbar_rd_inst.m_ifaces[0].reg_inst.genblk1.genblk1.s_axi_arready_reg$_SDFF_PP0_/Q	axi_crossbar_inst.axi_crossbar_rd_inst.m_ifaces[0].a_arb_inst.grant_reg[1]$_SDFFE_PP0P_/D
605	0.2773	axi_crossbar_inst.axi_crossbar_rd_inst.s_ifaces[I].reg_inst.genblkJ.m_axi_rready_reg	axi_crossbar_inst.axi_crossbar_rd_inst.s_ifaces[I].addr_inst.m_axi_avalid_reg	axi_crossbar_inst.axi_crossbar_rd_inst.s_ifaces[7].reg_inst.genblk2.m_axi_rready_reg$_SDFF_PP0_/Q	axi_crossbar_inst.axi_crossbar_rd_inst.s_ifaces[7].addr_inst.m_axi_avalid_reg$_SDFF_PP0_/D
606	0.2780	axi_crossbar_inst.axi_crossbar_rd_inst.s_ifaces[I].r_arb_inst.grant_valid_reg	axi_crossbar_inst.axi_crossbar_rd_inst.s_ifaces[I].r_arb_inst.grant_reg[J]	axi_crossbar_inst.axi_crossbar_rd_inst.s_ifaces[0].r_arb_inst.grant_valid_reg$_SDFFE_PP0P_/Q	axi_crossbar_inst.axi_crossbar_rd_inst.s_ifaces[0].r_arb_inst.grant_reg[4]$_SDFFE_PP0P_/D
607	0.2785	axi_crossbar_inst.axi_crossbar_rd_inst.s_ifaces[I].decerr_m_axi_rvalid_reg	axi_crossbar_inst.axi_crossbar_rd_inst.s_ifaces[I].addr_inst.m_rc_valid_reg	axi_crossbar_inst.axi_crossbar_rd_inst.s_ifaces[7].decerr_m_axi_rvalid_reg$_SDFF_PP0_/Q	axi_crossbar_inst.axi_crossbar_rd_inst.s_ifaces[7].addr_inst.m_rc_valid_reg$_SDFF_PP0_/D
608	0.2789	axi_crossbar_inst.axi_crossbar_rd_inst.m_ifaces[I].a_arb_inst.grant_valid_reg	axi_crossbar_inst.axi_crossbar_rd_inst.s_ifaces[I].addr_inst.m_axi_avalid_reg	axi_crossbar_inst.axi_crossbar_rd_inst.m_ifaces[1].a_arb_inst.grant_valid_reg$_SDFFE_PP0P_/Q	axi_crossbar_inst.axi_crossbar_rd_inst.s_ifaces[4].addr_inst.m_axi_avalid_reg$_SDFF_PP0_/D
609	0.2793	axi_crossbar_inst.axi_crossbar_wr_inst.s_ifaces[I].b_arb_inst.grant_encoded_reg[J]	axi_crossbar_inst.axi_crossbar_wr_inst.s_ifaces[I].b_arb_inst.grant_encoded_reg[J]	axi_crossbar_inst.axi_crossbar_wr_inst.s_ifaces[1].b_arb_inst.grant_encoded_reg[1]$_SDFFE_PP0P_/Q	axi_crossbar_inst.axi_crossbar_wr_inst.s_ifaces[1].b_arb_inst.grant_encoded_reg[1]$_SDFFE_PP0P_/D
610	0.2795	axi_crossbar_inst.axi_crossbar_wr_inst.m_ifaces[I].trans_count_reg[J]	axi_crossbar_inst.axi_crossbar_wr_inst.m_ifaces[I].a_arb_inst.grant_reg[J]	axi_crossbar_inst.axi_crossbar_wr_inst.m_ifaces[3].trans_count_reg[2]$_SDFFE_PP0P_/Q	axi_crossbar_inst.axi_crossbar_wr_inst.m_ifaces[3].a_arb_inst.grant_reg[6]$_SDFFE_PP0P_/D
611	0.2818	sI_axi_wvalid	axi_crossbar_inst.axi_crossbar_wr_inst.s_ifaces[I].w_select_valid_reg	s03_axi_wvalid	axi_crossbar_inst.axi_crossbar_wr_inst.s_ifaces[3].w_select_valid_reg$_SDFF_PP0_/D
612	0.2822	axi_crossbar_inst.axi_crossbar_rd_inst.s_ifaces[I].reg_inst.genblkJ.m_axi_rready_reg	axi_crossbar_inst.axi_crossbar_rd_inst.s_ifaces[I].r_arb_inst.grant_valid_reg	axi_crossbar_inst.axi_crossbar_rd_inst.s_ifaces[5].reg_inst.genblk2.m_axi_rready_reg$_SDFF_PP0_/Q	axi_crossbar_inst.axi_crossbar_rd_inst.s_ifaces[5].r_arb_inst.grant_valid_reg$_SDFFE_PP0P_/D
613	0.2823	sI_axi_wlast	axi_crossbar_inst.axi_crossbar_wr_inst.s_ifaces[I].w_drop_reg	s04_axi_wlast	axi_crossbar_inst.axi_crossbar_wr_inst.s_ifaces[4].w_drop_reg$_DFF_P_/D
614	0.2833	axi_crossbar_inst.axi_crossbar_rd_inst.s_ifaces[I].decerr_m_axi_rlast_reg	axi_crossbar_inst.axi_crossbar_rd_inst.s_ifaces[I].r_arb_inst.grant_encoded_reg[J]	axi_crossbar_inst.axi_crossbar_rd_inst.s_ifaces[0].decerr_m_axi_rlast_reg$_DFFE_PP_/Q	axi_crossbar_inst.axi_crossbar_rd_inst.s_ifaces[0].r_arb_inst.grant_encoded_reg[2]$_SDFFE_PP0P_/D
615	0.2843	axi_crossbar_inst.axi_crossbar_rd_inst.s_ifaces[I].r_arb_inst.grant_valid_reg	axi_crossbar_inst.axi_crossbar_rd_inst.s_ifaces[I].addr_inst.m_rc_valid_reg	axi_crossbar_inst.axi_crossbar_rd_inst.s_ifaces[0].r_arb_inst.grant_valid_reg$_SDFFE_PP0P_/Q	axi_crossbar_inst.axi_crossbar_rd_inst.s_ifaces[0].addr_inst.m_rc_valid_reg$_SDFF_PP0_/D
616	0.2848	sI_axi_arvalid	axi_crossbar_inst.axi_crossbar_rd_inst.s_ifaces[I].addr_inst.state_reg[J]	s02_axi_arvalid	axi_crossbar_inst.axi_crossbar_rd_inst.s_ifaces[2].addr_inst.state_reg[1]$_SDFF_PP0_/D
617	0.2851	axi_crossbar_inst.axi_crossbar_rd_inst.s_ifaces[I].r_arb_inst.grant_valid_reg	axi_crossbar_inst.axi_crossbar_rd_inst.s_ifaces[I].r_arb_inst.grant_encoded_reg[J]	axi_crossbar_inst.axi_crossbar_rd_inst.s_ifaces[0].r_arb_inst.grant_valid_reg$_SDFFE_PP0P_/Q	axi_crossbar_inst.axi_crossbar_rd_inst.s_ifaces[0].r_arb_inst.grant_encoded_reg[2]$_SDFFE_PP0P_/D
618	0.2851	axi_crossbar_inst.axi_crossbar_wr_inst.s_ifaces[I].addr_inst.thread_m_reg[J][K]	axi_crossbar_inst.axi_crossbar_wr_inst.s_ifaces[I].addr_inst.m_axi_avalid_reg	axi_crossbar_inst.axi_crossbar_wr_inst.s_ifaces[7].addr_inst.thread_m_reg[1][2]$_DFFE_PP_/Q	axi_crossbar_inst.axi_crossbar_wr_inst.s_ifaces[7].addr_inst.m_axi_avalid_reg$_SDFF_PP0_/D
619	0.2853	axi_crossbar_inst.axi_crossbar_rd_inst.s_ifaces[I].reg_inst.genblkJ.m_axi_rready_reg	axi_crossbar_inst.axi_crossbar_rd_inst.s_ifaces[I].addr_inst.m_rc_valid_reg	axi_crossbar_inst.axi_crossbar_rd_inst.s_ifaces[1].reg_inst.genblk2.m_axi_rready_reg$_SDFF_PP0_/Q	axi_crossbar_inst.axi_crossbar_rd_inst.s_ifaces[1].addr_inst.m_rc_valid_reg$_SDFF_PP0_/D
620	0.2856	axi_crossbar_inst.axi_crossbar_rd_inst.m_ifaces[I].trans_count_reg[J]	axi_crossbar_inst.axi_crossbar_rd_inst.m_ifaces[I].a_arb_inst.grant_reg[J]	axi_crossbar_inst.axi_crossbar_rd_inst.m_ifaces[6].trans_count_reg[2]$_SDFFE_PP0P_/Q	axi_crossbar_inst.axi_crossbar_rd_inst.m_ifaces[6].a_arb_inst.grant_reg[0]$_SDFFE_PP0P_/D
621	0.2867	axi_crossbar_inst.axi_crossbar_rd_inst.s_ifaces[I].decerr_m_axi_rlast_reg	axi_crossbar_inst.axi_crossbar_rd_inst.s_ifaces[I].addr_inst.m_axi_avalid_reg	axi_crossbar_inst.axi_crossbar_rd_inst.s_ifaces[7].decerr_m_axi_rlast_reg$_DFFE_PP_/Q	axi_crossbar_inst.axi_crossbar_rd_inst.s_ifaces[7].addr_inst.m_axi_avalid_reg$_SDFF_PP0_/D
622	0.2872	axi_crossbar_inst.axi_crossbar_rd_inst.m_ifaces[I].a_arb_inst.grant_reg[J]	axi_crossbar_inst.axi_crossbar_rd_inst.m_ifaces[I].a_arb_inst.grant_valid_reg	axi_crossbar_inst.axi_crossbar_rd_inst.m_ifaces[6].a_arb_inst.grant_reg[3]$_SDFFE_PP0P_/QN	axi_crossbar_inst.axi_crossbar_rd_inst.m_ifaces[6].a_arb_inst.grant_valid_reg$_SDFFE_PP0P_/D
623	0.2872	axi_crossbar_inst.axi_crossbar_wr_inst.s_ifaces[I].w_drop_reg	sI_axi_wready	axi_crossbar_inst.axi_crossbar_wr_inst.s_ifaces[0].w_drop_reg$_DFF_P_/Q	s00_axi_wready
624	0.2897	axi_crossbar_inst.axi_crossbar_rd_inst.s_ifaces[I].reg_inst.genblkJ.m_axi_rready_reg	axi_crossbar_inst.axi_crossbar_rd_inst.s_ifaces[I].reg_inst.genblkJ.temp_s_axi_rdata_reg[K]	axi_crossbar_inst.axi_crossbar_rd_inst.s_ifaces[1].reg_inst.genblk2.m_axi_rready_reg$_SDFF_PP0_/Q	axi_crossbar_inst.axi_crossbar_rd_inst.s_ifaces[1].reg_inst.genblk2.temp_s_axi_rdata_reg[0]$_DFFE_PP_/D
625	0.2897	axi_crossbar_inst.axi_crossbar_rd_inst.s_ifaces[I].reg_inst.genblkJ.m_axi_rready_reg	axi_crossbar_inst.axi_crossbar_rd_inst.s_ifaces[I].reg_inst.genblkJ.temp_s_axi_rid_reg[K]	axi_crossbar_inst.axi_crossbar_rd_inst.s_ifaces[1].reg_inst.genblk2.m_axi_rready_reg$_SDFF_PP0_/Q	axi_crossbar_inst.axi_crossbar_rd_inst.s_ifaces[1].reg_inst.genblk2.temp_s_axi_rid_reg[4]$_DFFE_PP_/D
626	0.2924	axi_crossbar_inst.axi_crossbar_wr_inst.m_ifaces[I].reg_inst.genblkJ.genblkK.s_axi_awready_reg	axi_crossbar_inst.axi_crossbar_wr_inst.m_ifaces[I].reg_inst.genblkJ.genblkK.m_axi_awaddr_reg[L]	axi_crossbar_inst.axi_crossbar_wr_inst.m_ifaces[2].reg_inst.genblk1.genblk1.s_axi_awready_reg$_SDFF_PP0_/Q	axi_crossbar_inst.axi_crossbar_wr_inst.m_ifaces[2].reg_inst.genblk1.genblk1.m_axi_awaddr_reg[21]$_DFFE_PP_/D
627	0.2932	axi_crossbar_inst.axi_crossbar_rd_inst.s_ifaces[I].addr_inst.trans_count_reg[J]	axi_crossbar_inst.axi_crossbar_rd_inst.s_ifaces[I].addr_inst.thread_id_reg[J][K]	axi_crossbar_inst.axi_crossbar_rd_inst.s_ifaces[4].addr_inst.trans_count_reg[4]$_SDFFE_PP0P_/Q	axi_crossbar_inst.axi_crossbar_rd_inst.s_ifaces[4].addr_inst.thread_id_reg[1][0]$_DFFE_PP_/D
628	0.2932	axi_crossbar_inst.axi_crossbar_rd_inst.s_ifaces[I].addr_inst.trans_count_reg[J]	axi_crossbar_inst.axi_crossbar_rd_inst.s_ifaces[I].addr_inst.thread_m_reg[J][K]	axi_crossbar_inst.axi_crossbar_rd_inst.s_ifaces[4].addr_inst.trans_count_reg[4]$_SDFFE_PP0P_/Q	axi_crossbar_inst.axi_crossbar_rd_inst.s_ifaces[4].addr_inst.thread_m_reg[1][0]$_DFFE_PP_/D
629	0.2944	axi_crossbar_inst.axi_crossbar_rd_inst.s_ifaces[I].reg_inst.genblkJ.m_axi_rready_reg	axi_crossbar_inst.axi_crossbar_rd_inst.s_ifaces[I].reg_inst.genblkJ.s_axi_rid_reg[K]	axi_crossbar_inst.axi_crossbar_rd_inst.s_ifaces[6].reg_inst.genblk2.m_axi_rready_reg$_SDFF_PP0_/Q	axi_crossbar_inst.axi_crossbar_rd_inst.s_ifaces[6].reg_inst.genblk2.s_axi_rid_reg[7]$_DFFE_PP_/D
630	0.2964	axi_crossbar_inst.axi_crossbar_rd_inst.s_ifaces[I].reg_inst.genblkJ.m_axi_rready_reg	axi_crossbar_inst.axi_crossbar_rd_inst.s_ifaces[I].decerr_m_axi_rvalid_reg	axi_crossbar_inst.axi_crossbar_rd_inst.s_ifaces[0].reg_inst.genblk2.m_axi_rready_reg$_SDFF_PP0_/Q	axi_crossbar_inst.axi_crossbar_rd_inst.s_ifaces[0].decerr_m_axi_rvalid_reg$_SDFF_PP0_/D
631	0.2966	axi_crossbar_inst.axi_crossbar_rd_inst.s_ifaces[I].r_arb_inst.grant_encoded_reg[J]	axi_crossbar_inst.axi_crossbar_rd_inst.s_ifaces[I].decerr_m_axi_rvalid_reg	axi_crossbar_inst.axi_crossbar_rd_inst.s_ifaces[0].r_arb_inst.grant_encoded_reg[2]$_SDFFE_PP0P_/Q	axi_crossbar_inst.axi_crossbar_rd_inst.s_ifaces[0].decerr_m_axi_rvalid_reg$_SDFF_PP0_/D
632	0.2972	axi_crossbar_inst.axi_crossbar_rd_inst.s_ifaces[I].reg_inst.genblkJ.m_axi_rready_reg	axi_crossbar_inst.axi_crossbar_rd_inst.s_ifaces[I].reg_inst.genblkJ.s_axi_rdata_reg[K]	axi_crossbar_inst.axi_crossbar_rd_inst.s_ifaces[0].reg_inst.genblk2.m_axi_rready_reg$_SDFF_PP0_/Q	axi_crossbar_inst.axi_crossbar_rd_inst.s_ifaces[0].reg_inst.genblk2.s_axi_rdata_reg[1]$_DFFE_PP_/D
633	0.2978	axi_crossbar_inst.axi_crossbar_wr_inst.m_ifaces[I].reg_inst.genblkJ.s_axi_wready_reg	axi_crossbar_inst.axi_crossbar_wr_inst.m_ifaces[I].reg_inst.genblkJ.temp_m_axi_wdata_reg[K]	axi_crossbar_inst.axi_crossbar_wr_inst.m_ifaces[7].reg_inst.genblk2.s_axi_wready_reg$_SDFF_PP0_/Q	axi_crossbar_inst.axi_crossbar_wr_inst.m_ifaces[7].reg_inst.genblk2.temp_m_axi_wdata_reg[10]$_DFFE_PP_/D
634	0.3011	axi_crossbar_inst.axi_crossbar_wr_inst.s_ifaces[I].addr_inst.thread_m_reg[J][K]	axi_crossbar_inst.axi_crossbar_wr_inst.s_ifaces[I].addr_inst.m_rc_valid_reg	axi_crossbar_inst.axi_crossbar_wr_inst.s_ifaces[7].addr_inst.thread_m_reg[1][2]$_DFFE_PP_/Q	axi_crossbar_inst.axi_crossbar_wr_inst.s_ifaces[7].addr_inst.m_rc_valid_reg$_SDFF_PP0_/D
635	0.3013	axi_crossbar_inst.axi_crossbar_wr_inst.m_ifaces[I].w_select_reg[J]	axi_crossbar_inst.axi_crossbar_wr_inst.m_ifaces[I].w_select_reg[J]	axi_crossbar_inst.axi_crossbar_wr_inst.m_ifaces[0].w_select_reg[0]$_DFFE_PP_/Q	axi_crossbar_inst.axi_crossbar_wr_inst.m_ifaces[0].w_select_reg[0]$_DFFE_PP_/D
636	0.3015	axi_crossbar_inst.axi_crossbar_rd_inst.s_ifaces[I].reg_inst.genblkJ.m_axi_rready_reg	axi_crossbar_inst.axi_crossbar_rd_inst.s_ifaces[I].addr_inst.state_reg[J]	axi_crossbar_inst.axi_crossbar_rd_inst.s_ifaces[5].reg_inst.genblk2.m_axi_rready_reg$_SDFF_PP0_/Q	axi_crossbar_inst.axi_crossbar_rd_inst.s_ifaces[5].addr_inst.state_reg[0]$_SDFF_PP0_/D
637	0.3015	axi_crossbar_inst.axi_crossbar_wr_inst.s_ifaces[I].addr_inst.thread_m_reg[J][K]	axi_crossbar_inst.axi_crossbar_wr_inst.s_ifaces[I].addr_inst.m_wc_valid_reg	axi_crossbar_inst.axi_crossbar_wr_inst.s_ifaces[7].addr_inst.thread_m_reg[1][2]$_DFFE_PP_/Q	axi_crossbar_inst.axi_crossbar_wr_inst.s_ifaces[7].addr_inst.m_wc_valid_reg$_SDFF_PP0_/D
638	0.3019	axi_crossbar_inst.axi_crossbar_wr_inst.s_ifaces[I].addr_inst.thread_m_reg[J][K]	axi_crossbar_inst.axi_crossbar_wr_inst.s_ifaces[I].addr_inst.state_reg[J]	axi_crossbar_inst.axi_crossbar_wr_inst.s_ifaces[7].addr_inst.thread_m_reg[1][2]$_DFFE_PP_/Q	axi_crossbar_inst.axi_crossbar_wr_inst.s_ifaces[7].addr_inst.state_reg[0]$_SDFF_PP0_/D
639	0.3029	axi_crossbar_inst.axi_crossbar_rd_inst.s_ifaces[I].decerr_m_axi_rlast_reg	axi_crossbar_inst.axi_crossbar_rd_inst.s_ifaces[I].addr_inst.m_rc_valid_reg	axi_crossbar_inst.axi_crossbar_rd_inst.s_ifaces[7].decerr_m_axi_rlast_reg$_DFFE_PP_/Q	axi_crossbar_inst.axi_crossbar_rd_inst.s_ifaces[7].addr_inst.m_rc_valid_reg$_SDFF_PP0_/D
640	0.3031	axi_crossbar_inst.axi_crossbar_rd_inst.m_ifaces[I].trans_count_reg[J]	axi_crossbar_inst.axi_crossbar_rd_inst.m_ifaces[I].a_arb_inst.grant_encoded_reg[J]	axi_crossbar_inst.axi_crossbar_rd_inst.m_ifaces[6].trans_count_reg[2]$_SDFFE_PP0P_/Q	axi_crossbar_inst.axi_crossbar_rd_inst.m_ifaces[6].a_arb_inst.grant_encoded_reg[2]$_SDFFE_PP0P_/D
641	0.3037	axi_crossbar_inst.axi_crossbar_wr_inst.m_ifaces[I].a_arb_inst.grant_valid_reg	axi_crossbar_inst.axi_crossbar_wr_inst.m_ifaces[I].a_arb_inst.grant_valid_reg	axi_crossbar_inst.axi_crossbar_wr_inst.m_ifaces[3].a_arb_inst.grant_valid_reg$_SDFFE_PP0P_/Q	axi_crossbar_inst.axi_crossbar_wr_inst.m_ifaces[3].a_arb_inst.grant_valid_reg$_SDFFE_PP0P_/D
642	0.3040	axi_crossbar_inst.axi_crossbar_wr_inst.m_ifaces[I].trans_count_reg[J]	axi_crossbar_inst.axi_crossbar_wr_inst.m_ifaces[I].a_arb_inst.grant_encoded_reg[J]	axi_crossbar_inst.axi_crossbar_wr_inst.m_ifaces[2].trans_count_reg[2]$_SDFFE_PP0P_/Q	axi_crossbar_inst.axi_crossbar_wr_inst.m_ifaces[2].a_arb_inst.grant_encoded_reg[1]$_SDFFE_PP0P_/D
643	0.3045	axi_crossbar_inst.axi_crossbar_wr_inst.m_ifaces[I].reg_inst.genblkJ.genblkK.s_axi_awready_reg	axi_crossbar_inst.axi_crossbar_wr_inst.m_ifaces[I].reg_inst.genblkJ.genblkK.m_axi_awid_reg[L]	axi_crossbar_inst.axi_crossbar_wr_inst.m_ifaces[2].reg_inst.genblk1.genblk1.s_axi_awready_reg$_SDFF_PP0_/Q	axi_crossbar_inst.axi_crossbar_wr_inst.m_ifaces[2].reg_inst.genblk1.genblk1.m_axi_awid_reg[0]$_DFFE_PP_/D
644	0.3047	axi_crossbar_inst.axi_crossbar_rd_inst.s_ifaces[I].reg_inst.genblkJ.s_axi_rvalid_reg	axi_crossbar_inst.axi_crossbar_rd_inst.s_ifaces[I].reg_inst.genblkJ.temp_s_axi_rdata_reg[K]	axi_crossbar_inst.axi_crossbar_rd_inst.s_ifaces[1].reg_inst.genblk2.s_axi_rvalid_reg$_SDFFE_PP0P_/QN	axi_crossbar_inst.axi_crossbar_rd_inst.s_ifaces[1].reg_inst.genblk2.temp_s_axi_rdata_reg[0]$_DFFE_PP_/D
645	0.3047	axi_crossbar_inst.axi_crossbar_rd_inst.s_ifaces[I].reg_inst.genblkJ.s_axi_rvalid_reg	axi_crossbar_inst.axi_crossbar_rd_inst.s_ifaces[I].reg_inst.genblkJ.temp_s_axi_rid_reg[K]	axi_crossbar_inst.axi_crossbar_rd_inst.s_ifaces[1].reg_inst.genblk2.s_axi_rvalid_reg$_SDFFE_PP0P_/QN	axi_crossbar_inst.axi_crossbar_rd_inst.s_ifaces[1].reg_inst.genblk2.temp_s_axi_rid_reg[4]$_DFFE_PP_/D
646	0.3061	axi_crossbar_inst.axi_crossbar_wr_inst.s_ifaces[I].decerr_m_axi_bvalid_reg	axi_crossbar_inst.axi_crossbar_wr_inst.s_ifaces[I].addr_inst.m_axi_avalid_reg	axi_crossbar_inst.axi_crossbar_wr_inst.s_ifaces[2].decerr_m_axi_bvalid_reg$_SDFF_PP0_/Q	axi_crossbar_inst.axi_crossbar_wr_inst.s_ifaces[2].addr_inst.m_axi_avalid_reg$_SDFF_PP0_/D
647	0.3075	axi_crossbar_inst.axi_crossbar_wr_inst.s_ifaces[I].decerr_m_axi_bvalid_reg	axi_crossbar_inst.axi_crossbar_wr_inst.s_ifaces[I].addr_inst.state_reg[J]	axi_crossbar_inst.axi_crossbar_wr_inst.s_ifaces[2].decerr_m_axi_bvalid_reg$_SDFF_PP0_/Q	axi_crossbar_inst.axi_crossbar_wr_inst.s_ifaces[2].addr_inst.state_reg[1]$_SDFF_PP0_/D
648	0.3086	axi_crossbar_inst.axi_crossbar_wr_inst.s_ifaces[I].decerr_m_axi_bvalid_reg	axi_crossbar_inst.axi_crossbar_wr_inst.s_ifaces[I].addr_inst.m_rc_valid_reg	axi_crossbar_inst.axi_crossbar_wr_inst.s_ifaces[2].decerr_m_axi_bvalid_reg$_SDFF_PP0_/Q	axi_crossbar_inst.axi_crossbar_wr_inst.s_ifaces[2].addr_inst.m_rc_valid_reg$_SDFF_PP0_/D
649	0.3087	axi_crossbar_inst.axi_crossbar_rd_inst.m_ifaces[I].a_arb_inst.grant_encoded_reg[J]	axi_crossbar_inst.axi_crossbar_rd_inst.m_ifaces[I].a_arb_inst.grant_encoded_reg[J]	axi_crossbar_inst.axi_crossbar_rd_inst.m_ifaces[7].a_arb_inst.grant_encoded_reg[0]$_SDFFE_PP0P_/Q	axi_crossbar_inst.axi_crossbar_rd_inst.m_ifaces[7].a_arb_inst.grant_encoded_reg[0]$_SDFFE_PP0P_/D
650	0.3088	axi_crossbar_inst.axi_crossbar_wr_inst.m_ifaces[I].a_arb_inst.grant_encoded_reg[J]	axi_crossbar_inst.axi_crossbar_wr_inst.m_ifaces[I].a_arb_inst.grant_encoded_reg[J]	axi_crossbar_inst.axi_crossbar_wr_inst.m_ifaces[0].a_arb_inst.grant_encoded_reg[1]$_SDFFE_PP0P_/Q	axi_crossbar_inst.axi_crossbar_wr_inst.m_ifaces[0].a_arb_inst.grant_encoded_reg[1]$_SDFFE_PP0P_/D
651	0.3094	axi_crossbar_inst.axi_crossbar_rd_inst.s_ifaces[I].reg_inst.genblkJ.m_axi_rready_reg	axi_crossbar_inst.axi_crossbar_rd_inst.s_ifaces[I].reg_inst.genblkJ.s_axi_rlast_reg	axi_crossbar_inst.axi_crossbar_rd_inst.s_ifaces[6].reg_inst.genblk2.m_axi_rready_reg$_SDFF_PP0_/Q	axi_crossbar_inst.axi_crossbar_rd_inst.s_ifaces[6].reg_inst.genblk2.s_axi_rlast_reg$_DFFE_PP_/D
652	0.3094	axi_crossbar_inst.axi_crossbar_rd_inst.s_ifaces[I].reg_inst.genblkJ.m_axi_rready_reg	axi_crossbar_inst.axi_crossbar_rd_inst.s_ifaces[I].reg_inst.genblkJ.s_axi_rresp_reg[K]	axi_crossbar_inst.axi_crossbar_rd_inst.s_ifaces[6].reg_inst.genblk2.m_axi_rready_reg$_SDFF_PP0_/Q	axi_crossbar_inst.axi_crossbar_rd_inst.s_ifaces[6].reg_inst.genblk2.s_axi_rresp_reg[0]$_DFFE_PP_/D
653	0.3104	axi_crossbar_inst.axi_crossbar_wr_inst.m_ifaces[I].reg_inst.genblkJ.genblkK.s_axi_awready_reg	axi_crossbar_inst.axi_crossbar_wr_inst.m_ifaces[I].reg_inst.genblkJ.genblkK.m_axi_awburst_reg[L]	axi_crossbar_inst.axi_crossbar_wr_inst.m_ifaces[5].reg_inst.genblk1.genblk1.s_axi_awready_reg$_SDFF_PP0_/Q	axi_crossbar_inst.axi_crossbar_wr_inst.m_ifaces[5].reg_inst.genblk1.genblk1.m_axi_awburst_reg[0]$_DFFE_PP_/D
654	0.3104	axi_crossbar_inst.axi_crossbar_wr_inst.m_ifaces[I].reg_inst.genblkJ.genblkK.s_axi_awready_reg	axi_crossbar_inst.axi_crossbar_wr_inst.m_ifaces[I].reg_inst.genblkJ.genblkK.m_axi_awcache_reg[L]	axi_crossbar_inst.axi_crossbar_wr_inst.m_ifaces[5].reg_inst.genblk1.genblk1.s_axi_awready_reg$_SDFF_PP0_/Q	axi_crossbar_inst.axi_crossbar_wr_inst.m_ifaces[5].reg_inst.genblk1.genblk1.m_axi_awcache_reg[0]$_DFFE_PP_/D
655	0.3104	axi_crossbar_inst.axi_crossbar_wr_inst.m_ifaces[I].reg_inst.genblkJ.genblkK.s_axi_awready_reg	axi_crossbar_inst.axi_crossbar_wr_inst.m_ifaces[I].reg_inst.genblkJ.genblkK.m_axi_awprot_reg[L]	axi_crossbar_inst.axi_crossbar_wr_inst.m_ifaces[5].reg_inst.genblk1.genblk1.s_axi_awready_reg$_SDFF_PP0_/Q	axi_crossbar_inst.axi_crossbar_wr_inst.m_ifaces[5].reg_inst.genblk1.genblk1.m_axi_awprot_reg[0]$_DFFE_PP_/D
656	0.3104	axi_crossbar_inst.axi_crossbar_wr_inst.m_ifaces[I].reg_inst.genblkJ.genblkK.s_axi_awready_reg	axi_crossbar_inst.axi_crossbar_wr_inst.m_ifaces[I].reg_inst.genblkJ.genblkK.m_axi_awqos_reg[L]	axi_crossbar_inst.axi_crossbar_wr_inst.m_ifaces[5].reg_inst.genblk1.genblk1.s_axi_awready_reg$_SDFF_PP0_/Q	axi_crossbar_inst.axi_crossbar_wr_inst.m_ifaces[5].reg_inst.genblk1.genblk1.m_axi_awqos_reg[0]$_DFFE_PP_/D
657	0.3104	axi_crossbar_inst.axi_crossbar_wr_inst.m_ifaces[I].reg_inst.genblkJ.genblkK.s_axi_awready_reg	axi_crossbar_inst.axi_crossbar_wr_inst.m_ifaces[I].reg_inst.genblkJ.genblkK.m_axi_awsize_reg[L]	axi_crossbar_inst.axi_crossbar_wr_inst.m_ifaces[5].reg_inst.genblk1.genblk1.s_axi_awready_reg$_SDFF_PP0_/Q	axi_crossbar_inst.axi_crossbar_wr_inst.m_ifaces[5].reg_inst.genblk1.genblk1.m_axi_awsize_reg[1]$_DFFE_PP_/D
658	0.3104	axi_crossbar_inst.axi_crossbar_rd_inst.m_ifaces[I].reg_inst.genblkJ.genblkK.s_axi_arready_reg	axi_crossbar_inst.axi_crossbar_rd_inst.m_ifaces[I].reg_inst.genblkJ.genblkK.m_axi_arburst_reg[L]	axi_crossbar_inst.axi_crossbar_rd_inst.m_ifaces[7].reg_inst.genblk1.genblk1.s_axi_arready_reg$_SDFF_PP0_/Q	axi_crossbar_inst.axi_crossbar_rd_inst.m_ifaces[7].reg_inst.genblk1.genblk1.m_axi_arburst_reg[0]$_DFFE_PP_/D
659	0.3104	axi_crossbar_inst.axi_crossbar_rd_inst.m_ifaces[I].reg_inst.genblkJ.genblkK.s_axi_arready_reg	axi_crossbar_inst.axi_crossbar_rd_inst.m_ifaces[I].reg_inst.genblkJ.genblkK.m_axi_arcache_reg[L]	axi_crossbar_inst.axi_crossbar_rd_inst.m_ifaces[7].reg_inst.genblk1.genblk1.s_axi_arready_reg$_SDFF_PP0_/Q	axi_crossbar_inst.axi_crossbar_rd_inst.m_ifaces[7].reg_inst.genblk1.genblk1.m_axi_arcache_reg[0]$_DFFE_PP_/D
660	0.3104	axi_crossbar_inst.axi_crossbar_rd_inst.m_ifaces[I].reg_inst.genblkJ.genblkK.s_axi_arready_reg	axi_crossbar_inst.axi_crossbar_rd_inst.m_ifaces[I].reg_inst.genblkJ.genblkK.m_axi_arprot_reg[L]	axi_crossbar_inst.axi_crossbar_rd_inst.m_ifaces[7].reg_inst.genblk1.genblk1.s_axi_arready_reg$_SDFF_PP0_/Q	axi_crossbar_inst.axi_crossbar_rd_inst.m_ifaces[7].reg_inst.genblk1.genblk1.m_axi_arprot_reg[0]$_DFFE_PP_/D
661	0.3104	axi_crossbar_inst.axi_crossbar_rd_inst.m_ifaces[I].reg_inst.genblkJ.genblkK.s_axi_arready_reg	axi_crossbar_inst.axi_crossbar_rd_inst.m_ifaces[I].reg_inst.genblkJ.genblkK.m_axi_arqos_reg[L]	axi_crossbar_inst.axi_crossbar_rd_inst.m_ifaces[7].reg_inst.genblk1.genblk1.s_axi_arready_reg$_SDFF_PP0_/Q	axi_crossbar_inst.axi_crossbar_rd_inst.m_ifaces[7].reg_inst.genblk1.genblk1.m_axi_arqos_reg[0]$_DFFE_PP_/D
662	0.3104	axi_crossbar_inst.axi_crossbar_rd_inst.m_ifaces[I].reg_inst.genblkJ.genblkK.s_axi_arready_reg	axi_crossbar_inst.axi_crossbar_rd_inst.m_ifaces[I].reg_inst.genblkJ.genblkK.m_axi_arsize_reg[L]	axi_crossbar_inst.axi_crossbar_rd_inst.m_ifaces[7].reg_inst.genblk1.genblk1.s_axi_arready_reg$_SDFF_PP0_/Q	axi_crossbar_inst.axi_crossbar_rd_inst.m_ifaces[7].reg_inst.genblk1.genblk1.m_axi_arsize_reg[1]$_DFFE_PP_/D
663	0.3108	axi_crossbar_inst.axi_crossbar_rd_inst.m_ifaces[I].reg_inst.genblkJ.genblkK.s_axi_arready_reg	axi_crossbar_inst.axi_crossbar_rd_inst.m_ifaces[I].a_arb_inst.grant_encoded_reg[J]	axi_crossbar_inst.axi_crossbar_rd_inst.m_ifaces[5].reg_inst.genblk1.genblk1.s_axi_arready_reg$_SDFF_PP0_/Q	axi_crossbar_inst.axi_crossbar_rd_inst.m_ifaces[5].a_arb_inst.grant_encoded_reg[2]$_SDFFE_PP0P_/D
664	0.3113	axi_crossbar_inst.axi_crossbar_wr_inst.s_ifaces[I].reg_inst.genblkJ.genblkK.m_axi_bready_reg	axi_crossbar_inst.axi_crossbar_wr_inst.s_ifaces[I].b_arb_inst.grant_valid_reg	axi_crossbar_inst.axi_crossbar_wr_inst.s_ifaces[5].reg_inst.genblk3.genblk1.m_axi_bready_reg$_SDFF_PP0_/Q	axi_crossbar_inst.axi_crossbar_wr_inst.s_ifaces[5].b_arb_inst.grant_valid_reg$_SDFFE_PP0P_/D
665	0.3116	axi_crossbar_inst.axi_crossbar_rd_inst.s_ifaces[I].decerr_m_axi_rlast_reg	axi_crossbar_inst.axi_crossbar_rd_inst.s_ifaces[I].addr_inst.state_reg[J]	axi_crossbar_inst.axi_crossbar_rd_inst.s_ifaces[6].decerr_m_axi_rlast_reg$_DFFE_PP_/Q	axi_crossbar_inst.axi_crossbar_rd_inst.s_ifaces[6].addr_inst.state_reg[0]$_SDFF_PP0_/D
666	0.3130	axi_crossbar_inst.axi_crossbar_rd_inst.s_ifaces[I].addr_inst.thread_m_reg[J][K]	axi_crossbar_inst.axi_crossbar_rd_inst.s_ifaces[I].addr_inst.state_reg[J]	axi_crossbar_inst.axi_crossbar_rd_inst.s_ifaces[5].addr_inst.thread_m_reg[1][2]$_DFFE_PP_/Q	axi_crossbar_inst.axi_crossbar_rd_inst.s_ifaces[5].addr_inst.state_reg[0]$_SDFF_PP0_/D
667	0.3131	axi_crossbar_inst.axi_crossbar_rd_inst.s_ifaces[I].addr_inst.thread_m_reg[J][K]	axi_crossbar_inst.axi_crossbar_rd_inst.s_ifaces[I].addr_inst.m_axi_avalid_reg	axi_crossbar_inst.axi_crossbar_rd_inst.s_ifaces[7].addr_inst.thread_m_reg[1][1]$_DFFE_PP_/Q	axi_crossbar_inst.axi_crossbar_rd_inst.s_ifaces[7].addr_inst.m_axi_avalid_reg$_SDFF_PP0_/D
668	0.3137	axi_crossbar_inst.axi_crossbar_rd_inst.s_ifaces[I].r_arb_inst.grant_valid_reg	axi_crossbar_inst.axi_crossbar_rd_inst.s_ifaces[I].addr_inst.state_reg[J]	axi_crossbar_inst.axi_crossbar_rd_inst.s_ifaces[0].r_arb_inst.grant_valid_reg$_SDFFE_PP0P_/Q	axi_crossbar_inst.axi_crossbar_rd_inst.s_ifaces[0].addr_inst.state_reg[0]$_SDFF_PP0_/D
669	0.3151	axi_crossbar_inst.axi_crossbar_wr_inst.s_ifaces[I].decerr_m_axi_bvalid_reg	axi_crossbar_inst.axi_crossbar_wr_inst.s_ifaces[I].addr_inst.m_wc_valid_reg	axi_crossbar_inst.axi_crossbar_wr_inst.s_ifaces[3].decerr_m_axi_bvalid_reg$_SDFF_PP0_/Q	axi_crossbar_inst.axi_crossbar_wr_inst.s_ifaces[3].addr_inst.m_wc_valid_reg$_SDFF_PP0_/D
670	0.3152	axi_crossbar_inst.axi_crossbar_rd_inst.m_ifaces[I].reg_inst.genblkJ.genblkK.s_axi_arready_reg	axi_crossbar_inst.axi_crossbar_rd_inst.m_ifaces[I].reg_inst.genblkJ.genblkK.m_axi_araddr_reg[L]	axi_crossbar_inst.axi_crossbar_rd_inst.m_ifaces[6].reg_inst.genblk1.genblk1.s_axi_arready_reg$_SDFF_PP0_/Q	axi_crossbar_inst.axi_crossbar_rd_inst.m_ifaces[6].reg_inst.genblk1.genblk1.m_axi_araddr_reg[29]$_DFFE_PP_/D
671	0.3152	axi_crossbar_inst.axi_crossbar_rd_inst.m_ifaces[I].reg_inst.genblkJ.genblkK.s_axi_arready_reg	axi_crossbar_inst.axi_crossbar_rd_inst.m_ifaces[I].reg_inst.genblkJ.genblkK.m_axi_arlen_reg[L]	axi_crossbar_inst.axi_crossbar_rd_inst.m_ifaces[6].reg_inst.genblk1.genblk1.s_axi_arready_reg$_SDFF_PP0_/Q	axi_crossbar_inst.axi_crossbar_rd_inst.m_ifaces[6].reg_inst.genblk1.genblk1.m_axi_arlen_reg[0]$_DFFE_PP_/D
672	0.3177	axi_crossbar_inst.axi_crossbar_rd_inst.s_ifaces[I].reg_inst.genblkJ.m_axi_rready_reg	axi_crossbar_inst.axi_crossbar_rd_inst.s_ifaces[I].reg_inst.genblkJ.temp_s_axi_rresp_reg[K]	axi_crossbar_inst.axi_crossbar_rd_inst.s_ifaces[0].reg_inst.genblk2.m_axi_rready_reg$_SDFF_PP0_/Q	axi_crossbar_inst.axi_crossbar_rd_inst.s_ifaces[0].reg_inst.genblk2.temp_s_axi_rresp_reg[0]$_DFFE_PP_/D
673	0.3181	axi_crossbar_inst.axi_crossbar_wr_inst.m_ifaces[I].w_select_valid_reg	axi_crossbar_inst.axi_crossbar_wr_inst.m_ifaces[I].a_arb_inst.grant_valid_reg	axi_crossbar_inst.axi_crossbar_wr_inst.m_ifaces[6].w_select_valid_reg$_SDFF_PP0_/Q	axi_crossbar_inst.axi_crossbar_wr_inst.m_ifaces[6].a_arb_inst.grant_valid_reg$_SDFFE_PP0P_/D
674	0.3182	axi_crossbar_inst.axi_crossbar_rd_inst.s_ifaces[I].reg_inst.genblkJ.m_axi_rready_reg	axi_crossbar_inst.axi_crossbar_rd_inst.s_ifaces[I].reg_inst.genblkJ.temp_s_axi_rlast_reg	axi_crossbar_inst.axi_crossbar_rd_inst.s_ifaces[0].reg_inst.genblk2.m_axi_rready_reg$_SDFF_PP0_/Q	axi_crossbar_inst.axi_crossbar_rd_inst.s_ifaces[0].reg_inst.genblk2.temp_s_axi_rlast_reg$_DFFE_PP_/D
675	0.3194	axi_crossbar_inst.axi_crossbar_rd_inst.m_ifaces[I].a_arb_inst.grant_valid_reg	axi_crossbar_inst.axi_crossbar_rd_inst.m_ifaces[I].a_arb_inst.mask_reg[J]	axi_crossbar_inst.axi_crossbar_rd_inst.m_ifaces[6].a_arb_inst.grant_valid_reg$_SDFFE_PP0P_/Q	axi_crossbar_inst.axi_crossbar_rd_inst.m_ifaces[6].a_arb_inst.mask_reg[0]$_SDFFE_PP0P_/D
676	0.3195	axi_crossbar_inst.axi_crossbar_wr_inst.m_ifaces[I].a_arb_inst.grant_reg[J]	axi_crossbar_inst.axi_crossbar_wr_inst.m_ifaces[I].a_arb_inst.grant_valid_reg	axi_crossbar_inst.axi_crossbar_wr_inst.m_ifaces[1].a_arb_inst.grant_reg[4]$_SDFFE_PP0P_/Q	axi_crossbar_inst.axi_crossbar_wr_inst.m_ifaces[1].a_arb_inst.grant_valid_reg$_SDFFE_PP0P_/D
677	0.3206	axi_crossbar_inst.axi_crossbar_wr_inst.m_ifaces[I].reg_inst.genblkJ.m_axi_wvalid_reg	axi_crossbar_inst.axi_crossbar_wr_inst.m_ifaces[I].reg_inst.genblkJ.m_axi_wdata_reg[K]	axi_crossbar_inst.axi_crossbar_wr_inst.m_ifaces[1].reg_inst.genblk2.m_axi_wvalid_reg$_SDFFE_PP0P_/QN	axi_crossbar_inst.axi_crossbar_wr_inst.m_ifaces[1].reg_inst.genblk2.m_axi_wdata_reg[10]$_DFFE_PP_/D
678	0.3226	axi_crossbar_inst.axi_crossbar_wr_inst.m_ifaces[I].reg_inst.genblkJ.m_axi_wvalid_reg	axi_crossbar_inst.axi_crossbar_wr_inst.m_ifaces[I].reg_inst.genblkJ.m_axi_wstrb_reg[K]	axi_crossbar_inst.axi_crossbar_wr_inst.m_ifaces[0].reg_inst.genblk2.m_axi_wvalid_reg$_SDFFE_PP0P_/QN	axi_crossbar_inst.axi_crossbar_wr_inst.m_ifaces[0].reg_inst.genblk2.m_axi_wstrb_reg[0]$_DFFE_PP_/D
679	0.3226	axi_crossbar_inst.axi_crossbar_rd_inst.s_ifaces[I].addr_inst.thread_m_reg[J][K]	axi_crossbar_inst.axi_crossbar_rd_inst.s_ifaces[I].addr_inst.m_rc_valid_reg	axi_crossbar_inst.axi_crossbar_rd_inst.s_ifaces[3].addr_inst.thread_m_reg[1][2]$_DFFE_PP_/Q	axi_crossbar_inst.axi_crossbar_rd_inst.s_ifaces[3].addr_inst.m_rc_valid_reg$_SDFF_PP0_/D
680	0.3235	axi_crossbar_inst.axi_crossbar_wr_inst.m_ifaces[I].reg_inst.genblkJ.s_axi_wready_reg	axi_crossbar_inst.axi_crossbar_wr_inst.m_ifaces[I].reg_inst.genblkJ.m_axi_wlast_reg	axi_crossbar_inst.axi_crossbar_wr_inst.m_ifaces[7].reg_inst.genblk2.s_axi_wready_reg$_SDFF_PP0_/Q	axi_crossbar_inst.axi_crossbar_wr_inst.m_ifaces[7].reg_inst.genblk2.m_axi_wlast_reg$_DFFE_PP_/D
681	0.3239	axi_crossbar_inst.axi_crossbar_rd_inst.s_ifaces[I].decerr_m_axi_rvalid_reg	axi_crossbar_inst.axi_crossbar_rd_inst.s_ifaces[I].decerr_len_reg[J]	axi_crossbar_inst.axi_crossbar_rd_inst.s_ifaces[2].decerr_m_axi_rvalid_reg$_SDFF_PP0_/Q	axi_crossbar_inst.axi_crossbar_rd_inst.s_ifaces[2].decerr_len_reg[0]$_DFFE_PP_/D
682	0.3254	sI_axi_wvalid	axi_crossbar_inst.axi_crossbar_wr_inst.s_ifaces[I].w_drop_reg	s04_axi_wvalid	axi_crossbar_inst.axi_crossbar_wr_inst.s_ifaces[4].w_drop_reg$_DFF_P_/D
683	0.3255	axi_crossbar_inst.axi_crossbar_rd_inst.m_ifaces[I].a_arb_inst.grant_valid_reg	axi_crossbar_inst.axi_crossbar_rd_inst.m_ifaces[I].a_arb_inst.grant_reg[J]	axi_crossbar_inst.axi_crossbar_rd_inst.m_ifaces[7].a_arb_inst.grant_valid_reg$_SDFFE_PP0P_/Q	axi_crossbar_inst.axi_crossbar_rd_inst.m_ifaces[7].a_arb_inst.grant_reg[0]$_SDFFE_PP0P_/D
684	0.3265	axi_crossbar_inst.axi_crossbar_wr_inst.m_ifaces[I].a_arb_inst.grant_encoded_reg[J]	axi_crossbar_inst.axi_crossbar_wr_inst.m_ifaces[I].w_select_reg[J]	axi_crossbar_inst.axi_crossbar_wr_inst.m_ifaces[2].a_arb_inst.grant_encoded_reg[2]$_SDFFE_PP0P_/Q	axi_crossbar_inst.axi_crossbar_wr_inst.m_ifaces[2].w_select_reg[2]$_DFFE_PP_/D
685	0.3270	axi_crossbar_inst.axi_crossbar_wr_inst.m_ifaces[I].reg_inst.genblkJ.s_axi_wready_reg	axi_crossbar_inst.axi_crossbar_wr_inst.m_ifaces[I].reg_inst.genblkJ.m_axi_wvalid_reg	axi_crossbar_inst.axi_crossbar_wr_inst.m_ifaces[7].reg_inst.genblk2.s_axi_wready_reg$_SDFF_PP0_/Q	axi_crossbar_inst.axi_crossbar_wr_inst.m_ifaces[7].reg_inst.genblk2.m_axi_wvalid_reg$_SDFFE_PP0P_/D
686	0.3282	sI_axi_awvalid	axi_crossbar_inst.axi_crossbar_wr_inst.s_ifaces[I].addr_inst.state_reg[J]	s00_axi_awvalid	axi_crossbar_inst.axi_crossbar_wr_inst.s_ifaces[0].addr_inst.state_reg[1]$_SDFF_PP0_/D
687	0.3285	axi_crossbar_inst.axi_crossbar_wr_inst.m_ifaces[I].reg_inst.genblkJ.s_axi_wready_reg	axi_crossbar_inst.axi_crossbar_wr_inst.m_ifaces[I].reg_inst.genblkJ.temp_m_axi_wstrb_reg[K]	axi_crossbar_inst.axi_crossbar_wr_inst.m_ifaces[5].reg_inst.genblk2.s_axi_wready_reg$_SDFF_PP0_/Q	axi_crossbar_inst.axi_crossbar_wr_inst.m_ifaces[5].reg_inst.genblk2.temp_m_axi_wstrb_reg[0]$_DFFE_PP_/D
688	0.3308	axi_crossbar_inst.axi_crossbar_wr_inst.m_ifaces[I].w_select_new_reg	axi_crossbar_inst.axi_crossbar_wr_inst.m_ifaces[I].a_arb_inst.grant_valid_reg	axi_crossbar_inst.axi_crossbar_wr_inst.m_ifaces[3].w_select_new_reg$_SDFF_PP1_/Q	axi_crossbar_inst.axi_crossbar_wr_inst.m_ifaces[3].a_arb_inst.grant_valid_reg$_SDFFE_PP0P_/D
689	0.3330	axi_crossbar_inst.axi_crossbar_rd_inst.s_ifaces[I].reg_inst.genblkJ.s_axi_rdata_reg[K]	sI_axi_rdata[J]	axi_crossbar_inst.axi_crossbar_rd_inst.s_ifaces[0].reg_inst.genblk2.s_axi_rdata_reg[0]$_DFFE_PP_/Q	s00_axi_rdata[0]
690	0.3330	axi_crossbar_inst.axi_crossbar_wr_inst.s_ifaces[I].reg_inst.genblkJ.genblkK.s_axi_bresp_reg[L]	sI_axi_bresp[J]	axi_crossbar_inst.axi_crossbar_wr_inst.s_ifaces[7].reg_inst.genblk3.genblk1.s_axi_bresp_reg[0]$_DFFE_PP_/Q	s07_axi_bresp[0]
691	0.3330	axi_crossbar_inst.axi_crossbar_rd_inst.m_ifaces[I].reg_inst.genblkJ.genblkK.m_axi_arvalid_reg	mI_axi_arvalid	axi_crossbar_inst.axi_crossbar_rd_inst.m_ifaces[0].reg_inst.genblk1.genblk1.m_axi_arvalid_reg$_SDFF_PP0_/Q	m00_axi_arvalid
692	0.3330	axi_crossbar_inst.axi_crossbar_wr_inst.m_ifaces[I].reg_inst.genblkJ.genblkK.m_axi_awvalid_reg	mI_axi_awvalid	axi_crossbar_inst.axi_crossbar_wr_inst.m_ifaces[0].reg_inst.genblk1.genblk1.m_axi_awvalid_reg$_SDFF_PP0_/Q	m00_axi_awvalid
693	0.3330	axi_crossbar_inst.axi_crossbar_wr_inst.s_ifaces[I].reg_inst.genblkJ.genblkK.s_axi_bvalid_reg	sI_axi_bvalid	axi_crossbar_inst.axi_crossbar_wr_inst.s_ifaces[0].reg_inst.genblk3.genblk1.s_axi_bvalid_reg$_SDFF_PP0_/Q	s00_axi_bvalid
694	0.3331	axi_crossbar_inst.axi_crossbar_wr_inst.m_ifaces[I].reg_inst.genblkJ.m_axi_wdata_reg[K]	mI_axi_wdata[J]	axi_crossbar_inst.axi_crossbar_wr_inst.m_ifaces[0].reg_inst.genblk2.m_axi_wdata_reg[0]$_DFFE_PP_/Q	m00_axi_wdata[0]
695	0.3331	axi_crossbar_inst.axi_crossbar_wr_inst.m_ifaces[I].reg_inst.genblkJ.m_axi_wlast_reg	mI_axi_wlast	axi_crossbar_inst.axi_crossbar_wr_inst.m_ifaces[0].reg_inst.genblk2.m_axi_wlast_reg$_DFFE_PP_/Q	m00_axi_wlast
696	0.3331	axi_crossbar_inst.axi_crossbar_wr_inst.m_ifaces[I].reg_inst.genblkJ.m_axi_wstrb_reg[K]	mI_axi_wstrb[J]	axi_crossbar_inst.axi_crossbar_wr_inst.m_ifaces[0].reg_inst.genblk2.m_axi_wstrb_reg[0]$_DFFE_PP_/Q	m00_axi_wstrb[0]
697	0.3331	axi_crossbar_inst.axi_crossbar_rd_inst.s_ifaces[I].reg_inst.genblkJ.s_axi_rid_reg[K]	sI_axi_rid[J]	axi_crossbar_inst.axi_crossbar_rd_inst.s_ifaces[0].reg_inst.genblk2.s_axi_rid_reg[0]$_DFFE_PP_/Q	s00_axi_rid[0]
698	0.3331	axi_crossbar_inst.axi_crossbar_rd_inst.s_ifaces[I].reg_inst.genblkJ.s_axi_rlast_reg	sI_axi_rlast	axi_crossbar_inst.axi_crossbar_rd_inst.s_ifaces[0].reg_inst.genblk2.s_axi_rlast_reg$_DFFE_PP_/Q	s00_axi_rlast
699	0.3331	axi_crossbar_inst.axi_crossbar_rd_inst.s_ifaces[I].reg_inst.genblkJ.s_axi_rresp_reg[K]	sI_axi_rresp[J]	axi_crossbar_inst.axi_crossbar_rd_inst.s_ifaces[0].reg_inst.genblk2.s_axi_rresp_reg[0]$_DFFE_PP_/Q	s00_axi_rresp[0]
700	0.3331	axi_crossbar_inst.axi_crossbar_wr_inst.s_ifaces[I].reg_inst.genblkJ.genblkK.s_axi_bid_reg[L]	sI_axi_bid[J]	axi_crossbar_inst.axi_crossbar_wr_inst.s_ifaces[0].reg_inst.genblk3.genblk1.s_axi_bid_reg[0]$_DFFE_PP_/Q	s00_axi_bid[0]
701	0.3331	axi_crossbar_inst.axi_crossbar_wr_inst.m_ifaces[I].reg_inst.genblkJ.m_axi_wvalid_reg	mI_axi_wvalid	axi_crossbar_inst.axi_crossbar_wr_inst.m_ifaces[3].reg_inst.genblk2.m_axi_wvalid_reg$_SDFFE_PP0P_/Q	m03_axi_wvalid
702	0.3331	axi_crossbar_inst.axi_crossbar_rd_inst.s_ifaces[I].reg_inst.genblkJ.s_axi_rvalid_reg	sI_axi_rvalid	axi_crossbar_inst.axi_crossbar_rd_inst.s_ifaces[2].reg_inst.genblk2.s_axi_rvalid_reg$_SDFFE_PP0P_/Q	s02_axi_rvalid
703	0.3347	axi_crossbar_inst.axi_crossbar_rd_inst.s_ifaces[I].r_arb_inst.grant_valid_reg	axi_crossbar_inst.axi_crossbar_rd_inst.s_ifaces[I].r_arb_inst.grant_valid_reg	axi_crossbar_inst.axi_crossbar_rd_inst.s_ifaces[1].r_arb_inst.grant_valid_reg$_SDFFE_PP0P_/Q	axi_crossbar_inst.axi_crossbar_rd_inst.s_ifaces[1].r_arb_inst.grant_valid_reg$_SDFFE_PP0P_/D
704	0.3348	axi_crossbar_inst.axi_crossbar_rd_inst.m_ifaces[I].reg_inst.genblkJ.genblkK.m_axi_araddr_reg[L]	mI_axi_araddr[J]	axi_crossbar_inst.axi_crossbar_rd_inst.m_ifaces[0].reg_inst.genblk1.genblk1.m_axi_araddr_reg[0]$_DFFE_PP_/Q	m00_axi_araddr[0]
705	0.3348	axi_crossbar_inst.axi_crossbar_rd_inst.m_ifaces[I].reg_inst.genblkJ.genblkK.m_axi_arburst_reg[L]	mI_axi_arburst[J]	axi_crossbar_inst.axi_crossbar_rd_inst.m_ifaces[0].reg_inst.genblk1.genblk1.m_axi_arburst_reg[0]$_DFFE_PP_/Q	m00_axi_arburst[0]
706	0.3348	axi_crossbar_inst.axi_crossbar_rd_inst.m_ifaces[I].reg_inst.genblkJ.genblkK.m_axi_arcache_reg[L]	mI_axi_arcache[J]	axi_crossbar_inst.axi_crossbar_rd_inst.m_ifaces[0].reg_inst.genblk1.genblk1.m_axi_arcache_reg[0]$_DFFE_PP_/Q	m00_axi_arcache[0]
707	0.3348	axi_crossbar_inst.axi_crossbar_rd_inst.m_ifaces[I].reg_inst.genblkJ.genblkK.m_axi_arid_reg[L]	mI_axi_arid[J]	axi_crossbar_inst.axi_crossbar_rd_inst.m_ifaces[0].reg_inst.genblk1.genblk1.m_axi_arid_reg[0]$_DFFE_PP_/Q	m00_axi_arid[0]
708	0.3348	axi_crossbar_inst.axi_crossbar_rd_inst.m_ifaces[I].reg_inst.genblkJ.genblkK.m_axi_arlen_reg[L]	mI_axi_arlen[J]	axi_crossbar_inst.axi_crossbar_rd_inst.m_ifaces[0].reg_inst.genblk1.genblk1.m_axi_arlen_reg[0]$_DFFE_PP_/Q	m00_axi_arlen[0]
709	0.3348	axi_crossbar_inst.axi_crossbar_rd_inst.m_ifaces[I].reg_inst.genblkJ.genblkK.m_axi_arlock_reg	mI_axi_arlock	axi_crossbar_inst.axi_crossbar_rd_inst.m_ifaces[0].reg_inst.genblk1.genblk1.m_axi_arlock_reg$_DFFE_PP_/Q	m00_axi_arlock
710	0.3348	axi_crossbar_inst.axi_crossbar_rd_inst.m_ifaces[I].reg_inst.genblkJ.genblkK.m_axi_arprot_reg[L]	mI_axi_arprot[J]	axi_crossbar_inst.axi_crossbar_rd_inst.m_ifaces[0].reg_inst.genblk1.genblk1.m_axi_arprot_reg[0]$_DFFE_PP_/Q	m00_axi_arprot[0]
711	0.3348	axi_crossbar_inst.axi_crossbar_rd_inst.m_ifaces[I].reg_inst.genblkJ.genblkK.m_axi_arqos_reg[L]	mI_axi_arqos[J]	axi_crossbar_inst.axi_crossbar_rd_inst.m_ifaces[0].reg_inst.genblk1.genblk1.m_axi_arqos_reg[0]$_DFFE_PP_/Q	m00_axi_arqos[0]
712	0.3348	axi_crossbar_inst.axi_crossbar_rd_inst.m_ifaces[I].reg_inst.genblkJ.genblkK.m_axi_arsize_reg[L]	mI_axi_arsize[J]	axi_crossbar_inst.axi_crossbar_rd_inst.m_ifaces[0].reg_inst.genblk1.genblk1.m_axi_arsize_reg[0]$_DFFE_PP_/Q	m00_axi_arsize[0]
713	0.3348	axi_crossbar_inst.axi_crossbar_wr_inst.m_ifaces[I].reg_inst.genblkJ.genblkK.m_axi_awaddr_reg[L]	mI_axi_awaddr[J]	axi_crossbar_inst.axi_crossbar_wr_inst.m_ifaces[0].reg_inst.genblk1.genblk1.m_axi_awaddr_reg[0]$_DFFE_PP_/Q	m00_axi_awaddr[0]
714	0.3348	axi_crossbar_inst.axi_crossbar_wr_inst.m_ifaces[I].reg_inst.genblkJ.genblkK.m_axi_awburst_reg[L]	mI_axi_awburst[J]	axi_crossbar_inst.axi_crossbar_wr_inst.m_ifaces[0].reg_inst.genblk1.genblk1.m_axi_awburst_reg[0]$_DFFE_PP_/Q	m00_axi_awburst[0]
715	0.3348	axi_crossbar_inst.axi_crossbar_wr_inst.m_ifaces[I].reg_inst.genblkJ.genblkK.m_axi_awcache_reg[L]	mI_axi_awcache[J]	axi_crossbar_inst.axi_crossbar_wr_inst.m_ifaces[0].reg_inst.genblk1.genblk1.m_axi_awcache_reg[0]$_DFFE_PP_/Q	m00_axi_awcache[0]
716	0.3348	axi_crossbar_inst.axi_crossbar_wr_inst.m_ifaces[I].reg_inst.genblkJ.genblkK.m_axi_awid_reg[L]	mI_axi_awid[J]	axi_crossbar_inst.axi_crossbar_wr_inst.m_ifaces[0].reg_inst.genblk1.genblk1.m_axi_awid_reg[0]$_DFFE_PP_/Q	m00_axi_awid[0]
717	0.3348	axi_crossbar_inst.axi_crossbar_wr_inst.m_ifaces[I].reg_inst.genblkJ.genblkK.m_axi_awlen_reg[L]	mI_axi_awlen[J]	axi_crossbar_inst.axi_crossbar_wr_inst.m_ifaces[0].reg_inst.genblk1.genblk1.m_axi_awlen_reg[0]$_DFFE_PP_/Q	m00_axi_awlen[0]
718	0.3348	axi_crossbar_inst.axi_crossbar_wr_inst.m_ifaces[I].reg_inst.genblkJ.genblkK.m_axi_awlock_reg	mI_axi_awlock	axi_crossbar_inst.axi_crossbar_wr_inst.m_ifaces[0].reg_inst.genblk1.genblk1.m_axi_awlock_reg$_DFFE_PP_/Q	m00_axi_awlock
719	0.3348	axi_crossbar_inst.axi_crossbar_wr_inst.m_ifaces[I].reg_inst.genblkJ.genblkK.m_axi_awprot_reg[L]	mI_axi_awprot[J]	axi_crossbar_inst.axi_crossbar_wr_inst.m_ifaces[0].reg_inst.genblk1.genblk1.m_axi_awprot_reg[0]$_DFFE_PP_/Q	m00_axi_awprot[0]
720	0.3348	axi_crossbar_inst.axi_crossbar_wr_inst.m_ifaces[I].reg_inst.genblkJ.genblkK.m_axi_awqos_reg[L]	mI_axi_awqos[J]	axi_crossbar_inst.axi_crossbar_wr_inst.m_ifaces[0].reg_inst.genblk1.genblk1.m_axi_awqos_reg[0]$_DFFE_PP_/Q	m00_axi_awqos[0]
721	0.3348	axi_crossbar_inst.axi_crossbar_wr_inst.m_ifaces[I].reg_inst.genblkJ.genblkK.m_axi_awsize_reg[L]	mI_axi_awsize[J]	axi_crossbar_inst.axi_crossbar_wr_inst.m_ifaces[0].reg_inst.genblk1.genblk1.m_axi_awsize_reg[0]$_DFFE_PP_/Q	m00_axi_awsize[0]
722	0.3365	axi_crossbar_inst.axi_crossbar_rd_inst.s_ifaces[I].decerr_m_axi_rvalid_reg	axi_crossbar_inst.axi_crossbar_rd_inst.s_ifaces[I].r_arb_inst.grant_valid_reg	axi_crossbar_inst.axi_crossbar_rd_inst.s_ifaces[3].decerr_m_axi_rvalid_reg$_SDFF_PP0_/Q	axi_crossbar_inst.axi_crossbar_rd_inst.s_ifaces[3].r_arb_inst.grant_valid_reg$_SDFFE_PP0P_/D
723	0.3369	axi_crossbar_inst.axi_crossbar_rd_inst.s_ifaces[I].addr_inst.s_axi_aready_reg	sI_axi_arready	axi_crossbar_inst.axi_crossbar_rd_inst.s_ifaces[0].addr_inst.s_axi_aready_reg$_SDFF_PP0_/Q	s00_axi_arready
724	0.3369	axi_crossbar_inst.axi_crossbar_wr_inst.s_ifaces[I].addr_inst.s_axi_aready_reg	sI_axi_awready	axi_crossbar_inst.axi_crossbar_wr_inst.s_ifaces[0].addr_inst.s_axi_aready_reg$_SDFF_PP0_/Q	s00_axi_awready
725	0.3369	axi_crossbar_inst.axi_crossbar_wr_inst.s_ifaces[I].reg_inst.genblkJ.genblkK.m_axi_bready_reg	axi_crossbar_inst.axi_crossbar_wr_inst.s_ifaces[I].addr_inst.m_axi_avalid_reg	axi_crossbar_inst.axi_crossbar_wr_inst.s_ifaces[5].reg_inst.genblk3.genblk1.m_axi_bready_reg$_SDFF_PP0_/Q	axi_crossbar_inst.axi_crossbar_wr_inst.s_ifaces[5].addr_inst.m_axi_avalid_reg$_SDFF_PP0_/D
726	0.3382	axi_crossbar_inst.axi_crossbar_wr_inst.m_ifaces[I].reg_inst.genblkJ.s_axi_wready_reg	axi_crossbar_inst.axi_crossbar_wr_inst.m_ifaces[I].reg_inst.genblkJ.temp_m_axi_wvalid_reg	axi_crossbar_inst.axi_crossbar_wr_inst.m_ifaces[7].reg_inst.genblk2.s_axi_wready_reg$_SDFF_PP0_/Q	axi_crossbar_inst.axi_crossbar_wr_inst.m_ifaces[7].reg_inst.genblk2.temp_m_axi_wvalid_reg$_SDFFE_PP0P_/D
727	0.3400	axi_crossbar_inst.axi_crossbar_rd_inst.s_ifaces[I].reg_inst.genblkJ.m_axi_rready_reg	axi_crossbar_inst.axi_crossbar_rd_inst.s_ifaces[I].reg_inst.genblkJ.temp_s_axi_rvalid_reg	axi_crossbar_inst.axi_crossbar_rd_inst.s_ifaces[1].reg_inst.genblk2.m_axi_rready_reg$_SDFF_PP0_/Q	axi_crossbar_inst.axi_crossbar_rd_inst.s_ifaces[1].reg_inst.genblk2.temp_s_axi_rvalid_reg$_SDFFE_PP0P_/D
728	0.3401	axi_crossbar_inst.axi_crossbar_wr_inst.s_ifaces[I].reg_inst.genblkJ.genblkK.m_axi_bready_reg	axi_crossbar_inst.axi_crossbar_wr_inst.s_ifaces[I].addr_inst.m_rc_valid_reg	axi_crossbar_inst.axi_crossbar_wr_inst.s_ifaces[5].reg_inst.genblk3.genblk1.m_axi_bready_reg$_SDFF_PP0_/Q	axi_crossbar_inst.axi_crossbar_wr_inst.s_ifaces[5].addr_inst.m_rc_valid_reg$_SDFF_PP0_/D
729	0.3407	axi_crossbar_inst.axi_crossbar_rd_inst.s_ifaces[I].addr_inst.m_rc_valid_reg	axi_crossbar_inst.axi_crossbar_rd_inst.s_ifaces[I].decerr_len_reg[J]	axi_crossbar_inst.axi_crossbar_rd_inst.s_ifaces[6].addr_inst.m_rc_valid_reg$_SDFF_PP0_/Q	axi_crossbar_inst.axi_crossbar_rd_inst.s_ifaces[6].decerr_len_reg[0]$_DFFE_PP_/D
730	0.3412	axi_crossbar_inst.axi_crossbar_wr_inst.s_ifaces[I].reg_inst.genblkJ.genblkK.m_axi_bready_reg	axi_crossbar_inst.axi_crossbar_wr_inst.s_ifaces[I].addr_inst.m_wc_valid_reg	axi_crossbar_inst.axi_crossbar_wr_inst.s_ifaces[5].reg_inst.genblk3.genblk1.m_axi_bready_reg$_SDFF_PP0_/Q	axi_crossbar_inst.axi_crossbar_wr_inst.s_ifaces[5].addr_inst.m_wc_valid_reg$_SDFF_PP0_/D
731	0.3415	axi_crossbar_inst.axi_crossbar_wr_inst.m_ifaces[I].reg_inst.genblkJ.s_axi_wready_reg	axi_crossbar_inst.axi_crossbar_wr_inst.m_ifaces[I].w_select_valid_reg	axi_crossbar_inst.axi_crossbar_wr_inst.m_ifaces[6].reg_inst.genblk2.s_axi_wready_reg$_SDFF_PP0_/Q	axi_crossbar_inst.axi_crossbar_wr_inst.m_ifaces[6].w_select_valid_reg$_SDFF_PP0_/D
732	0.3416	axi_crossbar_inst.axi_crossbar_wr_inst.s_ifaces[I].reg_inst.genblkJ.genblkK.m_axi_bready_reg	axi_crossbar_inst.axi_crossbar_wr_inst.s_ifaces[I].addr_inst.state_reg[J]	axi_crossbar_inst.axi_crossbar_wr_inst.s_ifaces[5].reg_inst.genblk3.genblk1.m_axi_bready_reg$_SDFF_PP0_/Q	axi_crossbar_inst.axi_crossbar_wr_inst.s_ifaces[5].addr_inst.state_reg[0]$_SDFF_PP0_/D
733	0.3430	axi_crossbar_inst.axi_crossbar_rd_inst.m_ifaces[I].a_arb_inst.grant_valid_reg	axi_crossbar_inst.axi_crossbar_rd_inst.m_ifaces[I].a_arb_inst.grant_encoded_reg[J]	axi_crossbar_inst.axi_crossbar_rd_inst.m_ifaces[7].a_arb_inst.grant_valid_reg$_SDFFE_PP0P_/Q	axi_crossbar_inst.axi_crossbar_rd_inst.m_ifaces[7].a_arb_inst.grant_encoded_reg[0]$_SDFFE_PP0P_/D
734	0.3436	axi_crossbar_inst.axi_crossbar_rd_inst.s_ifaces[I].decerr_m_axi_rvalid_reg	axi_crossbar_inst.axi_crossbar_rd_inst.s_ifaces[I].reg_inst.genblkJ.temp_s_axi_rvalid_reg	axi_crossbar_inst.axi_crossbar_rd_inst.s_ifaces[1].decerr_m_axi_rvalid_reg$_SDFF_PP0_/Q	axi_crossbar_inst.axi_crossbar_rd_inst.s_ifaces[1].reg_inst.genblk2.temp_s_axi_rvalid_reg$_SDFFE_PP0P_/D
735	0.3439	axi_crossbar_inst.axi_crossbar_wr_inst.s_ifaces[I].reg_inst.genblkJ.genblkK.m_axi_bready_reg	axi_crossbar_inst.axi_crossbar_wr_inst.s_ifaces[I].decerr_m_axi_bvalid_reg	axi_crossbar_inst.axi_crossbar_wr_inst.s_ifaces[4].reg_inst.genblk3.genblk1.m_axi_bready_reg$_SDFF_PP0_/Q	axi_crossbar_inst.axi_crossbar_wr_inst.s_ifaces[4].decerr_m_axi_bvalid_reg$_SDFF_PP0_/D
736	0.3458	axi_crossbar_inst.axi_crossbar_rd_inst.s_ifaces[I].addr_inst.m_decerr_reg	axi_crossbar_inst.axi_crossbar_rd_inst.s_ifaces[I].addr_inst.thread_id_reg[J][K]	axi_crossbar_inst.axi_crossbar_rd_inst.s_ifaces[1].addr_inst.m_decerr_reg$_DFFE_PP_/Q	axi_crossbar_inst.axi_crossbar_rd_inst.s_ifaces[1].addr_inst.thread_id_reg[1][0]$_DFFE_PP_/D
737	0.3458	axi_crossbar_inst.axi_crossbar_rd_inst.s_ifaces[I].addr_inst.m_decerr_reg	axi_crossbar_inst.axi_crossbar_rd_inst.s_ifaces[I].addr_inst.thread_m_reg[J][K]	axi_crossbar_inst.axi_crossbar_rd_inst.s_ifaces[1].addr_inst.m_decerr_reg$_DFFE_PP_/Q	axi_crossbar_inst.axi_crossbar_rd_inst.s_ifaces[1].addr_inst.thread_m_reg[1][0]$_DFFE_PP_/D
738	0.3459	axi_crossbar_inst.axi_crossbar_rd_inst.s_ifaces[I].decerr_m_axi_rlast_reg	axi_crossbar_inst.axi_crossbar_rd_inst.s_ifaces[I].r_arb_inst.grant_valid_reg	axi_crossbar_inst.axi_crossbar_rd_inst.s_ifaces[3].decerr_m_axi_rlast_reg$_DFFE_PP_/Q	axi_crossbar_inst.axi_crossbar_rd_inst.s_ifaces[3].r_arb_inst.grant_valid_reg$_SDFFE_PP0P_/D
739	0.3472	axi_crossbar_inst.axi_crossbar_rd_inst.s_ifaces[I].addr_inst.m_rc_valid_reg	axi_crossbar_inst.axi_crossbar_rd_inst.s_ifaces[I].decerr_m_axi_rlast_reg	axi_crossbar_inst.axi_crossbar_rd_inst.s_ifaces[2].addr_inst.m_rc_valid_reg$_SDFF_PP0_/Q	axi_crossbar_inst.axi_crossbar_rd_inst.s_ifaces[2].decerr_m_axi_rlast_reg$_DFFE_PP_/D
740	0.3481	axi_crossbar_inst.axi_crossbar_wr_inst.m_ifaces[I].a_arb_inst.grant_reg[J]	axi_crossbar_inst.axi_crossbar_wr_inst.m_ifaces[I].w_select_new_reg	axi_crossbar_inst.axi_crossbar_wr_inst.m_ifaces[7].a_arb_inst.grant_reg[0]$_SDFFE_PP0P_/Q	axi_crossbar_inst.axi_crossbar_wr_inst.m_ifaces[7].w_select_new_reg$_SDFF_PP1_/D
741	0.3482	axi_crossbar_inst.axi_crossbar_rd_inst.s_ifaces[I].reg_inst.genblkJ.s_axi_rvalid_reg	axi_crossbar_inst.axi_crossbar_rd_inst.s_ifaces[I].reg_inst.genblkJ.temp_s_axi_rresp_reg[K]	axi_crossbar_inst.axi_crossbar_rd_inst.s_ifaces[0].reg_inst.genblk2.s_axi_rvalid_reg$_SDFFE_PP0P_/QN	axi_crossbar_inst.axi_crossbar_rd_inst.s_ifaces[0].reg_inst.genblk2.temp_s_axi_rresp_reg[0]$_DFFE_PP_/D
742	0.3487	axi_crossbar_inst.axi_crossbar_rd_inst.s_ifaces[I].reg_inst.genblkJ.s_axi_rvalid_reg	axi_crossbar_inst.axi_crossbar_rd_inst.s_ifaces[I].reg_inst.genblkJ.temp_s_axi_rlast_reg	axi_crossbar_inst.axi_crossbar_rd_inst.s_ifaces[0].reg_inst.genblk2.s_axi_rvalid_reg$_SDFFE_PP0P_/QN	axi_crossbar_inst.axi_crossbar_rd_inst.s_ifaces[0].reg_inst.genblk2.temp_s_axi_rlast_reg$_DFFE_PP_/D
743	0.3491	axi_crossbar_inst.axi_crossbar_rd_inst.s_ifaces[I].addr_inst.s_axi_aready_reg	axi_crossbar_inst.axi_crossbar_rd_inst.s_ifaces[I].addr_inst.thread_m_reg[J][K]	axi_crossbar_inst.axi_crossbar_rd_inst.s_ifaces[5].addr_inst.s_axi_aready_reg$_SDFF_PP0_/QN	axi_crossbar_inst.axi_crossbar_rd_inst.s_ifaces[5].addr_inst.thread_m_reg[1][0]$_DFFE_PP_/D
744	0.3497	axi_crossbar_inst.axi_crossbar_wr_inst.s_ifaces[I].addr_inst.s_axi_aready_reg	axi_crossbar_inst.axi_crossbar_wr_inst.s_ifaces[I].addr_inst.thread_m_reg[J][K]	axi_crossbar_inst.axi_crossbar_wr_inst.s_ifaces[3].addr_inst.s_axi_aready_reg$_SDFF_PP0_/QN	axi_crossbar_inst.axi_crossbar_wr_inst.s_ifaces[3].addr_inst.thread_m_reg[0][1]$_DFFE_PP_/D
745	0.3504	axi_crossbar_inst.axi_crossbar_wr_inst.m_ifaces[I].reg_inst.genblkJ.m_axi_wvalid_reg	axi_crossbar_inst.axi_crossbar_wr_inst.m_ifaces[I].reg_inst.genblkJ.temp_m_axi_wdata_reg[K]	axi_crossbar_inst.axi_crossbar_wr_inst.m_ifaces[1].reg_inst.genblk2.m_axi_wvalid_reg$_SDFFE_PP0P_/QN	axi_crossbar_inst.axi_crossbar_wr_inst.m_ifaces[1].reg_inst.genblk2.temp_m_axi_wdata_reg[10]$_DFFE_PP_/D
746	0.3526	axi_crossbar_inst.axi_crossbar_rd_inst.s_ifaces[I].addr_inst.trans_count_reg[J]	axi_crossbar_inst.axi_crossbar_rd_inst.s_ifaces[I].addr_inst.m_axi_avalid_reg	axi_crossbar_inst.axi_crossbar_rd_inst.s_ifaces[7].addr_inst.trans_count_reg[4]$_SDFFE_PP0P_/Q	axi_crossbar_inst.axi_crossbar_rd_inst.s_ifaces[7].addr_inst.m_axi_avalid_reg$_SDFF_PP0_/D
747	0.3534	axi_crossbar_inst.axi_crossbar_wr_inst.s_ifaces[I].b_arb_inst.grant_valid_reg	axi_crossbar_inst.axi_crossbar_wr_inst.s_ifaces[I].decerr_m_axi_bvalid_reg	axi_crossbar_inst.axi_crossbar_wr_inst.s_ifaces[4].b_arb_inst.grant_valid_reg$_SDFFE_PP0P_/Q	axi_crossbar_inst.axi_crossbar_wr_inst.s_ifaces[4].decerr_m_axi_bvalid_reg$_SDFF_PP0_/D
748	0.3537	axi_crossbar_inst.axi_crossbar_wr_inst.m_ifaces[I].reg_inst.genblkJ.m_axi_wvalid_reg	axi_crossbar_inst.axi_crossbar_wr_inst.m_ifaces[I].reg_inst.genblkJ.temp_m_axi_wstrb_reg[K]	axi_crossbar_inst.axi_crossbar_wr_inst.m_ifaces[0].reg_inst.genblk2.m_axi_wvalid_reg$_SDFFE_PP0P_/QN	axi_crossbar_inst.axi_crossbar_wr_inst.m_ifaces[0].reg_inst.genblk2.temp_m_axi_wstrb_reg[0]$_DFFE_PP_/D
749	0.3539	axi_crossbar_inst.axi_crossbar_wr_inst.m_ifaces[I].trans_count_reg[J]	axi_crossbar_inst.axi_crossbar_wr_inst.m_ifaces[I].a_arb_inst.grant_valid_reg	axi_crossbar_inst.axi_crossbar_wr_inst.m_ifaces[3].trans_count_reg[2]$_SDFFE_PP0P_/Q	axi_crossbar_inst.axi_crossbar_wr_inst.m_ifaces[3].a_arb_inst.grant_valid_reg$_SDFFE_PP0P_/D
750	0.3557	axi_crossbar_inst.axi_crossbar_rd_inst.m_ifaces[I].reg_inst.genblkJ.genblkK.s_axi_arready_reg	axi_crossbar_inst.axi_crossbar_rd_inst.m_ifaces[I].a_arb_inst.grant_valid_reg	axi_crossbar_inst.axi_crossbar_rd_inst.m_ifaces[7].reg_inst.genblk1.genblk1.s_axi_arready_reg$_SDFF_PP0_/Q	axi_crossbar_inst.axi_crossbar_rd_inst.m_ifaces[7].a_arb_inst.grant_valid_reg$_SDFFE_PP0P_/D
751	0.3576	axi_crossbar_inst.axi_crossbar_rd_inst.s_ifaces[I].addr_inst.trans_count_reg[J]	axi_crossbar_inst.axi_crossbar_rd_inst.s_ifaces[I].addr_inst.m_rc_valid_reg	axi_crossbar_inst.axi_crossbar_rd_inst.s_ifaces[7].addr_inst.trans_count_reg[4]$_SDFFE_PP0P_/Q	axi_crossbar_inst.axi_crossbar_rd_inst.s_ifaces[7].addr_inst.m_rc_valid_reg$_SDFF_PP0_/D
752	0.3586	axi_crossbar_inst.axi_crossbar_wr_inst.s_ifaces[I].decerr_m_axi_bvalid_reg	axi_crossbar_inst.axi_crossbar_wr_inst.s_ifaces[I].reg_inst.genblkJ.genblkK.m_axi_bready_reg	axi_crossbar_inst.axi_crossbar_wr_inst.s_ifaces[1].decerr_m_axi_bvalid_reg$_SDFF_PP0_/Q	axi_crossbar_inst.axi_crossbar_wr_inst.s_ifaces[1].reg_inst.genblk3.genblk1.m_axi_bready_reg$_SDFF_PP0_/D
753	0.3589	axi_crossbar_inst.axi_crossbar_rd_inst.m_ifaces[I].a_arb_inst.grant_valid_reg	axi_crossbar_inst.axi_crossbar_rd_inst.m_ifaces[I].a_arb_inst.grant_valid_reg	axi_crossbar_inst.axi_crossbar_rd_inst.m_ifaces[7].a_arb_inst.grant_valid_reg$_SDFFE_PP0P_/Q	axi_crossbar_inst.axi_crossbar_rd_inst.m_ifaces[7].a_arb_inst.grant_valid_reg$_SDFFE_PP0P_/D
754	0.3606	axi_crossbar_inst.axi_crossbar_rd_inst.s_ifaces[I].addr_inst.state_reg[J]	axi_crossbar_inst.axi_crossbar_rd_inst.s_ifaces[I].addr_inst.m_select_reg[J]	axi_crossbar_inst.axi_crossbar_rd_inst.s_ifaces[3].addr_inst.state_reg[1]$_SDFF_PP0_/QN	axi_crossbar_inst.axi_crossbar_rd_inst.s_ifaces[3].addr_inst.m_select_reg[1]$_DFF_P_/D
755	0.3611	axi_crossbar_inst.axi_crossbar_wr_inst.s_ifaces[I].addr_inst.state_reg[J]	axi_crossbar_inst.axi_crossbar_wr_inst.s_ifaces[I].addr_inst.m_select_reg[J]	axi_crossbar_inst.axi_crossbar_wr_inst.s_ifaces[1].addr_inst.state_reg[1]$_SDFF_PP0_/QN	axi_crossbar_inst.axi_crossbar_wr_inst.s_ifaces[1].addr_inst.m_select_reg[0]$_DFF_P_/D
756	0.3617	axi_crossbar_inst.axi_crossbar_wr_inst.m_ifaces[I].reg_inst.genblkJ.genblkK.s_axi_awready_reg	axi_crossbar_inst.axi_crossbar_wr_inst.m_ifaces[I].reg_inst.genblkJ.genblkK.m_axi_awlen_reg[L]	axi_crossbar_inst.axi_crossbar_wr_inst.m_ifaces[2].reg_inst.genblk1.genblk1.s_axi_awready_reg$_SDFF_PP0_/Q	axi_crossbar_inst.axi_crossbar_wr_inst.m_ifaces[2].reg_inst.genblk1.genblk1.m_axi_awlen_reg[0]$_DFFE_PP_/D
757	0.3618	axi_crossbar_inst.axi_crossbar_rd_inst.s_ifaces[I].r_arb_inst.grant_valid_reg	axi_crossbar_inst.axi_crossbar_rd_inst.s_ifaces[I].decerr_m_axi_rvalid_reg	axi_crossbar_inst.axi_crossbar_rd_inst.s_ifaces[0].r_arb_inst.grant_valid_reg$_SDFFE_PP0P_/Q	axi_crossbar_inst.axi_crossbar_rd_inst.s_ifaces[0].decerr_m_axi_rvalid_reg$_SDFF_PP0_/D
758	0.3621	axi_crossbar_inst.axi_crossbar_wr_inst.s_ifaces[I].reg_inst.genblkJ.genblkK.m_axi_bready_reg	axi_crossbar_inst.axi_crossbar_wr_inst.s_ifaces[I].reg_inst.genblkJ.genblkK.m_axi_bready_reg	axi_crossbar_inst.axi_crossbar_wr_inst.s_ifaces[5].reg_inst.genblk3.genblk1.m_axi_bready_reg$_SDFF_PP0_/Q	axi_crossbar_inst.axi_crossbar_wr_inst.s_ifaces[5].reg_inst.genblk3.genblk1.m_axi_bready_reg$_SDFF_PP0_/D
759	0.3642	axi_crossbar_inst.axi_crossbar_rd_inst.s_ifaces[I].reg_inst.genblkJ.s_axi_rvalid_reg	axi_crossbar_inst.axi_crossbar_rd_inst.s_ifaces[I].reg_inst.genblkJ.s_axi_rid_reg[K]	axi_crossbar_inst.axi_crossbar_rd_inst.s_ifaces[2].reg_inst.genblk2.s_axi_rvalid_reg$_SDFFE_PP0P_/QN	axi_crossbar_inst.axi_crossbar_rd_inst.s_ifaces[2].reg_inst.genblk2.s_axi_rid_reg[7]$_DFFE_PP_/D
760	0.3642	axi_crossbar_inst.axi_crossbar_wr_inst.s_ifaces[I].b_arb_inst.grant_valid_reg	axi_crossbar_inst.axi_crossbar_wr_inst.s_ifaces[I].addr_inst.m_axi_avalid_reg	axi_crossbar_inst.axi_crossbar_wr_inst.s_ifaces[6].b_arb_inst.grant_valid_reg$_SDFFE_PP0P_/Q	axi_crossbar_inst.axi_crossbar_wr_inst.s_ifaces[6].addr_inst.m_axi_avalid_reg$_SDFF_PP0_/D
761	0.3655	axi_crossbar_inst.axi_crossbar_rd_inst.s_ifaces[I].decerr_m_axi_rvalid_reg	axi_crossbar_inst.axi_crossbar_rd_inst.s_ifaces[I].reg_inst.genblkJ.m_axi_rready_reg	axi_crossbar_inst.axi_crossbar_rd_inst.s_ifaces[1].decerr_m_axi_rvalid_reg$_SDFF_PP0_/Q	axi_crossbar_inst.axi_crossbar_rd_inst.s_ifaces[1].reg_inst.genblk2.m_axi_rready_reg$_SDFF_PP0_/D
762	0.3669	axi_crossbar_inst.axi_crossbar_rd_inst.s_ifaces[I].reg_inst.genblkJ.s_axi_rvalid_reg	axi_crossbar_inst.axi_crossbar_rd_inst.s_ifaces[I].reg_inst.genblkJ.s_axi_rlast_reg	axi_crossbar_inst.axi_crossbar_rd_inst.s_ifaces[0].reg_inst.genblk2.s_axi_rvalid_reg$_SDFFE_PP0P_/QN	axi_crossbar_inst.axi_crossbar_rd_inst.s_ifaces[0].reg_inst.genblk2.s_axi_rlast_reg$_DFFE_PP_/D
763	0.3669	axi_crossbar_inst.axi_crossbar_rd_inst.s_ifaces[I].reg_inst.genblkJ.s_axi_rvalid_reg	axi_crossbar_inst.axi_crossbar_rd_inst.s_ifaces[I].reg_inst.genblkJ.s_axi_rresp_reg[K]	axi_crossbar_inst.axi_crossbar_rd_inst.s_ifaces[0].reg_inst.genblk2.s_axi_rvalid_reg$_SDFFE_PP0P_/QN	axi_crossbar_inst.axi_crossbar_rd_inst.s_ifaces[0].reg_inst.genblk2.s_axi_rresp_reg[0]$_DFFE_PP_/D
764	0.3670	axi_crossbar_inst.axi_crossbar_rd_inst.s_ifaces[I].r_arb_inst.grant_valid_reg	axi_crossbar_inst.axi_crossbar_rd_inst.s_ifaces[I].reg_inst.genblkJ.temp_s_axi_rvalid_reg	axi_crossbar_inst.axi_crossbar_rd_inst.s_ifaces[1].r_arb_inst.grant_valid_reg$_SDFFE_PP0P_/Q	axi_crossbar_inst.axi_crossbar_rd_inst.s_ifaces[1].reg_inst.genblk2.temp_s_axi_rvalid_reg$_SDFFE_PP0P_/D
765	0.3670	axi_crossbar_inst.axi_crossbar_rd_inst.s_ifaces[I].reg_inst.genblkJ.m_axi_rready_reg	axi_crossbar_inst.axi_crossbar_rd_inst.s_ifaces[I].reg_inst.genblkJ.s_axi_rvalid_reg	axi_crossbar_inst.axi_crossbar_rd_inst.s_ifaces[1].reg_inst.genblk2.m_axi_rready_reg$_SDFF_PP0_/Q	axi_crossbar_inst.axi_crossbar_rd_inst.s_ifaces[1].reg_inst.genblk2.s_axi_rvalid_reg$_SDFFE_PP0P_/D
766	0.3676	axi_crossbar_inst.axi_crossbar_wr_inst.m_ifaces[I].reg_inst.genblkJ.genblkK.s_axi_awready_reg	axi_crossbar_inst.axi_crossbar_wr_inst.m_ifaces[I].a_arb_inst.grant_valid_reg	axi_crossbar_inst.axi_crossbar_wr_inst.m_ifaces[1].reg_inst.genblk1.genblk1.s_axi_awready_reg$_SDFF_PP0_/Q	axi_crossbar_inst.axi_crossbar_wr_inst.m_ifaces[1].a_arb_inst.grant_valid_reg$_SDFFE_PP0P_/D
767	0.3679	axi_crossbar_inst.axi_crossbar_rd_inst.s_ifaces[I].addr_inst.trans_count_reg[J]	axi_crossbar_inst.axi_crossbar_rd_inst.s_ifaces[I].addr_inst.state_reg[J]	axi_crossbar_inst.axi_crossbar_rd_inst.s_ifaces[6].addr_inst.trans_count_reg[4]$_SDFFE_PP0P_/Q	axi_crossbar_inst.axi_crossbar_rd_inst.s_ifaces[6].addr_inst.state_reg[0]$_SDFF_PP0_/D
768	0.3682	axi_crossbar_inst.axi_crossbar_rd_inst.s_ifaces[I].addr_inst.state_reg[J]	axi_crossbar_inst.axi_crossbar_rd_inst.s_ifaces[I].addr_inst.m_axi_avalid_reg	axi_crossbar_inst.axi_crossbar_rd_inst.s_ifaces[0].addr_inst.state_reg[1]$_SDFF_PP0_/Q	axi_crossbar_inst.axi_crossbar_rd_inst.s_ifaces[0].addr_inst.m_axi_avalid_reg$_SDFF_PP0_/D
769	0.3684	axi_crossbar_inst.axi_crossbar_wr_inst.s_ifaces[I].addr_inst.m_decerr_reg	axi_crossbar_inst.axi_crossbar_wr_inst.s_ifaces[I].addr_inst.thread_id_reg[J][K]	axi_crossbar_inst.axi_crossbar_wr_inst.s_ifaces[2].addr_inst.m_decerr_reg$_DFFE_PP_/Q	axi_crossbar_inst.axi_crossbar_wr_inst.s_ifaces[2].addr_inst.thread_id_reg[1][0]$_DFFE_PP_/D
770	0.3684	axi_crossbar_inst.axi_crossbar_wr_inst.s_ifaces[I].addr_inst.m_decerr_reg	axi_crossbar_inst.axi_crossbar_wr_inst.s_ifaces[I].addr_inst.thread_m_reg[J][K]	axi_crossbar_inst.axi_crossbar_wr_inst.s_ifaces[2].addr_inst.m_decerr_reg$_DFFE_PP_/Q	axi_crossbar_inst.axi_crossbar_wr_inst.s_ifaces[2].addr_inst.thread_m_reg[1][0]$_DFFE_PP_/D
771	0.3688	axi_crossbar_inst.axi_crossbar_rd_inst.m_ifaces[I].reg_inst.genblkJ.genblkK.s_axi_arready_reg	axi_crossbar_inst.axi_crossbar_rd_inst.m_ifaces[I].reg_inst.genblkJ.genblkK.m_axi_arvalid_reg	axi_crossbar_inst.axi_crossbar_rd_inst.m_ifaces[2].reg_inst.genblk1.genblk1.s_axi_arready_reg$_SDFF_PP0_/Q	axi_crossbar_inst.axi_crossbar_rd_inst.m_ifaces[2].reg_inst.genblk1.genblk1.m_axi_arvalid_reg$_SDFF_PP0_/D
772	0.3690	axi_crossbar_inst.axi_crossbar_rd_inst.s_ifaces[I].reg_inst.genblkJ.s_axi_rvalid_reg	axi_crossbar_inst.axi_crossbar_rd_inst.s_ifaces[I].reg_inst.genblkJ.s_axi_rdata_reg[K]	axi_crossbar_inst.axi_crossbar_rd_inst.s_ifaces[2].reg_inst.genblk2.s_axi_rvalid_reg$_SDFFE_PP0P_/QN	axi_crossbar_inst.axi_crossbar_rd_inst.s_ifaces[2].reg_inst.genblk2.s_axi_rdata_reg[10]$_DFFE_PP_/D
773	0.3710	axi_crossbar_inst.axi_crossbar_wr_inst.s_ifaces[I].addr_inst.m_axi_avalid_reg	axi_crossbar_inst.axi_crossbar_wr_inst.s_ifaces[I].addr_inst.state_reg[J]	axi_crossbar_inst.axi_crossbar_wr_inst.s_ifaces[6].addr_inst.m_axi_avalid_reg$_SDFF_PP0_/Q	axi_crossbar_inst.axi_crossbar_wr_inst.s_ifaces[6].addr_inst.state_reg[0]$_SDFF_PP0_/D
774	0.3714	axi_crossbar_inst.axi_crossbar_wr_inst.s_ifaces[I].reg_inst.genblkJ.genblkK.m_axi_bready_reg	axi_crossbar_inst.axi_crossbar_wr_inst.s_ifaces[I].reg_inst.genblkJ.genblkK.s_axi_bid_reg[L]	axi_crossbar_inst.axi_crossbar_wr_inst.s_ifaces[2].reg_inst.genblk3.genblk1.m_axi_bready_reg$_SDFF_PP0_/Q	axi_crossbar_inst.axi_crossbar_wr_inst.s_ifaces[2].reg_inst.genblk3.genblk1.s_axi_bid_reg[5]$_DFFE_PP_/D
775	0.3715	axi_crossbar_inst.axi_crossbar_wr_inst.s_ifaces[I].decerr_m_axi_bvalid_reg	axi_crossbar_inst.axi_crossbar_wr_inst.s_ifaces[I].reg_inst.genblkJ.genblkK.s_axi_bvalid_reg	axi_crossbar_inst.axi_crossbar_wr_inst.s_ifaces[3].decerr_m_axi_bvalid_reg$_SDFF_PP0_/Q	axi_crossbar_inst.axi_crossbar_wr_inst.s_ifaces[3].reg_inst.genblk3.genblk1.s_axi_bvalid_reg$_SDFF_PP0_/D
776	0.3728	axi_crossbar_inst.axi_crossbar_wr_inst.s_ifaces[I].b_arb_inst.grant_valid_reg	axi_crossbar_inst.axi_crossbar_wr_inst.s_ifaces[I].addr_inst.m_wc_valid_reg	axi_crossbar_inst.axi_crossbar_wr_inst.s_ifaces[3].b_arb_inst.grant_valid_reg$_SDFFE_PP0P_/Q	axi_crossbar_inst.axi_crossbar_wr_inst.s_ifaces[3].addr_inst.m_wc_valid_reg$_SDFF_PP0_/D
777	0.3732	axi_crossbar_inst.axi_crossbar_wr_inst.s_ifaces[I].b_arb_inst.grant_valid_reg	axi_crossbar_inst.axi_crossbar_wr_inst.s_ifaces[I].addr_inst.state_reg[J]	axi_crossbar_inst.axi_crossbar_wr_inst.s_ifaces[3].b_arb_inst.grant_valid_reg$_SDFFE_PP0P_/Q	axi_crossbar_inst.axi_crossbar_wr_inst.s_ifaces[3].addr_inst.state_reg[0]$_SDFF_PP0_/D
778	0.3749	axi_crossbar_inst.axi_crossbar_wr_inst.s_ifaces[I].b_arb_inst.grant_valid_reg	axi_crossbar_inst.axi_crossbar_wr_inst.s_ifaces[I].addr_inst.m_rc_valid_reg	axi_crossbar_inst.axi_crossbar_wr_inst.s_ifaces[2].b_arb_inst.grant_valid_reg$_SDFFE_PP0P_/Q	axi_crossbar_inst.axi_crossbar_wr_inst.s_ifaces[2].addr_inst.m_rc_valid_reg$_SDFF_PP0_/D
779	0.3761	axi_crossbar_inst.axi_crossbar_wr_inst.s_ifaces[I].reg_inst.genblkJ.genblkK.m_axi_bready_reg	axi_crossbar_inst.axi_crossbar_wr_inst.s_ifaces[I].reg_inst.genblkJ.genblkK.s_axi_bvalid_reg	axi_crossbar_inst.axi_crossbar_wr_inst.s_ifaces[5].reg_inst.genblk3.genblk1.m_axi_bready_reg$_SDFF_PP0_/Q	axi_crossbar_inst.axi_crossbar_wr_inst.s_ifaces[5].reg_inst.genblk3.genblk1.s_axi_bvalid_reg$_SDFF_PP0_/D
780	0.3771	axi_crossbar_inst.axi_crossbar_wr_inst.m_ifaces[I].reg_inst.genblkJ.genblkK.s_axi_awready_reg	axi_crossbar_inst.axi_crossbar_wr_inst.m_ifaces[I].reg_inst.genblkJ.genblkK.m_axi_awlock_reg	axi_crossbar_inst.axi_crossbar_wr_inst.m_ifaces[2].reg_inst.genblk1.genblk1.s_axi_awready_reg$_SDFF_PP0_/Q	axi_crossbar_inst.axi_crossbar_wr_inst.m_ifaces[2].reg_inst.genblk1.genblk1.m_axi_awlock_reg$_DFFE_PP_/D
781	0.3781	axi_crossbar_inst.axi_crossbar_rd_inst.m_ifaces[I].reg_inst.genblkJ.genblkK.s_axi_arready_reg	axi_crossbar_inst.axi_crossbar_rd_inst.m_ifaces[I].reg_inst.genblkJ.genblkK.s_axi_arready_reg	axi_crossbar_inst.axi_crossbar_rd_inst.m_ifaces[1].reg_inst.genblk1.genblk1.s_axi_arready_reg$_SDFF_PP0_/Q	axi_crossbar_inst.axi_crossbar_rd_inst.m_ifaces[1].reg_inst.genblk1.genblk1.s_axi_arready_reg$_SDFF_PP0_/D
782	0.3785	axi_crossbar_inst.axi_crossbar_wr_inst.s_ifaces[I].addr_inst.m_axi_avalid_reg	axi_crossbar_inst.axi_crossbar_wr_inst.s_ifaces[I].addr_inst.s_axi_aready_reg	axi_crossbar_inst.axi_crossbar_wr_inst.s_ifaces[6].addr_inst.m_axi_avalid_reg$_SDFF_PP0_/Q	axi_crossbar_inst.axi_crossbar_wr_inst.s_ifaces[6].addr_inst.s_axi_aready_reg$_SDFF_PP0_/D
783	0.3790	axi_crossbar_inst.axi_crossbar_rd_inst.s_ifaces[I].addr_inst.state_reg[J]	axi_crossbar_inst.axi_crossbar_rd_inst.s_ifaces[I].addr_inst.m_rc_valid_reg	axi_crossbar_inst.axi_crossbar_rd_inst.s_ifaces[0].addr_inst.state_reg[1]$_SDFF_PP0_/Q	axi_crossbar_inst.axi_crossbar_rd_inst.s_ifaces[0].addr_inst.m_rc_valid_reg$_SDFF_PP0_/D
784	0.3794	axi_crossbar_inst.axi_crossbar_wr_inst.m_ifaces[I].reg_inst.genblkJ.genblkK.s_axi_awready_reg	axi_crossbar_inst.axi_crossbar_wr_inst.m_ifaces[I].reg_inst.genblkJ.genblkK.m_axi_awvalid_reg	axi_crossbar_inst.axi_crossbar_wr_inst.m_ifaces[5].reg_inst.genblk1.genblk1.s_axi_awready_reg$_SDFF_PP0_/Q	axi_crossbar_inst.axi_crossbar_wr_inst.m_ifaces[5].reg_inst.genblk1.genblk1.m_axi_awvalid_reg$_SDFF_PP0_/D
785	0.3796	axi_crossbar_inst.axi_crossbar_wr_inst.s_ifaces[I].addr_inst.trans_count_reg[J]	axi_crossbar_inst.axi_crossbar_wr_inst.s_ifaces[I].addr_inst.state_reg[J]	axi_crossbar_inst.axi_crossbar_wr_inst.s_ifaces[4].addr_inst.trans_count_reg[4]$_SDFFE_PP0P_/Q	axi_crossbar_inst.axi_crossbar_wr_inst.s_ifaces[4].addr_inst.state_reg[1]$_SDFF_PP0_/D
786	0.3802	axi_crossbar_inst.axi_crossbar_wr_inst.m_ifaces[I].reg_inst.genblkJ.genblkK.s_axi_awready_reg	axi_crossbar_inst.axi_crossbar_wr_inst.m_ifaces[I].reg_inst.genblkJ.genblkK.s_axi_awready_reg	axi_crossbar_inst.axi_crossbar_wr_inst.m_ifaces[0].reg_inst.genblk1.genblk1.s_axi_awready_reg$_SDFF_PP0_/Q	axi_crossbar_inst.axi_crossbar_wr_inst.m_ifaces[0].reg_inst.genblk1.genblk1.s_axi_awready_reg$_SDFF_PP0_/D
787	0.3803	axi_crossbar_inst.axi_crossbar_wr_inst.m_ifaces[I].trans_count_reg[J]	axi_crossbar_inst.axi_crossbar_wr_inst.m_ifaces[I].trans_count_reg[J]	axi_crossbar_inst.axi_crossbar_wr_inst.m_ifaces[3].trans_count_reg[0]$_SDFFE_PP0P_/QN	axi_crossbar_inst.axi_crossbar_wr_inst.m_ifaces[3].trans_count_reg[2]$_SDFFE_PP0P_/D
788	0.3805	axi_crossbar_inst.axi_crossbar_rd_inst.m_ifaces[I].trans_count_reg[J]	axi_crossbar_inst.axi_crossbar_rd_inst.m_ifaces[I].trans_count_reg[J]	axi_crossbar_inst.axi_crossbar_rd_inst.m_ifaces[4].trans_count_reg[0]$_SDFFE_PP0P_/QN	axi_crossbar_inst.axi_crossbar_rd_inst.m_ifaces[4].trans_count_reg[2]$_SDFFE_PP0P_/D
789	0.3808	axi_crossbar_inst.axi_crossbar_wr_inst.s_ifaces[I].addr_inst.trans_count_reg[J]	axi_crossbar_inst.axi_crossbar_wr_inst.s_ifaces[I].addr_inst.m_rc_valid_reg	axi_crossbar_inst.axi_crossbar_wr_inst.s_ifaces[4].addr_inst.trans_count_reg[4]$_SDFFE_PP0P_/Q	axi_crossbar_inst.axi_crossbar_wr_inst.s_ifaces[4].addr_inst.m_rc_valid_reg$_SDFF_PP0_/D
790	0.3812	axi_crossbar_inst.axi_crossbar_wr_inst.s_ifaces[I].addr_inst.state_reg[J]	axi_crossbar_inst.axi_crossbar_wr_inst.s_ifaces[I].addr_inst.m_axi_avalid_reg	axi_crossbar_inst.axi_crossbar_wr_inst.s_ifaces[6].addr_inst.state_reg[1]$_SDFF_PP0_/Q	axi_crossbar_inst.axi_crossbar_wr_inst.s_ifaces[6].addr_inst.m_axi_avalid_reg$_SDFF_PP0_/D
791	0.3815	axi_crossbar_inst.axi_crossbar_wr_inst.m_ifaces[I].a_arb_inst.grant_valid_reg	axi_crossbar_inst.axi_crossbar_wr_inst.m_ifaces[I].w_select_valid_reg	axi_crossbar_inst.axi_crossbar_wr_inst.m_ifaces[3].a_arb_inst.grant_valid_reg$_SDFFE_PP0P_/Q	axi_crossbar_inst.axi_crossbar_wr_inst.m_ifaces[3].w_select_valid_reg$_SDFF_PP0_/D
792	0.3829	axi_crossbar_inst.axi_crossbar_rd_inst.s_ifaces[I].decerr_m_axi_rvalid_reg	axi_crossbar_inst.axi_crossbar_rd_inst.s_ifaces[I].reg_inst.genblkJ.s_axi_rvalid_reg	axi_crossbar_inst.axi_crossbar_rd_inst.s_ifaces[1].decerr_m_axi_rvalid_reg$_SDFF_PP0_/Q	axi_crossbar_inst.axi_crossbar_rd_inst.s_ifaces[1].reg_inst.genblk2.s_axi_rvalid_reg$_SDFFE_PP0P_/D
793	0.3831	axi_crossbar_inst.axi_crossbar_wr_inst.s_ifaces[I].addr_inst.m_axi_avalid_reg	axi_crossbar_inst.axi_crossbar_wr_inst.s_ifaces[I].addr_inst.m_axi_avalid_reg	axi_crossbar_inst.axi_crossbar_wr_inst.s_ifaces[6].addr_inst.m_axi_avalid_reg$_SDFF_PP0_/Q	axi_crossbar_inst.axi_crossbar_wr_inst.s_ifaces[6].addr_inst.m_axi_avalid_reg$_SDFF_PP0_/D
794	0.3875	axi_crossbar_inst.axi_crossbar_rd_inst.s_ifaces[I].addr_inst.m_axi_avalid_reg	axi_crossbar_inst.axi_crossbar_rd_inst.s_ifaces[I].addr_inst.state_reg[J]	axi_crossbar_inst.axi_crossbar_rd_inst.s_ifaces[5].addr_inst.m_axi_avalid_reg$_SDFF_PP0_/Q	axi_crossbar_inst.axi_crossbar_rd_inst.s_ifaces[5].addr_inst.state_reg[0]$_SDFF_PP0_/D
795	0.3875	axi_crossbar_inst.axi_crossbar_wr_inst.m_ifaces[I].reg_inst.genblkJ.s_axi_wready_reg	axi_crossbar_inst.axi_crossbar_wr_inst.m_ifaces[I].reg_inst.genblkJ.temp_m_axi_wlast_reg	axi_crossbar_inst.axi_crossbar_wr_inst.m_ifaces[7].reg_inst.genblk2.s_axi_wready_reg$_SDFF_PP0_/Q	axi_crossbar_inst.axi_crossbar_wr_inst.m_ifaces[7].reg_inst.genblk2.temp_m_axi_wlast_reg$_DFFE_PP_/D
796	0.3884	axi_crossbar_inst.axi_crossbar_wr_inst.s_ifaces[I].addr_inst.trans_count_reg[J]	axi_crossbar_inst.axi_crossbar_wr_inst.s_ifaces[I].addr_inst.m_wc_valid_reg	axi_crossbar_inst.axi_crossbar_wr_inst.s_ifaces[3].addr_inst.trans_count_reg[4]$_SDFFE_PP0P_/Q	axi_crossbar_inst.axi_crossbar_wr_inst.s_ifaces[3].addr_inst.m_wc_valid_reg$_SDFF_PP0_/D
797	0.3886	axi_crossbar_inst.axi_crossbar_rd_inst.m_ifaces[I].reg_inst.genblkJ.genblkK.s_axi_arready_reg	axi_crossbar_inst.axi_crossbar_rd_inst.m_ifaces[I].reg_inst.genblkJ.genblkK.m_axi_arid_reg[L]	axi_crossbar_inst.axi_crossbar_rd_inst.m_ifaces[1].reg_inst.genblk1.genblk1.s_axi_arready_reg$_SDFF_PP0_/Q	axi_crossbar_inst.axi_crossbar_rd_inst.m_ifaces[1].reg_inst.genblk1.genblk1.m_axi_arid_reg[9]$_DFFE_PP_/D
798	0.3889	axi_crossbar_inst.axi_crossbar_rd_inst.s_ifaces[I].r_arb_inst.grant_valid_reg	axi_crossbar_inst.axi_crossbar_rd_inst.s_ifaces[I].reg_inst.genblkJ.m_axi_rready_reg	axi_crossbar_inst.axi_crossbar_rd_inst.s_ifaces[1].r_arb_inst.grant_valid_reg$_SDFFE_PP0P_/Q	axi_crossbar_inst.axi_crossbar_rd_inst.s_ifaces[1].reg_inst.genblk2.m_axi_rready_reg$_SDFF_PP0_/D
799	0.3889	axi_crossbar_inst.axi_crossbar_rd_inst.s_ifaces[I].decerr_len_reg[J]	axi_crossbar_inst.axi_crossbar_rd_inst.s_ifaces[I].decerr_m_axi_rvalid_reg	axi_crossbar_inst.axi_crossbar_rd_inst.s_ifaces[5].decerr_len_reg[1]$_DFFE_PP_/QN	axi_crossbar_inst.axi_crossbar_rd_inst.s_ifaces[5].decerr_m_axi_rvalid_reg$_SDFF_PP0_/D
800	0.3896	axi_crossbar_inst.axi_crossbar_rd_inst.s_ifaces[I].addr_inst.m_axi_avalid_reg	axi_crossbar_inst.axi_crossbar_rd_inst.s_ifaces[I].addr_inst.m_axi_avalid_reg	axi_crossbar_inst.axi_crossbar_rd_inst.s_ifaces[3].addr_inst.m_axi_avalid_reg$_SDFF_PP0_/Q	axi_crossbar_inst.axi_crossbar_rd_inst.s_ifaces[3].addr_inst.m_axi_avalid_reg$_SDFF_PP0_/D
801	0.3903	axi_crossbar_inst.axi_crossbar_wr_inst.m_ifaces[I].reg_inst.genblkJ.m_axi_wvalid_reg	axi_crossbar_inst.axi_crossbar_wr_inst.m_ifaces[I].reg_inst.genblkJ.temp_m_axi_wvalid_reg	axi_crossbar_inst.axi_crossbar_wr_inst.m_ifaces[3].reg_inst.genblk2.m_axi_wvalid_reg$_SDFFE_PP0P_/QN	axi_crossbar_inst.axi_crossbar_wr_inst.m_ifaces[3].reg_inst.genblk2.temp_m_axi_wvalid_reg$_SDFFE_PP0P_/D
802	0.3904	axi_crossbar_inst.axi_crossbar_rd_inst.s_ifaces[I].decerr_m_axi_rvalid_reg	axi_crossbar_inst.axi_crossbar_rd_inst.s_ifaces[I].decerr_m_axi_rvalid_reg	axi_crossbar_inst.axi_crossbar_rd_inst.s_ifaces[2].decerr_m_axi_rvalid_reg$_SDFF_PP0_/Q	axi_crossbar_inst.axi_crossbar_rd_inst.s_ifaces[2].decerr_m_axi_rvalid_reg$_SDFF_PP0_/D
803	0.3919	axi_crossbar_inst.axi_crossbar_rd_inst.s_ifaces[I].decerr_m_axi_rvalid_reg	axi_crossbar_inst.axi_crossbar_rd_inst.s_ifaces[I].addr_inst.s_axi_aready_reg	axi_crossbar_inst.axi_crossbar_rd_inst.s_ifaces[2].decerr_m_axi_rvalid_reg$_SDFF_PP0_/Q	axi_crossbar_inst.axi_crossbar_rd_inst.s_ifaces[2].addr_inst.s_axi_aready_reg$_SDFF_PP0_/D
804	0.3935	axi_crossbar_inst.axi_crossbar_rd_inst.m_ifaces[I].trans_count_reg[J]	axi_crossbar_inst.axi_crossbar_rd_inst.m_ifaces[I].a_arb_inst.grant_valid_reg	axi_crossbar_inst.axi_crossbar_rd_inst.m_ifaces[7].trans_count_reg[2]$_SDFFE_PP0P_/Q	axi_crossbar_inst.axi_crossbar_rd_inst.m_ifaces[7].a_arb_inst.grant_valid_reg$_SDFFE_PP0P_/D
805	0.3955	axi_crossbar_inst.axi_crossbar_rd_inst.m_ifaces[I].reg_inst.genblkJ.genblkK.s_axi_arready_reg	axi_crossbar_inst.axi_crossbar_rd_inst.m_ifaces[I].reg_inst.genblkJ.genblkK.m_axi_arlock_reg	axi_crossbar_inst.axi_crossbar_rd_inst.m_ifaces[7].reg_inst.genblk1.genblk1.s_axi_arready_reg$_SDFF_PP0_/Q	axi_crossbar_inst.axi_crossbar_rd_inst.m_ifaces[7].reg_inst.genblk1.genblk1.m_axi_arlock_reg$_DFFE_PP_/D
806	0.4006	axi_crossbar_inst.axi_crossbar_wr_inst.m_ifaces[I].reg_inst.genblkJ.m_axi_wvalid_reg	axi_crossbar_inst.axi_crossbar_wr_inst.m_ifaces[I].reg_inst.genblkJ.m_axi_wlast_reg	axi_crossbar_inst.axi_crossbar_wr_inst.m_ifaces[1].reg_inst.genblk2.m_axi_wvalid_reg$_SDFFE_PP0P_/QN	axi_crossbar_inst.axi_crossbar_wr_inst.m_ifaces[1].reg_inst.genblk2.m_axi_wlast_reg$_DFFE_PP_/D
807	0.4013	axi_crossbar_inst.axi_crossbar_wr_inst.m_ifaces[I].w_select_valid_reg	axi_crossbar_inst.axi_crossbar_wr_inst.m_ifaces[I].w_select_valid_reg	axi_crossbar_inst.axi_crossbar_wr_inst.m_ifaces[6].w_select_valid_reg$_SDFF_PP0_/Q	axi_crossbar_inst.axi_crossbar_wr_inst.m_ifaces[6].w_select_valid_reg$_SDFF_PP0_/D
808	0.4015	axi_crossbar_inst.axi_crossbar_rd_inst.s_ifaces[I].reg_inst.genblkJ.s_axi_rvalid_reg	axi_crossbar_inst.axi_crossbar_rd_inst.s_ifaces[I].reg_inst.genblkJ.temp_s_axi_rvalid_reg	axi_crossbar_inst.axi_crossbar_rd_inst.s_ifaces[2].reg_inst.genblk2.s_axi_rvalid_reg$_SDFFE_PP0P_/QN	axi_crossbar_inst.axi_crossbar_rd_inst.s_ifaces[2].reg_inst.genblk2.temp_s_axi_rvalid_reg$_SDFFE_PP0P_/D
809	0.4022	axi_crossbar_inst.axi_crossbar_wr_inst.s_ifaces[I].addr_inst.m_select_reg[J]	axi_crossbar_inst.axi_crossbar_wr_inst.s_ifaces[I].addr_inst.m_select_reg[J]	axi_crossbar_inst.axi_crossbar_wr_inst.s_ifaces[4].addr_inst.m_select_reg[1]$_DFF_P_/Q	axi_crossbar_inst.axi_crossbar_wr_inst.s_ifaces[4].addr_inst.m_select_reg[1]$_DFF_P_/D
810	0.4027	axi_crossbar_inst.axi_crossbar_wr_inst.s_ifaces[I].addr_inst.state_reg[J]	axi_crossbar_inst.axi_crossbar_wr_inst.s_ifaces[I].addr_inst.m_rc_valid_reg	axi_crossbar_inst.axi_crossbar_wr_inst.s_ifaces[4].addr_inst.state_reg[1]$_SDFF_PP0_/Q	axi_crossbar_inst.axi_crossbar_wr_inst.s_ifaces[4].addr_inst.m_rc_valid_reg$_SDFF_PP0_/D
811	0.4028	axi_crossbar_inst.axi_crossbar_wr_inst.s_ifaces[I].addr_inst.trans_count_reg[J]	axi_crossbar_inst.axi_crossbar_wr_inst.s_ifaces[I].addr_inst.m_axi_avalid_reg	axi_crossbar_inst.axi_crossbar_wr_inst.s_ifaces[7].addr_inst.trans_count_reg[4]$_SDFFE_PP0P_/Q	axi_crossbar_inst.axi_crossbar_wr_inst.s_ifaces[7].addr_inst.m_axi_avalid_reg$_SDFF_PP0_/D
812	0.4053	axi_crossbar_inst.axi_crossbar_rd_inst.s_ifaces[I].addr_inst.s_axi_aready_reg	axi_crossbar_inst.axi_crossbar_rd_inst.s_ifaces[I].addr_inst.m_select_reg[J]	axi_crossbar_inst.axi_crossbar_rd_inst.s_ifaces[3].addr_inst.s_axi_aready_reg$_SDFF_PP0_/QN	axi_crossbar_inst.axi_crossbar_rd_inst.s_ifaces[3].addr_inst.m_select_reg[1]$_DFF_P_/D
813	0.4058	axi_crossbar_inst.axi_crossbar_rd_inst.s_ifaces[I].addr_inst.m_axi_avalid_reg	axi_crossbar_inst.axi_crossbar_rd_inst.s_ifaces[I].addr_inst.s_axi_aready_reg	axi_crossbar_inst.axi_crossbar_rd_inst.s_ifaces[0].addr_inst.m_axi_avalid_reg$_SDFF_PP0_/Q	axi_crossbar_inst.axi_crossbar_rd_inst.s_ifaces[0].addr_inst.s_axi_aready_reg$_SDFF_PP0_/D
814	0.4058	axi_crossbar_inst.axi_crossbar_rd_inst.s_ifaces[I].addr_inst.state_reg[J]	axi_crossbar_inst.axi_crossbar_rd_inst.s_ifaces[I].addr_inst.m_decerr_reg	axi_crossbar_inst.axi_crossbar_rd_inst.s_ifaces[2].addr_inst.state_reg[1]$_SDFF_PP0_/QN	axi_crossbar_inst.axi_crossbar_rd_inst.s_ifaces[2].addr_inst.m_decerr_reg$_DFFE_PP_/D
815	0.4060	axi_crossbar_inst.axi_crossbar_wr_inst.s_ifaces[I].addr_inst.s_axi_aready_reg	axi_crossbar_inst.axi_crossbar_wr_inst.s_ifaces[I].addr_inst.m_select_reg[J]	axi_crossbar_inst.axi_crossbar_wr_inst.s_ifaces[1].addr_inst.s_axi_aready_reg$_SDFF_PP0_/QN	axi_crossbar_inst.axi_crossbar_wr_inst.s_ifaces[1].addr_inst.m_select_reg[0]$_DFF_P_/D
816	0.4063	axi_crossbar_inst.axi_crossbar_rd_inst.s_ifaces[I].r_arb_inst.grant_valid_reg	axi_crossbar_inst.axi_crossbar_rd_inst.s_ifaces[I].reg_inst.genblkJ.s_axi_rvalid_reg	axi_crossbar_inst.axi_crossbar_rd_inst.s_ifaces[1].r_arb_inst.grant_valid_reg$_SDFFE_PP0P_/Q	axi_crossbar_inst.axi_crossbar_rd_inst.s_ifaces[1].reg_inst.genblk2.s_axi_rvalid_reg$_SDFFE_PP0P_/D
817	0.4063	axi_crossbar_inst.axi_crossbar_wr_inst.s_ifaces[I].addr_inst.state_reg[J]	axi_crossbar_inst.axi_crossbar_wr_inst.s_ifaces[I].addr_inst.m_decerr_reg	axi_crossbar_inst.axi_crossbar_wr_inst.s_ifaces[0].addr_inst.state_reg[1]$_SDFF_PP0_/QN	axi_crossbar_inst.axi_crossbar_wr_inst.s_ifaces[0].addr_inst.m_decerr_reg$_DFFE_PP_/D
818	0.4074	axi_crossbar_inst.axi_crossbar_wr_inst.s_ifaces[I].reg_inst.genblkJ.genblkK.m_axi_bready_reg	axi_crossbar_inst.axi_crossbar_wr_inst.s_ifaces[I].reg_inst.genblkJ.genblkK.s_axi_bresp_reg[L]	axi_crossbar_inst.axi_crossbar_wr_inst.s_ifaces[3].reg_inst.genblk3.genblk1.m_axi_bready_reg$_SDFF_PP0_/Q	axi_crossbar_inst.axi_crossbar_wr_inst.s_ifaces[3].reg_inst.genblk3.genblk1.s_axi_bresp_reg[0]$_DFFE_PP_/D
819	0.4081	axi_crossbar_inst.axi_crossbar_wr_inst.s_ifaces[I].addr_inst.m_select_reg[J]	axi_crossbar_inst.axi_crossbar_wr_inst.s_ifaces[I].w_select_reg[J]	axi_crossbar_inst.axi_crossbar_wr_inst.s_ifaces[4].addr_inst.m_select_reg[1]$_DFF_P_/Q	axi_crossbar_inst.axi_crossbar_wr_inst.s_ifaces[4].w_select_reg[1]$_DFFE_PP_/D
820	0.4084	axi_crossbar_inst.axi_crossbar_rd_inst.s_ifaces[I].addr_inst.state_reg[J]	axi_crossbar_inst.axi_crossbar_rd_inst.s_ifaces[I].addr_inst.state_reg[J]	axi_crossbar_inst.axi_crossbar_rd_inst.s_ifaces[0].addr_inst.state_reg[1]$_SDFF_PP0_/Q	axi_crossbar_inst.axi_crossbar_rd_inst.s_ifaces[0].addr_inst.state_reg[0]$_SDFF_PP0_/D
821	0.4088	axi_crossbar_inst.axi_crossbar_wr_inst.m_ifaces[I].a_arb_inst.grant_valid_reg	axi_crossbar_inst.axi_crossbar_wr_inst.m_ifaces[I].reg_inst.genblkJ.genblkK.m_axi_awvalid_reg	axi_crossbar_inst.axi_crossbar_wr_inst.m_ifaces[7].a_arb_inst.grant_valid_reg$_SDFFE_PP0P_/Q	axi_crossbar_inst.axi_crossbar_wr_inst.m_ifaces[7].reg_inst.genblk1.genblk1.m_axi_awvalid_reg$_SDFF_PP0_/D
822	0.4125	axi_crossbar_inst.axi_crossbar_wr_inst.m_ifaces[I].w_select_new_reg	axi_crossbar_inst.axi_crossbar_wr_inst.m_ifaces[I].w_select_valid_reg	axi_crossbar_inst.axi_crossbar_wr_inst.m_ifaces[3].w_select_new_reg$_SDFF_PP1_/Q	axi_crossbar_inst.axi_crossbar_wr_inst.m_ifaces[3].w_select_valid_reg$_SDFF_PP0_/D
823	0.4131	axi_crossbar_inst.axi_crossbar_wr_inst.m_ifaces[I].w_select_valid_reg	axi_crossbar_inst.axi_crossbar_wr_inst.m_ifaces[I].reg_inst.genblkJ.temp_m_axi_wvalid_reg	axi_crossbar_inst.axi_crossbar_wr_inst.m_ifaces[0].w_select_valid_reg$_SDFF_PP0_/Q	axi_crossbar_inst.axi_crossbar_wr_inst.m_ifaces[0].reg_inst.genblk2.temp_m_axi_wvalid_reg$_SDFFE_PP0P_/D
824	0.4133	axi_crossbar_inst.axi_crossbar_wr_inst.m_ifaces[I].w_select_valid_reg	axi_crossbar_inst.axi_crossbar_wr_inst.m_ifaces[I].reg_inst.genblkJ.m_axi_wvalid_reg	axi_crossbar_inst.axi_crossbar_wr_inst.m_ifaces[1].w_select_valid_reg$_SDFF_PP0_/Q	axi_crossbar_inst.axi_crossbar_wr_inst.m_ifaces[1].reg_inst.genblk2.m_axi_wvalid_reg$_SDFFE_PP0P_/D
825	0.4135	axi_crossbar_inst.axi_crossbar_wr_inst.m_ifaces[I].a_arb_inst.grant_valid_reg	axi_crossbar_inst.axi_crossbar_wr_inst.m_ifaces[I].w_select_new_reg	axi_crossbar_inst.axi_crossbar_wr_inst.m_ifaces[5].a_arb_inst.grant_valid_reg$_SDFFE_PP0P_/Q	axi_crossbar_inst.axi_crossbar_wr_inst.m_ifaces[5].w_select_new_reg$_SDFF_PP1_/D
826	0.4140	axi_crossbar_inst.axi_crossbar_wr_inst.m_ifaces[I].w_select_valid_reg	axi_crossbar_inst.axi_crossbar_wr_inst.m_ifaces[I].reg_inst.genblkJ.s_axi_wready_reg	axi_crossbar_inst.axi_crossbar_wr_inst.m_ifaces[5].w_select_valid_reg$_SDFF_PP0_/Q	axi_crossbar_inst.axi_crossbar_wr_inst.m_ifaces[5].reg_inst.genblk2.s_axi_wready_reg$_SDFF_PP0_/D
827	0.4147	axi_crossbar_inst.axi_crossbar_wr_inst.m_ifaces[I].a_arb_inst.grant_valid_reg	axi_crossbar_inst.axi_crossbar_wr_inst.m_ifaces[I].reg_inst.genblkJ.genblkK.s_axi_awready_reg	axi_crossbar_inst.axi_crossbar_wr_inst.m_ifaces[3].a_arb_inst.grant_valid_reg$_SDFFE_PP0P_/Q	axi_crossbar_inst.axi_crossbar_wr_inst.m_ifaces[3].reg_inst.genblk1.genblk1.s_axi_awready_reg$_SDFF_PP0_/D
828	0.4163	axi_crossbar_inst.axi_crossbar_wr_inst.m_ifaces[I].reg_inst.genblkJ.m_axi_wvalid_reg	axi_crossbar_inst.axi_crossbar_wr_inst.m_ifaces[I].reg_inst.genblkJ.m_axi_wvalid_reg	axi_crossbar_inst.axi_crossbar_wr_inst.m_ifaces[1].reg_inst.genblk2.m_axi_wvalid_reg$_SDFFE_PP0P_/QN	axi_crossbar_inst.axi_crossbar_wr_inst.m_ifaces[1].reg_inst.genblk2.m_axi_wvalid_reg$_SDFFE_PP0P_/D
829	0.4185	axi_crossbar_inst.axi_crossbar_rd_inst.s_ifaces[I].addr_inst.m_select_reg[J]	axi_crossbar_inst.axi_crossbar_rd_inst.s_ifaces[I].addr_inst.m_select_reg[J]	axi_crossbar_inst.axi_crossbar_rd_inst.s_ifaces[4].addr_inst.m_select_reg[0]$_DFF_P_/Q	axi_crossbar_inst.axi_crossbar_rd_inst.s_ifaces[4].addr_inst.m_select_reg[0]$_DFF_P_/D
830	0.4220	axi_crossbar_inst.axi_crossbar_rd_inst.s_ifaces[I].decerr_m_axi_rid_reg[J]	axi_crossbar_inst.axi_crossbar_rd_inst.s_ifaces[I].reg_inst.genblkJ.s_axi_rid_reg[K]	axi_crossbar_inst.axi_crossbar_rd_inst.s_ifaces[7].decerr_m_axi_rid_reg[7]$_DFFE_PP_/Q	axi_crossbar_inst.axi_crossbar_rd_inst.s_ifaces[7].reg_inst.genblk2.s_axi_rid_reg[7]$_DFFE_PP_/D
831	0.4222	axi_crossbar_inst.axi_crossbar_wr_inst.m_ifaces[I].a_arb_inst.grant_valid_reg	axi_crossbar_inst.axi_crossbar_wr_inst.m_ifaces[I].w_select_reg[J]	axi_crossbar_inst.axi_crossbar_wr_inst.m_ifaces[4].a_arb_inst.grant_valid_reg$_SDFFE_PP0P_/Q	axi_crossbar_inst.axi_crossbar_wr_inst.m_ifaces[4].w_select_reg[0]$_DFFE_PP_/D
832	0.4226	axi_crossbar_inst.axi_crossbar_wr_inst.s_ifaces[I].w_select_valid_reg	axi_crossbar_inst.axi_crossbar_wr_inst.s_ifaces[I].addr_inst.state_reg[J]	axi_crossbar_inst.axi_crossbar_wr_inst.s_ifaces[3].w_select_valid_reg$_SDFF_PP0_/Q	axi_crossbar_inst.axi_crossbar_wr_inst.s_ifaces[3].addr_inst.state_reg[0]$_SDFF_PP0_/D
833	0.4238	axi_crossbar_inst.axi_crossbar_wr_inst.s_ifaces[I].b_arb_inst.grant_valid_reg	axi_crossbar_inst.axi_crossbar_wr_inst.s_ifaces[I].reg_inst.genblkJ.genblkK.m_axi_bready_reg	axi_crossbar_inst.axi_crossbar_wr_inst.s_ifaces[5].b_arb_inst.grant_valid_reg$_SDFFE_PP0P_/Q	axi_crossbar_inst.axi_crossbar_wr_inst.s_ifaces[5].reg_inst.genblk3.genblk1.m_axi_bready_reg$_SDFF_PP0_/D
834	0.4264	axi_crossbar_inst.axi_crossbar_wr_inst.s_ifaces[I].addr_inst.state_reg[J]	axi_crossbar_inst.axi_crossbar_wr_inst.s_ifaces[I].addr_inst.state_reg[J]	axi_crossbar_inst.axi_crossbar_wr_inst.s_ifaces[2].addr_inst.state_reg[1]$_SDFF_PP0_/Q	axi_crossbar_inst.axi_crossbar_wr_inst.s_ifaces[2].addr_inst.state_reg[1]$_SDFF_PP0_/D
835	0.4268	axi_crossbar_inst.axi_crossbar_wr_inst.s_ifaces[I].b_arb_inst.grant_valid_reg	axi_crossbar_inst.axi_crossbar_wr_inst.s_ifaces[I].reg_inst.genblkJ.genblkK.s_axi_bvalid_reg	axi_crossbar_inst.axi_crossbar_wr_inst.s_ifaces[3].b_arb_inst.grant_valid_reg$_SDFFE_PP0P_/Q	axi_crossbar_inst.axi_crossbar_wr_inst.s_ifaces[3].reg_inst.genblk3.genblk1.s_axi_bvalid_reg$_SDFF_PP0_/D
836	0.4301	axi_crossbar_inst.axi_crossbar_wr_inst.s_ifaces[I].w_select_valid_reg	axi_crossbar_inst.axi_crossbar_wr_inst.s_ifaces[I].addr_inst.s_axi_aready_reg	axi_crossbar_inst.axi_crossbar_wr_inst.s_ifaces[3].w_select_valid_reg$_SDFF_PP0_/Q	axi_crossbar_inst.axi_crossbar_wr_inst.s_ifaces[3].addr_inst.s_axi_aready_reg$_SDFF_PP0_/D
837	0.4325	axi_crossbar_inst.axi_crossbar_rd_inst.s_ifaces[I].addr_inst.m_rc_valid_reg	axi_crossbar_inst.axi_crossbar_rd_inst.s_ifaces[I].addr_inst.state_reg[J]	axi_crossbar_inst.axi_crossbar_rd_inst.s_ifaces[0].addr_inst.m_rc_valid_reg$_SDFF_PP0_/Q	axi_crossbar_inst.axi_crossbar_rd_inst.s_ifaces[0].addr_inst.state_reg[0]$_SDFF_PP0_/D
838	0.4326	axi_crossbar_inst.axi_crossbar_wr_inst.m_ifaces[I].reg_inst.genblkJ.genblkK.s_axi_awready_reg	axi_crossbar_inst.axi_crossbar_wr_inst.m_ifaces[I].w_select_new_reg	axi_crossbar_inst.axi_crossbar_wr_inst.m_ifaces[2].reg_inst.genblk1.genblk1.s_axi_awready_reg$_SDFF_PP0_/Q	axi_crossbar_inst.axi_crossbar_wr_inst.m_ifaces[2].w_select_new_reg$_SDFF_PP1_/D
839	0.4348	axi_crossbar_inst.axi_crossbar_rd_inst.s_ifaces[I].addr_inst.m_rc_valid_reg	axi_crossbar_inst.axi_crossbar_rd_inst.s_ifaces[I].decerr_m_axi_rvalid_reg	axi_crossbar_inst.axi_crossbar_rd_inst.s_ifaces[5].addr_inst.m_rc_valid_reg$_SDFF_PP0_/Q	axi_crossbar_inst.axi_crossbar_rd_inst.s_ifaces[5].decerr_m_axi_rvalid_reg$_SDFF_PP0_/D
840	0.4348	axi_crossbar_inst.axi_crossbar_rd_inst.s_ifaces[I].reg_inst.genblkJ.s_axi_rvalid_reg	axi_crossbar_inst.axi_crossbar_rd_inst.s_ifaces[I].reg_inst.genblkJ.m_axi_rready_reg	axi_crossbar_inst.axi_crossbar_rd_inst.s_ifaces[1].reg_inst.genblk2.s_axi_rvalid_reg$_SDFFE_PP0P_/QN	axi_crossbar_inst.axi_crossbar_rd_inst.s_ifaces[1].reg_inst.genblk2.m_axi_rready_reg$_SDFF_PP0_/D
841	0.4356	axi_crossbar_inst.axi_crossbar_wr_inst.s_ifaces[I].w_select_reg[J]	axi_crossbar_inst.axi_crossbar_wr_inst.s_ifaces[I].w_select_reg[J]	axi_crossbar_inst.axi_crossbar_wr_inst.s_ifaces[3].w_select_reg[0]$_DFFE_PP_/Q	axi_crossbar_inst.axi_crossbar_wr_inst.s_ifaces[3].w_select_reg[0]$_DFFE_PP_/D
842	0.4365	axi_crossbar_inst.axi_crossbar_rd_inst.s_ifaces[I].addr_inst.m_decerr_reg	axi_crossbar_inst.axi_crossbar_rd_inst.s_ifaces[I].addr_inst.state_reg[J]	axi_crossbar_inst.axi_crossbar_rd_inst.s_ifaces[2].addr_inst.m_decerr_reg$_DFFE_PP_/Q	axi_crossbar_inst.axi_crossbar_rd_inst.s_ifaces[2].addr_inst.state_reg[1]$_SDFF_PP0_/D
843	0.4366	axi_crossbar_inst.axi_crossbar_wr_inst.s_ifaces[I].addr_inst.m_rc_valid_reg	axi_crossbar_inst.axi_crossbar_wr_inst.s_ifaces[I].decerr_m_axi_bvalid_reg	axi_crossbar_inst.axi_crossbar_wr_inst.s_ifaces[4].addr_inst.m_rc_valid_reg$_SDFF_PP0_/Q	axi_crossbar_inst.axi_crossbar_wr_inst.s_ifaces[4].decerr_m_axi_bvalid_reg$_SDFF_PP0_/D
844	0.4369	axi_crossbar_inst.axi_crossbar_rd_inst.s_ifaces[I].addr_inst.m_rc_valid_reg	axi_crossbar_inst.axi_crossbar_rd_inst.s_ifaces[I].decerr_m_axi_rid_reg[J]	axi_crossbar_inst.axi_crossbar_rd_inst.s_ifaces[2].addr_inst.m_rc_valid_reg$_SDFF_PP0_/Q	axi_crossbar_inst.axi_crossbar_rd_inst.s_ifaces[2].decerr_m_axi_rid_reg[0]$_DFFE_PP_/D
845	0.4369	axi_crossbar_inst.axi_crossbar_wr_inst.s_ifaces[I].addr_inst.m_rc_valid_reg	axi_crossbar_inst.axi_crossbar_wr_inst.s_ifaces[I].decerr_m_axi_bid_reg[J]	axi_crossbar_inst.axi_crossbar_wr_inst.s_ifaces[6].addr_inst.m_rc_valid_reg$_SDFF_PP0_/Q	axi_crossbar_inst.axi_crossbar_wr_inst.s_ifaces[6].decerr_m_axi_bid_reg[0]$_DFFE_PP_/D
846	0.4384	axi_crossbar_inst.axi_crossbar_wr_inst.m_ifaces[I].w_select_new_reg	axi_crossbar_inst.axi_crossbar_wr_inst.m_ifaces[I].w_select_new_reg	axi_crossbar_inst.axi_crossbar_wr_inst.m_ifaces[5].w_select_new_reg$_SDFF_PP1_/Q	axi_crossbar_inst.axi_crossbar_wr_inst.m_ifaces[5].w_select_new_reg$_SDFF_PP1_/D
847	0.4400	axi_crossbar_inst.axi_crossbar_wr_inst.s_ifaces[I].decerr_m_axi_bvalid_reg	axi_crossbar_inst.axi_crossbar_wr_inst.s_ifaces[I].decerr_m_axi_bvalid_reg	axi_crossbar_inst.axi_crossbar_wr_inst.s_ifaces[7].decerr_m_axi_bvalid_reg$_SDFF_PP0_/Q	axi_crossbar_inst.axi_crossbar_wr_inst.s_ifaces[7].decerr_m_axi_bvalid_reg$_SDFF_PP0_/D
848	0.4402	axi_crossbar_inst.axi_crossbar_wr_inst.m_ifaces[I].reg_inst.genblkJ.m_axi_wvalid_reg	axi_crossbar_inst.axi_crossbar_wr_inst.m_ifaces[I].reg_inst.genblkJ.temp_m_axi_wlast_reg	axi_crossbar_inst.axi_crossbar_wr_inst.m_ifaces[1].reg_inst.genblk2.m_axi_wvalid_reg$_SDFFE_PP0P_/QN	axi_crossbar_inst.axi_crossbar_wr_inst.m_ifaces[1].reg_inst.genblk2.temp_m_axi_wlast_reg$_DFFE_PP_/D
849	0.4413	axi_crossbar_inst.axi_crossbar_rd_inst.m_ifaces[I].a_arb_inst.grant_valid_reg	axi_crossbar_inst.axi_crossbar_rd_inst.m_ifaces[I].reg_inst.genblkJ.genblkK.s_axi_arready_reg	axi_crossbar_inst.axi_crossbar_rd_inst.m_ifaces[5].a_arb_inst.grant_valid_reg$_SDFFE_PP0P_/Q	axi_crossbar_inst.axi_crossbar_rd_inst.m_ifaces[5].reg_inst.genblk1.genblk1.s_axi_arready_reg$_SDFF_PP0_/D
850	0.4421	axi_crossbar_inst.axi_crossbar_rd_inst.m_ifaces[I].a_arb_inst.grant_valid_reg	axi_crossbar_inst.axi_crossbar_rd_inst.m_ifaces[I].reg_inst.genblkJ.genblkK.m_axi_arvalid_reg	axi_crossbar_inst.axi_crossbar_rd_inst.m_ifaces[0].a_arb_inst.grant_valid_reg$_SDFFE_PP0P_/Q	axi_crossbar_inst.axi_crossbar_rd_inst.m_ifaces[0].reg_inst.genblk1.genblk1.m_axi_arvalid_reg$_SDFF_PP0_/D
851	0.4438	axi_crossbar_inst.axi_crossbar_wr_inst.s_ifaces[I].decerr_m_axi_bid_reg[J]	axi_crossbar_inst.axi_crossbar_wr_inst.s_ifaces[I].reg_inst.genblkJ.genblkK.s_axi_bid_reg[L]	axi_crossbar_inst.axi_crossbar_wr_inst.s_ifaces[1].decerr_m_axi_bid_reg[1]$_DFFE_PP_/Q	axi_crossbar_inst.axi_crossbar_wr_inst.s_ifaces[1].reg_inst.genblk3.genblk1.s_axi_bid_reg[1]$_DFFE_PP_/D
852	0.4463	axi_crossbar_inst.axi_crossbar_wr_inst.s_ifaces[I].addr_inst.m_rc_valid_reg	axi_crossbar_inst.axi_crossbar_wr_inst.s_ifaces[I].addr_inst.state_reg[J]	axi_crossbar_inst.axi_crossbar_wr_inst.s_ifaces[6].addr_inst.m_rc_valid_reg$_SDFF_PP0_/Q	axi_crossbar_inst.axi_crossbar_wr_inst.s_ifaces[6].addr_inst.state_reg[0]$_SDFF_PP0_/D
853	0.4493	axi_crossbar_inst.axi_crossbar_wr_inst.s_ifaces[I].addr_inst.state_reg[J]	axi_crossbar_inst.axi_crossbar_wr_inst.s_ifaces[I].addr_inst.m_wc_valid_reg	axi_crossbar_inst.axi_crossbar_wr_inst.s_ifaces[1].addr_inst.state_reg[1]$_SDFF_PP0_/Q	axi_crossbar_inst.axi_crossbar_wr_inst.s_ifaces[1].addr_inst.m_wc_valid_reg$_SDFF_PP0_/D
854	0.4495	axi_crossbar_inst.axi_crossbar_wr_inst.m_ifaces[I].w_select_new_reg	axi_crossbar_inst.axi_crossbar_wr_inst.m_ifaces[I].w_select_reg[J]	axi_crossbar_inst.axi_crossbar_wr_inst.m_ifaces[1].w_select_new_reg$_SDFF_PP1_/Q	axi_crossbar_inst.axi_crossbar_wr_inst.m_ifaces[1].w_select_reg[0]$_DFFE_PP_/D
855	0.4504	axi_crossbar_inst.axi_crossbar_rd_inst.s_ifaces[I].addr_inst.m_rc_valid_reg	axi_crossbar_inst.axi_crossbar_rd_inst.s_ifaces[I].addr_inst.s_axi_aready_reg	axi_crossbar_inst.axi_crossbar_rd_inst.s_ifaces[0].addr_inst.m_rc_valid_reg$_SDFF_PP0_/Q	axi_crossbar_inst.axi_crossbar_rd_inst.s_ifaces[0].addr_inst.s_axi_aready_reg$_SDFF_PP0_/D
856	0.4507	axi_crossbar_inst.axi_crossbar_rd_inst.s_ifaces[I].addr_inst.s_axi_aready_reg	axi_crossbar_inst.axi_crossbar_rd_inst.s_ifaces[I].addr_inst.m_decerr_reg	axi_crossbar_inst.axi_crossbar_rd_inst.s_ifaces[2].addr_inst.s_axi_aready_reg$_SDFF_PP0_/QN	axi_crossbar_inst.axi_crossbar_rd_inst.s_ifaces[2].addr_inst.m_decerr_reg$_DFFE_PP_/D
857	0.4512	axi_crossbar_inst.axi_crossbar_wr_inst.s_ifaces[I].addr_inst.s_axi_aready_reg	axi_crossbar_inst.axi_crossbar_wr_inst.s_ifaces[I].addr_inst.m_decerr_reg	axi_crossbar_inst.axi_crossbar_wr_inst.s_ifaces[0].addr_inst.s_axi_aready_reg$_SDFF_PP0_/QN	axi_crossbar_inst.axi_crossbar_wr_inst.s_ifaces[0].addr_inst.m_decerr_reg$_DFFE_PP_/D
858	0.4535	axi_crossbar_inst.axi_crossbar_wr_inst.s_ifaces[I].decerr_m_axi_bvalid_reg	axi_crossbar_inst.axi_crossbar_wr_inst.s_ifaces[I].addr_inst.s_axi_aready_reg	axi_crossbar_inst.axi_crossbar_wr_inst.s_ifaces[7].decerr_m_axi_bvalid_reg$_SDFF_PP0_/Q	axi_crossbar_inst.axi_crossbar_wr_inst.s_ifaces[7].addr_inst.s_axi_aready_reg$_SDFF_PP0_/D
859	0.4538	axi_crossbar_inst.axi_crossbar_wr_inst.s_ifaces[I].addr_inst.m_rc_valid_reg	axi_crossbar_inst.axi_crossbar_wr_inst.s_ifaces[I].addr_inst.s_axi_aready_reg	axi_crossbar_inst.axi_crossbar_wr_inst.s_ifaces[6].addr_inst.m_rc_valid_reg$_SDFF_PP0_/Q	axi_crossbar_inst.axi_crossbar_wr_inst.s_ifaces[6].addr_inst.s_axi_aready_reg$_SDFF_PP0_/D
860	0.4544	axi_crossbar_inst.axi_crossbar_rd_inst.s_ifaces[I].reg_inst.genblkJ.s_axi_rvalid_reg	axi_crossbar_inst.axi_crossbar_rd_inst.s_ifaces[I].reg_inst.genblkJ.s_axi_rvalid_reg	axi_crossbar_inst.axi_crossbar_rd_inst.s_ifaces[0].reg_inst.genblk2.s_axi_rvalid_reg$_SDFFE_PP0P_/QN	axi_crossbar_inst.axi_crossbar_rd_inst.s_ifaces[0].reg_inst.genblk2.s_axi_rvalid_reg$_SDFFE_PP0P_/D
861	0.4548	axi_crossbar_inst.axi_crossbar_wr_inst.m_ifaces[I].reg_inst.genblkJ.genblkK.m_axi_awvalid_reg	axi_crossbar_inst.axi_crossbar_wr_inst.m_ifaces[I].reg_inst.genblkJ.genblkK.s_axi_awready_reg	axi_crossbar_inst.axi_crossbar_wr_inst.m_ifaces[0].reg_inst.genblk1.genblk1.m_axi_awvalid_reg$_SDFF_PP0_/Q	axi_crossbar_inst.axi_crossbar_wr_inst.m_ifaces[0].reg_inst.genblk1.genblk1.s_axi_awready_reg$_SDFF_PP0_/D
862	0.4548	axi_crossbar_inst.axi_crossbar_rd_inst.m_ifaces[I].reg_inst.genblkJ.genblkK.m_axi_arvalid_reg	axi_crossbar_inst.axi_crossbar_rd_inst.m_ifaces[I].reg_inst.genblkJ.genblkK.s_axi_arready_reg	axi_crossbar_inst.axi_crossbar_rd_inst.m_ifaces[1].reg_inst.genblk1.genblk1.m_axi_arvalid_reg$_SDFF_PP0_/Q	axi_crossbar_inst.axi_crossbar_rd_inst.m_ifaces[1].reg_inst.genblk1.genblk1.s_axi_arready_reg$_SDFF_PP0_/D
863	0.4549	axi_crossbar_inst.axi_crossbar_wr_inst.s_ifaces[I].reg_inst.genblkJ.genblkK.s_axi_bvalid_reg	axi_crossbar_inst.axi_crossbar_wr_inst.s_ifaces[I].reg_inst.genblkJ.genblkK.m_axi_bready_reg	axi_crossbar_inst.axi_crossbar_wr_inst.s_ifaces[1].reg_inst.genblk3.genblk1.s_axi_bvalid_reg$_SDFF_PP0_/Q	axi_crossbar_inst.axi_crossbar_wr_inst.s_ifaces[1].reg_inst.genblk3.genblk1.m_axi_bready_reg$_SDFF_PP0_/D
864	0.4558	axi_crossbar_inst.axi_crossbar_wr_inst.s_ifaces[I].addr_inst.m_wc_valid_reg	axi_crossbar_inst.axi_crossbar_wr_inst.s_ifaces[I].addr_inst.state_reg[J]	axi_crossbar_inst.axi_crossbar_wr_inst.s_ifaces[2].addr_inst.m_wc_valid_reg$_SDFF_PP0_/Q	axi_crossbar_inst.axi_crossbar_wr_inst.s_ifaces[2].addr_inst.state_reg[0]$_SDFF_PP0_/D
865	0.4561	axi_crossbar_inst.axi_crossbar_rd_inst.s_ifaces[I].decerr_m_axi_rlast_reg	axi_crossbar_inst.axi_crossbar_rd_inst.s_ifaces[I].reg_inst.genblkJ.s_axi_rlast_reg	axi_crossbar_inst.axi_crossbar_rd_inst.s_ifaces[1].decerr_m_axi_rlast_reg$_DFFE_PP_/Q	axi_crossbar_inst.axi_crossbar_rd_inst.s_ifaces[1].reg_inst.genblk2.s_axi_rlast_reg$_DFFE_PP_/D
866	0.4633	axi_crossbar_inst.axi_crossbar_rd_inst.s_ifaces[I].addr_inst.m_decerr_reg	axi_crossbar_inst.axi_crossbar_rd_inst.s_ifaces[I].addr_inst.m_axi_avalid_reg	axi_crossbar_inst.axi_crossbar_rd_inst.s_ifaces[3].addr_inst.m_decerr_reg$_DFFE_PP_/Q	axi_crossbar_inst.axi_crossbar_rd_inst.s_ifaces[3].addr_inst.m_axi_avalid_reg$_SDFF_PP0_/D
867	0.4633	axi_crossbar_inst.axi_crossbar_wr_inst.s_ifaces[I].addr_inst.m_wc_valid_reg	axi_crossbar_inst.axi_crossbar_wr_inst.s_ifaces[I].addr_inst.s_axi_aready_reg	axi_crossbar_inst.axi_crossbar_wr_inst.s_ifaces[2].addr_inst.m_wc_valid_reg$_SDFF_PP0_/Q	axi_crossbar_inst.axi_crossbar_wr_inst.s_ifaces[2].addr_inst.s_axi_aready_reg$_SDFF_PP0_/D
868	0.4654	axi_crossbar_inst.axi_crossbar_rd_inst.m_ifaces[I].reg_inst.genblkJ.genblkK.m_axi_arvalid_reg	axi_crossbar_inst.axi_crossbar_rd_inst.m_ifaces[I].reg_inst.genblkJ.genblkK.m_axi_arvalid_reg	axi_crossbar_inst.axi_crossbar_rd_inst.m_ifaces[1].reg_inst.genblk1.genblk1.m_axi_arvalid_reg$_SDFF_PP0_/Q	axi_crossbar_inst.axi_crossbar_rd_inst.m_ifaces[1].reg_inst.genblk1.genblk1.m_axi_arvalid_reg$_SDFF_PP0_/D
869	0.4654	axi_crossbar_inst.axi_crossbar_wr_inst.m_ifaces[I].reg_inst.genblkJ.genblkK.m_axi_awvalid_reg	axi_crossbar_inst.axi_crossbar_wr_inst.m_ifaces[I].reg_inst.genblkJ.genblkK.m_axi_awvalid_reg	axi_crossbar_inst.axi_crossbar_wr_inst.m_ifaces[0].reg_inst.genblk1.genblk1.m_axi_awvalid_reg$_SDFF_PP0_/Q	axi_crossbar_inst.axi_crossbar_wr_inst.m_ifaces[0].reg_inst.genblk1.genblk1.m_axi_awvalid_reg$_SDFF_PP0_/D
870	0.4654	axi_crossbar_inst.axi_crossbar_wr_inst.s_ifaces[I].reg_inst.genblkJ.genblkK.s_axi_bvalid_reg	axi_crossbar_inst.axi_crossbar_wr_inst.s_ifaces[I].reg_inst.genblkJ.genblkK.s_axi_bvalid_reg	axi_crossbar_inst.axi_crossbar_wr_inst.s_ifaces[1].reg_inst.genblk3.genblk1.s_axi_bvalid_reg$_SDFF_PP0_/Q	axi_crossbar_inst.axi_crossbar_wr_inst.s_ifaces[1].reg_inst.genblk3.genblk1.s_axi_bvalid_reg$_SDFF_PP0_/D
871	0.4662	axi_crossbar_inst.axi_crossbar_wr_inst.m_ifaces[I].reg_inst.genblkJ.m_axi_wvalid_reg	axi_crossbar_inst.axi_crossbar_wr_inst.m_ifaces[I].reg_inst.genblkJ.s_axi_wready_reg	axi_crossbar_inst.axi_crossbar_wr_inst.m_ifaces[0].reg_inst.genblk2.m_axi_wvalid_reg$_SDFFE_PP0P_/QN	axi_crossbar_inst.axi_crossbar_wr_inst.m_ifaces[0].reg_inst.genblk2.s_axi_wready_reg$_SDFF_PP0_/D
872	0.4664	axi_crossbar_inst.axi_crossbar_wr_inst.m_ifaces[I].w_select_valid_reg	axi_crossbar_inst.axi_crossbar_wr_inst.m_ifaces[I].w_select_new_reg	axi_crossbar_inst.axi_crossbar_wr_inst.m_ifaces[5].w_select_valid_reg$_SDFF_PP0_/QN	axi_crossbar_inst.axi_crossbar_wr_inst.m_ifaces[5].w_select_new_reg$_SDFF_PP1_/D
873	0.4666	axi_crossbar_inst.axi_crossbar_wr_inst.m_ifaces[I].reg_inst.genblkJ.temp_m_axi_wvalid_reg	axi_crossbar_inst.axi_crossbar_wr_inst.m_ifaces[I].reg_inst.genblkJ.m_axi_wvalid_reg	axi_crossbar_inst.axi_crossbar_wr_inst.m_ifaces[4].reg_inst.genblk2.temp_m_axi_wvalid_reg$_SDFFE_PP0P_/Q	axi_crossbar_inst.axi_crossbar_wr_inst.m_ifaces[4].reg_inst.genblk2.m_axi_wvalid_reg$_SDFFE_PP0P_/D
874	0.4680	axi_crossbar_inst.axi_crossbar_wr_inst.s_ifaces[I].addr_inst.m_decerr_reg	axi_crossbar_inst.axi_crossbar_wr_inst.s_ifaces[I].addr_inst.m_axi_avalid_reg	axi_crossbar_inst.axi_crossbar_wr_inst.s_ifaces[1].addr_inst.m_decerr_reg$_DFFE_PP_/Q	axi_crossbar_inst.axi_crossbar_wr_inst.s_ifaces[1].addr_inst.m_axi_avalid_reg$_SDFF_PP0_/D
875	0.4682	axi_crossbar_inst.axi_crossbar_wr_inst.s_ifaces[I].addr_inst.m_decerr_reg	axi_crossbar_inst.axi_crossbar_wr_inst.s_ifaces[I].addr_inst.state_reg[J]	axi_crossbar_inst.axi_crossbar_wr_inst.s_ifaces[4].addr_inst.m_decerr_reg$_DFFE_PP_/Q	axi_crossbar_inst.axi_crossbar_wr_inst.s_ifaces[4].addr_inst.state_reg[1]$_SDFF_PP0_/D
876	0.4682	axi_crossbar_inst.axi_crossbar_rd_inst.s_ifaces[I].decerr_m_axi_rid_reg[J]	axi_crossbar_inst.axi_crossbar_rd_inst.s_ifaces[I].reg_inst.genblkJ.temp_s_axi_rid_reg[K]	axi_crossbar_inst.axi_crossbar_rd_inst.s_ifaces[7].decerr_m_axi_rid_reg[4]$_DFFE_PP_/Q	axi_crossbar_inst.axi_crossbar_rd_inst.s_ifaces[7].reg_inst.genblk2.temp_s_axi_rid_reg[4]$_DFFE_PP_/D
877	0.4697	axi_crossbar_inst.axi_crossbar_rd_inst.s_ifaces[I].addr_inst.state_reg[J]	axi_crossbar_inst.axi_crossbar_rd_inst.s_ifaces[I].addr_inst.s_axi_aready_reg	axi_crossbar_inst.axi_crossbar_rd_inst.s_ifaces[3].addr_inst.state_reg[0]$_SDFF_PP0_/Q	axi_crossbar_inst.axi_crossbar_rd_inst.s_ifaces[3].addr_inst.s_axi_aready_reg$_SDFF_PP0_/D
878	0.4713	axi_crossbar_inst.axi_crossbar_rd_inst.s_ifaces[I].decerr_m_axi_rvalid_reg	axi_crossbar_inst.axi_crossbar_rd_inst.s_ifaces[I].decerr_m_axi_rid_reg[J]	axi_crossbar_inst.axi_crossbar_rd_inst.s_ifaces[1].decerr_m_axi_rvalid_reg$_SDFF_PP0_/QN	axi_crossbar_inst.axi_crossbar_rd_inst.s_ifaces[1].decerr_m_axi_rid_reg[0]$_DFFE_PP_/D
879	0.4763	axi_crossbar_inst.axi_crossbar_wr_inst.m_ifaces[I].reg_inst.genblkJ.temp_m_axi_wdata_reg[K]	axi_crossbar_inst.axi_crossbar_wr_inst.m_ifaces[I].reg_inst.genblkJ.m_axi_wdata_reg[K]	axi_crossbar_inst.axi_crossbar_wr_inst.m_ifaces[7].reg_inst.genblk2.temp_m_axi_wdata_reg[31]$_DFFE_PP_/Q	axi_crossbar_inst.axi_crossbar_wr_inst.m_ifaces[7].reg_inst.genblk2.m_axi_wdata_reg[31]$_DFFE_PP_/D
880	0.4763	axi_crossbar_inst.axi_crossbar_wr_inst.m_ifaces[I].reg_inst.genblkJ.temp_m_axi_wlast_reg	axi_crossbar_inst.axi_crossbar_wr_inst.m_ifaces[I].reg_inst.genblkJ.m_axi_wlast_reg	axi_crossbar_inst.axi_crossbar_wr_inst.m_ifaces[7].reg_inst.genblk2.temp_m_axi_wlast_reg$_DFFE_PP_/Q	axi_crossbar_inst.axi_crossbar_wr_inst.m_ifaces[7].reg_inst.genblk2.m_axi_wlast_reg$_DFFE_PP_/D
881	0.4763	axi_crossbar_inst.axi_crossbar_wr_inst.m_ifaces[I].reg_inst.genblkJ.temp_m_axi_wstrb_reg[K]	axi_crossbar_inst.axi_crossbar_wr_inst.m_ifaces[I].reg_inst.genblkJ.m_axi_wstrb_reg[K]	axi_crossbar_inst.axi_crossbar_wr_inst.m_ifaces[7].reg_inst.genblk2.temp_m_axi_wstrb_reg[3]$_DFFE_PP_/Q	axi_crossbar_inst.axi_crossbar_wr_inst.m_ifaces[7].reg_inst.genblk2.m_axi_wstrb_reg[3]$_DFFE_PP_/D
882	0.4771	axi_crossbar_inst.axi_crossbar_wr_inst.s_ifaces[I].addr_inst.m_wc_valid_reg	axi_crossbar_inst.axi_crossbar_wr_inst.s_ifaces[I].w_select_reg[J]	axi_crossbar_inst.axi_crossbar_wr_inst.s_ifaces[3].addr_inst.m_wc_valid_reg$_SDFF_PP0_/Q	axi_crossbar_inst.axi_crossbar_wr_inst.s_ifaces[3].w_select_reg[0]$_DFFE_PP_/D
883	0.4775	axi_crossbar_inst.axi_crossbar_wr_inst.m_ifaces[I].w_select_valid_reg	axi_crossbar_inst.axi_crossbar_wr_inst.m_ifaces[I].w_select_reg[J]	axi_crossbar_inst.axi_crossbar_wr_inst.m_ifaces[1].w_select_valid_reg$_SDFF_PP0_/QN	axi_crossbar_inst.axi_crossbar_wr_inst.m_ifaces[1].w_select_reg[0]$_DFFE_PP_/D
884	0.4781	axi_crossbar_inst.axi_crossbar_rd_inst.s_ifaces[I].addr_inst.m_decerr_reg	axi_crossbar_inst.axi_crossbar_rd_inst.s_ifaces[I].addr_inst.m_rc_valid_reg	axi_crossbar_inst.axi_crossbar_rd_inst.s_ifaces[3].addr_inst.m_decerr_reg$_DFFE_PP_/Q	axi_crossbar_inst.axi_crossbar_rd_inst.s_ifaces[3].addr_inst.m_rc_valid_reg$_SDFF_PP0_/D
885	0.4798	axi_crossbar_inst.axi_crossbar_rd_inst.s_ifaces[I].reg_inst.genblkJ.temp_s_axi_rdata_reg[K]	axi_crossbar_inst.axi_crossbar_rd_inst.s_ifaces[I].reg_inst.genblkJ.s_axi_rdata_reg[K]	axi_crossbar_inst.axi_crossbar_rd_inst.s_ifaces[0].reg_inst.genblk2.temp_s_axi_rdata_reg[10]$_DFFE_PP_/Q	axi_crossbar_inst.axi_crossbar_rd_inst.s_ifaces[0].reg_inst.genblk2.s_axi_rdata_reg[10]$_DFFE_PP_/D
886	0.4799	axi_crossbar_inst.axi_crossbar_wr_inst.s_ifaces[I].decerr_m_axi_bvalid_reg	axi_crossbar_inst.axi_crossbar_wr_inst.s_ifaces[I].decerr_m_axi_bid_reg[J]	axi_crossbar_inst.axi_crossbar_wr_inst.s_ifaces[6].decerr_m_axi_bvalid_reg$_SDFF_PP0_/QN	axi_crossbar_inst.axi_crossbar_wr_inst.s_ifaces[6].decerr_m_axi_bid_reg[0]$_DFFE_PP_/D
887	0.4815	axi_crossbar_inst.axi_crossbar_rd_inst.s_ifaces[I].addr_inst.m_rc_valid_reg	axi_crossbar_inst.axi_crossbar_rd_inst.s_ifaces[I].addr_inst.m_rc_valid_reg	axi_crossbar_inst.axi_crossbar_rd_inst.s_ifaces[3].addr_inst.m_rc_valid_reg$_SDFF_PP0_/Q	axi_crossbar_inst.axi_crossbar_rd_inst.s_ifaces[3].addr_inst.m_rc_valid_reg$_SDFF_PP0_/D
888	0.4827	axi_crossbar_inst.axi_crossbar_wr_inst.s_ifaces[I].w_select_valid_reg	axi_crossbar_inst.axi_crossbar_wr_inst.s_ifaces[I].w_select_valid_reg	axi_crossbar_inst.axi_crossbar_wr_inst.s_ifaces[3].w_select_valid_reg$_SDFF_PP0_/Q	axi_crossbar_inst.axi_crossbar_wr_inst.s_ifaces[3].w_select_valid_reg$_SDFF_PP0_/D
889	0.4834	axi_crossbar_inst.axi_crossbar_wr_inst.s_ifaces[I].addr_inst.state_reg[J]	axi_crossbar_inst.axi_crossbar_wr_inst.s_ifaces[I].addr_inst.s_axi_aready_reg	axi_crossbar_inst.axi_crossbar_wr_inst.s_ifaces[0].addr_inst.state_reg[0]$_SDFF_PP0_/Q	axi_crossbar_inst.axi_crossbar_wr_inst.s_ifaces[0].addr_inst.s_axi_aready_reg$_SDFF_PP0_/D
890	0.4847	axi_crossbar_inst.axi_crossbar_rd_inst.s_ifaces[I].reg_inst.genblkJ.temp_s_axi_rlast_reg	axi_crossbar_inst.axi_crossbar_rd_inst.s_ifaces[I].reg_inst.genblkJ.s_axi_rlast_reg	axi_crossbar_inst.axi_crossbar_rd_inst.s_ifaces[0].reg_inst.genblk2.temp_s_axi_rlast_reg$_DFFE_PP_/Q	axi_crossbar_inst.axi_crossbar_rd_inst.s_ifaces[0].reg_inst.genblk2.s_axi_rlast_reg$_DFFE_PP_/D
891	0.4847	axi_crossbar_inst.axi_crossbar_rd_inst.s_ifaces[I].reg_inst.genblkJ.temp_s_axi_rresp_reg[K]	axi_crossbar_inst.axi_crossbar_rd_inst.s_ifaces[I].reg_inst.genblkJ.s_axi_rresp_reg[K]	axi_crossbar_inst.axi_crossbar_rd_inst.s_ifaces[0].reg_inst.genblk2.temp_s_axi_rresp_reg[0]$_DFFE_PP_/Q	axi_crossbar_inst.axi_crossbar_rd_inst.s_ifaces[0].reg_inst.genblk2.s_axi_rresp_reg[0]$_DFFE_PP_/D
892	0.4864	axi_crossbar_inst.axi_crossbar_wr_inst.s_ifaces[I].w_drop_reg	axi_crossbar_inst.axi_crossbar_wr_inst.s_ifaces[I].w_select_valid_reg	axi_crossbar_inst.axi_crossbar_wr_inst.s_ifaces[3].w_drop_reg$_DFF_P_/Q	axi_crossbar_inst.axi_crossbar_wr_inst.s_ifaces[3].w_select_valid_reg$_SDFF_PP0_/D
893	0.4867	axi_crossbar_inst.axi_crossbar_wr_inst.s_ifaces[I].addr_inst.m_decerr_reg	axi_crossbar_inst.axi_crossbar_wr_inst.s_ifaces[I].addr_inst.m_wc_valid_reg	axi_crossbar_inst.axi_crossbar_wr_inst.s_ifaces[1].addr_inst.m_decerr_reg$_DFFE_PP_/Q	axi_crossbar_inst.axi_crossbar_wr_inst.s_ifaces[1].addr_inst.m_wc_valid_reg$_SDFF_PP0_/D
894	0.4870	axi_crossbar_inst.axi_crossbar_wr_inst.s_ifaces[I].addr_inst.m_wc_valid_reg	axi_crossbar_inst.axi_crossbar_wr_inst.s_ifaces[I].w_select_valid_reg	axi_crossbar_inst.axi_crossbar_wr_inst.s_ifaces[3].addr_inst.m_wc_valid_reg$_SDFF_PP0_/Q	axi_crossbar_inst.axi_crossbar_wr_inst.s_ifaces[3].w_select_valid_reg$_SDFF_PP0_/D
895	0.4877	axi_crossbar_inst.axi_crossbar_rd_inst.s_ifaces[I].addr_inst.m_decerr_reg	axi_crossbar_inst.axi_crossbar_rd_inst.s_ifaces[I].addr_inst.m_decerr_reg	axi_crossbar_inst.axi_crossbar_rd_inst.s_ifaces[0].addr_inst.m_decerr_reg$_DFFE_PP_/Q	axi_crossbar_inst.axi_crossbar_rd_inst.s_ifaces[0].addr_inst.m_decerr_reg$_DFFE_PP_/D
896	0.4893	axi_crossbar_inst.axi_crossbar_wr_inst.m_ifaces[I].reg_inst.genblkJ.temp_m_axi_wvalid_reg	axi_crossbar_inst.axi_crossbar_wr_inst.m_ifaces[I].reg_inst.genblkJ.temp_m_axi_wvalid_reg	axi_crossbar_inst.axi_crossbar_wr_inst.m_ifaces[0].reg_inst.genblk2.temp_m_axi_wvalid_reg$_SDFFE_PP0P_/Q	axi_crossbar_inst.axi_crossbar_wr_inst.m_ifaces[0].reg_inst.genblk2.temp_m_axi_wvalid_reg$_SDFFE_PP0P_/D
897	0.4914	axi_crossbar_inst.axi_crossbar_wr_inst.s_ifaces[I].addr_inst.m_wc_valid_reg	axi_crossbar_inst.axi_crossbar_wr_inst.s_ifaces[I].w_drop_reg	axi_crossbar_inst.axi_crossbar_wr_inst.s_ifaces[3].addr_inst.m_wc_valid_reg$_SDFF_PP0_/Q	axi_crossbar_inst.axi_crossbar_wr_inst.s_ifaces[3].w_drop_reg$_DFF_P_/D
898	0.4927	axi_crossbar_inst.axi_crossbar_wr_inst.s_ifaces[I].addr_inst.m_decerr_reg	axi_crossbar_inst.axi_crossbar_wr_inst.s_ifaces[I].w_drop_reg	axi_crossbar_inst.axi_crossbar_wr_inst.s_ifaces[1].addr_inst.m_decerr_reg$_DFFE_PP_/Q	axi_crossbar_inst.axi_crossbar_wr_inst.s_ifaces[1].w_drop_reg$_DFF_P_/D
899	0.4928	axi_crossbar_inst.axi_crossbar_wr_inst.s_ifaces[I].addr_inst.m_decerr_reg	axi_crossbar_inst.axi_crossbar_wr_inst.s_ifaces[I].addr_inst.m_decerr_reg	axi_crossbar_inst.axi_crossbar_wr_inst.s_ifaces[1].addr_inst.m_decerr_reg$_DFFE_PP_/Q	axi_crossbar_inst.axi_crossbar_wr_inst.s_ifaces[1].addr_inst.m_decerr_reg$_DFFE_PP_/D
900	0.4938	axi_crossbar_inst.axi_crossbar_wr_inst.s_ifaces[I].addr_inst.m_decerr_reg	axi_crossbar_inst.axi_crossbar_wr_inst.s_ifaces[I].addr_inst.m_rc_valid_reg	axi_crossbar_inst.axi_crossbar_wr_inst.s_ifaces[1].addr_inst.m_decerr_reg$_DFFE_PP_/Q	axi_crossbar_inst.axi_crossbar_wr_inst.s_ifaces[1].addr_inst.m_rc_valid_reg$_SDFF_PP0_/D
901	0.4939	axi_crossbar_inst.axi_crossbar_rd_inst.s_ifaces[I].reg_inst.genblkJ.temp_s_axi_rid_reg[K]	axi_crossbar_inst.axi_crossbar_rd_inst.s_ifaces[I].reg_inst.genblkJ.s_axi_rid_reg[K]	axi_crossbar_inst.axi_crossbar_rd_inst.s_ifaces[1].reg_inst.genblk2.temp_s_axi_rid_reg[0]$_DFFE_PP_/Q	axi_crossbar_inst.axi_crossbar_rd_inst.s_ifaces[1].reg_inst.genblk2.s_axi_rid_reg[0]$_DFFE_PP_/D
902	0.4940	axi_crossbar_inst.axi_crossbar_rd_inst.s_ifaces[I].reg_inst.genblkJ.temp_s_axi_rvalid_reg	axi_crossbar_inst.axi_crossbar_rd_inst.s_ifaces[I].reg_inst.genblkJ.temp_s_axi_rvalid_reg	axi_crossbar_inst.axi_crossbar_rd_inst.s_ifaces[3].reg_inst.genblk2.temp_s_axi_rvalid_reg$_SDFFE_PP0P_/Q	axi_crossbar_inst.axi_crossbar_rd_inst.s_ifaces[3].reg_inst.genblk2.temp_s_axi_rvalid_reg$_SDFFE_PP0P_/D
903	0.4942	axi_crossbar_inst.axi_crossbar_wr_inst.s_ifaces[I].addr_inst.m_rc_valid_reg	axi_crossbar_inst.axi_crossbar_wr_inst.s_ifaces[I].addr_inst.m_rc_valid_reg	axi_crossbar_inst.axi_crossbar_wr_inst.s_ifaces[7].addr_inst.m_rc_valid_reg$_SDFF_PP0_/Q	axi_crossbar_inst.axi_crossbar_wr_inst.s_ifaces[7].addr_inst.m_rc_valid_reg$_SDFF_PP0_/D
904	0.4953	axi_crossbar_inst.axi_crossbar_wr_inst.s_ifaces[I].w_select_valid_reg	axi_crossbar_inst.axi_crossbar_wr_inst.s_ifaces[I].w_select_reg[J]	axi_crossbar_inst.axi_crossbar_wr_inst.s_ifaces[3].w_select_valid_reg$_SDFF_PP0_/QN	axi_crossbar_inst.axi_crossbar_wr_inst.s_ifaces[3].w_select_reg[0]$_DFFE_PP_/D
905	0.4980	axi_crossbar_inst.axi_crossbar_rd_inst.s_ifaces[I].addr_inst.s_axi_aready_reg	axi_crossbar_inst.axi_crossbar_rd_inst.s_ifaces[I].addr_inst.state_reg[J]	axi_crossbar_inst.axi_crossbar_rd_inst.s_ifaces[2].addr_inst.s_axi_aready_reg$_SDFF_PP0_/QN	axi_crossbar_inst.axi_crossbar_rd_inst.s_ifaces[2].addr_inst.state_reg[1]$_SDFF_PP0_/D
906	0.4995	axi_crossbar_inst.axi_crossbar_rd_inst.s_ifaces[I].decerr_m_axi_rlast_reg	axi_crossbar_inst.axi_crossbar_rd_inst.s_ifaces[I].reg_inst.genblkJ.temp_s_axi_rlast_reg	axi_crossbar_inst.axi_crossbar_rd_inst.s_ifaces[1].decerr_m_axi_rlast_reg$_DFFE_PP_/Q	axi_crossbar_inst.axi_crossbar_rd_inst.s_ifaces[1].reg_inst.genblk2.temp_s_axi_rlast_reg$_DFFE_PP_/D
907	0.5040	axi_crossbar_inst.axi_crossbar_wr_inst.s_ifaces[I].w_select_valid_reg	axi_crossbar_inst.axi_crossbar_wr_inst.s_ifaces[I].addr_inst.m_wc_valid_reg	axi_crossbar_inst.axi_crossbar_wr_inst.s_ifaces[3].w_select_valid_reg$_SDFF_PP0_/Q	axi_crossbar_inst.axi_crossbar_wr_inst.s_ifaces[3].addr_inst.m_wc_valid_reg$_SDFF_PP0_/D
908	0.5139	axi_crossbar_inst.axi_crossbar_wr_inst.m_ifaces[I].reg_inst.genblkJ.m_axi_wlast_reg	axi_crossbar_inst.axi_crossbar_wr_inst.m_ifaces[I].reg_inst.genblkJ.m_axi_wlast_reg	axi_crossbar_inst.axi_crossbar_wr_inst.m_ifaces[3].reg_inst.genblk2.m_axi_wlast_reg$_DFFE_PP_/Q	axi_crossbar_inst.axi_crossbar_wr_inst.m_ifaces[3].reg_inst.genblk2.m_axi_wlast_reg$_DFFE_PP_/D
909	0.5158	axi_crossbar_inst.axi_crossbar_rd_inst.s_ifaces[I].decerr_m_axi_rlast_reg	axi_crossbar_inst.axi_crossbar_rd_inst.s_ifaces[I].decerr_m_axi_rlast_reg	axi_crossbar_inst.axi_crossbar_rd_inst.s_ifaces[1].decerr_m_axi_rlast_reg$_DFFE_PP_/Q	axi_crossbar_inst.axi_crossbar_rd_inst.s_ifaces[1].decerr_m_axi_rlast_reg$_DFFE_PP_/D
910	0.5169	axi_crossbar_inst.axi_crossbar_wr_inst.s_ifaces[I].w_select_valid_reg	axi_crossbar_inst.axi_crossbar_wr_inst.s_ifaces[I].w_drop_reg	axi_crossbar_inst.axi_crossbar_wr_inst.s_ifaces[3].w_select_valid_reg$_SDFF_PP0_/QN	axi_crossbar_inst.axi_crossbar_wr_inst.s_ifaces[3].w_drop_reg$_DFF_P_/D
911	0.5211	axi_crossbar_inst.axi_crossbar_wr_inst.m_ifaces[I].reg_inst.genblkJ.temp_m_axi_wdata_reg[K]	axi_crossbar_inst.axi_crossbar_wr_inst.m_ifaces[I].reg_inst.genblkJ.temp_m_axi_wdata_reg[K]	axi_crossbar_inst.axi_crossbar_wr_inst.m_ifaces[7].reg_inst.genblk2.temp_m_axi_wdata_reg[31]$_DFFE_PP_/Q	axi_crossbar_inst.axi_crossbar_wr_inst.m_ifaces[7].reg_inst.genblk2.temp_m_axi_wdata_reg[31]$_DFFE_PP_/D
912	0.5211	axi_crossbar_inst.axi_crossbar_wr_inst.m_ifaces[I].reg_inst.genblkJ.temp_m_axi_wlast_reg	axi_crossbar_inst.axi_crossbar_wr_inst.m_ifaces[I].reg_inst.genblkJ.temp_m_axi_wlast_reg	axi_crossbar_inst.axi_crossbar_wr_inst.m_ifaces[7].reg_inst.genblk2.temp_m_axi_wlast_reg$_DFFE_PP_/Q	axi_crossbar_inst.axi_crossbar_wr_inst.m_ifaces[7].reg_inst.genblk2.temp_m_axi_wlast_reg$_DFFE_PP_/D
913	0.5211	axi_crossbar_inst.axi_crossbar_wr_inst.m_ifaces[I].reg_inst.genblkJ.temp_m_axi_wstrb_reg[K]	axi_crossbar_inst.axi_crossbar_wr_inst.m_ifaces[I].reg_inst.genblkJ.temp_m_axi_wstrb_reg[K]	axi_crossbar_inst.axi_crossbar_wr_inst.m_ifaces[7].reg_inst.genblk2.temp_m_axi_wstrb_reg[3]$_DFFE_PP_/Q	axi_crossbar_inst.axi_crossbar_wr_inst.m_ifaces[7].reg_inst.genblk2.temp_m_axi_wstrb_reg[3]$_DFFE_PP_/D
914	0.5212	axi_crossbar_inst.axi_crossbar_rd_inst.s_ifaces[I].decerr_m_axi_rid_reg[J]	axi_crossbar_inst.axi_crossbar_rd_inst.s_ifaces[I].decerr_m_axi_rid_reg[J]	axi_crossbar_inst.axi_crossbar_rd_inst.s_ifaces[7].decerr_m_axi_rid_reg[0]$_DFFE_PP_/Q	axi_crossbar_inst.axi_crossbar_rd_inst.s_ifaces[7].decerr_m_axi_rid_reg[0]$_DFFE_PP_/D
915	0.5212	axi_crossbar_inst.axi_crossbar_wr_inst.s_ifaces[I].decerr_m_axi_bid_reg[J]	axi_crossbar_inst.axi_crossbar_wr_inst.s_ifaces[I].decerr_m_axi_bid_reg[J]	axi_crossbar_inst.axi_crossbar_wr_inst.s_ifaces[3].decerr_m_axi_bid_reg[0]$_DFFE_PP_/Q	axi_crossbar_inst.axi_crossbar_wr_inst.s_ifaces[3].decerr_m_axi_bid_reg[0]$_DFFE_PP_/D
916	0.5214	axi_crossbar_inst.axi_crossbar_rd_inst.s_ifaces[I].reg_inst.genblkJ.temp_s_axi_rid_reg[K]	axi_crossbar_inst.axi_crossbar_rd_inst.s_ifaces[I].reg_inst.genblkJ.temp_s_axi_rid_reg[K]	axi_crossbar_inst.axi_crossbar_rd_inst.s_ifaces[1].reg_inst.genblk2.temp_s_axi_rid_reg[4]$_DFFE_PP_/Q	axi_crossbar_inst.axi_crossbar_rd_inst.s_ifaces[1].reg_inst.genblk2.temp_s_axi_rid_reg[4]$_DFFE_PP_/D
917	0.5214	axi_crossbar_inst.axi_crossbar_rd_inst.s_ifaces[I].reg_inst.genblkJ.temp_s_axi_rdata_reg[K]	axi_crossbar_inst.axi_crossbar_rd_inst.s_ifaces[I].reg_inst.genblkJ.temp_s_axi_rdata_reg[K]	axi_crossbar_inst.axi_crossbar_rd_inst.s_ifaces[1].reg_inst.genblk2.temp_s_axi_rdata_reg[0]$_DFFE_PP_/Q	axi_crossbar_inst.axi_crossbar_rd_inst.s_ifaces[1].reg_inst.genblk2.temp_s_axi_rdata_reg[0]$_DFFE_PP_/D
918	0.5251	axi_crossbar_inst.axi_crossbar_rd_inst.m_ifaces[I].reg_inst.genblkJ.genblkK.m_axi_araddr_reg[L]	axi_crossbar_inst.axi_crossbar_rd_inst.m_ifaces[I].reg_inst.genblkJ.genblkK.m_axi_araddr_reg[L]	axi_crossbar_inst.axi_crossbar_rd_inst.m_ifaces[6].reg_inst.genblk1.genblk1.m_axi_araddr_reg[29]$_DFFE_PP_/Q	axi_crossbar_inst.axi_crossbar_rd_inst.m_ifaces[6].reg_inst.genblk1.genblk1.m_axi_araddr_reg[29]$_DFFE_PP_/D
919	0.5251	axi_crossbar_inst.axi_crossbar_rd_inst.m_ifaces[I].reg_inst.genblkJ.genblkK.m_axi_arburst_reg[L]	axi_crossbar_inst.axi_crossbar_rd_inst.m_ifaces[I].reg_inst.genblkJ.genblkK.m_axi_arburst_reg[L]	axi_crossbar_inst.axi_crossbar_rd_inst.m_ifaces[6].reg_inst.genblk1.genblk1.m_axi_arburst_reg[0]$_DFFE_PP_/Q	axi_crossbar_inst.axi_crossbar_rd_inst.m_ifaces[6].reg_inst.genblk1.genblk1.m_axi_arburst_reg[0]$_DFFE_PP_/D
920	0.5251	axi_crossbar_inst.axi_crossbar_rd_inst.m_ifaces[I].reg_inst.genblkJ.genblkK.m_axi_arcache_reg[L]	axi_crossbar_inst.axi_crossbar_rd_inst.m_ifaces[I].reg_inst.genblkJ.genblkK.m_axi_arcache_reg[L]	axi_crossbar_inst.axi_crossbar_rd_inst.m_ifaces[6].reg_inst.genblk1.genblk1.m_axi_arcache_reg[0]$_DFFE_PP_/Q	axi_crossbar_inst.axi_crossbar_rd_inst.m_ifaces[6].reg_inst.genblk1.genblk1.m_axi_arcache_reg[0]$_DFFE_PP_/D
921	0.5251	axi_crossbar_inst.axi_crossbar_rd_inst.m_ifaces[I].reg_inst.genblkJ.genblkK.m_axi_arlen_reg[L]	axi_crossbar_inst.axi_crossbar_rd_inst.m_ifaces[I].reg_inst.genblkJ.genblkK.m_axi_arlen_reg[L]	axi_crossbar_inst.axi_crossbar_rd_inst.m_ifaces[6].reg_inst.genblk1.genblk1.m_axi_arlen_reg[0]$_DFFE_PP_/Q	axi_crossbar_inst.axi_crossbar_rd_inst.m_ifaces[6].reg_inst.genblk1.genblk1.m_axi_arlen_reg[0]$_DFFE_PP_/D
922	0.5251	axi_crossbar_inst.axi_crossbar_rd_inst.m_ifaces[I].reg_inst.genblkJ.genblkK.m_axi_arprot_reg[L]	axi_crossbar_inst.axi_crossbar_rd_inst.m_ifaces[I].reg_inst.genblkJ.genblkK.m_axi_arprot_reg[L]	axi_crossbar_inst.axi_crossbar_rd_inst.m_ifaces[6].reg_inst.genblk1.genblk1.m_axi_arprot_reg[0]$_DFFE_PP_/Q	axi_crossbar_inst.axi_crossbar_rd_inst.m_ifaces[6].reg_inst.genblk1.genblk1.m_axi_arprot_reg[0]$_DFFE_PP_/D
923	0.5251	axi_crossbar_inst.axi_crossbar_rd_inst.m_ifaces[I].reg_inst.genblkJ.genblkK.m_axi_arqos_reg[L]	axi_crossbar_inst.axi_crossbar_rd_inst.m_ifaces[I].reg_inst.genblkJ.genblkK.m_axi_arqos_reg[L]	axi_crossbar_inst.axi_crossbar_rd_inst.m_ifaces[6].reg_inst.genblk1.genblk1.m_axi_arqos_reg[0]$_DFFE_PP_/Q	axi_crossbar_inst.axi_crossbar_rd_inst.m_ifaces[6].reg_inst.genblk1.genblk1.m_axi_arqos_reg[0]$_DFFE_PP_/D
924	0.5251	axi_crossbar_inst.axi_crossbar_rd_inst.m_ifaces[I].reg_inst.genblkJ.genblkK.m_axi_arsize_reg[L]	axi_crossbar_inst.axi_crossbar_rd_inst.m_ifaces[I].reg_inst.genblkJ.genblkK.m_axi_arsize_reg[L]	axi_crossbar_inst.axi_crossbar_rd_inst.m_ifaces[6].reg_inst.genblk1.genblk1.m_axi_arsize_reg[0]$_DFFE_PP_/Q	axi_crossbar_inst.axi_crossbar_rd_inst.m_ifaces[6].reg_inst.genblk1.genblk1.m_axi_arsize_reg[0]$_DFFE_PP_/D
925	0.5251	axi_crossbar_inst.axi_crossbar_wr_inst.m_ifaces[I].reg_inst.genblkJ.genblkK.m_axi_awburst_reg[L]	axi_crossbar_inst.axi_crossbar_wr_inst.m_ifaces[I].reg_inst.genblkJ.genblkK.m_axi_awburst_reg[L]	axi_crossbar_inst.axi_crossbar_wr_inst.m_ifaces[5].reg_inst.genblk1.genblk1.m_axi_awburst_reg[0]$_DFFE_PP_/Q	axi_crossbar_inst.axi_crossbar_wr_inst.m_ifaces[5].reg_inst.genblk1.genblk1.m_axi_awburst_reg[0]$_DFFE_PP_/D
926	0.5251	axi_crossbar_inst.axi_crossbar_wr_inst.m_ifaces[I].reg_inst.genblkJ.genblkK.m_axi_awcache_reg[L]	axi_crossbar_inst.axi_crossbar_wr_inst.m_ifaces[I].reg_inst.genblkJ.genblkK.m_axi_awcache_reg[L]	axi_crossbar_inst.axi_crossbar_wr_inst.m_ifaces[5].reg_inst.genblk1.genblk1.m_axi_awcache_reg[0]$_DFFE_PP_/Q	axi_crossbar_inst.axi_crossbar_wr_inst.m_ifaces[5].reg_inst.genblk1.genblk1.m_axi_awcache_reg[0]$_DFFE_PP_/D
927	0.5251	axi_crossbar_inst.axi_crossbar_wr_inst.m_ifaces[I].reg_inst.genblkJ.genblkK.m_axi_awprot_reg[L]	axi_crossbar_inst.axi_crossbar_wr_inst.m_ifaces[I].reg_inst.genblkJ.genblkK.m_axi_awprot_reg[L]	axi_crossbar_inst.axi_crossbar_wr_inst.m_ifaces[5].reg_inst.genblk1.genblk1.m_axi_awprot_reg[0]$_DFFE_PP_/Q	axi_crossbar_inst.axi_crossbar_wr_inst.m_ifaces[5].reg_inst.genblk1.genblk1.m_axi_awprot_reg[0]$_DFFE_PP_/D
928	0.5251	axi_crossbar_inst.axi_crossbar_wr_inst.m_ifaces[I].reg_inst.genblkJ.genblkK.m_axi_awqos_reg[L]	axi_crossbar_inst.axi_crossbar_wr_inst.m_ifaces[I].reg_inst.genblkJ.genblkK.m_axi_awqos_reg[L]	axi_crossbar_inst.axi_crossbar_wr_inst.m_ifaces[5].reg_inst.genblk1.genblk1.m_axi_awqos_reg[0]$_DFFE_PP_/Q	axi_crossbar_inst.axi_crossbar_wr_inst.m_ifaces[5].reg_inst.genblk1.genblk1.m_axi_awqos_reg[0]$_DFFE_PP_/D
929	0.5251	axi_crossbar_inst.axi_crossbar_wr_inst.m_ifaces[I].reg_inst.genblkJ.genblkK.m_axi_awsize_reg[L]	axi_crossbar_inst.axi_crossbar_wr_inst.m_ifaces[I].reg_inst.genblkJ.genblkK.m_axi_awsize_reg[L]	axi_crossbar_inst.axi_crossbar_wr_inst.m_ifaces[5].reg_inst.genblk1.genblk1.m_axi_awsize_reg[1]$_DFFE_PP_/Q	axi_crossbar_inst.axi_crossbar_wr_inst.m_ifaces[5].reg_inst.genblk1.genblk1.m_axi_awsize_reg[1]$_DFFE_PP_/D
930	0.5251	axi_crossbar_inst.axi_crossbar_rd_inst.m_ifaces[I].reg_inst.genblkJ.genblkK.m_axi_arid_reg[L]	axi_crossbar_inst.axi_crossbar_rd_inst.m_ifaces[I].reg_inst.genblkJ.genblkK.m_axi_arid_reg[L]	axi_crossbar_inst.axi_crossbar_rd_inst.m_ifaces[1].reg_inst.genblk1.genblk1.m_axi_arid_reg[9]$_DFFE_PP_/Q	axi_crossbar_inst.axi_crossbar_rd_inst.m_ifaces[1].reg_inst.genblk1.genblk1.m_axi_arid_reg[9]$_DFFE_PP_/D
931	0.5251	axi_crossbar_inst.axi_crossbar_wr_inst.m_ifaces[I].reg_inst.genblkJ.genblkK.m_axi_awaddr_reg[L]	axi_crossbar_inst.axi_crossbar_wr_inst.m_ifaces[I].reg_inst.genblkJ.genblkK.m_axi_awaddr_reg[L]	axi_crossbar_inst.axi_crossbar_wr_inst.m_ifaces[0].reg_inst.genblk1.genblk1.m_axi_awaddr_reg[0]$_DFFE_PP_/Q	axi_crossbar_inst.axi_crossbar_wr_inst.m_ifaces[0].reg_inst.genblk1.genblk1.m_axi_awaddr_reg[0]$_DFFE_PP_/D
932	0.5251	axi_crossbar_inst.axi_crossbar_wr_inst.m_ifaces[I].reg_inst.genblkJ.genblkK.m_axi_awid_reg[L]	axi_crossbar_inst.axi_crossbar_wr_inst.m_ifaces[I].reg_inst.genblkJ.genblkK.m_axi_awid_reg[L]	axi_crossbar_inst.axi_crossbar_wr_inst.m_ifaces[0].reg_inst.genblk1.genblk1.m_axi_awid_reg[9]$_DFFE_PP_/Q	axi_crossbar_inst.axi_crossbar_wr_inst.m_ifaces[0].reg_inst.genblk1.genblk1.m_axi_awid_reg[9]$_DFFE_PP_/D
933	0.5251	axi_crossbar_inst.axi_crossbar_wr_inst.m_ifaces[I].reg_inst.genblkJ.genblkK.m_axi_awlen_reg[L]	axi_crossbar_inst.axi_crossbar_wr_inst.m_ifaces[I].reg_inst.genblkJ.genblkK.m_axi_awlen_reg[L]	axi_crossbar_inst.axi_crossbar_wr_inst.m_ifaces[0].reg_inst.genblk1.genblk1.m_axi_awlen_reg[0]$_DFFE_PP_/Q	axi_crossbar_inst.axi_crossbar_wr_inst.m_ifaces[0].reg_inst.genblk1.genblk1.m_axi_awlen_reg[0]$_DFFE_PP_/D
934	0.5251	axi_crossbar_inst.axi_crossbar_wr_inst.s_ifaces[I].reg_inst.genblkJ.genblkK.s_axi_bid_reg[L]	axi_crossbar_inst.axi_crossbar_wr_inst.s_ifaces[I].reg_inst.genblkJ.genblkK.s_axi_bid_reg[L]	axi_crossbar_inst.axi_crossbar_wr_inst.s_ifaces[1].reg_inst.genblk3.genblk1.s_axi_bid_reg[0]$_DFFE_PP_/Q	axi_crossbar_inst.axi_crossbar_wr_inst.s_ifaces[1].reg_inst.genblk3.genblk1.s_axi_bid_reg[0]$_DFFE_PP_/D
935	0.5251	axi_crossbar_inst.axi_crossbar_wr_inst.s_ifaces[I].reg_inst.genblkJ.genblkK.s_axi_bresp_reg[L]	axi_crossbar_inst.axi_crossbar_wr_inst.s_ifaces[I].reg_inst.genblkJ.genblkK.s_axi_bresp_reg[L]	axi_crossbar_inst.axi_crossbar_wr_inst.s_ifaces[1].reg_inst.genblk3.genblk1.s_axi_bresp_reg[0]$_DFFE_PP_/Q	axi_crossbar_inst.axi_crossbar_wr_inst.s_ifaces[1].reg_inst.genblk3.genblk1.s_axi_bresp_reg[0]$_DFFE_PP_/D
936	0.5251	axi_crossbar_inst.axi_crossbar_rd_inst.m_ifaces[I].reg_inst.genblkJ.genblkK.m_axi_arlock_reg	axi_crossbar_inst.axi_crossbar_rd_inst.m_ifaces[I].reg_inst.genblkJ.genblkK.m_axi_arlock_reg	axi_crossbar_inst.axi_crossbar_rd_inst.m_ifaces[7].reg_inst.genblk1.genblk1.m_axi_arlock_reg$_DFFE_PP_/Q	axi_crossbar_inst.axi_crossbar_rd_inst.m_ifaces[7].reg_inst.genblk1.genblk1.m_axi_arlock_reg$_DFFE_PP_/D
937	0.5251	axi_crossbar_inst.axi_crossbar_wr_inst.m_ifaces[I].reg_inst.genblkJ.genblkK.m_axi_awlock_reg	axi_crossbar_inst.axi_crossbar_wr_inst.m_ifaces[I].reg_inst.genblkJ.genblkK.m_axi_awlock_reg	axi_crossbar_inst.axi_crossbar_wr_inst.m_ifaces[5].reg_inst.genblk1.genblk1.m_axi_awlock_reg$_DFFE_PP_/Q	axi_crossbar_inst.axi_crossbar_wr_inst.m_ifaces[5].reg_inst.genblk1.genblk1.m_axi_awlock_reg$_DFFE_PP_/D
938	0.5287	axi_crossbar_inst.axi_crossbar_wr_inst.s_ifaces[I].addr_inst.m_wc_valid_reg	axi_crossbar_inst.axi_crossbar_wr_inst.s_ifaces[I].addr_inst.m_wc_valid_reg	axi_crossbar_inst.axi_crossbar_wr_inst.s_ifaces[0].addr_inst.m_wc_valid_reg$_SDFF_PP0_/Q	axi_crossbar_inst.axi_crossbar_wr_inst.s_ifaces[0].addr_inst.m_wc_valid_reg$_SDFF_PP0_/D
939	0.5298	axi_crossbar_inst.axi_crossbar_rd_inst.s_ifaces[I].reg_inst.genblkJ.temp_s_axi_rvalid_reg	axi_crossbar_inst.axi_crossbar_rd_inst.s_ifaces[I].reg_inst.genblkJ.s_axi_rvalid_reg	axi_crossbar_inst.axi_crossbar_rd_inst.s_ifaces[1].reg_inst.genblk2.temp_s_axi_rvalid_reg$_SDFFE_PP0P_/Q	axi_crossbar_inst.axi_crossbar_rd_inst.s_ifaces[1].reg_inst.genblk2.s_axi_rvalid_reg$_SDFFE_PP0P_/D
940	0.5371	axi_crossbar_inst.axi_crossbar_wr_inst.s_ifaces[I].w_drop_reg	axi_crossbar_inst.axi_crossbar_wr_inst.s_ifaces[I].w_drop_reg	axi_crossbar_inst.axi_crossbar_wr_inst.s_ifaces[0].w_drop_reg$_DFF_P_/Q	axi_crossbar_inst.axi_crossbar_wr_inst.s_ifaces[0].w_drop_reg$_DFF_P_/D
941	0.5414	axi_crossbar_inst.axi_crossbar_wr_inst.s_ifaces[I].addr_inst.s_axi_aready_reg	axi_crossbar_inst.axi_crossbar_wr_inst.s_ifaces[I].addr_inst.state_reg[J]	axi_crossbar_inst.axi_crossbar_wr_inst.s_ifaces[0].addr_inst.s_axi_aready_reg$_SDFF_PP0_/QN	axi_crossbar_inst.axi_crossbar_wr_inst.s_ifaces[0].addr_inst.state_reg[1]$_SDFF_PP0_/D
942	0.5429	axi_crossbar_inst.axi_crossbar_rd_inst.s_ifaces[I].reg_inst.genblkJ.temp_s_axi_rresp_reg[K]	axi_crossbar_inst.axi_crossbar_rd_inst.s_ifaces[I].reg_inst.genblkJ.temp_s_axi_rresp_reg[K]	axi_crossbar_inst.axi_crossbar_rd_inst.s_ifaces[0].reg_inst.genblk2.temp_s_axi_rresp_reg[0]$_DFFE_PP_/Q	axi_crossbar_inst.axi_crossbar_rd_inst.s_ifaces[0].reg_inst.genblk2.temp_s_axi_rresp_reg[0]$_DFFE_PP_/D
943	0.5431	axi_crossbar_inst.axi_crossbar_rd_inst.s_ifaces[I].reg_inst.genblkJ.temp_s_axi_rlast_reg	axi_crossbar_inst.axi_crossbar_rd_inst.s_ifaces[I].reg_inst.genblkJ.temp_s_axi_rlast_reg	axi_crossbar_inst.axi_crossbar_rd_inst.s_ifaces[1].reg_inst.genblk2.temp_s_axi_rlast_reg$_DFFE_PP_/Q	axi_crossbar_inst.axi_crossbar_rd_inst.s_ifaces[1].reg_inst.genblk2.temp_s_axi_rlast_reg$_DFFE_PP_/D
944	0.5456	axi_crossbar_inst.axi_crossbar_wr_inst.m_ifaces[I].reg_inst.genblkJ.m_axi_wdata_reg[K]	axi_crossbar_inst.axi_crossbar_wr_inst.m_ifaces[I].reg_inst.genblkJ.m_axi_wdata_reg[K]	axi_crossbar_inst.axi_crossbar_wr_inst.m_ifaces[0].reg_inst.genblk2.m_axi_wdata_reg[0]$_DFFE_PP_/Q	axi_crossbar_inst.axi_crossbar_wr_inst.m_ifaces[0].reg_inst.genblk2.m_axi_wdata_reg[0]$_DFFE_PP_/D
945	0.5456	axi_crossbar_inst.axi_crossbar_wr_inst.m_ifaces[I].reg_inst.genblkJ.m_axi_wstrb_reg[K]	axi_crossbar_inst.axi_crossbar_wr_inst.m_ifaces[I].reg_inst.genblkJ.m_axi_wstrb_reg[K]	axi_crossbar_inst.axi_crossbar_wr_inst.m_ifaces[0].reg_inst.genblk2.m_axi_wstrb_reg[3]$_DFFE_PP_/Q	axi_crossbar_inst.axi_crossbar_wr_inst.m_ifaces[0].reg_inst.genblk2.m_axi_wstrb_reg[3]$_DFFE_PP_/D
946	0.5456	axi_crossbar_inst.axi_crossbar_rd_inst.s_ifaces[I].reg_inst.genblkJ.s_axi_rid_reg[K]	axi_crossbar_inst.axi_crossbar_rd_inst.s_ifaces[I].reg_inst.genblkJ.s_axi_rid_reg[K]	axi_crossbar_inst.axi_crossbar_rd_inst.s_ifaces[0].reg_inst.genblk2.s_axi_rid_reg[0]$_DFFE_PP_/Q	axi_crossbar_inst.axi_crossbar_rd_inst.s_ifaces[0].reg_inst.genblk2.s_axi_rid_reg[0]$_DFFE_PP_/D
947	0.5456	axi_crossbar_inst.axi_crossbar_rd_inst.s_ifaces[I].reg_inst.genblkJ.s_axi_rlast_reg	axi_crossbar_inst.axi_crossbar_rd_inst.s_ifaces[I].reg_inst.genblkJ.s_axi_rlast_reg	axi_crossbar_inst.axi_crossbar_rd_inst.s_ifaces[0].reg_inst.genblk2.s_axi_rlast_reg$_DFFE_PP_/Q	axi_crossbar_inst.axi_crossbar_rd_inst.s_ifaces[0].reg_inst.genblk2.s_axi_rlast_reg$_DFFE_PP_/D
948	0.5456	axi_crossbar_inst.axi_crossbar_rd_inst.s_ifaces[I].reg_inst.genblkJ.s_axi_rresp_reg[K]	axi_crossbar_inst.axi_crossbar_rd_inst.s_ifaces[I].reg_inst.genblkJ.s_axi_rresp_reg[K]	axi_crossbar_inst.axi_crossbar_rd_inst.s_ifaces[0].reg_inst.genblk2.s_axi_rresp_reg[0]$_DFFE_PP_/Q	axi_crossbar_inst.axi_crossbar_rd_inst.s_ifaces[0].reg_inst.genblk2.s_axi_rresp_reg[0]$_DFFE_PP_/D
949	0.5485	axi_crossbar_inst.axi_crossbar_rd_inst.s_ifaces[I].reg_inst.genblkJ.s_axi_rdata_reg[K]	axi_crossbar_inst.axi_crossbar_rd_inst.s_ifaces[I].reg_inst.genblkJ.s_axi_rdata_reg[K]	axi_crossbar_inst.axi_crossbar_rd_inst.s_ifaces[0].reg_inst.genblk2.s_axi_rdata_reg[10]$_DFFE_PP_/Q	axi_crossbar_inst.axi_crossbar_rd_inst.s_ifaces[0].reg_inst.genblk2.s_axi_rdata_reg[10]$_DFFE_PP_/D
950	0.5535	axi_crossbar_inst.axi_crossbar_rd_inst.s_ifaces[I].reg_inst.genblkJ.temp_s_axi_rvalid_reg	axi_crossbar_inst.axi_crossbar_rd_inst.s_ifaces[I].reg_inst.genblkJ.m_axi_rready_reg	axi_crossbar_inst.axi_crossbar_rd_inst.s_ifaces[5].reg_inst.genblk2.temp_s_axi_rvalid_reg$_SDFFE_PP0P_/QN	axi_crossbar_inst.axi_crossbar_rd_inst.s_ifaces[5].reg_inst.genblk2.m_axi_rready_reg$_SDFF_PP0_/D
951	0.5550	axi_crossbar_inst.axi_crossbar_wr_inst.m_ifaces[I].reg_inst.genblkJ.temp_m_axi_wvalid_reg	axi_crossbar_inst.axi_crossbar_wr_inst.m_ifaces[I].reg_inst.genblkJ.s_axi_wready_reg	axi_crossbar_inst.axi_crossbar_wr_inst.m_ifaces[3].reg_inst.genblk2.temp_m_axi_wvalid_reg$_SDFFE_PP0P_/QN	axi_crossbar_inst.axi_crossbar_wr_inst.m_ifaces[3].reg_inst.genblk2.s_axi_wready_reg$_SDFF_PP0_/D
