# stage	1_synth
# top_module	axi_crossbar_wrap_8x8
# top_n	1000
# kind	blocks
# skip_async	1
# include_full	1
# rank	worst_slack_ns	start	end	start_full	end_full
1	-0.4800	mI_axi_rid[J]	axi_crossbar_inst.axi_crossbar_rd_inst.s_ifaces[I].addr_inst.thread_count_reg[J][K]	m03_axi_rid[7]	axi_crossbar_inst.axi_crossbar_rd_inst.s_ifaces[0].addr_inst.thread_count_reg[0][4]$_SDFFE_PP0P_/D
2	-0.4493	mI_axi_bid[J]	axi_crossbar_inst.axi_crossbar_wr_inst.s_ifaces[I].addr_inst.thread_count_reg[J][K]	m03_axi_bid[4]	axi_crossbar_inst.axi_crossbar_wr_inst.s_ifaces[6].addr_inst.thread_count_reg[0][4]$_SDFFE_PP0P_/D
3	-0.4357	mI_axi_rlast	axi_crossbar_inst.axi_crossbar_rd_inst.s_ifaces[I].addr_inst.thread_count_reg[J][K]	m05_axi_rlast	axi_crossbar_inst.axi_crossbar_rd_inst.s_ifaces[5].addr_inst.thread_count_reg[1][4]$_SDFFE_PP0P_/D
4	-0.4351	mI_axi_rvalid	axi_crossbar_inst.axi_crossbar_rd_inst.s_ifaces[I].addr_inst.thread_count_reg[J][K]	m02_axi_rvalid	axi_crossbar_inst.axi_crossbar_rd_inst.s_ifaces[6].addr_inst.thread_count_reg[0][4]$_SDFFE_PP0P_/D
5	-0.4199	sI_axi_awid[J]	axi_crossbar_inst.axi_crossbar_wr_inst.s_ifaces[I].addr_inst.thread_count_reg[J][K]	s06_axi_awid[0]	axi_crossbar_inst.axi_crossbar_wr_inst.s_ifaces[6].addr_inst.thread_count_reg[1][4]$_SDFFE_PP0P_/D
6	-0.4160	mI_axi_bvalid	axi_crossbar_inst.axi_crossbar_wr_inst.s_ifaces[I].addr_inst.thread_count_reg[J][K]	m07_axi_bvalid	axi_crossbar_inst.axi_crossbar_wr_inst.s_ifaces[1].addr_inst.thread_count_reg[1][4]$_SDFFE_PP0P_/D
7	-0.3925	mI_axi_rvalid	axi_crossbar_inst.axi_crossbar_rd_inst.s_ifaces[I].addr_inst.trans_count_reg[J]	m02_axi_rvalid	axi_crossbar_inst.axi_crossbar_rd_inst.s_ifaces[6].addr_inst.trans_count_reg[4]$_SDFFE_PP0P_/D
8	-0.3884	mI_axi_rlast	axi_crossbar_inst.axi_crossbar_rd_inst.s_ifaces[I].addr_inst.trans_count_reg[J]	m03_axi_rlast	axi_crossbar_inst.axi_crossbar_rd_inst.s_ifaces[6].addr_inst.trans_count_reg[4]$_SDFFE_PP0P_/D
9	-0.3859	sI_axi_arid[J]	axi_crossbar_inst.axi_crossbar_rd_inst.s_ifaces[I].addr_inst.thread_count_reg[J][K]	s07_axi_arid[6]	axi_crossbar_inst.axi_crossbar_rd_inst.s_ifaces[7].addr_inst.thread_count_reg[1][4]$_SDFFE_PP0P_/D
10	-0.3486	mI_axi_bvalid	axi_crossbar_inst.axi_crossbar_wr_inst.s_ifaces[I].addr_inst.trans_count_reg[J]	m07_axi_bvalid	axi_crossbar_inst.axi_crossbar_wr_inst.s_ifaces[5].addr_inst.trans_count_reg[4]$_SDFFE_PP0P_/D
11	-0.3451	axi_crossbar_inst.axi_crossbar_rd_inst.s_ifaces[I].r_arb_inst.grant_encoded_reg[J]	axi_crossbar_inst.axi_crossbar_rd_inst.s_ifaces[I].addr_inst.thread_count_reg[J][K]	axi_crossbar_inst.axi_crossbar_rd_inst.s_ifaces[2].r_arb_inst.grant_encoded_reg[1]$_SDFFE_PP0P_/Q	axi_crossbar_inst.axi_crossbar_rd_inst.s_ifaces[2].addr_inst.thread_count_reg[0][4]$_SDFFE_PP0P_/D
12	-0.3414	sI_axi_awid[J]	axi_crossbar_inst.axi_crossbar_wr_inst.s_ifaces[I].addr_inst.trans_count_reg[J]	s06_axi_awid[0]	axi_crossbar_inst.axi_crossbar_wr_inst.s_ifaces[6].addr_inst.trans_count_reg[4]$_SDFFE_PP0P_/D
13	-0.3399	axi_crossbar_inst.axi_crossbar_wr_inst.s_ifaces[I].b_arb_inst.grant_encoded_reg[J]	axi_crossbar_inst.axi_crossbar_wr_inst.s_ifaces[I].addr_inst.thread_count_reg[J][K]	axi_crossbar_inst.axi_crossbar_wr_inst.s_ifaces[7].b_arb_inst.grant_encoded_reg[1]$_SDFFE_PP0P_/Q	axi_crossbar_inst.axi_crossbar_wr_inst.s_ifaces[7].addr_inst.thread_count_reg[0][4]$_SDFFE_PP0P_/D
14	-0.3332	sI_axi_arid[J]	axi_crossbar_inst.axi_crossbar_rd_inst.s_ifaces[I].addr_inst.trans_count_reg[J]	s07_axi_arid[6]	axi_crossbar_inst.axi_crossbar_rd_inst.s_ifaces[7].addr_inst.trans_count_reg[4]$_SDFFE_PP0P_/D
15	-0.2977	mI_axi_bid[J]	axi_crossbar_inst.axi_crossbar_wr_inst.m_ifaces[I].a_arb_inst.mask_reg[J]	m04_axi_bid[8]	axi_crossbar_inst.axi_crossbar_wr_inst.m_ifaces[4].a_arb_inst.mask_reg[0]$_SDFFE_PP0P_/D
16	-0.2960	mI_axi_rvalid	axi_crossbar_inst.axi_crossbar_rd_inst.s_ifaces[I].r_arb_inst.mask_reg[J]	m05_axi_rvalid	axi_crossbar_inst.axi_crossbar_rd_inst.s_ifaces[1].r_arb_inst.mask_reg[0]$_SDFFE_PP0P_/D
17	-0.2930	mI_axi_rid[J]	axi_crossbar_inst.axi_crossbar_rd_inst.s_ifaces[I].r_arb_inst.mask_reg[J]	m07_axi_rid[8]	axi_crossbar_inst.axi_crossbar_rd_inst.s_ifaces[7].r_arb_inst.mask_reg[1]$_SDFFE_PP0P_/D
18	-0.2892	mI_axi_bid[J]	axi_crossbar_inst.axi_crossbar_wr_inst.s_ifaces[I].b_arb_inst.mask_reg[J]	m02_axi_bid[9]	axi_crossbar_inst.axi_crossbar_wr_inst.s_ifaces[2].b_arb_inst.mask_reg[8]$_SDFFE_PP0P_/D
19	-0.2875	mI_axi_bvalid	axi_crossbar_inst.axi_crossbar_wr_inst.s_ifaces[I].b_arb_inst.mask_reg[J]	m00_axi_bvalid	axi_crossbar_inst.axi_crossbar_wr_inst.s_ifaces[2].b_arb_inst.mask_reg[8]$_SDFFE_PP0P_/D
20	-0.2748	sI_axi_wlast	axi_crossbar_inst.axi_crossbar_wr_inst.m_ifaces[I].a_arb_inst.mask_reg[J]	s03_axi_wlast	axi_crossbar_inst.axi_crossbar_wr_inst.m_ifaces[5].a_arb_inst.mask_reg[0]$_SDFFE_PP0P_/D
21	-0.2694	mI_axi_rid[J]	axi_crossbar_inst.axi_crossbar_rd_inst.m_ifaces[I].a_arb_inst.mask_reg[J]	m07_axi_rid[8]	axi_crossbar_inst.axi_crossbar_rd_inst.m_ifaces[7].a_arb_inst.mask_reg[0]$_SDFFE_PP0P_/D
22	-0.2406	axi_crossbar_inst.axi_crossbar_wr_inst.s_ifaces[I].addr_inst.thread_count_reg[J][K]	axi_crossbar_inst.axi_crossbar_wr_inst.s_ifaces[I].addr_inst.thread_count_reg[J][K]	axi_crossbar_inst.axi_crossbar_wr_inst.s_ifaces[6].addr_inst.thread_count_reg[0][2]$_SDFFE_PP0P_/Q	axi_crossbar_inst.axi_crossbar_wr_inst.s_ifaces[6].addr_inst.thread_count_reg[1][4]$_SDFFE_PP0P_/D
23	-0.2304	sI_axi_wvalid	axi_crossbar_inst.axi_crossbar_wr_inst.m_ifaces[I].a_arb_inst.mask_reg[J]	s07_axi_wvalid	axi_crossbar_inst.axi_crossbar_wr_inst.m_ifaces[5].a_arb_inst.mask_reg[0]$_SDFFE_PP0P_/D
24	-0.2252	axi_crossbar_inst.axi_crossbar_rd_inst.s_ifaces[I].r_arb_inst.grant_encoded_reg[J]	axi_crossbar_inst.axi_crossbar_rd_inst.s_ifaces[I].addr_inst.trans_count_reg[J]	axi_crossbar_inst.axi_crossbar_rd_inst.s_ifaces[6].r_arb_inst.grant_encoded_reg[1]$_SDFFE_PP0P_/Q	axi_crossbar_inst.axi_crossbar_rd_inst.s_ifaces[6].addr_inst.trans_count_reg[4]$_SDFFE_PP0P_/D
25	-0.2113	axi_crossbar_inst.axi_crossbar_rd_inst.s_ifaces[I].addr_inst.thread_count_reg[J][K]	axi_crossbar_inst.axi_crossbar_rd_inst.s_ifaces[I].addr_inst.thread_count_reg[J][K]	axi_crossbar_inst.axi_crossbar_rd_inst.s_ifaces[7].addr_inst.thread_count_reg[0][2]$_SDFFE_PP0P_/Q	axi_crossbar_inst.axi_crossbar_rd_inst.s_ifaces[7].addr_inst.thread_count_reg[1][4]$_SDFFE_PP0P_/D
26	-0.2080	axi_crossbar_inst.axi_crossbar_wr_inst.s_ifaces[I].addr_inst.m_select_reg[J]	axi_crossbar_inst.axi_crossbar_wr_inst.s_ifaces[I].addr_inst.thread_count_reg[J][K]	axi_crossbar_inst.axi_crossbar_wr_inst.s_ifaces[7].addr_inst.m_select_reg[2]$_DFF_P_/Q	axi_crossbar_inst.axi_crossbar_wr_inst.s_ifaces[7].addr_inst.thread_count_reg[1][4]$_SDFFE_PP0P_/D
27	-0.2068	mI_axi_rvalid	axi_crossbar_inst.axi_crossbar_rd_inst.m_ifaces[I].a_arb_inst.mask_reg[J]	m07_axi_rvalid	axi_crossbar_inst.axi_crossbar_rd_inst.m_ifaces[7].a_arb_inst.mask_reg[0]$_SDFFE_PP0P_/D
28	-0.2048	axi_crossbar_inst.axi_crossbar_wr_inst.s_ifaces[I].addr_inst.thread_id_reg[J][K]	axi_crossbar_inst.axi_crossbar_wr_inst.s_ifaces[I].addr_inst.thread_count_reg[J][K]	axi_crossbar_inst.axi_crossbar_wr_inst.s_ifaces[6].addr_inst.thread_id_reg[0][0]$_DFFE_PP_/Q	axi_crossbar_inst.axi_crossbar_wr_inst.s_ifaces[6].addr_inst.thread_count_reg[1][4]$_SDFFE_PP0P_/D
29	-0.1921	mI_axi_rid[J]	axi_crossbar_inst.axi_crossbar_rd_inst.m_ifaces[I].trans_count_reg[J]	m07_axi_rid[8]	axi_crossbar_inst.axi_crossbar_rd_inst.m_ifaces[7].trans_count_reg[2]$_SDFFE_PP0P_/D
30	-0.1708	axi_crossbar_inst.axi_crossbar_rd_inst.s_ifaces[I].addr_inst.thread_id_reg[J][K]	axi_crossbar_inst.axi_crossbar_rd_inst.s_ifaces[I].addr_inst.thread_count_reg[J][K]	axi_crossbar_inst.axi_crossbar_rd_inst.s_ifaces[7].addr_inst.thread_id_reg[1][6]$_DFFE_PP_/Q	axi_crossbar_inst.axi_crossbar_rd_inst.s_ifaces[7].addr_inst.thread_count_reg[1][4]$_SDFFE_PP0P_/D
31	-0.1632	sI_axi_awid[J]	axi_crossbar_inst.axi_crossbar_wr_inst.s_ifaces[I].addr_inst.thread_id_reg[J][K]	s00_axi_awid[3]	axi_crossbar_inst.axi_crossbar_wr_inst.s_ifaces[0].addr_inst.thread_id_reg[1][0]$_DFFE_PP_/D
32	-0.1632	sI_axi_awid[J]	axi_crossbar_inst.axi_crossbar_wr_inst.s_ifaces[I].addr_inst.thread_m_reg[J][K]	s00_axi_awid[3]	axi_crossbar_inst.axi_crossbar_wr_inst.s_ifaces[0].addr_inst.thread_m_reg[1][0]$_DFFE_PP_/D
33	-0.1626	mI_axi_bid[J]	axi_crossbar_inst.axi_crossbar_wr_inst.m_ifaces[I].a_arb_inst.grant_reg[J]	m02_axi_bid[8]	axi_crossbar_inst.axi_crossbar_wr_inst.m_ifaces[2].a_arb_inst.grant_reg[0]$_SDFFE_PP0P_/D
34	-0.1621	axi_crossbar_inst.axi_crossbar_wr_inst.s_ifaces[I].addr_inst.thread_count_reg[J][K]	axi_crossbar_inst.axi_crossbar_wr_inst.s_ifaces[I].addr_inst.trans_count_reg[J]	axi_crossbar_inst.axi_crossbar_wr_inst.s_ifaces[6].addr_inst.thread_count_reg[0][2]$_SDFFE_PP0P_/Q	axi_crossbar_inst.axi_crossbar_wr_inst.s_ifaces[6].addr_inst.trans_count_reg[4]$_SDFFE_PP0P_/D
35	-0.1618	axi_crossbar_inst.axi_crossbar_wr_inst.s_ifaces[I].b_arb_inst.grant_encoded_reg[J]	axi_crossbar_inst.axi_crossbar_wr_inst.s_ifaces[I].addr_inst.trans_count_reg[J]	axi_crossbar_inst.axi_crossbar_wr_inst.s_ifaces[6].b_arb_inst.grant_encoded_reg[1]$_SDFFE_PP0P_/Q	axi_crossbar_inst.axi_crossbar_wr_inst.s_ifaces[6].addr_inst.trans_count_reg[4]$_SDFFE_PP0P_/D
36	-0.1618	mI_axi_rlast	axi_crossbar_inst.axi_crossbar_rd_inst.s_ifaces[I].addr_inst.thread_id_reg[J][K]	m05_axi_rlast	axi_crossbar_inst.axi_crossbar_rd_inst.s_ifaces[5].addr_inst.thread_id_reg[1][0]$_DFFE_PP_/D
37	-0.1618	mI_axi_rlast	axi_crossbar_inst.axi_crossbar_rd_inst.s_ifaces[I].addr_inst.thread_m_reg[J][K]	m05_axi_rlast	axi_crossbar_inst.axi_crossbar_rd_inst.s_ifaces[5].addr_inst.thread_m_reg[1][0]$_DFFE_PP_/D
38	-0.1606	mI_axi_rvalid	axi_crossbar_inst.axi_crossbar_rd_inst.s_ifaces[I].addr_inst.thread_id_reg[J][K]	m05_axi_rvalid	axi_crossbar_inst.axi_crossbar_rd_inst.s_ifaces[5].addr_inst.thread_id_reg[1][0]$_DFFE_PP_/D
39	-0.1606	mI_axi_rvalid	axi_crossbar_inst.axi_crossbar_rd_inst.s_ifaces[I].addr_inst.thread_m_reg[J][K]	m05_axi_rvalid	axi_crossbar_inst.axi_crossbar_rd_inst.s_ifaces[5].addr_inst.thread_m_reg[1][0]$_DFFE_PP_/D
40	-0.1597	mI_axi_bid[J]	axi_crossbar_inst.axi_crossbar_wr_inst.m_ifaces[I].trans_count_reg[J]	m00_axi_bid[10]	axi_crossbar_inst.axi_crossbar_wr_inst.m_ifaces[0].trans_count_reg[2]$_SDFFE_PP0P_/D
41	-0.1539	axi_crossbar_inst.axi_crossbar_wr_inst.s_ifaces[I].decerr_m_axi_bid_reg[J]	axi_crossbar_inst.axi_crossbar_wr_inst.s_ifaces[I].addr_inst.thread_count_reg[J][K]	axi_crossbar_inst.axi_crossbar_wr_inst.s_ifaces[2].decerr_m_axi_bid_reg[3]$_DFFE_PP_/Q	axi_crossbar_inst.axi_crossbar_wr_inst.s_ifaces[2].addr_inst.thread_count_reg[0][4]$_SDFFE_PP0P_/D
42	-0.1514	axi_crossbar_inst.axi_crossbar_rd_inst.s_ifaces[I].addr_inst.m_select_reg[J]	axi_crossbar_inst.axi_crossbar_rd_inst.s_ifaces[I].addr_inst.thread_count_reg[J][K]	axi_crossbar_inst.axi_crossbar_rd_inst.s_ifaces[2].addr_inst.m_select_reg[2]$_DFF_P_/Q	axi_crossbar_inst.axi_crossbar_rd_inst.s_ifaces[2].addr_inst.thread_count_reg[1][4]$_SDFFE_PP0P_/D
43	-0.1511	mI_axi_rvalid	axi_crossbar_inst.axi_crossbar_rd_inst.s_ifaces[I].r_arb_inst.grant_reg[J]	m04_axi_rvalid	axi_crossbar_inst.axi_crossbar_rd_inst.s_ifaces[6].r_arb_inst.grant_reg[6]$_SDFFE_PP0P_/D
44	-0.1492	mI_axi_rid[J]	axi_crossbar_inst.axi_crossbar_rd_inst.s_ifaces[I].r_arb_inst.grant_reg[J]	m07_axi_rid[9]	axi_crossbar_inst.axi_crossbar_rd_inst.s_ifaces[6].r_arb_inst.grant_reg[6]$_SDFFE_PP0P_/D
45	-0.1416	mI_axi_bid[J]	mI_axi_bready	m06_axi_bid[8]	m06_axi_bready
46	-0.1393	axi_crossbar_inst.axi_crossbar_rd_inst.s_ifaces[I].addr_inst.thread_count_reg[J][K]	axi_crossbar_inst.axi_crossbar_rd_inst.s_ifaces[I].addr_inst.trans_count_reg[J]	axi_crossbar_inst.axi_crossbar_rd_inst.s_ifaces[7].addr_inst.thread_count_reg[0][2]$_SDFFE_PP0P_/Q	axi_crossbar_inst.axi_crossbar_rd_inst.s_ifaces[7].addr_inst.trans_count_reg[4]$_SDFFE_PP0P_/D
47	-0.1385	mI_axi_bvalid	axi_crossbar_inst.axi_crossbar_wr_inst.s_ifaces[I].addr_inst.thread_id_reg[J][K]	m07_axi_bvalid	axi_crossbar_inst.axi_crossbar_wr_inst.s_ifaces[1].addr_inst.thread_id_reg[1][0]$_DFFE_PP_/D
48	-0.1385	mI_axi_bvalid	axi_crossbar_inst.axi_crossbar_wr_inst.s_ifaces[I].addr_inst.thread_m_reg[J][K]	m07_axi_bvalid	axi_crossbar_inst.axi_crossbar_wr_inst.s_ifaces[1].addr_inst.thread_m_reg[1][0]$_DFFE_PP_/D
49	-0.1381	mI_axi_bid[J]	axi_crossbar_inst.axi_crossbar_wr_inst.s_ifaces[I].b_arb_inst.grant_reg[J]	m07_axi_bid[10]	axi_crossbar_inst.axi_crossbar_wr_inst.s_ifaces[1].b_arb_inst.grant_reg[4]$_SDFFE_PP0P_/D
50	-0.1346	mI_axi_bvalid	axi_crossbar_inst.axi_crossbar_wr_inst.s_ifaces[I].b_arb_inst.grant_reg[J]	m01_axi_bvalid	axi_crossbar_inst.axi_crossbar_wr_inst.s_ifaces[1].b_arb_inst.grant_reg[4]$_SDFFE_PP0P_/D
51	-0.1298	axi_crossbar_inst.axi_crossbar_wr_inst.s_ifaces[I].b_arb_inst.grant_encoded_reg[J]	axi_crossbar_inst.axi_crossbar_wr_inst.m_ifaces[I].a_arb_inst.mask_reg[J]	axi_crossbar_inst.axi_crossbar_wr_inst.s_ifaces[6].b_arb_inst.grant_encoded_reg[1]$_SDFFE_PP0P_/Q	axi_crossbar_inst.axi_crossbar_wr_inst.m_ifaces[4].a_arb_inst.mask_reg[0]$_SDFFE_PP0P_/D
52	-0.1296	mI_axi_rvalid	axi_crossbar_inst.axi_crossbar_rd_inst.m_ifaces[I].trans_count_reg[J]	m07_axi_rvalid	axi_crossbar_inst.axi_crossbar_rd_inst.m_ifaces[7].trans_count_reg[2]$_SDFFE_PP0P_/D
53	-0.1295	sI_axi_wlast	axi_crossbar_inst.axi_crossbar_wr_inst.m_ifaces[I].a_arb_inst.grant_reg[J]	s03_axi_wlast	axi_crossbar_inst.axi_crossbar_wr_inst.m_ifaces[1].a_arb_inst.grant_reg[0]$_SDFFE_PP0P_/D
54	-0.1292	mI_axi_bvalid	axi_crossbar_inst.axi_crossbar_wr_inst.m_ifaces[I].a_arb_inst.mask_reg[J]	m04_axi_bvalid	axi_crossbar_inst.axi_crossbar_wr_inst.m_ifaces[4].a_arb_inst.mask_reg[0]$_SDFFE_PP0P_/D
55	-0.1263	axi_crossbar_inst.axi_crossbar_wr_inst.s_ifaces[I].addr_inst.thread_id_reg[J][K]	axi_crossbar_inst.axi_crossbar_wr_inst.s_ifaces[I].addr_inst.trans_count_reg[J]	axi_crossbar_inst.axi_crossbar_wr_inst.s_ifaces[6].addr_inst.thread_id_reg[0][0]$_DFFE_PP_/Q	axi_crossbar_inst.axi_crossbar_wr_inst.s_ifaces[6].addr_inst.trans_count_reg[4]$_SDFFE_PP0P_/D
56	-0.1257	mI_axi_rlast	axi_crossbar_inst.axi_crossbar_rd_inst.m_ifaces[I].a_arb_inst.mask_reg[J]	m01_axi_rlast	axi_crossbar_inst.axi_crossbar_rd_inst.m_ifaces[1].a_arb_inst.mask_reg[0]$_SDFFE_PP0P_/D
57	-0.1252	axi_crossbar_inst.axi_crossbar_wr_inst.s_ifaces[I].decerr_m_axi_bvalid_reg	axi_crossbar_inst.axi_crossbar_wr_inst.s_ifaces[I].addr_inst.thread_count_reg[J][K]	axi_crossbar_inst.axi_crossbar_wr_inst.s_ifaces[6].decerr_m_axi_bvalid_reg$_SDFF_PP0_/Q	axi_crossbar_inst.axi_crossbar_wr_inst.s_ifaces[6].addr_inst.thread_count_reg[1][4]$_SDFFE_PP0P_/D
58	-0.1242	mI_axi_rlast	axi_crossbar_inst.axi_crossbar_rd_inst.s_ifaces[I].r_arb_inst.grant_reg[J]	m03_axi_rlast	axi_crossbar_inst.axi_crossbar_rd_inst.s_ifaces[1].r_arb_inst.grant_reg[6]$_SDFFE_PP0P_/D
59	-0.1227	axi_crossbar_inst.axi_crossbar_rd_inst.s_ifaces[I].decerr_m_axi_rvalid_reg	axi_crossbar_inst.axi_crossbar_rd_inst.s_ifaces[I].addr_inst.thread_count_reg[J][K]	axi_crossbar_inst.axi_crossbar_rd_inst.s_ifaces[1].decerr_m_axi_rvalid_reg$_SDFF_PP0_/Q	axi_crossbar_inst.axi_crossbar_rd_inst.s_ifaces[1].addr_inst.thread_count_reg[1][4]$_SDFFE_PP0P_/D
60	-0.1222	mI_axi_rlast	axi_crossbar_inst.axi_crossbar_rd_inst.s_ifaces[I].r_arb_inst.grant_encoded_reg[J]	m03_axi_rlast	axi_crossbar_inst.axi_crossbar_rd_inst.s_ifaces[1].r_arb_inst.grant_encoded_reg[3]$_SDFFE_PP0P_/D
61	-0.1218	mI_axi_bid[J]	axi_crossbar_inst.axi_crossbar_wr_inst.s_ifaces[I].b_arb_inst.grant_encoded_reg[J]	m04_axi_bid[9]	axi_crossbar_inst.axi_crossbar_wr_inst.s_ifaces[1].b_arb_inst.grant_encoded_reg[2]$_SDFFE_PP0P_/D
62	-0.1218	axi_crossbar_inst.axi_crossbar_wr_inst.s_ifaces[I].addr_inst.thread_m_reg[J][K]	axi_crossbar_inst.axi_crossbar_wr_inst.s_ifaces[I].addr_inst.thread_count_reg[J][K]	axi_crossbar_inst.axi_crossbar_wr_inst.s_ifaces[7].addr_inst.thread_m_reg[0][0]$_DFFE_PP_/Q	axi_crossbar_inst.axi_crossbar_wr_inst.s_ifaces[7].addr_inst.thread_count_reg[1][4]$_SDFFE_PP0P_/D
63	-0.1193	mI_axi_rlast	axi_crossbar_inst.axi_crossbar_rd_inst.s_ifaces[I].r_arb_inst.mask_reg[J]	m03_axi_rlast	axi_crossbar_inst.axi_crossbar_rd_inst.s_ifaces[1].r_arb_inst.mask_reg[0]$_SDFFE_PP0P_/D
64	-0.1187	axi_crossbar_inst.axi_crossbar_rd_inst.s_ifaces[I].addr_inst.m_axi_avalid_reg	axi_crossbar_inst.axi_crossbar_rd_inst.m_ifaces[I].a_arb_inst.mask_reg[J]	axi_crossbar_inst.axi_crossbar_rd_inst.s_ifaces[6].addr_inst.m_axi_avalid_reg$_SDFF_PP0_/Q	axi_crossbar_inst.axi_crossbar_rd_inst.m_ifaces[1].a_arb_inst.mask_reg[0]$_SDFFE_PP0P_/D
65	-0.1182	axi_crossbar_inst.axi_crossbar_wr_inst.s_ifaces[I].addr_inst.m_axi_avalid_reg	axi_crossbar_inst.axi_crossbar_wr_inst.m_ifaces[I].a_arb_inst.mask_reg[J]	axi_crossbar_inst.axi_crossbar_wr_inst.s_ifaces[0].addr_inst.m_axi_avalid_reg$_SDFF_PP0_/Q	axi_crossbar_inst.axi_crossbar_wr_inst.m_ifaces[4].a_arb_inst.mask_reg[0]$_SDFFE_PP0P_/D
66	-0.1181	axi_crossbar_inst.axi_crossbar_rd_inst.s_ifaces[I].addr_inst.thread_id_reg[J][K]	axi_crossbar_inst.axi_crossbar_rd_inst.s_ifaces[I].addr_inst.trans_count_reg[J]	axi_crossbar_inst.axi_crossbar_rd_inst.s_ifaces[7].addr_inst.thread_id_reg[1][6]$_DFFE_PP_/Q	axi_crossbar_inst.axi_crossbar_rd_inst.s_ifaces[7].addr_inst.trans_count_reg[4]$_SDFFE_PP0P_/D
67	-0.1175	axi_crossbar_inst.axi_crossbar_wr_inst.s_ifaces[I].addr_inst.m_select_reg[J]	axi_crossbar_inst.axi_crossbar_wr_inst.m_ifaces[I].a_arb_inst.mask_reg[J]	axi_crossbar_inst.axi_crossbar_wr_inst.s_ifaces[0].addr_inst.m_select_reg[0]$_DFF_P_/Q	axi_crossbar_inst.axi_crossbar_wr_inst.m_ifaces[4].a_arb_inst.mask_reg[0]$_SDFFE_PP0P_/D
68	-0.1175	axi_crossbar_inst.axi_crossbar_rd_inst.s_ifaces[I].addr_inst.m_select_reg[J]	axi_crossbar_inst.axi_crossbar_rd_inst.m_ifaces[I].a_arb_inst.mask_reg[J]	axi_crossbar_inst.axi_crossbar_rd_inst.s_ifaces[5].addr_inst.m_select_reg[1]$_DFF_P_/Q	axi_crossbar_inst.axi_crossbar_rd_inst.m_ifaces[1].a_arb_inst.mask_reg[0]$_SDFFE_PP0P_/D
69	-0.1158	mI_axi_rvalid	axi_crossbar_inst.axi_crossbar_rd_inst.s_ifaces[I].r_arb_inst.grant_encoded_reg[J]	m05_axi_rvalid	axi_crossbar_inst.axi_crossbar_rd_inst.s_ifaces[1].r_arb_inst.grant_encoded_reg[1]$_SDFFE_PP0P_/D
70	-0.1138	mI_axi_rid[J]	axi_crossbar_inst.axi_crossbar_rd_inst.s_ifaces[I].r_arb_inst.grant_encoded_reg[J]	m07_axi_rid[9]	axi_crossbar_inst.axi_crossbar_rd_inst.s_ifaces[6].r_arb_inst.grant_encoded_reg[0]$_SDFFE_PP0P_/D
71	-0.1137	mI_axi_rid[J]	mI_axi_rready	m05_axi_rid[9]	m05_axi_rready
72	-0.1134	sI_axi_wlast	axi_crossbar_inst.axi_crossbar_wr_inst.m_ifaces[I].a_arb_inst.grant_encoded_reg[J]	s03_axi_wlast	axi_crossbar_inst.axi_crossbar_wr_inst.m_ifaces[5].a_arb_inst.grant_encoded_reg[0]$_SDFFE_PP0P_/D
73	-0.1132	mI_axi_bid[J]	axi_crossbar_inst.axi_crossbar_wr_inst.m_ifaces[I].a_arb_inst.grant_encoded_reg[J]	m06_axi_bid[8]	axi_crossbar_inst.axi_crossbar_wr_inst.m_ifaces[6].a_arb_inst.grant_encoded_reg[1]$_SDFFE_PP0P_/D
74	-0.1129	mI_axi_rid[J]	axi_crossbar_inst.axi_crossbar_rd_inst.m_ifaces[I].a_arb_inst.grant_reg[J]	m05_axi_rid[9]	axi_crossbar_inst.axi_crossbar_rd_inst.m_ifaces[5].a_arb_inst.grant_reg[7]$_SDFFE_PP0P_/D
75	-0.1126	mI_axi_rlast	axi_crossbar_inst.axi_crossbar_rd_inst.s_ifaces[I].r_arb_inst.grant_valid_reg	m03_axi_rlast	axi_crossbar_inst.axi_crossbar_rd_inst.s_ifaces[1].r_arb_inst.grant_valid_reg$_SDFFE_PP0P_/D
76	-0.1090	axi_crossbar_inst.axi_crossbar_rd_inst.s_ifaces[I].reg_inst.genblkJ.m_axi_rready_reg	axi_crossbar_inst.axi_crossbar_rd_inst.m_ifaces[I].a_arb_inst.mask_reg[J]	axi_crossbar_inst.axi_crossbar_rd_inst.s_ifaces[6].reg_inst.genblk2.m_axi_rready_reg$_SDFF_PP0_/Q	axi_crossbar_inst.axi_crossbar_rd_inst.m_ifaces[1].a_arb_inst.mask_reg[0]$_SDFFE_PP0P_/D
77	-0.1086	sI_axi_arid[J]	axi_crossbar_inst.axi_crossbar_rd_inst.s_ifaces[I].addr_inst.thread_id_reg[J][K]	s00_axi_arid[5]	axi_crossbar_inst.axi_crossbar_rd_inst.s_ifaces[0].addr_inst.thread_id_reg[0][0]$_DFFE_PP_/D
78	-0.1086	sI_axi_arid[J]	axi_crossbar_inst.axi_crossbar_rd_inst.s_ifaces[I].addr_inst.thread_m_reg[J][K]	s00_axi_arid[5]	axi_crossbar_inst.axi_crossbar_rd_inst.s_ifaces[0].addr_inst.thread_m_reg[0][0]$_DFFE_PP_/D
79	-0.1085	axi_crossbar_inst.axi_crossbar_wr_inst.s_ifaces[I].reg_inst.genblkJ.genblkK.m_axi_bready_reg	axi_crossbar_inst.axi_crossbar_wr_inst.m_ifaces[I].a_arb_inst.mask_reg[J]	axi_crossbar_inst.axi_crossbar_wr_inst.s_ifaces[0].reg_inst.genblk3.genblk1.m_axi_bready_reg$_SDFF_PP0_/Q	axi_crossbar_inst.axi_crossbar_wr_inst.m_ifaces[4].a_arb_inst.mask_reg[0]$_SDFFE_PP0P_/D
80	-0.1081	axi_crossbar_inst.axi_crossbar_wr_inst.s_ifaces[I].addr_inst.m_select_reg[J]	axi_crossbar_inst.axi_crossbar_wr_inst.s_ifaces[I].addr_inst.trans_count_reg[J]	axi_crossbar_inst.axi_crossbar_wr_inst.s_ifaces[7].addr_inst.m_select_reg[2]$_DFF_P_/Q	axi_crossbar_inst.axi_crossbar_wr_inst.s_ifaces[7].addr_inst.trans_count_reg[4]$_SDFFE_PP0P_/D
81	-0.1073	mI_axi_bvalid	axi_crossbar_inst.axi_crossbar_wr_inst.s_ifaces[I].b_arb_inst.grant_encoded_reg[J]	m01_axi_bvalid	axi_crossbar_inst.axi_crossbar_wr_inst.s_ifaces[1].b_arb_inst.grant_encoded_reg[2]$_SDFFE_PP0P_/D
82	-0.1041	mI_axi_rid[J]	axi_crossbar_inst.axi_crossbar_rd_inst.m_ifaces[I].a_arb_inst.grant_encoded_reg[J]	m05_axi_rid[9]	axi_crossbar_inst.axi_crossbar_rd_inst.m_ifaces[5].a_arb_inst.grant_encoded_reg[0]$_SDFFE_PP0P_/D
83	-0.1029	sI_axi_wvalid	axi_crossbar_inst.axi_crossbar_wr_inst.m_ifaces[I].a_arb_inst.grant_reg[J]	s05_axi_wvalid	axi_crossbar_inst.axi_crossbar_wr_inst.m_ifaces[1].a_arb_inst.grant_reg[0]$_SDFFE_PP0P_/D
84	-0.1019	axi_crossbar_inst.axi_crossbar_rd_inst.s_ifaces[I].r_arb_inst.grant_valid_reg	axi_crossbar_inst.axi_crossbar_rd_inst.m_ifaces[I].a_arb_inst.mask_reg[J]	axi_crossbar_inst.axi_crossbar_rd_inst.s_ifaces[6].r_arb_inst.grant_valid_reg$_SDFFE_PP0P_/Q	axi_crossbar_inst.axi_crossbar_rd_inst.m_ifaces[1].a_arb_inst.mask_reg[0]$_SDFFE_PP0P_/D
85	-0.0953	axi_crossbar_inst.axi_crossbar_rd_inst.s_ifaces[I].r_arb_inst.grant_encoded_reg[J]	axi_crossbar_inst.axi_crossbar_rd_inst.m_ifaces[I].a_arb_inst.mask_reg[J]	axi_crossbar_inst.axi_crossbar_rd_inst.s_ifaces[6].r_arb_inst.grant_encoded_reg[3]$_SDFFE_PP0P_/Q	axi_crossbar_inst.axi_crossbar_rd_inst.m_ifaces[1].a_arb_inst.mask_reg[0]$_SDFFE_PP0P_/D
86	-0.0952	axi_crossbar_inst.axi_crossbar_rd_inst.s_ifaces[I].reg_inst.genblkJ.m_axi_rready_reg	axi_crossbar_inst.axi_crossbar_rd_inst.s_ifaces[I].addr_inst.thread_count_reg[J][K]	axi_crossbar_inst.axi_crossbar_rd_inst.s_ifaces[1].reg_inst.genblk2.m_axi_rready_reg$_SDFF_PP0_/Q	axi_crossbar_inst.axi_crossbar_rd_inst.s_ifaces[1].addr_inst.thread_count_reg[1][4]$_SDFFE_PP0P_/D
87	-0.0939	axi_crossbar_inst.axi_crossbar_wr_inst.s_ifaces[I].b_arb_inst.grant_valid_reg	axi_crossbar_inst.axi_crossbar_wr_inst.m_ifaces[I].a_arb_inst.mask_reg[J]	axi_crossbar_inst.axi_crossbar_wr_inst.s_ifaces[7].b_arb_inst.grant_valid_reg$_SDFFE_PP0P_/Q	axi_crossbar_inst.axi_crossbar_wr_inst.m_ifaces[4].a_arb_inst.mask_reg[0]$_SDFFE_PP0P_/D
88	-0.0896	axi_crossbar_inst.axi_crossbar_wr_inst.m_ifaces[I].w_select_reg[J]	axi_crossbar_inst.axi_crossbar_wr_inst.m_ifaces[I].a_arb_inst.mask_reg[J]	axi_crossbar_inst.axi_crossbar_wr_inst.m_ifaces[5].w_select_reg[1]$_DFFE_PP_/Q	axi_crossbar_inst.axi_crossbar_wr_inst.m_ifaces[5].a_arb_inst.mask_reg[0]$_SDFFE_PP0P_/D
89	-0.0894	axi_crossbar_inst.axi_crossbar_rd_inst.s_ifaces[I].addr_inst.thread_m_reg[J][K]	axi_crossbar_inst.axi_crossbar_rd_inst.s_ifaces[I].addr_inst.thread_count_reg[J][K]	axi_crossbar_inst.axi_crossbar_rd_inst.s_ifaces[7].addr_inst.thread_m_reg[0][2]$_DFFE_PP_/Q	axi_crossbar_inst.axi_crossbar_rd_inst.s_ifaces[7].addr_inst.thread_count_reg[1][4]$_SDFFE_PP0P_/D
90	-0.0871	axi_crossbar_inst.axi_crossbar_rd_inst.s_ifaces[I].r_arb_inst.grant_valid_reg	axi_crossbar_inst.axi_crossbar_rd_inst.s_ifaces[I].addr_inst.thread_count_reg[J][K]	axi_crossbar_inst.axi_crossbar_rd_inst.s_ifaces[1].r_arb_inst.grant_valid_reg$_SDFFE_PP0P_/Q	axi_crossbar_inst.axi_crossbar_rd_inst.s_ifaces[1].addr_inst.thread_count_reg[1][4]$_SDFFE_PP0P_/D
91	-0.0862	mI_axi_bvalid	axi_crossbar_inst.axi_crossbar_wr_inst.s_ifaces[I].addr_inst.state_reg[J]	m07_axi_bvalid	axi_crossbar_inst.axi_crossbar_wr_inst.s_ifaces[1].addr_inst.state_reg[0]$_SDFF_PP0_/D
92	-0.0855	mI_axi_rvalid	axi_crossbar_inst.axi_crossbar_rd_inst.s_ifaces[I].addr_inst.state_reg[J]	m02_axi_rvalid	axi_crossbar_inst.axi_crossbar_rd_inst.s_ifaces[6].addr_inst.state_reg[1]$_SDFF_PP0_/D
93	-0.0849	mI_axi_rlast	axi_crossbar_inst.axi_crossbar_rd_inst.s_ifaces[I].addr_inst.state_reg[J]	m05_axi_rlast	axi_crossbar_inst.axi_crossbar_rd_inst.s_ifaces[5].addr_inst.state_reg[1]$_SDFF_PP0_/D
94	-0.0846	mI_axi_rvalid	axi_crossbar_inst.axi_crossbar_rd_inst.s_ifaces[I].r_arb_inst.grant_valid_reg	m04_axi_rvalid	axi_crossbar_inst.axi_crossbar_rd_inst.s_ifaces[1].r_arb_inst.grant_valid_reg$_SDFFE_PP0P_/D
95	-0.0844	mI_axi_rvalid	axi_crossbar_inst.axi_crossbar_rd_inst.s_ifaces[I].addr_inst.m_axi_avalid_reg	m02_axi_rvalid	axi_crossbar_inst.axi_crossbar_rd_inst.s_ifaces[6].addr_inst.m_axi_avalid_reg$_SDFF_PP0_/D
96	-0.0832	axi_crossbar_inst.axi_crossbar_rd_inst.s_ifaces[I].addr_inst.m_select_reg[J]	axi_crossbar_inst.axi_crossbar_rd_inst.s_ifaces[I].addr_inst.trans_count_reg[J]	axi_crossbar_inst.axi_crossbar_rd_inst.s_ifaces[6].addr_inst.m_select_reg[0]$_DFF_P_/Q	axi_crossbar_inst.axi_crossbar_rd_inst.s_ifaces[6].addr_inst.trans_count_reg[4]$_SDFFE_PP0P_/D
97	-0.0803	mI_axi_rlast	axi_crossbar_inst.axi_crossbar_rd_inst.s_ifaces[I].addr_inst.m_axi_avalid_reg	m03_axi_rlast	axi_crossbar_inst.axi_crossbar_rd_inst.s_ifaces[6].addr_inst.m_axi_avalid_reg$_SDFF_PP0_/D
98	-0.0795	axi_crossbar_inst.axi_crossbar_wr_inst.s_ifaces[I].w_select_reg[J]	axi_crossbar_inst.axi_crossbar_wr_inst.m_ifaces[I].a_arb_inst.mask_reg[J]	axi_crossbar_inst.axi_crossbar_wr_inst.s_ifaces[7].w_select_reg[2]$_DFFE_PP_/Q	axi_crossbar_inst.axi_crossbar_wr_inst.m_ifaces[5].a_arb_inst.mask_reg[0]$_SDFFE_PP0P_/D
99	-0.0782	axi_crossbar_inst.axi_crossbar_wr_inst.s_ifaces[I].w_select_valid_reg	axi_crossbar_inst.axi_crossbar_wr_inst.m_ifaces[I].a_arb_inst.mask_reg[J]	axi_crossbar_inst.axi_crossbar_wr_inst.s_ifaces[7].w_select_valid_reg$_SDFF_PP0_/Q	axi_crossbar_inst.axi_crossbar_wr_inst.m_ifaces[5].a_arb_inst.mask_reg[0]$_SDFFE_PP0P_/D
100	-0.0759	axi_crossbar_inst.axi_crossbar_wr_inst.s_ifaces[I].reg_inst.genblkJ.genblkK.m_axi_bready_reg	axi_crossbar_inst.axi_crossbar_wr_inst.s_ifaces[I].addr_inst.thread_count_reg[J][K]	axi_crossbar_inst.axi_crossbar_wr_inst.s_ifaces[6].reg_inst.genblk3.genblk1.m_axi_bready_reg$_SDFF_PP0_/Q	axi_crossbar_inst.axi_crossbar_wr_inst.s_ifaces[6].addr_inst.thread_count_reg[1][4]$_SDFFE_PP0P_/D
101	-0.0732	axi_crossbar_inst.axi_crossbar_wr_inst.s_ifaces[I].b_arb_inst.grant_valid_reg	axi_crossbar_inst.axi_crossbar_wr_inst.s_ifaces[I].addr_inst.thread_count_reg[J][K]	axi_crossbar_inst.axi_crossbar_wr_inst.s_ifaces[7].b_arb_inst.grant_valid_reg$_SDFFE_PP0P_/Q	axi_crossbar_inst.axi_crossbar_wr_inst.s_ifaces[7].addr_inst.thread_count_reg[1][4]$_SDFFE_PP0P_/D
102	-0.0703	axi_crossbar_inst.axi_crossbar_rd_inst.s_ifaces[I].decerr_m_axi_rid_reg[J]	axi_crossbar_inst.axi_crossbar_rd_inst.s_ifaces[I].addr_inst.thread_count_reg[J][K]	axi_crossbar_inst.axi_crossbar_rd_inst.s_ifaces[0].decerr_m_axi_rid_reg[7]$_DFFE_PP_/Q	axi_crossbar_inst.axi_crossbar_rd_inst.s_ifaces[0].addr_inst.thread_count_reg[0][4]$_SDFFE_PP0P_/D
103	-0.0699	axi_crossbar_inst.axi_crossbar_rd_inst.s_ifaces[I].decerr_m_axi_rlast_reg	axi_crossbar_inst.axi_crossbar_rd_inst.s_ifaces[I].addr_inst.thread_count_reg[J][K]	axi_crossbar_inst.axi_crossbar_rd_inst.s_ifaces[7].decerr_m_axi_rlast_reg$_DFFE_PP_/Q	axi_crossbar_inst.axi_crossbar_rd_inst.s_ifaces[7].addr_inst.thread_count_reg[1][4]$_SDFFE_PP0P_/D
104	-0.0688	mI_axi_rid[J]	axi_crossbar_inst.axi_crossbar_rd_inst.s_ifaces[I].r_arb_inst.grant_valid_reg	m07_axi_rid[8]	axi_crossbar_inst.axi_crossbar_rd_inst.s_ifaces[1].r_arb_inst.grant_valid_reg$_SDFFE_PP0P_/D
105	-0.0659	mI_axi_rvalid	axi_crossbar_inst.axi_crossbar_rd_inst.s_ifaces[I].addr_inst.m_rc_valid_reg	m02_axi_rvalid	axi_crossbar_inst.axi_crossbar_rd_inst.s_ifaces[6].addr_inst.m_rc_valid_reg$_SDFF_PP0_/D
106	-0.0641	axi_crossbar_inst.axi_crossbar_wr_inst.m_ifaces[I].w_select_reg[J]	sI_axi_wready	axi_crossbar_inst.axi_crossbar_wr_inst.m_ifaces[6].w_select_reg[1]$_DFFE_PP_/Q	s01_axi_wready
107	-0.0620	sI_axi_wvalid	axi_crossbar_inst.axi_crossbar_wr_inst.m_ifaces[I].a_arb_inst.grant_encoded_reg[J]	s07_axi_wvalid	axi_crossbar_inst.axi_crossbar_wr_inst.m_ifaces[5].a_arb_inst.grant_encoded_reg[1]$_SDFFE_PP0P_/D
108	-0.0617	mI_axi_rlast	axi_crossbar_inst.axi_crossbar_rd_inst.s_ifaces[I].addr_inst.m_rc_valid_reg	m03_axi_rlast	axi_crossbar_inst.axi_crossbar_rd_inst.s_ifaces[6].addr_inst.m_rc_valid_reg$_SDFF_PP0_/D
109	-0.0610	mI_axi_bvalid	axi_crossbar_inst.axi_crossbar_wr_inst.m_ifaces[I].trans_count_reg[J]	m01_axi_bvalid	axi_crossbar_inst.axi_crossbar_wr_inst.m_ifaces[1].trans_count_reg[2]$_SDFFE_PP0P_/D
110	-0.0595	mI_axi_bid[J]	axi_crossbar_inst.axi_crossbar_wr_inst.m_ifaces[I].a_arb_inst.grant_valid_reg	m02_axi_bid[8]	axi_crossbar_inst.axi_crossbar_wr_inst.m_ifaces[2].a_arb_inst.grant_valid_reg$_SDFFE_PP0P_/D
111	-0.0566	mI_axi_bvalid	axi_crossbar_inst.axi_crossbar_wr_inst.s_ifaces[I].addr_inst.m_wc_valid_reg	m07_axi_bvalid	axi_crossbar_inst.axi_crossbar_wr_inst.s_ifaces[1].addr_inst.m_wc_valid_reg$_SDFF_PP0_/D
112	-0.0518	axi_crossbar_inst.axi_crossbar_rd_inst.s_ifaces[I].addr_inst.m_select_reg[J]	axi_crossbar_inst.axi_crossbar_rd_inst.m_ifaces[I].trans_count_reg[J]	axi_crossbar_inst.axi_crossbar_rd_inst.s_ifaces[2].addr_inst.m_select_reg[0]$_DFF_P_/Q	axi_crossbar_inst.axi_crossbar_rd_inst.m_ifaces[5].trans_count_reg[2]$_SDFFE_PP0P_/D
113	-0.0499	sI_axi_awid[J]	axi_crossbar_inst.axi_crossbar_wr_inst.s_ifaces[I].addr_inst.state_reg[J]	s03_axi_awid[3]	axi_crossbar_inst.axi_crossbar_wr_inst.s_ifaces[3].addr_inst.state_reg[0]$_SDFF_PP0_/D
114	-0.0475	mI_axi_rlast	axi_crossbar_inst.axi_crossbar_rd_inst.m_ifaces[I].trans_count_reg[J]	m07_axi_rlast	axi_crossbar_inst.axi_crossbar_rd_inst.m_ifaces[7].trans_count_reg[2]$_SDFFE_PP0P_/D
115	-0.0467	axi_crossbar_inst.axi_crossbar_wr_inst.s_ifaces[I].decerr_m_axi_bvalid_reg	axi_crossbar_inst.axi_crossbar_wr_inst.s_ifaces[I].addr_inst.trans_count_reg[J]	axi_crossbar_inst.axi_crossbar_wr_inst.s_ifaces[6].decerr_m_axi_bvalid_reg$_SDFF_PP0_/Q	axi_crossbar_inst.axi_crossbar_wr_inst.s_ifaces[6].addr_inst.trans_count_reg[4]$_SDFFE_PP0P_/D
116	-0.0460	mI_axi_rvalid	axi_crossbar_inst.axi_crossbar_rd_inst.m_ifaces[I].a_arb_inst.grant_reg[J]	m07_axi_rvalid	axi_crossbar_inst.axi_crossbar_rd_inst.m_ifaces[7].a_arb_inst.grant_reg[6]$_SDFFE_PP0P_/D
117	-0.0458	sI_axi_awid[J]	axi_crossbar_inst.axi_crossbar_wr_inst.s_ifaces[I].addr_inst.m_wc_valid_reg	s00_axi_awid[3]	axi_crossbar_inst.axi_crossbar_wr_inst.s_ifaces[0].addr_inst.m_wc_valid_reg$_SDFF_PP0_/D
118	-0.0433	mI_axi_bid[J]	axi_crossbar_inst.axi_crossbar_wr_inst.s_ifaces[I].b_arb_inst.grant_valid_reg	m06_axi_bid[8]	axi_crossbar_inst.axi_crossbar_wr_inst.s_ifaces[1].b_arb_inst.grant_valid_reg$_SDFFE_PP0P_/D
119	-0.0390	sI_axi_awid[J]	axi_crossbar_inst.axi_crossbar_wr_inst.s_ifaces[I].addr_inst.m_axi_avalid_reg	s00_axi_awid[3]	axi_crossbar_inst.axi_crossbar_wr_inst.s_ifaces[0].addr_inst.m_axi_avalid_reg$_SDFF_PP0_/D
120	-0.0387	mI_axi_bvalid	axi_crossbar_inst.axi_crossbar_wr_inst.m_ifaces[I].a_arb_inst.grant_reg[J]	m01_axi_bvalid	axi_crossbar_inst.axi_crossbar_wr_inst.m_ifaces[1].a_arb_inst.grant_reg[5]$_SDFFE_PP0P_/D
121	-0.0381	mI_axi_rvalid	axi_crossbar_inst.axi_crossbar_rd_inst.m_ifaces[I].a_arb_inst.grant_encoded_reg[J]	m07_axi_rvalid	axi_crossbar_inst.axi_crossbar_rd_inst.m_ifaces[7].a_arb_inst.grant_encoded_reg[0]$_SDFFE_PP0P_/D
122	-0.0373	axi_crossbar_inst.axi_crossbar_rd_inst.s_ifaces[I].decerr_m_axi_rvalid_reg	axi_crossbar_inst.axi_crossbar_rd_inst.s_ifaces[I].addr_inst.trans_count_reg[J]	axi_crossbar_inst.axi_crossbar_rd_inst.s_ifaces[6].decerr_m_axi_rvalid_reg$_SDFF_PP0_/Q	axi_crossbar_inst.axi_crossbar_rd_inst.s_ifaces[6].addr_inst.trans_count_reg[4]$_SDFFE_PP0P_/D
123	-0.0351	sI_axi_awid[J]	axi_crossbar_inst.axi_crossbar_wr_inst.s_ifaces[I].addr_inst.m_rc_valid_reg	s00_axi_awid[3]	axi_crossbar_inst.axi_crossbar_wr_inst.s_ifaces[0].addr_inst.m_rc_valid_reg$_SDFF_PP0_/D
124	-0.0347	mI_axi_bvalid	axi_crossbar_inst.axi_crossbar_wr_inst.s_ifaces[I].addr_inst.m_rc_valid_reg	m07_axi_bvalid	axi_crossbar_inst.axi_crossbar_wr_inst.s_ifaces[1].addr_inst.m_rc_valid_reg$_SDFF_PP0_/D
125	-0.0314	mI_axi_bvalid	axi_crossbar_inst.axi_crossbar_wr_inst.s_ifaces[I].addr_inst.m_axi_avalid_reg	m07_axi_bvalid	axi_crossbar_inst.axi_crossbar_wr_inst.s_ifaces[7].addr_inst.m_axi_avalid_reg$_SDFF_PP0_/D
126	-0.0311	axi_crossbar_inst.axi_crossbar_rd_inst.s_ifaces[I].addr_inst.m_axi_avalid_reg	axi_crossbar_inst.axi_crossbar_rd_inst.m_ifaces[I].trans_count_reg[J]	axi_crossbar_inst.axi_crossbar_rd_inst.s_ifaces[3].addr_inst.m_axi_avalid_reg$_SDFF_PP0_/Q	axi_crossbar_inst.axi_crossbar_rd_inst.m_ifaces[7].trans_count_reg[2]$_SDFFE_PP0P_/D
127	-0.0278	axi_crossbar_inst.axi_crossbar_wr_inst.m_ifaces[I].a_arb_inst.grant_encoded_reg[J]	axi_crossbar_inst.axi_crossbar_wr_inst.m_ifaces[I].trans_count_reg[J]	axi_crossbar_inst.axi_crossbar_wr_inst.m_ifaces[3].a_arb_inst.grant_encoded_reg[1]$_SDFFE_PP0P_/Q	axi_crossbar_inst.axi_crossbar_wr_inst.m_ifaces[3].trans_count_reg[2]$_SDFFE_PP0P_/D
128	-0.0266	axi_crossbar_inst.axi_crossbar_rd_inst.m_ifaces[I].a_arb_inst.grant_encoded_reg[J]	axi_crossbar_inst.axi_crossbar_rd_inst.m_ifaces[I].trans_count_reg[J]	axi_crossbar_inst.axi_crossbar_rd_inst.m_ifaces[3].a_arb_inst.grant_encoded_reg[1]$_SDFFE_PP0P_/Q	axi_crossbar_inst.axi_crossbar_rd_inst.m_ifaces[3].trans_count_reg[2]$_SDFFE_PP0P_/D
129	-0.0252	sI_axi_arid[J]	axi_crossbar_inst.axi_crossbar_rd_inst.s_ifaces[I].addr_inst.state_reg[J]	s02_axi_arid[6]	axi_crossbar_inst.axi_crossbar_rd_inst.s_ifaces[2].addr_inst.state_reg[1]$_SDFF_PP0_/D
130	-0.0233	axi_crossbar_inst.axi_crossbar_wr_inst.s_ifaces[I].w_drop_reg	axi_crossbar_inst.axi_crossbar_wr_inst.m_ifaces[I].a_arb_inst.mask_reg[J]	axi_crossbar_inst.axi_crossbar_wr_inst.s_ifaces[5].w_drop_reg$_DFF_P_/QN	axi_crossbar_inst.axi_crossbar_wr_inst.m_ifaces[5].a_arb_inst.mask_reg[0]$_SDFFE_PP0P_/D
131	-0.0219	axi_crossbar_inst.axi_crossbar_wr_inst.s_ifaces[I].addr_inst.thread_m_reg[J][K]	axi_crossbar_inst.axi_crossbar_wr_inst.s_ifaces[I].addr_inst.trans_count_reg[J]	axi_crossbar_inst.axi_crossbar_wr_inst.s_ifaces[7].addr_inst.thread_m_reg[0][0]$_DFFE_PP_/Q	axi_crossbar_inst.axi_crossbar_wr_inst.s_ifaces[7].addr_inst.trans_count_reg[4]$_SDFFE_PP0P_/D
132	-0.0216	axi_crossbar_inst.axi_crossbar_rd_inst.s_ifaces[I].r_arb_inst.mask_reg[J]	axi_crossbar_inst.axi_crossbar_rd_inst.s_ifaces[I].r_arb_inst.mask_reg[J]	axi_crossbar_inst.axi_crossbar_rd_inst.s_ifaces[7].r_arb_inst.mask_reg[7]$_SDFFE_PP0P_/Q	axi_crossbar_inst.axi_crossbar_rd_inst.s_ifaces[7].r_arb_inst.mask_reg[1]$_SDFFE_PP0P_/D
133	-0.0213	sI_axi_wlast	axi_crossbar_inst.axi_crossbar_wr_inst.m_ifaces[I].a_arb_inst.grant_valid_reg	s03_axi_wlast	axi_crossbar_inst.axi_crossbar_wr_inst.m_ifaces[5].a_arb_inst.grant_valid_reg$_SDFFE_PP0P_/D
134	-0.0210	mI_axi_bvalid	axi_crossbar_inst.axi_crossbar_wr_inst.s_ifaces[I].b_arb_inst.grant_valid_reg	m01_axi_bvalid	axi_crossbar_inst.axi_crossbar_wr_inst.s_ifaces[1].b_arb_inst.grant_valid_reg$_SDFFE_PP0P_/D
135	-0.0208	mI_axi_bvalid	axi_crossbar_inst.axi_crossbar_wr_inst.m_ifaces[I].a_arb_inst.grant_encoded_reg[J]	m01_axi_bvalid	axi_crossbar_inst.axi_crossbar_wr_inst.m_ifaces[1].a_arb_inst.grant_encoded_reg[0]$_SDFFE_PP0P_/D
136	-0.0201	axi_crossbar_inst.axi_crossbar_rd_inst.s_ifaces[I].r_arb_inst.grant_reg[J]	axi_crossbar_inst.axi_crossbar_rd_inst.s_ifaces[I].r_arb_inst.mask_reg[J]	axi_crossbar_inst.axi_crossbar_rd_inst.s_ifaces[7].r_arb_inst.grant_reg[7]$_SDFFE_PP0P_/QN	axi_crossbar_inst.axi_crossbar_rd_inst.s_ifaces[7].r_arb_inst.mask_reg[1]$_SDFFE_PP0P_/D
137	-0.0174	axi_crossbar_inst.axi_crossbar_rd_inst.s_ifaces[I].addr_inst.thread_m_reg[J][K]	axi_crossbar_inst.axi_crossbar_rd_inst.s_ifaces[I].addr_inst.trans_count_reg[J]	axi_crossbar_inst.axi_crossbar_rd_inst.s_ifaces[7].addr_inst.thread_m_reg[0][2]$_DFFE_PP_/Q	axi_crossbar_inst.axi_crossbar_rd_inst.s_ifaces[7].addr_inst.trans_count_reg[4]$_SDFFE_PP0P_/D
138	-0.0155	axi_crossbar_inst.axi_crossbar_wr_inst.s_ifaces[I].addr_inst.m_select_reg[J]	axi_crossbar_inst.axi_crossbar_wr_inst.m_ifaces[I].trans_count_reg[J]	axi_crossbar_inst.axi_crossbar_wr_inst.s_ifaces[6].addr_inst.m_select_reg[0]$_DFF_P_/Q	axi_crossbar_inst.axi_crossbar_wr_inst.m_ifaces[1].trans_count_reg[2]$_SDFFE_PP0P_/D
139	-0.0119	sI_axi_arid[J]	axi_crossbar_inst.axi_crossbar_rd_inst.s_ifaces[I].addr_inst.m_rc_valid_reg	s07_axi_arid[6]	axi_crossbar_inst.axi_crossbar_rd_inst.s_ifaces[7].addr_inst.m_rc_valid_reg$_SDFF_PP0_/D
140	-0.0115	axi_crossbar_inst.axi_crossbar_rd_inst.s_ifaces[I].reg_inst.genblkJ.m_axi_rready_reg	axi_crossbar_inst.axi_crossbar_rd_inst.m_ifaces[I].trans_count_reg[J]	axi_crossbar_inst.axi_crossbar_rd_inst.s_ifaces[3].reg_inst.genblk2.m_axi_rready_reg$_SDFF_PP0_/Q	axi_crossbar_inst.axi_crossbar_rd_inst.m_ifaces[7].trans_count_reg[2]$_SDFFE_PP0P_/D
141	-0.0096	mI_axi_rvalid	axi_crossbar_inst.axi_crossbar_rd_inst.s_ifaces[I].reg_inst.genblkJ.temp_s_axi_rvalid_reg	m03_axi_rvalid	axi_crossbar_inst.axi_crossbar_rd_inst.s_ifaces[1].reg_inst.genblk2.temp_s_axi_rvalid_reg$_SDFFE_PP0P_/D
142	-0.0081	axi_crossbar_inst.axi_crossbar_rd_inst.s_ifaces[I].r_arb_inst.grant_encoded_reg[J]	axi_crossbar_inst.axi_crossbar_rd_inst.m_ifaces[I].trans_count_reg[J]	axi_crossbar_inst.axi_crossbar_rd_inst.s_ifaces[3].r_arb_inst.grant_encoded_reg[2]$_SDFFE_PP0P_/Q	axi_crossbar_inst.axi_crossbar_rd_inst.m_ifaces[7].trans_count_reg[2]$_SDFFE_PP0P_/D
143	-0.0057	sI_axi_wvalid	axi_crossbar_inst.axi_crossbar_wr_inst.m_ifaces[I].a_arb_inst.grant_valid_reg	s04_axi_wvalid	axi_crossbar_inst.axi_crossbar_wr_inst.m_ifaces[3].a_arb_inst.grant_valid_reg$_SDFFE_PP0P_/D
144	-0.0051	axi_crossbar_inst.axi_crossbar_rd_inst.s_ifaces[I].reg_inst.genblkJ.m_axi_rready_reg	axi_crossbar_inst.axi_crossbar_rd_inst.s_ifaces[I].addr_inst.trans_count_reg[J]	axi_crossbar_inst.axi_crossbar_rd_inst.s_ifaces[6].reg_inst.genblk2.m_axi_rready_reg$_SDFF_PP0_/Q	axi_crossbar_inst.axi_crossbar_rd_inst.s_ifaces[6].addr_inst.trans_count_reg[4]$_SDFFE_PP0P_/D
145	-0.0046	mI_axi_rid[J]	axi_crossbar_inst.axi_crossbar_rd_inst.m_ifaces[I].a_arb_inst.grant_valid_reg	m07_axi_rid[8]	axi_crossbar_inst.axi_crossbar_rd_inst.m_ifaces[7].a_arb_inst.grant_valid_reg$_SDFFE_PP0P_/D
146	-0.0029	axi_crossbar_inst.axi_crossbar_rd_inst.s_ifaces[I].r_arb_inst.grant_valid_reg	axi_crossbar_inst.axi_crossbar_rd_inst.s_ifaces[I].addr_inst.trans_count_reg[J]	axi_crossbar_inst.axi_crossbar_rd_inst.s_ifaces[7].r_arb_inst.grant_valid_reg$_SDFFE_PP0P_/Q	axi_crossbar_inst.axi_crossbar_rd_inst.s_ifaces[7].addr_inst.trans_count_reg[4]$_SDFFE_PP0P_/D
147	-0.0021	axi_crossbar_inst.axi_crossbar_rd_inst.s_ifaces[I].decerr_m_axi_rlast_reg	axi_crossbar_inst.axi_crossbar_rd_inst.s_ifaces[I].addr_inst.trans_count_reg[J]	axi_crossbar_inst.axi_crossbar_rd_inst.s_ifaces[5].decerr_m_axi_rlast_reg$_DFFE_PP_/Q	axi_crossbar_inst.axi_crossbar_rd_inst.s_ifaces[5].addr_inst.trans_count_reg[4]$_SDFFE_PP0P_/D
148	0.0001	axi_crossbar_inst.axi_crossbar_wr_inst.s_ifaces[I].reg_inst.genblkJ.genblkK.m_axi_bready_reg	axi_crossbar_inst.axi_crossbar_wr_inst.s_ifaces[I].addr_inst.trans_count_reg[J]	axi_crossbar_inst.axi_crossbar_wr_inst.s_ifaces[5].reg_inst.genblk3.genblk1.m_axi_bready_reg$_SDFF_PP0_/Q	axi_crossbar_inst.axi_crossbar_wr_inst.s_ifaces[5].addr_inst.trans_count_reg[4]$_SDFFE_PP0P_/D
149	0.0012	axi_crossbar_inst.axi_crossbar_wr_inst.m_ifaces[I].a_arb_inst.mask_reg[J]	axi_crossbar_inst.axi_crossbar_wr_inst.m_ifaces[I].a_arb_inst.mask_reg[J]	axi_crossbar_inst.axi_crossbar_wr_inst.m_ifaces[2].a_arb_inst.mask_reg[2]$_SDFFE_PP0P_/Q	axi_crossbar_inst.axi_crossbar_wr_inst.m_ifaces[2].a_arb_inst.mask_reg[0]$_SDFFE_PP0P_/D
150	0.0023	axi_crossbar_inst.axi_crossbar_rd_inst.s_ifaces[I].decerr_m_axi_rvalid_reg	axi_crossbar_inst.axi_crossbar_rd_inst.s_ifaces[I].r_arb_inst.mask_reg[J]	axi_crossbar_inst.axi_crossbar_rd_inst.s_ifaces[2].decerr_m_axi_rvalid_reg$_SDFF_PP0_/Q	axi_crossbar_inst.axi_crossbar_rd_inst.s_ifaces[2].r_arb_inst.mask_reg[0]$_SDFFE_PP0P_/D
151	0.0030	axi_crossbar_inst.axi_crossbar_wr_inst.s_ifaces[I].addr_inst.m_axi_avalid_reg	axi_crossbar_inst.axi_crossbar_wr_inst.m_ifaces[I].trans_count_reg[J]	axi_crossbar_inst.axi_crossbar_wr_inst.s_ifaces[1].addr_inst.m_axi_avalid_reg$_SDFF_PP0_/Q	axi_crossbar_inst.axi_crossbar_wr_inst.m_ifaces[2].trans_count_reg[2]$_SDFFE_PP0P_/D
152	0.0034	axi_crossbar_inst.axi_crossbar_rd_inst.s_ifaces[I].addr_inst.state_reg[J]	axi_crossbar_inst.axi_crossbar_rd_inst.s_ifaces[I].addr_inst.thread_count_reg[J][K]	axi_crossbar_inst.axi_crossbar_rd_inst.s_ifaces[7].addr_inst.state_reg[0]$_SDFF_PP0_/Q	axi_crossbar_inst.axi_crossbar_rd_inst.s_ifaces[7].addr_inst.thread_count_reg[1][4]$_SDFFE_PP0P_/D
153	0.0062	axi_crossbar_inst.axi_crossbar_wr_inst.s_ifaces[I].b_arb_inst.grant_encoded_reg[J]	axi_crossbar_inst.axi_crossbar_wr_inst.m_ifaces[I].trans_count_reg[J]	axi_crossbar_inst.axi_crossbar_wr_inst.s_ifaces[3].b_arb_inst.grant_encoded_reg[0]$_SDFFE_PP0P_/Q	axi_crossbar_inst.axi_crossbar_wr_inst.m_ifaces[3].trans_count_reg[2]$_SDFFE_PP0P_/D
154	0.0071	sI_axi_awaddr[J]	axi_crossbar_inst.axi_crossbar_wr_inst.s_ifaces[I].addr_inst.thread_m_reg[J][K]	s01_axi_awaddr[31]	axi_crossbar_inst.axi_crossbar_wr_inst.s_ifaces[1].addr_inst.thread_m_reg[0][1]$_DFFE_PP_/D
155	0.0072	sI_axi_araddr[J]	axi_crossbar_inst.axi_crossbar_rd_inst.s_ifaces[I].addr_inst.thread_m_reg[J][K]	s02_axi_araddr[27]	axi_crossbar_inst.axi_crossbar_rd_inst.s_ifaces[2].addr_inst.thread_m_reg[0][2]$_DFFE_PP_/D
156	0.0092	axi_crossbar_inst.axi_crossbar_wr_inst.s_ifaces[I].addr_inst.state_reg[J]	axi_crossbar_inst.axi_crossbar_wr_inst.s_ifaces[I].addr_inst.thread_count_reg[J][K]	axi_crossbar_inst.axi_crossbar_wr_inst.s_ifaces[6].addr_inst.state_reg[0]$_SDFF_PP0_/Q	axi_crossbar_inst.axi_crossbar_wr_inst.s_ifaces[6].addr_inst.thread_count_reg[1][4]$_SDFFE_PP0P_/D
157	0.0099	axi_crossbar_inst.axi_crossbar_rd_inst.s_ifaces[I].r_arb_inst.grant_encoded_reg[J]	axi_crossbar_inst.axi_crossbar_rd_inst.s_ifaces[I].addr_inst.thread_id_reg[J][K]	axi_crossbar_inst.axi_crossbar_rd_inst.s_ifaces[6].r_arb_inst.grant_encoded_reg[1]$_SDFFE_PP0P_/Q	axi_crossbar_inst.axi_crossbar_rd_inst.s_ifaces[6].addr_inst.thread_id_reg[0][0]$_DFFE_PP_/D
158	0.0099	axi_crossbar_inst.axi_crossbar_rd_inst.s_ifaces[I].r_arb_inst.grant_encoded_reg[J]	axi_crossbar_inst.axi_crossbar_rd_inst.s_ifaces[I].addr_inst.thread_m_reg[J][K]	axi_crossbar_inst.axi_crossbar_rd_inst.s_ifaces[6].r_arb_inst.grant_encoded_reg[1]$_SDFFE_PP0P_/Q	axi_crossbar_inst.axi_crossbar_rd_inst.s_ifaces[6].addr_inst.thread_m_reg[0][0]$_DFFE_PP_/D
159	0.0104	axi_crossbar_inst.axi_crossbar_rd_inst.s_ifaces[I].r_arb_inst.grant_valid_reg	axi_crossbar_inst.axi_crossbar_rd_inst.m_ifaces[I].trans_count_reg[J]	axi_crossbar_inst.axi_crossbar_rd_inst.s_ifaces[3].r_arb_inst.grant_valid_reg$_SDFFE_PP0P_/Q	axi_crossbar_inst.axi_crossbar_rd_inst.m_ifaces[7].trans_count_reg[2]$_SDFFE_PP0P_/D
160	0.0117	axi_crossbar_inst.axi_crossbar_wr_inst.s_ifaces[I].b_arb_inst.mask_reg[J]	axi_crossbar_inst.axi_crossbar_wr_inst.s_ifaces[I].b_arb_inst.mask_reg[J]	axi_crossbar_inst.axi_crossbar_wr_inst.s_ifaces[5].b_arb_inst.mask_reg[1]$_SDFFE_PP0P_/Q	axi_crossbar_inst.axi_crossbar_wr_inst.s_ifaces[5].b_arb_inst.mask_reg[6]$_SDFFE_PP0P_/D
161	0.0129	axi_crossbar_inst.axi_crossbar_rd_inst.s_ifaces[I].addr_inst.trans_count_reg[J]	axi_crossbar_inst.axi_crossbar_rd_inst.s_ifaces[I].addr_inst.thread_count_reg[J][K]	axi_crossbar_inst.axi_crossbar_rd_inst.s_ifaces[5].addr_inst.trans_count_reg[4]$_SDFFE_PP0P_/Q	axi_crossbar_inst.axi_crossbar_rd_inst.s_ifaces[5].addr_inst.thread_count_reg[1][4]$_SDFFE_PP0P_/D
162	0.0138	sI_axi_arid[J]	axi_crossbar_inst.axi_crossbar_rd_inst.s_ifaces[I].addr_inst.m_axi_avalid_reg	s04_axi_arid[3]	axi_crossbar_inst.axi_crossbar_rd_inst.s_ifaces[4].addr_inst.m_axi_avalid_reg$_SDFF_PP0_/D
163	0.0142	mI_axi_rlast	axi_crossbar_inst.axi_crossbar_rd_inst.s_ifaces[I].reg_inst.genblkJ.s_axi_rlast_reg	m05_axi_rlast	axi_crossbar_inst.axi_crossbar_rd_inst.s_ifaces[5].reg_inst.genblk2.s_axi_rlast_reg$_DFFE_PP_/D
164	0.0142	axi_crossbar_inst.axi_crossbar_rd_inst.m_ifaces[I].a_arb_inst.mask_reg[J]	axi_crossbar_inst.axi_crossbar_rd_inst.m_ifaces[I].a_arb_inst.mask_reg[J]	axi_crossbar_inst.axi_crossbar_rd_inst.m_ifaces[3].a_arb_inst.mask_reg[2]$_SDFFE_PP0P_/Q	axi_crossbar_inst.axi_crossbar_rd_inst.m_ifaces[3].a_arb_inst.mask_reg[0]$_SDFFE_PP0P_/D
165	0.0154	axi_crossbar_inst.axi_crossbar_wr_inst.s_ifaces[I].addr_inst.trans_count_reg[J]	axi_crossbar_inst.axi_crossbar_wr_inst.s_ifaces[I].addr_inst.thread_count_reg[J][K]	axi_crossbar_inst.axi_crossbar_wr_inst.s_ifaces[6].addr_inst.trans_count_reg[4]$_SDFFE_PP0P_/Q	axi_crossbar_inst.axi_crossbar_wr_inst.s_ifaces[6].addr_inst.thread_count_reg[1][4]$_SDFFE_PP0P_/D
166	0.0186	axi_crossbar_inst.axi_crossbar_wr_inst.m_ifaces[I].a_arb_inst.grant_reg[J]	axi_crossbar_inst.axi_crossbar_wr_inst.m_ifaces[I].a_arb_inst.mask_reg[J]	axi_crossbar_inst.axi_crossbar_wr_inst.m_ifaces[2].a_arb_inst.grant_reg[2]$_SDFFE_PP0P_/QN	axi_crossbar_inst.axi_crossbar_wr_inst.m_ifaces[2].a_arb_inst.mask_reg[0]$_SDFFE_PP0P_/D
167	0.0187	sI_axi_wlast	axi_crossbar_inst.axi_crossbar_wr_inst.m_ifaces[I].w_select_valid_reg	s03_axi_wlast	axi_crossbar_inst.axi_crossbar_wr_inst.m_ifaces[5].w_select_valid_reg$_SDFF_PP0_/D
168	0.0198	mI_axi_rvalid	axi_crossbar_inst.axi_crossbar_rd_inst.s_ifaces[I].reg_inst.genblkJ.s_axi_rvalid_reg	m03_axi_rvalid	axi_crossbar_inst.axi_crossbar_rd_inst.s_ifaces[1].reg_inst.genblk2.s_axi_rvalid_reg$_SDFFE_PP0P_/D
169	0.0211	mI_axi_bvalid	axi_crossbar_inst.axi_crossbar_wr_inst.s_ifaces[I].reg_inst.genblkJ.genblkK.s_axi_bvalid_reg	m07_axi_bvalid	axi_crossbar_inst.axi_crossbar_wr_inst.s_ifaces[5].reg_inst.genblk3.genblk1.s_axi_bvalid_reg$_SDFF_PP0_/D
170	0.0216	axi_crossbar_inst.axi_crossbar_wr_inst.s_ifaces[I].b_arb_inst.grant_reg[J]	axi_crossbar_inst.axi_crossbar_wr_inst.s_ifaces[I].b_arb_inst.mask_reg[J]	axi_crossbar_inst.axi_crossbar_wr_inst.s_ifaces[5].b_arb_inst.grant_reg[1]$_SDFFE_PP0P_/QN	axi_crossbar_inst.axi_crossbar_wr_inst.s_ifaces[5].b_arb_inst.mask_reg[6]$_SDFFE_PP0P_/D
171	0.0224	axi_crossbar_inst.axi_crossbar_wr_inst.s_ifaces[I].b_arb_inst.grant_valid_reg	axi_crossbar_inst.axi_crossbar_wr_inst.s_ifaces[I].addr_inst.trans_count_reg[J]	axi_crossbar_inst.axi_crossbar_wr_inst.s_ifaces[5].b_arb_inst.grant_valid_reg$_SDFFE_PP0P_/Q	axi_crossbar_inst.axi_crossbar_wr_inst.s_ifaces[5].addr_inst.trans_count_reg[4]$_SDFFE_PP0P_/D
172	0.0236	axi_crossbar_inst.axi_crossbar_rd_inst.m_ifaces[I].a_arb_inst.grant_reg[J]	axi_crossbar_inst.axi_crossbar_rd_inst.m_ifaces[I].a_arb_inst.mask_reg[J]	axi_crossbar_inst.axi_crossbar_rd_inst.m_ifaces[1].a_arb_inst.grant_reg[2]$_SDFFE_PP0P_/QN	axi_crossbar_inst.axi_crossbar_rd_inst.m_ifaces[1].a_arb_inst.mask_reg[0]$_SDFFE_PP0P_/D
173	0.0242	mI_axi_bvalid	axi_crossbar_inst.axi_crossbar_wr_inst.s_ifaces[I].reg_inst.genblkJ.genblkK.m_axi_bready_reg	m07_axi_bvalid	axi_crossbar_inst.axi_crossbar_wr_inst.s_ifaces[1].reg_inst.genblk3.genblk1.m_axi_bready_reg$_SDFF_PP0_/D
174	0.0253	axi_crossbar_inst.axi_crossbar_wr_inst.m_ifaces[I].a_arb_inst.grant_valid_reg	axi_crossbar_inst.axi_crossbar_wr_inst.m_ifaces[I].a_arb_inst.mask_reg[J]	axi_crossbar_inst.axi_crossbar_wr_inst.m_ifaces[2].a_arb_inst.grant_valid_reg$_SDFFE_PP0P_/Q	axi_crossbar_inst.axi_crossbar_wr_inst.m_ifaces[2].a_arb_inst.mask_reg[0]$_SDFFE_PP0P_/D
175	0.0262	mI_axi_rlast	axi_crossbar_inst.axi_crossbar_rd_inst.m_ifaces[I].a_arb_inst.grant_reg[J]	m00_axi_rlast	axi_crossbar_inst.axi_crossbar_rd_inst.m_ifaces[0].a_arb_inst.grant_reg[3]$_SDFFE_PP0P_/D
176	0.0264	axi_crossbar_inst.axi_crossbar_wr_inst.s_ifaces[I].reg_inst.genblkJ.genblkK.m_axi_bready_reg	axi_crossbar_inst.axi_crossbar_wr_inst.m_ifaces[I].trans_count_reg[J]	axi_crossbar_inst.axi_crossbar_wr_inst.s_ifaces[1].reg_inst.genblk3.genblk1.m_axi_bready_reg$_SDFF_PP0_/Q	axi_crossbar_inst.axi_crossbar_wr_inst.m_ifaces[6].trans_count_reg[2]$_SDFFE_PP0P_/D
177	0.0287	axi_crossbar_inst.axi_crossbar_wr_inst.s_ifaces[I].decerr_m_axi_bvalid_reg	axi_crossbar_inst.axi_crossbar_wr_inst.s_ifaces[I].b_arb_inst.mask_reg[J]	axi_crossbar_inst.axi_crossbar_wr_inst.s_ifaces[4].decerr_m_axi_bvalid_reg$_SDFF_PP0_/Q	axi_crossbar_inst.axi_crossbar_wr_inst.s_ifaces[4].b_arb_inst.mask_reg[4]$_SDFFE_PP0P_/D
178	0.0288	mI_axi_rvalid	axi_crossbar_inst.axi_crossbar_rd_inst.s_ifaces[I].reg_inst.genblkJ.m_axi_rready_reg	m01_axi_rvalid	axi_crossbar_inst.axi_crossbar_rd_inst.s_ifaces[0].reg_inst.genblk2.m_axi_rready_reg$_SDFF_PP0_/D
179	0.0332	sI_axi_wvalid	axi_crossbar_inst.axi_crossbar_wr_inst.m_ifaces[I].reg_inst.genblkJ.s_axi_wready_reg	s01_axi_wvalid	axi_crossbar_inst.axi_crossbar_wr_inst.m_ifaces[6].reg_inst.genblk2.s_axi_wready_reg$_SDFF_PP0_/D
180	0.0360	sI_axi_wvalid	axi_crossbar_inst.axi_crossbar_wr_inst.m_ifaces[I].reg_inst.genblkJ.temp_m_axi_wvalid_reg	s04_axi_wvalid	axi_crossbar_inst.axi_crossbar_wr_inst.m_ifaces[3].reg_inst.genblk2.temp_m_axi_wvalid_reg$_SDFFE_PP0P_/D
181	0.0360	axi_crossbar_inst.axi_crossbar_rd_inst.s_ifaces[I].addr_inst.m_axi_avalid_reg	axi_crossbar_inst.axi_crossbar_rd_inst.m_ifaces[I].a_arb_inst.grant_encoded_reg[J]	axi_crossbar_inst.axi_crossbar_rd_inst.s_ifaces[7].addr_inst.m_axi_avalid_reg$_SDFF_PP0_/Q	axi_crossbar_inst.axi_crossbar_rd_inst.m_ifaces[2].a_arb_inst.grant_encoded_reg[0]$_SDFFE_PP0P_/D
182	0.0368	axi_crossbar_inst.axi_crossbar_wr_inst.s_ifaces[I].reg_inst.genblkJ.genblkK.m_axi_bready_reg	axi_crossbar_inst.axi_crossbar_wr_inst.m_ifaces[I].a_arb_inst.grant_reg[J]	axi_crossbar_inst.axi_crossbar_wr_inst.s_ifaces[1].reg_inst.genblk3.genblk1.m_axi_bready_reg$_SDFF_PP0_/Q	axi_crossbar_inst.axi_crossbar_wr_inst.m_ifaces[6].a_arb_inst.grant_reg[4]$_SDFFE_PP0P_/D
183	0.0369	mI_axi_rid[J]	axi_crossbar_inst.axi_crossbar_rd_inst.s_ifaces[I].reg_inst.genblkJ.s_axi_rid_reg[K]	m03_axi_rid[4]	axi_crossbar_inst.axi_crossbar_rd_inst.s_ifaces[2].reg_inst.genblk2.s_axi_rid_reg[4]$_DFFE_PP_/D
184	0.0375	sI_axi_wvalid	axi_crossbar_inst.axi_crossbar_wr_inst.m_ifaces[I].reg_inst.genblkJ.m_axi_wvalid_reg	s04_axi_wvalid	axi_crossbar_inst.axi_crossbar_wr_inst.m_ifaces[3].reg_inst.genblk2.m_axi_wvalid_reg$_SDFFE_PP0P_/D
185	0.0381	axi_crossbar_inst.axi_crossbar_rd_inst.s_ifaces[I].addr_inst.m_axi_avalid_reg	axi_crossbar_inst.axi_crossbar_rd_inst.m_ifaces[I].a_arb_inst.grant_reg[J]	axi_crossbar_inst.axi_crossbar_rd_inst.s_ifaces[7].addr_inst.m_axi_avalid_reg$_SDFF_PP0_/Q	axi_crossbar_inst.axi_crossbar_rd_inst.m_ifaces[2].a_arb_inst.grant_reg[7]$_SDFFE_PP0P_/D
186	0.0382	axi_crossbar_inst.axi_crossbar_wr_inst.m_ifaces[I].reg_inst.genblkJ.s_axi_wready_reg	sI_axi_wready	axi_crossbar_inst.axi_crossbar_wr_inst.m_ifaces[3].reg_inst.genblk2.s_axi_wready_reg$_SDFF_PP0_/Q	s01_axi_wready
187	0.0388	axi_crossbar_inst.axi_crossbar_wr_inst.s_ifaces[I].addr_inst.thread_count_reg[J][K]	axi_crossbar_inst.axi_crossbar_wr_inst.s_ifaces[I].addr_inst.thread_id_reg[J][K]	axi_crossbar_inst.axi_crossbar_wr_inst.s_ifaces[6].addr_inst.thread_count_reg[0][2]$_SDFFE_PP0P_/Q	axi_crossbar_inst.axi_crossbar_wr_inst.s_ifaces[6].addr_inst.thread_id_reg[0][0]$_DFFE_PP_/D
188	0.0388	axi_crossbar_inst.axi_crossbar_wr_inst.s_ifaces[I].addr_inst.thread_count_reg[J][K]	axi_crossbar_inst.axi_crossbar_wr_inst.s_ifaces[I].addr_inst.thread_m_reg[J][K]	axi_crossbar_inst.axi_crossbar_wr_inst.s_ifaces[6].addr_inst.thread_count_reg[0][2]$_SDFFE_PP0P_/Q	axi_crossbar_inst.axi_crossbar_wr_inst.s_ifaces[6].addr_inst.thread_m_reg[0][0]$_DFFE_PP_/D
189	0.0389	axi_crossbar_inst.axi_crossbar_rd_inst.s_ifaces[I].r_arb_inst.grant_encoded_reg[J]	axi_crossbar_inst.axi_crossbar_rd_inst.s_ifaces[I].reg_inst.genblkJ.temp_s_axi_rdata_reg[K]	axi_crossbar_inst.axi_crossbar_rd_inst.s_ifaces[0].r_arb_inst.grant_encoded_reg[1]$_SDFFE_PP0P_/Q	axi_crossbar_inst.axi_crossbar_rd_inst.s_ifaces[0].reg_inst.genblk2.temp_s_axi_rdata_reg[22]$_DFFE_PP_/D
190	0.0390	axi_crossbar_inst.axi_crossbar_wr_inst.s_ifaces[I].reg_inst.genblkJ.genblkK.m_axi_bready_reg	mI_axi_bready	axi_crossbar_inst.axi_crossbar_wr_inst.s_ifaces[1].reg_inst.genblk3.genblk1.m_axi_bready_reg$_SDFF_PP0_/Q	m06_axi_bready
191	0.0399	axi_crossbar_inst.axi_crossbar_rd_inst.s_ifaces[I].reg_inst.genblkJ.m_axi_rready_reg	mI_axi_rready	axi_crossbar_inst.axi_crossbar_rd_inst.s_ifaces[3].reg_inst.genblk2.m_axi_rready_reg$_SDFF_PP0_/Q	m05_axi_rready
192	0.0405	axi_crossbar_inst.axi_crossbar_wr_inst.s_ifaces[I].addr_inst.m_select_reg[J]	axi_crossbar_inst.axi_crossbar_wr_inst.m_ifaces[I].a_arb_inst.grant_reg[J]	axi_crossbar_inst.axi_crossbar_wr_inst.s_ifaces[3].addr_inst.m_select_reg[1]$_DFF_P_/Q	axi_crossbar_inst.axi_crossbar_wr_inst.m_ifaces[1].a_arb_inst.grant_reg[0]$_SDFFE_PP0P_/D
193	0.0421	axi_crossbar_inst.axi_crossbar_wr_inst.s_ifaces[I].b_arb_inst.grant_encoded_reg[J]	axi_crossbar_inst.axi_crossbar_wr_inst.m_ifaces[I].a_arb_inst.grant_reg[J]	axi_crossbar_inst.axi_crossbar_wr_inst.s_ifaces[3].b_arb_inst.grant_encoded_reg[0]$_SDFFE_PP0P_/Q	axi_crossbar_inst.axi_crossbar_wr_inst.m_ifaces[3].a_arb_inst.grant_reg[1]$_SDFFE_PP0P_/D
194	0.0424	axi_crossbar_inst.axi_crossbar_wr_inst.s_ifaces[I].b_arb_inst.grant_valid_reg	axi_crossbar_inst.axi_crossbar_wr_inst.m_ifaces[I].trans_count_reg[J]	axi_crossbar_inst.axi_crossbar_wr_inst.s_ifaces[7].b_arb_inst.grant_valid_reg$_SDFFE_PP0P_/Q	axi_crossbar_inst.axi_crossbar_wr_inst.m_ifaces[3].trans_count_reg[2]$_SDFFE_PP0P_/D
195	0.0433	axi_crossbar_inst.axi_crossbar_rd_inst.s_ifaces[I].r_arb_inst.grant_encoded_reg[J]	mI_axi_rready	axi_crossbar_inst.axi_crossbar_rd_inst.s_ifaces[3].r_arb_inst.grant_encoded_reg[2]$_SDFFE_PP0P_/Q	m05_axi_rready
196	0.0440	mI_axi_rlast	axi_crossbar_inst.axi_crossbar_rd_inst.m_ifaces[I].a_arb_inst.grant_encoded_reg[J]	m07_axi_rlast	axi_crossbar_inst.axi_crossbar_rd_inst.m_ifaces[7].a_arb_inst.grant_encoded_reg[0]$_SDFFE_PP0P_/D
197	0.0444	axi_crossbar_inst.axi_crossbar_wr_inst.s_ifaces[I].addr_inst.m_axi_avalid_reg	axi_crossbar_inst.axi_crossbar_wr_inst.m_ifaces[I].a_arb_inst.grant_reg[J]	axi_crossbar_inst.axi_crossbar_wr_inst.s_ifaces[6].addr_inst.m_axi_avalid_reg$_SDFF_PP0_/Q	axi_crossbar_inst.axi_crossbar_wr_inst.m_ifaces[4].a_arb_inst.grant_reg[6]$_SDFFE_PP0P_/D
198	0.0454	axi_crossbar_inst.axi_crossbar_wr_inst.s_ifaces[I].b_arb_inst.grant_encoded_reg[J]	axi_crossbar_inst.axi_crossbar_wr_inst.s_ifaces[I].addr_inst.thread_id_reg[J][K]	axi_crossbar_inst.axi_crossbar_wr_inst.s_ifaces[4].b_arb_inst.grant_encoded_reg[1]$_SDFFE_PP0P_/Q	axi_crossbar_inst.axi_crossbar_wr_inst.s_ifaces[4].addr_inst.thread_id_reg[1][0]$_DFFE_PP_/D
199	0.0454	axi_crossbar_inst.axi_crossbar_wr_inst.s_ifaces[I].b_arb_inst.grant_encoded_reg[J]	axi_crossbar_inst.axi_crossbar_wr_inst.s_ifaces[I].addr_inst.thread_m_reg[J][K]	axi_crossbar_inst.axi_crossbar_wr_inst.s_ifaces[4].b_arb_inst.grant_encoded_reg[1]$_SDFFE_PP0P_/Q	axi_crossbar_inst.axi_crossbar_wr_inst.s_ifaces[4].addr_inst.thread_m_reg[1][0]$_DFFE_PP_/D
200	0.0461	axi_crossbar_inst.axi_crossbar_wr_inst.s_ifaces[I].b_arb_inst.grant_encoded_reg[J]	mI_axi_bready	axi_crossbar_inst.axi_crossbar_wr_inst.s_ifaces[5].b_arb_inst.grant_encoded_reg[2]$_SDFFE_PP0P_/Q	m06_axi_bready
201	0.0468	axi_crossbar_inst.axi_crossbar_rd_inst.s_ifaces[I].addr_inst.m_select_reg[J]	axi_crossbar_inst.axi_crossbar_rd_inst.m_ifaces[I].a_arb_inst.grant_reg[J]	axi_crossbar_inst.axi_crossbar_rd_inst.s_ifaces[3].addr_inst.m_select_reg[2]$_DFF_P_/Q	axi_crossbar_inst.axi_crossbar_rd_inst.m_ifaces[6].a_arb_inst.grant_reg[7]$_SDFFE_PP0P_/D
202	0.0494	axi_crossbar_inst.axi_crossbar_rd_inst.s_ifaces[I].addr_inst.m_select_reg[J]	axi_crossbar_inst.axi_crossbar_rd_inst.m_ifaces[I].a_arb_inst.grant_encoded_reg[J]	axi_crossbar_inst.axi_crossbar_rd_inst.s_ifaces[7].addr_inst.m_select_reg[2]$_DFF_P_/Q	axi_crossbar_inst.axi_crossbar_rd_inst.m_ifaces[2].a_arb_inst.grant_encoded_reg[0]$_SDFFE_PP0P_/D
203	0.0518	axi_crossbar_inst.axi_crossbar_rd_inst.s_ifaces[I].reg_inst.genblkJ.m_axi_rready_reg	axi_crossbar_inst.axi_crossbar_rd_inst.m_ifaces[I].a_arb_inst.grant_reg[J]	axi_crossbar_inst.axi_crossbar_rd_inst.s_ifaces[3].reg_inst.genblk2.m_axi_rready_reg$_SDFF_PP0_/Q	axi_crossbar_inst.axi_crossbar_rd_inst.m_ifaces[0].a_arb_inst.grant_reg[3]$_SDFFE_PP0P_/D
204	0.0522	axi_crossbar_inst.axi_crossbar_wr_inst.m_ifaces[I].w_select_new_reg	axi_crossbar_inst.axi_crossbar_wr_inst.m_ifaces[I].a_arb_inst.mask_reg[J]	axi_crossbar_inst.axi_crossbar_wr_inst.m_ifaces[2].w_select_new_reg$_SDFF_PP1_/Q	axi_crossbar_inst.axi_crossbar_wr_inst.m_ifaces[2].a_arb_inst.mask_reg[0]$_SDFFE_PP0P_/D
205	0.0533	axi_crossbar_inst.axi_crossbar_wr_inst.s_ifaces[I].b_arb_inst.grant_valid_reg	axi_crossbar_inst.axi_crossbar_wr_inst.m_ifaces[I].a_arb_inst.grant_reg[J]	axi_crossbar_inst.axi_crossbar_wr_inst.s_ifaces[1].b_arb_inst.grant_valid_reg$_SDFFE_PP0P_/Q	axi_crossbar_inst.axi_crossbar_wr_inst.m_ifaces[6].a_arb_inst.grant_reg[4]$_SDFFE_PP0P_/D
206	0.0543	axi_crossbar_inst.axi_crossbar_rd_inst.s_ifaces[I].r_arb_inst.grant_encoded_reg[J]	axi_crossbar_inst.axi_crossbar_rd_inst.s_ifaces[I].r_arb_inst.grant_reg[J]	axi_crossbar_inst.axi_crossbar_rd_inst.s_ifaces[1].r_arb_inst.grant_encoded_reg[1]$_SDFFE_PP0P_/Q	axi_crossbar_inst.axi_crossbar_rd_inst.s_ifaces[1].r_arb_inst.grant_reg[6]$_SDFFE_PP0P_/D
207	0.0552	mI_axi_rlast	axi_crossbar_inst.axi_crossbar_rd_inst.s_ifaces[I].reg_inst.genblkJ.temp_s_axi_rlast_reg	m05_axi_rlast	axi_crossbar_inst.axi_crossbar_rd_inst.s_ifaces[5].reg_inst.genblk2.temp_s_axi_rlast_reg$_DFFE_PP_/D
208	0.0554	axi_crossbar_inst.axi_crossbar_wr_inst.s_ifaces[I].b_arb_inst.grant_valid_reg	mI_axi_bready	axi_crossbar_inst.axi_crossbar_wr_inst.s_ifaces[1].b_arb_inst.grant_valid_reg$_SDFFE_PP0P_/Q	m06_axi_bready
209	0.0556	axi_crossbar_inst.axi_crossbar_wr_inst.s_ifaces[I].addr_inst.thread_id_reg[J][K]	axi_crossbar_inst.axi_crossbar_wr_inst.s_ifaces[I].addr_inst.thread_id_reg[J][K]	axi_crossbar_inst.axi_crossbar_wr_inst.s_ifaces[0].addr_inst.thread_id_reg[1][3]$_DFFE_PP_/Q	axi_crossbar_inst.axi_crossbar_wr_inst.s_ifaces[0].addr_inst.thread_id_reg[1][0]$_DFFE_PP_/D
210	0.0556	axi_crossbar_inst.axi_crossbar_wr_inst.s_ifaces[I].addr_inst.thread_id_reg[J][K]	axi_crossbar_inst.axi_crossbar_wr_inst.s_ifaces[I].addr_inst.thread_m_reg[J][K]	axi_crossbar_inst.axi_crossbar_wr_inst.s_ifaces[0].addr_inst.thread_id_reg[1][3]$_DFFE_PP_/Q	axi_crossbar_inst.axi_crossbar_wr_inst.s_ifaces[0].addr_inst.thread_m_reg[1][0]$_DFFE_PP_/D
211	0.0563	axi_crossbar_inst.axi_crossbar_rd_inst.s_ifaces[I].r_arb_inst.grant_encoded_reg[J]	axi_crossbar_inst.axi_crossbar_rd_inst.s_ifaces[I].r_arb_inst.grant_encoded_reg[J]	axi_crossbar_inst.axi_crossbar_rd_inst.s_ifaces[1].r_arb_inst.grant_encoded_reg[1]$_SDFFE_PP0P_/Q	axi_crossbar_inst.axi_crossbar_rd_inst.s_ifaces[1].r_arb_inst.grant_encoded_reg[3]$_SDFFE_PP0P_/D
212	0.0577	axi_crossbar_inst.axi_crossbar_wr_inst.m_ifaces[I].w_select_reg[J]	axi_crossbar_inst.axi_crossbar_wr_inst.m_ifaces[I].a_arb_inst.grant_reg[J]	axi_crossbar_inst.axi_crossbar_wr_inst.m_ifaces[7].w_select_reg[1]$_DFFE_PP_/Q	axi_crossbar_inst.axi_crossbar_wr_inst.m_ifaces[7].a_arb_inst.grant_reg[2]$_SDFFE_PP0P_/D
213	0.0580	mI_axi_rvalid	axi_crossbar_inst.axi_crossbar_rd_inst.m_ifaces[I].a_arb_inst.grant_valid_reg	m07_axi_rvalid	axi_crossbar_inst.axi_crossbar_rd_inst.m_ifaces[7].a_arb_inst.grant_valid_reg$_SDFFE_PP0P_/D
214	0.0588	axi_crossbar_inst.axi_crossbar_rd_inst.s_ifaces[I].r_arb_inst.grant_valid_reg	mI_axi_rready	axi_crossbar_inst.axi_crossbar_rd_inst.s_ifaces[6].r_arb_inst.grant_valid_reg$_SDFFE_PP0P_/Q	m05_axi_rready
215	0.0589	axi_crossbar_inst.axi_crossbar_rd_inst.s_ifaces[I].r_arb_inst.grant_encoded_reg[J]	axi_crossbar_inst.axi_crossbar_rd_inst.s_ifaces[I].reg_inst.genblkJ.s_axi_rdata_reg[K]	axi_crossbar_inst.axi_crossbar_rd_inst.s_ifaces[0].r_arb_inst.grant_encoded_reg[1]$_SDFFE_PP0P_/Q	axi_crossbar_inst.axi_crossbar_rd_inst.s_ifaces[0].reg_inst.genblk2.s_axi_rdata_reg[22]$_DFFE_PP_/D
216	0.0593	axi_crossbar_inst.axi_crossbar_rd_inst.s_ifaces[I].r_arb_inst.grant_encoded_reg[J]	axi_crossbar_inst.axi_crossbar_rd_inst.s_ifaces[I].r_arb_inst.mask_reg[J]	axi_crossbar_inst.axi_crossbar_rd_inst.s_ifaces[1].r_arb_inst.grant_encoded_reg[1]$_SDFFE_PP0P_/Q	axi_crossbar_inst.axi_crossbar_rd_inst.s_ifaces[1].r_arb_inst.mask_reg[0]$_SDFFE_PP0P_/D
217	0.0613	axi_crossbar_inst.axi_crossbar_wr_inst.m_ifaces[I].w_select_valid_reg	sI_axi_wready	axi_crossbar_inst.axi_crossbar_wr_inst.m_ifaces[7].w_select_valid_reg$_SDFF_PP0_/Q	s00_axi_wready
218	0.0622	axi_crossbar_inst.axi_crossbar_rd_inst.s_ifaces[I].r_arb_inst.grant_encoded_reg[J]	axi_crossbar_inst.axi_crossbar_rd_inst.s_ifaces[I].reg_inst.genblkJ.s_axi_rresp_reg[K]	axi_crossbar_inst.axi_crossbar_rd_inst.s_ifaces[7].r_arb_inst.grant_encoded_reg[1]$_SDFFE_PP0P_/Q	axi_crossbar_inst.axi_crossbar_rd_inst.s_ifaces[7].reg_inst.genblk2.s_axi_rresp_reg[1]$_DFFE_PP_/D
219	0.0623	axi_crossbar_inst.axi_crossbar_rd_inst.s_ifaces[I].addr_inst.trans_count_reg[J]	axi_crossbar_inst.axi_crossbar_rd_inst.s_ifaces[I].addr_inst.trans_count_reg[J]	axi_crossbar_inst.axi_crossbar_rd_inst.s_ifaces[5].addr_inst.trans_count_reg[4]$_SDFFE_PP0P_/Q	axi_crossbar_inst.axi_crossbar_rd_inst.s_ifaces[5].addr_inst.trans_count_reg[4]$_SDFFE_PP0P_/D
220	0.0631	axi_crossbar_inst.axi_crossbar_wr_inst.s_ifaces[I].w_select_reg[J]	sI_axi_wready	axi_crossbar_inst.axi_crossbar_wr_inst.s_ifaces[6].w_select_reg[0]$_DFFE_PP_/Q	s06_axi_wready
221	0.0632	sI_axi_wlast	axi_crossbar_inst.axi_crossbar_wr_inst.m_ifaces[I].reg_inst.genblkJ.m_axi_wlast_reg	s02_axi_wlast	axi_crossbar_inst.axi_crossbar_wr_inst.m_ifaces[7].reg_inst.genblk2.m_axi_wlast_reg$_DFFE_PP_/D
222	0.0634	axi_crossbar_inst.axi_crossbar_rd_inst.s_ifaces[I].addr_inst.thread_count_reg[J][K]	axi_crossbar_inst.axi_crossbar_rd_inst.s_ifaces[I].addr_inst.thread_id_reg[J][K]	axi_crossbar_inst.axi_crossbar_rd_inst.s_ifaces[7].addr_inst.thread_count_reg[0][2]$_SDFFE_PP0P_/Q	axi_crossbar_inst.axi_crossbar_rd_inst.s_ifaces[7].addr_inst.thread_id_reg[1][0]$_DFFE_PP_/D
223	0.0634	axi_crossbar_inst.axi_crossbar_rd_inst.s_ifaces[I].addr_inst.thread_count_reg[J][K]	axi_crossbar_inst.axi_crossbar_rd_inst.s_ifaces[I].addr_inst.thread_m_reg[J][K]	axi_crossbar_inst.axi_crossbar_rd_inst.s_ifaces[7].addr_inst.thread_count_reg[0][2]$_SDFFE_PP0P_/Q	axi_crossbar_inst.axi_crossbar_rd_inst.s_ifaces[7].addr_inst.thread_m_reg[1][0]$_DFFE_PP_/D
224	0.0635	sI_axi_awaddr[J]	axi_crossbar_inst.axi_crossbar_wr_inst.s_ifaces[I].addr_inst.m_select_reg[J]	s01_axi_awaddr[31]	axi_crossbar_inst.axi_crossbar_wr_inst.s_ifaces[1].addr_inst.m_select_reg[1]$_DFF_P_/D
225	0.0636	sI_axi_araddr[J]	axi_crossbar_inst.axi_crossbar_rd_inst.s_ifaces[I].addr_inst.m_select_reg[J]	s02_axi_araddr[27]	axi_crossbar_inst.axi_crossbar_rd_inst.s_ifaces[2].addr_inst.m_select_reg[2]$_DFF_P_/D
226	0.0638	axi_crossbar_inst.axi_crossbar_rd_inst.s_ifaces[I].r_arb_inst.grant_encoded_reg[J]	axi_crossbar_inst.axi_crossbar_rd_inst.m_ifaces[I].a_arb_inst.grant_reg[J]	axi_crossbar_inst.axi_crossbar_rd_inst.s_ifaces[0].r_arb_inst.grant_encoded_reg[0]$_SDFFE_PP0P_/Q	axi_crossbar_inst.axi_crossbar_rd_inst.m_ifaces[2].a_arb_inst.grant_reg[3]$_SDFFE_PP0P_/D
227	0.0659	axi_crossbar_inst.axi_crossbar_rd_inst.s_ifaces[I].r_arb_inst.grant_encoded_reg[J]	axi_crossbar_inst.axi_crossbar_rd_inst.s_ifaces[I].r_arb_inst.grant_valid_reg	axi_crossbar_inst.axi_crossbar_rd_inst.s_ifaces[1].r_arb_inst.grant_encoded_reg[1]$_SDFFE_PP0P_/Q	axi_crossbar_inst.axi_crossbar_rd_inst.s_ifaces[1].r_arb_inst.grant_valid_reg$_SDFFE_PP0P_/D
228	0.0660	axi_crossbar_inst.axi_crossbar_wr_inst.s_ifaces[I].w_select_valid_reg	axi_crossbar_inst.axi_crossbar_wr_inst.m_ifaces[I].a_arb_inst.grant_reg[J]	axi_crossbar_inst.axi_crossbar_wr_inst.s_ifaces[1].w_select_valid_reg$_SDFF_PP0_/Q	axi_crossbar_inst.axi_crossbar_wr_inst.m_ifaces[3].a_arb_inst.grant_reg[1]$_SDFFE_PP0P_/D
229	0.0674	axi_crossbar_inst.axi_crossbar_wr_inst.s_ifaces[I].reg_inst.genblkJ.genblkK.m_axi_bready_reg	axi_crossbar_inst.axi_crossbar_wr_inst.m_ifaces[I].a_arb_inst.grant_encoded_reg[J]	axi_crossbar_inst.axi_crossbar_wr_inst.s_ifaces[1].reg_inst.genblk3.genblk1.m_axi_bready_reg$_SDFF_PP0_/Q	axi_crossbar_inst.axi_crossbar_wr_inst.m_ifaces[6].a_arb_inst.grant_encoded_reg[1]$_SDFFE_PP0P_/D
230	0.0677	mI_axi_rid[J]	axi_crossbar_inst.axi_crossbar_rd_inst.s_ifaces[I].reg_inst.genblkJ.temp_s_axi_rid_reg[K]	m03_axi_rid[4]	axi_crossbar_inst.axi_crossbar_rd_inst.s_ifaces[2].reg_inst.genblk2.temp_s_axi_rid_reg[4]$_DFFE_PP_/D
231	0.0677	axi_crossbar_inst.axi_crossbar_wr_inst.s_ifaces[I].addr_inst.m_select_reg[J]	axi_crossbar_inst.axi_crossbar_wr_inst.m_ifaces[I].a_arb_inst.grant_encoded_reg[J]	axi_crossbar_inst.axi_crossbar_wr_inst.s_ifaces[3].addr_inst.m_select_reg[1]$_DFF_P_/Q	axi_crossbar_inst.axi_crossbar_wr_inst.m_ifaces[1].a_arb_inst.grant_encoded_reg[0]$_SDFFE_PP0P_/D
232	0.0687	axi_crossbar_inst.axi_crossbar_rd_inst.s_ifaces[I].r_arb_inst.grant_valid_reg	axi_crossbar_inst.axi_crossbar_rd_inst.m_ifaces[I].a_arb_inst.grant_reg[J]	axi_crossbar_inst.axi_crossbar_rd_inst.s_ifaces[6].r_arb_inst.grant_valid_reg$_SDFFE_PP0P_/Q	axi_crossbar_inst.axi_crossbar_rd_inst.m_ifaces[3].a_arb_inst.grant_reg[7]$_SDFFE_PP0P_/D
233	0.0689	axi_crossbar_inst.axi_crossbar_wr_inst.m_ifaces[I].w_select_valid_reg	axi_crossbar_inst.axi_crossbar_wr_inst.m_ifaces[I].a_arb_inst.mask_reg[J]	axi_crossbar_inst.axi_crossbar_wr_inst.m_ifaces[2].w_select_valid_reg$_SDFF_PP0_/Q	axi_crossbar_inst.axi_crossbar_wr_inst.m_ifaces[2].a_arb_inst.mask_reg[0]$_SDFFE_PP0P_/D
234	0.0696	axi_crossbar_inst.axi_crossbar_wr_inst.s_ifaces[I].addr_inst.m_decerr_reg	axi_crossbar_inst.axi_crossbar_wr_inst.s_ifaces[I].addr_inst.thread_count_reg[J][K]	axi_crossbar_inst.axi_crossbar_wr_inst.s_ifaces[7].addr_inst.m_decerr_reg$_DFFE_PP_/Q	axi_crossbar_inst.axi_crossbar_wr_inst.s_ifaces[7].addr_inst.thread_count_reg[1][4]$_SDFFE_PP0P_/D
235	0.0706	axi_crossbar_inst.axi_crossbar_rd_inst.s_ifaces[I].addr_inst.m_decerr_reg	axi_crossbar_inst.axi_crossbar_rd_inst.s_ifaces[I].addr_inst.thread_count_reg[J][K]	axi_crossbar_inst.axi_crossbar_rd_inst.s_ifaces[5].addr_inst.m_decerr_reg$_DFFE_PP_/Q	axi_crossbar_inst.axi_crossbar_rd_inst.s_ifaces[5].addr_inst.thread_count_reg[1][4]$_SDFFE_PP0P_/D
236	0.0707	axi_crossbar_inst.axi_crossbar_wr_inst.s_ifaces[I].addr_inst.m_select_reg[J]	axi_crossbar_inst.axi_crossbar_wr_inst.s_ifaces[I].addr_inst.thread_id_reg[J][K]	axi_crossbar_inst.axi_crossbar_wr_inst.s_ifaces[4].addr_inst.m_select_reg[2]$_DFF_P_/Q	axi_crossbar_inst.axi_crossbar_wr_inst.s_ifaces[4].addr_inst.thread_id_reg[0][0]$_DFFE_PP_/D
237	0.0707	axi_crossbar_inst.axi_crossbar_wr_inst.s_ifaces[I].addr_inst.m_select_reg[J]	axi_crossbar_inst.axi_crossbar_wr_inst.s_ifaces[I].addr_inst.thread_m_reg[J][K]	axi_crossbar_inst.axi_crossbar_wr_inst.s_ifaces[4].addr_inst.m_select_reg[2]$_DFF_P_/Q	axi_crossbar_inst.axi_crossbar_wr_inst.s_ifaces[4].addr_inst.thread_m_reg[0][0]$_DFFE_PP_/D
238	0.0717	mI_axi_bid[J]	axi_crossbar_inst.axi_crossbar_wr_inst.s_ifaces[I].reg_inst.genblkJ.genblkK.s_axi_bid_reg[L]	m03_axi_bid[7]	axi_crossbar_inst.axi_crossbar_wr_inst.s_ifaces[5].reg_inst.genblk3.genblk1.s_axi_bid_reg[7]$_DFFE_PP_/D
239	0.0718	axi_crossbar_inst.axi_crossbar_wr_inst.m_ifaces[I].w_select_reg[J]	axi_crossbar_inst.axi_crossbar_wr_inst.m_ifaces[I].a_arb_inst.grant_encoded_reg[J]	axi_crossbar_inst.axi_crossbar_wr_inst.m_ifaces[5].w_select_reg[1]$_DFFE_PP_/Q	axi_crossbar_inst.axi_crossbar_wr_inst.m_ifaces[5].a_arb_inst.grant_encoded_reg[0]$_SDFFE_PP0P_/D
240	0.0731	axi_crossbar_inst.axi_crossbar_wr_inst.s_ifaces[I].addr_inst.m_axi_avalid_reg	axi_crossbar_inst.axi_crossbar_wr_inst.m_ifaces[I].a_arb_inst.grant_encoded_reg[J]	axi_crossbar_inst.axi_crossbar_wr_inst.s_ifaces[6].addr_inst.m_axi_avalid_reg$_SDFF_PP0_/Q	axi_crossbar_inst.axi_crossbar_wr_inst.m_ifaces[4].a_arb_inst.grant_encoded_reg[0]$_SDFFE_PP0P_/D
241	0.0742	sI_axi_wvalid	axi_crossbar_inst.axi_crossbar_wr_inst.m_ifaces[I].w_select_valid_reg	s07_axi_wvalid	axi_crossbar_inst.axi_crossbar_wr_inst.m_ifaces[5].w_select_valid_reg$_SDFF_PP0_/D
242	0.0743	axi_crossbar_inst.axi_crossbar_wr_inst.s_ifaces[I].b_arb_inst.grant_encoded_reg[J]	axi_crossbar_inst.axi_crossbar_wr_inst.s_ifaces[I].reg_inst.genblkJ.genblkK.s_axi_bresp_reg[L]	axi_crossbar_inst.axi_crossbar_wr_inst.s_ifaces[0].b_arb_inst.grant_encoded_reg[1]$_SDFFE_PP0P_/Q	axi_crossbar_inst.axi_crossbar_wr_inst.s_ifaces[0].reg_inst.genblk3.genblk1.s_axi_bresp_reg[0]$_DFFE_PP_/D
243	0.0745	axi_crossbar_inst.axi_crossbar_wr_inst.s_ifaces[I].b_arb_inst.grant_encoded_reg[J]	axi_crossbar_inst.axi_crossbar_wr_inst.m_ifaces[I].a_arb_inst.grant_encoded_reg[J]	axi_crossbar_inst.axi_crossbar_wr_inst.s_ifaces[5].b_arb_inst.grant_encoded_reg[2]$_SDFFE_PP0P_/Q	axi_crossbar_inst.axi_crossbar_wr_inst.m_ifaces[6].a_arb_inst.grant_encoded_reg[1]$_SDFFE_PP0P_/D
244	0.0750	axi_crossbar_inst.axi_crossbar_wr_inst.s_ifaces[I].w_select_reg[J]	axi_crossbar_inst.axi_crossbar_wr_inst.m_ifaces[I].a_arb_inst.grant_reg[J]	axi_crossbar_inst.axi_crossbar_wr_inst.s_ifaces[4].w_select_reg[1]$_DFFE_PP_/Q	axi_crossbar_inst.axi_crossbar_wr_inst.m_ifaces[1].a_arb_inst.grant_reg[0]$_SDFFE_PP0P_/D
245	0.0754	axi_crossbar_inst.axi_crossbar_rd_inst.s_ifaces[I].addr_inst.state_reg[J]	axi_crossbar_inst.axi_crossbar_rd_inst.s_ifaces[I].addr_inst.trans_count_reg[J]	axi_crossbar_inst.axi_crossbar_rd_inst.s_ifaces[7].addr_inst.state_reg[0]$_SDFF_PP0_/Q	axi_crossbar_inst.axi_crossbar_rd_inst.s_ifaces[7].addr_inst.trans_count_reg[4]$_SDFFE_PP0P_/D
246	0.0762	mI_axi_rresp[J]	axi_crossbar_inst.axi_crossbar_rd_inst.s_ifaces[I].reg_inst.genblkJ.s_axi_rresp_reg[K]	m03_axi_rresp[0]	axi_crossbar_inst.axi_crossbar_rd_inst.s_ifaces[0].reg_inst.genblk2.s_axi_rresp_reg[0]$_DFFE_PP_/D
247	0.0774	axi_crossbar_inst.axi_crossbar_wr_inst.m_ifaces[I].trans_count_reg[J]	axi_crossbar_inst.axi_crossbar_wr_inst.m_ifaces[I].a_arb_inst.mask_reg[J]	axi_crossbar_inst.axi_crossbar_wr_inst.m_ifaces[4].trans_count_reg[2]$_SDFFE_PP0P_/Q	axi_crossbar_inst.axi_crossbar_wr_inst.m_ifaces[4].a_arb_inst.mask_reg[0]$_SDFFE_PP0P_/D
248	0.0787	axi_crossbar_inst.axi_crossbar_rd_inst.s_ifaces[I].reg_inst.genblkJ.m_axi_rready_reg	axi_crossbar_inst.axi_crossbar_rd_inst.m_ifaces[I].a_arb_inst.grant_encoded_reg[J]	axi_crossbar_inst.axi_crossbar_rd_inst.s_ifaces[3].reg_inst.genblk2.m_axi_rready_reg$_SDFF_PP0_/Q	axi_crossbar_inst.axi_crossbar_rd_inst.m_ifaces[5].a_arb_inst.grant_encoded_reg[0]$_SDFFE_PP0P_/D
249	0.0803	axi_crossbar_inst.axi_crossbar_wr_inst.m_ifaces[I].reg_inst.genblkJ.s_axi_wready_reg	axi_crossbar_inst.axi_crossbar_wr_inst.m_ifaces[I].a_arb_inst.mask_reg[J]	axi_crossbar_inst.axi_crossbar_wr_inst.m_ifaces[2].reg_inst.genblk2.s_axi_wready_reg$_SDFF_PP0_/Q	axi_crossbar_inst.axi_crossbar_wr_inst.m_ifaces[2].a_arb_inst.mask_reg[0]$_SDFFE_PP0P_/D
250	0.0806	axi_crossbar_inst.axi_crossbar_wr_inst.m_ifaces[I].w_select_reg[J]	axi_crossbar_inst.axi_crossbar_wr_inst.m_ifaces[I].reg_inst.genblkJ.m_axi_wdata_reg[K]	axi_crossbar_inst.axi_crossbar_wr_inst.m_ifaces[6].w_select_reg[1]$_DFFE_PP_/Q	axi_crossbar_inst.axi_crossbar_wr_inst.m_ifaces[6].reg_inst.genblk2.m_axi_wdata_reg[15]$_DFFE_PP_/D
251	0.0808	sI_axi_wdata[J]	axi_crossbar_inst.axi_crossbar_wr_inst.m_ifaces[I].reg_inst.genblkJ.m_axi_wdata_reg[K]	s03_axi_wdata[22]	axi_crossbar_inst.axi_crossbar_wr_inst.m_ifaces[2].reg_inst.genblk2.m_axi_wdata_reg[22]$_DFFE_PP_/D
252	0.0810	sI_axi_wstrb[J]	axi_crossbar_inst.axi_crossbar_wr_inst.m_ifaces[I].reg_inst.genblkJ.m_axi_wstrb_reg[K]	s03_axi_wstrb[0]	axi_crossbar_inst.axi_crossbar_wr_inst.m_ifaces[2].reg_inst.genblk2.m_axi_wstrb_reg[0]$_DFFE_PP_/D
253	0.0813	mI_axi_bvalid	axi_crossbar_inst.axi_crossbar_wr_inst.m_ifaces[I].a_arb_inst.grant_valid_reg	m01_axi_bvalid	axi_crossbar_inst.axi_crossbar_wr_inst.m_ifaces[1].a_arb_inst.grant_valid_reg$_SDFFE_PP0P_/D
254	0.0819	axi_crossbar_inst.axi_crossbar_rd_inst.s_ifaces[I].r_arb_inst.grant_encoded_reg[J]	axi_crossbar_inst.axi_crossbar_rd_inst.s_ifaces[I].addr_inst.state_reg[J]	axi_crossbar_inst.axi_crossbar_rd_inst.s_ifaces[6].r_arb_inst.grant_encoded_reg[1]$_SDFFE_PP0P_/Q	axi_crossbar_inst.axi_crossbar_rd_inst.s_ifaces[6].addr_inst.state_reg[1]$_SDFF_PP0_/D
255	0.0821	axi_crossbar_inst.axi_crossbar_rd_inst.s_ifaces[I].r_arb_inst.grant_encoded_reg[J]	axi_crossbar_inst.axi_crossbar_rd_inst.m_ifaces[I].a_arb_inst.grant_encoded_reg[J]	axi_crossbar_inst.axi_crossbar_rd_inst.s_ifaces[3].r_arb_inst.grant_encoded_reg[2]$_SDFFE_PP0P_/Q	axi_crossbar_inst.axi_crossbar_rd_inst.m_ifaces[5].a_arb_inst.grant_encoded_reg[0]$_SDFFE_PP0P_/D
256	0.0829	axi_crossbar_inst.axi_crossbar_rd_inst.s_ifaces[I].r_arb_inst.grant_encoded_reg[J]	axi_crossbar_inst.axi_crossbar_rd_inst.s_ifaces[I].addr_inst.m_axi_avalid_reg	axi_crossbar_inst.axi_crossbar_rd_inst.s_ifaces[6].r_arb_inst.grant_encoded_reg[1]$_SDFFE_PP0P_/Q	axi_crossbar_inst.axi_crossbar_rd_inst.s_ifaces[6].addr_inst.m_axi_avalid_reg$_SDFF_PP0_/D
257	0.0839	axi_crossbar_inst.axi_crossbar_wr_inst.s_ifaces[I].b_arb_inst.grant_valid_reg	axi_crossbar_inst.axi_crossbar_wr_inst.m_ifaces[I].a_arb_inst.grant_encoded_reg[J]	axi_crossbar_inst.axi_crossbar_wr_inst.s_ifaces[1].b_arb_inst.grant_valid_reg$_SDFFE_PP0P_/Q	axi_crossbar_inst.axi_crossbar_wr_inst.m_ifaces[6].a_arb_inst.grant_encoded_reg[1]$_SDFFE_PP0P_/D
258	0.0841	sI_axi_awid[J]	axi_crossbar_inst.axi_crossbar_wr_inst.m_ifaces[I].reg_inst.genblkJ.genblkK.m_axi_awid_reg[L]	s03_axi_awid[0]	axi_crossbar_inst.axi_crossbar_wr_inst.m_ifaces[0].reg_inst.genblk1.genblk1.m_axi_awid_reg[0]$_DFFE_PP_/D
259	0.0842	sI_axi_arid[J]	axi_crossbar_inst.axi_crossbar_rd_inst.m_ifaces[I].reg_inst.genblkJ.genblkK.m_axi_arid_reg[L]	s07_axi_arid[0]	axi_crossbar_inst.axi_crossbar_rd_inst.m_ifaces[7].reg_inst.genblk1.genblk1.m_axi_arid_reg[0]$_DFFE_PP_/D
260	0.0861	axi_crossbar_inst.axi_crossbar_wr_inst.s_ifaces[I].addr_inst.state_reg[J]	axi_crossbar_inst.axi_crossbar_wr_inst.s_ifaces[I].addr_inst.trans_count_reg[J]	axi_crossbar_inst.axi_crossbar_wr_inst.s_ifaces[5].addr_inst.state_reg[0]$_SDFF_PP0_/Q	axi_crossbar_inst.axi_crossbar_wr_inst.s_ifaces[5].addr_inst.trans_count_reg[4]$_SDFFE_PP0P_/D
261	0.0861	axi_crossbar_inst.axi_crossbar_wr_inst.m_ifaces[I].w_select_reg[J]	axi_crossbar_inst.axi_crossbar_wr_inst.m_ifaces[I].reg_inst.genblkJ.m_axi_wstrb_reg[K]	axi_crossbar_inst.axi_crossbar_wr_inst.m_ifaces[2].w_select_reg[0]$_DFFE_PP_/Q	axi_crossbar_inst.axi_crossbar_wr_inst.m_ifaces[2].reg_inst.genblk2.m_axi_wstrb_reg[0]$_DFFE_PP_/D
262	0.0886	rst	axi_crossbar_inst.axi_crossbar_rd_inst.m_ifaces[I].a_arb_inst.mask_reg[J]	rst	axi_crossbar_inst.axi_crossbar_rd_inst.m_ifaces[1].a_arb_inst.mask_reg[3]$_SDFFE_PP0P_/D
263	0.0886	rst	axi_crossbar_inst.axi_crossbar_rd_inst.m_ifaces[I].a_arb_inst.grant_encoded_reg[J]	rst	axi_crossbar_inst.axi_crossbar_rd_inst.m_ifaces[2].a_arb_inst.grant_encoded_reg[0]$_SDFFE_PP0P_/D
264	0.0886	rst	axi_crossbar_inst.axi_crossbar_rd_inst.m_ifaces[I].a_arb_inst.grant_reg[J]	rst	axi_crossbar_inst.axi_crossbar_rd_inst.m_ifaces[3].a_arb_inst.grant_reg[3]$_SDFFE_PP0P_/D
265	0.0886	rst	axi_crossbar_inst.axi_crossbar_rd_inst.s_ifaces[I].r_arb_inst.grant_encoded_reg[J]	rst	axi_crossbar_inst.axi_crossbar_rd_inst.s_ifaces[4].r_arb_inst.grant_encoded_reg[0]$_SDFFE_PP0P_/D
266	0.0886	rst	axi_crossbar_inst.axi_crossbar_rd_inst.s_ifaces[I].r_arb_inst.grant_reg[J]	rst	axi_crossbar_inst.axi_crossbar_rd_inst.s_ifaces[4].r_arb_inst.grant_reg[0]$_SDFFE_PP0P_/D
267	0.0886	rst	axi_crossbar_inst.axi_crossbar_wr_inst.s_ifaces[I].b_arb_inst.grant_encoded_reg[J]	rst	axi_crossbar_inst.axi_crossbar_wr_inst.s_ifaces[1].b_arb_inst.grant_encoded_reg[1]$_SDFFE_PP0P_/D
268	0.0886	rst	axi_crossbar_inst.axi_crossbar_wr_inst.m_ifaces[I].a_arb_inst.mask_reg[J]	rst	axi_crossbar_inst.axi_crossbar_wr_inst.m_ifaces[7].a_arb_inst.mask_reg[4]$_SDFFE_PP0P_/D
269	0.0889	rst	axi_crossbar_inst.axi_crossbar_rd_inst.m_ifaces[I].trans_count_reg[J]	rst	axi_crossbar_inst.axi_crossbar_rd_inst.m_ifaces[0].trans_count_reg[1]$_SDFFE_PP0P_/D
270	0.0889	rst	axi_crossbar_inst.axi_crossbar_rd_inst.s_ifaces[I].addr_inst.thread_count_reg[J][K]	rst	axi_crossbar_inst.axi_crossbar_rd_inst.s_ifaces[0].addr_inst.thread_count_reg[0][1]$_SDFFE_PP0P_/D
271	0.0889	rst	axi_crossbar_inst.axi_crossbar_rd_inst.s_ifaces[I].addr_inst.trans_count_reg[J]	rst	axi_crossbar_inst.axi_crossbar_rd_inst.s_ifaces[0].addr_inst.trans_count_reg[1]$_SDFFE_PP0P_/D
272	0.0889	rst	axi_crossbar_inst.axi_crossbar_wr_inst.m_ifaces[I].trans_count_reg[J]	rst	axi_crossbar_inst.axi_crossbar_wr_inst.m_ifaces[0].trans_count_reg[1]$_SDFFE_PP0P_/D
273	0.0889	rst	axi_crossbar_inst.axi_crossbar_wr_inst.m_ifaces[I].a_arb_inst.grant_encoded_reg[J]	rst	axi_crossbar_inst.axi_crossbar_wr_inst.m_ifaces[5].a_arb_inst.grant_encoded_reg[1]$_SDFFE_PP0P_/D
274	0.0889	rst	axi_crossbar_inst.axi_crossbar_wr_inst.m_ifaces[I].a_arb_inst.grant_reg[J]	rst	axi_crossbar_inst.axi_crossbar_wr_inst.m_ifaces[7].a_arb_inst.grant_reg[4]$_SDFFE_PP0P_/D
275	0.0889	rst	axi_crossbar_inst.axi_crossbar_wr_inst.s_ifaces[I].addr_inst.thread_count_reg[J][K]	rst	axi_crossbar_inst.axi_crossbar_wr_inst.s_ifaces[0].addr_inst.thread_count_reg[0][1]$_SDFFE_PP0P_/D
276	0.0889	rst	axi_crossbar_inst.axi_crossbar_wr_inst.s_ifaces[I].addr_inst.trans_count_reg[J]	rst	axi_crossbar_inst.axi_crossbar_wr_inst.s_ifaces[0].addr_inst.trans_count_reg[1]$_SDFFE_PP0P_/D
277	0.0889	rst	axi_crossbar_inst.axi_crossbar_wr_inst.s_ifaces[I].b_arb_inst.grant_reg[J]	rst	axi_crossbar_inst.axi_crossbar_wr_inst.s_ifaces[0].b_arb_inst.grant_reg[0]$_SDFFE_PP0P_/D
278	0.0890	axi_crossbar_inst.axi_crossbar_wr_inst.s_ifaces[I].w_select_reg[J]	axi_crossbar_inst.axi_crossbar_wr_inst.m_ifaces[I].a_arb_inst.grant_encoded_reg[J]	axi_crossbar_inst.axi_crossbar_wr_inst.s_ifaces[7].w_select_reg[2]$_DFFE_PP_/Q	axi_crossbar_inst.axi_crossbar_wr_inst.m_ifaces[5].a_arb_inst.grant_encoded_reg[1]$_SDFFE_PP0P_/D
279	0.0898	rst	axi_crossbar_inst.axi_crossbar_wr_inst.s_ifaces[I].b_arb_inst.mask_reg[J]	rst	axi_crossbar_inst.axi_crossbar_wr_inst.s_ifaces[2].b_arb_inst.mask_reg[7]$_SDFFE_PP0P_/D
280	0.0903	axi_crossbar_inst.axi_crossbar_wr_inst.s_ifaces[I].w_select_valid_reg	axi_crossbar_inst.axi_crossbar_wr_inst.m_ifaces[I].a_arb_inst.grant_encoded_reg[J]	axi_crossbar_inst.axi_crossbar_wr_inst.s_ifaces[7].w_select_valid_reg$_SDFF_PP0_/Q	axi_crossbar_inst.axi_crossbar_wr_inst.m_ifaces[5].a_arb_inst.grant_encoded_reg[1]$_SDFFE_PP0P_/D
281	0.0925	axi_crossbar_inst.axi_crossbar_wr_inst.s_ifaces[I].addr_inst.trans_count_reg[J]	axi_crossbar_inst.axi_crossbar_wr_inst.s_ifaces[I].addr_inst.trans_count_reg[J]	axi_crossbar_inst.axi_crossbar_wr_inst.s_ifaces[5].addr_inst.trans_count_reg[4]$_SDFFE_PP0P_/Q	axi_crossbar_inst.axi_crossbar_wr_inst.s_ifaces[5].addr_inst.trans_count_reg[4]$_SDFFE_PP0P_/D
282	0.0944	axi_crossbar_inst.axi_crossbar_rd_inst.s_ifaces[I].r_arb_inst.grant_valid_reg	axi_crossbar_inst.axi_crossbar_rd_inst.m_ifaces[I].a_arb_inst.grant_encoded_reg[J]	axi_crossbar_inst.axi_crossbar_rd_inst.s_ifaces[6].r_arb_inst.grant_valid_reg$_SDFFE_PP0P_/Q	axi_crossbar_inst.axi_crossbar_rd_inst.m_ifaces[1].a_arb_inst.grant_encoded_reg[0]$_SDFFE_PP0P_/D
283	0.0946	axi_crossbar_inst.axi_crossbar_rd_inst.s_ifaces[I].r_arb_inst.grant_encoded_reg[J]	axi_crossbar_inst.axi_crossbar_rd_inst.s_ifaces[I].reg_inst.genblkJ.s_axi_rid_reg[K]	axi_crossbar_inst.axi_crossbar_rd_inst.s_ifaces[0].r_arb_inst.grant_encoded_reg[1]$_SDFFE_PP0P_/Q	axi_crossbar_inst.axi_crossbar_rd_inst.s_ifaces[0].reg_inst.genblk2.s_axi_rid_reg[2]$_DFFE_PP_/D
284	0.0979	rst	axi_crossbar_inst.axi_crossbar_rd_inst.s_ifaces[I].r_arb_inst.grant_valid_reg	rst	axi_crossbar_inst.axi_crossbar_rd_inst.s_ifaces[0].r_arb_inst.grant_valid_reg$_SDFFE_PP0P_/D
285	0.0979	rst	axi_crossbar_inst.axi_crossbar_rd_inst.s_ifaces[I].reg_inst.genblkJ.m_axi_rready_reg	rst	axi_crossbar_inst.axi_crossbar_rd_inst.s_ifaces[0].reg_inst.genblk2.m_axi_rready_reg$_SDFF_PP0_/D
286	0.0979	rst	axi_crossbar_inst.axi_crossbar_wr_inst.m_ifaces[I].reg_inst.genblkJ.genblkK.m_axi_awvalid_reg	rst	axi_crossbar_inst.axi_crossbar_wr_inst.m_ifaces[0].reg_inst.genblk1.genblk1.m_axi_awvalid_reg$_SDFF_PP0_/D
287	0.0979	rst	axi_crossbar_inst.axi_crossbar_wr_inst.m_ifaces[I].reg_inst.genblkJ.genblkK.s_axi_awready_reg	rst	axi_crossbar_inst.axi_crossbar_wr_inst.m_ifaces[1].reg_inst.genblk1.genblk1.s_axi_awready_reg$_SDFF_PP0_/D
288	0.0979	rst	axi_crossbar_inst.axi_crossbar_wr_inst.m_ifaces[I].a_arb_inst.grant_valid_reg	rst	axi_crossbar_inst.axi_crossbar_wr_inst.m_ifaces[4].a_arb_inst.grant_valid_reg$_SDFFE_PP0P_/D
289	0.0991	rst	axi_crossbar_inst.axi_crossbar_rd_inst.s_ifaces[I].r_arb_inst.mask_reg[J]	rst	axi_crossbar_inst.axi_crossbar_rd_inst.s_ifaces[5].r_arb_inst.mask_reg[7]$_SDFFE_PP0P_/D
290	0.0994	sI_axi_rready	axi_crossbar_inst.axi_crossbar_rd_inst.s_ifaces[I].reg_inst.genblkJ.temp_s_axi_rdata_reg[K]	s00_axi_rready	axi_crossbar_inst.axi_crossbar_rd_inst.s_ifaces[0].reg_inst.genblk2.temp_s_axi_rdata_reg[0]$_DFFE_PP_/D
291	0.0994	sI_axi_rready	axi_crossbar_inst.axi_crossbar_rd_inst.s_ifaces[I].reg_inst.genblkJ.temp_s_axi_rid_reg[K]	s00_axi_rready	axi_crossbar_inst.axi_crossbar_rd_inst.s_ifaces[0].reg_inst.genblk2.temp_s_axi_rid_reg[4]$_DFFE_PP_/D
292	0.1015	axi_crossbar_inst.axi_crossbar_rd_inst.s_ifaces[I].r_arb_inst.grant_encoded_reg[J]	axi_crossbar_inst.axi_crossbar_rd_inst.s_ifaces[I].addr_inst.m_rc_valid_reg	axi_crossbar_inst.axi_crossbar_rd_inst.s_ifaces[6].r_arb_inst.grant_encoded_reg[1]$_SDFFE_PP0P_/Q	axi_crossbar_inst.axi_crossbar_rd_inst.s_ifaces[6].addr_inst.m_rc_valid_reg$_SDFF_PP0_/D
293	0.1022	axi_crossbar_inst.axi_crossbar_wr_inst.s_ifaces[I].b_arb_inst.grant_encoded_reg[J]	axi_crossbar_inst.axi_crossbar_wr_inst.s_ifaces[I].addr_inst.state_reg[J]	axi_crossbar_inst.axi_crossbar_wr_inst.s_ifaces[4].b_arb_inst.grant_encoded_reg[1]$_SDFFE_PP0P_/Q	axi_crossbar_inst.axi_crossbar_wr_inst.s_ifaces[4].addr_inst.state_reg[0]$_SDFF_PP0_/D
294	0.1023	axi_crossbar_inst.axi_crossbar_wr_inst.s_ifaces[I].w_drop_reg	axi_crossbar_inst.axi_crossbar_wr_inst.m_ifaces[I].a_arb_inst.grant_reg[J]	axi_crossbar_inst.axi_crossbar_wr_inst.s_ifaces[5].w_drop_reg$_DFF_P_/QN	axi_crossbar_inst.axi_crossbar_wr_inst.m_ifaces[1].a_arb_inst.grant_reg[0]$_SDFFE_PP0P_/D
295	0.1048	axi_crossbar_inst.axi_crossbar_rd_inst.s_ifaces[I].r_arb_inst.grant_encoded_reg[J]	axi_crossbar_inst.axi_crossbar_rd_inst.s_ifaces[I].decerr_len_reg[J]	axi_crossbar_inst.axi_crossbar_rd_inst.s_ifaces[0].r_arb_inst.grant_encoded_reg[0]$_SDFFE_PP0P_/Q	axi_crossbar_inst.axi_crossbar_rd_inst.s_ifaces[0].decerr_len_reg[0]$_DFFE_PP_/D
296	0.1048	axi_crossbar_inst.axi_crossbar_rd_inst.s_ifaces[I].r_arb_inst.grant_encoded_reg[J]	axi_crossbar_inst.axi_crossbar_rd_inst.s_ifaces[I].decerr_m_axi_rlast_reg	axi_crossbar_inst.axi_crossbar_rd_inst.s_ifaces[0].r_arb_inst.grant_encoded_reg[0]$_SDFFE_PP0P_/Q	axi_crossbar_inst.axi_crossbar_rd_inst.s_ifaces[0].decerr_m_axi_rlast_reg$_DFFE_PP_/D
297	0.1060	axi_crossbar_inst.axi_crossbar_wr_inst.m_ifaces[I].w_select_reg[J]	axi_crossbar_inst.axi_crossbar_wr_inst.m_ifaces[I].reg_inst.genblkJ.temp_m_axi_wdata_reg[K]	axi_crossbar_inst.axi_crossbar_wr_inst.m_ifaces[5].w_select_reg[1]$_DFFE_PP_/Q	axi_crossbar_inst.axi_crossbar_wr_inst.m_ifaces[5].reg_inst.genblk2.temp_m_axi_wdata_reg[26]$_DFFE_PP_/D
298	0.1060	axi_crossbar_inst.axi_crossbar_wr_inst.m_ifaces[I].w_select_reg[J]	axi_crossbar_inst.axi_crossbar_wr_inst.m_ifaces[I].reg_inst.genblkJ.temp_m_axi_wstrb_reg[K]	axi_crossbar_inst.axi_crossbar_wr_inst.m_ifaces[5].w_select_reg[1]$_DFFE_PP_/Q	axi_crossbar_inst.axi_crossbar_wr_inst.m_ifaces[5].reg_inst.genblk2.temp_m_axi_wstrb_reg[0]$_DFFE_PP_/D
299	0.1066	axi_crossbar_inst.axi_crossbar_rd_inst.s_ifaces[I].addr_inst.thread_id_reg[J][K]	axi_crossbar_inst.axi_crossbar_rd_inst.s_ifaces[I].addr_inst.thread_id_reg[J][K]	axi_crossbar_inst.axi_crossbar_rd_inst.s_ifaces[0].addr_inst.thread_id_reg[1][5]$_DFFE_PP_/Q	axi_crossbar_inst.axi_crossbar_rd_inst.s_ifaces[0].addr_inst.thread_id_reg[0][0]$_DFFE_PP_/D
300	0.1066	axi_crossbar_inst.axi_crossbar_rd_inst.s_ifaces[I].addr_inst.thread_id_reg[J][K]	axi_crossbar_inst.axi_crossbar_rd_inst.s_ifaces[I].addr_inst.thread_m_reg[J][K]	axi_crossbar_inst.axi_crossbar_rd_inst.s_ifaces[0].addr_inst.thread_id_reg[1][5]$_DFFE_PP_/Q	axi_crossbar_inst.axi_crossbar_rd_inst.s_ifaces[0].addr_inst.thread_m_reg[0][0]$_DFFE_PP_/D
301	0.1083	mI_axi_wready	axi_crossbar_inst.axi_crossbar_wr_inst.m_ifaces[I].reg_inst.genblkJ.temp_m_axi_wdata_reg[K]	m01_axi_wready	axi_crossbar_inst.axi_crossbar_wr_inst.m_ifaces[1].reg_inst.genblk2.temp_m_axi_wdata_reg[13]$_DFFE_PP_/D
302	0.1089	sI_axi_awaddr[J]	axi_crossbar_inst.axi_crossbar_wr_inst.s_ifaces[I].addr_inst.m_decerr_reg	s01_axi_awaddr[31]	axi_crossbar_inst.axi_crossbar_wr_inst.s_ifaces[1].addr_inst.m_decerr_reg$_DFFE_PP_/D
303	0.1090	sI_axi_araddr[J]	axi_crossbar_inst.axi_crossbar_rd_inst.s_ifaces[I].addr_inst.m_decerr_reg	s02_axi_araddr[27]	axi_crossbar_inst.axi_crossbar_rd_inst.s_ifaces[2].addr_inst.m_decerr_reg$_DFFE_PP_/D
304	0.1096	axi_crossbar_inst.axi_crossbar_rd_inst.s_ifaces[I].r_arb_inst.grant_encoded_reg[J]	axi_crossbar_inst.axi_crossbar_rd_inst.s_ifaces[I].reg_inst.genblkJ.temp_s_axi_rresp_reg[K]	axi_crossbar_inst.axi_crossbar_rd_inst.s_ifaces[7].r_arb_inst.grant_encoded_reg[1]$_SDFFE_PP0P_/Q	axi_crossbar_inst.axi_crossbar_rd_inst.s_ifaces[7].reg_inst.genblk2.temp_s_axi_rresp_reg[1]$_DFFE_PP_/D
305	0.1098	sI_axi_wlast	axi_crossbar_inst.axi_crossbar_wr_inst.m_ifaces[I].reg_inst.genblkJ.temp_m_axi_wlast_reg	s05_axi_wlast	axi_crossbar_inst.axi_crossbar_wr_inst.m_ifaces[3].reg_inst.genblk2.temp_m_axi_wlast_reg$_DFFE_PP_/D
306	0.1111	rst	axi_crossbar_inst.axi_crossbar_rd_inst.s_ifaces[I].addr_inst.state_reg[J]	rst	axi_crossbar_inst.axi_crossbar_rd_inst.s_ifaces[5].addr_inst.state_reg[1]$_SDFF_PP0_/D
307	0.1112	rst	axi_crossbar_inst.axi_crossbar_wr_inst.s_ifaces[I].addr_inst.state_reg[J]	rst	axi_crossbar_inst.axi_crossbar_wr_inst.s_ifaces[7].addr_inst.state_reg[1]$_SDFF_PP0_/D
308	0.1129	sI_axi_wdata[J]	axi_crossbar_inst.axi_crossbar_wr_inst.m_ifaces[I].reg_inst.genblkJ.temp_m_axi_wdata_reg[K]	s03_axi_wdata[30]	axi_crossbar_inst.axi_crossbar_wr_inst.m_ifaces[7].reg_inst.genblk2.temp_m_axi_wdata_reg[30]$_DFFE_PP_/D
309	0.1131	sI_axi_wstrb[J]	axi_crossbar_inst.axi_crossbar_wr_inst.m_ifaces[I].reg_inst.genblkJ.temp_m_axi_wstrb_reg[K]	s03_axi_wstrb[0]	axi_crossbar_inst.axi_crossbar_wr_inst.m_ifaces[7].reg_inst.genblk2.temp_m_axi_wstrb_reg[0]$_DFFE_PP_/D
310	0.1165	axi_crossbar_inst.axi_crossbar_wr_inst.s_ifaces[I].b_arb_inst.mask_reg[J]	axi_crossbar_inst.axi_crossbar_wr_inst.s_ifaces[I].b_arb_inst.grant_reg[J]	axi_crossbar_inst.axi_crossbar_wr_inst.s_ifaces[5].b_arb_inst.mask_reg[1]$_SDFFE_PP0P_/Q	axi_crossbar_inst.axi_crossbar_wr_inst.s_ifaces[5].b_arb_inst.grant_reg[3]$_SDFFE_PP0P_/D
311	0.1166	mI_axi_wready	axi_crossbar_inst.axi_crossbar_wr_inst.m_ifaces[I].reg_inst.genblkJ.m_axi_wdata_reg[K]	m06_axi_wready	axi_crossbar_inst.axi_crossbar_wr_inst.m_ifaces[6].reg_inst.genblk2.m_axi_wdata_reg[10]$_DFFE_PP_/D
312	0.1166	mI_axi_wready	axi_crossbar_inst.axi_crossbar_wr_inst.m_ifaces[I].reg_inst.genblkJ.m_axi_wstrb_reg[K]	m06_axi_wready	axi_crossbar_inst.axi_crossbar_wr_inst.m_ifaces[6].reg_inst.genblk2.m_axi_wstrb_reg[0]$_DFFE_PP_/D
313	0.1167	sI_axi_arlen[J]	axi_crossbar_inst.axi_crossbar_rd_inst.m_ifaces[I].reg_inst.genblkJ.genblkK.m_axi_arlen_reg[L]	s03_axi_arlen[1]	axi_crossbar_inst.axi_crossbar_rd_inst.m_ifaces[0].reg_inst.genblk1.genblk1.m_axi_arlen_reg[1]$_DFFE_PP_/D
314	0.1174	mI_axi_bresp[J]	axi_crossbar_inst.axi_crossbar_wr_inst.s_ifaces[I].reg_inst.genblkJ.genblkK.s_axi_bresp_reg[L]	m05_axi_bresp[0]	axi_crossbar_inst.axi_crossbar_wr_inst.s_ifaces[6].reg_inst.genblk3.genblk1.s_axi_bresp_reg[0]$_DFFE_PP_/D
315	0.1174	rst	axi_crossbar_inst.axi_crossbar_wr_inst.m_ifaces[I].w_select_valid_reg	rst	axi_crossbar_inst.axi_crossbar_wr_inst.m_ifaces[7].w_select_valid_reg$_SDFF_PP0_/D
316	0.1175	rst	axi_crossbar_inst.axi_crossbar_rd_inst.s_ifaces[I].reg_inst.genblkJ.temp_s_axi_rvalid_reg	rst	axi_crossbar_inst.axi_crossbar_rd_inst.s_ifaces[1].reg_inst.genblk2.temp_s_axi_rvalid_reg$_SDFFE_PP0P_/D
317	0.1175	rst	axi_crossbar_inst.axi_crossbar_wr_inst.m_ifaces[I].reg_inst.genblkJ.temp_m_axi_wvalid_reg	rst	axi_crossbar_inst.axi_crossbar_wr_inst.m_ifaces[1].reg_inst.genblk2.temp_m_axi_wvalid_reg$_SDFFE_PP0P_/D
318	0.1175	rst	axi_crossbar_inst.axi_crossbar_wr_inst.m_ifaces[I].reg_inst.genblkJ.m_axi_wvalid_reg	rst	axi_crossbar_inst.axi_crossbar_wr_inst.m_ifaces[3].reg_inst.genblk2.m_axi_wvalid_reg$_SDFFE_PP0P_/D
319	0.1185	rst	axi_crossbar_inst.axi_crossbar_rd_inst.s_ifaces[I].reg_inst.genblkJ.s_axi_rvalid_reg	rst	axi_crossbar_inst.axi_crossbar_rd_inst.s_ifaces[0].reg_inst.genblk2.s_axi_rvalid_reg$_SDFFE_PP0P_/D
320	0.1188	axi_crossbar_inst.axi_crossbar_rd_inst.s_ifaces[I].addr_inst.m_select_reg[J]	axi_crossbar_inst.axi_crossbar_rd_inst.m_ifaces[I].a_arb_inst.grant_valid_reg	axi_crossbar_inst.axi_crossbar_rd_inst.s_ifaces[3].addr_inst.m_select_reg[2]$_DFF_P_/Q	axi_crossbar_inst.axi_crossbar_rd_inst.m_ifaces[6].a_arb_inst.grant_valid_reg$_SDFFE_PP0P_/D
321	0.1191	sI_axi_awaddr[J]	axi_crossbar_inst.axi_crossbar_wr_inst.m_ifaces[I].reg_inst.genblkJ.genblkK.m_axi_awaddr_reg[L]	s07_axi_awaddr[29]	axi_crossbar_inst.axi_crossbar_wr_inst.m_ifaces[5].reg_inst.genblk1.genblk1.m_axi_awaddr_reg[29]$_DFFE_PP_/D
322	0.1191	axi_crossbar_inst.axi_crossbar_rd_inst.s_ifaces[I].addr_inst.m_select_reg[J]	axi_crossbar_inst.axi_crossbar_rd_inst.s_ifaces[I].addr_inst.thread_id_reg[J][K]	axi_crossbar_inst.axi_crossbar_rd_inst.s_ifaces[2].addr_inst.m_select_reg[2]$_DFF_P_/Q	axi_crossbar_inst.axi_crossbar_rd_inst.s_ifaces[2].addr_inst.thread_id_reg[0][0]$_DFFE_PP_/D
323	0.1191	axi_crossbar_inst.axi_crossbar_rd_inst.s_ifaces[I].addr_inst.m_select_reg[J]	axi_crossbar_inst.axi_crossbar_rd_inst.s_ifaces[I].addr_inst.thread_m_reg[J][K]	axi_crossbar_inst.axi_crossbar_rd_inst.s_ifaces[2].addr_inst.m_select_reg[2]$_DFF_P_/Q	axi_crossbar_inst.axi_crossbar_rd_inst.s_ifaces[2].addr_inst.thread_m_reg[0][0]$_DFFE_PP_/D
324	0.1192	sI_axi_araddr[J]	axi_crossbar_inst.axi_crossbar_rd_inst.m_ifaces[I].reg_inst.genblkJ.genblkK.m_axi_araddr_reg[L]	s07_axi_araddr[31]	axi_crossbar_inst.axi_crossbar_rd_inst.m_ifaces[7].reg_inst.genblk1.genblk1.m_axi_araddr_reg[31]$_DFFE_PP_/D
325	0.1194	axi_crossbar_inst.axi_crossbar_wr_inst.m_ifaces[I].a_arb_inst.mask_reg[J]	axi_crossbar_inst.axi_crossbar_wr_inst.m_ifaces[I].a_arb_inst.grant_reg[J]	axi_crossbar_inst.axi_crossbar_wr_inst.m_ifaces[1].a_arb_inst.mask_reg[3]$_SDFFE_PP0P_/Q	axi_crossbar_inst.axi_crossbar_wr_inst.m_ifaces[1].a_arb_inst.grant_reg[0]$_SDFFE_PP0P_/D
326	0.1194	axi_crossbar_inst.axi_crossbar_rd_inst.s_ifaces[I].addr_inst.m_axi_avalid_reg	axi_crossbar_inst.axi_crossbar_rd_inst.m_ifaces[I].a_arb_inst.grant_valid_reg	axi_crossbar_inst.axi_crossbar_rd_inst.s_ifaces[3].addr_inst.m_axi_avalid_reg$_SDFF_PP0_/Q	axi_crossbar_inst.axi_crossbar_rd_inst.m_ifaces[6].a_arb_inst.grant_valid_reg$_SDFFE_PP0P_/D
327	0.1208	mI_axi_wready	axi_crossbar_inst.axi_crossbar_wr_inst.m_ifaces[I].reg_inst.genblkJ.temp_m_axi_wstrb_reg[K]	m05_axi_wready	axi_crossbar_inst.axi_crossbar_wr_inst.m_ifaces[5].reg_inst.genblk2.temp_m_axi_wstrb_reg[0]$_DFFE_PP_/D
328	0.1218	sI_axi_arburst[J]	axi_crossbar_inst.axi_crossbar_rd_inst.m_ifaces[I].reg_inst.genblkJ.genblkK.m_axi_arburst_reg[L]	s03_axi_arburst[0]	axi_crossbar_inst.axi_crossbar_rd_inst.m_ifaces[0].reg_inst.genblk1.genblk1.m_axi_arburst_reg[0]$_DFFE_PP_/D
329	0.1218	sI_axi_arcache[J]	axi_crossbar_inst.axi_crossbar_rd_inst.m_ifaces[I].reg_inst.genblkJ.genblkK.m_axi_arcache_reg[L]	s03_axi_arcache[0]	axi_crossbar_inst.axi_crossbar_rd_inst.m_ifaces[0].reg_inst.genblk1.genblk1.m_axi_arcache_reg[0]$_DFFE_PP_/D
330	0.1218	sI_axi_arsize[J]	axi_crossbar_inst.axi_crossbar_rd_inst.m_ifaces[I].reg_inst.genblkJ.genblkK.m_axi_arsize_reg[L]	s03_axi_arsize[0]	axi_crossbar_inst.axi_crossbar_rd_inst.m_ifaces[0].reg_inst.genblk1.genblk1.m_axi_arsize_reg[0]$_DFFE_PP_/D
331	0.1218	sI_axi_awlen[J]	axi_crossbar_inst.axi_crossbar_wr_inst.m_ifaces[I].reg_inst.genblkJ.genblkK.m_axi_awlen_reg[L]	s07_axi_awlen[0]	axi_crossbar_inst.axi_crossbar_wr_inst.m_ifaces[5].reg_inst.genblk1.genblk1.m_axi_awlen_reg[0]$_DFFE_PP_/D
332	0.1218	axi_crossbar_inst.axi_crossbar_wr_inst.s_ifaces[I].b_arb_inst.grant_encoded_reg[J]	axi_crossbar_inst.axi_crossbar_wr_inst.m_ifaces[I].a_arb_inst.grant_valid_reg	axi_crossbar_inst.axi_crossbar_wr_inst.s_ifaces[3].b_arb_inst.grant_encoded_reg[0]$_SDFFE_PP0P_/Q	axi_crossbar_inst.axi_crossbar_wr_inst.m_ifaces[3].a_arb_inst.grant_valid_reg$_SDFFE_PP0P_/D
333	0.1219	sI_axi_arlock	axi_crossbar_inst.axi_crossbar_rd_inst.m_ifaces[I].reg_inst.genblkJ.genblkK.m_axi_arlock_reg	s07_axi_arlock	axi_crossbar_inst.axi_crossbar_rd_inst.m_ifaces[7].reg_inst.genblk1.genblk1.m_axi_arlock_reg$_DFFE_PP_/D
334	0.1219	sI_axi_arprot[J]	axi_crossbar_inst.axi_crossbar_rd_inst.m_ifaces[I].reg_inst.genblkJ.genblkK.m_axi_arprot_reg[L]	s07_axi_arprot[2]	axi_crossbar_inst.axi_crossbar_rd_inst.m_ifaces[7].reg_inst.genblk1.genblk1.m_axi_arprot_reg[2]$_DFFE_PP_/D
335	0.1219	sI_axi_awqos[J]	axi_crossbar_inst.axi_crossbar_wr_inst.m_ifaces[I].reg_inst.genblkJ.genblkK.m_axi_awqos_reg[L]	s03_axi_awqos[3]	axi_crossbar_inst.axi_crossbar_wr_inst.m_ifaces[3].reg_inst.genblk1.genblk1.m_axi_awqos_reg[3]$_DFFE_PP_/D
336	0.1219	sI_axi_arqos[J]	axi_crossbar_inst.axi_crossbar_rd_inst.m_ifaces[I].reg_inst.genblkJ.genblkK.m_axi_arqos_reg[L]	s03_axi_arqos[0]	axi_crossbar_inst.axi_crossbar_rd_inst.m_ifaces[0].reg_inst.genblk1.genblk1.m_axi_arqos_reg[0]$_DFFE_PP_/D
337	0.1219	sI_axi_awburst[J]	axi_crossbar_inst.axi_crossbar_wr_inst.m_ifaces[I].reg_inst.genblkJ.genblkK.m_axi_awburst_reg[L]	s03_axi_awburst[0]	axi_crossbar_inst.axi_crossbar_wr_inst.m_ifaces[0].reg_inst.genblk1.genblk1.m_axi_awburst_reg[0]$_DFFE_PP_/D
338	0.1219	sI_axi_awcache[J]	axi_crossbar_inst.axi_crossbar_wr_inst.m_ifaces[I].reg_inst.genblkJ.genblkK.m_axi_awcache_reg[L]	s03_axi_awcache[0]	axi_crossbar_inst.axi_crossbar_wr_inst.m_ifaces[0].reg_inst.genblk1.genblk1.m_axi_awcache_reg[0]$_DFFE_PP_/D
339	0.1219	sI_axi_awprot[J]	axi_crossbar_inst.axi_crossbar_wr_inst.m_ifaces[I].reg_inst.genblkJ.genblkK.m_axi_awprot_reg[L]	s03_axi_awprot[0]	axi_crossbar_inst.axi_crossbar_wr_inst.m_ifaces[0].reg_inst.genblk1.genblk1.m_axi_awprot_reg[0]$_DFFE_PP_/D
340	0.1219	sI_axi_awsize[J]	axi_crossbar_inst.axi_crossbar_wr_inst.m_ifaces[I].reg_inst.genblkJ.genblkK.m_axi_awsize_reg[L]	s03_axi_awsize[0]	axi_crossbar_inst.axi_crossbar_wr_inst.m_ifaces[0].reg_inst.genblk1.genblk1.m_axi_awsize_reg[0]$_DFFE_PP_/D
341	0.1220	sI_axi_awlock	axi_crossbar_inst.axi_crossbar_wr_inst.m_ifaces[I].reg_inst.genblkJ.genblkK.m_axi_awlock_reg	s03_axi_awlock	axi_crossbar_inst.axi_crossbar_wr_inst.m_ifaces[0].reg_inst.genblk1.genblk1.m_axi_awlock_reg$_DFFE_PP_/D
342	0.1236	mI_axi_rresp[J]	axi_crossbar_inst.axi_crossbar_rd_inst.s_ifaces[I].reg_inst.genblkJ.temp_s_axi_rresp_reg[K]	m03_axi_rresp[0]	axi_crossbar_inst.axi_crossbar_rd_inst.s_ifaces[0].reg_inst.genblk2.temp_s_axi_rresp_reg[0]$_DFFE_PP_/D
343	0.1253	axi_crossbar_inst.axi_crossbar_wr_inst.m_ifaces[I].a_arb_inst.grant_encoded_reg[J]	axi_crossbar_inst.axi_crossbar_wr_inst.m_ifaces[I].reg_inst.genblkJ.genblkK.m_axi_awid_reg[L]	axi_crossbar_inst.axi_crossbar_wr_inst.m_ifaces[3].a_arb_inst.grant_encoded_reg[1]$_SDFFE_PP0P_/Q	axi_crossbar_inst.axi_crossbar_wr_inst.m_ifaces[3].reg_inst.genblk1.genblk1.m_axi_awid_reg[4]$_DFFE_PP_/D
344	0.1253	axi_crossbar_inst.axi_crossbar_rd_inst.s_ifaces[I].r_arb_inst.grant_encoded_reg[J]	axi_crossbar_inst.axi_crossbar_rd_inst.s_ifaces[I].reg_inst.genblkJ.temp_s_axi_rid_reg[K]	axi_crossbar_inst.axi_crossbar_rd_inst.s_ifaces[0].r_arb_inst.grant_encoded_reg[1]$_SDFFE_PP0P_/Q	axi_crossbar_inst.axi_crossbar_rd_inst.s_ifaces[0].reg_inst.genblk2.temp_s_axi_rid_reg[5]$_DFFE_PP_/D
345	0.1258	rst	axi_crossbar_inst.axi_crossbar_rd_inst.s_ifaces[I].addr_inst.s_axi_aready_reg	rst	axi_crossbar_inst.axi_crossbar_rd_inst.s_ifaces[0].addr_inst.s_axi_aready_reg$_SDFF_PP0_/D
346	0.1264	sI_axi_arlen[J]	axi_crossbar_inst.axi_crossbar_rd_inst.s_ifaces[I].decerr_m_axi_rlast_reg	s07_axi_arlen[0]	axi_crossbar_inst.axi_crossbar_rd_inst.s_ifaces[7].decerr_m_axi_rlast_reg$_DFFE_PP_/D
347	0.1264	axi_crossbar_inst.axi_crossbar_wr_inst.s_ifaces[I].b_arb_inst.grant_reg[J]	axi_crossbar_inst.axi_crossbar_wr_inst.s_ifaces[I].b_arb_inst.grant_reg[J]	axi_crossbar_inst.axi_crossbar_wr_inst.s_ifaces[5].b_arb_inst.grant_reg[1]$_SDFFE_PP0P_/QN	axi_crossbar_inst.axi_crossbar_wr_inst.s_ifaces[5].b_arb_inst.grant_reg[3]$_SDFFE_PP0P_/D
348	0.1293	axi_crossbar_inst.axi_crossbar_rd_inst.m_ifaces[I].a_arb_inst.grant_encoded_reg[J]	axi_crossbar_inst.axi_crossbar_rd_inst.m_ifaces[I].reg_inst.genblkJ.genblkK.m_axi_arprot_reg[L]	axi_crossbar_inst.axi_crossbar_rd_inst.m_ifaces[3].a_arb_inst.grant_encoded_reg[1]$_SDFFE_PP0P_/Q	axi_crossbar_inst.axi_crossbar_rd_inst.m_ifaces[3].reg_inst.genblk1.genblk1.m_axi_arprot_reg[0]$_DFFE_PP_/D
349	0.1293	axi_crossbar_inst.axi_crossbar_rd_inst.m_ifaces[I].a_arb_inst.grant_encoded_reg[J]	axi_crossbar_inst.axi_crossbar_rd_inst.m_ifaces[I].reg_inst.genblkJ.genblkK.m_axi_arqos_reg[L]	axi_crossbar_inst.axi_crossbar_rd_inst.m_ifaces[3].a_arb_inst.grant_encoded_reg[1]$_SDFFE_PP0P_/Q	axi_crossbar_inst.axi_crossbar_rd_inst.m_ifaces[3].reg_inst.genblk1.genblk1.m_axi_arqos_reg[0]$_DFFE_PP_/D
350	0.1298	axi_crossbar_inst.axi_crossbar_wr_inst.m_ifaces[I].a_arb_inst.grant_encoded_reg[J]	axi_crossbar_inst.axi_crossbar_wr_inst.m_ifaces[I].reg_inst.genblkJ.genblkK.m_axi_awburst_reg[L]	axi_crossbar_inst.axi_crossbar_wr_inst.m_ifaces[0].a_arb_inst.grant_encoded_reg[1]$_SDFFE_PP0P_/Q	axi_crossbar_inst.axi_crossbar_wr_inst.m_ifaces[0].reg_inst.genblk1.genblk1.m_axi_awburst_reg[0]$_DFFE_PP_/D
351	0.1298	axi_crossbar_inst.axi_crossbar_wr_inst.m_ifaces[I].a_arb_inst.grant_encoded_reg[J]	axi_crossbar_inst.axi_crossbar_wr_inst.m_ifaces[I].reg_inst.genblkJ.genblkK.m_axi_awcache_reg[L]	axi_crossbar_inst.axi_crossbar_wr_inst.m_ifaces[0].a_arb_inst.grant_encoded_reg[1]$_SDFFE_PP0P_/Q	axi_crossbar_inst.axi_crossbar_wr_inst.m_ifaces[0].reg_inst.genblk1.genblk1.m_axi_awcache_reg[0]$_DFFE_PP_/D
352	0.1298	axi_crossbar_inst.axi_crossbar_wr_inst.m_ifaces[I].a_arb_inst.grant_encoded_reg[J]	axi_crossbar_inst.axi_crossbar_wr_inst.m_ifaces[I].reg_inst.genblkJ.genblkK.m_axi_awlen_reg[L]	axi_crossbar_inst.axi_crossbar_wr_inst.m_ifaces[0].a_arb_inst.grant_encoded_reg[1]$_SDFFE_PP0P_/Q	axi_crossbar_inst.axi_crossbar_wr_inst.m_ifaces[0].reg_inst.genblk1.genblk1.m_axi_awlen_reg[1]$_DFFE_PP_/D
353	0.1298	axi_crossbar_inst.axi_crossbar_wr_inst.m_ifaces[I].a_arb_inst.grant_encoded_reg[J]	axi_crossbar_inst.axi_crossbar_wr_inst.m_ifaces[I].reg_inst.genblkJ.genblkK.m_axi_awsize_reg[L]	axi_crossbar_inst.axi_crossbar_wr_inst.m_ifaces[0].a_arb_inst.grant_encoded_reg[1]$_SDFFE_PP0P_/Q	axi_crossbar_inst.axi_crossbar_wr_inst.m_ifaces[0].reg_inst.genblk1.genblk1.m_axi_awsize_reg[0]$_DFFE_PP_/D
354	0.1300	axi_crossbar_inst.axi_crossbar_wr_inst.s_ifaces[I].b_arb_inst.grant_encoded_reg[J]	axi_crossbar_inst.axi_crossbar_wr_inst.s_ifaces[I].reg_inst.genblkJ.genblkK.s_axi_bid_reg[L]	axi_crossbar_inst.axi_crossbar_wr_inst.s_ifaces[0].b_arb_inst.grant_encoded_reg[1]$_SDFFE_PP0P_/Q	axi_crossbar_inst.axi_crossbar_wr_inst.s_ifaces[0].reg_inst.genblk3.genblk1.s_axi_bid_reg[0]$_DFFE_PP_/D
355	0.1304	axi_crossbar_inst.axi_crossbar_rd_inst.s_ifaces[I].addr_inst.m_select_reg[J]	axi_crossbar_inst.axi_crossbar_rd_inst.m_ifaces[I].reg_inst.genblkJ.genblkK.s_axi_arready_reg	axi_crossbar_inst.axi_crossbar_rd_inst.s_ifaces[2].addr_inst.m_select_reg[0]$_DFF_P_/Q	axi_crossbar_inst.axi_crossbar_rd_inst.m_ifaces[5].reg_inst.genblk1.genblk1.s_axi_arready_reg$_SDFF_PP0_/D
356	0.1306	rst	axi_crossbar_inst.axi_crossbar_wr_inst.m_ifaces[I].w_select_new_reg	rst	axi_crossbar_inst.axi_crossbar_wr_inst.m_ifaces[0].w_select_new_reg$_SDFF_PP1_/D
357	0.1313	axi_crossbar_inst.axi_crossbar_wr_inst.m_ifaces[I].a_arb_inst.grant_encoded_reg[J]	axi_crossbar_inst.axi_crossbar_wr_inst.m_ifaces[I].reg_inst.genblkJ.genblkK.m_axi_awaddr_reg[L]	axi_crossbar_inst.axi_crossbar_wr_inst.m_ifaces[5].a_arb_inst.grant_encoded_reg[1]$_SDFFE_PP0P_/Q	axi_crossbar_inst.axi_crossbar_wr_inst.m_ifaces[5].reg_inst.genblk1.genblk1.m_axi_awaddr_reg[22]$_DFFE_PP_/D
358	0.1318	axi_crossbar_inst.axi_crossbar_wr_inst.s_ifaces[I].b_arb_inst.grant_encoded_reg[J]	axi_crossbar_inst.axi_crossbar_wr_inst.s_ifaces[I].addr_inst.m_wc_valid_reg	axi_crossbar_inst.axi_crossbar_wr_inst.s_ifaces[4].b_arb_inst.grant_encoded_reg[1]$_SDFFE_PP0P_/Q	axi_crossbar_inst.axi_crossbar_wr_inst.s_ifaces[4].addr_inst.m_wc_valid_reg$_SDFF_PP0_/D
359	0.1324	axi_crossbar_inst.axi_crossbar_rd_inst.m_ifaces[I].a_arb_inst.grant_encoded_reg[J]	axi_crossbar_inst.axi_crossbar_rd_inst.m_ifaces[I].reg_inst.genblkJ.genblkK.m_axi_araddr_reg[L]	axi_crossbar_inst.axi_crossbar_rd_inst.m_ifaces[1].a_arb_inst.grant_encoded_reg[1]$_SDFFE_PP0P_/Q	axi_crossbar_inst.axi_crossbar_rd_inst.m_ifaces[1].reg_inst.genblk1.genblk1.m_axi_araddr_reg[11]$_DFFE_PP_/D
360	0.1324	axi_crossbar_inst.axi_crossbar_rd_inst.m_ifaces[I].a_arb_inst.mask_reg[J]	axi_crossbar_inst.axi_crossbar_rd_inst.m_ifaces[I].a_arb_inst.grant_reg[J]	axi_crossbar_inst.axi_crossbar_rd_inst.m_ifaces[0].a_arb_inst.mask_reg[6]$_SDFFE_PP0P_/Q	axi_crossbar_inst.axi_crossbar_rd_inst.m_ifaces[0].a_arb_inst.grant_reg[7]$_SDFFE_PP0P_/D
361	0.1324	axi_crossbar_inst.axi_crossbar_rd_inst.m_ifaces[I].a_arb_inst.grant_encoded_reg[J]	axi_crossbar_inst.axi_crossbar_rd_inst.m_ifaces[I].reg_inst.genblkJ.genblkK.m_axi_arburst_reg[L]	axi_crossbar_inst.axi_crossbar_rd_inst.m_ifaces[1].a_arb_inst.grant_encoded_reg[1]$_SDFFE_PP0P_/Q	axi_crossbar_inst.axi_crossbar_rd_inst.m_ifaces[1].reg_inst.genblk1.genblk1.m_axi_arburst_reg[0]$_DFFE_PP_/D
362	0.1324	axi_crossbar_inst.axi_crossbar_rd_inst.m_ifaces[I].a_arb_inst.grant_encoded_reg[J]	axi_crossbar_inst.axi_crossbar_rd_inst.m_ifaces[I].reg_inst.genblkJ.genblkK.m_axi_arsize_reg[L]	axi_crossbar_inst.axi_crossbar_rd_inst.m_ifaces[1].a_arb_inst.grant_encoded_reg[1]$_SDFFE_PP0P_/Q	axi_crossbar_inst.axi_crossbar_rd_inst.m_ifaces[1].reg_inst.genblk1.genblk1.m_axi_arsize_reg[1]$_DFFE_PP_/D
363	0.1324	axi_crossbar_inst.axi_crossbar_rd_inst.m_ifaces[I].a_arb_inst.grant_encoded_reg[J]	axi_crossbar_inst.axi_crossbar_rd_inst.m_ifaces[I].reg_inst.genblkJ.genblkK.m_axi_arid_reg[L]	axi_crossbar_inst.axi_crossbar_rd_inst.m_ifaces[1].a_arb_inst.grant_encoded_reg[1]$_SDFFE_PP0P_/Q	axi_crossbar_inst.axi_crossbar_rd_inst.m_ifaces[1].reg_inst.genblk1.genblk1.m_axi_arid_reg[0]$_DFFE_PP_/D
364	0.1324	axi_crossbar_inst.axi_crossbar_rd_inst.m_ifaces[I].a_arb_inst.grant_encoded_reg[J]	axi_crossbar_inst.axi_crossbar_rd_inst.m_ifaces[I].reg_inst.genblkJ.genblkK.m_axi_arlen_reg[L]	axi_crossbar_inst.axi_crossbar_rd_inst.m_ifaces[1].a_arb_inst.grant_encoded_reg[1]$_SDFFE_PP0P_/Q	axi_crossbar_inst.axi_crossbar_rd_inst.m_ifaces[1].reg_inst.genblk1.genblk1.m_axi_arlen_reg[0]$_DFFE_PP_/D
365	0.1325	axi_crossbar_inst.axi_crossbar_rd_inst.m_ifaces[I].a_arb_inst.grant_encoded_reg[J]	axi_crossbar_inst.axi_crossbar_rd_inst.m_ifaces[I].reg_inst.genblkJ.genblkK.m_axi_arcache_reg[L]	axi_crossbar_inst.axi_crossbar_rd_inst.m_ifaces[1].a_arb_inst.grant_encoded_reg[1]$_SDFFE_PP0P_/Q	axi_crossbar_inst.axi_crossbar_rd_inst.m_ifaces[1].reg_inst.genblk1.genblk1.m_axi_arcache_reg[3]$_DFFE_PP_/D
366	0.1325	axi_crossbar_inst.axi_crossbar_rd_inst.m_ifaces[I].a_arb_inst.grant_encoded_reg[J]	axi_crossbar_inst.axi_crossbar_rd_inst.m_ifaces[I].reg_inst.genblkJ.genblkK.m_axi_arlock_reg	axi_crossbar_inst.axi_crossbar_rd_inst.m_ifaces[1].a_arb_inst.grant_encoded_reg[1]$_SDFFE_PP0P_/Q	axi_crossbar_inst.axi_crossbar_rd_inst.m_ifaces[1].reg_inst.genblk1.genblk1.m_axi_arlock_reg$_DFFE_PP_/D
367	0.1334	axi_crossbar_inst.axi_crossbar_wr_inst.m_ifaces[I].w_select_reg[J]	axi_crossbar_inst.axi_crossbar_wr_inst.s_ifaces[I].w_drop_reg	axi_crossbar_inst.axi_crossbar_wr_inst.m_ifaces[3].w_select_reg[0]$_DFFE_PP_/Q	axi_crossbar_inst.axi_crossbar_wr_inst.s_ifaces[7].w_drop_reg$_DFF_P_/D
368	0.1338	axi_crossbar_inst.axi_crossbar_rd_inst.s_ifaces[I].r_arb_inst.grant_reg[J]	axi_crossbar_inst.axi_crossbar_rd_inst.s_ifaces[I].r_arb_inst.grant_reg[J]	axi_crossbar_inst.axi_crossbar_rd_inst.s_ifaces[3].r_arb_inst.grant_reg[3]$_SDFFE_PP0P_/QN	axi_crossbar_inst.axi_crossbar_rd_inst.s_ifaces[3].r_arb_inst.grant_reg[3]$_SDFFE_PP0P_/D
369	0.1353	rst	axi_crossbar_inst.axi_crossbar_wr_inst.s_ifaces[I].addr_inst.s_axi_aready_reg	rst	axi_crossbar_inst.axi_crossbar_wr_inst.s_ifaces[6].addr_inst.s_axi_aready_reg$_SDFF_PP0_/D
370	0.1355	axi_crossbar_inst.axi_crossbar_wr_inst.m_ifaces[I].a_arb_inst.grant_encoded_reg[J]	axi_crossbar_inst.axi_crossbar_wr_inst.m_ifaces[I].reg_inst.genblkJ.genblkK.m_axi_awprot_reg[L]	axi_crossbar_inst.axi_crossbar_wr_inst.m_ifaces[0].a_arb_inst.grant_encoded_reg[1]$_SDFFE_PP0P_/Q	axi_crossbar_inst.axi_crossbar_wr_inst.m_ifaces[0].reg_inst.genblk1.genblk1.m_axi_awprot_reg[0]$_DFFE_PP_/D
371	0.1355	axi_crossbar_inst.axi_crossbar_wr_inst.m_ifaces[I].a_arb_inst.grant_encoded_reg[J]	axi_crossbar_inst.axi_crossbar_wr_inst.m_ifaces[I].reg_inst.genblkJ.genblkK.m_axi_awqos_reg[L]	axi_crossbar_inst.axi_crossbar_wr_inst.m_ifaces[0].a_arb_inst.grant_encoded_reg[1]$_SDFFE_PP0P_/Q	axi_crossbar_inst.axi_crossbar_wr_inst.m_ifaces[0].reg_inst.genblk1.genblk1.m_axi_awqos_reg[0]$_DFFE_PP_/D
372	0.1361	sI_axi_awvalid	axi_crossbar_inst.axi_crossbar_wr_inst.s_ifaces[I].addr_inst.thread_m_reg[J][K]	s06_axi_awvalid	axi_crossbar_inst.axi_crossbar_wr_inst.s_ifaces[6].addr_inst.thread_m_reg[0][2]$_DFFE_PP_/D
373	0.1370	axi_crossbar_inst.axi_crossbar_wr_inst.m_ifaces[I].a_arb_inst.grant_reg[J]	axi_crossbar_inst.axi_crossbar_wr_inst.m_ifaces[I].a_arb_inst.grant_reg[J]	axi_crossbar_inst.axi_crossbar_wr_inst.m_ifaces[7].a_arb_inst.grant_reg[3]$_SDFFE_PP0P_/Q	axi_crossbar_inst.axi_crossbar_wr_inst.m_ifaces[7].a_arb_inst.grant_reg[4]$_SDFFE_PP0P_/D
374	0.1373	axi_crossbar_inst.axi_crossbar_rd_inst.m_ifaces[I].a_arb_inst.grant_reg[J]	axi_crossbar_inst.axi_crossbar_rd_inst.m_ifaces[I].a_arb_inst.grant_reg[J]	axi_crossbar_inst.axi_crossbar_rd_inst.m_ifaces[0].a_arb_inst.grant_reg[6]$_SDFFE_PP0P_/QN	axi_crossbar_inst.axi_crossbar_rd_inst.m_ifaces[0].a_arb_inst.grant_reg[7]$_SDFFE_PP0P_/D
375	0.1376	sI_axi_arvalid	axi_crossbar_inst.axi_crossbar_rd_inst.s_ifaces[I].addr_inst.thread_m_reg[J][K]	s02_axi_arvalid	axi_crossbar_inst.axi_crossbar_rd_inst.s_ifaces[2].addr_inst.thread_m_reg[0][2]$_DFFE_PP_/D
376	0.1389	mI_axi_rdata[J]	axi_crossbar_inst.axi_crossbar_rd_inst.s_ifaces[I].reg_inst.genblkJ.temp_s_axi_rdata_reg[K]	m03_axi_rdata[10]	axi_crossbar_inst.axi_crossbar_rd_inst.s_ifaces[7].reg_inst.genblk2.temp_s_axi_rdata_reg[10]$_DFFE_PP_/D
377	0.1391	axi_crossbar_inst.axi_crossbar_wr_inst.m_ifaces[I].w_select_reg[J]	axi_crossbar_inst.axi_crossbar_wr_inst.s_ifaces[I].w_select_valid_reg	axi_crossbar_inst.axi_crossbar_wr_inst.m_ifaces[3].w_select_reg[0]$_DFFE_PP_/Q	axi_crossbar_inst.axi_crossbar_wr_inst.s_ifaces[7].w_select_valid_reg$_SDFF_PP0_/D
378	0.1398	axi_crossbar_inst.axi_crossbar_wr_inst.m_ifaces[I].a_arb_inst.grant_encoded_reg[J]	axi_crossbar_inst.axi_crossbar_wr_inst.m_ifaces[I].reg_inst.genblkJ.genblkK.m_axi_awlock_reg	axi_crossbar_inst.axi_crossbar_wr_inst.m_ifaces[3].a_arb_inst.grant_encoded_reg[1]$_SDFFE_PP0P_/Q	axi_crossbar_inst.axi_crossbar_wr_inst.m_ifaces[3].reg_inst.genblk1.genblk1.m_axi_awlock_reg$_DFFE_PP_/D
379	0.1401	mI_axi_rlast	axi_crossbar_inst.axi_crossbar_rd_inst.m_ifaces[I].a_arb_inst.grant_valid_reg	m07_axi_rlast	axi_crossbar_inst.axi_crossbar_rd_inst.m_ifaces[7].a_arb_inst.grant_valid_reg$_SDFFE_PP0P_/D
380	0.1421	axi_crossbar_inst.axi_crossbar_rd_inst.s_ifaces[I].decerr_m_axi_rvalid_reg	axi_crossbar_inst.axi_crossbar_rd_inst.s_ifaces[I].addr_inst.thread_id_reg[J][K]	axi_crossbar_inst.axi_crossbar_rd_inst.s_ifaces[2].decerr_m_axi_rvalid_reg$_SDFF_PP0_/Q	axi_crossbar_inst.axi_crossbar_rd_inst.s_ifaces[2].addr_inst.thread_id_reg[0][0]$_DFFE_PP_/D
381	0.1421	axi_crossbar_inst.axi_crossbar_rd_inst.s_ifaces[I].decerr_m_axi_rvalid_reg	axi_crossbar_inst.axi_crossbar_rd_inst.s_ifaces[I].addr_inst.thread_m_reg[J][K]	axi_crossbar_inst.axi_crossbar_rd_inst.s_ifaces[2].decerr_m_axi_rvalid_reg$_SDFF_PP0_/Q	axi_crossbar_inst.axi_crossbar_rd_inst.s_ifaces[2].addr_inst.thread_m_reg[0][0]$_DFFE_PP_/D
382	0.1427	sI_axi_rready	axi_crossbar_inst.axi_crossbar_rd_inst.s_ifaces[I].reg_inst.genblkJ.temp_s_axi_rlast_reg	s02_axi_rready	axi_crossbar_inst.axi_crossbar_rd_inst.s_ifaces[2].reg_inst.genblk2.temp_s_axi_rlast_reg$_DFFE_PP_/D
383	0.1433	axi_crossbar_inst.axi_crossbar_rd_inst.m_ifaces[I].trans_count_reg[J]	axi_crossbar_inst.axi_crossbar_rd_inst.m_ifaces[I].a_arb_inst.mask_reg[J]	axi_crossbar_inst.axi_crossbar_rd_inst.m_ifaces[1].trans_count_reg[2]$_SDFFE_PP0P_/Q	axi_crossbar_inst.axi_crossbar_rd_inst.m_ifaces[1].a_arb_inst.mask_reg[0]$_SDFFE_PP0P_/D
384	0.1434	rst	axi_crossbar_inst.axi_crossbar_rd_inst.m_ifaces[I].a_arb_inst.grant_valid_reg	rst	axi_crossbar_inst.axi_crossbar_rd_inst.m_ifaces[0].a_arb_inst.grant_valid_reg$_SDFFE_PP0P_/D
385	0.1434	rst	axi_crossbar_inst.axi_crossbar_rd_inst.m_ifaces[I].reg_inst.genblkJ.genblkK.m_axi_arvalid_reg	rst	axi_crossbar_inst.axi_crossbar_rd_inst.m_ifaces[1].reg_inst.genblk1.genblk1.m_axi_arvalid_reg$_SDFF_PP0_/D
386	0.1434	rst	axi_crossbar_inst.axi_crossbar_rd_inst.s_ifaces[I].addr_inst.m_rc_valid_reg	rst	axi_crossbar_inst.axi_crossbar_rd_inst.s_ifaces[4].addr_inst.m_rc_valid_reg$_SDFF_PP0_/D
387	0.1434	rst	axi_crossbar_inst.axi_crossbar_wr_inst.m_ifaces[I].reg_inst.genblkJ.s_axi_wready_reg	rst	axi_crossbar_inst.axi_crossbar_wr_inst.m_ifaces[1].reg_inst.genblk2.s_axi_wready_reg$_SDFF_PP0_/D
388	0.1434	rst	axi_crossbar_inst.axi_crossbar_wr_inst.s_ifaces[I].w_select_valid_reg	rst	axi_crossbar_inst.axi_crossbar_wr_inst.s_ifaces[0].w_select_valid_reg$_SDFF_PP0_/D
389	0.1434	rst	axi_crossbar_inst.axi_crossbar_wr_inst.s_ifaces[I].addr_inst.m_rc_valid_reg	rst	axi_crossbar_inst.axi_crossbar_wr_inst.s_ifaces[1].addr_inst.m_rc_valid_reg$_SDFF_PP0_/D
390	0.1434	rst	axi_crossbar_inst.axi_crossbar_wr_inst.s_ifaces[I].addr_inst.m_wc_valid_reg	rst	axi_crossbar_inst.axi_crossbar_wr_inst.s_ifaces[1].addr_inst.m_wc_valid_reg$_SDFF_PP0_/D
391	0.1434	rst	axi_crossbar_inst.axi_crossbar_wr_inst.s_ifaces[I].reg_inst.genblkJ.genblkK.s_axi_bvalid_reg	rst	axi_crossbar_inst.axi_crossbar_wr_inst.s_ifaces[1].reg_inst.genblk3.genblk1.s_axi_bvalid_reg$_SDFF_PP0_/D
392	0.1434	rst	axi_crossbar_inst.axi_crossbar_wr_inst.s_ifaces[I].b_arb_inst.grant_valid_reg	rst	axi_crossbar_inst.axi_crossbar_wr_inst.s_ifaces[2].b_arb_inst.grant_valid_reg$_SDFFE_PP0P_/D
393	0.1437	axi_crossbar_inst.axi_crossbar_wr_inst.s_ifaces[I].addr_inst.m_select_reg[J]	axi_crossbar_inst.axi_crossbar_wr_inst.s_ifaces[I].addr_inst.state_reg[J]	axi_crossbar_inst.axi_crossbar_wr_inst.s_ifaces[7].addr_inst.m_select_reg[0]$_DFF_P_/Q	axi_crossbar_inst.axi_crossbar_wr_inst.s_ifaces[7].addr_inst.state_reg[1]$_SDFF_PP0_/D
394	0.1439	axi_crossbar_inst.axi_crossbar_rd_inst.s_ifaces[I].addr_inst.m_select_reg[J]	axi_crossbar_inst.axi_crossbar_rd_inst.m_ifaces[I].reg_inst.genblkJ.genblkK.m_axi_arvalid_reg	axi_crossbar_inst.axi_crossbar_rd_inst.s_ifaces[2].addr_inst.m_select_reg[0]$_DFF_P_/Q	axi_crossbar_inst.axi_crossbar_rd_inst.m_ifaces[5].reg_inst.genblk1.genblk1.m_axi_arvalid_reg$_SDFF_PP0_/D
395	0.1445	axi_crossbar_inst.axi_crossbar_rd_inst.s_ifaces[I].addr_inst.m_decerr_reg	axi_crossbar_inst.axi_crossbar_rd_inst.s_ifaces[I].addr_inst.trans_count_reg[J]	axi_crossbar_inst.axi_crossbar_rd_inst.s_ifaces[6].addr_inst.m_decerr_reg$_DFFE_PP_/Q	axi_crossbar_inst.axi_crossbar_rd_inst.s_ifaces[6].addr_inst.trans_count_reg[4]$_SDFFE_PP0P_/D
396	0.1452	axi_crossbar_inst.axi_crossbar_wr_inst.s_ifaces[I].w_drop_reg	axi_crossbar_inst.axi_crossbar_wr_inst.m_ifaces[I].a_arb_inst.grant_encoded_reg[J]	axi_crossbar_inst.axi_crossbar_wr_inst.s_ifaces[5].w_drop_reg$_DFF_P_/QN	axi_crossbar_inst.axi_crossbar_wr_inst.m_ifaces[5].a_arb_inst.grant_encoded_reg[1]$_SDFFE_PP0P_/D
397	0.1452	sI_axi_rready	axi_crossbar_inst.axi_crossbar_rd_inst.s_ifaces[I].reg_inst.genblkJ.temp_s_axi_rresp_reg[K]	s00_axi_rready	axi_crossbar_inst.axi_crossbar_rd_inst.s_ifaces[0].reg_inst.genblk2.temp_s_axi_rresp_reg[0]$_DFFE_PP_/D
398	0.1457	axi_crossbar_inst.axi_crossbar_wr_inst.s_ifaces[I].w_select_valid_reg	axi_crossbar_inst.axi_crossbar_wr_inst.m_ifaces[I].a_arb_inst.grant_valid_reg	axi_crossbar_inst.axi_crossbar_wr_inst.s_ifaces[1].w_select_valid_reg$_SDFF_PP0_/Q	axi_crossbar_inst.axi_crossbar_wr_inst.m_ifaces[3].a_arb_inst.grant_valid_reg$_SDFFE_PP0P_/D
399	0.1462	sI_axi_rready	axi_crossbar_inst.axi_crossbar_rd_inst.s_ifaces[I].reg_inst.genblkJ.s_axi_rid_reg[K]	s03_axi_rready	axi_crossbar_inst.axi_crossbar_rd_inst.s_ifaces[3].reg_inst.genblk2.s_axi_rid_reg[7]$_DFFE_PP_/D
400	0.1467	sI_axi_rready	axi_crossbar_inst.axi_crossbar_rd_inst.s_ifaces[I].reg_inst.genblkJ.s_axi_rlast_reg	s04_axi_rready	axi_crossbar_inst.axi_crossbar_rd_inst.s_ifaces[4].reg_inst.genblk2.s_axi_rlast_reg$_DFFE_PP_/D
401	0.1467	sI_axi_rready	axi_crossbar_inst.axi_crossbar_rd_inst.s_ifaces[I].reg_inst.genblkJ.s_axi_rresp_reg[K]	s04_axi_rready	axi_crossbar_inst.axi_crossbar_rd_inst.s_ifaces[4].reg_inst.genblk2.s_axi_rresp_reg[0]$_DFFE_PP_/D
402	0.1473	axi_crossbar_inst.axi_crossbar_rd_inst.s_ifaces[I].addr_inst.m_axi_avalid_reg	axi_crossbar_inst.axi_crossbar_rd_inst.m_ifaces[I].reg_inst.genblkJ.genblkK.m_axi_arvalid_reg	axi_crossbar_inst.axi_crossbar_rd_inst.s_ifaces[3].addr_inst.m_axi_avalid_reg$_SDFF_PP0_/Q	axi_crossbar_inst.axi_crossbar_rd_inst.m_ifaces[7].reg_inst.genblk1.genblk1.m_axi_arvalid_reg$_SDFF_PP0_/D
403	0.1477	axi_crossbar_inst.axi_crossbar_wr_inst.m_ifaces[I].a_arb_inst.grant_reg[J]	axi_crossbar_inst.axi_crossbar_wr_inst.m_ifaces[I].a_arb_inst.grant_encoded_reg[J]	axi_crossbar_inst.axi_crossbar_wr_inst.m_ifaces[7].a_arb_inst.grant_reg[3]$_SDFFE_PP0P_/Q	axi_crossbar_inst.axi_crossbar_wr_inst.m_ifaces[7].a_arb_inst.grant_encoded_reg[2]$_SDFFE_PP0P_/D
404	0.1478	axi_crossbar_inst.axi_crossbar_wr_inst.s_ifaces[I].addr_inst.m_select_reg[J]	axi_crossbar_inst.axi_crossbar_wr_inst.m_ifaces[I].a_arb_inst.grant_valid_reg	axi_crossbar_inst.axi_crossbar_wr_inst.s_ifaces[1].addr_inst.m_select_reg[1]$_DFF_P_/Q	axi_crossbar_inst.axi_crossbar_wr_inst.m_ifaces[4].a_arb_inst.grant_valid_reg$_SDFFE_PP0P_/D
405	0.1481	axi_crossbar_inst.axi_crossbar_wr_inst.m_ifaces[I].a_arb_inst.grant_valid_reg	axi_crossbar_inst.axi_crossbar_wr_inst.m_ifaces[I].a_arb_inst.grant_reg[J]	axi_crossbar_inst.axi_crossbar_wr_inst.m_ifaces[2].a_arb_inst.grant_valid_reg$_SDFFE_PP0P_/Q	axi_crossbar_inst.axi_crossbar_wr_inst.m_ifaces[2].a_arb_inst.grant_reg[0]$_SDFFE_PP0P_/D
406	0.1482	axi_crossbar_inst.axi_crossbar_wr_inst.s_ifaces[I].reg_inst.genblkJ.genblkK.m_axi_bready_reg	axi_crossbar_inst.axi_crossbar_wr_inst.m_ifaces[I].a_arb_inst.grant_valid_reg	axi_crossbar_inst.axi_crossbar_wr_inst.s_ifaces[1].reg_inst.genblk3.genblk1.m_axi_bready_reg$_SDFF_PP0_/Q	axi_crossbar_inst.axi_crossbar_wr_inst.m_ifaces[6].a_arb_inst.grant_valid_reg$_SDFFE_PP0P_/D
407	0.1489	sI_axi_rready	axi_crossbar_inst.axi_crossbar_rd_inst.s_ifaces[I].reg_inst.genblkJ.s_axi_rdata_reg[K]	s03_axi_rready	axi_crossbar_inst.axi_crossbar_rd_inst.s_ifaces[3].reg_inst.genblk2.s_axi_rdata_reg[22]$_DFFE_PP_/D
408	0.1510	axi_crossbar_inst.axi_crossbar_rd_inst.s_ifaces[I].r_arb_inst.mask_reg[J]	axi_crossbar_inst.axi_crossbar_rd_inst.s_ifaces[I].r_arb_inst.grant_reg[J]	axi_crossbar_inst.axi_crossbar_rd_inst.s_ifaces[7].r_arb_inst.mask_reg[7]$_SDFFE_PP0P_/Q	axi_crossbar_inst.axi_crossbar_rd_inst.s_ifaces[7].r_arb_inst.grant_reg[6]$_SDFFE_PP0P_/D
409	0.1516	axi_crossbar_inst.axi_crossbar_wr_inst.s_ifaces[I].addr_inst.m_select_reg[J]	axi_crossbar_inst.axi_crossbar_wr_inst.s_ifaces[I].addr_inst.s_axi_aready_reg	axi_crossbar_inst.axi_crossbar_wr_inst.s_ifaces[7].addr_inst.m_select_reg[0]$_DFF_P_/Q	axi_crossbar_inst.axi_crossbar_wr_inst.s_ifaces[7].addr_inst.s_axi_aready_reg$_SDFF_PP0_/D
410	0.1518	axi_crossbar_inst.axi_crossbar_wr_inst.s_ifaces[I].addr_inst.m_select_reg[J]	axi_crossbar_inst.axi_crossbar_wr_inst.m_ifaces[I].reg_inst.genblkJ.genblkK.m_axi_awvalid_reg	axi_crossbar_inst.axi_crossbar_wr_inst.s_ifaces[6].addr_inst.m_select_reg[0]$_DFF_P_/Q	axi_crossbar_inst.axi_crossbar_wr_inst.m_ifaces[1].reg_inst.genblk1.genblk1.m_axi_awvalid_reg$_SDFF_PP0_/D
411	0.1524	mI_axi_wready	axi_crossbar_inst.axi_crossbar_wr_inst.m_ifaces[I].reg_inst.genblkJ.temp_m_axi_wlast_reg	m01_axi_wready	axi_crossbar_inst.axi_crossbar_wr_inst.m_ifaces[1].reg_inst.genblk2.temp_m_axi_wlast_reg$_DFFE_PP_/D
412	0.1528	axi_crossbar_inst.axi_crossbar_wr_inst.m_ifaces[I].a_arb_inst.mask_reg[J]	axi_crossbar_inst.axi_crossbar_wr_inst.m_ifaces[I].a_arb_inst.grant_encoded_reg[J]	axi_crossbar_inst.axi_crossbar_wr_inst.m_ifaces[1].a_arb_inst.mask_reg[3]$_SDFFE_PP0P_/Q	axi_crossbar_inst.axi_crossbar_wr_inst.m_ifaces[1].a_arb_inst.grant_encoded_reg[0]$_SDFFE_PP0P_/D
413	0.1537	axi_crossbar_inst.axi_crossbar_wr_inst.s_ifaces[I].b_arb_inst.grant_encoded_reg[J]	axi_crossbar_inst.axi_crossbar_wr_inst.s_ifaces[I].addr_inst.m_rc_valid_reg	axi_crossbar_inst.axi_crossbar_wr_inst.s_ifaces[4].b_arb_inst.grant_encoded_reg[1]$_SDFFE_PP0P_/Q	axi_crossbar_inst.axi_crossbar_wr_inst.s_ifaces[4].addr_inst.m_rc_valid_reg$_SDFF_PP0_/D
414	0.1543	axi_crossbar_inst.axi_crossbar_wr_inst.s_ifaces[I].decerr_m_axi_bvalid_reg	axi_crossbar_inst.axi_crossbar_wr_inst.s_ifaces[I].addr_inst.thread_id_reg[J][K]	axi_crossbar_inst.axi_crossbar_wr_inst.s_ifaces[6].decerr_m_axi_bvalid_reg$_SDFF_PP0_/Q	axi_crossbar_inst.axi_crossbar_wr_inst.s_ifaces[6].addr_inst.thread_id_reg[0][0]$_DFFE_PP_/D
415	0.1543	axi_crossbar_inst.axi_crossbar_wr_inst.s_ifaces[I].decerr_m_axi_bvalid_reg	axi_crossbar_inst.axi_crossbar_wr_inst.s_ifaces[I].addr_inst.thread_m_reg[J][K]	axi_crossbar_inst.axi_crossbar_wr_inst.s_ifaces[6].decerr_m_axi_bvalid_reg$_SDFF_PP0_/Q	axi_crossbar_inst.axi_crossbar_wr_inst.s_ifaces[6].addr_inst.thread_m_reg[0][0]$_DFFE_PP_/D
416	0.1558	axi_crossbar_inst.axi_crossbar_rd_inst.s_ifaces[I].addr_inst.m_select_reg[J]	axi_crossbar_inst.axi_crossbar_rd_inst.s_ifaces[I].addr_inst.state_reg[J]	axi_crossbar_inst.axi_crossbar_rd_inst.s_ifaces[2].addr_inst.m_select_reg[0]$_DFF_P_/Q	axi_crossbar_inst.axi_crossbar_rd_inst.s_ifaces[2].addr_inst.state_reg[1]$_SDFF_PP0_/D
417	0.1560	axi_crossbar_inst.axi_crossbar_rd_inst.s_ifaces[I].addr_inst.thread_count_reg[J][K]	axi_crossbar_inst.axi_crossbar_rd_inst.s_ifaces[I].addr_inst.state_reg[J]	axi_crossbar_inst.axi_crossbar_rd_inst.s_ifaces[4].addr_inst.thread_count_reg[0][2]$_SDFFE_PP0P_/Q	axi_crossbar_inst.axi_crossbar_rd_inst.s_ifaces[4].addr_inst.state_reg[1]$_SDFF_PP0_/D
418	0.1576	axi_crossbar_inst.axi_crossbar_rd_inst.s_ifaces[I].decerr_m_axi_rvalid_reg	axi_crossbar_inst.axi_crossbar_rd_inst.s_ifaces[I].r_arb_inst.grant_reg[J]	axi_crossbar_inst.axi_crossbar_rd_inst.s_ifaces[2].decerr_m_axi_rvalid_reg$_SDFF_PP0_/Q	axi_crossbar_inst.axi_crossbar_rd_inst.s_ifaces[2].r_arb_inst.grant_reg[4]$_SDFFE_PP0P_/D
419	0.1577	axi_crossbar_inst.axi_crossbar_wr_inst.s_ifaces[I].addr_inst.thread_m_reg[J][K]	axi_crossbar_inst.axi_crossbar_wr_inst.s_ifaces[I].addr_inst.thread_id_reg[J][K]	axi_crossbar_inst.axi_crossbar_wr_inst.s_ifaces[7].addr_inst.thread_m_reg[0][0]$_DFFE_PP_/Q	axi_crossbar_inst.axi_crossbar_wr_inst.s_ifaces[7].addr_inst.thread_id_reg[1][0]$_DFFE_PP_/D
420	0.1577	axi_crossbar_inst.axi_crossbar_wr_inst.s_ifaces[I].addr_inst.thread_m_reg[J][K]	axi_crossbar_inst.axi_crossbar_wr_inst.s_ifaces[I].addr_inst.thread_m_reg[J][K]	axi_crossbar_inst.axi_crossbar_wr_inst.s_ifaces[7].addr_inst.thread_m_reg[0][0]$_DFFE_PP_/Q	axi_crossbar_inst.axi_crossbar_wr_inst.s_ifaces[7].addr_inst.thread_m_reg[1][0]$_DFFE_PP_/D
421	0.1581	axi_crossbar_inst.axi_crossbar_wr_inst.s_ifaces[I].b_arb_inst.grant_valid_reg	axi_crossbar_inst.axi_crossbar_wr_inst.m_ifaces[I].a_arb_inst.grant_valid_reg	axi_crossbar_inst.axi_crossbar_wr_inst.s_ifaces[7].b_arb_inst.grant_valid_reg$_SDFFE_PP0P_/Q	axi_crossbar_inst.axi_crossbar_wr_inst.m_ifaces[3].a_arb_inst.grant_valid_reg$_SDFFE_PP0P_/D
422	0.1590	mI_axi_rdata[J]	axi_crossbar_inst.axi_crossbar_rd_inst.s_ifaces[I].reg_inst.genblkJ.s_axi_rdata_reg[K]	m03_axi_rdata[21]	axi_crossbar_inst.axi_crossbar_rd_inst.s_ifaces[2].reg_inst.genblk2.s_axi_rdata_reg[21]$_DFFE_PP_/D
423	0.1597	rst	axi_crossbar_inst.axi_crossbar_rd_inst.s_ifaces[I].addr_inst.m_axi_avalid_reg	rst	axi_crossbar_inst.axi_crossbar_rd_inst.s_ifaces[4].addr_inst.m_axi_avalid_reg$_SDFF_PP0_/D
424	0.1597	rst	axi_crossbar_inst.axi_crossbar_wr_inst.s_ifaces[I].addr_inst.m_axi_avalid_reg	rst	axi_crossbar_inst.axi_crossbar_wr_inst.s_ifaces[1].addr_inst.m_axi_avalid_reg$_SDFF_PP0_/D
425	0.1599	axi_crossbar_inst.axi_crossbar_wr_inst.s_ifaces[I].b_arb_inst.mask_reg[J]	axi_crossbar_inst.axi_crossbar_wr_inst.s_ifaces[I].b_arb_inst.grant_encoded_reg[J]	axi_crossbar_inst.axi_crossbar_wr_inst.s_ifaces[5].b_arb_inst.mask_reg[1]$_SDFFE_PP0P_/Q	axi_crossbar_inst.axi_crossbar_wr_inst.s_ifaces[5].b_arb_inst.grant_encoded_reg[1]$_SDFFE_PP0P_/D
426	0.1611	axi_crossbar_inst.axi_crossbar_wr_inst.s_ifaces[I].b_arb_inst.grant_reg[J]	axi_crossbar_inst.axi_crossbar_wr_inst.s_ifaces[I].b_arb_inst.grant_encoded_reg[J]	axi_crossbar_inst.axi_crossbar_wr_inst.s_ifaces[1].b_arb_inst.grant_reg[5]$_SDFFE_PP0P_/Q	axi_crossbar_inst.axi_crossbar_wr_inst.s_ifaces[1].b_arb_inst.grant_encoded_reg[2]$_SDFFE_PP0P_/D
427	0.1617	axi_crossbar_inst.axi_crossbar_wr_inst.s_ifaces[I].addr_inst.m_axi_avalid_reg	axi_crossbar_inst.axi_crossbar_wr_inst.m_ifaces[I].a_arb_inst.grant_valid_reg	axi_crossbar_inst.axi_crossbar_wr_inst.s_ifaces[6].addr_inst.m_axi_avalid_reg$_SDFF_PP0_/Q	axi_crossbar_inst.axi_crossbar_wr_inst.m_ifaces[4].a_arb_inst.grant_valid_reg$_SDFFE_PP0P_/D
428	0.1620	axi_crossbar_inst.axi_crossbar_rd_inst.s_ifaces[I].addr_inst.m_axi_avalid_reg	axi_crossbar_inst.axi_crossbar_rd_inst.m_ifaces[I].reg_inst.genblkJ.genblkK.s_axi_arready_reg	axi_crossbar_inst.axi_crossbar_rd_inst.s_ifaces[3].addr_inst.m_axi_avalid_reg$_SDFF_PP0_/Q	axi_crossbar_inst.axi_crossbar_rd_inst.m_ifaces[7].reg_inst.genblk1.genblk1.s_axi_arready_reg$_SDFF_PP0_/D
429	0.1621	rst	axi_crossbar_inst.axi_crossbar_wr_inst.s_ifaces[I].reg_inst.genblkJ.genblkK.m_axi_bready_reg	rst	axi_crossbar_inst.axi_crossbar_wr_inst.s_ifaces[7].reg_inst.genblk3.genblk1.m_axi_bready_reg$_SDFF_PP0_/D
430	0.1622	axi_crossbar_inst.axi_crossbar_wr_inst.s_ifaces[I].b_arb_inst.grant_valid_reg	axi_crossbar_inst.axi_crossbar_wr_inst.s_ifaces[I].b_arb_inst.mask_reg[J]	axi_crossbar_inst.axi_crossbar_wr_inst.s_ifaces[0].b_arb_inst.grant_valid_reg$_SDFFE_PP0P_/Q	axi_crossbar_inst.axi_crossbar_wr_inst.s_ifaces[0].b_arb_inst.mask_reg[7]$_SDFFE_PP0P_/D
431	0.1626	axi_crossbar_inst.axi_crossbar_rd_inst.s_ifaces[I].addr_inst.thread_count_reg[J][K]	axi_crossbar_inst.axi_crossbar_rd_inst.s_ifaces[I].addr_inst.m_axi_avalid_reg	axi_crossbar_inst.axi_crossbar_rd_inst.s_ifaces[4].addr_inst.thread_count_reg[0][2]$_SDFFE_PP0P_/Q	axi_crossbar_inst.axi_crossbar_rd_inst.s_ifaces[4].addr_inst.m_axi_avalid_reg$_SDFF_PP0_/D
432	0.1638	axi_crossbar_inst.axi_crossbar_wr_inst.s_ifaces[I].b_arb_inst.grant_valid_reg	axi_crossbar_inst.axi_crossbar_wr_inst.s_ifaces[I].b_arb_inst.grant_reg[J]	axi_crossbar_inst.axi_crossbar_wr_inst.s_ifaces[0].b_arb_inst.grant_valid_reg$_SDFFE_PP0P_/Q	axi_crossbar_inst.axi_crossbar_wr_inst.s_ifaces[0].b_arb_inst.grant_reg[6]$_SDFFE_PP0P_/D
433	0.1638	axi_crossbar_inst.axi_crossbar_wr_inst.s_ifaces[I].addr_inst.m_decerr_reg	axi_crossbar_inst.axi_crossbar_wr_inst.s_ifaces[I].addr_inst.trans_count_reg[J]	axi_crossbar_inst.axi_crossbar_wr_inst.s_ifaces[2].addr_inst.m_decerr_reg$_DFFE_PP_/Q	axi_crossbar_inst.axi_crossbar_wr_inst.s_ifaces[2].addr_inst.trans_count_reg[4]$_SDFFE_PP0P_/D
434	0.1639	axi_crossbar_inst.axi_crossbar_wr_inst.m_ifaces[I].w_select_reg[J]	axi_crossbar_inst.axi_crossbar_wr_inst.m_ifaces[I].a_arb_inst.grant_valid_reg	axi_crossbar_inst.axi_crossbar_wr_inst.m_ifaces[5].w_select_reg[1]$_DFFE_PP_/Q	axi_crossbar_inst.axi_crossbar_wr_inst.m_ifaces[5].a_arb_inst.grant_valid_reg$_SDFFE_PP0P_/D
435	0.1641	axi_crossbar_inst.axi_crossbar_wr_inst.s_ifaces[I].addr_inst.m_select_reg[J]	axi_crossbar_inst.axi_crossbar_wr_inst.m_ifaces[I].reg_inst.genblkJ.genblkK.s_axi_awready_reg	axi_crossbar_inst.axi_crossbar_wr_inst.s_ifaces[6].addr_inst.m_select_reg[0]$_DFF_P_/Q	axi_crossbar_inst.axi_crossbar_wr_inst.m_ifaces[1].reg_inst.genblk1.genblk1.s_axi_awready_reg$_SDFF_PP0_/D
436	0.1647	rst	axi_crossbar_inst.axi_crossbar_rd_inst.m_ifaces[I].reg_inst.genblkJ.genblkK.s_axi_arready_reg	rst	axi_crossbar_inst.axi_crossbar_rd_inst.m_ifaces[0].reg_inst.genblk1.genblk1.s_axi_arready_reg$_SDFF_PP0_/D
437	0.1653	axi_crossbar_inst.axi_crossbar_wr_inst.s_ifaces[I].b_arb_inst.grant_encoded_reg[J]	axi_crossbar_inst.axi_crossbar_wr_inst.s_ifaces[I].addr_inst.m_axi_avalid_reg	axi_crossbar_inst.axi_crossbar_wr_inst.s_ifaces[7].b_arb_inst.grant_encoded_reg[1]$_SDFFE_PP0P_/Q	axi_crossbar_inst.axi_crossbar_wr_inst.s_ifaces[7].addr_inst.m_axi_avalid_reg$_SDFF_PP0_/D
438	0.1654	axi_crossbar_inst.axi_crossbar_rd_inst.m_ifaces[I].a_arb_inst.grant_encoded_reg[J]	axi_crossbar_inst.axi_crossbar_rd_inst.m_ifaces[I].reg_inst.genblkJ.genblkK.s_axi_arready_reg	axi_crossbar_inst.axi_crossbar_rd_inst.m_ifaces[3].a_arb_inst.grant_encoded_reg[1]$_SDFFE_PP0P_/Q	axi_crossbar_inst.axi_crossbar_rd_inst.m_ifaces[3].reg_inst.genblk1.genblk1.s_axi_arready_reg$_SDFF_PP0_/D
439	0.1655	axi_crossbar_inst.axi_crossbar_wr_inst.s_ifaces[I].b_arb_inst.grant_valid_reg	axi_crossbar_inst.axi_crossbar_wr_inst.s_ifaces[I].b_arb_inst.grant_encoded_reg[J]	axi_crossbar_inst.axi_crossbar_wr_inst.s_ifaces[0].b_arb_inst.grant_valid_reg$_SDFFE_PP0P_/Q	axi_crossbar_inst.axi_crossbar_wr_inst.s_ifaces[0].b_arb_inst.grant_encoded_reg[2]$_SDFFE_PP0P_/D
440	0.1656	rst	axi_crossbar_inst.axi_crossbar_rd_inst.s_ifaces[I].decerr_m_axi_rvalid_reg	rst	axi_crossbar_inst.axi_crossbar_rd_inst.s_ifaces[0].decerr_m_axi_rvalid_reg$_SDFF_PP0_/D
441	0.1658	axi_crossbar_inst.axi_crossbar_wr_inst.s_ifaces[I].decerr_m_axi_bvalid_reg	axi_crossbar_inst.axi_crossbar_wr_inst.s_ifaces[I].b_arb_inst.grant_reg[J]	axi_crossbar_inst.axi_crossbar_wr_inst.s_ifaces[0].decerr_m_axi_bvalid_reg$_SDFF_PP0_/Q	axi_crossbar_inst.axi_crossbar_wr_inst.s_ifaces[0].b_arb_inst.grant_reg[6]$_SDFFE_PP0P_/D
442	0.1662	axi_crossbar_inst.axi_crossbar_rd_inst.s_ifaces[I].addr_inst.thread_count_reg[J][K]	axi_crossbar_inst.axi_crossbar_rd_inst.s_ifaces[I].addr_inst.m_rc_valid_reg	axi_crossbar_inst.axi_crossbar_rd_inst.s_ifaces[4].addr_inst.thread_count_reg[0][2]$_SDFFE_PP0P_/Q	axi_crossbar_inst.axi_crossbar_rd_inst.s_ifaces[4].addr_inst.m_rc_valid_reg$_SDFF_PP0_/D
443	0.1663	axi_crossbar_inst.axi_crossbar_rd_inst.m_ifaces[I].a_arb_inst.mask_reg[J]	axi_crossbar_inst.axi_crossbar_rd_inst.m_ifaces[I].a_arb_inst.grant_encoded_reg[J]	axi_crossbar_inst.axi_crossbar_rd_inst.m_ifaces[0].a_arb_inst.mask_reg[6]$_SDFFE_PP0P_/Q	axi_crossbar_inst.axi_crossbar_rd_inst.m_ifaces[0].a_arb_inst.grant_encoded_reg[1]$_SDFFE_PP0P_/D
444	0.1665	axi_crossbar_inst.axi_crossbar_wr_inst.m_ifaces[I].reg_inst.genblkJ.genblkK.s_axi_awready_reg	axi_crossbar_inst.axi_crossbar_wr_inst.s_ifaces[I].addr_inst.state_reg[J]	axi_crossbar_inst.axi_crossbar_wr_inst.m_ifaces[1].reg_inst.genblk1.genblk1.s_axi_awready_reg$_SDFF_PP0_/Q	axi_crossbar_inst.axi_crossbar_wr_inst.s_ifaces[1].addr_inst.state_reg[1]$_SDFF_PP0_/D
445	0.1671	rst	axi_crossbar_inst.axi_crossbar_wr_inst.s_ifaces[I].decerr_m_axi_bvalid_reg	rst	axi_crossbar_inst.axi_crossbar_wr_inst.s_ifaces[6].decerr_m_axi_bvalid_reg$_SDFF_PP0_/D
446	0.1675	axi_crossbar_inst.axi_crossbar_wr_inst.s_ifaces[I].decerr_m_axi_bvalid_reg	axi_crossbar_inst.axi_crossbar_wr_inst.s_ifaces[I].b_arb_inst.grant_encoded_reg[J]	axi_crossbar_inst.axi_crossbar_wr_inst.s_ifaces[0].decerr_m_axi_bvalid_reg$_SDFF_PP0_/Q	axi_crossbar_inst.axi_crossbar_wr_inst.s_ifaces[0].b_arb_inst.grant_encoded_reg[2]$_SDFFE_PP0P_/D
447	0.1680	axi_crossbar_inst.axi_crossbar_wr_inst.s_ifaces[I].addr_inst.thread_count_reg[J][K]	axi_crossbar_inst.axi_crossbar_wr_inst.s_ifaces[I].addr_inst.state_reg[J]	axi_crossbar_inst.axi_crossbar_wr_inst.s_ifaces[4].addr_inst.thread_count_reg[0][2]$_SDFFE_PP0P_/Q	axi_crossbar_inst.axi_crossbar_wr_inst.s_ifaces[4].addr_inst.state_reg[0]$_SDFF_PP0_/D
448	0.1685	axi_crossbar_inst.axi_crossbar_wr_inst.s_ifaces[I].w_select_reg[J]	axi_crossbar_inst.axi_crossbar_wr_inst.m_ifaces[I].a_arb_inst.grant_valid_reg	axi_crossbar_inst.axi_crossbar_wr_inst.s_ifaces[4].w_select_reg[1]$_DFFE_PP_/Q	axi_crossbar_inst.axi_crossbar_wr_inst.m_ifaces[3].a_arb_inst.grant_valid_reg$_SDFFE_PP0P_/D
449	0.1688	axi_crossbar_inst.axi_crossbar_wr_inst.s_ifaces[I].addr_inst.thread_id_reg[J][K]	axi_crossbar_inst.axi_crossbar_wr_inst.s_ifaces[I].addr_inst.state_reg[J]	axi_crossbar_inst.axi_crossbar_wr_inst.s_ifaces[3].addr_inst.thread_id_reg[0][3]$_DFFE_PP_/Q	axi_crossbar_inst.axi_crossbar_wr_inst.s_ifaces[3].addr_inst.state_reg[0]$_SDFF_PP0_/D
450	0.1688	axi_crossbar_inst.axi_crossbar_rd_inst.s_ifaces[I].r_arb_inst.grant_reg[J]	axi_crossbar_inst.axi_crossbar_rd_inst.s_ifaces[I].r_arb_inst.grant_encoded_reg[J]	axi_crossbar_inst.axi_crossbar_rd_inst.s_ifaces[3].r_arb_inst.grant_reg[3]$_SDFFE_PP0P_/QN	axi_crossbar_inst.axi_crossbar_rd_inst.s_ifaces[3].r_arb_inst.grant_encoded_reg[0]$_SDFFE_PP0P_/D
451	0.1697	axi_crossbar_inst.axi_crossbar_wr_inst.m_ifaces[I].a_arb_inst.grant_encoded_reg[J]	axi_crossbar_inst.axi_crossbar_wr_inst.m_ifaces[I].reg_inst.genblkJ.genblkK.s_axi_awready_reg	axi_crossbar_inst.axi_crossbar_wr_inst.m_ifaces[6].a_arb_inst.grant_encoded_reg[1]$_SDFFE_PP0P_/Q	axi_crossbar_inst.axi_crossbar_wr_inst.m_ifaces[6].reg_inst.genblk1.genblk1.s_axi_awready_reg$_SDFF_PP0_/D
452	0.1710	axi_crossbar_inst.axi_crossbar_wr_inst.m_ifaces[I].reg_inst.genblkJ.genblkK.s_axi_awready_reg	axi_crossbar_inst.axi_crossbar_wr_inst.m_ifaces[I].trans_count_reg[J]	axi_crossbar_inst.axi_crossbar_wr_inst.m_ifaces[5].reg_inst.genblk1.genblk1.s_axi_awready_reg$_SDFF_PP0_/Q	axi_crossbar_inst.axi_crossbar_wr_inst.m_ifaces[5].trans_count_reg[2]$_SDFFE_PP0P_/D
453	0.1712	axi_crossbar_inst.axi_crossbar_rd_inst.m_ifaces[I].a_arb_inst.grant_reg[J]	axi_crossbar_inst.axi_crossbar_rd_inst.m_ifaces[I].a_arb_inst.grant_encoded_reg[J]	axi_crossbar_inst.axi_crossbar_rd_inst.m_ifaces[0].a_arb_inst.grant_reg[6]$_SDFFE_PP0P_/QN	axi_crossbar_inst.axi_crossbar_rd_inst.m_ifaces[0].a_arb_inst.grant_encoded_reg[1]$_SDFFE_PP0P_/D
454	0.1718	axi_crossbar_inst.axi_crossbar_wr_inst.s_ifaces[I].addr_inst.thread_count_reg[J][K]	axi_crossbar_inst.axi_crossbar_wr_inst.s_ifaces[I].addr_inst.m_axi_avalid_reg	axi_crossbar_inst.axi_crossbar_wr_inst.s_ifaces[6].addr_inst.thread_count_reg[0][2]$_SDFFE_PP0P_/Q	axi_crossbar_inst.axi_crossbar_wr_inst.s_ifaces[6].addr_inst.m_axi_avalid_reg$_SDFF_PP0_/D
455	0.1729	axi_crossbar_inst.axi_crossbar_wr_inst.m_ifaces[I].a_arb_inst.grant_encoded_reg[J]	axi_crossbar_inst.axi_crossbar_wr_inst.s_ifaces[I].addr_inst.state_reg[J]	axi_crossbar_inst.axi_crossbar_wr_inst.m_ifaces[2].a_arb_inst.grant_encoded_reg[2]$_SDFFE_PP0P_/Q	axi_crossbar_inst.axi_crossbar_wr_inst.s_ifaces[7].addr_inst.state_reg[1]$_SDFF_PP0_/D
456	0.1730	axi_crossbar_inst.axi_crossbar_wr_inst.s_ifaces[I].addr_inst.thread_id_reg[J][K]	axi_crossbar_inst.axi_crossbar_wr_inst.s_ifaces[I].addr_inst.m_wc_valid_reg	axi_crossbar_inst.axi_crossbar_wr_inst.s_ifaces[0].addr_inst.thread_id_reg[1][3]$_DFFE_PP_/Q	axi_crossbar_inst.axi_crossbar_wr_inst.s_ifaces[0].addr_inst.m_wc_valid_reg$_SDFF_PP0_/D
457	0.1734	axi_crossbar_inst.axi_crossbar_wr_inst.s_ifaces[I].addr_inst.thread_count_reg[J][K]	axi_crossbar_inst.axi_crossbar_wr_inst.s_ifaces[I].addr_inst.m_wc_valid_reg	axi_crossbar_inst.axi_crossbar_wr_inst.s_ifaces[6].addr_inst.thread_count_reg[0][2]$_SDFFE_PP0P_/Q	axi_crossbar_inst.axi_crossbar_wr_inst.s_ifaces[6].addr_inst.m_wc_valid_reg$_SDFF_PP0_/D
458	0.1740	axi_crossbar_inst.axi_crossbar_wr_inst.m_ifaces[I].reg_inst.genblkJ.genblkK.s_axi_awready_reg	axi_crossbar_inst.axi_crossbar_wr_inst.s_ifaces[I].addr_inst.s_axi_aready_reg	axi_crossbar_inst.axi_crossbar_wr_inst.m_ifaces[1].reg_inst.genblk1.genblk1.s_axi_awready_reg$_SDFF_PP0_/Q	axi_crossbar_inst.axi_crossbar_wr_inst.s_ifaces[1].addr_inst.s_axi_aready_reg$_SDFF_PP0_/D
459	0.1750	axi_crossbar_inst.axi_crossbar_wr_inst.m_ifaces[I].w_select_new_reg	axi_crossbar_inst.axi_crossbar_wr_inst.m_ifaces[I].a_arb_inst.grant_reg[J]	axi_crossbar_inst.axi_crossbar_wr_inst.m_ifaces[2].w_select_new_reg$_SDFF_PP1_/Q	axi_crossbar_inst.axi_crossbar_wr_inst.m_ifaces[2].a_arb_inst.grant_reg[0]$_SDFFE_PP0P_/D
460	0.1751	axi_crossbar_inst.axi_crossbar_wr_inst.s_ifaces[I].addr_inst.m_axi_avalid_reg	axi_crossbar_inst.axi_crossbar_wr_inst.m_ifaces[I].reg_inst.genblkJ.genblkK.m_axi_awvalid_reg	axi_crossbar_inst.axi_crossbar_wr_inst.s_ifaces[6].addr_inst.m_axi_avalid_reg$_SDFF_PP0_/Q	axi_crossbar_inst.axi_crossbar_wr_inst.m_ifaces[4].reg_inst.genblk1.genblk1.m_axi_awvalid_reg$_SDFF_PP0_/D
461	0.1752	axi_crossbar_inst.axi_crossbar_rd_inst.s_ifaces[I].reg_inst.genblkJ.m_axi_rready_reg	axi_crossbar_inst.axi_crossbar_rd_inst.s_ifaces[I].addr_inst.thread_id_reg[J][K]	axi_crossbar_inst.axi_crossbar_rd_inst.s_ifaces[0].reg_inst.genblk2.m_axi_rready_reg$_SDFF_PP0_/Q	axi_crossbar_inst.axi_crossbar_rd_inst.s_ifaces[0].addr_inst.thread_id_reg[0][0]$_DFFE_PP_/D
462	0.1752	axi_crossbar_inst.axi_crossbar_rd_inst.s_ifaces[I].reg_inst.genblkJ.m_axi_rready_reg	axi_crossbar_inst.axi_crossbar_rd_inst.s_ifaces[I].addr_inst.thread_m_reg[J][K]	axi_crossbar_inst.axi_crossbar_rd_inst.s_ifaces[0].reg_inst.genblk2.m_axi_rready_reg$_SDFF_PP0_/Q	axi_crossbar_inst.axi_crossbar_rd_inst.s_ifaces[0].addr_inst.thread_m_reg[0][0]$_DFFE_PP_/D
463	0.1754	axi_crossbar_inst.axi_crossbar_wr_inst.s_ifaces[I].addr_inst.thread_count_reg[J][K]	axi_crossbar_inst.axi_crossbar_wr_inst.s_ifaces[I].addr_inst.m_rc_valid_reg	axi_crossbar_inst.axi_crossbar_wr_inst.s_ifaces[6].addr_inst.thread_count_reg[0][2]$_SDFFE_PP0P_/Q	axi_crossbar_inst.axi_crossbar_wr_inst.s_ifaces[6].addr_inst.m_rc_valid_reg$_SDFF_PP0_/D
464	0.1756	axi_crossbar_inst.axi_crossbar_wr_inst.s_ifaces[I].addr_inst.m_select_reg[J]	axi_crossbar_inst.axi_crossbar_wr_inst.s_ifaces[I].addr_inst.m_axi_avalid_reg	axi_crossbar_inst.axi_crossbar_wr_inst.s_ifaces[7].addr_inst.m_select_reg[2]$_DFF_P_/Q	axi_crossbar_inst.axi_crossbar_wr_inst.s_ifaces[7].addr_inst.m_axi_avalid_reg$_SDFF_PP0_/D
465	0.1760	axi_crossbar_inst.axi_crossbar_wr_inst.s_ifaces[I].w_select_reg[J]	axi_crossbar_inst.axi_crossbar_wr_inst.m_ifaces[I].reg_inst.genblkJ.s_axi_wready_reg	axi_crossbar_inst.axi_crossbar_wr_inst.s_ifaces[1].w_select_reg[1]$_DFFE_PP_/Q	axi_crossbar_inst.axi_crossbar_wr_inst.m_ifaces[6].reg_inst.genblk2.s_axi_wready_reg$_SDFF_PP0_/D
466	0.1760	axi_crossbar_inst.axi_crossbar_rd_inst.s_ifaces[I].reg_inst.genblkJ.m_axi_rready_reg	axi_crossbar_inst.axi_crossbar_rd_inst.m_ifaces[I].a_arb_inst.grant_valid_reg	axi_crossbar_inst.axi_crossbar_rd_inst.s_ifaces[3].reg_inst.genblk2.m_axi_rready_reg$_SDFF_PP0_/Q	axi_crossbar_inst.axi_crossbar_rd_inst.m_ifaces[7].a_arb_inst.grant_valid_reg$_SDFFE_PP0P_/D
467	0.1785	sI_axi_rready	axi_crossbar_inst.axi_crossbar_rd_inst.s_ifaces[I].reg_inst.genblkJ.s_axi_rvalid_reg	s03_axi_rready	axi_crossbar_inst.axi_crossbar_rd_inst.s_ifaces[3].reg_inst.genblk2.s_axi_rvalid_reg$_SDFFE_PP0P_/D
468	0.1789	axi_crossbar_inst.axi_crossbar_rd_inst.m_ifaces[I].a_arb_inst.grant_encoded_reg[J]	axi_crossbar_inst.axi_crossbar_rd_inst.m_ifaces[I].reg_inst.genblkJ.genblkK.m_axi_arvalid_reg	axi_crossbar_inst.axi_crossbar_rd_inst.m_ifaces[3].a_arb_inst.grant_encoded_reg[1]$_SDFFE_PP0P_/Q	axi_crossbar_inst.axi_crossbar_rd_inst.m_ifaces[3].reg_inst.genblk1.genblk1.m_axi_arvalid_reg$_SDFF_PP0_/D
469	0.1794	axi_crossbar_inst.axi_crossbar_rd_inst.s_ifaces[I].r_arb_inst.grant_encoded_reg[J]	axi_crossbar_inst.axi_crossbar_rd_inst.m_ifaces[I].a_arb_inst.grant_valid_reg	axi_crossbar_inst.axi_crossbar_rd_inst.s_ifaces[3].r_arb_inst.grant_encoded_reg[2]$_SDFFE_PP0P_/Q	axi_crossbar_inst.axi_crossbar_rd_inst.m_ifaces[7].a_arb_inst.grant_valid_reg$_SDFFE_PP0P_/D
470	0.1798	axi_crossbar_inst.axi_crossbar_wr_inst.s_ifaces[I].addr_inst.thread_id_reg[J][K]	axi_crossbar_inst.axi_crossbar_wr_inst.s_ifaces[I].addr_inst.m_axi_avalid_reg	axi_crossbar_inst.axi_crossbar_wr_inst.s_ifaces[0].addr_inst.thread_id_reg[1][3]$_DFFE_PP_/Q	axi_crossbar_inst.axi_crossbar_wr_inst.s_ifaces[0].addr_inst.m_axi_avalid_reg$_SDFF_PP0_/D
471	0.1798	axi_crossbar_inst.axi_crossbar_wr_inst.m_ifaces[I].a_arb_inst.grant_valid_reg	axi_crossbar_inst.axi_crossbar_wr_inst.s_ifaces[I].addr_inst.state_reg[J]	axi_crossbar_inst.axi_crossbar_wr_inst.m_ifaces[6].a_arb_inst.grant_valid_reg$_SDFFE_PP0P_/Q	axi_crossbar_inst.axi_crossbar_wr_inst.s_ifaces[1].addr_inst.state_reg[1]$_SDFF_PP0_/D
472	0.1808	axi_crossbar_inst.axi_crossbar_wr_inst.m_ifaces[I].a_arb_inst.grant_encoded_reg[J]	axi_crossbar_inst.axi_crossbar_wr_inst.s_ifaces[I].addr_inst.s_axi_aready_reg	axi_crossbar_inst.axi_crossbar_wr_inst.m_ifaces[2].a_arb_inst.grant_encoded_reg[2]$_SDFFE_PP0P_/Q	axi_crossbar_inst.axi_crossbar_wr_inst.s_ifaces[7].addr_inst.s_axi_aready_reg$_SDFF_PP0_/D
473	0.1810	axi_crossbar_inst.axi_crossbar_wr_inst.s_ifaces[I].addr_inst.m_select_reg[J]	axi_crossbar_inst.axi_crossbar_wr_inst.m_ifaces[I].w_select_new_reg	axi_crossbar_inst.axi_crossbar_wr_inst.s_ifaces[4].addr_inst.m_select_reg[2]$_DFF_P_/Q	axi_crossbar_inst.axi_crossbar_wr_inst.m_ifaces[1].w_select_new_reg$_SDFF_PP1_/D
474	0.1821	axi_crossbar_inst.axi_crossbar_rd_inst.s_ifaces[I].r_arb_inst.mask_reg[J]	axi_crossbar_inst.axi_crossbar_rd_inst.s_ifaces[I].r_arb_inst.grant_encoded_reg[J]	axi_crossbar_inst.axi_crossbar_rd_inst.s_ifaces[7].r_arb_inst.mask_reg[7]$_SDFFE_PP0P_/Q	axi_crossbar_inst.axi_crossbar_rd_inst.s_ifaces[7].r_arb_inst.grant_encoded_reg[0]$_SDFFE_PP0P_/D
475	0.1823	axi_crossbar_inst.axi_crossbar_wr_inst.s_ifaces[I].w_select_valid_reg	axi_crossbar_inst.axi_crossbar_wr_inst.m_ifaces[I].reg_inst.genblkJ.s_axi_wready_reg	axi_crossbar_inst.axi_crossbar_wr_inst.s_ifaces[1].w_select_valid_reg$_SDFF_PP0_/Q	axi_crossbar_inst.axi_crossbar_wr_inst.m_ifaces[6].reg_inst.genblk2.s_axi_wready_reg$_SDFF_PP0_/D
476	0.1832	axi_crossbar_inst.axi_crossbar_wr_inst.m_ifaces[I].a_arb_inst.grant_encoded_reg[J]	axi_crossbar_inst.axi_crossbar_wr_inst.m_ifaces[I].reg_inst.genblkJ.genblkK.m_axi_awvalid_reg	axi_crossbar_inst.axi_crossbar_wr_inst.m_ifaces[6].a_arb_inst.grant_encoded_reg[1]$_SDFFE_PP0P_/Q	axi_crossbar_inst.axi_crossbar_wr_inst.m_ifaces[6].reg_inst.genblk1.genblk1.m_axi_awvalid_reg$_SDFF_PP0_/D
477	0.1834	axi_crossbar_inst.axi_crossbar_rd_inst.s_ifaces[I].reg_inst.genblkJ.m_axi_rready_reg	axi_crossbar_inst.axi_crossbar_rd_inst.s_ifaces[I].decerr_len_reg[J]	axi_crossbar_inst.axi_crossbar_rd_inst.s_ifaces[1].reg_inst.genblk2.m_axi_rready_reg$_SDFF_PP0_/Q	axi_crossbar_inst.axi_crossbar_rd_inst.s_ifaces[1].decerr_len_reg[0]$_DFFE_PP_/D
478	0.1834	axi_crossbar_inst.axi_crossbar_rd_inst.s_ifaces[I].reg_inst.genblkJ.m_axi_rready_reg	axi_crossbar_inst.axi_crossbar_rd_inst.s_ifaces[I].decerr_m_axi_rlast_reg	axi_crossbar_inst.axi_crossbar_rd_inst.s_ifaces[1].reg_inst.genblk2.m_axi_rready_reg$_SDFF_PP0_/Q	axi_crossbar_inst.axi_crossbar_rd_inst.s_ifaces[1].decerr_m_axi_rlast_reg$_DFFE_PP_/D
479	0.1837	axi_crossbar_inst.axi_crossbar_wr_inst.s_ifaces[I].addr_inst.thread_id_reg[J][K]	axi_crossbar_inst.axi_crossbar_wr_inst.s_ifaces[I].addr_inst.m_rc_valid_reg	axi_crossbar_inst.axi_crossbar_wr_inst.s_ifaces[0].addr_inst.thread_id_reg[1][3]$_DFFE_PP_/Q	axi_crossbar_inst.axi_crossbar_wr_inst.s_ifaces[0].addr_inst.m_rc_valid_reg$_SDFF_PP0_/D
480	0.1841	axi_crossbar_inst.axi_crossbar_rd_inst.s_ifaces[I].decerr_m_axi_rvalid_reg	axi_crossbar_inst.axi_crossbar_rd_inst.s_ifaces[I].r_arb_inst.grant_encoded_reg[J]	axi_crossbar_inst.axi_crossbar_rd_inst.s_ifaces[2].decerr_m_axi_rvalid_reg$_SDFF_PP0_/Q	axi_crossbar_inst.axi_crossbar_rd_inst.s_ifaces[2].r_arb_inst.grant_encoded_reg[0]$_SDFFE_PP0P_/D
481	0.1843	axi_crossbar_inst.axi_crossbar_rd_inst.s_ifaces[I].addr_inst.m_select_reg[J]	axi_crossbar_inst.axi_crossbar_rd_inst.s_ifaces[I].addr_inst.s_axi_aready_reg	axi_crossbar_inst.axi_crossbar_rd_inst.s_ifaces[2].addr_inst.m_select_reg[0]$_DFF_P_/Q	axi_crossbar_inst.axi_crossbar_rd_inst.s_ifaces[2].addr_inst.s_axi_aready_reg$_SDFF_PP0_/D
482	0.1848	axi_crossbar_inst.axi_crossbar_wr_inst.s_ifaces[I].reg_inst.genblkJ.genblkK.m_axi_bready_reg	axi_crossbar_inst.axi_crossbar_wr_inst.s_ifaces[I].addr_inst.thread_id_reg[J][K]	axi_crossbar_inst.axi_crossbar_wr_inst.s_ifaces[0].reg_inst.genblk3.genblk1.m_axi_bready_reg$_SDFF_PP0_/Q	axi_crossbar_inst.axi_crossbar_wr_inst.s_ifaces[0].addr_inst.thread_id_reg[1][0]$_DFFE_PP_/D
483	0.1848	axi_crossbar_inst.axi_crossbar_wr_inst.s_ifaces[I].reg_inst.genblkJ.genblkK.m_axi_bready_reg	axi_crossbar_inst.axi_crossbar_wr_inst.s_ifaces[I].addr_inst.thread_m_reg[J][K]	axi_crossbar_inst.axi_crossbar_wr_inst.s_ifaces[0].reg_inst.genblk3.genblk1.m_axi_bready_reg$_SDFF_PP0_/Q	axi_crossbar_inst.axi_crossbar_wr_inst.s_ifaces[0].addr_inst.thread_m_reg[1][0]$_DFFE_PP_/D
484	0.1850	axi_crossbar_inst.axi_crossbar_wr_inst.s_ifaces[I].addr_inst.m_axi_avalid_reg	axi_crossbar_inst.axi_crossbar_wr_inst.m_ifaces[I].reg_inst.genblkJ.genblkK.s_axi_awready_reg	axi_crossbar_inst.axi_crossbar_wr_inst.s_ifaces[1].addr_inst.m_axi_avalid_reg$_SDFF_PP0_/Q	axi_crossbar_inst.axi_crossbar_wr_inst.m_ifaces[2].reg_inst.genblk1.genblk1.s_axi_awready_reg$_SDFF_PP0_/D
485	0.1853	axi_crossbar_inst.axi_crossbar_rd_inst.s_ifaces[I].addr_inst.thread_m_reg[J][K]	axi_crossbar_inst.axi_crossbar_rd_inst.s_ifaces[I].addr_inst.thread_id_reg[J][K]	axi_crossbar_inst.axi_crossbar_rd_inst.s_ifaces[0].addr_inst.thread_m_reg[1][2]$_DFFE_PP_/Q	axi_crossbar_inst.axi_crossbar_rd_inst.s_ifaces[0].addr_inst.thread_id_reg[0][0]$_DFFE_PP_/D
486	0.1853	axi_crossbar_inst.axi_crossbar_rd_inst.s_ifaces[I].addr_inst.thread_m_reg[J][K]	axi_crossbar_inst.axi_crossbar_rd_inst.s_ifaces[I].addr_inst.thread_m_reg[J][K]	axi_crossbar_inst.axi_crossbar_rd_inst.s_ifaces[0].addr_inst.thread_m_reg[1][2]$_DFFE_PP_/Q	axi_crossbar_inst.axi_crossbar_rd_inst.s_ifaces[0].addr_inst.thread_m_reg[0][0]$_DFFE_PP_/D
487	0.1855	mI_axi_wready	axi_crossbar_inst.axi_crossbar_wr_inst.m_ifaces[I].reg_inst.genblkJ.m_axi_wlast_reg	m07_axi_wready	axi_crossbar_inst.axi_crossbar_wr_inst.m_ifaces[7].reg_inst.genblk2.m_axi_wlast_reg$_DFFE_PP_/D
488	0.1859	axi_crossbar_inst.axi_crossbar_rd_inst.s_ifaces[I].r_arb_inst.grant_valid_reg	axi_crossbar_inst.axi_crossbar_rd_inst.m_ifaces[I].a_arb_inst.grant_valid_reg	axi_crossbar_inst.axi_crossbar_rd_inst.s_ifaces[6].r_arb_inst.grant_valid_reg$_SDFFE_PP0P_/Q	axi_crossbar_inst.axi_crossbar_rd_inst.m_ifaces[3].a_arb_inst.grant_valid_reg$_SDFFE_PP0P_/D
489	0.1873	axi_crossbar_inst.axi_crossbar_wr_inst.m_ifaces[I].a_arb_inst.grant_valid_reg	axi_crossbar_inst.axi_crossbar_wr_inst.s_ifaces[I].addr_inst.s_axi_aready_reg	axi_crossbar_inst.axi_crossbar_wr_inst.m_ifaces[6].a_arb_inst.grant_valid_reg$_SDFFE_PP0P_/Q	axi_crossbar_inst.axi_crossbar_wr_inst.s_ifaces[1].addr_inst.s_axi_aready_reg$_SDFF_PP0_/D
490	0.1877	axi_crossbar_inst.axi_crossbar_rd_inst.s_ifaces[I].decerr_m_axi_rlast_reg	axi_crossbar_inst.axi_crossbar_rd_inst.s_ifaces[I].addr_inst.thread_id_reg[J][K]	axi_crossbar_inst.axi_crossbar_rd_inst.s_ifaces[3].decerr_m_axi_rlast_reg$_DFFE_PP_/Q	axi_crossbar_inst.axi_crossbar_rd_inst.s_ifaces[3].addr_inst.thread_id_reg[1][0]$_DFFE_PP_/D
491	0.1877	axi_crossbar_inst.axi_crossbar_rd_inst.s_ifaces[I].decerr_m_axi_rlast_reg	axi_crossbar_inst.axi_crossbar_rd_inst.s_ifaces[I].addr_inst.thread_m_reg[J][K]	axi_crossbar_inst.axi_crossbar_rd_inst.s_ifaces[3].decerr_m_axi_rlast_reg$_DFFE_PP_/Q	axi_crossbar_inst.axi_crossbar_rd_inst.s_ifaces[3].addr_inst.thread_m_reg[1][0]$_DFFE_PP_/D
492	0.1891	axi_crossbar_inst.axi_crossbar_rd_inst.s_ifaces[I].addr_inst.m_select_reg[J]	axi_crossbar_inst.axi_crossbar_rd_inst.s_ifaces[I].addr_inst.m_axi_avalid_reg	axi_crossbar_inst.axi_crossbar_rd_inst.s_ifaces[2].addr_inst.m_select_reg[0]$_DFF_P_/Q	axi_crossbar_inst.axi_crossbar_rd_inst.s_ifaces[2].addr_inst.m_axi_avalid_reg$_SDFF_PP0_/D
493	0.1894	axi_crossbar_inst.axi_crossbar_rd_inst.s_ifaces[I].reg_inst.genblkJ.m_axi_rready_reg	axi_crossbar_inst.axi_crossbar_rd_inst.s_ifaces[I].r_arb_inst.mask_reg[J]	axi_crossbar_inst.axi_crossbar_rd_inst.s_ifaces[0].reg_inst.genblk2.m_axi_rready_reg$_SDFF_PP0_/Q	axi_crossbar_inst.axi_crossbar_rd_inst.s_ifaces[0].r_arb_inst.mask_reg[0]$_SDFFE_PP0P_/D
494	0.1899	axi_crossbar_inst.axi_crossbar_rd_inst.s_ifaces[I].addr_inst.thread_id_reg[J][K]	axi_crossbar_inst.axi_crossbar_rd_inst.s_ifaces[I].addr_inst.state_reg[J]	axi_crossbar_inst.axi_crossbar_rd_inst.s_ifaces[2].addr_inst.thread_id_reg[0][6]$_DFFE_PP_/Q	axi_crossbar_inst.axi_crossbar_rd_inst.s_ifaces[2].addr_inst.state_reg[1]$_SDFF_PP0_/D
495	0.1905	mI_axi_wready	axi_crossbar_inst.axi_crossbar_wr_inst.m_ifaces[I].reg_inst.genblkJ.temp_m_axi_wvalid_reg	m03_axi_wready	axi_crossbar_inst.axi_crossbar_wr_inst.m_ifaces[3].reg_inst.genblk2.temp_m_axi_wvalid_reg$_SDFFE_PP0P_/D
496	0.1908	axi_crossbar_inst.axi_crossbar_rd_inst.s_ifaces[I].r_arb_inst.grant_valid_reg	axi_crossbar_inst.axi_crossbar_rd_inst.s_ifaces[I].addr_inst.thread_id_reg[J][K]	axi_crossbar_inst.axi_crossbar_rd_inst.s_ifaces[1].r_arb_inst.grant_valid_reg$_SDFFE_PP0P_/Q	axi_crossbar_inst.axi_crossbar_rd_inst.s_ifaces[1].addr_inst.thread_id_reg[0][0]$_DFFE_PP_/D
497	0.1908	axi_crossbar_inst.axi_crossbar_rd_inst.s_ifaces[I].r_arb_inst.grant_valid_reg	axi_crossbar_inst.axi_crossbar_rd_inst.s_ifaces[I].addr_inst.thread_m_reg[J][K]	axi_crossbar_inst.axi_crossbar_rd_inst.s_ifaces[1].r_arb_inst.grant_valid_reg$_SDFFE_PP0P_/Q	axi_crossbar_inst.axi_crossbar_rd_inst.s_ifaces[1].addr_inst.thread_m_reg[0][0]$_DFFE_PP_/D
498	0.1916	axi_crossbar_inst.axi_crossbar_wr_inst.m_ifaces[I].w_select_valid_reg	axi_crossbar_inst.axi_crossbar_wr_inst.m_ifaces[I].a_arb_inst.grant_reg[J]	axi_crossbar_inst.axi_crossbar_wr_inst.m_ifaces[2].w_select_valid_reg$_SDFF_PP0_/Q	axi_crossbar_inst.axi_crossbar_wr_inst.m_ifaces[2].a_arb_inst.grant_reg[0]$_SDFFE_PP0P_/D
499	0.1918	axi_crossbar_inst.axi_crossbar_wr_inst.s_ifaces[I].addr_inst.m_select_reg[J]	axi_crossbar_inst.axi_crossbar_wr_inst.s_ifaces[I].addr_inst.m_rc_valid_reg	axi_crossbar_inst.axi_crossbar_wr_inst.s_ifaces[7].addr_inst.m_select_reg[2]$_DFF_P_/Q	axi_crossbar_inst.axi_crossbar_wr_inst.s_ifaces[7].addr_inst.m_rc_valid_reg$_SDFF_PP0_/D
500	0.1921	axi_crossbar_inst.axi_crossbar_wr_inst.m_ifaces[I].reg_inst.genblkJ.s_axi_wready_reg	axi_crossbar_inst.axi_crossbar_wr_inst.s_ifaces[I].w_drop_reg	axi_crossbar_inst.axi_crossbar_wr_inst.m_ifaces[5].reg_inst.genblk2.s_axi_wready_reg$_SDFF_PP0_/Q	axi_crossbar_inst.axi_crossbar_wr_inst.s_ifaces[6].w_drop_reg$_DFF_P_/D
501	0.1922	sI_axi_awvalid	axi_crossbar_inst.axi_crossbar_wr_inst.s_ifaces[I].addr_inst.m_select_reg[J]	s06_axi_awvalid	axi_crossbar_inst.axi_crossbar_wr_inst.s_ifaces[6].addr_inst.m_select_reg[2]$_DFF_P_/D
502	0.1924	axi_crossbar_inst.axi_crossbar_wr_inst.m_ifaces[I].reg_inst.genblkJ.genblkK.s_axi_awready_reg	axi_crossbar_inst.axi_crossbar_wr_inst.m_ifaces[I].a_arb_inst.mask_reg[J]	axi_crossbar_inst.axi_crossbar_wr_inst.m_ifaces[7].reg_inst.genblk1.genblk1.s_axi_awready_reg$_SDFF_PP0_/Q	axi_crossbar_inst.axi_crossbar_wr_inst.m_ifaces[7].a_arb_inst.mask_reg[1]$_SDFFE_PP0P_/D
503	0.1928	axi_crossbar_inst.axi_crossbar_rd_inst.s_ifaces[I].r_arb_inst.grant_encoded_reg[J]	axi_crossbar_inst.axi_crossbar_rd_inst.s_ifaces[I].reg_inst.genblkJ.temp_s_axi_rvalid_reg	axi_crossbar_inst.axi_crossbar_rd_inst.s_ifaces[1].r_arb_inst.grant_encoded_reg[1]$_SDFFE_PP0P_/Q	axi_crossbar_inst.axi_crossbar_rd_inst.s_ifaces[1].reg_inst.genblk2.temp_s_axi_rvalid_reg$_SDFFE_PP0P_/D
504	0.1933	axi_crossbar_inst.axi_crossbar_wr_inst.m_ifaces[I].w_select_reg[J]	axi_crossbar_inst.axi_crossbar_wr_inst.m_ifaces[I].reg_inst.genblkJ.s_axi_wready_reg	axi_crossbar_inst.axi_crossbar_wr_inst.m_ifaces[6].w_select_reg[0]$_DFFE_PP_/Q	axi_crossbar_inst.axi_crossbar_wr_inst.m_ifaces[6].reg_inst.genblk2.s_axi_wready_reg$_SDFF_PP0_/D
505	0.1940	sI_axi_arvalid	axi_crossbar_inst.axi_crossbar_rd_inst.s_ifaces[I].addr_inst.m_select_reg[J]	s02_axi_arvalid	axi_crossbar_inst.axi_crossbar_rd_inst.s_ifaces[2].addr_inst.m_select_reg[2]$_DFF_P_/D
506	0.1948	axi_crossbar_inst.axi_crossbar_rd_inst.s_ifaces[I].r_arb_inst.grant_encoded_reg[J]	axi_crossbar_inst.axi_crossbar_rd_inst.s_ifaces[I].reg_inst.genblkJ.s_axi_rlast_reg	axi_crossbar_inst.axi_crossbar_rd_inst.s_ifaces[5].r_arb_inst.grant_encoded_reg[1]$_SDFFE_PP0P_/Q	axi_crossbar_inst.axi_crossbar_rd_inst.s_ifaces[5].reg_inst.genblk2.s_axi_rlast_reg$_DFFE_PP_/D
507	0.1948	axi_crossbar_inst.axi_crossbar_wr_inst.s_ifaces[I].w_select_valid_reg	axi_crossbar_inst.axi_crossbar_wr_inst.m_ifaces[I].reg_inst.genblkJ.temp_m_axi_wvalid_reg	axi_crossbar_inst.axi_crossbar_wr_inst.s_ifaces[1].w_select_valid_reg$_SDFF_PP0_/Q	axi_crossbar_inst.axi_crossbar_wr_inst.m_ifaces[3].reg_inst.genblk2.temp_m_axi_wvalid_reg$_SDFFE_PP0P_/D
508	0.1953	sI_axi_rready	axi_crossbar_inst.axi_crossbar_rd_inst.s_ifaces[I].reg_inst.genblkJ.temp_s_axi_rvalid_reg	s01_axi_rready	axi_crossbar_inst.axi_crossbar_rd_inst.s_ifaces[1].reg_inst.genblk2.temp_s_axi_rvalid_reg$_SDFFE_PP0P_/D
509	0.1955	axi_crossbar_inst.axi_crossbar_rd_inst.m_ifaces[I].a_arb_inst.grant_encoded_reg[J]	axi_crossbar_inst.axi_crossbar_rd_inst.s_ifaces[I].addr_inst.state_reg[J]	axi_crossbar_inst.axi_crossbar_rd_inst.m_ifaces[3].a_arb_inst.grant_encoded_reg[1]$_SDFFE_PP0P_/Q	axi_crossbar_inst.axi_crossbar_rd_inst.s_ifaces[7].addr_inst.state_reg[1]$_SDFF_PP0_/D
510	0.1964	axi_crossbar_inst.axi_crossbar_wr_inst.s_ifaces[I].w_select_valid_reg	axi_crossbar_inst.axi_crossbar_wr_inst.m_ifaces[I].reg_inst.genblkJ.m_axi_wvalid_reg	axi_crossbar_inst.axi_crossbar_wr_inst.s_ifaces[1].w_select_valid_reg$_SDFF_PP0_/Q	axi_crossbar_inst.axi_crossbar_wr_inst.m_ifaces[3].reg_inst.genblk2.m_axi_wvalid_reg$_SDFFE_PP0P_/D
511	0.1974	axi_crossbar_inst.axi_crossbar_wr_inst.m_ifaces[I].w_select_reg[J]	axi_crossbar_inst.axi_crossbar_wr_inst.m_ifaces[I].w_select_valid_reg	axi_crossbar_inst.axi_crossbar_wr_inst.m_ifaces[7].w_select_reg[1]$_DFFE_PP_/Q	axi_crossbar_inst.axi_crossbar_wr_inst.m_ifaces[7].w_select_valid_reg$_SDFF_PP0_/D
512	0.1990	axi_crossbar_inst.axi_crossbar_rd_inst.m_ifaces[I].reg_inst.genblkJ.genblkK.s_axi_arready_reg	axi_crossbar_inst.axi_crossbar_rd_inst.m_ifaces[I].trans_count_reg[J]	axi_crossbar_inst.axi_crossbar_rd_inst.m_ifaces[1].reg_inst.genblk1.genblk1.s_axi_arready_reg$_SDFF_PP0_/Q	axi_crossbar_inst.axi_crossbar_rd_inst.m_ifaces[1].trans_count_reg[2]$_SDFFE_PP0P_/D
513	0.1996	axi_crossbar_inst.axi_crossbar_wr_inst.s_ifaces[I].w_drop_reg	axi_crossbar_inst.axi_crossbar_wr_inst.m_ifaces[I].a_arb_inst.grant_valid_reg	axi_crossbar_inst.axi_crossbar_wr_inst.s_ifaces[4].w_drop_reg$_DFF_P_/QN	axi_crossbar_inst.axi_crossbar_wr_inst.m_ifaces[3].a_arb_inst.grant_valid_reg$_SDFFE_PP0P_/D
514	0.2008	axi_crossbar_inst.axi_crossbar_wr_inst.m_ifaces[I].reg_inst.genblkJ.genblkK.s_axi_awready_reg	axi_crossbar_inst.axi_crossbar_wr_inst.m_ifaces[I].a_arb_inst.grant_reg[J]	axi_crossbar_inst.axi_crossbar_wr_inst.m_ifaces[7].reg_inst.genblk1.genblk1.s_axi_awready_reg$_SDFF_PP0_/Q	axi_crossbar_inst.axi_crossbar_wr_inst.m_ifaces[7].a_arb_inst.grant_reg[4]$_SDFFE_PP0P_/D
515	0.2015	axi_crossbar_inst.axi_crossbar_wr_inst.m_ifaces[I].a_arb_inst.grant_valid_reg	axi_crossbar_inst.axi_crossbar_wr_inst.m_ifaces[I].a_arb_inst.grant_encoded_reg[J]	axi_crossbar_inst.axi_crossbar_wr_inst.m_ifaces[5].a_arb_inst.grant_valid_reg$_SDFFE_PP0P_/Q	axi_crossbar_inst.axi_crossbar_wr_inst.m_ifaces[5].a_arb_inst.grant_encoded_reg[0]$_SDFFE_PP0P_/D
516	0.2016	axi_crossbar_inst.axi_crossbar_rd_inst.m_ifaces[I].reg_inst.genblkJ.genblkK.s_axi_arready_reg	axi_crossbar_inst.axi_crossbar_rd_inst.s_ifaces[I].addr_inst.state_reg[J]	axi_crossbar_inst.axi_crossbar_rd_inst.m_ifaces[6].reg_inst.genblk1.genblk1.s_axi_arready_reg$_SDFF_PP0_/Q	axi_crossbar_inst.axi_crossbar_rd_inst.s_ifaces[7].addr_inst.state_reg[1]$_SDFF_PP0_/D
517	0.2024	axi_crossbar_inst.axi_crossbar_wr_inst.s_ifaces[I].addr_inst.m_select_reg[J]	axi_crossbar_inst.axi_crossbar_wr_inst.s_ifaces[I].addr_inst.m_wc_valid_reg	axi_crossbar_inst.axi_crossbar_wr_inst.s_ifaces[1].addr_inst.m_select_reg[1]$_DFF_P_/Q	axi_crossbar_inst.axi_crossbar_wr_inst.s_ifaces[1].addr_inst.m_wc_valid_reg$_SDFF_PP0_/D
518	0.2024	axi_crossbar_inst.axi_crossbar_wr_inst.m_ifaces[I].w_select_reg[J]	axi_crossbar_inst.axi_crossbar_wr_inst.m_ifaces[I].reg_inst.genblkJ.m_axi_wlast_reg	axi_crossbar_inst.axi_crossbar_wr_inst.m_ifaces[7].w_select_reg[1]$_DFFE_PP_/Q	axi_crossbar_inst.axi_crossbar_wr_inst.m_ifaces[7].reg_inst.genblk2.m_axi_wlast_reg$_DFFE_PP_/D
519	0.2030	axi_crossbar_inst.axi_crossbar_wr_inst.m_ifaces[I].reg_inst.genblkJ.s_axi_wready_reg	axi_crossbar_inst.axi_crossbar_wr_inst.m_ifaces[I].a_arb_inst.grant_reg[J]	axi_crossbar_inst.axi_crossbar_wr_inst.m_ifaces[2].reg_inst.genblk2.s_axi_wready_reg$_SDFF_PP0_/Q	axi_crossbar_inst.axi_crossbar_wr_inst.m_ifaces[2].a_arb_inst.grant_reg[0]$_SDFFE_PP0P_/D
520	0.2032	axi_crossbar_inst.axi_crossbar_rd_inst.s_ifaces[I].addr_inst.thread_id_reg[J][K]	axi_crossbar_inst.axi_crossbar_rd_inst.s_ifaces[I].addr_inst.m_rc_valid_reg	axi_crossbar_inst.axi_crossbar_rd_inst.s_ifaces[7].addr_inst.thread_id_reg[1][6]$_DFFE_PP_/Q	axi_crossbar_inst.axi_crossbar_rd_inst.s_ifaces[7].addr_inst.m_rc_valid_reg$_SDFF_PP0_/D
521	0.2047	axi_crossbar_inst.axi_crossbar_rd_inst.s_ifaces[I].r_arb_inst.grant_reg[J]	axi_crossbar_inst.axi_crossbar_rd_inst.s_ifaces[I].r_arb_inst.grant_valid_reg	axi_crossbar_inst.axi_crossbar_rd_inst.s_ifaces[1].r_arb_inst.grant_reg[0]$_SDFFE_PP0P_/Q	axi_crossbar_inst.axi_crossbar_rd_inst.s_ifaces[1].r_arb_inst.grant_valid_reg$_SDFFE_PP0P_/D
522	0.2051	axi_crossbar_inst.axi_crossbar_wr_inst.m_ifaces[I].w_select_valid_reg	axi_crossbar_inst.axi_crossbar_wr_inst.s_ifaces[I].w_drop_reg	axi_crossbar_inst.axi_crossbar_wr_inst.m_ifaces[1].w_select_valid_reg$_SDFF_PP0_/Q	axi_crossbar_inst.axi_crossbar_wr_inst.s_ifaces[6].w_drop_reg$_DFF_P_/D
523	0.2062	axi_crossbar_inst.axi_crossbar_wr_inst.s_ifaces[I].b_arb_inst.grant_valid_reg	axi_crossbar_inst.axi_crossbar_wr_inst.s_ifaces[I].addr_inst.thread_id_reg[J][K]	axi_crossbar_inst.axi_crossbar_wr_inst.s_ifaces[7].b_arb_inst.grant_valid_reg$_SDFFE_PP0P_/Q	axi_crossbar_inst.axi_crossbar_wr_inst.s_ifaces[7].addr_inst.thread_id_reg[1][0]$_DFFE_PP_/D
524	0.2062	axi_crossbar_inst.axi_crossbar_wr_inst.s_ifaces[I].b_arb_inst.grant_valid_reg	axi_crossbar_inst.axi_crossbar_wr_inst.s_ifaces[I].addr_inst.thread_m_reg[J][K]	axi_crossbar_inst.axi_crossbar_wr_inst.s_ifaces[7].b_arb_inst.grant_valid_reg$_SDFFE_PP0P_/Q	axi_crossbar_inst.axi_crossbar_wr_inst.s_ifaces[7].addr_inst.thread_m_reg[1][0]$_DFFE_PP_/D
525	0.2095	axi_crossbar_inst.axi_crossbar_wr_inst.s_ifaces[I].b_arb_inst.grant_encoded_reg[J]	axi_crossbar_inst.axi_crossbar_wr_inst.s_ifaces[I].reg_inst.genblkJ.genblkK.m_axi_bready_reg	axi_crossbar_inst.axi_crossbar_wr_inst.s_ifaces[4].b_arb_inst.grant_encoded_reg[1]$_SDFFE_PP0P_/Q	axi_crossbar_inst.axi_crossbar_wr_inst.s_ifaces[4].reg_inst.genblk3.genblk1.m_axi_bready_reg$_SDFF_PP0_/D
526	0.2096	axi_crossbar_inst.axi_crossbar_wr_inst.s_ifaces[I].w_select_reg[J]	axi_crossbar_inst.axi_crossbar_wr_inst.s_ifaces[I].w_drop_reg	axi_crossbar_inst.axi_crossbar_wr_inst.s_ifaces[6].w_select_reg[0]$_DFFE_PP_/Q	axi_crossbar_inst.axi_crossbar_wr_inst.s_ifaces[6].w_drop_reg$_DFF_P_/D
527	0.2102	axi_crossbar_inst.axi_crossbar_wr_inst.s_ifaces[I].w_select_reg[J]	axi_crossbar_inst.axi_crossbar_wr_inst.m_ifaces[I].reg_inst.genblkJ.temp_m_axi_wvalid_reg	axi_crossbar_inst.axi_crossbar_wr_inst.s_ifaces[4].w_select_reg[1]$_DFFE_PP_/Q	axi_crossbar_inst.axi_crossbar_wr_inst.m_ifaces[3].reg_inst.genblk2.temp_m_axi_wvalid_reg$_SDFFE_PP0P_/D
528	0.2114	axi_crossbar_inst.axi_crossbar_wr_inst.m_ifaces[I].reg_inst.genblkJ.genblkK.s_axi_awready_reg	axi_crossbar_inst.axi_crossbar_wr_inst.m_ifaces[I].a_arb_inst.grant_encoded_reg[J]	axi_crossbar_inst.axi_crossbar_wr_inst.m_ifaces[7].reg_inst.genblk1.genblk1.s_axi_awready_reg$_SDFF_PP0_/Q	axi_crossbar_inst.axi_crossbar_wr_inst.m_ifaces[7].a_arb_inst.grant_encoded_reg[2]$_SDFFE_PP0P_/D
529	0.2118	axi_crossbar_inst.axi_crossbar_wr_inst.s_ifaces[I].w_select_reg[J]	axi_crossbar_inst.axi_crossbar_wr_inst.m_ifaces[I].reg_inst.genblkJ.m_axi_wvalid_reg	axi_crossbar_inst.axi_crossbar_wr_inst.s_ifaces[4].w_select_reg[1]$_DFFE_PP_/Q	axi_crossbar_inst.axi_crossbar_wr_inst.m_ifaces[3].reg_inst.genblk2.m_axi_wvalid_reg$_SDFFE_PP0P_/D
530	0.2125	axi_crossbar_inst.axi_crossbar_rd_inst.m_ifaces[I].a_arb_inst.grant_encoded_reg[J]	axi_crossbar_inst.axi_crossbar_rd_inst.s_ifaces[I].addr_inst.s_axi_aready_reg	axi_crossbar_inst.axi_crossbar_rd_inst.m_ifaces[3].a_arb_inst.grant_encoded_reg[1]$_SDFFE_PP0P_/Q	axi_crossbar_inst.axi_crossbar_rd_inst.s_ifaces[7].addr_inst.s_axi_aready_reg$_SDFF_PP0_/D
531	0.2150	axi_crossbar_inst.axi_crossbar_rd_inst.s_ifaces[I].reg_inst.genblkJ.m_axi_rready_reg	axi_crossbar_inst.axi_crossbar_rd_inst.s_ifaces[I].r_arb_inst.grant_reg[J]	axi_crossbar_inst.axi_crossbar_rd_inst.s_ifaces[4].reg_inst.genblk2.m_axi_rready_reg$_SDFF_PP0_/Q	axi_crossbar_inst.axi_crossbar_rd_inst.s_ifaces[4].r_arb_inst.grant_reg[0]$_SDFFE_PP0P_/D
532	0.2157	axi_crossbar_inst.axi_crossbar_wr_inst.s_ifaces[I].addr_inst.m_axi_avalid_reg	axi_crossbar_inst.axi_crossbar_wr_inst.m_ifaces[I].w_select_new_reg	axi_crossbar_inst.axi_crossbar_wr_inst.s_ifaces[6].addr_inst.m_axi_avalid_reg$_SDFF_PP0_/Q	axi_crossbar_inst.axi_crossbar_wr_inst.m_ifaces[4].w_select_new_reg$_SDFF_PP1_/D
533	0.2174	axi_crossbar_inst.axi_crossbar_wr_inst.m_ifaces[I].w_select_reg[J]	axi_crossbar_inst.axi_crossbar_wr_inst.m_ifaces[I].reg_inst.genblkJ.temp_m_axi_wvalid_reg	axi_crossbar_inst.axi_crossbar_wr_inst.m_ifaces[7].w_select_reg[0]$_DFFE_PP_/Q	axi_crossbar_inst.axi_crossbar_wr_inst.m_ifaces[7].reg_inst.genblk2.temp_m_axi_wvalid_reg$_SDFFE_PP0P_/D
534	0.2182	axi_crossbar_inst.axi_crossbar_rd_inst.s_ifaces[I].addr_inst.m_select_reg[J]	axi_crossbar_inst.axi_crossbar_rd_inst.s_ifaces[I].addr_inst.m_rc_valid_reg	axi_crossbar_inst.axi_crossbar_rd_inst.s_ifaces[2].addr_inst.m_select_reg[2]$_DFF_P_/Q	axi_crossbar_inst.axi_crossbar_rd_inst.s_ifaces[2].addr_inst.m_rc_valid_reg$_SDFF_PP0_/D
535	0.2186	axi_crossbar_inst.axi_crossbar_rd_inst.m_ifaces[I].reg_inst.genblkJ.genblkK.s_axi_arready_reg	axi_crossbar_inst.axi_crossbar_rd_inst.s_ifaces[I].addr_inst.s_axi_aready_reg	axi_crossbar_inst.axi_crossbar_rd_inst.m_ifaces[6].reg_inst.genblk1.genblk1.s_axi_arready_reg$_SDFF_PP0_/Q	axi_crossbar_inst.axi_crossbar_rd_inst.s_ifaces[7].addr_inst.s_axi_aready_reg$_SDFF_PP0_/D
536	0.2195	axi_crossbar_inst.axi_crossbar_wr_inst.s_ifaces[I].reg_inst.genblkJ.genblkK.m_axi_bready_reg	axi_crossbar_inst.axi_crossbar_wr_inst.s_ifaces[I].b_arb_inst.grant_reg[J]	axi_crossbar_inst.axi_crossbar_wr_inst.s_ifaces[0].reg_inst.genblk3.genblk1.m_axi_bready_reg$_SDFF_PP0_/Q	axi_crossbar_inst.axi_crossbar_wr_inst.s_ifaces[0].b_arb_inst.grant_reg[4]$_SDFFE_PP0P_/D
537	0.2195	mI_axi_wready	axi_crossbar_inst.axi_crossbar_wr_inst.m_ifaces[I].reg_inst.genblkJ.m_axi_wvalid_reg	m06_axi_wready	axi_crossbar_inst.axi_crossbar_wr_inst.m_ifaces[6].reg_inst.genblk2.m_axi_wvalid_reg$_SDFFE_PP0P_/D
538	0.2203	axi_crossbar_inst.axi_crossbar_rd_inst.s_ifaces[I].decerr_len_reg[J]	axi_crossbar_inst.axi_crossbar_rd_inst.s_ifaces[I].decerr_m_axi_rlast_reg	axi_crossbar_inst.axi_crossbar_rd_inst.s_ifaces[5].decerr_len_reg[1]$_DFFE_PP_/QN	axi_crossbar_inst.axi_crossbar_rd_inst.s_ifaces[5].decerr_m_axi_rlast_reg$_DFFE_PP_/D
539	0.2222	axi_crossbar_inst.axi_crossbar_rd_inst.s_ifaces[I].r_arb_inst.grant_encoded_reg[J]	axi_crossbar_inst.axi_crossbar_rd_inst.s_ifaces[I].reg_inst.genblkJ.s_axi_rvalid_reg	axi_crossbar_inst.axi_crossbar_rd_inst.s_ifaces[1].r_arb_inst.grant_encoded_reg[1]$_SDFFE_PP0P_/Q	axi_crossbar_inst.axi_crossbar_rd_inst.s_ifaces[1].reg_inst.genblk2.s_axi_rvalid_reg$_SDFFE_PP0P_/D
540	0.2241	sI_axi_rready	axi_crossbar_inst.axi_crossbar_rd_inst.s_ifaces[I].reg_inst.genblkJ.m_axi_rready_reg	s03_axi_rready	axi_crossbar_inst.axi_crossbar_rd_inst.s_ifaces[3].reg_inst.genblk2.m_axi_rready_reg$_SDFF_PP0_/D
541	0.2249	axi_crossbar_inst.axi_crossbar_rd_inst.s_ifaces[I].reg_inst.genblkJ.m_axi_rready_reg	axi_crossbar_inst.axi_crossbar_rd_inst.s_ifaces[I].r_arb_inst.grant_encoded_reg[J]	axi_crossbar_inst.axi_crossbar_rd_inst.s_ifaces[5].reg_inst.genblk2.m_axi_rready_reg$_SDFF_PP0_/Q	axi_crossbar_inst.axi_crossbar_rd_inst.s_ifaces[5].r_arb_inst.grant_encoded_reg[2]$_SDFFE_PP0P_/D
542	0.2249	axi_crossbar_inst.axi_crossbar_wr_inst.s_ifaces[I].reg_inst.genblkJ.genblkK.m_axi_bready_reg	axi_crossbar_inst.axi_crossbar_wr_inst.s_ifaces[I].b_arb_inst.mask_reg[J]	axi_crossbar_inst.axi_crossbar_wr_inst.s_ifaces[0].reg_inst.genblk3.genblk1.m_axi_bready_reg$_SDFF_PP0_/Q	axi_crossbar_inst.axi_crossbar_wr_inst.s_ifaces[0].b_arb_inst.mask_reg[5]$_SDFFE_PP0P_/D
543	0.2263	axi_crossbar_inst.axi_crossbar_wr_inst.m_ifaces[I].a_arb_inst.grant_encoded_reg[J]	axi_crossbar_inst.axi_crossbar_wr_inst.s_ifaces[I].addr_inst.m_axi_avalid_reg	axi_crossbar_inst.axi_crossbar_wr_inst.m_ifaces[7].a_arb_inst.grant_encoded_reg[1]$_SDFFE_PP0P_/Q	axi_crossbar_inst.axi_crossbar_wr_inst.s_ifaces[4].addr_inst.m_axi_avalid_reg$_SDFF_PP0_/D
544	0.2271	axi_crossbar_inst.axi_crossbar_wr_inst.s_ifaces[I].w_select_reg[J]	axi_crossbar_inst.axi_crossbar_wr_inst.m_ifaces[I].w_select_valid_reg	axi_crossbar_inst.axi_crossbar_wr_inst.s_ifaces[0].w_select_reg[1]$_DFFE_PP_/Q	axi_crossbar_inst.axi_crossbar_wr_inst.m_ifaces[0].w_select_valid_reg$_SDFF_PP0_/D
545	0.2283	axi_crossbar_inst.axi_crossbar_wr_inst.m_ifaces[I].w_select_reg[J]	axi_crossbar_inst.axi_crossbar_wr_inst.m_ifaces[I].reg_inst.genblkJ.m_axi_wvalid_reg	axi_crossbar_inst.axi_crossbar_wr_inst.m_ifaces[6].w_select_reg[1]$_DFFE_PP_/Q	axi_crossbar_inst.axi_crossbar_wr_inst.m_ifaces[6].reg_inst.genblk2.m_axi_wvalid_reg$_SDFFE_PP0P_/D
546	0.2287	axi_crossbar_inst.axi_crossbar_rd_inst.m_ifaces[I].a_arb_inst.grant_valid_reg	axi_crossbar_inst.axi_crossbar_rd_inst.s_ifaces[I].addr_inst.state_reg[J]	axi_crossbar_inst.axi_crossbar_rd_inst.m_ifaces[6].a_arb_inst.grant_valid_reg$_SDFFE_PP0P_/Q	axi_crossbar_inst.axi_crossbar_rd_inst.s_ifaces[7].addr_inst.state_reg[1]$_SDFF_PP0_/D
547	0.2287	axi_crossbar_inst.axi_crossbar_wr_inst.s_ifaces[I].b_arb_inst.grant_encoded_reg[J]	axi_crossbar_inst.axi_crossbar_wr_inst.s_ifaces[I].reg_inst.genblkJ.genblkK.s_axi_bvalid_reg	axi_crossbar_inst.axi_crossbar_wr_inst.s_ifaces[4].b_arb_inst.grant_encoded_reg[1]$_SDFFE_PP0P_/Q	axi_crossbar_inst.axi_crossbar_wr_inst.s_ifaces[4].reg_inst.genblk3.genblk1.s_axi_bvalid_reg$_SDFF_PP0_/D
548	0.2289	axi_crossbar_inst.axi_crossbar_rd_inst.s_ifaces[I].addr_inst.thread_id_reg[J][K]	axi_crossbar_inst.axi_crossbar_rd_inst.s_ifaces[I].addr_inst.m_axi_avalid_reg	axi_crossbar_inst.axi_crossbar_rd_inst.s_ifaces[4].addr_inst.thread_id_reg[0][3]$_DFFE_PP_/Q	axi_crossbar_inst.axi_crossbar_rd_inst.s_ifaces[4].addr_inst.m_axi_avalid_reg$_SDFF_PP0_/D
549	0.2294	axi_crossbar_inst.axi_crossbar_rd_inst.s_ifaces[I].r_arb_inst.grant_valid_reg	axi_crossbar_inst.axi_crossbar_rd_inst.s_ifaces[I].decerr_len_reg[J]	axi_crossbar_inst.axi_crossbar_rd_inst.s_ifaces[2].r_arb_inst.grant_valid_reg$_SDFFE_PP0P_/Q	axi_crossbar_inst.axi_crossbar_rd_inst.s_ifaces[2].decerr_len_reg[0]$_DFFE_PP_/D
550	0.2294	axi_crossbar_inst.axi_crossbar_rd_inst.s_ifaces[I].r_arb_inst.grant_valid_reg	axi_crossbar_inst.axi_crossbar_rd_inst.s_ifaces[I].decerr_m_axi_rlast_reg	axi_crossbar_inst.axi_crossbar_rd_inst.s_ifaces[2].r_arb_inst.grant_valid_reg$_SDFFE_PP0P_/Q	axi_crossbar_inst.axi_crossbar_rd_inst.s_ifaces[2].decerr_m_axi_rlast_reg$_DFFE_PP_/D
551	0.2294	sI_axi_arlen[J]	axi_crossbar_inst.axi_crossbar_rd_inst.s_ifaces[I].decerr_len_reg[J]	s04_axi_arlen[3]	axi_crossbar_inst.axi_crossbar_rd_inst.s_ifaces[4].decerr_len_reg[3]$_DFFE_PP_/D
552	0.2294	axi_crossbar_inst.axi_crossbar_wr_inst.m_ifaces[I].a_arb_inst.grant_valid_reg	axi_crossbar_inst.axi_crossbar_wr_inst.m_ifaces[I].trans_count_reg[J]	axi_crossbar_inst.axi_crossbar_wr_inst.m_ifaces[1].a_arb_inst.grant_valid_reg$_SDFFE_PP0P_/Q	axi_crossbar_inst.axi_crossbar_wr_inst.m_ifaces[1].trans_count_reg[2]$_SDFFE_PP0P_/D
553	0.2303	axi_crossbar_inst.axi_crossbar_rd_inst.s_ifaces[I].r_arb_inst.grant_encoded_reg[J]	axi_crossbar_inst.axi_crossbar_rd_inst.s_ifaces[I].decerr_m_axi_rvalid_reg	axi_crossbar_inst.axi_crossbar_rd_inst.s_ifaces[0].r_arb_inst.grant_encoded_reg[0]$_SDFFE_PP0P_/Q	axi_crossbar_inst.axi_crossbar_rd_inst.s_ifaces[0].decerr_m_axi_rvalid_reg$_SDFF_PP0_/D
554	0.2308	sI_axi_wlast	axi_crossbar_inst.axi_crossbar_wr_inst.s_ifaces[I].w_drop_reg	s05_axi_wlast	axi_crossbar_inst.axi_crossbar_wr_inst.s_ifaces[5].w_drop_reg$_DFF_P_/D
555	0.2320	mI_axi_wready	axi_crossbar_inst.axi_crossbar_wr_inst.m_ifaces[I].reg_inst.genblkJ.s_axi_wready_reg	m07_axi_wready	axi_crossbar_inst.axi_crossbar_wr_inst.m_ifaces[7].reg_inst.genblk2.s_axi_wready_reg$_SDFF_PP0_/D
556	0.2329	axi_crossbar_inst.axi_crossbar_rd_inst.s_ifaces[I].r_arb_inst.grant_encoded_reg[J]	axi_crossbar_inst.axi_crossbar_rd_inst.s_ifaces[I].reg_inst.genblkJ.m_axi_rready_reg	axi_crossbar_inst.axi_crossbar_rd_inst.s_ifaces[0].r_arb_inst.grant_encoded_reg[1]$_SDFFE_PP0P_/Q	axi_crossbar_inst.axi_crossbar_rd_inst.s_ifaces[0].reg_inst.genblk2.m_axi_rready_reg$_SDFF_PP0_/D
557	0.2342	axi_crossbar_inst.axi_crossbar_wr_inst.m_ifaces[I].w_select_new_reg	axi_crossbar_inst.axi_crossbar_wr_inst.m_ifaces[I].a_arb_inst.grant_encoded_reg[J]	axi_crossbar_inst.axi_crossbar_wr_inst.m_ifaces[5].w_select_new_reg$_SDFF_PP1_/Q	axi_crossbar_inst.axi_crossbar_wr_inst.m_ifaces[5].a_arb_inst.grant_encoded_reg[0]$_SDFFE_PP0P_/D
558	0.2348	axi_crossbar_inst.axi_crossbar_wr_inst.s_ifaces[I].w_select_valid_reg	axi_crossbar_inst.axi_crossbar_wr_inst.m_ifaces[I].w_select_valid_reg	axi_crossbar_inst.axi_crossbar_wr_inst.s_ifaces[7].w_select_valid_reg$_SDFF_PP0_/Q	axi_crossbar_inst.axi_crossbar_wr_inst.m_ifaces[5].w_select_valid_reg$_SDFF_PP0_/D
559	0.2354	axi_crossbar_inst.axi_crossbar_rd_inst.m_ifaces[I].a_arb_inst.grant_reg[J]	axi_crossbar_inst.axi_crossbar_rd_inst.m_ifaces[I].a_arb_inst.grant_valid_reg	axi_crossbar_inst.axi_crossbar_rd_inst.m_ifaces[6].a_arb_inst.grant_reg[3]$_SDFFE_PP0P_/QN	axi_crossbar_inst.axi_crossbar_rd_inst.m_ifaces[6].a_arb_inst.grant_valid_reg$_SDFFE_PP0P_/D
560	0.2358	axi_crossbar_inst.axi_crossbar_rd_inst.s_ifaces[I].r_arb_inst.grant_encoded_reg[J]	axi_crossbar_inst.axi_crossbar_rd_inst.s_ifaces[I].reg_inst.genblkJ.temp_s_axi_rlast_reg	axi_crossbar_inst.axi_crossbar_rd_inst.s_ifaces[5].r_arb_inst.grant_encoded_reg[1]$_SDFFE_PP0P_/Q	axi_crossbar_inst.axi_crossbar_rd_inst.s_ifaces[5].reg_inst.genblk2.temp_s_axi_rlast_reg$_DFFE_PP_/D
561	0.2359	axi_crossbar_inst.axi_crossbar_wr_inst.m_ifaces[I].trans_count_reg[J]	axi_crossbar_inst.axi_crossbar_wr_inst.m_ifaces[I].a_arb_inst.grant_reg[J]	axi_crossbar_inst.axi_crossbar_wr_inst.m_ifaces[2].trans_count_reg[2]$_SDFFE_PP0P_/Q	axi_crossbar_inst.axi_crossbar_wr_inst.m_ifaces[2].a_arb_inst.grant_reg[0]$_SDFFE_PP0P_/D
562	0.2376	axi_crossbar_inst.axi_crossbar_rd_inst.s_ifaces[I].decerr_len_reg[J]	axi_crossbar_inst.axi_crossbar_rd_inst.s_ifaces[I].decerr_len_reg[J]	axi_crossbar_inst.axi_crossbar_rd_inst.s_ifaces[5].decerr_len_reg[1]$_DFFE_PP_/QN	axi_crossbar_inst.axi_crossbar_rd_inst.s_ifaces[5].decerr_len_reg[7]$_DFFE_PP_/D
563	0.2382	axi_crossbar_inst.axi_crossbar_wr_inst.s_ifaces[I].w_drop_reg	axi_crossbar_inst.axi_crossbar_wr_inst.m_ifaces[I].reg_inst.genblkJ.s_axi_wready_reg	axi_crossbar_inst.axi_crossbar_wr_inst.s_ifaces[1].w_drop_reg$_DFF_P_/QN	axi_crossbar_inst.axi_crossbar_wr_inst.m_ifaces[6].reg_inst.genblk2.s_axi_wready_reg$_SDFF_PP0_/D
564	0.2388	sI_axi_awvalid	axi_crossbar_inst.axi_crossbar_wr_inst.s_ifaces[I].addr_inst.m_decerr_reg	s06_axi_awvalid	axi_crossbar_inst.axi_crossbar_wr_inst.s_ifaces[6].addr_inst.m_decerr_reg$_DFFE_PP_/D
565	0.2393	axi_crossbar_inst.axi_crossbar_rd_inst.m_ifaces[I].reg_inst.genblkJ.genblkK.s_axi_arready_reg	axi_crossbar_inst.axi_crossbar_rd_inst.m_ifaces[I].a_arb_inst.mask_reg[J]	axi_crossbar_inst.axi_crossbar_rd_inst.m_ifaces[4].reg_inst.genblk1.genblk1.s_axi_arready_reg$_SDFF_PP0_/Q	axi_crossbar_inst.axi_crossbar_rd_inst.m_ifaces[4].a_arb_inst.mask_reg[1]$_SDFFE_PP0P_/D
566	0.2394	sI_axi_arvalid	axi_crossbar_inst.axi_crossbar_rd_inst.s_ifaces[I].addr_inst.m_decerr_reg	s02_axi_arvalid	axi_crossbar_inst.axi_crossbar_rd_inst.s_ifaces[2].addr_inst.m_decerr_reg$_DFFE_PP_/D
567	0.2413	axi_crossbar_inst.axi_crossbar_wr_inst.s_ifaces[I].w_drop_reg	axi_crossbar_inst.axi_crossbar_wr_inst.m_ifaces[I].reg_inst.genblkJ.temp_m_axi_wvalid_reg	axi_crossbar_inst.axi_crossbar_wr_inst.s_ifaces[4].w_drop_reg$_DFF_P_/QN	axi_crossbar_inst.axi_crossbar_wr_inst.m_ifaces[3].reg_inst.genblk2.temp_m_axi_wvalid_reg$_SDFFE_PP0P_/D
568	0.2423	axi_crossbar_inst.axi_crossbar_wr_inst.m_ifaces[I].reg_inst.genblkJ.s_axi_wready_reg	axi_crossbar_inst.axi_crossbar_wr_inst.s_ifaces[I].w_select_valid_reg	axi_crossbar_inst.axi_crossbar_wr_inst.m_ifaces[3].reg_inst.genblk2.s_axi_wready_reg$_SDFF_PP0_/Q	axi_crossbar_inst.axi_crossbar_wr_inst.s_ifaces[1].w_select_valid_reg$_SDFF_PP0_/D
569	0.2428	axi_crossbar_inst.axi_crossbar_wr_inst.s_ifaces[I].w_drop_reg	axi_crossbar_inst.axi_crossbar_wr_inst.m_ifaces[I].reg_inst.genblkJ.m_axi_wvalid_reg	axi_crossbar_inst.axi_crossbar_wr_inst.s_ifaces[4].w_drop_reg$_DFF_P_/QN	axi_crossbar_inst.axi_crossbar_wr_inst.m_ifaces[3].reg_inst.genblk2.m_axi_wvalid_reg$_SDFFE_PP0P_/D
570	0.2438	axi_crossbar_inst.axi_crossbar_wr_inst.s_ifaces[I].decerr_m_axi_bvalid_reg	axi_crossbar_inst.axi_crossbar_wr_inst.s_ifaces[I].b_arb_inst.grant_valid_reg	axi_crossbar_inst.axi_crossbar_wr_inst.s_ifaces[1].decerr_m_axi_bvalid_reg$_SDFF_PP0_/Q	axi_crossbar_inst.axi_crossbar_wr_inst.s_ifaces[1].b_arb_inst.grant_valid_reg$_SDFFE_PP0P_/D
571	0.2438	axi_crossbar_inst.axi_crossbar_wr_inst.s_ifaces[I].w_select_reg[J]	axi_crossbar_inst.axi_crossbar_wr_inst.s_ifaces[I].w_select_valid_reg	axi_crossbar_inst.axi_crossbar_wr_inst.s_ifaces[6].w_select_reg[0]$_DFFE_PP_/Q	axi_crossbar_inst.axi_crossbar_wr_inst.s_ifaces[6].w_select_valid_reg$_SDFF_PP0_/D
572	0.2457	axi_crossbar_inst.axi_crossbar_rd_inst.m_ifaces[I].a_arb_inst.grant_valid_reg	axi_crossbar_inst.axi_crossbar_rd_inst.s_ifaces[I].addr_inst.s_axi_aready_reg	axi_crossbar_inst.axi_crossbar_rd_inst.m_ifaces[6].a_arb_inst.grant_valid_reg$_SDFFE_PP0P_/Q	axi_crossbar_inst.axi_crossbar_rd_inst.s_ifaces[7].addr_inst.s_axi_aready_reg$_SDFF_PP0_/D
573	0.2459	axi_crossbar_inst.axi_crossbar_rd_inst.s_ifaces[I].decerr_m_axi_rlast_reg	axi_crossbar_inst.axi_crossbar_rd_inst.s_ifaces[I].r_arb_inst.mask_reg[J]	axi_crossbar_inst.axi_crossbar_rd_inst.s_ifaces[0].decerr_m_axi_rlast_reg$_DFFE_PP_/Q	axi_crossbar_inst.axi_crossbar_rd_inst.s_ifaces[0].r_arb_inst.mask_reg[0]$_SDFFE_PP0P_/D
574	0.2466	axi_crossbar_inst.axi_crossbar_wr_inst.m_ifaces[I].reg_inst.genblkJ.genblkK.s_axi_awready_reg	axi_crossbar_inst.axi_crossbar_wr_inst.s_ifaces[I].addr_inst.m_axi_avalid_reg	axi_crossbar_inst.axi_crossbar_wr_inst.m_ifaces[5].reg_inst.genblk1.genblk1.s_axi_awready_reg$_SDFF_PP0_/Q	axi_crossbar_inst.axi_crossbar_wr_inst.s_ifaces[4].addr_inst.m_axi_avalid_reg$_SDFF_PP0_/D
575	0.2474	axi_crossbar_inst.axi_crossbar_wr_inst.m_ifaces[I].w_select_reg[J]	axi_crossbar_inst.axi_crossbar_wr_inst.m_ifaces[I].reg_inst.genblkJ.temp_m_axi_wlast_reg	axi_crossbar_inst.axi_crossbar_wr_inst.m_ifaces[6].w_select_reg[1]$_DFFE_PP_/Q	axi_crossbar_inst.axi_crossbar_wr_inst.m_ifaces[6].reg_inst.genblk2.temp_m_axi_wlast_reg$_DFFE_PP_/D
576	0.2474	axi_crossbar_inst.axi_crossbar_wr_inst.s_ifaces[I].b_arb_inst.grant_reg[J]	axi_crossbar_inst.axi_crossbar_wr_inst.s_ifaces[I].b_arb_inst.grant_valid_reg	axi_crossbar_inst.axi_crossbar_wr_inst.s_ifaces[1].b_arb_inst.grant_reg[5]$_SDFFE_PP0P_/Q	axi_crossbar_inst.axi_crossbar_wr_inst.s_ifaces[1].b_arb_inst.grant_valid_reg$_SDFFE_PP0P_/D
577	0.2476	axi_crossbar_inst.axi_crossbar_wr_inst.s_ifaces[I].reg_inst.genblkJ.genblkK.m_axi_bready_reg	axi_crossbar_inst.axi_crossbar_wr_inst.s_ifaces[I].b_arb_inst.grant_encoded_reg[J]	axi_crossbar_inst.axi_crossbar_wr_inst.s_ifaces[0].reg_inst.genblk3.genblk1.m_axi_bready_reg$_SDFF_PP0_/Q	axi_crossbar_inst.axi_crossbar_wr_inst.s_ifaces[0].b_arb_inst.grant_encoded_reg[2]$_SDFFE_PP0P_/D
578	0.2482	axi_crossbar_inst.axi_crossbar_rd_inst.s_ifaces[I].decerr_m_axi_rlast_reg	axi_crossbar_inst.axi_crossbar_rd_inst.s_ifaces[I].r_arb_inst.grant_reg[J]	axi_crossbar_inst.axi_crossbar_rd_inst.s_ifaces[4].decerr_m_axi_rlast_reg$_DFFE_PP_/Q	axi_crossbar_inst.axi_crossbar_rd_inst.s_ifaces[4].r_arb_inst.grant_reg[0]$_SDFFE_PP0P_/D
579	0.2484	axi_crossbar_inst.axi_crossbar_rd_inst.m_ifaces[I].reg_inst.genblkJ.genblkK.s_axi_arready_reg	axi_crossbar_inst.axi_crossbar_rd_inst.s_ifaces[I].addr_inst.m_axi_avalid_reg	axi_crossbar_inst.axi_crossbar_rd_inst.m_ifaces[6].reg_inst.genblk1.genblk1.s_axi_arready_reg$_SDFF_PP0_/Q	axi_crossbar_inst.axi_crossbar_rd_inst.s_ifaces[5].addr_inst.m_axi_avalid_reg$_SDFF_PP0_/D
580	0.2486	axi_crossbar_inst.axi_crossbar_wr_inst.s_ifaces[I].b_arb_inst.grant_encoded_reg[J]	axi_crossbar_inst.axi_crossbar_wr_inst.s_ifaces[I].b_arb_inst.grant_encoded_reg[J]	axi_crossbar_inst.axi_crossbar_wr_inst.s_ifaces[0].b_arb_inst.grant_encoded_reg[1]$_SDFFE_PP0P_/Q	axi_crossbar_inst.axi_crossbar_wr_inst.s_ifaces[0].b_arb_inst.grant_encoded_reg[1]$_SDFFE_PP0P_/D
581	0.2503	axi_crossbar_inst.axi_crossbar_rd_inst.s_ifaces[I].decerr_m_axi_rvalid_reg	axi_crossbar_inst.axi_crossbar_rd_inst.s_ifaces[I].decerr_m_axi_rlast_reg	axi_crossbar_inst.axi_crossbar_rd_inst.s_ifaces[4].decerr_m_axi_rvalid_reg$_SDFF_PP0_/Q	axi_crossbar_inst.axi_crossbar_rd_inst.s_ifaces[4].decerr_m_axi_rlast_reg$_DFFE_PP_/D
582	0.2505	axi_crossbar_inst.axi_crossbar_wr_inst.m_ifaces[I].a_arb_inst.grant_reg[J]	axi_crossbar_inst.axi_crossbar_wr_inst.m_ifaces[I].a_arb_inst.grant_valid_reg	axi_crossbar_inst.axi_crossbar_wr_inst.m_ifaces[4].a_arb_inst.grant_reg[7]$_SDFFE_PP0P_/Q	axi_crossbar_inst.axi_crossbar_wr_inst.m_ifaces[4].a_arb_inst.grant_valid_reg$_SDFFE_PP0P_/D
583	0.2512	axi_crossbar_inst.axi_crossbar_wr_inst.m_ifaces[I].a_arb_inst.grant_valid_reg	axi_crossbar_inst.axi_crossbar_wr_inst.m_ifaces[I].a_arb_inst.grant_valid_reg	axi_crossbar_inst.axi_crossbar_wr_inst.m_ifaces[2].a_arb_inst.grant_valid_reg$_SDFFE_PP0P_/Q	axi_crossbar_inst.axi_crossbar_wr_inst.m_ifaces[2].a_arb_inst.grant_valid_reg$_SDFFE_PP0P_/D
584	0.2514	axi_crossbar_inst.axi_crossbar_rd_inst.m_ifaces[I].a_arb_inst.grant_encoded_reg[J]	axi_crossbar_inst.axi_crossbar_rd_inst.s_ifaces[I].addr_inst.m_axi_avalid_reg	axi_crossbar_inst.axi_crossbar_rd_inst.m_ifaces[5].a_arb_inst.grant_encoded_reg[2]$_SDFFE_PP0P_/Q	axi_crossbar_inst.axi_crossbar_rd_inst.s_ifaces[5].addr_inst.m_axi_avalid_reg$_SDFF_PP0_/D
585	0.2516	sI_axi_awid[J]	axi_crossbar_inst.axi_crossbar_wr_inst.s_ifaces[I].decerr_m_axi_bid_reg[J]	s04_axi_awid[1]	axi_crossbar_inst.axi_crossbar_wr_inst.s_ifaces[4].decerr_m_axi_bid_reg[1]$_DFFE_PP_/D
586	0.2517	axi_crossbar_inst.axi_crossbar_wr_inst.m_ifaces[I].reg_inst.genblkJ.s_axi_wready_reg	axi_crossbar_inst.axi_crossbar_wr_inst.m_ifaces[I].reg_inst.genblkJ.m_axi_wdata_reg[K]	axi_crossbar_inst.axi_crossbar_wr_inst.m_ifaces[3].reg_inst.genblk2.s_axi_wready_reg$_SDFF_PP0_/Q	axi_crossbar_inst.axi_crossbar_wr_inst.m_ifaces[3].reg_inst.genblk2.m_axi_wdata_reg[10]$_DFFE_PP_/D
587	0.2518	sI_axi_arid[J]	axi_crossbar_inst.axi_crossbar_rd_inst.s_ifaces[I].decerr_m_axi_rid_reg[J]	s01_axi_arid[0]	axi_crossbar_inst.axi_crossbar_rd_inst.s_ifaces[1].decerr_m_axi_rid_reg[0]$_DFFE_PP_/D
588	0.2526	axi_crossbar_inst.axi_crossbar_wr_inst.m_ifaces[I].w_select_valid_reg	axi_crossbar_inst.axi_crossbar_wr_inst.s_ifaces[I].w_select_valid_reg	axi_crossbar_inst.axi_crossbar_wr_inst.m_ifaces[2].w_select_valid_reg$_SDFF_PP0_/Q	axi_crossbar_inst.axi_crossbar_wr_inst.s_ifaces[6].w_select_valid_reg$_SDFF_PP0_/D
589	0.2535	axi_crossbar_inst.axi_crossbar_rd_inst.s_ifaces[I].decerr_m_axi_rvalid_reg	axi_crossbar_inst.axi_crossbar_rd_inst.s_ifaces[I].addr_inst.state_reg[J]	axi_crossbar_inst.axi_crossbar_rd_inst.s_ifaces[2].decerr_m_axi_rvalid_reg$_SDFF_PP0_/Q	axi_crossbar_inst.axi_crossbar_rd_inst.s_ifaces[2].addr_inst.state_reg[1]$_SDFF_PP0_/D
590	0.2547	axi_crossbar_inst.axi_crossbar_wr_inst.m_ifaces[I].a_arb_inst.grant_valid_reg	axi_crossbar_inst.axi_crossbar_wr_inst.s_ifaces[I].addr_inst.m_axi_avalid_reg	axi_crossbar_inst.axi_crossbar_wr_inst.m_ifaces[3].a_arb_inst.grant_valid_reg$_SDFFE_PP0P_/Q	axi_crossbar_inst.axi_crossbar_wr_inst.s_ifaces[4].addr_inst.m_axi_avalid_reg$_SDFF_PP0_/D
591	0.2566	axi_crossbar_inst.axi_crossbar_rd_inst.m_ifaces[I].a_arb_inst.grant_valid_reg	axi_crossbar_inst.axi_crossbar_rd_inst.m_ifaces[I].trans_count_reg[J]	axi_crossbar_inst.axi_crossbar_rd_inst.m_ifaces[0].a_arb_inst.grant_valid_reg$_SDFFE_PP0P_/Q	axi_crossbar_inst.axi_crossbar_rd_inst.m_ifaces[0].trans_count_reg[2]$_SDFFE_PP0P_/D
592	0.2576	axi_crossbar_inst.axi_crossbar_wr_inst.m_ifaces[I].reg_inst.genblkJ.s_axi_wready_reg	axi_crossbar_inst.axi_crossbar_wr_inst.m_ifaces[I].a_arb_inst.grant_encoded_reg[J]	axi_crossbar_inst.axi_crossbar_wr_inst.m_ifaces[1].reg_inst.genblk2.s_axi_wready_reg$_SDFF_PP0_/Q	axi_crossbar_inst.axi_crossbar_wr_inst.m_ifaces[1].a_arb_inst.grant_encoded_reg[0]$_SDFFE_PP0P_/D
593	0.2595	axi_crossbar_inst.axi_crossbar_rd_inst.s_ifaces[I].addr_inst.state_reg[J]	axi_crossbar_inst.axi_crossbar_rd_inst.s_ifaces[I].addr_inst.thread_id_reg[J][K]	axi_crossbar_inst.axi_crossbar_rd_inst.s_ifaces[6].addr_inst.state_reg[0]$_SDFF_PP0_/Q	axi_crossbar_inst.axi_crossbar_rd_inst.s_ifaces[6].addr_inst.thread_id_reg[1][0]$_DFFE_PP_/D
594	0.2595	axi_crossbar_inst.axi_crossbar_rd_inst.s_ifaces[I].addr_inst.state_reg[J]	axi_crossbar_inst.axi_crossbar_rd_inst.s_ifaces[I].addr_inst.thread_m_reg[J][K]	axi_crossbar_inst.axi_crossbar_rd_inst.s_ifaces[6].addr_inst.state_reg[0]$_SDFF_PP0_/Q	axi_crossbar_inst.axi_crossbar_rd_inst.s_ifaces[6].addr_inst.thread_m_reg[1][0]$_DFFE_PP_/D
595	0.2600	axi_crossbar_inst.axi_crossbar_rd_inst.s_ifaces[I].decerr_m_axi_rvalid_reg	axi_crossbar_inst.axi_crossbar_rd_inst.s_ifaces[I].addr_inst.m_axi_avalid_reg	axi_crossbar_inst.axi_crossbar_rd_inst.s_ifaces[2].decerr_m_axi_rvalid_reg$_SDFF_PP0_/Q	axi_crossbar_inst.axi_crossbar_rd_inst.s_ifaces[2].addr_inst.m_axi_avalid_reg$_SDFF_PP0_/D
596	0.2618	axi_crossbar_inst.axi_crossbar_wr_inst.s_ifaces[I].addr_inst.thread_m_reg[J][K]	axi_crossbar_inst.axi_crossbar_wr_inst.s_ifaces[I].addr_inst.m_axi_avalid_reg	axi_crossbar_inst.axi_crossbar_wr_inst.s_ifaces[7].addr_inst.thread_m_reg[0][0]$_DFFE_PP_/Q	axi_crossbar_inst.axi_crossbar_wr_inst.s_ifaces[7].addr_inst.m_axi_avalid_reg$_SDFF_PP0_/D
597	0.2622	axi_crossbar_inst.axi_crossbar_wr_inst.m_ifaces[I].w_select_valid_reg	axi_crossbar_inst.axi_crossbar_wr_inst.m_ifaces[I].a_arb_inst.grant_encoded_reg[J]	axi_crossbar_inst.axi_crossbar_wr_inst.m_ifaces[5].w_select_valid_reg$_SDFF_PP0_/QN	axi_crossbar_inst.axi_crossbar_wr_inst.m_ifaces[5].a_arb_inst.grant_encoded_reg[0]$_SDFFE_PP0P_/D
598	0.2637	axi_crossbar_inst.axi_crossbar_rd_inst.s_ifaces[I].decerr_m_axi_rvalid_reg	axi_crossbar_inst.axi_crossbar_rd_inst.s_ifaces[I].addr_inst.m_rc_valid_reg	axi_crossbar_inst.axi_crossbar_rd_inst.s_ifaces[2].decerr_m_axi_rvalid_reg$_SDFF_PP0_/Q	axi_crossbar_inst.axi_crossbar_rd_inst.s_ifaces[2].addr_inst.m_rc_valid_reg$_SDFF_PP0_/D
599	0.2643	mI_axi_awready	axi_crossbar_inst.axi_crossbar_wr_inst.m_ifaces[I].reg_inst.genblkJ.genblkK.s_axi_awready_reg	m03_axi_awready	axi_crossbar_inst.axi_crossbar_wr_inst.m_ifaces[3].reg_inst.genblk1.genblk1.s_axi_awready_reg$_SDFF_PP0_/D
600	0.2644	sI_axi_bready	axi_crossbar_inst.axi_crossbar_wr_inst.s_ifaces[I].reg_inst.genblkJ.genblkK.m_axi_bready_reg	s07_axi_bready	axi_crossbar_inst.axi_crossbar_wr_inst.s_ifaces[7].reg_inst.genblk3.genblk1.m_axi_bready_reg$_SDFF_PP0_/D
601	0.2644	mI_axi_arready	axi_crossbar_inst.axi_crossbar_rd_inst.m_ifaces[I].reg_inst.genblkJ.genblkK.s_axi_arready_reg	m03_axi_arready	axi_crossbar_inst.axi_crossbar_rd_inst.m_ifaces[3].reg_inst.genblk1.genblk1.s_axi_arready_reg$_SDFF_PP0_/D
602	0.2646	axi_crossbar_inst.axi_crossbar_wr_inst.s_ifaces[I].b_arb_inst.grant_valid_reg	axi_crossbar_inst.axi_crossbar_wr_inst.s_ifaces[I].b_arb_inst.grant_valid_reg	axi_crossbar_inst.axi_crossbar_wr_inst.s_ifaces[1].b_arb_inst.grant_valid_reg$_SDFFE_PP0P_/Q	axi_crossbar_inst.axi_crossbar_wr_inst.s_ifaces[1].b_arb_inst.grant_valid_reg$_SDFFE_PP0P_/D
603	0.2650	axi_crossbar_inst.axi_crossbar_wr_inst.s_ifaces[I].addr_inst.thread_m_reg[J][K]	axi_crossbar_inst.axi_crossbar_wr_inst.s_ifaces[I].addr_inst.state_reg[J]	axi_crossbar_inst.axi_crossbar_wr_inst.s_ifaces[7].addr_inst.thread_m_reg[0][0]$_DFFE_PP_/Q	axi_crossbar_inst.axi_crossbar_wr_inst.s_ifaces[7].addr_inst.state_reg[1]$_SDFF_PP0_/D
604	0.2708	axi_crossbar_inst.axi_crossbar_wr_inst.s_ifaces[I].addr_inst.state_reg[J]	axi_crossbar_inst.axi_crossbar_wr_inst.s_ifaces[I].addr_inst.thread_id_reg[J][K]	axi_crossbar_inst.axi_crossbar_wr_inst.s_ifaces[4].addr_inst.state_reg[0]$_SDFF_PP0_/Q	axi_crossbar_inst.axi_crossbar_wr_inst.s_ifaces[4].addr_inst.thread_id_reg[0][0]$_DFFE_PP_/D
605	0.2708	axi_crossbar_inst.axi_crossbar_wr_inst.s_ifaces[I].addr_inst.state_reg[J]	axi_crossbar_inst.axi_crossbar_wr_inst.s_ifaces[I].addr_inst.thread_m_reg[J][K]	axi_crossbar_inst.axi_crossbar_wr_inst.s_ifaces[4].addr_inst.state_reg[0]$_SDFF_PP0_/Q	axi_crossbar_inst.axi_crossbar_wr_inst.s_ifaces[4].addr_inst.thread_m_reg[0][0]$_DFFE_PP_/D
606	0.2716	sI_axi_wlast	axi_crossbar_inst.axi_crossbar_wr_inst.s_ifaces[I].w_select_valid_reg	s00_axi_wlast	axi_crossbar_inst.axi_crossbar_wr_inst.s_ifaces[0].w_select_valid_reg$_SDFF_PP0_/D
607	0.2717	axi_crossbar_inst.axi_crossbar_rd_inst.s_ifaces[I].decerr_m_axi_rlast_reg	axi_crossbar_inst.axi_crossbar_rd_inst.s_ifaces[I].r_arb_inst.grant_encoded_reg[J]	axi_crossbar_inst.axi_crossbar_rd_inst.s_ifaces[5].decerr_m_axi_rlast_reg$_DFFE_PP_/Q	axi_crossbar_inst.axi_crossbar_rd_inst.s_ifaces[5].r_arb_inst.grant_encoded_reg[2]$_SDFFE_PP0P_/D
608	0.2718	axi_crossbar_inst.axi_crossbar_wr_inst.s_ifaces[I].addr_inst.trans_count_reg[J]	axi_crossbar_inst.axi_crossbar_wr_inst.s_ifaces[I].addr_inst.thread_id_reg[J][K]	axi_crossbar_inst.axi_crossbar_wr_inst.s_ifaces[4].addr_inst.trans_count_reg[4]$_SDFFE_PP0P_/Q	axi_crossbar_inst.axi_crossbar_wr_inst.s_ifaces[4].addr_inst.thread_id_reg[0][0]$_DFFE_PP_/D
609	0.2718	axi_crossbar_inst.axi_crossbar_wr_inst.s_ifaces[I].addr_inst.trans_count_reg[J]	axi_crossbar_inst.axi_crossbar_wr_inst.s_ifaces[I].addr_inst.thread_m_reg[J][K]	axi_crossbar_inst.axi_crossbar_wr_inst.s_ifaces[4].addr_inst.trans_count_reg[4]$_SDFFE_PP0P_/Q	axi_crossbar_inst.axi_crossbar_wr_inst.s_ifaces[4].addr_inst.thread_m_reg[0][0]$_DFFE_PP_/D
610	0.2727	sI_axi_wvalid	axi_crossbar_inst.axi_crossbar_wr_inst.s_ifaces[I].w_drop_reg	s05_axi_wvalid	axi_crossbar_inst.axi_crossbar_wr_inst.s_ifaces[5].w_drop_reg$_DFF_P_/D
611	0.2737	axi_crossbar_inst.axi_crossbar_rd_inst.s_ifaces[I].reg_inst.genblkJ.m_axi_rready_reg	axi_crossbar_inst.axi_crossbar_rd_inst.s_ifaces[I].reg_inst.genblkJ.temp_s_axi_rdata_reg[K]	axi_crossbar_inst.axi_crossbar_rd_inst.s_ifaces[0].reg_inst.genblk2.m_axi_rready_reg$_SDFF_PP0_/Q	axi_crossbar_inst.axi_crossbar_rd_inst.s_ifaces[0].reg_inst.genblk2.temp_s_axi_rdata_reg[0]$_DFFE_PP_/D
612	0.2737	axi_crossbar_inst.axi_crossbar_rd_inst.s_ifaces[I].reg_inst.genblkJ.m_axi_rready_reg	axi_crossbar_inst.axi_crossbar_rd_inst.s_ifaces[I].reg_inst.genblkJ.temp_s_axi_rid_reg[K]	axi_crossbar_inst.axi_crossbar_rd_inst.s_ifaces[0].reg_inst.genblk2.m_axi_rready_reg$_SDFF_PP0_/Q	axi_crossbar_inst.axi_crossbar_rd_inst.s_ifaces[0].reg_inst.genblk2.temp_s_axi_rid_reg[4]$_DFFE_PP_/D
613	0.2738	axi_crossbar_inst.axi_crossbar_rd_inst.s_ifaces[I].reg_inst.genblkJ.m_axi_rready_reg	axi_crossbar_inst.axi_crossbar_rd_inst.s_ifaces[I].r_arb_inst.grant_valid_reg	axi_crossbar_inst.axi_crossbar_rd_inst.s_ifaces[0].reg_inst.genblk2.m_axi_rready_reg$_SDFF_PP0_/Q	axi_crossbar_inst.axi_crossbar_rd_inst.s_ifaces[0].r_arb_inst.grant_valid_reg$_SDFFE_PP0P_/D
614	0.2749	mI_axi_arready	axi_crossbar_inst.axi_crossbar_rd_inst.m_ifaces[I].reg_inst.genblkJ.genblkK.m_axi_arvalid_reg	m03_axi_arready	axi_crossbar_inst.axi_crossbar_rd_inst.m_ifaces[3].reg_inst.genblk1.genblk1.m_axi_arvalid_reg$_SDFF_PP0_/D
615	0.2749	mI_axi_awready	axi_crossbar_inst.axi_crossbar_wr_inst.m_ifaces[I].reg_inst.genblkJ.genblkK.m_axi_awvalid_reg	m02_axi_awready	axi_crossbar_inst.axi_crossbar_wr_inst.m_ifaces[2].reg_inst.genblk1.genblk1.m_axi_awvalid_reg$_SDFF_PP0_/D
616	0.2749	sI_axi_bready	axi_crossbar_inst.axi_crossbar_wr_inst.s_ifaces[I].reg_inst.genblkJ.genblkK.s_axi_bvalid_reg	s01_axi_bready	axi_crossbar_inst.axi_crossbar_wr_inst.s_ifaces[1].reg_inst.genblk3.genblk1.s_axi_bvalid_reg$_SDFF_PP0_/D
617	0.2760	axi_crossbar_inst.axi_crossbar_wr_inst.s_ifaces[I].decerr_m_axi_bvalid_reg	axi_crossbar_inst.axi_crossbar_wr_inst.s_ifaces[I].addr_inst.state_reg[J]	axi_crossbar_inst.axi_crossbar_wr_inst.s_ifaces[2].decerr_m_axi_bvalid_reg$_SDFF_PP0_/Q	axi_crossbar_inst.axi_crossbar_wr_inst.s_ifaces[2].addr_inst.state_reg[0]$_SDFF_PP0_/D
618	0.2763	axi_crossbar_inst.axi_crossbar_wr_inst.s_ifaces[I].w_drop_reg	sI_axi_wready	axi_crossbar_inst.axi_crossbar_wr_inst.s_ifaces[5].w_drop_reg$_DFF_P_/Q	s05_axi_wready
619	0.2763	axi_crossbar_inst.axi_crossbar_wr_inst.m_ifaces[I].reg_inst.genblkJ.s_axi_wready_reg	axi_crossbar_inst.axi_crossbar_wr_inst.m_ifaces[I].reg_inst.genblkJ.m_axi_wstrb_reg[K]	axi_crossbar_inst.axi_crossbar_wr_inst.m_ifaces[5].reg_inst.genblk2.s_axi_wready_reg$_SDFF_PP0_/Q	axi_crossbar_inst.axi_crossbar_wr_inst.m_ifaces[5].reg_inst.genblk2.m_axi_wstrb_reg[0]$_DFFE_PP_/D
620	0.2775	axi_crossbar_inst.axi_crossbar_wr_inst.s_ifaces[I].w_drop_reg	axi_crossbar_inst.axi_crossbar_wr_inst.m_ifaces[I].w_select_valid_reg	axi_crossbar_inst.axi_crossbar_wr_inst.s_ifaces[0].w_drop_reg$_DFF_P_/QN	axi_crossbar_inst.axi_crossbar_wr_inst.m_ifaces[0].w_select_valid_reg$_SDFF_PP0_/D
621	0.2780	axi_crossbar_inst.axi_crossbar_wr_inst.s_ifaces[I].addr_inst.thread_m_reg[J][K]	axi_crossbar_inst.axi_crossbar_wr_inst.s_ifaces[I].addr_inst.m_rc_valid_reg	axi_crossbar_inst.axi_crossbar_wr_inst.s_ifaces[7].addr_inst.thread_m_reg[0][0]$_DFFE_PP_/Q	axi_crossbar_inst.axi_crossbar_wr_inst.s_ifaces[7].addr_inst.m_rc_valid_reg$_SDFF_PP0_/D
622	0.2781	axi_crossbar_inst.axi_crossbar_wr_inst.m_ifaces[I].w_select_new_reg	axi_crossbar_inst.axi_crossbar_wr_inst.m_ifaces[I].a_arb_inst.grant_valid_reg	axi_crossbar_inst.axi_crossbar_wr_inst.m_ifaces[2].w_select_new_reg$_SDFF_PP1_/Q	axi_crossbar_inst.axi_crossbar_wr_inst.m_ifaces[2].a_arb_inst.grant_valid_reg$_SDFFE_PP0P_/D
623	0.2785	axi_crossbar_inst.axi_crossbar_rd_inst.m_ifaces[I].a_arb_inst.grant_valid_reg	axi_crossbar_inst.axi_crossbar_rd_inst.s_ifaces[I].addr_inst.m_axi_avalid_reg	axi_crossbar_inst.axi_crossbar_rd_inst.m_ifaces[1].a_arb_inst.grant_valid_reg$_SDFFE_PP0P_/Q	axi_crossbar_inst.axi_crossbar_rd_inst.s_ifaces[5].addr_inst.m_axi_avalid_reg$_SDFF_PP0_/D
624	0.2794	axi_crossbar_inst.axi_crossbar_rd_inst.s_ifaces[I].reg_inst.genblkJ.m_axi_rready_reg	axi_crossbar_inst.axi_crossbar_rd_inst.s_ifaces[I].addr_inst.state_reg[J]	axi_crossbar_inst.axi_crossbar_rd_inst.s_ifaces[0].reg_inst.genblk2.m_axi_rready_reg$_SDFF_PP0_/Q	axi_crossbar_inst.axi_crossbar_rd_inst.s_ifaces[0].addr_inst.state_reg[1]$_SDFF_PP0_/D
625	0.2811	sI_axi_arvalid	axi_crossbar_inst.axi_crossbar_rd_inst.s_ifaces[I].addr_inst.state_reg[J]	s03_axi_arvalid	axi_crossbar_inst.axi_crossbar_rd_inst.s_ifaces[3].addr_inst.state_reg[0]$_SDFF_PP0_/D
626	0.2811	axi_crossbar_inst.axi_crossbar_wr_inst.s_ifaces[I].addr_inst.thread_m_reg[J][K]	axi_crossbar_inst.axi_crossbar_wr_inst.s_ifaces[I].addr_inst.m_wc_valid_reg	axi_crossbar_inst.axi_crossbar_wr_inst.s_ifaces[1].addr_inst.thread_m_reg[0][2]$_DFFE_PP_/Q	axi_crossbar_inst.axi_crossbar_wr_inst.s_ifaces[1].addr_inst.m_wc_valid_reg$_SDFF_PP0_/D
627	0.2818	axi_crossbar_inst.axi_crossbar_rd_inst.m_ifaces[I].reg_inst.genblkJ.genblkK.s_axi_arready_reg	axi_crossbar_inst.axi_crossbar_rd_inst.m_ifaces[I].a_arb_inst.grant_reg[J]	axi_crossbar_inst.axi_crossbar_rd_inst.m_ifaces[1].reg_inst.genblk1.genblk1.s_axi_arready_reg$_SDFF_PP0_/Q	axi_crossbar_inst.axi_crossbar_rd_inst.m_ifaces[1].a_arb_inst.grant_reg[0]$_SDFFE_PP0P_/D
628	0.2824	axi_crossbar_inst.axi_crossbar_rd_inst.m_ifaces[I].trans_count_reg[J]	axi_crossbar_inst.axi_crossbar_rd_inst.m_ifaces[I].a_arb_inst.grant_reg[J]	axi_crossbar_inst.axi_crossbar_rd_inst.m_ifaces[5].trans_count_reg[2]$_SDFFE_PP0P_/Q	axi_crossbar_inst.axi_crossbar_rd_inst.m_ifaces[5].a_arb_inst.grant_reg[7]$_SDFFE_PP0P_/D
629	0.2825	axi_crossbar_inst.axi_crossbar_wr_inst.m_ifaces[I].trans_count_reg[J]	axi_crossbar_inst.axi_crossbar_wr_inst.m_ifaces[I].a_arb_inst.grant_encoded_reg[J]	axi_crossbar_inst.axi_crossbar_wr_inst.m_ifaces[5].trans_count_reg[2]$_SDFFE_PP0P_/Q	axi_crossbar_inst.axi_crossbar_wr_inst.m_ifaces[5].a_arb_inst.grant_encoded_reg[0]$_SDFFE_PP0P_/D
630	0.2827	axi_crossbar_inst.axi_crossbar_rd_inst.s_ifaces[I].reg_inst.genblkJ.m_axi_rready_reg	axi_crossbar_inst.axi_crossbar_rd_inst.s_ifaces[I].reg_inst.genblkJ.s_axi_rid_reg[K]	axi_crossbar_inst.axi_crossbar_rd_inst.s_ifaces[1].reg_inst.genblk2.m_axi_rready_reg$_SDFF_PP0_/Q	axi_crossbar_inst.axi_crossbar_rd_inst.s_ifaces[1].reg_inst.genblk2.s_axi_rid_reg[7]$_DFFE_PP_/D
631	0.2855	sI_axi_awvalid	axi_crossbar_inst.axi_crossbar_wr_inst.s_ifaces[I].addr_inst.state_reg[J]	s07_axi_awvalid	axi_crossbar_inst.axi_crossbar_wr_inst.s_ifaces[7].addr_inst.state_reg[0]$_SDFF_PP0_/D
632	0.2856	axi_crossbar_inst.axi_crossbar_rd_inst.s_ifaces[I].decerr_m_axi_rlast_reg	axi_crossbar_inst.axi_crossbar_rd_inst.s_ifaces[I].r_arb_inst.grant_valid_reg	axi_crossbar_inst.axi_crossbar_rd_inst.s_ifaces[4].decerr_m_axi_rlast_reg$_DFFE_PP_/Q	axi_crossbar_inst.axi_crossbar_rd_inst.s_ifaces[4].r_arb_inst.grant_valid_reg$_SDFFE_PP0P_/D
633	0.2868	axi_crossbar_inst.axi_crossbar_rd_inst.s_ifaces[I].addr_inst.trans_count_reg[J]	axi_crossbar_inst.axi_crossbar_rd_inst.s_ifaces[I].addr_inst.thread_id_reg[J][K]	axi_crossbar_inst.axi_crossbar_rd_inst.s_ifaces[5].addr_inst.trans_count_reg[4]$_SDFFE_PP0P_/Q	axi_crossbar_inst.axi_crossbar_rd_inst.s_ifaces[5].addr_inst.thread_id_reg[1][0]$_DFFE_PP_/D
634	0.2868	axi_crossbar_inst.axi_crossbar_rd_inst.s_ifaces[I].addr_inst.trans_count_reg[J]	axi_crossbar_inst.axi_crossbar_rd_inst.s_ifaces[I].addr_inst.thread_m_reg[J][K]	axi_crossbar_inst.axi_crossbar_rd_inst.s_ifaces[5].addr_inst.trans_count_reg[4]$_SDFFE_PP0P_/Q	axi_crossbar_inst.axi_crossbar_rd_inst.s_ifaces[5].addr_inst.thread_m_reg[1][0]$_DFFE_PP_/D
635	0.2872	axi_crossbar_inst.axi_crossbar_wr_inst.s_ifaces[I].decerr_m_axi_bvalid_reg	axi_crossbar_inst.axi_crossbar_wr_inst.s_ifaces[I].addr_inst.m_axi_avalid_reg	axi_crossbar_inst.axi_crossbar_wr_inst.s_ifaces[6].decerr_m_axi_bvalid_reg$_SDFF_PP0_/Q	axi_crossbar_inst.axi_crossbar_wr_inst.s_ifaces[6].addr_inst.m_axi_avalid_reg$_SDFF_PP0_/D
636	0.2876	axi_crossbar_inst.axi_crossbar_rd_inst.s_ifaces[I].reg_inst.genblkJ.m_axi_rready_reg	axi_crossbar_inst.axi_crossbar_rd_inst.s_ifaces[I].reg_inst.genblkJ.s_axi_rdata_reg[K]	axi_crossbar_inst.axi_crossbar_rd_inst.s_ifaces[1].reg_inst.genblk2.m_axi_rready_reg$_SDFF_PP0_/Q	axi_crossbar_inst.axi_crossbar_rd_inst.s_ifaces[1].reg_inst.genblk2.s_axi_rdata_reg[10]$_DFFE_PP_/D
637	0.2888	axi_crossbar_inst.axi_crossbar_wr_inst.s_ifaces[I].decerr_m_axi_bvalid_reg	axi_crossbar_inst.axi_crossbar_wr_inst.s_ifaces[I].addr_inst.m_wc_valid_reg	axi_crossbar_inst.axi_crossbar_wr_inst.s_ifaces[6].decerr_m_axi_bvalid_reg$_SDFF_PP0_/Q	axi_crossbar_inst.axi_crossbar_wr_inst.s_ifaces[6].addr_inst.m_wc_valid_reg$_SDFF_PP0_/D
638	0.2895	axi_crossbar_inst.axi_crossbar_rd_inst.s_ifaces[I].addr_inst.thread_m_reg[J][K]	axi_crossbar_inst.axi_crossbar_rd_inst.s_ifaces[I].addr_inst.state_reg[J]	axi_crossbar_inst.axi_crossbar_rd_inst.s_ifaces[0].addr_inst.thread_m_reg[1][2]$_DFFE_PP_/Q	axi_crossbar_inst.axi_crossbar_rd_inst.s_ifaces[0].addr_inst.state_reg[1]$_SDFF_PP0_/D
639	0.2902	axi_crossbar_inst.axi_crossbar_rd_inst.s_ifaces[I].r_arb_inst.grant_valid_reg	axi_crossbar_inst.axi_crossbar_rd_inst.s_ifaces[I].r_arb_inst.grant_reg[J]	axi_crossbar_inst.axi_crossbar_rd_inst.s_ifaces[4].r_arb_inst.grant_valid_reg$_SDFFE_PP0P_/Q	axi_crossbar_inst.axi_crossbar_rd_inst.s_ifaces[4].r_arb_inst.grant_reg[0]$_SDFFE_PP0P_/D
640	0.2908	axi_crossbar_inst.axi_crossbar_wr_inst.s_ifaces[I].decerr_m_axi_bvalid_reg	axi_crossbar_inst.axi_crossbar_wr_inst.s_ifaces[I].addr_inst.m_rc_valid_reg	axi_crossbar_inst.axi_crossbar_wr_inst.s_ifaces[6].decerr_m_axi_bvalid_reg$_SDFF_PP0_/Q	axi_crossbar_inst.axi_crossbar_wr_inst.s_ifaces[6].addr_inst.m_rc_valid_reg$_SDFF_PP0_/D
641	0.2912	axi_crossbar_inst.axi_crossbar_rd_inst.m_ifaces[I].trans_count_reg[J]	axi_crossbar_inst.axi_crossbar_rd_inst.m_ifaces[I].a_arb_inst.grant_encoded_reg[J]	axi_crossbar_inst.axi_crossbar_rd_inst.m_ifaces[5].trans_count_reg[2]$_SDFFE_PP0P_/Q	axi_crossbar_inst.axi_crossbar_rd_inst.m_ifaces[5].a_arb_inst.grant_encoded_reg[0]$_SDFFE_PP0P_/D
642	0.2946	axi_crossbar_inst.axi_crossbar_rd_inst.s_ifaces[I].reg_inst.genblkJ.m_axi_rready_reg	axi_crossbar_inst.axi_crossbar_rd_inst.s_ifaces[I].addr_inst.m_axi_avalid_reg	axi_crossbar_inst.axi_crossbar_rd_inst.s_ifaces[2].reg_inst.genblk2.m_axi_rready_reg$_SDFF_PP0_/Q	axi_crossbar_inst.axi_crossbar_rd_inst.s_ifaces[2].addr_inst.m_axi_avalid_reg$_SDFF_PP0_/D
643	0.2947	axi_crossbar_inst.axi_crossbar_wr_inst.m_ifaces[I].w_select_valid_reg	axi_crossbar_inst.axi_crossbar_wr_inst.m_ifaces[I].a_arb_inst.grant_valid_reg	axi_crossbar_inst.axi_crossbar_wr_inst.m_ifaces[2].w_select_valid_reg$_SDFF_PP0_/Q	axi_crossbar_inst.axi_crossbar_wr_inst.m_ifaces[2].a_arb_inst.grant_valid_reg$_SDFFE_PP0P_/D
644	0.2972	axi_crossbar_inst.axi_crossbar_rd_inst.s_ifaces[I].decerr_m_axi_rlast_reg	axi_crossbar_inst.axi_crossbar_rd_inst.s_ifaces[I].addr_inst.state_reg[J]	axi_crossbar_inst.axi_crossbar_rd_inst.s_ifaces[3].decerr_m_axi_rlast_reg$_DFFE_PP_/Q	axi_crossbar_inst.axi_crossbar_rd_inst.s_ifaces[3].addr_inst.state_reg[1]$_SDFF_PP0_/D
645	0.2977	axi_crossbar_inst.axi_crossbar_rd_inst.s_ifaces[I].reg_inst.genblkJ.m_axi_rready_reg	axi_crossbar_inst.axi_crossbar_rd_inst.s_ifaces[I].reg_inst.genblkJ.s_axi_rlast_reg	axi_crossbar_inst.axi_crossbar_rd_inst.s_ifaces[1].reg_inst.genblk2.m_axi_rready_reg$_SDFF_PP0_/Q	axi_crossbar_inst.axi_crossbar_rd_inst.s_ifaces[1].reg_inst.genblk2.s_axi_rlast_reg$_DFFE_PP_/D
646	0.2977	axi_crossbar_inst.axi_crossbar_rd_inst.s_ifaces[I].reg_inst.genblkJ.m_axi_rready_reg	axi_crossbar_inst.axi_crossbar_rd_inst.s_ifaces[I].reg_inst.genblkJ.s_axi_rresp_reg[K]	axi_crossbar_inst.axi_crossbar_rd_inst.s_ifaces[1].reg_inst.genblk2.m_axi_rready_reg$_SDFF_PP0_/Q	axi_crossbar_inst.axi_crossbar_rd_inst.s_ifaces[1].reg_inst.genblk2.s_axi_rresp_reg[0]$_DFFE_PP_/D
647	0.2983	axi_crossbar_inst.axi_crossbar_rd_inst.s_ifaces[I].reg_inst.genblkJ.m_axi_rready_reg	axi_crossbar_inst.axi_crossbar_rd_inst.s_ifaces[I].addr_inst.m_rc_valid_reg	axi_crossbar_inst.axi_crossbar_rd_inst.s_ifaces[2].reg_inst.genblk2.m_axi_rready_reg$_SDFF_PP0_/Q	axi_crossbar_inst.axi_crossbar_rd_inst.s_ifaces[2].addr_inst.m_rc_valid_reg$_SDFF_PP0_/D
648	0.2989	axi_crossbar_inst.axi_crossbar_rd_inst.s_ifaces[I].decerr_m_axi_rvalid_reg	axi_crossbar_inst.axi_crossbar_rd_inst.s_ifaces[I].r_arb_inst.grant_valid_reg	axi_crossbar_inst.axi_crossbar_rd_inst.s_ifaces[1].decerr_m_axi_rvalid_reg$_SDFF_PP0_/Q	axi_crossbar_inst.axi_crossbar_rd_inst.s_ifaces[1].r_arb_inst.grant_valid_reg$_SDFFE_PP0P_/D
649	0.2994	axi_crossbar_inst.axi_crossbar_rd_inst.s_ifaces[I].r_arb_inst.grant_valid_reg	axi_crossbar_inst.axi_crossbar_rd_inst.s_ifaces[I].addr_inst.state_reg[J]	axi_crossbar_inst.axi_crossbar_rd_inst.s_ifaces[1].r_arb_inst.grant_valid_reg$_SDFFE_PP0P_/Q	axi_crossbar_inst.axi_crossbar_rd_inst.s_ifaces[1].addr_inst.state_reg[1]$_SDFF_PP0_/D
650	0.3005	axi_crossbar_inst.axi_crossbar_wr_inst.m_ifaces[I].reg_inst.genblkJ.s_axi_wready_reg	axi_crossbar_inst.axi_crossbar_wr_inst.m_ifaces[I].a_arb_inst.grant_valid_reg	axi_crossbar_inst.axi_crossbar_wr_inst.m_ifaces[3].reg_inst.genblk2.s_axi_wready_reg$_SDFF_PP0_/Q	axi_crossbar_inst.axi_crossbar_wr_inst.m_ifaces[3].a_arb_inst.grant_valid_reg$_SDFFE_PP0P_/D
651	0.3022	axi_crossbar_inst.axi_crossbar_wr_inst.s_ifaces[I].reg_inst.genblkJ.genblkK.m_axi_bready_reg	axi_crossbar_inst.axi_crossbar_wr_inst.s_ifaces[I].addr_inst.m_wc_valid_reg	axi_crossbar_inst.axi_crossbar_wr_inst.s_ifaces[0].reg_inst.genblk3.genblk1.m_axi_bready_reg$_SDFF_PP0_/Q	axi_crossbar_inst.axi_crossbar_wr_inst.s_ifaces[0].addr_inst.m_wc_valid_reg$_SDFF_PP0_/D
652	0.3026	axi_crossbar_inst.axi_crossbar_wr_inst.s_ifaces[I].reg_inst.genblkJ.genblkK.m_axi_bready_reg	axi_crossbar_inst.axi_crossbar_wr_inst.s_ifaces[I].addr_inst.state_reg[J]	axi_crossbar_inst.axi_crossbar_wr_inst.s_ifaces[0].reg_inst.genblk3.genblk1.m_axi_bready_reg$_SDFF_PP0_/Q	axi_crossbar_inst.axi_crossbar_wr_inst.s_ifaces[0].addr_inst.state_reg[1]$_SDFF_PP0_/D
653	0.3046	axi_crossbar_inst.axi_crossbar_rd_inst.s_ifaces[I].reg_inst.genblkJ.s_axi_rvalid_reg	axi_crossbar_inst.axi_crossbar_rd_inst.s_ifaces[I].reg_inst.genblkJ.temp_s_axi_rdata_reg[K]	axi_crossbar_inst.axi_crossbar_rd_inst.s_ifaces[0].reg_inst.genblk2.s_axi_rvalid_reg$_SDFFE_PP0P_/QN	axi_crossbar_inst.axi_crossbar_rd_inst.s_ifaces[0].reg_inst.genblk2.temp_s_axi_rdata_reg[0]$_DFFE_PP_/D
654	0.3046	axi_crossbar_inst.axi_crossbar_rd_inst.s_ifaces[I].reg_inst.genblkJ.s_axi_rvalid_reg	axi_crossbar_inst.axi_crossbar_rd_inst.s_ifaces[I].reg_inst.genblkJ.temp_s_axi_rid_reg[K]	axi_crossbar_inst.axi_crossbar_rd_inst.s_ifaces[0].reg_inst.genblk2.s_axi_rvalid_reg$_SDFFE_PP0P_/QN	axi_crossbar_inst.axi_crossbar_rd_inst.s_ifaces[0].reg_inst.genblk2.temp_s_axi_rid_reg[4]$_DFFE_PP_/D
655	0.3049	axi_crossbar_inst.axi_crossbar_rd_inst.s_ifaces[I].addr_inst.thread_m_reg[J][K]	axi_crossbar_inst.axi_crossbar_rd_inst.s_ifaces[I].addr_inst.m_axi_avalid_reg	axi_crossbar_inst.axi_crossbar_rd_inst.s_ifaces[4].addr_inst.thread_m_reg[0][2]$_DFFE_PP_/Q	axi_crossbar_inst.axi_crossbar_rd_inst.s_ifaces[4].addr_inst.m_axi_avalid_reg$_SDFF_PP0_/D
656	0.3054	axi_crossbar_inst.axi_crossbar_wr_inst.m_ifaces[I].w_select_reg[J]	axi_crossbar_inst.axi_crossbar_wr_inst.m_ifaces[I].w_select_reg[J]	axi_crossbar_inst.axi_crossbar_wr_inst.m_ifaces[5].w_select_reg[1]$_DFFE_PP_/Q	axi_crossbar_inst.axi_crossbar_wr_inst.m_ifaces[5].w_select_reg[1]$_DFFE_PP_/D
657	0.3059	axi_crossbar_inst.axi_crossbar_rd_inst.s_ifaces[I].r_arb_inst.grant_valid_reg	axi_crossbar_inst.axi_crossbar_rd_inst.s_ifaces[I].addr_inst.m_axi_avalid_reg	axi_crossbar_inst.axi_crossbar_rd_inst.s_ifaces[1].r_arb_inst.grant_valid_reg$_SDFFE_PP0P_/Q	axi_crossbar_inst.axi_crossbar_rd_inst.s_ifaces[1].addr_inst.m_axi_avalid_reg$_SDFF_PP0_/D
658	0.3085	axi_crossbar_inst.axi_crossbar_rd_inst.s_ifaces[I].addr_inst.thread_m_reg[J][K]	axi_crossbar_inst.axi_crossbar_rd_inst.s_ifaces[I].addr_inst.m_rc_valid_reg	axi_crossbar_inst.axi_crossbar_rd_inst.s_ifaces[4].addr_inst.thread_m_reg[0][2]$_DFFE_PP_/Q	axi_crossbar_inst.axi_crossbar_rd_inst.s_ifaces[4].addr_inst.m_rc_valid_reg$_SDFF_PP0_/D
659	0.3090	axi_crossbar_inst.axi_crossbar_wr_inst.s_ifaces[I].reg_inst.genblkJ.genblkK.m_axi_bready_reg	axi_crossbar_inst.axi_crossbar_wr_inst.s_ifaces[I].addr_inst.m_axi_avalid_reg	axi_crossbar_inst.axi_crossbar_wr_inst.s_ifaces[0].reg_inst.genblk3.genblk1.m_axi_bready_reg$_SDFF_PP0_/Q	axi_crossbar_inst.axi_crossbar_wr_inst.s_ifaces[0].addr_inst.m_axi_avalid_reg$_SDFF_PP0_/D
660	0.3096	axi_crossbar_inst.axi_crossbar_rd_inst.s_ifaces[I].r_arb_inst.grant_valid_reg	axi_crossbar_inst.axi_crossbar_rd_inst.s_ifaces[I].addr_inst.m_rc_valid_reg	axi_crossbar_inst.axi_crossbar_rd_inst.s_ifaces[1].r_arb_inst.grant_valid_reg$_SDFFE_PP0P_/Q	axi_crossbar_inst.axi_crossbar_rd_inst.s_ifaces[1].addr_inst.m_rc_valid_reg$_SDFF_PP0_/D
661	0.3099	axi_crossbar_inst.axi_crossbar_rd_inst.m_ifaces[I].reg_inst.genblkJ.genblkK.s_axi_arready_reg	axi_crossbar_inst.axi_crossbar_rd_inst.m_ifaces[I].a_arb_inst.grant_encoded_reg[J]	axi_crossbar_inst.axi_crossbar_rd_inst.m_ifaces[7].reg_inst.genblk1.genblk1.s_axi_arready_reg$_SDFF_PP0_/Q	axi_crossbar_inst.axi_crossbar_rd_inst.m_ifaces[7].a_arb_inst.grant_encoded_reg[1]$_SDFFE_PP0P_/D
662	0.3100	axi_crossbar_inst.axi_crossbar_rd_inst.s_ifaces[I].decerr_m_axi_rlast_reg	axi_crossbar_inst.axi_crossbar_rd_inst.s_ifaces[I].addr_inst.m_axi_avalid_reg	axi_crossbar_inst.axi_crossbar_rd_inst.s_ifaces[2].decerr_m_axi_rlast_reg$_DFFE_PP_/Q	axi_crossbar_inst.axi_crossbar_rd_inst.s_ifaces[2].addr_inst.m_axi_avalid_reg$_SDFF_PP0_/D
663	0.3103	axi_crossbar_inst.axi_crossbar_wr_inst.s_ifaces[I].b_arb_inst.grant_valid_reg	axi_crossbar_inst.axi_crossbar_wr_inst.s_ifaces[I].addr_inst.m_axi_avalid_reg	axi_crossbar_inst.axi_crossbar_wr_inst.s_ifaces[7].b_arb_inst.grant_valid_reg$_SDFFE_PP0P_/Q	axi_crossbar_inst.axi_crossbar_wr_inst.s_ifaces[7].addr_inst.m_axi_avalid_reg$_SDFF_PP0_/D
664	0.3108	axi_crossbar_inst.axi_crossbar_wr_inst.m_ifaces[I].reg_inst.genblkJ.s_axi_wready_reg	axi_crossbar_inst.axi_crossbar_wr_inst.m_ifaces[I].reg_inst.genblkJ.temp_m_axi_wdata_reg[K]	axi_crossbar_inst.axi_crossbar_wr_inst.m_ifaces[3].reg_inst.genblk2.s_axi_wready_reg$_SDFF_PP0_/Q	axi_crossbar_inst.axi_crossbar_wr_inst.m_ifaces[3].reg_inst.genblk2.temp_m_axi_wdata_reg[10]$_DFFE_PP_/D
665	0.3129	axi_crossbar_inst.axi_crossbar_wr_inst.s_ifaces[I].reg_inst.genblkJ.genblkK.m_axi_bready_reg	axi_crossbar_inst.axi_crossbar_wr_inst.s_ifaces[I].addr_inst.m_rc_valid_reg	axi_crossbar_inst.axi_crossbar_wr_inst.s_ifaces[0].reg_inst.genblk3.genblk1.m_axi_bready_reg$_SDFF_PP0_/Q	axi_crossbar_inst.axi_crossbar_wr_inst.s_ifaces[0].addr_inst.m_rc_valid_reg$_SDFF_PP0_/D
666	0.3135	axi_crossbar_inst.axi_crossbar_wr_inst.s_ifaces[I].b_arb_inst.grant_valid_reg	axi_crossbar_inst.axi_crossbar_wr_inst.s_ifaces[I].addr_inst.state_reg[J]	axi_crossbar_inst.axi_crossbar_wr_inst.s_ifaces[7].b_arb_inst.grant_valid_reg$_SDFFE_PP0P_/Q	axi_crossbar_inst.axi_crossbar_wr_inst.s_ifaces[7].addr_inst.state_reg[1]$_SDFF_PP0_/D
667	0.3137	axi_crossbar_inst.axi_crossbar_rd_inst.s_ifaces[I].decerr_m_axi_rlast_reg	axi_crossbar_inst.axi_crossbar_rd_inst.s_ifaces[I].addr_inst.m_rc_valid_reg	axi_crossbar_inst.axi_crossbar_rd_inst.s_ifaces[2].decerr_m_axi_rlast_reg$_DFFE_PP_/Q	axi_crossbar_inst.axi_crossbar_rd_inst.s_ifaces[2].addr_inst.m_rc_valid_reg$_SDFF_PP0_/D
668	0.3147	axi_crossbar_inst.axi_crossbar_rd_inst.s_ifaces[I].r_arb_inst.grant_valid_reg	axi_crossbar_inst.axi_crossbar_rd_inst.s_ifaces[I].r_arb_inst.grant_encoded_reg[J]	axi_crossbar_inst.axi_crossbar_rd_inst.s_ifaces[1].r_arb_inst.grant_valid_reg$_SDFFE_PP0P_/Q	axi_crossbar_inst.axi_crossbar_rd_inst.s_ifaces[1].r_arb_inst.grant_encoded_reg[3]$_SDFFE_PP0P_/D
669	0.3148	sI_axi_wvalid	axi_crossbar_inst.axi_crossbar_wr_inst.s_ifaces[I].w_select_valid_reg	s00_axi_wvalid	axi_crossbar_inst.axi_crossbar_wr_inst.s_ifaces[0].w_select_valid_reg$_SDFF_PP0_/D
670	0.3155	axi_crossbar_inst.axi_crossbar_rd_inst.m_ifaces[I].a_arb_inst.grant_encoded_reg[J]	axi_crossbar_inst.axi_crossbar_rd_inst.m_ifaces[I].a_arb_inst.grant_encoded_reg[J]	axi_crossbar_inst.axi_crossbar_rd_inst.m_ifaces[3].a_arb_inst.grant_encoded_reg[1]$_SDFFE_PP0P_/Q	axi_crossbar_inst.axi_crossbar_rd_inst.m_ifaces[3].a_arb_inst.grant_encoded_reg[1]$_SDFFE_PP0P_/D
671	0.3162	axi_crossbar_inst.axi_crossbar_wr_inst.m_ifaces[I].a_arb_inst.grant_reg[J]	axi_crossbar_inst.axi_crossbar_wr_inst.m_ifaces[I].w_select_new_reg	axi_crossbar_inst.axi_crossbar_wr_inst.m_ifaces[1].a_arb_inst.grant_reg[0]$_SDFFE_PP0P_/Q	axi_crossbar_inst.axi_crossbar_wr_inst.m_ifaces[1].w_select_new_reg$_SDFF_PP1_/D
672	0.3166	axi_crossbar_inst.axi_crossbar_wr_inst.m_ifaces[I].reg_inst.genblkJ.genblkK.s_axi_awready_reg	axi_crossbar_inst.axi_crossbar_wr_inst.m_ifaces[I].reg_inst.genblkJ.genblkK.m_axi_awaddr_reg[L]	axi_crossbar_inst.axi_crossbar_wr_inst.m_ifaces[1].reg_inst.genblk1.genblk1.s_axi_awready_reg$_SDFF_PP0_/Q	axi_crossbar_inst.axi_crossbar_wr_inst.m_ifaces[1].reg_inst.genblk1.genblk1.m_axi_awaddr_reg[21]$_DFFE_PP_/D
673	0.3176	axi_crossbar_inst.axi_crossbar_wr_inst.m_ifaces[I].a_arb_inst.grant_encoded_reg[J]	axi_crossbar_inst.axi_crossbar_wr_inst.m_ifaces[I].a_arb_inst.grant_encoded_reg[J]	axi_crossbar_inst.axi_crossbar_wr_inst.m_ifaces[3].a_arb_inst.grant_encoded_reg[1]$_SDFFE_PP0P_/Q	axi_crossbar_inst.axi_crossbar_wr_inst.m_ifaces[3].a_arb_inst.grant_encoded_reg[1]$_SDFFE_PP0P_/D
674	0.3177	axi_crossbar_inst.axi_crossbar_rd_inst.s_ifaces[I].r_arb_inst.grant_valid_reg	axi_crossbar_inst.axi_crossbar_rd_inst.s_ifaces[I].r_arb_inst.mask_reg[J]	axi_crossbar_inst.axi_crossbar_rd_inst.s_ifaces[1].r_arb_inst.grant_valid_reg$_SDFFE_PP0P_/Q	axi_crossbar_inst.axi_crossbar_rd_inst.s_ifaces[1].r_arb_inst.mask_reg[0]$_SDFFE_PP0P_/D
675	0.3187	axi_crossbar_inst.axi_crossbar_rd_inst.s_ifaces[I].reg_inst.genblkJ.m_axi_rready_reg	axi_crossbar_inst.axi_crossbar_rd_inst.s_ifaces[I].decerr_m_axi_rvalid_reg	axi_crossbar_inst.axi_crossbar_rd_inst.s_ifaces[1].reg_inst.genblk2.m_axi_rready_reg$_SDFF_PP0_/Q	axi_crossbar_inst.axi_crossbar_rd_inst.s_ifaces[1].decerr_m_axi_rvalid_reg$_SDFF_PP0_/D
676	0.3189	axi_crossbar_inst.axi_crossbar_wr_inst.s_ifaces[I].addr_inst.m_decerr_reg	axi_crossbar_inst.axi_crossbar_wr_inst.s_ifaces[I].addr_inst.thread_id_reg[J][K]	axi_crossbar_inst.axi_crossbar_wr_inst.s_ifaces[4].addr_inst.m_decerr_reg$_DFFE_PP_/Q	axi_crossbar_inst.axi_crossbar_wr_inst.s_ifaces[4].addr_inst.thread_id_reg[0][0]$_DFFE_PP_/D
677	0.3189	axi_crossbar_inst.axi_crossbar_wr_inst.s_ifaces[I].addr_inst.m_decerr_reg	axi_crossbar_inst.axi_crossbar_wr_inst.s_ifaces[I].addr_inst.thread_m_reg[J][K]	axi_crossbar_inst.axi_crossbar_wr_inst.s_ifaces[4].addr_inst.m_decerr_reg$_DFFE_PP_/Q	axi_crossbar_inst.axi_crossbar_wr_inst.s_ifaces[4].addr_inst.thread_m_reg[0][0]$_DFFE_PP_/D
678	0.3194	axi_crossbar_inst.axi_crossbar_rd_inst.s_ifaces[I].reg_inst.genblkJ.m_axi_rready_reg	axi_crossbar_inst.axi_crossbar_rd_inst.s_ifaces[I].reg_inst.genblkJ.temp_s_axi_rlast_reg	axi_crossbar_inst.axi_crossbar_rd_inst.s_ifaces[0].reg_inst.genblk2.m_axi_rready_reg$_SDFF_PP0_/Q	axi_crossbar_inst.axi_crossbar_rd_inst.s_ifaces[0].reg_inst.genblk2.temp_s_axi_rlast_reg$_DFFE_PP_/D
679	0.3195	axi_crossbar_inst.axi_crossbar_rd_inst.m_ifaces[I].reg_inst.genblkJ.genblkK.s_axi_arready_reg	axi_crossbar_inst.axi_crossbar_rd_inst.m_ifaces[I].reg_inst.genblkJ.genblkK.m_axi_arburst_reg[L]	axi_crossbar_inst.axi_crossbar_rd_inst.m_ifaces[0].reg_inst.genblk1.genblk1.s_axi_arready_reg$_SDFF_PP0_/Q	axi_crossbar_inst.axi_crossbar_rd_inst.m_ifaces[0].reg_inst.genblk1.genblk1.m_axi_arburst_reg[0]$_DFFE_PP_/D
680	0.3195	axi_crossbar_inst.axi_crossbar_rd_inst.m_ifaces[I].reg_inst.genblkJ.genblkK.s_axi_arready_reg	axi_crossbar_inst.axi_crossbar_rd_inst.m_ifaces[I].reg_inst.genblkJ.genblkK.m_axi_arcache_reg[L]	axi_crossbar_inst.axi_crossbar_rd_inst.m_ifaces[0].reg_inst.genblk1.genblk1.s_axi_arready_reg$_SDFF_PP0_/Q	axi_crossbar_inst.axi_crossbar_rd_inst.m_ifaces[0].reg_inst.genblk1.genblk1.m_axi_arcache_reg[0]$_DFFE_PP_/D
681	0.3195	axi_crossbar_inst.axi_crossbar_rd_inst.m_ifaces[I].reg_inst.genblkJ.genblkK.s_axi_arready_reg	axi_crossbar_inst.axi_crossbar_rd_inst.m_ifaces[I].reg_inst.genblkJ.genblkK.m_axi_arprot_reg[L]	axi_crossbar_inst.axi_crossbar_rd_inst.m_ifaces[0].reg_inst.genblk1.genblk1.s_axi_arready_reg$_SDFF_PP0_/Q	axi_crossbar_inst.axi_crossbar_rd_inst.m_ifaces[0].reg_inst.genblk1.genblk1.m_axi_arprot_reg[0]$_DFFE_PP_/D
682	0.3195	axi_crossbar_inst.axi_crossbar_rd_inst.m_ifaces[I].reg_inst.genblkJ.genblkK.s_axi_arready_reg	axi_crossbar_inst.axi_crossbar_rd_inst.m_ifaces[I].reg_inst.genblkJ.genblkK.m_axi_arqos_reg[L]	axi_crossbar_inst.axi_crossbar_rd_inst.m_ifaces[0].reg_inst.genblk1.genblk1.s_axi_arready_reg$_SDFF_PP0_/Q	axi_crossbar_inst.axi_crossbar_rd_inst.m_ifaces[0].reg_inst.genblk1.genblk1.m_axi_arqos_reg[0]$_DFFE_PP_/D
683	0.3195	axi_crossbar_inst.axi_crossbar_rd_inst.m_ifaces[I].reg_inst.genblkJ.genblkK.s_axi_arready_reg	axi_crossbar_inst.axi_crossbar_rd_inst.m_ifaces[I].reg_inst.genblkJ.genblkK.m_axi_arsize_reg[L]	axi_crossbar_inst.axi_crossbar_rd_inst.m_ifaces[0].reg_inst.genblk1.genblk1.s_axi_arready_reg$_SDFF_PP0_/Q	axi_crossbar_inst.axi_crossbar_rd_inst.m_ifaces[0].reg_inst.genblk1.genblk1.m_axi_arsize_reg[1]$_DFFE_PP_/D
684	0.3195	axi_crossbar_inst.axi_crossbar_rd_inst.s_ifaces[I].reg_inst.genblkJ.m_axi_rready_reg	axi_crossbar_inst.axi_crossbar_rd_inst.s_ifaces[I].reg_inst.genblkJ.temp_s_axi_rresp_reg[K]	axi_crossbar_inst.axi_crossbar_rd_inst.s_ifaces[0].reg_inst.genblk2.m_axi_rready_reg$_SDFF_PP0_/Q	axi_crossbar_inst.axi_crossbar_rd_inst.s_ifaces[0].reg_inst.genblk2.temp_s_axi_rresp_reg[0]$_DFFE_PP_/D
685	0.3199	axi_crossbar_inst.axi_crossbar_wr_inst.m_ifaces[I].a_arb_inst.grant_encoded_reg[J]	axi_crossbar_inst.axi_crossbar_wr_inst.m_ifaces[I].w_select_reg[J]	axi_crossbar_inst.axi_crossbar_wr_inst.m_ifaces[3].a_arb_inst.grant_encoded_reg[1]$_SDFFE_PP0P_/Q	axi_crossbar_inst.axi_crossbar_wr_inst.m_ifaces[3].w_select_reg[1]$_DFFE_PP_/D
686	0.3201	axi_crossbar_inst.axi_crossbar_wr_inst.m_ifaces[I].reg_inst.genblkJ.genblkK.s_axi_awready_reg	axi_crossbar_inst.axi_crossbar_wr_inst.m_ifaces[I].reg_inst.genblkJ.genblkK.m_axi_awburst_reg[L]	axi_crossbar_inst.axi_crossbar_wr_inst.m_ifaces[0].reg_inst.genblk1.genblk1.s_axi_awready_reg$_SDFF_PP0_/Q	axi_crossbar_inst.axi_crossbar_wr_inst.m_ifaces[0].reg_inst.genblk1.genblk1.m_axi_awburst_reg[0]$_DFFE_PP_/D
687	0.3201	axi_crossbar_inst.axi_crossbar_wr_inst.m_ifaces[I].reg_inst.genblkJ.genblkK.s_axi_awready_reg	axi_crossbar_inst.axi_crossbar_wr_inst.m_ifaces[I].reg_inst.genblkJ.genblkK.m_axi_awcache_reg[L]	axi_crossbar_inst.axi_crossbar_wr_inst.m_ifaces[0].reg_inst.genblk1.genblk1.s_axi_awready_reg$_SDFF_PP0_/Q	axi_crossbar_inst.axi_crossbar_wr_inst.m_ifaces[0].reg_inst.genblk1.genblk1.m_axi_awcache_reg[0]$_DFFE_PP_/D
688	0.3201	axi_crossbar_inst.axi_crossbar_wr_inst.m_ifaces[I].reg_inst.genblkJ.genblkK.s_axi_awready_reg	axi_crossbar_inst.axi_crossbar_wr_inst.m_ifaces[I].reg_inst.genblkJ.genblkK.m_axi_awprot_reg[L]	axi_crossbar_inst.axi_crossbar_wr_inst.m_ifaces[0].reg_inst.genblk1.genblk1.s_axi_awready_reg$_SDFF_PP0_/Q	axi_crossbar_inst.axi_crossbar_wr_inst.m_ifaces[0].reg_inst.genblk1.genblk1.m_axi_awprot_reg[0]$_DFFE_PP_/D
689	0.3201	axi_crossbar_inst.axi_crossbar_wr_inst.m_ifaces[I].reg_inst.genblkJ.genblkK.s_axi_awready_reg	axi_crossbar_inst.axi_crossbar_wr_inst.m_ifaces[I].reg_inst.genblkJ.genblkK.m_axi_awqos_reg[L]	axi_crossbar_inst.axi_crossbar_wr_inst.m_ifaces[0].reg_inst.genblk1.genblk1.s_axi_awready_reg$_SDFF_PP0_/Q	axi_crossbar_inst.axi_crossbar_wr_inst.m_ifaces[0].reg_inst.genblk1.genblk1.m_axi_awqos_reg[0]$_DFFE_PP_/D
690	0.3201	axi_crossbar_inst.axi_crossbar_wr_inst.m_ifaces[I].reg_inst.genblkJ.genblkK.s_axi_awready_reg	axi_crossbar_inst.axi_crossbar_wr_inst.m_ifaces[I].reg_inst.genblkJ.genblkK.m_axi_awsize_reg[L]	axi_crossbar_inst.axi_crossbar_wr_inst.m_ifaces[0].reg_inst.genblk1.genblk1.s_axi_awready_reg$_SDFF_PP0_/Q	axi_crossbar_inst.axi_crossbar_wr_inst.m_ifaces[0].reg_inst.genblk1.genblk1.m_axi_awsize_reg[1]$_DFFE_PP_/D
691	0.3205	axi_crossbar_inst.axi_crossbar_rd_inst.m_ifaces[I].a_arb_inst.grant_valid_reg	axi_crossbar_inst.axi_crossbar_rd_inst.m_ifaces[I].a_arb_inst.mask_reg[J]	axi_crossbar_inst.axi_crossbar_rd_inst.m_ifaces[4].a_arb_inst.grant_valid_reg$_SDFFE_PP0P_/Q	axi_crossbar_inst.axi_crossbar_rd_inst.m_ifaces[4].a_arb_inst.mask_reg[1]$_SDFFE_PP0P_/D
692	0.3206	axi_crossbar_inst.axi_crossbar_wr_inst.m_ifaces[I].reg_inst.genblkJ.m_axi_wvalid_reg	axi_crossbar_inst.axi_crossbar_wr_inst.m_ifaces[I].reg_inst.genblkJ.m_axi_wdata_reg[K]	axi_crossbar_inst.axi_crossbar_wr_inst.m_ifaces[5].reg_inst.genblk2.m_axi_wvalid_reg$_SDFFE_PP0P_/QN	axi_crossbar_inst.axi_crossbar_wr_inst.m_ifaces[5].reg_inst.genblk2.m_axi_wdata_reg[10]$_DFFE_PP_/D
693	0.3206	axi_crossbar_inst.axi_crossbar_wr_inst.m_ifaces[I].reg_inst.genblkJ.m_axi_wvalid_reg	axi_crossbar_inst.axi_crossbar_wr_inst.m_ifaces[I].reg_inst.genblkJ.m_axi_wstrb_reg[K]	axi_crossbar_inst.axi_crossbar_wr_inst.m_ifaces[5].reg_inst.genblk2.m_axi_wvalid_reg$_SDFFE_PP0P_/QN	axi_crossbar_inst.axi_crossbar_wr_inst.m_ifaces[5].reg_inst.genblk2.m_axi_wstrb_reg[0]$_DFFE_PP_/D
694	0.3211	axi_crossbar_inst.axi_crossbar_rd_inst.m_ifaces[I].reg_inst.genblkJ.genblkK.s_axi_arready_reg	axi_crossbar_inst.axi_crossbar_rd_inst.m_ifaces[I].reg_inst.genblkJ.genblkK.m_axi_araddr_reg[L]	axi_crossbar_inst.axi_crossbar_rd_inst.m_ifaces[5].reg_inst.genblk1.genblk1.s_axi_arready_reg$_SDFF_PP0_/Q	axi_crossbar_inst.axi_crossbar_rd_inst.m_ifaces[5].reg_inst.genblk1.genblk1.m_axi_araddr_reg[29]$_DFFE_PP_/D
695	0.3211	axi_crossbar_inst.axi_crossbar_rd_inst.m_ifaces[I].reg_inst.genblkJ.genblkK.s_axi_arready_reg	axi_crossbar_inst.axi_crossbar_rd_inst.m_ifaces[I].reg_inst.genblkJ.genblkK.m_axi_arlen_reg[L]	axi_crossbar_inst.axi_crossbar_rd_inst.m_ifaces[5].reg_inst.genblk1.genblk1.s_axi_arready_reg$_SDFF_PP0_/Q	axi_crossbar_inst.axi_crossbar_rd_inst.m_ifaces[5].reg_inst.genblk1.genblk1.m_axi_arlen_reg[0]$_DFFE_PP_/D
696	0.3228	axi_crossbar_inst.axi_crossbar_rd_inst.m_ifaces[I].a_arb_inst.grant_valid_reg	axi_crossbar_inst.axi_crossbar_rd_inst.m_ifaces[I].a_arb_inst.grant_reg[J]	axi_crossbar_inst.axi_crossbar_rd_inst.m_ifaces[1].a_arb_inst.grant_valid_reg$_SDFFE_PP0P_/Q	axi_crossbar_inst.axi_crossbar_rd_inst.m_ifaces[1].a_arb_inst.grant_reg[0]$_SDFFE_PP0P_/D
697	0.3243	axi_crossbar_inst.axi_crossbar_rd_inst.s_ifaces[I].r_arb_inst.grant_valid_reg	axi_crossbar_inst.axi_crossbar_rd_inst.s_ifaces[I].r_arb_inst.grant_valid_reg	axi_crossbar_inst.axi_crossbar_rd_inst.s_ifaces[1].r_arb_inst.grant_valid_reg$_SDFFE_PP0P_/Q	axi_crossbar_inst.axi_crossbar_rd_inst.s_ifaces[1].r_arb_inst.grant_valid_reg$_SDFFE_PP0P_/D
698	0.3254	axi_crossbar_inst.axi_crossbar_rd_inst.s_ifaces[I].addr_inst.m_decerr_reg	axi_crossbar_inst.axi_crossbar_rd_inst.s_ifaces[I].addr_inst.thread_id_reg[J][K]	axi_crossbar_inst.axi_crossbar_rd_inst.s_ifaces[6].addr_inst.m_decerr_reg$_DFFE_PP_/Q	axi_crossbar_inst.axi_crossbar_rd_inst.s_ifaces[6].addr_inst.thread_id_reg[1][0]$_DFFE_PP_/D
699	0.3254	axi_crossbar_inst.axi_crossbar_rd_inst.s_ifaces[I].addr_inst.m_decerr_reg	axi_crossbar_inst.axi_crossbar_rd_inst.s_ifaces[I].addr_inst.thread_m_reg[J][K]	axi_crossbar_inst.axi_crossbar_rd_inst.s_ifaces[6].addr_inst.m_decerr_reg$_DFFE_PP_/Q	axi_crossbar_inst.axi_crossbar_rd_inst.s_ifaces[6].addr_inst.thread_m_reg[1][0]$_DFFE_PP_/D
700	0.3266	axi_crossbar_inst.axi_crossbar_wr_inst.s_ifaces[I].b_arb_inst.grant_valid_reg	axi_crossbar_inst.axi_crossbar_wr_inst.s_ifaces[I].addr_inst.m_rc_valid_reg	axi_crossbar_inst.axi_crossbar_wr_inst.s_ifaces[7].b_arb_inst.grant_valid_reg$_SDFFE_PP0P_/Q	axi_crossbar_inst.axi_crossbar_wr_inst.s_ifaces[7].addr_inst.m_rc_valid_reg$_SDFF_PP0_/D
701	0.3275	axi_crossbar_inst.axi_crossbar_rd_inst.s_ifaces[I].decerr_m_axi_rvalid_reg	axi_crossbar_inst.axi_crossbar_rd_inst.s_ifaces[I].decerr_len_reg[J]	axi_crossbar_inst.axi_crossbar_rd_inst.s_ifaces[4].decerr_m_axi_rvalid_reg$_SDFF_PP0_/Q	axi_crossbar_inst.axi_crossbar_rd_inst.s_ifaces[4].decerr_len_reg[0]$_DFFE_PP_/D
702	0.3277	axi_crossbar_inst.axi_crossbar_wr_inst.s_ifaces[I].b_arb_inst.grant_valid_reg	axi_crossbar_inst.axi_crossbar_wr_inst.s_ifaces[I].addr_inst.m_wc_valid_reg	axi_crossbar_inst.axi_crossbar_wr_inst.s_ifaces[2].b_arb_inst.grant_valid_reg$_SDFFE_PP0P_/Q	axi_crossbar_inst.axi_crossbar_wr_inst.s_ifaces[2].addr_inst.m_wc_valid_reg$_SDFF_PP0_/D
703	0.3287	axi_crossbar_inst.axi_crossbar_wr_inst.m_ifaces[I].reg_inst.genblkJ.genblkK.s_axi_awready_reg	axi_crossbar_inst.axi_crossbar_wr_inst.m_ifaces[I].reg_inst.genblkJ.genblkK.m_axi_awid_reg[L]	axi_crossbar_inst.axi_crossbar_wr_inst.m_ifaces[1].reg_inst.genblk1.genblk1.s_axi_awready_reg$_SDFF_PP0_/Q	axi_crossbar_inst.axi_crossbar_wr_inst.m_ifaces[1].reg_inst.genblk1.genblk1.m_axi_awid_reg[0]$_DFFE_PP_/D
704	0.3288	axi_crossbar_inst.axi_crossbar_wr_inst.m_ifaces[I].reg_inst.genblkJ.s_axi_wready_reg	axi_crossbar_inst.axi_crossbar_wr_inst.m_ifaces[I].reg_inst.genblkJ.m_axi_wlast_reg	axi_crossbar_inst.axi_crossbar_wr_inst.m_ifaces[0].reg_inst.genblk2.s_axi_wready_reg$_SDFF_PP0_/Q	axi_crossbar_inst.axi_crossbar_wr_inst.m_ifaces[0].reg_inst.genblk2.m_axi_wlast_reg$_DFFE_PP_/D
705	0.3304	axi_crossbar_inst.axi_crossbar_wr_inst.m_ifaces[I].reg_inst.genblkJ.genblkK.s_axi_awready_reg	axi_crossbar_inst.axi_crossbar_wr_inst.m_ifaces[I].a_arb_inst.grant_valid_reg	axi_crossbar_inst.axi_crossbar_wr_inst.m_ifaces[5].reg_inst.genblk1.genblk1.s_axi_awready_reg$_SDFF_PP0_/Q	axi_crossbar_inst.axi_crossbar_wr_inst.m_ifaces[5].a_arb_inst.grant_valid_reg$_SDFFE_PP0P_/D
706	0.3323	axi_crossbar_inst.axi_crossbar_wr_inst.m_ifaces[I].reg_inst.genblkJ.s_axi_wready_reg	axi_crossbar_inst.axi_crossbar_wr_inst.m_ifaces[I].reg_inst.genblkJ.temp_m_axi_wstrb_reg[K]	axi_crossbar_inst.axi_crossbar_wr_inst.m_ifaces[5].reg_inst.genblk2.s_axi_wready_reg$_SDFF_PP0_/Q	axi_crossbar_inst.axi_crossbar_wr_inst.m_ifaces[5].reg_inst.genblk2.temp_m_axi_wstrb_reg[0]$_DFFE_PP_/D
707	0.3330	axi_crossbar_inst.axi_crossbar_rd_inst.s_ifaces[I].reg_inst.genblkJ.s_axi_rdata_reg[K]	sI_axi_rdata[J]	axi_crossbar_inst.axi_crossbar_rd_inst.s_ifaces[0].reg_inst.genblk2.s_axi_rdata_reg[0]$_DFFE_PP_/Q	s00_axi_rdata[0]
708	0.3330	axi_crossbar_inst.axi_crossbar_wr_inst.s_ifaces[I].reg_inst.genblkJ.genblkK.s_axi_bresp_reg[L]	sI_axi_bresp[J]	axi_crossbar_inst.axi_crossbar_wr_inst.s_ifaces[1].reg_inst.genblk3.genblk1.s_axi_bresp_reg[0]$_DFFE_PP_/Q	s01_axi_bresp[0]
709	0.3330	axi_crossbar_inst.axi_crossbar_rd_inst.m_ifaces[I].reg_inst.genblkJ.genblkK.m_axi_arvalid_reg	mI_axi_arvalid	axi_crossbar_inst.axi_crossbar_rd_inst.m_ifaces[0].reg_inst.genblk1.genblk1.m_axi_arvalid_reg$_SDFF_PP0_/Q	m00_axi_arvalid
710	0.3330	axi_crossbar_inst.axi_crossbar_wr_inst.m_ifaces[I].reg_inst.genblkJ.genblkK.m_axi_awvalid_reg	mI_axi_awvalid	axi_crossbar_inst.axi_crossbar_wr_inst.m_ifaces[0].reg_inst.genblk1.genblk1.m_axi_awvalid_reg$_SDFF_PP0_/Q	m00_axi_awvalid
711	0.3330	axi_crossbar_inst.axi_crossbar_wr_inst.m_ifaces[I].reg_inst.genblkJ.m_axi_wlast_reg	mI_axi_wlast	axi_crossbar_inst.axi_crossbar_wr_inst.m_ifaces[7].reg_inst.genblk2.m_axi_wlast_reg$_DFFE_PP_/Q	m07_axi_wlast
712	0.3330	axi_crossbar_inst.axi_crossbar_wr_inst.s_ifaces[I].reg_inst.genblkJ.genblkK.s_axi_bvalid_reg	sI_axi_bvalid	axi_crossbar_inst.axi_crossbar_wr_inst.s_ifaces[1].reg_inst.genblk3.genblk1.s_axi_bvalid_reg$_SDFF_PP0_/Q	s01_axi_bvalid
713	0.3331	axi_crossbar_inst.axi_crossbar_wr_inst.m_ifaces[I].reg_inst.genblkJ.m_axi_wdata_reg[K]	mI_axi_wdata[J]	axi_crossbar_inst.axi_crossbar_wr_inst.m_ifaces[0].reg_inst.genblk2.m_axi_wdata_reg[0]$_DFFE_PP_/Q	m00_axi_wdata[0]
714	0.3331	axi_crossbar_inst.axi_crossbar_wr_inst.m_ifaces[I].reg_inst.genblkJ.m_axi_wstrb_reg[K]	mI_axi_wstrb[J]	axi_crossbar_inst.axi_crossbar_wr_inst.m_ifaces[0].reg_inst.genblk2.m_axi_wstrb_reg[0]$_DFFE_PP_/Q	m00_axi_wstrb[0]
715	0.3331	axi_crossbar_inst.axi_crossbar_rd_inst.s_ifaces[I].reg_inst.genblkJ.s_axi_rid_reg[K]	sI_axi_rid[J]	axi_crossbar_inst.axi_crossbar_rd_inst.s_ifaces[0].reg_inst.genblk2.s_axi_rid_reg[0]$_DFFE_PP_/Q	s00_axi_rid[0]
716	0.3331	axi_crossbar_inst.axi_crossbar_rd_inst.s_ifaces[I].reg_inst.genblkJ.s_axi_rlast_reg	sI_axi_rlast	axi_crossbar_inst.axi_crossbar_rd_inst.s_ifaces[0].reg_inst.genblk2.s_axi_rlast_reg$_DFFE_PP_/Q	s00_axi_rlast
717	0.3331	axi_crossbar_inst.axi_crossbar_rd_inst.s_ifaces[I].reg_inst.genblkJ.s_axi_rresp_reg[K]	sI_axi_rresp[J]	axi_crossbar_inst.axi_crossbar_rd_inst.s_ifaces[0].reg_inst.genblk2.s_axi_rresp_reg[0]$_DFFE_PP_/Q	s00_axi_rresp[0]
718	0.3331	axi_crossbar_inst.axi_crossbar_wr_inst.s_ifaces[I].reg_inst.genblkJ.genblkK.s_axi_bid_reg[L]	sI_axi_bid[J]	axi_crossbar_inst.axi_crossbar_wr_inst.s_ifaces[3].reg_inst.genblk3.genblk1.s_axi_bid_reg[0]$_DFFE_PP_/Q	s03_axi_bid[0]
719	0.3331	axi_crossbar_inst.axi_crossbar_wr_inst.m_ifaces[I].reg_inst.genblkJ.m_axi_wvalid_reg	mI_axi_wvalid	axi_crossbar_inst.axi_crossbar_wr_inst.m_ifaces[1].reg_inst.genblk2.m_axi_wvalid_reg$_SDFFE_PP0P_/Q	m01_axi_wvalid
720	0.3331	axi_crossbar_inst.axi_crossbar_rd_inst.s_ifaces[I].reg_inst.genblkJ.s_axi_rvalid_reg	sI_axi_rvalid	axi_crossbar_inst.axi_crossbar_rd_inst.s_ifaces[3].reg_inst.genblk2.s_axi_rvalid_reg$_SDFFE_PP0P_/Q	s03_axi_rvalid
721	0.3335	axi_crossbar_inst.axi_crossbar_wr_inst.m_ifaces[I].reg_inst.genblkJ.m_axi_wvalid_reg	axi_crossbar_inst.axi_crossbar_wr_inst.m_ifaces[I].reg_inst.genblkJ.temp_m_axi_wdata_reg[K]	axi_crossbar_inst.axi_crossbar_wr_inst.m_ifaces[7].reg_inst.genblk2.m_axi_wvalid_reg$_SDFFE_PP0P_/QN	axi_crossbar_inst.axi_crossbar_wr_inst.m_ifaces[7].reg_inst.genblk2.temp_m_axi_wdata_reg[10]$_DFFE_PP_/D
722	0.3335	axi_crossbar_inst.axi_crossbar_wr_inst.m_ifaces[I].a_arb_inst.grant_valid_reg	axi_crossbar_inst.axi_crossbar_wr_inst.m_ifaces[I].w_select_valid_reg	axi_crossbar_inst.axi_crossbar_wr_inst.m_ifaces[5].a_arb_inst.grant_valid_reg$_SDFFE_PP0P_/Q	axi_crossbar_inst.axi_crossbar_wr_inst.m_ifaces[5].w_select_valid_reg$_SDFF_PP0_/D
723	0.3348	axi_crossbar_inst.axi_crossbar_rd_inst.m_ifaces[I].reg_inst.genblkJ.genblkK.m_axi_araddr_reg[L]	mI_axi_araddr[J]	axi_crossbar_inst.axi_crossbar_rd_inst.m_ifaces[0].reg_inst.genblk1.genblk1.m_axi_araddr_reg[0]$_DFFE_PP_/Q	m00_axi_araddr[0]
724	0.3348	axi_crossbar_inst.axi_crossbar_rd_inst.m_ifaces[I].reg_inst.genblkJ.genblkK.m_axi_arburst_reg[L]	mI_axi_arburst[J]	axi_crossbar_inst.axi_crossbar_rd_inst.m_ifaces[0].reg_inst.genblk1.genblk1.m_axi_arburst_reg[0]$_DFFE_PP_/Q	m00_axi_arburst[0]
725	0.3348	axi_crossbar_inst.axi_crossbar_rd_inst.m_ifaces[I].reg_inst.genblkJ.genblkK.m_axi_arcache_reg[L]	mI_axi_arcache[J]	axi_crossbar_inst.axi_crossbar_rd_inst.m_ifaces[0].reg_inst.genblk1.genblk1.m_axi_arcache_reg[0]$_DFFE_PP_/Q	m00_axi_arcache[0]
726	0.3348	axi_crossbar_inst.axi_crossbar_rd_inst.m_ifaces[I].reg_inst.genblkJ.genblkK.m_axi_arid_reg[L]	mI_axi_arid[J]	axi_crossbar_inst.axi_crossbar_rd_inst.m_ifaces[0].reg_inst.genblk1.genblk1.m_axi_arid_reg[0]$_DFFE_PP_/Q	m00_axi_arid[0]
727	0.3348	axi_crossbar_inst.axi_crossbar_rd_inst.m_ifaces[I].reg_inst.genblkJ.genblkK.m_axi_arlen_reg[L]	mI_axi_arlen[J]	axi_crossbar_inst.axi_crossbar_rd_inst.m_ifaces[0].reg_inst.genblk1.genblk1.m_axi_arlen_reg[0]$_DFFE_PP_/Q	m00_axi_arlen[0]
728	0.3348	axi_crossbar_inst.axi_crossbar_rd_inst.m_ifaces[I].reg_inst.genblkJ.genblkK.m_axi_arlock_reg	mI_axi_arlock	axi_crossbar_inst.axi_crossbar_rd_inst.m_ifaces[0].reg_inst.genblk1.genblk1.m_axi_arlock_reg$_DFFE_PP_/Q	m00_axi_arlock
729	0.3348	axi_crossbar_inst.axi_crossbar_rd_inst.m_ifaces[I].reg_inst.genblkJ.genblkK.m_axi_arprot_reg[L]	mI_axi_arprot[J]	axi_crossbar_inst.axi_crossbar_rd_inst.m_ifaces[0].reg_inst.genblk1.genblk1.m_axi_arprot_reg[0]$_DFFE_PP_/Q	m00_axi_arprot[0]
730	0.3348	axi_crossbar_inst.axi_crossbar_rd_inst.m_ifaces[I].reg_inst.genblkJ.genblkK.m_axi_arqos_reg[L]	mI_axi_arqos[J]	axi_crossbar_inst.axi_crossbar_rd_inst.m_ifaces[0].reg_inst.genblk1.genblk1.m_axi_arqos_reg[0]$_DFFE_PP_/Q	m00_axi_arqos[0]
731	0.3348	axi_crossbar_inst.axi_crossbar_rd_inst.m_ifaces[I].reg_inst.genblkJ.genblkK.m_axi_arsize_reg[L]	mI_axi_arsize[J]	axi_crossbar_inst.axi_crossbar_rd_inst.m_ifaces[0].reg_inst.genblk1.genblk1.m_axi_arsize_reg[0]$_DFFE_PP_/Q	m00_axi_arsize[0]
732	0.3348	axi_crossbar_inst.axi_crossbar_wr_inst.m_ifaces[I].reg_inst.genblkJ.genblkK.m_axi_awaddr_reg[L]	mI_axi_awaddr[J]	axi_crossbar_inst.axi_crossbar_wr_inst.m_ifaces[0].reg_inst.genblk1.genblk1.m_axi_awaddr_reg[0]$_DFFE_PP_/Q	m00_axi_awaddr[0]
733	0.3348	axi_crossbar_inst.axi_crossbar_wr_inst.m_ifaces[I].reg_inst.genblkJ.genblkK.m_axi_awburst_reg[L]	mI_axi_awburst[J]	axi_crossbar_inst.axi_crossbar_wr_inst.m_ifaces[0].reg_inst.genblk1.genblk1.m_axi_awburst_reg[0]$_DFFE_PP_/Q	m00_axi_awburst[0]
734	0.3348	axi_crossbar_inst.axi_crossbar_wr_inst.m_ifaces[I].reg_inst.genblkJ.genblkK.m_axi_awcache_reg[L]	mI_axi_awcache[J]	axi_crossbar_inst.axi_crossbar_wr_inst.m_ifaces[0].reg_inst.genblk1.genblk1.m_axi_awcache_reg[0]$_DFFE_PP_/Q	m00_axi_awcache[0]
735	0.3348	axi_crossbar_inst.axi_crossbar_wr_inst.m_ifaces[I].reg_inst.genblkJ.genblkK.m_axi_awid_reg[L]	mI_axi_awid[J]	axi_crossbar_inst.axi_crossbar_wr_inst.m_ifaces[0].reg_inst.genblk1.genblk1.m_axi_awid_reg[0]$_DFFE_PP_/Q	m00_axi_awid[0]
736	0.3348	axi_crossbar_inst.axi_crossbar_wr_inst.m_ifaces[I].reg_inst.genblkJ.genblkK.m_axi_awlen_reg[L]	mI_axi_awlen[J]	axi_crossbar_inst.axi_crossbar_wr_inst.m_ifaces[0].reg_inst.genblk1.genblk1.m_axi_awlen_reg[0]$_DFFE_PP_/Q	m00_axi_awlen[0]
737	0.3348	axi_crossbar_inst.axi_crossbar_wr_inst.m_ifaces[I].reg_inst.genblkJ.genblkK.m_axi_awlock_reg	mI_axi_awlock	axi_crossbar_inst.axi_crossbar_wr_inst.m_ifaces[0].reg_inst.genblk1.genblk1.m_axi_awlock_reg$_DFFE_PP_/Q	m00_axi_awlock
738	0.3348	axi_crossbar_inst.axi_crossbar_wr_inst.m_ifaces[I].reg_inst.genblkJ.genblkK.m_axi_awprot_reg[L]	mI_axi_awprot[J]	axi_crossbar_inst.axi_crossbar_wr_inst.m_ifaces[0].reg_inst.genblk1.genblk1.m_axi_awprot_reg[0]$_DFFE_PP_/Q	m00_axi_awprot[0]
739	0.3348	axi_crossbar_inst.axi_crossbar_wr_inst.m_ifaces[I].reg_inst.genblkJ.genblkK.m_axi_awqos_reg[L]	mI_axi_awqos[J]	axi_crossbar_inst.axi_crossbar_wr_inst.m_ifaces[0].reg_inst.genblk1.genblk1.m_axi_awqos_reg[0]$_DFFE_PP_/Q	m00_axi_awqos[0]
740	0.3348	axi_crossbar_inst.axi_crossbar_wr_inst.m_ifaces[I].reg_inst.genblkJ.genblkK.m_axi_awsize_reg[L]	mI_axi_awsize[J]	axi_crossbar_inst.axi_crossbar_wr_inst.m_ifaces[0].reg_inst.genblk1.genblk1.m_axi_awsize_reg[0]$_DFFE_PP_/Q	m00_axi_awsize[0]
741	0.3369	axi_crossbar_inst.axi_crossbar_rd_inst.s_ifaces[I].addr_inst.s_axi_aready_reg	sI_axi_arready	axi_crossbar_inst.axi_crossbar_rd_inst.s_ifaces[0].addr_inst.s_axi_aready_reg$_SDFF_PP0_/Q	s00_axi_arready
742	0.3369	axi_crossbar_inst.axi_crossbar_wr_inst.s_ifaces[I].addr_inst.s_axi_aready_reg	sI_axi_awready	axi_crossbar_inst.axi_crossbar_wr_inst.s_ifaces[0].addr_inst.s_axi_aready_reg$_SDFF_PP0_/Q	s00_axi_awready
743	0.3371	axi_crossbar_inst.axi_crossbar_wr_inst.s_ifaces[I].reg_inst.genblkJ.genblkK.m_axi_bready_reg	axi_crossbar_inst.axi_crossbar_wr_inst.s_ifaces[I].b_arb_inst.grant_valid_reg	axi_crossbar_inst.axi_crossbar_wr_inst.s_ifaces[1].reg_inst.genblk3.genblk1.m_axi_bready_reg$_SDFF_PP0_/Q	axi_crossbar_inst.axi_crossbar_wr_inst.s_ifaces[1].b_arb_inst.grant_valid_reg$_SDFFE_PP0P_/D
744	0.3390	axi_crossbar_inst.axi_crossbar_wr_inst.m_ifaces[I].trans_count_reg[J]	axi_crossbar_inst.axi_crossbar_wr_inst.m_ifaces[I].a_arb_inst.grant_valid_reg	axi_crossbar_inst.axi_crossbar_wr_inst.m_ifaces[2].trans_count_reg[2]$_SDFFE_PP0P_/Q	axi_crossbar_inst.axi_crossbar_wr_inst.m_ifaces[2].a_arb_inst.grant_valid_reg$_SDFFE_PP0P_/D
745	0.3400	axi_crossbar_inst.axi_crossbar_wr_inst.m_ifaces[I].reg_inst.genblkJ.s_axi_wready_reg	axi_crossbar_inst.axi_crossbar_wr_inst.m_ifaces[I].reg_inst.genblkJ.m_axi_wvalid_reg	axi_crossbar_inst.axi_crossbar_wr_inst.m_ifaces[3].reg_inst.genblk2.s_axi_wready_reg$_SDFF_PP0_/Q	axi_crossbar_inst.axi_crossbar_wr_inst.m_ifaces[3].reg_inst.genblk2.m_axi_wvalid_reg$_SDFFE_PP0P_/D
746	0.3425	axi_crossbar_inst.axi_crossbar_rd_inst.m_ifaces[I].a_arb_inst.grant_valid_reg	axi_crossbar_inst.axi_crossbar_rd_inst.m_ifaces[I].a_arb_inst.grant_encoded_reg[J]	axi_crossbar_inst.axi_crossbar_rd_inst.m_ifaces[7].a_arb_inst.grant_valid_reg$_SDFFE_PP0P_/Q	axi_crossbar_inst.axi_crossbar_rd_inst.m_ifaces[7].a_arb_inst.grant_encoded_reg[1]$_SDFFE_PP0P_/D
747	0.3440	axi_crossbar_inst.axi_crossbar_rd_inst.s_ifaces[I].decerr_m_axi_rvalid_reg	axi_crossbar_inst.axi_crossbar_rd_inst.s_ifaces[I].reg_inst.genblkJ.temp_s_axi_rvalid_reg	axi_crossbar_inst.axi_crossbar_rd_inst.s_ifaces[2].decerr_m_axi_rvalid_reg$_SDFF_PP0_/Q	axi_crossbar_inst.axi_crossbar_rd_inst.s_ifaces[2].reg_inst.genblk2.temp_s_axi_rvalid_reg$_SDFFE_PP0P_/D
748	0.3477	axi_crossbar_inst.axi_crossbar_rd_inst.s_ifaces[I].reg_inst.genblkJ.s_axi_rvalid_reg	axi_crossbar_inst.axi_crossbar_rd_inst.s_ifaces[I].reg_inst.genblkJ.temp_s_axi_rlast_reg	axi_crossbar_inst.axi_crossbar_rd_inst.s_ifaces[2].reg_inst.genblk2.s_axi_rvalid_reg$_SDFFE_PP0P_/QN	axi_crossbar_inst.axi_crossbar_rd_inst.s_ifaces[2].reg_inst.genblk2.temp_s_axi_rlast_reg$_DFFE_PP_/D
749	0.3493	axi_crossbar_inst.axi_crossbar_wr_inst.s_ifaces[I].reg_inst.genblkJ.genblkK.m_axi_bready_reg	axi_crossbar_inst.axi_crossbar_wr_inst.s_ifaces[I].reg_inst.genblkJ.genblkK.s_axi_bresp_reg[L]	axi_crossbar_inst.axi_crossbar_wr_inst.s_ifaces[3].reg_inst.genblk3.genblk1.m_axi_bready_reg$_SDFF_PP0_/Q	axi_crossbar_inst.axi_crossbar_wr_inst.s_ifaces[3].reg_inst.genblk3.genblk1.s_axi_bresp_reg[1]$_DFFE_PP_/D
750	0.3493	axi_crossbar_inst.axi_crossbar_wr_inst.s_ifaces[I].addr_inst.s_axi_aready_reg	axi_crossbar_inst.axi_crossbar_wr_inst.s_ifaces[I].addr_inst.thread_m_reg[J][K]	axi_crossbar_inst.axi_crossbar_wr_inst.s_ifaces[6].addr_inst.s_axi_aready_reg$_SDFF_PP0_/QN	axi_crossbar_inst.axi_crossbar_wr_inst.s_ifaces[6].addr_inst.thread_m_reg[0][2]$_DFFE_PP_/D
751	0.3504	axi_crossbar_inst.axi_crossbar_rd_inst.s_ifaces[I].reg_inst.genblkJ.s_axi_rvalid_reg	axi_crossbar_inst.axi_crossbar_rd_inst.s_ifaces[I].reg_inst.genblkJ.temp_s_axi_rresp_reg[K]	axi_crossbar_inst.axi_crossbar_rd_inst.s_ifaces[0].reg_inst.genblk2.s_axi_rvalid_reg$_SDFFE_PP0P_/QN	axi_crossbar_inst.axi_crossbar_rd_inst.s_ifaces[0].reg_inst.genblk2.temp_s_axi_rresp_reg[0]$_DFFE_PP_/D
752	0.3508	axi_crossbar_inst.axi_crossbar_wr_inst.s_ifaces[I].addr_inst.m_axi_avalid_reg	axi_crossbar_inst.axi_crossbar_wr_inst.s_ifaces[I].addr_inst.state_reg[J]	axi_crossbar_inst.axi_crossbar_wr_inst.s_ifaces[3].addr_inst.m_axi_avalid_reg$_SDFF_PP0_/Q	axi_crossbar_inst.axi_crossbar_wr_inst.s_ifaces[3].addr_inst.state_reg[1]$_SDFF_PP0_/D
753	0.3509	axi_crossbar_inst.axi_crossbar_rd_inst.s_ifaces[I].addr_inst.s_axi_aready_reg	axi_crossbar_inst.axi_crossbar_rd_inst.s_ifaces[I].addr_inst.thread_m_reg[J][K]	axi_crossbar_inst.axi_crossbar_rd_inst.s_ifaces[2].addr_inst.s_axi_aready_reg$_SDFF_PP0_/QN	axi_crossbar_inst.axi_crossbar_rd_inst.s_ifaces[2].addr_inst.thread_m_reg[0][2]$_DFFE_PP_/D
754	0.3512	axi_crossbar_inst.axi_crossbar_wr_inst.m_ifaces[I].reg_inst.genblkJ.s_axi_wready_reg	axi_crossbar_inst.axi_crossbar_wr_inst.m_ifaces[I].reg_inst.genblkJ.temp_m_axi_wvalid_reg	axi_crossbar_inst.axi_crossbar_wr_inst.m_ifaces[3].reg_inst.genblk2.s_axi_wready_reg$_SDFF_PP0_/Q	axi_crossbar_inst.axi_crossbar_wr_inst.m_ifaces[3].reg_inst.genblk2.temp_m_axi_wvalid_reg$_SDFFE_PP0P_/D
755	0.3517	axi_crossbar_inst.axi_crossbar_wr_inst.m_ifaces[I].reg_inst.genblkJ.m_axi_wvalid_reg	axi_crossbar_inst.axi_crossbar_wr_inst.m_ifaces[I].reg_inst.genblkJ.temp_m_axi_wstrb_reg[K]	axi_crossbar_inst.axi_crossbar_wr_inst.m_ifaces[5].reg_inst.genblk2.m_axi_wvalid_reg$_SDFFE_PP0P_/QN	axi_crossbar_inst.axi_crossbar_wr_inst.m_ifaces[5].reg_inst.genblk2.temp_m_axi_wstrb_reg[0]$_DFFE_PP_/D
756	0.3524	axi_crossbar_inst.axi_crossbar_wr_inst.s_ifaces[I].b_arb_inst.grant_encoded_reg[J]	axi_crossbar_inst.axi_crossbar_wr_inst.s_ifaces[I].decerr_m_axi_bvalid_reg	axi_crossbar_inst.axi_crossbar_wr_inst.s_ifaces[6].b_arb_inst.grant_encoded_reg[2]$_SDFFE_PP0P_/Q	axi_crossbar_inst.axi_crossbar_wr_inst.s_ifaces[6].decerr_m_axi_bvalid_reg$_SDFF_PP0_/D
757	0.3526	axi_crossbar_inst.axi_crossbar_rd_inst.s_ifaces[I].addr_inst.m_rc_valid_reg	axi_crossbar_inst.axi_crossbar_rd_inst.s_ifaces[I].decerr_len_reg[J]	axi_crossbar_inst.axi_crossbar_rd_inst.s_ifaces[4].addr_inst.m_rc_valid_reg$_SDFF_PP0_/Q	axi_crossbar_inst.axi_crossbar_rd_inst.s_ifaces[4].decerr_len_reg[0]$_DFFE_PP_/D
758	0.3526	axi_crossbar_inst.axi_crossbar_rd_inst.s_ifaces[I].addr_inst.m_rc_valid_reg	axi_crossbar_inst.axi_crossbar_rd_inst.s_ifaces[I].decerr_m_axi_rlast_reg	axi_crossbar_inst.axi_crossbar_rd_inst.s_ifaces[4].addr_inst.m_rc_valid_reg$_SDFF_PP0_/Q	axi_crossbar_inst.axi_crossbar_rd_inst.s_ifaces[4].decerr_m_axi_rlast_reg$_DFFE_PP_/D
759	0.3527	axi_crossbar_inst.axi_crossbar_wr_inst.s_ifaces[I].reg_inst.genblkJ.genblkK.m_axi_bready_reg	axi_crossbar_inst.axi_crossbar_wr_inst.s_ifaces[I].reg_inst.genblkJ.genblkK.s_axi_bid_reg[L]	axi_crossbar_inst.axi_crossbar_wr_inst.s_ifaces[3].reg_inst.genblk3.genblk1.m_axi_bready_reg$_SDFF_PP0_/Q	axi_crossbar_inst.axi_crossbar_wr_inst.s_ifaces[3].reg_inst.genblk3.genblk1.s_axi_bid_reg[0]$_DFFE_PP_/D
760	0.3530	axi_crossbar_inst.axi_crossbar_wr_inst.m_ifaces[I].reg_inst.genblkJ.genblkK.s_axi_awready_reg	axi_crossbar_inst.axi_crossbar_wr_inst.m_ifaces[I].reg_inst.genblkJ.genblkK.s_axi_awready_reg	axi_crossbar_inst.axi_crossbar_wr_inst.m_ifaces[5].reg_inst.genblk1.genblk1.s_axi_awready_reg$_SDFF_PP0_/Q	axi_crossbar_inst.axi_crossbar_wr_inst.m_ifaces[5].reg_inst.genblk1.genblk1.s_axi_awready_reg$_SDFF_PP0_/D
761	0.3596	axi_crossbar_inst.axi_crossbar_rd_inst.s_ifaces[I].addr_inst.m_axi_avalid_reg	axi_crossbar_inst.axi_crossbar_rd_inst.s_ifaces[I].addr_inst.state_reg[J]	axi_crossbar_inst.axi_crossbar_rd_inst.s_ifaces[3].addr_inst.m_axi_avalid_reg$_SDFF_PP0_/Q	axi_crossbar_inst.axi_crossbar_rd_inst.s_ifaces[3].addr_inst.state_reg[1]$_SDFF_PP0_/D
762	0.3605	axi_crossbar_inst.axi_crossbar_wr_inst.s_ifaces[I].addr_inst.state_reg[J]	axi_crossbar_inst.axi_crossbar_wr_inst.s_ifaces[I].addr_inst.m_select_reg[J]	axi_crossbar_inst.axi_crossbar_wr_inst.s_ifaces[6].addr_inst.state_reg[1]$_SDFF_PP0_/QN	axi_crossbar_inst.axi_crossbar_wr_inst.s_ifaces[6].addr_inst.m_select_reg[2]$_DFF_P_/D
763	0.3610	axi_crossbar_inst.axi_crossbar_wr_inst.s_ifaces[I].decerr_m_axi_bvalid_reg	axi_crossbar_inst.axi_crossbar_wr_inst.s_ifaces[I].reg_inst.genblkJ.genblkK.m_axi_bready_reg	axi_crossbar_inst.axi_crossbar_wr_inst.s_ifaces[6].decerr_m_axi_bvalid_reg$_SDFF_PP0_/Q	axi_crossbar_inst.axi_crossbar_wr_inst.s_ifaces[6].reg_inst.genblk3.genblk1.m_axi_bready_reg$_SDFF_PP0_/D
764	0.3614	axi_crossbar_inst.axi_crossbar_wr_inst.s_ifaces[I].addr_inst.trans_count_reg[J]	axi_crossbar_inst.axi_crossbar_wr_inst.s_ifaces[I].addr_inst.state_reg[J]	axi_crossbar_inst.axi_crossbar_wr_inst.s_ifaces[2].addr_inst.trans_count_reg[4]$_SDFFE_PP0P_/Q	axi_crossbar_inst.axi_crossbar_wr_inst.s_ifaces[2].addr_inst.state_reg[0]$_SDFF_PP0_/D
765	0.3622	axi_crossbar_inst.axi_crossbar_wr_inst.s_ifaces[I].decerr_m_axi_bvalid_reg	axi_crossbar_inst.axi_crossbar_wr_inst.s_ifaces[I].reg_inst.genblkJ.genblkK.s_axi_bvalid_reg	axi_crossbar_inst.axi_crossbar_wr_inst.s_ifaces[5].decerr_m_axi_bvalid_reg$_SDFF_PP0_/Q	axi_crossbar_inst.axi_crossbar_wr_inst.s_ifaces[5].reg_inst.genblk3.genblk1.s_axi_bvalid_reg$_SDFF_PP0_/D
766	0.3624	axi_crossbar_inst.axi_crossbar_rd_inst.s_ifaces[I].addr_inst.state_reg[J]	axi_crossbar_inst.axi_crossbar_rd_inst.s_ifaces[I].addr_inst.m_select_reg[J]	axi_crossbar_inst.axi_crossbar_rd_inst.s_ifaces[2].addr_inst.state_reg[1]$_SDFF_PP0_/QN	axi_crossbar_inst.axi_crossbar_rd_inst.s_ifaces[2].addr_inst.m_select_reg[2]$_DFF_P_/D
767	0.3637	axi_crossbar_inst.axi_crossbar_rd_inst.s_ifaces[I].addr_inst.trans_count_reg[J]	axi_crossbar_inst.axi_crossbar_rd_inst.s_ifaces[I].addr_inst.state_reg[J]	axi_crossbar_inst.axi_crossbar_rd_inst.s_ifaces[5].addr_inst.trans_count_reg[4]$_SDFFE_PP0P_/Q	axi_crossbar_inst.axi_crossbar_rd_inst.s_ifaces[5].addr_inst.state_reg[1]$_SDFF_PP0_/D
768	0.3642	axi_crossbar_inst.axi_crossbar_rd_inst.s_ifaces[I].reg_inst.genblkJ.s_axi_rvalid_reg	axi_crossbar_inst.axi_crossbar_rd_inst.s_ifaces[I].reg_inst.genblkJ.s_axi_rid_reg[K]	axi_crossbar_inst.axi_crossbar_rd_inst.s_ifaces[1].reg_inst.genblk2.s_axi_rvalid_reg$_SDFFE_PP0P_/QN	axi_crossbar_inst.axi_crossbar_rd_inst.s_ifaces[1].reg_inst.genblk2.s_axi_rid_reg[7]$_DFFE_PP_/D
769	0.3645	axi_crossbar_inst.axi_crossbar_wr_inst.m_ifaces[I].reg_inst.genblkJ.s_axi_wready_reg	axi_crossbar_inst.axi_crossbar_wr_inst.m_ifaces[I].reg_inst.genblkJ.temp_m_axi_wlast_reg	axi_crossbar_inst.axi_crossbar_wr_inst.m_ifaces[1].reg_inst.genblk2.s_axi_wready_reg$_SDFF_PP0_/Q	axi_crossbar_inst.axi_crossbar_wr_inst.m_ifaces[1].reg_inst.genblk2.temp_m_axi_wlast_reg$_DFFE_PP_/D
770	0.3646	axi_crossbar_inst.axi_crossbar_rd_inst.s_ifaces[I].r_arb_inst.grant_valid_reg	axi_crossbar_inst.axi_crossbar_rd_inst.s_ifaces[I].decerr_m_axi_rvalid_reg	axi_crossbar_inst.axi_crossbar_rd_inst.s_ifaces[2].r_arb_inst.grant_valid_reg$_SDFFE_PP0P_/Q	axi_crossbar_inst.axi_crossbar_rd_inst.s_ifaces[2].decerr_m_axi_rvalid_reg$_SDFF_PP0_/D
771	0.3648	axi_crossbar_inst.axi_crossbar_rd_inst.s_ifaces[I].reg_inst.genblkJ.m_axi_rready_reg	axi_crossbar_inst.axi_crossbar_rd_inst.s_ifaces[I].reg_inst.genblkJ.s_axi_rvalid_reg	axi_crossbar_inst.axi_crossbar_rd_inst.s_ifaces[1].reg_inst.genblk2.m_axi_rready_reg$_SDFF_PP0_/Q	axi_crossbar_inst.axi_crossbar_rd_inst.s_ifaces[1].reg_inst.genblk2.s_axi_rvalid_reg$_SDFFE_PP0P_/D
772	0.3656	axi_crossbar_inst.axi_crossbar_wr_inst.m_ifaces[I].reg_inst.genblkJ.m_axi_wvalid_reg	axi_crossbar_inst.axi_crossbar_wr_inst.m_ifaces[I].reg_inst.genblkJ.m_axi_wlast_reg	axi_crossbar_inst.axi_crossbar_wr_inst.m_ifaces[7].reg_inst.genblk2.m_axi_wvalid_reg$_SDFFE_PP0P_/QN	axi_crossbar_inst.axi_crossbar_wr_inst.m_ifaces[7].reg_inst.genblk2.m_axi_wlast_reg$_DFFE_PP_/D
773	0.3659	axi_crossbar_inst.axi_crossbar_rd_inst.s_ifaces[I].decerr_m_axi_rvalid_reg	axi_crossbar_inst.axi_crossbar_rd_inst.s_ifaces[I].reg_inst.genblkJ.m_axi_rready_reg	axi_crossbar_inst.axi_crossbar_rd_inst.s_ifaces[2].decerr_m_axi_rvalid_reg$_SDFF_PP0_/Q	axi_crossbar_inst.axi_crossbar_rd_inst.s_ifaces[2].reg_inst.genblk2.m_axi_rready_reg$_SDFF_PP0_/D
774	0.3663	axi_crossbar_inst.axi_crossbar_wr_inst.m_ifaces[I].w_select_new_reg	axi_crossbar_inst.axi_crossbar_wr_inst.m_ifaces[I].w_select_valid_reg	axi_crossbar_inst.axi_crossbar_wr_inst.m_ifaces[5].w_select_new_reg$_SDFF_PP1_/Q	axi_crossbar_inst.axi_crossbar_wr_inst.m_ifaces[5].w_select_valid_reg$_SDFF_PP0_/D
775	0.3664	axi_crossbar_inst.axi_crossbar_wr_inst.m_ifaces[I].reg_inst.genblkJ.genblkK.s_axi_awready_reg	axi_crossbar_inst.axi_crossbar_wr_inst.m_ifaces[I].reg_inst.genblkJ.genblkK.m_axi_awlen_reg[L]	axi_crossbar_inst.axi_crossbar_wr_inst.m_ifaces[5].reg_inst.genblk1.genblk1.s_axi_awready_reg$_SDFF_PP0_/Q	axi_crossbar_inst.axi_crossbar_wr_inst.m_ifaces[5].reg_inst.genblk1.genblk1.m_axi_awlen_reg[0]$_DFFE_PP_/D
776	0.3674	axi_crossbar_inst.axi_crossbar_rd_inst.s_ifaces[I].reg_inst.genblkJ.s_axi_rvalid_reg	axi_crossbar_inst.axi_crossbar_rd_inst.s_ifaces[I].reg_inst.genblkJ.s_axi_rlast_reg	axi_crossbar_inst.axi_crossbar_rd_inst.s_ifaces[4].reg_inst.genblk2.s_axi_rvalid_reg$_SDFFE_PP0P_/QN	axi_crossbar_inst.axi_crossbar_rd_inst.s_ifaces[4].reg_inst.genblk2.s_axi_rlast_reg$_DFFE_PP_/D
777	0.3674	axi_crossbar_inst.axi_crossbar_rd_inst.s_ifaces[I].reg_inst.genblkJ.s_axi_rvalid_reg	axi_crossbar_inst.axi_crossbar_rd_inst.s_ifaces[I].reg_inst.genblkJ.s_axi_rresp_reg[K]	axi_crossbar_inst.axi_crossbar_rd_inst.s_ifaces[4].reg_inst.genblk2.s_axi_rvalid_reg$_SDFFE_PP0P_/QN	axi_crossbar_inst.axi_crossbar_rd_inst.s_ifaces[4].reg_inst.genblk2.s_axi_rresp_reg[0]$_DFFE_PP_/D
778	0.3676	axi_crossbar_inst.axi_crossbar_wr_inst.m_ifaces[I].reg_inst.genblkJ.genblkK.s_axi_awready_reg	axi_crossbar_inst.axi_crossbar_wr_inst.m_ifaces[I].reg_inst.genblkJ.genblkK.m_axi_awvalid_reg	axi_crossbar_inst.axi_crossbar_wr_inst.m_ifaces[5].reg_inst.genblk1.genblk1.s_axi_awready_reg$_SDFF_PP0_/Q	axi_crossbar_inst.axi_crossbar_wr_inst.m_ifaces[5].reg_inst.genblk1.genblk1.m_axi_awvalid_reg$_SDFF_PP0_/D
779	0.3685	axi_crossbar_inst.axi_crossbar_rd_inst.s_ifaces[I].reg_inst.genblkJ.m_axi_rready_reg	axi_crossbar_inst.axi_crossbar_rd_inst.s_ifaces[I].reg_inst.genblkJ.temp_s_axi_rvalid_reg	axi_crossbar_inst.axi_crossbar_rd_inst.s_ifaces[2].reg_inst.genblk2.m_axi_rready_reg$_SDFF_PP0_/Q	axi_crossbar_inst.axi_crossbar_rd_inst.s_ifaces[2].reg_inst.genblk2.temp_s_axi_rvalid_reg$_SDFFE_PP0P_/D
780	0.3690	axi_crossbar_inst.axi_crossbar_rd_inst.s_ifaces[I].reg_inst.genblkJ.s_axi_rvalid_reg	axi_crossbar_inst.axi_crossbar_rd_inst.s_ifaces[I].reg_inst.genblkJ.s_axi_rdata_reg[K]	axi_crossbar_inst.axi_crossbar_rd_inst.s_ifaces[1].reg_inst.genblk2.s_axi_rvalid_reg$_SDFFE_PP0P_/QN	axi_crossbar_inst.axi_crossbar_rd_inst.s_ifaces[1].reg_inst.genblk2.s_axi_rdata_reg[10]$_DFFE_PP_/D
781	0.3705	axi_crossbar_inst.axi_crossbar_wr_inst.s_ifaces[I].addr_inst.m_axi_avalid_reg	axi_crossbar_inst.axi_crossbar_wr_inst.s_ifaces[I].addr_inst.s_axi_aready_reg	axi_crossbar_inst.axi_crossbar_wr_inst.s_ifaces[3].addr_inst.m_axi_avalid_reg$_SDFF_PP0_/Q	axi_crossbar_inst.axi_crossbar_wr_inst.s_ifaces[3].addr_inst.s_axi_aready_reg$_SDFF_PP0_/D
782	0.3747	axi_crossbar_inst.axi_crossbar_rd_inst.s_ifaces[I].addr_inst.m_select_reg[J]	axi_crossbar_inst.axi_crossbar_rd_inst.s_ifaces[I].addr_inst.m_select_reg[J]	axi_crossbar_inst.axi_crossbar_rd_inst.s_ifaces[2].addr_inst.m_select_reg[0]$_DFF_P_/Q	axi_crossbar_inst.axi_crossbar_rd_inst.s_ifaces[2].addr_inst.m_select_reg[0]$_DFF_P_/D
783	0.3748	axi_crossbar_inst.axi_crossbar_rd_inst.s_ifaces[I].addr_inst.trans_count_reg[J]	axi_crossbar_inst.axi_crossbar_rd_inst.s_ifaces[I].addr_inst.m_axi_avalid_reg	axi_crossbar_inst.axi_crossbar_rd_inst.s_ifaces[6].addr_inst.trans_count_reg[4]$_SDFFE_PP0P_/Q	axi_crossbar_inst.axi_crossbar_rd_inst.s_ifaces[6].addr_inst.m_axi_avalid_reg$_SDFF_PP0_/D
784	0.3757	axi_crossbar_inst.axi_crossbar_rd_inst.m_ifaces[I].reg_inst.genblkJ.genblkK.s_axi_arready_reg	axi_crossbar_inst.axi_crossbar_rd_inst.m_ifaces[I].a_arb_inst.grant_valid_reg	axi_crossbar_inst.axi_crossbar_rd_inst.m_ifaces[3].reg_inst.genblk1.genblk1.s_axi_arready_reg$_SDFF_PP0_/Q	axi_crossbar_inst.axi_crossbar_rd_inst.m_ifaces[3].a_arb_inst.grant_valid_reg$_SDFFE_PP0P_/D
785	0.3776	axi_crossbar_inst.axi_crossbar_wr_inst.m_ifaces[I].reg_inst.genblkJ.genblkK.s_axi_awready_reg	axi_crossbar_inst.axi_crossbar_wr_inst.m_ifaces[I].reg_inst.genblkJ.genblkK.m_axi_awlock_reg	axi_crossbar_inst.axi_crossbar_wr_inst.m_ifaces[5].reg_inst.genblk1.genblk1.s_axi_awready_reg$_SDFF_PP0_/Q	axi_crossbar_inst.axi_crossbar_wr_inst.m_ifaces[5].reg_inst.genblk1.genblk1.m_axi_awlock_reg$_DFFE_PP_/D
786	0.3791	axi_crossbar_inst.axi_crossbar_wr_inst.m_ifaces[I].reg_inst.genblkJ.genblkK.s_axi_awready_reg	axi_crossbar_inst.axi_crossbar_wr_inst.m_ifaces[I].w_select_new_reg	axi_crossbar_inst.axi_crossbar_wr_inst.m_ifaces[5].reg_inst.genblk1.genblk1.s_axi_awready_reg$_SDFF_PP0_/Q	axi_crossbar_inst.axi_crossbar_wr_inst.m_ifaces[5].w_select_new_reg$_SDFF_PP1_/D
787	0.3793	axi_crossbar_inst.axi_crossbar_rd_inst.s_ifaces[I].decerr_len_reg[J]	axi_crossbar_inst.axi_crossbar_rd_inst.s_ifaces[I].decerr_m_axi_rvalid_reg	axi_crossbar_inst.axi_crossbar_rd_inst.s_ifaces[2].decerr_len_reg[1]$_DFFE_PP_/QN	axi_crossbar_inst.axi_crossbar_rd_inst.s_ifaces[2].decerr_m_axi_rvalid_reg$_SDFF_PP0_/D
788	0.3804	axi_crossbar_inst.axi_crossbar_wr_inst.m_ifaces[I].trans_count_reg[J]	axi_crossbar_inst.axi_crossbar_wr_inst.m_ifaces[I].trans_count_reg[J]	axi_crossbar_inst.axi_crossbar_wr_inst.m_ifaces[3].trans_count_reg[0]$_SDFFE_PP0P_/QN	axi_crossbar_inst.axi_crossbar_wr_inst.m_ifaces[3].trans_count_reg[2]$_SDFFE_PP0P_/D
789	0.3805	axi_crossbar_inst.axi_crossbar_rd_inst.m_ifaces[I].trans_count_reg[J]	axi_crossbar_inst.axi_crossbar_rd_inst.m_ifaces[I].trans_count_reg[J]	axi_crossbar_inst.axi_crossbar_rd_inst.m_ifaces[2].trans_count_reg[0]$_SDFFE_PP0P_/QN	axi_crossbar_inst.axi_crossbar_rd_inst.m_ifaces[2].trans_count_reg[2]$_SDFFE_PP0P_/D
790	0.3805	axi_crossbar_inst.axi_crossbar_wr_inst.s_ifaces[I].addr_inst.m_select_reg[J]	axi_crossbar_inst.axi_crossbar_wr_inst.s_ifaces[I].addr_inst.m_select_reg[J]	axi_crossbar_inst.axi_crossbar_wr_inst.s_ifaces[6].addr_inst.m_select_reg[0]$_DFF_P_/Q	axi_crossbar_inst.axi_crossbar_wr_inst.s_ifaces[6].addr_inst.m_select_reg[0]$_DFF_P_/D
791	0.3811	axi_crossbar_inst.axi_crossbar_rd_inst.m_ifaces[I].reg_inst.genblkJ.genblkK.s_axi_arready_reg	axi_crossbar_inst.axi_crossbar_rd_inst.m_ifaces[I].reg_inst.genblkJ.genblkK.s_axi_arready_reg	axi_crossbar_inst.axi_crossbar_rd_inst.m_ifaces[1].reg_inst.genblk1.genblk1.s_axi_arready_reg$_SDFF_PP0_/Q	axi_crossbar_inst.axi_crossbar_rd_inst.m_ifaces[1].reg_inst.genblk1.genblk1.s_axi_arready_reg$_SDFF_PP0_/D
792	0.3820	axi_crossbar_inst.axi_crossbar_wr_inst.m_ifaces[I].reg_inst.genblkJ.m_axi_wvalid_reg	axi_crossbar_inst.axi_crossbar_wr_inst.m_ifaces[I].reg_inst.genblkJ.temp_m_axi_wlast_reg	axi_crossbar_inst.axi_crossbar_wr_inst.m_ifaces[1].reg_inst.genblk2.m_axi_wvalid_reg$_SDFFE_PP0P_/QN	axi_crossbar_inst.axi_crossbar_wr_inst.m_ifaces[1].reg_inst.genblk2.temp_m_axi_wlast_reg$_DFFE_PP_/D
793	0.3828	axi_crossbar_inst.axi_crossbar_rd_inst.s_ifaces[I].addr_inst.state_reg[J]	axi_crossbar_inst.axi_crossbar_rd_inst.s_ifaces[I].addr_inst.state_reg[J]	axi_crossbar_inst.axi_crossbar_rd_inst.s_ifaces[6].addr_inst.state_reg[0]$_SDFF_PP0_/Q	axi_crossbar_inst.axi_crossbar_rd_inst.s_ifaces[6].addr_inst.state_reg[0]$_SDFF_PP0_/D
794	0.3833	axi_crossbar_inst.axi_crossbar_rd_inst.s_ifaces[I].decerr_m_axi_rvalid_reg	axi_crossbar_inst.axi_crossbar_rd_inst.s_ifaces[I].reg_inst.genblkJ.s_axi_rvalid_reg	axi_crossbar_inst.axi_crossbar_rd_inst.s_ifaces[2].decerr_m_axi_rvalid_reg$_SDFF_PP0_/Q	axi_crossbar_inst.axi_crossbar_rd_inst.s_ifaces[2].reg_inst.genblk2.s_axi_rvalid_reg$_SDFFE_PP0P_/D
795	0.3839	axi_crossbar_inst.axi_crossbar_wr_inst.s_ifaces[I].reg_inst.genblkJ.genblkK.m_axi_bready_reg	axi_crossbar_inst.axi_crossbar_wr_inst.s_ifaces[I].reg_inst.genblkJ.genblkK.m_axi_bready_reg	axi_crossbar_inst.axi_crossbar_wr_inst.s_ifaces[0].reg_inst.genblk3.genblk1.m_axi_bready_reg$_SDFF_PP0_/Q	axi_crossbar_inst.axi_crossbar_wr_inst.s_ifaces[0].reg_inst.genblk3.genblk1.m_axi_bready_reg$_SDFF_PP0_/D
796	0.3850	axi_crossbar_inst.axi_crossbar_wr_inst.m_ifaces[I].reg_inst.genblkJ.s_axi_wready_reg	axi_crossbar_inst.axi_crossbar_wr_inst.m_ifaces[I].w_select_valid_reg	axi_crossbar_inst.axi_crossbar_wr_inst.m_ifaces[0].reg_inst.genblk2.s_axi_wready_reg$_SDFF_PP0_/Q	axi_crossbar_inst.axi_crossbar_wr_inst.m_ifaces[0].w_select_valid_reg$_SDFF_PP0_/D
797	0.3856	axi_crossbar_inst.axi_crossbar_rd_inst.s_ifaces[I].decerr_m_axi_rvalid_reg	axi_crossbar_inst.axi_crossbar_rd_inst.s_ifaces[I].addr_inst.s_axi_aready_reg	axi_crossbar_inst.axi_crossbar_rd_inst.s_ifaces[6].decerr_m_axi_rvalid_reg$_SDFF_PP0_/Q	axi_crossbar_inst.axi_crossbar_rd_inst.s_ifaces[6].addr_inst.s_axi_aready_reg$_SDFF_PP0_/D
798	0.3873	axi_crossbar_inst.axi_crossbar_wr_inst.s_ifaces[I].addr_inst.m_axi_avalid_reg	axi_crossbar_inst.axi_crossbar_wr_inst.s_ifaces[I].addr_inst.m_axi_avalid_reg	axi_crossbar_inst.axi_crossbar_wr_inst.s_ifaces[3].addr_inst.m_axi_avalid_reg$_SDFF_PP0_/Q	axi_crossbar_inst.axi_crossbar_wr_inst.s_ifaces[3].addr_inst.m_axi_avalid_reg$_SDFF_PP0_/D
799	0.3878	axi_crossbar_inst.axi_crossbar_wr_inst.s_ifaces[I].addr_inst.m_select_reg[J]	axi_crossbar_inst.axi_crossbar_wr_inst.s_ifaces[I].w_select_reg[J]	axi_crossbar_inst.axi_crossbar_wr_inst.s_ifaces[6].addr_inst.m_select_reg[0]$_DFF_P_/Q	axi_crossbar_inst.axi_crossbar_wr_inst.s_ifaces[6].w_select_reg[0]$_DFFE_PP_/D
800	0.3882	axi_crossbar_inst.axi_crossbar_wr_inst.s_ifaces[I].reg_inst.genblkJ.genblkK.m_axi_bready_reg	axi_crossbar_inst.axi_crossbar_wr_inst.s_ifaces[I].decerr_m_axi_bvalid_reg	axi_crossbar_inst.axi_crossbar_wr_inst.s_ifaces[6].reg_inst.genblk3.genblk1.m_axi_bready_reg$_SDFF_PP0_/Q	axi_crossbar_inst.axi_crossbar_wr_inst.s_ifaces[6].decerr_m_axi_bvalid_reg$_SDFF_PP0_/D
801	0.3884	axi_crossbar_inst.axi_crossbar_rd_inst.s_ifaces[I].decerr_m_axi_rvalid_reg	axi_crossbar_inst.axi_crossbar_rd_inst.s_ifaces[I].decerr_m_axi_rvalid_reg	axi_crossbar_inst.axi_crossbar_rd_inst.s_ifaces[4].decerr_m_axi_rvalid_reg$_SDFF_PP0_/Q	axi_crossbar_inst.axi_crossbar_rd_inst.s_ifaces[4].decerr_m_axi_rvalid_reg$_SDFF_PP0_/D
802	0.3889	axi_crossbar_inst.axi_crossbar_rd_inst.s_ifaces[I].addr_inst.trans_count_reg[J]	axi_crossbar_inst.axi_crossbar_rd_inst.s_ifaces[I].addr_inst.m_rc_valid_reg	axi_crossbar_inst.axi_crossbar_rd_inst.s_ifaces[5].addr_inst.trans_count_reg[4]$_SDFFE_PP0P_/Q	axi_crossbar_inst.axi_crossbar_rd_inst.s_ifaces[5].addr_inst.m_rc_valid_reg$_SDFF_PP0_/D
803	0.3890	axi_crossbar_inst.axi_crossbar_rd_inst.s_ifaces[I].r_arb_inst.grant_valid_reg	axi_crossbar_inst.axi_crossbar_rd_inst.s_ifaces[I].reg_inst.genblkJ.temp_s_axi_rvalid_reg	axi_crossbar_inst.axi_crossbar_rd_inst.s_ifaces[2].r_arb_inst.grant_valid_reg$_SDFFE_PP0P_/Q	axi_crossbar_inst.axi_crossbar_rd_inst.s_ifaces[2].reg_inst.genblk2.temp_s_axi_rvalid_reg$_SDFFE_PP0P_/D
804	0.3909	axi_crossbar_inst.axi_crossbar_rd_inst.m_ifaces[I].reg_inst.genblkJ.genblkK.s_axi_arready_reg	axi_crossbar_inst.axi_crossbar_rd_inst.m_ifaces[I].reg_inst.genblkJ.genblkK.m_axi_arid_reg[L]	axi_crossbar_inst.axi_crossbar_rd_inst.m_ifaces[3].reg_inst.genblk1.genblk1.s_axi_arready_reg$_SDFF_PP0_/Q	axi_crossbar_inst.axi_crossbar_rd_inst.m_ifaces[3].reg_inst.genblk1.genblk1.m_axi_arid_reg[9]$_DFFE_PP_/D
805	0.3910	axi_crossbar_inst.axi_crossbar_wr_inst.s_ifaces[I].addr_inst.trans_count_reg[J]	axi_crossbar_inst.axi_crossbar_wr_inst.s_ifaces[I].addr_inst.m_wc_valid_reg	axi_crossbar_inst.axi_crossbar_wr_inst.s_ifaces[2].addr_inst.trans_count_reg[4]$_SDFFE_PP0P_/Q	axi_crossbar_inst.axi_crossbar_wr_inst.s_ifaces[2].addr_inst.m_wc_valid_reg$_SDFF_PP0_/D
806	0.3916	axi_crossbar_inst.axi_crossbar_wr_inst.m_ifaces[I].reg_inst.genblkJ.m_axi_wvalid_reg	axi_crossbar_inst.axi_crossbar_wr_inst.m_ifaces[I].reg_inst.genblkJ.temp_m_axi_wvalid_reg	axi_crossbar_inst.axi_crossbar_wr_inst.m_ifaces[0].reg_inst.genblk2.m_axi_wvalid_reg$_SDFFE_PP0P_/QN	axi_crossbar_inst.axi_crossbar_wr_inst.m_ifaces[0].reg_inst.genblk2.temp_m_axi_wvalid_reg$_SDFFE_PP0P_/D
807	0.3922	axi_crossbar_inst.axi_crossbar_rd_inst.m_ifaces[I].trans_count_reg[J]	axi_crossbar_inst.axi_crossbar_rd_inst.m_ifaces[I].a_arb_inst.grant_valid_reg	axi_crossbar_inst.axi_crossbar_rd_inst.m_ifaces[3].trans_count_reg[2]$_SDFFE_PP0P_/Q	axi_crossbar_inst.axi_crossbar_rd_inst.m_ifaces[3].a_arb_inst.grant_valid_reg$_SDFFE_PP0P_/D
808	0.3930	axi_crossbar_inst.axi_crossbar_wr_inst.m_ifaces[I].w_select_valid_reg	axi_crossbar_inst.axi_crossbar_wr_inst.m_ifaces[I].reg_inst.genblkJ.temp_m_axi_wvalid_reg	axi_crossbar_inst.axi_crossbar_wr_inst.m_ifaces[7].w_select_valid_reg$_SDFF_PP0_/Q	axi_crossbar_inst.axi_crossbar_wr_inst.m_ifaces[7].reg_inst.genblk2.temp_m_axi_wvalid_reg$_SDFFE_PP0P_/D
809	0.3942	axi_crossbar_inst.axi_crossbar_wr_inst.m_ifaces[I].w_select_valid_reg	axi_crossbar_inst.axi_crossbar_wr_inst.m_ifaces[I].w_select_valid_reg	axi_crossbar_inst.axi_crossbar_wr_inst.m_ifaces[5].w_select_valid_reg$_SDFF_PP0_/QN	axi_crossbar_inst.axi_crossbar_wr_inst.m_ifaces[5].w_select_valid_reg$_SDFF_PP0_/D
810	0.3953	axi_crossbar_inst.axi_crossbar_rd_inst.m_ifaces[I].reg_inst.genblkJ.genblkK.s_axi_arready_reg	axi_crossbar_inst.axi_crossbar_rd_inst.m_ifaces[I].reg_inst.genblkJ.genblkK.m_axi_arvalid_reg	axi_crossbar_inst.axi_crossbar_rd_inst.m_ifaces[1].reg_inst.genblk1.genblk1.s_axi_arready_reg$_SDFF_PP0_/Q	axi_crossbar_inst.axi_crossbar_rd_inst.m_ifaces[1].reg_inst.genblk1.genblk1.m_axi_arvalid_reg$_SDFF_PP0_/D
811	0.3956	axi_crossbar_inst.axi_crossbar_rd_inst.m_ifaces[I].a_arb_inst.grant_valid_reg	axi_crossbar_inst.axi_crossbar_rd_inst.m_ifaces[I].a_arb_inst.grant_valid_reg	axi_crossbar_inst.axi_crossbar_rd_inst.m_ifaces[7].a_arb_inst.grant_valid_reg$_SDFFE_PP0P_/Q	axi_crossbar_inst.axi_crossbar_rd_inst.m_ifaces[7].a_arb_inst.grant_valid_reg$_SDFFE_PP0P_/D
812	0.3971	axi_crossbar_inst.axi_crossbar_wr_inst.m_ifaces[I].a_arb_inst.grant_valid_reg	axi_crossbar_inst.axi_crossbar_wr_inst.m_ifaces[I].reg_inst.genblkJ.genblkK.m_axi_awvalid_reg	axi_crossbar_inst.axi_crossbar_wr_inst.m_ifaces[1].a_arb_inst.grant_valid_reg$_SDFFE_PP0P_/Q	axi_crossbar_inst.axi_crossbar_wr_inst.m_ifaces[1].reg_inst.genblk1.genblk1.m_axi_awvalid_reg$_SDFF_PP0_/D
813	0.3977	axi_crossbar_inst.axi_crossbar_wr_inst.s_ifaces[I].reg_inst.genblkJ.genblkK.m_axi_bready_reg	axi_crossbar_inst.axi_crossbar_wr_inst.s_ifaces[I].reg_inst.genblkJ.genblkK.s_axi_bvalid_reg	axi_crossbar_inst.axi_crossbar_wr_inst.s_ifaces[0].reg_inst.genblk3.genblk1.m_axi_bready_reg$_SDFF_PP0_/Q	axi_crossbar_inst.axi_crossbar_wr_inst.s_ifaces[0].reg_inst.genblk3.genblk1.s_axi_bvalid_reg$_SDFF_PP0_/D
814	0.3984	axi_crossbar_inst.axi_crossbar_rd_inst.s_ifaces[I].decerr_m_axi_rlast_reg	axi_crossbar_inst.axi_crossbar_rd_inst.s_ifaces[I].reg_inst.genblkJ.s_axi_rlast_reg	axi_crossbar_inst.axi_crossbar_rd_inst.s_ifaces[5].decerr_m_axi_rlast_reg$_DFFE_PP_/Q	axi_crossbar_inst.axi_crossbar_rd_inst.s_ifaces[5].reg_inst.genblk2.s_axi_rlast_reg$_DFFE_PP_/D
815	0.3994	axi_crossbar_inst.axi_crossbar_wr_inst.s_ifaces[I].addr_inst.trans_count_reg[J]	axi_crossbar_inst.axi_crossbar_wr_inst.s_ifaces[I].addr_inst.m_axi_avalid_reg	axi_crossbar_inst.axi_crossbar_wr_inst.s_ifaces[7].addr_inst.trans_count_reg[1]$_SDFFE_PP0P_/QN	axi_crossbar_inst.axi_crossbar_wr_inst.s_ifaces[7].addr_inst.m_axi_avalid_reg$_SDFF_PP0_/D
816	0.4002	axi_crossbar_inst.axi_crossbar_rd_inst.s_ifaces[I].addr_inst.m_axi_avalid_reg	axi_crossbar_inst.axi_crossbar_rd_inst.s_ifaces[I].addr_inst.m_axi_avalid_reg	axi_crossbar_inst.axi_crossbar_rd_inst.s_ifaces[3].addr_inst.m_axi_avalid_reg$_SDFF_PP0_/Q	axi_crossbar_inst.axi_crossbar_rd_inst.s_ifaces[3].addr_inst.m_axi_avalid_reg$_SDFF_PP0_/D
817	0.4005	axi_crossbar_inst.axi_crossbar_rd_inst.s_ifaces[I].addr_inst.m_axi_avalid_reg	axi_crossbar_inst.axi_crossbar_rd_inst.s_ifaces[I].addr_inst.s_axi_aready_reg	axi_crossbar_inst.axi_crossbar_rd_inst.s_ifaces[4].addr_inst.m_axi_avalid_reg$_SDFF_PP0_/Q	axi_crossbar_inst.axi_crossbar_rd_inst.s_ifaces[4].addr_inst.s_axi_aready_reg$_SDFF_PP0_/D
818	0.4015	axi_crossbar_inst.axi_crossbar_rd_inst.s_ifaces[I].reg_inst.genblkJ.s_axi_rvalid_reg	axi_crossbar_inst.axi_crossbar_rd_inst.s_ifaces[I].reg_inst.genblkJ.temp_s_axi_rvalid_reg	axi_crossbar_inst.axi_crossbar_rd_inst.s_ifaces[1].reg_inst.genblk2.s_axi_rvalid_reg$_SDFFE_PP0P_/QN	axi_crossbar_inst.axi_crossbar_rd_inst.s_ifaces[1].reg_inst.genblk2.temp_s_axi_rvalid_reg$_SDFFE_PP0P_/D
819	0.4045	axi_crossbar_inst.axi_crossbar_rd_inst.m_ifaces[I].reg_inst.genblkJ.genblkK.s_axi_arready_reg	axi_crossbar_inst.axi_crossbar_rd_inst.m_ifaces[I].reg_inst.genblkJ.genblkK.m_axi_arlock_reg	axi_crossbar_inst.axi_crossbar_rd_inst.m_ifaces[0].reg_inst.genblk1.genblk1.s_axi_arready_reg$_SDFF_PP0_/Q	axi_crossbar_inst.axi_crossbar_rd_inst.m_ifaces[0].reg_inst.genblk1.genblk1.m_axi_arlock_reg$_DFFE_PP_/D
820	0.4054	axi_crossbar_inst.axi_crossbar_wr_inst.s_ifaces[I].addr_inst.s_axi_aready_reg	axi_crossbar_inst.axi_crossbar_wr_inst.s_ifaces[I].addr_inst.m_select_reg[J]	axi_crossbar_inst.axi_crossbar_wr_inst.s_ifaces[6].addr_inst.s_axi_aready_reg$_SDFF_PP0_/QN	axi_crossbar_inst.axi_crossbar_wr_inst.s_ifaces[6].addr_inst.m_select_reg[2]$_DFF_P_/D
821	0.4072	axi_crossbar_inst.axi_crossbar_wr_inst.s_ifaces[I].addr_inst.state_reg[J]	axi_crossbar_inst.axi_crossbar_wr_inst.s_ifaces[I].addr_inst.m_decerr_reg	axi_crossbar_inst.axi_crossbar_wr_inst.s_ifaces[6].addr_inst.state_reg[1]$_SDFF_PP0_/QN	axi_crossbar_inst.axi_crossbar_wr_inst.s_ifaces[6].addr_inst.m_decerr_reg$_DFFE_PP_/D
822	0.4072	axi_crossbar_inst.axi_crossbar_rd_inst.s_ifaces[I].addr_inst.s_axi_aready_reg	axi_crossbar_inst.axi_crossbar_rd_inst.s_ifaces[I].addr_inst.m_select_reg[J]	axi_crossbar_inst.axi_crossbar_rd_inst.s_ifaces[2].addr_inst.s_axi_aready_reg$_SDFF_PP0_/QN	axi_crossbar_inst.axi_crossbar_rd_inst.s_ifaces[2].addr_inst.m_select_reg[2]$_DFF_P_/D
823	0.4077	axi_crossbar_inst.axi_crossbar_rd_inst.s_ifaces[I].addr_inst.state_reg[J]	axi_crossbar_inst.axi_crossbar_rd_inst.s_ifaces[I].addr_inst.m_decerr_reg	axi_crossbar_inst.axi_crossbar_rd_inst.s_ifaces[2].addr_inst.state_reg[1]$_SDFF_PP0_/QN	axi_crossbar_inst.axi_crossbar_rd_inst.s_ifaces[2].addr_inst.m_decerr_reg$_DFFE_PP_/D
824	0.4094	axi_crossbar_inst.axi_crossbar_wr_inst.m_ifaces[I].a_arb_inst.grant_valid_reg	axi_crossbar_inst.axi_crossbar_wr_inst.m_ifaces[I].reg_inst.genblkJ.genblkK.s_axi_awready_reg	axi_crossbar_inst.axi_crossbar_wr_inst.m_ifaces[1].a_arb_inst.grant_valid_reg$_SDFFE_PP0P_/Q	axi_crossbar_inst.axi_crossbar_wr_inst.m_ifaces[1].reg_inst.genblk1.genblk1.s_axi_awready_reg$_SDFF_PP0_/D
825	0.4108	axi_crossbar_inst.axi_crossbar_rd_inst.s_ifaces[I].addr_inst.state_reg[J]	axi_crossbar_inst.axi_crossbar_rd_inst.s_ifaces[I].addr_inst.m_axi_avalid_reg	axi_crossbar_inst.axi_crossbar_rd_inst.s_ifaces[7].addr_inst.state_reg[0]$_SDFF_PP0_/Q	axi_crossbar_inst.axi_crossbar_rd_inst.s_ifaces[7].addr_inst.m_axi_avalid_reg$_SDFF_PP0_/D
826	0.4109	axi_crossbar_inst.axi_crossbar_rd_inst.s_ifaces[I].r_arb_inst.grant_valid_reg	axi_crossbar_inst.axi_crossbar_rd_inst.s_ifaces[I].reg_inst.genblkJ.m_axi_rready_reg	axi_crossbar_inst.axi_crossbar_rd_inst.s_ifaces[2].r_arb_inst.grant_valid_reg$_SDFFE_PP0P_/Q	axi_crossbar_inst.axi_crossbar_rd_inst.s_ifaces[2].reg_inst.genblk2.m_axi_rready_reg$_SDFF_PP0_/D
827	0.4112	axi_crossbar_inst.axi_crossbar_wr_inst.s_ifaces[I].addr_inst.state_reg[J]	axi_crossbar_inst.axi_crossbar_wr_inst.s_ifaces[I].addr_inst.m_axi_avalid_reg	axi_crossbar_inst.axi_crossbar_wr_inst.s_ifaces[7].addr_inst.state_reg[0]$_SDFF_PP0_/Q	axi_crossbar_inst.axi_crossbar_wr_inst.s_ifaces[7].addr_inst.m_axi_avalid_reg$_SDFF_PP0_/D
828	0.4124	axi_crossbar_inst.axi_crossbar_wr_inst.s_ifaces[I].addr_inst.state_reg[J]	axi_crossbar_inst.axi_crossbar_wr_inst.s_ifaces[I].addr_inst.state_reg[J]	axi_crossbar_inst.axi_crossbar_wr_inst.s_ifaces[0].addr_inst.state_reg[0]$_SDFF_PP0_/Q	axi_crossbar_inst.axi_crossbar_wr_inst.s_ifaces[0].addr_inst.state_reg[0]$_SDFF_PP0_/D
829	0.4126	axi_crossbar_inst.axi_crossbar_wr_inst.s_ifaces[I].addr_inst.trans_count_reg[J]	axi_crossbar_inst.axi_crossbar_wr_inst.s_ifaces[I].addr_inst.m_rc_valid_reg	axi_crossbar_inst.axi_crossbar_wr_inst.s_ifaces[2].addr_inst.trans_count_reg[4]$_SDFFE_PP0P_/Q	axi_crossbar_inst.axi_crossbar_wr_inst.s_ifaces[2].addr_inst.m_rc_valid_reg$_SDFF_PP0_/D
830	0.4131	axi_crossbar_inst.axi_crossbar_wr_inst.s_ifaces[I].b_arb_inst.grant_valid_reg	axi_crossbar_inst.axi_crossbar_wr_inst.s_ifaces[I].decerr_m_axi_bvalid_reg	axi_crossbar_inst.axi_crossbar_wr_inst.s_ifaces[6].b_arb_inst.grant_valid_reg$_SDFFE_PP0P_/Q	axi_crossbar_inst.axi_crossbar_wr_inst.s_ifaces[6].decerr_m_axi_bvalid_reg$_SDFF_PP0_/D
831	0.4134	axi_crossbar_inst.axi_crossbar_wr_inst.s_ifaces[I].w_select_valid_reg	axi_crossbar_inst.axi_crossbar_wr_inst.s_ifaces[I].addr_inst.state_reg[J]	axi_crossbar_inst.axi_crossbar_wr_inst.s_ifaces[7].w_select_valid_reg$_SDFF_PP0_/Q	axi_crossbar_inst.axi_crossbar_wr_inst.s_ifaces[7].addr_inst.state_reg[1]$_SDFF_PP0_/D
832	0.4136	axi_crossbar_inst.axi_crossbar_wr_inst.m_ifaces[I].w_select_valid_reg	axi_crossbar_inst.axi_crossbar_wr_inst.m_ifaces[I].reg_inst.genblkJ.s_axi_wready_reg	axi_crossbar_inst.axi_crossbar_wr_inst.m_ifaces[7].w_select_valid_reg$_SDFF_PP0_/Q	axi_crossbar_inst.axi_crossbar_wr_inst.m_ifaces[7].reg_inst.genblk2.s_axi_wready_reg$_SDFF_PP0_/D
833	0.4139	axi_crossbar_inst.axi_crossbar_rd_inst.s_ifaces[I].addr_inst.state_reg[J]	axi_crossbar_inst.axi_crossbar_rd_inst.s_ifaces[I].addr_inst.m_rc_valid_reg	axi_crossbar_inst.axi_crossbar_rd_inst.s_ifaces[7].addr_inst.state_reg[0]$_SDFF_PP0_/Q	axi_crossbar_inst.axi_crossbar_rd_inst.s_ifaces[7].addr_inst.m_rc_valid_reg$_SDFF_PP0_/D
834	0.4163	axi_crossbar_inst.axi_crossbar_wr_inst.m_ifaces[I].reg_inst.genblkJ.m_axi_wvalid_reg	axi_crossbar_inst.axi_crossbar_wr_inst.m_ifaces[I].reg_inst.genblkJ.m_axi_wvalid_reg	axi_crossbar_inst.axi_crossbar_wr_inst.m_ifaces[3].reg_inst.genblk2.m_axi_wvalid_reg$_SDFFE_PP0P_/QN	axi_crossbar_inst.axi_crossbar_wr_inst.m_ifaces[3].reg_inst.genblk2.m_axi_wvalid_reg$_SDFFE_PP0P_/D
835	0.4192	axi_crossbar_inst.axi_crossbar_wr_inst.s_ifaces[I].decerr_m_axi_bid_reg[J]	axi_crossbar_inst.axi_crossbar_wr_inst.s_ifaces[I].reg_inst.genblkJ.genblkK.s_axi_bid_reg[L]	axi_crossbar_inst.axi_crossbar_wr_inst.s_ifaces[2].decerr_m_axi_bid_reg[5]$_DFFE_PP_/Q	axi_crossbar_inst.axi_crossbar_wr_inst.s_ifaces[2].reg_inst.genblk3.genblk1.s_axi_bid_reg[5]$_DFFE_PP_/D
836	0.4196	axi_crossbar_inst.axi_crossbar_wr_inst.s_ifaces[I].addr_inst.state_reg[J]	axi_crossbar_inst.axi_crossbar_wr_inst.s_ifaces[I].addr_inst.m_rc_valid_reg	axi_crossbar_inst.axi_crossbar_wr_inst.s_ifaces[0].addr_inst.state_reg[0]$_SDFF_PP0_/Q	axi_crossbar_inst.axi_crossbar_wr_inst.s_ifaces[0].addr_inst.m_rc_valid_reg$_SDFF_PP0_/D
837	0.4210	axi_crossbar_inst.axi_crossbar_wr_inst.m_ifaces[I].w_select_valid_reg	axi_crossbar_inst.axi_crossbar_wr_inst.m_ifaces[I].reg_inst.genblkJ.m_axi_wvalid_reg	axi_crossbar_inst.axi_crossbar_wr_inst.m_ifaces[5].w_select_valid_reg$_SDFF_PP0_/Q	axi_crossbar_inst.axi_crossbar_wr_inst.m_ifaces[5].reg_inst.genblk2.m_axi_wvalid_reg$_SDFFE_PP0P_/D
838	0.4210	axi_crossbar_inst.axi_crossbar_rd_inst.s_ifaces[I].decerr_m_axi_rid_reg[J]	axi_crossbar_inst.axi_crossbar_rd_inst.s_ifaces[I].reg_inst.genblkJ.s_axi_rid_reg[K]	axi_crossbar_inst.axi_crossbar_rd_inst.s_ifaces[1].decerr_m_axi_rid_reg[0]$_DFFE_PP_/Q	axi_crossbar_inst.axi_crossbar_rd_inst.s_ifaces[1].reg_inst.genblk2.s_axi_rid_reg[0]$_DFFE_PP_/D
839	0.4213	axi_crossbar_inst.axi_crossbar_wr_inst.s_ifaces[I].w_select_valid_reg	axi_crossbar_inst.axi_crossbar_wr_inst.s_ifaces[I].addr_inst.s_axi_aready_reg	axi_crossbar_inst.axi_crossbar_wr_inst.s_ifaces[7].w_select_valid_reg$_SDFF_PP0_/Q	axi_crossbar_inst.axi_crossbar_wr_inst.s_ifaces[7].addr_inst.s_axi_aready_reg$_SDFF_PP0_/D
840	0.4214	axi_crossbar_inst.axi_crossbar_wr_inst.s_ifaces[I].b_arb_inst.grant_valid_reg	axi_crossbar_inst.axi_crossbar_wr_inst.s_ifaces[I].reg_inst.genblkJ.genblkK.m_axi_bready_reg	axi_crossbar_inst.axi_crossbar_wr_inst.s_ifaces[2].b_arb_inst.grant_valid_reg$_SDFFE_PP0P_/Q	axi_crossbar_inst.axi_crossbar_wr_inst.s_ifaces[2].reg_inst.genblk3.genblk1.m_axi_bready_reg$_SDFF_PP0_/D
841	0.4248	axi_crossbar_inst.axi_crossbar_wr_inst.m_ifaces[I].a_arb_inst.grant_valid_reg	axi_crossbar_inst.axi_crossbar_wr_inst.m_ifaces[I].w_select_new_reg	axi_crossbar_inst.axi_crossbar_wr_inst.m_ifaces[5].a_arb_inst.grant_valid_reg$_SDFFE_PP0P_/Q	axi_crossbar_inst.axi_crossbar_wr_inst.m_ifaces[5].w_select_new_reg$_SDFF_PP1_/D
842	0.4283	axi_crossbar_inst.axi_crossbar_rd_inst.s_ifaces[I].r_arb_inst.grant_valid_reg	axi_crossbar_inst.axi_crossbar_rd_inst.s_ifaces[I].reg_inst.genblkJ.s_axi_rvalid_reg	axi_crossbar_inst.axi_crossbar_rd_inst.s_ifaces[2].r_arb_inst.grant_valid_reg$_SDFFE_PP0P_/Q	axi_crossbar_inst.axi_crossbar_rd_inst.s_ifaces[2].reg_inst.genblk2.s_axi_rvalid_reg$_SDFFE_PP0P_/D
843	0.4302	axi_crossbar_inst.axi_crossbar_wr_inst.s_ifaces[I].addr_inst.m_decerr_reg	axi_crossbar_inst.axi_crossbar_wr_inst.s_ifaces[I].addr_inst.state_reg[J]	axi_crossbar_inst.axi_crossbar_wr_inst.s_ifaces[6].addr_inst.m_decerr_reg$_DFFE_PP_/Q	axi_crossbar_inst.axi_crossbar_wr_inst.s_ifaces[6].addr_inst.state_reg[0]$_SDFF_PP0_/D
844	0.4308	axi_crossbar_inst.axi_crossbar_wr_inst.s_ifaces[I].b_arb_inst.grant_valid_reg	axi_crossbar_inst.axi_crossbar_wr_inst.s_ifaces[I].reg_inst.genblkJ.genblkK.s_axi_bvalid_reg	axi_crossbar_inst.axi_crossbar_wr_inst.s_ifaces[5].b_arb_inst.grant_valid_reg$_SDFFE_PP0P_/Q	axi_crossbar_inst.axi_crossbar_wr_inst.s_ifaces[5].reg_inst.genblk3.genblk1.s_axi_bvalid_reg$_SDFF_PP0_/D
845	0.4346	axi_crossbar_inst.axi_crossbar_rd_inst.s_ifaces[I].addr_inst.m_rc_valid_reg	axi_crossbar_inst.axi_crossbar_rd_inst.s_ifaces[I].addr_inst.state_reg[J]	axi_crossbar_inst.axi_crossbar_rd_inst.s_ifaces[0].addr_inst.m_rc_valid_reg$_SDFF_PP0_/Q	axi_crossbar_inst.axi_crossbar_rd_inst.s_ifaces[0].addr_inst.state_reg[1]$_SDFF_PP0_/D
846	0.4348	axi_crossbar_inst.axi_crossbar_rd_inst.s_ifaces[I].addr_inst.m_rc_valid_reg	axi_crossbar_inst.axi_crossbar_rd_inst.s_ifaces[I].decerr_m_axi_rvalid_reg	axi_crossbar_inst.axi_crossbar_rd_inst.s_ifaces[7].addr_inst.m_rc_valid_reg$_SDFF_PP0_/Q	axi_crossbar_inst.axi_crossbar_rd_inst.s_ifaces[7].decerr_m_axi_rvalid_reg$_SDFF_PP0_/D
847	0.4348	axi_crossbar_inst.axi_crossbar_rd_inst.s_ifaces[I].reg_inst.genblkJ.s_axi_rvalid_reg	axi_crossbar_inst.axi_crossbar_rd_inst.s_ifaces[I].reg_inst.genblkJ.m_axi_rready_reg	axi_crossbar_inst.axi_crossbar_rd_inst.s_ifaces[2].reg_inst.genblk2.s_axi_rvalid_reg$_SDFFE_PP0P_/QN	axi_crossbar_inst.axi_crossbar_rd_inst.s_ifaces[2].reg_inst.genblk2.m_axi_rready_reg$_SDFF_PP0_/D
848	0.4350	axi_crossbar_inst.axi_crossbar_wr_inst.m_ifaces[I].a_arb_inst.grant_valid_reg	axi_crossbar_inst.axi_crossbar_wr_inst.m_ifaces[I].w_select_reg[J]	axi_crossbar_inst.axi_crossbar_wr_inst.m_ifaces[4].a_arb_inst.grant_valid_reg$_SDFFE_PP0P_/Q	axi_crossbar_inst.axi_crossbar_wr_inst.m_ifaces[4].w_select_reg[0]$_DFFE_PP_/D
849	0.4359	axi_crossbar_inst.axi_crossbar_rd_inst.m_ifaces[I].a_arb_inst.grant_valid_reg	axi_crossbar_inst.axi_crossbar_rd_inst.m_ifaces[I].reg_inst.genblkJ.genblkK.m_axi_arvalid_reg	axi_crossbar_inst.axi_crossbar_rd_inst.m_ifaces[0].a_arb_inst.grant_valid_reg$_SDFFE_PP0P_/Q	axi_crossbar_inst.axi_crossbar_rd_inst.m_ifaces[0].reg_inst.genblk1.genblk1.m_axi_arvalid_reg$_SDFF_PP0_/D
850	0.4367	axi_crossbar_inst.axi_crossbar_wr_inst.s_ifaces[I].w_drop_reg	axi_crossbar_inst.axi_crossbar_wr_inst.s_ifaces[I].w_drop_reg	axi_crossbar_inst.axi_crossbar_wr_inst.s_ifaces[5].w_drop_reg$_DFF_P_/Q	axi_crossbar_inst.axi_crossbar_wr_inst.s_ifaces[5].w_drop_reg$_DFF_P_/D
851	0.4369	axi_crossbar_inst.axi_crossbar_rd_inst.s_ifaces[I].addr_inst.m_rc_valid_reg	axi_crossbar_inst.axi_crossbar_rd_inst.s_ifaces[I].decerr_m_axi_rid_reg[J]	axi_crossbar_inst.axi_crossbar_rd_inst.s_ifaces[1].addr_inst.m_rc_valid_reg$_SDFF_PP0_/Q	axi_crossbar_inst.axi_crossbar_rd_inst.s_ifaces[1].decerr_m_axi_rid_reg[0]$_DFFE_PP_/D
852	0.4369	axi_crossbar_inst.axi_crossbar_wr_inst.s_ifaces[I].addr_inst.m_rc_valid_reg	axi_crossbar_inst.axi_crossbar_wr_inst.s_ifaces[I].decerr_m_axi_bvalid_reg	axi_crossbar_inst.axi_crossbar_wr_inst.s_ifaces[6].addr_inst.m_rc_valid_reg$_SDFF_PP0_/Q	axi_crossbar_inst.axi_crossbar_wr_inst.s_ifaces[6].decerr_m_axi_bvalid_reg$_SDFF_PP0_/D
853	0.4382	axi_crossbar_inst.axi_crossbar_wr_inst.s_ifaces[I].addr_inst.state_reg[J]	axi_crossbar_inst.axi_crossbar_wr_inst.s_ifaces[I].addr_inst.m_wc_valid_reg	axi_crossbar_inst.axi_crossbar_wr_inst.s_ifaces[0].addr_inst.state_reg[0]$_SDFF_PP0_/Q	axi_crossbar_inst.axi_crossbar_wr_inst.s_ifaces[0].addr_inst.m_wc_valid_reg$_SDFF_PP0_/D
854	0.4394	axi_crossbar_inst.axi_crossbar_rd_inst.s_ifaces[I].decerr_m_axi_rlast_reg	axi_crossbar_inst.axi_crossbar_rd_inst.s_ifaces[I].reg_inst.genblkJ.temp_s_axi_rlast_reg	axi_crossbar_inst.axi_crossbar_rd_inst.s_ifaces[5].decerr_m_axi_rlast_reg$_DFFE_PP_/Q	axi_crossbar_inst.axi_crossbar_rd_inst.s_ifaces[5].reg_inst.genblk2.temp_s_axi_rlast_reg$_DFFE_PP_/D
855	0.4404	axi_crossbar_inst.axi_crossbar_wr_inst.s_ifaces[I].decerr_m_axi_bvalid_reg	axi_crossbar_inst.axi_crossbar_wr_inst.s_ifaces[I].addr_inst.s_axi_aready_reg	axi_crossbar_inst.axi_crossbar_wr_inst.s_ifaces[6].decerr_m_axi_bvalid_reg$_SDFF_PP0_/Q	axi_crossbar_inst.axi_crossbar_wr_inst.s_ifaces[6].addr_inst.s_axi_aready_reg$_SDFF_PP0_/D
856	0.4407	axi_crossbar_inst.axi_crossbar_wr_inst.m_ifaces[I].reg_inst.genblkJ.m_axi_wvalid_reg	axi_crossbar_inst.axi_crossbar_wr_inst.m_ifaces[I].reg_inst.genblkJ.s_axi_wready_reg	axi_crossbar_inst.axi_crossbar_wr_inst.m_ifaces[7].reg_inst.genblk2.m_axi_wvalid_reg$_SDFFE_PP0P_/QN	axi_crossbar_inst.axi_crossbar_wr_inst.m_ifaces[7].reg_inst.genblk2.s_axi_wready_reg$_SDFF_PP0_/D
857	0.4420	axi_crossbar_inst.axi_crossbar_wr_inst.s_ifaces[I].w_select_reg[J]	axi_crossbar_inst.axi_crossbar_wr_inst.s_ifaces[I].w_select_reg[J]	axi_crossbar_inst.axi_crossbar_wr_inst.s_ifaces[2].w_select_reg[0]$_DFFE_PP_/Q	axi_crossbar_inst.axi_crossbar_wr_inst.s_ifaces[2].w_select_reg[0]$_DFFE_PP_/D
858	0.4445	axi_crossbar_inst.axi_crossbar_rd_inst.m_ifaces[I].a_arb_inst.grant_valid_reg	axi_crossbar_inst.axi_crossbar_rd_inst.m_ifaces[I].reg_inst.genblkJ.genblkK.s_axi_arready_reg	axi_crossbar_inst.axi_crossbar_rd_inst.m_ifaces[5].a_arb_inst.grant_valid_reg$_SDFFE_PP0P_/Q	axi_crossbar_inst.axi_crossbar_rd_inst.m_ifaces[5].reg_inst.genblk1.genblk1.s_axi_arready_reg$_SDFF_PP0_/D
859	0.4457	axi_crossbar_inst.axi_crossbar_rd_inst.s_ifaces[I].addr_inst.m_decerr_reg	axi_crossbar_inst.axi_crossbar_rd_inst.s_ifaces[I].addr_inst.state_reg[J]	axi_crossbar_inst.axi_crossbar_rd_inst.s_ifaces[7].addr_inst.m_decerr_reg$_DFFE_PP_/Q	axi_crossbar_inst.axi_crossbar_rd_inst.s_ifaces[7].addr_inst.state_reg[0]$_SDFF_PP0_/D
860	0.4489	axi_crossbar_inst.axi_crossbar_wr_inst.s_ifaces[I].addr_inst.m_wc_valid_reg	axi_crossbar_inst.axi_crossbar_wr_inst.s_ifaces[I].addr_inst.state_reg[J]	axi_crossbar_inst.axi_crossbar_wr_inst.s_ifaces[7].addr_inst.m_wc_valid_reg$_SDFF_PP0_/Q	axi_crossbar_inst.axi_crossbar_wr_inst.s_ifaces[7].addr_inst.state_reg[1]$_SDFF_PP0_/D
861	0.4489	axi_crossbar_inst.axi_crossbar_wr_inst.s_ifaces[I].decerr_m_axi_bvalid_reg	axi_crossbar_inst.axi_crossbar_wr_inst.s_ifaces[I].decerr_m_axi_bvalid_reg	axi_crossbar_inst.axi_crossbar_wr_inst.s_ifaces[5].decerr_m_axi_bvalid_reg$_SDFF_PP0_/Q	axi_crossbar_inst.axi_crossbar_wr_inst.s_ifaces[5].decerr_m_axi_bvalid_reg$_SDFF_PP0_/D
862	0.4520	axi_crossbar_inst.axi_crossbar_rd_inst.s_ifaces[I].reg_inst.genblkJ.s_axi_rvalid_reg	axi_crossbar_inst.axi_crossbar_rd_inst.s_ifaces[I].reg_inst.genblkJ.s_axi_rvalid_reg	axi_crossbar_inst.axi_crossbar_rd_inst.s_ifaces[3].reg_inst.genblk2.s_axi_rvalid_reg$_SDFFE_PP0P_/QN	axi_crossbar_inst.axi_crossbar_rd_inst.s_ifaces[3].reg_inst.genblk2.s_axi_rvalid_reg$_SDFFE_PP0P_/D
863	0.4520	axi_crossbar_inst.axi_crossbar_wr_inst.s_ifaces[I].addr_inst.s_axi_aready_reg	axi_crossbar_inst.axi_crossbar_wr_inst.s_ifaces[I].addr_inst.m_decerr_reg	axi_crossbar_inst.axi_crossbar_wr_inst.s_ifaces[6].addr_inst.s_axi_aready_reg$_SDFF_PP0_/QN	axi_crossbar_inst.axi_crossbar_wr_inst.s_ifaces[6].addr_inst.m_decerr_reg$_DFFE_PP_/D
864	0.4526	axi_crossbar_inst.axi_crossbar_rd_inst.s_ifaces[I].addr_inst.s_axi_aready_reg	axi_crossbar_inst.axi_crossbar_rd_inst.s_ifaces[I].addr_inst.m_decerr_reg	axi_crossbar_inst.axi_crossbar_rd_inst.s_ifaces[2].addr_inst.s_axi_aready_reg$_SDFF_PP0_/QN	axi_crossbar_inst.axi_crossbar_rd_inst.s_ifaces[2].addr_inst.m_decerr_reg$_DFFE_PP_/D
865	0.4548	axi_crossbar_inst.axi_crossbar_wr_inst.m_ifaces[I].reg_inst.genblkJ.genblkK.m_axi_awvalid_reg	axi_crossbar_inst.axi_crossbar_wr_inst.m_ifaces[I].reg_inst.genblkJ.genblkK.s_axi_awready_reg	axi_crossbar_inst.axi_crossbar_wr_inst.m_ifaces[3].reg_inst.genblk1.genblk1.m_axi_awvalid_reg$_SDFF_PP0_/Q	axi_crossbar_inst.axi_crossbar_wr_inst.m_ifaces[3].reg_inst.genblk1.genblk1.s_axi_awready_reg$_SDFF_PP0_/D
866	0.4549	axi_crossbar_inst.axi_crossbar_wr_inst.s_ifaces[I].reg_inst.genblkJ.genblkK.s_axi_bvalid_reg	axi_crossbar_inst.axi_crossbar_wr_inst.s_ifaces[I].reg_inst.genblkJ.genblkK.m_axi_bready_reg	axi_crossbar_inst.axi_crossbar_wr_inst.s_ifaces[7].reg_inst.genblk3.genblk1.s_axi_bvalid_reg$_SDFF_PP0_/Q	axi_crossbar_inst.axi_crossbar_wr_inst.s_ifaces[7].reg_inst.genblk3.genblk1.m_axi_bready_reg$_SDFF_PP0_/D
867	0.4549	axi_crossbar_inst.axi_crossbar_rd_inst.m_ifaces[I].reg_inst.genblkJ.genblkK.m_axi_arvalid_reg	axi_crossbar_inst.axi_crossbar_rd_inst.m_ifaces[I].reg_inst.genblkJ.genblkK.s_axi_arready_reg	axi_crossbar_inst.axi_crossbar_rd_inst.m_ifaces[3].reg_inst.genblk1.genblk1.m_axi_arvalid_reg$_SDFF_PP0_/Q	axi_crossbar_inst.axi_crossbar_rd_inst.m_ifaces[3].reg_inst.genblk1.genblk1.s_axi_arready_reg$_SDFF_PP0_/D
868	0.4553	axi_crossbar_inst.axi_crossbar_wr_inst.s_ifaces[I].w_drop_reg	axi_crossbar_inst.axi_crossbar_wr_inst.s_ifaces[I].w_select_valid_reg	axi_crossbar_inst.axi_crossbar_wr_inst.s_ifaces[5].w_drop_reg$_DFF_P_/Q	axi_crossbar_inst.axi_crossbar_wr_inst.s_ifaces[5].w_select_valid_reg$_SDFF_PP0_/D
869	0.4568	axi_crossbar_inst.axi_crossbar_wr_inst.s_ifaces[I].addr_inst.m_wc_valid_reg	axi_crossbar_inst.axi_crossbar_wr_inst.s_ifaces[I].addr_inst.s_axi_aready_reg	axi_crossbar_inst.axi_crossbar_wr_inst.s_ifaces[7].addr_inst.m_wc_valid_reg$_SDFF_PP0_/Q	axi_crossbar_inst.axi_crossbar_wr_inst.s_ifaces[7].addr_inst.s_axi_aready_reg$_SDFF_PP0_/D
870	0.4576	axi_crossbar_inst.axi_crossbar_wr_inst.m_ifaces[I].w_select_new_reg	axi_crossbar_inst.axi_crossbar_wr_inst.m_ifaces[I].w_select_new_reg	axi_crossbar_inst.axi_crossbar_wr_inst.m_ifaces[5].w_select_new_reg$_SDFF_PP1_/Q	axi_crossbar_inst.axi_crossbar_wr_inst.m_ifaces[5].w_select_new_reg$_SDFF_PP1_/D
871	0.4587	axi_crossbar_inst.axi_crossbar_wr_inst.s_ifaces[I].addr_inst.m_rc_valid_reg	axi_crossbar_inst.axi_crossbar_wr_inst.s_ifaces[I].decerr_m_axi_bid_reg[J]	axi_crossbar_inst.axi_crossbar_wr_inst.s_ifaces[0].addr_inst.m_rc_valid_reg$_SDFF_PP0_/Q	axi_crossbar_inst.axi_crossbar_wr_inst.s_ifaces[0].decerr_m_axi_bid_reg[0]$_DFFE_PP_/D
872	0.4599	axi_crossbar_inst.axi_crossbar_wr_inst.s_ifaces[I].addr_inst.m_decerr_reg	axi_crossbar_inst.axi_crossbar_wr_inst.s_ifaces[I].addr_inst.m_wc_valid_reg	axi_crossbar_inst.axi_crossbar_wr_inst.s_ifaces[6].addr_inst.m_decerr_reg$_DFFE_PP_/Q	axi_crossbar_inst.axi_crossbar_wr_inst.s_ifaces[6].addr_inst.m_wc_valid_reg$_SDFF_PP0_/D
873	0.4616	axi_crossbar_inst.axi_crossbar_wr_inst.m_ifaces[I].reg_inst.genblkJ.temp_m_axi_wvalid_reg	axi_crossbar_inst.axi_crossbar_wr_inst.m_ifaces[I].reg_inst.genblkJ.m_axi_wvalid_reg	axi_crossbar_inst.axi_crossbar_wr_inst.m_ifaces[6].reg_inst.genblk2.temp_m_axi_wvalid_reg$_SDFFE_PP0P_/Q	axi_crossbar_inst.axi_crossbar_wr_inst.m_ifaces[6].reg_inst.genblk2.m_axi_wvalid_reg$_SDFFE_PP0P_/D
874	0.4621	axi_crossbar_inst.axi_crossbar_rd_inst.s_ifaces[I].addr_inst.state_reg[J]	axi_crossbar_inst.axi_crossbar_rd_inst.s_ifaces[I].addr_inst.s_axi_aready_reg	axi_crossbar_inst.axi_crossbar_rd_inst.s_ifaces[5].addr_inst.state_reg[1]$_SDFF_PP0_/Q	axi_crossbar_inst.axi_crossbar_rd_inst.s_ifaces[5].addr_inst.s_axi_aready_reg$_SDFF_PP0_/D
875	0.4654	axi_crossbar_inst.axi_crossbar_wr_inst.s_ifaces[I].addr_inst.m_rc_valid_reg	axi_crossbar_inst.axi_crossbar_wr_inst.s_ifaces[I].addr_inst.state_reg[J]	axi_crossbar_inst.axi_crossbar_wr_inst.s_ifaces[7].addr_inst.m_rc_valid_reg$_SDFF_PP0_/Q	axi_crossbar_inst.axi_crossbar_wr_inst.s_ifaces[7].addr_inst.state_reg[1]$_SDFF_PP0_/D
876	0.4654	axi_crossbar_inst.axi_crossbar_rd_inst.m_ifaces[I].reg_inst.genblkJ.genblkK.m_axi_arvalid_reg	axi_crossbar_inst.axi_crossbar_rd_inst.m_ifaces[I].reg_inst.genblkJ.genblkK.m_axi_arvalid_reg	axi_crossbar_inst.axi_crossbar_rd_inst.m_ifaces[3].reg_inst.genblk1.genblk1.m_axi_arvalid_reg$_SDFF_PP0_/Q	axi_crossbar_inst.axi_crossbar_rd_inst.m_ifaces[3].reg_inst.genblk1.genblk1.m_axi_arvalid_reg$_SDFF_PP0_/D
877	0.4654	axi_crossbar_inst.axi_crossbar_wr_inst.m_ifaces[I].reg_inst.genblkJ.genblkK.m_axi_awvalid_reg	axi_crossbar_inst.axi_crossbar_wr_inst.m_ifaces[I].reg_inst.genblkJ.genblkK.m_axi_awvalid_reg	axi_crossbar_inst.axi_crossbar_wr_inst.m_ifaces[2].reg_inst.genblk1.genblk1.m_axi_awvalid_reg$_SDFF_PP0_/Q	axi_crossbar_inst.axi_crossbar_wr_inst.m_ifaces[2].reg_inst.genblk1.genblk1.m_axi_awvalid_reg$_SDFF_PP0_/D
878	0.4654	axi_crossbar_inst.axi_crossbar_wr_inst.s_ifaces[I].reg_inst.genblkJ.genblkK.s_axi_bvalid_reg	axi_crossbar_inst.axi_crossbar_wr_inst.s_ifaces[I].reg_inst.genblkJ.genblkK.s_axi_bvalid_reg	axi_crossbar_inst.axi_crossbar_wr_inst.s_ifaces[1].reg_inst.genblk3.genblk1.s_axi_bvalid_reg$_SDFF_PP0_/Q	axi_crossbar_inst.axi_crossbar_wr_inst.s_ifaces[1].reg_inst.genblk3.genblk1.s_axi_bvalid_reg$_SDFF_PP0_/D
879	0.4669	axi_crossbar_inst.axi_crossbar_wr_inst.m_ifaces[I].w_select_new_reg	axi_crossbar_inst.axi_crossbar_wr_inst.m_ifaces[I].w_select_reg[J]	axi_crossbar_inst.axi_crossbar_wr_inst.m_ifaces[7].w_select_new_reg$_SDFF_PP1_/Q	axi_crossbar_inst.axi_crossbar_wr_inst.m_ifaces[7].w_select_reg[0]$_DFFE_PP_/D
880	0.4670	axi_crossbar_inst.axi_crossbar_rd_inst.s_ifaces[I].decerr_m_axi_rid_reg[J]	axi_crossbar_inst.axi_crossbar_rd_inst.s_ifaces[I].reg_inst.genblkJ.temp_s_axi_rid_reg[K]	axi_crossbar_inst.axi_crossbar_rd_inst.s_ifaces[2].decerr_m_axi_rid_reg[5]$_DFFE_PP_/Q	axi_crossbar_inst.axi_crossbar_rd_inst.s_ifaces[2].reg_inst.genblk2.temp_s_axi_rid_reg[5]$_DFFE_PP_/D
881	0.4675	axi_crossbar_inst.axi_crossbar_rd_inst.s_ifaces[I].addr_inst.m_decerr_reg	axi_crossbar_inst.axi_crossbar_rd_inst.s_ifaces[I].addr_inst.m_axi_avalid_reg	axi_crossbar_inst.axi_crossbar_rd_inst.s_ifaces[7].addr_inst.m_decerr_reg$_DFFE_PP_/Q	axi_crossbar_inst.axi_crossbar_rd_inst.s_ifaces[7].addr_inst.m_axi_avalid_reg$_SDFF_PP0_/D
882	0.4709	axi_crossbar_inst.axi_crossbar_wr_inst.s_ifaces[I].addr_inst.m_decerr_reg	axi_crossbar_inst.axi_crossbar_wr_inst.s_ifaces[I].addr_inst.m_axi_avalid_reg	axi_crossbar_inst.axi_crossbar_wr_inst.s_ifaces[6].addr_inst.m_decerr_reg$_DFFE_PP_/Q	axi_crossbar_inst.axi_crossbar_wr_inst.s_ifaces[6].addr_inst.m_axi_avalid_reg$_SDFF_PP0_/D
883	0.4713	axi_crossbar_inst.axi_crossbar_rd_inst.s_ifaces[I].decerr_m_axi_rvalid_reg	axi_crossbar_inst.axi_crossbar_rd_inst.s_ifaces[I].decerr_m_axi_rid_reg[J]	axi_crossbar_inst.axi_crossbar_rd_inst.s_ifaces[7].decerr_m_axi_rvalid_reg$_SDFF_PP0_/QN	axi_crossbar_inst.axi_crossbar_rd_inst.s_ifaces[7].decerr_m_axi_rid_reg[0]$_DFFE_PP_/D
884	0.4718	axi_crossbar_inst.axi_crossbar_rd_inst.s_ifaces[I].addr_inst.m_rc_valid_reg	axi_crossbar_inst.axi_crossbar_rd_inst.s_ifaces[I].addr_inst.s_axi_aready_reg	axi_crossbar_inst.axi_crossbar_rd_inst.s_ifaces[5].addr_inst.m_rc_valid_reg$_SDFF_PP0_/Q	axi_crossbar_inst.axi_crossbar_rd_inst.s_ifaces[5].addr_inst.s_axi_aready_reg$_SDFF_PP0_/D
885	0.4733	axi_crossbar_inst.axi_crossbar_wr_inst.s_ifaces[I].addr_inst.m_rc_valid_reg	axi_crossbar_inst.axi_crossbar_wr_inst.s_ifaces[I].addr_inst.s_axi_aready_reg	axi_crossbar_inst.axi_crossbar_wr_inst.s_ifaces[7].addr_inst.m_rc_valid_reg$_SDFF_PP0_/Q	axi_crossbar_inst.axi_crossbar_wr_inst.s_ifaces[7].addr_inst.s_axi_aready_reg$_SDFF_PP0_/D
886	0.4772	axi_crossbar_inst.axi_crossbar_wr_inst.s_ifaces[I].addr_inst.m_wc_valid_reg	axi_crossbar_inst.axi_crossbar_wr_inst.s_ifaces[I].w_select_reg[J]	axi_crossbar_inst.axi_crossbar_wr_inst.s_ifaces[1].addr_inst.m_wc_valid_reg$_SDFF_PP0_/Q	axi_crossbar_inst.axi_crossbar_wr_inst.s_ifaces[1].w_select_reg[0]$_DFFE_PP_/D
887	0.4798	axi_crossbar_inst.axi_crossbar_rd_inst.s_ifaces[I].reg_inst.genblkJ.temp_s_axi_rdata_reg[K]	axi_crossbar_inst.axi_crossbar_rd_inst.s_ifaces[I].reg_inst.genblkJ.s_axi_rdata_reg[K]	axi_crossbar_inst.axi_crossbar_rd_inst.s_ifaces[3].reg_inst.genblk2.temp_s_axi_rdata_reg[10]$_DFFE_PP_/Q	axi_crossbar_inst.axi_crossbar_rd_inst.s_ifaces[3].reg_inst.genblk2.s_axi_rdata_reg[10]$_DFFE_PP_/D
888	0.4803	axi_crossbar_inst.axi_crossbar_wr_inst.m_ifaces[I].reg_inst.genblkJ.temp_m_axi_wlast_reg	axi_crossbar_inst.axi_crossbar_wr_inst.m_ifaces[I].reg_inst.genblkJ.m_axi_wlast_reg	axi_crossbar_inst.axi_crossbar_wr_inst.m_ifaces[1].reg_inst.genblk2.temp_m_axi_wlast_reg$_DFFE_PP_/Q	axi_crossbar_inst.axi_crossbar_wr_inst.m_ifaces[1].reg_inst.genblk2.m_axi_wlast_reg$_DFFE_PP_/D
889	0.4805	axi_crossbar_inst.axi_crossbar_rd_inst.s_ifaces[I].addr_inst.m_rc_valid_reg	axi_crossbar_inst.axi_crossbar_rd_inst.s_ifaces[I].addr_inst.m_rc_valid_reg	axi_crossbar_inst.axi_crossbar_rd_inst.s_ifaces[6].addr_inst.m_rc_valid_reg$_SDFF_PP0_/Q	axi_crossbar_inst.axi_crossbar_rd_inst.s_ifaces[6].addr_inst.m_rc_valid_reg$_SDFF_PP0_/D
890	0.4806	axi_crossbar_inst.axi_crossbar_wr_inst.m_ifaces[I].reg_inst.genblkJ.temp_m_axi_wdata_reg[K]	axi_crossbar_inst.axi_crossbar_wr_inst.m_ifaces[I].reg_inst.genblkJ.m_axi_wdata_reg[K]	axi_crossbar_inst.axi_crossbar_wr_inst.m_ifaces[3].reg_inst.genblk2.temp_m_axi_wdata_reg[10]$_DFFE_PP_/Q	axi_crossbar_inst.axi_crossbar_wr_inst.m_ifaces[3].reg_inst.genblk2.m_axi_wdata_reg[10]$_DFFE_PP_/D
891	0.4807	axi_crossbar_inst.axi_crossbar_wr_inst.m_ifaces[I].reg_inst.genblkJ.temp_m_axi_wstrb_reg[K]	axi_crossbar_inst.axi_crossbar_wr_inst.m_ifaces[I].reg_inst.genblkJ.m_axi_wstrb_reg[K]	axi_crossbar_inst.axi_crossbar_wr_inst.m_ifaces[3].reg_inst.genblk2.temp_m_axi_wstrb_reg[1]$_DFFE_PP_/Q	axi_crossbar_inst.axi_crossbar_wr_inst.m_ifaces[3].reg_inst.genblk2.m_axi_wstrb_reg[1]$_DFFE_PP_/D
892	0.4808	axi_crossbar_inst.axi_crossbar_wr_inst.s_ifaces[I].decerr_m_axi_bvalid_reg	axi_crossbar_inst.axi_crossbar_wr_inst.s_ifaces[I].decerr_m_axi_bid_reg[J]	axi_crossbar_inst.axi_crossbar_wr_inst.s_ifaces[0].decerr_m_axi_bvalid_reg$_SDFF_PP0_/QN	axi_crossbar_inst.axi_crossbar_wr_inst.s_ifaces[0].decerr_m_axi_bid_reg[0]$_DFFE_PP_/D
893	0.4809	axi_crossbar_inst.axi_crossbar_wr_inst.s_ifaces[I].addr_inst.state_reg[J]	axi_crossbar_inst.axi_crossbar_wr_inst.s_ifaces[I].addr_inst.s_axi_aready_reg	axi_crossbar_inst.axi_crossbar_wr_inst.s_ifaces[6].addr_inst.state_reg[1]$_SDFF_PP0_/Q	axi_crossbar_inst.axi_crossbar_wr_inst.s_ifaces[6].addr_inst.s_axi_aready_reg$_SDFF_PP0_/D
894	0.4811	axi_crossbar_inst.axi_crossbar_wr_inst.s_ifaces[I].addr_inst.m_wc_valid_reg	axi_crossbar_inst.axi_crossbar_wr_inst.s_ifaces[I].w_drop_reg	axi_crossbar_inst.axi_crossbar_wr_inst.s_ifaces[6].addr_inst.m_wc_valid_reg$_SDFF_PP0_/Q	axi_crossbar_inst.axi_crossbar_wr_inst.s_ifaces[6].w_drop_reg$_DFF_P_/D
895	0.4826	axi_crossbar_inst.axi_crossbar_rd_inst.s_ifaces[I].reg_inst.genblkJ.temp_s_axi_rlast_reg	axi_crossbar_inst.axi_crossbar_rd_inst.s_ifaces[I].reg_inst.genblkJ.s_axi_rlast_reg	axi_crossbar_inst.axi_crossbar_rd_inst.s_ifaces[5].reg_inst.genblk2.temp_s_axi_rlast_reg$_DFFE_PP_/Q	axi_crossbar_inst.axi_crossbar_rd_inst.s_ifaces[5].reg_inst.genblk2.s_axi_rlast_reg$_DFFE_PP_/D
896	0.4832	axi_crossbar_inst.axi_crossbar_rd_inst.s_ifaces[I].addr_inst.m_decerr_reg	axi_crossbar_inst.axi_crossbar_rd_inst.s_ifaces[I].addr_inst.m_decerr_reg	axi_crossbar_inst.axi_crossbar_rd_inst.s_ifaces[7].addr_inst.m_decerr_reg$_DFFE_PP_/Q	axi_crossbar_inst.axi_crossbar_rd_inst.s_ifaces[7].addr_inst.m_decerr_reg$_DFFE_PP_/D
897	0.4847	axi_crossbar_inst.axi_crossbar_rd_inst.s_ifaces[I].reg_inst.genblkJ.temp_s_axi_rresp_reg[K]	axi_crossbar_inst.axi_crossbar_rd_inst.s_ifaces[I].reg_inst.genblkJ.s_axi_rresp_reg[K]	axi_crossbar_inst.axi_crossbar_rd_inst.s_ifaces[0].reg_inst.genblk2.temp_s_axi_rresp_reg[0]$_DFFE_PP_/Q	axi_crossbar_inst.axi_crossbar_rd_inst.s_ifaces[0].reg_inst.genblk2.s_axi_rresp_reg[0]$_DFFE_PP_/D
898	0.4855	axi_crossbar_inst.axi_crossbar_wr_inst.m_ifaces[I].w_select_valid_reg	axi_crossbar_inst.axi_crossbar_wr_inst.m_ifaces[I].w_select_new_reg	axi_crossbar_inst.axi_crossbar_wr_inst.m_ifaces[5].w_select_valid_reg$_SDFF_PP0_/QN	axi_crossbar_inst.axi_crossbar_wr_inst.m_ifaces[5].w_select_new_reg$_SDFF_PP1_/D
899	0.4866	axi_crossbar_inst.axi_crossbar_wr_inst.s_ifaces[I].addr_inst.m_decerr_reg	axi_crossbar_inst.axi_crossbar_wr_inst.s_ifaces[I].w_drop_reg	axi_crossbar_inst.axi_crossbar_wr_inst.s_ifaces[6].addr_inst.m_decerr_reg$_DFFE_PP_/Q	axi_crossbar_inst.axi_crossbar_wr_inst.s_ifaces[6].w_drop_reg$_DFF_P_/D
900	0.4874	axi_crossbar_inst.axi_crossbar_wr_inst.s_ifaces[I].addr_inst.m_decerr_reg	axi_crossbar_inst.axi_crossbar_wr_inst.s_ifaces[I].addr_inst.m_decerr_reg	axi_crossbar_inst.axi_crossbar_wr_inst.s_ifaces[5].addr_inst.m_decerr_reg$_DFFE_PP_/Q	axi_crossbar_inst.axi_crossbar_wr_inst.s_ifaces[5].addr_inst.m_decerr_reg$_DFFE_PP_/D
901	0.4895	axi_crossbar_inst.axi_crossbar_wr_inst.m_ifaces[I].reg_inst.genblkJ.temp_m_axi_wvalid_reg	axi_crossbar_inst.axi_crossbar_wr_inst.m_ifaces[I].reg_inst.genblkJ.temp_m_axi_wvalid_reg	axi_crossbar_inst.axi_crossbar_wr_inst.m_ifaces[3].reg_inst.genblk2.temp_m_axi_wvalid_reg$_SDFFE_PP0P_/Q	axi_crossbar_inst.axi_crossbar_wr_inst.m_ifaces[3].reg_inst.genblk2.temp_m_axi_wvalid_reg$_SDFFE_PP0P_/D
902	0.4922	axi_crossbar_inst.axi_crossbar_rd_inst.s_ifaces[I].addr_inst.m_decerr_reg	axi_crossbar_inst.axi_crossbar_rd_inst.s_ifaces[I].addr_inst.m_rc_valid_reg	axi_crossbar_inst.axi_crossbar_rd_inst.s_ifaces[7].addr_inst.m_decerr_reg$_DFFE_PP_/Q	axi_crossbar_inst.axi_crossbar_rd_inst.s_ifaces[7].addr_inst.m_rc_valid_reg$_SDFF_PP0_/D
903	0.4928	axi_crossbar_inst.axi_crossbar_wr_inst.s_ifaces[I].w_select_valid_reg	axi_crossbar_inst.axi_crossbar_wr_inst.s_ifaces[I].w_select_valid_reg	axi_crossbar_inst.axi_crossbar_wr_inst.s_ifaces[1].w_select_valid_reg$_SDFF_PP0_/Q	axi_crossbar_inst.axi_crossbar_wr_inst.s_ifaces[1].w_select_valid_reg$_SDFF_PP0_/D
904	0.4934	axi_crossbar_inst.axi_crossbar_wr_inst.m_ifaces[I].w_select_valid_reg	axi_crossbar_inst.axi_crossbar_wr_inst.m_ifaces[I].w_select_reg[J]	axi_crossbar_inst.axi_crossbar_wr_inst.m_ifaces[0].w_select_valid_reg$_SDFF_PP0_/QN	axi_crossbar_inst.axi_crossbar_wr_inst.m_ifaces[0].w_select_reg[0]$_DFFE_PP_/D
905	0.4939	axi_crossbar_inst.axi_crossbar_rd_inst.s_ifaces[I].reg_inst.genblkJ.temp_s_axi_rid_reg[K]	axi_crossbar_inst.axi_crossbar_rd_inst.s_ifaces[I].reg_inst.genblkJ.s_axi_rid_reg[K]	axi_crossbar_inst.axi_crossbar_rd_inst.s_ifaces[0].reg_inst.genblk2.temp_s_axi_rid_reg[0]$_DFFE_PP_/Q	axi_crossbar_inst.axi_crossbar_rd_inst.s_ifaces[0].reg_inst.genblk2.s_axi_rid_reg[0]$_DFFE_PP_/D
906	0.4940	axi_crossbar_inst.axi_crossbar_rd_inst.s_ifaces[I].reg_inst.genblkJ.temp_s_axi_rvalid_reg	axi_crossbar_inst.axi_crossbar_rd_inst.s_ifaces[I].reg_inst.genblkJ.temp_s_axi_rvalid_reg	axi_crossbar_inst.axi_crossbar_rd_inst.s_ifaces[1].reg_inst.genblk2.temp_s_axi_rvalid_reg$_SDFFE_PP0P_/Q	axi_crossbar_inst.axi_crossbar_rd_inst.s_ifaces[1].reg_inst.genblk2.temp_s_axi_rvalid_reg$_SDFFE_PP0P_/D
907	0.4942	axi_crossbar_inst.axi_crossbar_rd_inst.s_ifaces[I].addr_inst.s_axi_aready_reg	axi_crossbar_inst.axi_crossbar_rd_inst.s_ifaces[I].addr_inst.state_reg[J]	axi_crossbar_inst.axi_crossbar_rd_inst.s_ifaces[3].addr_inst.s_axi_aready_reg$_SDFF_PP0_/QN	axi_crossbar_inst.axi_crossbar_rd_inst.s_ifaces[3].addr_inst.state_reg[0]$_SDFF_PP0_/D
908	0.4954	axi_crossbar_inst.axi_crossbar_wr_inst.s_ifaces[I].w_select_valid_reg	axi_crossbar_inst.axi_crossbar_wr_inst.s_ifaces[I].w_select_reg[J]	axi_crossbar_inst.axi_crossbar_wr_inst.s_ifaces[1].w_select_valid_reg$_SDFF_PP0_/QN	axi_crossbar_inst.axi_crossbar_wr_inst.s_ifaces[1].w_select_reg[0]$_DFFE_PP_/D
909	0.4986	axi_crossbar_inst.axi_crossbar_wr_inst.s_ifaces[I].w_select_valid_reg	axi_crossbar_inst.axi_crossbar_wr_inst.s_ifaces[I].addr_inst.m_wc_valid_reg	axi_crossbar_inst.axi_crossbar_wr_inst.s_ifaces[6].w_select_valid_reg$_SDFF_PP0_/Q	axi_crossbar_inst.axi_crossbar_wr_inst.s_ifaces[6].addr_inst.m_wc_valid_reg$_SDFF_PP0_/D
910	0.4986	axi_crossbar_inst.axi_crossbar_wr_inst.s_ifaces[I].addr_inst.m_decerr_reg	axi_crossbar_inst.axi_crossbar_wr_inst.s_ifaces[I].addr_inst.m_rc_valid_reg	axi_crossbar_inst.axi_crossbar_wr_inst.s_ifaces[6].addr_inst.m_decerr_reg$_DFFE_PP_/Q	axi_crossbar_inst.axi_crossbar_wr_inst.s_ifaces[6].addr_inst.m_rc_valid_reg$_SDFF_PP0_/D
911	0.4987	axi_crossbar_inst.axi_crossbar_wr_inst.s_ifaces[I].addr_inst.s_axi_aready_reg	axi_crossbar_inst.axi_crossbar_wr_inst.s_ifaces[I].addr_inst.state_reg[J]	axi_crossbar_inst.axi_crossbar_wr_inst.s_ifaces[7].addr_inst.s_axi_aready_reg$_SDFF_PP0_/QN	axi_crossbar_inst.axi_crossbar_wr_inst.s_ifaces[7].addr_inst.state_reg[0]$_SDFF_PP0_/D
912	0.4990	axi_crossbar_inst.axi_crossbar_wr_inst.s_ifaces[I].w_select_valid_reg	axi_crossbar_inst.axi_crossbar_wr_inst.s_ifaces[I].w_drop_reg	axi_crossbar_inst.axi_crossbar_wr_inst.s_ifaces[5].w_select_valid_reg$_SDFF_PP0_/QN	axi_crossbar_inst.axi_crossbar_wr_inst.s_ifaces[5].w_drop_reg$_DFF_P_/D
913	0.5110	axi_crossbar_inst.axi_crossbar_wr_inst.s_ifaces[I].addr_inst.m_wc_valid_reg	axi_crossbar_inst.axi_crossbar_wr_inst.s_ifaces[I].w_select_valid_reg	axi_crossbar_inst.axi_crossbar_wr_inst.s_ifaces[1].addr_inst.m_wc_valid_reg$_SDFF_PP0_/Q	axi_crossbar_inst.axi_crossbar_wr_inst.s_ifaces[1].w_select_valid_reg$_SDFF_PP0_/D
914	0.5178	axi_crossbar_inst.axi_crossbar_wr_inst.m_ifaces[I].reg_inst.genblkJ.m_axi_wdata_reg[K]	axi_crossbar_inst.axi_crossbar_wr_inst.m_ifaces[I].reg_inst.genblkJ.m_axi_wdata_reg[K]	axi_crossbar_inst.axi_crossbar_wr_inst.m_ifaces[7].reg_inst.genblk2.m_axi_wdata_reg[30]$_DFFE_PP_/Q	axi_crossbar_inst.axi_crossbar_wr_inst.m_ifaces[7].reg_inst.genblk2.m_axi_wdata_reg[30]$_DFFE_PP_/D
915	0.5184	axi_crossbar_inst.axi_crossbar_rd_inst.s_ifaces[I].decerr_m_axi_rlast_reg	axi_crossbar_inst.axi_crossbar_rd_inst.s_ifaces[I].decerr_m_axi_rlast_reg	axi_crossbar_inst.axi_crossbar_rd_inst.s_ifaces[0].decerr_m_axi_rlast_reg$_DFFE_PP_/Q	axi_crossbar_inst.axi_crossbar_rd_inst.s_ifaces[0].decerr_m_axi_rlast_reg$_DFFE_PP_/D
916	0.5202	axi_crossbar_inst.axi_crossbar_wr_inst.s_ifaces[I].addr_inst.m_rc_valid_reg	axi_crossbar_inst.axi_crossbar_wr_inst.s_ifaces[I].addr_inst.m_rc_valid_reg	axi_crossbar_inst.axi_crossbar_wr_inst.s_ifaces[5].addr_inst.m_rc_valid_reg$_SDFF_PP0_/Q	axi_crossbar_inst.axi_crossbar_wr_inst.s_ifaces[5].addr_inst.m_rc_valid_reg$_SDFF_PP0_/D
917	0.5211	axi_crossbar_inst.axi_crossbar_wr_inst.m_ifaces[I].reg_inst.genblkJ.temp_m_axi_wdata_reg[K]	axi_crossbar_inst.axi_crossbar_wr_inst.m_ifaces[I].reg_inst.genblkJ.temp_m_axi_wdata_reg[K]	axi_crossbar_inst.axi_crossbar_wr_inst.m_ifaces[5].reg_inst.genblk2.temp_m_axi_wdata_reg[31]$_DFFE_PP_/Q	axi_crossbar_inst.axi_crossbar_wr_inst.m_ifaces[5].reg_inst.genblk2.temp_m_axi_wdata_reg[31]$_DFFE_PP_/D
918	0.5211	axi_crossbar_inst.axi_crossbar_wr_inst.m_ifaces[I].reg_inst.genblkJ.temp_m_axi_wlast_reg	axi_crossbar_inst.axi_crossbar_wr_inst.m_ifaces[I].reg_inst.genblkJ.temp_m_axi_wlast_reg	axi_crossbar_inst.axi_crossbar_wr_inst.m_ifaces[5].reg_inst.genblk2.temp_m_axi_wlast_reg$_DFFE_PP_/Q	axi_crossbar_inst.axi_crossbar_wr_inst.m_ifaces[5].reg_inst.genblk2.temp_m_axi_wlast_reg$_DFFE_PP_/D
919	0.5211	axi_crossbar_inst.axi_crossbar_wr_inst.m_ifaces[I].reg_inst.genblkJ.temp_m_axi_wstrb_reg[K]	axi_crossbar_inst.axi_crossbar_wr_inst.m_ifaces[I].reg_inst.genblkJ.temp_m_axi_wstrb_reg[K]	axi_crossbar_inst.axi_crossbar_wr_inst.m_ifaces[5].reg_inst.genblk2.temp_m_axi_wstrb_reg[3]$_DFFE_PP_/Q	axi_crossbar_inst.axi_crossbar_wr_inst.m_ifaces[5].reg_inst.genblk2.temp_m_axi_wstrb_reg[3]$_DFFE_PP_/D
920	0.5212	axi_crossbar_inst.axi_crossbar_rd_inst.s_ifaces[I].decerr_m_axi_rid_reg[J]	axi_crossbar_inst.axi_crossbar_rd_inst.s_ifaces[I].decerr_m_axi_rid_reg[J]	axi_crossbar_inst.axi_crossbar_rd_inst.s_ifaces[0].decerr_m_axi_rid_reg[0]$_DFFE_PP_/Q	axi_crossbar_inst.axi_crossbar_rd_inst.s_ifaces[0].decerr_m_axi_rid_reg[0]$_DFFE_PP_/D
921	0.5212	axi_crossbar_inst.axi_crossbar_wr_inst.s_ifaces[I].decerr_m_axi_bid_reg[J]	axi_crossbar_inst.axi_crossbar_wr_inst.s_ifaces[I].decerr_m_axi_bid_reg[J]	axi_crossbar_inst.axi_crossbar_wr_inst.s_ifaces[5].decerr_m_axi_bid_reg[0]$_DFFE_PP_/Q	axi_crossbar_inst.axi_crossbar_wr_inst.s_ifaces[5].decerr_m_axi_bid_reg[0]$_DFFE_PP_/D
922	0.5214	axi_crossbar_inst.axi_crossbar_rd_inst.s_ifaces[I].reg_inst.genblkJ.temp_s_axi_rid_reg[K]	axi_crossbar_inst.axi_crossbar_rd_inst.s_ifaces[I].reg_inst.genblkJ.temp_s_axi_rid_reg[K]	axi_crossbar_inst.axi_crossbar_rd_inst.s_ifaces[0].reg_inst.genblk2.temp_s_axi_rid_reg[4]$_DFFE_PP_/Q	axi_crossbar_inst.axi_crossbar_rd_inst.s_ifaces[0].reg_inst.genblk2.temp_s_axi_rid_reg[4]$_DFFE_PP_/D
923	0.5214	axi_crossbar_inst.axi_crossbar_rd_inst.s_ifaces[I].reg_inst.genblkJ.temp_s_axi_rdata_reg[K]	axi_crossbar_inst.axi_crossbar_rd_inst.s_ifaces[I].reg_inst.genblkJ.temp_s_axi_rdata_reg[K]	axi_crossbar_inst.axi_crossbar_rd_inst.s_ifaces[0].reg_inst.genblk2.temp_s_axi_rdata_reg[0]$_DFFE_PP_/Q	axi_crossbar_inst.axi_crossbar_rd_inst.s_ifaces[0].reg_inst.genblk2.temp_s_axi_rdata_reg[0]$_DFFE_PP_/D
924	0.5220	axi_crossbar_inst.axi_crossbar_wr_inst.m_ifaces[I].reg_inst.genblkJ.m_axi_wlast_reg	axi_crossbar_inst.axi_crossbar_wr_inst.m_ifaces[I].reg_inst.genblkJ.m_axi_wlast_reg	axi_crossbar_inst.axi_crossbar_wr_inst.m_ifaces[7].reg_inst.genblk2.m_axi_wlast_reg$_DFFE_PP_/Q	axi_crossbar_inst.axi_crossbar_wr_inst.m_ifaces[7].reg_inst.genblk2.m_axi_wlast_reg$_DFFE_PP_/D
925	0.5231	axi_crossbar_inst.axi_crossbar_wr_inst.m_ifaces[I].reg_inst.genblkJ.m_axi_wstrb_reg[K]	axi_crossbar_inst.axi_crossbar_wr_inst.m_ifaces[I].reg_inst.genblkJ.m_axi_wstrb_reg[K]	axi_crossbar_inst.axi_crossbar_wr_inst.m_ifaces[7].reg_inst.genblk2.m_axi_wstrb_reg[0]$_DFFE_PP_/Q	axi_crossbar_inst.axi_crossbar_wr_inst.m_ifaces[7].reg_inst.genblk2.m_axi_wstrb_reg[0]$_DFFE_PP_/D
926	0.5251	axi_crossbar_inst.axi_crossbar_rd_inst.m_ifaces[I].reg_inst.genblkJ.genblkK.m_axi_araddr_reg[L]	axi_crossbar_inst.axi_crossbar_rd_inst.m_ifaces[I].reg_inst.genblkJ.genblkK.m_axi_araddr_reg[L]	axi_crossbar_inst.axi_crossbar_rd_inst.m_ifaces[0].reg_inst.genblk1.genblk1.m_axi_araddr_reg[10]$_DFFE_PP_/Q	axi_crossbar_inst.axi_crossbar_rd_inst.m_ifaces[0].reg_inst.genblk1.genblk1.m_axi_araddr_reg[10]$_DFFE_PP_/D
927	0.5251	axi_crossbar_inst.axi_crossbar_rd_inst.m_ifaces[I].reg_inst.genblkJ.genblkK.m_axi_arburst_reg[L]	axi_crossbar_inst.axi_crossbar_rd_inst.m_ifaces[I].reg_inst.genblkJ.genblkK.m_axi_arburst_reg[L]	axi_crossbar_inst.axi_crossbar_rd_inst.m_ifaces[0].reg_inst.genblk1.genblk1.m_axi_arburst_reg[0]$_DFFE_PP_/Q	axi_crossbar_inst.axi_crossbar_rd_inst.m_ifaces[0].reg_inst.genblk1.genblk1.m_axi_arburst_reg[0]$_DFFE_PP_/D
928	0.5251	axi_crossbar_inst.axi_crossbar_rd_inst.m_ifaces[I].reg_inst.genblkJ.genblkK.m_axi_arcache_reg[L]	axi_crossbar_inst.axi_crossbar_rd_inst.m_ifaces[I].reg_inst.genblkJ.genblkK.m_axi_arcache_reg[L]	axi_crossbar_inst.axi_crossbar_rd_inst.m_ifaces[0].reg_inst.genblk1.genblk1.m_axi_arcache_reg[0]$_DFFE_PP_/Q	axi_crossbar_inst.axi_crossbar_rd_inst.m_ifaces[0].reg_inst.genblk1.genblk1.m_axi_arcache_reg[0]$_DFFE_PP_/D
929	0.5251	axi_crossbar_inst.axi_crossbar_rd_inst.m_ifaces[I].reg_inst.genblkJ.genblkK.m_axi_arid_reg[L]	axi_crossbar_inst.axi_crossbar_rd_inst.m_ifaces[I].reg_inst.genblkJ.genblkK.m_axi_arid_reg[L]	axi_crossbar_inst.axi_crossbar_rd_inst.m_ifaces[0].reg_inst.genblk1.genblk1.m_axi_arid_reg[0]$_DFFE_PP_/Q	axi_crossbar_inst.axi_crossbar_rd_inst.m_ifaces[0].reg_inst.genblk1.genblk1.m_axi_arid_reg[0]$_DFFE_PP_/D
930	0.5251	axi_crossbar_inst.axi_crossbar_rd_inst.m_ifaces[I].reg_inst.genblkJ.genblkK.m_axi_arlen_reg[L]	axi_crossbar_inst.axi_crossbar_rd_inst.m_ifaces[I].reg_inst.genblkJ.genblkK.m_axi_arlen_reg[L]	axi_crossbar_inst.axi_crossbar_rd_inst.m_ifaces[0].reg_inst.genblk1.genblk1.m_axi_arlen_reg[0]$_DFFE_PP_/Q	axi_crossbar_inst.axi_crossbar_rd_inst.m_ifaces[0].reg_inst.genblk1.genblk1.m_axi_arlen_reg[0]$_DFFE_PP_/D
931	0.5251	axi_crossbar_inst.axi_crossbar_rd_inst.m_ifaces[I].reg_inst.genblkJ.genblkK.m_axi_arprot_reg[L]	axi_crossbar_inst.axi_crossbar_rd_inst.m_ifaces[I].reg_inst.genblkJ.genblkK.m_axi_arprot_reg[L]	axi_crossbar_inst.axi_crossbar_rd_inst.m_ifaces[0].reg_inst.genblk1.genblk1.m_axi_arprot_reg[0]$_DFFE_PP_/Q	axi_crossbar_inst.axi_crossbar_rd_inst.m_ifaces[0].reg_inst.genblk1.genblk1.m_axi_arprot_reg[0]$_DFFE_PP_/D
932	0.5251	axi_crossbar_inst.axi_crossbar_rd_inst.m_ifaces[I].reg_inst.genblkJ.genblkK.m_axi_arqos_reg[L]	axi_crossbar_inst.axi_crossbar_rd_inst.m_ifaces[I].reg_inst.genblkJ.genblkK.m_axi_arqos_reg[L]	axi_crossbar_inst.axi_crossbar_rd_inst.m_ifaces[0].reg_inst.genblk1.genblk1.m_axi_arqos_reg[0]$_DFFE_PP_/Q	axi_crossbar_inst.axi_crossbar_rd_inst.m_ifaces[0].reg_inst.genblk1.genblk1.m_axi_arqos_reg[0]$_DFFE_PP_/D
933	0.5251	axi_crossbar_inst.axi_crossbar_rd_inst.m_ifaces[I].reg_inst.genblkJ.genblkK.m_axi_arsize_reg[L]	axi_crossbar_inst.axi_crossbar_rd_inst.m_ifaces[I].reg_inst.genblkJ.genblkK.m_axi_arsize_reg[L]	axi_crossbar_inst.axi_crossbar_rd_inst.m_ifaces[0].reg_inst.genblk1.genblk1.m_axi_arsize_reg[0]$_DFFE_PP_/Q	axi_crossbar_inst.axi_crossbar_rd_inst.m_ifaces[0].reg_inst.genblk1.genblk1.m_axi_arsize_reg[0]$_DFFE_PP_/D
934	0.5251	axi_crossbar_inst.axi_crossbar_wr_inst.m_ifaces[I].reg_inst.genblkJ.genblkK.m_axi_awaddr_reg[L]	axi_crossbar_inst.axi_crossbar_wr_inst.m_ifaces[I].reg_inst.genblkJ.genblkK.m_axi_awaddr_reg[L]	axi_crossbar_inst.axi_crossbar_wr_inst.m_ifaces[0].reg_inst.genblk1.genblk1.m_axi_awaddr_reg[0]$_DFFE_PP_/Q	axi_crossbar_inst.axi_crossbar_wr_inst.m_ifaces[0].reg_inst.genblk1.genblk1.m_axi_awaddr_reg[0]$_DFFE_PP_/D
935	0.5251	axi_crossbar_inst.axi_crossbar_wr_inst.m_ifaces[I].reg_inst.genblkJ.genblkK.m_axi_awburst_reg[L]	axi_crossbar_inst.axi_crossbar_wr_inst.m_ifaces[I].reg_inst.genblkJ.genblkK.m_axi_awburst_reg[L]	axi_crossbar_inst.axi_crossbar_wr_inst.m_ifaces[0].reg_inst.genblk1.genblk1.m_axi_awburst_reg[0]$_DFFE_PP_/Q	axi_crossbar_inst.axi_crossbar_wr_inst.m_ifaces[0].reg_inst.genblk1.genblk1.m_axi_awburst_reg[0]$_DFFE_PP_/D
936	0.5251	axi_crossbar_inst.axi_crossbar_wr_inst.m_ifaces[I].reg_inst.genblkJ.genblkK.m_axi_awcache_reg[L]	axi_crossbar_inst.axi_crossbar_wr_inst.m_ifaces[I].reg_inst.genblkJ.genblkK.m_axi_awcache_reg[L]	axi_crossbar_inst.axi_crossbar_wr_inst.m_ifaces[0].reg_inst.genblk1.genblk1.m_axi_awcache_reg[0]$_DFFE_PP_/Q	axi_crossbar_inst.axi_crossbar_wr_inst.m_ifaces[0].reg_inst.genblk1.genblk1.m_axi_awcache_reg[0]$_DFFE_PP_/D
937	0.5251	axi_crossbar_inst.axi_crossbar_wr_inst.m_ifaces[I].reg_inst.genblkJ.genblkK.m_axi_awid_reg[L]	axi_crossbar_inst.axi_crossbar_wr_inst.m_ifaces[I].reg_inst.genblkJ.genblkK.m_axi_awid_reg[L]	axi_crossbar_inst.axi_crossbar_wr_inst.m_ifaces[0].reg_inst.genblk1.genblk1.m_axi_awid_reg[0]$_DFFE_PP_/Q	axi_crossbar_inst.axi_crossbar_wr_inst.m_ifaces[0].reg_inst.genblk1.genblk1.m_axi_awid_reg[0]$_DFFE_PP_/D
938	0.5251	axi_crossbar_inst.axi_crossbar_wr_inst.m_ifaces[I].reg_inst.genblkJ.genblkK.m_axi_awlen_reg[L]	axi_crossbar_inst.axi_crossbar_wr_inst.m_ifaces[I].reg_inst.genblkJ.genblkK.m_axi_awlen_reg[L]	axi_crossbar_inst.axi_crossbar_wr_inst.m_ifaces[0].reg_inst.genblk1.genblk1.m_axi_awlen_reg[0]$_DFFE_PP_/Q	axi_crossbar_inst.axi_crossbar_wr_inst.m_ifaces[0].reg_inst.genblk1.genblk1.m_axi_awlen_reg[0]$_DFFE_PP_/D
939	0.5251	axi_crossbar_inst.axi_crossbar_wr_inst.m_ifaces[I].reg_inst.genblkJ.genblkK.m_axi_awprot_reg[L]	axi_crossbar_inst.axi_crossbar_wr_inst.m_ifaces[I].reg_inst.genblkJ.genblkK.m_axi_awprot_reg[L]	axi_crossbar_inst.axi_crossbar_wr_inst.m_ifaces[0].reg_inst.genblk1.genblk1.m_axi_awprot_reg[0]$_DFFE_PP_/Q	axi_crossbar_inst.axi_crossbar_wr_inst.m_ifaces[0].reg_inst.genblk1.genblk1.m_axi_awprot_reg[0]$_DFFE_PP_/D
940	0.5251	axi_crossbar_inst.axi_crossbar_wr_inst.m_ifaces[I].reg_inst.genblkJ.genblkK.m_axi_awqos_reg[L]	axi_crossbar_inst.axi_crossbar_wr_inst.m_ifaces[I].reg_inst.genblkJ.genblkK.m_axi_awqos_reg[L]	axi_crossbar_inst.axi_crossbar_wr_inst.m_ifaces[0].reg_inst.genblk1.genblk1.m_axi_awqos_reg[0]$_DFFE_PP_/Q	axi_crossbar_inst.axi_crossbar_wr_inst.m_ifaces[0].reg_inst.genblk1.genblk1.m_axi_awqos_reg[0]$_DFFE_PP_/D
941	0.5251	axi_crossbar_inst.axi_crossbar_wr_inst.m_ifaces[I].reg_inst.genblkJ.genblkK.m_axi_awsize_reg[L]	axi_crossbar_inst.axi_crossbar_wr_inst.m_ifaces[I].reg_inst.genblkJ.genblkK.m_axi_awsize_reg[L]	axi_crossbar_inst.axi_crossbar_wr_inst.m_ifaces[0].reg_inst.genblk1.genblk1.m_axi_awsize_reg[0]$_DFFE_PP_/Q	axi_crossbar_inst.axi_crossbar_wr_inst.m_ifaces[0].reg_inst.genblk1.genblk1.m_axi_awsize_reg[0]$_DFFE_PP_/D
942	0.5251	axi_crossbar_inst.axi_crossbar_wr_inst.s_ifaces[I].reg_inst.genblkJ.genblkK.s_axi_bid_reg[L]	axi_crossbar_inst.axi_crossbar_wr_inst.s_ifaces[I].reg_inst.genblkJ.genblkK.s_axi_bid_reg[L]	axi_crossbar_inst.axi_crossbar_wr_inst.s_ifaces[6].reg_inst.genblk3.genblk1.s_axi_bid_reg[0]$_DFFE_PP_/Q	axi_crossbar_inst.axi_crossbar_wr_inst.s_ifaces[6].reg_inst.genblk3.genblk1.s_axi_bid_reg[0]$_DFFE_PP_/D
943	0.5251	axi_crossbar_inst.axi_crossbar_wr_inst.s_ifaces[I].reg_inst.genblkJ.genblkK.s_axi_bresp_reg[L]	axi_crossbar_inst.axi_crossbar_wr_inst.s_ifaces[I].reg_inst.genblkJ.genblkK.s_axi_bresp_reg[L]	axi_crossbar_inst.axi_crossbar_wr_inst.s_ifaces[6].reg_inst.genblk3.genblk1.s_axi_bresp_reg[0]$_DFFE_PP_/Q	axi_crossbar_inst.axi_crossbar_wr_inst.s_ifaces[6].reg_inst.genblk3.genblk1.s_axi_bresp_reg[0]$_DFFE_PP_/D
944	0.5251	axi_crossbar_inst.axi_crossbar_rd_inst.s_ifaces[I].reg_inst.genblkJ.temp_s_axi_rvalid_reg	axi_crossbar_inst.axi_crossbar_rd_inst.s_ifaces[I].reg_inst.genblkJ.s_axi_rvalid_reg	axi_crossbar_inst.axi_crossbar_rd_inst.s_ifaces[4].reg_inst.genblk2.temp_s_axi_rvalid_reg$_SDFFE_PP0P_/Q	axi_crossbar_inst.axi_crossbar_rd_inst.s_ifaces[4].reg_inst.genblk2.s_axi_rvalid_reg$_SDFFE_PP0P_/D
945	0.5252	axi_crossbar_inst.axi_crossbar_rd_inst.m_ifaces[I].reg_inst.genblkJ.genblkK.m_axi_arlock_reg	axi_crossbar_inst.axi_crossbar_rd_inst.m_ifaces[I].reg_inst.genblkJ.genblkK.m_axi_arlock_reg	axi_crossbar_inst.axi_crossbar_rd_inst.m_ifaces[0].reg_inst.genblk1.genblk1.m_axi_arlock_reg$_DFFE_PP_/Q	axi_crossbar_inst.axi_crossbar_rd_inst.m_ifaces[0].reg_inst.genblk1.genblk1.m_axi_arlock_reg$_DFFE_PP_/D
946	0.5252	axi_crossbar_inst.axi_crossbar_wr_inst.m_ifaces[I].reg_inst.genblkJ.genblkK.m_axi_awlock_reg	axi_crossbar_inst.axi_crossbar_wr_inst.m_ifaces[I].reg_inst.genblkJ.genblkK.m_axi_awlock_reg	axi_crossbar_inst.axi_crossbar_wr_inst.m_ifaces[0].reg_inst.genblk1.genblk1.m_axi_awlock_reg$_DFFE_PP_/Q	axi_crossbar_inst.axi_crossbar_wr_inst.m_ifaces[0].reg_inst.genblk1.genblk1.m_axi_awlock_reg$_DFFE_PP_/D
947	0.5286	axi_crossbar_inst.axi_crossbar_wr_inst.s_ifaces[I].addr_inst.m_wc_valid_reg	axi_crossbar_inst.axi_crossbar_wr_inst.s_ifaces[I].addr_inst.m_wc_valid_reg	axi_crossbar_inst.axi_crossbar_wr_inst.s_ifaces[6].addr_inst.m_wc_valid_reg$_SDFF_PP0_/Q	axi_crossbar_inst.axi_crossbar_wr_inst.s_ifaces[6].addr_inst.m_wc_valid_reg$_SDFF_PP0_/D
948	0.5394	axi_crossbar_inst.axi_crossbar_rd_inst.s_ifaces[I].reg_inst.genblkJ.temp_s_axi_rlast_reg	axi_crossbar_inst.axi_crossbar_rd_inst.s_ifaces[I].reg_inst.genblkJ.temp_s_axi_rlast_reg	axi_crossbar_inst.axi_crossbar_rd_inst.s_ifaces[5].reg_inst.genblk2.temp_s_axi_rlast_reg$_DFFE_PP_/Q	axi_crossbar_inst.axi_crossbar_rd_inst.s_ifaces[5].reg_inst.genblk2.temp_s_axi_rlast_reg$_DFFE_PP_/D
949	0.5429	axi_crossbar_inst.axi_crossbar_rd_inst.s_ifaces[I].reg_inst.genblkJ.temp_s_axi_rresp_reg[K]	axi_crossbar_inst.axi_crossbar_rd_inst.s_ifaces[I].reg_inst.genblkJ.temp_s_axi_rresp_reg[K]	axi_crossbar_inst.axi_crossbar_rd_inst.s_ifaces[0].reg_inst.genblk2.temp_s_axi_rresp_reg[0]$_DFFE_PP_/Q	axi_crossbar_inst.axi_crossbar_rd_inst.s_ifaces[0].reg_inst.genblk2.temp_s_axi_rresp_reg[0]$_DFFE_PP_/D
950	0.5456	axi_crossbar_inst.axi_crossbar_rd_inst.s_ifaces[I].reg_inst.genblkJ.s_axi_rlast_reg	axi_crossbar_inst.axi_crossbar_rd_inst.s_ifaces[I].reg_inst.genblkJ.s_axi_rlast_reg	axi_crossbar_inst.axi_crossbar_rd_inst.s_ifaces[5].reg_inst.genblk2.s_axi_rlast_reg$_DFFE_PP_/Q	axi_crossbar_inst.axi_crossbar_rd_inst.s_ifaces[5].reg_inst.genblk2.s_axi_rlast_reg$_DFFE_PP_/D
951	0.5456	axi_crossbar_inst.axi_crossbar_rd_inst.s_ifaces[I].reg_inst.genblkJ.s_axi_rid_reg[K]	axi_crossbar_inst.axi_crossbar_rd_inst.s_ifaces[I].reg_inst.genblkJ.s_axi_rid_reg[K]	axi_crossbar_inst.axi_crossbar_rd_inst.s_ifaces[0].reg_inst.genblk2.s_axi_rid_reg[0]$_DFFE_PP_/Q	axi_crossbar_inst.axi_crossbar_rd_inst.s_ifaces[0].reg_inst.genblk2.s_axi_rid_reg[0]$_DFFE_PP_/D
952	0.5456	axi_crossbar_inst.axi_crossbar_rd_inst.s_ifaces[I].reg_inst.genblkJ.s_axi_rresp_reg[K]	axi_crossbar_inst.axi_crossbar_rd_inst.s_ifaces[I].reg_inst.genblkJ.s_axi_rresp_reg[K]	axi_crossbar_inst.axi_crossbar_rd_inst.s_ifaces[0].reg_inst.genblk2.s_axi_rresp_reg[0]$_DFFE_PP_/Q	axi_crossbar_inst.axi_crossbar_rd_inst.s_ifaces[0].reg_inst.genblk2.s_axi_rresp_reg[0]$_DFFE_PP_/D
953	0.5485	axi_crossbar_inst.axi_crossbar_rd_inst.s_ifaces[I].reg_inst.genblkJ.s_axi_rdata_reg[K]	axi_crossbar_inst.axi_crossbar_rd_inst.s_ifaces[I].reg_inst.genblkJ.s_axi_rdata_reg[K]	axi_crossbar_inst.axi_crossbar_rd_inst.s_ifaces[0].reg_inst.genblk2.s_axi_rdata_reg[10]$_DFFE_PP_/Q	axi_crossbar_inst.axi_crossbar_rd_inst.s_ifaces[0].reg_inst.genblk2.s_axi_rdata_reg[10]$_DFFE_PP_/D
954	0.5535	axi_crossbar_inst.axi_crossbar_rd_inst.s_ifaces[I].reg_inst.genblkJ.temp_s_axi_rvalid_reg	axi_crossbar_inst.axi_crossbar_rd_inst.s_ifaces[I].reg_inst.genblkJ.m_axi_rready_reg	axi_crossbar_inst.axi_crossbar_rd_inst.s_ifaces[1].reg_inst.genblk2.temp_s_axi_rvalid_reg$_SDFFE_PP0P_/QN	axi_crossbar_inst.axi_crossbar_rd_inst.s_ifaces[1].reg_inst.genblk2.m_axi_rready_reg$_SDFF_PP0_/D
955	0.5548	axi_crossbar_inst.axi_crossbar_wr_inst.m_ifaces[I].reg_inst.genblkJ.temp_m_axi_wvalid_reg	axi_crossbar_inst.axi_crossbar_wr_inst.m_ifaces[I].reg_inst.genblkJ.s_axi_wready_reg	axi_crossbar_inst.axi_crossbar_wr_inst.m_ifaces[0].reg_inst.genblk2.temp_m_axi_wvalid_reg$_SDFFE_PP0P_/QN	axi_crossbar_inst.axi_crossbar_wr_inst.m_ifaces[0].reg_inst.genblk2.s_axi_wready_reg$_SDFF_PP0_/D
