# stage	1_synth
# top_module	e203_cpu_top
# top_n	1000
# kind	blocks
# skip_async	1
# include_full	1
# rank	worst_slack_ns	start	end	start_full	end_full
1	-3.0292	u_eI_cpu.u_eJ_clk_ctrl.u_exu_clkgate.enb	core_csr_clk	u_e203_cpu.u_e203_clk_ctrl.u_exu_clkgate.enb$_DLATCH_N_/Q	core_csr_clk
2	-1.8717	clk	core_csr_clk	clk	core_csr_clk
3	-1.8008	dbg_mode	extIitcm_icb_cmd_ready	dbg_mode	ext2itcm_icb_cmd_ready
4	-1.7906	dbg_mode	extIdtcm_icb_cmd_ready	dbg_mode	ext2dtcm_icb_cmd_ready
5	-1.6345	dbg_mode	cmt_dcause_ena	dbg_mode	cmt_dcause_ena
6	-1.4483	dbg_mode	cmt_dcause[I]	dbg_mode	cmt_dcause[0]
7	-1.4307	dbg_mode	core_wfi	dbg_mode	core_wfi
8	-1.4046	dbg_halt_r	extIitcm_icb_cmd_ready	dbg_halt_r	ext2itcm_icb_cmd_ready
9	-1.3943	dbg_halt_r	extIdtcm_icb_cmd_ready	dbg_halt_r	ext2dtcm_icb_cmd_ready
10	-1.3866	dbg_mode	cmt_dpc_ena	dbg_mode	cmt_dpc_ena
11	-1.3850	dbg_step_r	extIitcm_icb_cmd_ready	dbg_step_r	ext2itcm_icb_cmd_ready
12	-1.3747	dbg_step_r	extIdtcm_icb_cmd_ready	dbg_step_r	ext2dtcm_icb_cmd_ready
13	-1.2774	dbg_mode	u_eI_cpu.u_eJ_core.u_eK_ifu.u_eL_ifu_ifetch.ifu_hi_ir_dfflr.qout_r[M]	dbg_mode	u_e203_cpu.u_e203_core.u_e203_ifu.u_e203_ifu_ifetch.ifu_hi_ir_dfflr.qout_r[9]$_DFFE_PN0P_/D
14	-1.2711	dbg_mode	u_eI_cpu.u_eJ_core.u_eK_ifu.u_eL_ifu_iftMicb.leftover_dffl.qout_r[N]	dbg_mode	u_e203_cpu.u_e203_core.u_e203_ifu.u_e203_ifu_ift2icb.leftover_dffl.qout_r[10]$_DFFE_PP_/D
15	-1.2688	dbg_mode	u_eI_cpu.u_eJ_core.u_eK_ifu.u_eL_ifu_ifetch.ifu_lo_ir_dfflr.qout_r[M]	dbg_mode	u_e203_cpu.u_e203_core.u_e203_ifu.u_e203_ifu_ifetch.ifu_lo_ir_dfflr.qout_r[13]$_DFFE_PN0P_/D
16	-1.2525	dbg_mode	u_eI_cpu.u_eJ_core.u_eK_ifu.u_eL_ifu_ifetch.ir_muldiv_bMb_dfflr.qout_r	dbg_mode	u_e203_cpu.u_e203_core.u_e203_ifu.u_e203_ifu_ifetch.ir_muldiv_b2b_dfflr.qout_r$_DFFE_PN0P_/D
17	-1.2516	dbg_mode	u_eI_cpu.u_eJ_core.u_eK_ifu.u_eL_ifu_ifetch.ir_rsMidx_dfflr.qout_r[N]	dbg_mode	u_e203_cpu.u_e203_core.u_e203_ifu.u_e203_ifu_ifetch.ir_rs1idx_dfflr.qout_r[0]$_DFFE_PN0P_/D
18	-1.2388	dbg_mode	u_eI_cpu.u_eJ_core.u_eK_ifu.u_eL_ifu_iftMicb.leftover_err_dfflr.qout_r	dbg_mode	u_e203_cpu.u_e203_core.u_e203_ifu.u_e203_ifu_ift2icb.leftover_err_dfflr.qout_r$_DFFE_PN0P_/D
19	-1.2383	dbg_halt_r	cmt_dcause_ena	dbg_halt_r	cmt_dcause_ena
20	-1.2381	dbg_mode	u_eI_cpu.u_eJ_core.u_eK_ifu.u_eL_ifu_ifetch.ifu_err_dfflr.qout_r	dbg_mode	u_e203_cpu.u_e203_core.u_e203_ifu.u_e203_ifu_ifetch.ifu_err_dfflr.qout_r$_DFFE_PN0P_/D
21	-1.2333	dbg_mode	u_eI_srams.u_eJ_itcm_ram.u_eK_itcm_gnrl_ram.u_sirv_sim_ram.mem_r[L][M]	dbg_mode	u_e203_srams.u_e203_itcm_ram.u_e203_itcm_gnrl_ram.u_sirv_sim_ram.mem_r[0][24]$_DFFE_PP_/D
22	-1.2281	dbg_mode	u_eI_cpu.u_eJ_core.u_eK_ifu.u_eL_ifu_ifetch.pc_dfflr.qout_r[M]	dbg_mode	u_e203_cpu.u_e203_core.u_e203_ifu.u_e203_ifu_ifetch.pc_dfflr.qout_r[10]$_DFFE_PN0P_/D
23	-1.2191	dbg_mode	u_eI_srams.u_eJ_dtcm_ram.u_eK_dtcm_gnrl_ram.u_sirv_sim_ram.mem_r[L][M]	dbg_mode	u_e203_srams.u_e203_dtcm_ram.u_e203_dtcm_gnrl_ram.u_sirv_sim_ram.mem_r[0][10]$_DFFE_PP_/D
24	-1.2187	dbg_step_r	cmt_dcause_ena	dbg_step_r	cmt_dcause_ena
25	-1.2031	dbg_mode	u_eI_cpu.u_eJ_core.u_eK_ifu.u_eL_ifu_iftMicb.u_eN_ifetch_rsp_bypbuf.u_bypbuf_fifo.dp_gtO.fifo_rf[P].fifo_rf_dffl.qout_r[Q]	dbg_mode	u_e203_cpu.u_e203_core.u_e203_ifu.u_e203_ifu_ift2icb.u_e203_ifetch_rsp_bypbuf.u_bypbuf_fifo.dp_gt0.fifo_rf[0].fifo_rf_dffl.qout_r[10]$_DFFE_PP_/D
26	-1.2004	dbg_mode	u_eI_cpu.u_eJ_core.u_eK_biu.u_sirv_gnrl_icb_buffer.u_sirv_gnrl_cmd_fifo.dp_gtL.fifo_rf[M].fifo_rf_dffl.qout_r[N]	dbg_mode	u_e203_cpu.u_e203_core.u_e203_biu.u_sirv_gnrl_icb_buffer.u_sirv_gnrl_cmd_fifo.dp_gt0.fifo_rf[0].fifo_rf_dffl.qout_r[52]$_DFFE_PP_/D
27	-1.1949	dbg_mode	u_eI_cpu.u_eJ_dtcm_ctrl.u_sram_icb_ctrl.u_byp_icb_cmd_buf.u_bypbuf_fifo.dp_gtK.fifo_rf[L].fifo_rf_dffl.qout_r[M]	dbg_mode	u_e203_cpu.u_e203_dtcm_ctrl.u_sram_icb_ctrl.u_byp_icb_cmd_buf.u_bypbuf_fifo.dp_gt0.fifo_rf[0].fifo_rf_dffl.qout_r[1]$_DFFE_PP_/D
28	-1.1903	dbg_mode	u_eI_cpu.u_eJ_core.u_eK_ifu.u_eL_ifu_iftMicb.req_lane_cross_dfflr.qout_r	dbg_mode	u_e203_cpu.u_e203_core.u_e203_ifu.u_e203_ifu_ift2icb.req_lane_cross_dfflr.qout_r$_DFFE_PN0P_/D
29	-1.1903	dbg_mode	u_eI_cpu.u_eJ_core.u_eK_ifu.u_eL_ifu_iftMicb.req_need_Nuop_dfflr.qout_r	dbg_mode	u_e203_cpu.u_e203_core.u_e203_ifu.u_e203_ifu_ift2icb.req_need_0uop_dfflr.qout_r$_DFFE_PN0P_/D
30	-1.1859	dbg_mode	u_eI_cpu.u_eJ_core.u_eK_exu.u_eL_exu_csr.minstreth_dfflr.qout_r[M]	dbg_mode	u_e203_cpu.u_e203_core.u_e203_exu.u_e203_exu_csr.minstreth_dfflr.qout_r[29]$_DFFE_PN0P_/D
31	-1.1856	dbg_mode	u_eI_cpu.u_eJ_core.u_eK_ifu.u_eL_ifu_ifetch.ifu_prdt_taken_dfflr.qout_r	dbg_mode	u_e203_cpu.u_e203_core.u_e203_ifu.u_e203_ifu_ifetch.ifu_prdt_taken_dfflr.qout_r$_DFFE_PN0P_/D
32	-1.1853	dbg_mode	u_eI_cpu.u_eJ_core.u_eK_ifu.u_eL_ifu_ifetch.pc_newpend_dfflr.qout_r	dbg_mode	u_e203_cpu.u_e203_core.u_e203_ifu.u_e203_ifu_ifetch.pc_newpend_dfflr.qout_r$_DFFE_PN0P_/D
33	-1.1783	dbg_mode	u_eI_cpu.u_eJ_clk_ctrl.u_itcm_clkgate.enb	dbg_mode	u_e203_cpu.u_e203_clk_ctrl.u_itcm_clkgate.enb$_DLATCH_N_/D
34	-1.1742	dbg_mode	u_eI_cpu.u_eJ_clk_ctrl.u_biu_clkgate.enb	dbg_mode	u_e203_cpu.u_e203_clk_ctrl.u_biu_clkgate.enb$_DLATCH_N_/D
35	-1.1735	dbg_mode	u_eI_cpu.u_eJ_core.u_eK_ifu.u_eL_ifu_iftMicb.icb_addr_N_O_dffl.qout_r[P]	dbg_mode	u_e203_cpu.u_e203_core.u_e203_ifu.u_e203_ifu_ift2icb.icb_addr_2_1_dffl.qout_r[1]$_DFFE_PP_/D
36	-1.1731	dbg_mode	u_eI_cpu.u_eJ_core.u_eK_biu.u_biu_icb_arbt.arbt_num_gt_L_gen.dp_M.u_sirv_gnrl_rspid_fifo.dp_gt_N.dat_dfflr.qout_r	dbg_mode	u_e203_cpu.u_e203_core.u_e203_biu.u_biu_icb_arbt.arbt_num_gt_1_gen.dp_1.u_sirv_gnrl_rspid_fifo.dp_gt_0.dat_dfflr.qout_r$_DFFE_PP_/D
37	-1.1725	dbg_mode	u_eI_cpu.u_eJ_core.u_eK_ifu.u_eL_ifu_ifetch.out_flag_dfflr.qout_r	dbg_mode	u_e203_cpu.u_e203_core.u_e203_ifu.u_e203_ifu_ifetch.out_flag_dfflr.qout_r$_DFFE_PN0P_/D
38	-1.1675	dbg_mode	u_eI_cpu.u_eJ_itcm_ctrl.u_sram_icb_ctrl.u_byp_icb_cmd_buf.u_bypbuf_fifo.dp_gtK.fifo_rf[L].fifo_rf_dffl.qout_r[M]	dbg_mode	u_e203_cpu.u_e203_itcm_ctrl.u_sram_icb_ctrl.u_byp_icb_cmd_buf.u_bypbuf_fifo.dp_gt0.fifo_rf[0].fifo_rf_dffl.qout_r[44]$_DFFE_PP_/D
39	-1.1638	dbg_mode	u_eI_cpu.u_eJ_core.u_eK_ifu.u_eL_ifu_iftMicb.icbNmem_dfflr.qout_r	dbg_mode	u_e203_cpu.u_e203_core.u_e203_ifu.u_e203_ifu_ift2icb.icb2mem_dfflr.qout_r$_DFFE_PN0P_/D
40	-1.1628	dbg_mode	u_eI_cpu.u_eJ_core.u_eK_ifu.u_eL_ifu_ifetch.ir_valid_dfflr.qout_r	dbg_mode	u_e203_cpu.u_e203_core.u_e203_ifu.u_e203_ifu_ifetch.ir_valid_dfflr.qout_r$_DFFE_PN0P_/D
41	-1.1608	dbg_mode	u_eI_cpu.u_eJ_core.u_eK_ifu.u_eL_ifu_iftMicb.req_same_cross_holdup_dfflr.qout_r	dbg_mode	u_e203_cpu.u_e203_core.u_e203_ifu.u_e203_ifu_ift2icb.req_same_cross_holdup_dfflr.qout_r$_DFFE_PN0P_/D
42	-1.1591	dbg_mode	u_eI_cpu.u_eJ_core.u_eK_biu.u_sirv_gnrl_icb_buffer.outs_cnt_dfflr.qout_r	dbg_mode	u_e203_cpu.u_e203_core.u_e203_biu.u_sirv_gnrl_icb_buffer.outs_cnt_dfflr.qout_r$_DFFE_PN0P_/D
43	-1.1587	dbg_mode	u_eI_cpu.u_eJ_core.u_eK_biu.u_sirv_gnrl_icb_buffer.u_sirv_gnrl_cmd_fifo.dp_gtL.vec_M_dfflrs.qout_r	dbg_mode	u_e203_cpu.u_e203_core.u_e203_biu.u_sirv_gnrl_icb_buffer.u_sirv_gnrl_cmd_fifo.dp_gt0.vec_0_dfflrs.qout_r$_DFFE_PN1P_/D
44	-1.1567	dbg_mode	u_eI_cpu.u_eJ_core.u_eK_exu.u_eL_exu_csr.minstret_dfflr.qout_r[M]	dbg_mode	u_e203_cpu.u_e203_core.u_e203_exu.u_e203_exu_csr.minstret_dfflr.qout_r[29]$_DFFE_PN0P_/D
45	-1.1510	dbg_mode	u_eI_cpu.u_eJ_clk_ctrl.itcm_active_dffr.qout_r	dbg_mode	u_e203_cpu.u_e203_clk_ctrl.itcm_active_dffr.qout_r$_DFF_PN0_/D
46	-1.1492	dbg_mode	u_eI_cpu.u_eJ_core.u_eK_ifu.u_eL_ifu_ifetch.reset_req_dfflr.qout_r	dbg_mode	u_e203_cpu.u_e203_core.u_e203_ifu.u_e203_ifu_ifetch.reset_req_dfflr.qout_r$_DFFE_PN0P_/D
47	-1.1449	dbg_mode	u_eI_cpu.u_eJ_itcm_ctrl.u_sram_icb_ctrl.u_sirv_Kcyc_sram_ctrl.u_eL_stage.dp_gt_M.vld_dfflr.qout_r	dbg_mode	u_e203_cpu.u_e203_itcm_ctrl.u_sram_icb_ctrl.u_sirv_1cyc_sram_ctrl.u_e1_stage.dp_gt_0.vld_dfflr.qout_r$_DFFE_PN0P_/D
48	-1.1427	dbg_mode	u_eI_cpu.u_eJ_itcm_ctrl.u_sram_icb_ctrl.u_sirv_Kcyc_sram_ctrl.u_ram_clkgate.enb	dbg_mode	u_e203_cpu.u_e203_itcm_ctrl.u_sram_icb_ctrl.u_sirv_1cyc_sram_ctrl.u_ram_clkgate.enb$_DLATCH_N_/D
49	-1.1427	dbg_mode	u_eI_cpu.u_eJ_core.u_eK_ifu.u_eL_ifu_ifetch.dly_flush_dfflr.qout_r	dbg_mode	u_e203_cpu.u_e203_core.u_e203_ifu.u_e203_ifu_ifetch.dly_flush_dfflr.qout_r$_DFFE_PN0P_/D
50	-1.1399	dbg_mode	u_eI_cpu.u_eJ_core.u_eK_ifu.u_eL_ifu_iftMicb.u_eN_ifetch_rsp_bypbuf.u_bypbuf_fifo.dp_gtO.vec_P_dfflrs.qout_r	dbg_mode	u_e203_cpu.u_e203_core.u_e203_ifu.u_e203_ifu_ift2icb.u_e203_ifetch_rsp_bypbuf.u_bypbuf_fifo.dp_gt0.vec_0_dfflrs.qout_r$_DFFE_PN1P_/D
51	-1.1355	dbg_mode	u_eI_cpu.u_eJ_core.u_eK_exu.u_eL_exu_alu.u_eM_exu_alu_dpath.sbf_N_dffl.qout_r[O]	dbg_mode	u_e203_cpu.u_e203_core.u_e203_exu.u_e203_exu_alu.u_e203_exu_alu_dpath.sbf_0_dffl.qout_r[8]$_DFFE_PP_/D
52	-1.1329	dbg_mode	u_eI_cpu.u_eJ_core.u_eK_biu.u_biu_icb_arbt.arbt_num_gt_L_gen.dp_M.u_sirv_gnrl_rspid_fifo.dp_gt_N.vld_dfflr.qout_r	dbg_mode	u_e203_cpu.u_e203_core.u_e203_biu.u_biu_icb_arbt.arbt_num_gt_1_gen.dp_1.u_sirv_gnrl_rspid_fifo.dp_gt_0.vld_dfflr.qout_r$_DFFE_PN0P_/D
53	-1.1328	dbg_mode	u_eI_cpu.u_eJ_core.u_eK_ifu.u_eL_ifu_iftMicb.icbNitcm_dfflr.qout_r	dbg_mode	u_e203_cpu.u_e203_core.u_e203_ifu.u_e203_ifu_ift2icb.icb2itcm_dfflr.qout_r$_DFFE_PN0P_/D
54	-1.1325	dbg_mode	u_eI_cpu.u_eJ_core.u_eK_biu.u_sirv_gnrl_icb_buffer.u_sirv_gnrl_cmd_fifo.dp_gtL.vec_M_dfflr.qout_r	dbg_mode	u_e203_cpu.u_e203_core.u_e203_biu.u_sirv_gnrl_icb_buffer.u_sirv_gnrl_cmd_fifo.dp_gt0.vec_31_dfflr.qout_r$_DFFE_PN0P_/D
55	-1.1316	dbg_mode	u_eI_cpu.u_eJ_itcm_ctrl.u_sram_icb_ctrl.u_byp_icb_cmd_buf.u_bypbuf_fifo.dp_gtK.vec_L_dfflrs.qout_r	dbg_mode	u_e203_cpu.u_e203_itcm_ctrl.u_sram_icb_ctrl.u_byp_icb_cmd_buf.u_bypbuf_fifo.dp_gt0.vec_0_dfflrs.qout_r$_DFFE_PN1P_/D
56	-1.1305	dbg_mode	u_eI_cpu.u_eJ_core.u_eK_ifu.u_eL_ifu_iftMicb.icb_state_dfflr.qout_r[N]	dbg_mode	u_e203_cpu.u_e203_core.u_e203_ifu.u_e203_ifu_ift2icb.icb_state_dfflr.qout_r[1]$_DFFE_PN0P_/D
57	-1.1289	dbg_mode	u_eI_cpu.u_eJ_itcm_ctrl.u_sram_icb_ctrl.u_byp_icb_cmd_buf.u_bypbuf_fifo.dp_gtK.vec_L_dfflr.qout_r	dbg_mode	u_e203_cpu.u_e203_itcm_ctrl.u_sram_icb_ctrl.u_byp_icb_cmd_buf.u_bypbuf_fifo.dp_gt0.vec_31_dfflr.qout_r$_DFFE_PN0P_/D
58	-1.1269	dbg_mode	u_eI_cpu.u_eJ_itcm_ctrl.ifu_holdup_dffl.qout_r	dbg_mode	u_e203_cpu.u_e203_itcm_ctrl.ifu_holdup_dffl.qout_r$_DFFE_PN0P_/D
59	-1.1268	dbg_mode	u_eI_cpu.u_eJ_core.u_eK_ifu.u_eL_ifu_iftMicb.u_eN_ifetch_rsp_bypbuf.u_bypbuf_fifo.dp_gtO.vec_P_dfflr.qout_r	dbg_mode	u_e203_cpu.u_e203_core.u_e203_ifu.u_e203_ifu_ift2icb.u_e203_ifetch_rsp_bypbuf.u_bypbuf_fifo.dp_gt0.vec_31_dfflr.qout_r$_DFFE_PN0P_/D
60	-1.1259	dbg_mode	u_eI_cpu.u_eJ_itcm_ctrl.u_sram_icb_ctrl.u_sirv_Kcyc_sram_ctrl.u_eL_stage.dp_gt_M.dat_dfflr.qout_r[N]	dbg_mode	u_e203_cpu.u_e203_itcm_ctrl.u_sram_icb_ctrl.u_sirv_1cyc_sram_ctrl.u_e1_stage.dp_gt_0.dat_dfflr.qout_r[1]$_DFFE_PP_/D
61	-1.1042	u_eI_cpu.u_eJ_core.u_eK_ifu.u_eL_ifu_ifetch.ifu_lo_ir_dfflr.qout_r[M]	extIitcm_icb_cmd_ready	u_e203_cpu.u_e203_core.u_e203_ifu.u_e203_ifu_ifetch.ifu_lo_ir_dfflr.qout_r[13]$_DFFE_PN0P_/Q	ext2itcm_icb_cmd_ready
62	-1.0939	u_eI_cpu.u_eJ_core.u_eK_ifu.u_eL_ifu_ifetch.ifu_lo_ir_dfflr.qout_r[M]	extIdtcm_icb_cmd_ready	u_e203_cpu.u_e203_core.u_e203_ifu.u_e203_ifu_ifetch.ifu_lo_ir_dfflr.qout_r[13]$_DFFE_PN0P_/Q	ext2dtcm_icb_cmd_ready
63	-1.0899	dbg_mode	u_eI_cpu.u_eJ_dtcm_ctrl.u_sram_icb_ctrl.u_byp_icb_cmd_buf.u_bypbuf_fifo.dp_gtK.vec_L_dfflr.qout_r	dbg_mode	u_e203_cpu.u_e203_dtcm_ctrl.u_sram_icb_ctrl.u_byp_icb_cmd_buf.u_bypbuf_fifo.dp_gt0.vec_31_dfflr.qout_r$_DFFE_PN0P_/D
64	-1.0863	dbg_mode	u_eI_cpu.u_eJ_dtcm_ctrl.u_sram_icb_ctrl.u_byp_icb_cmd_buf.u_bypbuf_fifo.dp_gtK.vec_L_dfflrs.qout_r	dbg_mode	u_e203_cpu.u_e203_dtcm_ctrl.u_sram_icb_ctrl.u_byp_icb_cmd_buf.u_bypbuf_fifo.dp_gt0.vec_0_dfflrs.qout_r$_DFFE_PN1P_/D
65	-1.0673	dbg_mode	u_eI_cpu.u_eJ_core.u_eK_exu.u_eL_exu_alu.u_eM_exu_alu_dpath.sbf_N_dffl.qout_r[O]	dbg_mode	u_e203_cpu.u_e203_core.u_e203_exu.u_e203_exu_alu.u_e203_exu_alu_dpath.sbf_0_dffl.qout_r[32]$_SDFFCE_PN0P_/D
66	-1.0628	u_eI_cpu.u_eJ_core.u_eK_ifu.u_eL_ifu_ifetch.ifu_hi_ir_dfflr.qout_r[M]	extIitcm_icb_cmd_ready	u_e203_cpu.u_e203_core.u_e203_ifu.u_e203_ifu_ifetch.ifu_hi_ir_dfflr.qout_r[13]$_DFFE_PN0P_/Q	ext2itcm_icb_cmd_ready
67	-1.0579	dbg_mode	u_eI_cpu.u_eJ_core.u_eK_lsu.u_eL_lsu_ctrl.excl_addr_dffl.qout_r[M]	dbg_mode	u_e203_cpu.u_e203_core.u_e203_lsu.u_e203_lsu_ctrl.excl_addr_dffl.qout_r[10]$_DFFE_PN0P_/D
68	-1.0566	dbg_mode	u_eI_cpu.u_eJ_core.u_eK_lsu.u_eL_lsu_ctrl.u_eM_lsu_splt_stage.dp_gt_N.dat_dfflr.qout_r[O]	dbg_mode	u_e203_cpu.u_e203_core.u_e203_lsu.u_e203_lsu_ctrl.u_e203_lsu_splt_stage.dp_gt_0.dat_dfflr.qout_r[39]$_DFFE_PP_/D
69	-1.0525	u_eI_cpu.u_eJ_core.u_eK_ifu.u_eL_ifu_ifetch.ifu_hi_ir_dfflr.qout_r[M]	extIdtcm_icb_cmd_ready	u_e203_cpu.u_e203_core.u_e203_ifu.u_e203_ifu_ifetch.ifu_hi_ir_dfflr.qout_r[13]$_DFFE_PN0P_/Q	ext2dtcm_icb_cmd_ready
70	-1.0445	dbg_mode	u_eI_cpu.u_eJ_core.u_eK_lsu.u_eL_lsu_ctrl.excl_flg_dffl.qout_r	dbg_mode	u_e203_cpu.u_e203_core.u_e203_lsu.u_e203_lsu_ctrl.excl_flg_dffl.qout_r$_DFFE_PN0P_/D
71	-1.0409	dbg_halt_r	cmt_dcause[I]	dbg_halt_r	cmt_dcause[0]
72	-1.0371	dbg_mode	u_eI_cpu.u_eJ_core.u_eK_exu.u_eL_exu_oitf.oitf_entries[M].rdidx_dfflrs.qout_r[N]	dbg_mode	u_e203_cpu.u_e203_core.u_e203_exu.u_e203_exu_oitf.oitf_entries[1].rdidx_dfflrs.qout_r[3]$_DFFE_PP_/D
73	-1.0371	dbg_mode	u_eI_cpu.u_eJ_core.u_eK_exu.u_eL_exu_oitf.oitf_entries[M].pc_dfflrs.qout_r[N]	dbg_mode	u_e203_cpu.u_e203_core.u_e203_exu.u_e203_exu_oitf.oitf_entries[1].pc_dfflrs.qout_r[26]$_DFFE_PP_/D
74	-1.0233	dbg_halt_r	core_wfi	dbg_halt_r	core_wfi
75	-1.0212	dbg_step_r	cmt_dcause[I]	dbg_step_r	cmt_dcause[0]
76	-1.0173	dbg_mode	u_eI_cpu.u_eJ_itcm_ctrl.u_itcm_icb_extKitcm_nLw.fifo_dp_M.u_sirv_gnrl_nNw_fifo.dp_gt_O.dat_dfflr.qout_r	dbg_mode	u_e203_cpu.u_e203_itcm_ctrl.u_itcm_icb_ext2itcm_n2w.fifo_dp_1.u_sirv_gnrl_n2w_fifo.dp_gt_0.dat_dfflr.qout_r$_DFFE_PP_/D
77	-1.0123	dbg_mode	u_eI_cpu.u_eJ_clk_ctrl.u_dtcm_clkgate.enb	dbg_mode	u_e203_cpu.u_e203_clk_ctrl.u_dtcm_clkgate.enb$_DLATCH_N_/D
78	-1.0098	dbg_mode	u_eI_cpu.u_eJ_core.u_eK_exu.u_eL_exu_oitf.depth_gtM.alc_ptr_dfflrs.qout_r	dbg_mode	u_e203_cpu.u_e203_core.u_e203_exu.u_e203_exu_oitf.depth_gt1.alc_ptr_dfflrs.qout_r$_DFFE_PN0P_/D
79	-1.0087	dbg_mode	u_eI_cpu.u_eJ_core.u_eK_exu.u_eL_exu_csr.badaddr_dfflr.qout_r[M]	dbg_mode	u_e203_cpu.u_e203_core.u_e203_exu.u_e203_exu_csr.badaddr_dfflr.qout_r[0]$_DFFE_PN0P_/D
80	-1.0059	dbg_mode	u_eI_cpu.u_eJ_core.u_eK_exu.u_eL_exu_oitf.oitf_entries[M].vld_dfflrs.qout_r	dbg_mode	u_e203_cpu.u_e203_core.u_e203_exu.u_e203_exu_oitf.oitf_entries[1].vld_dfflrs.qout_r$_DFFE_PN0P_/D
81	-1.0036	dbg_step_r	core_wfi	dbg_step_r	core_wfi
82	-1.0035	dbg_mode	u_eI_cpu.u_eJ_core.u_eK_exu.u_eL_exu_regfile.regfile[M].rfnoN.rf_dffl.qout_r[O]	dbg_mode	u_e203_cpu.u_e203_core.u_e203_exu.u_e203_exu_regfile.regfile[11].rfno0.rf_dffl.qout_r[10]$_DFFE_PP_/D
83	-1.0028	dbg_mode	u_eI_cpu.u_eJ_core.u_eK_exu.u_eL_exu_csr.epc_dfflr.qout_r[M]	dbg_mode	u_e203_cpu.u_e203_core.u_e203_exu.u_e203_exu_csr.epc_dfflr.qout_r[10]$_DFFE_PN0P_/D
84	-0.9906	u_eI_cpu.u_eJ_core.u_eK_ifu.u_eL_ifu_ifetch.ir_rsMidx_dfflr.qout_r[N]	extIitcm_icb_cmd_ready	u_e203_cpu.u_e203_core.u_e203_ifu.u_e203_ifu_ifetch.ir_rs1idx_dfflr.qout_r[3]$_DFFE_PN0P_/Q	ext2itcm_icb_cmd_ready
85	-0.9904	dbg_halt_r	cmt_dpc_ena	dbg_halt_r	cmt_dpc_ena
86	-0.9815	dbg_mode	u_eI_cpu.u_eJ_core.u_eK_exu.u_eL_exu_oitf.depth_gtM.alc_ptr_flg_dfflrs.qout_r	dbg_mode	u_e203_cpu.u_e203_core.u_e203_exu.u_e203_exu_oitf.depth_gt1.alc_ptr_flg_dfflrs.qout_r$_DFFE_PN0P_/D
87	-0.9813	dbg_mode	u_eI_cpu.u_eJ_core.u_eK_exu.u_eL_exu_oitf.oitf_entries[M].rdwen_dfflrs.qout_r	dbg_mode	u_e203_cpu.u_e203_core.u_e203_exu.u_e203_exu_oitf.oitf_entries[0].rdwen_dfflrs.qout_r$_DFFE_PP_/D
88	-0.9803	u_eI_cpu.u_eJ_core.u_eK_ifu.u_eL_ifu_ifetch.ir_rsMidx_dfflr.qout_r[N]	extIdtcm_icb_cmd_ready	u_e203_cpu.u_e203_core.u_e203_ifu.u_e203_ifu_ifetch.ir_rs1idx_dfflr.qout_r[3]$_DFFE_PN0P_/Q	ext2dtcm_icb_cmd_ready
89	-0.9774	dbg_mode	u_eI_cpu.u_eJ_itcm_ctrl.u_itcm_icb_extKitcm_nLw.fifo_dp_M.u_sirv_gnrl_nNw_fifo.dp_gt_O.vld_dfflr.qout_r	dbg_mode	u_e203_cpu.u_e203_itcm_ctrl.u_itcm_icb_ext2itcm_n2w.fifo_dp_1.u_sirv_gnrl_n2w_fifo.dp_gt_0.vld_dfflr.qout_r$_DFFE_PN0P_/D
90	-0.9708	dbg_step_r	cmt_dpc_ena	dbg_step_r	cmt_dpc_ena
91	-0.9639	dbg_mode	u_eI_cpu.u_eJ_core.u_eK_ifu.u_eL_ifu_ifetch.ifu_pc_dfflr.qout_r[M]	dbg_mode	u_e203_cpu.u_e203_core.u_e203_ifu.u_e203_ifu_ifetch.ifu_pc_dfflr.qout_r[14]$_DFFE_PN0P_/D
92	-0.9579	dbg_mode	u_eI_cpu.u_eJ_itcm_ctrl.u_itcm_icb_arbt.arbt_num_gt_K_gen.dp_L.u_sirv_gnrl_rspid_fifo.dp_gt_M.vld_dfflr.qout_r	dbg_mode	u_e203_cpu.u_e203_itcm_ctrl.u_itcm_icb_arbt.arbt_num_gt_1_gen.dp_1.u_sirv_gnrl_rspid_fifo.dp_gt_0.vld_dfflr.qout_r$_DFFE_PN0P_/D
93	-0.9541	dbg_mode	u_eI_cpu.u_eJ_dtcm_ctrl.u_dtcm_icb_arbt.arbt_num_gt_K_gen.dp_L.u_sirv_gnrl_rspid_fifo.dp_gt_M.dat_dfflr.qout_r	dbg_mode	u_e203_cpu.u_e203_dtcm_ctrl.u_dtcm_icb_arbt.arbt_num_gt_1_gen.dp_1.u_sirv_gnrl_rspid_fifo.dp_gt_0.dat_dfflr.qout_r$_DFFE_PP_/D
94	-0.9527	dbg_mode	u_eI_cpu.u_eJ_core.u_eK_exu.u_eL_exu_alu.u_eM_exu_alu_lsuagu.icb_state_dfflr.qout_r[N]	dbg_mode	u_e203_cpu.u_e203_core.u_e203_exu.u_e203_exu_alu.u_e203_exu_alu_lsuagu.icb_state_dfflr.qout_r[0]$_DFFE_PN0P_/D
95	-0.9454	dbg_mode	u_eI_cpu.u_eJ_core.u_eK_exu.u_eL_exu_alu.u_eM_exu_alu_muldiv.part_prdt_sftN_dfflr.qout_r	dbg_mode	u_e203_cpu.u_e203_core.u_e203_exu.u_e203_exu_alu.u_e203_exu_alu_muldiv.part_prdt_sft1_dfflr.qout_r$_DFFE_PN0P_/D
96	-0.9451	dbg_mode	u_eI_cpu.u_eJ_clk_ctrl.dtcm_active_dffr.qout_r	dbg_mode	u_e203_cpu.u_e203_clk_ctrl.dtcm_active_dffr.qout_r$_DFF_PN0_/D
97	-0.9397	dbg_mode	u_eI_cpu.u_eJ_itcm_ctrl.u_itcm_icb_arbt.arbt_num_gt_K_gen.dp_L.u_sirv_gnrl_rspid_fifo.dp_gt_M.dat_dfflr.qout_r	dbg_mode	u_e203_cpu.u_e203_itcm_ctrl.u_itcm_icb_arbt.arbt_num_gt_1_gen.dp_1.u_sirv_gnrl_rspid_fifo.dp_gt_0.dat_dfflr.qout_r$_DFFE_PP_/D
98	-0.9392	dbg_mode	u_eI_cpu.u_eJ_core.u_eK_exu.u_eL_exu_csr.status_mpie_dfflr.qout_r	dbg_mode	u_e203_cpu.u_e203_core.u_e203_exu.u_e203_exu_csr.status_mpie_dfflr.qout_r$_DFFE_PN0P_/D
99	-0.9379	u_eI_cpu.u_eJ_core.u_eK_ifu.u_eL_ifu_ifetch.ifu_lo_ir_dfflr.qout_r[M]	cmt_dcause_ena	u_e203_cpu.u_e203_core.u_e203_ifu.u_e203_ifu_ifetch.ifu_lo_ir_dfflr.qout_r[13]$_DFFE_PN0P_/Q	cmt_dcause_ena
100	-0.9273	dbg_mode	u_eI_cpu.u_eJ_core.u_eK_ifu.u_eL_ifu_ifetch.ir_pc_vld_dfflr.qout_r	dbg_mode	u_e203_cpu.u_e203_core.u_e203_ifu.u_e203_ifu_ifetch.ir_pc_vld_dfflr.qout_r$_DFFE_PN0P_/D
101	-0.9255	dbg_mode	u_eI_cpu.u_eJ_core.u_eK_exu.u_eL_exu_alu.u_eM_exu_alu_muldiv.muldiv_state_dfflr.qout_r[N]	dbg_mode	u_e203_cpu.u_e203_core.u_e203_exu.u_e203_exu_alu.u_e203_exu_alu_muldiv.muldiv_state_dfflr.qout_r[2]$_DFFE_PN0P_/D
102	-0.9190	dbg_mode	u_eI_cpu.u_eJ_core.u_eK_exu.u_eL_exu_alu.u_eM_exu_alu_muldiv.part_remd_sftN_dfflr.qout_r	dbg_mode	u_e203_cpu.u_e203_core.u_e203_exu.u_e203_exu_alu.u_e203_exu_alu_muldiv.part_remd_sft1_dfflr.qout_r$_DFFE_PN0P_/D
103	-0.9178	dbg_mode	u_eI_cpu.u_eJ_dtcm_ctrl.u_sram_icb_ctrl.u_sirv_Kcyc_sram_ctrl.u_eL_stage.dp_gt_M.vld_dfflr.qout_r	dbg_mode	u_e203_cpu.u_e203_dtcm_ctrl.u_sram_icb_ctrl.u_sirv_1cyc_sram_ctrl.u_e1_stage.dp_gt_0.vld_dfflr.qout_r$_DFFE_PN0P_/D
104	-0.9138	dbg_mode	u_eI_cpu.u_eJ_itcm_ctrl.u_itcm_icb_lsuKitcm_nLw.fifo_dp_M.u_sirv_gnrl_nNw_fifo.dp_gt_O.dat_dfflr.qout_r	dbg_mode	u_e203_cpu.u_e203_itcm_ctrl.u_itcm_icb_lsu2itcm_n2w.fifo_dp_1.u_sirv_gnrl_n2w_fifo.dp_gt_0.dat_dfflr.qout_r$_DFFE_PP_/D
105	-0.9124	dbg_mode	u_eI_cpu.u_eJ_core.u_eK_exu.u_eL_exu_csr.mcycle_dfflr.qout_r[M]	dbg_mode	u_e203_cpu.u_e203_core.u_e203_exu.u_e203_exu_csr.mcycle_dfflr.qout_r[10]$_DFFE_PN0P_/D
106	-0.9101	dbg_mode	u_eI_cpu.u_eJ_core.u_eK_exu.u_eL_exu_csr.mscratch_dfflr.qout_r[M]	dbg_mode	u_e203_cpu.u_e203_core.u_e203_exu.u_e203_exu_csr.mscratch_dfflr.qout_r[16]$_DFFE_PN0P_/D
107	-0.9080	dbg_mode	u_eI_cpu.u_eJ_core.u_eK_exu.u_eL_exu_csr.mcycleh_dfflr.qout_r[M]	dbg_mode	u_e203_cpu.u_e203_core.u_e203_exu.u_e203_exu_csr.mcycleh_dfflr.qout_r[16]$_DFFE_PN0P_/D
108	-0.9074	dbg_mode	u_eI_cpu.u_eJ_dtcm_ctrl.u_sram_icb_ctrl.u_sirv_Kcyc_sram_ctrl.u_ram_clkgate.enb	dbg_mode	u_e203_cpu.u_e203_dtcm_ctrl.u_sram_icb_ctrl.u_sirv_1cyc_sram_ctrl.u_ram_clkgate.enb$_DLATCH_N_/D
109	-0.9054	dbg_mode	u_eI_cpu.u_eJ_core.u_eK_exu.u_eL_exu_alu.u_eM_exu_nice.u_nice_itag_fifo.dp_gtN.vec_O_dfflrs.qout_r	dbg_mode	u_e203_cpu.u_e203_core.u_e203_exu.u_e203_exu_alu.u_e203_exu_nice.u_nice_itag_fifo.dp_gt0.vec_0_dfflrs.qout_r$_DFFE_PN1P_/D
110	-0.9050	dbg_mode	u_eI_cpu.u_eJ_core.u_eK_exu.u_eL_exu_alu.u_eM_exu_nice.u_nice_itag_fifo.dp_gtN.vec_O_dfflr.qout_r[P]	dbg_mode	u_e203_cpu.u_e203_core.u_e203_exu.u_e203_exu_alu.u_e203_exu_nice.u_nice_itag_fifo.dp_gt0.vec_31_dfflr.qout_r[1]$_DFFE_PN0P_/D
111	-0.9016	dbg_mode	u_eI_cpu.u_eJ_core.u_eK_exu.u_eL_exu_csr.mtvec_dfflr.qout_r[M]	dbg_mode	u_e203_cpu.u_e203_core.u_e203_exu.u_e203_exu_csr.mtvec_dfflr.qout_r[10]$_DFFE_PN0P_/D
112	-0.8965	u_eI_cpu.u_eJ_core.u_eK_ifu.u_eL_ifu_ifetch.ifu_hi_ir_dfflr.qout_r[M]	cmt_dcause_ena	u_e203_cpu.u_e203_core.u_e203_ifu.u_e203_ifu_ifetch.ifu_hi_ir_dfflr.qout_r[13]$_DFFE_PN0P_/Q	cmt_dcause_ena
113	-0.8959	dbg_mode	u_eI_cpu.u_eJ_core.u_eK_exu.u_eL_exu_csr.cause_dfflr.qout_r[M]	dbg_mode	u_e203_cpu.u_e203_core.u_e203_exu.u_e203_exu_csr.cause_dfflr.qout_r[0]$_DFFE_PN0P_/D
114	-0.8922	dbg_mode	u_eI_cpu.u_eJ_core.u_eK_exu.u_eL_exu_alu.u_eM_exu_nice.u_nice_itag_fifo.dp_gtN.dp_gtO.wptr_vec_P_dfflr.qout_r[Q]	dbg_mode	u_e203_cpu.u_e203_core.u_e203_exu.u_e203_exu_alu.u_e203_exu_nice.u_nice_itag_fifo.dp_gt0.dp_gt1.wptr_vec_31_dfflr.qout_r[0]$_DFFE_PN0P_/D
115	-0.8873	dbg_mode	u_eI_cpu.u_eJ_core.u_eK_lsu.u_eL_lsu_ctrl.u_eM_lsu_splt_stage.dp_gt_N.vld_dfflr.qout_r	dbg_mode	u_e203_cpu.u_e203_core.u_e203_lsu.u_e203_lsu_ctrl.u_e203_lsu_splt_stage.dp_gt_0.vld_dfflr.qout_r$_DFFE_PN0P_/D
116	-0.8873	dbg_mode	u_eI_cpu.u_eJ_core.u_eK_lsu.u_eL_lsu_ctrl.u_lsu_icb_arbt.arbt_num_gt_M_gen.dp_N.u_sirv_gnrl_rspid_fifo.dp_gt_O.vld_dfflr.qout_r	dbg_mode	u_e203_cpu.u_e203_core.u_e203_lsu.u_e203_lsu_ctrl.u_lsu_icb_arbt.arbt_num_gt_1_gen.dp_1.u_sirv_gnrl_rspid_fifo.dp_gt_0.vld_dfflr.qout_r$_DFFE_PN0P_/D
117	-0.8844	dbg_mode	u_eI_cpu.u_eJ_core.u_eK_exu.u_eL_exu_csr.status_mie_dfflr.qout_r	dbg_mode	u_e203_cpu.u_e203_core.u_e203_exu.u_e203_exu_csr.status_mie_dfflr.qout_r$_DFFE_PN0P_/D
118	-0.8812	dbg_halt_r	u_eI_cpu.u_eJ_core.u_eK_ifu.u_eL_ifu_ifetch.ifu_hi_ir_dfflr.qout_r[M]	dbg_halt_r	u_e203_cpu.u_e203_core.u_e203_ifu.u_e203_ifu_ifetch.ifu_hi_ir_dfflr.qout_r[9]$_DFFE_PN0P_/D
119	-0.8809	dbg_mode	u_eI_cpu.u_eJ_core.u_eK_lsu.u_eL_lsu_ctrl.u_lsu_icb_arbt.arbt_num_gt_M_gen.dp_N.u_sirv_gnrl_rspid_fifo.dp_gt_O.dat_dfflr.qout_r	dbg_mode	u_e203_cpu.u_e203_core.u_e203_lsu.u_e203_lsu_ctrl.u_lsu_icb_arbt.arbt_num_gt_1_gen.dp_1.u_sirv_gnrl_rspid_fifo.dp_gt_0.dat_dfflr.qout_r$_DFFE_PP_/D
120	-0.8807	u_eI_cpu.u_eJ_core.u_eK_ifu.u_eL_ifu_ifetch.ifu_err_dfflr.qout_r	extIitcm_icb_cmd_ready	u_e203_cpu.u_e203_core.u_e203_ifu.u_e203_ifu_ifetch.ifu_err_dfflr.qout_r$_DFFE_PN0P_/Q	ext2itcm_icb_cmd_ready
121	-0.8749	dbg_halt_r	u_eI_cpu.u_eJ_core.u_eK_ifu.u_eL_ifu_iftMicb.leftover_dffl.qout_r[N]	dbg_halt_r	u_e203_cpu.u_e203_core.u_e203_ifu.u_e203_ifu_ift2icb.leftover_dffl.qout_r[10]$_DFFE_PP_/D
122	-0.8740	dbg_mode	u_eI_cpu.u_eJ_dtcm_ctrl.u_dtcm_icb_arbt.arbt_num_gt_K_gen.dp_L.u_sirv_gnrl_rspid_fifo.dp_gt_M.vld_dfflr.qout_r	dbg_mode	u_e203_cpu.u_e203_dtcm_ctrl.u_dtcm_icb_arbt.arbt_num_gt_1_gen.dp_1.u_sirv_gnrl_rspid_fifo.dp_gt_0.vld_dfflr.qout_r$_DFFE_PN0P_/D
123	-0.8731	dbg_mode	u_eI_cpu.u_eJ_itcm_ctrl.u_itcm_icb_lsuKitcm_nLw.fifo_dp_M.u_sirv_gnrl_nNw_fifo.dp_gt_O.vld_dfflr.qout_r	dbg_mode	u_e203_cpu.u_e203_itcm_ctrl.u_itcm_icb_lsu2itcm_n2w.fifo_dp_1.u_sirv_gnrl_n2w_fifo.dp_gt_0.vld_dfflr.qout_r$_DFFE_PN0P_/D
124	-0.8726	dbg_halt_r	u_eI_cpu.u_eJ_core.u_eK_ifu.u_eL_ifu_ifetch.ifu_lo_ir_dfflr.qout_r[M]	dbg_halt_r	u_e203_cpu.u_e203_core.u_e203_ifu.u_e203_ifu_ifetch.ifu_lo_ir_dfflr.qout_r[13]$_DFFE_PN0P_/D
125	-0.8704	u_eI_cpu.u_eJ_core.u_eK_ifu.u_eL_ifu_ifetch.ifu_err_dfflr.qout_r	extIdtcm_icb_cmd_ready	u_e203_cpu.u_e203_core.u_e203_ifu.u_e203_ifu_ifetch.ifu_err_dfflr.qout_r$_DFFE_PN0P_/Q	ext2dtcm_icb_cmd_ready
126	-0.8637	dbg_mode	u_eI_cpu.u_eJ_core.u_eK_exu.u_eL_exu_alu.u_eM_exu_alu_muldiv.flushed_dfflr.qout_r	dbg_mode	u_e203_cpu.u_e203_core.u_e203_exu.u_e203_exu_alu.u_e203_exu_alu_muldiv.flushed_dfflr.qout_r$_DFFE_PN0P_/D
127	-0.8615	dbg_step_r	u_eI_cpu.u_eJ_core.u_eK_ifu.u_eL_ifu_ifetch.ifu_hi_ir_dfflr.qout_r[M]	dbg_step_r	u_e203_cpu.u_e203_core.u_e203_ifu.u_e203_ifu_ifetch.ifu_hi_ir_dfflr.qout_r[9]$_DFFE_PN0P_/D
128	-0.8562	dbg_halt_r	u_eI_cpu.u_eJ_core.u_eK_ifu.u_eL_ifu_ifetch.ir_muldiv_bMb_dfflr.qout_r	dbg_halt_r	u_e203_cpu.u_e203_core.u_e203_ifu.u_e203_ifu_ifetch.ir_muldiv_b2b_dfflr.qout_r$_DFFE_PN0P_/D
129	-0.8559	dbg_mode	u_eI_cpu.u_eJ_core.u_eK_exu.u_eL_exu_csr.counterstop_dfflr.qout_r[M]	dbg_mode	u_e203_cpu.u_e203_core.u_e203_exu.u_e203_exu_csr.counterstop_dfflr.qout_r[0]$_DFFE_PN0P_/D
130	-0.8554	dbg_halt_r	u_eI_cpu.u_eJ_core.u_eK_ifu.u_eL_ifu_ifetch.ir_rsMidx_dfflr.qout_r[N]	dbg_halt_r	u_e203_cpu.u_e203_core.u_e203_ifu.u_e203_ifu_ifetch.ir_rs1idx_dfflr.qout_r[0]$_DFFE_PN0P_/D
131	-0.8553	dbg_step_r	u_eI_cpu.u_eJ_core.u_eK_ifu.u_eL_ifu_iftMicb.leftover_dffl.qout_r[N]	dbg_step_r	u_e203_cpu.u_e203_core.u_e203_ifu.u_e203_ifu_ift2icb.leftover_dffl.qout_r[10]$_DFFE_PP_/D
132	-0.8530	dbg_step_r	u_eI_cpu.u_eJ_core.u_eK_ifu.u_eL_ifu_ifetch.ifu_lo_ir_dfflr.qout_r[M]	dbg_step_r	u_e203_cpu.u_e203_core.u_e203_ifu.u_e203_ifu_ifetch.ifu_lo_ir_dfflr.qout_r[13]$_DFFE_PN0P_/D
133	-0.8504	dbg_mode	u_eI_cpu.u_eJ_core.u_eK_exu.u_eL_exu_csr.mie_dfflr.qout_r[M]	dbg_mode	u_e203_cpu.u_e203_core.u_e203_exu.u_e203_exu_csr.mie_dfflr.qout_r[11]$_DFFE_PN0P_/D
134	-0.8499	dbg_mode	u_eI_cpu.u_eJ_core.u_eK_exu.u_eL_exu_alu.u_eM_exu_nice.u_nice_itag_fifo.dp_gtN.fifo_rf[O].fifo_rf_dffl.qout_r	dbg_mode	u_e203_cpu.u_e203_core.u_e203_exu.u_e203_exu_alu.u_e203_exu_nice.u_nice_itag_fifo.dp_gt0.fifo_rf[3].fifo_rf_dffl.qout_r$_DFFE_PP_/D
135	-0.8445	u_eI_cpu.u_eJ_core.u_eK_exu.u_eL_exu_regfile.regfile[M].rfnoN.rf_dffl.qout_r[O]	extIitcm_icb_cmd_ready	u_e203_cpu.u_e203_core.u_e203_exu.u_e203_exu_regfile.regfile[11].rfno0.rf_dffl.qout_r[31]$_DFFE_PP_/Q	ext2itcm_icb_cmd_ready
136	-0.8426	dbg_halt_r	u_eI_cpu.u_eJ_core.u_eK_ifu.u_eL_ifu_iftMicb.leftover_err_dfflr.qout_r	dbg_halt_r	u_e203_cpu.u_e203_core.u_e203_ifu.u_e203_ifu_ift2icb.leftover_err_dfflr.qout_r$_DFFE_PN0P_/D
137	-0.8418	dbg_halt_r	u_eI_cpu.u_eJ_core.u_eK_ifu.u_eL_ifu_ifetch.ifu_err_dfflr.qout_r	dbg_halt_r	u_e203_cpu.u_e203_core.u_e203_ifu.u_e203_ifu_ifetch.ifu_err_dfflr.qout_r$_DFFE_PN0P_/D
138	-0.8404	dbg_mode	u_eI_cpu.u_eJ_core.u_eK_exu.u_eL_exu_alu.u_eM_exu_alu_muldiv.exec_cnt_dfflr.qout_r[N]	dbg_mode	u_e203_cpu.u_e203_core.u_e203_exu.u_e203_exu_alu.u_e203_exu_alu_muldiv.exec_cnt_dfflr.qout_r[0]$_DFFE_PN0P_/D
139	-0.8402	dbg_mode	u_eI_cpu.u_eJ_core.u_eK_exu.u_eL_exu_csr.mcgstop_dfflr.qout_r[M]	dbg_mode	u_e203_cpu.u_e203_core.u_e203_exu.u_e203_exu_csr.mcgstop_dfflr.qout_r[0]$_DFFE_PN0P_/D
140	-0.8371	dbg_halt_r	u_eI_srams.u_eJ_itcm_ram.u_eK_itcm_gnrl_ram.u_sirv_sim_ram.mem_r[L][M]	dbg_halt_r	u_e203_srams.u_e203_itcm_ram.u_e203_itcm_gnrl_ram.u_sirv_sim_ram.mem_r[0][24]$_DFFE_PP_/D
141	-0.8366	dbg_step_r	u_eI_cpu.u_eJ_core.u_eK_ifu.u_eL_ifu_ifetch.ir_muldiv_bMb_dfflr.qout_r	dbg_step_r	u_e203_cpu.u_e203_core.u_e203_ifu.u_e203_ifu_ifetch.ir_muldiv_b2b_dfflr.qout_r$_DFFE_PN0P_/D
142	-0.8357	dbg_step_r	u_eI_cpu.u_eJ_core.u_eK_ifu.u_eL_ifu_ifetch.ir_rsMidx_dfflr.qout_r[N]	dbg_step_r	u_e203_cpu.u_e203_core.u_e203_ifu.u_e203_ifu_ifetch.ir_rs1idx_dfflr.qout_r[0]$_DFFE_PN0P_/D
143	-0.8353	dbg_mode	u_eI_cpu.u_eJ_core.u_eK_exu.u_eL_exu_csr.mdvnobMb_dfflr.qout_r[N]	dbg_mode	u_e203_cpu.u_e203_core.u_e203_exu.u_e203_exu_csr.mdvnob2b_dfflr.qout_r[0]$_DFFE_PN0P_/D
144	-0.8343	u_eI_cpu.u_eJ_core.u_eK_exu.u_eL_exu_regfile.regfile[M].rfnoN.rf_dffl.qout_r[O]	extIdtcm_icb_cmd_ready	u_e203_cpu.u_e203_core.u_e203_exu.u_e203_exu_regfile.regfile[11].rfno0.rf_dffl.qout_r[31]$_DFFE_PP_/Q	ext2dtcm_icb_cmd_ready
145	-0.8318	dbg_halt_r	u_eI_cpu.u_eJ_core.u_eK_ifu.u_eL_ifu_ifetch.pc_dfflr.qout_r[M]	dbg_halt_r	u_e203_cpu.u_e203_core.u_e203_ifu.u_e203_ifu_ifetch.pc_dfflr.qout_r[10]$_DFFE_PN0P_/D
146	-0.8243	u_eI_cpu.u_eJ_core.u_eK_ifu.u_eL_ifu_ifetch.ir_rsMidx_dfflr.qout_r[N]	cmt_dcause_ena	u_e203_cpu.u_e203_core.u_e203_ifu.u_e203_ifu_ifetch.ir_rs1idx_dfflr.qout_r[3]$_DFFE_PN0P_/Q	cmt_dcause_ena
147	-0.8235	dbg_mode	u_eI_cpu.u_eJ_core.u_eK_exu.u_eL_exu_csr.itcmnohold_dfflr.qout_r[M]	dbg_mode	u_e203_cpu.u_e203_core.u_e203_exu.u_e203_exu_csr.itcmnohold_dfflr.qout_r[0]$_DFFE_PN0P_/D
148	-0.8229	dbg_step_r	u_eI_cpu.u_eJ_core.u_eK_ifu.u_eL_ifu_iftMicb.leftover_err_dfflr.qout_r	dbg_step_r	u_e203_cpu.u_e203_core.u_e203_ifu.u_e203_ifu_ift2icb.leftover_err_dfflr.qout_r$_DFFE_PN0P_/D
149	-0.8228	dbg_halt_r	u_eI_srams.u_eJ_dtcm_ram.u_eK_dtcm_gnrl_ram.u_sirv_sim_ram.mem_r[L][M]	dbg_halt_r	u_e203_srams.u_e203_dtcm_ram.u_e203_dtcm_gnrl_ram.u_sirv_sim_ram.mem_r[0][10]$_DFFE_PP_/D
150	-0.8222	dbg_step_r	u_eI_cpu.u_eJ_core.u_eK_ifu.u_eL_ifu_ifetch.ifu_err_dfflr.qout_r	dbg_step_r	u_e203_cpu.u_e203_core.u_e203_ifu.u_e203_ifu_ifetch.ifu_err_dfflr.qout_r$_DFFE_PN0P_/D
151	-0.8207	dbg_mode	u_eI_cpu.u_eJ_nice_core.sbuf_cmd_cnt_dfflr.qout_r[K]	dbg_mode	u_e203_cpu.u_e203_nice_core.sbuf_cmd_cnt_dfflr.qout_r[0]$_DFFE_PN0P_/D
152	-0.8175	dbg_step_r	u_eI_srams.u_eJ_itcm_ram.u_eK_itcm_gnrl_ram.u_sirv_sim_ram.mem_r[L][M]	dbg_step_r	u_e203_srams.u_e203_itcm_ram.u_e203_itcm_gnrl_ram.u_sirv_sim_ram.mem_r[0][24]$_DFFE_PP_/D
153	-0.8164	dbg_mode	u_eI_cpu.u_eJ_core.u_eK_exu.u_eL_exu_alu.u_eM_exu_nice.u_nice_itag_fifo.dp_gtN.wptr_vec_O_dfflrs.qout_r	dbg_mode	u_e203_cpu.u_e203_core.u_e203_exu.u_e203_exu_alu.u_e203_exu_nice.u_nice_itag_fifo.dp_gt0.wptr_vec_0_dfflrs.qout_r$_DFFE_PN1P_/D
154	-0.8122	dbg_step_r	u_eI_cpu.u_eJ_core.u_eK_ifu.u_eL_ifu_ifetch.pc_dfflr.qout_r[M]	dbg_step_r	u_e203_cpu.u_e203_core.u_e203_ifu.u_e203_ifu_ifetch.pc_dfflr.qout_r[10]$_DFFE_PN0P_/D
155	-0.8069	dbg_halt_r	u_eI_cpu.u_eJ_core.u_eK_ifu.u_eL_ifu_iftMicb.u_eN_ifetch_rsp_bypbuf.u_bypbuf_fifo.dp_gtO.fifo_rf[P].fifo_rf_dffl.qout_r[Q]	dbg_halt_r	u_e203_cpu.u_e203_core.u_e203_ifu.u_e203_ifu_ift2icb.u_e203_ifetch_rsp_bypbuf.u_bypbuf_fifo.dp_gt0.fifo_rf[0].fifo_rf_dffl.qout_r[10]$_DFFE_PP_/D
156	-0.8041	dbg_halt_r	u_eI_cpu.u_eJ_core.u_eK_biu.u_sirv_gnrl_icb_buffer.u_sirv_gnrl_cmd_fifo.dp_gtL.fifo_rf[M].fifo_rf_dffl.qout_r[N]	dbg_halt_r	u_e203_cpu.u_e203_core.u_e203_biu.u_sirv_gnrl_icb_buffer.u_sirv_gnrl_cmd_fifo.dp_gt0.fifo_rf[0].fifo_rf_dffl.qout_r[52]$_DFFE_PP_/D
157	-0.8032	dbg_step_r	u_eI_srams.u_eJ_dtcm_ram.u_eK_dtcm_gnrl_ram.u_sirv_sim_ram.mem_r[L][M]	dbg_step_r	u_e203_srams.u_e203_dtcm_ram.u_e203_dtcm_gnrl_ram.u_sirv_sim_ram.mem_r[0][10]$_DFFE_PP_/D
158	-0.7986	dbg_halt_r	u_eI_cpu.u_eJ_dtcm_ctrl.u_sram_icb_ctrl.u_byp_icb_cmd_buf.u_bypbuf_fifo.dp_gtK.fifo_rf[L].fifo_rf_dffl.qout_r[M]	dbg_halt_r	u_e203_cpu.u_e203_dtcm_ctrl.u_sram_icb_ctrl.u_byp_icb_cmd_buf.u_bypbuf_fifo.dp_gt0.fifo_rf[0].fifo_rf_dffl.qout_r[1]$_DFFE_PP_/D
159	-0.7945	dbg_mode	u_eI_cpu.u_eJ_core.u_eK_exu.u_eL_exu_alu.u_eM_exu_alu_lsuagu.unalgn_flg_dffl.qout_r	dbg_mode	u_e203_cpu.u_e203_core.u_e203_exu.u_e203_exu_alu.u_e203_exu_alu_lsuagu.unalgn_flg_dffl.qout_r$_DFFE_PN0P_/D
160	-0.7940	dbg_halt_r	u_eI_cpu.u_eJ_core.u_eK_ifu.u_eL_ifu_iftMicb.req_lane_cross_dfflr.qout_r	dbg_halt_r	u_e203_cpu.u_e203_core.u_e203_ifu.u_e203_ifu_ift2icb.req_lane_cross_dfflr.qout_r$_DFFE_PN0P_/D
161	-0.7940	dbg_halt_r	u_eI_cpu.u_eJ_core.u_eK_ifu.u_eL_ifu_iftMicb.req_need_Nuop_dfflr.qout_r	dbg_halt_r	u_e203_cpu.u_e203_core.u_e203_ifu.u_e203_ifu_ift2icb.req_need_0uop_dfflr.qout_r$_DFFE_PN0P_/D
162	-0.7897	dbg_halt_r	u_eI_cpu.u_eJ_core.u_eK_exu.u_eL_exu_csr.minstreth_dfflr.qout_r[M]	dbg_halt_r	u_e203_cpu.u_e203_core.u_e203_exu.u_e203_exu_csr.minstreth_dfflr.qout_r[29]$_DFFE_PN0P_/D
163	-0.7894	dbg_halt_r	u_eI_cpu.u_eJ_core.u_eK_ifu.u_eL_ifu_ifetch.ifu_prdt_taken_dfflr.qout_r	dbg_halt_r	u_e203_cpu.u_e203_core.u_e203_ifu.u_e203_ifu_ifetch.ifu_prdt_taken_dfflr.qout_r$_DFFE_PN0P_/D
164	-0.7890	dbg_halt_r	u_eI_cpu.u_eJ_core.u_eK_ifu.u_eL_ifu_ifetch.pc_newpend_dfflr.qout_r	dbg_halt_r	u_e203_cpu.u_e203_core.u_e203_ifu.u_e203_ifu_ifetch.pc_newpend_dfflr.qout_r$_DFFE_PN0P_/D
165	-0.7873	dbg_step_r	u_eI_cpu.u_eJ_core.u_eK_ifu.u_eL_ifu_iftMicb.u_eN_ifetch_rsp_bypbuf.u_bypbuf_fifo.dp_gtO.fifo_rf[P].fifo_rf_dffl.qout_r[Q]	dbg_step_r	u_e203_cpu.u_e203_core.u_e203_ifu.u_e203_ifu_ift2icb.u_e203_ifetch_rsp_bypbuf.u_bypbuf_fifo.dp_gt0.fifo_rf[0].fifo_rf_dffl.qout_r[10]$_DFFE_PP_/D
166	-0.7845	dbg_step_r	u_eI_cpu.u_eJ_core.u_eK_biu.u_sirv_gnrl_icb_buffer.u_sirv_gnrl_cmd_fifo.dp_gtL.fifo_rf[M].fifo_rf_dffl.qout_r[N]	dbg_step_r	u_e203_cpu.u_e203_core.u_e203_biu.u_sirv_gnrl_icb_buffer.u_sirv_gnrl_cmd_fifo.dp_gt0.fifo_rf[0].fifo_rf_dffl.qout_r[52]$_DFFE_PP_/D
167	-0.7820	dbg_halt_r	u_eI_cpu.u_eJ_clk_ctrl.u_itcm_clkgate.enb	dbg_halt_r	u_e203_cpu.u_e203_clk_ctrl.u_itcm_clkgate.enb$_DLATCH_N_/D
168	-0.7790	dbg_step_r	u_eI_cpu.u_eJ_dtcm_ctrl.u_sram_icb_ctrl.u_byp_icb_cmd_buf.u_bypbuf_fifo.dp_gtK.fifo_rf[L].fifo_rf_dffl.qout_r[M]	dbg_step_r	u_e203_cpu.u_e203_dtcm_ctrl.u_sram_icb_ctrl.u_byp_icb_cmd_buf.u_bypbuf_fifo.dp_gt0.fifo_rf[0].fifo_rf_dffl.qout_r[1]$_DFFE_PP_/D
169	-0.7780	dbg_halt_r	u_eI_cpu.u_eJ_clk_ctrl.u_biu_clkgate.enb	dbg_halt_r	u_e203_cpu.u_e203_clk_ctrl.u_biu_clkgate.enb$_DLATCH_N_/D
170	-0.7773	dbg_mode	u_eI_cpu.u_eJ_clk_ctrl.u_lsu_clkgate.enb	dbg_mode	u_e203_cpu.u_e203_clk_ctrl.u_lsu_clkgate.enb$_DLATCH_N_/D
171	-0.7772	dbg_halt_r	u_eI_cpu.u_eJ_core.u_eK_ifu.u_eL_ifu_iftMicb.icb_addr_N_O_dffl.qout_r[P]	dbg_halt_r	u_e203_cpu.u_e203_core.u_e203_ifu.u_e203_ifu_ift2icb.icb_addr_2_1_dffl.qout_r[1]$_DFFE_PP_/D
172	-0.7768	dbg_halt_r	u_eI_cpu.u_eJ_core.u_eK_biu.u_biu_icb_arbt.arbt_num_gt_L_gen.dp_M.u_sirv_gnrl_rspid_fifo.dp_gt_N.dat_dfflr.qout_r	dbg_halt_r	u_e203_cpu.u_e203_core.u_e203_biu.u_biu_icb_arbt.arbt_num_gt_1_gen.dp_1.u_sirv_gnrl_rspid_fifo.dp_gt_0.dat_dfflr.qout_r$_DFFE_PP_/D
173	-0.7764	dbg_mode	u_eI_cpu.u_eJ_core.u_eK_ifu.u_eL_ifu_ifetch.u_eM_ifu_litebpu.rsNxn_rdrf_dfflrs.qout_r	dbg_mode	u_e203_cpu.u_e203_core.u_e203_ifu.u_e203_ifu_ifetch.u_e203_ifu_litebpu.rs1xn_rdrf_dfflrs.qout_r$_DFFE_PN0P_/D
174	-0.7762	dbg_halt_r	u_eI_cpu.u_eJ_core.u_eK_ifu.u_eL_ifu_ifetch.out_flag_dfflr.qout_r	dbg_halt_r	u_e203_cpu.u_e203_core.u_e203_ifu.u_e203_ifu_ifetch.out_flag_dfflr.qout_r$_DFFE_PN0P_/D
175	-0.7744	dbg_step_r	u_eI_cpu.u_eJ_core.u_eK_ifu.u_eL_ifu_iftMicb.req_lane_cross_dfflr.qout_r	dbg_step_r	u_e203_cpu.u_e203_core.u_e203_ifu.u_e203_ifu_ift2icb.req_lane_cross_dfflr.qout_r$_DFFE_PN0P_/D
176	-0.7744	dbg_step_r	u_eI_cpu.u_eJ_core.u_eK_ifu.u_eL_ifu_iftMicb.req_need_Nuop_dfflr.qout_r	dbg_step_r	u_e203_cpu.u_e203_core.u_e203_ifu.u_e203_ifu_ift2icb.req_need_0uop_dfflr.qout_r$_DFFE_PN0P_/D
177	-0.7713	dbg_halt_r	u_eI_cpu.u_eJ_itcm_ctrl.u_sram_icb_ctrl.u_byp_icb_cmd_buf.u_bypbuf_fifo.dp_gtK.fifo_rf[L].fifo_rf_dffl.qout_r[M]	dbg_halt_r	u_e203_cpu.u_e203_itcm_ctrl.u_sram_icb_ctrl.u_byp_icb_cmd_buf.u_bypbuf_fifo.dp_gt0.fifo_rf[0].fifo_rf_dffl.qout_r[44]$_DFFE_PP_/D
178	-0.7701	dbg_step_r	u_eI_cpu.u_eJ_core.u_eK_exu.u_eL_exu_csr.minstreth_dfflr.qout_r[M]	dbg_step_r	u_e203_cpu.u_e203_core.u_e203_exu.u_e203_exu_csr.minstreth_dfflr.qout_r[29]$_DFFE_PN0P_/D
179	-0.7697	dbg_step_r	u_eI_cpu.u_eJ_core.u_eK_ifu.u_eL_ifu_ifetch.ifu_prdt_taken_dfflr.qout_r	dbg_step_r	u_e203_cpu.u_e203_core.u_e203_ifu.u_e203_ifu_ifetch.ifu_prdt_taken_dfflr.qout_r$_DFFE_PN0P_/D
180	-0.7694	dbg_step_r	u_eI_cpu.u_eJ_core.u_eK_ifu.u_eL_ifu_ifetch.pc_newpend_dfflr.qout_r	dbg_step_r	u_e203_cpu.u_e203_core.u_e203_ifu.u_e203_ifu_ifetch.pc_newpend_dfflr.qout_r$_DFFE_PN0P_/D
181	-0.7689	dbg_mode	u_eI_cpu.u_eJ_core.u_eK_exu.u_eL_exu_alu.u_eM_exu_alu_lsuagu.icb_leftover_err_dfflr.qout_r	dbg_mode	u_e203_cpu.u_e203_core.u_e203_exu.u_e203_exu_alu.u_e203_exu_alu_lsuagu.icb_leftover_err_dfflr.qout_r$_DFFE_PN0P_/D
182	-0.7676	dbg_halt_r	u_eI_cpu.u_eJ_core.u_eK_ifu.u_eL_ifu_iftMicb.icbNmem_dfflr.qout_r	dbg_halt_r	u_e203_cpu.u_e203_core.u_e203_ifu.u_e203_ifu_ift2icb.icb2mem_dfflr.qout_r$_DFFE_PN0P_/D
183	-0.7665	dbg_halt_r	u_eI_cpu.u_eJ_core.u_eK_ifu.u_eL_ifu_ifetch.ir_valid_dfflr.qout_r	dbg_halt_r	u_e203_cpu.u_e203_core.u_e203_ifu.u_e203_ifu_ifetch.ir_valid_dfflr.qout_r$_DFFE_PN0P_/D
184	-0.7645	dbg_halt_r	u_eI_cpu.u_eJ_core.u_eK_ifu.u_eL_ifu_iftMicb.req_same_cross_holdup_dfflr.qout_r	dbg_halt_r	u_e203_cpu.u_e203_core.u_e203_ifu.u_e203_ifu_ift2icb.req_same_cross_holdup_dfflr.qout_r$_DFFE_PN0P_/D
185	-0.7628	dbg_halt_r	u_eI_cpu.u_eJ_core.u_eK_biu.u_sirv_gnrl_icb_buffer.outs_cnt_dfflr.qout_r	dbg_halt_r	u_e203_cpu.u_e203_core.u_e203_biu.u_sirv_gnrl_icb_buffer.outs_cnt_dfflr.qout_r$_DFFE_PN0P_/D
186	-0.7625	dbg_halt_r	u_eI_cpu.u_eJ_core.u_eK_biu.u_sirv_gnrl_icb_buffer.u_sirv_gnrl_cmd_fifo.dp_gtL.vec_M_dfflrs.qout_r	dbg_halt_r	u_e203_cpu.u_e203_core.u_e203_biu.u_sirv_gnrl_icb_buffer.u_sirv_gnrl_cmd_fifo.dp_gt0.vec_0_dfflrs.qout_r$_DFFE_PN1P_/D
187	-0.7624	dbg_step_r	u_eI_cpu.u_eJ_clk_ctrl.u_itcm_clkgate.enb	dbg_step_r	u_e203_cpu.u_e203_clk_ctrl.u_itcm_clkgate.enb$_DLATCH_N_/D
188	-0.7605	dbg_halt_r	u_eI_cpu.u_eJ_core.u_eK_exu.u_eL_exu_csr.minstret_dfflr.qout_r[M]	dbg_halt_r	u_e203_cpu.u_e203_core.u_e203_exu.u_e203_exu_csr.minstret_dfflr.qout_r[29]$_DFFE_PN0P_/D
189	-0.7584	dbg_step_r	u_eI_cpu.u_eJ_clk_ctrl.u_biu_clkgate.enb	dbg_step_r	u_e203_cpu.u_e203_clk_ctrl.u_biu_clkgate.enb$_DLATCH_N_/D
190	-0.7576	dbg_step_r	u_eI_cpu.u_eJ_core.u_eK_ifu.u_eL_ifu_iftMicb.icb_addr_N_O_dffl.qout_r[P]	dbg_step_r	u_e203_cpu.u_e203_core.u_e203_ifu.u_e203_ifu_ift2icb.icb_addr_2_1_dffl.qout_r[1]$_DFFE_PP_/D
191	-0.7572	dbg_step_r	u_eI_cpu.u_eJ_core.u_eK_biu.u_biu_icb_arbt.arbt_num_gt_L_gen.dp_M.u_sirv_gnrl_rspid_fifo.dp_gt_N.dat_dfflr.qout_r	dbg_step_r	u_e203_cpu.u_e203_core.u_e203_biu.u_biu_icb_arbt.arbt_num_gt_1_gen.dp_1.u_sirv_gnrl_rspid_fifo.dp_gt_0.dat_dfflr.qout_r$_DFFE_PP_/D
192	-0.7566	dbg_step_r	u_eI_cpu.u_eJ_core.u_eK_ifu.u_eL_ifu_ifetch.out_flag_dfflr.qout_r	dbg_step_r	u_e203_cpu.u_e203_core.u_e203_ifu.u_e203_ifu_ifetch.out_flag_dfflr.qout_r$_DFFE_PN0P_/D
193	-0.7562	dbg_mode	u_eI_cpu.u_eJ_core.u_eK_exu.u_eL_exu_commit.u_eM_exu_excp.wfi_halt_req_dfflr.qout_r	dbg_mode	u_e203_cpu.u_e203_core.u_e203_exu.u_e203_exu_commit.u_e203_exu_excp.wfi_halt_req_dfflr.qout_r$_DFFE_PN0P_/D
194	-0.7548	dbg_halt_r	u_eI_cpu.u_eJ_clk_ctrl.itcm_active_dffr.qout_r	dbg_halt_r	u_e203_cpu.u_e203_clk_ctrl.itcm_active_dffr.qout_r$_DFF_PN0_/D
195	-0.7529	dbg_halt_r	u_eI_cpu.u_eJ_core.u_eK_ifu.u_eL_ifu_ifetch.reset_req_dfflr.qout_r	dbg_halt_r	u_e203_cpu.u_e203_core.u_e203_ifu.u_e203_ifu_ifetch.reset_req_dfflr.qout_r$_DFFE_PN0P_/D
196	-0.7517	dbg_step_r	u_eI_cpu.u_eJ_itcm_ctrl.u_sram_icb_ctrl.u_byp_icb_cmd_buf.u_bypbuf_fifo.dp_gtK.fifo_rf[L].fifo_rf_dffl.qout_r[M]	dbg_step_r	u_e203_cpu.u_e203_itcm_ctrl.u_sram_icb_ctrl.u_byp_icb_cmd_buf.u_bypbuf_fifo.dp_gt0.fifo_rf[0].fifo_rf_dffl.qout_r[44]$_DFFE_PP_/D
197	-0.7516	u_eI_cpu.u_eJ_core.u_eK_ifu.u_eL_ifu_ifetch.ifu_lo_ir_dfflr.qout_r[M]	cmt_dcause[I]	u_e203_cpu.u_e203_core.u_e203_ifu.u_e203_ifu_ifetch.ifu_lo_ir_dfflr.qout_r[13]$_DFFE_PN0P_/Q	cmt_dcause[0]
198	-0.7487	dbg_halt_r	u_eI_cpu.u_eJ_itcm_ctrl.u_sram_icb_ctrl.u_sirv_Kcyc_sram_ctrl.u_eL_stage.dp_gt_M.vld_dfflr.qout_r	dbg_halt_r	u_e203_cpu.u_e203_itcm_ctrl.u_sram_icb_ctrl.u_sirv_1cyc_sram_ctrl.u_e1_stage.dp_gt_0.vld_dfflr.qout_r$_DFFE_PN0P_/D
199	-0.7479	dbg_step_r	u_eI_cpu.u_eJ_core.u_eK_ifu.u_eL_ifu_iftMicb.icbNmem_dfflr.qout_r	dbg_step_r	u_e203_cpu.u_e203_core.u_e203_ifu.u_e203_ifu_ift2icb.icb2mem_dfflr.qout_r$_DFFE_PN0P_/D
200	-0.7469	dbg_step_r	u_eI_cpu.u_eJ_core.u_eK_ifu.u_eL_ifu_ifetch.ir_valid_dfflr.qout_r	dbg_step_r	u_e203_cpu.u_e203_core.u_e203_ifu.u_e203_ifu_ifetch.ir_valid_dfflr.qout_r$_DFFE_PN0P_/D
201	-0.7465	dbg_halt_r	u_eI_cpu.u_eJ_itcm_ctrl.u_sram_icb_ctrl.u_sirv_Kcyc_sram_ctrl.u_ram_clkgate.enb	dbg_halt_r	u_e203_cpu.u_e203_itcm_ctrl.u_sram_icb_ctrl.u_sirv_1cyc_sram_ctrl.u_ram_clkgate.enb$_DLATCH_N_/D
202	-0.7464	dbg_halt_r	u_eI_cpu.u_eJ_core.u_eK_ifu.u_eL_ifu_ifetch.dly_flush_dfflr.qout_r	dbg_halt_r	u_e203_cpu.u_e203_core.u_e203_ifu.u_e203_ifu_ifetch.dly_flush_dfflr.qout_r$_DFFE_PN0P_/D
203	-0.7449	dbg_mode	u_eI_cpu.u_eJ_nice_core.lbuf_cnt_dfflr.qout_r[K]	dbg_mode	u_e203_cpu.u_e203_nice_core.lbuf_cnt_dfflr.qout_r[0]$_DFFE_PN0P_/D
204	-0.7449	dbg_step_r	u_eI_cpu.u_eJ_core.u_eK_ifu.u_eL_ifu_iftMicb.req_same_cross_holdup_dfflr.qout_r	dbg_step_r	u_e203_cpu.u_e203_core.u_e203_ifu.u_e203_ifu_ift2icb.req_same_cross_holdup_dfflr.qout_r$_DFFE_PN0P_/D
205	-0.7437	dbg_halt_r	u_eI_cpu.u_eJ_core.u_eK_ifu.u_eL_ifu_iftMicb.u_eN_ifetch_rsp_bypbuf.u_bypbuf_fifo.dp_gtO.vec_P_dfflrs.qout_r	dbg_halt_r	u_e203_cpu.u_e203_core.u_e203_ifu.u_e203_ifu_ift2icb.u_e203_ifetch_rsp_bypbuf.u_bypbuf_fifo.dp_gt0.vec_0_dfflrs.qout_r$_DFFE_PN1P_/D
206	-0.7432	dbg_step_r	u_eI_cpu.u_eJ_core.u_eK_biu.u_sirv_gnrl_icb_buffer.outs_cnt_dfflr.qout_r	dbg_step_r	u_e203_cpu.u_e203_core.u_e203_biu.u_sirv_gnrl_icb_buffer.outs_cnt_dfflr.qout_r$_DFFE_PN0P_/D
207	-0.7428	dbg_step_r	u_eI_cpu.u_eJ_core.u_eK_biu.u_sirv_gnrl_icb_buffer.u_sirv_gnrl_cmd_fifo.dp_gtL.vec_M_dfflrs.qout_r	dbg_step_r	u_e203_cpu.u_e203_core.u_e203_biu.u_sirv_gnrl_icb_buffer.u_sirv_gnrl_cmd_fifo.dp_gt0.vec_0_dfflrs.qout_r$_DFFE_PN1P_/D
208	-0.7408	dbg_step_r	u_eI_cpu.u_eJ_core.u_eK_exu.u_eL_exu_csr.minstret_dfflr.qout_r[M]	dbg_step_r	u_e203_cpu.u_e203_core.u_e203_exu.u_e203_exu_csr.minstret_dfflr.qout_r[29]$_DFFE_PN0P_/D
209	-0.7393	dbg_halt_r	u_eI_cpu.u_eJ_core.u_eK_exu.u_eL_exu_alu.u_eM_exu_alu_dpath.sbf_N_dffl.qout_r[O]	dbg_halt_r	u_e203_cpu.u_e203_core.u_e203_exu.u_e203_exu_alu.u_e203_exu_alu_dpath.sbf_0_dffl.qout_r[8]$_DFFE_PP_/D
210	-0.7371	u_eI_cpu.u_eJ_core.u_eK_exu.u_eL_exu_alu.u_eM_exu_alu_lsuagu.icb_state_dfflr.qout_r[N]	extIitcm_icb_cmd_ready	u_e203_cpu.u_e203_core.u_e203_exu.u_e203_exu_alu.u_e203_exu_alu_lsuagu.icb_state_dfflr.qout_r[1]$_DFFE_PN0P_/Q	ext2itcm_icb_cmd_ready
211	-0.7366	dbg_halt_r	u_eI_cpu.u_eJ_core.u_eK_biu.u_biu_icb_arbt.arbt_num_gt_L_gen.dp_M.u_sirv_gnrl_rspid_fifo.dp_gt_N.vld_dfflr.qout_r	dbg_halt_r	u_e203_cpu.u_e203_core.u_e203_biu.u_biu_icb_arbt.arbt_num_gt_1_gen.dp_1.u_sirv_gnrl_rspid_fifo.dp_gt_0.vld_dfflr.qout_r$_DFFE_PN0P_/D
212	-0.7365	dbg_halt_r	u_eI_cpu.u_eJ_core.u_eK_ifu.u_eL_ifu_iftMicb.icbNitcm_dfflr.qout_r	dbg_halt_r	u_e203_cpu.u_e203_core.u_e203_ifu.u_e203_ifu_ift2icb.icb2itcm_dfflr.qout_r$_DFFE_PN0P_/D
213	-0.7363	dbg_halt_r	u_eI_cpu.u_eJ_core.u_eK_biu.u_sirv_gnrl_icb_buffer.u_sirv_gnrl_cmd_fifo.dp_gtL.vec_M_dfflr.qout_r	dbg_halt_r	u_e203_cpu.u_e203_core.u_e203_biu.u_sirv_gnrl_icb_buffer.u_sirv_gnrl_cmd_fifo.dp_gt0.vec_31_dfflr.qout_r$_DFFE_PN0P_/D
214	-0.7353	dbg_halt_r	u_eI_cpu.u_eJ_itcm_ctrl.u_sram_icb_ctrl.u_byp_icb_cmd_buf.u_bypbuf_fifo.dp_gtK.vec_L_dfflrs.qout_r	dbg_halt_r	u_e203_cpu.u_e203_itcm_ctrl.u_sram_icb_ctrl.u_byp_icb_cmd_buf.u_bypbuf_fifo.dp_gt0.vec_0_dfflrs.qout_r$_DFFE_PN1P_/D
215	-0.7351	dbg_step_r	u_eI_cpu.u_eJ_clk_ctrl.itcm_active_dffr.qout_r	dbg_step_r	u_e203_cpu.u_e203_clk_ctrl.itcm_active_dffr.qout_r$_DFF_PN0_/D
216	-0.7343	dbg_halt_r	u_eI_cpu.u_eJ_core.u_eK_ifu.u_eL_ifu_iftMicb.icb_state_dfflr.qout_r[N]	dbg_halt_r	u_e203_cpu.u_e203_core.u_e203_ifu.u_e203_ifu_ift2icb.icb_state_dfflr.qout_r[1]$_DFFE_PN0P_/D
217	-0.7340	u_eI_cpu.u_eJ_core.u_eK_ifu.u_eL_ifu_ifetch.ifu_lo_ir_dfflr.qout_r[M]	core_wfi	u_e203_cpu.u_e203_core.u_e203_ifu.u_e203_ifu_ifetch.ifu_lo_ir_dfflr.qout_r[13]$_DFFE_PN0P_/Q	core_wfi
218	-0.7333	dbg_step_r	u_eI_cpu.u_eJ_core.u_eK_ifu.u_eL_ifu_ifetch.reset_req_dfflr.qout_r	dbg_step_r	u_e203_cpu.u_e203_core.u_e203_ifu.u_e203_ifu_ifetch.reset_req_dfflr.qout_r$_DFFE_PN0P_/D
219	-0.7332	dbg_mode	u_eI_cpu.u_eJ_core.u_eK_exu.u_eL_exu_commit.u_eM_exu_excp.step_req_dfflr.qout_r	dbg_mode	u_e203_cpu.u_e203_core.u_e203_exu.u_e203_exu_commit.u_e203_exu_excp.step_req_dfflr.qout_r$_DFFE_PN0P_/D
220	-0.7326	dbg_halt_r	u_eI_cpu.u_eJ_itcm_ctrl.u_sram_icb_ctrl.u_byp_icb_cmd_buf.u_bypbuf_fifo.dp_gtK.vec_L_dfflr.qout_r	dbg_halt_r	u_e203_cpu.u_e203_itcm_ctrl.u_sram_icb_ctrl.u_byp_icb_cmd_buf.u_bypbuf_fifo.dp_gt0.vec_31_dfflr.qout_r$_DFFE_PN0P_/D
221	-0.7307	dbg_halt_r	u_eI_cpu.u_eJ_itcm_ctrl.ifu_holdup_dffl.qout_r	dbg_halt_r	u_e203_cpu.u_e203_itcm_ctrl.ifu_holdup_dffl.qout_r$_DFFE_PN0P_/D
222	-0.7306	dbg_halt_r	u_eI_cpu.u_eJ_core.u_eK_ifu.u_eL_ifu_iftMicb.u_eN_ifetch_rsp_bypbuf.u_bypbuf_fifo.dp_gtO.vec_P_dfflr.qout_r	dbg_halt_r	u_e203_cpu.u_e203_core.u_e203_ifu.u_e203_ifu_ift2icb.u_e203_ifetch_rsp_bypbuf.u_bypbuf_fifo.dp_gt0.vec_31_dfflr.qout_r$_DFFE_PN0P_/D
223	-0.7297	dbg_halt_r	u_eI_cpu.u_eJ_itcm_ctrl.u_sram_icb_ctrl.u_sirv_Kcyc_sram_ctrl.u_eL_stage.dp_gt_M.dat_dfflr.qout_r[N]	dbg_halt_r	u_e203_cpu.u_e203_itcm_ctrl.u_sram_icb_ctrl.u_sirv_1cyc_sram_ctrl.u_e1_stage.dp_gt_0.dat_dfflr.qout_r[1]$_DFFE_PP_/D
224	-0.7290	dbg_step_r	u_eI_cpu.u_eJ_itcm_ctrl.u_sram_icb_ctrl.u_sirv_Kcyc_sram_ctrl.u_eL_stage.dp_gt_M.vld_dfflr.qout_r	dbg_step_r	u_e203_cpu.u_e203_itcm_ctrl.u_sram_icb_ctrl.u_sirv_1cyc_sram_ctrl.u_e1_stage.dp_gt_0.vld_dfflr.qout_r$_DFFE_PN0P_/D
225	-0.7269	dbg_step_r	u_eI_cpu.u_eJ_itcm_ctrl.u_sram_icb_ctrl.u_sirv_Kcyc_sram_ctrl.u_ram_clkgate.enb	dbg_step_r	u_e203_cpu.u_e203_itcm_ctrl.u_sram_icb_ctrl.u_sirv_1cyc_sram_ctrl.u_ram_clkgate.enb$_DLATCH_N_/D
226	-0.7269	u_eI_cpu.u_eJ_core.u_eK_exu.u_eL_exu_alu.u_eM_exu_alu_lsuagu.icb_state_dfflr.qout_r[N]	extIdtcm_icb_cmd_ready	u_e203_cpu.u_e203_core.u_e203_exu.u_e203_exu_alu.u_e203_exu_alu_lsuagu.icb_state_dfflr.qout_r[1]$_DFFE_PN0P_/Q	ext2dtcm_icb_cmd_ready
227	-0.7268	dbg_step_r	u_eI_cpu.u_eJ_core.u_eK_ifu.u_eL_ifu_ifetch.dly_flush_dfflr.qout_r	dbg_step_r	u_e203_cpu.u_e203_core.u_e203_ifu.u_e203_ifu_ifetch.dly_flush_dfflr.qout_r$_DFFE_PN0P_/D
228	-0.7241	dbg_step_r	u_eI_cpu.u_eJ_core.u_eK_ifu.u_eL_ifu_iftMicb.u_eN_ifetch_rsp_bypbuf.u_bypbuf_fifo.dp_gtO.vec_P_dfflrs.qout_r	dbg_step_r	u_e203_cpu.u_e203_core.u_e203_ifu.u_e203_ifu_ift2icb.u_e203_ifetch_rsp_bypbuf.u_bypbuf_fifo.dp_gt0.vec_0_dfflrs.qout_r$_DFFE_PN1P_/D
229	-0.7196	dbg_step_r	u_eI_cpu.u_eJ_core.u_eK_exu.u_eL_exu_alu.u_eM_exu_alu_dpath.sbf_N_dffl.qout_r[O]	dbg_step_r	u_e203_cpu.u_e203_core.u_e203_exu.u_e203_exu_alu.u_e203_exu_alu_dpath.sbf_0_dffl.qout_r[8]$_DFFE_PP_/D
230	-0.7187	u_eI_cpu.u_eJ_core.u_eK_exu.u_eL_exu_alu.u_eM_exu_alu_muldiv.muldiv_state_dfflr.qout_r[N]	extIitcm_icb_cmd_ready	u_e203_cpu.u_e203_core.u_e203_exu.u_e203_exu_alu.u_e203_exu_alu_muldiv.muldiv_state_dfflr.qout_r[1]$_DFFE_PN0P_/Q	ext2itcm_icb_cmd_ready
231	-0.7170	dbg_step_r	u_eI_cpu.u_eJ_core.u_eK_biu.u_biu_icb_arbt.arbt_num_gt_L_gen.dp_M.u_sirv_gnrl_rspid_fifo.dp_gt_N.vld_dfflr.qout_r	dbg_step_r	u_e203_cpu.u_e203_core.u_e203_biu.u_biu_icb_arbt.arbt_num_gt_1_gen.dp_1.u_sirv_gnrl_rspid_fifo.dp_gt_0.vld_dfflr.qout_r$_DFFE_PN0P_/D
232	-0.7169	dbg_step_r	u_eI_cpu.u_eJ_core.u_eK_ifu.u_eL_ifu_iftMicb.icbNitcm_dfflr.qout_r	dbg_step_r	u_e203_cpu.u_e203_core.u_e203_ifu.u_e203_ifu_ift2icb.icb2itcm_dfflr.qout_r$_DFFE_PN0P_/D
233	-0.7166	dbg_step_r	u_eI_cpu.u_eJ_core.u_eK_biu.u_sirv_gnrl_icb_buffer.u_sirv_gnrl_cmd_fifo.dp_gtL.vec_M_dfflr.qout_r	dbg_step_r	u_e203_cpu.u_e203_core.u_e203_biu.u_sirv_gnrl_icb_buffer.u_sirv_gnrl_cmd_fifo.dp_gt0.vec_31_dfflr.qout_r$_DFFE_PN0P_/D
234	-0.7157	dbg_step_r	u_eI_cpu.u_eJ_itcm_ctrl.u_sram_icb_ctrl.u_byp_icb_cmd_buf.u_bypbuf_fifo.dp_gtK.vec_L_dfflrs.qout_r	dbg_step_r	u_e203_cpu.u_e203_itcm_ctrl.u_sram_icb_ctrl.u_byp_icb_cmd_buf.u_bypbuf_fifo.dp_gt0.vec_0_dfflrs.qout_r$_DFFE_PN1P_/D
235	-0.7151	u_eI_cpu.u_eJ_irq_sync.master_gen.u_tmr_irq_sync.sync_gen[K].i_is_not_L.sync_dffr.qout_r	extIitcm_icb_cmd_ready	u_e203_cpu.u_e203_irq_sync.master_gen.u_tmr_irq_sync.sync_gen[1].i_is_not_0.sync_dffr.qout_r$_DFF_PN0_/Q	ext2itcm_icb_cmd_ready
236	-0.7147	dbg_step_r	u_eI_cpu.u_eJ_core.u_eK_ifu.u_eL_ifu_iftMicb.icb_state_dfflr.qout_r[N]	dbg_step_r	u_e203_cpu.u_e203_core.u_e203_ifu.u_e203_ifu_ift2icb.icb_state_dfflr.qout_r[1]$_DFFE_PN0P_/D
237	-0.7144	dbg_mode	u_eI_cpu.u_eJ_nice_core.state_dfflr.qout_r[K]	dbg_mode	u_e203_cpu.u_e203_nice_core.state_dfflr.qout_r[1]$_DFFE_PN0P_/D
238	-0.7144	u_eI_cpu.u_eJ_core.u_eK_ifu.u_eL_ifu_ifetch.ifu_err_dfflr.qout_r	cmt_dcause_ena	u_e203_cpu.u_e203_core.u_e203_ifu.u_e203_ifu_ifetch.ifu_err_dfflr.qout_r$_DFFE_PN0P_/Q	cmt_dcause_ena
239	-0.7130	dbg_step_r	u_eI_cpu.u_eJ_itcm_ctrl.u_sram_icb_ctrl.u_byp_icb_cmd_buf.u_bypbuf_fifo.dp_gtK.vec_L_dfflr.qout_r	dbg_step_r	u_e203_cpu.u_e203_itcm_ctrl.u_sram_icb_ctrl.u_byp_icb_cmd_buf.u_bypbuf_fifo.dp_gt0.vec_31_dfflr.qout_r$_DFFE_PN0P_/D
240	-0.7111	dbg_step_r	u_eI_cpu.u_eJ_itcm_ctrl.ifu_holdup_dffl.qout_r	dbg_step_r	u_e203_cpu.u_e203_itcm_ctrl.ifu_holdup_dffl.qout_r$_DFFE_PN0P_/D
241	-0.7110	dbg_step_r	u_eI_cpu.u_eJ_core.u_eK_ifu.u_eL_ifu_iftMicb.u_eN_ifetch_rsp_bypbuf.u_bypbuf_fifo.dp_gtO.vec_P_dfflr.qout_r	dbg_step_r	u_e203_cpu.u_e203_core.u_e203_ifu.u_e203_ifu_ift2icb.u_e203_ifetch_rsp_bypbuf.u_bypbuf_fifo.dp_gt0.vec_31_dfflr.qout_r$_DFFE_PN0P_/D
242	-0.7106	u_eI_cpu.u_eJ_core.u_eK_exu.u_eL_exu_csr.mie_dfflr.qout_r[M]	extIitcm_icb_cmd_ready	u_e203_cpu.u_e203_core.u_e203_exu.u_e203_exu_csr.mie_dfflr.qout_r[7]$_DFFE_PN0P_/Q	ext2itcm_icb_cmd_ready
243	-0.7102	u_eI_cpu.u_eJ_core.u_eK_ifu.u_eL_ifu_ifetch.ifu_hi_ir_dfflr.qout_r[M]	cmt_dcause[I]	u_e203_cpu.u_e203_core.u_e203_ifu.u_e203_ifu_ifetch.ifu_hi_ir_dfflr.qout_r[13]$_DFFE_PN0P_/Q	cmt_dcause[0]
244	-0.7101	dbg_step_r	u_eI_cpu.u_eJ_itcm_ctrl.u_sram_icb_ctrl.u_sirv_Kcyc_sram_ctrl.u_eL_stage.dp_gt_M.dat_dfflr.qout_r[N]	dbg_step_r	u_e203_cpu.u_e203_itcm_ctrl.u_sram_icb_ctrl.u_sirv_1cyc_sram_ctrl.u_e1_stage.dp_gt_0.dat_dfflr.qout_r[1]$_DFFE_PP_/D
245	-0.7085	u_eI_cpu.u_eJ_core.u_eK_exu.u_eL_exu_alu.u_eM_exu_alu_muldiv.muldiv_state_dfflr.qout_r[N]	extIdtcm_icb_cmd_ready	u_e203_cpu.u_e203_core.u_e203_exu.u_e203_exu_alu.u_e203_exu_alu_muldiv.muldiv_state_dfflr.qout_r[1]$_DFFE_PN0P_/Q	ext2dtcm_icb_cmd_ready
246	-0.7049	u_eI_cpu.u_eJ_irq_sync.master_gen.u_tmr_irq_sync.sync_gen[K].i_is_not_L.sync_dffr.qout_r	extIdtcm_icb_cmd_ready	u_e203_cpu.u_e203_irq_sync.master_gen.u_tmr_irq_sync.sync_gen[1].i_is_not_0.sync_dffr.qout_r$_DFF_PN0_/Q	ext2dtcm_icb_cmd_ready
247	-0.7012	u_eI_cpu.u_eJ_core.u_eK_lsu.u_eL_lsu_ctrl.u_eM_lsu_splt_stage.dp_gt_N.vld_dfflr.qout_r	extIitcm_icb_cmd_ready	u_e203_cpu.u_e203_core.u_e203_lsu.u_e203_lsu_ctrl.u_e203_lsu_splt_stage.dp_gt_0.vld_dfflr.qout_r$_DFFE_PN0P_/Q	ext2itcm_icb_cmd_ready
248	-0.7004	u_eI_cpu.u_eJ_core.u_eK_exu.u_eL_exu_csr.mie_dfflr.qout_r[M]	extIdtcm_icb_cmd_ready	u_e203_cpu.u_e203_core.u_e203_exu.u_e203_exu_csr.mie_dfflr.qout_r[7]$_DFFE_PN0P_/Q	ext2dtcm_icb_cmd_ready
249	-0.6988	u_eI_cpu.u_eJ_irq_sync.master_gen.u_sft_irq_sync.sync_gen[K].i_is_not_L.sync_dffr.qout_r	extIitcm_icb_cmd_ready	u_e203_cpu.u_e203_irq_sync.master_gen.u_sft_irq_sync.sync_gen[1].i_is_not_0.sync_dffr.qout_r$_DFF_PN0_/Q	ext2itcm_icb_cmd_ready
250	-0.6937	dbg_halt_r	u_eI_cpu.u_eJ_dtcm_ctrl.u_sram_icb_ctrl.u_byp_icb_cmd_buf.u_bypbuf_fifo.dp_gtK.vec_L_dfflr.qout_r	dbg_halt_r	u_e203_cpu.u_e203_dtcm_ctrl.u_sram_icb_ctrl.u_byp_icb_cmd_buf.u_bypbuf_fifo.dp_gt0.vec_31_dfflr.qout_r$_DFFE_PN0P_/D
251	-0.6926	u_eI_cpu.u_eJ_core.u_eK_ifu.u_eL_ifu_ifetch.ifu_hi_ir_dfflr.qout_r[M]	core_wfi	u_e203_cpu.u_e203_core.u_e203_ifu.u_e203_ifu_ifetch.ifu_hi_ir_dfflr.qout_r[13]$_DFFE_PN0P_/Q	core_wfi
252	-0.6909	u_eI_cpu.u_eJ_core.u_eK_lsu.u_eL_lsu_ctrl.u_eM_lsu_splt_stage.dp_gt_N.vld_dfflr.qout_r	extIdtcm_icb_cmd_ready	u_e203_cpu.u_e203_core.u_e203_lsu.u_e203_lsu_ctrl.u_e203_lsu_splt_stage.dp_gt_0.vld_dfflr.qout_r$_DFFE_PN0P_/Q	ext2dtcm_icb_cmd_ready
253	-0.6900	dbg_halt_r	u_eI_cpu.u_eJ_dtcm_ctrl.u_sram_icb_ctrl.u_byp_icb_cmd_buf.u_bypbuf_fifo.dp_gtK.vec_L_dfflrs.qout_r	dbg_halt_r	u_e203_cpu.u_e203_dtcm_ctrl.u_sram_icb_ctrl.u_byp_icb_cmd_buf.u_bypbuf_fifo.dp_gt0.vec_0_dfflrs.qout_r$_DFFE_PN1P_/D
254	-0.6900	u_eI_cpu.u_eJ_core.u_eK_ifu.u_eL_ifu_ifetch.ifu_lo_ir_dfflr.qout_r[M]	cmt_dpc_ena	u_e203_cpu.u_e203_core.u_e203_ifu.u_e203_ifu_ifetch.ifu_lo_ir_dfflr.qout_r[13]$_DFFE_PN0P_/Q	cmt_dpc_ena
255	-0.6885	u_eI_cpu.u_eJ_irq_sync.master_gen.u_sft_irq_sync.sync_gen[K].i_is_not_L.sync_dffr.qout_r	extIdtcm_icb_cmd_ready	u_e203_cpu.u_e203_irq_sync.master_gen.u_sft_irq_sync.sync_gen[1].i_is_not_0.sync_dffr.qout_r$_DFF_PN0_/Q	ext2dtcm_icb_cmd_ready
256	-0.6830	u_eI_cpu.u_eJ_irq_sync.master_gen.u_ext_irq_sync.sync_gen[K].i_is_not_L.sync_dffr.qout_r	extIitcm_icb_cmd_ready	u_e203_cpu.u_e203_irq_sync.master_gen.u_ext_irq_sync.sync_gen[1].i_is_not_0.sync_dffr.qout_r$_DFF_PN0_/Q	ext2itcm_icb_cmd_ready
257	-0.6782	u_eI_cpu.u_eJ_core.u_eK_exu.u_eL_exu_regfile.regfile[M].rfnoN.rf_dffl.qout_r[O]	cmt_dcause_ena	u_e203_cpu.u_e203_core.u_e203_exu.u_e203_exu_regfile.regfile[11].rfno0.rf_dffl.qout_r[31]$_DFFE_PP_/Q	cmt_dcause_ena
258	-0.6781	u_eI_cpu.u_eJ_core.u_eK_exu.u_eL_exu_oitf.depth_gtM.alc_ptr_dfflrs.qout_r	extIitcm_icb_cmd_ready	u_e203_cpu.u_e203_core.u_e203_exu.u_e203_exu_oitf.depth_gt1.alc_ptr_dfflrs.qout_r$_DFFE_PN0P_/Q	ext2itcm_icb_cmd_ready
259	-0.6774	u_eI_cpu.u_eJ_core.u_eK_exu.u_eL_exu_oitf.depth_gtM.alc_ptr_flg_dfflrs.qout_r	extIitcm_icb_cmd_ready	u_e203_cpu.u_e203_core.u_e203_exu.u_e203_exu_oitf.depth_gt1.alc_ptr_flg_dfflrs.qout_r$_DFFE_PN0P_/Q	ext2itcm_icb_cmd_ready
260	-0.6740	dbg_step_r	u_eI_cpu.u_eJ_dtcm_ctrl.u_sram_icb_ctrl.u_byp_icb_cmd_buf.u_bypbuf_fifo.dp_gtK.vec_L_dfflr.qout_r	dbg_step_r	u_e203_cpu.u_e203_dtcm_ctrl.u_sram_icb_ctrl.u_byp_icb_cmd_buf.u_bypbuf_fifo.dp_gt0.vec_31_dfflr.qout_r$_DFFE_PN0P_/D
261	-0.6727	u_eI_cpu.u_eJ_irq_sync.master_gen.u_ext_irq_sync.sync_gen[K].i_is_not_L.sync_dffr.qout_r	extIdtcm_icb_cmd_ready	u_e203_cpu.u_e203_irq_sync.master_gen.u_ext_irq_sync.sync_gen[1].i_is_not_0.sync_dffr.qout_r$_DFF_PN0_/Q	ext2dtcm_icb_cmd_ready
262	-0.6714	u_eI_cpu.u_eJ_core.u_eK_exu.u_eL_exu_oitf.depth_gtM.ret_ptr_flg_dfflrs.qout_r	extIitcm_icb_cmd_ready	u_e203_cpu.u_e203_core.u_e203_exu.u_e203_exu_oitf.depth_gt1.ret_ptr_flg_dfflrs.qout_r$_DFFE_PN0P_/Q	ext2itcm_icb_cmd_ready
263	-0.6711	dbg_halt_r	u_eI_cpu.u_eJ_core.u_eK_exu.u_eL_exu_alu.u_eM_exu_alu_dpath.sbf_N_dffl.qout_r[O]	dbg_halt_r	u_e203_cpu.u_e203_core.u_e203_exu.u_e203_exu_alu.u_e203_exu_alu_dpath.sbf_0_dffl.qout_r[32]$_SDFFCE_PN0P_/D
264	-0.6704	dbg_step_r	u_eI_cpu.u_eJ_dtcm_ctrl.u_sram_icb_ctrl.u_byp_icb_cmd_buf.u_bypbuf_fifo.dp_gtK.vec_L_dfflrs.qout_r	dbg_step_r	u_e203_cpu.u_e203_dtcm_ctrl.u_sram_icb_ctrl.u_byp_icb_cmd_buf.u_bypbuf_fifo.dp_gt0.vec_0_dfflrs.qout_r$_DFFE_PN1P_/D
265	-0.6696	u_eI_cpu.u_eJ_core.u_eK_exu.u_eL_exu_oitf.depth_gtM.ret_ptr_dfflrs.qout_r	extIitcm_icb_cmd_ready	u_e203_cpu.u_e203_core.u_e203_exu.u_e203_exu_oitf.depth_gt1.ret_ptr_dfflrs.qout_r$_DFFE_PN0P_/Q	ext2itcm_icb_cmd_ready
266	-0.6679	u_eI_cpu.u_eJ_core.u_eK_exu.u_eL_exu_oitf.depth_gtM.alc_ptr_dfflrs.qout_r	extIdtcm_icb_cmd_ready	u_e203_cpu.u_e203_core.u_e203_exu.u_e203_exu_oitf.depth_gt1.alc_ptr_dfflrs.qout_r$_DFFE_PN0P_/Q	ext2dtcm_icb_cmd_ready
267	-0.6671	u_eI_cpu.u_eJ_core.u_eK_exu.u_eL_exu_oitf.depth_gtM.alc_ptr_flg_dfflrs.qout_r	extIdtcm_icb_cmd_ready	u_e203_cpu.u_e203_core.u_e203_exu.u_e203_exu_oitf.depth_gt1.alc_ptr_flg_dfflrs.qout_r$_DFFE_PN0P_/Q	ext2dtcm_icb_cmd_ready
268	-0.6617	dbg_halt_r	u_eI_cpu.u_eJ_core.u_eK_lsu.u_eL_lsu_ctrl.excl_addr_dffl.qout_r[M]	dbg_halt_r	u_e203_cpu.u_e203_core.u_e203_lsu.u_e203_lsu_ctrl.excl_addr_dffl.qout_r[22]$_DFFE_PN0P_/D
269	-0.6611	u_eI_cpu.u_eJ_core.u_eK_exu.u_eL_exu_oitf.depth_gtM.ret_ptr_flg_dfflrs.qout_r	extIdtcm_icb_cmd_ready	u_e203_cpu.u_e203_core.u_e203_exu.u_e203_exu_oitf.depth_gt1.ret_ptr_flg_dfflrs.qout_r$_DFFE_PN0P_/Q	ext2dtcm_icb_cmd_ready
270	-0.6604	dbg_halt_r	u_eI_cpu.u_eJ_core.u_eK_lsu.u_eL_lsu_ctrl.u_eM_lsu_splt_stage.dp_gt_N.dat_dfflr.qout_r[O]	dbg_halt_r	u_e203_cpu.u_e203_core.u_e203_lsu.u_e203_lsu_ctrl.u_e203_lsu_splt_stage.dp_gt_0.dat_dfflr.qout_r[39]$_DFFE_PP_/D
271	-0.6599	u_eI_cpu.u_eJ_core.u_eK_biu.u_biu_icb_arbt.arbt_num_gt_L_gen.dp_M.u_sirv_gnrl_rspid_fifo.dp_gt_N.vld_dfflr.qout_r	extIitcm_icb_cmd_ready	u_e203_cpu.u_e203_core.u_e203_biu.u_biu_icb_arbt.arbt_num_gt_1_gen.dp_1.u_sirv_gnrl_rspid_fifo.dp_gt_0.vld_dfflr.qout_r$_DFFE_PN0P_/Q	ext2itcm_icb_cmd_ready
272	-0.6593	u_eI_cpu.u_eJ_core.u_eK_exu.u_eL_exu_oitf.depth_gtM.ret_ptr_dfflrs.qout_r	extIdtcm_icb_cmd_ready	u_e203_cpu.u_e203_core.u_e203_exu.u_e203_exu_oitf.depth_gt1.ret_ptr_dfflrs.qout_r$_DFFE_PN0P_/Q	ext2dtcm_icb_cmd_ready
273	-0.6577	u_eI_cpu.u_eJ_itcm_ctrl.u_sram_icb_ctrl.u_sirv_Kcyc_sram_ctrl.u_eL_stage.dp_gt_M.vld_dfflr.qout_r	extIitcm_icb_cmd_ready	u_e203_cpu.u_e203_itcm_ctrl.u_sram_icb_ctrl.u_sirv_1cyc_sram_ctrl.u_e1_stage.dp_gt_0.vld_dfflr.qout_r$_DFFE_PN0P_/Q	ext2itcm_icb_cmd_ready
274	-0.6554	u_eI_cpu.u_eJ_core.u_eK_biu.u_sirv_gnrl_icb_buffer.u_sirv_gnrl_rsp_fifo.dp_gtL.vec_M_dfflr.qout_r	extIitcm_icb_cmd_ready	u_e203_cpu.u_e203_core.u_e203_biu.u_sirv_gnrl_icb_buffer.u_sirv_gnrl_rsp_fifo.dp_gt0.vec_31_dfflr.qout_r$_DFFE_PN0P_/Q	ext2itcm_icb_cmd_ready
275	-0.6548	u_eI_cpu.u_eJ_dtcm_ctrl.u_dtcm_icb_arbt.arbt_num_gt_K_gen.dp_L.u_sirv_gnrl_rspid_fifo.dp_gt_M.vld_dfflr.qout_r	extIitcm_icb_cmd_ready	u_e203_cpu.u_e203_dtcm_ctrl.u_dtcm_icb_arbt.arbt_num_gt_1_gen.dp_1.u_sirv_gnrl_rspid_fifo.dp_gt_0.vld_dfflr.qout_r$_DFFE_PN0P_/Q	ext2itcm_icb_cmd_ready
276	-0.6545	u_eI_cpu.u_eJ_core.u_eK_lsu.u_eL_lsu_ctrl.u_eM_lsu_splt_stage.dp_gt_N.dat_dfflr.qout_r[O]	extIitcm_icb_cmd_ready	u_e203_cpu.u_e203_core.u_e203_lsu.u_e203_lsu_ctrl.u_e203_lsu_splt_stage.dp_gt_0.dat_dfflr.qout_r[43]$_DFFE_PP_/Q	ext2itcm_icb_cmd_ready
277	-0.6532	u_eI_cpu.u_eJ_dtcm_ctrl.u_sram_icb_ctrl.u_sirv_Kcyc_sram_ctrl.u_eL_stage.dp_gt_M.vld_dfflr.qout_r	extIitcm_icb_cmd_ready	u_e203_cpu.u_e203_dtcm_ctrl.u_sram_icb_ctrl.u_sirv_1cyc_sram_ctrl.u_e1_stage.dp_gt_0.vld_dfflr.qout_r$_DFFE_PN0P_/Q	ext2itcm_icb_cmd_ready
278	-0.6514	dbg_step_r	u_eI_cpu.u_eJ_core.u_eK_exu.u_eL_exu_alu.u_eM_exu_alu_dpath.sbf_N_dffl.qout_r[O]	dbg_step_r	u_e203_cpu.u_e203_core.u_e203_exu.u_e203_exu_alu.u_e203_exu_alu_dpath.sbf_0_dffl.qout_r[32]$_SDFFCE_PN0P_/D
279	-0.6497	u_eI_cpu.u_eJ_core.u_eK_biu.u_biu_icb_arbt.arbt_num_gt_L_gen.dp_M.u_sirv_gnrl_rspid_fifo.dp_gt_N.vld_dfflr.qout_r	extIdtcm_icb_cmd_ready	u_e203_cpu.u_e203_core.u_e203_biu.u_biu_icb_arbt.arbt_num_gt_1_gen.dp_1.u_sirv_gnrl_rspid_fifo.dp_gt_0.vld_dfflr.qout_r$_DFFE_PN0P_/Q	ext2dtcm_icb_cmd_ready
280	-0.6486	u_eI_cpu.u_eJ_core.u_eK_ifu.u_eL_ifu_ifetch.ifu_hi_ir_dfflr.qout_r[M]	cmt_dpc_ena	u_e203_cpu.u_e203_core.u_e203_ifu.u_e203_ifu_ifetch.ifu_hi_ir_dfflr.qout_r[13]$_DFFE_PN0P_/Q	cmt_dpc_ena
281	-0.6482	dbg_halt_r	u_eI_cpu.u_eJ_core.u_eK_lsu.u_eL_lsu_ctrl.excl_flg_dffl.qout_r	dbg_halt_r	u_e203_cpu.u_e203_core.u_e203_lsu.u_e203_lsu_ctrl.excl_flg_dffl.qout_r$_DFFE_PN0P_/D
282	-0.6475	u_eI_cpu.u_eJ_itcm_ctrl.u_sram_icb_ctrl.u_sirv_Kcyc_sram_ctrl.u_eL_stage.dp_gt_M.vld_dfflr.qout_r	extIdtcm_icb_cmd_ready	u_e203_cpu.u_e203_itcm_ctrl.u_sram_icb_ctrl.u_sirv_1cyc_sram_ctrl.u_e1_stage.dp_gt_0.vld_dfflr.qout_r$_DFFE_PN0P_/Q	ext2dtcm_icb_cmd_ready
283	-0.6452	u_eI_cpu.u_eJ_core.u_eK_biu.u_sirv_gnrl_icb_buffer.u_sirv_gnrl_rsp_fifo.dp_gtL.vec_M_dfflr.qout_r	extIdtcm_icb_cmd_ready	u_e203_cpu.u_e203_core.u_e203_biu.u_sirv_gnrl_icb_buffer.u_sirv_gnrl_rsp_fifo.dp_gt0.vec_31_dfflr.qout_r$_DFFE_PN0P_/Q	ext2dtcm_icb_cmd_ready
284	-0.6445	u_eI_cpu.u_eJ_dtcm_ctrl.u_dtcm_icb_arbt.arbt_num_gt_K_gen.dp_L.u_sirv_gnrl_rspid_fifo.dp_gt_M.vld_dfflr.qout_r	extIdtcm_icb_cmd_ready	u_e203_cpu.u_e203_dtcm_ctrl.u_dtcm_icb_arbt.arbt_num_gt_1_gen.dp_1.u_sirv_gnrl_rspid_fifo.dp_gt_0.vld_dfflr.qout_r$_DFFE_PN0P_/Q	ext2dtcm_icb_cmd_ready
285	-0.6442	u_eI_cpu.u_eJ_core.u_eK_lsu.u_eL_lsu_ctrl.u_eM_lsu_splt_stage.dp_gt_N.dat_dfflr.qout_r[O]	extIdtcm_icb_cmd_ready	u_e203_cpu.u_e203_core.u_e203_lsu.u_e203_lsu_ctrl.u_e203_lsu_splt_stage.dp_gt_0.dat_dfflr.qout_r[43]$_DFFE_PP_/Q	ext2dtcm_icb_cmd_ready
286	-0.6429	u_eI_cpu.u_eJ_dtcm_ctrl.u_sram_icb_ctrl.u_sirv_Kcyc_sram_ctrl.u_eL_stage.dp_gt_M.vld_dfflr.qout_r	extIdtcm_icb_cmd_ready	u_e203_cpu.u_e203_dtcm_ctrl.u_sram_icb_ctrl.u_sirv_1cyc_sram_ctrl.u_e1_stage.dp_gt_0.vld_dfflr.qout_r$_DFFE_PN0P_/Q	ext2dtcm_icb_cmd_ready
287	-0.6420	dbg_step_r	u_eI_cpu.u_eJ_core.u_eK_lsu.u_eL_lsu_ctrl.excl_addr_dffl.qout_r[M]	dbg_step_r	u_e203_cpu.u_e203_core.u_e203_lsu.u_e203_lsu_ctrl.excl_addr_dffl.qout_r[22]$_DFFE_PN0P_/D
288	-0.6409	dbg_halt_r	u_eI_cpu.u_eJ_core.u_eK_exu.u_eL_exu_oitf.oitf_entries[M].rdidx_dfflrs.qout_r[N]	dbg_halt_r	u_e203_cpu.u_e203_core.u_e203_exu.u_e203_exu_oitf.oitf_entries[1].rdidx_dfflrs.qout_r[3]$_DFFE_PP_/D
289	-0.6409	dbg_halt_r	u_eI_cpu.u_eJ_core.u_eK_exu.u_eL_exu_oitf.oitf_entries[M].pc_dfflrs.qout_r[N]	dbg_halt_r	u_e203_cpu.u_e203_core.u_e203_exu.u_e203_exu_oitf.oitf_entries[1].pc_dfflrs.qout_r[26]$_DFFE_PP_/D
290	-0.6408	dbg_step_r	u_eI_cpu.u_eJ_core.u_eK_lsu.u_eL_lsu_ctrl.u_eM_lsu_splt_stage.dp_gt_N.dat_dfflr.qout_r[O]	dbg_step_r	u_e203_cpu.u_e203_core.u_e203_lsu.u_e203_lsu_ctrl.u_e203_lsu_splt_stage.dp_gt_0.dat_dfflr.qout_r[39]$_DFFE_PP_/D
291	-0.6380	u_eI_cpu.u_eJ_core.u_eK_ifu.u_eL_ifu_ifetch.ir_rsMidx_dfflr.qout_r[N]	cmt_dcause[I]	u_e203_cpu.u_e203_core.u_e203_ifu.u_e203_ifu_ifetch.ir_rs1idx_dfflr.qout_r[3]$_DFFE_PN0P_/Q	cmt_dcause[0]
292	-0.6367	u_eI_cpu.u_eJ_core.u_eK_biu.u_biu_icb_arbt.arbt_num_gt_L_gen.dp_M.u_sirv_gnrl_rspid_fifo.dp_gt_N.dat_dfflr.qout_r	extIitcm_icb_cmd_ready	u_e203_cpu.u_e203_core.u_e203_biu.u_biu_icb_arbt.arbt_num_gt_1_gen.dp_1.u_sirv_gnrl_rspid_fifo.dp_gt_0.dat_dfflr.qout_r$_DFFE_PP_/Q	ext2itcm_icb_cmd_ready
293	-0.6286	dbg_step_r	u_eI_cpu.u_eJ_core.u_eK_lsu.u_eL_lsu_ctrl.excl_flg_dffl.qout_r	dbg_step_r	u_e203_cpu.u_e203_core.u_e203_lsu.u_e203_lsu_ctrl.excl_flg_dffl.qout_r$_DFFE_PN0P_/D
294	-0.6280	u_eI_cpu.u_eJ_core.u_eK_lsu.u_eL_lsu_ctrl.u_lsu_icb_arbt.arbt_num_gt_M_gen.dp_N.u_sirv_gnrl_rspid_fifo.dp_gt_O.vld_dfflr.qout_r	extIitcm_icb_cmd_ready	u_e203_cpu.u_e203_core.u_e203_lsu.u_e203_lsu_ctrl.u_lsu_icb_arbt.arbt_num_gt_1_gen.dp_1.u_sirv_gnrl_rspid_fifo.dp_gt_0.vld_dfflr.qout_r$_DFFE_PN0P_/Q	ext2itcm_icb_cmd_ready
295	-0.6264	u_eI_cpu.u_eJ_core.u_eK_biu.u_biu_icb_arbt.arbt_num_gt_L_gen.dp_M.u_sirv_gnrl_rspid_fifo.dp_gt_N.dat_dfflr.qout_r	extIdtcm_icb_cmd_ready	u_e203_cpu.u_e203_core.u_e203_biu.u_biu_icb_arbt.arbt_num_gt_1_gen.dp_1.u_sirv_gnrl_rspid_fifo.dp_gt_0.dat_dfflr.qout_r$_DFFE_PP_/Q	ext2dtcm_icb_cmd_ready
296	-0.6264	u_eI_cpu.u_eJ_itcm_ctrl.u_itcm_icb_arbt.arbt_num_gt_K_gen.dp_L.u_sirv_gnrl_rspid_fifo.dp_gt_M.vld_dfflr.qout_r	extIitcm_icb_cmd_ready	u_e203_cpu.u_e203_itcm_ctrl.u_itcm_icb_arbt.arbt_num_gt_1_gen.dp_1.u_sirv_gnrl_rspid_fifo.dp_gt_0.vld_dfflr.qout_r$_DFFE_PN0P_/Q	ext2itcm_icb_cmd_ready
297	-0.6235	u_eI_cpu.u_eJ_dtcm_ctrl.u_dtcm_icb_arbt.arbt_num_gt_K_gen.dp_L.u_sirv_gnrl_rspid_fifo.dp_gt_M.dat_dfflr.qout_r	extIitcm_icb_cmd_ready	u_e203_cpu.u_e203_dtcm_ctrl.u_dtcm_icb_arbt.arbt_num_gt_1_gen.dp_1.u_sirv_gnrl_rspid_fifo.dp_gt_0.dat_dfflr.qout_r$_DFFE_PP_/Q	ext2itcm_icb_cmd_ready
298	-0.6213	dbg_step_r	u_eI_cpu.u_eJ_core.u_eK_exu.u_eL_exu_oitf.oitf_entries[M].rdidx_dfflrs.qout_r[N]	dbg_step_r	u_e203_cpu.u_e203_core.u_e203_exu.u_e203_exu_oitf.oitf_entries[1].rdidx_dfflrs.qout_r[3]$_DFFE_PP_/D
299	-0.6212	dbg_step_r	u_eI_cpu.u_eJ_core.u_eK_exu.u_eL_exu_oitf.oitf_entries[M].pc_dfflrs.qout_r[N]	dbg_step_r	u_e203_cpu.u_e203_core.u_e203_exu.u_e203_exu_oitf.oitf_entries[1].pc_dfflrs.qout_r[26]$_DFFE_PP_/D
300	-0.6211	dbg_halt_r	u_eI_cpu.u_eJ_itcm_ctrl.u_itcm_icb_extKitcm_nLw.fifo_dp_M.u_sirv_gnrl_nNw_fifo.dp_gt_O.dat_dfflr.qout_r	dbg_halt_r	u_e203_cpu.u_e203_itcm_ctrl.u_itcm_icb_ext2itcm_n2w.fifo_dp_1.u_sirv_gnrl_n2w_fifo.dp_gt_0.dat_dfflr.qout_r$_DFFE_PP_/D
301	-0.6204	u_eI_cpu.u_eJ_core.u_eK_ifu.u_eL_ifu_ifetch.ir_rsMidx_dfflr.qout_r[N]	core_wfi	u_e203_cpu.u_e203_core.u_e203_ifu.u_e203_ifu_ifetch.ir_rs1idx_dfflr.qout_r[3]$_DFFE_PN0P_/Q	core_wfi
302	-0.6178	u_eI_cpu.u_eJ_core.u_eK_lsu.u_eL_lsu_ctrl.u_lsu_icb_arbt.arbt_num_gt_M_gen.dp_N.u_sirv_gnrl_rspid_fifo.dp_gt_O.vld_dfflr.qout_r	extIdtcm_icb_cmd_ready	u_e203_cpu.u_e203_core.u_e203_lsu.u_e203_lsu_ctrl.u_lsu_icb_arbt.arbt_num_gt_1_gen.dp_1.u_sirv_gnrl_rspid_fifo.dp_gt_0.vld_dfflr.qout_r$_DFFE_PN0P_/Q	ext2dtcm_icb_cmd_ready
303	-0.6162	u_eI_cpu.u_eJ_itcm_ctrl.u_itcm_icb_arbt.arbt_num_gt_K_gen.dp_L.u_sirv_gnrl_rspid_fifo.dp_gt_M.vld_dfflr.qout_r	extIdtcm_icb_cmd_ready	u_e203_cpu.u_e203_itcm_ctrl.u_itcm_icb_arbt.arbt_num_gt_1_gen.dp_1.u_sirv_gnrl_rspid_fifo.dp_gt_0.vld_dfflr.qout_r$_DFFE_PN0P_/Q	ext2dtcm_icb_cmd_ready
304	-0.6161	dbg_halt_r	u_eI_cpu.u_eJ_clk_ctrl.u_dtcm_clkgate.enb	dbg_halt_r	u_e203_cpu.u_e203_clk_ctrl.u_dtcm_clkgate.enb$_DLATCH_N_/D
305	-0.6143	u_eI_cpu.u_eJ_core.u_eK_exu.u_eL_exu_alu.u_eM_exu_alu_muldiv.exec_cnt_dfflr.qout_r[N]	extIitcm_icb_cmd_ready	u_e203_cpu.u_e203_core.u_e203_exu.u_e203_exu_alu.u_e203_exu_alu_muldiv.exec_cnt_dfflr.qout_r[2]$_DFFE_PN0P_/Q	ext2itcm_icb_cmd_ready
306	-0.6135	dbg_halt_r	u_eI_cpu.u_eJ_core.u_eK_exu.u_eL_exu_oitf.depth_gtM.alc_ptr_dfflrs.qout_r	dbg_halt_r	u_e203_cpu.u_e203_core.u_e203_exu.u_e203_exu_oitf.depth_gt1.alc_ptr_dfflrs.qout_r$_DFFE_PN0P_/D
307	-0.6133	u_eI_cpu.u_eJ_dtcm_ctrl.u_dtcm_icb_arbt.arbt_num_gt_K_gen.dp_L.u_sirv_gnrl_rspid_fifo.dp_gt_M.dat_dfflr.qout_r	extIdtcm_icb_cmd_ready	u_e203_cpu.u_e203_dtcm_ctrl.u_dtcm_icb_arbt.arbt_num_gt_1_gen.dp_1.u_sirv_gnrl_rspid_fifo.dp_gt_0.dat_dfflr.qout_r$_DFFE_PP_/Q	ext2dtcm_icb_cmd_ready
308	-0.6125	dbg_halt_r	u_eI_cpu.u_eJ_core.u_eK_exu.u_eL_exu_csr.badaddr_dfflr.qout_r[M]	dbg_halt_r	u_e203_cpu.u_e203_core.u_e203_exu.u_e203_exu_csr.badaddr_dfflr.qout_r[0]$_DFFE_PN0P_/D
309	-0.6121	u_eI_cpu.u_eJ_core.u_eK_lsu.u_eL_lsu_ctrl.u_lsu_icb_arbt.arbt_num_gt_M_gen.dp_N.u_sirv_gnrl_rspid_fifo.dp_gt_O.dat_dfflr.qout_r	extIitcm_icb_cmd_ready	u_e203_cpu.u_e203_core.u_e203_lsu.u_e203_lsu_ctrl.u_lsu_icb_arbt.arbt_num_gt_1_gen.dp_1.u_sirv_gnrl_rspid_fifo.dp_gt_0.dat_dfflr.qout_r$_DFFE_PP_/Q	ext2itcm_icb_cmd_ready
310	-0.6115	u_eI_cpu.u_eJ_core.u_eK_ifu.u_eL_ifu_ifetch.ir_muldiv_bMb_dfflr.qout_r	extIitcm_icb_cmd_ready	u_e203_cpu.u_e203_core.u_e203_ifu.u_e203_ifu_ifetch.ir_muldiv_b2b_dfflr.qout_r$_DFFE_PN0P_/Q	ext2itcm_icb_cmd_ready
311	-0.6096	dbg_halt_r	u_eI_cpu.u_eJ_core.u_eK_exu.u_eL_exu_oitf.oitf_entries[M].vld_dfflrs.qout_r	dbg_halt_r	u_e203_cpu.u_e203_core.u_e203_exu.u_e203_exu_oitf.oitf_entries[1].vld_dfflrs.qout_r$_DFFE_PN0P_/D
312	-0.6072	dbg_halt_r	u_eI_cpu.u_eJ_core.u_eK_exu.u_eL_exu_regfile.regfile[M].rfnoN.rf_dffl.qout_r[O]	dbg_halt_r	u_e203_cpu.u_e203_core.u_e203_exu.u_e203_exu_regfile.regfile[11].rfno0.rf_dffl.qout_r[10]$_DFFE_PP_/D
313	-0.6066	dbg_halt_r	u_eI_cpu.u_eJ_core.u_eK_exu.u_eL_exu_csr.epc_dfflr.qout_r[M]	dbg_halt_r	u_e203_cpu.u_e203_core.u_e203_exu.u_e203_exu_csr.epc_dfflr.qout_r[10]$_DFFE_PN0P_/D
314	-0.6059	u_eI_cpu.u_eJ_irq_sync.master_gen.u_dbg_irq_sync.sync_gen[K].i_is_not_L.sync_dffr.qout_r	extIitcm_icb_cmd_ready	u_e203_cpu.u_e203_irq_sync.master_gen.u_dbg_irq_sync.sync_gen[1].i_is_not_0.sync_dffr.qout_r$_DFF_PN0_/Q	ext2itcm_icb_cmd_ready
315	-0.6041	u_eI_cpu.u_eJ_core.u_eK_exu.u_eL_exu_alu.u_eM_exu_alu_muldiv.exec_cnt_dfflr.qout_r[N]	extIdtcm_icb_cmd_ready	u_e203_cpu.u_e203_core.u_e203_exu.u_e203_exu_alu.u_e203_exu_alu_muldiv.exec_cnt_dfflr.qout_r[2]$_DFFE_PN0P_/Q	ext2dtcm_icb_cmd_ready
316	-0.6040	u_eI_cpu.u_eJ_core.u_eK_biu.u_sirv_gnrl_icb_buffer.u_sirv_gnrl_rsp_fifo.dp_gtL.fifo_rf[M].fifo_rf_dffl.qout_r[N]	extIitcm_icb_cmd_ready	u_e203_cpu.u_e203_core.u_e203_biu.u_sirv_gnrl_icb_buffer.u_sirv_gnrl_rsp_fifo.dp_gt0.fifo_rf[0].fifo_rf_dffl.qout_r[34]$_DFFE_PP_/Q	ext2itcm_icb_cmd_ready
317	-0.6039	u_eI_cpu.u_eJ_itcm_ctrl.u_sram_icb_ctrl.u_sirv_Kcyc_sram_ctrl.u_eL_stage.dp_gt_M.dat_dfflr.qout_r[N]	extIitcm_icb_cmd_ready	u_e203_cpu.u_e203_itcm_ctrl.u_sram_icb_ctrl.u_sirv_1cyc_sram_ctrl.u_e1_stage.dp_gt_0.dat_dfflr.qout_r[1]$_DFFE_PP_/QN	ext2itcm_icb_cmd_ready
318	-0.6019	u_eI_cpu.u_eJ_core.u_eK_lsu.u_eL_lsu_ctrl.u_lsu_icb_arbt.arbt_num_gt_M_gen.dp_N.u_sirv_gnrl_rspid_fifo.dp_gt_O.dat_dfflr.qout_r	extIdtcm_icb_cmd_ready	u_e203_cpu.u_e203_core.u_e203_lsu.u_e203_lsu_ctrl.u_lsu_icb_arbt.arbt_num_gt_1_gen.dp_1.u_sirv_gnrl_rspid_fifo.dp_gt_0.dat_dfflr.qout_r$_DFFE_PP_/Q	ext2dtcm_icb_cmd_ready
319	-0.6015	dbg_step_r	u_eI_cpu.u_eJ_itcm_ctrl.u_itcm_icb_extKitcm_nLw.fifo_dp_M.u_sirv_gnrl_nNw_fifo.dp_gt_O.dat_dfflr.qout_r	dbg_step_r	u_e203_cpu.u_e203_itcm_ctrl.u_itcm_icb_ext2itcm_n2w.fifo_dp_1.u_sirv_gnrl_n2w_fifo.dp_gt_0.dat_dfflr.qout_r$_DFFE_PP_/D
320	-0.6013	u_eI_cpu.u_eJ_core.u_eK_ifu.u_eL_ifu_ifetch.ir_muldiv_bMb_dfflr.qout_r	extIdtcm_icb_cmd_ready	u_e203_cpu.u_e203_core.u_e203_ifu.u_e203_ifu_ifetch.ir_muldiv_b2b_dfflr.qout_r$_DFFE_PN0P_/Q	ext2dtcm_icb_cmd_ready
321	-0.6008	u_eI_cpu.u_eJ_itcm_ctrl.u_itcm_icb_arbt.arbt_num_gt_K_gen.dp_L.u_sirv_gnrl_rspid_fifo.dp_gt_M.dat_dfflr.qout_r	extIitcm_icb_cmd_ready	u_e203_cpu.u_e203_itcm_ctrl.u_itcm_icb_arbt.arbt_num_gt_1_gen.dp_1.u_sirv_gnrl_rspid_fifo.dp_gt_0.dat_dfflr.qout_r$_DFFE_PP_/Q	ext2itcm_icb_cmd_ready
322	-0.5996	dbg_mode	u_eI_cpu.u_eJ_clk_ctrl.u_ifu_clkgate.enb	dbg_mode	u_e203_cpu.u_e203_clk_ctrl.u_ifu_clkgate.enb$_DLATCH_N_/D
323	-0.5987	dbg_mode	u_eI_cpu.u_eJ_core.u_eK_ifu.u_eL_ifu_ifetch.halt_ack_dfflr.qout_r	dbg_mode	u_e203_cpu.u_e203_core.u_e203_ifu.u_e203_ifu_ifetch.halt_ack_dfflr.qout_r$_DFFE_PN0P_/D
324	-0.5965	dbg_step_r	u_eI_cpu.u_eJ_clk_ctrl.u_dtcm_clkgate.enb	dbg_step_r	u_e203_cpu.u_e203_clk_ctrl.u_dtcm_clkgate.enb$_DLATCH_N_/D
325	-0.5963	u_eI_cpu.u_eJ_core.u_eK_exu.u_eL_exu_commit.u_eM_exu_excp.step_req_dfflr.qout_r	extIitcm_icb_cmd_ready	u_e203_cpu.u_e203_core.u_e203_exu.u_e203_exu_commit.u_e203_exu_excp.step_req_dfflr.qout_r$_DFFE_PN0P_/Q	ext2itcm_icb_cmd_ready
326	-0.5957	u_eI_cpu.u_eJ_irq_sync.master_gen.u_dbg_irq_sync.sync_gen[K].i_is_not_L.sync_dffr.qout_r	extIdtcm_icb_cmd_ready	u_e203_cpu.u_e203_irq_sync.master_gen.u_dbg_irq_sync.sync_gen[1].i_is_not_0.sync_dffr.qout_r$_DFF_PN0_/Q	ext2dtcm_icb_cmd_ready
327	-0.5939	dbg_step_r	u_eI_cpu.u_eJ_core.u_eK_exu.u_eL_exu_oitf.depth_gtM.alc_ptr_dfflrs.qout_r	dbg_step_r	u_e203_cpu.u_e203_core.u_e203_exu.u_e203_exu_oitf.depth_gt1.alc_ptr_dfflrs.qout_r$_DFFE_PN0P_/D
328	-0.5938	u_eI_cpu.u_eJ_core.u_eK_biu.u_sirv_gnrl_icb_buffer.u_sirv_gnrl_rsp_fifo.dp_gtL.fifo_rf[M].fifo_rf_dffl.qout_r[N]	extIdtcm_icb_cmd_ready	u_e203_cpu.u_e203_core.u_e203_biu.u_sirv_gnrl_icb_buffer.u_sirv_gnrl_rsp_fifo.dp_gt0.fifo_rf[0].fifo_rf_dffl.qout_r[34]$_DFFE_PP_/Q	ext2dtcm_icb_cmd_ready
329	-0.5937	u_eI_cpu.u_eJ_itcm_ctrl.u_sram_icb_ctrl.u_sirv_Kcyc_sram_ctrl.u_eL_stage.dp_gt_M.dat_dfflr.qout_r[N]	extIdtcm_icb_cmd_ready	u_e203_cpu.u_e203_itcm_ctrl.u_sram_icb_ctrl.u_sirv_1cyc_sram_ctrl.u_e1_stage.dp_gt_0.dat_dfflr.qout_r[1]$_DFFE_PP_/QN	ext2dtcm_icb_cmd_ready
330	-0.5929	dbg_step_r	u_eI_cpu.u_eJ_core.u_eK_exu.u_eL_exu_csr.badaddr_dfflr.qout_r[M]	dbg_step_r	u_e203_cpu.u_e203_core.u_e203_exu.u_e203_exu_csr.badaddr_dfflr.qout_r[0]$_DFFE_PN0P_/D
331	-0.5905	u_eI_cpu.u_eJ_itcm_ctrl.u_itcm_icb_arbt.arbt_num_gt_K_gen.dp_L.u_sirv_gnrl_rspid_fifo.dp_gt_M.dat_dfflr.qout_r	extIdtcm_icb_cmd_ready	u_e203_cpu.u_e203_itcm_ctrl.u_itcm_icb_arbt.arbt_num_gt_1_gen.dp_1.u_sirv_gnrl_rspid_fifo.dp_gt_0.dat_dfflr.qout_r$_DFFE_PP_/Q	ext2dtcm_icb_cmd_ready
332	-0.5900	dbg_step_r	u_eI_cpu.u_eJ_core.u_eK_exu.u_eL_exu_oitf.oitf_entries[M].vld_dfflrs.qout_r	dbg_step_r	u_e203_cpu.u_e203_core.u_e203_exu.u_e203_exu_oitf.oitf_entries[1].vld_dfflrs.qout_r$_DFFE_PN0P_/D
333	-0.5876	dbg_step_r	u_eI_cpu.u_eJ_core.u_eK_exu.u_eL_exu_regfile.regfile[M].rfnoN.rf_dffl.qout_r[O]	dbg_step_r	u_e203_cpu.u_e203_core.u_e203_exu.u_e203_exu_regfile.regfile[11].rfno0.rf_dffl.qout_r[10]$_DFFE_PP_/D
334	-0.5870	dbg_step_r	u_eI_cpu.u_eJ_core.u_eK_exu.u_eL_exu_csr.epc_dfflr.qout_r[M]	dbg_step_r	u_e203_cpu.u_e203_core.u_e203_exu.u_e203_exu_csr.epc_dfflr.qout_r[10]$_DFFE_PN0P_/D
335	-0.5860	u_eI_cpu.u_eJ_core.u_eK_exu.u_eL_exu_commit.u_eM_exu_excp.step_req_dfflr.qout_r	extIdtcm_icb_cmd_ready	u_e203_cpu.u_e203_core.u_e203_exu.u_e203_exu_commit.u_e203_exu_excp.step_req_dfflr.qout_r$_DFFE_PN0P_/Q	ext2dtcm_icb_cmd_ready
336	-0.5853	dbg_halt_r	u_eI_cpu.u_eJ_core.u_eK_exu.u_eL_exu_oitf.depth_gtM.alc_ptr_flg_dfflrs.qout_r	dbg_halt_r	u_e203_cpu.u_e203_core.u_e203_exu.u_e203_exu_oitf.depth_gt1.alc_ptr_flg_dfflrs.qout_r$_DFFE_PN0P_/D
337	-0.5850	dbg_halt_r	u_eI_cpu.u_eJ_core.u_eK_exu.u_eL_exu_oitf.oitf_entries[M].rdwen_dfflrs.qout_r	dbg_halt_r	u_e203_cpu.u_e203_core.u_e203_exu.u_e203_exu_oitf.oitf_entries[0].rdwen_dfflrs.qout_r$_DFFE_PP_/D
338	-0.5835	u_eI_cpu.u_eJ_core.u_eK_exu.u_eL_exu_csr.status_mie_dfflr.qout_r	extIitcm_icb_cmd_ready	u_e203_cpu.u_e203_core.u_e203_exu.u_e203_exu_csr.status_mie_dfflr.qout_r$_DFFE_PN0P_/QN	ext2itcm_icb_cmd_ready
339	-0.5812	dbg_halt_r	u_eI_cpu.u_eJ_itcm_ctrl.u_itcm_icb_extKitcm_nLw.fifo_dp_M.u_sirv_gnrl_nNw_fifo.dp_gt_O.vld_dfflr.qout_r	dbg_halt_r	u_e203_cpu.u_e203_itcm_ctrl.u_itcm_icb_ext2itcm_n2w.fifo_dp_1.u_sirv_gnrl_n2w_fifo.dp_gt_0.vld_dfflr.qout_r$_DFFE_PN0P_/D
340	-0.5807	u_eI_cpu.u_eJ_core.u_eK_ifu.u_eL_ifu_ifetch.ifu_lo_ir_dfflr.qout_r[M]	u_eI_cpu.u_eJ_core.u_eK_ifu.u_eL_ifu_ifetch.ifu_hi_ir_dfflr.qout_r[M]	u_e203_cpu.u_e203_core.u_e203_ifu.u_e203_ifu_ifetch.ifu_lo_ir_dfflr.qout_r[13]$_DFFE_PN0P_/Q	u_e203_cpu.u_e203_core.u_e203_ifu.u_e203_ifu_ifetch.ifu_hi_ir_dfflr.qout_r[9]$_DFFE_PN0P_/D
341	-0.5764	u_eI_cpu.u_eJ_core.u_eK_ifu.u_eL_ifu_ifetch.ir_rsMidx_dfflr.qout_r[N]	cmt_dpc_ena	u_e203_cpu.u_e203_core.u_e203_ifu.u_e203_ifu_ifetch.ir_rs1idx_dfflr.qout_r[3]$_DFFE_PN0P_/Q	cmt_dpc_ena
342	-0.5745	u_eI_cpu.u_eJ_core.u_eK_ifu.u_eL_ifu_ifetch.ifu_lo_ir_dfflr.qout_r[M]	u_eI_cpu.u_eJ_core.u_eK_ifu.u_eL_ifu_iftMicb.leftover_dffl.qout_r[N]	u_e203_cpu.u_e203_core.u_e203_ifu.u_e203_ifu_ifetch.ifu_lo_ir_dfflr.qout_r[13]$_DFFE_PN0P_/Q	u_e203_cpu.u_e203_core.u_e203_ifu.u_e203_ifu_ift2icb.leftover_dffl.qout_r[10]$_DFFE_PP_/D
343	-0.5738	dbg_mode	u_eI_cpu.u_eJ_core.u_eK_exu.u_eL_exu_commit.u_eM_exu_excp.wfi_flag_dfflr.qout_r	dbg_mode	u_e203_cpu.u_e203_core.u_e203_exu.u_e203_exu_commit.u_e203_exu_excp.wfi_flag_dfflr.qout_r$_DFFE_PN0P_/D
344	-0.5733	u_eI_cpu.u_eJ_core.u_eK_exu.u_eL_exu_csr.status_mie_dfflr.qout_r	extIdtcm_icb_cmd_ready	u_e203_cpu.u_e203_core.u_e203_exu.u_e203_exu_csr.status_mie_dfflr.qout_r$_DFFE_PN0P_/QN	ext2dtcm_icb_cmd_ready
345	-0.5722	u_eI_cpu.u_eJ_core.u_eK_ifu.u_eL_ifu_ifetch.ifu_lo_ir_dfflr.qout_r[M]	u_eI_cpu.u_eJ_core.u_eK_ifu.u_eL_ifu_ifetch.ifu_lo_ir_dfflr.qout_r[M]	u_e203_cpu.u_e203_core.u_e203_ifu.u_e203_ifu_ifetch.ifu_lo_ir_dfflr.qout_r[13]$_DFFE_PN0P_/Q	u_e203_cpu.u_e203_core.u_e203_ifu.u_e203_ifu_ifetch.ifu_lo_ir_dfflr.qout_r[13]$_DFFE_PN0P_/D
346	-0.5708	u_eI_cpu.u_eJ_core.u_eK_exu.u_eL_exu_alu.u_eM_exu_alu_lsuagu.icb_state_dfflr.qout_r[N]	cmt_dcause_ena	u_e203_cpu.u_e203_core.u_e203_exu.u_e203_exu_alu.u_e203_exu_alu_lsuagu.icb_state_dfflr.qout_r[1]$_DFFE_PN0P_/Q	cmt_dcause_ena
347	-0.5676	dbg_halt_r	u_eI_cpu.u_eJ_core.u_eK_ifu.u_eL_ifu_ifetch.ifu_pc_dfflr.qout_r[M]	dbg_halt_r	u_e203_cpu.u_e203_core.u_e203_ifu.u_e203_ifu_ifetch.ifu_pc_dfflr.qout_r[14]$_DFFE_PN0P_/D
348	-0.5657	dbg_step_r	u_eI_cpu.u_eJ_core.u_eK_exu.u_eL_exu_oitf.depth_gtM.alc_ptr_flg_dfflrs.qout_r	dbg_step_r	u_e203_cpu.u_e203_core.u_e203_exu.u_e203_exu_oitf.depth_gt1.alc_ptr_flg_dfflrs.qout_r$_DFFE_PN0P_/D
349	-0.5654	dbg_step_r	u_eI_cpu.u_eJ_core.u_eK_exu.u_eL_exu_oitf.oitf_entries[M].rdwen_dfflrs.qout_r	dbg_step_r	u_e203_cpu.u_e203_core.u_e203_exu.u_e203_exu_oitf.oitf_entries[0].rdwen_dfflrs.qout_r$_DFFE_PP_/D
350	-0.5616	dbg_halt_r	u_eI_cpu.u_eJ_itcm_ctrl.u_itcm_icb_arbt.arbt_num_gt_K_gen.dp_L.u_sirv_gnrl_rspid_fifo.dp_gt_M.vld_dfflr.qout_r	dbg_halt_r	u_e203_cpu.u_e203_itcm_ctrl.u_itcm_icb_arbt.arbt_num_gt_1_gen.dp_1.u_sirv_gnrl_rspid_fifo.dp_gt_0.vld_dfflr.qout_r$_DFFE_PN0P_/D
351	-0.5615	dbg_step_r	u_eI_cpu.u_eJ_itcm_ctrl.u_itcm_icb_extKitcm_nLw.fifo_dp_M.u_sirv_gnrl_nNw_fifo.dp_gt_O.vld_dfflr.qout_r	dbg_step_r	u_e203_cpu.u_e203_itcm_ctrl.u_itcm_icb_ext2itcm_n2w.fifo_dp_1.u_sirv_gnrl_n2w_fifo.dp_gt_0.vld_dfflr.qout_r$_DFFE_PN0P_/D
352	-0.5579	dbg_halt_r	u_eI_cpu.u_eJ_dtcm_ctrl.u_dtcm_icb_arbt.arbt_num_gt_K_gen.dp_L.u_sirv_gnrl_rspid_fifo.dp_gt_M.dat_dfflr.qout_r	dbg_halt_r	u_e203_cpu.u_e203_dtcm_ctrl.u_dtcm_icb_arbt.arbt_num_gt_1_gen.dp_1.u_sirv_gnrl_rspid_fifo.dp_gt_0.dat_dfflr.qout_r$_DFFE_PP_/D
353	-0.5564	dbg_halt_r	u_eI_cpu.u_eJ_core.u_eK_exu.u_eL_exu_alu.u_eM_exu_alu_lsuagu.icb_state_dfflr.qout_r[N]	dbg_halt_r	u_e203_cpu.u_e203_core.u_e203_exu.u_e203_exu_alu.u_e203_exu_alu_lsuagu.icb_state_dfflr.qout_r[0]$_DFFE_PN0P_/D
354	-0.5558	u_eI_cpu.u_eJ_core.u_eK_ifu.u_eL_ifu_ifetch.ifu_lo_ir_dfflr.qout_r[M]	u_eI_cpu.u_eJ_core.u_eK_ifu.u_eL_ifu_ifetch.ir_muldiv_bMb_dfflr.qout_r	u_e203_cpu.u_e203_core.u_e203_ifu.u_e203_ifu_ifetch.ifu_lo_ir_dfflr.qout_r[13]$_DFFE_PN0P_/Q	u_e203_cpu.u_e203_core.u_e203_ifu.u_e203_ifu_ifetch.ir_muldiv_b2b_dfflr.qout_r$_DFFE_PN0P_/D
355	-0.5549	u_eI_cpu.u_eJ_core.u_eK_ifu.u_eL_ifu_ifetch.ifu_lo_ir_dfflr.qout_r[M]	u_eI_cpu.u_eJ_core.u_eK_ifu.u_eL_ifu_ifetch.ir_rsMidx_dfflr.qout_r[N]	u_e203_cpu.u_e203_core.u_e203_ifu.u_e203_ifu_ifetch.ifu_lo_ir_dfflr.qout_r[13]$_DFFE_PN0P_/Q	u_e203_cpu.u_e203_core.u_e203_ifu.u_e203_ifu_ifetch.ir_rs1idx_dfflr.qout_r[0]$_DFFE_PN0P_/D
356	-0.5524	u_eI_cpu.u_eJ_core.u_eK_exu.u_eL_exu_alu.u_eM_exu_alu_muldiv.muldiv_state_dfflr.qout_r[N]	cmt_dcause_ena	u_e203_cpu.u_e203_core.u_e203_exu.u_e203_exu_alu.u_e203_exu_alu_muldiv.muldiv_state_dfflr.qout_r[1]$_DFFE_PN0P_/Q	cmt_dcause_ena
357	-0.5492	dbg_halt_r	u_eI_cpu.u_eJ_core.u_eK_exu.u_eL_exu_alu.u_eM_exu_alu_muldiv.part_prdt_sftN_dfflr.qout_r	dbg_halt_r	u_e203_cpu.u_e203_core.u_e203_exu.u_e203_exu_alu.u_e203_exu_alu_muldiv.part_prdt_sft1_dfflr.qout_r$_DFFE_PN0P_/D
358	-0.5488	u_eI_cpu.u_eJ_irq_sync.master_gen.u_tmr_irq_sync.sync_gen[K].i_is_not_L.sync_dffr.qout_r	cmt_dcause_ena	u_e203_cpu.u_e203_irq_sync.master_gen.u_tmr_irq_sync.sync_gen[1].i_is_not_0.sync_dffr.qout_r$_DFF_PN0_/Q	cmt_dcause_ena
359	-0.5488	dbg_halt_r	u_eI_cpu.u_eJ_clk_ctrl.dtcm_active_dffr.qout_r	dbg_halt_r	u_e203_cpu.u_e203_clk_ctrl.dtcm_active_dffr.qout_r$_DFF_PN0_/D
360	-0.5480	dbg_step_r	u_eI_cpu.u_eJ_core.u_eK_ifu.u_eL_ifu_ifetch.ifu_pc_dfflr.qout_r[M]	dbg_step_r	u_e203_cpu.u_e203_core.u_e203_ifu.u_e203_ifu_ifetch.ifu_pc_dfflr.qout_r[14]$_DFFE_PN0P_/D
361	-0.5443	u_eI_cpu.u_eJ_core.u_eK_exu.u_eL_exu_csr.mie_dfflr.qout_r[M]	cmt_dcause_ena	u_e203_cpu.u_e203_core.u_e203_exu.u_e203_exu_csr.mie_dfflr.qout_r[7]$_DFFE_PN0P_/Q	cmt_dcause_ena
362	-0.5435	dbg_halt_r	u_eI_cpu.u_eJ_itcm_ctrl.u_itcm_icb_arbt.arbt_num_gt_K_gen.dp_L.u_sirv_gnrl_rspid_fifo.dp_gt_M.dat_dfflr.qout_r	dbg_halt_r	u_e203_cpu.u_e203_itcm_ctrl.u_itcm_icb_arbt.arbt_num_gt_1_gen.dp_1.u_sirv_gnrl_rspid_fifo.dp_gt_0.dat_dfflr.qout_r$_DFFE_PP_/D
363	-0.5430	dbg_halt_r	u_eI_cpu.u_eJ_core.u_eK_exu.u_eL_exu_csr.status_mpie_dfflr.qout_r	dbg_halt_r	u_e203_cpu.u_e203_core.u_e203_exu.u_e203_exu_csr.status_mpie_dfflr.qout_r$_DFFE_PN0P_/D
364	-0.5421	u_eI_cpu.u_eJ_core.u_eK_ifu.u_eL_ifu_ifetch.ifu_lo_ir_dfflr.qout_r[M]	u_eI_cpu.u_eJ_core.u_eK_ifu.u_eL_ifu_iftMicb.leftover_err_dfflr.qout_r	u_e203_cpu.u_e203_core.u_e203_ifu.u_e203_ifu_ifetch.ifu_lo_ir_dfflr.qout_r[13]$_DFFE_PN0P_/Q	u_e203_cpu.u_e203_core.u_e203_ifu.u_e203_ifu_ift2icb.leftover_err_dfflr.qout_r$_DFFE_PN0P_/D
365	-0.5420	dbg_step_r	u_eI_cpu.u_eJ_itcm_ctrl.u_itcm_icb_arbt.arbt_num_gt_K_gen.dp_L.u_sirv_gnrl_rspid_fifo.dp_gt_M.vld_dfflr.qout_r	dbg_step_r	u_e203_cpu.u_e203_itcm_ctrl.u_itcm_icb_arbt.arbt_num_gt_1_gen.dp_1.u_sirv_gnrl_rspid_fifo.dp_gt_0.vld_dfflr.qout_r$_DFFE_PN0P_/D
366	-0.5414	u_eI_cpu.u_eJ_core.u_eK_ifu.u_eL_ifu_ifetch.ifu_lo_ir_dfflr.qout_r[M]	u_eI_cpu.u_eJ_core.u_eK_ifu.u_eL_ifu_ifetch.ifu_err_dfflr.qout_r	u_e203_cpu.u_e203_core.u_e203_ifu.u_e203_ifu_ifetch.ifu_lo_ir_dfflr.qout_r[13]$_DFFE_PN0P_/Q	u_e203_cpu.u_e203_core.u_e203_ifu.u_e203_ifu_ifetch.ifu_err_dfflr.qout_r$_DFFE_PN0P_/D
367	-0.5404	u_eI_cpu.u_eJ_core.u_eK_ifu.u_eL_ifu_ifetch.ifu_prdt_taken_dfflr.qout_r	extIitcm_icb_cmd_ready	u_e203_cpu.u_e203_core.u_e203_ifu.u_e203_ifu_ifetch.ifu_prdt_taken_dfflr.qout_r$_DFFE_PN0P_/Q	ext2itcm_icb_cmd_ready
368	-0.5393	u_eI_cpu.u_eJ_core.u_eK_ifu.u_eL_ifu_ifetch.ifu_hi_ir_dfflr.qout_r[M]	u_eI_cpu.u_eJ_core.u_eK_ifu.u_eL_ifu_ifetch.ifu_hi_ir_dfflr.qout_r[M]	u_e203_cpu.u_e203_core.u_e203_ifu.u_e203_ifu_ifetch.ifu_hi_ir_dfflr.qout_r[13]$_DFFE_PN0P_/Q	u_e203_cpu.u_e203_core.u_e203_ifu.u_e203_ifu_ifetch.ifu_hi_ir_dfflr.qout_r[9]$_DFFE_PN0P_/D
369	-0.5383	dbg_step_r	u_eI_cpu.u_eJ_dtcm_ctrl.u_dtcm_icb_arbt.arbt_num_gt_K_gen.dp_L.u_sirv_gnrl_rspid_fifo.dp_gt_M.dat_dfflr.qout_r	dbg_step_r	u_e203_cpu.u_e203_dtcm_ctrl.u_dtcm_icb_arbt.arbt_num_gt_1_gen.dp_1.u_sirv_gnrl_rspid_fifo.dp_gt_0.dat_dfflr.qout_r$_DFFE_PP_/D
370	-0.5368	dbg_step_r	u_eI_cpu.u_eJ_core.u_eK_exu.u_eL_exu_alu.u_eM_exu_alu_lsuagu.icb_state_dfflr.qout_r[N]	dbg_step_r	u_e203_cpu.u_e203_core.u_e203_exu.u_e203_exu_alu.u_e203_exu_alu_lsuagu.icb_state_dfflr.qout_r[0]$_DFFE_PN0P_/D
371	-0.5367	u_eI_cpu.u_eJ_core.u_eK_ifu.u_eL_ifu_ifetch.ifu_lo_ir_dfflr.qout_r[M]	u_eI_srams.u_eJ_itcm_ram.u_eK_itcm_gnrl_ram.u_sirv_sim_ram.mem_r[L][M]	u_e203_cpu.u_e203_core.u_e203_ifu.u_e203_ifu_ifetch.ifu_lo_ir_dfflr.qout_r[13]$_DFFE_PN0P_/Q	u_e203_srams.u_e203_itcm_ram.u_e203_itcm_gnrl_ram.u_sirv_sim_ram.mem_r[0][24]$_DFFE_PP_/D
372	-0.5349	u_eI_cpu.u_eJ_core.u_eK_lsu.u_eL_lsu_ctrl.u_eM_lsu_splt_stage.dp_gt_N.vld_dfflr.qout_r	cmt_dcause_ena	u_e203_cpu.u_e203_core.u_e203_lsu.u_e203_lsu_ctrl.u_e203_lsu_splt_stage.dp_gt_0.vld_dfflr.qout_r$_DFFE_PN0P_/Q	cmt_dcause_ena
373	-0.5331	u_eI_cpu.u_eJ_core.u_eK_ifu.u_eL_ifu_ifetch.ifu_hi_ir_dfflr.qout_r[M]	u_eI_cpu.u_eJ_core.u_eK_ifu.u_eL_ifu_iftMicb.leftover_dffl.qout_r[N]	u_e203_cpu.u_e203_core.u_e203_ifu.u_e203_ifu_ifetch.ifu_hi_ir_dfflr.qout_r[13]$_DFFE_PN0P_/Q	u_e203_cpu.u_e203_core.u_e203_ifu.u_e203_ifu_ift2icb.leftover_dffl.qout_r[10]$_DFFE_PP_/D
374	-0.5325	u_eI_cpu.u_eJ_irq_sync.master_gen.u_sft_irq_sync.sync_gen[K].i_is_not_L.sync_dffr.qout_r	cmt_dcause_ena	u_e203_cpu.u_e203_irq_sync.master_gen.u_sft_irq_sync.sync_gen[1].i_is_not_0.sync_dffr.qout_r$_DFF_PN0_/Q	cmt_dcause_ena
375	-0.5314	u_eI_cpu.u_eJ_core.u_eK_ifu.u_eL_ifu_ifetch.ifu_lo_ir_dfflr.qout_r[M]	u_eI_cpu.u_eJ_core.u_eK_ifu.u_eL_ifu_ifetch.pc_dfflr.qout_r[M]	u_e203_cpu.u_e203_core.u_e203_ifu.u_e203_ifu_ifetch.ifu_lo_ir_dfflr.qout_r[13]$_DFFE_PN0P_/Q	u_e203_cpu.u_e203_core.u_e203_ifu.u_e203_ifu_ifetch.pc_dfflr.qout_r[10]$_DFFE_PN0P_/D
376	-0.5311	dbg_halt_r	u_eI_cpu.u_eJ_core.u_eK_ifu.u_eL_ifu_ifetch.ir_pc_vld_dfflr.qout_r	dbg_halt_r	u_e203_cpu.u_e203_core.u_e203_ifu.u_e203_ifu_ifetch.ir_pc_vld_dfflr.qout_r$_DFFE_PN0P_/D
377	-0.5308	u_eI_cpu.u_eJ_core.u_eK_ifu.u_eL_ifu_ifetch.ifu_hi_ir_dfflr.qout_r[M]	u_eI_cpu.u_eJ_core.u_eK_ifu.u_eL_ifu_ifetch.ifu_lo_ir_dfflr.qout_r[M]	u_e203_cpu.u_e203_core.u_e203_ifu.u_e203_ifu_ifetch.ifu_hi_ir_dfflr.qout_r[13]$_DFFE_PN0P_/Q	u_e203_cpu.u_e203_core.u_e203_ifu.u_e203_ifu_ifetch.ifu_lo_ir_dfflr.qout_r[13]$_DFFE_PN0P_/D
378	-0.5302	u_eI_cpu.u_eJ_core.u_eK_ifu.u_eL_ifu_ifetch.ifu_prdt_taken_dfflr.qout_r	extIdtcm_icb_cmd_ready	u_e203_cpu.u_e203_core.u_e203_ifu.u_e203_ifu_ifetch.ifu_prdt_taken_dfflr.qout_r$_DFFE_PN0P_/Q	ext2dtcm_icb_cmd_ready
379	-0.5295	dbg_step_r	u_eI_cpu.u_eJ_core.u_eK_exu.u_eL_exu_alu.u_eM_exu_alu_muldiv.part_prdt_sftN_dfflr.qout_r	dbg_step_r	u_e203_cpu.u_e203_core.u_e203_exu.u_e203_exu_alu.u_e203_exu_alu_muldiv.part_prdt_sft1_dfflr.qout_r$_DFFE_PN0P_/D
380	-0.5293	dbg_halt_r	u_eI_cpu.u_eJ_core.u_eK_exu.u_eL_exu_alu.u_eM_exu_alu_muldiv.muldiv_state_dfflr.qout_r[N]	dbg_halt_r	u_e203_cpu.u_e203_core.u_e203_exu.u_e203_exu_alu.u_e203_exu_alu_muldiv.muldiv_state_dfflr.qout_r[2]$_DFFE_PN0P_/D
381	-0.5292	dbg_step_r	u_eI_cpu.u_eJ_clk_ctrl.dtcm_active_dffr.qout_r	dbg_step_r	u_e203_cpu.u_e203_clk_ctrl.dtcm_active_dffr.qout_r$_DFF_PN0_/D
382	-0.5281	u_eI_cpu.u_eJ_core.u_eK_ifu.u_eL_ifu_ifetch.ifu_err_dfflr.qout_r	cmt_dcause[I]	u_e203_cpu.u_e203_core.u_e203_ifu.u_e203_ifu_ifetch.ifu_err_dfflr.qout_r$_DFFE_PN0P_/Q	cmt_dcause[0]
383	-0.5238	dbg_step_r	u_eI_cpu.u_eJ_itcm_ctrl.u_itcm_icb_arbt.arbt_num_gt_K_gen.dp_L.u_sirv_gnrl_rspid_fifo.dp_gt_M.dat_dfflr.qout_r	dbg_step_r	u_e203_cpu.u_e203_itcm_ctrl.u_itcm_icb_arbt.arbt_num_gt_1_gen.dp_1.u_sirv_gnrl_rspid_fifo.dp_gt_0.dat_dfflr.qout_r$_DFFE_PP_/D
384	-0.5234	dbg_step_r	u_eI_cpu.u_eJ_core.u_eK_exu.u_eL_exu_csr.status_mpie_dfflr.qout_r	dbg_step_r	u_e203_cpu.u_e203_core.u_e203_exu.u_e203_exu_csr.status_mpie_dfflr.qout_r$_DFFE_PN0P_/D
385	-0.5227	dbg_halt_r	u_eI_cpu.u_eJ_core.u_eK_exu.u_eL_exu_alu.u_eM_exu_alu_muldiv.part_remd_sftN_dfflr.qout_r	dbg_halt_r	u_e203_cpu.u_e203_core.u_e203_exu.u_e203_exu_alu.u_e203_exu_alu_muldiv.part_remd_sft1_dfflr.qout_r$_DFFE_PN0P_/D
386	-0.5224	u_eI_cpu.u_eJ_core.u_eK_ifu.u_eL_ifu_ifetch.ifu_lo_ir_dfflr.qout_r[M]	u_eI_srams.u_eJ_dtcm_ram.u_eK_dtcm_gnrl_ram.u_sirv_sim_ram.mem_r[L][M]	u_e203_cpu.u_e203_core.u_e203_ifu.u_e203_ifu_ifetch.ifu_lo_ir_dfflr.qout_r[13]$_DFFE_PN0P_/Q	u_e203_srams.u_e203_dtcm_ram.u_e203_dtcm_gnrl_ram.u_sirv_sim_ram.mem_r[0][10]$_DFFE_PP_/D
387	-0.5215	dbg_halt_r	u_eI_cpu.u_eJ_dtcm_ctrl.u_sram_icb_ctrl.u_sirv_Kcyc_sram_ctrl.u_eL_stage.dp_gt_M.vld_dfflr.qout_r	dbg_halt_r	u_e203_cpu.u_e203_dtcm_ctrl.u_sram_icb_ctrl.u_sirv_1cyc_sram_ctrl.u_e1_stage.dp_gt_0.vld_dfflr.qout_r$_DFFE_PN0P_/D
388	-0.5176	dbg_halt_r	u_eI_cpu.u_eJ_itcm_ctrl.u_itcm_icb_lsuKitcm_nLw.fifo_dp_M.u_sirv_gnrl_nNw_fifo.dp_gt_O.dat_dfflr.qout_r	dbg_halt_r	u_e203_cpu.u_e203_itcm_ctrl.u_itcm_icb_lsu2itcm_n2w.fifo_dp_1.u_sirv_gnrl_n2w_fifo.dp_gt_0.dat_dfflr.qout_r$_DFFE_PP_/D
389	-0.5167	u_eI_cpu.u_eJ_irq_sync.master_gen.u_ext_irq_sync.sync_gen[K].i_is_not_L.sync_dffr.qout_r	cmt_dcause_ena	u_e203_cpu.u_e203_irq_sync.master_gen.u_ext_irq_sync.sync_gen[1].i_is_not_0.sync_dffr.qout_r$_DFF_PN0_/Q	cmt_dcause_ena
390	-0.5166	u_eI_cpu.u_eJ_core.u_eK_exu.u_eL_exu_alu.u_eM_exu_alu_dpath.sbf_N_dffl.qout_r[O]	extIitcm_icb_cmd_ready	u_e203_cpu.u_e203_core.u_e203_exu.u_e203_exu_alu.u_e203_exu_alu_dpath.sbf_0_dffl.qout_r[32]$_SDFFCE_PN0P_/Q	ext2itcm_icb_cmd_ready
391	-0.5161	dbg_halt_r	u_eI_cpu.u_eJ_core.u_eK_exu.u_eL_exu_csr.mcycle_dfflr.qout_r[M]	dbg_halt_r	u_e203_cpu.u_e203_core.u_e203_exu.u_e203_exu_csr.mcycle_dfflr.qout_r[13]$_DFFE_PN0P_/D
392	-0.5144	u_eI_cpu.u_eJ_core.u_eK_ifu.u_eL_ifu_ifetch.ifu_hi_ir_dfflr.qout_r[M]	u_eI_cpu.u_eJ_core.u_eK_ifu.u_eL_ifu_ifetch.ir_muldiv_bMb_dfflr.qout_r	u_e203_cpu.u_e203_core.u_e203_ifu.u_e203_ifu_ifetch.ifu_hi_ir_dfflr.qout_r[13]$_DFFE_PN0P_/Q	u_e203_cpu.u_e203_core.u_e203_ifu.u_e203_ifu_ifetch.ir_muldiv_b2b_dfflr.qout_r$_DFFE_PN0P_/D
393	-0.5139	dbg_halt_r	u_eI_cpu.u_eJ_core.u_eK_exu.u_eL_exu_csr.mscratch_dfflr.qout_r[M]	dbg_halt_r	u_e203_cpu.u_e203_core.u_e203_exu.u_e203_exu_csr.mscratch_dfflr.qout_r[13]$_DFFE_PN0P_/D
394	-0.5135	u_eI_cpu.u_eJ_core.u_eK_ifu.u_eL_ifu_ifetch.ifu_hi_ir_dfflr.qout_r[M]	u_eI_cpu.u_eJ_core.u_eK_ifu.u_eL_ifu_ifetch.ir_rsMidx_dfflr.qout_r[N]	u_e203_cpu.u_e203_core.u_e203_ifu.u_e203_ifu_ifetch.ifu_hi_ir_dfflr.qout_r[13]$_DFFE_PN0P_/Q	u_e203_cpu.u_e203_core.u_e203_ifu.u_e203_ifu_ifetch.ir_rs1idx_dfflr.qout_r[0]$_DFFE_PN0P_/D
395	-0.5118	u_eI_cpu.u_eJ_core.u_eK_exu.u_eL_exu_oitf.depth_gtM.alc_ptr_dfflrs.qout_r	cmt_dcause_ena	u_e203_cpu.u_e203_core.u_e203_exu.u_e203_exu_oitf.depth_gt1.alc_ptr_dfflrs.qout_r$_DFFE_PN0P_/Q	cmt_dcause_ena
396	-0.5118	dbg_halt_r	u_eI_cpu.u_eJ_core.u_eK_exu.u_eL_exu_csr.mcycleh_dfflr.qout_r[M]	dbg_halt_r	u_e203_cpu.u_e203_core.u_e203_exu.u_e203_exu_csr.mcycleh_dfflr.qout_r[13]$_DFFE_PN0P_/D
397	-0.5114	dbg_step_r	u_eI_cpu.u_eJ_core.u_eK_ifu.u_eL_ifu_ifetch.ir_pc_vld_dfflr.qout_r	dbg_step_r	u_e203_cpu.u_e203_core.u_e203_ifu.u_e203_ifu_ifetch.ir_pc_vld_dfflr.qout_r$_DFFE_PN0P_/D
398	-0.5112	dbg_halt_r	u_eI_cpu.u_eJ_dtcm_ctrl.u_sram_icb_ctrl.u_sirv_Kcyc_sram_ctrl.u_ram_clkgate.enb	dbg_halt_r	u_e203_cpu.u_e203_dtcm_ctrl.u_sram_icb_ctrl.u_sirv_1cyc_sram_ctrl.u_ram_clkgate.enb$_DLATCH_N_/D
399	-0.5111	u_eI_cpu.u_eJ_core.u_eK_exu.u_eL_exu_oitf.depth_gtM.alc_ptr_flg_dfflrs.qout_r	cmt_dcause_ena	u_e203_cpu.u_e203_core.u_e203_exu.u_e203_exu_oitf.depth_gt1.alc_ptr_flg_dfflrs.qout_r$_DFFE_PN0P_/Q	cmt_dcause_ena
400	-0.5105	u_eI_cpu.u_eJ_core.u_eK_ifu.u_eL_ifu_ifetch.ifu_err_dfflr.qout_r	core_wfi	u_e203_cpu.u_e203_core.u_e203_ifu.u_e203_ifu_ifetch.ifu_err_dfflr.qout_r$_DFFE_PN0P_/Q	core_wfi
401	-0.5096	dbg_step_r	u_eI_cpu.u_eJ_core.u_eK_exu.u_eL_exu_alu.u_eM_exu_alu_muldiv.muldiv_state_dfflr.qout_r[N]	dbg_step_r	u_e203_cpu.u_e203_core.u_e203_exu.u_e203_exu_alu.u_e203_exu_alu_muldiv.muldiv_state_dfflr.qout_r[2]$_DFFE_PN0P_/D
402	-0.5092	dbg_halt_r	u_eI_cpu.u_eJ_core.u_eK_exu.u_eL_exu_alu.u_eM_exu_nice.u_nice_itag_fifo.dp_gtN.vec_O_dfflrs.qout_r	dbg_halt_r	u_e203_cpu.u_e203_core.u_e203_exu.u_e203_exu_alu.u_e203_exu_nice.u_nice_itag_fifo.dp_gt0.vec_0_dfflrs.qout_r$_DFFE_PN1P_/D
403	-0.5090	dbg_mode	wr_csr_nxt[I]	dbg_mode	wr_csr_nxt[3]
404	-0.5087	dbg_halt_r	u_eI_cpu.u_eJ_core.u_eK_exu.u_eL_exu_alu.u_eM_exu_nice.u_nice_itag_fifo.dp_gtN.vec_O_dfflr.qout_r[P]	dbg_halt_r	u_e203_cpu.u_e203_core.u_e203_exu.u_e203_exu_alu.u_e203_exu_nice.u_nice_itag_fifo.dp_gt0.vec_31_dfflr.qout_r[1]$_DFFE_PN0P_/D
405	-0.5065	u_eI_cpu.u_eJ_core.u_eK_ifu.u_eL_ifu_ifetch.ifu_lo_ir_dfflr.qout_r[M]	u_eI_cpu.u_eJ_core.u_eK_ifu.u_eL_ifu_iftMicb.u_eN_ifetch_rsp_bypbuf.u_bypbuf_fifo.dp_gtO.fifo_rf[P].fifo_rf_dffl.qout_r[Q]	u_e203_cpu.u_e203_core.u_e203_ifu.u_e203_ifu_ifetch.ifu_lo_ir_dfflr.qout_r[13]$_DFFE_PN0P_/Q	u_e203_cpu.u_e203_core.u_e203_ifu.u_e203_ifu_ift2icb.u_e203_ifetch_rsp_bypbuf.u_bypbuf_fifo.dp_gt0.fifo_rf[0].fifo_rf_dffl.qout_r[10]$_DFFE_PP_/D
406	-0.5064	u_eI_cpu.u_eJ_core.u_eK_exu.u_eL_exu_alu.u_eM_exu_alu_dpath.sbf_N_dffl.qout_r[O]	extIdtcm_icb_cmd_ready	u_e203_cpu.u_e203_core.u_e203_exu.u_e203_exu_alu.u_e203_exu_alu_dpath.sbf_0_dffl.qout_r[32]$_SDFFCE_PN0P_/Q	ext2dtcm_icb_cmd_ready
407	-0.5054	dbg_halt_r	u_eI_cpu.u_eJ_core.u_eK_exu.u_eL_exu_csr.mtvec_dfflr.qout_r[M]	dbg_halt_r	u_e203_cpu.u_e203_core.u_e203_exu.u_e203_exu_csr.mtvec_dfflr.qout_r[13]$_DFFE_PN0P_/D
408	-0.5051	u_eI_cpu.u_eJ_core.u_eK_exu.u_eL_exu_oitf.depth_gtM.ret_ptr_flg_dfflrs.qout_r	cmt_dcause_ena	u_e203_cpu.u_e203_core.u_e203_exu.u_e203_exu_oitf.depth_gt1.ret_ptr_flg_dfflrs.qout_r$_DFFE_PN0P_/Q	cmt_dcause_ena
409	-0.5037	u_eI_cpu.u_eJ_core.u_eK_ifu.u_eL_ifu_ifetch.ifu_lo_ir_dfflr.qout_r[M]	u_eI_cpu.u_eJ_core.u_eK_biu.u_sirv_gnrl_icb_buffer.u_sirv_gnrl_cmd_fifo.dp_gtL.fifo_rf[M].fifo_rf_dffl.qout_r[N]	u_e203_cpu.u_e203_core.u_e203_ifu.u_e203_ifu_ifetch.ifu_lo_ir_dfflr.qout_r[13]$_DFFE_PN0P_/Q	u_e203_cpu.u_e203_core.u_e203_biu.u_sirv_gnrl_icb_buffer.u_sirv_gnrl_cmd_fifo.dp_gt0.fifo_rf[0].fifo_rf_dffl.qout_r[52]$_DFFE_PP_/D
410	-0.5033	u_eI_cpu.u_eJ_core.u_eK_exu.u_eL_exu_oitf.depth_gtM.ret_ptr_dfflrs.qout_r	cmt_dcause_ena	u_e203_cpu.u_e203_core.u_e203_exu.u_e203_exu_oitf.depth_gt1.ret_ptr_dfflrs.qout_r$_DFFE_PN0P_/Q	cmt_dcause_ena
411	-0.5031	dbg_step_r	u_eI_cpu.u_eJ_core.u_eK_exu.u_eL_exu_alu.u_eM_exu_alu_muldiv.part_remd_sftN_dfflr.qout_r	dbg_step_r	u_e203_cpu.u_e203_core.u_e203_exu.u_e203_exu_alu.u_e203_exu_alu_muldiv.part_remd_sft1_dfflr.qout_r$_DFFE_PN0P_/D
412	-0.5019	dbg_step_r	u_eI_cpu.u_eJ_dtcm_ctrl.u_sram_icb_ctrl.u_sirv_Kcyc_sram_ctrl.u_eL_stage.dp_gt_M.vld_dfflr.qout_r	dbg_step_r	u_e203_cpu.u_e203_dtcm_ctrl.u_sram_icb_ctrl.u_sirv_1cyc_sram_ctrl.u_e1_stage.dp_gt_0.vld_dfflr.qout_r$_DFFE_PN0P_/D
413	-0.5007	u_eI_cpu.u_eJ_core.u_eK_ifu.u_eL_ifu_ifetch.ifu_hi_ir_dfflr.qout_r[M]	u_eI_cpu.u_eJ_core.u_eK_ifu.u_eL_ifu_iftMicb.leftover_err_dfflr.qout_r	u_e203_cpu.u_e203_core.u_e203_ifu.u_e203_ifu_ifetch.ifu_hi_ir_dfflr.qout_r[13]$_DFFE_PN0P_/Q	u_e203_cpu.u_e203_core.u_e203_ifu.u_e203_ifu_ift2icb.leftover_err_dfflr.qout_r$_DFFE_PN0P_/D
414	-0.5000	u_eI_cpu.u_eJ_core.u_eK_ifu.u_eL_ifu_ifetch.ifu_hi_ir_dfflr.qout_r[M]	u_eI_cpu.u_eJ_core.u_eK_ifu.u_eL_ifu_ifetch.ifu_err_dfflr.qout_r	u_e203_cpu.u_e203_core.u_e203_ifu.u_e203_ifu_ifetch.ifu_hi_ir_dfflr.qout_r[13]$_DFFE_PN0P_/Q	u_e203_cpu.u_e203_core.u_e203_ifu.u_e203_ifu_ifetch.ifu_err_dfflr.qout_r$_DFFE_PN0P_/D
415	-0.4997	dbg_halt_r	u_eI_cpu.u_eJ_core.u_eK_exu.u_eL_exu_csr.cause_dfflr.qout_r[M]	dbg_halt_r	u_e203_cpu.u_e203_core.u_e203_exu.u_e203_exu_csr.cause_dfflr.qout_r[0]$_DFFE_PN0P_/D
416	-0.4982	u_eI_cpu.u_eJ_core.u_eK_ifu.u_eL_ifu_ifetch.ifu_lo_ir_dfflr.qout_r[M]	u_eI_cpu.u_eJ_dtcm_ctrl.u_sram_icb_ctrl.u_byp_icb_cmd_buf.u_bypbuf_fifo.dp_gtK.fifo_rf[L].fifo_rf_dffl.qout_r[M]	u_e203_cpu.u_e203_core.u_e203_ifu.u_e203_ifu_ifetch.ifu_lo_ir_dfflr.qout_r[13]$_DFFE_PN0P_/Q	u_e203_cpu.u_e203_dtcm_ctrl.u_sram_icb_ctrl.u_byp_icb_cmd_buf.u_bypbuf_fifo.dp_gt0.fifo_rf[0].fifo_rf_dffl.qout_r[1]$_DFFE_PP_/D
417	-0.4979	dbg_step_r	u_eI_cpu.u_eJ_itcm_ctrl.u_itcm_icb_lsuKitcm_nLw.fifo_dp_M.u_sirv_gnrl_nNw_fifo.dp_gt_O.dat_dfflr.qout_r	dbg_step_r	u_e203_cpu.u_e203_itcm_ctrl.u_itcm_icb_lsu2itcm_n2w.fifo_dp_1.u_sirv_gnrl_n2w_fifo.dp_gt_0.dat_dfflr.qout_r$_DFFE_PP_/D
418	-0.4965	dbg_step_r	u_eI_cpu.u_eJ_core.u_eK_exu.u_eL_exu_csr.mcycle_dfflr.qout_r[M]	dbg_step_r	u_e203_cpu.u_e203_core.u_e203_exu.u_e203_exu_csr.mcycle_dfflr.qout_r[13]$_DFFE_PN0P_/D
419	-0.4960	dbg_halt_r	u_eI_cpu.u_eJ_core.u_eK_exu.u_eL_exu_alu.u_eM_exu_nice.u_nice_itag_fifo.dp_gtN.dp_gtO.wptr_vec_P_dfflr.qout_r[Q]	dbg_halt_r	u_e203_cpu.u_e203_core.u_e203_exu.u_e203_exu_alu.u_e203_exu_nice.u_nice_itag_fifo.dp_gt0.dp_gt1.wptr_vec_31_dfflr.qout_r[0]$_DFFE_PN0P_/D
420	-0.4953	u_eI_cpu.u_eJ_core.u_eK_ifu.u_eL_ifu_ifetch.ifu_hi_ir_dfflr.qout_r[M]	u_eI_srams.u_eJ_itcm_ram.u_eK_itcm_gnrl_ram.u_sirv_sim_ram.mem_r[L][M]	u_e203_cpu.u_e203_core.u_e203_ifu.u_e203_ifu_ifetch.ifu_hi_ir_dfflr.qout_r[13]$_DFFE_PN0P_/Q	u_e203_srams.u_e203_itcm_ram.u_e203_itcm_gnrl_ram.u_sirv_sim_ram.mem_r[0][24]$_DFFE_PP_/D
421	-0.4942	dbg_step_r	u_eI_cpu.u_eJ_core.u_eK_exu.u_eL_exu_csr.mscratch_dfflr.qout_r[M]	dbg_step_r	u_e203_cpu.u_e203_core.u_e203_exu.u_e203_exu_csr.mscratch_dfflr.qout_r[13]$_DFFE_PN0P_/D
422	-0.4936	u_eI_cpu.u_eJ_core.u_eK_biu.u_biu_icb_arbt.arbt_num_gt_L_gen.dp_M.u_sirv_gnrl_rspid_fifo.dp_gt_N.vld_dfflr.qout_r	cmt_dcause_ena	u_e203_cpu.u_e203_core.u_e203_biu.u_biu_icb_arbt.arbt_num_gt_1_gen.dp_1.u_sirv_gnrl_rspid_fifo.dp_gt_0.vld_dfflr.qout_r$_DFFE_PN0P_/Q	cmt_dcause_ena
423	-0.4936	u_eI_cpu.u_eJ_core.u_eK_ifu.u_eL_ifu_ifetch.ifu_lo_ir_dfflr.qout_r[M]	u_eI_cpu.u_eJ_core.u_eK_ifu.u_eL_ifu_iftMicb.req_lane_cross_dfflr.qout_r	u_e203_cpu.u_e203_core.u_e203_ifu.u_e203_ifu_ifetch.ifu_lo_ir_dfflr.qout_r[13]$_DFFE_PN0P_/Q	u_e203_cpu.u_e203_core.u_e203_ifu.u_e203_ifu_ift2icb.req_lane_cross_dfflr.qout_r$_DFFE_PN0P_/D
424	-0.4936	u_eI_cpu.u_eJ_core.u_eK_ifu.u_eL_ifu_ifetch.ifu_lo_ir_dfflr.qout_r[M]	u_eI_cpu.u_eJ_core.u_eK_ifu.u_eL_ifu_iftMicb.req_need_Nuop_dfflr.qout_r	u_e203_cpu.u_e203_core.u_e203_ifu.u_e203_ifu_ifetch.ifu_lo_ir_dfflr.qout_r[13]$_DFFE_PN0P_/Q	u_e203_cpu.u_e203_core.u_e203_ifu.u_e203_ifu_ift2icb.req_need_0uop_dfflr.qout_r$_DFFE_PN0P_/D
425	-0.4921	dbg_step_r	u_eI_cpu.u_eJ_core.u_eK_exu.u_eL_exu_csr.mcycleh_dfflr.qout_r[M]	dbg_step_r	u_e203_cpu.u_e203_core.u_e203_exu.u_e203_exu_csr.mcycleh_dfflr.qout_r[13]$_DFFE_PN0P_/D
426	-0.4920	u_eI_cpu.u_eJ_core.u_eK_exu.u_eL_exu_regfile.regfile[M].rfnoN.rf_dffl.qout_r[O]	cmt_dcause[I]	u_e203_cpu.u_e203_core.u_e203_exu.u_e203_exu_regfile.regfile[11].rfno0.rf_dffl.qout_r[31]$_DFFE_PP_/Q	cmt_dcause[0]
427	-0.4918	u_eI_cpu.u_eJ_core.u_eK_exu.u_eL_exu_alu.u_eM_exu_alu_dpath.sbf_N_dffl.qout_r[O]	extIitcm_icb_cmd_ready	u_e203_cpu.u_e203_core.u_e203_exu.u_e203_exu_alu.u_e203_exu_alu_dpath.sbf_1_dffl.qout_r[0]$_DFFE_PP_/Q	ext2itcm_icb_cmd_ready
428	-0.4916	dbg_step_r	u_eI_cpu.u_eJ_dtcm_ctrl.u_sram_icb_ctrl.u_sirv_Kcyc_sram_ctrl.u_ram_clkgate.enb	dbg_step_r	u_e203_cpu.u_e203_dtcm_ctrl.u_sram_icb_ctrl.u_sirv_1cyc_sram_ctrl.u_ram_clkgate.enb$_DLATCH_N_/D
429	-0.4914	u_eI_cpu.u_eJ_itcm_ctrl.u_sram_icb_ctrl.u_sirv_Kcyc_sram_ctrl.u_eL_stage.dp_gt_M.vld_dfflr.qout_r	cmt_dcause_ena	u_e203_cpu.u_e203_itcm_ctrl.u_sram_icb_ctrl.u_sirv_1cyc_sram_ctrl.u_e1_stage.dp_gt_0.vld_dfflr.qout_r$_DFFE_PN0P_/Q	cmt_dcause_ena
430	-0.4911	dbg_halt_r	u_eI_cpu.u_eJ_core.u_eK_lsu.u_eL_lsu_ctrl.u_eM_lsu_splt_stage.dp_gt_N.vld_dfflr.qout_r	dbg_halt_r	u_e203_cpu.u_e203_core.u_e203_lsu.u_e203_lsu_ctrl.u_e203_lsu_splt_stage.dp_gt_0.vld_dfflr.qout_r$_DFFE_PN0P_/D
431	-0.4911	dbg_halt_r	u_eI_cpu.u_eJ_core.u_eK_lsu.u_eL_lsu_ctrl.u_lsu_icb_arbt.arbt_num_gt_M_gen.dp_N.u_sirv_gnrl_rspid_fifo.dp_gt_O.vld_dfflr.qout_r	dbg_halt_r	u_e203_cpu.u_e203_core.u_e203_lsu.u_e203_lsu_ctrl.u_lsu_icb_arbt.arbt_num_gt_1_gen.dp_1.u_sirv_gnrl_rspid_fifo.dp_gt_0.vld_dfflr.qout_r$_DFFE_PN0P_/D
432	-0.4900	u_eI_cpu.u_eJ_core.u_eK_ifu.u_eL_ifu_ifetch.ifu_hi_ir_dfflr.qout_r[M]	u_eI_cpu.u_eJ_core.u_eK_ifu.u_eL_ifu_ifetch.pc_dfflr.qout_r[M]	u_e203_cpu.u_e203_core.u_e203_ifu.u_e203_ifu_ifetch.ifu_hi_ir_dfflr.qout_r[13]$_DFFE_PN0P_/Q	u_e203_cpu.u_e203_core.u_e203_ifu.u_e203_ifu_ifetch.pc_dfflr.qout_r[10]$_DFFE_PN0P_/D
433	-0.4895	dbg_step_r	u_eI_cpu.u_eJ_core.u_eK_exu.u_eL_exu_alu.u_eM_exu_nice.u_nice_itag_fifo.dp_gtN.vec_O_dfflrs.qout_r	dbg_step_r	u_e203_cpu.u_e203_core.u_e203_exu.u_e203_exu_alu.u_e203_exu_nice.u_nice_itag_fifo.dp_gt0.vec_0_dfflrs.qout_r$_DFFE_PN1P_/D
434	-0.4893	u_eI_cpu.u_eJ_core.u_eK_ifu.u_eL_ifu_ifetch.ifu_lo_ir_dfflr.qout_r[M]	u_eI_cpu.u_eJ_core.u_eK_exu.u_eL_exu_csr.minstreth_dfflr.qout_r[M]	u_e203_cpu.u_e203_core.u_e203_ifu.u_e203_ifu_ifetch.ifu_lo_ir_dfflr.qout_r[13]$_DFFE_PN0P_/Q	u_e203_cpu.u_e203_core.u_e203_exu.u_e203_exu_csr.minstreth_dfflr.qout_r[29]$_DFFE_PN0P_/D
435	-0.4891	dbg_step_r	u_eI_cpu.u_eJ_core.u_eK_exu.u_eL_exu_alu.u_eM_exu_nice.u_nice_itag_fifo.dp_gtN.vec_O_dfflr.qout_r[P]	dbg_step_r	u_e203_cpu.u_e203_core.u_e203_exu.u_e203_exu_alu.u_e203_exu_nice.u_nice_itag_fifo.dp_gt0.vec_31_dfflr.qout_r[1]$_DFFE_PN0P_/D
436	-0.4891	u_eI_cpu.u_eJ_core.u_eK_biu.u_sirv_gnrl_icb_buffer.u_sirv_gnrl_rsp_fifo.dp_gtL.vec_M_dfflr.qout_r	cmt_dcause_ena	u_e203_cpu.u_e203_core.u_e203_biu.u_sirv_gnrl_icb_buffer.u_sirv_gnrl_rsp_fifo.dp_gt0.vec_31_dfflr.qout_r$_DFFE_PN0P_/Q	cmt_dcause_ena
437	-0.4889	u_eI_cpu.u_eJ_core.u_eK_ifu.u_eL_ifu_ifetch.ifu_lo_ir_dfflr.qout_r[M]	u_eI_cpu.u_eJ_core.u_eK_ifu.u_eL_ifu_ifetch.ifu_prdt_taken_dfflr.qout_r	u_e203_cpu.u_e203_core.u_e203_ifu.u_e203_ifu_ifetch.ifu_lo_ir_dfflr.qout_r[13]$_DFFE_PN0P_/Q	u_e203_cpu.u_e203_core.u_e203_ifu.u_e203_ifu_ifetch.ifu_prdt_taken_dfflr.qout_r$_DFFE_PN0P_/D
438	-0.4886	u_eI_cpu.u_eJ_core.u_eK_ifu.u_eL_ifu_ifetch.ifu_lo_ir_dfflr.qout_r[M]	u_eI_cpu.u_eJ_core.u_eK_ifu.u_eL_ifu_ifetch.pc_newpend_dfflr.qout_r	u_e203_cpu.u_e203_core.u_e203_ifu.u_e203_ifu_ifetch.ifu_lo_ir_dfflr.qout_r[13]$_DFFE_PN0P_/Q	u_e203_cpu.u_e203_core.u_e203_ifu.u_e203_ifu_ifetch.pc_newpend_dfflr.qout_r$_DFFE_PN0P_/D
439	-0.4885	u_eI_cpu.u_eJ_dtcm_ctrl.u_dtcm_icb_arbt.arbt_num_gt_K_gen.dp_L.u_sirv_gnrl_rspid_fifo.dp_gt_M.vld_dfflr.qout_r	cmt_dcause_ena	u_e203_cpu.u_e203_dtcm_ctrl.u_dtcm_icb_arbt.arbt_num_gt_1_gen.dp_1.u_sirv_gnrl_rspid_fifo.dp_gt_0.vld_dfflr.qout_r$_DFFE_PN0P_/Q	cmt_dcause_ena
440	-0.4882	dbg_halt_r	u_eI_cpu.u_eJ_core.u_eK_exu.u_eL_exu_csr.status_mie_dfflr.qout_r	dbg_halt_r	u_e203_cpu.u_e203_core.u_e203_exu.u_e203_exu_csr.status_mie_dfflr.qout_r$_DFFE_PN0P_/D
441	-0.4882	u_eI_cpu.u_eJ_core.u_eK_lsu.u_eL_lsu_ctrl.u_eM_lsu_splt_stage.dp_gt_N.dat_dfflr.qout_r[O]	cmt_dcause_ena	u_e203_cpu.u_e203_core.u_e203_lsu.u_e203_lsu_ctrl.u_e203_lsu_splt_stage.dp_gt_0.dat_dfflr.qout_r[43]$_DFFE_PP_/Q	cmt_dcause_ena
442	-0.4869	u_eI_cpu.u_eJ_dtcm_ctrl.u_sram_icb_ctrl.u_sirv_Kcyc_sram_ctrl.u_eL_stage.dp_gt_M.vld_dfflr.qout_r	cmt_dcause_ena	u_e203_cpu.u_e203_dtcm_ctrl.u_sram_icb_ctrl.u_sirv_1cyc_sram_ctrl.u_e1_stage.dp_gt_0.vld_dfflr.qout_r$_DFFE_PN0P_/Q	cmt_dcause_ena
443	-0.4857	dbg_step_r	u_eI_cpu.u_eJ_core.u_eK_exu.u_eL_exu_csr.mtvec_dfflr.qout_r[M]	dbg_step_r	u_e203_cpu.u_e203_core.u_e203_exu.u_e203_exu_csr.mtvec_dfflr.qout_r[13]$_DFFE_PN0P_/D
444	-0.4847	dbg_halt_r	u_eI_cpu.u_eJ_core.u_eK_lsu.u_eL_lsu_ctrl.u_lsu_icb_arbt.arbt_num_gt_M_gen.dp_N.u_sirv_gnrl_rspid_fifo.dp_gt_O.dat_dfflr.qout_r	dbg_halt_r	u_e203_cpu.u_e203_core.u_e203_lsu.u_e203_lsu_ctrl.u_lsu_icb_arbt.arbt_num_gt_1_gen.dp_1.u_sirv_gnrl_rspid_fifo.dp_gt_0.dat_dfflr.qout_r$_DFFE_PP_/D
445	-0.4816	u_eI_cpu.u_eJ_core.u_eK_ifu.u_eL_ifu_ifetch.ifu_lo_ir_dfflr.qout_r[M]	u_eI_cpu.u_eJ_clk_ctrl.u_itcm_clkgate.enb	u_e203_cpu.u_e203_core.u_e203_ifu.u_e203_ifu_ifetch.ifu_lo_ir_dfflr.qout_r[13]$_DFFE_PN0P_/Q	u_e203_cpu.u_e203_clk_ctrl.u_itcm_clkgate.enb$_DLATCH_N_/D
446	-0.4816	u_eI_cpu.u_eJ_core.u_eK_exu.u_eL_exu_alu.u_eM_exu_alu_dpath.sbf_N_dffl.qout_r[O]	extIdtcm_icb_cmd_ready	u_e203_cpu.u_e203_core.u_e203_exu.u_e203_exu_alu.u_e203_exu_alu_dpath.sbf_1_dffl.qout_r[0]$_DFFE_PP_/Q	ext2dtcm_icb_cmd_ready
447	-0.4810	u_eI_cpu.u_eJ_core.u_eK_ifu.u_eL_ifu_ifetch.ifu_hi_ir_dfflr.qout_r[M]	u_eI_srams.u_eJ_dtcm_ram.u_eK_dtcm_gnrl_ram.u_sirv_sim_ram.mem_r[L][M]	u_e203_cpu.u_e203_core.u_e203_ifu.u_e203_ifu_ifetch.ifu_hi_ir_dfflr.qout_r[13]$_DFFE_PN0P_/Q	u_e203_srams.u_e203_dtcm_ram.u_e203_dtcm_gnrl_ram.u_sirv_sim_ram.mem_r[0][10]$_DFFE_PP_/D
448	-0.4801	dbg_step_r	u_eI_cpu.u_eJ_core.u_eK_exu.u_eL_exu_csr.cause_dfflr.qout_r[M]	dbg_step_r	u_e203_cpu.u_e203_core.u_e203_exu.u_e203_exu_csr.cause_dfflr.qout_r[0]$_DFFE_PN0P_/D
449	-0.4777	dbg_halt_r	u_eI_cpu.u_eJ_dtcm_ctrl.u_dtcm_icb_arbt.arbt_num_gt_K_gen.dp_L.u_sirv_gnrl_rspid_fifo.dp_gt_M.vld_dfflr.qout_r	dbg_halt_r	u_e203_cpu.u_e203_dtcm_ctrl.u_dtcm_icb_arbt.arbt_num_gt_1_gen.dp_1.u_sirv_gnrl_rspid_fifo.dp_gt_0.vld_dfflr.qout_r$_DFFE_PN0P_/D
450	-0.4776	u_eI_cpu.u_eJ_core.u_eK_ifu.u_eL_ifu_ifetch.ifu_lo_ir_dfflr.qout_r[M]	u_eI_cpu.u_eJ_clk_ctrl.u_biu_clkgate.enb	u_e203_cpu.u_e203_core.u_e203_ifu.u_e203_ifu_ifetch.ifu_lo_ir_dfflr.qout_r[13]$_DFFE_PN0P_/Q	u_e203_cpu.u_e203_clk_ctrl.u_biu_clkgate.enb$_DLATCH_N_/D
451	-0.4769	dbg_halt_r	u_eI_cpu.u_eJ_itcm_ctrl.u_itcm_icb_lsuKitcm_nLw.fifo_dp_M.u_sirv_gnrl_nNw_fifo.dp_gt_O.vld_dfflr.qout_r	dbg_halt_r	u_e203_cpu.u_e203_itcm_ctrl.u_itcm_icb_lsu2itcm_n2w.fifo_dp_1.u_sirv_gnrl_n2w_fifo.dp_gt_0.vld_dfflr.qout_r$_DFFE_PN0P_/D
452	-0.4768	u_eI_cpu.u_eJ_core.u_eK_ifu.u_eL_ifu_ifetch.ifu_lo_ir_dfflr.qout_r[M]	u_eI_cpu.u_eJ_core.u_eK_ifu.u_eL_ifu_iftMicb.icb_addr_N_O_dffl.qout_r[P]	u_e203_cpu.u_e203_core.u_e203_ifu.u_e203_ifu_ifetch.ifu_lo_ir_dfflr.qout_r[13]$_DFFE_PN0P_/Q	u_e203_cpu.u_e203_core.u_e203_ifu.u_e203_ifu_ift2icb.icb_addr_2_1_dffl.qout_r[1]$_DFFE_PP_/D
453	-0.4764	u_eI_cpu.u_eJ_core.u_eK_ifu.u_eL_ifu_ifetch.ifu_lo_ir_dfflr.qout_r[M]	u_eI_cpu.u_eJ_core.u_eK_biu.u_biu_icb_arbt.arbt_num_gt_L_gen.dp_M.u_sirv_gnrl_rspid_fifo.dp_gt_N.dat_dfflr.qout_r	u_e203_cpu.u_e203_core.u_e203_ifu.u_e203_ifu_ifetch.ifu_lo_ir_dfflr.qout_r[13]$_DFFE_PN0P_/Q	u_e203_cpu.u_e203_core.u_e203_biu.u_biu_icb_arbt.arbt_num_gt_1_gen.dp_1.u_sirv_gnrl_rspid_fifo.dp_gt_0.dat_dfflr.qout_r$_DFFE_PP_/D
454	-0.4763	dbg_step_r	u_eI_cpu.u_eJ_core.u_eK_exu.u_eL_exu_alu.u_eM_exu_nice.u_nice_itag_fifo.dp_gtN.dp_gtO.wptr_vec_P_dfflr.qout_r[Q]	dbg_step_r	u_e203_cpu.u_e203_core.u_e203_exu.u_e203_exu_alu.u_e203_exu_nice.u_nice_itag_fifo.dp_gt0.dp_gt1.wptr_vec_31_dfflr.qout_r[0]$_DFFE_PN0P_/D
455	-0.4758	u_eI_cpu.u_eJ_core.u_eK_ifu.u_eL_ifu_ifetch.ifu_lo_ir_dfflr.qout_r[M]	u_eI_cpu.u_eJ_core.u_eK_ifu.u_eL_ifu_ifetch.out_flag_dfflr.qout_r	u_e203_cpu.u_e203_core.u_e203_ifu.u_e203_ifu_ifetch.ifu_lo_ir_dfflr.qout_r[13]$_DFFE_PN0P_/Q	u_e203_cpu.u_e203_core.u_e203_ifu.u_e203_ifu_ifetch.out_flag_dfflr.qout_r$_DFFE_PN0P_/D
456	-0.4744	u_eI_cpu.u_eJ_core.u_eK_exu.u_eL_exu_regfile.regfile[M].rfnoN.rf_dffl.qout_r[O]	core_wfi	u_e203_cpu.u_e203_core.u_e203_exu.u_e203_exu_regfile.regfile[11].rfno0.rf_dffl.qout_r[31]$_DFFE_PP_/Q	core_wfi
457	-0.4715	dbg_step_r	u_eI_cpu.u_eJ_core.u_eK_lsu.u_eL_lsu_ctrl.u_eM_lsu_splt_stage.dp_gt_N.vld_dfflr.qout_r	dbg_step_r	u_e203_cpu.u_e203_core.u_e203_lsu.u_e203_lsu_ctrl.u_e203_lsu_splt_stage.dp_gt_0.vld_dfflr.qout_r$_DFFE_PN0P_/D
458	-0.4715	dbg_step_r	u_eI_cpu.u_eJ_core.u_eK_lsu.u_eL_lsu_ctrl.u_lsu_icb_arbt.arbt_num_gt_M_gen.dp_N.u_sirv_gnrl_rspid_fifo.dp_gt_O.vld_dfflr.qout_r	dbg_step_r	u_e203_cpu.u_e203_core.u_e203_lsu.u_e203_lsu_ctrl.u_lsu_icb_arbt.arbt_num_gt_1_gen.dp_1.u_sirv_gnrl_rspid_fifo.dp_gt_0.vld_dfflr.qout_r$_DFFE_PN0P_/D
459	-0.4709	u_eI_cpu.u_eJ_core.u_eK_ifu.u_eL_ifu_ifetch.ifu_lo_ir_dfflr.qout_r[M]	u_eI_cpu.u_eJ_itcm_ctrl.u_sram_icb_ctrl.u_byp_icb_cmd_buf.u_bypbuf_fifo.dp_gtK.fifo_rf[L].fifo_rf_dffl.qout_r[M]	u_e203_cpu.u_e203_core.u_e203_ifu.u_e203_ifu_ifetch.ifu_lo_ir_dfflr.qout_r[13]$_DFFE_PN0P_/Q	u_e203_cpu.u_e203_itcm_ctrl.u_sram_icb_ctrl.u_byp_icb_cmd_buf.u_bypbuf_fifo.dp_gt0.fifo_rf[0].fifo_rf_dffl.qout_r[44]$_DFFE_PP_/D
460	-0.4704	u_eI_cpu.u_eJ_core.u_eK_biu.u_biu_icb_arbt.arbt_num_gt_L_gen.dp_M.u_sirv_gnrl_rspid_fifo.dp_gt_N.dat_dfflr.qout_r	cmt_dcause_ena	u_e203_cpu.u_e203_core.u_e203_biu.u_biu_icb_arbt.arbt_num_gt_1_gen.dp_1.u_sirv_gnrl_rspid_fifo.dp_gt_0.dat_dfflr.qout_r$_DFFE_PP_/Q	cmt_dcause_ena
461	-0.4685	dbg_step_r	u_eI_cpu.u_eJ_core.u_eK_exu.u_eL_exu_csr.status_mie_dfflr.qout_r	dbg_step_r	u_e203_cpu.u_e203_core.u_e203_exu.u_e203_exu_csr.status_mie_dfflr.qout_r$_DFFE_PN0P_/D
462	-0.4675	dbg_halt_r	u_eI_cpu.u_eJ_core.u_eK_exu.u_eL_exu_alu.u_eM_exu_alu_muldiv.flushed_dfflr.qout_r	dbg_halt_r	u_e203_cpu.u_e203_core.u_e203_exu.u_e203_exu_alu.u_e203_exu_alu_muldiv.flushed_dfflr.qout_r$_DFFE_PN0P_/D
463	-0.4671	u_eI_cpu.u_eJ_core.u_eK_ifu.u_eL_ifu_ifetch.ifu_lo_ir_dfflr.qout_r[M]	u_eI_cpu.u_eJ_core.u_eK_ifu.u_eL_ifu_iftMicb.icbNmem_dfflr.qout_r	u_e203_cpu.u_e203_core.u_e203_ifu.u_e203_ifu_ifetch.ifu_lo_ir_dfflr.qout_r[13]$_DFFE_PN0P_/Q	u_e203_cpu.u_e203_core.u_e203_ifu.u_e203_ifu_ift2icb.icb2mem_dfflr.qout_r$_DFFE_PN0P_/D
464	-0.4671	u_eI_cpu.u_eJ_core.u_eK_ifu.u_eL_ifu_ifetch.ir_rsMidx_dfflr.qout_r[N]	u_eI_cpu.u_eJ_core.u_eK_ifu.u_eL_ifu_ifetch.ifu_hi_ir_dfflr.qout_r[M]	u_e203_cpu.u_e203_core.u_e203_ifu.u_e203_ifu_ifetch.ir_rs1idx_dfflr.qout_r[3]$_DFFE_PN0P_/Q	u_e203_cpu.u_e203_core.u_e203_ifu.u_e203_ifu_ifetch.ifu_hi_ir_dfflr.qout_r[9]$_DFFE_PN0P_/D
465	-0.4665	u_eI_cpu.u_eJ_core.u_eK_ifu.u_eL_ifu_ifetch.ifu_err_dfflr.qout_r	cmt_dpc_ena	u_e203_cpu.u_e203_core.u_e203_ifu.u_e203_ifu_ifetch.ifu_err_dfflr.qout_r$_DFFE_PN0P_/Q	cmt_dpc_ena
466	-0.4661	u_eI_cpu.u_eJ_core.u_eK_ifu.u_eL_ifu_ifetch.ifu_lo_ir_dfflr.qout_r[M]	u_eI_cpu.u_eJ_core.u_eK_ifu.u_eL_ifu_ifetch.ir_valid_dfflr.qout_r	u_e203_cpu.u_e203_core.u_e203_ifu.u_e203_ifu_ifetch.ifu_lo_ir_dfflr.qout_r[13]$_DFFE_PN0P_/Q	u_e203_cpu.u_e203_core.u_e203_ifu.u_e203_ifu_ifetch.ir_valid_dfflr.qout_r$_DFFE_PN0P_/D
467	-0.4651	u_eI_cpu.u_eJ_core.u_eK_ifu.u_eL_ifu_ifetch.ifu_hi_ir_dfflr.qout_r[M]	u_eI_cpu.u_eJ_core.u_eK_ifu.u_eL_ifu_iftMicb.u_eN_ifetch_rsp_bypbuf.u_bypbuf_fifo.dp_gtO.fifo_rf[P].fifo_rf_dffl.qout_r[Q]	u_e203_cpu.u_e203_core.u_e203_ifu.u_e203_ifu_ifetch.ifu_hi_ir_dfflr.qout_r[13]$_DFFE_PN0P_/Q	u_e203_cpu.u_e203_core.u_e203_ifu.u_e203_ifu_ift2icb.u_e203_ifetch_rsp_bypbuf.u_bypbuf_fifo.dp_gt0.fifo_rf[0].fifo_rf_dffl.qout_r[10]$_DFFE_PP_/D
468	-0.4651	dbg_step_r	u_eI_cpu.u_eJ_core.u_eK_lsu.u_eL_lsu_ctrl.u_lsu_icb_arbt.arbt_num_gt_M_gen.dp_N.u_sirv_gnrl_rspid_fifo.dp_gt_O.dat_dfflr.qout_r	dbg_step_r	u_e203_cpu.u_e203_core.u_e203_lsu.u_e203_lsu_ctrl.u_lsu_icb_arbt.arbt_num_gt_1_gen.dp_1.u_sirv_gnrl_rspid_fifo.dp_gt_0.dat_dfflr.qout_r$_DFFE_PP_/D
469	-0.4641	u_eI_cpu.u_eJ_core.u_eK_ifu.u_eL_ifu_ifetch.ifu_lo_ir_dfflr.qout_r[M]	u_eI_cpu.u_eJ_core.u_eK_ifu.u_eL_ifu_iftMicb.req_same_cross_holdup_dfflr.qout_r	u_e203_cpu.u_e203_core.u_e203_ifu.u_e203_ifu_ifetch.ifu_lo_ir_dfflr.qout_r[13]$_DFFE_PN0P_/Q	u_e203_cpu.u_e203_core.u_e203_ifu.u_e203_ifu_ift2icb.req_same_cross_holdup_dfflr.qout_r$_DFFE_PN0P_/D
470	-0.4624	u_eI_cpu.u_eJ_core.u_eK_ifu.u_eL_ifu_ifetch.ifu_lo_ir_dfflr.qout_r[M]	u_eI_cpu.u_eJ_core.u_eK_biu.u_sirv_gnrl_icb_buffer.outs_cnt_dfflr.qout_r	u_e203_cpu.u_e203_core.u_e203_ifu.u_e203_ifu_ifetch.ifu_lo_ir_dfflr.qout_r[13]$_DFFE_PN0P_/Q	u_e203_cpu.u_e203_core.u_e203_biu.u_sirv_gnrl_icb_buffer.outs_cnt_dfflr.qout_r$_DFFE_PN0P_/D
471	-0.4623	u_eI_cpu.u_eJ_core.u_eK_ifu.u_eL_ifu_ifetch.ifu_hi_ir_dfflr.qout_r[M]	u_eI_cpu.u_eJ_core.u_eK_biu.u_sirv_gnrl_icb_buffer.u_sirv_gnrl_cmd_fifo.dp_gtL.fifo_rf[M].fifo_rf_dffl.qout_r[N]	u_e203_cpu.u_e203_core.u_e203_ifu.u_e203_ifu_ifetch.ifu_hi_ir_dfflr.qout_r[13]$_DFFE_PN0P_/Q	u_e203_cpu.u_e203_core.u_e203_biu.u_sirv_gnrl_icb_buffer.u_sirv_gnrl_cmd_fifo.dp_gt0.fifo_rf[0].fifo_rf_dffl.qout_r[52]$_DFFE_PP_/D
472	-0.4620	u_eI_cpu.u_eJ_core.u_eK_ifu.u_eL_ifu_ifetch.ifu_lo_ir_dfflr.qout_r[M]	u_eI_cpu.u_eJ_core.u_eK_biu.u_sirv_gnrl_icb_buffer.u_sirv_gnrl_cmd_fifo.dp_gtL.vec_M_dfflrs.qout_r	u_e203_cpu.u_e203_core.u_e203_ifu.u_e203_ifu_ifetch.ifu_lo_ir_dfflr.qout_r[13]$_DFFE_PN0P_/Q	u_e203_cpu.u_e203_core.u_e203_biu.u_sirv_gnrl_icb_buffer.u_sirv_gnrl_cmd_fifo.dp_gt0.vec_0_dfflrs.qout_r$_DFFE_PN1P_/D
473	-0.4617	u_eI_cpu.u_eJ_core.u_eK_lsu.u_eL_lsu_ctrl.u_lsu_icb_arbt.arbt_num_gt_M_gen.dp_N.u_sirv_gnrl_rspid_fifo.dp_gt_O.vld_dfflr.qout_r	cmt_dcause_ena	u_e203_cpu.u_e203_core.u_e203_lsu.u_e203_lsu_ctrl.u_lsu_icb_arbt.arbt_num_gt_1_gen.dp_1.u_sirv_gnrl_rspid_fifo.dp_gt_0.vld_dfflr.qout_r$_DFFE_PN0P_/Q	cmt_dcause_ena
474	-0.4609	u_eI_cpu.u_eJ_core.u_eK_ifu.u_eL_ifu_ifetch.ir_rsMidx_dfflr.qout_r[N]	u_eI_cpu.u_eJ_core.u_eK_ifu.u_eL_ifu_iftMicb.leftover_dffl.qout_r[N]	u_e203_cpu.u_e203_core.u_e203_ifu.u_e203_ifu_ifetch.ir_rs1idx_dfflr.qout_r[3]$_DFFE_PN0P_/Q	u_e203_cpu.u_e203_core.u_e203_ifu.u_e203_ifu_ift2icb.leftover_dffl.qout_r[10]$_DFFE_PP_/D
475	-0.4601	u_eI_cpu.u_eJ_itcm_ctrl.u_itcm_icb_arbt.arbt_num_gt_K_gen.dp_L.u_sirv_gnrl_rspid_fifo.dp_gt_M.vld_dfflr.qout_r	cmt_dcause_ena	u_e203_cpu.u_e203_itcm_ctrl.u_itcm_icb_arbt.arbt_num_gt_1_gen.dp_1.u_sirv_gnrl_rspid_fifo.dp_gt_0.vld_dfflr.qout_r$_DFFE_PN0P_/Q	cmt_dcause_ena
476	-0.4601	u_eI_cpu.u_eJ_core.u_eK_ifu.u_eL_ifu_ifetch.ifu_lo_ir_dfflr.qout_r[M]	u_eI_cpu.u_eJ_core.u_eK_exu.u_eL_exu_csr.minstret_dfflr.qout_r[M]	u_e203_cpu.u_e203_core.u_e203_ifu.u_e203_ifu_ifetch.ifu_lo_ir_dfflr.qout_r[13]$_DFFE_PN0P_/Q	u_e203_cpu.u_e203_core.u_e203_exu.u_e203_exu_csr.minstret_dfflr.qout_r[29]$_DFFE_PN0P_/D
477	-0.4596	dbg_halt_r	u_eI_cpu.u_eJ_core.u_eK_exu.u_eL_exu_csr.counterstop_dfflr.qout_r[M]	dbg_halt_r	u_e203_cpu.u_e203_core.u_e203_exu.u_e203_exu_csr.counterstop_dfflr.qout_r[0]$_DFFE_PN0P_/D
478	-0.4586	u_eI_cpu.u_eJ_core.u_eK_ifu.u_eL_ifu_ifetch.ir_rsMidx_dfflr.qout_r[N]	u_eI_cpu.u_eJ_core.u_eK_ifu.u_eL_ifu_ifetch.ifu_lo_ir_dfflr.qout_r[M]	u_e203_cpu.u_e203_core.u_e203_ifu.u_e203_ifu_ifetch.ir_rs1idx_dfflr.qout_r[3]$_DFFE_PN0P_/Q	u_e203_cpu.u_e203_core.u_e203_ifu.u_e203_ifu_ifetch.ifu_lo_ir_dfflr.qout_r[13]$_DFFE_PN0P_/D
479	-0.4581	dbg_step_r	u_eI_cpu.u_eJ_dtcm_ctrl.u_dtcm_icb_arbt.arbt_num_gt_K_gen.dp_L.u_sirv_gnrl_rspid_fifo.dp_gt_M.vld_dfflr.qout_r	dbg_step_r	u_e203_cpu.u_e203_dtcm_ctrl.u_dtcm_icb_arbt.arbt_num_gt_1_gen.dp_1.u_sirv_gnrl_rspid_fifo.dp_gt_0.vld_dfflr.qout_r$_DFFE_PN0P_/D
480	-0.4572	u_eI_cpu.u_eJ_dtcm_ctrl.u_dtcm_icb_arbt.arbt_num_gt_K_gen.dp_L.u_sirv_gnrl_rspid_fifo.dp_gt_M.dat_dfflr.qout_r	cmt_dcause_ena	u_e203_cpu.u_e203_dtcm_ctrl.u_dtcm_icb_arbt.arbt_num_gt_1_gen.dp_1.u_sirv_gnrl_rspid_fifo.dp_gt_0.dat_dfflr.qout_r$_DFFE_PP_/Q	cmt_dcause_ena
481	-0.4572	dbg_step_r	u_eI_cpu.u_eJ_itcm_ctrl.u_itcm_icb_lsuKitcm_nLw.fifo_dp_M.u_sirv_gnrl_nNw_fifo.dp_gt_O.vld_dfflr.qout_r	dbg_step_r	u_e203_cpu.u_e203_itcm_ctrl.u_itcm_icb_lsu2itcm_n2w.fifo_dp_1.u_sirv_gnrl_n2w_fifo.dp_gt_0.vld_dfflr.qout_r$_DFFE_PN0P_/D
482	-0.4568	u_eI_cpu.u_eJ_core.u_eK_ifu.u_eL_ifu_ifetch.ifu_hi_ir_dfflr.qout_r[M]	u_eI_cpu.u_eJ_dtcm_ctrl.u_sram_icb_ctrl.u_byp_icb_cmd_buf.u_bypbuf_fifo.dp_gtK.fifo_rf[L].fifo_rf_dffl.qout_r[M]	u_e203_cpu.u_e203_core.u_e203_ifu.u_e203_ifu_ifetch.ifu_hi_ir_dfflr.qout_r[13]$_DFFE_PN0P_/Q	u_e203_cpu.u_e203_dtcm_ctrl.u_sram_icb_ctrl.u_byp_icb_cmd_buf.u_bypbuf_fifo.dp_gt0.fifo_rf[0].fifo_rf_dffl.qout_r[1]$_DFFE_PP_/D
483	-0.4543	u_eI_cpu.u_eJ_core.u_eK_ifu.u_eL_ifu_ifetch.ifu_lo_ir_dfflr.qout_r[M]	u_eI_cpu.u_eJ_clk_ctrl.itcm_active_dffr.qout_r	u_e203_cpu.u_e203_core.u_e203_ifu.u_e203_ifu_ifetch.ifu_lo_ir_dfflr.qout_r[13]$_DFFE_PN0P_/Q	u_e203_cpu.u_e203_clk_ctrl.itcm_active_dffr.qout_r$_DFF_PN0_/D
484	-0.4542	dbg_halt_r	u_eI_cpu.u_eJ_core.u_eK_exu.u_eL_exu_csr.mie_dfflr.qout_r[M]	dbg_halt_r	u_e203_cpu.u_e203_core.u_e203_exu.u_e203_exu_csr.mie_dfflr.qout_r[11]$_DFFE_PN0P_/D
485	-0.4536	dbg_halt_r	u_eI_cpu.u_eJ_core.u_eK_exu.u_eL_exu_alu.u_eM_exu_nice.u_nice_itag_fifo.dp_gtN.fifo_rf[O].fifo_rf_dffl.qout_r	dbg_halt_r	u_e203_cpu.u_e203_core.u_e203_exu.u_e203_exu_alu.u_e203_exu_nice.u_nice_itag_fifo.dp_gt0.fifo_rf[3].fifo_rf_dffl.qout_r$_DFFE_PP_/D
486	-0.4525	u_eI_cpu.u_eJ_core.u_eK_ifu.u_eL_ifu_ifetch.ifu_lo_ir_dfflr.qout_r[M]	u_eI_cpu.u_eJ_core.u_eK_ifu.u_eL_ifu_ifetch.reset_req_dfflr.qout_r	u_e203_cpu.u_e203_core.u_e203_ifu.u_e203_ifu_ifetch.ifu_lo_ir_dfflr.qout_r[13]$_DFFE_PN0P_/Q	u_e203_cpu.u_e203_core.u_e203_ifu.u_e203_ifu_ifetch.reset_req_dfflr.qout_r$_DFFE_PN0P_/D
487	-0.4522	u_eI_cpu.u_eJ_core.u_eK_ifu.u_eL_ifu_ifetch.ifu_hi_ir_dfflr.qout_r[M]	u_eI_cpu.u_eJ_core.u_eK_ifu.u_eL_ifu_iftMicb.req_lane_cross_dfflr.qout_r	u_e203_cpu.u_e203_core.u_e203_ifu.u_e203_ifu_ifetch.ifu_hi_ir_dfflr.qout_r[13]$_DFFE_PN0P_/Q	u_e203_cpu.u_e203_core.u_e203_ifu.u_e203_ifu_ift2icb.req_lane_cross_dfflr.qout_r$_DFFE_PN0P_/D
488	-0.4522	u_eI_cpu.u_eJ_core.u_eK_ifu.u_eL_ifu_ifetch.ifu_hi_ir_dfflr.qout_r[M]	u_eI_cpu.u_eJ_core.u_eK_ifu.u_eL_ifu_iftMicb.req_need_Nuop_dfflr.qout_r	u_e203_cpu.u_e203_core.u_e203_ifu.u_e203_ifu_ifetch.ifu_hi_ir_dfflr.qout_r[13]$_DFFE_PN0P_/Q	u_e203_cpu.u_e203_core.u_e203_ifu.u_e203_ifu_ift2icb.req_need_0uop_dfflr.qout_r$_DFFE_PN0P_/D
489	-0.4482	u_eI_cpu.u_eJ_core.u_eK_ifu.u_eL_ifu_ifetch.ifu_lo_ir_dfflr.qout_r[M]	u_eI_cpu.u_eJ_itcm_ctrl.u_sram_icb_ctrl.u_sirv_Kcyc_sram_ctrl.u_eL_stage.dp_gt_M.vld_dfflr.qout_r	u_e203_cpu.u_e203_core.u_e203_ifu.u_e203_ifu_ifetch.ifu_lo_ir_dfflr.qout_r[13]$_DFFE_PN0P_/Q	u_e203_cpu.u_e203_itcm_ctrl.u_sram_icb_ctrl.u_sirv_1cyc_sram_ctrl.u_e1_stage.dp_gt_0.vld_dfflr.qout_r$_DFFE_PN0P_/D
490	-0.4480	u_eI_cpu.u_eJ_core.u_eK_exu.u_eL_exu_alu.u_eM_exu_alu_muldiv.exec_cnt_dfflr.qout_r[N]	cmt_dcause_ena	u_e203_cpu.u_e203_core.u_e203_exu.u_e203_exu_alu.u_e203_exu_alu_muldiv.exec_cnt_dfflr.qout_r[2]$_DFFE_PN0P_/Q	cmt_dcause_ena
491	-0.4479	u_eI_cpu.u_eJ_core.u_eK_ifu.u_eL_ifu_ifetch.ifu_hi_ir_dfflr.qout_r[M]	u_eI_cpu.u_eJ_core.u_eK_exu.u_eL_exu_csr.minstreth_dfflr.qout_r[M]	u_e203_cpu.u_e203_core.u_e203_ifu.u_e203_ifu_ifetch.ifu_hi_ir_dfflr.qout_r[13]$_DFFE_PN0P_/Q	u_e203_cpu.u_e203_core.u_e203_exu.u_e203_exu_csr.minstreth_dfflr.qout_r[29]$_DFFE_PN0P_/D
492	-0.4478	dbg_step_r	u_eI_cpu.u_eJ_core.u_eK_exu.u_eL_exu_alu.u_eM_exu_alu_muldiv.flushed_dfflr.qout_r	dbg_step_r	u_e203_cpu.u_e203_core.u_e203_exu.u_e203_exu_alu.u_e203_exu_alu_muldiv.flushed_dfflr.qout_r$_DFFE_PN0P_/D
493	-0.4475	u_eI_cpu.u_eJ_core.u_eK_ifu.u_eL_ifu_ifetch.ifu_hi_ir_dfflr.qout_r[M]	u_eI_cpu.u_eJ_core.u_eK_ifu.u_eL_ifu_ifetch.ifu_prdt_taken_dfflr.qout_r	u_e203_cpu.u_e203_core.u_e203_ifu.u_e203_ifu_ifetch.ifu_hi_ir_dfflr.qout_r[13]$_DFFE_PN0P_/Q	u_e203_cpu.u_e203_core.u_e203_ifu.u_e203_ifu_ifetch.ifu_prdt_taken_dfflr.qout_r$_DFFE_PN0P_/D
494	-0.4472	u_eI_cpu.u_eJ_core.u_eK_ifu.u_eL_ifu_ifetch.ifu_hi_ir_dfflr.qout_r[M]	u_eI_cpu.u_eJ_core.u_eK_ifu.u_eL_ifu_ifetch.pc_newpend_dfflr.qout_r	u_e203_cpu.u_e203_core.u_e203_ifu.u_e203_ifu_ifetch.ifu_hi_ir_dfflr.qout_r[13]$_DFFE_PN0P_/Q	u_e203_cpu.u_e203_core.u_e203_ifu.u_e203_ifu_ifetch.pc_newpend_dfflr.qout_r$_DFFE_PN0P_/D
495	-0.4461	u_eI_cpu.u_eJ_core.u_eK_ifu.u_eL_ifu_ifetch.ifu_lo_ir_dfflr.qout_r[M]	u_eI_cpu.u_eJ_itcm_ctrl.u_sram_icb_ctrl.u_sirv_Kcyc_sram_ctrl.u_ram_clkgate.enb	u_e203_cpu.u_e203_core.u_e203_ifu.u_e203_ifu_ifetch.ifu_lo_ir_dfflr.qout_r[13]$_DFFE_PN0P_/Q	u_e203_cpu.u_e203_itcm_ctrl.u_sram_icb_ctrl.u_sirv_1cyc_sram_ctrl.u_ram_clkgate.enb$_DLATCH_N_/D
496	-0.4460	u_eI_cpu.u_eJ_core.u_eK_ifu.u_eL_ifu_ifetch.ifu_lo_ir_dfflr.qout_r[M]	u_eI_cpu.u_eJ_core.u_eK_ifu.u_eL_ifu_ifetch.dly_flush_dfflr.qout_r	u_e203_cpu.u_e203_core.u_e203_ifu.u_e203_ifu_ifetch.ifu_lo_ir_dfflr.qout_r[13]$_DFFE_PN0P_/Q	u_e203_cpu.u_e203_core.u_e203_ifu.u_e203_ifu_ifetch.dly_flush_dfflr.qout_r$_DFFE_PN0P_/D
497	-0.4458	u_eI_cpu.u_eJ_core.u_eK_lsu.u_eL_lsu_ctrl.u_lsu_icb_arbt.arbt_num_gt_M_gen.dp_N.u_sirv_gnrl_rspid_fifo.dp_gt_O.dat_dfflr.qout_r	cmt_dcause_ena	u_e203_cpu.u_e203_core.u_e203_lsu.u_e203_lsu_ctrl.u_lsu_icb_arbt.arbt_num_gt_1_gen.dp_1.u_sirv_gnrl_rspid_fifo.dp_gt_0.dat_dfflr.qout_r$_DFFE_PP_/Q	cmt_dcause_ena
498	-0.4452	u_eI_cpu.u_eJ_core.u_eK_ifu.u_eL_ifu_ifetch.ir_muldiv_bMb_dfflr.qout_r	cmt_dcause_ena	u_e203_cpu.u_e203_core.u_e203_ifu.u_e203_ifu_ifetch.ir_muldiv_b2b_dfflr.qout_r$_DFFE_PN0P_/Q	cmt_dcause_ena
499	-0.4442	dbg_halt_r	u_eI_cpu.u_eJ_core.u_eK_exu.u_eL_exu_alu.u_eM_exu_alu_muldiv.exec_cnt_dfflr.qout_r[N]	dbg_halt_r	u_e203_cpu.u_e203_core.u_e203_exu.u_e203_exu_alu.u_e203_exu_alu_muldiv.exec_cnt_dfflr.qout_r[0]$_DFFE_PN0P_/D
500	-0.4439	dbg_halt_r	u_eI_cpu.u_eJ_core.u_eK_exu.u_eL_exu_csr.mcgstop_dfflr.qout_r[M]	dbg_halt_r	u_e203_cpu.u_e203_core.u_e203_exu.u_e203_exu_csr.mcgstop_dfflr.qout_r[0]$_DFFE_PN0P_/D
501	-0.4433	u_eI_cpu.u_eJ_core.u_eK_ifu.u_eL_ifu_ifetch.ifu_lo_ir_dfflr.qout_r[M]	u_eI_cpu.u_eJ_core.u_eK_ifu.u_eL_ifu_iftMicb.u_eN_ifetch_rsp_bypbuf.u_bypbuf_fifo.dp_gtO.vec_P_dfflrs.qout_r	u_e203_cpu.u_e203_core.u_e203_ifu.u_e203_ifu_ifetch.ifu_lo_ir_dfflr.qout_r[13]$_DFFE_PN0P_/Q	u_e203_cpu.u_e203_core.u_e203_ifu.u_e203_ifu_ift2icb.u_e203_ifetch_rsp_bypbuf.u_bypbuf_fifo.dp_gt0.vec_0_dfflrs.qout_r$_DFFE_PN1P_/D
502	-0.4422	u_eI_cpu.u_eJ_core.u_eK_ifu.u_eL_ifu_ifetch.ir_rsMidx_dfflr.qout_r[N]	u_eI_cpu.u_eJ_core.u_eK_ifu.u_eL_ifu_ifetch.ir_muldiv_bMb_dfflr.qout_r	u_e203_cpu.u_e203_core.u_e203_ifu.u_e203_ifu_ifetch.ir_rs1idx_dfflr.qout_r[3]$_DFFE_PN0P_/Q	u_e203_cpu.u_e203_core.u_e203_ifu.u_e203_ifu_ifetch.ir_muldiv_b2b_dfflr.qout_r$_DFFE_PN0P_/D
503	-0.4413	u_eI_cpu.u_eJ_core.u_eK_ifu.u_eL_ifu_ifetch.ir_rsMidx_dfflr.qout_r[N]	u_eI_cpu.u_eJ_core.u_eK_ifu.u_eL_ifu_ifetch.ir_rsMidx_dfflr.qout_r[N]	u_e203_cpu.u_e203_core.u_e203_ifu.u_e203_ifu_ifetch.ir_rs1idx_dfflr.qout_r[3]$_DFFE_PN0P_/Q	u_e203_cpu.u_e203_core.u_e203_ifu.u_e203_ifu_ifetch.ir_rs1idx_dfflr.qout_r[0]$_DFFE_PN0P_/D
504	-0.4402	u_eI_cpu.u_eJ_core.u_eK_ifu.u_eL_ifu_ifetch.ifu_hi_ir_dfflr.qout_r[M]	u_eI_cpu.u_eJ_clk_ctrl.u_itcm_clkgate.enb	u_e203_cpu.u_e203_core.u_e203_ifu.u_e203_ifu_ifetch.ifu_hi_ir_dfflr.qout_r[13]$_DFFE_PN0P_/Q	u_e203_cpu.u_e203_clk_ctrl.u_itcm_clkgate.enb$_DLATCH_N_/D
505	-0.4400	dbg_step_r	u_eI_cpu.u_eJ_core.u_eK_exu.u_eL_exu_csr.counterstop_dfflr.qout_r[M]	dbg_step_r	u_e203_cpu.u_e203_core.u_e203_exu.u_e203_exu_csr.counterstop_dfflr.qout_r[0]$_DFFE_PN0P_/D
506	-0.4396	u_eI_cpu.u_eJ_irq_sync.master_gen.u_dbg_irq_sync.sync_gen[K].i_is_not_L.sync_dffr.qout_r	cmt_dcause_ena	u_e203_cpu.u_e203_irq_sync.master_gen.u_dbg_irq_sync.sync_gen[1].i_is_not_0.sync_dffr.qout_r$_DFF_PN0_/Q	cmt_dcause_ena
507	-0.4391	dbg_halt_r	u_eI_cpu.u_eJ_core.u_eK_exu.u_eL_exu_csr.mdvnobMb_dfflr.qout_r[N]	dbg_halt_r	u_e203_cpu.u_e203_core.u_e203_exu.u_e203_exu_csr.mdvnob2b_dfflr.qout_r[0]$_DFFE_PN0P_/D
508	-0.4388	u_eI_cpu.u_eJ_core.u_eK_ifu.u_eL_ifu_ifetch.ifu_lo_ir_dfflr.qout_r[M]	u_eI_cpu.u_eJ_core.u_eK_exu.u_eL_exu_alu.u_eM_exu_alu_dpath.sbf_N_dffl.qout_r[O]	u_e203_cpu.u_e203_core.u_e203_ifu.u_e203_ifu_ifetch.ifu_lo_ir_dfflr.qout_r[13]$_DFFE_PN0P_/Q	u_e203_cpu.u_e203_core.u_e203_exu.u_e203_exu_alu.u_e203_exu_alu_dpath.sbf_0_dffl.qout_r[8]$_DFFE_PP_/D
509	-0.4377	u_eI_cpu.u_eJ_core.u_eK_biu.u_sirv_gnrl_icb_buffer.u_sirv_gnrl_rsp_fifo.dp_gtL.fifo_rf[M].fifo_rf_dffl.qout_r[N]	cmt_dcause_ena	u_e203_cpu.u_e203_core.u_e203_biu.u_sirv_gnrl_icb_buffer.u_sirv_gnrl_rsp_fifo.dp_gt0.fifo_rf[0].fifo_rf_dffl.qout_r[34]$_DFFE_PP_/Q	cmt_dcause_ena
510	-0.4376	u_eI_cpu.u_eJ_itcm_ctrl.u_sram_icb_ctrl.u_sirv_Kcyc_sram_ctrl.u_eL_stage.dp_gt_M.dat_dfflr.qout_r[N]	cmt_dcause_ena	u_e203_cpu.u_e203_itcm_ctrl.u_sram_icb_ctrl.u_sirv_1cyc_sram_ctrl.u_e1_stage.dp_gt_0.dat_dfflr.qout_r[1]$_DFFE_PP_/QN	cmt_dcause_ena
511	-0.4362	u_eI_cpu.u_eJ_core.u_eK_ifu.u_eL_ifu_ifetch.ifu_lo_ir_dfflr.qout_r[M]	u_eI_cpu.u_eJ_core.u_eK_biu.u_biu_icb_arbt.arbt_num_gt_L_gen.dp_M.u_sirv_gnrl_rspid_fifo.dp_gt_N.vld_dfflr.qout_r	u_e203_cpu.u_e203_core.u_e203_ifu.u_e203_ifu_ifetch.ifu_lo_ir_dfflr.qout_r[13]$_DFFE_PN0P_/Q	u_e203_cpu.u_e203_core.u_e203_biu.u_biu_icb_arbt.arbt_num_gt_1_gen.dp_1.u_sirv_gnrl_rspid_fifo.dp_gt_0.vld_dfflr.qout_r$_DFFE_PN0P_/D
512	-0.4362	u_eI_cpu.u_eJ_core.u_eK_ifu.u_eL_ifu_ifetch.ifu_hi_ir_dfflr.qout_r[M]	u_eI_cpu.u_eJ_clk_ctrl.u_biu_clkgate.enb	u_e203_cpu.u_e203_core.u_e203_ifu.u_e203_ifu_ifetch.ifu_hi_ir_dfflr.qout_r[13]$_DFFE_PN0P_/Q	u_e203_cpu.u_e203_clk_ctrl.u_biu_clkgate.enb$_DLATCH_N_/D
513	-0.4361	u_eI_cpu.u_eJ_core.u_eK_ifu.u_eL_ifu_ifetch.ifu_lo_ir_dfflr.qout_r[M]	u_eI_cpu.u_eJ_core.u_eK_ifu.u_eL_ifu_iftMicb.icbNitcm_dfflr.qout_r	u_e203_cpu.u_e203_core.u_e203_ifu.u_e203_ifu_ifetch.ifu_lo_ir_dfflr.qout_r[13]$_DFFE_PN0P_/Q	u_e203_cpu.u_e203_core.u_e203_ifu.u_e203_ifu_ift2icb.icb2itcm_dfflr.qout_r$_DFFE_PN0P_/D
514	-0.4359	u_eI_cpu.u_eJ_core.u_eK_ifu.u_eL_ifu_ifetch.ifu_lo_ir_dfflr.qout_r[M]	u_eI_cpu.u_eJ_core.u_eK_biu.u_sirv_gnrl_icb_buffer.u_sirv_gnrl_cmd_fifo.dp_gtL.vec_M_dfflr.qout_r	u_e203_cpu.u_e203_core.u_e203_ifu.u_e203_ifu_ifetch.ifu_lo_ir_dfflr.qout_r[13]$_DFFE_PN0P_/Q	u_e203_cpu.u_e203_core.u_e203_biu.u_sirv_gnrl_icb_buffer.u_sirv_gnrl_cmd_fifo.dp_gt0.vec_31_dfflr.qout_r$_DFFE_PN0P_/D
515	-0.4354	u_eI_cpu.u_eJ_core.u_eK_ifu.u_eL_ifu_ifetch.ifu_hi_ir_dfflr.qout_r[M]	u_eI_cpu.u_eJ_core.u_eK_ifu.u_eL_ifu_iftMicb.icb_addr_N_O_dffl.qout_r[P]	u_e203_cpu.u_e203_core.u_e203_ifu.u_e203_ifu_ifetch.ifu_hi_ir_dfflr.qout_r[13]$_DFFE_PN0P_/Q	u_e203_cpu.u_e203_core.u_e203_ifu.u_e203_ifu_ift2icb.icb_addr_2_1_dffl.qout_r[1]$_DFFE_PP_/D
516	-0.4350	u_eI_cpu.u_eJ_core.u_eK_ifu.u_eL_ifu_ifetch.ifu_hi_ir_dfflr.qout_r[M]	u_eI_cpu.u_eJ_core.u_eK_biu.u_biu_icb_arbt.arbt_num_gt_L_gen.dp_M.u_sirv_gnrl_rspid_fifo.dp_gt_N.dat_dfflr.qout_r	u_e203_cpu.u_e203_core.u_e203_ifu.u_e203_ifu_ifetch.ifu_hi_ir_dfflr.qout_r[13]$_DFFE_PN0P_/Q	u_e203_cpu.u_e203_core.u_e203_biu.u_biu_icb_arbt.arbt_num_gt_1_gen.dp_1.u_sirv_gnrl_rspid_fifo.dp_gt_0.dat_dfflr.qout_r$_DFFE_PP_/D
517	-0.4349	u_eI_cpu.u_eJ_core.u_eK_ifu.u_eL_ifu_ifetch.ifu_lo_ir_dfflr.qout_r[M]	u_eI_cpu.u_eJ_itcm_ctrl.u_sram_icb_ctrl.u_byp_icb_cmd_buf.u_bypbuf_fifo.dp_gtK.vec_L_dfflrs.qout_r	u_e203_cpu.u_e203_core.u_e203_ifu.u_e203_ifu_ifetch.ifu_lo_ir_dfflr.qout_r[13]$_DFFE_PN0P_/Q	u_e203_cpu.u_e203_itcm_ctrl.u_sram_icb_ctrl.u_byp_icb_cmd_buf.u_bypbuf_fifo.dp_gt0.vec_0_dfflrs.qout_r$_DFFE_PN1P_/D
518	-0.4346	dbg_step_r	u_eI_cpu.u_eJ_core.u_eK_exu.u_eL_exu_csr.mie_dfflr.qout_r[M]	dbg_step_r	u_e203_cpu.u_e203_core.u_e203_exu.u_e203_exu_csr.mie_dfflr.qout_r[11]$_DFFE_PN0P_/D
519	-0.4345	u_eI_cpu.u_eJ_itcm_ctrl.u_itcm_icb_arbt.arbt_num_gt_K_gen.dp_L.u_sirv_gnrl_rspid_fifo.dp_gt_M.dat_dfflr.qout_r	cmt_dcause_ena	u_e203_cpu.u_e203_itcm_ctrl.u_itcm_icb_arbt.arbt_num_gt_1_gen.dp_1.u_sirv_gnrl_rspid_fifo.dp_gt_0.dat_dfflr.qout_r$_DFFE_PP_/Q	cmt_dcause_ena
520	-0.4344	u_eI_cpu.u_eJ_core.u_eK_ifu.u_eL_ifu_ifetch.ifu_hi_ir_dfflr.qout_r[M]	u_eI_cpu.u_eJ_core.u_eK_ifu.u_eL_ifu_ifetch.out_flag_dfflr.qout_r	u_e203_cpu.u_e203_core.u_e203_ifu.u_e203_ifu_ifetch.ifu_hi_ir_dfflr.qout_r[13]$_DFFE_PN0P_/Q	u_e203_cpu.u_e203_core.u_e203_ifu.u_e203_ifu_ifetch.out_flag_dfflr.qout_r$_DFFE_PN0P_/D
521	-0.4340	dbg_step_r	u_eI_cpu.u_eJ_core.u_eK_exu.u_eL_exu_alu.u_eM_exu_nice.u_nice_itag_fifo.dp_gtN.fifo_rf[O].fifo_rf_dffl.qout_r	dbg_step_r	u_e203_cpu.u_e203_core.u_e203_exu.u_e203_exu_alu.u_e203_exu_nice.u_nice_itag_fifo.dp_gt0.fifo_rf[3].fifo_rf_dffl.qout_r$_DFFE_PP_/D
522	-0.4339	u_eI_cpu.u_eJ_core.u_eK_ifu.u_eL_ifu_ifetch.ifu_lo_ir_dfflr.qout_r[M]	u_eI_cpu.u_eJ_core.u_eK_ifu.u_eL_ifu_iftMicb.icb_state_dfflr.qout_r[N]	u_e203_cpu.u_e203_core.u_e203_ifu.u_e203_ifu_ifetch.ifu_lo_ir_dfflr.qout_r[13]$_DFFE_PN0P_/Q	u_e203_cpu.u_e203_core.u_e203_ifu.u_e203_ifu_ift2icb.icb_state_dfflr.qout_r[1]$_DFFE_PN0P_/D
523	-0.4322	u_eI_cpu.u_eJ_core.u_eK_ifu.u_eL_ifu_ifetch.ifu_lo_ir_dfflr.qout_r[M]	u_eI_cpu.u_eJ_itcm_ctrl.u_sram_icb_ctrl.u_byp_icb_cmd_buf.u_bypbuf_fifo.dp_gtK.vec_L_dfflr.qout_r	u_e203_cpu.u_e203_core.u_e203_ifu.u_e203_ifu_ifetch.ifu_lo_ir_dfflr.qout_r[13]$_DFFE_PN0P_/Q	u_e203_cpu.u_e203_itcm_ctrl.u_sram_icb_ctrl.u_byp_icb_cmd_buf.u_bypbuf_fifo.dp_gt0.vec_31_dfflr.qout_r$_DFFE_PN0P_/D
524	-0.4303	u_eI_cpu.u_eJ_core.u_eK_exu.u_eL_exu_regfile.regfile[M].rfnoN.rf_dffl.qout_r[O]	cmt_dpc_ena	u_e203_cpu.u_e203_core.u_e203_exu.u_e203_exu_regfile.regfile[11].rfno0.rf_dffl.qout_r[31]$_DFFE_PP_/Q	cmt_dpc_ena
525	-0.4303	u_eI_cpu.u_eJ_core.u_eK_ifu.u_eL_ifu_ifetch.ifu_lo_ir_dfflr.qout_r[M]	u_eI_cpu.u_eJ_itcm_ctrl.ifu_holdup_dffl.qout_r	u_e203_cpu.u_e203_core.u_e203_ifu.u_e203_ifu_ifetch.ifu_lo_ir_dfflr.qout_r[13]$_DFFE_PN0P_/Q	u_e203_cpu.u_e203_itcm_ctrl.ifu_holdup_dffl.qout_r$_DFFE_PN0P_/D
526	-0.4302	u_eI_cpu.u_eJ_core.u_eK_ifu.u_eL_ifu_ifetch.ifu_lo_ir_dfflr.qout_r[M]	u_eI_cpu.u_eJ_core.u_eK_ifu.u_eL_ifu_iftMicb.u_eN_ifetch_rsp_bypbuf.u_bypbuf_fifo.dp_gtO.vec_P_dfflr.qout_r	u_e203_cpu.u_e203_core.u_e203_ifu.u_e203_ifu_ifetch.ifu_lo_ir_dfflr.qout_r[13]$_DFFE_PN0P_/Q	u_e203_cpu.u_e203_core.u_e203_ifu.u_e203_ifu_ift2icb.u_e203_ifetch_rsp_bypbuf.u_bypbuf_fifo.dp_gt0.vec_31_dfflr.qout_r$_DFFE_PN0P_/D
527	-0.4300	u_eI_cpu.u_eJ_core.u_eK_exu.u_eL_exu_commit.u_eM_exu_excp.step_req_dfflr.qout_r	cmt_dcause_ena	u_e203_cpu.u_e203_core.u_e203_exu.u_e203_exu_commit.u_e203_exu_excp.step_req_dfflr.qout_r$_DFFE_PN0P_/Q	cmt_dcause_ena
528	-0.4295	u_eI_cpu.u_eJ_core.u_eK_ifu.u_eL_ifu_ifetch.ifu_hi_ir_dfflr.qout_r[M]	u_eI_cpu.u_eJ_itcm_ctrl.u_sram_icb_ctrl.u_byp_icb_cmd_buf.u_bypbuf_fifo.dp_gtK.fifo_rf[L].fifo_rf_dffl.qout_r[M]	u_e203_cpu.u_e203_core.u_e203_ifu.u_e203_ifu_ifetch.ifu_hi_ir_dfflr.qout_r[13]$_DFFE_PN0P_/Q	u_e203_cpu.u_e203_itcm_ctrl.u_sram_icb_ctrl.u_byp_icb_cmd_buf.u_bypbuf_fifo.dp_gt0.fifo_rf[0].fifo_rf_dffl.qout_r[44]$_DFFE_PP_/D
529	-0.4293	u_eI_cpu.u_eJ_core.u_eK_ifu.u_eL_ifu_ifetch.ifu_lo_ir_dfflr.qout_r[M]	u_eI_cpu.u_eJ_itcm_ctrl.u_sram_icb_ctrl.u_sirv_Kcyc_sram_ctrl.u_eL_stage.dp_gt_M.dat_dfflr.qout_r[N]	u_e203_cpu.u_e203_core.u_e203_ifu.u_e203_ifu_ifetch.ifu_lo_ir_dfflr.qout_r[13]$_DFFE_PN0P_/Q	u_e203_cpu.u_e203_itcm_ctrl.u_sram_icb_ctrl.u_sirv_1cyc_sram_ctrl.u_e1_stage.dp_gt_0.dat_dfflr.qout_r[1]$_DFFE_PP_/D
530	-0.4285	u_eI_cpu.u_eJ_core.u_eK_ifu.u_eL_ifu_ifetch.ir_rsMidx_dfflr.qout_r[N]	u_eI_cpu.u_eJ_core.u_eK_ifu.u_eL_ifu_iftMicb.leftover_err_dfflr.qout_r	u_e203_cpu.u_e203_core.u_e203_ifu.u_e203_ifu_ifetch.ir_rs1idx_dfflr.qout_r[3]$_DFFE_PN0P_/Q	u_e203_cpu.u_e203_core.u_e203_ifu.u_e203_ifu_ift2icb.leftover_err_dfflr.qout_r$_DFFE_PN0P_/D
531	-0.4278	u_eI_cpu.u_eJ_core.u_eK_ifu.u_eL_ifu_ifetch.ir_rsMidx_dfflr.qout_r[N]	u_eI_cpu.u_eJ_core.u_eK_ifu.u_eL_ifu_ifetch.ifu_err_dfflr.qout_r	u_e203_cpu.u_e203_core.u_e203_ifu.u_e203_ifu_ifetch.ir_rs1idx_dfflr.qout_r[3]$_DFFE_PN0P_/Q	u_e203_cpu.u_e203_core.u_e203_ifu.u_e203_ifu_ifetch.ifu_err_dfflr.qout_r$_DFFE_PN0P_/D
532	-0.4273	dbg_halt_r	u_eI_cpu.u_eJ_core.u_eK_exu.u_eL_exu_csr.itcmnohold_dfflr.qout_r[M]	dbg_halt_r	u_e203_cpu.u_e203_core.u_e203_exu.u_e203_exu_csr.itcmnohold_dfflr.qout_r[0]$_DFFE_PN0P_/D
533	-0.4257	u_eI_cpu.u_eJ_core.u_eK_ifu.u_eL_ifu_ifetch.ifu_hi_ir_dfflr.qout_r[M]	u_eI_cpu.u_eJ_core.u_eK_ifu.u_eL_ifu_iftMicb.icbNmem_dfflr.qout_r	u_e203_cpu.u_e203_core.u_e203_ifu.u_e203_ifu_ifetch.ifu_hi_ir_dfflr.qout_r[13]$_DFFE_PN0P_/Q	u_e203_cpu.u_e203_core.u_e203_ifu.u_e203_ifu_ift2icb.icb2mem_dfflr.qout_r$_DFFE_PN0P_/D
534	-0.4247	u_eI_cpu.u_eJ_core.u_eK_ifu.u_eL_ifu_ifetch.ifu_hi_ir_dfflr.qout_r[M]	u_eI_cpu.u_eJ_core.u_eK_ifu.u_eL_ifu_ifetch.ir_valid_dfflr.qout_r	u_e203_cpu.u_e203_core.u_e203_ifu.u_e203_ifu_ifetch.ifu_hi_ir_dfflr.qout_r[13]$_DFFE_PN0P_/Q	u_e203_cpu.u_e203_core.u_e203_ifu.u_e203_ifu_ifetch.ir_valid_dfflr.qout_r$_DFFE_PN0P_/D
535	-0.4246	dbg_step_r	u_eI_cpu.u_eJ_core.u_eK_exu.u_eL_exu_alu.u_eM_exu_alu_muldiv.exec_cnt_dfflr.qout_r[N]	dbg_step_r	u_e203_cpu.u_e203_core.u_e203_exu.u_e203_exu_alu.u_e203_exu_alu_muldiv.exec_cnt_dfflr.qout_r[0]$_DFFE_PN0P_/D
536	-0.4244	dbg_halt_r	u_eI_cpu.u_eJ_nice_core.sbuf_cmd_cnt_dfflr.qout_r[K]	dbg_halt_r	u_e203_cpu.u_e203_nice_core.sbuf_cmd_cnt_dfflr.qout_r[0]$_DFFE_PN0P_/D
537	-0.4243	dbg_step_r	u_eI_cpu.u_eJ_core.u_eK_exu.u_eL_exu_csr.mcgstop_dfflr.qout_r[M]	dbg_step_r	u_e203_cpu.u_e203_core.u_e203_exu.u_e203_exu_csr.mcgstop_dfflr.qout_r[0]$_DFFE_PN0P_/D
538	-0.4231	u_eI_cpu.u_eJ_core.u_eK_ifu.u_eL_ifu_ifetch.ir_rsMidx_dfflr.qout_r[N]	u_eI_srams.u_eJ_itcm_ram.u_eK_itcm_gnrl_ram.u_sirv_sim_ram.mem_r[L][M]	u_e203_cpu.u_e203_core.u_e203_ifu.u_e203_ifu_ifetch.ir_rs1idx_dfflr.qout_r[3]$_DFFE_PN0P_/Q	u_e203_srams.u_e203_itcm_ram.u_e203_itcm_gnrl_ram.u_sirv_sim_ram.mem_r[0][24]$_DFFE_PP_/D
539	-0.4227	u_eI_cpu.u_eJ_core.u_eK_ifu.u_eL_ifu_ifetch.ifu_hi_ir_dfflr.qout_r[M]	u_eI_cpu.u_eJ_core.u_eK_ifu.u_eL_ifu_iftMicb.req_same_cross_holdup_dfflr.qout_r	u_e203_cpu.u_e203_core.u_e203_ifu.u_e203_ifu_ifetch.ifu_hi_ir_dfflr.qout_r[13]$_DFFE_PN0P_/Q	u_e203_cpu.u_e203_core.u_e203_ifu.u_e203_ifu_ift2icb.req_same_cross_holdup_dfflr.qout_r$_DFFE_PN0P_/D
540	-0.4210	u_eI_cpu.u_eJ_core.u_eK_ifu.u_eL_ifu_ifetch.ifu_hi_ir_dfflr.qout_r[M]	u_eI_cpu.u_eJ_core.u_eK_biu.u_sirv_gnrl_icb_buffer.outs_cnt_dfflr.qout_r	u_e203_cpu.u_e203_core.u_e203_ifu.u_e203_ifu_ifetch.ifu_hi_ir_dfflr.qout_r[13]$_DFFE_PN0P_/Q	u_e203_cpu.u_e203_core.u_e203_biu.u_sirv_gnrl_icb_buffer.outs_cnt_dfflr.qout_r$_DFFE_PN0P_/D
541	-0.4206	u_eI_cpu.u_eJ_core.u_eK_ifu.u_eL_ifu_ifetch.ifu_hi_ir_dfflr.qout_r[M]	u_eI_cpu.u_eJ_core.u_eK_biu.u_sirv_gnrl_icb_buffer.u_sirv_gnrl_cmd_fifo.dp_gtL.vec_M_dfflrs.qout_r	u_e203_cpu.u_e203_core.u_e203_ifu.u_e203_ifu_ifetch.ifu_hi_ir_dfflr.qout_r[13]$_DFFE_PN0P_/Q	u_e203_cpu.u_e203_core.u_e203_biu.u_sirv_gnrl_icb_buffer.u_sirv_gnrl_cmd_fifo.dp_gt0.vec_0_dfflrs.qout_r$_DFFE_PN1P_/D
542	-0.4201	dbg_halt_r	u_eI_cpu.u_eJ_core.u_eK_exu.u_eL_exu_alu.u_eM_exu_nice.u_nice_itag_fifo.dp_gtN.wptr_vec_O_dfflrs.qout_r	dbg_halt_r	u_e203_cpu.u_e203_core.u_e203_exu.u_e203_exu_alu.u_e203_exu_nice.u_nice_itag_fifo.dp_gt0.wptr_vec_0_dfflrs.qout_r$_DFFE_PN1P_/D
543	-0.4195	dbg_step_r	u_eI_cpu.u_eJ_core.u_eK_exu.u_eL_exu_csr.mdvnobMb_dfflr.qout_r[N]	dbg_step_r	u_e203_cpu.u_e203_core.u_e203_exu.u_e203_exu_csr.mdvnob2b_dfflr.qout_r[0]$_DFFE_PN0P_/D
544	-0.4187	u_eI_cpu.u_eJ_core.u_eK_ifu.u_eL_ifu_ifetch.ifu_hi_ir_dfflr.qout_r[M]	u_eI_cpu.u_eJ_core.u_eK_exu.u_eL_exu_csr.minstret_dfflr.qout_r[M]	u_e203_cpu.u_e203_core.u_e203_ifu.u_e203_ifu_ifetch.ifu_hi_ir_dfflr.qout_r[13]$_DFFE_PN0P_/Q	u_e203_cpu.u_e203_core.u_e203_exu.u_e203_exu_csr.minstret_dfflr.qout_r[29]$_DFFE_PN0P_/D
545	-0.4178	u_eI_cpu.u_eJ_core.u_eK_ifu.u_eL_ifu_ifetch.ir_rsMidx_dfflr.qout_r[N]	u_eI_cpu.u_eJ_core.u_eK_ifu.u_eL_ifu_ifetch.pc_dfflr.qout_r[M]	u_e203_cpu.u_e203_core.u_e203_ifu.u_e203_ifu_ifetch.ir_rs1idx_dfflr.qout_r[3]$_DFFE_PN0P_/Q	u_e203_cpu.u_e203_core.u_e203_ifu.u_e203_ifu_ifetch.pc_dfflr.qout_r[10]$_DFFE_PN0P_/D
546	-0.4172	u_eI_cpu.u_eJ_core.u_eK_exu.u_eL_exu_csr.status_mie_dfflr.qout_r	cmt_dcause_ena	u_e203_cpu.u_e203_core.u_e203_exu.u_e203_exu_csr.status_mie_dfflr.qout_r$_DFFE_PN0P_/QN	cmt_dcause_ena
547	-0.4129	u_eI_cpu.u_eJ_core.u_eK_ifu.u_eL_ifu_ifetch.ifu_hi_ir_dfflr.qout_r[M]	u_eI_cpu.u_eJ_clk_ctrl.itcm_active_dffr.qout_r	u_e203_cpu.u_e203_core.u_e203_ifu.u_e203_ifu_ifetch.ifu_hi_ir_dfflr.qout_r[13]$_DFFE_PN0P_/Q	u_e203_cpu.u_e203_clk_ctrl.itcm_active_dffr.qout_r$_DFF_PN0_/D
548	-0.4111	u_eI_cpu.u_eJ_core.u_eK_ifu.u_eL_ifu_ifetch.ifu_hi_ir_dfflr.qout_r[M]	u_eI_cpu.u_eJ_core.u_eK_ifu.u_eL_ifu_ifetch.reset_req_dfflr.qout_r	u_e203_cpu.u_e203_core.u_e203_ifu.u_e203_ifu_ifetch.ifu_hi_ir_dfflr.qout_r[13]$_DFFE_PN0P_/Q	u_e203_cpu.u_e203_core.u_e203_ifu.u_e203_ifu_ifetch.reset_req_dfflr.qout_r$_DFFE_PN0P_/D
549	-0.4088	u_eI_cpu.u_eJ_core.u_eK_ifu.u_eL_ifu_ifetch.ir_rsMidx_dfflr.qout_r[N]	u_eI_srams.u_eJ_dtcm_ram.u_eK_dtcm_gnrl_ram.u_sirv_sim_ram.mem_r[L][M]	u_e203_cpu.u_e203_core.u_e203_ifu.u_e203_ifu_ifetch.ir_rs1idx_dfflr.qout_r[3]$_DFFE_PN0P_/Q	u_e203_srams.u_e203_dtcm_ram.u_e203_dtcm_gnrl_ram.u_sirv_sim_ram.mem_r[0][10]$_DFFE_PP_/D
550	-0.4077	dbg_step_r	u_eI_cpu.u_eJ_core.u_eK_exu.u_eL_exu_csr.itcmnohold_dfflr.qout_r[M]	dbg_step_r	u_e203_cpu.u_e203_core.u_e203_exu.u_e203_exu_csr.itcmnohold_dfflr.qout_r[0]$_DFFE_PN0P_/D
551	-0.4068	u_eI_cpu.u_eJ_core.u_eK_ifu.u_eL_ifu_ifetch.ifu_hi_ir_dfflr.qout_r[M]	u_eI_cpu.u_eJ_itcm_ctrl.u_sram_icb_ctrl.u_sirv_Kcyc_sram_ctrl.u_eL_stage.dp_gt_M.vld_dfflr.qout_r	u_e203_cpu.u_e203_core.u_e203_ifu.u_e203_ifu_ifetch.ifu_hi_ir_dfflr.qout_r[13]$_DFFE_PN0P_/Q	u_e203_cpu.u_e203_itcm_ctrl.u_sram_icb_ctrl.u_sirv_1cyc_sram_ctrl.u_e1_stage.dp_gt_0.vld_dfflr.qout_r$_DFFE_PN0P_/D
552	-0.4048	dbg_step_r	u_eI_cpu.u_eJ_nice_core.sbuf_cmd_cnt_dfflr.qout_r[K]	dbg_step_r	u_e203_cpu.u_e203_nice_core.sbuf_cmd_cnt_dfflr.qout_r[0]$_DFFE_PN0P_/D
553	-0.4047	u_eI_cpu.u_eJ_core.u_eK_ifu.u_eL_ifu_ifetch.ifu_hi_ir_dfflr.qout_r[M]	u_eI_cpu.u_eJ_itcm_ctrl.u_sram_icb_ctrl.u_sirv_Kcyc_sram_ctrl.u_ram_clkgate.enb	u_e203_cpu.u_e203_core.u_e203_ifu.u_e203_ifu_ifetch.ifu_hi_ir_dfflr.qout_r[13]$_DFFE_PN0P_/Q	u_e203_cpu.u_e203_itcm_ctrl.u_sram_icb_ctrl.u_sirv_1cyc_sram_ctrl.u_ram_clkgate.enb$_DLATCH_N_/D
554	-0.4046	u_eI_cpu.u_eJ_core.u_eK_ifu.u_eL_ifu_ifetch.ifu_hi_ir_dfflr.qout_r[M]	u_eI_cpu.u_eJ_core.u_eK_ifu.u_eL_ifu_ifetch.dly_flush_dfflr.qout_r	u_e203_cpu.u_e203_core.u_e203_ifu.u_e203_ifu_ifetch.ifu_hi_ir_dfflr.qout_r[13]$_DFFE_PN0P_/Q	u_e203_cpu.u_e203_core.u_e203_ifu.u_e203_ifu_ifetch.dly_flush_dfflr.qout_r$_DFFE_PN0P_/D
555	-0.4019	u_eI_cpu.u_eJ_core.u_eK_ifu.u_eL_ifu_ifetch.ifu_hi_ir_dfflr.qout_r[M]	u_eI_cpu.u_eJ_core.u_eK_ifu.u_eL_ifu_iftMicb.u_eN_ifetch_rsp_bypbuf.u_bypbuf_fifo.dp_gtO.vec_P_dfflrs.qout_r	u_e203_cpu.u_e203_core.u_e203_ifu.u_e203_ifu_ifetch.ifu_hi_ir_dfflr.qout_r[13]$_DFFE_PN0P_/Q	u_e203_cpu.u_e203_core.u_e203_ifu.u_e203_ifu_ift2icb.u_e203_ifetch_rsp_bypbuf.u_bypbuf_fifo.dp_gt0.vec_0_dfflrs.qout_r$_DFFE_PN1P_/D
556	-0.4005	dbg_step_r	u_eI_cpu.u_eJ_core.u_eK_exu.u_eL_exu_alu.u_eM_exu_nice.u_nice_itag_fifo.dp_gtN.wptr_vec_O_dfflrs.qout_r	dbg_step_r	u_e203_cpu.u_e203_core.u_e203_exu.u_e203_exu_alu.u_e203_exu_nice.u_nice_itag_fifo.dp_gt0.wptr_vec_0_dfflrs.qout_r$_DFFE_PN1P_/D
557	-0.3982	dbg_halt_r	u_eI_cpu.u_eJ_core.u_eK_exu.u_eL_exu_alu.u_eM_exu_alu_lsuagu.unalgn_flg_dffl.qout_r	dbg_halt_r	u_e203_cpu.u_e203_core.u_e203_exu.u_e203_exu_alu.u_e203_exu_alu_lsuagu.unalgn_flg_dffl.qout_r$_DFFE_PN0P_/D
558	-0.3974	u_eI_cpu.u_eJ_core.u_eK_ifu.u_eL_ifu_ifetch.ifu_hi_ir_dfflr.qout_r[M]	u_eI_cpu.u_eJ_core.u_eK_exu.u_eL_exu_alu.u_eM_exu_alu_dpath.sbf_N_dffl.qout_r[O]	u_e203_cpu.u_e203_core.u_e203_ifu.u_e203_ifu_ifetch.ifu_hi_ir_dfflr.qout_r[13]$_DFFE_PN0P_/Q	u_e203_cpu.u_e203_core.u_e203_exu.u_e203_exu_alu.u_e203_exu_alu_dpath.sbf_0_dffl.qout_r[8]$_DFFE_PP_/D
559	-0.3955	u_eI_cpu.u_eJ_core.u_eK_exu.u_eL_exu_alu.u_eM_exu_alu_muldiv.part_prdt_sftN_dfflr.qout_r	extIitcm_icb_cmd_ready	u_e203_cpu.u_e203_core.u_e203_exu.u_e203_exu_alu.u_e203_exu_alu_muldiv.part_prdt_sft1_dfflr.qout_r$_DFFE_PN0P_/Q	ext2itcm_icb_cmd_ready
560	-0.3948	u_eI_cpu.u_eJ_core.u_eK_ifu.u_eL_ifu_ifetch.ifu_hi_ir_dfflr.qout_r[M]	u_eI_cpu.u_eJ_core.u_eK_biu.u_biu_icb_arbt.arbt_num_gt_L_gen.dp_M.u_sirv_gnrl_rspid_fifo.dp_gt_N.vld_dfflr.qout_r	u_e203_cpu.u_e203_core.u_e203_ifu.u_e203_ifu_ifetch.ifu_hi_ir_dfflr.qout_r[13]$_DFFE_PN0P_/Q	u_e203_cpu.u_e203_core.u_e203_biu.u_biu_icb_arbt.arbt_num_gt_1_gen.dp_1.u_sirv_gnrl_rspid_fifo.dp_gt_0.vld_dfflr.qout_r$_DFFE_PN0P_/D
561	-0.3947	u_eI_cpu.u_eJ_core.u_eK_ifu.u_eL_ifu_ifetch.ifu_hi_ir_dfflr.qout_r[M]	u_eI_cpu.u_eJ_core.u_eK_ifu.u_eL_ifu_iftMicb.icbNitcm_dfflr.qout_r	u_e203_cpu.u_e203_core.u_e203_ifu.u_e203_ifu_ifetch.ifu_hi_ir_dfflr.qout_r[13]$_DFFE_PN0P_/Q	u_e203_cpu.u_e203_core.u_e203_ifu.u_e203_ifu_ift2icb.icb2itcm_dfflr.qout_r$_DFFE_PN0P_/D
562	-0.3944	u_eI_cpu.u_eJ_core.u_eK_ifu.u_eL_ifu_ifetch.ifu_hi_ir_dfflr.qout_r[M]	u_eI_cpu.u_eJ_core.u_eK_biu.u_sirv_gnrl_icb_buffer.u_sirv_gnrl_cmd_fifo.dp_gtL.vec_M_dfflr.qout_r	u_e203_cpu.u_e203_core.u_e203_ifu.u_e203_ifu_ifetch.ifu_hi_ir_dfflr.qout_r[13]$_DFFE_PN0P_/Q	u_e203_cpu.u_e203_core.u_e203_biu.u_sirv_gnrl_icb_buffer.u_sirv_gnrl_cmd_fifo.dp_gt0.vec_31_dfflr.qout_r$_DFFE_PN0P_/D
563	-0.3935	u_eI_cpu.u_eJ_core.u_eK_ifu.u_eL_ifu_ifetch.ifu_hi_ir_dfflr.qout_r[M]	u_eI_cpu.u_eJ_itcm_ctrl.u_sram_icb_ctrl.u_byp_icb_cmd_buf.u_bypbuf_fifo.dp_gtK.vec_L_dfflrs.qout_r	u_e203_cpu.u_e203_core.u_e203_ifu.u_e203_ifu_ifetch.ifu_hi_ir_dfflr.qout_r[13]$_DFFE_PN0P_/Q	u_e203_cpu.u_e203_itcm_ctrl.u_sram_icb_ctrl.u_byp_icb_cmd_buf.u_bypbuf_fifo.dp_gt0.vec_0_dfflrs.qout_r$_DFFE_PN1P_/D
564	-0.3932	u_eI_cpu.u_eJ_core.u_eK_ifu.u_eL_ifu_ifetch.ifu_lo_ir_dfflr.qout_r[M]	u_eI_cpu.u_eJ_dtcm_ctrl.u_sram_icb_ctrl.u_byp_icb_cmd_buf.u_bypbuf_fifo.dp_gtK.vec_L_dfflr.qout_r	u_e203_cpu.u_e203_core.u_e203_ifu.u_e203_ifu_ifetch.ifu_lo_ir_dfflr.qout_r[13]$_DFFE_PN0P_/Q	u_e203_cpu.u_e203_dtcm_ctrl.u_sram_icb_ctrl.u_byp_icb_cmd_buf.u_bypbuf_fifo.dp_gt0.vec_31_dfflr.qout_r$_DFFE_PN0P_/D
565	-0.3929	u_eI_cpu.u_eJ_core.u_eK_ifu.u_eL_ifu_ifetch.ir_rsMidx_dfflr.qout_r[N]	u_eI_cpu.u_eJ_core.u_eK_ifu.u_eL_ifu_iftMicb.u_eN_ifetch_rsp_bypbuf.u_bypbuf_fifo.dp_gtO.fifo_rf[P].fifo_rf_dffl.qout_r[Q]	u_e203_cpu.u_e203_core.u_e203_ifu.u_e203_ifu_ifetch.ir_rs1idx_dfflr.qout_r[3]$_DFFE_PN0P_/Q	u_e203_cpu.u_e203_core.u_e203_ifu.u_e203_ifu_ift2icb.u_e203_ifetch_rsp_bypbuf.u_bypbuf_fifo.dp_gt0.fifo_rf[0].fifo_rf_dffl.qout_r[10]$_DFFE_PP_/D
566	-0.3925	u_eI_cpu.u_eJ_core.u_eK_ifu.u_eL_ifu_ifetch.ifu_hi_ir_dfflr.qout_r[M]	u_eI_cpu.u_eJ_core.u_eK_ifu.u_eL_ifu_iftMicb.icb_state_dfflr.qout_r[N]	u_e203_cpu.u_e203_core.u_e203_ifu.u_e203_ifu_ifetch.ifu_hi_ir_dfflr.qout_r[13]$_DFFE_PN0P_/Q	u_e203_cpu.u_e203_core.u_e203_ifu.u_e203_ifu_ift2icb.icb_state_dfflr.qout_r[1]$_DFFE_PN0P_/D
567	-0.3908	u_eI_cpu.u_eJ_core.u_eK_ifu.u_eL_ifu_ifetch.ifu_hi_ir_dfflr.qout_r[M]	u_eI_cpu.u_eJ_itcm_ctrl.u_sram_icb_ctrl.u_byp_icb_cmd_buf.u_bypbuf_fifo.dp_gtK.vec_L_dfflr.qout_r	u_e203_cpu.u_e203_core.u_e203_ifu.u_e203_ifu_ifetch.ifu_hi_ir_dfflr.qout_r[13]$_DFFE_PN0P_/Q	u_e203_cpu.u_e203_itcm_ctrl.u_sram_icb_ctrl.u_byp_icb_cmd_buf.u_bypbuf_fifo.dp_gt0.vec_31_dfflr.qout_r$_DFFE_PN0P_/D
568	-0.3901	u_eI_cpu.u_eJ_core.u_eK_ifu.u_eL_ifu_ifetch.ir_rsMidx_dfflr.qout_r[N]	u_eI_cpu.u_eJ_core.u_eK_biu.u_sirv_gnrl_icb_buffer.u_sirv_gnrl_cmd_fifo.dp_gtL.fifo_rf[M].fifo_rf_dffl.qout_r[N]	u_e203_cpu.u_e203_core.u_e203_ifu.u_e203_ifu_ifetch.ir_rs1idx_dfflr.qout_r[3]$_DFFE_PN0P_/Q	u_e203_cpu.u_e203_core.u_e203_biu.u_sirv_gnrl_icb_buffer.u_sirv_gnrl_cmd_fifo.dp_gt0.fifo_rf[0].fifo_rf_dffl.qout_r[52]$_DFFE_PP_/D
569	-0.3896	u_eI_cpu.u_eJ_core.u_eK_ifu.u_eL_ifu_ifetch.ifu_lo_ir_dfflr.qout_r[M]	u_eI_cpu.u_eJ_dtcm_ctrl.u_sram_icb_ctrl.u_byp_icb_cmd_buf.u_bypbuf_fifo.dp_gtK.vec_L_dfflrs.qout_r	u_e203_cpu.u_e203_core.u_e203_ifu.u_e203_ifu_ifetch.ifu_lo_ir_dfflr.qout_r[13]$_DFFE_PN0P_/Q	u_e203_cpu.u_e203_dtcm_ctrl.u_sram_icb_ctrl.u_byp_icb_cmd_buf.u_bypbuf_fifo.dp_gt0.vec_0_dfflrs.qout_r$_DFFE_PN1P_/D
570	-0.3889	u_eI_cpu.u_eJ_core.u_eK_ifu.u_eL_ifu_ifetch.ifu_hi_ir_dfflr.qout_r[M]	u_eI_cpu.u_eJ_itcm_ctrl.ifu_holdup_dffl.qout_r	u_e203_cpu.u_e203_core.u_e203_ifu.u_e203_ifu_ifetch.ifu_hi_ir_dfflr.qout_r[13]$_DFFE_PN0P_/Q	u_e203_cpu.u_e203_itcm_ctrl.ifu_holdup_dffl.qout_r$_DFFE_PN0P_/D
571	-0.3888	u_eI_cpu.u_eJ_core.u_eK_ifu.u_eL_ifu_ifetch.ifu_hi_ir_dfflr.qout_r[M]	u_eI_cpu.u_eJ_core.u_eK_ifu.u_eL_ifu_iftMicb.u_eN_ifetch_rsp_bypbuf.u_bypbuf_fifo.dp_gtO.vec_P_dfflr.qout_r	u_e203_cpu.u_e203_core.u_e203_ifu.u_e203_ifu_ifetch.ifu_hi_ir_dfflr.qout_r[13]$_DFFE_PN0P_/Q	u_e203_cpu.u_e203_core.u_e203_ifu.u_e203_ifu_ift2icb.u_e203_ifetch_rsp_bypbuf.u_bypbuf_fifo.dp_gt0.vec_31_dfflr.qout_r$_DFFE_PN0P_/D
572	-0.3879	u_eI_cpu.u_eJ_core.u_eK_ifu.u_eL_ifu_ifetch.ifu_hi_ir_dfflr.qout_r[M]	u_eI_cpu.u_eJ_itcm_ctrl.u_sram_icb_ctrl.u_sirv_Kcyc_sram_ctrl.u_eL_stage.dp_gt_M.dat_dfflr.qout_r[N]	u_e203_cpu.u_e203_core.u_e203_ifu.u_e203_ifu_ifetch.ifu_hi_ir_dfflr.qout_r[13]$_DFFE_PN0P_/Q	u_e203_cpu.u_e203_itcm_ctrl.u_sram_icb_ctrl.u_sirv_1cyc_sram_ctrl.u_e1_stage.dp_gt_0.dat_dfflr.qout_r[1]$_DFFE_PP_/D
573	-0.3852	u_eI_cpu.u_eJ_core.u_eK_exu.u_eL_exu_alu.u_eM_exu_alu_muldiv.part_prdt_sftN_dfflr.qout_r	extIdtcm_icb_cmd_ready	u_e203_cpu.u_e203_core.u_e203_exu.u_e203_exu_alu.u_e203_exu_alu_muldiv.part_prdt_sft1_dfflr.qout_r$_DFFE_PN0P_/Q	ext2dtcm_icb_cmd_ready
574	-0.3846	u_eI_cpu.u_eJ_core.u_eK_ifu.u_eL_ifu_ifetch.ir_rsMidx_dfflr.qout_r[N]	u_eI_cpu.u_eJ_dtcm_ctrl.u_sram_icb_ctrl.u_byp_icb_cmd_buf.u_bypbuf_fifo.dp_gtK.fifo_rf[L].fifo_rf_dffl.qout_r[M]	u_e203_cpu.u_e203_core.u_e203_ifu.u_e203_ifu_ifetch.ir_rs1idx_dfflr.qout_r[3]$_DFFE_PN0P_/Q	u_e203_cpu.u_e203_dtcm_ctrl.u_sram_icb_ctrl.u_byp_icb_cmd_buf.u_bypbuf_fifo.dp_gt0.fifo_rf[0].fifo_rf_dffl.qout_r[1]$_DFFE_PP_/D
575	-0.3810	dbg_halt_r	u_eI_cpu.u_eJ_clk_ctrl.u_lsu_clkgate.enb	dbg_halt_r	u_e203_cpu.u_e203_clk_ctrl.u_lsu_clkgate.enb$_DLATCH_N_/D
576	-0.3802	dbg_halt_r	u_eI_cpu.u_eJ_core.u_eK_ifu.u_eL_ifu_ifetch.u_eM_ifu_litebpu.rsNxn_rdrf_dfflrs.qout_r	dbg_halt_r	u_e203_cpu.u_e203_core.u_e203_ifu.u_e203_ifu_ifetch.u_e203_ifu_litebpu.rs1xn_rdrf_dfflrs.qout_r$_DFFE_PN0P_/D
577	-0.3800	u_eI_cpu.u_eJ_core.u_eK_ifu.u_eL_ifu_ifetch.ir_rsMidx_dfflr.qout_r[N]	u_eI_cpu.u_eJ_core.u_eK_ifu.u_eL_ifu_iftMicb.req_lane_cross_dfflr.qout_r	u_e203_cpu.u_e203_core.u_e203_ifu.u_e203_ifu_ifetch.ir_rs1idx_dfflr.qout_r[3]$_DFFE_PN0P_/Q	u_e203_cpu.u_e203_core.u_e203_ifu.u_e203_ifu_ift2icb.req_lane_cross_dfflr.qout_r$_DFFE_PN0P_/D
578	-0.3800	u_eI_cpu.u_eJ_core.u_eK_ifu.u_eL_ifu_ifetch.ir_rsMidx_dfflr.qout_r[N]	u_eI_cpu.u_eJ_core.u_eK_ifu.u_eL_ifu_iftMicb.req_need_Nuop_dfflr.qout_r	u_e203_cpu.u_e203_core.u_e203_ifu.u_e203_ifu_ifetch.ir_rs1idx_dfflr.qout_r[3]$_DFFE_PN0P_/Q	u_e203_cpu.u_e203_core.u_e203_ifu.u_e203_ifu_ift2icb.req_need_0uop_dfflr.qout_r$_DFFE_PN0P_/D
579	-0.3786	dbg_step_r	u_eI_cpu.u_eJ_core.u_eK_exu.u_eL_exu_alu.u_eM_exu_alu_lsuagu.unalgn_flg_dffl.qout_r	dbg_step_r	u_e203_cpu.u_e203_core.u_e203_exu.u_e203_exu_alu.u_e203_exu_alu_lsuagu.unalgn_flg_dffl.qout_r$_DFFE_PN0P_/D
580	-0.3757	u_eI_cpu.u_eJ_core.u_eK_ifu.u_eL_ifu_ifetch.ir_rsMidx_dfflr.qout_r[N]	u_eI_cpu.u_eJ_core.u_eK_exu.u_eL_exu_csr.minstreth_dfflr.qout_r[M]	u_e203_cpu.u_e203_core.u_e203_ifu.u_e203_ifu_ifetch.ir_rs1idx_dfflr.qout_r[3]$_DFFE_PN0P_/Q	u_e203_cpu.u_e203_core.u_e203_exu.u_e203_exu_csr.minstreth_dfflr.qout_r[29]$_DFFE_PN0P_/D
581	-0.3753	u_eI_cpu.u_eJ_core.u_eK_ifu.u_eL_ifu_ifetch.ir_rsMidx_dfflr.qout_r[N]	u_eI_cpu.u_eJ_core.u_eK_ifu.u_eL_ifu_ifetch.ifu_prdt_taken_dfflr.qout_r	u_e203_cpu.u_e203_core.u_e203_ifu.u_e203_ifu_ifetch.ir_rs1idx_dfflr.qout_r[3]$_DFFE_PN0P_/Q	u_e203_cpu.u_e203_core.u_e203_ifu.u_e203_ifu_ifetch.ifu_prdt_taken_dfflr.qout_r$_DFFE_PN0P_/D
582	-0.3750	u_eI_cpu.u_eJ_core.u_eK_ifu.u_eL_ifu_ifetch.ir_rsMidx_dfflr.qout_r[N]	u_eI_cpu.u_eJ_core.u_eK_ifu.u_eL_ifu_ifetch.pc_newpend_dfflr.qout_r	u_e203_cpu.u_e203_core.u_e203_ifu.u_e203_ifu_ifetch.ir_rs1idx_dfflr.qout_r[3]$_DFFE_PN0P_/Q	u_e203_cpu.u_e203_core.u_e203_ifu.u_e203_ifu_ifetch.pc_newpend_dfflr.qout_r$_DFFE_PN0P_/D
583	-0.3741	u_eI_cpu.u_eJ_core.u_eK_ifu.u_eL_ifu_ifetch.ifu_prdt_taken_dfflr.qout_r	cmt_dcause_ena	u_e203_cpu.u_e203_core.u_e203_ifu.u_e203_ifu_ifetch.ifu_prdt_taken_dfflr.qout_r$_DFFE_PN0P_/Q	cmt_dcause_ena
584	-0.3734	u_eI_cpu.u_eJ_core.u_eK_exu.u_eL_exu_alu.u_eM_exu_alu_lsuagu.icb_state_dfflr.qout_r[N]	cmt_dcause[I]	u_e203_cpu.u_e203_core.u_e203_exu.u_e203_exu_alu.u_e203_exu_alu_lsuagu.icb_state_dfflr.qout_r[1]$_DFFE_PN0P_/Q	cmt_dcause[0]
585	-0.3726	dbg_halt_r	u_eI_cpu.u_eJ_core.u_eK_exu.u_eL_exu_alu.u_eM_exu_alu_lsuagu.icb_leftover_err_dfflr.qout_r	dbg_halt_r	u_e203_cpu.u_e203_core.u_e203_exu.u_e203_exu_alu.u_e203_exu_alu_lsuagu.icb_leftover_err_dfflr.qout_r$_DFFE_PN0P_/D
586	-0.3706	u_eI_cpu.u_eJ_core.u_eK_ifu.u_eL_ifu_ifetch.ifu_lo_ir_dfflr.qout_r[M]	u_eI_cpu.u_eJ_core.u_eK_exu.u_eL_exu_alu.u_eM_exu_alu_dpath.sbf_N_dffl.qout_r[O]	u_e203_cpu.u_e203_core.u_e203_ifu.u_e203_ifu_ifetch.ifu_lo_ir_dfflr.qout_r[13]$_DFFE_PN0P_/Q	u_e203_cpu.u_e203_core.u_e203_exu.u_e203_exu_alu.u_e203_exu_alu_dpath.sbf_0_dffl.qout_r[32]$_SDFFCE_PN0P_/D
587	-0.3680	u_eI_cpu.u_eJ_core.u_eK_ifu.u_eL_ifu_ifetch.ir_rsMidx_dfflr.qout_r[N]	u_eI_cpu.u_eJ_clk_ctrl.u_itcm_clkgate.enb	u_e203_cpu.u_e203_core.u_e203_ifu.u_e203_ifu_ifetch.ir_rs1idx_dfflr.qout_r[3]$_DFFE_PN0P_/Q	u_e203_cpu.u_e203_clk_ctrl.u_itcm_clkgate.enb$_DLATCH_N_/D
588	-0.3662	u_eI_cpu.u_eJ_core.u_eK_exu.u_eL_exu_alu.u_eM_exu_alu_muldiv.muldiv_state_dfflr.qout_r[N]	cmt_dcause[I]	u_e203_cpu.u_e203_core.u_e203_exu.u_e203_exu_alu.u_e203_exu_alu_muldiv.muldiv_state_dfflr.qout_r[1]$_DFFE_PN0P_/Q	cmt_dcause[0]
589	-0.3640	u_eI_cpu.u_eJ_core.u_eK_ifu.u_eL_ifu_ifetch.ir_rsMidx_dfflr.qout_r[N]	u_eI_cpu.u_eJ_clk_ctrl.u_biu_clkgate.enb	u_e203_cpu.u_e203_core.u_e203_ifu.u_e203_ifu_ifetch.ir_rs1idx_dfflr.qout_r[3]$_DFFE_PN0P_/Q	u_e203_cpu.u_e203_clk_ctrl.u_biu_clkgate.enb$_DLATCH_N_/D
590	-0.3632	u_eI_cpu.u_eJ_core.u_eK_ifu.u_eL_ifu_ifetch.ir_rsMidx_dfflr.qout_r[N]	u_eI_cpu.u_eJ_core.u_eK_ifu.u_eL_ifu_iftMicb.icb_addr_N_O_dffl.qout_r[P]	u_e203_cpu.u_e203_core.u_e203_ifu.u_e203_ifu_ifetch.ir_rs1idx_dfflr.qout_r[3]$_DFFE_PN0P_/Q	u_e203_cpu.u_e203_core.u_e203_ifu.u_e203_ifu_ift2icb.icb_addr_2_1_dffl.qout_r[1]$_DFFE_PP_/D
591	-0.3628	u_eI_cpu.u_eJ_core.u_eK_ifu.u_eL_ifu_ifetch.ir_rsMidx_dfflr.qout_r[N]	u_eI_cpu.u_eJ_core.u_eK_biu.u_biu_icb_arbt.arbt_num_gt_L_gen.dp_M.u_sirv_gnrl_rspid_fifo.dp_gt_N.dat_dfflr.qout_r	u_e203_cpu.u_e203_core.u_e203_ifu.u_e203_ifu_ifetch.ir_rs1idx_dfflr.qout_r[3]$_DFFE_PN0P_/Q	u_e203_cpu.u_e203_core.u_e203_biu.u_biu_icb_arbt.arbt_num_gt_1_gen.dp_1.u_sirv_gnrl_rspid_fifo.dp_gt_0.dat_dfflr.qout_r$_DFFE_PP_/D
592	-0.3622	u_eI_cpu.u_eJ_core.u_eK_ifu.u_eL_ifu_ifetch.ir_rsMidx_dfflr.qout_r[N]	u_eI_cpu.u_eJ_core.u_eK_ifu.u_eL_ifu_ifetch.out_flag_dfflr.qout_r	u_e203_cpu.u_e203_core.u_e203_ifu.u_e203_ifu_ifetch.ir_rs1idx_dfflr.qout_r[3]$_DFFE_PN0P_/Q	u_e203_cpu.u_e203_core.u_e203_ifu.u_e203_ifu_ifetch.out_flag_dfflr.qout_r$_DFFE_PN0P_/D
593	-0.3614	dbg_step_r	u_eI_cpu.u_eJ_clk_ctrl.u_lsu_clkgate.enb	dbg_step_r	u_e203_cpu.u_e203_clk_ctrl.u_lsu_clkgate.enb$_DLATCH_N_/D
594	-0.3612	u_eI_cpu.u_eJ_core.u_eK_ifu.u_eL_ifu_ifetch.ifu_lo_ir_dfflr.qout_r[M]	u_eI_cpu.u_eJ_core.u_eK_lsu.u_eL_lsu_ctrl.excl_addr_dffl.qout_r[M]	u_e203_cpu.u_e203_core.u_e203_ifu.u_e203_ifu_ifetch.ifu_lo_ir_dfflr.qout_r[13]$_DFFE_PN0P_/Q	u_e203_cpu.u_e203_core.u_e203_lsu.u_e203_lsu_ctrl.excl_addr_dffl.qout_r[22]$_DFFE_PN0P_/D
595	-0.3606	dbg_step_r	u_eI_cpu.u_eJ_core.u_eK_ifu.u_eL_ifu_ifetch.u_eM_ifu_litebpu.rsNxn_rdrf_dfflrs.qout_r	dbg_step_r	u_e203_cpu.u_e203_core.u_e203_ifu.u_e203_ifu_ifetch.u_e203_ifu_litebpu.rs1xn_rdrf_dfflrs.qout_r$_DFFE_PN0P_/D
596	-0.3600	u_eI_cpu.u_eJ_core.u_eK_ifu.u_eL_ifu_ifetch.ifu_lo_ir_dfflr.qout_r[M]	u_eI_cpu.u_eJ_core.u_eK_lsu.u_eL_lsu_ctrl.u_eM_lsu_splt_stage.dp_gt_N.dat_dfflr.qout_r[O]	u_e203_cpu.u_e203_core.u_e203_ifu.u_e203_ifu_ifetch.ifu_lo_ir_dfflr.qout_r[13]$_DFFE_PN0P_/Q	u_e203_cpu.u_e203_core.u_e203_lsu.u_e203_lsu_ctrl.u_e203_lsu_splt_stage.dp_gt_0.dat_dfflr.qout_r[39]$_DFFE_PP_/D
597	-0.3600	dbg_halt_r	u_eI_cpu.u_eJ_core.u_eK_exu.u_eL_exu_commit.u_eM_exu_excp.wfi_halt_req_dfflr.qout_r	dbg_halt_r	u_e203_cpu.u_e203_core.u_e203_exu.u_e203_exu_commit.u_e203_exu_excp.wfi_halt_req_dfflr.qout_r$_DFFE_PN0P_/D
598	-0.3573	u_eI_cpu.u_eJ_core.u_eK_ifu.u_eL_ifu_ifetch.ir_rsMidx_dfflr.qout_r[N]	u_eI_cpu.u_eJ_itcm_ctrl.u_sram_icb_ctrl.u_byp_icb_cmd_buf.u_bypbuf_fifo.dp_gtK.fifo_rf[L].fifo_rf_dffl.qout_r[M]	u_e203_cpu.u_e203_core.u_e203_ifu.u_e203_ifu_ifetch.ir_rs1idx_dfflr.qout_r[3]$_DFFE_PN0P_/Q	u_e203_cpu.u_e203_itcm_ctrl.u_sram_icb_ctrl.u_byp_icb_cmd_buf.u_bypbuf_fifo.dp_gt0.fifo_rf[0].fifo_rf_dffl.qout_r[44]$_DFFE_PP_/D
599	-0.3572	u_eI_cpu.u_eJ_core.u_eK_ifu.u_eL_ifu_ifetch.ifu_err_dfflr.qout_r	u_eI_cpu.u_eJ_core.u_eK_ifu.u_eL_ifu_ifetch.ifu_hi_ir_dfflr.qout_r[M]	u_e203_cpu.u_e203_core.u_e203_ifu.u_e203_ifu_ifetch.ifu_err_dfflr.qout_r$_DFFE_PN0P_/Q	u_e203_cpu.u_e203_core.u_e203_ifu.u_e203_ifu_ifetch.ifu_hi_ir_dfflr.qout_r[9]$_DFFE_PN0P_/D
600	-0.3558	u_eI_cpu.u_eJ_core.u_eK_exu.u_eL_exu_alu.u_eM_exu_alu_lsuagu.icb_state_dfflr.qout_r[N]	core_wfi	u_e203_cpu.u_e203_core.u_e203_exu.u_e203_exu_alu.u_e203_exu_alu_lsuagu.icb_state_dfflr.qout_r[1]$_DFFE_PN0P_/Q	core_wfi
601	-0.3535	u_eI_cpu.u_eJ_core.u_eK_ifu.u_eL_ifu_ifetch.ir_rsMidx_dfflr.qout_r[N]	u_eI_cpu.u_eJ_core.u_eK_ifu.u_eL_ifu_iftMicb.icbNmem_dfflr.qout_r	u_e203_cpu.u_e203_core.u_e203_ifu.u_e203_ifu_ifetch.ir_rs1idx_dfflr.qout_r[3]$_DFFE_PN0P_/Q	u_e203_cpu.u_e203_core.u_e203_ifu.u_e203_ifu_ift2icb.icb2mem_dfflr.qout_r$_DFFE_PN0P_/D
602	-0.3530	dbg_step_r	u_eI_cpu.u_eJ_core.u_eK_exu.u_eL_exu_alu.u_eM_exu_alu_lsuagu.icb_leftover_err_dfflr.qout_r	dbg_step_r	u_e203_cpu.u_e203_core.u_e203_exu.u_e203_exu_alu.u_e203_exu_alu_lsuagu.icb_leftover_err_dfflr.qout_r$_DFFE_PN0P_/D
603	-0.3525	u_eI_cpu.u_eJ_core.u_eK_ifu.u_eL_ifu_ifetch.ir_rsMidx_dfflr.qout_r[N]	u_eI_cpu.u_eJ_core.u_eK_ifu.u_eL_ifu_ifetch.ir_valid_dfflr.qout_r	u_e203_cpu.u_e203_core.u_e203_ifu.u_e203_ifu_ifetch.ir_rs1idx_dfflr.qout_r[3]$_DFFE_PN0P_/Q	u_e203_cpu.u_e203_core.u_e203_ifu.u_e203_ifu_ifetch.ir_valid_dfflr.qout_r$_DFFE_PN0P_/D
604	-0.3518	u_eI_cpu.u_eJ_core.u_eK_ifu.u_eL_ifu_ifetch.ifu_hi_ir_dfflr.qout_r[M]	u_eI_cpu.u_eJ_dtcm_ctrl.u_sram_icb_ctrl.u_byp_icb_cmd_buf.u_bypbuf_fifo.dp_gtK.vec_L_dfflr.qout_r	u_e203_cpu.u_e203_core.u_e203_ifu.u_e203_ifu_ifetch.ifu_hi_ir_dfflr.qout_r[13]$_DFFE_PN0P_/Q	u_e203_cpu.u_e203_dtcm_ctrl.u_sram_icb_ctrl.u_byp_icb_cmd_buf.u_bypbuf_fifo.dp_gt0.vec_31_dfflr.qout_r$_DFFE_PN0P_/D
605	-0.3514	u_eI_cpu.u_eJ_irq_sync.master_gen.u_tmr_irq_sync.sync_gen[K].i_is_not_L.sync_dffr.qout_r	cmt_dcause[I]	u_e203_cpu.u_e203_irq_sync.master_gen.u_tmr_irq_sync.sync_gen[1].i_is_not_0.sync_dffr.qout_r$_DFF_PN0_/Q	cmt_dcause[0]
606	-0.3510	u_eI_cpu.u_eJ_core.u_eK_ifu.u_eL_ifu_ifetch.ifu_err_dfflr.qout_r	u_eI_cpu.u_eJ_core.u_eK_ifu.u_eL_ifu_iftMicb.leftover_dffl.qout_r[N]	u_e203_cpu.u_e203_core.u_e203_ifu.u_e203_ifu_ifetch.ifu_err_dfflr.qout_r$_DFFE_PN0P_/Q	u_e203_cpu.u_e203_core.u_e203_ifu.u_e203_ifu_ift2icb.leftover_dffl.qout_r[10]$_DFFE_PP_/D
607	-0.3505	u_eI_cpu.u_eJ_core.u_eK_ifu.u_eL_ifu_ifetch.ir_rsMidx_dfflr.qout_r[N]	u_eI_cpu.u_eJ_core.u_eK_ifu.u_eL_ifu_iftMicb.req_same_cross_holdup_dfflr.qout_r	u_e203_cpu.u_e203_core.u_e203_ifu.u_e203_ifu_ifetch.ir_rs1idx_dfflr.qout_r[3]$_DFFE_PN0P_/Q	u_e203_cpu.u_e203_core.u_e203_ifu.u_e203_ifu_ift2icb.req_same_cross_holdup_dfflr.qout_r$_DFFE_PN0P_/D
608	-0.3503	u_eI_cpu.u_eJ_core.u_eK_exu.u_eL_exu_alu.u_eM_exu_alu_dpath.sbf_N_dffl.qout_r[O]	cmt_dcause_ena	u_e203_cpu.u_e203_core.u_e203_exu.u_e203_exu_alu.u_e203_exu_alu_dpath.sbf_0_dffl.qout_r[32]$_SDFFCE_PN0P_/Q	cmt_dcause_ena
609	-0.3488	u_eI_cpu.u_eJ_core.u_eK_ifu.u_eL_ifu_ifetch.ir_rsMidx_dfflr.qout_r[N]	u_eI_cpu.u_eJ_core.u_eK_biu.u_sirv_gnrl_icb_buffer.outs_cnt_dfflr.qout_r	u_e203_cpu.u_e203_core.u_e203_ifu.u_e203_ifu_ifetch.ir_rs1idx_dfflr.qout_r[3]$_DFFE_PN0P_/Q	u_e203_cpu.u_e203_core.u_e203_biu.u_sirv_gnrl_icb_buffer.outs_cnt_dfflr.qout_r$_DFFE_PN0P_/D
610	-0.3487	u_eI_cpu.u_eJ_core.u_eK_ifu.u_eL_ifu_ifetch.ifu_err_dfflr.qout_r	u_eI_cpu.u_eJ_core.u_eK_ifu.u_eL_ifu_ifetch.ifu_lo_ir_dfflr.qout_r[M]	u_e203_cpu.u_e203_core.u_e203_ifu.u_e203_ifu_ifetch.ifu_err_dfflr.qout_r$_DFFE_PN0P_/Q	u_e203_cpu.u_e203_core.u_e203_ifu.u_e203_ifu_ifetch.ifu_lo_ir_dfflr.qout_r[13]$_DFFE_PN0P_/D
611	-0.3487	dbg_halt_r	u_eI_cpu.u_eJ_nice_core.lbuf_cnt_dfflr.qout_r[K]	dbg_halt_r	u_e203_cpu.u_e203_nice_core.lbuf_cnt_dfflr.qout_r[0]$_DFFE_PN0P_/D
612	-0.3486	u_eI_cpu.u_eJ_core.u_eK_exu.u_eL_exu_alu.u_eM_exu_alu_muldiv.muldiv_state_dfflr.qout_r[N]	core_wfi	u_e203_cpu.u_e203_core.u_e203_exu.u_e203_exu_alu.u_e203_exu_alu_muldiv.muldiv_state_dfflr.qout_r[1]$_DFFE_PN0P_/Q	core_wfi
613	-0.3484	u_eI_cpu.u_eJ_core.u_eK_ifu.u_eL_ifu_ifetch.ir_rsMidx_dfflr.qout_r[N]	u_eI_cpu.u_eJ_core.u_eK_biu.u_sirv_gnrl_icb_buffer.u_sirv_gnrl_cmd_fifo.dp_gtL.vec_M_dfflrs.qout_r	u_e203_cpu.u_e203_core.u_e203_ifu.u_e203_ifu_ifetch.ir_rs1idx_dfflr.qout_r[3]$_DFFE_PN0P_/Q	u_e203_cpu.u_e203_core.u_e203_biu.u_sirv_gnrl_icb_buffer.u_sirv_gnrl_cmd_fifo.dp_gt0.vec_0_dfflrs.qout_r$_DFFE_PN1P_/D
614	-0.3482	u_eI_cpu.u_eJ_core.u_eK_ifu.u_eL_ifu_ifetch.ifu_hi_ir_dfflr.qout_r[M]	u_eI_cpu.u_eJ_dtcm_ctrl.u_sram_icb_ctrl.u_byp_icb_cmd_buf.u_bypbuf_fifo.dp_gtK.vec_L_dfflrs.qout_r	u_e203_cpu.u_e203_core.u_e203_ifu.u_e203_ifu_ifetch.ifu_hi_ir_dfflr.qout_r[13]$_DFFE_PN0P_/Q	u_e203_cpu.u_e203_dtcm_ctrl.u_sram_icb_ctrl.u_byp_icb_cmd_buf.u_bypbuf_fifo.dp_gt0.vec_0_dfflrs.qout_r$_DFFE_PN1P_/D
615	-0.3478	u_eI_cpu.u_eJ_core.u_eK_ifu.u_eL_ifu_ifetch.ifu_lo_ir_dfflr.qout_r[M]	u_eI_cpu.u_eJ_core.u_eK_lsu.u_eL_lsu_ctrl.excl_flg_dffl.qout_r	u_e203_cpu.u_e203_core.u_e203_ifu.u_e203_ifu_ifetch.ifu_lo_ir_dfflr.qout_r[13]$_DFFE_PN0P_/Q	u_e203_cpu.u_e203_core.u_e203_lsu.u_e203_lsu_ctrl.excl_flg_dffl.qout_r$_DFFE_PN0P_/D
616	-0.3469	u_eI_cpu.u_eJ_core.u_eK_exu.u_eL_exu_csr.mie_dfflr.qout_r[M]	cmt_dcause[I]	u_e203_cpu.u_e203_core.u_e203_exu.u_e203_exu_csr.mie_dfflr.qout_r[7]$_DFFE_PN0P_/Q	cmt_dcause[0]
617	-0.3464	u_eI_cpu.u_eJ_core.u_eK_ifu.u_eL_ifu_ifetch.ir_rsMidx_dfflr.qout_r[N]	u_eI_cpu.u_eJ_core.u_eK_exu.u_eL_exu_csr.minstret_dfflr.qout_r[M]	u_e203_cpu.u_e203_core.u_e203_ifu.u_e203_ifu_ifetch.ir_rs1idx_dfflr.qout_r[3]$_DFFE_PN0P_/Q	u_e203_cpu.u_e203_core.u_e203_exu.u_e203_exu_csr.minstret_dfflr.qout_r[29]$_DFFE_PN0P_/D
618	-0.3429	u_eI_cpu.u_eJ_core.u_eK_ifu.u_eL_ifu_ifetch.ifu_pc_dfflr.qout_r[M]	extIitcm_icb_cmd_ready	u_e203_cpu.u_e203_core.u_e203_ifu.u_e203_ifu_ifetch.ifu_pc_dfflr.qout_r[13]$_DFFE_PN0P_/Q	ext2itcm_icb_cmd_ready
619	-0.3407	u_eI_cpu.u_eJ_core.u_eK_ifu.u_eL_ifu_ifetch.ir_rsMidx_dfflr.qout_r[N]	u_eI_cpu.u_eJ_clk_ctrl.itcm_active_dffr.qout_r	u_e203_cpu.u_e203_core.u_e203_ifu.u_e203_ifu_ifetch.ir_rs1idx_dfflr.qout_r[3]$_DFFE_PN0P_/Q	u_e203_cpu.u_e203_clk_ctrl.itcm_active_dffr.qout_r$_DFF_PN0_/D
620	-0.3405	u_eI_cpu.u_eJ_core.u_eK_ifu.u_eL_ifu_ifetch.ifu_lo_ir_dfflr.qout_r[M]	u_eI_cpu.u_eJ_core.u_eK_exu.u_eL_exu_oitf.oitf_entries[M].rdidx_dfflrs.qout_r[N]	u_e203_cpu.u_e203_core.u_e203_ifu.u_e203_ifu_ifetch.ifu_lo_ir_dfflr.qout_r[13]$_DFFE_PN0P_/Q	u_e203_cpu.u_e203_core.u_e203_exu.u_e203_exu_oitf.oitf_entries[1].rdidx_dfflrs.qout_r[3]$_DFFE_PP_/D
621	-0.3405	u_eI_cpu.u_eJ_core.u_eK_ifu.u_eL_ifu_ifetch.ifu_lo_ir_dfflr.qout_r[M]	u_eI_cpu.u_eJ_core.u_eK_exu.u_eL_exu_oitf.oitf_entries[M].pc_dfflrs.qout_r[N]	u_e203_cpu.u_e203_core.u_e203_ifu.u_e203_ifu_ifetch.ifu_lo_ir_dfflr.qout_r[13]$_DFFE_PN0P_/Q	u_e203_cpu.u_e203_core.u_e203_exu.u_e203_exu_oitf.oitf_entries[1].pc_dfflrs.qout_r[26]$_DFFE_PP_/D
622	-0.3403	dbg_step_r	u_eI_cpu.u_eJ_core.u_eK_exu.u_eL_exu_commit.u_eM_exu_excp.wfi_halt_req_dfflr.qout_r	dbg_step_r	u_e203_cpu.u_e203_core.u_e203_exu.u_e203_exu_commit.u_e203_exu_excp.wfi_halt_req_dfflr.qout_r$_DFFE_PN0P_/D
623	-0.3389	u_eI_cpu.u_eJ_core.u_eK_ifu.u_eL_ifu_ifetch.ir_rsMidx_dfflr.qout_r[N]	u_eI_cpu.u_eJ_core.u_eK_ifu.u_eL_ifu_ifetch.reset_req_dfflr.qout_r	u_e203_cpu.u_e203_core.u_e203_ifu.u_e203_ifu_ifetch.ir_rs1idx_dfflr.qout_r[3]$_DFFE_PN0P_/Q	u_e203_cpu.u_e203_core.u_e203_ifu.u_e203_ifu_ifetch.reset_req_dfflr.qout_r$_DFFE_PN0P_/D
624	-0.3374	u_eI_cpu.u_eJ_core.u_eK_lsu.u_eL_lsu_ctrl.u_eM_lsu_splt_stage.dp_gt_N.vld_dfflr.qout_r	cmt_dcause[I]	u_e203_cpu.u_e203_core.u_e203_lsu.u_e203_lsu_ctrl.u_e203_lsu_splt_stage.dp_gt_0.vld_dfflr.qout_r$_DFFE_PN0P_/Q	cmt_dcause[0]
625	-0.3370	dbg_halt_r	u_eI_cpu.u_eJ_core.u_eK_exu.u_eL_exu_commit.u_eM_exu_excp.step_req_dfflr.qout_r	dbg_halt_r	u_e203_cpu.u_e203_core.u_e203_exu.u_e203_exu_commit.u_e203_exu_excp.step_req_dfflr.qout_r$_DFFE_PN0P_/D
626	-0.3350	u_eI_cpu.u_eJ_irq_sync.master_gen.u_sft_irq_sync.sync_gen[K].i_is_not_L.sync_dffr.qout_r	cmt_dcause[I]	u_e203_cpu.u_e203_irq_sync.master_gen.u_sft_irq_sync.sync_gen[1].i_is_not_0.sync_dffr.qout_r$_DFF_PN0_/Q	cmt_dcause[0]
627	-0.3346	u_eI_cpu.u_eJ_core.u_eK_ifu.u_eL_ifu_ifetch.ir_rsMidx_dfflr.qout_r[N]	u_eI_cpu.u_eJ_itcm_ctrl.u_sram_icb_ctrl.u_sirv_Kcyc_sram_ctrl.u_eL_stage.dp_gt_M.vld_dfflr.qout_r	u_e203_cpu.u_e203_core.u_e203_ifu.u_e203_ifu_ifetch.ir_rs1idx_dfflr.qout_r[3]$_DFFE_PN0P_/Q	u_e203_cpu.u_e203_itcm_ctrl.u_sram_icb_ctrl.u_sirv_1cyc_sram_ctrl.u_e1_stage.dp_gt_0.vld_dfflr.qout_r$_DFFE_PN0P_/D
628	-0.3338	u_eI_cpu.u_eJ_irq_sync.master_gen.u_tmr_irq_sync.sync_gen[K].i_is_not_L.sync_dffr.qout_r	core_wfi	u_e203_cpu.u_e203_irq_sync.master_gen.u_tmr_irq_sync.sync_gen[1].i_is_not_0.sync_dffr.qout_r$_DFF_PN0_/Q	core_wfi
629	-0.3327	u_eI_cpu.u_eJ_core.u_eK_ifu.u_eL_ifu_ifetch.ifu_pc_dfflr.qout_r[M]	extIdtcm_icb_cmd_ready	u_e203_cpu.u_e203_core.u_e203_ifu.u_e203_ifu_ifetch.ifu_pc_dfflr.qout_r[13]$_DFFE_PN0P_/Q	ext2dtcm_icb_cmd_ready
630	-0.3325	u_eI_cpu.u_eJ_core.u_eK_ifu.u_eL_ifu_ifetch.ir_rsMidx_dfflr.qout_r[N]	u_eI_cpu.u_eJ_itcm_ctrl.u_sram_icb_ctrl.u_sirv_Kcyc_sram_ctrl.u_ram_clkgate.enb	u_e203_cpu.u_e203_core.u_e203_ifu.u_e203_ifu_ifetch.ir_rs1idx_dfflr.qout_r[3]$_DFFE_PN0P_/Q	u_e203_cpu.u_e203_itcm_ctrl.u_sram_icb_ctrl.u_sirv_1cyc_sram_ctrl.u_ram_clkgate.enb$_DLATCH_N_/D
631	-0.3324	u_eI_cpu.u_eJ_core.u_eK_ifu.u_eL_ifu_ifetch.ir_rsMidx_dfflr.qout_r[N]	u_eI_cpu.u_eJ_core.u_eK_ifu.u_eL_ifu_ifetch.dly_flush_dfflr.qout_r	u_e203_cpu.u_e203_core.u_e203_ifu.u_e203_ifu_ifetch.ir_rs1idx_dfflr.qout_r[3]$_DFFE_PN0P_/Q	u_e203_cpu.u_e203_core.u_e203_ifu.u_e203_ifu_ifetch.dly_flush_dfflr.qout_r$_DFFE_PN0P_/D
632	-0.3323	u_eI_cpu.u_eJ_core.u_eK_ifu.u_eL_ifu_ifetch.ifu_err_dfflr.qout_r	u_eI_cpu.u_eJ_core.u_eK_ifu.u_eL_ifu_ifetch.ir_muldiv_bMb_dfflr.qout_r	u_e203_cpu.u_e203_core.u_e203_ifu.u_e203_ifu_ifetch.ifu_err_dfflr.qout_r$_DFFE_PN0P_/Q	u_e203_cpu.u_e203_core.u_e203_ifu.u_e203_ifu_ifetch.ir_muldiv_b2b_dfflr.qout_r$_DFFE_PN0P_/D
633	-0.3314	u_eI_cpu.u_eJ_core.u_eK_ifu.u_eL_ifu_ifetch.ifu_err_dfflr.qout_r	u_eI_cpu.u_eJ_core.u_eK_ifu.u_eL_ifu_ifetch.ir_rsMidx_dfflr.qout_r[N]	u_e203_cpu.u_e203_core.u_e203_ifu.u_e203_ifu_ifetch.ifu_err_dfflr.qout_r$_DFFE_PN0P_/Q	u_e203_cpu.u_e203_core.u_e203_ifu.u_e203_ifu_ifetch.ir_rs1idx_dfflr.qout_r[0]$_DFFE_PN0P_/D
634	-0.3297	u_eI_cpu.u_eJ_core.u_eK_ifu.u_eL_ifu_ifetch.ir_rsMidx_dfflr.qout_r[N]	u_eI_cpu.u_eJ_core.u_eK_ifu.u_eL_ifu_iftMicb.u_eN_ifetch_rsp_bypbuf.u_bypbuf_fifo.dp_gtO.vec_P_dfflrs.qout_r	u_e203_cpu.u_e203_core.u_e203_ifu.u_e203_ifu_ifetch.ir_rs1idx_dfflr.qout_r[3]$_DFFE_PN0P_/Q	u_e203_cpu.u_e203_core.u_e203_ifu.u_e203_ifu_ift2icb.u_e203_ifetch_rsp_bypbuf.u_bypbuf_fifo.dp_gt0.vec_0_dfflrs.qout_r$_DFFE_PN1P_/D
635	-0.3293	u_eI_cpu.u_eJ_core.u_eK_exu.u_eL_exu_csr.mie_dfflr.qout_r[M]	core_wfi	u_e203_cpu.u_e203_core.u_e203_exu.u_e203_exu_csr.mie_dfflr.qout_r[7]$_DFFE_PN0P_/Q	core_wfi
636	-0.3292	u_eI_cpu.u_eJ_core.u_eK_ifu.u_eL_ifu_ifetch.ifu_hi_ir_dfflr.qout_r[M]	u_eI_cpu.u_eJ_core.u_eK_exu.u_eL_exu_alu.u_eM_exu_alu_dpath.sbf_N_dffl.qout_r[O]	u_e203_cpu.u_e203_core.u_e203_ifu.u_e203_ifu_ifetch.ifu_hi_ir_dfflr.qout_r[13]$_DFFE_PN0P_/Q	u_e203_cpu.u_e203_core.u_e203_exu.u_e203_exu_alu.u_e203_exu_alu_dpath.sbf_0_dffl.qout_r[32]$_SDFFCE_PN0P_/D
637	-0.3291	dbg_step_r	u_eI_cpu.u_eJ_nice_core.lbuf_cnt_dfflr.qout_r[K]	dbg_step_r	u_e203_cpu.u_e203_nice_core.lbuf_cnt_dfflr.qout_r[0]$_DFFE_PN0P_/D
638	-0.3255	u_eI_cpu.u_eJ_core.u_eK_exu.u_eL_exu_alu.u_eM_exu_alu_dpath.sbf_N_dffl.qout_r[O]	cmt_dcause_ena	u_e203_cpu.u_e203_core.u_e203_exu.u_e203_exu_alu.u_e203_exu_alu_dpath.sbf_1_dffl.qout_r[0]$_DFFE_PP_/Q	cmt_dcause_ena
639	-0.3252	u_eI_cpu.u_eJ_core.u_eK_ifu.u_eL_ifu_ifetch.ir_rsMidx_dfflr.qout_r[N]	u_eI_cpu.u_eJ_core.u_eK_exu.u_eL_exu_alu.u_eM_exu_alu_dpath.sbf_N_dffl.qout_r[O]	u_e203_cpu.u_e203_core.u_e203_ifu.u_e203_ifu_ifetch.ir_rs1idx_dfflr.qout_r[3]$_DFFE_PN0P_/Q	u_e203_cpu.u_e203_core.u_e203_exu.u_e203_exu_alu.u_e203_exu_alu_dpath.sbf_0_dffl.qout_r[8]$_DFFE_PP_/D
640	-0.3229	u_eI_cpu.u_eJ_core.u_eK_exu.u_eL_exu_alu.u_eM_exu_alu_lsuagu.icb_state_dfflr.qout_r[N]	cmt_dpc_ena	u_e203_cpu.u_e203_core.u_e203_exu.u_e203_exu_alu.u_e203_exu_alu_lsuagu.icb_state_dfflr.qout_r[1]$_DFFE_PN0P_/Q	cmt_dpc_ena
641	-0.3226	u_eI_cpu.u_eJ_core.u_eK_ifu.u_eL_ifu_ifetch.ir_rsMidx_dfflr.qout_r[N]	u_eI_cpu.u_eJ_core.u_eK_biu.u_biu_icb_arbt.arbt_num_gt_L_gen.dp_M.u_sirv_gnrl_rspid_fifo.dp_gt_N.vld_dfflr.qout_r	u_e203_cpu.u_e203_core.u_e203_ifu.u_e203_ifu_ifetch.ir_rs1idx_dfflr.qout_r[3]$_DFFE_PN0P_/Q	u_e203_cpu.u_e203_core.u_e203_biu.u_biu_icb_arbt.arbt_num_gt_1_gen.dp_1.u_sirv_gnrl_rspid_fifo.dp_gt_0.vld_dfflr.qout_r$_DFFE_PN0P_/D
642	-0.3225	u_eI_cpu.u_eJ_core.u_eK_ifu.u_eL_ifu_ifetch.ir_rsMidx_dfflr.qout_r[N]	u_eI_cpu.u_eJ_core.u_eK_ifu.u_eL_ifu_iftMicb.icbNitcm_dfflr.qout_r	u_e203_cpu.u_e203_core.u_e203_ifu.u_e203_ifu_ifetch.ir_rs1idx_dfflr.qout_r[3]$_DFFE_PN0P_/Q	u_e203_cpu.u_e203_core.u_e203_ifu.u_e203_ifu_ift2icb.icb2itcm_dfflr.qout_r$_DFFE_PN0P_/D
643	-0.3222	u_eI_cpu.u_eJ_core.u_eK_ifu.u_eL_ifu_ifetch.ir_rsMidx_dfflr.qout_r[N]	u_eI_cpu.u_eJ_core.u_eK_biu.u_sirv_gnrl_icb_buffer.u_sirv_gnrl_cmd_fifo.dp_gtL.vec_M_dfflr.qout_r	u_e203_cpu.u_e203_core.u_e203_ifu.u_e203_ifu_ifetch.ir_rs1idx_dfflr.qout_r[3]$_DFFE_PN0P_/Q	u_e203_cpu.u_e203_core.u_e203_biu.u_sirv_gnrl_icb_buffer.u_sirv_gnrl_cmd_fifo.dp_gt0.vec_31_dfflr.qout_r$_DFFE_PN0P_/D
644	-0.3213	u_eI_cpu.u_eJ_core.u_eK_ifu.u_eL_ifu_ifetch.ir_rsMidx_dfflr.qout_r[N]	u_eI_cpu.u_eJ_itcm_ctrl.u_sram_icb_ctrl.u_byp_icb_cmd_buf.u_bypbuf_fifo.dp_gtK.vec_L_dfflrs.qout_r	u_e203_cpu.u_e203_core.u_e203_ifu.u_e203_ifu_ifetch.ir_rs1idx_dfflr.qout_r[3]$_DFFE_PN0P_/Q	u_e203_cpu.u_e203_itcm_ctrl.u_sram_icb_ctrl.u_byp_icb_cmd_buf.u_bypbuf_fifo.dp_gt0.vec_0_dfflrs.qout_r$_DFFE_PN1P_/D
645	-0.3211	u_eI_cpu.u_eJ_core.u_eK_exu.u_eL_exu_regfile.regfile[M].rfnoN.rf_dffl.qout_r[O]	u_eI_cpu.u_eJ_core.u_eK_ifu.u_eL_ifu_ifetch.ifu_hi_ir_dfflr.qout_r[M]	u_e203_cpu.u_e203_core.u_e203_exu.u_e203_exu_regfile.regfile[11].rfno0.rf_dffl.qout_r[31]$_DFFE_PP_/Q	u_e203_cpu.u_e203_core.u_e203_ifu.u_e203_ifu_ifetch.ifu_hi_ir_dfflr.qout_r[9]$_DFFE_PN0P_/D
646	-0.3207	u_eI_cpu.u_eJ_core.u_eK_ifu.u_eL_ifu_ifetch.ifu_lo_ir_dfflr.qout_r[M]	u_eI_cpu.u_eJ_itcm_ctrl.u_itcm_icb_extKitcm_nLw.fifo_dp_M.u_sirv_gnrl_nNw_fifo.dp_gt_O.dat_dfflr.qout_r	u_e203_cpu.u_e203_core.u_e203_ifu.u_e203_ifu_ifetch.ifu_lo_ir_dfflr.qout_r[13]$_DFFE_PN0P_/Q	u_e203_cpu.u_e203_itcm_ctrl.u_itcm_icb_ext2itcm_n2w.fifo_dp_1.u_sirv_gnrl_n2w_fifo.dp_gt_0.dat_dfflr.qout_r$_DFFE_PP_/D
647	-0.3203	u_eI_cpu.u_eJ_core.u_eK_ifu.u_eL_ifu_ifetch.ir_rsMidx_dfflr.qout_r[N]	u_eI_cpu.u_eJ_core.u_eK_ifu.u_eL_ifu_iftMicb.icb_state_dfflr.qout_r[N]	u_e203_cpu.u_e203_core.u_e203_ifu.u_e203_ifu_ifetch.ir_rs1idx_dfflr.qout_r[3]$_DFFE_PN0P_/Q	u_e203_cpu.u_e203_core.u_e203_ifu.u_e203_ifu_ift2icb.icb_state_dfflr.qout_r[1]$_DFFE_PN0P_/D
648	-0.3198	u_eI_cpu.u_eJ_core.u_eK_ifu.u_eL_ifu_ifetch.ifu_hi_ir_dfflr.qout_r[M]	u_eI_cpu.u_eJ_core.u_eK_lsu.u_eL_lsu_ctrl.excl_addr_dffl.qout_r[M]	u_e203_cpu.u_e203_core.u_e203_ifu.u_e203_ifu_ifetch.ifu_hi_ir_dfflr.qout_r[13]$_DFFE_PN0P_/Q	u_e203_cpu.u_e203_core.u_e203_lsu.u_e203_lsu_ctrl.excl_addr_dffl.qout_r[22]$_DFFE_PN0P_/D
649	-0.3198	u_eI_cpu.u_eJ_core.u_eK_lsu.u_eL_lsu_ctrl.u_eM_lsu_splt_stage.dp_gt_N.vld_dfflr.qout_r	core_wfi	u_e203_cpu.u_e203_core.u_e203_lsu.u_e203_lsu_ctrl.u_e203_lsu_splt_stage.dp_gt_0.vld_dfflr.qout_r$_DFFE_PN0P_/Q	core_wfi
650	-0.3192	u_eI_cpu.u_eJ_irq_sync.master_gen.u_ext_irq_sync.sync_gen[K].i_is_not_L.sync_dffr.qout_r	cmt_dcause[I]	u_e203_cpu.u_e203_irq_sync.master_gen.u_ext_irq_sync.sync_gen[1].i_is_not_0.sync_dffr.qout_r$_DFF_PN0_/Q	cmt_dcause[0]
651	-0.3186	u_eI_cpu.u_eJ_core.u_eK_ifu.u_eL_ifu_ifetch.ifu_err_dfflr.qout_r	u_eI_cpu.u_eJ_core.u_eK_ifu.u_eL_ifu_iftMicb.leftover_err_dfflr.qout_r	u_e203_cpu.u_e203_core.u_e203_ifu.u_e203_ifu_ifetch.ifu_err_dfflr.qout_r$_DFFE_PN0P_/Q	u_e203_cpu.u_e203_core.u_e203_ifu.u_e203_ifu_ift2icb.leftover_err_dfflr.qout_r$_DFFE_PN0P_/D
652	-0.3186	u_eI_cpu.u_eJ_core.u_eK_ifu.u_eL_ifu_ifetch.ir_rsMidx_dfflr.qout_r[N]	u_eI_cpu.u_eJ_itcm_ctrl.u_sram_icb_ctrl.u_byp_icb_cmd_buf.u_bypbuf_fifo.dp_gtK.vec_L_dfflr.qout_r	u_e203_cpu.u_e203_core.u_e203_ifu.u_e203_ifu_ifetch.ir_rs1idx_dfflr.qout_r[3]$_DFFE_PN0P_/Q	u_e203_cpu.u_e203_itcm_ctrl.u_sram_icb_ctrl.u_byp_icb_cmd_buf.u_bypbuf_fifo.dp_gt0.vec_31_dfflr.qout_r$_DFFE_PN0P_/D
653	-0.3186	u_eI_cpu.u_eJ_core.u_eK_ifu.u_eL_ifu_ifetch.ifu_hi_ir_dfflr.qout_r[M]	u_eI_cpu.u_eJ_core.u_eK_lsu.u_eL_lsu_ctrl.u_eM_lsu_splt_stage.dp_gt_N.dat_dfflr.qout_r[O]	u_e203_cpu.u_e203_core.u_e203_ifu.u_e203_ifu_ifetch.ifu_hi_ir_dfflr.qout_r[13]$_DFFE_PN0P_/Q	u_e203_cpu.u_e203_core.u_e203_lsu.u_e203_lsu_ctrl.u_e203_lsu_splt_stage.dp_gt_0.dat_dfflr.qout_r[39]$_DFFE_PP_/D
654	-0.3182	dbg_halt_r	u_eI_cpu.u_eJ_nice_core.state_dfflr.qout_r[K]	dbg_halt_r	u_e203_cpu.u_e203_nice_core.state_dfflr.qout_r[1]$_DFFE_PN0P_/D
655	-0.3179	u_eI_cpu.u_eJ_core.u_eK_ifu.u_eL_ifu_ifetch.ifu_err_dfflr.qout_r	u_eI_cpu.u_eJ_core.u_eK_ifu.u_eL_ifu_ifetch.ifu_err_dfflr.qout_r	u_e203_cpu.u_e203_core.u_e203_ifu.u_e203_ifu_ifetch.ifu_err_dfflr.qout_r$_DFFE_PN0P_/Q	u_e203_cpu.u_e203_core.u_e203_ifu.u_e203_ifu_ifetch.ifu_err_dfflr.qout_r$_DFFE_PN0P_/D
656	-0.3174	u_eI_cpu.u_eJ_irq_sync.master_gen.u_sft_irq_sync.sync_gen[K].i_is_not_L.sync_dffr.qout_r	core_wfi	u_e203_cpu.u_e203_irq_sync.master_gen.u_sft_irq_sync.sync_gen[1].i_is_not_0.sync_dffr.qout_r$_DFF_PN0_/Q	core_wfi
657	-0.3173	dbg_step_r	u_eI_cpu.u_eJ_core.u_eK_exu.u_eL_exu_commit.u_eM_exu_excp.step_req_dfflr.qout_r	dbg_step_r	u_e203_cpu.u_e203_core.u_e203_exu.u_e203_exu_commit.u_e203_exu_excp.step_req_dfflr.qout_r$_DFFE_PN0P_/D
658	-0.3167	u_eI_cpu.u_eJ_core.u_eK_ifu.u_eL_ifu_ifetch.ir_rsMidx_dfflr.qout_r[N]	u_eI_cpu.u_eJ_itcm_ctrl.ifu_holdup_dffl.qout_r	u_e203_cpu.u_e203_core.u_e203_ifu.u_e203_ifu_ifetch.ir_rs1idx_dfflr.qout_r[3]$_DFFE_PN0P_/Q	u_e203_cpu.u_e203_itcm_ctrl.ifu_holdup_dffl.qout_r$_DFFE_PN0P_/D
659	-0.3165	u_eI_cpu.u_eJ_core.u_eK_ifu.u_eL_ifu_ifetch.ir_rsMidx_dfflr.qout_r[N]	u_eI_cpu.u_eJ_core.u_eK_ifu.u_eL_ifu_iftMicb.u_eN_ifetch_rsp_bypbuf.u_bypbuf_fifo.dp_gtO.vec_P_dfflr.qout_r	u_e203_cpu.u_e203_core.u_e203_ifu.u_e203_ifu_ifetch.ir_rs1idx_dfflr.qout_r[3]$_DFFE_PN0P_/Q	u_e203_cpu.u_e203_core.u_e203_ifu.u_e203_ifu_ift2icb.u_e203_ifetch_rsp_bypbuf.u_bypbuf_fifo.dp_gt0.vec_31_dfflr.qout_r$_DFFE_PN0P_/D
660	-0.3157	u_eI_cpu.u_eJ_core.u_eK_ifu.u_eL_ifu_ifetch.ifu_lo_ir_dfflr.qout_r[M]	u_eI_cpu.u_eJ_clk_ctrl.u_dtcm_clkgate.enb	u_e203_cpu.u_e203_core.u_e203_ifu.u_e203_ifu_ifetch.ifu_lo_ir_dfflr.qout_r[13]$_DFFE_PN0P_/Q	u_e203_cpu.u_e203_clk_ctrl.u_dtcm_clkgate.enb$_DLATCH_N_/D
661	-0.3157	u_eI_cpu.u_eJ_core.u_eK_ifu.u_eL_ifu_ifetch.ir_rsMidx_dfflr.qout_r[N]	u_eI_cpu.u_eJ_itcm_ctrl.u_sram_icb_ctrl.u_sirv_Kcyc_sram_ctrl.u_eL_stage.dp_gt_M.dat_dfflr.qout_r[N]	u_e203_cpu.u_e203_core.u_e203_ifu.u_e203_ifu_ifetch.ir_rs1idx_dfflr.qout_r[3]$_DFFE_PN0P_/Q	u_e203_cpu.u_e203_itcm_ctrl.u_sram_icb_ctrl.u_sirv_1cyc_sram_ctrl.u_e1_stage.dp_gt_0.dat_dfflr.qout_r[1]$_DFFE_PP_/D
662	-0.3148	u_eI_cpu.u_eJ_core.u_eK_exu.u_eL_exu_regfile.regfile[M].rfnoN.rf_dffl.qout_r[O]	u_eI_cpu.u_eJ_core.u_eK_ifu.u_eL_ifu_iftMicb.leftover_dffl.qout_r[N]	u_e203_cpu.u_e203_core.u_e203_exu.u_e203_exu_regfile.regfile[11].rfno0.rf_dffl.qout_r[31]$_DFFE_PP_/Q	u_e203_cpu.u_e203_core.u_e203_ifu.u_e203_ifu_ift2icb.leftover_dffl.qout_r[10]$_DFFE_PP_/D
663	-0.3144	u_eI_cpu.u_eJ_core.u_eK_exu.u_eL_exu_oitf.depth_gtM.alc_ptr_dfflrs.qout_r	cmt_dcause[I]	u_e203_cpu.u_e203_core.u_e203_exu.u_e203_exu_oitf.depth_gt1.alc_ptr_dfflrs.qout_r$_DFFE_PN0P_/Q	cmt_dcause[0]
664	-0.3136	u_eI_cpu.u_eJ_core.u_eK_exu.u_eL_exu_oitf.depth_gtM.alc_ptr_flg_dfflrs.qout_r	cmt_dcause[I]	u_e203_cpu.u_e203_core.u_e203_exu.u_e203_exu_oitf.depth_gt1.alc_ptr_flg_dfflrs.qout_r$_DFFE_PN0P_/Q	cmt_dcause[0]
665	-0.3132	u_eI_cpu.u_eJ_core.u_eK_ifu.u_eL_ifu_ifetch.ifu_err_dfflr.qout_r	u_eI_srams.u_eJ_itcm_ram.u_eK_itcm_gnrl_ram.u_sirv_sim_ram.mem_r[L][M]	u_e203_cpu.u_e203_core.u_e203_ifu.u_e203_ifu_ifetch.ifu_err_dfflr.qout_r$_DFFE_PN0P_/Q	u_e203_srams.u_e203_itcm_ram.u_e203_itcm_gnrl_ram.u_sirv_sim_ram.mem_r[0][24]$_DFFE_PP_/D
666	-0.3131	u_eI_cpu.u_eJ_core.u_eK_ifu.u_eL_ifu_ifetch.ifu_lo_ir_dfflr.qout_r[M]	u_eI_cpu.u_eJ_core.u_eK_exu.u_eL_exu_oitf.depth_gtM.alc_ptr_dfflrs.qout_r	u_e203_cpu.u_e203_core.u_e203_ifu.u_e203_ifu_ifetch.ifu_lo_ir_dfflr.qout_r[13]$_DFFE_PN0P_/Q	u_e203_cpu.u_e203_core.u_e203_exu.u_e203_exu_oitf.depth_gt1.alc_ptr_dfflrs.qout_r$_DFFE_PN0P_/D
667	-0.3125	u_eI_cpu.u_eJ_core.u_eK_exu.u_eL_exu_regfile.regfile[M].rfnoN.rf_dffl.qout_r[O]	u_eI_cpu.u_eJ_core.u_eK_ifu.u_eL_ifu_ifetch.ifu_lo_ir_dfflr.qout_r[M]	u_e203_cpu.u_e203_core.u_e203_exu.u_e203_exu_regfile.regfile[11].rfno0.rf_dffl.qout_r[31]$_DFFE_PP_/Q	u_e203_cpu.u_e203_core.u_e203_ifu.u_e203_ifu_ifetch.ifu_lo_ir_dfflr.qout_r[13]$_DFFE_PN0P_/D
668	-0.3121	u_eI_cpu.u_eJ_core.u_eK_ifu.u_eL_ifu_ifetch.ifu_lo_ir_dfflr.qout_r[M]	u_eI_cpu.u_eJ_core.u_eK_exu.u_eL_exu_csr.badaddr_dfflr.qout_r[M]	u_e203_cpu.u_e203_core.u_e203_ifu.u_e203_ifu_ifetch.ifu_lo_ir_dfflr.qout_r[13]$_DFFE_PN0P_/Q	u_e203_cpu.u_e203_core.u_e203_exu.u_e203_exu_csr.badaddr_dfflr.qout_r[0]$_DFFE_PN0P_/D
669	-0.3092	u_eI_cpu.u_eJ_core.u_eK_ifu.u_eL_ifu_ifetch.ifu_lo_ir_dfflr.qout_r[M]	u_eI_cpu.u_eJ_core.u_eK_exu.u_eL_exu_oitf.oitf_entries[M].vld_dfflrs.qout_r	u_e203_cpu.u_e203_core.u_e203_ifu.u_e203_ifu_ifetch.ifu_lo_ir_dfflr.qout_r[13]$_DFFE_PN0P_/Q	u_e203_cpu.u_e203_core.u_e203_exu.u_e203_exu_oitf.oitf_entries[1].vld_dfflrs.qout_r$_DFFE_PN0P_/D
670	-0.3079	u_eI_cpu.u_eJ_core.u_eK_ifu.u_eL_ifu_ifetch.ifu_err_dfflr.qout_r	u_eI_cpu.u_eJ_core.u_eK_ifu.u_eL_ifu_ifetch.pc_dfflr.qout_r[M]	u_e203_cpu.u_e203_core.u_e203_ifu.u_e203_ifu_ifetch.ifu_err_dfflr.qout_r$_DFFE_PN0P_/Q	u_e203_cpu.u_e203_core.u_e203_ifu.u_e203_ifu_ifetch.pc_dfflr.qout_r[10]$_DFFE_PN0P_/D
671	-0.3076	u_eI_cpu.u_eJ_core.u_eK_exu.u_eL_exu_oitf.depth_gtM.ret_ptr_flg_dfflrs.qout_r	cmt_dcause[I]	u_e203_cpu.u_e203_core.u_e203_exu.u_e203_exu_oitf.depth_gt1.ret_ptr_flg_dfflrs.qout_r$_DFFE_PN0P_/Q	cmt_dcause[0]
672	-0.3068	u_eI_cpu.u_eJ_core.u_eK_ifu.u_eL_ifu_ifetch.ifu_lo_ir_dfflr.qout_r[M]	u_eI_cpu.u_eJ_core.u_eK_exu.u_eL_exu_regfile.regfile[M].rfnoN.rf_dffl.qout_r[O]	u_e203_cpu.u_e203_core.u_e203_ifu.u_e203_ifu_ifetch.ifu_lo_ir_dfflr.qout_r[13]$_DFFE_PN0P_/Q	u_e203_cpu.u_e203_core.u_e203_exu.u_e203_exu_regfile.regfile[11].rfno0.rf_dffl.qout_r[10]$_DFFE_PP_/D
673	-0.3065	u_eI_cpu.u_eJ_core.u_eK_ifu.u_eL_ifu_iftMicb.icb_state_dfflr.qout_r[N]	u_eI_cpu.u_eJ_core.u_eK_ifu.u_eL_ifu_ifetch.ifu_hi_ir_dfflr.qout_r[M]	u_e203_cpu.u_e203_core.u_e203_ifu.u_e203_ifu_ift2icb.icb_state_dfflr.qout_r[0]$_DFFE_PN0P_/Q	u_e203_cpu.u_e203_core.u_e203_ifu.u_e203_ifu_ifetch.ifu_hi_ir_dfflr.qout_r[9]$_DFFE_PN0P_/D
674	-0.3064	u_eI_cpu.u_eJ_core.u_eK_ifu.u_eL_ifu_ifetch.ifu_hi_ir_dfflr.qout_r[M]	u_eI_cpu.u_eJ_core.u_eK_lsu.u_eL_lsu_ctrl.excl_flg_dffl.qout_r	u_e203_cpu.u_e203_core.u_e203_ifu.u_e203_ifu_ifetch.ifu_hi_ir_dfflr.qout_r[13]$_DFFE_PN0P_/Q	u_e203_cpu.u_e203_core.u_e203_lsu.u_e203_lsu_ctrl.excl_flg_dffl.qout_r$_DFFE_PN0P_/D
675	-0.3062	u_eI_cpu.u_eJ_core.u_eK_ifu.u_eL_ifu_ifetch.ifu_lo_ir_dfflr.qout_r[M]	u_eI_cpu.u_eJ_core.u_eK_exu.u_eL_exu_csr.epc_dfflr.qout_r[M]	u_e203_cpu.u_e203_core.u_e203_ifu.u_e203_ifu_ifetch.ifu_lo_ir_dfflr.qout_r[13]$_DFFE_PN0P_/Q	u_e203_cpu.u_e203_core.u_e203_exu.u_e203_exu_csr.epc_dfflr.qout_r[24]$_DFFE_PN0P_/D
676	-0.3058	u_eI_cpu.u_eJ_core.u_eK_exu.u_eL_exu_oitf.depth_gtM.ret_ptr_dfflrs.qout_r	cmt_dcause[I]	u_e203_cpu.u_e203_core.u_e203_exu.u_e203_exu_oitf.depth_gt1.ret_ptr_dfflrs.qout_r$_DFFE_PN0P_/Q	cmt_dcause[0]
677	-0.3045	u_eI_cpu.u_eJ_core.u_eK_exu.u_eL_exu_alu.u_eM_exu_alu_muldiv.muldiv_state_dfflr.qout_r[N]	cmt_dpc_ena	u_e203_cpu.u_e203_core.u_e203_exu.u_e203_exu_alu.u_e203_exu_alu_muldiv.muldiv_state_dfflr.qout_r[1]$_DFFE_PN0P_/Q	cmt_dpc_ena
678	-0.3016	u_eI_cpu.u_eJ_irq_sync.master_gen.u_ext_irq_sync.sync_gen[K].i_is_not_L.sync_dffr.qout_r	core_wfi	u_e203_cpu.u_e203_irq_sync.master_gen.u_ext_irq_sync.sync_gen[1].i_is_not_0.sync_dffr.qout_r$_DFF_PN0_/Q	core_wfi
679	-0.3009	u_eI_cpu.u_eJ_irq_sync.master_gen.u_tmr_irq_sync.sync_gen[K].i_is_not_L.sync_dffr.qout_r	cmt_dpc_ena	u_e203_cpu.u_e203_irq_sync.master_gen.u_tmr_irq_sync.sync_gen[1].i_is_not_0.sync_dffr.qout_r$_DFF_PN0_/Q	cmt_dpc_ena
680	-0.3002	u_eI_cpu.u_eJ_core.u_eK_ifu.u_eL_ifu_iftMicb.icb_state_dfflr.qout_r[N]	u_eI_cpu.u_eJ_core.u_eK_ifu.u_eL_ifu_iftMicb.leftover_dffl.qout_r[N]	u_e203_cpu.u_e203_core.u_e203_ifu.u_e203_ifu_ift2icb.icb_state_dfflr.qout_r[0]$_DFFE_PN0P_/Q	u_e203_cpu.u_e203_core.u_e203_ifu.u_e203_ifu_ift2icb.leftover_dffl.qout_r[10]$_DFFE_PP_/D
681	-0.2991	u_eI_cpu.u_eJ_core.u_eK_ifu.u_eL_ifu_ifetch.ifu_hi_ir_dfflr.qout_r[M]	u_eI_cpu.u_eJ_core.u_eK_exu.u_eL_exu_oitf.oitf_entries[M].rdidx_dfflrs.qout_r[N]	u_e203_cpu.u_e203_core.u_e203_ifu.u_e203_ifu_ifetch.ifu_hi_ir_dfflr.qout_r[13]$_DFFE_PN0P_/Q	u_e203_cpu.u_e203_core.u_e203_exu.u_e203_exu_oitf.oitf_entries[1].rdidx_dfflrs.qout_r[3]$_DFFE_PP_/D
682	-0.2990	u_eI_cpu.u_eJ_core.u_eK_ifu.u_eL_ifu_ifetch.ifu_hi_ir_dfflr.qout_r[M]	u_eI_cpu.u_eJ_core.u_eK_exu.u_eL_exu_oitf.oitf_entries[M].pc_dfflrs.qout_r[N]	u_e203_cpu.u_e203_core.u_e203_ifu.u_e203_ifu_ifetch.ifu_hi_ir_dfflr.qout_r[13]$_DFFE_PN0P_/Q	u_e203_cpu.u_e203_core.u_e203_exu.u_e203_exu_oitf.oitf_entries[1].pc_dfflrs.qout_r[26]$_DFFE_PP_/D
683	-0.2989	u_eI_cpu.u_eJ_core.u_eK_ifu.u_eL_ifu_ifetch.ifu_err_dfflr.qout_r	u_eI_srams.u_eJ_dtcm_ram.u_eK_dtcm_gnrl_ram.u_sirv_sim_ram.mem_r[L][M]	u_e203_cpu.u_e203_core.u_e203_ifu.u_e203_ifu_ifetch.ifu_err_dfflr.qout_r$_DFFE_PN0P_/Q	u_e203_srams.u_e203_dtcm_ram.u_e203_dtcm_gnrl_ram.u_sirv_sim_ram.mem_r[0][10]$_DFFE_PP_/D
684	-0.2986	dbg_step_r	u_eI_cpu.u_eJ_nice_core.state_dfflr.qout_r[K]	dbg_step_r	u_e203_cpu.u_e203_nice_core.state_dfflr.qout_r[1]$_DFFE_PN0P_/D
685	-0.2979	u_eI_cpu.u_eJ_core.u_eK_ifu.u_eL_ifu_iftMicb.icb_state_dfflr.qout_r[N]	u_eI_cpu.u_eJ_core.u_eK_ifu.u_eL_ifu_ifetch.ifu_lo_ir_dfflr.qout_r[M]	u_e203_cpu.u_e203_core.u_e203_ifu.u_e203_ifu_ift2icb.icb_state_dfflr.qout_r[0]$_DFFE_PN0P_/Q	u_e203_cpu.u_e203_core.u_e203_ifu.u_e203_ifu_ifetch.ifu_lo_ir_dfflr.qout_r[13]$_DFFE_PN0P_/D
686	-0.2968	u_eI_cpu.u_eJ_core.u_eK_exu.u_eL_exu_oitf.depth_gtM.alc_ptr_dfflrs.qout_r	core_wfi	u_e203_cpu.u_e203_core.u_e203_exu.u_e203_exu_oitf.depth_gt1.alc_ptr_dfflrs.qout_r$_DFFE_PN0P_/Q	core_wfi
687	-0.2964	u_eI_cpu.u_eJ_core.u_eK_exu.u_eL_exu_csr.mie_dfflr.qout_r[M]	cmt_dpc_ena	u_e203_cpu.u_e203_core.u_e203_exu.u_e203_exu_csr.mie_dfflr.qout_r[7]$_DFFE_PN0P_/Q	cmt_dpc_ena
688	-0.2962	u_eI_cpu.u_eJ_core.u_eK_biu.u_biu_icb_arbt.arbt_num_gt_L_gen.dp_M.u_sirv_gnrl_rspid_fifo.dp_gt_N.vld_dfflr.qout_r	cmt_dcause[I]	u_e203_cpu.u_e203_core.u_e203_biu.u_biu_icb_arbt.arbt_num_gt_1_gen.dp_1.u_sirv_gnrl_rspid_fifo.dp_gt_0.vld_dfflr.qout_r$_DFFE_PN0P_/Q	cmt_dcause[0]
689	-0.2962	u_eI_cpu.u_eJ_core.u_eK_exu.u_eL_exu_regfile.regfile[M].rfnoN.rf_dffl.qout_r[O]	u_eI_cpu.u_eJ_core.u_eK_ifu.u_eL_ifu_ifetch.ir_muldiv_bMb_dfflr.qout_r	u_e203_cpu.u_e203_core.u_e203_exu.u_e203_exu_regfile.regfile[11].rfno0.rf_dffl.qout_r[31]$_DFFE_PP_/Q	u_e203_cpu.u_e203_core.u_e203_ifu.u_e203_ifu_ifetch.ir_muldiv_b2b_dfflr.qout_r$_DFFE_PN0P_/D
690	-0.2960	u_eI_cpu.u_eJ_core.u_eK_exu.u_eL_exu_oitf.depth_gtM.alc_ptr_flg_dfflrs.qout_r	core_wfi	u_e203_cpu.u_e203_core.u_e203_exu.u_e203_exu_oitf.depth_gt1.alc_ptr_flg_dfflrs.qout_r$_DFFE_PN0P_/Q	core_wfi
691	-0.2953	u_eI_cpu.u_eJ_core.u_eK_exu.u_eL_exu_regfile.regfile[M].rfnoN.rf_dffl.qout_r[O]	u_eI_cpu.u_eJ_core.u_eK_ifu.u_eL_ifu_ifetch.ir_rsMidx_dfflr.qout_r[N]	u_e203_cpu.u_e203_core.u_e203_exu.u_e203_exu_regfile.regfile[11].rfno0.rf_dffl.qout_r[31]$_DFFE_PP_/Q	u_e203_cpu.u_e203_core.u_e203_ifu.u_e203_ifu_ifetch.ir_rs1idx_dfflr.qout_r[0]$_DFFE_PN0P_/D
692	-0.2940	u_eI_cpu.u_eJ_itcm_ctrl.u_sram_icb_ctrl.u_sirv_Kcyc_sram_ctrl.u_eL_stage.dp_gt_M.vld_dfflr.qout_r	cmt_dcause[I]	u_e203_cpu.u_e203_itcm_ctrl.u_sram_icb_ctrl.u_sirv_1cyc_sram_ctrl.u_e1_stage.dp_gt_0.vld_dfflr.qout_r$_DFFE_PN0P_/Q	cmt_dcause[0]
693	-0.2917	u_eI_cpu.u_eJ_core.u_eK_biu.u_sirv_gnrl_icb_buffer.u_sirv_gnrl_rsp_fifo.dp_gtL.vec_M_dfflr.qout_r	cmt_dcause[I]	u_e203_cpu.u_e203_core.u_e203_biu.u_sirv_gnrl_icb_buffer.u_sirv_gnrl_rsp_fifo.dp_gt0.vec_31_dfflr.qout_r$_DFFE_PN0P_/Q	cmt_dcause[0]
694	-0.2916	extIdtcm_icb_rsp_ready	cmt_dcause_ena	ext2dtcm_icb_rsp_ready	cmt_dcause_ena
695	-0.2911	u_eI_cpu.u_eJ_dtcm_ctrl.u_dtcm_icb_arbt.arbt_num_gt_K_gen.dp_L.u_sirv_gnrl_rspid_fifo.dp_gt_M.vld_dfflr.qout_r	cmt_dcause[I]	u_e203_cpu.u_e203_dtcm_ctrl.u_dtcm_icb_arbt.arbt_num_gt_1_gen.dp_1.u_sirv_gnrl_rspid_fifo.dp_gt_0.vld_dfflr.qout_r$_DFFE_PN0P_/Q	cmt_dcause[0]
696	-0.2907	u_eI_cpu.u_eJ_core.u_eK_lsu.u_eL_lsu_ctrl.u_eM_lsu_splt_stage.dp_gt_N.dat_dfflr.qout_r[O]	cmt_dcause[I]	u_e203_cpu.u_e203_core.u_e203_lsu.u_e203_lsu_ctrl.u_e203_lsu_splt_stage.dp_gt_0.dat_dfflr.qout_r[43]$_DFFE_PP_/Q	cmt_dcause[0]
697	-0.2900	u_eI_cpu.u_eJ_core.u_eK_exu.u_eL_exu_oitf.depth_gtM.ret_ptr_flg_dfflrs.qout_r	core_wfi	u_e203_cpu.u_e203_core.u_e203_exu.u_e203_exu_oitf.depth_gt1.ret_ptr_flg_dfflrs.qout_r$_DFFE_PN0P_/Q	core_wfi
698	-0.2894	u_eI_cpu.u_eJ_dtcm_ctrl.u_sram_icb_ctrl.u_sirv_Kcyc_sram_ctrl.u_eL_stage.dp_gt_M.vld_dfflr.qout_r	cmt_dcause[I]	u_e203_cpu.u_e203_dtcm_ctrl.u_sram_icb_ctrl.u_sirv_1cyc_sram_ctrl.u_e1_stage.dp_gt_0.vld_dfflr.qout_r$_DFFE_PN0P_/Q	cmt_dcause[0]
699	-0.2882	u_eI_cpu.u_eJ_core.u_eK_exu.u_eL_exu_oitf.depth_gtM.ret_ptr_dfflrs.qout_r	core_wfi	u_e203_cpu.u_e203_core.u_e203_exu.u_e203_exu_oitf.depth_gt1.ret_ptr_dfflrs.qout_r$_DFFE_PN0P_/Q	core_wfi
700	-0.2870	u_eI_cpu.u_eJ_core.u_eK_lsu.u_eL_lsu_ctrl.u_eM_lsu_splt_stage.dp_gt_N.vld_dfflr.qout_r	cmt_dpc_ena	u_e203_cpu.u_e203_core.u_e203_lsu.u_e203_lsu_ctrl.u_e203_lsu_splt_stage.dp_gt_0.vld_dfflr.qout_r$_DFFE_PN0P_/Q	cmt_dpc_ena
701	-0.2849	u_eI_cpu.u_eJ_core.u_eK_ifu.u_eL_ifu_ifetch.ifu_lo_ir_dfflr.qout_r[M]	u_eI_cpu.u_eJ_core.u_eK_exu.u_eL_exu_oitf.depth_gtM.alc_ptr_flg_dfflrs.qout_r	u_e203_cpu.u_e203_core.u_e203_ifu.u_e203_ifu_ifetch.ifu_lo_ir_dfflr.qout_r[13]$_DFFE_PN0P_/Q	u_e203_cpu.u_e203_core.u_e203_exu.u_e203_exu_oitf.depth_gt1.alc_ptr_flg_dfflrs.qout_r$_DFFE_PN0P_/D
702	-0.2846	u_eI_cpu.u_eJ_core.u_eK_ifu.u_eL_ifu_ifetch.ifu_lo_ir_dfflr.qout_r[M]	u_eI_cpu.u_eJ_core.u_eK_exu.u_eL_exu_oitf.oitf_entries[M].rdwen_dfflrs.qout_r	u_e203_cpu.u_e203_core.u_e203_ifu.u_e203_ifu_ifetch.ifu_lo_ir_dfflr.qout_r[13]$_DFFE_PN0P_/Q	u_e203_cpu.u_e203_core.u_e203_exu.u_e203_exu_oitf.oitf_entries[0].rdwen_dfflrs.qout_r$_DFFE_PP_/D
703	-0.2846	u_eI_cpu.u_eJ_irq_sync.master_gen.u_sft_irq_sync.sync_gen[K].i_is_not_L.sync_dffr.qout_r	cmt_dpc_ena	u_e203_cpu.u_e203_irq_sync.master_gen.u_sft_irq_sync.sync_gen[1].i_is_not_0.sync_dffr.qout_r$_DFF_PN0_/Q	cmt_dpc_ena
704	-0.2830	u_eI_cpu.u_eJ_core.u_eK_ifu.u_eL_ifu_ifetch.ifu_err_dfflr.qout_r	u_eI_cpu.u_eJ_core.u_eK_ifu.u_eL_ifu_iftMicb.u_eN_ifetch_rsp_bypbuf.u_bypbuf_fifo.dp_gtO.fifo_rf[P].fifo_rf_dffl.qout_r[Q]	u_e203_cpu.u_e203_core.u_e203_ifu.u_e203_ifu_ifetch.ifu_err_dfflr.qout_r$_DFFE_PN0P_/Q	u_e203_cpu.u_e203_core.u_e203_ifu.u_e203_ifu_ift2icb.u_e203_ifetch_rsp_bypbuf.u_bypbuf_fifo.dp_gt0.fifo_rf[0].fifo_rf_dffl.qout_r[10]$_DFFE_PP_/D
705	-0.2825	u_eI_cpu.u_eJ_core.u_eK_exu.u_eL_exu_regfile.regfile[M].rfnoN.rf_dffl.qout_r[O]	u_eI_cpu.u_eJ_core.u_eK_ifu.u_eL_ifu_iftMicb.leftover_err_dfflr.qout_r	u_e203_cpu.u_e203_core.u_e203_exu.u_e203_exu_regfile.regfile[11].rfno0.rf_dffl.qout_r[31]$_DFFE_PP_/Q	u_e203_cpu.u_e203_core.u_e203_ifu.u_e203_ifu_ift2icb.leftover_err_dfflr.qout_r$_DFFE_PN0P_/D
706	-0.2818	u_eI_cpu.u_eJ_core.u_eK_exu.u_eL_exu_regfile.regfile[M].rfnoN.rf_dffl.qout_r[O]	u_eI_cpu.u_eJ_core.u_eK_ifu.u_eL_ifu_ifetch.ifu_err_dfflr.qout_r	u_e203_cpu.u_e203_core.u_e203_exu.u_e203_exu_regfile.regfile[11].rfno0.rf_dffl.qout_r[31]$_DFFE_PP_/Q	u_e203_cpu.u_e203_core.u_e203_ifu.u_e203_ifu_ifetch.ifu_err_dfflr.qout_r$_DFFE_PN0P_/D
707	-0.2815	u_eI_cpu.u_eJ_core.u_eK_ifu.u_eL_ifu_iftMicb.icb_state_dfflr.qout_r[N]	u_eI_cpu.u_eJ_core.u_eK_ifu.u_eL_ifu_ifetch.ir_muldiv_bMb_dfflr.qout_r	u_e203_cpu.u_e203_core.u_e203_ifu.u_e203_ifu_ift2icb.icb_state_dfflr.qout_r[0]$_DFFE_PN0P_/Q	u_e203_cpu.u_e203_core.u_e203_ifu.u_e203_ifu_ifetch.ir_muldiv_b2b_dfflr.qout_r$_DFFE_PN0P_/D
708	-0.2807	u_eI_cpu.u_eJ_core.u_eK_ifu.u_eL_ifu_ifetch.ifu_lo_ir_dfflr.qout_r[M]	u_eI_cpu.u_eJ_itcm_ctrl.u_itcm_icb_extKitcm_nLw.fifo_dp_M.u_sirv_gnrl_nNw_fifo.dp_gt_O.vld_dfflr.qout_r	u_e203_cpu.u_e203_core.u_e203_ifu.u_e203_ifu_ifetch.ifu_lo_ir_dfflr.qout_r[13]$_DFFE_PN0P_/Q	u_e203_cpu.u_e203_itcm_ctrl.u_itcm_icb_ext2itcm_n2w.fifo_dp_1.u_sirv_gnrl_n2w_fifo.dp_gt_0.vld_dfflr.qout_r$_DFFE_PN0P_/D
709	-0.2807	u_eI_cpu.u_eJ_core.u_eK_ifu.u_eL_ifu_iftMicb.icb_state_dfflr.qout_r[N]	u_eI_cpu.u_eJ_core.u_eK_ifu.u_eL_ifu_ifetch.ir_rsMidx_dfflr.qout_r[N]	u_e203_cpu.u_e203_core.u_e203_ifu.u_e203_ifu_ift2icb.icb_state_dfflr.qout_r[0]$_DFFE_PN0P_/Q	u_e203_cpu.u_e203_core.u_e203_ifu.u_e203_ifu_ifetch.ir_rs1idx_dfflr.qout_r[0]$_DFFE_PN0P_/D
710	-0.2802	u_eI_cpu.u_eJ_core.u_eK_ifu.u_eL_ifu_ifetch.ifu_err_dfflr.qout_r	u_eI_cpu.u_eJ_core.u_eK_biu.u_sirv_gnrl_icb_buffer.u_sirv_gnrl_cmd_fifo.dp_gtL.fifo_rf[M].fifo_rf_dffl.qout_r[N]	u_e203_cpu.u_e203_core.u_e203_ifu.u_e203_ifu_ifetch.ifu_err_dfflr.qout_r$_DFFE_PN0P_/Q	u_e203_cpu.u_e203_core.u_e203_biu.u_sirv_gnrl_icb_buffer.u_sirv_gnrl_cmd_fifo.dp_gt0.fifo_rf[0].fifo_rf_dffl.qout_r[52]$_DFFE_PP_/D
711	-0.2796	u_eI_cpu.u_eJ_core.u_eK_ifu.u_eL_ifu_ifetch.ir_rsMidx_dfflr.qout_r[N]	u_eI_cpu.u_eJ_dtcm_ctrl.u_sram_icb_ctrl.u_byp_icb_cmd_buf.u_bypbuf_fifo.dp_gtK.vec_L_dfflr.qout_r	u_e203_cpu.u_e203_core.u_e203_ifu.u_e203_ifu_ifetch.ir_rs1idx_dfflr.qout_r[3]$_DFFE_PN0P_/Q	u_e203_cpu.u_e203_dtcm_ctrl.u_sram_icb_ctrl.u_byp_icb_cmd_buf.u_bypbuf_fifo.dp_gt0.vec_31_dfflr.qout_r$_DFFE_PN0P_/D
712	-0.2793	u_eI_cpu.u_eJ_core.u_eK_ifu.u_eL_ifu_ifetch.ifu_hi_ir_dfflr.qout_r[M]	u_eI_cpu.u_eJ_itcm_ctrl.u_itcm_icb_extKitcm_nLw.fifo_dp_M.u_sirv_gnrl_nNw_fifo.dp_gt_O.dat_dfflr.qout_r	u_e203_cpu.u_e203_core.u_e203_ifu.u_e203_ifu_ifetch.ifu_hi_ir_dfflr.qout_r[13]$_DFFE_PN0P_/Q	u_e203_cpu.u_e203_itcm_ctrl.u_itcm_icb_ext2itcm_n2w.fifo_dp_1.u_sirv_gnrl_n2w_fifo.dp_gt_0.dat_dfflr.qout_r$_DFFE_PP_/D
713	-0.2786	u_eI_cpu.u_eJ_core.u_eK_biu.u_biu_icb_arbt.arbt_num_gt_L_gen.dp_M.u_sirv_gnrl_rspid_fifo.dp_gt_N.vld_dfflr.qout_r	core_wfi	u_e203_cpu.u_e203_core.u_e203_biu.u_biu_icb_arbt.arbt_num_gt_1_gen.dp_1.u_sirv_gnrl_rspid_fifo.dp_gt_0.vld_dfflr.qout_r$_DFFE_PN0P_/Q	core_wfi
714	-0.2770	u_eI_cpu.u_eJ_core.u_eK_exu.u_eL_exu_regfile.regfile[M].rfnoN.rf_dffl.qout_r[O]	u_eI_srams.u_eJ_itcm_ram.u_eK_itcm_gnrl_ram.u_sirv_sim_ram.mem_r[L][M]	u_e203_cpu.u_e203_core.u_e203_exu.u_e203_exu_regfile.regfile[11].rfno0.rf_dffl.qout_r[31]$_DFFE_PP_/Q	u_e203_srams.u_e203_itcm_ram.u_e203_itcm_gnrl_ram.u_sirv_sim_ram.mem_r[0][24]$_DFFE_PP_/D
715	-0.2764	u_eI_cpu.u_eJ_itcm_ctrl.u_sram_icb_ctrl.u_sirv_Kcyc_sram_ctrl.u_eL_stage.dp_gt_M.vld_dfflr.qout_r	core_wfi	u_e203_cpu.u_e203_itcm_ctrl.u_sram_icb_ctrl.u_sirv_1cyc_sram_ctrl.u_e1_stage.dp_gt_0.vld_dfflr.qout_r$_DFFE_PN0P_/Q	core_wfi
716	-0.2760	u_eI_cpu.u_eJ_core.u_eK_ifu.u_eL_ifu_ifetch.ir_rsMidx_dfflr.qout_r[N]	u_eI_cpu.u_eJ_dtcm_ctrl.u_sram_icb_ctrl.u_byp_icb_cmd_buf.u_bypbuf_fifo.dp_gtK.vec_L_dfflrs.qout_r	u_e203_cpu.u_e203_core.u_e203_ifu.u_e203_ifu_ifetch.ir_rs1idx_dfflr.qout_r[3]$_DFFE_PN0P_/Q	u_e203_cpu.u_e203_dtcm_ctrl.u_sram_icb_ctrl.u_byp_icb_cmd_buf.u_bypbuf_fifo.dp_gt0.vec_0_dfflrs.qout_r$_DFFE_PN1P_/D
717	-0.2747	u_eI_cpu.u_eJ_core.u_eK_ifu.u_eL_ifu_ifetch.ifu_err_dfflr.qout_r	u_eI_cpu.u_eJ_dtcm_ctrl.u_sram_icb_ctrl.u_byp_icb_cmd_buf.u_bypbuf_fifo.dp_gtK.fifo_rf[L].fifo_rf_dffl.qout_r[M]	u_e203_cpu.u_e203_core.u_e203_ifu.u_e203_ifu_ifetch.ifu_err_dfflr.qout_r$_DFFE_PN0P_/Q	u_e203_cpu.u_e203_dtcm_ctrl.u_sram_icb_ctrl.u_byp_icb_cmd_buf.u_bypbuf_fifo.dp_gt0.fifo_rf[0].fifo_rf_dffl.qout_r[1]$_DFFE_PP_/D
718	-0.2743	u_eI_cpu.u_eJ_core.u_eK_ifu.u_eL_ifu_ifetch.ifu_hi_ir_dfflr.qout_r[M]	u_eI_cpu.u_eJ_clk_ctrl.u_dtcm_clkgate.enb	u_e203_cpu.u_e203_core.u_e203_ifu.u_e203_ifu_ifetch.ifu_hi_ir_dfflr.qout_r[13]$_DFFE_PN0P_/Q	u_e203_cpu.u_e203_clk_ctrl.u_dtcm_clkgate.enb$_DLATCH_N_/D
719	-0.2741	u_eI_cpu.u_eJ_core.u_eK_biu.u_sirv_gnrl_icb_buffer.u_sirv_gnrl_rsp_fifo.dp_gtL.vec_M_dfflr.qout_r	core_wfi	u_e203_cpu.u_e203_core.u_e203_biu.u_sirv_gnrl_icb_buffer.u_sirv_gnrl_rsp_fifo.dp_gt0.vec_31_dfflr.qout_r$_DFFE_PN0P_/Q	core_wfi
720	-0.2735	u_eI_cpu.u_eJ_dtcm_ctrl.u_dtcm_icb_arbt.arbt_num_gt_K_gen.dp_L.u_sirv_gnrl_rspid_fifo.dp_gt_M.vld_dfflr.qout_r	core_wfi	u_e203_cpu.u_e203_dtcm_ctrl.u_dtcm_icb_arbt.arbt_num_gt_1_gen.dp_1.u_sirv_gnrl_rspid_fifo.dp_gt_0.vld_dfflr.qout_r$_DFFE_PN0P_/Q	core_wfi
721	-0.2731	u_eI_cpu.u_eJ_core.u_eK_lsu.u_eL_lsu_ctrl.u_eM_lsu_splt_stage.dp_gt_N.dat_dfflr.qout_r[O]	core_wfi	u_e203_cpu.u_e203_core.u_e203_lsu.u_e203_lsu_ctrl.u_e203_lsu_splt_stage.dp_gt_0.dat_dfflr.qout_r[43]$_DFFE_PP_/Q	core_wfi
722	-0.2730	u_eI_cpu.u_eJ_core.u_eK_biu.u_biu_icb_arbt.arbt_num_gt_L_gen.dp_M.u_sirv_gnrl_rspid_fifo.dp_gt_N.dat_dfflr.qout_r	cmt_dcause[I]	u_e203_cpu.u_e203_core.u_e203_biu.u_biu_icb_arbt.arbt_num_gt_1_gen.dp_1.u_sirv_gnrl_rspid_fifo.dp_gt_0.dat_dfflr.qout_r$_DFFE_PP_/Q	cmt_dcause[0]
723	-0.2722	u_eI_cpu.u_eJ_core.u_eK_exu.u_eL_exu_alu.u_eM_exu_alu_muldiv.exec_cnt_dfflr.qout_r[N]	cmt_dcause[I]	u_e203_cpu.u_e203_core.u_e203_exu.u_e203_exu_alu.u_e203_exu_alu_muldiv.exec_cnt_dfflr.qout_r[2]$_DFFE_PN0P_/Q	cmt_dcause[0]
724	-0.2718	u_eI_cpu.u_eJ_dtcm_ctrl.u_sram_icb_ctrl.u_sirv_Kcyc_sram_ctrl.u_eL_stage.dp_gt_M.vld_dfflr.qout_r	core_wfi	u_e203_cpu.u_e203_dtcm_ctrl.u_sram_icb_ctrl.u_sirv_1cyc_sram_ctrl.u_e1_stage.dp_gt_0.vld_dfflr.qout_r$_DFFE_PN0P_/Q	core_wfi
725	-0.2718	u_eI_cpu.u_eJ_core.u_eK_exu.u_eL_exu_regfile.regfile[M].rfnoN.rf_dffl.qout_r[O]	u_eI_cpu.u_eJ_core.u_eK_ifu.u_eL_ifu_ifetch.pc_dfflr.qout_r[M]	u_e203_cpu.u_e203_core.u_e203_exu.u_e203_exu_regfile.regfile[11].rfno0.rf_dffl.qout_r[31]$_DFFE_PP_/Q	u_e203_cpu.u_e203_core.u_e203_ifu.u_e203_ifu_ifetch.pc_dfflr.qout_r[10]$_DFFE_PN0P_/D
726	-0.2717	u_eI_cpu.u_eJ_core.u_eK_ifu.u_eL_ifu_ifetch.ifu_hi_ir_dfflr.qout_r[M]	u_eI_cpu.u_eJ_core.u_eK_exu.u_eL_exu_oitf.depth_gtM.alc_ptr_dfflrs.qout_r	u_e203_cpu.u_e203_core.u_e203_ifu.u_e203_ifu_ifetch.ifu_hi_ir_dfflr.qout_r[13]$_DFFE_PN0P_/Q	u_e203_cpu.u_e203_core.u_e203_exu.u_e203_exu_oitf.depth_gt1.alc_ptr_dfflrs.qout_r$_DFFE_PN0P_/D
727	-0.2707	u_eI_cpu.u_eJ_core.u_eK_ifu.u_eL_ifu_ifetch.ifu_hi_ir_dfflr.qout_r[M]	u_eI_cpu.u_eJ_core.u_eK_exu.u_eL_exu_csr.badaddr_dfflr.qout_r[M]	u_e203_cpu.u_e203_core.u_e203_ifu.u_e203_ifu_ifetch.ifu_hi_ir_dfflr.qout_r[13]$_DFFE_PN0P_/Q	u_e203_cpu.u_e203_core.u_e203_exu.u_e203_exu_csr.badaddr_dfflr.qout_r[0]$_DFFE_PN0P_/D
728	-0.2701	u_eI_cpu.u_eJ_core.u_eK_ifu.u_eL_ifu_ifetch.ifu_err_dfflr.qout_r	u_eI_cpu.u_eJ_core.u_eK_ifu.u_eL_ifu_iftMicb.req_lane_cross_dfflr.qout_r	u_e203_cpu.u_e203_core.u_e203_ifu.u_e203_ifu_ifetch.ifu_err_dfflr.qout_r$_DFFE_PN0P_/Q	u_e203_cpu.u_e203_core.u_e203_ifu.u_e203_ifu_ift2icb.req_lane_cross_dfflr.qout_r$_DFFE_PN0P_/D
729	-0.2701	u_eI_cpu.u_eJ_core.u_eK_ifu.u_eL_ifu_ifetch.ifu_err_dfflr.qout_r	u_eI_cpu.u_eJ_core.u_eK_ifu.u_eL_ifu_iftMicb.req_need_Nuop_dfflr.qout_r	u_e203_cpu.u_e203_core.u_e203_ifu.u_e203_ifu_ifetch.ifu_err_dfflr.qout_r$_DFFE_PN0P_/Q	u_e203_cpu.u_e203_core.u_e203_ifu.u_e203_ifu_ift2icb.req_need_0uop_dfflr.qout_r$_DFFE_PN0P_/D
730	-0.2688	u_eI_cpu.u_eJ_irq_sync.master_gen.u_ext_irq_sync.sync_gen[K].i_is_not_L.sync_dffr.qout_r	cmt_dpc_ena	u_e203_cpu.u_e203_irq_sync.master_gen.u_ext_irq_sync.sync_gen[1].i_is_not_0.sync_dffr.qout_r$_DFF_PN0_/Q	cmt_dpc_ena
731	-0.2679	u_eI_cpu.u_eJ_core.u_eK_ifu.u_eL_ifu_iftMicb.icb_state_dfflr.qout_r[N]	u_eI_cpu.u_eJ_core.u_eK_ifu.u_eL_ifu_iftMicb.leftover_err_dfflr.qout_r	u_e203_cpu.u_e203_core.u_e203_ifu.u_e203_ifu_ift2icb.icb_state_dfflr.qout_r[0]$_DFFE_PN0P_/Q	u_e203_cpu.u_e203_core.u_e203_ifu.u_e203_ifu_ift2icb.leftover_err_dfflr.qout_r$_DFFE_PN0P_/D
732	-0.2678	u_eI_cpu.u_eJ_core.u_eK_ifu.u_eL_ifu_ifetch.ifu_hi_ir_dfflr.qout_r[M]	u_eI_cpu.u_eJ_core.u_eK_exu.u_eL_exu_oitf.oitf_entries[M].vld_dfflrs.qout_r	u_e203_cpu.u_e203_core.u_e203_ifu.u_e203_ifu_ifetch.ifu_hi_ir_dfflr.qout_r[13]$_DFFE_PN0P_/Q	u_e203_cpu.u_e203_core.u_e203_exu.u_e203_exu_oitf.oitf_entries[1].vld_dfflrs.qout_r$_DFFE_PN0P_/D
733	-0.2672	u_eI_cpu.u_eJ_core.u_eK_ifu.u_eL_ifu_ifetch.ifu_lo_ir_dfflr.qout_r[M]	u_eI_cpu.u_eJ_core.u_eK_ifu.u_eL_ifu_ifetch.ifu_pc_dfflr.qout_r[M]	u_e203_cpu.u_e203_core.u_e203_ifu.u_e203_ifu_ifetch.ifu_lo_ir_dfflr.qout_r[13]$_DFFE_PN0P_/Q	u_e203_cpu.u_e203_core.u_e203_ifu.u_e203_ifu_ifetch.ifu_pc_dfflr.qout_r[14]$_DFFE_PN0P_/D
734	-0.2671	u_eI_cpu.u_eJ_core.u_eK_ifu.u_eL_ifu_iftMicb.icb_state_dfflr.qout_r[N]	u_eI_cpu.u_eJ_core.u_eK_ifu.u_eL_ifu_ifetch.ifu_err_dfflr.qout_r	u_e203_cpu.u_e203_core.u_e203_ifu.u_e203_ifu_ift2icb.icb_state_dfflr.qout_r[0]$_DFFE_PN0P_/Q	u_e203_cpu.u_e203_core.u_e203_ifu.u_e203_ifu_ifetch.ifu_err_dfflr.qout_r$_DFFE_PN0P_/D
735	-0.2658	u_eI_cpu.u_eJ_core.u_eK_ifu.u_eL_ifu_ifetch.ifu_err_dfflr.qout_r	u_eI_cpu.u_eJ_core.u_eK_exu.u_eL_exu_csr.minstreth_dfflr.qout_r[M]	u_e203_cpu.u_e203_core.u_e203_ifu.u_e203_ifu_ifetch.ifu_err_dfflr.qout_r$_DFFE_PN0P_/Q	u_e203_cpu.u_e203_core.u_e203_exu.u_e203_exu_csr.minstreth_dfflr.qout_r[29]$_DFFE_PN0P_/D
736	-0.2654	u_eI_cpu.u_eJ_core.u_eK_ifu.u_eL_ifu_ifetch.ifu_err_dfflr.qout_r	u_eI_cpu.u_eJ_core.u_eK_ifu.u_eL_ifu_ifetch.ifu_prdt_taken_dfflr.qout_r	u_e203_cpu.u_e203_core.u_e203_ifu.u_e203_ifu_ifetch.ifu_err_dfflr.qout_r$_DFFE_PN0P_/Q	u_e203_cpu.u_e203_core.u_e203_ifu.u_e203_ifu_ifetch.ifu_prdt_taken_dfflr.qout_r$_DFFE_PN0P_/D
737	-0.2654	u_eI_cpu.u_eJ_core.u_eK_ifu.u_eL_ifu_ifetch.ifu_hi_ir_dfflr.qout_r[M]	u_eI_cpu.u_eJ_core.u_eK_exu.u_eL_exu_regfile.regfile[M].rfnoN.rf_dffl.qout_r[O]	u_e203_cpu.u_e203_core.u_e203_ifu.u_e203_ifu_ifetch.ifu_hi_ir_dfflr.qout_r[13]$_DFFE_PN0P_/Q	u_e203_cpu.u_e203_core.u_e203_exu.u_e203_exu_regfile.regfile[11].rfno0.rf_dffl.qout_r[10]$_DFFE_PP_/D
738	-0.2651	u_eI_cpu.u_eJ_core.u_eK_ifu.u_eL_ifu_ifetch.ifu_err_dfflr.qout_r	u_eI_cpu.u_eJ_core.u_eK_ifu.u_eL_ifu_ifetch.pc_newpend_dfflr.qout_r	u_e203_cpu.u_e203_core.u_e203_ifu.u_e203_ifu_ifetch.ifu_err_dfflr.qout_r$_DFFE_PN0P_/Q	u_e203_cpu.u_e203_core.u_e203_ifu.u_e203_ifu_ifetch.pc_newpend_dfflr.qout_r$_DFFE_PN0P_/D
739	-0.2648	u_eI_cpu.u_eJ_core.u_eK_ifu.u_eL_ifu_ifetch.ifu_hi_ir_dfflr.qout_r[M]	u_eI_cpu.u_eJ_core.u_eK_exu.u_eL_exu_csr.epc_dfflr.qout_r[M]	u_e203_cpu.u_e203_core.u_e203_ifu.u_e203_ifu_ifetch.ifu_hi_ir_dfflr.qout_r[13]$_DFFE_PN0P_/Q	u_e203_cpu.u_e203_core.u_e203_exu.u_e203_exu_csr.epc_dfflr.qout_r[24]$_DFFE_PN0P_/D
740	-0.2643	u_eI_cpu.u_eJ_core.u_eK_lsu.u_eL_lsu_ctrl.u_lsu_icb_arbt.arbt_num_gt_M_gen.dp_N.u_sirv_gnrl_rspid_fifo.dp_gt_O.vld_dfflr.qout_r	cmt_dcause[I]	u_e203_cpu.u_e203_core.u_e203_lsu.u_e203_lsu_ctrl.u_lsu_icb_arbt.arbt_num_gt_1_gen.dp_1.u_sirv_gnrl_rspid_fifo.dp_gt_0.vld_dfflr.qout_r$_DFFE_PN0P_/Q	cmt_dcause[0]
741	-0.2639	u_eI_cpu.u_eJ_core.u_eK_exu.u_eL_exu_oitf.depth_gtM.alc_ptr_dfflrs.qout_r	cmt_dpc_ena	u_e203_cpu.u_e203_core.u_e203_exu.u_e203_exu_oitf.depth_gt1.alc_ptr_dfflrs.qout_r$_DFFE_PN0P_/Q	cmt_dpc_ena
742	-0.2632	u_eI_cpu.u_eJ_core.u_eK_exu.u_eL_exu_oitf.depth_gtM.alc_ptr_flg_dfflrs.qout_r	cmt_dpc_ena	u_e203_cpu.u_e203_core.u_e203_exu.u_e203_exu_oitf.depth_gt1.alc_ptr_flg_dfflrs.qout_r$_DFFE_PN0P_/Q	cmt_dpc_ena
743	-0.2628	u_eI_cpu.u_eJ_core.u_eK_exu.u_eL_exu_regfile.regfile[M].rfnoN.rf_dffl.qout_r[O]	u_eI_srams.u_eJ_dtcm_ram.u_eK_dtcm_gnrl_ram.u_sirv_sim_ram.mem_r[L][M]	u_e203_cpu.u_e203_core.u_e203_exu.u_e203_exu_regfile.regfile[11].rfno0.rf_dffl.qout_r[31]$_DFFE_PP_/Q	u_e203_srams.u_e203_dtcm_ram.u_e203_dtcm_gnrl_ram.u_sirv_sim_ram.mem_r[0][10]$_DFFE_PP_/D
744	-0.2627	u_eI_cpu.u_eJ_itcm_ctrl.u_itcm_icb_arbt.arbt_num_gt_K_gen.dp_L.u_sirv_gnrl_rspid_fifo.dp_gt_M.vld_dfflr.qout_r	cmt_dcause[I]	u_e203_cpu.u_e203_itcm_ctrl.u_itcm_icb_arbt.arbt_num_gt_1_gen.dp_1.u_sirv_gnrl_rspid_fifo.dp_gt_0.vld_dfflr.qout_r$_DFFE_PN0P_/Q	cmt_dcause[0]
745	-0.2612	u_eI_cpu.u_eJ_core.u_eK_ifu.u_eL_ifu_ifetch.ifu_lo_ir_dfflr.qout_r[M]	u_eI_cpu.u_eJ_itcm_ctrl.u_itcm_icb_arbt.arbt_num_gt_K_gen.dp_L.u_sirv_gnrl_rspid_fifo.dp_gt_M.vld_dfflr.qout_r	u_e203_cpu.u_e203_core.u_e203_ifu.u_e203_ifu_ifetch.ifu_lo_ir_dfflr.qout_r[13]$_DFFE_PN0P_/Q	u_e203_cpu.u_e203_itcm_ctrl.u_itcm_icb_arbt.arbt_num_gt_1_gen.dp_1.u_sirv_gnrl_rspid_fifo.dp_gt_0.vld_dfflr.qout_r$_DFFE_PN0P_/D
746	-0.2598	u_eI_cpu.u_eJ_dtcm_ctrl.u_dtcm_icb_arbt.arbt_num_gt_K_gen.dp_L.u_sirv_gnrl_rspid_fifo.dp_gt_M.dat_dfflr.qout_r	cmt_dcause[I]	u_e203_cpu.u_e203_dtcm_ctrl.u_dtcm_icb_arbt.arbt_num_gt_1_gen.dp_1.u_sirv_gnrl_rspid_fifo.dp_gt_0.dat_dfflr.qout_r$_DFFE_PP_/Q	cmt_dcause[0]
747	-0.2581	u_eI_cpu.u_eJ_core.u_eK_ifu.u_eL_ifu_ifetch.ifu_err_dfflr.qout_r	u_eI_cpu.u_eJ_clk_ctrl.u_itcm_clkgate.enb	u_e203_cpu.u_e203_core.u_e203_ifu.u_e203_ifu_ifetch.ifu_err_dfflr.qout_r$_DFFE_PN0P_/Q	u_e203_cpu.u_e203_clk_ctrl.u_itcm_clkgate.enb$_DLATCH_N_/D
748	-0.2575	u_eI_cpu.u_eJ_core.u_eK_ifu.u_eL_ifu_ifetch.ifu_lo_ir_dfflr.qout_r[M]	u_eI_cpu.u_eJ_dtcm_ctrl.u_dtcm_icb_arbt.arbt_num_gt_K_gen.dp_L.u_sirv_gnrl_rspid_fifo.dp_gt_M.dat_dfflr.qout_r	u_e203_cpu.u_e203_core.u_e203_ifu.u_e203_ifu_ifetch.ifu_lo_ir_dfflr.qout_r[13]$_DFFE_PN0P_/Q	u_e203_cpu.u_e203_dtcm_ctrl.u_dtcm_icb_arbt.arbt_num_gt_1_gen.dp_1.u_sirv_gnrl_rspid_fifo.dp_gt_0.dat_dfflr.qout_r$_DFFE_PP_/D
749	-0.2572	u_eI_cpu.u_eJ_core.u_eK_exu.u_eL_exu_oitf.depth_gtM.ret_ptr_flg_dfflrs.qout_r	cmt_dpc_ena	u_e203_cpu.u_e203_core.u_e203_exu.u_e203_exu_oitf.depth_gt1.ret_ptr_flg_dfflrs.qout_r$_DFFE_PN0P_/Q	cmt_dpc_ena
750	-0.2571	u_eI_cpu.u_eJ_core.u_eK_ifu.u_eL_ifu_iftMicb.icb_state_dfflr.qout_r[N]	u_eI_cpu.u_eJ_core.u_eK_ifu.u_eL_ifu_ifetch.pc_dfflr.qout_r[M]	u_e203_cpu.u_e203_core.u_e203_ifu.u_e203_ifu_ift2icb.icb_state_dfflr.qout_r[0]$_DFFE_PN0P_/Q	u_e203_cpu.u_e203_core.u_e203_ifu.u_e203_ifu_ifetch.pc_dfflr.qout_r[10]$_DFFE_PN0P_/D
751	-0.2570	u_eI_cpu.u_eJ_core.u_eK_ifu.u_eL_ifu_ifetch.ir_rsMidx_dfflr.qout_r[N]	u_eI_cpu.u_eJ_core.u_eK_exu.u_eL_exu_alu.u_eM_exu_alu_dpath.sbf_N_dffl.qout_r[O]	u_e203_cpu.u_e203_core.u_e203_ifu.u_e203_ifu_ifetch.ir_rs1idx_dfflr.qout_r[3]$_DFFE_PN0P_/Q	u_e203_cpu.u_e203_core.u_e203_exu.u_e203_exu_alu.u_e203_exu_alu_dpath.sbf_0_dffl.qout_r[32]$_SDFFCE_PN0P_/D
752	-0.2560	u_eI_cpu.u_eJ_core.u_eK_ifu.u_eL_ifu_ifetch.ifu_lo_ir_dfflr.qout_r[M]	u_eI_cpu.u_eJ_core.u_eK_exu.u_eL_exu_alu.u_eM_exu_alu_lsuagu.icb_state_dfflr.qout_r[N]	u_e203_cpu.u_e203_core.u_e203_ifu.u_e203_ifu_ifetch.ifu_lo_ir_dfflr.qout_r[13]$_DFFE_PN0P_/Q	u_e203_cpu.u_e203_core.u_e203_exu.u_e203_exu_alu.u_e203_exu_alu_lsuagu.icb_state_dfflr.qout_r[0]$_DFFE_PN0P_/D
753	-0.2554	u_eI_cpu.u_eJ_core.u_eK_exu.u_eL_exu_oitf.depth_gtM.ret_ptr_dfflrs.qout_r	cmt_dpc_ena	u_e203_cpu.u_e203_core.u_e203_exu.u_e203_exu_oitf.depth_gt1.ret_ptr_dfflrs.qout_r$_DFFE_PN0P_/Q	cmt_dpc_ena
754	-0.2554	u_eI_cpu.u_eJ_core.u_eK_biu.u_biu_icb_arbt.arbt_num_gt_L_gen.dp_M.u_sirv_gnrl_rspid_fifo.dp_gt_N.dat_dfflr.qout_r	core_wfi	u_e203_cpu.u_e203_core.u_e203_biu.u_biu_icb_arbt.arbt_num_gt_1_gen.dp_1.u_sirv_gnrl_rspid_fifo.dp_gt_0.dat_dfflr.qout_r$_DFFE_PP_/Q	core_wfi
755	-0.2546	u_eI_cpu.u_eJ_core.u_eK_exu.u_eL_exu_alu.u_eM_exu_alu_muldiv.exec_cnt_dfflr.qout_r[N]	core_wfi	u_e203_cpu.u_e203_core.u_e203_exu.u_e203_exu_alu.u_e203_exu_alu_muldiv.exec_cnt_dfflr.qout_r[2]$_DFFE_PN0P_/Q	core_wfi
756	-0.2541	u_eI_cpu.u_eJ_core.u_eK_ifu.u_eL_ifu_ifetch.ifu_err_dfflr.qout_r	u_eI_cpu.u_eJ_clk_ctrl.u_biu_clkgate.enb	u_e203_cpu.u_e203_core.u_e203_ifu.u_e203_ifu_ifetch.ifu_err_dfflr.qout_r$_DFFE_PN0P_/Q	u_e203_cpu.u_e203_clk_ctrl.u_biu_clkgate.enb$_DLATCH_N_/D
757	-0.2533	u_eI_cpu.u_eJ_core.u_eK_ifu.u_eL_ifu_ifetch.ifu_err_dfflr.qout_r	u_eI_cpu.u_eJ_core.u_eK_ifu.u_eL_ifu_iftMicb.icb_addr_N_O_dffl.qout_r[P]	u_e203_cpu.u_e203_core.u_e203_ifu.u_e203_ifu_ifetch.ifu_err_dfflr.qout_r$_DFFE_PN0P_/Q	u_e203_cpu.u_e203_core.u_e203_ifu.u_e203_ifu_ift2icb.icb_addr_2_1_dffl.qout_r[1]$_DFFE_PP_/D
758	-0.2529	u_eI_cpu.u_eJ_core.u_eK_ifu.u_eL_ifu_ifetch.ifu_err_dfflr.qout_r	u_eI_cpu.u_eJ_core.u_eK_biu.u_biu_icb_arbt.arbt_num_gt_L_gen.dp_M.u_sirv_gnrl_rspid_fifo.dp_gt_N.dat_dfflr.qout_r	u_e203_cpu.u_e203_core.u_e203_ifu.u_e203_ifu_ifetch.ifu_err_dfflr.qout_r$_DFFE_PN0P_/Q	u_e203_cpu.u_e203_core.u_e203_biu.u_biu_icb_arbt.arbt_num_gt_1_gen.dp_1.u_sirv_gnrl_rspid_fifo.dp_gt_0.dat_dfflr.qout_r$_DFFE_PP_/D
759	-0.2523	u_eI_cpu.u_eJ_core.u_eK_ifu.u_eL_ifu_ifetch.ifu_err_dfflr.qout_r	u_eI_cpu.u_eJ_core.u_eK_ifu.u_eL_ifu_ifetch.out_flag_dfflr.qout_r	u_e203_cpu.u_e203_core.u_e203_ifu.u_e203_ifu_ifetch.ifu_err_dfflr.qout_r$_DFFE_PN0P_/Q	u_e203_cpu.u_e203_core.u_e203_ifu.u_e203_ifu_ifetch.out_flag_dfflr.qout_r$_DFFE_PN0P_/D
760	-0.2488	u_eI_cpu.u_eJ_core.u_eK_ifu.u_eL_ifu_ifetch.ifu_lo_ir_dfflr.qout_r[M]	u_eI_cpu.u_eJ_core.u_eK_exu.u_eL_exu_alu.u_eM_exu_alu_muldiv.part_prdt_sftN_dfflr.qout_r	u_e203_cpu.u_e203_core.u_e203_ifu.u_e203_ifu_ifetch.ifu_lo_ir_dfflr.qout_r[13]$_DFFE_PN0P_/Q	u_e203_cpu.u_e203_core.u_e203_exu.u_e203_exu_alu.u_e203_exu_alu_muldiv.part_prdt_sft1_dfflr.qout_r$_DFFE_PN0P_/D
761	-0.2484	u_eI_cpu.u_eJ_core.u_eK_ifu.u_eL_ifu_ifetch.ifu_lo_ir_dfflr.qout_r[M]	u_eI_cpu.u_eJ_clk_ctrl.dtcm_active_dffr.qout_r	u_e203_cpu.u_e203_core.u_e203_ifu.u_e203_ifu_ifetch.ifu_lo_ir_dfflr.qout_r[13]$_DFFE_PN0P_/Q	u_e203_cpu.u_e203_clk_ctrl.dtcm_active_dffr.qout_r$_DFF_PN0_/D
762	-0.2484	u_eI_cpu.u_eJ_core.u_eK_lsu.u_eL_lsu_ctrl.u_lsu_icb_arbt.arbt_num_gt_M_gen.dp_N.u_sirv_gnrl_rspid_fifo.dp_gt_O.dat_dfflr.qout_r	cmt_dcause[I]	u_e203_cpu.u_e203_core.u_e203_lsu.u_e203_lsu_ctrl.u_lsu_icb_arbt.arbt_num_gt_1_gen.dp_1.u_sirv_gnrl_rspid_fifo.dp_gt_0.dat_dfflr.qout_r$_DFFE_PP_/Q	cmt_dcause[0]
763	-0.2478	u_eI_cpu.u_eJ_core.u_eK_ifu.u_eL_ifu_ifetch.ir_muldiv_bMb_dfflr.qout_r	cmt_dcause[I]	u_e203_cpu.u_e203_core.u_e203_ifu.u_e203_ifu_ifetch.ir_muldiv_b2b_dfflr.qout_r$_DFFE_PN0P_/Q	cmt_dcause[0]
764	-0.2476	u_eI_cpu.u_eJ_core.u_eK_ifu.u_eL_ifu_ifetch.ir_rsMidx_dfflr.qout_r[N]	u_eI_cpu.u_eJ_core.u_eK_lsu.u_eL_lsu_ctrl.excl_addr_dffl.qout_r[M]	u_e203_cpu.u_e203_core.u_e203_ifu.u_e203_ifu_ifetch.ir_rs1idx_dfflr.qout_r[3]$_DFFE_PN0P_/Q	u_e203_cpu.u_e203_core.u_e203_lsu.u_e203_lsu_ctrl.excl_addr_dffl.qout_r[22]$_DFFE_PN0P_/D
765	-0.2474	u_eI_cpu.u_eJ_core.u_eK_ifu.u_eL_ifu_ifetch.ifu_err_dfflr.qout_r	u_eI_cpu.u_eJ_itcm_ctrl.u_sram_icb_ctrl.u_byp_icb_cmd_buf.u_bypbuf_fifo.dp_gtK.fifo_rf[L].fifo_rf_dffl.qout_r[M]	u_e203_cpu.u_e203_core.u_e203_ifu.u_e203_ifu_ifetch.ifu_err_dfflr.qout_r$_DFFE_PN0P_/Q	u_e203_cpu.u_e203_itcm_ctrl.u_sram_icb_ctrl.u_byp_icb_cmd_buf.u_bypbuf_fifo.dp_gt0.fifo_rf[0].fifo_rf_dffl.qout_r[44]$_DFFE_PP_/D
766	-0.2469	u_eI_cpu.u_eJ_core.u_eK_exu.u_eL_exu_regfile.regfile[M].rfnoN.rf_dffl.qout_r[O]	u_eI_cpu.u_eJ_core.u_eK_ifu.u_eL_ifu_iftMicb.u_eN_ifetch_rsp_bypbuf.u_bypbuf_fifo.dp_gtO.fifo_rf[P].fifo_rf_dffl.qout_r[Q]	u_e203_cpu.u_e203_core.u_e203_exu.u_e203_exu_regfile.regfile[11].rfno0.rf_dffl.qout_r[31]$_DFFE_PP_/Q	u_e203_cpu.u_e203_core.u_e203_ifu.u_e203_ifu_ift2icb.u_e203_ifetch_rsp_bypbuf.u_bypbuf_fifo.dp_gt0.fifo_rf[0].fifo_rf_dffl.qout_r[10]$_DFFE_PP_/D
767	-0.2467	u_eI_cpu.u_eJ_core.u_eK_lsu.u_eL_lsu_ctrl.u_lsu_icb_arbt.arbt_num_gt_M_gen.dp_N.u_sirv_gnrl_rspid_fifo.dp_gt_O.vld_dfflr.qout_r	core_wfi	u_e203_cpu.u_e203_core.u_e203_lsu.u_e203_lsu_ctrl.u_lsu_icb_arbt.arbt_num_gt_1_gen.dp_1.u_sirv_gnrl_rspid_fifo.dp_gt_0.vld_dfflr.qout_r$_DFFE_PN0P_/Q	core_wfi
768	-0.2464	u_eI_cpu.u_eJ_core.u_eK_ifu.u_eL_ifu_ifetch.ir_rsMidx_dfflr.qout_r[N]	u_eI_cpu.u_eJ_core.u_eK_lsu.u_eL_lsu_ctrl.u_eM_lsu_splt_stage.dp_gt_N.dat_dfflr.qout_r[O]	u_e203_cpu.u_e203_core.u_e203_ifu.u_e203_ifu_ifetch.ir_rs1idx_dfflr.qout_r[3]$_DFFE_PN0P_/Q	u_e203_cpu.u_e203_core.u_e203_lsu.u_e203_lsu_ctrl.u_e203_lsu_splt_stage.dp_gt_0.dat_dfflr.qout_r[39]$_DFFE_PP_/D
769	-0.2457	u_eI_cpu.u_eJ_core.u_eK_biu.u_biu_icb_arbt.arbt_num_gt_L_gen.dp_M.u_sirv_gnrl_rspid_fifo.dp_gt_N.vld_dfflr.qout_r	cmt_dpc_ena	u_e203_cpu.u_e203_core.u_e203_biu.u_biu_icb_arbt.arbt_num_gt_1_gen.dp_1.u_sirv_gnrl_rspid_fifo.dp_gt_0.vld_dfflr.qout_r$_DFFE_PN0P_/Q	cmt_dpc_ena
770	-0.2451	u_eI_cpu.u_eJ_itcm_ctrl.u_itcm_icb_arbt.arbt_num_gt_K_gen.dp_L.u_sirv_gnrl_rspid_fifo.dp_gt_M.vld_dfflr.qout_r	core_wfi	u_e203_cpu.u_e203_itcm_ctrl.u_itcm_icb_arbt.arbt_num_gt_1_gen.dp_1.u_sirv_gnrl_rspid_fifo.dp_gt_0.vld_dfflr.qout_r$_DFFE_PN0P_/Q	core_wfi
771	-0.2441	u_eI_cpu.u_eJ_core.u_eK_exu.u_eL_exu_regfile.regfile[M].rfnoN.rf_dffl.qout_r[O]	u_eI_cpu.u_eJ_core.u_eK_biu.u_sirv_gnrl_icb_buffer.u_sirv_gnrl_cmd_fifo.dp_gtL.fifo_rf[M].fifo_rf_dffl.qout_r[N]	u_e203_cpu.u_e203_core.u_e203_exu.u_e203_exu_regfile.regfile[11].rfno0.rf_dffl.qout_r[31]$_DFFE_PP_/Q	u_e203_cpu.u_e203_core.u_e203_biu.u_sirv_gnrl_icb_buffer.u_sirv_gnrl_cmd_fifo.dp_gt0.fifo_rf[0].fifo_rf_dffl.qout_r[52]$_DFFE_PP_/D
772	-0.2436	u_eI_cpu.u_eJ_core.u_eK_ifu.u_eL_ifu_ifetch.ifu_err_dfflr.qout_r	u_eI_cpu.u_eJ_core.u_eK_ifu.u_eL_ifu_iftMicb.icbNmem_dfflr.qout_r	u_e203_cpu.u_e203_core.u_e203_ifu.u_e203_ifu_ifetch.ifu_err_dfflr.qout_r$_DFFE_PN0P_/Q	u_e203_cpu.u_e203_core.u_e203_ifu.u_e203_ifu_ift2icb.icb2mem_dfflr.qout_r$_DFFE_PN0P_/D
773	-0.2435	u_eI_cpu.u_eJ_itcm_ctrl.u_sram_icb_ctrl.u_sirv_Kcyc_sram_ctrl.u_eL_stage.dp_gt_M.vld_dfflr.qout_r	cmt_dpc_ena	u_e203_cpu.u_e203_itcm_ctrl.u_sram_icb_ctrl.u_sirv_1cyc_sram_ctrl.u_e1_stage.dp_gt_0.vld_dfflr.qout_r$_DFFE_PN0P_/Q	cmt_dpc_ena
774	-0.2435	u_eI_cpu.u_eJ_core.u_eK_ifu.u_eL_ifu_ifetch.ifu_hi_ir_dfflr.qout_r[M]	u_eI_cpu.u_eJ_core.u_eK_exu.u_eL_exu_oitf.depth_gtM.alc_ptr_flg_dfflrs.qout_r	u_e203_cpu.u_e203_core.u_e203_ifu.u_e203_ifu_ifetch.ifu_hi_ir_dfflr.qout_r[13]$_DFFE_PN0P_/Q	u_e203_cpu.u_e203_core.u_e203_exu.u_e203_exu_oitf.depth_gt1.alc_ptr_flg_dfflrs.qout_r$_DFFE_PN0P_/D
775	-0.2432	u_eI_cpu.u_eJ_core.u_eK_ifu.u_eL_ifu_ifetch.ifu_hi_ir_dfflr.qout_r[M]	u_eI_cpu.u_eJ_core.u_eK_exu.u_eL_exu_oitf.oitf_entries[M].rdwen_dfflrs.qout_r	u_e203_cpu.u_e203_core.u_e203_ifu.u_e203_ifu_ifetch.ifu_hi_ir_dfflr.qout_r[13]$_DFFE_PN0P_/Q	u_e203_cpu.u_e203_core.u_e203_exu.u_e203_exu_oitf.oitf_entries[0].rdwen_dfflrs.qout_r$_DFFE_PP_/D
776	-0.2431	u_eI_cpu.u_eJ_core.u_eK_ifu.u_eL_ifu_ifetch.ifu_lo_ir_dfflr.qout_r[M]	u_eI_cpu.u_eJ_itcm_ctrl.u_itcm_icb_arbt.arbt_num_gt_K_gen.dp_L.u_sirv_gnrl_rspid_fifo.dp_gt_M.dat_dfflr.qout_r	u_e203_cpu.u_e203_core.u_e203_ifu.u_e203_ifu_ifetch.ifu_lo_ir_dfflr.qout_r[13]$_DFFE_PN0P_/Q	u_e203_cpu.u_e203_itcm_ctrl.u_itcm_icb_arbt.arbt_num_gt_1_gen.dp_1.u_sirv_gnrl_rspid_fifo.dp_gt_0.dat_dfflr.qout_r$_DFFE_PP_/D
777	-0.2426	u_eI_cpu.u_eJ_core.u_eK_ifu.u_eL_ifu_ifetch.ifu_err_dfflr.qout_r	u_eI_cpu.u_eJ_core.u_eK_ifu.u_eL_ifu_ifetch.ir_valid_dfflr.qout_r	u_e203_cpu.u_e203_core.u_e203_ifu.u_e203_ifu_ifetch.ifu_err_dfflr.qout_r$_DFFE_PN0P_/Q	u_e203_cpu.u_e203_core.u_e203_ifu.u_e203_ifu_ifetch.ir_valid_dfflr.qout_r$_DFFE_PN0P_/D
778	-0.2426	u_eI_cpu.u_eJ_core.u_eK_ifu.u_eL_ifu_ifetch.ifu_lo_ir_dfflr.qout_r[M]	u_eI_cpu.u_eJ_core.u_eK_exu.u_eL_exu_csr.status_mpie_dfflr.qout_r	u_e203_cpu.u_e203_core.u_e203_ifu.u_e203_ifu_ifetch.ifu_lo_ir_dfflr.qout_r[13]$_DFFE_PN0P_/Q	u_e203_cpu.u_e203_core.u_e203_exu.u_e203_exu_csr.status_mpie_dfflr.qout_r$_DFFE_PN0P_/D
779	-0.2422	u_eI_cpu.u_eJ_dtcm_ctrl.u_dtcm_icb_arbt.arbt_num_gt_K_gen.dp_L.u_sirv_gnrl_rspid_fifo.dp_gt_M.dat_dfflr.qout_r	core_wfi	u_e203_cpu.u_e203_dtcm_ctrl.u_dtcm_icb_arbt.arbt_num_gt_1_gen.dp_1.u_sirv_gnrl_rspid_fifo.dp_gt_0.dat_dfflr.qout_r$_DFFE_PP_/Q	core_wfi
780	-0.2422	u_eI_cpu.u_eJ_irq_sync.master_gen.u_dbg_irq_sync.sync_gen[K].i_is_not_L.sync_dffr.qout_r	cmt_dcause[I]	u_e203_cpu.u_e203_irq_sync.master_gen.u_dbg_irq_sync.sync_gen[1].i_is_not_0.sync_dffr.qout_r$_DFF_PN0_/Q	cmt_dcause[0]
781	-0.2415	dbg_ebreakm_r	cmt_dcause_ena	dbg_ebreakm_r	cmt_dcause_ena
782	-0.2412	u_eI_cpu.u_eJ_core.u_eK_biu.u_sirv_gnrl_icb_buffer.u_sirv_gnrl_rsp_fifo.dp_gtL.vec_M_dfflr.qout_r	cmt_dpc_ena	u_e203_cpu.u_e203_core.u_e203_biu.u_sirv_gnrl_icb_buffer.u_sirv_gnrl_rsp_fifo.dp_gt0.vec_31_dfflr.qout_r$_DFFE_PN0P_/Q	cmt_dpc_ena
783	-0.2406	u_eI_cpu.u_eJ_core.u_eK_ifu.u_eL_ifu_ifetch.ifu_err_dfflr.qout_r	u_eI_cpu.u_eJ_core.u_eK_ifu.u_eL_ifu_iftMicb.req_same_cross_holdup_dfflr.qout_r	u_e203_cpu.u_e203_core.u_e203_ifu.u_e203_ifu_ifetch.ifu_err_dfflr.qout_r$_DFFE_PN0P_/Q	u_e203_cpu.u_e203_core.u_e203_ifu.u_e203_ifu_ift2icb.req_same_cross_holdup_dfflr.qout_r$_DFFE_PN0P_/D
784	-0.2406	u_eI_cpu.u_eJ_dtcm_ctrl.u_dtcm_icb_arbt.arbt_num_gt_K_gen.dp_L.u_sirv_gnrl_rspid_fifo.dp_gt_M.vld_dfflr.qout_r	cmt_dpc_ena	u_e203_cpu.u_e203_dtcm_ctrl.u_dtcm_icb_arbt.arbt_num_gt_1_gen.dp_1.u_sirv_gnrl_rspid_fifo.dp_gt_0.vld_dfflr.qout_r$_DFFE_PN0P_/Q	cmt_dpc_ena
785	-0.2403	u_eI_cpu.u_eJ_core.u_eK_biu.u_sirv_gnrl_icb_buffer.u_sirv_gnrl_rsp_fifo.dp_gtL.fifo_rf[M].fifo_rf_dffl.qout_r[N]	cmt_dcause[I]	u_e203_cpu.u_e203_core.u_e203_biu.u_sirv_gnrl_icb_buffer.u_sirv_gnrl_rsp_fifo.dp_gt0.fifo_rf[0].fifo_rf_dffl.qout_r[34]$_DFFE_PP_/Q	cmt_dcause[0]
786	-0.2403	u_eI_cpu.u_eJ_core.u_eK_lsu.u_eL_lsu_ctrl.u_eM_lsu_splt_stage.dp_gt_N.dat_dfflr.qout_r[O]	cmt_dpc_ena	u_e203_cpu.u_e203_core.u_e203_lsu.u_e203_lsu_ctrl.u_e203_lsu_splt_stage.dp_gt_0.dat_dfflr.qout_r[43]$_DFFE_PP_/Q	cmt_dpc_ena
787	-0.2402	u_eI_cpu.u_eJ_itcm_ctrl.u_sram_icb_ctrl.u_sirv_Kcyc_sram_ctrl.u_eL_stage.dp_gt_M.dat_dfflr.qout_r[N]	cmt_dcause[I]	u_e203_cpu.u_e203_itcm_ctrl.u_sram_icb_ctrl.u_sirv_1cyc_sram_ctrl.u_e1_stage.dp_gt_0.dat_dfflr.qout_r[1]$_DFFE_PP_/QN	cmt_dcause[0]
788	-0.2393	u_eI_cpu.u_eJ_core.u_eK_ifu.u_eL_ifu_ifetch.ifu_hi_ir_dfflr.qout_r[M]	u_eI_cpu.u_eJ_itcm_ctrl.u_itcm_icb_extKitcm_nLw.fifo_dp_M.u_sirv_gnrl_nNw_fifo.dp_gt_O.vld_dfflr.qout_r	u_e203_cpu.u_e203_core.u_e203_ifu.u_e203_ifu_ifetch.ifu_hi_ir_dfflr.qout_r[13]$_DFFE_PN0P_/Q	u_e203_cpu.u_e203_itcm_ctrl.u_itcm_icb_ext2itcm_n2w.fifo_dp_1.u_sirv_gnrl_n2w_fifo.dp_gt_0.vld_dfflr.qout_r$_DFFE_PN0P_/D
789	-0.2390	u_eI_cpu.u_eJ_dtcm_ctrl.u_sram_icb_ctrl.u_sirv_Kcyc_sram_ctrl.u_eL_stage.dp_gt_M.vld_dfflr.qout_r	cmt_dpc_ena	u_e203_cpu.u_e203_dtcm_ctrl.u_sram_icb_ctrl.u_sirv_1cyc_sram_ctrl.u_e1_stage.dp_gt_0.vld_dfflr.qout_r$_DFFE_PN0P_/Q	cmt_dpc_ena
790	-0.2389	u_eI_cpu.u_eJ_core.u_eK_ifu.u_eL_ifu_ifetch.ifu_err_dfflr.qout_r	u_eI_cpu.u_eJ_core.u_eK_biu.u_sirv_gnrl_icb_buffer.outs_cnt_dfflr.qout_r	u_e203_cpu.u_e203_core.u_e203_ifu.u_e203_ifu_ifetch.ifu_err_dfflr.qout_r$_DFFE_PN0P_/Q	u_e203_cpu.u_e203_core.u_e203_biu.u_sirv_gnrl_icb_buffer.outs_cnt_dfflr.qout_r$_DFFE_PN0P_/D
791	-0.2386	u_eI_cpu.u_eJ_core.u_eK_exu.u_eL_exu_regfile.regfile[M].rfnoN.rf_dffl.qout_r[O]	u_eI_cpu.u_eJ_dtcm_ctrl.u_sram_icb_ctrl.u_byp_icb_cmd_buf.u_bypbuf_fifo.dp_gtK.fifo_rf[L].fifo_rf_dffl.qout_r[M]	u_e203_cpu.u_e203_core.u_e203_exu.u_e203_exu_regfile.regfile[11].rfno0.rf_dffl.qout_r[31]$_DFFE_PP_/Q	u_e203_cpu.u_e203_dtcm_ctrl.u_sram_icb_ctrl.u_byp_icb_cmd_buf.u_bypbuf_fifo.dp_gt0.fifo_rf[0].fifo_rf_dffl.qout_r[1]$_DFFE_PP_/D
792	-0.2385	u_eI_cpu.u_eJ_core.u_eK_ifu.u_eL_ifu_ifetch.ifu_err_dfflr.qout_r	u_eI_cpu.u_eJ_core.u_eK_biu.u_sirv_gnrl_icb_buffer.u_sirv_gnrl_cmd_fifo.dp_gtL.vec_M_dfflrs.qout_r	u_e203_cpu.u_e203_core.u_e203_ifu.u_e203_ifu_ifetch.ifu_err_dfflr.qout_r$_DFFE_PN0P_/Q	u_e203_cpu.u_e203_core.u_e203_biu.u_sirv_gnrl_icb_buffer.u_sirv_gnrl_cmd_fifo.dp_gt0.vec_0_dfflrs.qout_r$_DFFE_PN1P_/D
793	-0.2371	u_eI_cpu.u_eJ_itcm_ctrl.u_itcm_icb_arbt.arbt_num_gt_K_gen.dp_L.u_sirv_gnrl_rspid_fifo.dp_gt_M.dat_dfflr.qout_r	cmt_dcause[I]	u_e203_cpu.u_e203_itcm_ctrl.u_itcm_icb_arbt.arbt_num_gt_1_gen.dp_1.u_sirv_gnrl_rspid_fifo.dp_gt_0.dat_dfflr.qout_r$_DFFE_PP_/Q	cmt_dcause[0]
794	-0.2366	u_eI_cpu.u_eJ_core.u_eK_ifu.u_eL_ifu_ifetch.ifu_err_dfflr.qout_r	u_eI_cpu.u_eJ_core.u_eK_exu.u_eL_exu_csr.minstret_dfflr.qout_r[M]	u_e203_cpu.u_e203_core.u_e203_ifu.u_e203_ifu_ifetch.ifu_err_dfflr.qout_r$_DFFE_PN0P_/Q	u_e203_cpu.u_e203_core.u_e203_exu.u_e203_exu_csr.minstret_dfflr.qout_r[29]$_DFFE_PN0P_/D
795	-0.2342	u_eI_cpu.u_eJ_core.u_eK_ifu.u_eL_ifu_ifetch.ir_rsMidx_dfflr.qout_r[N]	u_eI_cpu.u_eJ_core.u_eK_lsu.u_eL_lsu_ctrl.excl_flg_dffl.qout_r	u_e203_cpu.u_e203_core.u_e203_ifu.u_e203_ifu_ifetch.ir_rs1idx_dfflr.qout_r[3]$_DFFE_PN0P_/Q	u_e203_cpu.u_e203_core.u_e203_lsu.u_e203_lsu_ctrl.excl_flg_dffl.qout_r$_DFFE_PN0P_/D
796	-0.2340	u_eI_cpu.u_eJ_core.u_eK_exu.u_eL_exu_regfile.regfile[M].rfnoN.rf_dffl.qout_r[O]	u_eI_cpu.u_eJ_core.u_eK_ifu.u_eL_ifu_iftMicb.req_lane_cross_dfflr.qout_r	u_e203_cpu.u_e203_core.u_e203_exu.u_e203_exu_regfile.regfile[11].rfno0.rf_dffl.qout_r[31]$_DFFE_PP_/Q	u_e203_cpu.u_e203_core.u_e203_ifu.u_e203_ifu_ift2icb.req_lane_cross_dfflr.qout_r$_DFFE_PN0P_/D
797	-0.2340	u_eI_cpu.u_eJ_core.u_eK_exu.u_eL_exu_regfile.regfile[M].rfnoN.rf_dffl.qout_r[O]	u_eI_cpu.u_eJ_core.u_eK_ifu.u_eL_ifu_iftMicb.req_need_Nuop_dfflr.qout_r	u_e203_cpu.u_e203_core.u_e203_exu.u_e203_exu_regfile.regfile[11].rfno0.rf_dffl.qout_r[31]$_DFFE_PP_/Q	u_e203_cpu.u_e203_core.u_e203_ifu.u_e203_ifu_ift2icb.req_need_0uop_dfflr.qout_r$_DFFE_PN0P_/D
798	-0.2325	u_eI_cpu.u_eJ_core.u_eK_exu.u_eL_exu_commit.u_eM_exu_excp.step_req_dfflr.qout_r	cmt_dcause[I]	u_e203_cpu.u_e203_core.u_e203_exu.u_e203_exu_commit.u_e203_exu_excp.step_req_dfflr.qout_r$_DFFE_PN0P_/Q	cmt_dcause[0]
799	-0.2322	u_eI_cpu.u_eJ_core.u_eK_ifu.u_eL_ifu_iftMicb.icb_state_dfflr.qout_r[N]	u_eI_cpu.u_eJ_core.u_eK_ifu.u_eL_ifu_iftMicb.u_eN_ifetch_rsp_bypbuf.u_bypbuf_fifo.dp_gtO.fifo_rf[P].fifo_rf_dffl.qout_r[Q]	u_e203_cpu.u_e203_core.u_e203_ifu.u_e203_ifu_ift2icb.icb_state_dfflr.qout_r[0]$_DFFE_PN0P_/Q	u_e203_cpu.u_e203_core.u_e203_ifu.u_e203_ifu_ift2icb.u_e203_ifetch_rsp_bypbuf.u_bypbuf_fifo.dp_gt0.fifo_rf[0].fifo_rf_dffl.qout_r[10]$_DFFE_PP_/D
800	-0.2309	u_eI_cpu.u_eJ_core.u_eK_ifu.u_eL_ifu_ifetch.ifu_err_dfflr.qout_r	u_eI_cpu.u_eJ_clk_ctrl.itcm_active_dffr.qout_r	u_e203_cpu.u_e203_core.u_e203_ifu.u_e203_ifu_ifetch.ifu_err_dfflr.qout_r$_DFFE_PN0P_/Q	u_e203_cpu.u_e203_clk_ctrl.itcm_active_dffr.qout_r$_DFF_PN0_/D
801	-0.2308	u_eI_cpu.u_eJ_core.u_eK_lsu.u_eL_lsu_ctrl.u_lsu_icb_arbt.arbt_num_gt_M_gen.dp_N.u_sirv_gnrl_rspid_fifo.dp_gt_O.dat_dfflr.qout_r	core_wfi	u_e203_cpu.u_e203_core.u_e203_lsu.u_e203_lsu_ctrl.u_lsu_icb_arbt.arbt_num_gt_1_gen.dp_1.u_sirv_gnrl_rspid_fifo.dp_gt_0.dat_dfflr.qout_r$_DFFE_PP_/Q	core_wfi
802	-0.2306	u_eI_cpu.u_eJ_core.u_eK_ifu.u_eL_ifu_ifetch.ifu_lo_ir_dfflr.qout_r[M]	u_eI_cpu.u_eJ_core.u_eK_ifu.u_eL_ifu_ifetch.ir_pc_vld_dfflr.qout_r	u_e203_cpu.u_e203_core.u_e203_ifu.u_e203_ifu_ifetch.ifu_lo_ir_dfflr.qout_r[13]$_DFFE_PN0P_/Q	u_e203_cpu.u_e203_core.u_e203_ifu.u_e203_ifu_ifetch.ir_pc_vld_dfflr.qout_r$_DFFE_PN0P_/D
803	-0.2302	u_eI_cpu.u_eJ_core.u_eK_ifu.u_eL_ifu_ifetch.ir_muldiv_bMb_dfflr.qout_r	core_wfi	u_e203_cpu.u_e203_core.u_e203_ifu.u_e203_ifu_ifetch.ir_muldiv_b2b_dfflr.qout_r$_DFFE_PN0P_/Q	core_wfi
804	-0.2296	u_eI_cpu.u_eJ_core.u_eK_exu.u_eL_exu_regfile.regfile[M].rfnoN.rf_dffl.qout_r[O]	u_eI_cpu.u_eJ_core.u_eK_exu.u_eL_exu_csr.minstreth_dfflr.qout_r[M]	u_e203_cpu.u_e203_core.u_e203_exu.u_e203_exu_regfile.regfile[11].rfno0.rf_dffl.qout_r[31]$_DFFE_PP_/Q	u_e203_cpu.u_e203_core.u_e203_exu.u_e203_exu_csr.minstreth_dfflr.qout_r[29]$_DFFE_PN0P_/D
805	-0.2295	u_eI_cpu.u_eJ_core.u_eK_ifu.u_eL_ifu_iftMicb.icb_state_dfflr.qout_r[N]	u_eI_cpu.u_eJ_core.u_eK_biu.u_sirv_gnrl_icb_buffer.u_sirv_gnrl_cmd_fifo.dp_gtL.fifo_rf[M].fifo_rf_dffl.qout_r[N]	u_e203_cpu.u_e203_core.u_e203_ifu.u_e203_ifu_ift2icb.icb_state_dfflr.qout_r[0]$_DFFE_PN0P_/Q	u_e203_cpu.u_e203_core.u_e203_biu.u_sirv_gnrl_icb_buffer.u_sirv_gnrl_cmd_fifo.dp_gt0.fifo_rf[0].fifo_rf_dffl.qout_r[52]$_DFFE_PP_/D
806	-0.2293	u_eI_cpu.u_eJ_core.u_eK_exu.u_eL_exu_regfile.regfile[M].rfnoN.rf_dffl.qout_r[O]	u_eI_cpu.u_eJ_core.u_eK_ifu.u_eL_ifu_ifetch.ifu_prdt_taken_dfflr.qout_r	u_e203_cpu.u_e203_core.u_e203_exu.u_e203_exu_regfile.regfile[11].rfno0.rf_dffl.qout_r[31]$_DFFE_PP_/Q	u_e203_cpu.u_e203_core.u_e203_ifu.u_e203_ifu_ifetch.ifu_prdt_taken_dfflr.qout_r$_DFFE_PN0P_/D
807	-0.2292	u_eI_cpu.u_eJ_core.u_eK_exu.u_eL_exu_alu.u_eM_exu_alu_muldiv.part_prdt_sftN_dfflr.qout_r	cmt_dcause_ena	u_e203_cpu.u_e203_core.u_e203_exu.u_e203_exu_alu.u_e203_exu_alu_muldiv.part_prdt_sft1_dfflr.qout_r$_DFFE_PN0P_/Q	cmt_dcause_ena
808	-0.2290	u_eI_cpu.u_eJ_core.u_eK_exu.u_eL_exu_regfile.regfile[M].rfnoN.rf_dffl.qout_r[O]	u_eI_cpu.u_eJ_core.u_eK_ifu.u_eL_ifu_ifetch.pc_newpend_dfflr.qout_r	u_e203_cpu.u_e203_core.u_e203_exu.u_e203_exu_regfile.regfile[11].rfno0.rf_dffl.qout_r[31]$_DFFE_PP_/Q	u_e203_cpu.u_e203_core.u_e203_ifu.u_e203_ifu_ifetch.pc_newpend_dfflr.qout_r$_DFFE_PN0P_/D
809	-0.2290	u_eI_cpu.u_eJ_core.u_eK_ifu.u_eL_ifu_ifetch.ifu_err_dfflr.qout_r	u_eI_cpu.u_eJ_core.u_eK_ifu.u_eL_ifu_ifetch.reset_req_dfflr.qout_r	u_e203_cpu.u_e203_core.u_e203_ifu.u_e203_ifu_ifetch.ifu_err_dfflr.qout_r$_DFFE_PN0P_/Q	u_e203_cpu.u_e203_core.u_e203_ifu.u_e203_ifu_ifetch.reset_req_dfflr.qout_r$_DFFE_PN0P_/D
810	-0.2289	u_eI_cpu.u_eJ_core.u_eK_ifu.u_eL_ifu_ifetch.ifu_lo_ir_dfflr.qout_r[M]	u_eI_cpu.u_eJ_core.u_eK_exu.u_eL_exu_alu.u_eM_exu_alu_muldiv.muldiv_state_dfflr.qout_r[N]	u_e203_cpu.u_e203_core.u_e203_ifu.u_e203_ifu_ifetch.ifu_lo_ir_dfflr.qout_r[13]$_DFFE_PN0P_/Q	u_e203_cpu.u_e203_core.u_e203_exu.u_e203_exu_alu.u_e203_exu_alu_muldiv.muldiv_state_dfflr.qout_r[2]$_DFFE_PN0P_/D
811	-0.2269	u_eI_cpu.u_eJ_core.u_eK_ifu.u_eL_ifu_ifetch.ir_rsMidx_dfflr.qout_r[N]	u_eI_cpu.u_eJ_core.u_eK_exu.u_eL_exu_oitf.oitf_entries[M].rdidx_dfflrs.qout_r[N]	u_e203_cpu.u_e203_core.u_e203_ifu.u_e203_ifu_ifetch.ir_rs1idx_dfflr.qout_r[3]$_DFFE_PN0P_/Q	u_e203_cpu.u_e203_core.u_e203_exu.u_e203_exu_oitf.oitf_entries[1].rdidx_dfflrs.qout_r[3]$_DFFE_PP_/D
812	-0.2268	u_eI_cpu.u_eJ_core.u_eK_ifu.u_eL_ifu_ifetch.ir_rsMidx_dfflr.qout_r[N]	u_eI_cpu.u_eJ_core.u_eK_exu.u_eL_exu_oitf.oitf_entries[M].pc_dfflrs.qout_r[N]	u_e203_cpu.u_e203_core.u_e203_ifu.u_e203_ifu_ifetch.ir_rs1idx_dfflr.qout_r[3]$_DFFE_PN0P_/Q	u_e203_cpu.u_e203_core.u_e203_exu.u_e203_exu_oitf.oitf_entries[1].pc_dfflrs.qout_r[26]$_DFFE_PP_/D
813	-0.2258	u_eI_cpu.u_eJ_core.u_eK_ifu.u_eL_ifu_ifetch.ifu_hi_ir_dfflr.qout_r[M]	u_eI_cpu.u_eJ_core.u_eK_ifu.u_eL_ifu_ifetch.ifu_pc_dfflr.qout_r[M]	u_e203_cpu.u_e203_core.u_e203_ifu.u_e203_ifu_ifetch.ifu_hi_ir_dfflr.qout_r[13]$_DFFE_PN0P_/Q	u_e203_cpu.u_e203_core.u_e203_ifu.u_e203_ifu_ifetch.ifu_pc_dfflr.qout_r[14]$_DFFE_PN0P_/D
814	-0.2247	u_eI_cpu.u_eJ_core.u_eK_ifu.u_eL_ifu_ifetch.ifu_err_dfflr.qout_r	u_eI_cpu.u_eJ_itcm_ctrl.u_sram_icb_ctrl.u_sirv_Kcyc_sram_ctrl.u_eL_stage.dp_gt_M.vld_dfflr.qout_r	u_e203_cpu.u_e203_core.u_e203_ifu.u_e203_ifu_ifetch.ifu_err_dfflr.qout_r$_DFFE_PN0P_/Q	u_e203_cpu.u_e203_itcm_ctrl.u_sram_icb_ctrl.u_sirv_1cyc_sram_ctrl.u_e1_stage.dp_gt_0.vld_dfflr.qout_r$_DFFE_PN0P_/D
815	-0.2246	u_eI_cpu.u_eJ_irq_sync.master_gen.u_dbg_irq_sync.sync_gen[K].i_is_not_L.sync_dffr.qout_r	core_wfi	u_e203_cpu.u_e203_irq_sync.master_gen.u_dbg_irq_sync.sync_gen[1].i_is_not_0.sync_dffr.qout_r$_DFF_PN0_/Q	core_wfi
816	-0.2227	u_eI_cpu.u_eJ_core.u_eK_biu.u_sirv_gnrl_icb_buffer.u_sirv_gnrl_rsp_fifo.dp_gtL.fifo_rf[M].fifo_rf_dffl.qout_r[N]	core_wfi	u_e203_cpu.u_e203_core.u_e203_biu.u_sirv_gnrl_icb_buffer.u_sirv_gnrl_rsp_fifo.dp_gt0.fifo_rf[0].fifo_rf_dffl.qout_r[34]$_DFFE_PP_/Q	core_wfi
817	-0.2226	u_eI_cpu.u_eJ_core.u_eK_ifu.u_eL_ifu_ifetch.ifu_err_dfflr.qout_r	u_eI_cpu.u_eJ_itcm_ctrl.u_sram_icb_ctrl.u_sirv_Kcyc_sram_ctrl.u_ram_clkgate.enb	u_e203_cpu.u_e203_core.u_e203_ifu.u_e203_ifu_ifetch.ifu_err_dfflr.qout_r$_DFFE_PN0P_/Q	u_e203_cpu.u_e203_itcm_ctrl.u_sram_icb_ctrl.u_sirv_1cyc_sram_ctrl.u_ram_clkgate.enb$_DLATCH_N_/D
818	-0.2226	u_eI_cpu.u_eJ_itcm_ctrl.u_sram_icb_ctrl.u_sirv_Kcyc_sram_ctrl.u_eL_stage.dp_gt_M.dat_dfflr.qout_r[N]	core_wfi	u_e203_cpu.u_e203_itcm_ctrl.u_sram_icb_ctrl.u_sirv_1cyc_sram_ctrl.u_e1_stage.dp_gt_0.dat_dfflr.qout_r[1]$_DFFE_PP_/QN	core_wfi
819	-0.2225	u_eI_cpu.u_eJ_core.u_eK_ifu.u_eL_ifu_ifetch.ifu_err_dfflr.qout_r	u_eI_cpu.u_eJ_core.u_eK_ifu.u_eL_ifu_ifetch.dly_flush_dfflr.qout_r	u_e203_cpu.u_e203_core.u_e203_ifu.u_e203_ifu_ifetch.ifu_err_dfflr.qout_r$_DFFE_PN0P_/Q	u_e203_cpu.u_e203_core.u_e203_ifu.u_e203_ifu_ifetch.dly_flush_dfflr.qout_r$_DFFE_PN0P_/D
820	-0.2225	u_eI_cpu.u_eJ_core.u_eK_biu.u_biu_icb_arbt.arbt_num_gt_L_gen.dp_M.u_sirv_gnrl_rspid_fifo.dp_gt_N.dat_dfflr.qout_r	cmt_dpc_ena	u_e203_cpu.u_e203_core.u_e203_biu.u_biu_icb_arbt.arbt_num_gt_1_gen.dp_1.u_sirv_gnrl_rspid_fifo.dp_gt_0.dat_dfflr.qout_r$_DFFE_PP_/Q	cmt_dpc_ena
821	-0.2223	u_eI_cpu.u_eJ_core.u_eK_ifu.u_eL_ifu_ifetch.ifu_lo_ir_dfflr.qout_r[M]	u_eI_cpu.u_eJ_core.u_eK_exu.u_eL_exu_alu.u_eM_exu_alu_muldiv.part_remd_sftN_dfflr.qout_r	u_e203_cpu.u_e203_core.u_e203_ifu.u_e203_ifu_ifetch.ifu_lo_ir_dfflr.qout_r[13]$_DFFE_PN0P_/Q	u_e203_cpu.u_e203_core.u_e203_exu.u_e203_exu_alu.u_e203_exu_alu_muldiv.part_remd_sft1_dfflr.qout_r$_DFFE_PN0P_/D
822	-0.2220	u_eI_cpu.u_eJ_core.u_eK_exu.u_eL_exu_regfile.regfile[M].rfnoN.rf_dffl.qout_r[O]	u_eI_cpu.u_eJ_clk_ctrl.u_itcm_clkgate.enb	u_e203_cpu.u_e203_core.u_e203_exu.u_e203_exu_regfile.regfile[11].rfno0.rf_dffl.qout_r[31]$_DFFE_PP_/Q	u_e203_cpu.u_e203_clk_ctrl.u_itcm_clkgate.enb$_DLATCH_N_/D
823	-0.2211	u_eI_cpu.u_eJ_core.u_eK_ifu.u_eL_ifu_ifetch.ifu_lo_ir_dfflr.qout_r[M]	u_eI_cpu.u_eJ_dtcm_ctrl.u_sram_icb_ctrl.u_sirv_Kcyc_sram_ctrl.u_eL_stage.dp_gt_M.vld_dfflr.qout_r	u_e203_cpu.u_e203_core.u_e203_ifu.u_e203_ifu_ifetch.ifu_lo_ir_dfflr.qout_r[13]$_DFFE_PN0P_/Q	u_e203_cpu.u_e203_dtcm_ctrl.u_sram_icb_ctrl.u_sirv_1cyc_sram_ctrl.u_e1_stage.dp_gt_0.vld_dfflr.qout_r$_DFFE_PN0P_/D
824	-0.2198	u_eI_cpu.u_eJ_core.u_eK_ifu.u_eL_ifu_ifetch.ifu_hi_ir_dfflr.qout_r[M]	u_eI_cpu.u_eJ_itcm_ctrl.u_itcm_icb_arbt.arbt_num_gt_K_gen.dp_L.u_sirv_gnrl_rspid_fifo.dp_gt_M.vld_dfflr.qout_r	u_e203_cpu.u_e203_core.u_e203_ifu.u_e203_ifu_ifetch.ifu_hi_ir_dfflr.qout_r[13]$_DFFE_PN0P_/Q	u_e203_cpu.u_e203_itcm_ctrl.u_itcm_icb_arbt.arbt_num_gt_1_gen.dp_1.u_sirv_gnrl_rspid_fifo.dp_gt_0.vld_dfflr.qout_r$_DFFE_PN0P_/D
825	-0.2198	u_eI_cpu.u_eJ_core.u_eK_exu.u_eL_exu_csr.status_mie_dfflr.qout_r	cmt_dcause[I]	u_e203_cpu.u_e203_core.u_e203_exu.u_e203_exu_csr.status_mie_dfflr.qout_r$_DFFE_PN0P_/QN	cmt_dcause[0]
826	-0.2198	u_eI_cpu.u_eJ_core.u_eK_ifu.u_eL_ifu_ifetch.ifu_err_dfflr.qout_r	u_eI_cpu.u_eJ_core.u_eK_ifu.u_eL_ifu_iftMicb.u_eN_ifetch_rsp_bypbuf.u_bypbuf_fifo.dp_gtO.vec_P_dfflrs.qout_r	u_e203_cpu.u_e203_core.u_e203_ifu.u_e203_ifu_ifetch.ifu_err_dfflr.qout_r$_DFFE_PN0P_/Q	u_e203_cpu.u_e203_core.u_e203_ifu.u_e203_ifu_ift2icb.u_e203_ifetch_rsp_bypbuf.u_bypbuf_fifo.dp_gt0.vec_0_dfflrs.qout_r$_DFFE_PN1P_/D
827	-0.2195	u_eI_cpu.u_eJ_itcm_ctrl.u_itcm_icb_arbt.arbt_num_gt_K_gen.dp_L.u_sirv_gnrl_rspid_fifo.dp_gt_M.dat_dfflr.qout_r	core_wfi	u_e203_cpu.u_e203_itcm_ctrl.u_itcm_icb_arbt.arbt_num_gt_1_gen.dp_1.u_sirv_gnrl_rspid_fifo.dp_gt_0.dat_dfflr.qout_r$_DFFE_PP_/Q	core_wfi
828	-0.2193	u_eI_cpu.u_eJ_core.u_eK_ifu.u_eL_ifu_iftMicb.icb_state_dfflr.qout_r[N]	u_eI_cpu.u_eJ_core.u_eK_ifu.u_eL_ifu_iftMicb.req_lane_cross_dfflr.qout_r	u_e203_cpu.u_e203_core.u_e203_ifu.u_e203_ifu_ift2icb.icb_state_dfflr.qout_r[0]$_DFFE_PN0P_/Q	u_e203_cpu.u_e203_core.u_e203_ifu.u_e203_ifu_ift2icb.req_lane_cross_dfflr.qout_r$_DFFE_PN0P_/D
829	-0.2193	u_eI_cpu.u_eJ_core.u_eK_ifu.u_eL_ifu_iftMicb.icb_state_dfflr.qout_r[N]	u_eI_cpu.u_eJ_core.u_eK_ifu.u_eL_ifu_iftMicb.req_need_Nuop_dfflr.qout_r	u_e203_cpu.u_e203_core.u_e203_ifu.u_e203_ifu_ift2icb.icb_state_dfflr.qout_r[0]$_DFFE_PN0P_/Q	u_e203_cpu.u_e203_core.u_e203_ifu.u_e203_ifu_ift2icb.req_need_0uop_dfflr.qout_r$_DFFE_PN0P_/D
830	-0.2180	u_eI_cpu.u_eJ_core.u_eK_exu.u_eL_exu_regfile.regfile[M].rfnoN.rf_dffl.qout_r[O]	u_eI_cpu.u_eJ_clk_ctrl.u_biu_clkgate.enb	u_e203_cpu.u_e203_core.u_e203_exu.u_e203_exu_regfile.regfile[11].rfno0.rf_dffl.qout_r[31]$_DFFE_PP_/Q	u_e203_cpu.u_e203_clk_ctrl.u_biu_clkgate.enb$_DLATCH_N_/D
831	-0.2172	u_eI_cpu.u_eJ_core.u_eK_exu.u_eL_exu_regfile.regfile[M].rfnoN.rf_dffl.qout_r[O]	u_eI_cpu.u_eJ_core.u_eK_ifu.u_eL_ifu_iftMicb.icb_addr_N_O_dffl.qout_r[P]	u_e203_cpu.u_e203_core.u_e203_exu.u_e203_exu_regfile.regfile[11].rfno0.rf_dffl.qout_r[31]$_DFFE_PP_/Q	u_e203_cpu.u_e203_core.u_e203_ifu.u_e203_ifu_ift2icb.icb_addr_2_1_dffl.qout_r[1]$_DFFE_PP_/D
832	-0.2171	u_eI_cpu.u_eJ_core.u_eK_ifu.u_eL_ifu_ifetch.ifu_lo_ir_dfflr.qout_r[M]	u_eI_cpu.u_eJ_itcm_ctrl.u_itcm_icb_lsuKitcm_nLw.fifo_dp_M.u_sirv_gnrl_nNw_fifo.dp_gt_O.dat_dfflr.qout_r	u_e203_cpu.u_e203_core.u_e203_ifu.u_e203_ifu_ifetch.ifu_lo_ir_dfflr.qout_r[13]$_DFFE_PN0P_/Q	u_e203_cpu.u_e203_itcm_ctrl.u_itcm_icb_lsu2itcm_n2w.fifo_dp_1.u_sirv_gnrl_n2w_fifo.dp_gt_0.dat_dfflr.qout_r$_DFFE_PP_/D
833	-0.2168	u_eI_cpu.u_eJ_core.u_eK_exu.u_eL_exu_regfile.regfile[M].rfnoN.rf_dffl.qout_r[O]	u_eI_cpu.u_eJ_core.u_eK_biu.u_biu_icb_arbt.arbt_num_gt_L_gen.dp_M.u_sirv_gnrl_rspid_fifo.dp_gt_N.dat_dfflr.qout_r	u_e203_cpu.u_e203_core.u_e203_exu.u_e203_exu_regfile.regfile[11].rfno0.rf_dffl.qout_r[31]$_DFFE_PP_/Q	u_e203_cpu.u_e203_core.u_e203_biu.u_biu_icb_arbt.arbt_num_gt_1_gen.dp_1.u_sirv_gnrl_rspid_fifo.dp_gt_0.dat_dfflr.qout_r$_DFFE_PP_/D
834	-0.2162	u_eI_cpu.u_eJ_core.u_eK_exu.u_eL_exu_regfile.regfile[M].rfnoN.rf_dffl.qout_r[O]	u_eI_cpu.u_eJ_core.u_eK_ifu.u_eL_ifu_ifetch.out_flag_dfflr.qout_r	u_e203_cpu.u_e203_core.u_e203_exu.u_e203_exu_regfile.regfile[11].rfno0.rf_dffl.qout_r[31]$_DFFE_PP_/Q	u_e203_cpu.u_e203_core.u_e203_ifu.u_e203_ifu_ifetch.out_flag_dfflr.qout_r$_DFFE_PN0P_/D
835	-0.2161	u_eI_cpu.u_eJ_core.u_eK_ifu.u_eL_ifu_ifetch.ifu_hi_ir_dfflr.qout_r[M]	u_eI_cpu.u_eJ_dtcm_ctrl.u_dtcm_icb_arbt.arbt_num_gt_K_gen.dp_L.u_sirv_gnrl_rspid_fifo.dp_gt_M.dat_dfflr.qout_r	u_e203_cpu.u_e203_core.u_e203_ifu.u_e203_ifu_ifetch.ifu_hi_ir_dfflr.qout_r[13]$_DFFE_PN0P_/Q	u_e203_cpu.u_e203_dtcm_ctrl.u_dtcm_icb_arbt.arbt_num_gt_1_gen.dp_1.u_sirv_gnrl_rspid_fifo.dp_gt_0.dat_dfflr.qout_r$_DFFE_PP_/D
836	-0.2157	u_eI_cpu.u_eJ_core.u_eK_ifu.u_eL_ifu_ifetch.ifu_lo_ir_dfflr.qout_r[M]	u_eI_cpu.u_eJ_core.u_eK_exu.u_eL_exu_csr.mcycle_dfflr.qout_r[M]	u_e203_cpu.u_e203_core.u_e203_ifu.u_e203_ifu_ifetch.ifu_lo_ir_dfflr.qout_r[13]$_DFFE_PN0P_/Q	u_e203_cpu.u_e203_core.u_e203_exu.u_e203_exu_csr.mcycle_dfflr.qout_r[13]$_DFFE_PN0P_/D
837	-0.2153	u_eI_cpu.u_eJ_core.u_eK_ifu.u_eL_ifu_ifetch.ifu_err_dfflr.qout_r	u_eI_cpu.u_eJ_core.u_eK_exu.u_eL_exu_alu.u_eM_exu_alu_dpath.sbf_N_dffl.qout_r[O]	u_e203_cpu.u_e203_core.u_e203_ifu.u_e203_ifu_ifetch.ifu_err_dfflr.qout_r$_DFFE_PN0P_/Q	u_e203_cpu.u_e203_core.u_e203_exu.u_e203_exu_alu.u_e203_exu_alu_dpath.sbf_0_dffl.qout_r[8]$_DFFE_PP_/D
838	-0.2149	u_eI_cpu.u_eJ_core.u_eK_exu.u_eL_exu_commit.u_eM_exu_excp.step_req_dfflr.qout_r	core_wfi	u_e203_cpu.u_e203_core.u_e203_exu.u_e203_exu_commit.u_e203_exu_excp.step_req_dfflr.qout_r$_DFFE_PN0P_/Q	core_wfi
839	-0.2147	u_eI_cpu.u_eJ_core.u_eK_ifu.u_eL_ifu_iftMicb.icb_state_dfflr.qout_r[N]	u_eI_cpu.u_eJ_core.u_eK_ifu.u_eL_ifu_ifetch.ifu_prdt_taken_dfflr.qout_r	u_e203_cpu.u_e203_core.u_e203_ifu.u_e203_ifu_ift2icb.icb_state_dfflr.qout_r[0]$_DFFE_PN0P_/Q	u_e203_cpu.u_e203_core.u_e203_ifu.u_e203_ifu_ifetch.ifu_prdt_taken_dfflr.qout_r$_DFFE_PN0P_/D
840	-0.2146	u_eI_cpu.u_eJ_core.u_eK_ifu.u_eL_ifu_ifetch.ifu_hi_ir_dfflr.qout_r[M]	u_eI_cpu.u_eJ_core.u_eK_exu.u_eL_exu_alu.u_eM_exu_alu_lsuagu.icb_state_dfflr.qout_r[N]	u_e203_cpu.u_e203_core.u_e203_ifu.u_e203_ifu_ifetch.ifu_hi_ir_dfflr.qout_r[13]$_DFFE_PN0P_/Q	u_e203_cpu.u_e203_core.u_e203_exu.u_e203_exu_alu.u_e203_exu_alu_lsuagu.icb_state_dfflr.qout_r[0]$_DFFE_PN0P_/D
841	-0.2144	u_eI_cpu.u_eJ_core.u_eK_ifu.u_eL_ifu_iftMicb.icb_state_dfflr.qout_r[N]	u_eI_cpu.u_eJ_core.u_eK_ifu.u_eL_ifu_ifetch.pc_newpend_dfflr.qout_r	u_e203_cpu.u_e203_core.u_e203_ifu.u_e203_ifu_ift2icb.icb_state_dfflr.qout_r[0]$_DFFE_PN0P_/Q	u_e203_cpu.u_e203_core.u_e203_ifu.u_e203_ifu_ifetch.pc_newpend_dfflr.qout_r$_DFFE_PN0P_/D
842	-0.2138	u_eI_cpu.u_eJ_core.u_eK_ifu.u_eL_ifu_iftMicb.req_same_cross_holdup_dfflr.qout_r	u_eI_cpu.u_eJ_core.u_eK_ifu.u_eL_ifu_ifetch.ifu_hi_ir_dfflr.qout_r[M]	u_e203_cpu.u_e203_core.u_e203_ifu.u_e203_ifu_ift2icb.req_same_cross_holdup_dfflr.qout_r$_DFFE_PN0P_/Q	u_e203_cpu.u_e203_core.u_e203_ifu.u_e203_ifu_ifetch.ifu_hi_ir_dfflr.qout_r[9]$_DFFE_PN0P_/D
843	-0.2138	u_eI_cpu.u_eJ_core.u_eK_lsu.u_eL_lsu_ctrl.u_lsu_icb_arbt.arbt_num_gt_M_gen.dp_N.u_sirv_gnrl_rspid_fifo.dp_gt_O.vld_dfflr.qout_r	cmt_dpc_ena	u_e203_cpu.u_e203_core.u_e203_lsu.u_e203_lsu_ctrl.u_lsu_icb_arbt.arbt_num_gt_1_gen.dp_1.u_sirv_gnrl_rspid_fifo.dp_gt_0.vld_dfflr.qout_r$_DFFE_PN0P_/Q	cmt_dpc_ena
844	-0.2137	u_eI_cpu.u_eJ_core.u_eK_exu.u_eL_exu_alu.u_eM_exu_alu_lsuagu.icb_state_dfflr.qout_r[N]	u_eI_cpu.u_eJ_core.u_eK_ifu.u_eL_ifu_ifetch.ifu_hi_ir_dfflr.qout_r[M]	u_e203_cpu.u_e203_core.u_e203_exu.u_e203_exu_alu.u_e203_exu_alu_lsuagu.icb_state_dfflr.qout_r[1]$_DFFE_PN0P_/Q	u_e203_cpu.u_e203_core.u_e203_ifu.u_e203_ifu_ifetch.ifu_hi_ir_dfflr.qout_r[9]$_DFFE_PN0P_/D
845	-0.2134	u_eI_cpu.u_eJ_core.u_eK_ifu.u_eL_ifu_ifetch.ifu_lo_ir_dfflr.qout_r[M]	u_eI_cpu.u_eJ_core.u_eK_exu.u_eL_exu_csr.mscratch_dfflr.qout_r[M]	u_e203_cpu.u_e203_core.u_e203_ifu.u_e203_ifu_ifetch.ifu_lo_ir_dfflr.qout_r[13]$_DFFE_PN0P_/Q	u_e203_cpu.u_e203_core.u_e203_exu.u_e203_exu_csr.mscratch_dfflr.qout_r[13]$_DFFE_PN0P_/D
846	-0.2127	u_eI_cpu.u_eJ_core.u_eK_ifu.u_eL_ifu_ifetch.ifu_err_dfflr.qout_r	u_eI_cpu.u_eJ_core.u_eK_biu.u_biu_icb_arbt.arbt_num_gt_L_gen.dp_M.u_sirv_gnrl_rspid_fifo.dp_gt_N.vld_dfflr.qout_r	u_e203_cpu.u_e203_core.u_e203_ifu.u_e203_ifu_ifetch.ifu_err_dfflr.qout_r$_DFFE_PN0P_/Q	u_e203_cpu.u_e203_core.u_e203_biu.u_biu_icb_arbt.arbt_num_gt_1_gen.dp_1.u_sirv_gnrl_rspid_fifo.dp_gt_0.vld_dfflr.qout_r$_DFFE_PN0P_/D
847	-0.2126	u_eI_cpu.u_eJ_core.u_eK_ifu.u_eL_ifu_ifetch.ifu_err_dfflr.qout_r	u_eI_cpu.u_eJ_core.u_eK_ifu.u_eL_ifu_iftMicb.icbNitcm_dfflr.qout_r	u_e203_cpu.u_e203_core.u_e203_ifu.u_e203_ifu_ifetch.ifu_err_dfflr.qout_r$_DFFE_PN0P_/Q	u_e203_cpu.u_e203_core.u_e203_ifu.u_e203_ifu_ift2icb.icb2itcm_dfflr.qout_r$_DFFE_PN0P_/D
848	-0.2124	u_eI_cpu.u_eJ_core.u_eK_ifu.u_eL_ifu_ifetch.ifu_err_dfflr.qout_r	u_eI_cpu.u_eJ_core.u_eK_biu.u_sirv_gnrl_icb_buffer.u_sirv_gnrl_cmd_fifo.dp_gtL.vec_M_dfflr.qout_r	u_e203_cpu.u_e203_core.u_e203_ifu.u_e203_ifu_ifetch.ifu_err_dfflr.qout_r$_DFFE_PN0P_/Q	u_e203_cpu.u_e203_core.u_e203_biu.u_sirv_gnrl_icb_buffer.u_sirv_gnrl_cmd_fifo.dp_gt0.vec_31_dfflr.qout_r$_DFFE_PN0P_/D
849	-0.2122	u_eI_cpu.u_eJ_itcm_ctrl.u_itcm_icb_arbt.arbt_num_gt_K_gen.dp_L.u_sirv_gnrl_rspid_fifo.dp_gt_M.vld_dfflr.qout_r	cmt_dpc_ena	u_e203_cpu.u_e203_itcm_ctrl.u_itcm_icb_arbt.arbt_num_gt_1_gen.dp_1.u_sirv_gnrl_rspid_fifo.dp_gt_0.vld_dfflr.qout_r$_DFFE_PN0P_/Q	cmt_dpc_ena
850	-0.2114	u_eI_cpu.u_eJ_core.u_eK_ifu.u_eL_ifu_ifetch.ifu_err_dfflr.qout_r	u_eI_cpu.u_eJ_itcm_ctrl.u_sram_icb_ctrl.u_byp_icb_cmd_buf.u_bypbuf_fifo.dp_gtK.vec_L_dfflrs.qout_r	u_e203_cpu.u_e203_core.u_e203_ifu.u_e203_ifu_ifetch.ifu_err_dfflr.qout_r$_DFFE_PN0P_/Q	u_e203_cpu.u_e203_itcm_ctrl.u_sram_icb_ctrl.u_byp_icb_cmd_buf.u_bypbuf_fifo.dp_gt0.vec_0_dfflrs.qout_r$_DFFE_PN1P_/D
851	-0.2113	u_eI_cpu.u_eJ_core.u_eK_ifu.u_eL_ifu_ifetch.ifu_lo_ir_dfflr.qout_r[M]	u_eI_cpu.u_eJ_core.u_eK_exu.u_eL_exu_csr.mcycleh_dfflr.qout_r[M]	u_e203_cpu.u_e203_core.u_e203_ifu.u_e203_ifu_ifetch.ifu_lo_ir_dfflr.qout_r[13]$_DFFE_PN0P_/Q	u_e203_cpu.u_e203_core.u_e203_exu.u_e203_exu_csr.mcycleh_dfflr.qout_r[13]$_DFFE_PN0P_/D
852	-0.2112	u_eI_cpu.u_eJ_core.u_eK_exu.u_eL_exu_regfile.regfile[M].rfnoN.rf_dffl.qout_r[O]	u_eI_cpu.u_eJ_itcm_ctrl.u_sram_icb_ctrl.u_byp_icb_cmd_buf.u_bypbuf_fifo.dp_gtK.fifo_rf[L].fifo_rf_dffl.qout_r[M]	u_e203_cpu.u_e203_core.u_e203_exu.u_e203_exu_regfile.regfile[11].rfno0.rf_dffl.qout_r[31]$_DFFE_PP_/Q	u_e203_cpu.u_e203_itcm_ctrl.u_sram_icb_ctrl.u_byp_icb_cmd_buf.u_bypbuf_fifo.dp_gt0.fifo_rf[0].fifo_rf_dffl.qout_r[44]$_DFFE_PP_/D
853	-0.2108	u_eI_cpu.u_eJ_core.u_eK_ifu.u_eL_ifu_ifetch.ifu_lo_ir_dfflr.qout_r[M]	u_eI_cpu.u_eJ_dtcm_ctrl.u_sram_icb_ctrl.u_sirv_Kcyc_sram_ctrl.u_ram_clkgate.enb	u_e203_cpu.u_e203_core.u_e203_ifu.u_e203_ifu_ifetch.ifu_lo_ir_dfflr.qout_r[13]$_DFFE_PN0P_/Q	u_e203_cpu.u_e203_dtcm_ctrl.u_sram_icb_ctrl.u_sirv_1cyc_sram_ctrl.u_ram_clkgate.enb$_DLATCH_N_/D
854	-0.2104	u_eI_cpu.u_eJ_core.u_eK_ifu.u_eL_ifu_ifetch.ifu_err_dfflr.qout_r	u_eI_cpu.u_eJ_core.u_eK_ifu.u_eL_ifu_iftMicb.icb_state_dfflr.qout_r[N]	u_e203_cpu.u_e203_core.u_e203_ifu.u_e203_ifu_ifetch.ifu_err_dfflr.qout_r$_DFFE_PN0P_/Q	u_e203_cpu.u_e203_core.u_e203_ifu.u_e203_ifu_ift2icb.icb_state_dfflr.qout_r[1]$_DFFE_PN0P_/D
855	-0.2093	u_eI_cpu.u_eJ_dtcm_ctrl.u_dtcm_icb_arbt.arbt_num_gt_K_gen.dp_L.u_sirv_gnrl_rspid_fifo.dp_gt_M.dat_dfflr.qout_r	cmt_dpc_ena	u_e203_cpu.u_e203_dtcm_ctrl.u_dtcm_icb_arbt.arbt_num_gt_1_gen.dp_1.u_sirv_gnrl_rspid_fifo.dp_gt_0.dat_dfflr.qout_r$_DFFE_PP_/Q	cmt_dpc_ena
856	-0.2087	u_eI_cpu.u_eJ_core.u_eK_ifu.u_eL_ifu_ifetch.ifu_lo_ir_dfflr.qout_r[M]	u_eI_cpu.u_eJ_core.u_eK_exu.u_eL_exu_alu.u_eM_exu_nice.u_nice_itag_fifo.dp_gtN.vec_O_dfflrs.qout_r	u_e203_cpu.u_e203_core.u_e203_ifu.u_e203_ifu_ifetch.ifu_lo_ir_dfflr.qout_r[13]$_DFFE_PN0P_/Q	u_e203_cpu.u_e203_core.u_e203_exu.u_e203_exu_alu.u_e203_exu_nice.u_nice_itag_fifo.dp_gt0.vec_0_dfflrs.qout_r$_DFFE_PN1P_/D
857	-0.2087	u_eI_cpu.u_eJ_core.u_eK_ifu.u_eL_ifu_ifetch.ifu_err_dfflr.qout_r	u_eI_cpu.u_eJ_itcm_ctrl.u_sram_icb_ctrl.u_byp_icb_cmd_buf.u_bypbuf_fifo.dp_gtK.vec_L_dfflr.qout_r	u_e203_cpu.u_e203_core.u_e203_ifu.u_e203_ifu_ifetch.ifu_err_dfflr.qout_r$_DFFE_PN0P_/Q	u_e203_cpu.u_e203_itcm_ctrl.u_sram_icb_ctrl.u_byp_icb_cmd_buf.u_bypbuf_fifo.dp_gt0.vec_31_dfflr.qout_r$_DFFE_PN0P_/D
858	-0.2083	u_eI_cpu.u_eJ_core.u_eK_ifu.u_eL_ifu_ifetch.ifu_lo_ir_dfflr.qout_r[M]	u_eI_cpu.u_eJ_core.u_eK_exu.u_eL_exu_alu.u_eM_exu_nice.u_nice_itag_fifo.dp_gtN.vec_O_dfflr.qout_r[P]	u_e203_cpu.u_e203_core.u_e203_ifu.u_e203_ifu_ifetch.ifu_lo_ir_dfflr.qout_r[13]$_DFFE_PN0P_/Q	u_e203_cpu.u_e203_core.u_e203_exu.u_e203_exu_alu.u_e203_exu_nice.u_nice_itag_fifo.dp_gt0.vec_31_dfflr.qout_r[1]$_DFFE_PN0P_/D
859	-0.2076	u_eI_cpu.u_eJ_core.u_eK_ifu.u_eL_ifu_iftMicb.req_same_cross_holdup_dfflr.qout_r	u_eI_cpu.u_eJ_core.u_eK_ifu.u_eL_ifu_iftMicb.leftover_dffl.qout_r[N]	u_e203_cpu.u_e203_core.u_e203_ifu.u_e203_ifu_ift2icb.req_same_cross_holdup_dfflr.qout_r$_DFFE_PN0P_/Q	u_e203_cpu.u_e203_core.u_e203_ifu.u_e203_ifu_ift2icb.leftover_dffl.qout_r[10]$_DFFE_PP_/D
860	-0.2075	u_eI_cpu.u_eJ_core.u_eK_exu.u_eL_exu_regfile.regfile[M].rfnoN.rf_dffl.qout_r[O]	u_eI_cpu.u_eJ_core.u_eK_ifu.u_eL_ifu_iftMicb.icbNmem_dfflr.qout_r	u_e203_cpu.u_e203_core.u_e203_exu.u_e203_exu_regfile.regfile[11].rfno0.rf_dffl.qout_r[31]$_DFFE_PP_/Q	u_e203_cpu.u_e203_core.u_e203_ifu.u_e203_ifu_ift2icb.icb2mem_dfflr.qout_r$_DFFE_PN0P_/D
861	-0.2074	u_eI_cpu.u_eJ_core.u_eK_exu.u_eL_exu_alu.u_eM_exu_alu_lsuagu.icb_state_dfflr.qout_r[N]	u_eI_cpu.u_eJ_core.u_eK_ifu.u_eL_ifu_iftMicb.leftover_dffl.qout_r[N]	u_e203_cpu.u_e203_core.u_e203_exu.u_e203_exu_alu.u_e203_exu_alu_lsuagu.icb_state_dfflr.qout_r[1]$_DFFE_PN0P_/Q	u_e203_cpu.u_e203_core.u_e203_ifu.u_e203_ifu_ift2icb.leftover_dffl.qout_r[10]$_DFFE_PP_/D
862	-0.2074	u_eI_cpu.u_eJ_core.u_eK_ifu.u_eL_ifu_ifetch.ifu_hi_ir_dfflr.qout_r[M]	u_eI_cpu.u_eJ_core.u_eK_exu.u_eL_exu_alu.u_eM_exu_alu_muldiv.part_prdt_sftN_dfflr.qout_r	u_e203_cpu.u_e203_core.u_e203_ifu.u_e203_ifu_ifetch.ifu_hi_ir_dfflr.qout_r[13]$_DFFE_PN0P_/Q	u_e203_cpu.u_e203_core.u_e203_exu.u_e203_exu_alu.u_e203_exu_alu_muldiv.part_prdt_sft1_dfflr.qout_r$_DFFE_PN0P_/D
863	-0.2073	u_eI_cpu.u_eJ_core.u_eK_ifu.u_eL_ifu_iftMicb.icb_state_dfflr.qout_r[N]	u_eI_cpu.u_eJ_clk_ctrl.u_itcm_clkgate.enb	u_e203_cpu.u_e203_core.u_e203_ifu.u_e203_ifu_ift2icb.icb_state_dfflr.qout_r[0]$_DFFE_PN0P_/Q	u_e203_cpu.u_e203_clk_ctrl.u_itcm_clkgate.enb$_DLATCH_N_/D
864	-0.2071	u_eI_cpu.u_eJ_core.u_eK_ifu.u_eL_ifu_ifetch.ir_rsMidx_dfflr.qout_r[N]	u_eI_cpu.u_eJ_itcm_ctrl.u_itcm_icb_extKitcm_nLw.fifo_dp_M.u_sirv_gnrl_nNw_fifo.dp_gt_O.dat_dfflr.qout_r	u_e203_cpu.u_e203_core.u_e203_ifu.u_e203_ifu_ifetch.ir_rs1idx_dfflr.qout_r[3]$_DFFE_PN0P_/Q	u_e203_cpu.u_e203_itcm_ctrl.u_itcm_icb_ext2itcm_n2w.fifo_dp_1.u_sirv_gnrl_n2w_fifo.dp_gt_0.dat_dfflr.qout_r$_DFFE_PP_/D
865	-0.2070	u_eI_cpu.u_eJ_core.u_eK_ifu.u_eL_ifu_ifetch.ifu_hi_ir_dfflr.qout_r[M]	u_eI_cpu.u_eJ_clk_ctrl.dtcm_active_dffr.qout_r	u_e203_cpu.u_e203_core.u_e203_ifu.u_e203_ifu_ifetch.ifu_hi_ir_dfflr.qout_r[13]$_DFFE_PN0P_/Q	u_e203_cpu.u_e203_clk_ctrl.dtcm_active_dffr.qout_r$_DFF_PN0_/D
866	-0.2068	u_eI_cpu.u_eJ_core.u_eK_ifu.u_eL_ifu_ifetch.ifu_err_dfflr.qout_r	u_eI_cpu.u_eJ_itcm_ctrl.ifu_holdup_dffl.qout_r	u_e203_cpu.u_e203_core.u_e203_ifu.u_e203_ifu_ifetch.ifu_err_dfflr.qout_r$_DFFE_PN0P_/Q	u_e203_cpu.u_e203_itcm_ctrl.ifu_holdup_dffl.qout_r$_DFFE_PN0P_/D
867	-0.2067	u_eI_cpu.u_eJ_core.u_eK_exu.u_eL_exu_alu.u_eM_exu_alu_muldiv.exec_cnt_dfflr.qout_r[N]	cmt_dpc_ena	u_e203_cpu.u_e203_core.u_e203_exu.u_e203_exu_alu.u_e203_exu_alu_muldiv.exec_cnt_dfflr.qout_r[2]$_DFFE_PN0P_/Q	cmt_dpc_ena
868	-0.2067	u_eI_cpu.u_eJ_core.u_eK_ifu.u_eL_ifu_ifetch.ifu_err_dfflr.qout_r	u_eI_cpu.u_eJ_core.u_eK_ifu.u_eL_ifu_iftMicb.u_eN_ifetch_rsp_bypbuf.u_bypbuf_fifo.dp_gtO.vec_P_dfflr.qout_r	u_e203_cpu.u_e203_core.u_e203_ifu.u_e203_ifu_ifetch.ifu_err_dfflr.qout_r$_DFFE_PN0P_/Q	u_e203_cpu.u_e203_core.u_e203_ifu.u_e203_ifu_ift2icb.u_e203_ifetch_rsp_bypbuf.u_bypbuf_fifo.dp_gt0.vec_31_dfflr.qout_r$_DFFE_PN0P_/D
869	-0.2065	u_eI_cpu.u_eJ_core.u_eK_exu.u_eL_exu_regfile.regfile[M].rfnoN.rf_dffl.qout_r[O]	u_eI_cpu.u_eJ_core.u_eK_ifu.u_eL_ifu_ifetch.ir_valid_dfflr.qout_r	u_e203_cpu.u_e203_core.u_e203_exu.u_e203_exu_regfile.regfile[11].rfno0.rf_dffl.qout_r[31]$_DFFE_PP_/Q	u_e203_cpu.u_e203_core.u_e203_ifu.u_e203_ifu_ifetch.ir_valid_dfflr.qout_r$_DFFE_PN0P_/D
870	-0.2058	u_eI_cpu.u_eJ_core.u_eK_ifu.u_eL_ifu_ifetch.ifu_err_dfflr.qout_r	u_eI_cpu.u_eJ_itcm_ctrl.u_sram_icb_ctrl.u_sirv_Kcyc_sram_ctrl.u_eL_stage.dp_gt_M.dat_dfflr.qout_r[N]	u_e203_cpu.u_e203_core.u_e203_ifu.u_e203_ifu_ifetch.ifu_err_dfflr.qout_r$_DFFE_PN0P_/Q	u_e203_cpu.u_e203_itcm_ctrl.u_sram_icb_ctrl.u_sirv_1cyc_sram_ctrl.u_e1_stage.dp_gt_0.dat_dfflr.qout_r[1]$_DFFE_PP_/D
871	-0.2053	u_eI_cpu.u_eJ_core.u_eK_ifu.u_eL_ifu_iftMicb.req_same_cross_holdup_dfflr.qout_r	u_eI_cpu.u_eJ_core.u_eK_ifu.u_eL_ifu_ifetch.ifu_lo_ir_dfflr.qout_r[M]	u_e203_cpu.u_e203_core.u_e203_ifu.u_e203_ifu_ift2icb.req_same_cross_holdup_dfflr.qout_r$_DFFE_PN0P_/Q	u_e203_cpu.u_e203_core.u_e203_ifu.u_e203_ifu_ifetch.ifu_lo_ir_dfflr.qout_r[13]$_DFFE_PN0P_/D
872	-0.2051	u_eI_cpu.u_eJ_core.u_eK_exu.u_eL_exu_alu.u_eM_exu_alu_lsuagu.icb_state_dfflr.qout_r[N]	u_eI_cpu.u_eJ_core.u_eK_ifu.u_eL_ifu_ifetch.ifu_lo_ir_dfflr.qout_r[M]	u_e203_cpu.u_e203_core.u_e203_exu.u_e203_exu_alu.u_e203_exu_alu_lsuagu.icb_state_dfflr.qout_r[1]$_DFFE_PN0P_/Q	u_e203_cpu.u_e203_core.u_e203_ifu.u_e203_ifu_ifetch.ifu_lo_ir_dfflr.qout_r[13]$_DFFE_PN0P_/D
873	-0.2050	u_eI_cpu.u_eJ_core.u_eK_ifu.u_eL_ifu_ifetch.ifu_lo_ir_dfflr.qout_r[M]	u_eI_cpu.u_eJ_core.u_eK_exu.u_eL_exu_csr.mtvec_dfflr.qout_r[M]	u_e203_cpu.u_e203_core.u_e203_ifu.u_e203_ifu_ifetch.ifu_lo_ir_dfflr.qout_r[13]$_DFFE_PN0P_/Q	u_e203_cpu.u_e203_core.u_e203_exu.u_e203_exu_csr.mtvec_dfflr.qout_r[13]$_DFFE_PN0P_/D
874	-0.2045	u_eI_cpu.u_eJ_core.u_eK_exu.u_eL_exu_regfile.regfile[M].rfnoN.rf_dffl.qout_r[O]	u_eI_cpu.u_eJ_core.u_eK_ifu.u_eL_ifu_iftMicb.req_same_cross_holdup_dfflr.qout_r	u_e203_cpu.u_e203_core.u_e203_exu.u_e203_exu_regfile.regfile[11].rfno0.rf_dffl.qout_r[31]$_DFFE_PP_/Q	u_e203_cpu.u_e203_core.u_e203_ifu.u_e203_ifu_ift2icb.req_same_cross_holdup_dfflr.qout_r$_DFFE_PN0P_/D
875	-0.2035	u_eI_cpu.u_eJ_core.u_eK_ifu.u_eL_ifu_ifetch.ifu_prdt_taken_dfflr.qout_r	cmt_dcause[I]	u_e203_cpu.u_e203_core.u_e203_ifu.u_e203_ifu_ifetch.ifu_prdt_taken_dfflr.qout_r$_DFFE_PN0P_/Q	cmt_dcause[0]
876	-0.2033	u_eI_cpu.u_eJ_core.u_eK_ifu.u_eL_ifu_iftMicb.icb_state_dfflr.qout_r[N]	u_eI_cpu.u_eJ_clk_ctrl.u_biu_clkgate.enb	u_e203_cpu.u_e203_core.u_e203_ifu.u_e203_ifu_ift2icb.icb_state_dfflr.qout_r[0]$_DFFE_PN0P_/Q	u_e203_cpu.u_e203_clk_ctrl.u_biu_clkgate.enb$_DLATCH_N_/D
877	-0.2028	u_eI_cpu.u_eJ_core.u_eK_exu.u_eL_exu_regfile.regfile[M].rfnoN.rf_dffl.qout_r[O]	u_eI_cpu.u_eJ_core.u_eK_biu.u_sirv_gnrl_icb_buffer.outs_cnt_dfflr.qout_r	u_e203_cpu.u_e203_core.u_e203_exu.u_e203_exu_regfile.regfile[11].rfno0.rf_dffl.qout_r[31]$_DFFE_PP_/Q	u_e203_cpu.u_e203_core.u_e203_biu.u_sirv_gnrl_icb_buffer.outs_cnt_dfflr.qout_r$_DFFE_PN0P_/D
878	-0.2025	u_eI_cpu.u_eJ_core.u_eK_ifu.u_eL_ifu_iftMicb.icb_state_dfflr.qout_r[N]	u_eI_cpu.u_eJ_core.u_eK_ifu.u_eL_ifu_iftMicb.icb_addr_N_O_dffl.qout_r[P]	u_e203_cpu.u_e203_core.u_e203_ifu.u_e203_ifu_ift2icb.icb_state_dfflr.qout_r[0]$_DFFE_PN0P_/Q	u_e203_cpu.u_e203_core.u_e203_ifu.u_e203_ifu_ift2icb.icb_addr_2_1_dffl.qout_r[1]$_DFFE_PP_/D
879	-0.2024	u_eI_cpu.u_eJ_core.u_eK_exu.u_eL_exu_regfile.regfile[M].rfnoN.rf_dffl.qout_r[O]	u_eI_cpu.u_eJ_core.u_eK_biu.u_sirv_gnrl_icb_buffer.u_sirv_gnrl_cmd_fifo.dp_gtL.vec_M_dfflrs.qout_r	u_e203_cpu.u_e203_core.u_e203_exu.u_e203_exu_regfile.regfile[11].rfno0.rf_dffl.qout_r[31]$_DFFE_PP_/Q	u_e203_cpu.u_e203_core.u_e203_biu.u_sirv_gnrl_icb_buffer.u_sirv_gnrl_cmd_fifo.dp_gt0.vec_0_dfflrs.qout_r$_DFFE_PN1P_/D
880	-0.2022	u_eI_cpu.u_eJ_core.u_eK_exu.u_eL_exu_csr.status_mie_dfflr.qout_r	core_wfi	u_e203_cpu.u_e203_core.u_e203_exu.u_e203_exu_csr.status_mie_dfflr.qout_r$_DFFE_PN0P_/QN	core_wfi
881	-0.2021	u_eI_cpu.u_eJ_core.u_eK_ifu.u_eL_ifu_iftMicb.icb_state_dfflr.qout_r[N]	u_eI_cpu.u_eJ_core.u_eK_biu.u_biu_icb_arbt.arbt_num_gt_L_gen.dp_M.u_sirv_gnrl_rspid_fifo.dp_gt_N.dat_dfflr.qout_r	u_e203_cpu.u_e203_core.u_e203_ifu.u_e203_ifu_ift2icb.icb_state_dfflr.qout_r[0]$_DFFE_PN0P_/Q	u_e203_cpu.u_e203_core.u_e203_biu.u_biu_icb_arbt.arbt_num_gt_1_gen.dp_1.u_sirv_gnrl_rspid_fifo.dp_gt_0.dat_dfflr.qout_r$_DFFE_PP_/D
882	-0.2021	u_eI_cpu.u_eJ_core.u_eK_ifu.u_eL_ifu_ifetch.ir_rsMidx_dfflr.qout_r[N]	u_eI_cpu.u_eJ_clk_ctrl.u_dtcm_clkgate.enb	u_e203_cpu.u_e203_core.u_e203_ifu.u_e203_ifu_ifetch.ir_rs1idx_dfflr.qout_r[3]$_DFFE_PN0P_/Q	u_e203_cpu.u_e203_clk_ctrl.u_dtcm_clkgate.enb$_DLATCH_N_/D
883	-0.2017	u_eI_cpu.u_eJ_core.u_eK_ifu.u_eL_ifu_ifetch.ifu_hi_ir_dfflr.qout_r[M]	u_eI_cpu.u_eJ_itcm_ctrl.u_itcm_icb_arbt.arbt_num_gt_K_gen.dp_L.u_sirv_gnrl_rspid_fifo.dp_gt_M.dat_dfflr.qout_r	u_e203_cpu.u_e203_core.u_e203_ifu.u_e203_ifu_ifetch.ifu_hi_ir_dfflr.qout_r[13]$_DFFE_PN0P_/Q	u_e203_cpu.u_e203_itcm_ctrl.u_itcm_icb_arbt.arbt_num_gt_1_gen.dp_1.u_sirv_gnrl_rspid_fifo.dp_gt_0.dat_dfflr.qout_r$_DFFE_PP_/D
884	-0.2016	u_eI_cpu.u_eJ_core.u_eK_ifu.u_eL_ifu_iftMicb.icb_state_dfflr.qout_r[N]	u_eI_cpu.u_eJ_core.u_eK_ifu.u_eL_ifu_ifetch.out_flag_dfflr.qout_r	u_e203_cpu.u_e203_core.u_e203_ifu.u_e203_ifu_ift2icb.icb_state_dfflr.qout_r[0]$_DFFE_PN0P_/Q	u_e203_cpu.u_e203_core.u_e203_ifu.u_e203_ifu_ifetch.out_flag_dfflr.qout_r$_DFFE_PN0P_/D
885	-0.2012	u_eI_cpu.u_eJ_core.u_eK_ifu.u_eL_ifu_ifetch.ifu_hi_ir_dfflr.qout_r[M]	u_eI_cpu.u_eJ_core.u_eK_exu.u_eL_exu_csr.status_mpie_dfflr.qout_r	u_e203_cpu.u_e203_core.u_e203_ifu.u_e203_ifu_ifetch.ifu_hi_ir_dfflr.qout_r[13]$_DFFE_PN0P_/Q	u_e203_cpu.u_e203_core.u_e203_exu.u_e203_exu_csr.status_mpie_dfflr.qout_r$_DFFE_PN0P_/D
886	-0.2004	u_eI_cpu.u_eJ_core.u_eK_exu.u_eL_exu_regfile.regfile[M].rfnoN.rf_dffl.qout_r[O]	u_eI_cpu.u_eJ_core.u_eK_exu.u_eL_exu_csr.minstret_dfflr.qout_r[M]	u_e203_cpu.u_e203_core.u_e203_exu.u_e203_exu_regfile.regfile[11].rfno0.rf_dffl.qout_r[31]$_DFFE_PP_/Q	u_e203_cpu.u_e203_core.u_e203_exu.u_e203_exu_csr.minstret_dfflr.qout_r[29]$_DFFE_PN0P_/D
887	-0.1995	u_eI_cpu.u_eJ_core.u_eK_ifu.u_eL_ifu_ifetch.ir_rsMidx_dfflr.qout_r[N]	u_eI_cpu.u_eJ_core.u_eK_exu.u_eL_exu_oitf.depth_gtM.alc_ptr_dfflrs.qout_r	u_e203_cpu.u_e203_core.u_e203_ifu.u_e203_ifu_ifetch.ir_rs1idx_dfflr.qout_r[3]$_DFFE_PN0P_/Q	u_e203_cpu.u_e203_core.u_e203_exu.u_e203_exu_oitf.depth_gt1.alc_ptr_dfflrs.qout_r$_DFFE_PN0P_/D
888	-0.1993	u_eI_cpu.u_eJ_core.u_eK_ifu.u_eL_ifu_ifetch.ifu_lo_ir_dfflr.qout_r[M]	u_eI_cpu.u_eJ_core.u_eK_exu.u_eL_exu_csr.cause_dfflr.qout_r[M]	u_e203_cpu.u_e203_core.u_e203_ifu.u_e203_ifu_ifetch.ifu_lo_ir_dfflr.qout_r[13]$_DFFE_PN0P_/Q	u_e203_cpu.u_e203_core.u_e203_exu.u_e203_exu_csr.cause_dfflr.qout_r[0]$_DFFE_PN0P_/D
889	-0.1985	u_eI_cpu.u_eJ_core.u_eK_ifu.u_eL_ifu_ifetch.ir_rsMidx_dfflr.qout_r[N]	u_eI_cpu.u_eJ_core.u_eK_exu.u_eL_exu_csr.badaddr_dfflr.qout_r[M]	u_e203_cpu.u_e203_core.u_e203_ifu.u_e203_ifu_ifetch.ir_rs1idx_dfflr.qout_r[3]$_DFFE_PN0P_/Q	u_e203_cpu.u_e203_core.u_e203_exu.u_e203_exu_csr.badaddr_dfflr.qout_r[0]$_DFFE_PN0P_/D
890	-0.1979	u_eI_cpu.u_eJ_core.u_eK_lsu.u_eL_lsu_ctrl.u_lsu_icb_arbt.arbt_num_gt_M_gen.dp_N.u_sirv_gnrl_rspid_fifo.dp_gt_O.dat_dfflr.qout_r	cmt_dpc_ena	u_e203_cpu.u_e203_core.u_e203_lsu.u_e203_lsu_ctrl.u_lsu_icb_arbt.arbt_num_gt_1_gen.dp_1.u_sirv_gnrl_rspid_fifo.dp_gt_0.dat_dfflr.qout_r$_DFFE_PP_/Q	cmt_dpc_ena
891	-0.1973	u_eI_cpu.u_eJ_core.u_eK_ifu.u_eL_ifu_ifetch.ir_muldiv_bMb_dfflr.qout_r	cmt_dpc_ena	u_e203_cpu.u_e203_core.u_e203_ifu.u_e203_ifu_ifetch.ir_muldiv_b2b_dfflr.qout_r$_DFFE_PN0P_/Q	cmt_dpc_ena
892	-0.1966	u_eI_cpu.u_eJ_core.u_eK_ifu.u_eL_ifu_iftMicb.icb_state_dfflr.qout_r[N]	u_eI_cpu.u_eJ_itcm_ctrl.u_sram_icb_ctrl.u_byp_icb_cmd_buf.u_bypbuf_fifo.dp_gtK.fifo_rf[L].fifo_rf_dffl.qout_r[M]	u_e203_cpu.u_e203_core.u_e203_ifu.u_e203_ifu_ift2icb.icb_state_dfflr.qout_r[0]$_DFFE_PN0P_/Q	u_e203_cpu.u_e203_itcm_ctrl.u_sram_icb_ctrl.u_byp_icb_cmd_buf.u_bypbuf_fifo.dp_gt0.fifo_rf[0].fifo_rf_dffl.qout_r[44]$_DFFE_PP_/D
893	-0.1966	dbg_ebreakm_r	extIitcm_icb_cmd_ready	dbg_ebreakm_r	ext2itcm_icb_cmd_ready
894	-0.1956	u_eI_cpu.u_eJ_core.u_eK_ifu.u_eL_ifu_ifetch.ir_rsMidx_dfflr.qout_r[N]	u_eI_cpu.u_eJ_core.u_eK_exu.u_eL_exu_oitf.oitf_entries[M].vld_dfflrs.qout_r	u_e203_cpu.u_e203_core.u_e203_ifu.u_e203_ifu_ifetch.ir_rs1idx_dfflr.qout_r[3]$_DFFE_PN0P_/Q	u_e203_cpu.u_e203_core.u_e203_exu.u_e203_exu_oitf.oitf_entries[1].vld_dfflrs.qout_r$_DFFE_PN0P_/D
895	-0.1955	u_eI_cpu.u_eJ_core.u_eK_ifu.u_eL_ifu_ifetch.ifu_lo_ir_dfflr.qout_r[M]	u_eI_cpu.u_eJ_core.u_eK_exu.u_eL_exu_alu.u_eM_exu_nice.u_nice_itag_fifo.dp_gtN.dp_gtO.wptr_vec_P_dfflr.qout_r[Q]	u_e203_cpu.u_e203_core.u_e203_ifu.u_e203_ifu_ifetch.ifu_lo_ir_dfflr.qout_r[13]$_DFFE_PN0P_/Q	u_e203_cpu.u_e203_core.u_e203_exu.u_e203_exu_alu.u_e203_exu_nice.u_nice_itag_fifo.dp_gt0.dp_gt1.wptr_vec_31_dfflr.qout_r[0]$_DFFE_PN0P_/D
896	-0.1953	u_eI_cpu.u_eJ_core.u_eK_exu.u_eL_exu_alu.u_eM_exu_alu_muldiv.muldiv_state_dfflr.qout_r[N]	u_eI_cpu.u_eJ_core.u_eK_ifu.u_eL_ifu_ifetch.ifu_hi_ir_dfflr.qout_r[M]	u_e203_cpu.u_e203_core.u_e203_exu.u_e203_exu_alu.u_e203_exu_alu_muldiv.muldiv_state_dfflr.qout_r[1]$_DFFE_PN0P_/Q	u_e203_cpu.u_e203_core.u_e203_ifu.u_e203_ifu_ifetch.ifu_hi_ir_dfflr.qout_r[9]$_DFFE_PN0P_/D
897	-0.1947	u_eI_cpu.u_eJ_core.u_eK_exu.u_eL_exu_regfile.regfile[M].rfnoN.rf_dffl.qout_r[O]	u_eI_cpu.u_eJ_clk_ctrl.itcm_active_dffr.qout_r	u_e203_cpu.u_e203_core.u_e203_exu.u_e203_exu_regfile.regfile[11].rfno0.rf_dffl.qout_r[31]$_DFFE_PP_/Q	u_e203_cpu.u_e203_clk_ctrl.itcm_active_dffr.qout_r$_DFF_PN0_/D
898	-0.1939	extIdtcm_icb_rsp_ready	cmt_dcause[I]	ext2dtcm_icb_rsp_ready	cmt_dcause[0]
899	-0.1932	u_eI_cpu.u_eJ_core.u_eK_ifu.u_eL_ifu_ifetch.ir_rsMidx_dfflr.qout_r[N]	u_eI_cpu.u_eJ_core.u_eK_exu.u_eL_exu_regfile.regfile[M].rfnoN.rf_dffl.qout_r[O]	u_e203_cpu.u_e203_core.u_e203_ifu.u_e203_ifu_ifetch.ir_rs1idx_dfflr.qout_r[3]$_DFFE_PN0P_/Q	u_e203_cpu.u_e203_core.u_e203_exu.u_e203_exu_regfile.regfile[11].rfno0.rf_dffl.qout_r[10]$_DFFE_PP_/D
900	-0.1929	u_eI_cpu.u_eJ_core.u_eK_ifu.u_eL_ifu_iftMicb.icb_state_dfflr.qout_r[N]	u_eI_cpu.u_eJ_core.u_eK_ifu.u_eL_ifu_iftMicb.icbNmem_dfflr.qout_r	u_e203_cpu.u_e203_core.u_e203_ifu.u_e203_ifu_ift2icb.icb_state_dfflr.qout_r[0]$_DFFE_PN0P_/Q	u_e203_cpu.u_e203_core.u_e203_ifu.u_e203_ifu_ift2icb.icb2mem_dfflr.qout_r$_DFFE_PN0P_/D
901	-0.1929	u_eI_cpu.u_eJ_core.u_eK_exu.u_eL_exu_regfile.regfile[M].rfnoN.rf_dffl.qout_r[O]	u_eI_cpu.u_eJ_core.u_eK_ifu.u_eL_ifu_ifetch.reset_req_dfflr.qout_r	u_e203_cpu.u_e203_core.u_e203_exu.u_e203_exu_regfile.regfile[11].rfno0.rf_dffl.qout_r[31]$_DFFE_PP_/Q	u_e203_cpu.u_e203_core.u_e203_ifu.u_e203_ifu_ifetch.reset_req_dfflr.qout_r$_DFFE_PN0P_/D
902	-0.1926	u_eI_cpu.u_eJ_core.u_eK_ifu.u_eL_ifu_ifetch.ir_rsMidx_dfflr.qout_r[N]	u_eI_cpu.u_eJ_core.u_eK_exu.u_eL_exu_csr.epc_dfflr.qout_r[M]	u_e203_cpu.u_e203_core.u_e203_ifu.u_e203_ifu_ifetch.ir_rs1idx_dfflr.qout_r[3]$_DFFE_PN0P_/Q	u_e203_cpu.u_e203_core.u_e203_exu.u_e203_exu_csr.epc_dfflr.qout_r[24]$_DFFE_PN0P_/D
903	-0.1921	dbg_halt_r	u_eI_cpu.u_eJ_clk_ctrl.u_ifu_clkgate.enb	dbg_halt_r	u_e203_cpu.u_e203_clk_ctrl.u_ifu_clkgate.enb$_DLATCH_N_/D
904	-0.1918	u_eI_cpu.u_eJ_core.u_eK_ifu.u_eL_ifu_iftMicb.icb_state_dfflr.qout_r[N]	u_eI_cpu.u_eJ_core.u_eK_ifu.u_eL_ifu_ifetch.ir_valid_dfflr.qout_r	u_e203_cpu.u_e203_core.u_e203_ifu.u_e203_ifu_ift2icb.icb_state_dfflr.qout_r[0]$_DFFE_PN0P_/Q	u_e203_cpu.u_e203_core.u_e203_ifu.u_e203_ifu_ifetch.ir_valid_dfflr.qout_r$_DFFE_PN0P_/D
905	-0.1917	u_eI_cpu.u_eJ_irq_sync.master_gen.u_dbg_irq_sync.sync_gen[K].i_is_not_L.sync_dffr.qout_r	cmt_dpc_ena	u_e203_cpu.u_e203_irq_sync.master_gen.u_dbg_irq_sync.sync_gen[1].i_is_not_0.sync_dffr.qout_r$_DFF_PN0_/Q	cmt_dpc_ena
906	-0.1917	u_eI_cpu.u_eJ_irq_sync.master_gen.u_tmr_irq_sync.sync_gen[K].i_is_not_L.sync_dffr.qout_r	u_eI_cpu.u_eJ_core.u_eK_ifu.u_eL_ifu_ifetch.ifu_hi_ir_dfflr.qout_r[M]	u_e203_cpu.u_e203_irq_sync.master_gen.u_tmr_irq_sync.sync_gen[1].i_is_not_0.sync_dffr.qout_r$_DFF_PN0_/Q	u_e203_cpu.u_e203_core.u_e203_ifu.u_e203_ifu_ifetch.ifu_hi_ir_dfflr.qout_r[9]$_DFFE_PN0P_/D
907	-0.1913	dbg_halt_r	u_eI_cpu.u_eJ_core.u_eK_ifu.u_eL_ifu_ifetch.halt_ack_dfflr.qout_r	dbg_halt_r	u_e203_cpu.u_e203_core.u_e203_ifu.u_e203_ifu_ifetch.halt_ack_dfflr.qout_r$_DFFE_PN0P_/D
908	-0.1907	u_eI_cpu.u_eJ_core.u_eK_ifu.u_eL_ifu_ifetch.ifu_lo_ir_dfflr.qout_r[M]	u_eI_cpu.u_eJ_core.u_eK_lsu.u_eL_lsu_ctrl.u_eM_lsu_splt_stage.dp_gt_N.vld_dfflr.qout_r	u_e203_cpu.u_e203_core.u_e203_ifu.u_e203_ifu_ifetch.ifu_lo_ir_dfflr.qout_r[13]$_DFFE_PN0P_/Q	u_e203_cpu.u_e203_core.u_e203_lsu.u_e203_lsu_ctrl.u_e203_lsu_splt_stage.dp_gt_0.vld_dfflr.qout_r$_DFFE_PN0P_/D
909	-0.1907	u_eI_cpu.u_eJ_core.u_eK_ifu.u_eL_ifu_ifetch.ifu_lo_ir_dfflr.qout_r[M]	u_eI_cpu.u_eJ_core.u_eK_lsu.u_eL_lsu_ctrl.u_lsu_icb_arbt.arbt_num_gt_M_gen.dp_N.u_sirv_gnrl_rspid_fifo.dp_gt_O.vld_dfflr.qout_r	u_e203_cpu.u_e203_core.u_e203_ifu.u_e203_ifu_ifetch.ifu_lo_ir_dfflr.qout_r[13]$_DFFE_PN0P_/Q	u_e203_cpu.u_e203_core.u_e203_lsu.u_e203_lsu_ctrl.u_lsu_icb_arbt.arbt_num_gt_1_gen.dp_1.u_sirv_gnrl_rspid_fifo.dp_gt_0.vld_dfflr.qout_r$_DFFE_PN0P_/D
910	-0.1899	u_eI_cpu.u_eJ_core.u_eK_ifu.u_eL_ifu_iftMicb.icb_state_dfflr.qout_r[N]	u_eI_cpu.u_eJ_core.u_eK_ifu.u_eL_ifu_iftMicb.req_same_cross_holdup_dfflr.qout_r	u_e203_cpu.u_e203_core.u_e203_ifu.u_e203_ifu_ift2icb.icb_state_dfflr.qout_r[0]$_DFFE_PN0P_/Q	u_e203_cpu.u_e203_core.u_e203_ifu.u_e203_ifu_ift2icb.req_same_cross_holdup_dfflr.qout_r$_DFFE_PN0P_/D
911	-0.1898	u_eI_cpu.u_eJ_core.u_eK_biu.u_sirv_gnrl_icb_buffer.u_sirv_gnrl_rsp_fifo.dp_gtL.fifo_rf[M].fifo_rf_dffl.qout_r[N]	cmt_dpc_ena	u_e203_cpu.u_e203_core.u_e203_biu.u_sirv_gnrl_icb_buffer.u_sirv_gnrl_rsp_fifo.dp_gt0.fifo_rf[0].fifo_rf_dffl.qout_r[34]$_DFFE_PP_/Q	cmt_dpc_ena
912	-0.1897	u_eI_cpu.u_eJ_itcm_ctrl.u_sram_icb_ctrl.u_sirv_Kcyc_sram_ctrl.u_eL_stage.dp_gt_M.dat_dfflr.qout_r[N]	cmt_dpc_ena	u_e203_cpu.u_e203_itcm_ctrl.u_sram_icb_ctrl.u_sirv_1cyc_sram_ctrl.u_e1_stage.dp_gt_0.dat_dfflr.qout_r[1]$_DFFE_PP_/QN	cmt_dpc_ena
913	-0.1892	u_eI_cpu.u_eJ_core.u_eK_ifu.u_eL_ifu_ifetch.ifu_hi_ir_dfflr.qout_r[M]	u_eI_cpu.u_eJ_core.u_eK_ifu.u_eL_ifu_ifetch.ir_pc_vld_dfflr.qout_r	u_e203_cpu.u_e203_core.u_e203_ifu.u_e203_ifu_ifetch.ifu_hi_ir_dfflr.qout_r[13]$_DFFE_PN0P_/Q	u_e203_cpu.u_e203_core.u_e203_ifu.u_e203_ifu_ifetch.ir_pc_vld_dfflr.qout_r$_DFFE_PN0P_/D
914	-0.1890	u_eI_cpu.u_eJ_core.u_eK_exu.u_eL_exu_alu.u_eM_exu_alu_muldiv.muldiv_state_dfflr.qout_r[N]	u_eI_cpu.u_eJ_core.u_eK_ifu.u_eL_ifu_iftMicb.leftover_dffl.qout_r[N]	u_e203_cpu.u_e203_core.u_e203_exu.u_e203_exu_alu.u_e203_exu_alu_muldiv.muldiv_state_dfflr.qout_r[1]$_DFFE_PN0P_/Q	u_e203_cpu.u_e203_core.u_e203_ifu.u_e203_ifu_ift2icb.leftover_dffl.qout_r[10]$_DFFE_PP_/D
915	-0.1889	u_eI_cpu.u_eJ_core.u_eK_ifu.u_eL_ifu_iftMicb.req_same_cross_holdup_dfflr.qout_r	u_eI_cpu.u_eJ_core.u_eK_ifu.u_eL_ifu_ifetch.ir_muldiv_bMb_dfflr.qout_r	u_e203_cpu.u_e203_core.u_e203_ifu.u_e203_ifu_ift2icb.req_same_cross_holdup_dfflr.qout_r$_DFFE_PN0P_/Q	u_e203_cpu.u_e203_core.u_e203_ifu.u_e203_ifu_ifetch.ir_muldiv_b2b_dfflr.qout_r$_DFFE_PN0P_/D
916	-0.1888	u_eI_cpu.u_eJ_core.u_eK_exu.u_eL_exu_alu.u_eM_exu_alu_lsuagu.icb_state_dfflr.qout_r[N]	u_eI_cpu.u_eJ_core.u_eK_ifu.u_eL_ifu_ifetch.ir_muldiv_bMb_dfflr.qout_r	u_e203_cpu.u_e203_core.u_e203_exu.u_e203_exu_alu.u_e203_exu_alu_lsuagu.icb_state_dfflr.qout_r[1]$_DFFE_PN0P_/Q	u_e203_cpu.u_e203_core.u_e203_ifu.u_e203_ifu_ifetch.ir_muldiv_b2b_dfflr.qout_r$_DFFE_PN0P_/D
917	-0.1886	u_eI_cpu.u_eJ_core.u_eK_exu.u_eL_exu_regfile.regfile[M].rfnoN.rf_dffl.qout_r[O]	u_eI_cpu.u_eJ_itcm_ctrl.u_sram_icb_ctrl.u_sirv_Kcyc_sram_ctrl.u_eL_stage.dp_gt_M.vld_dfflr.qout_r	u_e203_cpu.u_e203_core.u_e203_exu.u_e203_exu_regfile.regfile[11].rfno0.rf_dffl.qout_r[31]$_DFFE_PP_/Q	u_e203_cpu.u_e203_itcm_ctrl.u_sram_icb_ctrl.u_sirv_1cyc_sram_ctrl.u_e1_stage.dp_gt_0.vld_dfflr.qout_r$_DFFE_PN0P_/D
918	-0.1881	u_eI_cpu.u_eJ_core.u_eK_ifu.u_eL_ifu_iftMicb.icb_state_dfflr.qout_r[N]	u_eI_cpu.u_eJ_core.u_eK_biu.u_sirv_gnrl_icb_buffer.outs_cnt_dfflr.qout_r	u_e203_cpu.u_e203_core.u_e203_ifu.u_e203_ifu_ift2icb.icb_state_dfflr.qout_r[0]$_DFFE_PN0P_/Q	u_e203_cpu.u_e203_core.u_e203_biu.u_sirv_gnrl_icb_buffer.outs_cnt_dfflr.qout_r$_DFFE_PN0P_/D
919	-0.1880	u_eI_cpu.u_eJ_core.u_eK_ifu.u_eL_ifu_iftMicb.req_same_cross_holdup_dfflr.qout_r	u_eI_cpu.u_eJ_core.u_eK_ifu.u_eL_ifu_ifetch.ir_rsMidx_dfflr.qout_r[N]	u_e203_cpu.u_e203_core.u_e203_ifu.u_e203_ifu_ift2icb.req_same_cross_holdup_dfflr.qout_r$_DFFE_PN0P_/Q	u_e203_cpu.u_e203_core.u_e203_ifu.u_e203_ifu_ifetch.ir_rs1idx_dfflr.qout_r[0]$_DFFE_PN0P_/D
920	-0.1879	u_eI_cpu.u_eJ_core.u_eK_exu.u_eL_exu_alu.u_eM_exu_alu_lsuagu.icb_state_dfflr.qout_r[N]	u_eI_cpu.u_eJ_core.u_eK_ifu.u_eL_ifu_ifetch.ir_rsMidx_dfflr.qout_r[N]	u_e203_cpu.u_e203_core.u_e203_exu.u_e203_exu_alu.u_e203_exu_alu_lsuagu.icb_state_dfflr.qout_r[1]$_DFFE_PN0P_/Q	u_e203_cpu.u_e203_core.u_e203_ifu.u_e203_ifu_ifetch.ir_rs1idx_dfflr.qout_r[0]$_DFFE_PN0P_/D
921	-0.1878	u_eI_cpu.u_eJ_core.u_eK_ifu.u_eL_ifu_iftMicb.icb_state_dfflr.qout_r[N]	u_eI_cpu.u_eJ_core.u_eK_biu.u_sirv_gnrl_icb_buffer.u_sirv_gnrl_cmd_fifo.dp_gtL.vec_M_dfflrs.qout_r	u_e203_cpu.u_e203_core.u_e203_ifu.u_e203_ifu_ift2icb.icb_state_dfflr.qout_r[0]$_DFFE_PN0P_/Q	u_e203_cpu.u_e203_core.u_e203_biu.u_sirv_gnrl_icb_buffer.u_sirv_gnrl_cmd_fifo.dp_gt0.vec_0_dfflrs.qout_r$_DFFE_PN1P_/D
922	-0.1878	u_eI_cpu.u_eJ_core.u_eK_ifu.u_eL_ifu_ifetch.ifu_lo_ir_dfflr.qout_r[M]	u_eI_cpu.u_eJ_core.u_eK_exu.u_eL_exu_csr.status_mie_dfflr.qout_r	u_e203_cpu.u_e203_core.u_e203_ifu.u_e203_ifu_ifetch.ifu_lo_ir_dfflr.qout_r[13]$_DFFE_PN0P_/Q	u_e203_cpu.u_e203_core.u_e203_exu.u_e203_exu_csr.status_mie_dfflr.qout_r$_DFFE_PN0P_/D
923	-0.1874	u_eI_cpu.u_eJ_core.u_eK_ifu.u_eL_ifu_ifetch.ifu_hi_ir_dfflr.qout_r[M]	u_eI_cpu.u_eJ_core.u_eK_exu.u_eL_exu_alu.u_eM_exu_alu_muldiv.muldiv_state_dfflr.qout_r[N]	u_e203_cpu.u_e203_core.u_e203_ifu.u_e203_ifu_ifetch.ifu_hi_ir_dfflr.qout_r[13]$_DFFE_PN0P_/Q	u_e203_cpu.u_e203_core.u_e203_exu.u_e203_exu_alu.u_e203_exu_alu_muldiv.muldiv_state_dfflr.qout_r[2]$_DFFE_PN0P_/D
924	-0.1872	u_eI_cpu.u_eJ_core.u_eK_exu.u_eL_exu_csr.mie_dfflr.qout_r[M]	u_eI_cpu.u_eJ_core.u_eK_ifu.u_eL_ifu_ifetch.ifu_hi_ir_dfflr.qout_r[M]	u_e203_cpu.u_e203_core.u_e203_exu.u_e203_exu_csr.mie_dfflr.qout_r[7]$_DFFE_PN0P_/Q	u_e203_cpu.u_e203_core.u_e203_ifu.u_e203_ifu_ifetch.ifu_hi_ir_dfflr.qout_r[9]$_DFFE_PN0P_/D
925	-0.1869	extIitcm_icb_rsp_ready	cmt_dcause_ena	ext2itcm_icb_rsp_ready	cmt_dcause_ena
926	-0.1867	u_eI_cpu.u_eJ_core.u_eK_exu.u_eL_exu_alu.u_eM_exu_alu_muldiv.muldiv_state_dfflr.qout_r[N]	u_eI_cpu.u_eJ_core.u_eK_ifu.u_eL_ifu_ifetch.ifu_lo_ir_dfflr.qout_r[M]	u_e203_cpu.u_e203_core.u_e203_exu.u_e203_exu_alu.u_e203_exu_alu_muldiv.muldiv_state_dfflr.qout_r[1]$_DFFE_PN0P_/Q	u_e203_cpu.u_e203_core.u_e203_ifu.u_e203_ifu_ifetch.ifu_lo_ir_dfflr.qout_r[13]$_DFFE_PN0P_/D
927	-0.1866	u_eI_cpu.u_eJ_itcm_ctrl.u_itcm_icb_arbt.arbt_num_gt_K_gen.dp_L.u_sirv_gnrl_rspid_fifo.dp_gt_M.dat_dfflr.qout_r	cmt_dpc_ena	u_e203_cpu.u_e203_itcm_ctrl.u_itcm_icb_arbt.arbt_num_gt_1_gen.dp_1.u_sirv_gnrl_rspid_fifo.dp_gt_0.dat_dfflr.qout_r$_DFFE_PP_/Q	cmt_dpc_ena
928	-0.1865	u_eI_cpu.u_eJ_core.u_eK_exu.u_eL_exu_regfile.regfile[M].rfnoN.rf_dffl.qout_r[O]	u_eI_cpu.u_eJ_itcm_ctrl.u_sram_icb_ctrl.u_sirv_Kcyc_sram_ctrl.u_ram_clkgate.enb	u_e203_cpu.u_e203_core.u_e203_exu.u_e203_exu_regfile.regfile[11].rfno0.rf_dffl.qout_r[31]$_DFFE_PP_/Q	u_e203_cpu.u_e203_itcm_ctrl.u_sram_icb_ctrl.u_sirv_1cyc_sram_ctrl.u_ram_clkgate.enb$_DLATCH_N_/D
929	-0.1864	u_eI_cpu.u_eJ_core.u_eK_exu.u_eL_exu_regfile.regfile[M].rfnoN.rf_dffl.qout_r[O]	u_eI_cpu.u_eJ_core.u_eK_ifu.u_eL_ifu_ifetch.dly_flush_dfflr.qout_r	u_e203_cpu.u_e203_core.u_e203_exu.u_e203_exu_regfile.regfile[11].rfno0.rf_dffl.qout_r[31]$_DFFE_PP_/Q	u_e203_cpu.u_e203_core.u_e203_ifu.u_e203_ifu_ifetch.dly_flush_dfflr.qout_r$_DFFE_PN0P_/D
930	-0.1863	dbg_ebreakm_r	extIdtcm_icb_cmd_ready	dbg_ebreakm_r	ext2dtcm_icb_cmd_ready
931	-0.1859	u_eI_cpu.u_eJ_core.u_eK_ifu.u_eL_ifu_ifetch.ifu_prdt_taken_dfflr.qout_r	core_wfi	u_e203_cpu.u_e203_core.u_e203_ifu.u_e203_ifu_ifetch.ifu_prdt_taken_dfflr.qout_r$_DFFE_PN0P_/Q	core_wfi
932	-0.1854	u_eI_cpu.u_eJ_irq_sync.master_gen.u_tmr_irq_sync.sync_gen[K].i_is_not_L.sync_dffr.qout_r	u_eI_cpu.u_eJ_core.u_eK_ifu.u_eL_ifu_iftMicb.leftover_dffl.qout_r[N]	u_e203_cpu.u_e203_irq_sync.master_gen.u_tmr_irq_sync.sync_gen[1].i_is_not_0.sync_dffr.qout_r$_DFF_PN0_/Q	u_e203_cpu.u_e203_core.u_e203_ifu.u_e203_ifu_ift2icb.leftover_dffl.qout_r[10]$_DFFE_PP_/D
933	-0.1843	u_eI_cpu.u_eJ_core.u_eK_ifu.u_eL_ifu_ifetch.ifu_lo_ir_dfflr.qout_r[M]	u_eI_cpu.u_eJ_core.u_eK_lsu.u_eL_lsu_ctrl.u_lsu_icb_arbt.arbt_num_gt_M_gen.dp_N.u_sirv_gnrl_rspid_fifo.dp_gt_O.dat_dfflr.qout_r	u_e203_cpu.u_e203_core.u_e203_ifu.u_e203_ifu_ifetch.ifu_lo_ir_dfflr.qout_r[13]$_DFFE_PN0P_/Q	u_e203_cpu.u_e203_core.u_e203_lsu.u_e203_lsu_ctrl.u_lsu_icb_arbt.arbt_num_gt_1_gen.dp_1.u_sirv_gnrl_rspid_fifo.dp_gt_0.dat_dfflr.qout_r$_DFFE_PP_/D
934	-0.1836	u_eI_cpu.u_eJ_core.u_eK_exu.u_eL_exu_regfile.regfile[M].rfnoN.rf_dffl.qout_r[O]	u_eI_cpu.u_eJ_core.u_eK_ifu.u_eL_ifu_iftMicb.u_eN_ifetch_rsp_bypbuf.u_bypbuf_fifo.dp_gtO.vec_P_dfflrs.qout_r	u_e203_cpu.u_e203_core.u_e203_exu.u_e203_exu_regfile.regfile[11].rfno0.rf_dffl.qout_r[31]$_DFFE_PP_/Q	u_e203_cpu.u_e203_core.u_e203_ifu.u_e203_ifu_ift2icb.u_e203_ifetch_rsp_bypbuf.u_bypbuf_fifo.dp_gt0.vec_0_dfflrs.qout_r$_DFFE_PN1P_/D
935	-0.1831	u_eI_cpu.u_eJ_irq_sync.master_gen.u_tmr_irq_sync.sync_gen[K].i_is_not_L.sync_dffr.qout_r	u_eI_cpu.u_eJ_core.u_eK_ifu.u_eL_ifu_ifetch.ifu_lo_ir_dfflr.qout_r[M]	u_e203_cpu.u_e203_irq_sync.master_gen.u_tmr_irq_sync.sync_gen[1].i_is_not_0.sync_dffr.qout_r$_DFF_PN0_/Q	u_e203_cpu.u_e203_core.u_e203_ifu.u_e203_ifu_ifetch.ifu_lo_ir_dfflr.qout_r[13]$_DFFE_PN0P_/D
936	-0.1821	u_eI_cpu.u_eJ_core.u_eK_exu.u_eL_exu_commit.u_eM_exu_excp.step_req_dfflr.qout_r	cmt_dpc_ena	u_e203_cpu.u_e203_core.u_e203_exu.u_e203_exu_commit.u_e203_exu_excp.step_req_dfflr.qout_r$_DFFE_PN0P_/Q	cmt_dpc_ena
937	-0.1817	dbg_mode	u_eI_cpu.u_eJ_nice_core.maddr_acc_dfflr.qout_r[K]	dbg_mode	u_e203_cpu.u_e203_nice_core.maddr_acc_dfflr.qout_r[30]$_DFFE_PN0P_/D
938	-0.1809	u_eI_cpu.u_eJ_core.u_eK_exu.u_eL_exu_csr.mie_dfflr.qout_r[M]	u_eI_cpu.u_eJ_core.u_eK_ifu.u_eL_ifu_iftMicb.leftover_dffl.qout_r[N]	u_e203_cpu.u_e203_core.u_e203_exu.u_e203_exu_csr.mie_dfflr.qout_r[7]$_DFFE_PN0P_/Q	u_e203_cpu.u_e203_core.u_e203_ifu.u_e203_ifu_ift2icb.leftover_dffl.qout_r[10]$_DFFE_PP_/D
939	-0.1809	u_eI_cpu.u_eJ_core.u_eK_ifu.u_eL_ifu_ifetch.ifu_hi_ir_dfflr.qout_r[M]	u_eI_cpu.u_eJ_core.u_eK_exu.u_eL_exu_alu.u_eM_exu_alu_muldiv.part_remd_sftN_dfflr.qout_r	u_e203_cpu.u_e203_core.u_e203_ifu.u_e203_ifu_ifetch.ifu_hi_ir_dfflr.qout_r[13]$_DFFE_PN0P_/Q	u_e203_cpu.u_e203_core.u_e203_exu.u_e203_exu_alu.u_e203_exu_alu_muldiv.part_remd_sft1_dfflr.qout_r$_DFFE_PN0P_/D
940	-0.1809	u_eI_cpu.u_eJ_core.u_eK_ifu.u_eL_ifu_iftMicb.icb_addr_N_O_dffl.qout_r[P]	u_eI_cpu.u_eJ_core.u_eK_ifu.u_eL_ifu_ifetch.ifu_hi_ir_dfflr.qout_r[M]	u_e203_cpu.u_e203_core.u_e203_ifu.u_e203_ifu_ift2icb.icb_addr_2_1_dffl.qout_r[0]$_DFFE_PP_/Q	u_e203_cpu.u_e203_core.u_e203_ifu.u_e203_ifu_ifetch.ifu_hi_ir_dfflr.qout_r[9]$_DFFE_PN0P_/D
941	-0.1801	u_eI_cpu.u_eJ_core.u_eK_ifu.u_eL_ifu_iftMicb.icb_state_dfflr.qout_r[N]	u_eI_cpu.u_eJ_clk_ctrl.itcm_active_dffr.qout_r	u_e203_cpu.u_e203_core.u_e203_ifu.u_e203_ifu_ift2icb.icb_state_dfflr.qout_r[0]$_DFFE_PN0P_/Q	u_e203_cpu.u_e203_clk_ctrl.itcm_active_dffr.qout_r$_DFF_PN0_/D
942	-0.1797	u_eI_cpu.u_eJ_core.u_eK_ifu.u_eL_ifu_ifetch.ifu_hi_ir_dfflr.qout_r[M]	u_eI_cpu.u_eJ_dtcm_ctrl.u_sram_icb_ctrl.u_sirv_Kcyc_sram_ctrl.u_eL_stage.dp_gt_M.vld_dfflr.qout_r	u_e203_cpu.u_e203_core.u_e203_ifu.u_e203_ifu_ifetch.ifu_hi_ir_dfflr.qout_r[13]$_DFFE_PN0P_/Q	u_e203_cpu.u_e203_dtcm_ctrl.u_sram_icb_ctrl.u_sirv_1cyc_sram_ctrl.u_e1_stage.dp_gt_0.vld_dfflr.qout_r$_DFFE_PN0P_/D
943	-0.1792	u_eI_cpu.u_eJ_core.u_eK_exu.u_eL_exu_regfile.regfile[M].rfnoN.rf_dffl.qout_r[O]	u_eI_cpu.u_eJ_core.u_eK_exu.u_eL_exu_alu.u_eM_exu_alu_dpath.sbf_N_dffl.qout_r[O]	u_e203_cpu.u_e203_core.u_e203_exu.u_e203_exu_regfile.regfile[11].rfno0.rf_dffl.qout_r[31]$_DFFE_PP_/Q	u_e203_cpu.u_e203_core.u_e203_exu.u_e203_exu_alu.u_e203_exu_alu_dpath.sbf_0_dffl.qout_r[8]$_DFFE_PP_/D
944	-0.1786	u_eI_cpu.u_eJ_core.u_eK_exu.u_eL_exu_csr.mie_dfflr.qout_r[M]	u_eI_cpu.u_eJ_core.u_eK_ifu.u_eL_ifu_ifetch.ifu_lo_ir_dfflr.qout_r[M]	u_e203_cpu.u_e203_core.u_e203_exu.u_e203_exu_csr.mie_dfflr.qout_r[7]$_DFFE_PN0P_/Q	u_e203_cpu.u_e203_core.u_e203_ifu.u_e203_ifu_ifetch.ifu_lo_ir_dfflr.qout_r[13]$_DFFE_PN0P_/D
945	-0.1782	u_eI_cpu.u_eJ_core.u_eK_ifu.u_eL_ifu_iftMicb.icb_state_dfflr.qout_r[N]	u_eI_cpu.u_eJ_core.u_eK_ifu.u_eL_ifu_ifetch.reset_req_dfflr.qout_r	u_e203_cpu.u_e203_core.u_e203_ifu.u_e203_ifu_ift2icb.icb_state_dfflr.qout_r[0]$_DFFE_PN0P_/Q	u_e203_cpu.u_e203_core.u_e203_ifu.u_e203_ifu_ifetch.reset_req_dfflr.qout_r$_DFFE_PN0P_/D
946	-0.1777	u_eI_cpu.u_eJ_core.u_eK_lsu.u_eL_lsu_ctrl.u_eM_lsu_splt_stage.dp_gt_N.vld_dfflr.qout_r	u_eI_cpu.u_eJ_core.u_eK_ifu.u_eL_ifu_ifetch.ifu_hi_ir_dfflr.qout_r[M]	u_e203_cpu.u_e203_core.u_e203_lsu.u_e203_lsu_ctrl.u_e203_lsu_splt_stage.dp_gt_0.vld_dfflr.qout_r$_DFFE_PN0P_/Q	u_e203_cpu.u_e203_core.u_e203_ifu.u_e203_ifu_ifetch.ifu_hi_ir_dfflr.qout_r[9]$_DFFE_PN0P_/D
947	-0.1773	u_eI_cpu.u_eJ_core.u_eK_ifu.u_eL_ifu_ifetch.ifu_lo_ir_dfflr.qout_r[M]	u_eI_cpu.u_eJ_dtcm_ctrl.u_dtcm_icb_arbt.arbt_num_gt_K_gen.dp_L.u_sirv_gnrl_rspid_fifo.dp_gt_M.vld_dfflr.qout_r	u_e203_cpu.u_e203_core.u_e203_ifu.u_e203_ifu_ifetch.ifu_lo_ir_dfflr.qout_r[13]$_DFFE_PN0P_/Q	u_e203_cpu.u_e203_dtcm_ctrl.u_dtcm_icb_arbt.arbt_num_gt_1_gen.dp_1.u_sirv_gnrl_rspid_fifo.dp_gt_0.vld_dfflr.qout_r$_DFFE_PN0P_/D
948	-0.1766	u_eI_cpu.u_eJ_core.u_eK_ifu.u_eL_ifu_ifetch.ifu_pc_dfflr.qout_r[M]	cmt_dcause_ena	u_e203_cpu.u_e203_core.u_e203_ifu.u_e203_ifu_ifetch.ifu_pc_dfflr.qout_r[13]$_DFFE_PN0P_/Q	cmt_dcause_ena
949	-0.1766	u_eI_cpu.u_eJ_core.u_eK_exu.u_eL_exu_regfile.regfile[M].rfnoN.rf_dffl.qout_r[O]	u_eI_cpu.u_eJ_core.u_eK_biu.u_biu_icb_arbt.arbt_num_gt_L_gen.dp_M.u_sirv_gnrl_rspid_fifo.dp_gt_N.vld_dfflr.qout_r	u_e203_cpu.u_e203_core.u_e203_exu.u_e203_exu_regfile.regfile[11].rfno0.rf_dffl.qout_r[31]$_DFFE_PP_/Q	u_e203_cpu.u_e203_core.u_e203_biu.u_biu_icb_arbt.arbt_num_gt_1_gen.dp_1.u_sirv_gnrl_rspid_fifo.dp_gt_0.vld_dfflr.qout_r$_DFFE_PN0P_/D
950	-0.1765	u_eI_cpu.u_eJ_core.u_eK_exu.u_eL_exu_regfile.regfile[M].rfnoN.rf_dffl.qout_r[O]	u_eI_cpu.u_eJ_core.u_eK_ifu.u_eL_ifu_iftMicb.icbNitcm_dfflr.qout_r	u_e203_cpu.u_e203_core.u_e203_exu.u_e203_exu_regfile.regfile[11].rfno0.rf_dffl.qout_r[31]$_DFFE_PP_/Q	u_e203_cpu.u_e203_core.u_e203_ifu.u_e203_ifu_ift2icb.icb2itcm_dfflr.qout_r$_DFFE_PN0P_/D
951	-0.1764	u_eI_cpu.u_eJ_core.u_eK_ifu.u_eL_ifu_ifetch.ifu_lo_ir_dfflr.qout_r[M]	u_eI_cpu.u_eJ_itcm_ctrl.u_itcm_icb_lsuKitcm_nLw.fifo_dp_M.u_sirv_gnrl_nNw_fifo.dp_gt_O.vld_dfflr.qout_r	u_e203_cpu.u_e203_core.u_e203_ifu.u_e203_ifu_ifetch.ifu_lo_ir_dfflr.qout_r[13]$_DFFE_PN0P_/Q	u_e203_cpu.u_e203_itcm_ctrl.u_itcm_icb_lsu2itcm_n2w.fifo_dp_1.u_sirv_gnrl_n2w_fifo.dp_gt_0.vld_dfflr.qout_r$_DFFE_PN0P_/D
952	-0.1763	extIdtcm_icb_rsp_ready	core_wfi	ext2dtcm_icb_rsp_ready	core_wfi
953	-0.1762	u_eI_cpu.u_eJ_core.u_eK_exu.u_eL_exu_regfile.regfile[M].rfnoN.rf_dffl.qout_r[O]	u_eI_cpu.u_eJ_core.u_eK_biu.u_sirv_gnrl_icb_buffer.u_sirv_gnrl_cmd_fifo.dp_gtL.vec_M_dfflr.qout_r	u_e203_cpu.u_e203_core.u_e203_exu.u_e203_exu_regfile.regfile[11].rfno0.rf_dffl.qout_r[31]$_DFFE_PP_/Q	u_e203_cpu.u_e203_core.u_e203_biu.u_sirv_gnrl_icb_buffer.u_sirv_gnrl_cmd_fifo.dp_gt0.vec_31_dfflr.qout_r$_DFFE_PN0P_/D
954	-0.1757	u_eI_cpu.u_eJ_core.u_eK_ifu.u_eL_ifu_ifetch.ifu_hi_ir_dfflr.qout_r[M]	u_eI_cpu.u_eJ_itcm_ctrl.u_itcm_icb_lsuKitcm_nLw.fifo_dp_M.u_sirv_gnrl_nNw_fifo.dp_gt_O.dat_dfflr.qout_r	u_e203_cpu.u_e203_core.u_e203_ifu.u_e203_ifu_ifetch.ifu_hi_ir_dfflr.qout_r[13]$_DFFE_PN0P_/Q	u_e203_cpu.u_e203_itcm_ctrl.u_itcm_icb_lsu2itcm_n2w.fifo_dp_1.u_sirv_gnrl_n2w_fifo.dp_gt_0.dat_dfflr.qout_r$_DFFE_PP_/D
955	-0.1753	u_eI_cpu.u_eJ_irq_sync.master_gen.u_sft_irq_sync.sync_gen[K].i_is_not_L.sync_dffr.qout_r	u_eI_cpu.u_eJ_core.u_eK_ifu.u_eL_ifu_ifetch.ifu_hi_ir_dfflr.qout_r[M]	u_e203_cpu.u_e203_irq_sync.master_gen.u_sft_irq_sync.sync_gen[1].i_is_not_0.sync_dffr.qout_r$_DFF_PN0_/Q	u_e203_cpu.u_e203_core.u_e203_ifu.u_e203_ifu_ifetch.ifu_hi_ir_dfflr.qout_r[9]$_DFFE_PN0P_/D
956	-0.1753	u_eI_cpu.u_eJ_core.u_eK_exu.u_eL_exu_regfile.regfile[M].rfnoN.rf_dffl.qout_r[O]	u_eI_cpu.u_eJ_itcm_ctrl.u_sram_icb_ctrl.u_byp_icb_cmd_buf.u_bypbuf_fifo.dp_gtK.vec_L_dfflrs.qout_r	u_e203_cpu.u_e203_core.u_e203_exu.u_e203_exu_regfile.regfile[11].rfno0.rf_dffl.qout_r[31]$_DFFE_PP_/Q	u_e203_cpu.u_e203_itcm_ctrl.u_sram_icb_ctrl.u_byp_icb_cmd_buf.u_bypbuf_fifo.dp_gt0.vec_0_dfflrs.qout_r$_DFFE_PN1P_/D
957	-0.1752	u_eI_cpu.u_eJ_core.u_eK_ifu.u_eL_ifu_iftMicb.req_same_cross_holdup_dfflr.qout_r	u_eI_cpu.u_eJ_core.u_eK_ifu.u_eL_ifu_iftMicb.leftover_err_dfflr.qout_r	u_e203_cpu.u_e203_core.u_e203_ifu.u_e203_ifu_ift2icb.req_same_cross_holdup_dfflr.qout_r$_DFFE_PN0P_/Q	u_e203_cpu.u_e203_core.u_e203_ifu.u_e203_ifu_ift2icb.leftover_err_dfflr.qout_r$_DFFE_PN0P_/D
958	-0.1751	u_eI_cpu.u_eJ_core.u_eK_exu.u_eL_exu_alu.u_eM_exu_alu_lsuagu.icb_state_dfflr.qout_r[N]	u_eI_cpu.u_eJ_core.u_eK_ifu.u_eL_ifu_iftMicb.leftover_err_dfflr.qout_r	u_e203_cpu.u_e203_core.u_e203_exu.u_e203_exu_alu.u_e203_exu_alu_lsuagu.icb_state_dfflr.qout_r[1]$_DFFE_PN0P_/Q	u_e203_cpu.u_e203_core.u_e203_ifu.u_e203_ifu_ift2icb.leftover_err_dfflr.qout_r$_DFFE_PN0P_/D
959	-0.1747	u_eI_cpu.u_eJ_core.u_eK_ifu.u_eL_ifu_iftMicb.icb_addr_N_O_dffl.qout_r[P]	u_eI_cpu.u_eJ_core.u_eK_ifu.u_eL_ifu_iftMicb.leftover_dffl.qout_r[N]	u_e203_cpu.u_e203_core.u_e203_ifu.u_e203_ifu_ift2icb.icb_addr_2_1_dffl.qout_r[0]$_DFFE_PP_/Q	u_e203_cpu.u_e203_core.u_e203_ifu.u_e203_ifu_ift2icb.leftover_dffl.qout_r[10]$_DFFE_PP_/D
960	-0.1745	u_eI_cpu.u_eJ_core.u_eK_ifu.u_eL_ifu_iftMicb.req_same_cross_holdup_dfflr.qout_r	u_eI_cpu.u_eJ_core.u_eK_ifu.u_eL_ifu_ifetch.ifu_err_dfflr.qout_r	u_e203_cpu.u_e203_core.u_e203_ifu.u_e203_ifu_ift2icb.req_same_cross_holdup_dfflr.qout_r$_DFFE_PN0P_/Q	u_e203_cpu.u_e203_core.u_e203_ifu.u_e203_ifu_ifetch.ifu_err_dfflr.qout_r$_DFFE_PN0P_/D
961	-0.1743	u_eI_cpu.u_eJ_core.u_eK_exu.u_eL_exu_alu.u_eM_exu_alu_lsuagu.icb_state_dfflr.qout_r[N]	u_eI_cpu.u_eJ_core.u_eK_ifu.u_eL_ifu_ifetch.ifu_err_dfflr.qout_r	u_e203_cpu.u_e203_core.u_e203_exu.u_e203_exu_alu.u_e203_exu_alu_lsuagu.icb_state_dfflr.qout_r[1]$_DFFE_PN0P_/Q	u_e203_cpu.u_e203_core.u_e203_ifu.u_e203_ifu_ifetch.ifu_err_dfflr.qout_r$_DFFE_PN0P_/D
962	-0.1743	u_eI_cpu.u_eJ_core.u_eK_ifu.u_eL_ifu_ifetch.ifu_hi_ir_dfflr.qout_r[M]	u_eI_cpu.u_eJ_core.u_eK_exu.u_eL_exu_csr.mcycle_dfflr.qout_r[M]	u_e203_cpu.u_e203_core.u_e203_ifu.u_e203_ifu_ifetch.ifu_hi_ir_dfflr.qout_r[13]$_DFFE_PN0P_/Q	u_e203_cpu.u_e203_core.u_e203_exu.u_e203_exu_csr.mcycle_dfflr.qout_r[13]$_DFFE_PN0P_/D
963	-0.1742	u_eI_cpu.u_eJ_core.u_eK_exu.u_eL_exu_regfile.regfile[M].rfnoN.rf_dffl.qout_r[O]	u_eI_cpu.u_eJ_core.u_eK_ifu.u_eL_ifu_iftMicb.icb_state_dfflr.qout_r[N]	u_e203_cpu.u_e203_core.u_e203_exu.u_e203_exu_regfile.regfile[11].rfno0.rf_dffl.qout_r[31]$_DFFE_PP_/Q	u_e203_cpu.u_e203_core.u_e203_ifu.u_e203_ifu_ift2icb.icb_state_dfflr.qout_r[1]$_DFFE_PN0P_/D
964	-0.1740	u_eI_cpu.u_eJ_core.u_eK_ifu.u_eL_ifu_iftMicb.icb_state_dfflr.qout_r[N]	u_eI_cpu.u_eJ_itcm_ctrl.u_sram_icb_ctrl.u_sirv_Kcyc_sram_ctrl.u_eL_stage.dp_gt_M.vld_dfflr.qout_r	u_e203_cpu.u_e203_core.u_e203_ifu.u_e203_ifu_ift2icb.icb_state_dfflr.qout_r[0]$_DFFE_PN0P_/Q	u_e203_cpu.u_e203_itcm_ctrl.u_sram_icb_ctrl.u_sirv_1cyc_sram_ctrl.u_e1_stage.dp_gt_0.vld_dfflr.qout_r$_DFFE_PN0P_/D
965	-0.1726	u_eI_cpu.u_eJ_core.u_eK_exu.u_eL_exu_regfile.regfile[M].rfnoN.rf_dffl.qout_r[O]	u_eI_cpu.u_eJ_itcm_ctrl.u_sram_icb_ctrl.u_byp_icb_cmd_buf.u_bypbuf_fifo.dp_gtK.vec_L_dfflr.qout_r	u_e203_cpu.u_e203_core.u_e203_exu.u_e203_exu_regfile.regfile[11].rfno0.rf_dffl.qout_r[31]$_DFFE_PP_/Q	u_e203_cpu.u_e203_itcm_ctrl.u_sram_icb_ctrl.u_byp_icb_cmd_buf.u_bypbuf_fifo.dp_gt0.vec_31_dfflr.qout_r$_DFFE_PN0P_/D
966	-0.1725	dbg_step_r	u_eI_cpu.u_eJ_clk_ctrl.u_ifu_clkgate.enb	dbg_step_r	u_e203_cpu.u_e203_clk_ctrl.u_ifu_clkgate.enb$_DLATCH_N_/D
967	-0.1724	u_eI_cpu.u_eJ_core.u_eK_ifu.u_eL_ifu_iftMicb.icb_addr_N_O_dffl.qout_r[P]	u_eI_cpu.u_eJ_core.u_eK_ifu.u_eL_ifu_ifetch.ifu_lo_ir_dfflr.qout_r[M]	u_e203_cpu.u_e203_core.u_e203_ifu.u_e203_ifu_ift2icb.icb_addr_2_1_dffl.qout_r[0]$_DFFE_PP_/Q	u_e203_cpu.u_e203_core.u_e203_ifu.u_e203_ifu_ifetch.ifu_lo_ir_dfflr.qout_r[13]$_DFFE_PN0P_/D
968	-0.1720	u_eI_cpu.u_eJ_core.u_eK_ifu.u_eL_ifu_ifetch.ifu_hi_ir_dfflr.qout_r[M]	u_eI_cpu.u_eJ_core.u_eK_exu.u_eL_exu_csr.mscratch_dfflr.qout_r[M]	u_e203_cpu.u_e203_core.u_e203_ifu.u_e203_ifu_ifetch.ifu_hi_ir_dfflr.qout_r[13]$_DFFE_PN0P_/Q	u_e203_cpu.u_e203_core.u_e203_exu.u_e203_exu_csr.mscratch_dfflr.qout_r[13]$_DFFE_PN0P_/D
969	-0.1718	u_eI_cpu.u_eJ_core.u_eK_ifu.u_eL_ifu_iftMicb.icb_state_dfflr.qout_r[N]	u_eI_cpu.u_eJ_itcm_ctrl.u_sram_icb_ctrl.u_sirv_Kcyc_sram_ctrl.u_ram_clkgate.enb	u_e203_cpu.u_e203_core.u_e203_ifu.u_e203_ifu_ift2icb.icb_state_dfflr.qout_r[0]$_DFFE_PN0P_/Q	u_e203_cpu.u_e203_itcm_ctrl.u_sram_icb_ctrl.u_sirv_1cyc_sram_ctrl.u_ram_clkgate.enb$_DLATCH_N_/D
970	-0.1718	dbg_ebreakm_r	cmt_dcause[I]	dbg_ebreakm_r	cmt_dcause[0]
971	-0.1718	u_eI_cpu.u_eJ_core.u_eK_ifu.u_eL_ifu_iftMicb.icb_state_dfflr.qout_r[N]	u_eI_cpu.u_eJ_core.u_eK_ifu.u_eL_ifu_ifetch.dly_flush_dfflr.qout_r	u_e203_cpu.u_e203_core.u_e203_ifu.u_e203_ifu_ift2icb.icb_state_dfflr.qout_r[0]$_DFFE_PN0P_/Q	u_e203_cpu.u_e203_core.u_e203_ifu.u_e203_ifu_ifetch.dly_flush_dfflr.qout_r$_DFFE_PN0P_/D
972	-0.1716	dbg_step_r	u_eI_cpu.u_eJ_core.u_eK_ifu.u_eL_ifu_ifetch.halt_ack_dfflr.qout_r	dbg_step_r	u_e203_cpu.u_e203_core.u_e203_ifu.u_e203_ifu_ifetch.halt_ack_dfflr.qout_r$_DFFE_PN0P_/D
973	-0.1715	u_eI_cpu.u_eJ_core.u_eK_lsu.u_eL_lsu_ctrl.u_eM_lsu_splt_stage.dp_gt_N.vld_dfflr.qout_r	u_eI_cpu.u_eJ_core.u_eK_ifu.u_eL_ifu_iftMicb.leftover_dffl.qout_r[N]	u_e203_cpu.u_e203_core.u_e203_lsu.u_e203_lsu_ctrl.u_e203_lsu_splt_stage.dp_gt_0.vld_dfflr.qout_r$_DFFE_PN0P_/Q	u_e203_cpu.u_e203_core.u_e203_ifu.u_e203_ifu_ift2icb.leftover_dffl.qout_r[10]$_DFFE_PP_/D
974	-0.1713	u_eI_cpu.u_eJ_core.u_eK_ifu.u_eL_ifu_ifetch.ir_rsMidx_dfflr.qout_r[N]	u_eI_cpu.u_eJ_core.u_eK_exu.u_eL_exu_oitf.depth_gtM.alc_ptr_flg_dfflrs.qout_r	u_e203_cpu.u_e203_core.u_e203_ifu.u_e203_ifu_ifetch.ir_rs1idx_dfflr.qout_r[3]$_DFFE_PN0P_/Q	u_e203_cpu.u_e203_core.u_e203_exu.u_e203_exu_oitf.depth_gt1.alc_ptr_flg_dfflrs.qout_r$_DFFE_PN0P_/D
975	-0.1710	u_eI_cpu.u_eJ_core.u_eK_ifu.u_eL_ifu_ifetch.ir_rsMidx_dfflr.qout_r[N]	u_eI_cpu.u_eJ_core.u_eK_exu.u_eL_exu_oitf.oitf_entries[M].rdwen_dfflrs.qout_r	u_e203_cpu.u_e203_core.u_e203_ifu.u_e203_ifu_ifetch.ir_rs1idx_dfflr.qout_r[3]$_DFFE_PN0P_/Q	u_e203_cpu.u_e203_core.u_e203_exu.u_e203_exu_oitf.oitf_entries[0].rdwen_dfflrs.qout_r$_DFFE_PP_/D
976	-0.1706	u_eI_cpu.u_eJ_core.u_eK_exu.u_eL_exu_regfile.regfile[M].rfnoN.rf_dffl.qout_r[O]	u_eI_cpu.u_eJ_itcm_ctrl.ifu_holdup_dffl.qout_r	u_e203_cpu.u_e203_core.u_e203_exu.u_e203_exu_regfile.regfile[11].rfno0.rf_dffl.qout_r[31]$_DFFE_PP_/Q	u_e203_cpu.u_e203_itcm_ctrl.ifu_holdup_dffl.qout_r$_DFFE_PN0P_/D
977	-0.1705	u_eI_cpu.u_eJ_core.u_eK_exu.u_eL_exu_regfile.regfile[M].rfnoN.rf_dffl.qout_r[O]	u_eI_cpu.u_eJ_core.u_eK_ifu.u_eL_ifu_iftMicb.u_eN_ifetch_rsp_bypbuf.u_bypbuf_fifo.dp_gtO.vec_P_dfflr.qout_r	u_e203_cpu.u_e203_core.u_e203_exu.u_e203_exu_regfile.regfile[11].rfno0.rf_dffl.qout_r[31]$_DFFE_PP_/Q	u_e203_cpu.u_e203_core.u_e203_ifu.u_e203_ifu_ift2icb.u_e203_ifetch_rsp_bypbuf.u_bypbuf_fifo.dp_gt0.vec_31_dfflr.qout_r$_DFFE_PN0P_/D
978	-0.1703	u_eI_cpu.u_eJ_core.u_eK_exu.u_eL_exu_alu.u_eM_exu_alu_muldiv.muldiv_state_dfflr.qout_r[N]	u_eI_cpu.u_eJ_core.u_eK_ifu.u_eL_ifu_ifetch.ir_muldiv_bMb_dfflr.qout_r	u_e203_cpu.u_e203_core.u_e203_exu.u_e203_exu_alu.u_e203_exu_alu_muldiv.muldiv_state_dfflr.qout_r[1]$_DFFE_PN0P_/Q	u_e203_cpu.u_e203_core.u_e203_ifu.u_e203_ifu_ifetch.ir_muldiv_b2b_dfflr.qout_r$_DFFE_PN0P_/D
979	-0.1699	u_eI_cpu.u_eJ_core.u_eK_ifu.u_eL_ifu_ifetch.ifu_hi_ir_dfflr.qout_r[M]	u_eI_cpu.u_eJ_core.u_eK_exu.u_eL_exu_csr.mcycleh_dfflr.qout_r[M]	u_e203_cpu.u_e203_core.u_e203_ifu.u_e203_ifu_ifetch.ifu_hi_ir_dfflr.qout_r[13]$_DFFE_PN0P_/Q	u_e203_cpu.u_e203_core.u_e203_exu.u_e203_exu_csr.mcycleh_dfflr.qout_r[13]$_DFFE_PN0P_/D
980	-0.1698	u_eI_cpu.u_eJ_core.u_eK_ifu.u_eL_ifu_ifetch.ifu_err_dfflr.qout_r	u_eI_cpu.u_eJ_dtcm_ctrl.u_sram_icb_ctrl.u_byp_icb_cmd_buf.u_bypbuf_fifo.dp_gtK.vec_L_dfflr.qout_r	u_e203_cpu.u_e203_core.u_e203_ifu.u_e203_ifu_ifetch.ifu_err_dfflr.qout_r$_DFFE_PN0P_/Q	u_e203_cpu.u_e203_dtcm_ctrl.u_sram_icb_ctrl.u_byp_icb_cmd_buf.u_bypbuf_fifo.dp_gt0.vec_31_dfflr.qout_r$_DFFE_PN0P_/D
981	-0.1696	u_eI_cpu.u_eJ_core.u_eK_exu.u_eL_exu_regfile.regfile[M].rfnoN.rf_dffl.qout_r[O]	u_eI_cpu.u_eJ_itcm_ctrl.u_sram_icb_ctrl.u_sirv_Kcyc_sram_ctrl.u_eL_stage.dp_gt_M.dat_dfflr.qout_r[N]	u_e203_cpu.u_e203_core.u_e203_exu.u_e203_exu_regfile.regfile[11].rfno0.rf_dffl.qout_r[31]$_DFFE_PP_/Q	u_e203_cpu.u_e203_itcm_ctrl.u_sram_icb_ctrl.u_sirv_1cyc_sram_ctrl.u_e1_stage.dp_gt_0.dat_dfflr.qout_r[1]$_DFFE_PP_/D
982	-0.1696	u_eI_cpu.u_eJ_core.u_eK_exu.u_eL_exu_alu.u_eM_exu_alu_lsuagu.icb_state_dfflr.qout_r[N]	u_eI_srams.u_eJ_itcm_ram.u_eK_itcm_gnrl_ram.u_sirv_sim_ram.mem_r[L][M]	u_e203_cpu.u_e203_core.u_e203_exu.u_e203_exu_alu.u_e203_exu_alu_lsuagu.icb_state_dfflr.qout_r[1]$_DFFE_PN0P_/Q	u_e203_srams.u_e203_itcm_ram.u_e203_itcm_gnrl_ram.u_sirv_sim_ram.mem_r[0][24]$_DFFE_PP_/D
983	-0.1695	u_eI_cpu.u_eJ_core.u_eK_exu.u_eL_exu_alu.u_eM_exu_alu_muldiv.muldiv_state_dfflr.qout_r[N]	u_eI_cpu.u_eJ_core.u_eK_ifu.u_eL_ifu_ifetch.ir_rsMidx_dfflr.qout_r[N]	u_e203_cpu.u_e203_core.u_e203_exu.u_e203_exu_alu.u_e203_exu_alu_muldiv.muldiv_state_dfflr.qout_r[1]$_DFFE_PN0P_/Q	u_e203_cpu.u_e203_core.u_e203_ifu.u_e203_ifu_ifetch.ir_rs1idx_dfflr.qout_r[0]$_DFFE_PN0P_/D
984	-0.1694	u_eI_cpu.u_eJ_core.u_eK_ifu.u_eL_ifu_ifetch.ifu_hi_ir_dfflr.qout_r[M]	u_eI_cpu.u_eJ_dtcm_ctrl.u_sram_icb_ctrl.u_sirv_Kcyc_sram_ctrl.u_ram_clkgate.enb	u_e203_cpu.u_e203_core.u_e203_ifu.u_e203_ifu_ifetch.ifu_hi_ir_dfflr.qout_r[13]$_DFFE_PN0P_/Q	u_e203_cpu.u_e203_dtcm_ctrl.u_sram_icb_ctrl.u_sirv_1cyc_sram_ctrl.u_ram_clkgate.enb$_DLATCH_N_/D
985	-0.1693	u_eI_cpu.u_eJ_core.u_eK_exu.u_eL_exu_csr.status_mie_dfflr.qout_r	cmt_dpc_ena	u_e203_cpu.u_e203_core.u_e203_exu.u_e203_exu_csr.status_mie_dfflr.qout_r$_DFFE_PN0P_/QN	cmt_dpc_ena
986	-0.1692	u_eI_cpu.u_eJ_core.u_eK_lsu.u_eL_lsu_ctrl.u_eM_lsu_splt_stage.dp_gt_N.vld_dfflr.qout_r	u_eI_cpu.u_eJ_core.u_eK_ifu.u_eL_ifu_ifetch.ifu_lo_ir_dfflr.qout_r[M]	u_e203_cpu.u_e203_core.u_e203_lsu.u_e203_lsu_ctrl.u_e203_lsu_splt_stage.dp_gt_0.vld_dfflr.qout_r$_DFFE_PN0P_/Q	u_e203_cpu.u_e203_core.u_e203_ifu.u_e203_ifu_ifetch.ifu_lo_ir_dfflr.qout_r[13]$_DFFE_PN0P_/D
987	-0.1691	u_eI_cpu.u_eJ_irq_sync.master_gen.u_sft_irq_sync.sync_gen[K].i_is_not_L.sync_dffr.qout_r	u_eI_cpu.u_eJ_core.u_eK_ifu.u_eL_ifu_iftMicb.leftover_dffl.qout_r[N]	u_e203_cpu.u_e203_irq_sync.master_gen.u_sft_irq_sync.sync_gen[1].i_is_not_0.sync_dffr.qout_r$_DFF_PN0_/Q	u_e203_cpu.u_e203_core.u_e203_ifu.u_e203_ifu_ift2icb.leftover_dffl.qout_r[10]$_DFFE_PP_/D
988	-0.1690	u_eI_cpu.u_eJ_core.u_eK_ifu.u_eL_ifu_iftMicb.icb_state_dfflr.qout_r[N]	u_eI_cpu.u_eJ_core.u_eK_ifu.u_eL_ifu_iftMicb.u_eN_ifetch_rsp_bypbuf.u_bypbuf_fifo.dp_gtO.vec_P_dfflrs.qout_r	u_e203_cpu.u_e203_core.u_e203_ifu.u_e203_ifu_ift2icb.icb_state_dfflr.qout_r[0]$_DFFE_PN0P_/Q	u_e203_cpu.u_e203_core.u_e203_ifu.u_e203_ifu_ift2icb.u_e203_ifetch_rsp_bypbuf.u_bypbuf_fifo.dp_gt0.vec_0_dfflrs.qout_r$_DFFE_PN1P_/D
989	-0.1673	u_eI_cpu.u_eJ_core.u_eK_ifu.u_eL_ifu_ifetch.ifu_hi_ir_dfflr.qout_r[M]	u_eI_cpu.u_eJ_core.u_eK_exu.u_eL_exu_alu.u_eM_exu_nice.u_nice_itag_fifo.dp_gtN.vec_O_dfflrs.qout_r	u_e203_cpu.u_e203_core.u_e203_ifu.u_e203_ifu_ifetch.ifu_hi_ir_dfflr.qout_r[13]$_DFFE_PN0P_/Q	u_e203_cpu.u_e203_core.u_e203_exu.u_e203_exu_alu.u_e203_exu_nice.u_nice_itag_fifo.dp_gt0.vec_0_dfflrs.qout_r$_DFFE_PN1P_/D
990	-0.1671	u_eI_cpu.u_eJ_core.u_eK_ifu.u_eL_ifu_ifetch.ir_rsMidx_dfflr.qout_r[N]	u_eI_cpu.u_eJ_itcm_ctrl.u_itcm_icb_extKitcm_nLw.fifo_dp_M.u_sirv_gnrl_nNw_fifo.dp_gt_O.vld_dfflr.qout_r	u_e203_cpu.u_e203_core.u_e203_ifu.u_e203_ifu_ifetch.ir_rs1idx_dfflr.qout_r[3]$_DFFE_PN0P_/Q	u_e203_cpu.u_e203_itcm_ctrl.u_itcm_icb_ext2itcm_n2w.fifo_dp_1.u_sirv_gnrl_n2w_fifo.dp_gt_0.vld_dfflr.qout_r$_DFFE_PN0P_/D
991	-0.1670	u_eI_cpu.u_eJ_core.u_eK_ifu.u_eL_ifu_ifetch.ifu_lo_ir_dfflr.qout_r[M]	u_eI_cpu.u_eJ_core.u_eK_exu.u_eL_exu_alu.u_eM_exu_alu_muldiv.flushed_dfflr.qout_r	u_e203_cpu.u_e203_core.u_e203_ifu.u_e203_ifu_ifetch.ifu_lo_ir_dfflr.qout_r[13]$_DFFE_PN0P_/Q	u_e203_cpu.u_e203_core.u_e203_exu.u_e203_exu_alu.u_e203_exu_alu_muldiv.flushed_dfflr.qout_r$_DFFE_PN0P_/D
992	-0.1669	u_eI_cpu.u_eJ_core.u_eK_ifu.u_eL_ifu_ifetch.ifu_hi_ir_dfflr.qout_r[M]	u_eI_cpu.u_eJ_core.u_eK_exu.u_eL_exu_alu.u_eM_exu_nice.u_nice_itag_fifo.dp_gtN.vec_O_dfflr.qout_r[P]	u_e203_cpu.u_e203_core.u_e203_ifu.u_e203_ifu_ifetch.ifu_hi_ir_dfflr.qout_r[13]$_DFFE_PN0P_/Q	u_e203_cpu.u_e203_core.u_e203_exu.u_e203_exu_alu.u_e203_exu_nice.u_nice_itag_fifo.dp_gt0.vec_31_dfflr.qout_r[1]$_DFFE_PN0P_/D
993	-0.1668	u_eI_cpu.u_eJ_irq_sync.master_gen.u_sft_irq_sync.sync_gen[K].i_is_not_L.sync_dffr.qout_r	u_eI_cpu.u_eJ_core.u_eK_ifu.u_eL_ifu_ifetch.ifu_lo_ir_dfflr.qout_r[M]	u_e203_cpu.u_e203_irq_sync.master_gen.u_sft_irq_sync.sync_gen[1].i_is_not_0.sync_dffr.qout_r$_DFF_PN0_/Q	u_e203_cpu.u_e203_core.u_e203_ifu.u_e203_ifu_ifetch.ifu_lo_ir_dfflr.qout_r[13]$_DFFE_PN0P_/D
994	-0.1668	u_eI_cpu.u_eJ_irq_sync.master_gen.u_tmr_irq_sync.sync_gen[K].i_is_not_L.sync_dffr.qout_r	u_eI_cpu.u_eJ_core.u_eK_ifu.u_eL_ifu_ifetch.ir_muldiv_bMb_dfflr.qout_r	u_e203_cpu.u_e203_irq_sync.master_gen.u_tmr_irq_sync.sync_gen[1].i_is_not_0.sync_dffr.qout_r$_DFF_PN0_/Q	u_e203_cpu.u_e203_core.u_e203_ifu.u_e203_ifu_ifetch.ir_muldiv_b2b_dfflr.qout_r$_DFFE_PN0P_/D
995	-0.1664	dbg_halt_r	u_eI_cpu.u_eJ_core.u_eK_exu.u_eL_exu_commit.u_eM_exu_excp.wfi_flag_dfflr.qout_r	dbg_halt_r	u_e203_cpu.u_e203_core.u_e203_exu.u_e203_exu_commit.u_e203_exu_excp.wfi_flag_dfflr.qout_r$_DFFE_PN0P_/D
996	-0.1661	u_eI_cpu.u_eJ_core.u_eK_ifu.u_eL_ifu_ifetch.ifu_err_dfflr.qout_r	u_eI_cpu.u_eJ_dtcm_ctrl.u_sram_icb_ctrl.u_byp_icb_cmd_buf.u_bypbuf_fifo.dp_gtK.vec_L_dfflrs.qout_r	u_e203_cpu.u_e203_core.u_e203_ifu.u_e203_ifu_ifetch.ifu_err_dfflr.qout_r$_DFFE_PN0P_/Q	u_e203_cpu.u_e203_dtcm_ctrl.u_sram_icb_ctrl.u_byp_icb_cmd_buf.u_bypbuf_fifo.dp_gt0.vec_0_dfflrs.qout_r$_DFFE_PN1P_/D
997	-0.1659	u_eI_cpu.u_eJ_irq_sync.master_gen.u_tmr_irq_sync.sync_gen[K].i_is_not_L.sync_dffr.qout_r	u_eI_cpu.u_eJ_core.u_eK_ifu.u_eL_ifu_ifetch.ir_rsMidx_dfflr.qout_r[N]	u_e203_cpu.u_e203_irq_sync.master_gen.u_tmr_irq_sync.sync_gen[1].i_is_not_0.sync_dffr.qout_r$_DFF_PN0_/Q	u_e203_cpu.u_e203_core.u_e203_ifu.u_e203_ifu_ifetch.ir_rs1idx_dfflr.qout_r[0]$_DFFE_PN0P_/D
998	-0.1645	u_eI_cpu.u_eJ_core.u_eK_ifu.u_eL_ifu_iftMicb.req_same_cross_holdup_dfflr.qout_r	u_eI_cpu.u_eJ_core.u_eK_ifu.u_eL_ifu_ifetch.pc_dfflr.qout_r[M]	u_e203_cpu.u_e203_core.u_e203_ifu.u_e203_ifu_ift2icb.req_same_cross_holdup_dfflr.qout_r$_DFFE_PN0P_/Q	u_e203_cpu.u_e203_core.u_e203_ifu.u_e203_ifu_ifetch.pc_dfflr.qout_r[10]$_DFFE_PN0P_/D
999	-0.1643	u_eI_cpu.u_eJ_core.u_eK_exu.u_eL_exu_alu.u_eM_exu_alu_lsuagu.icb_state_dfflr.qout_r[N]	u_eI_cpu.u_eJ_core.u_eK_ifu.u_eL_ifu_ifetch.pc_dfflr.qout_r[M]	u_e203_cpu.u_e203_core.u_e203_exu.u_e203_exu_alu.u_e203_exu_alu_lsuagu.icb_state_dfflr.qout_r[1]$_DFFE_PN0P_/Q	u_e203_cpu.u_e203_core.u_e203_ifu.u_e203_ifu_ifetch.pc_dfflr.qout_r[10]$_DFFE_PN0P_/D
1000	-0.1641	u_eI_cpu.u_eJ_core.u_eK_exu.u_eL_exu_alu.u_eM_exu_alu_dpath.sbf_N_dffl.qout_r[O]	cmt_dcause[I]	u_e203_cpu.u_e203_core.u_e203_exu.u_e203_exu_alu.u_e203_exu_alu_dpath.sbf_0_dffl.qout_r[32]$_SDFFCE_PN0P_/Q	cmt_dcause[0]
