# start	end	slack_synth_ns	slack_route_ns
dbg_mode	extIdtcm_icb_cmd_ready	-1.787800	-1.249891
dbg_mode	extIitcm_icb_cmd_ready	-1.767200	-1.253084
dbg_step_r	extIdtcm_icb_cmd_ready	-1.566300	-1.252924
dbg_step_r	extIitcm_icb_cmd_ready	-1.545600	-1.256118
dbg_mode	cmt_dcause[I]	-1.521000	-1.165187
dbg_mode	cmt_dcause_ena	-1.476200	-1.135247
dbg_mode	core_wfi	-1.459100	-1.095459
dbg_halt_r	extIdtcm_icb_cmd_ready	-1.437900	-1.219679
dbg_mode	cmt_dpc_ena	-1.429600	-1.106518
dbg_halt_r	extIitcm_icb_cmd_ready	-1.417200	-1.222873
dbg_step_r	cmt_dcause[I]	-1.299500	-1.156810
dbg_step_r	cmt_dcause_ena	-1.254700	-1.136674
dbg_mode	u_eI_cpu.u_eJ_itcm_ctrl.u_sram_icb_ctrl.u_byp_icb_cmd_buf.u_bypbuf_fifo.dp_gtK.fifo_rf[L].fifo_rf_dffl.qout_r[M]	-1.244500	-0.590513
dbg_step_r	core_wfi	-1.237600	-1.096886
dbg_mode	u_eI_cpu.u_eJ_core.u_eK_biu.u_sirv_gnrl_icb_buffer.u_sirv_gnrl_cmd_fifo.dp_gtL.fifo_rf[M].fifo_rf_dffl.qout_r[N]	-1.231100	-0.615717
dbg_mode	u_eI_cpu.u_eJ_core.u_eK_ifu.u_eL_ifu_iftMicb.leftover_dffl.qout_r[N]	-1.223500	-0.605928
dbg_mode	u_eI_cpu.u_eJ_core.u_eK_biu.u_sirv_gnrl_icb_buffer.u_sirv_gnrl_cmd_fifo.dp_gtL.vec_M_dfflrs.qout_r	-1.217600	-0.603901
dbg_mode	u_eI_cpu.u_eJ_core.u_eK_biu.u_sirv_gnrl_icb_buffer.u_sirv_gnrl_cmd_fifo.dp_gtL.vec_M_dfflr.qout_r	-1.214600	-0.597961
dbg_mode	u_eI_cpu.u_eJ_core.u_eK_ifu.u_eL_ifu_ifetch.ifu_hi_ir_dfflr.qout_r[M]	-1.214000	-0.567210
dbg_mode	u_eI_cpu.u_eJ_core.u_eK_ifu.u_eL_ifu_iftMicb.u_eN_ifetch_rsp_bypbuf.u_bypbuf_fifo.dp_gtO.vec_P_dfflrs.qout_r	-1.208700	-0.581281
dbg_step_r	cmt_dpc_ena	-1.208100	-1.107945
dbg_mode	u_eI_cpu.u_eJ_core.u_eK_biu.u_biu_icb_arbt.arbt_num_gt_L_gen.dp_M.u_sirv_gnrl_rspid_fifo.dp_gt_N.dat_dfflr.qout_r	-1.204800	-0.592695
dbg_mode	u_eI_cpu.u_eJ_core.u_eK_ifu.u_eL_ifu_ifetch.ir_rsMidx_dfflr.qout_r[N]	-1.203500	-0.579389
dbg_mode	u_eI_cpu.u_eJ_core.u_eK_ifu.u_eL_ifu_ifetch.pc_dfflr.qout_r[M]	-1.202200	-0.619025
dbg_mode	u_eI_cpu.u_eJ_core.u_eK_ifu.u_eL_ifu_iftMicb.icb_addr_N_O_dffl.qout_r[P]	-1.192000	-0.576539
dbg_mode	u_eI_cpu.u_eJ_core.u_eK_ifu.u_eL_ifu_iftMicb.req_lane_cross_dfflr.qout_r	-1.187200	-0.559894
dbg_mode	u_eI_cpu.u_eJ_core.u_eK_ifu.u_eL_ifu_iftMicb.req_need_Nuop_dfflr.qout_r	-1.187200	-0.544886
dbg_mode	u_eI_cpu.u_eJ_core.u_eK_ifu.u_eL_ifu_iftMicb.req_same_cross_holdup_dfflr.qout_r	-1.187200	-0.532347
dbg_mode	u_eI_cpu.u_eJ_core.u_eK_ifu.u_eL_ifu_iftMicb.u_eN_ifetch_rsp_bypbuf.u_bypbuf_fifo.dp_gtO.fifo_rf[P].fifo_rf_dffl.qout_r[Q]	-1.181900	-0.598986
dbg_mode	u_eI_cpu.u_eJ_core.u_eK_ifu.u_eL_ifu_iftMicb.icbNmem_dfflr.qout_r	-1.178900	-0.551105
dbg_mode	u_eI_cpu.u_eJ_core.u_eK_ifu.u_eL_ifu_ifetch.pc_newpend_dfflr.qout_r	-1.172300	-0.580495
dbg_mode	u_eI_cpu.u_eJ_core.u_eK_ifu.u_eL_ifu_iftMicb.icbNitcm_dfflr.qout_r	-1.169100	-0.538239
dbg_halt_r	cmt_dcause[I]	-1.168300	-1.141725
dbg_mode	u_eI_cpu.u_eJ_core.u_eK_ifu.u_eL_ifu_iftMicb.leftover_err_dfflr.qout_r	-1.166900	-0.602538
dbg_mode	u_eI_cpu.u_eJ_core.u_eK_ifu.u_eL_ifu_ifetch.ifu_lo_ir_dfflr.qout_r[M]	-1.163100	-0.587905
dbg_mode	u_eI_cpu.u_eJ_core.u_eK_ifu.u_eL_ifu_ifetch.ifu_err_dfflr.qout_r	-1.163100	-0.583033
dbg_mode	u_eI_cpu.u_eJ_core.u_eK_ifu.u_eL_ifu_ifetch.ifu_prdt_taken_dfflr.qout_r	-1.163100	-0.540275
dbg_mode	u_eI_cpu.u_eJ_core.u_eK_ifu.u_eL_ifu_iftMicb.icb_state_dfflr.qout_r[N]	-1.161200	-0.514972
dbg_mode	u_eI_cpu.u_eJ_itcm_ctrl.u_sram_icb_ctrl.u_byp_icb_cmd_buf.u_bypbuf_fifo.dp_gtK.vec_L_dfflr.qout_r	-1.159800	-0.547841
dbg_mode	u_eI_srams.u_eJ_itcm_ram.u_eK_itcm_gnrl_ram.u_sirv_sim_ram.mem_r[L][M]	-1.154600	-0.568106
dbg_mode	u_eI_cpu.u_eJ_core.u_eK_biu.u_biu_icb_arbt.arbt_num_gt_L_gen.dp_M.u_sirv_gnrl_rspid_fifo.dp_gt_N.vld_dfflr.qout_r	-1.153200	-0.594203
u_eI_cpu.u_eJ_core.u_eK_ifu.u_eL_ifu_ifetch.ifu_lo_ir_dfflr.qout_r[M]	extIdtcm_icb_cmd_ready	-1.149800	-0.921228
dbg_mode	u_eI_cpu.u_eJ_core.u_eK_ifu.u_eL_ifu_ifetch.out_flag_dfflr.qout_r	-1.147600	-0.537234
dbg_mode	u_eI_srams.u_eJ_dtcm_ram.u_eK_dtcm_gnrl_ram.u_sirv_sim_ram.mem_r[L][M]	-1.145600	-0.563486
dbg_mode	u_eI_cpu.u_eJ_core.u_eK_ifu.u_eL_ifu_ifetch.reset_req_dfflr.qout_r	-1.143800	-0.501763
dbg_mode	u_eI_cpu.u_eJ_core.u_eK_ifu.u_eL_ifu_ifetch.dly_flush_dfflr.qout_r	-1.139800	-0.516062
dbg_mode	u_eI_cpu.u_eJ_core.u_eK_exu.u_eL_exu_csr.minstreth_dfflr.qout_r[M]	-1.138200	-0.458928
dbg_mode	u_eI_cpu.u_eJ_itcm_ctrl.u_sram_icb_ctrl.u_sirv_Kcyc_sram_ctrl.u_eL_stage.dp_gt_M.dat_dfflr.qout_r[N]	-1.135100	-0.552540
u_eI_cpu.u_eJ_core.u_eK_ifu.u_eL_ifu_ifetch.ifu_lo_ir_dfflr.qout_r[M]	extIitcm_icb_cmd_ready	-1.129100	-0.924421
dbg_halt_r	cmt_dcause_ena	-1.126300	-1.108488
dbg_mode	u_eI_cpu.u_eJ_core.u_eK_ifu.u_eL_ifu_ifetch.ir_valid_dfflr.qout_r	-1.124500	-0.495483
dbg_mode	u_eI_cpu.u_eJ_core.u_eK_ifu.u_eL_ifu_ifetch.ir_muldiv_bMb_dfflr.qout_r	-1.124000	-0.580774
dbg_mode	u_eI_cpu.u_eJ_core.u_eK_exu.u_eL_exu_csr.minstret_dfflr.qout_r[M]	-1.122300	-0.477965
dbg_mode	u_eI_cpu.u_eJ_itcm_ctrl.u_sram_icb_ctrl.u_byp_icb_cmd_buf.u_bypbuf_fifo.dp_gtK.vec_L_dfflrs.qout_r	-1.122100	-0.538668
dbg_mode	u_eI_cpu.u_eJ_itcm_ctrl.ifu_holdup_dffl.qout_r	-1.121800	-0.468112
dbg_mode	u_eI_cpu.u_eJ_core.u_eK_exu.u_eL_exu_alu.u_eM_exu_alu_dpath.sbf_N_dffl.qout_r[O]	-1.119900	-0.593460
dbg_mode	u_eI_cpu.u_eJ_itcm_ctrl.u_sram_icb_ctrl.u_sirv_Kcyc_sram_ctrl.u_eL_stage.dp_gt_M.vld_dfflr.qout_r	-1.113100	-0.531042
u_eI_cpu.u_eJ_core.u_eK_ifu.u_eL_ifu_ifetch.ifu_hi_ir_dfflr.qout_r[M]	extIdtcm_icb_cmd_ready	-1.106300	-0.905871
dbg_mode	u_eI_cpu.u_eJ_dtcm_ctrl.u_sram_icb_ctrl.u_byp_icb_cmd_buf.u_bypbuf_fifo.dp_gtK.fifo_rf[L].fifo_rf_dffl.qout_r[M]	-1.106100	-0.534004
dbg_halt_r	core_wfi	-1.100500	-1.066892
u_eI_cpu.u_eJ_core.u_eK_ifu.u_eL_ifu_ifetch.ifu_hi_ir_dfflr.qout_r[M]	extIitcm_icb_cmd_ready	-1.085700	-0.909065
dbg_mode	u_eI_cpu.u_eJ_core.u_eK_ifu.u_eL_ifu_iftMicb.u_eN_ifetch_rsp_bypbuf.u_bypbuf_fifo.dp_gtO.vec_P_dfflr.qout_r	-1.076100	-0.514760
dbg_halt_r	cmt_dpc_ena	-1.071000	-1.077951
dbg_mode	u_eI_cpu.u_eJ_core.u_eK_exu.u_eL_exu_alu.u_eM_exu_alu_dpath.sbf_N_dffl.qout_r[O]	-1.065600	-0.562886
dbg_mode	u_eI_cpu.u_eJ_dtcm_ctrl.u_sram_icb_ctrl.u_byp_icb_cmd_buf.u_bypbuf_fifo.dp_gtK.vec_L_dfflrs.qout_r	-1.062100	-0.319005
dbg_mode	u_eI_cpu.u_eJ_core.u_eK_exu.u_eL_exu_regfile.regfile[M].rfnoN.rf_dffl.qout_r[O]	-1.055200	-0.521202
dbg_mode	u_eI_cpu.u_eJ_core.u_eK_exu.u_eL_exu_csr.badaddr_dfflr.qout_r[M]	-1.033700	-0.380588
dbg_step_r	u_eI_cpu.u_eJ_itcm_ctrl.u_sram_icb_ctrl.u_byp_icb_cmd_buf.u_bypbuf_fifo.dp_gtK.fifo_rf[L].fifo_rf_dffl.qout_r[M]	-1.023000	-0.593219
dbg_mode	u_eI_cpu.u_eJ_itcm_ctrl.u_itcm_icb_extKitcm_nLw.fifo_dp_M.u_sirv_gnrl_nNw_fifo.dp_gt_O.dat_dfflr.qout_r	-1.014700	-0.401313
dbg_mode	u_eI_cpu.u_eJ_dtcm_ctrl.u_sram_icb_ctrl.u_byp_icb_cmd_buf.u_bypbuf_fifo.dp_gtK.vec_L_dfflr.qout_r	-1.011000	-0.304999
dbg_step_r	u_eI_cpu.u_eJ_core.u_eK_biu.u_sirv_gnrl_icb_buffer.u_sirv_gnrl_cmd_fifo.dp_gtL.fifo_rf[M].fifo_rf_dffl.qout_r[N]	-1.009500	-0.617441
dbg_step_r	u_eI_cpu.u_eJ_core.u_eK_ifu.u_eL_ifu_iftMicb.leftover_dffl.qout_r[N]	-1.002000	-0.608961
u_eI_cpu.u_eJ_core.u_eK_ifu.u_eL_ifu_ifetch.ir_rsMidx_dfflr.qout_r[N]	extIdtcm_icb_cmd_ready	-0.999000	-0.891261
dbg_mode	u_eI_cpu.u_eJ_core.u_eK_lsu.u_eL_lsu_ctrl.u_eM_lsu_splt_stage.dp_gt_N.dat_dfflr.qout_r[O]	-0.996400	-0.427232
dbg_step_r	u_eI_cpu.u_eJ_core.u_eK_biu.u_sirv_gnrl_icb_buffer.u_sirv_gnrl_cmd_fifo.dp_gtL.vec_M_dfflrs.qout_r	-0.996100	-0.605626
dbg_step_r	u_eI_cpu.u_eJ_core.u_eK_biu.u_sirv_gnrl_icb_buffer.u_sirv_gnrl_cmd_fifo.dp_gtL.vec_M_dfflr.qout_r	-0.993000	-0.599685
dbg_step_r	u_eI_cpu.u_eJ_core.u_eK_ifu.u_eL_ifu_ifetch.ifu_hi_ir_dfflr.qout_r[M]	-0.992500	-0.570243
dbg_step_r	u_eI_cpu.u_eJ_core.u_eK_ifu.u_eL_ifu_iftMicb.u_eN_ifetch_rsp_bypbuf.u_bypbuf_fifo.dp_gtO.vec_P_dfflrs.qout_r	-0.987200	-0.584314
dbg_mode	u_eI_cpu.u_eJ_core.u_eK_lsu.u_eL_lsu_ctrl.excl_flg_dffl.qout_r	-0.987000	-0.418319
dbg_step_r	u_eI_cpu.u_eJ_core.u_eK_biu.u_biu_icb_arbt.arbt_num_gt_L_gen.dp_M.u_sirv_gnrl_rspid_fifo.dp_gt_N.dat_dfflr.qout_r	-0.983300	-0.594420
dbg_step_r	u_eI_cpu.u_eJ_core.u_eK_ifu.u_eL_ifu_ifetch.ir_rsMidx_dfflr.qout_r[N]	-0.982000	-0.582422
dbg_mode	u_eI_cpu.u_eJ_core.u_eK_exu.u_eL_exu_csr.epc_dfflr.qout_r[M]	-0.981900	-0.382516
dbg_step_r	u_eI_cpu.u_eJ_core.u_eK_ifu.u_eL_ifu_ifetch.pc_dfflr.qout_r[M]	-0.980700	-0.622058
u_eI_cpu.u_eJ_core.u_eK_ifu.u_eL_ifu_ifetch.ir_rsMidx_dfflr.qout_r[N]	extIitcm_icb_cmd_ready	-0.978400	-0.894455
dbg_mode	u_eI_cpu.u_eJ_itcm_ctrl.u_itcm_icb_extKitcm_nLw.fifo_dp_M.u_sirv_gnrl_nNw_fifo.dp_gt_O.vld_dfflr.qout_r	-0.975400	-0.386221
dbg_mode	u_eI_cpu.u_eJ_core.u_eK_ifu.u_eL_ifu_ifetch.ifu_pc_dfflr.qout_r[M]	-0.971700	-0.463649
dbg_step_r	u_eI_cpu.u_eJ_core.u_eK_ifu.u_eL_ifu_iftMicb.icb_addr_N_O_dffl.qout_r[P]	-0.970500	-0.579573
dbg_mode	u_eI_cpu.u_eJ_core.u_eK_exu.u_eL_exu_oitf.oitf_entries[M].pc_dfflrs.qout_r[N]	-0.970000	-0.465456
dbg_mode	u_eI_cpu.u_eJ_core.u_eK_exu.u_eL_exu_oitf.oitf_entries[M].rdidx_dfflrs.qout_r[N]	-0.970000	-0.479320
dbg_mode	u_eI_cpu.u_eJ_core.u_eK_exu.u_eL_exu_oitf.oitf_entries[M].rdwen_dfflrs.qout_r	-0.970000	-0.450597
dbg_mode	u_eI_cpu.u_eJ_dtcm_ctrl.u_sram_icb_ctrl.u_sirv_Kcyc_sram_ctrl.u_eL_stage.dp_gt_M.vld_dfflr.qout_r	-0.967200	-0.265585
dbg_mode	u_eI_cpu.u_eJ_core.u_eK_exu.u_eL_exu_csr.mcycle_dfflr.qout_r[M]	-0.965700	-0.273604
dbg_step_r	u_eI_cpu.u_eJ_core.u_eK_ifu.u_eL_ifu_iftMicb.req_lane_cross_dfflr.qout_r	-0.965600	-0.561618
dbg_step_r	u_eI_cpu.u_eJ_core.u_eK_ifu.u_eL_ifu_iftMicb.req_need_Nuop_dfflr.qout_r	-0.965600	-0.546610
dbg_step_r	u_eI_cpu.u_eJ_core.u_eK_ifu.u_eL_ifu_iftMicb.req_same_cross_holdup_dfflr.qout_r	-0.965600	-0.534071
dbg_step_r	u_eI_cpu.u_eJ_core.u_eK_ifu.u_eL_ifu_iftMicb.u_eN_ifetch_rsp_bypbuf.u_bypbuf_fifo.dp_gtO.fifo_rf[P].fifo_rf_dffl.qout_r[Q]	-0.960400	-0.602019
dbg_step_r	u_eI_cpu.u_eJ_core.u_eK_ifu.u_eL_ifu_iftMicb.icbNmem_dfflr.qout_r	-0.957400	-0.554138
dbg_mode	u_eI_cpu.u_eJ_core.u_eK_exu.u_eL_exu_csr.mtvec_dfflr.qout_r[M]	-0.956200	-0.274146
dbg_mode	u_eI_cpu.u_eJ_dtcm_ctrl.u_dtcm_icb_arbt.arbt_num_gt_K_gen.dp_L.u_sirv_gnrl_rspid_fifo.dp_gt_M.dat_dfflr.qout_r	-0.951200	-0.148363
dbg_step_r	u_eI_cpu.u_eJ_core.u_eK_ifu.u_eL_ifu_ifetch.pc_newpend_dfflr.qout_r	-0.950700	-0.583528
dbg_step_r	u_eI_cpu.u_eJ_core.u_eK_ifu.u_eL_ifu_iftMicb.icbNitcm_dfflr.qout_r	-0.947500	-0.541272
dbg_mode	u_eI_cpu.u_eJ_core.u_eK_exu.u_eL_exu_csr.cause_dfflr.qout_r[M]	-0.947400	-0.361919
dbg_step_r	u_eI_cpu.u_eJ_core.u_eK_ifu.u_eL_ifu_iftMicb.leftover_err_dfflr.qout_r	-0.945300	-0.605572
dbg_mode	u_eI_cpu.u_eJ_core.u_eK_exu.u_eL_exu_alu.u_eM_exu_alu_muldiv.part_remd_sftN_dfflr.qout_r	-0.944700	-0.489325
dbg_step_r	u_eI_cpu.u_eJ_core.u_eK_ifu.u_eL_ifu_ifetch.ifu_lo_ir_dfflr.qout_r[M]	-0.941600	-0.590939
dbg_step_r	u_eI_cpu.u_eJ_core.u_eK_ifu.u_eL_ifu_ifetch.ifu_err_dfflr.qout_r	-0.941600	-0.586066
dbg_step_r	u_eI_cpu.u_eJ_core.u_eK_ifu.u_eL_ifu_ifetch.ifu_prdt_taken_dfflr.qout_r	-0.941600	-0.543308
dbg_step_r	u_eI_cpu.u_eJ_core.u_eK_ifu.u_eL_ifu_iftMicb.icb_state_dfflr.qout_r[N]	-0.939600	-0.518005
dbg_step_r	u_eI_cpu.u_eJ_itcm_ctrl.u_sram_icb_ctrl.u_byp_icb_cmd_buf.u_bypbuf_fifo.dp_gtK.vec_L_dfflr.qout_r	-0.938200	-0.550874
dbg_mode	u_eI_cpu.u_eJ_itcm_ctrl.u_itcm_icb_arbt.arbt_num_gt_K_gen.dp_L.u_sirv_gnrl_rspid_fifo.dp_gt_M.dat_dfflr.qout_r	-0.937500	-0.195644
dbg_mode	u_eI_cpu.u_eJ_core.u_eK_ifu.u_eL_ifu_ifetch.ir_pc_vld_dfflr.qout_r	-0.936300	-0.421291
dbg_step_r	u_eI_srams.u_eJ_itcm_ram.u_eK_itcm_gnrl_ram.u_sirv_sim_ram.mem_r[L][M]	-0.933100	-0.571140
dbg_step_r	u_eI_cpu.u_eJ_core.u_eK_biu.u_biu_icb_arbt.arbt_num_gt_L_gen.dp_M.u_sirv_gnrl_rspid_fifo.dp_gt_N.vld_dfflr.qout_r	-0.931700	-0.595928
dbg_mode	u_eI_cpu.u_eJ_core.u_eK_exu.u_eL_exu_oitf.oitf_entries[M].vld_dfflrs.qout_r	-0.930900	-0.422814
dbg_mode	u_eI_cpu.u_eJ_core.u_eK_exu.u_eL_exu_alu.u_eM_exu_alu_muldiv.muldiv_state_dfflr.qout_r[N]	-0.930000	-0.404669
dbg_mode	u_eI_cpu.u_eJ_core.u_eK_exu.u_eL_exu_csr.mscratch_dfflr.qout_r[M]	-0.929300	-0.245662
dbg_mode	u_eI_cpu.u_eJ_dtcm_ctrl.u_dtcm_icb_arbt.arbt_num_gt_K_gen.dp_L.u_sirv_gnrl_rspid_fifo.dp_gt_M.vld_dfflr.qout_r	-0.927700	-0.222296
dbg_step_r	u_eI_cpu.u_eJ_core.u_eK_ifu.u_eL_ifu_ifetch.out_flag_dfflr.qout_r	-0.926100	-0.538958
dbg_mode	u_eI_cpu.u_eJ_core.u_eK_exu.u_eL_exu_oitf.depth_gtM.alc_ptr_dfflrs.qout_r	-0.924600	-0.432602
dbg_step_r	u_eI_srams.u_eJ_dtcm_ram.u_eK_dtcm_gnrl_ram.u_sirv_sim_ram.mem_r[L][M]	-0.924000	-0.566519
dbg_step_r	u_eI_cpu.u_eJ_core.u_eK_ifu.u_eL_ifu_ifetch.reset_req_dfflr.qout_r	-0.922300	-0.503487
dbg_mode	u_eI_cpu.u_eJ_core.u_eK_exu.u_eL_exu_alu.u_eM_exu_alu_muldiv.part_prdt_sftN_dfflr.qout_r	-0.922200	-0.460696
dbg_step_r	u_eI_cpu.u_eJ_core.u_eK_ifu.u_eL_ifu_ifetch.dly_flush_dfflr.qout_r	-0.918300	-0.519095
dbg_step_r	u_eI_cpu.u_eJ_core.u_eK_exu.u_eL_exu_csr.minstreth_dfflr.qout_r[M]	-0.916600	-0.460355
dbg_mode	u_eI_cpu.u_eJ_core.u_eK_exu.u_eL_exu_alu.u_eM_exu_alu_lsuagu.icb_state_dfflr.qout_r[N]	-0.916300	-0.390204
dbg_mode	u_eI_cpu.u_eJ_itcm_ctrl.u_itcm_icb_lsuKitcm_nLw.fifo_dp_M.u_sirv_gnrl_nNw_fifo.dp_gt_O.dat_dfflr.qout_r	-0.914800	-0.328869
dbg_step_r	u_eI_cpu.u_eJ_itcm_ctrl.u_sram_icb_ctrl.u_sirv_Kcyc_sram_ctrl.u_eL_stage.dp_gt_M.dat_dfflr.qout_r[N]	-0.913600	-0.555573
dbg_mode	u_eI_cpu.u_eJ_core.u_eK_exu.u_eL_exu_csr.mcycleh_dfflr.qout_r[M]	-0.912800	-0.278308
dbg_step_r	u_eI_cpu.u_eJ_core.u_eK_ifu.u_eL_ifu_ifetch.ir_valid_dfflr.qout_r	-0.903000	-0.498516
dbg_step_r	u_eI_cpu.u_eJ_core.u_eK_ifu.u_eL_ifu_ifetch.ir_muldiv_bMb_dfflr.qout_r	-0.902500	-0.583807
dbg_mode	u_eI_cpu.u_eJ_core.u_eK_exu.u_eL_exu_csr.status_mie_dfflr.qout_r	-0.900900	-0.356880
dbg_step_r	u_eI_cpu.u_eJ_core.u_eK_exu.u_eL_exu_csr.minstret_dfflr.qout_r[M]	-0.900800	-0.479392
dbg_step_r	u_eI_cpu.u_eJ_itcm_ctrl.u_sram_icb_ctrl.u_byp_icb_cmd_buf.u_bypbuf_fifo.dp_gtK.vec_L_dfflrs.qout_r	-0.900600	-0.541701
dbg_step_r	u_eI_cpu.u_eJ_itcm_ctrl.ifu_holdup_dffl.qout_r	-0.900300	-0.470819
dbg_mode	u_eI_cpu.u_eJ_core.u_eK_exu.u_eL_exu_oitf.depth_gtM.alc_ptr_flg_dfflrs.qout_r	-0.899600	-0.457467
dbg_step_r	u_eI_cpu.u_eJ_core.u_eK_exu.u_eL_exu_alu.u_eM_exu_alu_dpath.sbf_N_dffl.qout_r[O]	-0.898400	-0.594887
dbg_mode	u_eI_cpu.u_eJ_core.u_eK_exu.u_eL_exu_alu.u_eM_exu_nice.u_nice_itag_fifo.dp_gtN.vec_O_dfflr.qout_r[P]	-0.892600	-0.174390
dbg_step_r	u_eI_cpu.u_eJ_itcm_ctrl.u_sram_icb_ctrl.u_sirv_Kcyc_sram_ctrl.u_eL_stage.dp_gt_M.vld_dfflr.qout_r	-0.891500	-0.534075
dbg_mode	u_eI_cpu.u_eJ_core.u_eK_exu.u_eL_exu_csr.status_mpie_dfflr.qout_r	-0.888500	-0.380834
dbg_mode	u_eI_cpu.u_eJ_itcm_ctrl.u_itcm_icb_arbt.arbt_num_gt_K_gen.dp_L.u_sirv_gnrl_rspid_fifo.dp_gt_M.vld_dfflr.qout_r	-0.888300	-0.283272
dbg_halt_r	u_eI_cpu.u_eJ_itcm_ctrl.u_sram_icb_ctrl.u_byp_icb_cmd_buf.u_bypbuf_fifo.dp_gtK.fifo_rf[L].fifo_rf_dffl.qout_r[M]	-0.885900	-0.566465
dbg_mode	u_eI_cpu.u_eJ_core.u_eK_exu.u_eL_exu_alu.u_eM_exu_alu_lsuagu.unalgn_flg_dffl.qout_r	-0.885000	-0.308891
dbg_step_r	u_eI_cpu.u_eJ_dtcm_ctrl.u_sram_icb_ctrl.u_byp_icb_cmd_buf.u_bypbuf_fifo.dp_gtK.fifo_rf[L].fifo_rf_dffl.qout_r[M]	-0.884600	-0.537037
u_eI_cpu.u_eJ_core.u_eK_ifu.u_eL_ifu_ifetch.ifu_lo_ir_dfflr.qout_r[M]	cmt_dcause[I]	-0.883000	-0.841609
dbg_mode	u_eI_cpu.u_eJ_core.u_eK_lsu.u_eL_lsu_ctrl.excl_addr_dffl.qout_r[M]	-0.881100	-0.278180
dbg_halt_r	u_eI_cpu.u_eJ_core.u_eK_biu.u_sirv_gnrl_icb_buffer.u_sirv_gnrl_cmd_fifo.dp_gtL.fifo_rf[M].fifo_rf_dffl.qout_r[N]	-0.872500	-0.590688
dbg_halt_r	u_eI_cpu.u_eJ_core.u_eK_ifu.u_eL_ifu_iftMicb.leftover_dffl.qout_r[N]	-0.865000	-0.582207
dbg_halt_r	u_eI_cpu.u_eJ_core.u_eK_biu.u_sirv_gnrl_icb_buffer.u_sirv_gnrl_cmd_fifo.dp_gtL.vec_M_dfflrs.qout_r	-0.859000	-0.578872
dbg_halt_r	u_eI_cpu.u_eJ_core.u_eK_biu.u_sirv_gnrl_icb_buffer.u_sirv_gnrl_cmd_fifo.dp_gtL.vec_M_dfflr.qout_r	-0.856000	-0.572931
u_eI_cpu.u_eJ_core.u_eK_ifu.u_eL_ifu_ifetch.ifu_err_dfflr.qout_r	extIdtcm_icb_cmd_ready	-0.855500	-0.616360
dbg_halt_r	u_eI_cpu.u_eJ_core.u_eK_ifu.u_eL_ifu_ifetch.ifu_hi_ir_dfflr.qout_r[M]	-0.855500	-0.543489
dbg_step_r	u_eI_cpu.u_eJ_core.u_eK_ifu.u_eL_ifu_iftMicb.u_eN_ifetch_rsp_bypbuf.u_bypbuf_fifo.dp_gtO.vec_P_dfflr.qout_r	-0.854500	-0.517793
dbg_halt_r	u_eI_cpu.u_eJ_core.u_eK_ifu.u_eL_ifu_iftMicb.u_eN_ifetch_rsp_bypbuf.u_bypbuf_fifo.dp_gtO.vec_P_dfflrs.qout_r	-0.850100	-0.557560
dbg_mode	u_eI_cpu.u_eJ_itcm_ctrl.u_itcm_icb_lsuKitcm_nLw.fifo_dp_M.u_sirv_gnrl_nNw_fifo.dp_gt_O.vld_dfflr.qout_r	-0.846500	-0.216508
dbg_halt_r	u_eI_cpu.u_eJ_core.u_eK_biu.u_biu_icb_arbt.arbt_num_gt_L_gen.dp_M.u_sirv_gnrl_rspid_fifo.dp_gt_N.dat_dfflr.qout_r	-0.846200	-0.567666
dbg_halt_r	u_eI_cpu.u_eJ_core.u_eK_ifu.u_eL_ifu_ifetch.ir_rsMidx_dfflr.qout_r[N]	-0.844900	-0.555669
dbg_step_r	u_eI_cpu.u_eJ_core.u_eK_exu.u_eL_exu_alu.u_eM_exu_alu_dpath.sbf_N_dffl.qout_r[O]	-0.844100	-0.564313
dbg_halt_r	u_eI_cpu.u_eJ_core.u_eK_ifu.u_eL_ifu_ifetch.pc_dfflr.qout_r[M]	-0.843700	-0.595304
dbg_step_r	u_eI_cpu.u_eJ_dtcm_ctrl.u_sram_icb_ctrl.u_byp_icb_cmd_buf.u_bypbuf_fifo.dp_gtK.vec_L_dfflrs.qout_r	-0.840500	-0.322039
u_eI_cpu.u_eJ_core.u_eK_ifu.u_eL_ifu_ifetch.ifu_hi_ir_dfflr.qout_r[M]	cmt_dcause[I]	-0.839500	-0.824175
u_eI_cpu.u_eJ_core.u_eK_ifu.u_eL_ifu_ifetch.ifu_lo_ir_dfflr.qout_r[M]	cmt_dcause_ena	-0.838200	-0.808371
u_eI_cpu.u_eJ_core.u_eK_exu.u_eL_exu_alu.u_eM_exu_alu_lsuagu.icb_state_dfflr.qout_r[N]	extIdtcm_icb_cmd_ready	-0.836300	-0.738924
u_eI_cpu.u_eJ_core.u_eK_ifu.u_eL_ifu_ifetch.ifu_err_dfflr.qout_r	extIitcm_icb_cmd_ready	-0.834800	-0.619554
dbg_step_r	u_eI_cpu.u_eJ_core.u_eK_exu.u_eL_exu_regfile.regfile[M].rfnoN.rf_dffl.qout_r[O]	-0.833600	-0.524235
dbg_halt_r	u_eI_cpu.u_eJ_core.u_eK_ifu.u_eL_ifu_iftMicb.icb_addr_N_O_dffl.qout_r[P]	-0.833500	-0.552819
dbg_mode	u_eI_cpu.u_eJ_core.u_eK_exu.u_eL_exu_alu.u_eM_exu_nice.u_nice_itag_fifo.dp_gtN.vec_O_dfflrs.qout_r	-0.831200	-0.164002
dbg_halt_r	u_eI_cpu.u_eJ_core.u_eK_ifu.u_eL_ifu_iftMicb.req_lane_cross_dfflr.qout_r	-0.828600	-0.534865
dbg_halt_r	u_eI_cpu.u_eJ_core.u_eK_ifu.u_eL_ifu_iftMicb.req_need_Nuop_dfflr.qout_r	-0.828600	-0.519857
dbg_halt_r	u_eI_cpu.u_eJ_core.u_eK_ifu.u_eL_ifu_iftMicb.req_same_cross_holdup_dfflr.qout_r	-0.828600	-0.507318
dbg_halt_r	u_eI_cpu.u_eJ_core.u_eK_ifu.u_eL_ifu_iftMicb.u_eN_ifetch_rsp_bypbuf.u_bypbuf_fifo.dp_gtO.fifo_rf[P].fifo_rf_dffl.qout_r[Q]	-0.823300	-0.575266
dbg_mode	u_eI_cpu.u_eJ_core.u_eK_exu.u_eL_exu_alu.u_eM_exu_alu_muldiv.exec_cnt_dfflr.qout_r[N]	-0.822200	-0.395281
u_eI_cpu.u_eJ_core.u_eK_ifu.u_eL_ifu_ifetch.ifu_lo_ir_dfflr.qout_r[M]	core_wfi	-0.821100	-0.766775
dbg_halt_r	u_eI_cpu.u_eJ_core.u_eK_ifu.u_eL_ifu_iftMicb.icbNmem_dfflr.qout_r	-0.820300	-0.527384
dbg_mode	u_eI_cpu.u_eJ_core.u_eK_exu.u_eL_exu_alu.u_eM_exu_nice.u_nice_itag_fifo.dp_gtN.dp_gtO.wptr_vec_P_dfflr.qout_r[Q]	-0.817800	-0.161063
u_eI_cpu.u_eJ_core.u_eK_exu.u_eL_exu_oitf.depth_gtM.ret_ptr_flg_dfflrs.qout_r	extIdtcm_icb_cmd_ready	-0.817700	-0.737225
u_eI_cpu.u_eJ_core.u_eK_exu.u_eL_exu_oitf.depth_gtM.alc_ptr_flg_dfflrs.qout_r	extIdtcm_icb_cmd_ready	-0.817600	-0.734873
u_eI_cpu.u_eJ_core.u_eK_exu.u_eL_exu_alu.u_eM_exu_alu_lsuagu.icb_state_dfflr.qout_r[N]	extIitcm_icb_cmd_ready	-0.815700	-0.742118
dbg_halt_r	u_eI_cpu.u_eJ_core.u_eK_ifu.u_eL_ifu_ifetch.pc_newpend_dfflr.qout_r	-0.813700	-0.556774
dbg_mode	u_eI_cpu.u_eJ_core.u_eK_ifu.u_eL_ifu_ifetch.u_eM_ifu_litebpu.rsNxn_rdrf_dfflrs.qout_r	-0.813100	-0.272270
dbg_step_r	u_eI_cpu.u_eJ_core.u_eK_exu.u_eL_exu_csr.badaddr_dfflr.qout_r[M]	-0.812200	-0.383622
dbg_halt_r	u_eI_cpu.u_eJ_core.u_eK_ifu.u_eL_ifu_iftMicb.icbNitcm_dfflr.qout_r	-0.810500	-0.514518
dbg_mode	u_eI_cpu.u_eJ_core.u_eK_exu.u_eL_exu_csr.mie_dfflr.qout_r[M]	-0.810300	-0.183361
dbg_halt_r	u_eI_cpu.u_eJ_core.u_eK_ifu.u_eL_ifu_iftMicb.leftover_err_dfflr.qout_r	-0.808300	-0.578818
u_eI_cpu.u_eJ_core.u_eK_lsu.u_eL_lsu_ctrl.u_eM_lsu_splt_stage.dp_gt_N.vld_dfflr.qout_r	extIdtcm_icb_cmd_ready	-0.807000	-0.752719
dbg_halt_r	u_eI_srams.u_eJ_itcm_ram.u_eK_itcm_gnrl_ram.u_sirv_sim_ram.mem_r[L][M]	-0.804700	-0.537895
dbg_halt_r	u_eI_cpu.u_eJ_core.u_eK_ifu.u_eL_ifu_ifetch.ifu_lo_ir_dfflr.qout_r[M]	-0.804600	-0.564185
dbg_halt_r	u_eI_cpu.u_eJ_core.u_eK_ifu.u_eL_ifu_ifetch.ifu_err_dfflr.qout_r	-0.804600	-0.559312
dbg_halt_r	u_eI_cpu.u_eJ_core.u_eK_ifu.u_eL_ifu_ifetch.ifu_prdt_taken_dfflr.qout_r	-0.804600	-0.516555
u_eI_cpu.u_eJ_core.u_eK_exu.u_eL_exu_oitf.depth_gtM.ret_ptr_dfflrs.qout_r	extIdtcm_icb_cmd_ready	-0.804100	-0.736448
dbg_halt_r	u_eI_cpu.u_eJ_core.u_eK_ifu.u_eL_ifu_iftMicb.icb_state_dfflr.qout_r[N]	-0.802600	-0.491252
dbg_halt_r	u_eI_cpu.u_eJ_itcm_ctrl.u_sram_icb_ctrl.u_byp_icb_cmd_buf.u_bypbuf_fifo.dp_gtK.vec_L_dfflr.qout_r	-0.801200	-0.524120
u_eI_cpu.u_eJ_core.u_eK_exu.u_eL_exu_oitf.depth_gtM.ret_ptr_flg_dfflrs.qout_r	extIitcm_icb_cmd_ready	-0.797100	-0.740419
u_eI_cpu.u_eJ_core.u_eK_exu.u_eL_exu_oitf.depth_gtM.alc_ptr_flg_dfflrs.qout_r	extIitcm_icb_cmd_ready	-0.797000	-0.738067
u_eI_cpu.u_eJ_core.u_eK_ifu.u_eL_ifu_ifetch.ifu_hi_ir_dfflr.qout_r[M]	cmt_dcause_ena	-0.794700	-0.796308
dbg_halt_r	u_eI_cpu.u_eJ_core.u_eK_biu.u_biu_icb_arbt.arbt_num_gt_L_gen.dp_M.u_sirv_gnrl_rspid_fifo.dp_gt_N.vld_dfflr.qout_r	-0.794600	-0.569174
dbg_step_r	u_eI_cpu.u_eJ_itcm_ctrl.u_itcm_icb_extKitcm_nLw.fifo_dp_M.u_sirv_gnrl_nNw_fifo.dp_gt_O.dat_dfflr.qout_r	-0.793200	-0.404346
u_eI_cpu.u_eJ_core.u_eK_exu.u_eL_exu_csr.mie_dfflr.qout_r[M]	extIdtcm_icb_cmd_ready	-0.791900	-0.756178
u_eI_cpu.u_eJ_core.u_eK_ifu.u_eL_ifu_ifetch.ifu_lo_ir_dfflr.qout_r[M]	cmt_dpc_ena	-0.791600	-0.777834
dbg_step_r	u_eI_cpu.u_eJ_dtcm_ctrl.u_sram_icb_ctrl.u_byp_icb_cmd_buf.u_bypbuf_fifo.dp_gtK.vec_L_dfflr.qout_r	-0.789500	-0.308032
u_eI_cpu.u_eJ_core.u_eK_exu.u_eL_exu_regfile.regfile[M].rfnoN.rf_dffl.qout_r[O]	extIdtcm_icb_cmd_ready	-0.789100	-0.779142
dbg_halt_r	u_eI_cpu.u_eJ_core.u_eK_ifu.u_eL_ifu_ifetch.out_flag_dfflr.qout_r	-0.789000	-0.512205
u_eI_cpu.u_eJ_core.u_eK_lsu.u_eL_lsu_ctrl.u_eM_lsu_splt_stage.dp_gt_N.vld_dfflr.qout_r	extIitcm_icb_cmd_ready	-0.786400	-0.755913
dbg_halt_r	u_eI_srams.u_eJ_dtcm_ram.u_eK_dtcm_gnrl_ram.u_sirv_sim_ram.mem_r[L][M]	-0.786000	-0.533275
dbg_halt_r	u_eI_cpu.u_eJ_core.u_eK_ifu.u_eL_ifu_ifetch.reset_req_dfflr.qout_r	-0.785200	-0.476733
dbg_mode	u_eI_cpu.u_eJ_core.u_eK_lsu.u_eL_lsu_ctrl.u_eM_lsu_splt_stage.dp_gt_N.vld_dfflr.qout_r	-0.783800	-0.135467
dbg_mode	u_eI_cpu.u_eJ_core.u_eK_lsu.u_eL_lsu_ctrl.u_lsu_icb_arbt.arbt_num_gt_M_gen.dp_N.u_sirv_gnrl_rspid_fifo.dp_gt_O.vld_dfflr.qout_r	-0.783800	-0.144612
u_eI_cpu.u_eJ_core.u_eK_exu.u_eL_exu_oitf.depth_gtM.ret_ptr_dfflrs.qout_r	extIitcm_icb_cmd_ready	-0.783400	-0.739642
dbg_halt_r	u_eI_cpu.u_eJ_core.u_eK_ifu.u_eL_ifu_ifetch.dly_flush_dfflr.qout_r	-0.781200	-0.492341
dbg_mode	u_eI_cpu.u_eJ_core.u_eK_exu.u_eL_exu_csr.counterstop_dfflr.qout_r[M]	-0.779600	-0.213261
dbg_halt_r	u_eI_cpu.u_eJ_core.u_eK_exu.u_eL_exu_csr.minstreth_dfflr.qout_r[M]	-0.779600	-0.430361
u_eI_cpu.u_eJ_core.u_eK_ifu.u_eL_ifu_ifetch.ifu_hi_ir_dfflr.qout_r[M]	core_wfi	-0.777600	-0.756520
dbg_halt_r	u_eI_cpu.u_eJ_itcm_ctrl.u_sram_icb_ctrl.u_sirv_Kcyc_sram_ctrl.u_eL_stage.dp_gt_M.dat_dfflr.qout_r[N]	-0.776500	-0.528819
dbg_step_r	u_eI_cpu.u_eJ_core.u_eK_lsu.u_eL_lsu_ctrl.u_eM_lsu_splt_stage.dp_gt_N.dat_dfflr.qout_r[O]	-0.774900	-0.430265
u_eI_cpu.u_eJ_core.u_eK_exu.u_eL_exu_csr.mie_dfflr.qout_r[M]	extIitcm_icb_cmd_ready	-0.771300	-0.759371
dbg_mode	u_eI_cpu.u_eJ_core.u_eK_exu.u_eL_exu_alu.u_eM_exu_nice.u_nice_itag_fifo.dp_gtN.fifo_rf[O].fifo_rf_dffl.qout_r	-0.771300	-0.150326
dbg_mode	u_eI_cpu.u_eJ_core.u_eK_exu.u_eL_exu_csr.mcgstop_dfflr.qout_r[M]	-0.771000	-0.202838
u_eI_cpu.u_eJ_itcm_ctrl.u_sram_icb_ctrl.u_sirv_Kcyc_sram_ctrl.u_eL_stage.dp_gt_M.vld_dfflr.qout_r	extIdtcm_icb_cmd_ready	-0.769800	-0.723405
u_eI_cpu.u_eJ_core.u_eK_exu.u_eL_exu_regfile.regfile[M].rfnoN.rf_dffl.qout_r[O]	extIitcm_icb_cmd_ready	-0.768400	-0.782336
u_eI_cpu.u_eJ_itcm_ctrl.u_itcm_icb_arbt.arbt_num_gt_K_gen.dp_L.u_sirv_gnrl_rspid_fifo.dp_gt_M.vld_dfflr.qout_r	extIdtcm_icb_cmd_ready	-0.767300	-0.721610
dbg_halt_r	u_eI_cpu.u_eJ_core.u_eK_ifu.u_eL_ifu_ifetch.ir_valid_dfflr.qout_r	-0.765900	-0.471763
dbg_mode	u_eI_cpu.u_eJ_core.u_eK_lsu.u_eL_lsu_ctrl.u_lsu_icb_arbt.arbt_num_gt_M_gen.dp_N.u_sirv_gnrl_rspid_fifo.dp_gt_O.dat_dfflr.qout_r	-0.765700	-0.161789
dbg_step_r	u_eI_cpu.u_eJ_core.u_eK_lsu.u_eL_lsu_ctrl.excl_flg_dffl.qout_r	-0.765500	-0.421352
dbg_halt_r	u_eI_cpu.u_eJ_core.u_eK_ifu.u_eL_ifu_ifetch.ir_muldiv_bMb_dfflr.qout_r	-0.765400	-0.557053
u_eI_cpu.u_eJ_core.u_eK_exu.u_eL_exu_oitf.depth_gtM.alc_ptr_dfflrs.qout_r	extIdtcm_icb_cmd_ready	-0.764800	-0.708307
u_eI_cpu.u_eJ_core.u_eK_lsu.u_eL_lsu_ctrl.u_eM_lsu_splt_stage.dp_gt_N.dat_dfflr.qout_r[O]	extIdtcm_icb_cmd_ready	-0.764800	-0.720168
dbg_halt_r	u_eI_cpu.u_eJ_core.u_eK_exu.u_eL_exu_csr.minstret_dfflr.qout_r[M]	-0.763700	-0.449399
u_eI_cpu.u_eJ_irq_sync.master_gen.u_tmr_irq_sync.sync_gen[K].i_is_not_L.sync_dffr.qout_r	extIdtcm_icb_cmd_ready	-0.763600	-0.770205
dbg_halt_r	u_eI_cpu.u_eJ_itcm_ctrl.u_sram_icb_ctrl.u_byp_icb_cmd_buf.u_bypbuf_fifo.dp_gtK.vec_L_dfflrs.qout_r	-0.763500	-0.514948
dbg_halt_r	u_eI_cpu.u_eJ_itcm_ctrl.ifu_holdup_dffl.qout_r	-0.763200	-0.444065
dbg_halt_r	u_eI_cpu.u_eJ_core.u_eK_exu.u_eL_exu_alu.u_eM_exu_alu_dpath.sbf_N_dffl.qout_r[O]	-0.761300	-0.564893
u_eI_cpu.u_eJ_irq_sync.master_gen.u_sft_irq_sync.sync_gen[K].i_is_not_L.sync_dffr.qout_r	extIdtcm_icb_cmd_ready	-0.760500	-0.760881
dbg_step_r	u_eI_cpu.u_eJ_core.u_eK_exu.u_eL_exu_csr.epc_dfflr.qout_r[M]	-0.760400	-0.385549
dbg_halt_r	u_eI_cpu.u_eJ_dtcm_ctrl.u_sram_icb_ctrl.u_byp_icb_cmd_buf.u_bypbuf_fifo.dp_gtK.fifo_rf[L].fifo_rf_dffl.qout_r[M]	-0.756200	-0.503792
u_eI_cpu.u_eJ_irq_sync.master_gen.u_ext_irq_sync.sync_gen[K].i_is_not_L.sync_dffr.qout_r	extIdtcm_icb_cmd_ready	-0.755400	-0.737911
dbg_halt_r	u_eI_cpu.u_eJ_itcm_ctrl.u_sram_icb_ctrl.u_sirv_Kcyc_sram_ctrl.u_eL_stage.dp_gt_M.vld_dfflr.qout_r	-0.754500	-0.507322
dbg_mode	u_eI_cpu.u_eJ_core.u_eK_exu.u_eL_exu_csr.itcmnohold_dfflr.qout_r[M]	-0.754400	-0.182893
dbg_mode	u_eI_cpu.u_eJ_core.u_eK_exu.u_eL_exu_csr.mdvnobMb_dfflr.qout_r[N]	-0.754400	-0.173725
dbg_step_r	u_eI_cpu.u_eJ_itcm_ctrl.u_itcm_icb_extKitcm_nLw.fifo_dp_M.u_sirv_gnrl_nNw_fifo.dp_gt_O.vld_dfflr.qout_r	-0.753900	-0.389255
dbg_step_r	u_eI_cpu.u_eJ_core.u_eK_ifu.u_eL_ifu_ifetch.ifu_pc_dfflr.qout_r[M]	-0.750200	-0.466682
u_eI_cpu.u_eJ_core.u_eK_exu.u_eL_exu_alu.u_eM_exu_alu_muldiv.muldiv_state_dfflr.qout_r[N]	extIdtcm_icb_cmd_ready	-0.749300	-0.513250
u_eI_cpu.u_eJ_itcm_ctrl.u_sram_icb_ctrl.u_sirv_Kcyc_sram_ctrl.u_eL_stage.dp_gt_M.vld_dfflr.qout_r	extIitcm_icb_cmd_ready	-0.749100	-0.726598
dbg_step_r	u_eI_cpu.u_eJ_core.u_eK_exu.u_eL_exu_oitf.oitf_entries[M].pc_dfflrs.qout_r[N]	-0.748500	-0.468489
dbg_step_r	u_eI_cpu.u_eJ_core.u_eK_exu.u_eL_exu_oitf.oitf_entries[M].rdidx_dfflrs.qout_r[N]	-0.748500	-0.482354
dbg_step_r	u_eI_cpu.u_eJ_core.u_eK_exu.u_eL_exu_oitf.oitf_entries[M].rdwen_dfflrs.qout_r	-0.748500	-0.453630
u_eI_cpu.u_eJ_core.u_eK_ifu.u_eL_ifu_ifetch.ifu_hi_ir_dfflr.qout_r[M]	cmt_dpc_ena	-0.748100	-0.767579
u_eI_cpu.u_eJ_dtcm_ctrl.u_dtcm_icb_arbt.arbt_num_gt_K_gen.dp_L.u_sirv_gnrl_rspid_fifo.dp_gt_M.vld_dfflr.qout_r	extIdtcm_icb_cmd_ready	-0.747900	-0.728029
u_eI_cpu.u_eJ_core.u_eK_biu.u_biu_icb_arbt.arbt_num_gt_L_gen.dp_M.u_sirv_gnrl_rspid_fifo.dp_gt_N.vld_dfflr.qout_r	extIdtcm_icb_cmd_ready	-0.747600	-0.731753
u_eI_cpu.u_eJ_core.u_eK_lsu.u_eL_lsu_ctrl.u_lsu_icb_arbt.arbt_num_gt_M_gen.dp_N.u_sirv_gnrl_rspid_fifo.dp_gt_O.vld_dfflr.qout_r	extIdtcm_icb_cmd_ready	-0.747500	-0.676403
u_eI_cpu.u_eJ_dtcm_ctrl.u_sram_icb_ctrl.u_sirv_Kcyc_sram_ctrl.u_eL_stage.dp_gt_M.vld_dfflr.qout_r	extIdtcm_icb_cmd_ready	-0.747200	-0.728325
u_eI_cpu.u_eJ_itcm_ctrl.u_itcm_icb_arbt.arbt_num_gt_K_gen.dp_L.u_sirv_gnrl_rspid_fifo.dp_gt_M.vld_dfflr.qout_r	extIitcm_icb_cmd_ready	-0.746700	-0.724803
dbg_step_r	u_eI_cpu.u_eJ_dtcm_ctrl.u_sram_icb_ctrl.u_sirv_Kcyc_sram_ctrl.u_eL_stage.dp_gt_M.vld_dfflr.qout_r	-0.745600	-0.268619
dbg_step_r	u_eI_cpu.u_eJ_core.u_eK_exu.u_eL_exu_csr.mcycle_dfflr.qout_r[M]	-0.744200	-0.276638
u_eI_cpu.u_eJ_core.u_eK_exu.u_eL_exu_oitf.depth_gtM.alc_ptr_dfflrs.qout_r	extIitcm_icb_cmd_ready	-0.744200	-0.711501
u_eI_cpu.u_eJ_core.u_eK_lsu.u_eL_lsu_ctrl.u_eM_lsu_splt_stage.dp_gt_N.dat_dfflr.qout_r[O]	extIitcm_icb_cmd_ready	-0.744100	-0.723361
u_eI_cpu.u_eJ_irq_sync.master_gen.u_tmr_irq_sync.sync_gen[K].i_is_not_L.sync_dffr.qout_r	extIitcm_icb_cmd_ready	-0.742900	-0.773399
u_eI_cpu.u_eJ_core.u_eK_biu.u_sirv_gnrl_icb_buffer.u_sirv_gnrl_rsp_fifo.dp_gtL.vec_M_dfflr.qout_r	extIdtcm_icb_cmd_ready	-0.741600	-0.717192
u_eI_cpu.u_eJ_irq_sync.master_gen.u_sft_irq_sync.sync_gen[K].i_is_not_L.sync_dffr.qout_r	extIitcm_icb_cmd_ready	-0.739900	-0.764074
u_eI_cpu.u_eJ_core.u_eK_lsu.u_eL_lsu_ctrl.u_lsu_icb_arbt.arbt_num_gt_M_gen.dp_N.u_sirv_gnrl_rspid_fifo.dp_gt_O.dat_dfflr.qout_r	extIdtcm_icb_cmd_ready	-0.738700	-0.641882
dbg_mode	u_eI_cpu.u_eJ_core.u_eK_exu.u_eL_exu_alu.u_eM_exu_nice.u_nice_itag_fifo.dp_gtN.wptr_vec_O_dfflrs.qout_r	-0.737800	-0.144599
u_eI_cpu.u_eJ_irq_sync.master_gen.u_ext_irq_sync.sync_gen[K].i_is_not_L.sync_dffr.qout_r	extIitcm_icb_cmd_ready	-0.734800	-0.741105
dbg_step_r	u_eI_cpu.u_eJ_core.u_eK_exu.u_eL_exu_csr.mtvec_dfflr.qout_r[M]	-0.734700	-0.277179
u_eI_cpu.u_eJ_core.u_eK_ifu.u_eL_ifu_ifetch.ir_rsMidx_dfflr.qout_r[N]	cmt_dcause[I]	-0.732200	-0.812229
dbg_step_r	u_eI_cpu.u_eJ_dtcm_ctrl.u_dtcm_icb_arbt.arbt_num_gt_K_gen.dp_L.u_sirv_gnrl_rspid_fifo.dp_gt_M.dat_dfflr.qout_r	-0.729600	-0.151396
u_eI_cpu.u_eJ_core.u_eK_exu.u_eL_exu_alu.u_eM_exu_alu_muldiv.muldiv_state_dfflr.qout_r[N]	extIitcm_icb_cmd_ready	-0.728700	-0.516443
u_eI_cpu.u_eJ_dtcm_ctrl.u_dtcm_icb_arbt.arbt_num_gt_K_gen.dp_L.u_sirv_gnrl_rspid_fifo.dp_gt_M.vld_dfflr.qout_r	extIitcm_icb_cmd_ready	-0.727300	-0.731222
u_eI_cpu.u_eJ_core.u_eK_biu.u_biu_icb_arbt.arbt_num_gt_L_gen.dp_M.u_sirv_gnrl_rspid_fifo.dp_gt_N.vld_dfflr.qout_r	extIitcm_icb_cmd_ready	-0.727000	-0.734947
u_eI_cpu.u_eJ_core.u_eK_lsu.u_eL_lsu_ctrl.u_lsu_icb_arbt.arbt_num_gt_M_gen.dp_N.u_sirv_gnrl_rspid_fifo.dp_gt_O.vld_dfflr.qout_r	extIitcm_icb_cmd_ready	-0.726900	-0.679596
u_eI_cpu.u_eJ_dtcm_ctrl.u_sram_icb_ctrl.u_sirv_Kcyc_sram_ctrl.u_eL_stage.dp_gt_M.vld_dfflr.qout_r	extIitcm_icb_cmd_ready	-0.726500	-0.731518
dbg_step_r	u_eI_cpu.u_eJ_core.u_eK_exu.u_eL_exu_csr.cause_dfflr.qout_r[M]	-0.725800	-0.364953
u_eI_cpu.u_eJ_itcm_ctrl.u_sram_icb_ctrl.u_sirv_Kcyc_sram_ctrl.u_eL_stage.dp_gt_M.dat_dfflr.qout_r[N]	extIdtcm_icb_cmd_ready	-0.723700	-0.687164
dbg_step_r	u_eI_cpu.u_eJ_core.u_eK_exu.u_eL_exu_alu.u_eM_exu_alu_muldiv.part_remd_sftN_dfflr.qout_r	-0.723100	-0.490752
dbg_mode	u_eI_cpu.u_eJ_core.u_eK_exu.u_eL_exu_alu.u_eM_exu_alu_muldiv.flushed_dfflr.qout_r	-0.723000	-0.256726
u_eI_cpu.u_eJ_core.u_eK_biu.u_sirv_gnrl_icb_buffer.u_sirv_gnrl_rsp_fifo.dp_gtL.vec_M_dfflr.qout_r	extIitcm_icb_cmd_ready	-0.720900	-0.720386
u_eI_cpu.u_eJ_core.u_eK_lsu.u_eL_lsu_ctrl.u_lsu_icb_arbt.arbt_num_gt_M_gen.dp_N.u_sirv_gnrl_rspid_fifo.dp_gt_O.dat_dfflr.qout_r	extIitcm_icb_cmd_ready	-0.718100	-0.645075
dbg_halt_r	u_eI_cpu.u_eJ_core.u_eK_ifu.u_eL_ifu_iftMicb.u_eN_ifetch_rsp_bypbuf.u_bypbuf_fifo.dp_gtO.vec_P_dfflr.qout_r	-0.717500	-0.491039
dbg_step_r	u_eI_cpu.u_eJ_itcm_ctrl.u_itcm_icb_arbt.arbt_num_gt_K_gen.dp_L.u_sirv_gnrl_rspid_fifo.dp_gt_M.dat_dfflr.qout_r	-0.715900	-0.198678
dbg_step_r	u_eI_cpu.u_eJ_core.u_eK_ifu.u_eL_ifu_ifetch.ir_pc_vld_dfflr.qout_r	-0.714800	-0.424325
dbg_halt_r	u_eI_cpu.u_eJ_dtcm_ctrl.u_sram_icb_ctrl.u_byp_icb_cmd_buf.u_bypbuf_fifo.dp_gtK.vec_L_dfflrs.qout_r	-0.712200	-0.288794
dbg_step_r	u_eI_cpu.u_eJ_core.u_eK_exu.u_eL_exu_oitf.oitf_entries[M].vld_dfflrs.qout_r	-0.709400	-0.425848
dbg_step_r	u_eI_cpu.u_eJ_core.u_eK_exu.u_eL_exu_alu.u_eM_exu_alu_muldiv.muldiv_state_dfflr.qout_r[N]	-0.708500	-0.406095
dbg_step_r	u_eI_cpu.u_eJ_core.u_eK_exu.u_eL_exu_csr.mscratch_dfflr.qout_r[M]	-0.707800	-0.248696
dbg_halt_r	u_eI_cpu.u_eJ_core.u_eK_exu.u_eL_exu_alu.u_eM_exu_alu_dpath.sbf_N_dffl.qout_r[O]	-0.707100	-0.534319
dbg_step_r	u_eI_cpu.u_eJ_dtcm_ctrl.u_dtcm_icb_arbt.arbt_num_gt_K_gen.dp_L.u_sirv_gnrl_rspid_fifo.dp_gt_M.vld_dfflr.qout_r	-0.706200	-0.225330
dbg_step_r	u_eI_cpu.u_eJ_core.u_eK_exu.u_eL_exu_oitf.depth_gtM.alc_ptr_dfflrs.qout_r	-0.703100	-0.435635
u_eI_cpu.u_eJ_itcm_ctrl.u_sram_icb_ctrl.u_sirv_Kcyc_sram_ctrl.u_eL_stage.dp_gt_M.dat_dfflr.qout_r[N]	extIitcm_icb_cmd_ready	-0.703000	-0.690357
dbg_step_r	u_eI_cpu.u_eJ_core.u_eK_exu.u_eL_exu_alu.u_eM_exu_alu_muldiv.part_prdt_sftN_dfflr.qout_r	-0.700600	-0.462122
dbg_mode	u_eI_cpu.u_eJ_core.u_eK_exu.u_eL_exu_commit.u_eM_exu_excp.wfi_halt_req_dfflr.qout_r	-0.697600	-0.165016
dbg_halt_r	u_eI_cpu.u_eJ_core.u_eK_exu.u_eL_exu_regfile.regfile[M].rfnoN.rf_dffl.qout_r[O]	-0.696600	-0.490991
u_eI_cpu.u_eJ_itcm_ctrl.u_itcm_icb_arbt.arbt_num_gt_K_gen.dp_L.u_sirv_gnrl_rspid_fifo.dp_gt_M.dat_dfflr.qout_r	extIdtcm_icb_cmd_ready	-0.696500	-0.662781
dbg_step_r	u_eI_cpu.u_eJ_core.u_eK_exu.u_eL_exu_alu.u_eM_exu_alu_lsuagu.icb_state_dfflr.qout_r[N]	-0.694700	-0.391631
dbg_step_r	u_eI_cpu.u_eJ_itcm_ctrl.u_itcm_icb_lsuKitcm_nLw.fifo_dp_M.u_sirv_gnrl_nNw_fifo.dp_gt_O.dat_dfflr.qout_r	-0.693200	-0.331808
dbg_mode	u_eI_cpu.u_eJ_core.u_eK_exu.u_eL_exu_commit.u_eM_exu_excp.step_req_dfflr.qout_r	-0.692000	-0.179232
dbg_step_r	u_eI_cpu.u_eJ_core.u_eK_exu.u_eL_exu_csr.mcycleh_dfflr.qout_r[M]	-0.691200	-0.281341
u_eI_cpu.u_eJ_core.u_eK_ifu.u_eL_ifu_ifetch.ir_rsMidx_dfflr.qout_r[N]	cmt_dcause_ena	-0.687400	-0.790107
u_eI_cpu.u_eJ_dtcm_ctrl.u_dtcm_icb_arbt.arbt_num_gt_K_gen.dp_L.u_sirv_gnrl_rspid_fifo.dp_gt_M.dat_dfflr.qout_r	extIdtcm_icb_cmd_ready	-0.685400	-0.702519
dbg_step_r	u_eI_cpu.u_eJ_core.u_eK_exu.u_eL_exu_csr.status_mie_dfflr.qout_r	-0.679400	-0.359913
u_eI_cpu.u_eJ_core.u_eK_biu.u_biu_icb_arbt.arbt_num_gt_L_gen.dp_M.u_sirv_gnrl_rspid_fifo.dp_gt_N.dat_dfflr.qout_r	extIdtcm_icb_cmd_ready	-0.679000	-0.694920
dbg_step_r	u_eI_cpu.u_eJ_core.u_eK_exu.u_eL_exu_oitf.depth_gtM.alc_ptr_flg_dfflrs.qout_r	-0.678100	-0.460500
u_eI_cpu.u_eJ_itcm_ctrl.u_itcm_icb_arbt.arbt_num_gt_K_gen.dp_L.u_sirv_gnrl_rspid_fifo.dp_gt_M.dat_dfflr.qout_r	extIitcm_icb_cmd_ready	-0.675900	-0.665975
dbg_halt_r	u_eI_cpu.u_eJ_core.u_eK_exu.u_eL_exu_csr.badaddr_dfflr.qout_r[M]	-0.672200	-0.350377
dbg_step_r	u_eI_cpu.u_eJ_core.u_eK_exu.u_eL_exu_alu.u_eM_exu_nice.u_nice_itag_fifo.dp_gtN.vec_O_dfflr.qout_r[P]	-0.671100	-0.177423
u_eI_cpu.u_eJ_core.u_eK_ifu.u_eL_ifu_ifetch.ir_rsMidx_dfflr.qout_r[N]	core_wfi	-0.670300	-0.750319
u_eI_cpu.u_eJ_irq_sync.master_gen.u_dbg_irq_sync.sync_gen[K].i_is_not_L.sync_dffr.qout_r	extIdtcm_icb_cmd_ready	-0.667700	-0.672597
dbg_step_r	u_eI_cpu.u_eJ_core.u_eK_exu.u_eL_exu_csr.status_mpie_dfflr.qout_r	-0.666900	-0.383868
dbg_step_r	u_eI_cpu.u_eJ_itcm_ctrl.u_itcm_icb_arbt.arbt_num_gt_K_gen.dp_L.u_sirv_gnrl_rspid_fifo.dp_gt_M.vld_dfflr.qout_r	-0.666800	-0.286305
dbg_halt_r	u_eI_cpu.u_eJ_itcm_ctrl.u_itcm_icb_extKitcm_nLw.fifo_dp_M.u_sirv_gnrl_nNw_fifo.dp_gt_O.dat_dfflr.qout_r	-0.664800	-0.371102
u_eI_cpu.u_eJ_dtcm_ctrl.u_dtcm_icb_arbt.arbt_num_gt_K_gen.dp_L.u_sirv_gnrl_rspid_fifo.dp_gt_M.dat_dfflr.qout_r	extIitcm_icb_cmd_ready	-0.664700	-0.705713
dbg_step_r	u_eI_cpu.u_eJ_core.u_eK_exu.u_eL_exu_alu.u_eM_exu_alu_lsuagu.unalgn_flg_dffl.qout_r	-0.663500	-0.310318
dbg_halt_r	u_eI_cpu.u_eJ_dtcm_ctrl.u_sram_icb_ctrl.u_byp_icb_cmd_buf.u_bypbuf_fifo.dp_gtK.vec_L_dfflr.qout_r	-0.661100	-0.274787
u_eI_cpu.u_eJ_core.u_eK_exu.u_eL_exu_csr.status_mie_dfflr.qout_r	extIdtcm_icb_cmd_ready	-0.660000	-0.593667
dbg_step_r	u_eI_cpu.u_eJ_core.u_eK_lsu.u_eL_lsu_ctrl.excl_addr_dffl.qout_r[M]	-0.659600	-0.281213
u_eI_cpu.u_eJ_core.u_eK_biu.u_biu_icb_arbt.arbt_num_gt_L_gen.dp_M.u_sirv_gnrl_rspid_fifo.dp_gt_N.dat_dfflr.qout_r	extIitcm_icb_cmd_ready	-0.658400	-0.698113
u_eI_cpu.u_eJ_core.u_eK_exu.u_eL_exu_commit.u_eM_exu_excp.step_req_dfflr.qout_r	extIdtcm_icb_cmd_ready	-0.656500	-0.658217
dbg_mode	u_eI_cpu.u_eJ_core.u_eK_exu.u_eL_exu_alu.u_eM_exu_alu_lsuagu.icb_leftover_err_dfflr.qout_r	-0.656200	-0.045037
u_eI_cpu.u_eJ_irq_sync.master_gen.u_dbg_irq_sync.sync_gen[K].i_is_not_L.sync_dffr.qout_r	extIitcm_icb_cmd_ready	-0.647000	-0.675790
dbg_mode	u_eI_cpu.u_eJ_core.u_eK_ifu.u_eL_ifu_ifetch.halt_ack_dfflr.qout_r	-0.642300	-0.076630
u_eI_cpu.u_eJ_core.u_eK_ifu.u_eL_ifu_ifetch.ir_rsMidx_dfflr.qout_r[N]	cmt_dpc_ena	-0.640900	-0.761378
u_eI_cpu.u_eJ_core.u_eK_exu.u_eL_exu_csr.status_mie_dfflr.qout_r	extIitcm_icb_cmd_ready	-0.639300	-0.596861
dbg_halt_r	u_eI_cpu.u_eJ_core.u_eK_lsu.u_eL_lsu_ctrl.u_eM_lsu_splt_stage.dp_gt_N.dat_dfflr.qout_r[O]	-0.637000	-0.397020
u_eI_cpu.u_eJ_core.u_eK_exu.u_eL_exu_commit.u_eM_exu_excp.step_req_dfflr.qout_r	extIitcm_icb_cmd_ready	-0.635800	-0.661411
dbg_mode	u_eI_cpu.u_eJ_core.u_eK_exu.u_eL_exu_commit.u_eM_exu_excp.wfi_flag_dfflr.qout_r	-0.633400	-0.072213
u_eI_cpu.u_eJ_core.u_eK_exu.u_eL_exu_alu.u_eM_exu_alu_muldiv.exec_cnt_dfflr.qout_r[N]	extIdtcm_icb_cmd_ready	-0.630000	-0.576435
dbg_halt_r	u_eI_cpu.u_eJ_core.u_eK_lsu.u_eL_lsu_ctrl.excl_flg_dffl.qout_r	-0.627500	-0.388107
dbg_halt_r	u_eI_cpu.u_eJ_itcm_ctrl.u_itcm_icb_extKitcm_nLw.fifo_dp_M.u_sirv_gnrl_nNw_fifo.dp_gt_O.vld_dfflr.qout_r	-0.625500	-0.356010
dbg_step_r	u_eI_cpu.u_eJ_itcm_ctrl.u_itcm_icb_lsuKitcm_nLw.fifo_dp_M.u_sirv_gnrl_nNw_fifo.dp_gt_O.vld_dfflr.qout_r	-0.624900	-0.219541
dbg_halt_r	u_eI_cpu.u_eJ_core.u_eK_ifu.u_eL_ifu_ifetch.ifu_pc_dfflr.qout_r[M]	-0.621800	-0.433438
dbg_halt_r	u_eI_cpu.u_eJ_core.u_eK_exu.u_eL_exu_csr.epc_dfflr.qout_r[M]	-0.620400	-0.352305
dbg_halt_r	u_eI_cpu.u_eJ_dtcm_ctrl.u_sram_icb_ctrl.u_sirv_Kcyc_sram_ctrl.u_eL_stage.dp_gt_M.vld_dfflr.qout_r	-0.617200	-0.235374
u_eI_cpu.u_eJ_core.u_eK_biu.u_sirv_gnrl_icb_buffer.u_sirv_gnrl_rsp_fifo.dp_gtL.fifo_rf[M].fifo_rf_dffl.qout_r[N]	extIdtcm_icb_cmd_ready	-0.612700	-0.594953
dbg_halt_r	u_eI_cpu.u_eJ_core.u_eK_exu.u_eL_exu_oitf.oitf_entries[M].pc_dfflrs.qout_r[N]	-0.611400	-0.435245
dbg_halt_r	u_eI_cpu.u_eJ_core.u_eK_exu.u_eL_exu_oitf.oitf_entries[M].rdidx_dfflrs.qout_r[N]	-0.611400	-0.449109
dbg_halt_r	u_eI_cpu.u_eJ_core.u_eK_exu.u_eL_exu_oitf.oitf_entries[M].rdwen_dfflrs.qout_r	-0.611400	-0.420386
u_eI_cpu.u_eJ_core.u_eK_ifu.u_eL_ifu_ifetch.ifu_prdt_taken_dfflr.qout_r	extIdtcm_icb_cmd_ready	-0.610700	-0.534772
dbg_step_r	u_eI_cpu.u_eJ_core.u_eK_exu.u_eL_exu_alu.u_eM_exu_nice.u_nice_itag_fifo.dp_gtN.vec_O_dfflrs.qout_r	-0.609600	-0.167035
u_eI_cpu.u_eJ_core.u_eK_exu.u_eL_exu_alu.u_eM_exu_alu_muldiv.exec_cnt_dfflr.qout_r[N]	extIitcm_icb_cmd_ready	-0.609300	-0.579628
u_eI_cpu.u_eJ_core.u_eK_ifu.u_eL_ifu_ifetch.ifu_lo_ir_dfflr.qout_r[M]	u_eI_cpu.u_eJ_itcm_ctrl.u_sram_icb_ctrl.u_byp_icb_cmd_buf.u_bypbuf_fifo.dp_gtK.fifo_rf[L].fifo_rf_dffl.qout_r[M]	-0.606500	-0.266349
dbg_halt_r	u_eI_cpu.u_eJ_core.u_eK_exu.u_eL_exu_csr.mcycle_dfflr.qout_r[M]	-0.604200	-0.243393
dbg_halt_r	u_eI_cpu.u_eJ_dtcm_ctrl.u_dtcm_icb_arbt.arbt_num_gt_K_gen.dp_L.u_sirv_gnrl_rspid_fifo.dp_gt_M.dat_dfflr.qout_r	-0.601300	-0.118151
dbg_step_r	u_eI_cpu.u_eJ_core.u_eK_exu.u_eL_exu_alu.u_eM_exu_alu_muldiv.exec_cnt_dfflr.qout_r[N]	-0.600700	-0.396708
dbg_step_r	u_eI_cpu.u_eJ_core.u_eK_exu.u_eL_exu_alu.u_eM_exu_nice.u_nice_itag_fifo.dp_gtN.dp_gtO.wptr_vec_P_dfflr.qout_r[Q]	-0.596300	-0.164097
dbg_halt_r	u_eI_cpu.u_eJ_core.u_eK_exu.u_eL_exu_csr.mtvec_dfflr.qout_r[M]	-0.594700	-0.243934
u_eI_cpu.u_eJ_core.u_eK_ifu.u_eL_ifu_ifetch.ifu_lo_ir_dfflr.qout_r[M]	u_eI_cpu.u_eJ_core.u_eK_biu.u_sirv_gnrl_icb_buffer.u_sirv_gnrl_cmd_fifo.dp_gtL.fifo_rf[M].fifo_rf_dffl.qout_r[N]	-0.593000	-0.290571
u_eI_cpu.u_eJ_core.u_eK_biu.u_sirv_gnrl_icb_buffer.u_sirv_gnrl_rsp_fifo.dp_gtL.fifo_rf[M].fifo_rf_dffl.qout_r[N]	extIitcm_icb_cmd_ready	-0.592000	-0.598147
dbg_step_r	u_eI_cpu.u_eJ_core.u_eK_ifu.u_eL_ifu_ifetch.u_eM_ifu_litebpu.rsNxn_rdrf_dfflrs.qout_r	-0.591500	-0.273697
u_eI_cpu.u_eJ_core.u_eK_ifu.u_eL_ifu_ifetch.ifu_prdt_taken_dfflr.qout_r	extIitcm_icb_cmd_ready	-0.590100	-0.537965
dbg_step_r	u_eI_cpu.u_eJ_core.u_eK_exu.u_eL_exu_csr.mie_dfflr.qout_r[M]	-0.588800	-0.186394
u_eI_cpu.u_eJ_core.u_eK_ifu.u_eL_ifu_ifetch.ifu_err_dfflr.qout_r	cmt_dcause[I]	-0.588700	-0.539273
dbg_halt_r	u_eI_cpu.u_eJ_itcm_ctrl.u_itcm_icb_arbt.arbt_num_gt_K_gen.dp_L.u_sirv_gnrl_rspid_fifo.dp_gt_M.dat_dfflr.qout_r	-0.587600	-0.165433
dbg_halt_r	u_eI_cpu.u_eJ_core.u_eK_exu.u_eL_exu_alu.u_eM_exu_alu_muldiv.part_remd_sftN_dfflr.qout_r	-0.586100	-0.460758
dbg_halt_r	u_eI_cpu.u_eJ_core.u_eK_exu.u_eL_exu_csr.cause_dfflr.qout_r[M]	-0.585900	-0.331708
u_eI_cpu.u_eJ_core.u_eK_ifu.u_eL_ifu_ifetch.ifu_lo_ir_dfflr.qout_r[M]	u_eI_cpu.u_eJ_core.u_eK_ifu.u_eL_ifu_iftMicb.leftover_dffl.qout_r[N]	-0.585500	-0.282091
dbg_halt_r	u_eI_cpu.u_eJ_core.u_eK_exu.u_eL_exu_alu.u_eM_exu_alu_muldiv.muldiv_state_dfflr.qout_r[N]	-0.580100	-0.376102
u_eI_cpu.u_eJ_core.u_eK_ifu.u_eL_ifu_ifetch.ifu_lo_ir_dfflr.qout_r[M]	u_eI_cpu.u_eJ_core.u_eK_biu.u_sirv_gnrl_icb_buffer.u_sirv_gnrl_cmd_fifo.dp_gtL.vec_M_dfflrs.qout_r	-0.579600	-0.278755
dbg_halt_r	u_eI_cpu.u_eJ_core.u_eK_ifu.u_eL_ifu_ifetch.ir_pc_vld_dfflr.qout_r	-0.579100	-0.391080
dbg_halt_r	u_eI_cpu.u_eJ_dtcm_ctrl.u_dtcm_icb_arbt.arbt_num_gt_K_gen.dp_L.u_sirv_gnrl_rspid_fifo.dp_gt_M.vld_dfflr.qout_r	-0.577800	-0.192085
u_eI_cpu.u_eJ_core.u_eK_ifu.u_eL_ifu_ifetch.ifu_lo_ir_dfflr.qout_r[M]	u_eI_cpu.u_eJ_core.u_eK_biu.u_sirv_gnrl_icb_buffer.u_sirv_gnrl_cmd_fifo.dp_gtL.vec_M_dfflr.qout_r	-0.576500	-0.272814
u_eI_cpu.u_eJ_core.u_eK_ifu.u_eL_ifu_ifetch.ifu_lo_ir_dfflr.qout_r[M]	u_eI_cpu.u_eJ_core.u_eK_ifu.u_eL_ifu_ifetch.ifu_hi_ir_dfflr.qout_r[M]	-0.576000	-0.243373
u_eI_cpu.u_eJ_core.u_eK_ifu.u_eL_ifu_ifetch.ir_muldiv_bMb_dfflr.qout_r	extIdtcm_icb_cmd_ready	-0.575900	-0.637375
dbg_halt_r	u_eI_cpu.u_eJ_core.u_eK_exu.u_eL_exu_oitf.oitf_entries[M].vld_dfflrs.qout_r	-0.572300	-0.392603
u_eI_cpu.u_eJ_core.u_eK_ifu.u_eL_ifu_ifetch.ifu_lo_ir_dfflr.qout_r[M]	u_eI_cpu.u_eJ_core.u_eK_ifu.u_eL_ifu_iftMicb.u_eN_ifetch_rsp_bypbuf.u_bypbuf_fifo.dp_gtO.vec_P_dfflrs.qout_r	-0.570700	-0.257444
u_eI_cpu.u_eJ_core.u_eK_exu.u_eL_exu_alu.u_eM_exu_alu_lsuagu.icb_state_dfflr.qout_r[N]	cmt_dcause[I]	-0.569500	-0.642811
dbg_halt_r	u_eI_cpu.u_eJ_core.u_eK_exu.u_eL_exu_csr.mscratch_dfflr.qout_r[M]	-0.567800	-0.215451
u_eI_cpu.u_eJ_core.u_eK_ifu.u_eL_ifu_ifetch.ifu_lo_ir_dfflr.qout_r[M]	u_eI_cpu.u_eJ_core.u_eK_biu.u_biu_icb_arbt.arbt_num_gt_L_gen.dp_M.u_sirv_gnrl_rspid_fifo.dp_gt_N.dat_dfflr.qout_r	-0.566800	-0.267549
dbg_halt_r	u_eI_cpu.u_eJ_core.u_eK_exu.u_eL_exu_oitf.depth_gtM.alc_ptr_dfflrs.qout_r	-0.566000	-0.402391
u_eI_cpu.u_eJ_core.u_eK_ifu.u_eL_ifu_ifetch.ifu_lo_ir_dfflr.qout_r[M]	u_eI_cpu.u_eJ_core.u_eK_ifu.u_eL_ifu_ifetch.ir_rsMidx_dfflr.qout_r[N]	-0.565500	-0.255552
dbg_halt_r	u_eI_cpu.u_eJ_itcm_ctrl.u_itcm_icb_lsuKitcm_nLw.fifo_dp_M.u_sirv_gnrl_nNw_fifo.dp_gt_O.dat_dfflr.qout_r	-0.564800	-0.305680
u_eI_cpu.u_eJ_core.u_eK_ifu.u_eL_ifu_ifetch.ifu_lo_ir_dfflr.qout_r[M]	u_eI_cpu.u_eJ_core.u_eK_ifu.u_eL_ifu_ifetch.pc_dfflr.qout_r[M]	-0.564200	-0.295188
dbg_halt_r	u_eI_cpu.u_eJ_core.u_eK_exu.u_eL_exu_alu.u_eM_exu_alu_muldiv.part_prdt_sftN_dfflr.qout_r	-0.563600	-0.432129
u_eI_cpu.u_eJ_core.u_eK_ifu.u_eL_ifu_ifetch.ifu_hi_ir_dfflr.qout_r[M]	u_eI_cpu.u_eJ_itcm_ctrl.u_sram_icb_ctrl.u_byp_icb_cmd_buf.u_bypbuf_fifo.dp_gtK.fifo_rf[L].fifo_rf_dffl.qout_r[M]	-0.563000	-0.251573
dbg_step_r	u_eI_cpu.u_eJ_core.u_eK_lsu.u_eL_lsu_ctrl.u_eM_lsu_splt_stage.dp_gt_N.vld_dfflr.qout_r	-0.562300	-0.138501
dbg_step_r	u_eI_cpu.u_eJ_core.u_eK_lsu.u_eL_lsu_ctrl.u_lsu_icb_arbt.arbt_num_gt_M_gen.dp_N.u_sirv_gnrl_rspid_fifo.dp_gt_O.vld_dfflr.qout_r	-0.562300	-0.147645
dbg_halt_r	u_eI_cpu.u_eJ_core.u_eK_exu.u_eL_exu_alu.u_eM_exu_alu_lsuagu.icb_state_dfflr.qout_r[N]	-0.559100	-0.361637
u_eI_cpu.u_eJ_core.u_eK_exu.u_eL_exu_alu.u_eM_exu_alu_dpath.sbf_N_dffl.qout_r[O]	extIdtcm_icb_cmd_ready	-0.558800	-0.494265
dbg_mode	wr_csr_nxt[I]	-0.558600	-0.605899
dbg_step_r	u_eI_cpu.u_eJ_core.u_eK_exu.u_eL_exu_csr.counterstop_dfflr.qout_r[M]	-0.558100	-0.216294
u_eI_cpu.u_eJ_core.u_eK_ifu.u_eL_ifu_ifetch.ir_muldiv_bMb_dfflr.qout_r	extIitcm_icb_cmd_ready	-0.555300	-0.640568
u_eI_cpu.u_eJ_core.u_eK_ifu.u_eL_ifu_ifetch.ifu_lo_ir_dfflr.qout_r[M]	u_eI_cpu.u_eJ_core.u_eK_ifu.u_eL_ifu_iftMicb.icb_addr_N_O_dffl.qout_r[P]	-0.554000	-0.252702
dbg_halt_r	u_eI_cpu.u_eJ_core.u_eK_exu.u_eL_exu_csr.mcycleh_dfflr.qout_r[M]	-0.551300	-0.248096
u_eI_cpu.u_eJ_core.u_eK_exu.u_eL_exu_oitf.depth_gtM.ret_ptr_flg_dfflrs.qout_r	cmt_dcause[I]	-0.550900	-0.641112
u_eI_cpu.u_eJ_core.u_eK_exu.u_eL_exu_oitf.depth_gtM.alc_ptr_flg_dfflrs.qout_r	cmt_dcause[I]	-0.550800	-0.639121
dbg_step_r	u_eI_cpu.u_eJ_core.u_eK_exu.u_eL_exu_alu.u_eM_exu_nice.u_nice_itag_fifo.dp_gtN.fifo_rf[O].fifo_rf_dffl.qout_r	-0.549800	-0.153359
u_eI_cpu.u_eJ_core.u_eK_ifu.u_eL_ifu_ifetch.ifu_hi_ir_dfflr.qout_r[M]	u_eI_cpu.u_eJ_core.u_eK_biu.u_sirv_gnrl_icb_buffer.u_sirv_gnrl_cmd_fifo.dp_gtL.fifo_rf[M].fifo_rf_dffl.qout_r[N]	-0.549600	-0.276778
dbg_step_r	u_eI_cpu.u_eJ_core.u_eK_exu.u_eL_exu_csr.mcgstop_dfflr.qout_r[M]	-0.549500	-0.205871
u_eI_cpu.u_eJ_core.u_eK_ifu.u_eL_ifu_ifetch.ifu_lo_ir_dfflr.qout_r[M]	u_eI_cpu.u_eJ_core.u_eK_ifu.u_eL_ifu_iftMicb.req_lane_cross_dfflr.qout_r	-0.549100	-0.234748
u_eI_cpu.u_eJ_core.u_eK_ifu.u_eL_ifu_ifetch.ifu_lo_ir_dfflr.qout_r[M]	u_eI_cpu.u_eJ_core.u_eK_ifu.u_eL_ifu_iftMicb.req_need_Nuop_dfflr.qout_r	-0.549100	-0.219740
u_eI_cpu.u_eJ_core.u_eK_ifu.u_eL_ifu_ifetch.ifu_lo_ir_dfflr.qout_r[M]	u_eI_cpu.u_eJ_core.u_eK_ifu.u_eL_ifu_iftMicb.req_same_cross_holdup_dfflr.qout_r	-0.549100	-0.207201
dbg_step_r	u_eI_cpu.u_eJ_core.u_eK_lsu.u_eL_lsu_ctrl.u_lsu_icb_arbt.arbt_num_gt_M_gen.dp_N.u_sirv_gnrl_rspid_fifo.dp_gt_O.dat_dfflr.qout_r	-0.544200	-0.164822
u_eI_cpu.u_eJ_core.u_eK_ifu.u_eL_ifu_ifetch.ifu_err_dfflr.qout_r	cmt_dcause_ena	-0.543900	-0.508600
u_eI_cpu.u_eJ_core.u_eK_ifu.u_eL_ifu_ifetch.ifu_lo_ir_dfflr.qout_r[M]	u_eI_cpu.u_eJ_core.u_eK_ifu.u_eL_ifu_iftMicb.u_eN_ifetch_rsp_bypbuf.u_bypbuf_fifo.dp_gtO.fifo_rf[P].fifo_rf_dffl.qout_r[Q]	-0.543900	-0.275149
u_eI_cpu.u_eJ_core.u_eK_ifu.u_eL_ifu_ifetch.ifu_hi_ir_dfflr.qout_r[M]	u_eI_cpu.u_eJ_core.u_eK_ifu.u_eL_ifu_iftMicb.leftover_dffl.qout_r[N]	-0.542100	-0.264657
dbg_halt_r	u_eI_cpu.u_eJ_core.u_eK_exu.u_eL_exu_oitf.depth_gtM.alc_ptr_flg_dfflrs.qout_r	-0.541000	-0.427256
u_eI_cpu.u_eJ_core.u_eK_ifu.u_eL_ifu_ifetch.ifu_lo_ir_dfflr.qout_r[M]	u_eI_cpu.u_eJ_core.u_eK_ifu.u_eL_ifu_iftMicb.icbNmem_dfflr.qout_r	-0.540900	-0.227268
u_eI_cpu.u_eJ_core.u_eK_lsu.u_eL_lsu_ctrl.u_eM_lsu_splt_stage.dp_gt_N.vld_dfflr.qout_r	cmt_dcause[I]	-0.540200	-0.665152
dbg_halt_r	u_eI_cpu.u_eJ_core.u_eK_exu.u_eL_exu_csr.status_mie_dfflr.qout_r	-0.539400	-0.326668
dbg_halt_r	u_eI_cpu.u_eJ_itcm_ctrl.u_itcm_icb_arbt.arbt_num_gt_K_gen.dp_L.u_sirv_gnrl_rspid_fifo.dp_gt_M.vld_dfflr.qout_r	-0.538400	-0.253060
u_eI_cpu.u_eJ_core.u_eK_exu.u_eL_exu_alu.u_eM_exu_alu_dpath.sbf_N_dffl.qout_r[O]	extIitcm_icb_cmd_ready	-0.538200	-0.497458
u_eI_cpu.u_eJ_core.u_eK_exu.u_eL_exu_oitf.depth_gtM.ret_ptr_dfflrs.qout_r	cmt_dcause[I]	-0.537300	-0.640335
u_eI_cpu.u_eJ_core.u_eK_ifu.u_eL_ifu_ifetch.ifu_hi_ir_dfflr.qout_r[M]	u_eI_cpu.u_eJ_core.u_eK_biu.u_sirv_gnrl_icb_buffer.u_sirv_gnrl_cmd_fifo.dp_gtL.vec_M_dfflrs.qout_r	-0.536100	-0.264962
dbg_halt_r	u_eI_cpu.u_eJ_core.u_eK_exu.u_eL_exu_alu.u_eM_exu_alu_lsuagu.unalgn_flg_dffl.qout_r	-0.535100	-0.280324
u_eI_cpu.u_eJ_core.u_eK_ifu.u_eL_ifu_ifetch.ifu_lo_ir_dfflr.qout_r[M]	u_eI_cpu.u_eJ_core.u_eK_ifu.u_eL_ifu_ifetch.pc_newpend_dfflr.qout_r	-0.534300	-0.256658
dbg_halt_r	u_eI_cpu.u_eJ_core.u_eK_exu.u_eL_exu_alu.u_eM_exu_nice.u_nice_itag_fifo.dp_gtN.vec_O_dfflr.qout_r[P]	-0.533200	-0.144178
u_eI_cpu.u_eJ_core.u_eK_ifu.u_eL_ifu_ifetch.ifu_hi_ir_dfflr.qout_r[M]	u_eI_cpu.u_eJ_core.u_eK_biu.u_sirv_gnrl_icb_buffer.u_sirv_gnrl_cmd_fifo.dp_gtL.vec_M_dfflr.qout_r	-0.533100	-0.259021
u_eI_cpu.u_eJ_core.u_eK_exu.u_eL_exu_alu.u_eM_exu_alu_dpath.sbf_N_dffl.qout_r[O]	extIdtcm_icb_cmd_ready	-0.532900	-0.442825
dbg_step_r	u_eI_cpu.u_eJ_core.u_eK_exu.u_eL_exu_csr.itcmnohold_dfflr.qout_r[M]	-0.532800	-0.185926
dbg_step_r	u_eI_cpu.u_eJ_core.u_eK_exu.u_eL_exu_csr.mdvnobMb_dfflr.qout_r[N]	-0.532800	-0.176759
u_eI_cpu.u_eJ_core.u_eK_ifu.u_eL_ifu_ifetch.ifu_hi_ir_dfflr.qout_r[M]	u_eI_cpu.u_eJ_core.u_eK_ifu.u_eL_ifu_ifetch.ifu_hi_ir_dfflr.qout_r[M]	-0.532600	-0.225939
u_eI_cpu.u_eJ_core.u_eK_ifu.u_eL_ifu_ifetch.ifu_lo_ir_dfflr.qout_r[M]	u_eI_cpu.u_eJ_core.u_eK_ifu.u_eL_ifu_iftMicb.icbNitcm_dfflr.qout_r	-0.531100	-0.214402
dbg_halt_r	u_eI_cpu.u_eJ_core.u_eK_exu.u_eL_exu_csr.status_mpie_dfflr.qout_r	-0.529900	-0.350623
u_eI_cpu.u_eJ_core.u_eK_ifu.u_eL_ifu_ifetch.ifu_lo_ir_dfflr.qout_r[M]	u_eI_cpu.u_eJ_core.u_eK_ifu.u_eL_ifu_iftMicb.leftover_err_dfflr.qout_r	-0.528900	-0.278702
u_eI_cpu.u_eJ_core.u_eK_ifu.u_eL_ifu_ifetch.ifu_hi_ir_dfflr.qout_r[M]	u_eI_cpu.u_eJ_core.u_eK_ifu.u_eL_ifu_iftMicb.u_eN_ifetch_rsp_bypbuf.u_bypbuf_fifo.dp_gtO.vec_P_dfflrs.qout_r	-0.527200	-0.240010
u_eI_cpu.u_eJ_core.u_eK_ifu.u_eL_ifu_ifetch.ifu_err_dfflr.qout_r	core_wfi	-0.526800	-0.468812
u_eI_cpu.u_eJ_core.u_eK_exu.u_eL_exu_csr.mie_dfflr.qout_r[M]	cmt_dcause[I]	-0.525100	-0.678225
u_eI_cpu.u_eJ_core.u_eK_ifu.u_eL_ifu_ifetch.ifu_lo_ir_dfflr.qout_r[M]	u_eI_cpu.u_eJ_core.u_eK_ifu.u_eL_ifu_ifetch.ifu_lo_ir_dfflr.qout_r[M]	-0.525100	-0.264068
u_eI_cpu.u_eJ_core.u_eK_ifu.u_eL_ifu_ifetch.ifu_lo_ir_dfflr.qout_r[M]	u_eI_cpu.u_eJ_core.u_eK_ifu.u_eL_ifu_ifetch.ifu_err_dfflr.qout_r	-0.525100	-0.259196
u_eI_cpu.u_eJ_core.u_eK_ifu.u_eL_ifu_ifetch.ifu_lo_ir_dfflr.qout_r[M]	u_eI_cpu.u_eJ_core.u_eK_ifu.u_eL_ifu_ifetch.ifu_prdt_taken_dfflr.qout_r	-0.525100	-0.216438
u_eI_cpu.u_eJ_core.u_eK_exu.u_eL_exu_alu.u_eM_exu_alu_lsuagu.icb_state_dfflr.qout_r[N]	cmt_dcause_ena	-0.524700	-0.622675
u_eI_cpu.u_eJ_core.u_eK_ifu.u_eL_ifu_ifetch.ifu_hi_ir_dfflr.qout_r[M]	u_eI_cpu.u_eJ_core.u_eK_biu.u_biu_icb_arbt.arbt_num_gt_L_gen.dp_M.u_sirv_gnrl_rspid_fifo.dp_gt_N.dat_dfflr.qout_r	-0.523300	-0.253756
u_eI_cpu.u_eJ_core.u_eK_ifu.u_eL_ifu_ifetch.ifu_lo_ir_dfflr.qout_r[M]	u_eI_cpu.u_eJ_core.u_eK_ifu.u_eL_ifu_iftMicb.icb_state_dfflr.qout_r[N]	-0.523100	-0.191135
u_eI_cpu.u_eJ_core.u_eK_exu.u_eL_exu_regfile.regfile[M].rfnoN.rf_dffl.qout_r[O]	cmt_dcause[I]	-0.522300	-0.686296
u_eI_cpu.u_eJ_core.u_eK_ifu.u_eL_ifu_ifetch.ifu_hi_ir_dfflr.qout_r[M]	u_eI_cpu.u_eJ_core.u_eK_ifu.u_eL_ifu_ifetch.ir_rsMidx_dfflr.qout_r[N]	-0.522000	-0.240314
u_eI_cpu.u_eJ_core.u_eK_ifu.u_eL_ifu_ifetch.ifu_lo_ir_dfflr.qout_r[M]	u_eI_cpu.u_eJ_itcm_ctrl.u_sram_icb_ctrl.u_byp_icb_cmd_buf.u_bypbuf_fifo.dp_gtK.vec_L_dfflr.qout_r	-0.521700	-0.224004
u_eI_cpu.u_eJ_core.u_eK_ifu.u_eL_ifu_ifetch.ifu_hi_ir_dfflr.qout_r[M]	u_eI_cpu.u_eJ_core.u_eK_ifu.u_eL_ifu_ifetch.pc_dfflr.qout_r[M]	-0.520800	-0.277754
dbg_halt_r	u_eI_cpu.u_eJ_core.u_eK_lsu.u_eL_lsu_ctrl.excl_addr_dffl.qout_r[M]	-0.519600	-0.247969
u_eI_cpu.u_eJ_core.u_eK_ifu.u_eL_ifu_ifetch.ifu_lo_ir_dfflr.qout_r[M]	u_eI_srams.u_eJ_itcm_ram.u_eK_itcm_gnrl_ram.u_sirv_sim_ram.mem_r[L][M]	-0.516600	-0.239444
dbg_step_r	u_eI_cpu.u_eJ_core.u_eK_exu.u_eL_exu_alu.u_eM_exu_nice.u_nice_itag_fifo.dp_gtN.wptr_vec_O_dfflrs.qout_r	-0.516200	-0.147632
u_eI_cpu.u_eJ_core.u_eK_ifu.u_eL_ifu_ifetch.ifu_lo_ir_dfflr.qout_r[M]	u_eI_cpu.u_eJ_core.u_eK_biu.u_biu_icb_arbt.arbt_num_gt_L_gen.dp_M.u_sirv_gnrl_rspid_fifo.dp_gt_N.vld_dfflr.qout_r	-0.515200	-0.269057
u_eI_cpu.u_eJ_core.u_eK_exu.u_eL_exu_alu.u_eM_exu_alu_dpath.sbf_N_dffl.qout_r[O]	extIitcm_icb_cmd_ready	-0.512300	-0.446018
u_eI_cpu.u_eJ_core.u_eK_ifu.u_eL_ifu_ifetch.ifu_hi_ir_dfflr.qout_r[M]	u_eI_cpu.u_eJ_core.u_eK_ifu.u_eL_ifu_iftMicb.icb_addr_N_O_dffl.qout_r[P]	-0.510600	-0.235268
u_eI_cpu.u_eJ_core.u_eK_ifu.u_eL_ifu_ifetch.ifu_lo_ir_dfflr.qout_r[M]	u_eI_cpu.u_eJ_core.u_eK_ifu.u_eL_ifu_ifetch.out_flag_dfflr.qout_r	-0.509600	-0.212088
u_eI_cpu.u_eJ_core.u_eK_exu.u_eL_exu_alu.u_eM_exu_alu_lsuagu.icb_state_dfflr.qout_r[N]	core_wfi	-0.507600	-0.582886
u_eI_cpu.u_eJ_core.u_eK_ifu.u_eL_ifu_ifetch.ifu_lo_ir_dfflr.qout_r[M]	u_eI_srams.u_eJ_dtcm_ram.u_eK_dtcm_gnrl_ram.u_sirv_sim_ram.mem_r[L][M]	-0.507500	-0.234823
u_eI_cpu.u_eJ_core.u_eK_exu.u_eL_exu_oitf.depth_gtM.ret_ptr_flg_dfflrs.qout_r	cmt_dcause_ena	-0.506100	-0.620976
u_eI_cpu.u_eJ_core.u_eK_exu.u_eL_exu_oitf.depth_gtM.alc_ptr_flg_dfflrs.qout_r	cmt_dcause_ena	-0.506000	-0.618623
u_eI_cpu.u_eJ_core.u_eK_ifu.u_eL_ifu_ifetch.ifu_lo_ir_dfflr.qout_r[M]	u_eI_cpu.u_eJ_core.u_eK_ifu.u_eL_ifu_ifetch.reset_req_dfflr.qout_r	-0.505800	-0.176617
u_eI_cpu.u_eJ_core.u_eK_ifu.u_eL_ifu_ifetch.ifu_hi_ir_dfflr.qout_r[M]	u_eI_cpu.u_eJ_core.u_eK_ifu.u_eL_ifu_iftMicb.req_lane_cross_dfflr.qout_r	-0.505700	-0.220955
u_eI_cpu.u_eJ_core.u_eK_ifu.u_eL_ifu_ifetch.ifu_hi_ir_dfflr.qout_r[M]	u_eI_cpu.u_eJ_core.u_eK_ifu.u_eL_ifu_iftMicb.req_need_Nuop_dfflr.qout_r	-0.505700	-0.205947
u_eI_cpu.u_eJ_core.u_eK_ifu.u_eL_ifu_ifetch.ifu_hi_ir_dfflr.qout_r[M]	u_eI_cpu.u_eJ_core.u_eK_ifu.u_eL_ifu_iftMicb.req_same_cross_holdup_dfflr.qout_r	-0.505700	-0.193408
u_eI_cpu.u_eJ_itcm_ctrl.u_sram_icb_ctrl.u_sirv_Kcyc_sram_ctrl.u_eL_stage.dp_gt_M.vld_dfflr.qout_r	cmt_dcause[I]	-0.502900	-0.627292
u_eI_cpu.u_eJ_core.u_eK_ifu.u_eL_ifu_ifetch.ifu_lo_ir_dfflr.qout_r[M]	u_eI_cpu.u_eJ_core.u_eK_ifu.u_eL_ifu_ifetch.dly_flush_dfflr.qout_r	-0.501800	-0.192225
dbg_step_r	u_eI_cpu.u_eJ_core.u_eK_exu.u_eL_exu_alu.u_eM_exu_alu_muldiv.flushed_dfflr.qout_r	-0.501500	-0.258153
u_eI_cpu.u_eJ_itcm_ctrl.u_itcm_icb_arbt.arbt_num_gt_K_gen.dp_L.u_sirv_gnrl_rspid_fifo.dp_gt_M.vld_dfflr.qout_r	cmt_dcause[I]	-0.500500	-0.625496
u_eI_cpu.u_eJ_core.u_eK_ifu.u_eL_ifu_ifetch.ifu_hi_ir_dfflr.qout_r[M]	u_eI_cpu.u_eJ_core.u_eK_ifu.u_eL_ifu_iftMicb.u_eN_ifetch_rsp_bypbuf.u_bypbuf_fifo.dp_gtO.fifo_rf[P].fifo_rf_dffl.qout_r[Q]	-0.500400	-0.257715
u_eI_cpu.u_eJ_core.u_eK_ifu.u_eL_ifu_ifetch.ifu_lo_ir_dfflr.qout_r[M]	u_eI_cpu.u_eJ_core.u_eK_exu.u_eL_exu_csr.minstreth_dfflr.qout_r[M]	-0.500100	-0.130244
u_eI_cpu.u_eJ_core.u_eK_exu.u_eL_exu_oitf.depth_gtM.alc_ptr_dfflrs.qout_r	cmt_dcause[I]	-0.498000	-0.630355
u_eI_cpu.u_eJ_core.u_eK_lsu.u_eL_lsu_ctrl.u_eM_lsu_splt_stage.dp_gt_N.dat_dfflr.qout_r[O]	cmt_dcause[I]	-0.498000	-0.642215
u_eI_cpu.u_eJ_core.u_eK_ifu.u_eL_ifu_ifetch.ifu_hi_ir_dfflr.qout_r[M]	u_eI_cpu.u_eJ_core.u_eK_ifu.u_eL_ifu_iftMicb.icbNmem_dfflr.qout_r	-0.497400	-0.209834
u_eI_cpu.u_eJ_core.u_eK_ifu.u_eL_ifu_ifetch.ifu_err_dfflr.qout_r	cmt_dpc_ena	-0.497300	-0.479871
u_eI_cpu.u_eJ_core.u_eK_ifu.u_eL_ifu_ifetch.ifu_lo_ir_dfflr.qout_r[M]	u_eI_cpu.u_eJ_itcm_ctrl.u_sram_icb_ctrl.u_sirv_Kcyc_sram_ctrl.u_eL_stage.dp_gt_M.dat_dfflr.qout_r[N]	-0.497100	-0.228703
u_eI_cpu.u_eJ_irq_sync.master_gen.u_tmr_irq_sync.sync_gen[K].i_is_not_L.sync_dffr.qout_r	cmt_dcause[I]	-0.496800	-0.692252
dbg_halt_r	u_eI_cpu.u_eJ_itcm_ctrl.u_itcm_icb_lsuKitcm_nLw.fifo_dp_M.u_sirv_gnrl_nNw_fifo.dp_gt_O.vld_dfflr.qout_r	-0.496500	-0.186296
u_eI_cpu.u_eJ_core.u_eK_lsu.u_eL_lsu_ctrl.u_eM_lsu_splt_stage.dp_gt_N.vld_dfflr.qout_r	cmt_dcause_ena	-0.495400	-0.636469
u_eI_cpu.u_eJ_irq_sync.master_gen.u_sft_irq_sync.sync_gen[K].i_is_not_L.sync_dffr.qout_r	cmt_dcause[I]	-0.493700	-0.682928
u_eI_cpu.u_eJ_core.u_eK_exu.u_eL_exu_oitf.depth_gtM.ret_ptr_dfflrs.qout_r	cmt_dcause_ena	-0.492500	-0.620199
u_eI_cpu.u_eJ_core.u_eK_ifu.u_eL_ifu_ifetch.ifu_hi_ir_dfflr.qout_r[M]	u_eI_cpu.u_eJ_core.u_eK_ifu.u_eL_ifu_ifetch.pc_newpend_dfflr.qout_r	-0.490800	-0.239224
u_eI_cpu.u_eJ_core.u_eK_exu.u_eL_exu_oitf.depth_gtM.ret_ptr_flg_dfflrs.qout_r	core_wfi	-0.489000	-0.581187
u_eI_cpu.u_eJ_core.u_eK_exu.u_eL_exu_oitf.depth_gtM.alc_ptr_flg_dfflrs.qout_r	core_wfi	-0.488900	-0.578834
u_eI_cpu.u_eJ_irq_sync.master_gen.u_ext_irq_sync.sync_gen[K].i_is_not_L.sync_dffr.qout_r	cmt_dcause[I]	-0.488600	-0.659958
u_eI_cpu.u_eJ_core.u_eK_ifu.u_eL_ifu_ifetch.ifu_hi_ir_dfflr.qout_r[M]	u_eI_cpu.u_eJ_core.u_eK_ifu.u_eL_ifu_iftMicb.icbNitcm_dfflr.qout_r	-0.487600	-0.196968
u_eI_cpu.u_eJ_core.u_eK_ifu.u_eL_ifu_ifetch.ifu_lo_ir_dfflr.qout_r[M]	u_eI_cpu.u_eJ_core.u_eK_ifu.u_eL_ifu_ifetch.ir_valid_dfflr.qout_r	-0.486500	-0.171646
u_eI_cpu.u_eJ_core.u_eK_ifu.u_eL_ifu_ifetch.ifu_lo_ir_dfflr.qout_r[M]	u_eI_cpu.u_eJ_core.u_eK_ifu.u_eL_ifu_ifetch.ir_muldiv_bMb_dfflr.qout_r	-0.486000	-0.256937
u_eI_cpu.u_eJ_core.u_eK_ifu.u_eL_ifu_ifetch.ifu_hi_ir_dfflr.qout_r[M]	u_eI_cpu.u_eJ_core.u_eK_ifu.u_eL_ifu_iftMicb.leftover_err_dfflr.qout_r	-0.485400	-0.261268
u_eI_cpu.u_eJ_core.u_eK_ifu.u_eL_ifu_ifetch.ifu_lo_ir_dfflr.qout_r[M]	u_eI_cpu.u_eJ_core.u_eK_exu.u_eL_exu_csr.minstret_dfflr.qout_r[M]	-0.484300	-0.149282
u_eI_cpu.u_eJ_core.u_eK_ifu.u_eL_ifu_ifetch.ifu_lo_ir_dfflr.qout_r[M]	u_eI_cpu.u_eJ_itcm_ctrl.u_sram_icb_ctrl.u_byp_icb_cmd_buf.u_bypbuf_fifo.dp_gtK.vec_L_dfflrs.qout_r	-0.484100	-0.214831
u_eI_cpu.u_eJ_core.u_eK_ifu.u_eL_ifu_ifetch.ifu_lo_ir_dfflr.qout_r[M]	u_eI_cpu.u_eJ_itcm_ctrl.ifu_holdup_dffl.qout_r	-0.483800	-0.143948
u_eI_cpu.u_eJ_core.u_eK_exu.u_eL_exu_alu.u_eM_exu_alu_muldiv.muldiv_state_dfflr.qout_r[N]	cmt_dcause[I]	-0.482500	-0.435256
u_eI_cpu.u_eJ_core.u_eK_ifu.u_eL_ifu_ifetch.ifu_lo_ir_dfflr.qout_r[M]	u_eI_cpu.u_eJ_core.u_eK_exu.u_eL_exu_alu.u_eM_exu_alu_dpath.sbf_N_dffl.qout_r[O]	-0.481900	-0.264776
u_eI_cpu.u_eJ_core.u_eK_ifu.u_eL_ifu_ifetch.ifu_hi_ir_dfflr.qout_r[M]	u_eI_cpu.u_eJ_core.u_eK_ifu.u_eL_ifu_ifetch.ifu_lo_ir_dfflr.qout_r[M]	-0.481700	-0.246634
u_eI_cpu.u_eJ_core.u_eK_ifu.u_eL_ifu_ifetch.ifu_hi_ir_dfflr.qout_r[M]	u_eI_cpu.u_eJ_core.u_eK_ifu.u_eL_ifu_ifetch.ifu_err_dfflr.qout_r	-0.481700	-0.241762
u_eI_cpu.u_eJ_core.u_eK_ifu.u_eL_ifu_ifetch.ifu_hi_ir_dfflr.qout_r[M]	u_eI_cpu.u_eJ_core.u_eK_ifu.u_eL_ifu_ifetch.ifu_prdt_taken_dfflr.qout_r	-0.481700	-0.199004
u_eI_cpu.u_eJ_dtcm_ctrl.u_dtcm_icb_arbt.arbt_num_gt_K_gen.dp_L.u_sirv_gnrl_rspid_fifo.dp_gt_M.vld_dfflr.qout_r	cmt_dcause[I]	-0.481100	-0.649987
u_eI_cpu.u_eJ_core.u_eK_biu.u_biu_icb_arbt.arbt_num_gt_L_gen.dp_M.u_sirv_gnrl_rspid_fifo.dp_gt_N.vld_dfflr.qout_r	cmt_dcause[I]	-0.480800	-0.650184
u_eI_cpu.u_eJ_core.u_eK_lsu.u_eL_lsu_ctrl.u_lsu_icb_arbt.arbt_num_gt_M_gen.dp_N.u_sirv_gnrl_rspid_fifo.dp_gt_O.vld_dfflr.qout_r	cmt_dcause[I]	-0.480700	-0.580289
u_eI_cpu.u_eJ_dtcm_ctrl.u_sram_icb_ctrl.u_sirv_Kcyc_sram_ctrl.u_eL_stage.dp_gt_M.vld_dfflr.qout_r	cmt_dcause[I]	-0.480400	-0.649014
u_eI_cpu.u_eJ_core.u_eK_exu.u_eL_exu_csr.mie_dfflr.qout_r[M]	cmt_dcause_ena	-0.480300	-0.644987
u_eI_cpu.u_eJ_core.u_eK_ifu.u_eL_ifu_ifetch.ifu_hi_ir_dfflr.qout_r[M]	u_eI_cpu.u_eJ_core.u_eK_ifu.u_eL_ifu_iftMicb.icb_state_dfflr.qout_r[N]	-0.479700	-0.173701
u_eI_cpu.u_eJ_core.u_eK_exu.u_eL_exu_alu.u_eM_exu_alu_muldiv.part_prdt_sftN_dfflr.qout_r	extIdtcm_icb_cmd_ready	-0.478500	-0.394986
u_eI_cpu.u_eJ_core.u_eK_lsu.u_eL_lsu_ctrl.u_eM_lsu_splt_stage.dp_gt_N.vld_dfflr.qout_r	core_wfi	-0.478300	-0.596681
u_eI_cpu.u_eJ_core.u_eK_ifu.u_eL_ifu_ifetch.ifu_hi_ir_dfflr.qout_r[M]	u_eI_cpu.u_eJ_itcm_ctrl.u_sram_icb_ctrl.u_byp_icb_cmd_buf.u_bypbuf_fifo.dp_gtK.vec_L_dfflr.qout_r	-0.478300	-0.206570
u_eI_cpu.u_eJ_core.u_eK_exu.u_eL_exu_alu.u_eM_exu_alu_lsuagu.icb_state_dfflr.qout_r[N]	cmt_dpc_ena	-0.478100	-0.593946
u_eI_cpu.u_eJ_core.u_eK_exu.u_eL_exu_regfile.regfile[M].rfnoN.rf_dffl.qout_r[O]	cmt_dcause_ena	-0.477500	-0.662893
dbg_step_r	u_eI_cpu.u_eJ_core.u_eK_exu.u_eL_exu_commit.u_eM_exu_excp.wfi_halt_req_dfflr.qout_r	-0.476100	-0.168049
u_eI_cpu.u_eJ_core.u_eK_exu.u_eL_exu_oitf.depth_gtM.ret_ptr_dfflrs.qout_r	core_wfi	-0.475400	-0.580410
u_eI_cpu.u_eJ_core.u_eK_ifu.u_eL_ifu_ifetch.ifu_lo_ir_dfflr.qout_r[M]	u_eI_cpu.u_eJ_itcm_ctrl.u_sram_icb_ctrl.u_sirv_Kcyc_sram_ctrl.u_eL_stage.dp_gt_M.vld_dfflr.qout_r	-0.475100	-0.207205
u_eI_cpu.u_eJ_core.u_eK_biu.u_sirv_gnrl_icb_buffer.u_sirv_gnrl_rsp_fifo.dp_gtL.vec_M_dfflr.qout_r	cmt_dcause[I]	-0.474800	-0.639239
u_eI_cpu.u_eJ_core.u_eK_ifu.u_eL_ifu_ifetch.ifu_hi_ir_dfflr.qout_r[M]	u_eI_srams.u_eJ_itcm_ram.u_eK_itcm_gnrl_ram.u_sirv_sim_ram.mem_r[L][M]	-0.473100	-0.224087
u_eI_cpu.u_eJ_core.u_eK_lsu.u_eL_lsu_ctrl.u_lsu_icb_arbt.arbt_num_gt_M_gen.dp_N.u_sirv_gnrl_rspid_fifo.dp_gt_O.dat_dfflr.qout_r	cmt_dcause[I]	-0.471900	-0.545768
dbg_halt_r	u_eI_cpu.u_eJ_core.u_eK_exu.u_eL_exu_alu.u_eM_exu_nice.u_nice_itag_fifo.dp_gtN.vec_O_dfflrs.qout_r	-0.471700	-0.133791
u_eI_cpu.u_eJ_core.u_eK_ifu.u_eL_ifu_ifetch.ifu_hi_ir_dfflr.qout_r[M]	u_eI_cpu.u_eJ_core.u_eK_biu.u_biu_icb_arbt.arbt_num_gt_L_gen.dp_M.u_sirv_gnrl_rspid_fifo.dp_gt_N.vld_dfflr.qout_r	-0.471700	-0.255264
dbg_step_r	u_eI_cpu.u_eJ_core.u_eK_exu.u_eL_exu_commit.u_eM_exu_excp.step_req_dfflr.qout_r	-0.470400	-0.182265
u_eI_cpu.u_eJ_core.u_eK_ifu.u_eL_ifu_ifetch.ifu_lo_ir_dfflr.qout_r[M]	u_eI_cpu.u_eJ_dtcm_ctrl.u_sram_icb_ctrl.u_byp_icb_cmd_buf.u_bypbuf_fifo.dp_gtK.fifo_rf[L].fifo_rf_dffl.qout_r[M]	-0.468100	-0.205341
u_eI_cpu.u_eJ_core.u_eK_ifu.u_eL_ifu_ifetch.ifu_hi_ir_dfflr.qout_r[M]	u_eI_cpu.u_eJ_core.u_eK_ifu.u_eL_ifu_ifetch.out_flag_dfflr.qout_r	-0.466100	-0.198295
u_eI_cpu.u_eJ_core.u_eK_ifu.u_eL_ifu_ifetch.ifu_hi_ir_dfflr.qout_r[M]	u_eI_srams.u_eJ_dtcm_ram.u_eK_dtcm_gnrl_ram.u_sirv_sim_ram.mem_r[L][M]	-0.464100	-0.219466
dbg_halt_r	u_eI_cpu.u_eJ_core.u_eK_exu.u_eL_exu_alu.u_eM_exu_alu_muldiv.exec_cnt_dfflr.qout_r[N]	-0.463600	-0.366714
u_eI_cpu.u_eJ_core.u_eK_exu.u_eL_exu_csr.mie_dfflr.qout_r[M]	core_wfi	-0.463200	-0.603390
u_eI_cpu.u_eJ_core.u_eK_ifu.u_eL_ifu_ifetch.ifu_hi_ir_dfflr.qout_r[M]	u_eI_cpu.u_eJ_core.u_eK_ifu.u_eL_ifu_ifetch.reset_req_dfflr.qout_r	-0.462300	-0.162824
u_eI_cpu.u_eJ_core.u_eK_exu.u_eL_exu_regfile.regfile[M].rfnoN.rf_dffl.qout_r[O]	core_wfi	-0.460400	-0.623104
u_eI_cpu.u_eJ_core.u_eK_exu.u_eL_exu_oitf.depth_gtM.ret_ptr_flg_dfflrs.qout_r	cmt_dpc_ena	-0.459600	-0.592247
u_eI_cpu.u_eJ_core.u_eK_exu.u_eL_exu_oitf.depth_gtM.alc_ptr_flg_dfflrs.qout_r	cmt_dpc_ena	-0.459500	-0.589894
u_eI_cpu.u_eJ_core.u_eK_ifu.u_eL_ifu_ifetch.ifu_hi_ir_dfflr.qout_r[M]	u_eI_cpu.u_eJ_core.u_eK_ifu.u_eL_ifu_ifetch.dly_flush_dfflr.qout_r	-0.458300	-0.174791
dbg_halt_r	u_eI_cpu.u_eJ_core.u_eK_exu.u_eL_exu_alu.u_eM_exu_nice.u_nice_itag_fifo.dp_gtN.dp_gtO.wptr_vec_P_dfflr.qout_r[Q]	-0.458300	-0.130852
dbg_ebreakm_r	extIdtcm_icb_cmd_ready	-0.458200	-0.391873
u_eI_cpu.u_eJ_itcm_ctrl.u_sram_icb_ctrl.u_sirv_Kcyc_sram_ctrl.u_eL_stage.dp_gt_M.vld_dfflr.qout_r	cmt_dcause_ena	-0.458200	-0.607155
u_eI_cpu.u_eJ_core.u_eK_exu.u_eL_exu_alu.u_eM_exu_alu_muldiv.part_prdt_sftN_dfflr.qout_r	extIitcm_icb_cmd_ready	-0.457900	-0.398180
u_eI_cpu.u_eJ_itcm_ctrl.u_sram_icb_ctrl.u_sirv_Kcyc_sram_ctrl.u_eL_stage.dp_gt_M.dat_dfflr.qout_r[N]	cmt_dcause[I]	-0.456900	-0.591050
u_eI_cpu.u_eJ_core.u_eK_ifu.u_eL_ifu_ifetch.ifu_hi_ir_dfflr.qout_r[M]	u_eI_cpu.u_eJ_core.u_eK_exu.u_eL_exu_csr.minstreth_dfflr.qout_r[M]	-0.456700	-0.119989
u_eI_cpu.u_eJ_core.u_eK_ifu.u_eL_ifu_ifetch.ir_rsMidx_dfflr.qout_r[N]	u_eI_cpu.u_eJ_itcm_ctrl.u_sram_icb_ctrl.u_byp_icb_cmd_buf.u_bypbuf_fifo.dp_gtK.fifo_rf[L].fifo_rf_dffl.qout_r[M]	-0.455700	-0.245373
u_eI_cpu.u_eJ_itcm_ctrl.u_itcm_icb_arbt.arbt_num_gt_K_gen.dp_L.u_sirv_gnrl_rspid_fifo.dp_gt_M.vld_dfflr.qout_r	cmt_dcause_ena	-0.455700	-0.605360
dbg_halt_r	u_eI_cpu.u_eJ_core.u_eK_ifu.u_eL_ifu_ifetch.u_eM_ifu_litebpu.rsNxn_rdrf_dfflrs.qout_r	-0.454500	-0.243703
u_eI_cpu.u_eJ_core.u_eK_ifu.u_eL_ifu_ifetch.ifu_hi_ir_dfflr.qout_r[M]	u_eI_cpu.u_eJ_itcm_ctrl.u_sram_icb_ctrl.u_sirv_Kcyc_sram_ctrl.u_eL_stage.dp_gt_M.dat_dfflr.qout_r[N]	-0.453600	-0.211269
u_eI_cpu.u_eJ_core.u_eK_exu.u_eL_exu_oitf.depth_gtM.alc_ptr_dfflrs.qout_r	cmt_dcause_ena	-0.453200	-0.597117
u_eI_cpu.u_eJ_core.u_eK_lsu.u_eL_lsu_ctrl.u_eM_lsu_splt_stage.dp_gt_N.dat_dfflr.qout_r[O]	cmt_dcause_ena	-0.453200	-0.608977
u_eI_cpu.u_eJ_irq_sync.master_gen.u_tmr_irq_sync.sync_gen[K].i_is_not_L.sync_dffr.qout_r	cmt_dcause_ena	-0.452000	-0.659015
u_eI_cpu.u_eJ_irq_sync.master_gen.u_sft_irq_sync.sync_gen[K].i_is_not_L.sync_dffr.qout_r	cmt_dcause_ena	-0.448900	-0.649690
u_eI_cpu.u_eJ_core.u_eK_lsu.u_eL_lsu_ctrl.u_eM_lsu_splt_stage.dp_gt_N.vld_dfflr.qout_r	cmt_dpc_ena	-0.448900	-0.607740
dbg_halt_r	u_eI_cpu.u_eJ_core.u_eK_exu.u_eL_exu_csr.mie_dfflr.qout_r[M]	-0.448800	-0.153150
u_eI_cpu.u_eJ_core.u_eK_exu.u_eL_exu_oitf.depth_gtM.ret_ptr_dfflrs.qout_r	cmt_dpc_ena	-0.445900	-0.591470
u_eI_cpu.u_eJ_irq_sync.master_gen.u_ext_irq_sync.sync_gen[K].i_is_not_L.sync_dffr.qout_r	cmt_dcause_ena	-0.443900	-0.626720
u_eI_cpu.u_eJ_core.u_eK_ifu.u_eL_ifu_ifetch.ifu_hi_ir_dfflr.qout_r[M]	u_eI_cpu.u_eJ_core.u_eK_ifu.u_eL_ifu_ifetch.ir_valid_dfflr.qout_r	-0.443000	-0.154212
u_eI_cpu.u_eJ_core.u_eK_ifu.u_eL_ifu_ifetch.ifu_hi_ir_dfflr.qout_r[M]	u_eI_cpu.u_eJ_core.u_eK_ifu.u_eL_ifu_ifetch.ir_muldiv_bMb_dfflr.qout_r	-0.442500	-0.239503
u_eI_cpu.u_eJ_core.u_eK_ifu.u_eL_ifu_ifetch.ir_rsMidx_dfflr.qout_r[N]	u_eI_cpu.u_eJ_core.u_eK_biu.u_sirv_gnrl_icb_buffer.u_sirv_gnrl_cmd_fifo.dp_gtL.fifo_rf[M].fifo_rf_dffl.qout_r[N]	-0.442300	-0.270577
u_eI_cpu.u_eJ_itcm_ctrl.u_sram_icb_ctrl.u_sirv_Kcyc_sram_ctrl.u_eL_stage.dp_gt_M.vld_dfflr.qout_r	core_wfi	-0.441100	-0.567366
u_eI_cpu.u_eJ_core.u_eK_ifu.u_eL_ifu_ifetch.ifu_hi_ir_dfflr.qout_r[M]	u_eI_cpu.u_eJ_core.u_eK_exu.u_eL_exu_csr.minstret_dfflr.qout_r[M]	-0.440800	-0.139027
u_eI_cpu.u_eJ_core.u_eK_ifu.u_eL_ifu_ifetch.ifu_hi_ir_dfflr.qout_r[M]	u_eI_cpu.u_eJ_itcm_ctrl.u_sram_icb_ctrl.u_byp_icb_cmd_buf.u_bypbuf_fifo.dp_gtK.vec_L_dfflrs.qout_r	-0.440600	-0.197397
u_eI_cpu.u_eJ_core.u_eK_ifu.u_eL_ifu_ifetch.ifu_hi_ir_dfflr.qout_r[M]	u_eI_cpu.u_eJ_itcm_ctrl.ifu_holdup_dffl.qout_r	-0.440300	-0.129173
u_eI_cpu.u_eJ_itcm_ctrl.u_itcm_icb_arbt.arbt_num_gt_K_gen.dp_L.u_sirv_gnrl_rspid_fifo.dp_gt_M.vld_dfflr.qout_r	core_wfi	-0.438600	-0.565571
u_eI_cpu.u_eJ_core.u_eK_ifu.u_eL_ifu_ifetch.ifu_hi_ir_dfflr.qout_r[M]	u_eI_cpu.u_eJ_core.u_eK_exu.u_eL_exu_alu.u_eM_exu_alu_dpath.sbf_N_dffl.qout_r[O]	-0.438400	-0.254521
u_eI_cpu.u_eJ_core.u_eK_ifu.u_eL_ifu_ifetch.ifu_lo_ir_dfflr.qout_r[M]	u_eI_cpu.u_eJ_core.u_eK_ifu.u_eL_ifu_iftMicb.u_eN_ifetch_rsp_bypbuf.u_bypbuf_fifo.dp_gtO.vec_P_dfflr.qout_r	-0.438000	-0.190923
u_eI_cpu.u_eJ_core.u_eK_exu.u_eL_exu_alu.u_eM_exu_alu_muldiv.muldiv_state_dfflr.qout_r[N]	cmt_dcause_ena	-0.437700	-0.405516
dbg_ebreakm_r	extIitcm_icb_cmd_ready	-0.437500	-0.395066
u_eI_cpu.u_eJ_dtcm_ctrl.u_dtcm_icb_arbt.arbt_num_gt_K_gen.dp_L.u_sirv_gnrl_rspid_fifo.dp_gt_M.vld_dfflr.qout_r	cmt_dcause_ena	-0.436300	-0.616749
u_eI_cpu.u_eJ_core.u_eK_exu.u_eL_exu_oitf.depth_gtM.alc_ptr_dfflrs.qout_r	core_wfi	-0.436100	-0.555520
u_eI_cpu.u_eJ_core.u_eK_lsu.u_eL_lsu_ctrl.u_eM_lsu_splt_stage.dp_gt_N.dat_dfflr.qout_r[O]	core_wfi	-0.436100	-0.567380
u_eI_cpu.u_eJ_core.u_eK_biu.u_biu_icb_arbt.arbt_num_gt_L_gen.dp_M.u_sirv_gnrl_rspid_fifo.dp_gt_N.vld_dfflr.qout_r	cmt_dcause_ena	-0.436000	-0.616946
u_eI_cpu.u_eJ_core.u_eK_lsu.u_eL_lsu_ctrl.u_lsu_icb_arbt.arbt_num_gt_M_gen.dp_N.u_sirv_gnrl_rspid_fifo.dp_gt_O.vld_dfflr.qout_r	cmt_dcause_ena	-0.435900	-0.560153
u_eI_cpu.u_eJ_dtcm_ctrl.u_sram_icb_ctrl.u_sirv_Kcyc_sram_ctrl.u_eL_stage.dp_gt_M.vld_dfflr.qout_r	cmt_dcause_ena	-0.435600	-0.615777
u_eI_cpu.u_eJ_irq_sync.master_gen.u_tmr_irq_sync.sync_gen[K].i_is_not_L.sync_dffr.qout_r	core_wfi	-0.434900	-0.617418
u_eI_cpu.u_eJ_core.u_eK_ifu.u_eL_ifu_ifetch.ir_rsMidx_dfflr.qout_r[N]	u_eI_cpu.u_eJ_core.u_eK_ifu.u_eL_ifu_iftMicb.leftover_dffl.qout_r[N]	-0.434800	-0.252711
dbg_step_r	u_eI_cpu.u_eJ_core.u_eK_exu.u_eL_exu_alu.u_eM_exu_alu_lsuagu.icb_leftover_err_dfflr.qout_r	-0.434700	-0.048071
u_eI_cpu.u_eJ_core.u_eK_exu.u_eL_exu_csr.mie_dfflr.qout_r[M]	cmt_dpc_ena	-0.433800	-0.614450
u_eI_cpu.u_eJ_irq_sync.master_gen.u_sft_irq_sync.sync_gen[K].i_is_not_L.sync_dffr.qout_r	core_wfi	-0.431800	-0.608093
u_eI_cpu.u_eJ_core.u_eK_ifu.u_eL_ifu_ifetch.ifu_hi_ir_dfflr.qout_r[M]	u_eI_cpu.u_eJ_itcm_ctrl.u_sram_icb_ctrl.u_sirv_Kcyc_sram_ctrl.u_eL_stage.dp_gt_M.vld_dfflr.qout_r	-0.431600	-0.189771
u_eI_cpu.u_eJ_core.u_eK_exu.u_eL_exu_regfile.regfile[M].rfnoN.rf_dffl.qout_r[O]	cmt_dpc_ena	-0.430900	-0.634163
u_eI_cpu.u_eJ_core.u_eK_biu.u_sirv_gnrl_icb_buffer.u_sirv_gnrl_rsp_fifo.dp_gtL.vec_M_dfflr.qout_r	cmt_dcause_ena	-0.430000	-0.606001
u_eI_cpu.u_eJ_itcm_ctrl.u_itcm_icb_arbt.arbt_num_gt_K_gen.dp_L.u_sirv_gnrl_rspid_fifo.dp_gt_M.dat_dfflr.qout_r	cmt_dcause[I]	-0.429700	-0.576932
u_eI_cpu.u_eJ_core.u_eK_ifu.u_eL_ifu_ifetch.ir_rsMidx_dfflr.qout_r[N]	u_eI_cpu.u_eJ_core.u_eK_biu.u_sirv_gnrl_icb_buffer.u_sirv_gnrl_cmd_fifo.dp_gtL.vec_M_dfflrs.qout_r	-0.428800	-0.258761
dbg_halt_r	u_eI_cpu.u_eJ_core.u_eK_lsu.u_eL_lsu_ctrl.u_eM_lsu_splt_stage.dp_gt_N.vld_dfflr.qout_r	-0.428500	-0.105256
dbg_halt_r	u_eI_cpu.u_eJ_core.u_eK_lsu.u_eL_lsu_ctrl.u_lsu_icb_arbt.arbt_num_gt_M_gen.dp_N.u_sirv_gnrl_rspid_fifo.dp_gt_O.vld_dfflr.qout_r	-0.428500	-0.114401
u_eI_cpu.u_eJ_core.u_eK_ifu.u_eL_ifu_ifetch.ifu_lo_ir_dfflr.qout_r[M]	u_eI_cpu.u_eJ_core.u_eK_exu.u_eL_exu_alu.u_eM_exu_alu_dpath.sbf_N_dffl.qout_r[O]	-0.427600	-0.234202
u_eI_cpu.u_eJ_core.u_eK_lsu.u_eL_lsu_ctrl.u_lsu_icb_arbt.arbt_num_gt_M_gen.dp_N.u_sirv_gnrl_rspid_fifo.dp_gt_O.dat_dfflr.qout_r	cmt_dcause_ena	-0.427100	-0.525632
u_eI_cpu.u_eJ_irq_sync.master_gen.u_ext_irq_sync.sync_gen[K].i_is_not_L.sync_dffr.qout_r	core_wfi	-0.426800	-0.585123
u_eI_cpu.u_eJ_core.u_eK_ifu.u_eL_ifu_ifetch.ir_rsMidx_dfflr.qout_r[N]	u_eI_cpu.u_eJ_core.u_eK_biu.u_sirv_gnrl_icb_buffer.u_sirv_gnrl_cmd_fifo.dp_gtL.vec_M_dfflr.qout_r	-0.425800	-0.252821
u_eI_cpu.u_eJ_core.u_eK_ifu.u_eL_ifu_ifetch.ir_rsMidx_dfflr.qout_r[N]	u_eI_cpu.u_eJ_core.u_eK_ifu.u_eL_ifu_ifetch.ifu_hi_ir_dfflr.qout_r[M]	-0.425300	-0.219482
u_eI_cpu.u_eJ_core.u_eK_ifu.u_eL_ifu_ifetch.ifu_hi_ir_dfflr.qout_r[M]	u_eI_cpu.u_eJ_dtcm_ctrl.u_sram_icb_ctrl.u_byp_icb_cmd_buf.u_bypbuf_fifo.dp_gtK.fifo_rf[L].fifo_rf_dffl.qout_r[M]	-0.424700	-0.189984
u_eI_cpu.u_eJ_core.u_eK_ifu.u_eL_ifu_ifetch.ifu_lo_ir_dfflr.qout_r[M]	u_eI_cpu.u_eJ_dtcm_ctrl.u_sram_icb_ctrl.u_byp_icb_cmd_buf.u_bypbuf_fifo.dp_gtK.vec_L_dfflrs.qout_r	-0.424100	0.009657
dbg_step_r	u_eI_cpu.u_eJ_core.u_eK_ifu.u_eL_ifu_ifetch.halt_ack_dfflr.qout_r	-0.420800	-0.078057
u_eI_cpu.u_eJ_core.u_eK_exu.u_eL_exu_alu.u_eM_exu_alu_muldiv.muldiv_state_dfflr.qout_r[N]	core_wfi	-0.420600	-0.365728
u_eI_cpu.u_eJ_core.u_eK_ifu.u_eL_ifu_ifetch.ir_rsMidx_dfflr.qout_r[N]	u_eI_cpu.u_eJ_core.u_eK_ifu.u_eL_ifu_iftMicb.u_eN_ifetch_rsp_bypbuf.u_bypbuf_fifo.dp_gtO.vec_P_dfflrs.qout_r	-0.419900	-0.228064
u_eI_cpu.u_eJ_dtcm_ctrl.u_dtcm_icb_arbt.arbt_num_gt_K_gen.dp_L.u_sirv_gnrl_rspid_fifo.dp_gt_M.vld_dfflr.qout_r	core_wfi	-0.419200	-0.575152
u_eI_cpu.u_eJ_core.u_eK_biu.u_biu_icb_arbt.arbt_num_gt_L_gen.dp_M.u_sirv_gnrl_rspid_fifo.dp_gt_N.vld_dfflr.qout_r	core_wfi	-0.418900	-0.575715
u_eI_cpu.u_eJ_core.u_eK_lsu.u_eL_lsu_ctrl.u_lsu_icb_arbt.arbt_num_gt_M_gen.dp_N.u_sirv_gnrl_rspid_fifo.dp_gt_O.vld_dfflr.qout_r	core_wfi	-0.418800	-0.520364
u_eI_cpu.u_eJ_dtcm_ctrl.u_dtcm_icb_arbt.arbt_num_gt_K_gen.dp_L.u_sirv_gnrl_rspid_fifo.dp_gt_M.dat_dfflr.qout_r	cmt_dcause[I]	-0.418600	-0.624567
u_eI_cpu.u_eJ_dtcm_ctrl.u_sram_icb_ctrl.u_sirv_Kcyc_sram_ctrl.u_eL_stage.dp_gt_M.vld_dfflr.qout_r	core_wfi	-0.418500	-0.574179
dbg_halt_r	u_eI_cpu.u_eJ_core.u_eK_exu.u_eL_exu_csr.counterstop_dfflr.qout_r[M]	-0.418100	-0.183049
u_eI_cpu.u_eJ_core.u_eK_ifu.u_eL_ifu_ifetch.ifu_lo_ir_dfflr.qout_r[M]	u_eI_cpu.u_eJ_core.u_eK_exu.u_eL_exu_regfile.regfile[M].rfnoN.rf_dffl.qout_r[O]	-0.417100	-0.192540
u_eI_cpu.u_eJ_core.u_eK_ifu.u_eL_ifu_ifetch.ir_rsMidx_dfflr.qout_r[N]	u_eI_cpu.u_eJ_core.u_eK_biu.u_biu_icb_arbt.arbt_num_gt_L_gen.dp_M.u_sirv_gnrl_rspid_fifo.dp_gt_N.dat_dfflr.qout_r	-0.416000	-0.247556
u_eI_cpu.u_eJ_core.u_eK_ifu.u_eL_ifu_ifetch.ir_rsMidx_dfflr.qout_r[N]	u_eI_cpu.u_eJ_core.u_eK_ifu.u_eL_ifu_ifetch.ir_rsMidx_dfflr.qout_r[N]	-0.414700	-0.234113
u_eI_cpu.u_eJ_core.u_eK_ifu.u_eL_ifu_ifetch.ir_rsMidx_dfflr.qout_r[N]	u_eI_cpu.u_eJ_core.u_eK_ifu.u_eL_ifu_ifetch.pc_dfflr.qout_r[M]	-0.413500	-0.265808
u_eI_cpu.u_eJ_core.u_eK_biu.u_sirv_gnrl_icb_buffer.u_sirv_gnrl_rsp_fifo.dp_gtL.vec_M_dfflr.qout_r	core_wfi	-0.412900	-0.564405
u_eI_cpu.u_eJ_core.u_eK_biu.u_biu_icb_arbt.arbt_num_gt_L_gen.dp_M.u_sirv_gnrl_rspid_fifo.dp_gt_N.dat_dfflr.qout_r	cmt_dcause[I]	-0.412200	-0.616967
u_eI_cpu.u_eJ_itcm_ctrl.u_sram_icb_ctrl.u_sirv_Kcyc_sram_ctrl.u_eL_stage.dp_gt_M.dat_dfflr.qout_r[N]	cmt_dcause_ena	-0.412100	-0.570914
dbg_step_r	u_eI_cpu.u_eJ_core.u_eK_exu.u_eL_exu_commit.u_eM_exu_excp.wfi_flag_dfflr.qout_r	-0.411900	-0.073640
dbg_halt_r	u_eI_cpu.u_eJ_core.u_eK_exu.u_eL_exu_alu.u_eM_exu_nice.u_nice_itag_fifo.dp_gtN.fifo_rf[O].fifo_rf_dffl.qout_r	-0.411800	-0.120115
u_eI_cpu.u_eJ_itcm_ctrl.u_sram_icb_ctrl.u_sirv_Kcyc_sram_ctrl.u_eL_stage.dp_gt_M.vld_dfflr.qout_r	cmt_dpc_ena	-0.411600	-0.578426
u_eI_cpu.u_eJ_core.u_eK_lsu.u_eL_lsu_ctrl.u_lsu_icb_arbt.arbt_num_gt_M_gen.dp_N.u_sirv_gnrl_rspid_fifo.dp_gt_O.dat_dfflr.qout_r	core_wfi	-0.410000	-0.485843
dbg_halt_r	u_eI_cpu.u_eJ_core.u_eK_exu.u_eL_exu_csr.mcgstop_dfflr.qout_r[M]	-0.409500	-0.172626
u_eI_cpu.u_eJ_itcm_ctrl.u_itcm_icb_arbt.arbt_num_gt_K_gen.dp_L.u_sirv_gnrl_rspid_fifo.dp_gt_M.vld_dfflr.qout_r	cmt_dpc_ena	-0.409100	-0.576631
u_eI_cpu.u_eJ_core.u_eK_exu.u_eL_exu_oitf.depth_gtM.alc_ptr_dfflrs.qout_r	cmt_dpc_ena	-0.406600	-0.566579
u_eI_cpu.u_eJ_core.u_eK_lsu.u_eL_lsu_ctrl.u_eM_lsu_splt_stage.dp_gt_N.dat_dfflr.qout_r[O]	cmt_dpc_ena	-0.406600	-0.578439
u_eI_cpu.u_eJ_irq_sync.master_gen.u_tmr_irq_sync.sync_gen[K].i_is_not_L.sync_dffr.qout_r	cmt_dpc_ena	-0.405400	-0.628477
dbg_halt_r	u_eI_cpu.u_eJ_core.u_eK_lsu.u_eL_lsu_ctrl.u_lsu_icb_arbt.arbt_num_gt_M_gen.dp_N.u_sirv_gnrl_rspid_fifo.dp_gt_O.dat_dfflr.qout_r	-0.404200	-0.131578
u_eI_cpu.u_eJ_core.u_eK_ifu.u_eL_ifu_ifetch.ir_rsMidx_dfflr.qout_r[N]	u_eI_cpu.u_eJ_core.u_eK_ifu.u_eL_ifu_iftMicb.icb_addr_N_O_dffl.qout_r[P]	-0.403300	-0.223322
u_eI_cpu.u_eJ_irq_sync.master_gen.u_sft_irq_sync.sync_gen[K].i_is_not_L.sync_dffr.qout_r	cmt_dpc_ena	-0.402300	-0.619153
u_eI_cpu.u_eJ_core.u_eK_ifu.u_eL_ifu_ifetch.ir_rsMidx_dfflr.qout_r[N]	u_eI_cpu.u_eJ_core.u_eK_ifu.u_eL_ifu_iftMicb.req_lane_cross_dfflr.qout_r	-0.398400	-0.214754
u_eI_cpu.u_eJ_core.u_eK_ifu.u_eL_ifu_ifetch.ir_rsMidx_dfflr.qout_r[N]	u_eI_cpu.u_eJ_core.u_eK_ifu.u_eL_ifu_iftMicb.req_need_Nuop_dfflr.qout_r	-0.398400	-0.199746
u_eI_cpu.u_eJ_core.u_eK_ifu.u_eL_ifu_ifetch.ir_rsMidx_dfflr.qout_r[N]	u_eI_cpu.u_eJ_core.u_eK_ifu.u_eL_ifu_iftMicb.req_same_cross_holdup_dfflr.qout_r	-0.398400	-0.187207
u_eI_cpu.u_eJ_irq_sync.master_gen.u_dbg_irq_sync.sync_gen[K].i_is_not_L.sync_dffr.qout_r	cmt_dcause[I]	-0.398100	-0.594644
u_eI_cpu.u_eJ_irq_sync.master_gen.u_ext_irq_sync.sync_gen[K].i_is_not_L.sync_dffr.qout_r	cmt_dpc_ena	-0.397300	-0.596183
u_eI_cpu.u_eJ_core.u_eK_ifu.u_eL_ifu_ifetch.ifu_lo_ir_dfflr.qout_r[M]	u_eI_cpu.u_eJ_core.u_eK_exu.u_eL_exu_csr.badaddr_dfflr.qout_r[M]	-0.395700	-0.051926
u_eI_cpu.u_eJ_itcm_ctrl.u_sram_icb_ctrl.u_sirv_Kcyc_sram_ctrl.u_eL_stage.dp_gt_M.dat_dfflr.qout_r[N]	core_wfi	-0.395000	-0.531125
u_eI_cpu.u_eJ_core.u_eK_ifu.u_eL_ifu_ifetch.ifu_hi_ir_dfflr.qout_r[M]	u_eI_cpu.u_eJ_core.u_eK_ifu.u_eL_ifu_iftMicb.u_eN_ifetch_rsp_bypbuf.u_bypbuf_fifo.dp_gtO.vec_P_dfflr.qout_r	-0.394600	-0.173489
u_eI_cpu.u_eJ_core.u_eK_exu.u_eL_exu_csr.status_mie_dfflr.qout_r	cmt_dcause[I]	-0.393200	-0.515714
u_eI_cpu.u_eJ_core.u_eK_ifu.u_eL_ifu_ifetch.ir_rsMidx_dfflr.qout_r[N]	u_eI_cpu.u_eJ_core.u_eK_ifu.u_eL_ifu_iftMicb.u_eN_ifetch_rsp_bypbuf.u_bypbuf_fifo.dp_gtO.fifo_rf[P].fifo_rf_dffl.qout_r[Q]	-0.393100	-0.245769
dbg_halt_r	u_eI_cpu.u_eJ_core.u_eK_exu.u_eL_exu_csr.itcmnohold_dfflr.qout_r[M]	-0.392900	-0.152682
dbg_halt_r	u_eI_cpu.u_eJ_core.u_eK_exu.u_eL_exu_csr.mdvnobMb_dfflr.qout_r[N]	-0.392900	-0.143514
u_eI_cpu.u_eJ_core.u_eK_exu.u_eL_exu_alu.u_eM_exu_alu_muldiv.muldiv_state_dfflr.qout_r[N]	cmt_dpc_ena	-0.391100	-0.376788
u_eI_cpu.u_eJ_core.u_eK_ifu.u_eL_ifu_ifetch.ir_rsMidx_dfflr.qout_r[N]	u_eI_cpu.u_eJ_core.u_eK_ifu.u_eL_ifu_iftMicb.icbNmem_dfflr.qout_r	-0.390100	-0.198837
u_eI_cpu.u_eJ_dtcm_ctrl.u_dtcm_icb_arbt.arbt_num_gt_K_gen.dp_L.u_sirv_gnrl_rspid_fifo.dp_gt_M.vld_dfflr.qout_r	cmt_dpc_ena	-0.389800	-0.586212
u_eI_cpu.u_eJ_core.u_eK_biu.u_biu_icb_arbt.arbt_num_gt_L_gen.dp_M.u_sirv_gnrl_rspid_fifo.dp_gt_N.vld_dfflr.qout_r	cmt_dpc_ena	-0.389500	-0.586774
u_eI_cpu.u_eJ_core.u_eK_lsu.u_eL_lsu_ctrl.u_lsu_icb_arbt.arbt_num_gt_M_gen.dp_N.u_sirv_gnrl_rspid_fifo.dp_gt_O.vld_dfflr.qout_r	cmt_dpc_ena	-0.389300	-0.531424
u_eI_cpu.u_eJ_dtcm_ctrl.u_sram_icb_ctrl.u_sirv_Kcyc_sram_ctrl.u_eL_stage.dp_gt_M.vld_dfflr.qout_r	cmt_dpc_ena	-0.389000	-0.585239
u_eI_cpu.u_eJ_core.u_eK_exu.u_eL_exu_commit.u_eM_exu_excp.step_req_dfflr.qout_r	cmt_dcause[I]	-0.386900	-0.580264
u_eI_cpu.u_eJ_itcm_ctrl.u_itcm_icb_arbt.arbt_num_gt_K_gen.dp_L.u_sirv_gnrl_rspid_fifo.dp_gt_M.dat_dfflr.qout_r	cmt_dcause_ena	-0.384900	-0.546532
u_eI_cpu.u_eJ_core.u_eK_ifu.u_eL_ifu_ifetch.ifu_hi_ir_dfflr.qout_r[M]	u_eI_cpu.u_eJ_core.u_eK_exu.u_eL_exu_alu.u_eM_exu_alu_dpath.sbf_N_dffl.qout_r[O]	-0.384200	-0.223947
u_eI_cpu.u_eJ_core.u_eK_ifu.u_eL_ifu_ifetch.ir_rsMidx_dfflr.qout_r[N]	u_eI_cpu.u_eJ_core.u_eK_ifu.u_eL_ifu_ifetch.pc_newpend_dfflr.qout_r	-0.383500	-0.227278
u_eI_cpu.u_eJ_core.u_eK_biu.u_sirv_gnrl_icb_buffer.u_sirv_gnrl_rsp_fifo.dp_gtL.vec_M_dfflr.qout_r	cmt_dpc_ena	-0.383400	-0.575464
u_eI_cpu.u_eJ_core.u_eK_ifu.u_eL_ifu_ifetch.ifu_hi_ir_dfflr.qout_r[M]	u_eI_cpu.u_eJ_dtcm_ctrl.u_sram_icb_ctrl.u_byp_icb_cmd_buf.u_bypbuf_fifo.dp_gtK.vec_L_dfflrs.qout_r	-0.380600	0.025014
u_eI_cpu.u_eJ_core.u_eK_lsu.u_eL_lsu_ctrl.u_lsu_icb_arbt.arbt_num_gt_M_gen.dp_N.u_sirv_gnrl_rspid_fifo.dp_gt_O.dat_dfflr.qout_r	cmt_dpc_ena	-0.380600	-0.496903
u_eI_cpu.u_eJ_core.u_eK_ifu.u_eL_ifu_ifetch.ir_rsMidx_dfflr.qout_r[N]	u_eI_cpu.u_eJ_core.u_eK_ifu.u_eL_ifu_iftMicb.icbNitcm_dfflr.qout_r	-0.380300	-0.190508
dbg_halt_r	u_eI_cpu.u_eJ_core.u_eK_exu.u_eL_exu_alu.u_eM_exu_nice.u_nice_itag_fifo.dp_gtN.wptr_vec_O_dfflrs.qout_r	-0.378300	-0.114387
u_eI_cpu.u_eJ_core.u_eK_ifu.u_eL_ifu_ifetch.ir_rsMidx_dfflr.qout_r[N]	u_eI_cpu.u_eJ_core.u_eK_ifu.u_eL_ifu_iftMicb.leftover_err_dfflr.qout_r	-0.378100	-0.249321
u_eI_cpu.u_eJ_core.u_eK_ifu.u_eL_ifu_ifetch.ifu_lo_ir_dfflr.qout_r[M]	u_eI_cpu.u_eJ_itcm_ctrl.u_itcm_icb_extKitcm_nLw.fifo_dp_M.u_sirv_gnrl_nNw_fifo.dp_gt_O.dat_dfflr.qout_r	-0.376700	-0.072650
u_eI_cpu.u_eJ_core.u_eK_ifu.u_eL_ifu_ifetch.ir_rsMidx_dfflr.qout_r[N]	u_eI_cpu.u_eJ_core.u_eK_ifu.u_eL_ifu_ifetch.ifu_lo_ir_dfflr.qout_r[M]	-0.374400	-0.234688
u_eI_cpu.u_eJ_core.u_eK_ifu.u_eL_ifu_ifetch.ir_rsMidx_dfflr.qout_r[N]	u_eI_cpu.u_eJ_core.u_eK_ifu.u_eL_ifu_ifetch.ifu_err_dfflr.qout_r	-0.374400	-0.229816
u_eI_cpu.u_eJ_core.u_eK_ifu.u_eL_ifu_ifetch.ir_rsMidx_dfflr.qout_r[N]	u_eI_cpu.u_eJ_core.u_eK_ifu.u_eL_ifu_ifetch.ifu_prdt_taken_dfflr.qout_r	-0.374400	-0.187058
u_eI_cpu.u_eJ_dtcm_ctrl.u_dtcm_icb_arbt.arbt_num_gt_K_gen.dp_L.u_sirv_gnrl_rspid_fifo.dp_gt_M.dat_dfflr.qout_r	cmt_dcause_ena	-0.373800	-0.591329
u_eI_cpu.u_eJ_core.u_eK_ifu.u_eL_ifu_ifetch.ifu_hi_ir_dfflr.qout_r[M]	u_eI_cpu.u_eJ_core.u_eK_exu.u_eL_exu_regfile.regfile[M].rfnoN.rf_dffl.qout_r[O]	-0.373700	-0.177184
u_eI_cpu.u_eJ_core.u_eK_ifu.u_eL_ifu_ifetch.ifu_lo_ir_dfflr.qout_r[M]	u_eI_cpu.u_eJ_dtcm_ctrl.u_sram_icb_ctrl.u_byp_icb_cmd_buf.u_bypbuf_fifo.dp_gtK.vec_L_dfflr.qout_r	-0.373000	0.023664
u_eI_cpu.u_eJ_core.u_eK_ifu.u_eL_ifu_ifetch.ir_rsMidx_dfflr.qout_r[N]	u_eI_cpu.u_eJ_core.u_eK_ifu.u_eL_ifu_iftMicb.icb_state_dfflr.qout_r[N]	-0.372400	-0.164915
u_eI_cpu.u_eJ_core.u_eK_ifu.u_eL_ifu_ifetch.ir_rsMidx_dfflr.qout_r[N]	u_eI_cpu.u_eJ_itcm_ctrl.u_sram_icb_ctrl.u_byp_icb_cmd_buf.u_bypbuf_fifo.dp_gtK.vec_L_dfflr.qout_r	-0.371000	-0.198731
u_eI_cpu.u_eJ_itcm_ctrl.u_itcm_icb_arbt.arbt_num_gt_K_gen.dp_L.u_sirv_gnrl_rspid_fifo.dp_gt_M.dat_dfflr.qout_r	core_wfi	-0.367800	-0.506743
u_eI_cpu.u_eJ_core.u_eK_biu.u_biu_icb_arbt.arbt_num_gt_L_gen.dp_M.u_sirv_gnrl_rspid_fifo.dp_gt_N.dat_dfflr.qout_r	cmt_dcause_ena	-0.367400	-0.583729
u_eI_cpu.u_eJ_core.u_eK_ifu.u_eL_ifu_ifetch.ir_rsMidx_dfflr.qout_r[N]	u_eI_srams.u_eJ_itcm_ram.u_eK_itcm_gnrl_ram.u_sirv_sim_ram.mem_r[L][M]	-0.365800	-0.209477
u_eI_cpu.u_eJ_itcm_ctrl.u_sram_icb_ctrl.u_sirv_Kcyc_sram_ctrl.u_eL_stage.dp_gt_M.dat_dfflr.qout_r[N]	cmt_dpc_ena	-0.365500	-0.542185
dbg_halt_r	u_eI_cpu.u_eJ_core.u_eK_exu.u_eL_exu_alu.u_eM_exu_alu_muldiv.flushed_dfflr.qout_r	-0.364500	-0.228159
u_eI_cpu.u_eJ_core.u_eK_ifu.u_eL_ifu_ifetch.ir_rsMidx_dfflr.qout_r[N]	u_eI_cpu.u_eJ_core.u_eK_biu.u_biu_icb_arbt.arbt_num_gt_L_gen.dp_M.u_sirv_gnrl_rspid_fifo.dp_gt_N.vld_dfflr.qout_r	-0.364400	-0.249063
u_eI_cpu.u_eJ_core.u_eK_exu.u_eL_exu_alu.u_eM_exu_alu_muldiv.exec_cnt_dfflr.qout_r[N]	cmt_dcause[I]	-0.363200	-0.499348
u_eI_cpu.u_eJ_core.u_eK_ifu.u_eL_ifu_ifetch.ir_rsMidx_dfflr.qout_r[N]	u_eI_cpu.u_eJ_core.u_eK_ifu.u_eL_ifu_ifetch.out_flag_dfflr.qout_r	-0.358800	-0.192094
u_eI_cpu.u_eJ_core.u_eK_ifu.u_eL_ifu_ifetch.ifu_lo_ir_dfflr.qout_r[M]	u_eI_cpu.u_eJ_core.u_eK_lsu.u_eL_lsu_ctrl.u_eM_lsu_splt_stage.dp_gt_N.dat_dfflr.qout_r[O]	-0.358400	-0.098569
u_eI_cpu.u_eJ_core.u_eK_ifu.u_eL_ifu_ifetch.ir_rsMidx_dfflr.qout_r[N]	u_eI_srams.u_eJ_dtcm_ram.u_eK_dtcm_gnrl_ram.u_sirv_sim_ram.mem_r[L][M]	-0.356800	-0.204857
u_eI_cpu.u_eJ_dtcm_ctrl.u_dtcm_icb_arbt.arbt_num_gt_K_gen.dp_L.u_sirv_gnrl_rspid_fifo.dp_gt_M.dat_dfflr.qout_r	core_wfi	-0.356700	-0.549732
u_eI_cpu.u_eJ_irq_sync.master_gen.u_dbg_irq_sync.sync_gen[K].i_is_not_L.sync_dffr.qout_r	cmt_dcause_ena	-0.356100	-0.561406
u_eI_cpu.u_eJ_core.u_eK_ifu.u_eL_ifu_ifetch.ir_rsMidx_dfflr.qout_r[N]	u_eI_cpu.u_eJ_core.u_eK_ifu.u_eL_ifu_ifetch.reset_req_dfflr.qout_r	-0.355000	-0.156623
u_eI_cpu.u_eJ_core.u_eK_ifu.u_eL_ifu_ifetch.ifu_hi_ir_dfflr.qout_r[M]	u_eI_cpu.u_eJ_core.u_eK_exu.u_eL_exu_csr.badaddr_dfflr.qout_r[M]	-0.352200	-0.036570
u_eI_cpu.u_eJ_core.u_eK_ifu.u_eL_ifu_ifetch.ir_rsMidx_dfflr.qout_r[N]	u_eI_cpu.u_eJ_core.u_eK_ifu.u_eL_ifu_ifetch.dly_flush_dfflr.qout_r	-0.351100	-0.167454
u_eI_cpu.u_eJ_core.u_eK_biu.u_biu_icb_arbt.arbt_num_gt_L_gen.dp_M.u_sirv_gnrl_rspid_fifo.dp_gt_N.dat_dfflr.qout_r	core_wfi	-0.350300	-0.542132
u_eI_cpu.u_eJ_core.u_eK_ifu.u_eL_ifu_ifetch.ir_rsMidx_dfflr.qout_r[N]	u_eI_cpu.u_eJ_core.u_eK_exu.u_eL_exu_csr.minstreth_dfflr.qout_r[M]	-0.349400	-0.113788
u_eI_cpu.u_eJ_core.u_eK_ifu.u_eL_ifu_ifetch.ifu_lo_ir_dfflr.qout_r[M]	u_eI_cpu.u_eJ_core.u_eK_lsu.u_eL_lsu_ctrl.excl_flg_dffl.qout_r	-0.349000	-0.089656
u_eI_cpu.u_eJ_core.u_eK_exu.u_eL_exu_csr.status_mie_dfflr.qout_r	cmt_dcause_ena	-0.348400	-0.482477
u_eI_cpu.u_eJ_core.u_eK_ifu.u_eL_ifu_ifetch.ir_rsMidx_dfflr.qout_r[N]	u_eI_cpu.u_eJ_itcm_ctrl.u_sram_icb_ctrl.u_sirv_Kcyc_sram_ctrl.u_eL_stage.dp_gt_M.dat_dfflr.qout_r[N]	-0.346300	-0.203430
u_eI_cpu.u_eJ_core.u_eK_ifu.u_eL_ifu_ifetch.ifu_pc_dfflr.qout_r[M]	extIdtcm_icb_cmd_ready	-0.346300	-0.390411
u_eI_cpu.u_eJ_core.u_eK_biu.u_sirv_gnrl_icb_buffer.u_sirv_gnrl_rsp_fifo.dp_gtL.fifo_rf[M].fifo_rf_dffl.qout_r[N]	cmt_dcause[I]	-0.345900	-0.517000
u_eI_cpu.u_eJ_core.u_eK_exu.u_eL_exu_commit.u_eM_exu_excp.step_req_dfflr.qout_r	cmt_dcause_ena	-0.344900	-0.547027
u_eI_cpu.u_eJ_core.u_eK_ifu.u_eL_ifu_ifetch.ifu_prdt_taken_dfflr.qout_r	cmt_dcause[I]	-0.343900	-0.457685
u_eI_cpu.u_eJ_core.u_eK_ifu.u_eL_ifu_ifetch.ifu_lo_ir_dfflr.qout_r[M]	u_eI_cpu.u_eJ_core.u_eK_exu.u_eL_exu_csr.epc_dfflr.qout_r[M]	-0.343900	-0.053854
u_eI_cpu.u_eJ_itcm_ctrl.u_itcm_icb_arbt.arbt_num_gt_K_gen.dp_L.u_sirv_gnrl_rspid_fifo.dp_gt_M.dat_dfflr.qout_r	cmt_dpc_ena	-0.338400	-0.517803
u_eI_cpu.u_eJ_core.u_eK_ifu.u_eL_ifu_ifetch.ifu_lo_ir_dfflr.qout_r[M]	u_eI_cpu.u_eJ_itcm_ctrl.u_itcm_icb_extKitcm_nLw.fifo_dp_M.u_sirv_gnrl_nNw_fifo.dp_gt_O.vld_dfflr.qout_r	-0.337400	-0.057559
dbg_halt_r	u_eI_cpu.u_eJ_core.u_eK_exu.u_eL_exu_commit.u_eM_exu_excp.wfi_halt_req_dfflr.qout_r	-0.336100	-0.134804
u_eI_cpu.u_eJ_core.u_eK_ifu.u_eL_ifu_ifetch.ir_rsMidx_dfflr.qout_r[N]	u_eI_cpu.u_eJ_core.u_eK_ifu.u_eL_ifu_ifetch.ir_valid_dfflr.qout_r	-0.335700	-0.142266
u_eI_cpu.u_eJ_core.u_eK_ifu.u_eL_ifu_ifetch.ir_rsMidx_dfflr.qout_r[N]	u_eI_cpu.u_eJ_core.u_eK_ifu.u_eL_ifu_ifetch.ir_muldiv_bMb_dfflr.qout_r	-0.335200	-0.227557
u_eI_cpu.u_eJ_core.u_eK_ifu.u_eL_ifu_ifetch.ifu_lo_ir_dfflr.qout_r[M]	u_eI_cpu.u_eJ_core.u_eK_ifu.u_eL_ifu_ifetch.ifu_pc_dfflr.qout_r[M]	-0.333700	-0.134987
u_eI_cpu.u_eJ_core.u_eK_ifu.u_eL_ifu_ifetch.ir_rsMidx_dfflr.qout_r[N]	u_eI_cpu.u_eJ_core.u_eK_exu.u_eL_exu_csr.minstret_dfflr.qout_r[M]	-0.333500	-0.132826
u_eI_cpu.u_eJ_core.u_eK_ifu.u_eL_ifu_ifetch.ir_rsMidx_dfflr.qout_r[N]	u_eI_cpu.u_eJ_itcm_ctrl.u_sram_icb_ctrl.u_byp_icb_cmd_buf.u_bypbuf_fifo.dp_gtK.vec_L_dfflrs.qout_r	-0.333300	-0.185451
u_eI_cpu.u_eJ_core.u_eK_ifu.u_eL_ifu_ifetch.ifu_hi_ir_dfflr.qout_r[M]	u_eI_cpu.u_eJ_itcm_ctrl.u_itcm_icb_extKitcm_nLw.fifo_dp_M.u_sirv_gnrl_nNw_fifo.dp_gt_O.dat_dfflr.qout_r	-0.333200	-0.057294
u_eI_cpu.u_eJ_core.u_eK_ifu.u_eL_ifu_ifetch.ir_rsMidx_dfflr.qout_r[N]	u_eI_cpu.u_eJ_itcm_ctrl.ifu_holdup_dffl.qout_r	-0.333000	-0.122972
u_eI_cpu.u_eJ_core.u_eK_ifu.u_eL_ifu_ifetch.ifu_lo_ir_dfflr.qout_r[M]	u_eI_cpu.u_eJ_core.u_eK_exu.u_eL_exu_oitf.oitf_entries[M].pc_dfflrs.qout_r[N]	-0.332000	-0.136794
u_eI_cpu.u_eJ_core.u_eK_ifu.u_eL_ifu_ifetch.ifu_lo_ir_dfflr.qout_r[M]	u_eI_cpu.u_eJ_core.u_eK_exu.u_eL_exu_oitf.oitf_entries[M].rdidx_dfflrs.qout_r[N]	-0.332000	-0.150659
u_eI_cpu.u_eJ_core.u_eK_ifu.u_eL_ifu_ifetch.ifu_lo_ir_dfflr.qout_r[M]	u_eI_cpu.u_eJ_core.u_eK_exu.u_eL_exu_oitf.oitf_entries[M].rdwen_dfflrs.qout_r	-0.332000	-0.121935
u_eI_cpu.u_eJ_core.u_eK_exu.u_eL_exu_csr.status_mie_dfflr.qout_r	core_wfi	-0.331300	-0.440880
u_eI_cpu.u_eJ_core.u_eK_ifu.u_eL_ifu_ifetch.ir_rsMidx_dfflr.qout_r[N]	u_eI_cpu.u_eJ_core.u_eK_exu.u_eL_exu_alu.u_eM_exu_alu_dpath.sbf_N_dffl.qout_r[O]	-0.331100	-0.248320
dbg_halt_r	u_eI_cpu.u_eJ_core.u_eK_exu.u_eL_exu_commit.u_eM_exu_excp.step_req_dfflr.qout_r	-0.330500	-0.149021
u_eI_cpu.u_eJ_irq_sync.master_gen.u_dbg_irq_sync.sync_gen[K].i_is_not_L.sync_dffr.qout_r	core_wfi	-0.330300	-0.519809
u_eI_cpu.u_eJ_core.u_eK_ifu.u_eL_ifu_ifetch.ifu_hi_ir_dfflr.qout_r[M]	u_eI_cpu.u_eJ_dtcm_ctrl.u_sram_icb_ctrl.u_byp_icb_cmd_buf.u_bypbuf_fifo.dp_gtK.vec_L_dfflr.qout_r	-0.329500	0.039021
u_eI_cpu.u_eJ_core.u_eK_ifu.u_eL_ifu_ifetch.ifu_lo_ir_dfflr.qout_r[M]	u_eI_cpu.u_eJ_dtcm_ctrl.u_sram_icb_ctrl.u_sirv_Kcyc_sram_ctrl.u_eL_stage.dp_gt_M.vld_dfflr.qout_r	-0.329100	0.063078
u_eI_cpu.u_eJ_core.u_eK_ifu.u_eL_ifu_ifetch.ifu_lo_ir_dfflr.qout_r[M]	u_eI_cpu.u_eJ_core.u_eK_exu.u_eL_exu_csr.mcycle_dfflr.qout_r[M]	-0.327700	0.055059
u_eI_cpu.u_eJ_dtcm_ctrl.u_dtcm_icb_arbt.arbt_num_gt_K_gen.dp_L.u_sirv_gnrl_rspid_fifo.dp_gt_M.dat_dfflr.qout_r	cmt_dpc_ena	-0.327200	-0.560791
u_eI_cpu.u_eJ_core.u_eK_ifu.u_eL_ifu_ifetch.ifu_pc_dfflr.qout_r[M]	extIitcm_icb_cmd_ready	-0.325700	-0.393605
u_eI_cpu.u_eJ_core.u_eK_ifu.u_eL_ifu_ifetch.ir_rsMidx_dfflr.qout_r[N]	u_eI_cpu.u_eJ_itcm_ctrl.u_sram_icb_ctrl.u_sirv_Kcyc_sram_ctrl.u_eL_stage.dp_gt_M.vld_dfflr.qout_r	-0.324300	-0.181932
u_eI_cpu.u_eJ_core.u_eK_exu.u_eL_exu_commit.u_eM_exu_excp.step_req_dfflr.qout_r	core_wfi	-0.323500	-0.505429
u_eI_cpu.u_eJ_core.u_eK_biu.u_biu_icb_arbt.arbt_num_gt_L_gen.dp_M.u_sirv_gnrl_rspid_fifo.dp_gt_N.dat_dfflr.qout_r	cmt_dpc_ena	-0.320800	-0.553192
u_eI_cpu.u_eJ_core.u_eK_exu.u_eL_exu_alu.u_eM_exu_alu_muldiv.exec_cnt_dfflr.qout_r[N]	cmt_dcause_ena	-0.318400	-0.468588
u_eI_cpu.u_eJ_core.u_eK_ifu.u_eL_ifu_ifetch.ifu_lo_ir_dfflr.qout_r[M]	u_eI_cpu.u_eJ_core.u_eK_exu.u_eL_exu_csr.mtvec_dfflr.qout_r[M]	-0.318200	0.054517
u_eI_cpu.u_eJ_core.u_eK_ifu.u_eL_ifu_ifetch.ir_rsMidx_dfflr.qout_r[N]	u_eI_cpu.u_eJ_dtcm_ctrl.u_sram_icb_ctrl.u_byp_icb_cmd_buf.u_bypbuf_fifo.dp_gtK.fifo_rf[L].fifo_rf_dffl.qout_r[M]	-0.317400	-0.175375
u_eI_cpu.u_eJ_core.u_eK_ifu.u_eL_ifu_ifetch.ifu_hi_ir_dfflr.qout_r[M]	u_eI_cpu.u_eJ_core.u_eK_lsu.u_eL_lsu_ctrl.u_eM_lsu_splt_stage.dp_gt_N.dat_dfflr.qout_r[O]	-0.314900	-0.083212
u_eI_cpu.u_eJ_core.u_eK_ifu.u_eL_ifu_ifetch.ifu_lo_ir_dfflr.qout_r[M]	u_eI_cpu.u_eJ_dtcm_ctrl.u_dtcm_icb_arbt.arbt_num_gt_K_gen.dp_L.u_sirv_gnrl_rspid_fifo.dp_gt_M.dat_dfflr.qout_r	-0.313200	0.180300
u_eI_cpu.u_eJ_core.u_eK_ifu.u_eL_ifu_ifetch.ifu_err_dfflr.qout_r	u_eI_cpu.u_eJ_itcm_ctrl.u_sram_icb_ctrl.u_byp_icb_cmd_buf.u_bypbuf_fifo.dp_gtK.fifo_rf[L].fifo_rf_dffl.qout_r[M]	-0.312200	0.035987
u_eI_cpu.u_eJ_core.u_eK_ifu.u_eL_ifu_ifetch.ifu_lo_ir_dfflr.qout_r[M]	u_eI_cpu.u_eJ_core.u_eK_exu.u_eL_exu_csr.cause_dfflr.qout_r[M]	-0.309300	-0.033257
u_eI_cpu.u_eJ_core.u_eK_ifu.u_eL_ifu_ifetch.ir_muldiv_bMb_dfflr.qout_r	cmt_dcause[I]	-0.309100	-0.555678
u_eI_cpu.u_eJ_core.u_eK_ifu.u_eL_ifu_ifetch.ifu_lo_ir_dfflr.qout_r[M]	u_eI_cpu.u_eJ_core.u_eK_exu.u_eL_exu_alu.u_eM_exu_alu_muldiv.part_remd_sftN_dfflr.qout_r	-0.306700	-0.160641
u_eI_cpu.u_eJ_core.u_eK_ifu.u_eL_ifu_ifetch.ifu_hi_ir_dfflr.qout_r[M]	u_eI_cpu.u_eJ_core.u_eK_lsu.u_eL_lsu_ctrl.excl_flg_dffl.qout_r	-0.305500	-0.074299
u_eI_cpu.u_eJ_core.u_eK_exu.u_eL_exu_csr.status_mie_dfflr.qout_r	cmt_dpc_ena	-0.301800	-0.451940
u_eI_cpu.u_eJ_core.u_eK_exu.u_eL_exu_alu.u_eM_exu_alu_muldiv.exec_cnt_dfflr.qout_r[N]	core_wfi	-0.301300	-0.428799
u_eI_cpu.u_eJ_core.u_eK_biu.u_sirv_gnrl_icb_buffer.u_sirv_gnrl_rsp_fifo.dp_gtL.fifo_rf[M].fifo_rf_dffl.qout_r[N]	cmt_dcause_ena	-0.301100	-0.483763
u_eI_cpu.u_eJ_irq_sync.master_gen.u_dbg_irq_sync.sync_gen[K].i_is_not_L.sync_dffr.qout_r	cmt_dpc_ena	-0.300800	-0.530869
u_eI_cpu.u_eJ_core.u_eK_ifu.u_eL_ifu_ifetch.ifu_hi_ir_dfflr.qout_r[M]	u_eI_cpu.u_eJ_core.u_eK_exu.u_eL_exu_csr.epc_dfflr.qout_r[M]	-0.300400	-0.038498
u_eI_cpu.u_eJ_core.u_eK_ifu.u_eL_ifu_ifetch.ifu_lo_ir_dfflr.qout_r[M]	u_eI_cpu.u_eJ_itcm_ctrl.u_itcm_icb_arbt.arbt_num_gt_K_gen.dp_L.u_sirv_gnrl_rspid_fifo.dp_gt_M.dat_dfflr.qout_r	-0.299500	0.133018
u_eI_cpu.u_eJ_core.u_eK_ifu.u_eL_ifu_ifetch.ifu_prdt_taken_dfflr.qout_r	cmt_dcause_ena	-0.299100	-0.432266
u_eI_cpu.u_eJ_core.u_eK_ifu.u_eL_ifu_ifetch.ifu_err_dfflr.qout_r	u_eI_cpu.u_eJ_core.u_eK_biu.u_sirv_gnrl_icb_buffer.u_sirv_gnrl_cmd_fifo.dp_gtL.fifo_rf[M].fifo_rf_dffl.qout_r[N]	-0.298700	0.010930
u_eI_cpu.u_eJ_core.u_eK_ifu.u_eL_ifu_ifetch.ifu_lo_ir_dfflr.qout_r[M]	u_eI_cpu.u_eJ_core.u_eK_ifu.u_eL_ifu_ifetch.ir_pc_vld_dfflr.qout_r	-0.298300	-0.092630
dbg_halt_r	u_eI_cpu.u_eJ_core.u_eK_exu.u_eL_exu_alu.u_eM_exu_alu_lsuagu.icb_leftover_err_dfflr.qout_r	-0.294700	-0.014826
u_eI_cpu.u_eJ_core.u_eK_exu.u_eL_exu_commit.u_eM_exu_excp.step_req_dfflr.qout_r	cmt_dpc_ena	-0.294000	-0.516489
u_eI_cpu.u_eJ_core.u_eK_ifu.u_eL_ifu_ifetch.ifu_hi_ir_dfflr.qout_r[M]	u_eI_cpu.u_eJ_itcm_ctrl.u_itcm_icb_extKitcm_nLw.fifo_dp_M.u_sirv_gnrl_nNw_fifo.dp_gt_O.vld_dfflr.qout_r	-0.294000	-0.042202
u_eI_cpu.u_eJ_core.u_eK_exu.u_eL_exu_alu.u_eM_exu_alu_lsuagu.icb_state_dfflr.qout_r[N]	u_eI_cpu.u_eJ_itcm_ctrl.u_sram_icb_ctrl.u_byp_icb_cmd_buf.u_bypbuf_fifo.dp_gtK.fifo_rf[L].fifo_rf_dffl.qout_r[M]	-0.293000	-0.079220
u_eI_cpu.u_eJ_core.u_eK_ifu.u_eL_ifu_ifetch.ifu_lo_ir_dfflr.qout_r[M]	u_eI_cpu.u_eJ_core.u_eK_exu.u_eL_exu_oitf.oitf_entries[M].vld_dfflrs.qout_r	-0.292900	-0.094153
u_eI_cpu.u_eJ_core.u_eK_ifu.u_eL_ifu_ifetch.ifu_lo_ir_dfflr.qout_r[M]	u_eI_cpu.u_eJ_core.u_eK_exu.u_eL_exu_alu.u_eM_exu_alu_muldiv.muldiv_state_dfflr.qout_r[N]	-0.292000	-0.075985
u_eI_cpu.u_eJ_core.u_eK_exu.u_eL_exu_alu.u_eM_exu_alu_dpath.sbf_N_dffl.qout_r[O]	cmt_dcause[I]	-0.292000	-0.413065
u_eI_cpu.u_eJ_core.u_eK_ifu.u_eL_ifu_ifetch.ifu_lo_ir_dfflr.qout_r[M]	u_eI_cpu.u_eJ_core.u_eK_exu.u_eL_exu_csr.mscratch_dfflr.qout_r[M]	-0.291300	0.083000
u_eI_cpu.u_eJ_core.u_eK_ifu.u_eL_ifu_ifetch.ifu_err_dfflr.qout_r	u_eI_cpu.u_eJ_core.u_eK_ifu.u_eL_ifu_iftMicb.leftover_dffl.qout_r[N]	-0.291200	0.020244
u_eI_cpu.u_eJ_core.u_eK_ifu.u_eL_ifu_ifetch.ifu_hi_ir_dfflr.qout_r[M]	u_eI_cpu.u_eJ_core.u_eK_ifu.u_eL_ifu_ifetch.ifu_pc_dfflr.qout_r[M]	-0.290200	-0.119631
u_eI_cpu.u_eJ_core.u_eK_ifu.u_eL_ifu_ifetch.ifu_lo_ir_dfflr.qout_r[M]	u_eI_cpu.u_eJ_dtcm_ctrl.u_dtcm_icb_arbt.arbt_num_gt_K_gen.dp_L.u_sirv_gnrl_rspid_fifo.dp_gt_M.vld_dfflr.qout_r	-0.289700	0.106366
u_eI_cpu.u_eJ_core.u_eK_ifu.u_eL_ifu_ifetch.ifu_hi_ir_dfflr.qout_r[M]	u_eI_cpu.u_eJ_core.u_eK_exu.u_eL_exu_oitf.oitf_entries[M].pc_dfflrs.qout_r[N]	-0.288500	-0.121438
u_eI_cpu.u_eJ_core.u_eK_ifu.u_eL_ifu_ifetch.ifu_hi_ir_dfflr.qout_r[M]	u_eI_cpu.u_eJ_core.u_eK_exu.u_eL_exu_oitf.oitf_entries[M].rdidx_dfflrs.qout_r[N]	-0.288500	-0.135302
u_eI_cpu.u_eJ_core.u_eK_ifu.u_eL_ifu_ifetch.ifu_hi_ir_dfflr.qout_r[M]	u_eI_cpu.u_eJ_core.u_eK_exu.u_eL_exu_oitf.oitf_entries[M].rdwen_dfflrs.qout_r	-0.288500	-0.106579
u_eI_cpu.u_eJ_core.u_eK_ifu.u_eL_ifu_ifetch.ir_rsMidx_dfflr.qout_r[N]	u_eI_cpu.u_eJ_core.u_eK_ifu.u_eL_ifu_iftMicb.u_eN_ifetch_rsp_bypbuf.u_bypbuf_fifo.dp_gtO.vec_P_dfflr.qout_r	-0.287300	-0.161543
u_eI_cpu.u_eJ_core.u_eK_ifu.u_eL_ifu_ifetch.ifu_lo_ir_dfflr.qout_r[M]	u_eI_cpu.u_eJ_core.u_eK_exu.u_eL_exu_oitf.depth_gtM.alc_ptr_dfflrs.qout_r	-0.286600	-0.103940
u_eI_cpu.u_eJ_core.u_eK_ifu.u_eL_ifu_ifetch.ifu_hi_ir_dfflr.qout_r[M]	u_eI_cpu.u_eJ_dtcm_ctrl.u_sram_icb_ctrl.u_sirv_Kcyc_sram_ctrl.u_eL_stage.dp_gt_M.vld_dfflr.qout_r	-0.285700	0.078434
u_eI_cpu.u_eJ_core.u_eK_ifu.u_eL_ifu_ifetch.ifu_err_dfflr.qout_r	u_eI_cpu.u_eJ_core.u_eK_biu.u_sirv_gnrl_icb_buffer.u_sirv_gnrl_cmd_fifo.dp_gtL.vec_M_dfflrs.qout_r	-0.285300	0.022745
u_eI_cpu.u_eJ_core.u_eK_ifu.u_eL_ifu_ifetch.ifu_hi_ir_dfflr.qout_r[M]	u_eI_cpu.u_eJ_core.u_eK_exu.u_eL_exu_csr.mcycle_dfflr.qout_r[M]	-0.284200	0.070415
u_eI_cpu.u_eJ_core.u_eK_ifu.u_eL_ifu_ifetch.ifu_lo_ir_dfflr.qout_r[M]	u_eI_cpu.u_eJ_core.u_eK_exu.u_eL_exu_alu.u_eM_exu_alu_muldiv.part_prdt_sftN_dfflr.qout_r	-0.284100	-0.132012
u_eI_cpu.u_eJ_core.u_eK_biu.u_sirv_gnrl_icb_buffer.u_sirv_gnrl_rsp_fifo.dp_gtL.fifo_rf[M].fifo_rf_dffl.qout_r[N]	core_wfi	-0.284000	-0.442166
dbg_halt_r	u_eI_cpu.u_eJ_core.u_eK_ifu.u_eL_ifu_ifetch.halt_ack_dfflr.qout_r	-0.283700	-0.048063
u_eI_cpu.u_eJ_core.u_eK_ifu.u_eL_ifu_ifetch.ifu_err_dfflr.qout_r	u_eI_cpu.u_eJ_core.u_eK_biu.u_sirv_gnrl_icb_buffer.u_sirv_gnrl_cmd_fifo.dp_gtL.vec_M_dfflr.qout_r	-0.282200	0.028686
u_eI_cpu.u_eJ_core.u_eK_ifu.u_eL_ifu_ifetch.ifu_prdt_taken_dfflr.qout_r	core_wfi	-0.282000	-0.392477
u_eI_cpu.u_eJ_core.u_eK_ifu.u_eL_ifu_ifetch.ifu_err_dfflr.qout_r	u_eI_cpu.u_eJ_core.u_eK_ifu.u_eL_ifu_ifetch.ifu_hi_ir_dfflr.qout_r[M]	-0.281700	0.058963
u_eI_cpu.u_eJ_core.u_eK_exu.u_eL_exu_alu.u_eM_exu_alu_lsuagu.icb_state_dfflr.qout_r[N]	u_eI_cpu.u_eJ_core.u_eK_biu.u_sirv_gnrl_icb_buffer.u_sirv_gnrl_cmd_fifo.dp_gtL.fifo_rf[M].fifo_rf_dffl.qout_r[N]	-0.279600	-0.103442
u_eI_cpu.u_eJ_core.u_eK_ifu.u_eL_ifu_ifetch.ifu_lo_ir_dfflr.qout_r[M]	u_eI_cpu.u_eJ_core.u_eK_exu.u_eL_exu_alu.u_eM_exu_alu_lsuagu.icb_state_dfflr.qout_r[N]	-0.278200	-0.061520
u_eI_cpu.u_eJ_core.u_eK_ifu.u_eL_ifu_ifetch.ir_rsMidx_dfflr.qout_r[N]	u_eI_cpu.u_eJ_core.u_eK_exu.u_eL_exu_alu.u_eM_exu_alu_dpath.sbf_N_dffl.qout_r[O]	-0.276900	-0.217746
u_eI_cpu.u_eJ_core.u_eK_ifu.u_eL_ifu_ifetch.ifu_lo_ir_dfflr.qout_r[M]	u_eI_cpu.u_eJ_itcm_ctrl.u_itcm_icb_lsuKitcm_nLw.fifo_dp_M.u_sirv_gnrl_nNw_fifo.dp_gt_O.dat_dfflr.qout_r	-0.276700	-0.005564
u_eI_cpu.u_eJ_core.u_eK_ifu.u_eL_ifu_ifetch.ifu_err_dfflr.qout_r	u_eI_cpu.u_eJ_core.u_eK_ifu.u_eL_ifu_iftMicb.u_eN_ifetch_rsp_bypbuf.u_bypbuf_fifo.dp_gtO.vec_P_dfflrs.qout_r	-0.276400	0.044892
dbg_halt_r	u_eI_cpu.u_eJ_core.u_eK_exu.u_eL_exu_commit.u_eM_exu_excp.wfi_flag_dfflr.qout_r	-0.274900	-0.043646
u_eI_cpu.u_eJ_core.u_eK_ifu.u_eL_ifu_ifetch.ifu_lo_ir_dfflr.qout_r[M]	u_eI_cpu.u_eJ_core.u_eK_exu.u_eL_exu_csr.mcycleh_dfflr.qout_r[M]	-0.274700	0.050355
u_eI_cpu.u_eJ_core.u_eK_ifu.u_eL_ifu_ifetch.ifu_hi_ir_dfflr.qout_r[M]	u_eI_cpu.u_eJ_core.u_eK_exu.u_eL_exu_csr.mtvec_dfflr.qout_r[M]	-0.274700	0.069873
u_eI_cpu.u_eJ_core.u_eK_exu.u_eL_exu_oitf.depth_gtM.ret_ptr_flg_dfflrs.qout_r	u_eI_cpu.u_eJ_itcm_ctrl.u_sram_icb_ctrl.u_byp_icb_cmd_buf.u_bypbuf_fifo.dp_gtK.fifo_rf[L].fifo_rf_dffl.qout_r[M]	-0.274400	-0.077521
u_eI_cpu.u_eJ_core.u_eK_exu.u_eL_exu_oitf.depth_gtM.alc_ptr_flg_dfflrs.qout_r	u_eI_cpu.u_eJ_itcm_ctrl.u_sram_icb_ctrl.u_byp_icb_cmd_buf.u_bypbuf_fifo.dp_gtK.fifo_rf[L].fifo_rf_dffl.qout_r[M]	-0.274300	-0.075168
u_eI_cpu.u_eJ_core.u_eK_ifu.u_eL_ifu_ifetch.ir_rsMidx_dfflr.qout_r[N]	u_eI_cpu.u_eJ_dtcm_ctrl.u_sram_icb_ctrl.u_byp_icb_cmd_buf.u_bypbuf_fifo.dp_gtK.vec_L_dfflrs.qout_r	-0.273300	0.039624
u_eI_cpu.u_eJ_core.u_eK_ifu.u_eL_ifu_ifetch.ifu_err_dfflr.qout_r	u_eI_cpu.u_eJ_core.u_eK_biu.u_biu_icb_arbt.arbt_num_gt_L_gen.dp_M.u_sirv_gnrl_rspid_fifo.dp_gt_N.dat_dfflr.qout_r	-0.272500	0.033951
u_eI_cpu.u_eJ_core.u_eK_exu.u_eL_exu_alu.u_eM_exu_alu_lsuagu.icb_state_dfflr.qout_r[N]	u_eI_cpu.u_eJ_core.u_eK_ifu.u_eL_ifu_iftMicb.leftover_dffl.qout_r[N]	-0.272100	-0.094962
u_eI_cpu.u_eJ_core.u_eK_exu.u_eL_exu_alu.u_eM_exu_alu_muldiv.exec_cnt_dfflr.qout_r[N]	cmt_dpc_ena	-0.271800	-0.439859
u_eI_cpu.u_eJ_core.u_eK_ifu.u_eL_ifu_ifetch.ifu_err_dfflr.qout_r	u_eI_cpu.u_eJ_core.u_eK_ifu.u_eL_ifu_ifetch.ir_rsMidx_dfflr.qout_r[N]	-0.271200	0.046783
u_eI_cpu.u_eJ_core.u_eK_ifu.u_eL_ifu_ifetch.ifu_err_dfflr.qout_r	u_eI_cpu.u_eJ_core.u_eK_ifu.u_eL_ifu_ifetch.pc_dfflr.qout_r[M]	-0.269900	0.007148
u_eI_cpu.u_eJ_core.u_eK_ifu.u_eL_ifu_ifetch.ifu_hi_ir_dfflr.qout_r[M]	u_eI_cpu.u_eJ_dtcm_ctrl.u_dtcm_icb_arbt.arbt_num_gt_K_gen.dp_L.u_sirv_gnrl_rspid_fifo.dp_gt_M.dat_dfflr.qout_r	-0.269700	0.195656
u_eI_cpu.u_eJ_core.u_eK_ifu.u_eL_ifu_ifetch.ir_rsMidx_dfflr.qout_r[N]	u_eI_cpu.u_eJ_core.u_eK_exu.u_eL_exu_regfile.regfile[M].rfnoN.rf_dffl.qout_r[O]	-0.266400	-0.162574
u_eI_cpu.u_eJ_core.u_eK_exu.u_eL_exu_alu.u_eM_exu_alu_dpath.sbf_N_dffl.qout_r[O]	cmt_dcause[I]	-0.266100	-0.351390
u_eI_cpu.u_eJ_core.u_eK_exu.u_eL_exu_alu.u_eM_exu_alu_lsuagu.icb_state_dfflr.qout_r[N]	u_eI_cpu.u_eJ_core.u_eK_biu.u_sirv_gnrl_icb_buffer.u_sirv_gnrl_cmd_fifo.dp_gtL.vec_M_dfflrs.qout_r	-0.266100	-0.091626
u_eI_cpu.u_eJ_core.u_eK_ifu.u_eL_ifu_ifetch.ifu_hi_ir_dfflr.qout_r[M]	u_eI_cpu.u_eJ_core.u_eK_exu.u_eL_exu_csr.cause_dfflr.qout_r[M]	-0.265900	-0.017901
u_eI_cpu.u_eJ_core.u_eK_ifu.u_eL_ifu_ifetch.ir_muldiv_bMb_dfflr.qout_r	cmt_dcause_ena	-0.264300	-0.522441
u_eI_cpu.u_eJ_core.u_eK_lsu.u_eL_lsu_ctrl.u_eM_lsu_splt_stage.dp_gt_N.vld_dfflr.qout_r	u_eI_cpu.u_eJ_itcm_ctrl.u_sram_icb_ctrl.u_byp_icb_cmd_buf.u_bypbuf_fifo.dp_gtK.fifo_rf[L].fifo_rf_dffl.qout_r[M]	-0.263700	-0.093014
u_eI_cpu.u_eJ_core.u_eK_ifu.u_eL_ifu_ifetch.ifu_hi_ir_dfflr.qout_r[M]	u_eI_cpu.u_eJ_core.u_eK_exu.u_eL_exu_alu.u_eM_exu_alu_muldiv.part_remd_sftN_dfflr.qout_r	-0.263200	-0.150386
u_eI_cpu.u_eJ_core.u_eK_exu.u_eL_exu_alu.u_eM_exu_alu_lsuagu.icb_state_dfflr.qout_r[N]	u_eI_cpu.u_eJ_core.u_eK_biu.u_sirv_gnrl_icb_buffer.u_sirv_gnrl_cmd_fifo.dp_gtL.vec_M_dfflr.qout_r	-0.263100	-0.085685
u_eI_cpu.u_eJ_core.u_eK_ifu.u_eL_ifu_ifetch.ifu_lo_ir_dfflr.qout_r[M]	u_eI_cpu.u_eJ_core.u_eK_exu.u_eL_exu_csr.status_mie_dfflr.qout_r	-0.262900	-0.028218
u_eI_cpu.u_eJ_core.u_eK_exu.u_eL_exu_alu.u_eM_exu_alu_lsuagu.icb_state_dfflr.qout_r[N]	u_eI_cpu.u_eJ_core.u_eK_ifu.u_eL_ifu_ifetch.ifu_hi_ir_dfflr.qout_r[M]	-0.262600	-0.056243
u_eI_cpu.u_eJ_core.u_eK_ifu.u_eL_ifu_ifetch.ifu_lo_ir_dfflr.qout_r[M]	u_eI_cpu.u_eJ_core.u_eK_exu.u_eL_exu_oitf.depth_gtM.alc_ptr_flg_dfflrs.qout_r	-0.261600	-0.128805
u_eI_cpu.u_eJ_core.u_eK_exu.u_eL_exu_oitf.depth_gtM.ret_ptr_flg_dfflrs.qout_r	u_eI_cpu.u_eJ_core.u_eK_biu.u_sirv_gnrl_icb_buffer.u_sirv_gnrl_cmd_fifo.dp_gtL.fifo_rf[M].fifo_rf_dffl.qout_r[N]	-0.261000	-0.101743
u_eI_cpu.u_eJ_core.u_eK_exu.u_eL_exu_oitf.depth_gtM.alc_ptr_flg_dfflrs.qout_r	u_eI_cpu.u_eJ_core.u_eK_biu.u_sirv_gnrl_icb_buffer.u_sirv_gnrl_cmd_fifo.dp_gtL.fifo_rf[M].fifo_rf_dffl.qout_r[N]	-0.260900	-0.099390
u_eI_cpu.u_eJ_core.u_eK_exu.u_eL_exu_oitf.depth_gtM.ret_ptr_dfflrs.qout_r	u_eI_cpu.u_eJ_itcm_ctrl.u_sram_icb_ctrl.u_byp_icb_cmd_buf.u_bypbuf_fifo.dp_gtK.fifo_rf[L].fifo_rf_dffl.qout_r[M]	-0.260800	-0.076744
u_eI_cpu.u_eJ_core.u_eK_ifu.u_eL_ifu_ifetch.ifu_err_dfflr.qout_r	u_eI_cpu.u_eJ_core.u_eK_ifu.u_eL_ifu_iftMicb.icb_addr_N_O_dffl.qout_r[P]	-0.259700	0.049633
u_eI_cpu.u_eJ_core.u_eK_exu.u_eL_exu_alu.u_eM_exu_alu_lsuagu.icb_state_dfflr.qout_r[N]	u_eI_cpu.u_eJ_core.u_eK_ifu.u_eL_ifu_iftMicb.u_eN_ifetch_rsp_bypbuf.u_bypbuf_fifo.dp_gtO.vec_P_dfflrs.qout_r	-0.257200	-0.070314
u_eI_cpu.u_eJ_core.u_eK_ifu.u_eL_ifu_ifetch.ifu_hi_ir_dfflr.qout_r[M]	u_eI_cpu.u_eJ_itcm_ctrl.u_itcm_icb_arbt.arbt_num_gt_K_gen.dp_L.u_sirv_gnrl_rspid_fifo.dp_gt_M.dat_dfflr.qout_r	-0.256000	0.148375
u_eI_cpu.u_eJ_core.u_eK_ifu.u_eL_ifu_ifetch.ifu_err_dfflr.qout_r	u_eI_cpu.u_eJ_core.u_eK_ifu.u_eL_ifu_iftMicb.req_lane_cross_dfflr.qout_r	-0.254800	0.066753
u_eI_cpu.u_eJ_core.u_eK_ifu.u_eL_ifu_ifetch.ifu_err_dfflr.qout_r	u_eI_cpu.u_eJ_core.u_eK_ifu.u_eL_ifu_iftMicb.req_need_Nuop_dfflr.qout_r	-0.254800	0.081761
u_eI_cpu.u_eJ_core.u_eK_ifu.u_eL_ifu_ifetch.ifu_err_dfflr.qout_r	u_eI_cpu.u_eJ_core.u_eK_ifu.u_eL_ifu_iftMicb.req_same_cross_holdup_dfflr.qout_r	-0.254800	0.094300
u_eI_cpu.u_eJ_core.u_eK_ifu.u_eL_ifu_ifetch.ifu_hi_ir_dfflr.qout_r[M]	u_eI_cpu.u_eJ_core.u_eK_ifu.u_eL_ifu_ifetch.ir_pc_vld_dfflr.qout_r	-0.254800	-0.077273
u_eI_cpu.u_eJ_core.u_eK_ifu.u_eL_ifu_ifetch.ifu_lo_ir_dfflr.qout_r[M]	u_eI_cpu.u_eJ_core.u_eK_exu.u_eL_exu_alu.u_eM_exu_nice.u_nice_itag_fifo.dp_gtN.vec_O_dfflr.qout_r[P]	-0.254600	0.154273
u_eI_cpu.u_eJ_core.u_eK_biu.u_sirv_gnrl_icb_buffer.u_sirv_gnrl_rsp_fifo.dp_gtL.fifo_rf[M].fifo_rf_dffl.qout_r[N]	cmt_dpc_ena	-0.254500	-0.453225
u_eI_cpu.u_eJ_core.u_eK_exu.u_eL_exu_oitf.depth_gtM.ret_ptr_flg_dfflrs.qout_r	u_eI_cpu.u_eJ_core.u_eK_ifu.u_eL_ifu_iftMicb.leftover_dffl.qout_r[N]	-0.253500	-0.093263
u_eI_cpu.u_eJ_core.u_eK_exu.u_eL_exu_oitf.depth_gtM.alc_ptr_flg_dfflrs.qout_r	u_eI_cpu.u_eJ_core.u_eK_ifu.u_eL_ifu_iftMicb.leftover_dffl.qout_r[N]	-0.253400	-0.090910
u_eI_cpu.u_eJ_core.u_eK_exu.u_eL_exu_alu.u_eM_exu_alu_lsuagu.icb_state_dfflr.qout_r[N]	u_eI_cpu.u_eJ_core.u_eK_biu.u_biu_icb_arbt.arbt_num_gt_L_gen.dp_M.u_sirv_gnrl_rspid_fifo.dp_gt_N.dat_dfflr.qout_r	-0.253300	-0.080420
u_eI_cpu.u_eJ_core.u_eK_ifu.u_eL_ifu_ifetch.ifu_prdt_taken_dfflr.qout_r	cmt_dpc_ena	-0.252500	-0.403537
u_eI_cpu.u_eJ_core.u_eK_exu.u_eL_exu_alu.u_eM_exu_alu_lsuagu.icb_state_dfflr.qout_r[N]	u_eI_cpu.u_eJ_core.u_eK_ifu.u_eL_ifu_ifetch.ir_rsMidx_dfflr.qout_r[N]	-0.252000	-0.068423
u_eI_cpu.u_eJ_core.u_eK_exu.u_eL_exu_alu.u_eM_exu_alu_lsuagu.icb_state_dfflr.qout_r[N]	u_eI_cpu.u_eJ_core.u_eK_ifu.u_eL_ifu_ifetch.pc_dfflr.qout_r[M]	-0.250800	-0.108058
u_eI_cpu.u_eJ_core.u_eK_ifu.u_eL_ifu_ifetch.ifu_lo_ir_dfflr.qout_r[M]	u_eI_cpu.u_eJ_core.u_eK_exu.u_eL_exu_csr.status_mpie_dfflr.qout_r	-0.250400	-0.052172
u_eI_cpu.u_eJ_core.u_eK_lsu.u_eL_lsu_ctrl.u_eM_lsu_splt_stage.dp_gt_N.vld_dfflr.qout_r	u_eI_cpu.u_eJ_core.u_eK_biu.u_sirv_gnrl_icb_buffer.u_sirv_gnrl_cmd_fifo.dp_gtL.fifo_rf[M].fifo_rf_dffl.qout_r[N]	-0.250300	-0.117236
u_eI_cpu.u_eJ_core.u_eK_ifu.u_eL_ifu_ifetch.ifu_lo_ir_dfflr.qout_r[M]	u_eI_cpu.u_eJ_itcm_ctrl.u_itcm_icb_arbt.arbt_num_gt_K_gen.dp_L.u_sirv_gnrl_rspid_fifo.dp_gt_M.vld_dfflr.qout_r	-0.250300	0.045391
u_eI_cpu.u_eJ_core.u_eK_ifu.u_eL_ifu_ifetch.ifu_err_dfflr.qout_r	u_eI_cpu.u_eJ_core.u_eK_ifu.u_eL_ifu_iftMicb.u_eN_ifetch_rsp_bypbuf.u_bypbuf_fifo.dp_gtO.fifo_rf[P].fifo_rf_dffl.qout_r[Q]	-0.249600	0.027186
u_eI_cpu.u_eJ_core.u_eK_ifu.u_eL_ifu_ifetch.ifu_hi_ir_dfflr.qout_r[M]	u_eI_cpu.u_eJ_core.u_eK_exu.u_eL_exu_oitf.oitf_entries[M].vld_dfflrs.qout_r	-0.249400	-0.078796
u_eI_cpu.u_eJ_core.u_eK_exu.u_eL_exu_csr.mie_dfflr.qout_r[M]	u_eI_cpu.u_eJ_itcm_ctrl.u_sram_icb_ctrl.u_byp_icb_cmd_buf.u_bypbuf_fifo.dp_gtK.fifo_rf[L].fifo_rf_dffl.qout_r[M]	-0.248700	-0.102965
u_eI_cpu.u_eJ_core.u_eK_ifu.u_eL_ifu_ifetch.ifu_hi_ir_dfflr.qout_r[M]	u_eI_cpu.u_eJ_core.u_eK_exu.u_eL_exu_alu.u_eM_exu_alu_muldiv.muldiv_state_dfflr.qout_r[N]	-0.248500	-0.065730
u_eI_cpu.u_eJ_core.u_eK_ifu.u_eL_ifu_ifetch.ifu_hi_ir_dfflr.qout_r[M]	u_eI_cpu.u_eJ_core.u_eK_exu.u_eL_exu_csr.mscratch_dfflr.qout_r[M]	-0.247900	0.098357
u_eI_cpu.u_eJ_core.u_eK_exu.u_eL_exu_oitf.depth_gtM.ret_ptr_flg_dfflrs.qout_r	u_eI_cpu.u_eJ_core.u_eK_biu.u_sirv_gnrl_icb_buffer.u_sirv_gnrl_cmd_fifo.dp_gtL.vec_M_dfflrs.qout_r	-0.247500	-0.089928
u_eI_cpu.u_eJ_core.u_eK_exu.u_eL_exu_oitf.depth_gtM.alc_ptr_flg_dfflrs.qout_r	u_eI_cpu.u_eJ_core.u_eK_biu.u_sirv_gnrl_icb_buffer.u_sirv_gnrl_cmd_fifo.dp_gtL.vec_M_dfflrs.qout_r	-0.247400	-0.087575
u_eI_cpu.u_eJ_core.u_eK_exu.u_eL_exu_oitf.depth_gtM.ret_ptr_dfflrs.qout_r	u_eI_cpu.u_eJ_core.u_eK_biu.u_sirv_gnrl_icb_buffer.u_sirv_gnrl_cmd_fifo.dp_gtL.fifo_rf[M].fifo_rf_dffl.qout_r[N]	-0.247300	-0.100966
u_eI_cpu.u_eJ_core.u_eK_exu.u_eL_exu_alu.u_eM_exu_alu_dpath.sbf_N_dffl.qout_r[O]	cmt_dcause_ena	-0.247200	-0.383125
u_eI_cpu.u_eJ_core.u_eK_ifu.u_eL_ifu_ifetch.ir_muldiv_bMb_dfflr.qout_r	core_wfi	-0.247200	-0.481336
u_eI_cpu.u_eJ_core.u_eK_ifu.u_eL_ifu_ifetch.ifu_lo_ir_dfflr.qout_r[M]	u_eI_cpu.u_eJ_core.u_eK_exu.u_eL_exu_alu.u_eM_exu_alu_lsuagu.unalgn_flg_dffl.qout_r	-0.247000	0.019793
u_eI_cpu.u_eJ_core.u_eK_ifu.u_eL_ifu_ifetch.ifu_err_dfflr.qout_r	u_eI_cpu.u_eJ_core.u_eK_ifu.u_eL_ifu_iftMicb.icbNmem_dfflr.qout_r	-0.246600	0.075068
u_eI_cpu.u_eJ_core.u_eK_ifu.u_eL_ifu_ifetch.ifu_hi_ir_dfflr.qout_r[M]	u_eI_cpu.u_eJ_dtcm_ctrl.u_dtcm_icb_arbt.arbt_num_gt_K_gen.dp_L.u_sirv_gnrl_rspid_fifo.dp_gt_M.vld_dfflr.qout_r	-0.246200	0.121723
u_eI_cpu.u_eJ_core.u_eK_exu.u_eL_exu_regfile.regfile[M].rfnoN.rf_dffl.qout_r[O]	u_eI_cpu.u_eJ_itcm_ctrl.u_sram_icb_ctrl.u_byp_icb_cmd_buf.u_bypbuf_fifo.dp_gtK.fifo_rf[L].fifo_rf_dffl.qout_r[M]	-0.245800	-0.119438
u_eI_cpu.u_eJ_core.u_eK_ifu.u_eL_ifu_ifetch.ir_rsMidx_dfflr.qout_r[N]	u_eI_cpu.u_eJ_core.u_eK_exu.u_eL_exu_csr.badaddr_dfflr.qout_r[M]	-0.244900	-0.027311
u_eI_cpu.u_eJ_core.u_eK_exu.u_eL_exu_oitf.depth_gtM.ret_ptr_flg_dfflrs.qout_r	u_eI_cpu.u_eJ_core.u_eK_biu.u_sirv_gnrl_icb_buffer.u_sirv_gnrl_cmd_fifo.dp_gtL.vec_M_dfflr.qout_r	-0.244500	-0.083987
u_eI_cpu.u_eJ_core.u_eK_exu.u_eL_exu_oitf.depth_gtM.alc_ptr_flg_dfflrs.qout_r	u_eI_cpu.u_eJ_core.u_eK_biu.u_sirv_gnrl_icb_buffer.u_sirv_gnrl_cmd_fifo.dp_gtL.vec_M_dfflr.qout_r	-0.244400	-0.081634
u_eI_cpu.u_eJ_core.u_eK_exu.u_eL_exu_oitf.depth_gtM.ret_ptr_flg_dfflrs.qout_r	u_eI_cpu.u_eJ_core.u_eK_ifu.u_eL_ifu_ifetch.ifu_hi_ir_dfflr.qout_r[M]	-0.244000	-0.054545
u_eI_cpu.u_eJ_core.u_eK_exu.u_eL_exu_oitf.depth_gtM.alc_ptr_flg_dfflrs.qout_r	u_eI_cpu.u_eJ_core.u_eK_ifu.u_eL_ifu_ifetch.ifu_hi_ir_dfflr.qout_r[M]	-0.243900	-0.052192
u_eI_cpu.u_eJ_core.u_eK_ifu.u_eL_ifu_ifetch.ifu_hi_ir_dfflr.qout_r[M]	u_eI_cpu.u_eJ_core.u_eK_exu.u_eL_exu_oitf.depth_gtM.alc_ptr_dfflrs.qout_r	-0.243100	-0.088584
u_eI_cpu.u_eJ_core.u_eK_ifu.u_eL_ifu_ifetch.ifu_lo_ir_dfflr.qout_r[M]	u_eI_cpu.u_eJ_core.u_eK_lsu.u_eL_lsu_ctrl.excl_addr_dffl.qout_r[M]	-0.243100	0.050483
u_eI_cpu.u_eJ_core.u_eK_lsu.u_eL_lsu_ctrl.u_eM_lsu_splt_stage.dp_gt_N.vld_dfflr.qout_r	u_eI_cpu.u_eJ_core.u_eK_ifu.u_eL_ifu_iftMicb.leftover_dffl.qout_r[N]	-0.242800	-0.108757
u_eI_cpu.u_eJ_core.u_eK_ifu.u_eL_ifu_ifetch.ifu_hi_ir_dfflr.qout_r[M]	u_eI_cpu.u_eJ_core.u_eK_exu.u_eL_exu_alu.u_eM_exu_alu_muldiv.part_prdt_sftN_dfflr.qout_r	-0.240700	-0.121757
u_eI_cpu.u_eJ_core.u_eK_exu.u_eL_exu_alu.u_eM_exu_alu_lsuagu.icb_state_dfflr.qout_r[N]	u_eI_cpu.u_eJ_core.u_eK_ifu.u_eL_ifu_iftMicb.icb_addr_N_O_dffl.qout_r[P]	-0.240600	-0.065573
u_eI_cpu.u_eJ_core.u_eK_ifu.u_eL_ifu_ifetch.ifu_err_dfflr.qout_r	u_eI_cpu.u_eJ_core.u_eK_ifu.u_eL_ifu_ifetch.pc_newpend_dfflr.qout_r	-0.240000	0.045678
u_eI_cpu.u_eJ_core.u_eK_exu.u_eL_exu_oitf.depth_gtM.ret_ptr_dfflrs.qout_r	u_eI_cpu.u_eJ_core.u_eK_ifu.u_eL_ifu_iftMicb.leftover_dffl.qout_r[N]	-0.239800	-0.092486
u_eI_cpu.u_eJ_core.u_eK_exu.u_eL_exu_oitf.depth_gtM.ret_ptr_flg_dfflrs.qout_r	u_eI_cpu.u_eJ_core.u_eK_ifu.u_eL_ifu_iftMicb.u_eN_ifetch_rsp_bypbuf.u_bypbuf_fifo.dp_gtO.vec_P_dfflrs.qout_r	-0.238700	-0.068616
u_eI_cpu.u_eJ_core.u_eK_exu.u_eL_exu_oitf.depth_gtM.alc_ptr_flg_dfflrs.qout_r	u_eI_cpu.u_eJ_core.u_eK_ifu.u_eL_ifu_iftMicb.u_eN_ifetch_rsp_bypbuf.u_bypbuf_fifo.dp_gtO.vec_P_dfflrs.qout_r	-0.238500	-0.066263
u_eI_cpu.u_eJ_core.u_eK_lsu.u_eL_lsu_ctrl.u_eM_lsu_splt_stage.dp_gt_N.vld_dfflr.qout_r	u_eI_cpu.u_eJ_core.u_eK_biu.u_sirv_gnrl_icb_buffer.u_sirv_gnrl_cmd_fifo.dp_gtL.vec_M_dfflrs.qout_r	-0.236800	-0.105421
u_eI_cpu.u_eJ_core.u_eK_ifu.u_eL_ifu_ifetch.ifu_err_dfflr.qout_r	u_eI_cpu.u_eJ_core.u_eK_ifu.u_eL_ifu_iftMicb.icbNitcm_dfflr.qout_r	-0.236800	0.087934
u_eI_cpu.u_eJ_core.u_eK_exu.u_eL_exu_alu.u_eM_exu_alu_lsuagu.icb_state_dfflr.qout_r[N]	u_eI_cpu.u_eJ_core.u_eK_ifu.u_eL_ifu_iftMicb.req_lane_cross_dfflr.qout_r	-0.235700	-0.047619
u_eI_cpu.u_eJ_core.u_eK_exu.u_eL_exu_alu.u_eM_exu_alu_lsuagu.icb_state_dfflr.qout_r[N]	u_eI_cpu.u_eJ_core.u_eK_ifu.u_eL_ifu_iftMicb.req_need_Nuop_dfflr.qout_r	-0.235700	-0.032611
u_eI_cpu.u_eJ_core.u_eK_exu.u_eL_exu_alu.u_eM_exu_alu_lsuagu.icb_state_dfflr.qout_r[N]	u_eI_cpu.u_eJ_core.u_eK_ifu.u_eL_ifu_iftMicb.req_same_cross_holdup_dfflr.qout_r	-0.235700	-0.020072
u_eI_cpu.u_eJ_core.u_eK_exu.u_eL_exu_csr.mie_dfflr.qout_r[M]	u_eI_cpu.u_eJ_core.u_eK_biu.u_sirv_gnrl_icb_buffer.u_sirv_gnrl_cmd_fifo.dp_gtL.fifo_rf[M].fifo_rf_dffl.qout_r[N]	-0.235200	-0.127187
u_eI_cpu.u_eJ_core.u_eK_ifu.u_eL_ifu_ifetch.ifu_hi_ir_dfflr.qout_r[M]	u_eI_cpu.u_eJ_core.u_eK_exu.u_eL_exu_alu.u_eM_exu_alu_lsuagu.icb_state_dfflr.qout_r[N]	-0.234800	-0.051265
u_eI_cpu.u_eJ_core.u_eK_exu.u_eL_exu_oitf.depth_gtM.ret_ptr_flg_dfflrs.qout_r	u_eI_cpu.u_eJ_core.u_eK_biu.u_biu_icb_arbt.arbt_num_gt_L_gen.dp_M.u_sirv_gnrl_rspid_fifo.dp_gt_N.dat_dfflr.qout_r	-0.234800	-0.078722
u_eI_cpu.u_eJ_core.u_eK_exu.u_eL_exu_oitf.depth_gtM.alc_ptr_flg_dfflrs.qout_r	u_eI_cpu.u_eJ_core.u_eK_biu.u_biu_icb_arbt.arbt_num_gt_L_gen.dp_M.u_sirv_gnrl_rspid_fifo.dp_gt_N.dat_dfflr.qout_r	-0.234600	-0.076369
u_eI_cpu.u_eJ_core.u_eK_ifu.u_eL_ifu_ifetch.ifu_err_dfflr.qout_r	u_eI_cpu.u_eJ_core.u_eK_ifu.u_eL_ifu_iftMicb.leftover_err_dfflr.qout_r	-0.234600	0.023634
u_eI_cpu.u_eJ_core.u_eK_exu.u_eL_exu_oitf.depth_gtM.ret_ptr_dfflrs.qout_r	u_eI_cpu.u_eJ_core.u_eK_biu.u_sirv_gnrl_icb_buffer.u_sirv_gnrl_cmd_fifo.dp_gtL.vec_M_dfflrs.qout_r	-0.233900	-0.089150
u_eI_cpu.u_eJ_core.u_eK_lsu.u_eL_lsu_ctrl.u_eM_lsu_splt_stage.dp_gt_N.vld_dfflr.qout_r	u_eI_cpu.u_eJ_core.u_eK_biu.u_sirv_gnrl_icb_buffer.u_sirv_gnrl_cmd_fifo.dp_gtL.vec_M_dfflr.qout_r	-0.233800	-0.099480
u_eI_cpu.u_eJ_core.u_eK_exu.u_eL_exu_oitf.depth_gtM.ret_ptr_flg_dfflrs.qout_r	u_eI_cpu.u_eJ_core.u_eK_ifu.u_eL_ifu_ifetch.ir_rsMidx_dfflr.qout_r[N]	-0.233500	-0.066724
u_eI_cpu.u_eJ_core.u_eK_exu.u_eL_exu_oitf.depth_gtM.alc_ptr_flg_dfflrs.qout_r	u_eI_cpu.u_eJ_core.u_eK_ifu.u_eL_ifu_ifetch.ir_rsMidx_dfflr.qout_r[N]	-0.233300	-0.064371
u_eI_cpu.u_eJ_core.u_eK_ifu.u_eL_ifu_ifetch.ifu_hi_ir_dfflr.qout_r[M]	u_eI_cpu.u_eJ_itcm_ctrl.u_itcm_icb_lsuKitcm_nLw.fifo_dp_M.u_sirv_gnrl_nNw_fifo.dp_gt_O.dat_dfflr.qout_r	-0.233300	0.011870
u_eI_cpu.u_eJ_core.u_eK_lsu.u_eL_lsu_ctrl.u_eM_lsu_splt_stage.dp_gt_N.vld_dfflr.qout_r	u_eI_cpu.u_eJ_core.u_eK_ifu.u_eL_ifu_ifetch.ifu_hi_ir_dfflr.qout_r[M]	-0.233300	-0.070038
u_eI_cpu.u_eJ_core.u_eK_exu.u_eL_exu_regfile.regfile[M].rfnoN.rf_dffl.qout_r[O]	u_eI_cpu.u_eJ_core.u_eK_biu.u_sirv_gnrl_icb_buffer.u_sirv_gnrl_cmd_fifo.dp_gtL.fifo_rf[M].fifo_rf_dffl.qout_r[N]	-0.232300	-0.143660
u_eI_cpu.u_eJ_core.u_eK_exu.u_eL_exu_oitf.depth_gtM.ret_ptr_flg_dfflrs.qout_r	u_eI_cpu.u_eJ_core.u_eK_ifu.u_eL_ifu_ifetch.pc_dfflr.qout_r[M]	-0.232200	-0.106360
u_eI_cpu.u_eJ_core.u_eK_exu.u_eL_exu_oitf.depth_gtM.alc_ptr_flg_dfflrs.qout_r	u_eI_cpu.u_eJ_core.u_eK_ifu.u_eL_ifu_ifetch.pc_dfflr.qout_r[M]	-0.232100	-0.104007
u_eI_cpu.u_eJ_core.u_eK_ifu.u_eL_ifu_ifetch.ifu_hi_ir_dfflr.qout_r[M]	u_eI_cpu.u_eJ_core.u_eK_exu.u_eL_exu_csr.mcycleh_dfflr.qout_r[M]	-0.231300	0.065712
u_eI_cpu.u_eJ_core.u_eK_ifu.u_eL_ifu_ifetch.ifu_err_dfflr.qout_r	u_eI_cpu.u_eJ_core.u_eK_ifu.u_eL_ifu_ifetch.ifu_lo_ir_dfflr.qout_r[M]	-0.230800	0.038267
u_eI_cpu.u_eJ_core.u_eK_ifu.u_eL_ifu_ifetch.ifu_err_dfflr.qout_r	u_eI_cpu.u_eJ_core.u_eK_ifu.u_eL_ifu_ifetch.ifu_err_dfflr.qout_r	-0.230800	0.043140
u_eI_cpu.u_eJ_core.u_eK_exu.u_eL_exu_oitf.depth_gtM.ret_ptr_dfflrs.qout_r	u_eI_cpu.u_eJ_core.u_eK_biu.u_sirv_gnrl_icb_buffer.u_sirv_gnrl_cmd_fifo.dp_gtL.vec_M_dfflr.qout_r	-0.230800	-0.083210
u_eI_cpu.u_eJ_core.u_eK_ifu.u_eL_ifu_ifetch.ifu_err_dfflr.qout_r	u_eI_cpu.u_eJ_core.u_eK_ifu.u_eL_ifu_ifetch.ifu_prdt_taken_dfflr.qout_r	-0.230800	0.085898
u_eI_cpu.u_eJ_core.u_eK_exu.u_eL_exu_alu.u_eM_exu_alu_lsuagu.icb_state_dfflr.qout_r[N]	u_eI_cpu.u_eJ_core.u_eK_ifu.u_eL_ifu_iftMicb.u_eN_ifetch_rsp_bypbuf.u_bypbuf_fifo.dp_gtO.fifo_rf[P].fifo_rf_dffl.qout_r[Q]	-0.230400	-0.088020
u_eI_cpu.u_eJ_core.u_eK_exu.u_eL_exu_oitf.depth_gtM.ret_ptr_dfflrs.qout_r	u_eI_cpu.u_eJ_core.u_eK_ifu.u_eL_ifu_ifetch.ifu_hi_ir_dfflr.qout_r[M]	-0.230300	-0.053767
u_eI_cpu.u_eJ_core.u_eK_exu.u_eL_exu_alu.u_eM_exu_alu_dpath.sbf_N_dffl.qout_r[O]	core_wfi	-0.230100	-0.343336
u_eI_cpu.u_eJ_core.u_eK_ifu.u_eL_ifu_ifetch.ifu_err_dfflr.qout_r	u_eI_cpu.u_eJ_core.u_eK_ifu.u_eL_ifu_iftMicb.icb_state_dfflr.qout_r[N]	-0.228900	0.111200
u_eI_cpu.u_eJ_core.u_eK_lsu.u_eL_lsu_ctrl.u_eM_lsu_splt_stage.dp_gt_N.vld_dfflr.qout_r	u_eI_cpu.u_eJ_core.u_eK_ifu.u_eL_ifu_iftMicb.u_eN_ifetch_rsp_bypbuf.u_bypbuf_fifo.dp_gtO.vec_P_dfflrs.qout_r	-0.227900	-0.084109
u_eI_cpu.u_eJ_core.u_eK_exu.u_eL_exu_csr.mie_dfflr.qout_r[M]	u_eI_cpu.u_eJ_core.u_eK_ifu.u_eL_ifu_iftMicb.leftover_dffl.qout_r[N]	-0.227700	-0.118707
u_eI_cpu.u_eJ_core.u_eK_ifu.u_eL_ifu_ifetch.ifu_err_dfflr.qout_r	u_eI_cpu.u_eJ_itcm_ctrl.u_sram_icb_ctrl.u_byp_icb_cmd_buf.u_bypbuf_fifo.dp_gtK.vec_L_dfflr.qout_r	-0.227500	0.078332
u_eI_cpu.u_eJ_core.u_eK_exu.u_eL_exu_alu.u_eM_exu_alu_lsuagu.icb_state_dfflr.qout_r[N]	u_eI_cpu.u_eJ_core.u_eK_ifu.u_eL_ifu_iftMicb.icbNmem_dfflr.qout_r	-0.227400	-0.040139
u_eI_cpu.u_eJ_itcm_ctrl.u_sram_icb_ctrl.u_sirv_Kcyc_sram_ctrl.u_eL_stage.dp_gt_M.vld_dfflr.qout_r	u_eI_cpu.u_eJ_itcm_ctrl.u_sram_icb_ctrl.u_byp_icb_cmd_buf.u_bypbuf_fifo.dp_gtK.fifo_rf[L].fifo_rf_dffl.qout_r[M]	-0.226500	-0.063700
u_eI_cpu.u_eJ_core.u_eK_ifu.u_eL_ifu_ifetch.ir_rsMidx_dfflr.qout_r[N]	u_eI_cpu.u_eJ_itcm_ctrl.u_itcm_icb_extKitcm_nLw.fifo_dp_M.u_sirv_gnrl_nNw_fifo.dp_gt_O.dat_dfflr.qout_r	-0.226000	-0.042684
u_eI_cpu.u_eJ_core.u_eK_exu.u_eL_exu_oitf.depth_gtM.ret_ptr_dfflrs.qout_r	u_eI_cpu.u_eJ_core.u_eK_ifu.u_eL_ifu_iftMicb.u_eN_ifetch_rsp_bypbuf.u_bypbuf_fifo.dp_gtO.vec_P_dfflrs.qout_r	-0.225000	-0.067838
u_eI_cpu.u_eJ_core.u_eK_exu.u_eL_exu_regfile.regfile[M].rfnoN.rf_dffl.qout_r[O]	u_eI_cpu.u_eJ_core.u_eK_ifu.u_eL_ifu_iftMicb.leftover_dffl.qout_r[N]	-0.224800	-0.135180
u_eI_cpu.u_eJ_core.u_eK_lsu.u_eL_lsu_ctrl.u_eM_lsu_splt_stage.dp_gt_N.vld_dfflr.qout_r	u_eI_cpu.u_eJ_core.u_eK_biu.u_biu_icb_arbt.arbt_num_gt_L_gen.dp_M.u_sirv_gnrl_rspid_fifo.dp_gt_N.dat_dfflr.qout_r	-0.224000	-0.094215
u_eI_cpu.u_eJ_itcm_ctrl.u_itcm_icb_arbt.arbt_num_gt_K_gen.dp_L.u_sirv_gnrl_rspid_fifo.dp_gt_M.vld_dfflr.qout_r	u_eI_cpu.u_eJ_itcm_ctrl.u_sram_icb_ctrl.u_byp_icb_cmd_buf.u_bypbuf_fifo.dp_gtK.fifo_rf[L].fifo_rf_dffl.qout_r[M]	-0.224000	-0.061905
u_eI_cpu.u_eJ_core.u_eK_lsu.u_eL_lsu_ctrl.u_eM_lsu_splt_stage.dp_gt_N.vld_dfflr.qout_r	u_eI_cpu.u_eJ_core.u_eK_ifu.u_eL_ifu_ifetch.ir_rsMidx_dfflr.qout_r[N]	-0.222700	-0.082218
u_eI_cpu.u_eJ_core.u_eK_ifu.u_eL_ifu_ifetch.ifu_err_dfflr.qout_r	u_eI_srams.u_eJ_itcm_ram.u_eK_itcm_gnrl_ram.u_sirv_sim_ram.mem_r[L][M]	-0.222300	0.065913
u_eI_cpu.u_eJ_core.u_eK_ifu.u_eL_ifu_ifetch.ir_rsMidx_dfflr.qout_r[N]	u_eI_cpu.u_eJ_dtcm_ctrl.u_sram_icb_ctrl.u_byp_icb_cmd_buf.u_bypbuf_fifo.dp_gtK.vec_L_dfflr.qout_r	-0.222200	0.053630
u_eI_cpu.u_eJ_core.u_eK_exu.u_eL_exu_oitf.depth_gtM.ret_ptr_flg_dfflrs.qout_r	u_eI_cpu.u_eJ_core.u_eK_ifu.u_eL_ifu_iftMicb.icb_addr_N_O_dffl.qout_r[P]	-0.222000	-0.063874
u_eI_cpu.u_eJ_core.u_eK_exu.u_eL_exu_oitf.depth_gtM.alc_ptr_flg_dfflrs.qout_r	u_eI_cpu.u_eJ_core.u_eK_ifu.u_eL_ifu_iftMicb.icb_addr_N_O_dffl.qout_r[P]	-0.221900	-0.061522
u_eI_cpu.u_eJ_core.u_eK_exu.u_eL_exu_csr.mie_dfflr.qout_r[M]	u_eI_cpu.u_eJ_core.u_eK_biu.u_sirv_gnrl_icb_buffer.u_sirv_gnrl_cmd_fifo.dp_gtL.vec_M_dfflrs.qout_r	-0.221700	-0.115371
u_eI_cpu.u_eJ_core.u_eK_exu.u_eL_exu_oitf.depth_gtM.alc_ptr_dfflrs.qout_r	u_eI_cpu.u_eJ_itcm_ctrl.u_sram_icb_ctrl.u_byp_icb_cmd_buf.u_bypbuf_fifo.dp_gtK.fifo_rf[L].fifo_rf_dffl.qout_r[M]	-0.221500	-0.055094
u_eI_cpu.u_eJ_core.u_eK_lsu.u_eL_lsu_ctrl.u_eM_lsu_splt_stage.dp_gt_N.dat_dfflr.qout_r[O]	u_eI_cpu.u_eJ_itcm_ctrl.u_sram_icb_ctrl.u_byp_icb_cmd_buf.u_bypbuf_fifo.dp_gtK.fifo_rf[L].fifo_rf_dffl.qout_r[M]	-0.221500	-0.066954
u_eI_cpu.u_eJ_core.u_eK_lsu.u_eL_lsu_ctrl.u_eM_lsu_splt_stage.dp_gt_N.vld_dfflr.qout_r	u_eI_cpu.u_eJ_core.u_eK_ifu.u_eL_ifu_ifetch.pc_dfflr.qout_r[M]	-0.221500	-0.121853
u_eI_cpu.u_eJ_core.u_eK_exu.u_eL_exu_alu.u_eM_exu_alu_dpath.sbf_N_dffl.qout_r[O]	cmt_dcause_ena	-0.221300	-0.328179
u_eI_cpu.u_eJ_core.u_eK_exu.u_eL_exu_oitf.depth_gtM.ret_ptr_dfflrs.qout_r	u_eI_cpu.u_eJ_core.u_eK_biu.u_biu_icb_arbt.arbt_num_gt_L_gen.dp_M.u_sirv_gnrl_rspid_fifo.dp_gt_N.dat_dfflr.qout_r	-0.221100	-0.077945
u_eI_cpu.u_eJ_core.u_eK_ifu.u_eL_ifu_ifetch.ifu_err_dfflr.qout_r	u_eI_cpu.u_eJ_core.u_eK_biu.u_biu_icb_arbt.arbt_num_gt_L_gen.dp_M.u_sirv_gnrl_rspid_fifo.dp_gt_N.vld_dfflr.qout_r	-0.220900	0.032444
u_eI_cpu.u_eJ_core.u_eK_exu.u_eL_exu_alu.u_eM_exu_alu_lsuagu.icb_state_dfflr.qout_r[N]	u_eI_cpu.u_eJ_core.u_eK_ifu.u_eL_ifu_ifetch.pc_newpend_dfflr.qout_r	-0.220800	-0.069528
u_eI_cpu.u_eJ_irq_sync.master_gen.u_tmr_irq_sync.sync_gen[K].i_is_not_L.sync_dffr.qout_r	u_eI_cpu.u_eJ_itcm_ctrl.u_sram_icb_ctrl.u_byp_icb_cmd_buf.u_bypbuf_fifo.dp_gtK.fifo_rf[L].fifo_rf_dffl.qout_r[M]	-0.220300	-0.116992
u_eI_cpu.u_eJ_core.u_eK_exu.u_eL_exu_oitf.depth_gtM.ret_ptr_dfflrs.qout_r	u_eI_cpu.u_eJ_core.u_eK_ifu.u_eL_ifu_ifetch.ir_rsMidx_dfflr.qout_r[N]	-0.219800	-0.065947
u_eI_cpu.u_eJ_core.u_eK_ifu.u_eL_ifu_ifetch.ifu_hi_ir_dfflr.qout_r[M]	u_eI_cpu.u_eJ_core.u_eK_exu.u_eL_exu_csr.status_mie_dfflr.qout_r	-0.219400	-0.012861
u_eI_cpu.u_eJ_core.u_eK_exu.u_eL_exu_regfile.regfile[M].rfnoN.rf_dffl.qout_r[O]	u_eI_cpu.u_eJ_core.u_eK_biu.u_sirv_gnrl_icb_buffer.u_sirv_gnrl_cmd_fifo.dp_gtL.vec_M_dfflrs.qout_r	-0.218900	-0.131844
u_eI_cpu.u_eJ_core.u_eK_exu.u_eL_exu_csr.mie_dfflr.qout_r[M]	u_eI_cpu.u_eJ_core.u_eK_biu.u_sirv_gnrl_icb_buffer.u_sirv_gnrl_cmd_fifo.dp_gtL.vec_M_dfflr.qout_r	-0.218700	-0.109430
u_eI_cpu.u_eJ_core.u_eK_exu.u_eL_exu_oitf.depth_gtM.ret_ptr_dfflrs.qout_r	u_eI_cpu.u_eJ_core.u_eK_ifu.u_eL_ifu_ifetch.pc_dfflr.qout_r[M]	-0.218500	-0.105582
u_eI_cpu.u_eJ_core.u_eK_exu.u_eL_exu_csr.mie_dfflr.qout_r[M]	u_eI_cpu.u_eJ_core.u_eK_ifu.u_eL_ifu_ifetch.ifu_hi_ir_dfflr.qout_r[M]	-0.218200	-0.079988
u_eI_cpu.u_eJ_core.u_eK_ifu.u_eL_ifu_ifetch.ifu_hi_ir_dfflr.qout_r[M]	u_eI_cpu.u_eJ_core.u_eK_exu.u_eL_exu_oitf.depth_gtM.alc_ptr_flg_dfflrs.qout_r	-0.218100	-0.113449
u_eI_cpu.u_eJ_core.u_eK_ifu.u_eL_ifu_ifetch.ir_muldiv_bMb_dfflr.qout_r	cmt_dpc_ena	-0.217700	-0.492396
u_eI_cpu.u_eJ_core.u_eK_exu.u_eL_exu_alu.u_eM_exu_alu_lsuagu.icb_state_dfflr.qout_r[N]	u_eI_cpu.u_eJ_core.u_eK_ifu.u_eL_ifu_iftMicb.icbNitcm_dfflr.qout_r	-0.217600	-0.027273
u_eI_cpu.u_eJ_irq_sync.master_gen.u_sft_irq_sync.sync_gen[K].i_is_not_L.sync_dffr.qout_r	u_eI_cpu.u_eJ_itcm_ctrl.u_sram_icb_ctrl.u_byp_icb_cmd_buf.u_bypbuf_fifo.dp_gtK.fifo_rf[L].fifo_rf_dffl.qout_r[M]	-0.217200	-0.107667
u_eI_cpu.u_eJ_core.u_eK_exu.u_eL_exu_oitf.depth_gtM.ret_ptr_flg_dfflrs.qout_r	u_eI_cpu.u_eJ_core.u_eK_ifu.u_eL_ifu_iftMicb.req_lane_cross_dfflr.qout_r	-0.217100	-0.045920
u_eI_cpu.u_eJ_core.u_eK_exu.u_eL_exu_oitf.depth_gtM.ret_ptr_flg_dfflrs.qout_r	u_eI_cpu.u_eJ_core.u_eK_ifu.u_eL_ifu_iftMicb.req_need_Nuop_dfflr.qout_r	-0.217100	-0.030912
u_eI_cpu.u_eJ_core.u_eK_exu.u_eL_exu_oitf.depth_gtM.ret_ptr_flg_dfflrs.qout_r	u_eI_cpu.u_eJ_core.u_eK_ifu.u_eL_ifu_iftMicb.req_same_cross_holdup_dfflr.qout_r	-0.217100	-0.018373
u_eI_cpu.u_eJ_core.u_eK_exu.u_eL_exu_oitf.depth_gtM.alc_ptr_flg_dfflrs.qout_r	u_eI_cpu.u_eJ_core.u_eK_ifu.u_eL_ifu_iftMicb.req_lane_cross_dfflr.qout_r	-0.217000	-0.043567
u_eI_cpu.u_eJ_core.u_eK_exu.u_eL_exu_oitf.depth_gtM.alc_ptr_flg_dfflrs.qout_r	u_eI_cpu.u_eJ_core.u_eK_ifu.u_eL_ifu_iftMicb.req_need_Nuop_dfflr.qout_r	-0.217000	-0.028559
u_eI_cpu.u_eJ_core.u_eK_exu.u_eL_exu_oitf.depth_gtM.alc_ptr_flg_dfflrs.qout_r	u_eI_cpu.u_eJ_core.u_eK_ifu.u_eL_ifu_iftMicb.req_same_cross_holdup_dfflr.qout_r	-0.217000	-0.016021
u_eI_cpu.u_eJ_core.u_eK_exu.u_eL_exu_regfile.regfile[M].rfnoN.rf_dffl.qout_r[O]	u_eI_cpu.u_eJ_core.u_eK_biu.u_sirv_gnrl_icb_buffer.u_sirv_gnrl_cmd_fifo.dp_gtL.vec_M_dfflr.qout_r	-0.215900	-0.125904
u_eI_cpu.u_eJ_core.u_eK_exu.u_eL_exu_alu.u_eM_exu_alu_lsuagu.icb_state_dfflr.qout_r[N]	u_eI_cpu.u_eJ_core.u_eK_ifu.u_eL_ifu_iftMicb.leftover_err_dfflr.qout_r	-0.215400	-0.091572
u_eI_cpu.u_eJ_core.u_eK_exu.u_eL_exu_regfile.regfile[M].rfnoN.rf_dffl.qout_r[O]	u_eI_cpu.u_eJ_core.u_eK_ifu.u_eL_ifu_ifetch.ifu_hi_ir_dfflr.qout_r[M]	-0.215300	-0.096462
u_eI_cpu.u_eJ_core.u_eK_ifu.u_eL_ifu_ifetch.ifu_err_dfflr.qout_r	u_eI_cpu.u_eJ_core.u_eK_ifu.u_eL_ifu_ifetch.out_flag_dfflr.qout_r	-0.215300	0.089413
u_eI_cpu.u_eJ_core.u_eK_ifu.u_eL_ifu_ifetch.ifu_err_dfflr.qout_r	u_eI_srams.u_eJ_dtcm_ram.u_eK_dtcm_gnrl_ram.u_sirv_sim_ram.mem_r[L][M]	-0.213300	0.070534
u_eI_cpu.u_eJ_itcm_ctrl.u_sram_icb_ctrl.u_sirv_Kcyc_sram_ctrl.u_eL_stage.dp_gt_M.vld_dfflr.qout_r	u_eI_cpu.u_eJ_core.u_eK_biu.u_sirv_gnrl_icb_buffer.u_sirv_gnrl_cmd_fifo.dp_gtL.fifo_rf[M].fifo_rf_dffl.qout_r[N]	-0.213000	-0.087922
u_eI_cpu.u_eJ_core.u_eK_exu.u_eL_exu_csr.mie_dfflr.qout_r[M]	u_eI_cpu.u_eJ_core.u_eK_ifu.u_eL_ifu_iftMicb.u_eN_ifetch_rsp_bypbuf.u_bypbuf_fifo.dp_gtO.vec_P_dfflrs.qout_r	-0.212900	-0.094059
u_eI_cpu.u_eJ_irq_sync.master_gen.u_ext_irq_sync.sync_gen[K].i_is_not_L.sync_dffr.qout_r	u_eI_cpu.u_eJ_itcm_ctrl.u_sram_icb_ctrl.u_byp_icb_cmd_buf.u_bypbuf_fifo.dp_gtK.fifo_rf[L].fifo_rf_dffl.qout_r[M]	-0.212200	-0.084698
u_eI_cpu.u_eJ_core.u_eK_exu.u_eL_exu_oitf.depth_gtM.ret_ptr_flg_dfflrs.qout_r	u_eI_cpu.u_eJ_core.u_eK_ifu.u_eL_ifu_iftMicb.u_eN_ifetch_rsp_bypbuf.u_bypbuf_fifo.dp_gtO.fifo_rf[P].fifo_rf_dffl.qout_r[Q]	-0.211800	-0.086321
u_eI_cpu.u_eJ_core.u_eK_exu.u_eL_exu_alu.u_eM_exu_alu_muldiv.part_prdt_sftN_dfflr.qout_r	cmt_dcause[I]	-0.211700	-0.317900
u_eI_cpu.u_eJ_core.u_eK_exu.u_eL_exu_oitf.depth_gtM.alc_ptr_flg_dfflrs.qout_r	u_eI_cpu.u_eJ_core.u_eK_ifu.u_eL_ifu_iftMicb.u_eN_ifetch_rsp_bypbuf.u_bypbuf_fifo.dp_gtO.fifo_rf[P].fifo_rf_dffl.qout_r[Q]	-0.211700	-0.083968
u_eI_cpu.u_eJ_core.u_eK_exu.u_eL_exu_alu.u_eM_exu_alu_lsuagu.icb_state_dfflr.qout_r[N]	u_eI_cpu.u_eJ_core.u_eK_ifu.u_eL_ifu_ifetch.ifu_lo_ir_dfflr.qout_r[M]	-0.211700	-0.076939
u_eI_cpu.u_eJ_core.u_eK_exu.u_eL_exu_alu.u_eM_exu_alu_lsuagu.icb_state_dfflr.qout_r[N]	u_eI_cpu.u_eJ_core.u_eK_ifu.u_eL_ifu_ifetch.ifu_err_dfflr.qout_r	-0.211700	-0.072067
u_eI_cpu.u_eJ_core.u_eK_exu.u_eL_exu_alu.u_eM_exu_alu_lsuagu.icb_state_dfflr.qout_r[N]	u_eI_cpu.u_eJ_core.u_eK_ifu.u_eL_ifu_ifetch.ifu_prdt_taken_dfflr.qout_r	-0.211700	-0.029309
u_eI_cpu.u_eJ_core.u_eK_ifu.u_eL_ifu_ifetch.ifu_err_dfflr.qout_r	u_eI_cpu.u_eJ_core.u_eK_ifu.u_eL_ifu_ifetch.reset_req_dfflr.qout_r	-0.211500	0.124884
u_eI_cpu.u_eJ_core.u_eK_lsu.u_eL_lsu_ctrl.u_eM_lsu_splt_stage.dp_gt_N.vld_dfflr.qout_r	u_eI_cpu.u_eJ_core.u_eK_ifu.u_eL_ifu_iftMicb.icb_addr_N_O_dffl.qout_r[P]	-0.211300	-0.079368
u_eI_cpu.u_eJ_core.u_eK_ifu.u_eL_ifu_ifetch.ifu_hi_ir_dfflr.qout_r[M]	u_eI_cpu.u_eJ_core.u_eK_exu.u_eL_exu_alu.u_eM_exu_nice.u_nice_itag_fifo.dp_gtN.vec_O_dfflr.qout_r[P]	-0.211200	0.169630
u_eI_cpu.u_eJ_itcm_ctrl.u_itcm_icb_arbt.arbt_num_gt_K_gen.dp_L.u_sirv_gnrl_rspid_fifo.dp_gt_M.vld_dfflr.qout_r	u_eI_cpu.u_eJ_core.u_eK_biu.u_sirv_gnrl_icb_buffer.u_sirv_gnrl_cmd_fifo.dp_gtL.fifo_rf[M].fifo_rf_dffl.qout_r[N]	-0.210600	-0.086127
u_eI_cpu.u_eJ_core.u_eK_exu.u_eL_exu_regfile.regfile[M].rfnoN.rf_dffl.qout_r[O]	u_eI_cpu.u_eJ_core.u_eK_ifu.u_eL_ifu_iftMicb.u_eN_ifetch_rsp_bypbuf.u_bypbuf_fifo.dp_gtO.vec_P_dfflrs.qout_r	-0.210000	-0.110532
u_eI_cpu.u_eJ_core.u_eK_exu.u_eL_exu_alu.u_eM_exu_alu_lsuagu.icb_state_dfflr.qout_r[N]	u_eI_cpu.u_eJ_core.u_eK_ifu.u_eL_ifu_iftMicb.icb_state_dfflr.qout_r[N]	-0.209700	-0.004006
u_eI_cpu.u_eJ_core.u_eK_exu.u_eL_exu_csr.mie_dfflr.qout_r[M]	u_eI_cpu.u_eJ_core.u_eK_biu.u_biu_icb_arbt.arbt_num_gt_L_gen.dp_M.u_sirv_gnrl_rspid_fifo.dp_gt_N.dat_dfflr.qout_r	-0.209000	-0.104165
u_eI_cpu.u_eJ_core.u_eK_exu.u_eL_exu_oitf.depth_gtM.ret_ptr_flg_dfflrs.qout_r	u_eI_cpu.u_eJ_core.u_eK_ifu.u_eL_ifu_iftMicb.icbNmem_dfflr.qout_r	-0.208900	-0.038440
u_eI_cpu.u_eJ_core.u_eK_exu.u_eL_exu_oitf.depth_gtM.alc_ptr_flg_dfflrs.qout_r	u_eI_cpu.u_eJ_core.u_eK_ifu.u_eL_ifu_iftMicb.icbNmem_dfflr.qout_r	-0.208700	-0.036087
u_eI_cpu.u_eJ_core.u_eK_ifu.u_eL_ifu_ifetch.ifu_lo_ir_dfflr.qout_r[M]	u_eI_cpu.u_eJ_itcm_ctrl.u_itcm_icb_lsuKitcm_nLw.fifo_dp_M.u_sirv_gnrl_nNw_fifo.dp_gt_O.vld_dfflr.qout_r	-0.208400	0.112155
u_eI_cpu.u_eJ_core.u_eK_exu.u_eL_exu_oitf.depth_gtM.ret_ptr_dfflrs.qout_r	u_eI_cpu.u_eJ_core.u_eK_ifu.u_eL_ifu_iftMicb.icb_addr_N_O_dffl.qout_r[P]	-0.208300	-0.063097
u_eI_cpu.u_eJ_core.u_eK_exu.u_eL_exu_alu.u_eM_exu_alu_lsuagu.icb_state_dfflr.qout_r[N]	u_eI_cpu.u_eJ_itcm_ctrl.u_sram_icb_ctrl.u_byp_icb_cmd_buf.u_bypbuf_fifo.dp_gtK.vec_L_dfflr.qout_r	-0.208300	-0.036875
u_eI_cpu.u_eJ_core.u_eK_exu.u_eL_exu_oitf.depth_gtM.alc_ptr_dfflrs.qout_r	u_eI_cpu.u_eJ_core.u_eK_biu.u_sirv_gnrl_icb_buffer.u_sirv_gnrl_cmd_fifo.dp_gtL.fifo_rf[M].fifo_rf_dffl.qout_r[N]	-0.208000	-0.079316
u_eI_cpu.u_eJ_core.u_eK_lsu.u_eL_lsu_ctrl.u_eM_lsu_splt_stage.dp_gt_N.dat_dfflr.qout_r[O]	u_eI_cpu.u_eJ_core.u_eK_biu.u_sirv_gnrl_icb_buffer.u_sirv_gnrl_cmd_fifo.dp_gtL.fifo_rf[M].fifo_rf_dffl.qout_r[N]	-0.208000	-0.091176
u_eI_cpu.u_eJ_core.u_eK_exu.u_eL_exu_csr.mie_dfflr.qout_r[M]	u_eI_cpu.u_eJ_core.u_eK_ifu.u_eL_ifu_ifetch.ir_rsMidx_dfflr.qout_r[N]	-0.207700	-0.092168
u_eI_cpu.u_eJ_core.u_eK_ifu.u_eL_ifu_ifetch.ir_rsMidx_dfflr.qout_r[N]	u_eI_cpu.u_eJ_core.u_eK_lsu.u_eL_lsu_ctrl.u_eM_lsu_splt_stage.dp_gt_N.dat_dfflr.qout_r[O]	-0.207600	-0.068603
u_eI_cpu.u_eJ_core.u_eK_ifu.u_eL_ifu_ifetch.ifu_err_dfflr.qout_r	u_eI_cpu.u_eJ_core.u_eK_ifu.u_eL_ifu_ifetch.dly_flush_dfflr.qout_r	-0.207500	0.110111
u_eI_cpu.u_eJ_core.u_eK_ifu.u_eL_ifu_ifetch.ifu_hi_ir_dfflr.qout_r[M]	u_eI_cpu.u_eJ_core.u_eK_exu.u_eL_exu_csr.status_mpie_dfflr.qout_r	-0.207000	-0.036816
u_eI_cpu.u_eJ_irq_sync.master_gen.u_tmr_irq_sync.sync_gen[K].i_is_not_L.sync_dffr.qout_r	u_eI_cpu.u_eJ_core.u_eK_biu.u_sirv_gnrl_icb_buffer.u_sirv_gnrl_cmd_fifo.dp_gtL.fifo_rf[M].fifo_rf_dffl.qout_r[N]	-0.206800	-0.141214
u_eI_cpu.u_eJ_core.u_eK_ifu.u_eL_ifu_ifetch.ifu_hi_ir_dfflr.qout_r[M]	u_eI_cpu.u_eJ_itcm_ctrl.u_itcm_icb_arbt.arbt_num_gt_K_gen.dp_L.u_sirv_gnrl_rspid_fifo.dp_gt_M.vld_dfflr.qout_r	-0.206800	0.060748
u_eI_cpu.u_eJ_core.u_eK_exu.u_eL_exu_csr.mie_dfflr.qout_r[M]	u_eI_cpu.u_eJ_core.u_eK_ifu.u_eL_ifu_ifetch.pc_dfflr.qout_r[M]	-0.206400	-0.131803
u_eI_cpu.u_eJ_core.u_eK_lsu.u_eL_lsu_ctrl.u_eM_lsu_splt_stage.dp_gt_N.vld_dfflr.qout_r	u_eI_cpu.u_eJ_core.u_eK_ifu.u_eL_ifu_iftMicb.req_lane_cross_dfflr.qout_r	-0.206400	-0.061414
u_eI_cpu.u_eJ_core.u_eK_lsu.u_eL_lsu_ctrl.u_eM_lsu_splt_stage.dp_gt_N.vld_dfflr.qout_r	u_eI_cpu.u_eJ_core.u_eK_ifu.u_eL_ifu_iftMicb.req_need_Nuop_dfflr.qout_r	-0.206400	-0.046406
u_eI_cpu.u_eJ_core.u_eK_lsu.u_eL_lsu_ctrl.u_eM_lsu_splt_stage.dp_gt_N.vld_dfflr.qout_r	u_eI_cpu.u_eJ_core.u_eK_ifu.u_eL_ifu_iftMicb.req_same_cross_holdup_dfflr.qout_r	-0.206400	-0.033867
u_eI_cpu.u_eJ_core.u_eK_exu.u_eL_exu_regfile.regfile[M].rfnoN.rf_dffl.qout_r[O]	u_eI_cpu.u_eJ_core.u_eK_biu.u_biu_icb_arbt.arbt_num_gt_L_gen.dp_M.u_sirv_gnrl_rspid_fifo.dp_gt_N.dat_dfflr.qout_r	-0.206100	-0.120638
u_eI_cpu.u_eJ_core.u_eK_exu.u_eL_exu_alu.u_eM_exu_alu_muldiv.muldiv_state_dfflr.qout_r[N]	u_eI_cpu.u_eJ_itcm_ctrl.u_sram_icb_ctrl.u_byp_icb_cmd_buf.u_bypbuf_fifo.dp_gtK.fifo_rf[L].fifo_rf_dffl.qout_r[M]	-0.206000	0.139218
u_eI_cpu.u_eJ_core.u_eK_ifu.u_eL_ifu_ifetch.ifu_err_dfflr.qout_r	u_eI_cpu.u_eJ_core.u_eK_exu.u_eL_exu_csr.minstreth_dfflr.qout_r[M]	-0.205900	0.167719
u_eI_cpu.u_eJ_itcm_ctrl.u_sram_icb_ctrl.u_sirv_Kcyc_sram_ctrl.u_eL_stage.dp_gt_M.vld_dfflr.qout_r	u_eI_cpu.u_eJ_core.u_eK_ifu.u_eL_ifu_iftMicb.leftover_dffl.qout_r[N]	-0.205500	-0.079442
u_eI_cpu.u_eJ_core.u_eK_exu.u_eL_exu_regfile.regfile[M].rfnoN.rf_dffl.qout_r[O]	u_eI_cpu.u_eJ_core.u_eK_ifu.u_eL_ifu_ifetch.ir_rsMidx_dfflr.qout_r[N]	-0.204800	-0.108641
u_eI_cpu.u_eJ_dtcm_ctrl.u_dtcm_icb_arbt.arbt_num_gt_K_gen.dp_L.u_sirv_gnrl_rspid_fifo.dp_gt_M.vld_dfflr.qout_r	u_eI_cpu.u_eJ_itcm_ctrl.u_sram_icb_ctrl.u_byp_icb_cmd_buf.u_bypbuf_fifo.dp_gtK.fifo_rf[L].fifo_rf_dffl.qout_r[M]	-0.204600	-0.074726
u_eI_cpu.u_eJ_core.u_eK_biu.u_biu_icb_arbt.arbt_num_gt_L_gen.dp_M.u_sirv_gnrl_rspid_fifo.dp_gt_N.vld_dfflr.qout_r	u_eI_cpu.u_eJ_itcm_ctrl.u_sram_icb_ctrl.u_byp_icb_cmd_buf.u_bypbuf_fifo.dp_gtK.fifo_rf[L].fifo_rf_dffl.qout_r[M]	-0.204300	-0.074923
u_eI_cpu.u_eJ_core.u_eK_exu.u_eL_exu_alu.u_eM_exu_alu_dpath.sbf_N_dffl.qout_r[O]	core_wfi	-0.204200	-0.288390
u_eI_cpu.u_eJ_core.u_eK_lsu.u_eL_lsu_ctrl.u_lsu_icb_arbt.arbt_num_gt_M_gen.dp_N.u_sirv_gnrl_rspid_fifo.dp_gt_O.vld_dfflr.qout_r	u_eI_cpu.u_eJ_itcm_ctrl.u_sram_icb_ctrl.u_byp_icb_cmd_buf.u_bypbuf_fifo.dp_gtK.fifo_rf[L].fifo_rf_dffl.qout_r[M]	-0.204200	-0.016698
u_eI_cpu.u_eJ_dtcm_ctrl.u_sram_icb_ctrl.u_sirv_Kcyc_sram_ctrl.u_eL_stage.dp_gt_M.vld_dfflr.qout_r	u_eI_cpu.u_eJ_itcm_ctrl.u_sram_icb_ctrl.u_byp_icb_cmd_buf.u_bypbuf_fifo.dp_gtK.fifo_rf[L].fifo_rf_dffl.qout_r[M]	-0.203900	-0.073754
u_eI_cpu.u_eJ_irq_sync.master_gen.u_sft_irq_sync.sync_gen[K].i_is_not_L.sync_dffr.qout_r	u_eI_cpu.u_eJ_core.u_eK_biu.u_sirv_gnrl_icb_buffer.u_sirv_gnrl_cmd_fifo.dp_gtL.fifo_rf[M].fifo_rf_dffl.qout_r[N]	-0.203800	-0.131890
u_eI_cpu.u_eJ_core.u_eK_exu.u_eL_exu_regfile.regfile[M].rfnoN.rf_dffl.qout_r[O]	u_eI_cpu.u_eJ_core.u_eK_ifu.u_eL_ifu_ifetch.pc_dfflr.qout_r[M]	-0.203500	-0.148277
u_eI_cpu.u_eJ_core.u_eK_ifu.u_eL_ifu_ifetch.ifu_hi_ir_dfflr.qout_r[M]	u_eI_cpu.u_eJ_core.u_eK_exu.u_eL_exu_alu.u_eM_exu_alu_lsuagu.unalgn_flg_dffl.qout_r	-0.203500	0.030048
u_eI_cpu.u_eJ_core.u_eK_exu.u_eL_exu_oitf.depth_gtM.ret_ptr_dfflrs.qout_r	u_eI_cpu.u_eJ_core.u_eK_ifu.u_eL_ifu_iftMicb.req_lane_cross_dfflr.qout_r	-0.203400	-0.045143
u_eI_cpu.u_eJ_core.u_eK_exu.u_eL_exu_oitf.depth_gtM.ret_ptr_dfflrs.qout_r	u_eI_cpu.u_eJ_core.u_eK_ifu.u_eL_ifu_iftMicb.req_need_Nuop_dfflr.qout_r	-0.203400	-0.030135
u_eI_cpu.u_eJ_core.u_eK_exu.u_eL_exu_oitf.depth_gtM.ret_ptr_dfflrs.qout_r	u_eI_cpu.u_eJ_core.u_eK_ifu.u_eL_ifu_iftMicb.req_same_cross_holdup_dfflr.qout_r	-0.203400	-0.017596
u_eI_cpu.u_eJ_core.u_eK_exu.u_eL_exu_alu.u_eM_exu_alu_lsuagu.icb_state_dfflr.qout_r[N]	u_eI_srams.u_eJ_itcm_ram.u_eK_itcm_gnrl_ram.u_sirv_sim_ram.mem_r[L][M]	-0.203100	-0.057140
u_eI_cpu.u_eJ_itcm_ctrl.u_itcm_icb_arbt.arbt_num_gt_K_gen.dp_L.u_sirv_gnrl_rspid_fifo.dp_gt_M.vld_dfflr.qout_r	u_eI_cpu.u_eJ_core.u_eK_ifu.u_eL_ifu_iftMicb.leftover_dffl.qout_r[N]	-0.203100	-0.077647
u_eI_cpu.u_eJ_core.u_eK_ifu.u_eL_ifu_ifetch.ifu_err_dfflr.qout_r	u_eI_cpu.u_eJ_itcm_ctrl.u_sram_icb_ctrl.u_sirv_Kcyc_sram_ctrl.u_eL_stage.dp_gt_M.dat_dfflr.qout_r[N]	-0.202800	0.073633
u_eI_cpu.u_eJ_core.u_eK_exu.u_eL_exu_oitf.depth_gtM.ret_ptr_flg_dfflrs.qout_r	u_eI_cpu.u_eJ_core.u_eK_ifu.u_eL_ifu_ifetch.pc_newpend_dfflr.qout_r	-0.202200	-0.067830
u_eI_cpu.u_eJ_core.u_eK_exu.u_eL_exu_oitf.depth_gtM.alc_ptr_flg_dfflrs.qout_r	u_eI_cpu.u_eJ_core.u_eK_ifu.u_eL_ifu_ifetch.pc_newpend_dfflr.qout_r	-0.202100	-0.065477
u_eI_cpu.u_eJ_core.u_eK_exu.u_eL_exu_alu.u_eM_exu_alu_lsuagu.icb_state_dfflr.qout_r[N]	u_eI_cpu.u_eJ_core.u_eK_biu.u_biu_icb_arbt.arbt_num_gt_L_gen.dp_M.u_sirv_gnrl_rspid_fifo.dp_gt_N.vld_dfflr.qout_r	-0.201700	-0.081928
u_eI_cpu.u_eJ_core.u_eK_lsu.u_eL_lsu_ctrl.u_eM_lsu_splt_stage.dp_gt_N.vld_dfflr.qout_r	u_eI_cpu.u_eJ_core.u_eK_ifu.u_eL_ifu_iftMicb.u_eN_ifetch_rsp_bypbuf.u_bypbuf_fifo.dp_gtO.fifo_rf[P].fifo_rf_dffl.qout_r[Q]	-0.201100	-0.101815
u_eI_cpu.u_eJ_core.u_eK_exu.u_eL_exu_alu.u_eM_exu_alu_dpath.sbf_N_dffl.qout_r[O]	cmt_dpc_ena	-0.200600	-0.354396
u_eI_cpu.u_eJ_core.u_eK_exu.u_eL_exu_oitf.depth_gtM.alc_ptr_dfflrs.qout_r	u_eI_cpu.u_eJ_core.u_eK_ifu.u_eL_ifu_iftMicb.leftover_dffl.qout_r[N]	-0.200500	-0.070836
u_eI_cpu.u_eJ_core.u_eK_lsu.u_eL_lsu_ctrl.u_eM_lsu_splt_stage.dp_gt_N.dat_dfflr.qout_r[O]	u_eI_cpu.u_eJ_core.u_eK_ifu.u_eL_ifu_iftMicb.leftover_dffl.qout_r[N]	-0.200500	-0.082696
u_eI_cpu.u_eJ_core.u_eK_ifu.u_eL_ifu_ifetch.ifu_hi_ir_dfflr.qout_r[M]	u_eI_cpu.u_eJ_core.u_eK_lsu.u_eL_lsu_ctrl.excl_addr_dffl.qout_r[M]	-0.199600	0.065839
u_eI_cpu.u_eJ_itcm_ctrl.u_sram_icb_ctrl.u_sirv_Kcyc_sram_ctrl.u_eL_stage.dp_gt_M.vld_dfflr.qout_r	u_eI_cpu.u_eJ_core.u_eK_biu.u_sirv_gnrl_icb_buffer.u_sirv_gnrl_cmd_fifo.dp_gtL.vec_M_dfflrs.qout_r	-0.199600	-0.076107
u_eI_cpu.u_eJ_irq_sync.master_gen.u_tmr_irq_sync.sync_gen[K].i_is_not_L.sync_dffr.qout_r	u_eI_cpu.u_eJ_core.u_eK_ifu.u_eL_ifu_iftMicb.leftover_dffl.qout_r[N]	-0.199300	-0.132734
u_eI_cpu.u_eJ_core.u_eK_exu.u_eL_exu_oitf.depth_gtM.ret_ptr_flg_dfflrs.qout_r	u_eI_cpu.u_eJ_core.u_eK_ifu.u_eL_ifu_iftMicb.icbNitcm_dfflr.qout_r	-0.199000	-0.025574
u_eI_cpu.u_eJ_core.u_eK_exu.u_eL_exu_oitf.depth_gtM.alc_ptr_flg_dfflrs.qout_r	u_eI_cpu.u_eJ_core.u_eK_ifu.u_eL_ifu_iftMicb.icbNitcm_dfflr.qout_r	-0.198900	-0.023221
u_eI_cpu.u_eJ_irq_sync.master_gen.u_ext_irq_sync.sync_gen[K].i_is_not_L.sync_dffr.qout_r	u_eI_cpu.u_eJ_core.u_eK_biu.u_sirv_gnrl_icb_buffer.u_sirv_gnrl_cmd_fifo.dp_gtL.fifo_rf[M].fifo_rf_dffl.qout_r[N]	-0.198700	-0.108920
u_eI_cpu.u_eJ_core.u_eK_biu.u_sirv_gnrl_icb_buffer.u_sirv_gnrl_rsp_fifo.dp_gtL.vec_M_dfflr.qout_r	u_eI_cpu.u_eJ_itcm_ctrl.u_sram_icb_ctrl.u_byp_icb_cmd_buf.u_bypbuf_fifo.dp_gtK.fifo_rf[L].fifo_rf_dffl.qout_r[M]	-0.198300	-0.063979
u_eI_cpu.u_eJ_core.u_eK_ifu.u_eL_ifu_ifetch.ir_rsMidx_dfflr.qout_r[N]	u_eI_cpu.u_eJ_core.u_eK_lsu.u_eL_lsu_ctrl.excl_flg_dffl.qout_r	-0.198200	-0.059690
u_eI_cpu.u_eJ_core.u_eK_exu.u_eL_exu_oitf.depth_gtM.ret_ptr_dfflrs.qout_r	u_eI_cpu.u_eJ_core.u_eK_ifu.u_eL_ifu_iftMicb.u_eN_ifetch_rsp_bypbuf.u_bypbuf_fifo.dp_gtO.fifo_rf[P].fifo_rf_dffl.qout_r[Q]	-0.198200	-0.085544
u_eI_cpu.u_eJ_core.u_eK_lsu.u_eL_lsu_ctrl.u_eM_lsu_splt_stage.dp_gt_N.vld_dfflr.qout_r	u_eI_cpu.u_eJ_core.u_eK_ifu.u_eL_ifu_iftMicb.icbNmem_dfflr.qout_r	-0.198100	-0.053934
extIitcm_icb_rsp_ready	cmt_dcause[I]	-0.197500	-0.166832
u_eI_cpu.u_eJ_itcm_ctrl.u_itcm_icb_arbt.arbt_num_gt_K_gen.dp_L.u_sirv_gnrl_rspid_fifo.dp_gt_M.vld_dfflr.qout_r	u_eI_cpu.u_eJ_core.u_eK_biu.u_sirv_gnrl_icb_buffer.u_sirv_gnrl_cmd_fifo.dp_gtL.vec_M_dfflrs.qout_r	-0.197100	-0.074312
u_eI_cpu.u_eJ_core.u_eK_exu.u_eL_exu_oitf.depth_gtM.ret_ptr_flg_dfflrs.qout_r	u_eI_cpu.u_eJ_core.u_eK_ifu.u_eL_ifu_iftMicb.leftover_err_dfflr.qout_r	-0.196800	-0.089873
u_eI_cpu.u_eJ_core.u_eK_exu.u_eL_exu_oitf.depth_gtM.alc_ptr_flg_dfflrs.qout_r	u_eI_cpu.u_eJ_core.u_eK_ifu.u_eL_ifu_iftMicb.leftover_err_dfflr.qout_r	-0.196700	-0.087521
u_eI_cpu.u_eJ_itcm_ctrl.u_sram_icb_ctrl.u_sirv_Kcyc_sram_ctrl.u_eL_stage.dp_gt_M.vld_dfflr.qout_r	u_eI_cpu.u_eJ_core.u_eK_biu.u_sirv_gnrl_icb_buffer.u_sirv_gnrl_cmd_fifo.dp_gtL.vec_M_dfflr.qout_r	-0.196500	-0.070166
u_eI_cpu.u_eJ_irq_sync.master_gen.u_sft_irq_sync.sync_gen[K].i_is_not_L.sync_dffr.qout_r	u_eI_cpu.u_eJ_core.u_eK_ifu.u_eL_ifu_iftMicb.leftover_dffl.qout_r[N]	-0.196300	-0.123410
u_eI_cpu.u_eJ_core.u_eK_exu.u_eL_exu_csr.mie_dfflr.qout_r[M]	u_eI_cpu.u_eJ_core.u_eK_ifu.u_eL_ifu_iftMicb.icb_addr_N_O_dffl.qout_r[P]	-0.196200	-0.089318
u_eI_cpu.u_eJ_core.u_eK_exu.u_eL_exu_alu.u_eM_exu_alu_lsuagu.icb_state_dfflr.qout_r[N]	u_eI_cpu.u_eJ_core.u_eK_ifu.u_eL_ifu_ifetch.out_flag_dfflr.qout_r	-0.196100	-0.024959
u_eI_cpu.u_eJ_itcm_ctrl.u_sram_icb_ctrl.u_sirv_Kcyc_sram_ctrl.u_eL_stage.dp_gt_M.vld_dfflr.qout_r	u_eI_cpu.u_eJ_core.u_eK_ifu.u_eL_ifu_ifetch.ifu_hi_ir_dfflr.qout_r[M]	-0.196000	-0.040724
u_eI_cpu.u_eJ_core.u_eK_lsu.u_eL_lsu_ctrl.u_lsu_icb_arbt.arbt_num_gt_M_gen.dp_N.u_sirv_gnrl_rspid_fifo.dp_gt_O.dat_dfflr.qout_r	u_eI_cpu.u_eJ_itcm_ctrl.u_sram_icb_ctrl.u_byp_icb_cmd_buf.u_bypbuf_fifo.dp_gtK.fifo_rf[L].fifo_rf_dffl.qout_r[M]	-0.195400	0.017823
u_eI_cpu.u_eJ_core.u_eK_exu.u_eL_exu_oitf.depth_gtM.ret_ptr_dfflrs.qout_r	u_eI_cpu.u_eJ_core.u_eK_ifu.u_eL_ifu_iftMicb.icbNmem_dfflr.qout_r	-0.195200	-0.037663
u_eI_cpu.u_eJ_core.u_eK_exu.u_eL_exu_oitf.depth_gtM.alc_ptr_dfflrs.qout_r	u_eI_cpu.u_eJ_core.u_eK_biu.u_sirv_gnrl_icb_buffer.u_sirv_gnrl_cmd_fifo.dp_gtL.vec_M_dfflrs.qout_r	-0.194600	-0.067501
u_eI_cpu.u_eJ_core.u_eK_lsu.u_eL_lsu_ctrl.u_eM_lsu_splt_stage.dp_gt_N.dat_dfflr.qout_r[O]	u_eI_cpu.u_eJ_core.u_eK_biu.u_sirv_gnrl_icb_buffer.u_sirv_gnrl_cmd_fifo.dp_gtL.vec_M_dfflrs.qout_r	-0.194600	-0.079361
u_eI_cpu.u_eJ_core.u_eK_exu.u_eL_exu_alu.u_eM_exu_alu_lsuagu.icb_state_dfflr.qout_r[N]	u_eI_srams.u_eJ_dtcm_ram.u_eK_dtcm_gnrl_ram.u_sirv_sim_ram.mem_r[L][M]	-0.194100	-0.052520
u_eI_cpu.u_eJ_itcm_ctrl.u_itcm_icb_arbt.arbt_num_gt_K_gen.dp_L.u_sirv_gnrl_rspid_fifo.dp_gt_M.vld_dfflr.qout_r	u_eI_cpu.u_eJ_core.u_eK_biu.u_sirv_gnrl_icb_buffer.u_sirv_gnrl_cmd_fifo.dp_gtL.vec_M_dfflr.qout_r	-0.194100	-0.068371
u_eI_cpu.u_eJ_itcm_ctrl.u_itcm_icb_arbt.arbt_num_gt_K_gen.dp_L.u_sirv_gnrl_rspid_fifo.dp_gt_M.vld_dfflr.qout_r	u_eI_cpu.u_eJ_core.u_eK_ifu.u_eL_ifu_ifetch.ifu_hi_ir_dfflr.qout_r[M]	-0.193600	-0.038929
u_eI_cpu.u_eJ_irq_sync.master_gen.u_tmr_irq_sync.sync_gen[K].i_is_not_L.sync_dffr.qout_r	u_eI_cpu.u_eJ_core.u_eK_biu.u_sirv_gnrl_icb_buffer.u_sirv_gnrl_cmd_fifo.dp_gtL.vec_M_dfflrs.qout_r	-0.193400	-0.129398
u_eI_cpu.u_eJ_core.u_eK_exu.u_eL_exu_regfile.regfile[M].rfnoN.rf_dffl.qout_r[O]	u_eI_cpu.u_eJ_core.u_eK_ifu.u_eL_ifu_iftMicb.icb_addr_N_O_dffl.qout_r[P]	-0.193300	-0.105791
u_eI_cpu.u_eJ_core.u_eK_ifu.u_eL_ifu_ifetch.ifu_lo_ir_dfflr.qout_r[M]	u_eI_cpu.u_eJ_core.u_eK_exu.u_eL_exu_alu.u_eM_exu_nice.u_nice_itag_fifo.dp_gtN.vec_O_dfflrs.qout_r	-0.193100	0.164661
u_eI_cpu.u_eJ_core.u_eK_ifu.u_eL_ifu_ifetch.ir_rsMidx_dfflr.qout_r[N]	u_eI_cpu.u_eJ_core.u_eK_exu.u_eL_exu_csr.epc_dfflr.qout_r[M]	-0.193100	-0.029238
u_eI_cpu.u_eJ_core.u_eK_exu.u_eL_exu_oitf.depth_gtM.ret_ptr_flg_dfflrs.qout_r	u_eI_cpu.u_eJ_core.u_eK_ifu.u_eL_ifu_ifetch.ifu_lo_ir_dfflr.qout_r[M]	-0.193100	-0.075240
u_eI_cpu.u_eJ_core.u_eK_exu.u_eL_exu_oitf.depth_gtM.ret_ptr_flg_dfflrs.qout_r	u_eI_cpu.u_eJ_core.u_eK_ifu.u_eL_ifu_ifetch.ifu_err_dfflr.qout_r	-0.193100	-0.070368
u_eI_cpu.u_eJ_core.u_eK_exu.u_eL_exu_oitf.depth_gtM.ret_ptr_flg_dfflrs.qout_r	u_eI_cpu.u_eJ_core.u_eK_ifu.u_eL_ifu_ifetch.ifu_prdt_taken_dfflr.qout_r	-0.193100	-0.027610
u_eI_cpu.u_eJ_core.u_eK_exu.u_eL_exu_oitf.depth_gtM.alc_ptr_flg_dfflrs.qout_r	u_eI_cpu.u_eJ_core.u_eK_ifu.u_eL_ifu_ifetch.ifu_lo_ir_dfflr.qout_r[M]	-0.193000	-0.072888
u_eI_cpu.u_eJ_core.u_eK_exu.u_eL_exu_oitf.depth_gtM.alc_ptr_flg_dfflrs.qout_r	u_eI_cpu.u_eJ_core.u_eK_ifu.u_eL_ifu_ifetch.ifu_err_dfflr.qout_r	-0.193000	-0.068015
u_eI_cpu.u_eJ_core.u_eK_exu.u_eL_exu_oitf.depth_gtM.alc_ptr_flg_dfflrs.qout_r	u_eI_cpu.u_eJ_core.u_eK_ifu.u_eL_ifu_ifetch.ifu_prdt_taken_dfflr.qout_r	-0.193000	-0.025257
u_eI_cpu.u_eJ_core.u_eK_exu.u_eL_exu_alu.u_eM_exu_alu_muldiv.muldiv_state_dfflr.qout_r[N]	u_eI_cpu.u_eJ_core.u_eK_biu.u_sirv_gnrl_icb_buffer.u_sirv_gnrl_cmd_fifo.dp_gtL.fifo_rf[M].fifo_rf_dffl.qout_r[N]	-0.192600	0.114014
u_eI_cpu.u_eJ_core.u_eK_exu.u_eL_exu_alu.u_eM_exu_alu_lsuagu.icb_state_dfflr.qout_r[N]	u_eI_cpu.u_eJ_core.u_eK_ifu.u_eL_ifu_ifetch.reset_req_dfflr.qout_r	-0.192300	0.010512
u_eI_cpu.u_eJ_core.u_eK_ifu.u_eL_ifu_ifetch.ifu_err_dfflr.qout_r	u_eI_cpu.u_eJ_core.u_eK_ifu.u_eL_ifu_ifetch.ir_valid_dfflr.qout_r	-0.192200	0.130689
u_eI_cpu.u_eJ_core.u_eK_ifu.u_eL_ifu_ifetch.ifu_err_dfflr.qout_r	u_eI_cpu.u_eJ_core.u_eK_ifu.u_eL_ifu_ifetch.ir_muldiv_bMb_dfflr.qout_r	-0.191700	0.045399
u_eI_cpu.u_eJ_core.u_eK_exu.u_eL_exu_oitf.depth_gtM.alc_ptr_dfflrs.qout_r	u_eI_cpu.u_eJ_core.u_eK_biu.u_sirv_gnrl_icb_buffer.u_sirv_gnrl_cmd_fifo.dp_gtL.vec_M_dfflr.qout_r	-0.191600	-0.061560
u_eI_cpu.u_eJ_core.u_eK_lsu.u_eL_lsu_ctrl.u_eM_lsu_splt_stage.dp_gt_N.dat_dfflr.qout_r[O]	u_eI_cpu.u_eJ_core.u_eK_biu.u_sirv_gnrl_icb_buffer.u_sirv_gnrl_cmd_fifo.dp_gtL.vec_M_dfflr.qout_r	-0.191500	-0.073420
u_eI_cpu.u_eJ_core.u_eK_lsu.u_eL_lsu_ctrl.u_eM_lsu_splt_stage.dp_gt_N.vld_dfflr.qout_r	u_eI_cpu.u_eJ_core.u_eK_ifu.u_eL_ifu_ifetch.pc_newpend_dfflr.qout_r	-0.191500	-0.083323
u_eI_cpu.u_eJ_core.u_eK_exu.u_eL_exu_csr.mie_dfflr.qout_r[M]	u_eI_cpu.u_eJ_core.u_eK_ifu.u_eL_ifu_iftMicb.req_lane_cross_dfflr.qout_r	-0.191300	-0.071364
u_eI_cpu.u_eJ_core.u_eK_exu.u_eL_exu_csr.mie_dfflr.qout_r[M]	u_eI_cpu.u_eJ_core.u_eK_ifu.u_eL_ifu_iftMicb.req_need_Nuop_dfflr.qout_r	-0.191300	-0.056356
u_eI_cpu.u_eJ_core.u_eK_exu.u_eL_exu_csr.mie_dfflr.qout_r[M]	u_eI_cpu.u_eJ_core.u_eK_ifu.u_eL_ifu_iftMicb.req_same_cross_holdup_dfflr.qout_r	-0.191300	-0.043817
u_eI_cpu.u_eJ_irq_sync.master_gen.u_ext_irq_sync.sync_gen[K].i_is_not_L.sync_dffr.qout_r	u_eI_cpu.u_eJ_core.u_eK_ifu.u_eL_ifu_iftMicb.leftover_dffl.qout_r[N]	-0.191200	-0.100440
u_eI_cpu.u_eJ_dtcm_ctrl.u_dtcm_icb_arbt.arbt_num_gt_K_gen.dp_L.u_sirv_gnrl_rspid_fifo.dp_gt_M.vld_dfflr.qout_r	u_eI_cpu.u_eJ_core.u_eK_biu.u_sirv_gnrl_icb_buffer.u_sirv_gnrl_cmd_fifo.dp_gtL.fifo_rf[M].fifo_rf_dffl.qout_r[N]	-0.191200	-0.098949
u_eI_cpu.u_eJ_core.u_eK_exu.u_eL_exu_oitf.depth_gtM.ret_ptr_flg_dfflrs.qout_r	u_eI_cpu.u_eJ_core.u_eK_ifu.u_eL_ifu_iftMicb.icb_state_dfflr.qout_r[N]	-0.191100	-0.002307
u_eI_cpu.u_eJ_core.u_eK_exu.u_eL_exu_oitf.depth_gtM.alc_ptr_dfflrs.qout_r	u_eI_cpu.u_eJ_core.u_eK_ifu.u_eL_ifu_ifetch.ifu_hi_ir_dfflr.qout_r[M]	-0.191000	-0.032118
u_eI_cpu.u_eJ_core.u_eK_lsu.u_eL_lsu_ctrl.u_eM_lsu_splt_stage.dp_gt_N.dat_dfflr.qout_r[O]	u_eI_cpu.u_eJ_core.u_eK_ifu.u_eL_ifu_ifetch.ifu_hi_ir_dfflr.qout_r[M]	-0.191000	-0.043978
u_eI_cpu.u_eJ_core.u_eK_exu.u_eL_exu_oitf.depth_gtM.alc_ptr_flg_dfflrs.qout_r	u_eI_cpu.u_eJ_core.u_eK_ifu.u_eL_ifu_iftMicb.icb_state_dfflr.qout_r[N]	-0.191000	0.000046
u_eI_cpu.u_eJ_core.u_eK_biu.u_biu_icb_arbt.arbt_num_gt_L_gen.dp_M.u_sirv_gnrl_rspid_fifo.dp_gt_N.vld_dfflr.qout_r	u_eI_cpu.u_eJ_core.u_eK_biu.u_sirv_gnrl_icb_buffer.u_sirv_gnrl_cmd_fifo.dp_gtL.fifo_rf[M].fifo_rf_dffl.qout_r[N]	-0.190900	-0.099146
u_eI_cpu.u_eJ_core.u_eK_lsu.u_eL_lsu_ctrl.u_lsu_icb_arbt.arbt_num_gt_M_gen.dp_N.u_sirv_gnrl_rspid_fifo.dp_gt_O.vld_dfflr.qout_r	u_eI_cpu.u_eJ_core.u_eK_biu.u_sirv_gnrl_icb_buffer.u_sirv_gnrl_cmd_fifo.dp_gtL.fifo_rf[M].fifo_rf_dffl.qout_r[N]	-0.190700	-0.040920
u_eI_cpu.u_eJ_itcm_ctrl.u_sram_icb_ctrl.u_sirv_Kcyc_sram_ctrl.u_eL_stage.dp_gt_M.vld_dfflr.qout_r	u_eI_cpu.u_eJ_core.u_eK_ifu.u_eL_ifu_iftMicb.u_eN_ifetch_rsp_bypbuf.u_bypbuf_fifo.dp_gtO.vec_P_dfflrs.qout_r	-0.190700	-0.054795
u_eI_cpu.u_eJ_dtcm_ctrl.u_sram_icb_ctrl.u_sirv_Kcyc_sram_ctrl.u_eL_stage.dp_gt_M.vld_dfflr.qout_r	u_eI_cpu.u_eJ_core.u_eK_biu.u_sirv_gnrl_icb_buffer.u_sirv_gnrl_cmd_fifo.dp_gtL.fifo_rf[M].fifo_rf_dffl.qout_r[N]	-0.190400	-0.097976
u_eI_cpu.u_eJ_irq_sync.master_gen.u_tmr_irq_sync.sync_gen[K].i_is_not_L.sync_dffr.qout_r	u_eI_cpu.u_eJ_core.u_eK_biu.u_sirv_gnrl_icb_buffer.u_sirv_gnrl_cmd_fifo.dp_gtL.vec_M_dfflr.qout_r	-0.190300	-0.123457
u_eI_cpu.u_eJ_irq_sync.master_gen.u_sft_irq_sync.sync_gen[K].i_is_not_L.sync_dffr.qout_r	u_eI_cpu.u_eJ_core.u_eK_biu.u_sirv_gnrl_icb_buffer.u_sirv_gnrl_cmd_fifo.dp_gtL.vec_M_dfflrs.qout_r	-0.190300	-0.120074
u_eI_cpu.u_eJ_core.u_eK_ifu.u_eL_ifu_ifetch.ifu_err_dfflr.qout_r	u_eI_cpu.u_eJ_core.u_eK_exu.u_eL_exu_csr.minstret_dfflr.qout_r[M]	-0.190000	0.148681
u_eI_cpu.u_eJ_irq_sync.master_gen.u_tmr_irq_sync.sync_gen[K].i_is_not_L.sync_dffr.qout_r	u_eI_cpu.u_eJ_core.u_eK_ifu.u_eL_ifu_ifetch.ifu_hi_ir_dfflr.qout_r[M]	-0.189800	-0.094016
u_eI_cpu.u_eJ_core.u_eK_ifu.u_eL_ifu_ifetch.ifu_err_dfflr.qout_r	u_eI_cpu.u_eJ_itcm_ctrl.u_sram_icb_ctrl.u_byp_icb_cmd_buf.u_bypbuf_fifo.dp_gtK.vec_L_dfflrs.qout_r	-0.189800	0.087504
u_eI_cpu.u_eJ_core.u_eK_exu.u_eL_exu_oitf.depth_gtM.ret_ptr_flg_dfflrs.qout_r	u_eI_cpu.u_eJ_itcm_ctrl.u_sram_icb_ctrl.u_byp_icb_cmd_buf.u_bypbuf_fifo.dp_gtK.vec_L_dfflr.qout_r	-0.189700	-0.035176
u_eI_cpu.u_eJ_core.u_eK_exu.u_eL_exu_oitf.depth_gtM.alc_ptr_flg_dfflrs.qout_r	u_eI_cpu.u_eJ_itcm_ctrl.u_sram_icb_ctrl.u_byp_icb_cmd_buf.u_bypbuf_fifo.dp_gtK.vec_L_dfflr.qout_r	-0.189600	-0.032823
u_eI_cpu.u_eJ_core.u_eK_ifu.u_eL_ifu_ifetch.ifu_err_dfflr.qout_r	u_eI_cpu.u_eJ_itcm_ctrl.ifu_holdup_dffl.qout_r	-0.189500	0.158387
u_eI_cpu.u_eJ_core.u_eK_exu.u_eL_exu_oitf.depth_gtM.ret_ptr_dfflrs.qout_r	u_eI_cpu.u_eJ_core.u_eK_ifu.u_eL_ifu_ifetch.pc_newpend_dfflr.qout_r	-0.188600	-0.067052
u_eI_cpu.u_eJ_core.u_eK_exu.u_eL_exu_regfile.regfile[M].rfnoN.rf_dffl.qout_r[O]	u_eI_cpu.u_eJ_core.u_eK_ifu.u_eL_ifu_iftMicb.req_lane_cross_dfflr.qout_r	-0.188400	-0.087837
u_eI_cpu.u_eJ_core.u_eK_exu.u_eL_exu_regfile.regfile[M].rfnoN.rf_dffl.qout_r[O]	u_eI_cpu.u_eJ_core.u_eK_ifu.u_eL_ifu_iftMicb.req_need_Nuop_dfflr.qout_r	-0.188400	-0.072829
u_eI_cpu.u_eJ_core.u_eK_exu.u_eL_exu_regfile.regfile[M].rfnoN.rf_dffl.qout_r[O]	u_eI_cpu.u_eJ_core.u_eK_ifu.u_eL_ifu_iftMicb.req_same_cross_holdup_dfflr.qout_r	-0.188400	-0.060290
u_eI_cpu.u_eJ_core.u_eK_exu.u_eL_exu_alu.u_eM_exu_alu_lsuagu.icb_state_dfflr.qout_r[N]	u_eI_cpu.u_eJ_core.u_eK_ifu.u_eL_ifu_ifetch.dly_flush_dfflr.qout_r	-0.188300	-0.005095
u_eI_cpu.u_eJ_core.u_eK_lsu.u_eL_lsu_ctrl.u_eM_lsu_splt_stage.dp_gt_N.vld_dfflr.qout_r	u_eI_cpu.u_eJ_core.u_eK_ifu.u_eL_ifu_iftMicb.icbNitcm_dfflr.qout_r	-0.188300	-0.041067
u_eI_cpu.u_eJ_itcm_ctrl.u_itcm_icb_arbt.arbt_num_gt_K_gen.dp_L.u_sirv_gnrl_rspid_fifo.dp_gt_M.vld_dfflr.qout_r	u_eI_cpu.u_eJ_core.u_eK_ifu.u_eL_ifu_iftMicb.u_eN_ifetch_rsp_bypbuf.u_bypbuf_fifo.dp_gtO.vec_P_dfflrs.qout_r	-0.188200	-0.053000
u_eI_cpu.u_eJ_core.u_eK_ifu.u_eL_ifu_ifetch.ifu_err_dfflr.qout_r	u_eI_cpu.u_eJ_core.u_eK_exu.u_eL_exu_alu.u_eM_exu_alu_dpath.sbf_N_dffl.qout_r[O]	-0.187600	0.033187
u_eI_cpu.u_eJ_irq_sync.master_gen.u_sft_irq_sync.sync_gen[K].i_is_not_L.sync_dffr.qout_r	u_eI_cpu.u_eJ_core.u_eK_biu.u_sirv_gnrl_icb_buffer.u_sirv_gnrl_cmd_fifo.dp_gtL.vec_M_dfflr.qout_r	-0.187300	-0.114133
u_eI_cpu.u_eJ_itcm_ctrl.u_sram_icb_ctrl.u_sirv_Kcyc_sram_ctrl.u_eL_stage.dp_gt_M.vld_dfflr.qout_r	u_eI_cpu.u_eJ_core.u_eK_biu.u_biu_icb_arbt.arbt_num_gt_L_gen.dp_M.u_sirv_gnrl_rspid_fifo.dp_gt_N.dat_dfflr.qout_r	-0.186800	-0.064901
u_eI_cpu.u_eJ_irq_sync.master_gen.u_sft_irq_sync.sync_gen[K].i_is_not_L.sync_dffr.qout_r	u_eI_cpu.u_eJ_core.u_eK_ifu.u_eL_ifu_ifetch.ifu_hi_ir_dfflr.qout_r[M]	-0.186700	-0.084691
u_eI_cpu.u_eJ_core.u_eK_exu.u_eL_exu_alu.u_eM_exu_alu_lsuagu.icb_state_dfflr.qout_r[N]	u_eI_cpu.u_eJ_core.u_eK_exu.u_eL_exu_csr.minstreth_dfflr.qout_r[M]	-0.186700	0.053644
u_eI_cpu.u_eJ_core.u_eK_ifu.u_eL_ifu_ifetch.ir_rsMidx_dfflr.qout_r[N]	u_eI_cpu.u_eJ_itcm_ctrl.u_itcm_icb_extKitcm_nLw.fifo_dp_M.u_sirv_gnrl_nNw_fifo.dp_gt_O.vld_dfflr.qout_r	-0.186700	-0.027592
u_eI_cpu.u_eJ_core.u_eK_lsu.u_eL_lsu_ctrl.u_eM_lsu_splt_stage.dp_gt_N.vld_dfflr.qout_r	u_eI_cpu.u_eJ_core.u_eK_ifu.u_eL_ifu_iftMicb.leftover_err_dfflr.qout_r	-0.186100	-0.105367
