# start	end	slack_synth_ns	slack_route_ns
u_eI_cpu.u_eJ_clk_ctrl.u_exu_clkgate.enb	core_csr_clk	-3.029200	-0.381789
dbg_mode	extIitcm_icb_cmd_ready	-1.910300	-1.378815
clk	core_csr_clk	-1.871700	0.022280
dbg_mode	extIdtcm_icb_cmd_ready	-1.822300	-1.368788
dbg_step_r	extIitcm_icb_cmd_ready	-1.785700	-1.301281
dbg_step_r	extIdtcm_icb_cmd_ready	-1.697700	-1.291255
dbg_halt_r	extIitcm_icb_cmd_ready	-1.616200	-1.300083
dbg_halt_r	extIdtcm_icb_cmd_ready	-1.528200	-1.290057
dbg_mode	cmt_dcause_ena	-1.517900	-1.226955
dbg_mode	cmt_dcause[I]	-1.508700	-1.212629
dbg_mode	core_wfi	-1.503000	-1.218529
dbg_mode	cmt_dpc_ena	-1.474200	-1.206061
dbg_mode	u_eI_cpu.u_eJ_core.u_eK_ifu.u_eL_ifu_ifetch.pc_dfflr.qout_r[M]	-1.411200	-0.763296
dbg_step_r	cmt_dcause_ena	-1.393300	-1.149422
dbg_mode	u_eI_cpu.u_eJ_core.u_eK_ifu.u_eL_ifu_iftMicb.leftover_dffl.qout_r[N]	-1.387800	-0.760961
dbg_mode	u_eI_cpu.u_eJ_core.u_eK_ifu.u_eL_ifu_ifetch.ifu_hi_ir_dfflr.qout_r[M]	-1.386200	-0.715774
dbg_mode	u_eI_cpu.u_eJ_core.u_eK_ifu.u_eL_ifu_ifetch.ir_rsMidx_dfflr.qout_r[N]	-1.384600	-0.718136
dbg_step_r	cmt_dcause[I]	-1.384000	-1.135097
dbg_mode	u_eI_cpu.u_eJ_core.u_eK_biu.u_sirv_gnrl_icb_buffer.u_sirv_gnrl_cmd_fifo.dp_gtL.fifo_rf[M].fifo_rf_dffl.qout_r[N]	-1.382500	-0.734637
dbg_mode	u_eI_cpu.u_eJ_core.u_eK_ifu.u_eL_ifu_ifetch.ifu_lo_ir_dfflr.qout_r[M]	-1.382500	-0.690885
dbg_mode	u_eI_cpu.u_eJ_core.u_eK_biu.u_sirv_gnrl_icb_buffer.u_sirv_gnrl_cmd_fifo.dp_gtL.vec_M_dfflr.qout_r	-1.379500	-0.714611
dbg_step_r	core_wfi	-1.378400	-1.140996
dbg_mode	u_eI_cpu.u_eJ_core.u_eK_ifu.u_eL_ifu_iftMicb.icb_addr_N_O_dffl.qout_r[P]	-1.374300	-0.731608
dbg_mode	u_eI_cpu.u_eJ_itcm_ctrl.u_sram_icb_ctrl.u_byp_icb_cmd_buf.u_bypbuf_fifo.dp_gtK.fifo_rf[L].fifo_rf_dffl.qout_r[M]	-1.370500	-0.699300
dbg_mode	u_eI_cpu.u_eJ_core.u_eK_ifu.u_eL_ifu_iftMicb.icb_state_dfflr.qout_r[N]	-1.370100	-0.746070
dbg_mode	u_eI_cpu.u_eJ_core.u_eK_ifu.u_eL_ifu_ifetch.pc_newpend_dfflr.qout_r	-1.364700	-0.715293
dbg_mode	u_eI_cpu.u_eJ_core.u_eK_biu.u_sirv_gnrl_icb_buffer.outs_cnt_dfflr.qout_r	-1.357000	-0.720497
dbg_mode	u_eI_cpu.u_eJ_core.u_eK_ifu.u_eL_ifu_iftMicb.u_eN_ifetch_rsp_bypbuf.u_bypbuf_fifo.dp_gtO.fifo_rf[P].fifo_rf_dffl.qout_r[Q]	-1.349900	-0.723817
dbg_step_r	cmt_dpc_ena	-1.349500	-1.128528
dbg_mode	u_eI_cpu.u_eJ_core.u_eK_biu.u_sirv_gnrl_icb_buffer.u_sirv_gnrl_cmd_fifo.dp_gtL.vec_M_dfflrs.qout_r	-1.343600	-0.722618
dbg_mode	u_eI_cpu.u_eJ_itcm_ctrl.u_sram_icb_ctrl.u_sirv_Kcyc_sram_ctrl.u_eL_stage.dp_gt_M.vld_dfflr.qout_r	-1.342400	-0.705416
dbg_mode	u_eI_cpu.u_eJ_core.u_eK_ifu.u_eL_ifu_iftMicb.leftover_err_dfflr.qout_r	-1.342300	-0.756123
dbg_mode	u_eI_cpu.u_eJ_core.u_eK_biu.u_biu_icb_arbt.arbt_num_gt_L_gen.dp_M.u_sirv_gnrl_rspid_fifo.dp_gt_N.dat_dfflr.qout_r	-1.339600	-0.724206
dbg_mode	u_eI_cpu.u_eJ_core.u_eK_ifu.u_eL_ifu_iftMicb.req_lane_cross_dfflr.qout_r	-1.339400	-0.748172
dbg_mode	u_eI_cpu.u_eJ_core.u_eK_ifu.u_eL_ifu_iftMicb.req_need_Nuop_dfflr.qout_r	-1.339400	-0.752909
dbg_mode	u_eI_cpu.u_eJ_core.u_eK_ifu.u_eL_ifu_iftMicb.req_same_cross_holdup_dfflr.qout_r	-1.339400	-0.753281
dbg_mode	u_eI_cpu.u_eJ_core.u_eK_ifu.u_eL_ifu_ifetch.ifu_err_dfflr.qout_r	-1.337200	-0.667386
dbg_mode	u_eI_cpu.u_eJ_core.u_eK_ifu.u_eL_ifu_ifetch.ifu_prdt_taken_dfflr.qout_r	-1.337200	-0.691523
dbg_mode	u_eI_cpu.u_eJ_core.u_eK_ifu.u_eL_ifu_ifetch.ir_muldiv_bMb_dfflr.qout_r	-1.337200	-0.663323
dbg_mode	u_eI_cpu.u_eJ_itcm_ctrl.ifu_holdup_dffl.qout_r	-1.337200	-0.700076
dbg_mode	u_eI_cpu.u_eJ_itcm_ctrl.u_sram_icb_ctrl.u_sirv_Kcyc_sram_ctrl.u_eL_stage.dp_gt_M.dat_dfflr.qout_r[N]	-1.336100	-0.699680
dbg_mode	u_eI_cpu.u_eJ_itcm_ctrl.u_sram_icb_ctrl.u_byp_icb_cmd_buf.u_bypbuf_fifo.dp_gtK.vec_L_dfflr.qout_r	-1.331100	-0.691674
dbg_mode	u_eI_cpu.u_eJ_core.u_eK_ifu.u_eL_ifu_iftMicb.icbNitcm_dfflr.qout_r	-1.331000	-0.722565
dbg_mode	u_eI_cpu.u_eJ_itcm_ctrl.u_sram_icb_ctrl.u_byp_icb_cmd_buf.u_bypbuf_fifo.dp_gtK.vec_L_dfflrs.qout_r	-1.330500	-0.690824
dbg_mode	u_eI_cpu.u_eJ_core.u_eK_biu.u_biu_icb_arbt.arbt_num_gt_L_gen.dp_M.u_sirv_gnrl_rspid_fifo.dp_gt_N.vld_dfflr.qout_r	-1.328200	-0.714181
dbg_mode	u_eI_cpu.u_eJ_core.u_eK_ifu.u_eL_ifu_iftMicb.icbNmem_dfflr.qout_r	-1.324000	-0.732870
dbg_mode	u_eI_cpu.u_eJ_core.u_eK_ifu.u_eL_ifu_ifetch.out_flag_dfflr.qout_r	-1.318900	-0.718239
u_eI_cpu.u_eJ_core.u_eK_ifu.u_eL_ifu_ifetch.ifu_lo_ir_dfflr.qout_r[M]	extIitcm_icb_cmd_ready	-1.315600	-1.153131
dbg_mode	u_eI_cpu.u_eJ_core.u_eK_ifu.u_eL_ifu_iftMicb.u_eN_ifetch_rsp_bypbuf.u_bypbuf_fifo.dp_gtO.vec_P_dfflrs.qout_r	-1.306100	-0.656877
dbg_mode	u_eI_cpu.u_eJ_clk_ctrl.u_itcm_clkgate.enb	-1.300800	-0.683582
dbg_mode	u_eI_cpu.u_eJ_core.u_eK_ifu.u_eL_ifu_ifetch.reset_req_dfflr.qout_r	-1.295800	-0.705001
dbg_mode	u_eI_cpu.u_eJ_core.u_eK_ifu.u_eL_ifu_ifetch.dly_flush_dfflr.qout_r	-1.295000	-0.698001
dbg_mode	u_eI_cpu.u_eJ_clk_ctrl.itcm_active_dffr.qout_r	-1.290000	-0.683761
dbg_step_r	u_eI_cpu.u_eJ_core.u_eK_ifu.u_eL_ifu_ifetch.pc_dfflr.qout_r[M]	-1.286600	-0.685763
dbg_mode	u_eI_cpu.u_eJ_clk_ctrl.u_biu_clkgate.enb	-1.285700	-0.628377
u_eI_cpu.u_eJ_core.u_eK_ifu.u_eL_ifu_ifetch.ifu_hi_ir_dfflr.qout_r[M]	extIitcm_icb_cmd_ready	-1.279800	-1.139545
dbg_mode	u_eI_cpu.u_eJ_itcm_ctrl.u_sram_icb_ctrl.u_sirv_Kcyc_sram_ctrl.u_ram_clkgate.enb	-1.268500	-0.699808
dbg_step_r	u_eI_cpu.u_eJ_core.u_eK_ifu.u_eL_ifu_iftMicb.leftover_dffl.qout_r[N]	-1.263100	-0.683428
dbg_step_r	u_eI_cpu.u_eJ_core.u_eK_ifu.u_eL_ifu_ifetch.ifu_hi_ir_dfflr.qout_r[M]	-1.261600	-0.638241
dbg_step_r	u_eI_cpu.u_eJ_core.u_eK_ifu.u_eL_ifu_ifetch.ir_rsMidx_dfflr.qout_r[N]	-1.259900	-0.640603
dbg_step_r	u_eI_cpu.u_eJ_core.u_eK_biu.u_sirv_gnrl_icb_buffer.u_sirv_gnrl_cmd_fifo.dp_gtL.fifo_rf[M].fifo_rf_dffl.qout_r[N]	-1.257900	-0.657104
dbg_step_r	u_eI_cpu.u_eJ_core.u_eK_ifu.u_eL_ifu_ifetch.ifu_lo_ir_dfflr.qout_r[M]	-1.257900	-0.613352
dbg_mode	u_eI_cpu.u_eJ_core.u_eK_exu.u_eL_exu_alu.u_eM_exu_alu_dpath.sbf_N_dffl.qout_r[O]	-1.256100	-0.595906
dbg_step_r	u_eI_cpu.u_eJ_core.u_eK_biu.u_sirv_gnrl_icb_buffer.u_sirv_gnrl_cmd_fifo.dp_gtL.vec_M_dfflr.qout_r	-1.254900	-0.637078
dbg_step_r	u_eI_cpu.u_eJ_core.u_eK_ifu.u_eL_ifu_iftMicb.icb_addr_N_O_dffl.qout_r[P]	-1.249700	-0.654075
dbg_step_r	u_eI_cpu.u_eJ_itcm_ctrl.u_sram_icb_ctrl.u_byp_icb_cmd_buf.u_bypbuf_fifo.dp_gtK.fifo_rf[L].fifo_rf_dffl.qout_r[M]	-1.245900	-0.621768
dbg_step_r	u_eI_cpu.u_eJ_core.u_eK_ifu.u_eL_ifu_iftMicb.icb_state_dfflr.qout_r[N]	-1.245400	-0.668537
dbg_step_r	u_eI_cpu.u_eJ_core.u_eK_ifu.u_eL_ifu_ifetch.pc_newpend_dfflr.qout_r	-1.240100	-0.637761
dbg_mode	u_eI_cpu.u_eJ_core.u_eK_exu.u_eL_exu_alu.u_eM_exu_alu_dpath.sbf_N_dffl.qout_r[O]	-1.235100	-0.594995
dbg_mode	u_eI_cpu.u_eJ_core.u_eK_ifu.u_eL_ifu_ifetch.ir_valid_dfflr.qout_r	-1.233900	-0.645083
dbg_step_r	u_eI_cpu.u_eJ_core.u_eK_biu.u_sirv_gnrl_icb_buffer.outs_cnt_dfflr.qout_r	-1.232400	-0.642965
u_eI_cpu.u_eJ_core.u_eK_ifu.u_eL_ifu_ifetch.ifu_lo_ir_dfflr.qout_r[M]	extIdtcm_icb_cmd_ready	-1.227600	-1.145461
dbg_mode	u_eI_srams.u_eJ_itcm_ram.u_eK_itcm_gnrl_ram.u_sirv_sim_ram.mem_r[L][M]	-1.225700	-0.535995
dbg_step_r	u_eI_cpu.u_eJ_core.u_eK_ifu.u_eL_ifu_iftMicb.u_eN_ifetch_rsp_bypbuf.u_bypbuf_fifo.dp_gtO.fifo_rf[P].fifo_rf_dffl.qout_r[Q]	-1.225300	-0.646284
u_eI_cpu.u_eJ_core.u_eK_ifu.u_eL_ifu_ifetch.ir_rsMidx_dfflr.qout_r[N]	extIitcm_icb_cmd_ready	-1.224500	-1.197390
dbg_halt_r	cmt_dcause_ena	-1.223800	-1.148224
dbg_step_r	u_eI_cpu.u_eJ_core.u_eK_biu.u_sirv_gnrl_icb_buffer.u_sirv_gnrl_cmd_fifo.dp_gtL.vec_M_dfflrs.qout_r	-1.218900	-0.645085
dbg_step_r	u_eI_cpu.u_eJ_itcm_ctrl.u_sram_icb_ctrl.u_sirv_Kcyc_sram_ctrl.u_eL_stage.dp_gt_M.vld_dfflr.qout_r	-1.217800	-0.627883
dbg_step_r	u_eI_cpu.u_eJ_core.u_eK_ifu.u_eL_ifu_iftMicb.leftover_err_dfflr.qout_r	-1.217700	-0.678590
dbg_step_r	u_eI_cpu.u_eJ_core.u_eK_biu.u_biu_icb_arbt.arbt_num_gt_L_gen.dp_M.u_sirv_gnrl_rspid_fifo.dp_gt_N.dat_dfflr.qout_r	-1.215000	-0.646673
dbg_step_r	u_eI_cpu.u_eJ_core.u_eK_ifu.u_eL_ifu_iftMicb.req_lane_cross_dfflr.qout_r	-1.214800	-0.670640
dbg_step_r	u_eI_cpu.u_eJ_core.u_eK_ifu.u_eL_ifu_iftMicb.req_need_Nuop_dfflr.qout_r	-1.214800	-0.675376
dbg_step_r	u_eI_cpu.u_eJ_core.u_eK_ifu.u_eL_ifu_iftMicb.req_same_cross_holdup_dfflr.qout_r	-1.214800	-0.675749
dbg_halt_r	cmt_dcause[I]	-1.214600	-1.133898
dbg_mode	u_eI_cpu.u_eJ_core.u_eK_ifu.u_eL_ifu_iftMicb.u_eN_ifetch_rsp_bypbuf.u_bypbuf_fifo.dp_gtO.vec_P_dfflr.qout_r	-1.214100	-0.624933
dbg_mode	u_eI_cpu.u_eJ_dtcm_ctrl.u_sram_icb_ctrl.u_byp_icb_cmd_buf.u_bypbuf_fifo.dp_gtK.fifo_rf[L].fifo_rf_dffl.qout_r[M]	-1.212900	-0.535128
dbg_step_r	u_eI_cpu.u_eJ_core.u_eK_ifu.u_eL_ifu_ifetch.ifu_err_dfflr.qout_r	-1.212600	-0.589853
dbg_step_r	u_eI_cpu.u_eJ_core.u_eK_ifu.u_eL_ifu_ifetch.ifu_prdt_taken_dfflr.qout_r	-1.212600	-0.613990
dbg_step_r	u_eI_cpu.u_eJ_core.u_eK_ifu.u_eL_ifu_ifetch.ir_muldiv_bMb_dfflr.qout_r	-1.212600	-0.585790
dbg_step_r	u_eI_cpu.u_eJ_itcm_ctrl.ifu_holdup_dffl.qout_r	-1.212600	-0.622543
dbg_step_r	u_eI_cpu.u_eJ_itcm_ctrl.u_sram_icb_ctrl.u_sirv_Kcyc_sram_ctrl.u_eL_stage.dp_gt_M.dat_dfflr.qout_r[N]	-1.211500	-0.622147
dbg_halt_r	core_wfi	-1.208900	-1.139797
dbg_step_r	u_eI_cpu.u_eJ_itcm_ctrl.u_sram_icb_ctrl.u_byp_icb_cmd_buf.u_bypbuf_fifo.dp_gtK.vec_L_dfflr.qout_r	-1.206500	-0.614141
dbg_step_r	u_eI_cpu.u_eJ_core.u_eK_ifu.u_eL_ifu_iftMicb.icbNitcm_dfflr.qout_r	-1.206400	-0.645032
dbg_step_r	u_eI_cpu.u_eJ_itcm_ctrl.u_sram_icb_ctrl.u_byp_icb_cmd_buf.u_bypbuf_fifo.dp_gtK.vec_L_dfflrs.qout_r	-1.205900	-0.613291
dbg_step_r	u_eI_cpu.u_eJ_core.u_eK_biu.u_biu_icb_arbt.arbt_num_gt_L_gen.dp_M.u_sirv_gnrl_rspid_fifo.dp_gt_N.vld_dfflr.qout_r	-1.203600	-0.636648
dbg_step_r	u_eI_cpu.u_eJ_core.u_eK_ifu.u_eL_ifu_iftMicb.icbNmem_dfflr.qout_r	-1.199400	-0.655337
dbg_step_r	u_eI_cpu.u_eJ_core.u_eK_ifu.u_eL_ifu_ifetch.out_flag_dfflr.qout_r	-1.194300	-0.640706
u_eI_cpu.u_eJ_core.u_eK_ifu.u_eL_ifu_ifetch.ifu_hi_ir_dfflr.qout_r[M]	extIdtcm_icb_cmd_ready	-1.191800	-1.129518
dbg_mode	u_eI_srams.u_eJ_dtcm_ram.u_eK_dtcm_gnrl_ram.u_sirv_sim_ram.mem_r[L][M]	-1.190100	-0.552891
dbg_step_r	u_eI_cpu.u_eJ_core.u_eK_ifu.u_eL_ifu_iftMicb.u_eN_ifetch_rsp_bypbuf.u_bypbuf_fifo.dp_gtO.vec_P_dfflrs.qout_r	-1.181400	-0.579344
dbg_halt_r	cmt_dpc_ena	-1.180100	-1.127329
dbg_step_r	u_eI_cpu.u_eJ_clk_ctrl.u_itcm_clkgate.enb	-1.176200	-0.606049
dbg_step_r	u_eI_cpu.u_eJ_core.u_eK_ifu.u_eL_ifu_ifetch.reset_req_dfflr.qout_r	-1.171200	-0.627468
dbg_mode	u_eI_cpu.u_eJ_dtcm_ctrl.u_sram_icb_ctrl.u_byp_icb_cmd_buf.u_bypbuf_fifo.dp_gtK.vec_L_dfflrs.qout_r	-1.170600	-0.327691
dbg_step_r	u_eI_cpu.u_eJ_core.u_eK_ifu.u_eL_ifu_ifetch.dly_flush_dfflr.qout_r	-1.170400	-0.620468
dbg_step_r	u_eI_cpu.u_eJ_clk_ctrl.itcm_active_dffr.qout_r	-1.165400	-0.606228
dbg_step_r	u_eI_cpu.u_eJ_clk_ctrl.u_biu_clkgate.enb	-1.161100	-0.550844
dbg_step_r	u_eI_cpu.u_eJ_itcm_ctrl.u_sram_icb_ctrl.u_sirv_Kcyc_sram_ctrl.u_ram_clkgate.enb	-1.143900	-0.622275
dbg_mode	u_eI_cpu.u_eJ_itcm_ctrl.u_itcm_icb_extKitcm_nLw.fifo_dp_M.u_sirv_gnrl_nNw_fifo.dp_gt_O.dat_dfflr.qout_r	-1.140500	-0.205792
u_eI_cpu.u_eJ_core.u_eK_ifu.u_eL_ifu_ifetch.ir_rsMidx_dfflr.qout_r[N]	extIdtcm_icb_cmd_ready	-1.136500	-1.189721
dbg_step_r	u_eI_cpu.u_eJ_core.u_eK_exu.u_eL_exu_alu.u_eM_exu_alu_dpath.sbf_N_dffl.qout_r[O]	-1.131400	-0.518373
dbg_mode	u_eI_cpu.u_eJ_itcm_ctrl.u_itcm_icb_lsuKitcm_nLw.fifo_dp_M.u_sirv_gnrl_nNw_fifo.dp_gt_O.dat_dfflr.qout_r	-1.124800	-0.281745
dbg_mode	u_eI_cpu.u_eJ_clk_ctrl.u_dtcm_clkgate.enb	-1.121600	-0.349666
dbg_halt_r	u_eI_cpu.u_eJ_core.u_eK_ifu.u_eL_ifu_ifetch.pc_dfflr.qout_r[M]	-1.117100	-0.684565
dbg_step_r	u_eI_cpu.u_eJ_core.u_eK_exu.u_eL_exu_alu.u_eM_exu_alu_dpath.sbf_N_dffl.qout_r[O]	-1.110500	-0.517463
dbg_step_r	u_eI_cpu.u_eJ_core.u_eK_ifu.u_eL_ifu_ifetch.ir_valid_dfflr.qout_r	-1.109300	-0.567550
dbg_step_r	u_eI_srams.u_eJ_itcm_ram.u_eK_itcm_gnrl_ram.u_sirv_sim_ram.mem_r[L][M]	-1.101100	-0.458462
dbg_mode	u_eI_cpu.u_eJ_core.u_eK_exu.u_eL_exu_csr.minstreth_dfflr.qout_r[M]	-1.096400	-0.335402
dbg_mode	u_eI_cpu.u_eJ_itcm_ctrl.u_itcm_icb_extKitcm_nLw.fifo_dp_M.u_sirv_gnrl_nNw_fifo.dp_gt_O.vld_dfflr.qout_r	-1.094800	-0.181657
dbg_halt_r	u_eI_cpu.u_eJ_core.u_eK_ifu.u_eL_ifu_iftMicb.leftover_dffl.qout_r[N]	-1.093700	-0.682229
dbg_halt_r	u_eI_cpu.u_eJ_core.u_eK_ifu.u_eL_ifu_ifetch.ifu_hi_ir_dfflr.qout_r[M]	-1.092100	-0.637042
dbg_halt_r	u_eI_cpu.u_eJ_core.u_eK_ifu.u_eL_ifu_ifetch.ir_rsMidx_dfflr.qout_r[N]	-1.090500	-0.639404
dbg_step_r	u_eI_cpu.u_eJ_core.u_eK_ifu.u_eL_ifu_iftMicb.u_eN_ifetch_rsp_bypbuf.u_bypbuf_fifo.dp_gtO.vec_P_dfflr.qout_r	-1.089500	-0.547401
dbg_halt_r	u_eI_cpu.u_eJ_core.u_eK_biu.u_sirv_gnrl_icb_buffer.u_sirv_gnrl_cmd_fifo.dp_gtL.fifo_rf[M].fifo_rf_dffl.qout_r[N]	-1.088400	-0.655905
dbg_halt_r	u_eI_cpu.u_eJ_core.u_eK_ifu.u_eL_ifu_ifetch.ifu_lo_ir_dfflr.qout_r[M]	-1.088400	-0.612153
dbg_step_r	u_eI_cpu.u_eJ_dtcm_ctrl.u_sram_icb_ctrl.u_byp_icb_cmd_buf.u_bypbuf_fifo.dp_gtK.fifo_rf[L].fifo_rf_dffl.qout_r[M]	-1.088200	-0.457595
dbg_halt_r	u_eI_cpu.u_eJ_core.u_eK_biu.u_sirv_gnrl_icb_buffer.u_sirv_gnrl_cmd_fifo.dp_gtL.vec_M_dfflr.qout_r	-1.085400	-0.635879
dbg_mode	u_eI_cpu.u_eJ_dtcm_ctrl.u_sram_icb_ctrl.u_byp_icb_cmd_buf.u_bypbuf_fifo.dp_gtK.vec_L_dfflr.qout_r	-1.083700	-0.299835
u_eI_cpu.u_eJ_core.u_eK_lsu.u_eL_lsu_ctrl.u_eM_lsu_splt_stage.dp_gt_N.vld_dfflr.qout_r	extIitcm_icb_cmd_ready	-1.081700	-0.992174
dbg_halt_r	u_eI_cpu.u_eJ_core.u_eK_ifu.u_eL_ifu_iftMicb.icb_addr_N_O_dffl.qout_r[P]	-1.080200	-0.652877
dbg_mode	u_eI_cpu.u_eJ_core.u_eK_lsu.u_eL_lsu_ctrl.u_eM_lsu_splt_stage.dp_gt_N.dat_dfflr.qout_r[O]	-1.078600	-0.498438
dbg_mode	u_eI_cpu.u_eJ_itcm_ctrl.u_itcm_icb_arbt.arbt_num_gt_K_gen.dp_L.u_sirv_gnrl_rspid_fifo.dp_gt_M.dat_dfflr.qout_r	-1.076700	-0.261296
dbg_halt_r	u_eI_cpu.u_eJ_itcm_ctrl.u_sram_icb_ctrl.u_byp_icb_cmd_buf.u_bypbuf_fifo.dp_gtK.fifo_rf[L].fifo_rf_dffl.qout_r[M]	-1.076400	-0.620569
dbg_halt_r	u_eI_cpu.u_eJ_core.u_eK_ifu.u_eL_ifu_iftMicb.icb_state_dfflr.qout_r[N]	-1.076000	-0.667339
u_eI_cpu.u_eJ_core.u_eK_ifu.u_eL_ifu_ifetch.ifu_err_dfflr.qout_r	extIitcm_icb_cmd_ready	-1.071400	-0.859044
dbg_mode	u_eI_cpu.u_eJ_core.u_eK_lsu.u_eL_lsu_ctrl.excl_addr_dffl.qout_r[M]	-1.071200	-0.271567
dbg_halt_r	u_eI_cpu.u_eJ_core.u_eK_ifu.u_eL_ifu_ifetch.pc_newpend_dfflr.qout_r	-1.070600	-0.636562
u_eI_cpu.u_eJ_itcm_ctrl.u_sram_icb_ctrl.u_sirv_Kcyc_sram_ctrl.u_eL_stage.dp_gt_M.vld_dfflr.qout_r	extIitcm_icb_cmd_ready	-1.070300	-0.941824
dbg_step_r	u_eI_srams.u_eJ_dtcm_ram.u_eK_dtcm_gnrl_ram.u_sirv_sim_ram.mem_r[L][M]	-1.065500	-0.475358
dbg_halt_r	u_eI_cpu.u_eJ_core.u_eK_biu.u_sirv_gnrl_icb_buffer.outs_cnt_dfflr.qout_r	-1.062900	-0.641766
dbg_mode	u_eI_cpu.u_eJ_itcm_ctrl.u_itcm_icb_lsuKitcm_nLw.fifo_dp_M.u_sirv_gnrl_nNw_fifo.dp_gt_O.vld_dfflr.qout_r	-1.060300	-0.225613
dbg_mode	u_eI_cpu.u_eJ_core.u_eK_exu.u_eL_exu_alu.u_eM_exu_alu_muldiv.part_remd_sftN_dfflr.qout_r	-1.058700	-0.541162
dbg_mode	u_eI_cpu.u_eJ_core.u_eK_exu.u_eL_exu_alu.u_eM_exu_alu_muldiv.part_prdt_sftN_dfflr.qout_r	-1.056200	-0.502379
dbg_halt_r	u_eI_cpu.u_eJ_core.u_eK_ifu.u_eL_ifu_iftMicb.u_eN_ifetch_rsp_bypbuf.u_bypbuf_fifo.dp_gtO.fifo_rf[P].fifo_rf_dffl.qout_r[Q]	-1.055800	-0.645085
dbg_mode	u_eI_cpu.u_eJ_core.u_eK_lsu.u_eL_lsu_ctrl.excl_flg_dffl.qout_r	-1.051200	-0.398057
dbg_halt_r	u_eI_cpu.u_eJ_core.u_eK_biu.u_sirv_gnrl_icb_buffer.u_sirv_gnrl_cmd_fifo.dp_gtL.vec_M_dfflrs.qout_r	-1.049500	-0.643886
dbg_halt_r	u_eI_cpu.u_eJ_itcm_ctrl.u_sram_icb_ctrl.u_sirv_Kcyc_sram_ctrl.u_eL_stage.dp_gt_M.vld_dfflr.qout_r	-1.048300	-0.626684
dbg_halt_r	u_eI_cpu.u_eJ_core.u_eK_ifu.u_eL_ifu_iftMicb.leftover_err_dfflr.qout_r	-1.048200	-0.677391
dbg_step_r	u_eI_cpu.u_eJ_dtcm_ctrl.u_sram_icb_ctrl.u_byp_icb_cmd_buf.u_bypbuf_fifo.dp_gtK.vec_L_dfflrs.qout_r	-1.045900	-0.250157
dbg_halt_r	u_eI_cpu.u_eJ_core.u_eK_biu.u_biu_icb_arbt.arbt_num_gt_L_gen.dp_M.u_sirv_gnrl_rspid_fifo.dp_gt_N.dat_dfflr.qout_r	-1.045500	-0.645475
dbg_halt_r	u_eI_cpu.u_eJ_core.u_eK_ifu.u_eL_ifu_iftMicb.req_lane_cross_dfflr.qout_r	-1.045300	-0.669441
dbg_halt_r	u_eI_cpu.u_eJ_core.u_eK_ifu.u_eL_ifu_iftMicb.req_need_Nuop_dfflr.qout_r	-1.045300	-0.674177
dbg_halt_r	u_eI_cpu.u_eJ_core.u_eK_ifu.u_eL_ifu_iftMicb.req_same_cross_holdup_dfflr.qout_r	-1.045300	-0.674550
dbg_mode	u_eI_cpu.u_eJ_clk_ctrl.dtcm_active_dffr.qout_r	-1.044300	-0.313086
u_eI_cpu.u_eJ_core.u_eK_exu.u_eL_exu_alu.u_eM_exu_alu_lsuagu.icb_state_dfflr.qout_r[N]	extIitcm_icb_cmd_ready	-1.044200	-0.898880
dbg_halt_r	u_eI_cpu.u_eJ_core.u_eK_ifu.u_eL_ifu_ifetch.ifu_err_dfflr.qout_r	-1.043100	-0.588654
dbg_halt_r	u_eI_cpu.u_eJ_core.u_eK_ifu.u_eL_ifu_ifetch.ifu_prdt_taken_dfflr.qout_r	-1.043100	-0.612792
dbg_halt_r	u_eI_cpu.u_eJ_core.u_eK_ifu.u_eL_ifu_ifetch.ir_muldiv_bMb_dfflr.qout_r	-1.043100	-0.584592
dbg_halt_r	u_eI_cpu.u_eJ_itcm_ctrl.ifu_holdup_dffl.qout_r	-1.043100	-0.621345
u_eI_cpu.u_eJ_core.u_eK_exu.u_eL_exu_oitf.depth_gtM.alc_ptr_dfflrs.qout_r	extIitcm_icb_cmd_ready	-1.042100	-0.935143
dbg_halt_r	u_eI_cpu.u_eJ_itcm_ctrl.u_sram_icb_ctrl.u_sirv_Kcyc_sram_ctrl.u_eL_stage.dp_gt_M.dat_dfflr.qout_r[N]	-1.042000	-0.620949
u_eI_cpu.u_eJ_itcm_ctrl.u_itcm_icb_arbt.arbt_num_gt_K_gen.dp_L.u_sirv_gnrl_rspid_fifo.dp_gt_M.vld_dfflr.qout_r	extIitcm_icb_cmd_ready	-1.037600	-0.937022
dbg_halt_r	u_eI_cpu.u_eJ_itcm_ctrl.u_sram_icb_ctrl.u_byp_icb_cmd_buf.u_bypbuf_fifo.dp_gtK.vec_L_dfflr.qout_r	-1.037000	-0.612943
dbg_halt_r	u_eI_cpu.u_eJ_core.u_eK_ifu.u_eL_ifu_iftMicb.icbNitcm_dfflr.qout_r	-1.036900	-0.643834
dbg_halt_r	u_eI_cpu.u_eJ_itcm_ctrl.u_sram_icb_ctrl.u_byp_icb_cmd_buf.u_bypbuf_fifo.dp_gtK.vec_L_dfflrs.qout_r	-1.036400	-0.612093
u_eI_cpu.u_eJ_core.u_eK_lsu.u_eL_lsu_ctrl.u_eM_lsu_splt_stage.dp_gt_N.dat_dfflr.qout_r[O]	extIitcm_icb_cmd_ready	-1.034100	-0.932785
dbg_halt_r	u_eI_cpu.u_eJ_core.u_eK_biu.u_biu_icb_arbt.arbt_num_gt_L_gen.dp_M.u_sirv_gnrl_rspid_fifo.dp_gt_N.vld_dfflr.qout_r	-1.034100	-0.635449
u_eI_cpu.u_eJ_core.u_eK_biu.u_biu_icb_arbt.arbt_num_gt_L_gen.dp_M.u_sirv_gnrl_rspid_fifo.dp_gt_N.vld_dfflr.qout_r	extIitcm_icb_cmd_ready	-1.033300	-0.930768
u_eI_cpu.u_eJ_core.u_eK_biu.u_sirv_gnrl_icb_buffer.u_sirv_gnrl_rsp_fifo.dp_gtL.vec_M_dfflr.qout_r	extIitcm_icb_cmd_ready	-1.032500	-0.932511
dbg_mode	u_eI_cpu.u_eJ_core.u_eK_exu.u_eL_exu_csr.minstret_dfflr.qout_r[M]	-1.030500	-0.320300
dbg_halt_r	u_eI_cpu.u_eJ_core.u_eK_ifu.u_eL_ifu_iftMicb.icbNmem_dfflr.qout_r	-1.029900	-0.654139
dbg_mode	u_eI_cpu.u_eJ_core.u_eK_exu.u_eL_exu_oitf.oitf_entries[M].rdidx_dfflrs.qout_r[N]	-1.029000	-0.462474
dbg_mode	u_eI_cpu.u_eJ_core.u_eK_exu.u_eL_exu_oitf.oitf_entries[M].pc_dfflrs.qout_r[N]	-1.029000	-0.460763
dbg_halt_r	u_eI_cpu.u_eJ_core.u_eK_ifu.u_eL_ifu_ifetch.out_flag_dfflr.qout_r	-1.024800	-0.639508
u_eI_cpu.u_eJ_core.u_eK_exu.u_eL_exu_oitf.depth_gtM.ret_ptr_dfflrs.qout_r	extIitcm_icb_cmd_ready	-1.024700	-0.937701
dbg_mode	u_eI_cpu.u_eJ_dtcm_ctrl.u_dtcm_icb_arbt.arbt_num_gt_K_gen.dp_L.u_sirv_gnrl_rspid_fifo.dp_gt_M.vld_dfflr.qout_r	-1.023900	-0.237910
u_eI_cpu.u_eJ_dtcm_ctrl.u_dtcm_icb_arbt.arbt_num_gt_K_gen.dp_L.u_sirv_gnrl_rspid_fifo.dp_gt_M.vld_dfflr.qout_r	extIitcm_icb_cmd_ready	-1.020900	-0.912998
u_eI_cpu.u_eJ_dtcm_ctrl.u_sram_icb_ctrl.u_sirv_Kcyc_sram_ctrl.u_eL_stage.dp_gt_M.vld_dfflr.qout_r	extIitcm_icb_cmd_ready	-1.020000	-0.913922
u_eI_cpu.u_eJ_core.u_eK_exu.u_eL_exu_oitf.depth_gtM.alc_ptr_flg_dfflrs.qout_r	extIitcm_icb_cmd_ready	-1.018200	-0.977558
u_eI_cpu.u_eJ_core.u_eK_exu.u_eL_exu_oitf.depth_gtM.ret_ptr_flg_dfflrs.qout_r	extIitcm_icb_cmd_ready	-1.016400	-0.955236
dbg_step_r	u_eI_cpu.u_eJ_itcm_ctrl.u_itcm_icb_extKitcm_nLw.fifo_dp_M.u_sirv_gnrl_nNw_fifo.dp_gt_O.dat_dfflr.qout_r	-1.015900	-0.128259
dbg_halt_r	u_eI_cpu.u_eJ_core.u_eK_ifu.u_eL_ifu_iftMicb.u_eN_ifetch_rsp_bypbuf.u_bypbuf_fifo.dp_gtO.vec_P_dfflrs.qout_r	-1.012000	-0.578145
u_eI_cpu.u_eJ_itcm_ctrl.u_itcm_icb_arbt.arbt_num_gt_K_gen.dp_L.u_sirv_gnrl_rspid_fifo.dp_gt_M.dat_dfflr.qout_r	extIitcm_icb_cmd_ready	-1.011400	-0.875143
u_eI_cpu.u_eJ_core.u_eK_biu.u_biu_icb_arbt.arbt_num_gt_L_gen.dp_M.u_sirv_gnrl_rspid_fifo.dp_gt_N.dat_dfflr.qout_r	extIitcm_icb_cmd_ready	-1.006900	-0.904325
dbg_halt_r	u_eI_cpu.u_eJ_clk_ctrl.u_itcm_clkgate.enb	-1.006700	-0.604850
dbg_mode	u_eI_cpu.u_eJ_dtcm_ctrl.u_sram_icb_ctrl.u_sirv_Kcyc_sram_ctrl.u_eL_stage.dp_gt_M.vld_dfflr.qout_r	-1.005600	-0.405374
u_eI_cpu.u_eJ_core.u_eK_exu.u_eL_exu_regfile.regfile[M].rfnoN.rf_dffl.qout_r[O]	extIitcm_icb_cmd_ready	-1.002100	-1.058196
dbg_halt_r	u_eI_cpu.u_eJ_core.u_eK_ifu.u_eL_ifu_ifetch.reset_req_dfflr.qout_r	-1.001700	-0.626270
dbg_mode	u_eI_cpu.u_eJ_core.u_eK_exu.u_eL_exu_oitf.depth_gtM.alc_ptr_dfflrs.qout_r	-1.001300	-0.418710
dbg_halt_r	u_eI_cpu.u_eJ_core.u_eK_ifu.u_eL_ifu_ifetch.dly_flush_dfflr.qout_r	-1.000900	-0.619270
dbg_step_r	u_eI_cpu.u_eJ_itcm_ctrl.u_itcm_icb_lsuKitcm_nLw.fifo_dp_M.u_sirv_gnrl_nNw_fifo.dp_gt_O.dat_dfflr.qout_r	-1.000100	-0.204212
u_eI_cpu.u_eJ_itcm_ctrl.u_sram_icb_ctrl.u_sirv_Kcyc_sram_ctrl.u_eL_stage.dp_gt_M.dat_dfflr.qout_r[N]	extIitcm_icb_cmd_ready	-0.998000	-0.899762
dbg_mode	u_eI_cpu.u_eJ_core.u_eK_exu.u_eL_exu_oitf.oitf_entries[M].vld_dfflrs.qout_r	-0.997700	-0.431334
dbg_step_r	u_eI_cpu.u_eJ_clk_ctrl.u_dtcm_clkgate.enb	-0.997000	-0.272132
dbg_mode	u_eI_cpu.u_eJ_dtcm_ctrl.u_sram_icb_ctrl.u_sirv_Kcyc_sram_ctrl.u_ram_clkgate.enb	-0.995900	-0.399188
dbg_halt_r	u_eI_cpu.u_eJ_clk_ctrl.itcm_active_dffr.qout_r	-0.995900	-0.605030
u_eI_cpu.u_eJ_core.u_eK_lsu.u_eL_lsu_ctrl.u_eM_lsu_splt_stage.dp_gt_N.vld_dfflr.qout_r	extIdtcm_icb_cmd_ready	-0.993700	-0.982148
dbg_mode	u_eI_cpu.u_eJ_dtcm_ctrl.u_dtcm_icb_arbt.arbt_num_gt_K_gen.dp_L.u_sirv_gnrl_rspid_fifo.dp_gt_M.dat_dfflr.qout_r	-0.991800	-0.181292
dbg_halt_r	u_eI_cpu.u_eJ_clk_ctrl.u_biu_clkgate.enb	-0.991600	-0.549645
dbg_mode	u_eI_cpu.u_eJ_itcm_ctrl.u_itcm_icb_arbt.arbt_num_gt_K_gen.dp_L.u_sirv_gnrl_rspid_fifo.dp_gt_M.vld_dfflr.qout_r	-0.986900	-0.291504
u_eI_cpu.u_eJ_core.u_eK_exu.u_eL_exu_csr.mie_dfflr.qout_r[M]	extIitcm_icb_cmd_ready	-0.986100	-0.931596
u_eI_cpu.u_eJ_core.u_eK_ifu.u_eL_ifu_ifetch.ifu_err_dfflr.qout_r	extIdtcm_icb_cmd_ready	-0.983300	-0.850727
u_eI_cpu.u_eJ_itcm_ctrl.u_sram_icb_ctrl.u_sirv_Kcyc_sram_ctrl.u_eL_stage.dp_gt_M.vld_dfflr.qout_r	extIdtcm_icb_cmd_ready	-0.982300	-0.931797
dbg_mode	u_eI_cpu.u_eJ_core.u_eK_exu.u_eL_exu_alu.u_eM_exu_alu_lsuagu.icb_state_dfflr.qout_r[N]	-0.977400	-0.434985
dbg_halt_r	u_eI_cpu.u_eJ_itcm_ctrl.u_sram_icb_ctrl.u_sirv_Kcyc_sram_ctrl.u_ram_clkgate.enb	-0.974400	-0.621077
dbg_mode	u_eI_cpu.u_eJ_core.u_eK_exu.u_eL_exu_oitf.depth_gtM.alc_ptr_flg_dfflrs.qout_r	-0.973400	-0.434185
dbg_mode	u_eI_cpu.u_eJ_core.u_eK_exu.u_eL_exu_oitf.oitf_entries[M].rdwen_dfflrs.qout_r	-0.973100	-0.435015
dbg_step_r	u_eI_cpu.u_eJ_core.u_eK_exu.u_eL_exu_csr.minstreth_dfflr.qout_r[M]	-0.971800	-0.257868
dbg_step_r	u_eI_cpu.u_eJ_itcm_ctrl.u_itcm_icb_extKitcm_nLw.fifo_dp_M.u_sirv_gnrl_nNw_fifo.dp_gt_O.vld_dfflr.qout_r	-0.970200	-0.104123
dbg_mode	u_eI_cpu.u_eJ_core.u_eK_exu.u_eL_exu_csr.badaddr_dfflr.qout_r[M]	-0.967900	-0.534207
u_eI_cpu.u_eJ_dtcm_ctrl.u_dtcm_icb_arbt.arbt_num_gt_K_gen.dp_L.u_sirv_gnrl_rspid_fifo.dp_gt_M.dat_dfflr.qout_r	extIitcm_icb_cmd_ready	-0.966900	-0.861648
dbg_mode	u_eI_cpu.u_eJ_core.u_eK_ifu.u_eL_ifu_ifetch.ifu_pc_dfflr.qout_r[M]	-0.966600	-0.450071
u_eI_cpu.u_eJ_irq_sync.master_gen.u_tmr_irq_sync.sync_gen[K].i_is_not_L.sync_dffr.qout_r	extIitcm_icb_cmd_ready	-0.962600	-0.925435
dbg_halt_r	u_eI_cpu.u_eJ_core.u_eK_exu.u_eL_exu_alu.u_eM_exu_alu_dpath.sbf_N_dffl.qout_r[O]	-0.962000	-0.517174
dbg_mode	u_eI_cpu.u_eJ_core.u_eK_exu.u_eL_exu_regfile.regfile[M].rfnoN.rf_dffl.qout_r[O]	-0.959700	-0.294582
dbg_step_r	u_eI_cpu.u_eJ_dtcm_ctrl.u_sram_icb_ctrl.u_byp_icb_cmd_buf.u_bypbuf_fifo.dp_gtK.vec_L_dfflr.qout_r	-0.959100	-0.222302
u_eI_cpu.u_eJ_core.u_eK_exu.u_eL_exu_alu.u_eM_exu_alu_lsuagu.icb_state_dfflr.qout_r[N]	extIdtcm_icb_cmd_ready	-0.956100	-0.890103
u_eI_cpu.u_eJ_irq_sync.master_gen.u_sft_irq_sync.sync_gen[K].i_is_not_L.sync_dffr.qout_r	extIitcm_icb_cmd_ready	-0.954300	-0.909291
u_eI_cpu.u_eJ_core.u_eK_exu.u_eL_exu_oitf.depth_gtM.alc_ptr_dfflrs.qout_r	extIdtcm_icb_cmd_ready	-0.954100	-0.925116
dbg_step_r	u_eI_cpu.u_eJ_core.u_eK_lsu.u_eL_lsu_ctrl.u_eM_lsu_splt_stage.dp_gt_N.dat_dfflr.qout_r[O]	-0.954000	-0.420905
u_eI_cpu.u_eJ_core.u_eK_lsu.u_eL_lsu_ctrl.u_lsu_icb_arbt.arbt_num_gt_M_gen.dp_N.u_sirv_gnrl_rspid_fifo.dp_gt_O.vld_dfflr.qout_r	extIitcm_icb_cmd_ready	-0.953600	-0.877592
dbg_step_r	u_eI_cpu.u_eJ_itcm_ctrl.u_itcm_icb_arbt.arbt_num_gt_K_gen.dp_L.u_sirv_gnrl_rspid_fifo.dp_gt_M.dat_dfflr.qout_r	-0.952100	-0.183762
u_eI_cpu.u_eJ_itcm_ctrl.u_itcm_icb_arbt.arbt_num_gt_K_gen.dp_L.u_sirv_gnrl_rspid_fifo.dp_gt_M.vld_dfflr.qout_r	extIdtcm_icb_cmd_ready	-0.949500	-0.926996
u_eI_cpu.u_eJ_irq_sync.master_gen.u_ext_irq_sync.sync_gen[K].i_is_not_L.sync_dffr.qout_r	extIitcm_icb_cmd_ready	-0.949000	-0.894074
dbg_step_r	u_eI_cpu.u_eJ_core.u_eK_lsu.u_eL_lsu_ctrl.excl_addr_dffl.qout_r[M]	-0.946500	-0.194034
u_eI_cpu.u_eJ_core.u_eK_lsu.u_eL_lsu_ctrl.u_eM_lsu_splt_stage.dp_gt_N.dat_dfflr.qout_r[O]	extIdtcm_icb_cmd_ready	-0.946100	-0.922758
u_eI_cpu.u_eJ_core.u_eK_biu.u_biu_icb_arbt.arbt_num_gt_L_gen.dp_M.u_sirv_gnrl_rspid_fifo.dp_gt_N.vld_dfflr.qout_r	extIdtcm_icb_cmd_ready	-0.945200	-0.920741
u_eI_cpu.u_eJ_core.u_eK_biu.u_sirv_gnrl_icb_buffer.u_sirv_gnrl_rsp_fifo.dp_gtL.vec_M_dfflr.qout_r	extIdtcm_icb_cmd_ready	-0.944400	-0.922484
dbg_halt_r	u_eI_cpu.u_eJ_core.u_eK_exu.u_eL_exu_alu.u_eM_exu_alu_dpath.sbf_N_dffl.qout_r[O]	-0.941000	-0.516264
u_eI_cpu.u_eJ_core.u_eK_lsu.u_eL_lsu_ctrl.u_lsu_icb_arbt.arbt_num_gt_M_gen.dp_N.u_sirv_gnrl_rspid_fifo.dp_gt_O.dat_dfflr.qout_r	extIitcm_icb_cmd_ready	-0.940100	-0.845381
dbg_halt_r	u_eI_cpu.u_eJ_core.u_eK_ifu.u_eL_ifu_ifetch.ir_valid_dfflr.qout_r	-0.939800	-0.566352
u_eI_cpu.u_eJ_core.u_eK_exu.u_eL_exu_oitf.depth_gtM.ret_ptr_dfflrs.qout_r	extIdtcm_icb_cmd_ready	-0.936600	-0.927675
dbg_step_r	u_eI_cpu.u_eJ_itcm_ctrl.u_itcm_icb_lsuKitcm_nLw.fifo_dp_M.u_sirv_gnrl_nNw_fifo.dp_gt_O.vld_dfflr.qout_r	-0.935700	-0.148080
dbg_mode	u_eI_cpu.u_eJ_core.u_eK_ifu.u_eL_ifu_ifetch.ir_pc_vld_dfflr.qout_r	-0.934100	-0.422823
dbg_step_r	u_eI_cpu.u_eJ_core.u_eK_exu.u_eL_exu_alu.u_eM_exu_alu_muldiv.part_remd_sftN_dfflr.qout_r	-0.934100	-0.463629
u_eI_cpu.u_eJ_dtcm_ctrl.u_dtcm_icb_arbt.arbt_num_gt_K_gen.dp_L.u_sirv_gnrl_rspid_fifo.dp_gt_M.vld_dfflr.qout_r	extIdtcm_icb_cmd_ready	-0.932800	-0.902972
u_eI_cpu.u_eJ_dtcm_ctrl.u_sram_icb_ctrl.u_sirv_Kcyc_sram_ctrl.u_eL_stage.dp_gt_M.vld_dfflr.qout_r	extIdtcm_icb_cmd_ready	-0.932000	-0.903896
dbg_halt_r	u_eI_srams.u_eJ_itcm_ram.u_eK_itcm_gnrl_ram.u_sirv_sim_ram.mem_r[L][M]	-0.931600	-0.457264
dbg_step_r	u_eI_cpu.u_eJ_core.u_eK_exu.u_eL_exu_alu.u_eM_exu_alu_muldiv.part_prdt_sftN_dfflr.qout_r	-0.931600	-0.424847
u_eI_cpu.u_eJ_core.u_eK_exu.u_eL_exu_oitf.depth_gtM.alc_ptr_flg_dfflrs.qout_r	extIdtcm_icb_cmd_ready	-0.930200	-0.967532
dbg_mode	u_eI_cpu.u_eJ_core.u_eK_exu.u_eL_exu_alu.u_eM_exu_alu_muldiv.exec_cnt_dfflr.qout_r[N]	-0.929500	-0.413864
u_eI_cpu.u_eJ_core.u_eK_exu.u_eL_exu_oitf.depth_gtM.ret_ptr_flg_dfflrs.qout_r	extIdtcm_icb_cmd_ready	-0.928300	-0.945209
dbg_step_r	u_eI_cpu.u_eJ_core.u_eK_lsu.u_eL_lsu_ctrl.excl_flg_dffl.qout_r	-0.926500	-0.320524
u_eI_cpu.u_eJ_itcm_ctrl.u_itcm_icb_arbt.arbt_num_gt_K_gen.dp_L.u_sirv_gnrl_rspid_fifo.dp_gt_M.dat_dfflr.qout_r	extIdtcm_icb_cmd_ready	-0.923400	-0.865116
u_eI_cpu.u_eJ_core.u_eK_ifu.u_eL_ifu_ifetch.ifu_lo_ir_dfflr.qout_r[M]	cmt_dcause_ena	-0.923200	-0.985706
dbg_halt_r	u_eI_cpu.u_eJ_core.u_eK_ifu.u_eL_ifu_iftMicb.u_eN_ifetch_rsp_bypbuf.u_bypbuf_fifo.dp_gtO.vec_P_dfflr.qout_r	-0.920000	-0.546202
dbg_step_r	u_eI_cpu.u_eJ_clk_ctrl.dtcm_active_dffr.qout_r	-0.919700	-0.235553
u_eI_cpu.u_eJ_core.u_eK_biu.u_biu_icb_arbt.arbt_num_gt_L_gen.dp_M.u_sirv_gnrl_rspid_fifo.dp_gt_N.dat_dfflr.qout_r	extIdtcm_icb_cmd_ready	-0.918900	-0.894299
dbg_halt_r	u_eI_cpu.u_eJ_dtcm_ctrl.u_sram_icb_ctrl.u_byp_icb_cmd_buf.u_bypbuf_fifo.dp_gtK.fifo_rf[L].fifo_rf_dffl.qout_r[M]	-0.918800	-0.456396
u_eI_cpu.u_eJ_core.u_eK_exu.u_eL_exu_regfile.regfile[M].rfnoN.rf_dffl.qout_r[O]	extIdtcm_icb_cmd_ready	-0.914100	-1.050526
u_eI_cpu.u_eJ_core.u_eK_ifu.u_eL_ifu_ifetch.ifu_lo_ir_dfflr.qout_r[M]	cmt_dcause[I]	-0.913900	-0.971764
u_eI_cpu.u_eJ_itcm_ctrl.u_sram_icb_ctrl.u_sirv_Kcyc_sram_ctrl.u_eL_stage.dp_gt_M.dat_dfflr.qout_r[N]	extIdtcm_icb_cmd_ready	-0.909900	-0.889736
u_eI_cpu.u_eJ_core.u_eK_ifu.u_eL_ifu_ifetch.ifu_lo_ir_dfflr.qout_r[M]	core_wfi	-0.908300	-0.977663
dbg_step_r	u_eI_cpu.u_eJ_core.u_eK_exu.u_eL_exu_csr.minstret_dfflr.qout_r[M]	-0.905900	-0.242767
dbg_mode	u_eI_cpu.u_eJ_core.u_eK_exu.u_eL_exu_csr.cause_dfflr.qout_r[M]	-0.905200	-0.346841
dbg_step_r	u_eI_cpu.u_eJ_core.u_eK_exu.u_eL_exu_oitf.oitf_entries[M].rdidx_dfflrs.qout_r[N]	-0.904300	-0.384941
dbg_step_r	u_eI_cpu.u_eJ_core.u_eK_exu.u_eL_exu_oitf.oitf_entries[M].pc_dfflrs.qout_r[N]	-0.904300	-0.383231
dbg_mode	u_eI_cpu.u_eJ_core.u_eK_exu.u_eL_exu_csr.epc_dfflr.qout_r[M]	-0.903800	-0.496208
dbg_mode	u_eI_cpu.u_eJ_core.u_eK_exu.u_eL_exu_alu.u_eM_exu_alu_muldiv.muldiv_state_dfflr.qout_r[N]	-0.900200	-0.388163
dbg_step_r	u_eI_cpu.u_eJ_dtcm_ctrl.u_dtcm_icb_arbt.arbt_num_gt_K_gen.dp_L.u_sirv_gnrl_rspid_fifo.dp_gt_M.vld_dfflr.qout_r	-0.899200	-0.160377
u_eI_cpu.u_eJ_core.u_eK_exu.u_eL_exu_csr.mie_dfflr.qout_r[M]	extIdtcm_icb_cmd_ready	-0.898000	-0.921570
dbg_halt_r	u_eI_srams.u_eJ_dtcm_ram.u_eK_dtcm_gnrl_ram.u_sirv_sim_ram.mem_r[L][M]	-0.896000	-0.474160
u_eI_cpu.u_eJ_core.u_eK_ifu.u_eL_ifu_ifetch.ifu_hi_ir_dfflr.qout_r[M]	cmt_dcause_ena	-0.887400	-0.987685
dbg_mode	u_eI_cpu.u_eJ_core.u_eK_exu.u_eL_exu_alu.u_eM_exu_nice.u_nice_itag_fifo.dp_gtN.vec_O_dfflr.qout_r[P]	-0.886700	-0.020243
dbg_step_r	u_eI_cpu.u_eJ_dtcm_ctrl.u_sram_icb_ctrl.u_sirv_Kcyc_sram_ctrl.u_eL_stage.dp_gt_M.vld_dfflr.qout_r	-0.880900	-0.327840
u_eI_cpu.u_eJ_core.u_eK_ifu.u_eL_ifu_ifetch.ifu_lo_ir_dfflr.qout_r[M]	cmt_dpc_ena	-0.879400	-0.964812
u_eI_cpu.u_eJ_dtcm_ctrl.u_dtcm_icb_arbt.arbt_num_gt_K_gen.dp_L.u_sirv_gnrl_rspid_fifo.dp_gt_M.dat_dfflr.qout_r	extIdtcm_icb_cmd_ready	-0.878800	-0.851622
u_eI_cpu.u_eJ_core.u_eK_exu.u_eL_exu_alu.u_eM_exu_alu_muldiv.muldiv_state_dfflr.qout_r[N]	extIitcm_icb_cmd_ready	-0.878200	-0.774980
u_eI_cpu.u_eJ_core.u_eK_ifu.u_eL_ifu_ifetch.ifu_hi_ir_dfflr.qout_r[M]	cmt_dcause[I]	-0.878200	-0.973359
dbg_step_r	u_eI_cpu.u_eJ_core.u_eK_exu.u_eL_exu_oitf.depth_gtM.alc_ptr_dfflrs.qout_r	-0.876600	-0.341178
dbg_halt_r	u_eI_cpu.u_eJ_dtcm_ctrl.u_sram_icb_ctrl.u_byp_icb_cmd_buf.u_bypbuf_fifo.dp_gtK.vec_L_dfflrs.qout_r	-0.876500	-0.248959
u_eI_cpu.u_eJ_irq_sync.master_gen.u_tmr_irq_sync.sync_gen[K].i_is_not_L.sync_dffr.qout_r	extIdtcm_icb_cmd_ready	-0.874600	-0.915408
dbg_step_r	u_eI_cpu.u_eJ_core.u_eK_exu.u_eL_exu_oitf.oitf_entries[M].vld_dfflrs.qout_r	-0.873100	-0.353801
dbg_mode	u_eI_cpu.u_eJ_core.u_eK_exu.u_eL_exu_alu.u_eM_exu_alu_muldiv.flushed_dfflr.qout_r	-0.872600	-0.212294
u_eI_cpu.u_eJ_core.u_eK_ifu.u_eL_ifu_ifetch.ifu_hi_ir_dfflr.qout_r[M]	core_wfi	-0.872500	-0.979259
dbg_mode	u_eI_cpu.u_eJ_core.u_eK_lsu.u_eL_lsu_ctrl.u_lsu_icb_arbt.arbt_num_gt_M_gen.dp_N.u_sirv_gnrl_rspid_fifo.dp_gt_O.dat_dfflr.qout_r	-0.872400	-0.031364
dbg_step_r	u_eI_cpu.u_eJ_dtcm_ctrl.u_sram_icb_ctrl.u_sirv_Kcyc_sram_ctrl.u_ram_clkgate.enb	-0.871300	-0.321655
u_eI_cpu.u_eJ_core.u_eK_exu.u_eL_exu_commit.u_eM_exu_excp.step_req_dfflr.qout_r	extIitcm_icb_cmd_ready	-0.868900	-0.844675
dbg_step_r	u_eI_cpu.u_eJ_dtcm_ctrl.u_dtcm_icb_arbt.arbt_num_gt_K_gen.dp_L.u_sirv_gnrl_rspid_fifo.dp_gt_M.dat_dfflr.qout_r	-0.867200	-0.103759
u_eI_cpu.u_eJ_irq_sync.master_gen.u_sft_irq_sync.sync_gen[K].i_is_not_L.sync_dffr.qout_r	extIdtcm_icb_cmd_ready	-0.866200	-0.899264
u_eI_cpu.u_eJ_core.u_eK_lsu.u_eL_lsu_ctrl.u_lsu_icb_arbt.arbt_num_gt_M_gen.dp_N.u_sirv_gnrl_rspid_fifo.dp_gt_O.vld_dfflr.qout_r	extIdtcm_icb_cmd_ready	-0.865600	-0.867566
dbg_step_r	u_eI_cpu.u_eJ_itcm_ctrl.u_itcm_icb_arbt.arbt_num_gt_K_gen.dp_L.u_sirv_gnrl_rspid_fifo.dp_gt_M.vld_dfflr.qout_r	-0.862300	-0.213971
u_eI_cpu.u_eJ_irq_sync.master_gen.u_ext_irq_sync.sync_gen[K].i_is_not_L.sync_dffr.qout_r	extIdtcm_icb_cmd_ready	-0.861000	-0.884047
dbg_mode	u_eI_cpu.u_eJ_core.u_eK_exu.u_eL_exu_csr.mcycle_dfflr.qout_r[M]	-0.855300	-0.189425
dbg_mode	u_eI_cpu.u_eJ_core.u_eK_ifu.u_eL_ifu_ifetch.u_eM_ifu_litebpu.rsNxn_rdrf_dfflrs.qout_r	-0.853100	-0.420429
dbg_step_r	u_eI_cpu.u_eJ_core.u_eK_exu.u_eL_exu_alu.u_eM_exu_alu_lsuagu.icb_state_dfflr.qout_r[N]	-0.852800	-0.357452
dbg_mode	u_eI_cpu.u_eJ_core.u_eK_exu.u_eL_exu_alu.u_eM_exu_alu_lsuagu.unalgn_flg_dffl.qout_r	-0.852700	-0.304032
u_eI_cpu.u_eJ_core.u_eK_exu.u_eL_exu_csr.status_mie_dfflr.qout_r	extIitcm_icb_cmd_ready	-0.852500	-0.793522
u_eI_cpu.u_eJ_core.u_eK_lsu.u_eL_lsu_ctrl.u_lsu_icb_arbt.arbt_num_gt_M_gen.dp_N.u_sirv_gnrl_rspid_fifo.dp_gt_O.dat_dfflr.qout_r	extIdtcm_icb_cmd_ready	-0.852100	-0.835355
u_eI_cpu.u_eJ_core.u_eK_biu.u_sirv_gnrl_icb_buffer.u_sirv_gnrl_rsp_fifo.dp_gtL.fifo_rf[M].fifo_rf_dffl.qout_r[N]	extIitcm_icb_cmd_ready	-0.850800	-0.812435
dbg_step_r	u_eI_cpu.u_eJ_core.u_eK_exu.u_eL_exu_oitf.depth_gtM.alc_ptr_flg_dfflrs.qout_r	-0.848800	-0.356652
dbg_step_r	u_eI_cpu.u_eJ_core.u_eK_exu.u_eL_exu_oitf.oitf_entries[M].rdwen_dfflrs.qout_r	-0.848500	-0.357482
dbg_halt_r	u_eI_cpu.u_eJ_itcm_ctrl.u_itcm_icb_extKitcm_nLw.fifo_dp_M.u_sirv_gnrl_nNw_fifo.dp_gt_O.dat_dfflr.qout_r	-0.846400	-0.127060
u_eI_cpu.u_eJ_core.u_eK_ifu.u_eL_ifu_ifetch.ifu_hi_ir_dfflr.qout_r[M]	cmt_dpc_ena	-0.843700	-0.966791
dbg_step_r	u_eI_cpu.u_eJ_core.u_eK_exu.u_eL_exu_csr.badaddr_dfflr.qout_r[M]	-0.843300	-0.456674
dbg_step_r	u_eI_cpu.u_eJ_core.u_eK_ifu.u_eL_ifu_ifetch.ifu_pc_dfflr.qout_r[M]	-0.841900	-0.372538
u_eI_cpu.u_eJ_irq_sync.master_gen.u_dbg_irq_sync.sync_gen[K].i_is_not_L.sync_dffr.qout_r	extIitcm_icb_cmd_ready	-0.840400	-0.841801
dbg_mode	u_eI_cpu.u_eJ_core.u_eK_exu.u_eL_exu_csr.mtvec_dfflr.qout_r[M]	-0.837400	-0.166252
dbg_mode	u_eI_cpu.u_eJ_core.u_eK_exu.u_eL_exu_alu.u_eM_exu_nice.u_nice_itag_fifo.dp_gtN.vec_O_dfflrs.qout_r	-0.835100	0.011373
dbg_step_r	u_eI_cpu.u_eJ_core.u_eK_exu.u_eL_exu_regfile.regfile[M].rfnoN.rf_dffl.qout_r[O]	-0.835100	-0.217049
dbg_mode	u_eI_cpu.u_eJ_core.u_eK_exu.u_eL_exu_csr.mcycleh_dfflr.qout_r[M]	-0.833100	-0.184571
u_eI_cpu.u_eJ_core.u_eK_ifu.u_eL_ifu_ifetch.ir_rsMidx_dfflr.qout_r[N]	cmt_dcause_ena	-0.832100	-1.024886
dbg_mode	u_eI_cpu.u_eJ_core.u_eK_exu.u_eL_exu_csr.status_mie_dfflr.qout_r	-0.831800	-0.324801
dbg_halt_r	u_eI_cpu.u_eJ_itcm_ctrl.u_itcm_icb_lsuKitcm_nLw.fifo_dp_M.u_sirv_gnrl_nNw_fifo.dp_gt_O.dat_dfflr.qout_r	-0.830700	-0.203014
dbg_halt_r	u_eI_cpu.u_eJ_clk_ctrl.u_dtcm_clkgate.enb	-0.827500	-0.270934
u_eI_cpu.u_eJ_core.u_eK_ifu.u_eL_ifu_ifetch.ir_rsMidx_dfflr.qout_r[N]	cmt_dcause[I]	-0.822900	-1.010944
dbg_mode	u_eI_cpu.u_eJ_core.u_eK_exu.u_eL_exu_csr.status_mpie_dfflr.qout_r	-0.820200	-0.333992
u_eI_cpu.u_eJ_core.u_eK_ifu.u_eL_ifu_ifetch.ir_rsMidx_dfflr.qout_r[N]	core_wfi	-0.817200	-1.016843
u_eI_cpu.u_eJ_core.u_eK_ifu.u_eL_ifu_ifetch.ifu_lo_ir_dfflr.qout_r[M]	u_eI_cpu.u_eJ_core.u_eK_ifu.u_eL_ifu_ifetch.pc_dfflr.qout_r[M]	-0.816500	-0.516131
dbg_step_r	u_eI_cpu.u_eJ_core.u_eK_ifu.u_eL_ifu_ifetch.ir_pc_vld_dfflr.qout_r	-0.809500	-0.345290
dbg_mode	u_eI_cpu.u_eJ_core.u_eK_exu.u_eL_exu_alu.u_eM_exu_nice.u_nice_itag_fifo.dp_gtN.dp_gtO.wptr_vec_P_dfflr.qout_r[Q]	-0.807100	0.000195
dbg_mode	u_eI_cpu.u_eJ_core.u_eK_exu.u_eL_exu_alu.u_eM_exu_nice.u_nice_itag_fifo.dp_gtN.fifo_rf[O].fifo_rf_dffl.qout_r	-0.805500	0.006446
dbg_step_r	u_eI_cpu.u_eJ_core.u_eK_exu.u_eL_exu_alu.u_eM_exu_alu_muldiv.exec_cnt_dfflr.qout_r[N]	-0.804800	-0.336331
dbg_mode	u_eI_cpu.u_eJ_core.u_eK_exu.u_eL_exu_csr.mscratch_dfflr.qout_r[M]	-0.802500	-0.167938
dbg_halt_r	u_eI_cpu.u_eJ_core.u_eK_exu.u_eL_exu_csr.minstreth_dfflr.qout_r[M]	-0.802300	-0.256670
dbg_halt_r	u_eI_cpu.u_eJ_itcm_ctrl.u_itcm_icb_extKitcm_nLw.fifo_dp_M.u_sirv_gnrl_nNw_fifo.dp_gt_O.vld_dfflr.qout_r	-0.800700	-0.102925
dbg_mode	u_eI_cpu.u_eJ_nice_core.sbuf_cmd_cnt_dfflr.qout_r[K]	-0.795600	-0.077942
u_eI_cpu.u_eJ_core.u_eK_ifu.u_eL_ifu_ifetch.ifu_lo_ir_dfflr.qout_r[M]	u_eI_cpu.u_eJ_core.u_eK_ifu.u_eL_ifu_iftMicb.leftover_dffl.qout_r[N]	-0.793000	-0.513795
u_eI_cpu.u_eJ_core.u_eK_ifu.u_eL_ifu_ifetch.ifu_lo_ir_dfflr.qout_r[M]	u_eI_cpu.u_eJ_core.u_eK_ifu.u_eL_ifu_ifetch.ifu_hi_ir_dfflr.qout_r[M]	-0.791500	-0.468609
u_eI_cpu.u_eJ_core.u_eK_exu.u_eL_exu_alu.u_eM_exu_alu_muldiv.muldiv_state_dfflr.qout_r[N]	extIdtcm_icb_cmd_ready	-0.790100	-0.767311
u_eI_cpu.u_eJ_core.u_eK_ifu.u_eL_ifu_ifetch.ifu_lo_ir_dfflr.qout_r[M]	u_eI_cpu.u_eJ_core.u_eK_ifu.u_eL_ifu_ifetch.ir_rsMidx_dfflr.qout_r[N]	-0.789800	-0.470971
dbg_halt_r	u_eI_cpu.u_eJ_dtcm_ctrl.u_sram_icb_ctrl.u_byp_icb_cmd_buf.u_bypbuf_fifo.dp_gtK.vec_L_dfflr.qout_r	-0.789600	-0.221103
u_eI_cpu.u_eJ_core.u_eK_ifu.u_eL_ifu_ifetch.ir_rsMidx_dfflr.qout_r[N]	cmt_dpc_ena	-0.788400	-1.003992
u_eI_cpu.u_eJ_core.u_eK_ifu.u_eL_ifu_ifetch.ifu_lo_ir_dfflr.qout_r[M]	u_eI_cpu.u_eJ_core.u_eK_biu.u_sirv_gnrl_icb_buffer.u_sirv_gnrl_cmd_fifo.dp_gtL.fifo_rf[M].fifo_rf_dffl.qout_r[N]	-0.787800	-0.487538
u_eI_cpu.u_eJ_core.u_eK_ifu.u_eL_ifu_ifetch.ifu_lo_ir_dfflr.qout_r[M]	u_eI_cpu.u_eJ_core.u_eK_ifu.u_eL_ifu_ifetch.ifu_lo_ir_dfflr.qout_r[M]	-0.787800	-0.443720
u_eI_cpu.u_eJ_core.u_eK_ifu.u_eL_ifu_ifetch.ifu_lo_ir_dfflr.qout_r[M]	u_eI_cpu.u_eJ_core.u_eK_biu.u_sirv_gnrl_icb_buffer.u_sirv_gnrl_cmd_fifo.dp_gtL.vec_M_dfflr.qout_r	-0.784800	-0.467512
dbg_halt_r	u_eI_cpu.u_eJ_core.u_eK_lsu.u_eL_lsu_ctrl.u_eM_lsu_splt_stage.dp_gt_N.dat_dfflr.qout_r[O]	-0.784500	-0.419707
dbg_halt_r	u_eI_cpu.u_eJ_itcm_ctrl.u_itcm_icb_arbt.arbt_num_gt_K_gen.dp_L.u_sirv_gnrl_rspid_fifo.dp_gt_M.dat_dfflr.qout_r	-0.782600	-0.182564
u_eI_cpu.u_eJ_core.u_eK_exu.u_eL_exu_commit.u_eM_exu_excp.step_req_dfflr.qout_r	extIdtcm_icb_cmd_ready	-0.780800	-0.834649
u_eI_cpu.u_eJ_core.u_eK_ifu.u_eL_ifu_ifetch.ifu_hi_ir_dfflr.qout_r[M]	u_eI_cpu.u_eJ_core.u_eK_ifu.u_eL_ifu_ifetch.pc_dfflr.qout_r[M]	-0.780700	-0.523959
dbg_step_r	u_eI_cpu.u_eJ_core.u_eK_exu.u_eL_exu_csr.cause_dfflr.qout_r[M]	-0.780500	-0.269309
u_eI_cpu.u_eJ_core.u_eK_ifu.u_eL_ifu_ifetch.ifu_lo_ir_dfflr.qout_r[M]	u_eI_cpu.u_eJ_core.u_eK_ifu.u_eL_ifu_iftMicb.icb_addr_N_O_dffl.qout_r[P]	-0.779600	-0.484443
dbg_step_r	u_eI_cpu.u_eJ_core.u_eK_exu.u_eL_exu_csr.epc_dfflr.qout_r[M]	-0.779200	-0.418675
dbg_halt_r	u_eI_cpu.u_eJ_core.u_eK_lsu.u_eL_lsu_ctrl.excl_addr_dffl.qout_r[M]	-0.777100	-0.192836
u_eI_cpu.u_eJ_core.u_eK_ifu.u_eL_ifu_ifetch.ifu_lo_ir_dfflr.qout_r[M]	u_eI_cpu.u_eJ_itcm_ctrl.u_sram_icb_ctrl.u_byp_icb_cmd_buf.u_bypbuf_fifo.dp_gtK.fifo_rf[L].fifo_rf_dffl.qout_r[M]	-0.775800	-0.452202
dbg_step_r	u_eI_cpu.u_eJ_core.u_eK_exu.u_eL_exu_alu.u_eM_exu_alu_muldiv.muldiv_state_dfflr.qout_r[N]	-0.775600	-0.310630
u_eI_cpu.u_eJ_core.u_eK_ifu.u_eL_ifu_ifetch.ifu_lo_ir_dfflr.qout_r[M]	u_eI_cpu.u_eJ_core.u_eK_ifu.u_eL_ifu_iftMicb.icb_state_dfflr.qout_r[N]	-0.775300	-0.498905
u_eI_cpu.u_eJ_core.u_eK_exu.u_eL_exu_alu.u_eM_exu_alu_muldiv.exec_cnt_dfflr.qout_r[N]	extIitcm_icb_cmd_ready	-0.774700	-0.833431
u_eI_cpu.u_eJ_core.u_eK_ifu.u_eL_ifu_ifetch.ifu_lo_ir_dfflr.qout_r[M]	u_eI_cpu.u_eJ_core.u_eK_ifu.u_eL_ifu_ifetch.pc_newpend_dfflr.qout_r	-0.770000	-0.468128
dbg_halt_r	u_eI_cpu.u_eJ_itcm_ctrl.u_itcm_icb_lsuKitcm_nLw.fifo_dp_M.u_sirv_gnrl_nNw_fifo.dp_gt_O.vld_dfflr.qout_r	-0.766200	-0.146881
dbg_halt_r	u_eI_cpu.u_eJ_core.u_eK_exu.u_eL_exu_alu.u_eM_exu_alu_muldiv.part_remd_sftN_dfflr.qout_r	-0.764600	-0.462431
u_eI_cpu.u_eJ_core.u_eK_exu.u_eL_exu_csr.status_mie_dfflr.qout_r	extIdtcm_icb_cmd_ready	-0.764400	-0.783496
u_eI_cpu.u_eJ_core.u_eK_biu.u_sirv_gnrl_icb_buffer.u_sirv_gnrl_rsp_fifo.dp_gtL.fifo_rf[M].fifo_rf_dffl.qout_r[N]	extIdtcm_icb_cmd_ready	-0.762700	-0.804765
u_eI_cpu.u_eJ_core.u_eK_ifu.u_eL_ifu_ifetch.ifu_lo_ir_dfflr.qout_r[M]	u_eI_cpu.u_eJ_core.u_eK_biu.u_sirv_gnrl_icb_buffer.outs_cnt_dfflr.qout_r	-0.762300	-0.473399
dbg_halt_r	u_eI_cpu.u_eJ_core.u_eK_exu.u_eL_exu_alu.u_eM_exu_alu_muldiv.part_prdt_sftN_dfflr.qout_r	-0.762100	-0.423648
dbg_step_r	u_eI_cpu.u_eJ_core.u_eK_exu.u_eL_exu_alu.u_eM_exu_nice.u_nice_itag_fifo.dp_gtN.vec_O_dfflr.qout_r[P]	-0.762100	0.057290
dbg_mode	u_eI_cpu.u_eJ_core.u_eK_lsu.u_eL_lsu_ctrl.u_eM_lsu_splt_stage.dp_gt_N.vld_dfflr.qout_r	-0.761900	-0.033752
dbg_mode	u_eI_cpu.u_eJ_core.u_eK_lsu.u_eL_lsu_ctrl.u_lsu_icb_arbt.arbt_num_gt_M_gen.dp_N.u_sirv_gnrl_rspid_fifo.dp_gt_O.vld_dfflr.qout_r	-0.761900	-0.032348
dbg_mode	u_eI_cpu.u_eJ_clk_ctrl.u_ifu_clkgate.enb	-0.758300	-0.122935
u_eI_cpu.u_eJ_core.u_eK_ifu.u_eL_ifu_ifetch.ifu_hi_ir_dfflr.qout_r[M]	u_eI_cpu.u_eJ_core.u_eK_ifu.u_eL_ifu_iftMicb.leftover_dffl.qout_r[N]	-0.757300	-0.521624
dbg_halt_r	u_eI_cpu.u_eJ_core.u_eK_lsu.u_eL_lsu_ctrl.excl_flg_dffl.qout_r	-0.757100	-0.319325
u_eI_cpu.u_eJ_core.u_eK_ifu.u_eL_ifu_ifetch.ifu_hi_ir_dfflr.qout_r[M]	u_eI_cpu.u_eJ_core.u_eK_ifu.u_eL_ifu_ifetch.ifu_hi_ir_dfflr.qout_r[M]	-0.755700	-0.476437
u_eI_cpu.u_eJ_core.u_eK_ifu.u_eL_ifu_ifetch.ifu_lo_ir_dfflr.qout_r[M]	u_eI_cpu.u_eJ_core.u_eK_ifu.u_eL_ifu_iftMicb.u_eN_ifetch_rsp_bypbuf.u_bypbuf_fifo.dp_gtO.fifo_rf[P].fifo_rf_dffl.qout_r[Q]	-0.755200	-0.476652
u_eI_cpu.u_eJ_core.u_eK_ifu.u_eL_ifu_ifetch.ifu_hi_ir_dfflr.qout_r[M]	u_eI_cpu.u_eJ_core.u_eK_ifu.u_eL_ifu_ifetch.ir_rsMidx_dfflr.qout_r[N]	-0.754100	-0.478799
u_eI_cpu.u_eJ_irq_sync.master_gen.u_dbg_irq_sync.sync_gen[K].i_is_not_L.sync_dffr.qout_r	extIdtcm_icb_cmd_ready	-0.752400	-0.831775
u_eI_cpu.u_eJ_core.u_eK_ifu.u_eL_ifu_ifetch.ifu_hi_ir_dfflr.qout_r[M]	u_eI_cpu.u_eJ_core.u_eK_biu.u_sirv_gnrl_icb_buffer.u_sirv_gnrl_cmd_fifo.dp_gtL.fifo_rf[M].fifo_rf_dffl.qout_r[N]	-0.752000	-0.495366
u_eI_cpu.u_eJ_core.u_eK_ifu.u_eL_ifu_ifetch.ifu_hi_ir_dfflr.qout_r[M]	u_eI_cpu.u_eJ_core.u_eK_ifu.u_eL_ifu_ifetch.ifu_lo_ir_dfflr.qout_r[M]	-0.752000	-0.451548
dbg_mode	u_eI_cpu.u_eJ_core.u_eK_exu.u_eL_exu_csr.mie_dfflr.qout_r[M]	-0.751000	-0.122210
dbg_halt_r	u_eI_cpu.u_eJ_clk_ctrl.dtcm_active_dffr.qout_r	-0.750200	-0.234355
u_eI_cpu.u_eJ_core.u_eK_ifu.u_eL_ifu_ifetch.ifu_hi_ir_dfflr.qout_r[M]	u_eI_cpu.u_eJ_core.u_eK_biu.u_sirv_gnrl_icb_buffer.u_sirv_gnrl_cmd_fifo.dp_gtL.vec_M_dfflr.qout_r	-0.749000	-0.475340
u_eI_cpu.u_eJ_core.u_eK_ifu.u_eL_ifu_ifetch.ifu_lo_ir_dfflr.qout_r[M]	u_eI_cpu.u_eJ_core.u_eK_biu.u_sirv_gnrl_icb_buffer.u_sirv_gnrl_cmd_fifo.dp_gtL.vec_M_dfflrs.qout_r	-0.748800	-0.475519
dbg_mode	u_eI_cpu.u_eJ_core.u_eK_exu.u_eL_exu_csr.counterstop_dfflr.qout_r[M]	-0.748300	-0.156030
dbg_step_r	u_eI_cpu.u_eJ_core.u_eK_exu.u_eL_exu_alu.u_eM_exu_alu_muldiv.flushed_dfflr.qout_r	-0.747900	-0.134761
dbg_step_r	u_eI_cpu.u_eJ_core.u_eK_lsu.u_eL_lsu_ctrl.u_lsu_icb_arbt.arbt_num_gt_M_gen.dp_N.u_sirv_gnrl_rspid_fifo.dp_gt_O.dat_dfflr.qout_r	-0.747800	0.046169
u_eI_cpu.u_eJ_core.u_eK_ifu.u_eL_ifu_ifetch.ifu_lo_ir_dfflr.qout_r[M]	u_eI_cpu.u_eJ_itcm_ctrl.u_sram_icb_ctrl.u_sirv_Kcyc_sram_ctrl.u_eL_stage.dp_gt_M.vld_dfflr.qout_r	-0.747700	-0.458317
u_eI_cpu.u_eJ_core.u_eK_ifu.u_eL_ifu_ifetch.ifu_lo_ir_dfflr.qout_r[M]	u_eI_cpu.u_eJ_core.u_eK_ifu.u_eL_ifu_iftMicb.leftover_err_dfflr.qout_r	-0.747600	-0.508958
u_eI_cpu.u_eJ_core.u_eK_ifu.u_eL_ifu_ifetch.ifu_lo_ir_dfflr.qout_r[M]	u_eI_cpu.u_eJ_core.u_eK_biu.u_biu_icb_arbt.arbt_num_gt_L_gen.dp_M.u_sirv_gnrl_rspid_fifo.dp_gt_N.dat_dfflr.qout_r	-0.744900	-0.477108
dbg_mode	u_eI_cpu.u_eJ_core.u_eK_exu.u_eL_exu_csr.mdvnobMb_dfflr.qout_r[N]	-0.744900	-0.153691
u_eI_cpu.u_eJ_core.u_eK_ifu.u_eL_ifu_ifetch.ifu_lo_ir_dfflr.qout_r[M]	u_eI_cpu.u_eJ_core.u_eK_ifu.u_eL_ifu_iftMicb.req_lane_cross_dfflr.qout_r	-0.744700	-0.501007
u_eI_cpu.u_eJ_core.u_eK_ifu.u_eL_ifu_ifetch.ifu_lo_ir_dfflr.qout_r[M]	u_eI_cpu.u_eJ_core.u_eK_ifu.u_eL_ifu_iftMicb.req_need_Nuop_dfflr.qout_r	-0.744700	-0.505744
u_eI_cpu.u_eJ_core.u_eK_ifu.u_eL_ifu_ifetch.ifu_lo_ir_dfflr.qout_r[M]	u_eI_cpu.u_eJ_core.u_eK_ifu.u_eL_ifu_iftMicb.req_same_cross_holdup_dfflr.qout_r	-0.744700	-0.506116
u_eI_cpu.u_eJ_core.u_eK_ifu.u_eL_ifu_ifetch.ifu_prdt_taken_dfflr.qout_r	extIitcm_icb_cmd_ready	-0.743900	-0.703633
u_eI_cpu.u_eJ_core.u_eK_ifu.u_eL_ifu_ifetch.ifu_hi_ir_dfflr.qout_r[M]	u_eI_cpu.u_eJ_core.u_eK_ifu.u_eL_ifu_iftMicb.icb_addr_N_O_dffl.qout_r[P]	-0.743800	-0.492271
dbg_mode	u_eI_cpu.u_eJ_core.u_eK_exu.u_eL_exu_csr.mcgstop_dfflr.qout_r[M]	-0.743800	-0.146999
dbg_mode	u_eI_cpu.u_eJ_core.u_eK_exu.u_eL_exu_alu.u_eM_exu_nice.u_nice_itag_fifo.dp_gtN.wptr_vec_O_dfflrs.qout_r	-0.743700	0.013075
u_eI_cpu.u_eJ_core.u_eK_ifu.u_eL_ifu_ifetch.ifu_lo_ir_dfflr.qout_r[M]	u_eI_cpu.u_eJ_core.u_eK_ifu.u_eL_ifu_ifetch.ifu_err_dfflr.qout_r	-0.742500	-0.420221
u_eI_cpu.u_eJ_core.u_eK_ifu.u_eL_ifu_ifetch.ifu_lo_ir_dfflr.qout_r[M]	u_eI_cpu.u_eJ_core.u_eK_ifu.u_eL_ifu_ifetch.ifu_prdt_taken_dfflr.qout_r	-0.742500	-0.444358
u_eI_cpu.u_eJ_core.u_eK_ifu.u_eL_ifu_ifetch.ifu_lo_ir_dfflr.qout_r[M]	u_eI_cpu.u_eJ_core.u_eK_ifu.u_eL_ifu_ifetch.ir_muldiv_bMb_dfflr.qout_r	-0.742500	-0.416158
u_eI_cpu.u_eJ_core.u_eK_ifu.u_eL_ifu_ifetch.ifu_lo_ir_dfflr.qout_r[M]	u_eI_cpu.u_eJ_itcm_ctrl.ifu_holdup_dffl.qout_r	-0.742500	-0.452978
u_eI_cpu.u_eJ_core.u_eK_ifu.u_eL_ifu_ifetch.ifu_lo_ir_dfflr.qout_r[M]	u_eI_cpu.u_eJ_itcm_ctrl.u_sram_icb_ctrl.u_sirv_Kcyc_sram_ctrl.u_eL_stage.dp_gt_M.dat_dfflr.qout_r[N]	-0.741300	-0.452582
u_eI_cpu.u_eJ_core.u_eK_ifu.u_eL_ifu_ifetch.ifu_hi_ir_dfflr.qout_r[M]	u_eI_cpu.u_eJ_itcm_ctrl.u_sram_icb_ctrl.u_byp_icb_cmd_buf.u_bypbuf_fifo.dp_gtK.fifo_rf[L].fifo_rf_dffl.qout_r[M]	-0.740000	-0.460030
u_eI_cpu.u_eJ_core.u_eK_ifu.u_eL_ifu_ifetch.ifu_hi_ir_dfflr.qout_r[M]	u_eI_cpu.u_eJ_core.u_eK_ifu.u_eL_ifu_iftMicb.icb_state_dfflr.qout_r[N]	-0.739600	-0.506733
dbg_mode	u_eI_cpu.u_eJ_core.u_eK_exu.u_eL_exu_csr.itcmnohold_dfflr.qout_r[M]	-0.738900	-0.125858
u_eI_cpu.u_eJ_core.u_eK_ifu.u_eL_ifu_ifetch.ir_muldiv_bMb_dfflr.qout_r	extIitcm_icb_cmd_ready	-0.738300	-0.756084
dbg_halt_r	u_eI_cpu.u_eJ_core.u_eK_exu.u_eL_exu_csr.minstret_dfflr.qout_r[M]	-0.736400	-0.241568
u_eI_cpu.u_eJ_core.u_eK_ifu.u_eL_ifu_ifetch.ifu_lo_ir_dfflr.qout_r[M]	u_eI_cpu.u_eJ_itcm_ctrl.u_sram_icb_ctrl.u_byp_icb_cmd_buf.u_bypbuf_fifo.dp_gtK.vec_L_dfflr.qout_r	-0.736400	-0.444576
u_eI_cpu.u_eJ_core.u_eK_ifu.u_eL_ifu_ifetch.ifu_lo_ir_dfflr.qout_r[M]	u_eI_cpu.u_eJ_core.u_eK_ifu.u_eL_ifu_iftMicb.icbNitcm_dfflr.qout_r	-0.736200	-0.475400
u_eI_cpu.u_eJ_core.u_eK_ifu.u_eL_ifu_ifetch.ifu_lo_ir_dfflr.qout_r[M]	u_eI_cpu.u_eJ_itcm_ctrl.u_sram_icb_ctrl.u_byp_icb_cmd_buf.u_bypbuf_fifo.dp_gtK.vec_L_dfflrs.qout_r	-0.735800	-0.443726
dbg_halt_r	u_eI_cpu.u_eJ_core.u_eK_exu.u_eL_exu_oitf.oitf_entries[M].rdidx_dfflrs.qout_r[N]	-0.734900	-0.383743
dbg_halt_r	u_eI_cpu.u_eJ_core.u_eK_exu.u_eL_exu_oitf.oitf_entries[M].pc_dfflrs.qout_r[N]	-0.734900	-0.382032
u_eI_cpu.u_eJ_core.u_eK_exu.u_eL_exu_alu.u_eM_exu_alu_dpath.sbf_N_dffl.qout_r[O]	extIitcm_icb_cmd_ready	-0.734700	-0.693100
u_eI_cpu.u_eJ_core.u_eK_ifu.u_eL_ifu_ifetch.ifu_hi_ir_dfflr.qout_r[M]	u_eI_cpu.u_eJ_core.u_eK_ifu.u_eL_ifu_ifetch.pc_newpend_dfflr.qout_r	-0.734200	-0.475956
u_eI_cpu.u_eJ_core.u_eK_ifu.u_eL_ifu_ifetch.ifu_lo_ir_dfflr.qout_r[M]	u_eI_cpu.u_eJ_core.u_eK_biu.u_biu_icb_arbt.arbt_num_gt_L_gen.dp_M.u_sirv_gnrl_rspid_fifo.dp_gt_N.vld_dfflr.qout_r	-0.733500	-0.467082
dbg_mode	u_eI_cpu.u_eJ_nice_core.lbuf_cnt_dfflr.qout_r[K]	-0.732300	-0.101245
dbg_step_r	u_eI_cpu.u_eJ_core.u_eK_exu.u_eL_exu_csr.mcycle_dfflr.qout_r[M]	-0.730700	-0.111892
dbg_halt_r	u_eI_cpu.u_eJ_dtcm_ctrl.u_dtcm_icb_arbt.arbt_num_gt_K_gen.dp_L.u_sirv_gnrl_rspid_fifo.dp_gt_M.vld_dfflr.qout_r	-0.729800	-0.159179
u_eI_cpu.u_eJ_core.u_eK_ifu.u_eL_ifu_ifetch.ifu_lo_ir_dfflr.qout_r[M]	u_eI_cpu.u_eJ_core.u_eK_ifu.u_eL_ifu_iftMicb.icbNmem_dfflr.qout_r	-0.729300	-0.485705
dbg_step_r	u_eI_cpu.u_eJ_core.u_eK_ifu.u_eL_ifu_ifetch.u_eM_ifu_litebpu.rsNxn_rdrf_dfflrs.qout_r	-0.728500	-0.342897
dbg_step_r	u_eI_cpu.u_eJ_core.u_eK_exu.u_eL_exu_alu.u_eM_exu_alu_lsuagu.unalgn_flg_dffl.qout_r	-0.728000	-0.226499
u_eI_cpu.u_eJ_core.u_eK_ifu.u_eL_ifu_ifetch.ifu_hi_ir_dfflr.qout_r[M]	u_eI_cpu.u_eJ_core.u_eK_biu.u_sirv_gnrl_icb_buffer.outs_cnt_dfflr.qout_r	-0.726500	-0.481227
u_eI_cpu.u_eJ_core.u_eK_ifu.u_eL_ifu_ifetch.ir_rsMidx_dfflr.qout_r[N]	u_eI_cpu.u_eJ_core.u_eK_ifu.u_eL_ifu_ifetch.pc_dfflr.qout_r[M]	-0.725400	-0.560384
u_eI_cpu.u_eJ_core.u_eK_ifu.u_eL_ifu_ifetch.ifu_lo_ir_dfflr.qout_r[M]	u_eI_cpu.u_eJ_core.u_eK_ifu.u_eL_ifu_ifetch.out_flag_dfflr.qout_r	-0.724200	-0.471074
dbg_mode	u_eI_cpu.u_eJ_core.u_eK_ifu.u_eL_ifu_ifetch.halt_ack_dfflr.qout_r	-0.722000	-0.119915
u_eI_cpu.u_eJ_core.u_eK_ifu.u_eL_ifu_ifetch.ifu_hi_ir_dfflr.qout_r[M]	u_eI_cpu.u_eJ_core.u_eK_ifu.u_eL_ifu_iftMicb.u_eN_ifetch_rsp_bypbuf.u_bypbuf_fifo.dp_gtO.fifo_rf[P].fifo_rf_dffl.qout_r[Q]	-0.719400	-0.484480
dbg_mode	u_eI_cpu.u_eJ_core.u_eK_exu.u_eL_exu_alu.u_eM_exu_alu_lsuagu.icb_leftover_err_dfflr.qout_r	-0.716400	-0.144899
u_eI_cpu.u_eJ_core.u_eK_ifu.u_eL_ifu_ifetch.ifu_hi_ir_dfflr.qout_r[M]	u_eI_cpu.u_eJ_core.u_eK_biu.u_sirv_gnrl_icb_buffer.u_sirv_gnrl_cmd_fifo.dp_gtL.vec_M_dfflrs.qout_r	-0.713100	-0.483348
dbg_step_r	u_eI_cpu.u_eJ_core.u_eK_exu.u_eL_exu_csr.mtvec_dfflr.qout_r[M]	-0.712700	-0.088719
u_eI_cpu.u_eJ_core.u_eK_ifu.u_eL_ifu_ifetch.ifu_hi_ir_dfflr.qout_r[M]	u_eI_cpu.u_eJ_itcm_ctrl.u_sram_icb_ctrl.u_sirv_Kcyc_sram_ctrl.u_eL_stage.dp_gt_M.vld_dfflr.qout_r	-0.711900	-0.466146
u_eI_cpu.u_eJ_core.u_eK_ifu.u_eL_ifu_ifetch.ifu_hi_ir_dfflr.qout_r[M]	u_eI_cpu.u_eJ_core.u_eK_ifu.u_eL_ifu_iftMicb.leftover_err_dfflr.qout_r	-0.711800	-0.516786
dbg_halt_r	u_eI_cpu.u_eJ_dtcm_ctrl.u_sram_icb_ctrl.u_sirv_Kcyc_sram_ctrl.u_eL_stage.dp_gt_M.vld_dfflr.qout_r	-0.711500	-0.326642
u_eI_cpu.u_eJ_core.u_eK_ifu.u_eL_ifu_ifetch.ifu_lo_ir_dfflr.qout_r[M]	u_eI_cpu.u_eJ_core.u_eK_ifu.u_eL_ifu_iftMicb.u_eN_ifetch_rsp_bypbuf.u_bypbuf_fifo.dp_gtO.vec_P_dfflrs.qout_r	-0.711300	-0.409712
dbg_step_r	u_eI_cpu.u_eJ_core.u_eK_exu.u_eL_exu_alu.u_eM_exu_nice.u_nice_itag_fifo.dp_gtN.vec_O_dfflrs.qout_r	-0.710500	0.088906
u_eI_cpu.u_eJ_core.u_eK_exu.u_eL_exu_alu.u_eM_exu_alu_dpath.sbf_N_dffl.qout_r[O]	extIitcm_icb_cmd_ready	-0.709500	-0.673155
u_eI_cpu.u_eJ_core.u_eK_ifu.u_eL_ifu_ifetch.ifu_hi_ir_dfflr.qout_r[M]	u_eI_cpu.u_eJ_core.u_eK_biu.u_biu_icb_arbt.arbt_num_gt_L_gen.dp_M.u_sirv_gnrl_rspid_fifo.dp_gt_N.dat_dfflr.qout_r	-0.709100	-0.484936
u_eI_cpu.u_eJ_core.u_eK_ifu.u_eL_ifu_ifetch.ifu_hi_ir_dfflr.qout_r[M]	u_eI_cpu.u_eJ_core.u_eK_ifu.u_eL_ifu_iftMicb.req_lane_cross_dfflr.qout_r	-0.708900	-0.508835
u_eI_cpu.u_eJ_core.u_eK_ifu.u_eL_ifu_ifetch.ifu_hi_ir_dfflr.qout_r[M]	u_eI_cpu.u_eJ_core.u_eK_ifu.u_eL_ifu_iftMicb.req_need_Nuop_dfflr.qout_r	-0.708900	-0.513572
u_eI_cpu.u_eJ_core.u_eK_ifu.u_eL_ifu_ifetch.ifu_hi_ir_dfflr.qout_r[M]	u_eI_cpu.u_eJ_core.u_eK_ifu.u_eL_ifu_iftMicb.req_same_cross_holdup_dfflr.qout_r	-0.708900	-0.513944
dbg_step_r	u_eI_cpu.u_eJ_core.u_eK_exu.u_eL_exu_csr.mcycleh_dfflr.qout_r[M]	-0.708500	-0.107038
dbg_halt_r	u_eI_cpu.u_eJ_core.u_eK_exu.u_eL_exu_oitf.depth_gtM.alc_ptr_dfflrs.qout_r	-0.707200	-0.339979
dbg_step_r	u_eI_cpu.u_eJ_core.u_eK_exu.u_eL_exu_csr.status_mie_dfflr.qout_r	-0.707100	-0.247268
u_eI_cpu.u_eJ_core.u_eK_ifu.u_eL_ifu_ifetch.ifu_hi_ir_dfflr.qout_r[M]	u_eI_cpu.u_eJ_core.u_eK_ifu.u_eL_ifu_ifetch.ifu_err_dfflr.qout_r	-0.706700	-0.428049
u_eI_cpu.u_eJ_core.u_eK_ifu.u_eL_ifu_ifetch.ifu_hi_ir_dfflr.qout_r[M]	u_eI_cpu.u_eJ_core.u_eK_ifu.u_eL_ifu_ifetch.ifu_prdt_taken_dfflr.qout_r	-0.706700	-0.452186
u_eI_cpu.u_eJ_core.u_eK_ifu.u_eL_ifu_ifetch.ifu_hi_ir_dfflr.qout_r[M]	u_eI_cpu.u_eJ_core.u_eK_ifu.u_eL_ifu_ifetch.ir_muldiv_bMb_dfflr.qout_r	-0.706700	-0.423986
u_eI_cpu.u_eJ_core.u_eK_ifu.u_eL_ifu_ifetch.ifu_hi_ir_dfflr.qout_r[M]	u_eI_cpu.u_eJ_itcm_ctrl.ifu_holdup_dffl.qout_r	-0.706700	-0.460806
u_eI_cpu.u_eJ_core.u_eK_ifu.u_eL_ifu_ifetch.ifu_lo_ir_dfflr.qout_r[M]	u_eI_cpu.u_eJ_clk_ctrl.u_itcm_clkgate.enb	-0.706100	-0.436484
u_eI_cpu.u_eJ_core.u_eK_ifu.u_eL_ifu_ifetch.ifu_hi_ir_dfflr.qout_r[M]	u_eI_cpu.u_eJ_itcm_ctrl.u_sram_icb_ctrl.u_sirv_Kcyc_sram_ctrl.u_eL_stage.dp_gt_M.dat_dfflr.qout_r[N]	-0.705600	-0.460410
dbg_halt_r	u_eI_cpu.u_eJ_core.u_eK_exu.u_eL_exu_oitf.oitf_entries[M].vld_dfflrs.qout_r	-0.703600	-0.352603
u_eI_cpu.u_eJ_core.u_eK_ifu.u_eL_ifu_ifetch.ir_rsMidx_dfflr.qout_r[N]	u_eI_cpu.u_eJ_core.u_eK_ifu.u_eL_ifu_iftMicb.leftover_dffl.qout_r[N]	-0.702000	-0.558049
dbg_halt_r	u_eI_cpu.u_eJ_dtcm_ctrl.u_sram_icb_ctrl.u_sirv_Kcyc_sram_ctrl.u_ram_clkgate.enb	-0.701800	-0.320457
u_eI_cpu.u_eJ_core.u_eK_ifu.u_eL_ifu_ifetch.ifu_lo_ir_dfflr.qout_r[M]	u_eI_cpu.u_eJ_core.u_eK_ifu.u_eL_ifu_ifetch.reset_req_dfflr.qout_r	-0.701100	-0.457836
u_eI_cpu.u_eJ_core.u_eK_ifu.u_eL_ifu_ifetch.ifu_hi_ir_dfflr.qout_r[M]	u_eI_cpu.u_eJ_itcm_ctrl.u_sram_icb_ctrl.u_byp_icb_cmd_buf.u_bypbuf_fifo.dp_gtK.vec_L_dfflr.qout_r	-0.700600	-0.452404
u_eI_cpu.u_eJ_core.u_eK_ifu.u_eL_ifu_ifetch.ifu_hi_ir_dfflr.qout_r[M]	u_eI_cpu.u_eJ_core.u_eK_ifu.u_eL_ifu_iftMicb.icbNitcm_dfflr.qout_r	-0.700500	-0.483228
u_eI_cpu.u_eJ_core.u_eK_ifu.u_eL_ifu_ifetch.ir_rsMidx_dfflr.qout_r[N]	u_eI_cpu.u_eJ_core.u_eK_ifu.u_eL_ifu_ifetch.ifu_hi_ir_dfflr.qout_r[M]	-0.700400	-0.512862
u_eI_cpu.u_eJ_core.u_eK_ifu.u_eL_ifu_ifetch.ifu_lo_ir_dfflr.qout_r[M]	u_eI_cpu.u_eJ_core.u_eK_ifu.u_eL_ifu_ifetch.dly_flush_dfflr.qout_r	-0.700300	-0.450836
u_eI_cpu.u_eJ_core.u_eK_ifu.u_eL_ifu_ifetch.ifu_hi_ir_dfflr.qout_r[M]	u_eI_cpu.u_eJ_itcm_ctrl.u_sram_icb_ctrl.u_byp_icb_cmd_buf.u_bypbuf_fifo.dp_gtK.vec_L_dfflrs.qout_r	-0.700000	-0.451554
u_eI_cpu.u_eJ_core.u_eK_ifu.u_eL_ifu_ifetch.ir_rsMidx_dfflr.qout_r[N]	u_eI_cpu.u_eJ_core.u_eK_ifu.u_eL_ifu_ifetch.ir_rsMidx_dfflr.qout_r[N]	-0.698800	-0.515224
dbg_halt_r	u_eI_cpu.u_eJ_dtcm_ctrl.u_dtcm_icb_arbt.arbt_num_gt_K_gen.dp_L.u_sirv_gnrl_rspid_fifo.dp_gt_M.dat_dfflr.qout_r	-0.697700	-0.102560
u_eI_cpu.u_eJ_core.u_eK_ifu.u_eL_ifu_ifetch.ifu_hi_ir_dfflr.qout_r[M]	u_eI_cpu.u_eJ_core.u_eK_biu.u_biu_icb_arbt.arbt_num_gt_L_gen.dp_M.u_sirv_gnrl_rspid_fifo.dp_gt_N.vld_dfflr.qout_r	-0.697700	-0.474911
u_eI_cpu.u_eJ_core.u_eK_ifu.u_eL_ifu_ifetch.ir_rsMidx_dfflr.qout_r[N]	u_eI_cpu.u_eJ_core.u_eK_biu.u_sirv_gnrl_icb_buffer.u_sirv_gnrl_cmd_fifo.dp_gtL.fifo_rf[M].fifo_rf_dffl.qout_r[N]	-0.696700	-0.531792
u_eI_cpu.u_eJ_core.u_eK_ifu.u_eL_ifu_ifetch.ir_rsMidx_dfflr.qout_r[N]	u_eI_cpu.u_eJ_core.u_eK_ifu.u_eL_ifu_ifetch.ifu_lo_ir_dfflr.qout_r[M]	-0.696700	-0.487973
dbg_step_r	u_eI_cpu.u_eJ_core.u_eK_exu.u_eL_exu_csr.status_mpie_dfflr.qout_r	-0.695500	-0.256459
u_eI_cpu.u_eJ_core.u_eK_ifu.u_eL_ifu_ifetch.ifu_lo_ir_dfflr.qout_r[M]	u_eI_cpu.u_eJ_clk_ctrl.itcm_active_dffr.qout_r	-0.695300	-0.436663
u_eI_cpu.u_eJ_core.u_eK_ifu.u_eL_ifu_ifetch.ir_rsMidx_dfflr.qout_r[N]	u_eI_cpu.u_eJ_core.u_eK_biu.u_sirv_gnrl_icb_buffer.u_sirv_gnrl_cmd_fifo.dp_gtL.vec_M_dfflr.qout_r	-0.693700	-0.511766
u_eI_cpu.u_eJ_core.u_eK_ifu.u_eL_ifu_ifetch.ifu_hi_ir_dfflr.qout_r[M]	u_eI_cpu.u_eJ_core.u_eK_ifu.u_eL_ifu_iftMicb.icbNmem_dfflr.qout_r	-0.693500	-0.493533
dbg_halt_r	u_eI_cpu.u_eJ_itcm_ctrl.u_itcm_icb_arbt.arbt_num_gt_K_gen.dp_L.u_sirv_gnrl_rspid_fifo.dp_gt_M.vld_dfflr.qout_r	-0.692800	-0.212772
u_eI_cpu.u_eJ_core.u_eK_ifu.u_eL_ifu_ifetch.ifu_lo_ir_dfflr.qout_r[M]	u_eI_cpu.u_eJ_clk_ctrl.u_biu_clkgate.enb	-0.691000	-0.381278
u_eI_cpu.u_eJ_core.u_eK_lsu.u_eL_lsu_ctrl.u_eM_lsu_splt_stage.dp_gt_N.vld_dfflr.qout_r	cmt_dcause_ena	-0.689400	-0.840314
u_eI_cpu.u_eJ_core.u_eK_ifu.u_eL_ifu_ifetch.ir_rsMidx_dfflr.qout_r[N]	u_eI_cpu.u_eJ_core.u_eK_ifu.u_eL_ifu_iftMicb.icb_addr_N_O_dffl.qout_r[P]	-0.688500	-0.528696
u_eI_cpu.u_eJ_core.u_eK_ifu.u_eL_ifu_ifetch.ifu_hi_ir_dfflr.qout_r[M]	u_eI_cpu.u_eJ_core.u_eK_ifu.u_eL_ifu_ifetch.out_flag_dfflr.qout_r	-0.688400	-0.478902
u_eI_cpu.u_eJ_core.u_eK_exu.u_eL_exu_alu.u_eM_exu_alu_muldiv.exec_cnt_dfflr.qout_r[N]	extIdtcm_icb_cmd_ready	-0.686700	-0.825761
u_eI_cpu.u_eJ_core.u_eK_ifu.u_eL_ifu_ifetch.ir_rsMidx_dfflr.qout_r[N]	u_eI_cpu.u_eJ_itcm_ctrl.u_sram_icb_ctrl.u_byp_icb_cmd_buf.u_bypbuf_fifo.dp_gtK.fifo_rf[L].fifo_rf_dffl.qout_r[M]	-0.684700	-0.496456
u_eI_cpu.u_eJ_core.u_eK_ifu.u_eL_ifu_ifetch.ir_rsMidx_dfflr.qout_r[N]	u_eI_cpu.u_eJ_core.u_eK_ifu.u_eL_ifu_iftMicb.icb_state_dfflr.qout_r[N]	-0.684300	-0.543158
dbg_halt_r	u_eI_cpu.u_eJ_core.u_eK_exu.u_eL_exu_alu.u_eM_exu_alu_lsuagu.icb_state_dfflr.qout_r[N]	-0.683300	-0.356254
dbg_step_r	u_eI_cpu.u_eJ_core.u_eK_exu.u_eL_exu_alu.u_eM_exu_nice.u_nice_itag_fifo.dp_gtN.dp_gtO.wptr_vec_P_dfflr.qout_r[Q]	-0.682500	0.077728
dbg_step_r	u_eI_cpu.u_eJ_core.u_eK_exu.u_eL_exu_alu.u_eM_exu_nice.u_nice_itag_fifo.dp_gtN.fifo_rf[O].fifo_rf_dffl.qout_r	-0.680800	0.083979
dbg_mode	u_eI_cpu.u_eJ_clk_ctrl.u_lsu_clkgate.enb	-0.680400	0.000000
u_eI_cpu.u_eJ_core.u_eK_lsu.u_eL_lsu_ctrl.u_eM_lsu_splt_stage.dp_gt_N.vld_dfflr.qout_r	cmt_dcause[I]	-0.680100	-0.825988
dbg_halt_r	u_eI_cpu.u_eJ_core.u_eK_exu.u_eL_exu_oitf.depth_gtM.alc_ptr_flg_dfflrs.qout_r	-0.679300	-0.355454
dbg_halt_r	u_eI_cpu.u_eJ_core.u_eK_exu.u_eL_exu_oitf.oitf_entries[M].rdwen_dfflrs.qout_r	-0.679000	-0.356284
u_eI_cpu.u_eJ_core.u_eK_ifu.u_eL_ifu_ifetch.ifu_err_dfflr.qout_r	cmt_dcause_ena	-0.679000	-0.707185
u_eI_cpu.u_eJ_core.u_eK_ifu.u_eL_ifu_ifetch.ir_rsMidx_dfflr.qout_r[N]	u_eI_cpu.u_eJ_core.u_eK_ifu.u_eL_ifu_ifetch.pc_newpend_dfflr.qout_r	-0.678900	-0.512382
u_eI_cpu.u_eJ_itcm_ctrl.u_sram_icb_ctrl.u_sirv_Kcyc_sram_ctrl.u_eL_stage.dp_gt_M.vld_dfflr.qout_r	cmt_dcause_ena	-0.677900	-0.789964
dbg_step_r	u_eI_cpu.u_eJ_core.u_eK_exu.u_eL_exu_csr.mscratch_dfflr.qout_r[M]	-0.677900	-0.090405
dbg_mode	u_eI_cpu.u_eJ_core.u_eK_exu.u_eL_exu_commit.u_eM_exu_excp.wfi_halt_req_dfflr.qout_r	-0.676600	-0.072139
u_eI_cpu.u_eJ_core.u_eK_ifu.u_eL_ifu_ifetch.ifu_hi_ir_dfflr.qout_r[M]	u_eI_cpu.u_eJ_core.u_eK_ifu.u_eL_ifu_iftMicb.u_eN_ifetch_rsp_bypbuf.u_bypbuf_fifo.dp_gtO.vec_P_dfflrs.qout_r	-0.675600	-0.417540
u_eI_cpu.u_eJ_core.u_eK_lsu.u_eL_lsu_ctrl.u_eM_lsu_splt_stage.dp_gt_N.vld_dfflr.qout_r	core_wfi	-0.674400	-0.831888
dbg_halt_r	u_eI_cpu.u_eJ_core.u_eK_exu.u_eL_exu_csr.badaddr_dfflr.qout_r[M]	-0.673800	-0.455476
u_eI_cpu.u_eJ_core.u_eK_ifu.u_eL_ifu_ifetch.ifu_lo_ir_dfflr.qout_r[M]	u_eI_cpu.u_eJ_itcm_ctrl.u_sram_icb_ctrl.u_sirv_Kcyc_sram_ctrl.u_ram_clkgate.enb	-0.673800	-0.452710
dbg_halt_r	u_eI_cpu.u_eJ_core.u_eK_ifu.u_eL_ifu_ifetch.ifu_pc_dfflr.qout_r[M]	-0.672500	-0.371340
u_eI_cpu.u_eJ_core.u_eK_ifu.u_eL_ifu_ifetch.ir_rsMidx_dfflr.qout_r[N]	u_eI_cpu.u_eJ_core.u_eK_biu.u_sirv_gnrl_icb_buffer.outs_cnt_dfflr.qout_r	-0.671200	-0.517653
dbg_step_r	u_eI_cpu.u_eJ_nice_core.sbuf_cmd_cnt_dfflr.qout_r[K]	-0.671000	-0.000409
u_eI_cpu.u_eJ_core.u_eK_ifu.u_eL_ifu_ifetch.ifu_hi_ir_dfflr.qout_r[M]	u_eI_cpu.u_eJ_clk_ctrl.u_itcm_clkgate.enb	-0.670300	-0.444312
u_eI_cpu.u_eJ_core.u_eK_ifu.u_eL_ifu_ifetch.ifu_err_dfflr.qout_r	cmt_dcause[I]	-0.669700	-0.692859
u_eI_cpu.u_eJ_itcm_ctrl.u_sram_icb_ctrl.u_sirv_Kcyc_sram_ctrl.u_eL_stage.dp_gt_M.vld_dfflr.qout_r	cmt_dcause[I]	-0.668600	-0.775638
dbg_mode	u_eI_cpu.u_eJ_core.u_eK_exu.u_eL_exu_commit.u_eM_exu_excp.wfi_flag_dfflr.qout_r	-0.668600	-0.009627
dbg_halt_r	u_eI_cpu.u_eJ_core.u_eK_exu.u_eL_exu_regfile.regfile[M].rfnoN.rf_dffl.qout_r[O]	-0.665600	-0.215850
u_eI_cpu.u_eJ_core.u_eK_ifu.u_eL_ifu_ifetch.ifu_hi_ir_dfflr.qout_r[M]	u_eI_cpu.u_eJ_core.u_eK_ifu.u_eL_ifu_ifetch.reset_req_dfflr.qout_r	-0.665300	-0.465664
u_eI_cpu.u_eJ_core.u_eK_ifu.u_eL_ifu_ifetch.ifu_hi_ir_dfflr.qout_r[M]	u_eI_cpu.u_eJ_core.u_eK_ifu.u_eL_ifu_ifetch.dly_flush_dfflr.qout_r	-0.664500	-0.458664
u_eI_cpu.u_eJ_core.u_eK_ifu.u_eL_ifu_ifetch.ir_rsMidx_dfflr.qout_r[N]	u_eI_cpu.u_eJ_core.u_eK_ifu.u_eL_ifu_iftMicb.u_eN_ifetch_rsp_bypbuf.u_bypbuf_fifo.dp_gtO.fifo_rf[P].fifo_rf_dffl.qout_r[Q]	-0.664100	-0.520905
u_eI_cpu.u_eJ_core.u_eK_ifu.u_eL_ifu_ifetch.ifu_err_dfflr.qout_r	core_wfi	-0.664000	-0.698758
dbg_mode	wr_csr_nxt[I]	-0.663500	-0.651694
u_eI_cpu.u_eJ_itcm_ctrl.u_sram_icb_ctrl.u_sirv_Kcyc_sram_ctrl.u_eL_stage.dp_gt_M.vld_dfflr.qout_r	core_wfi	-0.663000	-0.781538
dbg_mode	u_eI_cpu.u_eJ_nice_core.state_dfflr.qout_r[K]	-0.662600	-0.005957
u_eI_cpu.u_eJ_core.u_eK_ifu.u_eL_ifu_ifetch.ifu_lo_ir_dfflr.qout_r[M]	u_eI_cpu.u_eJ_core.u_eK_exu.u_eL_exu_alu.u_eM_exu_alu_dpath.sbf_N_dffl.qout_r[O]	-0.661300	-0.355040
u_eI_cpu.u_eJ_core.u_eK_ifu.u_eL_ifu_ifetch.ifu_hi_ir_dfflr.qout_r[M]	u_eI_cpu.u_eJ_clk_ctrl.itcm_active_dffr.qout_r	-0.659500	-0.444491
u_eI_cpu.u_eJ_core.u_eK_ifu.u_eL_ifu_ifetch.ir_rsMidx_dfflr.qout_r[N]	u_eI_cpu.u_eJ_core.u_eK_biu.u_sirv_gnrl_icb_buffer.u_sirv_gnrl_cmd_fifo.dp_gtL.vec_M_dfflrs.qout_r	-0.657800	-0.519773
u_eI_cpu.u_eJ_core.u_eK_ifu.u_eL_ifu_ifetch.ir_rsMidx_dfflr.qout_r[N]	u_eI_cpu.u_eJ_itcm_ctrl.u_sram_icb_ctrl.u_sirv_Kcyc_sram_ctrl.u_eL_stage.dp_gt_M.vld_dfflr.qout_r	-0.656600	-0.502571
u_eI_cpu.u_eJ_core.u_eK_ifu.u_eL_ifu_ifetch.ir_rsMidx_dfflr.qout_r[N]	u_eI_cpu.u_eJ_core.u_eK_ifu.u_eL_ifu_iftMicb.leftover_err_dfflr.qout_r	-0.656500	-0.553211
u_eI_cpu.u_eJ_core.u_eK_ifu.u_eL_ifu_ifetch.ifu_prdt_taken_dfflr.qout_r	extIdtcm_icb_cmd_ready	-0.655800	-0.695963
u_eI_cpu.u_eJ_core.u_eK_ifu.u_eL_ifu_ifetch.ifu_hi_ir_dfflr.qout_r[M]	u_eI_cpu.u_eJ_clk_ctrl.u_biu_clkgate.enb	-0.655200	-0.389107
u_eI_cpu.u_eJ_core.u_eK_ifu.u_eL_ifu_ifetch.ir_rsMidx_dfflr.qout_r[N]	u_eI_cpu.u_eJ_core.u_eK_biu.u_biu_icb_arbt.arbt_num_gt_L_gen.dp_M.u_sirv_gnrl_rspid_fifo.dp_gt_N.dat_dfflr.qout_r	-0.653800	-0.521361
u_eI_cpu.u_eJ_core.u_eK_ifu.u_eL_ifu_ifetch.ir_rsMidx_dfflr.qout_r[N]	u_eI_cpu.u_eJ_core.u_eK_ifu.u_eL_ifu_iftMicb.req_lane_cross_dfflr.qout_r	-0.653600	-0.545261
u_eI_cpu.u_eJ_core.u_eK_ifu.u_eL_ifu_ifetch.ir_rsMidx_dfflr.qout_r[N]	u_eI_cpu.u_eJ_core.u_eK_ifu.u_eL_ifu_iftMicb.req_need_Nuop_dfflr.qout_r	-0.653600	-0.549997
u_eI_cpu.u_eJ_core.u_eK_ifu.u_eL_ifu_ifetch.ir_rsMidx_dfflr.qout_r[N]	u_eI_cpu.u_eJ_core.u_eK_ifu.u_eL_ifu_iftMicb.req_same_cross_holdup_dfflr.qout_r	-0.653600	-0.550370
u_eI_cpu.u_eJ_core.u_eK_exu.u_eL_exu_alu.u_eM_exu_alu_lsuagu.icb_state_dfflr.qout_r[N]	cmt_dcause_ena	-0.651800	-0.747020
u_eI_cpu.u_eJ_core.u_eK_ifu.u_eL_ifu_ifetch.ir_rsMidx_dfflr.qout_r[N]	u_eI_cpu.u_eJ_core.u_eK_ifu.u_eL_ifu_ifetch.ifu_err_dfflr.qout_r	-0.651400	-0.464474
u_eI_cpu.u_eJ_core.u_eK_ifu.u_eL_ifu_ifetch.ir_rsMidx_dfflr.qout_r[N]	u_eI_cpu.u_eJ_core.u_eK_ifu.u_eL_ifu_ifetch.ifu_prdt_taken_dfflr.qout_r	-0.651400	-0.488611
u_eI_cpu.u_eJ_core.u_eK_ifu.u_eL_ifu_ifetch.ir_rsMidx_dfflr.qout_r[N]	u_eI_cpu.u_eJ_core.u_eK_ifu.u_eL_ifu_ifetch.ir_muldiv_bMb_dfflr.qout_r	-0.651400	-0.460411
u_eI_cpu.u_eJ_core.u_eK_ifu.u_eL_ifu_ifetch.ir_rsMidx_dfflr.qout_r[N]	u_eI_cpu.u_eJ_itcm_ctrl.ifu_holdup_dffl.qout_r	-0.651400	-0.497231
u_eI_cpu.u_eJ_core.u_eK_ifu.u_eL_ifu_ifetch.ir_rsMidx_dfflr.qout_r[N]	u_eI_cpu.u_eJ_itcm_ctrl.u_sram_icb_ctrl.u_sirv_Kcyc_sram_ctrl.u_eL_stage.dp_gt_M.dat_dfflr.qout_r[N]	-0.650300	-0.496835
u_eI_cpu.u_eJ_core.u_eK_ifu.u_eL_ifu_ifetch.ir_muldiv_bMb_dfflr.qout_r	extIdtcm_icb_cmd_ready	-0.650200	-0.746058
u_eI_cpu.u_eJ_core.u_eK_exu.u_eL_exu_oitf.depth_gtM.alc_ptr_dfflrs.qout_r	cmt_dcause_ena	-0.649800	-0.783283
u_eI_cpu.u_eJ_core.u_eK_exu.u_eL_exu_alu.u_eM_exu_alu_dpath.sbf_N_dffl.qout_r[O]	extIdtcm_icb_cmd_ready	-0.646600	-0.683074
u_eI_cpu.u_eJ_core.u_eK_lsu.u_eL_lsu_ctrl.u_eM_lsu_splt_stage.dp_gt_N.vld_dfflr.qout_r	cmt_dpc_ena	-0.645600	-0.819420
u_eI_cpu.u_eJ_core.u_eK_ifu.u_eL_ifu_ifetch.ir_rsMidx_dfflr.qout_r[N]	u_eI_cpu.u_eJ_itcm_ctrl.u_sram_icb_ctrl.u_byp_icb_cmd_buf.u_bypbuf_fifo.dp_gtK.vec_L_dfflr.qout_r	-0.645300	-0.488829
u_eI_cpu.u_eJ_itcm_ctrl.u_itcm_icb_arbt.arbt_num_gt_K_gen.dp_L.u_sirv_gnrl_rspid_fifo.dp_gt_M.vld_dfflr.qout_r	cmt_dcause_ena	-0.645200	-0.785162
u_eI_cpu.u_eJ_core.u_eK_ifu.u_eL_ifu_ifetch.ir_rsMidx_dfflr.qout_r[N]	u_eI_cpu.u_eJ_core.u_eK_ifu.u_eL_ifu_iftMicb.icbNitcm_dfflr.qout_r	-0.645200	-0.519653
u_eI_cpu.u_eJ_core.u_eK_ifu.u_eL_ifu_ifetch.ir_rsMidx_dfflr.qout_r[N]	u_eI_cpu.u_eJ_itcm_ctrl.u_sram_icb_ctrl.u_byp_icb_cmd_buf.u_bypbuf_fifo.dp_gtK.vec_L_dfflrs.qout_r	-0.644700	-0.487979
u_eI_cpu.u_eJ_core.u_eK_exu.u_eL_exu_alu.u_eM_exu_alu_lsuagu.icb_state_dfflr.qout_r[N]	cmt_dcause[I]	-0.642500	-0.732695
u_eI_cpu.u_eJ_core.u_eK_ifu.u_eL_ifu_ifetch.ir_rsMidx_dfflr.qout_r[N]	u_eI_cpu.u_eJ_core.u_eK_biu.u_biu_icb_arbt.arbt_num_gt_L_gen.dp_M.u_sirv_gnrl_rspid_fifo.dp_gt_N.vld_dfflr.qout_r	-0.642400	-0.511336
u_eI_cpu.u_eJ_core.u_eK_lsu.u_eL_lsu_ctrl.u_eM_lsu_splt_stage.dp_gt_N.dat_dfflr.qout_r[O]	cmt_dcause_ena	-0.641800	-0.780925
u_eI_cpu.u_eJ_core.u_eK_biu.u_biu_icb_arbt.arbt_num_gt_L_gen.dp_M.u_sirv_gnrl_rspid_fifo.dp_gt_N.vld_dfflr.qout_r	cmt_dcause_ena	-0.640900	-0.778908
u_eI_cpu.u_eJ_core.u_eK_exu.u_eL_exu_oitf.depth_gtM.alc_ptr_dfflrs.qout_r	cmt_dcause[I]	-0.640500	-0.768957
u_eI_cpu.u_eJ_core.u_eK_ifu.u_eL_ifu_ifetch.ifu_lo_ir_dfflr.qout_r[M]	u_eI_cpu.u_eJ_core.u_eK_exu.u_eL_exu_alu.u_eM_exu_alu_dpath.sbf_N_dffl.qout_r[O]	-0.640400	-0.354130
u_eI_cpu.u_eJ_core.u_eK_biu.u_sirv_gnrl_icb_buffer.u_sirv_gnrl_rsp_fifo.dp_gtL.vec_M_dfflr.qout_r	cmt_dcause_ena	-0.640100	-0.780651
dbg_halt_r	u_eI_cpu.u_eJ_core.u_eK_ifu.u_eL_ifu_ifetch.ir_pc_vld_dfflr.qout_r	-0.640000	-0.344092
u_eI_cpu.u_eJ_core.u_eK_ifu.u_eL_ifu_ifetch.ifu_lo_ir_dfflr.qout_r[M]	u_eI_cpu.u_eJ_core.u_eK_ifu.u_eL_ifu_ifetch.ir_valid_dfflr.qout_r	-0.639200	-0.397918
u_eI_cpu.u_eJ_core.u_eK_ifu.u_eL_ifu_ifetch.ir_rsMidx_dfflr.qout_r[N]	u_eI_cpu.u_eJ_core.u_eK_ifu.u_eL_ifu_iftMicb.icbNmem_dfflr.qout_r	-0.638200	-0.529958
u_eI_cpu.u_eJ_core.u_eK_ifu.u_eL_ifu_ifetch.ifu_hi_ir_dfflr.qout_r[M]	u_eI_cpu.u_eJ_itcm_ctrl.u_sram_icb_ctrl.u_sirv_Kcyc_sram_ctrl.u_ram_clkgate.enb	-0.638000	-0.460538
dbg_step_r	u_eI_cpu.u_eJ_core.u_eK_lsu.u_eL_lsu_ctrl.u_eM_lsu_splt_stage.dp_gt_N.vld_dfflr.qout_r	-0.637200	0.043781
dbg_step_r	u_eI_cpu.u_eJ_core.u_eK_lsu.u_eL_lsu_ctrl.u_lsu_icb_arbt.arbt_num_gt_M_gen.dp_N.u_sirv_gnrl_rspid_fifo.dp_gt_O.vld_dfflr.qout_r	-0.637200	0.045185
u_eI_cpu.u_eJ_core.u_eK_exu.u_eL_exu_alu.u_eM_exu_alu_lsuagu.icb_state_dfflr.qout_r[N]	core_wfi	-0.636800	-0.738594
u_eI_cpu.u_eJ_itcm_ctrl.u_itcm_icb_arbt.arbt_num_gt_K_gen.dp_L.u_sirv_gnrl_rspid_fifo.dp_gt_M.vld_dfflr.qout_r	cmt_dcause[I]	-0.635900	-0.770837
dbg_halt_r	u_eI_cpu.u_eJ_core.u_eK_exu.u_eL_exu_alu.u_eM_exu_alu_muldiv.exec_cnt_dfflr.qout_r[N]	-0.635400	-0.335133
u_eI_cpu.u_eJ_core.u_eK_ifu.u_eL_ifu_ifetch.ifu_err_dfflr.qout_r	cmt_dpc_ena	-0.635200	-0.686291
u_eI_cpu.u_eJ_core.u_eK_exu.u_eL_exu_oitf.depth_gtM.alc_ptr_dfflrs.qout_r	core_wfi	-0.634800	-0.774857
u_eI_cpu.u_eJ_itcm_ctrl.u_sram_icb_ctrl.u_sirv_Kcyc_sram_ctrl.u_eL_stage.dp_gt_M.vld_dfflr.qout_r	cmt_dpc_ena	-0.634100	-0.769070
dbg_step_r	u_eI_cpu.u_eJ_clk_ctrl.u_ifu_clkgate.enb	-0.633700	-0.045403
u_eI_cpu.u_eJ_core.u_eK_ifu.u_eL_ifu_ifetch.ir_rsMidx_dfflr.qout_r[N]	u_eI_cpu.u_eJ_core.u_eK_ifu.u_eL_ifu_ifetch.out_flag_dfflr.qout_r	-0.633100	-0.515327
u_eI_cpu.u_eJ_core.u_eK_lsu.u_eL_lsu_ctrl.u_eM_lsu_splt_stage.dp_gt_N.dat_dfflr.qout_r[O]	cmt_dcause[I]	-0.632500	-0.766599
u_eI_cpu.u_eJ_core.u_eK_exu.u_eL_exu_oitf.depth_gtM.ret_ptr_dfflrs.qout_r	cmt_dcause_ena	-0.632300	-0.785842
u_eI_cpu.u_eJ_core.u_eK_biu.u_biu_icb_arbt.arbt_num_gt_L_gen.dp_M.u_sirv_gnrl_rspid_fifo.dp_gt_N.vld_dfflr.qout_r	cmt_dcause[I]	-0.631600	-0.764583
u_eI_cpu.u_eJ_core.u_eK_ifu.u_eL_ifu_ifetch.ifu_lo_ir_dfflr.qout_r[M]	u_eI_srams.u_eJ_itcm_ram.u_eK_itcm_gnrl_ram.u_sirv_sim_ram.mem_r[L][M]	-0.631000	-0.312669
u_eI_cpu.u_eJ_core.u_eK_biu.u_sirv_gnrl_icb_buffer.u_sirv_gnrl_rsp_fifo.dp_gtL.vec_M_dfflr.qout_r	cmt_dcause[I]	-0.630800	-0.766326
u_eI_cpu.u_eJ_itcm_ctrl.u_itcm_icb_arbt.arbt_num_gt_K_gen.dp_L.u_sirv_gnrl_rspid_fifo.dp_gt_M.vld_dfflr.qout_r	core_wfi	-0.630200	-0.776736
u_eI_cpu.u_eJ_dtcm_ctrl.u_dtcm_icb_arbt.arbt_num_gt_K_gen.dp_L.u_sirv_gnrl_rspid_fifo.dp_gt_M.vld_dfflr.qout_r	cmt_dcause_ena	-0.628500	-0.761139
dbg_mode	u_eI_cpu.u_eJ_core.u_eK_exu.u_eL_exu_commit.u_eM_exu_excp.step_req_dfflr.qout_r	-0.627900	-0.030474
u_eI_cpu.u_eJ_dtcm_ctrl.u_sram_icb_ctrl.u_sirv_Kcyc_sram_ctrl.u_eL_stage.dp_gt_M.vld_dfflr.qout_r	cmt_dcause_ena	-0.627600	-0.762063
u_eI_cpu.u_eJ_core.u_eK_lsu.u_eL_lsu_ctrl.u_eM_lsu_splt_stage.dp_gt_N.dat_dfflr.qout_r[O]	core_wfi	-0.626800	-0.772499
dbg_step_r	u_eI_cpu.u_eJ_core.u_eK_exu.u_eL_exu_csr.mie_dfflr.qout_r[M]	-0.626400	-0.044677
u_eI_cpu.u_eJ_core.u_eK_biu.u_biu_icb_arbt.arbt_num_gt_L_gen.dp_M.u_sirv_gnrl_rspid_fifo.dp_gt_N.vld_dfflr.qout_r	core_wfi	-0.625900	-0.770482
u_eI_cpu.u_eJ_core.u_eK_exu.u_eL_exu_oitf.depth_gtM.alc_ptr_flg_dfflrs.qout_r	cmt_dcause_ena	-0.625800	-0.825698
u_eI_cpu.u_eJ_core.u_eK_ifu.u_eL_ifu_ifetch.ifu_hi_ir_dfflr.qout_r[M]	u_eI_cpu.u_eJ_core.u_eK_exu.u_eL_exu_alu.u_eM_exu_alu_dpath.sbf_N_dffl.qout_r[O]	-0.625600	-0.356636
u_eI_cpu.u_eJ_core.u_eK_biu.u_sirv_gnrl_icb_buffer.u_sirv_gnrl_rsp_fifo.dp_gtL.vec_M_dfflr.qout_r	core_wfi	-0.625100	-0.772225
u_eI_cpu.u_eJ_core.u_eK_exu.u_eL_exu_oitf.depth_gtM.ret_ptr_flg_dfflrs.qout_r	cmt_dcause_ena	-0.624000	-0.803376
dbg_step_r	u_eI_cpu.u_eJ_core.u_eK_exu.u_eL_exu_csr.counterstop_dfflr.qout_r[M]	-0.623600	-0.078497
u_eI_cpu.u_eJ_core.u_eK_exu.u_eL_exu_oitf.depth_gtM.ret_ptr_dfflrs.qout_r	cmt_dcause[I]	-0.623000	-0.771516
u_eI_cpu.u_eJ_core.u_eK_exu.u_eL_exu_alu.u_eM_exu_alu_dpath.sbf_N_dffl.qout_r[O]	extIdtcm_icb_cmd_ready	-0.621500	-0.665485
u_eI_cpu.u_eJ_core.u_eK_ifu.u_eL_ifu_ifetch.ir_rsMidx_dfflr.qout_r[N]	u_eI_cpu.u_eJ_core.u_eK_ifu.u_eL_ifu_iftMicb.u_eN_ifetch_rsp_bypbuf.u_bypbuf_fifo.dp_gtO.vec_P_dfflrs.qout_r	-0.620300	-0.453965
dbg_step_r	u_eI_cpu.u_eJ_core.u_eK_exu.u_eL_exu_csr.mdvnobMb_dfflr.qout_r[N]	-0.620200	-0.076158
u_eI_cpu.u_eJ_core.u_eK_ifu.u_eL_ifu_ifetch.ifu_lo_ir_dfflr.qout_r[M]	u_eI_cpu.u_eJ_core.u_eK_ifu.u_eL_ifu_iftMicb.u_eN_ifetch_rsp_bypbuf.u_bypbuf_fifo.dp_gtO.vec_P_dfflr.qout_r	-0.619400	-0.377768
u_eI_cpu.u_eJ_dtcm_ctrl.u_dtcm_icb_arbt.arbt_num_gt_K_gen.dp_L.u_sirv_gnrl_rspid_fifo.dp_gt_M.vld_dfflr.qout_r	cmt_dcause[I]	-0.619200	-0.746813
dbg_step_r	u_eI_cpu.u_eJ_core.u_eK_exu.u_eL_exu_csr.mcgstop_dfflr.qout_r[M]	-0.619100	-0.069466
dbg_step_r	u_eI_cpu.u_eJ_core.u_eK_exu.u_eL_exu_alu.u_eM_exu_nice.u_nice_itag_fifo.dp_gtN.wptr_vec_O_dfflrs.qout_r	-0.619100	0.090608
u_eI_cpu.u_eJ_itcm_ctrl.u_itcm_icb_arbt.arbt_num_gt_K_gen.dp_L.u_sirv_gnrl_rspid_fifo.dp_gt_M.dat_dfflr.qout_r	cmt_dcause_ena	-0.619000	-0.723283
u_eI_cpu.u_eJ_dtcm_ctrl.u_sram_icb_ctrl.u_sirv_Kcyc_sram_ctrl.u_eL_stage.dp_gt_M.vld_dfflr.qout_r	cmt_dcause[I]	-0.618300	-0.747737
u_eI_cpu.u_eJ_core.u_eK_ifu.u_eL_ifu_ifetch.ifu_lo_ir_dfflr.qout_r[M]	u_eI_cpu.u_eJ_dtcm_ctrl.u_sram_icb_ctrl.u_byp_icb_cmd_buf.u_bypbuf_fifo.dp_gtK.fifo_rf[L].fifo_rf_dffl.qout_r[M]	-0.618100	-0.311801
u_eI_cpu.u_eJ_core.u_eK_exu.u_eL_exu_oitf.depth_gtM.ret_ptr_dfflrs.qout_r	core_wfi	-0.617300	-0.777415
u_eI_cpu.u_eJ_core.u_eK_exu.u_eL_exu_oitf.depth_gtM.alc_ptr_flg_dfflrs.qout_r	cmt_dcause[I]	-0.616500	-0.811372
u_eI_cpu.u_eJ_core.u_eK_ifu.u_eL_ifu_ifetch.ir_rsMidx_dfflr.qout_r[N]	u_eI_cpu.u_eJ_clk_ctrl.u_itcm_clkgate.enb	-0.615000	-0.480737
u_eI_cpu.u_eJ_core.u_eK_exu.u_eL_exu_oitf.depth_gtM.ret_ptr_flg_dfflrs.qout_r	cmt_dcause[I]	-0.614700	-0.789051
u_eI_cpu.u_eJ_core.u_eK_biu.u_biu_icb_arbt.arbt_num_gt_L_gen.dp_M.u_sirv_gnrl_rspid_fifo.dp_gt_N.dat_dfflr.qout_r	cmt_dcause_ena	-0.614600	-0.752465
dbg_step_r	u_eI_cpu.u_eJ_core.u_eK_exu.u_eL_exu_csr.itcmnohold_dfflr.qout_r[M]	-0.614300	-0.048325
u_eI_cpu.u_eJ_dtcm_ctrl.u_dtcm_icb_arbt.arbt_num_gt_K_gen.dp_L.u_sirv_gnrl_rspid_fifo.dp_gt_M.vld_dfflr.qout_r	core_wfi	-0.613500	-0.752712
u_eI_cpu.u_eJ_dtcm_ctrl.u_sram_icb_ctrl.u_sirv_Kcyc_sram_ctrl.u_eL_stage.dp_gt_M.vld_dfflr.qout_r	core_wfi	-0.612700	-0.753636
dbg_halt_r	u_eI_cpu.u_eJ_core.u_eK_exu.u_eL_exu_csr.cause_dfflr.qout_r[M]	-0.611100	-0.268110
u_eI_cpu.u_eJ_core.u_eK_exu.u_eL_exu_oitf.depth_gtM.alc_ptr_flg_dfflrs.qout_r	core_wfi	-0.610900	-0.817272
u_eI_cpu.u_eJ_core.u_eK_ifu.u_eL_ifu_ifetch.ir_rsMidx_dfflr.qout_r[N]	u_eI_cpu.u_eJ_core.u_eK_ifu.u_eL_ifu_ifetch.reset_req_dfflr.qout_r	-0.610000	-0.502089
u_eI_cpu.u_eJ_itcm_ctrl.u_itcm_icb_arbt.arbt_num_gt_K_gen.dp_L.u_sirv_gnrl_rspid_fifo.dp_gt_M.dat_dfflr.qout_r	cmt_dcause[I]	-0.609800	-0.708957
u_eI_cpu.u_eJ_core.u_eK_exu.u_eL_exu_regfile.regfile[M].rfnoN.rf_dffl.qout_r[O]	cmt_dcause_ena	-0.609700	-0.903987
dbg_halt_r	u_eI_cpu.u_eJ_core.u_eK_exu.u_eL_exu_csr.epc_dfflr.qout_r[M]	-0.609700	-0.417476
u_eI_cpu.u_eJ_core.u_eK_ifu.u_eL_ifu_ifetch.ir_rsMidx_dfflr.qout_r[N]	u_eI_cpu.u_eJ_core.u_eK_ifu.u_eL_ifu_ifetch.dly_flush_dfflr.qout_r	-0.609200	-0.495090
u_eI_cpu.u_eJ_core.u_eK_exu.u_eL_exu_oitf.depth_gtM.ret_ptr_flg_dfflrs.qout_r	core_wfi	-0.609000	-0.794950
u_eI_cpu.u_eJ_core.u_eK_exu.u_eL_exu_alu.u_eM_exu_alu_lsuagu.icb_state_dfflr.qout_r[N]	cmt_dpc_ena	-0.608000	-0.726126
dbg_step_r	u_eI_cpu.u_eJ_nice_core.lbuf_cnt_dfflr.qout_r[K]	-0.607700	-0.023711
dbg_halt_r	u_eI_cpu.u_eJ_core.u_eK_exu.u_eL_exu_alu.u_eM_exu_alu_muldiv.muldiv_state_dfflr.qout_r[N]	-0.606100	-0.309431
u_eI_cpu.u_eJ_core.u_eK_exu.u_eL_exu_oitf.depth_gtM.alc_ptr_dfflrs.qout_r	cmt_dpc_ena	-0.606000	-0.762389
u_eI_cpu.u_eJ_itcm_ctrl.u_sram_icb_ctrl.u_sirv_Kcyc_sram_ctrl.u_eL_stage.dp_gt_M.dat_dfflr.qout_r[N]	cmt_dcause_ena	-0.605600	-0.747903
u_eI_cpu.u_eJ_core.u_eK_biu.u_biu_icb_arbt.arbt_num_gt_L_gen.dp_M.u_sirv_gnrl_rspid_fifo.dp_gt_N.dat_dfflr.qout_r	cmt_dcause[I]	-0.605300	-0.738139
u_eI_cpu.u_eJ_core.u_eK_ifu.u_eL_ifu_ifetch.ifu_hi_ir_dfflr.qout_r[M]	u_eI_cpu.u_eJ_core.u_eK_exu.u_eL_exu_alu.u_eM_exu_alu_dpath.sbf_N_dffl.qout_r[O]	-0.604600	-0.355725
u_eI_cpu.u_eJ_core.u_eK_ifu.u_eL_ifu_ifetch.ir_rsMidx_dfflr.qout_r[N]	u_eI_cpu.u_eJ_clk_ctrl.itcm_active_dffr.qout_r	-0.604200	-0.480916
u_eI_cpu.u_eJ_itcm_ctrl.u_itcm_icb_arbt.arbt_num_gt_K_gen.dp_L.u_sirv_gnrl_rspid_fifo.dp_gt_M.dat_dfflr.qout_r	core_wfi	-0.604100	-0.714857
u_eI_cpu.u_eJ_core.u_eK_ifu.u_eL_ifu_ifetch.ifu_hi_ir_dfflr.qout_r[M]	u_eI_cpu.u_eJ_core.u_eK_ifu.u_eL_ifu_ifetch.ir_valid_dfflr.qout_r	-0.603400	-0.405746
u_eI_cpu.u_eJ_itcm_ctrl.u_itcm_icb_arbt.arbt_num_gt_K_gen.dp_L.u_sirv_gnrl_rspid_fifo.dp_gt_M.vld_dfflr.qout_r	cmt_dpc_ena	-0.601400	-0.764268
u_eI_cpu.u_eJ_core.u_eK_exu.u_eL_exu_regfile.regfile[M].rfnoN.rf_dffl.qout_r[O]	cmt_dcause[I]	-0.600500	-0.889661
u_eI_cpu.u_eJ_core.u_eK_ifu.u_eL_ifu_ifetch.ir_rsMidx_dfflr.qout_r[N]	u_eI_cpu.u_eJ_clk_ctrl.u_biu_clkgate.enb	-0.599900	-0.425532
u_eI_cpu.u_eJ_core.u_eK_biu.u_biu_icb_arbt.arbt_num_gt_L_gen.dp_M.u_sirv_gnrl_rspid_fifo.dp_gt_N.dat_dfflr.qout_r	core_wfi	-0.599600	-0.744039
u_eI_cpu.u_eJ_core.u_eK_lsu.u_eL_lsu_ctrl.u_eM_lsu_splt_stage.dp_gt_N.dat_dfflr.qout_r[O]	cmt_dpc_ena	-0.598000	-0.760031
dbg_step_r	u_eI_cpu.u_eJ_core.u_eK_ifu.u_eL_ifu_ifetch.halt_ack_dfflr.qout_r	-0.597300	-0.042382
u_eI_cpu.u_eJ_core.u_eK_biu.u_biu_icb_arbt.arbt_num_gt_L_gen.dp_M.u_sirv_gnrl_rspid_fifo.dp_gt_N.vld_dfflr.qout_r	cmt_dpc_ena	-0.597100	-0.758014
u_eI_cpu.u_eJ_itcm_ctrl.u_sram_icb_ctrl.u_sirv_Kcyc_sram_ctrl.u_eL_stage.dp_gt_M.dat_dfflr.qout_r[N]	cmt_dcause[I]	-0.596300	-0.733577
u_eI_cpu.u_eJ_core.u_eK_biu.u_sirv_gnrl_icb_buffer.u_sirv_gnrl_rsp_fifo.dp_gtL.vec_M_dfflr.qout_r	cmt_dpc_ena	-0.596300	-0.759757
u_eI_cpu.u_eJ_core.u_eK_ifu.u_eL_ifu_ifetch.ifu_lo_ir_dfflr.qout_r[M]	u_eI_srams.u_eJ_dtcm_ram.u_eK_dtcm_gnrl_ram.u_sirv_sim_ram.mem_r[L][M]	-0.595400	-0.329565
u_eI_cpu.u_eJ_core.u_eK_ifu.u_eL_ifu_ifetch.ifu_hi_ir_dfflr.qout_r[M]	u_eI_srams.u_eJ_itcm_ram.u_eK_itcm_gnrl_ram.u_sirv_sim_ram.mem_r[L][M]	-0.595200	-0.296726
u_eI_cpu.u_eJ_core.u_eK_exu.u_eL_exu_regfile.regfile[M].rfnoN.rf_dffl.qout_r[O]	core_wfi	-0.594800	-0.895560
u_eI_cpu.u_eJ_core.u_eK_exu.u_eL_exu_csr.mie_dfflr.qout_r[M]	cmt_dcause_ena	-0.593700	-0.779736
dbg_halt_r	u_eI_cpu.u_eJ_core.u_eK_exu.u_eL_exu_alu.u_eM_exu_nice.u_nice_itag_fifo.dp_gtN.vec_O_dfflr.qout_r[P]	-0.592600	0.058488
dbg_step_r	u_eI_cpu.u_eJ_core.u_eK_exu.u_eL_exu_alu.u_eM_exu_alu_lsuagu.icb_leftover_err_dfflr.qout_r	-0.591800	-0.061198
u_eI_cpu.u_eJ_itcm_ctrl.u_sram_icb_ctrl.u_sirv_Kcyc_sram_ctrl.u_eL_stage.dp_gt_M.dat_dfflr.qout_r[N]	core_wfi	-0.590600	-0.739476
u_eI_cpu.u_eJ_core.u_eK_exu.u_eL_exu_oitf.depth_gtM.ret_ptr_dfflrs.qout_r	cmt_dpc_ena	-0.588500	-0.764947
u_eI_cpu.u_eJ_dtcm_ctrl.u_dtcm_icb_arbt.arbt_num_gt_K_gen.dp_L.u_sirv_gnrl_rspid_fifo.dp_gt_M.vld_dfflr.qout_r	cmt_dpc_ena	-0.584700	-0.740244
u_eI_cpu.u_eJ_core.u_eK_exu.u_eL_exu_csr.mie_dfflr.qout_r[M]	cmt_dcause[I]	-0.584400	-0.765411
u_eI_cpu.u_eJ_dtcm_ctrl.u_sram_icb_ctrl.u_sirv_Kcyc_sram_ctrl.u_eL_stage.dp_gt_M.vld_dfflr.qout_r	cmt_dpc_ena	-0.583800	-0.741169
u_eI_cpu.u_eJ_core.u_eK_ifu.u_eL_ifu_ifetch.ifu_hi_ir_dfflr.qout_r[M]	u_eI_cpu.u_eJ_core.u_eK_ifu.u_eL_ifu_iftMicb.u_eN_ifetch_rsp_bypbuf.u_bypbuf_fifo.dp_gtO.vec_P_dfflr.qout_r	-0.583600	-0.385596
u_eI_cpu.u_eJ_core.u_eK_ifu.u_eL_ifu_ifetch.ir_rsMidx_dfflr.qout_r[N]	u_eI_cpu.u_eJ_itcm_ctrl.u_sram_icb_ctrl.u_sirv_Kcyc_sram_ctrl.u_ram_clkgate.enb	-0.582700	-0.496963
u_eI_cpu.u_eJ_core.u_eK_lsu.u_eL_lsu_ctrl.u_eM_lsu_splt_stage.dp_gt_N.vld_dfflr.qout_r	u_eI_cpu.u_eJ_core.u_eK_ifu.u_eL_ifu_ifetch.pc_dfflr.qout_r[M]	-0.582600	-0.376655
u_eI_cpu.u_eJ_core.u_eK_ifu.u_eL_ifu_ifetch.ifu_hi_ir_dfflr.qout_r[M]	u_eI_cpu.u_eJ_dtcm_ctrl.u_sram_icb_ctrl.u_byp_icb_cmd_buf.u_bypbuf_fifo.dp_gtK.fifo_rf[L].fifo_rf_dffl.qout_r[M]	-0.582400	-0.295858
u_eI_cpu.u_eJ_core.u_eK_exu.u_eL_exu_oitf.depth_gtM.alc_ptr_flg_dfflrs.qout_r	cmt_dpc_ena	-0.582100	-0.804804
u_eI_cpu.u_eJ_core.u_eK_exu.u_eL_exu_oitf.depth_gtM.ret_ptr_flg_dfflrs.qout_r	cmt_dpc_ena	-0.580200	-0.782482
u_eI_cpu.u_eJ_core.u_eK_exu.u_eL_exu_csr.mie_dfflr.qout_r[M]	core_wfi	-0.578800	-0.771310
dbg_halt_r	u_eI_cpu.u_eJ_core.u_eK_exu.u_eL_exu_alu.u_eM_exu_alu_muldiv.flushed_dfflr.qout_r	-0.578500	-0.133562
dbg_halt_r	u_eI_cpu.u_eJ_core.u_eK_lsu.u_eL_lsu_ctrl.u_lsu_icb_arbt.arbt_num_gt_M_gen.dp_N.u_sirv_gnrl_rspid_fifo.dp_gt_O.dat_dfflr.qout_r	-0.578300	0.047367
u_eI_cpu.u_eJ_core.u_eK_ifu.u_eL_ifu_ifetch.ifu_lo_ir_dfflr.qout_r[M]	u_eI_cpu.u_eJ_dtcm_ctrl.u_sram_icb_ctrl.u_byp_icb_cmd_buf.u_bypbuf_fifo.dp_gtK.vec_L_dfflrs.qout_r	-0.575800	-0.104364
u_eI_cpu.u_eJ_itcm_ctrl.u_itcm_icb_arbt.arbt_num_gt_K_gen.dp_L.u_sirv_gnrl_rspid_fifo.dp_gt_M.dat_dfflr.qout_r	cmt_dpc_ena	-0.575300	-0.702389
u_eI_cpu.u_eJ_dtcm_ctrl.u_dtcm_icb_arbt.arbt_num_gt_K_gen.dp_L.u_sirv_gnrl_rspid_fifo.dp_gt_M.dat_dfflr.qout_r	cmt_dcause_ena	-0.574500	-0.709789
u_eI_cpu.u_eJ_core.u_eK_ifu.u_eL_ifu_ifetch.ifu_err_dfflr.qout_r	u_eI_cpu.u_eJ_core.u_eK_ifu.u_eL_ifu_ifetch.pc_dfflr.qout_r[M]	-0.572300	-0.243459
u_eI_cpu.u_eJ_itcm_ctrl.u_sram_icb_ctrl.u_sirv_Kcyc_sram_ctrl.u_eL_stage.dp_gt_M.vld_dfflr.qout_r	u_eI_cpu.u_eJ_core.u_eK_ifu.u_eL_ifu_ifetch.pc_dfflr.qout_r[M]	-0.571200	-0.326305
u_eI_cpu.u_eJ_core.u_eK_biu.u_biu_icb_arbt.arbt_num_gt_L_gen.dp_M.u_sirv_gnrl_rspid_fifo.dp_gt_N.dat_dfflr.qout_r	cmt_dpc_ena	-0.570800	-0.731571
u_eI_cpu.u_eJ_core.u_eK_ifu.u_eL_ifu_ifetch.ir_rsMidx_dfflr.qout_r[N]	u_eI_cpu.u_eJ_core.u_eK_exu.u_eL_exu_alu.u_eM_exu_alu_dpath.sbf_N_dffl.qout_r[O]	-0.570300	-0.394220
u_eI_cpu.u_eJ_irq_sync.master_gen.u_tmr_irq_sync.sync_gen[K].i_is_not_L.sync_dffr.qout_r	cmt_dcause_ena	-0.570200	-0.773575
u_eI_cpu.u_eJ_core.u_eK_exu.u_eL_exu_regfile.regfile[M].rfnoN.rf_dffl.qout_r[O]	cmt_dpc_ena	-0.566000	-0.883093
u_eI_cpu.u_eJ_dtcm_ctrl.u_dtcm_icb_arbt.arbt_num_gt_K_gen.dp_L.u_sirv_gnrl_rspid_fifo.dp_gt_M.dat_dfflr.qout_r	cmt_dcause[I]	-0.565200	-0.695463
u_eI_cpu.u_eJ_irq_sync.master_gen.u_sft_irq_sync.sync_gen[K].i_is_not_L.sync_dffr.qout_r	cmt_dcause_ena	-0.561900	-0.757431
u_eI_cpu.u_eJ_itcm_ctrl.u_sram_icb_ctrl.u_sirv_Kcyc_sram_ctrl.u_eL_stage.dp_gt_M.dat_dfflr.qout_r[N]	cmt_dpc_ena	-0.561800	-0.727008
u_eI_cpu.u_eJ_core.u_eK_lsu.u_eL_lsu_ctrl.u_lsu_icb_arbt.arbt_num_gt_M_gen.dp_N.u_sirv_gnrl_rspid_fifo.dp_gt_O.vld_dfflr.qout_r	cmt_dcause_ena	-0.561200	-0.725732
dbg_halt_r	u_eI_cpu.u_eJ_core.u_eK_exu.u_eL_exu_csr.mcycle_dfflr.qout_r[M]	-0.561200	-0.110694
u_eI_cpu.u_eJ_irq_sync.master_gen.u_tmr_irq_sync.sync_gen[K].i_is_not_L.sync_dffr.qout_r	cmt_dcause[I]	-0.561000	-0.759250
u_eI_cpu.u_eJ_core.u_eK_ifu.u_eL_ifu_ifetch.ifu_hi_ir_dfflr.qout_r[M]	u_eI_srams.u_eJ_dtcm_ram.u_eK_dtcm_gnrl_ram.u_sirv_sim_ram.mem_r[L][M]	-0.559600	-0.313621
u_eI_cpu.u_eJ_dtcm_ctrl.u_dtcm_icb_arbt.arbt_num_gt_K_gen.dp_L.u_sirv_gnrl_rspid_fifo.dp_gt_M.dat_dfflr.qout_r	core_wfi	-0.559500	-0.701362
u_eI_cpu.u_eJ_core.u_eK_lsu.u_eL_lsu_ctrl.u_eM_lsu_splt_stage.dp_gt_N.vld_dfflr.qout_r	u_eI_cpu.u_eJ_core.u_eK_ifu.u_eL_ifu_iftMicb.leftover_dffl.qout_r[N]	-0.559200	-0.374320
dbg_halt_r	u_eI_cpu.u_eJ_core.u_eK_ifu.u_eL_ifu_ifetch.u_eM_ifu_litebpu.rsNxn_rdrf_dfflrs.qout_r	-0.559000	-0.341698
dbg_halt_r	u_eI_cpu.u_eJ_core.u_eK_exu.u_eL_exu_alu.u_eM_exu_alu_lsuagu.unalgn_flg_dffl.qout_r	-0.558600	-0.225300
u_eI_cpu.u_eJ_core.u_eK_lsu.u_eL_lsu_ctrl.u_eM_lsu_splt_stage.dp_gt_N.vld_dfflr.qout_r	u_eI_cpu.u_eJ_core.u_eK_ifu.u_eL_ifu_ifetch.ifu_hi_ir_dfflr.qout_r[M]	-0.557600	-0.329133
u_eI_cpu.u_eJ_irq_sync.master_gen.u_ext_irq_sync.sync_gen[K].i_is_not_L.sync_dffr.qout_r	cmt_dcause_ena	-0.556700	-0.742214
u_eI_cpu.u_eJ_core.u_eK_lsu.u_eL_lsu_ctrl.u_eM_lsu_splt_stage.dp_gt_N.vld_dfflr.qout_r	u_eI_cpu.u_eJ_core.u_eK_ifu.u_eL_ifu_ifetch.ir_rsMidx_dfflr.qout_r[N]	-0.556000	-0.331495
dbg_step_r	u_eI_cpu.u_eJ_clk_ctrl.u_lsu_clkgate.enb	-0.555800	0.000000
u_eI_cpu.u_eJ_irq_sync.master_gen.u_tmr_irq_sync.sync_gen[K].i_is_not_L.sync_dffr.qout_r	core_wfi	-0.555300	-0.765149
u_eI_cpu.u_eJ_core.u_eK_lsu.u_eL_lsu_ctrl.u_eM_lsu_splt_stage.dp_gt_N.vld_dfflr.qout_r	u_eI_cpu.u_eJ_core.u_eK_biu.u_sirv_gnrl_icb_buffer.u_sirv_gnrl_cmd_fifo.dp_gtL.fifo_rf[M].fifo_rf_dffl.qout_r[N]	-0.553900	-0.347996
u_eI_cpu.u_eJ_core.u_eK_lsu.u_eL_lsu_ctrl.u_eM_lsu_splt_stage.dp_gt_N.vld_dfflr.qout_r	u_eI_cpu.u_eJ_core.u_eK_ifu.u_eL_ifu_ifetch.ifu_lo_ir_dfflr.qout_r[M]	-0.553900	-0.304244
u_eI_cpu.u_eJ_irq_sync.master_gen.u_sft_irq_sync.sync_gen[K].i_is_not_L.sync_dffr.qout_r	cmt_dcause[I]	-0.552600	-0.743105
u_eI_cpu.u_eJ_core.u_eK_lsu.u_eL_lsu_ctrl.u_lsu_icb_arbt.arbt_num_gt_M_gen.dp_N.u_sirv_gnrl_rspid_fifo.dp_gt_O.vld_dfflr.qout_r	cmt_dcause[I]	-0.552000	-0.711407
dbg_step_r	u_eI_cpu.u_eJ_core.u_eK_exu.u_eL_exu_commit.u_eM_exu_excp.wfi_halt_req_dfflr.qout_r	-0.552000	0.005394
u_eI_cpu.u_eJ_core.u_eK_lsu.u_eL_lsu_ctrl.u_eM_lsu_splt_stage.dp_gt_N.vld_dfflr.qout_r	u_eI_cpu.u_eJ_core.u_eK_biu.u_sirv_gnrl_icb_buffer.u_sirv_gnrl_cmd_fifo.dp_gtL.vec_M_dfflr.qout_r	-0.550900	-0.327970
u_eI_cpu.u_eJ_core.u_eK_exu.u_eL_exu_csr.mie_dfflr.qout_r[M]	cmt_dpc_ena	-0.549900	-0.758842
u_eI_cpu.u_eJ_core.u_eK_ifu.u_eL_ifu_ifetch.ir_rsMidx_dfflr.qout_r[N]	u_eI_cpu.u_eJ_core.u_eK_exu.u_eL_exu_alu.u_eM_exu_alu_dpath.sbf_N_dffl.qout_r[O]	-0.549300	-0.393310
u_eI_cpu.u_eJ_core.u_eK_ifu.u_eL_ifu_ifetch.ifu_err_dfflr.qout_r	u_eI_cpu.u_eJ_core.u_eK_ifu.u_eL_ifu_iftMicb.leftover_dffl.qout_r[N]	-0.548800	-0.241124
u_eI_cpu.u_eJ_core.u_eK_ifu.u_eL_ifu_ifetch.ir_rsMidx_dfflr.qout_r[N]	u_eI_cpu.u_eJ_core.u_eK_ifu.u_eL_ifu_ifetch.ir_valid_dfflr.qout_r	-0.548100	-0.442171
u_eI_cpu.u_eJ_core.u_eK_lsu.u_eL_lsu_ctrl.u_lsu_icb_arbt.arbt_num_gt_M_gen.dp_N.u_sirv_gnrl_rspid_fifo.dp_gt_O.dat_dfflr.qout_r	cmt_dcause_ena	-0.547800	-0.693522
u_eI_cpu.u_eJ_itcm_ctrl.u_sram_icb_ctrl.u_sirv_Kcyc_sram_ctrl.u_eL_stage.dp_gt_M.vld_dfflr.qout_r	u_eI_cpu.u_eJ_core.u_eK_ifu.u_eL_ifu_iftMicb.leftover_dffl.qout_r[N]	-0.547700	-0.323970
u_eI_cpu.u_eJ_irq_sync.master_gen.u_ext_irq_sync.sync_gen[K].i_is_not_L.sync_dffr.qout_r	cmt_dcause[I]	-0.547400	-0.727889
u_eI_cpu.u_eJ_core.u_eK_ifu.u_eL_ifu_ifetch.ifu_err_dfflr.qout_r	u_eI_cpu.u_eJ_core.u_eK_ifu.u_eL_ifu_ifetch.ifu_hi_ir_dfflr.qout_r[M]	-0.547200	-0.195937
u_eI_cpu.u_eJ_irq_sync.master_gen.u_sft_irq_sync.sync_gen[K].i_is_not_L.sync_dffr.qout_r	core_wfi	-0.547000	-0.749005
u_eI_cpu.u_eJ_core.u_eK_lsu.u_eL_lsu_ctrl.u_lsu_icb_arbt.arbt_num_gt_M_gen.dp_N.u_sirv_gnrl_rspid_fifo.dp_gt_O.vld_dfflr.qout_r	core_wfi	-0.546300	-0.717306
u_eI_cpu.u_eJ_itcm_ctrl.u_sram_icb_ctrl.u_sirv_Kcyc_sram_ctrl.u_eL_stage.dp_gt_M.vld_dfflr.qout_r	u_eI_cpu.u_eJ_core.u_eK_ifu.u_eL_ifu_ifetch.ifu_hi_ir_dfflr.qout_r[M]	-0.546200	-0.278783
u_eI_cpu.u_eJ_core.u_eK_ifu.u_eL_ifu_ifetch.ifu_lo_ir_dfflr.qout_r[M]	u_eI_cpu.u_eJ_itcm_ctrl.u_itcm_icb_extKitcm_nLw.fifo_dp_M.u_sirv_gnrl_nNw_fifo.dp_gt_O.dat_dfflr.qout_r	-0.545800	0.019892
u_eI_cpu.u_eJ_core.u_eK_lsu.u_eL_lsu_ctrl.u_eM_lsu_splt_stage.dp_gt_N.vld_dfflr.qout_r	u_eI_cpu.u_eJ_core.u_eK_ifu.u_eL_ifu_iftMicb.icb_addr_N_O_dffl.qout_r[P]	-0.545700	-0.344967
u_eI_cpu.u_eJ_core.u_eK_ifu.u_eL_ifu_ifetch.ifu_err_dfflr.qout_r	u_eI_cpu.u_eJ_core.u_eK_ifu.u_eL_ifu_ifetch.ir_rsMidx_dfflr.qout_r[N]	-0.545600	-0.198299
u_eI_cpu.u_eJ_core.u_eK_ifu.u_eL_ifu_ifetch.ifu_pc_dfflr.qout_r[M]	extIitcm_icb_cmd_ready	-0.545400	-0.635501
u_eI_cpu.u_eJ_core.u_eK_exu.u_eL_exu_alu.u_eM_exu_alu_lsuagu.icb_state_dfflr.qout_r[N]	u_eI_cpu.u_eJ_core.u_eK_ifu.u_eL_ifu_ifetch.pc_dfflr.qout_r[M]	-0.545100	-0.283361
u_eI_cpu.u_eJ_itcm_ctrl.u_sram_icb_ctrl.u_sirv_Kcyc_sram_ctrl.u_eL_stage.dp_gt_M.vld_dfflr.qout_r	u_eI_cpu.u_eJ_core.u_eK_ifu.u_eL_ifu_ifetch.ir_rsMidx_dfflr.qout_r[N]	-0.544600	-0.281145
dbg_step_r	u_eI_cpu.u_eJ_core.u_eK_exu.u_eL_exu_commit.u_eM_exu_excp.wfi_flag_dfflr.qout_r	-0.543900	0.067906
u_eI_cpu.u_eJ_core.u_eK_ifu.u_eL_ifu_ifetch.ifu_err_dfflr.qout_r	u_eI_cpu.u_eJ_core.u_eK_biu.u_sirv_gnrl_icb_buffer.u_sirv_gnrl_cmd_fifo.dp_gtL.fifo_rf[M].fifo_rf_dffl.qout_r[N]	-0.543500	-0.214866
u_eI_cpu.u_eJ_core.u_eK_ifu.u_eL_ifu_ifetch.ifu_err_dfflr.qout_r	u_eI_cpu.u_eJ_core.u_eK_ifu.u_eL_ifu_ifetch.ifu_lo_ir_dfflr.qout_r[M]	-0.543500	-0.171048
dbg_halt_r	u_eI_cpu.u_eJ_core.u_eK_exu.u_eL_exu_csr.mtvec_dfflr.qout_r[M]	-0.543300	-0.087520
u_eI_cpu.u_eJ_core.u_eK_exu.u_eL_exu_oitf.depth_gtM.alc_ptr_dfflrs.qout_r	u_eI_cpu.u_eJ_core.u_eK_ifu.u_eL_ifu_ifetch.pc_dfflr.qout_r[M]	-0.543000	-0.319624
u_eI_cpu.u_eJ_itcm_ctrl.u_sram_icb_ctrl.u_sirv_Kcyc_sram_ctrl.u_eL_stage.dp_gt_M.vld_dfflr.qout_r	u_eI_cpu.u_eJ_core.u_eK_biu.u_sirv_gnrl_icb_buffer.u_sirv_gnrl_cmd_fifo.dp_gtL.fifo_rf[M].fifo_rf_dffl.qout_r[N]	-0.542500	-0.297646
u_eI_cpu.u_eJ_itcm_ctrl.u_sram_icb_ctrl.u_sirv_Kcyc_sram_ctrl.u_eL_stage.dp_gt_M.vld_dfflr.qout_r	u_eI_cpu.u_eJ_core.u_eK_ifu.u_eL_ifu_ifetch.ifu_lo_ir_dfflr.qout_r[M]	-0.542500	-0.253894
u_eI_cpu.u_eJ_core.u_eK_lsu.u_eL_lsu_ctrl.u_eM_lsu_splt_stage.dp_gt_N.vld_dfflr.qout_r	u_eI_cpu.u_eJ_itcm_ctrl.u_sram_icb_ctrl.u_byp_icb_cmd_buf.u_bypbuf_fifo.dp_gtK.fifo_rf[L].fifo_rf_dffl.qout_r[M]	-0.542000	-0.312660
u_eI_cpu.u_eJ_core.u_eK_exu.u_eL_exu_alu.u_eM_exu_alu_muldiv.part_prdt_sftN_dfflr.qout_r	extIitcm_icb_cmd_ready	-0.541700	-0.618016
u_eI_cpu.u_eJ_irq_sync.master_gen.u_ext_irq_sync.sync_gen[K].i_is_not_L.sync_dffr.qout_r	core_wfi	-0.541700	-0.733788
u_eI_cpu.u_eJ_core.u_eK_lsu.u_eL_lsu_ctrl.u_eM_lsu_splt_stage.dp_gt_N.vld_dfflr.qout_r	u_eI_cpu.u_eJ_core.u_eK_ifu.u_eL_ifu_iftMicb.icb_state_dfflr.qout_r[N]	-0.541500	-0.359429
dbg_halt_r	u_eI_cpu.u_eJ_core.u_eK_exu.u_eL_exu_alu.u_eM_exu_nice.u_nice_itag_fifo.dp_gtN.vec_O_dfflrs.qout_r	-0.541000	0.090104
u_eI_cpu.u_eJ_core.u_eK_ifu.u_eL_ifu_ifetch.ifu_err_dfflr.qout_r	u_eI_cpu.u_eJ_core.u_eK_biu.u_sirv_gnrl_icb_buffer.u_sirv_gnrl_cmd_fifo.dp_gtL.vec_M_dfflr.qout_r	-0.540600	-0.194840
u_eI_cpu.u_eJ_core.u_eK_ifu.u_eL_ifu_ifetch.ifu_hi_ir_dfflr.qout_r[M]	u_eI_cpu.u_eJ_dtcm_ctrl.u_sram_icb_ctrl.u_byp_icb_cmd_buf.u_bypbuf_fifo.dp_gtK.vec_L_dfflrs.qout_r	-0.540100	-0.088421
u_eI_cpu.u_eJ_core.u_eK_ifu.u_eL_ifu_ifetch.ir_rsMidx_dfflr.qout_r[N]	u_eI_srams.u_eJ_itcm_ram.u_eK_itcm_gnrl_ram.u_sirv_sim_ram.mem_r[L][M]	-0.539900	-0.356928
u_eI_cpu.u_eJ_itcm_ctrl.u_sram_icb_ctrl.u_sirv_Kcyc_sram_ctrl.u_eL_stage.dp_gt_M.vld_dfflr.qout_r	u_eI_cpu.u_eJ_core.u_eK_biu.u_sirv_gnrl_icb_buffer.u_sirv_gnrl_cmd_fifo.dp_gtL.vec_M_dfflr.qout_r	-0.539500	-0.277620
dbg_halt_r	u_eI_cpu.u_eJ_core.u_eK_exu.u_eL_exu_csr.mcycleh_dfflr.qout_r[M]	-0.539000	-0.105839
u_eI_cpu.u_eJ_core.u_eK_lsu.u_eL_lsu_ctrl.u_lsu_icb_arbt.arbt_num_gt_M_gen.dp_N.u_sirv_gnrl_rspid_fifo.dp_gt_O.dat_dfflr.qout_r	cmt_dcause[I]	-0.538500	-0.679196
u_eI_cpu.u_eJ_itcm_ctrl.u_itcm_icb_arbt.arbt_num_gt_K_gen.dp_L.u_sirv_gnrl_rspid_fifo.dp_gt_M.vld_dfflr.qout_r	u_eI_cpu.u_eJ_core.u_eK_ifu.u_eL_ifu_ifetch.pc_dfflr.qout_r[M]	-0.538500	-0.321503
dbg_step_r	u_eI_cpu.u_eJ_nice_core.state_dfflr.qout_r[K]	-0.537900	0.071576
dbg_halt_r	u_eI_cpu.u_eJ_core.u_eK_exu.u_eL_exu_csr.status_mie_dfflr.qout_r	-0.537700	-0.246069
u_eI_cpu.u_eJ_core.u_eK_lsu.u_eL_lsu_ctrl.u_eM_lsu_splt_stage.dp_gt_N.vld_dfflr.qout_r	u_eI_cpu.u_eJ_core.u_eK_ifu.u_eL_ifu_ifetch.pc_newpend_dfflr.qout_r	-0.536200	-0.328653
u_eI_cpu.u_eJ_core.u_eK_ifu.u_eL_ifu_ifetch.ifu_err_dfflr.qout_r	u_eI_cpu.u_eJ_core.u_eK_ifu.u_eL_ifu_iftMicb.icb_addr_N_O_dffl.qout_r[P]	-0.535300	-0.211771
u_eI_cpu.u_eJ_core.u_eK_lsu.u_eL_lsu_ctrl.u_eM_lsu_splt_stage.dp_gt_N.dat_dfflr.qout_r[O]	u_eI_cpu.u_eJ_core.u_eK_ifu.u_eL_ifu_ifetch.pc_dfflr.qout_r[M]	-0.535000	-0.317266
dbg_ebreakm_r	extIitcm_icb_cmd_ready	-0.534500	-0.386219
u_eI_cpu.u_eJ_itcm_ctrl.u_sram_icb_ctrl.u_sirv_Kcyc_sram_ctrl.u_eL_stage.dp_gt_M.vld_dfflr.qout_r	u_eI_cpu.u_eJ_core.u_eK_ifu.u_eL_ifu_iftMicb.icb_addr_N_O_dffl.qout_r[P]	-0.534300	-0.294617
u_eI_cpu.u_eJ_core.u_eK_biu.u_biu_icb_arbt.arbt_num_gt_L_gen.dp_M.u_sirv_gnrl_rspid_fifo.dp_gt_N.vld_dfflr.qout_r	u_eI_cpu.u_eJ_core.u_eK_ifu.u_eL_ifu_ifetch.pc_dfflr.qout_r[M]	-0.534200	-0.315249
u_eI_cpu.u_eJ_core.u_eK_biu.u_sirv_gnrl_icb_buffer.u_sirv_gnrl_rsp_fifo.dp_gtL.vec_M_dfflr.qout_r	u_eI_cpu.u_eJ_core.u_eK_ifu.u_eL_ifu_ifetch.pc_dfflr.qout_r[M]	-0.533400	-0.316992
u_eI_cpu.u_eJ_core.u_eK_lsu.u_eL_lsu_ctrl.u_lsu_icb_arbt.arbt_num_gt_M_gen.dp_N.u_sirv_gnrl_rspid_fifo.dp_gt_O.dat_dfflr.qout_r	core_wfi	-0.532800	-0.685096
u_eI_cpu.u_eJ_core.u_eK_ifu.u_eL_ifu_ifetch.ifu_err_dfflr.qout_r	u_eI_cpu.u_eJ_itcm_ctrl.u_sram_icb_ctrl.u_byp_icb_cmd_buf.u_bypbuf_fifo.dp_gtK.fifo_rf[L].fifo_rf_dffl.qout_r[M]	-0.531600	-0.179530
u_eI_cpu.u_eJ_core.u_eK_ifu.u_eL_ifu_ifetch.ifu_err_dfflr.qout_r	u_eI_cpu.u_eJ_core.u_eK_ifu.u_eL_ifu_iftMicb.icb_state_dfflr.qout_r[N]	-0.531100	-0.226233
u_eI_cpu.u_eJ_dtcm_ctrl.u_dtcm_icb_arbt.arbt_num_gt_K_gen.dp_L.u_sirv_gnrl_rspid_fifo.dp_gt_M.dat_dfflr.qout_r	cmt_dpc_ena	-0.530700	-0.688894
u_eI_cpu.u_eJ_itcm_ctrl.u_sram_icb_ctrl.u_sirv_Kcyc_sram_ctrl.u_eL_stage.dp_gt_M.vld_dfflr.qout_r	u_eI_cpu.u_eJ_itcm_ctrl.u_sram_icb_ctrl.u_byp_icb_cmd_buf.u_bypbuf_fifo.dp_gtK.fifo_rf[L].fifo_rf_dffl.qout_r[M]	-0.530500	-0.262304
u_eI_cpu.u_eJ_core.u_eK_ifu.u_eL_ifu_ifetch.ifu_lo_ir_dfflr.qout_r[M]	u_eI_cpu.u_eJ_itcm_ctrl.u_itcm_icb_lsuKitcm_nLw.fifo_dp_M.u_sirv_gnrl_nNw_fifo.dp_gt_O.dat_dfflr.qout_r	-0.530000	-0.056062
u_eI_cpu.u_eJ_itcm_ctrl.u_sram_icb_ctrl.u_sirv_Kcyc_sram_ctrl.u_eL_stage.dp_gt_M.vld_dfflr.qout_r	u_eI_cpu.u_eJ_core.u_eK_ifu.u_eL_ifu_iftMicb.icb_state_dfflr.qout_r[N]	-0.530000	-0.309079
u_eI_cpu.u_eJ_core.u_eK_lsu.u_eL_lsu_ctrl.u_eM_lsu_splt_stage.dp_gt_N.vld_dfflr.qout_r	u_eI_cpu.u_eJ_core.u_eK_biu.u_sirv_gnrl_icb_buffer.outs_cnt_dfflr.qout_r	-0.528400	-0.333857
u_eI_cpu.u_eJ_core.u_eK_ifu.u_eL_ifu_ifetch.ir_rsMidx_dfflr.qout_r[N]	u_eI_cpu.u_eJ_core.u_eK_ifu.u_eL_ifu_iftMicb.u_eN_ifetch_rsp_bypbuf.u_bypbuf_fifo.dp_gtO.vec_P_dfflr.qout_r	-0.528300	-0.422022
u_eI_cpu.u_eJ_core.u_eK_ifu.u_eL_ifu_ifetch.ir_rsMidx_dfflr.qout_r[N]	u_eI_cpu.u_eJ_dtcm_ctrl.u_sram_icb_ctrl.u_byp_icb_cmd_buf.u_bypbuf_fifo.dp_gtK.fifo_rf[L].fifo_rf_dffl.qout_r[M]	-0.527100	-0.356060
u_eI_cpu.u_eJ_core.u_eK_ifu.u_eL_ifu_ifetch.ifu_lo_ir_dfflr.qout_r[M]	u_eI_cpu.u_eJ_clk_ctrl.u_dtcm_clkgate.enb	-0.526900	-0.126339
u_eI_cpu.u_eJ_irq_sync.master_gen.u_tmr_irq_sync.sync_gen[K].i_is_not_L.sync_dffr.qout_r	cmt_dpc_ena	-0.526500	-0.752681
dbg_halt_r	u_eI_cpu.u_eJ_core.u_eK_exu.u_eL_exu_csr.status_mpie_dfflr.qout_r	-0.526100	-0.255260
u_eI_cpu.u_eJ_core.u_eK_ifu.u_eL_ifu_ifetch.ifu_err_dfflr.qout_r	u_eI_cpu.u_eJ_core.u_eK_ifu.u_eL_ifu_ifetch.pc_newpend_dfflr.qout_r	-0.525800	-0.195456
u_eI_cpu.u_eJ_core.u_eK_exu.u_eL_exu_oitf.depth_gtM.ret_ptr_dfflrs.qout_r	u_eI_cpu.u_eJ_core.u_eK_ifu.u_eL_ifu_ifetch.pc_dfflr.qout_r[M]	-0.525600	-0.322183
u_eI_cpu.u_eJ_itcm_ctrl.u_sram_icb_ctrl.u_sirv_Kcyc_sram_ctrl.u_eL_stage.dp_gt_M.vld_dfflr.qout_r	u_eI_cpu.u_eJ_core.u_eK_ifu.u_eL_ifu_ifetch.pc_newpend_dfflr.qout_r	-0.524700	-0.278302
u_eI_cpu.u_eJ_dtcm_ctrl.u_dtcm_icb_arbt.arbt_num_gt_K_gen.dp_L.u_sirv_gnrl_rspid_fifo.dp_gt_M.vld_dfflr.qout_r	u_eI_cpu.u_eJ_core.u_eK_ifu.u_eL_ifu_ifetch.pc_dfflr.qout_r[M]	-0.521800	-0.297480
u_eI_cpu.u_eJ_core.u_eK_exu.u_eL_exu_alu.u_eM_exu_alu_lsuagu.icb_state_dfflr.qout_r[N]	u_eI_cpu.u_eJ_core.u_eK_ifu.u_eL_ifu_iftMicb.leftover_dffl.qout_r[N]	-0.521600	-0.281026
u_eI_cpu.u_eJ_core.u_eK_lsu.u_eL_lsu_ctrl.u_eM_lsu_splt_stage.dp_gt_N.vld_dfflr.qout_r	u_eI_cpu.u_eJ_core.u_eK_ifu.u_eL_ifu_iftMicb.u_eN_ifetch_rsp_bypbuf.u_bypbuf_fifo.dp_gtO.fifo_rf[P].fifo_rf_dffl.qout_r[Q]	-0.521300	-0.337176
u_eI_cpu.u_eJ_dtcm_ctrl.u_sram_icb_ctrl.u_sirv_Kcyc_sram_ctrl.u_eL_stage.dp_gt_M.vld_dfflr.qout_r	u_eI_cpu.u_eJ_core.u_eK_ifu.u_eL_ifu_ifetch.pc_dfflr.qout_r[M]	-0.520900	-0.298404
u_eI_cpu.u_eJ_core.u_eK_exu.u_eL_exu_alu.u_eM_exu_alu_lsuagu.icb_state_dfflr.qout_r[N]	u_eI_cpu.u_eJ_core.u_eK_ifu.u_eL_ifu_ifetch.ifu_hi_ir_dfflr.qout_r[M]	-0.520000	-0.235839
u_eI_cpu.u_eJ_core.u_eK_exu.u_eL_exu_oitf.depth_gtM.alc_ptr_dfflrs.qout_r	u_eI_cpu.u_eJ_core.u_eK_ifu.u_eL_ifu_iftMicb.leftover_dffl.qout_r[N]	-0.519600	-0.317288
u_eI_cpu.u_eJ_core.u_eK_exu.u_eL_exu_oitf.depth_gtM.alc_ptr_flg_dfflrs.qout_r	u_eI_cpu.u_eJ_core.u_eK_ifu.u_eL_ifu_ifetch.pc_dfflr.qout_r[M]	-0.519100	-0.362040
u_eI_cpu.u_eJ_core.u_eK_exu.u_eL_exu_alu.u_eM_exu_alu_lsuagu.icb_state_dfflr.qout_r[N]	u_eI_cpu.u_eJ_core.u_eK_ifu.u_eL_ifu_ifetch.ir_rsMidx_dfflr.qout_r[N]	-0.518400	-0.238201
u_eI_cpu.u_eJ_irq_sync.master_gen.u_sft_irq_sync.sync_gen[K].i_is_not_L.sync_dffr.qout_r	cmt_dpc_ena	-0.518100	-0.736537
u_eI_cpu.u_eJ_core.u_eK_ifu.u_eL_ifu_ifetch.ifu_err_dfflr.qout_r	u_eI_cpu.u_eJ_core.u_eK_biu.u_sirv_gnrl_icb_buffer.outs_cnt_dfflr.qout_r	-0.518100	-0.200727
u_eI_cpu.u_eJ_core.u_eK_exu.u_eL_exu_oitf.depth_gtM.alc_ptr_dfflrs.qout_r	u_eI_cpu.u_eJ_core.u_eK_ifu.u_eL_ifu_ifetch.ifu_hi_ir_dfflr.qout_r[M]	-0.518000	-0.272102
u_eI_cpu.u_eJ_core.u_eK_lsu.u_eL_lsu_ctrl.u_lsu_icb_arbt.arbt_num_gt_M_gen.dp_N.u_sirv_gnrl_rspid_fifo.dp_gt_O.vld_dfflr.qout_r	cmt_dpc_ena	-0.517500	-0.704838
u_eI_cpu.u_eJ_core.u_eK_exu.u_eL_exu_oitf.depth_gtM.ret_ptr_flg_dfflrs.qout_r	u_eI_cpu.u_eJ_core.u_eK_ifu.u_eL_ifu_ifetch.pc_dfflr.qout_r[M]	-0.517300	-0.339717
u_eI_cpu.u_eJ_itcm_ctrl.u_sram_icb_ctrl.u_sirv_Kcyc_sram_ctrl.u_eL_stage.dp_gt_M.vld_dfflr.qout_r	u_eI_cpu.u_eJ_core.u_eK_biu.u_sirv_gnrl_icb_buffer.outs_cnt_dfflr.qout_r	-0.517000	-0.283507
u_eI_cpu.u_eJ_core.u_eK_exu.u_eL_exu_oitf.depth_gtM.alc_ptr_dfflrs.qout_r	u_eI_cpu.u_eJ_core.u_eK_ifu.u_eL_ifu_ifetch.ir_rsMidx_dfflr.qout_r[N]	-0.516400	-0.274464
u_eI_cpu.u_eJ_core.u_eK_exu.u_eL_exu_alu.u_eM_exu_alu_lsuagu.icb_state_dfflr.qout_r[N]	u_eI_cpu.u_eJ_core.u_eK_biu.u_sirv_gnrl_icb_buffer.u_sirv_gnrl_cmd_fifo.dp_gtL.fifo_rf[M].fifo_rf_dffl.qout_r[N]	-0.516300	-0.254702
u_eI_cpu.u_eJ_core.u_eK_exu.u_eL_exu_alu.u_eM_exu_alu_lsuagu.icb_state_dfflr.qout_r[N]	u_eI_cpu.u_eJ_core.u_eK_ifu.u_eL_ifu_ifetch.ifu_lo_ir_dfflr.qout_r[M]	-0.516300	-0.210950
u_eI_cpu.u_eJ_itcm_ctrl.u_itcm_icb_arbt.arbt_num_gt_K_gen.dp_L.u_sirv_gnrl_rspid_fifo.dp_gt_M.vld_dfflr.qout_r	u_eI_cpu.u_eJ_core.u_eK_ifu.u_eL_ifu_iftMicb.leftover_dffl.qout_r[N]	-0.515000	-0.319168
u_eI_cpu.u_eJ_core.u_eK_lsu.u_eL_lsu_ctrl.u_eM_lsu_splt_stage.dp_gt_N.vld_dfflr.qout_r	u_eI_cpu.u_eJ_core.u_eK_biu.u_sirv_gnrl_icb_buffer.u_sirv_gnrl_cmd_fifo.dp_gtL.vec_M_dfflrs.qout_r	-0.515000	-0.335977
u_eI_cpu.u_eJ_core.u_eK_exu.u_eL_exu_oitf.depth_gtM.alc_ptr_dfflrs.qout_r	u_eI_cpu.u_eJ_core.u_eK_biu.u_sirv_gnrl_icb_buffer.u_sirv_gnrl_cmd_fifo.dp_gtL.fifo_rf[M].fifo_rf_dffl.qout_r[N]	-0.514300	-0.290964
u_eI_cpu.u_eJ_core.u_eK_exu.u_eL_exu_oitf.depth_gtM.alc_ptr_dfflrs.qout_r	u_eI_cpu.u_eJ_core.u_eK_ifu.u_eL_ifu_ifetch.ifu_lo_ir_dfflr.qout_r[M]	-0.514300	-0.247213
u_eI_cpu.u_eJ_core.u_eK_lsu.u_eL_lsu_ctrl.u_eM_lsu_splt_stage.dp_gt_N.vld_dfflr.qout_r	u_eI_cpu.u_eJ_itcm_ctrl.u_sram_icb_ctrl.u_sirv_Kcyc_sram_ctrl.u_eL_stage.dp_gt_M.vld_dfflr.qout_r	-0.513800	-0.318775
u_eI_cpu.u_eJ_core.u_eK_lsu.u_eL_lsu_ctrl.u_eM_lsu_splt_stage.dp_gt_N.vld_dfflr.qout_r	u_eI_cpu.u_eJ_core.u_eK_ifu.u_eL_ifu_iftMicb.leftover_err_dfflr.qout_r	-0.513700	-0.369482
u_eI_cpu.u_eJ_itcm_ctrl.u_itcm_icb_arbt.arbt_num_gt_K_gen.dp_L.u_sirv_gnrl_rspid_fifo.dp_gt_M.vld_dfflr.qout_r	u_eI_cpu.u_eJ_core.u_eK_ifu.u_eL_ifu_ifetch.ifu_hi_ir_dfflr.qout_r[M]	-0.513400	-0.273981
u_eI_cpu.u_eJ_core.u_eK_exu.u_eL_exu_alu.u_eM_exu_alu_lsuagu.icb_state_dfflr.qout_r[N]	u_eI_cpu.u_eJ_core.u_eK_biu.u_sirv_gnrl_icb_buffer.u_sirv_gnrl_cmd_fifo.dp_gtL.vec_M_dfflr.qout_r	-0.513400	-0.234676
dbg_halt_r	u_eI_cpu.u_eJ_core.u_eK_exu.u_eL_exu_alu.u_eM_exu_nice.u_nice_itag_fifo.dp_gtN.dp_gtO.wptr_vec_P_dfflr.qout_r[Q]	-0.513000	0.078926
u_eI_cpu.u_eJ_irq_sync.master_gen.u_ext_irq_sync.sync_gen[K].i_is_not_L.sync_dffr.qout_r	cmt_dpc_ena	-0.512900	-0.721320
u_eI_cpu.u_eJ_itcm_ctrl.u_itcm_icb_arbt.arbt_num_gt_K_gen.dp_L.u_sirv_gnrl_rspid_fifo.dp_gt_M.dat_dfflr.qout_r	u_eI_cpu.u_eJ_core.u_eK_ifu.u_eL_ifu_ifetch.pc_dfflr.qout_r[M]	-0.512300	-0.259624
u_eI_cpu.u_eJ_itcm_ctrl.u_itcm_icb_arbt.arbt_num_gt_K_gen.dp_L.u_sirv_gnrl_rspid_fifo.dp_gt_M.vld_dfflr.qout_r	u_eI_cpu.u_eJ_core.u_eK_ifu.u_eL_ifu_ifetch.ir_rsMidx_dfflr.qout_r[N]	-0.511800	-0.276343
u_eI_cpu.u_eJ_core.u_eK_lsu.u_eL_lsu_ctrl.u_eM_lsu_splt_stage.dp_gt_N.dat_dfflr.qout_r[O]	u_eI_cpu.u_eJ_core.u_eK_ifu.u_eL_ifu_iftMicb.leftover_dffl.qout_r[N]	-0.511600	-0.314931
dbg_halt_r	u_eI_cpu.u_eJ_core.u_eK_exu.u_eL_exu_alu.u_eM_exu_nice.u_nice_itag_fifo.dp_gtN.fifo_rf[O].fifo_rf_dffl.qout_r	-0.511400	0.085177
u_eI_cpu.u_eJ_core.u_eK_exu.u_eL_exu_oitf.depth_gtM.alc_ptr_dfflrs.qout_r	u_eI_cpu.u_eJ_core.u_eK_biu.u_sirv_gnrl_icb_buffer.u_sirv_gnrl_cmd_fifo.dp_gtL.vec_M_dfflr.qout_r	-0.511300	-0.270938
u_eI_cpu.u_eJ_core.u_eK_lsu.u_eL_lsu_ctrl.u_eM_lsu_splt_stage.dp_gt_N.vld_dfflr.qout_r	u_eI_cpu.u_eJ_core.u_eK_biu.u_biu_icb_arbt.arbt_num_gt_L_gen.dp_M.u_sirv_gnrl_rspid_fifo.dp_gt_N.dat_dfflr.qout_r	-0.511100	-0.337566
u_eI_cpu.u_eJ_core.u_eK_ifu.u_eL_ifu_ifetch.ifu_err_dfflr.qout_r	u_eI_cpu.u_eJ_core.u_eK_ifu.u_eL_ifu_iftMicb.u_eN_ifetch_rsp_bypbuf.u_bypbuf_fifo.dp_gtO.fifo_rf[P].fifo_rf_dffl.qout_r[Q]	-0.510900	-0.203980
u_eI_cpu.u_eJ_core.u_eK_lsu.u_eL_lsu_ctrl.u_eM_lsu_splt_stage.dp_gt_N.vld_dfflr.qout_r	u_eI_cpu.u_eJ_core.u_eK_ifu.u_eL_ifu_iftMicb.req_lane_cross_dfflr.qout_r	-0.510800	-0.361532
u_eI_cpu.u_eJ_core.u_eK_lsu.u_eL_lsu_ctrl.u_eM_lsu_splt_stage.dp_gt_N.vld_dfflr.qout_r	u_eI_cpu.u_eJ_core.u_eK_ifu.u_eL_ifu_iftMicb.req_need_Nuop_dfflr.qout_r	-0.510800	-0.366268
u_eI_cpu.u_eJ_core.u_eK_lsu.u_eL_lsu_ctrl.u_eM_lsu_splt_stage.dp_gt_N.vld_dfflr.qout_r	u_eI_cpu.u_eJ_core.u_eK_ifu.u_eL_ifu_iftMicb.req_same_cross_holdup_dfflr.qout_r	-0.510800	-0.366641
u_eI_cpu.u_eJ_core.u_eK_biu.u_biu_icb_arbt.arbt_num_gt_L_gen.dp_M.u_sirv_gnrl_rspid_fifo.dp_gt_N.vld_dfflr.qout_r	u_eI_cpu.u_eJ_core.u_eK_ifu.u_eL_ifu_iftMicb.leftover_dffl.qout_r[N]	-0.510700	-0.312914
u_eI_cpu.u_eJ_core.u_eK_lsu.u_eL_lsu_ctrl.u_eM_lsu_splt_stage.dp_gt_N.dat_dfflr.qout_r[O]	u_eI_cpu.u_eJ_core.u_eK_ifu.u_eL_ifu_ifetch.ifu_hi_ir_dfflr.qout_r[M]	-0.510000	-0.269744
u_eI_cpu.u_eJ_core.u_eK_ifu.u_eL_ifu_ifetch.ifu_hi_ir_dfflr.qout_r[M]	u_eI_cpu.u_eJ_itcm_ctrl.u_itcm_icb_extKitcm_nLw.fifo_dp_M.u_sirv_gnrl_nNw_fifo.dp_gt_O.dat_dfflr.qout_r	-0.510000	0.033478
u_eI_cpu.u_eJ_core.u_eK_biu.u_sirv_gnrl_icb_buffer.u_sirv_gnrl_rsp_fifo.dp_gtL.vec_M_dfflr.qout_r	u_eI_cpu.u_eJ_core.u_eK_ifu.u_eL_ifu_iftMicb.leftover_dffl.qout_r[N]	-0.509900	-0.314657
u_eI_cpu.u_eJ_itcm_ctrl.u_sram_icb_ctrl.u_sirv_Kcyc_sram_ctrl.u_eL_stage.dp_gt_M.vld_dfflr.qout_r	u_eI_cpu.u_eJ_core.u_eK_ifu.u_eL_ifu_iftMicb.u_eN_ifetch_rsp_bypbuf.u_bypbuf_fifo.dp_gtO.fifo_rf[P].fifo_rf_dffl.qout_r[Q]	-0.509900	-0.286826
u_eI_cpu.u_eJ_itcm_ctrl.u_itcm_icb_arbt.arbt_num_gt_K_gen.dp_L.u_sirv_gnrl_rspid_fifo.dp_gt_M.vld_dfflr.qout_r	u_eI_cpu.u_eJ_core.u_eK_biu.u_sirv_gnrl_icb_buffer.u_sirv_gnrl_cmd_fifo.dp_gtL.fifo_rf[M].fifo_rf_dffl.qout_r[N]	-0.509700	-0.292844
u_eI_cpu.u_eJ_itcm_ctrl.u_itcm_icb_arbt.arbt_num_gt_K_gen.dp_L.u_sirv_gnrl_rspid_fifo.dp_gt_M.vld_dfflr.qout_r	u_eI_cpu.u_eJ_core.u_eK_ifu.u_eL_ifu_ifetch.ifu_lo_ir_dfflr.qout_r[M]	-0.509700	-0.249092
u_eI_cpu.u_eJ_core.u_eK_biu.u_biu_icb_arbt.arbt_num_gt_L_gen.dp_M.u_sirv_gnrl_rspid_fifo.dp_gt_N.vld_dfflr.qout_r	u_eI_cpu.u_eJ_core.u_eK_ifu.u_eL_ifu_ifetch.ifu_hi_ir_dfflr.qout_r[M]	-0.509100	-0.267727
u_eI_cpu.u_eJ_core.u_eK_lsu.u_eL_lsu_ctrl.u_eM_lsu_splt_stage.dp_gt_N.vld_dfflr.qout_r	u_eI_cpu.u_eJ_core.u_eK_ifu.u_eL_ifu_ifetch.ifu_err_dfflr.qout_r	-0.508700	-0.280745
u_eI_cpu.u_eJ_core.u_eK_lsu.u_eL_lsu_ctrl.u_eM_lsu_splt_stage.dp_gt_N.vld_dfflr.qout_r	u_eI_cpu.u_eJ_core.u_eK_ifu.u_eL_ifu_ifetch.ifu_prdt_taken_dfflr.qout_r	-0.508700	-0.304882
u_eI_cpu.u_eJ_core.u_eK_lsu.u_eL_lsu_ctrl.u_eM_lsu_splt_stage.dp_gt_N.vld_dfflr.qout_r	u_eI_cpu.u_eJ_core.u_eK_ifu.u_eL_ifu_ifetch.ir_muldiv_bMb_dfflr.qout_r	-0.508700	-0.276682
u_eI_cpu.u_eJ_core.u_eK_lsu.u_eL_lsu_ctrl.u_eM_lsu_splt_stage.dp_gt_N.vld_dfflr.qout_r	u_eI_cpu.u_eJ_itcm_ctrl.ifu_holdup_dffl.qout_r	-0.508600	-0.313435
dbg_halt_r	u_eI_cpu.u_eJ_core.u_eK_exu.u_eL_exu_csr.mscratch_dfflr.qout_r[M]	-0.508400	-0.089206
u_eI_cpu.u_eJ_core.u_eK_lsu.u_eL_lsu_ctrl.u_eM_lsu_splt_stage.dp_gt_N.dat_dfflr.qout_r[O]	u_eI_cpu.u_eJ_core.u_eK_ifu.u_eL_ifu_ifetch.ir_rsMidx_dfflr.qout_r[N]	-0.508400	-0.272106
u_eI_cpu.u_eJ_core.u_eK_biu.u_sirv_gnrl_icb_buffer.u_sirv_gnrl_rsp_fifo.dp_gtL.vec_M_dfflr.qout_r	u_eI_cpu.u_eJ_core.u_eK_ifu.u_eL_ifu_ifetch.ifu_hi_ir_dfflr.qout_r[M]	-0.508300	-0.269470
u_eI_cpu.u_eJ_core.u_eK_exu.u_eL_exu_alu.u_eM_exu_alu_lsuagu.icb_state_dfflr.qout_r[N]	u_eI_cpu.u_eJ_core.u_eK_ifu.u_eL_ifu_iftMicb.icb_addr_N_O_dffl.qout_r[P]	-0.508100	-0.251673
u_eI_cpu.u_eJ_core.u_eK_biu.u_biu_icb_arbt.arbt_num_gt_L_gen.dp_M.u_sirv_gnrl_rspid_fifo.dp_gt_N.dat_dfflr.qout_r	u_eI_cpu.u_eJ_core.u_eK_ifu.u_eL_ifu_ifetch.pc_dfflr.qout_r[M]	-0.507800	-0.288807
u_eI_cpu.u_eJ_core.u_eK_biu.u_biu_icb_arbt.arbt_num_gt_L_gen.dp_M.u_sirv_gnrl_rspid_fifo.dp_gt_N.vld_dfflr.qout_r	u_eI_cpu.u_eJ_core.u_eK_ifu.u_eL_ifu_ifetch.ir_rsMidx_dfflr.qout_r[N]	-0.507500	-0.270089
u_eI_cpu.u_eJ_core.u_eK_lsu.u_eL_lsu_ctrl.u_eM_lsu_splt_stage.dp_gt_N.vld_dfflr.qout_r	u_eI_cpu.u_eJ_itcm_ctrl.u_sram_icb_ctrl.u_sirv_Kcyc_sram_ctrl.u_eL_stage.dp_gt_M.dat_dfflr.qout_r[N]	-0.507500	-0.313040
u_eI_cpu.u_eJ_itcm_ctrl.u_itcm_icb_arbt.arbt_num_gt_K_gen.dp_L.u_sirv_gnrl_rspid_fifo.dp_gt_M.vld_dfflr.qout_r	u_eI_cpu.u_eJ_core.u_eK_biu.u_sirv_gnrl_icb_buffer.u_sirv_gnrl_cmd_fifo.dp_gtL.vec_M_dfflr.qout_r	-0.506800	-0.272818
u_eI_cpu.u_eJ_core.u_eK_biu.u_sirv_gnrl_icb_buffer.u_sirv_gnrl_rsp_fifo.dp_gtL.vec_M_dfflr.qout_r	u_eI_cpu.u_eJ_core.u_eK_ifu.u_eL_ifu_ifetch.ir_rsMidx_dfflr.qout_r[N]	-0.506700	-0.271832
u_eI_cpu.u_eJ_core.u_eK_lsu.u_eL_lsu_ctrl.u_eM_lsu_splt_stage.dp_gt_N.dat_dfflr.qout_r[O]	u_eI_cpu.u_eJ_core.u_eK_biu.u_sirv_gnrl_icb_buffer.u_sirv_gnrl_cmd_fifo.dp_gtL.fifo_rf[M].fifo_rf_dffl.qout_r[N]	-0.506300	-0.288606
u_eI_cpu.u_eJ_core.u_eK_lsu.u_eL_lsu_ctrl.u_eM_lsu_splt_stage.dp_gt_N.dat_dfflr.qout_r[O]	u_eI_cpu.u_eJ_core.u_eK_ifu.u_eL_ifu_ifetch.ifu_lo_ir_dfflr.qout_r[M]	-0.506300	-0.244855
u_eI_cpu.u_eJ_core.u_eK_exu.u_eL_exu_oitf.depth_gtM.alc_ptr_dfflrs.qout_r	u_eI_cpu.u_eJ_core.u_eK_ifu.u_eL_ifu_iftMicb.icb_addr_N_O_dffl.qout_r[P]	-0.506100	-0.287936
u_eI_cpu.u_eJ_core.u_eK_biu.u_biu_icb_arbt.arbt_num_gt_L_gen.dp_M.u_sirv_gnrl_rspid_fifo.dp_gt_N.vld_dfflr.qout_r	u_eI_cpu.u_eJ_core.u_eK_biu.u_sirv_gnrl_icb_buffer.u_sirv_gnrl_cmd_fifo.dp_gtL.fifo_rf[M].fifo_rf_dffl.qout_r[N]	-0.505400	-0.286453
u_eI_cpu.u_eJ_core.u_eK_biu.u_biu_icb_arbt.arbt_num_gt_L_gen.dp_M.u_sirv_gnrl_rspid_fifo.dp_gt_N.vld_dfflr.qout_r	u_eI_cpu.u_eJ_core.u_eK_ifu.u_eL_ifu_ifetch.ifu_lo_ir_dfflr.qout_r[M]	-0.505400	-0.242838
u_eI_cpu.u_eJ_core.u_eK_biu.u_sirv_gnrl_icb_buffer.u_sirv_gnrl_rsp_fifo.dp_gtL.vec_M_dfflr.qout_r	u_eI_cpu.u_eJ_core.u_eK_biu.u_sirv_gnrl_icb_buffer.u_sirv_gnrl_cmd_fifo.dp_gtL.fifo_rf[M].fifo_rf_dffl.qout_r[N]	-0.504600	-0.288196
u_eI_cpu.u_eJ_core.u_eK_biu.u_sirv_gnrl_icb_buffer.u_sirv_gnrl_rsp_fifo.dp_gtL.vec_M_dfflr.qout_r	u_eI_cpu.u_eJ_core.u_eK_ifu.u_eL_ifu_ifetch.ifu_lo_ir_dfflr.qout_r[M]	-0.504600	-0.244581
u_eI_cpu.u_eJ_core.u_eK_ifu.u_eL_ifu_ifetch.ifu_err_dfflr.qout_r	u_eI_cpu.u_eJ_core.u_eK_biu.u_sirv_gnrl_icb_buffer.u_sirv_gnrl_cmd_fifo.dp_gtL.vec_M_dfflrs.qout_r	-0.504600	-0.202848
u_eI_cpu.u_eJ_core.u_eK_exu.u_eL_exu_alu.u_eM_exu_alu_lsuagu.icb_state_dfflr.qout_r[N]	u_eI_cpu.u_eJ_itcm_ctrl.u_sram_icb_ctrl.u_byp_icb_cmd_buf.u_bypbuf_fifo.dp_gtK.fifo_rf[L].fifo_rf_dffl.qout_r[M]	-0.504400	-0.219366
u_eI_cpu.u_eJ_core.u_eK_ifu.u_eL_ifu_ifetch.ir_rsMidx_dfflr.qout_r[N]	u_eI_srams.u_eJ_dtcm_ram.u_eK_dtcm_gnrl_ram.u_sirv_sim_ram.mem_r[L][M]	-0.504300	-0.373824
u_eI_cpu.u_eJ_core.u_eK_lsu.u_eL_lsu_ctrl.u_lsu_icb_arbt.arbt_num_gt_M_gen.dp_N.u_sirv_gnrl_rspid_fifo.dp_gt_O.dat_dfflr.qout_r	cmt_dpc_ena	-0.504000	-0.672628
u_eI_cpu.u_eJ_core.u_eK_exu.u_eL_exu_alu.u_eM_exu_alu_lsuagu.icb_state_dfflr.qout_r[N]	u_eI_cpu.u_eJ_core.u_eK_ifu.u_eL_ifu_iftMicb.icb_state_dfflr.qout_r[N]	-0.503900	-0.266135
u_eI_cpu.u_eJ_itcm_ctrl.u_sram_icb_ctrl.u_sirv_Kcyc_sram_ctrl.u_eL_stage.dp_gt_M.vld_dfflr.qout_r	u_eI_cpu.u_eJ_core.u_eK_biu.u_sirv_gnrl_icb_buffer.u_sirv_gnrl_cmd_fifo.dp_gtL.vec_M_dfflrs.qout_r	-0.503500	-0.285627
u_eI_cpu.u_eJ_core.u_eK_ifu.u_eL_ifu_ifetch.ifu_err_dfflr.qout_r	u_eI_cpu.u_eJ_itcm_ctrl.u_sram_icb_ctrl.u_sirv_Kcyc_sram_ctrl.u_eL_stage.dp_gt_M.vld_dfflr.qout_r	-0.503500	-0.185646
u_eI_cpu.u_eJ_core.u_eK_ifu.u_eL_ifu_ifetch.ifu_err_dfflr.qout_r	u_eI_cpu.u_eJ_core.u_eK_ifu.u_eL_ifu_iftMicb.leftover_err_dfflr.qout_r	-0.503400	-0.236286
u_eI_cpu.u_eJ_core.u_eK_lsu.u_eL_lsu_ctrl.u_eM_lsu_splt_stage.dp_gt_N.dat_dfflr.qout_r[O]	u_eI_cpu.u_eJ_core.u_eK_biu.u_sirv_gnrl_icb_buffer.u_sirv_gnrl_cmd_fifo.dp_gtL.vec_M_dfflr.qout_r	-0.503300	-0.268580
dbg_step_r	u_eI_cpu.u_eJ_core.u_eK_exu.u_eL_exu_commit.u_eM_exu_excp.step_req_dfflr.qout_r	-0.503200	0.047060
u_eI_cpu.u_eJ_core.u_eK_exu.u_eL_exu_regfile.regfile[M].rfnoN.rf_dffl.qout_r[O]	u_eI_cpu.u_eJ_core.u_eK_ifu.u_eL_ifu_ifetch.pc_dfflr.qout_r[M]	-0.503000	-0.440328
u_eI_cpu.u_eJ_core.u_eK_lsu.u_eL_lsu_ctrl.u_eM_lsu_splt_stage.dp_gt_N.vld_dfflr.qout_r	u_eI_cpu.u_eJ_itcm_ctrl.u_sram_icb_ctrl.u_byp_icb_cmd_buf.u_bypbuf_fifo.dp_gtK.vec_L_dfflr.qout_r	-0.502600	-0.305034
u_eI_cpu.u_eJ_core.u_eK_biu.u_biu_icb_arbt.arbt_num_gt_L_gen.dp_M.u_sirv_gnrl_rspid_fifo.dp_gt_N.vld_dfflr.qout_r	u_eI_cpu.u_eJ_core.u_eK_biu.u_sirv_gnrl_icb_buffer.u_sirv_gnrl_cmd_fifo.dp_gtL.vec_M_dfflr.qout_r	-0.502500	-0.266427
u_eI_cpu.u_eJ_core.u_eK_lsu.u_eL_lsu_ctrl.u_eM_lsu_splt_stage.dp_gt_N.vld_dfflr.qout_r	u_eI_cpu.u_eJ_core.u_eK_ifu.u_eL_ifu_iftMicb.icbNitcm_dfflr.qout_r	-0.502400	-0.335924
u_eI_cpu.u_eJ_itcm_ctrl.u_sram_icb_ctrl.u_sirv_Kcyc_sram_ctrl.u_eL_stage.dp_gt_M.vld_dfflr.qout_r	u_eI_cpu.u_eJ_itcm_ctrl.u_sram_icb_ctrl.u_sirv_Kcyc_sram_ctrl.u_eL_stage.dp_gt_M.vld_dfflr.qout_r	-0.502400	-0.268419
u_eI_cpu.u_eJ_core.u_eK_exu.u_eL_exu_oitf.depth_gtM.alc_ptr_dfflrs.qout_r	u_eI_cpu.u_eJ_itcm_ctrl.u_sram_icb_ctrl.u_byp_icb_cmd_buf.u_bypbuf_fifo.dp_gtK.fifo_rf[L].fifo_rf_dffl.qout_r[M]	-0.502400	-0.255628
u_eI_cpu.u_eJ_itcm_ctrl.u_sram_icb_ctrl.u_sirv_Kcyc_sram_ctrl.u_eL_stage.dp_gt_M.vld_dfflr.qout_r	u_eI_cpu.u_eJ_core.u_eK_ifu.u_eL_ifu_iftMicb.leftover_err_dfflr.qout_r	-0.502300	-0.319132
u_eI_cpu.u_eJ_core.u_eK_exu.u_eL_exu_oitf.depth_gtM.ret_ptr_dfflrs.qout_r	u_eI_cpu.u_eJ_core.u_eK_ifu.u_eL_ifu_iftMicb.leftover_dffl.qout_r[N]	-0.502100	-0.319847
u_eI_cpu.u_eJ_core.u_eK_lsu.u_eL_lsu_ctrl.u_eM_lsu_splt_stage.dp_gt_N.vld_dfflr.qout_r	u_eI_cpu.u_eJ_itcm_ctrl.u_sram_icb_ctrl.u_byp_icb_cmd_buf.u_bypbuf_fifo.dp_gtK.vec_L_dfflrs.qout_r	-0.501900	-0.304184
u_eI_cpu.u_eJ_core.u_eK_exu.u_eL_exu_oitf.depth_gtM.alc_ptr_dfflrs.qout_r	u_eI_cpu.u_eJ_core.u_eK_ifu.u_eL_ifu_iftMicb.icb_state_dfflr.qout_r[N]	-0.501900	-0.302398
u_eI_cpu.u_eJ_core.u_eK_ifu.u_eL_ifu_ifetch.ifu_lo_ir_dfflr.qout_r[M]	u_eI_cpu.u_eJ_core.u_eK_exu.u_eL_exu_csr.minstreth_dfflr.qout_r[M]	-0.501700	-0.112075
u_eI_cpu.u_eJ_core.u_eK_biu.u_sirv_gnrl_icb_buffer.u_sirv_gnrl_rsp_fifo.dp_gtL.vec_M_dfflr.qout_r	u_eI_cpu.u_eJ_core.u_eK_biu.u_sirv_gnrl_icb_buffer.u_sirv_gnrl_cmd_fifo.dp_gtL.vec_M_dfflr.qout_r	-0.501700	-0.268170
u_eI_cpu.u_eJ_itcm_ctrl.u_itcm_icb_arbt.arbt_num_gt_K_gen.dp_L.u_sirv_gnrl_rspid_fifo.dp_gt_M.vld_dfflr.qout_r	u_eI_cpu.u_eJ_core.u_eK_ifu.u_eL_ifu_iftMicb.icb_addr_N_O_dffl.qout_r[P]	-0.501500	-0.289815
dbg_halt_r	u_eI_cpu.u_eJ_nice_core.sbuf_cmd_cnt_dfflr.qout_r[K]	-0.501500	0.000789
u_eI_cpu.u_eJ_core.u_eK_ifu.u_eL_ifu_ifetch.ifu_err_dfflr.qout_r	u_eI_cpu.u_eJ_core.u_eK_biu.u_biu_icb_arbt.arbt_num_gt_L_gen.dp_M.u_sirv_gnrl_rspid_fifo.dp_gt_N.dat_dfflr.qout_r	-0.500700	-0.204436
u_eI_cpu.u_eJ_core.u_eK_exu.u_eL_exu_oitf.depth_gtM.ret_ptr_dfflrs.qout_r	u_eI_cpu.u_eJ_core.u_eK_ifu.u_eL_ifu_ifetch.ifu_hi_ir_dfflr.qout_r[M]	-0.500500	-0.274660
u_eI_cpu.u_eJ_core.u_eK_ifu.u_eL_ifu_ifetch.ifu_err_dfflr.qout_r	u_eI_cpu.u_eJ_core.u_eK_ifu.u_eL_ifu_iftMicb.req_lane_cross_dfflr.qout_r	-0.500500	-0.228335
u_eI_cpu.u_eJ_core.u_eK_ifu.u_eL_ifu_ifetch.ifu_err_dfflr.qout_r	u_eI_cpu.u_eJ_core.u_eK_ifu.u_eL_ifu_iftMicb.req_need_Nuop_dfflr.qout_r	-0.500500	-0.233072
u_eI_cpu.u_eJ_core.u_eK_ifu.u_eL_ifu_ifetch.ifu_err_dfflr.qout_r	u_eI_cpu.u_eJ_core.u_eK_ifu.u_eL_ifu_iftMicb.req_same_cross_holdup_dfflr.qout_r	-0.500500	-0.233444
u_eI_cpu.u_eJ_core.u_eK_ifu.u_eL_ifu_ifetch.ifu_lo_ir_dfflr.qout_r[M]	u_eI_cpu.u_eJ_itcm_ctrl.u_itcm_icb_extKitcm_nLw.fifo_dp_M.u_sirv_gnrl_nNw_fifo.dp_gt_O.vld_dfflr.qout_r	-0.500100	0.044027
u_eI_cpu.u_eJ_itcm_ctrl.u_sram_icb_ctrl.u_sirv_Kcyc_sram_ctrl.u_eL_stage.dp_gt_M.vld_dfflr.qout_r	u_eI_cpu.u_eJ_core.u_eK_biu.u_biu_icb_arbt.arbt_num_gt_L_gen.dp_M.u_sirv_gnrl_rspid_fifo.dp_gt_N.dat_dfflr.qout_r	-0.499600	-0.287215
u_eI_cpu.u_eJ_core.u_eK_lsu.u_eL_lsu_ctrl.u_eM_lsu_splt_stage.dp_gt_N.vld_dfflr.qout_r	u_eI_cpu.u_eJ_core.u_eK_biu.u_biu_icb_arbt.arbt_num_gt_L_gen.dp_M.u_sirv_gnrl_rspid_fifo.dp_gt_N.vld_dfflr.qout_r	-0.499600	-0.327540
u_eI_cpu.u_eJ_itcm_ctrl.u_sram_icb_ctrl.u_sirv_Kcyc_sram_ctrl.u_eL_stage.dp_gt_M.vld_dfflr.qout_r	u_eI_cpu.u_eJ_core.u_eK_ifu.u_eL_ifu_iftMicb.req_lane_cross_dfflr.qout_r	-0.499400	-0.311182
u_eI_cpu.u_eJ_itcm_ctrl.u_sram_icb_ctrl.u_sirv_Kcyc_sram_ctrl.u_eL_stage.dp_gt_M.vld_dfflr.qout_r	u_eI_cpu.u_eJ_core.u_eK_ifu.u_eL_ifu_iftMicb.req_need_Nuop_dfflr.qout_r	-0.499400	-0.315918
u_eI_cpu.u_eJ_itcm_ctrl.u_sram_icb_ctrl.u_sirv_Kcyc_sram_ctrl.u_eL_stage.dp_gt_M.vld_dfflr.qout_r	u_eI_cpu.u_eJ_core.u_eK_ifu.u_eL_ifu_iftMicb.req_same_cross_holdup_dfflr.qout_r	-0.499400	-0.316291
u_eI_cpu.u_eJ_core.u_eK_exu.u_eL_exu_oitf.depth_gtM.ret_ptr_dfflrs.qout_r	u_eI_cpu.u_eJ_core.u_eK_ifu.u_eL_ifu_ifetch.ir_rsMidx_dfflr.qout_r[N]	-0.498900	-0.277022
u_eI_cpu.u_eJ_itcm_ctrl.u_sram_icb_ctrl.u_sirv_Kcyc_sram_ctrl.u_eL_stage.dp_gt_M.dat_dfflr.qout_r[N]	u_eI_cpu.u_eJ_core.u_eK_ifu.u_eL_ifu_ifetch.pc_dfflr.qout_r[M]	-0.498900	-0.284244
u_eI_cpu.u_eJ_core.u_eK_exu.u_eL_exu_alu.u_eM_exu_alu_lsuagu.icb_state_dfflr.qout_r[N]	u_eI_cpu.u_eJ_core.u_eK_ifu.u_eL_ifu_ifetch.pc_newpend_dfflr.qout_r	-0.498600	-0.235359
u_eI_cpu.u_eJ_dtcm_ctrl.u_dtcm_icb_arbt.arbt_num_gt_K_gen.dp_L.u_sirv_gnrl_rspid_fifo.dp_gt_M.vld_dfflr.qout_r	u_eI_cpu.u_eJ_core.u_eK_ifu.u_eL_ifu_iftMicb.leftover_dffl.qout_r[N]	-0.498300	-0.295144
u_eI_cpu.u_eJ_core.u_eK_ifu.u_eL_ifu_ifetch.ifu_err_dfflr.qout_r	u_eI_cpu.u_eJ_core.u_eK_ifu.u_eL_ifu_ifetch.ifu_err_dfflr.qout_r	-0.498300	-0.147549
u_eI_cpu.u_eJ_core.u_eK_ifu.u_eL_ifu_ifetch.ifu_err_dfflr.qout_r	u_eI_cpu.u_eJ_core.u_eK_ifu.u_eL_ifu_ifetch.ifu_prdt_taken_dfflr.qout_r	-0.498300	-0.171686
u_eI_cpu.u_eJ_core.u_eK_ifu.u_eL_ifu_ifetch.ifu_err_dfflr.qout_r	u_eI_cpu.u_eJ_core.u_eK_ifu.u_eL_ifu_ifetch.ir_muldiv_bMb_dfflr.qout_r	-0.498300	-0.143486
u_eI_cpu.u_eJ_core.u_eK_ifu.u_eL_ifu_ifetch.ifu_err_dfflr.qout_r	u_eI_cpu.u_eJ_itcm_ctrl.ifu_holdup_dffl.qout_r	-0.498300	-0.180306
u_eI_cpu.u_eJ_core.u_eK_lsu.u_eL_lsu_ctrl.u_eM_lsu_splt_stage.dp_gt_N.dat_dfflr.qout_r[O]	u_eI_cpu.u_eJ_core.u_eK_ifu.u_eL_ifu_iftMicb.icb_addr_N_O_dffl.qout_r[P]	-0.498100	-0.285578
u_eI_cpu.u_eJ_itcm_ctrl.u_itcm_icb_arbt.arbt_num_gt_K_gen.dp_L.u_sirv_gnrl_rspid_fifo.dp_gt_M.vld_dfflr.qout_r	u_eI_cpu.u_eJ_itcm_ctrl.u_sram_icb_ctrl.u_byp_icb_cmd_buf.u_bypbuf_fifo.dp_gtK.fifo_rf[L].fifo_rf_dffl.qout_r[M]	-0.497800	-0.257502
u_eI_cpu.u_eJ_dtcm_ctrl.u_sram_icb_ctrl.u_sirv_Kcyc_sram_ctrl.u_eL_stage.dp_gt_M.vld_dfflr.qout_r	u_eI_cpu.u_eJ_core.u_eK_ifu.u_eL_ifu_iftMicb.leftover_dffl.qout_r[N]	-0.497400	-0.296068
u_eI_cpu.u_eJ_itcm_ctrl.u_itcm_icb_arbt.arbt_num_gt_K_gen.dp_L.u_sirv_gnrl_rspid_fifo.dp_gt_M.vld_dfflr.qout_r	u_eI_cpu.u_eJ_core.u_eK_ifu.u_eL_ifu_iftMicb.icb_state_dfflr.qout_r[N]	-0.497300	-0.304277
u_eI_cpu.u_eJ_core.u_eK_biu.u_biu_icb_arbt.arbt_num_gt_L_gen.dp_M.u_sirv_gnrl_rspid_fifo.dp_gt_N.vld_dfflr.qout_r	u_eI_cpu.u_eJ_core.u_eK_ifu.u_eL_ifu_iftMicb.icb_addr_N_O_dffl.qout_r[P]	-0.497200	-0.283561
u_eI_cpu.u_eJ_itcm_ctrl.u_sram_icb_ctrl.u_sirv_Kcyc_sram_ctrl.u_eL_stage.dp_gt_M.vld_dfflr.qout_r	u_eI_cpu.u_eJ_core.u_eK_ifu.u_eL_ifu_ifetch.ifu_err_dfflr.qout_r	-0.497200	-0.230395
u_eI_cpu.u_eJ_itcm_ctrl.u_sram_icb_ctrl.u_sirv_Kcyc_sram_ctrl.u_eL_stage.dp_gt_M.vld_dfflr.qout_r	u_eI_cpu.u_eJ_core.u_eK_ifu.u_eL_ifu_ifetch.ifu_prdt_taken_dfflr.qout_r	-0.497200	-0.254532
u_eI_cpu.u_eJ_itcm_ctrl.u_sram_icb_ctrl.u_sirv_Kcyc_sram_ctrl.u_eL_stage.dp_gt_M.vld_dfflr.qout_r	u_eI_cpu.u_eJ_core.u_eK_ifu.u_eL_ifu_ifetch.ir_muldiv_bMb_dfflr.qout_r	-0.497200	-0.226332
u_eI_cpu.u_eJ_itcm_ctrl.u_sram_icb_ctrl.u_sirv_Kcyc_sram_ctrl.u_eL_stage.dp_gt_M.vld_dfflr.qout_r	u_eI_cpu.u_eJ_itcm_ctrl.ifu_holdup_dffl.qout_r	-0.497200	-0.263079
u_eI_cpu.u_eJ_core.u_eK_ifu.u_eL_ifu_ifetch.ifu_err_dfflr.qout_r	u_eI_cpu.u_eJ_itcm_ctrl.u_sram_icb_ctrl.u_sirv_Kcyc_sram_ctrl.u_eL_stage.dp_gt_M.dat_dfflr.qout_r[N]	-0.497100	-0.179910
u_eI_cpu.u_eJ_core.u_eK_exu.u_eL_exu_oitf.depth_gtM.ret_ptr_dfflrs.qout_r	u_eI_cpu.u_eJ_core.u_eK_biu.u_sirv_gnrl_icb_buffer.u_sirv_gnrl_cmd_fifo.dp_gtL.fifo_rf[M].fifo_rf_dffl.qout_r[N]	-0.496800	-0.293523
u_eI_cpu.u_eJ_core.u_eK_exu.u_eL_exu_oitf.depth_gtM.ret_ptr_dfflrs.qout_r	u_eI_cpu.u_eJ_core.u_eK_ifu.u_eL_ifu_ifetch.ifu_lo_ir_dfflr.qout_r[M]	-0.496800	-0.249771
u_eI_cpu.u_eJ_dtcm_ctrl.u_dtcm_icb_arbt.arbt_num_gt_K_gen.dp_L.u_sirv_gnrl_rspid_fifo.dp_gt_M.vld_dfflr.qout_r	u_eI_cpu.u_eJ_core.u_eK_ifu.u_eL_ifu_ifetch.ifu_hi_ir_dfflr.qout_r[M]	-0.496800	-0.249957
u_eI_cpu.u_eJ_core.u_eK_exu.u_eL_exu_oitf.depth_gtM.alc_ptr_dfflrs.qout_r	u_eI_cpu.u_eJ_core.u_eK_ifu.u_eL_ifu_ifetch.pc_newpend_dfflr.qout_r	-0.496600	-0.271621
u_eI_cpu.u_eJ_core.u_eK_biu.u_sirv_gnrl_icb_buffer.u_sirv_gnrl_rsp_fifo.dp_gtL.vec_M_dfflr.qout_r	u_eI_cpu.u_eJ_core.u_eK_ifu.u_eL_ifu_iftMicb.icb_addr_N_O_dffl.qout_r[P]	-0.496400	-0.285304
u_eI_cpu.u_eJ_itcm_ctrl.u_sram_icb_ctrl.u_sirv_Kcyc_sram_ctrl.u_eL_stage.dp_gt_M.vld_dfflr.qout_r	u_eI_cpu.u_eJ_itcm_ctrl.u_sram_icb_ctrl.u_sirv_Kcyc_sram_ctrl.u_eL_stage.dp_gt_M.dat_dfflr.qout_r[N]	-0.496100	-0.262684
u_eI_cpu.u_eJ_dtcm_ctrl.u_sram_icb_ctrl.u_sirv_Kcyc_sram_ctrl.u_eL_stage.dp_gt_M.vld_dfflr.qout_r	u_eI_cpu.u_eJ_core.u_eK_ifu.u_eL_ifu_ifetch.ifu_hi_ir_dfflr.qout_r[M]	-0.495900	-0.250882
u_eI_cpu.u_eJ_core.u_eK_exu.u_eL_exu_oitf.depth_gtM.alc_ptr_flg_dfflrs.qout_r	u_eI_cpu.u_eJ_core.u_eK_ifu.u_eL_ifu_iftMicb.leftover_dffl.qout_r[N]	-0.495700	-0.359704
u_eI_cpu.u_eJ_core.u_eK_lsu.u_eL_lsu_ctrl.u_eM_lsu_splt_stage.dp_gt_N.vld_dfflr.qout_r	u_eI_cpu.u_eJ_core.u_eK_ifu.u_eL_ifu_iftMicb.icbNmem_dfflr.qout_r	-0.495400	-0.346229
u_eI_cpu.u_eJ_dtcm_ctrl.u_dtcm_icb_arbt.arbt_num_gt_K_gen.dp_L.u_sirv_gnrl_rspid_fifo.dp_gt_M.vld_dfflr.qout_r	u_eI_cpu.u_eJ_core.u_eK_ifu.u_eL_ifu_ifetch.ir_rsMidx_dfflr.qout_r[N]	-0.495100	-0.252319
u_eI_cpu.u_eJ_core.u_eK_lsu.u_eL_lsu_ctrl.u_eM_lsu_splt_stage.dp_gt_N.dat_dfflr.qout_r[O]	u_eI_cpu.u_eJ_itcm_ctrl.u_sram_icb_ctrl.u_byp_icb_cmd_buf.u_bypbuf_fifo.dp_gtK.fifo_rf[L].fifo_rf_dffl.qout_r[M]	-0.494400	-0.253270
u_eI_cpu.u_eJ_core.u_eK_ifu.u_eL_ifu_ifetch.ifu_hi_ir_dfflr.qout_r[M]	u_eI_cpu.u_eJ_itcm_ctrl.u_itcm_icb_lsuKitcm_nLw.fifo_dp_M.u_sirv_gnrl_nNw_fifo.dp_gt_O.dat_dfflr.qout_r	-0.494300	-0.042475
u_eI_cpu.u_eJ_dtcm_ctrl.u_sram_icb_ctrl.u_sirv_Kcyc_sram_ctrl.u_eL_stage.dp_gt_M.vld_dfflr.qout_r	u_eI_cpu.u_eJ_core.u_eK_ifu.u_eL_ifu_ifetch.ir_rsMidx_dfflr.qout_r[N]	-0.494300	-0.253243
u_eI_cpu.u_eJ_core.u_eK_exu.u_eL_exu_oitf.depth_gtM.alc_ptr_flg_dfflrs.qout_r	u_eI_cpu.u_eJ_core.u_eK_ifu.u_eL_ifu_ifetch.ifu_hi_ir_dfflr.qout_r[M]	-0.494100	-0.314517
u_eI_cpu.u_eJ_core.u_eK_lsu.u_eL_lsu_ctrl.u_eM_lsu_splt_stage.dp_gt_N.dat_dfflr.qout_r[O]	u_eI_cpu.u_eJ_core.u_eK_ifu.u_eL_ifu_iftMicb.icb_state_dfflr.qout_r[N]	-0.493900	-0.300040
u_eI_cpu.u_eJ_core.u_eK_exu.u_eL_exu_oitf.depth_gtM.ret_ptr_dfflrs.qout_r	u_eI_cpu.u_eJ_core.u_eK_biu.u_sirv_gnrl_icb_buffer.u_sirv_gnrl_cmd_fifo.dp_gtL.vec_M_dfflr.qout_r	-0.493900	-0.273497
u_eI_cpu.u_eJ_core.u_eK_exu.u_eL_exu_oitf.depth_gtM.ret_ptr_flg_dfflrs.qout_r	u_eI_cpu.u_eJ_core.u_eK_ifu.u_eL_ifu_iftMicb.leftover_dffl.qout_r[N]	-0.493800	-0.337382
u_eI_cpu.u_eJ_core.u_eK_biu.u_biu_icb_arbt.arbt_num_gt_L_gen.dp_M.u_sirv_gnrl_rspid_fifo.dp_gt_N.vld_dfflr.qout_r	u_eI_cpu.u_eJ_itcm_ctrl.u_sram_icb_ctrl.u_byp_icb_cmd_buf.u_bypbuf_fifo.dp_gtK.fifo_rf[L].fifo_rf_dffl.qout_r[M]	-0.493500	-0.251254
u_eI_cpu.u_eJ_dtcm_ctrl.u_dtcm_icb_arbt.arbt_num_gt_K_gen.dp_L.u_sirv_gnrl_rspid_fifo.dp_gt_M.vld_dfflr.qout_r	u_eI_cpu.u_eJ_core.u_eK_biu.u_sirv_gnrl_icb_buffer.u_sirv_gnrl_cmd_fifo.dp_gtL.fifo_rf[M].fifo_rf_dffl.qout_r[N]	-0.493000	-0.268820
u_eI_cpu.u_eJ_dtcm_ctrl.u_dtcm_icb_arbt.arbt_num_gt_K_gen.dp_L.u_sirv_gnrl_rspid_fifo.dp_gt_M.vld_dfflr.qout_r	u_eI_cpu.u_eJ_core.u_eK_ifu.u_eL_ifu_ifetch.ifu_lo_ir_dfflr.qout_r[M]	-0.493000	-0.225068
u_eI_cpu.u_eJ_core.u_eK_biu.u_biu_icb_arbt.arbt_num_gt_L_gen.dp_M.u_sirv_gnrl_rspid_fifo.dp_gt_N.vld_dfflr.qout_r	u_eI_cpu.u_eJ_core.u_eK_ifu.u_eL_ifu_iftMicb.icb_state_dfflr.qout_r[N]	-0.493000	-0.298023
u_eI_cpu.u_eJ_core.u_eK_biu.u_sirv_gnrl_icb_buffer.u_sirv_gnrl_rsp_fifo.dp_gtL.vec_M_dfflr.qout_r	u_eI_cpu.u_eJ_itcm_ctrl.u_sram_icb_ctrl.u_byp_icb_cmd_buf.u_bypbuf_fifo.dp_gtK.fifo_rf[L].fifo_rf_dffl.qout_r[M]	-0.492700	-0.252997
u_eI_cpu.u_eJ_core.u_eK_exu.u_eL_exu_oitf.depth_gtM.alc_ptr_flg_dfflrs.qout_r	u_eI_cpu.u_eJ_core.u_eK_ifu.u_eL_ifu_ifetch.ir_rsMidx_dfflr.qout_r[N]	-0.492500	-0.316879
u_eI_cpu.u_eJ_core.u_eK_exu.u_eL_exu_oitf.depth_gtM.ret_ptr_flg_dfflrs.qout_r	u_eI_cpu.u_eJ_core.u_eK_ifu.u_eL_ifu_ifetch.ifu_hi_ir_dfflr.qout_r[M]	-0.492200	-0.292195
u_eI_cpu.u_eJ_core.u_eK_biu.u_sirv_gnrl_icb_buffer.u_sirv_gnrl_rsp_fifo.dp_gtL.vec_M_dfflr.qout_r	u_eI_cpu.u_eJ_core.u_eK_ifu.u_eL_ifu_iftMicb.icb_state_dfflr.qout_r[N]	-0.492200	-0.299766
u_eI_cpu.u_eJ_core.u_eK_ifu.u_eL_ifu_ifetch.ifu_err_dfflr.qout_r	u_eI_cpu.u_eJ_itcm_ctrl.u_sram_icb_ctrl.u_byp_icb_cmd_buf.u_bypbuf_fifo.dp_gtK.vec_L_dfflr.qout_r	-0.492200	-0.171904
u_eI_cpu.u_eJ_dtcm_ctrl.u_sram_icb_ctrl.u_sirv_Kcyc_sram_ctrl.u_eL_stage.dp_gt_M.vld_dfflr.qout_r	u_eI_cpu.u_eJ_core.u_eK_biu.u_sirv_gnrl_icb_buffer.u_sirv_gnrl_cmd_fifo.dp_gtL.fifo_rf[M].fifo_rf_dffl.qout_r[N]	-0.492200	-0.269744
u_eI_cpu.u_eJ_dtcm_ctrl.u_sram_icb_ctrl.u_sirv_Kcyc_sram_ctrl.u_eL_stage.dp_gt_M.vld_dfflr.qout_r	u_eI_cpu.u_eJ_core.u_eK_ifu.u_eL_ifu_ifetch.ifu_lo_ir_dfflr.qout_r[M]	-0.492200	-0.225993
u_eI_cpu.u_eJ_core.u_eK_ifu.u_eL_ifu_ifetch.ifu_err_dfflr.qout_r	u_eI_cpu.u_eJ_core.u_eK_ifu.u_eL_ifu_iftMicb.icbNitcm_dfflr.qout_r	-0.492000	-0.202728
u_eI_cpu.u_eJ_itcm_ctrl.u_itcm_icb_arbt.arbt_num_gt_K_gen.dp_L.u_sirv_gnrl_rspid_fifo.dp_gt_M.vld_dfflr.qout_r	u_eI_cpu.u_eJ_core.u_eK_ifu.u_eL_ifu_ifetch.pc_newpend_dfflr.qout_r	-0.492000	-0.273501
u_eI_cpu.u_eJ_core.u_eK_ifu.u_eL_ifu_ifetch.ifu_err_dfflr.qout_r	u_eI_cpu.u_eJ_itcm_ctrl.u_sram_icb_ctrl.u_byp_icb_cmd_buf.u_bypbuf_fifo.dp_gtK.vec_L_dfflrs.qout_r	-0.491600	-0.171054
u_eI_cpu.u_eJ_itcm_ctrl.u_sram_icb_ctrl.u_sirv_Kcyc_sram_ctrl.u_eL_stage.dp_gt_M.vld_dfflr.qout_r	u_eI_cpu.u_eJ_itcm_ctrl.u_sram_icb_ctrl.u_byp_icb_cmd_buf.u_bypbuf_fifo.dp_gtK.vec_L_dfflr.qout_r	-0.491100	-0.254678
u_eI_cpu.u_eJ_core.u_eK_ifu.u_eL_ifu_ifetch.ifu_hi_ir_dfflr.qout_r[M]	u_eI_cpu.u_eJ_clk_ctrl.u_dtcm_clkgate.enb	-0.491100	-0.110395
u_eI_cpu.u_eJ_itcm_ctrl.u_sram_icb_ctrl.u_sirv_Kcyc_sram_ctrl.u_eL_stage.dp_gt_M.vld_dfflr.qout_r	u_eI_cpu.u_eJ_core.u_eK_ifu.u_eL_ifu_iftMicb.icbNitcm_dfflr.qout_r	-0.491000	-0.285574
u_eI_cpu.u_eJ_core.u_eK_exu.u_eL_exu_alu.u_eM_exu_alu_lsuagu.icb_state_dfflr.qout_r[N]	u_eI_cpu.u_eJ_core.u_eK_biu.u_sirv_gnrl_icb_buffer.outs_cnt_dfflr.qout_r	-0.490800	-0.240563
u_eI_cpu.u_eJ_core.u_eK_exu.u_eL_exu_oitf.depth_gtM.ret_ptr_flg_dfflrs.qout_r	u_eI_cpu.u_eJ_core.u_eK_ifu.u_eL_ifu_ifetch.ir_rsMidx_dfflr.qout_r[N]	-0.490600	-0.294557
u_eI_cpu.u_eJ_itcm_ctrl.u_sram_icb_ctrl.u_sirv_Kcyc_sram_ctrl.u_eL_stage.dp_gt_M.vld_dfflr.qout_r	u_eI_cpu.u_eJ_itcm_ctrl.u_sram_icb_ctrl.u_byp_icb_cmd_buf.u_bypbuf_fifo.dp_gtK.vec_L_dfflrs.qout_r	-0.490500	-0.253828
u_eI_cpu.u_eJ_core.u_eK_exu.u_eL_exu_oitf.depth_gtM.alc_ptr_flg_dfflrs.qout_r	u_eI_cpu.u_eJ_core.u_eK_biu.u_sirv_gnrl_icb_buffer.u_sirv_gnrl_cmd_fifo.dp_gtL.fifo_rf[M].fifo_rf_dffl.qout_r[N]	-0.490400	-0.333380
u_eI_cpu.u_eJ_core.u_eK_exu.u_eL_exu_oitf.depth_gtM.alc_ptr_flg_dfflrs.qout_r	u_eI_cpu.u_eJ_core.u_eK_ifu.u_eL_ifu_ifetch.ifu_lo_ir_dfflr.qout_r[M]	-0.490400	-0.289628
u_eI_cpu.u_eJ_core.u_eK_lsu.u_eL_lsu_ctrl.u_eM_lsu_splt_stage.dp_gt_N.vld_dfflr.qout_r	u_eI_cpu.u_eJ_core.u_eK_ifu.u_eL_ifu_ifetch.out_flag_dfflr.qout_r	-0.490400	-0.331598
u_eI_cpu.u_eJ_dtcm_ctrl.u_dtcm_icb_arbt.arbt_num_gt_K_gen.dp_L.u_sirv_gnrl_rspid_fifo.dp_gt_M.vld_dfflr.qout_r	u_eI_cpu.u_eJ_core.u_eK_biu.u_sirv_gnrl_icb_buffer.u_sirv_gnrl_cmd_fifo.dp_gtL.vec_M_dfflr.qout_r	-0.490100	-0.248794
u_eI_cpu.u_eJ_core.u_eK_ifu.u_eL_ifu_ifetch.ifu_err_dfflr.qout_r	u_eI_cpu.u_eJ_core.u_eK_biu.u_biu_icb_arbt.arbt_num_gt_L_gen.dp_M.u_sirv_gnrl_rspid_fifo.dp_gt_N.vld_dfflr.qout_r	-0.489200	-0.194410
u_eI_cpu.u_eJ_dtcm_ctrl.u_sram_icb_ctrl.u_sirv_Kcyc_sram_ctrl.u_eL_stage.dp_gt_M.vld_dfflr.qout_r	u_eI_cpu.u_eJ_core.u_eK_biu.u_sirv_gnrl_icb_buffer.u_sirv_gnrl_cmd_fifo.dp_gtL.vec_M_dfflr.qout_r	-0.489200	-0.249718
u_eI_cpu.u_eJ_core.u_eK_ifu.u_eL_ifu_ifetch.ifu_lo_ir_dfflr.qout_r[M]	u_eI_cpu.u_eJ_dtcm_ctrl.u_sram_icb_ctrl.u_byp_icb_cmd_buf.u_bypbuf_fifo.dp_gtK.vec_L_dfflr.qout_r	-0.489000	-0.076508
u_eI_cpu.u_eJ_itcm_ctrl.u_itcm_icb_arbt.arbt_num_gt_K_gen.dp_L.u_sirv_gnrl_rspid_fifo.dp_gt_M.dat_dfflr.qout_r	u_eI_cpu.u_eJ_core.u_eK_ifu.u_eL_ifu_iftMicb.leftover_dffl.qout_r[N]	-0.488900	-0.257289
u_eI_cpu.u_eJ_core.u_eK_exu.u_eL_exu_oitf.depth_gtM.alc_ptr_dfflrs.qout_r	u_eI_cpu.u_eJ_core.u_eK_biu.u_sirv_gnrl_icb_buffer.outs_cnt_dfflr.qout_r	-0.488800	-0.276825
u_eI_cpu.u_eJ_core.u_eK_exu.u_eL_exu_oitf.depth_gtM.ret_ptr_dfflrs.qout_r	u_eI_cpu.u_eJ_core.u_eK_ifu.u_eL_ifu_iftMicb.icb_addr_N_O_dffl.qout_r[P]	-0.488600	-0.290495
u_eI_cpu.u_eJ_core.u_eK_lsu.u_eL_lsu_ctrl.u_eM_lsu_splt_stage.dp_gt_N.dat_dfflr.qout_r[O]	u_eI_cpu.u_eJ_core.u_eK_ifu.u_eL_ifu_ifetch.pc_newpend_dfflr.qout_r	-0.488600	-0.269263
u_eI_cpu.u_eJ_core.u_eK_exu.u_eL_exu_oitf.depth_gtM.ret_ptr_flg_dfflrs.qout_r	u_eI_cpu.u_eJ_core.u_eK_biu.u_sirv_gnrl_icb_buffer.u_sirv_gnrl_cmd_fifo.dp_gtL.fifo_rf[M].fifo_rf_dffl.qout_r[N]	-0.488500	-0.311058
u_eI_cpu.u_eJ_core.u_eK_exu.u_eL_exu_oitf.depth_gtM.ret_ptr_flg_dfflrs.qout_r	u_eI_cpu.u_eJ_core.u_eK_ifu.u_eL_ifu_ifetch.ifu_lo_ir_dfflr.qout_r[M]	-0.488500	-0.267306
u_eI_cpu.u_eJ_itcm_ctrl.u_sram_icb_ctrl.u_sirv_Kcyc_sram_ctrl.u_eL_stage.dp_gt_M.vld_dfflr.qout_r	u_eI_cpu.u_eJ_core.u_eK_biu.u_biu_icb_arbt.arbt_num_gt_L_gen.dp_M.u_sirv_gnrl_rspid_fifo.dp_gt_N.vld_dfflr.qout_r	-0.488200	-0.277190
u_eI_cpu.u_eJ_core.u_eK_biu.u_biu_icb_arbt.arbt_num_gt_L_gen.dp_M.u_sirv_gnrl_rspid_fifo.dp_gt_N.vld_dfflr.qout_r	u_eI_cpu.u_eJ_core.u_eK_ifu.u_eL_ifu_ifetch.pc_newpend_dfflr.qout_r	-0.487700	-0.267247
u_eI_cpu.u_eJ_core.u_eK_exu.u_eL_exu_oitf.depth_gtM.alc_ptr_flg_dfflrs.qout_r	u_eI_cpu.u_eJ_core.u_eK_biu.u_sirv_gnrl_icb_buffer.u_sirv_gnrl_cmd_fifo.dp_gtL.vec_M_dfflr.qout_r	-0.487400	-0.313354
u_eI_cpu.u_eJ_itcm_ctrl.u_itcm_icb_arbt.arbt_num_gt_K_gen.dp_L.u_sirv_gnrl_rspid_fifo.dp_gt_M.dat_dfflr.qout_r	u_eI_cpu.u_eJ_core.u_eK_ifu.u_eL_ifu_ifetch.ifu_hi_ir_dfflr.qout_r[M]	-0.487300	-0.212102
u_eI_cpu.u_eJ_core.u_eK_exu.u_eL_exu_csr.mie_dfflr.qout_r[M]	u_eI_cpu.u_eJ_core.u_eK_ifu.u_eL_ifu_ifetch.pc_dfflr.qout_r[M]	-0.487000	-0.316077
u_eI_cpu.u_eJ_core.u_eK_biu.u_sirv_gnrl_icb_buffer.u_sirv_gnrl_rsp_fifo.dp_gtL.vec_M_dfflr.qout_r	u_eI_cpu.u_eJ_core.u_eK_ifu.u_eL_ifu_ifetch.pc_newpend_dfflr.qout_r	-0.486900	-0.268990
u_eI_cpu.u_eJ_core.u_eK_exu.u_eL_exu_alu.u_eM_exu_alu_muldiv.muldiv_state_dfflr.qout_r[N]	cmt_dcause_ena	-0.485800	-0.607556
u_eI_cpu.u_eJ_itcm_ctrl.u_itcm_icb_arbt.arbt_num_gt_K_gen.dp_L.u_sirv_gnrl_rspid_fifo.dp_gt_M.dat_dfflr.qout_r	u_eI_cpu.u_eJ_core.u_eK_ifu.u_eL_ifu_ifetch.ir_rsMidx_dfflr.qout_r[N]	-0.485700	-0.214464
u_eI_cpu.u_eJ_core.u_eK_exu.u_eL_exu_oitf.depth_gtM.ret_ptr_flg_dfflrs.qout_r	u_eI_cpu.u_eJ_core.u_eK_biu.u_sirv_gnrl_icb_buffer.u_sirv_gnrl_cmd_fifo.dp_gtL.vec_M_dfflr.qout_r	-0.485600	-0.291032
u_eI_cpu.u_eJ_core.u_eK_ifu.u_eL_ifu_ifetch.ifu_err_dfflr.qout_r	u_eI_cpu.u_eJ_core.u_eK_ifu.u_eL_ifu_iftMicb.icbNmem_dfflr.qout_r	-0.485000	-0.213033
u_eI_cpu.u_eJ_core.u_eK_exu.u_eL_exu_oitf.depth_gtM.ret_ptr_dfflrs.qout_r	u_eI_cpu.u_eJ_itcm_ctrl.u_sram_icb_ctrl.u_byp_icb_cmd_buf.u_bypbuf_fifo.dp_gtK.fifo_rf[L].fifo_rf_dffl.qout_r[M]	-0.484900	-0.258187
u_eI_cpu.u_eJ_dtcm_ctrl.u_dtcm_icb_arbt.arbt_num_gt_K_gen.dp_L.u_sirv_gnrl_rspid_fifo.dp_gt_M.vld_dfflr.qout_r	u_eI_cpu.u_eJ_core.u_eK_ifu.u_eL_ifu_iftMicb.icb_addr_N_O_dffl.qout_r[P]	-0.484900	-0.265792
u_eI_cpu.u_eJ_core.u_eK_ifu.u_eL_ifu_ifetch.ir_rsMidx_dfflr.qout_r[N]	u_eI_cpu.u_eJ_dtcm_ctrl.u_sram_icb_ctrl.u_byp_icb_cmd_buf.u_bypbuf_fifo.dp_gtK.vec_L_dfflrs.qout_r	-0.484800	-0.148623
u_eI_cpu.u_eJ_core.u_eK_exu.u_eL_exu_oitf.depth_gtM.ret_ptr_dfflrs.qout_r	u_eI_cpu.u_eJ_core.u_eK_ifu.u_eL_ifu_iftMicb.icb_state_dfflr.qout_r[N]	-0.484400	-0.304957
u_eI_cpu.u_eJ_core.u_eK_biu.u_biu_icb_arbt.arbt_num_gt_L_gen.dp_M.u_sirv_gnrl_rspid_fifo.dp_gt_N.dat_dfflr.qout_r	u_eI_cpu.u_eJ_core.u_eK_ifu.u_eL_ifu_iftMicb.leftover_dffl.qout_r[N]	-0.484400	-0.286471
u_eI_cpu.u_eJ_itcm_ctrl.u_itcm_icb_arbt.arbt_num_gt_K_gen.dp_L.u_sirv_gnrl_rspid_fifo.dp_gt_M.vld_dfflr.qout_r	u_eI_cpu.u_eJ_core.u_eK_biu.u_sirv_gnrl_icb_buffer.outs_cnt_dfflr.qout_r	-0.484200	-0.278705
u_eI_cpu.u_eJ_dtcm_ctrl.u_sram_icb_ctrl.u_sirv_Kcyc_sram_ctrl.u_eL_stage.dp_gt_M.vld_dfflr.qout_r	u_eI_cpu.u_eJ_core.u_eK_ifu.u_eL_ifu_iftMicb.icb_addr_N_O_dffl.qout_r[P]	-0.484000	-0.266716
u_eI_cpu.u_eJ_itcm_ctrl.u_sram_icb_ctrl.u_sirv_Kcyc_sram_ctrl.u_eL_stage.dp_gt_M.vld_dfflr.qout_r	u_eI_cpu.u_eJ_core.u_eK_ifu.u_eL_ifu_iftMicb.icbNmem_dfflr.qout_r	-0.484000	-0.295879
u_eI_cpu.u_eJ_core.u_eK_ifu.u_eL_ifu_ifetch.ifu_lo_ir_dfflr.qout_r[M]	u_eI_cpu.u_eJ_core.u_eK_lsu.u_eL_lsu_ctrl.u_eM_lsu_splt_stage.dp_gt_N.dat_dfflr.qout_r[O]	-0.483900	-0.275112
u_eI_cpu.u_eJ_core.u_eK_exu.u_eL_exu_alu.u_eM_exu_alu_lsuagu.icb_state_dfflr.qout_r[N]	u_eI_cpu.u_eJ_core.u_eK_ifu.u_eL_ifu_iftMicb.u_eN_ifetch_rsp_bypbuf.u_bypbuf_fifo.dp_gtO.fifo_rf[P].fifo_rf_dffl.qout_r[Q]	-0.483700	-0.243882
u_eI_cpu.u_eJ_itcm_ctrl.u_itcm_icb_arbt.arbt_num_gt_K_gen.dp_L.u_sirv_gnrl_rspid_fifo.dp_gt_M.dat_dfflr.qout_r	u_eI_cpu.u_eJ_core.u_eK_biu.u_sirv_gnrl_icb_buffer.u_sirv_gnrl_cmd_fifo.dp_gtL.fifo_rf[M].fifo_rf_dffl.qout_r[N]	-0.483600	-0.230965
u_eI_cpu.u_eJ_itcm_ctrl.u_itcm_icb_arbt.arbt_num_gt_K_gen.dp_L.u_sirv_gnrl_rspid_fifo.dp_gt_M.dat_dfflr.qout_r	u_eI_cpu.u_eJ_core.u_eK_ifu.u_eL_ifu_ifetch.ifu_lo_ir_dfflr.qout_r[M]	-0.483600	-0.187213
u_eI_cpu.u_eJ_core.u_eK_biu.u_biu_icb_arbt.arbt_num_gt_L_gen.dp_M.u_sirv_gnrl_rspid_fifo.dp_gt_N.dat_dfflr.qout_r	u_eI_cpu.u_eJ_core.u_eK_ifu.u_eL_ifu_ifetch.ifu_hi_ir_dfflr.qout_r[M]	-0.482800	-0.241284
u_eI_cpu.u_eJ_core.u_eK_exu.u_eL_exu_oitf.depth_gtM.alc_ptr_flg_dfflrs.qout_r	u_eI_cpu.u_eJ_core.u_eK_ifu.u_eL_ifu_iftMicb.icb_addr_N_O_dffl.qout_r[P]	-0.482200	-0.330352
u_eI_cpu.u_eJ_core.u_eK_ifu.u_eL_ifu_ifetch.ifu_lo_ir_dfflr.qout_r[M]	u_eI_cpu.u_eJ_itcm_ctrl.u_itcm_icb_arbt.arbt_num_gt_K_gen.dp_L.u_sirv_gnrl_rspid_fifo.dp_gt_M.dat_dfflr.qout_r	-0.482000	-0.037969
u_eI_cpu.u_eJ_core.u_eK_exu.u_eL_exu_oitf.depth_gtM.alc_ptr_dfflrs.qout_r	u_eI_cpu.u_eJ_core.u_eK_ifu.u_eL_ifu_iftMicb.u_eN_ifetch_rsp_bypbuf.u_bypbuf_fifo.dp_gtO.fifo_rf[P].fifo_rf_dffl.qout_r[Q]	-0.481700	-0.280145
u_eI_cpu.u_eJ_core.u_eK_biu.u_biu_icb_arbt.arbt_num_gt_L_gen.dp_M.u_sirv_gnrl_rspid_fifo.dp_gt_N.dat_dfflr.qout_r	u_eI_cpu.u_eJ_core.u_eK_ifu.u_eL_ifu_ifetch.ir_rsMidx_dfflr.qout_r[N]	-0.481200	-0.243646
u_eI_cpu.u_eJ_dtcm_ctrl.u_dtcm_icb_arbt.arbt_num_gt_K_gen.dp_L.u_sirv_gnrl_rspid_fifo.dp_gt_M.vld_dfflr.qout_r	u_eI_cpu.u_eJ_itcm_ctrl.u_sram_icb_ctrl.u_byp_icb_cmd_buf.u_bypbuf_fifo.dp_gtK.fifo_rf[L].fifo_rf_dffl.qout_r[M]	-0.481100	-0.233484
u_eI_cpu.u_eJ_core.u_eK_lsu.u_eL_lsu_ctrl.u_eM_lsu_splt_stage.dp_gt_N.dat_dfflr.qout_r[O]	u_eI_cpu.u_eJ_core.u_eK_biu.u_sirv_gnrl_icb_buffer.outs_cnt_dfflr.qout_r	-0.480800	-0.274467
u_eI_cpu.u_eJ_dtcm_ctrl.u_dtcm_icb_arbt.arbt_num_gt_K_gen.dp_L.u_sirv_gnrl_rspid_fifo.dp_gt_M.vld_dfflr.qout_r	u_eI_cpu.u_eJ_core.u_eK_ifu.u_eL_ifu_iftMicb.icb_state_dfflr.qout_r[N]	-0.480600	-0.280254
u_eI_cpu.u_eJ_itcm_ctrl.u_itcm_icb_arbt.arbt_num_gt_K_gen.dp_L.u_sirv_gnrl_rspid_fifo.dp_gt_M.dat_dfflr.qout_r	u_eI_cpu.u_eJ_core.u_eK_biu.u_sirv_gnrl_icb_buffer.u_sirv_gnrl_cmd_fifo.dp_gtL.vec_M_dfflr.qout_r	-0.480600	-0.210939
u_eI_cpu.u_eJ_core.u_eK_exu.u_eL_exu_oitf.depth_gtM.ret_ptr_flg_dfflrs.qout_r	u_eI_cpu.u_eJ_core.u_eK_ifu.u_eL_ifu_iftMicb.icb_addr_N_O_dffl.qout_r[P]	-0.480300	-0.308029
u_eI_cpu.u_eJ_dtcm_ctrl.u_sram_icb_ctrl.u_sirv_Kcyc_sram_ctrl.u_eL_stage.dp_gt_M.vld_dfflr.qout_r	u_eI_cpu.u_eJ_itcm_ctrl.u_sram_icb_ctrl.u_byp_icb_cmd_buf.u_bypbuf_fifo.dp_gtK.fifo_rf[L].fifo_rf_dffl.qout_r[M]	-0.480200	-0.234408
u_eI_cpu.u_eJ_core.u_eK_ifu.u_eL_ifu_ifetch.ifu_err_dfflr.qout_r	u_eI_cpu.u_eJ_core.u_eK_ifu.u_eL_ifu_ifetch.out_flag_dfflr.qout_r	-0.480000	-0.198402
u_eI_cpu.u_eJ_core.u_eK_biu.u_biu_icb_arbt.arbt_num_gt_L_gen.dp_M.u_sirv_gnrl_rspid_fifo.dp_gt_N.vld_dfflr.qout_r	u_eI_cpu.u_eJ_core.u_eK_biu.u_sirv_gnrl_icb_buffer.outs_cnt_dfflr.qout_r	-0.479900	-0.272314
u_eI_cpu.u_eJ_dtcm_ctrl.u_sram_icb_ctrl.u_sirv_Kcyc_sram_ctrl.u_eL_stage.dp_gt_M.vld_dfflr.qout_r	u_eI_cpu.u_eJ_core.u_eK_ifu.u_eL_ifu_iftMicb.icb_state_dfflr.qout_r[N]	-0.479700	-0.281178
u_eI_cpu.u_eJ_core.u_eK_exu.u_eL_exu_regfile.regfile[M].rfnoN.rf_dffl.qout_r[O]	u_eI_cpu.u_eJ_core.u_eK_ifu.u_eL_ifu_iftMicb.leftover_dffl.qout_r[N]	-0.479600	-0.437992
u_eI_cpu.u_eJ_core.u_eK_biu.u_sirv_gnrl_icb_buffer.u_sirv_gnrl_rsp_fifo.dp_gtL.vec_M_dfflr.qout_r	u_eI_cpu.u_eJ_core.u_eK_biu.u_sirv_gnrl_icb_buffer.outs_cnt_dfflr.qout_r	-0.479100	-0.274057
u_eI_cpu.u_eJ_core.u_eK_biu.u_biu_icb_arbt.arbt_num_gt_L_gen.dp_M.u_sirv_gnrl_rspid_fifo.dp_gt_N.dat_dfflr.qout_r	u_eI_cpu.u_eJ_core.u_eK_biu.u_sirv_gnrl_icb_buffer.u_sirv_gnrl_cmd_fifo.dp_gtL.fifo_rf[M].fifo_rf_dffl.qout_r[N]	-0.479100	-0.260010
u_eI_cpu.u_eJ_core.u_eK_biu.u_biu_icb_arbt.arbt_num_gt_L_gen.dp_M.u_sirv_gnrl_rspid_fifo.dp_gt_N.dat_dfflr.qout_r	u_eI_cpu.u_eJ_core.u_eK_ifu.u_eL_ifu_ifetch.ifu_lo_ir_dfflr.qout_r[M]	-0.479100	-0.216395
u_eI_cpu.u_eJ_core.u_eK_exu.u_eL_exu_oitf.depth_gtM.ret_ptr_dfflrs.qout_r	u_eI_cpu.u_eJ_core.u_eK_ifu.u_eL_ifu_ifetch.pc_newpend_dfflr.qout_r	-0.479100	-0.274180
u_eI_cpu.u_eJ_itcm_ctrl.u_sram_icb_ctrl.u_sirv_Kcyc_sram_ctrl.u_eL_stage.dp_gt_M.vld_dfflr.qout_r	u_eI_cpu.u_eJ_core.u_eK_ifu.u_eL_ifu_ifetch.out_flag_dfflr.qout_r	-0.478900	-0.281248
u_eI_cpu.u_eJ_core.u_eK_exu.u_eL_exu_oitf.depth_gtM.alc_ptr_flg_dfflrs.qout_r	u_eI_cpu.u_eJ_itcm_ctrl.u_sram_icb_ctrl.u_byp_icb_cmd_buf.u_bypbuf_fifo.dp_gtK.fifo_rf[L].fifo_rf_dffl.qout_r[M]	-0.478400	-0.298044
u_eI_cpu.u_eJ_core.u_eK_exu.u_eL_exu_regfile.regfile[M].rfnoN.rf_dffl.qout_r[O]	u_eI_cpu.u_eJ_core.u_eK_ifu.u_eL_ifu_ifetch.ifu_hi_ir_dfflr.qout_r[M]	-0.478000	-0.392806
u_eI_cpu.u_eJ_core.u_eK_exu.u_eL_exu_oitf.depth_gtM.alc_ptr_flg_dfflrs.qout_r	u_eI_cpu.u_eJ_core.u_eK_ifu.u_eL_ifu_iftMicb.icb_state_dfflr.qout_r[N]	-0.478000	-0.344814
u_eI_cpu.u_eJ_core.u_eK_lsu.u_eL_lsu_ctrl.u_eM_lsu_splt_stage.dp_gt_N.vld_dfflr.qout_r	u_eI_cpu.u_eJ_core.u_eK_ifu.u_eL_ifu_iftMicb.u_eN_ifetch_rsp_bypbuf.u_bypbuf_fifo.dp_gtO.vec_P_dfflrs.qout_r	-0.477500	-0.270236
u_eI_cpu.u_eJ_core.u_eK_exu.u_eL_exu_alu.u_eM_exu_alu_lsuagu.icb_state_dfflr.qout_r[N]	u_eI_cpu.u_eJ_core.u_eK_biu.u_sirv_gnrl_icb_buffer.u_sirv_gnrl_cmd_fifo.dp_gtL.vec_M_dfflrs.qout_r	-0.477400	-0.242683
u_eI_cpu.u_eJ_itcm_ctrl.u_itcm_icb_arbt.arbt_num_gt_K_gen.dp_L.u_sirv_gnrl_rspid_fifo.dp_gt_M.vld_dfflr.qout_r	u_eI_cpu.u_eJ_core.u_eK_ifu.u_eL_ifu_iftMicb.u_eN_ifetch_rsp_bypbuf.u_bypbuf_fifo.dp_gtO.fifo_rf[P].fifo_rf_dffl.qout_r[Q]	-0.477100	-0.282024
u_eI_cpu.u_eJ_core.u_eK_exu.u_eL_exu_oitf.depth_gtM.ret_ptr_flg_dfflrs.qout_r	u_eI_cpu.u_eJ_itcm_ctrl.u_sram_icb_ctrl.u_byp_icb_cmd_buf.u_bypbuf_fifo.dp_gtK.fifo_rf[L].fifo_rf_dffl.qout_r[M]	-0.476600	-0.275722
u_eI_cpu.u_eJ_core.u_eK_exu.u_eL_exu_alu.u_eM_exu_alu_muldiv.muldiv_state_dfflr.qout_r[N]	cmt_dcause[I]	-0.476500	-0.593613
u_eI_cpu.u_eJ_core.u_eK_exu.u_eL_exu_commit.u_eM_exu_excp.step_req_dfflr.qout_r	cmt_dcause_ena	-0.476500	-0.692815
u_eI_cpu.u_eJ_core.u_eK_ifu.u_eL_ifu_ifetch.ifu_lo_ir_dfflr.qout_r[M]	u_eI_cpu.u_eJ_core.u_eK_lsu.u_eL_lsu_ctrl.excl_addr_dffl.qout_r[M]	-0.476400	-0.048241
u_eI_cpu.u_eJ_core.u_eK_exu.u_eL_exu_regfile.regfile[M].rfnoN.rf_dffl.qout_r[O]	u_eI_cpu.u_eJ_core.u_eK_ifu.u_eL_ifu_ifetch.ir_rsMidx_dfflr.qout_r[N]	-0.476400	-0.395167
u_eI_cpu.u_eJ_core.u_eK_exu.u_eL_exu_alu.u_eM_exu_alu_lsuagu.icb_state_dfflr.qout_r[N]	u_eI_cpu.u_eJ_itcm_ctrl.u_sram_icb_ctrl.u_sirv_Kcyc_sram_ctrl.u_eL_stage.dp_gt_M.vld_dfflr.qout_r	-0.476200	-0.225481
u_eI_cpu.u_eJ_core.u_eK_biu.u_biu_icb_arbt.arbt_num_gt_L_gen.dp_M.u_sirv_gnrl_rspid_fifo.dp_gt_N.dat_dfflr.qout_r	u_eI_cpu.u_eJ_core.u_eK_biu.u_sirv_gnrl_icb_buffer.u_sirv_gnrl_cmd_fifo.dp_gtL.vec_M_dfflr.qout_r	-0.476100	-0.239984
u_eI_cpu.u_eJ_core.u_eK_exu.u_eL_exu_alu.u_eM_exu_alu_lsuagu.icb_state_dfflr.qout_r[N]	u_eI_cpu.u_eJ_core.u_eK_ifu.u_eL_ifu_iftMicb.leftover_err_dfflr.qout_r	-0.476100	-0.276188
u_eI_cpu.u_eJ_core.u_eK_exu.u_eL_exu_oitf.depth_gtM.ret_ptr_flg_dfflrs.qout_r	u_eI_cpu.u_eJ_core.u_eK_ifu.u_eL_ifu_iftMicb.icb_state_dfflr.qout_r[N]	-0.476100	-0.322491
u_eI_cpu.u_eJ_itcm_ctrl.u_sram_icb_ctrl.u_sirv_Kcyc_sram_ctrl.u_eL_stage.dp_gt_M.dat_dfflr.qout_r[N]	u_eI_cpu.u_eJ_core.u_eK_ifu.u_eL_ifu_iftMicb.leftover_dffl.qout_r[N]	-0.475400	-0.281908
u_eI_cpu.u_eJ_itcm_ctrl.u_itcm_icb_arbt.arbt_num_gt_K_gen.dp_L.u_sirv_gnrl_rspid_fifo.dp_gt_M.dat_dfflr.qout_r	u_eI_cpu.u_eJ_core.u_eK_ifu.u_eL_ifu_iftMicb.icb_addr_N_O_dffl.qout_r[P]	-0.475400	-0.227936
u_eI_cpu.u_eJ_core.u_eK_exu.u_eL_exu_oitf.depth_gtM.alc_ptr_dfflrs.qout_r	u_eI_cpu.u_eJ_core.u_eK_biu.u_sirv_gnrl_icb_buffer.u_sirv_gnrl_cmd_fifo.dp_gtL.vec_M_dfflrs.qout_r	-0.475400	-0.278946
u_eI_cpu.u_eJ_dtcm_ctrl.u_dtcm_icb_arbt.arbt_num_gt_K_gen.dp_L.u_sirv_gnrl_rspid_fifo.dp_gt_M.vld_dfflr.qout_r	u_eI_cpu.u_eJ_core.u_eK_ifu.u_eL_ifu_ifetch.pc_newpend_dfflr.qout_r	-0.475300	-0.249477
u_eI_cpu.u_eJ_dtcm_ctrl.u_sram_icb_ctrl.u_sirv_Kcyc_sram_ctrl.u_eL_stage.dp_gt_M.vld_dfflr.qout_r	u_eI_cpu.u_eJ_core.u_eK_ifu.u_eL_ifu_ifetch.pc_newpend_dfflr.qout_r	-0.474400	-0.250401
u_eI_cpu.u_eJ_core.u_eK_exu.u_eL_exu_regfile.regfile[M].rfnoN.rf_dffl.qout_r[O]	u_eI_cpu.u_eJ_core.u_eK_biu.u_sirv_gnrl_icb_buffer.u_sirv_gnrl_cmd_fifo.dp_gtL.fifo_rf[M].fifo_rf_dffl.qout_r[N]	-0.474300	-0.411668
u_eI_cpu.u_eJ_core.u_eK_exu.u_eL_exu_regfile.regfile[M].rfnoN.rf_dffl.qout_r[O]	u_eI_cpu.u_eJ_core.u_eK_ifu.u_eL_ifu_ifetch.ifu_lo_ir_dfflr.qout_r[M]	-0.474300	-0.367917
u_eI_cpu.u_eJ_core.u_eK_exu.u_eL_exu_oitf.depth_gtM.alc_ptr_dfflrs.qout_r	u_eI_cpu.u_eJ_itcm_ctrl.u_sram_icb_ctrl.u_sirv_Kcyc_sram_ctrl.u_eL_stage.dp_gt_M.vld_dfflr.qout_r	-0.474200	-0.261744
u_eI_cpu.u_eJ_core.u_eK_exu.u_eL_exu_oitf.depth_gtM.alc_ptr_dfflrs.qout_r	u_eI_cpu.u_eJ_core.u_eK_ifu.u_eL_ifu_iftMicb.leftover_err_dfflr.qout_r	-0.474100	-0.312451
u_eI_cpu.u_eJ_itcm_ctrl.u_sram_icb_ctrl.u_sirv_Kcyc_sram_ctrl.u_eL_stage.dp_gt_M.dat_dfflr.qout_r[N]	u_eI_cpu.u_eJ_core.u_eK_ifu.u_eL_ifu_ifetch.ifu_hi_ir_dfflr.qout_r[M]	-0.473900	-0.236722
u_eI_cpu.u_eJ_core.u_eK_lsu.u_eL_lsu_ctrl.u_eM_lsu_splt_stage.dp_gt_N.dat_dfflr.qout_r[O]	u_eI_cpu.u_eJ_core.u_eK_ifu.u_eL_ifu_iftMicb.u_eN_ifetch_rsp_bypbuf.u_bypbuf_fifo.dp_gtO.fifo_rf[P].fifo_rf_dffl.qout_r[Q]	-0.473700	-0.277787
u_eI_cpu.u_eJ_core.u_eK_exu.u_eL_exu_alu.u_eM_exu_alu_lsuagu.icb_state_dfflr.qout_r[N]	u_eI_cpu.u_eJ_core.u_eK_biu.u_biu_icb_arbt.arbt_num_gt_L_gen.dp_M.u_sirv_gnrl_rspid_fifo.dp_gt_N.dat_dfflr.qout_r	-0.473500	-0.244272
u_eI_cpu.u_eJ_core.u_eK_exu.u_eL_exu_alu.u_eM_exu_alu_lsuagu.icb_state_dfflr.qout_r[N]	u_eI_cpu.u_eJ_core.u_eK_ifu.u_eL_ifu_iftMicb.req_lane_cross_dfflr.qout_r	-0.473300	-0.268238
u_eI_cpu.u_eJ_core.u_eK_exu.u_eL_exu_alu.u_eM_exu_alu_lsuagu.icb_state_dfflr.qout_r[N]	u_eI_cpu.u_eJ_core.u_eK_ifu.u_eL_ifu_iftMicb.req_need_Nuop_dfflr.qout_r	-0.473300	-0.272974
u_eI_cpu.u_eJ_core.u_eK_exu.u_eL_exu_alu.u_eM_exu_alu_lsuagu.icb_state_dfflr.qout_r[N]	u_eI_cpu.u_eJ_core.u_eK_ifu.u_eL_ifu_iftMicb.req_same_cross_holdup_dfflr.qout_r	-0.473300	-0.273347
u_eI_cpu.u_eJ_core.u_eK_biu.u_biu_icb_arbt.arbt_num_gt_L_gen.dp_M.u_sirv_gnrl_rspid_fifo.dp_gt_N.vld_dfflr.qout_r	u_eI_cpu.u_eJ_core.u_eK_ifu.u_eL_ifu_iftMicb.u_eN_ifetch_rsp_bypbuf.u_bypbuf_fifo.dp_gtO.fifo_rf[P].fifo_rf_dffl.qout_r[Q]	-0.472800	-0.275770
u_eI_cpu.u_eJ_core.u_eK_exu.u_eL_exu_oitf.depth_gtM.alc_ptr_flg_dfflrs.qout_r	u_eI_cpu.u_eJ_core.u_eK_ifu.u_eL_ifu_ifetch.pc_newpend_dfflr.qout_r	-0.472600	-0.314037
u_eI_cpu.u_eJ_itcm_ctrl.u_sram_icb_ctrl.u_sirv_Kcyc_sram_ctrl.u_eL_stage.dp_gt_M.dat_dfflr.qout_r[N]	u_eI_cpu.u_eJ_core.u_eK_ifu.u_eL_ifu_ifetch.ir_rsMidx_dfflr.qout_r[N]	-0.472200	-0.239083
u_eI_cpu.u_eJ_core.u_eK_lsu.u_eL_lsu_ctrl.u_eM_lsu_splt_stage.dp_gt_N.vld_dfflr.qout_r	u_eI_cpu.u_eJ_clk_ctrl.u_itcm_clkgate.enb	-0.472200	-0.296941
u_eI_cpu.u_eJ_core.u_eK_biu.u_sirv_gnrl_icb_buffer.u_sirv_gnrl_rsp_fifo.dp_gtL.vec_M_dfflr.qout_r	u_eI_cpu.u_eJ_core.u_eK_ifu.u_eL_ifu_iftMicb.u_eN_ifetch_rsp_bypbuf.u_bypbuf_fifo.dp_gtO.fifo_rf[P].fifo_rf_dffl.qout_r[Q]	-0.472000	-0.277513
u_eI_cpu.u_eJ_itcm_ctrl.u_itcm_icb_arbt.arbt_num_gt_K_gen.dp_L.u_sirv_gnrl_rspid_fifo.dp_gt_M.dat_dfflr.qout_r	u_eI_cpu.u_eJ_itcm_ctrl.u_sram_icb_ctrl.u_byp_icb_cmd_buf.u_bypbuf_fifo.dp_gtK.fifo_rf[L].fifo_rf_dffl.qout_r[M]	-0.471600	-0.195623
u_eI_cpu.u_eJ_core.u_eK_exu.u_eL_exu_oitf.depth_gtM.alc_ptr_dfflrs.qout_r	u_eI_cpu.u_eJ_core.u_eK_biu.u_biu_icb_arbt.arbt_num_gt_L_gen.dp_M.u_sirv_gnrl_rspid_fifo.dp_gt_N.dat_dfflr.qout_r	-0.471500	-0.280534
u_eI_cpu.u_eJ_core.u_eK_exu.u_eL_exu_oitf.depth_gtM.ret_ptr_dfflrs.qout_r	u_eI_cpu.u_eJ_core.u_eK_biu.u_sirv_gnrl_icb_buffer.outs_cnt_dfflr.qout_r	-0.471300	-0.279384
u_eI_cpu.u_eJ_core.u_eK_exu.u_eL_exu_regfile.regfile[M].rfnoN.rf_dffl.qout_r[O]	u_eI_cpu.u_eJ_core.u_eK_biu.u_sirv_gnrl_icb_buffer.u_sirv_gnrl_cmd_fifo.dp_gtL.vec_M_dfflr.qout_r	-0.471300	-0.391642
u_eI_cpu.u_eJ_core.u_eK_exu.u_eL_exu_oitf.depth_gtM.alc_ptr_dfflrs.qout_r	u_eI_cpu.u_eJ_core.u_eK_ifu.u_eL_ifu_iftMicb.req_lane_cross_dfflr.qout_r	-0.471200	-0.304500
u_eI_cpu.u_eJ_core.u_eK_exu.u_eL_exu_oitf.depth_gtM.alc_ptr_dfflrs.qout_r	u_eI_cpu.u_eJ_core.u_eK_ifu.u_eL_ifu_iftMicb.req_need_Nuop_dfflr.qout_r	-0.471200	-0.309237
u_eI_cpu.u_eJ_core.u_eK_exu.u_eL_exu_oitf.depth_gtM.alc_ptr_dfflrs.qout_r	u_eI_cpu.u_eJ_core.u_eK_ifu.u_eL_ifu_iftMicb.req_same_cross_holdup_dfflr.qout_r	-0.471200	-0.309609
u_eI_cpu.u_eJ_itcm_ctrl.u_itcm_icb_arbt.arbt_num_gt_K_gen.dp_L.u_sirv_gnrl_rspid_fifo.dp_gt_M.dat_dfflr.qout_r	u_eI_cpu.u_eJ_core.u_eK_ifu.u_eL_ifu_iftMicb.icb_state_dfflr.qout_r[N]	-0.471200	-0.242398
u_eI_cpu.u_eJ_core.u_eK_exu.u_eL_exu_alu.u_eM_exu_alu_lsuagu.icb_state_dfflr.qout_r[N]	u_eI_cpu.u_eJ_core.u_eK_ifu.u_eL_ifu_ifetch.ifu_err_dfflr.qout_r	-0.471100	-0.187451
u_eI_cpu.u_eJ_core.u_eK_exu.u_eL_exu_alu.u_eM_exu_alu_lsuagu.icb_state_dfflr.qout_r[N]	u_eI_cpu.u_eJ_core.u_eK_ifu.u_eL_ifu_ifetch.ifu_prdt_taken_dfflr.qout_r	-0.471100	-0.211588
u_eI_cpu.u_eJ_core.u_eK_exu.u_eL_exu_alu.u_eM_exu_alu_lsuagu.icb_state_dfflr.qout_r[N]	u_eI_cpu.u_eJ_core.u_eK_ifu.u_eL_ifu_ifetch.ir_muldiv_bMb_dfflr.qout_r	-0.471100	-0.183388
u_eI_cpu.u_eJ_core.u_eK_exu.u_eL_exu_alu.u_eM_exu_alu_lsuagu.icb_state_dfflr.qout_r[N]	u_eI_cpu.u_eJ_itcm_ctrl.ifu_holdup_dffl.qout_r	-0.471000	-0.220141
u_eI_cpu.u_eJ_core.u_eK_biu.u_biu_icb_arbt.arbt_num_gt_L_gen.dp_M.u_sirv_gnrl_rspid_fifo.dp_gt_N.dat_dfflr.qout_r	u_eI_cpu.u_eJ_core.u_eK_ifu.u_eL_ifu_iftMicb.icb_addr_N_O_dffl.qout_r[P]	-0.470900	-0.257119
u_eI_cpu.u_eJ_core.u_eK_exu.u_eL_exu_alu.u_eM_exu_alu_muldiv.muldiv_state_dfflr.qout_r[N]	core_wfi	-0.470800	-0.599512
u_eI_cpu.u_eJ_itcm_ctrl.u_itcm_icb_arbt.arbt_num_gt_K_gen.dp_L.u_sirv_gnrl_rspid_fifo.dp_gt_M.vld_dfflr.qout_r	u_eI_cpu.u_eJ_core.u_eK_biu.u_sirv_gnrl_icb_buffer.u_sirv_gnrl_cmd_fifo.dp_gtL.vec_M_dfflrs.qout_r	-0.470800	-0.280825
u_eI_cpu.u_eJ_core.u_eK_exu.u_eL_exu_oitf.depth_gtM.ret_ptr_flg_dfflrs.qout_r	u_eI_cpu.u_eJ_core.u_eK_ifu.u_eL_ifu_ifetch.pc_newpend_dfflr.qout_r	-0.470800	-0.291715
u_eI_cpu.u_eJ_itcm_ctrl.u_sram_icb_ctrl.u_sirv_Kcyc_sram_ctrl.u_eL_stage.dp_gt_M.dat_dfflr.qout_r[N]	u_eI_cpu.u_eJ_core.u_eK_biu.u_sirv_gnrl_icb_buffer.u_sirv_gnrl_cmd_fifo.dp_gtL.fifo_rf[M].fifo_rf_dffl.qout_r[N]	-0.470100	-0.255584
u_eI_cpu.u_eJ_itcm_ctrl.u_sram_icb_ctrl.u_sirv_Kcyc_sram_ctrl.u_eL_stage.dp_gt_M.dat_dfflr.qout_r[N]	u_eI_cpu.u_eJ_core.u_eK_ifu.u_eL_ifu_ifetch.ifu_lo_ir_dfflr.qout_r[M]	-0.470100	-0.211833
u_eI_cpu.u_eJ_core.u_eK_exu.u_eL_exu_alu.u_eM_exu_alu_lsuagu.icb_state_dfflr.qout_r[N]	u_eI_cpu.u_eJ_itcm_ctrl.u_sram_icb_ctrl.u_sirv_Kcyc_sram_ctrl.u_eL_stage.dp_gt_M.dat_dfflr.qout_r[N]	-0.469900	-0.219746
u_eI_cpu.u_eJ_itcm_ctrl.u_itcm_icb_arbt.arbt_num_gt_K_gen.dp_L.u_sirv_gnrl_rspid_fifo.dp_gt_M.vld_dfflr.qout_r	u_eI_cpu.u_eJ_itcm_ctrl.u_sram_icb_ctrl.u_sirv_Kcyc_sram_ctrl.u_eL_stage.dp_gt_M.vld_dfflr.qout_r	-0.469700	-0.263617
u_eI_cpu.u_eJ_itcm_ctrl.u_itcm_icb_arbt.arbt_num_gt_K_gen.dp_L.u_sirv_gnrl_rspid_fifo.dp_gt_M.vld_dfflr.qout_r	u_eI_cpu.u_eJ_core.u_eK_ifu.u_eL_ifu_iftMicb.leftover_err_dfflr.qout_r	-0.469600	-0.314330
u_eI_cpu.u_eJ_core.u_eK_exu.u_eL_exu_oitf.depth_gtM.alc_ptr_dfflrs.qout_r	u_eI_cpu.u_eJ_core.u_eK_ifu.u_eL_ifu_ifetch.ifu_err_dfflr.qout_r	-0.469100	-0.223714
u_eI_cpu.u_eJ_core.u_eK_exu.u_eL_exu_oitf.depth_gtM.alc_ptr_dfflrs.qout_r	u_eI_cpu.u_eJ_core.u_eK_ifu.u_eL_ifu_ifetch.ifu_prdt_taken_dfflr.qout_r	-0.469100	-0.247851
u_eI_cpu.u_eJ_core.u_eK_exu.u_eL_exu_oitf.depth_gtM.alc_ptr_dfflrs.qout_r	u_eI_cpu.u_eJ_core.u_eK_ifu.u_eL_ifu_ifetch.ir_muldiv_bMb_dfflr.qout_r	-0.469100	-0.219651
u_eI_cpu.u_eJ_core.u_eK_exu.u_eL_exu_oitf.depth_gtM.alc_ptr_dfflrs.qout_r	u_eI_cpu.u_eJ_itcm_ctrl.ifu_holdup_dffl.qout_r	-0.469000	-0.256404
u_eI_cpu.u_eJ_core.u_eK_exu.u_eL_exu_oitf.depth_gtM.alc_ptr_dfflrs.qout_r	u_eI_cpu.u_eJ_itcm_ctrl.u_sram_icb_ctrl.u_sirv_Kcyc_sram_ctrl.u_eL_stage.dp_gt_M.dat_dfflr.qout_r[N]	-0.467900	-0.256008
dbg_halt_r	u_eI_cpu.u_eJ_core.u_eK_lsu.u_eL_lsu_ctrl.u_eM_lsu_splt_stage.dp_gt_N.vld_dfflr.qout_r	-0.467800	0.044980
dbg_halt_r	u_eI_cpu.u_eJ_core.u_eK_lsu.u_eL_lsu_ctrl.u_lsu_icb_arbt.arbt_num_gt_M_gen.dp_N.u_sirv_gnrl_rspid_fifo.dp_gt_O.vld_dfflr.qout_r	-0.467800	0.046384
u_eI_cpu.u_eJ_dtcm_ctrl.u_dtcm_icb_arbt.arbt_num_gt_K_gen.dp_L.u_sirv_gnrl_rspid_fifo.dp_gt_M.dat_dfflr.qout_r	u_eI_cpu.u_eJ_core.u_eK_ifu.u_eL_ifu_ifetch.pc_dfflr.qout_r[M]	-0.467800	-0.246130
u_eI_cpu.u_eJ_dtcm_ctrl.u_dtcm_icb_arbt.arbt_num_gt_K_gen.dp_L.u_sirv_gnrl_rspid_fifo.dp_gt_M.vld_dfflr.qout_r	u_eI_cpu.u_eJ_core.u_eK_biu.u_sirv_gnrl_icb_buffer.outs_cnt_dfflr.qout_r	-0.467600	-0.254681
u_eI_cpu.u_eJ_core.u_eK_lsu.u_eL_lsu_ctrl.u_eM_lsu_splt_stage.dp_gt_N.dat_dfflr.qout_r[O]	u_eI_cpu.u_eJ_core.u_eK_biu.u_sirv_gnrl_icb_buffer.u_sirv_gnrl_cmd_fifo.dp_gtL.vec_M_dfflrs.qout_r	-0.467400	-0.276588
u_eI_cpu.u_eJ_core.u_eK_lsu.u_eL_lsu_ctrl.u_eM_lsu_splt_stage.dp_gt_N.vld_dfflr.qout_r	u_eI_cpu.u_eJ_core.u_eK_ifu.u_eL_ifu_ifetch.reset_req_dfflr.qout_r	-0.467300	-0.318360
u_eI_cpu.u_eJ_core.u_eK_exu.u_eL_exu_commit.u_eM_exu_excp.step_req_dfflr.qout_r	cmt_dcause[I]	-0.467200	-0.678490
u_eI_cpu.u_eJ_itcm_ctrl.u_sram_icb_ctrl.u_sirv_Kcyc_sram_ctrl.u_eL_stage.dp_gt_M.dat_dfflr.qout_r[N]	u_eI_cpu.u_eJ_core.u_eK_biu.u_sirv_gnrl_icb_buffer.u_sirv_gnrl_cmd_fifo.dp_gtL.vec_M_dfflr.qout_r	-0.467200	-0.235558
u_eI_cpu.u_eJ_core.u_eK_biu.u_biu_icb_arbt.arbt_num_gt_L_gen.dp_M.u_sirv_gnrl_rspid_fifo.dp_gt_N.dat_dfflr.qout_r	u_eI_cpu.u_eJ_itcm_ctrl.u_sram_icb_ctrl.u_byp_icb_cmd_buf.u_bypbuf_fifo.dp_gtK.fifo_rf[L].fifo_rf_dffl.qout_r[M]	-0.467200	-0.224811
u_eI_cpu.u_eJ_core.u_eK_ifu.u_eL_ifu_ifetch.ifu_err_dfflr.qout_r	u_eI_cpu.u_eJ_core.u_eK_ifu.u_eL_ifu_iftMicb.u_eN_ifetch_rsp_bypbuf.u_bypbuf_fifo.dp_gtO.vec_P_dfflrs.qout_r	-0.467100	-0.137040
u_eI_cpu.u_eJ_itcm_ctrl.u_itcm_icb_arbt.arbt_num_gt_K_gen.dp_L.u_sirv_gnrl_rspid_fifo.dp_gt_M.vld_dfflr.qout_r	u_eI_cpu.u_eJ_core.u_eK_biu.u_biu_icb_arbt.arbt_num_gt_L_gen.dp_M.u_sirv_gnrl_rspid_fifo.dp_gt_N.dat_dfflr.qout_r	-0.466900	-0.282413
u_eI_cpu.u_eJ_core.u_eK_biu.u_biu_icb_arbt.arbt_num_gt_L_gen.dp_M.u_sirv_gnrl_rspid_fifo.dp_gt_N.dat_dfflr.qout_r	u_eI_cpu.u_eJ_core.u_eK_ifu.u_eL_ifu_iftMicb.icb_state_dfflr.qout_r[N]	-0.466700	-0.271581
u_eI_cpu.u_eJ_dtcm_ctrl.u_sram_icb_ctrl.u_sirv_Kcyc_sram_ctrl.u_eL_stage.dp_gt_M.vld_dfflr.qout_r	u_eI_cpu.u_eJ_core.u_eK_biu.u_sirv_gnrl_icb_buffer.outs_cnt_dfflr.qout_r	-0.466700	-0.255605
u_eI_cpu.u_eJ_itcm_ctrl.u_itcm_icb_arbt.arbt_num_gt_K_gen.dp_L.u_sirv_gnrl_rspid_fifo.dp_gt_M.vld_dfflr.qout_r	u_eI_cpu.u_eJ_core.u_eK_ifu.u_eL_ifu_iftMicb.req_lane_cross_dfflr.qout_r	-0.466700	-0.306380
u_eI_cpu.u_eJ_itcm_ctrl.u_itcm_icb_arbt.arbt_num_gt_K_gen.dp_L.u_sirv_gnrl_rspid_fifo.dp_gt_M.vld_dfflr.qout_r	u_eI_cpu.u_eJ_core.u_eK_ifu.u_eL_ifu_iftMicb.req_need_Nuop_dfflr.qout_r	-0.466700	-0.311116
u_eI_cpu.u_eJ_itcm_ctrl.u_itcm_icb_arbt.arbt_num_gt_K_gen.dp_L.u_sirv_gnrl_rspid_fifo.dp_gt_M.vld_dfflr.qout_r	u_eI_cpu.u_eJ_core.u_eK_ifu.u_eL_ifu_iftMicb.req_same_cross_holdup_dfflr.qout_r	-0.466700	-0.311489
u_eI_cpu.u_eJ_core.u_eK_biu.u_biu_icb_arbt.arbt_num_gt_L_gen.dp_M.u_sirv_gnrl_rspid_fifo.dp_gt_N.vld_dfflr.qout_r	u_eI_cpu.u_eJ_core.u_eK_biu.u_sirv_gnrl_icb_buffer.u_sirv_gnrl_cmd_fifo.dp_gtL.vec_M_dfflrs.qout_r	-0.466500	-0.274434
u_eI_cpu.u_eJ_core.u_eK_lsu.u_eL_lsu_ctrl.u_eM_lsu_splt_stage.dp_gt_N.vld_dfflr.qout_r	u_eI_cpu.u_eJ_core.u_eK_ifu.u_eL_ifu_ifetch.dly_flush_dfflr.qout_r	-0.466400	-0.311361
u_eI_cpu.u_eJ_core.u_eK_lsu.u_eL_lsu_ctrl.u_eM_lsu_splt_stage.dp_gt_N.dat_dfflr.qout_r[O]	u_eI_cpu.u_eJ_itcm_ctrl.u_sram_icb_ctrl.u_sirv_Kcyc_sram_ctrl.u_eL_stage.dp_gt_M.vld_dfflr.qout_r	-0.466200	-0.259386
u_eI_cpu.u_eJ_core.u_eK_lsu.u_eL_lsu_ctrl.u_eM_lsu_splt_stage.dp_gt_N.dat_dfflr.qout_r[O]	u_eI_cpu.u_eJ_core.u_eK_ifu.u_eL_ifu_iftMicb.leftover_err_dfflr.qout_r	-0.466100	-0.310093
u_eI_cpu.u_eJ_core.u_eK_exu.u_eL_exu_regfile.regfile[M].rfnoN.rf_dffl.qout_r[O]	u_eI_cpu.u_eJ_core.u_eK_ifu.u_eL_ifu_iftMicb.icb_addr_N_O_dffl.qout_r[P]	-0.466100	-0.408640
u_eI_cpu.u_eJ_itcm_ctrl.u_sram_icb_ctrl.u_sirv_Kcyc_sram_ctrl.u_eL_stage.dp_gt_M.vld_dfflr.qout_r	u_eI_cpu.u_eJ_core.u_eK_ifu.u_eL_ifu_iftMicb.u_eN_ifetch_rsp_bypbuf.u_bypbuf_fifo.dp_gtO.vec_P_dfflrs.qout_r	-0.466000	-0.219886
u_eI_cpu.u_eJ_core.u_eK_ifu.u_eL_ifu_ifetch.ifu_hi_ir_dfflr.qout_r[M]	u_eI_cpu.u_eJ_core.u_eK_exu.u_eL_exu_csr.minstreth_dfflr.qout_r[M]	-0.465900	-0.096131
u_eI_cpu.u_eJ_itcm_ctrl.u_itcm_icb_arbt.arbt_num_gt_K_gen.dp_L.u_sirv_gnrl_rspid_fifo.dp_gt_M.dat_dfflr.qout_r	u_eI_cpu.u_eJ_core.u_eK_ifu.u_eL_ifu_ifetch.pc_newpend_dfflr.qout_r	-0.465800	-0.211622
