# start	end	slack_synth_ns	slack_route_ns
mI_axi_rid[J]	axi_crossbar_inst.axi_crossbar_rd_inst.s_ifaces[I].addr_inst.thread_count_reg[J][K]	-0.446900	-0.131610
mI_axi_bid[J]	axi_crossbar_inst.axi_crossbar_wr_inst.s_ifaces[I].addr_inst.thread_count_reg[J][K]	-0.432700	-0.113260
mI_axi_rvalid	axi_crossbar_inst.axi_crossbar_rd_inst.s_ifaces[I].addr_inst.thread_count_reg[J][K]	-0.416200	-0.090506
mI_axi_rlast	axi_crossbar_inst.axi_crossbar_rd_inst.s_ifaces[I].addr_inst.thread_count_reg[J][K]	-0.411600	-0.081656
sI_axi_awid[J]	axi_crossbar_inst.axi_crossbar_wr_inst.s_ifaces[I].addr_inst.thread_count_reg[J][K]	-0.400600	-0.053808
mI_axi_bvalid	axi_crossbar_inst.axi_crossbar_wr_inst.s_ifaces[I].addr_inst.thread_count_reg[J][K]	-0.390500	-0.035057
sI_axi_arid[J]	axi_crossbar_inst.axi_crossbar_rd_inst.s_ifaces[I].addr_inst.thread_count_reg[J][K]	-0.359100	-0.066924
mI_axi_bvalid	axi_crossbar_inst.axi_crossbar_wr_inst.s_ifaces[I].addr_inst.trans_count_reg[J]	-0.352200	-0.031199
mI_axi_rvalid	axi_crossbar_inst.axi_crossbar_rd_inst.s_ifaces[I].addr_inst.trans_count_reg[J]	-0.351500	-0.069408
mI_axi_rlast	axi_crossbar_inst.axi_crossbar_rd_inst.s_ifaces[I].addr_inst.trans_count_reg[J]	-0.346200	-0.073565
sI_axi_awid[J]	axi_crossbar_inst.axi_crossbar_wr_inst.s_ifaces[I].addr_inst.trans_count_reg[J]	-0.341800	-0.040800
mI_axi_bid[J]	axi_crossbar_inst.axi_crossbar_wr_inst.m_ifaces[I].a_arb_inst.mask_reg[J]	-0.304300	-0.002398
axi_crossbar_inst.axi_crossbar_rd_inst.s_ifaces[I].r_arb_inst.grant_encoded_reg[J]	axi_crossbar_inst.axi_crossbar_rd_inst.s_ifaces[I].addr_inst.thread_count_reg[J][K]	-0.299300	-0.292895
axi_crossbar_inst.axi_crossbar_wr_inst.s_ifaces[I].b_arb_inst.grant_encoded_reg[J]	axi_crossbar_inst.axi_crossbar_wr_inst.s_ifaces[I].addr_inst.thread_count_reg[J][K]	-0.297900	-0.286576
sI_axi_wvalid	axi_crossbar_inst.axi_crossbar_wr_inst.m_ifaces[I].a_arb_inst.mask_reg[J]	-0.297800	0.023231
sI_axi_arid[J]	axi_crossbar_inst.axi_crossbar_rd_inst.s_ifaces[I].addr_inst.trans_count_reg[J]	-0.286200	-0.021287
sI_axi_wlast	axi_crossbar_inst.axi_crossbar_wr_inst.m_ifaces[I].a_arb_inst.mask_reg[J]	-0.279400	0.028975
mI_axi_bid[J]	axi_crossbar_inst.axi_crossbar_wr_inst.s_ifaces[I].b_arb_inst.mask_reg[J]	-0.271600	0.032796
mI_axi_bvalid	axi_crossbar_inst.axi_crossbar_wr_inst.s_ifaces[I].b_arb_inst.mask_reg[J]	-0.263500	-0.014725
mI_axi_rid[J]	axi_crossbar_inst.axi_crossbar_rd_inst.m_ifaces[I].a_arb_inst.mask_reg[J]	-0.263100	0.001696
mI_axi_rvalid	axi_crossbar_inst.axi_crossbar_rd_inst.s_ifaces[I].r_arb_inst.mask_reg[J]	-0.220100	-0.009663
mI_axi_rid[J]	axi_crossbar_inst.axi_crossbar_rd_inst.s_ifaces[I].r_arb_inst.mask_reg[J]	-0.213300	0.050017
axi_crossbar_inst.axi_crossbar_rd_inst.s_ifaces[I].addr_inst.thread_count_reg[J][K]	axi_crossbar_inst.axi_crossbar_rd_inst.s_ifaces[I].addr_inst.thread_count_reg[J][K]	-0.193200	-0.177985
axi_crossbar_inst.axi_crossbar_wr_inst.s_ifaces[I].addr_inst.thread_id_reg[J][K]	axi_crossbar_inst.axi_crossbar_wr_inst.s_ifaces[I].addr_inst.thread_count_reg[J][K]	-0.185500	-0.136900
axi_crossbar_inst.axi_crossbar_wr_inst.s_ifaces[I].addr_inst.thread_count_reg[J][K]	axi_crossbar_inst.axi_crossbar_wr_inst.s_ifaces[I].addr_inst.thread_count_reg[J][K]	-0.171200	-0.151437
axi_crossbar_inst.axi_crossbar_rd_inst.s_ifaces[I].r_arb_inst.grant_encoded_reg[J]	axi_crossbar_inst.axi_crossbar_rd_inst.s_ifaces[I].addr_inst.trans_count_reg[J]	-0.167000	-0.247257
mI_axi_rid[J]	axi_crossbar_inst.axi_crossbar_rd_inst.m_ifaces[I].trans_count_reg[J]	-0.163600	0.010891
axi_crossbar_inst.axi_crossbar_wr_inst.s_ifaces[I].b_arb_inst.grant_encoded_reg[J]	axi_crossbar_inst.axi_crossbar_wr_inst.s_ifaces[I].addr_inst.trans_count_reg[J]	-0.160800	-0.228063
axi_crossbar_inst.axi_crossbar_wr_inst.s_ifaces[I].addr_inst.m_select_reg[J]	axi_crossbar_inst.axi_crossbar_wr_inst.s_ifaces[I].addr_inst.thread_count_reg[J][K]	-0.154900	-0.068073
sI_axi_awid[J]	axi_crossbar_inst.axi_crossbar_wr_inst.s_ifaces[I].addr_inst.thread_id_reg[J][K]	-0.154600	0.070770
sI_axi_awid[J]	axi_crossbar_inst.axi_crossbar_wr_inst.s_ifaces[I].addr_inst.thread_m_reg[J][K]	-0.154600	0.069139
mI_axi_bvalid	axi_crossbar_inst.axi_crossbar_wr_inst.m_ifaces[I].a_arb_inst.mask_reg[J]	-0.151000	0.095312
mI_axi_bid[J]	axi_crossbar_inst.axi_crossbar_wr_inst.m_ifaces[I].trans_count_reg[J]	-0.147300	0.026852
axi_crossbar_inst.axi_crossbar_rd_inst.s_ifaces[I].addr_inst.m_select_reg[J]	axi_crossbar_inst.axi_crossbar_rd_inst.s_ifaces[I].addr_inst.thread_count_reg[J][K]	-0.146400	-0.076598
axi_crossbar_inst.axi_crossbar_rd_inst.s_ifaces[I].addr_inst.thread_id_reg[J][K]	axi_crossbar_inst.axi_crossbar_rd_inst.s_ifaces[I].addr_inst.thread_count_reg[J][K]	-0.143900	-0.134878
axi_crossbar_inst.axi_crossbar_wr_inst.s_ifaces[I].w_select_valid_reg	axi_crossbar_inst.axi_crossbar_wr_inst.m_ifaces[I].a_arb_inst.mask_reg[J]	-0.141200	-0.060853
mI_axi_rlast	axi_crossbar_inst.axi_crossbar_rd_inst.s_ifaces[I].addr_inst.thread_id_reg[J][K]	-0.140600	0.052262
mI_axi_rlast	axi_crossbar_inst.axi_crossbar_rd_inst.s_ifaces[I].addr_inst.thread_m_reg[J][K]	-0.140600	0.045597
axi_crossbar_inst.axi_crossbar_wr_inst.s_ifaces[I].w_select_reg[J]	axi_crossbar_inst.axi_crossbar_wr_inst.m_ifaces[I].a_arb_inst.mask_reg[J]	-0.140400	-0.090970
mI_axi_rvalid	axi_crossbar_inst.axi_crossbar_rd_inst.s_ifaces[I].addr_inst.thread_id_reg[J][K]	-0.139900	0.044370
mI_axi_rvalid	axi_crossbar_inst.axi_crossbar_rd_inst.s_ifaces[I].addr_inst.thread_m_reg[J][K]	-0.139900	0.047308
mI_axi_rvalid	axi_crossbar_inst.axi_crossbar_rd_inst.m_ifaces[I].a_arb_inst.mask_reg[J]	-0.128800	0.103407
axi_crossbar_inst.axi_crossbar_wr_inst.s_ifaces[I].addr_inst.thread_id_reg[J][K]	axi_crossbar_inst.axi_crossbar_wr_inst.s_ifaces[I].addr_inst.trans_count_reg[J]	-0.126700	-0.123892
axi_crossbar_inst.axi_crossbar_wr_inst.s_ifaces[I].reg_inst.genblkJ.genblkK.m_axi_bready_reg	axi_crossbar_inst.axi_crossbar_wr_inst.m_ifaces[I].a_arb_inst.mask_reg[J]	-0.126500	-0.092296
axi_crossbar_inst.axi_crossbar_wr_inst.s_ifaces[I].b_arb_inst.grant_encoded_reg[J]	axi_crossbar_inst.axi_crossbar_wr_inst.m_ifaces[I].a_arb_inst.mask_reg[J]	-0.126100	-0.118466
axi_crossbar_inst.axi_crossbar_rd_inst.s_ifaces[I].addr_inst.thread_count_reg[J][K]	axi_crossbar_inst.axi_crossbar_rd_inst.s_ifaces[I].addr_inst.trans_count_reg[J]	-0.121400	-0.148445
axi_crossbar_inst.axi_crossbar_wr_inst.m_ifaces[I].w_select_reg[J]	axi_crossbar_inst.axi_crossbar_wr_inst.m_ifaces[I].a_arb_inst.mask_reg[J]	-0.119900	-0.119645
sI_axi_wvalid	axi_crossbar_inst.axi_crossbar_wr_inst.m_ifaces[I].a_arb_inst.grant_reg[J]	-0.117500	0.059274
mI_axi_bid[J]	axi_crossbar_inst.axi_crossbar_wr_inst.s_ifaces[I].b_arb_inst.grant_reg[J]	-0.117400	0.044694
mI_axi_bid[J]	axi_crossbar_inst.axi_crossbar_wr_inst.m_ifaces[I].a_arb_inst.grant_reg[J]	-0.117100	0.070857
mI_axi_bvalid	axi_crossbar_inst.axi_crossbar_wr_inst.s_ifaces[I].b_arb_inst.grant_reg[J]	-0.116600	0.015376
mI_axi_rvalid	axi_crossbar_inst.axi_crossbar_rd_inst.s_ifaces[I].r_arb_inst.grant_reg[J]	-0.115000	-0.022401
mI_axi_rlast	axi_crossbar_inst.axi_crossbar_rd_inst.m_ifaces[I].a_arb_inst.mask_reg[J]	-0.114000	0.163359
axi_crossbar_inst.axi_crossbar_wr_inst.s_ifaces[I].addr_inst.thread_count_reg[J][K]	axi_crossbar_inst.axi_crossbar_wr_inst.s_ifaces[I].addr_inst.trans_count_reg[J]	-0.112100	-0.137127
axi_crossbar_inst.axi_crossbar_wr_inst.s_ifaces[I].b_arb_inst.grant_valid_reg	axi_crossbar_inst.axi_crossbar_wr_inst.m_ifaces[I].a_arb_inst.mask_reg[J]	-0.112000	-0.090181
mI_axi_bvalid	axi_crossbar_inst.axi_crossbar_wr_inst.s_ifaces[I].addr_inst.thread_id_reg[J][K]	-0.111800	0.097469
mI_axi_bvalid	axi_crossbar_inst.axi_crossbar_wr_inst.s_ifaces[I].addr_inst.thread_m_reg[J][K]	-0.111800	0.095384
axi_crossbar_inst.axi_crossbar_wr_inst.s_ifaces[I].decerr_m_axi_bvalid_reg	axi_crossbar_inst.axi_crossbar_wr_inst.s_ifaces[I].addr_inst.thread_count_reg[J][K]	-0.108000	-0.002715
mI_axi_rid[J]	axi_crossbar_inst.axi_crossbar_rd_inst.s_ifaces[I].r_arb_inst.grant_reg[J]	-0.106700	0.077656
mI_axi_bid[J]	axi_crossbar_inst.axi_crossbar_wr_inst.s_ifaces[I].b_arb_inst.grant_encoded_reg[J]	-0.106500	0.072328
mI_axi_bid[J]	mI_axi_bready	-0.106400	-0.207545
mI_axi_bvalid	axi_crossbar_inst.axi_crossbar_wr_inst.s_ifaces[I].b_arb_inst.grant_encoded_reg[J]	-0.106300	0.036475
mI_axi_rlast	axi_crossbar_inst.axi_crossbar_rd_inst.s_ifaces[I].r_arb_inst.mask_reg[J]	-0.105500	0.081800
sI_axi_arid[J]	axi_crossbar_inst.axi_crossbar_rd_inst.s_ifaces[I].addr_inst.thread_id_reg[J][K]	-0.104800	0.087443
sI_axi_arid[J]	axi_crossbar_inst.axi_crossbar_rd_inst.s_ifaces[I].addr_inst.thread_m_reg[J][K]	-0.104800	0.090381
axi_crossbar_inst.axi_crossbar_wr_inst.s_ifaces[I].decerr_m_axi_bid_reg[J]	axi_crossbar_inst.axi_crossbar_wr_inst.s_ifaces[I].addr_inst.thread_count_reg[J][K]	-0.104000	-0.088452
axi_crossbar_inst.axi_crossbar_wr_inst.s_ifaces[I].addr_inst.m_select_reg[J]	axi_crossbar_inst.axi_crossbar_wr_inst.m_ifaces[I].a_arb_inst.mask_reg[J]	-0.102500	-0.080115
axi_crossbar_inst.axi_crossbar_rd_inst.s_ifaces[I].r_arb_inst.grant_encoded_reg[J]	axi_crossbar_inst.axi_crossbar_rd_inst.m_ifaces[I].a_arb_inst.mask_reg[J]	-0.100500	-0.124856
axi_crossbar_inst.axi_crossbar_wr_inst.s_ifaces[I].w_drop_reg	axi_crossbar_inst.axi_crossbar_wr_inst.m_ifaces[I].a_arb_inst.mask_reg[J]	-0.099700	-0.038404
mI_axi_rid[J]	mI_axi_rready	-0.099400	-0.186974
axi_crossbar_inst.axi_crossbar_wr_inst.s_ifaces[I].addr_inst.m_select_reg[J]	axi_crossbar_inst.axi_crossbar_wr_inst.s_ifaces[I].addr_inst.trans_count_reg[J]	-0.097800	-0.029600
axi_crossbar_inst.axi_crossbar_wr_inst.s_ifaces[I].addr_inst.thread_m_reg[J][K]	axi_crossbar_inst.axi_crossbar_wr_inst.s_ifaces[I].addr_inst.thread_count_reg[J][K]	-0.096500	-0.058032
mI_axi_rid[J]	axi_crossbar_inst.axi_crossbar_rd_inst.m_ifaces[I].a_arb_inst.grant_reg[J]	-0.096300	0.065631
sI_axi_wlast	axi_crossbar_inst.axi_crossbar_wr_inst.m_ifaces[I].a_arb_inst.grant_reg[J]	-0.094400	0.104701
mI_axi_bid[J]	axi_crossbar_inst.axi_crossbar_wr_inst.m_ifaces[I].a_arb_inst.grant_encoded_reg[J]	-0.094200	0.074941
mI_axi_rvalid	axi_crossbar_inst.axi_crossbar_rd_inst.s_ifaces[I].r_arb_inst.grant_encoded_reg[J]	-0.092000	0.004033
axi_crossbar_inst.axi_crossbar_rd_inst.s_ifaces[I].decerr_m_axi_rvalid_reg	axi_crossbar_inst.axi_crossbar_rd_inst.s_ifaces[I].addr_inst.thread_count_reg[J][K]	-0.091800	-0.023979
axi_crossbar_inst.axi_crossbar_wr_inst.s_ifaces[I].addr_inst.m_axi_avalid_reg	axi_crossbar_inst.axi_crossbar_wr_inst.m_ifaces[I].a_arb_inst.mask_reg[J]	-0.091600	-0.037506
mI_axi_rlast	axi_crossbar_inst.axi_crossbar_rd_inst.s_ifaces[I].addr_inst.m_axi_avalid_reg	-0.091200	0.129822
mI_axi_rlast	axi_crossbar_inst.axi_crossbar_rd_inst.s_ifaces[I].r_arb_inst.grant_reg[J]	-0.089900	0.064801
mI_axi_rlast	axi_crossbar_inst.axi_crossbar_rd_inst.s_ifaces[I].r_arb_inst.grant_encoded_reg[J]	-0.088200	0.074265
sI_axi_wlast	axi_crossbar_inst.axi_crossbar_wr_inst.m_ifaces[I].a_arb_inst.grant_encoded_reg[J]	-0.086300	0.102851
mI_axi_rlast	axi_crossbar_inst.axi_crossbar_rd_inst.s_ifaces[I].addr_inst.m_rc_valid_reg	-0.086200	0.128608
axi_crossbar_inst.axi_crossbar_wr_inst.m_ifaces[I].w_select_reg[J]	sI_axi_wready	-0.083300	-0.283730
axi_crossbar_inst.axi_crossbar_rd_inst.s_ifaces[I].addr_inst.m_select_reg[J]	axi_crossbar_inst.axi_crossbar_rd_inst.m_ifaces[I].a_arb_inst.mask_reg[J]	-0.081400	-0.076029
mI_axi_rvalid	axi_crossbar_inst.axi_crossbar_rd_inst.s_ifaces[I].addr_inst.m_axi_avalid_reg	-0.081300	0.119491
mI_axi_rid[J]	axi_crossbar_inst.axi_crossbar_rd_inst.s_ifaces[I].r_arb_inst.grant_encoded_reg[J]	-0.080500	0.099516
mI_axi_rvalid	axi_crossbar_inst.axi_crossbar_rd_inst.s_ifaces[I].addr_inst.m_rc_valid_reg	-0.076200	0.118277
axi_crossbar_inst.axi_crossbar_rd_inst.s_ifaces[I].addr_inst.m_select_reg[J]	axi_crossbar_inst.axi_crossbar_rd_inst.s_ifaces[I].addr_inst.trans_count_reg[J]	-0.073700	-0.057708
axi_crossbar_inst.axi_crossbar_rd_inst.s_ifaces[I].addr_inst.thread_m_reg[J][K]	axi_crossbar_inst.axi_crossbar_rd_inst.s_ifaces[I].addr_inst.thread_count_reg[J][K]	-0.073200	-0.077533
axi_crossbar_inst.axi_crossbar_rd_inst.s_ifaces[I].addr_inst.thread_id_reg[J][K]	axi_crossbar_inst.axi_crossbar_rd_inst.s_ifaces[I].addr_inst.trans_count_reg[J]	-0.071100	-0.091140
axi_crossbar_inst.axi_crossbar_rd_inst.s_ifaces[I].addr_inst.m_axi_avalid_reg	axi_crossbar_inst.axi_crossbar_rd_inst.m_ifaces[I].a_arb_inst.mask_reg[J]	-0.071000	-0.026580
mI_axi_rlast	axi_crossbar_inst.axi_crossbar_rd_inst.s_ifaces[I].r_arb_inst.grant_valid_reg	-0.068600	0.086443
axi_crossbar_inst.axi_crossbar_rd_inst.s_ifaces[I].r_arb_inst.grant_valid_reg	axi_crossbar_inst.axi_crossbar_rd_inst.s_ifaces[I].addr_inst.thread_count_reg[J][K]	-0.066700	-0.040629
axi_crossbar_inst.axi_crossbar_rd_inst.s_ifaces[I].reg_inst.genblkJ.m_axi_rready_reg	axi_crossbar_inst.axi_crossbar_rd_inst.s_ifaces[I].addr_inst.thread_count_reg[J][K]	-0.066300	-0.097942
sI_axi_wvalid	axi_crossbar_inst.axi_crossbar_wr_inst.m_ifaces[I].a_arb_inst.grant_encoded_reg[J]	-0.064600	0.066402
axi_crossbar_inst.axi_crossbar_wr_inst.s_ifaces[I].reg_inst.genblkJ.genblkK.m_axi_bready_reg	axi_crossbar_inst.axi_crossbar_wr_inst.s_ifaces[I].addr_inst.thread_count_reg[J][K]	-0.064500	-0.030311
mI_axi_rid[J]	axi_crossbar_inst.axi_crossbar_rd_inst.m_ifaces[I].a_arb_inst.grant_encoded_reg[J]	-0.064100	0.084633
axi_crossbar_inst.axi_crossbar_rd_inst.s_ifaces[I].decerr_m_axi_rid_reg[J]	axi_crossbar_inst.axi_crossbar_rd_inst.s_ifaces[I].addr_inst.thread_count_reg[J][K]	-0.060000	-0.038104
mI_axi_rlast	axi_crossbar_inst.axi_crossbar_rd_inst.s_ifaces[I].addr_inst.state_reg[J]	-0.056000	0.154416
axi_crossbar_inst.axi_crossbar_rd_inst.s_ifaces[I].r_arb_inst.grant_valid_reg	axi_crossbar_inst.axi_crossbar_rd_inst.m_ifaces[I].a_arb_inst.mask_reg[J]	-0.051500	-0.081442
mI_axi_rvalid	axi_crossbar_inst.axi_crossbar_rd_inst.s_ifaces[I].addr_inst.state_reg[J]	-0.049100	0.144991
axi_crossbar_inst.axi_crossbar_rd_inst.s_ifaces[I].decerr_m_axi_rlast_reg	axi_crossbar_inst.axi_crossbar_rd_inst.s_ifaces[I].addr_inst.thread_count_reg[J][K]	-0.047000	-0.063482
axi_crossbar_inst.axi_crossbar_rd_inst.s_ifaces[I].reg_inst.genblkJ.m_axi_rready_reg	axi_crossbar_inst.axi_crossbar_rd_inst.m_ifaces[I].a_arb_inst.mask_reg[J]	-0.046200	-0.109997
mI_axi_bvalid	axi_crossbar_inst.axi_crossbar_wr_inst.s_ifaces[I].b_arb_inst.grant_valid_reg	-0.043900	0.050588
mI_axi_rid[J]	axi_crossbar_inst.axi_crossbar_rd_inst.s_ifaces[I].r_arb_inst.grant_valid_reg	-0.042600	0.113835
axi_crossbar_inst.axi_crossbar_wr_inst.s_ifaces[I].b_arb_inst.grant_valid_reg	axi_crossbar_inst.axi_crossbar_wr_inst.s_ifaces[I].addr_inst.thread_count_reg[J][K]	-0.042300	-0.029219
axi_crossbar_inst.axi_crossbar_wr_inst.s_ifaces[I].addr_inst.thread_m_reg[J][K]	axi_crossbar_inst.axi_crossbar_wr_inst.s_ifaces[I].addr_inst.trans_count_reg[J]	-0.039400	-0.035159
axi_crossbar_inst.axi_crossbar_wr_inst.s_ifaces[I].b_arb_inst.mask_reg[J]	axi_crossbar_inst.axi_crossbar_wr_inst.s_ifaces[I].b_arb_inst.mask_reg[J]	-0.038000	0.029121
mI_axi_bid[J]	axi_crossbar_inst.axi_crossbar_wr_inst.s_ifaces[I].b_arb_inst.grant_valid_reg	-0.037700	0.121975
axi_crossbar_inst.axi_crossbar_wr_inst.s_ifaces[I].decerr_m_axi_bvalid_reg	axi_crossbar_inst.axi_crossbar_wr_inst.s_ifaces[I].b_arb_inst.mask_reg[J]	-0.034800	0.033705
sI_axi_awid[J]	axi_crossbar_inst.axi_crossbar_wr_inst.s_ifaces[I].addr_inst.state_reg[J]	-0.029500	0.187601
mI_axi_rvalid	axi_crossbar_inst.axi_crossbar_rd_inst.s_ifaces[I].r_arb_inst.grant_valid_reg	-0.026600	0.013778
mI_axi_bvalid	axi_crossbar_inst.axi_crossbar_wr_inst.s_ifaces[I].addr_inst.m_wc_valid_reg	-0.026000	0.116636
axi_crossbar_inst.axi_crossbar_wr_inst.s_ifaces[I].decerr_m_axi_bvalid_reg	axi_crossbar_inst.axi_crossbar_wr_inst.s_ifaces[I].addr_inst.trans_count_reg[J]	-0.025900	-0.004241
axi_crossbar_inst.axi_crossbar_wr_inst.m_ifaces[I].reg_inst.genblkJ.s_axi_wready_reg	axi_crossbar_inst.axi_crossbar_wr_inst.m_ifaces[I].a_arb_inst.mask_reg[J]	-0.025500	0.005880
mI_axi_bvalid	axi_crossbar_inst.axi_crossbar_wr_inst.s_ifaces[I].addr_inst.state_reg[J]	-0.023300	0.112586
mI_axi_bvalid	axi_crossbar_inst.axi_crossbar_wr_inst.s_ifaces[I].addr_inst.m_rc_valid_reg	-0.021300	0.207255
axi_crossbar_inst.axi_crossbar_wr_inst.s_ifaces[I].b_arb_inst.grant_reg[J]	axi_crossbar_inst.axi_crossbar_wr_inst.s_ifaces[I].b_arb_inst.mask_reg[J]	-0.018000	0.034695
sI_axi_awid[J]	axi_crossbar_inst.axi_crossbar_wr_inst.s_ifaces[I].addr_inst.m_axi_avalid_reg	-0.014800	0.199708
axi_crossbar_inst.axi_crossbar_rd_inst.s_ifaces[I].decerr_m_axi_rvalid_reg	axi_crossbar_inst.axi_crossbar_rd_inst.s_ifaces[I].addr_inst.trans_count_reg[J]	-0.014700	0.010460
mI_axi_rvalid	axi_crossbar_inst.axi_crossbar_rd_inst.m_ifaces[I].trans_count_reg[J]	-0.014600	0.129606
axi_crossbar_inst.axi_crossbar_rd_inst.m_ifaces[I].a_arb_inst.grant_encoded_reg[J]	axi_crossbar_inst.axi_crossbar_rd_inst.m_ifaces[I].trans_count_reg[J]	-0.012800	0.052506
axi_crossbar_inst.axi_crossbar_wr_inst.m_ifaces[I].a_arb_inst.grant_encoded_reg[J]	axi_crossbar_inst.axi_crossbar_wr_inst.m_ifaces[I].trans_count_reg[J]	-0.010900	0.059416
axi_crossbar_inst.axi_crossbar_wr_inst.s_ifaces[I].addr_inst.state_reg[J]	axi_crossbar_inst.axi_crossbar_wr_inst.s_ifaces[I].addr_inst.thread_count_reg[J][K]	-0.010600	0.035828
sI_axi_arid[J]	axi_crossbar_inst.axi_crossbar_rd_inst.s_ifaces[I].addr_inst.m_axi_avalid_reg	-0.009900	0.203334
mI_axi_bid[J]	axi_crossbar_inst.axi_crossbar_wr_inst.m_ifaces[I].a_arb_inst.grant_valid_reg	-0.008500	0.147547
axi_crossbar_inst.axi_crossbar_rd_inst.s_ifaces[I].reg_inst.genblkJ.m_axi_rready_reg	axi_crossbar_inst.axi_crossbar_rd_inst.s_ifaces[I].addr_inst.trans_count_reg[J]	-0.008100	-0.081553
axi_crossbar_inst.axi_crossbar_rd_inst.s_ifaces[I].addr_inst.m_select_reg[J]	axi_crossbar_inst.axi_crossbar_rd_inst.m_ifaces[I].trans_count_reg[J]	-0.007100	-0.064788
sI_axi_awid[J]	axi_crossbar_inst.axi_crossbar_wr_inst.s_ifaces[I].addr_inst.m_wc_valid_reg	-0.005300	0.197263
mI_axi_bvalid	axi_crossbar_inst.axi_crossbar_wr_inst.m_ifaces[I].trans_count_reg[J]	-0.004600	0.091113
sI_axi_awid[J]	axi_crossbar_inst.axi_crossbar_wr_inst.s_ifaces[I].addr_inst.m_rc_valid_reg	-0.002700	0.230270
axi_crossbar_inst.axi_crossbar_rd_inst.s_ifaces[I].r_arb_inst.grant_valid_reg	axi_crossbar_inst.axi_crossbar_rd_inst.s_ifaces[I].addr_inst.trans_count_reg[J]	-0.001900	-0.014864
mI_axi_rlast	axi_crossbar_inst.axi_crossbar_rd_inst.m_ifaces[I].trans_count_reg[J]	-0.001800	0.189557
axi_crossbar_inst.axi_crossbar_wr_inst.s_ifaces[I].reg_inst.genblkJ.genblkK.m_axi_bready_reg	axi_crossbar_inst.axi_crossbar_wr_inst.s_ifaces[I].addr_inst.trans_count_reg[J]	-0.000200	-0.007088
sI_axi_arid[J]	axi_crossbar_inst.axi_crossbar_rd_inst.s_ifaces[I].addr_inst.m_rc_valid_reg	0.000800	0.176103
axi_crossbar_inst.axi_crossbar_rd_inst.s_ifaces[I].addr_inst.thread_m_reg[J][K]	axi_crossbar_inst.axi_crossbar_rd_inst.s_ifaces[I].addr_inst.trans_count_reg[J]	0.000800	-0.058644
mI_axi_rid[J]	axi_crossbar_inst.axi_crossbar_rd_inst.m_ifaces[I].a_arb_inst.grant_valid_reg	0.001800	0.173535
sI_axi_wlast	axi_crossbar_inst.axi_crossbar_wr_inst.m_ifaces[I].a_arb_inst.grant_valid_reg	0.002000	0.150946
axi_crossbar_inst.axi_crossbar_rd_inst.s_ifaces[I].addr_inst.state_reg[J]	axi_crossbar_inst.axi_crossbar_rd_inst.s_ifaces[I].addr_inst.thread_count_reg[J][K]	0.002100	0.046837
axi_crossbar_inst.axi_crossbar_rd_inst.m_ifaces[I].a_arb_inst.mask_reg[J]	axi_crossbar_inst.axi_crossbar_rd_inst.m_ifaces[I].a_arb_inst.mask_reg[J]	0.002100	0.004010
sI_axi_wvalid	axi_crossbar_inst.axi_crossbar_wr_inst.m_ifaces[I].a_arb_inst.grant_valid_reg	0.002400	0.139926
mI_axi_bvalid	axi_crossbar_inst.axi_crossbar_wr_inst.s_ifaces[I].addr_inst.m_axi_avalid_reg	0.003900	0.219395
axi_crossbar_inst.axi_crossbar_rd_inst.m_ifaces[I].a_arb_inst.grant_reg[J]	axi_crossbar_inst.axi_crossbar_rd_inst.m_ifaces[I].a_arb_inst.mask_reg[J]	0.004400	0.011552
axi_crossbar_inst.axi_crossbar_wr_inst.m_ifaces[I].a_arb_inst.mask_reg[J]	axi_crossbar_inst.axi_crossbar_wr_inst.m_ifaces[I].a_arb_inst.mask_reg[J]	0.004400	0.012680
axi_crossbar_inst.axi_crossbar_wr_inst.s_ifaces[I].addr_inst.trans_count_reg[J]	axi_crossbar_inst.axi_crossbar_wr_inst.s_ifaces[I].addr_inst.thread_count_reg[J][K]	0.005400	0.068795
sI_axi_araddr[J]	axi_crossbar_inst.axi_crossbar_rd_inst.s_ifaces[I].addr_inst.thread_m_reg[J][K]	0.007700	0.262460
sI_axi_awaddr[J]	axi_crossbar_inst.axi_crossbar_wr_inst.s_ifaces[I].addr_inst.thread_m_reg[J][K]	0.007700	0.276510
sI_axi_wvalid	axi_crossbar_inst.axi_crossbar_wr_inst.m_ifaces[I].reg_inst.genblkJ.s_axi_wready_reg	0.008800	0.188162
axi_crossbar_inst.axi_crossbar_rd_inst.s_ifaces[I].reg_inst.genblkJ.m_axi_rready_reg	axi_crossbar_inst.axi_crossbar_rd_inst.m_ifaces[I].trans_count_reg[J]	0.012400	-0.083798
axi_crossbar_inst.axi_crossbar_wr_inst.m_ifaces[I].a_arb_inst.grant_reg[J]	axi_crossbar_inst.axi_crossbar_wr_inst.m_ifaces[I].a_arb_inst.mask_reg[J]	0.012600	0.026512
sI_axi_arid[J]	axi_crossbar_inst.axi_crossbar_rd_inst.s_ifaces[I].addr_inst.state_reg[J]	0.016400	0.213729
axi_crossbar_inst.axi_crossbar_rd_inst.s_ifaces[I].addr_inst.m_axi_avalid_reg	axi_crossbar_inst.axi_crossbar_rd_inst.m_ifaces[I].trans_count_reg[J]	0.016600	-0.003671
axi_crossbar_inst.axi_crossbar_rd_inst.s_ifaces[I].r_arb_inst.grant_valid_reg	axi_crossbar_inst.axi_crossbar_rd_inst.m_ifaces[I].trans_count_reg[J]	0.016600	-0.055243
axi_crossbar_inst.axi_crossbar_wr_inst.s_ifaces[I].addr_inst.m_select_reg[J]	axi_crossbar_inst.axi_crossbar_wr_inst.m_ifaces[I].trans_count_reg[J]	0.017900	-0.059639
axi_crossbar_inst.axi_crossbar_rd_inst.s_ifaces[I].addr_inst.trans_count_reg[J]	axi_crossbar_inst.axi_crossbar_rd_inst.s_ifaces[I].addr_inst.thread_count_reg[J][K]	0.018700	0.066598
sI_axi_wvalid	axi_crossbar_inst.axi_crossbar_wr_inst.m_ifaces[I].reg_inst.genblkJ.temp_m_axi_wvalid_reg	0.021100	0.169568
mI_axi_rvalid	axi_crossbar_inst.axi_crossbar_rd_inst.s_ifaces[I].reg_inst.genblkJ.temp_s_axi_rvalid_reg	0.021500	0.184520
axi_crossbar_inst.axi_crossbar_wr_inst.s_ifaces[I].reg_inst.genblkJ.genblkK.m_axi_bready_reg	axi_crossbar_inst.axi_crossbar_wr_inst.m_ifaces[I].trans_count_reg[J]	0.021800	-0.085087
axi_crossbar_inst.axi_crossbar_rd_inst.s_ifaces[I].decerr_m_axi_rlast_reg	axi_crossbar_inst.axi_crossbar_rd_inst.s_ifaces[I].addr_inst.trans_count_reg[J]	0.022500	-0.017845
sI_axi_wvalid	axi_crossbar_inst.axi_crossbar_wr_inst.m_ifaces[I].reg_inst.genblkJ.m_axi_wvalid_reg	0.022600	0.169736
axi_crossbar_inst.axi_crossbar_wr_inst.s_ifaces[I].b_arb_inst.grant_encoded_reg[J]	axi_crossbar_inst.axi_crossbar_wr_inst.m_ifaces[I].trans_count_reg[J]	0.024800	-0.104141
mI_axi_bvalid	axi_crossbar_inst.axi_crossbar_wr_inst.s_ifaces[I].reg_inst.genblkJ.genblkK.m_axi_bready_reg	0.028100	0.209124
axi_crossbar_inst.axi_crossbar_wr_inst.s_ifaces[I].addr_inst.m_axi_avalid_reg	axi_crossbar_inst.axi_crossbar_wr_inst.m_ifaces[I].trans_count_reg[J]	0.030600	-0.012511
axi_crossbar_inst.axi_crossbar_rd_inst.s_ifaces[I].r_arb_inst.grant_encoded_reg[J]	axi_crossbar_inst.axi_crossbar_rd_inst.m_ifaces[I].trans_count_reg[J]	0.033000	-0.098658
mI_axi_bvalid	axi_crossbar_inst.axi_crossbar_wr_inst.m_ifaces[I].a_arb_inst.grant_reg[J]	0.036300	0.141075
axi_crossbar_inst.axi_crossbar_wr_inst.s_ifaces[I].b_arb_inst.grant_valid_reg	axi_crossbar_inst.axi_crossbar_wr_inst.m_ifaces[I].trans_count_reg[J]	0.036400	-0.082972
mI_axi_rid[J]	axi_crossbar_inst.axi_crossbar_rd_inst.s_ifaces[I].reg_inst.genblkJ.s_axi_rid_reg[K]	0.037100	0.223068
axi_crossbar_inst.axi_crossbar_rd_inst.s_ifaces[I].r_arb_inst.grant_encoded_reg[J]	axi_crossbar_inst.axi_crossbar_rd_inst.s_ifaces[I].addr_inst.thread_id_reg[J][K]	0.038500	-0.127874
axi_crossbar_inst.axi_crossbar_rd_inst.s_ifaces[I].r_arb_inst.grant_encoded_reg[J]	axi_crossbar_inst.axi_crossbar_rd_inst.s_ifaces[I].addr_inst.thread_m_reg[J][K]	0.038500	-0.128090
axi_crossbar_inst.axi_crossbar_wr_inst.s_ifaces[I].b_arb_inst.grant_valid_reg	axi_crossbar_inst.axi_crossbar_wr_inst.s_ifaces[I].addr_inst.trans_count_reg[J]	0.039800	-0.005996
mI_axi_bvalid	axi_crossbar_inst.axi_crossbar_wr_inst.s_ifaces[I].reg_inst.genblkJ.genblkK.s_axi_bvalid_reg	0.040300	0.210340
mI_axi_rlast	axi_crossbar_inst.axi_crossbar_rd_inst.s_ifaces[I].reg_inst.genblkJ.s_axi_rlast_reg	0.041500	0.224748
axi_crossbar_inst.axi_crossbar_rd_inst.s_ifaces[I].r_arb_inst.grant_reg[J]	axi_crossbar_inst.axi_crossbar_rd_inst.s_ifaces[I].r_arb_inst.mask_reg[J]	0.041700	0.063419
axi_crossbar_inst.axi_crossbar_wr_inst.s_ifaces[I].w_select_valid_reg	axi_crossbar_inst.axi_crossbar_wr_inst.m_ifaces[I].a_arb_inst.grant_reg[J]	0.041700	-0.021694
axi_crossbar_inst.axi_crossbar_wr_inst.m_ifaces[I].reg_inst.genblkJ.s_axi_wready_reg	sI_axi_wready	0.041800	-0.278986
axi_crossbar_inst.axi_crossbar_wr_inst.m_ifaces[I].w_select_valid_reg	axi_crossbar_inst.axi_crossbar_wr_inst.m_ifaces[I].a_arb_inst.mask_reg[J]	0.043200	0.066601
axi_crossbar_inst.axi_crossbar_wr_inst.m_ifaces[I].a_arb_inst.grant_valid_reg	axi_crossbar_inst.axi_crossbar_wr_inst.m_ifaces[I].a_arb_inst.mask_reg[J]	0.046400	0.077490
axi_crossbar_inst.axi_crossbar_wr_inst.s_ifaces[I].reg_inst.genblkJ.genblkK.m_axi_bready_reg	axi_crossbar_inst.axi_crossbar_wr_inst.m_ifaces[I].a_arb_inst.grant_reg[J]	0.048000	-0.060078
axi_crossbar_inst.axi_crossbar_wr_inst.s_ifaces[I].w_select_reg[J]	axi_crossbar_inst.axi_crossbar_wr_inst.m_ifaces[I].a_arb_inst.grant_reg[J]	0.048100	-0.051811
axi_crossbar_inst.axi_crossbar_wr_inst.s_ifaces[I].b_arb_inst.grant_encoded_reg[J]	axi_crossbar_inst.axi_crossbar_wr_inst.s_ifaces[I].addr_inst.thread_id_reg[J][K]	0.049100	-0.069634
axi_crossbar_inst.axi_crossbar_wr_inst.s_ifaces[I].b_arb_inst.grant_encoded_reg[J]	axi_crossbar_inst.axi_crossbar_wr_inst.s_ifaces[I].addr_inst.thread_m_reg[J][K]	0.049100	-0.071265
mI_axi_rvalid	axi_crossbar_inst.axi_crossbar_rd_inst.s_ifaces[I].reg_inst.genblkJ.m_axi_rready_reg	0.049200	0.257585
axi_crossbar_inst.axi_crossbar_rd_inst.s_ifaces[I].r_arb_inst.grant_encoded_reg[J]	mI_axi_rready	0.049900	-0.294305
axi_crossbar_inst.axi_crossbar_wr_inst.s_ifaces[I].addr_inst.trans_count_reg[J]	axi_crossbar_inst.axi_crossbar_wr_inst.s_ifaces[I].addr_inst.trans_count_reg[J]	0.049900	0.067490
mI_axi_rvalid	axi_crossbar_inst.axi_crossbar_rd_inst.s_ifaces[I].reg_inst.genblkJ.s_axi_rvalid_reg	0.050800	0.197287
axi_crossbar_inst.axi_crossbar_wr_inst.s_ifaces[I].b_arb_inst.grant_encoded_reg[J]	axi_crossbar_inst.axi_crossbar_wr_inst.m_ifaces[I].a_arb_inst.grant_reg[J]	0.051100	-0.081541
axi_crossbar_inst.axi_crossbar_wr_inst.s_ifaces[I].w_select_reg[J]	sI_axi_wready	0.052100	-0.274275
axi_crossbar_inst.axi_crossbar_rd_inst.s_ifaces[I].reg_inst.genblkJ.m_axi_rready_reg	mI_axi_rready	0.052800	-0.298591
sI_axi_wvalid	axi_crossbar_inst.axi_crossbar_wr_inst.m_ifaces[I].w_select_valid_reg	0.053000	0.217385
axi_crossbar_inst.axi_crossbar_rd_inst.s_ifaces[I].r_arb_inst.mask_reg[J]	axi_crossbar_inst.axi_crossbar_rd_inst.s_ifaces[I].r_arb_inst.mask_reg[J]	0.053700	0.060479
mI_axi_rvalid	axi_crossbar_inst.axi_crossbar_rd_inst.m_ifaces[I].a_arb_inst.grant_reg[J]	0.054600	0.173598
axi_crossbar_inst.axi_crossbar_wr_inst.s_ifaces[I].b_arb_inst.grant_encoded_reg[J]	mI_axi_bready	0.056000	-0.317503
mI_axi_bvalid	axi_crossbar_inst.axi_crossbar_wr_inst.m_ifaces[I].a_arb_inst.grant_encoded_reg[J]	0.059200	0.156690
axi_crossbar_inst.axi_crossbar_wr_inst.s_ifaces[I].reg_inst.genblkJ.genblkK.m_axi_bready_reg	mI_axi_bready	0.059900	-0.291854
axi_crossbar_inst.axi_crossbar_wr_inst.s_ifaces[I].addr_inst.thread_id_reg[J][K]	axi_crossbar_inst.axi_crossbar_wr_inst.s_ifaces[I].addr_inst.thread_id_reg[J][K]	0.060500	-0.012322
axi_crossbar_inst.axi_crossbar_wr_inst.s_ifaces[I].addr_inst.thread_id_reg[J][K]	axi_crossbar_inst.axi_crossbar_wr_inst.s_ifaces[I].addr_inst.thread_m_reg[J][K]	0.060500	-0.013953
mI_axi_rresp[J]	axi_crossbar_inst.axi_crossbar_rd_inst.s_ifaces[I].reg_inst.genblkJ.s_axi_rresp_reg[K]	0.060600	0.300951
axi_crossbar_inst.axi_crossbar_wr_inst.s_ifaces[I].b_arb_inst.grant_valid_reg	axi_crossbar_inst.axi_crossbar_wr_inst.m_ifaces[I].a_arb_inst.grant_reg[J]	0.062600	-0.057964
mI_axi_rlast	axi_crossbar_inst.axi_crossbar_rd_inst.m_ifaces[I].a_arb_inst.grant_reg[J]	0.063100	0.256370
axi_crossbar_inst.axi_crossbar_wr_inst.s_ifaces[I].addr_inst.state_reg[J]	axi_crossbar_inst.axi_crossbar_wr_inst.s_ifaces[I].addr_inst.trans_count_reg[J]	0.063600	0.059051
sI_axi_wlast	axi_crossbar_inst.axi_crossbar_wr_inst.m_ifaces[I].w_select_valid_reg	0.064000	0.231343
sI_axi_araddr[J]	axi_crossbar_inst.axi_crossbar_rd_inst.s_ifaces[I].addr_inst.m_select_reg[J]	0.064000	0.303697
sI_axi_awaddr[J]	axi_crossbar_inst.axi_crossbar_wr_inst.s_ifaces[I].addr_inst.m_select_reg[J]	0.064000	0.312510
axi_crossbar_inst.axi_crossbar_wr_inst.m_ifaces[I].w_select_valid_reg	sI_axi_wready	0.064200	-0.283136
axi_crossbar_inst.axi_crossbar_rd_inst.s_ifaces[I].addr_inst.thread_count_reg[J][K]	axi_crossbar_inst.axi_crossbar_rd_inst.s_ifaces[I].addr_inst.thread_id_reg[J][K]	0.066400	-0.023858
axi_crossbar_inst.axi_crossbar_rd_inst.s_ifaces[I].addr_inst.thread_count_reg[J][K]	axi_crossbar_inst.axi_crossbar_rd_inst.s_ifaces[I].addr_inst.thread_m_reg[J][K]	0.066400	-0.033109
axi_crossbar_inst.axi_crossbar_rd_inst.s_ifaces[I].r_arb_inst.grant_encoded_reg[J]	axi_crossbar_inst.axi_crossbar_rd_inst.m_ifaces[I].a_arb_inst.grant_reg[J]	0.067000	-0.034581
axi_crossbar_inst.axi_crossbar_rd_inst.s_ifaces[I].r_arb_inst.grant_encoded_reg[J]	axi_crossbar_inst.axi_crossbar_rd_inst.s_ifaces[I].r_arb_inst.mask_reg[J]	0.067200	-0.110027
mI_axi_rid[J]	axi_crossbar_inst.axi_crossbar_rd_inst.s_ifaces[I].reg_inst.genblkJ.temp_s_axi_rid_reg[K]	0.067800	0.265343
axi_crossbar_inst.axi_crossbar_wr_inst.s_ifaces[I].w_drop_reg	axi_crossbar_inst.axi_crossbar_wr_inst.m_ifaces[I].a_arb_inst.grant_reg[J]	0.069400	0.000755
axi_crossbar_inst.axi_crossbar_rd_inst.s_ifaces[I].reg_inst.genblkJ.m_axi_rready_reg	axi_crossbar_inst.axi_crossbar_rd_inst.m_ifaces[I].a_arb_inst.grant_reg[J]	0.069900	-0.046077
axi_crossbar_inst.axi_crossbar_wr_inst.s_ifaces[I].addr_inst.m_select_reg[J]	axi_crossbar_inst.axi_crossbar_wr_inst.m_ifaces[I].a_arb_inst.grant_reg[J]	0.070300	-0.053779
axi_crossbar_inst.axi_crossbar_rd_inst.s_ifaces[I].addr_inst.m_select_reg[J]	axi_crossbar_inst.axi_crossbar_rd_inst.m_ifaces[I].a_arb_inst.grant_reg[J]	0.070900	-0.015152
axi_crossbar_inst.axi_crossbar_rd_inst.s_ifaces[I].r_arb_inst.grant_valid_reg	mI_axi_rready	0.071200	-0.289500
axi_crossbar_inst.axi_crossbar_wr_inst.m_ifaces[I].w_select_reg[J]	axi_crossbar_inst.axi_crossbar_wr_inst.m_ifaces[I].a_arb_inst.grant_reg[J]	0.071500	-0.035689
axi_crossbar_inst.axi_crossbar_wr_inst.s_ifaces[I].addr_inst.m_axi_avalid_reg	axi_crossbar_inst.axi_crossbar_wr_inst.m_ifaces[I].a_arb_inst.grant_reg[J]	0.071800	0.004583
mI_axi_rvalid	axi_crossbar_inst.axi_crossbar_rd_inst.m_ifaces[I].a_arb_inst.grant_encoded_reg[J]	0.072200	0.184431
axi_crossbar_inst.axi_crossbar_wr_inst.m_ifaces[I].w_select_new_reg	axi_crossbar_inst.axi_crossbar_wr_inst.m_ifaces[I].a_arb_inst.mask_reg[J]	0.072700	0.086463
axi_crossbar_inst.axi_crossbar_wr_inst.s_ifaces[I].addr_inst.thread_count_reg[J][K]	axi_crossbar_inst.axi_crossbar_wr_inst.s_ifaces[I].addr_inst.thread_id_reg[J][K]	0.073200	-0.029189
axi_crossbar_inst.axi_crossbar_wr_inst.s_ifaces[I].addr_inst.thread_count_reg[J][K]	axi_crossbar_inst.axi_crossbar_wr_inst.s_ifaces[I].addr_inst.thread_m_reg[J][K]	0.073200	-0.034463
axi_crossbar_inst.axi_crossbar_wr_inst.s_ifaces[I].b_arb_inst.grant_valid_reg	mI_axi_bready	0.074500	-0.290566
axi_crossbar_inst.axi_crossbar_rd_inst.s_ifaces[I].addr_inst.state_reg[J]	axi_crossbar_inst.axi_crossbar_rd_inst.s_ifaces[I].addr_inst.trans_count_reg[J]	0.075100	0.059587
rst	axi_crossbar_inst.axi_crossbar_wr_inst.s_ifaces[I].b_arb_inst.mask_reg[J]	0.075600	0.371116
rst	axi_crossbar_inst.axi_crossbar_rd_inst.s_ifaces[I].r_arb_inst.mask_reg[J]	0.075900	0.345961
axi_crossbar_inst.axi_crossbar_rd_inst.s_ifaces[I].addr_inst.m_axi_avalid_reg	axi_crossbar_inst.axi_crossbar_rd_inst.m_ifaces[I].a_arb_inst.grant_reg[J]	0.077300	0.022191
axi_crossbar_inst.axi_crossbar_rd_inst.s_ifaces[I].addr_inst.trans_count_reg[J]	axi_crossbar_inst.axi_crossbar_rd_inst.s_ifaces[I].addr_inst.trans_count_reg[J]	0.078700	0.073274
sI_axi_wlast	axi_crossbar_inst.axi_crossbar_wr_inst.m_ifaces[I].reg_inst.genblkJ.m_axi_wlast_reg	0.078800	0.259883
sI_axi_wdata[J]	axi_crossbar_inst.axi_crossbar_wr_inst.m_ifaces[I].reg_inst.genblkJ.m_axi_wdata_reg[K]	0.080800	0.290841
sI_axi_wstrb[J]	axi_crossbar_inst.axi_crossbar_wr_inst.m_ifaces[I].reg_inst.genblkJ.m_axi_wstrb_reg[K]	0.081100	0.319123
axi_crossbar_inst.axi_crossbar_wr_inst.s_ifaces[I].b_arb_inst.grant_encoded_reg[J]	axi_crossbar_inst.axi_crossbar_wr_inst.m_ifaces[I].a_arb_inst.grant_encoded_reg[J]	0.082300	-0.074413
axi_crossbar_inst.axi_crossbar_rd_inst.s_ifaces[I].r_arb_inst.grant_encoded_reg[J]	axi_crossbar_inst.axi_crossbar_rd_inst.s_ifaces[I].reg_inst.genblkJ.temp_s_axi_rdata_reg[K]	0.083000	-0.133964
axi_crossbar_inst.axi_crossbar_rd_inst.s_ifaces[I].r_arb_inst.grant_encoded_reg[J]	axi_crossbar_inst.axi_crossbar_rd_inst.s_ifaces[I].r_arb_inst.grant_reg[J]	0.083800	-0.075131
axi_crossbar_inst.axi_crossbar_wr_inst.m_ifaces[I].w_select_reg[J]	axi_crossbar_inst.axi_crossbar_wr_inst.m_ifaces[I].reg_inst.genblkJ.m_axi_wdata_reg[K]	0.083900	-0.083891
axi_crossbar_inst.axi_crossbar_wr_inst.m_ifaces[I].w_select_reg[J]	axi_crossbar_inst.axi_crossbar_wr_inst.m_ifaces[I].reg_inst.genblkJ.m_axi_wstrb_reg[K]	0.083900	-0.045198
sI_axi_arid[J]	axi_crossbar_inst.axi_crossbar_rd_inst.m_ifaces[I].reg_inst.genblkJ.genblkK.m_axi_arid_reg[L]	0.084000	0.304039
sI_axi_awid[J]	axi_crossbar_inst.axi_crossbar_wr_inst.m_ifaces[I].reg_inst.genblkJ.genblkK.m_axi_awid_reg[L]	0.084100	0.287174
mI_axi_rlast	axi_crossbar_inst.axi_crossbar_rd_inst.s_ifaces[I].reg_inst.genblkJ.temp_s_axi_rlast_reg	0.085000	0.267432
axi_crossbar_inst.axi_crossbar_rd_inst.s_ifaces[I].r_arb_inst.grant_encoded_reg[J]	axi_crossbar_inst.axi_crossbar_rd_inst.s_ifaces[I].r_arb_inst.grant_encoded_reg[J]	0.085500	-0.074850
axi_crossbar_inst.axi_crossbar_rd_inst.s_ifaces[I].r_arb_inst.grant_encoded_reg[J]	axi_crossbar_inst.axi_crossbar_rd_inst.s_ifaces[I].reg_inst.genblkJ.s_axi_rresp_reg[K]	0.086800	-0.025640
axi_crossbar_inst.axi_crossbar_rd_inst.s_ifaces[I].r_arb_inst.grant_encoded_reg[J]	axi_crossbar_inst.axi_crossbar_rd_inst.s_ifaces[I].reg_inst.genblkJ.s_axi_rid_reg[K]	0.086900	0.022346
axi_crossbar_inst.axi_crossbar_rd_inst.s_ifaces[I].r_arb_inst.grant_valid_reg	axi_crossbar_inst.axi_crossbar_rd_inst.m_ifaces[I].a_arb_inst.grant_reg[J]	0.088300	-0.017522
axi_crossbar_inst.axi_crossbar_wr_inst.s_ifaces[I].w_select_reg[J]	axi_crossbar_inst.axi_crossbar_wr_inst.m_ifaces[I].a_arb_inst.grant_encoded_reg[J]	0.089000	-0.044683
mI_axi_bid[J]	axi_crossbar_inst.axi_crossbar_wr_inst.s_ifaces[I].reg_inst.genblkJ.genblkK.s_axi_bid_reg[L]	0.089300	0.293116
axi_crossbar_inst.axi_crossbar_wr_inst.s_ifaces[I].addr_inst.m_select_reg[J]	axi_crossbar_inst.axi_crossbar_wr_inst.s_ifaces[I].addr_inst.thread_id_reg[J][K]	0.089500	0.066127
axi_crossbar_inst.axi_crossbar_wr_inst.s_ifaces[I].addr_inst.m_select_reg[J]	axi_crossbar_inst.axi_crossbar_wr_inst.s_ifaces[I].addr_inst.thread_m_reg[J][K]	0.089500	0.060853
rst	axi_crossbar_inst.axi_crossbar_wr_inst.m_ifaces[I].w_select_valid_reg	0.089700	0.384253
rst	axi_crossbar_inst.axi_crossbar_wr_inst.m_ifaces[I].a_arb_inst.mask_reg[J]	0.089700	0.340522
rst	axi_crossbar_inst.axi_crossbar_wr_inst.s_ifaces[I].w_select_valid_reg	0.089700	0.379813
rst	axi_crossbar_inst.axi_crossbar_wr_inst.s_ifaces[I].reg_inst.genblkJ.genblkK.s_axi_bvalid_reg	0.089700	0.404579
mI_axi_rlast	axi_crossbar_inst.axi_crossbar_rd_inst.m_ifaces[I].a_arb_inst.grant_encoded_reg[J]	0.090400	0.260769
rst	axi_crossbar_inst.axi_crossbar_rd_inst.m_ifaces[I].a_arb_inst.grant_encoded_reg[J]	0.093700	0.381561
rst	axi_crossbar_inst.axi_crossbar_rd_inst.m_ifaces[I].a_arb_inst.grant_reg[J]	0.093700	0.358638
rst	axi_crossbar_inst.axi_crossbar_rd_inst.m_ifaces[I].a_arb_inst.mask_reg[J]	0.093700	0.359377
rst	axi_crossbar_inst.axi_crossbar_rd_inst.s_ifaces[I].r_arb_inst.grant_reg[J]	0.093700	0.368757
rst	axi_crossbar_inst.axi_crossbar_wr_inst.s_ifaces[I].b_arb_inst.grant_reg[J]	0.093700	0.422556
rst	axi_crossbar_inst.axi_crossbar_wr_inst.s_ifaces[I].b_arb_inst.grant_encoded_reg[J]	0.093700	0.397479
axi_crossbar_inst.axi_crossbar_rd_inst.s_ifaces[I].addr_inst.m_select_reg[J]	axi_crossbar_inst.axi_crossbar_rd_inst.m_ifaces[I].a_arb_inst.grant_encoded_reg[J]	0.094500	-0.007149
rst	axi_crossbar_inst.axi_crossbar_rd_inst.s_ifaces[I].addr_inst.thread_count_reg[J][K]	0.094600	0.377416
rst	axi_crossbar_inst.axi_crossbar_wr_inst.m_ifaces[I].a_arb_inst.grant_reg[J]	0.094600	0.348324
axi_crossbar_inst.axi_crossbar_rd_inst.s_ifaces[I].decerr_m_axi_rvalid_reg	axi_crossbar_inst.axi_crossbar_rd_inst.s_ifaces[I].r_arb_inst.mask_reg[J]	0.094700	0.006918
axi_crossbar_inst.axi_crossbar_wr_inst.s_ifaces[I].w_select_valid_reg	axi_crossbar_inst.axi_crossbar_wr_inst.m_ifaces[I].a_arb_inst.grant_encoded_reg[J]	0.094800	-0.014566
rst	axi_crossbar_inst.axi_crossbar_rd_inst.s_ifaces[I].addr_inst.s_axi_aready_reg	0.095000	0.333053
axi_crossbar_inst.axi_crossbar_rd_inst.s_ifaces[I].addr_inst.m_axi_avalid_reg	axi_crossbar_inst.axi_crossbar_rd_inst.m_ifaces[I].a_arb_inst.grant_encoded_reg[J]	0.095700	0.033080
rst	axi_crossbar_inst.axi_crossbar_wr_inst.m_ifaces[I].w_select_new_reg	0.096400	0.383119
rst	axi_crossbar_inst.axi_crossbar_rd_inst.s_ifaces[I].r_arb_inst.grant_encoded_reg[J]	0.097300	0.390874
axi_crossbar_inst.axi_crossbar_rd_inst.s_ifaces[I].addr_inst.m_decerr_reg	axi_crossbar_inst.axi_crossbar_rd_inst.s_ifaces[I].addr_inst.thread_count_reg[J][K]	0.097400	0.113135
rst	axi_crossbar_inst.axi_crossbar_rd_inst.s_ifaces[I].r_arb_inst.grant_valid_reg	0.097600	0.408021
axi_crossbar_inst.axi_crossbar_rd_inst.s_ifaces[I].r_arb_inst.grant_encoded_reg[J]	axi_crossbar_inst.axi_crossbar_rd_inst.s_ifaces[I].addr_inst.m_axi_avalid_reg	0.098500	-0.019871
axi_crossbar_inst.axi_crossbar_wr_inst.s_ifaces[I].addr_inst.m_select_reg[J]	axi_crossbar_inst.axi_crossbar_wr_inst.m_ifaces[I].a_arb_inst.grant_encoded_reg[J]	0.099100	-0.038006
sI_axi_rready	axi_crossbar_inst.axi_crossbar_rd_inst.s_ifaces[I].reg_inst.genblkJ.temp_s_axi_rdata_reg[K]	0.099600	0.379122
sI_axi_rready	axi_crossbar_inst.axi_crossbar_rd_inst.s_ifaces[I].reg_inst.genblkJ.temp_s_axi_rid_reg[K]	0.099600	0.377387
rst	axi_crossbar_inst.axi_crossbar_wr_inst.m_ifaces[I].a_arb_inst.grant_encoded_reg[J]	0.099700	0.380046
rst	axi_crossbar_inst.axi_crossbar_wr_inst.s_ifaces[I].addr_inst.m_rc_valid_reg	0.099700	0.403155
rst	axi_crossbar_inst.axi_crossbar_wr_inst.s_ifaces[I].addr_inst.m_wc_valid_reg	0.099700	0.404898
rst	axi_crossbar_inst.axi_crossbar_rd_inst.m_ifaces[I].trans_count_reg[J]	0.100700	0.393055
rst	axi_crossbar_inst.axi_crossbar_rd_inst.s_ifaces[I].addr_inst.m_rc_valid_reg	0.100700	0.406102
rst	axi_crossbar_inst.axi_crossbar_rd_inst.s_ifaces[I].addr_inst.trans_count_reg[J]	0.100700	0.383066
rst	axi_crossbar_inst.axi_crossbar_rd_inst.s_ifaces[I].reg_inst.genblkJ.m_axi_rready_reg	0.100700	0.372813
rst	axi_crossbar_inst.axi_crossbar_wr_inst.m_ifaces[I].reg_inst.genblkJ.s_axi_wready_reg	0.100700	0.368810
rst	axi_crossbar_inst.axi_crossbar_wr_inst.m_ifaces[I].reg_inst.genblkJ.temp_m_axi_wvalid_reg	0.100700	0.370316
rst	axi_crossbar_inst.axi_crossbar_wr_inst.m_ifaces[I].a_arb_inst.grant_valid_reg	0.100700	0.389028
rst	axi_crossbar_inst.axi_crossbar_wr_inst.m_ifaces[I].reg_inst.genblkJ.genblkK.m_axi_awvalid_reg	0.100700	0.379199
rst	axi_crossbar_inst.axi_crossbar_wr_inst.m_ifaces[I].reg_inst.genblkJ.genblkK.s_axi_awready_reg	0.100700	0.378987
rst	axi_crossbar_inst.axi_crossbar_wr_inst.s_ifaces[I].addr_inst.thread_count_reg[J][K]	0.100700	0.400891
rst	axi_crossbar_inst.axi_crossbar_wr_inst.s_ifaces[I].addr_inst.trans_count_reg[J]	0.100700	0.407716
rst	axi_crossbar_inst.axi_crossbar_wr_inst.s_ifaces[I].decerr_m_axi_bvalid_reg	0.100700	0.400368
axi_crossbar_inst.axi_crossbar_wr_inst.s_ifaces[I].addr_inst.m_axi_avalid_reg	axi_crossbar_inst.axi_crossbar_wr_inst.m_ifaces[I].a_arb_inst.grant_encoded_reg[J]	0.101500	0.025893
axi_crossbar_inst.axi_crossbar_wr_inst.m_ifaces[I].w_select_reg[J]	axi_crossbar_inst.axi_crossbar_wr_inst.m_ifaces[I].reg_inst.genblkJ.temp_m_axi_wdata_reg[K]	0.101700	-0.047106
axi_crossbar_inst.axi_crossbar_wr_inst.m_ifaces[I].w_select_reg[J]	axi_crossbar_inst.axi_crossbar_wr_inst.m_ifaces[I].reg_inst.genblkJ.temp_m_axi_wstrb_reg[K]	0.101700	-0.023776
rst	axi_crossbar_inst.axi_crossbar_wr_inst.s_ifaces[I].b_arb_inst.grant_valid_reg	0.101900	0.426340
axi_crossbar_inst.axi_crossbar_wr_inst.s_ifaces[I].b_arb_inst.grant_encoded_reg[J]	axi_crossbar_inst.axi_crossbar_wr_inst.s_ifaces[I].reg_inst.genblkJ.genblkK.s_axi_bresp_reg[L]	0.102500	0.155639
rst	axi_crossbar_inst.axi_crossbar_rd_inst.m_ifaces[I].reg_inst.genblkJ.genblkK.s_axi_arready_reg	0.102500	0.383789
axi_crossbar_inst.axi_crossbar_wr_inst.m_ifaces[I].w_select_reg[J]	axi_crossbar_inst.axi_crossbar_wr_inst.m_ifaces[I].a_arb_inst.grant_encoded_reg[J]	0.102800	-0.037539
axi_crossbar_inst.axi_crossbar_rd_inst.s_ifaces[I].r_arb_inst.grant_encoded_reg[J]	axi_crossbar_inst.axi_crossbar_rd_inst.s_ifaces[I].r_arb_inst.grant_valid_reg	0.102900	-0.055116
axi_crossbar_inst.axi_crossbar_rd_inst.s_ifaces[I].r_arb_inst.grant_encoded_reg[J]	axi_crossbar_inst.axi_crossbar_rd_inst.s_ifaces[I].reg_inst.genblkJ.s_axi_rdata_reg[K]	0.103000	-0.130520
rst	axi_crossbar_inst.axi_crossbar_rd_inst.s_ifaces[I].addr_inst.state_reg[J]	0.103500	0.379251
rst	axi_crossbar_inst.axi_crossbar_rd_inst.m_ifaces[I].a_arb_inst.grant_valid_reg	0.103500	0.384427
rst	axi_crossbar_inst.axi_crossbar_rd_inst.m_ifaces[I].reg_inst.genblkJ.genblkK.m_axi_arvalid_reg	0.103500	0.382823
rst	axi_crossbar_inst.axi_crossbar_rd_inst.s_ifaces[I].reg_inst.genblkJ.temp_s_axi_rvalid_reg	0.103500	0.381164
axi_crossbar_inst.axi_crossbar_rd_inst.s_ifaces[I].r_arb_inst.grant_encoded_reg[J]	axi_crossbar_inst.axi_crossbar_rd_inst.s_ifaces[I].addr_inst.m_rc_valid_reg	0.103500	-0.039215
axi_crossbar_inst.axi_crossbar_wr_inst.s_ifaces[I].addr_inst.m_decerr_reg	axi_crossbar_inst.axi_crossbar_wr_inst.s_ifaces[I].addr_inst.thread_count_reg[J][K]	0.104700	0.156450
axi_crossbar_inst.axi_crossbar_wr_inst.m_ifaces[I].trans_count_reg[J]	axi_crossbar_inst.axi_crossbar_wr_inst.m_ifaces[I].a_arb_inst.mask_reg[J]	0.105600	0.181527
sI_axi_wlast	axi_crossbar_inst.axi_crossbar_wr_inst.m_ifaces[I].reg_inst.genblkJ.temp_m_axi_wlast_reg	0.106500	0.295357
rst	axi_crossbar_inst.axi_crossbar_wr_inst.m_ifaces[I].trans_count_reg[J]	0.107400	0.391274
axi_crossbar_inst.axi_crossbar_rd_inst.s_ifaces[I].addr_inst.m_select_reg[J]	axi_crossbar_inst.axi_crossbar_rd_inst.s_ifaces[I].addr_inst.thread_id_reg[J][K]	0.107800	0.062178
axi_crossbar_inst.axi_crossbar_rd_inst.s_ifaces[I].addr_inst.m_select_reg[J]	axi_crossbar_inst.axi_crossbar_rd_inst.s_ifaces[I].addr_inst.thread_m_reg[J][K]	0.107800	0.056370
mI_axi_rresp[J]	axi_crossbar_inst.axi_crossbar_rd_inst.s_ifaces[I].reg_inst.genblkJ.temp_s_axi_rresp_reg[K]	0.108100	0.331309
sI_axi_araddr[J]	axi_crossbar_inst.axi_crossbar_rd_inst.s_ifaces[I].addr_inst.m_decerr_reg	0.109200	0.337179
sI_axi_awaddr[J]	axi_crossbar_inst.axi_crossbar_wr_inst.s_ifaces[I].addr_inst.m_decerr_reg	0.109200	0.365157
axi_crossbar_inst.axi_crossbar_wr_inst.s_ifaces[I].reg_inst.genblkJ.genblkK.m_axi_bready_reg	axi_crossbar_inst.axi_crossbar_wr_inst.m_ifaces[I].a_arb_inst.grant_encoded_reg[J]	0.110100	-0.052950
axi_crossbar_inst.axi_crossbar_rd_inst.s_ifaces[I].addr_inst.thread_id_reg[J][K]	axi_crossbar_inst.axi_crossbar_rd_inst.s_ifaces[I].addr_inst.thread_id_reg[J][K]	0.110300	0.015429
axi_crossbar_inst.axi_crossbar_rd_inst.s_ifaces[I].addr_inst.thread_id_reg[J][K]	axi_crossbar_inst.axi_crossbar_rd_inst.s_ifaces[I].addr_inst.thread_m_reg[J][K]	0.110300	0.018367
rst	axi_crossbar_inst.axi_crossbar_wr_inst.s_ifaces[I].reg_inst.genblkJ.genblkK.m_axi_bready_reg	0.112500	0.419408
rst	axi_crossbar_inst.axi_crossbar_rd_inst.s_ifaces[I].decerr_m_axi_rvalid_reg	0.112900	0.413337
rst	axi_crossbar_inst.axi_crossbar_wr_inst.s_ifaces[I].addr_inst.s_axi_aready_reg	0.112900	0.396568
sI_axi_arlen[J]	axi_crossbar_inst.axi_crossbar_rd_inst.m_ifaces[I].reg_inst.genblkJ.genblkK.m_axi_arlen_reg[L]	0.116700	0.321062
sI_axi_wdata[J]	axi_crossbar_inst.axi_crossbar_wr_inst.m_ifaces[I].reg_inst.genblkJ.temp_m_axi_wdata_reg[K]	0.116900	0.337749
sI_axi_wstrb[J]	axi_crossbar_inst.axi_crossbar_wr_inst.m_ifaces[I].reg_inst.genblkJ.temp_m_axi_wstrb_reg[K]	0.117000	0.361549
mI_axi_bresp[J]	axi_crossbar_inst.axi_crossbar_wr_inst.s_ifaces[I].reg_inst.genblkJ.genblkK.s_axi_bresp_reg[L]	0.117500	0.407234
mI_axi_wready	axi_crossbar_inst.axi_crossbar_wr_inst.m_ifaces[I].reg_inst.genblkJ.m_axi_wdata_reg[K]	0.117700	0.387737
mI_axi_wready	axi_crossbar_inst.axi_crossbar_wr_inst.m_ifaces[I].reg_inst.genblkJ.m_axi_wstrb_reg[K]	0.117700	0.395628
axi_crossbar_inst.axi_crossbar_rd_inst.s_ifaces[I].r_arb_inst.grant_encoded_reg[J]	axi_crossbar_inst.axi_crossbar_rd_inst.s_ifaces[I].reg_inst.genblkJ.temp_s_axi_rid_reg[K]	0.117800	0.070751
axi_crossbar_inst.axi_crossbar_rd_inst.s_ifaces[I].r_arb_inst.grant_encoded_reg[J]	axi_crossbar_inst.axi_crossbar_rd_inst.m_ifaces[I].a_arb_inst.grant_encoded_reg[J]	0.118500	-0.020276
axi_crossbar_inst.axi_crossbar_wr_inst.m_ifaces[I].w_select_reg[J]	axi_crossbar_inst.axi_crossbar_wr_inst.s_ifaces[I].w_select_valid_reg	0.119000	0.177813
sI_axi_araddr[J]	axi_crossbar_inst.axi_crossbar_rd_inst.m_ifaces[I].reg_inst.genblkJ.genblkK.m_axi_araddr_reg[L]	0.119100	0.314047
sI_axi_awaddr[J]	axi_crossbar_inst.axi_crossbar_wr_inst.m_ifaces[I].reg_inst.genblkJ.genblkK.m_axi_awaddr_reg[L]	0.119400	0.305350
mI_axi_wready	axi_crossbar_inst.axi_crossbar_wr_inst.m_ifaces[I].reg_inst.genblkJ.temp_m_axi_wdata_reg[K]	0.119500	0.378636
axi_crossbar_inst.axi_crossbar_wr_inst.s_ifaces[I].b_arb_inst.grant_valid_reg	axi_crossbar_inst.axi_crossbar_wr_inst.m_ifaces[I].a_arb_inst.grant_encoded_reg[J]	0.120100	-0.050835
mI_axi_wready	axi_crossbar_inst.axi_crossbar_wr_inst.m_ifaces[I].reg_inst.genblkJ.temp_m_axi_wstrb_reg[K]	0.120800	0.394139
sI_axi_arqos[J]	axi_crossbar_inst.axi_crossbar_rd_inst.m_ifaces[I].reg_inst.genblkJ.genblkK.m_axi_arqos_reg[L]	0.121800	0.354470
sI_axi_awlen[J]	axi_crossbar_inst.axi_crossbar_wr_inst.m_ifaces[I].reg_inst.genblkJ.genblkK.m_axi_awlen_reg[L]	0.121800	0.353810
sI_axi_awsize[J]	axi_crossbar_inst.axi_crossbar_wr_inst.m_ifaces[I].reg_inst.genblkJ.genblkK.m_axi_awsize_reg[L]	0.121800	0.359024
sI_axi_arburst[J]	axi_crossbar_inst.axi_crossbar_rd_inst.m_ifaces[I].reg_inst.genblkJ.genblkK.m_axi_arburst_reg[L]	0.121900	0.361246
sI_axi_arcache[J]	axi_crossbar_inst.axi_crossbar_rd_inst.m_ifaces[I].reg_inst.genblkJ.genblkK.m_axi_arcache_reg[L]	0.121900	0.362324
sI_axi_arlock	axi_crossbar_inst.axi_crossbar_rd_inst.m_ifaces[I].reg_inst.genblkJ.genblkK.m_axi_arlock_reg	0.121900	0.360164
sI_axi_arprot[J]	axi_crossbar_inst.axi_crossbar_rd_inst.m_ifaces[I].reg_inst.genblkJ.genblkK.m_axi_arprot_reg[L]	0.121900	0.346115
sI_axi_arsize[J]	axi_crossbar_inst.axi_crossbar_rd_inst.m_ifaces[I].reg_inst.genblkJ.genblkK.m_axi_arsize_reg[L]	0.121900	0.355742
sI_axi_awburst[J]	axi_crossbar_inst.axi_crossbar_wr_inst.m_ifaces[I].reg_inst.genblkJ.genblkK.m_axi_awburst_reg[L]	0.121900	0.378968
sI_axi_awcache[J]	axi_crossbar_inst.axi_crossbar_wr_inst.m_ifaces[I].reg_inst.genblkJ.genblkK.m_axi_awcache_reg[L]	0.121900	0.372460
sI_axi_awprot[J]	axi_crossbar_inst.axi_crossbar_wr_inst.m_ifaces[I].reg_inst.genblkJ.genblkK.m_axi_awprot_reg[L]	0.121900	0.361836
sI_axi_awqos[J]	axi_crossbar_inst.axi_crossbar_wr_inst.m_ifaces[I].reg_inst.genblkJ.genblkK.m_axi_awqos_reg[L]	0.121900	0.361916
sI_axi_awlock	axi_crossbar_inst.axi_crossbar_wr_inst.m_ifaces[I].reg_inst.genblkJ.genblkK.m_axi_awlock_reg	0.122000	0.369790
axi_crossbar_inst.axi_crossbar_wr_inst.s_ifaces[I].w_drop_reg	axi_crossbar_inst.axi_crossbar_wr_inst.m_ifaces[I].a_arb_inst.grant_encoded_reg[J]	0.123000	0.007883
axi_crossbar_inst.axi_crossbar_wr_inst.s_ifaces[I].decerr_m_axi_bvalid_reg	axi_crossbar_inst.axi_crossbar_wr_inst.s_ifaces[I].b_arb_inst.grant_reg[J]	0.124600	0.080886
axi_crossbar_inst.axi_crossbar_rd_inst.m_ifaces[I].trans_count_reg[J]	axi_crossbar_inst.axi_crossbar_rd_inst.m_ifaces[I].a_arb_inst.mask_reg[J]	0.127000	0.177765
sI_axi_arlen[J]	axi_crossbar_inst.axi_crossbar_rd_inst.s_ifaces[I].decerr_m_axi_rlast_reg	0.127400	0.341163
axi_crossbar_inst.axi_crossbar_wr_inst.m_ifaces[I].a_arb_inst.grant_encoded_reg[J]	axi_crossbar_inst.axi_crossbar_wr_inst.m_ifaces[I].reg_inst.genblkJ.genblkK.m_axi_awaddr_reg[L]	0.127500	0.081265
axi_crossbar_inst.axi_crossbar_wr_inst.m_ifaces[I].a_arb_inst.grant_encoded_reg[J]	axi_crossbar_inst.axi_crossbar_wr_inst.m_ifaces[I].reg_inst.genblkJ.genblkK.m_axi_awid_reg[L]	0.127600	0.101733
rst	axi_crossbar_inst.axi_crossbar_wr_inst.s_ifaces[I].addr_inst.state_reg[J]	0.129000	0.374839
axi_crossbar_inst.axi_crossbar_wr_inst.m_ifaces[I].a_arb_inst.grant_encoded_reg[J]	axi_crossbar_inst.axi_crossbar_wr_inst.m_ifaces[I].reg_inst.genblkJ.genblkK.m_axi_awburst_reg[L]	0.129000	0.091128
axi_crossbar_inst.axi_crossbar_wr_inst.m_ifaces[I].a_arb_inst.grant_encoded_reg[J]	axi_crossbar_inst.axi_crossbar_wr_inst.m_ifaces[I].reg_inst.genblkJ.genblkK.m_axi_awcache_reg[L]	0.129000	0.092640
axi_crossbar_inst.axi_crossbar_wr_inst.m_ifaces[I].a_arb_inst.grant_encoded_reg[J]	axi_crossbar_inst.axi_crossbar_wr_inst.m_ifaces[I].reg_inst.genblkJ.genblkK.m_axi_awsize_reg[L]	0.129000	0.071568
axi_crossbar_inst.axi_crossbar_wr_inst.m_ifaces[I].a_arb_inst.grant_encoded_reg[J]	axi_crossbar_inst.axi_crossbar_wr_inst.m_ifaces[I].reg_inst.genblkJ.genblkK.m_axi_awlen_reg[L]	0.129000	0.095990
axi_crossbar_inst.axi_crossbar_rd_inst.m_ifaces[I].a_arb_inst.grant_encoded_reg[J]	axi_crossbar_inst.axi_crossbar_rd_inst.m_ifaces[I].reg_inst.genblkJ.genblkK.m_axi_arburst_reg[L]	0.129600	0.091490
axi_crossbar_inst.axi_crossbar_rd_inst.m_ifaces[I].a_arb_inst.grant_encoded_reg[J]	axi_crossbar_inst.axi_crossbar_rd_inst.m_ifaces[I].reg_inst.genblkJ.genblkK.m_axi_arsize_reg[L]	0.129600	0.075877
axi_crossbar_inst.axi_crossbar_rd_inst.m_ifaces[I].a_arb_inst.grant_encoded_reg[J]	axi_crossbar_inst.axi_crossbar_rd_inst.m_ifaces[I].reg_inst.genblkJ.genblkK.m_axi_araddr_reg[L]	0.129600	0.073014
axi_crossbar_inst.axi_crossbar_rd_inst.m_ifaces[I].a_arb_inst.grant_encoded_reg[J]	axi_crossbar_inst.axi_crossbar_rd_inst.m_ifaces[I].reg_inst.genblkJ.genblkK.m_axi_arlen_reg[L]	0.129600	0.087352
axi_crossbar_inst.axi_crossbar_rd_inst.m_ifaces[I].a_arb_inst.grant_encoded_reg[J]	axi_crossbar_inst.axi_crossbar_rd_inst.m_ifaces[I].reg_inst.genblkJ.genblkK.m_axi_arcache_reg[L]	0.129700	0.086144
axi_crossbar_inst.axi_crossbar_rd_inst.m_ifaces[I].a_arb_inst.grant_encoded_reg[J]	axi_crossbar_inst.axi_crossbar_rd_inst.m_ifaces[I].reg_inst.genblkJ.genblkK.m_axi_arid_reg[L]	0.129700	0.076046
axi_crossbar_inst.axi_crossbar_rd_inst.m_ifaces[I].a_arb_inst.grant_encoded_reg[J]	axi_crossbar_inst.axi_crossbar_rd_inst.m_ifaces[I].reg_inst.genblkJ.genblkK.m_axi_arlock_reg	0.129700	0.075651
axi_crossbar_inst.axi_crossbar_rd_inst.m_ifaces[I].a_arb_inst.grant_encoded_reg[J]	axi_crossbar_inst.axi_crossbar_rd_inst.m_ifaces[I].reg_inst.genblkJ.genblkK.m_axi_arprot_reg[L]	0.129700	0.075217
axi_crossbar_inst.axi_crossbar_rd_inst.m_ifaces[I].a_arb_inst.grant_encoded_reg[J]	axi_crossbar_inst.axi_crossbar_rd_inst.m_ifaces[I].reg_inst.genblkJ.genblkK.m_axi_arqos_reg[L]	0.129700	0.070986
axi_crossbar_inst.axi_crossbar_rd_inst.s_ifaces[I].reg_inst.genblkJ.m_axi_rready_reg	axi_crossbar_inst.axi_crossbar_rd_inst.m_ifaces[I].a_arb_inst.grant_encoded_reg[J]	0.132300	-0.032400
sI_axi_arvalid	axi_crossbar_inst.axi_crossbar_rd_inst.s_ifaces[I].addr_inst.thread_m_reg[J][K]	0.133400	0.298446
rst	axi_crossbar_inst.axi_crossbar_wr_inst.m_ifaces[I].reg_inst.genblkJ.m_axi_wvalid_reg	0.134000	0.384634
axi_crossbar_inst.axi_crossbar_rd_inst.s_ifaces[I].r_arb_inst.grant_encoded_reg[J]	axi_crossbar_inst.axi_crossbar_rd_inst.s_ifaces[I].reg_inst.genblkJ.temp_s_axi_rresp_reg[K]	0.134200	0.007145
axi_crossbar_inst.axi_crossbar_wr_inst.m_ifaces[I].a_arb_inst.grant_encoded_reg[J]	axi_crossbar_inst.axi_crossbar_wr_inst.m_ifaces[I].reg_inst.genblkJ.genblkK.m_axi_awprot_reg[L]	0.134700	0.082406
axi_crossbar_inst.axi_crossbar_wr_inst.m_ifaces[I].a_arb_inst.grant_encoded_reg[J]	axi_crossbar_inst.axi_crossbar_wr_inst.m_ifaces[I].reg_inst.genblkJ.genblkK.m_axi_awqos_reg[L]	0.134700	0.107497
axi_crossbar_inst.axi_crossbar_rd_inst.s_ifaces[I].r_arb_inst.grant_encoded_reg[J]	axi_crossbar_inst.axi_crossbar_rd_inst.s_ifaces[I].addr_inst.state_reg[J]	0.136100	-0.004998
sI_axi_awvalid	axi_crossbar_inst.axi_crossbar_wr_inst.s_ifaces[I].addr_inst.thread_m_reg[J][K]	0.136500	0.328610
axi_crossbar_inst.axi_crossbar_rd_inst.s_ifaces[I].r_arb_inst.grant_valid_reg	axi_crossbar_inst.axi_crossbar_rd_inst.m_ifaces[I].a_arb_inst.grant_encoded_reg[J]	0.136600	-0.003845
mI_axi_rdata[J]	axi_crossbar_inst.axi_crossbar_rd_inst.s_ifaces[I].reg_inst.genblkJ.temp_s_axi_rdata_reg[K]	0.138900	0.359795
axi_crossbar_inst.axi_crossbar_wr_inst.s_ifaces[I].decerr_m_axi_bvalid_reg	axi_crossbar_inst.axi_crossbar_wr_inst.s_ifaces[I].addr_inst.thread_id_reg[J][K]	0.139300	0.143745
axi_crossbar_inst.axi_crossbar_wr_inst.s_ifaces[I].decerr_m_axi_bvalid_reg	axi_crossbar_inst.axi_crossbar_wr_inst.s_ifaces[I].addr_inst.thread_m_reg[J][K]	0.139300	0.141044
axi_crossbar_inst.axi_crossbar_wr_inst.s_ifaces[I].b_arb_inst.mask_reg[J]	axi_crossbar_inst.axi_crossbar_wr_inst.s_ifaces[I].b_arb_inst.grant_reg[J]	0.139500	0.086790
axi_crossbar_inst.axi_crossbar_wr_inst.s_ifaces[I].b_arb_inst.mask_reg[J]	axi_crossbar_inst.axi_crossbar_wr_inst.s_ifaces[I].b_arb_inst.grant_encoded_reg[J]	0.139700	0.143230
axi_crossbar_inst.axi_crossbar_wr_inst.m_ifaces[I].a_arb_inst.mask_reg[J]	axi_crossbar_inst.axi_crossbar_wr_inst.m_ifaces[I].a_arb_inst.grant_reg[J]	0.140700	0.083226
axi_crossbar_inst.axi_crossbar_wr_inst.s_ifaces[I].b_arb_inst.grant_encoded_reg[J]	axi_crossbar_inst.axi_crossbar_wr_inst.s_ifaces[I].reg_inst.genblkJ.genblkK.s_axi_bid_reg[L]	0.143100	0.106605
mI_axi_bvalid	axi_crossbar_inst.axi_crossbar_wr_inst.m_ifaces[I].a_arb_inst.grant_valid_reg	0.143500	0.221432
sI_axi_rready	axi_crossbar_inst.axi_crossbar_rd_inst.s_ifaces[I].reg_inst.genblkJ.temp_s_axi_rresp_reg[K]	0.145500	0.412755
axi_crossbar_inst.axi_crossbar_wr_inst.m_ifaces[I].a_arb_inst.grant_encoded_reg[J]	axi_crossbar_inst.axi_crossbar_wr_inst.m_ifaces[I].reg_inst.genblkJ.genblkK.m_axi_awlock_reg	0.145600	0.110475
sI_axi_rready	axi_crossbar_inst.axi_crossbar_rd_inst.s_ifaces[I].reg_inst.genblkJ.temp_s_axi_rlast_reg	0.145600	0.410092
rst	axi_crossbar_inst.axi_crossbar_rd_inst.s_ifaces[I].reg_inst.genblkJ.s_axi_rvalid_reg	0.146500	0.358170
sI_axi_rready	axi_crossbar_inst.axi_crossbar_rd_inst.s_ifaces[I].reg_inst.genblkJ.s_axi_rid_reg[K]	0.146700	0.389447
sI_axi_rready	axi_crossbar_inst.axi_crossbar_rd_inst.s_ifaces[I].reg_inst.genblkJ.s_axi_rlast_reg	0.146700	0.423925
sI_axi_rready	axi_crossbar_inst.axi_crossbar_rd_inst.s_ifaces[I].reg_inst.genblkJ.s_axi_rresp_reg[K]	0.146700	0.420474
axi_crossbar_inst.axi_crossbar_rd_inst.s_ifaces[I].r_arb_inst.mask_reg[J]	axi_crossbar_inst.axi_crossbar_rd_inst.s_ifaces[I].r_arb_inst.grant_reg[J]	0.147200	0.068216
axi_crossbar_inst.axi_crossbar_wr_inst.s_ifaces[I].addr_inst.thread_m_reg[J][K]	axi_crossbar_inst.axi_crossbar_wr_inst.s_ifaces[I].addr_inst.thread_id_reg[J][K]	0.147900	0.060082
axi_crossbar_inst.axi_crossbar_wr_inst.s_ifaces[I].addr_inst.thread_m_reg[J][K]	axi_crossbar_inst.axi_crossbar_wr_inst.s_ifaces[I].addr_inst.thread_m_reg[J][K]	0.147900	0.054808
axi_crossbar_inst.axi_crossbar_rd_inst.m_ifaces[I].a_arb_inst.grant_reg[J]	axi_crossbar_inst.axi_crossbar_rd_inst.m_ifaces[I].a_arb_inst.grant_reg[J]	0.149000	0.098587
sI_axi_rready	axi_crossbar_inst.axi_crossbar_rd_inst.s_ifaces[I].reg_inst.genblkJ.s_axi_rdata_reg[K]	0.149000	0.391447
axi_crossbar_inst.axi_crossbar_wr_inst.m_ifaces[I].a_arb_inst.grant_reg[J]	axi_crossbar_inst.axi_crossbar_wr_inst.m_ifaces[I].a_arb_inst.grant_reg[J]	0.149200	0.095703
axi_crossbar_inst.axi_crossbar_wr_inst.s_ifaces[I].b_arb_inst.grant_reg[J]	axi_crossbar_inst.axi_crossbar_wr_inst.s_ifaces[I].b_arb_inst.grant_reg[J]	0.149300	0.092363
axi_crossbar_inst.axi_crossbar_rd_inst.s_ifaces[I].r_arb_inst.grant_reg[J]	axi_crossbar_inst.axi_crossbar_rd_inst.s_ifaces[I].r_arb_inst.grant_reg[J]	0.154200	0.071466
mI_axi_rvalid	axi_crossbar_inst.axi_crossbar_rd_inst.m_ifaces[I].a_arb_inst.grant_valid_reg	0.154600	0.289385
axi_crossbar_inst.axi_crossbar_wr_inst.m_ifaces[I].a_arb_inst.mask_reg[J]	axi_crossbar_inst.axi_crossbar_wr_inst.m_ifaces[I].a_arb_inst.grant_encoded_reg[J]	0.155000	0.097700
axi_crossbar_inst.axi_crossbar_wr_inst.s_ifaces[I].decerr_m_axi_bvalid_reg	axi_crossbar_inst.axi_crossbar_wr_inst.s_ifaces[I].b_arb_inst.grant_encoded_reg[J]	0.155400	0.100625
axi_crossbar_inst.axi_crossbar_rd_inst.m_ifaces[I].a_arb_inst.mask_reg[J]	axi_crossbar_inst.axi_crossbar_rd_inst.m_ifaces[I].a_arb_inst.grant_reg[J]	0.156400	0.109911
axi_crossbar_inst.axi_crossbar_rd_inst.s_ifaces[I].addr_inst.m_decerr_reg	axi_crossbar_inst.axi_crossbar_rd_inst.s_ifaces[I].addr_inst.trans_count_reg[J]	0.156700	0.158773
axi_crossbar_inst.axi_crossbar_rd_inst.s_ifaces[I].addr_inst.thread_count_reg[J][K]	axi_crossbar_inst.axi_crossbar_rd_inst.s_ifaces[I].addr_inst.m_axi_avalid_reg	0.157200	0.088299
axi_crossbar_inst.axi_crossbar_wr_inst.s_ifaces[I].b_arb_inst.grant_encoded_reg[J]	axi_crossbar_inst.axi_crossbar_wr_inst.m_ifaces[I].a_arb_inst.grant_valid_reg	0.157400	-0.009671
mI_axi_rdata[J]	axi_crossbar_inst.axi_crossbar_rd_inst.s_ifaces[I].reg_inst.genblkJ.s_axi_rdata_reg[K]	0.159000	0.347784
axi_crossbar_inst.axi_crossbar_wr_inst.s_ifaces[I].w_select_valid_reg	axi_crossbar_inst.axi_crossbar_wr_inst.m_ifaces[I].a_arb_inst.grant_valid_reg	0.161500	0.058958
axi_crossbar_inst.axi_crossbar_wr_inst.s_ifaces[I].w_select_reg[J]	axi_crossbar_inst.axi_crossbar_wr_inst.m_ifaces[I].a_arb_inst.grant_valid_reg	0.162200	0.028841
axi_crossbar_inst.axi_crossbar_wr_inst.s_ifaces[I].b_arb_inst.grant_reg[J]	axi_crossbar_inst.axi_crossbar_wr_inst.s_ifaces[I].b_arb_inst.grant_encoded_reg[J]	0.162600	0.118370
rst	axi_crossbar_inst.axi_crossbar_rd_inst.s_ifaces[I].addr_inst.m_axi_avalid_reg	0.162600	0.392497
rst	axi_crossbar_inst.axi_crossbar_wr_inst.s_ifaces[I].addr_inst.m_axi_avalid_reg	0.162600	0.398378
mI_axi_rlast	axi_crossbar_inst.axi_crossbar_rd_inst.m_ifaces[I].a_arb_inst.grant_valid_reg	0.163600	0.346507
axi_crossbar_inst.axi_crossbar_wr_inst.s_ifaces[I].addr_inst.m_select_reg[J]	axi_crossbar_inst.axi_crossbar_wr_inst.s_ifaces[I].addr_inst.state_reg[J]	0.165600	0.040352
axi_crossbar_inst.axi_crossbar_wr_inst.m_ifaces[I].a_arb_inst.grant_encoded_reg[J]	axi_crossbar_inst.axi_crossbar_wr_inst.m_ifaces[I].reg_inst.genblkJ.genblkK.m_axi_awvalid_reg	0.166500	0.201362
axi_crossbar_inst.axi_crossbar_wr_inst.m_ifaces[I].a_arb_inst.grant_reg[J]	axi_crossbar_inst.axi_crossbar_wr_inst.m_ifaces[I].a_arb_inst.grant_encoded_reg[J]	0.166700	0.105446
axi_crossbar_inst.axi_crossbar_wr_inst.s_ifaces[I].reg_inst.genblkJ.genblkK.m_axi_bready_reg	axi_crossbar_inst.axi_crossbar_wr_inst.m_ifaces[I].a_arb_inst.grant_valid_reg	0.167300	0.011791
axi_crossbar_inst.axi_crossbar_wr_inst.s_ifaces[I].b_arb_inst.grant_encoded_reg[J]	axi_crossbar_inst.axi_crossbar_wr_inst.s_ifaces[I].addr_inst.state_reg[J]	0.168900	-0.056937
axi_crossbar_inst.axi_crossbar_wr_inst.s_ifaces[I].b_arb_inst.grant_encoded_reg[J]	axi_crossbar_inst.axi_crossbar_wr_inst.s_ifaces[I].addr_inst.m_rc_valid_reg	0.170100	0.004713
axi_crossbar_inst.axi_crossbar_wr_inst.s_ifaces[I].b_arb_inst.grant_encoded_reg[J]	axi_crossbar_inst.axi_crossbar_wr_inst.s_ifaces[I].addr_inst.m_wc_valid_reg	0.170200	-0.052887
axi_crossbar_inst.axi_crossbar_wr_inst.m_ifaces[I].w_select_reg[J]	axi_crossbar_inst.axi_crossbar_wr_inst.m_ifaces[I].a_arb_inst.grant_valid_reg	0.170400	0.041087
axi_crossbar_inst.axi_crossbar_rd_inst.s_ifaces[I].reg_inst.genblkJ.m_axi_rready_reg	axi_crossbar_inst.axi_crossbar_rd_inst.s_ifaces[I].decerr_len_reg[J]	0.170700	0.088300
axi_crossbar_inst.axi_crossbar_rd_inst.s_ifaces[I].reg_inst.genblkJ.m_axi_rready_reg	axi_crossbar_inst.axi_crossbar_rd_inst.s_ifaces[I].decerr_m_axi_rlast_reg	0.170700	0.088203
axi_crossbar_inst.axi_crossbar_rd_inst.s_ifaces[I].r_arb_inst.grant_encoded_reg[J]	axi_crossbar_inst.axi_crossbar_rd_inst.s_ifaces[I].decerr_len_reg[J]	0.170900	0.115320
axi_crossbar_inst.axi_crossbar_rd_inst.s_ifaces[I].r_arb_inst.grant_encoded_reg[J]	axi_crossbar_inst.axi_crossbar_rd_inst.s_ifaces[I].decerr_m_axi_rlast_reg	0.170900	0.113215
axi_crossbar_inst.axi_crossbar_rd_inst.s_ifaces[I].addr_inst.thread_count_reg[J][K]	axi_crossbar_inst.axi_crossbar_rd_inst.s_ifaces[I].addr_inst.state_reg[J]	0.170900	0.121653
axi_crossbar_inst.axi_crossbar_wr_inst.m_ifaces[I].w_select_reg[J]	axi_crossbar_inst.axi_crossbar_wr_inst.m_ifaces[I].reg_inst.genblkJ.temp_m_axi_wvalid_reg	0.171700	0.110956
axi_crossbar_inst.axi_crossbar_rd_inst.s_ifaces[I].addr_inst.thread_count_reg[J][K]	axi_crossbar_inst.axi_crossbar_rd_inst.s_ifaces[I].addr_inst.m_rc_valid_reg	0.172000	0.104771
axi_crossbar_inst.axi_crossbar_wr_inst.s_ifaces[I].w_select_valid_reg	axi_crossbar_inst.axi_crossbar_wr_inst.m_ifaces[I].reg_inst.genblkJ.s_axi_wready_reg	0.172900	0.104078
axi_crossbar_inst.axi_crossbar_rd_inst.s_ifaces[I].decerr_m_axi_rvalid_reg	axi_crossbar_inst.axi_crossbar_rd_inst.s_ifaces[I].addr_inst.thread_id_reg[J][K]	0.173100	0.145409
axi_crossbar_inst.axi_crossbar_rd_inst.s_ifaces[I].decerr_m_axi_rvalid_reg	axi_crossbar_inst.axi_crossbar_rd_inst.s_ifaces[I].addr_inst.thread_m_reg[J][K]	0.173100	0.140322
axi_crossbar_inst.axi_crossbar_wr_inst.s_ifaces[I].addr_inst.m_select_reg[J]	axi_crossbar_inst.axi_crossbar_wr_inst.s_ifaces[I].addr_inst.s_axi_aready_reg	0.173100	0.051584
axi_crossbar_inst.axi_crossbar_wr_inst.s_ifaces[I].w_select_reg[J]	axi_crossbar_inst.axi_crossbar_wr_inst.m_ifaces[I].reg_inst.genblkJ.s_axi_wready_reg	0.173600	0.073961
sI_axi_rready	axi_crossbar_inst.axi_crossbar_rd_inst.s_ifaces[I].reg_inst.genblkJ.s_axi_rvalid_reg	0.177300	0.472272
axi_crossbar_inst.axi_crossbar_rd_inst.s_ifaces[I].addr_inst.m_select_reg[J]	axi_crossbar_inst.axi_crossbar_rd_inst.m_ifaces[I].reg_inst.genblkJ.genblkK.s_axi_arready_reg	0.177500	0.086600
axi_crossbar_inst.axi_crossbar_rd_inst.s_ifaces[I].decerr_m_axi_rvalid_reg	axi_crossbar_inst.axi_crossbar_rd_inst.s_ifaces[I].r_arb_inst.grant_reg[J]	0.177700	0.064949
axi_crossbar_inst.axi_crossbar_rd_inst.s_ifaces[I].reg_inst.genblkJ.m_axi_rready_reg	axi_crossbar_inst.axi_crossbar_rd_inst.m_ifaces[I].a_arb_inst.grant_valid_reg	0.177800	0.040946
axi_crossbar_inst.axi_crossbar_rd_inst.s_ifaces[I].r_arb_inst.mask_reg[J]	axi_crossbar_inst.axi_crossbar_rd_inst.s_ifaces[I].r_arb_inst.grant_encoded_reg[J]	0.178100	0.113014
axi_crossbar_inst.axi_crossbar_rd_inst.s_ifaces[I].r_arb_inst.grant_reg[J]	axi_crossbar_inst.axi_crossbar_rd_inst.s_ifaces[I].r_arb_inst.grant_encoded_reg[J]	0.179200	0.114840
axi_crossbar_inst.axi_crossbar_wr_inst.s_ifaces[I].w_select_reg[J]	axi_crossbar_inst.axi_crossbar_wr_inst.m_ifaces[I].reg_inst.genblkJ.temp_m_axi_wvalid_reg	0.179700	0.073203
axi_crossbar_inst.axi_crossbar_rd_inst.s_ifaces[I].reg_inst.genblkJ.m_axi_rready_reg	axi_crossbar_inst.axi_crossbar_rd_inst.s_ifaces[I].addr_inst.thread_id_reg[J][K]	0.179700	0.096686
axi_crossbar_inst.axi_crossbar_rd_inst.s_ifaces[I].reg_inst.genblkJ.m_axi_rready_reg	axi_crossbar_inst.axi_crossbar_rd_inst.s_ifaces[I].addr_inst.thread_m_reg[J][K]	0.179700	0.087436
axi_crossbar_inst.axi_crossbar_wr_inst.s_ifaces[I].reg_inst.genblkJ.genblkK.m_axi_bready_reg	axi_crossbar_inst.axi_crossbar_wr_inst.s_ifaces[I].addr_inst.thread_id_reg[J][K]	0.179900	0.102310
axi_crossbar_inst.axi_crossbar_wr_inst.s_ifaces[I].reg_inst.genblkJ.genblkK.m_axi_bready_reg	axi_crossbar_inst.axi_crossbar_wr_inst.s_ifaces[I].addr_inst.thread_m_reg[J][K]	0.179900	0.099609
axi_crossbar_inst.axi_crossbar_wr_inst.s_ifaces[I].w_select_valid_reg	axi_crossbar_inst.axi_crossbar_wr_inst.m_ifaces[I].reg_inst.genblkJ.temp_m_axi_wvalid_reg	0.180300	0.094833
axi_crossbar_inst.axi_crossbar_rd_inst.s_ifaces[I].r_arb_inst.grant_encoded_reg[J]	axi_crossbar_inst.axi_crossbar_rd_inst.m_ifaces[I].a_arb_inst.grant_valid_reg	0.180400	0.053070
axi_crossbar_inst.axi_crossbar_rd_inst.s_ifaces[I].reg_inst.genblkJ.m_axi_rready_reg	axi_crossbar_inst.axi_crossbar_rd_inst.s_ifaces[I].r_arb_inst.mask_reg[J]	0.180700	0.102314
axi_crossbar_inst.axi_crossbar_rd_inst.s_ifaces[I].addr_inst.thread_m_reg[J][K]	axi_crossbar_inst.axi_crossbar_rd_inst.s_ifaces[I].addr_inst.thread_id_reg[J][K]	0.181000	0.061242
axi_crossbar_inst.axi_crossbar_rd_inst.s_ifaces[I].addr_inst.thread_m_reg[J][K]	axi_crossbar_inst.axi_crossbar_rd_inst.s_ifaces[I].addr_inst.thread_m_reg[J][K]	0.181000	0.055434
axi_crossbar_inst.axi_crossbar_wr_inst.m_ifaces[I].reg_inst.genblkJ.genblkK.s_axi_awready_reg	axi_crossbar_inst.axi_crossbar_wr_inst.s_ifaces[I].addr_inst.state_reg[J]	0.181200	0.102510
axi_crossbar_inst.axi_crossbar_wr_inst.m_ifaces[I].a_arb_inst.grant_encoded_reg[J]	axi_crossbar_inst.axi_crossbar_wr_inst.m_ifaces[I].reg_inst.genblkJ.genblkK.s_axi_awready_reg	0.181200	0.195800
axi_crossbar_inst.axi_crossbar_wr_inst.s_ifaces[I].w_select_valid_reg	axi_crossbar_inst.axi_crossbar_wr_inst.m_ifaces[I].reg_inst.genblkJ.m_axi_wvalid_reg	0.181800	0.095001
axi_crossbar_inst.axi_crossbar_wr_inst.s_ifaces[I].b_arb_inst.grant_valid_reg	axi_crossbar_inst.axi_crossbar_wr_inst.m_ifaces[I].a_arb_inst.grant_valid_reg	0.181900	0.013906
axi_crossbar_inst.axi_crossbar_rd_inst.s_ifaces[I].r_arb_inst.grant_valid_reg	axi_crossbar_inst.axi_crossbar_rd_inst.m_ifaces[I].a_arb_inst.grant_valid_reg	0.182100	0.069501
axi_crossbar_inst.axi_crossbar_rd_inst.m_ifaces[I].a_arb_inst.grant_reg[J]	axi_crossbar_inst.axi_crossbar_rd_inst.m_ifaces[I].a_arb_inst.grant_encoded_reg[J]	0.182300	0.093320
mI_axi_wready	axi_crossbar_inst.axi_crossbar_wr_inst.m_ifaces[I].reg_inst.genblkJ.temp_m_axi_wvalid_reg	0.182500	0.406335
axi_crossbar_inst.axi_crossbar_rd_inst.m_ifaces[I].a_arb_inst.mask_reg[J]	axi_crossbar_inst.axi_crossbar_rd_inst.m_ifaces[I].a_arb_inst.grant_encoded_reg[J]	0.182900	0.085779
axi_crossbar_inst.axi_crossbar_wr_inst.s_ifaces[I].b_arb_inst.grant_encoded_reg[J]	axi_crossbar_inst.axi_crossbar_wr_inst.s_ifaces[I].addr_inst.m_axi_avalid_reg	0.183100	0.033752
axi_crossbar_inst.axi_crossbar_wr_inst.s_ifaces[I].addr_inst.thread_count_reg[J][K]	axi_crossbar_inst.axi_crossbar_wr_inst.s_ifaces[I].addr_inst.state_reg[J]	0.183400	0.115977
axi_crossbar_inst.axi_crossbar_wr_inst.m_ifaces[I].a_arb_inst.grant_valid_reg	axi_crossbar_inst.axi_crossbar_wr_inst.s_ifaces[I].addr_inst.state_reg[J]	0.183400	0.119284
axi_crossbar_inst.axi_crossbar_rd_inst.s_ifaces[I].r_arb_inst.grant_encoded_reg[J]	axi_crossbar_inst.axi_crossbar_rd_inst.s_ifaces[I].reg_inst.genblkJ.temp_s_axi_rvalid_reg	0.184700	0.060705
axi_crossbar_inst.axi_crossbar_rd_inst.s_ifaces[I].addr_inst.m_select_reg[J]	axi_crossbar_inst.axi_crossbar_rd_inst.m_ifaces[I].reg_inst.genblkJ.genblkK.m_axi_arvalid_reg	0.185200	0.076184
axi_crossbar_inst.axi_crossbar_rd_inst.s_ifaces[I].addr_inst.m_select_reg[J]	axi_crossbar_inst.axi_crossbar_rd_inst.m_ifaces[I].a_arb_inst.grant_valid_reg	0.185400	0.115836
axi_crossbar_inst.axi_crossbar_wr_inst.s_ifaces[I].addr_inst.thread_id_reg[J][K]	axi_crossbar_inst.axi_crossbar_wr_inst.s_ifaces[I].addr_inst.state_reg[J]	0.185600	0.102591
axi_crossbar_inst.axi_crossbar_wr_inst.s_ifaces[I].w_select_reg[J]	axi_crossbar_inst.axi_crossbar_wr_inst.m_ifaces[I].reg_inst.genblkJ.m_axi_wvalid_reg	0.186000	0.088026
axi_crossbar_inst.axi_crossbar_wr_inst.m_ifaces[I].reg_inst.genblkJ.genblkK.s_axi_awready_reg	axi_crossbar_inst.axi_crossbar_wr_inst.s_ifaces[I].addr_inst.s_axi_aready_reg	0.188700	0.099173
sI_axi_arvalid	axi_crossbar_inst.axi_crossbar_rd_inst.s_ifaces[I].addr_inst.m_select_reg[J]	0.189400	0.342439
axi_crossbar_inst.axi_crossbar_rd_inst.m_ifaces[I].a_arb_inst.grant_encoded_reg[J]	axi_crossbar_inst.axi_crossbar_rd_inst.m_ifaces[I].reg_inst.genblkJ.genblkK.s_axi_arready_reg	0.189500	0.201032
axi_crossbar_inst.axi_crossbar_wr_inst.s_ifaces[I].addr_inst.m_decerr_reg	axi_crossbar_inst.axi_crossbar_wr_inst.s_ifaces[I].addr_inst.trans_count_reg[J]	0.189900	0.169929
axi_crossbar_inst.axi_crossbar_wr_inst.m_ifaces[I].a_arb_inst.grant_encoded_reg[J]	axi_crossbar_inst.axi_crossbar_wr_inst.s_ifaces[I].addr_inst.s_axi_aready_reg	0.190000	0.106277
axi_crossbar_inst.axi_crossbar_wr_inst.m_ifaces[I].a_arb_inst.grant_valid_reg	axi_crossbar_inst.axi_crossbar_wr_inst.s_ifaces[I].addr_inst.s_axi_aready_reg	0.190900	0.115947
sI_axi_awvalid	axi_crossbar_inst.axi_crossbar_wr_inst.s_ifaces[I].addr_inst.m_select_reg[J]	0.192800	0.389777
axi_crossbar_inst.axi_crossbar_wr_inst.s_ifaces[I].addr_inst.m_select_reg[J]	axi_crossbar_inst.axi_crossbar_wr_inst.m_ifaces[I].a_arb_inst.grant_valid_reg	0.193300	0.024728
sI_axi_rready	axi_crossbar_inst.axi_crossbar_rd_inst.s_ifaces[I].reg_inst.genblkJ.temp_s_axi_rvalid_reg	0.195300	0.413285
axi_crossbar_inst.axi_crossbar_rd_inst.s_ifaces[I].addr_inst.m_axi_avalid_reg	axi_crossbar_inst.axi_crossbar_rd_inst.m_ifaces[I].reg_inst.genblkJ.genblkK.m_axi_arvalid_reg	0.195900	0.102587
axi_crossbar_inst.axi_crossbar_rd_inst.m_ifaces[I].reg_inst.genblkJ.genblkK.s_axi_arready_reg	axi_crossbar_inst.axi_crossbar_rd_inst.m_ifaces[I].trans_count_reg[J]	0.195900	0.142990
axi_crossbar_inst.axi_crossbar_wr_inst.s_ifaces[I].b_arb_inst.grant_valid_reg	axi_crossbar_inst.axi_crossbar_wr_inst.s_ifaces[I].b_arb_inst.grant_reg[J]	0.196100	0.164794
axi_crossbar_inst.axi_crossbar_wr_inst.m_ifaces[I].w_select_reg[J]	axi_crossbar_inst.axi_crossbar_wr_inst.m_ifaces[I].reg_inst.genblkJ.m_axi_wvalid_reg	0.196200	0.085742
axi_crossbar_inst.axi_crossbar_wr_inst.s_ifaces[I].addr_inst.m_select_reg[J]	axi_crossbar_inst.axi_crossbar_wr_inst.m_ifaces[I].reg_inst.genblkJ.genblkK.m_axi_awvalid_reg	0.196300	0.044948
axi_crossbar_inst.axi_crossbar_wr_inst.s_ifaces[I].b_arb_inst.grant_valid_reg	axi_crossbar_inst.axi_crossbar_wr_inst.s_ifaces[I].b_arb_inst.mask_reg[J]	0.196700	0.175059
axi_crossbar_inst.axi_crossbar_wr_inst.s_ifaces[I].addr_inst.m_axi_avalid_reg	axi_crossbar_inst.axi_crossbar_wr_inst.m_ifaces[I].reg_inst.genblkJ.genblkK.m_axi_awvalid_reg	0.196800	0.080114
mI_axi_wready	axi_crossbar_inst.axi_crossbar_wr_inst.m_ifaces[I].reg_inst.genblkJ.m_axi_wlast_reg	0.197700	0.404485
axi_crossbar_inst.axi_crossbar_wr_inst.m_ifaces[I].reg_inst.genblkJ.genblkK.s_axi_awready_reg	axi_crossbar_inst.axi_crossbar_wr_inst.m_ifaces[I].trans_count_reg[J]	0.198100	0.163461
axi_crossbar_inst.axi_crossbar_wr_inst.m_ifaces[I].a_arb_inst.grant_encoded_reg[J]	axi_crossbar_inst.axi_crossbar_wr_inst.s_ifaces[I].addr_inst.state_reg[J]	0.198700	0.099386
axi_crossbar_inst.axi_crossbar_wr_inst.m_ifaces[I].w_select_reg[J]	axi_crossbar_inst.axi_crossbar_wr_inst.m_ifaces[I].reg_inst.genblkJ.s_axi_wready_reg	0.199300	0.097736
axi_crossbar_inst.axi_crossbar_wr_inst.s_ifaces[I].addr_inst.thread_id_reg[J][K]	axi_crossbar_inst.axi_crossbar_wr_inst.s_ifaces[I].addr_inst.m_axi_avalid_reg	0.200400	0.113044
axi_crossbar_inst.axi_crossbar_wr_inst.m_ifaces[I].reg_inst.genblkJ.s_axi_wready_reg	axi_crossbar_inst.axi_crossbar_wr_inst.m_ifaces[I].a_arb_inst.grant_reg[J]	0.200400	0.078647
axi_crossbar_inst.axi_crossbar_rd_inst.s_ifaces[I].addr_inst.m_axi_avalid_reg	axi_crossbar_inst.axi_crossbar_rd_inst.m_ifaces[I].a_arb_inst.grant_valid_reg	0.200600	0.134260
axi_crossbar_inst.axi_crossbar_rd_inst.s_ifaces[I].addr_inst.m_axi_avalid_reg	axi_crossbar_inst.axi_crossbar_rd_inst.m_ifaces[I].reg_inst.genblkJ.genblkK.s_axi_arready_reg	0.200900	0.118339
axi_crossbar_inst.axi_crossbar_wr_inst.s_ifaces[I].w_drop_reg	axi_crossbar_inst.axi_crossbar_wr_inst.m_ifaces[I].a_arb_inst.grant_valid_reg	0.201100	0.081407
axi_crossbar_inst.axi_crossbar_wr_inst.m_ifaces[I].a_arb_inst.grant_valid_reg	axi_crossbar_inst.axi_crossbar_wr_inst.m_ifaces[I].a_arb_inst.grant_reg[J]	0.201700	0.134235
axi_crossbar_inst.axi_crossbar_wr_inst.s_ifaces[I].b_arb_inst.grant_encoded_reg[J]	axi_crossbar_inst.axi_crossbar_wr_inst.s_ifaces[I].reg_inst.genblkJ.genblkK.m_axi_bready_reg	0.203200	0.039602
axi_crossbar_inst.axi_crossbar_wr_inst.s_ifaces[I].b_arb_inst.grant_valid_reg	axi_crossbar_inst.axi_crossbar_wr_inst.s_ifaces[I].addr_inst.thread_id_reg[J][K]	0.205000	0.114330
axi_crossbar_inst.axi_crossbar_wr_inst.s_ifaces[I].b_arb_inst.grant_valid_reg	axi_crossbar_inst.axi_crossbar_wr_inst.s_ifaces[I].addr_inst.thread_m_reg[J][K]	0.205000	0.109056
axi_crossbar_inst.axi_crossbar_wr_inst.s_ifaces[I].reg_inst.genblkJ.genblkK.m_axi_bready_reg	axi_crossbar_inst.axi_crossbar_wr_inst.s_ifaces[I].b_arb_inst.grant_reg[J]	0.206900	0.168131
axi_crossbar_inst.axi_crossbar_rd_inst.s_ifaces[I].r_arb_inst.grant_valid_reg	axi_crossbar_inst.axi_crossbar_rd_inst.s_ifaces[I].addr_inst.thread_id_reg[J][K]	0.207300	0.109722
axi_crossbar_inst.axi_crossbar_rd_inst.s_ifaces[I].r_arb_inst.grant_valid_reg	axi_crossbar_inst.axi_crossbar_rd_inst.s_ifaces[I].addr_inst.thread_m_reg[J][K]	0.207300	0.100472
axi_crossbar_inst.axi_crossbar_wr_inst.s_ifaces[I].w_drop_reg	axi_crossbar_inst.axi_crossbar_wr_inst.m_ifaces[I].reg_inst.genblkJ.s_axi_wready_reg	0.207600	0.126526
axi_crossbar_inst.axi_crossbar_wr_inst.s_ifaces[I].w_drop_reg	axi_crossbar_inst.axi_crossbar_wr_inst.m_ifaces[I].reg_inst.genblkJ.temp_m_axi_wvalid_reg	0.208000	0.117930
axi_crossbar_inst.axi_crossbar_rd_inst.m_ifaces[I].a_arb_inst.grant_encoded_reg[J]	axi_crossbar_inst.axi_crossbar_rd_inst.m_ifaces[I].reg_inst.genblkJ.genblkK.m_axi_arvalid_reg	0.208400	0.197205
axi_crossbar_inst.axi_crossbar_rd_inst.s_ifaces[I].addr_inst.thread_id_reg[J][K]	axi_crossbar_inst.axi_crossbar_rd_inst.s_ifaces[I].addr_inst.m_axi_avalid_reg	0.208900	0.131319
axi_crossbar_inst.axi_crossbar_wr_inst.s_ifaces[I].addr_inst.m_axi_avalid_reg	axi_crossbar_inst.axi_crossbar_wr_inst.m_ifaces[I].reg_inst.genblkJ.genblkK.s_axi_awready_reg	0.209100	0.110476
mI_axi_wready	axi_crossbar_inst.axi_crossbar_wr_inst.m_ifaces[I].reg_inst.genblkJ.temp_m_axi_wlast_reg	0.209200	0.408086
axi_crossbar_inst.axi_crossbar_wr_inst.s_ifaces[I].w_drop_reg	axi_crossbar_inst.axi_crossbar_wr_inst.m_ifaces[I].reg_inst.genblkJ.m_axi_wvalid_reg	0.209600	0.118098
axi_crossbar_inst.axi_crossbar_wr_inst.s_ifaces[I].addr_inst.thread_id_reg[J][K]	axi_crossbar_inst.axi_crossbar_wr_inst.s_ifaces[I].addr_inst.m_wc_valid_reg	0.209800	0.112252
axi_crossbar_inst.axi_crossbar_wr_inst.s_ifaces[I].addr_inst.m_axi_avalid_reg	axi_crossbar_inst.axi_crossbar_wr_inst.m_ifaces[I].a_arb_inst.grant_valid_reg	0.209800	0.090390
axi_crossbar_inst.axi_crossbar_wr_inst.s_ifaces[I].addr_inst.thread_count_reg[J][K]	axi_crossbar_inst.axi_crossbar_wr_inst.s_ifaces[I].addr_inst.m_rc_valid_reg	0.210600	0.128727
axi_crossbar_inst.axi_crossbar_wr_inst.s_ifaces[I].addr_inst.m_select_reg[J]	axi_crossbar_inst.axi_crossbar_wr_inst.m_ifaces[I].reg_inst.genblkJ.genblkK.s_axi_awready_reg	0.210900	0.062466
axi_crossbar_inst.axi_crossbar_wr_inst.m_ifaces[I].a_arb_inst.grant_encoded_reg[J]	axi_crossbar_inst.axi_crossbar_wr_inst.s_ifaces[I].addr_inst.m_axi_avalid_reg	0.211300	0.110330
axi_crossbar_inst.axi_crossbar_wr_inst.s_ifaces[I].addr_inst.thread_id_reg[J][K]	axi_crossbar_inst.axi_crossbar_wr_inst.s_ifaces[I].addr_inst.m_rc_valid_reg	0.212400	0.145850
axi_crossbar_inst.axi_crossbar_wr_inst.s_ifaces[I].addr_inst.thread_count_reg[J][K]	axi_crossbar_inst.axi_crossbar_wr_inst.s_ifaces[I].addr_inst.m_wc_valid_reg	0.213000	0.120188
axi_crossbar_inst.axi_crossbar_rd_inst.s_ifaces[I].decerr_m_axi_rlast_reg	axi_crossbar_inst.axi_crossbar_rd_inst.s_ifaces[I].addr_inst.thread_id_reg[J][K]	0.213300	0.105905
axi_crossbar_inst.axi_crossbar_rd_inst.s_ifaces[I].decerr_m_axi_rlast_reg	axi_crossbar_inst.axi_crossbar_rd_inst.s_ifaces[I].addr_inst.thread_m_reg[J][K]	0.213300	0.101323
axi_crossbar_inst.axi_crossbar_rd_inst.s_ifaces[I].r_arb_inst.grant_encoded_reg[J]	axi_crossbar_inst.axi_crossbar_rd_inst.s_ifaces[I].reg_inst.genblkJ.m_axi_rready_reg	0.213600	0.082956
axi_crossbar_inst.axi_crossbar_rd_inst.s_ifaces[I].r_arb_inst.grant_encoded_reg[J]	axi_crossbar_inst.axi_crossbar_rd_inst.s_ifaces[I].reg_inst.genblkJ.s_axi_rlast_reg	0.213700	0.049808
axi_crossbar_inst.axi_crossbar_rd_inst.s_ifaces[I].r_arb_inst.grant_encoded_reg[J]	axi_crossbar_inst.axi_crossbar_rd_inst.s_ifaces[I].reg_inst.genblkJ.s_axi_rvalid_reg	0.214100	0.061899
axi_crossbar_inst.axi_crossbar_wr_inst.m_ifaces[I].reg_inst.genblkJ.s_axi_wready_reg	axi_crossbar_inst.axi_crossbar_wr_inst.m_ifaces[I].a_arb_inst.grant_encoded_reg[J]	0.215200	0.085863
axi_crossbar_inst.axi_crossbar_rd_inst.s_ifaces[I].addr_inst.m_select_reg[J]	axi_crossbar_inst.axi_crossbar_rd_inst.s_ifaces[I].addr_inst.state_reg[J]	0.215500	0.079210
axi_crossbar_inst.axi_crossbar_rd_inst.m_ifaces[I].a_arb_inst.grant_encoded_reg[J]	axi_crossbar_inst.axi_crossbar_rd_inst.s_ifaces[I].addr_inst.s_axi_aready_reg	0.216000	0.127154
axi_crossbar_inst.axi_crossbar_wr_inst.s_ifaces[I].w_select_valid_reg	axi_crossbar_inst.axi_crossbar_wr_inst.m_ifaces[I].w_select_valid_reg	0.217100	0.140838
axi_crossbar_inst.axi_crossbar_rd_inst.s_ifaces[I].decerr_len_reg[J]	axi_crossbar_inst.axi_crossbar_rd_inst.s_ifaces[I].decerr_m_axi_rlast_reg	0.217700	0.159852
axi_crossbar_inst.axi_crossbar_wr_inst.s_ifaces[I].w_select_reg[J]	axi_crossbar_inst.axi_crossbar_wr_inst.m_ifaces[I].w_select_valid_reg	0.217800	0.114355
axi_crossbar_inst.axi_crossbar_wr_inst.s_ifaces[I].addr_inst.thread_count_reg[J][K]	axi_crossbar_inst.axi_crossbar_wr_inst.s_ifaces[I].addr_inst.m_axi_avalid_reg	0.218800	0.073967
axi_crossbar_inst.axi_crossbar_rd_inst.s_ifaces[I].decerr_m_axi_rvalid_reg	axi_crossbar_inst.axi_crossbar_rd_inst.s_ifaces[I].r_arb_inst.grant_encoded_reg[J]	0.219200	0.081678
axi_crossbar_inst.axi_crossbar_rd_inst.s_ifaces[I].addr_inst.thread_id_reg[J][K]	axi_crossbar_inst.axi_crossbar_rd_inst.s_ifaces[I].addr_inst.m_rc_valid_reg	0.219600	0.104089
axi_crossbar_inst.axi_crossbar_rd_inst.s_ifaces[I].reg_inst.genblkJ.m_axi_rready_reg	axi_crossbar_inst.axi_crossbar_rd_inst.s_ifaces[I].r_arb_inst.grant_reg[J]	0.220500	0.127749
mI_axi_wready	axi_crossbar_inst.axi_crossbar_wr_inst.m_ifaces[I].reg_inst.genblkJ.m_axi_wvalid_reg	0.220700	0.408250
axi_crossbar_inst.axi_crossbar_rd_inst.s_ifaces[I].addr_inst.m_select_reg[J]	axi_crossbar_inst.axi_crossbar_rd_inst.s_ifaces[I].addr_inst.m_axi_avalid_reg	0.220800	0.087337
axi_crossbar_inst.axi_crossbar_wr_inst.s_ifaces[I].b_arb_inst.grant_encoded_reg[J]	axi_crossbar_inst.axi_crossbar_wr_inst.s_ifaces[I].reg_inst.genblkJ.genblkK.s_axi_bvalid_reg	0.221700	0.040817
axi_crossbar_inst.axi_crossbar_wr_inst.s_ifaces[I].addr_inst.m_select_reg[J]	axi_crossbar_inst.axi_crossbar_wr_inst.s_ifaces[I].addr_inst.m_axi_avalid_reg	0.222100	0.048241
axi_crossbar_inst.axi_crossbar_rd_inst.m_ifaces[I].reg_inst.genblkJ.genblkK.s_axi_arready_reg	axi_crossbar_inst.axi_crossbar_rd_inst.s_ifaces[I].addr_inst.s_axi_aready_reg	0.223700	0.104472
axi_crossbar_inst.axi_crossbar_rd_inst.s_ifaces[I].decerr_m_axi_rlast_reg	axi_crossbar_inst.axi_crossbar_rd_inst.s_ifaces[I].r_arb_inst.mask_reg[J]	0.223900	0.151575
sI_axi_rready	axi_crossbar_inst.axi_crossbar_rd_inst.s_ifaces[I].reg_inst.genblkJ.m_axi_rready_reg	0.224100	0.512395
axi_crossbar_inst.axi_crossbar_rd_inst.m_ifaces[I].reg_inst.genblkJ.genblkK.s_axi_arready_reg	axi_crossbar_inst.axi_crossbar_rd_inst.s_ifaces[I].addr_inst.state_reg[J]	0.224800	0.084490
axi_crossbar_inst.axi_crossbar_rd_inst.m_ifaces[I].a_arb_inst.grant_encoded_reg[J]	axi_crossbar_inst.axi_crossbar_rd_inst.s_ifaces[I].addr_inst.state_reg[J]	0.225400	0.107172
axi_crossbar_inst.axi_crossbar_rd_inst.s_ifaces[I].r_arb_inst.grant_valid_reg	axi_crossbar_inst.axi_crossbar_rd_inst.s_ifaces[I].r_arb_inst.mask_reg[J]	0.225800	0.201677
axi_crossbar_inst.axi_crossbar_wr_inst.m_ifaces[I].w_select_new_reg	axi_crossbar_inst.axi_crossbar_wr_inst.m_ifaces[I].a_arb_inst.grant_reg[J]	0.228700	0.146717
sI_axi_arlen[J]	axi_crossbar_inst.axi_crossbar_rd_inst.s_ifaces[I].decerr_len_reg[J]	0.229400	0.459513
axi_crossbar_inst.axi_crossbar_wr_inst.m_ifaces[I].a_arb_inst.grant_valid_reg	axi_crossbar_inst.axi_crossbar_wr_inst.m_ifaces[I].trans_count_reg[J]	0.229500	0.217336
axi_crossbar_inst.axi_crossbar_rd_inst.s_ifaces[I].addr_inst.m_select_reg[J]	axi_crossbar_inst.axi_crossbar_rd_inst.s_ifaces[I].addr_inst.m_rc_valid_reg	0.229800	0.195977
axi_crossbar_inst.axi_crossbar_wr_inst.s_ifaces[I].reg_inst.genblkJ.genblkK.m_axi_bready_reg	axi_crossbar_inst.axi_crossbar_wr_inst.s_ifaces[I].b_arb_inst.mask_reg[J]	0.229900	0.166346
axi_crossbar_inst.axi_crossbar_rd_inst.s_ifaces[I].addr_inst.m_select_reg[J]	axi_crossbar_inst.axi_crossbar_rd_inst.s_ifaces[I].addr_inst.s_axi_aready_reg	0.230900	0.087809
axi_crossbar_inst.axi_crossbar_rd_inst.s_ifaces[I].addr_inst.thread_id_reg[J][K]	axi_crossbar_inst.axi_crossbar_rd_inst.s_ifaces[I].addr_inst.state_reg[J]	0.231500	0.141715
axi_crossbar_inst.axi_crossbar_rd_inst.s_ifaces[I].decerr_len_reg[J]	axi_crossbar_inst.axi_crossbar_rd_inst.s_ifaces[I].decerr_len_reg[J]	0.232300	0.161255
axi_crossbar_inst.axi_crossbar_wr_inst.m_ifaces[I].w_select_reg[J]	axi_crossbar_inst.axi_crossbar_wr_inst.m_ifaces[I].w_select_valid_reg	0.232400	0.124336
axi_crossbar_inst.axi_crossbar_wr_inst.s_ifaces[I].b_arb_inst.grant_valid_reg	axi_crossbar_inst.axi_crossbar_wr_inst.s_ifaces[I].b_arb_inst.grant_encoded_reg[J]	0.234800	0.168497
axi_crossbar_inst.axi_crossbar_wr_inst.m_ifaces[I].a_arb_inst.grant_valid_reg	axi_crossbar_inst.axi_crossbar_wr_inst.m_ifaces[I].a_arb_inst.grant_encoded_reg[J]	0.235400	0.162667
axi_crossbar_inst.axi_crossbar_rd_inst.s_ifaces[I].r_arb_inst.grant_valid_reg	axi_crossbar_inst.axi_crossbar_rd_inst.s_ifaces[I].decerr_len_reg[J]	0.236100	0.105990
axi_crossbar_inst.axi_crossbar_rd_inst.s_ifaces[I].r_arb_inst.grant_valid_reg	axi_crossbar_inst.axi_crossbar_rd_inst.s_ifaces[I].decerr_m_axi_rlast_reg	0.236100	0.103885
axi_crossbar_inst.axi_crossbar_wr_inst.s_ifaces[I].addr_inst.state_reg[J]	axi_crossbar_inst.axi_crossbar_wr_inst.s_ifaces[I].addr_inst.thread_id_reg[J][K]	0.236800	0.176324
axi_crossbar_inst.axi_crossbar_wr_inst.s_ifaces[I].addr_inst.state_reg[J]	axi_crossbar_inst.axi_crossbar_wr_inst.s_ifaces[I].addr_inst.thread_m_reg[J][K]	0.236800	0.171051
axi_crossbar_inst.axi_crossbar_wr_inst.s_ifaces[I].addr_inst.m_select_reg[J]	axi_crossbar_inst.axi_crossbar_wr_inst.s_ifaces[I].addr_inst.m_rc_valid_reg	0.237400	0.235911
sI_axi_arvalid	axi_crossbar_inst.axi_crossbar_rd_inst.s_ifaces[I].addr_inst.m_decerr_reg	0.237500	0.389364
sI_axi_awvalid	axi_crossbar_inst.axi_crossbar_wr_inst.s_ifaces[I].addr_inst.m_decerr_reg	0.238000	0.421257
sI_axi_wlast	axi_crossbar_inst.axi_crossbar_wr_inst.s_ifaces[I].w_select_valid_reg	0.238700	0.480718
axi_crossbar_inst.axi_crossbar_rd_inst.m_ifaces[I].a_arb_inst.grant_valid_reg	axi_crossbar_inst.axi_crossbar_rd_inst.s_ifaces[I].addr_inst.state_reg[J]	0.239900	0.158912
axi_crossbar_inst.axi_crossbar_wr_inst.s_ifaces[I].decerr_m_axi_bvalid_reg	axi_crossbar_inst.axi_crossbar_wr_inst.s_ifaces[I].b_arb_inst.grant_valid_reg	0.240100	0.153209
axi_crossbar_inst.axi_crossbar_rd_inst.s_ifaces[I].reg_inst.genblkJ.m_axi_rready_reg	axi_crossbar_inst.axi_crossbar_rd_inst.s_ifaces[I].r_arb_inst.grant_encoded_reg[J]	0.240100	0.138255
axi_crossbar_inst.axi_crossbar_wr_inst.s_ifaces[I].addr_inst.m_select_reg[J]	axi_crossbar_inst.axi_crossbar_wr_inst.s_ifaces[I].addr_inst.m_wc_valid_reg	0.243100	0.233434
axi_crossbar_inst.axi_crossbar_rd_inst.s_ifaces[I].r_arb_inst.grant_reg[J]	axi_crossbar_inst.axi_crossbar_rd_inst.s_ifaces[I].r_arb_inst.grant_valid_reg	0.243300	0.199693
axi_crossbar_inst.axi_crossbar_wr_inst.m_ifaces[I].w_select_reg[J]	axi_crossbar_inst.axi_crossbar_wr_inst.m_ifaces[I].reg_inst.genblkJ.m_axi_wlast_reg	0.243500	0.112536
axi_crossbar_inst.axi_crossbar_wr_inst.m_ifaces[I].reg_inst.genblkJ.s_axi_wready_reg	axi_crossbar_inst.axi_crossbar_wr_inst.m_ifaces[I].reg_inst.genblkJ.m_axi_wdata_reg[K]	0.243500	0.036048
axi_crossbar_inst.axi_crossbar_wr_inst.m_ifaces[I].reg_inst.genblkJ.genblkK.s_axi_awready_reg	axi_crossbar_inst.axi_crossbar_wr_inst.m_ifaces[I].a_arb_inst.mask_reg[J]	0.243900	0.119500
axi_crossbar_inst.axi_crossbar_rd_inst.m_ifaces[I].a_arb_inst.grant_encoded_reg[J]	axi_crossbar_inst.axi_crossbar_rd_inst.s_ifaces[I].addr_inst.m_axi_avalid_reg	0.245000	0.146850
axi_crossbar_inst.axi_crossbar_wr_inst.m_ifaces[I].reg_inst.genblkJ.genblkK.s_axi_awready_reg	axi_crossbar_inst.axi_crossbar_wr_inst.s_ifaces[I].addr_inst.m_axi_avalid_reg	0.245000	0.140073
mI_axi_wready	axi_crossbar_inst.axi_crossbar_wr_inst.m_ifaces[I].reg_inst.genblkJ.s_axi_wready_reg	0.245800	0.468700
axi_crossbar_inst.axi_crossbar_wr_inst.m_ifaces[I].w_select_valid_reg	axi_crossbar_inst.axi_crossbar_wr_inst.m_ifaces[I].a_arb_inst.grant_reg[J]	0.246000	0.164701
axi_crossbar_inst.axi_crossbar_wr_inst.m_ifaces[I].reg_inst.genblkJ.s_axi_wready_reg	axi_crossbar_inst.axi_crossbar_wr_inst.s_ifaces[I].w_select_valid_reg	0.246000	0.193711
axi_crossbar_inst.axi_crossbar_wr_inst.s_ifaces[I].addr_inst.m_axi_avalid_reg	axi_crossbar_inst.axi_crossbar_wr_inst.m_ifaces[I].w_select_new_reg	0.246800	0.176198
axi_crossbar_inst.axi_crossbar_wr_inst.m_ifaces[I].reg_inst.genblkJ.genblkK.s_axi_awready_reg	axi_crossbar_inst.axi_crossbar_wr_inst.m_ifaces[I].a_arb_inst.grant_reg[J]	0.248900	0.120898
axi_crossbar_inst.axi_crossbar_wr_inst.m_ifaces[I].a_arb_inst.grant_valid_reg	axi_crossbar_inst.axi_crossbar_wr_inst.s_ifaces[I].addr_inst.m_axi_avalid_reg	0.251000	0.156847
sI_axi_arid[J]	axi_crossbar_inst.axi_crossbar_rd_inst.s_ifaces[I].decerr_m_axi_rid_reg[J]	0.251500	0.487834
sI_axi_awid[J]	axi_crossbar_inst.axi_crossbar_wr_inst.s_ifaces[I].decerr_m_axi_bid_reg[J]	0.251700	0.480222
axi_crossbar_inst.axi_crossbar_rd_inst.m_ifaces[I].a_arb_inst.grant_valid_reg	axi_crossbar_inst.axi_crossbar_rd_inst.s_ifaces[I].addr_inst.s_axi_aready_reg	0.251700	0.171322
axi_crossbar_inst.axi_crossbar_wr_inst.s_ifaces[I].w_drop_reg	axi_crossbar_inst.axi_crossbar_wr_inst.m_ifaces[I].w_select_valid_reg	0.251800	0.151034
axi_crossbar_inst.axi_crossbar_wr_inst.s_ifaces[I].reg_inst.genblkJ.genblkK.m_axi_bready_reg	axi_crossbar_inst.axi_crossbar_wr_inst.s_ifaces[I].b_arb_inst.grant_encoded_reg[J]	0.252900	0.169384
axi_crossbar_inst.axi_crossbar_wr_inst.s_ifaces[I].addr_inst.m_select_reg[J]	axi_crossbar_inst.axi_crossbar_wr_inst.m_ifaces[I].w_select_new_reg	0.255300	0.112299
axi_crossbar_inst.axi_crossbar_wr_inst.s_ifaces[I].b_arb_inst.grant_encoded_reg[J]	axi_crossbar_inst.axi_crossbar_wr_inst.s_ifaces[I].decerr_m_axi_bvalid_reg	0.255700	0.277388
axi_crossbar_inst.axi_crossbar_rd_inst.s_ifaces[I].decerr_m_axi_rvalid_reg	axi_crossbar_inst.axi_crossbar_rd_inst.s_ifaces[I].decerr_m_axi_rlast_reg	0.256200	0.113903
axi_crossbar_inst.axi_crossbar_wr_inst.s_ifaces[I].w_select_reg[J]	axi_crossbar_inst.axi_crossbar_wr_inst.s_ifaces[I].w_select_valid_reg	0.256300	0.191120
axi_crossbar_inst.axi_crossbar_rd_inst.s_ifaces[I].addr_inst.state_reg[J]	axi_crossbar_inst.axi_crossbar_rd_inst.s_ifaces[I].addr_inst.thread_id_reg[J][K]	0.256300	0.184173
axi_crossbar_inst.axi_crossbar_rd_inst.s_ifaces[I].addr_inst.state_reg[J]	axi_crossbar_inst.axi_crossbar_rd_inst.s_ifaces[I].addr_inst.thread_m_reg[J][K]	0.256300	0.174923
axi_crossbar_inst.axi_crossbar_rd_inst.m_ifaces[I].reg_inst.genblkJ.genblkK.s_axi_arready_reg	axi_crossbar_inst.axi_crossbar_rd_inst.m_ifaces[I].a_arb_inst.mask_reg[J]	0.257200	0.177564
axi_crossbar_inst.axi_crossbar_rd_inst.s_ifaces[I].r_arb_inst.grant_encoded_reg[J]	axi_crossbar_inst.axi_crossbar_rd_inst.s_ifaces[I].reg_inst.genblkJ.temp_s_axi_rlast_reg	0.257200	0.092492
axi_crossbar_inst.axi_crossbar_wr_inst.s_ifaces[I].b_arb_inst.grant_reg[J]	axi_crossbar_inst.axi_crossbar_wr_inst.s_ifaces[I].b_arb_inst.grant_valid_reg	0.257800	0.173757
axi_crossbar_inst.axi_crossbar_wr_inst.m_ifaces[I].reg_inst.genblkJ.s_axi_wready_reg	axi_crossbar_inst.axi_crossbar_wr_inst.m_ifaces[I].a_arb_inst.grant_valid_reg	0.258300	0.155499
axi_crossbar_inst.axi_crossbar_rd_inst.m_ifaces[I].a_arb_inst.grant_valid_reg	axi_crossbar_inst.axi_crossbar_rd_inst.m_ifaces[I].trans_count_reg[J]	0.259100	0.235979
axi_crossbar_inst.axi_crossbar_wr_inst.s_ifaces[I].b_arb_inst.grant_valid_reg	axi_crossbar_inst.axi_crossbar_wr_inst.s_ifaces[I].b_arb_inst.grant_valid_reg	0.259900	0.206175
axi_crossbar_inst.axi_crossbar_rd_inst.s_ifaces[I].decerr_m_axi_rvalid_reg	axi_crossbar_inst.axi_crossbar_rd_inst.s_ifaces[I].addr_inst.m_axi_avalid_reg	0.262300	0.239119
axi_crossbar_inst.axi_crossbar_wr_inst.m_ifaces[I].reg_inst.genblkJ.genblkK.s_axi_awready_reg	axi_crossbar_inst.axi_crossbar_wr_inst.m_ifaces[I].a_arb_inst.grant_encoded_reg[J]	0.264000	0.153924
mI_axi_awready	axi_crossbar_inst.axi_crossbar_wr_inst.m_ifaces[I].reg_inst.genblkJ.genblkK.s_axi_awready_reg	0.264300	0.517444
mI_axi_arready	axi_crossbar_inst.axi_crossbar_rd_inst.m_ifaces[I].reg_inst.genblkJ.genblkK.s_axi_arready_reg	0.264300	0.505946
sI_axi_bready	axi_crossbar_inst.axi_crossbar_wr_inst.s_ifaces[I].reg_inst.genblkJ.genblkK.m_axi_bready_reg	0.264400	0.519651
axi_crossbar_inst.axi_crossbar_wr_inst.m_ifaces[I].w_select_new_reg	axi_crossbar_inst.axi_crossbar_wr_inst.m_ifaces[I].a_arb_inst.grant_encoded_reg[J]	0.265300	0.182058
axi_crossbar_inst.axi_crossbar_wr_inst.m_ifaces[I].w_select_reg[J]	axi_crossbar_inst.axi_crossbar_wr_inst.m_ifaces[I].reg_inst.genblkJ.temp_m_axi_wlast_reg	0.266700	0.144338
axi_crossbar_inst.axi_crossbar_wr_inst.s_ifaces[I].addr_inst.trans_count_reg[J]	axi_crossbar_inst.axi_crossbar_wr_inst.s_ifaces[I].addr_inst.thread_id_reg[J][K]	0.267600	0.191750
axi_crossbar_inst.axi_crossbar_wr_inst.s_ifaces[I].addr_inst.trans_count_reg[J]	axi_crossbar_inst.axi_crossbar_wr_inst.s_ifaces[I].addr_inst.thread_m_reg[J][K]	0.267600	0.189665
axi_crossbar_inst.axi_crossbar_wr_inst.m_ifaces[I].w_select_valid_reg	axi_crossbar_inst.axi_crossbar_wr_inst.s_ifaces[I].w_select_valid_reg	0.268400	0.181906
axi_crossbar_inst.axi_crossbar_rd_inst.m_ifaces[I].reg_inst.genblkJ.genblkK.s_axi_arready_reg	axi_crossbar_inst.axi_crossbar_rd_inst.s_ifaces[I].addr_inst.m_axi_avalid_reg	0.270500	0.130780
axi_crossbar_inst.axi_crossbar_wr_inst.m_ifaces[I].reg_inst.genblkJ.s_axi_wready_reg	axi_crossbar_inst.axi_crossbar_wr_inst.m_ifaces[I].reg_inst.genblkJ.m_axi_wstrb_reg[K]	0.272600	0.083808
axi_crossbar_inst.axi_crossbar_rd_inst.s_ifaces[I].decerr_m_axi_rvalid_reg	axi_crossbar_inst.axi_crossbar_rd_inst.s_ifaces[I].addr_inst.state_reg[J]	0.273000	0.158749
axi_crossbar_inst.axi_crossbar_rd_inst.s_ifaces[I].r_arb_inst.grant_valid_reg	axi_crossbar_inst.axi_crossbar_rd_inst.s_ifaces[I].addr_inst.m_axi_avalid_reg	0.273500	0.185815
mI_axi_arready	axi_crossbar_inst.axi_crossbar_rd_inst.m_ifaces[I].reg_inst.genblkJ.genblkK.m_axi_arvalid_reg	0.274900	0.512973
mI_axi_awready	axi_crossbar_inst.axi_crossbar_wr_inst.m_ifaces[I].reg_inst.genblkJ.genblkK.m_axi_awvalid_reg	0.274900	0.486000
sI_axi_bready	axi_crossbar_inst.axi_crossbar_wr_inst.s_ifaces[I].reg_inst.genblkJ.genblkK.s_axi_bvalid_reg	0.274900	0.501655
axi_crossbar_inst.axi_crossbar_wr_inst.m_ifaces[I].w_select_valid_reg	axi_crossbar_inst.axi_crossbar_wr_inst.m_ifaces[I].a_arb_inst.grant_encoded_reg[J]	0.274900	0.202318
axi_crossbar_inst.axi_crossbar_rd_inst.s_ifaces[I].decerr_m_axi_rlast_reg	axi_crossbar_inst.axi_crossbar_rd_inst.s_ifaces[I].r_arb_inst.grant_reg[J]	0.275600	0.181562
axi_crossbar_inst.axi_crossbar_rd_inst.m_ifaces[I].reg_inst.genblkJ.genblkK.s_axi_arready_reg	axi_crossbar_inst.axi_crossbar_rd_inst.m_ifaces[I].a_arb_inst.grant_reg[J]	0.276600	0.192172
axi_crossbar_inst.axi_crossbar_rd_inst.s_ifaces[I].reg_inst.genblkJ.m_axi_rready_reg	axi_crossbar_inst.axi_crossbar_rd_inst.s_ifaces[I].addr_inst.m_axi_avalid_reg	0.277300	0.112663
axi_crossbar_inst.axi_crossbar_rd_inst.s_ifaces[I].r_arb_inst.grant_valid_reg	axi_crossbar_inst.axi_crossbar_rd_inst.s_ifaces[I].r_arb_inst.grant_reg[J]	0.278000	0.236573
axi_crossbar_inst.axi_crossbar_rd_inst.s_ifaces[I].decerr_m_axi_rvalid_reg	axi_crossbar_inst.axi_crossbar_rd_inst.s_ifaces[I].addr_inst.m_rc_valid_reg	0.278500	0.234855
axi_crossbar_inst.axi_crossbar_rd_inst.m_ifaces[I].a_arb_inst.grant_valid_reg	axi_crossbar_inst.axi_crossbar_rd_inst.s_ifaces[I].addr_inst.m_axi_avalid_reg	0.278900	0.205201
axi_crossbar_inst.axi_crossbar_wr_inst.s_ifaces[I].b_arb_inst.grant_encoded_reg[J]	axi_crossbar_inst.axi_crossbar_wr_inst.s_ifaces[I].b_arb_inst.grant_encoded_reg[J]	0.279300	0.337657
axi_crossbar_inst.axi_crossbar_wr_inst.m_ifaces[I].trans_count_reg[J]	axi_crossbar_inst.axi_crossbar_wr_inst.m_ifaces[I].a_arb_inst.grant_reg[J]	0.279500	0.243309
sI_axi_wvalid	axi_crossbar_inst.axi_crossbar_wr_inst.s_ifaces[I].w_select_valid_reg	0.281800	0.509048
axi_crossbar_inst.axi_crossbar_rd_inst.s_ifaces[I].reg_inst.genblkJ.m_axi_rready_reg	axi_crossbar_inst.axi_crossbar_rd_inst.s_ifaces[I].r_arb_inst.grant_valid_reg	0.282200	0.163928
sI_axi_wlast	axi_crossbar_inst.axi_crossbar_wr_inst.s_ifaces[I].w_drop_reg	0.282300	0.507504
axi_crossbar_inst.axi_crossbar_rd_inst.s_ifaces[I].decerr_m_axi_rlast_reg	axi_crossbar_inst.axi_crossbar_rd_inst.s_ifaces[I].r_arb_inst.grant_encoded_reg[J]	0.283300	0.187516
axi_crossbar_inst.axi_crossbar_rd_inst.s_ifaces[I].r_arb_inst.grant_valid_reg	axi_crossbar_inst.axi_crossbar_rd_inst.s_ifaces[I].addr_inst.m_rc_valid_reg	0.284300	0.202287
sI_axi_arvalid	axi_crossbar_inst.axi_crossbar_rd_inst.s_ifaces[I].addr_inst.state_reg[J]	0.284800	0.472345
axi_crossbar_inst.axi_crossbar_rd_inst.s_ifaces[I].r_arb_inst.grant_valid_reg	axi_crossbar_inst.axi_crossbar_rd_inst.s_ifaces[I].r_arb_inst.grant_encoded_reg[J]	0.285100	0.236854
axi_crossbar_inst.axi_crossbar_wr_inst.s_ifaces[I].addr_inst.thread_m_reg[J][K]	axi_crossbar_inst.axi_crossbar_wr_inst.s_ifaces[I].addr_inst.m_axi_avalid_reg	0.285100	0.163238
axi_crossbar_inst.axi_crossbar_rd_inst.s_ifaces[I].reg_inst.genblkJ.m_axi_rready_reg	axi_crossbar_inst.axi_crossbar_rd_inst.s_ifaces[I].addr_inst.m_rc_valid_reg	0.285300	0.129134
axi_crossbar_inst.axi_crossbar_rd_inst.m_ifaces[I].trans_count_reg[J]	axi_crossbar_inst.axi_crossbar_rd_inst.m_ifaces[I].a_arb_inst.grant_reg[J]	0.285600	0.269943
axi_crossbar_inst.axi_crossbar_rd_inst.s_ifaces[I].decerr_m_axi_rlast_reg	axi_crossbar_inst.axi_crossbar_rd_inst.s_ifaces[I].addr_inst.m_axi_avalid_reg	0.286700	0.219756
axi_crossbar_inst.axi_crossbar_rd_inst.m_ifaces[I].a_arb_inst.grant_reg[J]	axi_crossbar_inst.axi_crossbar_rd_inst.m_ifaces[I].a_arb_inst.grant_valid_reg	0.287200	0.216114
axi_crossbar_inst.axi_crossbar_wr_inst.s_ifaces[I].w_drop_reg	sI_axi_wready	0.287200	-0.067017
axi_crossbar_inst.axi_crossbar_rd_inst.s_ifaces[I].reg_inst.genblkJ.m_axi_rready_reg	axi_crossbar_inst.axi_crossbar_rd_inst.s_ifaces[I].reg_inst.genblkJ.temp_s_axi_rdata_reg[K]	0.289700	0.169445
axi_crossbar_inst.axi_crossbar_rd_inst.s_ifaces[I].reg_inst.genblkJ.m_axi_rready_reg	axi_crossbar_inst.axi_crossbar_rd_inst.s_ifaces[I].reg_inst.genblkJ.temp_s_axi_rid_reg[K]	0.289700	0.188879
axi_crossbar_inst.axi_crossbar_wr_inst.m_ifaces[I].reg_inst.genblkJ.genblkK.s_axi_awready_reg	axi_crossbar_inst.axi_crossbar_wr_inst.m_ifaces[I].reg_inst.genblkJ.genblkK.m_axi_awaddr_reg[L]	0.292400	0.106549
axi_crossbar_inst.axi_crossbar_rd_inst.s_ifaces[I].addr_inst.trans_count_reg[J]	axi_crossbar_inst.axi_crossbar_rd_inst.s_ifaces[I].addr_inst.thread_id_reg[J][K]	0.293200	0.188401
axi_crossbar_inst.axi_crossbar_rd_inst.s_ifaces[I].addr_inst.trans_count_reg[J]	axi_crossbar_inst.axi_crossbar_rd_inst.s_ifaces[I].addr_inst.thread_m_reg[J][K]	0.293200	0.178033
axi_crossbar_inst.axi_crossbar_rd_inst.s_ifaces[I].reg_inst.genblkJ.m_axi_rready_reg	axi_crossbar_inst.axi_crossbar_rd_inst.s_ifaces[I].reg_inst.genblkJ.s_axi_rid_reg[K]	0.294400	0.137462
axi_crossbar_inst.axi_crossbar_rd_inst.s_ifaces[I].reg_inst.genblkJ.m_axi_rready_reg	axi_crossbar_inst.axi_crossbar_rd_inst.s_ifaces[I].decerr_m_axi_rvalid_reg	0.296400	0.185823
axi_crossbar_inst.axi_crossbar_rd_inst.s_ifaces[I].r_arb_inst.grant_encoded_reg[J]	axi_crossbar_inst.axi_crossbar_rd_inst.s_ifaces[I].decerr_m_axi_rvalid_reg	0.296600	0.256639
axi_crossbar_inst.axi_crossbar_rd_inst.s_ifaces[I].reg_inst.genblkJ.m_axi_rready_reg	axi_crossbar_inst.axi_crossbar_rd_inst.s_ifaces[I].reg_inst.genblkJ.s_axi_rdata_reg[K]	0.297200	0.106408
axi_crossbar_inst.axi_crossbar_wr_inst.m_ifaces[I].reg_inst.genblkJ.s_axi_wready_reg	axi_crossbar_inst.axi_crossbar_wr_inst.m_ifaces[I].reg_inst.genblkJ.temp_m_axi_wdata_reg[K]	0.297800	0.122756
axi_crossbar_inst.axi_crossbar_wr_inst.s_ifaces[I].addr_inst.thread_m_reg[J][K]	axi_crossbar_inst.axi_crossbar_wr_inst.s_ifaces[I].addr_inst.m_rc_valid_reg	0.301100	0.238646
axi_crossbar_inst.axi_crossbar_wr_inst.m_ifaces[I].w_select_reg[J]	axi_crossbar_inst.axi_crossbar_wr_inst.m_ifaces[I].w_select_reg[J]	0.301300	0.384731
axi_crossbar_inst.axi_crossbar_rd_inst.s_ifaces[I].reg_inst.genblkJ.m_axi_rready_reg	axi_crossbar_inst.axi_crossbar_rd_inst.s_ifaces[I].addr_inst.state_reg[J]	0.301500	0.199044
axi_crossbar_inst.axi_crossbar_wr_inst.s_ifaces[I].addr_inst.thread_m_reg[J][K]	axi_crossbar_inst.axi_crossbar_wr_inst.s_ifaces[I].addr_inst.m_wc_valid_reg	0.301500	0.248054
axi_crossbar_inst.axi_crossbar_wr_inst.s_ifaces[I].addr_inst.thread_m_reg[J][K]	axi_crossbar_inst.axi_crossbar_wr_inst.s_ifaces[I].addr_inst.state_reg[J]	0.301900	0.247795
axi_crossbar_inst.axi_crossbar_rd_inst.s_ifaces[I].decerr_m_axi_rlast_reg	axi_crossbar_inst.axi_crossbar_rd_inst.s_ifaces[I].addr_inst.m_rc_valid_reg	0.302900	0.236817
axi_crossbar_inst.axi_crossbar_rd_inst.m_ifaces[I].trans_count_reg[J]	axi_crossbar_inst.axi_crossbar_rd_inst.m_ifaces[I].a_arb_inst.grant_encoded_reg[J]	0.303100	0.274342
axi_crossbar_inst.axi_crossbar_wr_inst.m_ifaces[I].a_arb_inst.grant_valid_reg	axi_crossbar_inst.axi_crossbar_wr_inst.m_ifaces[I].a_arb_inst.grant_valid_reg	0.303700	0.230705
axi_crossbar_inst.axi_crossbar_wr_inst.m_ifaces[I].trans_count_reg[J]	axi_crossbar_inst.axi_crossbar_wr_inst.m_ifaces[I].a_arb_inst.grant_encoded_reg[J]	0.304000	0.267292
axi_crossbar_inst.axi_crossbar_wr_inst.m_ifaces[I].reg_inst.genblkJ.genblkK.s_axi_awready_reg	axi_crossbar_inst.axi_crossbar_wr_inst.m_ifaces[I].reg_inst.genblkJ.genblkK.m_axi_awid_reg[L]	0.304500	0.123768
axi_crossbar_inst.axi_crossbar_rd_inst.s_ifaces[I].reg_inst.genblkJ.s_axi_rvalid_reg	axi_crossbar_inst.axi_crossbar_rd_inst.s_ifaces[I].reg_inst.genblkJ.temp_s_axi_rdata_reg[K]	0.304700	0.286353
axi_crossbar_inst.axi_crossbar_rd_inst.s_ifaces[I].reg_inst.genblkJ.s_axi_rvalid_reg	axi_crossbar_inst.axi_crossbar_rd_inst.s_ifaces[I].reg_inst.genblkJ.temp_s_axi_rid_reg[K]	0.304700	0.272405
axi_crossbar_inst.axi_crossbar_wr_inst.s_ifaces[I].decerr_m_axi_bvalid_reg	axi_crossbar_inst.axi_crossbar_wr_inst.s_ifaces[I].addr_inst.m_axi_avalid_reg	0.306100	0.250707
axi_crossbar_inst.axi_crossbar_wr_inst.s_ifaces[I].decerr_m_axi_bvalid_reg	axi_crossbar_inst.axi_crossbar_wr_inst.s_ifaces[I].addr_inst.state_reg[J]	0.307500	0.187248
axi_crossbar_inst.axi_crossbar_wr_inst.s_ifaces[I].decerr_m_axi_bvalid_reg	axi_crossbar_inst.axi_crossbar_wr_inst.s_ifaces[I].addr_inst.m_rc_valid_reg	0.308600	0.299531
axi_crossbar_inst.axi_crossbar_rd_inst.m_ifaces[I].a_arb_inst.grant_encoded_reg[J]	axi_crossbar_inst.axi_crossbar_rd_inst.m_ifaces[I].a_arb_inst.grant_encoded_reg[J]	0.308700	0.315529
axi_crossbar_inst.axi_crossbar_wr_inst.m_ifaces[I].a_arb_inst.grant_encoded_reg[J]	axi_crossbar_inst.axi_crossbar_wr_inst.m_ifaces[I].a_arb_inst.grant_encoded_reg[J]	0.308800	0.376101
axi_crossbar_inst.axi_crossbar_rd_inst.s_ifaces[I].reg_inst.genblkJ.m_axi_rready_reg	axi_crossbar_inst.axi_crossbar_rd_inst.s_ifaces[I].reg_inst.genblkJ.s_axi_rlast_reg	0.309400	0.139613
axi_crossbar_inst.axi_crossbar_rd_inst.s_ifaces[I].reg_inst.genblkJ.m_axi_rready_reg	axi_crossbar_inst.axi_crossbar_rd_inst.s_ifaces[I].reg_inst.genblkJ.s_axi_rresp_reg[K]	0.309400	0.138362
axi_crossbar_inst.axi_crossbar_wr_inst.m_ifaces[I].reg_inst.genblkJ.genblkK.s_axi_awready_reg	axi_crossbar_inst.axi_crossbar_wr_inst.m_ifaces[I].reg_inst.genblkJ.genblkK.m_axi_awburst_reg[L]	0.310400	0.123062
axi_crossbar_inst.axi_crossbar_wr_inst.m_ifaces[I].reg_inst.genblkJ.genblkK.s_axi_awready_reg	axi_crossbar_inst.axi_crossbar_wr_inst.m_ifaces[I].reg_inst.genblkJ.genblkK.m_axi_awcache_reg[L]	0.310400	0.119943
axi_crossbar_inst.axi_crossbar_wr_inst.m_ifaces[I].reg_inst.genblkJ.genblkK.s_axi_awready_reg	axi_crossbar_inst.axi_crossbar_wr_inst.m_ifaces[I].reg_inst.genblkJ.genblkK.m_axi_awprot_reg[L]	0.310400	0.122290
axi_crossbar_inst.axi_crossbar_wr_inst.m_ifaces[I].reg_inst.genblkJ.genblkK.s_axi_awready_reg	axi_crossbar_inst.axi_crossbar_wr_inst.m_ifaces[I].reg_inst.genblkJ.genblkK.m_axi_awqos_reg[L]	0.310400	0.130339
axi_crossbar_inst.axi_crossbar_wr_inst.m_ifaces[I].reg_inst.genblkJ.genblkK.s_axi_awready_reg	axi_crossbar_inst.axi_crossbar_wr_inst.m_ifaces[I].reg_inst.genblkJ.genblkK.m_axi_awsize_reg[L]	0.310400	0.105633
axi_crossbar_inst.axi_crossbar_rd_inst.m_ifaces[I].reg_inst.genblkJ.genblkK.s_axi_arready_reg	axi_crossbar_inst.axi_crossbar_rd_inst.m_ifaces[I].reg_inst.genblkJ.genblkK.m_axi_arburst_reg[L]	0.310400	0.226791
axi_crossbar_inst.axi_crossbar_rd_inst.m_ifaces[I].reg_inst.genblkJ.genblkK.s_axi_arready_reg	axi_crossbar_inst.axi_crossbar_rd_inst.m_ifaces[I].reg_inst.genblkJ.genblkK.m_axi_arcache_reg[L]	0.310400	0.219519
axi_crossbar_inst.axi_crossbar_rd_inst.m_ifaces[I].reg_inst.genblkJ.genblkK.s_axi_arready_reg	axi_crossbar_inst.axi_crossbar_rd_inst.m_ifaces[I].reg_inst.genblkJ.genblkK.m_axi_arprot_reg[L]	0.310400	0.184572
axi_crossbar_inst.axi_crossbar_rd_inst.m_ifaces[I].reg_inst.genblkJ.genblkK.s_axi_arready_reg	axi_crossbar_inst.axi_crossbar_rd_inst.m_ifaces[I].reg_inst.genblkJ.genblkK.m_axi_arqos_reg[L]	0.310400	0.126887
axi_crossbar_inst.axi_crossbar_rd_inst.m_ifaces[I].reg_inst.genblkJ.genblkK.s_axi_arready_reg	axi_crossbar_inst.axi_crossbar_rd_inst.m_ifaces[I].reg_inst.genblkJ.genblkK.m_axi_arsize_reg[L]	0.310400	0.133142
axi_crossbar_inst.axi_crossbar_rd_inst.m_ifaces[I].reg_inst.genblkJ.genblkK.s_axi_arready_reg	axi_crossbar_inst.axi_crossbar_rd_inst.m_ifaces[I].a_arb_inst.grant_encoded_reg[J]	0.310800	0.205849
axi_crossbar_inst.axi_crossbar_wr_inst.s_ifaces[I].reg_inst.genblkJ.genblkK.m_axi_bready_reg	axi_crossbar_inst.axi_crossbar_wr_inst.s_ifaces[I].b_arb_inst.grant_valid_reg	0.311300	0.227589
axi_crossbar_inst.axi_crossbar_rd_inst.s_ifaces[I].decerr_m_axi_rlast_reg	axi_crossbar_inst.axi_crossbar_rd_inst.s_ifaces[I].addr_inst.state_reg[J]	0.311600	0.243239
axi_crossbar_inst.axi_crossbar_rd_inst.s_ifaces[I].addr_inst.thread_m_reg[J][K]	axi_crossbar_inst.axi_crossbar_rd_inst.s_ifaces[I].addr_inst.state_reg[J]	0.313000	0.227007
axi_crossbar_inst.axi_crossbar_rd_inst.s_ifaces[I].addr_inst.thread_m_reg[J][K]	axi_crossbar_inst.axi_crossbar_rd_inst.s_ifaces[I].addr_inst.m_axi_avalid_reg	0.313100	0.213524
axi_crossbar_inst.axi_crossbar_rd_inst.s_ifaces[I].r_arb_inst.grant_valid_reg	axi_crossbar_inst.axi_crossbar_rd_inst.s_ifaces[I].addr_inst.state_reg[J]	0.313700	0.217893
axi_crossbar_inst.axi_crossbar_wr_inst.s_ifaces[I].decerr_m_axi_bvalid_reg	axi_crossbar_inst.axi_crossbar_wr_inst.s_ifaces[I].addr_inst.m_wc_valid_reg	0.315100	0.194915
axi_crossbar_inst.axi_crossbar_rd_inst.m_ifaces[I].reg_inst.genblkJ.genblkK.s_axi_arready_reg	axi_crossbar_inst.axi_crossbar_rd_inst.m_ifaces[I].reg_inst.genblkJ.genblkK.m_axi_araddr_reg[L]	0.315200	0.126658
axi_crossbar_inst.axi_crossbar_rd_inst.m_ifaces[I].reg_inst.genblkJ.genblkK.s_axi_arready_reg	axi_crossbar_inst.axi_crossbar_rd_inst.m_ifaces[I].reg_inst.genblkJ.genblkK.m_axi_arlen_reg[L]	0.315200	0.176611
axi_crossbar_inst.axi_crossbar_rd_inst.s_ifaces[I].reg_inst.genblkJ.m_axi_rready_reg	axi_crossbar_inst.axi_crossbar_rd_inst.s_ifaces[I].reg_inst.genblkJ.temp_s_axi_rresp_reg[K]	0.317700	0.196389
axi_crossbar_inst.axi_crossbar_wr_inst.m_ifaces[I].w_select_valid_reg	axi_crossbar_inst.axi_crossbar_wr_inst.m_ifaces[I].a_arb_inst.grant_valid_reg	0.318100	0.246009
axi_crossbar_inst.axi_crossbar_rd_inst.s_ifaces[I].reg_inst.genblkJ.m_axi_rready_reg	axi_crossbar_inst.axi_crossbar_rd_inst.s_ifaces[I].reg_inst.genblkJ.temp_s_axi_rlast_reg	0.318200	0.197865
axi_crossbar_inst.axi_crossbar_rd_inst.m_ifaces[I].a_arb_inst.grant_valid_reg	axi_crossbar_inst.axi_crossbar_rd_inst.m_ifaces[I].a_arb_inst.mask_reg[J]	0.319400	0.322644
axi_crossbar_inst.axi_crossbar_wr_inst.m_ifaces[I].a_arb_inst.grant_reg[J]	axi_crossbar_inst.axi_crossbar_wr_inst.m_ifaces[I].a_arb_inst.grant_valid_reg	0.319500	0.233560
axi_crossbar_inst.axi_crossbar_wr_inst.m_ifaces[I].reg_inst.genblkJ.m_axi_wvalid_reg	axi_crossbar_inst.axi_crossbar_wr_inst.m_ifaces[I].reg_inst.genblkJ.m_axi_wdata_reg[K]	0.320600	0.342573
axi_crossbar_inst.axi_crossbar_wr_inst.m_ifaces[I].reg_inst.genblkJ.m_axi_wvalid_reg	axi_crossbar_inst.axi_crossbar_wr_inst.m_ifaces[I].reg_inst.genblkJ.m_axi_wstrb_reg[K]	0.322600	0.344825
axi_crossbar_inst.axi_crossbar_rd_inst.s_ifaces[I].addr_inst.thread_m_reg[J][K]	axi_crossbar_inst.axi_crossbar_rd_inst.s_ifaces[I].addr_inst.m_rc_valid_reg	0.322600	0.213235
axi_crossbar_inst.axi_crossbar_wr_inst.m_ifaces[I].reg_inst.genblkJ.s_axi_wready_reg	axi_crossbar_inst.axi_crossbar_wr_inst.m_ifaces[I].reg_inst.genblkJ.m_axi_wlast_reg	0.323500	0.136594
axi_crossbar_inst.axi_crossbar_rd_inst.s_ifaces[I].decerr_m_axi_rvalid_reg	axi_crossbar_inst.axi_crossbar_rd_inst.s_ifaces[I].decerr_len_reg[J]	0.323900	0.116008
sI_axi_wvalid	axi_crossbar_inst.axi_crossbar_wr_inst.s_ifaces[I].w_drop_reg	0.325400	0.530525
axi_crossbar_inst.axi_crossbar_rd_inst.m_ifaces[I].a_arb_inst.grant_valid_reg	axi_crossbar_inst.axi_crossbar_rd_inst.m_ifaces[I].a_arb_inst.grant_reg[J]	0.325500	0.324114
axi_crossbar_inst.axi_crossbar_wr_inst.m_ifaces[I].a_arb_inst.grant_encoded_reg[J]	axi_crossbar_inst.axi_crossbar_wr_inst.m_ifaces[I].w_select_reg[J]	0.326500	0.358200
axi_crossbar_inst.axi_crossbar_wr_inst.m_ifaces[I].reg_inst.genblkJ.s_axi_wready_reg	axi_crossbar_inst.axi_crossbar_wr_inst.m_ifaces[I].reg_inst.genblkJ.m_axi_wvalid_reg	0.327000	0.252545
sI_axi_awvalid	axi_crossbar_inst.axi_crossbar_wr_inst.s_ifaces[I].addr_inst.state_reg[J]	0.328200	0.484446
axi_crossbar_inst.axi_crossbar_wr_inst.m_ifaces[I].reg_inst.genblkJ.s_axi_wready_reg	axi_crossbar_inst.axi_crossbar_wr_inst.m_ifaces[I].reg_inst.genblkJ.temp_m_axi_wstrb_reg[K]	0.328500	0.127837
axi_crossbar_inst.axi_crossbar_wr_inst.m_ifaces[I].w_select_new_reg	axi_crossbar_inst.axi_crossbar_wr_inst.m_ifaces[I].a_arb_inst.grant_valid_reg	0.330800	0.256552
axi_crossbar_inst.axi_crossbar_rd_inst.s_ifaces[I].reg_inst.genblkJ.s_axi_rdata_reg[K]	sI_axi_rdata[J]	0.333000	-0.024411
axi_crossbar_inst.axi_crossbar_wr_inst.s_ifaces[I].reg_inst.genblkJ.genblkK.s_axi_bresp_reg[L]	sI_axi_bresp[J]	0.333000	-0.024053
axi_crossbar_inst.axi_crossbar_rd_inst.m_ifaces[I].reg_inst.genblkJ.genblkK.m_axi_arvalid_reg	mI_axi_arvalid	0.333000	-0.023344
axi_crossbar_inst.axi_crossbar_wr_inst.m_ifaces[I].reg_inst.genblkJ.genblkK.m_axi_awvalid_reg	mI_axi_awvalid	0.333000	-0.024586
axi_crossbar_inst.axi_crossbar_wr_inst.s_ifaces[I].reg_inst.genblkJ.genblkK.s_axi_bvalid_reg	sI_axi_bvalid	0.333000	-0.021183
axi_crossbar_inst.axi_crossbar_wr_inst.m_ifaces[I].reg_inst.genblkJ.m_axi_wdata_reg[K]	mI_axi_wdata[J]	0.333100	-0.020082
axi_crossbar_inst.axi_crossbar_wr_inst.m_ifaces[I].reg_inst.genblkJ.m_axi_wlast_reg	mI_axi_wlast	0.333100	-0.016029
axi_crossbar_inst.axi_crossbar_wr_inst.m_ifaces[I].reg_inst.genblkJ.m_axi_wstrb_reg[K]	mI_axi_wstrb[J]	0.333100	-0.020057
axi_crossbar_inst.axi_crossbar_rd_inst.s_ifaces[I].reg_inst.genblkJ.s_axi_rid_reg[K]	sI_axi_rid[J]	0.333100	-0.041865
axi_crossbar_inst.axi_crossbar_rd_inst.s_ifaces[I].reg_inst.genblkJ.s_axi_rlast_reg	sI_axi_rlast	0.333100	-0.019888
axi_crossbar_inst.axi_crossbar_rd_inst.s_ifaces[I].reg_inst.genblkJ.s_axi_rresp_reg[K]	sI_axi_rresp[J]	0.333100	-0.020466
axi_crossbar_inst.axi_crossbar_wr_inst.s_ifaces[I].reg_inst.genblkJ.genblkK.s_axi_bid_reg[L]	sI_axi_bid[J]	0.333100	-0.031275
axi_crossbar_inst.axi_crossbar_wr_inst.m_ifaces[I].reg_inst.genblkJ.m_axi_wvalid_reg	mI_axi_wvalid	0.333100	-0.020845
axi_crossbar_inst.axi_crossbar_rd_inst.s_ifaces[I].reg_inst.genblkJ.s_axi_rvalid_reg	sI_axi_rvalid	0.333100	-0.019331
axi_crossbar_inst.axi_crossbar_rd_inst.s_ifaces[I].r_arb_inst.grant_valid_reg	axi_crossbar_inst.axi_crossbar_rd_inst.s_ifaces[I].r_arb_inst.grant_valid_reg	0.334700	0.281285
axi_crossbar_inst.axi_crossbar_rd_inst.m_ifaces[I].reg_inst.genblkJ.genblkK.m_axi_araddr_reg[L]	mI_axi_araddr[J]	0.334800	-0.038388
axi_crossbar_inst.axi_crossbar_rd_inst.m_ifaces[I].reg_inst.genblkJ.genblkK.m_axi_arburst_reg[L]	mI_axi_arburst[J]	0.334800	-0.013667
axi_crossbar_inst.axi_crossbar_rd_inst.m_ifaces[I].reg_inst.genblkJ.genblkK.m_axi_arcache_reg[L]	mI_axi_arcache[J]	0.334800	-0.017338
axi_crossbar_inst.axi_crossbar_rd_inst.m_ifaces[I].reg_inst.genblkJ.genblkK.m_axi_arid_reg[L]	mI_axi_arid[J]	0.334800	-0.056017
axi_crossbar_inst.axi_crossbar_rd_inst.m_ifaces[I].reg_inst.genblkJ.genblkK.m_axi_arlen_reg[L]	mI_axi_arlen[J]	0.334800	-0.027056
axi_crossbar_inst.axi_crossbar_rd_inst.m_ifaces[I].reg_inst.genblkJ.genblkK.m_axi_arlock_reg	mI_axi_arlock	0.334800	-0.017998
axi_crossbar_inst.axi_crossbar_rd_inst.m_ifaces[I].reg_inst.genblkJ.genblkK.m_axi_arprot_reg[L]	mI_axi_arprot[J]	0.334800	-0.033131
axi_crossbar_inst.axi_crossbar_rd_inst.m_ifaces[I].reg_inst.genblkJ.genblkK.m_axi_arqos_reg[L]	mI_axi_arqos[J]	0.334800	-0.035295
axi_crossbar_inst.axi_crossbar_rd_inst.m_ifaces[I].reg_inst.genblkJ.genblkK.m_axi_arsize_reg[L]	mI_axi_arsize[J]	0.334800	-0.032407
axi_crossbar_inst.axi_crossbar_wr_inst.m_ifaces[I].reg_inst.genblkJ.genblkK.m_axi_awaddr_reg[L]	mI_axi_awaddr[J]	0.334800	-0.037648
axi_crossbar_inst.axi_crossbar_wr_inst.m_ifaces[I].reg_inst.genblkJ.genblkK.m_axi_awburst_reg[L]	mI_axi_awburst[J]	0.334800	-0.032911
axi_crossbar_inst.axi_crossbar_wr_inst.m_ifaces[I].reg_inst.genblkJ.genblkK.m_axi_awcache_reg[L]	mI_axi_awcache[J]	0.334800	-0.017957
axi_crossbar_inst.axi_crossbar_wr_inst.m_ifaces[I].reg_inst.genblkJ.genblkK.m_axi_awid_reg[L]	mI_axi_awid[J]	0.334800	-0.044673
axi_crossbar_inst.axi_crossbar_wr_inst.m_ifaces[I].reg_inst.genblkJ.genblkK.m_axi_awlen_reg[L]	mI_axi_awlen[J]	0.334800	-0.005665
axi_crossbar_inst.axi_crossbar_wr_inst.m_ifaces[I].reg_inst.genblkJ.genblkK.m_axi_awlock_reg	mI_axi_awlock	0.334800	0.000380
axi_crossbar_inst.axi_crossbar_wr_inst.m_ifaces[I].reg_inst.genblkJ.genblkK.m_axi_awprot_reg[L]	mI_axi_awprot[J]	0.334800	-0.046754
axi_crossbar_inst.axi_crossbar_wr_inst.m_ifaces[I].reg_inst.genblkJ.genblkK.m_axi_awqos_reg[L]	mI_axi_awqos[J]	0.334800	-0.013715
axi_crossbar_inst.axi_crossbar_wr_inst.m_ifaces[I].reg_inst.genblkJ.genblkK.m_axi_awsize_reg[L]	mI_axi_awsize[J]	0.334800	-0.003091
axi_crossbar_inst.axi_crossbar_rd_inst.s_ifaces[I].decerr_m_axi_rvalid_reg	axi_crossbar_inst.axi_crossbar_rd_inst.s_ifaces[I].r_arb_inst.grant_valid_reg	0.336500	0.191880
axi_crossbar_inst.axi_crossbar_rd_inst.s_ifaces[I].addr_inst.s_axi_aready_reg	sI_axi_arready	0.336900	-0.039405
axi_crossbar_inst.axi_crossbar_wr_inst.s_ifaces[I].addr_inst.s_axi_aready_reg	sI_axi_awready	0.336900	-0.054124
axi_crossbar_inst.axi_crossbar_wr_inst.s_ifaces[I].reg_inst.genblkJ.genblkK.m_axi_bready_reg	axi_crossbar_inst.axi_crossbar_wr_inst.s_ifaces[I].addr_inst.m_axi_avalid_reg	0.336900	0.214331
axi_crossbar_inst.axi_crossbar_wr_inst.m_ifaces[I].reg_inst.genblkJ.s_axi_wready_reg	axi_crossbar_inst.axi_crossbar_wr_inst.m_ifaces[I].reg_inst.genblkJ.temp_m_axi_wvalid_reg	0.338200	0.243379
axi_crossbar_inst.axi_crossbar_rd_inst.s_ifaces[I].reg_inst.genblkJ.m_axi_rready_reg	axi_crossbar_inst.axi_crossbar_rd_inst.s_ifaces[I].reg_inst.genblkJ.temp_s_axi_rvalid_reg	0.340000	0.211057
axi_crossbar_inst.axi_crossbar_wr_inst.s_ifaces[I].reg_inst.genblkJ.genblkK.m_axi_bready_reg	axi_crossbar_inst.axi_crossbar_wr_inst.s_ifaces[I].addr_inst.m_rc_valid_reg	0.340100	0.284226
axi_crossbar_inst.axi_crossbar_rd_inst.s_ifaces[I].addr_inst.m_rc_valid_reg	axi_crossbar_inst.axi_crossbar_rd_inst.s_ifaces[I].decerr_len_reg[J]	0.340700	0.312594
axi_crossbar_inst.axi_crossbar_wr_inst.s_ifaces[I].reg_inst.genblkJ.genblkK.m_axi_bready_reg	axi_crossbar_inst.axi_crossbar_wr_inst.s_ifaces[I].addr_inst.m_wc_valid_reg	0.341200	0.153479
axi_crossbar_inst.axi_crossbar_wr_inst.m_ifaces[I].reg_inst.genblkJ.s_axi_wready_reg	axi_crossbar_inst.axi_crossbar_wr_inst.m_ifaces[I].w_select_valid_reg	0.341500	0.246032
axi_crossbar_inst.axi_crossbar_wr_inst.s_ifaces[I].reg_inst.genblkJ.genblkK.m_axi_bready_reg	axi_crossbar_inst.axi_crossbar_wr_inst.s_ifaces[I].addr_inst.state_reg[J]	0.341600	0.145812
axi_crossbar_inst.axi_crossbar_rd_inst.m_ifaces[I].a_arb_inst.grant_valid_reg	axi_crossbar_inst.axi_crossbar_rd_inst.m_ifaces[I].a_arb_inst.grant_encoded_reg[J]	0.343000	0.339134
axi_crossbar_inst.axi_crossbar_rd_inst.s_ifaces[I].decerr_m_axi_rvalid_reg	axi_crossbar_inst.axi_crossbar_rd_inst.s_ifaces[I].reg_inst.genblkJ.temp_s_axi_rvalid_reg	0.343600	0.326691
axi_crossbar_inst.axi_crossbar_wr_inst.s_ifaces[I].reg_inst.genblkJ.genblkK.m_axi_bready_reg	axi_crossbar_inst.axi_crossbar_wr_inst.s_ifaces[I].decerr_m_axi_bvalid_reg	0.343900	0.277755
axi_crossbar_inst.axi_crossbar_rd_inst.s_ifaces[I].addr_inst.m_decerr_reg	axi_crossbar_inst.axi_crossbar_rd_inst.s_ifaces[I].addr_inst.thread_id_reg[J][K]	0.345800	0.282523
axi_crossbar_inst.axi_crossbar_rd_inst.s_ifaces[I].addr_inst.m_decerr_reg	axi_crossbar_inst.axi_crossbar_rd_inst.s_ifaces[I].addr_inst.thread_m_reg[J][K]	0.345800	0.277940
axi_crossbar_inst.axi_crossbar_rd_inst.s_ifaces[I].decerr_m_axi_rlast_reg	axi_crossbar_inst.axi_crossbar_rd_inst.s_ifaces[I].r_arb_inst.grant_valid_reg	0.345900	0.208739
axi_crossbar_inst.axi_crossbar_rd_inst.s_ifaces[I].addr_inst.m_rc_valid_reg	axi_crossbar_inst.axi_crossbar_rd_inst.s_ifaces[I].decerr_m_axi_rlast_reg	0.347200	0.310489
axi_crossbar_inst.axi_crossbar_wr_inst.m_ifaces[I].a_arb_inst.grant_reg[J]	axi_crossbar_inst.axi_crossbar_wr_inst.m_ifaces[I].w_select_new_reg	0.348100	0.314412
axi_crossbar_inst.axi_crossbar_rd_inst.s_ifaces[I].reg_inst.genblkJ.s_axi_rvalid_reg	axi_crossbar_inst.axi_crossbar_rd_inst.s_ifaces[I].reg_inst.genblkJ.temp_s_axi_rresp_reg[K]	0.348200	0.300088
axi_crossbar_inst.axi_crossbar_rd_inst.s_ifaces[I].reg_inst.genblkJ.s_axi_rvalid_reg	axi_crossbar_inst.axi_crossbar_rd_inst.s_ifaces[I].reg_inst.genblkJ.temp_s_axi_rlast_reg	0.348700	0.298734
axi_crossbar_inst.axi_crossbar_rd_inst.s_ifaces[I].addr_inst.s_axi_aready_reg	axi_crossbar_inst.axi_crossbar_rd_inst.s_ifaces[I].addr_inst.thread_m_reg[J][K]	0.349100	0.248491
axi_crossbar_inst.axi_crossbar_wr_inst.s_ifaces[I].addr_inst.s_axi_aready_reg	axi_crossbar_inst.axi_crossbar_wr_inst.s_ifaces[I].addr_inst.thread_m_reg[J][K]	0.349700	0.311491
axi_crossbar_inst.axi_crossbar_wr_inst.m_ifaces[I].reg_inst.genblkJ.m_axi_wvalid_reg	axi_crossbar_inst.axi_crossbar_wr_inst.m_ifaces[I].reg_inst.genblkJ.temp_m_axi_wdata_reg[K]	0.350400	0.346183
axi_crossbar_inst.axi_crossbar_rd_inst.s_ifaces[I].addr_inst.trans_count_reg[J]	axi_crossbar_inst.axi_crossbar_rd_inst.s_ifaces[I].addr_inst.m_axi_avalid_reg	0.352600	0.272688
axi_crossbar_inst.axi_crossbar_wr_inst.s_ifaces[I].b_arb_inst.grant_valid_reg	axi_crossbar_inst.axi_crossbar_wr_inst.s_ifaces[I].decerr_m_axi_bvalid_reg	0.353400	0.284559
axi_crossbar_inst.axi_crossbar_wr_inst.m_ifaces[I].reg_inst.genblkJ.m_axi_wvalid_reg	axi_crossbar_inst.axi_crossbar_wr_inst.m_ifaces[I].reg_inst.genblkJ.temp_m_axi_wstrb_reg[K]	0.353700	0.359465
axi_crossbar_inst.axi_crossbar_wr_inst.m_ifaces[I].trans_count_reg[J]	axi_crossbar_inst.axi_crossbar_wr_inst.m_ifaces[I].a_arb_inst.grant_valid_reg	0.353900	0.314439
axi_crossbar_inst.axi_crossbar_rd_inst.m_ifaces[I].reg_inst.genblkJ.genblkK.s_axi_arready_reg	axi_crossbar_inst.axi_crossbar_rd_inst.m_ifaces[I].a_arb_inst.grant_valid_reg	0.355700	0.328646
axi_crossbar_inst.axi_crossbar_rd_inst.s_ifaces[I].addr_inst.trans_count_reg[J]	axi_crossbar_inst.axi_crossbar_rd_inst.s_ifaces[I].addr_inst.m_rc_valid_reg	0.357600	0.271474
axi_crossbar_inst.axi_crossbar_wr_inst.s_ifaces[I].decerr_m_axi_bvalid_reg	axi_crossbar_inst.axi_crossbar_wr_inst.s_ifaces[I].reg_inst.genblkJ.genblkK.m_axi_bready_reg	0.358600	0.290511
axi_crossbar_inst.axi_crossbar_rd_inst.m_ifaces[I].a_arb_inst.grant_valid_reg	axi_crossbar_inst.axi_crossbar_rd_inst.m_ifaces[I].a_arb_inst.grant_valid_reg	0.358900	0.359711
axi_crossbar_inst.axi_crossbar_rd_inst.s_ifaces[I].addr_inst.state_reg[J]	axi_crossbar_inst.axi_crossbar_rd_inst.s_ifaces[I].addr_inst.m_select_reg[J]	0.360600	0.242821
axi_crossbar_inst.axi_crossbar_wr_inst.s_ifaces[I].addr_inst.state_reg[J]	axi_crossbar_inst.axi_crossbar_wr_inst.s_ifaces[I].addr_inst.m_select_reg[J]	0.361100	0.322568
axi_crossbar_inst.axi_crossbar_wr_inst.m_ifaces[I].reg_inst.genblkJ.genblkK.s_axi_awready_reg	axi_crossbar_inst.axi_crossbar_wr_inst.m_ifaces[I].reg_inst.genblkJ.genblkK.m_axi_awlen_reg[L]	0.361700	0.114617
axi_crossbar_inst.axi_crossbar_rd_inst.s_ifaces[I].r_arb_inst.grant_valid_reg	axi_crossbar_inst.axi_crossbar_rd_inst.s_ifaces[I].decerr_m_axi_rvalid_reg	0.361800	0.268582
axi_crossbar_inst.axi_crossbar_wr_inst.s_ifaces[I].reg_inst.genblkJ.genblkK.m_axi_bready_reg	axi_crossbar_inst.axi_crossbar_wr_inst.s_ifaces[I].reg_inst.genblkJ.genblkK.m_axi_bready_reg	0.362100	0.249076
axi_crossbar_inst.axi_crossbar_rd_inst.s_ifaces[I].reg_inst.genblkJ.s_axi_rvalid_reg	axi_crossbar_inst.axi_crossbar_rd_inst.s_ifaces[I].reg_inst.genblkJ.s_axi_rid_reg[K]	0.364200	0.309440
axi_crossbar_inst.axi_crossbar_wr_inst.s_ifaces[I].b_arb_inst.grant_valid_reg	axi_crossbar_inst.axi_crossbar_wr_inst.s_ifaces[I].addr_inst.m_axi_avalid_reg	0.364200	0.217486
axi_crossbar_inst.axi_crossbar_rd_inst.s_ifaces[I].decerr_m_axi_rvalid_reg	axi_crossbar_inst.axi_crossbar_rd_inst.s_ifaces[I].reg_inst.genblkJ.m_axi_rready_reg	0.365500	0.351615
axi_crossbar_inst.axi_crossbar_rd_inst.s_ifaces[I].reg_inst.genblkJ.s_axi_rvalid_reg	axi_crossbar_inst.axi_crossbar_rd_inst.s_ifaces[I].reg_inst.genblkJ.s_axi_rlast_reg	0.366900	0.293139
axi_crossbar_inst.axi_crossbar_rd_inst.s_ifaces[I].reg_inst.genblkJ.s_axi_rvalid_reg	axi_crossbar_inst.axi_crossbar_rd_inst.s_ifaces[I].reg_inst.genblkJ.s_axi_rresp_reg[K]	0.366900	0.289753
axi_crossbar_inst.axi_crossbar_rd_inst.s_ifaces[I].r_arb_inst.grant_valid_reg	axi_crossbar_inst.axi_crossbar_rd_inst.s_ifaces[I].reg_inst.genblkJ.temp_s_axi_rvalid_reg	0.367000	0.317515
axi_crossbar_inst.axi_crossbar_rd_inst.s_ifaces[I].reg_inst.genblkJ.m_axi_rready_reg	axi_crossbar_inst.axi_crossbar_rd_inst.s_ifaces[I].reg_inst.genblkJ.s_axi_rvalid_reg	0.367000	0.218542
axi_crossbar_inst.axi_crossbar_wr_inst.m_ifaces[I].reg_inst.genblkJ.genblkK.s_axi_awready_reg	axi_crossbar_inst.axi_crossbar_wr_inst.m_ifaces[I].a_arb_inst.grant_valid_reg	0.367600	0.298121
axi_crossbar_inst.axi_crossbar_rd_inst.s_ifaces[I].addr_inst.trans_count_reg[J]	axi_crossbar_inst.axi_crossbar_rd_inst.s_ifaces[I].addr_inst.state_reg[J]	0.367900	0.338749
axi_crossbar_inst.axi_crossbar_rd_inst.s_ifaces[I].addr_inst.state_reg[J]	axi_crossbar_inst.axi_crossbar_rd_inst.s_ifaces[I].addr_inst.m_axi_avalid_reg	0.368200	0.306854
axi_crossbar_inst.axi_crossbar_wr_inst.s_ifaces[I].addr_inst.m_decerr_reg	axi_crossbar_inst.axi_crossbar_wr_inst.s_ifaces[I].addr_inst.thread_id_reg[J][K]	0.368400	0.290123
axi_crossbar_inst.axi_crossbar_wr_inst.s_ifaces[I].addr_inst.m_decerr_reg	axi_crossbar_inst.axi_crossbar_wr_inst.s_ifaces[I].addr_inst.thread_m_reg[J][K]	0.368400	0.287422
axi_crossbar_inst.axi_crossbar_rd_inst.m_ifaces[I].reg_inst.genblkJ.genblkK.s_axi_arready_reg	axi_crossbar_inst.axi_crossbar_rd_inst.m_ifaces[I].reg_inst.genblkJ.genblkK.m_axi_arvalid_reg	0.368800	0.233295
axi_crossbar_inst.axi_crossbar_rd_inst.s_ifaces[I].reg_inst.genblkJ.s_axi_rvalid_reg	axi_crossbar_inst.axi_crossbar_rd_inst.s_ifaces[I].reg_inst.genblkJ.s_axi_rdata_reg[K]	0.369000	0.279112
axi_crossbar_inst.axi_crossbar_wr_inst.s_ifaces[I].addr_inst.m_axi_avalid_reg	axi_crossbar_inst.axi_crossbar_wr_inst.s_ifaces[I].addr_inst.state_reg[J]	0.371000	0.278847
axi_crossbar_inst.axi_crossbar_wr_inst.s_ifaces[I].reg_inst.genblkJ.genblkK.m_axi_bready_reg	axi_crossbar_inst.axi_crossbar_wr_inst.s_ifaces[I].reg_inst.genblkJ.genblkK.s_axi_bid_reg[L]	0.371400	0.309770
axi_crossbar_inst.axi_crossbar_wr_inst.s_ifaces[I].decerr_m_axi_bvalid_reg	axi_crossbar_inst.axi_crossbar_wr_inst.s_ifaces[I].reg_inst.genblkJ.genblkK.s_axi_bvalid_reg	0.371500	0.271864
axi_crossbar_inst.axi_crossbar_wr_inst.s_ifaces[I].b_arb_inst.grant_valid_reg	axi_crossbar_inst.axi_crossbar_wr_inst.s_ifaces[I].addr_inst.m_wc_valid_reg	0.372800	0.189524
axi_crossbar_inst.axi_crossbar_wr_inst.s_ifaces[I].b_arb_inst.grant_valid_reg	axi_crossbar_inst.axi_crossbar_wr_inst.s_ifaces[I].addr_inst.state_reg[J]	0.373200	0.182285
axi_crossbar_inst.axi_crossbar_wr_inst.s_ifaces[I].b_arb_inst.grant_valid_reg	axi_crossbar_inst.axi_crossbar_wr_inst.s_ifaces[I].addr_inst.m_rc_valid_reg	0.374900	0.296689
axi_crossbar_inst.axi_crossbar_wr_inst.s_ifaces[I].reg_inst.genblkJ.genblkK.m_axi_bready_reg	axi_crossbar_inst.axi_crossbar_wr_inst.s_ifaces[I].reg_inst.genblkJ.genblkK.s_axi_bvalid_reg	0.376100	0.230428
axi_crossbar_inst.axi_crossbar_wr_inst.m_ifaces[I].reg_inst.genblkJ.genblkK.s_axi_awready_reg	axi_crossbar_inst.axi_crossbar_wr_inst.m_ifaces[I].reg_inst.genblkJ.genblkK.m_axi_awlock_reg	0.377100	0.182149
axi_crossbar_inst.axi_crossbar_rd_inst.m_ifaces[I].reg_inst.genblkJ.genblkK.s_axi_arready_reg	axi_crossbar_inst.axi_crossbar_rd_inst.m_ifaces[I].reg_inst.genblkJ.genblkK.s_axi_arready_reg	0.378100	0.215321
axi_crossbar_inst.axi_crossbar_wr_inst.s_ifaces[I].addr_inst.m_axi_avalid_reg	axi_crossbar_inst.axi_crossbar_wr_inst.s_ifaces[I].addr_inst.s_axi_aready_reg	0.378500	0.313985
axi_crossbar_inst.axi_crossbar_rd_inst.s_ifaces[I].addr_inst.state_reg[J]	axi_crossbar_inst.axi_crossbar_rd_inst.s_ifaces[I].addr_inst.m_rc_valid_reg	0.379000	0.310194
axi_crossbar_inst.axi_crossbar_wr_inst.m_ifaces[I].reg_inst.genblkJ.genblkK.s_axi_awready_reg	axi_crossbar_inst.axi_crossbar_wr_inst.m_ifaces[I].reg_inst.genblkJ.genblkK.m_axi_awvalid_reg	0.379400	0.230296
axi_crossbar_inst.axi_crossbar_wr_inst.s_ifaces[I].addr_inst.trans_count_reg[J]	axi_crossbar_inst.axi_crossbar_wr_inst.s_ifaces[I].addr_inst.state_reg[J]	0.379600	0.316628
axi_crossbar_inst.axi_crossbar_wr_inst.m_ifaces[I].reg_inst.genblkJ.genblkK.s_axi_awready_reg	axi_crossbar_inst.axi_crossbar_wr_inst.m_ifaces[I].reg_inst.genblkJ.genblkK.s_axi_awready_reg	0.380200	0.241941
axi_crossbar_inst.axi_crossbar_wr_inst.m_ifaces[I].trans_count_reg[J]	axi_crossbar_inst.axi_crossbar_wr_inst.m_ifaces[I].trans_count_reg[J]	0.380300	0.369760
axi_crossbar_inst.axi_crossbar_rd_inst.m_ifaces[I].trans_count_reg[J]	axi_crossbar_inst.axi_crossbar_rd_inst.m_ifaces[I].trans_count_reg[J]	0.380500	0.372341
axi_crossbar_inst.axi_crossbar_wr_inst.s_ifaces[I].addr_inst.trans_count_reg[J]	axi_crossbar_inst.axi_crossbar_wr_inst.s_ifaces[I].addr_inst.m_rc_valid_reg	0.380800	0.313303
axi_crossbar_inst.axi_crossbar_wr_inst.s_ifaces[I].addr_inst.state_reg[J]	axi_crossbar_inst.axi_crossbar_wr_inst.s_ifaces[I].addr_inst.m_axi_avalid_reg	0.381200	0.279481
axi_crossbar_inst.axi_crossbar_wr_inst.m_ifaces[I].a_arb_inst.grant_valid_reg	axi_crossbar_inst.axi_crossbar_wr_inst.m_ifaces[I].w_select_valid_reg	0.381500	0.257420
axi_crossbar_inst.axi_crossbar_rd_inst.s_ifaces[I].decerr_m_axi_rvalid_reg	axi_crossbar_inst.axi_crossbar_rd_inst.s_ifaces[I].reg_inst.genblkJ.s_axi_rvalid_reg	0.382900	0.342513
axi_crossbar_inst.axi_crossbar_wr_inst.s_ifaces[I].addr_inst.m_axi_avalid_reg	axi_crossbar_inst.axi_crossbar_wr_inst.s_ifaces[I].addr_inst.m_axi_avalid_reg	0.383100	0.253778
axi_crossbar_inst.axi_crossbar_rd_inst.s_ifaces[I].addr_inst.m_axi_avalid_reg	axi_crossbar_inst.axi_crossbar_rd_inst.s_ifaces[I].addr_inst.state_reg[J]	0.387500	0.290772
axi_crossbar_inst.axi_crossbar_wr_inst.m_ifaces[I].reg_inst.genblkJ.s_axi_wready_reg	axi_crossbar_inst.axi_crossbar_wr_inst.m_ifaces[I].reg_inst.genblkJ.temp_m_axi_wlast_reg	0.387500	0.168946
axi_crossbar_inst.axi_crossbar_wr_inst.s_ifaces[I].addr_inst.trans_count_reg[J]	axi_crossbar_inst.axi_crossbar_wr_inst.s_ifaces[I].addr_inst.m_wc_valid_reg	0.388400	0.314759
axi_crossbar_inst.axi_crossbar_rd_inst.m_ifaces[I].reg_inst.genblkJ.genblkK.s_axi_arready_reg	axi_crossbar_inst.axi_crossbar_rd_inst.m_ifaces[I].reg_inst.genblkJ.genblkK.m_axi_arid_reg[L]	0.388600	0.218635
axi_crossbar_inst.axi_crossbar_rd_inst.s_ifaces[I].r_arb_inst.grant_valid_reg	axi_crossbar_inst.axi_crossbar_rd_inst.s_ifaces[I].reg_inst.genblkJ.m_axi_rready_reg	0.388900	0.354345
axi_crossbar_inst.axi_crossbar_rd_inst.s_ifaces[I].decerr_len_reg[J]	axi_crossbar_inst.axi_crossbar_rd_inst.s_ifaces[I].decerr_m_axi_rvalid_reg	0.388900	0.278132
axi_crossbar_inst.axi_crossbar_rd_inst.s_ifaces[I].addr_inst.m_axi_avalid_reg	axi_crossbar_inst.axi_crossbar_rd_inst.s_ifaces[I].addr_inst.m_axi_avalid_reg	0.389600	0.284838
axi_crossbar_inst.axi_crossbar_wr_inst.m_ifaces[I].reg_inst.genblkJ.m_axi_wvalid_reg	axi_crossbar_inst.axi_crossbar_wr_inst.m_ifaces[I].reg_inst.genblkJ.temp_m_axi_wvalid_reg	0.390300	0.356478
axi_crossbar_inst.axi_crossbar_rd_inst.s_ifaces[I].decerr_m_axi_rvalid_reg	axi_crossbar_inst.axi_crossbar_rd_inst.s_ifaces[I].decerr_m_axi_rvalid_reg	0.390400	0.218498
axi_crossbar_inst.axi_crossbar_rd_inst.s_ifaces[I].decerr_m_axi_rvalid_reg	axi_crossbar_inst.axi_crossbar_rd_inst.s_ifaces[I].addr_inst.s_axi_aready_reg	0.391900	0.211237
axi_crossbar_inst.axi_crossbar_rd_inst.m_ifaces[I].trans_count_reg[J]	axi_crossbar_inst.axi_crossbar_rd_inst.m_ifaces[I].a_arb_inst.grant_valid_reg	0.393500	0.357115
axi_crossbar_inst.axi_crossbar_rd_inst.m_ifaces[I].reg_inst.genblkJ.genblkK.s_axi_arready_reg	axi_crossbar_inst.axi_crossbar_rd_inst.m_ifaces[I].reg_inst.genblkJ.genblkK.m_axi_arlock_reg	0.395500	0.226487
axi_crossbar_inst.axi_crossbar_wr_inst.m_ifaces[I].reg_inst.genblkJ.m_axi_wvalid_reg	axi_crossbar_inst.axi_crossbar_wr_inst.m_ifaces[I].reg_inst.genblkJ.m_axi_wlast_reg	0.400600	0.388617
axi_crossbar_inst.axi_crossbar_wr_inst.m_ifaces[I].w_select_valid_reg	axi_crossbar_inst.axi_crossbar_wr_inst.m_ifaces[I].w_select_valid_reg	0.401300	0.304368
axi_crossbar_inst.axi_crossbar_rd_inst.s_ifaces[I].reg_inst.genblkJ.s_axi_rvalid_reg	axi_crossbar_inst.axi_crossbar_rd_inst.s_ifaces[I].reg_inst.genblkJ.temp_s_axi_rvalid_reg	0.401500	0.324303
axi_crossbar_inst.axi_crossbar_wr_inst.s_ifaces[I].addr_inst.m_select_reg[J]	axi_crossbar_inst.axi_crossbar_wr_inst.s_ifaces[I].addr_inst.m_select_reg[J]	0.402200	0.350372
axi_crossbar_inst.axi_crossbar_wr_inst.s_ifaces[I].addr_inst.state_reg[J]	axi_crossbar_inst.axi_crossbar_wr_inst.s_ifaces[I].addr_inst.m_rc_valid_reg	0.402700	0.350815
axi_crossbar_inst.axi_crossbar_wr_inst.s_ifaces[I].addr_inst.trans_count_reg[J]	axi_crossbar_inst.axi_crossbar_wr_inst.s_ifaces[I].addr_inst.m_axi_avalid_reg	0.402800	0.305105
axi_crossbar_inst.axi_crossbar_rd_inst.s_ifaces[I].addr_inst.s_axi_aready_reg	axi_crossbar_inst.axi_crossbar_rd_inst.s_ifaces[I].addr_inst.m_select_reg[J]	0.405300	0.289135
axi_crossbar_inst.axi_crossbar_rd_inst.s_ifaces[I].addr_inst.m_axi_avalid_reg	axi_crossbar_inst.axi_crossbar_rd_inst.s_ifaces[I].addr_inst.s_axi_aready_reg	0.405800	0.310324
axi_crossbar_inst.axi_crossbar_rd_inst.s_ifaces[I].addr_inst.state_reg[J]	axi_crossbar_inst.axi_crossbar_rd_inst.s_ifaces[I].addr_inst.m_decerr_reg	0.405800	0.286932
axi_crossbar_inst.axi_crossbar_wr_inst.s_ifaces[I].addr_inst.s_axi_aready_reg	axi_crossbar_inst.axi_crossbar_wr_inst.s_ifaces[I].addr_inst.m_select_reg[J]	0.406000	0.368523
axi_crossbar_inst.axi_crossbar_rd_inst.s_ifaces[I].r_arb_inst.grant_valid_reg	axi_crossbar_inst.axi_crossbar_rd_inst.s_ifaces[I].reg_inst.genblkJ.s_axi_rvalid_reg	0.406300	0.318471
axi_crossbar_inst.axi_crossbar_wr_inst.s_ifaces[I].addr_inst.state_reg[J]	axi_crossbar_inst.axi_crossbar_wr_inst.s_ifaces[I].addr_inst.m_decerr_reg	0.406300	0.361631
axi_crossbar_inst.axi_crossbar_wr_inst.s_ifaces[I].reg_inst.genblkJ.genblkK.m_axi_bready_reg	axi_crossbar_inst.axi_crossbar_wr_inst.s_ifaces[I].reg_inst.genblkJ.genblkK.s_axi_bresp_reg[L]	0.407400	0.330151
axi_crossbar_inst.axi_crossbar_wr_inst.s_ifaces[I].addr_inst.m_select_reg[J]	axi_crossbar_inst.axi_crossbar_wr_inst.s_ifaces[I].w_select_reg[J]	0.408100	0.337410
axi_crossbar_inst.axi_crossbar_rd_inst.s_ifaces[I].addr_inst.state_reg[J]	axi_crossbar_inst.axi_crossbar_rd_inst.s_ifaces[I].addr_inst.state_reg[J]	0.408400	0.349160
axi_crossbar_inst.axi_crossbar_wr_inst.m_ifaces[I].a_arb_inst.grant_valid_reg	axi_crossbar_inst.axi_crossbar_wr_inst.m_ifaces[I].reg_inst.genblkJ.genblkK.m_axi_awvalid_reg	0.408800	0.324134
axi_crossbar_inst.axi_crossbar_wr_inst.m_ifaces[I].w_select_new_reg	axi_crossbar_inst.axi_crossbar_wr_inst.m_ifaces[I].w_select_valid_reg	0.412500	0.276812
axi_crossbar_inst.axi_crossbar_wr_inst.m_ifaces[I].w_select_valid_reg	axi_crossbar_inst.axi_crossbar_wr_inst.m_ifaces[I].reg_inst.genblkJ.temp_m_axi_wvalid_reg	0.413100	0.324619
axi_crossbar_inst.axi_crossbar_wr_inst.m_ifaces[I].w_select_valid_reg	axi_crossbar_inst.axi_crossbar_wr_inst.m_ifaces[I].reg_inst.genblkJ.m_axi_wvalid_reg	0.413300	0.329477
axi_crossbar_inst.axi_crossbar_wr_inst.m_ifaces[I].a_arb_inst.grant_valid_reg	axi_crossbar_inst.axi_crossbar_wr_inst.m_ifaces[I].w_select_new_reg	0.413500	0.385488
axi_crossbar_inst.axi_crossbar_wr_inst.m_ifaces[I].w_select_valid_reg	axi_crossbar_inst.axi_crossbar_wr_inst.m_ifaces[I].reg_inst.genblkJ.s_axi_wready_reg	0.414000	0.316404
axi_crossbar_inst.axi_crossbar_wr_inst.m_ifaces[I].a_arb_inst.grant_valid_reg	axi_crossbar_inst.axi_crossbar_wr_inst.m_ifaces[I].reg_inst.genblkJ.genblkK.s_axi_awready_reg	0.414700	0.341652
axi_crossbar_inst.axi_crossbar_wr_inst.m_ifaces[I].reg_inst.genblkJ.m_axi_wvalid_reg	axi_crossbar_inst.axi_crossbar_wr_inst.m_ifaces[I].reg_inst.genblkJ.m_axi_wvalid_reg	0.416300	0.396872
axi_crossbar_inst.axi_crossbar_rd_inst.s_ifaces[I].addr_inst.m_select_reg[J]	axi_crossbar_inst.axi_crossbar_rd_inst.s_ifaces[I].addr_inst.m_select_reg[J]	0.418500	0.397574
axi_crossbar_inst.axi_crossbar_rd_inst.s_ifaces[I].decerr_m_axi_rid_reg[J]	axi_crossbar_inst.axi_crossbar_rd_inst.s_ifaces[I].reg_inst.genblkJ.s_axi_rid_reg[K]	0.422000	0.318607
axi_crossbar_inst.axi_crossbar_wr_inst.m_ifaces[I].a_arb_inst.grant_valid_reg	axi_crossbar_inst.axi_crossbar_wr_inst.m_ifaces[I].w_select_reg[J]	0.422200	0.392591
axi_crossbar_inst.axi_crossbar_wr_inst.s_ifaces[I].w_select_valid_reg	axi_crossbar_inst.axi_crossbar_wr_inst.s_ifaces[I].addr_inst.state_reg[J]	0.422600	0.379851
axi_crossbar_inst.axi_crossbar_wr_inst.s_ifaces[I].b_arb_inst.grant_valid_reg	axi_crossbar_inst.axi_crossbar_wr_inst.s_ifaces[I].reg_inst.genblkJ.genblkK.m_axi_bready_reg	0.423800	0.278222
axi_crossbar_inst.axi_crossbar_wr_inst.s_ifaces[I].addr_inst.state_reg[J]	axi_crossbar_inst.axi_crossbar_wr_inst.s_ifaces[I].addr_inst.state_reg[J]	0.426400	0.410417
axi_crossbar_inst.axi_crossbar_wr_inst.s_ifaces[I].b_arb_inst.grant_valid_reg	axi_crossbar_inst.axi_crossbar_wr_inst.s_ifaces[I].reg_inst.genblkJ.genblkK.s_axi_bvalid_reg	0.426800	0.258311
axi_crossbar_inst.axi_crossbar_wr_inst.s_ifaces[I].w_select_valid_reg	axi_crossbar_inst.axi_crossbar_wr_inst.s_ifaces[I].addr_inst.s_axi_aready_reg	0.430100	0.373262
axi_crossbar_inst.axi_crossbar_rd_inst.s_ifaces[I].addr_inst.m_rc_valid_reg	axi_crossbar_inst.axi_crossbar_rd_inst.s_ifaces[I].addr_inst.state_reg[J]	0.432500	0.411287
axi_crossbar_inst.axi_crossbar_wr_inst.m_ifaces[I].reg_inst.genblkJ.genblkK.s_axi_awready_reg	axi_crossbar_inst.axi_crossbar_wr_inst.m_ifaces[I].w_select_new_reg	0.432600	0.296027
axi_crossbar_inst.axi_crossbar_rd_inst.s_ifaces[I].addr_inst.m_rc_valid_reg	axi_crossbar_inst.axi_crossbar_rd_inst.s_ifaces[I].decerr_m_axi_rvalid_reg	0.434800	0.371666
axi_crossbar_inst.axi_crossbar_rd_inst.s_ifaces[I].reg_inst.genblkJ.s_axi_rvalid_reg	axi_crossbar_inst.axi_crossbar_rd_inst.s_ifaces[I].reg_inst.genblkJ.m_axi_rready_reg	0.434800	0.392500
axi_crossbar_inst.axi_crossbar_wr_inst.s_ifaces[I].w_select_reg[J]	axi_crossbar_inst.axi_crossbar_wr_inst.s_ifaces[I].w_select_reg[J]	0.435600	0.454222
axi_crossbar_inst.axi_crossbar_rd_inst.s_ifaces[I].addr_inst.m_decerr_reg	axi_crossbar_inst.axi_crossbar_rd_inst.s_ifaces[I].addr_inst.state_reg[J]	0.436500	0.426381
axi_crossbar_inst.axi_crossbar_wr_inst.s_ifaces[I].addr_inst.m_rc_valid_reg	axi_crossbar_inst.axi_crossbar_wr_inst.s_ifaces[I].decerr_m_axi_bvalid_reg	0.436600	0.368315
axi_crossbar_inst.axi_crossbar_rd_inst.s_ifaces[I].addr_inst.m_rc_valid_reg	axi_crossbar_inst.axi_crossbar_rd_inst.s_ifaces[I].decerr_m_axi_rid_reg[J]	0.436900	0.362763
axi_crossbar_inst.axi_crossbar_wr_inst.s_ifaces[I].addr_inst.m_rc_valid_reg	axi_crossbar_inst.axi_crossbar_wr_inst.s_ifaces[I].decerr_m_axi_bid_reg[J]	0.436900	0.396698
axi_crossbar_inst.axi_crossbar_wr_inst.m_ifaces[I].w_select_new_reg	axi_crossbar_inst.axi_crossbar_wr_inst.m_ifaces[I].w_select_new_reg	0.438400	0.411334
axi_crossbar_inst.axi_crossbar_wr_inst.s_ifaces[I].decerr_m_axi_bvalid_reg	axi_crossbar_inst.axi_crossbar_wr_inst.s_ifaces[I].decerr_m_axi_bvalid_reg	0.440000	0.329488
axi_crossbar_inst.axi_crossbar_wr_inst.m_ifaces[I].reg_inst.genblkJ.m_axi_wvalid_reg	axi_crossbar_inst.axi_crossbar_wr_inst.m_ifaces[I].reg_inst.genblkJ.temp_m_axi_wlast_reg	0.440200	0.372986
axi_crossbar_inst.axi_crossbar_rd_inst.m_ifaces[I].a_arb_inst.grant_valid_reg	axi_crossbar_inst.axi_crossbar_rd_inst.m_ifaces[I].reg_inst.genblkJ.genblkK.s_axi_arready_reg	0.441300	0.385368
axi_crossbar_inst.axi_crossbar_rd_inst.m_ifaces[I].a_arb_inst.grant_valid_reg	axi_crossbar_inst.axi_crossbar_rd_inst.m_ifaces[I].reg_inst.genblkJ.genblkK.m_axi_arvalid_reg	0.442100	0.369848
axi_crossbar_inst.axi_crossbar_wr_inst.s_ifaces[I].decerr_m_axi_bid_reg[J]	axi_crossbar_inst.axi_crossbar_wr_inst.s_ifaces[I].reg_inst.genblkJ.genblkK.s_axi_bid_reg[L]	0.443800	0.365747
axi_crossbar_inst.axi_crossbar_wr_inst.s_ifaces[I].addr_inst.m_rc_valid_reg	axi_crossbar_inst.axi_crossbar_wr_inst.s_ifaces[I].addr_inst.state_reg[J]	0.446300	0.428530
axi_crossbar_inst.axi_crossbar_wr_inst.s_ifaces[I].addr_inst.state_reg[J]	axi_crossbar_inst.axi_crossbar_wr_inst.s_ifaces[I].addr_inst.m_wc_valid_reg	0.449300	0.414100
axi_crossbar_inst.axi_crossbar_wr_inst.m_ifaces[I].w_select_new_reg	axi_crossbar_inst.axi_crossbar_wr_inst.m_ifaces[I].w_select_reg[J]	0.449500	0.411982
axi_crossbar_inst.axi_crossbar_rd_inst.s_ifaces[I].addr_inst.m_rc_valid_reg	axi_crossbar_inst.axi_crossbar_rd_inst.s_ifaces[I].addr_inst.s_axi_aready_reg	0.450400	0.364633
axi_crossbar_inst.axi_crossbar_rd_inst.s_ifaces[I].addr_inst.s_axi_aready_reg	axi_crossbar_inst.axi_crossbar_rd_inst.s_ifaces[I].addr_inst.m_decerr_reg	0.450700	0.336059
axi_crossbar_inst.axi_crossbar_wr_inst.s_ifaces[I].addr_inst.s_axi_aready_reg	axi_crossbar_inst.axi_crossbar_wr_inst.s_ifaces[I].addr_inst.m_decerr_reg	0.451200	0.414703
axi_crossbar_inst.axi_crossbar_wr_inst.s_ifaces[I].decerr_m_axi_bvalid_reg	axi_crossbar_inst.axi_crossbar_wr_inst.s_ifaces[I].addr_inst.s_axi_aready_reg	0.453500	0.372590
axi_crossbar_inst.axi_crossbar_wr_inst.s_ifaces[I].addr_inst.m_rc_valid_reg	axi_crossbar_inst.axi_crossbar_wr_inst.s_ifaces[I].addr_inst.s_axi_aready_reg	0.453800	0.448158
axi_crossbar_inst.axi_crossbar_rd_inst.s_ifaces[I].reg_inst.genblkJ.s_axi_rvalid_reg	axi_crossbar_inst.axi_crossbar_rd_inst.s_ifaces[I].reg_inst.genblkJ.s_axi_rvalid_reg	0.454400	0.379542
axi_crossbar_inst.axi_crossbar_wr_inst.m_ifaces[I].reg_inst.genblkJ.genblkK.m_axi_awvalid_reg	axi_crossbar_inst.axi_crossbar_wr_inst.m_ifaces[I].reg_inst.genblkJ.genblkK.s_axi_awready_reg	0.454800	0.424848
axi_crossbar_inst.axi_crossbar_rd_inst.m_ifaces[I].reg_inst.genblkJ.genblkK.m_axi_arvalid_reg	axi_crossbar_inst.axi_crossbar_rd_inst.m_ifaces[I].reg_inst.genblkJ.genblkK.s_axi_arready_reg	0.454800	0.411593
axi_crossbar_inst.axi_crossbar_wr_inst.s_ifaces[I].reg_inst.genblkJ.genblkK.s_axi_bvalid_reg	axi_crossbar_inst.axi_crossbar_wr_inst.s_ifaces[I].reg_inst.genblkJ.genblkK.m_axi_bready_reg	0.454900	0.418860
axi_crossbar_inst.axi_crossbar_wr_inst.s_ifaces[I].addr_inst.m_wc_valid_reg	axi_crossbar_inst.axi_crossbar_wr_inst.s_ifaces[I].addr_inst.state_reg[J]	0.455800	0.411066
axi_crossbar_inst.axi_crossbar_rd_inst.s_ifaces[I].decerr_m_axi_rlast_reg	axi_crossbar_inst.axi_crossbar_rd_inst.s_ifaces[I].reg_inst.genblkJ.s_axi_rlast_reg	0.456100	0.366387
axi_crossbar_inst.axi_crossbar_rd_inst.s_ifaces[I].addr_inst.m_decerr_reg	axi_crossbar_inst.axi_crossbar_rd_inst.s_ifaces[I].addr_inst.m_axi_avalid_reg	0.463300	0.425588
axi_crossbar_inst.axi_crossbar_wr_inst.s_ifaces[I].addr_inst.m_wc_valid_reg	axi_crossbar_inst.axi_crossbar_wr_inst.s_ifaces[I].addr_inst.s_axi_aready_reg	0.463300	0.410885
axi_crossbar_inst.axi_crossbar_rd_inst.m_ifaces[I].reg_inst.genblkJ.genblkK.m_axi_arvalid_reg	axi_crossbar_inst.axi_crossbar_rd_inst.m_ifaces[I].reg_inst.genblkJ.genblkK.m_axi_arvalid_reg	0.465400	0.420849
axi_crossbar_inst.axi_crossbar_wr_inst.m_ifaces[I].reg_inst.genblkJ.genblkK.m_axi_awvalid_reg	axi_crossbar_inst.axi_crossbar_wr_inst.m_ifaces[I].reg_inst.genblkJ.genblkK.m_axi_awvalid_reg	0.465400	0.397893
axi_crossbar_inst.axi_crossbar_wr_inst.s_ifaces[I].reg_inst.genblkJ.genblkK.s_axi_bvalid_reg	axi_crossbar_inst.axi_crossbar_wr_inst.s_ifaces[I].reg_inst.genblkJ.genblkK.s_axi_bvalid_reg	0.465400	0.400864
axi_crossbar_inst.axi_crossbar_wr_inst.m_ifaces[I].reg_inst.genblkJ.m_axi_wvalid_reg	axi_crossbar_inst.axi_crossbar_wr_inst.m_ifaces[I].reg_inst.genblkJ.s_axi_wready_reg	0.466200	0.443640
axi_crossbar_inst.axi_crossbar_wr_inst.m_ifaces[I].w_select_valid_reg	axi_crossbar_inst.axi_crossbar_wr_inst.m_ifaces[I].w_select_new_reg	0.466400	0.437590
axi_crossbar_inst.axi_crossbar_wr_inst.m_ifaces[I].reg_inst.genblkJ.temp_m_axi_wvalid_reg	axi_crossbar_inst.axi_crossbar_wr_inst.m_ifaces[I].reg_inst.genblkJ.m_axi_wvalid_reg	0.466600	0.450959
axi_crossbar_inst.axi_crossbar_wr_inst.s_ifaces[I].addr_inst.m_decerr_reg	axi_crossbar_inst.axi_crossbar_wr_inst.s_ifaces[I].addr_inst.m_axi_avalid_reg	0.468000	0.376701
axi_crossbar_inst.axi_crossbar_wr_inst.s_ifaces[I].addr_inst.m_decerr_reg	axi_crossbar_inst.axi_crossbar_wr_inst.s_ifaces[I].addr_inst.state_reg[J]	0.468200	0.399520
axi_crossbar_inst.axi_crossbar_rd_inst.s_ifaces[I].decerr_m_axi_rid_reg[J]	axi_crossbar_inst.axi_crossbar_rd_inst.s_ifaces[I].reg_inst.genblkJ.temp_s_axi_rid_reg[K]	0.468200	0.406618
axi_crossbar_inst.axi_crossbar_rd_inst.s_ifaces[I].addr_inst.state_reg[J]	axi_crossbar_inst.axi_crossbar_rd_inst.s_ifaces[I].addr_inst.s_axi_aready_reg	0.469700	0.377686
axi_crossbar_inst.axi_crossbar_rd_inst.s_ifaces[I].decerr_m_axi_rvalid_reg	axi_crossbar_inst.axi_crossbar_rd_inst.s_ifaces[I].decerr_m_axi_rid_reg[J]	0.471300	0.392990
axi_crossbar_inst.axi_crossbar_wr_inst.m_ifaces[I].reg_inst.genblkJ.temp_m_axi_wdata_reg[K]	axi_crossbar_inst.axi_crossbar_wr_inst.m_ifaces[I].reg_inst.genblkJ.m_axi_wdata_reg[K]	0.476300	0.407927
axi_crossbar_inst.axi_crossbar_wr_inst.m_ifaces[I].reg_inst.genblkJ.temp_m_axi_wlast_reg	axi_crossbar_inst.axi_crossbar_wr_inst.m_ifaces[I].reg_inst.genblkJ.m_axi_wlast_reg	0.476300	0.428965
axi_crossbar_inst.axi_crossbar_wr_inst.m_ifaces[I].reg_inst.genblkJ.temp_m_axi_wstrb_reg[K]	axi_crossbar_inst.axi_crossbar_wr_inst.m_ifaces[I].reg_inst.genblkJ.m_axi_wstrb_reg[K]	0.476300	0.434443
axi_crossbar_inst.axi_crossbar_wr_inst.s_ifaces[I].addr_inst.m_wc_valid_reg	axi_crossbar_inst.axi_crossbar_wr_inst.s_ifaces[I].w_select_reg[J]	0.477100	0.421297
axi_crossbar_inst.axi_crossbar_wr_inst.m_ifaces[I].w_select_valid_reg	axi_crossbar_inst.axi_crossbar_wr_inst.m_ifaces[I].w_select_reg[J]	0.477500	0.424165
axi_crossbar_inst.axi_crossbar_rd_inst.s_ifaces[I].addr_inst.m_decerr_reg	axi_crossbar_inst.axi_crossbar_rd_inst.s_ifaces[I].addr_inst.m_rc_valid_reg	0.478100	0.460261
axi_crossbar_inst.axi_crossbar_rd_inst.s_ifaces[I].reg_inst.genblkJ.temp_s_axi_rdata_reg[K]	axi_crossbar_inst.axi_crossbar_rd_inst.s_ifaces[I].reg_inst.genblkJ.s_axi_rdata_reg[K]	0.479800	0.444639
axi_crossbar_inst.axi_crossbar_wr_inst.s_ifaces[I].decerr_m_axi_bvalid_reg	axi_crossbar_inst.axi_crossbar_wr_inst.s_ifaces[I].decerr_m_axi_bid_reg[J]	0.479900	0.424548
axi_crossbar_inst.axi_crossbar_rd_inst.s_ifaces[I].addr_inst.m_rc_valid_reg	axi_crossbar_inst.axi_crossbar_rd_inst.s_ifaces[I].addr_inst.m_rc_valid_reg	0.481500	0.447905
axi_crossbar_inst.axi_crossbar_wr_inst.s_ifaces[I].w_select_valid_reg	axi_crossbar_inst.axi_crossbar_wr_inst.s_ifaces[I].w_select_valid_reg	0.482700	0.426777
axi_crossbar_inst.axi_crossbar_wr_inst.s_ifaces[I].addr_inst.state_reg[J]	axi_crossbar_inst.axi_crossbar_wr_inst.s_ifaces[I].addr_inst.s_axi_aready_reg	0.483400	0.463500
axi_crossbar_inst.axi_crossbar_rd_inst.s_ifaces[I].reg_inst.genblkJ.temp_s_axi_rlast_reg	axi_crossbar_inst.axi_crossbar_rd_inst.s_ifaces[I].reg_inst.genblkJ.s_axi_rlast_reg	0.484700	0.471975
axi_crossbar_inst.axi_crossbar_rd_inst.s_ifaces[I].reg_inst.genblkJ.temp_s_axi_rresp_reg[K]	axi_crossbar_inst.axi_crossbar_rd_inst.s_ifaces[I].reg_inst.genblkJ.s_axi_rresp_reg[K]	0.484700	0.455992
axi_crossbar_inst.axi_crossbar_wr_inst.s_ifaces[I].w_drop_reg	axi_crossbar_inst.axi_crossbar_wr_inst.s_ifaces[I].w_select_valid_reg	0.486400	0.422849
axi_crossbar_inst.axi_crossbar_wr_inst.s_ifaces[I].addr_inst.m_decerr_reg	axi_crossbar_inst.axi_crossbar_wr_inst.s_ifaces[I].addr_inst.m_wc_valid_reg	0.486700	0.392163
axi_crossbar_inst.axi_crossbar_wr_inst.s_ifaces[I].addr_inst.m_wc_valid_reg	axi_crossbar_inst.axi_crossbar_wr_inst.s_ifaces[I].w_select_valid_reg	0.487000	0.430665
axi_crossbar_inst.axi_crossbar_rd_inst.s_ifaces[I].addr_inst.m_decerr_reg	axi_crossbar_inst.axi_crossbar_rd_inst.s_ifaces[I].addr_inst.m_decerr_reg	0.487700	0.485295
axi_crossbar_inst.axi_crossbar_wr_inst.m_ifaces[I].reg_inst.genblkJ.temp_m_axi_wvalid_reg	axi_crossbar_inst.axi_crossbar_wr_inst.m_ifaces[I].reg_inst.genblkJ.temp_m_axi_wvalid_reg	0.489300	0.480706
axi_crossbar_inst.axi_crossbar_wr_inst.s_ifaces[I].addr_inst.m_wc_valid_reg	axi_crossbar_inst.axi_crossbar_wr_inst.s_ifaces[I].w_drop_reg	0.491400	0.428559
axi_crossbar_inst.axi_crossbar_wr_inst.s_ifaces[I].addr_inst.m_decerr_reg	axi_crossbar_inst.axi_crossbar_wr_inst.s_ifaces[I].w_drop_reg	0.492700	0.394283
axi_crossbar_inst.axi_crossbar_wr_inst.s_ifaces[I].addr_inst.m_decerr_reg	axi_crossbar_inst.axi_crossbar_wr_inst.s_ifaces[I].addr_inst.m_decerr_reg	0.492800	0.397645
axi_crossbar_inst.axi_crossbar_wr_inst.s_ifaces[I].addr_inst.m_decerr_reg	axi_crossbar_inst.axi_crossbar_wr_inst.s_ifaces[I].addr_inst.m_rc_valid_reg	0.493800	0.419345
axi_crossbar_inst.axi_crossbar_rd_inst.s_ifaces[I].reg_inst.genblkJ.temp_s_axi_rid_reg[K]	axi_crossbar_inst.axi_crossbar_rd_inst.s_ifaces[I].reg_inst.genblkJ.s_axi_rid_reg[K]	0.493900	0.422358
axi_crossbar_inst.axi_crossbar_rd_inst.s_ifaces[I].reg_inst.genblkJ.temp_s_axi_rvalid_reg	axi_crossbar_inst.axi_crossbar_rd_inst.s_ifaces[I].reg_inst.genblkJ.temp_s_axi_rvalid_reg	0.494000	0.489050
axi_crossbar_inst.axi_crossbar_wr_inst.s_ifaces[I].addr_inst.m_rc_valid_reg	axi_crossbar_inst.axi_crossbar_wr_inst.s_ifaces[I].addr_inst.m_rc_valid_reg	0.494200	0.483508
axi_crossbar_inst.axi_crossbar_wr_inst.s_ifaces[I].w_select_valid_reg	axi_crossbar_inst.axi_crossbar_wr_inst.s_ifaces[I].w_select_reg[J]	0.495300	0.453212
axi_crossbar_inst.axi_crossbar_rd_inst.s_ifaces[I].addr_inst.s_axi_aready_reg	axi_crossbar_inst.axi_crossbar_rd_inst.s_ifaces[I].addr_inst.state_reg[J]	0.498000	0.429445
axi_crossbar_inst.axi_crossbar_rd_inst.s_ifaces[I].decerr_m_axi_rlast_reg	axi_crossbar_inst.axi_crossbar_rd_inst.s_ifaces[I].reg_inst.genblkJ.temp_s_axi_rlast_reg	0.499500	0.409071
axi_crossbar_inst.axi_crossbar_wr_inst.s_ifaces[I].w_select_valid_reg	axi_crossbar_inst.axi_crossbar_wr_inst.s_ifaces[I].addr_inst.m_wc_valid_reg	0.504000	0.421824
axi_crossbar_inst.axi_crossbar_wr_inst.m_ifaces[I].reg_inst.genblkJ.m_axi_wlast_reg	axi_crossbar_inst.axi_crossbar_wr_inst.m_ifaces[I].reg_inst.genblkJ.m_axi_wlast_reg	0.513900	0.506493
axi_crossbar_inst.axi_crossbar_rd_inst.s_ifaces[I].decerr_m_axi_rlast_reg	axi_crossbar_inst.axi_crossbar_rd_inst.s_ifaces[I].decerr_m_axi_rlast_reg	0.515800	0.431877
axi_crossbar_inst.axi_crossbar_wr_inst.s_ifaces[I].w_select_valid_reg	axi_crossbar_inst.axi_crossbar_wr_inst.s_ifaces[I].w_drop_reg	0.516900	0.482745
axi_crossbar_inst.axi_crossbar_wr_inst.m_ifaces[I].reg_inst.genblkJ.temp_m_axi_wdata_reg[K]	axi_crossbar_inst.axi_crossbar_wr_inst.m_ifaces[I].reg_inst.genblkJ.temp_m_axi_wdata_reg[K]	0.521100	0.516260
axi_crossbar_inst.axi_crossbar_wr_inst.m_ifaces[I].reg_inst.genblkJ.temp_m_axi_wlast_reg	axi_crossbar_inst.axi_crossbar_wr_inst.m_ifaces[I].reg_inst.genblkJ.temp_m_axi_wlast_reg	0.521100	0.517961
axi_crossbar_inst.axi_crossbar_wr_inst.m_ifaces[I].reg_inst.genblkJ.temp_m_axi_wstrb_reg[K]	axi_crossbar_inst.axi_crossbar_wr_inst.m_ifaces[I].reg_inst.genblkJ.temp_m_axi_wstrb_reg[K]	0.521100	0.517641
axi_crossbar_inst.axi_crossbar_rd_inst.s_ifaces[I].decerr_m_axi_rid_reg[J]	axi_crossbar_inst.axi_crossbar_rd_inst.s_ifaces[I].decerr_m_axi_rid_reg[J]	0.521200	0.509496
axi_crossbar_inst.axi_crossbar_wr_inst.s_ifaces[I].decerr_m_axi_bid_reg[J]	axi_crossbar_inst.axi_crossbar_wr_inst.s_ifaces[I].decerr_m_axi_bid_reg[J]	0.521200	0.508793
axi_crossbar_inst.axi_crossbar_rd_inst.s_ifaces[I].reg_inst.genblkJ.temp_s_axi_rid_reg[K]	axi_crossbar_inst.axi_crossbar_rd_inst.s_ifaces[I].reg_inst.genblkJ.temp_s_axi_rid_reg[K]	0.521400	0.515718
axi_crossbar_inst.axi_crossbar_rd_inst.s_ifaces[I].reg_inst.genblkJ.temp_s_axi_rdata_reg[K]	axi_crossbar_inst.axi_crossbar_rd_inst.s_ifaces[I].reg_inst.genblkJ.temp_s_axi_rdata_reg[K]	0.521400	0.516721
axi_crossbar_inst.axi_crossbar_rd_inst.m_ifaces[I].reg_inst.genblkJ.genblkK.m_axi_araddr_reg[L]	axi_crossbar_inst.axi_crossbar_rd_inst.m_ifaces[I].reg_inst.genblkJ.genblkK.m_axi_araddr_reg[L]	0.525100	0.503967
axi_crossbar_inst.axi_crossbar_rd_inst.m_ifaces[I].reg_inst.genblkJ.genblkK.m_axi_arburst_reg[L]	axi_crossbar_inst.axi_crossbar_rd_inst.m_ifaces[I].reg_inst.genblkJ.genblkK.m_axi_arburst_reg[L]	0.525100	0.515604
axi_crossbar_inst.axi_crossbar_rd_inst.m_ifaces[I].reg_inst.genblkJ.genblkK.m_axi_arcache_reg[L]	axi_crossbar_inst.axi_crossbar_rd_inst.m_ifaces[I].reg_inst.genblkJ.genblkK.m_axi_arcache_reg[L]	0.525100	0.515660
axi_crossbar_inst.axi_crossbar_rd_inst.m_ifaces[I].reg_inst.genblkJ.genblkK.m_axi_arlen_reg[L]	axi_crossbar_inst.axi_crossbar_rd_inst.m_ifaces[I].reg_inst.genblkJ.genblkK.m_axi_arlen_reg[L]	0.525100	0.503311
axi_crossbar_inst.axi_crossbar_rd_inst.m_ifaces[I].reg_inst.genblkJ.genblkK.m_axi_arprot_reg[L]	axi_crossbar_inst.axi_crossbar_rd_inst.m_ifaces[I].reg_inst.genblkJ.genblkK.m_axi_arprot_reg[L]	0.525100	0.501343
axi_crossbar_inst.axi_crossbar_rd_inst.m_ifaces[I].reg_inst.genblkJ.genblkK.m_axi_arqos_reg[L]	axi_crossbar_inst.axi_crossbar_rd_inst.m_ifaces[I].reg_inst.genblkJ.genblkK.m_axi_arqos_reg[L]	0.525100	0.499038
axi_crossbar_inst.axi_crossbar_rd_inst.m_ifaces[I].reg_inst.genblkJ.genblkK.m_axi_arsize_reg[L]	axi_crossbar_inst.axi_crossbar_rd_inst.m_ifaces[I].reg_inst.genblkJ.genblkK.m_axi_arsize_reg[L]	0.525100	0.513890
axi_crossbar_inst.axi_crossbar_wr_inst.m_ifaces[I].reg_inst.genblkJ.genblkK.m_axi_awburst_reg[L]	axi_crossbar_inst.axi_crossbar_wr_inst.m_ifaces[I].reg_inst.genblkJ.genblkK.m_axi_awburst_reg[L]	0.525100	0.509337
axi_crossbar_inst.axi_crossbar_wr_inst.m_ifaces[I].reg_inst.genblkJ.genblkK.m_axi_awcache_reg[L]	axi_crossbar_inst.axi_crossbar_wr_inst.m_ifaces[I].reg_inst.genblkJ.genblkK.m_axi_awcache_reg[L]	0.525100	0.497198
axi_crossbar_inst.axi_crossbar_wr_inst.m_ifaces[I].reg_inst.genblkJ.genblkK.m_axi_awprot_reg[L]	axi_crossbar_inst.axi_crossbar_wr_inst.m_ifaces[I].reg_inst.genblkJ.genblkK.m_axi_awprot_reg[L]	0.525100	0.511980
axi_crossbar_inst.axi_crossbar_wr_inst.m_ifaces[I].reg_inst.genblkJ.genblkK.m_axi_awqos_reg[L]	axi_crossbar_inst.axi_crossbar_wr_inst.m_ifaces[I].reg_inst.genblkJ.genblkK.m_axi_awqos_reg[L]	0.525100	0.510873
axi_crossbar_inst.axi_crossbar_wr_inst.m_ifaces[I].reg_inst.genblkJ.genblkK.m_axi_awsize_reg[L]	axi_crossbar_inst.axi_crossbar_wr_inst.m_ifaces[I].reg_inst.genblkJ.genblkK.m_axi_awsize_reg[L]	0.525100	0.514096
axi_crossbar_inst.axi_crossbar_rd_inst.m_ifaces[I].reg_inst.genblkJ.genblkK.m_axi_arid_reg[L]	axi_crossbar_inst.axi_crossbar_rd_inst.m_ifaces[I].reg_inst.genblkJ.genblkK.m_axi_arid_reg[L]	0.525100	0.475111
axi_crossbar_inst.axi_crossbar_wr_inst.m_ifaces[I].reg_inst.genblkJ.genblkK.m_axi_awaddr_reg[L]	axi_crossbar_inst.axi_crossbar_wr_inst.m_ifaces[I].reg_inst.genblkJ.genblkK.m_axi_awaddr_reg[L]	0.525100	0.491441
axi_crossbar_inst.axi_crossbar_wr_inst.m_ifaces[I].reg_inst.genblkJ.genblkK.m_axi_awid_reg[L]	axi_crossbar_inst.axi_crossbar_wr_inst.m_ifaces[I].reg_inst.genblkJ.genblkK.m_axi_awid_reg[L]	0.525100	0.508053
axi_crossbar_inst.axi_crossbar_wr_inst.m_ifaces[I].reg_inst.genblkJ.genblkK.m_axi_awlen_reg[L]	axi_crossbar_inst.axi_crossbar_wr_inst.m_ifaces[I].reg_inst.genblkJ.genblkK.m_axi_awlen_reg[L]	0.525100	0.507840
axi_crossbar_inst.axi_crossbar_wr_inst.s_ifaces[I].reg_inst.genblkJ.genblkK.s_axi_bid_reg[L]	axi_crossbar_inst.axi_crossbar_wr_inst.s_ifaces[I].reg_inst.genblkJ.genblkK.s_axi_bid_reg[L]	0.525100	0.498645
axi_crossbar_inst.axi_crossbar_wr_inst.s_ifaces[I].reg_inst.genblkJ.genblkK.s_axi_bresp_reg[L]	axi_crossbar_inst.axi_crossbar_wr_inst.s_ifaces[I].reg_inst.genblkJ.genblkK.s_axi_bresp_reg[L]	0.525100	0.509744
axi_crossbar_inst.axi_crossbar_rd_inst.m_ifaces[I].reg_inst.genblkJ.genblkK.m_axi_arlock_reg	axi_crossbar_inst.axi_crossbar_rd_inst.m_ifaces[I].reg_inst.genblkJ.genblkK.m_axi_arlock_reg	0.525100	0.510066
axi_crossbar_inst.axi_crossbar_wr_inst.m_ifaces[I].reg_inst.genblkJ.genblkK.m_axi_awlock_reg	axi_crossbar_inst.axi_crossbar_wr_inst.m_ifaces[I].reg_inst.genblkJ.genblkK.m_axi_awlock_reg	0.525100	0.516310
axi_crossbar_inst.axi_crossbar_wr_inst.s_ifaces[I].addr_inst.m_wc_valid_reg	axi_crossbar_inst.axi_crossbar_wr_inst.s_ifaces[I].addr_inst.m_wc_valid_reg	0.528700	0.443421
axi_crossbar_inst.axi_crossbar_rd_inst.s_ifaces[I].reg_inst.genblkJ.temp_s_axi_rvalid_reg	axi_crossbar_inst.axi_crossbar_rd_inst.s_ifaces[I].reg_inst.genblkJ.s_axi_rvalid_reg	0.529800	0.522119
axi_crossbar_inst.axi_crossbar_wr_inst.s_ifaces[I].w_drop_reg	axi_crossbar_inst.axi_crossbar_wr_inst.s_ifaces[I].w_drop_reg	0.537100	0.505762
axi_crossbar_inst.axi_crossbar_wr_inst.s_ifaces[I].addr_inst.s_axi_aready_reg	axi_crossbar_inst.axi_crossbar_wr_inst.s_ifaces[I].addr_inst.state_reg[J]	0.541400	0.456372
axi_crossbar_inst.axi_crossbar_rd_inst.s_ifaces[I].reg_inst.genblkJ.temp_s_axi_rresp_reg[K]	axi_crossbar_inst.axi_crossbar_rd_inst.s_ifaces[I].reg_inst.genblkJ.temp_s_axi_rresp_reg[K]	0.542900	0.534397
axi_crossbar_inst.axi_crossbar_rd_inst.s_ifaces[I].reg_inst.genblkJ.temp_s_axi_rlast_reg	axi_crossbar_inst.axi_crossbar_rd_inst.s_ifaces[I].reg_inst.genblkJ.temp_s_axi_rlast_reg	0.543100	0.534199
axi_crossbar_inst.axi_crossbar_wr_inst.m_ifaces[I].reg_inst.genblkJ.m_axi_wdata_reg[K]	axi_crossbar_inst.axi_crossbar_wr_inst.m_ifaces[I].reg_inst.genblkJ.m_axi_wdata_reg[K]	0.545600	0.508289
axi_crossbar_inst.axi_crossbar_wr_inst.m_ifaces[I].reg_inst.genblkJ.m_axi_wstrb_reg[K]	axi_crossbar_inst.axi_crossbar_wr_inst.m_ifaces[I].reg_inst.genblkJ.m_axi_wstrb_reg[K]	0.545600	0.509971
axi_crossbar_inst.axi_crossbar_rd_inst.s_ifaces[I].reg_inst.genblkJ.s_axi_rid_reg[K]	axi_crossbar_inst.axi_crossbar_rd_inst.s_ifaces[I].reg_inst.genblkJ.s_axi_rid_reg[K]	0.545600	0.492620
axi_crossbar_inst.axi_crossbar_rd_inst.s_ifaces[I].reg_inst.genblkJ.s_axi_rlast_reg	axi_crossbar_inst.axi_crossbar_rd_inst.s_ifaces[I].reg_inst.genblkJ.s_axi_rlast_reg	0.545600	0.515837
axi_crossbar_inst.axi_crossbar_rd_inst.s_ifaces[I].reg_inst.genblkJ.s_axi_rresp_reg[K]	axi_crossbar_inst.axi_crossbar_rd_inst.s_ifaces[I].reg_inst.genblkJ.s_axi_rresp_reg[K]	0.545600	0.516010
axi_crossbar_inst.axi_crossbar_rd_inst.s_ifaces[I].reg_inst.genblkJ.s_axi_rdata_reg[K]	axi_crossbar_inst.axi_crossbar_rd_inst.s_ifaces[I].reg_inst.genblkJ.s_axi_rdata_reg[K]	0.548500	0.517304
axi_crossbar_inst.axi_crossbar_rd_inst.s_ifaces[I].reg_inst.genblkJ.temp_s_axi_rvalid_reg	axi_crossbar_inst.axi_crossbar_rd_inst.s_ifaces[I].reg_inst.genblkJ.m_axi_rready_reg	0.553500	0.539320
axi_crossbar_inst.axi_crossbar_wr_inst.m_ifaces[I].reg_inst.genblkJ.temp_m_axi_wvalid_reg	axi_crossbar_inst.axi_crossbar_wr_inst.m_ifaces[I].reg_inst.genblkJ.s_axi_wready_reg	0.555000	0.536803
