# start	end	slack_synth_ns	slack_route_ns
mI_axi_bvalid	axi_crossbar_inst.axi_crossbar_wr_inst.s_ifaces[I].b_arb_inst.mask_reg[J]	-0.304700	0.050288
mI_axi_bid[J]	axi_crossbar_inst.axi_crossbar_wr_inst.s_ifaces[I].b_arb_inst.mask_reg[J]	-0.304000	0.051191
mI_axi_bid[J]	axi_crossbar_inst.axi_crossbar_wr_inst.m_ifaces[I].a_arb_inst.mask_reg[J]	-0.287800	0.018041
mI_axi_rid[J]	axi_crossbar_inst.axi_crossbar_rd_inst.s_ifaces[I].r_arb_inst.mask_reg[J]	-0.281500	0.076442
mI_axi_rvalid	axi_crossbar_inst.axi_crossbar_rd_inst.s_ifaces[I].r_arb_inst.mask_reg[J]	-0.266600	0.087614
sI_axi_wlast	axi_crossbar_inst.axi_crossbar_wr_inst.m_ifaces[I].a_arb_inst.mask_reg[J]	-0.259600	0.020613
sI_axi_wvalid	axi_crossbar_inst.axi_crossbar_wr_inst.m_ifaces[I].a_arb_inst.mask_reg[J]	-0.251900	0.041524
mI_axi_rid[J]	axi_crossbar_inst.axi_crossbar_rd_inst.m_ifaces[I].a_arb_inst.mask_reg[J]	-0.248500	0.055032
axi_crossbar_inst.axi_crossbar_rd_inst.s_ifaces[I].addr_inst.s_axi_aid_reg[J]	axi_crossbar_inst.axi_crossbar_rd_inst.s_ifaces[I].addr_inst.thread_count_reg[J][K]	-0.231500	-0.126242
axi_crossbar_inst.axi_crossbar_wr_inst.s_ifaces[I].addr_inst.s_axi_aid_reg[J]	axi_crossbar_inst.axi_crossbar_wr_inst.s_ifaces[I].addr_inst.thread_count_reg[J][K]	-0.224100	-0.123450
axi_crossbar_inst.axi_crossbar_wr_inst.s_ifaces[I].addr_inst.thread_count_reg[J][K]	axi_crossbar_inst.axi_crossbar_wr_inst.s_ifaces[I].addr_inst.thread_count_reg[J][K]	-0.223300	-0.112003
axi_crossbar_inst.axi_crossbar_rd_inst.s_ifaces[I].addr_inst.thread_id_reg[J][K]	axi_crossbar_inst.axi_crossbar_rd_inst.s_ifaces[I].addr_inst.thread_count_reg[J][K]	-0.210300	-0.129984
axi_crossbar_inst.axi_crossbar_wr_inst.s_ifaces[I].addr_inst.thread_id_reg[J][K]	axi_crossbar_inst.axi_crossbar_wr_inst.s_ifaces[I].addr_inst.thread_count_reg[J][K]	-0.200200	-0.121686
axi_crossbar_inst.axi_crossbar_rd_inst.s_ifaces[I].addr_inst.thread_count_reg[J][K]	axi_crossbar_inst.axi_crossbar_rd_inst.s_ifaces[I].addr_inst.thread_count_reg[J][K]	-0.198600	-0.124857
axi_crossbar_inst.axi_crossbar_rd_inst.s_ifaces[I].addr_inst.s_axi_aid_reg[J]	axi_crossbar_inst.axi_crossbar_rd_inst.s_ifaces[I].addr_inst.trans_count_reg[J]	-0.181900	-0.124131
mI_axi_bid[J]	axi_crossbar_inst.axi_crossbar_wr_inst.m_ifaces[I].trans_count_reg[J]	-0.167500	0.046010
axi_crossbar_inst.axi_crossbar_wr_inst.s_ifaces[I].addr_inst.s_axi_aid_reg[J]	axi_crossbar_inst.axi_crossbar_wr_inst.s_ifaces[I].addr_inst.trans_count_reg[J]	-0.162400	-0.120037
axi_crossbar_inst.axi_crossbar_rd_inst.s_ifaces[I].addr_inst.m_select_reg[J]	axi_crossbar_inst.axi_crossbar_rd_inst.s_ifaces[I].addr_inst.thread_count_reg[J][K]	-0.160900	-0.047196
axi_crossbar_inst.axi_crossbar_rd_inst.s_ifaces[I].addr_inst.thread_id_reg[J][K]	axi_crossbar_inst.axi_crossbar_rd_inst.s_ifaces[I].addr_inst.trans_count_reg[J]	-0.160600	-0.127872
axi_crossbar_inst.axi_crossbar_wr_inst.s_ifaces[I].addr_inst.thread_count_reg[J][K]	axi_crossbar_inst.axi_crossbar_wr_inst.s_ifaces[I].addr_inst.trans_count_reg[J]	-0.159100	-0.096956
mI_axi_rvalid	axi_crossbar_inst.axi_crossbar_rd_inst.m_ifaces[I].a_arb_inst.mask_reg[J]	-0.156600	0.115477
mI_axi_bvalid	axi_crossbar_inst.axi_crossbar_wr_inst.s_ifaces[I].b_arb_inst.grant_reg[J]	-0.154600	0.083119
axi_crossbar_inst.axi_crossbar_wr_inst.s_ifaces[I].addr_inst.m_select_reg[J]	axi_crossbar_inst.axi_crossbar_wr_inst.s_ifaces[I].addr_inst.thread_count_reg[J][K]	-0.153100	-0.071668
mI_axi_rlast	axi_crossbar_inst.axi_crossbar_rd_inst.s_ifaces[I].r_arb_inst.mask_reg[J]	-0.149500	0.160244
mI_axi_bid[J]	axi_crossbar_inst.axi_crossbar_wr_inst.s_ifaces[I].b_arb_inst.grant_reg[J]	-0.148900	0.103515
mI_axi_rlast	axi_crossbar_inst.axi_crossbar_rd_inst.s_ifaces[I].r_arb_inst.grant_reg[J]	-0.148600	0.157178
mI_axi_rlast	axi_crossbar_inst.axi_crossbar_rd_inst.s_ifaces[I].r_arb_inst.grant_encoded_reg[J]	-0.146900	0.139412
mI_axi_rid[J]	axi_crossbar_inst.axi_crossbar_rd_inst.m_ifaces[I].trans_count_reg[J]	-0.146800	0.060072
axi_crossbar_inst.axi_crossbar_rd_inst.s_ifaces[I].addr_inst.thread_count_reg[J][K]	axi_crossbar_inst.axi_crossbar_rd_inst.s_ifaces[I].addr_inst.trans_count_reg[J]	-0.146700	-0.122746
axi_crossbar_inst.axi_crossbar_wr_inst.s_ifaces[I].addr_inst.thread_id_reg[J][K]	axi_crossbar_inst.axi_crossbar_wr_inst.s_ifaces[I].addr_inst.trans_count_reg[J]	-0.138400	-0.118273
mI_axi_rid[J]	axi_crossbar_inst.axi_crossbar_rd_inst.s_ifaces[I].r_arb_inst.grant_reg[J]	-0.133600	0.112578
mI_axi_bid[J]	axi_crossbar_inst.axi_crossbar_wr_inst.m_ifaces[I].a_arb_inst.grant_reg[J]	-0.131900	0.027816
sI_axi_wvalid	axi_crossbar_inst.axi_crossbar_wr_inst.m_ifaces[I].a_arb_inst.grant_reg[J]	-0.128000	0.066917
mI_axi_rvalid	axi_crossbar_inst.axi_crossbar_rd_inst.s_ifaces[I].r_arb_inst.grant_reg[J]	-0.125900	0.112488
sI_axi_wlast	axi_crossbar_inst.axi_crossbar_wr_inst.m_ifaces[I].a_arb_inst.grant_reg[J]	-0.125300	0.024478
mI_axi_bid[J]	mI_axi_bready	-0.122900	-0.218389
mI_axi_bvalid	axi_crossbar_inst.axi_crossbar_wr_inst.m_ifaces[I].a_arb_inst.mask_reg[J]	-0.122000	0.118830
axi_crossbar_inst.axi_crossbar_wr_inst.s_ifaces[I].addr_inst.m_select_reg[J]	axi_crossbar_inst.axi_crossbar_wr_inst.m_ifaces[I].a_arb_inst.mask_reg[J]	-0.119200	-0.073483
mI_axi_bid[J]	axi_crossbar_inst.axi_crossbar_wr_inst.m_ifaces[I].a_arb_inst.grant_encoded_reg[J]	-0.117700	0.056330
mI_axi_bvalid	axi_crossbar_inst.axi_crossbar_wr_inst.s_ifaces[I].b_arb_inst.grant_encoded_reg[J]	-0.114700	0.115732
mI_axi_rid[J]	axi_crossbar_inst.axi_crossbar_rd_inst.m_ifaces[I].a_arb_inst.grant_reg[J]	-0.112000	0.098006
mI_axi_rid[J]	axi_crossbar_inst.axi_crossbar_rd_inst.s_ifaces[I].r_arb_inst.grant_encoded_reg[J]	-0.111800	0.125997
mI_axi_rid[J]	mI_axi_rready	-0.111700	-0.171943
axi_crossbar_inst.axi_crossbar_wr_inst.s_ifaces[I].b_arb_inst.grant_encoded_reg[J]	axi_crossbar_inst.axi_crossbar_wr_inst.m_ifaces[I].a_arb_inst.mask_reg[J]	-0.111100	-0.113381
mI_axi_bid[J]	axi_crossbar_inst.axi_crossbar_wr_inst.s_ifaces[I].b_arb_inst.grant_encoded_reg[J]	-0.109100	0.123303
mI_axi_rvalid	axi_crossbar_inst.axi_crossbar_rd_inst.s_ifaces[I].r_arb_inst.grant_encoded_reg[J]	-0.108500	0.130823
axi_crossbar_inst.axi_crossbar_wr_inst.s_ifaces[I].addr_inst.m_axi_avalid_reg	axi_crossbar_inst.axi_crossbar_wr_inst.m_ifaces[I].a_arb_inst.mask_reg[J]	-0.104200	-0.062857
axi_crossbar_inst.axi_crossbar_wr_inst.s_ifaces[I].reg_inst.genblkJ.genblkK.m_axi_bready_reg	axi_crossbar_inst.axi_crossbar_wr_inst.m_ifaces[I].a_arb_inst.mask_reg[J]	-0.103600	-0.107425
axi_crossbar_inst.axi_crossbar_wr_inst.s_ifaces[I].w_select_reg[J]	axi_crossbar_inst.axi_crossbar_wr_inst.m_ifaces[I].a_arb_inst.mask_reg[J]	-0.101900	-0.014605
axi_crossbar_inst.axi_crossbar_rd_inst.s_ifaces[I].addr_inst.m_select_reg[J]	axi_crossbar_inst.axi_crossbar_rd_inst.s_ifaces[I].addr_inst.trans_count_reg[J]	-0.101100	-0.045085
mI_axi_rlast	axi_crossbar_inst.axi_crossbar_rd_inst.m_ifaces[I].a_arb_inst.mask_reg[J]	-0.098600	0.193870
axi_crossbar_inst.axi_crossbar_wr_inst.s_ifaces[I].w_select_valid_reg	axi_crossbar_inst.axi_crossbar_wr_inst.m_ifaces[I].a_arb_inst.mask_reg[J]	-0.097700	-0.014661
axi_crossbar_inst.axi_crossbar_rd_inst.s_ifaces[I].addr_inst.thread_m_reg[J][K]	axi_crossbar_inst.axi_crossbar_rd_inst.s_ifaces[I].addr_inst.thread_count_reg[J][K]	-0.094900	-0.043800
axi_crossbar_inst.axi_crossbar_rd_inst.s_ifaces[I].addr_inst.m_select_reg[J]	axi_crossbar_inst.axi_crossbar_rd_inst.m_ifaces[I].a_arb_inst.mask_reg[J]	-0.094100	-0.059672
sI_axi_wvalid	axi_crossbar_inst.axi_crossbar_wr_inst.m_ifaces[I].a_arb_inst.grant_encoded_reg[J]	-0.093300	0.101215
sI_axi_wlast	axi_crossbar_inst.axi_crossbar_wr_inst.m_ifaces[I].a_arb_inst.grant_encoded_reg[J]	-0.090000	0.063280
axi_crossbar_inst.axi_crossbar_wr_inst.s_ifaces[I].addr_inst.thread_m_reg[J][K]	axi_crossbar_inst.axi_crossbar_wr_inst.s_ifaces[I].addr_inst.thread_count_reg[J][K]	-0.088000	-0.032564
axi_crossbar_inst.axi_crossbar_wr_inst.m_ifaces[I].w_select_reg[J]	axi_crossbar_inst.axi_crossbar_wr_inst.m_ifaces[I].a_arb_inst.mask_reg[J]	-0.086100	-0.080570
axi_crossbar_inst.axi_crossbar_rd_inst.s_ifaces[I].addr_inst.m_axi_avalid_reg	axi_crossbar_inst.axi_crossbar_rd_inst.m_ifaces[I].a_arb_inst.mask_reg[J]	-0.084900	-0.013243
axi_crossbar_inst.axi_crossbar_wr_inst.s_ifaces[I].b_arb_inst.grant_valid_reg	axi_crossbar_inst.axi_crossbar_wr_inst.m_ifaces[I].a_arb_inst.mask_reg[J]	-0.084100	-0.097772
axi_crossbar_inst.axi_crossbar_wr_inst.s_ifaces[I].addr_inst.m_select_reg[J]	axi_crossbar_inst.axi_crossbar_wr_inst.s_ifaces[I].addr_inst.trans_count_reg[J]	-0.081100	-0.056621
mI_axi_rvalid	axi_crossbar_inst.axi_crossbar_rd_inst.m_ifaces[I].a_arb_inst.grant_reg[J]	-0.080400	0.130702
mI_axi_rvalid	axi_crossbar_inst.axi_crossbar_rd_inst.m_ifaces[I].trans_count_reg[J]	-0.077000	0.124563
mI_axi_rlast	axi_crossbar_inst.axi_crossbar_rd_inst.s_ifaces[I].r_arb_inst.grant_valid_reg	-0.075300	0.186166
mI_axi_rid[J]	axi_crossbar_inst.axi_crossbar_rd_inst.m_ifaces[I].a_arb_inst.grant_encoded_reg[J]	-0.072200	0.125232
axi_crossbar_inst.axi_crossbar_rd_inst.s_ifaces[I].r_arb_inst.grant_encoded_reg[J]	axi_crossbar_inst.axi_crossbar_rd_inst.m_ifaces[I].a_arb_inst.mask_reg[J]	-0.069000	-0.054403
axi_crossbar_inst.axi_crossbar_wr_inst.m_ifaces[I].w_select_reg[J]	sI_axi_wready	-0.064000	-0.290297
axi_crossbar_inst.axi_crossbar_rd_inst.s_ifaces[I].r_arb_inst.grant_valid_reg	axi_crossbar_inst.axi_crossbar_rd_inst.m_ifaces[I].a_arb_inst.mask_reg[J]	-0.059400	-0.044676
axi_crossbar_inst.axi_crossbar_rd_inst.s_ifaces[I].reg_inst.genblkJ.m_axi_rready_reg	axi_crossbar_inst.axi_crossbar_rd_inst.m_ifaces[I].a_arb_inst.mask_reg[J]	-0.053700	-0.076320
axi_crossbar_inst.axi_crossbar_wr_inst.s_ifaces[I].w_drop_reg	axi_crossbar_inst.axi_crossbar_wr_inst.m_ifaces[I].a_arb_inst.mask_reg[J]	-0.052100	0.005318
axi_crossbar_inst.axi_crossbar_wr_inst.s_ifaces[I].b_arb_inst.grant_reg[J]	axi_crossbar_inst.axi_crossbar_wr_inst.s_ifaces[I].b_arb_inst.mask_reg[J]	-0.050300	0.007008
axi_crossbar_inst.axi_crossbar_rd_inst.s_ifaces[I].addr_inst.thread_m_reg[J][K]	axi_crossbar_inst.axi_crossbar_rd_inst.s_ifaces[I].addr_inst.trans_count_reg[J]	-0.045300	-0.041689
mI_axi_rvalid	axi_crossbar_inst.axi_crossbar_rd_inst.m_ifaces[I].a_arb_inst.grant_encoded_reg[J]	-0.038800	0.156508
axi_crossbar_inst.axi_crossbar_rd_inst.s_ifaces[I].addr_inst.m_select_reg[J]	axi_crossbar_inst.axi_crossbar_rd_inst.m_ifaces[I].trans_count_reg[J]	-0.035700	-0.060731
mI_axi_bvalid	axi_crossbar_inst.axi_crossbar_wr_inst.s_ifaces[I].b_arb_inst.grant_valid_reg	-0.033100	0.143002
axi_crossbar_inst.axi_crossbar_wr_inst.m_ifaces[I].a_arb_inst.grant_reg[J]	axi_crossbar_inst.axi_crossbar_wr_inst.m_ifaces[I].a_arb_inst.mask_reg[J]	-0.032900	0.014215
mI_axi_rvalid	axi_crossbar_inst.axi_crossbar_rd_inst.s_ifaces[I].r_arb_inst.grant_valid_reg	-0.030200	0.176588
axi_crossbar_inst.axi_crossbar_rd_inst.m_ifaces[I].a_arb_inst.mask_reg[J]	axi_crossbar_inst.axi_crossbar_rd_inst.m_ifaces[I].a_arb_inst.mask_reg[J]	-0.030100	0.013050
sI_axi_wvalid	axi_crossbar_inst.axi_crossbar_wr_inst.m_ifaces[I].a_arb_inst.grant_valid_reg	-0.030000	0.168169
mI_axi_bid[J]	axi_crossbar_inst.axi_crossbar_wr_inst.s_ifaces[I].b_arb_inst.grant_valid_reg	-0.028400	0.174939
axi_crossbar_inst.axi_crossbar_rd_inst.s_ifaces[I].addr_inst.state_reg[J]	axi_crossbar_inst.axi_crossbar_rd_inst.s_ifaces[I].addr_inst.thread_count_reg[J][K]	-0.025400	0.059970
axi_crossbar_inst.axi_crossbar_rd_inst.s_ifaces[I].addr_inst.m_axi_avalid_reg	axi_crossbar_inst.axi_crossbar_rd_inst.m_ifaces[I].trans_count_reg[J]	-0.024000	-0.013571
axi_crossbar_inst.axi_crossbar_wr_inst.s_ifaces[I].addr_inst.thread_m_reg[J][K]	axi_crossbar_inst.axi_crossbar_wr_inst.s_ifaces[I].addr_inst.trans_count_reg[J]	-0.023000	-0.019330
axi_crossbar_inst.axi_crossbar_wr_inst.s_ifaces[I].b_arb_inst.mask_reg[J]	axi_crossbar_inst.axi_crossbar_wr_inst.s_ifaces[I].b_arb_inst.mask_reg[J]	-0.022400	0.031119
axi_crossbar_inst.axi_crossbar_rd_inst.s_ifaces[I].decerr_m_axi_rvalid_reg	axi_crossbar_inst.axi_crossbar_rd_inst.s_ifaces[I].r_arb_inst.mask_reg[J]	-0.022000	0.081103
mI_axi_rid[J]	axi_crossbar_inst.axi_crossbar_rd_inst.s_ifaces[I].r_arb_inst.grant_valid_reg	-0.020500	0.168371
axi_crossbar_inst.axi_crossbar_rd_inst.m_ifaces[I].a_arb_inst.grant_encoded_reg[J]	axi_crossbar_inst.axi_crossbar_rd_inst.m_ifaces[I].trans_count_reg[J]	-0.018900	0.027871
axi_crossbar_inst.axi_crossbar_wr_inst.s_ifaces[I].addr_inst.m_select_reg[J]	axi_crossbar_inst.axi_crossbar_wr_inst.m_ifaces[I].trans_count_reg[J]	-0.016400	-0.066925
axi_crossbar_inst.axi_crossbar_rd_inst.s_ifaces[I].addr_inst.trans_count_reg[J]	axi_crossbar_inst.axi_crossbar_rd_inst.s_ifaces[I].addr_inst.thread_count_reg[J][K]	-0.014800	0.049662
mI_axi_bid[J]	axi_crossbar_inst.axi_crossbar_wr_inst.m_ifaces[I].a_arb_inst.grant_valid_reg	-0.014500	0.136153
axi_crossbar_inst.axi_crossbar_rd_inst.m_ifaces[I].a_arb_inst.grant_reg[J]	axi_crossbar_inst.axi_crossbar_rd_inst.m_ifaces[I].a_arb_inst.mask_reg[J]	-0.011100	0.033430
axi_crossbar_inst.axi_crossbar_rd_inst.s_ifaces[I].r_arb_inst.mask_reg[J]	axi_crossbar_inst.axi_crossbar_rd_inst.s_ifaces[I].r_arb_inst.mask_reg[J]	-0.010100	0.039664
axi_crossbar_inst.axi_crossbar_rd_inst.s_ifaces[I].r_arb_inst.grant_reg[J]	axi_crossbar_inst.axi_crossbar_rd_inst.s_ifaces[I].r_arb_inst.mask_reg[J]	-0.007700	0.053422
axi_crossbar_inst.axi_crossbar_wr_inst.s_ifaces[I].addr_inst.state_reg[J]	axi_crossbar_inst.axi_crossbar_wr_inst.s_ifaces[I].addr_inst.thread_count_reg[J][K]	-0.007400	0.069634
mI_axi_rlast	axi_crossbar_inst.axi_crossbar_rd_inst.m_ifaces[I].a_arb_inst.grant_reg[J]	-0.006100	0.222208
mI_axi_rlast	axi_crossbar_inst.axi_crossbar_rd_inst.m_ifaces[I].trans_count_reg[J]	-0.002800	0.202086
mI_axi_rvalid	axi_crossbar_inst.axi_crossbar_rd_inst.s_ifaces[I].reg_inst.genblkJ.temp_s_axi_rvalid_reg	-0.002500	0.185569
axi_crossbar_inst.axi_crossbar_wr_inst.s_ifaces[I].addr_inst.trans_count_reg[J]	axi_crossbar_inst.axi_crossbar_wr_inst.s_ifaces[I].addr_inst.thread_count_reg[J][K]	-0.001400	0.065840
mI_axi_bvalid	axi_crossbar_inst.axi_crossbar_wr_inst.m_ifaces[I].a_arb_inst.grant_reg[J]	-0.000500	0.137168
axi_crossbar_inst.axi_crossbar_wr_inst.m_ifaces[I].a_arb_inst.mask_reg[J]	axi_crossbar_inst.axi_crossbar_wr_inst.m_ifaces[I].a_arb_inst.mask_reg[J]	-0.000200	0.026420
axi_crossbar_inst.axi_crossbar_wr_inst.m_ifaces[I].a_arb_inst.grant_encoded_reg[J]	axi_crossbar_inst.axi_crossbar_wr_inst.m_ifaces[I].trans_count_reg[J]	0.000300	0.053280
sI_axi_wlast	axi_crossbar_inst.axi_crossbar_wr_inst.m_ifaces[I].a_arb_inst.grant_valid_reg	0.002900	0.120758
axi_crossbar_inst.axi_crossbar_wr_inst.s_ifaces[I].addr_inst.m_axi_avalid_reg	axi_crossbar_inst.axi_crossbar_wr_inst.m_ifaces[I].trans_count_reg[J]	0.005600	-0.028786
axi_crossbar_inst.axi_crossbar_wr_inst.s_ifaces[I].decerr_m_axi_bvalid_reg	axi_crossbar_inst.axi_crossbar_wr_inst.s_ifaces[I].b_arb_inst.mask_reg[J]	0.010600	0.086915
axi_crossbar_inst.axi_crossbar_wr_inst.s_ifaces[I].b_arb_inst.grant_encoded_reg[J]	mI_axi_bready	0.013600	-0.313922
axi_crossbar_inst.axi_crossbar_rd_inst.s_ifaces[I].addr_inst.s_axi_aid_reg[J]	axi_crossbar_inst.axi_crossbar_rd_inst.s_ifaces[I].addr_inst.thread_id_reg[J][K]	0.014400	0.002452
axi_crossbar_inst.axi_crossbar_rd_inst.s_ifaces[I].addr_inst.s_axi_aid_reg[J]	axi_crossbar_inst.axi_crossbar_rd_inst.s_ifaces[I].addr_inst.thread_m_reg[J][K]	0.014400	0.003280
axi_crossbar_inst.axi_crossbar_wr_inst.s_ifaces[I].reg_inst.genblkJ.genblkK.m_axi_bready_reg	axi_crossbar_inst.axi_crossbar_wr_inst.m_ifaces[I].trans_count_reg[J]	0.016700	-0.064593
sI_axi_wvalid	axi_crossbar_inst.axi_crossbar_wr_inst.m_ifaces[I].reg_inst.genblkJ.temp_m_axi_wvalid_reg	0.017300	0.197003
axi_crossbar_inst.axi_crossbar_wr_inst.s_ifaces[I].b_arb_inst.grant_encoded_reg[J]	axi_crossbar_inst.axi_crossbar_wr_inst.m_ifaces[I].trans_count_reg[J]	0.019400	-0.068942
axi_crossbar_inst.axi_crossbar_wr_inst.m_ifaces[I].reg_inst.genblkJ.s_axi_wready_reg	axi_crossbar_inst.axi_crossbar_wr_inst.m_ifaces[I].a_arb_inst.mask_reg[J]	0.019500	0.031620
mI_axi_bvalid	axi_crossbar_inst.axi_crossbar_wr_inst.m_ifaces[I].trans_count_reg[J]	0.019700	0.140545
axi_crossbar_inst.axi_crossbar_rd_inst.s_ifaces[I].r_arb_inst.grant_encoded_reg[J]	axi_crossbar_inst.axi_crossbar_rd_inst.m_ifaces[I].trans_count_reg[J]	0.020600	-0.046187
axi_crossbar_inst.axi_crossbar_wr_inst.s_ifaces[I].addr_inst.thread_count_reg[J][K]	axi_crossbar_inst.axi_crossbar_wr_inst.s_ifaces[I].addr_inst.thread_id_reg[J][K]	0.022700	0.020069
axi_crossbar_inst.axi_crossbar_wr_inst.s_ifaces[I].addr_inst.thread_count_reg[J][K]	axi_crossbar_inst.axi_crossbar_wr_inst.s_ifaces[I].addr_inst.thread_m_reg[J][K]	0.022700	0.022693
mI_axi_rid[J]	axi_crossbar_inst.axi_crossbar_rd_inst.m_ifaces[I].a_arb_inst.grant_valid_reg	0.023700	0.165553
sI_axi_wvalid	axi_crossbar_inst.axi_crossbar_wr_inst.m_ifaces[I].reg_inst.genblkJ.m_axi_wvalid_reg	0.023800	0.186565
axi_crossbar_inst.axi_crossbar_wr_inst.s_ifaces[I].b_arb_inst.grant_encoded_reg[J]	axi_crossbar_inst.axi_crossbar_wr_inst.m_ifaces[I].a_arb_inst.grant_reg[J]	0.025100	-0.081645
axi_crossbar_inst.axi_crossbar_wr_inst.s_ifaces[I].w_select_reg[J]	sI_axi_wready	0.026500	-0.284256
axi_crossbar_inst.axi_crossbar_wr_inst.s_ifaces[I].addr_inst.s_axi_aid_reg[J]	axi_crossbar_inst.axi_crossbar_wr_inst.s_ifaces[I].addr_inst.thread_id_reg[J][K]	0.026600	0.008151
axi_crossbar_inst.axi_crossbar_wr_inst.s_ifaces[I].addr_inst.s_axi_aid_reg[J]	axi_crossbar_inst.axi_crossbar_wr_inst.s_ifaces[I].addr_inst.thread_m_reg[J][K]	0.026600	0.009028
mI_axi_rvalid	axi_crossbar_inst.axi_crossbar_rd_inst.s_ifaces[I].reg_inst.genblkJ.s_axi_rvalid_reg	0.028100	0.188919
mI_axi_rlast	axi_crossbar_inst.axi_crossbar_rd_inst.s_ifaces[I].reg_inst.genblkJ.s_axi_rlast_reg	0.028800	0.255506
axi_crossbar_inst.axi_crossbar_wr_inst.m_ifaces[I].a_arb_inst.grant_valid_reg	axi_crossbar_inst.axi_crossbar_wr_inst.m_ifaces[I].a_arb_inst.mask_reg[J]	0.031800	0.095685
mI_axi_rvalid	axi_crossbar_inst.axi_crossbar_rd_inst.s_ifaces[I].addr_inst.s_cpl_valid_reg	0.032000	0.192211
mI_axi_bvalid	axi_crossbar_inst.axi_crossbar_wr_inst.m_ifaces[I].a_arb_inst.grant_encoded_reg[J]	0.032200	0.137971
axi_crossbar_inst.axi_crossbar_rd_inst.s_ifaces[I].reg_inst.genblkJ.m_axi_rready_reg	axi_crossbar_inst.axi_crossbar_rd_inst.m_ifaces[I].trans_count_reg[J]	0.032400	-0.061487
axi_crossbar_inst.axi_crossbar_wr_inst.s_ifaces[I].w_select_valid_reg	axi_crossbar_inst.axi_crossbar_wr_inst.m_ifaces[I].a_arb_inst.grant_reg[J]	0.032500	0.005291
axi_crossbar_inst.axi_crossbar_rd_inst.s_ifaces[I].addr_inst.s_cpl_valid_reg	axi_crossbar_inst.axi_crossbar_rd_inst.s_ifaces[I].addr_inst.thread_count_reg[J][K]	0.033400	0.081116
mI_axi_rvalid	axi_crossbar_inst.axi_crossbar_rd_inst.s_ifaces[I].reg_inst.genblkJ.m_axi_rready_reg	0.033500	0.189190
axi_crossbar_inst.axi_crossbar_wr_inst.s_ifaces[I].reg_inst.genblkJ.genblkK.m_axi_bready_reg	mI_axi_bready	0.034000	-0.309574
axi_crossbar_inst.axi_crossbar_wr_inst.s_ifaces[I].reg_inst.genblkJ.genblkK.m_axi_bready_reg	axi_crossbar_inst.axi_crossbar_wr_inst.m_ifaces[I].a_arb_inst.grant_reg[J]	0.034000	-0.075689
mI_axi_rlast	axi_crossbar_inst.axi_crossbar_rd_inst.m_ifaces[I].a_arb_inst.grant_encoded_reg[J]	0.035500	0.248015
axi_crossbar_inst.axi_crossbar_wr_inst.m_ifaces[I].reg_inst.genblkJ.s_axi_wready_reg	sI_axi_wready	0.035500	-0.289212
axi_crossbar_inst.axi_crossbar_rd_inst.s_ifaces[I].addr_inst.thread_id_reg[J][K]	axi_crossbar_inst.axi_crossbar_rd_inst.s_ifaces[I].addr_inst.thread_id_reg[J][K]	0.035600	-0.001290
axi_crossbar_inst.axi_crossbar_rd_inst.s_ifaces[I].addr_inst.thread_id_reg[J][K]	axi_crossbar_inst.axi_crossbar_rd_inst.s_ifaces[I].addr_inst.thread_m_reg[J][K]	0.035600	-0.000462
axi_crossbar_inst.axi_crossbar_wr_inst.s_ifaces[I].b_arb_inst.grant_valid_reg	axi_crossbar_inst.axi_crossbar_wr_inst.m_ifaces[I].trans_count_reg[J]	0.036200	-0.070091
axi_crossbar_inst.axi_crossbar_rd_inst.s_ifaces[I].r_arb_inst.grant_encoded_reg[J]	axi_crossbar_inst.axi_crossbar_rd_inst.s_ifaces[I].r_arb_inst.mask_reg[J]	0.036400	-0.049480
axi_crossbar_inst.axi_crossbar_wr_inst.s_ifaces[I].w_select_reg[J]	axi_crossbar_inst.axi_crossbar_wr_inst.m_ifaces[I].a_arb_inst.grant_reg[J]	0.037200	0.000975
axi_crossbar_inst.axi_crossbar_rd_inst.s_ifaces[I].r_arb_inst.grant_encoded_reg[J]	axi_crossbar_inst.axi_crossbar_rd_inst.s_ifaces[I].r_arb_inst.grant_reg[J]	0.037300	-0.052058
axi_crossbar_inst.axi_crossbar_rd_inst.s_ifaces[I].r_arb_inst.grant_encoded_reg[J]	axi_crossbar_inst.axi_crossbar_rd_inst.s_ifaces[I].r_arb_inst.grant_encoded_reg[J]	0.038900	-0.039929
mI_axi_bvalid	axi_crossbar_inst.axi_crossbar_wr_inst.s_ifaces[I].reg_inst.genblkJ.genblkK.m_axi_bready_reg	0.041100	0.196911
axi_crossbar_inst.axi_crossbar_wr_inst.s_ifaces[I].addr_inst.m_axi_avalid_reg	axi_crossbar_inst.axi_crossbar_wr_inst.m_ifaces[I].a_arb_inst.grant_reg[J]	0.041300	-0.018114
mI_axi_bvalid	axi_crossbar_inst.axi_crossbar_wr_inst.s_ifaces[I].reg_inst.genblkJ.genblkK.s_axi_bvalid_reg	0.042900	0.199003
axi_crossbar_inst.axi_crossbar_rd_inst.s_ifaces[I].r_arb_inst.grant_valid_reg	axi_crossbar_inst.axi_crossbar_rd_inst.m_ifaces[I].trans_count_reg[J]	0.043600	-0.036460
axi_crossbar_inst.axi_crossbar_rd_inst.s_ifaces[I].addr_inst.s_cpl_id_reg[J]	axi_crossbar_inst.axi_crossbar_rd_inst.s_ifaces[I].addr_inst.thread_count_reg[J][K]	0.043700	0.003743
axi_crossbar_inst.axi_crossbar_wr_inst.s_ifaces[I].addr_inst.s_cpl_id_reg[J]	axi_crossbar_inst.axi_crossbar_wr_inst.s_ifaces[I].addr_inst.thread_count_reg[J][K]	0.043700	-0.016463
axi_crossbar_inst.axi_crossbar_rd_inst.s_ifaces[I].addr_inst.m_select_reg[J]	axi_crossbar_inst.axi_crossbar_rd_inst.m_ifaces[I].a_arb_inst.grant_reg[J]	0.044500	-0.033138
axi_crossbar_inst.axi_crossbar_wr_inst.m_ifaces[I].w_select_reg[J]	axi_crossbar_inst.axi_crossbar_wr_inst.m_ifaces[I].a_arb_inst.grant_reg[J]	0.044600	-0.032846
axi_crossbar_inst.axi_crossbar_wr_inst.s_ifaces[I].addr_inst.m_select_reg[J]	axi_crossbar_inst.axi_crossbar_wr_inst.m_ifaces[I].a_arb_inst.grant_reg[J]	0.046600	-0.035302
sI_axi_wlast	axi_crossbar_inst.axi_crossbar_wr_inst.m_ifaces[I].w_select_valid_reg	0.046600	0.173917
axi_crossbar_inst.axi_crossbar_wr_inst.s_ifaces[I].addr_inst.s_cpl_valid_reg	axi_crossbar_inst.axi_crossbar_wr_inst.s_ifaces[I].addr_inst.thread_count_reg[J][K]	0.046900	0.116728
axi_crossbar_inst.axi_crossbar_rd_inst.s_ifaces[I].addr_inst.state_reg[J]	axi_crossbar_inst.axi_crossbar_rd_inst.s_ifaces[I].addr_inst.trans_count_reg[J]	0.047200	0.066083
axi_crossbar_inst.axi_crossbar_rd_inst.s_ifaces[I].addr_inst.thread_count_reg[J][K]	axi_crossbar_inst.axi_crossbar_rd_inst.s_ifaces[I].addr_inst.thread_id_reg[J][K]	0.047200	0.003837
axi_crossbar_inst.axi_crossbar_rd_inst.s_ifaces[I].addr_inst.thread_count_reg[J][K]	axi_crossbar_inst.axi_crossbar_rd_inst.s_ifaces[I].addr_inst.thread_m_reg[J][K]	0.047200	0.004665
axi_crossbar_inst.axi_crossbar_rd_inst.s_ifaces[I].addr_inst.m_axi_avalid_reg	axi_crossbar_inst.axi_crossbar_rd_inst.m_ifaces[I].a_arb_inst.grant_reg[J]	0.048900	-0.007540
axi_crossbar_inst.axi_crossbar_wr_inst.s_ifaces[I].b_arb_inst.grant_encoded_reg[J]	axi_crossbar_inst.axi_crossbar_wr_inst.m_ifaces[I].a_arb_inst.grant_encoded_reg[J]	0.050200	-0.061313
axi_crossbar_inst.axi_crossbar_wr_inst.s_ifaces[I].addr_inst.thread_id_reg[J][K]	axi_crossbar_inst.axi_crossbar_wr_inst.s_ifaces[I].addr_inst.thread_id_reg[J][K]	0.050500	0.018405
axi_crossbar_inst.axi_crossbar_wr_inst.s_ifaces[I].addr_inst.thread_id_reg[J][K]	axi_crossbar_inst.axi_crossbar_wr_inst.s_ifaces[I].addr_inst.thread_m_reg[J][K]	0.050500	0.021030
axi_crossbar_inst.axi_crossbar_rd_inst.s_ifaces[I].addr_inst.trans_count_reg[J]	axi_crossbar_inst.axi_crossbar_rd_inst.s_ifaces[I].addr_inst.trans_count_reg[J]	0.050600	0.043772
mI_axi_rid[J]	axi_crossbar_inst.axi_crossbar_rd_inst.s_ifaces[I].reg_inst.genblkJ.s_axi_rid_reg[K]	0.051100	0.258254
axi_crossbar_inst.axi_crossbar_rd_inst.s_ifaces[I].reg_inst.genblkJ.m_axi_rready_reg	axi_crossbar_inst.axi_crossbar_rd_inst.m_ifaces[I].a_arb_inst.grant_reg[J]	0.051500	-0.025475
sI_axi_wvalid	axi_crossbar_inst.axi_crossbar_wr_inst.m_ifaces[I].reg_inst.genblkJ.s_axi_wready_reg	0.052200	0.219619
axi_crossbar_inst.axi_crossbar_wr_inst.s_ifaces[I].b_arb_inst.grant_valid_reg	axi_crossbar_inst.axi_crossbar_wr_inst.m_ifaces[I].a_arb_inst.grant_reg[J]	0.053500	-0.066036
sI_axi_wvalid	axi_crossbar_inst.axi_crossbar_wr_inst.m_ifaces[I].w_select_valid_reg	0.054400	0.213229
axi_crossbar_inst.axi_crossbar_wr_inst.m_ifaces[I].w_select_new_reg	axi_crossbar_inst.axi_crossbar_wr_inst.m_ifaces[I].a_arb_inst.mask_reg[J]	0.055800	0.097537
axi_crossbar_inst.axi_crossbar_wr_inst.s_ifaces[I].addr_inst.state_reg[J]	axi_crossbar_inst.axi_crossbar_wr_inst.s_ifaces[I].addr_inst.trans_count_reg[J]	0.056800	0.068216
axi_crossbar_inst.axi_crossbar_rd_inst.s_ifaces[I].r_arb_inst.grant_encoded_reg[J]	axi_crossbar_inst.axi_crossbar_rd_inst.m_ifaces[I].a_arb_inst.grant_reg[J]	0.056900	-0.011952
axi_crossbar_inst.axi_crossbar_rd_inst.s_ifaces[I].r_arb_inst.grant_encoded_reg[J]	mI_axi_rready	0.058300	-0.285377
axi_crossbar_inst.axi_crossbar_wr_inst.s_ifaces[I].reg_inst.genblkJ.genblkK.m_axi_bready_reg	axi_crossbar_inst.axi_crossbar_wr_inst.m_ifaces[I].a_arb_inst.grant_encoded_reg[J]	0.059800	-0.056016
axi_crossbar_inst.axi_crossbar_wr_inst.s_ifaces[I].b_arb_inst.grant_valid_reg	mI_axi_bready	0.060400	-0.315071
axi_crossbar_inst.axi_crossbar_wr_inst.s_ifaces[I].addr_inst.m_axi_avalid_reg	axi_crossbar_inst.axi_crossbar_wr_inst.m_ifaces[I].a_arb_inst.grant_encoded_reg[J]	0.061300	0.018412
axi_crossbar_inst.axi_crossbar_wr_inst.m_ifaces[I].w_select_valid_reg	sI_axi_wready	0.061500	-0.287628
axi_crossbar_inst.axi_crossbar_wr_inst.s_ifaces[I].w_select_valid_reg	axi_crossbar_inst.axi_crossbar_wr_inst.m_ifaces[I].a_arb_inst.grant_encoded_reg[J]	0.062500	0.006094
axi_crossbar_inst.axi_crossbar_rd_inst.s_ifaces[I].r_arb_inst.grant_valid_reg	axi_crossbar_inst.axi_crossbar_rd_inst.m_ifaces[I].a_arb_inst.grant_reg[J]	0.062600	-0.011345
axi_crossbar_inst.axi_crossbar_wr_inst.s_ifaces[I].addr_inst.trans_count_reg[J]	axi_crossbar_inst.axi_crossbar_wr_inst.s_ifaces[I].addr_inst.trans_count_reg[J]	0.062800	0.050192
axi_crossbar_inst.axi_crossbar_rd_inst.s_ifaces[I].r_arb_inst.grant_encoded_reg[J]	axi_crossbar_inst.axi_crossbar_rd_inst.s_ifaces[I].reg_inst.genblkJ.temp_s_axi_rdata_reg[K]	0.065700	-0.068205
axi_crossbar_inst.axi_crossbar_wr_inst.s_ifaces[I].w_select_reg[J]	axi_crossbar_inst.axi_crossbar_wr_inst.m_ifaces[I].a_arb_inst.grant_encoded_reg[J]	0.065700	0.021455
axi_crossbar_inst.axi_crossbar_wr_inst.s_ifaces[I].addr_inst.m_select_reg[J]	axi_crossbar_inst.axi_crossbar_wr_inst.m_ifaces[I].a_arb_inst.grant_encoded_reg[J]	0.066500	0.007787
mI_axi_rvalid	axi_crossbar_inst.axi_crossbar_rd_inst.m_ifaces[I].a_arb_inst.grant_valid_reg	0.069200	0.200611
mI_axi_rlast	axi_crossbar_inst.axi_crossbar_rd_inst.s_ifaces[I].reg_inst.genblkJ.temp_s_axi_rlast_reg	0.070900	0.306724
sI_axi_araddr[J]	axi_crossbar_inst.axi_crossbar_rd_inst.s_ifaces[I].addr_inst.thread_m_reg[J][K]	0.071200	0.280201
sI_axi_awaddr[J]	axi_crossbar_inst.axi_crossbar_wr_inst.s_ifaces[I].addr_inst.thread_m_reg[J][K]	0.071200	0.257449
sI_axi_wlast	axi_crossbar_inst.axi_crossbar_wr_inst.m_ifaces[I].reg_inst.genblkJ.m_axi_wlast_reg	0.072200	0.203906
axi_crossbar_inst.axi_crossbar_wr_inst.m_ifaces[I].w_select_valid_reg	axi_crossbar_inst.axi_crossbar_wr_inst.m_ifaces[I].a_arb_inst.mask_reg[J]	0.073100	0.048417
axi_crossbar_inst.axi_crossbar_wr_inst.s_ifaces[I].w_drop_reg	axi_crossbar_inst.axi_crossbar_wr_inst.m_ifaces[I].a_arb_inst.grant_reg[J]	0.074100	0.028822
mI_axi_rresp[J]	axi_crossbar_inst.axi_crossbar_rd_inst.s_ifaces[I].reg_inst.genblkJ.s_axi_rresp_reg[K]	0.076200	0.291604
mI_axi_bvalid	axi_crossbar_inst.axi_crossbar_wr_inst.s_ifaces[I].addr_inst.s_cpl_valid_reg	0.076700	0.178649
axi_crossbar_inst.axi_crossbar_wr_inst.m_ifaces[I].w_select_reg[J]	axi_crossbar_inst.axi_crossbar_wr_inst.m_ifaces[I].reg_inst.genblkJ.m_axi_wdata_reg[K]	0.077000	-0.038310
axi_crossbar_inst.axi_crossbar_rd_inst.s_ifaces[I].r_arb_inst.grant_encoded_reg[J]	axi_crossbar_inst.axi_crossbar_rd_inst.m_ifaces[I].a_arb_inst.grant_encoded_reg[J]	0.077900	0.015274
axi_crossbar_inst.axi_crossbar_rd_inst.s_ifaces[I].r_arb_inst.grant_encoded_reg[J]	axi_crossbar_inst.axi_crossbar_rd_inst.s_ifaces[I].reg_inst.genblkJ.s_axi_rid_reg[K]	0.078700	-0.061844
axi_crossbar_inst.axi_crossbar_rd_inst.s_ifaces[I].reg_inst.genblkJ.m_axi_rready_reg	mI_axi_rready	0.078800	-0.299169
axi_crossbar_inst.axi_crossbar_wr_inst.m_ifaces[I].w_select_reg[J]	axi_crossbar_inst.axi_crossbar_wr_inst.m_ifaces[I].a_arb_inst.grant_encoded_reg[J]	0.079100	-0.034851
sI_axi_wdata[J]	axi_crossbar_inst.axi_crossbar_wr_inst.m_ifaces[I].reg_inst.genblkJ.m_axi_wdata_reg[K]	0.080800	0.314346
axi_crossbar_inst.axi_crossbar_rd_inst.s_ifaces[I].reg_inst.genblkJ.m_axi_rready_reg	axi_crossbar_inst.axi_crossbar_rd_inst.m_ifaces[I].a_arb_inst.grant_encoded_reg[J]	0.080900	-0.006293
sI_axi_wstrb[J]	axi_crossbar_inst.axi_crossbar_wr_inst.m_ifaces[I].reg_inst.genblkJ.m_axi_wstrb_reg[K]	0.081000	0.325104
axi_crossbar_inst.axi_crossbar_rd_inst.s_ifaces[I].r_arb_inst.grant_valid_reg	mI_axi_rready	0.081600	-0.283733
mI_axi_bid[J]	axi_crossbar_inst.axi_crossbar_wr_inst.s_ifaces[I].reg_inst.genblkJ.genblkK.s_axi_bid_reg[L]	0.081800	0.342333
axi_crossbar_inst.axi_crossbar_wr_inst.s_ifaces[I].addr_inst.m_decerr_reg	axi_crossbar_inst.axi_crossbar_wr_inst.s_ifaces[I].addr_inst.thread_count_reg[J][K]	0.083300	0.130047
axi_crossbar_inst.axi_crossbar_rd_inst.s_ifaces[I].addr_inst.m_axi_avalid_reg	axi_crossbar_inst.axi_crossbar_rd_inst.m_ifaces[I].a_arb_inst.grant_encoded_reg[J]	0.084500	0.012655
axi_crossbar_inst.axi_crossbar_rd_inst.s_ifaces[I].addr_inst.m_select_reg[J]	axi_crossbar_inst.axi_crossbar_rd_inst.s_ifaces[I].addr_inst.thread_id_reg[J][K]	0.085200	0.081498
axi_crossbar_inst.axi_crossbar_rd_inst.s_ifaces[I].addr_inst.m_select_reg[J]	axi_crossbar_inst.axi_crossbar_rd_inst.s_ifaces[I].addr_inst.thread_m_reg[J][K]	0.085200	0.078745
axi_crossbar_inst.axi_crossbar_rd_inst.s_ifaces[I].addr_inst.m_decerr_reg	axi_crossbar_inst.axi_crossbar_rd_inst.s_ifaces[I].addr_inst.thread_count_reg[J][K]	0.085600	0.172048
axi_crossbar_inst.axi_crossbar_rd_inst.s_ifaces[I].r_arb_inst.grant_encoded_reg[J]	axi_crossbar_inst.axi_crossbar_rd_inst.s_ifaces[I].reg_inst.genblkJ.s_axi_rdata_reg[K]	0.085700	-0.049905
axi_crossbar_inst.axi_crossbar_rd_inst.s_ifaces[I].addr_inst.m_select_reg[J]	axi_crossbar_inst.axi_crossbar_rd_inst.m_ifaces[I].a_arb_inst.grant_encoded_reg[J]	0.085800	-0.016498
axi_crossbar_inst.axi_crossbar_wr_inst.s_ifaces[I].b_arb_inst.grant_valid_reg	axi_crossbar_inst.axi_crossbar_wr_inst.m_ifaces[I].a_arb_inst.grant_encoded_reg[J]	0.086000	-0.048455
axi_crossbar_inst.axi_crossbar_rd_inst.s_ifaces[I].r_arb_inst.grant_encoded_reg[J]	axi_crossbar_inst.axi_crossbar_rd_inst.s_ifaces[I].decerr_len_reg[J]	0.086600	0.063470
axi_crossbar_inst.axi_crossbar_rd_inst.s_ifaces[I].r_arb_inst.grant_encoded_reg[J]	axi_crossbar_inst.axi_crossbar_rd_inst.s_ifaces[I].decerr_m_axi_rlast_reg	0.086600	0.064020
mI_axi_rlast	axi_crossbar_inst.axi_crossbar_rd_inst.s_ifaces[I].addr_inst.s_cpl_valid_reg	0.087400	0.285208
axi_crossbar_inst.axi_crossbar_rd_inst.s_ifaces[I].r_arb_inst.grant_valid_reg	axi_crossbar_inst.axi_crossbar_rd_inst.m_ifaces[I].a_arb_inst.grant_encoded_reg[J]	0.088800	0.015881
axi_crossbar_inst.axi_crossbar_rd_inst.s_ifaces[I].addr_inst.s_cpl_valid_reg	axi_crossbar_inst.axi_crossbar_rd_inst.s_ifaces[I].addr_inst.trans_count_reg[J]	0.088900	0.083228
axi_crossbar_inst.axi_crossbar_wr_inst.m_ifaces[I].w_select_reg[J]	axi_crossbar_inst.axi_crossbar_wr_inst.m_ifaces[I].reg_inst.genblkJ.m_axi_wstrb_reg[K]	0.090200	-0.026227
mI_axi_rdata[J]	axi_crossbar_inst.axi_crossbar_rd_inst.s_ifaces[I].reg_inst.genblkJ.temp_s_axi_rdata_reg[K]	0.091000	0.342716
rst	axi_crossbar_inst.axi_crossbar_wr_inst.m_ifaces[I].a_arb_inst.grant_encoded_reg[J]	0.092300	0.403891
rst	axi_crossbar_inst.axi_crossbar_wr_inst.m_ifaces[I].a_arb_inst.mask_reg[J]	0.092300	0.395609
rst	axi_crossbar_inst.axi_crossbar_wr_inst.s_ifaces[I].b_arb_inst.grant_encoded_reg[J]	0.092300	0.421220
axi_crossbar_inst.axi_crossbar_wr_inst.s_ifaces[I].addr_inst.m_select_reg[J]	axi_crossbar_inst.axi_crossbar_wr_inst.s_ifaces[I].addr_inst.thread_id_reg[J][K]	0.092600	0.072027
axi_crossbar_inst.axi_crossbar_wr_inst.s_ifaces[I].addr_inst.m_select_reg[J]	axi_crossbar_inst.axi_crossbar_wr_inst.s_ifaces[I].addr_inst.thread_m_reg[J][K]	0.092600	0.074405
axi_crossbar_inst.axi_crossbar_rd_inst.s_ifaces[I].r_arb_inst.grant_encoded_reg[J]	axi_crossbar_inst.axi_crossbar_rd_inst.s_ifaces[I].r_arb_inst.grant_valid_reg	0.094500	-0.032430
mI_axi_rid[J]	axi_crossbar_inst.axi_crossbar_rd_inst.s_ifaces[I].reg_inst.genblkJ.temp_s_axi_rid_reg[K]	0.094700	0.299028
axi_crossbar_inst.axi_crossbar_wr_inst.s_ifaces[I].w_drop_reg	axi_crossbar_inst.axi_crossbar_wr_inst.m_ifaces[I].a_arb_inst.grant_encoded_reg[J]	0.100400	0.029625
rst	axi_crossbar_inst.axi_crossbar_rd_inst.m_ifaces[I].a_arb_inst.grant_reg[J]	0.105500	0.391874
rst	axi_crossbar_inst.axi_crossbar_rd_inst.m_ifaces[I].a_arb_inst.mask_reg[J]	0.105500	0.364939
rst	axi_crossbar_inst.axi_crossbar_rd_inst.s_ifaces[I].r_arb_inst.mask_reg[J]	0.105500	0.391833
rst	axi_crossbar_inst.axi_crossbar_wr_inst.m_ifaces[I].a_arb_inst.grant_reg[J]	0.105500	0.403246
rst	axi_crossbar_inst.axi_crossbar_wr_inst.s_ifaces[I].b_arb_inst.mask_reg[J]	0.105500	0.403662
rst	axi_crossbar_inst.axi_crossbar_wr_inst.s_ifaces[I].b_arb_inst.grant_reg[J]	0.105500	0.417622
axi_crossbar_inst.axi_crossbar_rd_inst.s_ifaces[I].r_arb_inst.grant_encoded_reg[J]	axi_crossbar_inst.axi_crossbar_rd_inst.s_ifaces[I].reg_inst.genblkJ.temp_s_axi_rvalid_reg	0.106300	0.069867
rst	axi_crossbar_inst.axi_crossbar_rd_inst.m_ifaces[I].trans_count_reg[J]	0.107300	0.401704
rst	axi_crossbar_inst.axi_crossbar_wr_inst.m_ifaces[I].trans_count_reg[J]	0.107300	0.404944
sI_axi_wlast	axi_crossbar_inst.axi_crossbar_wr_inst.m_ifaces[I].reg_inst.genblkJ.temp_m_axi_wlast_reg	0.107500	0.231500
axi_crossbar_inst.axi_crossbar_rd_inst.m_ifaces[I].a_arb_inst.mask_reg[J]	axi_crossbar_inst.axi_crossbar_rd_inst.m_ifaces[I].a_arb_inst.grant_reg[J]	0.108500	0.089862
axi_crossbar_inst.axi_crossbar_rd_inst.s_ifaces[I].r_arb_inst.grant_encoded_reg[J]	axi_crossbar_inst.axi_crossbar_rd_inst.s_ifaces[I].reg_inst.genblkJ.s_axi_rresp_reg[K]	0.108700	-0.057483
axi_crossbar_inst.axi_crossbar_wr_inst.s_ifaces[I].b_arb_inst.grant_encoded_reg[J]	axi_crossbar_inst.axi_crossbar_wr_inst.s_ifaces[I].reg_inst.genblkJ.genblkK.s_axi_bresp_reg[L]	0.109400	0.016684
rst	axi_crossbar_inst.axi_crossbar_rd_inst.m_ifaces[I].reg_inst.genblkJ.genblkK.s_axi_arready_reg	0.110100	0.415918
axi_crossbar_inst.axi_crossbar_rd_inst.s_ifaces[I].addr_inst.s_axi_aid_reg[J]	axi_crossbar_inst.axi_crossbar_rd_inst.s_ifaces[I].addr_inst.m_rc_valid_reg	0.110100	0.109662
mI_axi_rid[J]	axi_crossbar_inst.axi_crossbar_rd_inst.s_ifaces[I].addr_inst.s_cpl_id_reg[J]	0.110700	0.313978
mI_axi_rdata[J]	axi_crossbar_inst.axi_crossbar_rd_inst.s_ifaces[I].reg_inst.genblkJ.s_axi_rdata_reg[K]	0.110800	0.361017
axi_crossbar_inst.axi_crossbar_wr_inst.s_ifaces[I].addr_inst.s_cpl_valid_reg	axi_crossbar_inst.axi_crossbar_wr_inst.s_ifaces[I].addr_inst.trans_count_reg[J]	0.111100	0.116463
rst	axi_crossbar_inst.axi_crossbar_wr_inst.m_ifaces[I].reg_inst.genblkJ.genblkK.s_axi_awready_reg	0.111400	0.413068
rst	axi_crossbar_inst.axi_crossbar_wr_inst.s_ifaces[I].reg_inst.genblkJ.genblkK.m_axi_bready_reg	0.111800	0.438901
axi_crossbar_inst.axi_crossbar_wr_inst.m_ifaces[I].w_select_reg[J]	axi_crossbar_inst.axi_crossbar_wr_inst.m_ifaces[I].reg_inst.genblkJ.temp_m_axi_wdata_reg[K]	0.112200	-0.002505
axi_crossbar_inst.axi_crossbar_wr_inst.m_ifaces[I].w_select_reg[J]	axi_crossbar_inst.axi_crossbar_wr_inst.m_ifaces[I].reg_inst.genblkJ.temp_m_axi_wstrb_reg[K]	0.112300	0.011007
rst	axi_crossbar_inst.axi_crossbar_rd_inst.s_ifaces[I].addr_inst.m_rc_valid_reg	0.112300	0.421386
rst	axi_crossbar_inst.axi_crossbar_rd_inst.s_ifaces[I].addr_inst.s_axi_aready_reg	0.112300	0.369543
rst	axi_crossbar_inst.axi_crossbar_rd_inst.s_ifaces[I].addr_inst.m_axi_avalid_reg	0.112300	0.380043
rst	axi_crossbar_inst.axi_crossbar_wr_inst.s_ifaces[I].addr_inst.state_reg[J]	0.112300	0.424665
rst	axi_crossbar_inst.axi_crossbar_rd_inst.s_ifaces[I].r_arb_inst.grant_encoded_reg[J]	0.112800	0.415789
rst	axi_crossbar_inst.axi_crossbar_rd_inst.s_ifaces[I].r_arb_inst.grant_reg[J]	0.112800	0.417224
rst	axi_crossbar_inst.axi_crossbar_wr_inst.m_ifaces[I].a_arb_inst.grant_valid_reg	0.112800	0.391921
rst	axi_crossbar_inst.axi_crossbar_wr_inst.m_ifaces[I].reg_inst.genblkJ.temp_m_axi_wvalid_reg	0.112800	0.420762
rst	axi_crossbar_inst.axi_crossbar_wr_inst.m_ifaces[I].reg_inst.genblkJ.genblkK.m_axi_awvalid_reg	0.112800	0.421884
rst	axi_crossbar_inst.axi_crossbar_wr_inst.s_ifaces[I].reg_inst.genblkJ.genblkK.s_axi_bvalid_reg	0.112800	0.473793
rst	axi_crossbar_inst.axi_crossbar_rd_inst.m_ifaces[I].a_arb_inst.grant_encoded_reg[J]	0.113400	0.411596
rst	axi_crossbar_inst.axi_crossbar_wr_inst.m_ifaces[I].reg_inst.genblkJ.s_axi_wready_reg	0.113400	0.415829
rst	axi_crossbar_inst.axi_crossbar_rd_inst.s_ifaces[I].addr_inst.thread_count_reg[J][K]	0.114800	0.386925
rst	axi_crossbar_inst.axi_crossbar_rd_inst.s_ifaces[I].addr_inst.trans_count_reg[J]	0.114800	0.386432
rst	axi_crossbar_inst.axi_crossbar_wr_inst.s_ifaces[I].addr_inst.thread_count_reg[J][K]	0.114800	0.412829
rst	axi_crossbar_inst.axi_crossbar_wr_inst.s_ifaces[I].addr_inst.trans_count_reg[J]	0.114800	0.397602
sI_axi_rready	axi_crossbar_inst.axi_crossbar_rd_inst.s_ifaces[I].reg_inst.genblkJ.temp_s_axi_rdata_reg[K]	0.115700	0.402677
axi_crossbar_inst.axi_crossbar_wr_inst.s_ifaces[I].b_arb_inst.grant_reg[J]	axi_crossbar_inst.axi_crossbar_wr_inst.s_ifaces[I].b_arb_inst.grant_reg[J]	0.116600	0.063693
sI_axi_wdata[J]	axi_crossbar_inst.axi_crossbar_wr_inst.m_ifaces[I].reg_inst.genblkJ.temp_m_axi_wdata_reg[K]	0.116900	0.350912
sI_axi_wstrb[J]	axi_crossbar_inst.axi_crossbar_wr_inst.m_ifaces[I].reg_inst.genblkJ.temp_m_axi_wstrb_reg[K]	0.117000	0.355341
axi_crossbar_inst.axi_crossbar_rd_inst.m_ifaces[I].a_arb_inst.grant_reg[J]	axi_crossbar_inst.axi_crossbar_rd_inst.m_ifaces[I].a_arb_inst.grant_reg[J]	0.117100	0.110242
sI_axi_arlen[J]	axi_crossbar_inst.axi_crossbar_rd_inst.m_ifaces[I].reg_inst.genblkJ.genblkK.m_axi_arlen_reg[L]	0.117100	0.330532
mI_axi_wready	axi_crossbar_inst.axi_crossbar_wr_inst.m_ifaces[I].reg_inst.genblkJ.m_axi_wdata_reg[K]	0.117700	0.397308
mI_axi_wready	axi_crossbar_inst.axi_crossbar_wr_inst.m_ifaces[I].reg_inst.genblkJ.m_axi_wstrb_reg[K]	0.117700	0.398714
sI_axi_rready	axi_crossbar_inst.axi_crossbar_rd_inst.s_ifaces[I].reg_inst.genblkJ.temp_s_axi_rid_reg[K]	0.118200	0.410456
mI_axi_wready	axi_crossbar_inst.axi_crossbar_wr_inst.m_ifaces[I].reg_inst.genblkJ.temp_m_axi_wdata_reg[K]	0.118300	0.386730
sI_axi_awid[J]	axi_crossbar_inst.axi_crossbar_wr_inst.m_ifaces[I].reg_inst.genblkJ.genblkK.m_axi_awid_reg[L]	0.118700	0.352787
sI_axi_arid[J]	axi_crossbar_inst.axi_crossbar_rd_inst.m_ifaces[I].reg_inst.genblkJ.genblkK.m_axi_arid_reg[L]	0.118700	0.358786
sI_axi_araddr[J]	axi_crossbar_inst.axi_crossbar_rd_inst.m_ifaces[I].reg_inst.genblkJ.genblkK.m_axi_araddr_reg[L]	0.119100	0.337816
sI_axi_awaddr[J]	axi_crossbar_inst.axi_crossbar_wr_inst.m_ifaces[I].reg_inst.genblkJ.genblkK.m_axi_awaddr_reg[L]	0.119100	0.317036
mI_axi_bvalid	axi_crossbar_inst.axi_crossbar_wr_inst.m_ifaces[I].a_arb_inst.grant_valid_reg	0.119400	0.199156
axi_crossbar_inst.axi_crossbar_wr_inst.m_ifaces[I].w_select_reg[J]	axi_crossbar_inst.axi_crossbar_wr_inst.s_ifaces[I].w_drop_reg	0.119500	0.149563
rst	axi_crossbar_inst.axi_crossbar_wr_inst.m_ifaces[I].w_select_valid_reg	0.119700	0.402629
axi_crossbar_inst.axi_crossbar_wr_inst.s_ifaces[I].w_select_reg[J]	axi_crossbar_inst.axi_crossbar_wr_inst.m_ifaces[I].a_arb_inst.grant_valid_reg	0.120000	0.089744
mI_axi_wready	axi_crossbar_inst.axi_crossbar_wr_inst.m_ifaces[I].reg_inst.genblkJ.temp_m_axi_wstrb_reg[K]	0.120800	0.399435
axi_crossbar_inst.axi_crossbar_wr_inst.m_ifaces[I].a_arb_inst.mask_reg[J]	axi_crossbar_inst.axi_crossbar_wr_inst.m_ifaces[I].a_arb_inst.grant_reg[J]	0.121000	0.094636
rst	axi_crossbar_inst.axi_crossbar_rd_inst.s_ifaces[I].decerr_m_axi_rvalid_reg	0.121500	0.381876
sI_axi_arburst[J]	axi_crossbar_inst.axi_crossbar_rd_inst.m_ifaces[I].reg_inst.genblkJ.genblkK.m_axi_arburst_reg[L]	0.121800	0.362885
sI_axi_arcache[J]	axi_crossbar_inst.axi_crossbar_rd_inst.m_ifaces[I].reg_inst.genblkJ.genblkK.m_axi_arcache_reg[L]	0.121800	0.344334
sI_axi_arsize[J]	axi_crossbar_inst.axi_crossbar_rd_inst.m_ifaces[I].reg_inst.genblkJ.genblkK.m_axi_arsize_reg[L]	0.121800	0.367374
sI_axi_awburst[J]	axi_crossbar_inst.axi_crossbar_wr_inst.m_ifaces[I].reg_inst.genblkJ.genblkK.m_axi_awburst_reg[L]	0.121900	0.382603
sI_axi_awcache[J]	axi_crossbar_inst.axi_crossbar_wr_inst.m_ifaces[I].reg_inst.genblkJ.genblkK.m_axi_awcache_reg[L]	0.121900	0.372486
sI_axi_awlen[J]	axi_crossbar_inst.axi_crossbar_wr_inst.m_ifaces[I].reg_inst.genblkJ.genblkK.m_axi_awlen_reg[L]	0.121900	0.371452
sI_axi_awlock	axi_crossbar_inst.axi_crossbar_wr_inst.m_ifaces[I].reg_inst.genblkJ.genblkK.m_axi_awlock_reg	0.121900	0.393794
sI_axi_awprot[J]	axi_crossbar_inst.axi_crossbar_wr_inst.m_ifaces[I].reg_inst.genblkJ.genblkK.m_axi_awprot_reg[L]	0.121900	0.363252
sI_axi_awqos[J]	axi_crossbar_inst.axi_crossbar_wr_inst.m_ifaces[I].reg_inst.genblkJ.genblkK.m_axi_awqos_reg[L]	0.121900	0.357282
sI_axi_awsize[J]	axi_crossbar_inst.axi_crossbar_wr_inst.m_ifaces[I].reg_inst.genblkJ.genblkK.m_axi_awsize_reg[L]	0.121900	0.366330
sI_axi_arprot[J]	axi_crossbar_inst.axi_crossbar_rd_inst.m_ifaces[I].reg_inst.genblkJ.genblkK.m_axi_arprot_reg[L]	0.121900	0.345438
sI_axi_arqos[J]	axi_crossbar_inst.axi_crossbar_rd_inst.m_ifaces[I].reg_inst.genblkJ.genblkK.m_axi_arqos_reg[L]	0.121900	0.352013
sI_axi_arlock	axi_crossbar_inst.axi_crossbar_rd_inst.m_ifaces[I].reg_inst.genblkJ.genblkK.m_axi_arlock_reg	0.122000	0.365912
rst	axi_crossbar_inst.axi_crossbar_rd_inst.m_ifaces[I].a_arb_inst.grant_valid_reg	0.122100	0.427228
rst	axi_crossbar_inst.axi_crossbar_rd_inst.m_ifaces[I].reg_inst.genblkJ.genblkK.m_axi_arvalid_reg	0.122100	0.412223
rst	axi_crossbar_inst.axi_crossbar_rd_inst.s_ifaces[I].r_arb_inst.grant_valid_reg	0.122100	0.416826
rst	axi_crossbar_inst.axi_crossbar_rd_inst.s_ifaces[I].reg_inst.genblkJ.m_axi_rready_reg	0.122100	0.422450
axi_crossbar_inst.axi_crossbar_rd_inst.s_ifaces[I].r_arb_inst.grant_encoded_reg[J]	axi_crossbar_inst.axi_crossbar_rd_inst.s_ifaces[I].reg_inst.genblkJ.temp_s_axi_rid_reg[K]	0.122400	-0.033057
mI_axi_rresp[J]	axi_crossbar_inst.axi_crossbar_rd_inst.s_ifaces[I].reg_inst.genblkJ.temp_s_axi_rresp_reg[K]	0.123800	0.322516
axi_crossbar_inst.axi_crossbar_wr_inst.s_ifaces[I].b_arb_inst.grant_encoded_reg[J]	axi_crossbar_inst.axi_crossbar_wr_inst.s_ifaces[I].reg_inst.genblkJ.genblkK.s_axi_bid_reg[L]	0.124200	-0.047587
axi_crossbar_inst.axi_crossbar_wr_inst.s_ifaces[I].decerr_m_axi_bvalid_reg	axi_crossbar_inst.axi_crossbar_wr_inst.s_ifaces[I].b_arb_inst.grant_reg[J]	0.125600	0.146817
axi_crossbar_inst.axi_crossbar_wr_inst.s_ifaces[I].b_arb_inst.grant_encoded_reg[J]	axi_crossbar_inst.axi_crossbar_wr_inst.m_ifaces[I].a_arb_inst.grant_valid_reg	0.125800	-0.037017
sI_axi_rready	axi_crossbar_inst.axi_crossbar_rd_inst.s_ifaces[I].reg_inst.genblkJ.temp_s_axi_rresp_reg[K]	0.127500	0.416013
sI_axi_araddr[J]	axi_crossbar_inst.axi_crossbar_rd_inst.s_ifaces[I].addr_inst.m_select_reg[J]	0.127600	0.319334
sI_axi_awaddr[J]	axi_crossbar_inst.axi_crossbar_wr_inst.s_ifaces[I].addr_inst.m_select_reg[J]	0.127600	0.292419
sI_axi_arlen[J]	axi_crossbar_inst.axi_crossbar_rd_inst.s_ifaces[I].decerr_m_axi_rlast_reg	0.130200	0.349274
axi_crossbar_inst.axi_crossbar_rd_inst.s_ifaces[I].addr_inst.thread_id_reg[J][K]	axi_crossbar_inst.axi_crossbar_rd_inst.s_ifaces[I].addr_inst.m_rc_valid_reg	0.131300	0.125497
axi_crossbar_inst.axi_crossbar_rd_inst.m_ifaces[I].a_arb_inst.grant_encoded_reg[J]	axi_crossbar_inst.axi_crossbar_rd_inst.m_ifaces[I].reg_inst.genblkJ.genblkK.m_axi_arburst_reg[L]	0.132700	0.079975
axi_crossbar_inst.axi_crossbar_rd_inst.m_ifaces[I].a_arb_inst.grant_encoded_reg[J]	axi_crossbar_inst.axi_crossbar_rd_inst.m_ifaces[I].reg_inst.genblkJ.genblkK.m_axi_arcache_reg[L]	0.132700	0.075907
axi_crossbar_inst.axi_crossbar_rd_inst.m_ifaces[I].a_arb_inst.grant_encoded_reg[J]	axi_crossbar_inst.axi_crossbar_rd_inst.m_ifaces[I].reg_inst.genblkJ.genblkK.m_axi_arsize_reg[L]	0.132700	0.079731
axi_crossbar_inst.axi_crossbar_rd_inst.m_ifaces[I].a_arb_inst.grant_encoded_reg[J]	axi_crossbar_inst.axi_crossbar_rd_inst.m_ifaces[I].reg_inst.genblkJ.genblkK.m_axi_araddr_reg[L]	0.132700	0.072742
axi_crossbar_inst.axi_crossbar_rd_inst.m_ifaces[I].a_arb_inst.grant_encoded_reg[J]	axi_crossbar_inst.axi_crossbar_rd_inst.m_ifaces[I].reg_inst.genblkJ.genblkK.m_axi_arlen_reg[L]	0.132700	0.087785
axi_crossbar_inst.axi_crossbar_rd_inst.m_ifaces[I].a_arb_inst.grant_encoded_reg[J]	axi_crossbar_inst.axi_crossbar_rd_inst.m_ifaces[I].reg_inst.genblkJ.genblkK.m_axi_arid_reg[L]	0.132700	0.089037
mI_axi_bresp[J]	axi_crossbar_inst.axi_crossbar_wr_inst.s_ifaces[I].reg_inst.genblkJ.genblkK.s_axi_bresp_reg[L]	0.132900	0.414628
axi_crossbar_inst.axi_crossbar_wr_inst.s_ifaces[I].reg_inst.genblkJ.genblkK.m_axi_bready_reg	axi_crossbar_inst.axi_crossbar_wr_inst.m_ifaces[I].a_arb_inst.grant_valid_reg	0.135100	-0.031061
axi_crossbar_inst.axi_crossbar_wr_inst.s_ifaces[I].addr_inst.s_axi_aid_reg[J]	axi_crossbar_inst.axi_crossbar_wr_inst.s_ifaces[I].addr_inst.state_reg[J]	0.135300	0.088335
axi_crossbar_inst.axi_crossbar_wr_inst.m_ifaces[I].w_select_reg[J]	axi_crossbar_inst.axi_crossbar_wr_inst.m_ifaces[I].a_arb_inst.grant_valid_reg	0.135800	0.056106
sI_axi_rready	axi_crossbar_inst.axi_crossbar_rd_inst.s_ifaces[I].reg_inst.genblkJ.temp_s_axi_rlast_reg	0.135900	0.416820
axi_crossbar_inst.axi_crossbar_rd_inst.m_ifaces[I].a_arb_inst.grant_encoded_reg[J]	axi_crossbar_inst.axi_crossbar_rd_inst.m_ifaces[I].reg_inst.genblkJ.genblkK.m_axi_arprot_reg[L]	0.136700	0.098076
axi_crossbar_inst.axi_crossbar_rd_inst.m_ifaces[I].a_arb_inst.grant_encoded_reg[J]	axi_crossbar_inst.axi_crossbar_rd_inst.m_ifaces[I].reg_inst.genblkJ.genblkK.m_axi_arqos_reg[L]	0.136700	0.091250
axi_crossbar_inst.axi_crossbar_rd_inst.s_ifaces[I].r_arb_inst.grant_encoded_reg[J]	axi_crossbar_inst.axi_crossbar_rd_inst.s_ifaces[I].addr_inst.s_cpl_id_reg[J]	0.138300	-0.026972
mI_axi_bid[J]	axi_crossbar_inst.axi_crossbar_wr_inst.s_ifaces[I].addr_inst.s_cpl_id_reg[J]	0.138400	0.368801
axi_crossbar_inst.axi_crossbar_wr_inst.m_ifaces[I].a_arb_inst.grant_encoded_reg[J]	axi_crossbar_inst.axi_crossbar_wr_inst.m_ifaces[I].reg_inst.genblkJ.genblkK.m_axi_awaddr_reg[L]	0.139000	0.071356
axi_crossbar_inst.axi_crossbar_wr_inst.m_ifaces[I].a_arb_inst.grant_encoded_reg[J]	axi_crossbar_inst.axi_crossbar_wr_inst.m_ifaces[I].reg_inst.genblkJ.genblkK.m_axi_awlen_reg[L]	0.139100	0.082040
axi_crossbar_inst.axi_crossbar_wr_inst.m_ifaces[I].a_arb_inst.grant_encoded_reg[J]	axi_crossbar_inst.axi_crossbar_wr_inst.m_ifaces[I].reg_inst.genblkJ.genblkK.m_axi_awid_reg[L]	0.139200	0.066289
axi_crossbar_inst.axi_crossbar_wr_inst.m_ifaces[I].a_arb_inst.grant_reg[J]	axi_crossbar_inst.axi_crossbar_wr_inst.m_ifaces[I].a_arb_inst.grant_reg[J]	0.139400	0.100342
axi_crossbar_inst.axi_crossbar_rd_inst.s_ifaces[I].r_arb_inst.grant_encoded_reg[J]	axi_crossbar_inst.axi_crossbar_rd_inst.s_ifaces[I].reg_inst.genblkJ.temp_s_axi_rresp_reg[K]	0.139700	0.004949
axi_crossbar_inst.axi_crossbar_wr_inst.s_ifaces[I].addr_inst.s_axi_aid_reg[J]	axi_crossbar_inst.axi_crossbar_wr_inst.s_ifaces[I].addr_inst.m_axi_avalid_reg	0.139800	0.125727
axi_crossbar_inst.axi_crossbar_wr_inst.m_ifaces[I].w_select_reg[J]	axi_crossbar_inst.axi_crossbar_wr_inst.s_ifaces[I].w_select_valid_reg	0.140200	0.196360
axi_crossbar_inst.axi_crossbar_wr_inst.m_ifaces[I].a_arb_inst.grant_encoded_reg[J]	axi_crossbar_inst.axi_crossbar_wr_inst.m_ifaces[I].reg_inst.genblkJ.genblkK.m_axi_awburst_reg[L]	0.140300	0.095739
axi_crossbar_inst.axi_crossbar_wr_inst.m_ifaces[I].a_arb_inst.grant_encoded_reg[J]	axi_crossbar_inst.axi_crossbar_wr_inst.m_ifaces[I].reg_inst.genblkJ.genblkK.m_axi_awcache_reg[L]	0.140300	0.075979
axi_crossbar_inst.axi_crossbar_wr_inst.m_ifaces[I].a_arb_inst.grant_encoded_reg[J]	axi_crossbar_inst.axi_crossbar_wr_inst.m_ifaces[I].reg_inst.genblkJ.genblkK.m_axi_awlock_reg	0.140300	0.111836
axi_crossbar_inst.axi_crossbar_wr_inst.m_ifaces[I].a_arb_inst.grant_encoded_reg[J]	axi_crossbar_inst.axi_crossbar_wr_inst.m_ifaces[I].reg_inst.genblkJ.genblkK.m_axi_awprot_reg[L]	0.140300	0.068322
axi_crossbar_inst.axi_crossbar_wr_inst.m_ifaces[I].a_arb_inst.grant_encoded_reg[J]	axi_crossbar_inst.axi_crossbar_wr_inst.m_ifaces[I].reg_inst.genblkJ.genblkK.m_axi_awqos_reg[L]	0.140300	0.058089
axi_crossbar_inst.axi_crossbar_wr_inst.m_ifaces[I].a_arb_inst.grant_encoded_reg[J]	axi_crossbar_inst.axi_crossbar_wr_inst.m_ifaces[I].reg_inst.genblkJ.genblkK.m_axi_awsize_reg[L]	0.140300	0.068276
axi_crossbar_inst.axi_crossbar_rd_inst.s_ifaces[I].addr_inst.m_axi_avalid_reg	axi_crossbar_inst.axi_crossbar_rd_inst.m_ifaces[I].a_arb_inst.grant_valid_reg	0.140600	0.125324
axi_crossbar_inst.axi_crossbar_wr_inst.s_ifaces[I].w_select_valid_reg	axi_crossbar_inst.axi_crossbar_wr_inst.m_ifaces[I].a_arb_inst.grant_valid_reg	0.140800	0.091958
rst	axi_crossbar_inst.axi_crossbar_wr_inst.m_ifaces[I].w_select_new_reg	0.141500	0.400392
axi_crossbar_inst.axi_crossbar_wr_inst.s_ifaces[I].b_arb_inst.mask_reg[J]	axi_crossbar_inst.axi_crossbar_wr_inst.s_ifaces[I].b_arb_inst.grant_reg[J]	0.141600	0.087805
axi_crossbar_inst.axi_crossbar_rd_inst.m_ifaces[I].a_arb_inst.grant_encoded_reg[J]	axi_crossbar_inst.axi_crossbar_rd_inst.m_ifaces[I].reg_inst.genblkJ.genblkK.m_axi_arlock_reg	0.142600	0.077286
axi_crossbar_inst.axi_crossbar_rd_inst.s_ifaces[I].addr_inst.m_select_reg[J]	axi_crossbar_inst.axi_crossbar_rd_inst.m_ifaces[I].a_arb_inst.grant_valid_reg	0.142700	0.091940
axi_crossbar_inst.axi_crossbar_wr_inst.m_ifaces[I].trans_count_reg[J]	axi_crossbar_inst.axi_crossbar_wr_inst.m_ifaces[I].a_arb_inst.mask_reg[J]	0.142800	0.151995
axi_crossbar_inst.axi_crossbar_rd_inst.s_ifaces[I].r_arb_inst.grant_encoded_reg[J]	axi_crossbar_inst.axi_crossbar_rd_inst.s_ifaces[I].reg_inst.genblkJ.s_axi_rvalid_reg	0.143100	0.078122
mI_axi_rlast	axi_crossbar_inst.axi_crossbar_rd_inst.m_ifaces[I].a_arb_inst.grant_valid_reg	0.143600	0.318569
rst	axi_crossbar_inst.axi_crossbar_wr_inst.m_ifaces[I].reg_inst.genblkJ.m_axi_wvalid_reg	0.143900	0.404951
rst	axi_crossbar_inst.axi_crossbar_rd_inst.s_ifaces[I].reg_inst.genblkJ.s_axi_rvalid_reg	0.144000	0.397135
axi_crossbar_inst.axi_crossbar_rd_inst.s_ifaces[I].addr_inst.thread_count_reg[J][K]	axi_crossbar_inst.axi_crossbar_rd_inst.s_ifaces[I].addr_inst.m_rc_valid_reg	0.145200	0.123404
rst	axi_crossbar_inst.axi_crossbar_rd_inst.s_ifaces[I].addr_inst.state_reg[J]	0.145900	0.365779
axi_crossbar_inst.axi_crossbar_rd_inst.s_ifaces[I].addr_inst.m_select_reg[J]	axi_crossbar_inst.axi_crossbar_rd_inst.m_ifaces[I].reg_inst.genblkJ.genblkK.s_axi_arready_reg	0.146400	0.082635
sI_axi_rready	axi_crossbar_inst.axi_crossbar_rd_inst.s_ifaces[I].reg_inst.genblkJ.s_axi_rid_reg[K]	0.146700	0.413282
sI_axi_rready	axi_crossbar_inst.axi_crossbar_rd_inst.s_ifaces[I].reg_inst.genblkJ.s_axi_rlast_reg	0.146700	0.445120
sI_axi_rready	axi_crossbar_inst.axi_crossbar_rd_inst.s_ifaces[I].reg_inst.genblkJ.s_axi_rresp_reg[K]	0.146700	0.392884
axi_crossbar_inst.axi_crossbar_rd_inst.s_ifaces[I].r_arb_inst.grant_encoded_reg[J]	axi_crossbar_inst.axi_crossbar_rd_inst.s_ifaces[I].addr_inst.s_cpl_valid_reg	0.147000	0.057234
axi_crossbar_inst.axi_crossbar_rd_inst.s_ifaces[I].addr_inst.s_axi_aid_reg[J]	axi_crossbar_inst.axi_crossbar_rd_inst.s_ifaces[I].addr_inst.state_reg[J]	0.147200	0.130752
axi_crossbar_inst.axi_crossbar_wr_inst.m_ifaces[I].reg_inst.genblkJ.genblkK.s_axi_awready_reg	axi_crossbar_inst.axi_crossbar_wr_inst.s_ifaces[I].addr_inst.state_reg[J]	0.147900	0.074502
sI_axi_rready	axi_crossbar_inst.axi_crossbar_rd_inst.s_ifaces[I].reg_inst.genblkJ.s_axi_rdata_reg[K]	0.149000	0.386650
axi_crossbar_inst.axi_crossbar_wr_inst.m_ifaces[I].a_arb_inst.mask_reg[J]	axi_crossbar_inst.axi_crossbar_wr_inst.m_ifaces[I].a_arb_inst.grant_encoded_reg[J]	0.149300	0.118257
axi_crossbar_inst.axi_crossbar_wr_inst.s_ifaces[I].addr_inst.m_decerr_reg	axi_crossbar_inst.axi_crossbar_wr_inst.s_ifaces[I].addr_inst.trans_count_reg[J]	0.150600	0.124196
axi_crossbar_inst.axi_crossbar_rd_inst.s_ifaces[I].addr_inst.thread_m_reg[J][K]	axi_crossbar_inst.axi_crossbar_rd_inst.s_ifaces[I].addr_inst.thread_id_reg[J][K]	0.150900	0.084894
axi_crossbar_inst.axi_crossbar_rd_inst.s_ifaces[I].addr_inst.thread_m_reg[J][K]	axi_crossbar_inst.axi_crossbar_rd_inst.s_ifaces[I].addr_inst.thread_m_reg[J][K]	0.150900	0.085722
axi_crossbar_inst.axi_crossbar_wr_inst.s_ifaces[I].addr_inst.thread_count_reg[J][K]	axi_crossbar_inst.axi_crossbar_wr_inst.s_ifaces[I].addr_inst.m_axi_avalid_reg	0.151200	0.146303
axi_crossbar_inst.axi_crossbar_rd_inst.s_ifaces[I].addr_inst.s_axi_aid_reg[J]	axi_crossbar_inst.axi_crossbar_rd_inst.s_ifaces[I].addr_inst.m_axi_avalid_reg	0.152500	0.116140
axi_crossbar_inst.axi_crossbar_wr_inst.m_ifaces[I].a_arb_inst.grant_valid_reg	axi_crossbar_inst.axi_crossbar_wr_inst.s_ifaces[I].addr_inst.state_reg[J]	0.153200	0.113987
axi_crossbar_inst.axi_crossbar_wr_inst.s_ifaces[I].b_arb_inst.grant_encoded_reg[J]	axi_crossbar_inst.axi_crossbar_wr_inst.s_ifaces[I].reg_inst.genblkJ.genblkK.s_axi_bvalid_reg	0.153700	0.078751
rst	axi_crossbar_inst.axi_crossbar_wr_inst.s_ifaces[I].w_select_valid_reg	0.153800	0.419905
rst	axi_crossbar_inst.axi_crossbar_wr_inst.s_ifaces[I].addr_inst.m_rc_valid_reg	0.153800	0.421501
rst	axi_crossbar_inst.axi_crossbar_wr_inst.s_ifaces[I].addr_inst.m_wc_valid_reg	0.153800	0.400535
rst	axi_crossbar_inst.axi_crossbar_wr_inst.s_ifaces[I].b_arb_inst.grant_valid_reg	0.153800	0.430253
axi_crossbar_inst.axi_crossbar_rd_inst.s_ifaces[I].decerr_m_axi_rvalid_reg	axi_crossbar_inst.axi_crossbar_rd_inst.s_ifaces[I].r_arb_inst.grant_reg[J]	0.153900	0.130231
axi_crossbar_inst.axi_crossbar_rd_inst.s_ifaces[I].r_arb_inst.grant_encoded_reg[J]	axi_crossbar_inst.axi_crossbar_rd_inst.s_ifaces[I].reg_inst.genblkJ.m_axi_rready_reg	0.154600	0.089444
axi_crossbar_inst.axi_crossbar_rd_inst.s_ifaces[I].r_arb_inst.grant_reg[J]	axi_crossbar_inst.axi_crossbar_rd_inst.s_ifaces[I].r_arb_inst.grant_reg[J]	0.155000	0.117200
axi_crossbar_inst.axi_crossbar_wr_inst.m_ifaces[I].reg_inst.genblkJ.genblkK.s_axi_awready_reg	axi_crossbar_inst.axi_crossbar_wr_inst.s_ifaces[I].addr_inst.s_axi_aready_reg	0.155800	0.076014
axi_crossbar_inst.axi_crossbar_wr_inst.s_ifaces[I].addr_inst.thread_id_reg[J][K]	axi_crossbar_inst.axi_crossbar_wr_inst.s_ifaces[I].addr_inst.state_reg[J]	0.156600	0.090099
axi_crossbar_inst.axi_crossbar_rd_inst.s_ifaces[I].addr_inst.m_select_reg[J]	axi_crossbar_inst.axi_crossbar_rd_inst.m_ifaces[I].reg_inst.genblkJ.genblkK.m_axi_arvalid_reg	0.157900	0.066226
rst	axi_crossbar_inst.axi_crossbar_rd_inst.s_ifaces[I].reg_inst.genblkJ.temp_s_axi_rvalid_reg	0.158100	0.431435
axi_crossbar_inst.axi_crossbar_rd_inst.s_ifaces[I].addr_inst.m_decerr_reg	axi_crossbar_inst.axi_crossbar_rd_inst.s_ifaces[I].addr_inst.trans_count_reg[J]	0.158100	0.173181
axi_crossbar_inst.axi_crossbar_rd_inst.s_ifaces[I].addr_inst.m_axi_avalid_reg	axi_crossbar_inst.axi_crossbar_rd_inst.m_ifaces[I].reg_inst.genblkJ.genblkK.m_axi_arvalid_reg	0.158700	0.093923
axi_crossbar_inst.axi_crossbar_wr_inst.s_ifaces[I].addr_inst.thread_m_reg[J][K]	axi_crossbar_inst.axi_crossbar_wr_inst.s_ifaces[I].addr_inst.thread_id_reg[J][K]	0.159300	0.107482
axi_crossbar_inst.axi_crossbar_wr_inst.s_ifaces[I].addr_inst.thread_m_reg[J][K]	axi_crossbar_inst.axi_crossbar_wr_inst.s_ifaces[I].addr_inst.thread_m_reg[J][K]	0.159300	0.112327
axi_crossbar_inst.axi_crossbar_wr_inst.s_ifaces[I].b_arb_inst.grant_valid_reg	axi_crossbar_inst.axi_crossbar_wr_inst.m_ifaces[I].a_arb_inst.grant_valid_reg	0.161100	-0.021408
axi_crossbar_inst.axi_crossbar_wr_inst.s_ifaces[I].addr_inst.thread_id_reg[J][K]	axi_crossbar_inst.axi_crossbar_wr_inst.s_ifaces[I].addr_inst.m_axi_avalid_reg	0.161100	0.137865
axi_crossbar_inst.axi_crossbar_wr_inst.m_ifaces[I].a_arb_inst.grant_valid_reg	axi_crossbar_inst.axi_crossbar_wr_inst.s_ifaces[I].addr_inst.s_axi_aready_reg	0.161100	0.120197
axi_crossbar_inst.axi_crossbar_wr_inst.s_ifaces[I].b_arb_inst.grant_reg[J]	axi_crossbar_inst.axi_crossbar_wr_inst.s_ifaces[I].b_arb_inst.grant_encoded_reg[J]	0.162900	0.098259
axi_crossbar_inst.axi_crossbar_rd_inst.m_ifaces[I].a_arb_inst.grant_encoded_reg[J]	axi_crossbar_inst.axi_crossbar_rd_inst.m_ifaces[I].reg_inst.genblkJ.genblkK.s_axi_arready_reg	0.163300	0.181665
axi_crossbar_inst.axi_crossbar_rd_inst.m_ifaces[I].reg_inst.genblkJ.genblkK.s_axi_arready_reg	axi_crossbar_inst.axi_crossbar_rd_inst.s_ifaces[I].addr_inst.s_axi_aready_reg	0.164600	0.088042
axi_crossbar_inst.axi_crossbar_rd_inst.m_ifaces[I].a_arb_inst.grant_reg[J]	axi_crossbar_inst.axi_crossbar_rd_inst.m_ifaces[I].a_arb_inst.grant_encoded_reg[J]	0.164800	0.120463
axi_crossbar_inst.axi_crossbar_wr_inst.s_ifaces[I].addr_inst.s_axi_aid_reg[J]	axi_crossbar_inst.axi_crossbar_wr_inst.s_ifaces[I].addr_inst.m_rc_valid_reg	0.165400	0.119219
axi_crossbar_inst.axi_crossbar_wr_inst.s_ifaces[I].addr_inst.m_select_reg[J]	axi_crossbar_inst.axi_crossbar_wr_inst.m_ifaces[I].reg_inst.genblkJ.genblkK.s_axi_awready_reg	0.165800	0.053880
axi_crossbar_inst.axi_crossbar_rd_inst.s_ifaces[I].addr_inst.m_axi_avalid_reg	axi_crossbar_inst.axi_crossbar_rd_inst.m_ifaces[I].reg_inst.genblkJ.genblkK.s_axi_arready_reg	0.166300	0.112301
axi_crossbar_inst.axi_crossbar_wr_inst.m_ifaces[I].a_arb_inst.grant_reg[J]	axi_crossbar_inst.axi_crossbar_wr_inst.m_ifaces[I].a_arb_inst.grant_encoded_reg[J]	0.167200	0.128102
axi_crossbar_inst.axi_crossbar_wr_inst.s_ifaces[I].w_select_reg[J]	axi_crossbar_inst.axi_crossbar_wr_inst.m_ifaces[I].reg_inst.genblkJ.temp_m_axi_wvalid_reg	0.167300	0.138502
axi_crossbar_inst.axi_crossbar_rd_inst.m_ifaces[I].a_arb_inst.mask_reg[J]	axi_crossbar_inst.axi_crossbar_rd_inst.m_ifaces[I].a_arb_inst.grant_encoded_reg[J]	0.167500	0.116228
axi_crossbar_inst.axi_crossbar_rd_inst.m_ifaces[I].reg_inst.genblkJ.genblkK.s_axi_arready_reg	axi_crossbar_inst.axi_crossbar_rd_inst.s_ifaces[I].addr_inst.state_reg[J]	0.167700	0.092418
axi_crossbar_inst.axi_crossbar_rd_inst.s_ifaces[I].addr_inst.thread_id_reg[J][K]	axi_crossbar_inst.axi_crossbar_rd_inst.s_ifaces[I].addr_inst.state_reg[J]	0.168400	0.143931
axi_crossbar_inst.axi_crossbar_wr_inst.s_ifaces[I].b_arb_inst.mask_reg[J]	axi_crossbar_inst.axi_crossbar_wr_inst.s_ifaces[I].b_arb_inst.grant_encoded_reg[J]	0.168600	0.106376
axi_crossbar_inst.axi_crossbar_wr_inst.s_ifaces[I].addr_inst.thread_count_reg[J][K]	axi_crossbar_inst.axi_crossbar_wr_inst.s_ifaces[I].addr_inst.state_reg[J]	0.168900	0.146434
axi_crossbar_inst.axi_crossbar_wr_inst.s_ifaces[I].b_arb_inst.grant_encoded_reg[J]	axi_crossbar_inst.axi_crossbar_wr_inst.s_ifaces[I].reg_inst.genblkJ.genblkK.m_axi_bready_reg	0.168900	0.059521
rst	axi_crossbar_inst.axi_crossbar_wr_inst.s_ifaces[I].addr_inst.s_axi_aready_reg	0.169500	0.409578
rst	axi_crossbar_inst.axi_crossbar_wr_inst.s_ifaces[I].decerr_m_axi_bvalid_reg	0.170200	0.416509
axi_crossbar_inst.axi_crossbar_rd_inst.s_ifaces[I].r_arb_inst.grant_reg[J]	axi_crossbar_inst.axi_crossbar_rd_inst.s_ifaces[I].r_arb_inst.grant_encoded_reg[J]	0.171100	0.125098
axi_crossbar_inst.axi_crossbar_wr_inst.s_ifaces[I].addr_inst.m_axi_avalid_reg	axi_crossbar_inst.axi_crossbar_wr_inst.m_ifaces[I].reg_inst.genblkJ.genblkK.m_axi_awvalid_reg	0.171800	0.072974
axi_crossbar_inst.axi_crossbar_rd_inst.m_ifaces[I].trans_count_reg[J]	axi_crossbar_inst.axi_crossbar_rd_inst.m_ifaces[I].a_arb_inst.mask_reg[J]	0.172200	0.195490
axi_crossbar_inst.axi_crossbar_wr_inst.s_ifaces[I].w_drop_reg	axi_crossbar_inst.axi_crossbar_wr_inst.m_ifaces[I].a_arb_inst.grant_valid_reg	0.172200	0.115489
axi_crossbar_inst.axi_crossbar_rd_inst.s_ifaces[I].r_arb_inst.mask_reg[J]	axi_crossbar_inst.axi_crossbar_rd_inst.s_ifaces[I].r_arb_inst.grant_reg[J]	0.173000	0.108730
axi_crossbar_inst.axi_crossbar_wr_inst.s_ifaces[I].addr_inst.m_select_reg[J]	axi_crossbar_inst.axi_crossbar_wr_inst.m_ifaces[I].a_arb_inst.grant_valid_reg	0.173100	0.058080
axi_crossbar_inst.axi_crossbar_rd_inst.s_ifaces[I].addr_inst.thread_id_reg[J][K]	axi_crossbar_inst.axi_crossbar_rd_inst.s_ifaces[I].addr_inst.m_axi_avalid_reg	0.173700	0.124982
axi_crossbar_inst.axi_crossbar_wr_inst.s_ifaces[I].addr_inst.m_axi_avalid_reg	axi_crossbar_inst.axi_crossbar_wr_inst.m_ifaces[I].a_arb_inst.grant_valid_reg	0.175200	0.096933
axi_crossbar_inst.axi_crossbar_rd_inst.s_ifaces[I].decerr_m_axi_rlast_reg	axi_crossbar_inst.axi_crossbar_rd_inst.s_ifaces[I].r_arb_inst.grant_reg[J]	0.175700	0.152639
axi_crossbar_inst.axi_crossbar_wr_inst.s_ifaces[I].addr_inst.s_axi_aid_reg[J]	axi_crossbar_inst.axi_crossbar_wr_inst.s_ifaces[I].addr_inst.m_wc_valid_reg	0.176300	0.124124
axi_crossbar_inst.axi_crossbar_wr_inst.s_ifaces[I].addr_inst.m_select_reg[J]	axi_crossbar_inst.axi_crossbar_wr_inst.s_ifaces[I].addr_inst.state_reg[J]	0.176400	0.053134
axi_crossbar_inst.axi_crossbar_rd_inst.m_ifaces[I].a_arb_inst.grant_encoded_reg[J]	axi_crossbar_inst.axi_crossbar_rd_inst.m_ifaces[I].reg_inst.genblkJ.genblkK.m_axi_arvalid_reg	0.176800	0.188079
axi_crossbar_inst.axi_crossbar_rd_inst.s_ifaces[I].r_arb_inst.grant_encoded_reg[J]	axi_crossbar_inst.axi_crossbar_rd_inst.m_ifaces[I].a_arb_inst.grant_valid_reg	0.176900	0.055595
axi_crossbar_inst.axi_crossbar_wr_inst.s_ifaces[I].w_select_reg[J]	axi_crossbar_inst.axi_crossbar_wr_inst.m_ifaces[I].reg_inst.genblkJ.m_axi_wvalid_reg	0.177500	0.112097
sI_axi_rready	axi_crossbar_inst.axi_crossbar_rd_inst.s_ifaces[I].reg_inst.genblkJ.s_axi_rvalid_reg	0.178500	0.494661
axi_crossbar_inst.axi_crossbar_wr_inst.s_ifaces[I].addr_inst.thread_count_reg[J][K]	axi_crossbar_inst.axi_crossbar_wr_inst.s_ifaces[I].addr_inst.m_rc_valid_reg	0.179100	0.167214
axi_crossbar_inst.axi_crossbar_wr_inst.m_ifaces[I].a_arb_inst.grant_encoded_reg[J]	axi_crossbar_inst.axi_crossbar_wr_inst.m_ifaces[I].reg_inst.genblkJ.genblkK.m_axi_awvalid_reg	0.179200	0.201282
axi_crossbar_inst.axi_crossbar_wr_inst.s_ifaces[I].addr_inst.m_select_reg[J]	axi_crossbar_inst.axi_crossbar_wr_inst.m_ifaces[I].reg_inst.genblkJ.genblkK.m_axi_awvalid_reg	0.179400	0.037140
axi_crossbar_inst.axi_crossbar_wr_inst.m_ifaces[I].reg_inst.genblkJ.s_axi_wready_reg	axi_crossbar_inst.axi_crossbar_wr_inst.m_ifaces[I].a_arb_inst.grant_reg[J]	0.180000	0.035485
axi_crossbar_inst.axi_crossbar_wr_inst.s_ifaces[I].b_arb_inst.grant_encoded_reg[J]	axi_crossbar_inst.axi_crossbar_wr_inst.s_ifaces[I].addr_inst.s_cpl_id_reg[J]	0.180700	-0.017918
axi_crossbar_inst.axi_crossbar_rd_inst.s_ifaces[I].addr_inst.thread_count_reg[J][K]	axi_crossbar_inst.axi_crossbar_rd_inst.s_ifaces[I].addr_inst.state_reg[J]	0.181900	0.143418
axi_crossbar_inst.axi_crossbar_wr_inst.m_ifaces[I].w_select_reg[J]	axi_crossbar_inst.axi_crossbar_wr_inst.m_ifaces[I].reg_inst.genblkJ.m_axi_wvalid_reg	0.183000	0.075997
axi_crossbar_inst.axi_crossbar_wr_inst.m_ifaces[I].w_select_reg[J]	axi_crossbar_inst.axi_crossbar_wr_inst.m_ifaces[I].reg_inst.genblkJ.temp_m_axi_wvalid_reg	0.183100	0.073619
axi_crossbar_inst.axi_crossbar_wr_inst.m_ifaces[I].a_arb_inst.grant_encoded_reg[J]	axi_crossbar_inst.axi_crossbar_wr_inst.s_ifaces[I].addr_inst.state_reg[J]	0.183200	0.093852
axi_crossbar_inst.axi_crossbar_rd_inst.s_ifaces[I].decerr_m_axi_rlast_reg	axi_crossbar_inst.axi_crossbar_rd_inst.s_ifaces[I].r_arb_inst.mask_reg[J]	0.184000	0.143291
axi_crossbar_inst.axi_crossbar_wr_inst.s_ifaces[I].addr_inst.m_axi_avalid_reg	axi_crossbar_inst.axi_crossbar_wr_inst.m_ifaces[I].reg_inst.genblkJ.genblkK.s_axi_awready_reg	0.184000	0.089715
axi_crossbar_inst.axi_crossbar_wr_inst.s_ifaces[I].addr_inst.m_select_reg[J]	axi_crossbar_inst.axi_crossbar_wr_inst.s_ifaces[I].addr_inst.s_axi_aready_reg	0.184300	0.054647
axi_crossbar_inst.axi_crossbar_wr_inst.s_ifaces[I].b_arb_inst.grant_encoded_reg[J]	axi_crossbar_inst.axi_crossbar_wr_inst.s_ifaces[I].addr_inst.s_cpl_valid_reg	0.185900	0.066412
sI_axi_araddr[J]	axi_crossbar_inst.axi_crossbar_rd_inst.s_ifaces[I].addr_inst.m_decerr_reg	0.186000	0.383262
sI_axi_awaddr[J]	axi_crossbar_inst.axi_crossbar_wr_inst.s_ifaces[I].addr_inst.m_decerr_reg	0.186000	0.354058
axi_crossbar_inst.axi_crossbar_rd_inst.s_ifaces[I].addr_inst.thread_count_reg[J][K]	axi_crossbar_inst.axi_crossbar_rd_inst.s_ifaces[I].addr_inst.m_axi_avalid_reg	0.187600	0.129832
axi_crossbar_inst.axi_crossbar_rd_inst.s_ifaces[I].addr_inst.m_select_reg[J]	axi_crossbar_inst.axi_crossbar_rd_inst.s_ifaces[I].addr_inst.state_reg[J]	0.187600	0.071947
axi_crossbar_inst.axi_crossbar_rd_inst.m_ifaces[I].a_arb_inst.grant_encoded_reg[J]	axi_crossbar_inst.axi_crossbar_rd_inst.s_ifaces[I].addr_inst.s_axi_aready_reg	0.187800	0.083814
axi_crossbar_inst.axi_crossbar_wr_inst.s_ifaces[I].w_select_valid_reg	axi_crossbar_inst.axi_crossbar_wr_inst.m_ifaces[I].reg_inst.genblkJ.temp_m_axi_wvalid_reg	0.188100	0.135409
axi_crossbar_inst.axi_crossbar_wr_inst.s_ifaces[I].addr_inst.thread_count_reg[J][K]	axi_crossbar_inst.axi_crossbar_wr_inst.s_ifaces[I].addr_inst.m_wc_valid_reg	0.188400	0.178540
axi_crossbar_inst.axi_crossbar_wr_inst.s_ifaces[I].addr_inst.thread_id_reg[J][K]	axi_crossbar_inst.axi_crossbar_wr_inst.s_ifaces[I].addr_inst.m_rc_valid_reg	0.189000	0.120983
axi_crossbar_inst.axi_crossbar_wr_inst.m_ifaces[I].reg_inst.genblkJ.s_axi_wready_reg	axi_crossbar_inst.axi_crossbar_wr_inst.m_ifaces[I].a_arb_inst.grant_encoded_reg[J]	0.189100	0.101146
mI_axi_wready	axi_crossbar_inst.axi_crossbar_wr_inst.m_ifaces[I].reg_inst.genblkJ.temp_m_axi_wvalid_reg	0.189600	0.402796
rst	axi_crossbar_inst.axi_crossbar_wr_inst.s_ifaces[I].addr_inst.m_axi_avalid_reg	0.190200	0.392842
axi_crossbar_inst.axi_crossbar_rd_inst.m_ifaces[I].reg_inst.genblkJ.genblkK.s_axi_arready_reg	axi_crossbar_inst.axi_crossbar_rd_inst.m_ifaces[I].trans_count_reg[J]	0.190700	0.166570
axi_crossbar_inst.axi_crossbar_rd_inst.s_ifaces[I].addr_inst.m_select_reg[J]	axi_crossbar_inst.axi_crossbar_rd_inst.s_ifaces[I].addr_inst.m_rc_valid_reg	0.190800	0.190550
axi_crossbar_inst.axi_crossbar_rd_inst.m_ifaces[I].a_arb_inst.grant_encoded_reg[J]	axi_crossbar_inst.axi_crossbar_rd_inst.s_ifaces[I].addr_inst.state_reg[J]	0.190900	0.072353
axi_crossbar_inst.axi_crossbar_wr_inst.s_ifaces[I].w_select_valid_reg	axi_crossbar_inst.axi_crossbar_wr_inst.m_ifaces[I].reg_inst.genblkJ.m_axi_wvalid_reg	0.190900	0.128621
sI_axi_arvalid	axi_crossbar_inst.axi_crossbar_rd_inst.s_ifaces[I].addr_inst.thread_m_reg[J][K]	0.191900	0.404855
sI_axi_awvalid	axi_crossbar_inst.axi_crossbar_wr_inst.s_ifaces[I].addr_inst.thread_m_reg[J][K]	0.191900	0.384226
axi_crossbar_inst.axi_crossbar_wr_inst.m_ifaces[I].reg_inst.genblkJ.genblkK.s_axi_awready_reg	axi_crossbar_inst.axi_crossbar_wr_inst.m_ifaces[I].trans_count_reg[J]	0.192000	0.142538
axi_crossbar_inst.axi_crossbar_wr_inst.m_ifaces[I].a_arb_inst.grant_encoded_reg[J]	axi_crossbar_inst.axi_crossbar_wr_inst.s_ifaces[I].addr_inst.s_axi_aready_reg	0.192200	0.100061
axi_crossbar_inst.axi_crossbar_wr_inst.m_ifaces[I].a_arb_inst.grant_valid_reg	axi_crossbar_inst.axi_crossbar_wr_inst.m_ifaces[I].a_arb_inst.grant_reg[J]	0.192400	0.140804
axi_crossbar_inst.axi_crossbar_wr_inst.s_ifaces[I].decerr_m_axi_bvalid_reg	axi_crossbar_inst.axi_crossbar_wr_inst.s_ifaces[I].b_arb_inst.grant_encoded_reg[J]	0.192600	0.172801
axi_crossbar_inst.axi_crossbar_wr_inst.m_ifaces[I].a_arb_inst.grant_encoded_reg[J]	axi_crossbar_inst.axi_crossbar_wr_inst.m_ifaces[I].reg_inst.genblkJ.genblkK.s_axi_awready_reg	0.194300	0.203196
axi_crossbar_inst.axi_crossbar_rd_inst.s_ifaces[I].r_arb_inst.mask_reg[J]	axi_crossbar_inst.axi_crossbar_rd_inst.s_ifaces[I].r_arb_inst.grant_encoded_reg[J]	0.196000	0.137722
axi_crossbar_inst.axi_crossbar_rd_inst.s_ifaces[I].reg_inst.genblkJ.m_axi_rready_reg	axi_crossbar_inst.axi_crossbar_rd_inst.m_ifaces[I].a_arb_inst.grant_valid_reg	0.197100	0.044077
axi_crossbar_inst.axi_crossbar_wr_inst.s_ifaces[I].addr_inst.thread_id_reg[J][K]	axi_crossbar_inst.axi_crossbar_wr_inst.s_ifaces[I].addr_inst.m_wc_valid_reg	0.197600	0.125888
mI_axi_wready	axi_crossbar_inst.axi_crossbar_wr_inst.m_ifaces[I].reg_inst.genblkJ.m_axi_wlast_reg	0.197700	0.419044
axi_crossbar_inst.axi_crossbar_rd_inst.s_ifaces[I].decerr_m_axi_rvalid_reg	axi_crossbar_inst.axi_crossbar_rd_inst.s_ifaces[I].r_arb_inst.grant_encoded_reg[J]	0.198300	0.130930
sI_axi_rready	axi_crossbar_inst.axi_crossbar_rd_inst.s_ifaces[I].reg_inst.genblkJ.temp_s_axi_rvalid_reg	0.200000	0.414922
axi_crossbar_inst.axi_crossbar_rd_inst.s_ifaces[I].r_arb_inst.grant_valid_reg	axi_crossbar_inst.axi_crossbar_rd_inst.m_ifaces[I].a_arb_inst.grant_valid_reg	0.200200	0.056202
axi_crossbar_inst.axi_crossbar_rd_inst.s_ifaces[I].r_arb_inst.grant_encoded_reg[J]	axi_crossbar_inst.axi_crossbar_rd_inst.s_ifaces[I].reg_inst.genblkJ.s_axi_rlast_reg	0.200200	0.046635
axi_crossbar_inst.axi_crossbar_rd_inst.m_ifaces[I].a_arb_inst.grant_valid_reg	axi_crossbar_inst.axi_crossbar_rd_inst.s_ifaces[I].addr_inst.s_axi_aready_reg	0.200900	0.162778
axi_crossbar_inst.axi_crossbar_wr_inst.m_ifaces[I].a_arb_inst.grant_valid_reg	axi_crossbar_inst.axi_crossbar_wr_inst.m_ifaces[I].a_arb_inst.grant_encoded_reg[J]	0.201400	0.161961
axi_crossbar_inst.axi_crossbar_rd_inst.m_ifaces[I].reg_inst.genblkJ.genblkK.s_axi_arready_reg	axi_crossbar_inst.axi_crossbar_rd_inst.s_ifaces[I].addr_inst.m_axi_avalid_reg	0.202800	0.116970
mI_axi_wready	axi_crossbar_inst.axi_crossbar_wr_inst.m_ifaces[I].reg_inst.genblkJ.m_axi_wvalid_reg	0.203600	0.430648
axi_crossbar_inst.axi_crossbar_rd_inst.m_ifaces[I].a_arb_inst.grant_valid_reg	axi_crossbar_inst.axi_crossbar_rd_inst.s_ifaces[I].addr_inst.state_reg[J]	0.204000	0.167153
axi_crossbar_inst.axi_crossbar_wr_inst.s_ifaces[I].w_select_reg[J]	axi_crossbar_inst.axi_crossbar_wr_inst.m_ifaces[I].w_select_valid_reg	0.204400	0.120194
axi_crossbar_inst.axi_crossbar_rd_inst.s_ifaces[I].decerr_m_axi_rlast_reg	axi_crossbar_inst.axi_crossbar_rd_inst.s_ifaces[I].r_arb_inst.grant_encoded_reg[J]	0.206500	0.160355
axi_crossbar_inst.axi_crossbar_rd_inst.s_ifaces[I].addr_inst.m_select_reg[J]	axi_crossbar_inst.axi_crossbar_rd_inst.s_ifaces[I].addr_inst.s_axi_aready_reg	0.206900	0.102361
axi_crossbar_inst.axi_crossbar_wr_inst.m_ifaces[I].w_select_reg[J]	axi_crossbar_inst.axi_crossbar_wr_inst.m_ifaces[I].reg_inst.genblkJ.s_axi_wready_reg	0.207100	0.128892
mI_axi_wready	axi_crossbar_inst.axi_crossbar_wr_inst.m_ifaces[I].reg_inst.genblkJ.temp_m_axi_wlast_reg	0.208000	0.404607
axi_crossbar_inst.axi_crossbar_wr_inst.s_ifaces[I].addr_inst.m_select_reg[J]	axi_crossbar_inst.axi_crossbar_wr_inst.s_ifaces[I].addr_inst.m_axi_avalid_reg	0.209800	0.134292
axi_crossbar_inst.axi_crossbar_wr_inst.m_ifaces[I].w_select_reg[J]	axi_crossbar_inst.axi_crossbar_wr_inst.m_ifaces[I].w_select_valid_reg	0.212600	0.054229
axi_crossbar_inst.axi_crossbar_wr_inst.s_ifaces[I].w_select_valid_reg	axi_crossbar_inst.axi_crossbar_wr_inst.m_ifaces[I].reg_inst.genblkJ.s_axi_wready_reg	0.212700	0.154671
axi_crossbar_inst.axi_crossbar_wr_inst.m_ifaces[I].w_select_new_reg	axi_crossbar_inst.axi_crossbar_wr_inst.m_ifaces[I].a_arb_inst.grant_reg[J]	0.216400	0.155572
sI_axi_awvalid	axi_crossbar_inst.axi_crossbar_wr_inst.s_ifaces[I].addr_inst.m_decerr_reg	0.216400	0.425807
sI_axi_arvalid	axi_crossbar_inst.axi_crossbar_rd_inst.s_ifaces[I].addr_inst.m_decerr_reg	0.216500	0.441091
axi_crossbar_inst.axi_crossbar_rd_inst.s_ifaces[I].r_arb_inst.grant_encoded_reg[J]	axi_crossbar_inst.axi_crossbar_rd_inst.s_ifaces[I].decerr_m_axi_rvalid_reg	0.216800	0.185719
axi_crossbar_inst.axi_crossbar_wr_inst.m_ifaces[I].w_select_valid_reg	axi_crossbar_inst.axi_crossbar_wr_inst.s_ifaces[I].w_drop_reg	0.218700	0.155416
axi_crossbar_inst.axi_crossbar_rd_inst.s_ifaces[I].addr_inst.m_select_reg[J]	axi_crossbar_inst.axi_crossbar_rd_inst.s_ifaces[I].addr_inst.m_axi_avalid_reg	0.218900	0.089423
axi_crossbar_inst.axi_crossbar_wr_inst.s_ifaces[I].w_drop_reg	axi_crossbar_inst.axi_crossbar_wr_inst.m_ifaces[I].reg_inst.genblkJ.temp_m_axi_wvalid_reg	0.219500	0.159813
axi_crossbar_inst.axi_crossbar_wr_inst.m_ifaces[I].reg_inst.genblkJ.s_axi_wready_reg	axi_crossbar_inst.axi_crossbar_wr_inst.s_ifaces[I].w_drop_reg	0.219900	0.141491
axi_crossbar_inst.axi_crossbar_rd_inst.s_ifaces[I].decerr_len_reg[J]	axi_crossbar_inst.axi_crossbar_rd_inst.s_ifaces[I].decerr_m_axi_rlast_reg	0.220500	0.163008
axi_crossbar_inst.axi_crossbar_wr_inst.s_ifaces[I].w_select_reg[J]	axi_crossbar_inst.axi_crossbar_wr_inst.m_ifaces[I].reg_inst.genblkJ.s_axi_wready_reg	0.220500	0.146882
axi_crossbar_inst.axi_crossbar_rd_inst.s_ifaces[I].addr_inst.state_reg[J]	axi_crossbar_inst.axi_crossbar_rd_inst.s_ifaces[I].addr_inst.thread_id_reg[J][K]	0.220600	0.188518
axi_crossbar_inst.axi_crossbar_rd_inst.s_ifaces[I].addr_inst.state_reg[J]	axi_crossbar_inst.axi_crossbar_rd_inst.s_ifaces[I].addr_inst.thread_m_reg[J][K]	0.220600	0.185180
axi_crossbar_inst.axi_crossbar_rd_inst.m_ifaces[I].a_arb_inst.grant_encoded_reg[J]	axi_crossbar_inst.axi_crossbar_rd_inst.s_ifaces[I].addr_inst.m_axi_avalid_reg	0.220600	0.108981
axi_crossbar_inst.axi_crossbar_rd_inst.s_ifaces[I].reg_inst.genblkJ.m_axi_rready_reg	axi_crossbar_inst.axi_crossbar_rd_inst.s_ifaces[I].decerr_len_reg[J]	0.222900	0.083411
axi_crossbar_inst.axi_crossbar_rd_inst.s_ifaces[I].reg_inst.genblkJ.m_axi_rready_reg	axi_crossbar_inst.axi_crossbar_rd_inst.s_ifaces[I].decerr_m_axi_rlast_reg	0.222900	0.083960
sI_axi_rready	axi_crossbar_inst.axi_crossbar_rd_inst.s_ifaces[I].reg_inst.genblkJ.m_axi_rready_reg	0.224100	0.526536
axi_crossbar_inst.axi_crossbar_wr_inst.m_ifaces[I].a_arb_inst.grant_valid_reg	axi_crossbar_inst.axi_crossbar_wr_inst.m_ifaces[I].trans_count_reg[J]	0.224400	0.240264
axi_crossbar_inst.axi_crossbar_wr_inst.s_ifaces[I].w_select_valid_reg	axi_crossbar_inst.axi_crossbar_wr_inst.m_ifaces[I].w_select_valid_reg	0.225200	0.131533
axi_crossbar_inst.axi_crossbar_wr_inst.m_ifaces[I].w_select_new_reg	axi_crossbar_inst.axi_crossbar_wr_inst.m_ifaces[I].a_arb_inst.grant_encoded_reg[J]	0.225500	0.184086
axi_crossbar_inst.axi_crossbar_wr_inst.s_ifaces[I].w_drop_reg	axi_crossbar_inst.axi_crossbar_wr_inst.m_ifaces[I].reg_inst.genblkJ.m_axi_wvalid_reg	0.227900	0.139497
axi_crossbar_inst.axi_crossbar_rd_inst.m_ifaces[I].a_arb_inst.grant_reg[J]	axi_crossbar_inst.axi_crossbar_rd_inst.m_ifaces[I].a_arb_inst.grant_valid_reg	0.228200	0.206548
sI_axi_arlen[J]	axi_crossbar_inst.axi_crossbar_rd_inst.s_ifaces[I].decerr_len_reg[J]	0.229400	0.454841
axi_crossbar_inst.axi_crossbar_wr_inst.s_ifaces[I].b_arb_inst.grant_encoded_reg[J]	axi_crossbar_inst.axi_crossbar_wr_inst.s_ifaces[I].decerr_m_axi_bvalid_reg	0.230600	0.194143
axi_crossbar_inst.axi_crossbar_wr_inst.s_ifaces[I].w_select_reg[J]	axi_crossbar_inst.axi_crossbar_wr_inst.s_ifaces[I].w_select_valid_reg	0.230700	0.210477
sI_axi_wlast	axi_crossbar_inst.axi_crossbar_wr_inst.s_ifaces[I].w_drop_reg	0.230800	0.431060
axi_crossbar_inst.axi_crossbar_rd_inst.s_ifaces[I].addr_inst.trans_count_reg[J]	axi_crossbar_inst.axi_crossbar_rd_inst.s_ifaces[I].addr_inst.thread_id_reg[J][K]	0.231200	0.178210
axi_crossbar_inst.axi_crossbar_rd_inst.s_ifaces[I].addr_inst.trans_count_reg[J]	axi_crossbar_inst.axi_crossbar_rd_inst.s_ifaces[I].addr_inst.thread_m_reg[J][K]	0.231200	0.174872
axi_crossbar_inst.axi_crossbar_wr_inst.m_ifaces[I].w_select_valid_reg	axi_crossbar_inst.axi_crossbar_wr_inst.m_ifaces[I].a_arb_inst.grant_reg[J]	0.233700	0.137666
sI_axi_awvalid	axi_crossbar_inst.axi_crossbar_wr_inst.s_ifaces[I].addr_inst.state_reg[J]	0.234600	0.450968
sI_axi_awvalid	axi_crossbar_inst.axi_crossbar_wr_inst.s_ifaces[I].addr_inst.s_axi_aid_reg[J]	0.235500	0.450208
sI_axi_arvalid	axi_crossbar_inst.axi_crossbar_rd_inst.s_ifaces[I].addr_inst.s_axi_aid_reg[J]	0.235600	0.465814
axi_crossbar_inst.axi_crossbar_wr_inst.m_ifaces[I].trans_count_reg[J]	axi_crossbar_inst.axi_crossbar_wr_inst.m_ifaces[I].a_arb_inst.grant_reg[J]	0.235700	0.186452
axi_crossbar_inst.axi_crossbar_wr_inst.s_ifaces[I].addr_inst.m_select_reg[J]	axi_crossbar_inst.axi_crossbar_wr_inst.s_ifaces[I].addr_inst.m_rc_valid_reg	0.236000	0.207550
axi_crossbar_inst.axi_crossbar_wr_inst.s_ifaces[I].addr_inst.state_reg[J]	axi_crossbar_inst.axi_crossbar_wr_inst.s_ifaces[I].addr_inst.thread_id_reg[J][K]	0.238600	0.202829
axi_crossbar_inst.axi_crossbar_wr_inst.s_ifaces[I].addr_inst.state_reg[J]	axi_crossbar_inst.axi_crossbar_wr_inst.s_ifaces[I].addr_inst.thread_m_reg[J][K]	0.238600	0.191619
axi_crossbar_inst.axi_crossbar_wr_inst.m_ifaces[I].a_arb_inst.grant_encoded_reg[J]	axi_crossbar_inst.axi_crossbar_wr_inst.s_ifaces[I].addr_inst.m_axi_avalid_reg	0.238900	0.130827
axi_crossbar_inst.axi_crossbar_rd_inst.m_ifaces[I].a_arb_inst.grant_valid_reg	axi_crossbar_inst.axi_crossbar_rd_inst.s_ifaces[I].addr_inst.m_axi_avalid_reg	0.239100	0.179434
axi_crossbar_inst.axi_crossbar_wr_inst.m_ifaces[I].reg_inst.genblkJ.s_axi_wready_reg	axi_crossbar_inst.axi_crossbar_wr_inst.s_ifaces[I].w_select_valid_reg	0.239700	0.188870
axi_crossbar_inst.axi_crossbar_rd_inst.s_ifaces[I].reg_inst.genblkJ.m_axi_rready_reg	axi_crossbar_inst.axi_crossbar_rd_inst.s_ifaces[I].r_arb_inst.grant_reg[J]	0.240900	0.111175
axi_crossbar_inst.axi_crossbar_rd_inst.s_ifaces[I].r_arb_inst.grant_valid_reg	axi_crossbar_inst.axi_crossbar_rd_inst.s_ifaces[I].decerr_len_reg[J]	0.242000	0.143087
axi_crossbar_inst.axi_crossbar_rd_inst.s_ifaces[I].r_arb_inst.grant_valid_reg	axi_crossbar_inst.axi_crossbar_rd_inst.s_ifaces[I].decerr_m_axi_rlast_reg	0.242000	0.143962
axi_crossbar_inst.axi_crossbar_wr_inst.m_ifaces[I].w_select_valid_reg	axi_crossbar_inst.axi_crossbar_wr_inst.m_ifaces[I].a_arb_inst.grant_encoded_reg[J]	0.242800	0.146275
axi_crossbar_inst.axi_crossbar_rd_inst.s_ifaces[I].r_arb_inst.grant_encoded_reg[J]	axi_crossbar_inst.axi_crossbar_rd_inst.s_ifaces[I].reg_inst.genblkJ.temp_s_axi_rlast_reg	0.243000	0.104361
axi_crossbar_inst.axi_crossbar_wr_inst.m_ifaces[I].reg_inst.genblkJ.genblkK.s_axi_awready_reg	axi_crossbar_inst.axi_crossbar_wr_inst.s_ifaces[I].addr_inst.m_axi_avalid_reg	0.244000	0.165362
axi_crossbar_inst.axi_crossbar_wr_inst.m_ifaces[I].w_select_reg[J]	axi_crossbar_inst.axi_crossbar_wr_inst.m_ifaces[I].reg_inst.genblkJ.m_axi_wlast_reg	0.244100	0.132972
axi_crossbar_inst.axi_crossbar_wr_inst.s_ifaces[I].addr_inst.trans_count_reg[J]	axi_crossbar_inst.axi_crossbar_wr_inst.s_ifaces[I].addr_inst.thread_id_reg[J][K]	0.244600	0.199035
axi_crossbar_inst.axi_crossbar_wr_inst.s_ifaces[I].addr_inst.trans_count_reg[J]	axi_crossbar_inst.axi_crossbar_wr_inst.s_ifaces[I].addr_inst.thread_m_reg[J][K]	0.244600	0.187824
axi_crossbar_inst.axi_crossbar_wr_inst.s_ifaces[I].reg_inst.genblkJ.genblkK.m_axi_bready_reg	axi_crossbar_inst.axi_crossbar_wr_inst.s_ifaces[I].b_arb_inst.grant_reg[J]	0.244800	0.215854
axi_crossbar_inst.axi_crossbar_rd_inst.s_ifaces[I].decerr_len_reg[J]	axi_crossbar_inst.axi_crossbar_rd_inst.s_ifaces[I].decerr_len_reg[J]	0.244900	0.170849
mI_axi_wready	axi_crossbar_inst.axi_crossbar_wr_inst.m_ifaces[I].reg_inst.genblkJ.s_axi_wready_reg	0.245500	0.494628
axi_crossbar_inst.axi_crossbar_wr_inst.m_ifaces[I].trans_count_reg[J]	axi_crossbar_inst.axi_crossbar_wr_inst.m_ifaces[I].a_arb_inst.grant_encoded_reg[J]	0.245500	0.211646
axi_crossbar_inst.axi_crossbar_rd_inst.s_ifaces[I].addr_inst.thread_m_reg[J][K]	axi_crossbar_inst.axi_crossbar_rd_inst.s_ifaces[I].addr_inst.m_rc_valid_reg	0.246700	0.212961
axi_crossbar_inst.axi_crossbar_wr_inst.s_ifaces[I].addr_inst.m_select_reg[J]	axi_crossbar_inst.axi_crossbar_wr_inst.s_ifaces[I].addr_inst.m_wc_valid_reg	0.247100	0.211531
axi_crossbar_inst.axi_crossbar_wr_inst.s_ifaces[I].addr_inst.m_axi_avalid_reg	axi_crossbar_inst.axi_crossbar_wr_inst.m_ifaces[I].w_select_new_reg	0.247300	0.152290
axi_crossbar_inst.axi_crossbar_rd_inst.m_ifaces[I].a_arb_inst.grant_valid_reg	axi_crossbar_inst.axi_crossbar_rd_inst.m_ifaces[I].trans_count_reg[J]	0.248100	0.224476
sI_axi_arvalid	axi_crossbar_inst.axi_crossbar_rd_inst.s_ifaces[I].addr_inst.m_select_reg[J]	0.248300	0.438437
sI_axi_awvalid	axi_crossbar_inst.axi_crossbar_wr_inst.s_ifaces[I].addr_inst.m_select_reg[J]	0.248300	0.448594
axi_crossbar_inst.axi_crossbar_wr_inst.m_ifaces[I].a_arb_inst.grant_valid_reg	axi_crossbar_inst.axi_crossbar_wr_inst.s_ifaces[I].addr_inst.m_axi_avalid_reg	0.249300	0.214325
axi_crossbar_inst.axi_crossbar_rd_inst.s_ifaces[I].decerr_m_axi_rvalid_reg	axi_crossbar_inst.axi_crossbar_rd_inst.s_ifaces[I].decerr_m_axi_rlast_reg	0.250900	0.099786
axi_crossbar_inst.axi_crossbar_rd_inst.s_ifaces[I].r_arb_inst.grant_reg[J]	axi_crossbar_inst.axi_crossbar_rd_inst.s_ifaces[I].r_arb_inst.grant_valid_reg	0.251200	0.190095
axi_crossbar_inst.axi_crossbar_wr_inst.s_ifaces[I].w_select_reg[J]	axi_crossbar_inst.axi_crossbar_wr_inst.s_ifaces[I].w_drop_reg	0.251600	0.171494
axi_crossbar_inst.axi_crossbar_wr_inst.m_ifaces[I].reg_inst.genblkJ.s_axi_wready_reg	axi_crossbar_inst.axi_crossbar_wr_inst.m_ifaces[I].reg_inst.genblkJ.m_axi_wdata_reg[K]	0.251700	0.017699
axi_crossbar_inst.axi_crossbar_wr_inst.m_ifaces[I].reg_inst.genblkJ.s_axi_wready_reg	axi_crossbar_inst.axi_crossbar_wr_inst.m_ifaces[I].reg_inst.genblkJ.m_axi_wstrb_reg[K]	0.251700	0.028816
sI_axi_arvalid	axi_crossbar_inst.axi_crossbar_rd_inst.s_ifaces[I].addr_inst.state_reg[J]	0.251900	0.483281
axi_crossbar_inst.axi_crossbar_rd_inst.s_ifaces[I].reg_inst.genblkJ.m_axi_rready_reg	axi_crossbar_inst.axi_crossbar_rd_inst.s_ifaces[I].r_arb_inst.grant_encoded_reg[J]	0.252200	0.105899
axi_crossbar_inst.axi_crossbar_wr_inst.m_ifaces[I].reg_inst.genblkJ.genblkK.s_axi_awready_reg	axi_crossbar_inst.axi_crossbar_wr_inst.m_ifaces[I].a_arb_inst.mask_reg[J]	0.254400	0.180834
axi_crossbar_inst.axi_crossbar_wr_inst.m_ifaces[I].w_select_valid_reg	axi_crossbar_inst.axi_crossbar_wr_inst.s_ifaces[I].w_select_valid_reg	0.256200	0.207229
axi_crossbar_inst.axi_crossbar_wr_inst.s_ifaces[I].w_drop_reg	axi_crossbar_inst.axi_crossbar_wr_inst.m_ifaces[I].w_select_valid_reg	0.256700	0.152389
axi_crossbar_inst.axi_crossbar_rd_inst.m_ifaces[I].reg_inst.genblkJ.genblkK.s_axi_arready_reg	axi_crossbar_inst.axi_crossbar_rd_inst.m_ifaces[I].a_arb_inst.grant_reg[J]	0.256900	0.216886
axi_crossbar_inst.axi_crossbar_wr_inst.s_ifaces[I].reg_inst.genblkJ.genblkK.m_axi_bready_reg	axi_crossbar_inst.axi_crossbar_wr_inst.s_ifaces[I].b_arb_inst.mask_reg[J]	0.257000	0.216227
axi_crossbar_inst.axi_crossbar_wr_inst.s_ifaces[I].w_drop_reg	axi_crossbar_inst.axi_crossbar_wr_inst.m_ifaces[I].reg_inst.genblkJ.s_axi_wready_reg	0.259400	0.179787
axi_crossbar_inst.axi_crossbar_rd_inst.s_ifaces[I].reg_inst.genblkJ.m_axi_rready_reg	axi_crossbar_inst.axi_crossbar_rd_inst.s_ifaces[I].r_arb_inst.mask_reg[J]	0.259400	0.102512
axi_crossbar_inst.axi_crossbar_rd_inst.m_ifaces[I].reg_inst.genblkJ.genblkK.s_axi_arready_reg	axi_crossbar_inst.axi_crossbar_rd_inst.m_ifaces[I].a_arb_inst.mask_reg[J]	0.261300	0.224405
axi_crossbar_inst.axi_crossbar_wr_inst.s_ifaces[I].b_arb_inst.grant_reg[J]	axi_crossbar_inst.axi_crossbar_wr_inst.s_ifaces[I].b_arb_inst.grant_valid_reg	0.261900	0.213387
axi_crossbar_inst.axi_crossbar_wr_inst.s_ifaces[I].decerr_m_axi_bvalid_reg	axi_crossbar_inst.axi_crossbar_wr_inst.s_ifaces[I].b_arb_inst.grant_valid_reg	0.264200	0.260203
mI_axi_arready	axi_crossbar_inst.axi_crossbar_rd_inst.m_ifaces[I].reg_inst.genblkJ.genblkK.s_axi_arready_reg	0.264300	0.494157
mI_axi_awready	axi_crossbar_inst.axi_crossbar_wr_inst.m_ifaces[I].reg_inst.genblkJ.genblkK.s_axi_awready_reg	0.264300	0.509422
axi_crossbar_inst.axi_crossbar_wr_inst.s_ifaces[I].addr_inst.m_select_reg[J]	axi_crossbar_inst.axi_crossbar_wr_inst.m_ifaces[I].w_select_new_reg	0.264500	0.121288
axi_crossbar_inst.axi_crossbar_wr_inst.m_ifaces[I].reg_inst.genblkJ.genblkK.s_axi_awready_reg	axi_crossbar_inst.axi_crossbar_wr_inst.m_ifaces[I].a_arb_inst.grant_reg[J]	0.266800	0.185179
axi_crossbar_inst.axi_crossbar_wr_inst.s_ifaces[I].reg_inst.genblkJ.genblkK.m_axi_bready_reg	axi_crossbar_inst.axi_crossbar_wr_inst.s_ifaces[I].b_arb_inst.grant_encoded_reg[J]	0.269800	0.229409
axi_crossbar_inst.axi_crossbar_rd_inst.s_ifaces[I].decerr_m_axi_rlast_reg	axi_crossbar_inst.axi_crossbar_rd_inst.s_ifaces[I].r_arb_inst.grant_valid_reg	0.269900	0.210267
sI_axi_wlast	axi_crossbar_inst.axi_crossbar_wr_inst.s_ifaces[I].w_select_valid_reg	0.271600	0.441095
axi_crossbar_inst.axi_crossbar_rd_inst.m_ifaces[I].trans_count_reg[J]	axi_crossbar_inst.axi_crossbar_rd_inst.m_ifaces[I].a_arb_inst.grant_reg[J]	0.272200	0.222592
sI_axi_wvalid	axi_crossbar_inst.axi_crossbar_wr_inst.s_ifaces[I].w_drop_reg	0.272700	0.442767
axi_crossbar_inst.axi_crossbar_wr_inst.m_ifaces[I].w_select_reg[J]	axi_crossbar_inst.axi_crossbar_wr_inst.m_ifaces[I].reg_inst.genblkJ.temp_m_axi_wlast_reg	0.274800	0.160565
mI_axi_arready	axi_crossbar_inst.axi_crossbar_rd_inst.m_ifaces[I].reg_inst.genblkJ.genblkK.m_axi_arvalid_reg	0.274900	0.481527
mI_axi_awready	axi_crossbar_inst.axi_crossbar_wr_inst.m_ifaces[I].reg_inst.genblkJ.genblkK.m_axi_awvalid_reg	0.274900	0.518878
axi_crossbar_inst.axi_crossbar_wr_inst.m_ifaces[I].reg_inst.genblkJ.genblkK.s_axi_awready_reg	axi_crossbar_inst.axi_crossbar_wr_inst.m_ifaces[I].a_arb_inst.grant_encoded_reg[J]	0.275900	0.191662
axi_crossbar_inst.axi_crossbar_rd_inst.s_ifaces[I].addr_inst.s_cpl_valid_reg	axi_crossbar_inst.axi_crossbar_rd_inst.s_ifaces[I].addr_inst.thread_id_reg[J][K]	0.279400	0.209811
axi_crossbar_inst.axi_crossbar_rd_inst.s_ifaces[I].addr_inst.s_cpl_valid_reg	axi_crossbar_inst.axi_crossbar_rd_inst.s_ifaces[I].addr_inst.thread_m_reg[J][K]	0.279400	0.210639
axi_crossbar_inst.axi_crossbar_wr_inst.m_ifaces[I].a_arb_inst.grant_reg[J]	axi_crossbar_inst.axi_crossbar_wr_inst.m_ifaces[I].a_arb_inst.grant_valid_reg	0.282800	0.215552
axi_crossbar_inst.axi_crossbar_wr_inst.s_ifaces[I].b_arb_inst.grant_valid_reg	axi_crossbar_inst.axi_crossbar_wr_inst.s_ifaces[I].b_arb_inst.mask_reg[J]	0.283000	0.298547
axi_crossbar_inst.axi_crossbar_rd_inst.s_ifaces[I].addr_inst.thread_m_reg[J][K]	axi_crossbar_inst.axi_crossbar_rd_inst.s_ifaces[I].addr_inst.state_reg[J]	0.283800	0.235928
axi_crossbar_inst.axi_crossbar_wr_inst.s_ifaces[I].b_arb_inst.grant_encoded_reg[J]	axi_crossbar_inst.axi_crossbar_wr_inst.s_ifaces[I].b_arb_inst.grant_encoded_reg[J]	0.283800	0.253398
axi_crossbar_inst.axi_crossbar_rd_inst.s_ifaces[I].decerr_m_axi_rvalid_reg	axi_crossbar_inst.axi_crossbar_rd_inst.s_ifaces[I].reg_inst.genblkJ.temp_s_axi_rvalid_reg	0.285000	0.193243
sI_axi_arid[J]	axi_crossbar_inst.axi_crossbar_rd_inst.s_ifaces[I].addr_inst.s_axi_aid_reg[J]	0.286300	0.510846
sI_axi_arid[J]	axi_crossbar_inst.axi_crossbar_rd_inst.s_ifaces[I].decerr_m_axi_rid_reg[J]	0.286300	0.511915
sI_axi_awid[J]	axi_crossbar_inst.axi_crossbar_wr_inst.s_ifaces[I].addr_inst.s_axi_aid_reg[J]	0.286300	0.512383
sI_axi_awid[J]	axi_crossbar_inst.axi_crossbar_wr_inst.s_ifaces[I].decerr_m_axi_bid_reg[J]	0.286300	0.507458
axi_crossbar_inst.axi_crossbar_wr_inst.s_ifaces[I].addr_inst.thread_m_reg[J][K]	axi_crossbar_inst.axi_crossbar_wr_inst.s_ifaces[I].addr_inst.m_axi_avalid_reg	0.286600	0.230512
sI_axi_bready	axi_crossbar_inst.axi_crossbar_wr_inst.s_ifaces[I].reg_inst.genblkJ.genblkK.s_axi_bvalid_reg	0.286700	0.565938
axi_crossbar_inst.axi_crossbar_wr_inst.s_ifaces[I].b_arb_inst.grant_valid_reg	axi_crossbar_inst.axi_crossbar_wr_inst.s_ifaces[I].b_arb_inst.grant_reg[J]	0.287900	0.299239
axi_crossbar_inst.axi_crossbar_rd_inst.s_ifaces[I].addr_inst.thread_m_reg[J][K]	axi_crossbar_inst.axi_crossbar_rd_inst.s_ifaces[I].addr_inst.m_axi_avalid_reg	0.289100	0.227043
axi_crossbar_inst.axi_crossbar_wr_inst.s_ifaces[I].b_arb_inst.grant_valid_reg	axi_crossbar_inst.axi_crossbar_wr_inst.s_ifaces[I].b_arb_inst.grant_encoded_reg[J]	0.289300	0.308522
axi_crossbar_inst.axi_crossbar_rd_inst.s_ifaces[I].reg_inst.genblkJ.m_axi_rready_reg	axi_crossbar_inst.axi_crossbar_rd_inst.s_ifaces[I].reg_inst.genblkJ.s_axi_rid_reg[K]	0.291000	0.121680
axi_crossbar_inst.axi_crossbar_rd_inst.s_ifaces[I].reg_inst.genblkJ.m_axi_rready_reg	axi_crossbar_inst.axi_crossbar_rd_inst.s_ifaces[I].reg_inst.genblkJ.s_axi_rresp_reg[K]	0.291000	0.123185
axi_crossbar_inst.axi_crossbar_wr_inst.m_ifaces[I].reg_inst.genblkJ.s_axi_wready_reg	axi_crossbar_inst.axi_crossbar_wr_inst.m_ifaces[I].a_arb_inst.grant_valid_reg	0.292400	0.138925
axi_crossbar_inst.axi_crossbar_wr_inst.s_ifaces[I].addr_inst.s_cpl_valid_reg	axi_crossbar_inst.axi_crossbar_wr_inst.s_ifaces[I].addr_inst.thread_id_reg[J][K]	0.292900	0.246563
axi_crossbar_inst.axi_crossbar_wr_inst.s_ifaces[I].addr_inst.s_cpl_valid_reg	axi_crossbar_inst.axi_crossbar_wr_inst.s_ifaces[I].addr_inst.thread_m_reg[J][K]	0.292900	0.239865
axi_crossbar_inst.axi_crossbar_wr_inst.s_ifaces[I].addr_inst.thread_m_reg[J][K]	axi_crossbar_inst.axi_crossbar_wr_inst.s_ifaces[I].addr_inst.state_reg[J]	0.294700	0.223419
axi_crossbar_inst.axi_crossbar_wr_inst.s_ifaces[I].w_drop_reg	sI_axi_wready	0.296600	-0.045893
axi_crossbar_inst.axi_crossbar_rd_inst.s_ifaces[I].r_arb_inst.grant_valid_reg	axi_crossbar_inst.axi_crossbar_rd_inst.s_ifaces[I].r_arb_inst.mask_reg[J]	0.296800	0.267247
axi_crossbar_inst.axi_crossbar_rd_inst.s_ifaces[I].r_arb_inst.grant_valid_reg	axi_crossbar_inst.axi_crossbar_rd_inst.s_ifaces[I].r_arb_inst.grant_reg[J]	0.297800	0.259963
axi_crossbar_inst.axi_crossbar_rd_inst.s_ifaces[I].r_arb_inst.grant_valid_reg	axi_crossbar_inst.axi_crossbar_rd_inst.s_ifaces[I].r_arb_inst.grant_encoded_reg[J]	0.299400	0.250797
axi_crossbar_inst.axi_crossbar_rd_inst.s_ifaces[I].reg_inst.genblkJ.m_axi_rready_reg	axi_crossbar_inst.axi_crossbar_rd_inst.s_ifaces[I].reg_inst.genblkJ.s_axi_rlast_reg	0.300000	0.123610
axi_crossbar_inst.axi_crossbar_rd_inst.m_ifaces[I].a_arb_inst.grant_valid_reg	axi_crossbar_inst.axi_crossbar_rd_inst.m_ifaces[I].a_arb_inst.grant_reg[J]	0.300400	0.303226
axi_crossbar_inst.axi_crossbar_wr_inst.s_ifaces[I].addr_inst.thread_m_reg[J][K]	axi_crossbar_inst.axi_crossbar_wr_inst.s_ifaces[I].addr_inst.m_rc_valid_reg	0.302700	0.246653
axi_crossbar_inst.axi_crossbar_rd_inst.s_ifaces[I].reg_inst.genblkJ.m_axi_rready_reg	axi_crossbar_inst.axi_crossbar_rd_inst.s_ifaces[I].reg_inst.genblkJ.s_axi_rdata_reg[K]	0.302800	0.067127
sI_axi_bready	axi_crossbar_inst.axi_crossbar_wr_inst.s_ifaces[I].reg_inst.genblkJ.genblkK.m_axi_bready_reg	0.304100	0.552180
axi_crossbar_inst.axi_crossbar_wr_inst.m_ifaces[I].a_arb_inst.grant_valid_reg	axi_crossbar_inst.axi_crossbar_wr_inst.m_ifaces[I].a_arb_inst.grant_valid_reg	0.304700	0.253617
axi_crossbar_inst.axi_crossbar_rd_inst.m_ifaces[I].reg_inst.genblkJ.genblkK.s_axi_arready_reg	axi_crossbar_inst.axi_crossbar_rd_inst.m_ifaces[I].a_arb_inst.grant_encoded_reg[J]	0.306000	0.258498
axi_crossbar_inst.axi_crossbar_wr_inst.m_ifaces[I].a_arb_inst.grant_encoded_reg[J]	axi_crossbar_inst.axi_crossbar_wr_inst.m_ifaces[I].a_arb_inst.grant_encoded_reg[J]	0.307000	0.382950
axi_crossbar_inst.axi_crossbar_rd_inst.s_ifaces[I].reg_inst.genblkJ.m_axi_rready_reg	axi_crossbar_inst.axi_crossbar_rd_inst.s_ifaces[I].reg_inst.genblkJ.temp_s_axi_rdata_reg[K]	0.307000	0.137947
axi_crossbar_inst.axi_crossbar_rd_inst.m_ifaces[I].a_arb_inst.grant_valid_reg	axi_crossbar_inst.axi_crossbar_rd_inst.m_ifaces[I].a_arb_inst.mask_reg[J]	0.308800	0.288615
axi_crossbar_inst.axi_crossbar_wr_inst.m_ifaces[I].reg_inst.genblkJ.s_axi_wready_reg	axi_crossbar_inst.axi_crossbar_wr_inst.m_ifaces[I].reg_inst.genblkJ.temp_m_axi_wdata_reg[K]	0.310800	0.173742
axi_crossbar_inst.axi_crossbar_wr_inst.m_ifaces[I].reg_inst.genblkJ.s_axi_wready_reg	axi_crossbar_inst.axi_crossbar_wr_inst.m_ifaces[I].reg_inst.genblkJ.temp_m_axi_wstrb_reg[K]	0.310800	0.176497
axi_crossbar_inst.axi_crossbar_rd_inst.m_ifaces[I].trans_count_reg[J]	axi_crossbar_inst.axi_crossbar_rd_inst.m_ifaces[I].a_arb_inst.grant_encoded_reg[J]	0.312500	0.258294
axi_crossbar_inst.axi_crossbar_rd_inst.m_ifaces[I].a_arb_inst.grant_valid_reg	axi_crossbar_inst.axi_crossbar_rd_inst.m_ifaces[I].a_arb_inst.grant_encoded_reg[J]	0.313400	0.311363
axi_crossbar_inst.axi_crossbar_wr_inst.m_ifaces[I].a_arb_inst.grant_encoded_reg[J]	axi_crossbar_inst.axi_crossbar_wr_inst.m_ifaces[I].w_select_reg[J]	0.314000	0.382310
sI_axi_wvalid	axi_crossbar_inst.axi_crossbar_wr_inst.s_ifaces[I].w_select_valid_reg	0.314800	0.495851
axi_crossbar_inst.axi_crossbar_wr_inst.m_ifaces[I].w_select_reg[J]	axi_crossbar_inst.axi_crossbar_wr_inst.m_ifaces[I].w_select_reg[J]	0.315600	0.369315
axi_crossbar_inst.axi_crossbar_wr_inst.m_ifaces[I].reg_inst.genblkJ.genblkK.s_axi_awready_reg	axi_crossbar_inst.axi_crossbar_wr_inst.m_ifaces[I].reg_inst.genblkJ.genblkK.m_axi_awaddr_reg[L]	0.316600	0.086837
axi_crossbar_inst.axi_crossbar_rd_inst.m_ifaces[I].reg_inst.genblkJ.genblkK.s_axi_arready_reg	axi_crossbar_inst.axi_crossbar_rd_inst.m_ifaces[I].reg_inst.genblkJ.genblkK.m_axi_arburst_reg[L]	0.317000	0.138538
axi_crossbar_inst.axi_crossbar_rd_inst.m_ifaces[I].reg_inst.genblkJ.genblkK.s_axi_arready_reg	axi_crossbar_inst.axi_crossbar_rd_inst.m_ifaces[I].reg_inst.genblkJ.genblkK.m_axi_arcache_reg[L]	0.317000	0.154758
axi_crossbar_inst.axi_crossbar_rd_inst.m_ifaces[I].reg_inst.genblkJ.genblkK.s_axi_arready_reg	axi_crossbar_inst.axi_crossbar_rd_inst.m_ifaces[I].reg_inst.genblkJ.genblkK.m_axi_arprot_reg[L]	0.317000	0.153047
axi_crossbar_inst.axi_crossbar_rd_inst.m_ifaces[I].reg_inst.genblkJ.genblkK.s_axi_arready_reg	axi_crossbar_inst.axi_crossbar_rd_inst.m_ifaces[I].reg_inst.genblkJ.genblkK.m_axi_arqos_reg[L]	0.317000	0.154460
axi_crossbar_inst.axi_crossbar_rd_inst.m_ifaces[I].reg_inst.genblkJ.genblkK.s_axi_arready_reg	axi_crossbar_inst.axi_crossbar_rd_inst.m_ifaces[I].reg_inst.genblkJ.genblkK.m_axi_arsize_reg[L]	0.317000	0.138078
axi_crossbar_inst.axi_crossbar_wr_inst.m_ifaces[I].reg_inst.genblkJ.genblkK.s_axi_awready_reg	axi_crossbar_inst.axi_crossbar_wr_inst.m_ifaces[I].reg_inst.genblkJ.genblkK.m_axi_awburst_reg[L]	0.317200	0.161509
axi_crossbar_inst.axi_crossbar_wr_inst.m_ifaces[I].reg_inst.genblkJ.genblkK.s_axi_awready_reg	axi_crossbar_inst.axi_crossbar_wr_inst.m_ifaces[I].reg_inst.genblkJ.genblkK.m_axi_awcache_reg[L]	0.317200	0.089592
axi_crossbar_inst.axi_crossbar_wr_inst.m_ifaces[I].reg_inst.genblkJ.genblkK.s_axi_awready_reg	axi_crossbar_inst.axi_crossbar_wr_inst.m_ifaces[I].reg_inst.genblkJ.genblkK.m_axi_awprot_reg[L]	0.317200	0.153244
axi_crossbar_inst.axi_crossbar_wr_inst.m_ifaces[I].reg_inst.genblkJ.genblkK.s_axi_awready_reg	axi_crossbar_inst.axi_crossbar_wr_inst.m_ifaces[I].reg_inst.genblkJ.genblkK.m_axi_awqos_reg[L]	0.317200	0.243149
axi_crossbar_inst.axi_crossbar_wr_inst.m_ifaces[I].reg_inst.genblkJ.genblkK.s_axi_awready_reg	axi_crossbar_inst.axi_crossbar_wr_inst.m_ifaces[I].reg_inst.genblkJ.genblkK.m_axi_awsize_reg[L]	0.317200	0.088960
axi_crossbar_inst.axi_crossbar_rd_inst.s_ifaces[I].reg_inst.genblkJ.m_axi_rready_reg	axi_crossbar_inst.axi_crossbar_rd_inst.s_ifaces[I].reg_inst.genblkJ.temp_s_axi_rresp_reg[K]	0.318800	0.148173
axi_crossbar_inst.axi_crossbar_rd_inst.s_ifaces[I].reg_inst.genblkJ.m_axi_rready_reg	axi_crossbar_inst.axi_crossbar_rd_inst.s_ifaces[I].reg_inst.genblkJ.temp_s_axi_rid_reg[K]	0.318900	0.145024
axi_crossbar_inst.axi_crossbar_wr_inst.s_ifaces[I].addr_inst.thread_m_reg[J][K]	axi_crossbar_inst.axi_crossbar_wr_inst.s_ifaces[I].addr_inst.m_wc_valid_reg	0.319000	0.246114
axi_crossbar_inst.axi_crossbar_wr_inst.m_ifaces[I].reg_inst.genblkJ.m_axi_wvalid_reg	axi_crossbar_inst.axi_crossbar_wr_inst.m_ifaces[I].reg_inst.genblkJ.m_axi_wdata_reg[K]	0.320600	0.337375
axi_crossbar_inst.axi_crossbar_wr_inst.m_ifaces[I].reg_inst.genblkJ.m_axi_wvalid_reg	axi_crossbar_inst.axi_crossbar_wr_inst.m_ifaces[I].reg_inst.genblkJ.m_axi_wstrb_reg[K]	0.320600	0.351888
axi_crossbar_inst.axi_crossbar_rd_inst.m_ifaces[I].reg_inst.genblkJ.genblkK.s_axi_arready_reg	axi_crossbar_inst.axi_crossbar_rd_inst.m_ifaces[I].reg_inst.genblkJ.genblkK.m_axi_araddr_reg[L]	0.321100	0.150333
axi_crossbar_inst.axi_crossbar_rd_inst.m_ifaces[I].reg_inst.genblkJ.genblkK.s_axi_arready_reg	axi_crossbar_inst.axi_crossbar_rd_inst.m_ifaces[I].reg_inst.genblkJ.genblkK.m_axi_arlen_reg[L]	0.321100	0.209673
axi_crossbar_inst.axi_crossbar_rd_inst.s_ifaces[I].reg_inst.genblkJ.s_axi_rvalid_reg	axi_crossbar_inst.axi_crossbar_rd_inst.s_ifaces[I].reg_inst.genblkJ.temp_s_axi_rdata_reg[K]	0.322200	0.251286
axi_crossbar_inst.axi_crossbar_rd_inst.s_ifaces[I].decerr_m_axi_rvalid_reg	axi_crossbar_inst.axi_crossbar_rd_inst.s_ifaces[I].r_arb_inst.grant_valid_reg	0.322400	0.230010
axi_crossbar_inst.axi_crossbar_wr_inst.m_ifaces[I].reg_inst.genblkJ.s_axi_wready_reg	axi_crossbar_inst.axi_crossbar_wr_inst.m_ifaces[I].reg_inst.genblkJ.m_axi_wlast_reg	0.322500	0.138473
axi_crossbar_inst.axi_crossbar_wr_inst.m_ifaces[I].reg_inst.genblkJ.s_axi_wready_reg	axi_crossbar_inst.axi_crossbar_wr_inst.m_ifaces[I].reg_inst.genblkJ.m_axi_wvalid_reg	0.323500	0.259786
axi_crossbar_inst.axi_crossbar_rd_inst.m_ifaces[I].a_arb_inst.grant_encoded_reg[J]	axi_crossbar_inst.axi_crossbar_rd_inst.m_ifaces[I].a_arb_inst.grant_encoded_reg[J]	0.323800	0.381962
axi_crossbar_inst.axi_crossbar_rd_inst.s_ifaces[I].decerr_m_axi_rvalid_reg	axi_crossbar_inst.axi_crossbar_rd_inst.s_ifaces[I].reg_inst.genblkJ.s_axi_rvalid_reg	0.324300	0.196218
axi_crossbar_inst.axi_crossbar_rd_inst.s_ifaces[I].reg_inst.genblkJ.s_axi_rvalid_reg	axi_crossbar_inst.axi_crossbar_rd_inst.s_ifaces[I].reg_inst.genblkJ.temp_s_axi_rid_reg[K]	0.324500	0.274372
axi_crossbar_inst.axi_crossbar_rd_inst.s_ifaces[I].decerr_m_axi_rvalid_reg	axi_crossbar_inst.axi_crossbar_rd_inst.s_ifaces[I].decerr_len_reg[J]	0.326100	0.188762
axi_crossbar_inst.axi_crossbar_rd_inst.s_ifaces[I].reg_inst.genblkJ.m_axi_rready_reg	axi_crossbar_inst.axi_crossbar_rd_inst.s_ifaces[I].reg_inst.genblkJ.temp_s_axi_rlast_reg	0.326800	0.148980
axi_crossbar_inst.axi_crossbar_rd_inst.s_ifaces[I].decerr_m_axi_rvalid_reg	axi_crossbar_inst.axi_crossbar_rd_inst.s_ifaces[I].addr_inst.s_cpl_valid_reg	0.328000	0.193927
axi_crossbar_inst.axi_crossbar_rd_inst.s_ifaces[I].reg_inst.genblkJ.m_axi_rready_reg	axi_crossbar_inst.axi_crossbar_rd_inst.s_ifaces[I].r_arb_inst.grant_valid_reg	0.328700	0.173029
axi_crossbar_inst.axi_crossbar_wr_inst.m_ifaces[I].reg_inst.genblkJ.genblkK.s_axi_awready_reg	axi_crossbar_inst.axi_crossbar_wr_inst.m_ifaces[I].reg_inst.genblkJ.genblkK.m_axi_awid_reg[L]	0.328700	0.097314
axi_crossbar_inst.axi_crossbar_wr_inst.m_ifaces[I].w_select_new_reg	axi_crossbar_inst.axi_crossbar_wr_inst.m_ifaces[I].a_arb_inst.grant_valid_reg	0.328700	0.274541
axi_crossbar_inst.axi_crossbar_rd_inst.s_ifaces[I].reg_inst.genblkJ.m_axi_rready_reg	axi_crossbar_inst.axi_crossbar_rd_inst.s_ifaces[I].reg_inst.genblkJ.temp_s_axi_rvalid_reg	0.330500	0.101137
axi_crossbar_inst.axi_crossbar_wr_inst.s_ifaces[I].addr_inst.m_decerr_reg	axi_crossbar_inst.axi_crossbar_wr_inst.s_ifaces[I].addr_inst.thread_id_reg[J][K]	0.330600	0.264813
axi_crossbar_inst.axi_crossbar_wr_inst.s_ifaces[I].addr_inst.m_decerr_reg	axi_crossbar_inst.axi_crossbar_wr_inst.s_ifaces[I].addr_inst.thread_m_reg[J][K]	0.330600	0.272253
axi_crossbar_inst.axi_crossbar_rd_inst.s_ifaces[I].addr_inst.m_decerr_reg	axi_crossbar_inst.axi_crossbar_rd_inst.s_ifaces[I].addr_inst.thread_id_reg[J][K]	0.331700	0.300596
axi_crossbar_inst.axi_crossbar_rd_inst.s_ifaces[I].addr_inst.m_decerr_reg	axi_crossbar_inst.axi_crossbar_rd_inst.s_ifaces[I].addr_inst.thread_m_reg[J][K]	0.331700	0.297259
axi_crossbar_inst.axi_crossbar_wr_inst.s_ifaces[I].reg_inst.genblkJ.genblkK.s_axi_bresp_reg[L]	sI_axi_bresp[J]	0.333000	-0.015435
axi_crossbar_inst.axi_crossbar_rd_inst.s_ifaces[I].reg_inst.genblkJ.s_axi_rdata_reg[K]	sI_axi_rdata[J]	0.333000	-0.033805
axi_crossbar_inst.axi_crossbar_rd_inst.m_ifaces[I].reg_inst.genblkJ.genblkK.m_axi_arvalid_reg	mI_axi_arvalid	0.333000	-0.045562
axi_crossbar_inst.axi_crossbar_wr_inst.m_ifaces[I].reg_inst.genblkJ.genblkK.m_axi_awvalid_reg	mI_axi_awvalid	0.333000	-0.034473
axi_crossbar_inst.axi_crossbar_wr_inst.s_ifaces[I].reg_inst.genblkJ.genblkK.s_axi_bvalid_reg	sI_axi_bvalid	0.333000	-0.019064
axi_crossbar_inst.axi_crossbar_wr_inst.m_ifaces[I].reg_inst.genblkJ.m_axi_wdata_reg[K]	mI_axi_wdata[J]	0.333100	-0.026068
axi_crossbar_inst.axi_crossbar_wr_inst.m_ifaces[I].reg_inst.genblkJ.m_axi_wlast_reg	mI_axi_wlast	0.333100	-0.024221
axi_crossbar_inst.axi_crossbar_wr_inst.m_ifaces[I].reg_inst.genblkJ.m_axi_wstrb_reg[K]	mI_axi_wstrb[J]	0.333100	-0.015268
axi_crossbar_inst.axi_crossbar_rd_inst.s_ifaces[I].reg_inst.genblkJ.s_axi_rid_reg[K]	sI_axi_rid[J]	0.333100	-0.030152
axi_crossbar_inst.axi_crossbar_rd_inst.s_ifaces[I].reg_inst.genblkJ.s_axi_rlast_reg	sI_axi_rlast	0.333100	-0.031806
axi_crossbar_inst.axi_crossbar_rd_inst.s_ifaces[I].reg_inst.genblkJ.s_axi_rresp_reg[K]	sI_axi_rresp[J]	0.333100	-0.032248
axi_crossbar_inst.axi_crossbar_wr_inst.m_ifaces[I].reg_inst.genblkJ.m_axi_wvalid_reg	mI_axi_wvalid	0.333100	-0.029581
axi_crossbar_inst.axi_crossbar_rd_inst.s_ifaces[I].reg_inst.genblkJ.s_axi_rvalid_reg	sI_axi_rvalid	0.333100	-0.030497
axi_crossbar_inst.axi_crossbar_rd_inst.s_ifaces[I].reg_inst.genblkJ.s_axi_rvalid_reg	axi_crossbar_inst.axi_crossbar_rd_inst.s_ifaces[I].reg_inst.genblkJ.temp_s_axi_rresp_reg[K]	0.333900	0.289554
axi_crossbar_inst.axi_crossbar_wr_inst.s_ifaces[I].decerr_m_axi_bvalid_reg	axi_crossbar_inst.axi_crossbar_wr_inst.s_ifaces[I].reg_inst.genblkJ.genblkK.s_axi_bvalid_reg	0.334400	0.232931
axi_crossbar_inst.axi_crossbar_rd_inst.m_ifaces[I].reg_inst.genblkJ.genblkK.m_axi_araddr_reg[L]	mI_axi_araddr[J]	0.334800	-0.035447
axi_crossbar_inst.axi_crossbar_rd_inst.m_ifaces[I].reg_inst.genblkJ.genblkK.m_axi_arburst_reg[L]	mI_axi_arburst[J]	0.334800	-0.007808
axi_crossbar_inst.axi_crossbar_rd_inst.m_ifaces[I].reg_inst.genblkJ.genblkK.m_axi_arcache_reg[L]	mI_axi_arcache[J]	0.334800	-0.029634
axi_crossbar_inst.axi_crossbar_rd_inst.m_ifaces[I].reg_inst.genblkJ.genblkK.m_axi_arid_reg[L]	mI_axi_arid[J]	0.334800	-0.031420
axi_crossbar_inst.axi_crossbar_rd_inst.m_ifaces[I].reg_inst.genblkJ.genblkK.m_axi_arlen_reg[L]	mI_axi_arlen[J]	0.334800	-0.038990
axi_crossbar_inst.axi_crossbar_rd_inst.m_ifaces[I].reg_inst.genblkJ.genblkK.m_axi_arlock_reg	mI_axi_arlock	0.334800	-0.005273
axi_crossbar_inst.axi_crossbar_rd_inst.m_ifaces[I].reg_inst.genblkJ.genblkK.m_axi_arprot_reg[L]	mI_axi_arprot[J]	0.334800	-0.032675
axi_crossbar_inst.axi_crossbar_rd_inst.m_ifaces[I].reg_inst.genblkJ.genblkK.m_axi_arqos_reg[L]	mI_axi_arqos[J]	0.334800	-0.049018
axi_crossbar_inst.axi_crossbar_rd_inst.m_ifaces[I].reg_inst.genblkJ.genblkK.m_axi_arsize_reg[L]	mI_axi_arsize[J]	0.334800	-0.015956
axi_crossbar_inst.axi_crossbar_wr_inst.m_ifaces[I].reg_inst.genblkJ.genblkK.m_axi_awaddr_reg[L]	mI_axi_awaddr[J]	0.334800	-0.044742
axi_crossbar_inst.axi_crossbar_wr_inst.m_ifaces[I].reg_inst.genblkJ.genblkK.m_axi_awburst_reg[L]	mI_axi_awburst[J]	0.334800	-0.011394
axi_crossbar_inst.axi_crossbar_wr_inst.m_ifaces[I].reg_inst.genblkJ.genblkK.m_axi_awcache_reg[L]	mI_axi_awcache[J]	0.334800	-0.005669
axi_crossbar_inst.axi_crossbar_wr_inst.m_ifaces[I].reg_inst.genblkJ.genblkK.m_axi_awid_reg[L]	mI_axi_awid[J]	0.334800	-0.074289
axi_crossbar_inst.axi_crossbar_wr_inst.m_ifaces[I].reg_inst.genblkJ.genblkK.m_axi_awlen_reg[L]	mI_axi_awlen[J]	0.334800	-0.012615
axi_crossbar_inst.axi_crossbar_wr_inst.m_ifaces[I].reg_inst.genblkJ.genblkK.m_axi_awlock_reg	mI_axi_awlock	0.334800	-0.015485
axi_crossbar_inst.axi_crossbar_wr_inst.m_ifaces[I].reg_inst.genblkJ.genblkK.m_axi_awprot_reg[L]	mI_axi_awprot[J]	0.334800	-0.006385
axi_crossbar_inst.axi_crossbar_wr_inst.m_ifaces[I].reg_inst.genblkJ.genblkK.m_axi_awqos_reg[L]	mI_axi_awqos[J]	0.334800	-0.067285
axi_crossbar_inst.axi_crossbar_wr_inst.m_ifaces[I].reg_inst.genblkJ.genblkK.m_axi_awsize_reg[L]	mI_axi_awsize[J]	0.334800	-0.018232
axi_crossbar_inst.axi_crossbar_wr_inst.s_ifaces[I].reg_inst.genblkJ.genblkK.s_axi_bid_reg[L]	sI_axi_bid[J]	0.334800	-0.038569
axi_crossbar_inst.axi_crossbar_rd_inst.s_ifaces[I].addr_inst.m_rc_valid_reg	axi_crossbar_inst.axi_crossbar_rd_inst.s_ifaces[I].decerr_len_reg[J]	0.336800	0.297543
axi_crossbar_inst.axi_crossbar_rd_inst.s_ifaces[I].addr_inst.m_rc_valid_reg	axi_crossbar_inst.axi_crossbar_rd_inst.s_ifaces[I].decerr_m_axi_rlast_reg	0.336800	0.299133
axi_crossbar_inst.axi_crossbar_rd_inst.s_ifaces[I].addr_inst.s_axi_aready_reg	sI_axi_arready	0.336900	-0.040255
axi_crossbar_inst.axi_crossbar_wr_inst.s_ifaces[I].addr_inst.s_axi_aready_reg	sI_axi_awready	0.336900	-0.065273
axi_crossbar_inst.axi_crossbar_rd_inst.s_ifaces[I].addr_inst.state_reg[J]	axi_crossbar_inst.axi_crossbar_rd_inst.s_ifaces[I].addr_inst.m_rc_valid_reg	0.339200	0.296985
axi_crossbar_inst.axi_crossbar_rd_inst.s_ifaces[I].reg_inst.genblkJ.s_axi_rvalid_reg	axi_crossbar_inst.axi_crossbar_rd_inst.s_ifaces[I].reg_inst.genblkJ.temp_s_axi_rlast_reg	0.342400	0.290438
axi_crossbar_inst.axi_crossbar_rd_inst.s_ifaces[I].addr_inst.trans_count_reg[J]	axi_crossbar_inst.axi_crossbar_rd_inst.s_ifaces[I].addr_inst.m_rc_valid_reg	0.342500	0.250582
axi_crossbar_inst.axi_crossbar_rd_inst.s_ifaces[I].r_arb_inst.grant_valid_reg	axi_crossbar_inst.axi_crossbar_rd_inst.s_ifaces[I].r_arb_inst.grant_valid_reg	0.343800	0.290186
axi_crossbar_inst.axi_crossbar_wr_inst.m_ifaces[I].w_select_valid_reg	axi_crossbar_inst.axi_crossbar_wr_inst.m_ifaces[I].a_arb_inst.grant_valid_reg	0.346100	0.245224
axi_crossbar_inst.axi_crossbar_wr_inst.m_ifaces[I].reg_inst.genblkJ.m_axi_wvalid_reg	axi_crossbar_inst.axi_crossbar_wr_inst.m_ifaces[I].reg_inst.genblkJ.temp_m_axi_wdata_reg[K]	0.346400	0.330479
axi_crossbar_inst.axi_crossbar_rd_inst.m_ifaces[I].reg_inst.genblkJ.genblkK.s_axi_arready_reg	axi_crossbar_inst.axi_crossbar_rd_inst.m_ifaces[I].a_arb_inst.grant_valid_reg	0.349300	0.315965
axi_crossbar_inst.axi_crossbar_wr_inst.s_ifaces[I].decerr_m_axi_bvalid_reg	axi_crossbar_inst.axi_crossbar_wr_inst.s_ifaces[I].reg_inst.genblkJ.genblkK.m_axi_bready_reg	0.349400	0.253127
axi_crossbar_inst.axi_crossbar_wr_inst.m_ifaces[I].reg_inst.genblkJ.s_axi_wready_reg	axi_crossbar_inst.axi_crossbar_wr_inst.m_ifaces[I].reg_inst.genblkJ.temp_m_axi_wvalid_reg	0.350000	0.250321
axi_crossbar_inst.axi_crossbar_wr_inst.m_ifaces[I].reg_inst.genblkJ.m_axi_wvalid_reg	axi_crossbar_inst.axi_crossbar_wr_inst.m_ifaces[I].reg_inst.genblkJ.temp_m_axi_wstrb_reg[K]	0.351700	0.337414
axi_crossbar_inst.axi_crossbar_rd_inst.m_ifaces[I].a_arb_inst.grant_valid_reg	axi_crossbar_inst.axi_crossbar_rd_inst.m_ifaces[I].a_arb_inst.grant_valid_reg	0.352700	0.359232
axi_crossbar_inst.axi_crossbar_wr_inst.s_ifaces[I].addr_inst.m_axi_avalid_reg	axi_crossbar_inst.axi_crossbar_wr_inst.s_ifaces[I].addr_inst.state_reg[J]	0.354100	0.315344
axi_crossbar_inst.axi_crossbar_rd_inst.s_ifaces[I].reg_inst.genblkJ.m_axi_rready_reg	axi_crossbar_inst.axi_crossbar_rd_inst.s_ifaces[I].decerr_m_axi_rvalid_reg	0.354600	0.205659
axi_crossbar_inst.axi_crossbar_wr_inst.s_ifaces[I].reg_inst.genblkJ.genblkK.m_axi_bready_reg	axi_crossbar_inst.axi_crossbar_wr_inst.s_ifaces[I].b_arb_inst.grant_valid_reg	0.356600	0.293871
axi_crossbar_inst.axi_crossbar_rd_inst.s_ifaces[I].decerr_m_axi_rvalid_reg	axi_crossbar_inst.axi_crossbar_rd_inst.s_ifaces[I].reg_inst.genblkJ.m_axi_rready_reg	0.357300	0.191270
axi_crossbar_inst.axi_crossbar_wr_inst.m_ifaces[I].reg_inst.genblkJ.genblkK.s_axi_awready_reg	axi_crossbar_inst.axi_crossbar_wr_inst.m_ifaces[I].a_arb_inst.grant_valid_reg	0.357400	0.265300
axi_crossbar_inst.axi_crossbar_rd_inst.s_ifaces[I].decerr_len_reg[J]	axi_crossbar_inst.axi_crossbar_rd_inst.s_ifaces[I].decerr_m_axi_rvalid_reg	0.358100	0.278016
axi_crossbar_inst.axi_crossbar_wr_inst.s_ifaces[I].addr_inst.m_axi_avalid_reg	axi_crossbar_inst.axi_crossbar_wr_inst.s_ifaces[I].addr_inst.s_axi_aready_reg	0.362000	0.331999
axi_crossbar_inst.axi_crossbar_rd_inst.s_ifaces[I].decerr_m_axi_rvalid_reg	axi_crossbar_inst.axi_crossbar_rd_inst.s_ifaces[I].addr_inst.state_reg[J]	0.362300	0.289000
axi_crossbar_inst.axi_crossbar_rd_inst.m_ifaces[I].reg_inst.genblkJ.genblkK.s_axi_arready_reg	axi_crossbar_inst.axi_crossbar_rd_inst.m_ifaces[I].reg_inst.genblkJ.genblkK.m_axi_arvalid_reg	0.363600	0.208547
axi_crossbar_inst.axi_crossbar_wr_inst.m_ifaces[I].w_select_valid_reg	axi_crossbar_inst.axi_crossbar_wr_inst.m_ifaces[I].reg_inst.genblkJ.temp_m_axi_wvalid_reg	0.363700	0.284430
axi_crossbar_inst.axi_crossbar_wr_inst.m_ifaces[I].reg_inst.genblkJ.genblkK.s_axi_awready_reg	axi_crossbar_inst.axi_crossbar_wr_inst.m_ifaces[I].reg_inst.genblkJ.genblkK.m_axi_awvalid_reg	0.364100	0.263867
axi_crossbar_inst.axi_crossbar_wr_inst.s_ifaces[I].decerr_m_axi_bvalid_reg	axi_crossbar_inst.axi_crossbar_wr_inst.s_ifaces[I].addr_inst.s_cpl_valid_reg	0.365200	0.225698
axi_crossbar_inst.axi_crossbar_rd_inst.s_ifaces[I].reg_inst.genblkJ.s_axi_rvalid_reg	axi_crossbar_inst.axi_crossbar_rd_inst.s_ifaces[I].reg_inst.genblkJ.s_axi_rid_reg[K]	0.365300	0.291252
axi_crossbar_inst.axi_crossbar_wr_inst.m_ifaces[I].w_select_valid_reg	axi_crossbar_inst.axi_crossbar_wr_inst.m_ifaces[I].reg_inst.genblkJ.m_axi_wvalid_reg	0.365600	0.284438
axi_crossbar_inst.axi_crossbar_wr_inst.m_ifaces[I].a_arb_inst.grant_valid_reg	axi_crossbar_inst.axi_crossbar_wr_inst.m_ifaces[I].w_select_valid_reg	0.366900	0.266612
axi_crossbar_inst.axi_crossbar_rd_inst.s_ifaces[I].reg_inst.genblkJ.s_axi_rvalid_reg	axi_crossbar_inst.axi_crossbar_rd_inst.s_ifaces[I].reg_inst.genblkJ.s_axi_rlast_reg	0.367300	0.289908
axi_crossbar_inst.axi_crossbar_rd_inst.s_ifaces[I].reg_inst.genblkJ.s_axi_rvalid_reg	axi_crossbar_inst.axi_crossbar_rd_inst.s_ifaces[I].reg_inst.genblkJ.s_axi_rresp_reg[K]	0.367300	0.291069
axi_crossbar_inst.axi_crossbar_wr_inst.s_ifaces[I].addr_inst.trans_count_reg[J]	axi_crossbar_inst.axi_crossbar_wr_inst.s_ifaces[I].addr_inst.state_reg[J]	0.367600	0.297581
axi_crossbar_inst.axi_crossbar_rd_inst.s_ifaces[I].reg_inst.genblkJ.m_axi_rready_reg	axi_crossbar_inst.axi_crossbar_rd_inst.s_ifaces[I].reg_inst.genblkJ.s_axi_rvalid_reg	0.368500	0.097204
axi_crossbar_inst.axi_crossbar_wr_inst.m_ifaces[I].a_arb_inst.grant_reg[J]	axi_crossbar_inst.axi_crossbar_wr_inst.m_ifaces[I].w_select_new_reg	0.369800	0.318243
axi_crossbar_inst.axi_crossbar_rd_inst.s_ifaces[I].reg_inst.genblkJ.s_axi_rvalid_reg	axi_crossbar_inst.axi_crossbar_rd_inst.s_ifaces[I].reg_inst.genblkJ.s_axi_rdata_reg[K]	0.370200	0.237371
axi_crossbar_inst.axi_crossbar_rd_inst.s_ifaces[I].decerr_m_axi_rlast_reg	axi_crossbar_inst.axi_crossbar_rd_inst.s_ifaces[I].reg_inst.genblkJ.s_axi_rlast_reg	0.372000	0.274884
axi_crossbar_inst.axi_crossbar_rd_inst.s_ifaces[I].addr_inst.state_reg[J]	axi_crossbar_inst.axi_crossbar_rd_inst.s_ifaces[I].addr_inst.m_axi_avalid_reg	0.372500	0.285853
axi_crossbar_inst.axi_crossbar_rd_inst.s_ifaces[I].addr_inst.trans_count_reg[J]	axi_crossbar_inst.axi_crossbar_rd_inst.s_ifaces[I].addr_inst.state_reg[J]	0.373200	0.306945
axi_crossbar_inst.axi_crossbar_wr_inst.s_ifaces[I].b_arb_inst.grant_valid_reg	axi_crossbar_inst.axi_crossbar_wr_inst.s_ifaces[I].b_arb_inst.grant_valid_reg	0.373300	0.311393
axi_crossbar_inst.axi_crossbar_rd_inst.s_ifaces[I].reg_inst.genblkJ.m_axi_rready_reg	axi_crossbar_inst.axi_crossbar_rd_inst.s_ifaces[I].addr_inst.s_cpl_valid_reg	0.373800	0.199230
axi_crossbar_inst.axi_crossbar_wr_inst.m_ifaces[I].reg_inst.genblkJ.s_axi_wready_reg	axi_crossbar_inst.axi_crossbar_wr_inst.m_ifaces[I].w_select_valid_reg	0.376300	0.306424
axi_crossbar_inst.axi_crossbar_rd_inst.s_ifaces[I].decerr_m_axi_rvalid_reg	axi_crossbar_inst.axi_crossbar_rd_inst.s_ifaces[I].addr_inst.m_rc_valid_reg	0.377600	0.303750
axi_crossbar_inst.axi_crossbar_wr_inst.m_ifaces[I].reg_inst.genblkJ.genblkK.s_axi_awready_reg	axi_crossbar_inst.axi_crossbar_wr_inst.m_ifaces[I].reg_inst.genblkJ.genblkK.s_axi_awready_reg	0.378100	0.278273
axi_crossbar_inst.axi_crossbar_rd_inst.m_ifaces[I].reg_inst.genblkJ.genblkK.s_axi_arready_reg	axi_crossbar_inst.axi_crossbar_rd_inst.m_ifaces[I].reg_inst.genblkJ.genblkK.s_axi_arready_reg	0.378400	0.187427
axi_crossbar_inst.axi_crossbar_rd_inst.s_ifaces[I].addr_inst.trans_count_reg[J]	axi_crossbar_inst.axi_crossbar_rd_inst.s_ifaces[I].addr_inst.m_axi_avalid_reg	0.379900	0.275546
axi_crossbar_inst.axi_crossbar_rd_inst.s_ifaces[I].r_arb_inst.grant_valid_reg	axi_crossbar_inst.axi_crossbar_rd_inst.s_ifaces[I].decerr_m_axi_rvalid_reg	0.380200	0.274848
axi_crossbar_inst.axi_crossbar_rd_inst.m_ifaces[I].trans_count_reg[J]	axi_crossbar_inst.axi_crossbar_rd_inst.m_ifaces[I].trans_count_reg[J]	0.380400	0.370251
axi_crossbar_inst.axi_crossbar_wr_inst.m_ifaces[I].trans_count_reg[J]	axi_crossbar_inst.axi_crossbar_wr_inst.m_ifaces[I].trans_count_reg[J]	0.380500	0.372105
axi_crossbar_inst.axi_crossbar_rd_inst.s_ifaces[I].addr_inst.s_cpl_valid_reg	axi_crossbar_inst.axi_crossbar_rd_inst.s_ifaces[I].addr_inst.m_rc_valid_reg	0.380900	0.337878
axi_crossbar_inst.axi_crossbar_wr_inst.m_ifaces[I].trans_count_reg[J]	axi_crossbar_inst.axi_crossbar_wr_inst.m_ifaces[I].a_arb_inst.grant_valid_reg	0.382100	0.283548
axi_crossbar_inst.axi_crossbar_wr_inst.s_ifaces[I].addr_inst.trans_count_reg[J]	axi_crossbar_inst.axi_crossbar_wr_inst.s_ifaces[I].addr_inst.m_rc_valid_reg	0.383400	0.338121
axi_crossbar_inst.axi_crossbar_rd_inst.s_ifaces[I].addr_inst.m_axi_avalid_reg	axi_crossbar_inst.axi_crossbar_rd_inst.s_ifaces[I].addr_inst.state_reg[J]	0.384700	0.335717
axi_crossbar_inst.axi_crossbar_wr_inst.s_ifaces[I].addr_inst.state_reg[J]	axi_crossbar_inst.axi_crossbar_wr_inst.s_ifaces[I].addr_inst.m_decerr_reg	0.384800	0.340825
axi_crossbar_inst.axi_crossbar_rd_inst.s_ifaces[I].addr_inst.state_reg[J]	axi_crossbar_inst.axi_crossbar_rd_inst.s_ifaces[I].addr_inst.m_decerr_reg	0.384800	0.353089
axi_crossbar_inst.axi_crossbar_wr_inst.m_ifaces[I].reg_inst.genblkJ.genblkK.s_axi_awready_reg	axi_crossbar_inst.axi_crossbar_wr_inst.m_ifaces[I].reg_inst.genblkJ.genblkK.m_axi_awlen_reg[L]	0.385900	0.088325
axi_crossbar_inst.axi_crossbar_rd_inst.s_ifaces[I].addr_inst.state_reg[J]	axi_crossbar_inst.axi_crossbar_rd_inst.s_ifaces[I].addr_inst.state_reg[J]	0.386000	0.355819
axi_crossbar_inst.axi_crossbar_rd_inst.m_ifaces[I].trans_count_reg[J]	axi_crossbar_inst.axi_crossbar_rd_inst.m_ifaces[I].a_arb_inst.grant_valid_reg	0.386100	0.322951
axi_crossbar_inst.axi_crossbar_rd_inst.s_ifaces[I].addr_inst.m_axi_avalid_reg	axi_crossbar_inst.axi_crossbar_rd_inst.s_ifaces[I].addr_inst.m_axi_avalid_reg	0.388700	0.309459
axi_crossbar_inst.axi_crossbar_rd_inst.m_ifaces[I].reg_inst.genblkJ.genblkK.s_axi_arready_reg	axi_crossbar_inst.axi_crossbar_rd_inst.m_ifaces[I].reg_inst.genblkJ.genblkK.m_axi_arid_reg[L]	0.388900	0.150298
axi_crossbar_inst.axi_crossbar_rd_inst.s_ifaces[I].decerr_m_axi_rvalid_reg	axi_crossbar_inst.axi_crossbar_rd_inst.s_ifaces[I].decerr_m_axi_rvalid_reg	0.390200	0.286505
axi_crossbar_inst.axi_crossbar_wr_inst.s_ifaces[I].addr_inst.state_reg[J]	axi_crossbar_inst.axi_crossbar_wr_inst.s_ifaces[I].addr_inst.m_axi_avalid_reg	0.392100	0.367641
axi_crossbar_inst.axi_crossbar_wr_inst.s_ifaces[I].addr_inst.state_reg[J]	axi_crossbar_inst.axi_crossbar_wr_inst.s_ifaces[I].addr_inst.state_reg[J]	0.393800	0.350253
axi_crossbar_inst.axi_crossbar_rd_inst.s_ifaces[I].decerr_m_axi_rid_reg[J]	axi_crossbar_inst.axi_crossbar_rd_inst.s_ifaces[I].reg_inst.genblkJ.s_axi_rid_reg[K]	0.396400	0.370436
axi_crossbar_inst.axi_crossbar_wr_inst.s_ifaces[I].addr_inst.state_reg[J]	axi_crossbar_inst.axi_crossbar_wr_inst.s_ifaces[I].addr_inst.m_rc_valid_reg	0.396400	0.379365
axi_crossbar_inst.axi_crossbar_wr_inst.s_ifaces[I].reg_inst.genblkJ.genblkK.m_axi_bready_reg	axi_crossbar_inst.axi_crossbar_wr_inst.s_ifaces[I].reg_inst.genblkJ.genblkK.s_axi_bid_reg[L]	0.396500	0.303785
axi_crossbar_inst.axi_crossbar_rd_inst.s_ifaces[I].decerr_m_axi_rvalid_reg	axi_crossbar_inst.axi_crossbar_rd_inst.s_ifaces[I].addr_inst.s_axi_aready_reg	0.397000	0.322521
axi_crossbar_inst.axi_crossbar_wr_inst.m_ifaces[I].w_select_new_reg	axi_crossbar_inst.axi_crossbar_wr_inst.m_ifaces[I].w_select_valid_reg	0.397600	0.296467
axi_crossbar_inst.axi_crossbar_wr_inst.s_ifaces[I].addr_inst.trans_count_reg[J]	axi_crossbar_inst.axi_crossbar_wr_inst.s_ifaces[I].addr_inst.m_axi_avalid_reg	0.398100	0.352489
axi_crossbar_inst.axi_crossbar_wr_inst.s_ifaces[I].addr_inst.trans_count_reg[J]	axi_crossbar_inst.axi_crossbar_wr_inst.s_ifaces[I].addr_inst.m_wc_valid_reg	0.400000	0.320067
axi_crossbar_inst.axi_crossbar_wr_inst.s_ifaces[I].reg_inst.genblkJ.genblkK.m_axi_bready_reg	axi_crossbar_inst.axi_crossbar_wr_inst.s_ifaces[I].reg_inst.genblkJ.genblkK.s_axi_bresp_reg[L]	0.400500	0.292059
axi_crossbar_inst.axi_crossbar_wr_inst.m_ifaces[I].reg_inst.genblkJ.s_axi_wready_reg	axi_crossbar_inst.axi_crossbar_wr_inst.m_ifaces[I].reg_inst.genblkJ.temp_m_axi_wlast_reg	0.400500	0.209129
axi_crossbar_inst.axi_crossbar_wr_inst.m_ifaces[I].reg_inst.genblkJ.m_axi_wvalid_reg	axi_crossbar_inst.axi_crossbar_wr_inst.m_ifaces[I].reg_inst.genblkJ.m_axi_wlast_reg	0.400500	0.388667
axi_crossbar_inst.axi_crossbar_wr_inst.m_ifaces[I].reg_inst.genblkJ.genblkK.s_axi_awready_reg	axi_crossbar_inst.axi_crossbar_wr_inst.m_ifaces[I].reg_inst.genblkJ.genblkK.m_axi_awlock_reg	0.401400	0.244420
axi_crossbar_inst.axi_crossbar_rd_inst.m_ifaces[I].reg_inst.genblkJ.genblkK.s_axi_arready_reg	axi_crossbar_inst.axi_crossbar_rd_inst.m_ifaces[I].reg_inst.genblkJ.genblkK.m_axi_arlock_reg	0.402100	0.137713
axi_crossbar_inst.axi_crossbar_wr_inst.s_ifaces[I].addr_inst.m_axi_avalid_reg	axi_crossbar_inst.axi_crossbar_wr_inst.s_ifaces[I].addr_inst.m_axi_avalid_reg	0.402300	0.320478
axi_crossbar_inst.axi_crossbar_wr_inst.m_ifaces[I].a_arb_inst.grant_valid_reg	axi_crossbar_inst.axi_crossbar_wr_inst.m_ifaces[I].reg_inst.genblkJ.genblkK.m_axi_awvalid_reg	0.402800	0.334602
axi_crossbar_inst.axi_crossbar_wr_inst.s_ifaces[I].addr_inst.state_reg[J]	axi_crossbar_inst.axi_crossbar_wr_inst.s_ifaces[I].addr_inst.s_axi_aid_reg[J]	0.404200	0.348577
axi_crossbar_inst.axi_crossbar_rd_inst.s_ifaces[I].addr_inst.state_reg[J]	axi_crossbar_inst.axi_crossbar_rd_inst.s_ifaces[I].addr_inst.s_axi_aid_reg[J]	0.404300	0.367133
axi_crossbar_inst.axi_crossbar_rd_inst.s_ifaces[I].addr_inst.s_axi_aready_reg	axi_crossbar_inst.axi_crossbar_rd_inst.s_ifaces[I].addr_inst.thread_m_reg[J][K]	0.405200	0.373385
axi_crossbar_inst.axi_crossbar_wr_inst.s_ifaces[I].addr_inst.s_axi_aready_reg	axi_crossbar_inst.axi_crossbar_wr_inst.s_ifaces[I].addr_inst.thread_m_reg[J][K]	0.405200	0.362729
axi_crossbar_inst.axi_crossbar_rd_inst.s_ifaces[I].reg_inst.genblkJ.s_axi_rvalid_reg	axi_crossbar_inst.axi_crossbar_rd_inst.s_ifaces[I].reg_inst.genblkJ.temp_s_axi_rvalid_reg	0.406500	0.293405
axi_crossbar_inst.axi_crossbar_wr_inst.s_ifaces[I].addr_inst.m_select_reg[J]	axi_crossbar_inst.axi_crossbar_wr_inst.s_ifaces[I].addr_inst.m_select_reg[J]	0.407200	0.386301
axi_crossbar_inst.axi_crossbar_wr_inst.m_ifaces[I].a_arb_inst.grant_valid_reg	axi_crossbar_inst.axi_crossbar_wr_inst.m_ifaces[I].w_select_reg[J]	0.407300	0.400701
axi_crossbar_inst.axi_crossbar_rd_inst.s_ifaces[I].addr_inst.m_select_reg[J]	axi_crossbar_inst.axi_crossbar_rd_inst.s_ifaces[I].addr_inst.m_select_reg[J]	0.408000	0.426256
axi_crossbar_inst.axi_crossbar_wr_inst.s_ifaces[I].w_select_valid_reg	axi_crossbar_inst.axi_crossbar_wr_inst.s_ifaces[I].addr_inst.state_reg[J]	0.412000	0.361575
axi_crossbar_inst.axi_crossbar_rd_inst.s_ifaces[I].addr_inst.m_axi_avalid_reg	axi_crossbar_inst.axi_crossbar_rd_inst.s_ifaces[I].addr_inst.s_axi_aready_reg	0.413900	0.366131
axi_crossbar_inst.axi_crossbar_wr_inst.s_ifaces[I].addr_inst.m_select_reg[J]	axi_crossbar_inst.axi_crossbar_wr_inst.s_ifaces[I].w_select_reg[J]	0.414100	0.310002
axi_crossbar_inst.axi_crossbar_rd_inst.s_ifaces[I].decerr_m_axi_rlast_reg	axi_crossbar_inst.axi_crossbar_rd_inst.s_ifaces[I].reg_inst.genblkJ.temp_s_axi_rlast_reg	0.414400	0.323531
axi_crossbar_inst.axi_crossbar_wr_inst.m_ifaces[I].a_arb_inst.grant_valid_reg	axi_crossbar_inst.axi_crossbar_wr_inst.m_ifaces[I].w_select_new_reg	0.415600	0.352251
axi_crossbar_inst.axi_crossbar_wr_inst.m_ifaces[I].reg_inst.genblkJ.m_axi_wvalid_reg	axi_crossbar_inst.axi_crossbar_wr_inst.m_ifaces[I].reg_inst.genblkJ.m_axi_wvalid_reg	0.416300	0.385801
axi_crossbar_inst.axi_crossbar_rd_inst.s_ifaces[I].addr_inst.state_reg[J]	axi_crossbar_inst.axi_crossbar_rd_inst.s_ifaces[I].addr_inst.m_select_reg[J]	0.416600	0.361103
axi_crossbar_inst.axi_crossbar_wr_inst.s_ifaces[I].addr_inst.state_reg[J]	axi_crossbar_inst.axi_crossbar_wr_inst.s_ifaces[I].addr_inst.m_select_reg[J]	0.416600	0.373808
axi_crossbar_inst.axi_crossbar_wr_inst.m_ifaces[I].a_arb_inst.grant_valid_reg	axi_crossbar_inst.axi_crossbar_wr_inst.m_ifaces[I].reg_inst.genblkJ.genblkK.s_axi_awready_reg	0.417400	0.351343
axi_crossbar_inst.axi_crossbar_rd_inst.s_ifaces[I].addr_inst.s_cpl_valid_reg	axi_crossbar_inst.axi_crossbar_rd_inst.s_ifaces[I].addr_inst.state_reg[J]	0.418000	0.374786
axi_crossbar_inst.axi_crossbar_wr_inst.s_ifaces[I].w_select_valid_reg	axi_crossbar_inst.axi_crossbar_wr_inst.s_ifaces[I].addr_inst.s_axi_aready_reg	0.420100	0.369363
axi_crossbar_inst.axi_crossbar_wr_inst.m_ifaces[I].w_select_valid_reg	axi_crossbar_inst.axi_crossbar_wr_inst.m_ifaces[I].reg_inst.genblkJ.s_axi_wready_reg	0.421800	0.327184
axi_crossbar_inst.axi_crossbar_rd_inst.s_ifaces[I].decerr_m_axi_rlast_reg	axi_crossbar_inst.axi_crossbar_rd_inst.s_ifaces[I].addr_inst.s_cpl_valid_reg	0.421900	0.329713
axi_crossbar_inst.axi_crossbar_rd_inst.s_ifaces[I].addr_inst.s_cpl_valid_reg	axi_crossbar_inst.axi_crossbar_rd_inst.s_ifaces[I].addr_inst.m_axi_avalid_reg	0.423300	0.330830
axi_crossbar_inst.axi_crossbar_wr_inst.m_ifaces[I].w_select_valid_reg	axi_crossbar_inst.axi_crossbar_wr_inst.m_ifaces[I].w_select_valid_reg	0.425600	0.323507
axi_crossbar_inst.axi_crossbar_rd_inst.s_ifaces[I].r_arb_inst.grant_valid_reg	axi_crossbar_inst.axi_crossbar_rd_inst.s_ifaces[I].reg_inst.genblkJ.temp_s_axi_rvalid_reg	0.426300	0.367638
axi_crossbar_inst.axi_crossbar_wr_inst.s_ifaces[I].reg_inst.genblkJ.genblkK.m_axi_bready_reg	axi_crossbar_inst.axi_crossbar_wr_inst.s_ifaces[I].reg_inst.genblkJ.genblkK.s_axi_bvalid_reg	0.427200	0.319983
axi_crossbar_inst.axi_crossbar_rd_inst.s_ifaces[I].decerr_m_axi_rid_reg[J]	axi_crossbar_inst.axi_crossbar_rd_inst.s_ifaces[I].reg_inst.genblkJ.temp_s_axi_rid_reg[K]	0.427300	0.379905
axi_crossbar_inst.axi_crossbar_wr_inst.s_ifaces[I].addr_inst.s_axi_aready_reg	axi_crossbar_inst.axi_crossbar_wr_inst.s_ifaces[I].addr_inst.m_decerr_reg	0.429700	0.387224
axi_crossbar_inst.axi_crossbar_rd_inst.s_ifaces[I].addr_inst.s_axi_aready_reg	axi_crossbar_inst.axi_crossbar_rd_inst.s_ifaces[I].addr_inst.m_decerr_reg	0.429800	0.406033
axi_crossbar_inst.axi_crossbar_wr_inst.s_ifaces[I].reg_inst.genblkJ.genblkK.m_axi_bready_reg	axi_crossbar_inst.axi_crossbar_wr_inst.s_ifaces[I].decerr_m_axi_bvalid_reg	0.430700	0.376560
axi_crossbar_inst.axi_crossbar_wr_inst.s_ifaces[I].decerr_m_axi_bid_reg[J]	axi_crossbar_inst.axi_crossbar_wr_inst.s_ifaces[I].reg_inst.genblkJ.genblkK.s_axi_bid_reg[L]	0.431800	0.329832
axi_crossbar_inst.axi_crossbar_wr_inst.s_ifaces[I].addr_inst.s_cpl_valid_reg	axi_crossbar_inst.axi_crossbar_wr_inst.s_ifaces[I].addr_inst.state_reg[J]	0.432800	0.379473
axi_crossbar_inst.axi_crossbar_rd_inst.m_ifaces[I].a_arb_inst.grant_valid_reg	axi_crossbar_inst.axi_crossbar_rd_inst.m_ifaces[I].reg_inst.genblkJ.genblkK.s_axi_arready_reg	0.433600	0.355576
axi_crossbar_inst.axi_crossbar_wr_inst.s_ifaces[I].addr_inst.state_reg[J]	axi_crossbar_inst.axi_crossbar_wr_inst.s_ifaces[I].addr_inst.m_wc_valid_reg	0.434800	0.381121
axi_crossbar_inst.axi_crossbar_rd_inst.s_ifaces[I].addr_inst.m_rc_valid_reg	axi_crossbar_inst.axi_crossbar_rd_inst.s_ifaces[I].decerr_m_axi_rvalid_reg	0.434900	0.385618
axi_crossbar_inst.axi_crossbar_wr_inst.m_ifaces[I].reg_inst.genblkJ.m_axi_wvalid_reg	axi_crossbar_inst.axi_crossbar_wr_inst.m_ifaces[I].reg_inst.genblkJ.temp_m_axi_wlast_reg	0.436200	0.384063
axi_crossbar_inst.axi_crossbar_rd_inst.s_ifaces[I].addr_inst.m_rc_valid_reg	axi_crossbar_inst.axi_crossbar_rd_inst.s_ifaces[I].decerr_m_axi_rid_reg[J]	0.436800	0.395661
axi_crossbar_inst.axi_crossbar_wr_inst.s_ifaces[I].addr_inst.m_rc_valid_reg	axi_crossbar_inst.axi_crossbar_wr_inst.s_ifaces[I].decerr_m_axi_bid_reg[J]	0.436900	0.384010
axi_crossbar_inst.axi_crossbar_wr_inst.s_ifaces[I].addr_inst.s_cpl_valid_reg	axi_crossbar_inst.axi_crossbar_wr_inst.s_ifaces[I].addr_inst.m_axi_avalid_reg	0.437400	0.386207
axi_crossbar_inst.axi_crossbar_wr_inst.m_ifaces[I].reg_inst.genblkJ.m_axi_wvalid_reg	axi_crossbar_inst.axi_crossbar_wr_inst.m_ifaces[I].reg_inst.genblkJ.temp_m_axi_wvalid_reg	0.437600	0.333729
axi_crossbar_inst.axi_crossbar_wr_inst.s_ifaces[I].addr_inst.m_rc_valid_reg	axi_crossbar_inst.axi_crossbar_wr_inst.s_ifaces[I].addr_inst.state_reg[J]	0.438000	0.418647
axi_crossbar_inst.axi_crossbar_rd_inst.m_ifaces[I].a_arb_inst.grant_valid_reg	axi_crossbar_inst.axi_crossbar_rd_inst.m_ifaces[I].reg_inst.genblkJ.genblkK.m_axi_arvalid_reg	0.438600	0.369254
axi_crossbar_inst.axi_crossbar_wr_inst.s_ifaces[I].decerr_m_axi_bvalid_reg	axi_crossbar_inst.axi_crossbar_wr_inst.s_ifaces[I].addr_inst.state_reg[J]	0.438700	0.352537
axi_crossbar_inst.axi_crossbar_wr_inst.s_ifaces[I].addr_inst.m_rc_valid_reg	axi_crossbar_inst.axi_crossbar_wr_inst.s_ifaces[I].decerr_m_axi_bvalid_reg	0.438900	0.355922
axi_crossbar_inst.axi_crossbar_wr_inst.s_ifaces[I].decerr_m_axi_bvalid_reg	axi_crossbar_inst.axi_crossbar_wr_inst.s_ifaces[I].decerr_m_axi_bvalid_reg	0.438900	0.366210
axi_crossbar_inst.axi_crossbar_wr_inst.s_ifaces[I].w_drop_reg	axi_crossbar_inst.axi_crossbar_wr_inst.s_ifaces[I].w_drop_reg	0.440100	0.374447
axi_crossbar_inst.axi_crossbar_wr_inst.s_ifaces[I].w_select_reg[J]	axi_crossbar_inst.axi_crossbar_wr_inst.s_ifaces[I].w_select_reg[J]	0.440800	0.436619
axi_crossbar_inst.axi_crossbar_wr_inst.m_ifaces[I].reg_inst.genblkJ.genblkK.s_axi_awready_reg	axi_crossbar_inst.axi_crossbar_wr_inst.m_ifaces[I].w_select_new_reg	0.441200	0.308928
axi_crossbar_inst.axi_crossbar_wr_inst.s_ifaces[I].reg_inst.genblkJ.genblkK.m_axi_bready_reg	axi_crossbar_inst.axi_crossbar_wr_inst.s_ifaces[I].reg_inst.genblkJ.genblkK.m_axi_bready_reg	0.441900	0.315435
axi_crossbar_inst.axi_crossbar_wr_inst.s_ifaces[I].addr_inst.m_decerr_reg	axi_crossbar_inst.axi_crossbar_wr_inst.s_ifaces[I].addr_inst.state_reg[J]	0.442700	0.418968
axi_crossbar_inst.axi_crossbar_wr_inst.m_ifaces[I].w_select_new_reg	axi_crossbar_inst.axi_crossbar_wr_inst.m_ifaces[I].w_select_reg[J]	0.443200	0.413400
axi_crossbar_inst.axi_crossbar_wr_inst.s_ifaces[I].addr_inst.s_axi_aready_reg	axi_crossbar_inst.axi_crossbar_wr_inst.s_ifaces[I].addr_inst.state_reg[J]	0.444000	0.391532
axi_crossbar_inst.axi_crossbar_wr_inst.s_ifaces[I].addr_inst.s_axi_aready_reg	axi_crossbar_inst.axi_crossbar_wr_inst.s_ifaces[I].addr_inst.s_axi_aid_reg[J]	0.444900	0.389856
axi_crossbar_inst.axi_crossbar_rd_inst.s_ifaces[I].addr_inst.s_axi_aready_reg	axi_crossbar_inst.axi_crossbar_rd_inst.s_ifaces[I].addr_inst.s_axi_aid_reg[J]	0.445000	0.411902
axi_crossbar_inst.axi_crossbar_wr_inst.m_ifaces[I].w_select_new_reg	axi_crossbar_inst.axi_crossbar_wr_inst.m_ifaces[I].w_select_new_reg	0.445400	0.373931
axi_crossbar_inst.axi_crossbar_rd_inst.s_ifaces[I].addr_inst.m_decerr_reg	axi_crossbar_inst.axi_crossbar_rd_inst.s_ifaces[I].addr_inst.m_rc_valid_reg	0.445900	0.384820
axi_crossbar_inst.axi_crossbar_wr_inst.s_ifaces[I].addr_inst.m_rc_valid_reg	axi_crossbar_inst.axi_crossbar_wr_inst.s_ifaces[I].addr_inst.s_axi_aready_reg	0.447000	0.428629
axi_crossbar_inst.axi_crossbar_wr_inst.s_ifaces[I].addr_inst.m_wc_valid_reg	axi_crossbar_inst.axi_crossbar_wr_inst.s_ifaces[I].addr_inst.state_reg[J]	0.447500	0.415154
axi_crossbar_inst.axi_crossbar_wr_inst.s_ifaces[I].decerr_m_axi_bvalid_reg	axi_crossbar_inst.axi_crossbar_wr_inst.s_ifaces[I].addr_inst.s_axi_aready_reg	0.447700	0.382005
axi_crossbar_inst.axi_crossbar_wr_inst.s_ifaces[I].b_arb_inst.grant_valid_reg	axi_crossbar_inst.axi_crossbar_wr_inst.s_ifaces[I].decerr_m_axi_bvalid_reg	0.450100	0.384741
axi_crossbar_inst.axi_crossbar_wr_inst.s_ifaces[I].addr_inst.s_cpl_valid_reg	axi_crossbar_inst.axi_crossbar_wr_inst.s_ifaces[I].addr_inst.m_rc_valid_reg	0.450600	0.403627
axi_crossbar_inst.axi_crossbar_rd_inst.s_ifaces[I].addr_inst.m_rc_valid_reg	axi_crossbar_inst.axi_crossbar_rd_inst.s_ifaces[I].addr_inst.state_reg[J]	0.451900	0.446381
axi_crossbar_inst.axi_crossbar_rd_inst.s_ifaces[I].reg_inst.genblkJ.s_axi_rvalid_reg	axi_crossbar_inst.axi_crossbar_rd_inst.s_ifaces[I].reg_inst.genblkJ.s_axi_rvalid_reg	0.452000	0.364700
axi_crossbar_inst.axi_crossbar_wr_inst.s_ifaces[I].b_arb_inst.grant_valid_reg	axi_crossbar_inst.axi_crossbar_wr_inst.s_ifaces[I].reg_inst.genblkJ.genblkK.s_axi_bvalid_reg	0.454600	0.340290
axi_crossbar_inst.axi_crossbar_rd_inst.m_ifaces[I].reg_inst.genblkJ.genblkK.m_axi_arvalid_reg	axi_crossbar_inst.axi_crossbar_rd_inst.m_ifaces[I].reg_inst.genblkJ.genblkK.s_axi_arready_reg	0.454800	0.376964
axi_crossbar_inst.axi_crossbar_wr_inst.m_ifaces[I].reg_inst.genblkJ.genblkK.m_axi_awvalid_reg	axi_crossbar_inst.axi_crossbar_wr_inst.m_ifaces[I].reg_inst.genblkJ.genblkK.s_axi_awready_reg	0.454800	0.420884
axi_crossbar_inst.axi_crossbar_wr_inst.s_ifaces[I].reg_inst.genblkJ.genblkK.m_axi_bready_reg	axi_crossbar_inst.axi_crossbar_wr_inst.s_ifaces[I].addr_inst.s_cpl_valid_reg	0.455400	0.291789
axi_crossbar_inst.axi_crossbar_wr_inst.s_ifaces[I].addr_inst.m_wc_valid_reg	axi_crossbar_inst.axi_crossbar_wr_inst.s_ifaces[I].addr_inst.s_axi_aready_reg	0.456500	0.422470
axi_crossbar_inst.axi_crossbar_rd_inst.s_ifaces[I].r_arb_inst.grant_valid_reg	axi_crossbar_inst.axi_crossbar_rd_inst.s_ifaces[I].reg_inst.genblkJ.m_axi_rready_reg	0.460100	0.419117
axi_crossbar_inst.axi_crossbar_rd_inst.s_ifaces[I].addr_inst.s_axi_aready_reg	axi_crossbar_inst.axi_crossbar_rd_inst.s_ifaces[I].addr_inst.state_reg[J]	0.461300	0.429369
axi_crossbar_inst.axi_crossbar_rd_inst.s_ifaces[I].addr_inst.s_axi_aready_reg	axi_crossbar_inst.axi_crossbar_rd_inst.s_ifaces[I].addr_inst.m_select_reg[J]	0.461600	0.410630
axi_crossbar_inst.axi_crossbar_wr_inst.s_ifaces[I].addr_inst.s_axi_aready_reg	axi_crossbar_inst.axi_crossbar_wr_inst.s_ifaces[I].addr_inst.m_select_reg[J]	0.461600	0.420207
axi_crossbar_inst.axi_crossbar_rd_inst.s_ifaces[I].r_arb_inst.grant_valid_reg	axi_crossbar_inst.axi_crossbar_rd_inst.s_ifaces[I].reg_inst.genblkJ.s_axi_rvalid_reg	0.463200	0.372274
axi_crossbar_inst.axi_crossbar_rd_inst.s_ifaces[I].addr_inst.m_decerr_reg	axi_crossbar_inst.axi_crossbar_rd_inst.s_ifaces[I].addr_inst.state_reg[J]	0.463500	0.460281
axi_crossbar_inst.axi_crossbar_wr_inst.s_ifaces[I].addr_inst.m_decerr_reg	axi_crossbar_inst.axi_crossbar_wr_inst.s_ifaces[I].addr_inst.m_wc_valid_reg	0.464700	0.452026
axi_crossbar_inst.axi_crossbar_rd_inst.m_ifaces[I].reg_inst.genblkJ.genblkK.m_axi_arvalid_reg	axi_crossbar_inst.axi_crossbar_rd_inst.m_ifaces[I].reg_inst.genblkJ.genblkK.m_axi_arvalid_reg	0.465400	0.378354
axi_crossbar_inst.axi_crossbar_wr_inst.m_ifaces[I].reg_inst.genblkJ.genblkK.m_axi_awvalid_reg	axi_crossbar_inst.axi_crossbar_wr_inst.m_ifaces[I].reg_inst.genblkJ.genblkK.m_axi_awvalid_reg	0.465400	0.404767
axi_crossbar_inst.axi_crossbar_wr_inst.m_ifaces[I].reg_inst.genblkJ.m_axi_wvalid_reg	axi_crossbar_inst.axi_crossbar_wr_inst.m_ifaces[I].reg_inst.genblkJ.s_axi_wready_reg	0.466200	0.454379
axi_crossbar_inst.axi_crossbar_wr_inst.m_ifaces[I].reg_inst.genblkJ.temp_m_axi_wvalid_reg	axi_crossbar_inst.axi_crossbar_wr_inst.m_ifaces[I].reg_inst.genblkJ.m_axi_wvalid_reg	0.466500	0.458697
axi_crossbar_inst.axi_crossbar_rd_inst.s_ifaces[I].r_arb_inst.grant_valid_reg	axi_crossbar_inst.axi_crossbar_rd_inst.s_ifaces[I].addr_inst.s_cpl_valid_reg	0.467000	0.353947
axi_crossbar_inst.axi_crossbar_wr_inst.s_ifaces[I].addr_inst.m_decerr_reg	axi_crossbar_inst.axi_crossbar_wr_inst.s_ifaces[I].addr_inst.m_axi_avalid_reg	0.467500	0.458889
axi_crossbar_inst.axi_crossbar_wr_inst.s_ifaces[I].b_arb_inst.grant_valid_reg	axi_crossbar_inst.axi_crossbar_wr_inst.s_ifaces[I].reg_inst.genblkJ.genblkK.m_axi_bready_reg	0.469300	0.345918
axi_crossbar_inst.axi_crossbar_wr_inst.m_ifaces[I].w_select_valid_reg	axi_crossbar_inst.axi_crossbar_wr_inst.m_ifaces[I].w_select_reg[J]	0.470100	0.434350
axi_crossbar_inst.axi_crossbar_rd_inst.s_ifaces[I].addr_inst.m_decerr_reg	axi_crossbar_inst.axi_crossbar_rd_inst.s_ifaces[I].addr_inst.m_axi_avalid_reg	0.471300	0.402102
axi_crossbar_inst.axi_crossbar_rd_inst.s_ifaces[I].decerr_m_axi_rvalid_reg	axi_crossbar_inst.axi_crossbar_rd_inst.s_ifaces[I].decerr_m_axi_rid_reg[J]	0.471300	0.432545
axi_crossbar_inst.axi_crossbar_wr_inst.m_ifaces[I].w_select_valid_reg	axi_crossbar_inst.axi_crossbar_wr_inst.m_ifaces[I].w_select_new_reg	0.472200	0.401622
axi_crossbar_inst.axi_crossbar_rd_inst.s_ifaces[I].addr_inst.m_rc_valid_reg	axi_crossbar_inst.axi_crossbar_rd_inst.s_ifaces[I].addr_inst.s_axi_aready_reg	0.473500	0.467224
axi_crossbar_inst.axi_crossbar_wr_inst.s_ifaces[I].addr_inst.s_cpl_valid_reg	axi_crossbar_inst.axi_crossbar_wr_inst.s_ifaces[I].addr_inst.m_wc_valid_reg	0.473900	0.379039
axi_crossbar_inst.axi_crossbar_rd_inst.s_ifaces[I].addr_inst.m_rc_valid_reg	axi_crossbar_inst.axi_crossbar_rd_inst.s_ifaces[I].addr_inst.m_rc_valid_reg	0.474000	0.449069
axi_crossbar_inst.axi_crossbar_rd_inst.s_ifaces[I].reg_inst.genblkJ.s_axi_rvalid_reg	axi_crossbar_inst.axi_crossbar_rd_inst.s_ifaces[I].reg_inst.genblkJ.m_axi_rready_reg	0.474600	0.398843
axi_crossbar_inst.axi_crossbar_wr_inst.s_ifaces[I].reg_inst.genblkJ.genblkK.s_axi_bvalid_reg	axi_crossbar_inst.axi_crossbar_wr_inst.s_ifaces[I].reg_inst.genblkJ.genblkK.s_axi_bvalid_reg	0.476000	0.457726
axi_crossbar_inst.axi_crossbar_wr_inst.s_ifaces[I].addr_inst.m_wc_valid_reg	axi_crossbar_inst.axi_crossbar_wr_inst.s_ifaces[I].w_select_reg[J]	0.477200	0.413797
axi_crossbar_inst.axi_crossbar_wr_inst.s_ifaces[I].addr_inst.m_decerr_reg	axi_crossbar_inst.axi_crossbar_wr_inst.s_ifaces[I].addr_inst.m_decerr_reg	0.477300	0.476373
axi_crossbar_inst.axi_crossbar_wr_inst.s_ifaces[I].w_drop_reg	axi_crossbar_inst.axi_crossbar_wr_inst.s_ifaces[I].w_select_valid_reg	0.477500	0.404920
axi_crossbar_inst.axi_crossbar_wr_inst.m_ifaces[I].reg_inst.genblkJ.temp_m_axi_wvalid_reg	axi_crossbar_inst.axi_crossbar_wr_inst.m_ifaces[I].reg_inst.genblkJ.temp_m_axi_wvalid_reg	0.479500	0.472105
axi_crossbar_inst.axi_crossbar_rd_inst.s_ifaces[I].reg_inst.genblkJ.temp_s_axi_rdata_reg[K]	axi_crossbar_inst.axi_crossbar_rd_inst.s_ifaces[I].reg_inst.genblkJ.s_axi_rdata_reg[K]	0.479800	0.438791
axi_crossbar_inst.axi_crossbar_wr_inst.s_ifaces[I].decerr_m_axi_bvalid_reg	axi_crossbar_inst.axi_crossbar_wr_inst.s_ifaces[I].decerr_m_axi_bid_reg[J]	0.479900	0.449751
axi_crossbar_inst.axi_crossbar_wr_inst.m_ifaces[I].reg_inst.genblkJ.temp_m_axi_wdata_reg[K]	axi_crossbar_inst.axi_crossbar_wr_inst.m_ifaces[I].reg_inst.genblkJ.m_axi_wdata_reg[K]	0.480600	0.420479
axi_crossbar_inst.axi_crossbar_wr_inst.m_ifaces[I].reg_inst.genblkJ.temp_m_axi_wstrb_reg[K]	axi_crossbar_inst.axi_crossbar_wr_inst.m_ifaces[I].reg_inst.genblkJ.m_axi_wstrb_reg[K]	0.480700	0.433806
axi_crossbar_inst.axi_crossbar_rd_inst.s_ifaces[I].addr_inst.state_reg[J]	axi_crossbar_inst.axi_crossbar_rd_inst.s_ifaces[I].addr_inst.s_axi_aready_reg	0.480800	0.465614
axi_crossbar_inst.axi_crossbar_wr_inst.s_ifaces[I].addr_inst.m_wc_valid_reg	axi_crossbar_inst.axi_crossbar_wr_inst.s_ifaces[I].w_drop_reg	0.480800	0.419965
axi_crossbar_inst.axi_crossbar_wr_inst.m_ifaces[I].reg_inst.genblkJ.temp_m_axi_wlast_reg	axi_crossbar_inst.axi_crossbar_wr_inst.m_ifaces[I].reg_inst.genblkJ.m_axi_wlast_reg	0.480800	0.435770
axi_crossbar_inst.axi_crossbar_wr_inst.s_ifaces[I].addr_inst.m_decerr_reg	axi_crossbar_inst.axi_crossbar_wr_inst.s_ifaces[I].addr_inst.m_rc_valid_reg	0.481900	0.472436
axi_crossbar_inst.axi_crossbar_wr_inst.s_ifaces[I].b_arb_inst.grant_valid_reg	axi_crossbar_inst.axi_crossbar_wr_inst.s_ifaces[I].addr_inst.s_cpl_valid_reg	0.482800	0.312097
axi_crossbar_inst.axi_crossbar_rd_inst.s_ifaces[I].decerr_m_axi_rid_reg[J]	axi_crossbar_inst.axi_crossbar_rd_inst.s_ifaces[I].addr_inst.s_cpl_id_reg[J]	0.482800	0.423835
axi_crossbar_inst.axi_crossbar_wr_inst.s_ifaces[I].addr_inst.m_decerr_reg	axi_crossbar_inst.axi_crossbar_wr_inst.s_ifaces[I].w_drop_reg	0.483200	0.441043
axi_crossbar_inst.axi_crossbar_wr_inst.s_ifaces[I].decerr_m_axi_bvalid_reg	axi_crossbar_inst.axi_crossbar_wr_inst.s_ifaces[I].addr_inst.m_rc_valid_reg	0.484500	0.402496
axi_crossbar_inst.axi_crossbar_rd_inst.s_ifaces[I].reg_inst.genblkJ.temp_s_axi_rid_reg[K]	axi_crossbar_inst.axi_crossbar_rd_inst.s_ifaces[I].reg_inst.genblkJ.s_axi_rid_reg[K]	0.484700	0.383651
axi_crossbar_inst.axi_crossbar_rd_inst.s_ifaces[I].reg_inst.genblkJ.temp_s_axi_rlast_reg	axi_crossbar_inst.axi_crossbar_rd_inst.s_ifaces[I].reg_inst.genblkJ.s_axi_rlast_reg	0.484700	0.455049
axi_crossbar_inst.axi_crossbar_rd_inst.s_ifaces[I].reg_inst.genblkJ.temp_s_axi_rresp_reg[K]	axi_crossbar_inst.axi_crossbar_rd_inst.s_ifaces[I].reg_inst.genblkJ.s_axi_rresp_reg[K]	0.484700	0.435484
axi_crossbar_inst.axi_crossbar_rd_inst.s_ifaces[I].addr_inst.m_decerr_reg	axi_crossbar_inst.axi_crossbar_rd_inst.s_ifaces[I].addr_inst.m_decerr_reg	0.486900	0.502289
axi_crossbar_inst.axi_crossbar_wr_inst.s_ifaces[I].decerr_m_axi_bid_reg[J]	axi_crossbar_inst.axi_crossbar_wr_inst.s_ifaces[I].addr_inst.s_cpl_id_reg[J]	0.488300	0.364980
axi_crossbar_inst.axi_crossbar_rd_inst.s_ifaces[I].addr_inst.s_axi_aid_reg[J]	axi_crossbar_inst.axi_crossbar_rd_inst.s_ifaces[I].addr_inst.s_axi_aid_reg[J]	0.488400	0.435691
axi_crossbar_inst.axi_crossbar_wr_inst.s_ifaces[I].addr_inst.s_axi_aid_reg[J]	axi_crossbar_inst.axi_crossbar_wr_inst.s_ifaces[I].addr_inst.s_axi_aid_reg[J]	0.488400	0.450955
axi_crossbar_inst.axi_crossbar_wr_inst.s_ifaces[I].addr_inst.state_reg[J]	axi_crossbar_inst.axi_crossbar_wr_inst.s_ifaces[I].addr_inst.s_axi_aready_reg	0.492500	0.474925
axi_crossbar_inst.axi_crossbar_wr_inst.s_ifaces[I].reg_inst.genblkJ.genblkK.s_axi_bvalid_reg	axi_crossbar_inst.axi_crossbar_wr_inst.s_ifaces[I].reg_inst.genblkJ.genblkK.m_axi_bready_reg	0.493500	0.440067
axi_crossbar_inst.axi_crossbar_wr_inst.s_ifaces[I].addr_inst.m_rc_valid_reg	axi_crossbar_inst.axi_crossbar_wr_inst.s_ifaces[I].addr_inst.m_rc_valid_reg	0.494300	0.466766
axi_crossbar_inst.axi_crossbar_wr_inst.s_ifaces[I].w_select_valid_reg	axi_crossbar_inst.axi_crossbar_wr_inst.s_ifaces[I].w_select_reg[J]	0.495400	0.481974
axi_crossbar_inst.axi_crossbar_wr_inst.s_ifaces[I].w_select_valid_reg	axi_crossbar_inst.axi_crossbar_wr_inst.s_ifaces[I].w_select_valid_reg	0.496600	0.411676
axi_crossbar_inst.axi_crossbar_wr_inst.s_ifaces[I].w_select_valid_reg	axi_crossbar_inst.axi_crossbar_wr_inst.s_ifaces[I].w_drop_reg	0.499000	0.491668
axi_crossbar_inst.axi_crossbar_wr_inst.s_ifaces[I].w_select_valid_reg	axi_crossbar_inst.axi_crossbar_wr_inst.s_ifaces[I].addr_inst.m_wc_valid_reg	0.504200	0.418091
axi_crossbar_inst.axi_crossbar_wr_inst.s_ifaces[I].addr_inst.m_wc_valid_reg	axi_crossbar_inst.axi_crossbar_wr_inst.s_ifaces[I].w_select_valid_reg	0.511000	0.439101
axi_crossbar_inst.axi_crossbar_rd_inst.s_ifaces[I].reg_inst.genblkJ.temp_s_axi_rvalid_reg	axi_crossbar_inst.axi_crossbar_rd_inst.s_ifaces[I].reg_inst.genblkJ.temp_s_axi_rvalid_reg	0.514900	0.506832
axi_crossbar_inst.axi_crossbar_rd_inst.s_ifaces[I].decerr_m_axi_rlast_reg	axi_crossbar_inst.axi_crossbar_rd_inst.s_ifaces[I].decerr_m_axi_rlast_reg	0.518100	0.432567
axi_crossbar_inst.axi_crossbar_wr_inst.m_ifaces[I].reg_inst.genblkJ.temp_m_axi_wdata_reg[K]	axi_crossbar_inst.axi_crossbar_wr_inst.m_ifaces[I].reg_inst.genblkJ.temp_m_axi_wdata_reg[K]	0.521100	0.516989
axi_crossbar_inst.axi_crossbar_wr_inst.m_ifaces[I].reg_inst.genblkJ.temp_m_axi_wlast_reg	axi_crossbar_inst.axi_crossbar_wr_inst.m_ifaces[I].reg_inst.genblkJ.temp_m_axi_wlast_reg	0.521100	0.518423
axi_crossbar_inst.axi_crossbar_wr_inst.m_ifaces[I].reg_inst.genblkJ.temp_m_axi_wstrb_reg[K]	axi_crossbar_inst.axi_crossbar_wr_inst.m_ifaces[I].reg_inst.genblkJ.temp_m_axi_wstrb_reg[K]	0.521100	0.517914
axi_crossbar_inst.axi_crossbar_wr_inst.s_ifaces[I].decerr_m_axi_bid_reg[J]	axi_crossbar_inst.axi_crossbar_wr_inst.s_ifaces[I].decerr_m_axi_bid_reg[J]	0.521200	0.516328
axi_crossbar_inst.axi_crossbar_rd_inst.s_ifaces[I].decerr_m_axi_rid_reg[J]	axi_crossbar_inst.axi_crossbar_rd_inst.s_ifaces[I].decerr_m_axi_rid_reg[J]	0.521200	0.513072
axi_crossbar_inst.axi_crossbar_rd_inst.s_ifaces[I].reg_inst.genblkJ.temp_s_axi_rid_reg[K]	axi_crossbar_inst.axi_crossbar_rd_inst.s_ifaces[I].reg_inst.genblkJ.temp_s_axi_rid_reg[K]	0.521400	0.517114
axi_crossbar_inst.axi_crossbar_rd_inst.s_ifaces[I].reg_inst.genblkJ.temp_s_axi_rdata_reg[K]	axi_crossbar_inst.axi_crossbar_rd_inst.s_ifaces[I].reg_inst.genblkJ.temp_s_axi_rdata_reg[K]	0.521400	0.517502
axi_crossbar_inst.axi_crossbar_rd_inst.s_ifaces[I].reg_inst.genblkJ.temp_s_axi_rresp_reg[K]	axi_crossbar_inst.axi_crossbar_rd_inst.s_ifaces[I].reg_inst.genblkJ.temp_s_axi_rresp_reg[K]	0.521500	0.517710
axi_crossbar_inst.axi_crossbar_rd_inst.m_ifaces[I].reg_inst.genblkJ.genblkK.m_axi_araddr_reg[L]	axi_crossbar_inst.axi_crossbar_rd_inst.m_ifaces[I].reg_inst.genblkJ.genblkK.m_axi_araddr_reg[L]	0.525100	0.491588
axi_crossbar_inst.axi_crossbar_rd_inst.m_ifaces[I].reg_inst.genblkJ.genblkK.m_axi_arburst_reg[L]	axi_crossbar_inst.axi_crossbar_rd_inst.m_ifaces[I].reg_inst.genblkJ.genblkK.m_axi_arburst_reg[L]	0.525100	0.509284
axi_crossbar_inst.axi_crossbar_rd_inst.m_ifaces[I].reg_inst.genblkJ.genblkK.m_axi_arcache_reg[L]	axi_crossbar_inst.axi_crossbar_rd_inst.m_ifaces[I].reg_inst.genblkJ.genblkK.m_axi_arcache_reg[L]	0.525100	0.501704
axi_crossbar_inst.axi_crossbar_rd_inst.m_ifaces[I].reg_inst.genblkJ.genblkK.m_axi_arid_reg[L]	axi_crossbar_inst.axi_crossbar_rd_inst.m_ifaces[I].reg_inst.genblkJ.genblkK.m_axi_arid_reg[L]	0.525100	0.510328
axi_crossbar_inst.axi_crossbar_rd_inst.m_ifaces[I].reg_inst.genblkJ.genblkK.m_axi_arlen_reg[L]	axi_crossbar_inst.axi_crossbar_rd_inst.m_ifaces[I].reg_inst.genblkJ.genblkK.m_axi_arlen_reg[L]	0.525100	0.508773
axi_crossbar_inst.axi_crossbar_rd_inst.m_ifaces[I].reg_inst.genblkJ.genblkK.m_axi_arprot_reg[L]	axi_crossbar_inst.axi_crossbar_rd_inst.m_ifaces[I].reg_inst.genblkJ.genblkK.m_axi_arprot_reg[L]	0.525100	0.511634
axi_crossbar_inst.axi_crossbar_rd_inst.m_ifaces[I].reg_inst.genblkJ.genblkK.m_axi_arqos_reg[L]	axi_crossbar_inst.axi_crossbar_rd_inst.m_ifaces[I].reg_inst.genblkJ.genblkK.m_axi_arqos_reg[L]	0.525100	0.498910
axi_crossbar_inst.axi_crossbar_rd_inst.m_ifaces[I].reg_inst.genblkJ.genblkK.m_axi_arsize_reg[L]	axi_crossbar_inst.axi_crossbar_rd_inst.m_ifaces[I].reg_inst.genblkJ.genblkK.m_axi_arsize_reg[L]	0.525100	0.512498
axi_crossbar_inst.axi_crossbar_wr_inst.m_ifaces[I].reg_inst.genblkJ.genblkK.m_axi_awaddr_reg[L]	axi_crossbar_inst.axi_crossbar_wr_inst.m_ifaces[I].reg_inst.genblkJ.genblkK.m_axi_awaddr_reg[L]	0.525100	0.496539
axi_crossbar_inst.axi_crossbar_wr_inst.m_ifaces[I].reg_inst.genblkJ.genblkK.m_axi_awburst_reg[L]	axi_crossbar_inst.axi_crossbar_wr_inst.m_ifaces[I].reg_inst.genblkJ.genblkK.m_axi_awburst_reg[L]	0.525100	0.513806
axi_crossbar_inst.axi_crossbar_wr_inst.m_ifaces[I].reg_inst.genblkJ.genblkK.m_axi_awcache_reg[L]	axi_crossbar_inst.axi_crossbar_wr_inst.m_ifaces[I].reg_inst.genblkJ.genblkK.m_axi_awcache_reg[L]	0.525100	0.515855
axi_crossbar_inst.axi_crossbar_wr_inst.m_ifaces[I].reg_inst.genblkJ.genblkK.m_axi_awid_reg[L]	axi_crossbar_inst.axi_crossbar_wr_inst.m_ifaces[I].reg_inst.genblkJ.genblkK.m_axi_awid_reg[L]	0.525100	0.501400
axi_crossbar_inst.axi_crossbar_wr_inst.m_ifaces[I].reg_inst.genblkJ.genblkK.m_axi_awlen_reg[L]	axi_crossbar_inst.axi_crossbar_wr_inst.m_ifaces[I].reg_inst.genblkJ.genblkK.m_axi_awlen_reg[L]	0.525100	0.510070
axi_crossbar_inst.axi_crossbar_wr_inst.m_ifaces[I].reg_inst.genblkJ.genblkK.m_axi_awprot_reg[L]	axi_crossbar_inst.axi_crossbar_wr_inst.m_ifaces[I].reg_inst.genblkJ.genblkK.m_axi_awprot_reg[L]	0.525100	0.514692
axi_crossbar_inst.axi_crossbar_wr_inst.m_ifaces[I].reg_inst.genblkJ.genblkK.m_axi_awqos_reg[L]	axi_crossbar_inst.axi_crossbar_wr_inst.m_ifaces[I].reg_inst.genblkJ.genblkK.m_axi_awqos_reg[L]	0.525100	0.515157
axi_crossbar_inst.axi_crossbar_wr_inst.m_ifaces[I].reg_inst.genblkJ.genblkK.m_axi_awsize_reg[L]	axi_crossbar_inst.axi_crossbar_wr_inst.m_ifaces[I].reg_inst.genblkJ.genblkK.m_axi_awsize_reg[L]	0.525100	0.508817
axi_crossbar_inst.axi_crossbar_wr_inst.s_ifaces[I].reg_inst.genblkJ.genblkK.s_axi_bid_reg[L]	axi_crossbar_inst.axi_crossbar_wr_inst.s_ifaces[I].reg_inst.genblkJ.genblkK.s_axi_bid_reg[L]	0.525100	0.498576
axi_crossbar_inst.axi_crossbar_wr_inst.s_ifaces[I].reg_inst.genblkJ.genblkK.s_axi_bresp_reg[L]	axi_crossbar_inst.axi_crossbar_wr_inst.s_ifaces[I].reg_inst.genblkJ.genblkK.s_axi_bresp_reg[L]	0.525100	0.517618
axi_crossbar_inst.axi_crossbar_rd_inst.s_ifaces[I].reg_inst.genblkJ.temp_s_axi_rvalid_reg	axi_crossbar_inst.axi_crossbar_rd_inst.s_ifaces[I].reg_inst.genblkJ.s_axi_rvalid_reg	0.525100	0.503976
axi_crossbar_inst.axi_crossbar_rd_inst.m_ifaces[I].reg_inst.genblkJ.genblkK.m_axi_arlock_reg	axi_crossbar_inst.axi_crossbar_rd_inst.m_ifaces[I].reg_inst.genblkJ.genblkK.m_axi_arlock_reg	0.525200	0.514029
axi_crossbar_inst.axi_crossbar_wr_inst.m_ifaces[I].reg_inst.genblkJ.genblkK.m_axi_awlock_reg	axi_crossbar_inst.axi_crossbar_wr_inst.m_ifaces[I].reg_inst.genblkJ.genblkK.m_axi_awlock_reg	0.525200	0.514871
axi_crossbar_inst.axi_crossbar_wr_inst.s_ifaces[I].addr_inst.m_wc_valid_reg	axi_crossbar_inst.axi_crossbar_wr_inst.s_ifaces[I].addr_inst.m_wc_valid_reg	0.529800	0.466234
axi_crossbar_inst.axi_crossbar_rd_inst.s_ifaces[I].reg_inst.genblkJ.temp_s_axi_rlast_reg	axi_crossbar_inst.axi_crossbar_rd_inst.s_ifaces[I].reg_inst.genblkJ.temp_s_axi_rlast_reg	0.541300	0.531791
axi_crossbar_inst.axi_crossbar_wr_inst.m_ifaces[I].reg_inst.genblkJ.m_axi_wdata_reg[K]	axi_crossbar_inst.axi_crossbar_wr_inst.m_ifaces[I].reg_inst.genblkJ.m_axi_wdata_reg[K]	0.545600	0.506751
axi_crossbar_inst.axi_crossbar_wr_inst.m_ifaces[I].reg_inst.genblkJ.m_axi_wlast_reg	axi_crossbar_inst.axi_crossbar_wr_inst.m_ifaces[I].reg_inst.genblkJ.m_axi_wlast_reg	0.545600	0.508730
axi_crossbar_inst.axi_crossbar_wr_inst.m_ifaces[I].reg_inst.genblkJ.m_axi_wstrb_reg[K]	axi_crossbar_inst.axi_crossbar_wr_inst.m_ifaces[I].reg_inst.genblkJ.m_axi_wstrb_reg[K]	0.545600	0.514064
axi_crossbar_inst.axi_crossbar_rd_inst.s_ifaces[I].reg_inst.genblkJ.s_axi_rid_reg[K]	axi_crossbar_inst.axi_crossbar_rd_inst.s_ifaces[I].reg_inst.genblkJ.s_axi_rid_reg[K]	0.545600	0.522511
axi_crossbar_inst.axi_crossbar_rd_inst.s_ifaces[I].reg_inst.genblkJ.s_axi_rlast_reg	axi_crossbar_inst.axi_crossbar_rd_inst.s_ifaces[I].reg_inst.genblkJ.s_axi_rlast_reg	0.545600	0.525289
axi_crossbar_inst.axi_crossbar_rd_inst.s_ifaces[I].reg_inst.genblkJ.s_axi_rresp_reg[K]	axi_crossbar_inst.axi_crossbar_rd_inst.s_ifaces[I].reg_inst.genblkJ.s_axi_rresp_reg[K]	0.545600	0.525516
axi_crossbar_inst.axi_crossbar_rd_inst.s_ifaces[I].reg_inst.genblkJ.s_axi_rdata_reg[K]	axi_crossbar_inst.axi_crossbar_rd_inst.s_ifaces[I].reg_inst.genblkJ.s_axi_rdata_reg[K]	0.548500	0.514811
axi_crossbar_inst.axi_crossbar_wr_inst.m_ifaces[I].reg_inst.genblkJ.temp_m_axi_wvalid_reg	axi_crossbar_inst.axi_crossbar_wr_inst.m_ifaces[I].reg_inst.genblkJ.s_axi_wready_reg	0.550500	0.546483
axi_crossbar_inst.axi_crossbar_rd_inst.s_ifaces[I].reg_inst.genblkJ.temp_s_axi_rvalid_reg	axi_crossbar_inst.axi_crossbar_rd_inst.s_ifaces[I].reg_inst.genblkJ.m_axi_rready_reg	0.554500	0.546855
