# start	end	slack_synth_ns	slack_route_ns
mI_axi_rid[J]	axi_crossbar_inst.axi_crossbar_rd_inst.m_ifaces[I].a_arb_inst.mask_reg[J]	-0.306800	0.033855
mI_axi_rvalid	axi_crossbar_inst.axi_crossbar_rd_inst.s_ifaces[I].r_arb_inst.mask_reg[J]	-0.279000	0.094852
mI_axi_rid[J]	axi_crossbar_inst.axi_crossbar_rd_inst.s_ifaces[I].r_arb_inst.mask_reg[J]	-0.275100	0.077953
mI_axi_bid[J]	axi_crossbar_inst.axi_crossbar_wr_inst.s_ifaces[I].b_arb_inst.mask_reg[J]	-0.270400	0.096713
mI_axi_bvalid	axi_crossbar_inst.axi_crossbar_wr_inst.s_ifaces[I].b_arb_inst.mask_reg[J]	-0.270300	0.104510
axi_crossbar_inst.axi_crossbar_rd_inst.s_ifaces[I].addr_inst.s_axi_aid_r[J]	axi_crossbar_inst.axi_crossbar_rd_inst.s_ifaces[I].addr_inst.thread_count_reg[J][K]	-0.241200	-0.117421
sI_axi_wvalid	axi_crossbar_inst.axi_crossbar_wr_inst.m_ifaces[I].a_arb_inst.mask_reg[J]	-0.236400	0.075563
mI_axi_bid[J]	axi_crossbar_inst.axi_crossbar_wr_inst.m_ifaces[I].a_arb_inst.mask_reg[J]	-0.234600	0.036429
mI_axi_rvalid	axi_crossbar_inst.axi_crossbar_rd_inst.m_ifaces[I].a_arb_inst.mask_reg[J]	-0.232200	0.106929
sI_axi_wlast	axi_crossbar_inst.axi_crossbar_wr_inst.m_ifaces[I].a_arb_inst.mask_reg[J]	-0.229800	0.093816
axi_crossbar_inst.axi_crossbar_wr_inst.s_ifaces[I].addr_inst.s_axi_aid_r[J]	axi_crossbar_inst.axi_crossbar_wr_inst.s_ifaces[I].addr_inst.thread_count_reg[J][K]	-0.229200	-0.110642
axi_crossbar_inst.axi_crossbar_rd_inst.s_ifaces[I].addr_inst.thread_count_reg[J][K]	axi_crossbar_inst.axi_crossbar_rd_inst.s_ifaces[I].addr_inst.thread_count_reg[J][K]	-0.228800	-0.104305
axi_crossbar_inst.axi_crossbar_wr_inst.s_ifaces[I].addr_inst.thread_count_reg[J][K]	axi_crossbar_inst.axi_crossbar_wr_inst.s_ifaces[I].addr_inst.thread_count_reg[J][K]	-0.225800	-0.108394
axi_crossbar_inst.axi_crossbar_rd_inst.s_ifaces[I].addr_inst.thread_id_reg[J][K]	axi_crossbar_inst.axi_crossbar_rd_inst.s_ifaces[I].addr_inst.thread_count_reg[J][K]	-0.219800	-0.107757
axi_crossbar_inst.axi_crossbar_wr_inst.s_ifaces[I].addr_inst.thread_id_reg[J][K]	axi_crossbar_inst.axi_crossbar_wr_inst.s_ifaces[I].addr_inst.thread_count_reg[J][K]	-0.207900	-0.113181
axi_crossbar_inst.axi_crossbar_rd_inst.s_ifaces[I].addr_inst.m_select_reg[J]	axi_crossbar_inst.axi_crossbar_rd_inst.s_ifaces[I].addr_inst.thread_count_reg[J][K]	-0.188100	-0.073451
axi_crossbar_inst.axi_crossbar_wr_inst.s_ifaces[I].addr_inst.m_select_reg[J]	axi_crossbar_inst.axi_crossbar_wr_inst.s_ifaces[I].addr_inst.thread_count_reg[J][K]	-0.177000	-0.049726
mI_axi_bid[J]	axi_crossbar_inst.axi_crossbar_wr_inst.m_ifaces[I].trans_count_reg[J]	-0.173700	0.045444
axi_crossbar_inst.axi_crossbar_rd_inst.s_ifaces[I].addr_inst.s_axi_aid_r[J]	axi_crossbar_inst.axi_crossbar_rd_inst.s_ifaces[I].addr_inst.trans_count_reg[J]	-0.172600	-0.115578
mI_axi_rid[J]	axi_crossbar_inst.axi_crossbar_rd_inst.m_ifaces[I].trans_count_reg[J]	-0.168000	0.032046
mI_axi_rid[J]	axi_crossbar_inst.axi_crossbar_rd_inst.s_ifaces[I].r_arb_inst.grant_reg[J]	-0.165800	0.093470
mI_axi_bid[J]	axi_crossbar_inst.axi_crossbar_wr_inst.m_ifaces[I].a_arb_inst.grant_reg[J]	-0.156100	0.047909
mI_axi_rvalid	axi_crossbar_inst.axi_crossbar_rd_inst.s_ifaces[I].r_arb_inst.grant_reg[J]	-0.154800	0.099566
mI_axi_bvalid	axi_crossbar_inst.axi_crossbar_wr_inst.s_ifaces[I].b_arb_inst.grant_reg[J]	-0.153800	0.128142
axi_crossbar_inst.axi_crossbar_rd_inst.s_ifaces[I].addr_inst.thread_id_reg[J][K]	axi_crossbar_inst.axi_crossbar_rd_inst.s_ifaces[I].addr_inst.trans_count_reg[J]	-0.151300	-0.105914
axi_crossbar_inst.axi_crossbar_wr_inst.s_ifaces[I].addr_inst.s_axi_aid_r[J]	axi_crossbar_inst.axi_crossbar_wr_inst.s_ifaces[I].addr_inst.trans_count_reg[J]	-0.148400	-0.115338
mI_axi_bid[J]	axi_crossbar_inst.axi_crossbar_wr_inst.s_ifaces[I].b_arb_inst.grant_reg[J]	-0.146100	0.121090
axi_crossbar_inst.axi_crossbar_wr_inst.s_ifaces[I].addr_inst.thread_count_reg[J][K]	axi_crossbar_inst.axi_crossbar_wr_inst.s_ifaces[I].addr_inst.trans_count_reg[J]	-0.145000	-0.113090
axi_crossbar_inst.axi_crossbar_rd_inst.s_ifaces[I].addr_inst.thread_count_reg[J][K]	axi_crossbar_inst.axi_crossbar_rd_inst.s_ifaces[I].addr_inst.trans_count_reg[J]	-0.137700	-0.096695
axi_crossbar_inst.axi_crossbar_rd_inst.s_ifaces[I].reg_inst.genblkJ.m_axi_rready_reg	axi_crossbar_inst.axi_crossbar_rd_inst.m_ifaces[I].a_arb_inst.mask_reg[J]	-0.136000	-0.103554
axi_crossbar_inst.axi_crossbar_rd_inst.s_ifaces[I].r_arb_inst.grant_encoded_reg[J]	axi_crossbar_inst.axi_crossbar_rd_inst.m_ifaces[I].a_arb_inst.mask_reg[J]	-0.135600	-0.084841
mI_axi_rlast	axi_crossbar_inst.axi_crossbar_rd_inst.m_ifaces[I].a_arb_inst.mask_reg[J]	-0.134500	0.147643
sI_axi_wvalid	axi_crossbar_inst.axi_crossbar_wr_inst.m_ifaces[I].a_arb_inst.grant_reg[J]	-0.134300	0.084302
axi_crossbar_inst.axi_crossbar_wr_inst.s_ifaces[I].addr_inst.thread_id_reg[J][K]	axi_crossbar_inst.axi_crossbar_wr_inst.s_ifaces[I].addr_inst.trans_count_reg[J]	-0.127200	-0.117878
mI_axi_rlast	axi_crossbar_inst.axi_crossbar_rd_inst.s_ifaces[I].r_arb_inst.grant_reg[J]	-0.126600	0.142616
mI_axi_rlast	axi_crossbar_inst.axi_crossbar_rd_inst.s_ifaces[I].r_arb_inst.grant_encoded_reg[J]	-0.124900	0.147994
mI_axi_rlast	axi_crossbar_inst.axi_crossbar_rd_inst.s_ifaces[I].r_arb_inst.mask_reg[J]	-0.121200	0.141818
axi_crossbar_inst.axi_crossbar_rd_inst.s_ifaces[I].r_arb_inst.grant_valid_reg	axi_crossbar_inst.axi_crossbar_rd_inst.m_ifaces[I].a_arb_inst.mask_reg[J]	-0.119000	-0.082899
mI_axi_bid[J]	mI_axi_bready	-0.114700	-0.169220
mI_axi_rid[J]	axi_crossbar_inst.axi_crossbar_rd_inst.m_ifaces[I].a_arb_inst.grant_reg[J]	-0.114500	0.065975
sI_axi_wlast	axi_crossbar_inst.axi_crossbar_wr_inst.m_ifaces[I].a_arb_inst.grant_reg[J]	-0.112100	0.115926
mI_axi_rvalid	axi_crossbar_inst.axi_crossbar_rd_inst.s_ifaces[I].r_arb_inst.grant_encoded_reg[J]	-0.111200	0.118663
axi_crossbar_inst.axi_crossbar_rd_inst.s_ifaces[I].addr_inst.m_select_reg[J]	axi_crossbar_inst.axi_crossbar_rd_inst.m_ifaces[I].a_arb_inst.mask_reg[J]	-0.109300	-0.079897
mI_axi_rid[J]	mI_axi_rready	-0.108400	-0.225531
mI_axi_rid[J]	axi_crossbar_inst.axi_crossbar_rd_inst.s_ifaces[I].r_arb_inst.grant_encoded_reg[J]	-0.108200	0.113370
mI_axi_rid[J]	axi_crossbar_inst.axi_crossbar_rd_inst.m_ifaces[I].a_arb_inst.grant_encoded_reg[J]	-0.104200	0.079017
mI_axi_bvalid	axi_crossbar_inst.axi_crossbar_wr_inst.s_ifaces[I].b_arb_inst.grant_encoded_reg[J]	-0.103900	0.142557
sI_axi_wvalid	axi_crossbar_inst.axi_crossbar_wr_inst.m_ifaces[I].a_arb_inst.grant_encoded_reg[J]	-0.102700	0.121685
mI_axi_bid[J]	axi_crossbar_inst.axi_crossbar_wr_inst.m_ifaces[I].a_arb_inst.grant_encoded_reg[J]	-0.102000	0.073806
axi_crossbar_inst.axi_crossbar_wr_inst.s_ifaces[I].addr_inst.thread_m_reg[J][K]	axi_crossbar_inst.axi_crossbar_wr_inst.s_ifaces[I].addr_inst.thread_count_reg[J][K]	-0.099200	-0.013488
axi_crossbar_inst.axi_crossbar_rd_inst.s_ifaces[I].addr_inst.m_select_reg[J]	axi_crossbar_inst.axi_crossbar_rd_inst.s_ifaces[I].addr_inst.trans_count_reg[J]	-0.098700	-0.062632
axi_crossbar_inst.axi_crossbar_rd_inst.s_ifaces[I].addr_inst.thread_m_reg[J][K]	axi_crossbar_inst.axi_crossbar_rd_inst.s_ifaces[I].addr_inst.thread_count_reg[J][K]	-0.097100	-0.039035
mI_axi_rlast	axi_crossbar_inst.axi_crossbar_rd_inst.s_ifaces[I].r_arb_inst.grant_valid_reg	-0.094300	0.184169
mI_axi_rvalid	axi_crossbar_inst.axi_crossbar_rd_inst.m_ifaces[I].trans_count_reg[J]	-0.093400	0.157105
axi_crossbar_inst.axi_crossbar_rd_inst.s_ifaces[I].addr_inst.m_axi_avalid_reg	axi_crossbar_inst.axi_crossbar_rd_inst.m_ifaces[I].a_arb_inst.mask_reg[J]	-0.087800	-0.056734
mI_axi_bid[J]	axi_crossbar_inst.axi_crossbar_wr_inst.s_ifaces[I].b_arb_inst.grant_encoded_reg[J]	-0.087400	0.131932
mI_axi_bvalid	axi_crossbar_inst.axi_crossbar_wr_inst.m_ifaces[I].a_arb_inst.mask_reg[J]	-0.086700	0.145444
sI_axi_wlast	axi_crossbar_inst.axi_crossbar_wr_inst.m_ifaces[I].a_arb_inst.grant_encoded_reg[J]	-0.086000	0.126936
axi_crossbar_inst.axi_crossbar_wr_inst.m_ifaces[I].w_select_reg[J]	sI_axi_wready	-0.080900	-0.293438
axi_crossbar_inst.axi_crossbar_wr_inst.s_ifaces[I].addr_inst.m_axi_avalid_reg	axi_crossbar_inst.axi_crossbar_wr_inst.m_ifaces[I].a_arb_inst.mask_reg[J]	-0.074000	-0.010892
mI_axi_rid[J]	axi_crossbar_inst.axi_crossbar_rd_inst.s_ifaces[I].r_arb_inst.grant_valid_reg	-0.070500	0.184538
axi_crossbar_inst.axi_crossbar_wr_inst.s_ifaces[I].addr_inst.m_select_reg[J]	axi_crossbar_inst.axi_crossbar_wr_inst.s_ifaces[I].addr_inst.trans_count_reg[J]	-0.069900	-0.048704
axi_crossbar_inst.axi_crossbar_wr_inst.s_ifaces[I].addr_inst.m_select_reg[J]	axi_crossbar_inst.axi_crossbar_wr_inst.m_ifaces[I].a_arb_inst.mask_reg[J]	-0.069100	-0.032130
axi_crossbar_inst.axi_crossbar_wr_inst.s_ifaces[I].w_select_reg[J]	axi_crossbar_inst.axi_crossbar_wr_inst.m_ifaces[I].a_arb_inst.mask_reg[J]	-0.062800	-0.033048
axi_crossbar_inst.axi_crossbar_wr_inst.s_ifaces[I].w_select_valid_reg	axi_crossbar_inst.axi_crossbar_wr_inst.m_ifaces[I].a_arb_inst.mask_reg[J]	-0.061400	-0.011849
mI_axi_rvalid	axi_crossbar_inst.axi_crossbar_rd_inst.s_ifaces[I].r_arb_inst.grant_valid_reg	-0.060700	0.172438
axi_crossbar_inst.axi_crossbar_wr_inst.m_ifaces[I].w_select_reg[J]	axi_crossbar_inst.axi_crossbar_wr_inst.m_ifaces[I].a_arb_inst.mask_reg[J]	-0.058300	-0.036815
mI_axi_bvalid	axi_crossbar_inst.axi_crossbar_wr_inst.s_ifaces[I].b_arb_inst.grant_valid_reg	-0.055600	0.195709
axi_crossbar_inst.axi_crossbar_wr_inst.s_ifaces[I].b_arb_inst.grant_valid_reg	axi_crossbar_inst.axi_crossbar_wr_inst.m_ifaces[I].a_arb_inst.mask_reg[J]	-0.049000	-0.044813
axi_crossbar_inst.axi_crossbar_wr_inst.s_ifaces[I].reg_inst.genblkJ.genblkK.m_axi_bready_reg	axi_crossbar_inst.axi_crossbar_wr_inst.m_ifaces[I].a_arb_inst.mask_reg[J]	-0.045500	-0.041468
axi_crossbar_inst.axi_crossbar_wr_inst.s_ifaces[I].b_arb_inst.grant_encoded_reg[J]	axi_crossbar_inst.axi_crossbar_wr_inst.m_ifaces[I].a_arb_inst.mask_reg[J]	-0.043400	-0.054410
mI_axi_rvalid	axi_crossbar_inst.axi_crossbar_rd_inst.m_ifaces[I].a_arb_inst.grant_reg[J]	-0.041200	0.163398
mI_axi_bid[J]	axi_crossbar_inst.axi_crossbar_wr_inst.s_ifaces[I].b_arb_inst.grant_valid_reg	-0.039100	0.174855
mI_axi_bvalid	axi_crossbar_inst.axi_crossbar_wr_inst.m_ifaces[I].trans_count_reg[J]	-0.033400	0.154460
axi_crossbar_inst.axi_crossbar_wr_inst.s_ifaces[I].w_drop_reg	axi_crossbar_inst.axi_crossbar_wr_inst.m_ifaces[I].a_arb_inst.mask_reg[J]	-0.031600	0.008923
mI_axi_rvalid	axi_crossbar_inst.axi_crossbar_rd_inst.s_ifaces[I].reg_inst.genblkJ.temp_s_axi_rvalid_reg	-0.030100	0.149444
mI_axi_rvalid	axi_crossbar_inst.axi_crossbar_rd_inst.m_ifaces[I].a_arb_inst.grant_encoded_reg[J]	-0.029600	0.188921
sI_axi_wlast	axi_crossbar_inst.axi_crossbar_wr_inst.m_ifaces[I].a_arb_inst.grant_valid_reg	-0.028900	0.176460
mI_axi_bvalid	axi_crossbar_inst.axi_crossbar_wr_inst.m_ifaces[I].a_arb_inst.grant_reg[J]	-0.025500	0.156925
mI_axi_rlast	axi_crossbar_inst.axi_crossbar_rd_inst.m_ifaces[I].trans_count_reg[J]	-0.021100	0.209617
sI_axi_wvalid	axi_crossbar_inst.axi_crossbar_wr_inst.m_ifaces[I].a_arb_inst.grant_valid_reg	-0.020200	0.170545
axi_crossbar_inst.axi_crossbar_rd_inst.m_ifaces[I].a_arb_inst.mask_reg[J]	axi_crossbar_inst.axi_crossbar_rd_inst.m_ifaces[I].a_arb_inst.mask_reg[J]	-0.017900	-0.019710
mI_axi_bvalid	axi_crossbar_inst.axi_crossbar_wr_inst.s_ifaces[I].reg_inst.genblkJ.genblkK.m_axi_bready_reg	-0.016100	0.176240
mI_axi_bvalid	axi_crossbar_inst.axi_crossbar_wr_inst.m_ifaces[I].a_arb_inst.grant_encoded_reg[J]	-0.015900	0.182822
axi_crossbar_inst.axi_crossbar_wr_inst.s_ifaces[I].addr_inst.trans_count_reg[J]	axi_crossbar_inst.axi_crossbar_wr_inst.s_ifaces[I].addr_inst.thread_count_reg[J][K]	-0.014900	0.068862
mI_axi_bid[J]	axi_crossbar_inst.axi_crossbar_wr_inst.m_ifaces[I].a_arb_inst.grant_valid_reg	-0.014900	0.155554
axi_crossbar_inst.axi_crossbar_wr_inst.s_ifaces[I].addr_inst.state_reg[J]	axi_crossbar_inst.axi_crossbar_wr_inst.s_ifaces[I].addr_inst.thread_count_reg[J][K]	-0.014200	0.073840
axi_crossbar_inst.axi_crossbar_rd_inst.s_ifaces[I].addr_inst.thread_m_reg[J][K]	axi_crossbar_inst.axi_crossbar_rd_inst.s_ifaces[I].addr_inst.trans_count_reg[J]	-0.012800	-0.024029
axi_crossbar_inst.axi_crossbar_rd_inst.s_ifaces[I].addr_inst.m_select_reg[J]	axi_crossbar_inst.axi_crossbar_rd_inst.m_ifaces[I].trans_count_reg[J]	-0.012700	-0.055063
axi_crossbar_inst.axi_crossbar_rd_inst.s_ifaces[I].r_arb_inst.grant_reg[J]	axi_crossbar_inst.axi_crossbar_rd_inst.s_ifaces[I].r_arb_inst.mask_reg[J]	-0.011600	0.067150
axi_crossbar_inst.axi_crossbar_rd_inst.s_ifaces[I].addr_inst.trans_count_reg[J]	axi_crossbar_inst.axi_crossbar_rd_inst.s_ifaces[I].addr_inst.thread_count_reg[J][K]	-0.011200	0.025895
axi_crossbar_inst.axi_crossbar_rd_inst.m_ifaces[I].a_arb_inst.grant_encoded_reg[J]	axi_crossbar_inst.axi_crossbar_rd_inst.m_ifaces[I].trans_count_reg[J]	-0.009400	0.052228
axi_crossbar_inst.axi_crossbar_rd_inst.m_ifaces[I].a_arb_inst.grant_reg[J]	axi_crossbar_inst.axi_crossbar_rd_inst.m_ifaces[I].a_arb_inst.mask_reg[J]	-0.007900	-0.021306
axi_crossbar_inst.axi_crossbar_rd_inst.s_ifaces[I].addr_inst.m_axi_avalid_reg	axi_crossbar_inst.axi_crossbar_rd_inst.m_ifaces[I].trans_count_reg[J]	-0.007300	-0.047217
mI_axi_rvalid	axi_crossbar_inst.axi_crossbar_rd_inst.s_ifaces[I].reg_inst.genblkJ.s_axi_rvalid_reg	-0.006500	0.172746
mI_axi_rvalid	axi_crossbar_inst.axi_crossbar_rd_inst.s_ifaces[I].addr_inst.s_cpl_valid_r	-0.006300	0.150843
axi_crossbar_inst.axi_crossbar_rd_inst.s_ifaces[I].addr_inst.state_reg[J]	axi_crossbar_inst.axi_crossbar_rd_inst.s_ifaces[I].addr_inst.thread_count_reg[J][K]	-0.003600	0.076260
axi_crossbar_inst.axi_crossbar_wr_inst.s_ifaces[I].b_arb_inst.mask_reg[J]	axi_crossbar_inst.axi_crossbar_wr_inst.s_ifaces[I].b_arb_inst.mask_reg[J]	-0.001600	0.050812
sI_axi_wvalid	axi_crossbar_inst.axi_crossbar_wr_inst.m_ifaces[I].reg_inst.genblkJ.s_axi_wready_reg	-0.001000	0.188925
sI_axi_wvalid	axi_crossbar_inst.axi_crossbar_wr_inst.m_ifaces[I].reg_inst.genblkJ.temp_m_axi_wvalid_reg	-0.000200	0.182204
axi_crossbar_inst.axi_crossbar_wr_inst.s_ifaces[I].addr_inst.m_select_reg[J]	axi_crossbar_inst.axi_crossbar_wr_inst.m_ifaces[I].trans_count_reg[J]	0.000300	-0.016333
axi_crossbar_inst.axi_crossbar_wr_inst.s_ifaces[I].decerr_m_axi_bvalid_reg	axi_crossbar_inst.axi_crossbar_wr_inst.s_ifaces[I].b_arb_inst.mask_reg[J]	0.000800	0.056315
mI_axi_bvalid	axi_crossbar_inst.axi_crossbar_wr_inst.s_ifaces[I].reg_inst.genblkJ.genblkK.s_axi_bvalid_reg	0.001400	0.204521
sI_axi_wvalid	axi_crossbar_inst.axi_crossbar_wr_inst.m_ifaces[I].reg_inst.genblkJ.m_axi_wvalid_reg	0.001600	0.184325
sI_axi_wlast	axi_crossbar_inst.axi_crossbar_wr_inst.m_ifaces[I].w_select_valid_reg	0.002400	0.235400
axi_crossbar_inst.axi_crossbar_rd_inst.s_ifaces[I].reg_inst.genblkJ.m_axi_rready_reg	axi_crossbar_inst.axi_crossbar_rd_inst.m_ifaces[I].trans_count_reg[J]	0.002800	-0.096995
axi_crossbar_inst.axi_crossbar_rd_inst.s_ifaces[I].r_arb_inst.grant_encoded_reg[J]	axi_crossbar_inst.axi_crossbar_rd_inst.m_ifaces[I].trans_count_reg[J]	0.003100	-0.086650
mI_axi_rvalid	axi_crossbar_inst.axi_crossbar_rd_inst.s_ifaces[I].reg_inst.genblkJ.m_axi_rready_reg	0.004500	0.185319
mI_axi_rlast	axi_crossbar_inst.axi_crossbar_rd_inst.m_ifaces[I].a_arb_inst.grant_reg[J]	0.005400	0.237080
axi_crossbar_inst.axi_crossbar_wr_inst.s_ifaces[I].addr_inst.thread_m_reg[J][K]	axi_crossbar_inst.axi_crossbar_wr_inst.s_ifaces[I].addr_inst.trans_count_reg[J]	0.006500	-0.018184
mI_axi_bvalid	axi_crossbar_inst.axi_crossbar_wr_inst.s_ifaces[I].addr_inst.s_cpl_valid_r	0.006600	0.190741
axi_crossbar_inst.axi_crossbar_wr_inst.m_ifaces[I].a_arb_inst.grant_encoded_reg[J]	axi_crossbar_inst.axi_crossbar_wr_inst.m_ifaces[I].trans_count_reg[J]	0.009500	0.056285
axi_crossbar_inst.axi_crossbar_wr_inst.s_ifaces[I].b_arb_inst.grant_encoded_reg[J]	mI_axi_bready	0.011600	-0.258923
axi_crossbar_inst.axi_crossbar_wr_inst.s_ifaces[I].b_arb_inst.grant_valid_reg	axi_crossbar_inst.axi_crossbar_wr_inst.m_ifaces[I].trans_count_reg[J]	0.013000	-0.035798
mI_axi_rid[J]	axi_crossbar_inst.axi_crossbar_rd_inst.m_ifaces[I].a_arb_inst.grant_valid_reg	0.013500	0.142853
axi_crossbar_inst.axi_crossbar_wr_inst.s_ifaces[I].addr_inst.m_axi_avalid_reg	axi_crossbar_inst.axi_crossbar_wr_inst.m_ifaces[I].trans_count_reg[J]	0.015200	0.006780
axi_crossbar_inst.axi_crossbar_rd_inst.s_ifaces[I].r_arb_inst.grant_valid_reg	axi_crossbar_inst.axi_crossbar_rd_inst.m_ifaces[I].trans_count_reg[J]	0.015400	-0.075451
axi_crossbar_inst.axi_crossbar_wr_inst.s_ifaces[I].reg_inst.genblkJ.genblkK.m_axi_bready_reg	axi_crossbar_inst.axi_crossbar_wr_inst.m_ifaces[I].trans_count_reg[J]	0.016500	-0.032453
axi_crossbar_inst.axi_crossbar_wr_inst.s_ifaces[I].b_arb_inst.grant_reg[J]	axi_crossbar_inst.axi_crossbar_wr_inst.s_ifaces[I].b_arb_inst.mask_reg[J]	0.017700	0.053229
axi_crossbar_inst.axi_crossbar_wr_inst.s_ifaces[I].b_arb_inst.grant_encoded_reg[J]	axi_crossbar_inst.axi_crossbar_wr_inst.m_ifaces[I].trans_count_reg[J]	0.018900	-0.045395
axi_crossbar_inst.axi_crossbar_rd_inst.s_ifaces[I].addr_inst.thread_count_reg[J][K]	axi_crossbar_inst.axi_crossbar_rd_inst.s_ifaces[I].addr_inst.thread_id_reg[J][K]	0.024700	0.061552
axi_crossbar_inst.axi_crossbar_rd_inst.s_ifaces[I].addr_inst.thread_count_reg[J][K]	axi_crossbar_inst.axi_crossbar_rd_inst.s_ifaces[I].addr_inst.thread_m_reg[J][K]	0.024700	0.057214
axi_crossbar_inst.axi_crossbar_wr_inst.s_ifaces[I].w_select_reg[J]	axi_crossbar_inst.axi_crossbar_wr_inst.m_ifaces[I].a_arb_inst.grant_reg[J]	0.027600	-0.016311
mI_axi_rlast	axi_crossbar_inst.axi_crossbar_rd_inst.s_ifaces[I].reg_inst.genblkJ.s_axi_rlast_reg	0.028200	0.234129
axi_crossbar_inst.axi_crossbar_rd_inst.s_ifaces[I].r_arb_inst.mask_reg[J]	axi_crossbar_inst.axi_crossbar_rd_inst.s_ifaces[I].r_arb_inst.mask_reg[J]	0.030700	0.059036
axi_crossbar_inst.axi_crossbar_wr_inst.m_ifaces[I].a_arb_inst.mask_reg[J]	axi_crossbar_inst.axi_crossbar_wr_inst.m_ifaces[I].a_arb_inst.mask_reg[J]	0.031300	0.054031
axi_crossbar_inst.axi_crossbar_wr_inst.s_ifaces[I].addr_inst.s_cpl_valid_r	axi_crossbar_inst.axi_crossbar_wr_inst.s_ifaces[I].addr_inst.thread_count_reg[J][K]	0.031900	0.128188
axi_crossbar_inst.axi_crossbar_rd_inst.s_ifaces[I].addr_inst.s_axi_aid_r[J]	axi_crossbar_inst.axi_crossbar_rd_inst.s_ifaces[I].addr_inst.thread_m_reg[J][K]	0.032500	0.029695
axi_crossbar_inst.axi_crossbar_rd_inst.s_ifaces[I].addr_inst.s_axi_aid_r[J]	axi_crossbar_inst.axi_crossbar_rd_inst.s_ifaces[I].addr_inst.thread_id_reg[J][K]	0.032500	0.034033
axi_crossbar_inst.axi_crossbar_wr_inst.m_ifaces[I].w_select_reg[J]	axi_crossbar_inst.axi_crossbar_wr_inst.m_ifaces[I].a_arb_inst.grant_reg[J]	0.033500	-0.029067
axi_crossbar_inst.axi_crossbar_wr_inst.s_ifaces[I].w_select_valid_reg	axi_crossbar_inst.axi_crossbar_wr_inst.m_ifaces[I].a_arb_inst.grant_reg[J]	0.036000	0.000730
axi_crossbar_inst.axi_crossbar_rd_inst.s_ifaces[I].addr_inst.s_cpl_valid_r	axi_crossbar_inst.axi_crossbar_rd_inst.s_ifaces[I].addr_inst.thread_count_reg[J][K]	0.036100	0.089926
axi_crossbar_inst.axi_crossbar_wr_inst.s_ifaces[I].addr_inst.s_axi_aid_r[J]	axi_crossbar_inst.axi_crossbar_wr_inst.s_ifaces[I].addr_inst.thread_id_reg[J][K]	0.036200	0.009847
axi_crossbar_inst.axi_crossbar_wr_inst.s_ifaces[I].addr_inst.s_axi_aid_r[J]	axi_crossbar_inst.axi_crossbar_wr_inst.s_ifaces[I].addr_inst.thread_m_reg[J][K]	0.036200	0.021167
axi_crossbar_inst.axi_crossbar_wr_inst.s_ifaces[I].b_arb_inst.grant_encoded_reg[J]	axi_crossbar_inst.axi_crossbar_wr_inst.m_ifaces[I].a_arb_inst.grant_reg[J]	0.036400	-0.042930
axi_crossbar_inst.axi_crossbar_rd_inst.s_ifaces[I].addr_inst.m_select_reg[J]	axi_crossbar_inst.axi_crossbar_rd_inst.m_ifaces[I].a_arb_inst.grant_reg[J]	0.038900	-0.024035
axi_crossbar_inst.axi_crossbar_rd_inst.s_ifaces[I].r_arb_inst.grant_encoded_reg[J]	axi_crossbar_inst.axi_crossbar_rd_inst.s_ifaces[I].r_arb_inst.grant_reg[J]	0.038900	-0.029678
mI_axi_rlast	axi_crossbar_inst.axi_crossbar_rd_inst.m_ifaces[I].a_arb_inst.grant_encoded_reg[J]	0.040800	0.236077
sI_axi_wvalid	axi_crossbar_inst.axi_crossbar_wr_inst.m_ifaces[I].w_select_valid_reg	0.040900	0.252696
axi_crossbar_inst.axi_crossbar_wr_inst.m_ifaces[I].reg_inst.genblkJ.s_axi_wready_reg	sI_axi_wready	0.041000	-0.298431
axi_crossbar_inst.axi_crossbar_rd_inst.s_ifaces[I].reg_inst.genblkJ.m_axi_rready_reg	axi_crossbar_inst.axi_crossbar_rd_inst.m_ifaces[I].a_arb_inst.grant_reg[J]	0.042100	-0.073470
axi_crossbar_inst.axi_crossbar_rd_inst.s_ifaces[I].addr_inst.s_cpl_id_r[J]	axi_crossbar_inst.axi_crossbar_rd_inst.s_ifaces[I].addr_inst.thread_count_reg[J][K]	0.043700	-0.000445
axi_crossbar_inst.axi_crossbar_wr_inst.s_ifaces[I].addr_inst.s_cpl_id_r[J]	axi_crossbar_inst.axi_crossbar_wr_inst.s_ifaces[I].addr_inst.thread_count_reg[J][K]	0.044300	-0.007941
axi_crossbar_inst.axi_crossbar_rd_inst.s_ifaces[I].r_arb_inst.grant_encoded_reg[J]	axi_crossbar_inst.axi_crossbar_rd_inst.s_ifaces[I].r_arb_inst.grant_encoded_reg[J]	0.046900	-0.026636
axi_crossbar_inst.axi_crossbar_wr_inst.m_ifaces[I].a_arb_inst.grant_reg[J]	axi_crossbar_inst.axi_crossbar_wr_inst.m_ifaces[I].a_arb_inst.mask_reg[J]	0.047600	0.076282
axi_crossbar_inst.axi_crossbar_rd_inst.s_ifaces[I].addr_inst.match_reg	axi_crossbar_inst.axi_crossbar_rd_inst.s_ifaces[I].addr_inst.thread_count_reg[J][K]	0.047700	0.149898
axi_crossbar_inst.axi_crossbar_wr_inst.s_ifaces[I].addr_inst.thread_count_reg[J][K]	axi_crossbar_inst.axi_crossbar_wr_inst.s_ifaces[I].addr_inst.thread_m_reg[J][K]	0.048300	0.023415
axi_crossbar_inst.axi_crossbar_wr_inst.s_ifaces[I].addr_inst.thread_count_reg[J][K]	axi_crossbar_inst.axi_crossbar_wr_inst.s_ifaces[I].addr_inst.thread_id_reg[J][K]	0.048300	0.012094
axi_crossbar_inst.axi_crossbar_rd_inst.s_ifaces[I].addr_inst.m_axi_avalid_reg	axi_crossbar_inst.axi_crossbar_rd_inst.m_ifaces[I].a_arb_inst.grant_reg[J]	0.048500	-0.027625
axi_crossbar_inst.axi_crossbar_wr_inst.s_ifaces[I].b_arb_inst.grant_valid_reg	axi_crossbar_inst.axi_crossbar_wr_inst.m_ifaces[I].a_arb_inst.grant_reg[J]	0.049400	-0.033333
axi_crossbar_inst.axi_crossbar_rd_inst.s_ifaces[I].r_arb_inst.grant_encoded_reg[J]	axi_crossbar_inst.axi_crossbar_rd_inst.m_ifaces[I].a_arb_inst.grant_reg[J]	0.050200	-0.052721
mI_axi_rid[J]	axi_crossbar_inst.axi_crossbar_rd_inst.s_ifaces[I].reg_inst.genblkJ.s_axi_rid_reg[K]	0.051100	0.286614
axi_crossbar_inst.axi_crossbar_rd_inst.s_ifaces[I].r_arb_inst.grant_encoded_reg[J]	axi_crossbar_inst.axi_crossbar_rd_inst.s_ifaces[I].r_arb_inst.mask_reg[J]	0.051400	-0.035664
axi_crossbar_inst.axi_crossbar_wr_inst.s_ifaces[I].addr_inst.m_axi_avalid_reg	axi_crossbar_inst.axi_crossbar_wr_inst.m_ifaces[I].a_arb_inst.grant_reg[J]	0.052000	0.036802
axi_crossbar_inst.axi_crossbar_wr_inst.s_ifaces[I].reg_inst.genblkJ.genblkK.m_axi_bready_reg	axi_crossbar_inst.axi_crossbar_wr_inst.m_ifaces[I].a_arb_inst.grant_reg[J]	0.052900	-0.029988
axi_crossbar_inst.axi_crossbar_rd_inst.s_ifaces[I].addr_inst.thread_id_reg[J][K]	axi_crossbar_inst.axi_crossbar_rd_inst.s_ifaces[I].addr_inst.thread_m_reg[J][K]	0.053900	0.029369
axi_crossbar_inst.axi_crossbar_rd_inst.s_ifaces[I].addr_inst.thread_id_reg[J][K]	axi_crossbar_inst.axi_crossbar_rd_inst.s_ifaces[I].addr_inst.thread_id_reg[J][K]	0.053900	0.033707
axi_crossbar_inst.axi_crossbar_wr_inst.s_ifaces[I].addr_inst.m_select_reg[J]	axi_crossbar_inst.axi_crossbar_wr_inst.m_ifaces[I].a_arb_inst.grant_reg[J]	0.054900	0.013076
axi_crossbar_inst.axi_crossbar_rd_inst.s_ifaces[I].r_arb_inst.grant_valid_reg	axi_crossbar_inst.axi_crossbar_rd_inst.m_ifaces[I].a_arb_inst.grant_reg[J]	0.057100	-0.041523
axi_crossbar_inst.axi_crossbar_wr_inst.s_ifaces[I].b_arb_inst.grant_valid_reg	mI_axi_bready	0.059400	-0.260239
axi_crossbar_inst.axi_crossbar_rd_inst.s_ifaces[I].r_arb_inst.grant_encoded_reg[J]	axi_crossbar_inst.axi_crossbar_rd_inst.s_ifaces[I].reg_inst.genblkJ.temp_s_axi_rdata_reg[K]	0.060300	-0.028513
mI_axi_rresp[J]	axi_crossbar_inst.axi_crossbar_rd_inst.s_ifaces[I].reg_inst.genblkJ.s_axi_rresp_reg[K]	0.060600	0.305469
axi_crossbar_inst.axi_crossbar_rd_inst.s_ifaces[I].r_arb_inst.grant_encoded_reg[J]	mI_axi_rready	0.060800	-0.299447
axi_crossbar_inst.axi_crossbar_rd_inst.s_ifaces[I].decerr_m_axi_rvalid_reg	axi_crossbar_inst.axi_crossbar_rd_inst.s_ifaces[I].r_arb_inst.mask_reg[J]	0.061700	0.067231
axi_crossbar_inst.axi_crossbar_rd_inst.s_ifaces[I].reg_inst.genblkJ.m_axi_rready_reg	mI_axi_rready	0.062300	-0.302957
axi_crossbar_inst.axi_crossbar_wr_inst.s_ifaces[I].addr_inst.match_reg	axi_crossbar_inst.axi_crossbar_wr_inst.s_ifaces[I].addr_inst.thread_count_reg[J][K]	0.062900	0.120471
axi_crossbar_inst.axi_crossbar_wr_inst.s_ifaces[I].reg_inst.genblkJ.genblkK.m_axi_bready_reg	mI_axi_bready	0.063000	-0.256429
axi_crossbar_inst.axi_crossbar_wr_inst.s_ifaces[I].w_drop_reg	axi_crossbar_inst.axi_crossbar_wr_inst.m_ifaces[I].a_arb_inst.grant_reg[J]	0.064400	0.022317
axi_crossbar_inst.axi_crossbar_wr_inst.s_ifaces[I].addr_inst.thread_id_reg[J][K]	axi_crossbar_inst.axi_crossbar_wr_inst.s_ifaces[I].addr_inst.thread_id_reg[J][K]	0.064500	0.007307
axi_crossbar_inst.axi_crossbar_wr_inst.s_ifaces[I].addr_inst.thread_id_reg[J][K]	axi_crossbar_inst.axi_crossbar_wr_inst.s_ifaces[I].addr_inst.thread_m_reg[J][K]	0.064500	0.018627
axi_crossbar_inst.axi_crossbar_wr_inst.m_ifaces[I].w_select_reg[J]	axi_crossbar_inst.axi_crossbar_wr_inst.m_ifaces[I].a_arb_inst.grant_encoded_reg[J]	0.065100	0.012580
axi_crossbar_inst.axi_crossbar_wr_inst.s_ifaces[I].w_select_reg[J]	sI_axi_wready	0.066100	-0.279222
axi_crossbar_inst.axi_crossbar_rd_inst.s_ifaces[I].reg_inst.genblkJ.m_axi_rready_reg	axi_crossbar_inst.axi_crossbar_rd_inst.m_ifaces[I].a_arb_inst.grant_encoded_reg[J]	0.066600	-0.050024
axi_crossbar_inst.axi_crossbar_rd_inst.s_ifaces[I].r_arb_inst.grant_encoded_reg[J]	axi_crossbar_inst.axi_crossbar_rd_inst.m_ifaces[I].a_arb_inst.grant_encoded_reg[J]	0.066900	-0.039679
mI_axi_rlast	axi_crossbar_inst.axi_crossbar_rd_inst.s_ifaces[I].reg_inst.genblkJ.temp_s_axi_rlast_reg	0.069300	0.283203
sI_axi_araddr[J]	axi_crossbar_inst.axi_crossbar_rd_inst.s_ifaces[I].addr_inst.m_select_reg[J]	0.069300	0.303710
sI_axi_awaddr[J]	axi_crossbar_inst.axi_crossbar_wr_inst.s_ifaces[I].addr_inst.m_select_reg[J]	0.069300	0.325226
axi_crossbar_inst.axi_crossbar_rd_inst.s_ifaces[I].r_arb_inst.grant_valid_reg	mI_axi_rready	0.069700	-0.281413
axi_crossbar_inst.axi_crossbar_wr_inst.s_ifaces[I].w_select_valid_reg	axi_crossbar_inst.axi_crossbar_wr_inst.m_ifaces[I].a_arb_inst.grant_encoded_reg[J]	0.072400	0.036588
axi_crossbar_inst.axi_crossbar_wr_inst.m_ifaces[I].w_select_reg[J]	axi_crossbar_inst.axi_crossbar_wr_inst.m_ifaces[I].reg_inst.genblkJ.m_axi_wdata_reg[K]	0.072600	-0.016617
axi_crossbar_inst.axi_crossbar_rd_inst.s_ifaces[I].addr_inst.trans_count_reg[J]	axi_crossbar_inst.axi_crossbar_rd_inst.s_ifaces[I].addr_inst.trans_count_reg[J]	0.072900	0.042415
axi_crossbar_inst.axi_crossbar_rd_inst.s_ifaces[I].r_arb_inst.grant_encoded_reg[J]	axi_crossbar_inst.axi_crossbar_rd_inst.s_ifaces[I].reg_inst.genblkJ.s_axi_rid_reg[K]	0.073200	-0.022694
axi_crossbar_inst.axi_crossbar_wr_inst.m_ifaces[I].w_select_valid_reg	sI_axi_wready	0.074000	-0.295638
axi_crossbar_inst.axi_crossbar_wr_inst.s_ifaces[I].w_select_reg[J]	axi_crossbar_inst.axi_crossbar_wr_inst.m_ifaces[I].a_arb_inst.grant_encoded_reg[J]	0.074500	0.014959
axi_crossbar_inst.axi_crossbar_rd_inst.s_ifaces[I].addr_inst.m_select_reg[J]	axi_crossbar_inst.axi_crossbar_rd_inst.s_ifaces[I].addr_inst.thread_id_reg[J][K]	0.074800	0.058839
axi_crossbar_inst.axi_crossbar_rd_inst.s_ifaces[I].addr_inst.m_select_reg[J]	axi_crossbar_inst.axi_crossbar_rd_inst.s_ifaces[I].addr_inst.thread_m_reg[J][K]	0.074800	0.054501
mI_axi_bvalid	axi_crossbar_inst.axi_crossbar_wr_inst.m_ifaces[I].a_arb_inst.grant_valid_reg	0.075100	0.249092
axi_crossbar_inst.axi_crossbar_wr_inst.s_ifaces[I].addr_inst.state_reg[J]	axi_crossbar_inst.axi_crossbar_wr_inst.s_ifaces[I].addr_inst.trans_count_reg[J]	0.075400	0.077413
rst	axi_crossbar_inst.axi_crossbar_wr_inst.m_ifaces[I].a_arb_inst.mask_reg[J]	0.077800	0.360373
rst	axi_crossbar_inst.axi_crossbar_rd_inst.m_ifaces[I].a_arb_inst.mask_reg[J]	0.077900	0.352976
rst	axi_crossbar_inst.axi_crossbar_rd_inst.m_ifaces[I].a_arb_inst.grant_reg[J]	0.078200	0.368499
rst	axi_crossbar_inst.axi_crossbar_wr_inst.s_ifaces[I].b_arb_inst.mask_reg[J]	0.078500	0.389792
rst	axi_crossbar_inst.axi_crossbar_rd_inst.s_ifaces[I].r_arb_inst.mask_reg[J]	0.079400	0.376139
rst	axi_crossbar_inst.axi_crossbar_wr_inst.m_ifaces[I].a_arb_inst.grant_reg[J]	0.079400	0.377594
axi_crossbar_inst.axi_crossbar_rd_inst.s_ifaces[I].r_arb_inst.grant_encoded_reg[J]	axi_crossbar_inst.axi_crossbar_rd_inst.s_ifaces[I].reg_inst.genblkJ.s_axi_rdata_reg[K]	0.080300	-0.021141
sI_axi_wdata[J]	axi_crossbar_inst.axi_crossbar_wr_inst.m_ifaces[I].reg_inst.genblkJ.m_axi_wdata_reg[K]	0.080800	0.324199
sI_axi_wstrb[J]	axi_crossbar_inst.axi_crossbar_wr_inst.m_ifaces[I].reg_inst.genblkJ.m_axi_wstrb_reg[K]	0.080800	0.328557
axi_crossbar_inst.axi_crossbar_rd_inst.s_ifaces[I].addr_inst.state_reg[J]	axi_crossbar_inst.axi_crossbar_rd_inst.s_ifaces[I].addr_inst.trans_count_reg[J]	0.080800	0.078103
axi_crossbar_inst.axi_crossbar_wr_inst.s_ifaces[I].b_arb_inst.grant_valid_reg	axi_crossbar_inst.axi_crossbar_wr_inst.m_ifaces[I].a_arb_inst.grant_encoded_reg[J]	0.082200	-0.007436
mI_axi_rlast	axi_crossbar_inst.axi_crossbar_rd_inst.s_ifaces[I].addr_inst.s_cpl_valid_r	0.082800	0.254762
axi_crossbar_inst.axi_crossbar_rd_inst.s_ifaces[I].r_arb_inst.grant_valid_reg	axi_crossbar_inst.axi_crossbar_rd_inst.m_ifaces[I].a_arb_inst.grant_encoded_reg[J]	0.083500	-0.028481
sI_axi_wlast	axi_crossbar_inst.axi_crossbar_wr_inst.m_ifaces[I].reg_inst.genblkJ.m_axi_wlast_reg	0.084200	0.281837
axi_crossbar_inst.axi_crossbar_rd_inst.m_ifaces[I].trans_count_reg[J]	axi_crossbar_inst.axi_crossbar_rd_inst.m_ifaces[I].a_arb_inst.mask_reg[J]	0.084700	0.155126
axi_crossbar_inst.axi_crossbar_wr_inst.s_ifaces[I].addr_inst.m_axi_avalid_reg	axi_crossbar_inst.axi_crossbar_wr_inst.m_ifaces[I].a_arb_inst.grant_encoded_reg[J]	0.084800	0.055869
axi_crossbar_inst.axi_crossbar_rd_inst.s_ifaces[I].addr_inst.m_axi_avalid_reg	axi_crossbar_inst.axi_crossbar_rd_inst.m_ifaces[I].a_arb_inst.grant_encoded_reg[J]	0.085000	0.025582
axi_crossbar_inst.axi_crossbar_wr_inst.m_ifaces[I].a_arb_inst.grant_valid_reg	axi_crossbar_inst.axi_crossbar_wr_inst.m_ifaces[I].a_arb_inst.mask_reg[J]	0.085100	0.122654
axi_crossbar_inst.axi_crossbar_wr_inst.s_ifaces[I].reg_inst.genblkJ.genblkK.m_axi_bready_reg	axi_crossbar_inst.axi_crossbar_wr_inst.m_ifaces[I].a_arb_inst.grant_encoded_reg[J]	0.085700	-0.004091
axi_crossbar_inst.axi_crossbar_wr_inst.s_ifaces[I].addr_inst.m_select_reg[J]	axi_crossbar_inst.axi_crossbar_wr_inst.m_ifaces[I].a_arb_inst.grant_encoded_reg[J]	0.087100	0.036200
axi_crossbar_inst.axi_crossbar_rd_inst.s_ifaces[I].addr_inst.m_select_reg[J]	axi_crossbar_inst.axi_crossbar_rd_inst.m_ifaces[I].a_arb_inst.grant_encoded_reg[J]	0.087400	-0.014350
rst	axi_crossbar_inst.axi_crossbar_wr_inst.s_ifaces[I].addr_inst.match_reg	0.087700	0.380718
axi_crossbar_inst.axi_crossbar_wr_inst.s_ifaces[I].b_arb_inst.grant_encoded_reg[J]	axi_crossbar_inst.axi_crossbar_wr_inst.m_ifaces[I].a_arb_inst.grant_encoded_reg[J]	0.087800	-0.017033
mI_axi_rvalid	axi_crossbar_inst.axi_crossbar_rd_inst.m_ifaces[I].a_arb_inst.grant_valid_reg	0.088100	0.229263
axi_crossbar_inst.axi_crossbar_wr_inst.s_ifaces[I].addr_inst.trans_count_reg[J]	axi_crossbar_inst.axi_crossbar_wr_inst.s_ifaces[I].addr_inst.trans_count_reg[J]	0.089000	0.052446
mI_axi_rdata[J]	axi_crossbar_inst.axi_crossbar_rd_inst.s_ifaces[I].reg_inst.genblkJ.temp_s_axi_rdata_reg[K]	0.091000	0.357898
rst	axi_crossbar_inst.axi_crossbar_wr_inst.s_ifaces[I].b_arb_inst.grant_valid_reg	0.091100	0.417372
mI_axi_bid[J]	axi_crossbar_inst.axi_crossbar_wr_inst.s_ifaces[I].reg_inst.genblkJ.genblkK.s_axi_bid_reg[L]	0.091100	0.324657
axi_crossbar_inst.axi_crossbar_wr_inst.m_ifaces[I].w_select_reg[J]	axi_crossbar_inst.axi_crossbar_wr_inst.m_ifaces[I].reg_inst.genblkJ.m_axi_wstrb_reg[K]	0.091400	-0.018136
rst	axi_crossbar_inst.axi_crossbar_rd_inst.s_ifaces[I].r_arb_inst.grant_valid_reg	0.091500	0.413884
rst	axi_crossbar_inst.axi_crossbar_wr_inst.s_ifaces[I].b_arb_inst.grant_reg[J]	0.091600	0.408289
rst	axi_crossbar_inst.axi_crossbar_rd_inst.m_ifaces[I].a_arb_inst.grant_valid_reg	0.091900	0.398939
rst	axi_crossbar_inst.axi_crossbar_rd_inst.m_ifaces[I].a_arb_inst.grant_encoded_reg[J]	0.091900	0.413502
rst	axi_crossbar_inst.axi_crossbar_rd_inst.m_ifaces[I].reg_inst.genblkJ.genblkK.m_axi_arvalid_reg	0.091900	0.399874
rst	axi_crossbar_inst.axi_crossbar_rd_inst.s_ifaces[I].r_arb_inst.grant_encoded_reg[J]	0.091900	0.417528
rst	axi_crossbar_inst.axi_crossbar_rd_inst.s_ifaces[I].r_arb_inst.grant_reg[J]	0.091900	0.417940
rst	axi_crossbar_inst.axi_crossbar_rd_inst.s_ifaces[I].reg_inst.genblkJ.temp_s_axi_rvalid_reg	0.091900	0.402029
rst	axi_crossbar_inst.axi_crossbar_rd_inst.s_ifaces[I].reg_inst.genblkJ.m_axi_rready_reg	0.091900	0.398328
rst	axi_crossbar_inst.axi_crossbar_wr_inst.m_ifaces[I].a_arb_inst.grant_valid_reg	0.091900	0.401885
rst	axi_crossbar_inst.axi_crossbar_wr_inst.m_ifaces[I].reg_inst.genblkJ.temp_m_axi_wvalid_reg	0.091900	0.398833
rst	axi_crossbar_inst.axi_crossbar_wr_inst.m_ifaces[I].reg_inst.genblkJ.genblkK.m_axi_awvalid_reg	0.091900	0.394542
rst	axi_crossbar_inst.axi_crossbar_wr_inst.m_ifaces[I].a_arb_inst.grant_encoded_reg[J]	0.091900	0.392978
rst	axi_crossbar_inst.axi_crossbar_wr_inst.s_ifaces[I].addr_inst.m_rc_valid_reg	0.091900	0.405314
rst	axi_crossbar_inst.axi_crossbar_wr_inst.s_ifaces[I].addr_inst.m_wc_valid_reg	0.091900	0.384665
rst	axi_crossbar_inst.axi_crossbar_wr_inst.s_ifaces[I].b_arb_inst.grant_encoded_reg[J]	0.091900	0.411983
rst	axi_crossbar_inst.axi_crossbar_wr_inst.s_ifaces[I].w_select_valid_reg	0.091900	0.401115
rst	axi_crossbar_inst.axi_crossbar_wr_inst.s_ifaces[I].reg_inst.genblkJ.genblkK.s_axi_bvalid_reg	0.091900	0.411239
axi_crossbar_inst.axi_crossbar_rd_inst.s_ifaces[I].r_arb_inst.grant_encoded_reg[J]	axi_crossbar_inst.axi_crossbar_rd_inst.s_ifaces[I].reg_inst.genblkJ.s_axi_rresp_reg[K]	0.092400	0.000792
rst	axi_crossbar_inst.axi_crossbar_wr_inst.m_ifaces[I].reg_inst.genblkJ.s_axi_wready_reg	0.093800	0.397333
mI_axi_rid[J]	axi_crossbar_inst.axi_crossbar_rd_inst.s_ifaces[I].reg_inst.genblkJ.temp_s_axi_rid_reg[K]	0.094700	0.326252
axi_crossbar_inst.axi_crossbar_rd_inst.s_ifaces[I].r_arb_inst.grant_encoded_reg[J]	axi_crossbar_inst.axi_crossbar_rd_inst.s_ifaces[I].r_arb_inst.grant_valid_reg	0.095900	0.010251
axi_crossbar_inst.axi_crossbar_wr_inst.s_ifaces[I].addr_inst.m_select_reg[J]	axi_crossbar_inst.axi_crossbar_wr_inst.s_ifaces[I].addr_inst.thread_id_reg[J][K]	0.098300	0.074428
axi_crossbar_inst.axi_crossbar_wr_inst.s_ifaces[I].addr_inst.m_select_reg[J]	axi_crossbar_inst.axi_crossbar_wr_inst.s_ifaces[I].addr_inst.thread_m_reg[J][K]	0.098300	0.071378
rst	axi_crossbar_inst.axi_crossbar_wr_inst.m_ifaces[I].w_select_new_reg	0.099200	0.397642
rst	axi_crossbar_inst.axi_crossbar_wr_inst.s_ifaces[I].addr_inst.s_axi_aready_reg	0.100600	0.364986
rst	axi_crossbar_inst.axi_crossbar_rd_inst.s_ifaces[I].addr_inst.s_axi_aready_reg	0.100700	0.381367
rst	axi_crossbar_inst.axi_crossbar_wr_inst.m_ifaces[I].reg_inst.genblkJ.genblkK.s_axi_awready_reg	0.100700	0.398030
rst	axi_crossbar_inst.axi_crossbar_wr_inst.s_ifaces[I].reg_inst.genblkJ.genblkK.m_axi_bready_reg	0.100700	0.381408
rst	axi_crossbar_inst.axi_crossbar_rd_inst.s_ifaces[I].addr_inst.m_rc_valid_reg	0.100800	0.347520
sI_axi_arlen[J]	axi_crossbar_inst.axi_crossbar_rd_inst.m_ifaces[I].reg_inst.genblkJ.genblkK.m_axi_arlen_reg[L]	0.101500	0.343451
rst	axi_crossbar_inst.axi_crossbar_rd_inst.s_ifaces[I].addr_inst.s_cpl_valid_r	0.101800	0.372287
axi_crossbar_inst.axi_crossbar_wr_inst.s_ifaces[I].w_drop_reg	axi_crossbar_inst.axi_crossbar_wr_inst.m_ifaces[I].a_arb_inst.grant_encoded_reg[J]	0.102200	0.058866
rst	axi_crossbar_inst.axi_crossbar_rd_inst.s_ifaces[I].addr_inst.thread_count_reg[J][K]	0.102700	0.406959
rst	axi_crossbar_inst.axi_crossbar_rd_inst.s_ifaces[I].addr_inst.trans_count_reg[J]	0.102700	0.403849
axi_crossbar_inst.axi_crossbar_wr_inst.m_ifaces[I].w_select_reg[J]	axi_crossbar_inst.axi_crossbar_wr_inst.m_ifaces[I].reg_inst.genblkJ.temp_m_axi_wdata_reg[K]	0.103500	0.010914
rst	axi_crossbar_inst.axi_crossbar_rd_inst.s_ifaces[I].addr_inst.match_reg	0.104000	0.386742
rst	axi_crossbar_inst.axi_crossbar_rd_inst.m_ifaces[I].reg_inst.genblkJ.genblkK.s_axi_arready_reg	0.104100	0.444099
sI_axi_araddr[J]	axi_crossbar_inst.axi_crossbar_rd_inst.s_ifaces[I].addr_inst.match_reg	0.104300	0.341536
sI_axi_awaddr[J]	axi_crossbar_inst.axi_crossbar_wr_inst.s_ifaces[I].addr_inst.match_reg	0.104300	0.341798
rst	axi_crossbar_inst.axi_crossbar_rd_inst.s_ifaces[I].addr_inst.m_axi_avalid_reg	0.104700	0.425130
rst	axi_crossbar_inst.axi_crossbar_wr_inst.s_ifaces[I].addr_inst.thread_count_reg[J][K]	0.106900	0.394837
rst	axi_crossbar_inst.axi_crossbar_wr_inst.s_ifaces[I].addr_inst.trans_count_reg[J]	0.106900	0.398708
rst	axi_crossbar_inst.axi_crossbar_wr_inst.s_ifaces[I].addr_inst.s_cpl_valid_r	0.107000	0.414389
sI_axi_wlast	axi_crossbar_inst.axi_crossbar_wr_inst.m_ifaces[I].reg_inst.genblkJ.temp_m_axi_wlast_reg	0.107700	0.310778
rst	axi_crossbar_inst.axi_crossbar_wr_inst.s_ifaces[I].addr_inst.m_axi_avalid_reg	0.107800	0.388635
mI_axi_rresp[J]	axi_crossbar_inst.axi_crossbar_rd_inst.s_ifaces[I].reg_inst.genblkJ.temp_s_axi_rresp_reg[K]	0.108200	0.343456
axi_crossbar_inst.axi_crossbar_rd_inst.m_ifaces[I].a_arb_inst.mask_reg[J]	axi_crossbar_inst.axi_crossbar_rd_inst.m_ifaces[I].a_arb_inst.grant_reg[J]	0.108800	0.077545
mI_axi_rid[J]	axi_crossbar_inst.axi_crossbar_rd_inst.s_ifaces[I].addr_inst.s_cpl_id_r[J]	0.110700	0.335625
mI_axi_rdata[J]	axi_crossbar_inst.axi_crossbar_rd_inst.s_ifaces[I].reg_inst.genblkJ.s_axi_rdata_reg[K]	0.110800	0.359151
axi_crossbar_inst.axi_crossbar_wr_inst.s_ifaces[I].addr_inst.s_axi_aid_r[J]	axi_crossbar_inst.axi_crossbar_wr_inst.s_ifaces[I].addr_inst.m_axi_avalid_reg	0.112500	0.090416
rst	axi_crossbar_inst.axi_crossbar_rd_inst.s_ifaces[I].decerr_m_axi_rvalid_reg	0.112900	0.419954
rst	axi_crossbar_inst.axi_crossbar_wr_inst.m_ifaces[I].w_select_valid_reg	0.112900	0.410980
rst	axi_crossbar_inst.axi_crossbar_rd_inst.s_ifaces[I].addr_inst.state_reg[J]	0.113300	0.390015
axi_crossbar_inst.axi_crossbar_rd_inst.m_ifaces[I].a_arb_inst.grant_reg[J]	axi_crossbar_inst.axi_crossbar_rd_inst.m_ifaces[I].a_arb_inst.grant_reg[J]	0.113400	0.088552
axi_crossbar_inst.axi_crossbar_wr_inst.s_ifaces[I].b_arb_inst.grant_encoded_reg[J]	axi_crossbar_inst.axi_crossbar_wr_inst.s_ifaces[I].reg_inst.genblkJ.genblkK.s_axi_bresp_reg[L]	0.113800	0.030439
axi_crossbar_inst.axi_crossbar_wr_inst.m_ifaces[I].a_arb_inst.mask_reg[J]	axi_crossbar_inst.axi_crossbar_wr_inst.m_ifaces[I].a_arb_inst.grant_reg[J]	0.114200	0.097954
rst	axi_crossbar_inst.axi_crossbar_wr_inst.s_ifaces[I].addr_inst.state_reg[J]	0.114400	0.376325
rst	axi_crossbar_inst.axi_crossbar_wr_inst.m_ifaces[I].trans_count_reg[J]	0.115500	0.412609
axi_crossbar_inst.axi_crossbar_wr_inst.m_ifaces[I].w_select_reg[J]	axi_crossbar_inst.axi_crossbar_wr_inst.m_ifaces[I].a_arb_inst.grant_valid_reg	0.116000	0.062103
sI_axi_rready	axi_crossbar_inst.axi_crossbar_rd_inst.s_ifaces[I].reg_inst.genblkJ.temp_s_axi_rdata_reg[K]	0.116200	0.417119
rst	axi_crossbar_inst.axi_crossbar_wr_inst.m_ifaces[I].reg_inst.genblkJ.m_axi_wvalid_reg	0.116800	0.424244
axi_crossbar_inst.axi_crossbar_rd_inst.s_ifaces[I].r_arb_inst.grant_encoded_reg[J]	axi_crossbar_inst.axi_crossbar_rd_inst.s_ifaces[I].reg_inst.genblkJ.temp_s_axi_rid_reg[K]	0.116800	0.010425
sI_axi_wdata[J]	axi_crossbar_inst.axi_crossbar_wr_inst.m_ifaces[I].reg_inst.genblkJ.temp_m_axi_wdata_reg[K]	0.116900	0.356455
sI_axi_wstrb[J]	axi_crossbar_inst.axi_crossbar_wr_inst.m_ifaces[I].reg_inst.genblkJ.temp_m_axi_wstrb_reg[K]	0.116900	0.357106
rst	axi_crossbar_inst.axi_crossbar_rd_inst.m_ifaces[I].trans_count_reg[J]	0.117200	0.395412
mI_axi_wready	axi_crossbar_inst.axi_crossbar_wr_inst.m_ifaces[I].reg_inst.genblkJ.m_axi_wdata_reg[K]	0.117700	0.388052
mI_axi_wready	axi_crossbar_inst.axi_crossbar_wr_inst.m_ifaces[I].reg_inst.genblkJ.m_axi_wstrb_reg[K]	0.117700	0.395291
axi_crossbar_inst.axi_crossbar_rd_inst.s_ifaces[I].addr_inst.s_axi_aid_r[J]	axi_crossbar_inst.axi_crossbar_rd_inst.s_ifaces[I].addr_inst.m_rc_valid_reg	0.117800	0.132773
axi_crossbar_inst.axi_crossbar_wr_inst.s_ifaces[I].b_arb_inst.mask_reg[J]	axi_crossbar_inst.axi_crossbar_wr_inst.s_ifaces[I].b_arb_inst.grant_reg[J]	0.117900	0.077234
axi_crossbar_inst.axi_crossbar_wr_inst.m_ifaces[I].reg_inst.genblkJ.s_axi_wready_reg	axi_crossbar_inst.axi_crossbar_wr_inst.m_ifaces[I].a_arb_inst.mask_reg[J]	0.118000	0.074922
sI_axi_arid[J]	axi_crossbar_inst.axi_crossbar_rd_inst.m_ifaces[I].reg_inst.genblkJ.genblkK.m_axi_arid_reg[L]	0.118600	0.343697
sI_axi_awid[J]	axi_crossbar_inst.axi_crossbar_wr_inst.m_ifaces[I].reg_inst.genblkJ.genblkK.m_axi_awid_reg[L]	0.118700	0.332301
rst	axi_crossbar_inst.axi_crossbar_wr_inst.s_ifaces[I].decerr_m_axi_bvalid_reg	0.119300	0.408226
sI_axi_araddr[J]	axi_crossbar_inst.axi_crossbar_rd_inst.m_ifaces[I].reg_inst.genblkJ.genblkK.m_axi_araddr_reg[L]	0.119400	0.335589
sI_axi_awaddr[J]	axi_crossbar_inst.axi_crossbar_wr_inst.m_ifaces[I].reg_inst.genblkJ.genblkK.m_axi_awaddr_reg[L]	0.119400	0.343222
mI_axi_wready	axi_crossbar_inst.axi_crossbar_wr_inst.m_ifaces[I].reg_inst.genblkJ.temp_m_axi_wdata_reg[K]	0.119500	0.415253
axi_crossbar_inst.axi_crossbar_wr_inst.m_ifaces[I].w_select_new_reg	axi_crossbar_inst.axi_crossbar_wr_inst.m_ifaces[I].a_arb_inst.mask_reg[J]	0.120300	0.151533
mI_axi_wready	axi_crossbar_inst.axi_crossbar_wr_inst.m_ifaces[I].reg_inst.genblkJ.temp_m_axi_wstrb_reg[K]	0.120800	0.422073
axi_crossbar_inst.axi_crossbar_rd_inst.s_ifaces[I].addr_inst.s_cpl_valid_r	axi_crossbar_inst.axi_crossbar_rd_inst.s_ifaces[I].addr_inst.trans_count_reg[J]	0.120800	0.101416
axi_crossbar_inst.axi_crossbar_rd_inst.s_ifaces[I].addr_inst.s_axi_aid_r[J]	axi_crossbar_inst.axi_crossbar_rd_inst.s_ifaces[I].addr_inst.state_reg[J]	0.121300	0.126872
sI_axi_arqos[J]	axi_crossbar_inst.axi_crossbar_rd_inst.m_ifaces[I].reg_inst.genblkJ.genblkK.m_axi_arqos_reg[L]	0.121800	0.366435
sI_axi_awburst[J]	axi_crossbar_inst.axi_crossbar_wr_inst.m_ifaces[I].reg_inst.genblkJ.genblkK.m_axi_awburst_reg[L]	0.121900	0.362235
sI_axi_awcache[J]	axi_crossbar_inst.axi_crossbar_wr_inst.m_ifaces[I].reg_inst.genblkJ.genblkK.m_axi_awcache_reg[L]	0.121900	0.353028
sI_axi_awlen[J]	axi_crossbar_inst.axi_crossbar_wr_inst.m_ifaces[I].reg_inst.genblkJ.genblkK.m_axi_awlen_reg[L]	0.121900	0.371599
sI_axi_awlock	axi_crossbar_inst.axi_crossbar_wr_inst.m_ifaces[I].reg_inst.genblkJ.genblkK.m_axi_awlock_reg	0.121900	0.350958
sI_axi_awprot[J]	axi_crossbar_inst.axi_crossbar_wr_inst.m_ifaces[I].reg_inst.genblkJ.genblkK.m_axi_awprot_reg[L]	0.121900	0.362352
sI_axi_awqos[J]	axi_crossbar_inst.axi_crossbar_wr_inst.m_ifaces[I].reg_inst.genblkJ.genblkK.m_axi_awqos_reg[L]	0.121900	0.351399
sI_axi_awsize[J]	axi_crossbar_inst.axi_crossbar_wr_inst.m_ifaces[I].reg_inst.genblkJ.genblkK.m_axi_awsize_reg[L]	0.121900	0.354260
sI_axi_arburst[J]	axi_crossbar_inst.axi_crossbar_rd_inst.m_ifaces[I].reg_inst.genblkJ.genblkK.m_axi_arburst_reg[L]	0.121900	0.364369
sI_axi_arcache[J]	axi_crossbar_inst.axi_crossbar_rd_inst.m_ifaces[I].reg_inst.genblkJ.genblkK.m_axi_arcache_reg[L]	0.121900	0.357478
sI_axi_arprot[J]	axi_crossbar_inst.axi_crossbar_rd_inst.m_ifaces[I].reg_inst.genblkJ.genblkK.m_axi_arprot_reg[L]	0.121900	0.351435
sI_axi_arsize[J]	axi_crossbar_inst.axi_crossbar_rd_inst.m_ifaces[I].reg_inst.genblkJ.genblkK.m_axi_arsize_reg[L]	0.121900	0.367806
sI_axi_arlock	axi_crossbar_inst.axi_crossbar_rd_inst.m_ifaces[I].reg_inst.genblkJ.genblkK.m_axi_arlock_reg	0.122000	0.370063
axi_crossbar_inst.axi_crossbar_wr_inst.m_ifaces[I].w_select_reg[J]	axi_crossbar_inst.axi_crossbar_wr_inst.s_ifaces[I].w_select_valid_reg	0.122000	0.200813
axi_crossbar_inst.axi_crossbar_wr_inst.m_ifaces[I].w_select_reg[J]	axi_crossbar_inst.axi_crossbar_wr_inst.m_ifaces[I].reg_inst.genblkJ.temp_m_axi_wstrb_reg[K]	0.122400	0.016086
axi_crossbar_inst.axi_crossbar_wr_inst.s_ifaces[I].b_arb_inst.grant_encoded_reg[J]	axi_crossbar_inst.axi_crossbar_wr_inst.s_ifaces[I].reg_inst.genblkJ.genblkK.s_axi_bvalid_reg	0.123200	0.066466
axi_crossbar_inst.axi_crossbar_rd_inst.s_ifaces[I].r_arb_inst.mask_reg[J]	axi_crossbar_inst.axi_crossbar_rd_inst.s_ifaces[I].r_arb_inst.grant_reg[J]	0.124500	0.068690
axi_crossbar_inst.axi_crossbar_wr_inst.s_ifaces[I].b_arb_inst.grant_reg[J]	axi_crossbar_inst.axi_crossbar_wr_inst.s_ifaces[I].b_arb_inst.grant_reg[J]	0.124800	0.088674
axi_crossbar_inst.axi_crossbar_wr_inst.s_ifaces[I].b_arb_inst.grant_encoded_reg[J]	axi_crossbar_inst.axi_crossbar_wr_inst.s_ifaces[I].addr_inst.s_cpl_valid_r	0.125500	0.052686
axi_crossbar_inst.axi_crossbar_wr_inst.m_ifaces[I].a_arb_inst.grant_encoded_reg[J]	axi_crossbar_inst.axi_crossbar_wr_inst.m_ifaces[I].reg_inst.genblkJ.genblkK.m_axi_awburst_reg[L]	0.126100	0.093485
axi_crossbar_inst.axi_crossbar_wr_inst.m_ifaces[I].a_arb_inst.grant_encoded_reg[J]	axi_crossbar_inst.axi_crossbar_wr_inst.m_ifaces[I].reg_inst.genblkJ.genblkK.m_axi_awcache_reg[L]	0.126100	0.074196
axi_crossbar_inst.axi_crossbar_wr_inst.m_ifaces[I].a_arb_inst.grant_encoded_reg[J]	axi_crossbar_inst.axi_crossbar_wr_inst.m_ifaces[I].reg_inst.genblkJ.genblkK.m_axi_awsize_reg[L]	0.126100	0.062461
axi_crossbar_inst.axi_crossbar_wr_inst.m_ifaces[I].a_arb_inst.grant_encoded_reg[J]	axi_crossbar_inst.axi_crossbar_wr_inst.m_ifaces[I].reg_inst.genblkJ.genblkK.m_axi_awaddr_reg[L]	0.126100	0.064239
axi_crossbar_inst.axi_crossbar_wr_inst.m_ifaces[I].a_arb_inst.grant_encoded_reg[J]	axi_crossbar_inst.axi_crossbar_wr_inst.m_ifaces[I].reg_inst.genblkJ.genblkK.m_axi_awlen_reg[L]	0.126100	0.069000
sI_axi_rready	axi_crossbar_inst.axi_crossbar_rd_inst.s_ifaces[I].reg_inst.genblkJ.temp_s_axi_rresp_reg[K]	0.126300	0.422774
axi_crossbar_inst.axi_crossbar_rd_inst.s_ifaces[I].addr_inst.s_axi_aid_r[J]	axi_crossbar_inst.axi_crossbar_rd_inst.s_ifaces[I].addr_inst.m_axi_avalid_reg	0.126700	0.100752
sI_axi_rready	axi_crossbar_inst.axi_crossbar_rd_inst.s_ifaces[I].reg_inst.genblkJ.temp_s_axi_rid_reg[K]	0.126800	0.414490
sI_axi_rready	axi_crossbar_inst.axi_crossbar_rd_inst.s_ifaces[I].reg_inst.genblkJ.temp_s_axi_rlast_reg	0.126800	0.425388
axi_crossbar_inst.axi_crossbar_wr_inst.s_ifaces[I].addr_inst.s_cpl_valid_r	axi_crossbar_inst.axi_crossbar_wr_inst.s_ifaces[I].addr_inst.trans_count_reg[J]	0.127700	0.127207
axi_crossbar_inst.axi_crossbar_wr_inst.m_ifaces[I].a_arb_inst.grant_encoded_reg[J]	axi_crossbar_inst.axi_crossbar_wr_inst.m_ifaces[I].reg_inst.genblkJ.genblkK.m_axi_awprot_reg[L]	0.128200	0.068340
axi_crossbar_inst.axi_crossbar_wr_inst.m_ifaces[I].a_arb_inst.grant_encoded_reg[J]	axi_crossbar_inst.axi_crossbar_wr_inst.m_ifaces[I].reg_inst.genblkJ.genblkK.m_axi_awqos_reg[L]	0.128200	0.088740
axi_crossbar_inst.axi_crossbar_wr_inst.m_ifaces[I].a_arb_inst.grant_encoded_reg[J]	axi_crossbar_inst.axi_crossbar_wr_inst.m_ifaces[I].reg_inst.genblkJ.genblkK.m_axi_awid_reg[L]	0.128300	0.089623
axi_crossbar_inst.axi_crossbar_wr_inst.m_ifaces[I].a_arb_inst.grant_encoded_reg[J]	axi_crossbar_inst.axi_crossbar_wr_inst.m_ifaces[I].reg_inst.genblkJ.genblkK.m_axi_awlock_reg	0.128300	0.064701
axi_crossbar_inst.axi_crossbar_wr_inst.s_ifaces[I].addr_inst.m_select_reg[J]	axi_crossbar_inst.axi_crossbar_wr_inst.s_ifaces[I].addr_inst.state_reg[J]	0.128600	0.078443
axi_crossbar_inst.axi_crossbar_rd_inst.m_ifaces[I].a_arb_inst.grant_encoded_reg[J]	axi_crossbar_inst.axi_crossbar_rd_inst.m_ifaces[I].reg_inst.genblkJ.genblkK.m_axi_arburst_reg[L]	0.131800	0.094961
axi_crossbar_inst.axi_crossbar_rd_inst.m_ifaces[I].a_arb_inst.grant_encoded_reg[J]	axi_crossbar_inst.axi_crossbar_rd_inst.m_ifaces[I].reg_inst.genblkJ.genblkK.m_axi_arcache_reg[L]	0.131800	0.103955
axi_crossbar_inst.axi_crossbar_rd_inst.m_ifaces[I].a_arb_inst.grant_encoded_reg[J]	axi_crossbar_inst.axi_crossbar_rd_inst.m_ifaces[I].reg_inst.genblkJ.genblkK.m_axi_arlen_reg[L]	0.131800	0.109801
axi_crossbar_inst.axi_crossbar_rd_inst.m_ifaces[I].a_arb_inst.grant_encoded_reg[J]	axi_crossbar_inst.axi_crossbar_rd_inst.m_ifaces[I].reg_inst.genblkJ.genblkK.m_axi_arsize_reg[L]	0.131800	0.086628
axi_crossbar_inst.axi_crossbar_rd_inst.s_ifaces[I].r_arb_inst.grant_encoded_reg[J]	axi_crossbar_inst.axi_crossbar_rd_inst.s_ifaces[I].reg_inst.genblkJ.temp_s_axi_rvalid_reg	0.131900	0.009852
axi_crossbar_inst.axi_crossbar_rd_inst.s_ifaces[I].r_arb_inst.grant_encoded_reg[J]	axi_crossbar_inst.axi_crossbar_rd_inst.s_ifaces[I].addr_inst.s_cpl_id_r[J]	0.132700	0.020435
mI_axi_bresp[J]	axi_crossbar_inst.axi_crossbar_wr_inst.s_ifaces[I].reg_inst.genblkJ.genblkK.s_axi_bresp_reg[L]	0.133000	0.379621
axi_crossbar_inst.axi_crossbar_rd_inst.s_ifaces[I].r_arb_inst.grant_reg[J]	axi_crossbar_inst.axi_crossbar_rd_inst.s_ifaces[I].r_arb_inst.grant_reg[J]	0.133600	0.081006
axi_crossbar_inst.axi_crossbar_wr_inst.m_ifaces[I].a_arb_inst.grant_reg[J]	axi_crossbar_inst.axi_crossbar_wr_inst.m_ifaces[I].a_arb_inst.grant_reg[J]	0.134100	0.112195
axi_crossbar_inst.axi_crossbar_wr_inst.s_ifaces[I].addr_inst.thread_count_reg[J][K]	axi_crossbar_inst.axi_crossbar_wr_inst.s_ifaces[I].addr_inst.m_axi_avalid_reg	0.134200	0.096630
axi_crossbar_inst.axi_crossbar_rd_inst.m_ifaces[I].a_arb_inst.grant_encoded_reg[J]	axi_crossbar_inst.axi_crossbar_rd_inst.m_ifaces[I].reg_inst.genblkJ.genblkK.m_axi_arprot_reg[L]	0.134600	0.104716
axi_crossbar_inst.axi_crossbar_rd_inst.m_ifaces[I].a_arb_inst.grant_encoded_reg[J]	axi_crossbar_inst.axi_crossbar_rd_inst.m_ifaces[I].reg_inst.genblkJ.genblkK.m_axi_arqos_reg[L]	0.134600	0.102207
axi_crossbar_inst.axi_crossbar_wr_inst.s_ifaces[I].addr_inst.m_select_reg[J]	axi_crossbar_inst.axi_crossbar_wr_inst.s_ifaces[I].addr_inst.s_axi_aready_reg	0.136500	0.082227
axi_crossbar_inst.axi_crossbar_wr_inst.s_ifaces[I].b_arb_inst.grant_encoded_reg[J]	axi_crossbar_inst.axi_crossbar_wr_inst.s_ifaces[I].reg_inst.genblkJ.genblkK.m_axi_bready_reg	0.138200	0.038185
axi_crossbar_inst.axi_crossbar_rd_inst.m_ifaces[I].a_arb_inst.grant_encoded_reg[J]	axi_crossbar_inst.axi_crossbar_rd_inst.m_ifaces[I].reg_inst.genblkJ.genblkK.m_axi_araddr_reg[L]	0.138300	0.074354
axi_crossbar_inst.axi_crossbar_rd_inst.s_ifaces[I].addr_inst.thread_id_reg[J][K]	axi_crossbar_inst.axi_crossbar_rd_inst.s_ifaces[I].addr_inst.m_rc_valid_reg	0.139100	0.136590
axi_crossbar_inst.axi_crossbar_wr_inst.m_ifaces[I].w_select_valid_reg	axi_crossbar_inst.axi_crossbar_wr_inst.m_ifaces[I].a_arb_inst.mask_reg[J]	0.140000	0.163670
axi_crossbar_inst.axi_crossbar_rd_inst.s_ifaces[I].r_arb_inst.grant_encoded_reg[J]	axi_crossbar_inst.axi_crossbar_rd_inst.s_ifaces[I].reg_inst.genblkJ.temp_s_axi_rresp_reg[K]	0.140100	0.052918
axi_crossbar_inst.axi_crossbar_wr_inst.s_ifaces[I].addr_inst.m_axi_avalid_reg	axi_crossbar_inst.axi_crossbar_wr_inst.m_ifaces[I].a_arb_inst.grant_valid_reg	0.140500	0.142760
axi_crossbar_inst.axi_crossbar_rd_inst.s_ifaces[I].addr_inst.match_reg	axi_crossbar_inst.axi_crossbar_rd_inst.s_ifaces[I].addr_inst.trans_count_reg[J]	0.140700	0.159943
axi_crossbar_inst.axi_crossbar_wr_inst.s_ifaces[I].addr_inst.thread_id_reg[J][K]	axi_crossbar_inst.axi_crossbar_wr_inst.s_ifaces[I].addr_inst.m_axi_avalid_reg	0.140800	0.087441
axi_crossbar_inst.axi_crossbar_wr_inst.s_ifaces[I].b_arb_inst.grant_encoded_reg[J]	axi_crossbar_inst.axi_crossbar_wr_inst.s_ifaces[I].reg_inst.genblkJ.genblkK.s_axi_bid_reg[L]	0.141400	0.008809
axi_crossbar_inst.axi_crossbar_wr_inst.s_ifaces[I].w_select_reg[J]	axi_crossbar_inst.axi_crossbar_wr_inst.m_ifaces[I].a_arb_inst.grant_valid_reg	0.141700	0.075835
axi_crossbar_inst.axi_crossbar_rd_inst.s_ifaces[I].r_arb_inst.mask_reg[J]	axi_crossbar_inst.axi_crossbar_rd_inst.s_ifaces[I].r_arb_inst.grant_encoded_reg[J]	0.141900	0.066612
axi_crossbar_inst.axi_crossbar_rd_inst.s_ifaces[I].addr_inst.thread_id_reg[J][K]	axi_crossbar_inst.axi_crossbar_rd_inst.s_ifaces[I].addr_inst.state_reg[J]	0.142600	0.136536
axi_crossbar_inst.axi_crossbar_wr_inst.s_ifaces[I].addr_inst.s_axi_aid_r[J]	axi_crossbar_inst.axi_crossbar_wr_inst.s_ifaces[I].addr_inst.m_rc_valid_reg	0.144000	0.088101
axi_crossbar_inst.axi_crossbar_wr_inst.s_ifaces[I].b_arb_inst.grant_valid_reg	axi_crossbar_inst.axi_crossbar_wr_inst.m_ifaces[I].a_arb_inst.grant_valid_reg	0.144500	0.074312
axi_crossbar_inst.axi_crossbar_wr_inst.s_ifaces[I].addr_inst.thread_count_reg[J][K]	axi_crossbar_inst.axi_crossbar_wr_inst.s_ifaces[I].addr_inst.m_rc_valid_reg	0.145200	0.120870
sI_axi_rready	axi_crossbar_inst.axi_crossbar_rd_inst.s_ifaces[I].reg_inst.genblkJ.s_axi_rid_reg[K]	0.146200	0.422396
sI_axi_rready	axi_crossbar_inst.axi_crossbar_rd_inst.s_ifaces[I].reg_inst.genblkJ.s_axi_rlast_reg	0.146400	0.445265
sI_axi_rready	axi_crossbar_inst.axi_crossbar_rd_inst.s_ifaces[I].reg_inst.genblkJ.s_axi_rresp_reg[K]	0.146400	0.447285
axi_crossbar_inst.axi_crossbar_rd_inst.s_ifaces[I].r_arb_inst.grant_encoded_reg[J]	axi_crossbar_inst.axi_crossbar_rd_inst.s_ifaces[I].decerr_len_reg[J]	0.146500	0.118181
axi_crossbar_inst.axi_crossbar_rd_inst.s_ifaces[I].r_arb_inst.grant_encoded_reg[J]	axi_crossbar_inst.axi_crossbar_rd_inst.s_ifaces[I].decerr_m_axi_rlast_reg	0.146500	0.128165
rst	axi_crossbar_inst.axi_crossbar_rd_inst.s_ifaces[I].reg_inst.genblkJ.s_axi_rvalid_reg	0.146900	0.394086
axi_crossbar_inst.axi_crossbar_wr_inst.s_ifaces[I].addr_inst.s_axi_aid_r[J]	axi_crossbar_inst.axi_crossbar_wr_inst.s_ifaces[I].addr_inst.m_decerr_reg	0.146900	0.121616
axi_crossbar_inst.axi_crossbar_wr_inst.m_ifaces[I].w_select_reg[J]	axi_crossbar_inst.axi_crossbar_wr_inst.m_ifaces[I].w_select_valid_reg	0.147200	0.121044
axi_crossbar_inst.axi_crossbar_rd_inst.m_ifaces[I].a_arb_inst.grant_encoded_reg[J]	axi_crossbar_inst.axi_crossbar_rd_inst.m_ifaces[I].reg_inst.genblkJ.genblkK.m_axi_arid_reg[L]	0.147400	0.087533
axi_crossbar_inst.axi_crossbar_rd_inst.m_ifaces[I].a_arb_inst.grant_encoded_reg[J]	axi_crossbar_inst.axi_crossbar_rd_inst.m_ifaces[I].reg_inst.genblkJ.genblkK.m_axi_arlock_reg	0.147500	0.107980
mI_axi_bid[J]	axi_crossbar_inst.axi_crossbar_wr_inst.s_ifaces[I].addr_inst.s_cpl_id_r[J]	0.147600	0.370318
axi_crossbar_inst.axi_crossbar_wr_inst.s_ifaces[I].reg_inst.genblkJ.genblkK.m_axi_bready_reg	axi_crossbar_inst.axi_crossbar_wr_inst.m_ifaces[I].a_arb_inst.grant_valid_reg	0.148000	0.077657
axi_crossbar_inst.axi_crossbar_rd_inst.s_ifaces[I].addr_inst.thread_id_reg[J][K]	axi_crossbar_inst.axi_crossbar_rd_inst.s_ifaces[I].addr_inst.m_axi_avalid_reg	0.148000	0.100426
sI_axi_rready	axi_crossbar_inst.axi_crossbar_rd_inst.s_ifaces[I].reg_inst.genblkJ.s_axi_rdata_reg[K]	0.148900	0.415820
axi_crossbar_inst.axi_crossbar_wr_inst.m_ifaces[I].a_arb_inst.mask_reg[J]	axi_crossbar_inst.axi_crossbar_wr_inst.m_ifaces[I].a_arb_inst.grant_encoded_reg[J]	0.151100	0.151680
axi_crossbar_inst.axi_crossbar_wr_inst.s_ifaces[I].w_select_valid_reg	axi_crossbar_inst.axi_crossbar_wr_inst.m_ifaces[I].a_arb_inst.grant_valid_reg	0.151400	0.084269
axi_crossbar_inst.axi_crossbar_rd_inst.s_ifaces[I].reg_inst.genblkJ.m_axi_rready_reg	axi_crossbar_inst.axi_crossbar_rd_inst.s_ifaces[I].r_arb_inst.grant_reg[J]	0.153300	0.061247
axi_crossbar_inst.axi_crossbar_rd_inst.s_ifaces[I].addr_inst.thread_count_reg[J][K]	axi_crossbar_inst.axi_crossbar_rd_inst.s_ifaces[I].addr_inst.m_axi_avalid_reg	0.153600	0.128271
axi_crossbar_inst.axi_crossbar_wr_inst.s_ifaces[I].addr_inst.m_select_reg[J]	axi_crossbar_inst.axi_crossbar_wr_inst.m_ifaces[I].a_arb_inst.grant_valid_reg	0.154000	0.092582
axi_crossbar_inst.axi_crossbar_wr_inst.s_ifaces[I].addr_inst.match_reg	axi_crossbar_inst.axi_crossbar_wr_inst.s_ifaces[I].addr_inst.trans_count_reg[J]	0.154000	0.129361
sI_axi_arlen[J]	axi_crossbar_inst.axi_crossbar_rd_inst.s_ifaces[I].decerr_m_axi_rlast_reg	0.154100	0.395259
axi_crossbar_inst.axi_crossbar_rd_inst.s_ifaces[I].addr_inst.thread_count_reg[J][K]	axi_crossbar_inst.axi_crossbar_rd_inst.s_ifaces[I].addr_inst.m_rc_valid_reg	0.155100	0.155429
axi_crossbar_inst.axi_crossbar_rd_inst.s_ifaces[I].r_arb_inst.grant_reg[J]	axi_crossbar_inst.axi_crossbar_rd_inst.s_ifaces[I].r_arb_inst.grant_encoded_reg[J]	0.155300	0.087807
axi_crossbar_inst.axi_crossbar_wr_inst.s_ifaces[I].decerr_m_axi_bvalid_reg	axi_crossbar_inst.axi_crossbar_wr_inst.s_ifaces[I].b_arb_inst.grant_reg[J]	0.156000	0.068263
axi_crossbar_inst.axi_crossbar_wr_inst.s_ifaces[I].addr_inst.s_axi_aid_r[J]	axi_crossbar_inst.axi_crossbar_wr_inst.s_ifaces[I].addr_inst.state_reg[J]	0.156400	0.118242
axi_crossbar_inst.axi_crossbar_wr_inst.s_ifaces[I].b_arb_inst.grant_valid_reg	axi_crossbar_inst.axi_crossbar_wr_inst.s_ifaces[I].b_arb_inst.mask_reg[J]	0.157300	0.156714
axi_crossbar_inst.axi_crossbar_wr_inst.s_ifaces[I].addr_inst.thread_count_reg[J][K]	axi_crossbar_inst.axi_crossbar_wr_inst.s_ifaces[I].addr_inst.m_decerr_reg	0.159400	0.135394
axi_crossbar_inst.axi_crossbar_rd_inst.s_ifaces[I].r_arb_inst.grant_encoded_reg[J]	axi_crossbar_inst.axi_crossbar_rd_inst.s_ifaces[I].reg_inst.genblkJ.m_axi_rready_reg	0.159800	0.061319
axi_crossbar_inst.axi_crossbar_rd_inst.s_ifaces[I].r_arb_inst.grant_encoded_reg[J]	axi_crossbar_inst.axi_crossbar_rd_inst.s_ifaces[I].addr_inst.s_cpl_valid_r	0.159900	0.018574
mI_axi_rlast	axi_crossbar_inst.axi_crossbar_rd_inst.m_ifaces[I].a_arb_inst.grant_valid_reg	0.160300	0.321137
axi_crossbar_inst.axi_crossbar_wr_inst.s_ifaces[I].addr_inst.thread_count_reg[J][K]	axi_crossbar_inst.axi_crossbar_wr_inst.s_ifaces[I].addr_inst.state_reg[J]	0.163100	0.152733
axi_crossbar_inst.axi_crossbar_rd_inst.m_ifaces[I].a_arb_inst.mask_reg[J]	axi_crossbar_inst.axi_crossbar_rd_inst.m_ifaces[I].a_arb_inst.grant_encoded_reg[J]	0.163200	0.125621
axi_crossbar_inst.axi_crossbar_wr_inst.s_ifaces[I].w_select_reg[J]	axi_crossbar_inst.axi_crossbar_wr_inst.m_ifaces[I].reg_inst.genblkJ.s_axi_wready_reg	0.163700	0.101898
axi_crossbar_inst.axi_crossbar_wr_inst.s_ifaces[I].w_select_reg[J]	axi_crossbar_inst.axi_crossbar_wr_inst.m_ifaces[I].reg_inst.genblkJ.temp_m_axi_wvalid_reg	0.164500	0.099762
axi_crossbar_inst.axi_crossbar_rd_inst.s_ifaces[I].decerr_m_axi_rvalid_reg	axi_crossbar_inst.axi_crossbar_rd_inst.s_ifaces[I].r_arb_inst.grant_reg[J]	0.164600	0.119452
axi_crossbar_inst.axi_crossbar_wr_inst.s_ifaces[I].addr_inst.thread_id_reg[J][K]	axi_crossbar_inst.axi_crossbar_wr_inst.s_ifaces[I].addr_inst.m_rc_valid_reg	0.165200	0.085126
axi_crossbar_inst.axi_crossbar_wr_inst.s_ifaces[I].w_select_valid_reg	axi_crossbar_inst.axi_crossbar_wr_inst.m_ifaces[I].reg_inst.genblkJ.s_axi_wready_reg	0.165600	0.103827
axi_crossbar_inst.axi_crossbar_wr_inst.s_ifaces[I].w_select_reg[J]	axi_crossbar_inst.axi_crossbar_wr_inst.m_ifaces[I].reg_inst.genblkJ.m_axi_wvalid_reg	0.166300	0.101883
axi_crossbar_inst.axi_crossbar_rd_inst.s_ifaces[I].reg_inst.genblkJ.m_axi_rready_reg	axi_crossbar_inst.axi_crossbar_rd_inst.s_ifaces[I].r_arb_inst.mask_reg[J]	0.166600	0.037847
axi_crossbar_inst.axi_crossbar_wr_inst.s_ifaces[I].w_select_valid_reg	axi_crossbar_inst.axi_crossbar_wr_inst.m_ifaces[I].reg_inst.genblkJ.temp_m_axi_wvalid_reg	0.168000	0.097107
axi_crossbar_inst.axi_crossbar_rd_inst.m_ifaces[I].a_arb_inst.grant_reg[J]	axi_crossbar_inst.axi_crossbar_rd_inst.m_ifaces[I].a_arb_inst.grant_encoded_reg[J]	0.168500	0.132020
axi_crossbar_inst.axi_crossbar_rd_inst.s_ifaces[I].addr_inst.thread_count_reg[J][K]	axi_crossbar_inst.axi_crossbar_rd_inst.s_ifaces[I].addr_inst.state_reg[J]	0.168700	0.145755
axi_crossbar_inst.axi_crossbar_wr_inst.s_ifaces[I].addr_inst.s_axi_aid_r[J]	axi_crossbar_inst.axi_crossbar_wr_inst.s_ifaces[I].addr_inst.m_wc_valid_reg	0.168900	0.114582
axi_crossbar_inst.axi_crossbar_wr_inst.m_ifaces[I].trans_count_reg[J]	axi_crossbar_inst.axi_crossbar_wr_inst.m_ifaces[I].a_arb_inst.mask_reg[J]	0.169200	0.179478
axi_crossbar_inst.axi_crossbar_wr_inst.s_ifaces[I].b_arb_inst.grant_encoded_reg[J]	axi_crossbar_inst.axi_crossbar_wr_inst.m_ifaces[I].a_arb_inst.grant_valid_reg	0.170100	0.064715
axi_crossbar_inst.axi_crossbar_wr_inst.s_ifaces[I].addr_inst.thread_count_reg[J][K]	axi_crossbar_inst.axi_crossbar_wr_inst.s_ifaces[I].addr_inst.m_wc_valid_reg	0.170200	0.150787
axi_crossbar_inst.axi_crossbar_rd_inst.s_ifaces[I].addr_inst.m_select_reg[J]	axi_crossbar_inst.axi_crossbar_rd_inst.m_ifaces[I].reg_inst.genblkJ.genblkK.s_axi_arready_reg	0.170400	0.049874
axi_crossbar_inst.axi_crossbar_wr_inst.m_ifaces[I].reg_inst.genblkJ.genblkK.s_axi_awready_reg	axi_crossbar_inst.axi_crossbar_wr_inst.m_ifaces[I].trans_count_reg[J]	0.171200	0.144771
axi_crossbar_inst.axi_crossbar_rd_inst.s_ifaces[I].r_arb_inst.grant_encoded_reg[J]	axi_crossbar_inst.axi_crossbar_rd_inst.s_ifaces[I].reg_inst.genblkJ.s_axi_rvalid_reg	0.172800	0.033154
axi_crossbar_inst.axi_crossbar_wr_inst.s_ifaces[I].w_select_valid_reg	axi_crossbar_inst.axi_crossbar_wr_inst.m_ifaces[I].reg_inst.genblkJ.m_axi_wvalid_reg	0.173200	0.099228
axi_crossbar_inst.axi_crossbar_rd_inst.m_ifaces[I].a_arb_inst.grant_encoded_reg[J]	axi_crossbar_inst.axi_crossbar_rd_inst.m_ifaces[I].reg_inst.genblkJ.genblkK.s_axi_arready_reg	0.173700	0.191162
axi_crossbar_inst.axi_crossbar_wr_inst.m_ifaces[I].a_arb_inst.grant_reg[J]	axi_crossbar_inst.axi_crossbar_wr_inst.m_ifaces[I].a_arb_inst.grant_encoded_reg[J]	0.173900	0.151146
axi_crossbar_inst.axi_crossbar_wr_inst.s_ifaces[I].b_arb_inst.grant_encoded_reg[J]	axi_crossbar_inst.axi_crossbar_wr_inst.s_ifaces[I].addr_inst.s_cpl_id_r[J]	0.175200	0.054728
axi_crossbar_inst.axi_crossbar_wr_inst.s_ifaces[I].addr_inst.thread_id_reg[J][K]	axi_crossbar_inst.axi_crossbar_wr_inst.s_ifaces[I].addr_inst.m_decerr_reg	0.175200	0.118641
axi_crossbar_inst.axi_crossbar_rd_inst.s_ifaces[I].reg_inst.genblkJ.m_axi_rready_reg	axi_crossbar_inst.axi_crossbar_rd_inst.s_ifaces[I].decerr_len_reg[J]	0.175200	0.082993
axi_crossbar_inst.axi_crossbar_rd_inst.s_ifaces[I].reg_inst.genblkJ.m_axi_rready_reg	axi_crossbar_inst.axi_crossbar_rd_inst.s_ifaces[I].decerr_m_axi_rlast_reg	0.175200	0.108189
axi_crossbar_inst.axi_crossbar_rd_inst.s_ifaces[I].addr_inst.m_axi_avalid_reg	axi_crossbar_inst.axi_crossbar_rd_inst.m_ifaces[I].reg_inst.genblkJ.genblkK.s_axi_arready_reg	0.175700	0.094721
axi_crossbar_inst.axi_crossbar_wr_inst.s_ifaces[I].addr_inst.thread_id_reg[J][K]	axi_crossbar_inst.axi_crossbar_wr_inst.s_ifaces[I].addr_inst.state_reg[J]	0.177700	0.115267
axi_crossbar_inst.axi_crossbar_wr_inst.s_ifaces[I].addr_inst.m_select_reg[J]	axi_crossbar_inst.axi_crossbar_wr_inst.s_ifaces[I].addr_inst.m_axi_avalid_reg	0.178000	0.136936
axi_crossbar_inst.axi_crossbar_rd_inst.s_ifaces[I].addr_inst.thread_m_reg[J][K]	axi_crossbar_inst.axi_crossbar_rd_inst.s_ifaces[I].addr_inst.thread_id_reg[J][K]	0.178300	0.129391
axi_crossbar_inst.axi_crossbar_rd_inst.s_ifaces[I].addr_inst.thread_m_reg[J][K]	axi_crossbar_inst.axi_crossbar_rd_inst.s_ifaces[I].addr_inst.thread_m_reg[J][K]	0.178300	0.121014
sI_axi_rready	axi_crossbar_inst.axi_crossbar_rd_inst.s_ifaces[I].reg_inst.genblkJ.s_axi_rvalid_reg	0.178500	0.473256
axi_crossbar_inst.axi_crossbar_wr_inst.s_ifaces[I].w_drop_reg	axi_crossbar_inst.axi_crossbar_wr_inst.m_ifaces[I].a_arb_inst.grant_valid_reg	0.178600	0.104146
axi_crossbar_inst.axi_crossbar_wr_inst.s_ifaces[I].decerr_m_axi_bvalid_reg	axi_crossbar_inst.axi_crossbar_wr_inst.s_ifaces[I].b_arb_inst.grant_encoded_reg[J]	0.178600	0.115753
axi_crossbar_inst.axi_crossbar_wr_inst.m_ifaces[I].w_select_reg[J]	axi_crossbar_inst.axi_crossbar_wr_inst.m_ifaces[I].reg_inst.genblkJ.s_axi_wready_reg	0.179400	0.094759
axi_crossbar_inst.axi_crossbar_wr_inst.s_ifaces[I].addr_inst.thread_m_reg[J][K]	axi_crossbar_inst.axi_crossbar_wr_inst.s_ifaces[I].addr_inst.thread_id_reg[J][K]	0.180900	0.107001
axi_crossbar_inst.axi_crossbar_wr_inst.s_ifaces[I].addr_inst.thread_m_reg[J][K]	axi_crossbar_inst.axi_crossbar_wr_inst.s_ifaces[I].addr_inst.thread_m_reg[J][K]	0.180900	0.118321
axi_crossbar_inst.axi_crossbar_rd_inst.s_ifaces[I].reg_inst.genblkJ.m_axi_rready_reg	axi_crossbar_inst.axi_crossbar_rd_inst.s_ifaces[I].r_arb_inst.grant_encoded_reg[J]	0.180900	0.071046
mI_axi_wready	axi_crossbar_inst.axi_crossbar_wr_inst.m_ifaces[I].reg_inst.genblkJ.temp_m_axi_wvalid_reg	0.182500	0.419243
axi_crossbar_inst.axi_crossbar_rd_inst.s_ifaces[I].addr_inst.m_select_reg[J]	axi_crossbar_inst.axi_crossbar_rd_inst.s_ifaces[I].addr_inst.state_reg[J]	0.183200	0.098636
axi_crossbar_inst.axi_crossbar_rd_inst.s_ifaces[I].addr_inst.m_select_reg[J]	axi_crossbar_inst.axi_crossbar_rd_inst.m_ifaces[I].reg_inst.genblkJ.genblkK.m_axi_arvalid_reg	0.183900	0.033321
axi_crossbar_inst.axi_crossbar_rd_inst.s_ifaces[I].decerr_m_axi_rvalid_reg	axi_crossbar_inst.axi_crossbar_rd_inst.s_ifaces[I].r_arb_inst.grant_encoded_reg[J]	0.184100	0.134700
axi_crossbar_inst.axi_crossbar_rd_inst.s_ifaces[I].reg_inst.genblkJ.m_axi_rready_reg	axi_crossbar_inst.axi_crossbar_rd_inst.m_ifaces[I].a_arb_inst.grant_valid_reg	0.184300	0.013812
axi_crossbar_inst.axi_crossbar_rd_inst.s_ifaces[I].r_arb_inst.grant_encoded_reg[J]	axi_crossbar_inst.axi_crossbar_rd_inst.m_ifaces[I].a_arb_inst.grant_valid_reg	0.184700	0.024157
axi_crossbar_inst.axi_crossbar_wr_inst.s_ifaces[I].b_arb_inst.mask_reg[J]	axi_crossbar_inst.axi_crossbar_wr_inst.s_ifaces[I].b_arb_inst.grant_encoded_reg[J]	0.185000	0.119182
axi_crossbar_inst.axi_crossbar_rd_inst.s_ifaces[I].addr_inst.m_select_reg[J]	axi_crossbar_inst.axi_crossbar_rd_inst.m_ifaces[I].a_arb_inst.grant_valid_reg	0.185300	0.068648
axi_crossbar_inst.axi_crossbar_wr_inst.s_ifaces[I].addr_inst.m_select_reg[J]	axi_crossbar_inst.axi_crossbar_wr_inst.m_ifaces[I].reg_inst.genblkJ.genblkK.m_axi_awvalid_reg	0.186200	0.116519
axi_crossbar_inst.axi_crossbar_wr_inst.m_ifaces[I].a_arb_inst.grant_encoded_reg[J]	axi_crossbar_inst.axi_crossbar_wr_inst.s_ifaces[I].addr_inst.state_reg[J]	0.187100	0.060832
axi_crossbar_inst.axi_crossbar_rd_inst.m_ifaces[I].a_arb_inst.grant_encoded_reg[J]	axi_crossbar_inst.axi_crossbar_rd_inst.m_ifaces[I].reg_inst.genblkJ.genblkK.m_axi_arvalid_reg	0.187200	0.191998
axi_crossbar_inst.axi_crossbar_rd_inst.s_ifaces[I].addr_inst.m_axi_avalid_reg	axi_crossbar_inst.axi_crossbar_rd_inst.m_ifaces[I].reg_inst.genblkJ.genblkK.m_axi_arvalid_reg	0.189200	0.089022
axi_crossbar_inst.axi_crossbar_wr_inst.s_ifaces[I].addr_inst.thread_id_reg[J][K]	axi_crossbar_inst.axi_crossbar_wr_inst.s_ifaces[I].addr_inst.m_wc_valid_reg	0.190100	0.111607
axi_crossbar_inst.axi_crossbar_wr_inst.m_ifaces[I].w_select_reg[J]	axi_crossbar_inst.axi_crossbar_wr_inst.m_ifaces[I].reg_inst.genblkJ.temp_m_axi_wvalid_reg	0.190800	0.107835
axi_crossbar_inst.axi_crossbar_wr_inst.m_ifaces[I].w_select_reg[J]	axi_crossbar_inst.axi_crossbar_wr_inst.m_ifaces[I].reg_inst.genblkJ.m_axi_wvalid_reg	0.192600	0.086029
axi_crossbar_inst.axi_crossbar_rd_inst.m_ifaces[I].reg_inst.genblkJ.genblkK.s_axi_arready_reg	axi_crossbar_inst.axi_crossbar_rd_inst.s_ifaces[I].addr_inst.state_reg[J]	0.193000	0.109875
axi_crossbar_inst.axi_crossbar_wr_inst.m_ifaces[I].a_arb_inst.grant_encoded_reg[J]	axi_crossbar_inst.axi_crossbar_wr_inst.s_ifaces[I].addr_inst.m_axi_avalid_reg	0.193600	0.089265
axi_crossbar_inst.axi_crossbar_wr_inst.s_ifaces[I].b_arb_inst.grant_reg[J]	axi_crossbar_inst.axi_crossbar_wr_inst.s_ifaces[I].b_arb_inst.grant_encoded_reg[J]	0.194000	0.126875
axi_crossbar_inst.axi_crossbar_rd_inst.s_ifaces[I].addr_inst.m_select_reg[J]	axi_crossbar_inst.axi_crossbar_rd_inst.s_ifaces[I].addr_inst.m_rc_valid_reg	0.194200	0.161722
axi_crossbar_inst.axi_crossbar_wr_inst.s_ifaces[I].addr_inst.m_axi_avalid_reg	axi_crossbar_inst.axi_crossbar_wr_inst.m_ifaces[I].reg_inst.genblkJ.genblkK.m_axi_awvalid_reg	0.194300	0.138760
axi_crossbar_inst.axi_crossbar_rd_inst.s_ifaces[I].r_arb_inst.grant_valid_reg	axi_crossbar_inst.axi_crossbar_rd_inst.s_ifaces[I].decerr_len_reg[J]	0.195000	0.102512
axi_crossbar_inst.axi_crossbar_rd_inst.s_ifaces[I].r_arb_inst.grant_valid_reg	axi_crossbar_inst.axi_crossbar_rd_inst.s_ifaces[I].decerr_m_axi_rlast_reg	0.195000	0.127709
axi_crossbar_inst.axi_crossbar_wr_inst.m_ifaces[I].a_arb_inst.grant_valid_reg	axi_crossbar_inst.axi_crossbar_wr_inst.m_ifaces[I].a_arb_inst.grant_reg[J]	0.196300	0.161841
axi_crossbar_inst.axi_crossbar_wr_inst.m_ifaces[I].reg_inst.genblkJ.genblkK.s_axi_awready_reg	axi_crossbar_inst.axi_crossbar_wr_inst.s_ifaces[I].addr_inst.state_reg[J]	0.196400	0.064766
mI_axi_wready	axi_crossbar_inst.axi_crossbar_wr_inst.m_ifaces[I].reg_inst.genblkJ.m_axi_wlast_reg	0.197700	0.416317
axi_crossbar_inst.axi_crossbar_wr_inst.s_ifaces[I].w_drop_reg	axi_crossbar_inst.axi_crossbar_wr_inst.m_ifaces[I].reg_inst.genblkJ.s_axi_wready_reg	0.197700	0.126106
axi_crossbar_inst.axi_crossbar_rd_inst.m_ifaces[I].a_arb_inst.grant_encoded_reg[J]	axi_crossbar_inst.axi_crossbar_rd_inst.s_ifaces[I].addr_inst.state_reg[J]	0.197800	0.101219
axi_crossbar_inst.axi_crossbar_wr_inst.s_ifaces[I].b_arb_inst.grant_encoded_reg[J]	axi_crossbar_inst.axi_crossbar_wr_inst.s_ifaces[I].decerr_m_axi_bvalid_reg	0.197900	0.307376
axi_crossbar_inst.axi_crossbar_wr_inst.s_ifaces[I].w_drop_reg	axi_crossbar_inst.axi_crossbar_wr_inst.m_ifaces[I].reg_inst.genblkJ.temp_m_axi_wvalid_reg	0.198200	0.119385
axi_crossbar_inst.axi_crossbar_wr_inst.s_ifaces[I].addr_inst.m_select_reg[J]	axi_crossbar_inst.axi_crossbar_wr_inst.m_ifaces[I].reg_inst.genblkJ.genblkK.s_axi_awready_reg	0.198500	0.122803
axi_crossbar_inst.axi_crossbar_rd_inst.m_ifaces[I].a_arb_inst.grant_encoded_reg[J]	axi_crossbar_inst.axi_crossbar_rd_inst.s_ifaces[I].addr_inst.s_axi_aready_reg	0.199400	0.106280
axi_crossbar_inst.axi_crossbar_rd_inst.s_ifaces[I].r_arb_inst.grant_encoded_reg[J]	axi_crossbar_inst.axi_crossbar_rd_inst.s_ifaces[I].reg_inst.genblkJ.s_axi_rlast_reg	0.199900	0.027053
axi_crossbar_inst.axi_crossbar_wr_inst.m_ifaces[I].a_arb_inst.grant_encoded_reg[J]	axi_crossbar_inst.axi_crossbar_wr_inst.s_ifaces[I].addr_inst.s_axi_aready_reg	0.200000	0.064616
axi_crossbar_inst.axi_crossbar_wr_inst.s_ifaces[I].w_drop_reg	axi_crossbar_inst.axi_crossbar_wr_inst.m_ifaces[I].reg_inst.genblkJ.m_axi_wvalid_reg	0.200300	0.121506
sI_axi_rready	axi_crossbar_inst.axi_crossbar_rd_inst.s_ifaces[I].reg_inst.genblkJ.temp_s_axi_rvalid_reg	0.200400	0.408858
axi_crossbar_inst.axi_crossbar_rd_inst.s_ifaces[I].addr_inst.m_select_reg[J]	axi_crossbar_inst.axi_crossbar_rd_inst.s_ifaces[I].addr_inst.s_axi_aready_reg	0.201000	0.135371
axi_crossbar_inst.axi_crossbar_wr_inst.s_ifaces[I].addr_inst.m_axi_avalid_reg	axi_crossbar_inst.axi_crossbar_wr_inst.m_ifaces[I].reg_inst.genblkJ.genblkK.s_axi_awready_reg	0.201200	0.145045
axi_crossbar_inst.axi_crossbar_rd_inst.s_ifaces[I].r_arb_inst.grant_valid_reg	axi_crossbar_inst.axi_crossbar_rd_inst.m_ifaces[I].a_arb_inst.grant_valid_reg	0.201200	0.035355
axi_crossbar_inst.axi_crossbar_wr_inst.m_ifaces[I].a_arb_inst.grant_encoded_reg[J]	axi_crossbar_inst.axi_crossbar_wr_inst.m_ifaces[I].reg_inst.genblkJ.genblkK.m_axi_awvalid_reg	0.201700	0.207513
axi_crossbar_inst.axi_crossbar_rd_inst.s_ifaces[I].addr_inst.m_axi_avalid_reg	axi_crossbar_inst.axi_crossbar_rd_inst.m_ifaces[I].a_arb_inst.grant_valid_reg	0.201900	0.128563
axi_crossbar_inst.axi_crossbar_wr_inst.m_ifaces[I].reg_inst.genblkJ.genblkK.s_axi_awready_reg	axi_crossbar_inst.axi_crossbar_wr_inst.s_ifaces[I].addr_inst.s_axi_aready_reg	0.202100	0.068550
axi_crossbar_inst.axi_crossbar_rd_inst.s_ifaces[I].addr_inst.m_select_reg[J]	axi_crossbar_inst.axi_crossbar_rd_inst.s_ifaces[I].addr_inst.m_axi_avalid_reg	0.203600	0.110951
sI_axi_arvalid	axi_crossbar_inst.axi_crossbar_rd_inst.s_ifaces[I].addr_inst.m_select_reg[J]	0.205700	0.354114
sI_axi_awvalid	axi_crossbar_inst.axi_crossbar_wr_inst.s_ifaces[I].addr_inst.m_select_reg[J]	0.205700	0.386142
axi_crossbar_inst.axi_crossbar_rd_inst.m_ifaces[I].reg_inst.genblkJ.genblkK.s_axi_arready_reg	axi_crossbar_inst.axi_crossbar_rd_inst.m_ifaces[I].trans_count_reg[J]	0.206300	0.154469
axi_crossbar_inst.axi_crossbar_wr_inst.m_ifaces[I].a_arb_inst.grant_encoded_reg[J]	axi_crossbar_inst.axi_crossbar_wr_inst.m_ifaces[I].reg_inst.genblkJ.genblkK.s_axi_awready_reg	0.206900	0.202191
axi_crossbar_inst.axi_crossbar_rd_inst.s_ifaces[I].decerr_m_axi_rlast_reg	axi_crossbar_inst.axi_crossbar_rd_inst.s_ifaces[I].r_arb_inst.grant_reg[J]	0.207800	0.125619
mI_axi_wready	axi_crossbar_inst.axi_crossbar_wr_inst.m_ifaces[I].reg_inst.genblkJ.temp_m_axi_wlast_reg	0.209200	0.426759
axi_crossbar_inst.axi_crossbar_wr_inst.s_ifaces[I].addr_inst.m_select_reg[J]	axi_crossbar_inst.axi_crossbar_wr_inst.s_ifaces[I].addr_inst.m_decerr_reg	0.212400	0.190059
sI_axi_arlen[J]	axi_crossbar_inst.axi_crossbar_rd_inst.s_ifaces[I].decerr_len_reg[J]	0.212700	0.459860
axi_crossbar_inst.axi_crossbar_wr_inst.s_ifaces[I].addr_inst.m_select_reg[J]	axi_crossbar_inst.axi_crossbar_wr_inst.s_ifaces[I].addr_inst.m_rc_valid_reg	0.214000	0.175534
axi_crossbar_inst.axi_crossbar_rd_inst.s_ifaces[I].decerr_m_axi_rlast_reg	axi_crossbar_inst.axi_crossbar_rd_inst.s_ifaces[I].r_arb_inst.mask_reg[J]	0.214100	0.120258
axi_crossbar_inst.axi_crossbar_wr_inst.s_ifaces[I].w_select_valid_reg	axi_crossbar_inst.axi_crossbar_wr_inst.m_ifaces[I].w_select_valid_reg	0.215900	0.166419
axi_crossbar_inst.axi_crossbar_rd_inst.m_ifaces[I].reg_inst.genblkJ.genblkK.s_axi_arready_reg	axi_crossbar_inst.axi_crossbar_rd_inst.s_ifaces[I].addr_inst.s_axi_aready_reg	0.216200	0.123807
axi_crossbar_inst.axi_crossbar_wr_inst.m_ifaces[I].reg_inst.genblkJ.s_axi_wready_reg	axi_crossbar_inst.axi_crossbar_wr_inst.m_ifaces[I].a_arb_inst.grant_reg[J]	0.216400	0.097033
axi_crossbar_inst.axi_crossbar_wr_inst.s_ifaces[I].b_arb_inst.grant_valid_reg	axi_crossbar_inst.axi_crossbar_wr_inst.s_ifaces[I].b_arb_inst.grant_reg[J]	0.217600	0.165893
axi_crossbar_inst.axi_crossbar_wr_inst.m_ifaces[I].a_arb_inst.grant_valid_reg	axi_crossbar_inst.axi_crossbar_wr_inst.s_ifaces[I].addr_inst.state_reg[J]	0.217800	0.125076
axi_crossbar_inst.axi_crossbar_wr_inst.s_ifaces[I].w_select_reg[J]	axi_crossbar_inst.axi_crossbar_wr_inst.m_ifaces[I].w_select_valid_reg	0.218000	0.157985
axi_crossbar_inst.axi_crossbar_wr_inst.m_ifaces[I].a_arb_inst.grant_valid_reg	axi_crossbar_inst.axi_crossbar_wr_inst.m_ifaces[I].a_arb_inst.grant_encoded_reg[J]	0.219000	0.187738
axi_crossbar_inst.axi_crossbar_rd_inst.s_ifaces[I].decerr_len_reg[J]	axi_crossbar_inst.axi_crossbar_rd_inst.s_ifaces[I].decerr_m_axi_rlast_reg	0.220200	0.150361
axi_crossbar_inst.axi_crossbar_wr_inst.s_ifaces[I].addr_inst.m_select_reg[J]	axi_crossbar_inst.axi_crossbar_wr_inst.m_ifaces[I].w_select_new_reg	0.220600	0.117735
mI_axi_wready	axi_crossbar_inst.axi_crossbar_wr_inst.m_ifaces[I].reg_inst.genblkJ.m_axi_wvalid_reg	0.220700	0.447467
axi_crossbar_inst.axi_crossbar_wr_inst.m_ifaces[I].w_select_new_reg	axi_crossbar_inst.axi_crossbar_wr_inst.m_ifaces[I].a_arb_inst.grant_reg[J]	0.223500	0.173643
axi_crossbar_inst.axi_crossbar_wr_inst.s_ifaces[I].b_arb_inst.grant_valid_reg	axi_crossbar_inst.axi_crossbar_wr_inst.s_ifaces[I].b_arb_inst.grant_encoded_reg[J]	0.223700	0.188371
sI_axi_rready	axi_crossbar_inst.axi_crossbar_rd_inst.s_ifaces[I].reg_inst.genblkJ.m_axi_rready_reg	0.224100	0.518481
axi_crossbar_inst.axi_crossbar_rd_inst.s_ifaces[I].decerr_m_axi_rlast_reg	axi_crossbar_inst.axi_crossbar_rd_inst.s_ifaces[I].r_arb_inst.grant_encoded_reg[J]	0.224200	0.139412
axi_crossbar_inst.axi_crossbar_wr_inst.m_ifaces[I].a_arb_inst.grant_valid_reg	axi_crossbar_inst.axi_crossbar_wr_inst.s_ifaces[I].addr_inst.s_axi_aready_reg	0.225700	0.128860
axi_crossbar_inst.axi_crossbar_wr_inst.m_ifaces[I].reg_inst.genblkJ.genblkK.s_axi_awready_reg	axi_crossbar_inst.axi_crossbar_wr_inst.m_ifaces[I].a_arb_inst.grant_reg[J]	0.226700	0.201092
axi_crossbar_inst.axi_crossbar_wr_inst.s_ifaces[I].decerr_m_axi_bvalid_reg	axi_crossbar_inst.axi_crossbar_wr_inst.s_ifaces[I].b_arb_inst.grant_valid_reg	0.227000	0.212839
axi_crossbar_inst.axi_crossbar_rd_inst.m_ifaces[I].a_arb_inst.grant_valid_reg	axi_crossbar_inst.axi_crossbar_rd_inst.s_ifaces[I].addr_inst.state_reg[J]	0.228800	0.164211
axi_crossbar_inst.axi_crossbar_rd_inst.s_ifaces[I].decerr_len_reg[J]	axi_crossbar_inst.axi_crossbar_rd_inst.s_ifaces[I].decerr_len_reg[J]	0.230300	0.209265
axi_crossbar_inst.axi_crossbar_wr_inst.m_ifaces[I].reg_inst.genblkJ.genblkK.s_axi_awready_reg	axi_crossbar_inst.axi_crossbar_wr_inst.m_ifaces[I].a_arb_inst.mask_reg[J]	0.231500	0.191803
axi_crossbar_inst.axi_crossbar_wr_inst.s_ifaces[I].addr_inst.state_reg[J]	axi_crossbar_inst.axi_crossbar_wr_inst.s_ifaces[I].addr_inst.thread_id_reg[J][K]	0.231800	0.206522
axi_crossbar_inst.axi_crossbar_wr_inst.s_ifaces[I].addr_inst.state_reg[J]	axi_crossbar_inst.axi_crossbar_wr_inst.s_ifaces[I].addr_inst.thread_m_reg[J][K]	0.231800	0.203987
axi_crossbar_inst.axi_crossbar_wr_inst.m_ifaces[I].w_select_reg[J]	axi_crossbar_inst.axi_crossbar_wr_inst.m_ifaces[I].reg_inst.genblkJ.m_axi_wlast_reg	0.233200	0.168840
axi_crossbar_inst.axi_crossbar_rd_inst.s_ifaces[I].r_arb_inst.grant_reg[J]	axi_crossbar_inst.axi_crossbar_rd_inst.s_ifaces[I].r_arb_inst.grant_valid_reg	0.233400	0.218770
sI_axi_awvalid	axi_crossbar_inst.axi_crossbar_wr_inst.s_ifaces[I].addr_inst.state_reg[J]	0.234800	0.397183
axi_crossbar_inst.axi_crossbar_rd_inst.m_ifaces[I].a_arb_inst.grant_valid_reg	axi_crossbar_inst.axi_crossbar_rd_inst.m_ifaces[I].trans_count_reg[J]	0.234900	0.233676
sI_axi_awvalid	axi_crossbar_inst.axi_crossbar_wr_inst.s_ifaces[I].addr_inst.s_axi_aid_r[J]	0.235700	0.419972
sI_axi_arvalid	axi_crossbar_inst.axi_crossbar_rd_inst.s_ifaces[I].addr_inst.s_axi_aid_r[J]	0.235700	0.410852
axi_crossbar_inst.axi_crossbar_wr_inst.m_ifaces[I].trans_count_reg[J]	axi_crossbar_inst.axi_crossbar_wr_inst.m_ifaces[I].a_arb_inst.grant_reg[J]	0.236300	0.198147
axi_crossbar_inst.axi_crossbar_rd_inst.m_ifaces[I].reg_inst.genblkJ.genblkK.s_axi_arready_reg	axi_crossbar_inst.axi_crossbar_rd_inst.m_ifaces[I].a_arb_inst.mask_reg[J]	0.237100	0.152839
axi_crossbar_inst.axi_crossbar_wr_inst.m_ifaces[I].a_arb_inst.grant_valid_reg	axi_crossbar_inst.axi_crossbar_wr_inst.m_ifaces[I].trans_count_reg[J]	0.237300	0.185290
axi_crossbar_inst.axi_crossbar_wr_inst.m_ifaces[I].reg_inst.genblkJ.s_axi_wready_reg	axi_crossbar_inst.axi_crossbar_wr_inst.m_ifaces[I].a_arb_inst.grant_encoded_reg[J]	0.239400	0.122929
sI_axi_arvalid	axi_crossbar_inst.axi_crossbar_rd_inst.s_ifaces[I].addr_inst.match_reg	0.240700	0.399339
sI_axi_awvalid	axi_crossbar_inst.axi_crossbar_wr_inst.s_ifaces[I].addr_inst.match_reg	0.240700	0.414753
axi_crossbar_inst.axi_crossbar_wr_inst.s_ifaces[I].reg_inst.genblkJ.genblkK.m_axi_bready_reg	axi_crossbar_inst.axi_crossbar_wr_inst.s_ifaces[I].b_arb_inst.mask_reg[J]	0.240800	0.125430
axi_crossbar_inst.axi_crossbar_wr_inst.m_ifaces[I].w_select_valid_reg	axi_crossbar_inst.axi_crossbar_wr_inst.m_ifaces[I].a_arb_inst.grant_reg[J]	0.240800	0.189048
axi_crossbar_inst.axi_crossbar_rd_inst.s_ifaces[I].r_arb_inst.grant_encoded_reg[J]	axi_crossbar_inst.axi_crossbar_rd_inst.s_ifaces[I].reg_inst.genblkJ.temp_s_axi_rlast_reg	0.241000	0.076126
axi_crossbar_inst.axi_crossbar_rd_inst.m_ifaces[I].a_arb_inst.grant_encoded_reg[J]	axi_crossbar_inst.axi_crossbar_rd_inst.s_ifaces[I].addr_inst.m_axi_avalid_reg	0.242000	0.112642
axi_crossbar_inst.axi_crossbar_wr_inst.m_ifaces[I].reg_inst.genblkJ.genblkK.s_axi_awready_reg	axi_crossbar_inst.axi_crossbar_wr_inst.s_ifaces[I].addr_inst.m_axi_avalid_reg	0.242300	0.159784
axi_crossbar_inst.axi_crossbar_wr_inst.s_ifaces[I].addr_inst.m_select_reg[J]	axi_crossbar_inst.axi_crossbar_wr_inst.s_ifaces[I].addr_inst.m_wc_valid_reg	0.243700	0.205952
sI_axi_arvalid	axi_crossbar_inst.axi_crossbar_rd_inst.s_ifaces[I].addr_inst.state_reg[J]	0.243800	0.428035
axi_crossbar_inst.axi_crossbar_wr_inst.s_ifaces[I].b_arb_inst.grant_reg[J]	axi_crossbar_inst.axi_crossbar_wr_inst.s_ifaces[I].b_arb_inst.grant_valid_reg	0.244500	0.233987
axi_crossbar_inst.axi_crossbar_wr_inst.s_ifaces[I].addr_inst.trans_count_reg[J]	axi_crossbar_inst.axi_crossbar_wr_inst.s_ifaces[I].addr_inst.thread_id_reg[J][K]	0.245400	0.208796
axi_crossbar_inst.axi_crossbar_wr_inst.s_ifaces[I].addr_inst.trans_count_reg[J]	axi_crossbar_inst.axi_crossbar_wr_inst.s_ifaces[I].addr_inst.thread_m_reg[J][K]	0.245400	0.205745
axi_crossbar_inst.axi_crossbar_wr_inst.m_ifaces[I].reg_inst.genblkJ.s_axi_wready_reg	axi_crossbar_inst.axi_crossbar_wr_inst.s_ifaces[I].w_select_valid_reg	0.245600	0.195820
axi_crossbar_inst.axi_crossbar_wr_inst.s_ifaces[I].w_drop_reg	axi_crossbar_inst.axi_crossbar_wr_inst.m_ifaces[I].w_select_valid_reg	0.245700	0.186296
mI_axi_wready	axi_crossbar_inst.axi_crossbar_wr_inst.m_ifaces[I].reg_inst.genblkJ.s_axi_wready_reg	0.245800	0.501967
axi_crossbar_inst.axi_crossbar_wr_inst.m_ifaces[I].trans_count_reg[J]	axi_crossbar_inst.axi_crossbar_wr_inst.m_ifaces[I].a_arb_inst.grant_encoded_reg[J]	0.245900	0.210692
axi_crossbar_inst.axi_crossbar_rd_inst.s_ifaces[I].addr_inst.state_reg[J]	axi_crossbar_inst.axi_crossbar_rd_inst.s_ifaces[I].addr_inst.thread_id_reg[J][K]	0.247200	0.222615
axi_crossbar_inst.axi_crossbar_rd_inst.s_ifaces[I].addr_inst.state_reg[J]	axi_crossbar_inst.axi_crossbar_rd_inst.s_ifaces[I].addr_inst.thread_m_reg[J][K]	0.247200	0.218277
axi_crossbar_inst.axi_crossbar_rd_inst.s_ifaces[I].decerr_m_axi_rvalid_reg	axi_crossbar_inst.axi_crossbar_rd_inst.s_ifaces[I].decerr_m_axi_rlast_reg	0.247200	0.136021
axi_crossbar_inst.axi_crossbar_wr_inst.m_ifaces[I].w_select_new_reg	axi_crossbar_inst.axi_crossbar_wr_inst.m_ifaces[I].a_arb_inst.grant_encoded_reg[J]	0.247500	0.199540
axi_crossbar_inst.axi_crossbar_wr_inst.m_ifaces[I].a_arb_inst.grant_reg[J]	axi_crossbar_inst.axi_crossbar_wr_inst.m_ifaces[I].a_arb_inst.grant_valid_reg	0.247800	0.213010
axi_crossbar_inst.axi_crossbar_rd_inst.s_ifaces[I].addr_inst.trans_count_reg[J]	axi_crossbar_inst.axi_crossbar_rd_inst.s_ifaces[I].addr_inst.thread_id_reg[J][K]	0.248100	0.193837
axi_crossbar_inst.axi_crossbar_rd_inst.s_ifaces[I].addr_inst.trans_count_reg[J]	axi_crossbar_inst.axi_crossbar_rd_inst.s_ifaces[I].addr_inst.thread_m_reg[J][K]	0.248100	0.190951
axi_crossbar_inst.axi_crossbar_wr_inst.m_ifaces[I].reg_inst.genblkJ.s_axi_wready_reg	axi_crossbar_inst.axi_crossbar_wr_inst.m_ifaces[I].reg_inst.genblkJ.m_axi_wdata_reg[K]	0.249700	0.051245
axi_crossbar_inst.axi_crossbar_rd_inst.m_ifaces[I].reg_inst.genblkJ.genblkK.s_axi_arready_reg	axi_crossbar_inst.axi_crossbar_rd_inst.m_ifaces[I].a_arb_inst.grant_reg[J]	0.249900	0.150053
axi_crossbar_inst.axi_crossbar_rd_inst.s_ifaces[I].reg_inst.genblkJ.m_axi_rready_reg	axi_crossbar_inst.axi_crossbar_rd_inst.s_ifaces[I].r_arb_inst.grant_valid_reg	0.251100	0.139948
axi_crossbar_inst.axi_crossbar_rd_inst.m_ifaces[I].a_arb_inst.grant_valid_reg	axi_crossbar_inst.axi_crossbar_rd_inst.s_ifaces[I].addr_inst.s_axi_aready_reg	0.251300	0.198255
axi_crossbar_inst.axi_crossbar_wr_inst.m_ifaces[I].reg_inst.genblkJ.genblkK.s_axi_awready_reg	axi_crossbar_inst.axi_crossbar_wr_inst.m_ifaces[I].a_arb_inst.grant_encoded_reg[J]	0.256400	0.216259
axi_crossbar_inst.axi_crossbar_wr_inst.s_ifaces[I].addr_inst.m_axi_avalid_reg	axi_crossbar_inst.axi_crossbar_wr_inst.m_ifaces[I].w_select_new_reg	0.256400	0.166941
axi_crossbar_inst.axi_crossbar_wr_inst.m_ifaces[I].w_select_reg[J]	axi_crossbar_inst.axi_crossbar_wr_inst.m_ifaces[I].reg_inst.genblkJ.temp_m_axi_wlast_reg	0.256500	0.196421
axi_crossbar_inst.axi_crossbar_wr_inst.m_ifaces[I].a_arb_inst.grant_valid_reg	axi_crossbar_inst.axi_crossbar_wr_inst.s_ifaces[I].addr_inst.m_axi_avalid_reg	0.257400	0.202002
axi_crossbar_inst.axi_crossbar_wr_inst.s_ifaces[I].b_arb_inst.grant_valid_reg	axi_crossbar_inst.axi_crossbar_wr_inst.s_ifaces[I].b_arb_inst.grant_valid_reg	0.260400	0.208365
axi_crossbar_inst.axi_crossbar_rd_inst.s_ifaces[I].r_arb_inst.grant_encoded_reg[J]	axi_crossbar_inst.axi_crossbar_rd_inst.s_ifaces[I].decerr_m_axi_rvalid_reg	0.261400	0.179177
axi_crossbar_inst.axi_crossbar_wr_inst.m_ifaces[I].w_select_valid_reg	axi_crossbar_inst.axi_crossbar_wr_inst.m_ifaces[I].a_arb_inst.grant_encoded_reg[J]	0.263500	0.214945
mI_axi_awready	axi_crossbar_inst.axi_crossbar_wr_inst.m_ifaces[I].reg_inst.genblkJ.genblkK.s_axi_awready_reg	0.264300	0.498160
mI_axi_arready	axi_crossbar_inst.axi_crossbar_rd_inst.m_ifaces[I].reg_inst.genblkJ.genblkK.s_axi_arready_reg	0.264400	0.516441
sI_axi_bready	axi_crossbar_inst.axi_crossbar_wr_inst.s_ifaces[I].reg_inst.genblkJ.genblkK.m_axi_bready_reg	0.264400	0.523784
axi_crossbar_inst.axi_crossbar_wr_inst.s_ifaces[I].addr_inst.thread_m_reg[J][K]	axi_crossbar_inst.axi_crossbar_wr_inst.s_ifaces[I].addr_inst.m_axi_avalid_reg	0.264800	0.183145
axi_crossbar_inst.axi_crossbar_rd_inst.m_ifaces[I].reg_inst.genblkJ.genblkK.s_axi_arready_reg	axi_crossbar_inst.axi_crossbar_rd_inst.s_ifaces[I].addr_inst.m_axi_avalid_reg	0.264900	0.176756
axi_crossbar_inst.axi_crossbar_rd_inst.m_ifaces[I].a_arb_inst.grant_valid_reg	axi_crossbar_inst.axi_crossbar_rd_inst.m_ifaces[I].a_arb_inst.mask_reg[J]	0.268600	0.300700
axi_crossbar_inst.axi_crossbar_wr_inst.s_ifaces[I].w_select_reg[J]	axi_crossbar_inst.axi_crossbar_wr_inst.s_ifaces[I].w_select_valid_reg	0.268900	0.215029
axi_crossbar_inst.axi_crossbar_wr_inst.s_ifaces[I].reg_inst.genblkJ.genblkK.m_axi_bready_reg	axi_crossbar_inst.axi_crossbar_wr_inst.s_ifaces[I].b_arb_inst.grant_reg[J]	0.270700	0.134609
sI_axi_wlast	axi_crossbar_inst.axi_crossbar_wr_inst.s_ifaces[I].w_select_valid_reg	0.271600	0.494757
mI_axi_arready	axi_crossbar_inst.axi_crossbar_rd_inst.m_ifaces[I].reg_inst.genblkJ.genblkK.m_axi_arvalid_reg	0.274900	0.519131
mI_axi_awready	axi_crossbar_inst.axi_crossbar_wr_inst.m_ifaces[I].reg_inst.genblkJ.genblkK.m_axi_awvalid_reg	0.274900	0.505638
sI_axi_bready	axi_crossbar_inst.axi_crossbar_wr_inst.s_ifaces[I].reg_inst.genblkJ.genblkK.s_axi_bvalid_reg	0.274900	0.533065
axi_crossbar_inst.axi_crossbar_rd_inst.m_ifaces[I].trans_count_reg[J]	axi_crossbar_inst.axi_crossbar_rd_inst.m_ifaces[I].a_arb_inst.grant_reg[J]	0.276300	0.159877
axi_crossbar_inst.axi_crossbar_wr_inst.m_ifaces[I].a_arb_inst.grant_encoded_reg[J]	axi_crossbar_inst.axi_crossbar_wr_inst.m_ifaces[I].a_arb_inst.grant_encoded_reg[J]	0.276700	0.314892
axi_crossbar_inst.axi_crossbar_rd_inst.s_ifaces[I].addr_inst.thread_m_reg[J][K]	axi_crossbar_inst.axi_crossbar_rd_inst.s_ifaces[I].addr_inst.m_rc_valid_reg	0.277700	0.228095
axi_crossbar_inst.axi_crossbar_wr_inst.m_ifaces[I].w_select_valid_reg	axi_crossbar_inst.axi_crossbar_wr_inst.s_ifaces[I].w_select_valid_reg	0.278500	0.198613
axi_crossbar_inst.axi_crossbar_wr_inst.m_ifaces[I].reg_inst.genblkJ.s_axi_wready_reg	axi_crossbar_inst.axi_crossbar_wr_inst.m_ifaces[I].reg_inst.genblkJ.m_axi_wstrb_reg[K]	0.278600	0.174864
axi_crossbar_inst.axi_crossbar_wr_inst.m_ifaces[I].a_arb_inst.grant_valid_reg	axi_crossbar_inst.axi_crossbar_wr_inst.m_ifaces[I].a_arb_inst.grant_valid_reg	0.280700	0.246175
axi_crossbar_inst.axi_crossbar_rd_inst.s_ifaces[I].addr_inst.thread_m_reg[J][K]	axi_crossbar_inst.axi_crossbar_rd_inst.s_ifaces[I].addr_inst.state_reg[J]	0.281100	0.218421
axi_crossbar_inst.axi_crossbar_rd_inst.m_ifaces[I].a_arb_inst.grant_valid_reg	axi_crossbar_inst.axi_crossbar_rd_inst.m_ifaces[I].a_arb_inst.grant_reg[J]	0.281300	0.316607
axi_crossbar_inst.axi_crossbar_rd_inst.s_ifaces[I].reg_inst.genblkJ.m_axi_rready_reg	axi_crossbar_inst.axi_crossbar_rd_inst.s_ifaces[I].reg_inst.genblkJ.s_axi_rid_reg[K]	0.281900	0.041000
sI_axi_wlast	axi_crossbar_inst.axi_crossbar_wr_inst.s_ifaces[I].w_drop_reg	0.282300	0.506122
axi_crossbar_inst.axi_crossbar_wr_inst.m_ifaces[I].a_arb_inst.grant_encoded_reg[J]	axi_crossbar_inst.axi_crossbar_wr_inst.m_ifaces[I].w_select_reg[J]	0.282800	0.316023
axi_crossbar_inst.axi_crossbar_rd_inst.s_ifaces[I].r_arb_inst.grant_valid_reg	axi_crossbar_inst.axi_crossbar_rd_inst.s_ifaces[I].r_arb_inst.grant_reg[J]	0.282800	0.188548
axi_crossbar_inst.axi_crossbar_wr_inst.s_ifaces[I].addr_inst.s_cpl_valid_r	axi_crossbar_inst.axi_crossbar_wr_inst.s_ifaces[I].addr_inst.thread_id_reg[J][K]	0.284100	0.252342
axi_crossbar_inst.axi_crossbar_wr_inst.s_ifaces[I].addr_inst.s_cpl_valid_r	axi_crossbar_inst.axi_crossbar_wr_inst.s_ifaces[I].addr_inst.thread_m_reg[J][K]	0.284100	0.249291
axi_crossbar_inst.axi_crossbar_rd_inst.s_ifaces[I].r_arb_inst.grant_valid_reg	axi_crossbar_inst.axi_crossbar_rd_inst.s_ifaces[I].r_arb_inst.mask_reg[J]	0.284900	0.187750
sI_axi_arid[J]	axi_crossbar_inst.axi_crossbar_rd_inst.s_ifaces[I].addr_inst.s_axi_aid_r[J]	0.286300	0.487256
sI_axi_arid[J]	axi_crossbar_inst.axi_crossbar_rd_inst.s_ifaces[I].decerr_m_axi_rid_reg[J]	0.286300	0.486939
sI_axi_awid[J]	axi_crossbar_inst.axi_crossbar_wr_inst.s_ifaces[I].addr_inst.s_axi_aid_r[J]	0.286300	0.468937
sI_axi_awid[J]	axi_crossbar_inst.axi_crossbar_wr_inst.s_ifaces[I].decerr_m_axi_bid_reg[J]	0.286300	0.481415
axi_crossbar_inst.axi_crossbar_rd_inst.s_ifaces[I].addr_inst.thread_m_reg[J][K]	axi_crossbar_inst.axi_crossbar_rd_inst.s_ifaces[I].addr_inst.m_axi_avalid_reg	0.286600	0.196110
axi_crossbar_inst.axi_crossbar_rd_inst.s_ifaces[I].reg_inst.genblkJ.m_axi_rready_reg	axi_crossbar_inst.axi_crossbar_rd_inst.s_ifaces[I].reg_inst.genblkJ.s_axi_rdata_reg[K]	0.286700	0.039456
axi_crossbar_inst.axi_crossbar_rd_inst.s_ifaces[I].addr_inst.s_cpl_valid_r	axi_crossbar_inst.axi_crossbar_rd_inst.s_ifaces[I].addr_inst.thread_id_reg[J][K]	0.286800	0.236522
axi_crossbar_inst.axi_crossbar_rd_inst.s_ifaces[I].addr_inst.s_cpl_valid_r	axi_crossbar_inst.axi_crossbar_rd_inst.s_ifaces[I].addr_inst.thread_m_reg[J][K]	0.286800	0.232184
axi_crossbar_inst.axi_crossbar_wr_inst.s_ifaces[I].w_drop_reg	sI_axi_wready	0.287200	-0.068261
axi_crossbar_inst.axi_crossbar_wr_inst.s_ifaces[I].b_arb_inst.grant_encoded_reg[J]	axi_crossbar_inst.axi_crossbar_wr_inst.s_ifaces[I].b_arb_inst.grant_encoded_reg[J]	0.287300	0.353318
axi_crossbar_inst.axi_crossbar_wr_inst.m_ifaces[I].reg_inst.genblkJ.genblkK.s_axi_awready_reg	axi_crossbar_inst.axi_crossbar_wr_inst.m_ifaces[I].reg_inst.genblkJ.genblkK.m_axi_awburst_reg[L]	0.292400	0.200389
axi_crossbar_inst.axi_crossbar_wr_inst.m_ifaces[I].reg_inst.genblkJ.genblkK.s_axi_awready_reg	axi_crossbar_inst.axi_crossbar_wr_inst.m_ifaces[I].reg_inst.genblkJ.genblkK.m_axi_awcache_reg[L]	0.292400	0.188646
axi_crossbar_inst.axi_crossbar_wr_inst.m_ifaces[I].reg_inst.genblkJ.genblkK.s_axi_awready_reg	axi_crossbar_inst.axi_crossbar_wr_inst.m_ifaces[I].reg_inst.genblkJ.genblkK.m_axi_awprot_reg[L]	0.292400	0.186931
axi_crossbar_inst.axi_crossbar_wr_inst.m_ifaces[I].reg_inst.genblkJ.genblkK.s_axi_awready_reg	axi_crossbar_inst.axi_crossbar_wr_inst.m_ifaces[I].reg_inst.genblkJ.genblkK.m_axi_awqos_reg[L]	0.292400	0.200417
axi_crossbar_inst.axi_crossbar_wr_inst.m_ifaces[I].reg_inst.genblkJ.genblkK.s_axi_awready_reg	axi_crossbar_inst.axi_crossbar_wr_inst.m_ifaces[I].reg_inst.genblkJ.genblkK.m_axi_awsize_reg[L]	0.292400	0.197751
axi_crossbar_inst.axi_crossbar_wr_inst.s_ifaces[I].addr_inst.thread_m_reg[J][K]	axi_crossbar_inst.axi_crossbar_wr_inst.s_ifaces[I].addr_inst.m_rc_valid_reg	0.294200	0.207385
axi_crossbar_inst.axi_crossbar_rd_inst.m_ifaces[I].trans_count_reg[J]	axi_crossbar_inst.axi_crossbar_rd_inst.m_ifaces[I].a_arb_inst.grant_encoded_reg[J]	0.294900	0.170937
axi_crossbar_inst.axi_crossbar_rd_inst.s_ifaces[I].r_arb_inst.grant_valid_reg	axi_crossbar_inst.axi_crossbar_rd_inst.s_ifaces[I].r_arb_inst.grant_encoded_reg[J]	0.295000	0.195721
axi_crossbar_inst.axi_crossbar_rd_inst.m_ifaces[I].a_arb_inst.grant_reg[J]	axi_crossbar_inst.axi_crossbar_rd_inst.m_ifaces[I].a_arb_inst.grant_valid_reg	0.296200	0.216418
axi_crossbar_inst.axi_crossbar_rd_inst.s_ifaces[I].reg_inst.genblkJ.m_axi_rready_reg	axi_crossbar_inst.axi_crossbar_rd_inst.s_ifaces[I].reg_inst.genblkJ.s_axi_rlast_reg	0.296800	0.043247
axi_crossbar_inst.axi_crossbar_rd_inst.s_ifaces[I].reg_inst.genblkJ.m_axi_rready_reg	axi_crossbar_inst.axi_crossbar_rd_inst.s_ifaces[I].reg_inst.genblkJ.s_axi_rresp_reg[K]	0.296800	0.081027
axi_crossbar_inst.axi_crossbar_rd_inst.s_ifaces[I].addr_inst.match_reg	axi_crossbar_inst.axi_crossbar_rd_inst.s_ifaces[I].addr_inst.thread_id_reg[J][K]	0.298400	0.275273
axi_crossbar_inst.axi_crossbar_rd_inst.s_ifaces[I].addr_inst.match_reg	axi_crossbar_inst.axi_crossbar_rd_inst.s_ifaces[I].addr_inst.thread_m_reg[J][K]	0.298400	0.270935
axi_crossbar_inst.axi_crossbar_wr_inst.s_ifaces[I].addr_inst.thread_m_reg[J][K]	axi_crossbar_inst.axi_crossbar_wr_inst.s_ifaces[I].addr_inst.m_decerr_reg	0.299200	0.221909
axi_crossbar_inst.axi_crossbar_rd_inst.m_ifaces[I].a_arb_inst.grant_valid_reg	axi_crossbar_inst.axi_crossbar_rd_inst.s_ifaces[I].addr_inst.m_axi_avalid_reg	0.300000	0.244618
axi_crossbar_inst.axi_crossbar_wr_inst.s_ifaces[I].addr_inst.thread_m_reg[J][K]	axi_crossbar_inst.axi_crossbar_wr_inst.s_ifaces[I].addr_inst.state_reg[J]	0.302700	0.241127
axi_crossbar_inst.axi_crossbar_rd_inst.m_ifaces[I].reg_inst.genblkJ.genblkK.s_axi_arready_reg	axi_crossbar_inst.axi_crossbar_rd_inst.m_ifaces[I].a_arb_inst.grant_encoded_reg[J]	0.302800	0.159254
axi_crossbar_inst.axi_crossbar_rd_inst.s_ifaces[I].reg_inst.genblkJ.m_axi_rready_reg	axi_crossbar_inst.axi_crossbar_rd_inst.s_ifaces[I].reg_inst.genblkJ.temp_s_axi_rdata_reg[K]	0.302800	0.110052
axi_crossbar_inst.axi_crossbar_wr_inst.m_ifaces[I].w_select_reg[J]	axi_crossbar_inst.axi_crossbar_wr_inst.m_ifaces[I].w_select_reg[J]	0.303200	0.402569
axi_crossbar_inst.axi_crossbar_rd_inst.s_ifaces[I].decerr_m_axi_rvalid_reg	axi_crossbar_inst.axi_crossbar_rd_inst.s_ifaces[I].r_arb_inst.grant_valid_reg	0.303500	0.255172
axi_crossbar_inst.axi_crossbar_wr_inst.m_ifaces[I].reg_inst.genblkJ.genblkK.s_axi_awready_reg	axi_crossbar_inst.axi_crossbar_wr_inst.m_ifaces[I].reg_inst.genblkJ.genblkK.m_axi_awid_reg[L]	0.305200	0.190335
axi_crossbar_inst.axi_crossbar_wr_inst.s_ifaces[I].reg_inst.genblkJ.genblkK.m_axi_bready_reg	axi_crossbar_inst.axi_crossbar_wr_inst.s_ifaces[I].b_arb_inst.grant_encoded_reg[J]	0.305800	0.182099
axi_crossbar_inst.axi_crossbar_rd_inst.s_ifaces[I].decerr_m_axi_rlast_reg	axi_crossbar_inst.axi_crossbar_rd_inst.s_ifaces[I].r_arb_inst.grant_valid_reg	0.306100	0.269205
axi_crossbar_inst.axi_crossbar_wr_inst.m_ifaces[I].reg_inst.genblkJ.s_axi_wready_reg	axi_crossbar_inst.axi_crossbar_wr_inst.m_ifaces[I].reg_inst.genblkJ.temp_m_axi_wdata_reg[K]	0.307900	0.190079
axi_crossbar_inst.axi_crossbar_wr_inst.s_ifaces[I].addr_inst.match_reg	axi_crossbar_inst.axi_crossbar_wr_inst.s_ifaces[I].addr_inst.thread_id_reg[J][K]	0.310400	0.258470
axi_crossbar_inst.axi_crossbar_wr_inst.s_ifaces[I].addr_inst.match_reg	axi_crossbar_inst.axi_crossbar_wr_inst.s_ifaces[I].addr_inst.thread_m_reg[J][K]	0.310400	0.256911
axi_crossbar_inst.axi_crossbar_wr_inst.m_ifaces[I].a_arb_inst.grant_valid_reg	axi_crossbar_inst.axi_crossbar_wr_inst.m_ifaces[I].w_select_valid_reg	0.311900	0.305115
axi_crossbar_inst.axi_crossbar_rd_inst.s_ifaces[I].reg_inst.genblkJ.m_axi_rready_reg	axi_crossbar_inst.axi_crossbar_rd_inst.s_ifaces[I].reg_inst.genblkJ.temp_s_axi_rresp_reg[K]	0.314600	0.112032
axi_crossbar_inst.axi_crossbar_rd_inst.s_ifaces[I].reg_inst.genblkJ.m_axi_rready_reg	axi_crossbar_inst.axi_crossbar_rd_inst.s_ifaces[I].reg_inst.genblkJ.temp_s_axi_rid_reg[K]	0.314700	0.147836
sI_axi_wvalid	axi_crossbar_inst.axi_crossbar_wr_inst.s_ifaces[I].w_select_valid_reg	0.314800	0.525395
axi_crossbar_inst.axi_crossbar_rd_inst.m_ifaces[I].reg_inst.genblkJ.genblkK.s_axi_arready_reg	axi_crossbar_inst.axi_crossbar_rd_inst.m_ifaces[I].reg_inst.genblkJ.genblkK.m_axi_arburst_reg[L]	0.315000	0.212639
axi_crossbar_inst.axi_crossbar_rd_inst.m_ifaces[I].reg_inst.genblkJ.genblkK.s_axi_arready_reg	axi_crossbar_inst.axi_crossbar_rd_inst.m_ifaces[I].reg_inst.genblkJ.genblkK.m_axi_arcache_reg[L]	0.315000	0.217162
axi_crossbar_inst.axi_crossbar_rd_inst.m_ifaces[I].reg_inst.genblkJ.genblkK.s_axi_arready_reg	axi_crossbar_inst.axi_crossbar_rd_inst.m_ifaces[I].reg_inst.genblkJ.genblkK.m_axi_arprot_reg[L]	0.315000	0.207746
axi_crossbar_inst.axi_crossbar_rd_inst.m_ifaces[I].reg_inst.genblkJ.genblkK.s_axi_arready_reg	axi_crossbar_inst.axi_crossbar_rd_inst.m_ifaces[I].reg_inst.genblkJ.genblkK.m_axi_arqos_reg[L]	0.315000	0.221726
axi_crossbar_inst.axi_crossbar_rd_inst.m_ifaces[I].reg_inst.genblkJ.genblkK.s_axi_arready_reg	axi_crossbar_inst.axi_crossbar_rd_inst.m_ifaces[I].reg_inst.genblkJ.genblkK.m_axi_arsize_reg[L]	0.315000	0.211373
axi_crossbar_inst.axi_crossbar_wr_inst.m_ifaces[I].reg_inst.genblkJ.genblkK.s_axi_awready_reg	axi_crossbar_inst.axi_crossbar_wr_inst.m_ifaces[I].reg_inst.genblkJ.genblkK.m_axi_awaddr_reg[L]	0.315000	0.158544
axi_crossbar_inst.axi_crossbar_wr_inst.m_ifaces[I].w_select_new_reg	axi_crossbar_inst.axi_crossbar_wr_inst.m_ifaces[I].a_arb_inst.grant_valid_reg	0.315600	0.260218
axi_crossbar_inst.axi_crossbar_wr_inst.s_ifaces[I].reg_inst.genblkJ.genblkK.m_axi_bready_reg	axi_crossbar_inst.axi_crossbar_wr_inst.s_ifaces[I].b_arb_inst.grant_valid_reg	0.316000	0.243008
axi_crossbar_inst.axi_crossbar_rd_inst.m_ifaces[I].a_arb_inst.grant_encoded_reg[J]	axi_crossbar_inst.axi_crossbar_rd_inst.m_ifaces[I].a_arb_inst.grant_encoded_reg[J]	0.316700	0.359613
axi_crossbar_inst.axi_crossbar_wr_inst.m_ifaces[I].a_arb_inst.grant_reg[J]	axi_crossbar_inst.axi_crossbar_wr_inst.m_ifaces[I].w_select_new_reg	0.316800	0.271628
axi_crossbar_inst.axi_crossbar_rd_inst.m_ifaces[I].reg_inst.genblkJ.genblkK.s_axi_arready_reg	axi_crossbar_inst.axi_crossbar_rd_inst.m_ifaces[I].reg_inst.genblkJ.genblkK.m_axi_araddr_reg[L]	0.319300	0.166711
axi_crossbar_inst.axi_crossbar_rd_inst.m_ifaces[I].reg_inst.genblkJ.genblkK.s_axi_arready_reg	axi_crossbar_inst.axi_crossbar_rd_inst.m_ifaces[I].reg_inst.genblkJ.genblkK.m_axi_arlen_reg[L]	0.319300	0.212394
axi_crossbar_inst.axi_crossbar_rd_inst.s_ifaces[I].reg_inst.genblkJ.m_axi_rready_reg	axi_crossbar_inst.axi_crossbar_rd_inst.s_ifaces[I].reg_inst.genblkJ.temp_s_axi_rlast_reg	0.320100	0.160961
axi_crossbar_inst.axi_crossbar_wr_inst.m_ifaces[I].reg_inst.genblkJ.m_axi_wvalid_reg	axi_crossbar_inst.axi_crossbar_wr_inst.m_ifaces[I].reg_inst.genblkJ.m_axi_wdata_reg[K]	0.320600	0.353128
axi_crossbar_inst.axi_crossbar_wr_inst.s_ifaces[I].addr_inst.thread_m_reg[J][K]	axi_crossbar_inst.axi_crossbar_wr_inst.s_ifaces[I].addr_inst.m_wc_valid_reg	0.321500	0.237802
axi_crossbar_inst.axi_crossbar_rd_inst.s_ifaces[I].reg_inst.genblkJ.s_axi_rvalid_reg	axi_crossbar_inst.axi_crossbar_rd_inst.s_ifaces[I].reg_inst.genblkJ.temp_s_axi_rdata_reg[K]	0.322200	0.268409
axi_crossbar_inst.axi_crossbar_wr_inst.m_ifaces[I].reg_inst.genblkJ.m_axi_wvalid_reg	axi_crossbar_inst.axi_crossbar_wr_inst.m_ifaces[I].reg_inst.genblkJ.m_axi_wstrb_reg[K]	0.322600	0.359125
axi_crossbar_inst.axi_crossbar_wr_inst.m_ifaces[I].reg_inst.genblkJ.genblkK.s_axi_awready_reg	axi_crossbar_inst.axi_crossbar_wr_inst.m_ifaces[I].w_select_new_reg	0.323300	0.348171
axi_crossbar_inst.axi_crossbar_wr_inst.s_ifaces[I].addr_inst.trans_count_reg[J]	axi_crossbar_inst.axi_crossbar_wr_inst.s_ifaces[I].addr_inst.m_axi_avalid_reg	0.324200	0.256508
sI_axi_wvalid	axi_crossbar_inst.axi_crossbar_wr_inst.s_ifaces[I].w_drop_reg	0.325400	0.538121
axi_crossbar_inst.axi_crossbar_rd_inst.s_ifaces[I].r_arb_inst.grant_valid_reg	axi_crossbar_inst.axi_crossbar_rd_inst.s_ifaces[I].r_arb_inst.grant_valid_reg	0.326000	0.287359
axi_crossbar_inst.axi_crossbar_rd_inst.s_ifaces[I].reg_inst.genblkJ.m_axi_rready_reg	axi_crossbar_inst.axi_crossbar_rd_inst.s_ifaces[I].reg_inst.genblkJ.temp_s_axi_rvalid_reg	0.326800	0.184522
axi_crossbar_inst.axi_crossbar_rd_inst.s_ifaces[I].decerr_m_axi_rvalid_reg	axi_crossbar_inst.axi_crossbar_rd_inst.s_ifaces[I].decerr_len_reg[J]	0.327500	0.192607
axi_crossbar_inst.axi_crossbar_wr_inst.m_ifaces[I].reg_inst.genblkJ.s_axi_wready_reg	axi_crossbar_inst.axi_crossbar_wr_inst.m_ifaces[I].reg_inst.genblkJ.m_axi_wlast_reg	0.329700	0.179177
axi_crossbar_inst.axi_crossbar_rd_inst.s_ifaces[I].reg_inst.genblkJ.s_axi_rvalid_reg	axi_crossbar_inst.axi_crossbar_rd_inst.s_ifaces[I].reg_inst.genblkJ.temp_s_axi_rresp_reg[K]	0.330100	0.270190
axi_crossbar_inst.axi_crossbar_wr_inst.m_ifaces[I].reg_inst.genblkJ.s_axi_wready_reg	axi_crossbar_inst.axi_crossbar_wr_inst.m_ifaces[I].a_arb_inst.grant_valid_reg	0.330500	0.204677
axi_crossbar_inst.axi_crossbar_rd_inst.s_ifaces[I].reg_inst.genblkJ.s_axi_rvalid_reg	axi_crossbar_inst.axi_crossbar_rd_inst.s_ifaces[I].reg_inst.genblkJ.temp_s_axi_rid_reg[K]	0.330600	0.275277
axi_crossbar_inst.axi_crossbar_rd_inst.s_ifaces[I].reg_inst.genblkJ.s_axi_rvalid_reg	axi_crossbar_inst.axi_crossbar_rd_inst.s_ifaces[I].reg_inst.genblkJ.temp_s_axi_rlast_reg	0.330600	0.286175
axi_crossbar_inst.axi_crossbar_wr_inst.m_ifaces[I].reg_inst.genblkJ.m_axi_wlast_reg	mI_axi_wlast	0.333000	-0.025449
axi_crossbar_inst.axi_crossbar_wr_inst.s_ifaces[I].reg_inst.genblkJ.genblkK.s_axi_bresp_reg[L]	sI_axi_bresp[J]	0.333000	-0.011995
axi_crossbar_inst.axi_crossbar_rd_inst.s_ifaces[I].reg_inst.genblkJ.s_axi_rdata_reg[K]	sI_axi_rdata[J]	0.333000	-0.028496
axi_crossbar_inst.axi_crossbar_rd_inst.m_ifaces[I].reg_inst.genblkJ.genblkK.m_axi_arvalid_reg	mI_axi_arvalid	0.333000	-0.017635
axi_crossbar_inst.axi_crossbar_wr_inst.m_ifaces[I].reg_inst.genblkJ.genblkK.m_axi_awvalid_reg	mI_axi_awvalid	0.333000	-0.019892
axi_crossbar_inst.axi_crossbar_wr_inst.s_ifaces[I].reg_inst.genblkJ.genblkK.s_axi_bvalid_reg	sI_axi_bvalid	0.333000	-0.011981
axi_crossbar_inst.axi_crossbar_wr_inst.m_ifaces[I].reg_inst.genblkJ.m_axi_wdata_reg[K]	mI_axi_wdata[J]	0.333100	-0.030821
axi_crossbar_inst.axi_crossbar_wr_inst.m_ifaces[I].reg_inst.genblkJ.m_axi_wstrb_reg[K]	mI_axi_wstrb[J]	0.333100	-0.033968
axi_crossbar_inst.axi_crossbar_rd_inst.s_ifaces[I].reg_inst.genblkJ.s_axi_rid_reg[K]	sI_axi_rid[J]	0.333100	-0.028729
axi_crossbar_inst.axi_crossbar_rd_inst.s_ifaces[I].reg_inst.genblkJ.s_axi_rlast_reg	sI_axi_rlast	0.333100	-0.019822
axi_crossbar_inst.axi_crossbar_rd_inst.s_ifaces[I].reg_inst.genblkJ.s_axi_rresp_reg[K]	sI_axi_rresp[J]	0.333100	-0.022813
axi_crossbar_inst.axi_crossbar_wr_inst.m_ifaces[I].reg_inst.genblkJ.m_axi_wvalid_reg	mI_axi_wvalid	0.333100	-0.019557
axi_crossbar_inst.axi_crossbar_rd_inst.s_ifaces[I].reg_inst.genblkJ.s_axi_rvalid_reg	sI_axi_rvalid	0.333100	-0.026192
axi_crossbar_inst.axi_crossbar_rd_inst.m_ifaces[I].reg_inst.genblkJ.genblkK.m_axi_araddr_reg[L]	mI_axi_araddr[J]	0.334800	-0.032440
axi_crossbar_inst.axi_crossbar_rd_inst.m_ifaces[I].reg_inst.genblkJ.genblkK.m_axi_arburst_reg[L]	mI_axi_arburst[J]	0.334800	-0.009793
axi_crossbar_inst.axi_crossbar_rd_inst.m_ifaces[I].reg_inst.genblkJ.genblkK.m_axi_arcache_reg[L]	mI_axi_arcache[J]	0.334800	-0.024170
axi_crossbar_inst.axi_crossbar_rd_inst.m_ifaces[I].reg_inst.genblkJ.genblkK.m_axi_arid_reg[L]	mI_axi_arid[J]	0.334800	-0.019574
axi_crossbar_inst.axi_crossbar_rd_inst.m_ifaces[I].reg_inst.genblkJ.genblkK.m_axi_arlen_reg[L]	mI_axi_arlen[J]	0.334800	-0.010317
axi_crossbar_inst.axi_crossbar_rd_inst.m_ifaces[I].reg_inst.genblkJ.genblkK.m_axi_arlock_reg	mI_axi_arlock	0.334800	-0.007298
axi_crossbar_inst.axi_crossbar_rd_inst.m_ifaces[I].reg_inst.genblkJ.genblkK.m_axi_arprot_reg[L]	mI_axi_arprot[J]	0.334800	-0.020012
axi_crossbar_inst.axi_crossbar_rd_inst.m_ifaces[I].reg_inst.genblkJ.genblkK.m_axi_arqos_reg[L]	mI_axi_arqos[J]	0.334800	-0.029374
axi_crossbar_inst.axi_crossbar_rd_inst.m_ifaces[I].reg_inst.genblkJ.genblkK.m_axi_arsize_reg[L]	mI_axi_arsize[J]	0.334800	-0.012267
axi_crossbar_inst.axi_crossbar_wr_inst.m_ifaces[I].reg_inst.genblkJ.genblkK.m_axi_awaddr_reg[L]	mI_axi_awaddr[J]	0.334800	-0.036341
axi_crossbar_inst.axi_crossbar_wr_inst.m_ifaces[I].reg_inst.genblkJ.genblkK.m_axi_awburst_reg[L]	mI_axi_awburst[J]	0.334800	-0.012622
axi_crossbar_inst.axi_crossbar_wr_inst.m_ifaces[I].reg_inst.genblkJ.genblkK.m_axi_awcache_reg[L]	mI_axi_awcache[J]	0.334800	-0.018792
axi_crossbar_inst.axi_crossbar_wr_inst.m_ifaces[I].reg_inst.genblkJ.genblkK.m_axi_awid_reg[L]	mI_axi_awid[J]	0.334800	-0.016019
axi_crossbar_inst.axi_crossbar_wr_inst.m_ifaces[I].reg_inst.genblkJ.genblkK.m_axi_awlen_reg[L]	mI_axi_awlen[J]	0.334800	-0.021038
axi_crossbar_inst.axi_crossbar_wr_inst.m_ifaces[I].reg_inst.genblkJ.genblkK.m_axi_awlock_reg	mI_axi_awlock	0.334800	0.003460
axi_crossbar_inst.axi_crossbar_wr_inst.m_ifaces[I].reg_inst.genblkJ.genblkK.m_axi_awprot_reg[L]	mI_axi_awprot[J]	0.334800	-0.024279
axi_crossbar_inst.axi_crossbar_wr_inst.m_ifaces[I].reg_inst.genblkJ.genblkK.m_axi_awqos_reg[L]	mI_axi_awqos[J]	0.334800	-0.010301
axi_crossbar_inst.axi_crossbar_wr_inst.m_ifaces[I].reg_inst.genblkJ.genblkK.m_axi_awsize_reg[L]	mI_axi_awsize[J]	0.334800	-0.009851
axi_crossbar_inst.axi_crossbar_wr_inst.s_ifaces[I].reg_inst.genblkJ.genblkK.s_axi_bid_reg[L]	sI_axi_bid[J]	0.334800	-0.011324
axi_crossbar_inst.axi_crossbar_wr_inst.m_ifaces[I].reg_inst.genblkJ.s_axi_wready_reg	axi_crossbar_inst.axi_crossbar_wr_inst.m_ifaces[I].reg_inst.genblkJ.temp_m_axi_wstrb_reg[K]	0.335000	0.190720
axi_crossbar_inst.axi_crossbar_rd_inst.s_ifaces[I].addr_inst.s_axi_aready_reg	sI_axi_arready	0.336900	-0.055048
axi_crossbar_inst.axi_crossbar_wr_inst.s_ifaces[I].addr_inst.s_axi_aready_reg	sI_axi_awready	0.336900	-0.038407
axi_crossbar_inst.axi_crossbar_wr_inst.m_ifaces[I].reg_inst.genblkJ.s_axi_wready_reg	axi_crossbar_inst.axi_crossbar_wr_inst.m_ifaces[I].reg_inst.genblkJ.m_axi_wvalid_reg	0.337000	0.297365
axi_crossbar_inst.axi_crossbar_rd_inst.s_ifaces[I].addr_inst.m_rc_valid_reg	axi_crossbar_inst.axi_crossbar_rd_inst.s_ifaces[I].decerr_len_reg[J]	0.337900	0.291427
axi_crossbar_inst.axi_crossbar_rd_inst.s_ifaces[I].addr_inst.m_rc_valid_reg	axi_crossbar_inst.axi_crossbar_rd_inst.s_ifaces[I].decerr_m_axi_rlast_reg	0.337900	0.315245
axi_crossbar_inst.axi_crossbar_rd_inst.s_ifaces[I].decerr_m_axi_rvalid_reg	axi_crossbar_inst.axi_crossbar_rd_inst.s_ifaces[I].reg_inst.genblkJ.temp_s_axi_rvalid_reg	0.338800	0.219627
axi_crossbar_inst.axi_crossbar_wr_inst.m_ifaces[I].reg_inst.genblkJ.genblkK.s_axi_awready_reg	axi_crossbar_inst.axi_crossbar_wr_inst.m_ifaces[I].a_arb_inst.grant_valid_reg	0.341100	0.308094
axi_crossbar_inst.axi_crossbar_wr_inst.m_ifaces[I].w_select_valid_reg	axi_crossbar_inst.axi_crossbar_wr_inst.m_ifaces[I].a_arb_inst.grant_valid_reg	0.341800	0.278663
axi_crossbar_inst.axi_crossbar_rd_inst.m_ifaces[I].a_arb_inst.grant_valid_reg	axi_crossbar_inst.axi_crossbar_rd_inst.m_ifaces[I].a_arb_inst.grant_encoded_reg[J]	0.342400	0.337324
axi_crossbar_inst.axi_crossbar_wr_inst.m_ifaces[I].w_select_new_reg	axi_crossbar_inst.axi_crossbar_wr_inst.m_ifaces[I].w_select_valid_reg	0.346900	0.337917
axi_crossbar_inst.axi_crossbar_wr_inst.m_ifaces[I].reg_inst.genblkJ.s_axi_wready_reg	axi_crossbar_inst.axi_crossbar_wr_inst.m_ifaces[I].reg_inst.genblkJ.temp_m_axi_wvalid_reg	0.348300	0.297203
axi_crossbar_inst.axi_crossbar_wr_inst.s_ifaces[I].decerr_m_axi_bvalid_reg	axi_crossbar_inst.axi_crossbar_wr_inst.s_ifaces[I].reg_inst.genblkJ.genblkK.m_axi_bready_reg	0.348400	0.233681
axi_crossbar_inst.axi_crossbar_rd_inst.s_ifaces[I].reg_inst.genblkJ.m_axi_rready_reg	axi_crossbar_inst.axi_crossbar_rd_inst.s_ifaces[I].addr_inst.s_cpl_valid_r	0.348600	0.250211
axi_crossbar_inst.axi_crossbar_rd_inst.s_ifaces[I].decerr_m_axi_rvalid_reg	axi_crossbar_inst.axi_crossbar_rd_inst.s_ifaces[I].addr_inst.state_reg[J]	0.350200	0.278311
axi_crossbar_inst.axi_crossbar_wr_inst.m_ifaces[I].reg_inst.genblkJ.m_axi_wvalid_reg	axi_crossbar_inst.axi_crossbar_wr_inst.m_ifaces[I].reg_inst.genblkJ.temp_m_axi_wdata_reg[K]	0.350500	0.342645
axi_crossbar_inst.axi_crossbar_wr_inst.m_ifaces[I].reg_inst.genblkJ.genblkK.s_axi_awready_reg	axi_crossbar_inst.axi_crossbar_wr_inst.m_ifaces[I].reg_inst.genblkJ.genblkK.s_axi_awready_reg	0.353300	0.286444
axi_crossbar_inst.axi_crossbar_rd_inst.s_ifaces[I].reg_inst.genblkJ.m_axi_rready_reg	axi_crossbar_inst.axi_crossbar_rd_inst.s_ifaces[I].decerr_m_axi_rvalid_reg	0.353500	0.194665
axi_crossbar_inst.axi_crossbar_wr_inst.m_ifaces[I].reg_inst.genblkJ.m_axi_wvalid_reg	axi_crossbar_inst.axi_crossbar_wr_inst.m_ifaces[I].reg_inst.genblkJ.temp_m_axi_wstrb_reg[K]	0.353600	0.343284
axi_crossbar_inst.axi_crossbar_rd_inst.s_ifaces[I].decerr_m_axi_rvalid_reg	axi_crossbar_inst.axi_crossbar_rd_inst.s_ifaces[I].addr_inst.s_cpl_valid_r	0.355700	0.179826
axi_crossbar_inst.axi_crossbar_rd_inst.s_ifaces[I].reg_inst.genblkJ.m_axi_rready_reg	axi_crossbar_inst.axi_crossbar_rd_inst.s_ifaces[I].reg_inst.genblkJ.s_axi_rvalid_reg	0.357200	0.127129
axi_crossbar_inst.axi_crossbar_wr_inst.s_ifaces[I].addr_inst.trans_count_reg[J]	axi_crossbar_inst.axi_crossbar_wr_inst.s_ifaces[I].addr_inst.m_decerr_reg	0.358600	0.295273
axi_crossbar_inst.axi_crossbar_wr_inst.s_ifaces[I].addr_inst.state_reg[J]	axi_crossbar_inst.axi_crossbar_wr_inst.s_ifaces[I].addr_inst.m_axi_avalid_reg	0.359100	0.358295
axi_crossbar_inst.axi_crossbar_rd_inst.s_ifaces[I].addr_inst.m_axi_avalid_reg	axi_crossbar_inst.axi_crossbar_rd_inst.s_ifaces[I].addr_inst.state_reg[J]	0.359400	0.296343
axi_crossbar_inst.axi_crossbar_wr_inst.s_ifaces[I].addr_inst.trans_count_reg[J]	axi_crossbar_inst.axi_crossbar_wr_inst.s_ifaces[I].addr_inst.m_rc_valid_reg	0.360200	0.275419
axi_crossbar_inst.axi_crossbar_wr_inst.s_ifaces[I].addr_inst.m_axi_avalid_reg	axi_crossbar_inst.axi_crossbar_wr_inst.s_ifaces[I].addr_inst.state_reg[J]	0.360500	0.284961
axi_crossbar_inst.axi_crossbar_wr_inst.s_ifaces[I].decerr_m_axi_bvalid_reg	axi_crossbar_inst.axi_crossbar_wr_inst.s_ifaces[I].addr_inst.s_cpl_valid_r	0.361400	0.207438
axi_crossbar_inst.axi_crossbar_wr_inst.s_ifaces[I].decerr_m_axi_bvalid_reg	axi_crossbar_inst.axi_crossbar_wr_inst.s_ifaces[I].reg_inst.genblkJ.genblkK.s_axi_bvalid_reg	0.361700	0.242668
axi_crossbar_inst.axi_crossbar_wr_inst.m_ifaces[I].reg_inst.genblkJ.genblkK.s_axi_awready_reg	axi_crossbar_inst.axi_crossbar_wr_inst.m_ifaces[I].reg_inst.genblkJ.genblkK.m_axi_awlen_reg[L]	0.363800	0.196321
axi_crossbar_inst.axi_crossbar_rd_inst.s_ifaces[I].reg_inst.genblkJ.s_axi_rvalid_reg	axi_crossbar_inst.axi_crossbar_rd_inst.s_ifaces[I].reg_inst.genblkJ.s_axi_rid_reg[K]	0.364100	0.272463
axi_crossbar_inst.axi_crossbar_rd_inst.s_ifaces[I].addr_inst.trans_count_reg[J]	axi_crossbar_inst.axi_crossbar_rd_inst.s_ifaces[I].addr_inst.m_rc_valid_reg	0.365800	0.283264
axi_crossbar_inst.axi_crossbar_rd_inst.s_ifaces[I].addr_inst.state_reg[J]	axi_crossbar_inst.axi_crossbar_rd_inst.s_ifaces[I].addr_inst.m_axi_avalid_reg	0.365900	0.324542
axi_crossbar_inst.axi_crossbar_wr_inst.s_ifaces[I].addr_inst.s_cpl_valid_r	axi_crossbar_inst.axi_crossbar_wr_inst.s_ifaces[I].addr_inst.m_axi_avalid_reg	0.366600	0.291701
axi_crossbar_inst.axi_crossbar_rd_inst.s_ifaces[I].reg_inst.genblkJ.s_axi_rvalid_reg	axi_crossbar_inst.axi_crossbar_rd_inst.s_ifaces[I].reg_inst.genblkJ.s_axi_rlast_reg	0.367400	0.273344
axi_crossbar_inst.axi_crossbar_rd_inst.s_ifaces[I].reg_inst.genblkJ.s_axi_rvalid_reg	axi_crossbar_inst.axi_crossbar_rd_inst.s_ifaces[I].reg_inst.genblkJ.s_axi_rresp_reg[K]	0.367400	0.272909
axi_crossbar_inst.axi_crossbar_wr_inst.m_ifaces[I].reg_inst.genblkJ.genblkK.s_axi_awready_reg	axi_crossbar_inst.axi_crossbar_wr_inst.m_ifaces[I].reg_inst.genblkJ.genblkK.m_axi_awvalid_reg	0.367500	0.290741
axi_crossbar_inst.axi_crossbar_wr_inst.s_ifaces[I].addr_inst.m_axi_avalid_reg	axi_crossbar_inst.axi_crossbar_wr_inst.s_ifaces[I].addr_inst.s_axi_aready_reg	0.368400	0.301132
axi_crossbar_inst.axi_crossbar_rd_inst.s_ifaces[I].reg_inst.genblkJ.s_axi_rvalid_reg	axi_crossbar_inst.axi_crossbar_rd_inst.s_ifaces[I].reg_inst.genblkJ.s_axi_rdata_reg[K]	0.369000	0.256783
axi_crossbar_inst.axi_crossbar_rd_inst.s_ifaces[I].addr_inst.state_reg[J]	axi_crossbar_inst.axi_crossbar_rd_inst.s_ifaces[I].addr_inst.m_rc_valid_reg	0.371200	0.330227
axi_crossbar_inst.axi_crossbar_rd_inst.s_ifaces[I].decerr_m_axi_rvalid_reg	axi_crossbar_inst.axi_crossbar_rd_inst.s_ifaces[I].addr_inst.m_rc_valid_reg	0.371700	0.284830
axi_crossbar_inst.axi_crossbar_rd_inst.s_ifaces[I].addr_inst.m_axi_avalid_reg	axi_crossbar_inst.axi_crossbar_rd_inst.s_ifaces[I].addr_inst.m_axi_avalid_reg	0.372300	0.308658
axi_crossbar_inst.axi_crossbar_wr_inst.m_ifaces[I].w_select_valid_reg	axi_crossbar_inst.axi_crossbar_wr_inst.m_ifaces[I].w_select_valid_reg	0.373000	0.360813
axi_crossbar_inst.axi_crossbar_rd_inst.s_ifaces[I].r_arb_inst.grant_valid_reg	axi_crossbar_inst.axi_crossbar_rd_inst.s_ifaces[I].decerr_m_axi_rvalid_reg	0.373300	0.238375
axi_crossbar_inst.axi_crossbar_rd_inst.s_ifaces[I].decerr_m_axi_rvalid_reg	axi_crossbar_inst.axi_crossbar_rd_inst.s_ifaces[I].reg_inst.genblkJ.s_axi_rvalid_reg	0.373600	0.229096
axi_crossbar_inst.axi_crossbar_rd_inst.s_ifaces[I].addr_inst.state_reg[J]	axi_crossbar_inst.axi_crossbar_rd_inst.s_ifaces[I].addr_inst.m_select_reg[J]	0.374100	0.298668
axi_crossbar_inst.axi_crossbar_wr_inst.s_ifaces[I].addr_inst.state_reg[J]	axi_crossbar_inst.axi_crossbar_wr_inst.s_ifaces[I].addr_inst.m_select_reg[J]	0.374100	0.323447
axi_crossbar_inst.axi_crossbar_rd_inst.s_ifaces[I].addr_inst.state_reg[J]	axi_crossbar_inst.axi_crossbar_rd_inst.s_ifaces[I].addr_inst.state_reg[J]	0.374700	0.320553
axi_crossbar_inst.axi_crossbar_wr_inst.m_ifaces[I].reg_inst.genblkJ.s_axi_wready_reg	axi_crossbar_inst.axi_crossbar_wr_inst.m_ifaces[I].w_select_valid_reg	0.375000	0.297404
axi_crossbar_inst.axi_crossbar_wr_inst.s_ifaces[I].addr_inst.trans_count_reg[J]	axi_crossbar_inst.axi_crossbar_wr_inst.s_ifaces[I].addr_inst.state_reg[J]	0.375500	0.299303
axi_crossbar_inst.axi_crossbar_rd_inst.s_ifaces[I].addr_inst.trans_count_reg[J]	axi_crossbar_inst.axi_crossbar_rd_inst.s_ifaces[I].addr_inst.m_axi_avalid_reg	0.376900	0.274056
axi_crossbar_inst.axi_crossbar_wr_inst.m_ifaces[I].reg_inst.genblkJ.genblkK.s_axi_awready_reg	axi_crossbar_inst.axi_crossbar_wr_inst.m_ifaces[I].reg_inst.genblkJ.genblkK.m_axi_awlock_reg	0.377300	0.222018
axi_crossbar_inst.axi_crossbar_rd_inst.s_ifaces[I].decerr_m_axi_rvalid_reg	axi_crossbar_inst.axi_crossbar_rd_inst.s_ifaces[I].addr_inst.s_axi_aready_reg	0.377700	0.289164
axi_crossbar_inst.axi_crossbar_wr_inst.s_ifaces[I].addr_inst.m_select_reg[J]	axi_crossbar_inst.axi_crossbar_wr_inst.s_ifaces[I].addr_inst.m_select_reg[J]	0.378800	0.434744
axi_crossbar_inst.axi_crossbar_wr_inst.s_ifaces[I].addr_inst.m_select_reg[J]	axi_crossbar_inst.axi_crossbar_wr_inst.s_ifaces[I].w_select_reg[J]	0.379200	0.405198
axi_crossbar_inst.axi_crossbar_wr_inst.m_ifaces[I].trans_count_reg[J]	axi_crossbar_inst.axi_crossbar_wr_inst.m_ifaces[I].trans_count_reg[J]	0.380300	0.370767
axi_crossbar_inst.axi_crossbar_wr_inst.s_ifaces[I].addr_inst.state_reg[J]	axi_crossbar_inst.axi_crossbar_wr_inst.s_ifaces[I].addr_inst.m_decerr_reg	0.380300	0.383366
axi_crossbar_inst.axi_crossbar_rd_inst.m_ifaces[I].trans_count_reg[J]	axi_crossbar_inst.axi_crossbar_rd_inst.m_ifaces[I].trans_count_reg[J]	0.380400	0.370791
axi_crossbar_inst.axi_crossbar_rd_inst.m_ifaces[I].trans_count_reg[J]	axi_crossbar_inst.axi_crossbar_rd_inst.m_ifaces[I].a_arb_inst.grant_valid_reg	0.381600	0.349307
axi_crossbar_inst.axi_crossbar_rd_inst.s_ifaces[I].decerr_m_axi_rvalid_reg	axi_crossbar_inst.axi_crossbar_rd_inst.s_ifaces[I].decerr_m_axi_rvalid_reg	0.385000	0.283476
axi_crossbar_inst.axi_crossbar_rd_inst.m_ifaces[I].reg_inst.genblkJ.genblkK.s_axi_arready_reg	axi_crossbar_inst.axi_crossbar_rd_inst.m_ifaces[I].reg_inst.genblkJ.genblkK.m_axi_arvalid_reg	0.385600	0.270168
axi_crossbar_inst.axi_crossbar_wr_inst.m_ifaces[I].trans_count_reg[J]	axi_crossbar_inst.axi_crossbar_wr_inst.m_ifaces[I].a_arb_inst.grant_valid_reg	0.386000	0.333545
axi_crossbar_inst.axi_crossbar_rd_inst.m_ifaces[I].reg_inst.genblkJ.genblkK.s_axi_arready_reg	axi_crossbar_inst.axi_crossbar_rd_inst.m_ifaces[I].reg_inst.genblkJ.genblkK.m_axi_arid_reg[L]	0.386700	0.167670
axi_crossbar_inst.axi_crossbar_wr_inst.s_ifaces[I].addr_inst.trans_count_reg[J]	axi_crossbar_inst.axi_crossbar_wr_inst.s_ifaces[I].addr_inst.m_wc_valid_reg	0.387800	0.301900
axi_crossbar_inst.axi_crossbar_rd_inst.s_ifaces[I].decerr_len_reg[J]	axi_crossbar_inst.axi_crossbar_rd_inst.s_ifaces[I].decerr_m_axi_rvalid_reg	0.388900	0.298685
axi_crossbar_inst.axi_crossbar_rd_inst.s_ifaces[I].addr_inst.trans_count_reg[J]	axi_crossbar_inst.axi_crossbar_rd_inst.s_ifaces[I].addr_inst.state_reg[J]	0.390000	0.307506
axi_crossbar_inst.axi_crossbar_wr_inst.m_ifaces[I].reg_inst.genblkJ.m_axi_wvalid_reg	axi_crossbar_inst.axi_crossbar_wr_inst.m_ifaces[I].reg_inst.genblkJ.temp_m_axi_wvalid_reg	0.390600	0.342621
axi_crossbar_inst.axi_crossbar_rd_inst.s_ifaces[I].addr_inst.m_axi_avalid_reg	axi_crossbar_inst.axi_crossbar_rd_inst.s_ifaces[I].addr_inst.s_axi_aready_reg	0.392300	0.333078
axi_crossbar_inst.axi_crossbar_wr_inst.s_ifaces[I].addr_inst.m_axi_avalid_reg	axi_crossbar_inst.axi_crossbar_wr_inst.s_ifaces[I].addr_inst.m_axi_avalid_reg	0.393000	0.295472
axi_crossbar_inst.axi_crossbar_wr_inst.s_ifaces[I].addr_inst.state_reg[J]	axi_crossbar_inst.axi_crossbar_wr_inst.s_ifaces[I].addr_inst.m_rc_valid_reg	0.395100	0.396860
axi_crossbar_inst.axi_crossbar_rd_inst.s_ifaces[I].addr_inst.m_select_reg[J]	axi_crossbar_inst.axi_crossbar_rd_inst.s_ifaces[I].addr_inst.m_select_reg[J]	0.395200	0.376127
axi_crossbar_inst.axi_crossbar_rd_inst.m_ifaces[I].reg_inst.genblkJ.genblkK.s_axi_arready_reg	axi_crossbar_inst.axi_crossbar_rd_inst.m_ifaces[I].a_arb_inst.grant_valid_reg	0.396100	0.283393
axi_crossbar_inst.axi_crossbar_rd_inst.s_ifaces[I].decerr_m_axi_rid_reg[J]	axi_crossbar_inst.axi_crossbar_rd_inst.s_ifaces[I].reg_inst.genblkJ.s_axi_rid_reg[K]	0.396300	0.297852
axi_crossbar_inst.axi_crossbar_rd_inst.s_ifaces[I].decerr_m_axi_rlast_reg	axi_crossbar_inst.axi_crossbar_rd_inst.s_ifaces[I].reg_inst.genblkJ.s_axi_rlast_reg	0.396300	0.303312
axi_crossbar_inst.axi_crossbar_wr_inst.m_ifaces[I].reg_inst.genblkJ.s_axi_wready_reg	axi_crossbar_inst.axi_crossbar_wr_inst.m_ifaces[I].reg_inst.genblkJ.temp_m_axi_wlast_reg	0.397600	0.202850
axi_crossbar_inst.axi_crossbar_wr_inst.s_ifaces[I].reg_inst.genblkJ.genblkK.m_axi_bready_reg	axi_crossbar_inst.axi_crossbar_wr_inst.s_ifaces[I].reg_inst.genblkJ.genblkK.s_axi_bid_reg[L]	0.397700	0.359834
axi_crossbar_inst.axi_crossbar_wr_inst.s_ifaces[I].reg_inst.genblkJ.genblkK.m_axi_bready_reg	axi_crossbar_inst.axi_crossbar_wr_inst.s_ifaces[I].reg_inst.genblkJ.genblkK.s_axi_bresp_reg[L]	0.397700	0.359971
axi_crossbar_inst.axi_crossbar_rd_inst.m_ifaces[I].reg_inst.genblkJ.genblkK.s_axi_arready_reg	axi_crossbar_inst.axi_crossbar_rd_inst.m_ifaces[I].reg_inst.genblkJ.genblkK.m_axi_arlock_reg	0.400100	0.206104
axi_crossbar_inst.axi_crossbar_rd_inst.m_ifaces[I].reg_inst.genblkJ.genblkK.s_axi_arready_reg	axi_crossbar_inst.axi_crossbar_rd_inst.m_ifaces[I].reg_inst.genblkJ.genblkK.s_axi_arready_reg	0.400200	0.273174
axi_crossbar_inst.axi_crossbar_wr_inst.m_ifaces[I].reg_inst.genblkJ.m_axi_wvalid_reg	axi_crossbar_inst.axi_crossbar_wr_inst.m_ifaces[I].reg_inst.genblkJ.m_axi_wlast_reg	0.400600	0.375455
axi_crossbar_inst.axi_crossbar_wr_inst.s_ifaces[I].addr_inst.s_cpl_valid_r	axi_crossbar_inst.axi_crossbar_wr_inst.s_ifaces[I].addr_inst.m_decerr_reg	0.401000	0.330465
axi_crossbar_inst.axi_crossbar_wr_inst.s_ifaces[I].addr_inst.state_reg[J]	axi_crossbar_inst.axi_crossbar_wr_inst.s_ifaces[I].addr_inst.state_reg[J]	0.401500	0.341811
axi_crossbar_inst.axi_crossbar_wr_inst.s_ifaces[I].addr_inst.s_cpl_valid_r	axi_crossbar_inst.axi_crossbar_wr_inst.s_ifaces[I].addr_inst.m_rc_valid_reg	0.402600	0.315941
axi_crossbar_inst.axi_crossbar_wr_inst.m_ifaces[I].w_select_valid_reg	axi_crossbar_inst.axi_crossbar_wr_inst.m_ifaces[I].reg_inst.genblkJ.temp_m_axi_wvalid_reg	0.403800	0.332967
axi_crossbar_inst.axi_crossbar_wr_inst.s_ifaces[I].addr_inst.state_reg[J]	axi_crossbar_inst.axi_crossbar_wr_inst.s_ifaces[I].addr_inst.s_axi_aid_r[J]	0.404400	0.343342
axi_crossbar_inst.axi_crossbar_rd_inst.s_ifaces[I].addr_inst.state_reg[J]	axi_crossbar_inst.axi_crossbar_rd_inst.s_ifaces[I].addr_inst.s_axi_aid_r[J]	0.404400	0.340387
axi_crossbar_inst.axi_crossbar_rd_inst.s_ifaces[I].addr_inst.m_rc_valid_reg	axi_crossbar_inst.axi_crossbar_rd_inst.s_ifaces[I].addr_inst.state_reg[J]	0.404800	0.395915
axi_crossbar_inst.axi_crossbar_rd_inst.s_ifaces[I].reg_inst.genblkJ.s_axi_rvalid_reg	axi_crossbar_inst.axi_crossbar_rd_inst.s_ifaces[I].reg_inst.genblkJ.temp_s_axi_rvalid_reg	0.406500	0.279811
axi_crossbar_inst.axi_crossbar_rd_inst.s_ifaces[I].decerr_m_axi_rvalid_reg	axi_crossbar_inst.axi_crossbar_rd_inst.s_ifaces[I].reg_inst.genblkJ.m_axi_rready_reg	0.408400	0.263694
axi_crossbar_inst.axi_crossbar_rd_inst.s_ifaces[I].addr_inst.state_reg[J]	axi_crossbar_inst.axi_crossbar_rd_inst.s_ifaces[I].addr_inst.match_reg	0.409100	0.343893
axi_crossbar_inst.axi_crossbar_wr_inst.s_ifaces[I].addr_inst.state_reg[J]	axi_crossbar_inst.axi_crossbar_wr_inst.s_ifaces[I].addr_inst.match_reg	0.409100	0.352057
axi_crossbar_inst.axi_crossbar_wr_inst.m_ifaces[I].a_arb_inst.grant_valid_reg	axi_crossbar_inst.axi_crossbar_wr_inst.m_ifaces[I].w_select_new_reg	0.410500	0.401949
axi_crossbar_inst.axi_crossbar_wr_inst.s_ifaces[I].w_select_valid_reg	axi_crossbar_inst.axi_crossbar_wr_inst.s_ifaces[I].addr_inst.state_reg[J]	0.412200	0.357960
axi_crossbar_inst.axi_crossbar_rd_inst.m_ifaces[I].a_arb_inst.grant_valid_reg	axi_crossbar_inst.axi_crossbar_rd_inst.m_ifaces[I].reg_inst.genblkJ.genblkK.m_axi_arvalid_reg	0.412300	0.323240
axi_crossbar_inst.axi_crossbar_rd_inst.s_ifaces[I].addr_inst.s_cpl_valid_r	axi_crossbar_inst.axi_crossbar_rd_inst.s_ifaces[I].addr_inst.m_rc_valid_reg	0.413700	0.339405
axi_crossbar_inst.axi_crossbar_wr_inst.s_ifaces[I].b_arb_inst.grant_valid_reg	axi_crossbar_inst.axi_crossbar_wr_inst.s_ifaces[I].decerr_m_axi_bvalid_reg	0.413900	0.373275
axi_crossbar_inst.axi_crossbar_wr_inst.m_ifaces[I].w_select_valid_reg	axi_crossbar_inst.axi_crossbar_wr_inst.m_ifaces[I].reg_inst.genblkJ.m_axi_wvalid_reg	0.415000	0.333442
axi_crossbar_inst.axi_crossbar_rd_inst.s_ifaces[I].addr_inst.s_cpl_valid_r	axi_crossbar_inst.axi_crossbar_rd_inst.s_ifaces[I].addr_inst.m_axi_avalid_reg	0.415600	0.303241
axi_crossbar_inst.axi_crossbar_wr_inst.m_ifaces[I].a_arb_inst.grant_valid_reg	axi_crossbar_inst.axi_crossbar_wr_inst.m_ifaces[I].reg_inst.genblkJ.genblkK.m_axi_awvalid_reg	0.415700	0.333907
axi_crossbar_inst.axi_crossbar_wr_inst.m_ifaces[I].reg_inst.genblkJ.m_axi_wvalid_reg	axi_crossbar_inst.axi_crossbar_wr_inst.m_ifaces[I].reg_inst.genblkJ.m_axi_wvalid_reg	0.416300	0.395038
axi_crossbar_inst.axi_crossbar_wr_inst.s_ifaces[I].reg_inst.genblkJ.genblkK.m_axi_bready_reg	axi_crossbar_inst.axi_crossbar_wr_inst.s_ifaces[I].decerr_m_axi_bvalid_reg	0.417500	0.377085
axi_crossbar_inst.axi_crossbar_rd_inst.s_ifaces[I].addr_inst.s_axi_aready_reg	axi_crossbar_inst.axi_crossbar_rd_inst.s_ifaces[I].addr_inst.m_select_reg[J]	0.419000	0.346174
axi_crossbar_inst.axi_crossbar_wr_inst.s_ifaces[I].addr_inst.s_axi_aready_reg	axi_crossbar_inst.axi_crossbar_wr_inst.s_ifaces[I].addr_inst.m_select_reg[J]	0.419000	0.369146
axi_crossbar_inst.axi_crossbar_wr_inst.s_ifaces[I].w_select_valid_reg	axi_crossbar_inst.axi_crossbar_wr_inst.s_ifaces[I].addr_inst.s_axi_aready_reg	0.420100	0.361744
axi_crossbar_inst.axi_crossbar_rd_inst.s_ifaces[I].r_arb_inst.grant_valid_reg	axi_crossbar_inst.axi_crossbar_rd_inst.s_ifaces[I].reg_inst.genblkJ.temp_s_axi_rvalid_reg	0.422400	0.333517
axi_crossbar_inst.axi_crossbar_rd_inst.s_ifaces[I].decerr_m_axi_rlast_reg	axi_crossbar_inst.axi_crossbar_rd_inst.s_ifaces[I].reg_inst.genblkJ.temp_s_axi_rlast_reg	0.423200	0.351107
axi_crossbar_inst.axi_crossbar_wr_inst.s_ifaces[I].reg_inst.genblkJ.genblkK.m_axi_bready_reg	axi_crossbar_inst.axi_crossbar_wr_inst.s_ifaces[I].reg_inst.genblkJ.genblkK.m_axi_bready_reg	0.424300	0.322718
axi_crossbar_inst.axi_crossbar_wr_inst.s_ifaces[I].reg_inst.genblkJ.genblkK.m_axi_bready_reg	axi_crossbar_inst.axi_crossbar_wr_inst.s_ifaces[I].reg_inst.genblkJ.genblkK.s_axi_bvalid_reg	0.424300	0.365063
axi_crossbar_inst.axi_crossbar_wr_inst.s_ifaces[I].b_arb_inst.grant_valid_reg	axi_crossbar_inst.axi_crossbar_wr_inst.s_ifaces[I].reg_inst.genblkJ.genblkK.m_axi_bready_reg	0.424900	0.359176
axi_crossbar_inst.axi_crossbar_wr_inst.s_ifaces[I].reg_inst.genblkJ.genblkK.m_axi_bready_reg	axi_crossbar_inst.axi_crossbar_wr_inst.s_ifaces[I].addr_inst.s_cpl_valid_r	0.426600	0.339807
axi_crossbar_inst.axi_crossbar_rd_inst.s_ifaces[I].decerr_m_axi_rid_reg[J]	axi_crossbar_inst.axi_crossbar_rd_inst.s_ifaces[I].reg_inst.genblkJ.temp_s_axi_rid_reg[K]	0.427300	0.365984
axi_crossbar_inst.axi_crossbar_wr_inst.m_ifaces[I].a_arb_inst.grant_valid_reg	axi_crossbar_inst.axi_crossbar_wr_inst.m_ifaces[I].w_select_reg[J]	0.427300	0.369836
axi_crossbar_inst.axi_crossbar_rd_inst.m_ifaces[I].a_arb_inst.grant_valid_reg	axi_crossbar_inst.axi_crossbar_rd_inst.m_ifaces[I].reg_inst.genblkJ.genblkK.s_axi_arready_reg	0.427900	0.339794
axi_crossbar_inst.axi_crossbar_wr_inst.m_ifaces[I].a_arb_inst.grant_valid_reg	axi_crossbar_inst.axi_crossbar_wr_inst.m_ifaces[I].reg_inst.genblkJ.genblkK.s_axi_awready_reg	0.430300	0.351301
axi_crossbar_inst.axi_crossbar_wr_inst.s_ifaces[I].addr_inst.match_reg	axi_crossbar_inst.axi_crossbar_wr_inst.s_ifaces[I].addr_inst.state_reg[J]	0.431500	0.412582
axi_crossbar_inst.axi_crossbar_wr_inst.s_ifaces[I].decerr_m_axi_bid_reg[J]	axi_crossbar_inst.axi_crossbar_wr_inst.s_ifaces[I].reg_inst.genblkJ.genblkK.s_axi_bid_reg[L]	0.431800	0.339715
axi_crossbar_inst.axi_crossbar_rd_inst.s_ifaces[I].addr_inst.m_rc_valid_reg	axi_crossbar_inst.axi_crossbar_rd_inst.s_ifaces[I].decerr_m_axi_rid_reg[J]	0.433000	0.360803
axi_crossbar_inst.axi_crossbar_wr_inst.s_ifaces[I].addr_inst.s_cpl_valid_r	axi_crossbar_inst.axi_crossbar_wr_inst.s_ifaces[I].addr_inst.state_reg[J]	0.433900	0.349683
axi_crossbar_inst.axi_crossbar_wr_inst.s_ifaces[I].w_select_reg[J]	axi_crossbar_inst.axi_crossbar_wr_inst.s_ifaces[I].w_select_reg[J]	0.434400	0.413361
axi_crossbar_inst.axi_crossbar_wr_inst.s_ifaces[I].addr_inst.s_cpl_valid_r	axi_crossbar_inst.axi_crossbar_wr_inst.s_ifaces[I].addr_inst.m_wc_valid_reg	0.434600	0.346359
axi_crossbar_inst.axi_crossbar_wr_inst.s_ifaces[I].addr_inst.state_reg[J]	axi_crossbar_inst.axi_crossbar_wr_inst.s_ifaces[I].addr_inst.m_wc_valid_reg	0.435000	0.408927
axi_crossbar_inst.axi_crossbar_rd_inst.s_ifaces[I].addr_inst.m_rc_valid_reg	axi_crossbar_inst.axi_crossbar_rd_inst.s_ifaces[I].decerr_m_axi_rvalid_reg	0.435000	0.377766
axi_crossbar_inst.axi_crossbar_wr_inst.s_ifaces[I].addr_inst.m_rc_valid_reg	axi_crossbar_inst.axi_crossbar_wr_inst.s_ifaces[I].decerr_m_axi_bvalid_reg	0.436600	0.355206
axi_crossbar_inst.axi_crossbar_wr_inst.s_ifaces[I].b_arb_inst.grant_valid_reg	axi_crossbar_inst.axi_crossbar_wr_inst.s_ifaces[I].addr_inst.s_cpl_valid_r	0.438100	0.332934
axi_crossbar_inst.axi_crossbar_wr_inst.s_ifaces[I].b_arb_inst.grant_valid_reg	axi_crossbar_inst.axi_crossbar_wr_inst.s_ifaces[I].reg_inst.genblkJ.genblkK.s_axi_bvalid_reg	0.438500	0.368164
axi_crossbar_inst.axi_crossbar_rd_inst.s_ifaces[I].addr_inst.s_cpl_valid_r	axi_crossbar_inst.axi_crossbar_rd_inst.s_ifaces[I].addr_inst.state_reg[J]	0.440000	0.377024
axi_crossbar_inst.axi_crossbar_wr_inst.m_ifaces[I].reg_inst.genblkJ.m_axi_wvalid_reg	axi_crossbar_inst.axi_crossbar_wr_inst.m_ifaces[I].reg_inst.genblkJ.temp_m_axi_wlast_reg	0.440200	0.355419
axi_crossbar_inst.axi_crossbar_wr_inst.m_ifaces[I].w_select_valid_reg	axi_crossbar_inst.axi_crossbar_wr_inst.m_ifaces[I].reg_inst.genblkJ.s_axi_wready_reg	0.440600	0.370559
axi_crossbar_inst.axi_crossbar_rd_inst.m_ifaces[I].a_arb_inst.grant_valid_reg	axi_crossbar_inst.axi_crossbar_rd_inst.m_ifaces[I].a_arb_inst.grant_valid_reg	0.440800	0.353527
axi_crossbar_inst.axi_crossbar_wr_inst.s_ifaces[I].decerr_m_axi_bvalid_reg	axi_crossbar_inst.axi_crossbar_wr_inst.s_ifaces[I].addr_inst.state_reg[J]	0.441000	0.351828
axi_crossbar_inst.axi_crossbar_wr_inst.m_ifaces[I].w_select_new_reg	axi_crossbar_inst.axi_crossbar_wr_inst.m_ifaces[I].w_select_new_reg	0.441000	0.426383
axi_crossbar_inst.axi_crossbar_rd_inst.s_ifaces[I].r_arb_inst.grant_valid_reg	axi_crossbar_inst.axi_crossbar_rd_inst.s_ifaces[I].addr_inst.s_cpl_valid_r	0.443800	0.303364
axi_crossbar_inst.axi_crossbar_wr_inst.s_ifaces[I].addr_inst.s_axi_aready_reg	axi_crossbar_inst.axi_crossbar_wr_inst.s_ifaces[I].addr_inst.state_reg[J]	0.444200	0.385805
axi_crossbar_inst.axi_crossbar_wr_inst.s_ifaces[I].addr_inst.s_axi_aready_reg	axi_crossbar_inst.axi_crossbar_wr_inst.s_ifaces[I].addr_inst.s_axi_aid_r[J]	0.445100	0.384865
axi_crossbar_inst.axi_crossbar_rd_inst.s_ifaces[I].addr_inst.s_axi_aready_reg	axi_crossbar_inst.axi_crossbar_rd_inst.s_ifaces[I].addr_inst.s_axi_aid_r[J]	0.445100	0.382680
axi_crossbar_inst.axi_crossbar_rd_inst.s_ifaces[I].decerr_m_axi_rlast_reg	axi_crossbar_inst.axi_crossbar_rd_inst.s_ifaces[I].addr_inst.s_cpl_valid_r	0.448000	0.308683
axi_crossbar_inst.axi_crossbar_wr_inst.s_ifaces[I].decerr_m_axi_bvalid_reg	axi_crossbar_inst.axi_crossbar_wr_inst.s_ifaces[I].addr_inst.s_axi_aready_reg	0.448900	0.369785
axi_crossbar_inst.axi_crossbar_wr_inst.s_ifaces[I].addr_inst.m_wc_valid_reg	axi_crossbar_inst.axi_crossbar_wr_inst.s_ifaces[I].addr_inst.state_reg[J]	0.448900	0.422045
axi_crossbar_inst.axi_crossbar_wr_inst.s_ifaces[I].decerr_m_axi_bvalid_reg	axi_crossbar_inst.axi_crossbar_wr_inst.s_ifaces[I].decerr_m_axi_bvalid_reg	0.449200	0.375689
axi_crossbar_inst.axi_crossbar_rd_inst.s_ifaces[I].addr_inst.m_rc_valid_reg	axi_crossbar_inst.axi_crossbar_rd_inst.s_ifaces[I].addr_inst.s_axi_aready_reg	0.450500	0.440101
axi_crossbar_inst.axi_crossbar_wr_inst.s_ifaces[I].decerr_m_axi_bvalid_reg	axi_crossbar_inst.axi_crossbar_wr_inst.s_ifaces[I].addr_inst.m_rc_valid_reg	0.451500	0.377727
axi_crossbar_inst.axi_crossbar_rd_inst.s_ifaces[I].reg_inst.genblkJ.s_axi_rvalid_reg	axi_crossbar_inst.axi_crossbar_rd_inst.s_ifaces[I].reg_inst.genblkJ.s_axi_rvalid_reg	0.452000	0.366292
axi_crossbar_inst.axi_crossbar_rd_inst.s_ifaces[I].addr_inst.s_axi_aready_reg	axi_crossbar_inst.axi_crossbar_rd_inst.s_ifaces[I].addr_inst.state_reg[J]	0.453200	0.386440
axi_crossbar_inst.axi_crossbar_rd_inst.s_ifaces[I].addr_inst.s_axi_aready_reg	axi_crossbar_inst.axi_crossbar_rd_inst.s_ifaces[I].addr_inst.match_reg	0.454000	0.389392
axi_crossbar_inst.axi_crossbar_wr_inst.s_ifaces[I].addr_inst.s_axi_aready_reg	axi_crossbar_inst.axi_crossbar_wr_inst.s_ifaces[I].addr_inst.match_reg	0.454000	0.397756
axi_crossbar_inst.axi_crossbar_wr_inst.m_ifaces[I].reg_inst.genblkJ.genblkK.m_axi_awvalid_reg	axi_crossbar_inst.axi_crossbar_wr_inst.m_ifaces[I].reg_inst.genblkJ.genblkK.s_axi_awready_reg	0.454800	0.389344
axi_crossbar_inst.axi_crossbar_rd_inst.m_ifaces[I].reg_inst.genblkJ.genblkK.m_axi_arvalid_reg	axi_crossbar_inst.axi_crossbar_rd_inst.m_ifaces[I].reg_inst.genblkJ.genblkK.s_axi_arready_reg	0.454900	0.426350
axi_crossbar_inst.axi_crossbar_wr_inst.s_ifaces[I].reg_inst.genblkJ.genblkK.s_axi_bvalid_reg	axi_crossbar_inst.axi_crossbar_wr_inst.s_ifaces[I].reg_inst.genblkJ.genblkK.m_axi_bready_reg	0.454900	0.429577
axi_crossbar_inst.axi_crossbar_wr_inst.s_ifaces[I].addr_inst.m_wc_valid_reg	axi_crossbar_inst.axi_crossbar_wr_inst.s_ifaces[I].addr_inst.s_axi_aready_reg	0.456800	0.427872
axi_crossbar_inst.axi_crossbar_wr_inst.m_ifaces[I].w_select_new_reg	axi_crossbar_inst.axi_crossbar_wr_inst.m_ifaces[I].w_select_reg[J]	0.457800	0.405336
axi_crossbar_inst.axi_crossbar_rd_inst.s_ifaces[I].addr_inst.match_reg	axi_crossbar_inst.axi_crossbar_rd_inst.s_ifaces[I].addr_inst.state_reg[J]	0.458000	0.445581
axi_crossbar_inst.axi_crossbar_wr_inst.s_ifaces[I].addr_inst.m_rc_valid_reg	axi_crossbar_inst.axi_crossbar_wr_inst.s_ifaces[I].decerr_m_axi_bid_reg[J]	0.458700	0.387276
axi_crossbar_inst.axi_crossbar_rd_inst.s_ifaces[I].r_arb_inst.grant_valid_reg	axi_crossbar_inst.axi_crossbar_rd_inst.s_ifaces[I].reg_inst.genblkJ.m_axi_rready_reg	0.461100	0.400483
axi_crossbar_inst.axi_crossbar_rd_inst.s_ifaces[I].r_arb_inst.grant_valid_reg	axi_crossbar_inst.axi_crossbar_rd_inst.s_ifaces[I].reg_inst.genblkJ.s_axi_rvalid_reg	0.461700	0.341846
axi_crossbar_inst.axi_crossbar_rd_inst.s_ifaces[I].addr_inst.match_reg	axi_crossbar_inst.axi_crossbar_rd_inst.s_ifaces[I].addr_inst.m_rc_valid_reg	0.464900	0.424188
axi_crossbar_inst.axi_crossbar_wr_inst.s_ifaces[I].addr_inst.m_rc_valid_reg	axi_crossbar_inst.axi_crossbar_wr_inst.s_ifaces[I].addr_inst.state_reg[J]	0.465400	0.437225
axi_crossbar_inst.axi_crossbar_rd_inst.m_ifaces[I].reg_inst.genblkJ.genblkK.m_axi_arvalid_reg	axi_crossbar_inst.axi_crossbar_rd_inst.m_ifaces[I].reg_inst.genblkJ.genblkK.m_axi_arvalid_reg	0.465400	0.429040
axi_crossbar_inst.axi_crossbar_wr_inst.m_ifaces[I].reg_inst.genblkJ.genblkK.m_axi_awvalid_reg	axi_crossbar_inst.axi_crossbar_wr_inst.m_ifaces[I].reg_inst.genblkJ.genblkK.m_axi_awvalid_reg	0.465400	0.395263
axi_crossbar_inst.axi_crossbar_wr_inst.s_ifaces[I].reg_inst.genblkJ.genblkK.s_axi_bvalid_reg	axi_crossbar_inst.axi_crossbar_wr_inst.s_ifaces[I].reg_inst.genblkJ.genblkK.s_axi_bvalid_reg	0.465400	0.438857
axi_crossbar_inst.axi_crossbar_wr_inst.s_ifaces[I].addr_inst.match_reg	axi_crossbar_inst.axi_crossbar_wr_inst.s_ifaces[I].addr_inst.m_decerr_reg	0.465900	0.463648
axi_crossbar_inst.axi_crossbar_wr_inst.m_ifaces[I].reg_inst.genblkJ.m_axi_wvalid_reg	axi_crossbar_inst.axi_crossbar_wr_inst.m_ifaces[I].reg_inst.genblkJ.s_axi_wready_reg	0.466200	0.436937
axi_crossbar_inst.axi_crossbar_wr_inst.m_ifaces[I].reg_inst.genblkJ.temp_m_axi_wvalid_reg	axi_crossbar_inst.axi_crossbar_wr_inst.m_ifaces[I].reg_inst.genblkJ.m_axi_wvalid_reg	0.466500	0.458464
axi_crossbar_inst.axi_crossbar_wr_inst.m_ifaces[I].w_select_valid_reg	axi_crossbar_inst.axi_crossbar_wr_inst.m_ifaces[I].w_select_new_reg	0.467900	0.449858
axi_crossbar_inst.axi_crossbar_wr_inst.s_ifaces[I].addr_inst.state_reg[J]	axi_crossbar_inst.axi_crossbar_wr_inst.s_ifaces[I].addr_inst.s_axi_aready_reg	0.467900	0.452889
axi_crossbar_inst.axi_crossbar_rd_inst.s_ifaces[I].decerr_m_axi_rvalid_reg	axi_crossbar_inst.axi_crossbar_rd_inst.s_ifaces[I].decerr_m_axi_rid_reg[J]	0.471400	0.399551
axi_crossbar_inst.axi_crossbar_wr_inst.s_ifaces[I].addr_inst.match_reg	axi_crossbar_inst.axi_crossbar_wr_inst.s_ifaces[I].addr_inst.m_wc_valid_reg	0.472000	0.435491
axi_crossbar_inst.axi_crossbar_rd_inst.s_ifaces[I].addr_inst.match_reg	axi_crossbar_inst.axi_crossbar_rd_inst.s_ifaces[I].addr_inst.m_axi_avalid_reg	0.473200	0.434125
axi_crossbar_inst.axi_crossbar_wr_inst.s_ifaces[I].addr_inst.m_rc_valid_reg	axi_crossbar_inst.axi_crossbar_wr_inst.s_ifaces[I].addr_inst.s_axi_aready_reg	0.473300	0.442934
axi_crossbar_inst.axi_crossbar_wr_inst.s_ifaces[I].addr_inst.match_reg	axi_crossbar_inst.axi_crossbar_wr_inst.s_ifaces[I].addr_inst.m_axi_avalid_reg	0.474300	0.451926
axi_crossbar_inst.axi_crossbar_rd_inst.s_ifaces[I].reg_inst.genblkJ.s_axi_rvalid_reg	axi_crossbar_inst.axi_crossbar_rd_inst.s_ifaces[I].reg_inst.genblkJ.m_axi_rready_reg	0.474700	0.382006
axi_crossbar_inst.axi_crossbar_wr_inst.m_ifaces[I].reg_inst.genblkJ.temp_m_axi_wdata_reg[K]	axi_crossbar_inst.axi_crossbar_wr_inst.m_ifaces[I].reg_inst.genblkJ.m_axi_wdata_reg[K]	0.476300	0.435718
axi_crossbar_inst.axi_crossbar_wr_inst.m_ifaces[I].reg_inst.genblkJ.temp_m_axi_wlast_reg	axi_crossbar_inst.axi_crossbar_wr_inst.m_ifaces[I].reg_inst.genblkJ.m_axi_wlast_reg	0.476300	0.457149
axi_crossbar_inst.axi_crossbar_wr_inst.m_ifaces[I].reg_inst.genblkJ.temp_m_axi_wstrb_reg[K]	axi_crossbar_inst.axi_crossbar_wr_inst.m_ifaces[I].reg_inst.genblkJ.m_axi_wstrb_reg[K]	0.476300	0.439041
axi_crossbar_inst.axi_crossbar_wr_inst.s_ifaces[I].addr_inst.m_wc_valid_reg	axi_crossbar_inst.axi_crossbar_wr_inst.s_ifaces[I].w_select_reg[J]	0.477200	0.449884
axi_crossbar_inst.axi_crossbar_rd_inst.s_ifaces[I].reg_inst.genblkJ.temp_s_axi_rdata_reg[K]	axi_crossbar_inst.axi_crossbar_rd_inst.s_ifaces[I].reg_inst.genblkJ.s_axi_rdata_reg[K]	0.479800	0.441779
axi_crossbar_inst.axi_crossbar_wr_inst.s_ifaces[I].decerr_m_axi_bvalid_reg	axi_crossbar_inst.axi_crossbar_wr_inst.s_ifaces[I].decerr_m_axi_bid_reg[J]	0.480800	0.427190
axi_crossbar_inst.axi_crossbar_rd_inst.s_ifaces[I].addr_inst.state_reg[J]	axi_crossbar_inst.axi_crossbar_rd_inst.s_ifaces[I].addr_inst.s_axi_aready_reg	0.481100	0.471497
axi_crossbar_inst.axi_crossbar_rd_inst.s_ifaces[I].addr_inst.m_rc_valid_reg	axi_crossbar_inst.axi_crossbar_rd_inst.s_ifaces[I].addr_inst.m_rc_valid_reg	0.482700	0.455512
axi_crossbar_inst.axi_crossbar_rd_inst.s_ifaces[I].decerr_m_axi_rid_reg[J]	axi_crossbar_inst.axi_crossbar_rd_inst.s_ifaces[I].addr_inst.s_cpl_id_r[J]	0.482900	0.404864
axi_crossbar_inst.axi_crossbar_rd_inst.s_ifaces[I].reg_inst.genblkJ.temp_s_axi_rlast_reg	axi_crossbar_inst.axi_crossbar_rd_inst.s_ifaces[I].reg_inst.genblkJ.s_axi_rlast_reg	0.483500	0.429547
axi_crossbar_inst.axi_crossbar_rd_inst.s_ifaces[I].reg_inst.genblkJ.temp_s_axi_rid_reg[K]	axi_crossbar_inst.axi_crossbar_rd_inst.s_ifaces[I].reg_inst.genblkJ.s_axi_rid_reg[K]	0.484700	0.384824
axi_crossbar_inst.axi_crossbar_rd_inst.s_ifaces[I].reg_inst.genblkJ.temp_s_axi_rresp_reg[K]	axi_crossbar_inst.axi_crossbar_rd_inst.s_ifaces[I].reg_inst.genblkJ.s_axi_rresp_reg[K]	0.484700	0.414401
axi_crossbar_inst.axi_crossbar_wr_inst.m_ifaces[I].w_select_valid_reg	axi_crossbar_inst.axi_crossbar_wr_inst.m_ifaces[I].w_select_reg[J]	0.485700	0.427363
axi_crossbar_inst.axi_crossbar_wr_inst.s_ifaces[I].addr_inst.m_rc_valid_reg	axi_crossbar_inst.axi_crossbar_wr_inst.s_ifaces[I].addr_inst.m_rc_valid_reg	0.486700	0.449023
axi_crossbar_inst.axi_crossbar_wr_inst.s_ifaces[I].w_drop_reg	axi_crossbar_inst.axi_crossbar_wr_inst.s_ifaces[I].w_select_valid_reg	0.487300	0.418198
axi_crossbar_inst.axi_crossbar_wr_inst.s_ifaces[I].decerr_m_axi_bid_reg[J]	axi_crossbar_inst.axi_crossbar_wr_inst.s_ifaces[I].addr_inst.s_cpl_id_r[J]	0.488300	0.364954
axi_crossbar_inst.axi_crossbar_rd_inst.s_ifaces[I].addr_inst.s_axi_aid_r[J]	axi_crossbar_inst.axi_crossbar_rd_inst.s_ifaces[I].addr_inst.s_axi_aid_r[J]	0.488400	0.455242
axi_crossbar_inst.axi_crossbar_wr_inst.s_ifaces[I].addr_inst.s_axi_aid_r[J]	axi_crossbar_inst.axi_crossbar_wr_inst.s_ifaces[I].addr_inst.s_axi_aid_r[J]	0.488400	0.454884
axi_crossbar_inst.axi_crossbar_wr_inst.s_ifaces[I].addr_inst.match_reg	axi_crossbar_inst.axi_crossbar_wr_inst.s_ifaces[I].addr_inst.m_rc_valid_reg	0.488500	0.449911
axi_crossbar_inst.axi_crossbar_wr_inst.m_ifaces[I].reg_inst.genblkJ.temp_m_axi_wvalid_reg	axi_crossbar_inst.axi_crossbar_wr_inst.m_ifaces[I].reg_inst.genblkJ.temp_m_axi_wvalid_reg	0.489300	0.480537
axi_crossbar_inst.axi_crossbar_wr_inst.s_ifaces[I].addr_inst.m_wc_valid_reg	axi_crossbar_inst.axi_crossbar_wr_inst.s_ifaces[I].w_drop_reg	0.491600	0.458722
axi_crossbar_inst.axi_crossbar_wr_inst.s_ifaces[I].w_select_valid_reg	axi_crossbar_inst.axi_crossbar_wr_inst.s_ifaces[I].w_select_valid_reg	0.492800	0.444195
axi_crossbar_inst.axi_crossbar_wr_inst.s_ifaces[I].w_select_valid_reg	axi_crossbar_inst.axi_crossbar_wr_inst.s_ifaces[I].w_select_reg[J]	0.495300	0.484423
axi_crossbar_inst.axi_crossbar_wr_inst.s_ifaces[I].addr_inst.match_reg	axi_crossbar_inst.axi_crossbar_wr_inst.s_ifaces[I].addr_inst.match_reg	0.499800	0.504753
axi_crossbar_inst.axi_crossbar_wr_inst.s_ifaces[I].w_select_valid_reg	axi_crossbar_inst.axi_crossbar_wr_inst.s_ifaces[I].addr_inst.m_wc_valid_reg	0.503900	0.428971
axi_crossbar_inst.axi_crossbar_wr_inst.s_ifaces[I].addr_inst.m_wc_valid_reg	axi_crossbar_inst.axi_crossbar_wr_inst.s_ifaces[I].w_select_valid_reg	0.511000	0.474863
axi_crossbar_inst.axi_crossbar_rd_inst.s_ifaces[I].reg_inst.genblkJ.temp_s_axi_rvalid_reg	axi_crossbar_inst.axi_crossbar_rd_inst.s_ifaces[I].reg_inst.genblkJ.temp_s_axi_rvalid_reg	0.515000	0.506841
axi_crossbar_inst.axi_crossbar_wr_inst.s_ifaces[I].w_select_valid_reg	axi_crossbar_inst.axi_crossbar_wr_inst.s_ifaces[I].w_drop_reg	0.517000	0.499762
axi_crossbar_inst.axi_crossbar_rd_inst.s_ifaces[I].decerr_m_axi_rlast_reg	axi_crossbar_inst.axi_crossbar_rd_inst.s_ifaces[I].decerr_m_axi_rlast_reg	0.518300	0.448270
axi_crossbar_inst.axi_crossbar_wr_inst.m_ifaces[I].reg_inst.genblkJ.temp_m_axi_wdata_reg[K]	axi_crossbar_inst.axi_crossbar_wr_inst.m_ifaces[I].reg_inst.genblkJ.temp_m_axi_wdata_reg[K]	0.521100	0.517328
axi_crossbar_inst.axi_crossbar_wr_inst.m_ifaces[I].reg_inst.genblkJ.temp_m_axi_wlast_reg	axi_crossbar_inst.axi_crossbar_wr_inst.m_ifaces[I].reg_inst.genblkJ.temp_m_axi_wlast_reg	0.521100	0.518099
axi_crossbar_inst.axi_crossbar_wr_inst.m_ifaces[I].reg_inst.genblkJ.temp_m_axi_wstrb_reg[K]	axi_crossbar_inst.axi_crossbar_wr_inst.m_ifaces[I].reg_inst.genblkJ.temp_m_axi_wstrb_reg[K]	0.521100	0.517556
axi_crossbar_inst.axi_crossbar_wr_inst.s_ifaces[I].decerr_m_axi_bid_reg[J]	axi_crossbar_inst.axi_crossbar_wr_inst.s_ifaces[I].decerr_m_axi_bid_reg[J]	0.521200	0.516585
axi_crossbar_inst.axi_crossbar_wr_inst.s_ifaces[I].addr_inst.m_decerr_reg	axi_crossbar_inst.axi_crossbar_wr_inst.s_ifaces[I].addr_inst.m_decerr_reg	0.521200	0.507069
axi_crossbar_inst.axi_crossbar_rd_inst.s_ifaces[I].decerr_m_axi_rid_reg[J]	axi_crossbar_inst.axi_crossbar_rd_inst.s_ifaces[I].decerr_m_axi_rid_reg[J]	0.521200	0.512954
axi_crossbar_inst.axi_crossbar_rd_inst.s_ifaces[I].reg_inst.genblkJ.temp_s_axi_rid_reg[K]	axi_crossbar_inst.axi_crossbar_rd_inst.s_ifaces[I].reg_inst.genblkJ.temp_s_axi_rid_reg[K]	0.521400	0.516710
axi_crossbar_inst.axi_crossbar_rd_inst.s_ifaces[I].reg_inst.genblkJ.temp_s_axi_rlast_reg	axi_crossbar_inst.axi_crossbar_rd_inst.s_ifaces[I].reg_inst.genblkJ.temp_s_axi_rlast_reg	0.521400	0.517994
axi_crossbar_inst.axi_crossbar_rd_inst.s_ifaces[I].reg_inst.genblkJ.temp_s_axi_rresp_reg[K]	axi_crossbar_inst.axi_crossbar_rd_inst.s_ifaces[I].reg_inst.genblkJ.temp_s_axi_rresp_reg[K]	0.521400	0.517421
axi_crossbar_inst.axi_crossbar_rd_inst.s_ifaces[I].reg_inst.genblkJ.temp_s_axi_rdata_reg[K]	axi_crossbar_inst.axi_crossbar_rd_inst.s_ifaces[I].reg_inst.genblkJ.temp_s_axi_rdata_reg[K]	0.521400	0.517247
axi_crossbar_inst.axi_crossbar_rd_inst.s_ifaces[I].addr_inst.match_reg	axi_crossbar_inst.axi_crossbar_rd_inst.s_ifaces[I].addr_inst.match_reg	0.522300	0.510011
axi_crossbar_inst.axi_crossbar_rd_inst.m_ifaces[I].reg_inst.genblkJ.genblkK.m_axi_araddr_reg[L]	axi_crossbar_inst.axi_crossbar_rd_inst.m_ifaces[I].reg_inst.genblkJ.genblkK.m_axi_araddr_reg[L]	0.525100	0.501802
axi_crossbar_inst.axi_crossbar_rd_inst.m_ifaces[I].reg_inst.genblkJ.genblkK.m_axi_arburst_reg[L]	axi_crossbar_inst.axi_crossbar_rd_inst.m_ifaces[I].reg_inst.genblkJ.genblkK.m_axi_arburst_reg[L]	0.525100	0.510452
axi_crossbar_inst.axi_crossbar_rd_inst.m_ifaces[I].reg_inst.genblkJ.genblkK.m_axi_arcache_reg[L]	axi_crossbar_inst.axi_crossbar_rd_inst.m_ifaces[I].reg_inst.genblkJ.genblkK.m_axi_arcache_reg[L]	0.525100	0.503966
axi_crossbar_inst.axi_crossbar_rd_inst.m_ifaces[I].reg_inst.genblkJ.genblkK.m_axi_arid_reg[L]	axi_crossbar_inst.axi_crossbar_rd_inst.m_ifaces[I].reg_inst.genblkJ.genblkK.m_axi_arid_reg[L]	0.525100	0.509879
axi_crossbar_inst.axi_crossbar_rd_inst.m_ifaces[I].reg_inst.genblkJ.genblkK.m_axi_arlen_reg[L]	axi_crossbar_inst.axi_crossbar_rd_inst.m_ifaces[I].reg_inst.genblkJ.genblkK.m_axi_arlen_reg[L]	0.525100	0.507295
axi_crossbar_inst.axi_crossbar_rd_inst.m_ifaces[I].reg_inst.genblkJ.genblkK.m_axi_arprot_reg[L]	axi_crossbar_inst.axi_crossbar_rd_inst.m_ifaces[I].reg_inst.genblkJ.genblkK.m_axi_arprot_reg[L]	0.525100	0.513361
axi_crossbar_inst.axi_crossbar_rd_inst.m_ifaces[I].reg_inst.genblkJ.genblkK.m_axi_arqos_reg[L]	axi_crossbar_inst.axi_crossbar_rd_inst.m_ifaces[I].reg_inst.genblkJ.genblkK.m_axi_arqos_reg[L]	0.525100	0.500613
axi_crossbar_inst.axi_crossbar_rd_inst.m_ifaces[I].reg_inst.genblkJ.genblkK.m_axi_arsize_reg[L]	axi_crossbar_inst.axi_crossbar_rd_inst.m_ifaces[I].reg_inst.genblkJ.genblkK.m_axi_arsize_reg[L]	0.525100	0.505749
axi_crossbar_inst.axi_crossbar_wr_inst.m_ifaces[I].reg_inst.genblkJ.genblkK.m_axi_awaddr_reg[L]	axi_crossbar_inst.axi_crossbar_wr_inst.m_ifaces[I].reg_inst.genblkJ.genblkK.m_axi_awaddr_reg[L]	0.525100	0.493123
axi_crossbar_inst.axi_crossbar_wr_inst.m_ifaces[I].reg_inst.genblkJ.genblkK.m_axi_awburst_reg[L]	axi_crossbar_inst.axi_crossbar_wr_inst.m_ifaces[I].reg_inst.genblkJ.genblkK.m_axi_awburst_reg[L]	0.525100	0.509217
axi_crossbar_inst.axi_crossbar_wr_inst.m_ifaces[I].reg_inst.genblkJ.genblkK.m_axi_awcache_reg[L]	axi_crossbar_inst.axi_crossbar_wr_inst.m_ifaces[I].reg_inst.genblkJ.genblkK.m_axi_awcache_reg[L]	0.525100	0.509717
axi_crossbar_inst.axi_crossbar_wr_inst.m_ifaces[I].reg_inst.genblkJ.genblkK.m_axi_awid_reg[L]	axi_crossbar_inst.axi_crossbar_wr_inst.m_ifaces[I].reg_inst.genblkJ.genblkK.m_axi_awid_reg[L]	0.525100	0.511639
axi_crossbar_inst.axi_crossbar_wr_inst.m_ifaces[I].reg_inst.genblkJ.genblkK.m_axi_awlen_reg[L]	axi_crossbar_inst.axi_crossbar_wr_inst.m_ifaces[I].reg_inst.genblkJ.genblkK.m_axi_awlen_reg[L]	0.525100	0.509922
axi_crossbar_inst.axi_crossbar_wr_inst.m_ifaces[I].reg_inst.genblkJ.genblkK.m_axi_awprot_reg[L]	axi_crossbar_inst.axi_crossbar_wr_inst.m_ifaces[I].reg_inst.genblkJ.genblkK.m_axi_awprot_reg[L]	0.525100	0.509820
axi_crossbar_inst.axi_crossbar_wr_inst.m_ifaces[I].reg_inst.genblkJ.genblkK.m_axi_awqos_reg[L]	axi_crossbar_inst.axi_crossbar_wr_inst.m_ifaces[I].reg_inst.genblkJ.genblkK.m_axi_awqos_reg[L]	0.525100	0.515710
axi_crossbar_inst.axi_crossbar_wr_inst.m_ifaces[I].reg_inst.genblkJ.genblkK.m_axi_awsize_reg[L]	axi_crossbar_inst.axi_crossbar_wr_inst.m_ifaces[I].reg_inst.genblkJ.genblkK.m_axi_awsize_reg[L]	0.525100	0.514725
axi_crossbar_inst.axi_crossbar_wr_inst.s_ifaces[I].reg_inst.genblkJ.genblkK.s_axi_bid_reg[L]	axi_crossbar_inst.axi_crossbar_wr_inst.s_ifaces[I].reg_inst.genblkJ.genblkK.s_axi_bid_reg[L]	0.525100	0.516873
axi_crossbar_inst.axi_crossbar_wr_inst.s_ifaces[I].reg_inst.genblkJ.genblkK.s_axi_bresp_reg[L]	axi_crossbar_inst.axi_crossbar_wr_inst.s_ifaces[I].reg_inst.genblkJ.genblkK.s_axi_bresp_reg[L]	0.525100	0.513514
axi_crossbar_inst.axi_crossbar_rd_inst.s_ifaces[I].reg_inst.genblkJ.temp_s_axi_rvalid_reg	axi_crossbar_inst.axi_crossbar_rd_inst.s_ifaces[I].reg_inst.genblkJ.s_axi_rvalid_reg	0.525100	0.518325
axi_crossbar_inst.axi_crossbar_rd_inst.m_ifaces[I].reg_inst.genblkJ.genblkK.m_axi_arlock_reg	axi_crossbar_inst.axi_crossbar_rd_inst.m_ifaces[I].reg_inst.genblkJ.genblkK.m_axi_arlock_reg	0.525200	0.511940
axi_crossbar_inst.axi_crossbar_wr_inst.m_ifaces[I].reg_inst.genblkJ.genblkK.m_axi_awlock_reg	axi_crossbar_inst.axi_crossbar_wr_inst.m_ifaces[I].reg_inst.genblkJ.genblkK.m_axi_awlock_reg	0.525200	0.517024
axi_crossbar_inst.axi_crossbar_wr_inst.s_ifaces[I].addr_inst.m_wc_valid_reg	axi_crossbar_inst.axi_crossbar_wr_inst.s_ifaces[I].addr_inst.m_wc_valid_reg	0.529100	0.452747
axi_crossbar_inst.axi_crossbar_wr_inst.s_ifaces[I].w_drop_reg	axi_crossbar_inst.axi_crossbar_wr_inst.s_ifaces[I].w_drop_reg	0.537100	0.512057
axi_crossbar_inst.axi_crossbar_wr_inst.s_ifaces[I].addr_inst.m_decerr_reg	axi_crossbar_inst.axi_crossbar_wr_inst.s_ifaces[I].w_drop_reg	0.542400	0.513307
axi_crossbar_inst.axi_crossbar_wr_inst.m_ifaces[I].reg_inst.genblkJ.m_axi_wdata_reg[K]	axi_crossbar_inst.axi_crossbar_wr_inst.m_ifaces[I].reg_inst.genblkJ.m_axi_wdata_reg[K]	0.545600	0.494692
axi_crossbar_inst.axi_crossbar_wr_inst.m_ifaces[I].reg_inst.genblkJ.m_axi_wlast_reg	axi_crossbar_inst.axi_crossbar_wr_inst.m_ifaces[I].reg_inst.genblkJ.m_axi_wlast_reg	0.545600	0.513208
axi_crossbar_inst.axi_crossbar_wr_inst.m_ifaces[I].reg_inst.genblkJ.m_axi_wstrb_reg[K]	axi_crossbar_inst.axi_crossbar_wr_inst.m_ifaces[I].reg_inst.genblkJ.m_axi_wstrb_reg[K]	0.545600	0.499837
axi_crossbar_inst.axi_crossbar_rd_inst.s_ifaces[I].reg_inst.genblkJ.s_axi_rlast_reg	axi_crossbar_inst.axi_crossbar_rd_inst.s_ifaces[I].reg_inst.genblkJ.s_axi_rlast_reg	0.545600	0.535126
axi_crossbar_inst.axi_crossbar_rd_inst.s_ifaces[I].reg_inst.genblkJ.s_axi_rid_reg[K]	axi_crossbar_inst.axi_crossbar_rd_inst.s_ifaces[I].reg_inst.genblkJ.s_axi_rid_reg[K]	0.545600	0.507575
axi_crossbar_inst.axi_crossbar_rd_inst.s_ifaces[I].reg_inst.genblkJ.s_axi_rresp_reg[K]	axi_crossbar_inst.axi_crossbar_rd_inst.s_ifaces[I].reg_inst.genblkJ.s_axi_rresp_reg[K]	0.545600	0.534133
axi_crossbar_inst.axi_crossbar_rd_inst.s_ifaces[I].reg_inst.genblkJ.s_axi_rdata_reg[K]	axi_crossbar_inst.axi_crossbar_rd_inst.s_ifaces[I].reg_inst.genblkJ.s_axi_rdata_reg[K]	0.548500	0.513171
axi_crossbar_inst.axi_crossbar_rd_inst.s_ifaces[I].reg_inst.genblkJ.temp_s_axi_rvalid_reg	axi_crossbar_inst.axi_crossbar_rd_inst.s_ifaces[I].reg_inst.genblkJ.m_axi_rready_reg	0.554500	0.546745
axi_crossbar_inst.axi_crossbar_wr_inst.m_ifaces[I].reg_inst.genblkJ.temp_m_axi_wvalid_reg	axi_crossbar_inst.axi_crossbar_wr_inst.m_ifaces[I].reg_inst.genblkJ.s_axi_wready_reg	0.555300	0.547905
