# stage	1_synth
# top_module	axi_crossbar_wrap_8x8
# top_n	1000
# kind	blocks
# skip_async	1
# include_full	1
# rank	worst_slack_ns	start	end	start_full	end_full
1	-0.2786	mI_axi_rid[J]	axi_crossbar_inst.axi_crossbar_rd_inst.s_ifaces[I].r_arb_inst.mask_reg[J]	m03_axi_rid[8]	axi_crossbar_inst.axi_crossbar_rd_inst.s_ifaces[0].r_arb_inst.mask_reg[8]$_SDFFE_PP0P_/D
2	-0.2774	sI_axi_wlast	axi_crossbar_inst.axi_crossbar_wr_inst.m_ifaces[I].a_arb_inst.mask_reg[J]	s05_axi_wlast	axi_crossbar_inst.axi_crossbar_wr_inst.m_ifaces[5].a_arb_inst.mask_reg[0]$_SDFFE_PP0P_/D
3	-0.2645	mI_axi_bid[J]	axi_crossbar_inst.axi_crossbar_wr_inst.s_ifaces[I].b_arb_inst.mask_reg[J]	m03_axi_bid[8]	axi_crossbar_inst.axi_crossbar_wr_inst.s_ifaces[2].b_arb_inst.mask_reg[2]$_SDFFE_PP0P_/D
4	-0.2555	mI_axi_bid[J]	axi_crossbar_inst.axi_crossbar_wr_inst.m_ifaces[I].a_arb_inst.mask_reg[J]	m02_axi_bid[9]	axi_crossbar_inst.axi_crossbar_wr_inst.m_ifaces[2].a_arb_inst.mask_reg[0]$_SDFFE_PP0P_/D
5	-0.2451	mI_axi_bvalid	axi_crossbar_inst.axi_crossbar_wr_inst.s_ifaces[I].b_arb_inst.mask_reg[J]	m02_axi_bvalid	axi_crossbar_inst.axi_crossbar_wr_inst.s_ifaces[3].b_arb_inst.mask_reg[8]$_SDFFE_PP0P_/D
6	-0.2415	mI_axi_rvalid	axi_crossbar_inst.axi_crossbar_rd_inst.s_ifaces[I].r_arb_inst.mask_reg[J]	m06_axi_rvalid	axi_crossbar_inst.axi_crossbar_rd_inst.s_ifaces[2].r_arb_inst.mask_reg[0]$_SDFFE_PP0P_/D
7	-0.2344	mI_axi_rid[J]	axi_crossbar_inst.axi_crossbar_rd_inst.m_ifaces[I].a_arb_inst.mask_reg[J]	m01_axi_rid[10]	axi_crossbar_inst.axi_crossbar_rd_inst.m_ifaces[1].a_arb_inst.mask_reg[0]$_SDFFE_PP0P_/D
8	-0.2209	axi_crossbar_inst.axi_crossbar_rd_inst.s_ifaces[I].addr_inst.s_axi_aid_reg[J]	axi_crossbar_inst.axi_crossbar_rd_inst.s_ifaces[I].addr_inst.thread_count_reg[J][K]	axi_crossbar_inst.axi_crossbar_rd_inst.s_ifaces[3].addr_inst.s_axi_aid_reg[5]$_DFFE_PP_/Q	axi_crossbar_inst.axi_crossbar_rd_inst.s_ifaces[3].addr_inst.thread_count_reg[0][4]$_SDFFE_PP0P_/D
9	-0.2142	axi_crossbar_inst.axi_crossbar_rd_inst.s_ifaces[I].addr_inst.thread_count_reg[J][K]	axi_crossbar_inst.axi_crossbar_rd_inst.s_ifaces[I].addr_inst.thread_count_reg[J][K]	axi_crossbar_inst.axi_crossbar_rd_inst.s_ifaces[2].addr_inst.thread_count_reg[1][1]$_SDFFE_PP0P_/Q	axi_crossbar_inst.axi_crossbar_rd_inst.s_ifaces[2].addr_inst.thread_count_reg[1][4]$_SDFFE_PP0P_/D
10	-0.2071	axi_crossbar_inst.axi_crossbar_wr_inst.s_ifaces[I].addr_inst.thread_count_reg[J][K]	axi_crossbar_inst.axi_crossbar_wr_inst.s_ifaces[I].addr_inst.thread_count_reg[J][K]	axi_crossbar_inst.axi_crossbar_wr_inst.s_ifaces[1].addr_inst.thread_count_reg[0][2]$_SDFFE_PP0P_/Q	axi_crossbar_inst.axi_crossbar_wr_inst.s_ifaces[1].addr_inst.thread_count_reg[1][4]$_SDFFE_PP0P_/D
11	-0.2033	sI_axi_wvalid	axi_crossbar_inst.axi_crossbar_wr_inst.m_ifaces[I].a_arb_inst.mask_reg[J]	s06_axi_wvalid	axi_crossbar_inst.axi_crossbar_wr_inst.m_ifaces[5].a_arb_inst.mask_reg[0]$_SDFFE_PP0P_/D
12	-0.2018	axi_crossbar_inst.axi_crossbar_wr_inst.s_ifaces[I].addr_inst.s_axi_aid_reg[J]	axi_crossbar_inst.axi_crossbar_wr_inst.s_ifaces[I].addr_inst.thread_count_reg[J][K]	axi_crossbar_inst.axi_crossbar_wr_inst.s_ifaces[7].addr_inst.s_axi_aid_reg[5]$_DFFE_PP_/Q	axi_crossbar_inst.axi_crossbar_wr_inst.s_ifaces[7].addr_inst.thread_count_reg[1][4]$_SDFFE_PP0P_/D
13	-0.1946	axi_crossbar_inst.axi_crossbar_rd_inst.s_ifaces[I].addr_inst.thread_id_reg[J][K]	axi_crossbar_inst.axi_crossbar_rd_inst.s_ifaces[I].addr_inst.thread_count_reg[J][K]	axi_crossbar_inst.axi_crossbar_rd_inst.s_ifaces[1].addr_inst.thread_id_reg[1][6]$_DFFE_PP_/Q	axi_crossbar_inst.axi_crossbar_rd_inst.s_ifaces[1].addr_inst.thread_count_reg[1][4]$_SDFFE_PP0P_/D
14	-0.1791	mI_axi_bvalid	axi_crossbar_inst.axi_crossbar_wr_inst.m_ifaces[I].a_arb_inst.mask_reg[J]	m02_axi_bvalid	axi_crossbar_inst.axi_crossbar_wr_inst.m_ifaces[2].a_arb_inst.mask_reg[0]$_SDFFE_PP0P_/D
15	-0.1746	mI_axi_rid[J]	axi_crossbar_inst.axi_crossbar_rd_inst.m_ifaces[I].trans_count_reg[J]	m05_axi_rid[9]	axi_crossbar_inst.axi_crossbar_rd_inst.m_ifaces[5].trans_count_reg[2]$_SDFFE_PP0P_/D
16	-0.1695	axi_crossbar_inst.axi_crossbar_wr_inst.s_ifaces[I].addr_inst.thread_id_reg[J][K]	axi_crossbar_inst.axi_crossbar_wr_inst.s_ifaces[I].addr_inst.thread_count_reg[J][K]	axi_crossbar_inst.axi_crossbar_wr_inst.s_ifaces[7].addr_inst.thread_id_reg[0][5]$_DFFE_PP_/Q	axi_crossbar_inst.axi_crossbar_wr_inst.s_ifaces[7].addr_inst.thread_count_reg[1][4]$_SDFFE_PP0P_/D
17	-0.1670	axi_crossbar_inst.axi_crossbar_rd_inst.s_ifaces[I].addr_inst.s_axi_aid_reg[J]	axi_crossbar_inst.axi_crossbar_rd_inst.s_ifaces[I].addr_inst.trans_count_reg[J]	axi_crossbar_inst.axi_crossbar_rd_inst.s_ifaces[3].addr_inst.s_axi_aid_reg[5]$_DFFE_PP_/Q	axi_crossbar_inst.axi_crossbar_rd_inst.s_ifaces[3].addr_inst.trans_count_reg[4]$_SDFFE_PP0P_/D
18	-0.1645	axi_crossbar_inst.axi_crossbar_rd_inst.s_ifaces[I].addr_inst.m_select_reg[J]	axi_crossbar_inst.axi_crossbar_rd_inst.s_ifaces[I].addr_inst.thread_count_reg[J][K]	axi_crossbar_inst.axi_crossbar_rd_inst.s_ifaces[0].addr_inst.m_select_reg[0]$_DFF_P_/Q	axi_crossbar_inst.axi_crossbar_rd_inst.s_ifaces[0].addr_inst.thread_count_reg[0][4]$_SDFFE_PP0P_/D
19	-0.1638	mI_axi_bid[J]	axi_crossbar_inst.axi_crossbar_wr_inst.m_ifaces[I].trans_count_reg[J]	m07_axi_bid[8]	axi_crossbar_inst.axi_crossbar_wr_inst.m_ifaces[7].trans_count_reg[2]$_SDFFE_PP0P_/D
20	-0.1625	axi_crossbar_inst.axi_crossbar_wr_inst.s_ifaces[I].addr_inst.m_select_reg[J]	axi_crossbar_inst.axi_crossbar_wr_inst.s_ifaces[I].addr_inst.thread_count_reg[J][K]	axi_crossbar_inst.axi_crossbar_wr_inst.s_ifaces[2].addr_inst.m_select_reg[1]$_DFF_P_/Q	axi_crossbar_inst.axi_crossbar_wr_inst.s_ifaces[2].addr_inst.thread_count_reg[1][4]$_SDFFE_PP0P_/D
21	-0.1580	mI_axi_bid[J]	axi_crossbar_inst.axi_crossbar_wr_inst.m_ifaces[I].a_arb_inst.grant_reg[J]	m05_axi_bid[8]	axi_crossbar_inst.axi_crossbar_wr_inst.m_ifaces[5].a_arb_inst.grant_reg[0]$_SDFFE_PP0P_/D
22	-0.1514	mI_axi_bid[J]	mI_axi_bready	m07_axi_bid[8]	m07_axi_bready
23	-0.1457	axi_crossbar_inst.axi_crossbar_rd_inst.s_ifaces[I].addr_inst.thread_count_reg[J][K]	axi_crossbar_inst.axi_crossbar_rd_inst.s_ifaces[I].addr_inst.trans_count_reg[J]	axi_crossbar_inst.axi_crossbar_rd_inst.s_ifaces[2].addr_inst.thread_count_reg[1][1]$_SDFFE_PP0P_/Q	axi_crossbar_inst.axi_crossbar_rd_inst.s_ifaces[2].addr_inst.trans_count_reg[4]$_SDFFE_PP0P_/D
24	-0.1423	axi_crossbar_inst.axi_crossbar_rd_inst.s_ifaces[I].addr_inst.thread_id_reg[J][K]	axi_crossbar_inst.axi_crossbar_rd_inst.s_ifaces[I].addr_inst.trans_count_reg[J]	axi_crossbar_inst.axi_crossbar_rd_inst.s_ifaces[1].addr_inst.thread_id_reg[1][6]$_DFFE_PP_/Q	axi_crossbar_inst.axi_crossbar_rd_inst.s_ifaces[1].addr_inst.trans_count_reg[4]$_SDFFE_PP0P_/D
25	-0.1417	sI_axi_wlast	axi_crossbar_inst.axi_crossbar_wr_inst.m_ifaces[I].a_arb_inst.grant_reg[J]	s01_axi_wlast	axi_crossbar_inst.axi_crossbar_wr_inst.m_ifaces[6].a_arb_inst.grant_reg[0]$_SDFFE_PP0P_/D
26	-0.1415	mI_axi_rvalid	axi_crossbar_inst.axi_crossbar_rd_inst.m_ifaces[I].a_arb_inst.mask_reg[J]	m06_axi_rvalid	axi_crossbar_inst.axi_crossbar_rd_inst.m_ifaces[6].a_arb_inst.mask_reg[0]$_SDFFE_PP0P_/D
27	-0.1357	axi_crossbar_inst.axi_crossbar_wr_inst.s_ifaces[I].addr_inst.s_axi_aid_reg[J]	axi_crossbar_inst.axi_crossbar_wr_inst.s_ifaces[I].addr_inst.trans_count_reg[J]	axi_crossbar_inst.axi_crossbar_wr_inst.s_ifaces[7].addr_inst.s_axi_aid_reg[5]$_DFFE_PP_/Q	axi_crossbar_inst.axi_crossbar_wr_inst.s_ifaces[7].addr_inst.trans_count_reg[4]$_SDFFE_PP0P_/D
28	-0.1354	mI_axi_bid[J]	axi_crossbar_inst.axi_crossbar_wr_inst.s_ifaces[I].b_arb_inst.grant_reg[J]	m07_axi_bid[9]	axi_crossbar_inst.axi_crossbar_wr_inst.s_ifaces[6].b_arb_inst.grant_reg[0]$_SDFFE_PP0P_/D
29	-0.1351	axi_crossbar_inst.axi_crossbar_wr_inst.s_ifaces[I].addr_inst.thread_count_reg[J][K]	axi_crossbar_inst.axi_crossbar_wr_inst.s_ifaces[I].addr_inst.trans_count_reg[J]	axi_crossbar_inst.axi_crossbar_wr_inst.s_ifaces[3].addr_inst.thread_count_reg[0][2]$_SDFFE_PP0P_/Q	axi_crossbar_inst.axi_crossbar_wr_inst.s_ifaces[3].addr_inst.trans_count_reg[4]$_SDFFE_PP0P_/D
30	-0.1351	mI_axi_rid[J]	mI_axi_rready	m05_axi_rid[9]	m05_axi_rready
31	-0.1335	mI_axi_bvalid	axi_crossbar_inst.axi_crossbar_wr_inst.s_ifaces[I].b_arb_inst.grant_reg[J]	m07_axi_bvalid	axi_crossbar_inst.axi_crossbar_wr_inst.s_ifaces[6].b_arb_inst.grant_reg[0]$_SDFFE_PP0P_/D
32	-0.1332	mI_axi_rlast	axi_crossbar_inst.axi_crossbar_rd_inst.s_ifaces[I].r_arb_inst.mask_reg[J]	m07_axi_rlast	axi_crossbar_inst.axi_crossbar_rd_inst.s_ifaces[5].r_arb_inst.mask_reg[6]$_SDFFE_PP0P_/D
33	-0.1238	mI_axi_rlast	axi_crossbar_inst.axi_crossbar_rd_inst.s_ifaces[I].r_arb_inst.grant_reg[J]	m07_axi_rlast	axi_crossbar_inst.axi_crossbar_rd_inst.s_ifaces[5].r_arb_inst.grant_reg[6]$_SDFFE_PP0P_/D
34	-0.1221	mI_axi_rlast	axi_crossbar_inst.axi_crossbar_rd_inst.s_ifaces[I].r_arb_inst.grant_encoded_reg[J]	m07_axi_rlast	axi_crossbar_inst.axi_crossbar_rd_inst.s_ifaces[5].r_arb_inst.grant_encoded_reg[2]$_SDFFE_PP0P_/D
35	-0.1213	sI_axi_wvalid	axi_crossbar_inst.axi_crossbar_wr_inst.m_ifaces[I].a_arb_inst.grant_reg[J]	s07_axi_wvalid	axi_crossbar_inst.axi_crossbar_wr_inst.m_ifaces[5].a_arb_inst.grant_reg[0]$_SDFFE_PP0P_/D
36	-0.1205	mI_axi_rid[J]	axi_crossbar_inst.axi_crossbar_rd_inst.s_ifaces[I].r_arb_inst.grant_reg[J]	m06_axi_rid[8]	axi_crossbar_inst.axi_crossbar_rd_inst.s_ifaces[2].r_arb_inst.grant_reg[7]$_SDFFE_PP0P_/D
37	-0.1089	sI_axi_wlast	axi_crossbar_inst.axi_crossbar_wr_inst.m_ifaces[I].a_arb_inst.grant_encoded_reg[J]	s01_axi_wlast	axi_crossbar_inst.axi_crossbar_wr_inst.m_ifaces[6].a_arb_inst.grant_encoded_reg[0]$_SDFFE_PP0P_/D
38	-0.1085	mI_axi_bid[J]	axi_crossbar_inst.axi_crossbar_wr_inst.m_ifaces[I].a_arb_inst.grant_encoded_reg[J]	m01_axi_bid[8]	axi_crossbar_inst.axi_crossbar_wr_inst.m_ifaces[1].a_arb_inst.grant_encoded_reg[0]$_SDFFE_PP0P_/D
39	-0.1079	mI_axi_rvalid	axi_crossbar_inst.axi_crossbar_rd_inst.s_ifaces[I].r_arb_inst.grant_reg[J]	m04_axi_rvalid	axi_crossbar_inst.axi_crossbar_rd_inst.s_ifaces[1].r_arb_inst.grant_reg[4]$_SDFFE_PP0P_/D
40	-0.1077	mI_axi_bid[J]	axi_crossbar_inst.axi_crossbar_wr_inst.s_ifaces[I].b_arb_inst.grant_encoded_reg[J]	m00_axi_bid[9]	axi_crossbar_inst.axi_crossbar_wr_inst.s_ifaces[3].b_arb_inst.grant_encoded_reg[1]$_SDFFE_PP0P_/D
41	-0.1070	mI_axi_rid[J]	axi_crossbar_inst.axi_crossbar_rd_inst.s_ifaces[I].r_arb_inst.grant_encoded_reg[J]	m05_axi_rid[10]	axi_crossbar_inst.axi_crossbar_rd_inst.s_ifaces[1].r_arb_inst.grant_encoded_reg[0]$_SDFFE_PP0P_/D
42	-0.1033	axi_crossbar_inst.axi_crossbar_wr_inst.s_ifaces[I].addr_inst.thread_id_reg[J][K]	axi_crossbar_inst.axi_crossbar_wr_inst.s_ifaces[I].addr_inst.trans_count_reg[J]	axi_crossbar_inst.axi_crossbar_wr_inst.s_ifaces[7].addr_inst.thread_id_reg[0][5]$_DFFE_PP_/Q	axi_crossbar_inst.axi_crossbar_wr_inst.s_ifaces[7].addr_inst.trans_count_reg[4]$_SDFFE_PP0P_/D
43	-0.1032	mI_axi_rid[J]	axi_crossbar_inst.axi_crossbar_rd_inst.m_ifaces[I].a_arb_inst.grant_reg[J]	m05_axi_rid[9]	axi_crossbar_inst.axi_crossbar_rd_inst.m_ifaces[5].a_arb_inst.grant_reg[4]$_SDFFE_PP0P_/D
44	-0.1029	mI_axi_bvalid	axi_crossbar_inst.axi_crossbar_wr_inst.s_ifaces[I].b_arb_inst.grant_encoded_reg[J]	m02_axi_bvalid	axi_crossbar_inst.axi_crossbar_wr_inst.s_ifaces[3].b_arb_inst.grant_encoded_reg[1]$_SDFFE_PP0P_/D
45	-0.1022	mI_axi_rlast	axi_crossbar_inst.axi_crossbar_rd_inst.s_ifaces[I].r_arb_inst.grant_valid_reg	m03_axi_rlast	axi_crossbar_inst.axi_crossbar_rd_inst.s_ifaces[1].r_arb_inst.grant_valid_reg$_SDFFE_PP0P_/D
46	-0.1011	mI_axi_rvalid	axi_crossbar_inst.axi_crossbar_rd_inst.s_ifaces[I].r_arb_inst.grant_encoded_reg[J]	m04_axi_rvalid	axi_crossbar_inst.axi_crossbar_rd_inst.s_ifaces[1].r_arb_inst.grant_encoded_reg[0]$_SDFFE_PP0P_/D
47	-0.1002	axi_crossbar_inst.axi_crossbar_wr_inst.s_ifaces[I].addr_inst.m_select_reg[J]	axi_crossbar_inst.axi_crossbar_wr_inst.m_ifaces[I].a_arb_inst.mask_reg[J]	axi_crossbar_inst.axi_crossbar_wr_inst.s_ifaces[6].addr_inst.m_select_reg[2]$_DFF_P_/Q	axi_crossbar_inst.axi_crossbar_wr_inst.m_ifaces[5].a_arb_inst.mask_reg[0]$_SDFFE_PP0P_/D
48	-0.0992	mI_axi_rlast	axi_crossbar_inst.axi_crossbar_rd_inst.m_ifaces[I].a_arb_inst.mask_reg[J]	m03_axi_rlast	axi_crossbar_inst.axi_crossbar_rd_inst.m_ifaces[3].a_arb_inst.mask_reg[5]$_SDFFE_PP0P_/D
49	-0.0973	mI_axi_rvalid	axi_crossbar_inst.axi_crossbar_rd_inst.m_ifaces[I].trans_count_reg[J]	m06_axi_rvalid	axi_crossbar_inst.axi_crossbar_rd_inst.m_ifaces[6].trans_count_reg[2]$_SDFFE_PP0P_/D
50	-0.0952	axi_crossbar_inst.axi_crossbar_rd_inst.s_ifaces[I].addr_inst.m_select_reg[J]	axi_crossbar_inst.axi_crossbar_rd_inst.m_ifaces[I].a_arb_inst.mask_reg[J]	axi_crossbar_inst.axi_crossbar_rd_inst.s_ifaces[2].addr_inst.m_select_reg[1]$_DFF_P_/Q	axi_crossbar_inst.axi_crossbar_rd_inst.m_ifaces[3].a_arb_inst.mask_reg[5]$_SDFFE_PP0P_/D
51	-0.0938	axi_crossbar_inst.axi_crossbar_wr_inst.s_ifaces[I].addr_inst.m_select_reg[J]	axi_crossbar_inst.axi_crossbar_wr_inst.s_ifaces[I].addr_inst.trans_count_reg[J]	axi_crossbar_inst.axi_crossbar_wr_inst.s_ifaces[2].addr_inst.m_select_reg[1]$_DFF_P_/Q	axi_crossbar_inst.axi_crossbar_wr_inst.s_ifaces[2].addr_inst.trans_count_reg[4]$_SDFFE_PP0P_/D
52	-0.0917	axi_crossbar_inst.axi_crossbar_rd_inst.s_ifaces[I].addr_inst.m_select_reg[J]	axi_crossbar_inst.axi_crossbar_rd_inst.s_ifaces[I].addr_inst.trans_count_reg[J]	axi_crossbar_inst.axi_crossbar_rd_inst.s_ifaces[1].addr_inst.m_select_reg[2]$_DFF_P_/Q	axi_crossbar_inst.axi_crossbar_rd_inst.s_ifaces[1].addr_inst.trans_count_reg[4]$_SDFFE_PP0P_/D
53	-0.0900	sI_axi_wvalid	axi_crossbar_inst.axi_crossbar_wr_inst.m_ifaces[I].a_arb_inst.grant_encoded_reg[J]	s00_axi_wvalid	axi_crossbar_inst.axi_crossbar_wr_inst.m_ifaces[6].a_arb_inst.grant_encoded_reg[0]$_SDFFE_PP0P_/D
54	-0.0859	mI_axi_rid[J]	axi_crossbar_inst.axi_crossbar_rd_inst.m_ifaces[I].a_arb_inst.grant_encoded_reg[J]	m03_axi_rid[8]	axi_crossbar_inst.axi_crossbar_rd_inst.m_ifaces[3].a_arb_inst.grant_encoded_reg[0]$_SDFFE_PP0P_/D
55	-0.0839	axi_crossbar_inst.axi_crossbar_wr_inst.m_ifaces[I].w_select_reg[J]	axi_crossbar_inst.axi_crossbar_wr_inst.m_ifaces[I].a_arb_inst.mask_reg[J]	axi_crossbar_inst.axi_crossbar_wr_inst.m_ifaces[5].w_select_reg[0]$_DFFE_PP_/Q	axi_crossbar_inst.axi_crossbar_wr_inst.m_ifaces[5].a_arb_inst.mask_reg[0]$_SDFFE_PP0P_/D
56	-0.0819	axi_crossbar_inst.axi_crossbar_wr_inst.s_ifaces[I].addr_inst.m_axi_avalid_reg	axi_crossbar_inst.axi_crossbar_wr_inst.m_ifaces[I].a_arb_inst.mask_reg[J]	axi_crossbar_inst.axi_crossbar_wr_inst.s_ifaces[2].addr_inst.m_axi_avalid_reg$_SDFF_PP0_/Q	axi_crossbar_inst.axi_crossbar_wr_inst.m_ifaces[5].a_arb_inst.mask_reg[0]$_SDFFE_PP0P_/D
57	-0.0812	axi_crossbar_inst.axi_crossbar_rd_inst.s_ifaces[I].addr_inst.m_axi_avalid_reg	axi_crossbar_inst.axi_crossbar_rd_inst.m_ifaces[I].a_arb_inst.mask_reg[J]	axi_crossbar_inst.axi_crossbar_rd_inst.s_ifaces[2].addr_inst.m_axi_avalid_reg$_SDFF_PP0_/Q	axi_crossbar_inst.axi_crossbar_rd_inst.m_ifaces[6].a_arb_inst.mask_reg[4]$_SDFFE_PP0P_/D
58	-0.0808	axi_crossbar_inst.axi_crossbar_rd_inst.s_ifaces[I].addr_inst.thread_m_reg[J][K]	axi_crossbar_inst.axi_crossbar_rd_inst.s_ifaces[I].addr_inst.thread_count_reg[J][K]	axi_crossbar_inst.axi_crossbar_rd_inst.s_ifaces[3].addr_inst.thread_m_reg[0][2]$_DFFE_PP_/Q	axi_crossbar_inst.axi_crossbar_rd_inst.s_ifaces[3].addr_inst.thread_count_reg[0][4]$_SDFFE_PP0P_/D
59	-0.0759	axi_crossbar_inst.axi_crossbar_wr_inst.s_ifaces[I].addr_inst.thread_m_reg[J][K]	axi_crossbar_inst.axi_crossbar_wr_inst.s_ifaces[I].addr_inst.thread_count_reg[J][K]	axi_crossbar_inst.axi_crossbar_wr_inst.s_ifaces[0].addr_inst.thread_m_reg[1][2]$_DFFE_PP_/Q	axi_crossbar_inst.axi_crossbar_wr_inst.s_ifaces[0].addr_inst.thread_count_reg[0][4]$_SDFFE_PP0P_/D
60	-0.0747	axi_crossbar_inst.axi_crossbar_wr_inst.s_ifaces[I].reg_inst.genblkJ.genblkK.m_axi_bready_reg	axi_crossbar_inst.axi_crossbar_wr_inst.m_ifaces[I].a_arb_inst.mask_reg[J]	axi_crossbar_inst.axi_crossbar_wr_inst.s_ifaces[1].reg_inst.genblk3.genblk1.m_axi_bready_reg$_SDFF_PP0_/Q	axi_crossbar_inst.axi_crossbar_wr_inst.m_ifaces[2].a_arb_inst.mask_reg[0]$_SDFFE_PP0P_/D
61	-0.0742	axi_crossbar_inst.axi_crossbar_wr_inst.m_ifaces[I].w_select_reg[J]	sI_axi_wready	axi_crossbar_inst.axi_crossbar_wr_inst.m_ifaces[3].w_select_reg[0]$_DFFE_PP_/Q	s02_axi_wready
62	-0.0725	axi_crossbar_inst.axi_crossbar_wr_inst.s_ifaces[I].b_arb_inst.grant_encoded_reg[J]	axi_crossbar_inst.axi_crossbar_wr_inst.m_ifaces[I].a_arb_inst.mask_reg[J]	axi_crossbar_inst.axi_crossbar_wr_inst.s_ifaces[1].b_arb_inst.grant_encoded_reg[0]$_SDFFE_PP0P_/Q	axi_crossbar_inst.axi_crossbar_wr_inst.m_ifaces[2].a_arb_inst.mask_reg[0]$_SDFFE_PP0P_/D
63	-0.0676	mI_axi_bid[J]	axi_crossbar_inst.axi_crossbar_wr_inst.m_ifaces[I].a_arb_inst.grant_valid_reg	m02_axi_bid[9]	axi_crossbar_inst.axi_crossbar_wr_inst.m_ifaces[2].a_arb_inst.grant_valid_reg$_SDFFE_PP0P_/D
64	-0.0660	axi_crossbar_inst.axi_crossbar_wr_inst.s_ifaces[I].b_arb_inst.grant_valid_reg	axi_crossbar_inst.axi_crossbar_wr_inst.m_ifaces[I].a_arb_inst.mask_reg[J]	axi_crossbar_inst.axi_crossbar_wr_inst.s_ifaces[7].b_arb_inst.grant_valid_reg$_SDFFE_PP0P_/Q	axi_crossbar_inst.axi_crossbar_wr_inst.m_ifaces[5].a_arb_inst.mask_reg[0]$_SDFFE_PP0P_/D
65	-0.0621	axi_crossbar_inst.axi_crossbar_rd_inst.s_ifaces[I].reg_inst.genblkJ.m_axi_rready_reg	axi_crossbar_inst.axi_crossbar_rd_inst.m_ifaces[I].a_arb_inst.mask_reg[J]	axi_crossbar_inst.axi_crossbar_rd_inst.s_ifaces[3].reg_inst.genblk2.m_axi_rready_reg$_SDFF_PP0_/Q	axi_crossbar_inst.axi_crossbar_rd_inst.m_ifaces[1].a_arb_inst.mask_reg[0]$_SDFFE_PP0P_/D
66	-0.0598	mI_axi_bvalid	axi_crossbar_inst.axi_crossbar_wr_inst.m_ifaces[I].trans_count_reg[J]	m02_axi_bvalid	axi_crossbar_inst.axi_crossbar_wr_inst.m_ifaces[2].trans_count_reg[2]$_SDFFE_PP0P_/D
67	-0.0504	axi_crossbar_inst.axi_crossbar_wr_inst.s_ifaces[I].w_select_reg[J]	axi_crossbar_inst.axi_crossbar_wr_inst.m_ifaces[I].a_arb_inst.mask_reg[J]	axi_crossbar_inst.axi_crossbar_wr_inst.s_ifaces[4].w_select_reg[0]$_DFFE_PP_/Q	axi_crossbar_inst.axi_crossbar_wr_inst.m_ifaces[4].a_arb_inst.mask_reg[5]$_SDFFE_PP0P_/D
68	-0.0503	mI_axi_bvalid	axi_crossbar_inst.axi_crossbar_wr_inst.m_ifaces[I].a_arb_inst.grant_reg[J]	m02_axi_bvalid	axi_crossbar_inst.axi_crossbar_wr_inst.m_ifaces[2].a_arb_inst.grant_reg[5]$_SDFFE_PP0P_/D
69	-0.0503	mI_axi_rid[J]	axi_crossbar_inst.axi_crossbar_rd_inst.s_ifaces[I].r_arb_inst.grant_valid_reg	m05_axi_rid[10]	axi_crossbar_inst.axi_crossbar_rd_inst.s_ifaces[1].r_arb_inst.grant_valid_reg$_SDFFE_PP0P_/D
70	-0.0448	sI_axi_wlast	axi_crossbar_inst.axi_crossbar_wr_inst.m_ifaces[I].a_arb_inst.grant_valid_reg	s07_axi_wlast	axi_crossbar_inst.axi_crossbar_wr_inst.m_ifaces[2].a_arb_inst.grant_valid_reg$_SDFFE_PP0P_/D
71	-0.0443	axi_crossbar_inst.axi_crossbar_wr_inst.s_ifaces[I].w_select_valid_reg	axi_crossbar_inst.axi_crossbar_wr_inst.m_ifaces[I].a_arb_inst.mask_reg[J]	axi_crossbar_inst.axi_crossbar_wr_inst.s_ifaces[7].w_select_valid_reg$_SDFF_PP0_/Q	axi_crossbar_inst.axi_crossbar_wr_inst.m_ifaces[5].a_arb_inst.mask_reg[0]$_SDFFE_PP0P_/D
72	-0.0434	axi_crossbar_inst.axi_crossbar_wr_inst.m_ifaces[I].a_arb_inst.mask_reg[J]	axi_crossbar_inst.axi_crossbar_wr_inst.m_ifaces[I].a_arb_inst.mask_reg[J]	axi_crossbar_inst.axi_crossbar_wr_inst.m_ifaces[5].a_arb_inst.mask_reg[5]$_SDFFE_PP0P_/Q	axi_crossbar_inst.axi_crossbar_wr_inst.m_ifaces[5].a_arb_inst.mask_reg[0]$_SDFFE_PP0P_/D
73	-0.0432	axi_crossbar_inst.axi_crossbar_rd_inst.s_ifaces[I].r_arb_inst.grant_valid_reg	axi_crossbar_inst.axi_crossbar_rd_inst.m_ifaces[I].a_arb_inst.mask_reg[J]	axi_crossbar_inst.axi_crossbar_rd_inst.s_ifaces[3].r_arb_inst.grant_valid_reg$_SDFFE_PP0P_/Q	axi_crossbar_inst.axi_crossbar_rd_inst.m_ifaces[1].a_arb_inst.mask_reg[0]$_SDFFE_PP0P_/D
74	-0.0415	mI_axi_bid[J]	axi_crossbar_inst.axi_crossbar_wr_inst.s_ifaces[I].b_arb_inst.grant_valid_reg	m03_axi_bid[9]	axi_crossbar_inst.axi_crossbar_wr_inst.s_ifaces[4].b_arb_inst.grant_valid_reg$_SDFFE_PP0P_/D
75	-0.0403	axi_crossbar_inst.axi_crossbar_rd_inst.s_ifaces[I].r_arb_inst.grant_encoded_reg[J]	axi_crossbar_inst.axi_crossbar_rd_inst.m_ifaces[I].a_arb_inst.mask_reg[J]	axi_crossbar_inst.axi_crossbar_rd_inst.s_ifaces[7].r_arb_inst.grant_encoded_reg[1]$_SDFFE_PP0P_/Q	axi_crossbar_inst.axi_crossbar_rd_inst.m_ifaces[1].a_arb_inst.mask_reg[0]$_SDFFE_PP0P_/D
76	-0.0351	mI_axi_rvalid	axi_crossbar_inst.axi_crossbar_rd_inst.s_ifaces[I].r_arb_inst.grant_valid_reg	m04_axi_rvalid	axi_crossbar_inst.axi_crossbar_rd_inst.s_ifaces[4].r_arb_inst.grant_valid_reg$_SDFFE_PP0P_/D
77	-0.0340	mI_axi_rlast	axi_crossbar_inst.axi_crossbar_rd_inst.m_ifaces[I].trans_count_reg[J]	m03_axi_rlast	axi_crossbar_inst.axi_crossbar_rd_inst.m_ifaces[3].trans_count_reg[2]$_SDFFE_PP0P_/D
78	-0.0333	axi_crossbar_inst.axi_crossbar_rd_inst.s_ifaces[I].addr_inst.m_axi_avalid_reg	axi_crossbar_inst.axi_crossbar_rd_inst.m_ifaces[I].trans_count_reg[J]	axi_crossbar_inst.axi_crossbar_rd_inst.s_ifaces[6].addr_inst.m_axi_avalid_reg$_SDFF_PP0_/Q	axi_crossbar_inst.axi_crossbar_rd_inst.m_ifaces[4].trans_count_reg[2]$_SDFFE_PP0P_/D
79	-0.0306	axi_crossbar_inst.axi_crossbar_rd_inst.m_ifaces[I].a_arb_inst.grant_encoded_reg[J]	axi_crossbar_inst.axi_crossbar_rd_inst.m_ifaces[I].trans_count_reg[J]	axi_crossbar_inst.axi_crossbar_rd_inst.m_ifaces[5].a_arb_inst.grant_encoded_reg[1]$_SDFFE_PP0P_/Q	axi_crossbar_inst.axi_crossbar_rd_inst.m_ifaces[5].trans_count_reg[2]$_SDFFE_PP0P_/D
80	-0.0302	axi_crossbar_inst.axi_crossbar_rd_inst.s_ifaces[I].r_arb_inst.mask_reg[J]	axi_crossbar_inst.axi_crossbar_rd_inst.s_ifaces[I].r_arb_inst.mask_reg[J]	axi_crossbar_inst.axi_crossbar_rd_inst.s_ifaces[0].r_arb_inst.mask_reg[5]$_SDFFE_PP0P_/Q	axi_crossbar_inst.axi_crossbar_rd_inst.s_ifaces[0].r_arb_inst.mask_reg[8]$_SDFFE_PP0P_/D
81	-0.0292	mI_axi_rvalid	axi_crossbar_inst.axi_crossbar_rd_inst.s_ifaces[I].reg_inst.genblkJ.temp_s_axi_rvalid_reg	m06_axi_rvalid	axi_crossbar_inst.axi_crossbar_rd_inst.s_ifaces[0].reg_inst.genblk2.temp_s_axi_rvalid_reg$_SDFFE_PP0P_/D
82	-0.0285	axi_crossbar_inst.axi_crossbar_rd_inst.s_ifaces[I].addr_inst.thread_m_reg[J][K]	axi_crossbar_inst.axi_crossbar_rd_inst.s_ifaces[I].addr_inst.trans_count_reg[J]	axi_crossbar_inst.axi_crossbar_rd_inst.s_ifaces[1].addr_inst.thread_m_reg[1][2]$_DFFE_PP_/Q	axi_crossbar_inst.axi_crossbar_rd_inst.s_ifaces[1].addr_inst.trans_count_reg[4]$_SDFFE_PP0P_/D
83	-0.0280	axi_crossbar_inst.axi_crossbar_wr_inst.m_ifaces[I].a_arb_inst.grant_reg[J]	axi_crossbar_inst.axi_crossbar_wr_inst.m_ifaces[I].a_arb_inst.mask_reg[J]	axi_crossbar_inst.axi_crossbar_wr_inst.m_ifaces[5].a_arb_inst.grant_reg[5]$_SDFFE_PP0P_/QN	axi_crossbar_inst.axi_crossbar_wr_inst.m_ifaces[5].a_arb_inst.mask_reg[0]$_SDFFE_PP0P_/D
84	-0.0232	axi_crossbar_inst.axi_crossbar_rd_inst.s_ifaces[I].r_arb_inst.grant_reg[J]	axi_crossbar_inst.axi_crossbar_rd_inst.s_ifaces[I].r_arb_inst.mask_reg[J]	axi_crossbar_inst.axi_crossbar_rd_inst.s_ifaces[0].r_arb_inst.grant_reg[5]$_SDFFE_PP0P_/QN	axi_crossbar_inst.axi_crossbar_rd_inst.s_ifaces[0].r_arb_inst.mask_reg[8]$_SDFFE_PP0P_/D
85	-0.0187	axi_crossbar_inst.axi_crossbar_wr_inst.m_ifaces[I].a_arb_inst.grant_encoded_reg[J]	axi_crossbar_inst.axi_crossbar_wr_inst.m_ifaces[I].trans_count_reg[J]	axi_crossbar_inst.axi_crossbar_wr_inst.m_ifaces[7].a_arb_inst.grant_encoded_reg[1]$_SDFFE_PP0P_/Q	axi_crossbar_inst.axi_crossbar_wr_inst.m_ifaces[7].trans_count_reg[2]$_SDFFE_PP0P_/D
86	-0.0152	axi_crossbar_inst.axi_crossbar_wr_inst.s_ifaces[I].addr_inst.m_select_reg[J]	axi_crossbar_inst.axi_crossbar_wr_inst.m_ifaces[I].trans_count_reg[J]	axi_crossbar_inst.axi_crossbar_wr_inst.s_ifaces[0].addr_inst.m_select_reg[0]$_DFF_P_/Q	axi_crossbar_inst.axi_crossbar_wr_inst.m_ifaces[4].trans_count_reg[2]$_SDFFE_PP0P_/D
87	-0.0120	axi_crossbar_inst.axi_crossbar_wr_inst.s_ifaces[I].addr_inst.m_axi_avalid_reg	axi_crossbar_inst.axi_crossbar_wr_inst.m_ifaces[I].trans_count_reg[J]	axi_crossbar_inst.axi_crossbar_wr_inst.s_ifaces[0].addr_inst.m_axi_avalid_reg$_SDFF_PP0_/Q	axi_crossbar_inst.axi_crossbar_wr_inst.m_ifaces[4].trans_count_reg[2]$_SDFFE_PP0P_/D
88	-0.0106	mI_axi_rvalid	axi_crossbar_inst.axi_crossbar_rd_inst.m_ifaces[I].a_arb_inst.grant_reg[J]	m06_axi_rvalid	axi_crossbar_inst.axi_crossbar_rd_inst.m_ifaces[6].a_arb_inst.grant_reg[2]$_SDFFE_PP0P_/D
89	-0.0104	mI_axi_bvalid	axi_crossbar_inst.axi_crossbar_wr_inst.m_ifaces[I].a_arb_inst.grant_encoded_reg[J]	m02_axi_bvalid	axi_crossbar_inst.axi_crossbar_wr_inst.m_ifaces[2].a_arb_inst.grant_encoded_reg[0]$_SDFFE_PP0P_/D
90	-0.0090	mI_axi_rvalid	axi_crossbar_inst.axi_crossbar_rd_inst.s_ifaces[I].reg_inst.genblkJ.m_axi_rready_reg	m06_axi_rvalid	axi_crossbar_inst.axi_crossbar_rd_inst.s_ifaces[2].reg_inst.genblk2.m_axi_rready_reg$_SDFF_PP0_/D
91	-0.0070	sI_axi_wvalid	axi_crossbar_inst.axi_crossbar_wr_inst.m_ifaces[I].a_arb_inst.grant_valid_reg	s00_axi_wvalid	axi_crossbar_inst.axi_crossbar_wr_inst.m_ifaces[6].a_arb_inst.grant_valid_reg$_SDFFE_PP0P_/D
92	-0.0064	axi_crossbar_inst.axi_crossbar_rd_inst.s_ifaces[I].reg_inst.genblkJ.m_axi_rready_reg	axi_crossbar_inst.axi_crossbar_rd_inst.m_ifaces[I].trans_count_reg[J]	axi_crossbar_inst.axi_crossbar_rd_inst.s_ifaces[6].reg_inst.genblk2.m_axi_rready_reg$_SDFF_PP0_/Q	axi_crossbar_inst.axi_crossbar_rd_inst.m_ifaces[6].trans_count_reg[2]$_SDFFE_PP0P_/D
93	-0.0063	axi_crossbar_inst.axi_crossbar_wr_inst.s_ifaces[I].w_drop_reg	axi_crossbar_inst.axi_crossbar_wr_inst.m_ifaces[I].a_arb_inst.mask_reg[J]	axi_crossbar_inst.axi_crossbar_wr_inst.s_ifaces[7].w_drop_reg$_DFF_P_/QN	axi_crossbar_inst.axi_crossbar_wr_inst.m_ifaces[5].a_arb_inst.mask_reg[0]$_SDFFE_PP0P_/D
94	-0.0033	mI_axi_bvalid	axi_crossbar_inst.axi_crossbar_wr_inst.s_ifaces[I].b_arb_inst.grant_valid_reg	m06_axi_bvalid	axi_crossbar_inst.axi_crossbar_wr_inst.s_ifaces[4].b_arb_inst.grant_valid_reg$_SDFFE_PP0P_/D
95	-0.0012	axi_crossbar_inst.axi_crossbar_rd_inst.m_ifaces[I].a_arb_inst.mask_reg[J]	axi_crossbar_inst.axi_crossbar_rd_inst.m_ifaces[I].a_arb_inst.mask_reg[J]	axi_crossbar_inst.axi_crossbar_rd_inst.m_ifaces[1].a_arb_inst.mask_reg[4]$_SDFFE_PP0P_/Q	axi_crossbar_inst.axi_crossbar_rd_inst.m_ifaces[1].a_arb_inst.mask_reg[0]$_SDFFE_PP0P_/D
96	-0.0000	axi_crossbar_inst.axi_crossbar_rd_inst.m_ifaces[I].a_arb_inst.grant_reg[J]	axi_crossbar_inst.axi_crossbar_rd_inst.m_ifaces[I].a_arb_inst.mask_reg[J]	axi_crossbar_inst.axi_crossbar_rd_inst.m_ifaces[1].a_arb_inst.grant_reg[4]$_SDFFE_PP0P_/QN	axi_crossbar_inst.axi_crossbar_rd_inst.m_ifaces[1].a_arb_inst.mask_reg[0]$_SDFFE_PP0P_/D
97	0.0009	mI_axi_rvalid	axi_crossbar_inst.axi_crossbar_rd_inst.s_ifaces[I].reg_inst.genblkJ.s_axi_rvalid_reg	m06_axi_rvalid	axi_crossbar_inst.axi_crossbar_rd_inst.s_ifaces[3].reg_inst.genblk2.s_axi_rvalid_reg$_SDFFE_PP0P_/D
98	0.0009	mI_axi_rlast	axi_crossbar_inst.axi_crossbar_rd_inst.m_ifaces[I].a_arb_inst.grant_reg[J]	m03_axi_rlast	axi_crossbar_inst.axi_crossbar_rd_inst.m_ifaces[3].a_arb_inst.grant_reg[7]$_SDFFE_PP0P_/D
99	0.0012	mI_axi_bvalid	axi_crossbar_inst.axi_crossbar_wr_inst.s_ifaces[I].reg_inst.genblkJ.genblkK.m_axi_bready_reg	m04_axi_bvalid	axi_crossbar_inst.axi_crossbar_wr_inst.s_ifaces[3].reg_inst.genblk3.genblk1.m_axi_bready_reg$_SDFF_PP0_/D
100	0.0018	mI_axi_rvalid	axi_crossbar_inst.axi_crossbar_rd_inst.m_ifaces[I].a_arb_inst.grant_encoded_reg[J]	m06_axi_rvalid	axi_crossbar_inst.axi_crossbar_rd_inst.m_ifaces[6].a_arb_inst.grant_encoded_reg[0]$_SDFFE_PP0P_/D
101	0.0021	axi_crossbar_inst.axi_crossbar_rd_inst.s_ifaces[I].addr_inst.state_reg[J]	axi_crossbar_inst.axi_crossbar_rd_inst.s_ifaces[I].addr_inst.thread_count_reg[J][K]	axi_crossbar_inst.axi_crossbar_rd_inst.s_ifaces[0].addr_inst.state_reg[0]$_SDFF_PP0_/Q	axi_crossbar_inst.axi_crossbar_rd_inst.s_ifaces[0].addr_inst.thread_count_reg[0][4]$_SDFFE_PP0P_/D
102	0.0026	mI_axi_bvalid	axi_crossbar_inst.axi_crossbar_wr_inst.s_ifaces[I].reg_inst.genblkJ.genblkK.s_axi_bvalid_reg	m04_axi_bvalid	axi_crossbar_inst.axi_crossbar_wr_inst.s_ifaces[3].reg_inst.genblk3.genblk1.s_axi_bvalid_reg$_SDFF_PP0_/D
103	0.0033	axi_crossbar_inst.axi_crossbar_rd_inst.s_ifaces[I].r_arb_inst.grant_valid_reg	axi_crossbar_inst.axi_crossbar_rd_inst.m_ifaces[I].trans_count_reg[J]	axi_crossbar_inst.axi_crossbar_rd_inst.s_ifaces[6].r_arb_inst.grant_valid_reg$_SDFFE_PP0P_/Q	axi_crossbar_inst.axi_crossbar_rd_inst.m_ifaces[6].trans_count_reg[2]$_SDFFE_PP0P_/D
104	0.0035	mI_axi_rvalid	axi_crossbar_inst.axi_crossbar_rd_inst.s_ifaces[I].addr_inst.s_cpl_valid_reg	m06_axi_rvalid	axi_crossbar_inst.axi_crossbar_rd_inst.s_ifaces[3].addr_inst.s_cpl_valid_reg$_DFF_P_/D
105	0.0063	axi_crossbar_inst.axi_crossbar_rd_inst.s_ifaces[I].addr_inst.m_select_reg[J]	axi_crossbar_inst.axi_crossbar_rd_inst.m_ifaces[I].trans_count_reg[J]	axi_crossbar_inst.axi_crossbar_rd_inst.s_ifaces[3].addr_inst.m_select_reg[1]$_DFF_P_/Q	axi_crossbar_inst.axi_crossbar_rd_inst.m_ifaces[1].trans_count_reg[2]$_SDFFE_PP0P_/D
106	0.0064	axi_crossbar_inst.axi_crossbar_rd_inst.s_ifaces[I].r_arb_inst.grant_encoded_reg[J]	axi_crossbar_inst.axi_crossbar_rd_inst.m_ifaces[I].trans_count_reg[J]	axi_crossbar_inst.axi_crossbar_rd_inst.s_ifaces[6].r_arb_inst.grant_encoded_reg[2]$_SDFFE_PP0P_/Q	axi_crossbar_inst.axi_crossbar_rd_inst.m_ifaces[6].trans_count_reg[2]$_SDFFE_PP0P_/D
107	0.0071	mI_axi_rlast	axi_crossbar_inst.axi_crossbar_rd_inst.m_ifaces[I].a_arb_inst.grant_encoded_reg[J]	m03_axi_rlast	axi_crossbar_inst.axi_crossbar_rd_inst.m_ifaces[3].a_arb_inst.grant_encoded_reg[0]$_SDFFE_PP0P_/D
108	0.0088	mI_axi_bvalid	axi_crossbar_inst.axi_crossbar_wr_inst.m_ifaces[I].a_arb_inst.grant_valid_reg	m02_axi_bvalid	axi_crossbar_inst.axi_crossbar_wr_inst.m_ifaces[2].a_arb_inst.grant_valid_reg$_SDFFE_PP0P_/D
109	0.0098	axi_crossbar_inst.axi_crossbar_rd_inst.s_ifaces[I].addr_inst.trans_count_reg[J]	axi_crossbar_inst.axi_crossbar_rd_inst.s_ifaces[I].addr_inst.thread_count_reg[J][K]	axi_crossbar_inst.axi_crossbar_rd_inst.s_ifaces[6].addr_inst.trans_count_reg[4]$_SDFFE_PP0P_/Q	axi_crossbar_inst.axi_crossbar_rd_inst.s_ifaces[6].addr_inst.thread_count_reg[0][4]$_SDFFE_PP0P_/D
110	0.0099	sI_axi_wlast	axi_crossbar_inst.axi_crossbar_wr_inst.m_ifaces[I].w_select_valid_reg	s07_axi_wlast	axi_crossbar_inst.axi_crossbar_wr_inst.m_ifaces[3].w_select_valid_reg$_SDFF_PP0_/D
111	0.0122	axi_crossbar_inst.axi_crossbar_wr_inst.s_ifaces[I].addr_inst.trans_count_reg[J]	axi_crossbar_inst.axi_crossbar_wr_inst.s_ifaces[I].addr_inst.thread_count_reg[J][K]	axi_crossbar_inst.axi_crossbar_wr_inst.s_ifaces[5].addr_inst.trans_count_reg[4]$_SDFFE_PP0P_/Q	axi_crossbar_inst.axi_crossbar_wr_inst.s_ifaces[5].addr_inst.thread_count_reg[1][4]$_SDFFE_PP0P_/D
112	0.0131	axi_crossbar_inst.axi_crossbar_wr_inst.s_ifaces[I].addr_inst.thread_m_reg[J][K]	axi_crossbar_inst.axi_crossbar_wr_inst.s_ifaces[I].addr_inst.trans_count_reg[J]	axi_crossbar_inst.axi_crossbar_wr_inst.s_ifaces[2].addr_inst.thread_m_reg[1][1]$_DFFE_PP_/Q	axi_crossbar_inst.axi_crossbar_wr_inst.s_ifaces[2].addr_inst.trans_count_reg[4]$_SDFFE_PP0P_/D
113	0.0135	axi_crossbar_inst.axi_crossbar_wr_inst.s_ifaces[I].b_arb_inst.mask_reg[J]	axi_crossbar_inst.axi_crossbar_wr_inst.s_ifaces[I].b_arb_inst.mask_reg[J]	axi_crossbar_inst.axi_crossbar_wr_inst.s_ifaces[3].b_arb_inst.mask_reg[6]$_SDFFE_PP0P_/Q	axi_crossbar_inst.axi_crossbar_wr_inst.s_ifaces[3].b_arb_inst.mask_reg[8]$_SDFFE_PP0P_/D
114	0.0194	axi_crossbar_inst.axi_crossbar_wr_inst.s_ifaces[I].decerr_m_axi_bvalid_reg	axi_crossbar_inst.axi_crossbar_wr_inst.s_ifaces[I].b_arb_inst.mask_reg[J]	axi_crossbar_inst.axi_crossbar_wr_inst.s_ifaces[0].decerr_m_axi_bvalid_reg$_SDFF_PP0_/Q	axi_crossbar_inst.axi_crossbar_wr_inst.s_ifaces[0].b_arb_inst.mask_reg[8]$_SDFFE_PP0P_/D
115	0.0197	axi_crossbar_inst.axi_crossbar_wr_inst.s_ifaces[I].b_arb_inst.grant_reg[J]	axi_crossbar_inst.axi_crossbar_wr_inst.s_ifaces[I].b_arb_inst.mask_reg[J]	axi_crossbar_inst.axi_crossbar_wr_inst.s_ifaces[3].b_arb_inst.grant_reg[6]$_SDFFE_PP0P_/QN	axi_crossbar_inst.axi_crossbar_wr_inst.s_ifaces[3].b_arb_inst.mask_reg[8]$_SDFFE_PP0P_/D
116	0.0198	axi_crossbar_inst.axi_crossbar_rd_inst.s_ifaces[I].decerr_m_axi_rvalid_reg	axi_crossbar_inst.axi_crossbar_rd_inst.s_ifaces[I].r_arb_inst.mask_reg[J]	axi_crossbar_inst.axi_crossbar_rd_inst.s_ifaces[1].decerr_m_axi_rvalid_reg$_SDFF_PP0_/Q	axi_crossbar_inst.axi_crossbar_rd_inst.s_ifaces[1].r_arb_inst.mask_reg[2]$_SDFFE_PP0P_/D
117	0.0206	axi_crossbar_inst.axi_crossbar_wr_inst.s_ifaces[I].b_arb_inst.grant_valid_reg	axi_crossbar_inst.axi_crossbar_wr_inst.m_ifaces[I].a_arb_inst.grant_reg[J]	axi_crossbar_inst.axi_crossbar_wr_inst.s_ifaces[7].b_arb_inst.grant_valid_reg$_SDFFE_PP0P_/Q	axi_crossbar_inst.axi_crossbar_wr_inst.m_ifaces[5].a_arb_inst.grant_reg[1]$_SDFFE_PP0P_/D
118	0.0208	mI_axi_rid[J]	axi_crossbar_inst.axi_crossbar_rd_inst.m_ifaces[I].a_arb_inst.grant_valid_reg	m02_axi_rid[8]	axi_crossbar_inst.axi_crossbar_rd_inst.m_ifaces[2].a_arb_inst.grant_valid_reg$_SDFFE_PP0P_/D
119	0.0208	axi_crossbar_inst.axi_crossbar_wr_inst.s_ifaces[I].addr_inst.state_reg[J]	axi_crossbar_inst.axi_crossbar_wr_inst.s_ifaces[I].addr_inst.thread_count_reg[J][K]	axi_crossbar_inst.axi_crossbar_wr_inst.s_ifaces[1].addr_inst.state_reg[0]$_SDFF_PP0_/Q	axi_crossbar_inst.axi_crossbar_wr_inst.s_ifaces[1].addr_inst.thread_count_reg[1][4]$_SDFFE_PP0P_/D
120	0.0220	axi_crossbar_inst.axi_crossbar_wr_inst.s_ifaces[I].reg_inst.genblkJ.genblkK.m_axi_bready_reg	axi_crossbar_inst.axi_crossbar_wr_inst.m_ifaces[I].a_arb_inst.grant_reg[J]	axi_crossbar_inst.axi_crossbar_wr_inst.s_ifaces[7].reg_inst.genblk3.genblk1.m_axi_bready_reg$_SDFF_PP0_/Q	axi_crossbar_inst.axi_crossbar_wr_inst.m_ifaces[5].a_arb_inst.grant_reg[1]$_SDFFE_PP0P_/D
121	0.0230	mI_axi_rlast	axi_crossbar_inst.axi_crossbar_rd_inst.s_ifaces[I].reg_inst.genblkJ.s_axi_rlast_reg	m03_axi_rlast	axi_crossbar_inst.axi_crossbar_rd_inst.s_ifaces[6].reg_inst.genblk2.s_axi_rlast_reg$_DFFE_PP_/D
122	0.0251	axi_crossbar_inst.axi_crossbar_rd_inst.s_ifaces[I].addr_inst.s_axi_aid_reg[J]	axi_crossbar_inst.axi_crossbar_rd_inst.s_ifaces[I].addr_inst.thread_id_reg[J][K]	axi_crossbar_inst.axi_crossbar_rd_inst.s_ifaces[3].addr_inst.s_axi_aid_reg[5]$_DFFE_PP_/Q	axi_crossbar_inst.axi_crossbar_rd_inst.s_ifaces[3].addr_inst.thread_id_reg[0][0]$_DFFE_PP_/D
123	0.0251	axi_crossbar_inst.axi_crossbar_rd_inst.s_ifaces[I].addr_inst.s_axi_aid_reg[J]	axi_crossbar_inst.axi_crossbar_rd_inst.s_ifaces[I].addr_inst.thread_m_reg[J][K]	axi_crossbar_inst.axi_crossbar_rd_inst.s_ifaces[3].addr_inst.s_axi_aid_reg[5]$_DFFE_PP_/Q	axi_crossbar_inst.axi_crossbar_rd_inst.s_ifaces[3].addr_inst.thread_m_reg[0][0]$_DFFE_PP_/D
124	0.0271	axi_crossbar_inst.axi_crossbar_wr_inst.s_ifaces[I].b_arb_inst.grant_encoded_reg[J]	axi_crossbar_inst.axi_crossbar_wr_inst.m_ifaces[I].trans_count_reg[J]	axi_crossbar_inst.axi_crossbar_wr_inst.s_ifaces[1].b_arb_inst.grant_encoded_reg[1]$_SDFFE_PP0P_/Q	axi_crossbar_inst.axi_crossbar_wr_inst.m_ifaces[7].trans_count_reg[2]$_SDFFE_PP0P_/D
125	0.0278	sI_axi_wvalid	axi_crossbar_inst.axi_crossbar_wr_inst.m_ifaces[I].w_select_valid_reg	s00_axi_wvalid	axi_crossbar_inst.axi_crossbar_wr_inst.m_ifaces[6].w_select_valid_reg$_SDFF_PP0_/D
126	0.0279	axi_crossbar_inst.axi_crossbar_wr_inst.s_ifaces[I].reg_inst.genblkJ.genblkK.m_axi_bready_reg	axi_crossbar_inst.axi_crossbar_wr_inst.m_ifaces[I].trans_count_reg[J]	axi_crossbar_inst.axi_crossbar_wr_inst.s_ifaces[2].reg_inst.genblk3.genblk1.m_axi_bready_reg$_SDFF_PP0_/Q	axi_crossbar_inst.axi_crossbar_wr_inst.m_ifaces[7].trans_count_reg[2]$_SDFFE_PP0P_/D
127	0.0318	axi_crossbar_inst.axi_crossbar_rd_inst.s_ifaces[I].addr_inst.thread_count_reg[J][K]	axi_crossbar_inst.axi_crossbar_rd_inst.s_ifaces[I].addr_inst.thread_id_reg[J][K]	axi_crossbar_inst.axi_crossbar_rd_inst.s_ifaces[2].addr_inst.thread_count_reg[1][1]$_SDFFE_PP0P_/Q	axi_crossbar_inst.axi_crossbar_rd_inst.s_ifaces[2].addr_inst.thread_id_reg[1][0]$_DFFE_PP_/D
128	0.0318	axi_crossbar_inst.axi_crossbar_rd_inst.s_ifaces[I].addr_inst.thread_count_reg[J][K]	axi_crossbar_inst.axi_crossbar_rd_inst.s_ifaces[I].addr_inst.thread_m_reg[J][K]	axi_crossbar_inst.axi_crossbar_rd_inst.s_ifaces[2].addr_inst.thread_count_reg[1][1]$_SDFFE_PP0P_/Q	axi_crossbar_inst.axi_crossbar_rd_inst.s_ifaces[2].addr_inst.thread_m_reg[1][0]$_DFFE_PP_/D
129	0.0338	axi_crossbar_inst.axi_crossbar_wr_inst.s_ifaces[I].w_select_valid_reg	axi_crossbar_inst.axi_crossbar_wr_inst.m_ifaces[I].a_arb_inst.grant_reg[J]	axi_crossbar_inst.axi_crossbar_wr_inst.s_ifaces[7].w_select_valid_reg$_SDFF_PP0_/Q	axi_crossbar_inst.axi_crossbar_wr_inst.m_ifaces[5].a_arb_inst.grant_reg[1]$_SDFFE_PP0P_/D
130	0.0342	axi_crossbar_inst.axi_crossbar_wr_inst.s_ifaces[I].b_arb_inst.grant_encoded_reg[J]	axi_crossbar_inst.axi_crossbar_wr_inst.m_ifaces[I].a_arb_inst.grant_reg[J]	axi_crossbar_inst.axi_crossbar_wr_inst.s_ifaces[5].b_arb_inst.grant_encoded_reg[3]$_SDFFE_PP0P_/Q	axi_crossbar_inst.axi_crossbar_wr_inst.m_ifaces[5].a_arb_inst.grant_reg[1]$_SDFFE_PP0P_/D
131	0.0363	mI_axi_bvalid	axi_crossbar_inst.axi_crossbar_wr_inst.s_ifaces[I].addr_inst.s_cpl_valid_reg	m04_axi_bvalid	axi_crossbar_inst.axi_crossbar_wr_inst.s_ifaces[3].addr_inst.s_cpl_valid_reg$_DFF_P_/D
132	0.0372	axi_crossbar_inst.axi_crossbar_wr_inst.m_ifaces[I].a_arb_inst.grant_valid_reg	axi_crossbar_inst.axi_crossbar_wr_inst.m_ifaces[I].a_arb_inst.mask_reg[J]	axi_crossbar_inst.axi_crossbar_wr_inst.m_ifaces[5].a_arb_inst.grant_valid_reg$_SDFFE_PP0P_/Q	axi_crossbar_inst.axi_crossbar_wr_inst.m_ifaces[5].a_arb_inst.mask_reg[0]$_SDFFE_PP0P_/D
133	0.0373	axi_crossbar_inst.axi_crossbar_wr_inst.s_ifaces[I].b_arb_inst.grant_valid_reg	axi_crossbar_inst.axi_crossbar_wr_inst.m_ifaces[I].trans_count_reg[J]	axi_crossbar_inst.axi_crossbar_wr_inst.s_ifaces[7].b_arb_inst.grant_valid_reg$_SDFFE_PP0P_/Q	axi_crossbar_inst.axi_crossbar_wr_inst.m_ifaces[5].trans_count_reg[2]$_SDFFE_PP0P_/D
134	0.0392	sI_axi_wvalid	axi_crossbar_inst.axi_crossbar_wr_inst.m_ifaces[I].reg_inst.genblkJ.temp_m_axi_wvalid_reg	s03_axi_wvalid	axi_crossbar_inst.axi_crossbar_wr_inst.m_ifaces[2].reg_inst.genblk2.temp_m_axi_wvalid_reg$_SDFFE_PP0P_/D
135	0.0394	axi_crossbar_inst.axi_crossbar_wr_inst.s_ifaces[I].addr_inst.thread_count_reg[J][K]	axi_crossbar_inst.axi_crossbar_wr_inst.s_ifaces[I].addr_inst.thread_id_reg[J][K]	axi_crossbar_inst.axi_crossbar_wr_inst.s_ifaces[4].addr_inst.thread_count_reg[0][2]$_SDFFE_PP0P_/Q	axi_crossbar_inst.axi_crossbar_wr_inst.s_ifaces[4].addr_inst.thread_id_reg[1][0]$_DFFE_PP_/D
136	0.0394	axi_crossbar_inst.axi_crossbar_wr_inst.s_ifaces[I].addr_inst.thread_count_reg[J][K]	axi_crossbar_inst.axi_crossbar_wr_inst.s_ifaces[I].addr_inst.thread_m_reg[J][K]	axi_crossbar_inst.axi_crossbar_wr_inst.s_ifaces[4].addr_inst.thread_count_reg[0][2]$_SDFFE_PP0P_/Q	axi_crossbar_inst.axi_crossbar_wr_inst.s_ifaces[4].addr_inst.thread_m_reg[1][0]$_DFFE_PP_/D
137	0.0395	axi_crossbar_inst.axi_crossbar_wr_inst.s_ifaces[I].b_arb_inst.grant_encoded_reg[J]	mI_axi_bready	axi_crossbar_inst.axi_crossbar_wr_inst.s_ifaces[1].b_arb_inst.grant_encoded_reg[1]$_SDFFE_PP0P_/Q	m07_axi_bready
138	0.0403	axi_crossbar_inst.axi_crossbar_wr_inst.s_ifaces[I].reg_inst.genblkJ.genblkK.m_axi_bready_reg	mI_axi_bready	axi_crossbar_inst.axi_crossbar_wr_inst.s_ifaces[2].reg_inst.genblk3.genblk1.m_axi_bready_reg$_SDFF_PP0_/Q	m07_axi_bready
139	0.0406	axi_crossbar_inst.axi_crossbar_wr_inst.s_ifaces[I].w_select_reg[J]	axi_crossbar_inst.axi_crossbar_wr_inst.m_ifaces[I].a_arb_inst.grant_reg[J]	axi_crossbar_inst.axi_crossbar_wr_inst.s_ifaces[3].w_select_reg[2]$_DFFE_PP_/Q	axi_crossbar_inst.axi_crossbar_wr_inst.m_ifaces[5].a_arb_inst.grant_reg[1]$_SDFFE_PP0P_/D
140	0.0426	axi_crossbar_inst.axi_crossbar_wr_inst.s_ifaces[I].addr_inst.s_axi_aid_reg[J]	axi_crossbar_inst.axi_crossbar_wr_inst.s_ifaces[I].addr_inst.thread_id_reg[J][K]	axi_crossbar_inst.axi_crossbar_wr_inst.s_ifaces[7].addr_inst.s_axi_aid_reg[5]$_DFFE_PP_/Q	axi_crossbar_inst.axi_crossbar_wr_inst.s_ifaces[7].addr_inst.thread_id_reg[1][0]$_DFFE_PP_/D
141	0.0426	axi_crossbar_inst.axi_crossbar_wr_inst.s_ifaces[I].addr_inst.s_axi_aid_reg[J]	axi_crossbar_inst.axi_crossbar_wr_inst.s_ifaces[I].addr_inst.thread_m_reg[J][K]	axi_crossbar_inst.axi_crossbar_wr_inst.s_ifaces[7].addr_inst.s_axi_aid_reg[5]$_DFFE_PP_/Q	axi_crossbar_inst.axi_crossbar_wr_inst.s_ifaces[7].addr_inst.thread_m_reg[1][0]$_DFFE_PP_/D
142	0.0437	axi_crossbar_inst.axi_crossbar_wr_inst.s_ifaces[I].addr_inst.s_cpl_id_reg[J]	axi_crossbar_inst.axi_crossbar_wr_inst.s_ifaces[I].addr_inst.thread_count_reg[J][K]	axi_crossbar_inst.axi_crossbar_wr_inst.s_ifaces[4].addr_inst.s_cpl_id_reg[2]$_DFF_P_/Q	axi_crossbar_inst.axi_crossbar_wr_inst.s_ifaces[4].addr_inst.thread_count_reg[0][4]$_SDFFE_PP0P_/D
143	0.0437	axi_crossbar_inst.axi_crossbar_rd_inst.s_ifaces[I].addr_inst.s_cpl_id_reg[J]	axi_crossbar_inst.axi_crossbar_rd_inst.s_ifaces[I].addr_inst.thread_count_reg[J][K]	axi_crossbar_inst.axi_crossbar_rd_inst.s_ifaces[0].addr_inst.s_cpl_id_reg[3]$_DFF_P_/Q	axi_crossbar_inst.axi_crossbar_rd_inst.s_ifaces[0].addr_inst.thread_count_reg[0][4]$_SDFFE_PP0P_/D
144	0.0438	axi_crossbar_inst.axi_crossbar_wr_inst.m_ifaces[I].w_select_reg[J]	axi_crossbar_inst.axi_crossbar_wr_inst.m_ifaces[I].a_arb_inst.grant_reg[J]	axi_crossbar_inst.axi_crossbar_wr_inst.m_ifaces[5].w_select_reg[2]$_DFFE_PP_/Q	axi_crossbar_inst.axi_crossbar_wr_inst.m_ifaces[5].a_arb_inst.grant_reg[1]$_SDFFE_PP0P_/D
145	0.0440	axi_crossbar_inst.axi_crossbar_rd_inst.s_ifaces[I].r_arb_inst.grant_encoded_reg[J]	mI_axi_rready	axi_crossbar_inst.axi_crossbar_rd_inst.s_ifaces[1].r_arb_inst.grant_encoded_reg[1]$_SDFFE_PP0P_/Q	m04_axi_rready
146	0.0500	sI_axi_wvalid	axi_crossbar_inst.axi_crossbar_wr_inst.m_ifaces[I].reg_inst.genblkJ.s_axi_wready_reg	s00_axi_wvalid	axi_crossbar_inst.axi_crossbar_wr_inst.m_ifaces[6].reg_inst.genblk2.s_axi_wready_reg$_SDFF_PP0_/D
147	0.0511	mI_axi_rid[J]	axi_crossbar_inst.axi_crossbar_rd_inst.s_ifaces[I].reg_inst.genblkJ.s_axi_rid_reg[K]	m03_axi_rid[0]	axi_crossbar_inst.axi_crossbar_rd_inst.s_ifaces[2].reg_inst.genblk2.s_axi_rid_reg[0]$_DFFE_PP_/D
148	0.0512	sI_axi_wvalid	axi_crossbar_inst.axi_crossbar_wr_inst.m_ifaces[I].reg_inst.genblkJ.m_axi_wvalid_reg	s07_axi_wvalid	axi_crossbar_inst.axi_crossbar_wr_inst.m_ifaces[0].reg_inst.genblk2.m_axi_wvalid_reg$_SDFFE_PP0P_/D
149	0.0512	axi_crossbar_inst.axi_crossbar_wr_inst.m_ifaces[I].reg_inst.genblkJ.s_axi_wready_reg	sI_axi_wready	axi_crossbar_inst.axi_crossbar_wr_inst.m_ifaces[2].reg_inst.genblk2.s_axi_wready_reg$_SDFF_PP0_/Q	s04_axi_wready
150	0.0515	axi_crossbar_inst.axi_crossbar_rd_inst.s_ifaces[I].addr_inst.thread_id_reg[J][K]	axi_crossbar_inst.axi_crossbar_rd_inst.s_ifaces[I].addr_inst.thread_id_reg[J][K]	axi_crossbar_inst.axi_crossbar_rd_inst.s_ifaces[1].addr_inst.thread_id_reg[1][6]$_DFFE_PP_/Q	axi_crossbar_inst.axi_crossbar_rd_inst.s_ifaces[1].addr_inst.thread_id_reg[1][0]$_DFFE_PP_/D
151	0.0515	axi_crossbar_inst.axi_crossbar_rd_inst.s_ifaces[I].addr_inst.thread_id_reg[J][K]	axi_crossbar_inst.axi_crossbar_rd_inst.s_ifaces[I].addr_inst.thread_m_reg[J][K]	axi_crossbar_inst.axi_crossbar_rd_inst.s_ifaces[1].addr_inst.thread_id_reg[1][6]$_DFFE_PP_/Q	axi_crossbar_inst.axi_crossbar_rd_inst.s_ifaces[1].addr_inst.thread_m_reg[1][0]$_DFFE_PP_/D
152	0.0515	axi_crossbar_inst.axi_crossbar_wr_inst.s_ifaces[I].b_arb_inst.grant_valid_reg	mI_axi_bready	axi_crossbar_inst.axi_crossbar_wr_inst.s_ifaces[2].b_arb_inst.grant_valid_reg$_SDFFE_PP0P_/Q	m07_axi_bready
153	0.0529	axi_crossbar_inst.axi_crossbar_wr_inst.s_ifaces[I].addr_inst.s_cpl_valid_reg	axi_crossbar_inst.axi_crossbar_wr_inst.s_ifaces[I].addr_inst.thread_count_reg[J][K]	axi_crossbar_inst.axi_crossbar_wr_inst.s_ifaces[0].addr_inst.s_cpl_valid_reg$_DFF_P_/QN	axi_crossbar_inst.axi_crossbar_wr_inst.s_ifaces[0].addr_inst.thread_count_reg[0][4]$_SDFFE_PP0P_/D
154	0.0558	axi_crossbar_inst.axi_crossbar_rd_inst.s_ifaces[I].r_arb_inst.grant_encoded_reg[J]	axi_crossbar_inst.axi_crossbar_rd_inst.s_ifaces[I].reg_inst.genblkJ.s_axi_rid_reg[K]	axi_crossbar_inst.axi_crossbar_rd_inst.s_ifaces[2].r_arb_inst.grant_encoded_reg[1]$_SDFFE_PP0P_/Q	axi_crossbar_inst.axi_crossbar_rd_inst.s_ifaces[2].reg_inst.genblk2.s_axi_rid_reg[0]$_DFFE_PP_/D
155	0.0562	axi_crossbar_inst.axi_crossbar_rd_inst.s_ifaces[I].reg_inst.genblkJ.m_axi_rready_reg	mI_axi_rready	axi_crossbar_inst.axi_crossbar_rd_inst.s_ifaces[6].reg_inst.genblk2.m_axi_rready_reg$_SDFF_PP0_/Q	m06_axi_rready
156	0.0564	axi_crossbar_inst.axi_crossbar_wr_inst.s_ifaces[I].w_select_reg[J]	sI_axi_wready	axi_crossbar_inst.axi_crossbar_wr_inst.s_ifaces[4].w_select_reg[0]$_DFFE_PP_/Q	s04_axi_wready
157	0.0580	axi_crossbar_inst.axi_crossbar_rd_inst.s_ifaces[I].addr_inst.s_cpl_valid_reg	axi_crossbar_inst.axi_crossbar_rd_inst.s_ifaces[I].addr_inst.thread_count_reg[J][K]	axi_crossbar_inst.axi_crossbar_rd_inst.s_ifaces[6].addr_inst.s_cpl_valid_reg$_DFF_P_/QN	axi_crossbar_inst.axi_crossbar_rd_inst.s_ifaces[6].addr_inst.thread_count_reg[0][4]$_SDFFE_PP0P_/D
158	0.0606	mI_axi_rresp[J]	axi_crossbar_inst.axi_crossbar_rd_inst.s_ifaces[I].reg_inst.genblkJ.s_axi_rresp_reg[K]	m03_axi_rresp[0]	axi_crossbar_inst.axi_crossbar_rd_inst.s_ifaces[3].reg_inst.genblk2.s_axi_rresp_reg[0]$_DFFE_PP_/D
159	0.0630	axi_crossbar_inst.axi_crossbar_rd_inst.s_ifaces[I].addr_inst.m_select_reg[J]	axi_crossbar_inst.axi_crossbar_rd_inst.m_ifaces[I].a_arb_inst.grant_reg[J]	axi_crossbar_inst.axi_crossbar_rd_inst.s_ifaces[2].addr_inst.m_select_reg[1]$_DFF_P_/Q	axi_crossbar_inst.axi_crossbar_rd_inst.m_ifaces[3].a_arb_inst.grant_reg[7]$_SDFFE_PP0P_/D
160	0.0636	axi_crossbar_inst.axi_crossbar_rd_inst.s_ifaces[I].r_arb_inst.grant_encoded_reg[J]	axi_crossbar_inst.axi_crossbar_rd_inst.s_ifaces[I].r_arb_inst.mask_reg[J]	axi_crossbar_inst.axi_crossbar_rd_inst.s_ifaces[5].r_arb_inst.grant_encoded_reg[1]$_SDFFE_PP0P_/Q	axi_crossbar_inst.axi_crossbar_rd_inst.s_ifaces[5].r_arb_inst.mask_reg[6]$_SDFFE_PP0P_/D
161	0.0653	axi_crossbar_inst.axi_crossbar_rd_inst.s_ifaces[I].r_arb_inst.grant_valid_reg	mI_axi_rready	axi_crossbar_inst.axi_crossbar_rd_inst.s_ifaces[2].r_arb_inst.grant_valid_reg$_SDFFE_PP0P_/Q	m05_axi_rready
162	0.0665	axi_crossbar_inst.axi_crossbar_wr_inst.s_ifaces[I].addr_inst.m_select_reg[J]	axi_crossbar_inst.axi_crossbar_wr_inst.m_ifaces[I].a_arb_inst.grant_reg[J]	axi_crossbar_inst.axi_crossbar_wr_inst.s_ifaces[5].addr_inst.m_select_reg[0]$_DFF_P_/Q	axi_crossbar_inst.axi_crossbar_wr_inst.m_ifaces[5].a_arb_inst.grant_reg[1]$_SDFFE_PP0P_/D
163	0.0667	axi_crossbar_inst.axi_crossbar_rd_inst.s_ifaces[I].addr_inst.m_select_reg[J]	axi_crossbar_inst.axi_crossbar_rd_inst.m_ifaces[I].a_arb_inst.grant_encoded_reg[J]	axi_crossbar_inst.axi_crossbar_rd_inst.s_ifaces[2].addr_inst.m_select_reg[1]$_DFF_P_/Q	axi_crossbar_inst.axi_crossbar_rd_inst.m_ifaces[3].a_arb_inst.grant_encoded_reg[1]$_SDFFE_PP0P_/D
164	0.0673	axi_crossbar_inst.axi_crossbar_wr_inst.m_ifaces[I].w_select_new_reg	axi_crossbar_inst.axi_crossbar_wr_inst.m_ifaces[I].a_arb_inst.mask_reg[J]	axi_crossbar_inst.axi_crossbar_wr_inst.m_ifaces[5].w_select_new_reg$_SDFF_PP1_/Q	axi_crossbar_inst.axi_crossbar_wr_inst.m_ifaces[5].a_arb_inst.mask_reg[0]$_SDFFE_PP0P_/D
165	0.0678	mI_axi_rlast	axi_crossbar_inst.axi_crossbar_rd_inst.s_ifaces[I].reg_inst.genblkJ.temp_s_axi_rlast_reg	m03_axi_rlast	axi_crossbar_inst.axi_crossbar_rd_inst.s_ifaces[6].reg_inst.genblk2.temp_s_axi_rlast_reg$_DFFE_PP_/D
166	0.0686	axi_crossbar_inst.axi_crossbar_rd_inst.s_ifaces[I].addr_inst.m_axi_avalid_reg	axi_crossbar_inst.axi_crossbar_rd_inst.m_ifaces[I].a_arb_inst.grant_encoded_reg[J]	axi_crossbar_inst.axi_crossbar_rd_inst.s_ifaces[2].addr_inst.m_axi_avalid_reg$_SDFF_PP0_/Q	axi_crossbar_inst.axi_crossbar_rd_inst.m_ifaces[6].a_arb_inst.grant_encoded_reg[0]$_SDFFE_PP0P_/D
167	0.0689	axi_crossbar_inst.axi_crossbar_rd_inst.s_ifaces[I].addr_inst.m_axi_avalid_reg	axi_crossbar_inst.axi_crossbar_rd_inst.m_ifaces[I].a_arb_inst.grant_reg[J]	axi_crossbar_inst.axi_crossbar_rd_inst.s_ifaces[2].addr_inst.m_axi_avalid_reg$_SDFF_PP0_/Q	axi_crossbar_inst.axi_crossbar_rd_inst.m_ifaces[6].a_arb_inst.grant_reg[3]$_SDFFE_PP0P_/D
168	0.0696	axi_crossbar_inst.axi_crossbar_rd_inst.s_ifaces[I].r_arb_inst.grant_encoded_reg[J]	axi_crossbar_inst.axi_crossbar_rd_inst.m_ifaces[I].a_arb_inst.grant_reg[J]	axi_crossbar_inst.axi_crossbar_rd_inst.s_ifaces[1].r_arb_inst.grant_encoded_reg[1]$_SDFFE_PP0P_/Q	axi_crossbar_inst.axi_crossbar_rd_inst.m_ifaces[4].a_arb_inst.grant_reg[4]$_SDFFE_PP0P_/D
169	0.0700	axi_crossbar_inst.axi_crossbar_rd_inst.s_ifaces[I].r_arb_inst.grant_encoded_reg[J]	axi_crossbar_inst.axi_crossbar_rd_inst.s_ifaces[I].reg_inst.genblkJ.temp_s_axi_rdata_reg[K]	axi_crossbar_inst.axi_crossbar_rd_inst.s_ifaces[2].r_arb_inst.grant_encoded_reg[1]$_SDFFE_PP0P_/Q	axi_crossbar_inst.axi_crossbar_rd_inst.s_ifaces[2].reg_inst.genblk2.temp_s_axi_rdata_reg[10]$_DFFE_PP_/D
170	0.0709	axi_crossbar_inst.axi_crossbar_wr_inst.m_ifaces[I].w_select_valid_reg	sI_axi_wready	axi_crossbar_inst.axi_crossbar_wr_inst.m_ifaces[5].w_select_valid_reg$_SDFF_PP0_/Q	s00_axi_wready
171	0.0712	sI_axi_araddr[J]	axi_crossbar_inst.axi_crossbar_rd_inst.s_ifaces[I].addr_inst.thread_m_reg[J][K]	s00_axi_araddr[27]	axi_crossbar_inst.axi_crossbar_rd_inst.s_ifaces[0].addr_inst.thread_m_reg[0][0]$_DFFE_PP_/D
172	0.0712	sI_axi_awaddr[J]	axi_crossbar_inst.axi_crossbar_wr_inst.s_ifaces[I].addr_inst.thread_m_reg[J][K]	s00_axi_awaddr[29]	axi_crossbar_inst.axi_crossbar_wr_inst.s_ifaces[0].addr_inst.thread_m_reg[0][1]$_DFFE_PP_/D
173	0.0716	axi_crossbar_inst.axi_crossbar_rd_inst.s_ifaces[I].reg_inst.genblkJ.m_axi_rready_reg	axi_crossbar_inst.axi_crossbar_rd_inst.m_ifaces[I].a_arb_inst.grant_reg[J]	axi_crossbar_inst.axi_crossbar_rd_inst.s_ifaces[7].reg_inst.genblk2.m_axi_rready_reg$_SDFF_PP0_/Q	axi_crossbar_inst.axi_crossbar_rd_inst.m_ifaces[3].a_arb_inst.grant_reg[7]$_SDFFE_PP0P_/D
174	0.0718	axi_crossbar_inst.axi_crossbar_wr_inst.s_ifaces[I].w_drop_reg	axi_crossbar_inst.axi_crossbar_wr_inst.m_ifaces[I].a_arb_inst.grant_reg[J]	axi_crossbar_inst.axi_crossbar_wr_inst.s_ifaces[7].w_drop_reg$_DFF_P_/QN	axi_crossbar_inst.axi_crossbar_wr_inst.m_ifaces[5].a_arb_inst.grant_reg[1]$_SDFFE_PP0P_/D
175	0.0720	sI_axi_wlast	axi_crossbar_inst.axi_crossbar_wr_inst.m_ifaces[I].reg_inst.genblkJ.m_axi_wlast_reg	s07_axi_wlast	axi_crossbar_inst.axi_crossbar_wr_inst.m_ifaces[7].reg_inst.genblk2.m_axi_wlast_reg$_DFFE_PP_/D
176	0.0730	axi_crossbar_inst.axi_crossbar_rd_inst.s_ifaces[I].r_arb_inst.grant_encoded_reg[J]	axi_crossbar_inst.axi_crossbar_rd_inst.s_ifaces[I].r_arb_inst.grant_reg[J]	axi_crossbar_inst.axi_crossbar_rd_inst.s_ifaces[5].r_arb_inst.grant_encoded_reg[1]$_SDFFE_PP0P_/Q	axi_crossbar_inst.axi_crossbar_rd_inst.s_ifaces[5].r_arb_inst.grant_reg[6]$_SDFFE_PP0P_/D
177	0.0747	axi_crossbar_inst.axi_crossbar_rd_inst.s_ifaces[I].r_arb_inst.grant_encoded_reg[J]	axi_crossbar_inst.axi_crossbar_rd_inst.s_ifaces[I].r_arb_inst.grant_encoded_reg[J]	axi_crossbar_inst.axi_crossbar_rd_inst.s_ifaces[5].r_arb_inst.grant_encoded_reg[1]$_SDFFE_PP0P_/Q	axi_crossbar_inst.axi_crossbar_rd_inst.s_ifaces[5].r_arb_inst.grant_encoded_reg[2]$_SDFFE_PP0P_/D
178	0.0750	axi_crossbar_inst.axi_crossbar_wr_inst.s_ifaces[I].addr_inst.thread_id_reg[J][K]	axi_crossbar_inst.axi_crossbar_wr_inst.s_ifaces[I].addr_inst.thread_id_reg[J][K]	axi_crossbar_inst.axi_crossbar_wr_inst.s_ifaces[7].addr_inst.thread_id_reg[0][5]$_DFFE_PP_/Q	axi_crossbar_inst.axi_crossbar_wr_inst.s_ifaces[7].addr_inst.thread_id_reg[1][0]$_DFFE_PP_/D
179	0.0750	axi_crossbar_inst.axi_crossbar_wr_inst.s_ifaces[I].addr_inst.thread_id_reg[J][K]	axi_crossbar_inst.axi_crossbar_wr_inst.s_ifaces[I].addr_inst.thread_m_reg[J][K]	axi_crossbar_inst.axi_crossbar_wr_inst.s_ifaces[7].addr_inst.thread_id_reg[0][5]$_DFFE_PP_/Q	axi_crossbar_inst.axi_crossbar_wr_inst.s_ifaces[7].addr_inst.thread_m_reg[1][0]$_DFFE_PP_/D
180	0.0758	axi_crossbar_inst.axi_crossbar_wr_inst.s_ifaces[I].addr_inst.m_axi_avalid_reg	axi_crossbar_inst.axi_crossbar_wr_inst.m_ifaces[I].a_arb_inst.grant_reg[J]	axi_crossbar_inst.axi_crossbar_wr_inst.s_ifaces[3].addr_inst.m_axi_avalid_reg$_SDFF_PP0_/Q	axi_crossbar_inst.axi_crossbar_wr_inst.m_ifaces[5].a_arb_inst.grant_reg[1]$_SDFFE_PP0P_/D
181	0.0772	axi_crossbar_inst.axi_crossbar_rd_inst.s_ifaces[I].addr_inst.state_reg[J]	axi_crossbar_inst.axi_crossbar_rd_inst.s_ifaces[I].addr_inst.trans_count_reg[J]	axi_crossbar_inst.axi_crossbar_rd_inst.s_ifaces[2].addr_inst.state_reg[0]$_SDFF_PP0_/Q	axi_crossbar_inst.axi_crossbar_rd_inst.s_ifaces[2].addr_inst.trans_count_reg[4]$_SDFFE_PP0P_/D
182	0.0772	axi_crossbar_inst.axi_crossbar_wr_inst.m_ifaces[I].w_select_reg[J]	axi_crossbar_inst.axi_crossbar_wr_inst.m_ifaces[I].a_arb_inst.grant_encoded_reg[J]	axi_crossbar_inst.axi_crossbar_wr_inst.m_ifaces[6].w_select_reg[1]$_DFFE_PP_/Q	axi_crossbar_inst.axi_crossbar_wr_inst.m_ifaces[6].a_arb_inst.grant_encoded_reg[0]$_SDFFE_PP0P_/D
183	0.0778	axi_crossbar_inst.axi_crossbar_rd_inst.s_ifaces[I].reg_inst.genblkJ.m_axi_rready_reg	axi_crossbar_inst.axi_crossbar_rd_inst.m_ifaces[I].a_arb_inst.grant_encoded_reg[J]	axi_crossbar_inst.axi_crossbar_rd_inst.s_ifaces[7].reg_inst.genblk2.m_axi_rready_reg$_SDFF_PP0_/Q	axi_crossbar_inst.axi_crossbar_rd_inst.m_ifaces[3].a_arb_inst.grant_encoded_reg[0]$_SDFFE_PP0P_/D
184	0.0782	axi_crossbar_inst.axi_crossbar_rd_inst.s_ifaces[I].r_arb_inst.grant_encoded_reg[J]	axi_crossbar_inst.axi_crossbar_rd_inst.m_ifaces[I].a_arb_inst.grant_encoded_reg[J]	axi_crossbar_inst.axi_crossbar_rd_inst.s_ifaces[3].r_arb_inst.grant_encoded_reg[1]$_SDFFE_PP0P_/Q	axi_crossbar_inst.axi_crossbar_rd_inst.m_ifaces[3].a_arb_inst.grant_encoded_reg[0]$_SDFFE_PP0P_/D
185	0.0782	axi_crossbar_inst.axi_crossbar_wr_inst.m_ifaces[I].w_select_reg[J]	axi_crossbar_inst.axi_crossbar_wr_inst.m_ifaces[I].reg_inst.genblkJ.m_axi_wdata_reg[K]	axi_crossbar_inst.axi_crossbar_wr_inst.m_ifaces[3].w_select_reg[0]$_DFFE_PP_/Q	axi_crossbar_inst.axi_crossbar_wr_inst.m_ifaces[3].reg_inst.genblk2.m_axi_wdata_reg[26]$_DFFE_PP_/D
186	0.0784	axi_crossbar_inst.axi_crossbar_wr_inst.s_ifaces[I].w_select_reg[J]	axi_crossbar_inst.axi_crossbar_wr_inst.m_ifaces[I].a_arb_inst.grant_encoded_reg[J]	axi_crossbar_inst.axi_crossbar_wr_inst.s_ifaces[0].w_select_reg[2]$_DFFE_PP_/Q	axi_crossbar_inst.axi_crossbar_wr_inst.m_ifaces[6].a_arb_inst.grant_encoded_reg[0]$_SDFFE_PP0P_/D
187	0.0790	mI_axi_rlast	axi_crossbar_inst.axi_crossbar_rd_inst.s_ifaces[I].addr_inst.s_cpl_valid_reg	m03_axi_rlast	axi_crossbar_inst.axi_crossbar_rd_inst.s_ifaces[6].addr_inst.s_cpl_valid_reg$_DFF_P_/D
188	0.0806	mI_axi_bid[J]	axi_crossbar_inst.axi_crossbar_wr_inst.s_ifaces[I].reg_inst.genblkJ.genblkK.s_axi_bid_reg[L]	m03_axi_bid[0]	axi_crossbar_inst.axi_crossbar_wr_inst.s_ifaces[3].reg_inst.genblk3.genblk1.s_axi_bid_reg[0]$_DFFE_PP_/D
189	0.0808	sI_axi_wdata[J]	axi_crossbar_inst.axi_crossbar_wr_inst.m_ifaces[I].reg_inst.genblkJ.m_axi_wdata_reg[K]	s03_axi_wdata[22]	axi_crossbar_inst.axi_crossbar_wr_inst.m_ifaces[2].reg_inst.genblk2.m_axi_wdata_reg[22]$_DFFE_PP_/D
190	0.0810	sI_axi_wstrb[J]	axi_crossbar_inst.axi_crossbar_wr_inst.m_ifaces[I].reg_inst.genblkJ.m_axi_wstrb_reg[K]	s03_axi_wstrb[0]	axi_crossbar_inst.axi_crossbar_wr_inst.m_ifaces[7].reg_inst.genblk2.m_axi_wstrb_reg[0]$_DFFE_PP_/D
191	0.0811	axi_crossbar_inst.axi_crossbar_rd_inst.s_ifaces[I].r_arb_inst.grant_valid_reg	axi_crossbar_inst.axi_crossbar_rd_inst.m_ifaces[I].a_arb_inst.grant_reg[J]	axi_crossbar_inst.axi_crossbar_rd_inst.s_ifaces[3].r_arb_inst.grant_valid_reg$_SDFFE_PP0P_/Q	axi_crossbar_inst.axi_crossbar_rd_inst.m_ifaces[2].a_arb_inst.grant_reg[6]$_SDFFE_PP0P_/D
192	0.0833	axi_crossbar_inst.axi_crossbar_rd_inst.s_ifaces[I].addr_inst.trans_count_reg[J]	axi_crossbar_inst.axi_crossbar_rd_inst.s_ifaces[I].addr_inst.trans_count_reg[J]	axi_crossbar_inst.axi_crossbar_rd_inst.s_ifaces[5].addr_inst.trans_count_reg[4]$_SDFFE_PP0P_/Q	axi_crossbar_inst.axi_crossbar_rd_inst.s_ifaces[5].addr_inst.trans_count_reg[4]$_SDFFE_PP0P_/D
193	0.0835	axi_crossbar_inst.axi_crossbar_wr_inst.s_ifaces[I].addr_inst.m_select_reg[J]	axi_crossbar_inst.axi_crossbar_wr_inst.s_ifaces[I].addr_inst.thread_id_reg[J][K]	axi_crossbar_inst.axi_crossbar_wr_inst.s_ifaces[2].addr_inst.m_select_reg[1]$_DFF_P_/Q	axi_crossbar_inst.axi_crossbar_wr_inst.s_ifaces[2].addr_inst.thread_id_reg[1][0]$_DFFE_PP_/D
194	0.0835	axi_crossbar_inst.axi_crossbar_wr_inst.s_ifaces[I].addr_inst.m_select_reg[J]	axi_crossbar_inst.axi_crossbar_wr_inst.s_ifaces[I].addr_inst.thread_m_reg[J][K]	axi_crossbar_inst.axi_crossbar_wr_inst.s_ifaces[2].addr_inst.m_select_reg[1]$_DFF_P_/Q	axi_crossbar_inst.axi_crossbar_wr_inst.s_ifaces[2].addr_inst.thread_m_reg[1][0]$_DFFE_PP_/D
195	0.0847	axi_crossbar_inst.axi_crossbar_rd_inst.s_ifaces[I].addr_inst.m_select_reg[J]	axi_crossbar_inst.axi_crossbar_rd_inst.s_ifaces[I].addr_inst.thread_id_reg[J][K]	axi_crossbar_inst.axi_crossbar_rd_inst.s_ifaces[6].addr_inst.m_select_reg[0]$_DFF_P_/Q	axi_crossbar_inst.axi_crossbar_rd_inst.s_ifaces[6].addr_inst.thread_id_reg[0][0]$_DFFE_PP_/D
196	0.0847	axi_crossbar_inst.axi_crossbar_rd_inst.s_ifaces[I].addr_inst.m_select_reg[J]	axi_crossbar_inst.axi_crossbar_rd_inst.s_ifaces[I].addr_inst.thread_m_reg[J][K]	axi_crossbar_inst.axi_crossbar_rd_inst.s_ifaces[6].addr_inst.m_select_reg[0]$_DFF_P_/Q	axi_crossbar_inst.axi_crossbar_rd_inst.s_ifaces[6].addr_inst.thread_m_reg[0][0]$_DFFE_PP_/D
197	0.0859	axi_crossbar_inst.axi_crossbar_wr_inst.s_ifaces[I].b_arb_inst.grant_valid_reg	axi_crossbar_inst.axi_crossbar_wr_inst.m_ifaces[I].a_arb_inst.grant_encoded_reg[J]	axi_crossbar_inst.axi_crossbar_wr_inst.s_ifaces[7].b_arb_inst.grant_valid_reg$_SDFFE_PP0P_/Q	axi_crossbar_inst.axi_crossbar_wr_inst.m_ifaces[5].a_arb_inst.grant_encoded_reg[2]$_SDFFE_PP0P_/D
198	0.0865	axi_crossbar_inst.axi_crossbar_wr_inst.s_ifaces[I].addr_inst.m_select_reg[J]	axi_crossbar_inst.axi_crossbar_wr_inst.m_ifaces[I].a_arb_inst.grant_encoded_reg[J]	axi_crossbar_inst.axi_crossbar_wr_inst.s_ifaces[6].addr_inst.m_select_reg[2]$_DFF_P_/Q	axi_crossbar_inst.axi_crossbar_wr_inst.m_ifaces[5].a_arb_inst.grant_encoded_reg[0]$_SDFFE_PP0P_/D
199	0.0873	axi_crossbar_inst.axi_crossbar_wr_inst.s_ifaces[I].reg_inst.genblkJ.genblkK.m_axi_bready_reg	axi_crossbar_inst.axi_crossbar_wr_inst.m_ifaces[I].a_arb_inst.grant_encoded_reg[J]	axi_crossbar_inst.axi_crossbar_wr_inst.s_ifaces[7].reg_inst.genblk3.genblk1.m_axi_bready_reg$_SDFF_PP0_/Q	axi_crossbar_inst.axi_crossbar_wr_inst.m_ifaces[5].a_arb_inst.grant_encoded_reg[2]$_SDFFE_PP0P_/D
200	0.0873	rst	axi_crossbar_inst.axi_crossbar_wr_inst.m_ifaces[I].a_arb_inst.mask_reg[J]	rst	axi_crossbar_inst.axi_crossbar_wr_inst.m_ifaces[3].a_arb_inst.mask_reg[0]$_SDFFE_PP0P_/D
201	0.0873	rst	axi_crossbar_inst.axi_crossbar_rd_inst.s_ifaces[I].r_arb_inst.mask_reg[J]	rst	axi_crossbar_inst.axi_crossbar_rd_inst.s_ifaces[3].r_arb_inst.mask_reg[0]$_SDFFE_PP0P_/D
202	0.0876	axi_crossbar_inst.axi_crossbar_rd_inst.s_ifaces[I].addr_inst.m_decerr_reg	axi_crossbar_inst.axi_crossbar_rd_inst.s_ifaces[I].addr_inst.thread_count_reg[J][K]	axi_crossbar_inst.axi_crossbar_rd_inst.s_ifaces[0].addr_inst.m_decerr_reg$_DFFE_PP_/Q	axi_crossbar_inst.axi_crossbar_rd_inst.s_ifaces[0].addr_inst.thread_count_reg[0][4]$_SDFFE_PP0P_/D
203	0.0878	rst	axi_crossbar_inst.axi_crossbar_wr_inst.m_ifaces[I].a_arb_inst.grant_reg[J]	rst	axi_crossbar_inst.axi_crossbar_wr_inst.m_ifaces[5].a_arb_inst.grant_reg[6]$_SDFFE_PP0P_/D
204	0.0881	axi_crossbar_inst.axi_crossbar_rd_inst.s_ifaces[I].r_arb_inst.grant_encoded_reg[J]	axi_crossbar_inst.axi_crossbar_rd_inst.s_ifaces[I].r_arb_inst.grant_valid_reg	axi_crossbar_inst.axi_crossbar_rd_inst.s_ifaces[1].r_arb_inst.grant_encoded_reg[1]$_SDFFE_PP0P_/Q	axi_crossbar_inst.axi_crossbar_rd_inst.s_ifaces[1].r_arb_inst.grant_valid_reg$_SDFFE_PP0P_/D
205	0.0882	axi_crossbar_inst.axi_crossbar_rd_inst.s_ifaces[I].r_arb_inst.grant_valid_reg	axi_crossbar_inst.axi_crossbar_rd_inst.m_ifaces[I].a_arb_inst.grant_encoded_reg[J]	axi_crossbar_inst.axi_crossbar_rd_inst.s_ifaces[6].r_arb_inst.grant_valid_reg$_SDFFE_PP0P_/Q	axi_crossbar_inst.axi_crossbar_rd_inst.m_ifaces[3].a_arb_inst.grant_encoded_reg[0]$_SDFFE_PP0P_/D
206	0.0887	axi_crossbar_inst.axi_crossbar_wr_inst.s_ifaces[I].b_arb_inst.grant_encoded_reg[J]	axi_crossbar_inst.axi_crossbar_wr_inst.m_ifaces[I].a_arb_inst.grant_encoded_reg[J]	axi_crossbar_inst.axi_crossbar_wr_inst.s_ifaces[1].b_arb_inst.grant_encoded_reg[3]$_SDFFE_PP0P_/Q	axi_crossbar_inst.axi_crossbar_wr_inst.m_ifaces[1].a_arb_inst.grant_encoded_reg[0]$_SDFFE_PP0P_/D
207	0.0896	axi_crossbar_inst.axi_crossbar_rd_inst.s_ifaces[I].r_arb_inst.grant_encoded_reg[J]	axi_crossbar_inst.axi_crossbar_rd_inst.s_ifaces[I].reg_inst.genblkJ.s_axi_rresp_reg[K]	axi_crossbar_inst.axi_crossbar_rd_inst.s_ifaces[7].r_arb_inst.grant_encoded_reg[1]$_SDFFE_PP0P_/Q	axi_crossbar_inst.axi_crossbar_rd_inst.s_ifaces[7].reg_inst.genblk2.s_axi_rresp_reg[1]$_DFFE_PP_/D
208	0.0900	axi_crossbar_inst.axi_crossbar_rd_inst.s_ifaces[I].r_arb_inst.grant_encoded_reg[J]	axi_crossbar_inst.axi_crossbar_rd_inst.s_ifaces[I].reg_inst.genblkJ.s_axi_rdata_reg[K]	axi_crossbar_inst.axi_crossbar_rd_inst.s_ifaces[2].r_arb_inst.grant_encoded_reg[1]$_SDFFE_PP0P_/Q	axi_crossbar_inst.axi_crossbar_rd_inst.s_ifaces[2].reg_inst.genblk2.s_axi_rdata_reg[10]$_DFFE_PP_/D
209	0.0905	axi_crossbar_inst.axi_crossbar_wr_inst.s_ifaces[I].w_select_valid_reg	axi_crossbar_inst.axi_crossbar_wr_inst.m_ifaces[I].a_arb_inst.grant_encoded_reg[J]	axi_crossbar_inst.axi_crossbar_wr_inst.s_ifaces[2].w_select_valid_reg$_SDFF_PP0_/Q	axi_crossbar_inst.axi_crossbar_wr_inst.m_ifaces[6].a_arb_inst.grant_encoded_reg[0]$_SDFFE_PP0P_/D
210	0.0947	mI_axi_rid[J]	axi_crossbar_inst.axi_crossbar_rd_inst.s_ifaces[I].reg_inst.genblkJ.temp_s_axi_rid_reg[K]	m03_axi_rid[0]	axi_crossbar_inst.axi_crossbar_rd_inst.s_ifaces[2].reg_inst.genblk2.temp_s_axi_rid_reg[0]$_DFFE_PP_/D
211	0.0951	axi_crossbar_inst.axi_crossbar_wr_inst.s_ifaces[I].addr_inst.trans_count_reg[J]	axi_crossbar_inst.axi_crossbar_wr_inst.s_ifaces[I].addr_inst.trans_count_reg[J]	axi_crossbar_inst.axi_crossbar_wr_inst.s_ifaces[3].addr_inst.trans_count_reg[4]$_SDFFE_PP0P_/Q	axi_crossbar_inst.axi_crossbar_wr_inst.s_ifaces[3].addr_inst.trans_count_reg[4]$_SDFFE_PP0P_/D
212	0.0952	axi_crossbar_inst.axi_crossbar_rd_inst.s_ifaces[I].r_arb_inst.grant_encoded_reg[J]	axi_crossbar_inst.axi_crossbar_rd_inst.s_ifaces[I].decerr_len_reg[J]	axi_crossbar_inst.axi_crossbar_rd_inst.s_ifaces[2].r_arb_inst.grant_encoded_reg[1]$_SDFFE_PP0P_/Q	axi_crossbar_inst.axi_crossbar_rd_inst.s_ifaces[2].decerr_len_reg[0]$_DFFE_PP_/D
213	0.0952	axi_crossbar_inst.axi_crossbar_wr_inst.m_ifaces[I].w_select_valid_reg	axi_crossbar_inst.axi_crossbar_wr_inst.m_ifaces[I].a_arb_inst.mask_reg[J]	axi_crossbar_inst.axi_crossbar_wr_inst.m_ifaces[5].w_select_valid_reg$_SDFF_PP0_/QN	axi_crossbar_inst.axi_crossbar_wr_inst.m_ifaces[5].a_arb_inst.mask_reg[0]$_SDFFE_PP0P_/D
214	0.0969	axi_crossbar_inst.axi_crossbar_wr_inst.m_ifaces[I].w_select_reg[J]	axi_crossbar_inst.axi_crossbar_wr_inst.m_ifaces[I].reg_inst.genblkJ.m_axi_wstrb_reg[K]	axi_crossbar_inst.axi_crossbar_wr_inst.m_ifaces[3].w_select_reg[0]$_DFFE_PP_/Q	axi_crossbar_inst.axi_crossbar_wr_inst.m_ifaces[3].reg_inst.genblk2.m_axi_wstrb_reg[0]$_DFFE_PP_/D
215	0.0994	axi_crossbar_inst.axi_crossbar_rd_inst.s_ifaces[I].r_arb_inst.grant_encoded_reg[J]	axi_crossbar_inst.axi_crossbar_rd_inst.s_ifaces[I].reg_inst.genblkJ.temp_s_axi_rid_reg[K]	axi_crossbar_inst.axi_crossbar_rd_inst.s_ifaces[2].r_arb_inst.grant_encoded_reg[1]$_SDFFE_PP0P_/Q	axi_crossbar_inst.axi_crossbar_rd_inst.s_ifaces[2].reg_inst.genblk2.temp_s_axi_rid_reg[0]$_DFFE_PP_/D
216	0.0997	axi_crossbar_inst.axi_crossbar_wr_inst.s_ifaces[I].addr_inst.m_axi_avalid_reg	axi_crossbar_inst.axi_crossbar_wr_inst.m_ifaces[I].a_arb_inst.grant_encoded_reg[J]	axi_crossbar_inst.axi_crossbar_wr_inst.s_ifaces[0].addr_inst.m_axi_avalid_reg$_SDFF_PP0_/Q	axi_crossbar_inst.axi_crossbar_wr_inst.m_ifaces[4].a_arb_inst.grant_encoded_reg[2]$_SDFFE_PP0P_/D
217	0.1002	axi_crossbar_inst.axi_crossbar_wr_inst.s_ifaces[I].addr_inst.m_decerr_reg	axi_crossbar_inst.axi_crossbar_wr_inst.s_ifaces[I].addr_inst.thread_count_reg[J][K]	axi_crossbar_inst.axi_crossbar_wr_inst.s_ifaces[7].addr_inst.m_decerr_reg$_DFFE_PP_/Q	axi_crossbar_inst.axi_crossbar_wr_inst.s_ifaces[7].addr_inst.thread_count_reg[1][4]$_SDFFE_PP0P_/D
218	0.1013	axi_crossbar_inst.axi_crossbar_wr_inst.m_ifaces[I].w_select_reg[J]	axi_crossbar_inst.axi_crossbar_wr_inst.m_ifaces[I].reg_inst.genblkJ.temp_m_axi_wdata_reg[K]	axi_crossbar_inst.axi_crossbar_wr_inst.m_ifaces[3].w_select_reg[0]$_DFFE_PP_/Q	axi_crossbar_inst.axi_crossbar_wr_inst.m_ifaces[3].reg_inst.genblk2.temp_m_axi_wdata_reg[26]$_DFFE_PP_/D
219	0.1017	axi_crossbar_inst.axi_crossbar_wr_inst.s_ifaces[I].addr_inst.state_reg[J]	axi_crossbar_inst.axi_crossbar_wr_inst.s_ifaces[I].addr_inst.trans_count_reg[J]	axi_crossbar_inst.axi_crossbar_wr_inst.s_ifaces[2].addr_inst.state_reg[0]$_SDFF_PP0_/Q	axi_crossbar_inst.axi_crossbar_wr_inst.s_ifaces[2].addr_inst.trans_count_reg[4]$_SDFFE_PP0P_/D
220	0.1052	rst	axi_crossbar_inst.axi_crossbar_rd_inst.m_ifaces[I].a_arb_inst.grant_encoded_reg[J]	rst	axi_crossbar_inst.axi_crossbar_rd_inst.m_ifaces[0].a_arb_inst.grant_encoded_reg[0]$_SDFFE_PP0P_/D
221	0.1052	rst	axi_crossbar_inst.axi_crossbar_rd_inst.m_ifaces[I].a_arb_inst.grant_reg[J]	rst	axi_crossbar_inst.axi_crossbar_rd_inst.m_ifaces[0].a_arb_inst.grant_reg[0]$_SDFFE_PP0P_/D
222	0.1052	rst	axi_crossbar_inst.axi_crossbar_wr_inst.m_ifaces[I].a_arb_inst.grant_encoded_reg[J]	rst	axi_crossbar_inst.axi_crossbar_wr_inst.m_ifaces[0].a_arb_inst.grant_encoded_reg[0]$_SDFFE_PP0P_/D
223	0.1052	rst	axi_crossbar_inst.axi_crossbar_wr_inst.s_ifaces[I].b_arb_inst.grant_encoded_reg[J]	rst	axi_crossbar_inst.axi_crossbar_wr_inst.s_ifaces[5].b_arb_inst.grant_encoded_reg[0]$_SDFFE_PP0P_/D
224	0.1052	rst	axi_crossbar_inst.axi_crossbar_wr_inst.s_ifaces[I].b_arb_inst.grant_reg[J]	rst	axi_crossbar_inst.axi_crossbar_wr_inst.s_ifaces[5].b_arb_inst.grant_reg[3]$_SDFFE_PP0P_/D
225	0.1068	rst	axi_crossbar_inst.axi_crossbar_wr_inst.s_ifaces[I].b_arb_inst.mask_reg[J]	rst	axi_crossbar_inst.axi_crossbar_wr_inst.s_ifaces[3].b_arb_inst.mask_reg[0]$_SDFFE_PP0P_/D
226	0.1070	rst	axi_crossbar_inst.axi_crossbar_wr_inst.m_ifaces[I].w_select_valid_reg	rst	axi_crossbar_inst.axi_crossbar_wr_inst.m_ifaces[2].w_select_valid_reg$_SDFF_PP0_/D
227	0.1072	rst	axi_crossbar_inst.axi_crossbar_rd_inst.m_ifaces[I].a_arb_inst.mask_reg[J]	rst	axi_crossbar_inst.axi_crossbar_rd_inst.m_ifaces[4].a_arb_inst.mask_reg[7]$_SDFFE_PP0P_/D
228	0.1072	rst	axi_crossbar_inst.axi_crossbar_rd_inst.s_ifaces[I].reg_inst.genblkJ.temp_s_axi_rvalid_reg	rst	axi_crossbar_inst.axi_crossbar_rd_inst.s_ifaces[0].reg_inst.genblk2.temp_s_axi_rvalid_reg$_SDFFE_PP0P_/D
229	0.1072	rst	axi_crossbar_inst.axi_crossbar_wr_inst.m_ifaces[I].reg_inst.genblkJ.m_axi_wvalid_reg	rst	axi_crossbar_inst.axi_crossbar_wr_inst.m_ifaces[0].reg_inst.genblk2.m_axi_wvalid_reg$_SDFFE_PP0P_/D
230	0.1072	rst	axi_crossbar_inst.axi_crossbar_wr_inst.m_ifaces[I].reg_inst.genblkJ.temp_m_axi_wvalid_reg	rst	axi_crossbar_inst.axi_crossbar_wr_inst.m_ifaces[2].reg_inst.genblk2.temp_m_axi_wvalid_reg$_SDFFE_PP0P_/D
231	0.1080	sI_axi_wlast	axi_crossbar_inst.axi_crossbar_wr_inst.m_ifaces[I].reg_inst.genblkJ.temp_m_axi_wlast_reg	s07_axi_wlast	axi_crossbar_inst.axi_crossbar_wr_inst.m_ifaces[7].reg_inst.genblk2.temp_m_axi_wlast_reg$_DFFE_PP_/D
232	0.1082	axi_crossbar_inst.axi_crossbar_wr_inst.s_ifaces[I].b_arb_inst.mask_reg[J]	axi_crossbar_inst.axi_crossbar_wr_inst.s_ifaces[I].b_arb_inst.grant_reg[J]	axi_crossbar_inst.axi_crossbar_wr_inst.s_ifaces[6].b_arb_inst.mask_reg[5]$_SDFFE_PP0P_/Q	axi_crossbar_inst.axi_crossbar_wr_inst.s_ifaces[6].b_arb_inst.grant_reg[0]$_SDFFE_PP0P_/D
233	0.1082	mI_axi_rresp[J]	axi_crossbar_inst.axi_crossbar_rd_inst.s_ifaces[I].reg_inst.genblkJ.temp_s_axi_rresp_reg[K]	m03_axi_rresp[1]	axi_crossbar_inst.axi_crossbar_rd_inst.s_ifaces[3].reg_inst.genblk2.temp_s_axi_rresp_reg[1]$_DFFE_PP_/D
234	0.1107	mI_axi_rid[J]	axi_crossbar_inst.axi_crossbar_rd_inst.s_ifaces[I].addr_inst.s_cpl_id_reg[J]	m03_axi_rid[0]	axi_crossbar_inst.axi_crossbar_rd_inst.s_ifaces[2].addr_inst.s_cpl_id_reg[0]$_DFF_P_/D
235	0.1121	rst	axi_crossbar_inst.axi_crossbar_rd_inst.s_ifaces[I].addr_inst.thread_count_reg[J][K]	rst	axi_crossbar_inst.axi_crossbar_rd_inst.s_ifaces[0].addr_inst.thread_count_reg[0][1]$_SDFFE_PP0P_/D
236	0.1121	rst	axi_crossbar_inst.axi_crossbar_rd_inst.s_ifaces[I].r_arb_inst.grant_encoded_reg[J]	rst	axi_crossbar_inst.axi_crossbar_rd_inst.s_ifaces[0].r_arb_inst.grant_encoded_reg[0]$_SDFFE_PP0P_/D
237	0.1121	rst	axi_crossbar_inst.axi_crossbar_rd_inst.s_ifaces[I].r_arb_inst.grant_reg[J]	rst	axi_crossbar_inst.axi_crossbar_rd_inst.s_ifaces[0].r_arb_inst.grant_reg[0]$_SDFFE_PP0P_/D
238	0.1121	rst	axi_crossbar_inst.axi_crossbar_rd_inst.s_ifaces[I].addr_inst.trans_count_reg[J]	rst	axi_crossbar_inst.axi_crossbar_rd_inst.s_ifaces[1].addr_inst.trans_count_reg[1]$_SDFFE_PP0P_/D
239	0.1121	rst	axi_crossbar_inst.axi_crossbar_wr_inst.m_ifaces[I].trans_count_reg[J]	rst	axi_crossbar_inst.axi_crossbar_wr_inst.m_ifaces[1].trans_count_reg[1]$_SDFFE_PP0P_/D
240	0.1121	rst	axi_crossbar_inst.axi_crossbar_wr_inst.s_ifaces[I].addr_inst.thread_count_reg[J][K]	rst	axi_crossbar_inst.axi_crossbar_wr_inst.s_ifaces[0].addr_inst.thread_count_reg[0][1]$_SDFFE_PP0P_/D
241	0.1121	rst	axi_crossbar_inst.axi_crossbar_wr_inst.s_ifaces[I].addr_inst.trans_count_reg[J]	rst	axi_crossbar_inst.axi_crossbar_wr_inst.s_ifaces[0].addr_inst.trans_count_reg[1]$_SDFFE_PP0P_/D
242	0.1133	axi_crossbar_inst.axi_crossbar_wr_inst.s_ifaces[I].reg_inst.genblkJ.genblkK.m_axi_bready_reg	axi_crossbar_inst.axi_crossbar_wr_inst.m_ifaces[I].a_arb_inst.grant_valid_reg	axi_crossbar_inst.axi_crossbar_wr_inst.s_ifaces[1].reg_inst.genblk3.genblk1.m_axi_bready_reg$_SDFF_PP0_/Q	axi_crossbar_inst.axi_crossbar_wr_inst.m_ifaces[2].a_arb_inst.grant_valid_reg$_SDFFE_PP0P_/D
243	0.1140	axi_crossbar_inst.axi_crossbar_wr_inst.s_ifaces[I].w_drop_reg	axi_crossbar_inst.axi_crossbar_wr_inst.m_ifaces[I].a_arb_inst.grant_encoded_reg[J]	axi_crossbar_inst.axi_crossbar_wr_inst.s_ifaces[0].w_drop_reg$_DFF_P_/QN	axi_crossbar_inst.axi_crossbar_wr_inst.m_ifaces[6].a_arb_inst.grant_encoded_reg[0]$_SDFFE_PP0P_/D
244	0.1143	rst	axi_crossbar_inst.axi_crossbar_wr_inst.m_ifaces[I].reg_inst.genblkJ.genblkK.m_axi_awvalid_reg	rst	axi_crossbar_inst.axi_crossbar_wr_inst.m_ifaces[0].reg_inst.genblk1.genblk1.m_axi_awvalid_reg$_SDFF_PP0_/D
245	0.1145	mI_axi_wready	axi_crossbar_inst.axi_crossbar_wr_inst.m_ifaces[I].reg_inst.genblkJ.temp_m_axi_wdata_reg[K]	m06_axi_wready	axi_crossbar_inst.axi_crossbar_wr_inst.m_ifaces[6].reg_inst.genblk2.temp_m_axi_wdata_reg[13]$_DFFE_PP_/D
246	0.1153	axi_crossbar_inst.axi_crossbar_rd_inst.s_ifaces[I].r_arb_inst.grant_encoded_reg[J]	axi_crossbar_inst.axi_crossbar_rd_inst.s_ifaces[I].addr_inst.s_cpl_id_reg[J]	axi_crossbar_inst.axi_crossbar_rd_inst.s_ifaces[2].r_arb_inst.grant_encoded_reg[1]$_SDFFE_PP0P_/Q	axi_crossbar_inst.axi_crossbar_rd_inst.s_ifaces[2].addr_inst.s_cpl_id_reg[0]$_DFF_P_/D
247	0.1154	axi_crossbar_inst.axi_crossbar_wr_inst.s_ifaces[I].b_arb_inst.grant_encoded_reg[J]	axi_crossbar_inst.axi_crossbar_wr_inst.m_ifaces[I].a_arb_inst.grant_valid_reg	axi_crossbar_inst.axi_crossbar_wr_inst.s_ifaces[1].b_arb_inst.grant_encoded_reg[0]$_SDFFE_PP0P_/Q	axi_crossbar_inst.axi_crossbar_wr_inst.m_ifaces[2].a_arb_inst.grant_valid_reg$_SDFFE_PP0P_/D
248	0.1156	axi_crossbar_inst.axi_crossbar_rd_inst.s_ifaces[I].r_arb_inst.grant_encoded_reg[J]	axi_crossbar_inst.axi_crossbar_rd_inst.s_ifaces[I].decerr_m_axi_rlast_reg	axi_crossbar_inst.axi_crossbar_rd_inst.s_ifaces[2].r_arb_inst.grant_encoded_reg[1]$_SDFFE_PP0P_/Q	axi_crossbar_inst.axi_crossbar_rd_inst.s_ifaces[2].decerr_m_axi_rlast_reg$_DFFE_PP_/D
249	0.1162	sI_axi_rready	axi_crossbar_inst.axi_crossbar_rd_inst.s_ifaces[I].reg_inst.genblkJ.temp_s_axi_rdata_reg[K]	s07_axi_rready	axi_crossbar_inst.axi_crossbar_rd_inst.s_ifaces[7].reg_inst.genblk2.temp_s_axi_rdata_reg[10]$_DFFE_PP_/D
250	0.1169	sI_axi_wdata[J]	axi_crossbar_inst.axi_crossbar_wr_inst.m_ifaces[I].reg_inst.genblkJ.temp_m_axi_wdata_reg[K]	s03_axi_wdata[10]	axi_crossbar_inst.axi_crossbar_wr_inst.m_ifaces[1].reg_inst.genblk2.temp_m_axi_wdata_reg[10]$_DFFE_PP_/D
251	0.1169	sI_axi_arlen[J]	axi_crossbar_inst.axi_crossbar_rd_inst.m_ifaces[I].reg_inst.genblkJ.genblkK.m_axi_arlen_reg[L]	s01_axi_arlen[1]	axi_crossbar_inst.axi_crossbar_rd_inst.m_ifaces[0].reg_inst.genblk1.genblk1.m_axi_arlen_reg[1]$_DFFE_PP_/D
252	0.1170	sI_axi_wstrb[J]	axi_crossbar_inst.axi_crossbar_wr_inst.m_ifaces[I].reg_inst.genblkJ.temp_m_axi_wstrb_reg[K]	s03_axi_wstrb[0]	axi_crossbar_inst.axi_crossbar_wr_inst.m_ifaces[0].reg_inst.genblk2.temp_m_axi_wstrb_reg[0]$_DFFE_PP_/D
253	0.1171	rst	axi_crossbar_inst.axi_crossbar_rd_inst.s_ifaces[I].reg_inst.genblkJ.s_axi_rvalid_reg	rst	axi_crossbar_inst.axi_crossbar_rd_inst.s_ifaces[1].reg_inst.genblk2.s_axi_rvalid_reg$_SDFFE_PP0P_/D
254	0.1172	rst	axi_crossbar_inst.axi_crossbar_rd_inst.m_ifaces[I].trans_count_reg[J]	rst	axi_crossbar_inst.axi_crossbar_rd_inst.m_ifaces[0].trans_count_reg[0]$_SDFFE_PP0P_/D
255	0.1172	axi_crossbar_inst.axi_crossbar_wr_inst.s_ifaces[I].b_arb_inst.grant_encoded_reg[J]	axi_crossbar_inst.axi_crossbar_wr_inst.s_ifaces[I].reg_inst.genblkJ.genblkK.s_axi_bresp_reg[L]	axi_crossbar_inst.axi_crossbar_wr_inst.s_ifaces[3].b_arb_inst.grant_encoded_reg[1]$_SDFFE_PP0P_/Q	axi_crossbar_inst.axi_crossbar_wr_inst.s_ifaces[3].reg_inst.genblk3.genblk1.s_axi_bresp_reg[0]$_DFFE_PP_/D
256	0.1177	mI_axi_wready	axi_crossbar_inst.axi_crossbar_wr_inst.m_ifaces[I].reg_inst.genblkJ.m_axi_wdata_reg[K]	m00_axi_wready	axi_crossbar_inst.axi_crossbar_wr_inst.m_ifaces[0].reg_inst.genblk2.m_axi_wdata_reg[10]$_DFFE_PP_/D
257	0.1177	mI_axi_wready	axi_crossbar_inst.axi_crossbar_wr_inst.m_ifaces[I].reg_inst.genblkJ.m_axi_wstrb_reg[K]	m00_axi_wready	axi_crossbar_inst.axi_crossbar_wr_inst.m_ifaces[0].reg_inst.genblk2.m_axi_wstrb_reg[0]$_DFFE_PP_/D
258	0.1185	axi_crossbar_inst.axi_crossbar_wr_inst.m_ifaces[I].reg_inst.genblkJ.s_axi_wready_reg	axi_crossbar_inst.axi_crossbar_wr_inst.m_ifaces[I].a_arb_inst.mask_reg[J]	axi_crossbar_inst.axi_crossbar_wr_inst.m_ifaces[6].reg_inst.genblk2.s_axi_wready_reg$_SDFF_PP0_/Q	axi_crossbar_inst.axi_crossbar_wr_inst.m_ifaces[6].a_arb_inst.mask_reg[0]$_SDFFE_PP0P_/D
259	0.1186	sI_axi_awid[J]	axi_crossbar_inst.axi_crossbar_wr_inst.m_ifaces[I].reg_inst.genblkJ.genblkK.m_axi_awid_reg[L]	s03_axi_awid[0]	axi_crossbar_inst.axi_crossbar_wr_inst.m_ifaces[2].reg_inst.genblk1.genblk1.m_axi_awid_reg[0]$_DFFE_PP_/D
260	0.1187	sI_axi_arid[J]	axi_crossbar_inst.axi_crossbar_rd_inst.m_ifaces[I].reg_inst.genblkJ.genblkK.m_axi_arid_reg[L]	s03_axi_arid[0]	axi_crossbar_inst.axi_crossbar_rd_inst.m_ifaces[1].reg_inst.genblk1.genblk1.m_axi_arid_reg[0]$_DFFE_PP_/D
261	0.1191	sI_axi_awaddr[J]	axi_crossbar_inst.axi_crossbar_wr_inst.m_ifaces[I].reg_inst.genblkJ.genblkK.m_axi_awaddr_reg[L]	s03_axi_awaddr[28]	axi_crossbar_inst.axi_crossbar_wr_inst.m_ifaces[2].reg_inst.genblk1.genblk1.m_axi_awaddr_reg[28]$_DFFE_PP_/D
262	0.1192	sI_axi_araddr[J]	axi_crossbar_inst.axi_crossbar_rd_inst.m_ifaces[I].reg_inst.genblkJ.genblkK.m_axi_araddr_reg[L]	s03_axi_araddr[29]	axi_crossbar_inst.axi_crossbar_rd_inst.m_ifaces[0].reg_inst.genblk1.genblk1.m_axi_araddr_reg[29]$_DFFE_PP_/D
263	0.1197	mI_axi_bresp[J]	axi_crossbar_inst.axi_crossbar_wr_inst.s_ifaces[I].reg_inst.genblkJ.genblkK.s_axi_bresp_reg[L]	m03_axi_bresp[0]	axi_crossbar_inst.axi_crossbar_wr_inst.s_ifaces[5].reg_inst.genblk3.genblk1.s_axi_bresp_reg[0]$_DFFE_PP_/D
264	0.1201	axi_crossbar_inst.axi_crossbar_wr_inst.m_ifaces[I].w_select_reg[J]	axi_crossbar_inst.axi_crossbar_wr_inst.m_ifaces[I].reg_inst.genblkJ.temp_m_axi_wstrb_reg[K]	axi_crossbar_inst.axi_crossbar_wr_inst.m_ifaces[3].w_select_reg[0]$_DFFE_PP_/Q	axi_crossbar_inst.axi_crossbar_wr_inst.m_ifaces[3].reg_inst.genblk2.temp_m_axi_wstrb_reg[0]$_DFFE_PP_/D
265	0.1208	sI_axi_rready	axi_crossbar_inst.axi_crossbar_rd_inst.s_ifaces[I].reg_inst.genblkJ.temp_s_axi_rid_reg[K]	s06_axi_rready	axi_crossbar_inst.axi_crossbar_rd_inst.s_ifaces[6].reg_inst.genblk2.temp_s_axi_rid_reg[1]$_DFFE_PP_/D
266	0.1208	mI_axi_wready	axi_crossbar_inst.axi_crossbar_wr_inst.m_ifaces[I].reg_inst.genblkJ.temp_m_axi_wstrb_reg[K]	m05_axi_wready	axi_crossbar_inst.axi_crossbar_wr_inst.m_ifaces[5].reg_inst.genblk2.temp_m_axi_wstrb_reg[0]$_DFFE_PP_/D
267	0.1219	sI_axi_arburst[J]	axi_crossbar_inst.axi_crossbar_rd_inst.m_ifaces[I].reg_inst.genblkJ.genblkK.m_axi_arburst_reg[L]	s03_axi_arburst[0]	axi_crossbar_inst.axi_crossbar_rd_inst.m_ifaces[0].reg_inst.genblk1.genblk1.m_axi_arburst_reg[0]$_DFFE_PP_/D
268	0.1219	sI_axi_arcache[J]	axi_crossbar_inst.axi_crossbar_rd_inst.m_ifaces[I].reg_inst.genblkJ.genblkK.m_axi_arcache_reg[L]	s03_axi_arcache[0]	axi_crossbar_inst.axi_crossbar_rd_inst.m_ifaces[0].reg_inst.genblk1.genblk1.m_axi_arcache_reg[0]$_DFFE_PP_/D
269	0.1219	sI_axi_arprot[J]	axi_crossbar_inst.axi_crossbar_rd_inst.m_ifaces[I].reg_inst.genblkJ.genblkK.m_axi_arprot_reg[L]	s03_axi_arprot[0]	axi_crossbar_inst.axi_crossbar_rd_inst.m_ifaces[0].reg_inst.genblk1.genblk1.m_axi_arprot_reg[0]$_DFFE_PP_/D
270	0.1219	sI_axi_arqos[J]	axi_crossbar_inst.axi_crossbar_rd_inst.m_ifaces[I].reg_inst.genblkJ.genblkK.m_axi_arqos_reg[L]	s03_axi_arqos[0]	axi_crossbar_inst.axi_crossbar_rd_inst.m_ifaces[0].reg_inst.genblk1.genblk1.m_axi_arqos_reg[0]$_DFFE_PP_/D
271	0.1219	sI_axi_arsize[J]	axi_crossbar_inst.axi_crossbar_rd_inst.m_ifaces[I].reg_inst.genblkJ.genblkK.m_axi_arsize_reg[L]	s03_axi_arsize[1]	axi_crossbar_inst.axi_crossbar_rd_inst.m_ifaces[1].reg_inst.genblk1.genblk1.m_axi_arsize_reg[1]$_DFFE_PP_/D
272	0.1219	sI_axi_awburst[J]	axi_crossbar_inst.axi_crossbar_wr_inst.m_ifaces[I].reg_inst.genblkJ.genblkK.m_axi_awburst_reg[L]	s03_axi_awburst[0]	axi_crossbar_inst.axi_crossbar_wr_inst.m_ifaces[0].reg_inst.genblk1.genblk1.m_axi_awburst_reg[0]$_DFFE_PP_/D
273	0.1219	sI_axi_awcache[J]	axi_crossbar_inst.axi_crossbar_wr_inst.m_ifaces[I].reg_inst.genblkJ.genblkK.m_axi_awcache_reg[L]	s03_axi_awcache[0]	axi_crossbar_inst.axi_crossbar_wr_inst.m_ifaces[0].reg_inst.genblk1.genblk1.m_axi_awcache_reg[0]$_DFFE_PP_/D
274	0.1219	sI_axi_awlen[J]	axi_crossbar_inst.axi_crossbar_wr_inst.m_ifaces[I].reg_inst.genblkJ.genblkK.m_axi_awlen_reg[L]	s03_axi_awlen[0]	axi_crossbar_inst.axi_crossbar_wr_inst.m_ifaces[0].reg_inst.genblk1.genblk1.m_axi_awlen_reg[0]$_DFFE_PP_/D
275	0.1219	sI_axi_awprot[J]	axi_crossbar_inst.axi_crossbar_wr_inst.m_ifaces[I].reg_inst.genblkJ.genblkK.m_axi_awprot_reg[L]	s03_axi_awprot[0]	axi_crossbar_inst.axi_crossbar_wr_inst.m_ifaces[0].reg_inst.genblk1.genblk1.m_axi_awprot_reg[0]$_DFFE_PP_/D
276	0.1219	sI_axi_awqos[J]	axi_crossbar_inst.axi_crossbar_wr_inst.m_ifaces[I].reg_inst.genblkJ.genblkK.m_axi_awqos_reg[L]	s03_axi_awqos[0]	axi_crossbar_inst.axi_crossbar_wr_inst.m_ifaces[0].reg_inst.genblk1.genblk1.m_axi_awqos_reg[0]$_DFFE_PP_/D
277	0.1219	sI_axi_awsize[J]	axi_crossbar_inst.axi_crossbar_wr_inst.m_ifaces[I].reg_inst.genblkJ.genblkK.m_axi_awsize_reg[L]	s03_axi_awsize[0]	axi_crossbar_inst.axi_crossbar_wr_inst.m_ifaces[0].reg_inst.genblk1.genblk1.m_axi_awsize_reg[0]$_DFFE_PP_/D
278	0.1220	sI_axi_arlock	axi_crossbar_inst.axi_crossbar_rd_inst.m_ifaces[I].reg_inst.genblkJ.genblkK.m_axi_arlock_reg	s03_axi_arlock	axi_crossbar_inst.axi_crossbar_rd_inst.m_ifaces[0].reg_inst.genblk1.genblk1.m_axi_arlock_reg$_DFFE_PP_/D
279	0.1220	sI_axi_awlock	axi_crossbar_inst.axi_crossbar_wr_inst.m_ifaces[I].reg_inst.genblkJ.genblkK.m_axi_awlock_reg	s03_axi_awlock	axi_crossbar_inst.axi_crossbar_wr_inst.m_ifaces[0].reg_inst.genblk1.genblk1.m_axi_awlock_reg$_DFFE_PP_/D
280	0.1234	axi_crossbar_inst.axi_crossbar_rd_inst.s_ifaces[I].addr_inst.s_axi_aid_reg[J]	axi_crossbar_inst.axi_crossbar_rd_inst.s_ifaces[I].addr_inst.m_rc_valid_reg	axi_crossbar_inst.axi_crossbar_rd_inst.s_ifaces[3].addr_inst.s_axi_aid_reg[5]$_DFFE_PP_/Q	axi_crossbar_inst.axi_crossbar_rd_inst.s_ifaces[3].addr_inst.m_rc_valid_reg$_SDFF_PP0_/D
281	0.1235	axi_crossbar_inst.axi_crossbar_wr_inst.s_ifaces[I].b_arb_inst.grant_reg[J]	axi_crossbar_inst.axi_crossbar_wr_inst.s_ifaces[I].b_arb_inst.grant_reg[J]	axi_crossbar_inst.axi_crossbar_wr_inst.s_ifaces[6].b_arb_inst.grant_reg[6]$_SDFFE_PP0P_/QN	axi_crossbar_inst.axi_crossbar_wr_inst.s_ifaces[6].b_arb_inst.grant_reg[0]$_SDFFE_PP0P_/D
282	0.1239	axi_crossbar_inst.axi_crossbar_wr_inst.s_ifaces[I].b_arb_inst.grant_valid_reg	axi_crossbar_inst.axi_crossbar_wr_inst.m_ifaces[I].a_arb_inst.grant_valid_reg	axi_crossbar_inst.axi_crossbar_wr_inst.s_ifaces[7].b_arb_inst.grant_valid_reg$_SDFFE_PP0P_/Q	axi_crossbar_inst.axi_crossbar_wr_inst.m_ifaces[2].a_arb_inst.grant_valid_reg$_SDFFE_PP0P_/D
283	0.1241	axi_crossbar_inst.axi_crossbar_wr_inst.m_ifaces[I].a_arb_inst.grant_encoded_reg[J]	axi_crossbar_inst.axi_crossbar_wr_inst.m_ifaces[I].reg_inst.genblkJ.genblkK.m_axi_awaddr_reg[L]	axi_crossbar_inst.axi_crossbar_wr_inst.m_ifaces[4].a_arb_inst.grant_encoded_reg[1]$_SDFFE_PP0P_/Q	axi_crossbar_inst.axi_crossbar_wr_inst.m_ifaces[4].reg_inst.genblk1.genblk1.m_axi_awaddr_reg[16]$_DFFE_PP_/D
284	0.1242	axi_crossbar_inst.axi_crossbar_wr_inst.m_ifaces[I].a_arb_inst.grant_encoded_reg[J]	axi_crossbar_inst.axi_crossbar_wr_inst.m_ifaces[I].reg_inst.genblkJ.genblkK.m_axi_awid_reg[L]	axi_crossbar_inst.axi_crossbar_wr_inst.m_ifaces[4].a_arb_inst.grant_encoded_reg[1]$_SDFFE_PP0P_/Q	axi_crossbar_inst.axi_crossbar_wr_inst.m_ifaces[4].reg_inst.genblk1.genblk1.m_axi_awid_reg[0]$_DFFE_PP_/D
285	0.1257	axi_crossbar_inst.axi_crossbar_wr_inst.m_ifaces[I].a_arb_inst.grant_encoded_reg[J]	axi_crossbar_inst.axi_crossbar_wr_inst.m_ifaces[I].reg_inst.genblkJ.genblkK.m_axi_awqos_reg[L]	axi_crossbar_inst.axi_crossbar_wr_inst.m_ifaces[0].a_arb_inst.grant_encoded_reg[1]$_SDFFE_PP0P_/Q	axi_crossbar_inst.axi_crossbar_wr_inst.m_ifaces[0].reg_inst.genblk1.genblk1.m_axi_awqos_reg[0]$_DFFE_PP_/D
286	0.1259	axi_crossbar_inst.axi_crossbar_wr_inst.m_ifaces[I].w_select_reg[J]	axi_crossbar_inst.axi_crossbar_wr_inst.s_ifaces[I].w_select_valid_reg	axi_crossbar_inst.axi_crossbar_wr_inst.m_ifaces[3].w_select_reg[0]$_DFFE_PP_/Q	axi_crossbar_inst.axi_crossbar_wr_inst.s_ifaces[2].w_select_valid_reg$_SDFF_PP0_/D
287	0.1275	sI_axi_arlen[J]	axi_crossbar_inst.axi_crossbar_rd_inst.s_ifaces[I].decerr_m_axi_rlast_reg	s03_axi_arlen[0]	axi_crossbar_inst.axi_crossbar_rd_inst.s_ifaces[3].decerr_m_axi_rlast_reg$_DFFE_PP_/D
288	0.1276	sI_axi_araddr[J]	axi_crossbar_inst.axi_crossbar_rd_inst.s_ifaces[I].addr_inst.m_select_reg[J]	s00_axi_araddr[27]	axi_crossbar_inst.axi_crossbar_rd_inst.s_ifaces[0].addr_inst.m_select_reg[0]$_DFF_P_/D
289	0.1276	sI_axi_awaddr[J]	axi_crossbar_inst.axi_crossbar_wr_inst.s_ifaces[I].addr_inst.m_select_reg[J]	s00_axi_awaddr[29]	axi_crossbar_inst.axi_crossbar_wr_inst.s_ifaces[0].addr_inst.m_select_reg[1]$_DFF_P_/D
290	0.1280	sI_axi_rready	axi_crossbar_inst.axi_crossbar_rd_inst.s_ifaces[I].reg_inst.genblkJ.temp_s_axi_rresp_reg[K]	s07_axi_rready	axi_crossbar_inst.axi_crossbar_rd_inst.s_ifaces[7].reg_inst.genblk2.temp_s_axi_rresp_reg[1]$_DFFE_PP_/D
291	0.1286	axi_crossbar_inst.axi_crossbar_wr_inst.m_ifaces[I].w_select_reg[J]	axi_crossbar_inst.axi_crossbar_wr_inst.m_ifaces[I].a_arb_inst.grant_valid_reg	axi_crossbar_inst.axi_crossbar_wr_inst.m_ifaces[2].w_select_reg[0]$_DFFE_PP_/Q	axi_crossbar_inst.axi_crossbar_wr_inst.m_ifaces[2].a_arb_inst.grant_valid_reg$_SDFFE_PP0P_/D
292	0.1287	axi_crossbar_inst.axi_crossbar_rd_inst.m_ifaces[I].trans_count_reg[J]	axi_crossbar_inst.axi_crossbar_rd_inst.m_ifaces[I].a_arb_inst.mask_reg[J]	axi_crossbar_inst.axi_crossbar_rd_inst.m_ifaces[1].trans_count_reg[2]$_SDFFE_PP0P_/Q	axi_crossbar_inst.axi_crossbar_rd_inst.m_ifaces[1].a_arb_inst.mask_reg[0]$_SDFFE_PP0P_/D
293	0.1298	axi_crossbar_inst.axi_crossbar_wr_inst.m_ifaces[I].a_arb_inst.grant_encoded_reg[J]	axi_crossbar_inst.axi_crossbar_wr_inst.m_ifaces[I].reg_inst.genblkJ.genblkK.m_axi_awburst_reg[L]	axi_crossbar_inst.axi_crossbar_wr_inst.m_ifaces[5].a_arb_inst.grant_encoded_reg[1]$_SDFFE_PP0P_/Q	axi_crossbar_inst.axi_crossbar_wr_inst.m_ifaces[5].reg_inst.genblk1.genblk1.m_axi_awburst_reg[0]$_DFFE_PP_/D
294	0.1298	axi_crossbar_inst.axi_crossbar_wr_inst.m_ifaces[I].a_arb_inst.grant_encoded_reg[J]	axi_crossbar_inst.axi_crossbar_wr_inst.m_ifaces[I].reg_inst.genblkJ.genblkK.m_axi_awcache_reg[L]	axi_crossbar_inst.axi_crossbar_wr_inst.m_ifaces[5].a_arb_inst.grant_encoded_reg[1]$_SDFFE_PP0P_/Q	axi_crossbar_inst.axi_crossbar_wr_inst.m_ifaces[5].reg_inst.genblk1.genblk1.m_axi_awcache_reg[0]$_DFFE_PP_/D
295	0.1298	axi_crossbar_inst.axi_crossbar_wr_inst.m_ifaces[I].a_arb_inst.grant_encoded_reg[J]	axi_crossbar_inst.axi_crossbar_wr_inst.m_ifaces[I].reg_inst.genblkJ.genblkK.m_axi_awlen_reg[L]	axi_crossbar_inst.axi_crossbar_wr_inst.m_ifaces[5].a_arb_inst.grant_encoded_reg[1]$_SDFFE_PP0P_/Q	axi_crossbar_inst.axi_crossbar_wr_inst.m_ifaces[5].reg_inst.genblk1.genblk1.m_axi_awlen_reg[0]$_DFFE_PP_/D
296	0.1298	axi_crossbar_inst.axi_crossbar_wr_inst.m_ifaces[I].a_arb_inst.grant_encoded_reg[J]	axi_crossbar_inst.axi_crossbar_wr_inst.m_ifaces[I].reg_inst.genblkJ.genblkK.m_axi_awsize_reg[L]	axi_crossbar_inst.axi_crossbar_wr_inst.m_ifaces[5].a_arb_inst.grant_encoded_reg[1]$_SDFFE_PP0P_/Q	axi_crossbar_inst.axi_crossbar_wr_inst.m_ifaces[5].reg_inst.genblk1.genblk1.m_axi_awsize_reg[0]$_DFFE_PP_/D
297	0.1299	axi_crossbar_inst.axi_crossbar_wr_inst.m_ifaces[I].a_arb_inst.grant_encoded_reg[J]	axi_crossbar_inst.axi_crossbar_wr_inst.m_ifaces[I].reg_inst.genblkJ.genblkK.m_axi_awlock_reg	axi_crossbar_inst.axi_crossbar_wr_inst.m_ifaces[5].a_arb_inst.grant_encoded_reg[1]$_SDFFE_PP0P_/Q	axi_crossbar_inst.axi_crossbar_wr_inst.m_ifaces[5].reg_inst.genblk1.genblk1.m_axi_awlock_reg$_DFFE_PP_/D
298	0.1299	axi_crossbar_inst.axi_crossbar_wr_inst.m_ifaces[I].a_arb_inst.grant_encoded_reg[J]	axi_crossbar_inst.axi_crossbar_wr_inst.m_ifaces[I].reg_inst.genblkJ.genblkK.m_axi_awprot_reg[L]	axi_crossbar_inst.axi_crossbar_wr_inst.m_ifaces[5].a_arb_inst.grant_encoded_reg[1]$_SDFFE_PP0P_/Q	axi_crossbar_inst.axi_crossbar_wr_inst.m_ifaces[5].reg_inst.genblk1.genblk1.m_axi_awprot_reg[2]$_DFFE_PP_/D
299	0.1304	axi_crossbar_inst.axi_crossbar_wr_inst.m_ifaces[I].a_arb_inst.mask_reg[J]	axi_crossbar_inst.axi_crossbar_wr_inst.m_ifaces[I].a_arb_inst.grant_reg[J]	axi_crossbar_inst.axi_crossbar_wr_inst.m_ifaces[3].a_arb_inst.mask_reg[5]$_SDFFE_PP0P_/Q	axi_crossbar_inst.axi_crossbar_wr_inst.m_ifaces[3].a_arb_inst.grant_reg[0]$_SDFFE_PP0P_/D
300	0.1325	axi_crossbar_inst.axi_crossbar_rd_inst.s_ifaces[I].addr_inst.s_cpl_valid_reg	axi_crossbar_inst.axi_crossbar_rd_inst.s_ifaces[I].addr_inst.trans_count_reg[J]	axi_crossbar_inst.axi_crossbar_rd_inst.s_ifaces[5].addr_inst.s_cpl_valid_reg$_DFF_P_/QN	axi_crossbar_inst.axi_crossbar_rd_inst.s_ifaces[5].addr_inst.trans_count_reg[4]$_SDFFE_PP0P_/D
301	0.1335	axi_crossbar_inst.axi_crossbar_wr_inst.s_ifaces[I].b_arb_inst.grant_encoded_reg[J]	axi_crossbar_inst.axi_crossbar_wr_inst.s_ifaces[I].reg_inst.genblkJ.genblkK.s_axi_bid_reg[L]	axi_crossbar_inst.axi_crossbar_wr_inst.s_ifaces[3].b_arb_inst.grant_encoded_reg[1]$_SDFFE_PP0P_/Q	axi_crossbar_inst.axi_crossbar_wr_inst.s_ifaces[3].reg_inst.genblk3.genblk1.s_axi_bid_reg[0]$_DFFE_PP_/D
302	0.1346	sI_axi_rready	axi_crossbar_inst.axi_crossbar_rd_inst.s_ifaces[I].reg_inst.genblkJ.temp_s_axi_rlast_reg	s05_axi_rready	axi_crossbar_inst.axi_crossbar_rd_inst.s_ifaces[5].reg_inst.genblk2.temp_s_axi_rlast_reg$_DFFE_PP_/D
303	0.1348	axi_crossbar_inst.axi_crossbar_rd_inst.s_ifaces[I].r_arb_inst.grant_encoded_reg[J]	axi_crossbar_inst.axi_crossbar_rd_inst.s_ifaces[I].reg_inst.genblkJ.temp_s_axi_rvalid_reg	axi_crossbar_inst.axi_crossbar_rd_inst.s_ifaces[2].r_arb_inst.grant_encoded_reg[1]$_SDFFE_PP0P_/Q	axi_crossbar_inst.axi_crossbar_rd_inst.s_ifaces[2].reg_inst.genblk2.temp_s_axi_rvalid_reg$_SDFFE_PP0P_/D
304	0.1350	axi_crossbar_inst.axi_crossbar_rd_inst.m_ifaces[I].a_arb_inst.grant_encoded_reg[J]	axi_crossbar_inst.axi_crossbar_rd_inst.m_ifaces[I].reg_inst.genblkJ.genblkK.m_axi_araddr_reg[L]	axi_crossbar_inst.axi_crossbar_rd_inst.m_ifaces[5].a_arb_inst.grant_encoded_reg[1]$_SDFFE_PP0P_/Q	axi_crossbar_inst.axi_crossbar_rd_inst.m_ifaces[5].reg_inst.genblk1.genblk1.m_axi_araddr_reg[12]$_DFFE_PP_/D
305	0.1350	axi_crossbar_inst.axi_crossbar_rd_inst.m_ifaces[I].a_arb_inst.grant_encoded_reg[J]	axi_crossbar_inst.axi_crossbar_rd_inst.m_ifaces[I].reg_inst.genblkJ.genblkK.m_axi_arburst_reg[L]	axi_crossbar_inst.axi_crossbar_rd_inst.m_ifaces[5].a_arb_inst.grant_encoded_reg[1]$_SDFFE_PP0P_/Q	axi_crossbar_inst.axi_crossbar_rd_inst.m_ifaces[5].reg_inst.genblk1.genblk1.m_axi_arburst_reg[0]$_DFFE_PP_/D
306	0.1350	axi_crossbar_inst.axi_crossbar_rd_inst.m_ifaces[I].a_arb_inst.grant_encoded_reg[J]	axi_crossbar_inst.axi_crossbar_rd_inst.m_ifaces[I].reg_inst.genblkJ.genblkK.m_axi_arcache_reg[L]	axi_crossbar_inst.axi_crossbar_rd_inst.m_ifaces[5].a_arb_inst.grant_encoded_reg[1]$_SDFFE_PP0P_/Q	axi_crossbar_inst.axi_crossbar_rd_inst.m_ifaces[5].reg_inst.genblk1.genblk1.m_axi_arcache_reg[0]$_DFFE_PP_/D
307	0.1350	axi_crossbar_inst.axi_crossbar_rd_inst.m_ifaces[I].a_arb_inst.grant_encoded_reg[J]	axi_crossbar_inst.axi_crossbar_rd_inst.m_ifaces[I].reg_inst.genblkJ.genblkK.m_axi_arlen_reg[L]	axi_crossbar_inst.axi_crossbar_rd_inst.m_ifaces[5].a_arb_inst.grant_encoded_reg[1]$_SDFFE_PP0P_/Q	axi_crossbar_inst.axi_crossbar_rd_inst.m_ifaces[5].reg_inst.genblk1.genblk1.m_axi_arlen_reg[0]$_DFFE_PP_/D
308	0.1350	axi_crossbar_inst.axi_crossbar_rd_inst.m_ifaces[I].a_arb_inst.grant_encoded_reg[J]	axi_crossbar_inst.axi_crossbar_rd_inst.m_ifaces[I].reg_inst.genblkJ.genblkK.m_axi_arsize_reg[L]	axi_crossbar_inst.axi_crossbar_rd_inst.m_ifaces[5].a_arb_inst.grant_encoded_reg[1]$_SDFFE_PP0P_/Q	axi_crossbar_inst.axi_crossbar_rd_inst.m_ifaces[5].reg_inst.genblk1.genblk1.m_axi_arsize_reg[0]$_DFFE_PP_/D
309	0.1353	mI_axi_rlast	axi_crossbar_inst.axi_crossbar_rd_inst.m_ifaces[I].a_arb_inst.grant_valid_reg	m03_axi_rlast	axi_crossbar_inst.axi_crossbar_rd_inst.m_ifaces[3].a_arb_inst.grant_valid_reg$_SDFFE_PP0P_/D
310	0.1362	axi_crossbar_inst.axi_crossbar_rd_inst.s_ifaces[I].r_arb_inst.mask_reg[J]	axi_crossbar_inst.axi_crossbar_rd_inst.s_ifaces[I].r_arb_inst.grant_reg[J]	axi_crossbar_inst.axi_crossbar_rd_inst.s_ifaces[2].r_arb_inst.mask_reg[4]$_SDFFE_PP0P_/Q	axi_crossbar_inst.axi_crossbar_rd_inst.s_ifaces[2].r_arb_inst.grant_reg[7]$_SDFFE_PP0P_/D
311	0.1371	mI_axi_bid[J]	axi_crossbar_inst.axi_crossbar_wr_inst.s_ifaces[I].addr_inst.s_cpl_id_reg[J]	m03_axi_bid[0]	axi_crossbar_inst.axi_crossbar_wr_inst.s_ifaces[3].addr_inst.s_cpl_id_reg[0]$_DFF_P_/D
312	0.1371	axi_crossbar_inst.axi_crossbar_rd_inst.s_ifaces[I].r_arb_inst.grant_encoded_reg[J]	axi_crossbar_inst.axi_crossbar_rd_inst.s_ifaces[I].reg_inst.genblkJ.temp_s_axi_rresp_reg[K]	axi_crossbar_inst.axi_crossbar_rd_inst.s_ifaces[7].r_arb_inst.grant_encoded_reg[1]$_SDFFE_PP0P_/Q	axi_crossbar_inst.axi_crossbar_rd_inst.s_ifaces[7].reg_inst.genblk2.temp_s_axi_rresp_reg[1]$_DFFE_PP_/D
313	0.1376	mI_axi_rvalid	axi_crossbar_inst.axi_crossbar_rd_inst.m_ifaces[I].a_arb_inst.grant_valid_reg	m06_axi_rvalid	axi_crossbar_inst.axi_crossbar_rd_inst.m_ifaces[6].a_arb_inst.grant_valid_reg$_SDFFE_PP0P_/D
314	0.1383	axi_crossbar_inst.axi_crossbar_rd_inst.s_ifaces[I].addr_inst.s_axi_aid_reg[J]	axi_crossbar_inst.axi_crossbar_rd_inst.s_ifaces[I].addr_inst.state_reg[J]	axi_crossbar_inst.axi_crossbar_rd_inst.s_ifaces[3].addr_inst.s_axi_aid_reg[5]$_DFFE_PP_/Q	axi_crossbar_inst.axi_crossbar_rd_inst.s_ifaces[3].addr_inst.state_reg[1]$_SDFF_PP0_/D
315	0.1389	mI_axi_rdata[J]	axi_crossbar_inst.axi_crossbar_rd_inst.s_ifaces[I].reg_inst.genblkJ.temp_s_axi_rdata_reg[K]	m03_axi_rdata[22]	axi_crossbar_inst.axi_crossbar_rd_inst.s_ifaces[0].reg_inst.genblk2.temp_s_axi_rdata_reg[22]$_DFFE_PP_/D
316	0.1390	axi_crossbar_inst.axi_crossbar_rd_inst.m_ifaces[I].a_arb_inst.grant_encoded_reg[J]	axi_crossbar_inst.axi_crossbar_rd_inst.m_ifaces[I].reg_inst.genblkJ.genblkK.m_axi_arprot_reg[L]	axi_crossbar_inst.axi_crossbar_rd_inst.m_ifaces[5].a_arb_inst.grant_encoded_reg[1]$_SDFFE_PP0P_/Q	axi_crossbar_inst.axi_crossbar_rd_inst.m_ifaces[5].reg_inst.genblk1.genblk1.m_axi_arprot_reg[0]$_DFFE_PP_/D
317	0.1390	axi_crossbar_inst.axi_crossbar_rd_inst.m_ifaces[I].a_arb_inst.grant_encoded_reg[J]	axi_crossbar_inst.axi_crossbar_rd_inst.m_ifaces[I].reg_inst.genblkJ.genblkK.m_axi_arqos_reg[L]	axi_crossbar_inst.axi_crossbar_rd_inst.m_ifaces[5].a_arb_inst.grant_encoded_reg[1]$_SDFFE_PP0P_/Q	axi_crossbar_inst.axi_crossbar_rd_inst.m_ifaces[5].reg_inst.genblk1.genblk1.m_axi_arqos_reg[0]$_DFFE_PP_/D
318	0.1398	axi_crossbar_inst.axi_crossbar_wr_inst.s_ifaces[I].addr_inst.s_cpl_valid_reg	axi_crossbar_inst.axi_crossbar_wr_inst.s_ifaces[I].addr_inst.trans_count_reg[J]	axi_crossbar_inst.axi_crossbar_wr_inst.s_ifaces[2].addr_inst.s_cpl_valid_reg$_DFF_P_/QN	axi_crossbar_inst.axi_crossbar_wr_inst.s_ifaces[2].addr_inst.trans_count_reg[4]$_SDFFE_PP0P_/D
319	0.1404	axi_crossbar_inst.axi_crossbar_wr_inst.m_ifaces[I].a_arb_inst.grant_reg[J]	axi_crossbar_inst.axi_crossbar_wr_inst.m_ifaces[I].a_arb_inst.grant_reg[J]	axi_crossbar_inst.axi_crossbar_wr_inst.m_ifaces[3].a_arb_inst.grant_reg[5]$_SDFFE_PP0P_/QN	axi_crossbar_inst.axi_crossbar_wr_inst.m_ifaces[3].a_arb_inst.grant_reg[0]$_SDFFE_PP0P_/D
320	0.1408	axi_crossbar_inst.axi_crossbar_wr_inst.s_ifaces[I].w_select_reg[J]	axi_crossbar_inst.axi_crossbar_wr_inst.m_ifaces[I].a_arb_inst.grant_valid_reg	axi_crossbar_inst.axi_crossbar_wr_inst.s_ifaces[7].w_select_reg[1]$_DFFE_PP_/Q	axi_crossbar_inst.axi_crossbar_wr_inst.m_ifaces[2].a_arb_inst.grant_valid_reg$_SDFFE_PP0P_/D
321	0.1413	axi_crossbar_inst.axi_crossbar_rd_inst.s_ifaces[I].r_arb_inst.grant_reg[J]	axi_crossbar_inst.axi_crossbar_rd_inst.s_ifaces[I].r_arb_inst.grant_reg[J]	axi_crossbar_inst.axi_crossbar_rd_inst.s_ifaces[2].r_arb_inst.grant_reg[4]$_SDFFE_PP0P_/QN	axi_crossbar_inst.axi_crossbar_rd_inst.s_ifaces[2].r_arb_inst.grant_reg[7]$_SDFFE_PP0P_/D
322	0.1421	axi_crossbar_inst.axi_crossbar_rd_inst.m_ifaces[I].a_arb_inst.grant_encoded_reg[J]	axi_crossbar_inst.axi_crossbar_rd_inst.m_ifaces[I].reg_inst.genblkJ.genblkK.m_axi_arid_reg[L]	axi_crossbar_inst.axi_crossbar_rd_inst.m_ifaces[3].a_arb_inst.grant_encoded_reg[1]$_SDFFE_PP0P_/Q	axi_crossbar_inst.axi_crossbar_rd_inst.m_ifaces[3].reg_inst.genblk1.genblk1.m_axi_arid_reg[0]$_DFFE_PP_/D
323	0.1422	axi_crossbar_inst.axi_crossbar_rd_inst.m_ifaces[I].a_arb_inst.grant_encoded_reg[J]	axi_crossbar_inst.axi_crossbar_rd_inst.m_ifaces[I].reg_inst.genblkJ.genblkK.m_axi_arlock_reg	axi_crossbar_inst.axi_crossbar_rd_inst.m_ifaces[3].a_arb_inst.grant_encoded_reg[1]$_SDFFE_PP0P_/Q	axi_crossbar_inst.axi_crossbar_rd_inst.m_ifaces[3].reg_inst.genblk1.genblk1.m_axi_arlock_reg$_DFFE_PP_/D
324	0.1433	axi_crossbar_inst.axi_crossbar_wr_inst.m_ifaces[I].a_arb_inst.mask_reg[J]	axi_crossbar_inst.axi_crossbar_wr_inst.m_ifaces[I].a_arb_inst.grant_encoded_reg[J]	axi_crossbar_inst.axi_crossbar_wr_inst.m_ifaces[5].a_arb_inst.mask_reg[5]$_SDFFE_PP0P_/Q	axi_crossbar_inst.axi_crossbar_wr_inst.m_ifaces[5].a_arb_inst.grant_encoded_reg[0]$_SDFFE_PP0P_/D
325	0.1439	sI_axi_rready	axi_crossbar_inst.axi_crossbar_rd_inst.s_ifaces[I].reg_inst.genblkJ.s_axi_rid_reg[K]	s04_axi_rready	axi_crossbar_inst.axi_crossbar_rd_inst.s_ifaces[4].reg_inst.genblk2.s_axi_rid_reg[7]$_DFFE_PP_/D
326	0.1460	axi_crossbar_inst.axi_crossbar_rd_inst.s_ifaces[I].r_arb_inst.grant_encoded_reg[J]	axi_crossbar_inst.axi_crossbar_rd_inst.s_ifaces[I].reg_inst.genblkJ.m_axi_rready_reg	axi_crossbar_inst.axi_crossbar_rd_inst.s_ifaces[2].r_arb_inst.grant_encoded_reg[1]$_SDFFE_PP0P_/Q	axi_crossbar_inst.axi_crossbar_rd_inst.s_ifaces[2].reg_inst.genblk2.m_axi_rready_reg$_SDFF_PP0_/D
327	0.1463	sI_axi_rready	axi_crossbar_inst.axi_crossbar_rd_inst.s_ifaces[I].reg_inst.genblkJ.s_axi_rlast_reg	s02_axi_rready	axi_crossbar_inst.axi_crossbar_rd_inst.s_ifaces[2].reg_inst.genblk2.s_axi_rlast_reg$_DFFE_PP_/D
328	0.1463	sI_axi_rready	axi_crossbar_inst.axi_crossbar_rd_inst.s_ifaces[I].reg_inst.genblkJ.s_axi_rresp_reg[K]	s02_axi_rready	axi_crossbar_inst.axi_crossbar_rd_inst.s_ifaces[2].reg_inst.genblk2.s_axi_rresp_reg[0]$_DFFE_PP_/D
329	0.1464	axi_crossbar_inst.axi_crossbar_rd_inst.m_ifaces[I].a_arb_inst.mask_reg[J]	axi_crossbar_inst.axi_crossbar_rd_inst.m_ifaces[I].a_arb_inst.grant_encoded_reg[J]	axi_crossbar_inst.axi_crossbar_rd_inst.m_ifaces[3].a_arb_inst.mask_reg[6]$_SDFFE_PP0P_/Q	axi_crossbar_inst.axi_crossbar_rd_inst.m_ifaces[3].a_arb_inst.grant_encoded_reg[0]$_SDFFE_PP0P_/D
330	0.1466	sI_axi_rready	axi_crossbar_inst.axi_crossbar_rd_inst.s_ifaces[I].reg_inst.genblkJ.s_axi_rdata_reg[K]	s04_axi_rready	axi_crossbar_inst.axi_crossbar_rd_inst.s_ifaces[4].reg_inst.genblk2.s_axi_rdata_reg[22]$_DFFE_PP_/D
331	0.1471	rst	axi_crossbar_inst.axi_crossbar_rd_inst.s_ifaces[I].addr_inst.m_axi_avalid_reg	rst	axi_crossbar_inst.axi_crossbar_rd_inst.s_ifaces[6].addr_inst.m_axi_avalid_reg$_SDFF_PP0_/D
332	0.1497	axi_crossbar_inst.axi_crossbar_rd_inst.s_ifaces[I].addr_inst.thread_id_reg[J][K]	axi_crossbar_inst.axi_crossbar_rd_inst.s_ifaces[I].addr_inst.m_rc_valid_reg	axi_crossbar_inst.axi_crossbar_rd_inst.s_ifaces[1].addr_inst.thread_id_reg[1][6]$_DFFE_PP_/Q	axi_crossbar_inst.axi_crossbar_rd_inst.s_ifaces[1].addr_inst.m_rc_valid_reg$_SDFF_PP0_/D
333	0.1502	axi_crossbar_inst.axi_crossbar_rd_inst.s_ifaces[I].addr_inst.m_axi_avalid_reg	axi_crossbar_inst.axi_crossbar_rd_inst.m_ifaces[I].reg_inst.genblkJ.genblkK.s_axi_arready_reg	axi_crossbar_inst.axi_crossbar_rd_inst.s_ifaces[6].addr_inst.m_axi_avalid_reg$_SDFF_PP0_/Q	axi_crossbar_inst.axi_crossbar_rd_inst.m_ifaces[4].reg_inst.genblk1.genblk1.s_axi_arready_reg$_SDFF_PP0_/D
334	0.1510	axi_crossbar_inst.axi_crossbar_rd_inst.s_ifaces[I].decerr_m_axi_rvalid_reg	axi_crossbar_inst.axi_crossbar_rd_inst.s_ifaces[I].r_arb_inst.grant_reg[J]	axi_crossbar_inst.axi_crossbar_rd_inst.s_ifaces[1].decerr_m_axi_rvalid_reg$_SDFF_PP0_/Q	axi_crossbar_inst.axi_crossbar_rd_inst.s_ifaces[1].r_arb_inst.grant_reg[4]$_SDFFE_PP0P_/D
335	0.1512	rst	axi_crossbar_inst.axi_crossbar_wr_inst.s_ifaces[I].addr_inst.s_axi_aready_reg	rst	axi_crossbar_inst.axi_crossbar_wr_inst.s_ifaces[7].addr_inst.s_axi_aready_reg$_SDFF_PP0_/D
336	0.1512	rst	axi_crossbar_inst.axi_crossbar_rd_inst.s_ifaces[I].addr_inst.s_axi_aready_reg	rst	axi_crossbar_inst.axi_crossbar_rd_inst.s_ifaces[1].addr_inst.s_axi_aready_reg$_SDFF_PP0_/D
337	0.1516	axi_crossbar_inst.axi_crossbar_rd_inst.m_ifaces[I].a_arb_inst.grant_encoded_reg[J]	axi_crossbar_inst.axi_crossbar_rd_inst.m_ifaces[I].reg_inst.genblkJ.genblkK.s_axi_arready_reg	axi_crossbar_inst.axi_crossbar_rd_inst.m_ifaces[5].a_arb_inst.grant_encoded_reg[1]$_SDFFE_PP0P_/Q	axi_crossbar_inst.axi_crossbar_rd_inst.m_ifaces[5].reg_inst.genblk1.genblk1.s_axi_arready_reg$_SDFF_PP0_/D
338	0.1522	rst	axi_crossbar_inst.axi_crossbar_rd_inst.m_ifaces[I].reg_inst.genblkJ.genblkK.s_axi_arready_reg	rst	axi_crossbar_inst.axi_crossbar_rd_inst.m_ifaces[1].reg_inst.genblk1.genblk1.s_axi_arready_reg$_SDFF_PP0_/D
339	0.1522	rst	axi_crossbar_inst.axi_crossbar_wr_inst.m_ifaces[I].reg_inst.genblkJ.genblkK.s_axi_awready_reg	rst	axi_crossbar_inst.axi_crossbar_wr_inst.m_ifaces[6].reg_inst.genblk1.genblk1.s_axi_awready_reg$_SDFF_PP0_/D
340	0.1525	axi_crossbar_inst.axi_crossbar_wr_inst.s_ifaces[I].decerr_m_axi_bvalid_reg	axi_crossbar_inst.axi_crossbar_wr_inst.s_ifaces[I].b_arb_inst.grant_reg[J]	axi_crossbar_inst.axi_crossbar_wr_inst.s_ifaces[0].decerr_m_axi_bvalid_reg$_SDFF_PP0_/Q	axi_crossbar_inst.axi_crossbar_wr_inst.s_ifaces[0].b_arb_inst.grant_reg[6]$_SDFFE_PP0P_/D
341	0.1525	axi_crossbar_inst.axi_crossbar_wr_inst.s_ifaces[I].w_select_valid_reg	axi_crossbar_inst.axi_crossbar_wr_inst.m_ifaces[I].a_arb_inst.grant_valid_reg	axi_crossbar_inst.axi_crossbar_wr_inst.s_ifaces[3].w_select_valid_reg$_SDFF_PP0_/Q	axi_crossbar_inst.axi_crossbar_wr_inst.m_ifaces[2].a_arb_inst.grant_valid_reg$_SDFFE_PP0P_/D
342	0.1536	rst	axi_crossbar_inst.axi_crossbar_wr_inst.m_ifaces[I].w_select_new_reg	rst	axi_crossbar_inst.axi_crossbar_wr_inst.m_ifaces[0].w_select_new_reg$_SDFF_PP1_/D
343	0.1539	rst	axi_crossbar_inst.axi_crossbar_wr_inst.s_ifaces[I].w_select_valid_reg	rst	axi_crossbar_inst.axi_crossbar_wr_inst.s_ifaces[3].w_select_valid_reg$_SDFF_PP0_/D
344	0.1539	rst	axi_crossbar_inst.axi_crossbar_wr_inst.s_ifaces[I].b_arb_inst.grant_valid_reg	rst	axi_crossbar_inst.axi_crossbar_wr_inst.s_ifaces[7].b_arb_inst.grant_valid_reg$_SDFFE_PP0P_/D
345	0.1542	rst	axi_crossbar_inst.axi_crossbar_rd_inst.m_ifaces[I].a_arb_inst.grant_valid_reg	rst	axi_crossbar_inst.axi_crossbar_rd_inst.m_ifaces[1].a_arb_inst.grant_valid_reg$_SDFFE_PP0P_/D
346	0.1542	rst	axi_crossbar_inst.axi_crossbar_rd_inst.m_ifaces[I].reg_inst.genblkJ.genblkK.m_axi_arvalid_reg	rst	axi_crossbar_inst.axi_crossbar_rd_inst.m_ifaces[1].reg_inst.genblk1.genblk1.m_axi_arvalid_reg$_SDFF_PP0_/D
347	0.1542	rst	axi_crossbar_inst.axi_crossbar_rd_inst.s_ifaces[I].r_arb_inst.grant_valid_reg	rst	axi_crossbar_inst.axi_crossbar_rd_inst.s_ifaces[6].r_arb_inst.grant_valid_reg$_SDFFE_PP0P_/D
348	0.1542	rst	axi_crossbar_inst.axi_crossbar_rd_inst.s_ifaces[I].reg_inst.genblkJ.m_axi_rready_reg	rst	axi_crossbar_inst.axi_crossbar_rd_inst.s_ifaces[6].reg_inst.genblk2.m_axi_rready_reg$_SDFF_PP0_/D
349	0.1542	rst	axi_crossbar_inst.axi_crossbar_wr_inst.m_ifaces[I].a_arb_inst.grant_valid_reg	rst	axi_crossbar_inst.axi_crossbar_wr_inst.m_ifaces[1].a_arb_inst.grant_valid_reg$_SDFFE_PP0P_/D
350	0.1542	rst	axi_crossbar_inst.axi_crossbar_wr_inst.s_ifaces[I].addr_inst.m_rc_valid_reg	rst	axi_crossbar_inst.axi_crossbar_wr_inst.s_ifaces[2].addr_inst.m_rc_valid_reg$_SDFF_PP0_/D
351	0.1542	rst	axi_crossbar_inst.axi_crossbar_wr_inst.s_ifaces[I].addr_inst.m_wc_valid_reg	rst	axi_crossbar_inst.axi_crossbar_wr_inst.s_ifaces[2].addr_inst.m_wc_valid_reg$_SDFF_PP0_/D
352	0.1548	rst	axi_crossbar_inst.axi_crossbar_rd_inst.s_ifaces[I].addr_inst.state_reg[J]	rst	axi_crossbar_inst.axi_crossbar_rd_inst.s_ifaces[3].addr_inst.state_reg[1]$_SDFF_PP0_/D
353	0.1551	rst	axi_crossbar_inst.axi_crossbar_wr_inst.s_ifaces[I].reg_inst.genblkJ.genblkK.m_axi_bready_reg	rst	axi_crossbar_inst.axi_crossbar_wr_inst.s_ifaces[0].reg_inst.genblk3.genblk1.m_axi_bready_reg$_SDFF_PP0_/D
354	0.1554	rst	axi_crossbar_inst.axi_crossbar_rd_inst.s_ifaces[I].addr_inst.m_rc_valid_reg	rst	axi_crossbar_inst.axi_crossbar_rd_inst.s_ifaces[0].addr_inst.m_rc_valid_reg$_SDFF_PP0_/D
355	0.1557	rst	axi_crossbar_inst.axi_crossbar_wr_inst.s_ifaces[I].addr_inst.state_reg[J]	rst	axi_crossbar_inst.axi_crossbar_wr_inst.s_ifaces[1].addr_inst.state_reg[0]$_SDFF_PP0_/D
356	0.1557	axi_crossbar_inst.axi_crossbar_wr_inst.m_ifaces[I].a_arb_inst.grant_valid_reg	axi_crossbar_inst.axi_crossbar_wr_inst.m_ifaces[I].a_arb_inst.grant_reg[J]	axi_crossbar_inst.axi_crossbar_wr_inst.m_ifaces[5].a_arb_inst.grant_valid_reg$_SDFFE_PP0P_/Q	axi_crossbar_inst.axi_crossbar_wr_inst.m_ifaces[5].a_arb_inst.grant_reg[0]$_SDFFE_PP0P_/D
357	0.1557	axi_crossbar_inst.axi_crossbar_wr_inst.s_ifaces[I].b_arb_inst.mask_reg[J]	axi_crossbar_inst.axi_crossbar_wr_inst.s_ifaces[I].b_arb_inst.grant_encoded_reg[J]	axi_crossbar_inst.axi_crossbar_wr_inst.s_ifaces[3].b_arb_inst.mask_reg[6]$_SDFFE_PP0P_/Q	axi_crossbar_inst.axi_crossbar_wr_inst.s_ifaces[3].b_arb_inst.grant_encoded_reg[1]$_SDFFE_PP0P_/D
358	0.1565	rst	axi_crossbar_inst.axi_crossbar_wr_inst.m_ifaces[I].reg_inst.genblkJ.s_axi_wready_reg	rst	axi_crossbar_inst.axi_crossbar_wr_inst.m_ifaces[2].reg_inst.genblk2.s_axi_wready_reg$_SDFF_PP0_/D
359	0.1568	rst	axi_crossbar_inst.axi_crossbar_wr_inst.s_ifaces[I].addr_inst.m_axi_avalid_reg	rst	axi_crossbar_inst.axi_crossbar_wr_inst.s_ifaces[7].addr_inst.m_axi_avalid_reg$_SDFF_PP0_/D
360	0.1575	axi_crossbar_inst.axi_crossbar_wr_inst.s_ifaces[I].addr_inst.s_axi_aid_reg[J]	axi_crossbar_inst.axi_crossbar_wr_inst.s_ifaces[I].addr_inst.m_axi_avalid_reg	axi_crossbar_inst.axi_crossbar_wr_inst.s_ifaces[7].addr_inst.s_axi_aid_reg[5]$_DFFE_PP_/Q	axi_crossbar_inst.axi_crossbar_wr_inst.s_ifaces[7].addr_inst.m_axi_avalid_reg$_SDFF_PP0_/D
361	0.1576	mI_axi_wready	axi_crossbar_inst.axi_crossbar_wr_inst.m_ifaces[I].reg_inst.genblkJ.temp_m_axi_wlast_reg	m06_axi_wready	axi_crossbar_inst.axi_crossbar_wr_inst.m_ifaces[6].reg_inst.genblk2.temp_m_axi_wlast_reg$_DFFE_PP_/D
362	0.1577	rst	axi_crossbar_inst.axi_crossbar_wr_inst.s_ifaces[I].decerr_m_axi_bvalid_reg	rst	axi_crossbar_inst.axi_crossbar_wr_inst.s_ifaces[0].decerr_m_axi_bvalid_reg$_SDFF_PP0_/D
363	0.1577	rst	axi_crossbar_inst.axi_crossbar_wr_inst.s_ifaces[I].reg_inst.genblkJ.genblkK.s_axi_bvalid_reg	rst	axi_crossbar_inst.axi_crossbar_wr_inst.s_ifaces[3].reg_inst.genblk3.genblk1.s_axi_bvalid_reg$_SDFF_PP0_/D
364	0.1578	axi_crossbar_inst.axi_crossbar_rd_inst.s_ifaces[I].decerr_m_axi_rvalid_reg	axi_crossbar_inst.axi_crossbar_rd_inst.s_ifaces[I].r_arb_inst.grant_encoded_reg[J]	axi_crossbar_inst.axi_crossbar_rd_inst.s_ifaces[1].decerr_m_axi_rvalid_reg$_SDFF_PP0_/Q	axi_crossbar_inst.axi_crossbar_rd_inst.s_ifaces[1].r_arb_inst.grant_encoded_reg[0]$_SDFFE_PP0P_/D
365	0.1585	axi_crossbar_inst.axi_crossbar_rd_inst.s_ifaces[I].r_arb_inst.grant_encoded_reg[J]	axi_crossbar_inst.axi_crossbar_rd_inst.s_ifaces[I].reg_inst.genblkJ.s_axi_rvalid_reg	axi_crossbar_inst.axi_crossbar_rd_inst.s_ifaces[2].r_arb_inst.grant_encoded_reg[1]$_SDFFE_PP0P_/Q	axi_crossbar_inst.axi_crossbar_rd_inst.s_ifaces[2].reg_inst.genblk2.s_axi_rvalid_reg$_SDFFE_PP0P_/D
366	0.1585	axi_crossbar_inst.axi_crossbar_rd_inst.s_ifaces[I].reg_inst.genblkJ.m_axi_rready_reg	axi_crossbar_inst.axi_crossbar_rd_inst.s_ifaces[I].r_arb_inst.mask_reg[J]	axi_crossbar_inst.axi_crossbar_rd_inst.s_ifaces[5].reg_inst.genblk2.m_axi_rready_reg$_SDFF_PP0_/Q	axi_crossbar_inst.axi_crossbar_rd_inst.s_ifaces[5].r_arb_inst.mask_reg[1]$_SDFFE_PP0P_/D
367	0.1587	axi_crossbar_inst.axi_crossbar_wr_inst.m_ifaces[I].a_arb_inst.grant_reg[J]	axi_crossbar_inst.axi_crossbar_wr_inst.m_ifaces[I].a_arb_inst.grant_encoded_reg[J]	axi_crossbar_inst.axi_crossbar_wr_inst.m_ifaces[5].a_arb_inst.grant_reg[5]$_SDFFE_PP0P_/QN	axi_crossbar_inst.axi_crossbar_wr_inst.m_ifaces[5].a_arb_inst.grant_encoded_reg[0]$_SDFFE_PP0P_/D
368	0.1590	mI_axi_rdata[J]	axi_crossbar_inst.axi_crossbar_rd_inst.s_ifaces[I].reg_inst.genblkJ.s_axi_rdata_reg[K]	m03_axi_rdata[22]	axi_crossbar_inst.axi_crossbar_rd_inst.s_ifaces[0].reg_inst.genblk2.s_axi_rdata_reg[22]$_DFFE_PP_/D
369	0.1602	axi_crossbar_inst.axi_crossbar_wr_inst.s_ifaces[I].addr_inst.m_decerr_reg	axi_crossbar_inst.axi_crossbar_wr_inst.s_ifaces[I].addr_inst.trans_count_reg[J]	axi_crossbar_inst.axi_crossbar_wr_inst.s_ifaces[7].addr_inst.m_decerr_reg$_DFFE_PP_/Q	axi_crossbar_inst.axi_crossbar_wr_inst.s_ifaces[7].addr_inst.trans_count_reg[4]$_SDFFE_PP0P_/D
370	0.1604	axi_crossbar_inst.axi_crossbar_rd_inst.m_ifaces[I].a_arb_inst.mask_reg[J]	axi_crossbar_inst.axi_crossbar_rd_inst.m_ifaces[I].a_arb_inst.grant_reg[J]	axi_crossbar_inst.axi_crossbar_rd_inst.m_ifaces[3].a_arb_inst.mask_reg[2]$_SDFFE_PP0P_/Q	axi_crossbar_inst.axi_crossbar_rd_inst.m_ifaces[3].a_arb_inst.grant_reg[7]$_SDFFE_PP0P_/D
371	0.1607	axi_crossbar_inst.axi_crossbar_rd_inst.m_ifaces[I].a_arb_inst.grant_reg[J]	axi_crossbar_inst.axi_crossbar_rd_inst.m_ifaces[I].a_arb_inst.grant_encoded_reg[J]	axi_crossbar_inst.axi_crossbar_rd_inst.m_ifaces[3].a_arb_inst.grant_reg[6]$_SDFFE_PP0P_/QN	axi_crossbar_inst.axi_crossbar_rd_inst.m_ifaces[3].a_arb_inst.grant_encoded_reg[0]$_SDFFE_PP0P_/D
372	0.1619	axi_crossbar_inst.axi_crossbar_wr_inst.s_ifaces[I].b_arb_inst.grant_reg[J]	axi_crossbar_inst.axi_crossbar_wr_inst.s_ifaces[I].b_arb_inst.grant_encoded_reg[J]	axi_crossbar_inst.axi_crossbar_wr_inst.s_ifaces[3].b_arb_inst.grant_reg[6]$_SDFFE_PP0P_/QN	axi_crossbar_inst.axi_crossbar_wr_inst.s_ifaces[3].b_arb_inst.grant_encoded_reg[1]$_SDFFE_PP0P_/D
373	0.1622	axi_crossbar_inst.axi_crossbar_wr_inst.m_ifaces[I].a_arb_inst.grant_encoded_reg[J]	axi_crossbar_inst.axi_crossbar_wr_inst.s_ifaces[I].addr_inst.state_reg[J]	axi_crossbar_inst.axi_crossbar_wr_inst.m_ifaces[6].a_arb_inst.grant_encoded_reg[2]$_SDFFE_PP0P_/Q	axi_crossbar_inst.axi_crossbar_wr_inst.s_ifaces[3].addr_inst.state_reg[1]$_SDFF_PP0_/D
374	0.1623	axi_crossbar_inst.axi_crossbar_rd_inst.s_ifaces[I].addr_inst.m_decerr_reg	axi_crossbar_inst.axi_crossbar_rd_inst.s_ifaces[I].addr_inst.trans_count_reg[J]	axi_crossbar_inst.axi_crossbar_rd_inst.s_ifaces[1].addr_inst.m_decerr_reg$_DFFE_PP_/Q	axi_crossbar_inst.axi_crossbar_rd_inst.s_ifaces[1].addr_inst.trans_count_reg[4]$_SDFFE_PP0P_/D
375	0.1623	axi_crossbar_inst.axi_crossbar_rd_inst.s_ifaces[I].addr_inst.thread_count_reg[J][K]	axi_crossbar_inst.axi_crossbar_rd_inst.s_ifaces[I].addr_inst.m_rc_valid_reg	axi_crossbar_inst.axi_crossbar_rd_inst.s_ifaces[4].addr_inst.thread_count_reg[0][2]$_SDFFE_PP0P_/Q	axi_crossbar_inst.axi_crossbar_rd_inst.s_ifaces[4].addr_inst.m_rc_valid_reg$_SDFF_PP0_/D
376	0.1631	axi_crossbar_inst.axi_crossbar_wr_inst.s_ifaces[I].addr_inst.m_select_reg[J]	axi_crossbar_inst.axi_crossbar_wr_inst.m_ifaces[I].reg_inst.genblkJ.genblkK.m_axi_awvalid_reg	axi_crossbar_inst.axi_crossbar_wr_inst.s_ifaces[0].addr_inst.m_select_reg[0]$_DFF_P_/Q	axi_crossbar_inst.axi_crossbar_wr_inst.m_ifaces[4].reg_inst.genblk1.genblk1.m_axi_awvalid_reg$_SDFF_PP0_/D
377	0.1637	axi_crossbar_inst.axi_crossbar_rd_inst.s_ifaces[I].addr_inst.m_axi_avalid_reg	axi_crossbar_inst.axi_crossbar_rd_inst.m_ifaces[I].reg_inst.genblkJ.genblkK.m_axi_arvalid_reg	axi_crossbar_inst.axi_crossbar_rd_inst.s_ifaces[6].addr_inst.m_axi_avalid_reg$_SDFF_PP0_/Q	axi_crossbar_inst.axi_crossbar_rd_inst.m_ifaces[4].reg_inst.genblk1.genblk1.m_axi_arvalid_reg$_SDFF_PP0_/D
378	0.1644	axi_crossbar_inst.axi_crossbar_rd_inst.s_ifaces[I].r_arb_inst.grant_encoded_reg[J]	axi_crossbar_inst.axi_crossbar_rd_inst.s_ifaces[I].addr_inst.s_cpl_valid_reg	axi_crossbar_inst.axi_crossbar_rd_inst.s_ifaces[2].r_arb_inst.grant_encoded_reg[1]$_SDFFE_PP0P_/Q	axi_crossbar_inst.axi_crossbar_rd_inst.s_ifaces[2].addr_inst.s_cpl_valid_reg$_DFF_P_/D
379	0.1651	axi_crossbar_inst.axi_crossbar_rd_inst.m_ifaces[I].a_arb_inst.grant_encoded_reg[J]	axi_crossbar_inst.axi_crossbar_rd_inst.m_ifaces[I].reg_inst.genblkJ.genblkK.m_axi_arvalid_reg	axi_crossbar_inst.axi_crossbar_rd_inst.m_ifaces[5].a_arb_inst.grant_encoded_reg[1]$_SDFFE_PP0P_/Q	axi_crossbar_inst.axi_crossbar_rd_inst.m_ifaces[5].reg_inst.genblk1.genblk1.m_axi_arvalid_reg$_SDFF_PP0_/D
380	0.1651	rst	axi_crossbar_inst.axi_crossbar_rd_inst.s_ifaces[I].decerr_m_axi_rvalid_reg	rst	axi_crossbar_inst.axi_crossbar_rd_inst.s_ifaces[0].decerr_m_axi_rvalid_reg$_SDFF_PP0_/D
381	0.1652	axi_crossbar_inst.axi_crossbar_rd_inst.s_ifaces[I].addr_inst.thread_m_reg[J][K]	axi_crossbar_inst.axi_crossbar_rd_inst.s_ifaces[I].addr_inst.thread_id_reg[J][K]	axi_crossbar_inst.axi_crossbar_rd_inst.s_ifaces[3].addr_inst.thread_m_reg[0][2]$_DFFE_PP_/Q	axi_crossbar_inst.axi_crossbar_rd_inst.s_ifaces[3].addr_inst.thread_id_reg[0][0]$_DFFE_PP_/D
382	0.1652	axi_crossbar_inst.axi_crossbar_rd_inst.s_ifaces[I].addr_inst.thread_m_reg[J][K]	axi_crossbar_inst.axi_crossbar_rd_inst.s_ifaces[I].addr_inst.thread_m_reg[J][K]	axi_crossbar_inst.axi_crossbar_rd_inst.s_ifaces[3].addr_inst.thread_m_reg[0][2]$_DFFE_PP_/Q	axi_crossbar_inst.axi_crossbar_rd_inst.s_ifaces[3].addr_inst.thread_m_reg[0][0]$_DFFE_PP_/D
383	0.1653	axi_crossbar_inst.axi_crossbar_rd_inst.m_ifaces[I].a_arb_inst.grant_reg[J]	axi_crossbar_inst.axi_crossbar_rd_inst.m_ifaces[I].a_arb_inst.grant_reg[J]	axi_crossbar_inst.axi_crossbar_rd_inst.m_ifaces[6].a_arb_inst.grant_reg[0]$_SDFFE_PP0P_/QN	axi_crossbar_inst.axi_crossbar_rd_inst.m_ifaces[6].a_arb_inst.grant_reg[2]$_SDFFE_PP0P_/D
384	0.1654	mI_axi_wready	axi_crossbar_inst.axi_crossbar_wr_inst.m_ifaces[I].reg_inst.genblkJ.temp_m_axi_wvalid_reg	m06_axi_wready	axi_crossbar_inst.axi_crossbar_wr_inst.m_ifaces[6].reg_inst.genblk2.temp_m_axi_wvalid_reg$_SDFFE_PP0P_/D
385	0.1663	axi_crossbar_inst.axi_crossbar_wr_inst.s_ifaces[I].addr_inst.m_axi_avalid_reg	axi_crossbar_inst.axi_crossbar_wr_inst.m_ifaces[I].reg_inst.genblkJ.genblkK.m_axi_awvalid_reg	axi_crossbar_inst.axi_crossbar_wr_inst.s_ifaces[0].addr_inst.m_axi_avalid_reg$_SDFF_PP0_/Q	axi_crossbar_inst.axi_crossbar_wr_inst.m_ifaces[4].reg_inst.genblk1.genblk1.m_axi_awvalid_reg$_SDFF_PP0_/D
386	0.1665	axi_crossbar_inst.axi_crossbar_rd_inst.s_ifaces[I].addr_inst.thread_id_reg[J][K]	axi_crossbar_inst.axi_crossbar_rd_inst.s_ifaces[I].addr_inst.state_reg[J]	axi_crossbar_inst.axi_crossbar_rd_inst.s_ifaces[3].addr_inst.thread_id_reg[1][5]$_DFFE_PP_/Q	axi_crossbar_inst.axi_crossbar_rd_inst.s_ifaces[3].addr_inst.state_reg[1]$_SDFF_PP0_/D
387	0.1667	axi_crossbar_inst.axi_crossbar_rd_inst.s_ifaces[I].addr_inst.s_axi_aid_reg[J]	axi_crossbar_inst.axi_crossbar_rd_inst.s_ifaces[I].addr_inst.m_axi_avalid_reg	axi_crossbar_inst.axi_crossbar_rd_inst.s_ifaces[3].addr_inst.s_axi_aid_reg[5]$_DFFE_PP_/Q	axi_crossbar_inst.axi_crossbar_rd_inst.s_ifaces[3].addr_inst.m_axi_avalid_reg$_SDFF_PP0_/D
388	0.1669	axi_crossbar_inst.axi_crossbar_rd_inst.s_ifaces[I].addr_inst.thread_count_reg[J][K]	axi_crossbar_inst.axi_crossbar_rd_inst.s_ifaces[I].addr_inst.state_reg[J]	axi_crossbar_inst.axi_crossbar_rd_inst.s_ifaces[3].addr_inst.thread_count_reg[0][1]$_SDFFE_PP0P_/Q	axi_crossbar_inst.axi_crossbar_rd_inst.s_ifaces[3].addr_inst.state_reg[1]$_SDFF_PP0_/D
389	0.1701	axi_crossbar_inst.axi_crossbar_wr_inst.m_ifaces[I].a_arb_inst.grant_encoded_reg[J]	axi_crossbar_inst.axi_crossbar_wr_inst.s_ifaces[I].addr_inst.s_axi_aready_reg	axi_crossbar_inst.axi_crossbar_wr_inst.m_ifaces[6].a_arb_inst.grant_encoded_reg[2]$_SDFFE_PP0P_/Q	axi_crossbar_inst.axi_crossbar_wr_inst.s_ifaces[3].addr_inst.s_axi_aready_reg$_SDFF_PP0_/D
390	0.1705	axi_crossbar_inst.axi_crossbar_wr_inst.m_ifaces[I].reg_inst.genblkJ.genblkK.s_axi_awready_reg	axi_crossbar_inst.axi_crossbar_wr_inst.s_ifaces[I].addr_inst.state_reg[J]	axi_crossbar_inst.axi_crossbar_wr_inst.m_ifaces[1].reg_inst.genblk1.genblk1.s_axi_awready_reg$_SDFF_PP0_/Q	axi_crossbar_inst.axi_crossbar_wr_inst.s_ifaces[2].addr_inst.state_reg[1]$_SDFF_PP0_/D
391	0.1709	axi_crossbar_inst.axi_crossbar_wr_inst.s_ifaces[I].decerr_m_axi_bvalid_reg	axi_crossbar_inst.axi_crossbar_wr_inst.s_ifaces[I].b_arb_inst.grant_encoded_reg[J]	axi_crossbar_inst.axi_crossbar_wr_inst.s_ifaces[0].decerr_m_axi_bvalid_reg$_SDFF_PP0_/Q	axi_crossbar_inst.axi_crossbar_wr_inst.s_ifaces[0].b_arb_inst.grant_encoded_reg[0]$_SDFFE_PP0P_/D
392	0.1718	axi_crossbar_inst.axi_crossbar_wr_inst.m_ifaces[I].w_select_reg[J]	axi_crossbar_inst.axi_crossbar_wr_inst.m_ifaces[I].reg_inst.genblkJ.temp_m_axi_wvalid_reg	axi_crossbar_inst.axi_crossbar_wr_inst.m_ifaces[2].w_select_reg[0]$_DFFE_PP_/Q	axi_crossbar_inst.axi_crossbar_wr_inst.m_ifaces[2].reg_inst.genblk2.temp_m_axi_wvalid_reg$_SDFFE_PP0P_/D
393	0.1719	axi_crossbar_inst.axi_crossbar_rd_inst.s_ifaces[I].r_arb_inst.mask_reg[J]	axi_crossbar_inst.axi_crossbar_rd_inst.s_ifaces[I].r_arb_inst.grant_encoded_reg[J]	axi_crossbar_inst.axi_crossbar_rd_inst.s_ifaces[5].r_arb_inst.mask_reg[6]$_SDFFE_PP0P_/Q	axi_crossbar_inst.axi_crossbar_rd_inst.s_ifaces[5].r_arb_inst.grant_encoded_reg[0]$_SDFFE_PP0P_/D
394	0.1724	axi_crossbar_inst.axi_crossbar_rd_inst.s_ifaces[I].addr_inst.m_select_reg[J]	axi_crossbar_inst.axi_crossbar_rd_inst.m_ifaces[I].a_arb_inst.grant_valid_reg	axi_crossbar_inst.axi_crossbar_rd_inst.s_ifaces[2].addr_inst.m_select_reg[2]$_DFF_P_/Q	axi_crossbar_inst.axi_crossbar_rd_inst.m_ifaces[6].a_arb_inst.grant_valid_reg$_SDFFE_PP0P_/D
395	0.1735	axi_crossbar_inst.axi_crossbar_wr_inst.s_ifaces[I].addr_inst.s_axi_aid_reg[J]	axi_crossbar_inst.axi_crossbar_wr_inst.s_ifaces[I].addr_inst.m_rc_valid_reg	axi_crossbar_inst.axi_crossbar_wr_inst.s_ifaces[7].addr_inst.s_axi_aid_reg[5]$_DFFE_PP_/Q	axi_crossbar_inst.axi_crossbar_wr_inst.s_ifaces[7].addr_inst.m_rc_valid_reg$_SDFF_PP0_/D
396	0.1736	axi_crossbar_inst.axi_crossbar_rd_inst.s_ifaces[I].addr_inst.m_axi_avalid_reg	axi_crossbar_inst.axi_crossbar_rd_inst.m_ifaces[I].a_arb_inst.grant_valid_reg	axi_crossbar_inst.axi_crossbar_rd_inst.s_ifaces[2].addr_inst.m_axi_avalid_reg$_SDFF_PP0_/Q	axi_crossbar_inst.axi_crossbar_rd_inst.m_ifaces[6].a_arb_inst.grant_valid_reg$_SDFFE_PP0P_/D
397	0.1754	axi_crossbar_inst.axi_crossbar_wr_inst.s_ifaces[I].b_arb_inst.grant_encoded_reg[J]	axi_crossbar_inst.axi_crossbar_wr_inst.s_ifaces[I].reg_inst.genblkJ.genblkK.m_axi_bready_reg	axi_crossbar_inst.axi_crossbar_wr_inst.s_ifaces[3].b_arb_inst.grant_encoded_reg[1]$_SDFFE_PP0P_/Q	axi_crossbar_inst.axi_crossbar_wr_inst.s_ifaces[3].reg_inst.genblk3.genblk1.m_axi_bready_reg$_SDFF_PP0_/D
398	0.1761	axi_crossbar_inst.axi_crossbar_wr_inst.s_ifaces[I].addr_inst.thread_m_reg[J][K]	axi_crossbar_inst.axi_crossbar_wr_inst.s_ifaces[I].addr_inst.thread_id_reg[J][K]	axi_crossbar_inst.axi_crossbar_wr_inst.s_ifaces[0].addr_inst.thread_m_reg[1][2]$_DFFE_PP_/Q	axi_crossbar_inst.axi_crossbar_wr_inst.s_ifaces[0].addr_inst.thread_id_reg[0][0]$_DFFE_PP_/D
399	0.1761	axi_crossbar_inst.axi_crossbar_wr_inst.s_ifaces[I].addr_inst.thread_m_reg[J][K]	axi_crossbar_inst.axi_crossbar_wr_inst.s_ifaces[I].addr_inst.thread_m_reg[J][K]	axi_crossbar_inst.axi_crossbar_wr_inst.s_ifaces[0].addr_inst.thread_m_reg[1][2]$_DFFE_PP_/Q	axi_crossbar_inst.axi_crossbar_wr_inst.s_ifaces[0].addr_inst.thread_m_reg[0][0]$_DFFE_PP_/D
400	0.1768	sI_axi_rready	axi_crossbar_inst.axi_crossbar_rd_inst.s_ifaces[I].reg_inst.genblkJ.s_axi_rvalid_reg	s04_axi_rready	axi_crossbar_inst.axi_crossbar_rd_inst.s_ifaces[4].reg_inst.genblk2.s_axi_rvalid_reg$_SDFFE_PP0P_/D
401	0.1769	axi_crossbar_inst.axi_crossbar_wr_inst.s_ifaces[I].b_arb_inst.grant_encoded_reg[J]	axi_crossbar_inst.axi_crossbar_wr_inst.s_ifaces[I].reg_inst.genblkJ.genblkK.s_axi_bvalid_reg	axi_crossbar_inst.axi_crossbar_wr_inst.s_ifaces[3].b_arb_inst.grant_encoded_reg[1]$_SDFFE_PP0P_/Q	axi_crossbar_inst.axi_crossbar_wr_inst.s_ifaces[3].reg_inst.genblk3.genblk1.s_axi_bvalid_reg$_SDFF_PP0_/D
402	0.1777	axi_crossbar_inst.axi_crossbar_rd_inst.s_ifaces[I].r_arb_inst.grant_reg[J]	axi_crossbar_inst.axi_crossbar_rd_inst.s_ifaces[I].r_arb_inst.grant_encoded_reg[J]	axi_crossbar_inst.axi_crossbar_rd_inst.s_ifaces[2].r_arb_inst.grant_reg[4]$_SDFFE_PP0P_/QN	axi_crossbar_inst.axi_crossbar_rd_inst.s_ifaces[2].r_arb_inst.grant_encoded_reg[0]$_SDFFE_PP0P_/D
403	0.1778	axi_crossbar_inst.axi_crossbar_wr_inst.s_ifaces[I].addr_inst.m_select_reg[J]	axi_crossbar_inst.axi_crossbar_wr_inst.m_ifaces[I].reg_inst.genblkJ.genblkK.s_axi_awready_reg	axi_crossbar_inst.axi_crossbar_wr_inst.s_ifaces[0].addr_inst.m_select_reg[0]$_DFF_P_/Q	axi_crossbar_inst.axi_crossbar_wr_inst.m_ifaces[4].reg_inst.genblk1.genblk1.s_axi_awready_reg$_SDFF_PP0_/D
404	0.1784	axi_crossbar_inst.axi_crossbar_wr_inst.m_ifaces[I].reg_inst.genblkJ.genblkK.s_axi_awready_reg	axi_crossbar_inst.axi_crossbar_wr_inst.s_ifaces[I].addr_inst.s_axi_aready_reg	axi_crossbar_inst.axi_crossbar_wr_inst.m_ifaces[1].reg_inst.genblk1.genblk1.s_axi_awready_reg$_SDFF_PP0_/Q	axi_crossbar_inst.axi_crossbar_wr_inst.s_ifaces[2].addr_inst.s_axi_aready_reg$_SDFF_PP0_/D
405	0.1784	axi_crossbar_inst.axi_crossbar_wr_inst.s_ifaces[I].addr_inst.m_select_reg[J]	axi_crossbar_inst.axi_crossbar_wr_inst.s_ifaces[I].addr_inst.state_reg[J]	axi_crossbar_inst.axi_crossbar_wr_inst.s_ifaces[3].addr_inst.m_select_reg[0]$_DFF_P_/Q	axi_crossbar_inst.axi_crossbar_wr_inst.s_ifaces[3].addr_inst.state_reg[1]$_SDFF_PP0_/D
406	0.1786	axi_crossbar_inst.axi_crossbar_wr_inst.m_ifaces[I].a_arb_inst.grant_valid_reg	axi_crossbar_inst.axi_crossbar_wr_inst.s_ifaces[I].addr_inst.state_reg[J]	axi_crossbar_inst.axi_crossbar_wr_inst.m_ifaces[1].a_arb_inst.grant_valid_reg$_SDFFE_PP0P_/Q	axi_crossbar_inst.axi_crossbar_wr_inst.s_ifaces[2].addr_inst.state_reg[1]$_SDFF_PP0_/D
407	0.1787	axi_crossbar_inst.axi_crossbar_wr_inst.s_ifaces[I].addr_inst.thread_count_reg[J][K]	axi_crossbar_inst.axi_crossbar_wr_inst.s_ifaces[I].addr_inst.m_axi_avalid_reg	axi_crossbar_inst.axi_crossbar_wr_inst.s_ifaces[3].addr_inst.thread_count_reg[0][2]$_SDFFE_PP0P_/Q	axi_crossbar_inst.axi_crossbar_wr_inst.s_ifaces[3].addr_inst.m_axi_avalid_reg$_SDFF_PP0_/D
408	0.1792	axi_crossbar_inst.axi_crossbar_wr_inst.m_ifaces[I].trans_count_reg[J]	axi_crossbar_inst.axi_crossbar_wr_inst.m_ifaces[I].a_arb_inst.mask_reg[J]	axi_crossbar_inst.axi_crossbar_wr_inst.m_ifaces[3].trans_count_reg[2]$_SDFFE_PP0P_/Q	axi_crossbar_inst.axi_crossbar_wr_inst.m_ifaces[3].a_arb_inst.mask_reg[0]$_SDFFE_PP0P_/D
409	0.1810	axi_crossbar_inst.axi_crossbar_wr_inst.s_ifaces[I].addr_inst.m_axi_avalid_reg	axi_crossbar_inst.axi_crossbar_wr_inst.m_ifaces[I].reg_inst.genblkJ.genblkK.s_axi_awready_reg	axi_crossbar_inst.axi_crossbar_wr_inst.s_ifaces[0].addr_inst.m_axi_avalid_reg$_SDFF_PP0_/Q	axi_crossbar_inst.axi_crossbar_wr_inst.m_ifaces[4].reg_inst.genblk1.genblk1.s_axi_awready_reg$_SDFF_PP0_/D
410	0.1811	axi_crossbar_inst.axi_crossbar_rd_inst.s_ifaces[I].addr_inst.thread_count_reg[J][K]	axi_crossbar_inst.axi_crossbar_rd_inst.s_ifaces[I].addr_inst.m_axi_avalid_reg	axi_crossbar_inst.axi_crossbar_rd_inst.s_ifaces[4].addr_inst.thread_count_reg[0][2]$_SDFFE_PP0P_/Q	axi_crossbar_inst.axi_crossbar_rd_inst.s_ifaces[4].addr_inst.m_axi_avalid_reg$_SDFF_PP0_/D
411	0.1811	axi_crossbar_inst.axi_crossbar_wr_inst.m_ifaces[I].a_arb_inst.grant_encoded_reg[J]	axi_crossbar_inst.axi_crossbar_wr_inst.m_ifaces[I].reg_inst.genblkJ.genblkK.s_axi_awready_reg	axi_crossbar_inst.axi_crossbar_wr_inst.m_ifaces[5].a_arb_inst.grant_encoded_reg[1]$_SDFFE_PP0P_/Q	axi_crossbar_inst.axi_crossbar_wr_inst.m_ifaces[5].reg_inst.genblk1.genblk1.s_axi_awready_reg$_SDFF_PP0_/D
412	0.1817	axi_crossbar_inst.axi_crossbar_wr_inst.s_ifaces[I].addr_inst.s_axi_aid_reg[J]	axi_crossbar_inst.axi_crossbar_wr_inst.s_ifaces[I].addr_inst.m_wc_valid_reg	axi_crossbar_inst.axi_crossbar_wr_inst.s_ifaces[7].addr_inst.s_axi_aid_reg[5]$_DFFE_PP_/Q	axi_crossbar_inst.axi_crossbar_wr_inst.s_ifaces[7].addr_inst.m_wc_valid_reg$_SDFF_PP0_/D
413	0.1819	axi_crossbar_inst.axi_crossbar_wr_inst.s_ifaces[I].addr_inst.thread_count_reg[J][K]	axi_crossbar_inst.axi_crossbar_wr_inst.s_ifaces[I].addr_inst.m_rc_valid_reg	axi_crossbar_inst.axi_crossbar_wr_inst.s_ifaces[3].addr_inst.thread_count_reg[0][2]$_SDFFE_PP0P_/Q	axi_crossbar_inst.axi_crossbar_wr_inst.s_ifaces[3].addr_inst.m_rc_valid_reg$_SDFF_PP0_/D
414	0.1823	axi_crossbar_inst.axi_crossbar_wr_inst.m_ifaces[I].a_arb_inst.grant_encoded_reg[J]	axi_crossbar_inst.axi_crossbar_wr_inst.m_ifaces[I].reg_inst.genblkJ.genblkK.m_axi_awvalid_reg	axi_crossbar_inst.axi_crossbar_wr_inst.m_ifaces[5].a_arb_inst.grant_encoded_reg[1]$_SDFFE_PP0P_/Q	axi_crossbar_inst.axi_crossbar_wr_inst.m_ifaces[5].reg_inst.genblk1.genblk1.m_axi_awvalid_reg$_SDFF_PP0_/D
415	0.1830	axi_crossbar_inst.axi_crossbar_wr_inst.m_ifaces[I].w_select_new_reg	axi_crossbar_inst.axi_crossbar_wr_inst.m_ifaces[I].a_arb_inst.grant_reg[J]	axi_crossbar_inst.axi_crossbar_wr_inst.m_ifaces[5].w_select_new_reg$_SDFF_PP1_/Q	axi_crossbar_inst.axi_crossbar_wr_inst.m_ifaces[5].a_arb_inst.grant_reg[0]$_SDFFE_PP0P_/D
416	0.1840	axi_crossbar_inst.axi_crossbar_wr_inst.s_ifaces[I].w_select_reg[J]	axi_crossbar_inst.axi_crossbar_wr_inst.m_ifaces[I].reg_inst.genblkJ.temp_m_axi_wvalid_reg	axi_crossbar_inst.axi_crossbar_wr_inst.s_ifaces[7].w_select_reg[1]$_DFFE_PP_/Q	axi_crossbar_inst.axi_crossbar_wr_inst.m_ifaces[2].reg_inst.genblk2.temp_m_axi_wvalid_reg$_SDFFE_PP0P_/D
417	0.1857	axi_crossbar_inst.axi_crossbar_wr_inst.s_ifaces[I].addr_inst.thread_count_reg[J][K]	axi_crossbar_inst.axi_crossbar_wr_inst.s_ifaces[I].addr_inst.state_reg[J]	axi_crossbar_inst.axi_crossbar_wr_inst.s_ifaces[3].addr_inst.thread_count_reg[0][2]$_SDFFE_PP0P_/Q	axi_crossbar_inst.axi_crossbar_wr_inst.s_ifaces[3].addr_inst.state_reg[1]$_SDFF_PP0_/D
418	0.1860	sI_axi_araddr[J]	axi_crossbar_inst.axi_crossbar_rd_inst.s_ifaces[I].addr_inst.m_decerr_reg	s00_axi_araddr[27]	axi_crossbar_inst.axi_crossbar_rd_inst.s_ifaces[0].addr_inst.m_decerr_reg$_DFFE_PP_/D
419	0.1860	sI_axi_awaddr[J]	axi_crossbar_inst.axi_crossbar_wr_inst.s_ifaces[I].addr_inst.m_decerr_reg	s00_axi_awaddr[29]	axi_crossbar_inst.axi_crossbar_wr_inst.s_ifaces[0].addr_inst.m_decerr_reg$_DFFE_PP_/D
420	0.1862	axi_crossbar_inst.axi_crossbar_rd_inst.s_ifaces[I].reg_inst.genblkJ.m_axi_rready_reg	axi_crossbar_inst.axi_crossbar_rd_inst.s_ifaces[I].decerr_len_reg[J]	axi_crossbar_inst.axi_crossbar_rd_inst.s_ifaces[3].reg_inst.genblk2.m_axi_rready_reg$_SDFF_PP0_/Q	axi_crossbar_inst.axi_crossbar_rd_inst.s_ifaces[3].decerr_len_reg[0]$_DFFE_PP_/D
421	0.1864	axi_crossbar_inst.axi_crossbar_wr_inst.s_ifaces[I].addr_inst.m_select_reg[J]	axi_crossbar_inst.axi_crossbar_wr_inst.s_ifaces[I].addr_inst.s_axi_aready_reg	axi_crossbar_inst.axi_crossbar_wr_inst.s_ifaces[3].addr_inst.m_select_reg[0]$_DFF_P_/Q	axi_crossbar_inst.axi_crossbar_wr_inst.s_ifaces[3].addr_inst.s_axi_aready_reg$_SDFF_PP0_/D
422	0.1865	axi_crossbar_inst.axi_crossbar_wr_inst.m_ifaces[I].a_arb_inst.grant_valid_reg	axi_crossbar_inst.axi_crossbar_wr_inst.s_ifaces[I].addr_inst.s_axi_aready_reg	axi_crossbar_inst.axi_crossbar_wr_inst.m_ifaces[1].a_arb_inst.grant_valid_reg$_SDFFE_PP0P_/Q	axi_crossbar_inst.axi_crossbar_wr_inst.s_ifaces[2].addr_inst.s_axi_aready_reg$_SDFF_PP0_/D
423	0.1870	axi_crossbar_inst.axi_crossbar_wr_inst.s_ifaces[I].addr_inst.s_axi_aid_reg[J]	axi_crossbar_inst.axi_crossbar_wr_inst.s_ifaces[I].addr_inst.state_reg[J]	axi_crossbar_inst.axi_crossbar_wr_inst.s_ifaces[7].addr_inst.s_axi_aid_reg[5]$_DFFE_PP_/Q	axi_crossbar_inst.axi_crossbar_wr_inst.s_ifaces[7].addr_inst.state_reg[1]$_SDFF_PP0_/D
424	0.1877	axi_crossbar_inst.axi_crossbar_rd_inst.s_ifaces[I].addr_inst.m_select_reg[J]	axi_crossbar_inst.axi_crossbar_rd_inst.s_ifaces[I].addr_inst.state_reg[J]	axi_crossbar_inst.axi_crossbar_rd_inst.s_ifaces[1].addr_inst.m_select_reg[0]$_DFF_P_/Q	axi_crossbar_inst.axi_crossbar_rd_inst.s_ifaces[1].addr_inst.state_reg[1]$_SDFF_PP0_/D
425	0.1882	axi_crossbar_inst.axi_crossbar_rd_inst.m_ifaces[I].reg_inst.genblkJ.genblkK.s_axi_arready_reg	axi_crossbar_inst.axi_crossbar_rd_inst.s_ifaces[I].addr_inst.state_reg[J]	axi_crossbar_inst.axi_crossbar_rd_inst.m_ifaces[0].reg_inst.genblk1.genblk1.s_axi_arready_reg$_SDFF_PP0_/Q	axi_crossbar_inst.axi_crossbar_rd_inst.s_ifaces[4].addr_inst.state_reg[1]$_SDFF_PP0_/D
426	0.1886	axi_crossbar_inst.axi_crossbar_rd_inst.s_ifaces[I].r_arb_inst.grant_encoded_reg[J]	axi_crossbar_inst.axi_crossbar_rd_inst.s_ifaces[I].reg_inst.genblkJ.s_axi_rlast_reg	axi_crossbar_inst.axi_crossbar_rd_inst.s_ifaces[7].r_arb_inst.grant_encoded_reg[1]$_SDFFE_PP0P_/Q	axi_crossbar_inst.axi_crossbar_rd_inst.s_ifaces[7].reg_inst.genblk2.s_axi_rlast_reg$_DFFE_PP_/D
427	0.1896	axi_crossbar_inst.axi_crossbar_rd_inst.s_ifaces[I].reg_inst.genblkJ.m_axi_rready_reg	axi_crossbar_inst.axi_crossbar_rd_inst.m_ifaces[I].a_arb_inst.grant_valid_reg	axi_crossbar_inst.axi_crossbar_rd_inst.s_ifaces[1].reg_inst.genblk2.m_axi_rready_reg$_SDFF_PP0_/Q	axi_crossbar_inst.axi_crossbar_rd_inst.m_ifaces[2].a_arb_inst.grant_valid_reg$_SDFFE_PP0P_/D
428	0.1896	axi_crossbar_inst.axi_crossbar_rd_inst.s_ifaces[I].addr_inst.m_select_reg[J]	axi_crossbar_inst.axi_crossbar_rd_inst.m_ifaces[I].reg_inst.genblkJ.genblkK.s_axi_arready_reg	axi_crossbar_inst.axi_crossbar_rd_inst.s_ifaces[4].addr_inst.m_select_reg[2]$_DFF_P_/Q	axi_crossbar_inst.axi_crossbar_rd_inst.m_ifaces[5].reg_inst.genblk1.genblk1.s_axi_arready_reg$_SDFF_PP0_/D
429	0.1897	axi_crossbar_inst.axi_crossbar_wr_inst.m_ifaces[I].reg_inst.genblkJ.genblkK.s_axi_awready_reg	axi_crossbar_inst.axi_crossbar_wr_inst.m_ifaces[I].trans_count_reg[J]	axi_crossbar_inst.axi_crossbar_wr_inst.m_ifaces[5].reg_inst.genblk1.genblk1.s_axi_awready_reg$_SDFF_PP0_/Q	axi_crossbar_inst.axi_crossbar_wr_inst.m_ifaces[5].trans_count_reg[2]$_SDFFE_PP0P_/D
430	0.1898	axi_crossbar_inst.axi_crossbar_rd_inst.s_ifaces[I].r_arb_inst.grant_encoded_reg[J]	axi_crossbar_inst.axi_crossbar_rd_inst.s_ifaces[I].decerr_m_axi_rvalid_reg	axi_crossbar_inst.axi_crossbar_rd_inst.s_ifaces[2].r_arb_inst.grant_encoded_reg[1]$_SDFFE_PP0P_/Q	axi_crossbar_inst.axi_crossbar_rd_inst.s_ifaces[2].decerr_m_axi_rvalid_reg$_SDFF_PP0_/D
431	0.1899	axi_crossbar_inst.axi_crossbar_wr_inst.s_ifaces[I].addr_inst.thread_id_reg[J][K]	axi_crossbar_inst.axi_crossbar_wr_inst.s_ifaces[I].addr_inst.m_axi_avalid_reg	axi_crossbar_inst.axi_crossbar_wr_inst.s_ifaces[7].addr_inst.thread_id_reg[0][5]$_DFFE_PP_/Q	axi_crossbar_inst.axi_crossbar_wr_inst.s_ifaces[7].addr_inst.m_axi_avalid_reg$_SDFF_PP0_/D
432	0.1900	axi_crossbar_inst.axi_crossbar_wr_inst.s_ifaces[I].b_arb_inst.grant_encoded_reg[J]	axi_crossbar_inst.axi_crossbar_wr_inst.s_ifaces[I].addr_inst.s_cpl_id_reg[J]	axi_crossbar_inst.axi_crossbar_wr_inst.s_ifaces[3].b_arb_inst.grant_encoded_reg[1]$_SDFFE_PP0P_/Q	axi_crossbar_inst.axi_crossbar_wr_inst.s_ifaces[3].addr_inst.s_cpl_id_reg[0]$_DFF_P_/D
433	0.1903	axi_crossbar_inst.axi_crossbar_wr_inst.s_ifaces[I].addr_inst.m_select_reg[J]	axi_crossbar_inst.axi_crossbar_wr_inst.m_ifaces[I].a_arb_inst.grant_valid_reg	axi_crossbar_inst.axi_crossbar_wr_inst.s_ifaces[4].addr_inst.m_select_reg[2]$_DFF_P_/Q	axi_crossbar_inst.axi_crossbar_wr_inst.m_ifaces[4].a_arb_inst.grant_valid_reg$_SDFFE_PP0P_/D
434	0.1903	axi_crossbar_inst.axi_crossbar_wr_inst.m_ifaces[I].w_select_reg[J]	axi_crossbar_inst.axi_crossbar_wr_inst.m_ifaces[I].w_select_valid_reg	axi_crossbar_inst.axi_crossbar_wr_inst.m_ifaces[3].w_select_reg[0]$_DFFE_PP_/Q	axi_crossbar_inst.axi_crossbar_wr_inst.m_ifaces[3].w_select_valid_reg$_SDFF_PP0_/D
435	0.1910	axi_crossbar_inst.axi_crossbar_wr_inst.m_ifaces[I].reg_inst.genblkJ.s_axi_wready_reg	axi_crossbar_inst.axi_crossbar_wr_inst.m_ifaces[I].a_arb_inst.grant_reg[J]	axi_crossbar_inst.axi_crossbar_wr_inst.m_ifaces[6].reg_inst.genblk2.s_axi_wready_reg$_SDFF_PP0_/Q	axi_crossbar_inst.axi_crossbar_wr_inst.m_ifaces[6].a_arb_inst.grant_reg[0]$_SDFFE_PP0P_/D
436	0.1911	axi_crossbar_inst.axi_crossbar_rd_inst.s_ifaces[I].r_arb_inst.grant_encoded_reg[J]	axi_crossbar_inst.axi_crossbar_rd_inst.m_ifaces[I].a_arb_inst.grant_valid_reg	axi_crossbar_inst.axi_crossbar_rd_inst.s_ifaces[1].r_arb_inst.grant_encoded_reg[1]$_SDFFE_PP0P_/Q	axi_crossbar_inst.axi_crossbar_rd_inst.m_ifaces[4].a_arb_inst.grant_valid_reg$_SDFFE_PP0P_/D
437	0.1918	axi_crossbar_inst.axi_crossbar_wr_inst.s_ifaces[I].w_drop_reg	axi_crossbar_inst.axi_crossbar_wr_inst.m_ifaces[I].a_arb_inst.grant_valid_reg	axi_crossbar_inst.axi_crossbar_wr_inst.s_ifaces[7].w_drop_reg$_DFF_P_/QN	axi_crossbar_inst.axi_crossbar_wr_inst.m_ifaces[2].a_arb_inst.grant_valid_reg$_SDFFE_PP0P_/D
438	0.1919	sI_axi_arvalid	axi_crossbar_inst.axi_crossbar_rd_inst.s_ifaces[I].addr_inst.thread_m_reg[J][K]	s00_axi_arvalid	axi_crossbar_inst.axi_crossbar_rd_inst.s_ifaces[0].addr_inst.thread_m_reg[0][0]$_DFFE_PP_/D
439	0.1919	sI_axi_awvalid	axi_crossbar_inst.axi_crossbar_wr_inst.s_ifaces[I].addr_inst.thread_m_reg[J][K]	s00_axi_awvalid	axi_crossbar_inst.axi_crossbar_wr_inst.s_ifaces[0].addr_inst.thread_m_reg[0][1]$_DFFE_PP_/D
440	0.1921	axi_crossbar_inst.axi_crossbar_rd_inst.s_ifaces[I].addr_inst.thread_id_reg[J][K]	axi_crossbar_inst.axi_crossbar_rd_inst.s_ifaces[I].addr_inst.m_axi_avalid_reg	axi_crossbar_inst.axi_crossbar_rd_inst.s_ifaces[4].addr_inst.thread_id_reg[1][6]$_DFFE_PP_/Q	axi_crossbar_inst.axi_crossbar_rd_inst.s_ifaces[4].addr_inst.m_axi_avalid_reg$_SDFF_PP0_/D
441	0.1936	axi_crossbar_inst.axi_crossbar_rd_inst.m_ifaces[I].reg_inst.genblkJ.genblkK.s_axi_arready_reg	axi_crossbar_inst.axi_crossbar_rd_inst.m_ifaces[I].trans_count_reg[J]	axi_crossbar_inst.axi_crossbar_rd_inst.m_ifaces[3].reg_inst.genblk1.genblk1.s_axi_arready_reg$_SDFF_PP0_/Q	axi_crossbar_inst.axi_crossbar_rd_inst.m_ifaces[3].trans_count_reg[2]$_SDFFE_PP0P_/D
442	0.1941	axi_crossbar_inst.axi_crossbar_wr_inst.m_ifaces[I].w_select_reg[J]	axi_crossbar_inst.axi_crossbar_wr_inst.m_ifaces[I].reg_inst.genblkJ.m_axi_wvalid_reg	axi_crossbar_inst.axi_crossbar_wr_inst.m_ifaces[2].w_select_reg[0]$_DFFE_PP_/Q	axi_crossbar_inst.axi_crossbar_wr_inst.m_ifaces[2].reg_inst.genblk2.m_axi_wvalid_reg$_SDFFE_PP0P_/D
443	0.1943	axi_crossbar_inst.axi_crossbar_wr_inst.s_ifaces[I].w_select_reg[J]	axi_crossbar_inst.axi_crossbar_wr_inst.m_ifaces[I].w_select_valid_reg	axi_crossbar_inst.axi_crossbar_wr_inst.s_ifaces[4].w_select_reg[0]$_DFFE_PP_/Q	axi_crossbar_inst.axi_crossbar_wr_inst.m_ifaces[4].w_select_valid_reg$_SDFF_PP0_/D
444	0.1949	axi_crossbar_inst.axi_crossbar_rd_inst.s_ifaces[I].r_arb_inst.grant_valid_reg	axi_crossbar_inst.axi_crossbar_rd_inst.m_ifaces[I].a_arb_inst.grant_valid_reg	axi_crossbar_inst.axi_crossbar_rd_inst.s_ifaces[3].r_arb_inst.grant_valid_reg$_SDFFE_PP0P_/Q	axi_crossbar_inst.axi_crossbar_rd_inst.m_ifaces[2].a_arb_inst.grant_valid_reg$_SDFFE_PP0P_/D
445	0.1954	mI_axi_wready	axi_crossbar_inst.axi_crossbar_wr_inst.m_ifaces[I].reg_inst.genblkJ.m_axi_wlast_reg	m06_axi_wready	axi_crossbar_inst.axi_crossbar_wr_inst.m_ifaces[6].reg_inst.genblk2.m_axi_wlast_reg$_DFFE_PP_/D
446	0.1957	axi_crossbar_inst.axi_crossbar_wr_inst.s_ifaces[I].w_select_valid_reg	axi_crossbar_inst.axi_crossbar_wr_inst.m_ifaces[I].reg_inst.genblkJ.temp_m_axi_wvalid_reg	axi_crossbar_inst.axi_crossbar_wr_inst.s_ifaces[3].w_select_valid_reg$_SDFF_PP0_/Q	axi_crossbar_inst.axi_crossbar_wr_inst.m_ifaces[2].reg_inst.genblk2.temp_m_axi_wvalid_reg$_SDFFE_PP0P_/D
447	0.1960	axi_crossbar_inst.axi_crossbar_rd_inst.m_ifaces[I].a_arb_inst.grant_encoded_reg[J]	axi_crossbar_inst.axi_crossbar_rd_inst.s_ifaces[I].addr_inst.state_reg[J]	axi_crossbar_inst.axi_crossbar_rd_inst.m_ifaces[0].a_arb_inst.grant_encoded_reg[2]$_SDFFE_PP0P_/Q	axi_crossbar_inst.axi_crossbar_rd_inst.s_ifaces[5].addr_inst.state_reg[1]$_SDFF_PP0_/D
448	0.1963	axi_crossbar_inst.axi_crossbar_wr_inst.s_ifaces[I].addr_inst.m_axi_avalid_reg	axi_crossbar_inst.axi_crossbar_wr_inst.m_ifaces[I].a_arb_inst.grant_valid_reg	axi_crossbar_inst.axi_crossbar_wr_inst.s_ifaces[2].addr_inst.m_axi_avalid_reg$_SDFF_PP0_/Q	axi_crossbar_inst.axi_crossbar_wr_inst.m_ifaces[3].a_arb_inst.grant_valid_reg$_SDFFE_PP0P_/D
449	0.1980	axi_crossbar_inst.axi_crossbar_wr_inst.s_ifaces[I].addr_inst.m_select_reg[J]	axi_crossbar_inst.axi_crossbar_wr_inst.m_ifaces[I].w_select_new_reg	axi_crossbar_inst.axi_crossbar_wr_inst.s_ifaces[4].addr_inst.m_select_reg[2]$_DFF_P_/Q	axi_crossbar_inst.axi_crossbar_wr_inst.m_ifaces[4].w_select_new_reg$_SDFF_PP1_/D
450	0.1995	axi_crossbar_inst.axi_crossbar_rd_inst.s_ifaces[I].decerr_m_axi_rlast_reg	axi_crossbar_inst.axi_crossbar_rd_inst.s_ifaces[I].r_arb_inst.mask_reg[J]	axi_crossbar_inst.axi_crossbar_rd_inst.s_ifaces[6].decerr_m_axi_rlast_reg$_DFFE_PP_/Q	axi_crossbar_inst.axi_crossbar_rd_inst.s_ifaces[6].r_arb_inst.mask_reg[4]$_SDFFE_PP0P_/D
451	0.2000	sI_axi_rready	axi_crossbar_inst.axi_crossbar_rd_inst.s_ifaces[I].reg_inst.genblkJ.temp_s_axi_rvalid_reg	s05_axi_rready	axi_crossbar_inst.axi_crossbar_rd_inst.s_ifaces[5].reg_inst.genblk2.temp_s_axi_rvalid_reg$_SDFFE_PP0P_/D
452	0.2002	axi_crossbar_inst.axi_crossbar_rd_inst.s_ifaces[I].addr_inst.m_select_reg[J]	axi_crossbar_inst.axi_crossbar_rd_inst.s_ifaces[I].addr_inst.m_rc_valid_reg	axi_crossbar_inst.axi_crossbar_rd_inst.s_ifaces[1].addr_inst.m_select_reg[2]$_DFF_P_/Q	axi_crossbar_inst.axi_crossbar_rd_inst.s_ifaces[1].addr_inst.m_rc_valid_reg$_SDFF_PP0_/D
453	0.2016	axi_crossbar_inst.axi_crossbar_wr_inst.m_ifaces[I].w_select_valid_reg	axi_crossbar_inst.axi_crossbar_wr_inst.m_ifaces[I].a_arb_inst.grant_reg[J]	axi_crossbar_inst.axi_crossbar_wr_inst.m_ifaces[5].w_select_valid_reg$_SDFF_PP0_/QN	axi_crossbar_inst.axi_crossbar_wr_inst.m_ifaces[5].a_arb_inst.grant_reg[0]$_SDFFE_PP0P_/D
454	0.2027	axi_crossbar_inst.axi_crossbar_rd_inst.s_ifaces[I].reg_inst.genblkJ.m_axi_rready_reg	axi_crossbar_inst.axi_crossbar_rd_inst.s_ifaces[I].decerr_m_axi_rlast_reg	axi_crossbar_inst.axi_crossbar_rd_inst.s_ifaces[3].reg_inst.genblk2.m_axi_rready_reg$_SDFF_PP0_/Q	axi_crossbar_inst.axi_crossbar_rd_inst.s_ifaces[3].decerr_m_axi_rlast_reg$_DFFE_PP_/D
455	0.2031	axi_crossbar_inst.axi_crossbar_rd_inst.s_ifaces[I].addr_inst.m_select_reg[J]	axi_crossbar_inst.axi_crossbar_rd_inst.m_ifaces[I].reg_inst.genblkJ.genblkK.m_axi_arvalid_reg	axi_crossbar_inst.axi_crossbar_rd_inst.s_ifaces[4].addr_inst.m_select_reg[2]$_DFF_P_/Q	axi_crossbar_inst.axi_crossbar_rd_inst.m_ifaces[5].reg_inst.genblk1.genblk1.m_axi_arvalid_reg$_SDFF_PP0_/D
456	0.2037	axi_crossbar_inst.axi_crossbar_wr_inst.m_ifaces[I].reg_inst.genblkJ.genblkK.s_axi_awready_reg	axi_crossbar_inst.axi_crossbar_wr_inst.m_ifaces[I].a_arb_inst.mask_reg[J]	axi_crossbar_inst.axi_crossbar_wr_inst.m_ifaces[7].reg_inst.genblk1.genblk1.s_axi_awready_reg$_SDFF_PP0_/Q	axi_crossbar_inst.axi_crossbar_wr_inst.m_ifaces[7].a_arb_inst.mask_reg[2]$_SDFFE_PP0P_/D
457	0.2038	axi_crossbar_inst.axi_crossbar_rd_inst.s_ifaces[I].reg_inst.genblkJ.m_axi_rready_reg	axi_crossbar_inst.axi_crossbar_rd_inst.s_ifaces[I].r_arb_inst.grant_reg[J]	axi_crossbar_inst.axi_crossbar_rd_inst.s_ifaces[0].reg_inst.genblk2.m_axi_rready_reg$_SDFF_PP0_/Q	axi_crossbar_inst.axi_crossbar_rd_inst.s_ifaces[0].r_arb_inst.grant_reg[0]$_SDFFE_PP0P_/D
458	0.2047	axi_crossbar_inst.axi_crossbar_wr_inst.s_ifaces[I].addr_inst.m_select_reg[J]	axi_crossbar_inst.axi_crossbar_wr_inst.s_ifaces[I].addr_inst.m_axi_avalid_reg	axi_crossbar_inst.axi_crossbar_wr_inst.s_ifaces[5].addr_inst.m_select_reg[0]$_DFF_P_/Q	axi_crossbar_inst.axi_crossbar_wr_inst.s_ifaces[5].addr_inst.m_axi_avalid_reg$_SDFF_PP0_/D
459	0.2052	axi_crossbar_inst.axi_crossbar_wr_inst.s_ifaces[I].w_select_valid_reg	axi_crossbar_inst.axi_crossbar_wr_inst.m_ifaces[I].reg_inst.genblkJ.m_axi_wvalid_reg	axi_crossbar_inst.axi_crossbar_wr_inst.s_ifaces[7].w_select_valid_reg$_SDFF_PP0_/Q	axi_crossbar_inst.axi_crossbar_wr_inst.m_ifaces[0].reg_inst.genblk2.m_axi_wvalid_reg$_SDFFE_PP0P_/D
460	0.2058	axi_crossbar_inst.axi_crossbar_wr_inst.s_ifaces[I].addr_inst.thread_id_reg[J][K]	axi_crossbar_inst.axi_crossbar_wr_inst.s_ifaces[I].addr_inst.m_rc_valid_reg	axi_crossbar_inst.axi_crossbar_wr_inst.s_ifaces[7].addr_inst.thread_id_reg[0][5]$_DFFE_PP_/Q	axi_crossbar_inst.axi_crossbar_wr_inst.s_ifaces[7].addr_inst.m_rc_valid_reg$_SDFF_PP0_/D
461	0.2063	axi_crossbar_inst.axi_crossbar_wr_inst.s_ifaces[I].w_select_reg[J]	axi_crossbar_inst.axi_crossbar_wr_inst.m_ifaces[I].reg_inst.genblkJ.m_axi_wvalid_reg	axi_crossbar_inst.axi_crossbar_wr_inst.s_ifaces[7].w_select_reg[1]$_DFFE_PP_/Q	axi_crossbar_inst.axi_crossbar_wr_inst.m_ifaces[2].reg_inst.genblk2.m_axi_wvalid_reg$_SDFFE_PP0P_/D
462	0.2069	axi_crossbar_inst.axi_crossbar_wr_inst.s_ifaces[I].w_select_valid_reg	axi_crossbar_inst.axi_crossbar_wr_inst.m_ifaces[I].reg_inst.genblkJ.s_axi_wready_reg	axi_crossbar_inst.axi_crossbar_wr_inst.s_ifaces[2].w_select_valid_reg$_SDFF_PP0_/Q	axi_crossbar_inst.axi_crossbar_wr_inst.m_ifaces[6].reg_inst.genblk2.s_axi_wready_reg$_SDFF_PP0_/D
463	0.2092	mI_axi_wready	axi_crossbar_inst.axi_crossbar_wr_inst.m_ifaces[I].reg_inst.genblkJ.m_axi_wvalid_reg	m06_axi_wready	axi_crossbar_inst.axi_crossbar_wr_inst.m_ifaces[6].reg_inst.genblk2.m_axi_wvalid_reg$_SDFFE_PP0P_/D
464	0.2092	axi_crossbar_inst.axi_crossbar_wr_inst.s_ifaces[I].addr_inst.thread_count_reg[J][K]	axi_crossbar_inst.axi_crossbar_wr_inst.s_ifaces[I].addr_inst.m_wc_valid_reg	axi_crossbar_inst.axi_crossbar_wr_inst.s_ifaces[3].addr_inst.thread_count_reg[0][2]$_SDFFE_PP0P_/Q	axi_crossbar_inst.axi_crossbar_wr_inst.s_ifaces[3].addr_inst.m_wc_valid_reg$_SDFF_PP0_/D
465	0.2097	axi_crossbar_inst.axi_crossbar_rd_inst.s_ifaces[I].addr_inst.m_select_reg[J]	axi_crossbar_inst.axi_crossbar_rd_inst.s_ifaces[I].addr_inst.m_axi_avalid_reg	axi_crossbar_inst.axi_crossbar_rd_inst.s_ifaces[0].addr_inst.m_select_reg[0]$_DFF_P_/Q	axi_crossbar_inst.axi_crossbar_rd_inst.s_ifaces[0].addr_inst.m_axi_avalid_reg$_SDFF_PP0_/D
466	0.2097	axi_crossbar_inst.axi_crossbar_wr_inst.m_ifaces[I].w_select_reg[J]	axi_crossbar_inst.axi_crossbar_wr_inst.m_ifaces[I].reg_inst.genblkJ.s_axi_wready_reg	axi_crossbar_inst.axi_crossbar_wr_inst.m_ifaces[6].w_select_reg[2]$_DFFE_PP_/Q	axi_crossbar_inst.axi_crossbar_wr_inst.m_ifaces[6].reg_inst.genblk2.s_axi_wready_reg$_SDFF_PP0_/D
467	0.2104	axi_crossbar_inst.axi_crossbar_wr_inst.s_ifaces[I].w_select_reg[J]	axi_crossbar_inst.axi_crossbar_wr_inst.m_ifaces[I].reg_inst.genblkJ.s_axi_wready_reg	axi_crossbar_inst.axi_crossbar_wr_inst.s_ifaces[5].w_select_reg[1]$_DFFE_PP_/Q	axi_crossbar_inst.axi_crossbar_wr_inst.m_ifaces[6].reg_inst.genblk2.s_axi_wready_reg$_SDFF_PP0_/D
468	0.2106	axi_crossbar_inst.axi_crossbar_wr_inst.s_ifaces[I].b_arb_inst.grant_encoded_reg[J]	axi_crossbar_inst.axi_crossbar_wr_inst.s_ifaces[I].addr_inst.s_cpl_valid_reg	axi_crossbar_inst.axi_crossbar_wr_inst.s_ifaces[3].b_arb_inst.grant_encoded_reg[1]$_SDFFE_PP0P_/Q	axi_crossbar_inst.axi_crossbar_wr_inst.s_ifaces[3].addr_inst.s_cpl_valid_reg$_DFF_P_/D
469	0.2128	axi_crossbar_inst.axi_crossbar_rd_inst.m_ifaces[I].reg_inst.genblkJ.genblkK.s_axi_arready_reg	axi_crossbar_inst.axi_crossbar_rd_inst.s_ifaces[I].addr_inst.s_axi_aready_reg	axi_crossbar_inst.axi_crossbar_rd_inst.m_ifaces[0].reg_inst.genblk1.genblk1.s_axi_arready_reg$_SDFF_PP0_/Q	axi_crossbar_inst.axi_crossbar_rd_inst.s_ifaces[4].addr_inst.s_axi_aready_reg$_SDFF_PP0_/D
470	0.2137	axi_crossbar_inst.axi_crossbar_rd_inst.s_ifaces[I].reg_inst.genblkJ.m_axi_rready_reg	axi_crossbar_inst.axi_crossbar_rd_inst.s_ifaces[I].r_arb_inst.grant_encoded_reg[J]	axi_crossbar_inst.axi_crossbar_rd_inst.s_ifaces[0].reg_inst.genblk2.m_axi_rready_reg$_SDFF_PP0_/Q	axi_crossbar_inst.axi_crossbar_rd_inst.s_ifaces[0].r_arb_inst.grant_encoded_reg[2]$_SDFFE_PP0P_/D
471	0.2141	axi_crossbar_inst.axi_crossbar_wr_inst.s_ifaces[I].addr_inst.thread_id_reg[J][K]	axi_crossbar_inst.axi_crossbar_wr_inst.s_ifaces[I].addr_inst.m_wc_valid_reg	axi_crossbar_inst.axi_crossbar_wr_inst.s_ifaces[7].addr_inst.thread_id_reg[0][5]$_DFFE_PP_/Q	axi_crossbar_inst.axi_crossbar_wr_inst.s_ifaces[7].addr_inst.m_wc_valid_reg$_SDFF_PP0_/D
472	0.2147	axi_crossbar_inst.axi_crossbar_wr_inst.s_ifaces[I].w_select_valid_reg	axi_crossbar_inst.axi_crossbar_wr_inst.m_ifaces[I].w_select_valid_reg	axi_crossbar_inst.axi_crossbar_wr_inst.s_ifaces[0].w_select_valid_reg$_SDFF_PP0_/Q	axi_crossbar_inst.axi_crossbar_wr_inst.m_ifaces[6].w_select_valid_reg$_SDFF_PP0_/D
473	0.2153	axi_crossbar_inst.axi_crossbar_rd_inst.s_ifaces[I].decerr_len_reg[J]	axi_crossbar_inst.axi_crossbar_rd_inst.s_ifaces[I].decerr_len_reg[J]	axi_crossbar_inst.axi_crossbar_rd_inst.s_ifaces[1].decerr_len_reg[1]$_DFFE_PP_/QN	axi_crossbar_inst.axi_crossbar_rd_inst.s_ifaces[1].decerr_len_reg[0]$_DFFE_PP_/D
474	0.2153	axi_crossbar_inst.axi_crossbar_rd_inst.s_ifaces[I].decerr_len_reg[J]	axi_crossbar_inst.axi_crossbar_rd_inst.s_ifaces[I].decerr_m_axi_rlast_reg	axi_crossbar_inst.axi_crossbar_rd_inst.s_ifaces[1].decerr_len_reg[1]$_DFFE_PP_/QN	axi_crossbar_inst.axi_crossbar_rd_inst.s_ifaces[1].decerr_m_axi_rlast_reg$_DFFE_PP_/D
475	0.2159	axi_crossbar_inst.axi_crossbar_rd_inst.s_ifaces[I].addr_inst.m_select_reg[J]	axi_crossbar_inst.axi_crossbar_rd_inst.s_ifaces[I].addr_inst.s_axi_aready_reg	axi_crossbar_inst.axi_crossbar_rd_inst.s_ifaces[6].addr_inst.m_select_reg[0]$_DFF_P_/Q	axi_crossbar_inst.axi_crossbar_rd_inst.s_ifaces[6].addr_inst.s_axi_aready_reg$_SDFF_PP0_/D
476	0.2164	sI_axi_awvalid	axi_crossbar_inst.axi_crossbar_wr_inst.s_ifaces[I].addr_inst.m_decerr_reg	s01_axi_awvalid	axi_crossbar_inst.axi_crossbar_wr_inst.s_ifaces[1].addr_inst.m_decerr_reg$_DFFE_PP_/D
477	0.2165	sI_axi_arvalid	axi_crossbar_inst.axi_crossbar_rd_inst.s_ifaces[I].addr_inst.m_decerr_reg	s01_axi_arvalid	axi_crossbar_inst.axi_crossbar_rd_inst.s_ifaces[1].addr_inst.m_decerr_reg$_DFFE_PP_/D
478	0.2168	axi_crossbar_inst.axi_crossbar_rd_inst.m_ifaces[I].a_arb_inst.grant_valid_reg	axi_crossbar_inst.axi_crossbar_rd_inst.s_ifaces[I].addr_inst.state_reg[J]	axi_crossbar_inst.axi_crossbar_rd_inst.m_ifaces[3].a_arb_inst.grant_valid_reg$_SDFFE_PP0P_/Q	axi_crossbar_inst.axi_crossbar_rd_inst.s_ifaces[4].addr_inst.state_reg[1]$_SDFF_PP0_/D
479	0.2169	axi_crossbar_inst.axi_crossbar_wr_inst.s_ifaces[I].addr_inst.m_axi_avalid_reg	axi_crossbar_inst.axi_crossbar_wr_inst.m_ifaces[I].w_select_new_reg	axi_crossbar_inst.axi_crossbar_wr_inst.s_ifaces[7].addr_inst.m_axi_avalid_reg$_SDFF_PP0_/Q	axi_crossbar_inst.axi_crossbar_wr_inst.m_ifaces[4].w_select_new_reg$_SDFF_PP1_/D
480	0.2182	axi_crossbar_inst.axi_crossbar_rd_inst.s_ifaces[I].r_arb_inst.grant_valid_reg	axi_crossbar_inst.axi_crossbar_rd_inst.s_ifaces[I].decerr_len_reg[J]	axi_crossbar_inst.axi_crossbar_rd_inst.s_ifaces[3].r_arb_inst.grant_valid_reg$_SDFFE_PP0P_/Q	axi_crossbar_inst.axi_crossbar_rd_inst.s_ifaces[3].decerr_len_reg[0]$_DFFE_PP_/D
481	0.2191	axi_crossbar_inst.axi_crossbar_wr_inst.m_ifaces[I].a_arb_inst.grant_encoded_reg[J]	axi_crossbar_inst.axi_crossbar_wr_inst.s_ifaces[I].addr_inst.m_axi_avalid_reg	axi_crossbar_inst.axi_crossbar_wr_inst.m_ifaces[5].a_arb_inst.grant_encoded_reg[1]$_SDFFE_PP0P_/Q	axi_crossbar_inst.axi_crossbar_wr_inst.s_ifaces[5].addr_inst.m_axi_avalid_reg$_SDFF_PP0_/D
482	0.2193	axi_crossbar_inst.axi_crossbar_wr_inst.s_ifaces[I].addr_inst.thread_id_reg[J][K]	axi_crossbar_inst.axi_crossbar_wr_inst.s_ifaces[I].addr_inst.state_reg[J]	axi_crossbar_inst.axi_crossbar_wr_inst.s_ifaces[7].addr_inst.thread_id_reg[0][5]$_DFFE_PP_/Q	axi_crossbar_inst.axi_crossbar_wr_inst.s_ifaces[7].addr_inst.state_reg[1]$_SDFF_PP0_/D
483	0.2210	axi_crossbar_inst.axi_crossbar_wr_inst.m_ifaces[I].a_arb_inst.grant_valid_reg	axi_crossbar_inst.axi_crossbar_wr_inst.m_ifaces[I].a_arb_inst.grant_encoded_reg[J]	axi_crossbar_inst.axi_crossbar_wr_inst.m_ifaces[5].a_arb_inst.grant_valid_reg$_SDFFE_PP0P_/Q	axi_crossbar_inst.axi_crossbar_wr_inst.m_ifaces[5].a_arb_inst.grant_encoded_reg[2]$_SDFFE_PP0P_/D
484	0.2224	sI_axi_rready	axi_crossbar_inst.axi_crossbar_rd_inst.s_ifaces[I].reg_inst.genblkJ.m_axi_rready_reg	s04_axi_rready	axi_crossbar_inst.axi_crossbar_rd_inst.s_ifaces[4].reg_inst.genblk2.m_axi_rready_reg$_SDFF_PP0_/D
485	0.2229	axi_crossbar_inst.axi_crossbar_wr_inst.s_ifaces[I].addr_inst.m_select_reg[J]	axi_crossbar_inst.axi_crossbar_wr_inst.s_ifaces[I].addr_inst.m_rc_valid_reg	axi_crossbar_inst.axi_crossbar_wr_inst.s_ifaces[2].addr_inst.m_select_reg[1]$_DFF_P_/Q	axi_crossbar_inst.axi_crossbar_wr_inst.s_ifaces[2].addr_inst.m_rc_valid_reg$_SDFF_PP0_/D
486	0.2233	axi_crossbar_inst.axi_crossbar_rd_inst.m_ifaces[I].a_arb_inst.grant_encoded_reg[J]	axi_crossbar_inst.axi_crossbar_rd_inst.s_ifaces[I].addr_inst.s_axi_aready_reg	axi_crossbar_inst.axi_crossbar_rd_inst.m_ifaces[3].a_arb_inst.grant_encoded_reg[1]$_SDFFE_PP0P_/Q	axi_crossbar_inst.axi_crossbar_rd_inst.s_ifaces[7].addr_inst.s_axi_aready_reg$_SDFF_PP0_/D
487	0.2234	axi_crossbar_inst.axi_crossbar_wr_inst.m_ifaces[I].a_arb_inst.grant_valid_reg	axi_crossbar_inst.axi_crossbar_wr_inst.m_ifaces[I].trans_count_reg[J]	axi_crossbar_inst.axi_crossbar_wr_inst.m_ifaces[1].a_arb_inst.grant_valid_reg$_SDFFE_PP0P_/Q	axi_crossbar_inst.axi_crossbar_wr_inst.m_ifaces[1].trans_count_reg[2]$_SDFFE_PP0P_/D
488	0.2237	axi_crossbar_inst.axi_crossbar_wr_inst.m_ifaces[I].reg_inst.genblkJ.s_axi_wready_reg	axi_crossbar_inst.axi_crossbar_wr_inst.m_ifaces[I].a_arb_inst.grant_encoded_reg[J]	axi_crossbar_inst.axi_crossbar_wr_inst.m_ifaces[6].reg_inst.genblk2.s_axi_wready_reg$_SDFF_PP0_/Q	axi_crossbar_inst.axi_crossbar_wr_inst.m_ifaces[6].a_arb_inst.grant_encoded_reg[0]$_SDFFE_PP0P_/D
489	0.2273	axi_crossbar_inst.axi_crossbar_wr_inst.m_ifaces[I].reg_inst.genblkJ.genblkK.s_axi_awready_reg	axi_crossbar_inst.axi_crossbar_wr_inst.m_ifaces[I].a_arb_inst.grant_reg[J]	axi_crossbar_inst.axi_crossbar_wr_inst.m_ifaces[0].reg_inst.genblk1.genblk1.s_axi_awready_reg$_SDFF_PP0_/Q	axi_crossbar_inst.axi_crossbar_wr_inst.m_ifaces[0].a_arb_inst.grant_reg[4]$_SDFFE_PP0P_/D
490	0.2274	axi_crossbar_inst.axi_crossbar_rd_inst.s_ifaces[I].decerr_m_axi_rlast_reg	axi_crossbar_inst.axi_crossbar_rd_inst.s_ifaces[I].r_arb_inst.grant_reg[J]	axi_crossbar_inst.axi_crossbar_rd_inst.s_ifaces[6].decerr_m_axi_rlast_reg$_DFFE_PP_/Q	axi_crossbar_inst.axi_crossbar_rd_inst.s_ifaces[6].r_arb_inst.grant_reg[0]$_SDFFE_PP0P_/D
491	0.2294	sI_axi_arlen[J]	axi_crossbar_inst.axi_crossbar_rd_inst.s_ifaces[I].decerr_len_reg[J]	s04_axi_arlen[3]	axi_crossbar_inst.axi_crossbar_rd_inst.s_ifaces[4].decerr_len_reg[3]$_DFFE_PP_/D
492	0.2311	axi_crossbar_inst.axi_crossbar_rd_inst.s_ifaces[I].r_arb_inst.grant_encoded_reg[J]	axi_crossbar_inst.axi_crossbar_rd_inst.s_ifaces[I].reg_inst.genblkJ.temp_s_axi_rlast_reg	axi_crossbar_inst.axi_crossbar_rd_inst.s_ifaces[7].r_arb_inst.grant_encoded_reg[1]$_SDFFE_PP0P_/Q	axi_crossbar_inst.axi_crossbar_rd_inst.s_ifaces[7].reg_inst.genblk2.temp_s_axi_rlast_reg$_DFFE_PP_/D
493	0.2318	axi_crossbar_inst.axi_crossbar_wr_inst.s_ifaces[I].w_drop_reg	axi_crossbar_inst.axi_crossbar_wr_inst.m_ifaces[I].w_select_valid_reg	axi_crossbar_inst.axi_crossbar_wr_inst.s_ifaces[0].w_drop_reg$_DFF_P_/QN	axi_crossbar_inst.axi_crossbar_wr_inst.m_ifaces[6].w_select_valid_reg$_SDFF_PP0_/D
494	0.2335	axi_crossbar_inst.axi_crossbar_wr_inst.m_ifaces[I].w_select_reg[J]	axi_crossbar_inst.axi_crossbar_wr_inst.m_ifaces[I].reg_inst.genblkJ.m_axi_wlast_reg	axi_crossbar_inst.axi_crossbar_wr_inst.m_ifaces[7].w_select_reg[1]$_DFFE_PP_/Q	axi_crossbar_inst.axi_crossbar_wr_inst.m_ifaces[7].reg_inst.genblk2.m_axi_wlast_reg$_DFFE_PP_/D
495	0.2346	sI_axi_awvalid	axi_crossbar_inst.axi_crossbar_wr_inst.s_ifaces[I].addr_inst.state_reg[J]	s01_axi_awvalid	axi_crossbar_inst.axi_crossbar_wr_inst.s_ifaces[1].addr_inst.state_reg[0]$_SDFF_PP0_/D
496	0.2347	axi_crossbar_inst.axi_crossbar_rd_inst.s_ifaces[I].r_arb_inst.grant_valid_reg	axi_crossbar_inst.axi_crossbar_rd_inst.s_ifaces[I].decerr_m_axi_rlast_reg	axi_crossbar_inst.axi_crossbar_rd_inst.s_ifaces[3].r_arb_inst.grant_valid_reg$_SDFFE_PP0P_/Q	axi_crossbar_inst.axi_crossbar_rd_inst.s_ifaces[3].decerr_m_axi_rlast_reg$_DFFE_PP_/D
497	0.2350	axi_crossbar_inst.axi_crossbar_wr_inst.s_ifaces[I].w_drop_reg	axi_crossbar_inst.axi_crossbar_wr_inst.m_ifaces[I].reg_inst.genblkJ.temp_m_axi_wvalid_reg	axi_crossbar_inst.axi_crossbar_wr_inst.s_ifaces[7].w_drop_reg$_DFF_P_/QN	axi_crossbar_inst.axi_crossbar_wr_inst.m_ifaces[2].reg_inst.genblk2.temp_m_axi_wvalid_reg$_SDFFE_PP0P_/D
498	0.2355	sI_axi_awvalid	axi_crossbar_inst.axi_crossbar_wr_inst.s_ifaces[I].addr_inst.s_axi_aid_reg[J]	s01_axi_awvalid	axi_crossbar_inst.axi_crossbar_wr_inst.s_ifaces[1].addr_inst.s_axi_aid_reg[0]$_DFFE_PP_/D
499	0.2356	sI_axi_arvalid	axi_crossbar_inst.axi_crossbar_rd_inst.s_ifaces[I].addr_inst.s_axi_aid_reg[J]	s00_axi_arvalid	axi_crossbar_inst.axi_crossbar_rd_inst.s_ifaces[0].addr_inst.s_axi_aid_reg[0]$_DFFE_PP_/D
500	0.2414	axi_crossbar_inst.axi_crossbar_rd_inst.m_ifaces[I].a_arb_inst.grant_valid_reg	axi_crossbar_inst.axi_crossbar_rd_inst.s_ifaces[I].addr_inst.s_axi_aready_reg	axi_crossbar_inst.axi_crossbar_rd_inst.m_ifaces[3].a_arb_inst.grant_valid_reg$_SDFFE_PP0P_/Q	axi_crossbar_inst.axi_crossbar_rd_inst.s_ifaces[4].addr_inst.s_axi_aready_reg$_SDFF_PP0_/D
501	0.2436	axi_crossbar_inst.axi_crossbar_wr_inst.s_ifaces[I].w_drop_reg	axi_crossbar_inst.axi_crossbar_wr_inst.m_ifaces[I].reg_inst.genblkJ.m_axi_wvalid_reg	axi_crossbar_inst.axi_crossbar_wr_inst.s_ifaces[7].w_drop_reg$_DFF_P_/QN	axi_crossbar_inst.axi_crossbar_wr_inst.m_ifaces[0].reg_inst.genblk2.m_axi_wvalid_reg$_SDFFE_PP0P_/D
502	0.2439	sI_axi_arvalid	axi_crossbar_inst.axi_crossbar_rd_inst.s_ifaces[I].addr_inst.state_reg[J]	s04_axi_arvalid	axi_crossbar_inst.axi_crossbar_rd_inst.s_ifaces[4].addr_inst.state_reg[0]$_SDFF_PP0_/D
503	0.2442	axi_crossbar_inst.axi_crossbar_wr_inst.m_ifaces[I].reg_inst.genblkJ.genblkK.s_axi_awready_reg	axi_crossbar_inst.axi_crossbar_wr_inst.s_ifaces[I].addr_inst.m_axi_avalid_reg	axi_crossbar_inst.axi_crossbar_wr_inst.m_ifaces[5].reg_inst.genblk1.genblk1.s_axi_awready_reg$_SDFF_PP0_/Q	axi_crossbar_inst.axi_crossbar_wr_inst.s_ifaces[5].addr_inst.m_axi_avalid_reg$_SDFF_PP0_/D
504	0.2445	mI_axi_wready	axi_crossbar_inst.axi_crossbar_wr_inst.m_ifaces[I].reg_inst.genblkJ.s_axi_wready_reg	m07_axi_wready	axi_crossbar_inst.axi_crossbar_wr_inst.m_ifaces[7].reg_inst.genblk2.s_axi_wready_reg$_SDFF_PP0_/D
505	0.2453	axi_crossbar_inst.axi_crossbar_wr_inst.m_ifaces[I].w_select_new_reg	axi_crossbar_inst.axi_crossbar_wr_inst.m_ifaces[I].a_arb_inst.grant_encoded_reg[J]	axi_crossbar_inst.axi_crossbar_wr_inst.m_ifaces[4].w_select_new_reg$_SDFF_PP1_/Q	axi_crossbar_inst.axi_crossbar_wr_inst.m_ifaces[4].a_arb_inst.grant_encoded_reg[2]$_SDFFE_PP0P_/D
506	0.2476	axi_crossbar_inst.axi_crossbar_rd_inst.s_ifaces[I].r_arb_inst.grant_reg[J]	axi_crossbar_inst.axi_crossbar_rd_inst.s_ifaces[I].r_arb_inst.grant_valid_reg	axi_crossbar_inst.axi_crossbar_rd_inst.s_ifaces[4].r_arb_inst.grant_reg[4]$_SDFFE_PP0P_/Q	axi_crossbar_inst.axi_crossbar_rd_inst.s_ifaces[4].r_arb_inst.grant_valid_reg$_SDFFE_PP0P_/D
507	0.2480	axi_crossbar_inst.axi_crossbar_wr_inst.s_ifaces[I].addr_inst.m_select_reg[J]	axi_crossbar_inst.axi_crossbar_wr_inst.s_ifaces[I].addr_inst.m_wc_valid_reg	axi_crossbar_inst.axi_crossbar_wr_inst.s_ifaces[2].addr_inst.m_select_reg[1]$_DFF_P_/Q	axi_crossbar_inst.axi_crossbar_wr_inst.s_ifaces[2].addr_inst.m_wc_valid_reg$_SDFF_PP0_/D
508	0.2482	axi_crossbar_inst.axi_crossbar_rd_inst.s_ifaces[I].decerr_m_axi_rlast_reg	axi_crossbar_inst.axi_crossbar_rd_inst.s_ifaces[I].r_arb_inst.grant_encoded_reg[J]	axi_crossbar_inst.axi_crossbar_rd_inst.s_ifaces[6].decerr_m_axi_rlast_reg$_DFFE_PP_/Q	axi_crossbar_inst.axi_crossbar_rd_inst.s_ifaces[6].r_arb_inst.grant_encoded_reg[3]$_SDFFE_PP0P_/D
509	0.2483	sI_axi_arvalid	axi_crossbar_inst.axi_crossbar_rd_inst.s_ifaces[I].addr_inst.m_select_reg[J]	s00_axi_arvalid	axi_crossbar_inst.axi_crossbar_rd_inst.s_ifaces[0].addr_inst.m_select_reg[0]$_DFF_P_/D
510	0.2483	sI_axi_awvalid	axi_crossbar_inst.axi_crossbar_wr_inst.s_ifaces[I].addr_inst.m_select_reg[J]	s00_axi_awvalid	axi_crossbar_inst.axi_crossbar_wr_inst.s_ifaces[0].addr_inst.m_select_reg[1]$_DFF_P_/D
511	0.2489	axi_crossbar_inst.axi_crossbar_rd_inst.m_ifaces[I].reg_inst.genblkJ.genblkK.s_axi_arready_reg	axi_crossbar_inst.axi_crossbar_rd_inst.s_ifaces[I].addr_inst.m_axi_avalid_reg	axi_crossbar_inst.axi_crossbar_rd_inst.m_ifaces[0].reg_inst.genblk1.genblk1.s_axi_arready_reg$_SDFF_PP0_/Q	axi_crossbar_inst.axi_crossbar_rd_inst.s_ifaces[6].addr_inst.m_axi_avalid_reg$_SDFF_PP0_/D
512	0.2492	axi_crossbar_inst.axi_crossbar_wr_inst.m_ifaces[I].a_arb_inst.grant_valid_reg	axi_crossbar_inst.axi_crossbar_wr_inst.s_ifaces[I].addr_inst.m_axi_avalid_reg	axi_crossbar_inst.axi_crossbar_wr_inst.m_ifaces[1].a_arb_inst.grant_valid_reg$_SDFFE_PP0P_/Q	axi_crossbar_inst.axi_crossbar_wr_inst.s_ifaces[5].addr_inst.m_axi_avalid_reg$_SDFF_PP0_/D
513	0.2493	axi_crossbar_inst.axi_crossbar_wr_inst.s_ifaces[I].w_drop_reg	axi_crossbar_inst.axi_crossbar_wr_inst.m_ifaces[I].reg_inst.genblkJ.s_axi_wready_reg	axi_crossbar_inst.axi_crossbar_wr_inst.s_ifaces[5].w_drop_reg$_DFF_P_/QN	axi_crossbar_inst.axi_crossbar_wr_inst.m_ifaces[6].reg_inst.genblk2.s_axi_wready_reg$_SDFF_PP0_/D
514	0.2504	axi_crossbar_inst.axi_crossbar_wr_inst.s_ifaces[I].reg_inst.genblkJ.genblkK.m_axi_bready_reg	axi_crossbar_inst.axi_crossbar_wr_inst.s_ifaces[I].b_arb_inst.mask_reg[J]	axi_crossbar_inst.axi_crossbar_wr_inst.s_ifaces[0].reg_inst.genblk3.genblk1.m_axi_bready_reg$_SDFF_PP0_/Q	axi_crossbar_inst.axi_crossbar_wr_inst.s_ifaces[0].b_arb_inst.mask_reg[1]$_SDFFE_PP0P_/D
515	0.2515	axi_crossbar_inst.axi_crossbar_rd_inst.s_ifaces[I].decerr_m_axi_rvalid_reg	axi_crossbar_inst.axi_crossbar_rd_inst.s_ifaces[I].decerr_m_axi_rlast_reg	axi_crossbar_inst.axi_crossbar_rd_inst.s_ifaces[6].decerr_m_axi_rvalid_reg$_SDFF_PP0_/Q	axi_crossbar_inst.axi_crossbar_rd_inst.s_ifaces[6].decerr_m_axi_rlast_reg$_DFFE_PP_/D
516	0.2530	axi_crossbar_inst.axi_crossbar_wr_inst.m_ifaces[I].a_arb_inst.grant_reg[J]	axi_crossbar_inst.axi_crossbar_wr_inst.m_ifaces[I].a_arb_inst.grant_valid_reg	axi_crossbar_inst.axi_crossbar_wr_inst.m_ifaces[2].a_arb_inst.grant_reg[5]$_SDFFE_PP0P_/Q	axi_crossbar_inst.axi_crossbar_wr_inst.m_ifaces[2].a_arb_inst.grant_valid_reg$_SDFFE_PP0P_/D
517	0.2538	axi_crossbar_inst.axi_crossbar_wr_inst.m_ifaces[I].reg_inst.genblkJ.s_axi_wready_reg	axi_crossbar_inst.axi_crossbar_wr_inst.s_ifaces[I].w_select_valid_reg	axi_crossbar_inst.axi_crossbar_wr_inst.m_ifaces[2].reg_inst.genblk2.s_axi_wready_reg$_SDFF_PP0_/Q	axi_crossbar_inst.axi_crossbar_wr_inst.s_ifaces[4].w_select_valid_reg$_SDFF_PP0_/D
518	0.2541	axi_crossbar_inst.axi_crossbar_rd_inst.s_ifaces[I].addr_inst.state_reg[J]	axi_crossbar_inst.axi_crossbar_rd_inst.s_ifaces[I].addr_inst.thread_id_reg[J][K]	axi_crossbar_inst.axi_crossbar_rd_inst.s_ifaces[0].addr_inst.state_reg[0]$_SDFF_PP0_/Q	axi_crossbar_inst.axi_crossbar_rd_inst.s_ifaces[0].addr_inst.thread_id_reg[1][0]$_DFFE_PP_/D
519	0.2541	axi_crossbar_inst.axi_crossbar_rd_inst.s_ifaces[I].addr_inst.state_reg[J]	axi_crossbar_inst.axi_crossbar_rd_inst.s_ifaces[I].addr_inst.thread_m_reg[J][K]	axi_crossbar_inst.axi_crossbar_rd_inst.s_ifaces[0].addr_inst.state_reg[0]$_SDFF_PP0_/Q	axi_crossbar_inst.axi_crossbar_rd_inst.s_ifaces[0].addr_inst.thread_m_reg[1][0]$_DFFE_PP_/D
520	0.2542	axi_crossbar_inst.axi_crossbar_rd_inst.m_ifaces[I].reg_inst.genblkJ.genblkK.s_axi_arready_reg	axi_crossbar_inst.axi_crossbar_rd_inst.m_ifaces[I].a_arb_inst.mask_reg[J]	axi_crossbar_inst.axi_crossbar_rd_inst.m_ifaces[7].reg_inst.genblk1.genblk1.s_axi_arready_reg$_SDFF_PP0_/Q	axi_crossbar_inst.axi_crossbar_rd_inst.m_ifaces[7].a_arb_inst.mask_reg[0]$_SDFFE_PP0P_/D
521	0.2546	axi_crossbar_inst.axi_crossbar_wr_inst.s_ifaces[I].b_arb_inst.grant_reg[J]	axi_crossbar_inst.axi_crossbar_wr_inst.s_ifaces[I].b_arb_inst.grant_valid_reg	axi_crossbar_inst.axi_crossbar_wr_inst.s_ifaces[4].b_arb_inst.grant_reg[5]$_SDFFE_PP0P_/Q	axi_crossbar_inst.axi_crossbar_wr_inst.s_ifaces[4].b_arb_inst.grant_valid_reg$_SDFFE_PP0P_/D
522	0.2567	axi_crossbar_inst.axi_crossbar_rd_inst.m_ifaces[I].a_arb_inst.grant_valid_reg	axi_crossbar_inst.axi_crossbar_rd_inst.m_ifaces[I].trans_count_reg[J]	axi_crossbar_inst.axi_crossbar_rd_inst.m_ifaces[2].a_arb_inst.grant_valid_reg$_SDFFE_PP0P_/Q	axi_crossbar_inst.axi_crossbar_rd_inst.m_ifaces[2].trans_count_reg[2]$_SDFFE_PP0P_/D
523	0.2584	axi_crossbar_inst.axi_crossbar_rd_inst.s_ifaces[I].decerr_m_axi_rlast_reg	axi_crossbar_inst.axi_crossbar_rd_inst.s_ifaces[I].r_arb_inst.grant_valid_reg	axi_crossbar_inst.axi_crossbar_rd_inst.s_ifaces[6].decerr_m_axi_rlast_reg$_DFFE_PP_/Q	axi_crossbar_inst.axi_crossbar_rd_inst.s_ifaces[6].r_arb_inst.grant_valid_reg$_SDFFE_PP0P_/D
524	0.2586	axi_crossbar_inst.axi_crossbar_rd_inst.s_ifaces[I].reg_inst.genblkJ.m_axi_rready_reg	axi_crossbar_inst.axi_crossbar_rd_inst.s_ifaces[I].r_arb_inst.grant_valid_reg	axi_crossbar_inst.axi_crossbar_rd_inst.s_ifaces[0].reg_inst.genblk2.m_axi_rready_reg$_SDFF_PP0_/Q	axi_crossbar_inst.axi_crossbar_rd_inst.s_ifaces[0].r_arb_inst.grant_valid_reg$_SDFFE_PP0P_/D
525	0.2590	axi_crossbar_inst.axi_crossbar_rd_inst.s_ifaces[I].addr_inst.trans_count_reg[J]	axi_crossbar_inst.axi_crossbar_rd_inst.s_ifaces[I].addr_inst.thread_id_reg[J][K]	axi_crossbar_inst.axi_crossbar_rd_inst.s_ifaces[6].addr_inst.trans_count_reg[4]$_SDFFE_PP0P_/Q	axi_crossbar_inst.axi_crossbar_rd_inst.s_ifaces[6].addr_inst.thread_id_reg[0][0]$_DFFE_PP_/D
526	0.2590	axi_crossbar_inst.axi_crossbar_rd_inst.s_ifaces[I].addr_inst.trans_count_reg[J]	axi_crossbar_inst.axi_crossbar_rd_inst.s_ifaces[I].addr_inst.thread_m_reg[J][K]	axi_crossbar_inst.axi_crossbar_rd_inst.s_ifaces[6].addr_inst.trans_count_reg[4]$_SDFFE_PP0P_/Q	axi_crossbar_inst.axi_crossbar_rd_inst.s_ifaces[6].addr_inst.thread_m_reg[0][0]$_DFFE_PP_/D
527	0.2590	axi_crossbar_inst.axi_crossbar_wr_inst.s_ifaces[I].w_select_reg[J]	axi_crossbar_inst.axi_crossbar_wr_inst.s_ifaces[I].w_select_valid_reg	axi_crossbar_inst.axi_crossbar_wr_inst.s_ifaces[4].w_select_reg[0]$_DFFE_PP_/Q	axi_crossbar_inst.axi_crossbar_wr_inst.s_ifaces[4].w_select_valid_reg$_SDFF_PP0_/D
528	0.2627	axi_crossbar_inst.axi_crossbar_wr_inst.s_ifaces[I].addr_inst.trans_count_reg[J]	axi_crossbar_inst.axi_crossbar_wr_inst.s_ifaces[I].addr_inst.thread_id_reg[J][K]	axi_crossbar_inst.axi_crossbar_wr_inst.s_ifaces[5].addr_inst.trans_count_reg[4]$_SDFFE_PP0P_/Q	axi_crossbar_inst.axi_crossbar_wr_inst.s_ifaces[5].addr_inst.thread_id_reg[0][0]$_DFFE_PP_/D
529	0.2627	axi_crossbar_inst.axi_crossbar_wr_inst.s_ifaces[I].addr_inst.trans_count_reg[J]	axi_crossbar_inst.axi_crossbar_wr_inst.s_ifaces[I].addr_inst.thread_m_reg[J][K]	axi_crossbar_inst.axi_crossbar_wr_inst.s_ifaces[5].addr_inst.trans_count_reg[4]$_SDFFE_PP0P_/Q	axi_crossbar_inst.axi_crossbar_wr_inst.s_ifaces[5].addr_inst.thread_m_reg[0][0]$_DFFE_PP_/D
530	0.2629	axi_crossbar_inst.axi_crossbar_rd_inst.m_ifaces[I].a_arb_inst.grant_encoded_reg[J]	axi_crossbar_inst.axi_crossbar_rd_inst.s_ifaces[I].addr_inst.m_axi_avalid_reg	axi_crossbar_inst.axi_crossbar_rd_inst.m_ifaces[2].a_arb_inst.grant_encoded_reg[1]$_SDFFE_PP0P_/Q	axi_crossbar_inst.axi_crossbar_rd_inst.s_ifaces[0].addr_inst.m_axi_avalid_reg$_SDFF_PP0_/D
531	0.2634	axi_crossbar_inst.axi_crossbar_rd_inst.s_ifaces[I].addr_inst.thread_m_reg[J][K]	axi_crossbar_inst.axi_crossbar_rd_inst.s_ifaces[I].addr_inst.m_rc_valid_reg	axi_crossbar_inst.axi_crossbar_rd_inst.s_ifaces[3].addr_inst.thread_m_reg[0][2]$_DFFE_PP_/Q	axi_crossbar_inst.axi_crossbar_rd_inst.s_ifaces[3].addr_inst.m_rc_valid_reg$_SDFF_PP0_/D
532	0.2643	mI_axi_arready	axi_crossbar_inst.axi_crossbar_rd_inst.m_ifaces[I].reg_inst.genblkJ.genblkK.s_axi_arready_reg	m01_axi_arready	axi_crossbar_inst.axi_crossbar_rd_inst.m_ifaces[1].reg_inst.genblk1.genblk1.s_axi_arready_reg$_SDFF_PP0_/D
533	0.2643	mI_axi_awready	axi_crossbar_inst.axi_crossbar_wr_inst.m_ifaces[I].reg_inst.genblkJ.genblkK.s_axi_awready_reg	m03_axi_awready	axi_crossbar_inst.axi_crossbar_wr_inst.m_ifaces[3].reg_inst.genblk1.genblk1.s_axi_awready_reg$_SDFF_PP0_/D
534	0.2653	axi_crossbar_inst.axi_crossbar_wr_inst.s_ifaces[I].b_arb_inst.grant_encoded_reg[J]	axi_crossbar_inst.axi_crossbar_wr_inst.s_ifaces[I].decerr_m_axi_bvalid_reg	axi_crossbar_inst.axi_crossbar_wr_inst.s_ifaces[3].b_arb_inst.grant_encoded_reg[1]$_SDFFE_PP0P_/Q	axi_crossbar_inst.axi_crossbar_wr_inst.s_ifaces[3].decerr_m_axi_bvalid_reg$_SDFF_PP0_/D
535	0.2669	axi_crossbar_inst.axi_crossbar_wr_inst.m_ifaces[I].w_select_valid_reg	axi_crossbar_inst.axi_crossbar_wr_inst.m_ifaces[I].a_arb_inst.grant_encoded_reg[J]	axi_crossbar_inst.axi_crossbar_wr_inst.m_ifaces[5].w_select_valid_reg$_SDFF_PP0_/QN	axi_crossbar_inst.axi_crossbar_wr_inst.m_ifaces[5].a_arb_inst.grant_encoded_reg[2]$_SDFFE_PP0P_/D
536	0.2676	axi_crossbar_inst.axi_crossbar_wr_inst.s_ifaces[I].addr_inst.state_reg[J]	axi_crossbar_inst.axi_crossbar_wr_inst.s_ifaces[I].addr_inst.thread_id_reg[J][K]	axi_crossbar_inst.axi_crossbar_wr_inst.s_ifaces[4].addr_inst.state_reg[0]$_SDFF_PP0_/Q	axi_crossbar_inst.axi_crossbar_wr_inst.s_ifaces[4].addr_inst.thread_id_reg[1][0]$_DFFE_PP_/D
537	0.2676	axi_crossbar_inst.axi_crossbar_wr_inst.s_ifaces[I].addr_inst.state_reg[J]	axi_crossbar_inst.axi_crossbar_wr_inst.s_ifaces[I].addr_inst.thread_m_reg[J][K]	axi_crossbar_inst.axi_crossbar_wr_inst.s_ifaces[4].addr_inst.state_reg[0]$_SDFF_PP0_/Q	axi_crossbar_inst.axi_crossbar_wr_inst.s_ifaces[4].addr_inst.thread_m_reg[1][0]$_DFFE_PP_/D
538	0.2695	axi_crossbar_inst.axi_crossbar_wr_inst.m_ifaces[I].w_select_reg[J]	axi_crossbar_inst.axi_crossbar_wr_inst.m_ifaces[I].reg_inst.genblkJ.temp_m_axi_wlast_reg	axi_crossbar_inst.axi_crossbar_wr_inst.m_ifaces[7].w_select_reg[1]$_DFFE_PP_/Q	axi_crossbar_inst.axi_crossbar_wr_inst.m_ifaces[7].reg_inst.genblk2.temp_m_axi_wlast_reg$_DFFE_PP_/D
539	0.2709	axi_crossbar_inst.axi_crossbar_wr_inst.m_ifaces[I].w_select_valid_reg	axi_crossbar_inst.axi_crossbar_wr_inst.s_ifaces[I].w_select_valid_reg	axi_crossbar_inst.axi_crossbar_wr_inst.m_ifaces[5].w_select_valid_reg$_SDFF_PP0_/Q	axi_crossbar_inst.axi_crossbar_wr_inst.s_ifaces[0].w_select_valid_reg$_SDFF_PP0_/D
540	0.2716	sI_axi_wlast	axi_crossbar_inst.axi_crossbar_wr_inst.s_ifaces[I].w_select_valid_reg	s04_axi_wlast	axi_crossbar_inst.axi_crossbar_wr_inst.s_ifaces[4].w_select_valid_reg$_SDFF_PP0_/D
541	0.2749	mI_axi_arready	axi_crossbar_inst.axi_crossbar_rd_inst.m_ifaces[I].reg_inst.genblkJ.genblkK.m_axi_arvalid_reg	m01_axi_arready	axi_crossbar_inst.axi_crossbar_rd_inst.m_ifaces[1].reg_inst.genblk1.genblk1.m_axi_arvalid_reg$_SDFF_PP0_/D
542	0.2749	mI_axi_awready	axi_crossbar_inst.axi_crossbar_wr_inst.m_ifaces[I].reg_inst.genblkJ.genblkK.m_axi_awvalid_reg	m03_axi_awready	axi_crossbar_inst.axi_crossbar_wr_inst.m_ifaces[3].reg_inst.genblk1.genblk1.m_axi_awvalid_reg$_SDFF_PP0_/D
543	0.2752	axi_crossbar_inst.axi_crossbar_wr_inst.s_ifaces[I].reg_inst.genblkJ.genblkK.m_axi_bready_reg	axi_crossbar_inst.axi_crossbar_wr_inst.s_ifaces[I].b_arb_inst.grant_reg[J]	axi_crossbar_inst.axi_crossbar_wr_inst.s_ifaces[6].reg_inst.genblk3.genblk1.m_axi_bready_reg$_SDFF_PP0_/Q	axi_crossbar_inst.axi_crossbar_wr_inst.s_ifaces[6].b_arb_inst.grant_reg[0]$_SDFFE_PP0P_/D
544	0.2759	axi_crossbar_inst.axi_crossbar_rd_inst.m_ifaces[I].a_arb_inst.grant_valid_reg	axi_crossbar_inst.axi_crossbar_rd_inst.s_ifaces[I].addr_inst.m_axi_avalid_reg	axi_crossbar_inst.axi_crossbar_rd_inst.m_ifaces[3].a_arb_inst.grant_valid_reg$_SDFFE_PP0P_/Q	axi_crossbar_inst.axi_crossbar_rd_inst.s_ifaces[3].addr_inst.m_axi_avalid_reg$_SDFF_PP0_/D
545	0.2763	axi_crossbar_inst.axi_crossbar_wr_inst.m_ifaces[I].reg_inst.genblkJ.s_axi_wready_reg	axi_crossbar_inst.axi_crossbar_wr_inst.m_ifaces[I].reg_inst.genblkJ.m_axi_wdata_reg[K]	axi_crossbar_inst.axi_crossbar_wr_inst.m_ifaces[3].reg_inst.genblk2.s_axi_wready_reg$_SDFF_PP0_/Q	axi_crossbar_inst.axi_crossbar_wr_inst.m_ifaces[3].reg_inst.genblk2.m_axi_wdata_reg[10]$_DFFE_PP_/D
546	0.2767	axi_crossbar_inst.axi_crossbar_wr_inst.m_ifaces[I].reg_inst.genblkJ.s_axi_wready_reg	axi_crossbar_inst.axi_crossbar_wr_inst.m_ifaces[I].reg_inst.genblkJ.m_axi_wstrb_reg[K]	axi_crossbar_inst.axi_crossbar_wr_inst.m_ifaces[5].reg_inst.genblk2.s_axi_wready_reg$_SDFF_PP0_/Q	axi_crossbar_inst.axi_crossbar_wr_inst.m_ifaces[5].reg_inst.genblk2.m_axi_wstrb_reg[0]$_DFFE_PP_/D
547	0.2768	axi_crossbar_inst.axi_crossbar_rd_inst.m_ifaces[I].a_arb_inst.grant_reg[J]	axi_crossbar_inst.axi_crossbar_rd_inst.m_ifaces[I].a_arb_inst.grant_valid_reg	axi_crossbar_inst.axi_crossbar_rd_inst.m_ifaces[6].a_arb_inst.grant_reg[2]$_SDFFE_PP0P_/QN	axi_crossbar_inst.axi_crossbar_rd_inst.m_ifaces[6].a_arb_inst.grant_valid_reg$_SDFFE_PP0P_/D
548	0.2784	axi_crossbar_inst.axi_crossbar_rd_inst.s_ifaces[I].addr_inst.thread_m_reg[J][K]	axi_crossbar_inst.axi_crossbar_rd_inst.s_ifaces[I].addr_inst.state_reg[J]	axi_crossbar_inst.axi_crossbar_rd_inst.s_ifaces[3].addr_inst.thread_m_reg[0][2]$_DFFE_PP_/Q	axi_crossbar_inst.axi_crossbar_rd_inst.s_ifaces[3].addr_inst.state_reg[1]$_SDFF_PP0_/D
549	0.2807	axi_crossbar_inst.axi_crossbar_wr_inst.m_ifaces[I].a_arb_inst.grant_valid_reg	axi_crossbar_inst.axi_crossbar_wr_inst.m_ifaces[I].a_arb_inst.grant_valid_reg	axi_crossbar_inst.axi_crossbar_wr_inst.m_ifaces[2].a_arb_inst.grant_valid_reg$_SDFFE_PP0P_/Q	axi_crossbar_inst.axi_crossbar_wr_inst.m_ifaces[2].a_arb_inst.grant_valid_reg$_SDFFE_PP0P_/D
550	0.2823	sI_axi_wlast	axi_crossbar_inst.axi_crossbar_wr_inst.s_ifaces[I].w_drop_reg	s04_axi_wlast	axi_crossbar_inst.axi_crossbar_wr_inst.s_ifaces[4].w_drop_reg$_DFF_P_/D
551	0.2840	axi_crossbar_inst.axi_crossbar_wr_inst.s_ifaces[I].b_arb_inst.grant_valid_reg	axi_crossbar_inst.axi_crossbar_wr_inst.s_ifaces[I].b_arb_inst.mask_reg[J]	axi_crossbar_inst.axi_crossbar_wr_inst.s_ifaces[0].b_arb_inst.grant_valid_reg$_SDFFE_PP0P_/Q	axi_crossbar_inst.axi_crossbar_wr_inst.s_ifaces[0].b_arb_inst.mask_reg[1]$_SDFFE_PP0P_/D
552	0.2840	axi_crossbar_inst.axi_crossbar_wr_inst.m_ifaces[I].reg_inst.genblkJ.genblkK.s_axi_awready_reg	axi_crossbar_inst.axi_crossbar_wr_inst.m_ifaces[I].a_arb_inst.grant_encoded_reg[J]	axi_crossbar_inst.axi_crossbar_wr_inst.m_ifaces[7].reg_inst.genblk1.genblk1.s_axi_awready_reg$_SDFF_PP0_/Q	axi_crossbar_inst.axi_crossbar_wr_inst.m_ifaces[7].a_arb_inst.grant_encoded_reg[2]$_SDFFE_PP0P_/D
553	0.2840	axi_crossbar_inst.axi_crossbar_rd_inst.s_ifaces[I].r_arb_inst.grant_valid_reg	axi_crossbar_inst.axi_crossbar_rd_inst.s_ifaces[I].r_arb_inst.mask_reg[J]	axi_crossbar_inst.axi_crossbar_rd_inst.s_ifaces[6].r_arb_inst.grant_valid_reg$_SDFFE_PP0P_/Q	axi_crossbar_inst.axi_crossbar_rd_inst.s_ifaces[6].r_arb_inst.mask_reg[4]$_SDFFE_PP0P_/D
554	0.2848	axi_crossbar_inst.axi_crossbar_rd_inst.m_ifaces[I].a_arb_inst.grant_valid_reg	axi_crossbar_inst.axi_crossbar_rd_inst.m_ifaces[I].a_arb_inst.mask_reg[J]	axi_crossbar_inst.axi_crossbar_rd_inst.m_ifaces[3].a_arb_inst.grant_valid_reg$_SDFFE_PP0P_/Q	axi_crossbar_inst.axi_crossbar_rd_inst.m_ifaces[3].a_arb_inst.mask_reg[6]$_SDFFE_PP0P_/D
555	0.2863	sI_axi_arid[J]	axi_crossbar_inst.axi_crossbar_rd_inst.s_ifaces[I].addr_inst.s_axi_aid_reg[J]	s00_axi_arid[0]	axi_crossbar_inst.axi_crossbar_rd_inst.s_ifaces[0].addr_inst.s_axi_aid_reg[0]$_DFFE_PP_/D
556	0.2863	sI_axi_arid[J]	axi_crossbar_inst.axi_crossbar_rd_inst.s_ifaces[I].decerr_m_axi_rid_reg[J]	s00_axi_arid[0]	axi_crossbar_inst.axi_crossbar_rd_inst.s_ifaces[0].decerr_m_axi_rid_reg[0]$_DFFE_PP_/D
557	0.2863	sI_axi_awid[J]	axi_crossbar_inst.axi_crossbar_wr_inst.s_ifaces[I].addr_inst.s_axi_aid_reg[J]	s00_axi_awid[0]	axi_crossbar_inst.axi_crossbar_wr_inst.s_ifaces[0].addr_inst.s_axi_aid_reg[0]$_DFFE_PP_/D
558	0.2863	sI_axi_awid[J]	axi_crossbar_inst.axi_crossbar_wr_inst.s_ifaces[I].decerr_m_axi_bid_reg[J]	s00_axi_awid[0]	axi_crossbar_inst.axi_crossbar_wr_inst.s_ifaces[0].decerr_m_axi_bid_reg[0]$_DFFE_PP_/D
559	0.2864	sI_axi_bready	axi_crossbar_inst.axi_crossbar_wr_inst.s_ifaces[I].reg_inst.genblkJ.genblkK.s_axi_bvalid_reg	s07_axi_bready	axi_crossbar_inst.axi_crossbar_wr_inst.s_ifaces[7].reg_inst.genblk3.genblk1.s_axi_bvalid_reg$_SDFF_PP0_/D
560	0.2870	axi_crossbar_inst.axi_crossbar_wr_inst.s_ifaces[I].decerr_m_axi_bvalid_reg	axi_crossbar_inst.axi_crossbar_wr_inst.s_ifaces[I].b_arb_inst.grant_valid_reg	axi_crossbar_inst.axi_crossbar_wr_inst.s_ifaces[0].decerr_m_axi_bvalid_reg$_SDFF_PP0_/Q	axi_crossbar_inst.axi_crossbar_wr_inst.s_ifaces[0].b_arb_inst.grant_valid_reg$_SDFFE_PP0P_/D
561	0.2871	axi_crossbar_inst.axi_crossbar_rd_inst.s_ifaces[I].addr_inst.thread_m_reg[J][K]	axi_crossbar_inst.axi_crossbar_rd_inst.s_ifaces[I].addr_inst.m_axi_avalid_reg	axi_crossbar_inst.axi_crossbar_rd_inst.s_ifaces[4].addr_inst.thread_m_reg[1][2]$_DFFE_PP_/Q	axi_crossbar_inst.axi_crossbar_rd_inst.s_ifaces[4].addr_inst.m_axi_avalid_reg$_SDFF_PP0_/D
562	0.2872	axi_crossbar_inst.axi_crossbar_wr_inst.s_ifaces[I].w_drop_reg	sI_axi_wready	axi_crossbar_inst.axi_crossbar_wr_inst.s_ifaces[0].w_drop_reg$_DFF_P_/Q	s00_axi_wready
563	0.2879	axi_crossbar_inst.axi_crossbar_rd_inst.m_ifaces[I].trans_count_reg[J]	axi_crossbar_inst.axi_crossbar_rd_inst.m_ifaces[I].a_arb_inst.grant_reg[J]	axi_crossbar_inst.axi_crossbar_rd_inst.m_ifaces[6].trans_count_reg[2]$_SDFFE_PP0P_/Q	axi_crossbar_inst.axi_crossbar_rd_inst.m_ifaces[6].a_arb_inst.grant_reg[2]$_SDFFE_PP0P_/D
564	0.2899	axi_crossbar_inst.axi_crossbar_rd_inst.m_ifaces[I].reg_inst.genblkJ.genblkK.s_axi_arready_reg	axi_crossbar_inst.axi_crossbar_rd_inst.m_ifaces[I].a_arb_inst.grant_reg[J]	axi_crossbar_inst.axi_crossbar_rd_inst.m_ifaces[3].reg_inst.genblk1.genblk1.s_axi_arready_reg$_SDFF_PP0_/Q	axi_crossbar_inst.axi_crossbar_rd_inst.m_ifaces[3].a_arb_inst.grant_reg[7]$_SDFFE_PP0P_/D
565	0.2902	axi_crossbar_inst.axi_crossbar_wr_inst.s_ifaces[I].b_arb_inst.grant_valid_reg	axi_crossbar_inst.axi_crossbar_wr_inst.s_ifaces[I].b_arb_inst.grant_reg[J]	axi_crossbar_inst.axi_crossbar_wr_inst.s_ifaces[6].b_arb_inst.grant_valid_reg$_SDFFE_PP0P_/Q	axi_crossbar_inst.axi_crossbar_wr_inst.s_ifaces[6].b_arb_inst.grant_reg[0]$_SDFFE_PP0P_/D
566	0.2925	axi_crossbar_inst.axi_crossbar_wr_inst.s_ifaces[I].b_arb_inst.grant_encoded_reg[J]	axi_crossbar_inst.axi_crossbar_wr_inst.s_ifaces[I].b_arb_inst.grant_encoded_reg[J]	axi_crossbar_inst.axi_crossbar_wr_inst.s_ifaces[3].b_arb_inst.grant_encoded_reg[1]$_SDFFE_PP0P_/Q	axi_crossbar_inst.axi_crossbar_wr_inst.s_ifaces[3].b_arb_inst.grant_encoded_reg[1]$_SDFFE_PP0P_/D
567	0.2947	axi_crossbar_inst.axi_crossbar_wr_inst.m_ifaces[I].trans_count_reg[J]	axi_crossbar_inst.axi_crossbar_wr_inst.m_ifaces[I].a_arb_inst.grant_reg[J]	axi_crossbar_inst.axi_crossbar_wr_inst.m_ifaces[0].trans_count_reg[2]$_SDFFE_PP0P_/Q	axi_crossbar_inst.axi_crossbar_wr_inst.m_ifaces[0].a_arb_inst.grant_reg[4]$_SDFFE_PP0P_/D
568	0.2953	axi_crossbar_inst.axi_crossbar_wr_inst.s_ifaces[I].addr_inst.thread_m_reg[J][K]	axi_crossbar_inst.axi_crossbar_wr_inst.s_ifaces[I].addr_inst.m_axi_avalid_reg	axi_crossbar_inst.axi_crossbar_wr_inst.s_ifaces[5].addr_inst.thread_m_reg[0][2]$_DFFE_PP_/Q	axi_crossbar_inst.axi_crossbar_wr_inst.s_ifaces[5].addr_inst.m_axi_avalid_reg$_SDFF_PP0_/D
569	0.2961	axi_crossbar_inst.axi_crossbar_rd_inst.m_ifaces[I].reg_inst.genblkJ.genblkK.s_axi_arready_reg	axi_crossbar_inst.axi_crossbar_rd_inst.m_ifaces[I].a_arb_inst.grant_encoded_reg[J]	axi_crossbar_inst.axi_crossbar_rd_inst.m_ifaces[3].reg_inst.genblk1.genblk1.s_axi_arready_reg$_SDFF_PP0_/Q	axi_crossbar_inst.axi_crossbar_rd_inst.m_ifaces[3].a_arb_inst.grant_encoded_reg[0]$_SDFFE_PP0P_/D
570	0.2972	axi_crossbar_inst.axi_crossbar_rd_inst.s_ifaces[I].decerr_m_axi_rvalid_reg	axi_crossbar_inst.axi_crossbar_rd_inst.s_ifaces[I].r_arb_inst.grant_valid_reg	axi_crossbar_inst.axi_crossbar_rd_inst.s_ifaces[6].decerr_m_axi_rvalid_reg$_SDFF_PP0_/Q	axi_crossbar_inst.axi_crossbar_rd_inst.s_ifaces[6].r_arb_inst.grant_valid_reg$_SDFFE_PP0P_/D
571	0.2976	axi_crossbar_inst.axi_crossbar_rd_inst.s_ifaces[I].reg_inst.genblkJ.m_axi_rready_reg	axi_crossbar_inst.axi_crossbar_rd_inst.s_ifaces[I].reg_inst.genblkJ.s_axi_rid_reg[K]	axi_crossbar_inst.axi_crossbar_rd_inst.s_ifaces[5].reg_inst.genblk2.m_axi_rready_reg$_SDFF_PP0_/Q	axi_crossbar_inst.axi_crossbar_rd_inst.s_ifaces[5].reg_inst.genblk2.s_axi_rid_reg[7]$_DFFE_PP_/D
572	0.2977	axi_crossbar_inst.axi_crossbar_rd_inst.s_ifaces[I].r_arb_inst.grant_valid_reg	axi_crossbar_inst.axi_crossbar_rd_inst.s_ifaces[I].r_arb_inst.grant_reg[J]	axi_crossbar_inst.axi_crossbar_rd_inst.s_ifaces[0].r_arb_inst.grant_valid_reg$_SDFFE_PP0P_/Q	axi_crossbar_inst.axi_crossbar_rd_inst.s_ifaces[0].r_arb_inst.grant_reg[0]$_SDFFE_PP0P_/D
573	0.3006	axi_crossbar_inst.axi_crossbar_rd_inst.s_ifaces[I].reg_inst.genblkJ.m_axi_rready_reg	axi_crossbar_inst.axi_crossbar_rd_inst.s_ifaces[I].reg_inst.genblkJ.s_axi_rlast_reg	axi_crossbar_inst.axi_crossbar_rd_inst.s_ifaces[7].reg_inst.genblk2.m_axi_rready_reg$_SDFF_PP0_/Q	axi_crossbar_inst.axi_crossbar_rd_inst.s_ifaces[7].reg_inst.genblk2.s_axi_rlast_reg$_DFFE_PP_/D
574	0.3006	axi_crossbar_inst.axi_crossbar_rd_inst.s_ifaces[I].reg_inst.genblkJ.m_axi_rready_reg	axi_crossbar_inst.axi_crossbar_rd_inst.s_ifaces[I].reg_inst.genblkJ.s_axi_rresp_reg[K]	axi_crossbar_inst.axi_crossbar_rd_inst.s_ifaces[7].reg_inst.genblk2.m_axi_rready_reg$_SDFF_PP0_/Q	axi_crossbar_inst.axi_crossbar_rd_inst.s_ifaces[7].reg_inst.genblk2.s_axi_rresp_reg[0]$_DFFE_PP_/D
575	0.3009	axi_crossbar_inst.axi_crossbar_wr_inst.m_ifaces[I].w_select_reg[J]	axi_crossbar_inst.axi_crossbar_wr_inst.m_ifaces[I].w_select_reg[J]	axi_crossbar_inst.axi_crossbar_wr_inst.m_ifaces[3].w_select_reg[0]$_DFFE_PP_/Q	axi_crossbar_inst.axi_crossbar_wr_inst.m_ifaces[3].w_select_reg[0]$_DFFE_PP_/D
576	0.3014	axi_crossbar_inst.axi_crossbar_rd_inst.s_ifaces[I].r_arb_inst.grant_valid_reg	axi_crossbar_inst.axi_crossbar_rd_inst.s_ifaces[I].r_arb_inst.grant_encoded_reg[J]	axi_crossbar_inst.axi_crossbar_rd_inst.s_ifaces[0].r_arb_inst.grant_valid_reg$_SDFFE_PP0P_/Q	axi_crossbar_inst.axi_crossbar_rd_inst.s_ifaces[0].r_arb_inst.grant_encoded_reg[2]$_SDFFE_PP0P_/D
577	0.3024	axi_crossbar_inst.axi_crossbar_rd_inst.s_ifaces[I].reg_inst.genblkJ.m_axi_rready_reg	axi_crossbar_inst.axi_crossbar_rd_inst.s_ifaces[I].reg_inst.genblkJ.s_axi_rdata_reg[K]	axi_crossbar_inst.axi_crossbar_rd_inst.s_ifaces[5].reg_inst.genblk2.m_axi_rready_reg$_SDFF_PP0_/Q	axi_crossbar_inst.axi_crossbar_rd_inst.s_ifaces[5].reg_inst.genblk2.s_axi_rdata_reg[10]$_DFFE_PP_/D
578	0.3032	axi_crossbar_inst.axi_crossbar_rd_inst.m_ifaces[I].a_arb_inst.grant_valid_reg	axi_crossbar_inst.axi_crossbar_rd_inst.m_ifaces[I].a_arb_inst.grant_reg[J]	axi_crossbar_inst.axi_crossbar_rd_inst.m_ifaces[3].a_arb_inst.grant_valid_reg$_SDFFE_PP0P_/Q	axi_crossbar_inst.axi_crossbar_rd_inst.m_ifaces[3].a_arb_inst.grant_reg[7]$_SDFFE_PP0P_/D
579	0.3041	sI_axi_bready	axi_crossbar_inst.axi_crossbar_wr_inst.s_ifaces[I].reg_inst.genblkJ.genblkK.m_axi_bready_reg	s07_axi_bready	axi_crossbar_inst.axi_crossbar_wr_inst.s_ifaces[7].reg_inst.genblk3.genblk1.m_axi_bready_reg$_SDFF_PP0_/D
580	0.3043	axi_crossbar_inst.axi_crossbar_wr_inst.s_ifaces[I].addr_inst.s_cpl_valid_reg	axi_crossbar_inst.axi_crossbar_wr_inst.s_ifaces[I].addr_inst.thread_id_reg[J][K]	axi_crossbar_inst.axi_crossbar_wr_inst.s_ifaces[5].addr_inst.s_cpl_valid_reg$_DFF_P_/QN	axi_crossbar_inst.axi_crossbar_wr_inst.s_ifaces[5].addr_inst.thread_id_reg[0][0]$_DFFE_PP_/D
581	0.3043	axi_crossbar_inst.axi_crossbar_wr_inst.s_ifaces[I].addr_inst.s_cpl_valid_reg	axi_crossbar_inst.axi_crossbar_wr_inst.s_ifaces[I].addr_inst.thread_m_reg[J][K]	axi_crossbar_inst.axi_crossbar_wr_inst.s_ifaces[5].addr_inst.s_cpl_valid_reg$_DFF_P_/QN	axi_crossbar_inst.axi_crossbar_wr_inst.s_ifaces[5].addr_inst.thread_m_reg[0][0]$_DFFE_PP_/D
582	0.3059	axi_crossbar_inst.axi_crossbar_wr_inst.m_ifaces[I].a_arb_inst.grant_encoded_reg[J]	axi_crossbar_inst.axi_crossbar_wr_inst.m_ifaces[I].a_arb_inst.grant_encoded_reg[J]	axi_crossbar_inst.axi_crossbar_wr_inst.m_ifaces[7].a_arb_inst.grant_encoded_reg[2]$_SDFFE_PP0P_/Q	axi_crossbar_inst.axi_crossbar_wr_inst.m_ifaces[7].a_arb_inst.grant_encoded_reg[2]$_SDFFE_PP0P_/D
583	0.3072	axi_crossbar_inst.axi_crossbar_rd_inst.s_ifaces[I].addr_inst.s_cpl_valid_reg	axi_crossbar_inst.axi_crossbar_rd_inst.s_ifaces[I].addr_inst.thread_id_reg[J][K]	axi_crossbar_inst.axi_crossbar_rd_inst.s_ifaces[6].addr_inst.s_cpl_valid_reg$_DFF_P_/QN	axi_crossbar_inst.axi_crossbar_rd_inst.s_ifaces[6].addr_inst.thread_id_reg[0][0]$_DFFE_PP_/D
584	0.3072	axi_crossbar_inst.axi_crossbar_rd_inst.s_ifaces[I].addr_inst.s_cpl_valid_reg	axi_crossbar_inst.axi_crossbar_rd_inst.s_ifaces[I].addr_inst.thread_m_reg[J][K]	axi_crossbar_inst.axi_crossbar_rd_inst.s_ifaces[6].addr_inst.s_cpl_valid_reg$_DFF_P_/QN	axi_crossbar_inst.axi_crossbar_rd_inst.s_ifaces[6].addr_inst.thread_m_reg[0][0]$_DFFE_PP_/D
585	0.3083	axi_crossbar_inst.axi_crossbar_wr_inst.m_ifaces[I].w_select_new_reg	axi_crossbar_inst.axi_crossbar_wr_inst.m_ifaces[I].a_arb_inst.grant_valid_reg	axi_crossbar_inst.axi_crossbar_wr_inst.m_ifaces[2].w_select_new_reg$_SDFF_PP1_/Q	axi_crossbar_inst.axi_crossbar_wr_inst.m_ifaces[2].a_arb_inst.grant_valid_reg$_SDFFE_PP0P_/D
586	0.3094	axi_crossbar_inst.axi_crossbar_rd_inst.m_ifaces[I].a_arb_inst.grant_valid_reg	axi_crossbar_inst.axi_crossbar_rd_inst.m_ifaces[I].a_arb_inst.grant_encoded_reg[J]	axi_crossbar_inst.axi_crossbar_rd_inst.m_ifaces[3].a_arb_inst.grant_valid_reg$_SDFFE_PP0P_/Q	axi_crossbar_inst.axi_crossbar_rd_inst.m_ifaces[3].a_arb_inst.grant_encoded_reg[0]$_SDFFE_PP0P_/D
587	0.3112	axi_crossbar_inst.axi_crossbar_wr_inst.s_ifaces[I].b_arb_inst.grant_valid_reg	axi_crossbar_inst.axi_crossbar_wr_inst.s_ifaces[I].b_arb_inst.grant_encoded_reg[J]	axi_crossbar_inst.axi_crossbar_wr_inst.s_ifaces[1].b_arb_inst.grant_valid_reg$_SDFFE_PP0P_/Q	axi_crossbar_inst.axi_crossbar_wr_inst.s_ifaces[1].b_arb_inst.grant_encoded_reg[0]$_SDFFE_PP0P_/D
588	0.3118	axi_crossbar_inst.axi_crossbar_wr_inst.s_ifaces[I].reg_inst.genblkJ.genblkK.m_axi_bready_reg	axi_crossbar_inst.axi_crossbar_wr_inst.s_ifaces[I].b_arb_inst.grant_encoded_reg[J]	axi_crossbar_inst.axi_crossbar_wr_inst.s_ifaces[1].reg_inst.genblk3.genblk1.m_axi_bready_reg$_SDFF_PP0_/Q	axi_crossbar_inst.axi_crossbar_wr_inst.s_ifaces[1].b_arb_inst.grant_encoded_reg[0]$_SDFFE_PP0P_/D
589	0.3125	axi_crossbar_inst.axi_crossbar_rd_inst.s_ifaces[I].reg_inst.genblkJ.m_axi_rready_reg	axi_crossbar_inst.axi_crossbar_rd_inst.s_ifaces[I].reg_inst.genblkJ.temp_s_axi_rdata_reg[K]	axi_crossbar_inst.axi_crossbar_rd_inst.s_ifaces[0].reg_inst.genblk2.m_axi_rready_reg$_SDFF_PP0_/Q	axi_crossbar_inst.axi_crossbar_rd_inst.s_ifaces[0].reg_inst.genblk2.temp_s_axi_rdata_reg[10]$_DFFE_PP_/D
590	0.3142	axi_crossbar_inst.axi_crossbar_wr_inst.m_ifaces[I].a_arb_inst.grant_encoded_reg[J]	axi_crossbar_inst.axi_crossbar_wr_inst.m_ifaces[I].w_select_reg[J]	axi_crossbar_inst.axi_crossbar_wr_inst.m_ifaces[7].a_arb_inst.grant_encoded_reg[2]$_SDFFE_PP0P_/Q	axi_crossbar_inst.axi_crossbar_wr_inst.m_ifaces[7].w_select_reg[2]$_DFFE_PP_/D
591	0.3144	axi_crossbar_inst.axi_crossbar_rd_inst.m_ifaces[I].trans_count_reg[J]	axi_crossbar_inst.axi_crossbar_rd_inst.m_ifaces[I].a_arb_inst.grant_encoded_reg[J]	axi_crossbar_inst.axi_crossbar_rd_inst.m_ifaces[3].trans_count_reg[2]$_SDFFE_PP0P_/Q	axi_crossbar_inst.axi_crossbar_rd_inst.m_ifaces[3].a_arb_inst.grant_encoded_reg[0]$_SDFFE_PP0P_/D
592	0.3148	sI_axi_wvalid	axi_crossbar_inst.axi_crossbar_wr_inst.s_ifaces[I].w_select_valid_reg	s04_axi_wvalid	axi_crossbar_inst.axi_crossbar_wr_inst.s_ifaces[4].w_select_valid_reg$_SDFF_PP0_/D
593	0.3157	axi_crossbar_inst.axi_crossbar_rd_inst.m_ifaces[I].reg_inst.genblkJ.genblkK.s_axi_arready_reg	axi_crossbar_inst.axi_crossbar_rd_inst.m_ifaces[I].reg_inst.genblkJ.genblkK.m_axi_arburst_reg[L]	axi_crossbar_inst.axi_crossbar_rd_inst.m_ifaces[3].reg_inst.genblk1.genblk1.s_axi_arready_reg$_SDFF_PP0_/Q	axi_crossbar_inst.axi_crossbar_rd_inst.m_ifaces[3].reg_inst.genblk1.genblk1.m_axi_arburst_reg[0]$_DFFE_PP_/D
594	0.3157	axi_crossbar_inst.axi_crossbar_rd_inst.m_ifaces[I].reg_inst.genblkJ.genblkK.s_axi_arready_reg	axi_crossbar_inst.axi_crossbar_rd_inst.m_ifaces[I].reg_inst.genblkJ.genblkK.m_axi_arcache_reg[L]	axi_crossbar_inst.axi_crossbar_rd_inst.m_ifaces[3].reg_inst.genblk1.genblk1.s_axi_arready_reg$_SDFF_PP0_/Q	axi_crossbar_inst.axi_crossbar_rd_inst.m_ifaces[3].reg_inst.genblk1.genblk1.m_axi_arcache_reg[0]$_DFFE_PP_/D
595	0.3157	axi_crossbar_inst.axi_crossbar_rd_inst.m_ifaces[I].reg_inst.genblkJ.genblkK.s_axi_arready_reg	axi_crossbar_inst.axi_crossbar_rd_inst.m_ifaces[I].reg_inst.genblkJ.genblkK.m_axi_arprot_reg[L]	axi_crossbar_inst.axi_crossbar_rd_inst.m_ifaces[3].reg_inst.genblk1.genblk1.s_axi_arready_reg$_SDFF_PP0_/Q	axi_crossbar_inst.axi_crossbar_rd_inst.m_ifaces[3].reg_inst.genblk1.genblk1.m_axi_arprot_reg[0]$_DFFE_PP_/D
596	0.3157	axi_crossbar_inst.axi_crossbar_rd_inst.m_ifaces[I].reg_inst.genblkJ.genblkK.s_axi_arready_reg	axi_crossbar_inst.axi_crossbar_rd_inst.m_ifaces[I].reg_inst.genblkJ.genblkK.m_axi_arqos_reg[L]	axi_crossbar_inst.axi_crossbar_rd_inst.m_ifaces[3].reg_inst.genblk1.genblk1.s_axi_arready_reg$_SDFF_PP0_/Q	axi_crossbar_inst.axi_crossbar_rd_inst.m_ifaces[3].reg_inst.genblk1.genblk1.m_axi_arqos_reg[0]$_DFFE_PP_/D
597	0.3157	axi_crossbar_inst.axi_crossbar_rd_inst.m_ifaces[I].reg_inst.genblkJ.genblkK.s_axi_arready_reg	axi_crossbar_inst.axi_crossbar_rd_inst.m_ifaces[I].reg_inst.genblkJ.genblkK.m_axi_arsize_reg[L]	axi_crossbar_inst.axi_crossbar_rd_inst.m_ifaces[3].reg_inst.genblk1.genblk1.s_axi_arready_reg$_SDFF_PP0_/Q	axi_crossbar_inst.axi_crossbar_rd_inst.m_ifaces[3].reg_inst.genblk1.genblk1.m_axi_arsize_reg[1]$_DFFE_PP_/D
598	0.3171	axi_crossbar_inst.axi_crossbar_wr_inst.m_ifaces[I].reg_inst.genblkJ.m_axi_wvalid_reg	axi_crossbar_inst.axi_crossbar_wr_inst.m_ifaces[I].reg_inst.genblkJ.m_axi_wdata_reg[K]	axi_crossbar_inst.axi_crossbar_wr_inst.m_ifaces[6].reg_inst.genblk2.m_axi_wvalid_reg$_SDFFE_PP0P_/QN	axi_crossbar_inst.axi_crossbar_wr_inst.m_ifaces[6].reg_inst.genblk2.m_axi_wdata_reg[10]$_DFFE_PP_/D
599	0.3171	axi_crossbar_inst.axi_crossbar_wr_inst.m_ifaces[I].reg_inst.genblkJ.m_axi_wvalid_reg	axi_crossbar_inst.axi_crossbar_wr_inst.m_ifaces[I].reg_inst.genblkJ.m_axi_wstrb_reg[K]	axi_crossbar_inst.axi_crossbar_wr_inst.m_ifaces[6].reg_inst.genblk2.m_axi_wvalid_reg$_SDFFE_PP0P_/QN	axi_crossbar_inst.axi_crossbar_wr_inst.m_ifaces[6].reg_inst.genblk2.m_axi_wstrb_reg[0]$_DFFE_PP_/D
600	0.3195	axi_crossbar_inst.axi_crossbar_rd_inst.s_ifaces[I].reg_inst.genblkJ.s_axi_rvalid_reg	axi_crossbar_inst.axi_crossbar_rd_inst.s_ifaces[I].reg_inst.genblkJ.temp_s_axi_rdata_reg[K]	axi_crossbar_inst.axi_crossbar_rd_inst.s_ifaces[0].reg_inst.genblk2.s_axi_rvalid_reg$_SDFFE_PP0P_/QN	axi_crossbar_inst.axi_crossbar_rd_inst.s_ifaces[0].reg_inst.genblk2.temp_s_axi_rdata_reg[10]$_DFFE_PP_/D
601	0.3206	axi_crossbar_inst.axi_crossbar_rd_inst.s_ifaces[I].decerr_m_axi_rvalid_reg	axi_crossbar_inst.axi_crossbar_rd_inst.s_ifaces[I].reg_inst.genblkJ.temp_s_axi_rvalid_reg	axi_crossbar_inst.axi_crossbar_rd_inst.s_ifaces[4].decerr_m_axi_rvalid_reg$_SDFF_PP0_/Q	axi_crossbar_inst.axi_crossbar_rd_inst.s_ifaces[4].reg_inst.genblk2.temp_s_axi_rvalid_reg$_SDFFE_PP0P_/D
602	0.3209	axi_crossbar_inst.axi_crossbar_rd_inst.s_ifaces[I].reg_inst.genblkJ.m_axi_rready_reg	axi_crossbar_inst.axi_crossbar_rd_inst.s_ifaces[I].reg_inst.genblkJ.temp_s_axi_rid_reg[K]	axi_crossbar_inst.axi_crossbar_rd_inst.s_ifaces[6].reg_inst.genblk2.m_axi_rready_reg$_SDFF_PP0_/Q	axi_crossbar_inst.axi_crossbar_rd_inst.s_ifaces[6].reg_inst.genblk2.temp_s_axi_rid_reg[1]$_DFFE_PP_/D
603	0.3218	axi_crossbar_inst.axi_crossbar_wr_inst.m_ifaces[I].reg_inst.genblkJ.genblkK.s_axi_awready_reg	axi_crossbar_inst.axi_crossbar_wr_inst.m_ifaces[I].reg_inst.genblkJ.genblkK.m_axi_awburst_reg[L]	axi_crossbar_inst.axi_crossbar_wr_inst.m_ifaces[0].reg_inst.genblk1.genblk1.s_axi_awready_reg$_SDFF_PP0_/Q	axi_crossbar_inst.axi_crossbar_wr_inst.m_ifaces[0].reg_inst.genblk1.genblk1.m_axi_awburst_reg[0]$_DFFE_PP_/D
604	0.3218	axi_crossbar_inst.axi_crossbar_wr_inst.m_ifaces[I].reg_inst.genblkJ.genblkK.s_axi_awready_reg	axi_crossbar_inst.axi_crossbar_wr_inst.m_ifaces[I].reg_inst.genblkJ.genblkK.m_axi_awcache_reg[L]	axi_crossbar_inst.axi_crossbar_wr_inst.m_ifaces[0].reg_inst.genblk1.genblk1.s_axi_awready_reg$_SDFF_PP0_/Q	axi_crossbar_inst.axi_crossbar_wr_inst.m_ifaces[0].reg_inst.genblk1.genblk1.m_axi_awcache_reg[0]$_DFFE_PP_/D
605	0.3218	axi_crossbar_inst.axi_crossbar_wr_inst.m_ifaces[I].reg_inst.genblkJ.genblkK.s_axi_awready_reg	axi_crossbar_inst.axi_crossbar_wr_inst.m_ifaces[I].reg_inst.genblkJ.genblkK.m_axi_awprot_reg[L]	axi_crossbar_inst.axi_crossbar_wr_inst.m_ifaces[0].reg_inst.genblk1.genblk1.s_axi_awready_reg$_SDFF_PP0_/Q	axi_crossbar_inst.axi_crossbar_wr_inst.m_ifaces[0].reg_inst.genblk1.genblk1.m_axi_awprot_reg[0]$_DFFE_PP_/D
606	0.3218	axi_crossbar_inst.axi_crossbar_wr_inst.m_ifaces[I].reg_inst.genblkJ.genblkK.s_axi_awready_reg	axi_crossbar_inst.axi_crossbar_wr_inst.m_ifaces[I].reg_inst.genblkJ.genblkK.m_axi_awqos_reg[L]	axi_crossbar_inst.axi_crossbar_wr_inst.m_ifaces[0].reg_inst.genblk1.genblk1.s_axi_awready_reg$_SDFF_PP0_/Q	axi_crossbar_inst.axi_crossbar_wr_inst.m_ifaces[0].reg_inst.genblk1.genblk1.m_axi_awqos_reg[0]$_DFFE_PP_/D
607	0.3218	axi_crossbar_inst.axi_crossbar_wr_inst.m_ifaces[I].reg_inst.genblkJ.genblkK.s_axi_awready_reg	axi_crossbar_inst.axi_crossbar_wr_inst.m_ifaces[I].reg_inst.genblkJ.genblkK.m_axi_awsize_reg[L]	axi_crossbar_inst.axi_crossbar_wr_inst.m_ifaces[0].reg_inst.genblk1.genblk1.s_axi_awready_reg$_SDFF_PP0_/Q	axi_crossbar_inst.axi_crossbar_wr_inst.m_ifaces[0].reg_inst.genblk1.genblk1.m_axi_awsize_reg[1]$_DFFE_PP_/D
608	0.3220	axi_crossbar_inst.axi_crossbar_wr_inst.m_ifaces[I].a_arb_inst.grant_valid_reg	axi_crossbar_inst.axi_crossbar_wr_inst.m_ifaces[I].w_select_valid_reg	axi_crossbar_inst.axi_crossbar_wr_inst.m_ifaces[3].a_arb_inst.grant_valid_reg$_SDFFE_PP0P_/Q	axi_crossbar_inst.axi_crossbar_wr_inst.m_ifaces[3].w_select_valid_reg$_SDFF_PP0_/D
609	0.3222	axi_crossbar_inst.axi_crossbar_rd_inst.m_ifaces[I].reg_inst.genblkJ.genblkK.s_axi_arready_reg	axi_crossbar_inst.axi_crossbar_rd_inst.m_ifaces[I].reg_inst.genblkJ.genblkK.m_axi_araddr_reg[L]	axi_crossbar_inst.axi_crossbar_rd_inst.m_ifaces[5].reg_inst.genblk1.genblk1.s_axi_arready_reg$_SDFF_PP0_/Q	axi_crossbar_inst.axi_crossbar_rd_inst.m_ifaces[5].reg_inst.genblk1.genblk1.m_axi_araddr_reg[29]$_DFFE_PP_/D
610	0.3222	axi_crossbar_inst.axi_crossbar_rd_inst.m_ifaces[I].reg_inst.genblkJ.genblkK.s_axi_arready_reg	axi_crossbar_inst.axi_crossbar_rd_inst.m_ifaces[I].reg_inst.genblkJ.genblkK.m_axi_arlen_reg[L]	axi_crossbar_inst.axi_crossbar_rd_inst.m_ifaces[5].reg_inst.genblk1.genblk1.s_axi_arready_reg$_SDFF_PP0_/Q	axi_crossbar_inst.axi_crossbar_rd_inst.m_ifaces[5].reg_inst.genblk1.genblk1.m_axi_arlen_reg[0]$_DFFE_PP_/D
611	0.3223	axi_crossbar_inst.axi_crossbar_wr_inst.s_ifaces[I].addr_inst.thread_m_reg[J][K]	axi_crossbar_inst.axi_crossbar_wr_inst.s_ifaces[I].addr_inst.m_rc_valid_reg	axi_crossbar_inst.axi_crossbar_wr_inst.s_ifaces[0].addr_inst.thread_m_reg[1][2]$_DFFE_PP_/Q	axi_crossbar_inst.axi_crossbar_wr_inst.s_ifaces[0].addr_inst.m_rc_valid_reg$_SDFF_PP0_/D
612	0.3223	axi_crossbar_inst.axi_crossbar_wr_inst.m_ifaces[I].reg_inst.genblkJ.s_axi_wready_reg	axi_crossbar_inst.axi_crossbar_wr_inst.m_ifaces[I].reg_inst.genblkJ.temp_m_axi_wdata_reg[K]	axi_crossbar_inst.axi_crossbar_wr_inst.m_ifaces[6].reg_inst.genblk2.s_axi_wready_reg$_SDFF_PP0_/Q	axi_crossbar_inst.axi_crossbar_wr_inst.m_ifaces[6].reg_inst.genblk2.temp_m_axi_wdata_reg[13]$_DFFE_PP_/D
613	0.3230	axi_crossbar_inst.axi_crossbar_wr_inst.m_ifaces[I].reg_inst.genblkJ.s_axi_wready_reg	axi_crossbar_inst.axi_crossbar_wr_inst.m_ifaces[I].a_arb_inst.grant_valid_reg	axi_crossbar_inst.axi_crossbar_wr_inst.m_ifaces[2].reg_inst.genblk2.s_axi_wready_reg$_SDFF_PP0_/Q	axi_crossbar_inst.axi_crossbar_wr_inst.m_ifaces[2].a_arb_inst.grant_valid_reg$_SDFFE_PP0P_/D
614	0.3230	axi_crossbar_inst.axi_crossbar_wr_inst.m_ifaces[I].trans_count_reg[J]	axi_crossbar_inst.axi_crossbar_wr_inst.m_ifaces[I].a_arb_inst.grant_encoded_reg[J]	axi_crossbar_inst.axi_crossbar_wr_inst.m_ifaces[1].trans_count_reg[2]$_SDFFE_PP0P_/Q	axi_crossbar_inst.axi_crossbar_wr_inst.m_ifaces[1].a_arb_inst.grant_encoded_reg[0]$_SDFFE_PP0P_/D
615	0.3233	axi_crossbar_inst.axi_crossbar_rd_inst.m_ifaces[I].a_arb_inst.grant_encoded_reg[J]	axi_crossbar_inst.axi_crossbar_rd_inst.m_ifaces[I].a_arb_inst.grant_encoded_reg[J]	axi_crossbar_inst.axi_crossbar_rd_inst.m_ifaces[5].a_arb_inst.grant_encoded_reg[0]$_SDFFE_PP0P_/Q	axi_crossbar_inst.axi_crossbar_rd_inst.m_ifaces[5].a_arb_inst.grant_encoded_reg[0]$_SDFFE_PP0P_/D
616	0.3243	axi_crossbar_inst.axi_crossbar_rd_inst.s_ifaces[I].reg_inst.genblkJ.m_axi_rready_reg	axi_crossbar_inst.axi_crossbar_rd_inst.s_ifaces[I].reg_inst.genblkJ.temp_s_axi_rresp_reg[K]	axi_crossbar_inst.axi_crossbar_rd_inst.s_ifaces[0].reg_inst.genblk2.m_axi_rready_reg$_SDFF_PP0_/Q	axi_crossbar_inst.axi_crossbar_rd_inst.s_ifaces[0].reg_inst.genblk2.temp_s_axi_rresp_reg[1]$_DFFE_PP_/D
617	0.3245	axi_crossbar_inst.axi_crossbar_rd_inst.s_ifaces[I].reg_inst.genblkJ.s_axi_rvalid_reg	axi_crossbar_inst.axi_crossbar_rd_inst.s_ifaces[I].reg_inst.genblkJ.temp_s_axi_rid_reg[K]	axi_crossbar_inst.axi_crossbar_rd_inst.s_ifaces[6].reg_inst.genblk2.s_axi_rvalid_reg$_SDFFE_PP0P_/QN	axi_crossbar_inst.axi_crossbar_rd_inst.s_ifaces[6].reg_inst.genblk2.temp_s_axi_rid_reg[1]$_DFFE_PP_/D
618	0.3249	axi_crossbar_inst.axi_crossbar_rd_inst.s_ifaces[I].reg_inst.genblkJ.m_axi_rready_reg	axi_crossbar_inst.axi_crossbar_rd_inst.s_ifaces[I].decerr_m_axi_rvalid_reg	axi_crossbar_inst.axi_crossbar_rd_inst.s_ifaces[3].reg_inst.genblk2.m_axi_rready_reg$_SDFF_PP0_/Q	axi_crossbar_inst.axi_crossbar_rd_inst.s_ifaces[3].decerr_m_axi_rvalid_reg$_SDFF_PP0_/D
619	0.3254	sI_axi_wvalid	axi_crossbar_inst.axi_crossbar_wr_inst.s_ifaces[I].w_drop_reg	s04_axi_wvalid	axi_crossbar_inst.axi_crossbar_wr_inst.s_ifaces[4].w_drop_reg$_DFF_P_/D
620	0.3269	axi_crossbar_inst.axi_crossbar_rd_inst.s_ifaces[I].r_arb_inst.grant_valid_reg	axi_crossbar_inst.axi_crossbar_rd_inst.s_ifaces[I].r_arb_inst.grant_valid_reg	axi_crossbar_inst.axi_crossbar_rd_inst.s_ifaces[0].r_arb_inst.grant_valid_reg$_SDFFE_PP0P_/Q	axi_crossbar_inst.axi_crossbar_rd_inst.s_ifaces[0].r_arb_inst.grant_valid_reg$_SDFFE_PP0P_/D
621	0.3287	axi_crossbar_inst.axi_crossbar_wr_inst.m_ifaces[I].reg_inst.genblkJ.genblkK.s_axi_awready_reg	axi_crossbar_inst.axi_crossbar_wr_inst.m_ifaces[I].reg_inst.genblkJ.genblkK.m_axi_awid_reg[L]	axi_crossbar_inst.axi_crossbar_wr_inst.m_ifaces[3].reg_inst.genblk1.genblk1.s_axi_awready_reg$_SDFF_PP0_/Q	axi_crossbar_inst.axi_crossbar_wr_inst.m_ifaces[3].reg_inst.genblk1.genblk1.m_axi_awid_reg[0]$_DFFE_PP_/D
622	0.3299	axi_crossbar_inst.axi_crossbar_rd_inst.s_ifaces[I].decerr_m_axi_rvalid_reg	axi_crossbar_inst.axi_crossbar_rd_inst.s_ifaces[I].decerr_len_reg[J]	axi_crossbar_inst.axi_crossbar_rd_inst.s_ifaces[6].decerr_m_axi_rvalid_reg$_SDFF_PP0_/Q	axi_crossbar_inst.axi_crossbar_rd_inst.s_ifaces[6].decerr_len_reg[0]$_DFFE_PP_/D
623	0.3313	axi_crossbar_inst.axi_crossbar_rd_inst.s_ifaces[I].reg_inst.genblkJ.s_axi_rvalid_reg	axi_crossbar_inst.axi_crossbar_rd_inst.s_ifaces[I].reg_inst.genblkJ.temp_s_axi_rresp_reg[K]	axi_crossbar_inst.axi_crossbar_rd_inst.s_ifaces[0].reg_inst.genblk2.s_axi_rvalid_reg$_SDFFE_PP0P_/QN	axi_crossbar_inst.axi_crossbar_rd_inst.s_ifaces[0].reg_inst.genblk2.temp_s_axi_rresp_reg[1]$_DFFE_PP_/D
624	0.3318	axi_crossbar_inst.axi_crossbar_rd_inst.s_ifaces[I].reg_inst.genblkJ.m_axi_rready_reg	axi_crossbar_inst.axi_crossbar_rd_inst.s_ifaces[I].reg_inst.genblkJ.temp_s_axi_rvalid_reg	axi_crossbar_inst.axi_crossbar_rd_inst.s_ifaces[7].reg_inst.genblk2.m_axi_rready_reg$_SDFF_PP0_/Q	axi_crossbar_inst.axi_crossbar_rd_inst.s_ifaces[7].reg_inst.genblk2.temp_s_axi_rvalid_reg$_SDFFE_PP0P_/D
625	0.3323	axi_crossbar_inst.axi_crossbar_rd_inst.s_ifaces[I].reg_inst.genblkJ.m_axi_rready_reg	axi_crossbar_inst.axi_crossbar_rd_inst.s_ifaces[I].reg_inst.genblkJ.temp_s_axi_rlast_reg	axi_crossbar_inst.axi_crossbar_rd_inst.s_ifaces[7].reg_inst.genblk2.m_axi_rready_reg$_SDFF_PP0_/Q	axi_crossbar_inst.axi_crossbar_rd_inst.s_ifaces[7].reg_inst.genblk2.temp_s_axi_rlast_reg$_DFFE_PP_/D
626	0.3330	axi_crossbar_inst.axi_crossbar_wr_inst.m_ifaces[I].reg_inst.genblkJ.s_axi_wready_reg	axi_crossbar_inst.axi_crossbar_wr_inst.m_ifaces[I].reg_inst.genblkJ.temp_m_axi_wstrb_reg[K]	axi_crossbar_inst.axi_crossbar_wr_inst.m_ifaces[5].reg_inst.genblk2.s_axi_wready_reg$_SDFF_PP0_/Q	axi_crossbar_inst.axi_crossbar_wr_inst.m_ifaces[5].reg_inst.genblk2.temp_m_axi_wstrb_reg[0]$_DFFE_PP_/D
627	0.3330	axi_crossbar_inst.axi_crossbar_wr_inst.m_ifaces[I].reg_inst.genblkJ.m_axi_wlast_reg	mI_axi_wlast	axi_crossbar_inst.axi_crossbar_wr_inst.m_ifaces[1].reg_inst.genblk2.m_axi_wlast_reg$_DFFE_PP_/Q	m01_axi_wlast
628	0.3330	axi_crossbar_inst.axi_crossbar_wr_inst.s_ifaces[I].reg_inst.genblkJ.genblkK.s_axi_bresp_reg[L]	sI_axi_bresp[J]	axi_crossbar_inst.axi_crossbar_wr_inst.s_ifaces[0].reg_inst.genblk3.genblk1.s_axi_bresp_reg[0]$_DFFE_PP_/Q	s00_axi_bresp[0]
629	0.3330	axi_crossbar_inst.axi_crossbar_rd_inst.s_ifaces[I].reg_inst.genblkJ.s_axi_rdata_reg[K]	sI_axi_rdata[J]	axi_crossbar_inst.axi_crossbar_rd_inst.s_ifaces[0].reg_inst.genblk2.s_axi_rdata_reg[0]$_DFFE_PP_/Q	s00_axi_rdata[0]
630	0.3330	axi_crossbar_inst.axi_crossbar_rd_inst.m_ifaces[I].reg_inst.genblkJ.genblkK.m_axi_arvalid_reg	mI_axi_arvalid	axi_crossbar_inst.axi_crossbar_rd_inst.m_ifaces[0].reg_inst.genblk1.genblk1.m_axi_arvalid_reg$_SDFF_PP0_/Q	m00_axi_arvalid
631	0.3330	axi_crossbar_inst.axi_crossbar_wr_inst.m_ifaces[I].reg_inst.genblkJ.genblkK.m_axi_awvalid_reg	mI_axi_awvalid	axi_crossbar_inst.axi_crossbar_wr_inst.m_ifaces[0].reg_inst.genblk1.genblk1.m_axi_awvalid_reg$_SDFF_PP0_/Q	m00_axi_awvalid
632	0.3330	axi_crossbar_inst.axi_crossbar_wr_inst.s_ifaces[I].reg_inst.genblkJ.genblkK.s_axi_bvalid_reg	sI_axi_bvalid	axi_crossbar_inst.axi_crossbar_wr_inst.s_ifaces[0].reg_inst.genblk3.genblk1.s_axi_bvalid_reg$_SDFF_PP0_/Q	s00_axi_bvalid
633	0.3331	axi_crossbar_inst.axi_crossbar_wr_inst.m_ifaces[I].reg_inst.genblkJ.m_axi_wdata_reg[K]	mI_axi_wdata[J]	axi_crossbar_inst.axi_crossbar_wr_inst.m_ifaces[0].reg_inst.genblk2.m_axi_wdata_reg[0]$_DFFE_PP_/Q	m00_axi_wdata[0]
634	0.3331	axi_crossbar_inst.axi_crossbar_wr_inst.m_ifaces[I].reg_inst.genblkJ.m_axi_wstrb_reg[K]	mI_axi_wstrb[J]	axi_crossbar_inst.axi_crossbar_wr_inst.m_ifaces[0].reg_inst.genblk2.m_axi_wstrb_reg[0]$_DFFE_PP_/Q	m00_axi_wstrb[0]
635	0.3331	axi_crossbar_inst.axi_crossbar_rd_inst.s_ifaces[I].reg_inst.genblkJ.s_axi_rid_reg[K]	sI_axi_rid[J]	axi_crossbar_inst.axi_crossbar_rd_inst.s_ifaces[0].reg_inst.genblk2.s_axi_rid_reg[0]$_DFFE_PP_/Q	s00_axi_rid[0]
636	0.3331	axi_crossbar_inst.axi_crossbar_rd_inst.s_ifaces[I].reg_inst.genblkJ.s_axi_rlast_reg	sI_axi_rlast	axi_crossbar_inst.axi_crossbar_rd_inst.s_ifaces[0].reg_inst.genblk2.s_axi_rlast_reg$_DFFE_PP_/Q	s00_axi_rlast
637	0.3331	axi_crossbar_inst.axi_crossbar_rd_inst.s_ifaces[I].reg_inst.genblkJ.s_axi_rresp_reg[K]	sI_axi_rresp[J]	axi_crossbar_inst.axi_crossbar_rd_inst.s_ifaces[0].reg_inst.genblk2.s_axi_rresp_reg[0]$_DFFE_PP_/Q	s00_axi_rresp[0]
638	0.3331	axi_crossbar_inst.axi_crossbar_wr_inst.m_ifaces[I].reg_inst.genblkJ.m_axi_wvalid_reg	mI_axi_wvalid	axi_crossbar_inst.axi_crossbar_wr_inst.m_ifaces[1].reg_inst.genblk2.m_axi_wvalid_reg$_SDFFE_PP0P_/Q	m01_axi_wvalid
639	0.3331	axi_crossbar_inst.axi_crossbar_rd_inst.s_ifaces[I].reg_inst.genblkJ.s_axi_rvalid_reg	sI_axi_rvalid	axi_crossbar_inst.axi_crossbar_rd_inst.s_ifaces[3].reg_inst.genblk2.s_axi_rvalid_reg$_SDFFE_PP0P_/Q	s03_axi_rvalid
640	0.3333	axi_crossbar_inst.axi_crossbar_wr_inst.m_ifaces[I].w_select_valid_reg	axi_crossbar_inst.axi_crossbar_wr_inst.m_ifaces[I].a_arb_inst.grant_valid_reg	axi_crossbar_inst.axi_crossbar_wr_inst.m_ifaces[2].w_select_valid_reg$_SDFF_PP0_/QN	axi_crossbar_inst.axi_crossbar_wr_inst.m_ifaces[2].a_arb_inst.grant_valid_reg$_SDFFE_PP0P_/D
641	0.3348	axi_crossbar_inst.axi_crossbar_rd_inst.m_ifaces[I].reg_inst.genblkJ.genblkK.m_axi_araddr_reg[L]	mI_axi_araddr[J]	axi_crossbar_inst.axi_crossbar_rd_inst.m_ifaces[0].reg_inst.genblk1.genblk1.m_axi_araddr_reg[0]$_DFFE_PP_/Q	m00_axi_araddr[0]
642	0.3348	axi_crossbar_inst.axi_crossbar_rd_inst.m_ifaces[I].reg_inst.genblkJ.genblkK.m_axi_arburst_reg[L]	mI_axi_arburst[J]	axi_crossbar_inst.axi_crossbar_rd_inst.m_ifaces[0].reg_inst.genblk1.genblk1.m_axi_arburst_reg[0]$_DFFE_PP_/Q	m00_axi_arburst[0]
643	0.3348	axi_crossbar_inst.axi_crossbar_rd_inst.m_ifaces[I].reg_inst.genblkJ.genblkK.m_axi_arcache_reg[L]	mI_axi_arcache[J]	axi_crossbar_inst.axi_crossbar_rd_inst.m_ifaces[0].reg_inst.genblk1.genblk1.m_axi_arcache_reg[0]$_DFFE_PP_/Q	m00_axi_arcache[0]
644	0.3348	axi_crossbar_inst.axi_crossbar_rd_inst.m_ifaces[I].reg_inst.genblkJ.genblkK.m_axi_arid_reg[L]	mI_axi_arid[J]	axi_crossbar_inst.axi_crossbar_rd_inst.m_ifaces[0].reg_inst.genblk1.genblk1.m_axi_arid_reg[0]$_DFFE_PP_/Q	m00_axi_arid[0]
645	0.3348	axi_crossbar_inst.axi_crossbar_rd_inst.m_ifaces[I].reg_inst.genblkJ.genblkK.m_axi_arlen_reg[L]	mI_axi_arlen[J]	axi_crossbar_inst.axi_crossbar_rd_inst.m_ifaces[0].reg_inst.genblk1.genblk1.m_axi_arlen_reg[0]$_DFFE_PP_/Q	m00_axi_arlen[0]
646	0.3348	axi_crossbar_inst.axi_crossbar_rd_inst.m_ifaces[I].reg_inst.genblkJ.genblkK.m_axi_arlock_reg	mI_axi_arlock	axi_crossbar_inst.axi_crossbar_rd_inst.m_ifaces[0].reg_inst.genblk1.genblk1.m_axi_arlock_reg$_DFFE_PP_/Q	m00_axi_arlock
647	0.3348	axi_crossbar_inst.axi_crossbar_rd_inst.m_ifaces[I].reg_inst.genblkJ.genblkK.m_axi_arprot_reg[L]	mI_axi_arprot[J]	axi_crossbar_inst.axi_crossbar_rd_inst.m_ifaces[0].reg_inst.genblk1.genblk1.m_axi_arprot_reg[0]$_DFFE_PP_/Q	m00_axi_arprot[0]
648	0.3348	axi_crossbar_inst.axi_crossbar_rd_inst.m_ifaces[I].reg_inst.genblkJ.genblkK.m_axi_arqos_reg[L]	mI_axi_arqos[J]	axi_crossbar_inst.axi_crossbar_rd_inst.m_ifaces[0].reg_inst.genblk1.genblk1.m_axi_arqos_reg[0]$_DFFE_PP_/Q	m00_axi_arqos[0]
649	0.3348	axi_crossbar_inst.axi_crossbar_rd_inst.m_ifaces[I].reg_inst.genblkJ.genblkK.m_axi_arsize_reg[L]	mI_axi_arsize[J]	axi_crossbar_inst.axi_crossbar_rd_inst.m_ifaces[0].reg_inst.genblk1.genblk1.m_axi_arsize_reg[0]$_DFFE_PP_/Q	m00_axi_arsize[0]
650	0.3348	axi_crossbar_inst.axi_crossbar_wr_inst.m_ifaces[I].reg_inst.genblkJ.genblkK.m_axi_awaddr_reg[L]	mI_axi_awaddr[J]	axi_crossbar_inst.axi_crossbar_wr_inst.m_ifaces[0].reg_inst.genblk1.genblk1.m_axi_awaddr_reg[0]$_DFFE_PP_/Q	m00_axi_awaddr[0]
651	0.3348	axi_crossbar_inst.axi_crossbar_wr_inst.m_ifaces[I].reg_inst.genblkJ.genblkK.m_axi_awburst_reg[L]	mI_axi_awburst[J]	axi_crossbar_inst.axi_crossbar_wr_inst.m_ifaces[0].reg_inst.genblk1.genblk1.m_axi_awburst_reg[0]$_DFFE_PP_/Q	m00_axi_awburst[0]
652	0.3348	axi_crossbar_inst.axi_crossbar_wr_inst.m_ifaces[I].reg_inst.genblkJ.genblkK.m_axi_awcache_reg[L]	mI_axi_awcache[J]	axi_crossbar_inst.axi_crossbar_wr_inst.m_ifaces[0].reg_inst.genblk1.genblk1.m_axi_awcache_reg[0]$_DFFE_PP_/Q	m00_axi_awcache[0]
653	0.3348	axi_crossbar_inst.axi_crossbar_wr_inst.m_ifaces[I].reg_inst.genblkJ.genblkK.m_axi_awid_reg[L]	mI_axi_awid[J]	axi_crossbar_inst.axi_crossbar_wr_inst.m_ifaces[0].reg_inst.genblk1.genblk1.m_axi_awid_reg[0]$_DFFE_PP_/Q	m00_axi_awid[0]
654	0.3348	axi_crossbar_inst.axi_crossbar_wr_inst.m_ifaces[I].reg_inst.genblkJ.genblkK.m_axi_awlen_reg[L]	mI_axi_awlen[J]	axi_crossbar_inst.axi_crossbar_wr_inst.m_ifaces[0].reg_inst.genblk1.genblk1.m_axi_awlen_reg[0]$_DFFE_PP_/Q	m00_axi_awlen[0]
655	0.3348	axi_crossbar_inst.axi_crossbar_wr_inst.m_ifaces[I].reg_inst.genblkJ.genblkK.m_axi_awlock_reg	mI_axi_awlock	axi_crossbar_inst.axi_crossbar_wr_inst.m_ifaces[0].reg_inst.genblk1.genblk1.m_axi_awlock_reg$_DFFE_PP_/Q	m00_axi_awlock
656	0.3348	axi_crossbar_inst.axi_crossbar_wr_inst.m_ifaces[I].reg_inst.genblkJ.genblkK.m_axi_awprot_reg[L]	mI_axi_awprot[J]	axi_crossbar_inst.axi_crossbar_wr_inst.m_ifaces[0].reg_inst.genblk1.genblk1.m_axi_awprot_reg[0]$_DFFE_PP_/Q	m00_axi_awprot[0]
657	0.3348	axi_crossbar_inst.axi_crossbar_wr_inst.m_ifaces[I].reg_inst.genblkJ.genblkK.m_axi_awqos_reg[L]	mI_axi_awqos[J]	axi_crossbar_inst.axi_crossbar_wr_inst.m_ifaces[0].reg_inst.genblk1.genblk1.m_axi_awqos_reg[0]$_DFFE_PP_/Q	m00_axi_awqos[0]
658	0.3348	axi_crossbar_inst.axi_crossbar_wr_inst.m_ifaces[I].reg_inst.genblkJ.genblkK.m_axi_awsize_reg[L]	mI_axi_awsize[J]	axi_crossbar_inst.axi_crossbar_wr_inst.m_ifaces[0].reg_inst.genblk1.genblk1.m_axi_awsize_reg[0]$_DFFE_PP_/Q	m00_axi_awsize[0]
659	0.3348	axi_crossbar_inst.axi_crossbar_wr_inst.s_ifaces[I].reg_inst.genblkJ.genblkK.s_axi_bid_reg[L]	sI_axi_bid[J]	axi_crossbar_inst.axi_crossbar_wr_inst.s_ifaces[0].reg_inst.genblk3.genblk1.s_axi_bid_reg[0]$_DFFE_PP_/Q	s00_axi_bid[0]
660	0.3350	axi_crossbar_inst.axi_crossbar_wr_inst.s_ifaces[I].addr_inst.thread_m_reg[J][K]	axi_crossbar_inst.axi_crossbar_wr_inst.s_ifaces[I].addr_inst.state_reg[J]	axi_crossbar_inst.axi_crossbar_wr_inst.s_ifaces[6].addr_inst.thread_m_reg[0][0]$_DFFE_PP_/Q	axi_crossbar_inst.axi_crossbar_wr_inst.s_ifaces[6].addr_inst.state_reg[1]$_SDFF_PP0_/D
661	0.3369	axi_crossbar_inst.axi_crossbar_rd_inst.s_ifaces[I].addr_inst.s_axi_aready_reg	sI_axi_arready	axi_crossbar_inst.axi_crossbar_rd_inst.s_ifaces[0].addr_inst.s_axi_aready_reg$_SDFF_PP0_/Q	s00_axi_arready
662	0.3369	axi_crossbar_inst.axi_crossbar_wr_inst.s_ifaces[I].addr_inst.s_axi_aready_reg	sI_axi_awready	axi_crossbar_inst.axi_crossbar_wr_inst.s_ifaces[0].addr_inst.s_axi_aready_reg$_SDFF_PP0_/Q	s00_axi_awready
663	0.3375	axi_crossbar_inst.axi_crossbar_wr_inst.s_ifaces[I].addr_inst.m_axi_avalid_reg	axi_crossbar_inst.axi_crossbar_wr_inst.s_ifaces[I].addr_inst.state_reg[J]	axi_crossbar_inst.axi_crossbar_wr_inst.s_ifaces[2].addr_inst.m_axi_avalid_reg$_SDFF_PP0_/Q	axi_crossbar_inst.axi_crossbar_wr_inst.s_ifaces[2].addr_inst.state_reg[1]$_SDFF_PP0_/D
664	0.3396	axi_crossbar_inst.axi_crossbar_rd_inst.s_ifaces[I].addr_inst.m_decerr_reg	axi_crossbar_inst.axi_crossbar_rd_inst.s_ifaces[I].addr_inst.thread_id_reg[J][K]	axi_crossbar_inst.axi_crossbar_rd_inst.s_ifaces[0].addr_inst.m_decerr_reg$_DFFE_PP_/Q	axi_crossbar_inst.axi_crossbar_rd_inst.s_ifaces[0].addr_inst.thread_id_reg[1][0]$_DFFE_PP_/D
665	0.3396	axi_crossbar_inst.axi_crossbar_rd_inst.s_ifaces[I].addr_inst.m_decerr_reg	axi_crossbar_inst.axi_crossbar_rd_inst.s_ifaces[I].addr_inst.thread_m_reg[J][K]	axi_crossbar_inst.axi_crossbar_rd_inst.s_ifaces[0].addr_inst.m_decerr_reg$_DFFE_PP_/Q	axi_crossbar_inst.axi_crossbar_rd_inst.s_ifaces[0].addr_inst.thread_m_reg[1][0]$_DFFE_PP_/D
666	0.3398	axi_crossbar_inst.axi_crossbar_wr_inst.s_ifaces[I].addr_inst.thread_m_reg[J][K]	axi_crossbar_inst.axi_crossbar_wr_inst.s_ifaces[I].addr_inst.m_wc_valid_reg	axi_crossbar_inst.axi_crossbar_wr_inst.s_ifaces[0].addr_inst.thread_m_reg[1][2]$_DFFE_PP_/Q	axi_crossbar_inst.axi_crossbar_wr_inst.s_ifaces[0].addr_inst.m_wc_valid_reg$_SDFF_PP0_/D
667	0.3411	axi_crossbar_inst.axi_crossbar_rd_inst.s_ifaces[I].reg_inst.genblkJ.s_axi_rvalid_reg	axi_crossbar_inst.axi_crossbar_rd_inst.s_ifaces[I].reg_inst.genblkJ.temp_s_axi_rlast_reg	axi_crossbar_inst.axi_crossbar_rd_inst.s_ifaces[5].reg_inst.genblk2.s_axi_rvalid_reg$_SDFFE_PP0P_/QN	axi_crossbar_inst.axi_crossbar_rd_inst.s_ifaces[5].reg_inst.genblk2.temp_s_axi_rlast_reg$_DFFE_PP_/D
668	0.3411	axi_crossbar_inst.axi_crossbar_rd_inst.s_ifaces[I].decerr_len_reg[J]	axi_crossbar_inst.axi_crossbar_rd_inst.s_ifaces[I].decerr_m_axi_rvalid_reg	axi_crossbar_inst.axi_crossbar_rd_inst.s_ifaces[4].decerr_len_reg[1]$_DFFE_PP_/QN	axi_crossbar_inst.axi_crossbar_rd_inst.s_ifaces[4].decerr_m_axi_rvalid_reg$_SDFF_PP0_/D
669	0.3425	axi_crossbar_inst.axi_crossbar_rd_inst.s_ifaces[I].reg_inst.genblkJ.m_axi_rready_reg	axi_crossbar_inst.axi_crossbar_rd_inst.s_ifaces[I].reg_inst.genblkJ.s_axi_rvalid_reg	axi_crossbar_inst.axi_crossbar_rd_inst.s_ifaces[6].reg_inst.genblk2.m_axi_rready_reg$_SDFF_PP0_/Q	axi_crossbar_inst.axi_crossbar_rd_inst.s_ifaces[6].reg_inst.genblk2.s_axi_rvalid_reg$_SDFFE_PP0P_/D
670	0.3442	axi_crossbar_inst.axi_crossbar_wr_inst.m_ifaces[I].w_select_new_reg	axi_crossbar_inst.axi_crossbar_wr_inst.m_ifaces[I].w_select_valid_reg	axi_crossbar_inst.axi_crossbar_wr_inst.m_ifaces[4].w_select_new_reg$_SDFF_PP1_/Q	axi_crossbar_inst.axi_crossbar_wr_inst.m_ifaces[4].w_select_valid_reg$_SDFF_PP0_/D
671	0.3446	axi_crossbar_inst.axi_crossbar_wr_inst.s_ifaces[I].addr_inst.m_decerr_reg	axi_crossbar_inst.axi_crossbar_wr_inst.s_ifaces[I].addr_inst.thread_id_reg[J][K]	axi_crossbar_inst.axi_crossbar_wr_inst.s_ifaces[7].addr_inst.m_decerr_reg$_DFFE_PP_/Q	axi_crossbar_inst.axi_crossbar_wr_inst.s_ifaces[7].addr_inst.thread_id_reg[1][0]$_DFFE_PP_/D
672	0.3446	axi_crossbar_inst.axi_crossbar_wr_inst.s_ifaces[I].addr_inst.m_decerr_reg	axi_crossbar_inst.axi_crossbar_wr_inst.s_ifaces[I].addr_inst.thread_m_reg[J][K]	axi_crossbar_inst.axi_crossbar_wr_inst.s_ifaces[7].addr_inst.m_decerr_reg$_DFFE_PP_/Q	axi_crossbar_inst.axi_crossbar_wr_inst.s_ifaces[7].addr_inst.thread_m_reg[1][0]$_DFFE_PP_/D
673	0.3452	axi_crossbar_inst.axi_crossbar_wr_inst.m_ifaces[I].a_arb_inst.grant_reg[J]	axi_crossbar_inst.axi_crossbar_wr_inst.m_ifaces[I].w_select_new_reg	axi_crossbar_inst.axi_crossbar_wr_inst.m_ifaces[4].a_arb_inst.grant_reg[7]$_SDFFE_PP0P_/Q	axi_crossbar_inst.axi_crossbar_wr_inst.m_ifaces[4].w_select_new_reg$_SDFF_PP1_/D
674	0.3455	axi_crossbar_inst.axi_crossbar_wr_inst.s_ifaces[I].addr_inst.m_axi_avalid_reg	axi_crossbar_inst.axi_crossbar_wr_inst.s_ifaces[I].addr_inst.s_axi_aready_reg	axi_crossbar_inst.axi_crossbar_wr_inst.s_ifaces[2].addr_inst.m_axi_avalid_reg$_SDFF_PP0_/Q	axi_crossbar_inst.axi_crossbar_wr_inst.s_ifaces[2].addr_inst.s_axi_aready_reg$_SDFF_PP0_/D
675	0.3460	axi_crossbar_inst.axi_crossbar_rd_inst.s_ifaces[I].addr_inst.m_rc_valid_reg	axi_crossbar_inst.axi_crossbar_rd_inst.s_ifaces[I].decerr_len_reg[J]	axi_crossbar_inst.axi_crossbar_rd_inst.s_ifaces[7].addr_inst.m_rc_valid_reg$_SDFF_PP0_/Q	axi_crossbar_inst.axi_crossbar_rd_inst.s_ifaces[7].decerr_len_reg[0]$_DFFE_PP_/D
676	0.3468	axi_crossbar_inst.axi_crossbar_wr_inst.m_ifaces[I].reg_inst.genblkJ.m_axi_wvalid_reg	axi_crossbar_inst.axi_crossbar_wr_inst.m_ifaces[I].reg_inst.genblkJ.temp_m_axi_wdata_reg[K]	axi_crossbar_inst.axi_crossbar_wr_inst.m_ifaces[6].reg_inst.genblk2.m_axi_wvalid_reg$_SDFFE_PP0P_/QN	axi_crossbar_inst.axi_crossbar_wr_inst.m_ifaces[6].reg_inst.genblk2.temp_m_axi_wdata_reg[13]$_DFFE_PP_/D
677	0.3512	axi_crossbar_inst.axi_crossbar_rd_inst.s_ifaces[I].addr_inst.m_axi_avalid_reg	axi_crossbar_inst.axi_crossbar_rd_inst.s_ifaces[I].addr_inst.state_reg[J]	axi_crossbar_inst.axi_crossbar_rd_inst.s_ifaces[3].addr_inst.m_axi_avalid_reg$_SDFF_PP0_/Q	axi_crossbar_inst.axi_crossbar_rd_inst.s_ifaces[3].addr_inst.state_reg[1]$_SDFF_PP0_/D
678	0.3517	axi_crossbar_inst.axi_crossbar_wr_inst.m_ifaces[I].reg_inst.genblkJ.m_axi_wvalid_reg	axi_crossbar_inst.axi_crossbar_wr_inst.m_ifaces[I].reg_inst.genblkJ.temp_m_axi_wstrb_reg[K]	axi_crossbar_inst.axi_crossbar_wr_inst.m_ifaces[5].reg_inst.genblk2.m_axi_wvalid_reg$_SDFFE_PP0P_/QN	axi_crossbar_inst.axi_crossbar_wr_inst.m_ifaces[5].reg_inst.genblk2.temp_m_axi_wstrb_reg[0]$_DFFE_PP_/D
679	0.3520	axi_crossbar_inst.axi_crossbar_wr_inst.s_ifaces[I].b_arb_inst.grant_valid_reg	axi_crossbar_inst.axi_crossbar_wr_inst.s_ifaces[I].b_arb_inst.grant_valid_reg	axi_crossbar_inst.axi_crossbar_wr_inst.s_ifaces[3].b_arb_inst.grant_valid_reg$_SDFFE_PP0P_/Q	axi_crossbar_inst.axi_crossbar_wr_inst.s_ifaces[3].b_arb_inst.grant_valid_reg$_SDFFE_PP0P_/D
680	0.3527	axi_crossbar_inst.axi_crossbar_rd_inst.s_ifaces[I].addr_inst.m_rc_valid_reg	axi_crossbar_inst.axi_crossbar_rd_inst.s_ifaces[I].decerr_m_axi_rlast_reg	axi_crossbar_inst.axi_crossbar_rd_inst.s_ifaces[0].addr_inst.m_rc_valid_reg$_SDFF_PP0_/Q	axi_crossbar_inst.axi_crossbar_rd_inst.s_ifaces[0].decerr_m_axi_rlast_reg$_DFFE_PP_/D
681	0.3552	axi_crossbar_inst.axi_crossbar_wr_inst.m_ifaces[I].reg_inst.genblkJ.s_axi_wready_reg	axi_crossbar_inst.axi_crossbar_wr_inst.m_ifaces[I].reg_inst.genblkJ.m_axi_wlast_reg	axi_crossbar_inst.axi_crossbar_wr_inst.m_ifaces[6].reg_inst.genblk2.s_axi_wready_reg$_SDFF_PP0_/Q	axi_crossbar_inst.axi_crossbar_wr_inst.m_ifaces[6].reg_inst.genblk2.m_axi_wlast_reg$_DFFE_PP_/D
682	0.3560	axi_crossbar_inst.axi_crossbar_wr_inst.m_ifaces[I].reg_inst.genblkJ.s_axi_wready_reg	axi_crossbar_inst.axi_crossbar_wr_inst.m_ifaces[I].reg_inst.genblkJ.temp_m_axi_wvalid_reg	axi_crossbar_inst.axi_crossbar_wr_inst.m_ifaces[7].reg_inst.genblk2.s_axi_wready_reg$_SDFF_PP0_/Q	axi_crossbar_inst.axi_crossbar_wr_inst.m_ifaces[7].reg_inst.genblk2.temp_m_axi_wvalid_reg$_SDFFE_PP0P_/D
683	0.3568	axi_crossbar_inst.axi_crossbar_rd_inst.s_ifaces[I].decerr_m_axi_rvalid_reg	axi_crossbar_inst.axi_crossbar_rd_inst.s_ifaces[I].addr_inst.state_reg[J]	axi_crossbar_inst.axi_crossbar_rd_inst.s_ifaces[1].decerr_m_axi_rvalid_reg$_SDFF_PP0_/Q	axi_crossbar_inst.axi_crossbar_rd_inst.s_ifaces[1].addr_inst.state_reg[1]$_SDFF_PP0_/D
684	0.3569	axi_crossbar_inst.axi_crossbar_rd_inst.s_ifaces[I].r_arb_inst.grant_valid_reg	axi_crossbar_inst.axi_crossbar_rd_inst.s_ifaces[I].decerr_m_axi_rvalid_reg	axi_crossbar_inst.axi_crossbar_rd_inst.s_ifaces[3].r_arb_inst.grant_valid_reg$_SDFFE_PP0P_/Q	axi_crossbar_inst.axi_crossbar_rd_inst.s_ifaces[3].decerr_m_axi_rvalid_reg$_SDFF_PP0_/D
685	0.3575	axi_crossbar_inst.axi_crossbar_wr_inst.m_ifaces[I].reg_inst.genblkJ.s_axi_wready_reg	axi_crossbar_inst.axi_crossbar_wr_inst.m_ifaces[I].reg_inst.genblkJ.m_axi_wvalid_reg	axi_crossbar_inst.axi_crossbar_wr_inst.m_ifaces[7].reg_inst.genblk2.s_axi_wready_reg$_SDFF_PP0_/Q	axi_crossbar_inst.axi_crossbar_wr_inst.m_ifaces[7].reg_inst.genblk2.m_axi_wvalid_reg$_SDFFE_PP0P_/D
686	0.3596	axi_crossbar_inst.axi_crossbar_rd_inst.s_ifaces[I].reg_inst.genblkJ.s_axi_rvalid_reg	axi_crossbar_inst.axi_crossbar_rd_inst.s_ifaces[I].reg_inst.genblkJ.s_axi_rid_reg[K]	axi_crossbar_inst.axi_crossbar_rd_inst.s_ifaces[4].reg_inst.genblk2.s_axi_rvalid_reg$_SDFFE_PP0P_/QN	axi_crossbar_inst.axi_crossbar_rd_inst.s_ifaces[4].reg_inst.genblk2.s_axi_rid_reg[7]$_DFFE_PP_/D
687	0.3605	axi_crossbar_inst.axi_crossbar_wr_inst.s_ifaces[I].decerr_m_axi_bvalid_reg	axi_crossbar_inst.axi_crossbar_wr_inst.s_ifaces[I].reg_inst.genblkJ.genblkK.s_axi_bvalid_reg	axi_crossbar_inst.axi_crossbar_wr_inst.s_ifaces[6].decerr_m_axi_bvalid_reg$_SDFF_PP0_/Q	axi_crossbar_inst.axi_crossbar_wr_inst.s_ifaces[6].reg_inst.genblk3.genblk1.s_axi_bvalid_reg$_SDFF_PP0_/D
688	0.3608	axi_crossbar_inst.axi_crossbar_wr_inst.m_ifaces[I].reg_inst.genblkJ.s_axi_wready_reg	axi_crossbar_inst.axi_crossbar_wr_inst.m_ifaces[I].w_select_valid_reg	axi_crossbar_inst.axi_crossbar_wr_inst.m_ifaces[6].reg_inst.genblk2.s_axi_wready_reg$_SDFF_PP0_/Q	axi_crossbar_inst.axi_crossbar_wr_inst.m_ifaces[6].w_select_valid_reg$_SDFF_PP0_/D
689	0.3619	axi_crossbar_inst.axi_crossbar_wr_inst.s_ifaces[I].decerr_m_axi_bvalid_reg	axi_crossbar_inst.axi_crossbar_wr_inst.s_ifaces[I].reg_inst.genblkJ.genblkK.m_axi_bready_reg	axi_crossbar_inst.axi_crossbar_wr_inst.s_ifaces[4].decerr_m_axi_bvalid_reg$_SDFF_PP0_/Q	axi_crossbar_inst.axi_crossbar_wr_inst.s_ifaces[4].reg_inst.genblk3.genblk1.m_axi_bready_reg$_SDFF_PP0_/D
690	0.3627	axi_crossbar_inst.axi_crossbar_wr_inst.m_ifaces[I].reg_inst.genblkJ.genblkK.s_axi_awready_reg	axi_crossbar_inst.axi_crossbar_wr_inst.m_ifaces[I].reg_inst.genblkJ.genblkK.m_axi_awvalid_reg	axi_crossbar_inst.axi_crossbar_wr_inst.m_ifaces[5].reg_inst.genblk1.genblk1.s_axi_awready_reg$_SDFF_PP0_/Q	axi_crossbar_inst.axi_crossbar_wr_inst.m_ifaces[5].reg_inst.genblk1.genblk1.m_axi_awvalid_reg$_SDFF_PP0_/D
691	0.3629	axi_crossbar_inst.axi_crossbar_rd_inst.s_ifaces[I].addr_inst.trans_count_reg[J]	axi_crossbar_inst.axi_crossbar_rd_inst.s_ifaces[I].addr_inst.state_reg[J]	axi_crossbar_inst.axi_crossbar_rd_inst.s_ifaces[5].addr_inst.trans_count_reg[4]$_SDFFE_PP0P_/Q	axi_crossbar_inst.axi_crossbar_rd_inst.s_ifaces[5].addr_inst.state_reg[0]$_SDFF_PP0_/D
692	0.3633	axi_crossbar_inst.axi_crossbar_wr_inst.m_ifaces[I].reg_inst.genblkJ.genblkK.s_axi_awready_reg	axi_crossbar_inst.axi_crossbar_wr_inst.m_ifaces[I].a_arb_inst.grant_valid_reg	axi_crossbar_inst.axi_crossbar_wr_inst.m_ifaces[2].reg_inst.genblk1.genblk1.s_axi_awready_reg$_SDFF_PP0_/Q	axi_crossbar_inst.axi_crossbar_wr_inst.m_ifaces[2].a_arb_inst.grant_valid_reg$_SDFFE_PP0P_/D
693	0.3634	axi_crossbar_inst.axi_crossbar_wr_inst.s_ifaces[I].reg_inst.genblkJ.genblkK.m_axi_bready_reg	axi_crossbar_inst.axi_crossbar_wr_inst.s_ifaces[I].b_arb_inst.grant_valid_reg	axi_crossbar_inst.axi_crossbar_wr_inst.s_ifaces[5].reg_inst.genblk3.genblk1.m_axi_bready_reg$_SDFF_PP0_/Q	axi_crossbar_inst.axi_crossbar_wr_inst.s_ifaces[5].b_arb_inst.grant_valid_reg$_SDFFE_PP0P_/D
694	0.3644	axi_crossbar_inst.axi_crossbar_rd_inst.s_ifaces[I].reg_inst.genblkJ.s_axi_rvalid_reg	axi_crossbar_inst.axi_crossbar_rd_inst.s_ifaces[I].reg_inst.genblkJ.s_axi_rdata_reg[K]	axi_crossbar_inst.axi_crossbar_rd_inst.s_ifaces[4].reg_inst.genblk2.s_axi_rvalid_reg$_SDFFE_PP0P_/QN	axi_crossbar_inst.axi_crossbar_rd_inst.s_ifaces[4].reg_inst.genblk2.s_axi_rdata_reg[10]$_DFFE_PP_/D
695	0.3654	axi_crossbar_inst.axi_crossbar_wr_inst.m_ifaces[I].reg_inst.genblkJ.s_axi_wready_reg	axi_crossbar_inst.axi_crossbar_wr_inst.m_ifaces[I].reg_inst.genblkJ.temp_m_axi_wlast_reg	axi_crossbar_inst.axi_crossbar_wr_inst.m_ifaces[6].reg_inst.genblk2.s_axi_wready_reg$_SDFF_PP0_/Q	axi_crossbar_inst.axi_crossbar_wr_inst.m_ifaces[6].reg_inst.genblk2.temp_m_axi_wlast_reg$_DFFE_PP_/D
696	0.3656	axi_crossbar_inst.axi_crossbar_rd_inst.s_ifaces[I].decerr_m_axi_rvalid_reg	axi_crossbar_inst.axi_crossbar_rd_inst.s_ifaces[I].reg_inst.genblkJ.s_axi_rvalid_reg	axi_crossbar_inst.axi_crossbar_rd_inst.s_ifaces[6].decerr_m_axi_rvalid_reg$_SDFF_PP0_/Q	axi_crossbar_inst.axi_crossbar_rd_inst.s_ifaces[6].reg_inst.genblk2.s_axi_rvalid_reg$_SDFFE_PP0P_/D
697	0.3663	axi_crossbar_inst.axi_crossbar_rd_inst.s_ifaces[I].addr_inst.trans_count_reg[J]	axi_crossbar_inst.axi_crossbar_rd_inst.s_ifaces[I].addr_inst.m_rc_valid_reg	axi_crossbar_inst.axi_crossbar_rd_inst.s_ifaces[5].addr_inst.trans_count_reg[4]$_SDFFE_PP0P_/Q	axi_crossbar_inst.axi_crossbar_rd_inst.s_ifaces[5].addr_inst.m_rc_valid_reg$_SDFF_PP0_/D
698	0.3669	axi_crossbar_inst.axi_crossbar_rd_inst.s_ifaces[I].reg_inst.genblkJ.s_axi_rvalid_reg	axi_crossbar_inst.axi_crossbar_rd_inst.s_ifaces[I].reg_inst.genblkJ.s_axi_rlast_reg	axi_crossbar_inst.axi_crossbar_rd_inst.s_ifaces[2].reg_inst.genblk2.s_axi_rvalid_reg$_SDFFE_PP0P_/QN	axi_crossbar_inst.axi_crossbar_rd_inst.s_ifaces[2].reg_inst.genblk2.s_axi_rlast_reg$_DFFE_PP_/D
699	0.3669	axi_crossbar_inst.axi_crossbar_rd_inst.s_ifaces[I].reg_inst.genblkJ.s_axi_rvalid_reg	axi_crossbar_inst.axi_crossbar_rd_inst.s_ifaces[I].reg_inst.genblkJ.s_axi_rresp_reg[K]	axi_crossbar_inst.axi_crossbar_rd_inst.s_ifaces[2].reg_inst.genblk2.s_axi_rvalid_reg$_SDFFE_PP0P_/QN	axi_crossbar_inst.axi_crossbar_rd_inst.s_ifaces[2].reg_inst.genblk2.s_axi_rresp_reg[0]$_DFFE_PP_/D
700	0.3681	axi_crossbar_inst.axi_crossbar_wr_inst.s_ifaces[I].addr_inst.m_axi_avalid_reg	axi_crossbar_inst.axi_crossbar_wr_inst.s_ifaces[I].addr_inst.m_axi_avalid_reg	axi_crossbar_inst.axi_crossbar_wr_inst.s_ifaces[5].addr_inst.m_axi_avalid_reg$_SDFF_PP0_/Q	axi_crossbar_inst.axi_crossbar_wr_inst.s_ifaces[5].addr_inst.m_axi_avalid_reg$_SDFF_PP0_/D
701	0.3699	axi_crossbar_inst.axi_crossbar_rd_inst.s_ifaces[I].decerr_m_axi_rvalid_reg	axi_crossbar_inst.axi_crossbar_rd_inst.s_ifaces[I].addr_inst.s_cpl_valid_reg	axi_crossbar_inst.axi_crossbar_rd_inst.s_ifaces[6].decerr_m_axi_rvalid_reg$_SDFF_PP0_/Q	axi_crossbar_inst.axi_crossbar_rd_inst.s_ifaces[6].addr_inst.s_cpl_valid_reg$_DFF_P_/D
702	0.3703	axi_crossbar_inst.axi_crossbar_wr_inst.m_ifaces[I].w_select_valid_reg	axi_crossbar_inst.axi_crossbar_wr_inst.m_ifaces[I].w_select_valid_reg	axi_crossbar_inst.axi_crossbar_wr_inst.m_ifaces[4].w_select_valid_reg$_SDFF_PP0_/QN	axi_crossbar_inst.axi_crossbar_wr_inst.m_ifaces[4].w_select_valid_reg$_SDFF_PP0_/D
703	0.3719	axi_crossbar_inst.axi_crossbar_rd_inst.s_ifaces[I].addr_inst.state_reg[J]	axi_crossbar_inst.axi_crossbar_rd_inst.s_ifaces[I].addr_inst.m_rc_valid_reg	axi_crossbar_inst.axi_crossbar_rd_inst.s_ifaces[3].addr_inst.state_reg[0]$_SDFF_PP0_/Q	axi_crossbar_inst.axi_crossbar_rd_inst.s_ifaces[3].addr_inst.m_rc_valid_reg$_SDFF_PP0_/D
704	0.3729	axi_crossbar_inst.axi_crossbar_wr_inst.m_ifaces[I].trans_count_reg[J]	axi_crossbar_inst.axi_crossbar_wr_inst.m_ifaces[I].a_arb_inst.grant_valid_reg	axi_crossbar_inst.axi_crossbar_wr_inst.m_ifaces[2].trans_count_reg[2]$_SDFFE_PP0P_/Q	axi_crossbar_inst.axi_crossbar_wr_inst.m_ifaces[2].a_arb_inst.grant_valid_reg$_SDFFE_PP0P_/D
705	0.3729	axi_crossbar_inst.axi_crossbar_rd_inst.s_ifaces[I].decerr_m_axi_rlast_reg	axi_crossbar_inst.axi_crossbar_rd_inst.s_ifaces[I].reg_inst.genblkJ.s_axi_rlast_reg	axi_crossbar_inst.axi_crossbar_rd_inst.s_ifaces[6].decerr_m_axi_rlast_reg$_DFFE_PP_/Q	axi_crossbar_inst.axi_crossbar_rd_inst.s_ifaces[6].reg_inst.genblk2.s_axi_rlast_reg$_DFFE_PP_/D
706	0.3742	axi_crossbar_inst.axi_crossbar_rd_inst.s_ifaces[I].decerr_m_axi_rvalid_reg	axi_crossbar_inst.axi_crossbar_rd_inst.s_ifaces[I].addr_inst.m_rc_valid_reg	axi_crossbar_inst.axi_crossbar_rd_inst.s_ifaces[1].decerr_m_axi_rvalid_reg$_SDFF_PP0_/Q	axi_crossbar_inst.axi_crossbar_rd_inst.s_ifaces[1].addr_inst.m_rc_valid_reg$_SDFF_PP0_/D
707	0.3766	axi_crossbar_inst.axi_crossbar_rd_inst.m_ifaces[I].reg_inst.genblkJ.genblkK.s_axi_arready_reg	axi_crossbar_inst.axi_crossbar_rd_inst.m_ifaces[I].reg_inst.genblkJ.genblkK.s_axi_arready_reg	axi_crossbar_inst.axi_crossbar_rd_inst.m_ifaces[3].reg_inst.genblk1.genblk1.s_axi_arready_reg$_SDFF_PP0_/Q	axi_crossbar_inst.axi_crossbar_rd_inst.m_ifaces[3].reg_inst.genblk1.genblk1.s_axi_arready_reg$_SDFF_PP0_/D
708	0.3767	axi_crossbar_inst.axi_crossbar_wr_inst.m_ifaces[I].reg_inst.genblkJ.genblkK.s_axi_awready_reg	axi_crossbar_inst.axi_crossbar_wr_inst.m_ifaces[I].reg_inst.genblkJ.genblkK.s_axi_awready_reg	axi_crossbar_inst.axi_crossbar_wr_inst.m_ifaces[2].reg_inst.genblk1.genblk1.s_axi_awready_reg$_SDFF_PP0_/Q	axi_crossbar_inst.axi_crossbar_wr_inst.m_ifaces[2].reg_inst.genblk1.genblk1.s_axi_awready_reg$_SDFF_PP0_/D
709	0.3793	axi_crossbar_inst.axi_crossbar_rd_inst.m_ifaces[I].reg_inst.genblkJ.genblkK.s_axi_arready_reg	axi_crossbar_inst.axi_crossbar_rd_inst.m_ifaces[I].a_arb_inst.grant_valid_reg	axi_crossbar_inst.axi_crossbar_rd_inst.m_ifaces[1].reg_inst.genblk1.genblk1.s_axi_arready_reg$_SDFF_PP0_/Q	axi_crossbar_inst.axi_crossbar_rd_inst.m_ifaces[1].a_arb_inst.grant_valid_reg$_SDFFE_PP0P_/D
710	0.3794	axi_crossbar_inst.axi_crossbar_rd_inst.s_ifaces[I].decerr_m_axi_rvalid_reg	axi_crossbar_inst.axi_crossbar_rd_inst.s_ifaces[I].decerr_m_axi_rvalid_reg	axi_crossbar_inst.axi_crossbar_rd_inst.s_ifaces[0].decerr_m_axi_rvalid_reg$_SDFF_PP0_/Q	axi_crossbar_inst.axi_crossbar_rd_inst.s_ifaces[0].decerr_m_axi_rvalid_reg$_SDFF_PP0_/D
711	0.3802	axi_crossbar_inst.axi_crossbar_wr_inst.m_ifaces[I].trans_count_reg[J]	axi_crossbar_inst.axi_crossbar_wr_inst.m_ifaces[I].trans_count_reg[J]	axi_crossbar_inst.axi_crossbar_wr_inst.m_ifaces[2].trans_count_reg[0]$_SDFFE_PP0P_/QN	axi_crossbar_inst.axi_crossbar_wr_inst.m_ifaces[2].trans_count_reg[2]$_SDFFE_PP0P_/D
712	0.3803	axi_crossbar_inst.axi_crossbar_rd_inst.m_ifaces[I].trans_count_reg[J]	axi_crossbar_inst.axi_crossbar_rd_inst.m_ifaces[I].trans_count_reg[J]	axi_crossbar_inst.axi_crossbar_rd_inst.m_ifaces[3].trans_count_reg[0]$_SDFFE_PP0P_/QN	axi_crossbar_inst.axi_crossbar_rd_inst.m_ifaces[3].trans_count_reg[2]$_SDFFE_PP0P_/D
713	0.3804	axi_crossbar_inst.axi_crossbar_rd_inst.s_ifaces[I].reg_inst.genblkJ.m_axi_rready_reg	axi_crossbar_inst.axi_crossbar_rd_inst.s_ifaces[I].addr_inst.s_cpl_valid_reg	axi_crossbar_inst.axi_crossbar_rd_inst.s_ifaces[1].reg_inst.genblk2.m_axi_rready_reg$_SDFF_PP0_/Q	axi_crossbar_inst.axi_crossbar_rd_inst.s_ifaces[1].addr_inst.s_cpl_valid_reg$_DFF_P_/D
714	0.3814	axi_crossbar_inst.axi_crossbar_wr_inst.s_ifaces[I].addr_inst.trans_count_reg[J]	axi_crossbar_inst.axi_crossbar_wr_inst.s_ifaces[I].addr_inst.m_axi_avalid_reg	axi_crossbar_inst.axi_crossbar_wr_inst.s_ifaces[5].addr_inst.trans_count_reg[4]$_SDFFE_PP0P_/Q	axi_crossbar_inst.axi_crossbar_wr_inst.s_ifaces[5].addr_inst.m_axi_avalid_reg$_SDFF_PP0_/D
715	0.3822	axi_crossbar_inst.axi_crossbar_wr_inst.s_ifaces[I].addr_inst.trans_count_reg[J]	axi_crossbar_inst.axi_crossbar_wr_inst.s_ifaces[I].addr_inst.state_reg[J]	axi_crossbar_inst.axi_crossbar_wr_inst.s_ifaces[1].addr_inst.trans_count_reg[4]$_SDFFE_PP0P_/Q	axi_crossbar_inst.axi_crossbar_wr_inst.s_ifaces[1].addr_inst.state_reg[1]$_SDFF_PP0_/D
716	0.3831	axi_crossbar_inst.axi_crossbar_rd_inst.s_ifaces[I].decerr_m_axi_rvalid_reg	axi_crossbar_inst.axi_crossbar_rd_inst.s_ifaces[I].addr_inst.s_axi_aready_reg	axi_crossbar_inst.axi_crossbar_rd_inst.s_ifaces[1].decerr_m_axi_rvalid_reg$_SDFF_PP0_/Q	axi_crossbar_inst.axi_crossbar_rd_inst.s_ifaces[1].addr_inst.s_axi_aready_reg$_SDFF_PP0_/D
717	0.3844	axi_crossbar_inst.axi_crossbar_rd_inst.m_ifaces[I].a_arb_inst.grant_valid_reg	axi_crossbar_inst.axi_crossbar_rd_inst.m_ifaces[I].a_arb_inst.grant_valid_reg	axi_crossbar_inst.axi_crossbar_rd_inst.m_ifaces[1].a_arb_inst.grant_valid_reg$_SDFFE_PP0P_/Q	axi_crossbar_inst.axi_crossbar_rd_inst.m_ifaces[1].a_arb_inst.grant_valid_reg$_SDFFE_PP0P_/D
718	0.3848	axi_crossbar_inst.axi_crossbar_wr_inst.s_ifaces[I].addr_inst.state_reg[J]	axi_crossbar_inst.axi_crossbar_wr_inst.s_ifaces[I].addr_inst.m_decerr_reg	axi_crossbar_inst.axi_crossbar_wr_inst.s_ifaces[1].addr_inst.state_reg[1]$_SDFF_PP0_/QN	axi_crossbar_inst.axi_crossbar_wr_inst.s_ifaces[1].addr_inst.m_decerr_reg$_DFFE_PP_/D
719	0.3849	axi_crossbar_inst.axi_crossbar_rd_inst.s_ifaces[I].addr_inst.state_reg[J]	axi_crossbar_inst.axi_crossbar_rd_inst.s_ifaces[I].addr_inst.m_decerr_reg	axi_crossbar_inst.axi_crossbar_rd_inst.s_ifaces[1].addr_inst.state_reg[1]$_SDFF_PP0_/QN	axi_crossbar_inst.axi_crossbar_rd_inst.s_ifaces[1].addr_inst.m_decerr_reg$_DFFE_PP_/D
720	0.3869	axi_crossbar_inst.axi_crossbar_rd_inst.s_ifaces[I].addr_inst.state_reg[J]	axi_crossbar_inst.axi_crossbar_rd_inst.s_ifaces[I].addr_inst.state_reg[J]	axi_crossbar_inst.axi_crossbar_rd_inst.s_ifaces[3].addr_inst.state_reg[0]$_SDFF_PP0_/Q	axi_crossbar_inst.axi_crossbar_rd_inst.s_ifaces[3].addr_inst.state_reg[1]$_SDFF_PP0_/D
721	0.3869	axi_crossbar_inst.axi_crossbar_rd_inst.m_ifaces[I].reg_inst.genblkJ.genblkK.s_axi_arready_reg	axi_crossbar_inst.axi_crossbar_rd_inst.m_ifaces[I].reg_inst.genblkJ.genblkK.m_axi_arid_reg[L]	axi_crossbar_inst.axi_crossbar_rd_inst.m_ifaces[3].reg_inst.genblk1.genblk1.s_axi_arready_reg$_SDFF_PP0_/Q	axi_crossbar_inst.axi_crossbar_rd_inst.m_ifaces[3].reg_inst.genblk1.genblk1.m_axi_arid_reg[0]$_DFFE_PP_/D
722	0.3884	axi_crossbar_inst.axi_crossbar_wr_inst.m_ifaces[I].reg_inst.genblkJ.genblkK.s_axi_awready_reg	axi_crossbar_inst.axi_crossbar_wr_inst.m_ifaces[I].reg_inst.genblkJ.genblkK.m_axi_awaddr_reg[L]	axi_crossbar_inst.axi_crossbar_wr_inst.m_ifaces[3].reg_inst.genblk1.genblk1.s_axi_awready_reg$_SDFF_PP0_/Q	axi_crossbar_inst.axi_crossbar_wr_inst.m_ifaces[3].reg_inst.genblk1.genblk1.m_axi_awaddr_reg[0]$_DFFE_PP_/D
723	0.3884	axi_crossbar_inst.axi_crossbar_wr_inst.m_ifaces[I].reg_inst.genblkJ.genblkK.s_axi_awready_reg	axi_crossbar_inst.axi_crossbar_wr_inst.m_ifaces[I].reg_inst.genblkJ.genblkK.m_axi_awlen_reg[L]	axi_crossbar_inst.axi_crossbar_wr_inst.m_ifaces[3].reg_inst.genblk1.genblk1.s_axi_awready_reg$_SDFF_PP0_/Q	axi_crossbar_inst.axi_crossbar_wr_inst.m_ifaces[3].reg_inst.genblk1.genblk1.m_axi_awlen_reg[0]$_DFFE_PP_/D
724	0.3906	axi_crossbar_inst.axi_crossbar_wr_inst.m_ifaces[I].reg_inst.genblkJ.m_axi_wvalid_reg	axi_crossbar_inst.axi_crossbar_wr_inst.m_ifaces[I].reg_inst.genblkJ.temp_m_axi_wvalid_reg	axi_crossbar_inst.axi_crossbar_wr_inst.m_ifaces[1].reg_inst.genblk2.m_axi_wvalid_reg$_SDFFE_PP0P_/QN	axi_crossbar_inst.axi_crossbar_wr_inst.m_ifaces[1].reg_inst.genblk2.temp_m_axi_wvalid_reg$_SDFFE_PP0P_/D
725	0.3909	axi_crossbar_inst.axi_crossbar_wr_inst.m_ifaces[I].reg_inst.genblkJ.m_axi_wvalid_reg	axi_crossbar_inst.axi_crossbar_wr_inst.m_ifaces[I].reg_inst.genblkJ.temp_m_axi_wlast_reg	axi_crossbar_inst.axi_crossbar_wr_inst.m_ifaces[6].reg_inst.genblk2.m_axi_wvalid_reg$_SDFFE_PP0P_/QN	axi_crossbar_inst.axi_crossbar_wr_inst.m_ifaces[6].reg_inst.genblk2.temp_m_axi_wlast_reg$_DFFE_PP_/D
726	0.3910	axi_crossbar_inst.axi_crossbar_rd_inst.m_ifaces[I].reg_inst.genblkJ.genblkK.s_axi_arready_reg	axi_crossbar_inst.axi_crossbar_rd_inst.m_ifaces[I].reg_inst.genblkJ.genblkK.m_axi_arvalid_reg	axi_crossbar_inst.axi_crossbar_rd_inst.m_ifaces[3].reg_inst.genblk1.genblk1.s_axi_arready_reg$_SDFF_PP0_/Q	axi_crossbar_inst.axi_crossbar_rd_inst.m_ifaces[3].reg_inst.genblk1.genblk1.m_axi_arvalid_reg$_SDFF_PP0_/D
727	0.3928	axi_crossbar_inst.axi_crossbar_wr_inst.s_ifaces[I].decerr_m_axi_bvalid_reg	axi_crossbar_inst.axi_crossbar_wr_inst.s_ifaces[I].addr_inst.s_cpl_valid_reg	axi_crossbar_inst.axi_crossbar_wr_inst.s_ifaces[6].decerr_m_axi_bvalid_reg$_SDFF_PP0_/Q	axi_crossbar_inst.axi_crossbar_wr_inst.s_ifaces[6].addr_inst.s_cpl_valid_reg$_DFF_P_/D
728	0.3931	axi_crossbar_inst.axi_crossbar_wr_inst.m_ifaces[I].reg_inst.genblkJ.m_axi_wvalid_reg	axi_crossbar_inst.axi_crossbar_wr_inst.m_ifaces[I].reg_inst.genblkJ.m_axi_wlast_reg	axi_crossbar_inst.axi_crossbar_wr_inst.m_ifaces[6].reg_inst.genblk2.m_axi_wvalid_reg$_SDFFE_PP0P_/QN	axi_crossbar_inst.axi_crossbar_wr_inst.m_ifaces[6].reg_inst.genblk2.m_axi_wlast_reg$_DFFE_PP_/D
729	0.3938	axi_crossbar_inst.axi_crossbar_wr_inst.s_ifaces[I].addr_inst.trans_count_reg[J]	axi_crossbar_inst.axi_crossbar_wr_inst.s_ifaces[I].addr_inst.m_rc_valid_reg	axi_crossbar_inst.axi_crossbar_wr_inst.s_ifaces[4].addr_inst.trans_count_reg[4]$_SDFFE_PP0P_/Q	axi_crossbar_inst.axi_crossbar_wr_inst.s_ifaces[4].addr_inst.m_rc_valid_reg$_SDFF_PP0_/D
730	0.3948	axi_crossbar_inst.axi_crossbar_wr_inst.s_ifaces[I].addr_inst.state_reg[J]	axi_crossbar_inst.axi_crossbar_wr_inst.s_ifaces[I].addr_inst.m_axi_avalid_reg	axi_crossbar_inst.axi_crossbar_wr_inst.s_ifaces[5].addr_inst.state_reg[0]$_SDFF_PP0_/Q	axi_crossbar_inst.axi_crossbar_wr_inst.s_ifaces[5].addr_inst.m_axi_avalid_reg$_SDFF_PP0_/D
731	0.3950	axi_crossbar_inst.axi_crossbar_rd_inst.s_ifaces[I].addr_inst.m_axi_avalid_reg	axi_crossbar_inst.axi_crossbar_rd_inst.s_ifaces[I].addr_inst.m_axi_avalid_reg	axi_crossbar_inst.axi_crossbar_rd_inst.s_ifaces[0].addr_inst.m_axi_avalid_reg$_SDFF_PP0_/Q	axi_crossbar_inst.axi_crossbar_rd_inst.s_ifaces[0].addr_inst.m_axi_avalid_reg$_SDFF_PP0_/D
732	0.3954	axi_crossbar_inst.axi_crossbar_rd_inst.s_ifaces[I].addr_inst.state_reg[J]	axi_crossbar_inst.axi_crossbar_rd_inst.s_ifaces[I].addr_inst.m_axi_avalid_reg	axi_crossbar_inst.axi_crossbar_rd_inst.s_ifaces[0].addr_inst.state_reg[0]$_SDFF_PP0_/Q	axi_crossbar_inst.axi_crossbar_rd_inst.s_ifaces[0].addr_inst.m_axi_avalid_reg$_SDFF_PP0_/D
733	0.3963	axi_crossbar_inst.axi_crossbar_rd_inst.s_ifaces[I].decerr_m_axi_rid_reg[J]	axi_crossbar_inst.axi_crossbar_rd_inst.s_ifaces[I].reg_inst.genblkJ.s_axi_rid_reg[K]	axi_crossbar_inst.axi_crossbar_rd_inst.s_ifaces[6].decerr_m_axi_rid_reg[7]$_DFFE_PP_/Q	axi_crossbar_inst.axi_crossbar_rd_inst.s_ifaces[6].reg_inst.genblk2.s_axi_rid_reg[7]$_DFFE_PP_/D
734	0.3965	axi_crossbar_inst.axi_crossbar_rd_inst.s_ifaces[I].addr_inst.trans_count_reg[J]	axi_crossbar_inst.axi_crossbar_rd_inst.s_ifaces[I].addr_inst.m_axi_avalid_reg	axi_crossbar_inst.axi_crossbar_rd_inst.s_ifaces[5].addr_inst.trans_count_reg[4]$_SDFFE_PP0P_/Q	axi_crossbar_inst.axi_crossbar_rd_inst.s_ifaces[5].addr_inst.m_axi_avalid_reg$_SDFF_PP0_/D
735	0.3968	axi_crossbar_inst.axi_crossbar_rd_inst.s_ifaces[I].r_arb_inst.grant_valid_reg	axi_crossbar_inst.axi_crossbar_rd_inst.s_ifaces[I].reg_inst.genblkJ.temp_s_axi_rvalid_reg	axi_crossbar_inst.axi_crossbar_rd_inst.s_ifaces[2].r_arb_inst.grant_valid_reg$_SDFFE_PP0P_/Q	axi_crossbar_inst.axi_crossbar_rd_inst.s_ifaces[2].reg_inst.genblk2.temp_s_axi_rvalid_reg$_SDFFE_PP0P_/D
736	0.3980	axi_crossbar_inst.axi_crossbar_wr_inst.m_ifaces[I].reg_inst.genblkJ.genblkK.s_axi_awready_reg	axi_crossbar_inst.axi_crossbar_wr_inst.m_ifaces[I].w_select_new_reg	axi_crossbar_inst.axi_crossbar_wr_inst.m_ifaces[4].reg_inst.genblk1.genblk1.s_axi_awready_reg$_SDFF_PP0_/Q	axi_crossbar_inst.axi_crossbar_wr_inst.m_ifaces[4].w_select_new_reg$_SDFF_PP1_/D
737	0.3990	axi_crossbar_inst.axi_crossbar_wr_inst.s_ifaces[I].addr_inst.m_select_reg[J]	axi_crossbar_inst.axi_crossbar_wr_inst.s_ifaces[I].addr_inst.m_select_reg[J]	axi_crossbar_inst.axi_crossbar_wr_inst.s_ifaces[5].addr_inst.m_select_reg[0]$_DFF_P_/Q	axi_crossbar_inst.axi_crossbar_wr_inst.s_ifaces[5].addr_inst.m_select_reg[0]$_DFF_P_/D
738	0.4004	axi_crossbar_inst.axi_crossbar_rd_inst.s_ifaces[I].decerr_m_axi_rvalid_reg	axi_crossbar_inst.axi_crossbar_rd_inst.s_ifaces[I].reg_inst.genblkJ.m_axi_rready_reg	axi_crossbar_inst.axi_crossbar_rd_inst.s_ifaces[6].decerr_m_axi_rvalid_reg$_SDFF_PP0_/Q	axi_crossbar_inst.axi_crossbar_rd_inst.s_ifaces[6].reg_inst.genblk2.m_axi_rready_reg$_SDFF_PP0_/D
739	0.4007	axi_crossbar_inst.axi_crossbar_rd_inst.m_ifaces[I].reg_inst.genblkJ.genblkK.s_axi_arready_reg	axi_crossbar_inst.axi_crossbar_rd_inst.m_ifaces[I].reg_inst.genblkJ.genblkK.m_axi_arlock_reg	axi_crossbar_inst.axi_crossbar_rd_inst.m_ifaces[3].reg_inst.genblk1.genblk1.s_axi_arready_reg$_SDFF_PP0_/Q	axi_crossbar_inst.axi_crossbar_rd_inst.m_ifaces[3].reg_inst.genblk1.genblk1.m_axi_arlock_reg$_DFFE_PP_/D
740	0.4011	axi_crossbar_inst.axi_crossbar_rd_inst.m_ifaces[I].trans_count_reg[J]	axi_crossbar_inst.axi_crossbar_rd_inst.m_ifaces[I].a_arb_inst.grant_valid_reg	axi_crossbar_inst.axi_crossbar_rd_inst.m_ifaces[1].trans_count_reg[2]$_SDFFE_PP0P_/Q	axi_crossbar_inst.axi_crossbar_rd_inst.m_ifaces[1].a_arb_inst.grant_valid_reg$_SDFFE_PP0P_/D
741	0.4015	axi_crossbar_inst.axi_crossbar_wr_inst.m_ifaces[I].reg_inst.genblkJ.genblkK.s_axi_awready_reg	axi_crossbar_inst.axi_crossbar_wr_inst.m_ifaces[I].reg_inst.genblkJ.genblkK.m_axi_awlock_reg	axi_crossbar_inst.axi_crossbar_wr_inst.m_ifaces[3].reg_inst.genblk1.genblk1.s_axi_awready_reg$_SDFF_PP0_/Q	axi_crossbar_inst.axi_crossbar_wr_inst.m_ifaces[3].reg_inst.genblk1.genblk1.m_axi_awlock_reg$_DFFE_PP_/D
742	0.4018	axi_crossbar_inst.axi_crossbar_wr_inst.m_ifaces[I].a_arb_inst.grant_valid_reg	axi_crossbar_inst.axi_crossbar_wr_inst.m_ifaces[I].reg_inst.genblkJ.genblkK.m_axi_awvalid_reg	axi_crossbar_inst.axi_crossbar_wr_inst.m_ifaces[1].a_arb_inst.grant_valid_reg$_SDFFE_PP0P_/Q	axi_crossbar_inst.axi_crossbar_wr_inst.m_ifaces[1].reg_inst.genblk1.genblk1.m_axi_awvalid_reg$_SDFF_PP0_/D
743	0.4033	axi_crossbar_inst.axi_crossbar_wr_inst.s_ifaces[I].addr_inst.state_reg[J]	axi_crossbar_inst.axi_crossbar_wr_inst.s_ifaces[I].addr_inst.state_reg[J]	axi_crossbar_inst.axi_crossbar_wr_inst.s_ifaces[1].addr_inst.state_reg[1]$_SDFF_PP0_/QN	axi_crossbar_inst.axi_crossbar_wr_inst.s_ifaces[1].addr_inst.state_reg[0]$_SDFF_PP0_/D
744	0.4042	axi_crossbar_inst.axi_crossbar_wr_inst.s_ifaces[I].addr_inst.state_reg[J]	axi_crossbar_inst.axi_crossbar_wr_inst.s_ifaces[I].addr_inst.s_axi_aid_reg[J]	axi_crossbar_inst.axi_crossbar_wr_inst.s_ifaces[1].addr_inst.state_reg[1]$_SDFF_PP0_/QN	axi_crossbar_inst.axi_crossbar_wr_inst.s_ifaces[1].addr_inst.s_axi_aid_reg[0]$_DFFE_PP_/D
745	0.4043	axi_crossbar_inst.axi_crossbar_rd_inst.s_ifaces[I].addr_inst.state_reg[J]	axi_crossbar_inst.axi_crossbar_rd_inst.s_ifaces[I].addr_inst.s_axi_aid_reg[J]	axi_crossbar_inst.axi_crossbar_rd_inst.s_ifaces[0].addr_inst.state_reg[1]$_SDFF_PP0_/QN	axi_crossbar_inst.axi_crossbar_rd_inst.s_ifaces[0].addr_inst.s_axi_aid_reg[0]$_DFFE_PP_/D
746	0.4047	axi_crossbar_inst.axi_crossbar_rd_inst.s_ifaces[I].reg_inst.genblkJ.s_axi_rvalid_reg	axi_crossbar_inst.axi_crossbar_rd_inst.s_ifaces[I].reg_inst.genblkJ.temp_s_axi_rvalid_reg	axi_crossbar_inst.axi_crossbar_rd_inst.s_ifaces[2].reg_inst.genblk2.s_axi_rvalid_reg$_SDFFE_PP0P_/QN	axi_crossbar_inst.axi_crossbar_rd_inst.s_ifaces[2].reg_inst.genblk2.temp_s_axi_rvalid_reg$_SDFFE_PP0P_/D
747	0.4049	axi_crossbar_inst.axi_crossbar_wr_inst.s_ifaces[I].addr_inst.m_select_reg[J]	axi_crossbar_inst.axi_crossbar_wr_inst.s_ifaces[I].w_select_reg[J]	axi_crossbar_inst.axi_crossbar_wr_inst.s_ifaces[5].addr_inst.m_select_reg[0]$_DFF_P_/Q	axi_crossbar_inst.axi_crossbar_wr_inst.s_ifaces[5].w_select_reg[0]$_DFFE_PP_/D
748	0.4052	axi_crossbar_inst.axi_crossbar_rd_inst.s_ifaces[I].addr_inst.s_axi_aready_reg	axi_crossbar_inst.axi_crossbar_rd_inst.s_ifaces[I].addr_inst.thread_m_reg[J][K]	axi_crossbar_inst.axi_crossbar_rd_inst.s_ifaces[0].addr_inst.s_axi_aready_reg$_SDFF_PP0_/QN	axi_crossbar_inst.axi_crossbar_rd_inst.s_ifaces[0].addr_inst.thread_m_reg[0][0]$_DFFE_PP_/D
749	0.4052	axi_crossbar_inst.axi_crossbar_wr_inst.s_ifaces[I].addr_inst.s_axi_aready_reg	axi_crossbar_inst.axi_crossbar_wr_inst.s_ifaces[I].addr_inst.thread_m_reg[J][K]	axi_crossbar_inst.axi_crossbar_wr_inst.s_ifaces[0].addr_inst.s_axi_aready_reg$_SDFF_PP0_/QN	axi_crossbar_inst.axi_crossbar_wr_inst.s_ifaces[0].addr_inst.thread_m_reg[0][1]$_DFFE_PP_/D
750	0.4061	axi_crossbar_inst.axi_crossbar_wr_inst.s_ifaces[I].reg_inst.genblkJ.genblkK.m_axi_bready_reg	axi_crossbar_inst.axi_crossbar_wr_inst.s_ifaces[I].reg_inst.genblkJ.genblkK.s_axi_bid_reg[L]	axi_crossbar_inst.axi_crossbar_wr_inst.s_ifaces[0].reg_inst.genblk3.genblk1.m_axi_bready_reg$_SDFF_PP0_/Q	axi_crossbar_inst.axi_crossbar_wr_inst.s_ifaces[0].reg_inst.genblk3.genblk1.s_axi_bid_reg[1]$_DFFE_PP_/D
751	0.4062	axi_crossbar_inst.axi_crossbar_wr_inst.s_ifaces[I].reg_inst.genblkJ.genblkK.m_axi_bready_reg	axi_crossbar_inst.axi_crossbar_wr_inst.s_ifaces[I].decerr_m_axi_bvalid_reg	axi_crossbar_inst.axi_crossbar_wr_inst.s_ifaces[0].reg_inst.genblk3.genblk1.m_axi_bready_reg$_SDFF_PP0_/Q	axi_crossbar_inst.axi_crossbar_wr_inst.s_ifaces[0].decerr_m_axi_bvalid_reg$_SDFF_PP0_/D
752	0.4067	axi_crossbar_inst.axi_crossbar_rd_inst.s_ifaces[I].addr_inst.m_axi_avalid_reg	axi_crossbar_inst.axi_crossbar_rd_inst.s_ifaces[I].addr_inst.s_axi_aready_reg	axi_crossbar_inst.axi_crossbar_rd_inst.s_ifaces[3].addr_inst.m_axi_avalid_reg$_SDFF_PP0_/Q	axi_crossbar_inst.axi_crossbar_rd_inst.s_ifaces[3].addr_inst.s_axi_aready_reg$_SDFF_PP0_/D
753	0.4086	axi_crossbar_inst.axi_crossbar_rd_inst.s_ifaces[I].addr_inst.m_select_reg[J]	axi_crossbar_inst.axi_crossbar_rd_inst.s_ifaces[I].addr_inst.m_select_reg[J]	axi_crossbar_inst.axi_crossbar_rd_inst.s_ifaces[0].addr_inst.m_select_reg[0]$_DFF_P_/Q	axi_crossbar_inst.axi_crossbar_rd_inst.s_ifaces[0].addr_inst.m_select_reg[0]$_DFF_P_/D
754	0.4094	axi_crossbar_inst.axi_crossbar_wr_inst.s_ifaces[I].reg_inst.genblkJ.genblkK.m_axi_bready_reg	axi_crossbar_inst.axi_crossbar_wr_inst.s_ifaces[I].reg_inst.genblkJ.genblkK.s_axi_bresp_reg[L]	axi_crossbar_inst.axi_crossbar_wr_inst.s_ifaces[6].reg_inst.genblk3.genblk1.m_axi_bready_reg$_SDFF_PP0_/Q	axi_crossbar_inst.axi_crossbar_wr_inst.s_ifaces[6].reg_inst.genblk3.genblk1.s_axi_bresp_reg[0]$_DFFE_PP_/D
755	0.4103	axi_crossbar_inst.axi_crossbar_wr_inst.s_ifaces[I].w_select_valid_reg	axi_crossbar_inst.axi_crossbar_wr_inst.s_ifaces[I].addr_inst.state_reg[J]	axi_crossbar_inst.axi_crossbar_wr_inst.s_ifaces[2].w_select_valid_reg$_SDFF_PP0_/Q	axi_crossbar_inst.axi_crossbar_wr_inst.s_ifaces[2].addr_inst.state_reg[1]$_SDFF_PP0_/D
756	0.4114	axi_crossbar_inst.axi_crossbar_wr_inst.m_ifaces[I].a_arb_inst.grant_valid_reg	axi_crossbar_inst.axi_crossbar_wr_inst.m_ifaces[I].w_select_new_reg	axi_crossbar_inst.axi_crossbar_wr_inst.m_ifaces[7].a_arb_inst.grant_valid_reg$_SDFFE_PP0P_/Q	axi_crossbar_inst.axi_crossbar_wr_inst.m_ifaces[7].w_select_new_reg$_SDFF_PP1_/D
757	0.4145	axi_crossbar_inst.axi_crossbar_wr_inst.m_ifaces[I].a_arb_inst.grant_valid_reg	axi_crossbar_inst.axi_crossbar_wr_inst.m_ifaces[I].w_select_reg[J]	axi_crossbar_inst.axi_crossbar_wr_inst.m_ifaces[7].a_arb_inst.grant_valid_reg$_SDFFE_PP0P_/Q	axi_crossbar_inst.axi_crossbar_wr_inst.m_ifaces[7].w_select_reg[2]$_DFFE_PP_/D
758	0.4146	axi_crossbar_inst.axi_crossbar_wr_inst.s_ifaces[I].addr_inst.trans_count_reg[J]	axi_crossbar_inst.axi_crossbar_wr_inst.s_ifaces[I].addr_inst.m_wc_valid_reg	axi_crossbar_inst.axi_crossbar_wr_inst.s_ifaces[1].addr_inst.trans_count_reg[4]$_SDFFE_PP0P_/Q	axi_crossbar_inst.axi_crossbar_wr_inst.s_ifaces[1].addr_inst.m_wc_valid_reg$_SDFF_PP0_/D
759	0.4162	axi_crossbar_inst.axi_crossbar_wr_inst.m_ifaces[I].reg_inst.genblkJ.m_axi_wvalid_reg	axi_crossbar_inst.axi_crossbar_wr_inst.m_ifaces[I].reg_inst.genblkJ.m_axi_wvalid_reg	axi_crossbar_inst.axi_crossbar_wr_inst.m_ifaces[5].reg_inst.genblk2.m_axi_wvalid_reg$_SDFFE_PP0P_/QN	axi_crossbar_inst.axi_crossbar_wr_inst.m_ifaces[5].reg_inst.genblk2.m_axi_wvalid_reg$_SDFFE_PP0P_/D
760	0.4164	axi_crossbar_inst.axi_crossbar_wr_inst.m_ifaces[I].a_arb_inst.grant_valid_reg	axi_crossbar_inst.axi_crossbar_wr_inst.m_ifaces[I].reg_inst.genblkJ.genblkK.s_axi_awready_reg	axi_crossbar_inst.axi_crossbar_wr_inst.m_ifaces[1].a_arb_inst.grant_valid_reg$_SDFFE_PP0P_/Q	axi_crossbar_inst.axi_crossbar_wr_inst.m_ifaces[1].reg_inst.genblk1.genblk1.s_axi_awready_reg$_SDFF_PP0_/D
761	0.4166	axi_crossbar_inst.axi_crossbar_rd_inst.s_ifaces[I].addr_inst.state_reg[J]	axi_crossbar_inst.axi_crossbar_rd_inst.s_ifaces[I].addr_inst.m_select_reg[J]	axi_crossbar_inst.axi_crossbar_rd_inst.s_ifaces[0].addr_inst.state_reg[1]$_SDFF_PP0_/QN	axi_crossbar_inst.axi_crossbar_rd_inst.s_ifaces[0].addr_inst.m_select_reg[0]$_DFF_P_/D
762	0.4166	axi_crossbar_inst.axi_crossbar_wr_inst.s_ifaces[I].addr_inst.state_reg[J]	axi_crossbar_inst.axi_crossbar_wr_inst.s_ifaces[I].addr_inst.m_select_reg[J]	axi_crossbar_inst.axi_crossbar_wr_inst.s_ifaces[0].addr_inst.state_reg[1]$_SDFF_PP0_/QN	axi_crossbar_inst.axi_crossbar_wr_inst.s_ifaces[0].addr_inst.m_select_reg[1]$_DFF_P_/D
763	0.4177	axi_crossbar_inst.axi_crossbar_rd_inst.s_ifaces[I].decerr_m_axi_rlast_reg	axi_crossbar_inst.axi_crossbar_rd_inst.s_ifaces[I].reg_inst.genblkJ.temp_s_axi_rlast_reg	axi_crossbar_inst.axi_crossbar_rd_inst.s_ifaces[6].decerr_m_axi_rlast_reg$_DFFE_PP_/Q	axi_crossbar_inst.axi_crossbar_rd_inst.s_ifaces[6].reg_inst.genblk2.temp_s_axi_rlast_reg$_DFFE_PP_/D
764	0.4180	axi_crossbar_inst.axi_crossbar_wr_inst.s_ifaces[I].decerr_m_axi_bvalid_reg	axi_crossbar_inst.axi_crossbar_wr_inst.s_ifaces[I].decerr_m_axi_bvalid_reg	axi_crossbar_inst.axi_crossbar_wr_inst.s_ifaces[5].decerr_m_axi_bvalid_reg$_SDFF_PP0_/Q	axi_crossbar_inst.axi_crossbar_wr_inst.s_ifaces[5].decerr_m_axi_bvalid_reg$_SDFF_PP0_/D
765	0.4182	axi_crossbar_inst.axi_crossbar_wr_inst.s_ifaces[I].w_select_valid_reg	axi_crossbar_inst.axi_crossbar_wr_inst.s_ifaces[I].addr_inst.s_axi_aready_reg	axi_crossbar_inst.axi_crossbar_wr_inst.s_ifaces[2].w_select_valid_reg$_SDFF_PP0_/Q	axi_crossbar_inst.axi_crossbar_wr_inst.s_ifaces[2].addr_inst.s_axi_aready_reg$_SDFF_PP0_/D
766	0.4184	axi_crossbar_inst.axi_crossbar_wr_inst.s_ifaces[I].addr_inst.state_reg[J]	axi_crossbar_inst.axi_crossbar_wr_inst.s_ifaces[I].addr_inst.m_rc_valid_reg	axi_crossbar_inst.axi_crossbar_wr_inst.s_ifaces[2].addr_inst.state_reg[0]$_SDFF_PP0_/Q	axi_crossbar_inst.axi_crossbar_wr_inst.s_ifaces[2].addr_inst.m_rc_valid_reg$_SDFF_PP0_/D
767	0.4203	axi_crossbar_inst.axi_crossbar_wr_inst.m_ifaces[I].w_select_valid_reg	axi_crossbar_inst.axi_crossbar_wr_inst.m_ifaces[I].reg_inst.genblkJ.m_axi_wvalid_reg	axi_crossbar_inst.axi_crossbar_wr_inst.m_ifaces[3].w_select_valid_reg$_SDFF_PP0_/Q	axi_crossbar_inst.axi_crossbar_wr_inst.m_ifaces[3].reg_inst.genblk2.m_axi_wvalid_reg$_SDFFE_PP0P_/D
768	0.4231	axi_crossbar_inst.axi_crossbar_wr_inst.s_ifaces[I].addr_inst.s_cpl_valid_reg	axi_crossbar_inst.axi_crossbar_wr_inst.s_ifaces[I].addr_inst.m_axi_avalid_reg	axi_crossbar_inst.axi_crossbar_wr_inst.s_ifaces[5].addr_inst.s_cpl_valid_reg$_DFF_P_/QN	axi_crossbar_inst.axi_crossbar_wr_inst.s_ifaces[5].addr_inst.m_axi_avalid_reg$_SDFF_PP0_/D
769	0.4256	axi_crossbar_inst.axi_crossbar_rd_inst.s_ifaces[I].r_arb_inst.grant_valid_reg	axi_crossbar_inst.axi_crossbar_rd_inst.s_ifaces[I].reg_inst.genblkJ.m_axi_rready_reg	axi_crossbar_inst.axi_crossbar_rd_inst.s_ifaces[2].r_arb_inst.grant_valid_reg$_SDFFE_PP0P_/Q	axi_crossbar_inst.axi_crossbar_rd_inst.s_ifaces[2].reg_inst.genblk2.m_axi_rready_reg$_SDFF_PP0_/D
770	0.4256	axi_crossbar_inst.axi_crossbar_rd_inst.s_ifaces[I].addr_inst.s_cpl_valid_reg	axi_crossbar_inst.axi_crossbar_rd_inst.s_ifaces[I].addr_inst.m_rc_valid_reg	axi_crossbar_inst.axi_crossbar_rd_inst.s_ifaces[5].addr_inst.s_cpl_valid_reg$_DFF_P_/QN	axi_crossbar_inst.axi_crossbar_rd_inst.s_ifaces[5].addr_inst.m_rc_valid_reg$_SDFF_PP0_/D
771	0.4264	axi_crossbar_inst.axi_crossbar_wr_inst.m_ifaces[I].w_select_valid_reg	axi_crossbar_inst.axi_crossbar_wr_inst.m_ifaces[I].reg_inst.genblkJ.temp_m_axi_wvalid_reg	axi_crossbar_inst.axi_crossbar_wr_inst.m_ifaces[7].w_select_valid_reg$_SDFF_PP0_/Q	axi_crossbar_inst.axi_crossbar_wr_inst.m_ifaces[7].reg_inst.genblk2.temp_m_axi_wvalid_reg$_SDFFE_PP0P_/D
772	0.4272	axi_crossbar_inst.axi_crossbar_rd_inst.s_ifaces[I].decerr_m_axi_rid_reg[J]	axi_crossbar_inst.axi_crossbar_rd_inst.s_ifaces[I].reg_inst.genblkJ.temp_s_axi_rid_reg[K]	axi_crossbar_inst.axi_crossbar_rd_inst.s_ifaces[6].decerr_m_axi_rid_reg[1]$_DFFE_PP_/Q	axi_crossbar_inst.axi_crossbar_rd_inst.s_ifaces[6].reg_inst.genblk2.temp_s_axi_rid_reg[1]$_DFFE_PP_/D
773	0.4288	axi_crossbar_inst.axi_crossbar_rd_inst.s_ifaces[I].addr_inst.m_rc_valid_reg	axi_crossbar_inst.axi_crossbar_rd_inst.s_ifaces[I].addr_inst.state_reg[J]	axi_crossbar_inst.axi_crossbar_rd_inst.s_ifaces[3].addr_inst.m_rc_valid_reg$_SDFF_PP0_/Q	axi_crossbar_inst.axi_crossbar_rd_inst.s_ifaces[3].addr_inst.state_reg[1]$_SDFF_PP0_/D
774	0.4290	axi_crossbar_inst.axi_crossbar_rd_inst.s_ifaces[I].decerr_m_axi_rlast_reg	axi_crossbar_inst.axi_crossbar_rd_inst.s_ifaces[I].addr_inst.s_cpl_valid_reg	axi_crossbar_inst.axi_crossbar_rd_inst.s_ifaces[6].decerr_m_axi_rlast_reg$_DFFE_PP_/Q	axi_crossbar_inst.axi_crossbar_rd_inst.s_ifaces[6].addr_inst.s_cpl_valid_reg$_DFF_P_/D
775	0.4297	axi_crossbar_inst.axi_crossbar_wr_inst.s_ifaces[I].addr_inst.s_axi_aready_reg	axi_crossbar_inst.axi_crossbar_wr_inst.s_ifaces[I].addr_inst.m_decerr_reg	axi_crossbar_inst.axi_crossbar_wr_inst.s_ifaces[1].addr_inst.s_axi_aready_reg$_SDFF_PP0_/QN	axi_crossbar_inst.axi_crossbar_wr_inst.s_ifaces[1].addr_inst.m_decerr_reg$_DFFE_PP_/D
776	0.4298	axi_crossbar_inst.axi_crossbar_rd_inst.s_ifaces[I].addr_inst.s_axi_aready_reg	axi_crossbar_inst.axi_crossbar_rd_inst.s_ifaces[I].addr_inst.m_decerr_reg	axi_crossbar_inst.axi_crossbar_rd_inst.s_ifaces[1].addr_inst.s_axi_aready_reg$_SDFF_PP0_/QN	axi_crossbar_inst.axi_crossbar_rd_inst.s_ifaces[1].addr_inst.m_decerr_reg$_DFFE_PP_/D
777	0.4318	axi_crossbar_inst.axi_crossbar_wr_inst.s_ifaces[I].decerr_m_axi_bid_reg[J]	axi_crossbar_inst.axi_crossbar_wr_inst.s_ifaces[I].reg_inst.genblkJ.genblkK.s_axi_bid_reg[L]	axi_crossbar_inst.axi_crossbar_wr_inst.s_ifaces[6].decerr_m_axi_bid_reg[0]$_DFFE_PP_/Q	axi_crossbar_inst.axi_crossbar_wr_inst.s_ifaces[6].reg_inst.genblk3.genblk1.s_axi_bid_reg[0]$_DFFE_PP_/D
778	0.4333	axi_crossbar_inst.axi_crossbar_wr_inst.s_ifaces[I].b_arb_inst.grant_valid_reg	axi_crossbar_inst.axi_crossbar_wr_inst.s_ifaces[I].decerr_m_axi_bvalid_reg	axi_crossbar_inst.axi_crossbar_wr_inst.s_ifaces[0].b_arb_inst.grant_valid_reg$_SDFFE_PP0P_/Q	axi_crossbar_inst.axi_crossbar_wr_inst.s_ifaces[0].decerr_m_axi_bvalid_reg$_SDFF_PP0_/D
779	0.4349	axi_crossbar_inst.axi_crossbar_rd_inst.s_ifaces[I].addr_inst.m_rc_valid_reg	axi_crossbar_inst.axi_crossbar_rd_inst.s_ifaces[I].decerr_m_axi_rvalid_reg	axi_crossbar_inst.axi_crossbar_rd_inst.s_ifaces[1].addr_inst.m_rc_valid_reg$_SDFF_PP0_/Q	axi_crossbar_inst.axi_crossbar_rd_inst.s_ifaces[1].decerr_m_axi_rvalid_reg$_SDFF_PP0_/D
780	0.4351	axi_crossbar_inst.axi_crossbar_rd_inst.m_ifaces[I].a_arb_inst.grant_valid_reg	axi_crossbar_inst.axi_crossbar_rd_inst.m_ifaces[I].reg_inst.genblkJ.genblkK.m_axi_arvalid_reg	axi_crossbar_inst.axi_crossbar_rd_inst.m_ifaces[2].a_arb_inst.grant_valid_reg$_SDFFE_PP0P_/Q	axi_crossbar_inst.axi_crossbar_rd_inst.m_ifaces[2].reg_inst.genblk1.genblk1.m_axi_arvalid_reg$_SDFF_PP0_/D
781	0.4358	axi_crossbar_inst.axi_crossbar_wr_inst.s_ifaces[I].addr_inst.m_rc_valid_reg	axi_crossbar_inst.axi_crossbar_wr_inst.s_ifaces[I].decerr_m_axi_bvalid_reg	axi_crossbar_inst.axi_crossbar_wr_inst.s_ifaces[0].addr_inst.m_rc_valid_reg$_SDFF_PP0_/Q	axi_crossbar_inst.axi_crossbar_wr_inst.s_ifaces[0].decerr_m_axi_bvalid_reg$_SDFF_PP0_/D
782	0.4361	axi_crossbar_inst.axi_crossbar_rd_inst.s_ifaces[I].r_arb_inst.grant_valid_reg	axi_crossbar_inst.axi_crossbar_rd_inst.s_ifaces[I].reg_inst.genblkJ.s_axi_rvalid_reg	axi_crossbar_inst.axi_crossbar_rd_inst.s_ifaces[2].r_arb_inst.grant_valid_reg$_SDFFE_PP0P_/Q	axi_crossbar_inst.axi_crossbar_rd_inst.s_ifaces[2].reg_inst.genblk2.s_axi_rvalid_reg$_SDFFE_PP0P_/D
783	0.4367	axi_crossbar_inst.axi_crossbar_rd_inst.s_ifaces[I].addr_inst.m_rc_valid_reg	axi_crossbar_inst.axi_crossbar_rd_inst.s_ifaces[I].decerr_m_axi_rid_reg[J]	axi_crossbar_inst.axi_crossbar_rd_inst.s_ifaces[3].addr_inst.m_rc_valid_reg$_SDFF_PP0_/Q	axi_crossbar_inst.axi_crossbar_rd_inst.s_ifaces[3].decerr_m_axi_rid_reg[0]$_DFFE_PP_/D
784	0.4369	axi_crossbar_inst.axi_crossbar_wr_inst.s_ifaces[I].w_select_reg[J]	axi_crossbar_inst.axi_crossbar_wr_inst.s_ifaces[I].w_select_reg[J]	axi_crossbar_inst.axi_crossbar_wr_inst.s_ifaces[2].w_select_reg[0]$_DFFE_PP_/Q	axi_crossbar_inst.axi_crossbar_wr_inst.s_ifaces[2].w_select_reg[0]$_DFFE_PP_/D
785	0.4373	axi_crossbar_inst.axi_crossbar_wr_inst.s_ifaces[I].decerr_m_axi_bvalid_reg	axi_crossbar_inst.axi_crossbar_wr_inst.s_ifaces[I].addr_inst.state_reg[J]	axi_crossbar_inst.axi_crossbar_wr_inst.s_ifaces[7].decerr_m_axi_bvalid_reg$_SDFF_PP0_/Q	axi_crossbar_inst.axi_crossbar_wr_inst.s_ifaces[7].addr_inst.state_reg[1]$_SDFF_PP0_/D
786	0.4394	axi_crossbar_inst.axi_crossbar_rd_inst.s_ifaces[I].addr_inst.s_cpl_valid_reg	axi_crossbar_inst.axi_crossbar_rd_inst.s_ifaces[I].addr_inst.state_reg[J]	axi_crossbar_inst.axi_crossbar_rd_inst.s_ifaces[5].addr_inst.s_cpl_valid_reg$_DFF_P_/QN	axi_crossbar_inst.axi_crossbar_rd_inst.s_ifaces[5].addr_inst.state_reg[0]$_SDFF_PP0_/D
787	0.4394	axi_crossbar_inst.axi_crossbar_wr_inst.s_ifaces[I].addr_inst.state_reg[J]	axi_crossbar_inst.axi_crossbar_wr_inst.s_ifaces[I].addr_inst.m_wc_valid_reg	axi_crossbar_inst.axi_crossbar_wr_inst.s_ifaces[5].addr_inst.state_reg[0]$_SDFF_PP0_/Q	axi_crossbar_inst.axi_crossbar_wr_inst.s_ifaces[5].addr_inst.m_wc_valid_reg$_SDFF_PP0_/D
788	0.4395	axi_crossbar_inst.axi_crossbar_wr_inst.s_ifaces[I].b_arb_inst.grant_valid_reg	axi_crossbar_inst.axi_crossbar_wr_inst.s_ifaces[I].reg_inst.genblkJ.genblkK.s_axi_bvalid_reg	axi_crossbar_inst.axi_crossbar_wr_inst.s_ifaces[7].b_arb_inst.grant_valid_reg$_SDFFE_PP0P_/Q	axi_crossbar_inst.axi_crossbar_wr_inst.s_ifaces[7].reg_inst.genblk3.genblk1.s_axi_bvalid_reg$_SDFF_PP0_/D
789	0.4405	axi_crossbar_inst.axi_crossbar_rd_inst.s_ifaces[I].r_arb_inst.grant_valid_reg	axi_crossbar_inst.axi_crossbar_rd_inst.s_ifaces[I].addr_inst.s_cpl_valid_reg	axi_crossbar_inst.axi_crossbar_rd_inst.s_ifaces[2].r_arb_inst.grant_valid_reg$_SDFFE_PP0P_/Q	axi_crossbar_inst.axi_crossbar_rd_inst.s_ifaces[2].addr_inst.s_cpl_valid_reg$_DFF_P_/D
790	0.4409	axi_crossbar_inst.axi_crossbar_wr_inst.s_ifaces[I].reg_inst.genblkJ.genblkK.m_axi_bready_reg	axi_crossbar_inst.axi_crossbar_wr_inst.s_ifaces[I].reg_inst.genblkJ.genblkK.s_axi_bvalid_reg	axi_crossbar_inst.axi_crossbar_wr_inst.s_ifaces[7].reg_inst.genblk3.genblk1.m_axi_bready_reg$_SDFF_PP0_/Q	axi_crossbar_inst.axi_crossbar_wr_inst.s_ifaces[7].reg_inst.genblk3.genblk1.s_axi_bvalid_reg$_SDFF_PP0_/D
791	0.4417	axi_crossbar_inst.axi_crossbar_rd_inst.s_ifaces[I].addr_inst.m_decerr_reg	axi_crossbar_inst.axi_crossbar_rd_inst.s_ifaces[I].addr_inst.state_reg[J]	axi_crossbar_inst.axi_crossbar_rd_inst.s_ifaces[5].addr_inst.m_decerr_reg$_DFFE_PP_/Q	axi_crossbar_inst.axi_crossbar_rd_inst.s_ifaces[5].addr_inst.state_reg[0]$_SDFF_PP0_/D
792	0.4430	axi_crossbar_inst.axi_crossbar_rd_inst.s_ifaces[I].reg_inst.genblkJ.s_axi_rvalid_reg	axi_crossbar_inst.axi_crossbar_rd_inst.s_ifaces[I].reg_inst.genblkJ.m_axi_rready_reg	axi_crossbar_inst.axi_crossbar_rd_inst.s_ifaces[0].reg_inst.genblk2.s_axi_rvalid_reg$_SDFFE_PP0P_/QN	axi_crossbar_inst.axi_crossbar_rd_inst.s_ifaces[0].reg_inst.genblk2.m_axi_rready_reg$_SDFF_PP0_/D
793	0.4440	axi_crossbar_inst.axi_crossbar_wr_inst.s_ifaces[I].addr_inst.s_axi_aready_reg	axi_crossbar_inst.axi_crossbar_wr_inst.s_ifaces[I].addr_inst.state_reg[J]	axi_crossbar_inst.axi_crossbar_wr_inst.s_ifaces[1].addr_inst.s_axi_aready_reg$_SDFF_PP0_/QN	axi_crossbar_inst.axi_crossbar_wr_inst.s_ifaces[1].addr_inst.state_reg[0]$_SDFF_PP0_/D
794	0.4446	axi_crossbar_inst.axi_crossbar_rd_inst.s_ifaces[I].addr_inst.s_cpl_valid_reg	axi_crossbar_inst.axi_crossbar_rd_inst.s_ifaces[I].addr_inst.m_axi_avalid_reg	axi_crossbar_inst.axi_crossbar_rd_inst.s_ifaces[5].addr_inst.s_cpl_valid_reg$_DFF_P_/QN	axi_crossbar_inst.axi_crossbar_rd_inst.s_ifaces[5].addr_inst.m_axi_avalid_reg$_SDFF_PP0_/D
795	0.4449	axi_crossbar_inst.axi_crossbar_wr_inst.s_ifaces[I].addr_inst.m_decerr_reg	axi_crossbar_inst.axi_crossbar_wr_inst.s_ifaces[I].addr_inst.state_reg[J]	axi_crossbar_inst.axi_crossbar_wr_inst.s_ifaces[2].addr_inst.m_decerr_reg$_DFFE_PP_/Q	axi_crossbar_inst.axi_crossbar_wr_inst.s_ifaces[2].addr_inst.state_reg[1]$_SDFF_PP0_/D
796	0.4449	axi_crossbar_inst.axi_crossbar_wr_inst.s_ifaces[I].addr_inst.s_axi_aready_reg	axi_crossbar_inst.axi_crossbar_wr_inst.s_ifaces[I].addr_inst.s_axi_aid_reg[J]	axi_crossbar_inst.axi_crossbar_wr_inst.s_ifaces[1].addr_inst.s_axi_aready_reg$_SDFF_PP0_/QN	axi_crossbar_inst.axi_crossbar_wr_inst.s_ifaces[1].addr_inst.s_axi_aid_reg[0]$_DFFE_PP_/D
797	0.4450	axi_crossbar_inst.axi_crossbar_rd_inst.s_ifaces[I].addr_inst.s_axi_aready_reg	axi_crossbar_inst.axi_crossbar_rd_inst.s_ifaces[I].addr_inst.s_axi_aid_reg[J]	axi_crossbar_inst.axi_crossbar_rd_inst.s_ifaces[0].addr_inst.s_axi_aready_reg$_SDFF_PP0_/QN	axi_crossbar_inst.axi_crossbar_rd_inst.s_ifaces[0].addr_inst.s_axi_aid_reg[0]$_DFFE_PP_/D
798	0.4451	axi_crossbar_inst.axi_crossbar_rd_inst.m_ifaces[I].a_arb_inst.grant_valid_reg	axi_crossbar_inst.axi_crossbar_rd_inst.m_ifaces[I].reg_inst.genblkJ.genblkK.s_axi_arready_reg	axi_crossbar_inst.axi_crossbar_rd_inst.m_ifaces[5].a_arb_inst.grant_valid_reg$_SDFFE_PP0P_/Q	axi_crossbar_inst.axi_crossbar_rd_inst.m_ifaces[5].reg_inst.genblk1.genblk1.s_axi_arready_reg$_SDFF_PP0_/D
799	0.4474	axi_crossbar_inst.axi_crossbar_wr_inst.m_ifaces[I].w_select_new_reg	axi_crossbar_inst.axi_crossbar_wr_inst.m_ifaces[I].w_select_new_reg	axi_crossbar_inst.axi_crossbar_wr_inst.m_ifaces[7].w_select_new_reg$_SDFF_PP1_/Q	axi_crossbar_inst.axi_crossbar_wr_inst.m_ifaces[7].w_select_new_reg$_SDFF_PP1_/D
800	0.4484	axi_crossbar_inst.axi_crossbar_rd_inst.s_ifaces[I].addr_inst.m_decerr_reg	axi_crossbar_inst.axi_crossbar_rd_inst.s_ifaces[I].addr_inst.m_rc_valid_reg	axi_crossbar_inst.axi_crossbar_rd_inst.s_ifaces[6].addr_inst.m_decerr_reg$_DFFE_PP_/Q	axi_crossbar_inst.axi_crossbar_rd_inst.s_ifaces[6].addr_inst.m_rc_valid_reg$_SDFF_PP0_/D
801	0.4485	axi_crossbar_inst.axi_crossbar_wr_inst.m_ifaces[I].w_select_valid_reg	axi_crossbar_inst.axi_crossbar_wr_inst.m_ifaces[I].reg_inst.genblkJ.s_axi_wready_reg	axi_crossbar_inst.axi_crossbar_wr_inst.m_ifaces[6].w_select_valid_reg$_SDFF_PP0_/Q	axi_crossbar_inst.axi_crossbar_wr_inst.m_ifaces[6].reg_inst.genblk2.s_axi_wready_reg$_SDFF_PP0_/D
802	0.4489	axi_crossbar_inst.axi_crossbar_wr_inst.m_ifaces[I].w_select_new_reg	axi_crossbar_inst.axi_crossbar_wr_inst.m_ifaces[I].w_select_reg[J]	axi_crossbar_inst.axi_crossbar_wr_inst.m_ifaces[6].w_select_new_reg$_SDFF_PP1_/Q	axi_crossbar_inst.axi_crossbar_wr_inst.m_ifaces[6].w_select_reg[0]$_DFFE_PP_/D
803	0.4489	axi_crossbar_inst.axi_crossbar_wr_inst.s_ifaces[I].addr_inst.m_wc_valid_reg	axi_crossbar_inst.axi_crossbar_wr_inst.s_ifaces[I].addr_inst.state_reg[J]	axi_crossbar_inst.axi_crossbar_wr_inst.s_ifaces[1].addr_inst.m_wc_valid_reg$_SDFF_PP0_/Q	axi_crossbar_inst.axi_crossbar_wr_inst.s_ifaces[1].addr_inst.state_reg[1]$_SDFF_PP0_/D
804	0.4495	axi_crossbar_inst.axi_crossbar_rd_inst.s_ifaces[I].reg_inst.genblkJ.s_axi_rvalid_reg	axi_crossbar_inst.axi_crossbar_rd_inst.s_ifaces[I].reg_inst.genblkJ.s_axi_rvalid_reg	axi_crossbar_inst.axi_crossbar_rd_inst.s_ifaces[4].reg_inst.genblk2.s_axi_rvalid_reg$_SDFFE_PP0P_/QN	axi_crossbar_inst.axi_crossbar_rd_inst.s_ifaces[4].reg_inst.genblk2.s_axi_rvalid_reg$_SDFFE_PP0P_/D
805	0.4503	axi_crossbar_inst.axi_crossbar_wr_inst.s_ifaces[I].decerr_m_axi_bvalid_reg	axi_crossbar_inst.axi_crossbar_wr_inst.s_ifaces[I].addr_inst.s_axi_aready_reg	axi_crossbar_inst.axi_crossbar_wr_inst.s_ifaces[6].decerr_m_axi_bvalid_reg$_SDFF_PP0_/Q	axi_crossbar_inst.axi_crossbar_wr_inst.s_ifaces[6].addr_inst.s_axi_aready_reg$_SDFF_PP0_/D
806	0.4505	axi_crossbar_inst.axi_crossbar_wr_inst.s_ifaces[I].addr_inst.s_cpl_valid_reg	axi_crossbar_inst.axi_crossbar_wr_inst.s_ifaces[I].addr_inst.m_rc_valid_reg	axi_crossbar_inst.axi_crossbar_wr_inst.s_ifaces[5].addr_inst.s_cpl_valid_reg$_DFF_P_/QN	axi_crossbar_inst.axi_crossbar_wr_inst.s_ifaces[5].addr_inst.m_rc_valid_reg$_SDFF_PP0_/D
807	0.4534	axi_crossbar_inst.axi_crossbar_rd_inst.s_ifaces[I].addr_inst.s_axi_aready_reg	axi_crossbar_inst.axi_crossbar_rd_inst.s_ifaces[I].addr_inst.state_reg[J]	axi_crossbar_inst.axi_crossbar_rd_inst.s_ifaces[4].addr_inst.s_axi_aready_reg$_SDFF_PP0_/QN	axi_crossbar_inst.axi_crossbar_rd_inst.s_ifaces[4].addr_inst.state_reg[0]$_SDFF_PP0_/D
808	0.4548	axi_crossbar_inst.axi_crossbar_rd_inst.m_ifaces[I].reg_inst.genblkJ.genblkK.m_axi_arvalid_reg	axi_crossbar_inst.axi_crossbar_rd_inst.m_ifaces[I].reg_inst.genblkJ.genblkK.s_axi_arready_reg	axi_crossbar_inst.axi_crossbar_rd_inst.m_ifaces[1].reg_inst.genblk1.genblk1.m_axi_arvalid_reg$_SDFF_PP0_/Q	axi_crossbar_inst.axi_crossbar_rd_inst.m_ifaces[1].reg_inst.genblk1.genblk1.s_axi_arready_reg$_SDFF_PP0_/D
809	0.4548	axi_crossbar_inst.axi_crossbar_wr_inst.m_ifaces[I].reg_inst.genblkJ.genblkK.m_axi_awvalid_reg	axi_crossbar_inst.axi_crossbar_wr_inst.m_ifaces[I].reg_inst.genblkJ.genblkK.s_axi_awready_reg	axi_crossbar_inst.axi_crossbar_wr_inst.m_ifaces[3].reg_inst.genblk1.genblk1.m_axi_awvalid_reg$_SDFF_PP0_/Q	axi_crossbar_inst.axi_crossbar_wr_inst.m_ifaces[3].reg_inst.genblk1.genblk1.s_axi_awready_reg$_SDFF_PP0_/D
810	0.4552	axi_crossbar_inst.axi_crossbar_wr_inst.s_ifaces[I].b_arb_inst.grant_valid_reg	axi_crossbar_inst.axi_crossbar_wr_inst.s_ifaces[I].reg_inst.genblkJ.genblkK.m_axi_bready_reg	axi_crossbar_inst.axi_crossbar_wr_inst.s_ifaces[7].b_arb_inst.grant_valid_reg$_SDFFE_PP0P_/Q	axi_crossbar_inst.axi_crossbar_wr_inst.s_ifaces[7].reg_inst.genblk3.genblk1.m_axi_bready_reg$_SDFF_PP0_/D
811	0.4565	axi_crossbar_inst.axi_crossbar_wr_inst.s_ifaces[I].reg_inst.genblkJ.genblkK.m_axi_bready_reg	axi_crossbar_inst.axi_crossbar_wr_inst.s_ifaces[I].reg_inst.genblkJ.genblkK.m_axi_bready_reg	axi_crossbar_inst.axi_crossbar_wr_inst.s_ifaces[7].reg_inst.genblk3.genblk1.m_axi_bready_reg$_SDFF_PP0_/Q	axi_crossbar_inst.axi_crossbar_wr_inst.s_ifaces[7].reg_inst.genblk3.genblk1.m_axi_bready_reg$_SDFF_PP0_/D
812	0.4568	axi_crossbar_inst.axi_crossbar_wr_inst.s_ifaces[I].addr_inst.m_wc_valid_reg	axi_crossbar_inst.axi_crossbar_wr_inst.s_ifaces[I].addr_inst.s_axi_aready_reg	axi_crossbar_inst.axi_crossbar_wr_inst.s_ifaces[1].addr_inst.m_wc_valid_reg$_SDFF_PP0_/Q	axi_crossbar_inst.axi_crossbar_wr_inst.s_ifaces[1].addr_inst.s_axi_aready_reg$_SDFF_PP0_/D
813	0.4587	axi_crossbar_inst.axi_crossbar_wr_inst.s_ifaces[I].addr_inst.m_rc_valid_reg	axi_crossbar_inst.axi_crossbar_wr_inst.s_ifaces[I].decerr_m_axi_bid_reg[J]	axi_crossbar_inst.axi_crossbar_wr_inst.s_ifaces[4].addr_inst.m_rc_valid_reg$_SDFF_PP0_/Q	axi_crossbar_inst.axi_crossbar_wr_inst.s_ifaces[4].decerr_m_axi_bid_reg[0]$_DFFE_PP_/D
814	0.4607	axi_crossbar_inst.axi_crossbar_wr_inst.s_ifaces[I].addr_inst.s_cpl_valid_reg	axi_crossbar_inst.axi_crossbar_wr_inst.s_ifaces[I].addr_inst.state_reg[J]	axi_crossbar_inst.axi_crossbar_wr_inst.s_ifaces[3].addr_inst.s_cpl_valid_reg$_DFF_P_/QN	axi_crossbar_inst.axi_crossbar_wr_inst.s_ifaces[3].addr_inst.state_reg[1]$_SDFF_PP0_/D
815	0.4616	axi_crossbar_inst.axi_crossbar_rd_inst.s_ifaces[I].addr_inst.s_axi_aready_reg	axi_crossbar_inst.axi_crossbar_rd_inst.s_ifaces[I].addr_inst.m_select_reg[J]	axi_crossbar_inst.axi_crossbar_rd_inst.s_ifaces[0].addr_inst.s_axi_aready_reg$_SDFF_PP0_/QN	axi_crossbar_inst.axi_crossbar_rd_inst.s_ifaces[0].addr_inst.m_select_reg[0]$_DFF_P_/D
816	0.4616	axi_crossbar_inst.axi_crossbar_wr_inst.s_ifaces[I].addr_inst.s_axi_aready_reg	axi_crossbar_inst.axi_crossbar_wr_inst.s_ifaces[I].addr_inst.m_select_reg[J]	axi_crossbar_inst.axi_crossbar_wr_inst.s_ifaces[0].addr_inst.s_axi_aready_reg$_SDFF_PP0_/QN	axi_crossbar_inst.axi_crossbar_wr_inst.s_ifaces[0].addr_inst.m_select_reg[1]$_DFF_P_/D
817	0.4634	axi_crossbar_inst.axi_crossbar_rd_inst.s_ifaces[I].addr_inst.m_decerr_reg	axi_crossbar_inst.axi_crossbar_rd_inst.s_ifaces[I].addr_inst.m_axi_avalid_reg	axi_crossbar_inst.axi_crossbar_rd_inst.s_ifaces[5].addr_inst.m_decerr_reg$_DFFE_PP_/Q	axi_crossbar_inst.axi_crossbar_rd_inst.s_ifaces[5].addr_inst.m_axi_avalid_reg$_SDFF_PP0_/D
818	0.4640	axi_crossbar_inst.axi_crossbar_wr_inst.s_ifaces[I].addr_inst.m_decerr_reg	axi_crossbar_inst.axi_crossbar_wr_inst.s_ifaces[I].addr_inst.m_axi_avalid_reg	axi_crossbar_inst.axi_crossbar_wr_inst.s_ifaces[1].addr_inst.m_decerr_reg$_DFFE_PP_/Q	axi_crossbar_inst.axi_crossbar_wr_inst.s_ifaces[1].addr_inst.m_axi_avalid_reg$_SDFF_PP0_/D
819	0.4645	axi_crossbar_inst.axi_crossbar_wr_inst.m_ifaces[I].reg_inst.genblkJ.m_axi_wvalid_reg	axi_crossbar_inst.axi_crossbar_wr_inst.m_ifaces[I].reg_inst.genblkJ.s_axi_wready_reg	axi_crossbar_inst.axi_crossbar_wr_inst.m_ifaces[6].reg_inst.genblk2.m_axi_wvalid_reg$_SDFFE_PP0P_/QN	axi_crossbar_inst.axi_crossbar_wr_inst.m_ifaces[6].reg_inst.genblk2.s_axi_wready_reg$_SDFF_PP0_/D
820	0.4654	axi_crossbar_inst.axi_crossbar_wr_inst.s_ifaces[I].addr_inst.m_rc_valid_reg	axi_crossbar_inst.axi_crossbar_wr_inst.s_ifaces[I].addr_inst.state_reg[J]	axi_crossbar_inst.axi_crossbar_wr_inst.s_ifaces[1].addr_inst.m_rc_valid_reg$_SDFF_PP0_/Q	axi_crossbar_inst.axi_crossbar_wr_inst.s_ifaces[1].addr_inst.state_reg[1]$_SDFF_PP0_/D
821	0.4654	axi_crossbar_inst.axi_crossbar_rd_inst.m_ifaces[I].reg_inst.genblkJ.genblkK.m_axi_arvalid_reg	axi_crossbar_inst.axi_crossbar_rd_inst.m_ifaces[I].reg_inst.genblkJ.genblkK.m_axi_arvalid_reg	axi_crossbar_inst.axi_crossbar_rd_inst.m_ifaces[1].reg_inst.genblk1.genblk1.m_axi_arvalid_reg$_SDFF_PP0_/Q	axi_crossbar_inst.axi_crossbar_rd_inst.m_ifaces[1].reg_inst.genblk1.genblk1.m_axi_arvalid_reg$_SDFF_PP0_/D
822	0.4654	axi_crossbar_inst.axi_crossbar_wr_inst.m_ifaces[I].reg_inst.genblkJ.genblkK.m_axi_awvalid_reg	axi_crossbar_inst.axi_crossbar_wr_inst.m_ifaces[I].reg_inst.genblkJ.genblkK.m_axi_awvalid_reg	axi_crossbar_inst.axi_crossbar_wr_inst.m_ifaces[3].reg_inst.genblk1.genblk1.m_axi_awvalid_reg$_SDFF_PP0_/Q	axi_crossbar_inst.axi_crossbar_wr_inst.m_ifaces[3].reg_inst.genblk1.genblk1.m_axi_awvalid_reg$_SDFF_PP0_/D
823	0.4669	axi_crossbar_inst.axi_crossbar_wr_inst.m_ifaces[I].reg_inst.genblkJ.temp_m_axi_wvalid_reg	axi_crossbar_inst.axi_crossbar_wr_inst.m_ifaces[I].reg_inst.genblkJ.m_axi_wvalid_reg	axi_crossbar_inst.axi_crossbar_wr_inst.m_ifaces[5].reg_inst.genblk2.temp_m_axi_wvalid_reg$_SDFFE_PP0P_/Q	axi_crossbar_inst.axi_crossbar_wr_inst.m_ifaces[5].reg_inst.genblk2.m_axi_wvalid_reg$_SDFFE_PP0P_/D
824	0.4686	axi_crossbar_inst.axi_crossbar_wr_inst.s_ifaces[I].b_arb_inst.grant_valid_reg	axi_crossbar_inst.axi_crossbar_wr_inst.s_ifaces[I].addr_inst.s_cpl_valid_reg	axi_crossbar_inst.axi_crossbar_wr_inst.s_ifaces[7].b_arb_inst.grant_valid_reg$_SDFFE_PP0P_/Q	axi_crossbar_inst.axi_crossbar_wr_inst.s_ifaces[7].addr_inst.s_cpl_valid_reg$_DFF_P_/D
825	0.4686	axi_crossbar_inst.axi_crossbar_wr_inst.s_ifaces[I].addr_inst.s_cpl_valid_reg	axi_crossbar_inst.axi_crossbar_wr_inst.s_ifaces[I].addr_inst.m_wc_valid_reg	axi_crossbar_inst.axi_crossbar_wr_inst.s_ifaces[0].addr_inst.s_cpl_valid_reg$_DFF_P_/QN	axi_crossbar_inst.axi_crossbar_wr_inst.s_ifaces[0].addr_inst.m_wc_valid_reg$_SDFF_PP0_/D
826	0.4698	axi_crossbar_inst.axi_crossbar_wr_inst.s_ifaces[I].addr_inst.m_decerr_reg	axi_crossbar_inst.axi_crossbar_wr_inst.s_ifaces[I].addr_inst.m_wc_valid_reg	axi_crossbar_inst.axi_crossbar_wr_inst.s_ifaces[2].addr_inst.m_decerr_reg$_DFFE_PP_/Q	axi_crossbar_inst.axi_crossbar_wr_inst.s_ifaces[2].addr_inst.m_wc_valid_reg$_SDFF_PP0_/D
827	0.4700	axi_crossbar_inst.axi_crossbar_wr_inst.s_ifaces[I].reg_inst.genblkJ.genblkK.m_axi_bready_reg	axi_crossbar_inst.axi_crossbar_wr_inst.s_ifaces[I].addr_inst.s_cpl_valid_reg	axi_crossbar_inst.axi_crossbar_wr_inst.s_ifaces[7].reg_inst.genblk3.genblk1.m_axi_bready_reg$_SDFF_PP0_/Q	axi_crossbar_inst.axi_crossbar_wr_inst.s_ifaces[7].addr_inst.s_cpl_valid_reg$_DFF_P_/D
828	0.4708	axi_crossbar_inst.axi_crossbar_rd_inst.s_ifaces[I].addr_inst.m_rc_valid_reg	axi_crossbar_inst.axi_crossbar_rd_inst.s_ifaces[I].addr_inst.s_axi_aready_reg	axi_crossbar_inst.axi_crossbar_rd_inst.s_ifaces[7].addr_inst.m_rc_valid_reg$_SDFF_PP0_/Q	axi_crossbar_inst.axi_crossbar_rd_inst.s_ifaces[7].addr_inst.s_axi_aready_reg$_SDFF_PP0_/D
829	0.4713	axi_crossbar_inst.axi_crossbar_rd_inst.s_ifaces[I].decerr_m_axi_rvalid_reg	axi_crossbar_inst.axi_crossbar_rd_inst.s_ifaces[I].decerr_m_axi_rid_reg[J]	axi_crossbar_inst.axi_crossbar_rd_inst.s_ifaces[1].decerr_m_axi_rvalid_reg$_SDFF_PP0_/QN	axi_crossbar_inst.axi_crossbar_rd_inst.s_ifaces[1].decerr_m_axi_rid_reg[0]$_DFFE_PP_/D
830	0.4733	axi_crossbar_inst.axi_crossbar_wr_inst.s_ifaces[I].addr_inst.m_rc_valid_reg	axi_crossbar_inst.axi_crossbar_wr_inst.s_ifaces[I].addr_inst.s_axi_aready_reg	axi_crossbar_inst.axi_crossbar_wr_inst.s_ifaces[1].addr_inst.m_rc_valid_reg$_SDFF_PP0_/Q	axi_crossbar_inst.axi_crossbar_wr_inst.s_ifaces[1].addr_inst.s_axi_aready_reg$_SDFF_PP0_/D
831	0.4739	axi_crossbar_inst.axi_crossbar_rd_inst.s_ifaces[I].addr_inst.m_rc_valid_reg	axi_crossbar_inst.axi_crossbar_rd_inst.s_ifaces[I].addr_inst.m_rc_valid_reg	axi_crossbar_inst.axi_crossbar_rd_inst.s_ifaces[3].addr_inst.m_rc_valid_reg$_SDFF_PP0_/Q	axi_crossbar_inst.axi_crossbar_rd_inst.s_ifaces[3].addr_inst.m_rc_valid_reg$_SDFF_PP0_/D
832	0.4743	axi_crossbar_inst.axi_crossbar_wr_inst.m_ifaces[I].w_select_valid_reg	axi_crossbar_inst.axi_crossbar_wr_inst.m_ifaces[I].w_select_new_reg	axi_crossbar_inst.axi_crossbar_wr_inst.m_ifaces[7].w_select_valid_reg$_SDFF_PP0_/QN	axi_crossbar_inst.axi_crossbar_wr_inst.m_ifaces[7].w_select_new_reg$_SDFF_PP1_/D
833	0.4757	axi_crossbar_inst.axi_crossbar_wr_inst.s_ifaces[I].reg_inst.genblkJ.genblkK.s_axi_bvalid_reg	axi_crossbar_inst.axi_crossbar_wr_inst.s_ifaces[I].reg_inst.genblkJ.genblkK.s_axi_bvalid_reg	axi_crossbar_inst.axi_crossbar_wr_inst.s_ifaces[7].reg_inst.genblk3.genblk1.s_axi_bvalid_reg$_SDFF_PP0_/Q	axi_crossbar_inst.axi_crossbar_wr_inst.s_ifaces[7].reg_inst.genblk3.genblk1.s_axi_bvalid_reg$_SDFF_PP0_/D
834	0.4758	axi_crossbar_inst.axi_crossbar_wr_inst.m_ifaces[I].w_select_valid_reg	axi_crossbar_inst.axi_crossbar_wr_inst.m_ifaces[I].w_select_reg[J]	axi_crossbar_inst.axi_crossbar_wr_inst.m_ifaces[6].w_select_valid_reg$_SDFF_PP0_/QN	axi_crossbar_inst.axi_crossbar_wr_inst.m_ifaces[6].w_select_reg[0]$_DFFE_PP_/D
835	0.4772	axi_crossbar_inst.axi_crossbar_wr_inst.s_ifaces[I].addr_inst.m_wc_valid_reg	axi_crossbar_inst.axi_crossbar_wr_inst.s_ifaces[I].w_select_reg[J]	axi_crossbar_inst.axi_crossbar_wr_inst.s_ifaces[1].addr_inst.m_wc_valid_reg$_SDFF_PP0_/Q	axi_crossbar_inst.axi_crossbar_wr_inst.s_ifaces[1].w_select_reg[0]$_DFFE_PP_/D
836	0.4777	axi_crossbar_inst.axi_crossbar_wr_inst.m_ifaces[I].reg_inst.genblkJ.temp_m_axi_wlast_reg	axi_crossbar_inst.axi_crossbar_wr_inst.m_ifaces[I].reg_inst.genblkJ.m_axi_wlast_reg	axi_crossbar_inst.axi_crossbar_wr_inst.m_ifaces[4].reg_inst.genblk2.temp_m_axi_wlast_reg$_DFFE_PP_/Q	axi_crossbar_inst.axi_crossbar_wr_inst.m_ifaces[4].reg_inst.genblk2.m_axi_wlast_reg$_DFFE_PP_/D
837	0.4789	axi_crossbar_inst.axi_crossbar_rd_inst.s_ifaces[I].reg_inst.genblkJ.temp_s_axi_rlast_reg	axi_crossbar_inst.axi_crossbar_rd_inst.s_ifaces[I].reg_inst.genblkJ.s_axi_rlast_reg	axi_crossbar_inst.axi_crossbar_rd_inst.s_ifaces[4].reg_inst.genblk2.temp_s_axi_rlast_reg$_DFFE_PP_/Q	axi_crossbar_inst.axi_crossbar_rd_inst.s_ifaces[4].reg_inst.genblk2.s_axi_rlast_reg$_DFFE_PP_/D
838	0.4791	axi_crossbar_inst.axi_crossbar_rd_inst.s_ifaces[I].addr_inst.m_decerr_reg	axi_crossbar_inst.axi_crossbar_rd_inst.s_ifaces[I].addr_inst.m_decerr_reg	axi_crossbar_inst.axi_crossbar_rd_inst.s_ifaces[5].addr_inst.m_decerr_reg$_DFFE_PP_/Q	axi_crossbar_inst.axi_crossbar_rd_inst.s_ifaces[5].addr_inst.m_decerr_reg$_DFFE_PP_/D
839	0.4795	axi_crossbar_inst.axi_crossbar_wr_inst.s_ifaces[I].addr_inst.m_decerr_reg	axi_crossbar_inst.axi_crossbar_wr_inst.s_ifaces[I].addr_inst.m_decerr_reg	axi_crossbar_inst.axi_crossbar_wr_inst.s_ifaces[2].addr_inst.m_decerr_reg$_DFFE_PP_/Q	axi_crossbar_inst.axi_crossbar_wr_inst.s_ifaces[2].addr_inst.m_decerr_reg$_DFFE_PP_/D
840	0.4798	axi_crossbar_inst.axi_crossbar_rd_inst.s_ifaces[I].reg_inst.genblkJ.temp_s_axi_rdata_reg[K]	axi_crossbar_inst.axi_crossbar_rd_inst.s_ifaces[I].reg_inst.genblkJ.s_axi_rdata_reg[K]	axi_crossbar_inst.axi_crossbar_rd_inst.s_ifaces[0].reg_inst.genblk2.temp_s_axi_rdata_reg[24]$_DFFE_PP_/Q	axi_crossbar_inst.axi_crossbar_rd_inst.s_ifaces[0].reg_inst.genblk2.s_axi_rdata_reg[24]$_DFFE_PP_/D
841	0.4804	axi_crossbar_inst.axi_crossbar_wr_inst.m_ifaces[I].reg_inst.genblkJ.temp_m_axi_wdata_reg[K]	axi_crossbar_inst.axi_crossbar_wr_inst.m_ifaces[I].reg_inst.genblkJ.m_axi_wdata_reg[K]	axi_crossbar_inst.axi_crossbar_wr_inst.m_ifaces[5].reg_inst.genblk2.temp_m_axi_wdata_reg[31]$_DFFE_PP_/Q	axi_crossbar_inst.axi_crossbar_wr_inst.m_ifaces[5].reg_inst.genblk2.m_axi_wdata_reg[31]$_DFFE_PP_/D
842	0.4804	axi_crossbar_inst.axi_crossbar_wr_inst.m_ifaces[I].reg_inst.genblkJ.temp_m_axi_wstrb_reg[K]	axi_crossbar_inst.axi_crossbar_wr_inst.m_ifaces[I].reg_inst.genblkJ.m_axi_wstrb_reg[K]	axi_crossbar_inst.axi_crossbar_wr_inst.m_ifaces[5].reg_inst.genblk2.temp_m_axi_wstrb_reg[3]$_DFFE_PP_/Q	axi_crossbar_inst.axi_crossbar_wr_inst.m_ifaces[5].reg_inst.genblk2.m_axi_wstrb_reg[3]$_DFFE_PP_/D
843	0.4808	axi_crossbar_inst.axi_crossbar_wr_inst.s_ifaces[I].decerr_m_axi_bvalid_reg	axi_crossbar_inst.axi_crossbar_wr_inst.s_ifaces[I].decerr_m_axi_bid_reg[J]	axi_crossbar_inst.axi_crossbar_wr_inst.s_ifaces[1].decerr_m_axi_bvalid_reg$_SDFF_PP0_/QN	axi_crossbar_inst.axi_crossbar_wr_inst.s_ifaces[1].decerr_m_axi_bid_reg[0]$_DFFE_PP_/D
844	0.4810	axi_crossbar_inst.axi_crossbar_rd_inst.s_ifaces[I].addr_inst.state_reg[J]	axi_crossbar_inst.axi_crossbar_rd_inst.s_ifaces[I].addr_inst.s_axi_aready_reg	axi_crossbar_inst.axi_crossbar_rd_inst.s_ifaces[0].addr_inst.state_reg[1]$_SDFF_PP0_/Q	axi_crossbar_inst.axi_crossbar_rd_inst.s_ifaces[0].addr_inst.s_axi_aready_reg$_SDFF_PP0_/D
845	0.4811	axi_crossbar_inst.axi_crossbar_wr_inst.s_ifaces[I].addr_inst.state_reg[J]	axi_crossbar_inst.axi_crossbar_wr_inst.s_ifaces[I].addr_inst.s_axi_aready_reg	axi_crossbar_inst.axi_crossbar_wr_inst.s_ifaces[0].addr_inst.state_reg[1]$_SDFF_PP0_/Q	axi_crossbar_inst.axi_crossbar_wr_inst.s_ifaces[0].addr_inst.s_axi_aready_reg$_SDFF_PP0_/D
846	0.4829	axi_crossbar_inst.axi_crossbar_rd_inst.s_ifaces[I].decerr_m_axi_rid_reg[J]	axi_crossbar_inst.axi_crossbar_rd_inst.s_ifaces[I].addr_inst.s_cpl_id_reg[J]	axi_crossbar_inst.axi_crossbar_rd_inst.s_ifaces[6].decerr_m_axi_rid_reg[5]$_DFFE_PP_/Q	axi_crossbar_inst.axi_crossbar_rd_inst.s_ifaces[6].addr_inst.s_cpl_id_reg[5]$_DFF_P_/D
847	0.4839	axi_crossbar_inst.axi_crossbar_wr_inst.s_ifaces[I].decerr_m_axi_bvalid_reg	axi_crossbar_inst.axi_crossbar_wr_inst.s_ifaces[I].addr_inst.m_rc_valid_reg	axi_crossbar_inst.axi_crossbar_wr_inst.s_ifaces[0].decerr_m_axi_bvalid_reg$_SDFF_PP0_/Q	axi_crossbar_inst.axi_crossbar_wr_inst.s_ifaces[0].addr_inst.m_rc_valid_reg$_SDFF_PP0_/D
848	0.4847	axi_crossbar_inst.axi_crossbar_rd_inst.s_ifaces[I].reg_inst.genblkJ.temp_s_axi_rid_reg[K]	axi_crossbar_inst.axi_crossbar_rd_inst.s_ifaces[I].reg_inst.genblkJ.s_axi_rid_reg[K]	axi_crossbar_inst.axi_crossbar_rd_inst.s_ifaces[0].reg_inst.genblk2.temp_s_axi_rid_reg[0]$_DFFE_PP_/Q	axi_crossbar_inst.axi_crossbar_rd_inst.s_ifaces[0].reg_inst.genblk2.s_axi_rid_reg[0]$_DFFE_PP_/D
849	0.4847	axi_crossbar_inst.axi_crossbar_rd_inst.s_ifaces[I].reg_inst.genblkJ.temp_s_axi_rresp_reg[K]	axi_crossbar_inst.axi_crossbar_rd_inst.s_ifaces[I].reg_inst.genblkJ.s_axi_rresp_reg[K]	axi_crossbar_inst.axi_crossbar_rd_inst.s_ifaces[0].reg_inst.genblk2.temp_s_axi_rresp_reg[1]$_DFFE_PP_/Q	axi_crossbar_inst.axi_crossbar_rd_inst.s_ifaces[0].reg_inst.genblk2.s_axi_rresp_reg[1]$_DFFE_PP_/D
850	0.4861	axi_crossbar_inst.axi_crossbar_wr_inst.s_ifaces[I].addr_inst.m_decerr_reg	axi_crossbar_inst.axi_crossbar_wr_inst.s_ifaces[I].addr_inst.m_rc_valid_reg	axi_crossbar_inst.axi_crossbar_wr_inst.s_ifaces[1].addr_inst.m_decerr_reg$_DFFE_PP_/Q	axi_crossbar_inst.axi_crossbar_wr_inst.s_ifaces[1].addr_inst.m_rc_valid_reg$_SDFF_PP0_/D
851	0.4873	axi_crossbar_inst.axi_crossbar_wr_inst.s_ifaces[I].w_drop_reg	axi_crossbar_inst.axi_crossbar_wr_inst.s_ifaces[I].w_select_valid_reg	axi_crossbar_inst.axi_crossbar_wr_inst.s_ifaces[0].w_drop_reg$_DFF_P_/Q	axi_crossbar_inst.axi_crossbar_wr_inst.s_ifaces[0].w_select_valid_reg$_SDFF_PP0_/D
852	0.4882	axi_crossbar_inst.axi_crossbar_wr_inst.s_ifaces[I].w_select_valid_reg	axi_crossbar_inst.axi_crossbar_wr_inst.s_ifaces[I].w_select_valid_reg	axi_crossbar_inst.axi_crossbar_wr_inst.s_ifaces[2].w_select_valid_reg$_SDFF_PP0_/Q	axi_crossbar_inst.axi_crossbar_wr_inst.s_ifaces[2].w_select_valid_reg$_SDFF_PP0_/D
853	0.4883	axi_crossbar_inst.axi_crossbar_wr_inst.m_ifaces[I].reg_inst.genblkJ.temp_m_axi_wvalid_reg	axi_crossbar_inst.axi_crossbar_wr_inst.m_ifaces[I].reg_inst.genblkJ.temp_m_axi_wvalid_reg	axi_crossbar_inst.axi_crossbar_wr_inst.m_ifaces[5].reg_inst.genblk2.temp_m_axi_wvalid_reg$_SDFFE_PP0P_/Q	axi_crossbar_inst.axi_crossbar_wr_inst.m_ifaces[5].reg_inst.genblk2.temp_m_axi_wvalid_reg$_SDFFE_PP0P_/D
854	0.4884	axi_crossbar_inst.axi_crossbar_wr_inst.s_ifaces[I].decerr_m_axi_bid_reg[J]	axi_crossbar_inst.axi_crossbar_wr_inst.s_ifaces[I].addr_inst.s_cpl_id_reg[J]	axi_crossbar_inst.axi_crossbar_wr_inst.s_ifaces[6].decerr_m_axi_bid_reg[0]$_DFFE_PP_/Q	axi_crossbar_inst.axi_crossbar_wr_inst.s_ifaces[6].addr_inst.s_cpl_id_reg[0]$_DFF_P_/D
855	0.4884	axi_crossbar_inst.axi_crossbar_rd_inst.s_ifaces[I].reg_inst.genblkJ.temp_s_axi_rvalid_reg	axi_crossbar_inst.axi_crossbar_rd_inst.s_ifaces[I].reg_inst.genblkJ.temp_s_axi_rvalid_reg	axi_crossbar_inst.axi_crossbar_rd_inst.s_ifaces[4].reg_inst.genblk2.temp_s_axi_rvalid_reg$_SDFFE_PP0P_/Q	axi_crossbar_inst.axi_crossbar_rd_inst.s_ifaces[4].reg_inst.genblk2.temp_s_axi_rvalid_reg$_SDFFE_PP0P_/D
856	0.4884	axi_crossbar_inst.axi_crossbar_rd_inst.s_ifaces[I].addr_inst.s_axi_aid_reg[J]	axi_crossbar_inst.axi_crossbar_rd_inst.s_ifaces[I].addr_inst.s_axi_aid_reg[J]	axi_crossbar_inst.axi_crossbar_rd_inst.s_ifaces[0].addr_inst.s_axi_aid_reg[0]$_DFFE_PP_/Q	axi_crossbar_inst.axi_crossbar_rd_inst.s_ifaces[0].addr_inst.s_axi_aid_reg[0]$_DFFE_PP_/D
857	0.4884	axi_crossbar_inst.axi_crossbar_wr_inst.s_ifaces[I].addr_inst.s_axi_aid_reg[J]	axi_crossbar_inst.axi_crossbar_wr_inst.s_ifaces[I].addr_inst.s_axi_aid_reg[J]	axi_crossbar_inst.axi_crossbar_wr_inst.s_ifaces[5].addr_inst.s_axi_aid_reg[0]$_DFFE_PP_/Q	axi_crossbar_inst.axi_crossbar_wr_inst.s_ifaces[5].addr_inst.s_axi_aid_reg[0]$_DFFE_PP_/D
858	0.4898	axi_crossbar_inst.axi_crossbar_wr_inst.s_ifaces[I].addr_inst.m_decerr_reg	axi_crossbar_inst.axi_crossbar_wr_inst.s_ifaces[I].w_drop_reg	axi_crossbar_inst.axi_crossbar_wr_inst.s_ifaces[1].addr_inst.m_decerr_reg$_DFFE_PP_/Q	axi_crossbar_inst.axi_crossbar_wr_inst.s_ifaces[1].w_drop_reg$_DFF_P_/D
859	0.4916	axi_crossbar_inst.axi_crossbar_wr_inst.s_ifaces[I].addr_inst.m_wc_valid_reg	axi_crossbar_inst.axi_crossbar_wr_inst.s_ifaces[I].w_drop_reg	axi_crossbar_inst.axi_crossbar_wr_inst.s_ifaces[1].addr_inst.m_wc_valid_reg$_SDFF_PP0_/Q	axi_crossbar_inst.axi_crossbar_wr_inst.s_ifaces[1].w_drop_reg$_DFF_P_/D
860	0.4935	axi_crossbar_inst.axi_crossbar_wr_inst.s_ifaces[I].reg_inst.genblkJ.genblkK.s_axi_bvalid_reg	axi_crossbar_inst.axi_crossbar_wr_inst.s_ifaces[I].reg_inst.genblkJ.genblkK.m_axi_bready_reg	axi_crossbar_inst.axi_crossbar_wr_inst.s_ifaces[7].reg_inst.genblk3.genblk1.s_axi_bvalid_reg$_SDFF_PP0_/Q	axi_crossbar_inst.axi_crossbar_wr_inst.s_ifaces[7].reg_inst.genblk3.genblk1.m_axi_bready_reg$_SDFF_PP0_/D
861	0.4954	axi_crossbar_inst.axi_crossbar_wr_inst.s_ifaces[I].w_select_valid_reg	axi_crossbar_inst.axi_crossbar_wr_inst.s_ifaces[I].w_select_reg[J]	axi_crossbar_inst.axi_crossbar_wr_inst.s_ifaces[0].w_select_valid_reg$_SDFF_PP0_/QN	axi_crossbar_inst.axi_crossbar_wr_inst.s_ifaces[0].w_select_reg[0]$_DFFE_PP_/D
862	0.5006	axi_crossbar_inst.axi_crossbar_wr_inst.s_ifaces[I].w_select_valid_reg	axi_crossbar_inst.axi_crossbar_wr_inst.s_ifaces[I].addr_inst.m_wc_valid_reg	axi_crossbar_inst.axi_crossbar_wr_inst.s_ifaces[2].w_select_valid_reg$_SDFF_PP0_/Q	axi_crossbar_inst.axi_crossbar_wr_inst.s_ifaces[2].addr_inst.m_wc_valid_reg$_SDFF_PP0_/D
863	0.5110	axi_crossbar_inst.axi_crossbar_wr_inst.s_ifaces[I].addr_inst.m_wc_valid_reg	axi_crossbar_inst.axi_crossbar_wr_inst.s_ifaces[I].w_select_valid_reg	axi_crossbar_inst.axi_crossbar_wr_inst.s_ifaces[1].addr_inst.m_wc_valid_reg$_SDFF_PP0_/Q	axi_crossbar_inst.axi_crossbar_wr_inst.s_ifaces[1].w_select_valid_reg$_SDFF_PP0_/D
864	0.5162	axi_crossbar_inst.axi_crossbar_rd_inst.s_ifaces[I].decerr_m_axi_rlast_reg	axi_crossbar_inst.axi_crossbar_rd_inst.s_ifaces[I].decerr_m_axi_rlast_reg	axi_crossbar_inst.axi_crossbar_rd_inst.s_ifaces[5].decerr_m_axi_rlast_reg$_DFFE_PP_/Q	axi_crossbar_inst.axi_crossbar_rd_inst.s_ifaces[5].decerr_m_axi_rlast_reg$_DFFE_PP_/D
865	0.5170	axi_crossbar_inst.axi_crossbar_wr_inst.s_ifaces[I].w_select_valid_reg	axi_crossbar_inst.axi_crossbar_wr_inst.s_ifaces[I].w_drop_reg	axi_crossbar_inst.axi_crossbar_wr_inst.s_ifaces[1].w_select_valid_reg$_SDFF_PP0_/QN	axi_crossbar_inst.axi_crossbar_wr_inst.s_ifaces[1].w_drop_reg$_DFF_P_/D
866	0.5204	axi_crossbar_inst.axi_crossbar_wr_inst.s_ifaces[I].addr_inst.m_rc_valid_reg	axi_crossbar_inst.axi_crossbar_wr_inst.s_ifaces[I].addr_inst.m_rc_valid_reg	axi_crossbar_inst.axi_crossbar_wr_inst.s_ifaces[7].addr_inst.m_rc_valid_reg$_SDFF_PP0_/Q	axi_crossbar_inst.axi_crossbar_wr_inst.s_ifaces[7].addr_inst.m_rc_valid_reg$_SDFF_PP0_/D
867	0.5211	axi_crossbar_inst.axi_crossbar_wr_inst.m_ifaces[I].reg_inst.genblkJ.temp_m_axi_wdata_reg[K]	axi_crossbar_inst.axi_crossbar_wr_inst.m_ifaces[I].reg_inst.genblkJ.temp_m_axi_wdata_reg[K]	axi_crossbar_inst.axi_crossbar_wr_inst.m_ifaces[5].reg_inst.genblk2.temp_m_axi_wdata_reg[31]$_DFFE_PP_/Q	axi_crossbar_inst.axi_crossbar_wr_inst.m_ifaces[5].reg_inst.genblk2.temp_m_axi_wdata_reg[31]$_DFFE_PP_/D
868	0.5211	axi_crossbar_inst.axi_crossbar_wr_inst.m_ifaces[I].reg_inst.genblkJ.temp_m_axi_wlast_reg	axi_crossbar_inst.axi_crossbar_wr_inst.m_ifaces[I].reg_inst.genblkJ.temp_m_axi_wlast_reg	axi_crossbar_inst.axi_crossbar_wr_inst.m_ifaces[5].reg_inst.genblk2.temp_m_axi_wlast_reg$_DFFE_PP_/Q	axi_crossbar_inst.axi_crossbar_wr_inst.m_ifaces[5].reg_inst.genblk2.temp_m_axi_wlast_reg$_DFFE_PP_/D
869	0.5211	axi_crossbar_inst.axi_crossbar_wr_inst.m_ifaces[I].reg_inst.genblkJ.temp_m_axi_wstrb_reg[K]	axi_crossbar_inst.axi_crossbar_wr_inst.m_ifaces[I].reg_inst.genblkJ.temp_m_axi_wstrb_reg[K]	axi_crossbar_inst.axi_crossbar_wr_inst.m_ifaces[5].reg_inst.genblk2.temp_m_axi_wstrb_reg[3]$_DFFE_PP_/Q	axi_crossbar_inst.axi_crossbar_wr_inst.m_ifaces[5].reg_inst.genblk2.temp_m_axi_wstrb_reg[3]$_DFFE_PP_/D
870	0.5212	axi_crossbar_inst.axi_crossbar_wr_inst.s_ifaces[I].decerr_m_axi_bid_reg[J]	axi_crossbar_inst.axi_crossbar_wr_inst.s_ifaces[I].decerr_m_axi_bid_reg[J]	axi_crossbar_inst.axi_crossbar_wr_inst.s_ifaces[1].decerr_m_axi_bid_reg[0]$_DFFE_PP_/Q	axi_crossbar_inst.axi_crossbar_wr_inst.s_ifaces[1].decerr_m_axi_bid_reg[0]$_DFFE_PP_/D
871	0.5212	axi_crossbar_inst.axi_crossbar_rd_inst.s_ifaces[I].decerr_m_axi_rid_reg[J]	axi_crossbar_inst.axi_crossbar_rd_inst.s_ifaces[I].decerr_m_axi_rid_reg[J]	axi_crossbar_inst.axi_crossbar_rd_inst.s_ifaces[4].decerr_m_axi_rid_reg[6]$_DFFE_PP_/Q	axi_crossbar_inst.axi_crossbar_rd_inst.s_ifaces[4].decerr_m_axi_rid_reg[6]$_DFFE_PP_/D
872	0.5214	axi_crossbar_inst.axi_crossbar_rd_inst.s_ifaces[I].reg_inst.genblkJ.temp_s_axi_rid_reg[K]	axi_crossbar_inst.axi_crossbar_rd_inst.s_ifaces[I].reg_inst.genblkJ.temp_s_axi_rid_reg[K]	axi_crossbar_inst.axi_crossbar_rd_inst.s_ifaces[4].reg_inst.genblk2.temp_s_axi_rid_reg[1]$_DFFE_PP_/Q	axi_crossbar_inst.axi_crossbar_rd_inst.s_ifaces[4].reg_inst.genblk2.temp_s_axi_rid_reg[1]$_DFFE_PP_/D
873	0.5214	axi_crossbar_inst.axi_crossbar_rd_inst.s_ifaces[I].reg_inst.genblkJ.temp_s_axi_rdata_reg[K]	axi_crossbar_inst.axi_crossbar_rd_inst.s_ifaces[I].reg_inst.genblkJ.temp_s_axi_rdata_reg[K]	axi_crossbar_inst.axi_crossbar_rd_inst.s_ifaces[0].reg_inst.genblk2.temp_s_axi_rdata_reg[10]$_DFFE_PP_/Q	axi_crossbar_inst.axi_crossbar_rd_inst.s_ifaces[0].reg_inst.genblk2.temp_s_axi_rdata_reg[10]$_DFFE_PP_/D
874	0.5215	axi_crossbar_inst.axi_crossbar_rd_inst.s_ifaces[I].reg_inst.genblkJ.temp_s_axi_rlast_reg	axi_crossbar_inst.axi_crossbar_rd_inst.s_ifaces[I].reg_inst.genblkJ.temp_s_axi_rlast_reg	axi_crossbar_inst.axi_crossbar_rd_inst.s_ifaces[2].reg_inst.genblk2.temp_s_axi_rlast_reg$_DFFE_PP_/Q	axi_crossbar_inst.axi_crossbar_rd_inst.s_ifaces[2].reg_inst.genblk2.temp_s_axi_rlast_reg$_DFFE_PP_/D
875	0.5215	axi_crossbar_inst.axi_crossbar_rd_inst.s_ifaces[I].reg_inst.genblkJ.temp_s_axi_rresp_reg[K]	axi_crossbar_inst.axi_crossbar_rd_inst.s_ifaces[I].reg_inst.genblkJ.temp_s_axi_rresp_reg[K]	axi_crossbar_inst.axi_crossbar_rd_inst.s_ifaces[4].reg_inst.genblk2.temp_s_axi_rresp_reg[0]$_DFFE_PP_/Q	axi_crossbar_inst.axi_crossbar_rd_inst.s_ifaces[4].reg_inst.genblk2.temp_s_axi_rresp_reg[0]$_DFFE_PP_/D
876	0.5251	axi_crossbar_inst.axi_crossbar_rd_inst.m_ifaces[I].reg_inst.genblkJ.genblkK.m_axi_araddr_reg[L]	axi_crossbar_inst.axi_crossbar_rd_inst.m_ifaces[I].reg_inst.genblkJ.genblkK.m_axi_araddr_reg[L]	axi_crossbar_inst.axi_crossbar_rd_inst.m_ifaces[0].reg_inst.genblk1.genblk1.m_axi_araddr_reg[10]$_DFFE_PP_/Q	axi_crossbar_inst.axi_crossbar_rd_inst.m_ifaces[0].reg_inst.genblk1.genblk1.m_axi_araddr_reg[10]$_DFFE_PP_/D
877	0.5251	axi_crossbar_inst.axi_crossbar_rd_inst.m_ifaces[I].reg_inst.genblkJ.genblkK.m_axi_arburst_reg[L]	axi_crossbar_inst.axi_crossbar_rd_inst.m_ifaces[I].reg_inst.genblkJ.genblkK.m_axi_arburst_reg[L]	axi_crossbar_inst.axi_crossbar_rd_inst.m_ifaces[0].reg_inst.genblk1.genblk1.m_axi_arburst_reg[0]$_DFFE_PP_/Q	axi_crossbar_inst.axi_crossbar_rd_inst.m_ifaces[0].reg_inst.genblk1.genblk1.m_axi_arburst_reg[0]$_DFFE_PP_/D
878	0.5251	axi_crossbar_inst.axi_crossbar_rd_inst.m_ifaces[I].reg_inst.genblkJ.genblkK.m_axi_arcache_reg[L]	axi_crossbar_inst.axi_crossbar_rd_inst.m_ifaces[I].reg_inst.genblkJ.genblkK.m_axi_arcache_reg[L]	axi_crossbar_inst.axi_crossbar_rd_inst.m_ifaces[0].reg_inst.genblk1.genblk1.m_axi_arcache_reg[0]$_DFFE_PP_/Q	axi_crossbar_inst.axi_crossbar_rd_inst.m_ifaces[0].reg_inst.genblk1.genblk1.m_axi_arcache_reg[0]$_DFFE_PP_/D
879	0.5251	axi_crossbar_inst.axi_crossbar_rd_inst.m_ifaces[I].reg_inst.genblkJ.genblkK.m_axi_arlen_reg[L]	axi_crossbar_inst.axi_crossbar_rd_inst.m_ifaces[I].reg_inst.genblkJ.genblkK.m_axi_arlen_reg[L]	axi_crossbar_inst.axi_crossbar_rd_inst.m_ifaces[0].reg_inst.genblk1.genblk1.m_axi_arlen_reg[0]$_DFFE_PP_/Q	axi_crossbar_inst.axi_crossbar_rd_inst.m_ifaces[0].reg_inst.genblk1.genblk1.m_axi_arlen_reg[0]$_DFFE_PP_/D
880	0.5251	axi_crossbar_inst.axi_crossbar_rd_inst.m_ifaces[I].reg_inst.genblkJ.genblkK.m_axi_arprot_reg[L]	axi_crossbar_inst.axi_crossbar_rd_inst.m_ifaces[I].reg_inst.genblkJ.genblkK.m_axi_arprot_reg[L]	axi_crossbar_inst.axi_crossbar_rd_inst.m_ifaces[0].reg_inst.genblk1.genblk1.m_axi_arprot_reg[0]$_DFFE_PP_/Q	axi_crossbar_inst.axi_crossbar_rd_inst.m_ifaces[0].reg_inst.genblk1.genblk1.m_axi_arprot_reg[0]$_DFFE_PP_/D
881	0.5251	axi_crossbar_inst.axi_crossbar_rd_inst.m_ifaces[I].reg_inst.genblkJ.genblkK.m_axi_arqos_reg[L]	axi_crossbar_inst.axi_crossbar_rd_inst.m_ifaces[I].reg_inst.genblkJ.genblkK.m_axi_arqos_reg[L]	axi_crossbar_inst.axi_crossbar_rd_inst.m_ifaces[0].reg_inst.genblk1.genblk1.m_axi_arqos_reg[0]$_DFFE_PP_/Q	axi_crossbar_inst.axi_crossbar_rd_inst.m_ifaces[0].reg_inst.genblk1.genblk1.m_axi_arqos_reg[0]$_DFFE_PP_/D
882	0.5251	axi_crossbar_inst.axi_crossbar_rd_inst.m_ifaces[I].reg_inst.genblkJ.genblkK.m_axi_arsize_reg[L]	axi_crossbar_inst.axi_crossbar_rd_inst.m_ifaces[I].reg_inst.genblkJ.genblkK.m_axi_arsize_reg[L]	axi_crossbar_inst.axi_crossbar_rd_inst.m_ifaces[0].reg_inst.genblk1.genblk1.m_axi_arsize_reg[0]$_DFFE_PP_/Q	axi_crossbar_inst.axi_crossbar_rd_inst.m_ifaces[0].reg_inst.genblk1.genblk1.m_axi_arsize_reg[0]$_DFFE_PP_/D
883	0.5251	axi_crossbar_inst.axi_crossbar_rd_inst.m_ifaces[I].reg_inst.genblkJ.genblkK.m_axi_arid_reg[L]	axi_crossbar_inst.axi_crossbar_rd_inst.m_ifaces[I].reg_inst.genblkJ.genblkK.m_axi_arid_reg[L]	axi_crossbar_inst.axi_crossbar_rd_inst.m_ifaces[1].reg_inst.genblk1.genblk1.m_axi_arid_reg[0]$_DFFE_PP_/Q	axi_crossbar_inst.axi_crossbar_rd_inst.m_ifaces[1].reg_inst.genblk1.genblk1.m_axi_arid_reg[0]$_DFFE_PP_/D
884	0.5251	axi_crossbar_inst.axi_crossbar_wr_inst.m_ifaces[I].reg_inst.genblkJ.genblkK.m_axi_awaddr_reg[L]	axi_crossbar_inst.axi_crossbar_wr_inst.m_ifaces[I].reg_inst.genblkJ.genblkK.m_axi_awaddr_reg[L]	axi_crossbar_inst.axi_crossbar_wr_inst.m_ifaces[0].reg_inst.genblk1.genblk1.m_axi_awaddr_reg[0]$_DFFE_PP_/Q	axi_crossbar_inst.axi_crossbar_wr_inst.m_ifaces[0].reg_inst.genblk1.genblk1.m_axi_awaddr_reg[0]$_DFFE_PP_/D
885	0.5251	axi_crossbar_inst.axi_crossbar_wr_inst.m_ifaces[I].reg_inst.genblkJ.genblkK.m_axi_awburst_reg[L]	axi_crossbar_inst.axi_crossbar_wr_inst.m_ifaces[I].reg_inst.genblkJ.genblkK.m_axi_awburst_reg[L]	axi_crossbar_inst.axi_crossbar_wr_inst.m_ifaces[0].reg_inst.genblk1.genblk1.m_axi_awburst_reg[0]$_DFFE_PP_/Q	axi_crossbar_inst.axi_crossbar_wr_inst.m_ifaces[0].reg_inst.genblk1.genblk1.m_axi_awburst_reg[0]$_DFFE_PP_/D
886	0.5251	axi_crossbar_inst.axi_crossbar_wr_inst.m_ifaces[I].reg_inst.genblkJ.genblkK.m_axi_awcache_reg[L]	axi_crossbar_inst.axi_crossbar_wr_inst.m_ifaces[I].reg_inst.genblkJ.genblkK.m_axi_awcache_reg[L]	axi_crossbar_inst.axi_crossbar_wr_inst.m_ifaces[0].reg_inst.genblk1.genblk1.m_axi_awcache_reg[0]$_DFFE_PP_/Q	axi_crossbar_inst.axi_crossbar_wr_inst.m_ifaces[0].reg_inst.genblk1.genblk1.m_axi_awcache_reg[0]$_DFFE_PP_/D
887	0.5251	axi_crossbar_inst.axi_crossbar_wr_inst.m_ifaces[I].reg_inst.genblkJ.genblkK.m_axi_awid_reg[L]	axi_crossbar_inst.axi_crossbar_wr_inst.m_ifaces[I].reg_inst.genblkJ.genblkK.m_axi_awid_reg[L]	axi_crossbar_inst.axi_crossbar_wr_inst.m_ifaces[0].reg_inst.genblk1.genblk1.m_axi_awid_reg[0]$_DFFE_PP_/Q	axi_crossbar_inst.axi_crossbar_wr_inst.m_ifaces[0].reg_inst.genblk1.genblk1.m_axi_awid_reg[0]$_DFFE_PP_/D
888	0.5251	axi_crossbar_inst.axi_crossbar_wr_inst.m_ifaces[I].reg_inst.genblkJ.genblkK.m_axi_awlen_reg[L]	axi_crossbar_inst.axi_crossbar_wr_inst.m_ifaces[I].reg_inst.genblkJ.genblkK.m_axi_awlen_reg[L]	axi_crossbar_inst.axi_crossbar_wr_inst.m_ifaces[0].reg_inst.genblk1.genblk1.m_axi_awlen_reg[0]$_DFFE_PP_/Q	axi_crossbar_inst.axi_crossbar_wr_inst.m_ifaces[0].reg_inst.genblk1.genblk1.m_axi_awlen_reg[0]$_DFFE_PP_/D
889	0.5251	axi_crossbar_inst.axi_crossbar_wr_inst.m_ifaces[I].reg_inst.genblkJ.genblkK.m_axi_awprot_reg[L]	axi_crossbar_inst.axi_crossbar_wr_inst.m_ifaces[I].reg_inst.genblkJ.genblkK.m_axi_awprot_reg[L]	axi_crossbar_inst.axi_crossbar_wr_inst.m_ifaces[0].reg_inst.genblk1.genblk1.m_axi_awprot_reg[0]$_DFFE_PP_/Q	axi_crossbar_inst.axi_crossbar_wr_inst.m_ifaces[0].reg_inst.genblk1.genblk1.m_axi_awprot_reg[0]$_DFFE_PP_/D
890	0.5251	axi_crossbar_inst.axi_crossbar_wr_inst.m_ifaces[I].reg_inst.genblkJ.genblkK.m_axi_awqos_reg[L]	axi_crossbar_inst.axi_crossbar_wr_inst.m_ifaces[I].reg_inst.genblkJ.genblkK.m_axi_awqos_reg[L]	axi_crossbar_inst.axi_crossbar_wr_inst.m_ifaces[0].reg_inst.genblk1.genblk1.m_axi_awqos_reg[0]$_DFFE_PP_/Q	axi_crossbar_inst.axi_crossbar_wr_inst.m_ifaces[0].reg_inst.genblk1.genblk1.m_axi_awqos_reg[0]$_DFFE_PP_/D
891	0.5251	axi_crossbar_inst.axi_crossbar_wr_inst.m_ifaces[I].reg_inst.genblkJ.genblkK.m_axi_awsize_reg[L]	axi_crossbar_inst.axi_crossbar_wr_inst.m_ifaces[I].reg_inst.genblkJ.genblkK.m_axi_awsize_reg[L]	axi_crossbar_inst.axi_crossbar_wr_inst.m_ifaces[0].reg_inst.genblk1.genblk1.m_axi_awsize_reg[0]$_DFFE_PP_/Q	axi_crossbar_inst.axi_crossbar_wr_inst.m_ifaces[0].reg_inst.genblk1.genblk1.m_axi_awsize_reg[0]$_DFFE_PP_/D
892	0.5251	axi_crossbar_inst.axi_crossbar_wr_inst.s_ifaces[I].reg_inst.genblkJ.genblkK.s_axi_bid_reg[L]	axi_crossbar_inst.axi_crossbar_wr_inst.s_ifaces[I].reg_inst.genblkJ.genblkK.s_axi_bid_reg[L]	axi_crossbar_inst.axi_crossbar_wr_inst.s_ifaces[2].reg_inst.genblk3.genblk1.s_axi_bid_reg[0]$_DFFE_PP_/Q	axi_crossbar_inst.axi_crossbar_wr_inst.s_ifaces[2].reg_inst.genblk3.genblk1.s_axi_bid_reg[0]$_DFFE_PP_/D
893	0.5251	axi_crossbar_inst.axi_crossbar_wr_inst.s_ifaces[I].reg_inst.genblkJ.genblkK.s_axi_bresp_reg[L]	axi_crossbar_inst.axi_crossbar_wr_inst.s_ifaces[I].reg_inst.genblkJ.genblkK.s_axi_bresp_reg[L]	axi_crossbar_inst.axi_crossbar_wr_inst.s_ifaces[2].reg_inst.genblk3.genblk1.s_axi_bresp_reg[0]$_DFFE_PP_/Q	axi_crossbar_inst.axi_crossbar_wr_inst.s_ifaces[2].reg_inst.genblk3.genblk1.s_axi_bresp_reg[0]$_DFFE_PP_/D
894	0.5251	axi_crossbar_inst.axi_crossbar_rd_inst.s_ifaces[I].reg_inst.genblkJ.temp_s_axi_rvalid_reg	axi_crossbar_inst.axi_crossbar_rd_inst.s_ifaces[I].reg_inst.genblkJ.s_axi_rvalid_reg	axi_crossbar_inst.axi_crossbar_rd_inst.s_ifaces[4].reg_inst.genblk2.temp_s_axi_rvalid_reg$_SDFFE_PP0P_/Q	axi_crossbar_inst.axi_crossbar_rd_inst.s_ifaces[4].reg_inst.genblk2.s_axi_rvalid_reg$_SDFFE_PP0P_/D
895	0.5252	axi_crossbar_inst.axi_crossbar_rd_inst.m_ifaces[I].reg_inst.genblkJ.genblkK.m_axi_arlock_reg	axi_crossbar_inst.axi_crossbar_rd_inst.m_ifaces[I].reg_inst.genblkJ.genblkK.m_axi_arlock_reg	axi_crossbar_inst.axi_crossbar_rd_inst.m_ifaces[0].reg_inst.genblk1.genblk1.m_axi_arlock_reg$_DFFE_PP_/Q	axi_crossbar_inst.axi_crossbar_rd_inst.m_ifaces[0].reg_inst.genblk1.genblk1.m_axi_arlock_reg$_DFFE_PP_/D
896	0.5252	axi_crossbar_inst.axi_crossbar_wr_inst.m_ifaces[I].reg_inst.genblkJ.genblkK.m_axi_awlock_reg	axi_crossbar_inst.axi_crossbar_wr_inst.m_ifaces[I].reg_inst.genblkJ.genblkK.m_axi_awlock_reg	axi_crossbar_inst.axi_crossbar_wr_inst.m_ifaces[0].reg_inst.genblk1.genblk1.m_axi_awlock_reg$_DFFE_PP_/Q	axi_crossbar_inst.axi_crossbar_wr_inst.m_ifaces[0].reg_inst.genblk1.genblk1.m_axi_awlock_reg$_DFFE_PP_/D
897	0.5254	axi_crossbar_inst.axi_crossbar_wr_inst.m_ifaces[I].reg_inst.genblkJ.m_axi_wlast_reg	axi_crossbar_inst.axi_crossbar_wr_inst.m_ifaces[I].reg_inst.genblkJ.m_axi_wlast_reg	axi_crossbar_inst.axi_crossbar_wr_inst.m_ifaces[6].reg_inst.genblk2.m_axi_wlast_reg$_DFFE_PP_/Q	axi_crossbar_inst.axi_crossbar_wr_inst.m_ifaces[6].reg_inst.genblk2.m_axi_wlast_reg$_DFFE_PP_/D
898	0.5295	axi_crossbar_inst.axi_crossbar_wr_inst.s_ifaces[I].addr_inst.m_wc_valid_reg	axi_crossbar_inst.axi_crossbar_wr_inst.s_ifaces[I].addr_inst.m_wc_valid_reg	axi_crossbar_inst.axi_crossbar_wr_inst.s_ifaces[3].addr_inst.m_wc_valid_reg$_SDFF_PP0_/Q	axi_crossbar_inst.axi_crossbar_wr_inst.s_ifaces[3].addr_inst.m_wc_valid_reg$_SDFF_PP0_/D
899	0.5371	axi_crossbar_inst.axi_crossbar_wr_inst.s_ifaces[I].w_drop_reg	axi_crossbar_inst.axi_crossbar_wr_inst.s_ifaces[I].w_drop_reg	axi_crossbar_inst.axi_crossbar_wr_inst.s_ifaces[1].w_drop_reg$_DFF_P_/Q	axi_crossbar_inst.axi_crossbar_wr_inst.s_ifaces[1].w_drop_reg$_DFF_P_/D
900	0.5456	axi_crossbar_inst.axi_crossbar_wr_inst.m_ifaces[I].reg_inst.genblkJ.m_axi_wdata_reg[K]	axi_crossbar_inst.axi_crossbar_wr_inst.m_ifaces[I].reg_inst.genblkJ.m_axi_wdata_reg[K]	axi_crossbar_inst.axi_crossbar_wr_inst.m_ifaces[0].reg_inst.genblk2.m_axi_wdata_reg[0]$_DFFE_PP_/Q	axi_crossbar_inst.axi_crossbar_wr_inst.m_ifaces[0].reg_inst.genblk2.m_axi_wdata_reg[0]$_DFFE_PP_/D
901	0.5456	axi_crossbar_inst.axi_crossbar_wr_inst.m_ifaces[I].reg_inst.genblkJ.m_axi_wstrb_reg[K]	axi_crossbar_inst.axi_crossbar_wr_inst.m_ifaces[I].reg_inst.genblkJ.m_axi_wstrb_reg[K]	axi_crossbar_inst.axi_crossbar_wr_inst.m_ifaces[0].reg_inst.genblk2.m_axi_wstrb_reg[3]$_DFFE_PP_/Q	axi_crossbar_inst.axi_crossbar_wr_inst.m_ifaces[0].reg_inst.genblk2.m_axi_wstrb_reg[3]$_DFFE_PP_/D
902	0.5456	axi_crossbar_inst.axi_crossbar_rd_inst.s_ifaces[I].reg_inst.genblkJ.s_axi_rid_reg[K]	axi_crossbar_inst.axi_crossbar_rd_inst.s_ifaces[I].reg_inst.genblkJ.s_axi_rid_reg[K]	axi_crossbar_inst.axi_crossbar_rd_inst.s_ifaces[0].reg_inst.genblk2.s_axi_rid_reg[0]$_DFFE_PP_/Q	axi_crossbar_inst.axi_crossbar_rd_inst.s_ifaces[0].reg_inst.genblk2.s_axi_rid_reg[0]$_DFFE_PP_/D
903	0.5456	axi_crossbar_inst.axi_crossbar_rd_inst.s_ifaces[I].reg_inst.genblkJ.s_axi_rlast_reg	axi_crossbar_inst.axi_crossbar_rd_inst.s_ifaces[I].reg_inst.genblkJ.s_axi_rlast_reg	axi_crossbar_inst.axi_crossbar_rd_inst.s_ifaces[0].reg_inst.genblk2.s_axi_rlast_reg$_DFFE_PP_/Q	axi_crossbar_inst.axi_crossbar_rd_inst.s_ifaces[0].reg_inst.genblk2.s_axi_rlast_reg$_DFFE_PP_/D
904	0.5456	axi_crossbar_inst.axi_crossbar_rd_inst.s_ifaces[I].reg_inst.genblkJ.s_axi_rresp_reg[K]	axi_crossbar_inst.axi_crossbar_rd_inst.s_ifaces[I].reg_inst.genblkJ.s_axi_rresp_reg[K]	axi_crossbar_inst.axi_crossbar_rd_inst.s_ifaces[0].reg_inst.genblk2.s_axi_rresp_reg[0]$_DFFE_PP_/Q	axi_crossbar_inst.axi_crossbar_rd_inst.s_ifaces[0].reg_inst.genblk2.s_axi_rresp_reg[0]$_DFFE_PP_/D
905	0.5485	axi_crossbar_inst.axi_crossbar_rd_inst.s_ifaces[I].reg_inst.genblkJ.s_axi_rdata_reg[K]	axi_crossbar_inst.axi_crossbar_rd_inst.s_ifaces[I].reg_inst.genblkJ.s_axi_rdata_reg[K]	axi_crossbar_inst.axi_crossbar_rd_inst.s_ifaces[0].reg_inst.genblk2.s_axi_rdata_reg[10]$_DFFE_PP_/Q	axi_crossbar_inst.axi_crossbar_rd_inst.s_ifaces[0].reg_inst.genblk2.s_axi_rdata_reg[10]$_DFFE_PP_/D
906	0.5535	axi_crossbar_inst.axi_crossbar_rd_inst.s_ifaces[I].reg_inst.genblkJ.temp_s_axi_rvalid_reg	axi_crossbar_inst.axi_crossbar_rd_inst.s_ifaces[I].reg_inst.genblkJ.m_axi_rready_reg	axi_crossbar_inst.axi_crossbar_rd_inst.s_ifaces[0].reg_inst.genblk2.temp_s_axi_rvalid_reg$_SDFFE_PP0P_/QN	axi_crossbar_inst.axi_crossbar_rd_inst.s_ifaces[0].reg_inst.genblk2.m_axi_rready_reg$_SDFF_PP0_/D
907	0.5555	axi_crossbar_inst.axi_crossbar_wr_inst.m_ifaces[I].reg_inst.genblkJ.temp_m_axi_wvalid_reg	axi_crossbar_inst.axi_crossbar_wr_inst.m_ifaces[I].reg_inst.genblkJ.s_axi_wready_reg	axi_crossbar_inst.axi_crossbar_wr_inst.m_ifaces[2].reg_inst.genblk2.temp_m_axi_wvalid_reg$_SDFFE_PP0P_/QN	axi_crossbar_inst.axi_crossbar_wr_inst.m_ifaces[2].reg_inst.genblk2.s_axi_wready_reg$_SDFF_PP0_/D
