# stage	1_synth
# top_module	ddr3_controller
# top_n	1000
# kind	blocks
# skip_async	1
# include_full	1
# rank	worst_slack_ns	start	end	start_full	end_full
1	-0.4121	lane[I]	dq_target_index[I][J]	lane[0]$_SDFFE_PP0P_/Q	dq_target_index[4][5]$_SDFFCE_PN0P_/D
2	-0.3144	lane[I]	dqs_target_index[I]	lane[1]$_SDFFE_PP0P_/Q	dqs_target_index[0]$_SDFFE_PP0P_/D
3	-0.2839	lane[I]	added_read_pipe[I]	lane[0]$_SDFFE_PP0P_/Q	added_read_pipe[0]$_SDFFCE_PN0P_/D
4	-0.2746	i_wb_addr[I]	stageI_next_row[J]	i_wb_addr[3]	stage1_next_row[11]$_SDFFE_PP0P_/D
5	-0.2434	lane[I]	o_phy_idelay_dqs_cntvaluein[I]	lane[1]$_SDFFE_PP0P_/Q	o_phy_idelay_dqs_cntvaluein[1]
6	-0.2316	lane[I]	o_phy_odelay_data_cntvaluein[I]	lane[1]$_SDFFE_PP0P_/Q	o_phy_odelay_data_cntvaluein[4]
7	-0.2316	lane[I]	o_phy_odelay_dqs_cntvaluein[I]	lane[1]$_SDFFE_PP0P_/Q	o_phy_odelay_dqs_cntvaluein[4]
8	-0.2059	i_phy_iserdes_bitslip_reference[I]	sample_clk_repeat[I]	i_phy_iserdes_bitslip_reference[29]	sample_clk_repeat[3]$_SDFFCE_PP0P_/D
9	-0.2039	lane[I]	o_phy_idelay_data_cntvaluein[I]	lane[0]$_SDFFE_PP0P_/Q	o_phy_idelay_data_cntvaluein[0]
10	-0.2013	lane[I]	sample_clk_repeat[I]	lane[0]$_SDFFE_PP0P_/Q	sample_clk_repeat[3]$_SDFFCE_PP0P_/D
11	-0.1872	lane[I]	data_start_index[I][J]	lane[1]$_SDFFE_PP0P_/Q	data_start_index[7][0]$_SDFFCE_PN0P_/D
12	-0.1823	stageI_pending	stageI_do_wr_or_rd	stage2_pending$_SDFFE_PP0P_/Q	stage2_do_wr_or_rd$_SDFF_PP0_/D
13	-0.1796	stageI_bank[J]	o_wb_stall_int_q	stage2_bank[2]$_SDFF_PP0_/Q	o_wb_stall_int_q$_SDFF_PP1_/D
14	-0.1777	stageI_do_act	stageI_do_wr_or_rd	stage2_do_act$_SDFF_PP0_/Q	stage2_do_wr_or_rd$_SDFF_PP0_/D
15	-0.1776	stageI_next_bank[J]	o_wb_stall_int_q	stage1_next_bank[2]$_SDFFE_PP0P_/Q	o_wb_stall_int_q$_SDFF_PP1_/D
16	-0.1759	lane[I]	idelay_dqs_cntvaluein[I][J]	lane[1]$_SDFFE_PP0P_/Q	idelay_dqs_cntvaluein[0][1]$_SDFFCE_PN0P_/D
17	-0.1736	lane[I]	write_pattern_lane[I]	lane[1]$_SDFFE_PP0P_/Q	write_pattern_lane[10]$_SDFF_PP0_/D
18	-0.1733	stageI_do_pre	stageI_do_wr_or_rd	stage2_do_pre$_SDFF_PP0_/Q	stage2_do_wr_or_rd$_SDFF_PP0_/D
19	-0.1701	stageI_next_bank[J]	stageI_do_wr_or_rd	stage1_next_bank[2]$_SDFFE_PP0P_/Q	stage2_do_wr_or_rd$_SDFF_PP0_/D
20	-0.1695	stageI_bank[J]	stageI_do_wr_or_rd	stage2_bank[2]$_SDFF_PP0_/Q	stage2_do_wr_or_rd$_SDFF_PP0_/D
21	-0.1683	stageI_do_act	o_wb_stall_int_q	stage2_do_act$_SDFF_PP0_/Q	o_wb_stall_int_q$_SDFF_PP1_/D
22	-0.1682	lane[I]	state_calibrate[I]	lane[0]$_SDFFE_PP0P_/Q	state_calibrate[1]$_SDFFE_PP0P_/D
23	-0.1661	i_phy_iserdes_bitslip_reference[I]	state_calibrate[I]	i_phy_iserdes_bitslip_reference[56]	state_calibrate[1]$_SDFFE_PP0P_/D
24	-0.1641	stageI_pending	o_wb_stall_int_q	stage2_pending$_SDFFE_PP0P_/Q	o_wb_stall_int_q$_SDFF_PP1_/D
25	-0.1601	stageI_do_wr_or_rd	stageI_do_wr_or_rd	stage2_do_wr_or_rd$_SDFF_PP0_/Q	stage2_do_wr_or_rd$_SDFF_PP0_/D
26	-0.1590	stageI_pending	stageI_do_pre	stage2_pending$_SDFFE_PP0P_/Q	stage2_do_pre$_SDFF_PP0_/D
27	-0.1577	stageI_do_rd	stageI_do_wr_or_rd	stage2_do_rd$_SDFF_PP0_/Q	stage2_do_wr_or_rd$_SDFF_PP0_/D
28	-0.1558	stageI_do_pre	o_wb_stall_int_q	stage2_do_pre$_SDFF_PP0_/Q	o_wb_stall_int_q$_SDFF_PP1_/D
29	-0.1543	stageI_do_act	stageI_do_pre	stage2_do_act$_SDFF_PP0_/Q	stage2_do_pre$_SDFF_PP0_/D
30	-0.1527	data_start_index[I][J]	data_start_index[I][J]	data_start_index[3][0]$_SDFFCE_PN0P_/Q	data_start_index[7][0]$_SDFFCE_PN0P_/D
31	-0.1500	stageI_do_pre	stageI_do_pre	stage2_do_pre$_SDFF_PP0_/Q	stage2_do_pre$_SDFF_PP0_/D
32	-0.1494	read_lane_data_shifted[I]	data_start_index[I][J]	read_lane_data_shifted[6]$_SDFF_PP0_/Q	data_start_index[7][0]$_SDFFCE_PN0P_/D
33	-0.1468	stageI_next_bank[J]	stageI_do_pre	stage1_next_bank[2]$_SDFFE_PP0P_/Q	stage2_do_pre$_SDFF_PP0_/D
34	-0.1467	lane[I]	odelay_data_cntvaluein[I][J]	lane[0]$_SDFFE_PP0P_/Q	odelay_data_cntvaluein[2][1]$_SDFFCE_PN0P_/D
35	-0.1465	i_phy_iserdes_bitslip_reference[I]	lane[I]	i_phy_iserdes_bitslip_reference[29]	lane[0]$_SDFFE_PP0P_/D
36	-0.1462	stageI_bank[J]	stageI_do_pre	stage2_bank[2]$_SDFF_PP0_/Q	stage2_do_pre$_SDFF_PP0_/D
37	-0.1444	lane[I]	idelay_data_cntvaluein[I][J]	lane[0]$_SDFFE_PP0P_/Q	idelay_data_cntvaluein[4][1]$_SDFFCE_PN0P_/D
38	-0.1443	lane[I]	odelay_dqs_cntvaluein[I][J]	lane[0]$_SDFFE_PP0P_/Q	odelay_dqs_cntvaluein[2][1]$_SDFFCE_PN0P_/D
39	-0.1419	lane[I]	lane[I]	lane[0]$_SDFFE_PP0P_/Q	lane[0]$_SDFFE_PP0P_/D
40	-0.1373	dqs_start_index[I]	dqs_start_index[I]	dqs_start_index[1]$_SDFFE_PP0P_/Q	dqs_start_index[5]$_SDFFE_PP0P_/D
41	-0.1368	stageI_do_wr_or_rd	stageI_do_pre	stage2_do_wr_or_rd$_SDFF_PP0_/Q	stage2_do_pre$_SDFF_PP0_/D
42	-0.1363	write_pattern[I]	data_start_index[I][J]	write_pattern[0]$_SDFFE_PP0P_/Q	data_start_index[7][0]$_SDFFCE_PN0P_/D
43	-0.1358	lane[I]	dqs_start_index_stored[I]	lane[0]$_SDFFE_PP0P_/Q	dqs_start_index_stored[2]$_SDFFE_PP0P_/D
44	-0.1352	i_phy_iserdes_bitslip_reference[I]	o_phy_write_leveling_calib	i_phy_iserdes_bitslip_reference[29]	o_phy_write_leveling_calib$_SDFFE_PP0P_/D
45	-0.1346	i_phy_iserdes_bitslip_reference[I]	prev_write_level_feedback	i_phy_iserdes_bitslip_reference[29]	prev_write_level_feedback$_SDFFE_PP1P_/D
46	-0.1343	stageI_do_rd	stageI_do_pre	stage2_do_rd$_SDFF_PP0_/Q	stage2_do_pre$_SDFF_PP0_/D
47	-0.1338	i_phy_iserdes_bitslip_reference[I]	dqs_start_index_stored[I]	i_phy_iserdes_bitslip_reference[56]	dqs_start_index_stored[2]$_SDFFE_PP0P_/D
48	-0.1307	lane[I]	o_phy_write_leveling_calib	lane[0]$_SDFFE_PP0P_/Q	o_phy_write_leveling_calib$_SDFFE_PP0P_/D
49	-0.1303	lane[I]	lane_write_dq_late[I]	lane[0]$_SDFFE_PP0P_/Q	lane_write_dq_late[4]$_SDFFE_PP0P_/D
50	-0.1302	dqs_start_index[I]	state_calibrate[I]	dqs_start_index[1]$_SDFFE_PP0P_/Q	state_calibrate[1]$_SDFFE_PP0P_/D
51	-0.1300	lane[I]	prev_write_level_feedback	lane[0]$_SDFFE_PP0P_/Q	prev_write_level_feedback$_SDFFE_PP1P_/D
52	-0.1296	index_wb_data	reset_from_test	index_wb_data$_SDFFE_PP0P_/Q	reset_from_test$_SDFF_PP0_/D
53	-0.1257	stageI_do_wr	stageI_do_wr_or_rd	stage2_do_wr$_SDFF_PP0_/Q	stage2_do_wr_or_rd$_SDFF_PP0_/D
54	-0.1252	state_calibrate[I]	write_test_address_counter[I]	state_calibrate[1]$_SDFFE_PP0P_/Q	write_test_address_counter[23]$_SDFFE_PP0P_/D
55	-0.1248	i_phy_iserdes_bitslip_reference[I]	stored_write_level_feedback	i_phy_iserdes_bitslip_reference[29]	stored_write_level_feedback$_SDFFCE_PN0P_/D
56	-0.1247	lane[I]	added_read_pipe_max	lane[0]$_SDFFE_PP0P_/Q	added_read_pipe_max$_SDFFE_PP0P_/D
57	-0.1234	stageI_bank[J]	stageI_do_wr	stage2_bank[2]$_SDFF_PP0_/QN	stage2_do_wr$_SDFF_PP0_/D
58	-0.1232	lane[I]	start_index_check[I]	lane[0]$_SDFFE_PP0P_/Q	start_index_check[5]$_SDFFCE_PN0P_/D
59	-0.1221	index_wb_data	o_wb_data[I]	index_wb_data$_SDFFE_PP0P_/Q	o_wb_data[198]
60	-0.1202	lane[I]	stored_write_level_feedback	lane[0]$_SDFFE_PP0P_/Q	stored_write_level_feedback$_SDFFCE_PN0P_/D
61	-0.1093	lane[I]	dqs_bitslip_arrangement[I]	lane[0]$_SDFFE_PP0P_/Q	dqs_bitslip_arrangement[1]$_SDFFE_PP0P_/D
62	-0.1088	data_start_index[I][J]	write_pattern_lane[I]	data_start_index[7][3]$_SDFFCE_PN0P_/Q	write_pattern_lane[21]$_SDFF_PP0_/D
63	-0.1081	state_calibrate[I]	read_test_address_counter[I]	state_calibrate[2]$_SDFFE_PP0P_/Q	read_test_address_counter[21]$_SDFFE_PP0P_/D
64	-0.1070	instruction_address[I]	calib_data[I]	instruction_address[1]$_SDFF_PP0_/Q	calib_data[273]$_SDFFE_PP0P_/D
65	-0.1041	stageI_do_wr	stageI_do_pre	stage2_do_wr$_SDFF_PP0_/Q	stage2_do_pre$_SDFF_PP0_/D
66	-0.1019	stageI_bank[J]	stageI_do_update_delay_before_write_after_act	stage2_bank[2]$_SDFF_PP0_/QN	stage2_do_update_delay_before_write_after_act$_SDFF_PP0_/D
67	-0.1018	stageI_do_act	stageI_do_wr	stage2_do_act$_SDFF_PP0_/Q	stage2_do_wr$_SDFF_PP0_/D
68	-0.1001	dqs_start_index[I]	delay_before_read_data[I]	dqs_start_index[1]$_SDFFE_PP0P_/Q	delay_before_read_data[3]$_SDFF_PP0_/D
69	-0.0967	stageI_do_wr_or_rd	o_wb_stall_int_q	stage2_do_wr_or_rd$_SDFF_PP0_/Q	o_wb_stall_int_q$_SDFF_PP1_/D
70	-0.0950	dqs_start_index[I]	o_phy_idelay_data_ld[I]	dqs_start_index[1]$_SDFFE_PP0P_/Q	o_phy_idelay_data_ld[7]$_SDFF_PP0_/D
71	-0.0925	stageI_do_wr	delay_before_read_counter_q[I][J]	stage2_do_wr$_SDFF_PP0_/Q	delay_before_read_counter_q[3][0]$_SDFF_PP0_/D
72	-0.0925	lane[I]	dqs_store[I]	lane[1]$_SDFFE_PP0P_/Q	dqs_store[32]$_SDFFE_PP0P_/D
73	-0.0914	lane[I]	initial_dqs	lane[0]$_SDFFE_PP0P_/Q	initial_dqs$_SDFFE_PP1P_/D
74	-0.0901	lane[I]	dqs_start_index_repeat	lane[0]$_SDFFE_PP0P_/Q	dqs_start_index_repeat$_SDFFE_PP0P_/D
75	-0.0898	read_lane_data_shifted[I]	state_calibrate[I]	read_lane_data_shifted[6]$_SDFF_PP0_/Q	state_calibrate[1]$_SDFFE_PP0P_/D
76	-0.0893	i_phy_iserdes_bitslip_reference[I]	initial_dqs	i_phy_iserdes_bitslip_reference[56]	initial_dqs$_SDFFE_PP1P_/D
77	-0.0882	stageI_do_rd	o_wb_stall_int_q	stage2_do_rd$_SDFF_PP0_/Q	o_wb_stall_int_q$_SDFF_PP1_/D
78	-0.0881	i_phy_iserdes_bitslip_reference[I]	dqs_start_index_repeat	i_phy_iserdes_bitslip_reference[56]	dqs_start_index_repeat$_SDFFE_PP0P_/D
79	-0.0878	stageI_do_wr_or_rd	delay_before_read_counter_q[I][J]	stage2_do_wr_or_rd$_SDFF_PP0_/Q	delay_before_read_counter_q[3][0]$_SDFF_PP0_/D
80	-0.0849	stageI_do_wr	o_wb_stall_int_q	stage2_do_wr$_SDFF_PP0_/Q	o_wb_stall_int_q$_SDFF_PP1_/D
81	-0.0844	stageI_pending	o_phy_cmd[I]	stage2_pending$_SDFFE_PP0P_/Q	o_phy_cmd[10]
82	-0.0820	stageI_do_pre	stageI_do_wr	stage2_do_pre$_SDFF_PP0_/Q	stage2_do_wr$_SDFF_PP0_/D
83	-0.0820	i_phy_idelayctrl_rdy	write_test_address_counter[I]	i_phy_idelayctrl_rdy	write_test_address_counter[23]$_SDFFE_PP0P_/D
84	-0.0809	lane[I]	read_lane_data[I]	lane[1]$_SDFFE_PP0P_/Q	read_lane_data[10]$_SDFF_PP0_/D
85	-0.0803	stageI_do_act	stageI_do_update_delay_before_write_after_act	stage2_do_act$_SDFF_PP0_/Q	stage2_do_update_delay_before_write_after_act$_SDFF_PP0_/D
86	-0.0802	stageI_anticipate_row[J]	stageI_do_wr_or_rd	stage1_anticipate_row[9]$_SDFF_PP0_/Q	stage2_do_wr_or_rd$_SDFF_PP0_/D
87	-0.0792	delay_before_write_level_feedback[I]	state_calibrate[I]	delay_before_write_level_feedback[1]$_SDFF_PP0_/QN	state_calibrate[1]$_SDFFE_PP0P_/D
88	-0.0786	state_calibrate[I]	calib_data[I]	state_calibrate[1]$_SDFFE_PP0P_/Q	calib_data[273]$_SDFFE_PP0P_/D
89	-0.0771	stageI_next_bank[J]	o_phy_cmd[I]	stage1_next_bank[2]$_SDFFE_PP0P_/Q	o_phy_cmd[27]
90	-0.0767	write_pattern[I]	state_calibrate[I]	write_pattern[0]$_SDFFE_PP0P_/Q	state_calibrate[1]$_SDFFE_PP0P_/D
91	-0.0764	stageI_bank[J]	o_phy_cmd[I]	stage2_bank[2]$_SDFF_PP0_/Q	o_phy_cmd[27]
92	-0.0763	data_start_index[I][J]	state_calibrate[I]	data_start_index[3][0]$_SDFFCE_PN0P_/Q	state_calibrate[1]$_SDFFE_PP0P_/D
93	-0.0749	stageI_bank[J]	stageI_do_wr_or_rd	stage1_bank[0]$_SDFFE_PP0P_/Q	stage2_do_wr_or_rd$_SDFF_PP0_/D
94	-0.0741	stageI_do_pre	stageI_do_rd	stage2_do_pre$_SDFF_PP0_/Q	stage2_do_rd$_SDFF_PP0_/D
95	-0.0733	stageI_do_act	stageI_do_rd	stage2_do_act$_SDFF_PP0_/Q	stage2_do_rd$_SDFF_PP0_/D
96	-0.0722	stageI_row[J]	stageI_do_wr_or_rd	stage2_row[9]$_SDFF_PP0_/Q	stage2_do_wr_or_rd$_SDFF_PP0_/D
97	-0.0683	stageI_do_wr	stageI_do_rd	stage2_do_wr$_SDFF_PP0_/Q	stage2_do_rd$_SDFF_PP0_/D
98	-0.0681	stageI_do_wr_or_rd	stageI_do_wr	stage2_do_wr_or_rd$_SDFF_PP0_/Q	stage2_do_wr$_SDFF_PP0_/D
99	-0.0680	idelay_data_cntvaluein[I][J]	dq_target_index[I][J]	idelay_data_cntvaluein[3][0]$_SDFFCE_PN0P_/Q	dq_target_index[4][5]$_SDFFCE_PN0P_/D
100	-0.0679	i_phy_iserdes_bitslip_reference[I]	added_read_pipe_max	i_phy_iserdes_bitslip_reference[29]	added_read_pipe_max$_SDFFE_PP0P_/D
101	-0.0677	stageI_do_wr_or_rd	stageI_do_rd	stage2_do_wr_or_rd$_SDFF_PP0_/Q	stage2_do_rd$_SDFF_PP0_/D
102	-0.0671	stageI_do_act	o_phy_cmd[I]	stage2_do_act$_SDFF_PP0_/Q	o_phy_cmd[10]
103	-0.0670	stageI_pending	stageI_do_rd	stage2_pending$_SDFFE_PP0P_/Q	stage2_do_rd$_SDFF_PP0_/D
104	-0.0666	instruction_address[I]	state_calibrate[I]	instruction_address[0]$_SDFF_PP0_/Q	state_calibrate[1]$_SDFFE_PP0P_/D
105	-0.0633	state_calibrate[I]	data_start_index[I][J]	state_calibrate[2]$_SDFFE_PP0P_/QN	data_start_index[7][0]$_SDFFCE_PN0P_/D
106	-0.0626	stageI_pending	stageI_do_wr	stage2_pending$_SDFFE_PP0P_/Q	stage2_do_wr$_SDFF_PP0_/D
107	-0.0626	stageI_do_update_delay_before_write_after_act	o_wb_stall_int_q	stage2_do_update_delay_before_write_after_act$_SDFF_PP0_/Q	o_wb_stall_int_q$_SDFF_PP1_/D
108	-0.0620	stageI_bank[J]	o_wb_stall_int_q	stage1_bank[2]$_SDFFE_PP0P_/Q	o_wb_stall_int_q$_SDFF_PP1_/D
109	-0.0616	final_calibration_done	state_calibrate[I]	final_calibration_done$_SDFFE_PP0P_/QN	state_calibrate[1]$_SDFFE_PP0P_/D
110	-0.0614	o_wb_ack_read_q[I][J]	state_calibrate[I]	o_wb_ack_read_q[0][10]$_SDFF_PP0_/Q	state_calibrate[1]$_SDFFE_PP0P_/D
111	-0.0605	stageI_do_pre	stageI_do_update_delay_before_write_after_act	stage2_do_pre$_SDFF_PP0_/Q	stage2_do_update_delay_before_write_after_act$_SDFF_PP0_/D
112	-0.0604	stageI_do_act	delay_before_read_counter_q[I][J]	stage2_do_act$_SDFF_PP0_/Q	delay_before_read_counter_q[3][0]$_SDFF_PP0_/D
113	-0.0604	state_calibrate[I]	state_calibrate[I]	state_calibrate[1]$_SDFFE_PP0P_/Q	state_calibrate[1]$_SDFFE_PP0P_/D
114	-0.0592	stageI_do_rd	stageI_do_rd	stage2_do_rd$_SDFF_PP0_/Q	stage2_do_rd$_SDFF_PP0_/D
115	-0.0573	stageI_do_pre	o_phy_cmd[I]	stage2_do_pre$_SDFF_PP0_/Q	o_phy_cmd[10]
116	-0.0568	stageI_anticipate_row[J]	stageI_do_pre	stage1_anticipate_row[9]$_SDFF_PP0_/Q	stage2_do_pre$_SDFF_PP0_/D
117	-0.0567	data_start_index[I][J]	unaligned_data[I][J]	data_start_index[5][1]$_SDFFCE_PN0P_/Q	unaligned_data[5][63]$_SDFF_PP0_/D
118	-0.0566	stageI_do_wr	stageI_do_update_delay_before_precharge_after_wr	stage2_do_wr$_SDFF_PP0_/Q	stage2_do_update_delay_before_precharge_after_wr$_SDFF_PP0_/D
119	-0.0563	lane[I]	o_phy_odelay_data_ld[I]	lane[0]$_SDFFE_PP0P_/Q	o_phy_odelay_data_ld[7]$_SDFF_PP0_/D
120	-0.0561	stageI_do_pre	delay_before_read_counter_q[I][J]	stage2_do_pre$_SDFF_PP0_/Q	delay_before_read_counter_q[3][0]$_SDFF_PP0_/D
121	-0.0554	state_calibrate[I]	calib_sel[I]	state_calibrate[1]$_SDFFE_PP0P_/Q	calib_sel[31]$_SDFFE_PP0P_/D
122	-0.0539	read_lane_data_shifted[I]	dq_target_index[I][J]	read_lane_data_shifted[6]$_SDFF_PP0_/Q	dq_target_index[4][5]$_SDFFCE_PN0P_/D
123	-0.0534	stageI_anticipate_row[J]	o_wb_stall_int_q	stage1_anticipate_row[1]$_SDFF_PP0_/Q	o_wb_stall_int_q$_SDFF_PP1_/D
124	-0.0534	stageI_do_update_delay_before_read_after_act	o_wb_stall_int_q	stage2_do_update_delay_before_read_after_act$_SDFF_PP0_/Q	o_wb_stall_int_q$_SDFF_PP1_/D
125	-0.0519	stageI_do_wr_or_rd	stageI_do_update_delay_before_precharge_after_wr	stage2_do_wr_or_rd$_SDFF_PP0_/Q	stage2_do_update_delay_before_precharge_after_wr$_SDFF_PP0_/D
126	-0.0516	stageI_bank[J]	stageI_do_pre	stage1_bank[0]$_SDFFE_PP0P_/Q	stage2_do_pre$_SDFF_PP0_/D
127	-0.0509	lane[I]	o_phy_idelay_data_ld[I]	lane[0]$_SDFFE_PP0P_/Q	o_phy_idelay_data_ld[7]$_SDFF_PP0_/D
128	-0.0503	lane[I]	o_phy_bitslip[I]	lane[0]$_SDFFE_PP0P_/Q	o_phy_bitslip[7]$_SDFF_PP0_/D
129	-0.0497	instruction_address[I]	write_test_address_counter[I]	instruction_address[4]$_SDFF_PP0_/Q	write_test_address_counter[23]$_SDFFE_PP0P_/D
130	-0.0496	lane[I]	lane_read_dq_early[I]	lane[0]$_SDFFE_PP0P_/Q	lane_read_dq_early[7]$_SDFFE_PP0P_/D
131	-0.0494	stageI_bank[J]	delay_before_read_counter_q[I][J]	stage2_bank[2]$_SDFF_PP0_/QN	delay_before_read_counter_q[3][0]$_SDFF_PP0_/D
132	-0.0489	stageI_row[J]	stageI_do_pre	stage2_row[9]$_SDFF_PP0_/Q	stage2_do_pre$_SDFF_PP0_/D
133	-0.0471	stageI_row[J]	o_wb_stall_int_q	stage2_row[7]$_SDFF_PP0_/Q	o_wb_stall_int_q$_SDFF_PP1_/D
134	-0.0466	stageI_do_wr_or_rd	stageI_do_update_delay_before_write_after_act	stage2_do_wr_or_rd$_SDFF_PP0_/Q	stage2_do_update_delay_before_write_after_act$_SDFF_PP0_/D
135	-0.0453	stageI_do_pre	stageI_do_update_delay_before_read_after_act	stage2_do_pre$_SDFF_PP0_/Q	stage2_do_update_delay_before_read_after_act$_SDFF_PP0_/D
136	-0.0449	stageI_next_bank[J]	stageI_do_update_delay_before_precharge_after_wr	stage1_next_bank[2]$_SDFFE_PP0P_/Q	stage2_do_update_delay_before_precharge_after_wr$_SDFF_PP0_/D
137	-0.0444	stageI_do_act	stageI_do_update_delay_before_read_after_act	stage2_do_act$_SDFF_PP0_/Q	stage2_do_update_delay_before_read_after_act$_SDFF_PP0_/D
138	-0.0442	stageI_bank[J]	stageI_do_update_delay_before_precharge_after_wr	stage2_bank[2]$_SDFF_PP0_/Q	stage2_do_update_delay_before_precharge_after_wr$_SDFF_PP0_/D
139	-0.0442	delay_before_write_counter_q[I][J]	o_wb_stall_int_q	delay_before_write_counter_q[1][1]$_SDFF_PP0_/Q	o_wb_stall_int_q$_SDFF_PP1_/D
140	-0.0440	dqs_start_index[I]	dqs_start_index_repeat	dqs_start_index[1]$_SDFFE_PP0P_/Q	dqs_start_index_repeat$_SDFFE_PP0P_/D
141	-0.0434	stageI_do_update_delay_before_write_after_act	stageI_do_wr	stage2_do_update_delay_before_write_after_act$_SDFF_PP0_/Q	stage2_do_wr$_SDFF_PP0_/D
142	-0.0411	stageI_pending	stageI_do_update_delay_before_write_after_act	stage2_pending$_SDFFE_PP0P_/Q	stage2_do_update_delay_before_write_after_act$_SDFF_PP0_/D
143	-0.0410	stageI_do_wr	stageI_do_update_delay_before_precharge_after_rd	stage2_do_wr$_SDFF_PP0_/Q	stage2_do_update_delay_before_precharge_after_rd$_SDFF_PP0_/D
144	-0.0408	write_pattern[I]	dq_target_index[I][J]	write_pattern[0]$_SDFFE_PP0P_/Q	dq_target_index[4][5]$_SDFFCE_PN0P_/D
145	-0.0394	stageI_do_wr	stageI_do_update_delay_before_read_after_act	stage2_do_wr$_SDFF_PP0_/Q	stage2_do_update_delay_before_read_after_act$_SDFF_PP0_/D
146	-0.0389	stageI_do_wr_or_rd	stageI_do_update_delay_before_read_after_act	stage2_do_wr_or_rd$_SDFF_PP0_/Q	stage2_do_update_delay_before_read_after_act$_SDFF_PP0_/D
147	-0.0381	stageI_pending	stageI_do_update_delay_before_read_after_act	stage2_pending$_SDFFE_PP0P_/Q	stage2_do_update_delay_before_read_after_act$_SDFF_PP0_/D
148	-0.0364	stageI_do_wr_or_rd	stageI_do_update_delay_before_precharge_after_rd	stage2_do_wr_or_rd$_SDFF_PP0_/Q	stage2_do_update_delay_before_precharge_after_rd$_SDFF_PP0_/D
149	-0.0362	stageI_pending	delay_before_read_counter_q[I][J]	stage2_pending$_SDFFE_PP0P_/Q	delay_before_read_counter_q[3][0]$_SDFF_PP0_/D
150	-0.0361	read_lane_data_shifted[I]	dqs_bitslip_arrangement[I]	read_lane_data_shifted[6]$_SDFF_PP0_/Q	dqs_bitslip_arrangement[1]$_SDFFE_PP0P_/D
151	-0.0353	stageI_do_wr	stageI_do_wr	stage2_do_wr$_SDFF_PP0_/Q	stage2_do_wr$_SDFF_PP0_/D
152	-0.0330	i_phy_iserdes_bitslip_reference[I]	o_phy_bitslip[I]	i_phy_iserdes_bitslip_reference[30]	o_phy_bitslip[1]$_SDFF_PP0_/D
153	-0.0312	stageI_do_act	stageI_do_update_delay_before_precharge_after_wr	stage2_do_act$_SDFF_PP0_/Q	stage2_do_update_delay_before_precharge_after_wr$_SDFF_PP0_/D
154	-0.0304	stageI_do_rd	stageI_do_update_delay_before_read_after_act	stage2_do_rd$_SDFF_PP0_/Q	stage2_do_update_delay_before_read_after_act$_SDFF_PP0_/D
155	-0.0271	instruction_address[I]	calib_sel[I]	instruction_address[1]$_SDFF_PP0_/Q	calib_sel[31]$_SDFFE_PP0P_/D
156	-0.0270	stageI_pending	stageI_do_update_delay_before_precharge_after_wr	stage2_pending$_SDFFE_PP0P_/Q	stage2_do_update_delay_before_precharge_after_wr$_SDFF_PP0_/D
157	-0.0253	lane[I]	train_delay[I]	lane[0]$_SDFFE_PP0P_/Q	train_delay[0]$_SDFF_PP0_/D
158	-0.0251	stageI_do_rd	stageI_do_wr	stage2_do_rd$_SDFF_PP0_/Q	stage2_do_wr$_SDFF_PP0_/D
159	-0.0250	delay_before_write_counter_q[I][J]	stageI_do_wr	delay_before_write_counter_q[1][1]$_SDFF_PP0_/Q	stage2_do_wr$_SDFF_PP0_/D
160	-0.0244	stageI_do_update_delay_before_read_after_act	stageI_do_rd	stage2_do_update_delay_before_read_after_act$_SDFF_PP0_/Q	stage2_do_rd$_SDFF_PP0_/D
161	-0.0239	stageI_bank[J]	stageI_do_rd	stage2_bank[2]$_SDFF_PP0_/Q	stage2_do_rd$_SDFF_PP0_/D
162	-0.0237	dqs_store[I]	dqs_start_index[I]	dqs_store[26]$_SDFFE_PP0P_/Q	dqs_start_index[5]$_SDFFE_PP0P_/D
163	-0.0233	i_phy_iserdes_bitslip_reference[I]	train_delay[I]	i_phy_iserdes_bitslip_reference[56]	train_delay[0]$_SDFF_PP0_/D
164	-0.0231	stageI_do_wr	o_phy_cmd[I]	stage2_do_wr$_SDFF_PP0_/Q	o_phy_cmd[75]
165	-0.0229	write_pattern[I]	dqs_bitslip_arrangement[I]	write_pattern[0]$_SDFFE_PP0P_/Q	dqs_bitslip_arrangement[1]$_SDFFE_PP0P_/D
166	-0.0218	stageI_do_update_delay_before_write_after_act	stageI_do_update_delay_before_write_after_act	stage2_do_update_delay_before_write_after_act$_SDFF_PP0_/Q	stage2_do_update_delay_before_write_after_act$_SDFF_PP0_/D
167	-0.0205	write_test_address_counter[I]	state_calibrate[I]	write_test_address_counter[1]$_SDFFE_PP0P_/Q	state_calibrate[1]$_SDFFE_PP0P_/D
168	-0.0199	data_start_index[I][J]	stageI_data[J][K]	data_start_index[4][1]$_SDFFCE_PN0P_/Q	stage2_data[0][486]$_SDFFE_PP0N_/D
169	-0.0191	stageI_do_pre	stageI_do_update_delay_before_precharge_after_wr	stage2_do_pre$_SDFF_PP0_/Q	stage2_do_update_delay_before_precharge_after_wr$_SDFF_PP0_/D
170	-0.0185	stageI_do_wr_or_rd	o_phy_cmd[I]	stage2_do_wr_or_rd$_SDFF_PP0_/Q	o_phy_cmd[75]
171	-0.0183	i_phy_idelayctrl_rdy	read_test_address_counter[I]	i_phy_idelayctrl_rdy	read_test_address_counter[21]$_SDFFE_PP0P_/D
172	-0.0174	lane_write_dq_late[I]	lane_write_dq_late[I]	lane_write_dq_late[3]$_SDFFE_PP0P_/Q	lane_write_dq_late[4]$_SDFFE_PP0P_/D
173	-0.0167	dqs_store[I]	state_calibrate[I]	dqs_store[26]$_SDFFE_PP0P_/Q	state_calibrate[1]$_SDFFE_PP0P_/D
174	-0.0164	read_lane_data_shifted[I]	added_read_pipe[I]	read_lane_data_shifted[6]$_SDFF_PP0_/Q	added_read_pipe[0]$_SDFFCE_PN0P_/D
175	-0.0152	read_test_address_counter[I]	state_calibrate[I]	read_test_address_counter[1]$_SDFFE_PP0P_/Q	state_calibrate[1]$_SDFFE_PP0P_/D
176	-0.0138	stageI_do_wr	stageI_do_update_delay_before_write_after_act	stage2_do_wr$_SDFF_PP0_/Q	stage2_do_update_delay_before_write_after_act$_SDFF_PP0_/D
177	-0.0116	write_by_byte_counter[I]	calib_data[I]	write_by_byte_counter[0]$_SDFFE_PP0P_/QN	calib_data[265]$_SDFFE_PP0P_/D
178	-0.0114	data_start_index[I][J]	start_index_check[I]	data_start_index[3][0]$_SDFFCE_PN0P_/Q	start_index_check[5]$_SDFFCE_PN0P_/D
179	-0.0112	sample_clk_repeat[I]	state_calibrate[I]	sample_clk_repeat[0]$_SDFFCE_PP0P_/Q	state_calibrate[1]$_SDFFE_PP0P_/D
180	-0.0109	bank_active_row_q[I][J]	stageI_do_wr_or_rd	bank_active_row_q[4][9]$_SDFF_PP0_/Q	stage2_do_wr_or_rd$_SDFF_PP0_/D
181	-0.0108	calib_addr[I]	stageI_next_row[J]	calib_addr[6]$_SDFFE_PP0P_/Q	stage1_next_row[13]$_SDFFE_PP0P_/D
182	-0.0103	lane_write_dq_late[I]	start_index_check[I]	lane_write_dq_late[3]$_SDFFE_PP0P_/Q	start_index_check[5]$_SDFFCE_PN0P_/D
183	-0.0102	lane[I]	idelay_data_cntvaluein_prev[I]	lane[0]$_SDFFE_PP0P_/Q	idelay_data_cntvaluein_prev[0]$_SDFF_PP0_/D
184	-0.0081	data_start_index[I][J]	stageI_data[J][K]	data_start_index[7][2]$_SDFFCE_PN0P_/Q	stage2_data[1][510]$_SDFF_PP0_/D
185	-0.0065	i_phy_iserdes_data[I]	sample_clk_repeat[I]	i_phy_iserdes_data[56]	sample_clk_repeat[3]$_SDFFCE_PP0P_/D
186	-0.0058	stageI_do_rd	delay_before_read_counter_q[I][J]	stage2_do_rd$_SDFF_PP0_/Q	delay_before_read_counter_q[3][0]$_SDFF_PP0_/D
187	-0.0046	stageI_do_rd	stageI_do_update_delay_before_precharge_after_wr	stage2_do_rd$_SDFF_PP0_/Q	stage2_do_update_delay_before_precharge_after_wr$_SDFF_PP0_/D
188	-0.0044	lane_write_dq_late[I]	write_pattern_lane[I]	lane_write_dq_late[3]$_SDFFE_PP0P_/Q	write_pattern_lane[18]$_SDFF_PP0_/D
189	-0.0036	stageI_do_rd	stageI_do_update_delay_before_write_after_act	stage2_do_rd$_SDFF_PP0_/Q	stage2_do_update_delay_before_write_after_act$_SDFF_PP0_/D
190	-0.0035	delay_before_write_counter_q[I][J]	stageI_do_update_delay_before_write_after_act	delay_before_write_counter_q[1][1]$_SDFF_PP0_/Q	stage2_do_update_delay_before_write_after_act$_SDFF_PP0_/D
191	-0.0032	write_pattern[I]	added_read_pipe[I]	write_pattern[0]$_SDFFE_PP0P_/Q	added_read_pipe[0]$_SDFFCE_PN0P_/D
192	0.0022	i_phy_idelayctrl_rdy	state_calibrate[I]	i_phy_idelayctrl_rdy	state_calibrate[1]$_SDFFE_PP0P_/D
193	0.0030	stageI_do_update_delay_before_read_after_act	delay_before_read_counter_q[I][J]	stage2_do_update_delay_before_read_after_act$_SDFF_PP0_/Q	delay_before_read_counter_q[3][0]$_SDFF_PP0_/D
194	0.0034	dqs_start_index[I]	initial_dqs	dqs_start_index[1]$_SDFFE_PP0P_/Q	initial_dqs$_SDFFE_PP1P_/D
195	0.0044	stageI_do_update_delay_before_read_after_act	stageI_do_update_delay_before_read_after_act	stage2_do_update_delay_before_read_after_act$_SDFF_PP0_/Q	stage2_do_update_delay_before_read_after_act$_SDFF_PP0_/D
196	0.0049	stageI_bank[J]	stageI_do_update_delay_before_read_after_act	stage2_bank[2]$_SDFF_PP0_/Q	stage2_do_update_delay_before_read_after_act$_SDFF_PP0_/D
197	0.0054	state_calibrate[I]	calib_addr[I]	state_calibrate[2]$_SDFFE_PP0P_/Q	calib_addr[15]$_SDFFE_PP0P_/D
198	0.0067	state_calibrate[I]	calib_aux[I]	state_calibrate[2]$_SDFFE_PP0P_/Q	calib_aux[0]$_SDFFE_PP0P_/D
199	0.0109	stageI_do_pre	stageI_do_update_delay_before_precharge_after_rd	stage2_do_pre$_SDFF_PP0_/Q	stage2_do_update_delay_before_precharge_after_rd$_SDFF_PP0_/D
200	0.0117	stageI_do_act	stageI_do_update_delay_before_precharge_after_rd	stage2_do_act$_SDFF_PP0_/Q	stage2_do_update_delay_before_precharge_after_rd$_SDFF_PP0_/D
201	0.0123	lane_write_dq_late[I]	data_start_index[I][J]	lane_write_dq_late[3]$_SDFFE_PP0P_/Q	data_start_index[7][0]$_SDFFCE_PN0P_/D
202	0.0124	write_by_byte_counter[I]	write_test_address_counter[I]	write_by_byte_counter[4]$_SDFFE_PP0P_/QN	write_test_address_counter[23]$_SDFFE_PP0P_/D
203	0.0124	delay_before_read_counter_q[I][J]	o_wb_stall_int_q	delay_before_read_counter_q[2][0]$_SDFF_PP0_/QN	o_wb_stall_int_q$_SDFF_PP1_/D
204	0.0124	bank_active_row_q[I][J]	stageI_do_pre	bank_active_row_q[4][9]$_SDFF_PP0_/Q	stage2_do_pre$_SDFF_PP0_/D
205	0.0135	dqs_store[I]	delay_before_read_data[I]	dqs_store[26]$_SDFFE_PP0P_/Q	delay_before_read_data[3]$_SDFF_PP0_/D
206	0.0140	instruction_address[I]	read_test_address_counter[I]	instruction_address[4]$_SDFF_PP0_/Q	read_test_address_counter[21]$_SDFFE_PP0P_/D
207	0.0154	i_wb_cyc	stageI_next_bank[J]	i_wb_cyc	stage1_next_bank[1]$_SDFFE_PP0P_/D
208	0.0154	i_wb_cyc	stageI_next_row[J]	i_wb_cyc	stage1_next_row[11]$_SDFFE_PP0P_/D
209	0.0154	bank_active_row_q[I][J]	o_wb_stall_int_q	bank_active_row_q[6][8]$_SDFF_PP0_/Q	o_wb_stall_int_q$_SDFF_PP1_/D
210	0.0161	instruction_address[I]	calib_addr[I]	instruction_address[1]$_SDFF_PP0_/Q	calib_addr[15]$_SDFFE_PP0P_/D
211	0.0180	stageI_pending	stageI_do_update_delay_before_precharge_after_rd	stage2_pending$_SDFFE_PP0P_/Q	stage2_do_update_delay_before_precharge_after_rd$_SDFF_PP0_/D
212	0.0185	dqs_store[I]	o_phy_idelay_data_ld[I]	dqs_store[26]$_SDFFE_PP0P_/Q	o_phy_idelay_data_ld[7]$_SDFF_PP0_/D
213	0.0249	i_wb_cyc	stageI_dm[J]	i_wb_cyc	stage1_dm[58]$_SDFFE_PP0P_/D
214	0.0254	stageI_do_update_delay_before_precharge_after_wr	stageI_do_pre	stage2_do_update_delay_before_precharge_after_wr$_SDFF_PP0_/Q	stage2_do_pre$_SDFF_PP0_/D
215	0.0262	instruction_address[I]	calib_aux[I]	instruction_address[1]$_SDFF_PP0_/Q	calib_aux[1]$_SDFFE_PP0P_/D
216	0.0298	stageI_bank[J]	delay_before_write_counter_q[I][J]	stage2_bank[2]$_SDFF_PP0_/QN	delay_before_write_counter_q[3][0]$_SDFF_PP0_/D
217	0.0322	state_calibrate[I]	calib_we	state_calibrate[2]$_SDFFE_PP0P_/Q	calib_we$_SDFFE_PP0P_/D
218	0.0328	stageI_bank[J]	stageI_do_act	stage2_bank[1]$_SDFF_PP0_/Q	stage1_do_act$_SDFF_PP0_/D
219	0.0336	stageI_next_bank[J]	stageI_do_act	stage1_next_bank[1]$_SDFFE_PP0P_/Q	stage1_do_act$_SDFF_PP0_/D
220	0.0364	state_calibrate[I]	o_phy_cmd[I]	state_calibrate[2]$_SDFFE_PP0P_/Q	o_phy_cmd[71]
221	0.0371	i_wb_cyc	stageI_data[J]	i_wb_cyc	stage1_data[309]$_SDFFE_PP0P_/D
222	0.0372	lane[I]	reset_from_calibrate	lane[0]$_SDFFE_PP0P_/Q	reset_from_calibrate$_SDFF_PP0_/D
223	0.0378	stageI_next_bank[J]	stageI_do_rd	stage1_next_bank[1]$_SDFFE_PP0P_/Q	stage2_do_rd$_SDFF_PP0_/D
224	0.0382	lane_write_dq_late[I]	state_calibrate[I]	lane_write_dq_late[3]$_SDFFE_PP0P_/Q	state_calibrate[1]$_SDFFE_PP0P_/D
225	0.0382	final_calibration_done	check_test_address_counter[I]	final_calibration_done$_SDFFE_PP0P_/QN	check_test_address_counter[23]$_SDFFE_PP0P_/D
226	0.0414	delay_before_read_counter_q[I][J]	stageI_do_rd	delay_before_read_counter_q[2][0]$_SDFF_PP0_/QN	stage2_do_rd$_SDFF_PP0_/D
227	0.0418	i_wb_cyc	stageI_aux[J]	i_wb_cyc	stage1_aux[10]$_SDFFE_PP0P_/D
228	0.0423	stageI_data_unaligned[J]	unaligned_data[I][J]	stage2_data_unaligned[495]$_SDFFE_PP0P_/Q	unaligned_data[5][63]$_SDFF_PP0_/D
229	0.0446	instruction_address[I]	instruction[I]	instruction_address[2]$_SDFF_PP0_/Q	instruction[21]$_SDFFE_PP1P_/D
230	0.0450	dq_target_index[I][J]	added_read_pipe[I]	dq_target_index[3][1]$_SDFFCE_PN0P_/Q	added_read_pipe[0]$_SDFFCE_PN0P_/D
231	0.0452	check_test_address_counter[I]	reset_from_test	check_test_address_counter[1]$_SDFFE_PP0P_/Q	reset_from_test$_SDFF_PP0_/D
232	0.0467	i_wb_cyc	stageI_bank[J]	i_wb_cyc	stage1_bank[2]$_SDFFE_PP0P_/D
233	0.0467	i_wb_cyc	stageI_col[J]	i_wb_cyc	stage1_col[9]$_SDFFE_PP0P_/D
234	0.0467	i_wb_cyc	stageI_row[J]	i_wb_cyc	stage1_row[13]$_SDFFE_PP0P_/D
235	0.0467	i_wb_cyc	stageI_we	i_wb_cyc	stage1_we$_SDFFE_PP0P_/D
236	0.0477	delay_before_read_data[I]	state_calibrate[I]	delay_before_read_data[1]$_SDFF_PP0_/QN	state_calibrate[1]$_SDFFE_PP0P_/D
237	0.0484	stageI_do_wr	shift_reg_read_pipe_q[I][J]	stage2_do_wr$_SDFF_PP0_/Q	shift_reg_read_pipe_q[1][10]$_SDFF_PP0_/D
238	0.0485	o_wb_ack_read_q[I][J]	check_test_address_counter[I]	o_wb_ack_read_q[0][0]$_SDFF_PP0_/Q	check_test_address_counter[23]$_SDFFE_PP0P_/D
239	0.0498	instruction_address[I]	calib_we	instruction_address[1]$_SDFF_PP0_/Q	calib_we$_SDFFE_PP0P_/D
240	0.0513	stageI_do_act	delay_before_write_counter_q[I][J]	stage2_do_act$_SDFF_PP0_/Q	delay_before_write_counter_q[3][0]$_SDFF_PP0_/D
241	0.0514	i_wb_cyc	stageI_pending	i_wb_cyc	stage1_pending$_SDFFE_PP0P_/D
242	0.0518	lane_read_dq_early[I]	data_start_index[I][J]	lane_read_dq_early[3]$_SDFFE_PP0P_/Q	data_start_index[7][0]$_SDFFCE_PN0P_/D
243	0.0531	stageI_do_wr_or_rd	shift_reg_read_pipe_q[I][J]	stage2_do_wr_or_rd$_SDFF_PP0_/Q	shift_reg_read_pipe_q[1][10]$_SDFF_PP0_/D
244	0.0554	stageI_pending	stageI_do_act	stage1_pending$_SDFFE_PP0P_/Q	stage1_do_act$_SDFF_PP0_/D
245	0.0555	stageI_do_update_delay_before_precharge_after_rd	stageI_do_pre	stage2_do_update_delay_before_precharge_after_rd$_SDFF_PP0_/Q	stage2_do_pre$_SDFF_PP0_/D
246	0.0557	i_wb_addr[I]	stageI_next_bank[J]	i_wb_addr[3]	stage1_next_bank[2]$_SDFFE_PP0P_/D
247	0.0582	delay_before_read_counter_q[I][J]	delay_before_read_counter_q[I][J]	delay_before_read_counter_q[2][1]$_SDFF_PP0_/QN	delay_before_read_counter_q[3][0]$_SDFF_PP0_/D
248	0.0618	o_wb_data_q[I][J]	reset_from_test	o_wb_data_q[0][266]$_SDFFE_PP0P_/Q	reset_from_test$_SDFF_PP0_/D
249	0.0639	stageI_do_pre	stageI_do_act	stage2_do_pre$_SDFF_PP0_/Q	stage1_do_act$_SDFF_PP0_/D
250	0.0660	force_o_wb_stall_calib_high_q	read_test_address_counter[I]	force_o_wb_stall_calib_high_q$_SDFF_PP0_/Q	read_test_address_counter[21]$_SDFFE_PP0P_/D
251	0.0664	read_lane_data_shifted[I]	lane_read_dq_early[I]	read_lane_data_shifted[6]$_SDFF_PP0_/Q	lane_read_dq_early[4]$_SDFFE_PP0P_/D
252	0.0666	stageI_next_bank[J]	stageI_do_update_delay_before_read_after_act	stage1_next_bank[1]$_SDFFE_PP0P_/Q	stage2_do_update_delay_before_read_after_act$_SDFF_PP0_/D
253	0.0671	state_calibrate[I]	lane[I]	state_calibrate[4]$_SDFFE_PP0P_/Q	lane[0]$_SDFFE_PP0P_/D
254	0.0694	o_wb_stall_int_q	read_test_address_counter[I]	o_wb_stall_int_q$_SDFF_PP1_/Q	read_test_address_counter[21]$_SDFFE_PP0P_/D
255	0.0696	dqs_store[I]	dqs_start_index_repeat	dqs_store[26]$_SDFFE_PP0P_/Q	dqs_start_index_repeat$_SDFFE_PP0P_/D
256	0.0697	i_wb_cyc	o_wb_ack_read_q[I][J]	i_wb_cyc	o_wb_ack_read_q[1][10]$_SDFF_PP0_/D
257	0.0702	delay_before_read_counter_q[I][J]	stageI_do_update_delay_before_read_after_act	delay_before_read_counter_q[2][0]$_SDFF_PP0_/QN	stage2_do_update_delay_before_read_after_act$_SDFF_PP0_/D
258	0.0706	idelay_dqs_cntvaluein[I][J]	dqs_target_index[I]	idelay_dqs_cntvaluein[3][0]$_SDFFCE_PN0P_/Q	dqs_target_index[0]$_SDFFE_PP0P_/D
259	0.0711	stageI_do_pre	delay_before_write_counter_q[I][J]	stage2_do_pre$_SDFF_PP0_/Q	delay_before_write_counter_q[3][0]$_SDFF_PP0_/D
260	0.0722	stageI_next_bank[J]	stageI_do_update_delay_before_precharge_after_rd	stage1_next_bank[2]$_SDFFE_PP0P_/Q	stage2_do_update_delay_before_precharge_after_rd$_SDFF_PP0_/D
261	0.0728	stageI_bank[J]	stageI_do_update_delay_before_precharge_after_rd	stage2_bank[2]$_SDFF_PP0_/Q	stage2_do_update_delay_before_precharge_after_rd$_SDFF_PP0_/D
262	0.0728	stageI_data_unaligned[J]	stageI_data[J][K]	stage2_data_unaligned[462]$_SDFFE_PP0P_/Q	stage2_data[0][462]$_SDFFE_PP0N_/D
263	0.0731	prep_done[I]	data_start_index[I][J]	prep_done[1]$_SDFF_PP0_/Q	data_start_index[7][0]$_SDFFCE_PN0P_/D
264	0.0748	stageI_do_update_delay_before_precharge_after_wr	stageI_do_update_delay_before_precharge_after_wr	stage2_do_update_delay_before_precharge_after_wr$_SDFF_PP0_/Q	stage2_do_update_delay_before_precharge_after_wr$_SDFF_PP0_/D
265	0.0749	index_wb_data	read_data_store[I]	index_wb_data$_SDFFE_PP0P_/Q	read_data_store[198]$_SDFFE_PP0P_/D
266	0.0754	stageI_bank[J]	stageI_do_rd	stage1_bank[1]$_SDFFE_PP0P_/Q	stage2_do_rd$_SDFF_PP0_/D
267	0.0775	stageI_do_act	stageI_do_act	stage2_do_act$_SDFF_PP0_/Q	stage1_do_act$_SDFF_PP0_/D
268	0.0779	stageI_do_rd	stageI_do_act	stage2_do_rd$_SDFF_PP0_/Q	stage2_do_act$_SDFF_PP0_/D
269	0.0796	write_pattern[I]	lane_read_dq_early[I]	write_pattern[0]$_SDFFE_PP0P_/Q	lane_read_dq_early[4]$_SDFFE_PP0P_/D
270	0.0797	sync_rst_controller	data_start_index[I][J]	sync_rst_controller$_DFF_P_/Q	data_start_index[7][0]$_SDFFCE_PN0P_/D
271	0.0801	force_o_wb_stall_calib_high_q	write_test_address_counter[I]	force_o_wb_stall_calib_high_q$_SDFF_PP0_/Q	write_test_address_counter[23]$_SDFFE_PP0P_/D
272	0.0804	i_wb_cyc	shift_reg_read_pipe_q[I][J]	i_wb_cyc	shift_reg_read_pipe_q[4][10]$_SDFF_PP0_/D
273	0.0835	o_wb_stall_int_q	write_test_address_counter[I]	o_wb_stall_int_q$_SDFF_PP1_/Q	write_test_address_counter[23]$_SDFFE_PP0P_/D
274	0.0838	instruction_address[I]	precharge_all_instruction	instruction_address[1]$_SDFF_PP0_/Q	precharge_all_instruction$_SDFF_PP0_/D
275	0.0840	state_calibrate[I]	dqs_start_index[I]	state_calibrate[1]$_SDFFE_PP0P_/Q	dqs_start_index[5]$_SDFFE_PP0P_/D
276	0.0849	delay_counter[I]	delay_counter[I]	delay_counter[1]$_SDFFE_PP0P_/QN	delay_counter[14]$_SDFFE_PP0P_/D
277	0.0850	stageI_do_wr_or_rd	delay_before_write_counter_q[I][J]	stage2_do_wr_or_rd$_SDFF_PP0_/Q	delay_before_write_counter_q[3][0]$_SDFF_PP0_/D
278	0.0853	write_test_address_counter[I]	write_test_address_counter[I]	write_test_address_counter[1]$_SDFFE_PP0P_/Q	write_test_address_counter[0]$_SDFFE_PP0P_/D
279	0.0869	stageI_do_rd	stageI_do_update_delay_before_precharge_after_rd	stage2_do_rd$_SDFF_PP0_/Q	stage2_do_update_delay_before_precharge_after_rd$_SDFF_PP0_/D
280	0.0874	state_calibrate[I]	write_calib_odt	state_calibrate[4]$_SDFFE_PP0P_/Q	write_calib_odt$_SDFFE_PP0P_/D
281	0.0893	stageI_next_bank[J]	stageI_do_wr	stage1_next_bank[1]$_SDFFE_PP0P_/Q	stage2_do_wr$_SDFF_PP0_/D
282	0.0896	stageI_row[J]	stageI_do_wr_or_rd	stage1_row[10]$_SDFFE_PP0P_/Q	stage2_do_wr_or_rd$_SDFF_PP0_/D
283	0.0905	stageI_pending	delay_before_write_counter_q[I][J]	stage2_pending$_SDFFE_PP0P_/Q	delay_before_write_counter_q[3][0]$_SDFF_PP0_/D
284	0.0906	stageI_do_wr_or_rd	stageI_do_act	stage2_do_wr_or_rd$_SDFF_PP0_/Q	stage2_do_act$_SDFF_PP0_/D
285	0.0923	state_calibrate[I]	write_calib_dqs	state_calibrate[4]$_SDFFE_PP0P_/Q	write_calib_dqs$_SDFFE_PP0P_/D
286	0.0931	delay_counter[I]	precharge_all_instruction	delay_counter[0]$_SDFFE_PP1P_/Q	precharge_all_instruction$_SDFF_PP0_/D
287	0.0932	state_calibrate[I]	sample_clk_repeat[I]	state_calibrate[4]$_SDFFE_PP0P_/Q	sample_clk_repeat[3]$_SDFFCE_PP0P_/D
288	0.0954	stageI_do_rd	o_phy_cmd[I]	stage2_do_rd$_SDFF_PP0_/Q	o_phy_cmd[71]
289	0.0966	write_by_byte_counter[I]	state_calibrate[I]	write_by_byte_counter[4]$_SDFFE_PP0P_/QN	state_calibrate[1]$_SDFFE_PP0P_/D
290	0.0988	state_calibrate[I]	dq_target_index[I][J]	state_calibrate[2]$_SDFFE_PP0P_/QN	dq_target_index[4][5]$_SDFFCE_PN0P_/D
291	0.0996	force_o_wb_stall_calib_high_q	calib_data[I]	force_o_wb_stall_calib_high_q$_SDFF_PP0_/Q	calib_data[273]$_SDFFE_PP0P_/D
292	0.1001	read_lane_data_shifted[I]	lane_write_dq_late[I]	read_lane_data_shifted[6]$_SDFF_PP0_/Q	lane_write_dq_late[4]$_SDFFE_PP0P_/D
293	0.1004	stageI_do_pre	shift_reg_read_pipe_q[I][J]	stage2_do_pre$_SDFF_PP0_/Q	shift_reg_read_pipe_q[1][10]$_SDFF_PP0_/D
294	0.1004	state_calibrate[I]	dqs_bitslip_arrangement[I]	state_calibrate[2]$_SDFFE_PP0P_/QN	dqs_bitslip_arrangement[1]$_SDFFE_PP0P_/D
295	0.1012	stageI_do_act	shift_reg_read_pipe_q[I][J]	stage2_do_act$_SDFF_PP0_/Q	shift_reg_read_pipe_q[1][10]$_SDFF_PP0_/D
296	0.1013	stageI_do_wr	delay_before_precharge_counter_q[I][J]	stage2_do_wr$_SDFF_PP0_/Q	delay_before_precharge_counter_q[3][2]$_SDFF_PP0_/D
297	0.1014	data_start_index[I][J]	unaligned_dm[I][J]	data_start_index[2][3]$_SDFFCE_PN0P_/Q	unaligned_dm[2][0]$_SDFF_PP0_/D
298	0.1024	check_test_address_counter[I]	check_test_address_counter[I]	check_test_address_counter[0]$_SDFFE_PP0P_/Q	check_test_address_counter[23]$_SDFFE_PP0P_/D
299	0.1030	o_wb_stall_int_q	calib_data[I]	o_wb_stall_int_q$_SDFF_PP1_/Q	calib_data[273]$_SDFFE_PP0P_/D
300	0.1035	prep_done[I]	state_calibrate[I]	prep_done[1]$_SDFF_PP0_/Q	state_calibrate[1]$_SDFFE_PP0P_/D
301	0.1037	lane_write_dq_late[I]	dqs_bitslip_arrangement[I]	lane_write_dq_late[3]$_SDFFE_PP0P_/Q	dqs_bitslip_arrangement[1]$_SDFFE_PP0P_/D
302	0.1040	final_calibration_done	read_data_store[I]	final_calibration_done$_SDFFE_PP0P_/QN	read_data_store[431]$_SDFFE_PP0P_/D
303	0.1041	o_wb_ack_read_q[I][J]	read_data_store[I]	o_wb_ack_read_q[0][10]$_SDFF_PP0_/Q	read_data_store[431]$_SDFFE_PP0P_/D
304	0.1043	stageI_bank[J]	stageI_do_update_delay_before_read_after_act	stage1_bank[1]$_SDFFE_PP0P_/Q	stage2_do_update_delay_before_read_after_act$_SDFF_PP0_/D
305	0.1048	delay_before_precharge_counter_q[I][J]	stageI_do_pre	delay_before_precharge_counter_q[4][0]$_SDFF_PP0_/QN	stage2_do_pre$_SDFF_PP0_/D
306	0.1048	stageI_do_update_delay_before_precharge_after_rd	stageI_do_update_delay_before_precharge_after_wr	stage2_do_update_delay_before_precharge_after_rd$_SDFF_PP0_/Q	stage2_do_update_delay_before_precharge_after_wr$_SDFF_PP0_/D
307	0.1060	stageI_do_wr_or_rd	delay_before_precharge_counter_q[I][J]	stage2_do_wr_or_rd$_SDFF_PP0_/Q	delay_before_precharge_counter_q[3][2]$_SDFF_PP0_/D
308	0.1066	state_calibrate[I]	pause_counter	state_calibrate[4]$_SDFFE_PP0P_/Q	pause_counter$_SDFFE_PP0P_/D
309	0.1075	stageI_pending	shift_reg_read_pipe_q[I][J]	stage2_pending$_SDFFE_PP0P_/Q	shift_reg_read_pipe_q[1][10]$_SDFF_PP0_/D
310	0.1084	instruction_address[I]	instruction_address[I]	instruction_address[1]$_SDFF_PP0_/Q	instruction_address[1]$_SDFF_PP0_/D
311	0.1088	stageI_bank[J]	stageI_do_update_delay_before_precharge_after_wr	stage1_bank[1]$_SDFFE_PP0P_/Q	stage2_do_update_delay_before_precharge_after_wr$_SDFF_PP0_/D
312	0.1091	lane[I]	lane_times_I[J]	lane[1]$_SDFFE_PP0P_/Q	lane_times_8[4]$_SDFF_PP0_/D
313	0.1098	stageI_do_update_delay_before_write_after_act	delay_before_write_counter_q[I][J]	stage2_do_update_delay_before_write_after_act$_SDFF_PP0_/Q	delay_before_write_counter_q[3][0]$_SDFF_PP0_/D
314	0.1099	stageI_do_wr	stageI_do_act	stage2_do_wr$_SDFF_PP0_/Q	stage2_do_act$_SDFF_PP0_/D
315	0.1104	stageI_do_pre	stageI_data_unaligned[J]	stage2_do_pre$_SDFF_PP0_/Q	stage2_data_unaligned[100]$_SDFFE_PP0P_/D
316	0.1104	stageI_do_pre	stageI_dm_unaligned[J]	stage2_do_pre$_SDFF_PP0_/Q	stage2_dm_unaligned[0]$_SDFFE_PP0P_/D
317	0.1104	stageI_do_pre	stageI_aux[J]	stage2_do_pre$_SDFF_PP0_/Q	stage2_aux[0]$_SDFFE_PP0P_/D
318	0.1104	stageI_do_pre	stageI_col[J]	stage2_do_pre$_SDFF_PP0_/Q	stage2_col[3]$_SDFFE_PP0P_/D
319	0.1107	state_calibrate[I]	dqs_store[I]	state_calibrate[4]$_SDFFE_PP0P_/Q	dqs_store[10]$_SDFFE_PP0P_/D
320	0.1109	stageI_next_bank[J]	stageI_do_update_delay_before_write_after_act	stage1_next_bank[1]$_SDFFE_PP0P_/Q	stage2_do_update_delay_before_write_after_act$_SDFF_PP0_/D
321	0.1129	stageI_row[J]	stageI_do_pre	stage1_row[10]$_SDFFE_PP0P_/Q	stage2_do_pre$_SDFF_PP0_/D
322	0.1132	write_pattern[I]	lane_write_dq_late[I]	write_pattern[0]$_SDFFE_PP0P_/Q	lane_write_dq_late[4]$_SDFFE_PP0P_/D
323	0.1139	index_wb_data	index_wb_data	index_wb_data$_SDFFE_PP0P_/Q	index_wb_data$_SDFFE_PP0P_/D
324	0.1139	delay_counter[I]	instruction[I]	delay_counter[0]$_SDFFE_PP1P_/Q	instruction[26]$_SDFFE_PP1P_/D
325	0.1153	read_test_address_counter[I]	read_test_address_counter[I]	read_test_address_counter[3]$_SDFFE_PP0P_/Q	read_test_address_counter[21]$_SDFFE_PP0P_/D
326	0.1169	dqs_store[I]	initial_dqs	dqs_store[26]$_SDFFE_PP0P_/Q	initial_dqs$_SDFFE_PP1P_/D
327	0.1170	data_start_index[I][J]	stageI_dm[J][K]	data_start_index[6][3]$_SDFFCE_PN0P_/Q	stage2_dm[1][54]$_SDFF_PP0_/D
328	0.1171	stageI_do_act	stageI_aux[J]	stage2_do_act$_SDFF_PP0_/Q	stage2_aux[0]$_SDFFE_PP0P_/D
329	0.1171	stageI_do_act	stageI_col[J]	stage2_do_act$_SDFF_PP0_/Q	stage2_col[3]$_SDFFE_PP0P_/D
330	0.1171	stageI_do_act	stageI_data_unaligned[J]	stage2_do_act$_SDFF_PP0_/Q	stage2_data_unaligned[100]$_SDFFE_PP0P_/D
331	0.1171	stageI_do_act	stageI_dm_unaligned[J]	stage2_do_act$_SDFF_PP0_/Q	stage2_dm_unaligned[0]$_SDFFE_PP0P_/D
332	0.1178	stageI_do_wr	delay_before_write_counter_q[I][J]	stage2_do_wr$_SDFF_PP0_/Q	delay_before_write_counter_q[3][0]$_SDFF_PP0_/D
333	0.1180	data_start_index[I][J]	stageI_dm[J][K]	data_start_index[6][3]$_SDFFCE_PN0P_/Q	stage2_dm[0][54]$_SDFFE_PP0N_/D
334	0.1201	state_calibrate[I]	added_read_pipe[I]	state_calibrate[2]$_SDFFE_PP0P_/QN	added_read_pipe[0]$_SDFFCE_PN0P_/D
335	0.1236	stageI_do_wr_or_rd	stageI_aux[J]	stage2_do_wr_or_rd$_SDFF_PP0_/Q	stage2_aux[0]$_SDFFE_PP0P_/D
336	0.1236	stageI_do_wr_or_rd	stageI_col[J]	stage2_do_wr_or_rd$_SDFF_PP0_/Q	stage2_col[3]$_SDFFE_PP0P_/D
337	0.1236	stageI_do_wr_or_rd	stageI_data_unaligned[J]	stage2_do_wr_or_rd$_SDFF_PP0_/Q	stage2_data_unaligned[100]$_SDFFE_PP0P_/D
338	0.1236	stageI_do_wr_or_rd	stageI_dm_unaligned[J]	stage2_do_wr_or_rd$_SDFF_PP0_/Q	stage2_dm_unaligned[0]$_SDFFE_PP0P_/D
339	0.1280	stageI_do_rd	delay_before_write_counter_q[I][J]	stage2_do_rd$_SDFF_PP0_/Q	delay_before_write_counter_q[3][0]$_SDFF_PP0_/D
340	0.1281	delay_before_write_counter_q[I][J]	delay_before_write_counter_q[I][J]	delay_before_write_counter_q[1][1]$_SDFF_PP0_/Q	delay_before_write_counter_q[3][0]$_SDFF_PP0_/D
341	0.1286	state_calibrate[I]	o_phy_write_leveling_calib	state_calibrate[4]$_SDFFE_PP0P_/Q	o_phy_write_leveling_calib$_SDFFE_PP0P_/D
342	0.1309	state_calibrate[I]	o_phy_bitslip[I]	state_calibrate[2]$_SDFFE_PP0P_/QN	o_phy_bitslip[1]$_SDFF_PP0_/D
343	0.1315	stageI_do_pre	stageI_pending	stage2_do_pre$_SDFF_PP0_/Q	stage2_pending$_SDFFE_PP0P_/D
344	0.1333	sync_rst_controller	dq_target_index[I][J]	sync_rst_controller$_DFF_P_/Q	dq_target_index[4][5]$_SDFFCE_PN0P_/D
345	0.1335	idelay_data_cntvaluein_prev[I]	dq_target_index[I][J]	idelay_data_cntvaluein_prev[1]$_SDFF_PP0_/QN	dq_target_index[4][5]$_SDFFCE_PN0P_/D
346	0.1338	stageI_do_rd	stageI_aux[J]	stage2_do_rd$_SDFF_PP0_/Q	stage2_aux[0]$_SDFFE_PP0P_/D
347	0.1338	stageI_do_rd	stageI_col[J]	stage2_do_rd$_SDFF_PP0_/Q	stage2_col[3]$_SDFFE_PP0P_/D
348	0.1338	stageI_do_rd	stageI_data_unaligned[J]	stage2_do_rd$_SDFF_PP0_/Q	stage2_data_unaligned[100]$_SDFFE_PP0P_/D
349	0.1338	stageI_do_rd	stageI_dm_unaligned[J]	stage2_do_rd$_SDFF_PP0_/Q	stage2_dm_unaligned[0]$_SDFFE_PP0P_/D
350	0.1367	lane_times_I[J]	sample_clk_repeat[I]	lane_times_8[4]$_SDFF_PP0_/Q	sample_clk_repeat[3]$_SDFFCE_PP0P_/D
351	0.1374	calib_we	write_test_address_counter[I]	calib_we$_SDFFE_PP0P_/Q	write_test_address_counter[23]$_SDFFE_PP0P_/D
352	0.1377	delay_before_write_level_feedback[I]	sample_clk_repeat[I]	delay_before_write_level_feedback[1]$_SDFF_PP0_/QN	sample_clk_repeat[3]$_SDFFCE_PP0P_/D
353	0.1380	lane_write_dq_late[I]	added_read_pipe[I]	lane_write_dq_late[0]$_SDFFE_PP0P_/Q	added_read_pipe[0]$_SDFFCE_PN0P_/D
354	0.1382	stageI_do_act	stageI_pending	stage2_do_act$_SDFF_PP0_/Q	stage2_pending$_SDFFE_PP0P_/D
355	0.1388	delay_before_write_level_feedback[I]	o_phy_odelay_data_ld[I]	delay_before_write_level_feedback[1]$_SDFF_PP0_/QN	o_phy_odelay_data_ld[0]$_SDFF_PP0_/D
356	0.1394	dqs_bitslip_arrangement[I]	sample_clk_repeat[I]	dqs_bitslip_arrangement[5]$_SDFFE_PP0P_/Q	sample_clk_repeat[3]$_SDFFCE_PP0P_/D
357	0.1401	stageI_bank[J]	stageI_do_wr	stage1_bank[1]$_SDFFE_PP0P_/Q	stage2_do_wr$_SDFF_PP0_/D
358	0.1402	write_pattern[I]	write_pattern_lane[I]	write_pattern[0]$_SDFFE_PP0P_/Q	write_pattern_lane[10]$_SDFF_PP0_/D
359	0.1403	idelay_data_cntvaluein[I][J]	o_phy_idelay_data_cntvaluein[I]	idelay_data_cntvaluein[3][0]$_SDFFCE_PN0P_/Q	o_phy_idelay_data_cntvaluein[0]
360	0.1403	idelay_dqs_cntvaluein[I][J]	o_phy_idelay_dqs_cntvaluein[I]	idelay_dqs_cntvaluein[3][0]$_SDFFCE_PN0P_/Q	o_phy_idelay_dqs_cntvaluein[0]
361	0.1413	dq_target_index[I][J]	dq_target_index[I][J]	dq_target_index[3][2]$_SDFFCE_PN0P_/Q	dq_target_index[0][5]$_SDFFCE_PN0P_/D
362	0.1419	state_calibrate[I]	read_data_store[I]	state_calibrate[1]$_SDFFE_PP0P_/Q	read_data_store[431]$_SDFFE_PP0P_/D
363	0.1431	odelay_dqs_cntvaluein[I][J]	o_phy_odelay_dqs_cntvaluein[I]	odelay_dqs_cntvaluein[3][0]$_SDFFCE_PN0P_/Q	o_phy_odelay_dqs_cntvaluein[0]
364	0.1432	odelay_data_cntvaluein[I][J]	o_phy_odelay_data_cntvaluein[I]	odelay_data_cntvaluein[3][0]$_SDFFCE_PN0P_/Q	o_phy_odelay_data_cntvaluein[0]
365	0.1440	state_calibrate[I]	o_phy_odelay_data_ld[I]	state_calibrate[1]$_SDFFE_PP0P_/Q	o_phy_odelay_data_ld[4]$_SDFF_PP0_/D
366	0.1447	stageI_do_wr_or_rd	stageI_pending	stage2_do_wr_or_rd$_SDFF_PP0_/Q	stage2_pending$_SDFFE_PP0P_/D
367	0.1454	state_calibrate[I]	write_by_byte_counter[I]	state_calibrate[1]$_SDFFE_PP0P_/Q	write_by_byte_counter[4]$_SDFFE_PP0P_/D
368	0.1472	state_calibrate[I]	o_phy_idelay_data_ld[I]	state_calibrate[1]$_SDFFE_PP0P_/Q	o_phy_idelay_data_ld[0]$_SDFF_PP0_/D
369	0.1485	stageI_data_unaligned[J]	stageI_data[J][K]	stage2_data_unaligned[470]$_SDFFE_PP0P_/Q	stage2_data[1][470]$_SDFF_PP0_/D
370	0.1506	delay_before_write_level_feedback[I]	lane[I]	delay_before_write_level_feedback[1]$_SDFF_PP0_/QN	lane[0]$_SDFFE_PP0P_/D
371	0.1508	pause_counter	precharge_all_instruction	pause_counter$_SDFFE_PP0P_/QN	precharge_all_instruction$_SDFF_PP0_/D
372	0.1515	delay_counter[I]	instruction_address[I]	delay_counter[0]$_SDFFE_PP1P_/Q	instruction_address[1]$_SDFF_PP0_/D
373	0.1521	read_lane_data_shifted[I]	start_index_check[I]	read_lane_data_shifted[6]$_SDFF_PP0_/Q	start_index_check[4]$_SDFFCE_PN0P_/D
374	0.1525	state_calibrate[I]	delay_before_read_data[I]	state_calibrate[1]$_SDFFE_PP0P_/Q	delay_before_read_data[3]$_SDFF_PP0_/D
375	0.1532	stageI_do_pre	delay_before_precharge_counter_q[I][J]	stage2_do_pre$_SDFF_PP0_/Q	delay_before_precharge_counter_q[3][2]$_SDFF_PP0_/D
376	0.1532	train_delay[I]	state_calibrate[I]	train_delay[1]$_SDFF_PP0_/QN	state_calibrate[1]$_SDFFE_PP0P_/D
377	0.1540	stageI_do_act	delay_before_precharge_counter_q[I][J]	stage2_do_act$_SDFF_PP0_/Q	delay_before_precharge_counter_q[3][2]$_SDFF_PP0_/D
378	0.1542	delay_before_precharge_counter_q[I][J]	stageI_do_update_delay_before_precharge_after_wr	delay_before_precharge_counter_q[4][0]$_SDFF_PP0_/QN	stage2_do_update_delay_before_precharge_after_wr$_SDFF_PP0_/D
379	0.1549	stageI_do_rd	stageI_pending	stage2_do_rd$_SDFF_PP0_/Q	stage2_pending$_SDFFE_PP0P_/D
380	0.1562	stageI_bank[J]	stageI_do_act	stage1_bank[2]$_SDFFE_PP0P_/Q	stage2_do_act$_SDFF_PP0_/D
381	0.1562	stageI_row[J]	o_phy_cmd[I]	stage2_row[2]$_SDFF_PP0_/Q	o_phy_cmd[26]
382	0.1567	instruction_address[I]	delay_counter_is_zero	instruction_address[1]$_SDFF_PP0_/Q	delay_counter_is_zero$_SDFF_PP0_/D
383	0.1575	i_phy_iserdes_dqs[I]	dqs_store[I]	i_phy_iserdes_dqs[24]	dqs_store[32]$_SDFFE_PP0P_/D
384	0.1604	stageI_pending	delay_before_precharge_counter_q[I][J]	stage2_pending$_SDFFE_PP0P_/Q	delay_before_precharge_counter_q[3][2]$_SDFF_PP0_/D
385	0.1607	lane_read_dq_early[I]	state_calibrate[I]	lane_read_dq_early[3]$_SDFFE_PP0P_/Q	state_calibrate[1]$_SDFFE_PP0P_/D
386	0.1612	i_phy_iserdes_data[I]	stored_write_level_feedback	i_phy_iserdes_data[56]	stored_write_level_feedback$_SDFFCE_PN0P_/D
387	0.1616	stageI_bank[J]	stageI_do_update_delay_before_write_after_act	stage1_bank[1]$_SDFFE_PP0P_/Q	stage2_do_update_delay_before_write_after_act$_SDFF_PP0_/D
388	0.1624	final_calibration_done	write_pattern[I]	final_calibration_done$_SDFFE_PP0P_/QN	write_pattern[0]$_SDFFE_PP0P_/D
389	0.1625	o_wb_ack_read_q[I][J]	write_pattern[I]	o_wb_ack_read_q[0][10]$_SDFF_PP0_/Q	write_pattern[0]$_SDFFE_PP0P_/D
390	0.1631	delay_before_write_level_feedback[I]	write_calib_odt	delay_before_write_level_feedback[1]$_SDFF_PP0_/QN	write_calib_odt$_SDFFE_PP0P_/D
391	0.1649	stageI_do_wr	stageI_aux[J]	stage2_do_wr$_SDFF_PP0_/Q	stage2_aux[0]$_SDFFE_PP0P_/D
392	0.1649	stageI_do_wr	stageI_col[J]	stage2_do_wr$_SDFF_PP0_/Q	stage2_col[3]$_SDFFE_PP0P_/D
393	0.1649	stageI_do_wr	stageI_data_unaligned[J]	stage2_do_wr$_SDFF_PP0_/Q	stage2_data_unaligned[100]$_SDFFE_PP0P_/D
394	0.1649	stageI_do_wr	stageI_dm_unaligned[J]	stage2_do_wr$_SDFF_PP0_/Q	stage2_dm_unaligned[0]$_SDFFE_PP0P_/D
395	0.1650	i_phy_idelayctrl_rdy	write_calib_odt	i_phy_idelayctrl_rdy	write_calib_odt$_SDFFE_PP0P_/D
396	0.1651	state_calibrate[I]	dqs_count_repeat[I]	state_calibrate[4]$_SDFFE_PP0P_/Q	dqs_count_repeat[2]$_SDFFE_PP0P_/D
397	0.1652	write_pattern[I]	start_index_check[I]	write_pattern[0]$_SDFFE_PP0P_/Q	start_index_check[4]$_SDFFCE_PN0P_/D
398	0.1654	lane_write_dq_late[I]	reset_from_calibrate	lane_write_dq_late[0]$_SDFFE_PP0P_/Q	reset_from_calibrate$_SDFF_PP0_/D
399	0.1656	state_calibrate[I]	calib_stb	state_calibrate[2]$_SDFFE_PP0P_/Q	calib_stb$_SDFFE_PP0P_/D
400	0.1662	stageI_do_update_delay_before_precharge_after_wr	stageI_do_update_delay_before_precharge_after_rd	stage2_do_update_delay_before_precharge_after_wr$_SDFF_PP0_/Q	stage2_do_update_delay_before_precharge_after_rd$_SDFF_PP0_/D
401	0.1666	state_calibrate[I]	train_delay[I]	state_calibrate[2]$_SDFFE_PP0P_/QN	train_delay[0]$_SDFF_PP0_/D
402	0.1671	stageI_do_pre	stageI_row[J]	stage2_do_pre$_SDFF_PP0_/Q	stage2_row[9]$_SDFF_PP0_/D
403	0.1674	instruction_address[I]	calib_stb	instruction_address[1]$_SDFF_PP0_/Q	calib_stb$_SDFFE_PP0P_/D
404	0.1680	delay_before_write_level_feedback[I]	write_calib_dqs	delay_before_write_level_feedback[1]$_SDFF_PP0_/QN	write_calib_dqs$_SDFFE_PP0P_/D
405	0.1692	instruction_address[I]	pause_counter	instruction_address[1]$_SDFF_PP0_/Q	pause_counter$_SDFFE_PP0P_/D
406	0.1700	state_calibrate[I]	prev_write_level_feedback	state_calibrate[4]$_SDFFE_PP0P_/Q	prev_write_level_feedback$_SDFFE_PP1P_/D
407	0.1707	stageI_do_wr	write_dqs[I]	stage2_do_wr$_SDFF_PP0_/Q	write_dqs[0]$_SDFF_PP0_/D
408	0.1708	state_calibrate[I]	dqs_start_index_stored[I]	state_calibrate[4]$_SDFFE_PP0P_/Q	dqs_start_index_stored[2]$_SDFFE_PP0P_/D
409	0.1711	stageI_pending	stageI_aux[J]	stage2_pending$_SDFFE_PP0P_/Q	stage2_aux[0]$_SDFFE_PP0P_/D
410	0.1711	stageI_pending	stageI_col[J]	stage2_pending$_SDFFE_PP0P_/Q	stage2_col[3]$_SDFFE_PP0P_/D
411	0.1711	stageI_pending	stageI_data_unaligned[J]	stage2_pending$_SDFFE_PP0P_/Q	stage2_data_unaligned[100]$_SDFFE_PP0P_/D
412	0.1711	stageI_pending	stageI_dm_unaligned[J]	stage2_pending$_SDFFE_PP0P_/Q	stage2_dm_unaligned[0]$_SDFFE_PP0P_/D
413	0.1716	pause_counter	instruction[I]	pause_counter$_SDFFE_PP0P_/QN	instruction[26]$_SDFFE_PP1P_/D
414	0.1720	i_phy_idelayctrl_rdy	o_phy_odelay_data_ld[I]	i_phy_idelayctrl_rdy	o_phy_odelay_data_ld[4]$_SDFF_PP0_/D
415	0.1734	instruction_address[I]	delay_counter[I]	instruction_address[1]$_SDFF_PP0_/Q	delay_counter[15]$_SDFFE_PP0P_/D
416	0.1735	train_delay[I]	sample_clk_repeat[I]	train_delay[1]$_SDFF_PP0_/QN	sample_clk_repeat[3]$_SDFFCE_PP0P_/D
417	0.1736	i_wb_cyc	o_wb_stall_int_q	i_wb_cyc	o_wb_stall_int_q$_SDFF_PP1_/D
418	0.1738	stageI_do_act	stageI_row[J]	stage2_do_act$_SDFF_PP0_/Q	stage2_row[9]$_SDFF_PP0_/D
419	0.1740	force_o_wb_stall_calib_high_q	state_calibrate[I]	force_o_wb_stall_calib_high_q$_SDFF_PP0_/Q	state_calibrate[1]$_SDFFE_PP0P_/D
420	0.1742	state_calibrate[I]	added_read_pipe_max	state_calibrate[2]$_SDFFE_PP0P_/QN	added_read_pipe_max$_SDFFE_PP0P_/D
421	0.1743	added_read_pipe_max	o_wb_data_q[I][J]	added_read_pipe_max$_SDFFE_PP0P_/Q	o_wb_data_q[0][100]$_SDFFE_PP0P_/D
422	0.1753	i_phy_idelayctrl_rdy	o_phy_idelay_data_ld[I]	i_phy_idelayctrl_rdy	o_phy_idelay_data_ld[0]$_SDFF_PP0_/D
423	0.1754	stageI_do_wr_or_rd	write_dqs[I]	stage2_do_wr_or_rd$_SDFF_PP0_/Q	write_dqs[0]$_SDFF_PP0_/D
424	0.1766	instruction_address[I]	write_calib_odt	instruction_address[0]$_SDFF_PP0_/Q	write_calib_odt$_SDFFE_PP0P_/D
425	0.1774	o_wb_stall_int_q	state_calibrate[I]	o_wb_stall_int_q$_SDFF_PP1_/Q	state_calibrate[1]$_SDFFE_PP0P_/D
426	0.1777	dqs_start_index_stored[I]	added_read_pipe[I]	dqs_start_index_stored[0]$_SDFFE_PP0P_/Q	added_read_pipe[0]$_SDFFCE_PN0P_/D
427	0.1782	stageI_next_bank[J]	delay_before_precharge_counter_q[I][J]	stage1_next_bank[2]$_SDFFE_PP0P_/Q	delay_before_precharge_counter_q[0][0]$_SDFF_PP0_/D
428	0.1789	stageI_bank[J]	delay_before_precharge_counter_q[I][J]	stage2_bank[2]$_SDFF_PP0_/Q	delay_before_precharge_counter_q[0][0]$_SDFF_PP0_/D
429	0.1794	delay_before_read_data[I]	o_phy_cmd[I]	delay_before_read_data[1]$_SDFF_PP0_/QN	o_phy_cmd[71]
430	0.1798	write_test_address_counter[I]	calib_data[I]	write_test_address_counter[0]$_SDFFE_PP0P_/Q	calib_data[208]$_SDFFE_PP0P_/D
431	0.1798	state_calibrate[I]	stored_write_level_feedback	state_calibrate[4]$_SDFFE_PP0P_/Q	stored_write_level_feedback$_SDFFCE_PN0P_/D
432	0.1803	stageI_do_wr_or_rd	stageI_row[J]	stage2_do_wr_or_rd$_SDFF_PP0_/Q	stage2_row[9]$_SDFF_PP0_/D
433	0.1804	i_phy_idelayctrl_rdy	lane[I]	i_phy_idelayctrl_rdy	lane[0]$_SDFFE_PP0P_/D
434	0.1815	o_phy_odelay_data_ld[I]	odelay_data_cntvaluein[I][J]	o_phy_odelay_data_ld[3]$_SDFF_PP0_/Q	odelay_data_cntvaluein[4][3]$_SDFFCE_PN0P_/D
435	0.1815	instruction_address[I]	write_calib_dqs	instruction_address[0]$_SDFF_PP0_/Q	write_calib_dqs$_SDFFE_PP0P_/D
436	0.1822	o_phy_idelay_data_ld[I]	idelay_data_cntvaluein[I][J]	o_phy_idelay_data_ld[3]$_SDFF_PP0_/Q	idelay_data_cntvaluein[0][3]$_SDFFCE_PN0P_/D
437	0.1822	o_phy_idelay_data_ld[I]	idelay_dqs_cntvaluein[I][J]	o_phy_idelay_data_ld[3]$_SDFF_PP0_/Q	idelay_dqs_cntvaluein[0][4]$_SDFFCE_PN0P_/D
438	0.1822	o_phy_odelay_data_ld[I]	odelay_dqs_cntvaluein[I][J]	o_phy_odelay_data_ld[3]$_SDFF_PP0_/Q	odelay_dqs_cntvaluein[0][4]$_SDFFCE_PN0P_/D
439	0.1848	dqs_start_index_stored[I]	dqs_bitslip_arrangement[I]	dqs_start_index_stored[0]$_SDFFE_PP0P_/Q	dqs_bitslip_arrangement[1]$_SDFFE_PP0P_/D
440	0.1852	write_pattern_matches	data_start_index[I][J]	write_pattern_matches$_SDFF_PP0_/Q	data_start_index[7][0]$_SDFFCE_PN0P_/D
441	0.1860	stageI_do_wr	stageI_pending	stage2_do_wr$_SDFF_PP0_/Q	stage2_pending$_SDFFE_PP0P_/D
442	0.1861	late_dq[I]	stageI_data[J][K]	late_dq[2]$_DFF_P_/Q	stage2_data[0][465]$_SDFFE_PP0N_/D
443	0.1872	stageI_bank[J]	bank_active_row_q[I][J]	stage2_bank[2]$_SDFF_PP0_/Q	bank_active_row_q[2][0]$_SDFF_PP0_/D
444	0.1905	stageI_do_rd	stageI_row[J]	stage2_do_rd$_SDFF_PP0_/Q	stage2_row[9]$_SDFF_PP0_/D
445	0.1906	read_lane_data_shifted[I]	reset_from_calibrate	read_lane_data_shifted[6]$_SDFF_PP0_/Q	reset_from_calibrate$_SDFF_PP0_/D
446	0.1914	stageI_next_bank[J]	bank_active_row_q[I][J]	stage1_next_bank[2]$_SDFFE_PP0P_/Q	bank_active_row_q[7][0]$_SDFF_PP0_/D
447	0.1915	late_dq[I]	unaligned_data[I][J]	late_dq[2]$_DFF_P_/Q	unaligned_data[2][1]$_SDFF_PP0_/D
448	0.1919	stageI_do_wr	write_dqs_val[I]	stage2_do_wr$_SDFF_PP0_/Q	write_dqs_val[0]$_SDFF_PP0_/D
449	0.1922	stageI_pending	stageI_pending	stage2_pending$_SDFFE_PP0P_/Q	stage2_pending$_SDFFE_PP0P_/D
450	0.1940	stageI_do_act	bank_active_row_q[I][J]	stage2_do_act$_SDFF_PP0_/Q	bank_active_row_q[0][0]$_SDFF_PP0_/D
451	0.1945	stageI_next_bank[J]	delay_before_read_counter_q[I][J]	stage1_next_bank[2]$_SDFFE_PP0P_/Q	delay_before_read_counter_q[3][0]$_SDFF_PP0_/D
452	0.1946	i_phy_idelayctrl_rdy	write_calib_dqs	i_phy_idelayctrl_rdy	write_calib_dqs$_SDFFE_PP0P_/D
453	0.1953	state_calibrate[I]	final_calibration_done	state_calibrate[1]$_SDFFE_PP0P_/Q	final_calibration_done$_SDFFE_PP0P_/D
454	0.1953	dqs_start_index_stored[I]	dq_target_index[I][J]	dqs_start_index_stored[0]$_SDFFE_PP0P_/Q	dq_target_index[0][4]$_SDFFCE_PN0P_/D
455	0.1963	stageI_do_update_delay_before_precharge_after_rd	stageI_do_update_delay_before_precharge_after_rd	stage2_do_update_delay_before_precharge_after_rd$_SDFF_PP0_/Q	stage2_do_update_delay_before_precharge_after_rd$_SDFF_PP0_/D
456	0.1965	stageI_do_wr_or_rd	write_dqs_val[I]	stage2_do_wr_or_rd$_SDFF_PP0_/Q	write_dqs_val[0]$_SDFF_PP0_/D
457	0.1970	dqs_start_index_stored[I]	state_calibrate[I]	dqs_start_index_stored[0]$_SDFFE_PP0P_/Q	state_calibrate[2]$_SDFFE_PP0P_/D
458	0.1973	odelay_dqs_cntvaluein[I][J]	odelay_dqs_cntvaluein[I][J]	odelay_dqs_cntvaluein[3][1]$_SDFFCE_PN0P_/Q	odelay_dqs_cntvaluein[2][1]$_SDFFCE_PN0P_/D
459	0.1973	stageI_next_bank[J]	bank_status_q[I]	stage1_next_bank[2]$_SDFFE_PP0P_/Q	bank_status_q[3]$_SDFF_PP0_/D
460	0.1974	delay_before_read_data[I]	dqs_start_index[I]	delay_before_read_data[1]$_SDFF_PP0_/QN	dqs_start_index[5]$_SDFFE_PP0P_/D
461	0.1974	odelay_data_cntvaluein[I][J]	odelay_data_cntvaluein[I][J]	odelay_data_cntvaluein[3][1]$_SDFFCE_PN0P_/Q	odelay_data_cntvaluein[2][1]$_SDFFCE_PN0P_/D
462	0.1980	stageI_bank[J]	bank_status_q[I]	stage2_bank[2]$_SDFF_PP0_/Q	bank_status_q[3]$_SDFF_PP0_/D
463	0.1989	dqs_bitslip_arrangement[I]	lane[I]	dqs_bitslip_arrangement[5]$_SDFFE_PP0P_/Q	lane[0]$_SDFFE_PP0P_/D
464	0.1994	data_start_index[I][J]	late_dq[I]	data_start_index[2][3]$_SDFFCE_PN0P_/Q	late_dq[2]$_DFF_P_/D
465	0.1998	idelay_data_cntvaluein[I][J]	idelay_data_cntvaluein[I][J]	idelay_data_cntvaluein[3][0]$_SDFFCE_PN0P_/Q	idelay_data_cntvaluein[4][1]$_SDFFCE_PN0P_/D
466	0.1998	delay_counter[I]	delay_counter_is_zero	delay_counter[0]$_SDFFE_PP1P_/Q	delay_counter_is_zero$_SDFF_PP0_/D
467	0.1999	state_calibrate[I]	write_pattern[I]	state_calibrate[1]$_SDFFE_PP0P_/Q	write_pattern[0]$_SDFFE_PP0P_/D
468	0.2001	state_calibrate[I]	lane_write_dq_late[I]	state_calibrate[2]$_SDFFE_PP0P_/QN	lane_write_dq_late[4]$_SDFFE_PP0P_/D
469	0.2003	stageI_bank[J]	stageI_do_update_delay_before_precharge_after_rd	stage1_bank[1]$_SDFFE_PP0P_/Q	stage2_do_update_delay_before_precharge_after_rd$_SDFF_PP0_/D
470	0.2011	sample_clk_repeat[I]	o_phy_odelay_data_ld[I]	sample_clk_repeat[0]$_SDFFCE_PP0P_/Q	o_phy_odelay_data_ld[0]$_SDFF_PP0_/D
471	0.2014	instruction_address[I]	o_phy_odelay_data_ld[I]	instruction_address[4]$_SDFF_PP0_/Q	o_phy_odelay_data_ld[4]$_SDFF_PP0_/D
472	0.2017	final_calibration_done	calib_stb	final_calibration_done$_SDFFE_PP0P_/QN	calib_stb$_SDFFE_PP0P_/D
473	0.2019	o_wb_ack_read_q[I][J]	calib_stb	o_wb_ack_read_q[0][10]$_SDFF_PP0_/Q	calib_stb$_SDFFE_PP0P_/D
474	0.2022	stageI_do_wr	write_dqs_q[I]	stage2_do_wr$_SDFF_PP0_/Q	write_dqs_q[0]$_SDFF_PP0_/D
475	0.2029	i_phy_idelayctrl_rdy	o_phy_write_leveling_calib	i_phy_idelayctrl_rdy	o_phy_write_leveling_calib$_SDFFE_PP0P_/D
476	0.2029	state_calibrate[I]	lane_read_dq_early[I]	state_calibrate[2]$_SDFFE_PP0P_/QN	lane_read_dq_early[4]$_SDFFE_PP0P_/D
477	0.2034	stageI_pending	bank_active_row_q[I][J]	stage1_pending$_SDFFE_PP0P_/Q	bank_active_row_q[7][5]$_SDFF_PP0_/D
478	0.2036	final_calibration_done	stageI_next_bank[J]	final_calibration_done$_SDFFE_PP0P_/QN	stage1_next_bank[1]$_SDFFE_PP0P_/D
479	0.2036	final_calibration_done	stageI_next_row[J]	final_calibration_done$_SDFFE_PP0P_/QN	stage1_next_row[11]$_SDFFE_PP0P_/D
480	0.2038	write_pattern[I]	reset_from_calibrate	write_pattern[0]$_SDFFE_PP0P_/Q	reset_from_calibrate$_SDFF_PP0_/D
481	0.2046	instruction_address[I]	o_phy_idelay_data_ld[I]	instruction_address[4]$_SDFF_PP0_/Q	o_phy_idelay_data_ld[0]$_SDFF_PP0_/D
482	0.2056	idelay_dqs_cntvaluein[I][J]	idelay_dqs_cntvaluein[I][J]	idelay_dqs_cntvaluein[3][0]$_SDFFCE_PN0P_/Q	idelay_dqs_cntvaluein[0][1]$_SDFFCE_PN0P_/D
483	0.2062	state_calibrate[I]	start_index_check[I]	state_calibrate[4]$_SDFFE_PP0P_/Q	start_index_check[5]$_SDFFCE_PN0P_/D
484	0.2064	sync_rst_controller	idelay_dqs_cntvaluein[I][J]	sync_rst_controller$_DFF_P_/Q	idelay_dqs_cntvaluein[0][0]$_SDFFCE_PN0P_/D
485	0.2064	sync_rst_controller	odelay_data_cntvaluein[I][J]	sync_rst_controller$_DFF_P_/Q	odelay_data_cntvaluein[0][0]$_SDFFCE_PN0P_/D
486	0.2064	sync_rst_controller	odelay_dqs_cntvaluein[I][J]	sync_rst_controller$_DFF_P_/Q	odelay_dqs_cntvaluein[0][2]$_SDFFCE_PN0P_/D
487	0.2064	stageI_do_pre	bank_active_row_q[I][J]	stage2_do_pre$_SDFF_PP0_/Q	bank_active_row_q[0][0]$_SDFF_PP0_/D
488	0.2068	sync_rst_controller	idelay_data_cntvaluein[I][J]	sync_rst_controller$_DFF_P_/Q	idelay_data_cntvaluein[0][0]$_SDFFCE_PN0P_/D
489	0.2069	stageI_do_wr_or_rd	write_dqs_q[I]	stage2_do_wr_or_rd$_SDFF_PP0_/Q	write_dqs_q[0]$_SDFF_PP0_/D
490	0.2075	late_dq[I]	stageI_dm[J][K]	late_dq[0]$_DFF_P_/Q	stage2_dm[1][0]$_SDFF_PP0_/D
491	0.2084	delay_before_write_level_feedback[I]	o_phy_write_leveling_calib	delay_before_write_level_feedback[1]$_SDFF_PP0_/QN	o_phy_write_leveling_calib$_SDFFE_PP0P_/D
492	0.2086	start_index_check[I]	data_start_index[I][J]	start_index_check[4]$_SDFFCE_PN0P_/Q	data_start_index[7][0]$_SDFFCE_PN0P_/D
493	0.2089	stageI_next_bank[J]	delay_before_write_counter_q[I][J]	stage1_next_bank[2]$_SDFFE_PP0P_/Q	delay_before_write_counter_q[6][0]$_SDFF_PP0_/D
494	0.2090	delay_before_write_level_feedback[I]	prev_write_level_feedback	delay_before_write_level_feedback[1]$_SDFF_PP0_/QN	prev_write_level_feedback$_SDFFE_PP1P_/D
495	0.2092	pause_counter	instruction_address[I]	pause_counter$_SDFFE_PP0P_/QN	instruction_address[1]$_SDFF_PP0_/D
496	0.2101	dqs_bitslip_arrangement[I]	o_phy_write_leveling_calib	dqs_bitslip_arrangement[5]$_SDFFE_PP0P_/Q	o_phy_write_leveling_calib$_SDFFE_PP0P_/D
497	0.2103	sync_rst_controller	shift_reg_read_pipe_q[I][J]	sync_rst_controller$_DFF_P_/Q	shift_reg_read_pipe_q[4][10]$_SDFF_PP0_/D
498	0.2104	start_index_check[I]	state_calibrate[I]	start_index_check[4]$_SDFFCE_PN0P_/Q	state_calibrate[1]$_SDFFE_PP0P_/D
499	0.2107	dqs_start_index_stored[I]	delay_before_read_data[I]	dqs_start_index_stored[0]$_SDFFE_PP0P_/Q	delay_before_read_data[3]$_SDFF_PP0_/D
500	0.2107	dq_target_index[I][J]	dqs_bitslip_arrangement[I]	dq_target_index[3][2]$_SDFFCE_PN0P_/Q	dqs_bitslip_arrangement[4]$_SDFFE_PP0P_/D
501	0.2108	dqs_bitslip_arrangement[I]	prev_write_level_feedback	dqs_bitslip_arrangement[5]$_SDFFE_PP0P_/Q	prev_write_level_feedback$_SDFFE_PP1P_/D
502	0.2115	stageI_do_act	bank_status_q[I]	stage2_do_act$_SDFF_PP0_/Q	bank_status_q[3]$_SDFF_PP0_/D
503	0.2118	i_phy_idelayctrl_rdy	final_calibration_done	i_phy_idelayctrl_rdy	final_calibration_done$_SDFFE_PP0P_/D
504	0.2123	late_dq[I]	stageI_data[J][K]	late_dq[3]$_DFF_P_/Q	stage2_data[1][24]$_SDFF_PP0_/D
505	0.2127	instruction_address[I]	lane[I]	instruction_address[4]$_SDFF_PP0_/Q	lane[0]$_SDFFE_PP0P_/D
506	0.2129	instruction[I]	o_phy_cmd[I]	instruction[5]$_SDFFE_PP0P_/Q	o_phy_cmd[29]
507	0.2131	final_calibration_done	stageI_dm[J]	final_calibration_done$_SDFFE_PP0P_/QN	stage1_dm[58]$_SDFFE_PP0P_/D
508	0.2132	bank_status_q[I]	stageI_do_pre	bank_status_q[7]$_SDFF_PP0_/Q	stage2_do_pre$_SDFF_PP0_/D
509	0.2136	write_pattern_lane[I]	write_pattern_matches	write_pattern_lane[59]$_SDFF_PP0_/Q	write_pattern_matches$_SDFF_PP0_/D
510	0.2157	dqs_start_index_stored[I]	o_phy_idelay_data_ld[I]	dqs_start_index_stored[0]$_SDFFE_PP0P_/Q	o_phy_idelay_data_ld[7]$_SDFF_PP0_/D
511	0.2170	i_wb_stb	o_wb_stall_int_q	i_wb_stb	o_wb_stall_int_q$_SDFF_PP1_/D
512	0.2172	o_wb_stall_int_q	stageI_next_bank[J]	o_wb_stall_int_q$_SDFF_PP1_/Q	stage1_next_bank[1]$_SDFFE_PP0P_/D
513	0.2172	o_wb_stall_int_q	stageI_next_row[J]	o_wb_stall_int_q$_SDFF_PP1_/Q	stage1_next_row[11]$_SDFFE_PP0P_/D
514	0.2172	read_lane_data[I]	write_pattern_matches	read_lane_data[59]$_SDFF_PP0_/Q	write_pattern_matches$_SDFF_PP0_/D
515	0.2184	dqs_target_index[I]	added_read_pipe[I]	dqs_target_index[0]$_SDFFE_PP0P_/Q	added_read_pipe[0]$_SDFFCE_PN0P_/D
516	0.2186	state_calibrate[I]	dqs_start_index_repeat	state_calibrate[1]$_SDFFE_PP0P_/Q	dqs_start_index_repeat$_SDFFE_PP0P_/D
517	0.2189	delay_before_write_level_feedback[I]	stored_write_level_feedback	delay_before_write_level_feedback[1]$_SDFF_PP0_/QN	stored_write_level_feedback$_SDFFCE_PN0P_/D
518	0.2197	stageI_do_pre	write_ack_index_q[I]	stage2_do_pre$_SDFF_PP0_/Q	write_ack_index_q[2]$_SDFFE_PP0P_/D
519	0.2205	reset_done	stageI_next_bank[J]	reset_done$_SDFFE_PP0P_/Q	stage1_next_bank[1]$_SDFFE_PP0P_/D
520	0.2205	reset_done	stageI_next_row[J]	reset_done$_SDFFE_PP0P_/Q	stage1_next_row[11]$_SDFFE_PP0P_/D
521	0.2206	dqs_bitslip_arrangement[I]	stored_write_level_feedback	dqs_bitslip_arrangement[5]$_SDFFE_PP0P_/Q	stored_write_level_feedback$_SDFFCE_PN0P_/D
522	0.2208	lane_write_dq_late[I]	lane_read_dq_early[I]	lane_write_dq_late[0]$_SDFFE_PP0P_/Q	lane_read_dq_early[4]$_SDFFE_PP0P_/D
523	0.2215	stageI_do_wr	stageI_row[J]	stage2_do_wr$_SDFF_PP0_/Q	stage2_row[9]$_SDFF_PP0_/D
524	0.2222	delay_before_read_data[I]	dqs_store[I]	delay_before_read_data[1]$_SDFF_PP0_/QN	dqs_store[10]$_SDFFE_PP0P_/D
525	0.2226	stageI_do_pre	write_dqs[I]	stage2_do_pre$_SDFF_PP0_/Q	write_dqs[0]$_SDFF_PP0_/D
526	0.2226	force_o_wb_stall_calib_high_q	calib_addr[I]	force_o_wb_stall_calib_high_q$_SDFF_PP0_/Q	calib_addr[15]$_SDFFE_PP0P_/D
527	0.2234	stageI_do_act	write_dqs[I]	stage2_do_act$_SDFF_PP0_/Q	write_dqs[0]$_SDFF_PP0_/D
528	0.2240	stageI_do_pre	bank_status_q[I]	stage2_do_pre$_SDFF_PP0_/Q	bank_status_q[3]$_SDFF_PP0_/D
529	0.2255	dqs_target_index[I]	dqs_bitslip_arrangement[I]	dqs_target_index[0]$_SDFFE_PP0P_/Q	dqs_bitslip_arrangement[1]$_SDFFE_PP0P_/D
530	0.2260	dqs_start_index[I]	dqs_start_index_stored[I]	dqs_start_index[1]$_SDFFE_PP0P_/Q	dqs_start_index_stored[1]$_SDFFE_PP0P_/D
531	0.2260	o_wb_stall_int_q	calib_addr[I]	o_wb_stall_int_q$_SDFF_PP1_/Q	calib_addr[15]$_SDFFE_PP0P_/D
532	0.2261	stageI_pending	bank_status_q[I]	stage2_pending$_SDFFE_PP0P_/Q	bank_status_q[3]$_SDFF_PP0_/D
533	0.2263	final_calibration_done	reset_from_test	final_calibration_done$_SDFFE_PP0P_/QN	reset_from_test$_SDFF_PP0_/D
534	0.2265	sample_clk_repeat[I]	lane[I]	sample_clk_repeat[0]$_SDFFCE_PP0P_/Q	lane[0]$_SDFFE_PP0P_/D
535	0.2265	stageI_do_act	write_ack_index_q[I]	stage2_do_act$_SDFF_PP0_/Q	write_ack_index_q[2]$_SDFFE_PP0P_/D
536	0.2268	force_o_wb_stall_high_q	stageI_next_bank[J]	force_o_wb_stall_high_q$_SDFF_PP0_/Q	stage1_next_bank[1]$_SDFFE_PP0P_/D
537	0.2268	force_o_wb_stall_high_q	stageI_next_row[J]	force_o_wb_stall_high_q$_SDFF_PP0_/Q	stage1_next_row[11]$_SDFFE_PP0P_/D
538	0.2273	stageI_do_act	cmd_odt_q	stage2_do_act$_SDFF_PP0_/Q	cmd_odt_q$_SDFF_PP0_/D
539	0.2275	write_by_byte_counter[I]	calib_sel[I]	write_by_byte_counter[1]$_SDFFE_PP0P_/Q	calib_sel[59]$_SDFFE_PP0P_/D
540	0.2277	stageI_pending	stageI_row[J]	stage2_pending$_SDFFE_PP0P_/Q	stage2_row[9]$_SDFF_PP0_/D
541	0.2280	o_wb_stall_int_q	stageI_aux[J]	o_wb_stall_int_q$_SDFF_PP1_/Q	stage1_aux[10]$_SDFFE_PP0P_/D
542	0.2286	calib_addr[I]	stageI_next_bank[J]	calib_addr[6]$_SDFFE_PP0P_/Q	stage1_next_bank[2]$_SDFFE_PP0P_/D
543	0.2291	bank_status_q[I]	o_wb_stall_int_q	bank_status_q[7]$_SDFF_PP0_/Q	o_wb_stall_int_q$_SDFF_PP1_/D
544	0.2292	o_wb_stall_int_q	stageI_dm[J]	o_wb_stall_int_q$_SDFF_PP1_/Q	stage1_dm[57]$_SDFFE_PP0P_/D
545	0.2298	stageI_pending	write_dqs[I]	stage2_pending$_SDFFE_PP0P_/Q	write_dqs[0]$_SDFF_PP0_/D
546	0.2309	reset_done	stageI_data[J]	reset_done$_SDFFE_PP0P_/Q	stage1_data[309]$_SDFFE_PP0P_/D
547	0.2316	force_o_wb_stall_calib_high_q	calib_sel[I]	force_o_wb_stall_calib_high_q$_SDFF_PP0_/Q	calib_sel[31]$_SDFFE_PP0P_/D
548	0.2325	reset_done	stageI_dm[J]	reset_done$_SDFFE_PP0P_/Q	stage1_dm[57]$_SDFFE_PP0P_/D
549	0.2326	state_calibrate[I]	initial_dqs	state_calibrate[4]$_SDFFE_PP0P_/Q	initial_dqs$_SDFFE_PP1P_/D
550	0.2328	force_o_wb_stall_calib_high_q	calib_aux[I]	force_o_wb_stall_calib_high_q$_SDFF_PP0_/Q	calib_aux[1]$_SDFFE_PP0P_/D
551	0.2329	train_delay[I]	lane[I]	train_delay[1]$_SDFF_PP0_/QN	lane[0]$_SDFFE_PP0P_/D
552	0.2331	stageI_do_pre	stageI_we	stage2_do_pre$_SDFF_PP0_/Q	stage2_we$_SDFF_PP0_/D
553	0.2337	i_wb_addr[I]	stageI_row[J]	i_wb_addr[13]	stage1_row[3]$_SDFFE_PP0P_/D
554	0.2337	o_wb_stall_int_q	stageI_data[J]	o_wb_stall_int_q$_SDFF_PP1_/Q	stage1_data[309]$_SDFFE_PP0P_/D
555	0.2343	sync_rst_controller	calib_aux[I]	sync_rst_controller$_DFF_P_/Q	calib_aux[0]$_SDFFE_PP0P_/D
556	0.2343	sync_rst_controller	delay_before_precharge_counter_q[I][J]	sync_rst_controller$_DFF_P_/Q	delay_before_precharge_counter_q[0][2]$_SDFF_PP0_/D
557	0.2343	sync_rst_controller	instruction[I]	sync_rst_controller$_DFF_P_/Q	instruction[10]$_SDFFE_PP0P_/D
558	0.2343	sync_rst_controller	lane_write_dq_late[I]	sync_rst_controller$_DFF_P_/Q	lane_write_dq_late[0]$_SDFFE_PP0P_/D
559	0.2343	sync_rst_controller	stageI_dm[J][K]	sync_rst_controller$_DFF_P_/Q	stage2_dm[0][59]$_SDFFE_PP0N_/D
560	0.2343	sync_rst_controller	stageI_dm[J][K]	sync_rst_controller$_DFF_P_/Q	stage2_dm[1][63]$_SDFF_PP0_/D
561	0.2344	final_calibration_done	stageI_aux[J]	final_calibration_done$_SDFFE_PP0P_/QN	stage1_aux[0]$_SDFFE_PP0P_/D
562	0.2349	final_calibration_done	stageI_bank[J]	final_calibration_done$_SDFFE_PP0P_/QN	stage1_bank[2]$_SDFFE_PP0P_/D
563	0.2349	final_calibration_done	stageI_col[J]	final_calibration_done$_SDFFE_PP0P_/QN	stage1_col[9]$_SDFFE_PP0P_/D
564	0.2349	final_calibration_done	stageI_data[J]	final_calibration_done$_SDFFE_PP0P_/QN	stage1_data[511]$_SDFFE_PP0P_/D
565	0.2349	final_calibration_done	stageI_row[J]	final_calibration_done$_SDFFE_PP0P_/QN	stage1_row[13]$_SDFFE_PP0P_/D
566	0.2349	final_calibration_done	stageI_we	final_calibration_done$_SDFFE_PP0P_/QN	stage1_we$_SDFFE_PP0P_/D
567	0.2350	o_wb_stall_int_q	calib_sel[I]	o_wb_stall_int_q$_SDFF_PP1_/Q	calib_sel[31]$_SDFFE_PP0P_/D
568	0.2357	o_wb_data_q[I][J]	o_wb_data[I]	o_wb_data_q[0][189]$_SDFFE_PP0P_/Q	o_wb_data[189]
569	0.2358	stageI_dm_unaligned[J]	stageI_dm[J][K]	stage2_dm_unaligned[62]$_SDFFE_PP0P_/Q	stage2_dm[1][62]$_SDFF_PP0_/D
570	0.2358	stageI_dm_unaligned[J]	stageI_dm[J][K]	stage2_dm_unaligned[62]$_SDFFE_PP0P_/Q	stage2_dm[0][62]$_SDFFE_PP0N_/D
571	0.2358	final_calibration_done	o_wb_ack_read_q[I][J]	final_calibration_done$_SDFFE_PP0P_/Q	o_wb_ack_read_q[1][10]$_SDFF_PP0_/D
572	0.2361	delay_before_write_level_feedback[I]	pause_counter	delay_before_write_level_feedback[1]$_SDFF_PP0_/QN	pause_counter$_SDFFE_PP0P_/D
573	0.2362	o_wb_stall_int_q	calib_aux[I]	o_wb_stall_int_q$_SDFF_PP1_/Q	calib_aux[1]$_SDFFE_PP0P_/D
574	0.2362	sync_rst_controller	o_wb_data_q[I][J]	sync_rst_controller$_DFF_P_/Q	o_wb_data_q[0][136]$_SDFFE_PP0P_/D
575	0.2365	o_wb_ack_read_q[I][J]	reset_from_test	o_wb_ack_read_q[0][0]$_SDFF_PP0_/Q	reset_from_test$_SDFF_PP0_/D
576	0.2366	sync_rst_controller	stageI_do_rd	sync_rst_controller$_DFF_P_/Q	stage2_do_rd$_SDFF_PP0_/D
577	0.2368	instruction_address[I]	o_phy_write_leveling_calib	instruction_address[4]$_SDFF_PP0_/Q	o_phy_write_leveling_calib$_SDFFE_PP0P_/D
578	0.2375	force_o_wb_stall_calib_high_q	stageI_next_bank[J]	force_o_wb_stall_calib_high_q$_SDFF_PP0_/Q	stage1_next_bank[1]$_SDFFE_PP0P_/D
579	0.2375	force_o_wb_stall_calib_high_q	stageI_next_row[J]	force_o_wb_stall_calib_high_q$_SDFF_PP0_/Q	stage1_next_row[11]$_SDFFE_PP0P_/D
580	0.2376	sync_rst_controller	calib_data[I]	sync_rst_controller$_DFF_P_/Q	calib_data[16]$_SDFFE_PP0P_/D
581	0.2376	o_wb_stall_int_q	stageI_pending	o_wb_stall_int_q$_SDFF_PP1_/Q	stage1_pending$_SDFFE_PP0P_/D
582	0.2377	dqs_target_index[I]	state_calibrate[I]	dqs_target_index[0]$_SDFFE_PP0P_/Q	state_calibrate[2]$_SDFFE_PP0P_/D
583	0.2377	sync_rst_controller	stageI_data[J][K]	sync_rst_controller$_DFF_P_/Q	stage2_data[0][451]$_SDFFE_PP0N_/D
584	0.2381	prep_done[I]	dq_target_index[I][J]	prep_done[1]$_SDFF_PP0_/Q	dq_target_index[0][3]$_SDFFCE_PN0P_/D
585	0.2383	force_o_wb_stall_high_q	stageI_aux[J]	force_o_wb_stall_high_q$_SDFF_PP0_/Q	stage1_aux[10]$_SDFFE_PP0P_/D
586	0.2384	sync_rst_controller	dqs_bitslip_arrangement[I]	sync_rst_controller$_DFF_P_/Q	dqs_bitslip_arrangement[0]$_SDFFE_PP0P_/D
587	0.2385	write_by_byte_counter[I]	write_by_byte_counter[I]	write_by_byte_counter[1]$_SDFFE_PP0P_/Q	write_by_byte_counter[5]$_SDFFE_PP0P_/D
588	0.2386	sync_rst_controller	stageI_data[J][K]	sync_rst_controller$_DFF_P_/Q	stage2_data[1][496]$_SDFF_PP0_/D
589	0.2388	force_o_wb_stall_high_q	stageI_dm[J]	force_o_wb_stall_high_q$_SDFF_PP0_/Q	stage1_dm[57]$_SDFFE_PP0P_/D
590	0.2394	prev_write_level_feedback	state_calibrate[I]	prev_write_level_feedback$_SDFFE_PP1P_/Q	state_calibrate[1]$_SDFFE_PP0P_/D
591	0.2394	sync_rst_controller	write_pattern_lane[I]	sync_rst_controller$_DFF_P_/Q	write_pattern_lane[0]$_SDFF_PP0_/D
592	0.2399	reset_done	stageI_aux[J]	reset_done$_SDFFE_PP0P_/Q	stage1_aux[10]$_SDFFE_PP0P_/D
593	0.2403	stageI_do_rd	stageI_we	stage2_do_rd$_SDFF_PP0_/Q	stage2_we$_SDFF_PP0_/D
594	0.2406	sync_rst_controller	stageI_data_unaligned[J]	sync_rst_controller$_DFF_P_/Q	stage2_data_unaligned[100]$_SDFFE_PP0P_/D
595	0.2406	sync_rst_controller	stageI_dm_unaligned[J]	sync_rst_controller$_DFF_P_/Q	stage2_dm_unaligned[0]$_SDFFE_PP0P_/D
596	0.2407	stageI_do_pre	stageI_bank[J]	stage2_do_pre$_SDFF_PP0_/Q	stage2_bank[2]$_SDFF_PP0_/D
597	0.2418	sync_rst_controller	o_wb_ack_read_q[I][J]	sync_rst_controller$_DFF_P_/Q	o_wb_ack_read_q[1][10]$_SDFF_PP0_/D
598	0.2419	sync_rst_controller	stageI_row[J]	sync_rst_controller$_DFF_P_/Q	stage2_row[11]$_SDFF_PP0_/D
599	0.2421	cmd_odt_q	o_phy_cmd[I]	cmd_odt_q$_SDFF_PP0_/Q	o_phy_cmd[19]
600	0.2434	force_o_wb_stall_high_q	stageI_data[J]	force_o_wb_stall_high_q$_SDFF_PP0_/Q	stage1_data[309]$_SDFFE_PP0P_/D
601	0.2437	stageI_row[J]	o_wb_stall_int_q	stage1_row[7]$_SDFFE_PP0P_/Q	o_wb_stall_int_q$_SDFF_PP1_/D
602	0.2438	stageI_do_pre	write_dqs_val[I]	stage2_do_pre$_SDFF_PP0_/Q	write_dqs_val[0]$_SDFF_PP0_/D
603	0.2441	instruction_address[I]	final_calibration_done	instruction_address[4]$_SDFF_PP0_/Q	final_calibration_done$_SDFFE_PP0P_/D
604	0.2441	train_delay[I]	o_phy_write_leveling_calib	train_delay[1]$_SDFF_PP0_/QN	o_phy_write_leveling_calib$_SDFFE_PP0P_/D
605	0.2444	sync_rst_controller	stageI_next_bank[J]	sync_rst_controller$_DFF_P_/Q	stage1_next_bank[0]$_SDFFE_PP0P_/D
606	0.2444	sync_rst_controller	stageI_next_row[J]	sync_rst_controller$_DFF_P_/Q	stage1_next_row[10]$_SDFFE_PP0P_/D
607	0.2444	sync_rst_controller	stageI_aux[J]	sync_rst_controller$_DFF_P_/Q	stage2_aux[0]$_SDFFE_PP0P_/D
608	0.2445	sync_rst_controller	delay_counter_is_zero	sync_rst_controller$_DFF_P_/Q	delay_counter_is_zero$_SDFF_PP0_/D
609	0.2445	sync_rst_controller	bank_active_row_q[I][J]	sync_rst_controller$_DFF_P_/Q	bank_active_row_q[0][13]$_SDFF_PP0_/D
610	0.2446	stageI_do_act	write_dqs_val[I]	stage2_do_act$_SDFF_PP0_/Q	write_dqs_val[0]$_SDFF_PP0_/D
611	0.2446	sync_rst_controller	stageI_bank[J]	sync_rst_controller$_DFF_P_/Q	stage2_bank[2]$_SDFF_PP0_/D
612	0.2447	sync_rst_controller	delay_before_read_counter_q[I][J]	sync_rst_controller$_DFF_P_/Q	delay_before_read_counter_q[0][2]$_SDFF_PP0_/D
613	0.2447	sync_rst_controller	added_read_pipe_max	sync_rst_controller$_DFF_P_/Q	added_read_pipe_max$_SDFFE_PP0P_/D
614	0.2447	sync_rst_controller	calib_addr[I]	sync_rst_controller$_DFF_P_/Q	calib_addr[23]$_SDFFE_PP0P_/D
615	0.2447	sync_rst_controller	calib_we	sync_rst_controller$_DFF_P_/Q	calib_we$_SDFFE_PP0P_/D
616	0.2447	sync_rst_controller	delay_before_read_data[I]	sync_rst_controller$_DFF_P_/Q	delay_before_read_data[3]$_SDFF_PP0_/D
617	0.2447	sync_rst_controller	delay_read_pipe[I][J]	sync_rst_controller$_DFF_P_/Q	delay_read_pipe[0][0]$_DFF_P_/D
618	0.2447	sync_rst_controller	dqs_count_repeat[I]	sync_rst_controller$_DFF_P_/Q	dqs_count_repeat[2]$_SDFFE_PP0P_/D
619	0.2447	sync_rst_controller	dqs_start_index_stored[I]	sync_rst_controller$_DFF_P_/Q	dqs_start_index_stored[5]$_SDFFE_PP0P_/D
620	0.2447	sync_rst_controller	dqs_target_index[I]	sync_rst_controller$_DFF_P_/Q	dqs_target_index[5]$_SDFFE_PP0P_/D
621	0.2447	sync_rst_controller	force_o_wb_stall_calib_high_q	sync_rst_controller$_DFF_P_/Q	force_o_wb_stall_calib_high_q$_SDFF_PP0_/D
622	0.2447	sync_rst_controller	lane_read_dq_early[I]	sync_rst_controller$_DFF_P_/Q	lane_read_dq_early[7]$_SDFFE_PP0P_/D
623	0.2447	sync_rst_controller	o_phy_write_leveling_calib	sync_rst_controller$_DFF_P_/Q	o_phy_write_leveling_calib$_SDFFE_PP0P_/D
624	0.2447	sync_rst_controller	pause_counter	sync_rst_controller$_DFF_P_/Q	pause_counter$_SDFFE_PP0P_/D
625	0.2447	sync_rst_controller	read_lane_data_shifted[I]	sync_rst_controller$_DFF_P_/Q	read_lane_data_shifted[31]$_SDFF_PP0_/D
626	0.2447	sync_rst_controller	stageI_do_update_delay_before_write_after_act	sync_rst_controller$_DFF_P_/Q	stage2_do_update_delay_before_write_after_act$_SDFF_PP0_/D
627	0.2447	sync_rst_controller	stageI_we	sync_rst_controller$_DFF_P_/Q	stage2_we$_SDFF_PP0_/D
628	0.2447	sync_rst_controller	state_calibrate[I]	sync_rst_controller$_DFF_P_/Q	state_calibrate[4]$_SDFFE_PP0P_/D
629	0.2447	sync_rst_controller	train_delay[I]	sync_rst_controller$_DFF_P_/Q	train_delay[3]$_SDFF_PP0_/D
630	0.2447	sync_rst_controller	write_by_byte_counter[I]	sync_rst_controller$_DFF_P_/Q	write_by_byte_counter[5]$_SDFFE_PP0P_/D
631	0.2448	final_calibration_done	o_wb_ack	final_calibration_done$_SDFFE_PP0P_/Q	o_wb_ack
632	0.2448	train_delay[I]	prev_write_level_feedback	train_delay[1]$_SDFF_PP0_/QN	prev_write_level_feedback$_SDFFE_PP1P_/D
633	0.2449	sample_clk_repeat[I]	o_phy_write_leveling_calib	sample_clk_repeat[0]$_SDFFCE_PP0P_/Q	o_phy_write_leveling_calib$_SDFFE_PP0P_/D
634	0.2451	write_calib_odt	o_phy_cmd[I]	write_calib_odt$_SDFFE_PP0P_/Q	o_phy_cmd[19]
635	0.2452	sync_rst_controller	unaligned_data[I][J]	sync_rst_controller$_DFF_P_/Q	unaligned_data[6][31]$_SDFF_PP0_/D
636	0.2456	sync_rst_controller	stageI_data[J]	sync_rst_controller$_DFF_P_/Q	stage1_data[100]$_SDFFE_PP0P_/D
637	0.2456	delay_before_precharge_counter_q[I][J]	stageI_do_update_delay_before_precharge_after_rd	delay_before_precharge_counter_q[4][0]$_SDFF_PP0_/QN	stage2_do_update_delay_before_precharge_after_rd$_SDFF_PP0_/D
638	0.2463	sync_rst_controller	o_wb_stall_int_q	sync_rst_controller$_DFF_P_/Q	o_wb_stall_int_q$_SDFF_PP1_/D
639	0.2463	sync_rst_controller	stageI_do_update_delay_before_precharge_after_wr	sync_rst_controller$_DFF_P_/Q	stage2_do_update_delay_before_precharge_after_wr$_SDFF_PP0_/D
640	0.2464	dqs_target_index_orig[I]	dq_target_index[I][J]	dqs_target_index_orig[2]$_SDFFE_PP0P_/QN	dq_target_index[0][5]$_SDFFCE_PN0P_/D
641	0.2464	added_read_pipe[I]	o_wb_data_q[I][J]	added_read_pipe[4]$_SDFFCE_PN0P_/Q	o_wb_data_q[0][100]$_SDFFE_PP0P_/D
642	0.2467	sync_rst_controller	prev_write_level_feedback	sync_rst_controller$_DFF_P_/Q	prev_write_level_feedback$_SDFFE_PP1P_/D
643	0.2470	force_o_wb_stall_calib_high_q	stageI_dm[J]	force_o_wb_stall_calib_high_q$_SDFF_PP0_/Q	stage1_dm[58]$_SDFFE_PP0P_/D
644	0.2474	stageI_do_act	stageI_bank[J]	stage2_do_act$_SDFF_PP0_/Q	stage2_bank[2]$_SDFF_PP0_/D
645	0.2479	force_o_wb_stall_high_q	stageI_pending	force_o_wb_stall_high_q$_SDFF_PP0_/Q	stage1_pending$_SDFFE_PP0P_/D
646	0.2485	sync_rst_controller	delay_before_write_counter_q[I][J]	sync_rst_controller$_DFF_P_/Q	delay_before_write_counter_q[3][0]$_SDFF_PP0_/D
647	0.2488	bank_status_q[I]	stageI_do_act	bank_status_q[7]$_SDFF_PP0_/Q	stage1_do_act$_SDFF_PP0_/D
648	0.2494	reset_done	stageI_pending	reset_done$_SDFFE_PP0P_/Q	stage1_pending$_SDFFE_PP0P_/D
649	0.2495	prep_done[I]	lane[I]	prep_done[1]$_SDFF_PP0_/Q	lane[0]$_SDFFE_PP0P_/D
650	0.2506	stageI_do_rd	delay_before_precharge_counter_q[I][J]	stage2_do_rd$_SDFF_PP0_/Q	delay_before_precharge_counter_q[0][1]$_SDFF_PP0_/D
651	0.2509	stageI_pending	write_dqs_val[I]	stage2_pending$_SDFFE_PP0P_/Q	write_dqs_val[0]$_SDFF_PP0_/D
652	0.2514	dqs_target_index[I]	delay_before_read_data[I]	dqs_target_index[0]$_SDFFE_PP0P_/Q	delay_before_read_data[3]$_SDFF_PP0_/D
653	0.2515	stored_write_level_feedback	state_calibrate[I]	stored_write_level_feedback$_SDFFCE_PN0P_/QN	state_calibrate[1]$_SDFFE_PP0P_/D
654	0.2516	stageI_do_act	stageI_we	stage2_do_act$_SDFF_PP0_/Q	stage2_we$_SDFF_PP0_/D
655	0.2518	o_wb_stall_int_q	stageI_bank[J]	o_wb_stall_int_q$_SDFF_PP1_/Q	stage1_bank[0]$_SDFFE_PP0P_/D
656	0.2518	o_wb_stall_int_q	stageI_col[J]	o_wb_stall_int_q$_SDFF_PP1_/Q	stage1_col[3]$_SDFFE_PP0P_/D
657	0.2518	o_wb_stall_int_q	stageI_row[J]	o_wb_stall_int_q$_SDFF_PP1_/Q	stage1_row[0]$_SDFFE_PP0P_/D
658	0.2518	o_wb_stall_int_q	stageI_we	o_wb_stall_int_q$_SDFF_PP1_/Q	stage1_we$_SDFFE_PP0P_/D
659	0.2529	late_dq[I]	stageI_dm[J][K]	late_dq[6]$_DFF_P_/Q	stage2_dm[0][14]$_SDFFE_PP0N_/D
660	0.2534	sync_rst_controller	calib_sel[I]	sync_rst_controller$_DFF_P_/Q	calib_sel[31]$_SDFFE_PP0P_/D
661	0.2534	sync_rst_controller	dqs_store[I]	sync_rst_controller$_DFF_P_/Q	dqs_store[32]$_SDFFE_PP0P_/D
662	0.2534	sync_rst_controller	instruction_address[I]	sync_rst_controller$_DFF_P_/Q	instruction_address[3]$_SDFF_PP0_/D
663	0.2539	stageI_do_wr_or_rd	stageI_bank[J]	stage2_do_wr_or_rd$_SDFF_PP0_/Q	stage2_bank[2]$_SDFF_PP0_/D
664	0.2541	stageI_do_pre	write_dqs_q[I]	stage2_do_pre$_SDFF_PP0_/Q	write_dqs_q[0]$_SDFF_PP0_/D
665	0.2546	train_delay[I]	stored_write_level_feedback	train_delay[1]$_SDFF_PP0_/QN	stored_write_level_feedback$_SDFFCE_PN0P_/D
666	0.2547	state_calibrate[I]	delay_before_write_level_feedback[I]	state_calibrate[4]$_SDFFE_PP0P_/Q	delay_before_write_level_feedback[0]$_SDFF_PP0_/D
667	0.2549	stageI_do_act	write_dqs_q[I]	stage2_do_act$_SDFF_PP0_/Q	write_dqs_q[0]$_SDFF_PP0_/D
668	0.2550	added_read_pipe[I]	added_read_pipe_max	added_read_pipe[3]$_SDFFCE_PN0P_/Q	added_read_pipe_max$_SDFFE_PP0P_/D
669	0.2550	reset_done	stageI_bank[J]	reset_done$_SDFFE_PP0P_/Q	stage1_bank[0]$_SDFFE_PP0P_/D
670	0.2550	reset_done	stageI_col[J]	reset_done$_SDFFE_PP0P_/Q	stage1_col[3]$_SDFFE_PP0P_/D
671	0.2550	reset_done	stageI_row[J]	reset_done$_SDFFE_PP0P_/Q	stage1_row[0]$_SDFFE_PP0P_/D
672	0.2551	reset_done	stageI_we	reset_done$_SDFFE_PP0P_/Q	stage1_we$_SDFFE_PP0P_/D
673	0.2552	lane[I]	pause_counter	lane[1]$_SDFFE_PP0P_/Q	pause_counter$_SDFFE_PP0P_/D
674	0.2552	instruction_address[I]	delay_before_write_level_feedback[I]	instruction_address[0]$_SDFF_PP0_/Q	delay_before_write_level_feedback[0]$_SDFF_PP0_/D
675	0.2557	write_pattern_matches	lane[I]	write_pattern_matches$_SDFF_PP0_/Q	lane[0]$_SDFFE_PP0P_/D
676	0.2557	final_calibration_done	shift_reg_read_pipe_q[I][J]	final_calibration_done$_SDFFE_PP0P_/Q	shift_reg_read_pipe_q[4][10]$_SDFF_PP0_/D
677	0.2562	sync_rst_controller	write_dq_q[I]	sync_rst_controller$_DFF_P_/Q	write_dq_q[0]$_SDFF_PP0_/D
678	0.2564	force_o_wb_stall_calib_high_q	calib_we	force_o_wb_stall_calib_high_q$_SDFF_PP0_/Q	calib_we$_SDFFE_PP0P_/D
679	0.2564	dqs_target_index[I]	o_phy_idelay_data_ld[I]	dqs_target_index[0]$_SDFFE_PP0P_/Q	o_phy_idelay_data_ld[7]$_SDFF_PP0_/D
680	0.2566	sync_rst_controller	idelay_data_cntvaluein_prev[I]	sync_rst_controller$_DFF_P_/Q	idelay_data_cntvaluein_prev[0]$_SDFF_PP0_/D
681	0.2566	sync_rst_controller	write_ack_index_q[I]	sync_rst_controller$_DFF_P_/Q	write_ack_index_q[1]$_SDFFE_PP0P_/D
682	0.2566	sync_rst_controller	write_dqs_q[I]	sync_rst_controller$_DFF_P_/Q	write_dqs_q[0]$_SDFF_PP0_/D
683	0.2566	sync_rst_controller	write_test_address_counter[I]	sync_rst_controller$_DFF_P_/Q	write_test_address_counter[11]$_SDFFE_PP0P_/D
684	0.2576	pause_counter	delay_counter_is_zero	pause_counter$_SDFFE_PP0P_/QN	delay_counter_is_zero$_SDFF_PP0_/D
685	0.2579	delay_read_pipe[I][J]	o_wb_data_q[I][J]	delay_read_pipe[0][1]$_SDFF_PN0_/Q	o_wb_data_q[0][112]$_SDFFE_PP0P_/D
686	0.2589	sync_rst_controller	added_read_pipe[I]	sync_rst_controller$_DFF_P_/Q	added_read_pipe[3]$_SDFFCE_PN0P_/D
687	0.2592	stageI_do_rd	stageI_bank[J]	stage2_do_rd$_SDFF_PP0_/Q	stage2_bank[2]$_SDFF_PP0_/D
688	0.2596	sync_rst_controller	stageI_dm[J]	sync_rst_controller$_DFF_P_/Q	stage1_dm[54]$_SDFFE_PP0P_/D
689	0.2598	sync_rst_controller	stageI_bank[J]	sync_rst_controller$_DFF_P_/Q	stage1_bank[2]$_SDFFE_PP0P_/D
690	0.2598	sync_rst_controller	stageI_col[J]	sync_rst_controller$_DFF_P_/Q	stage1_col[9]$_SDFFE_PP0P_/D
691	0.2598	sync_rst_controller	stageI_row[J]	sync_rst_controller$_DFF_P_/Q	stage1_row[13]$_SDFFE_PP0P_/D
692	0.2598	sync_rst_controller	stageI_we	sync_rst_controller$_DFF_P_/Q	stage1_we$_SDFFE_PP0P_/D
693	0.2598	sync_rst_controller	stageI_do_wr	sync_rst_controller$_DFF_P_/Q	stage2_do_wr$_SDFF_PP0_/D
694	0.2598	o_wb_stall_int_q	calib_we	o_wb_stall_int_q$_SDFF_PP1_/Q	calib_we$_SDFFE_PP0P_/D
695	0.2603	bank_status_q[I]	stageI_do_wr_or_rd	bank_status_q[7]$_SDFF_PP0_/Q	stage2_do_wr_or_rd$_SDFF_PP0_/D
696	0.2612	stageI_pending	write_dqs_q[I]	stage2_pending$_SDFFE_PP0P_/Q	write_dqs_q[0]$_SDFF_PP0_/D
697	0.2613	force_o_wb_stall_high_q	stageI_bank[J]	force_o_wb_stall_high_q$_SDFF_PP0_/Q	stage1_bank[0]$_SDFFE_PP0P_/D
698	0.2613	force_o_wb_stall_high_q	stageI_col[J]	force_o_wb_stall_high_q$_SDFF_PP0_/Q	stage1_col[3]$_SDFFE_PP0P_/D
699	0.2613	force_o_wb_stall_high_q	stageI_row[J]	force_o_wb_stall_high_q$_SDFF_PP0_/Q	stage1_row[0]$_SDFFE_PP0P_/D
700	0.2614	force_o_wb_stall_high_q	stageI_we	force_o_wb_stall_high_q$_SDFF_PP0_/Q	stage1_we$_SDFFE_PP0P_/D
701	0.2620	stageI_do_wr_or_rd	stageI_we	stage2_do_wr_or_rd$_SDFF_PP0_/Q	stage2_we$_SDFF_PP0_/D
702	0.2654	sync_rst_controller	stageI_do_update_delay_before_read_after_act	sync_rst_controller$_DFF_P_/Q	stage2_do_update_delay_before_read_after_act$_SDFF_PP0_/D
703	0.2654	sync_rst_controller	o_phy_idelay_data_ld[I]	sync_rst_controller$_DFF_P_/Q	o_phy_idelay_data_ld[0]$_SDFF_PP0_/D
704	0.2654	sync_rst_controller	o_phy_odelay_data_ld[I]	sync_rst_controller$_DFF_P_/Q	o_phy_odelay_data_ld[0]$_SDFF_PP0_/D
705	0.2655	write_test_address_counter[I]	train_delay[I]	write_test_address_counter[1]$_SDFFE_PP0P_/Q	train_delay[2]$_SDFF_PP0_/D
706	0.2657	dqs_count_repeat[I]	dqs_start_index[I]	dqs_count_repeat[0]$_SDFFE_PP0P_/QN	dqs_start_index[5]$_SDFFE_PP0P_/D
707	0.2659	state_calibrate[I]	reset_from_calibrate	state_calibrate[4]$_SDFFE_PP0P_/Q	reset_from_calibrate$_SDFF_PP0_/D
708	0.2669	sync_rst_controller	initial_dqs	sync_rst_controller$_DFF_P_/Q	initial_dqs$_SDFFE_PP1P_/D
709	0.2671	delay_counter_is_zero	o_phy_cmd[I]	delay_counter_is_zero$_SDFF_PP0_/QN	o_phy_cmd[45]
710	0.2673	sync_rst_controller	stageI_do_pre	sync_rst_controller$_DFF_P_/Q	stage2_do_pre$_SDFF_PP0_/D
711	0.2683	force_o_wb_stall_calib_high_q	stageI_aux[J]	force_o_wb_stall_calib_high_q$_SDFF_PP0_/Q	stage1_aux[0]$_SDFFE_PP0P_/D
712	0.2688	force_o_wb_stall_calib_high_q	stageI_bank[J]	force_o_wb_stall_calib_high_q$_SDFF_PP0_/Q	stage1_bank[2]$_SDFFE_PP0P_/D
713	0.2688	force_o_wb_stall_calib_high_q	stageI_col[J]	force_o_wb_stall_calib_high_q$_SDFF_PP0_/Q	stage1_col[9]$_SDFFE_PP0P_/D
714	0.2688	force_o_wb_stall_calib_high_q	stageI_data[J]	force_o_wb_stall_calib_high_q$_SDFF_PP0_/Q	stage1_data[511]$_SDFFE_PP0P_/D
715	0.2688	force_o_wb_stall_calib_high_q	stageI_row[J]	force_o_wb_stall_calib_high_q$_SDFF_PP0_/Q	stage1_row[13]$_SDFFE_PP0P_/D
716	0.2688	force_o_wb_stall_calib_high_q	stageI_we	force_o_wb_stall_calib_high_q$_SDFF_PP0_/Q	stage1_we$_SDFFE_PP0P_/D
717	0.2689	delay_before_read_data[I]	dqs_start_index_stored[I]	delay_before_read_data[1]$_SDFF_PP0_/QN	dqs_start_index_stored[2]$_SDFFE_PP0P_/D
718	0.2697	i_wb_data[I]	stageI_data[J]	i_wb_data[309]	stage1_data[309]$_SDFFE_PP0P_/D
719	0.2698	i_wb_sel[I]	stageI_dm[J]	i_wb_sel[14]	stage1_dm[14]$_SDFFE_PP0P_/D
720	0.2698	i_aux[I]	stageI_aux[J]	i_aux[0]	stage1_aux[0]$_SDFFE_PP0P_/D
721	0.2698	i_wb_addr[I]	stageI_bank[J]	i_wb_addr[7]	stage1_bank[0]$_SDFFE_PP0P_/D
722	0.2698	i_wb_addr[I]	stageI_col[J]	i_wb_addr[0]	stage1_col[3]$_SDFFE_PP0P_/D
723	0.2698	i_wb_we	stageI_we	i_wb_we	stage1_we$_SDFFE_PP0P_/D
724	0.2703	dqs_start_index_stored[I]	dqs_target_index[I]	dqs_start_index_stored[0]$_SDFFE_PP0P_/Q	dqs_target_index[4]$_SDFFE_PP0P_/D
725	0.2704	write_pattern_matches	state_calibrate[I]	write_pattern_matches$_SDFF_PP0_/Q	state_calibrate[1]$_SDFFE_PP0P_/D
726	0.2707	stageI_do_pre	cmd_odt_q	stage2_do_pre$_SDFF_PP0_/Q	cmd_odt_q$_SDFF_PP0_/D
727	0.2711	dqs_bitslip_arrangement[I]	state_calibrate[I]	dqs_bitslip_arrangement[6]$_SDFFE_PP0P_/Q	state_calibrate[1]$_SDFFE_PP0P_/D
728	0.2712	stageI_pending	cmd_odt_q	stage2_pending$_SDFFE_PP0P_/Q	cmd_odt_q$_SDFF_PP0_/D
729	0.2719	sync_rst_controller	stageI_do_act	sync_rst_controller$_DFF_P_/Q	stage1_do_act$_SDFF_PP0_/D
730	0.2720	sync_rst_controller	delay_counter[I]	sync_rst_controller$_DFF_P_/Q	delay_counter[0]$_SDFFE_PP1P_/D
731	0.2723	stageI_do_wr	stageI_we	stage2_do_wr$_SDFF_PP0_/Q	stage2_we$_SDFF_PP0_/D
732	0.2741	state_calibrate[I]	prep_done[I]	state_calibrate[4]$_SDFFE_PP0P_/Q	prep_done[1]$_SDFF_PP0_/D
733	0.2743	prev_write_level_feedback	o_phy_write_leveling_calib	prev_write_level_feedback$_SDFFE_PP1P_/Q	o_phy_write_leveling_calib$_SDFFE_PP0P_/D
734	0.2750	prev_cmd_ck_en	o_phy_cmd[I]	prev_cmd_ck_en$_SDFF_PP0_/Q	o_phy_cmd[18]
735	0.2752	delay_read_pipe[I][J]	o_wb_data_q[I][J]	delay_read_pipe[0][0]$_DFF_P_/Q	o_wb_data_q[0][100]$_SDFFE_PP0P_/D
736	0.2754	stageI_pending	write_ack_index_q[I]	stage2_pending$_SDFFE_PP0P_/Q	write_ack_index_q[2]$_SDFFE_PP0P_/D
737	0.2758	sync_rst_controller	stageI_do_wr_or_rd	sync_rst_controller$_DFF_P_/Q	stage2_do_wr_or_rd$_SDFF_PP0_/D
738	0.2759	sync_rst_controller	unaligned_dm[I][J]	sync_rst_controller$_DFF_P_/Q	unaligned_dm[5][7]$_SDFF_PP0_/D
739	0.2764	lane[I]	write_calib_odt	lane[1]$_SDFFE_PP0P_/Q	write_calib_odt$_SDFFE_PP0P_/D
740	0.2766	delay_before_read_data[I]	dqs_count_repeat[I]	delay_before_read_data[1]$_SDFF_PP0_/QN	dqs_count_repeat[2]$_SDFFE_PP0P_/D
741	0.2773	o_wb_stall_int_q	o_wb_stall	o_wb_stall_int_q$_SDFF_PP1_/Q	o_wb_stall
742	0.2775	dqs_bitslip_arrangement[I]	added_read_pipe_max	dqs_bitslip_arrangement[5]$_SDFFE_PP0P_/Q	added_read_pipe_max$_SDFFE_PP0P_/D
743	0.2788	stageI_we	o_wb_stall_int_q	stage1_we$_SDFFE_PP0P_/QN	o_wb_stall_int_q$_SDFF_PP1_/D
744	0.2795	write_ack_index_q[I]	shift_reg_read_pipe_q[I][J]	write_ack_index_q[0]$_SDFFE_PP1P_/Q	shift_reg_read_pipe_q[1][10]$_SDFF_PP0_/D
745	0.2795	start_index_check[I]	read_lane_data_shifted[I]	start_index_check[4]$_SDFFCE_PN0P_/Q	read_lane_data_shifted[27]$_SDFF_PP0_/D
746	0.2801	final_calibration_done	idelay_dqs_cntvaluein[I][J]	final_calibration_done$_SDFFE_PP0P_/QN	idelay_dqs_cntvaluein[0][0]$_SDFFCE_PN0P_/D
747	0.2801	final_calibration_done	odelay_data_cntvaluein[I][J]	final_calibration_done$_SDFFE_PP0P_/QN	odelay_data_cntvaluein[0][0]$_SDFFCE_PN0P_/D
748	0.2801	final_calibration_done	odelay_dqs_cntvaluein[I][J]	final_calibration_done$_SDFFE_PP0P_/QN	odelay_dqs_cntvaluein[0][2]$_SDFFCE_PN0P_/D
749	0.2806	final_calibration_done	idelay_data_cntvaluein[I][J]	final_calibration_done$_SDFFE_PP0P_/QN	idelay_data_cntvaluein[0][0]$_SDFFCE_PN0P_/D
750	0.2826	prev_write_level_feedback	o_phy_odelay_data_ld[I]	prev_write_level_feedback$_SDFFE_PP1P_/Q	o_phy_odelay_data_ld[0]$_SDFF_PP0_/D
751	0.2838	instruction_address[I]	user_self_refresh_q	instruction_address[1]$_SDFF_PP0_/Q	user_self_refresh_q$_DFF_P_/D
752	0.2843	sample_clk_repeat[I]	pause_counter	sample_clk_repeat[0]$_SDFFCE_PP0P_/Q	pause_counter$_SDFFE_PP0P_/D
753	0.2845	sync_rst_controller	dqs_target_index_orig[I]	sync_rst_controller$_DFF_P_/Q	dqs_target_index_orig[3]$_SDFFE_PP0P_/D
754	0.2853	o_wb_ack_read_q[I][J]	o_wb_ack	o_wb_ack_read_q[0][0]$_SDFF_PP0_/Q	o_wb_ack
755	0.2860	force_o_wb_stall_high_q	o_wb_stall	force_o_wb_stall_high_q$_SDFF_PP0_/Q	o_wb_stall
756	0.2864	stored_write_level_feedback	o_phy_write_leveling_calib	stored_write_level_feedback$_SDFFCE_PN0P_/QN	o_phy_write_leveling_calib$_SDFFE_PP0P_/D
757	0.2885	sync_rst_controller	read_data_store[I]	sync_rst_controller$_DFF_P_/Q	read_data_store[0]$_SDFFE_PP0P_/D
758	0.2885	sync_rst_controller	read_lane_data[I]	sync_rst_controller$_DFF_P_/Q	read_lane_data[0]$_SDFF_PP0_/D
759	0.2885	sync_rst_controller	read_test_address_counter[I]	sync_rst_controller$_DFF_P_/Q	read_test_address_counter[0]$_SDFFE_PP0P_/D
760	0.2890	stageI_col[J]	o_phy_cmd[I]	stage2_col[3]$_SDFFE_PP0P_/Q	o_phy_cmd[51]
761	0.2908	train_delay[I]	dqs_start_index_stored[I]	train_delay[1]$_SDFF_PP0_/QN	dqs_start_index_stored[2]$_SDFFE_PP0P_/D
762	0.2912	stageI_do_wr	stageI_bank[J]	stage2_do_wr$_SDFF_PP0_/Q	stage2_bank[2]$_SDFF_PP0_/D
763	0.2921	final_calibration_done	stageI_pending	final_calibration_done$_SDFFE_PP0P_/QN	stage1_pending$_SDFFE_PP0P_/D
764	0.2922	prep_done[I]	dqs_bitslip_arrangement[I]	prep_done[1]$_SDFF_PP0_/Q	dqs_bitslip_arrangement[1]$_SDFFE_PP0P_/D
765	0.2942	o_wb_ack_read_q[I][J]	o_aux[I]	o_wb_ack_read_q[0][3]$_SDFF_PP0_/Q	o_aux[2]
766	0.2959	sync_rst_controller	dqs_start_index_repeat	sync_rst_controller$_DFF_P_/Q	dqs_start_index_repeat$_SDFFE_PP0P_/D
767	0.2959	sync_rst_controller	final_calibration_done	sync_rst_controller$_DFF_P_/Q	final_calibration_done$_SDFFE_PP0P_/D
768	0.2959	sync_rst_controller	write_pattern[I]	sync_rst_controller$_DFF_P_/Q	write_pattern[0]$_SDFFE_PP0P_/D
769	0.2967	sync_rst_controller	stageI_pending	sync_rst_controller$_DFF_P_/Q	stage1_pending$_SDFFE_PP0P_/D
770	0.2975	delay_counter_is_zero	delay_counter[I]	delay_counter_is_zero$_SDFF_PP0_/Q	delay_counter[15]$_SDFFE_PP0P_/D
771	0.2975	sync_rst_controller	write_dqs[I]	sync_rst_controller$_DFF_P_/Q	write_dqs[0]$_SDFF_PP0_/D
772	0.2983	sync_rst_controller	write_calib_dqs	sync_rst_controller$_DFF_P_/Q	write_calib_dqs$_SDFFE_PP0P_/D
773	0.2983	sync_rst_controller	write_calib_odt	sync_rst_controller$_DFF_P_/Q	write_calib_odt$_SDFFE_PP0P_/D
774	0.2985	added_read_pipe_max	o_wb_ack_read_q[I][J]	added_read_pipe_max$_SDFFE_PP0P_/Q	o_wb_ack_read_q[1][10]$_SDFF_PP0_/D
775	0.2985	sync_rst_controller	prev_cmd_ck_en	sync_rst_controller$_DFF_P_/Q	prev_cmd_ck_en$_SDFF_PP0_/D
776	0.2985	prev_write_level_feedback	lane[I]	prev_write_level_feedback$_SDFFE_PP1P_/Q	lane[0]$_SDFFE_PP0P_/D
777	0.2987	stageI_pending	stageI_we	stage2_pending$_SDFFE_PP0P_/Q	stage2_we$_SDFF_PP0_/D
778	0.2990	sync_rst_controller	delay_before_write_level_feedback[I]	sync_rst_controller$_DFF_P_/Q	delay_before_write_level_feedback[3]$_SDFF_PP0_/D
779	0.2990	sync_rst_controller	index_read_pipe	sync_rst_controller$_DFF_P_/Q	index_read_pipe$_SDFFE_PP0P_/D
780	0.2990	sync_rst_controller	index_wb_data	sync_rst_controller$_DFF_P_/Q	index_wb_data$_SDFFE_PP0P_/D
781	0.2990	sync_rst_controller	write_dq[I]	sync_rst_controller$_DFF_P_/Q	write_dq[1]$_SDFF_PP0_/D
782	0.2991	stageI_pending	stageI_bank[J]	stage2_pending$_SDFFE_PP0P_/Q	stage2_bank[2]$_SDFF_PP0_/D
783	0.3006	o_phy_idelay_data_ld[I]	o_phy_idelay_dqs_ld[I]	o_phy_idelay_data_ld[0]$_SDFF_PP0_/Q	o_phy_idelay_dqs_ld[0]
784	0.3006	o_phy_odelay_data_ld[I]	o_phy_odelay_dqs_ld[I]	o_phy_odelay_data_ld[0]$_SDFF_PP0_/Q	o_phy_odelay_dqs_ld[0]
785	0.3012	sync_rst_controller	check_test_address_counter[I]	sync_rst_controller$_DFF_P_/Q	check_test_address_counter[10]$_SDFFE_PP0P_/D
786	0.3018	force_o_wb_stall_calib_high_q	write_by_byte_counter[I]	force_o_wb_stall_calib_high_q$_SDFF_PP0_/Q	write_by_byte_counter[4]$_SDFFE_PP0P_/D
787	0.3025	sync_rst_controller	lane[I]	sync_rst_controller$_DFF_P_/Q	lane[2]$_SDFFE_PP0P_/D
788	0.3031	sync_rst_controller	cmd_odt_q	sync_rst_controller$_DFF_P_/Q	cmd_odt_q$_SDFF_PP0_/D
789	0.3045	lane_times_I[J]	stored_write_level_feedback	lane_times_8[4]$_SDFF_PP0_/Q	stored_write_level_feedback$_SDFFCE_PN0P_/D
790	0.3046	sync_rst_controller	prep_done[I]	sync_rst_controller$_DFF_P_/Q	prep_done[1]$_SDFF_PP0_/D
791	0.3048	initial_dqs	dq_target_index[I][J]	initial_dqs$_SDFFE_PP1P_/Q	dq_target_index[4][5]$_SDFFCE_PN0P_/D
792	0.3048	sync_rst_controller	force_o_wb_stall_high_q	sync_rst_controller$_DFF_P_/Q	force_o_wb_stall_high_q$_SDFF_PP0_/D
793	0.3048	sync_rst_controller	reset_done	sync_rst_controller$_DFF_P_/Q	reset_done$_SDFFE_PP0P_/D
794	0.3049	dqs_count_repeat[I]	state_calibrate[I]	dqs_count_repeat[0]$_SDFFE_PP0P_/QN	state_calibrate[1]$_SDFFE_PP0P_/D
795	0.3052	o_wb_stall_int_q	write_by_byte_counter[I]	o_wb_stall_int_q$_SDFF_PP1_/Q	write_by_byte_counter[4]$_SDFFE_PP0P_/D
796	0.3053	sync_rst_controller	dqs_start_index[I]	sync_rst_controller$_DFF_P_/Q	dqs_start_index[0]$_SDFFE_PP0P_/D
797	0.3054	sample_clk_repeat[I]	write_calib_odt	sample_clk_repeat[0]$_SDFFCE_PP0P_/Q	write_calib_odt$_SDFFE_PP0P_/D
798	0.3077	delay_before_write_level_feedback[I]	delay_before_write_level_feedback[I]	delay_before_write_level_feedback[1]$_SDFF_PP0_/QN	delay_before_write_level_feedback[0]$_SDFF_PP0_/D
799	0.3079	sample_clk_repeat[I]	sample_clk_repeat[I]	sample_clk_repeat[0]$_SDFFCE_PP0P_/Q	sample_clk_repeat[3]$_SDFFCE_PP0P_/D
800	0.3083	stageI_dm_unaligned[J]	unaligned_dm[I][J]	stage2_dm_unaligned[63]$_SDFFE_PP0P_/Q	unaligned_dm[7][7]$_SDFF_PP0_/D
801	0.3088	stored_write_level_feedback	o_phy_odelay_data_ld[I]	stored_write_level_feedback$_SDFFCE_PN0P_/QN	o_phy_odelay_data_ld[0]$_SDFF_PP0_/D
802	0.3090	sync_rst_controller	o_phy_bitslip[I]	sync_rst_controller$_DFF_P_/Q	o_phy_bitslip[1]$_SDFF_PP0_/D
803	0.3104	dqs_start_index_stored[I]	dqs_start_index_repeat	dqs_start_index_stored[0]$_SDFFE_PP0P_/Q	dqs_start_index_repeat$_SDFFE_PP0P_/D
804	0.3105	sync_rst_controller	stageI_do_update_delay_before_precharge_after_rd	sync_rst_controller$_DFF_P_/Q	stage2_do_update_delay_before_precharge_after_rd$_SDFF_PP0_/D
805	0.3107	stored_write_level_feedback	lane[I]	stored_write_level_feedback$_SDFFCE_PN0P_/QN	lane[0]$_SDFFE_PP0P_/D
806	0.3115	sync_rst_controller	precharge_all_instruction	sync_rst_controller$_DFF_P_/Q	precharge_all_instruction$_SDFF_PP0_/D
807	0.3115	train_delay[I]	added_read_pipe_max	train_delay[1]$_SDFF_PP0_/QN	added_read_pipe_max$_SDFFE_PP0P_/D
808	0.3119	prep_done[I]	added_read_pipe[I]	prep_done[1]$_SDFF_PP0_/Q	added_read_pipe[0]$_SDFFCE_PN0P_/D
809	0.3121	stageI_do_wr	cmd_odt_q	stage2_do_wr$_SDFF_PP0_/Q	cmd_odt_q$_SDFF_PP0_/D
810	0.3136	prev_write_level_feedback	pause_counter	prev_write_level_feedback$_SDFFE_PP1P_/Q	pause_counter$_SDFFE_PP0P_/D
811	0.3145	state_calibrate[I]	o_debugI[J]	state_calibrate[4]$_SDFFE_PP0P_/Q	o_debug1[4]
812	0.3161	lane_read_dq_early[I]	reset_from_calibrate	lane_read_dq_early[3]$_SDFFE_PP0P_/Q	reset_from_calibrate$_SDFF_PP0_/D
813	0.3168	stageI_do_wr_or_rd	cmd_odt_q	stage2_do_wr_or_rd$_SDFF_PP0_/Q	cmd_odt_q$_SDFF_PP0_/D
814	0.3178	o_phy_idelay_data_ld[I]	o_phy_idelay_data_ld[I]	o_phy_idelay_data_ld[0]$_SDFF_PP0_/Q	o_phy_idelay_data_ld[0]
815	0.3178	o_phy_odelay_data_ld[I]	o_phy_odelay_data_ld[I]	o_phy_odelay_data_ld[0]$_SDFF_PP0_/Q	o_phy_odelay_data_ld[0]
816	0.3180	i_wb_stb	stageI_pending	i_wb_stb	stage1_pending$_SDFFE_PP0P_/D
817	0.3185	o_phy_write_leveling_calib	o_phy_write_leveling_calib	o_phy_write_leveling_calib$_SDFFE_PP0P_/Q	o_phy_write_leveling_calib
818	0.3200	force_o_wb_stall_calib_high_q	stageI_pending	force_o_wb_stall_calib_high_q$_SDFF_PP0_/Q	stage1_pending$_SDFFE_PP0P_/D
819	0.3200	final_calibration_done	o_calib_complete	final_calibration_done$_SDFFE_PP0P_/Q	o_calib_complete
820	0.3200	sync_rst_controller	o_phy_reset	sync_rst_controller$_DFF_P_/Q	o_phy_reset
821	0.3222	o_phy_bitslip[I]	o_phy_bitslip[I]	o_phy_bitslip[0]$_SDFF_PP0_/Q	o_phy_bitslip[0]
822	0.3222	stageI_data[J][K]	o_phy_data[I]	stage2_data[1][0]$_SDFF_PP0_/Q	o_phy_data[0]
823	0.3222	stageI_dm[J][K]	o_phy_dm[I]	stage2_dm[1][0]$_SDFF_PP0_/Q	o_phy_dm[0]
824	0.3222	o_phy_dq_tri_control	o_phy_dq_tri_control	o_phy_dq_tri_control$_DFF_P_/Q	o_phy_dq_tri_control
825	0.3222	o_phy_dqs_tri_control	o_phy_dqs_tri_control	o_phy_dqs_tri_control$_DFF_P_/Q	o_phy_dqs_tri_control
826	0.3222	write_dqs_val[I]	o_phy_toggle_dqs	write_dqs_val[0]$_SDFF_PP0_/Q	o_phy_toggle_dqs
827	0.3223	i_user_self_refresh	user_self_refresh_q	i_user_self_refresh	user_self_refresh_q$_DFF_P_/D
828	0.3227	instruction[I]	delay_counter[I]	instruction[26]$_SDFFE_PP1P_/Q	delay_counter[15]$_SDFFE_PP0P_/D
829	0.3229	user_self_refresh_q	instruction[I]	user_self_refresh_q$_DFF_P_/Q	instruction[26]$_SDFFE_PP1P_/D
830	0.3255	instruction[I]	precharge_all_instruction	instruction[26]$_SDFFE_PP1P_/QN	precharge_all_instruction$_SDFF_PP0_/D
831	0.3258	stored_write_level_feedback	pause_counter	stored_write_level_feedback$_SDFFCE_PN0P_/QN	pause_counter$_SDFFE_PP0P_/D
832	0.3279	stageI_do_update_delay_before_precharge_after_wr	delay_before_precharge_counter_q[I][J]	stage2_do_update_delay_before_precharge_after_wr$_SDFF_PP0_/Q	delay_before_precharge_counter_q[3][2]$_SDFF_PP0_/D
833	0.3280	user_self_refresh_q	delay_counter[I]	user_self_refresh_q$_DFF_P_/Q	delay_counter[15]$_SDFFE_PP0P_/D
834	0.3285	dqs_bitslip_arrangement[I]	o_phy_bitslip[I]	dqs_bitslip_arrangement[6]$_SDFFE_PP0P_/Q	o_phy_bitslip[1]$_SDFF_PP0_/D
835	0.3303	sync_rst_controller	calib_stb	sync_rst_controller$_DFF_P_/Q	calib_stb$_SDFFE_PP0P_/D
836	0.3321	i_phy_iserdes_data[I]	o_wb_data_q[I][J]	i_phy_iserdes_data[100]	o_wb_data_q[0][100]$_SDFFE_PP0P_/D
837	0.3322	initial_dqs	dqs_target_index_orig[I]	initial_dqs$_SDFFE_PP1P_/Q	dqs_target_index_orig[3]$_SDFFE_PP0P_/D
838	0.3331	sync_rst_controller	bank_status_q[I]	sync_rst_controller$_DFF_P_/Q	bank_status_q[3]$_SDFF_PP0_/D
839	0.3340	idelay_data_cntvaluein[I][J]	idelay_data_cntvaluein_prev[I]	idelay_data_cntvaluein[3][0]$_SDFFCE_PN0P_/Q	idelay_data_cntvaluein_prev[0]$_SDFF_PP0_/D
840	0.3340	dqs_bitslip_arrangement[I]	train_delay[I]	dqs_bitslip_arrangement[6]$_SDFFE_PP0P_/Q	train_delay[0]$_SDFF_PP0_/D
841	0.3341	user_self_refresh_q	precharge_all_instruction	user_self_refresh_q$_DFF_P_/Q	precharge_all_instruction$_SDFF_PP0_/D
842	0.3348	sync_rst_controller	write_pattern_matches	sync_rst_controller$_DFF_P_/Q	write_pattern_matches$_SDFF_PP0_/D
843	0.3348	prev_write_level_feedback	write_calib_odt	prev_write_level_feedback$_SDFFE_PP1P_/Q	write_calib_odt$_SDFFE_PP0P_/D
844	0.3353	train_delay[I]	initial_dqs	train_delay[1]$_SDFF_PP0_/QN	initial_dqs$_SDFFE_PP1P_/D
845	0.3365	train_delay[I]	dqs_start_index_repeat	train_delay[1]$_SDFF_PP0_/QN	dqs_start_index_repeat$_SDFFE_PP0P_/D
846	0.3366	stored_write_level_feedback	sample_clk_repeat[I]	stored_write_level_feedback$_SDFFCE_PN0P_/Q	sample_clk_repeat[3]$_SDFFCE_PP0P_/D
847	0.3370	write_test_address_counter[I]	calib_addr[I]	write_test_address_counter[0]$_SDFFE_PP0P_/Q	calib_addr[10]$_SDFFE_PP0P_/D
848	0.3370	instruction[I]	instruction[I]	instruction[26]$_SDFFE_PP1P_/QN	instruction[3]$_SDFFE_PP0P_/D
849	0.3372	sync_rst_controller	delay_read_pipe[I][J]	sync_rst_controller$_DFF_P_/Q	delay_read_pipe[0][1]$_SDFF_PN0_/D
850	0.3372	dqs_count_repeat[I]	dqs_start_index_stored[I]	dqs_count_repeat[0]$_SDFFE_PP0P_/QN	dqs_start_index_stored[2]$_SDFFE_PP0P_/D
851	0.3376	train_delay[I]	o_phy_bitslip[I]	train_delay[1]$_SDFF_PP0_/QN	o_phy_bitslip[1]$_SDFF_PP0_/D
852	0.3383	stageI_row[J]	bank_active_row_q[I][J]	stage2_row[0]$_SDFF_PP0_/Q	bank_active_row_q[0][0]$_SDFF_PP0_/D
853	0.3387	stageI_do_wr	write_ack_index_q[I]	stage2_do_wr$_SDFF_PP0_/QN	write_ack_index_q[2]$_SDFFE_PP0P_/D
854	0.3389	stageI_do_rd	shift_reg_read_pipe_q[I][J]	stage2_do_rd$_SDFF_PP0_/Q	shift_reg_read_pipe_q[4][10]$_SDFF_PP0_/D
855	0.3401	sync_rst_controller	write_dqs_val[I]	sync_rst_controller$_DFF_P_/Q	write_dqs_val[0]$_SDFF_PP0_/D
856	0.3411	prep_done[I]	lane_write_dq_late[I]	prep_done[1]$_SDFF_PP0_/Q	lane_write_dq_late[4]$_SDFFE_PP0P_/D
857	0.3412	stageI_do_wr	write_dq[I]	stage2_do_wr$_SDFF_PP0_/Q	write_dq[0]$_SDFF_PP0_/D
858	0.3413	pause_counter	delay_counter[I]	pause_counter$_SDFFE_PP0P_/QN	delay_counter[15]$_SDFFE_PP0P_/D
859	0.3418	stageI_do_wr	write_dq_q[I]	stage2_do_wr$_SDFF_PP0_/Q	write_dq_q[0]$_SDFF_PP0_/D
860	0.3438	sync_rst_controller	reset_from_test	sync_rst_controller$_DFF_P_/Q	reset_from_test$_SDFF_PP0_/D
861	0.3443	dqs_start_index_stored[I]	dqs_target_index_orig[I]	dqs_start_index_stored[0]$_SDFFE_PP0P_/Q	dqs_target_index_orig[4]$_SDFFE_PP0P_/D
862	0.3443	stageI_do_act	write_dq[I]	stage2_do_act$_SDFF_PP0_/Q	write_dq[0]$_SDFF_PP0_/D
863	0.3449	stageI_do_act	write_dq_q[I]	stage2_do_act$_SDFF_PP0_/Q	write_dq_q[0]$_SDFF_PP0_/D
864	0.3450	stageI_bank[J]	stageI_bank[J]	stage2_bank[2]$_SDFF_PP0_/Q	stage2_bank[2]$_SDFF_PP0_/D
865	0.3458	stageI_do_wr_or_rd	write_dq[I]	stage2_do_wr_or_rd$_SDFF_PP0_/Q	write_dq[0]$_SDFF_PP0_/D
866	0.3465	stageI_do_wr_or_rd	write_dq_q[I]	stage2_do_wr_or_rd$_SDFF_PP0_/Q	write_dq_q[0]$_SDFF_PP0_/D
867	0.3469	train_delay[I]	final_calibration_done	train_delay[1]$_SDFF_PP0_/QN	final_calibration_done$_SDFFE_PP0P_/D
868	0.3469	stored_write_level_feedback	write_calib_odt	stored_write_level_feedback$_SDFFCE_PN0P_/QN	write_calib_odt$_SDFFE_PP0P_/D
869	0.3470	dqs_target_index_orig[I]	dqs_target_index[I]	dqs_target_index_orig[2]$_SDFFE_PP0P_/QN	dqs_target_index[5]$_SDFFE_PP0P_/D
870	0.3495	start_index_check[I]	lane_write_dq_late[I]	start_index_check[4]$_SDFFCE_PN0P_/Q	lane_write_dq_late[4]$_SDFFE_PP0P_/D
871	0.3502	write_ack_index_q[I]	write_ack_index_q[I]	write_ack_index_q[0]$_SDFFE_PP1P_/Q	write_ack_index_q[2]$_SDFFE_PP0P_/D
872	0.3520	initial_dqs	dqs_target_index[I]	initial_dqs$_SDFFE_PP1P_/Q	dqs_target_index[0]$_SDFFE_PP0P_/D
873	0.3528	read_test_address_counter[I]	calib_addr[I]	read_test_address_counter[13]$_SDFFE_PP0P_/Q	calib_addr[23]$_SDFFE_PP0P_/D
874	0.3533	write_pattern[I]	write_pattern[I]	write_pattern[0]$_SDFFE_PP0P_/Q	write_pattern[0]$_SDFFE_PP0P_/D
875	0.3541	dqs_start_index_repeat	state_calibrate[I]	dqs_start_index_repeat$_SDFFE_PP0P_/QN	state_calibrate[1]$_SDFFE_PP0P_/D
876	0.3545	instruction[I]	instruction_address[I]	instruction[26]$_SDFFE_PP1P_/QN	instruction_address[1]$_SDFF_PP0_/D
877	0.3550	stageI_do_wr_or_rd	write_ack_index_q[I]	stage2_do_wr_or_rd$_SDFF_PP0_/Q	write_ack_index_q[2]$_SDFFE_PP0P_/D
878	0.3553	final_calibration_done	o_wb_stall_int_q	final_calibration_done$_SDFFE_PP0P_/QN	o_wb_stall_int_q$_SDFF_PP1_/D
879	0.3560	sample_clk_repeat[I]	prev_write_level_feedback	sample_clk_repeat[0]$_SDFFCE_PP0P_/Q	prev_write_level_feedback$_SDFFE_PP1P_/D
880	0.3566	i_rst_n	sync_rst_controller	i_rst_n	sync_rst_controller$_DFF_P_/D
881	0.3571	initial_dqs	initial_dqs	initial_dqs$_SDFFE_PP1P_/Q	initial_dqs$_SDFFE_PP1P_/D
882	0.3572	stageI_bank[J]	stageI_bank[J]	stage1_bank[2]$_SDFFE_PP0P_/Q	stage2_bank[2]$_SDFF_PP0_/D
883	0.3582	user_self_refresh_q	instruction_address[I]	user_self_refresh_q$_DFF_P_/Q	instruction_address[1]$_SDFF_PP0_/D
884	0.3586	sync_rst_controller	lane_times_I[J]	sync_rst_controller$_DFF_P_/Q	lane_times_8[5]$_SDFF_PP0_/D
885	0.3600	stageI_do_update_delay_before_precharge_after_rd	delay_before_precharge_counter_q[I][J]	stage2_do_update_delay_before_precharge_after_rd$_SDFF_PP0_/Q	delay_before_precharge_counter_q[0][1]$_SDFF_PP0_/D
886	0.3631	stageI_do_rd	write_ack_index_q[I]	stage2_do_rd$_SDFF_PP0_/Q	write_ack_index_q[2]$_SDFFE_PP0P_/D
887	0.3703	stageI_pending	write_dq[I]	stage2_pending$_SDFFE_PP0P_/Q	write_dq[0]$_SDFF_PP0_/D
888	0.3707	force_o_wb_stall_calib_high_q	pause_counter	force_o_wb_stall_calib_high_q$_SDFF_PP0_/Q	pause_counter$_SDFFE_PP0P_/D
889	0.3709	stageI_pending	write_dq_q[I]	stage2_pending$_SDFFE_PP0P_/Q	write_dq_q[0]$_SDFF_PP0_/D
890	0.3732	train_delay[I]	train_delay[I]	train_delay[1]$_SDFF_PP0_/QN	train_delay[0]$_SDFF_PP0_/D
891	0.3742	o_wb_stall_int_q	pause_counter	o_wb_stall_int_q$_SDFF_PP1_/Q	pause_counter$_SDFFE_PP0P_/D
892	0.3761	stageI_do_pre	write_dq[I]	stage2_do_pre$_SDFF_PP0_/Q	write_dq[0]$_SDFF_PP0_/D
893	0.3767	stageI_do_pre	write_dq_q[I]	stage2_do_pre$_SDFF_PP0_/Q	write_dq_q[0]$_SDFF_PP0_/D
894	0.3811	delay_before_precharge_counter_q[I][J]	delay_before_precharge_counter_q[I][J]	delay_before_precharge_counter_q[0][1]$_SDFF_PP0_/QN	delay_before_precharge_counter_q[0][1]$_SDFF_PP0_/D
895	0.3814	added_read_pipe_max	added_read_pipe_max	added_read_pipe_max$_SDFFE_PP0P_/Q	added_read_pipe_max$_SDFFE_PP0P_/D
896	0.3835	delay_before_read_data[I]	delay_before_read_data[I]	delay_before_read_data[1]$_SDFF_PP0_/QN	delay_before_read_data[0]$_SDFF_PP0_/D
897	0.3837	force_o_wb_stall_calib_high_q	calib_stb	force_o_wb_stall_calib_high_q$_SDFF_PP0_/Q	calib_stb$_SDFFE_PP0P_/D
898	0.3840	user_self_refresh_q	pause_counter	user_self_refresh_q$_DFF_P_/Q	pause_counter$_SDFFE_PP0P_/D
899	0.3843	o_wb_stall_int_q	o_wb_stall_int_q	o_wb_stall_int_q$_SDFF_PP1_/QN	o_wb_stall_int_q$_SDFF_PP1_/D
900	0.3850	added_read_pipe_max	delay_read_pipe[I][J]	added_read_pipe_max$_SDFFE_PP0P_/Q	delay_read_pipe[0][1]$_SDFF_PN0_/D
901	0.3871	o_wb_stall_int_q	calib_stb	o_wb_stall_int_q$_SDFF_PP1_/Q	calib_stb$_SDFFE_PP0P_/D
902	0.3878	sync_rst_controller	sample_clk_repeat[I]	sync_rst_controller$_DFF_P_/QN	sample_clk_repeat[3]$_SDFFCE_PP0P_/D
903	0.3885	start_index_check[I]	start_index_check[I]	start_index_check[4]$_SDFFCE_PN0P_/Q	start_index_check[4]$_SDFFCE_PN0P_/D
904	0.3921	calib_stb	o_wb_stall_int_q	calib_stb$_SDFFE_PP0P_/QN	o_wb_stall_int_q$_SDFF_PP1_/D
905	0.3939	bank_active_row_q[I][J]	bank_active_row_q[I][J]	bank_active_row_q[7][12]$_SDFF_PP0_/Q	bank_active_row_q[7][12]$_SDFF_PP0_/D
906	0.3947	prep_done[I]	lane_read_dq_early[I]	prep_done[1]$_SDFF_PP0_/Q	lane_read_dq_early[4]$_SDFFE_PP0P_/D
907	0.3948	write_pattern_matches	reset_from_calibrate	write_pattern_matches$_SDFF_PP0_/Q	reset_from_calibrate$_SDFF_PP0_/D
908	0.3966	instruction[I]	delay_counter_is_zero	instruction[26]$_SDFFE_PP1P_/QN	delay_counter_is_zero$_SDFF_PP0_/D
909	0.3980	stageI_do_rd	cmd_odt_q	stage2_do_rd$_SDFF_PP0_/Q	cmd_odt_q$_SDFF_PP0_/D
910	0.3990	prep_done[I]	start_index_check[I]	prep_done[1]$_SDFF_PP0_/Q	start_index_check[5]$_SDFFCE_PN0P_/D
911	0.4003	user_self_refresh_q	delay_counter_is_zero	user_self_refresh_q$_DFF_P_/Q	delay_counter_is_zero$_SDFF_PP0_/D
912	0.4014	dqs_start_index_stored[I]	dqs_start_index_stored[I]	dqs_start_index_stored[0]$_SDFFE_PP0P_/Q	dqs_start_index_stored[0]$_SDFFE_PP0P_/D
913	0.4056	final_calibration_done	pause_counter	final_calibration_done$_SDFFE_PP0P_/Q	pause_counter$_SDFFE_PP0P_/D
914	0.4057	write_pattern_matches	start_index_check[I]	write_pattern_matches$_SDFF_PP0_/QN	start_index_check[5]$_SDFFCE_PN0P_/D
915	0.4059	stageI_row[J]	stageI_row[J]	stage2_row[3]$_SDFF_PP0_/Q	stage2_row[3]$_SDFF_PP0_/D
916	0.4061	read_data_store[I]	read_lane_data[I]	read_data_store[90]$_SDFFE_PP0P_/Q	read_lane_data[10]$_SDFF_PP0_/D
917	0.4066	stageI_bank[J]	stageI_bank[J]	stage1_bank[2]$_SDFFE_PP0P_/Q	stage1_bank[2]$_SDFFE_PP0P_/D
918	0.4082	force_o_wb_stall_calib_high_q	train_delay[I]	force_o_wb_stall_calib_high_q$_SDFF_PP0_/Q	train_delay[2]$_SDFF_PP0_/D
919	0.4092	dqs_count_repeat[I]	dqs_count_repeat[I]	dqs_count_repeat[1]$_SDFFE_PP0P_/Q	dqs_count_repeat[2]$_SDFFE_PP0P_/D
920	0.4098	force_o_wb_stall_high_q	pause_counter	force_o_wb_stall_high_q$_SDFF_PP0_/Q	pause_counter$_SDFFE_PP0P_/D
921	0.4116	o_wb_stall_int_q	train_delay[I]	o_wb_stall_int_q$_SDFF_PP1_/Q	train_delay[2]$_SDFF_PP0_/D
922	0.4139	delay_read_pipe[I][J]	delay_read_pipe[I][J]	delay_read_pipe[0][1]$_SDFF_PN0_/Q	delay_read_pipe[0][0]$_DFF_P_/D
923	0.4179	precharge_all_instruction	cmd_odt_q	precharge_all_instruction$_SDFF_PP0_/Q	cmd_odt_q$_SDFF_PP0_/D
924	0.4185	shift_reg_read_pipe_q[I][J]	index_read_pipe	shift_reg_read_pipe_q[1][16]$_SDFF_PP0_/Q	index_read_pipe$_SDFFE_PP0P_/D
925	0.4201	calib_addr[I]	stageI_row[J]	calib_addr[18]$_SDFFE_PP0P_/Q	stage1_row[8]$_SDFFE_PP0P_/D
926	0.4203	calib_addr[I]	stageI_bank[J]	calib_addr[7]$_SDFFE_PP0P_/Q	stage1_bank[0]$_SDFFE_PP0P_/D
927	0.4225	bank_status_q[I]	bank_status_q[I]	bank_status_q[3]$_SDFF_PP0_/Q	bank_status_q[3]$_SDFF_PP0_/D
928	0.4254	sync_rst_controller	start_index_check[I]	sync_rst_controller$_DFF_P_/QN	start_index_check[5]$_SDFFCE_PN0P_/D
929	0.4259	dqs_store[I]	dqs_store[I]	dqs_store[38]$_SDFFE_PP0P_/Q	dqs_store[30]$_SDFFE_PP0P_/D
930	0.4267	prev_write_level_feedback	prev_write_level_feedback	prev_write_level_feedback$_SDFFE_PP1P_/Q	prev_write_level_feedback$_SDFFE_PP1P_/D
931	0.4300	dqs_target_index[I]	dqs_target_index[I]	dqs_target_index[0]$_SDFFE_PP0P_/Q	dqs_target_index[0]$_SDFFE_PP0P_/D
932	0.4344	read_lane_data[I]	read_lane_data_shifted[I]	read_lane_data[56]$_SDFF_PP0_/Q	read_lane_data_shifted[24]$_SDFF_PP0_/D
933	0.4345	o_wb_data_q[I][J]	read_data_store[I]	o_wb_data_q[0][189]$_SDFFE_PP0P_/Q	read_data_store[189]$_SDFFE_PP0P_/D
934	0.4386	stored_write_level_feedback	prev_write_level_feedback	stored_write_level_feedback$_SDFFCE_PN0P_/Q	prev_write_level_feedback$_SDFFE_PP1P_/D
935	0.4402	prep_done[I]	reset_from_calibrate	prep_done[1]$_SDFF_PP0_/Q	reset_from_calibrate$_SDFF_PP0_/D
936	0.4425	dqs_start_index_repeat	dqs_start_index_repeat	dqs_start_index_repeat$_SDFFE_PP0P_/Q	dqs_start_index_repeat$_SDFFE_PP0P_/D
937	0.4434	unaligned_dm[I][J]	stageI_dm[J][K]	unaligned_dm[0][2]$_SDFF_PP0_/Q	stage2_dm[1][16]$_SDFF_PP0_/D
938	0.4434	unaligned_dm[I][J]	stageI_dm[J][K]	unaligned_dm[7][4]$_SDFF_PP0_/Q	stage2_dm[0][39]$_SDFFE_PP0N_/D
939	0.4437	stageI_row[J]	stageI_row[J]	stage1_row[13]$_SDFFE_PP0P_/Q	stage2_row[13]$_SDFF_PP0_/D
940	0.4453	calib_stb	stageI_pending	calib_stb$_SDFFE_PP0P_/Q	stage1_pending$_SDFFE_PP0P_/D
941	0.4458	start_index_check[I]	reset_from_calibrate	start_index_check[4]$_SDFFCE_PN0P_/Q	reset_from_calibrate$_SDFF_PP0_/D
942	0.4464	shift_reg_read_pipe_q[I][J]	delay_read_pipe[I][J]	shift_reg_read_pipe_q[1][16]$_SDFF_PP0_/Q	delay_read_pipe[0][0]$_DFF_P_/D
943	0.4468	sync_rst_controller	reset_from_calibrate	sync_rst_controller$_DFF_P_/Q	reset_from_calibrate$_SDFF_PP0_/D
944	0.4470	stageI_we	stageI_do_rd	stage1_we$_SDFFE_PP0P_/Q	stage2_do_rd$_SDFF_PP0_/D
945	0.4505	precharge_all_instruction	bank_status_q[I]	precharge_all_instruction$_SDFF_PP0_/Q	bank_status_q[3]$_SDFF_PP0_/D
946	0.4521	calib_addr[I]	stageI_col[J]	calib_addr[0]$_SDFFE_PP0P_/Q	stage1_col[3]$_SDFFE_PP0P_/D
947	0.4522	calib_we	stageI_we	calib_we$_SDFFE_PP0P_/Q	stage1_we$_SDFFE_PP0P_/D
948	0.4529	shift_reg_read_pipe_q[I][J]	delay_read_pipe[I][J]	shift_reg_read_pipe_q[1][16]$_SDFF_PP0_/Q	delay_read_pipe[0][1]$_SDFF_PN0_/D
949	0.4550	calib_data[I]	stageI_data[J]	calib_data[315]$_SDFFE_PP0P_/Q	stage1_data[315]$_SDFFE_PP0P_/D
950	0.4551	calib_sel[I]	stageI_dm[J]	calib_sel[14]$_SDFFE_PP0P_/Q	stage1_dm[14]$_SDFFE_PP0P_/D
951	0.4554	calib_aux[I]	stageI_aux[J]	calib_aux[0]$_SDFFE_PP0P_/Q	stage1_aux[0]$_SDFFE_PP0P_/D
952	0.4560	calib_we	calib_aux[I]	calib_we$_SDFFE_PP0P_/Q	calib_aux[0]$_SDFFE_PP0P_/D
953	0.4567	o_wb_ack_read_q[I][J]	index_wb_data	o_wb_ack_read_q[0][0]$_SDFF_PP0_/Q	index_wb_data$_SDFFE_PP0P_/D
954	0.4577	stageI_we	stageI_do_wr	stage1_we$_SDFFE_PP0P_/Q	stage2_do_wr$_SDFF_PP0_/D
955	0.4578	calib_we	calib_we	calib_we$_SDFFE_PP0P_/Q	calib_we$_SDFFE_PP0P_/D
956	0.4580	final_calibration_done	user_self_refresh_q	final_calibration_done$_SDFFE_PP0P_/Q	user_self_refresh_q$_DFF_P_/D
957	0.4585	stageI_next_row[J]	stageI_next_row[J]	stage1_next_row[11]$_SDFFE_PP0P_/Q	stage1_next_row[11]$_SDFFE_PP0P_/D
958	0.4587	write_calib_dqs	write_dqs[I]	write_calib_dqs$_SDFFE_PP0P_/Q	write_dqs[0]$_SDFF_PP0_/D
959	0.4595	final_calibration_done	final_calibration_done	final_calibration_done$_SDFFE_PP0P_/Q	final_calibration_done$_SDFFE_PP0P_/D
960	0.4611	pause_counter	pause_counter	pause_counter$_SDFFE_PP0P_/Q	pause_counter$_SDFFE_PP0P_/D
961	0.4616	unaligned_data[I][J]	stageI_data[J][K]	unaligned_data[2][1]$_SDFF_PP0_/Q	stage2_data[1][17]$_SDFF_PP0_/D
962	0.4616	unaligned_data[I][J]	stageI_data[J][K]	unaligned_data[4][23]$_SDFF_PP0_/Q	stage2_data[0][167]$_SDFFE_PP0N_/D
963	0.4619	stageI_we	stageI_we	stage1_we$_SDFFE_PP0P_/Q	stage2_we$_SDFF_PP0_/D
964	0.4635	prep_done[I]	prep_done[I]	prep_done[1]$_SDFF_PP0_/Q	prep_done[1]$_SDFF_PP0_/D
965	0.4677	index_read_pipe	index_read_pipe	index_read_pipe$_SDFFE_PP0P_/Q	index_read_pipe$_SDFFE_PP0P_/D
966	0.4685	cmd_odt_q	cmd_odt_q	cmd_odt_q$_SDFF_PP0_/Q	cmd_odt_q$_SDFF_PP0_/D
967	0.4690	sync_rst_controller	stored_write_level_feedback	sync_rst_controller$_DFF_P_/QN	stored_write_level_feedback$_SDFFCE_PN0P_/D
968	0.4692	calib_addr[I]	calib_addr[I]	calib_addr[12]$_SDFFE_PP0P_/Q	calib_addr[12]$_SDFFE_PP0P_/D
969	0.4695	write_calib_odt	write_calib_odt	write_calib_odt$_SDFFE_PP0P_/Q	write_calib_odt$_SDFFE_PP0P_/D
970	0.4699	write_calib_dqs	write_calib_dqs	write_calib_dqs$_SDFFE_PP0P_/Q	write_calib_dqs$_SDFFE_PP0P_/D
971	0.4707	stageI_we	o_wb_stall_int_q	stage2_we$_SDFF_PP0_/Q	o_wb_stall_int_q$_SDFF_PP1_/D
972	0.4715	write_calib_odt	cmd_odt_q	write_calib_odt$_SDFFE_PP0P_/Q	cmd_odt_q$_SDFF_PP0_/D
973	0.4762	stageI_data_unaligned[J]	stageI_data_unaligned[J]	stage2_data_unaligned[487]$_SDFFE_PP0P_/Q	stage2_data_unaligned[487]$_SDFFE_PP0P_/D
974	0.4770	stageI_aux[J]	shift_reg_read_pipe_q[I][J]	stage2_aux[9]$_SDFFE_PP0P_/Q	shift_reg_read_pipe_q[0][10]$_SDFF_PP0_/D
975	0.4770	stageI_aux[J]	stageI_aux[J]	stage2_aux[0]$_SDFFE_PP0P_/Q	stage2_aux[0]$_SDFFE_PP0P_/D
976	0.4795	write_dqs_q[I]	write_dqs[I]	write_dqs_q[0]$_SDFF_PP0_/Q	write_dqs[0]$_SDFF_PP0_/D
977	0.4796	dqs_start_index_repeat	initial_dqs	dqs_start_index_repeat$_SDFFE_PP0P_/Q	initial_dqs$_SDFFE_PP1P_/D
978	0.4807	stageI_we	stageI_do_rd	stage2_we$_SDFF_PP0_/Q	stage2_do_rd$_SDFF_PP0_/D
979	0.4811	stageI_dm_unaligned[J]	stageI_dm_unaligned[J]	stage2_dm_unaligned[60]$_SDFFE_PP0P_/Q	stage2_dm_unaligned[60]$_SDFFE_PP0P_/D
980	0.4867	calib_data[I]	calib_data[I]	calib_data[323]$_SDFFE_PP0P_/Q	calib_data[323]$_SDFFE_PP0P_/D
981	0.4869	reset_done	reset_done	reset_done$_SDFFE_PP0P_/Q	reset_done$_SDFFE_PP0P_/D
982	0.4870	stageI_we	stageI_do_wr	stage2_we$_SDFF_PP0_/Q	stage2_do_wr$_SDFF_PP0_/D
983	0.4876	added_read_pipe_max	delay_read_pipe[I][J]	added_read_pipe_max$_SDFFE_PP0P_/QN	delay_read_pipe[0][0]$_DFF_P_/D
984	0.4917	calib_stb	calib_stb	calib_stb$_SDFFE_PP0P_/Q	calib_stb$_SDFFE_PP0P_/D
985	0.4925	stageI_row[J]	stageI_row[J]	stage1_row[10]$_SDFFE_PP0P_/Q	stage1_row[10]$_SDFFE_PP0P_/D
986	0.4950	dqs_target_index_orig[I]	dqs_target_index_orig[I]	dqs_target_index_orig[0]$_SDFFE_PP0P_/Q	dqs_target_index_orig[0]$_SDFFE_PP0P_/D
987	0.4956	stageI_we	stageI_we	stage2_we$_SDFF_PP0_/Q	stage2_we$_SDFF_PP0_/D
988	0.4967	stageI_data[J][K]	stageI_data[J][K]	stage2_data[0][451]$_SDFFE_PP0N_/Q	stage2_data[1][451]$_SDFF_PP0_/D
989	0.4967	stageI_data[J][K]	stageI_data[J][K]	stage2_data[0][451]$_SDFFE_PP0N_/Q	stage2_data[0][451]$_SDFFE_PP0N_/D
990	0.4981	o_phy_write_leveling_calib	o_phy_write_leveling_calib	o_phy_write_leveling_calib$_SDFFE_PP0P_/Q	o_phy_write_leveling_calib$_SDFFE_PP0P_/D
991	0.4986	dqs_bitslip_arrangement[I]	dqs_bitslip_arrangement[I]	dqs_bitslip_arrangement[3]$_SDFFE_PP0P_/Q	dqs_bitslip_arrangement[3]$_SDFFE_PP0P_/D
992	0.4989	stageI_col[J]	stageI_col[J]	stage1_col[3]$_SDFFE_PP0P_/Q	stage1_col[3]$_SDFFE_PP0P_/D
993	0.4989	stageI_data[J]	stageI_data[J]	stage1_data[0]$_SDFFE_PP0P_/Q	stage1_data[0]$_SDFFE_PP0P_/D
994	0.4990	stageI_we	stageI_we	stage1_we$_SDFFE_PP0P_/Q	stage1_we$_SDFFE_PP0P_/D
995	0.4992	stageI_pending	pause_counter	stage2_pending$_SDFFE_PP0P_/QN	pause_counter$_SDFFE_PP0P_/D
996	0.5005	calib_sel[I]	calib_sel[I]	calib_sel[31]$_SDFFE_PP0P_/Q	calib_sel[31]$_SDFFE_PP0P_/D
997	0.5011	final_calibration_done	force_o_wb_stall_high_q	final_calibration_done$_SDFFE_PP0P_/QN	force_o_wb_stall_high_q$_SDFF_PP0_/D
998	0.5013	write_calib_dqs	write_dqs_val[I]	write_calib_dqs$_SDFFE_PP0P_/Q	write_dqs_val[0]$_SDFF_PP0_/D
999	0.5025	lane_read_dq_early[I]	lane_read_dq_early[I]	lane_read_dq_early[4]$_SDFFE_PP0P_/Q	lane_read_dq_early[4]$_SDFFE_PP0P_/D
1000	0.5028	stageI_dm[J]	stageI_dm[J]	stage1_dm[0]$_SDFFE_PP0P_/Q	stage1_dm[0]$_SDFFE_PP0P_/D
