# stage	1_synth
# top_module	e203_cpu_top
# top_n	1000
# kind	blocks
# skip_async	1
# include_full	1
# rank	worst_slack_ns	start	end	start_full	end_full
1	-3.0292	u_eI_cpu.u_eJ_clk_ctrl.u_exu_clkgate.enb	core_csr_clk	u_e203_cpu.u_e203_clk_ctrl.u_exu_clkgate.enb$_DLATCH_N_/Q	core_csr_clk
2	-1.8717	clk	core_csr_clk	clk	core_csr_clk
3	-1.6629	dbg_mode	extIdtcm_icb_cmd_ready	dbg_mode	ext2dtcm_icb_cmd_ready
4	-1.6185	dbg_mode	extIitcm_icb_cmd_ready	dbg_mode	ext2itcm_icb_cmd_ready
5	-1.4961	dbg_mode	cmt_dcause_ena	dbg_mode	cmt_dcause_ena
6	-1.4573	dbg_mode	cmt_dcause[I]	dbg_mode	cmt_dcause[0]
7	-1.3130	dbg_step_r	extIdtcm_icb_cmd_ready	dbg_step_r	ext2dtcm_icb_cmd_ready
8	-1.2891	dbg_halt_r	extIdtcm_icb_cmd_ready	dbg_halt_r	ext2dtcm_icb_cmd_ready
9	-1.2788	dbg_mode	u_eI_cpu.u_eJ_core.u_eK_ifu.u_eL_ifu_iftMicb.leftover_dffl.qout_r[N]	dbg_mode	u_e203_cpu.u_e203_core.u_e203_ifu.u_e203_ifu_ift2icb.leftover_dffl.qout_r[10]$_DFFE_PP_/D
10	-1.2686	dbg_step_r	extIitcm_icb_cmd_ready	dbg_step_r	ext2itcm_icb_cmd_ready
11	-1.2447	dbg_halt_r	extIitcm_icb_cmd_ready	dbg_halt_r	ext2itcm_icb_cmd_ready
12	-1.2399	dbg_mode	u_eI_cpu.u_eJ_core.u_eK_biu.u_sirv_gnrl_icb_buffer.u_sirv_gnrl_cmd_fifo.dp_gtL.fifo_rf[M].fifo_rf_dffl.qout_r[N]	dbg_mode	u_e203_cpu.u_e203_core.u_e203_biu.u_sirv_gnrl_icb_buffer.u_sirv_gnrl_cmd_fifo.dp_gt0.fifo_rf[0].fifo_rf_dffl.qout_r[70]$_DFFE_PP_/D
13	-1.2335	dbg_mode	u_eI_cpu.u_eJ_clk_ctrl.u_itcm_clkgate.enb	dbg_mode	u_e203_cpu.u_e203_clk_ctrl.u_itcm_clkgate.enb$_DLATCH_N_/D
14	-1.2273	dbg_mode	u_eI_cpu.u_eJ_core.u_eK_biu.u_biu_icb_arbt.arbt_num_gt_L_gen.dp_M.u_sirv_gnrl_rspid_fifo.dp_gt_N.dat_dfflr.qout_r	dbg_mode	u_e203_cpu.u_e203_core.u_e203_biu.u_biu_icb_arbt.arbt_num_gt_1_gen.dp_1.u_sirv_gnrl_rspid_fifo.dp_gt_0.dat_dfflr.qout_r$_DFFE_PP_/D
15	-1.2253	dbg_mode	u_eI_cpu.u_eJ_core.u_eK_ifu.u_eL_ifu_iftMicb.leftover_err_dfflr.qout_r	dbg_mode	u_e203_cpu.u_e203_core.u_e203_ifu.u_e203_ifu_ift2icb.leftover_err_dfflr.qout_r$_DFFE_PN0P_/D
16	-1.2238	dbg_mode	u_eI_srams.u_eJ_itcm_ram.u_eK_itcm_gnrl_ram.u_sirv_sim_ram.mem_r[L][M]	dbg_mode	u_e203_srams.u_e203_itcm_ram.u_e203_itcm_gnrl_ram.u_sirv_sim_ram.mem_r[0][32]$_DFFE_PP_/D
17	-1.2211	dbg_mode	u_eI_cpu.u_eJ_core.u_eK_ifu.u_eL_ifu_ifetch.ifu_hi_ir_dfflr.qout_r[M]	dbg_mode	u_e203_cpu.u_e203_core.u_e203_ifu.u_e203_ifu_ifetch.ifu_hi_ir_dfflr.qout_r[10]$_DFFE_PN0P_/D
18	-1.2207	dbg_mode	u_eI_cpu.u_eJ_itcm_ctrl.u_sram_icb_ctrl.u_byp_icb_cmd_buf.u_bypbuf_fifo.dp_gtK.fifo_rf[L].fifo_rf_dffl.qout_r[M]	dbg_mode	u_e203_cpu.u_e203_itcm_ctrl.u_sram_icb_ctrl.u_byp_icb_cmd_buf.u_bypbuf_fifo.dp_gt0.fifo_rf[0].fifo_rf_dffl.qout_r[47]$_DFFE_PP_/D
19	-1.2184	dbg_mode	u_eI_cpu.u_eJ_core.u_eK_biu.u_sirv_gnrl_icb_buffer.u_sirv_gnrl_cmd_fifo.dp_gtL.vec_M_dfflr.qout_r	dbg_mode	u_e203_cpu.u_e203_core.u_e203_biu.u_sirv_gnrl_icb_buffer.u_sirv_gnrl_cmd_fifo.dp_gt0.vec_31_dfflr.qout_r$_DFFE_PN0P_/D
20	-1.2108	dbg_mode	u_eI_cpu.u_eJ_core.u_eK_biu.u_sirv_gnrl_icb_buffer.u_sirv_gnrl_cmd_fifo.dp_gtL.vec_M_dfflrs.qout_r	dbg_mode	u_e203_cpu.u_e203_core.u_e203_biu.u_sirv_gnrl_icb_buffer.u_sirv_gnrl_cmd_fifo.dp_gt0.vec_0_dfflrs.qout_r$_DFFE_PN1P_/D
21	-1.2104	dbg_mode	u_eI_cpu.u_eJ_core.u_eK_ifu.u_eL_ifu_iftMicb.icbNitcm_dfflr.qout_r	dbg_mode	u_e203_cpu.u_e203_core.u_e203_ifu.u_e203_ifu_ift2icb.icb2itcm_dfflr.qout_r$_DFFE_PN0P_/D
22	-1.2080	dbg_mode	u_eI_cpu.u_eJ_core.u_eK_ifu.u_eL_ifu_ifetch.pc_dfflr.qout_r[M]	dbg_mode	u_e203_cpu.u_e203_core.u_e203_ifu.u_e203_ifu_ifetch.pc_dfflr.qout_r[10]$_DFFE_PN0P_/D
23	-1.2054	dbg_mode	u_eI_cpu.u_eJ_core.u_eK_biu.u_sirv_gnrl_icb_buffer.outs_cnt_dfflr.qout_r	dbg_mode	u_e203_cpu.u_e203_core.u_e203_biu.u_sirv_gnrl_icb_buffer.outs_cnt_dfflr.qout_r$_DFFE_PN0P_/D
24	-1.2043	dbg_mode	u_eI_cpu.u_eJ_core.u_eK_biu.u_biu_icb_arbt.arbt_num_gt_L_gen.dp_M.u_sirv_gnrl_rspid_fifo.dp_gt_N.vld_dfflr.qout_r	dbg_mode	u_e203_cpu.u_e203_core.u_e203_biu.u_biu_icb_arbt.arbt_num_gt_1_gen.dp_1.u_sirv_gnrl_rspid_fifo.dp_gt_0.vld_dfflr.qout_r$_DFFE_PN0P_/D
25	-1.2020	dbg_mode	u_eI_srams.u_eJ_dtcm_ram.u_eK_dtcm_gnrl_ram.u_sirv_sim_ram.mem_r[L][M]	dbg_mode	u_e203_srams.u_e203_dtcm_ram.u_e203_dtcm_gnrl_ram.u_sirv_sim_ram.mem_r[0][0]$_DFFE_PP_/D
26	-1.1882	dbg_mode	u_eI_cpu.u_eJ_itcm_ctrl.u_sram_icb_ctrl.u_byp_icb_cmd_buf.u_bypbuf_fifo.dp_gtK.vec_L_dfflr.qout_r	dbg_mode	u_e203_cpu.u_e203_itcm_ctrl.u_sram_icb_ctrl.u_byp_icb_cmd_buf.u_bypbuf_fifo.dp_gt0.vec_31_dfflr.qout_r$_DFFE_PN0P_/D
27	-1.1851	dbg_mode	u_eI_cpu.u_eJ_core.u_eK_exu.u_eL_exu_csr.minstreth_dfflr.qout_r[M]	dbg_mode	u_e203_cpu.u_e203_core.u_e203_exu.u_e203_exu_csr.minstreth_dfflr.qout_r[29]$_DFFE_PN0P_/D
28	-1.1842	dbg_mode	u_eI_cpu.u_eJ_itcm_ctrl.u_sram_icb_ctrl.u_byp_icb_cmd_buf.u_bypbuf_fifo.dp_gtK.vec_L_dfflrs.qout_r	dbg_mode	u_e203_cpu.u_e203_itcm_ctrl.u_sram_icb_ctrl.u_byp_icb_cmd_buf.u_bypbuf_fifo.dp_gt0.vec_0_dfflrs.qout_r$_DFFE_PN1P_/D
29	-1.1658	dbg_mode	u_eI_cpu.u_eJ_core.u_eK_ifu.u_eL_ifu_iftMicb.u_eN_ifetch_rsp_bypbuf.u_bypbuf_fifo.dp_gtO.fifo_rf[P].fifo_rf_dffl.qout_r[Q]	dbg_mode	u_e203_cpu.u_e203_core.u_e203_ifu.u_e203_ifu_ift2icb.u_e203_ifetch_rsp_bypbuf.u_bypbuf_fifo.dp_gt0.fifo_rf[0].fifo_rf_dffl.qout_r[6]$_DFFE_PP_/D
30	-1.1533	dbg_mode	u_eI_cpu.u_eJ_clk_ctrl.itcm_active_dffr.qout_r	dbg_mode	u_e203_cpu.u_e203_clk_ctrl.itcm_active_dffr.qout_r$_DFF_PN0_/D
31	-1.1507	dbg_mode	u_eI_cpu.u_eJ_core.u_eK_ifu.u_eL_ifu_iftMicb.icb_state_dfflr.qout_r[N]	dbg_mode	u_e203_cpu.u_e203_core.u_e203_ifu.u_e203_ifu_ift2icb.icb_state_dfflr.qout_r[1]$_DFFE_PN0P_/D
32	-1.1454	dbg_step_r	cmt_dcause_ena	dbg_step_r	cmt_dcause_ena
33	-1.1397	dbg_mode	u_eI_cpu.u_eJ_core.u_eK_ifu.u_eL_ifu_ifetch.reset_req_dfflr.qout_r	dbg_mode	u_e203_cpu.u_e203_core.u_e203_ifu.u_e203_ifu_ifetch.reset_req_dfflr.qout_r$_DFFE_PN0P_/D
34	-1.1386	dbg_mode	u_eI_cpu.u_eJ_core.u_eK_ifu.u_eL_ifu_iftMicb.icb_addr_N_O_dffl.qout_r[P]	dbg_mode	u_e203_cpu.u_e203_core.u_e203_ifu.u_e203_ifu_ift2icb.icb_addr_2_1_dffl.qout_r[0]$_DFFE_PP_/D
35	-1.1290	dbg_mode	u_eI_cpu.u_eJ_core.u_eK_ifu.u_eL_ifu_iftMicb.req_same_cross_holdup_dfflr.qout_r	dbg_mode	u_e203_cpu.u_e203_core.u_e203_ifu.u_e203_ifu_ift2icb.req_same_cross_holdup_dfflr.qout_r$_DFFE_PN0P_/D
36	-1.1288	dbg_mode	u_eI_cpu.u_eJ_core.u_eK_ifu.u_eL_ifu_iftMicb.req_lane_cross_dfflr.qout_r	dbg_mode	u_e203_cpu.u_e203_core.u_e203_ifu.u_e203_ifu_ift2icb.req_lane_cross_dfflr.qout_r$_DFFE_PN0P_/D
37	-1.1288	dbg_mode	u_eI_cpu.u_eJ_core.u_eK_ifu.u_eL_ifu_iftMicb.req_need_Nuop_dfflr.qout_r	dbg_mode	u_e203_cpu.u_e203_core.u_e203_ifu.u_e203_ifu_ift2icb.req_need_2uop_dfflr.qout_r$_DFFE_PN0P_/D
38	-1.1233	dbg_mode	u_eI_cpu.u_eJ_core.u_eK_ifu.u_eL_ifu_ifetch.pc_newpend_dfflr.qout_r	dbg_mode	u_e203_cpu.u_e203_core.u_e203_ifu.u_e203_ifu_ifetch.pc_newpend_dfflr.qout_r$_DFFE_PN0P_/D
39	-1.1215	dbg_halt_r	cmt_dcause_ena	dbg_halt_r	cmt_dcause_ena
40	-1.1189	dbg_mode	u_eI_cpu.u_eJ_itcm_ctrl.u_sram_icb_ctrl.u_sirv_Kcyc_sram_ctrl.u_eL_stage.dp_gt_M.dat_dfflr.qout_r[N]	dbg_mode	u_e203_cpu.u_e203_itcm_ctrl.u_sram_icb_ctrl.u_sirv_1cyc_sram_ctrl.u_e1_stage.dp_gt_0.dat_dfflr.qout_r[1]$_DFFE_PP_/D
41	-1.1185	dbg_mode	u_eI_cpu.u_eJ_core.u_eK_ifu.u_eL_ifu_iftMicb.u_eN_ifetch_rsp_bypbuf.u_bypbuf_fifo.dp_gtO.vec_P_dfflrs.qout_r	dbg_mode	u_e203_cpu.u_e203_core.u_e203_ifu.u_e203_ifu_ift2icb.u_e203_ifetch_rsp_bypbuf.u_bypbuf_fifo.dp_gt0.vec_0_dfflrs.qout_r$_DFFE_PN1P_/D
42	-1.1176	dbg_mode	u_eI_cpu.u_eJ_core.u_eK_ifu.u_eL_ifu_iftMicb.icbNmem_dfflr.qout_r	dbg_mode	u_e203_cpu.u_e203_core.u_e203_ifu.u_e203_ifu_ift2icb.icb2mem_dfflr.qout_r$_DFFE_PN0P_/D
43	-1.1110	dbg_mode	u_eI_cpu.u_eJ_core.u_eK_ifu.u_eL_ifu_ifetch.ir_rsMidx_dfflr.qout_r[N]	dbg_mode	u_e203_cpu.u_e203_core.u_e203_ifu.u_e203_ifu_ifetch.ir_rs2idx_dfflr.qout_r[1]$_DFFE_PN0P_/D
44	-1.1061	dbg_mode	u_eI_cpu.u_eJ_core.u_eK_ifu.u_eL_ifu_ifetch.out_flag_dfflr.qout_r	dbg_mode	u_e203_cpu.u_e203_core.u_e203_ifu.u_e203_ifu_ifetch.out_flag_dfflr.qout_r$_DFFE_PN0P_/D
45	-1.1048	dbg_mode	u_eI_cpu.u_eJ_core.u_eK_ifu.u_eL_ifu_ifetch.ifu_err_dfflr.qout_r	dbg_mode	u_e203_cpu.u_e203_core.u_e203_ifu.u_e203_ifu_ifetch.ifu_err_dfflr.qout_r$_DFFE_PN0P_/D
46	-1.1048	dbg_mode	u_eI_cpu.u_eJ_core.u_eK_ifu.u_eL_ifu_ifetch.ifu_lo_ir_dfflr.qout_r[M]	dbg_mode	u_e203_cpu.u_e203_core.u_e203_ifu.u_e203_ifu_ifetch.ifu_lo_ir_dfflr.qout_r[0]$_DFFE_PN0P_/D
47	-1.1048	dbg_mode	u_eI_cpu.u_eJ_core.u_eK_ifu.u_eL_ifu_ifetch.ir_muldiv_bMb_dfflr.qout_r	dbg_mode	u_e203_cpu.u_e203_core.u_e203_ifu.u_e203_ifu_ifetch.ir_muldiv_b2b_dfflr.qout_r$_DFFE_PN0P_/D
48	-1.0963	dbg_mode	u_eI_cpu.u_eJ_dtcm_ctrl.u_sram_icb_ctrl.u_byp_icb_cmd_buf.u_bypbuf_fifo.dp_gtK.fifo_rf[L].fifo_rf_dffl.qout_r[M]	dbg_mode	u_e203_cpu.u_e203_dtcm_ctrl.u_sram_icb_ctrl.u_byp_icb_cmd_buf.u_bypbuf_fifo.dp_gt0.fifo_rf[0].fifo_rf_dffl.qout_r[1]$_DFFE_PP_/D
49	-1.0961	dbg_mode	u_eI_cpu.u_eJ_clk_ctrl.u_biu_clkgate.enb	dbg_mode	u_e203_cpu.u_e203_clk_ctrl.u_biu_clkgate.enb$_DLATCH_N_/D
50	-1.0953	u_eI_cpu.u_eJ_core.u_eK_ifu.u_eL_ifu_ifetch.ifu_lo_ir_dfflr.qout_r[M]	extIdtcm_icb_cmd_ready	u_e203_cpu.u_e203_core.u_e203_ifu.u_e203_ifu_ifetch.ifu_lo_ir_dfflr.qout_r[11]$_DFFE_PN0P_/Q	ext2dtcm_icb_cmd_ready
51	-1.0945	dbg_mode	u_eI_cpu.u_eJ_core.u_eK_ifu.u_eL_ifu_ifetch.ifu_prdt_taken_dfflr.qout_r	dbg_mode	u_e203_cpu.u_e203_core.u_e203_ifu.u_e203_ifu_ifetch.ifu_prdt_taken_dfflr.qout_r$_DFFE_PN0P_/D
52	-1.0931	dbg_mode	u_eI_cpu.u_eJ_itcm_ctrl.u_sram_icb_ctrl.u_sirv_Kcyc_sram_ctrl.u_eL_stage.dp_gt_M.vld_dfflr.qout_r	dbg_mode	u_e203_cpu.u_e203_itcm_ctrl.u_sram_icb_ctrl.u_sirv_1cyc_sram_ctrl.u_e1_stage.dp_gt_0.vld_dfflr.qout_r$_DFFE_PN0P_/D
53	-1.0856	dbg_mode	u_eI_cpu.u_eJ_itcm_ctrl.u_sram_icb_ctrl.u_sirv_Kcyc_sram_ctrl.u_ram_clkgate.enb	dbg_mode	u_e203_cpu.u_e203_itcm_ctrl.u_sram_icb_ctrl.u_sirv_1cyc_sram_ctrl.u_ram_clkgate.enb$_DLATCH_N_/D
54	-1.0807	dbg_halt_r	cmt_dcause[I]	dbg_halt_r	cmt_dcause[0]
55	-1.0755	dbg_step_r	cmt_dcause[I]	dbg_step_r	cmt_dcause[0]
56	-1.0748	dbg_mode	u_eI_cpu.u_eJ_core.u_eK_exu.u_eL_exu_alu.u_eM_exu_alu_dpath.sbf_N_dffl.qout_r[O]	dbg_mode	u_e203_cpu.u_e203_core.u_e203_exu.u_e203_exu_alu.u_e203_exu_alu_dpath.sbf_1_dffl.qout_r[10]$_DFFE_PP_/D
57	-1.0732	dbg_mode	u_eI_cpu.u_eJ_core.u_eK_ifu.u_eL_ifu_ifetch.dly_flush_dfflr.qout_r	dbg_mode	u_e203_cpu.u_e203_core.u_e203_ifu.u_e203_ifu_ifetch.dly_flush_dfflr.qout_r$_DFFE_PN0P_/D
58	-1.0701	dbg_mode	u_eI_cpu.u_eJ_itcm_ctrl.ifu_holdup_dffl.qout_r	dbg_mode	u_e203_cpu.u_e203_itcm_ctrl.ifu_holdup_dffl.qout_r$_DFFE_PN0P_/D
59	-1.0663	dbg_mode	u_eI_cpu.u_eJ_core.u_eK_ifu.u_eL_ifu_ifetch.ir_valid_dfflr.qout_r	dbg_mode	u_e203_cpu.u_e203_core.u_e203_ifu.u_e203_ifu_ifetch.ir_valid_dfflr.qout_r$_DFFE_PN0P_/D
60	-1.0559	u_eI_cpu.u_eJ_core.u_eK_ifu.u_eL_ifu_ifetch.ifu_hi_ir_dfflr.qout_r[M]	extIdtcm_icb_cmd_ready	u_e203_cpu.u_e203_core.u_e203_ifu.u_e203_ifu_ifetch.ifu_hi_ir_dfflr.qout_r[15]$_DFFE_PN0P_/Q	ext2dtcm_icb_cmd_ready
61	-1.0509	u_eI_cpu.u_eJ_core.u_eK_ifu.u_eL_ifu_ifetch.ifu_lo_ir_dfflr.qout_r[M]	extIitcm_icb_cmd_ready	u_e203_cpu.u_e203_core.u_e203_ifu.u_e203_ifu_ifetch.ifu_lo_ir_dfflr.qout_r[11]$_DFFE_PN0P_/Q	ext2itcm_icb_cmd_ready
62	-1.0472	dbg_mode	u_eI_cpu.u_eJ_core.u_eK_exu.u_eL_exu_csr.minstret_dfflr.qout_r[M]	dbg_mode	u_e203_cpu.u_e203_core.u_e203_exu.u_e203_exu_csr.minstret_dfflr.qout_r[29]$_DFFE_PN0P_/D
63	-1.0317	u_eI_cpu.u_eJ_core.u_eK_ifu.u_eL_ifu_ifetch.ir_rsMidx_dfflr.qout_r[N]	extIdtcm_icb_cmd_ready	u_e203_cpu.u_e203_core.u_e203_ifu.u_e203_ifu_ifetch.ir_rs2idx_dfflr.qout_r[3]$_DFFE_PN0P_/Q	ext2dtcm_icb_cmd_ready
64	-1.0115	u_eI_cpu.u_eJ_core.u_eK_ifu.u_eL_ifu_ifetch.ifu_hi_ir_dfflr.qout_r[M]	extIitcm_icb_cmd_ready	u_e203_cpu.u_e203_core.u_e203_ifu.u_e203_ifu_ifetch.ifu_hi_ir_dfflr.qout_r[15]$_DFFE_PN0P_/Q	ext2itcm_icb_cmd_ready
65	-1.0043	dbg_mode	u_eI_cpu.u_eJ_core.u_eK_lsu.u_eL_lsu_ctrl.u_eM_lsu_splt_stage.dp_gt_N.dat_dfflr.qout_r[O]	dbg_mode	u_e203_cpu.u_e203_core.u_e203_lsu.u_e203_lsu_ctrl.u_e203_lsu_splt_stage.dp_gt_0.dat_dfflr.qout_r[39]$_DFFE_PP_/D
66	-1.0020	dbg_mode	u_eI_cpu.u_eJ_core.u_eK_exu.u_eL_exu_alu.u_eM_exu_alu_dpath.sbf_N_dffl.qout_r[O]	dbg_mode	u_e203_cpu.u_e203_core.u_e203_exu.u_e203_exu_alu.u_e203_exu_alu_dpath.sbf_1_dffl.qout_r[32]$_SDFFCE_PN0P_/D
67	-0.9947	dbg_mode	u_eI_cpu.u_eJ_dtcm_ctrl.u_sram_icb_ctrl.u_byp_icb_cmd_buf.u_bypbuf_fifo.dp_gtK.vec_L_dfflrs.qout_r	dbg_mode	u_e203_cpu.u_e203_dtcm_ctrl.u_sram_icb_ctrl.u_byp_icb_cmd_buf.u_bypbuf_fifo.dp_gt0.vec_0_dfflrs.qout_r$_DFFE_PN1P_/D
68	-0.9874	u_eI_cpu.u_eJ_core.u_eK_ifu.u_eL_ifu_ifetch.ir_rsMidx_dfflr.qout_r[N]	extIitcm_icb_cmd_ready	u_e203_cpu.u_e203_core.u_e203_ifu.u_e203_ifu_ifetch.ir_rs2idx_dfflr.qout_r[3]$_DFFE_PN0P_/Q	ext2itcm_icb_cmd_ready
69	-0.9786	dbg_mode	u_eI_cpu.u_eJ_core.u_eK_lsu.u_eL_lsu_ctrl.excl_flg_dffl.qout_r	dbg_mode	u_e203_cpu.u_e203_core.u_e203_lsu.u_e203_lsu_ctrl.excl_flg_dffl.qout_r$_DFFE_PN0P_/D
70	-0.9754	dbg_mode	u_eI_cpu.u_eJ_core.u_eK_ifu.u_eL_ifu_iftMicb.u_eN_ifetch_rsp_bypbuf.u_bypbuf_fifo.dp_gtO.vec_P_dfflr.qout_r	dbg_mode	u_e203_cpu.u_e203_core.u_e203_ifu.u_e203_ifu_ift2icb.u_e203_ifetch_rsp_bypbuf.u_bypbuf_fifo.dp_gt0.vec_31_dfflr.qout_r$_DFFE_PN0P_/D
71	-0.9553	dbg_mode	u_eI_cpu.u_eJ_core.u_eK_exu.u_eL_exu_regfile.regfile[M].rfnoN.rf_dffl.qout_r[O]	dbg_mode	u_e203_cpu.u_e203_core.u_e203_exu.u_e203_exu_regfile.regfile[18].rfno0.rf_dffl.qout_r[10]$_DFFE_PP_/D
72	-0.9286	dbg_mode	u_eI_cpu.u_eJ_core.u_eK_lsu.u_eL_lsu_ctrl.excl_addr_dffl.qout_r[M]	dbg_mode	u_e203_cpu.u_e203_core.u_e203_lsu.u_e203_lsu_ctrl.excl_addr_dffl.qout_r[30]$_DFFE_PN0P_/D
73	-0.9285	u_eI_cpu.u_eJ_core.u_eK_ifu.u_eL_ifu_ifetch.ifu_lo_ir_dfflr.qout_r[M]	cmt_dcause_ena	u_e203_cpu.u_e203_core.u_e203_ifu.u_e203_ifu_ifetch.ifu_lo_ir_dfflr.qout_r[11]$_DFFE_PN0P_/Q	cmt_dcause_ena
74	-0.9075	dbg_mode	u_eI_cpu.u_eJ_dtcm_ctrl.u_sram_icb_ctrl.u_byp_icb_cmd_buf.u_bypbuf_fifo.dp_gtK.vec_L_dfflr.qout_r	dbg_mode	u_e203_cpu.u_e203_dtcm_ctrl.u_sram_icb_ctrl.u_byp_icb_cmd_buf.u_bypbuf_fifo.dp_gt0.vec_31_dfflr.qout_r$_DFFE_PN0P_/D
75	-0.9053	dbg_mode	u_eI_cpu.u_eJ_core.u_eK_exu.u_eL_exu_alu.u_eM_exu_alu_muldiv.part_remd_sftN_dfflr.qout_r	dbg_mode	u_e203_cpu.u_e203_core.u_e203_exu.u_e203_exu_alu.u_e203_exu_alu_muldiv.part_remd_sft1_dfflr.qout_r$_DFFE_PN0P_/D
76	-0.9022	dbg_halt_r	u_eI_cpu.u_eJ_core.u_eK_ifu.u_eL_ifu_iftMicb.leftover_dffl.qout_r[N]	dbg_halt_r	u_e203_cpu.u_e203_core.u_e203_ifu.u_e203_ifu_ift2icb.leftover_dffl.qout_r[10]$_DFFE_PP_/D
77	-0.8970	dbg_step_r	u_eI_cpu.u_eJ_core.u_eK_ifu.u_eL_ifu_iftMicb.leftover_dffl.qout_r[N]	dbg_step_r	u_e203_cpu.u_e203_core.u_e203_ifu.u_e203_ifu_ift2icb.leftover_dffl.qout_r[10]$_DFFE_PP_/D
78	-0.8915	dbg_mode	u_eI_cpu.u_eJ_dtcm_ctrl.u_sram_icb_ctrl.u_sirv_Kcyc_sram_ctrl.u_eL_stage.dp_gt_M.vld_dfflr.qout_r	dbg_mode	u_e203_cpu.u_e203_dtcm_ctrl.u_sram_icb_ctrl.u_sirv_1cyc_sram_ctrl.u_e1_stage.dp_gt_0.vld_dfflr.qout_r$_DFFE_PN0P_/D
79	-0.8900	dbg_mode	u_eI_cpu.u_eJ_core.u_eK_ifu.u_eL_ifu_ifetch.ifu_pc_dfflr.qout_r[M]	dbg_mode	u_e203_cpu.u_e203_core.u_e203_ifu.u_e203_ifu_ifetch.ifu_pc_dfflr.qout_r[10]$_DFFE_PN0P_/D
80	-0.8897	u_eI_cpu.u_eJ_core.u_eK_ifu.u_eL_ifu_ifetch.ifu_lo_ir_dfflr.qout_r[M]	cmt_dcause[I]	u_e203_cpu.u_e203_core.u_e203_ifu.u_e203_ifu_ifetch.ifu_lo_ir_dfflr.qout_r[11]$_DFFE_PN0P_/Q	cmt_dcause[0]
81	-0.8891	u_eI_cpu.u_eJ_core.u_eK_ifu.u_eL_ifu_ifetch.ifu_hi_ir_dfflr.qout_r[M]	cmt_dcause_ena	u_e203_cpu.u_e203_core.u_e203_ifu.u_e203_ifu_ifetch.ifu_hi_ir_dfflr.qout_r[15]$_DFFE_PN0P_/Q	cmt_dcause_ena
82	-0.8824	dbg_mode	u_eI_cpu.u_eJ_dtcm_ctrl.u_sram_icb_ctrl.u_sirv_Kcyc_sram_ctrl.u_ram_clkgate.enb	dbg_mode	u_e203_cpu.u_e203_dtcm_ctrl.u_sram_icb_ctrl.u_sirv_1cyc_sram_ctrl.u_ram_clkgate.enb$_DLATCH_N_/D
83	-0.8739	dbg_step_r	u_eI_srams.u_eJ_itcm_ram.u_eK_itcm_gnrl_ram.u_sirv_sim_ram.mem_r[L][M]	dbg_step_r	u_e203_srams.u_e203_itcm_ram.u_e203_itcm_gnrl_ram.u_sirv_sim_ram.mem_r[0][32]$_DFFE_PP_/D
84	-0.8701	dbg_mode	u_eI_cpu.u_eJ_core.u_eK_exu.u_eL_exu_alu.u_eM_exu_alu_muldiv.part_prdt_sftN_dfflr.qout_r	dbg_mode	u_e203_cpu.u_e203_core.u_e203_exu.u_e203_exu_alu.u_e203_exu_alu_muldiv.part_prdt_sft1_dfflr.qout_r$_DFFE_PN0P_/D
85	-0.8649	u_eI_cpu.u_eJ_core.u_eK_ifu.u_eL_ifu_ifetch.ir_rsMidx_dfflr.qout_r[N]	cmt_dcause_ena	u_e203_cpu.u_e203_core.u_e203_ifu.u_e203_ifu_ifetch.ir_rs2idx_dfflr.qout_r[3]$_DFFE_PN0P_/Q	cmt_dcause_ena
86	-0.8637	dbg_mode	u_eI_cpu.u_eJ_core.u_eK_exu.u_eL_exu_oitf.oitf_entries[M].pc_dfflrs.qout_r[N]	dbg_mode	u_e203_cpu.u_e203_core.u_e203_exu.u_e203_exu_oitf.oitf_entries[0].pc_dfflrs.qout_r[10]$_DFFE_PP_/D
87	-0.8637	dbg_mode	u_eI_cpu.u_eJ_core.u_eK_exu.u_eL_exu_oitf.oitf_entries[M].rdwen_dfflrs.qout_r	dbg_mode	u_e203_cpu.u_e203_core.u_e203_exu.u_e203_exu_oitf.oitf_entries[0].rdwen_dfflrs.qout_r$_DFFE_PP_/D
88	-0.8634	dbg_halt_r	u_eI_cpu.u_eJ_core.u_eK_biu.u_sirv_gnrl_icb_buffer.u_sirv_gnrl_cmd_fifo.dp_gtL.fifo_rf[M].fifo_rf_dffl.qout_r[N]	dbg_halt_r	u_e203_cpu.u_e203_core.u_e203_biu.u_sirv_gnrl_icb_buffer.u_sirv_gnrl_cmd_fifo.dp_gt0.fifo_rf[0].fifo_rf_dffl.qout_r[70]$_DFFE_PP_/D
89	-0.8608	dbg_mode	u_eI_cpu.u_eJ_clk_ctrl.u_dtcm_clkgate.enb	dbg_mode	u_e203_cpu.u_e203_clk_ctrl.u_dtcm_clkgate.enb$_DLATCH_N_/D
90	-0.8605	dbg_mode	u_eI_cpu.u_eJ_core.u_eK_exu.u_eL_exu_oitf.oitf_entries[M].rdidx_dfflrs.qout_r[N]	dbg_mode	u_e203_cpu.u_e203_core.u_e203_exu.u_e203_exu_oitf.oitf_entries[1].rdidx_dfflrs.qout_r[1]$_DFFE_PP_/D
91	-0.8589	dbg_mode	u_eI_cpu.u_eJ_itcm_ctrl.u_itcm_icb_extKitcm_nLw.fifo_dp_M.u_sirv_gnrl_nNw_fifo.dp_gt_O.dat_dfflr.qout_r	dbg_mode	u_e203_cpu.u_e203_itcm_ctrl.u_itcm_icb_ext2itcm_n2w.fifo_dp_1.u_sirv_gnrl_n2w_fifo.dp_gt_0.dat_dfflr.qout_r$_DFFE_PP_/D
92	-0.8581	dbg_step_r	u_eI_cpu.u_eJ_core.u_eK_biu.u_sirv_gnrl_icb_buffer.u_sirv_gnrl_cmd_fifo.dp_gtL.fifo_rf[M].fifo_rf_dffl.qout_r[N]	dbg_step_r	u_e203_cpu.u_e203_core.u_e203_biu.u_sirv_gnrl_icb_buffer.u_sirv_gnrl_cmd_fifo.dp_gt0.fifo_rf[0].fifo_rf_dffl.qout_r[70]$_DFFE_PP_/D
93	-0.8570	dbg_halt_r	u_eI_cpu.u_eJ_clk_ctrl.u_itcm_clkgate.enb	dbg_halt_r	u_e203_cpu.u_e203_clk_ctrl.u_itcm_clkgate.enb$_DLATCH_N_/D
94	-0.8528	dbg_mode	u_eI_cpu.u_eJ_itcm_ctrl.u_itcm_icb_extKitcm_nLw.fifo_dp_M.u_sirv_gnrl_nNw_fifo.dp_gt_O.vld_dfflr.qout_r	dbg_mode	u_e203_cpu.u_e203_itcm_ctrl.u_itcm_icb_ext2itcm_n2w.fifo_dp_1.u_sirv_gnrl_n2w_fifo.dp_gt_0.vld_dfflr.qout_r$_DFFE_PN0P_/D
95	-0.8526	dbg_mode	u_eI_cpu.u_eJ_itcm_ctrl.u_itcm_icb_arbt.arbt_num_gt_K_gen.dp_L.u_sirv_gnrl_rspid_fifo.dp_gt_M.dat_dfflr.qout_r	dbg_mode	u_e203_cpu.u_e203_itcm_ctrl.u_itcm_icb_arbt.arbt_num_gt_1_gen.dp_1.u_sirv_gnrl_rspid_fifo.dp_gt_0.dat_dfflr.qout_r$_DFFE_PP_/D
96	-0.8521	dbg_step_r	u_eI_srams.u_eJ_dtcm_ram.u_eK_dtcm_gnrl_ram.u_sirv_sim_ram.mem_r[L][M]	dbg_step_r	u_e203_srams.u_e203_dtcm_ram.u_e203_dtcm_gnrl_ram.u_sirv_sim_ram.mem_r[0][0]$_DFFE_PP_/D
97	-0.8517	dbg_step_r	u_eI_cpu.u_eJ_clk_ctrl.u_itcm_clkgate.enb	dbg_step_r	u_e203_cpu.u_e203_clk_ctrl.u_itcm_clkgate.enb$_DLATCH_N_/D
98	-0.8507	dbg_halt_r	u_eI_cpu.u_eJ_core.u_eK_biu.u_biu_icb_arbt.arbt_num_gt_L_gen.dp_M.u_sirv_gnrl_rspid_fifo.dp_gt_N.dat_dfflr.qout_r	dbg_halt_r	u_e203_cpu.u_e203_core.u_e203_biu.u_biu_icb_arbt.arbt_num_gt_1_gen.dp_1.u_sirv_gnrl_rspid_fifo.dp_gt_0.dat_dfflr.qout_r$_DFFE_PP_/D
99	-0.8503	u_eI_cpu.u_eJ_core.u_eK_ifu.u_eL_ifu_ifetch.ifu_hi_ir_dfflr.qout_r[M]	cmt_dcause[I]	u_e203_cpu.u_e203_core.u_e203_ifu.u_e203_ifu_ifetch.ifu_hi_ir_dfflr.qout_r[15]$_DFFE_PN0P_/Q	cmt_dcause[0]
100	-0.8500	dbg_halt_r	u_eI_srams.u_eJ_itcm_ram.u_eK_itcm_gnrl_ram.u_sirv_sim_ram.mem_r[L][M]	dbg_halt_r	u_e203_srams.u_e203_itcm_ram.u_e203_itcm_gnrl_ram.u_sirv_sim_ram.mem_r[0][32]$_DFFE_PP_/D
101	-0.8488	dbg_halt_r	u_eI_cpu.u_eJ_core.u_eK_ifu.u_eL_ifu_iftMicb.leftover_err_dfflr.qout_r	dbg_halt_r	u_e203_cpu.u_e203_core.u_e203_ifu.u_e203_ifu_ift2icb.leftover_err_dfflr.qout_r$_DFFE_PN0P_/D
102	-0.8478	dbg_mode	u_eI_cpu.u_eJ_core.u_eK_exu.u_eL_exu_csr.mtvec_dfflr.qout_r[M]	dbg_mode	u_e203_cpu.u_e203_core.u_e203_exu.u_e203_exu_csr.mtvec_dfflr.qout_r[10]$_DFFE_PN0P_/D
103	-0.8477	dbg_mode	u_eI_cpu.u_eJ_dtcm_ctrl.u_dtcm_icb_arbt.arbt_num_gt_K_gen.dp_L.u_sirv_gnrl_rspid_fifo.dp_gt_M.vld_dfflr.qout_r	dbg_mode	u_e203_cpu.u_e203_dtcm_ctrl.u_dtcm_icb_arbt.arbt_num_gt_1_gen.dp_1.u_sirv_gnrl_rspid_fifo.dp_gt_0.vld_dfflr.qout_r$_DFFE_PN0P_/D
104	-0.8455	dbg_step_r	u_eI_cpu.u_eJ_core.u_eK_biu.u_biu_icb_arbt.arbt_num_gt_L_gen.dp_M.u_sirv_gnrl_rspid_fifo.dp_gt_N.dat_dfflr.qout_r	dbg_step_r	u_e203_cpu.u_e203_core.u_e203_biu.u_biu_icb_arbt.arbt_num_gt_1_gen.dp_1.u_sirv_gnrl_rspid_fifo.dp_gt_0.dat_dfflr.qout_r$_DFFE_PP_/D
105	-0.8454	dbg_mode	u_eI_cpu.u_eJ_core.u_eK_exu.u_eL_exu_alu.u_eM_exu_alu_lsuagu.icb_state_dfflr.qout_r[N]	dbg_mode	u_e203_cpu.u_e203_core.u_e203_exu.u_e203_exu_alu.u_e203_exu_alu_lsuagu.icb_state_dfflr.qout_r[2]$_DFFE_PN0P_/D
106	-0.8445	dbg_halt_r	u_eI_cpu.u_eJ_core.u_eK_ifu.u_eL_ifu_ifetch.ifu_hi_ir_dfflr.qout_r[M]	dbg_halt_r	u_e203_cpu.u_e203_core.u_e203_ifu.u_e203_ifu_ifetch.ifu_hi_ir_dfflr.qout_r[10]$_DFFE_PN0P_/D
107	-0.8442	dbg_halt_r	u_eI_cpu.u_eJ_itcm_ctrl.u_sram_icb_ctrl.u_byp_icb_cmd_buf.u_bypbuf_fifo.dp_gtK.fifo_rf[L].fifo_rf_dffl.qout_r[M]	dbg_halt_r	u_e203_cpu.u_e203_itcm_ctrl.u_sram_icb_ctrl.u_byp_icb_cmd_buf.u_bypbuf_fifo.dp_gt0.fifo_rf[0].fifo_rf_dffl.qout_r[47]$_DFFE_PP_/D
108	-0.8435	dbg_step_r	u_eI_cpu.u_eJ_core.u_eK_ifu.u_eL_ifu_iftMicb.leftover_err_dfflr.qout_r	dbg_step_r	u_e203_cpu.u_e203_core.u_e203_ifu.u_e203_ifu_ift2icb.leftover_err_dfflr.qout_r$_DFFE_PN0P_/D
109	-0.8418	dbg_halt_r	u_eI_cpu.u_eJ_core.u_eK_biu.u_sirv_gnrl_icb_buffer.u_sirv_gnrl_cmd_fifo.dp_gtL.vec_M_dfflr.qout_r	dbg_halt_r	u_e203_cpu.u_e203_core.u_e203_biu.u_sirv_gnrl_icb_buffer.u_sirv_gnrl_cmd_fifo.dp_gt0.vec_31_dfflr.qout_r$_DFFE_PN0P_/D
110	-0.8393	dbg_step_r	u_eI_cpu.u_eJ_core.u_eK_ifu.u_eL_ifu_ifetch.ifu_hi_ir_dfflr.qout_r[M]	dbg_step_r	u_e203_cpu.u_e203_core.u_e203_ifu.u_e203_ifu_ifetch.ifu_hi_ir_dfflr.qout_r[10]$_DFFE_PN0P_/D
111	-0.8391	dbg_mode	u_eI_cpu.u_eJ_core.u_eK_exu.u_eL_exu_csr.epc_dfflr.qout_r[M]	dbg_mode	u_e203_cpu.u_e203_core.u_e203_exu.u_e203_exu_csr.epc_dfflr.qout_r[14]$_DFFE_PN0P_/D
112	-0.8389	dbg_step_r	u_eI_cpu.u_eJ_itcm_ctrl.u_sram_icb_ctrl.u_byp_icb_cmd_buf.u_bypbuf_fifo.dp_gtK.fifo_rf[L].fifo_rf_dffl.qout_r[M]	dbg_step_r	u_e203_cpu.u_e203_itcm_ctrl.u_sram_icb_ctrl.u_byp_icb_cmd_buf.u_bypbuf_fifo.dp_gt0.fifo_rf[0].fifo_rf_dffl.qout_r[47]$_DFFE_PP_/D
113	-0.8378	dbg_mode	u_eI_cpu.u_eJ_clk_ctrl.dtcm_active_dffr.qout_r	dbg_mode	u_e203_cpu.u_e203_clk_ctrl.dtcm_active_dffr.qout_r$_DFF_PN0_/D
114	-0.8366	dbg_step_r	u_eI_cpu.u_eJ_core.u_eK_biu.u_sirv_gnrl_icb_buffer.u_sirv_gnrl_cmd_fifo.dp_gtL.vec_M_dfflr.qout_r	dbg_step_r	u_e203_cpu.u_e203_core.u_e203_biu.u_sirv_gnrl_icb_buffer.u_sirv_gnrl_cmd_fifo.dp_gt0.vec_31_dfflr.qout_r$_DFFE_PN0P_/D
115	-0.8344	dbg_step_r	u_eI_cpu.u_eJ_core.u_eK_exu.u_eL_exu_csr.minstreth_dfflr.qout_r[M]	dbg_step_r	u_e203_cpu.u_e203_core.u_e203_exu.u_e203_exu_csr.minstreth_dfflr.qout_r[29]$_DFFE_PN0P_/D
116	-0.8342	dbg_halt_r	u_eI_cpu.u_eJ_core.u_eK_biu.u_sirv_gnrl_icb_buffer.u_sirv_gnrl_cmd_fifo.dp_gtL.vec_M_dfflrs.qout_r	dbg_halt_r	u_e203_cpu.u_e203_core.u_e203_biu.u_sirv_gnrl_icb_buffer.u_sirv_gnrl_cmd_fifo.dp_gt0.vec_0_dfflrs.qout_r$_DFFE_PN1P_/D
117	-0.8338	dbg_halt_r	u_eI_cpu.u_eJ_core.u_eK_ifu.u_eL_ifu_iftMicb.icbNitcm_dfflr.qout_r	dbg_halt_r	u_e203_cpu.u_e203_core.u_e203_ifu.u_e203_ifu_ift2icb.icb2itcm_dfflr.qout_r$_DFFE_PN0P_/D
118	-0.8330	u_eI_cpu.u_eJ_core.u_eK_ifu.u_eL_ifu_ifetch.ifu_err_dfflr.qout_r	extIdtcm_icb_cmd_ready	u_e203_cpu.u_e203_core.u_e203_ifu.u_e203_ifu_ifetch.ifu_err_dfflr.qout_r$_DFFE_PN0P_/Q	ext2dtcm_icb_cmd_ready
119	-0.8314	dbg_halt_r	u_eI_cpu.u_eJ_core.u_eK_ifu.u_eL_ifu_ifetch.pc_dfflr.qout_r[M]	dbg_halt_r	u_e203_cpu.u_e203_core.u_e203_ifu.u_e203_ifu_ifetch.pc_dfflr.qout_r[10]$_DFFE_PN0P_/D
120	-0.8308	dbg_mode	u_eI_cpu.u_eJ_core.u_eK_exu.u_eL_exu_csr.badaddr_dfflr.qout_r[M]	dbg_mode	u_e203_cpu.u_e203_core.u_e203_exu.u_e203_exu_csr.badaddr_dfflr.qout_r[10]$_DFFE_PN0P_/D
121	-0.8290	dbg_step_r	u_eI_cpu.u_eJ_core.u_eK_biu.u_sirv_gnrl_icb_buffer.u_sirv_gnrl_cmd_fifo.dp_gtL.vec_M_dfflrs.qout_r	dbg_step_r	u_e203_cpu.u_e203_core.u_e203_biu.u_sirv_gnrl_icb_buffer.u_sirv_gnrl_cmd_fifo.dp_gt0.vec_0_dfflrs.qout_r$_DFFE_PN1P_/D
122	-0.8288	dbg_halt_r	u_eI_cpu.u_eJ_core.u_eK_biu.u_sirv_gnrl_icb_buffer.outs_cnt_dfflr.qout_r	dbg_halt_r	u_e203_cpu.u_e203_core.u_e203_biu.u_sirv_gnrl_icb_buffer.outs_cnt_dfflr.qout_r$_DFFE_PN0P_/D
123	-0.8286	dbg_step_r	u_eI_cpu.u_eJ_core.u_eK_ifu.u_eL_ifu_iftMicb.icbNitcm_dfflr.qout_r	dbg_step_r	u_e203_cpu.u_e203_core.u_e203_ifu.u_e203_ifu_ift2icb.icb2itcm_dfflr.qout_r$_DFFE_PN0P_/D
124	-0.8282	dbg_halt_r	u_eI_srams.u_eJ_dtcm_ram.u_eK_dtcm_gnrl_ram.u_sirv_sim_ram.mem_r[L][M]	dbg_halt_r	u_e203_srams.u_e203_dtcm_ram.u_e203_dtcm_gnrl_ram.u_sirv_sim_ram.mem_r[0][0]$_DFFE_PP_/D
125	-0.8278	dbg_halt_r	u_eI_cpu.u_eJ_core.u_eK_biu.u_biu_icb_arbt.arbt_num_gt_L_gen.dp_M.u_sirv_gnrl_rspid_fifo.dp_gt_N.vld_dfflr.qout_r	dbg_halt_r	u_e203_cpu.u_e203_core.u_e203_biu.u_biu_icb_arbt.arbt_num_gt_1_gen.dp_1.u_sirv_gnrl_rspid_fifo.dp_gt_0.vld_dfflr.qout_r$_DFFE_PN0P_/D
126	-0.8262	dbg_step_r	u_eI_cpu.u_eJ_core.u_eK_ifu.u_eL_ifu_ifetch.pc_dfflr.qout_r[M]	dbg_step_r	u_e203_cpu.u_e203_core.u_e203_ifu.u_e203_ifu_ifetch.pc_dfflr.qout_r[10]$_DFFE_PN0P_/D
127	-0.8261	u_eI_cpu.u_eJ_core.u_eK_ifu.u_eL_ifu_ifetch.ir_rsMidx_dfflr.qout_r[N]	cmt_dcause[I]	u_e203_cpu.u_e203_core.u_e203_ifu.u_e203_ifu_ifetch.ir_rs2idx_dfflr.qout_r[3]$_DFFE_PN0P_/Q	cmt_dcause[0]
128	-0.8246	dbg_mode	u_eI_cpu.u_eJ_core.u_eK_exu.u_eL_exu_oitf.oitf_entries[M].vld_dfflrs.qout_r	dbg_mode	u_e203_cpu.u_e203_core.u_e203_exu.u_e203_exu_oitf.oitf_entries[1].vld_dfflrs.qout_r$_DFFE_PN0P_/D
129	-0.8236	dbg_step_r	u_eI_cpu.u_eJ_core.u_eK_biu.u_sirv_gnrl_icb_buffer.outs_cnt_dfflr.qout_r	dbg_step_r	u_e203_cpu.u_e203_core.u_e203_biu.u_sirv_gnrl_icb_buffer.outs_cnt_dfflr.qout_r$_DFFE_PN0P_/D
130	-0.8225	dbg_step_r	u_eI_cpu.u_eJ_core.u_eK_biu.u_biu_icb_arbt.arbt_num_gt_L_gen.dp_M.u_sirv_gnrl_rspid_fifo.dp_gt_N.vld_dfflr.qout_r	dbg_step_r	u_e203_cpu.u_e203_core.u_e203_biu.u_biu_icb_arbt.arbt_num_gt_1_gen.dp_1.u_sirv_gnrl_rspid_fifo.dp_gt_0.vld_dfflr.qout_r$_DFFE_PN0P_/D
131	-0.8210	dbg_mode	u_eI_cpu.u_eJ_core.u_eK_exu.u_eL_exu_csr.mcycleh_dfflr.qout_r[M]	dbg_mode	u_e203_cpu.u_e203_core.u_e203_exu.u_e203_exu_csr.mcycleh_dfflr.qout_r[10]$_DFFE_PN0P_/D
132	-0.8187	dbg_mode	u_eI_cpu.u_eJ_core.u_eK_exu.u_eL_exu_alu.u_eM_exu_alu_muldiv.muldiv_state_dfflr.qout_r[N]	dbg_mode	u_e203_cpu.u_e203_core.u_e203_exu.u_e203_exu_alu.u_e203_exu_alu_muldiv.muldiv_state_dfflr.qout_r[2]$_DFFE_PN0P_/D
133	-0.8183	dbg_mode	u_eI_cpu.u_eJ_core.u_eK_exu.u_eL_exu_oitf.depth_gtM.alc_ptr_dfflrs.qout_r	dbg_mode	u_e203_cpu.u_e203_core.u_e203_exu.u_e203_exu_oitf.depth_gt1.alc_ptr_dfflrs.qout_r$_DFFE_PN0P_/D
134	-0.8167	dbg_mode	u_eI_cpu.u_eJ_core.u_eK_exu.u_eL_exu_csr.cause_dfflr.qout_r[M]	dbg_mode	u_e203_cpu.u_e203_core.u_e203_exu.u_e203_exu_csr.cause_dfflr.qout_r[3]$_DFFE_PN0P_/D
135	-0.8116	dbg_halt_r	u_eI_cpu.u_eJ_itcm_ctrl.u_sram_icb_ctrl.u_byp_icb_cmd_buf.u_bypbuf_fifo.dp_gtK.vec_L_dfflr.qout_r	dbg_halt_r	u_e203_cpu.u_e203_itcm_ctrl.u_sram_icb_ctrl.u_byp_icb_cmd_buf.u_bypbuf_fifo.dp_gt0.vec_31_dfflr.qout_r$_DFFE_PN0P_/D
136	-0.8105	dbg_halt_r	u_eI_cpu.u_eJ_core.u_eK_exu.u_eL_exu_csr.minstreth_dfflr.qout_r[M]	dbg_halt_r	u_e203_cpu.u_e203_core.u_e203_exu.u_e203_exu_csr.minstreth_dfflr.qout_r[29]$_DFFE_PN0P_/D
137	-0.8077	dbg_halt_r	u_eI_cpu.u_eJ_itcm_ctrl.u_sram_icb_ctrl.u_byp_icb_cmd_buf.u_bypbuf_fifo.dp_gtK.vec_L_dfflrs.qout_r	dbg_halt_r	u_e203_cpu.u_e203_itcm_ctrl.u_sram_icb_ctrl.u_byp_icb_cmd_buf.u_bypbuf_fifo.dp_gt0.vec_0_dfflrs.qout_r$_DFFE_PN1P_/D
138	-0.8064	dbg_step_r	u_eI_cpu.u_eJ_itcm_ctrl.u_sram_icb_ctrl.u_byp_icb_cmd_buf.u_bypbuf_fifo.dp_gtK.vec_L_dfflr.qout_r	dbg_step_r	u_e203_cpu.u_e203_itcm_ctrl.u_sram_icb_ctrl.u_byp_icb_cmd_buf.u_bypbuf_fifo.dp_gt0.vec_31_dfflr.qout_r$_DFFE_PN0P_/D
139	-0.8044	dbg_mode	u_eI_cpu.u_eJ_core.u_eK_exu.u_eL_exu_csr.status_mpie_dfflr.qout_r	dbg_mode	u_e203_cpu.u_e203_core.u_e203_exu.u_e203_exu_csr.status_mpie_dfflr.qout_r$_DFFE_PN0P_/D
140	-0.8026	dbg_mode	u_eI_cpu.u_eJ_itcm_ctrl.u_itcm_icb_lsuKitcm_nLw.fifo_dp_M.u_sirv_gnrl_nNw_fifo.dp_gt_O.dat_dfflr.qout_r	dbg_mode	u_e203_cpu.u_e203_itcm_ctrl.u_itcm_icb_lsu2itcm_n2w.fifo_dp_1.u_sirv_gnrl_n2w_fifo.dp_gt_0.dat_dfflr.qout_r$_DFFE_PP_/D
141	-0.8024	dbg_step_r	u_eI_cpu.u_eJ_itcm_ctrl.u_sram_icb_ctrl.u_byp_icb_cmd_buf.u_bypbuf_fifo.dp_gtK.vec_L_dfflrs.qout_r	dbg_step_r	u_e203_cpu.u_e203_itcm_ctrl.u_sram_icb_ctrl.u_byp_icb_cmd_buf.u_bypbuf_fifo.dp_gt0.vec_0_dfflrs.qout_r$_DFFE_PN1P_/D
142	-0.7933	dbg_mode	u_eI_cpu.u_eJ_core.u_eK_exu.u_eL_exu_oitf.depth_gtM.alc_ptr_flg_dfflrs.qout_r	dbg_mode	u_e203_cpu.u_e203_core.u_e203_exu.u_e203_exu_oitf.depth_gt1.alc_ptr_flg_dfflrs.qout_r$_DFFE_PN0P_/D
143	-0.7893	dbg_halt_r	u_eI_cpu.u_eJ_core.u_eK_ifu.u_eL_ifu_iftMicb.u_eN_ifetch_rsp_bypbuf.u_bypbuf_fifo.dp_gtO.fifo_rf[P].fifo_rf_dffl.qout_r[Q]	dbg_halt_r	u_e203_cpu.u_e203_core.u_e203_ifu.u_e203_ifu_ift2icb.u_e203_ifetch_rsp_bypbuf.u_bypbuf_fifo.dp_gt0.fifo_rf[0].fifo_rf_dffl.qout_r[6]$_DFFE_PP_/D
144	-0.7886	u_eI_cpu.u_eJ_core.u_eK_ifu.u_eL_ifu_ifetch.ifu_err_dfflr.qout_r	extIitcm_icb_cmd_ready	u_e203_cpu.u_e203_core.u_e203_ifu.u_e203_ifu_ifetch.ifu_err_dfflr.qout_r$_DFFE_PN0P_/Q	ext2itcm_icb_cmd_ready
145	-0.7850	dbg_mode	u_eI_cpu.u_eJ_core.u_eK_exu.u_eL_exu_csr.mcycle_dfflr.qout_r[M]	dbg_mode	u_e203_cpu.u_e203_core.u_e203_exu.u_e203_exu_csr.mcycle_dfflr.qout_r[10]$_DFFE_PN0P_/D
146	-0.7847	dbg_mode	u_eI_cpu.u_eJ_itcm_ctrl.u_itcm_icb_arbt.arbt_num_gt_K_gen.dp_L.u_sirv_gnrl_rspid_fifo.dp_gt_M.vld_dfflr.qout_r	dbg_mode	u_e203_cpu.u_e203_itcm_ctrl.u_itcm_icb_arbt.arbt_num_gt_1_gen.dp_1.u_sirv_gnrl_rspid_fifo.dp_gt_0.vld_dfflr.qout_r$_DFFE_PN0P_/D
147	-0.7847	dbg_mode	u_eI_cpu.u_eJ_core.u_eK_exu.u_eL_exu_alu.u_eM_exu_alu_muldiv.exec_cnt_dfflr.qout_r[N]	dbg_mode	u_e203_cpu.u_e203_core.u_e203_exu.u_e203_exu_alu.u_e203_exu_alu_muldiv.exec_cnt_dfflr.qout_r[0]$_DFFE_PN0P_/D
148	-0.7841	dbg_step_r	u_eI_cpu.u_eJ_core.u_eK_ifu.u_eL_ifu_iftMicb.u_eN_ifetch_rsp_bypbuf.u_bypbuf_fifo.dp_gtO.fifo_rf[P].fifo_rf_dffl.qout_r[Q]	dbg_step_r	u_e203_cpu.u_e203_core.u_e203_ifu.u_e203_ifu_ift2icb.u_e203_ifetch_rsp_bypbuf.u_bypbuf_fifo.dp_gt0.fifo_rf[0].fifo_rf_dffl.qout_r[6]$_DFFE_PP_/D
149	-0.7831	dbg_mode	u_eI_cpu.u_eJ_core.u_eK_exu.u_eL_exu_csr.status_mie_dfflr.qout_r	dbg_mode	u_e203_cpu.u_e203_core.u_e203_exu.u_e203_exu_csr.status_mie_dfflr.qout_r$_DFFE_PN0P_/D
150	-0.7767	dbg_halt_r	u_eI_cpu.u_eJ_clk_ctrl.itcm_active_dffr.qout_r	dbg_halt_r	u_e203_cpu.u_e203_clk_ctrl.itcm_active_dffr.qout_r$_DFF_PN0_/D
151	-0.7741	dbg_halt_r	u_eI_cpu.u_eJ_core.u_eK_ifu.u_eL_ifu_iftMicb.icb_state_dfflr.qout_r[N]	dbg_halt_r	u_e203_cpu.u_e203_core.u_e203_ifu.u_e203_ifu_ift2icb.icb_state_dfflr.qout_r[1]$_DFFE_PN0P_/D
152	-0.7723	dbg_mode	u_eI_cpu.u_eJ_core.u_eK_ifu.u_eL_ifu_ifetch.u_eM_ifu_litebpu.rsNxn_rdrf_dfflrs.qout_r	dbg_mode	u_e203_cpu.u_e203_core.u_e203_ifu.u_e203_ifu_ifetch.u_e203_ifu_litebpu.rs1xn_rdrf_dfflrs.qout_r$_DFFE_PN0P_/D
153	-0.7715	dbg_step_r	u_eI_cpu.u_eJ_clk_ctrl.itcm_active_dffr.qout_r	dbg_step_r	u_e203_cpu.u_e203_clk_ctrl.itcm_active_dffr.qout_r$_DFF_PN0_/D
154	-0.7715	dbg_mode	u_eI_cpu.u_eJ_itcm_ctrl.u_itcm_icb_lsuKitcm_nLw.fifo_dp_M.u_sirv_gnrl_nNw_fifo.dp_gt_O.vld_dfflr.qout_r	dbg_mode	u_e203_cpu.u_e203_itcm_ctrl.u_itcm_icb_lsu2itcm_n2w.fifo_dp_1.u_sirv_gnrl_n2w_fifo.dp_gt_0.vld_dfflr.qout_r$_DFFE_PN0P_/D
155	-0.7689	dbg_step_r	u_eI_cpu.u_eJ_core.u_eK_ifu.u_eL_ifu_iftMicb.icb_state_dfflr.qout_r[N]	dbg_step_r	u_e203_cpu.u_e203_core.u_e203_ifu.u_e203_ifu_ift2icb.icb_state_dfflr.qout_r[1]$_DFFE_PN0P_/D
156	-0.7631	dbg_halt_r	u_eI_cpu.u_eJ_core.u_eK_ifu.u_eL_ifu_ifetch.reset_req_dfflr.qout_r	dbg_halt_r	u_e203_cpu.u_e203_core.u_e203_ifu.u_e203_ifu_ifetch.reset_req_dfflr.qout_r$_DFFE_PN0P_/D
157	-0.7621	dbg_halt_r	u_eI_cpu.u_eJ_core.u_eK_ifu.u_eL_ifu_iftMicb.icb_addr_N_O_dffl.qout_r[P]	dbg_halt_r	u_e203_cpu.u_e203_core.u_e203_ifu.u_e203_ifu_ift2icb.icb_addr_2_1_dffl.qout_r[0]$_DFFE_PP_/D
158	-0.7602	dbg_mode	u_eI_cpu.u_eJ_core.u_eK_exu.u_eL_exu_csr.mscratch_dfflr.qout_r[M]	dbg_mode	u_e203_cpu.u_e203_core.u_e203_exu.u_e203_exu_csr.mscratch_dfflr.qout_r[10]$_DFFE_PN0P_/D
159	-0.7579	dbg_step_r	u_eI_cpu.u_eJ_core.u_eK_ifu.u_eL_ifu_ifetch.reset_req_dfflr.qout_r	dbg_step_r	u_e203_cpu.u_e203_core.u_e203_ifu.u_e203_ifu_ifetch.reset_req_dfflr.qout_r$_DFFE_PN0P_/D
160	-0.7569	dbg_step_r	u_eI_cpu.u_eJ_core.u_eK_ifu.u_eL_ifu_iftMicb.icb_addr_N_O_dffl.qout_r[P]	dbg_step_r	u_e203_cpu.u_e203_core.u_e203_ifu.u_e203_ifu_ift2icb.icb_addr_2_1_dffl.qout_r[0]$_DFFE_PP_/D
161	-0.7524	dbg_halt_r	u_eI_cpu.u_eJ_core.u_eK_ifu.u_eL_ifu_iftMicb.req_same_cross_holdup_dfflr.qout_r	dbg_halt_r	u_e203_cpu.u_e203_core.u_e203_ifu.u_e203_ifu_ift2icb.req_same_cross_holdup_dfflr.qout_r$_DFFE_PN0P_/D
162	-0.7522	dbg_halt_r	u_eI_cpu.u_eJ_core.u_eK_ifu.u_eL_ifu_iftMicb.req_lane_cross_dfflr.qout_r	dbg_halt_r	u_e203_cpu.u_e203_core.u_e203_ifu.u_e203_ifu_ift2icb.req_lane_cross_dfflr.qout_r$_DFFE_PN0P_/D
163	-0.7522	dbg_halt_r	u_eI_cpu.u_eJ_core.u_eK_ifu.u_eL_ifu_iftMicb.req_need_Nuop_dfflr.qout_r	dbg_halt_r	u_e203_cpu.u_e203_core.u_e203_ifu.u_e203_ifu_ift2icb.req_need_2uop_dfflr.qout_r$_DFFE_PN0P_/D
164	-0.7472	dbg_step_r	u_eI_cpu.u_eJ_core.u_eK_ifu.u_eL_ifu_iftMicb.req_same_cross_holdup_dfflr.qout_r	dbg_step_r	u_e203_cpu.u_e203_core.u_e203_ifu.u_e203_ifu_ift2icb.req_same_cross_holdup_dfflr.qout_r$_DFFE_PN0P_/D
165	-0.7470	dbg_step_r	u_eI_cpu.u_eJ_core.u_eK_ifu.u_eL_ifu_iftMicb.req_lane_cross_dfflr.qout_r	dbg_step_r	u_e203_cpu.u_e203_core.u_e203_ifu.u_e203_ifu_ift2icb.req_lane_cross_dfflr.qout_r$_DFFE_PN0P_/D
166	-0.7470	dbg_step_r	u_eI_cpu.u_eJ_core.u_eK_ifu.u_eL_ifu_iftMicb.req_need_Nuop_dfflr.qout_r	dbg_step_r	u_e203_cpu.u_e203_core.u_e203_ifu.u_e203_ifu_ift2icb.req_need_2uop_dfflr.qout_r$_DFFE_PN0P_/D
167	-0.7467	dbg_halt_r	u_eI_cpu.u_eJ_core.u_eK_ifu.u_eL_ifu_ifetch.pc_newpend_dfflr.qout_r	dbg_halt_r	u_e203_cpu.u_e203_core.u_e203_ifu.u_e203_ifu_ifetch.pc_newpend_dfflr.qout_r$_DFFE_PN0P_/D
168	-0.7464	dbg_step_r	u_eI_cpu.u_eJ_dtcm_ctrl.u_sram_icb_ctrl.u_byp_icb_cmd_buf.u_bypbuf_fifo.dp_gtK.fifo_rf[L].fifo_rf_dffl.qout_r[M]	dbg_step_r	u_e203_cpu.u_e203_dtcm_ctrl.u_sram_icb_ctrl.u_byp_icb_cmd_buf.u_bypbuf_fifo.dp_gt0.fifo_rf[0].fifo_rf_dffl.qout_r[1]$_DFFE_PP_/D
169	-0.7444	dbg_mode	u_eI_cpu.u_eJ_dtcm_ctrl.u_dtcm_icb_arbt.arbt_num_gt_K_gen.dp_L.u_sirv_gnrl_rspid_fifo.dp_gt_M.dat_dfflr.qout_r	dbg_mode	u_e203_cpu.u_e203_dtcm_ctrl.u_dtcm_icb_arbt.arbt_num_gt_1_gen.dp_1.u_sirv_gnrl_rspid_fifo.dp_gt_0.dat_dfflr.qout_r$_DFFE_PP_/D
170	-0.7436	dbg_mode	u_eI_cpu.u_eJ_core.u_eK_lsu.u_eL_lsu_ctrl.u_lsu_icb_arbt.arbt_num_gt_M_gen.dp_N.u_sirv_gnrl_rspid_fifo.dp_gt_O.dat_dfflr.qout_r	dbg_mode	u_e203_cpu.u_e203_core.u_e203_lsu.u_e203_lsu_ctrl.u_lsu_icb_arbt.arbt_num_gt_1_gen.dp_1.u_sirv_gnrl_rspid_fifo.dp_gt_0.dat_dfflr.qout_r$_DFFE_PP_/D
171	-0.7423	dbg_halt_r	u_eI_cpu.u_eJ_itcm_ctrl.u_sram_icb_ctrl.u_sirv_Kcyc_sram_ctrl.u_eL_stage.dp_gt_M.dat_dfflr.qout_r[N]	dbg_halt_r	u_e203_cpu.u_e203_itcm_ctrl.u_sram_icb_ctrl.u_sirv_1cyc_sram_ctrl.u_e1_stage.dp_gt_0.dat_dfflr.qout_r[1]$_DFFE_PP_/D
172	-0.7419	dbg_halt_r	u_eI_cpu.u_eJ_core.u_eK_ifu.u_eL_ifu_iftMicb.u_eN_ifetch_rsp_bypbuf.u_bypbuf_fifo.dp_gtO.vec_P_dfflrs.qout_r	dbg_halt_r	u_e203_cpu.u_e203_core.u_e203_ifu.u_e203_ifu_ift2icb.u_e203_ifetch_rsp_bypbuf.u_bypbuf_fifo.dp_gt0.vec_0_dfflrs.qout_r$_DFFE_PN1P_/D
173	-0.7415	dbg_step_r	u_eI_cpu.u_eJ_core.u_eK_ifu.u_eL_ifu_ifetch.pc_newpend_dfflr.qout_r	dbg_step_r	u_e203_cpu.u_e203_core.u_e203_ifu.u_e203_ifu_ifetch.pc_newpend_dfflr.qout_r$_DFFE_PN0P_/D
174	-0.7410	dbg_halt_r	u_eI_cpu.u_eJ_core.u_eK_ifu.u_eL_ifu_iftMicb.icbNmem_dfflr.qout_r	dbg_halt_r	u_e203_cpu.u_e203_core.u_e203_ifu.u_e203_ifu_ift2icb.icb2mem_dfflr.qout_r$_DFFE_PN0P_/D
175	-0.7398	dbg_mode	u_eI_cpu.u_eJ_core.u_eK_ifu.u_eL_ifu_ifetch.ir_pc_vld_dfflr.qout_r	dbg_mode	u_e203_cpu.u_e203_core.u_e203_ifu.u_e203_ifu_ifetch.ir_pc_vld_dfflr.qout_r$_DFFE_PN0P_/D
176	-0.7396	dbg_mode	u_eI_cpu.u_eJ_core.u_eK_lsu.u_eL_lsu_ctrl.u_eM_lsu_splt_stage.dp_gt_N.vld_dfflr.qout_r	dbg_mode	u_e203_cpu.u_e203_core.u_e203_lsu.u_e203_lsu_ctrl.u_e203_lsu_splt_stage.dp_gt_0.vld_dfflr.qout_r$_DFFE_PN0P_/D
177	-0.7396	dbg_mode	u_eI_cpu.u_eJ_core.u_eK_lsu.u_eL_lsu_ctrl.u_lsu_icb_arbt.arbt_num_gt_M_gen.dp_N.u_sirv_gnrl_rspid_fifo.dp_gt_O.vld_dfflr.qout_r	dbg_mode	u_e203_cpu.u_e203_core.u_e203_lsu.u_e203_lsu_ctrl.u_lsu_icb_arbt.arbt_num_gt_1_gen.dp_1.u_sirv_gnrl_rspid_fifo.dp_gt_0.vld_dfflr.qout_r$_DFFE_PN0P_/D
178	-0.7392	dbg_mode	u_eI_cpu.u_eJ_core.u_eK_exu.u_eL_exu_csr.counterstop_dfflr.qout_r[M]	dbg_mode	u_e203_cpu.u_e203_core.u_e203_exu.u_e203_exu_csr.counterstop_dfflr.qout_r[0]$_DFFE_PN0P_/D
179	-0.7371	dbg_step_r	u_eI_cpu.u_eJ_itcm_ctrl.u_sram_icb_ctrl.u_sirv_Kcyc_sram_ctrl.u_eL_stage.dp_gt_M.dat_dfflr.qout_r[N]	dbg_step_r	u_e203_cpu.u_e203_itcm_ctrl.u_sram_icb_ctrl.u_sirv_1cyc_sram_ctrl.u_e1_stage.dp_gt_0.dat_dfflr.qout_r[1]$_DFFE_PP_/D
180	-0.7367	dbg_step_r	u_eI_cpu.u_eJ_core.u_eK_ifu.u_eL_ifu_iftMicb.u_eN_ifetch_rsp_bypbuf.u_bypbuf_fifo.dp_gtO.vec_P_dfflrs.qout_r	dbg_step_r	u_e203_cpu.u_e203_core.u_e203_ifu.u_e203_ifu_ift2icb.u_e203_ifetch_rsp_bypbuf.u_bypbuf_fifo.dp_gt0.vec_0_dfflrs.qout_r$_DFFE_PN1P_/D
181	-0.7358	dbg_step_r	u_eI_cpu.u_eJ_core.u_eK_ifu.u_eL_ifu_iftMicb.icbNmem_dfflr.qout_r	dbg_step_r	u_e203_cpu.u_e203_core.u_e203_ifu.u_e203_ifu_ift2icb.icb2mem_dfflr.qout_r$_DFFE_PN0P_/D
182	-0.7344	dbg_halt_r	u_eI_cpu.u_eJ_core.u_eK_ifu.u_eL_ifu_ifetch.ir_rsMidx_dfflr.qout_r[N]	dbg_halt_r	u_e203_cpu.u_e203_core.u_e203_ifu.u_e203_ifu_ifetch.ir_rs2idx_dfflr.qout_r[1]$_DFFE_PN0P_/D
183	-0.7335	dbg_mode	u_eI_cpu.u_eJ_core.u_eK_exu.u_eL_exu_alu.u_eM_exu_alu_muldiv.flushed_dfflr.qout_r	dbg_mode	u_e203_cpu.u_e203_core.u_e203_exu.u_e203_exu_alu.u_e203_exu_alu_muldiv.flushed_dfflr.qout_r$_DFFE_PN0P_/D
184	-0.7295	dbg_halt_r	u_eI_cpu.u_eJ_core.u_eK_ifu.u_eL_ifu_ifetch.out_flag_dfflr.qout_r	dbg_halt_r	u_e203_cpu.u_e203_core.u_e203_ifu.u_e203_ifu_ifetch.out_flag_dfflr.qout_r$_DFFE_PN0P_/D
185	-0.7292	dbg_step_r	u_eI_cpu.u_eJ_core.u_eK_ifu.u_eL_ifu_ifetch.ir_rsMidx_dfflr.qout_r[N]	dbg_step_r	u_e203_cpu.u_e203_core.u_e203_ifu.u_e203_ifu_ifetch.ir_rs2idx_dfflr.qout_r[1]$_DFFE_PN0P_/D
186	-0.7282	dbg_halt_r	u_eI_cpu.u_eJ_core.u_eK_ifu.u_eL_ifu_ifetch.ifu_err_dfflr.qout_r	dbg_halt_r	u_e203_cpu.u_e203_core.u_e203_ifu.u_e203_ifu_ifetch.ifu_err_dfflr.qout_r$_DFFE_PN0P_/D
187	-0.7282	dbg_halt_r	u_eI_cpu.u_eJ_core.u_eK_ifu.u_eL_ifu_ifetch.ifu_lo_ir_dfflr.qout_r[M]	dbg_halt_r	u_e203_cpu.u_e203_core.u_e203_ifu.u_e203_ifu_ifetch.ifu_lo_ir_dfflr.qout_r[0]$_DFFE_PN0P_/D
188	-0.7282	dbg_halt_r	u_eI_cpu.u_eJ_core.u_eK_ifu.u_eL_ifu_ifetch.ir_muldiv_bMb_dfflr.qout_r	dbg_halt_r	u_e203_cpu.u_e203_core.u_e203_ifu.u_e203_ifu_ifetch.ir_muldiv_b2b_dfflr.qout_r$_DFFE_PN0P_/D
189	-0.7243	dbg_step_r	u_eI_cpu.u_eJ_core.u_eK_ifu.u_eL_ifu_ifetch.out_flag_dfflr.qout_r	dbg_step_r	u_e203_cpu.u_e203_core.u_e203_ifu.u_e203_ifu_ifetch.out_flag_dfflr.qout_r$_DFFE_PN0P_/D
190	-0.7241	dbg_step_r	u_eI_cpu.u_eJ_core.u_eK_exu.u_eL_exu_alu.u_eM_exu_alu_dpath.sbf_N_dffl.qout_r[O]	dbg_step_r	u_e203_cpu.u_e203_core.u_e203_exu.u_e203_exu_alu.u_e203_exu_alu_dpath.sbf_1_dffl.qout_r[10]$_DFFE_PP_/D
191	-0.7234	dbg_mode	u_eI_cpu.u_eJ_core.u_eK_exu.u_eL_exu_csr.mcgstop_dfflr.qout_r[M]	dbg_mode	u_e203_cpu.u_e203_core.u_e203_exu.u_e203_exu_csr.mcgstop_dfflr.qout_r[0]$_DFFE_PN0P_/D
192	-0.7230	dbg_step_r	u_eI_cpu.u_eJ_core.u_eK_ifu.u_eL_ifu_ifetch.ifu_err_dfflr.qout_r	dbg_step_r	u_e203_cpu.u_e203_core.u_e203_ifu.u_e203_ifu_ifetch.ifu_err_dfflr.qout_r$_DFFE_PN0P_/D
193	-0.7230	dbg_step_r	u_eI_cpu.u_eJ_core.u_eK_ifu.u_eL_ifu_ifetch.ifu_lo_ir_dfflr.qout_r[M]	dbg_step_r	u_e203_cpu.u_e203_core.u_e203_ifu.u_e203_ifu_ifetch.ifu_lo_ir_dfflr.qout_r[0]$_DFFE_PN0P_/D
194	-0.7230	dbg_step_r	u_eI_cpu.u_eJ_core.u_eK_ifu.u_eL_ifu_ifetch.ir_muldiv_bMb_dfflr.qout_r	dbg_step_r	u_e203_cpu.u_e203_core.u_e203_ifu.u_e203_ifu_ifetch.ir_muldiv_b2b_dfflr.qout_r$_DFFE_PN0P_/D
195	-0.7225	dbg_halt_r	u_eI_cpu.u_eJ_dtcm_ctrl.u_sram_icb_ctrl.u_byp_icb_cmd_buf.u_bypbuf_fifo.dp_gtK.fifo_rf[L].fifo_rf_dffl.qout_r[M]	dbg_halt_r	u_e203_cpu.u_e203_dtcm_ctrl.u_sram_icb_ctrl.u_byp_icb_cmd_buf.u_bypbuf_fifo.dp_gt0.fifo_rf[0].fifo_rf_dffl.qout_r[1]$_DFFE_PP_/D
196	-0.7208	dbg_mode	u_eI_cpu.u_eJ_core.u_eK_exu.u_eL_exu_alu.u_eM_exu_alu_lsuagu.unalgn_flg_dffl.qout_r	dbg_mode	u_e203_cpu.u_e203_core.u_e203_exu.u_e203_exu_alu.u_e203_exu_alu_lsuagu.unalgn_flg_dffl.qout_r$_DFFE_PN0P_/D
197	-0.7195	dbg_halt_r	u_eI_cpu.u_eJ_clk_ctrl.u_biu_clkgate.enb	dbg_halt_r	u_e203_cpu.u_e203_clk_ctrl.u_biu_clkgate.enb$_DLATCH_N_/D
198	-0.7179	dbg_halt_r	u_eI_cpu.u_eJ_core.u_eK_ifu.u_eL_ifu_ifetch.ifu_prdt_taken_dfflr.qout_r	dbg_halt_r	u_e203_cpu.u_e203_core.u_e203_ifu.u_e203_ifu_ifetch.ifu_prdt_taken_dfflr.qout_r$_DFFE_PN0P_/D
199	-0.7166	dbg_halt_r	u_eI_cpu.u_eJ_itcm_ctrl.u_sram_icb_ctrl.u_sirv_Kcyc_sram_ctrl.u_eL_stage.dp_gt_M.vld_dfflr.qout_r	dbg_halt_r	u_e203_cpu.u_e203_itcm_ctrl.u_sram_icb_ctrl.u_sirv_1cyc_sram_ctrl.u_e1_stage.dp_gt_0.vld_dfflr.qout_r$_DFFE_PN0P_/D
200	-0.7154	dbg_mode	u_eI_cpu.u_eJ_core.u_eK_exu.u_eL_exu_csr.mie_dfflr.qout_r[M]	dbg_mode	u_e203_cpu.u_e203_core.u_e203_exu.u_e203_exu_csr.mie_dfflr.qout_r[11]$_DFFE_PN0P_/D
201	-0.7143	dbg_step_r	u_eI_cpu.u_eJ_clk_ctrl.u_biu_clkgate.enb	dbg_step_r	u_e203_cpu.u_e203_clk_ctrl.u_biu_clkgate.enb$_DLATCH_N_/D
202	-0.7127	dbg_step_r	u_eI_cpu.u_eJ_core.u_eK_ifu.u_eL_ifu_ifetch.ifu_prdt_taken_dfflr.qout_r	dbg_step_r	u_e203_cpu.u_e203_core.u_e203_ifu.u_e203_ifu_ifetch.ifu_prdt_taken_dfflr.qout_r$_DFFE_PN0P_/D
203	-0.7114	dbg_step_r	u_eI_cpu.u_eJ_itcm_ctrl.u_sram_icb_ctrl.u_sirv_Kcyc_sram_ctrl.u_eL_stage.dp_gt_M.vld_dfflr.qout_r	dbg_step_r	u_e203_cpu.u_e203_itcm_ctrl.u_sram_icb_ctrl.u_sirv_1cyc_sram_ctrl.u_e1_stage.dp_gt_0.vld_dfflr.qout_r$_DFFE_PN0P_/D
204	-0.7112	u_eI_cpu.u_eJ_core.u_eK_ifu.u_eL_ifu_ifetch.ifu_lo_ir_dfflr.qout_r[M]	u_eI_cpu.u_eJ_core.u_eK_ifu.u_eL_ifu_iftMicb.leftover_dffl.qout_r[N]	u_e203_cpu.u_e203_core.u_e203_ifu.u_e203_ifu_ifetch.ifu_lo_ir_dfflr.qout_r[11]$_DFFE_PN0P_/Q	u_e203_cpu.u_e203_core.u_e203_ifu.u_e203_ifu_ift2icb.leftover_dffl.qout_r[10]$_DFFE_PP_/D
205	-0.7090	dbg_halt_r	u_eI_cpu.u_eJ_itcm_ctrl.u_sram_icb_ctrl.u_sirv_Kcyc_sram_ctrl.u_ram_clkgate.enb	dbg_halt_r	u_e203_cpu.u_e203_itcm_ctrl.u_sram_icb_ctrl.u_sirv_1cyc_sram_ctrl.u_ram_clkgate.enb$_DLATCH_N_/D
206	-0.7069	dbg_mode	u_eI_cpu.u_eJ_core.u_eK_exu.u_eL_exu_csr.itcmnohold_dfflr.qout_r[M]	dbg_mode	u_e203_cpu.u_e203_core.u_e203_exu.u_e203_exu_csr.itcmnohold_dfflr.qout_r[0]$_DFFE_PN0P_/D
207	-0.7068	dbg_mode	u_eI_cpu.u_eJ_core.u_eK_exu.u_eL_exu_csr.mdvnobMb_dfflr.qout_r[N]	dbg_mode	u_e203_cpu.u_e203_core.u_e203_exu.u_e203_exu_csr.mdvnob2b_dfflr.qout_r[0]$_DFFE_PN0P_/D
208	-0.7038	dbg_step_r	u_eI_cpu.u_eJ_itcm_ctrl.u_sram_icb_ctrl.u_sirv_Kcyc_sram_ctrl.u_ram_clkgate.enb	dbg_step_r	u_e203_cpu.u_e203_itcm_ctrl.u_sram_icb_ctrl.u_sirv_1cyc_sram_ctrl.u_ram_clkgate.enb$_DLATCH_N_/D
209	-0.7002	dbg_halt_r	u_eI_cpu.u_eJ_core.u_eK_exu.u_eL_exu_alu.u_eM_exu_alu_dpath.sbf_N_dffl.qout_r[O]	dbg_halt_r	u_e203_cpu.u_e203_core.u_e203_exu.u_e203_exu_alu.u_e203_exu_alu_dpath.sbf_1_dffl.qout_r[10]$_DFFE_PP_/D
210	-0.6984	u_eI_cpu.u_eJ_core.u_eK_lsu.u_eL_lsu_ctrl.u_eM_lsu_splt_stage.dp_gt_N.vld_dfflr.qout_r	extIdtcm_icb_cmd_ready	u_e203_cpu.u_e203_core.u_e203_lsu.u_e203_lsu_ctrl.u_e203_lsu_splt_stage.dp_gt_0.vld_dfflr.qout_r$_DFFE_PN0P_/Q	ext2dtcm_icb_cmd_ready
211	-0.6967	dbg_halt_r	u_eI_cpu.u_eJ_core.u_eK_ifu.u_eL_ifu_ifetch.dly_flush_dfflr.qout_r	dbg_halt_r	u_e203_cpu.u_e203_core.u_e203_ifu.u_e203_ifu_ifetch.dly_flush_dfflr.qout_r$_DFFE_PN0P_/D
212	-0.6964	dbg_step_r	u_eI_cpu.u_eJ_core.u_eK_exu.u_eL_exu_csr.minstret_dfflr.qout_r[M]	dbg_step_r	u_e203_cpu.u_e203_core.u_e203_exu.u_e203_exu_csr.minstret_dfflr.qout_r[29]$_DFFE_PN0P_/D
213	-0.6935	dbg_halt_r	u_eI_cpu.u_eJ_itcm_ctrl.ifu_holdup_dffl.qout_r	dbg_halt_r	u_e203_cpu.u_e203_itcm_ctrl.ifu_holdup_dffl.qout_r$_DFFE_PN0P_/D
214	-0.6915	dbg_step_r	u_eI_cpu.u_eJ_core.u_eK_ifu.u_eL_ifu_ifetch.dly_flush_dfflr.qout_r	dbg_step_r	u_e203_cpu.u_e203_core.u_e203_ifu.u_e203_ifu_ifetch.dly_flush_dfflr.qout_r$_DFFE_PN0P_/D
215	-0.6897	dbg_halt_r	u_eI_cpu.u_eJ_core.u_eK_ifu.u_eL_ifu_ifetch.ir_valid_dfflr.qout_r	dbg_halt_r	u_e203_cpu.u_e203_core.u_e203_ifu.u_e203_ifu_ifetch.ir_valid_dfflr.qout_r$_DFFE_PN0P_/D
216	-0.6883	dbg_step_r	u_eI_cpu.u_eJ_itcm_ctrl.ifu_holdup_dffl.qout_r	dbg_step_r	u_e203_cpu.u_e203_itcm_ctrl.ifu_holdup_dffl.qout_r$_DFFE_PN0P_/D
217	-0.6845	dbg_step_r	u_eI_cpu.u_eJ_core.u_eK_ifu.u_eL_ifu_ifetch.ir_valid_dfflr.qout_r	dbg_step_r	u_e203_cpu.u_e203_core.u_e203_ifu.u_e203_ifu_ifetch.ir_valid_dfflr.qout_r$_DFFE_PN0P_/D
218	-0.6791	u_eI_cpu.u_eJ_core.u_eK_exu.u_eL_exu_regfile.regfile[M].rfnoN.rf_dffl.qout_r[O]	extIdtcm_icb_cmd_ready	u_e203_cpu.u_e203_core.u_e203_exu.u_e203_exu_regfile.regfile[13].rfno0.rf_dffl.qout_r[31]$_DFFE_PP_/Q	ext2dtcm_icb_cmd_ready
219	-0.6726	dbg_halt_r	u_eI_cpu.u_eJ_core.u_eK_exu.u_eL_exu_csr.minstret_dfflr.qout_r[M]	dbg_halt_r	u_e203_cpu.u_e203_core.u_e203_exu.u_e203_exu_csr.minstret_dfflr.qout_r[29]$_DFFE_PN0P_/D
220	-0.6723	u_eI_cpu.u_eJ_core.u_eK_ifu.u_eL_ifu_ifetch.ifu_lo_ir_dfflr.qout_r[M]	u_eI_cpu.u_eJ_core.u_eK_biu.u_sirv_gnrl_icb_buffer.u_sirv_gnrl_cmd_fifo.dp_gtL.fifo_rf[M].fifo_rf_dffl.qout_r[N]	u_e203_cpu.u_e203_core.u_e203_ifu.u_e203_ifu_ifetch.ifu_lo_ir_dfflr.qout_r[11]$_DFFE_PN0P_/Q	u_e203_cpu.u_e203_core.u_e203_biu.u_sirv_gnrl_icb_buffer.u_sirv_gnrl_cmd_fifo.dp_gt0.fifo_rf[0].fifo_rf_dffl.qout_r[70]$_DFFE_PP_/D
221	-0.6718	u_eI_cpu.u_eJ_core.u_eK_ifu.u_eL_ifu_ifetch.ifu_hi_ir_dfflr.qout_r[M]	u_eI_cpu.u_eJ_core.u_eK_ifu.u_eL_ifu_iftMicb.leftover_dffl.qout_r[N]	u_e203_cpu.u_e203_core.u_e203_ifu.u_e203_ifu_ifetch.ifu_hi_ir_dfflr.qout_r[15]$_DFFE_PN0P_/Q	u_e203_cpu.u_e203_core.u_e203_ifu.u_e203_ifu_ift2icb.leftover_dffl.qout_r[10]$_DFFE_PP_/D
222	-0.6662	u_eI_cpu.u_eJ_core.u_eK_ifu.u_eL_ifu_ifetch.ifu_err_dfflr.qout_r	cmt_dcause_ena	u_e203_cpu.u_e203_core.u_e203_ifu.u_e203_ifu_ifetch.ifu_err_dfflr.qout_r$_DFFE_PN0P_/Q	cmt_dcause_ena
223	-0.6659	u_eI_cpu.u_eJ_core.u_eK_ifu.u_eL_ifu_ifetch.ifu_lo_ir_dfflr.qout_r[M]	u_eI_cpu.u_eJ_clk_ctrl.u_itcm_clkgate.enb	u_e203_cpu.u_e203_core.u_e203_ifu.u_e203_ifu_ifetch.ifu_lo_ir_dfflr.qout_r[11]$_DFFE_PN0P_/Q	u_e203_cpu.u_e203_clk_ctrl.u_itcm_clkgate.enb$_DLATCH_N_/D
224	-0.6597	u_eI_cpu.u_eJ_core.u_eK_ifu.u_eL_ifu_ifetch.ifu_lo_ir_dfflr.qout_r[M]	u_eI_cpu.u_eJ_core.u_eK_biu.u_biu_icb_arbt.arbt_num_gt_L_gen.dp_M.u_sirv_gnrl_rspid_fifo.dp_gt_N.dat_dfflr.qout_r	u_e203_cpu.u_e203_core.u_e203_ifu.u_e203_ifu_ifetch.ifu_lo_ir_dfflr.qout_r[11]$_DFFE_PN0P_/Q	u_e203_cpu.u_e203_core.u_e203_biu.u_biu_icb_arbt.arbt_num_gt_1_gen.dp_1.u_sirv_gnrl_rspid_fifo.dp_gt_0.dat_dfflr.qout_r$_DFFE_PP_/D
225	-0.6577	u_eI_cpu.u_eJ_core.u_eK_ifu.u_eL_ifu_ifetch.ifu_lo_ir_dfflr.qout_r[M]	u_eI_cpu.u_eJ_core.u_eK_ifu.u_eL_ifu_iftMicb.leftover_err_dfflr.qout_r	u_e203_cpu.u_e203_core.u_e203_ifu.u_e203_ifu_ifetch.ifu_lo_ir_dfflr.qout_r[11]$_DFFE_PN0P_/Q	u_e203_cpu.u_e203_core.u_e203_ifu.u_e203_ifu_ift2icb.leftover_err_dfflr.qout_r$_DFFE_PN0P_/D
226	-0.6572	u_eI_cpu.u_eJ_core.u_eK_lsu.u_eL_lsu_ctrl.u_eM_lsu_splt_stage.dp_gt_N.dat_dfflr.qout_r[O]	extIdtcm_icb_cmd_ready	u_e203_cpu.u_e203_core.u_e203_lsu.u_e203_lsu_ctrl.u_e203_lsu_splt_stage.dp_gt_0.dat_dfflr.qout_r[43]$_DFFE_PP_/Q	ext2dtcm_icb_cmd_ready
227	-0.6561	u_eI_cpu.u_eJ_core.u_eK_ifu.u_eL_ifu_ifetch.ifu_lo_ir_dfflr.qout_r[M]	u_eI_srams.u_eJ_itcm_ram.u_eK_itcm_gnrl_ram.u_sirv_sim_ram.mem_r[L][M]	u_e203_cpu.u_e203_core.u_e203_ifu.u_e203_ifu_ifetch.ifu_lo_ir_dfflr.qout_r[11]$_DFFE_PN0P_/Q	u_e203_srams.u_e203_itcm_ram.u_e203_itcm_gnrl_ram.u_sirv_sim_ram.mem_r[0][32]$_DFFE_PP_/D
228	-0.6544	dbg_step_r	u_eI_cpu.u_eJ_core.u_eK_lsu.u_eL_lsu_ctrl.u_eM_lsu_splt_stage.dp_gt_N.dat_dfflr.qout_r[O]	dbg_step_r	u_e203_cpu.u_e203_core.u_e203_lsu.u_e203_lsu_ctrl.u_e203_lsu_splt_stage.dp_gt_0.dat_dfflr.qout_r[39]$_DFFE_PP_/D
229	-0.6540	u_eI_cpu.u_eJ_core.u_eK_lsu.u_eL_lsu_ctrl.u_eM_lsu_splt_stage.dp_gt_N.vld_dfflr.qout_r	extIitcm_icb_cmd_ready	u_e203_cpu.u_e203_core.u_e203_lsu.u_e203_lsu_ctrl.u_e203_lsu_splt_stage.dp_gt_0.vld_dfflr.qout_r$_DFFE_PN0P_/Q	ext2itcm_icb_cmd_ready
230	-0.6535	u_eI_cpu.u_eJ_core.u_eK_ifu.u_eL_ifu_ifetch.ifu_lo_ir_dfflr.qout_r[M]	u_eI_cpu.u_eJ_core.u_eK_ifu.u_eL_ifu_ifetch.ifu_hi_ir_dfflr.qout_r[M]	u_e203_cpu.u_e203_core.u_e203_ifu.u_e203_ifu_ifetch.ifu_lo_ir_dfflr.qout_r[11]$_DFFE_PN0P_/Q	u_e203_cpu.u_e203_core.u_e203_ifu.u_e203_ifu_ifetch.ifu_hi_ir_dfflr.qout_r[10]$_DFFE_PN0P_/D
231	-0.6531	u_eI_cpu.u_eJ_core.u_eK_ifu.u_eL_ifu_ifetch.ifu_lo_ir_dfflr.qout_r[M]	u_eI_cpu.u_eJ_itcm_ctrl.u_sram_icb_ctrl.u_byp_icb_cmd_buf.u_bypbuf_fifo.dp_gtK.fifo_rf[L].fifo_rf_dffl.qout_r[M]	u_e203_cpu.u_e203_core.u_e203_ifu.u_e203_ifu_ifetch.ifu_lo_ir_dfflr.qout_r[11]$_DFFE_PN0P_/Q	u_e203_cpu.u_e203_itcm_ctrl.u_sram_icb_ctrl.u_byp_icb_cmd_buf.u_bypbuf_fifo.dp_gt0.fifo_rf[0].fifo_rf_dffl.qout_r[47]$_DFFE_PP_/D
232	-0.6513	dbg_step_r	u_eI_cpu.u_eJ_core.u_eK_exu.u_eL_exu_alu.u_eM_exu_alu_dpath.sbf_N_dffl.qout_r[O]	dbg_step_r	u_e203_cpu.u_e203_core.u_e203_exu.u_e203_exu_alu.u_e203_exu_alu_dpath.sbf_1_dffl.qout_r[32]$_SDFFCE_PN0P_/D
233	-0.6508	u_eI_cpu.u_eJ_core.u_eK_ifu.u_eL_ifu_ifetch.ifu_lo_ir_dfflr.qout_r[M]	u_eI_cpu.u_eJ_core.u_eK_biu.u_sirv_gnrl_icb_buffer.u_sirv_gnrl_cmd_fifo.dp_gtL.vec_M_dfflr.qout_r	u_e203_cpu.u_e203_core.u_e203_ifu.u_e203_ifu_ifetch.ifu_lo_ir_dfflr.qout_r[11]$_DFFE_PN0P_/Q	u_e203_cpu.u_e203_core.u_e203_biu.u_sirv_gnrl_icb_buffer.u_sirv_gnrl_cmd_fifo.dp_gt0.vec_31_dfflr.qout_r$_DFFE_PN0P_/D
234	-0.6476	u_eI_cpu.u_eJ_core.u_eK_ifu.u_eL_ifu_ifetch.ir_rsMidx_dfflr.qout_r[N]	u_eI_cpu.u_eJ_core.u_eK_ifu.u_eL_ifu_iftMicb.leftover_dffl.qout_r[N]	u_e203_cpu.u_e203_core.u_e203_ifu.u_e203_ifu_ifetch.ir_rs2idx_dfflr.qout_r[3]$_DFFE_PN0P_/Q	u_e203_cpu.u_e203_core.u_e203_ifu.u_e203_ifu_ift2icb.leftover_dffl.qout_r[10]$_DFFE_PP_/D
235	-0.6461	dbg_mode	u_eI_cpu.u_eJ_core.u_eK_exu.u_eL_exu_commit.u_eM_exu_excp.wfi_halt_req_dfflr.qout_r	dbg_mode	u_e203_cpu.u_e203_core.u_e203_exu.u_e203_exu_commit.u_e203_exu_excp.wfi_halt_req_dfflr.qout_r$_DFFE_PN0P_/D
236	-0.6449	dbg_step_r	u_eI_cpu.u_eJ_dtcm_ctrl.u_sram_icb_ctrl.u_byp_icb_cmd_buf.u_bypbuf_fifo.dp_gtK.vec_L_dfflrs.qout_r	dbg_step_r	u_e203_cpu.u_e203_dtcm_ctrl.u_sram_icb_ctrl.u_byp_icb_cmd_buf.u_bypbuf_fifo.dp_gt0.vec_0_dfflrs.qout_r$_DFFE_PN1P_/D
237	-0.6432	u_eI_cpu.u_eJ_core.u_eK_ifu.u_eL_ifu_ifetch.ifu_lo_ir_dfflr.qout_r[M]	u_eI_cpu.u_eJ_core.u_eK_biu.u_sirv_gnrl_icb_buffer.u_sirv_gnrl_cmd_fifo.dp_gtL.vec_M_dfflrs.qout_r	u_e203_cpu.u_e203_core.u_e203_ifu.u_e203_ifu_ifetch.ifu_lo_ir_dfflr.qout_r[11]$_DFFE_PN0P_/Q	u_e203_cpu.u_e203_core.u_e203_biu.u_sirv_gnrl_icb_buffer.u_sirv_gnrl_cmd_fifo.dp_gt0.vec_0_dfflrs.qout_r$_DFFE_PN1P_/D
238	-0.6427	u_eI_cpu.u_eJ_core.u_eK_ifu.u_eL_ifu_ifetch.ifu_lo_ir_dfflr.qout_r[M]	u_eI_cpu.u_eJ_core.u_eK_ifu.u_eL_ifu_iftMicb.icbNitcm_dfflr.qout_r	u_e203_cpu.u_e203_core.u_e203_ifu.u_e203_ifu_ifetch.ifu_lo_ir_dfflr.qout_r[11]$_DFFE_PN0P_/Q	u_e203_cpu.u_e203_core.u_e203_ifu.u_e203_ifu_ift2icb.icb2itcm_dfflr.qout_r$_DFFE_PN0P_/D
239	-0.6404	u_eI_cpu.u_eJ_core.u_eK_ifu.u_eL_ifu_ifetch.ifu_lo_ir_dfflr.qout_r[M]	u_eI_cpu.u_eJ_core.u_eK_ifu.u_eL_ifu_ifetch.pc_dfflr.qout_r[M]	u_e203_cpu.u_e203_core.u_e203_ifu.u_e203_ifu_ifetch.ifu_lo_ir_dfflr.qout_r[11]$_DFFE_PN0P_/Q	u_e203_cpu.u_e203_core.u_e203_ifu.u_e203_ifu_ifetch.pc_dfflr.qout_r[10]$_DFFE_PN0P_/D
240	-0.6378	u_eI_cpu.u_eJ_core.u_eK_ifu.u_eL_ifu_ifetch.ifu_lo_ir_dfflr.qout_r[M]	u_eI_cpu.u_eJ_core.u_eK_biu.u_sirv_gnrl_icb_buffer.outs_cnt_dfflr.qout_r	u_e203_cpu.u_e203_core.u_e203_ifu.u_e203_ifu_ifetch.ifu_lo_ir_dfflr.qout_r[11]$_DFFE_PN0P_/Q	u_e203_cpu.u_e203_core.u_e203_biu.u_sirv_gnrl_icb_buffer.outs_cnt_dfflr.qout_r$_DFFE_PN0P_/D
241	-0.6367	u_eI_cpu.u_eJ_core.u_eK_ifu.u_eL_ifu_ifetch.ifu_lo_ir_dfflr.qout_r[M]	u_eI_cpu.u_eJ_core.u_eK_biu.u_biu_icb_arbt.arbt_num_gt_L_gen.dp_M.u_sirv_gnrl_rspid_fifo.dp_gt_N.vld_dfflr.qout_r	u_e203_cpu.u_e203_core.u_e203_ifu.u_e203_ifu_ifetch.ifu_lo_ir_dfflr.qout_r[11]$_DFFE_PN0P_/Q	u_e203_cpu.u_e203_core.u_e203_biu.u_biu_icb_arbt.arbt_num_gt_1_gen.dp_1.u_sirv_gnrl_rspid_fifo.dp_gt_0.vld_dfflr.qout_r$_DFFE_PN0P_/D
242	-0.6348	u_eI_cpu.u_eJ_core.u_eK_exu.u_eL_exu_regfile.regfile[M].rfnoN.rf_dffl.qout_r[O]	extIitcm_icb_cmd_ready	u_e203_cpu.u_e203_core.u_e203_exu.u_e203_exu_regfile.regfile[13].rfno0.rf_dffl.qout_r[31]$_DFFE_PP_/Q	ext2itcm_icb_cmd_ready
243	-0.6344	u_eI_cpu.u_eJ_core.u_eK_ifu.u_eL_ifu_ifetch.ifu_lo_ir_dfflr.qout_r[M]	u_eI_srams.u_eJ_dtcm_ram.u_eK_dtcm_gnrl_ram.u_sirv_sim_ram.mem_r[L][M]	u_e203_cpu.u_e203_core.u_e203_ifu.u_e203_ifu_ifetch.ifu_lo_ir_dfflr.qout_r[11]$_DFFE_PN0P_/Q	u_e203_srams.u_e203_dtcm_ram.u_e203_dtcm_gnrl_ram.u_sirv_sim_ram.mem_r[0][0]$_DFFE_PP_/D
244	-0.6329	u_eI_cpu.u_eJ_core.u_eK_ifu.u_eL_ifu_ifetch.ifu_hi_ir_dfflr.qout_r[M]	u_eI_cpu.u_eJ_core.u_eK_biu.u_sirv_gnrl_icb_buffer.u_sirv_gnrl_cmd_fifo.dp_gtL.fifo_rf[M].fifo_rf_dffl.qout_r[N]	u_e203_cpu.u_e203_core.u_e203_ifu.u_e203_ifu_ifetch.ifu_hi_ir_dfflr.qout_r[15]$_DFFE_PN0P_/Q	u_e203_cpu.u_e203_core.u_e203_biu.u_sirv_gnrl_icb_buffer.u_sirv_gnrl_cmd_fifo.dp_gt0.fifo_rf[0].fifo_rf_dffl.qout_r[70]$_DFFE_PP_/D
245	-0.6305	dbg_halt_r	u_eI_cpu.u_eJ_core.u_eK_lsu.u_eL_lsu_ctrl.u_eM_lsu_splt_stage.dp_gt_N.dat_dfflr.qout_r[O]	dbg_halt_r	u_e203_cpu.u_e203_core.u_e203_lsu.u_e203_lsu_ctrl.u_e203_lsu_splt_stage.dp_gt_0.dat_dfflr.qout_r[39]$_DFFE_PP_/D
246	-0.6287	dbg_step_r	u_eI_cpu.u_eJ_core.u_eK_lsu.u_eL_lsu_ctrl.excl_flg_dffl.qout_r	dbg_step_r	u_e203_cpu.u_e203_core.u_e203_lsu.u_e203_lsu_ctrl.excl_flg_dffl.qout_r$_DFFE_PN0P_/D
247	-0.6274	dbg_halt_r	u_eI_cpu.u_eJ_core.u_eK_exu.u_eL_exu_alu.u_eM_exu_alu_dpath.sbf_N_dffl.qout_r[O]	dbg_halt_r	u_e203_cpu.u_e203_core.u_e203_exu.u_e203_exu_alu.u_e203_exu_alu_dpath.sbf_1_dffl.qout_r[32]$_SDFFCE_PN0P_/D
248	-0.6274	u_eI_cpu.u_eJ_core.u_eK_ifu.u_eL_ifu_ifetch.ifu_err_dfflr.qout_r	cmt_dcause[I]	u_e203_cpu.u_e203_core.u_e203_ifu.u_e203_ifu_ifetch.ifu_err_dfflr.qout_r$_DFFE_PN0P_/Q	cmt_dcause[0]
249	-0.6265	u_eI_cpu.u_eJ_core.u_eK_ifu.u_eL_ifu_ifetch.ifu_hi_ir_dfflr.qout_r[M]	u_eI_cpu.u_eJ_clk_ctrl.u_itcm_clkgate.enb	u_e203_cpu.u_e203_core.u_e203_ifu.u_e203_ifu_ifetch.ifu_hi_ir_dfflr.qout_r[15]$_DFFE_PN0P_/Q	u_e203_cpu.u_e203_clk_ctrl.u_itcm_clkgate.enb$_DLATCH_N_/D
250	-0.6210	dbg_halt_r	u_eI_cpu.u_eJ_dtcm_ctrl.u_sram_icb_ctrl.u_byp_icb_cmd_buf.u_bypbuf_fifo.dp_gtK.vec_L_dfflrs.qout_r	dbg_halt_r	u_e203_cpu.u_e203_dtcm_ctrl.u_sram_icb_ctrl.u_byp_icb_cmd_buf.u_bypbuf_fifo.dp_gt0.vec_0_dfflrs.qout_r$_DFFE_PN1P_/D
251	-0.6206	u_eI_cpu.u_eJ_core.u_eK_ifu.u_eL_ifu_ifetch.ifu_lo_ir_dfflr.qout_r[M]	u_eI_cpu.u_eJ_itcm_ctrl.u_sram_icb_ctrl.u_byp_icb_cmd_buf.u_bypbuf_fifo.dp_gtK.vec_L_dfflr.qout_r	u_e203_cpu.u_e203_core.u_e203_ifu.u_e203_ifu_ifetch.ifu_lo_ir_dfflr.qout_r[11]$_DFFE_PN0P_/Q	u_e203_cpu.u_e203_itcm_ctrl.u_sram_icb_ctrl.u_byp_icb_cmd_buf.u_bypbuf_fifo.dp_gt0.vec_31_dfflr.qout_r$_DFFE_PN0P_/D
252	-0.6203	u_eI_cpu.u_eJ_core.u_eK_ifu.u_eL_ifu_ifetch.ifu_hi_ir_dfflr.qout_r[M]	u_eI_cpu.u_eJ_core.u_eK_biu.u_biu_icb_arbt.arbt_num_gt_L_gen.dp_M.u_sirv_gnrl_rspid_fifo.dp_gt_N.dat_dfflr.qout_r	u_e203_cpu.u_e203_core.u_e203_ifu.u_e203_ifu_ifetch.ifu_hi_ir_dfflr.qout_r[15]$_DFFE_PN0P_/Q	u_e203_cpu.u_e203_core.u_e203_biu.u_biu_icb_arbt.arbt_num_gt_1_gen.dp_1.u_sirv_gnrl_rspid_fifo.dp_gt_0.dat_dfflr.qout_r$_DFFE_PP_/D
253	-0.6193	dbg_mode	u_eI_cpu.u_eJ_core.u_eK_exu.u_eL_exu_commit.u_eM_exu_excp.step_req_dfflr.qout_r	dbg_mode	u_e203_cpu.u_e203_core.u_e203_exu.u_e203_exu_commit.u_e203_exu_excp.step_req_dfflr.qout_r$_DFFE_PN0P_/D
254	-0.6183	u_eI_cpu.u_eJ_core.u_eK_ifu.u_eL_ifu_ifetch.ifu_hi_ir_dfflr.qout_r[M]	u_eI_cpu.u_eJ_core.u_eK_ifu.u_eL_ifu_iftMicb.leftover_err_dfflr.qout_r	u_e203_cpu.u_e203_core.u_e203_ifu.u_e203_ifu_ifetch.ifu_hi_ir_dfflr.qout_r[15]$_DFFE_PN0P_/Q	u_e203_cpu.u_e203_core.u_e203_ifu.u_e203_ifu_ift2icb.leftover_err_dfflr.qout_r$_DFFE_PN0P_/D
255	-0.6175	u_eI_cpu.u_eJ_core.u_eK_ifu.u_eL_ifu_ifetch.ifu_lo_ir_dfflr.qout_r[M]	u_eI_cpu.u_eJ_core.u_eK_exu.u_eL_exu_csr.minstreth_dfflr.qout_r[M]	u_e203_cpu.u_e203_core.u_e203_ifu.u_e203_ifu_ifetch.ifu_lo_ir_dfflr.qout_r[11]$_DFFE_PN0P_/Q	u_e203_cpu.u_e203_core.u_e203_exu.u_e203_exu_csr.minstreth_dfflr.qout_r[29]$_DFFE_PN0P_/D
256	-0.6167	u_eI_cpu.u_eJ_core.u_eK_ifu.u_eL_ifu_ifetch.ifu_hi_ir_dfflr.qout_r[M]	u_eI_srams.u_eJ_itcm_ram.u_eK_itcm_gnrl_ram.u_sirv_sim_ram.mem_r[L][M]	u_e203_cpu.u_e203_core.u_e203_ifu.u_e203_ifu_ifetch.ifu_hi_ir_dfflr.qout_r[15]$_DFFE_PN0P_/Q	u_e203_srams.u_e203_itcm_ram.u_e203_itcm_gnrl_ram.u_sirv_sim_ram.mem_r[0][32]$_DFFE_PP_/D
257	-0.6166	u_eI_cpu.u_eJ_core.u_eK_ifu.u_eL_ifu_ifetch.ifu_lo_ir_dfflr.qout_r[M]	u_eI_cpu.u_eJ_itcm_ctrl.u_sram_icb_ctrl.u_byp_icb_cmd_buf.u_bypbuf_fifo.dp_gtK.vec_L_dfflrs.qout_r	u_e203_cpu.u_e203_core.u_e203_ifu.u_e203_ifu_ifetch.ifu_lo_ir_dfflr.qout_r[11]$_DFFE_PN0P_/Q	u_e203_cpu.u_e203_itcm_ctrl.u_sram_icb_ctrl.u_byp_icb_cmd_buf.u_bypbuf_fifo.dp_gt0.vec_0_dfflrs.qout_r$_DFFE_PN1P_/D
258	-0.6141	u_eI_cpu.u_eJ_core.u_eK_ifu.u_eL_ifu_ifetch.ifu_hi_ir_dfflr.qout_r[M]	u_eI_cpu.u_eJ_core.u_eK_ifu.u_eL_ifu_ifetch.ifu_hi_ir_dfflr.qout_r[M]	u_e203_cpu.u_e203_core.u_e203_ifu.u_e203_ifu_ifetch.ifu_hi_ir_dfflr.qout_r[15]$_DFFE_PN0P_/Q	u_e203_cpu.u_e203_core.u_e203_ifu.u_e203_ifu_ifetch.ifu_hi_ir_dfflr.qout_r[10]$_DFFE_PN0P_/D
259	-0.6137	u_eI_cpu.u_eJ_core.u_eK_ifu.u_eL_ifu_ifetch.ifu_hi_ir_dfflr.qout_r[M]	u_eI_cpu.u_eJ_itcm_ctrl.u_sram_icb_ctrl.u_byp_icb_cmd_buf.u_bypbuf_fifo.dp_gtK.fifo_rf[L].fifo_rf_dffl.qout_r[M]	u_e203_cpu.u_e203_core.u_e203_ifu.u_e203_ifu_ifetch.ifu_hi_ir_dfflr.qout_r[15]$_DFFE_PN0P_/Q	u_e203_cpu.u_e203_itcm_ctrl.u_sram_icb_ctrl.u_byp_icb_cmd_buf.u_bypbuf_fifo.dp_gt0.fifo_rf[0].fifo_rf_dffl.qout_r[47]$_DFFE_PP_/D
260	-0.6129	u_eI_cpu.u_eJ_core.u_eK_lsu.u_eL_lsu_ctrl.u_eM_lsu_splt_stage.dp_gt_N.dat_dfflr.qout_r[O]	extIitcm_icb_cmd_ready	u_e203_cpu.u_e203_core.u_e203_lsu.u_e203_lsu_ctrl.u_e203_lsu_splt_stage.dp_gt_0.dat_dfflr.qout_r[43]$_DFFE_PP_/Q	ext2itcm_icb_cmd_ready
261	-0.6114	u_eI_cpu.u_eJ_core.u_eK_ifu.u_eL_ifu_ifetch.ifu_hi_ir_dfflr.qout_r[M]	u_eI_cpu.u_eJ_core.u_eK_biu.u_sirv_gnrl_icb_buffer.u_sirv_gnrl_cmd_fifo.dp_gtL.vec_M_dfflr.qout_r	u_e203_cpu.u_e203_core.u_e203_ifu.u_e203_ifu_ifetch.ifu_hi_ir_dfflr.qout_r[15]$_DFFE_PN0P_/Q	u_e203_cpu.u_e203_core.u_e203_biu.u_sirv_gnrl_icb_buffer.u_sirv_gnrl_cmd_fifo.dp_gt0.vec_31_dfflr.qout_r$_DFFE_PN0P_/D
262	-0.6104	u_eI_cpu.u_eJ_core.u_eK_exu.u_eL_exu_alu.u_eM_exu_alu_lsuagu.icb_state_dfflr.qout_r[N]	extIdtcm_icb_cmd_ready	u_e203_cpu.u_e203_core.u_e203_exu.u_e203_exu_alu.u_e203_exu_alu_lsuagu.icb_state_dfflr.qout_r[2]$_DFFE_PN0P_/Q	ext2dtcm_icb_cmd_ready
263	-0.6088	u_eI_cpu.u_eJ_core.u_eK_ifu.u_eL_ifu_ifetch.ir_rsMidx_dfflr.qout_r[N]	u_eI_cpu.u_eJ_core.u_eK_biu.u_sirv_gnrl_icb_buffer.u_sirv_gnrl_cmd_fifo.dp_gtL.fifo_rf[M].fifo_rf_dffl.qout_r[N]	u_e203_cpu.u_e203_core.u_e203_ifu.u_e203_ifu_ifetch.ir_rs2idx_dfflr.qout_r[3]$_DFFE_PN0P_/Q	u_e203_cpu.u_e203_core.u_e203_biu.u_sirv_gnrl_icb_buffer.u_sirv_gnrl_cmd_fifo.dp_gt0.fifo_rf[0].fifo_rf_dffl.qout_r[70]$_DFFE_PP_/D
264	-0.6048	dbg_halt_r	u_eI_cpu.u_eJ_core.u_eK_lsu.u_eL_lsu_ctrl.excl_flg_dffl.qout_r	dbg_halt_r	u_e203_cpu.u_e203_core.u_e203_lsu.u_e203_lsu_ctrl.excl_flg_dffl.qout_r$_DFFE_PN0P_/D
265	-0.6038	u_eI_cpu.u_eJ_core.u_eK_ifu.u_eL_ifu_ifetch.ifu_hi_ir_dfflr.qout_r[M]	u_eI_cpu.u_eJ_core.u_eK_biu.u_sirv_gnrl_icb_buffer.u_sirv_gnrl_cmd_fifo.dp_gtL.vec_M_dfflrs.qout_r	u_e203_cpu.u_e203_core.u_e203_ifu.u_e203_ifu_ifetch.ifu_hi_ir_dfflr.qout_r[15]$_DFFE_PN0P_/Q	u_e203_cpu.u_e203_core.u_e203_biu.u_sirv_gnrl_icb_buffer.u_sirv_gnrl_cmd_fifo.dp_gt0.vec_0_dfflrs.qout_r$_DFFE_PN1P_/D
266	-0.6033	u_eI_cpu.u_eJ_core.u_eK_ifu.u_eL_ifu_ifetch.ifu_hi_ir_dfflr.qout_r[M]	u_eI_cpu.u_eJ_core.u_eK_ifu.u_eL_ifu_iftMicb.icbNitcm_dfflr.qout_r	u_e203_cpu.u_e203_core.u_e203_ifu.u_e203_ifu_ifetch.ifu_hi_ir_dfflr.qout_r[15]$_DFFE_PN0P_/Q	u_e203_cpu.u_e203_core.u_e203_ifu.u_e203_ifu_ift2icb.icb2itcm_dfflr.qout_r$_DFFE_PN0P_/D
267	-0.6024	u_eI_cpu.u_eJ_core.u_eK_ifu.u_eL_ifu_ifetch.ir_rsMidx_dfflr.qout_r[N]	u_eI_cpu.u_eJ_clk_ctrl.u_itcm_clkgate.enb	u_e203_cpu.u_e203_core.u_e203_ifu.u_e203_ifu_ifetch.ir_rs2idx_dfflr.qout_r[3]$_DFFE_PN0P_/Q	u_e203_cpu.u_e203_clk_ctrl.u_itcm_clkgate.enb$_DLATCH_N_/D
268	-0.6010	u_eI_cpu.u_eJ_core.u_eK_ifu.u_eL_ifu_ifetch.ifu_hi_ir_dfflr.qout_r[M]	u_eI_cpu.u_eJ_core.u_eK_ifu.u_eL_ifu_ifetch.pc_dfflr.qout_r[M]	u_e203_cpu.u_e203_core.u_e203_ifu.u_e203_ifu_ifetch.ifu_hi_ir_dfflr.qout_r[15]$_DFFE_PN0P_/Q	u_e203_cpu.u_e203_core.u_e203_ifu.u_e203_ifu_ifetch.pc_dfflr.qout_r[10]$_DFFE_PN0P_/D
269	-0.5988	dbg_halt_r	u_eI_cpu.u_eJ_core.u_eK_ifu.u_eL_ifu_iftMicb.u_eN_ifetch_rsp_bypbuf.u_bypbuf_fifo.dp_gtO.vec_P_dfflr.qout_r	dbg_halt_r	u_e203_cpu.u_e203_core.u_e203_ifu.u_e203_ifu_ift2icb.u_e203_ifetch_rsp_bypbuf.u_bypbuf_fifo.dp_gt0.vec_31_dfflr.qout_r$_DFFE_PN0P_/D
270	-0.5984	u_eI_cpu.u_eJ_core.u_eK_ifu.u_eL_ifu_ifetch.ifu_hi_ir_dfflr.qout_r[M]	u_eI_cpu.u_eJ_core.u_eK_biu.u_sirv_gnrl_icb_buffer.outs_cnt_dfflr.qout_r	u_e203_cpu.u_e203_core.u_e203_ifu.u_e203_ifu_ifetch.ifu_hi_ir_dfflr.qout_r[15]$_DFFE_PN0P_/Q	u_e203_cpu.u_e203_core.u_e203_biu.u_sirv_gnrl_icb_buffer.outs_cnt_dfflr.qout_r$_DFFE_PN0P_/D
271	-0.5982	u_eI_cpu.u_eJ_core.u_eK_ifu.u_eL_ifu_ifetch.ifu_lo_ir_dfflr.qout_r[M]	u_eI_cpu.u_eJ_core.u_eK_ifu.u_eL_ifu_iftMicb.u_eN_ifetch_rsp_bypbuf.u_bypbuf_fifo.dp_gtO.fifo_rf[P].fifo_rf_dffl.qout_r[Q]	u_e203_cpu.u_e203_core.u_e203_ifu.u_e203_ifu_ifetch.ifu_lo_ir_dfflr.qout_r[11]$_DFFE_PN0P_/Q	u_e203_cpu.u_e203_core.u_e203_ifu.u_e203_ifu_ift2icb.u_e203_ifetch_rsp_bypbuf.u_bypbuf_fifo.dp_gt0.fifo_rf[0].fifo_rf_dffl.qout_r[6]$_DFFE_PP_/D
272	-0.5980	u_eI_cpu.u_eJ_core.u_eK_biu.u_biu_icb_arbt.arbt_num_gt_L_gen.dp_M.u_sirv_gnrl_rspid_fifo.dp_gt_N.dat_dfflr.qout_r	extIdtcm_icb_cmd_ready	u_e203_cpu.u_e203_core.u_e203_biu.u_biu_icb_arbt.arbt_num_gt_1_gen.dp_1.u_sirv_gnrl_rspid_fifo.dp_gt_0.dat_dfflr.qout_r$_DFFE_PP_/Q	ext2dtcm_icb_cmd_ready
273	-0.5973	u_eI_cpu.u_eJ_core.u_eK_ifu.u_eL_ifu_ifetch.ifu_hi_ir_dfflr.qout_r[M]	u_eI_cpu.u_eJ_core.u_eK_biu.u_biu_icb_arbt.arbt_num_gt_L_gen.dp_M.u_sirv_gnrl_rspid_fifo.dp_gt_N.vld_dfflr.qout_r	u_e203_cpu.u_e203_core.u_e203_ifu.u_e203_ifu_ifetch.ifu_hi_ir_dfflr.qout_r[15]$_DFFE_PN0P_/Q	u_e203_cpu.u_e203_core.u_e203_biu.u_biu_icb_arbt.arbt_num_gt_1_gen.dp_1.u_sirv_gnrl_rspid_fifo.dp_gt_0.vld_dfflr.qout_r$_DFFE_PN0P_/D
274	-0.5961	u_eI_cpu.u_eJ_core.u_eK_ifu.u_eL_ifu_ifetch.ir_rsMidx_dfflr.qout_r[N]	u_eI_cpu.u_eJ_core.u_eK_biu.u_biu_icb_arbt.arbt_num_gt_L_gen.dp_M.u_sirv_gnrl_rspid_fifo.dp_gt_N.dat_dfflr.qout_r	u_e203_cpu.u_e203_core.u_e203_ifu.u_e203_ifu_ifetch.ir_rs2idx_dfflr.qout_r[3]$_DFFE_PN0P_/Q	u_e203_cpu.u_e203_core.u_e203_biu.u_biu_icb_arbt.arbt_num_gt_1_gen.dp_1.u_sirv_gnrl_rspid_fifo.dp_gt_0.dat_dfflr.qout_r$_DFFE_PP_/D
275	-0.5950	u_eI_cpu.u_eJ_core.u_eK_ifu.u_eL_ifu_ifetch.ifu_hi_ir_dfflr.qout_r[M]	u_eI_srams.u_eJ_dtcm_ram.u_eK_dtcm_gnrl_ram.u_sirv_sim_ram.mem_r[L][M]	u_e203_cpu.u_e203_core.u_e203_ifu.u_e203_ifu_ifetch.ifu_hi_ir_dfflr.qout_r[15]$_DFFE_PN0P_/Q	u_e203_srams.u_e203_dtcm_ram.u_e203_dtcm_gnrl_ram.u_sirv_sim_ram.mem_r[0][0]$_DFFE_PP_/D
276	-0.5941	u_eI_cpu.u_eJ_core.u_eK_ifu.u_eL_ifu_ifetch.ir_rsMidx_dfflr.qout_r[N]	u_eI_cpu.u_eJ_core.u_eK_ifu.u_eL_ifu_iftMicb.leftover_err_dfflr.qout_r	u_e203_cpu.u_e203_core.u_e203_ifu.u_e203_ifu_ifetch.ir_rs2idx_dfflr.qout_r[3]$_DFFE_PN0P_/Q	u_e203_cpu.u_e203_core.u_e203_ifu.u_e203_ifu_ift2icb.leftover_err_dfflr.qout_r$_DFFE_PN0P_/D
277	-0.5936	dbg_step_r	u_eI_cpu.u_eJ_core.u_eK_ifu.u_eL_ifu_iftMicb.u_eN_ifetch_rsp_bypbuf.u_bypbuf_fifo.dp_gtO.vec_P_dfflr.qout_r	dbg_step_r	u_e203_cpu.u_e203_core.u_e203_ifu.u_e203_ifu_ift2icb.u_e203_ifetch_rsp_bypbuf.u_bypbuf_fifo.dp_gt0.vec_31_dfflr.qout_r$_DFFE_PN0P_/D
278	-0.5927	u_eI_cpu.u_eJ_core.u_eK_biu.u_biu_icb_arbt.arbt_num_gt_L_gen.dp_M.u_sirv_gnrl_rspid_fifo.dp_gt_N.vld_dfflr.qout_r	extIdtcm_icb_cmd_ready	u_e203_cpu.u_e203_core.u_e203_biu.u_biu_icb_arbt.arbt_num_gt_1_gen.dp_1.u_sirv_gnrl_rspid_fifo.dp_gt_0.vld_dfflr.qout_r$_DFFE_PN0P_/Q	ext2dtcm_icb_cmd_ready
279	-0.5926	u_eI_cpu.u_eJ_core.u_eK_ifu.u_eL_ifu_ifetch.ir_rsMidx_dfflr.qout_r[N]	u_eI_srams.u_eJ_itcm_ram.u_eK_itcm_gnrl_ram.u_sirv_sim_ram.mem_r[L][M]	u_e203_cpu.u_e203_core.u_e203_ifu.u_e203_ifu_ifetch.ir_rs2idx_dfflr.qout_r[3]$_DFFE_PN0P_/Q	u_e203_srams.u_e203_itcm_ram.u_e203_itcm_gnrl_ram.u_sirv_sim_ram.mem_r[0][32]$_DFFE_PP_/D
280	-0.5921	dbg_step_r	u_eI_cpu.u_eJ_core.u_eK_exu.u_eL_exu_regfile.regfile[M].rfnoN.rf_dffl.qout_r[O]	dbg_step_r	u_e203_cpu.u_e203_core.u_e203_exu.u_e203_exu_regfile.regfile[17].rfno0.rf_dffl.qout_r[10]$_DFFE_PP_/D
281	-0.5899	u_eI_cpu.u_eJ_core.u_eK_ifu.u_eL_ifu_ifetch.ir_rsMidx_dfflr.qout_r[N]	u_eI_cpu.u_eJ_core.u_eK_ifu.u_eL_ifu_ifetch.ifu_hi_ir_dfflr.qout_r[M]	u_e203_cpu.u_e203_core.u_e203_ifu.u_e203_ifu_ifetch.ir_rs2idx_dfflr.qout_r[3]$_DFFE_PN0P_/Q	u_e203_cpu.u_e203_core.u_e203_ifu.u_e203_ifu_ifetch.ifu_hi_ir_dfflr.qout_r[10]$_DFFE_PN0P_/D
282	-0.5897	dbg_mode	wr_csr_nxt[I]	dbg_mode	wr_csr_nxt[4]
283	-0.5896	u_eI_cpu.u_eJ_core.u_eK_ifu.u_eL_ifu_ifetch.ir_rsMidx_dfflr.qout_r[N]	u_eI_cpu.u_eJ_itcm_ctrl.u_sram_icb_ctrl.u_byp_icb_cmd_buf.u_bypbuf_fifo.dp_gtK.fifo_rf[L].fifo_rf_dffl.qout_r[M]	u_e203_cpu.u_e203_core.u_e203_ifu.u_e203_ifu_ifetch.ir_rs2idx_dfflr.qout_r[3]$_DFFE_PN0P_/Q	u_e203_cpu.u_e203_itcm_ctrl.u_sram_icb_ctrl.u_byp_icb_cmd_buf.u_bypbuf_fifo.dp_gt0.fifo_rf[0].fifo_rf_dffl.qout_r[47]$_DFFE_PP_/D
284	-0.5883	u_eI_cpu.u_eJ_core.u_eK_biu.u_sirv_gnrl_icb_buffer.u_sirv_gnrl_rsp_fifo.dp_gtL.vec_M_dfflr.qout_r	extIdtcm_icb_cmd_ready	u_e203_cpu.u_e203_core.u_e203_biu.u_sirv_gnrl_icb_buffer.u_sirv_gnrl_rsp_fifo.dp_gt0.vec_31_dfflr.qout_r$_DFFE_PN0P_/Q	ext2dtcm_icb_cmd_ready
285	-0.5872	u_eI_cpu.u_eJ_core.u_eK_ifu.u_eL_ifu_ifetch.ir_rsMidx_dfflr.qout_r[N]	u_eI_cpu.u_eJ_core.u_eK_biu.u_sirv_gnrl_icb_buffer.u_sirv_gnrl_cmd_fifo.dp_gtL.vec_M_dfflr.qout_r	u_e203_cpu.u_e203_core.u_e203_ifu.u_e203_ifu_ifetch.ir_rs2idx_dfflr.qout_r[3]$_DFFE_PN0P_/Q	u_e203_cpu.u_e203_core.u_e203_biu.u_sirv_gnrl_icb_buffer.u_sirv_gnrl_cmd_fifo.dp_gt0.vec_31_dfflr.qout_r$_DFFE_PN0P_/D
286	-0.5862	u_eI_cpu.u_eJ_dtcm_ctrl.u_dtcm_icb_arbt.arbt_num_gt_K_gen.dp_L.u_sirv_gnrl_rspid_fifo.dp_gt_M.vld_dfflr.qout_r	extIdtcm_icb_cmd_ready	u_e203_cpu.u_e203_dtcm_ctrl.u_dtcm_icb_arbt.arbt_num_gt_1_gen.dp_1.u_sirv_gnrl_rspid_fifo.dp_gt_0.vld_dfflr.qout_r$_DFFE_PN0P_/Q	ext2dtcm_icb_cmd_ready
287	-0.5860	u_eI_cpu.u_eJ_core.u_eK_exu.u_eL_exu_alu.u_eM_exu_alu_muldiv.muldiv_state_dfflr.qout_r[N]	extIdtcm_icb_cmd_ready	u_e203_cpu.u_e203_core.u_e203_exu.u_e203_exu_alu.u_e203_exu_alu_muldiv.muldiv_state_dfflr.qout_r[1]$_DFFE_PN0P_/Q	ext2dtcm_icb_cmd_ready
288	-0.5857	u_eI_cpu.u_eJ_core.u_eK_ifu.u_eL_ifu_ifetch.ifu_lo_ir_dfflr.qout_r[M]	u_eI_cpu.u_eJ_clk_ctrl.itcm_active_dffr.qout_r	u_e203_cpu.u_e203_core.u_e203_ifu.u_e203_ifu_ifetch.ifu_lo_ir_dfflr.qout_r[11]$_DFFE_PN0P_/Q	u_e203_cpu.u_e203_clk_ctrl.itcm_active_dffr.qout_r$_DFF_PN0_/D
289	-0.5849	u_eI_cpu.u_eJ_dtcm_ctrl.u_sram_icb_ctrl.u_sirv_Kcyc_sram_ctrl.u_eL_stage.dp_gt_M.vld_dfflr.qout_r	extIdtcm_icb_cmd_ready	u_e203_cpu.u_e203_dtcm_ctrl.u_sram_icb_ctrl.u_sirv_1cyc_sram_ctrl.u_e1_stage.dp_gt_0.vld_dfflr.qout_r$_DFFE_PN0P_/Q	ext2dtcm_icb_cmd_ready
290	-0.5846	u_eI_cpu.u_eJ_itcm_ctrl.u_itcm_icb_arbt.arbt_num_gt_K_gen.dp_L.u_sirv_gnrl_rspid_fifo.dp_gt_M.dat_dfflr.qout_r	extIdtcm_icb_cmd_ready	u_e203_cpu.u_e203_itcm_ctrl.u_itcm_icb_arbt.arbt_num_gt_1_gen.dp_1.u_sirv_gnrl_rspid_fifo.dp_gt_0.dat_dfflr.qout_r$_DFFE_PP_/Q	ext2dtcm_icb_cmd_ready
291	-0.5831	u_eI_cpu.u_eJ_core.u_eK_ifu.u_eL_ifu_ifetch.ifu_lo_ir_dfflr.qout_r[M]	u_eI_cpu.u_eJ_core.u_eK_ifu.u_eL_ifu_iftMicb.icb_state_dfflr.qout_r[N]	u_e203_cpu.u_e203_core.u_e203_ifu.u_e203_ifu_ifetch.ifu_lo_ir_dfflr.qout_r[11]$_DFFE_PN0P_/Q	u_e203_cpu.u_e203_core.u_e203_ifu.u_e203_ifu_ift2icb.icb_state_dfflr.qout_r[1]$_DFFE_PN0P_/D
292	-0.5818	u_eI_cpu.u_eJ_itcm_ctrl.u_sram_icb_ctrl.u_sirv_Kcyc_sram_ctrl.u_eL_stage.dp_gt_M.vld_dfflr.qout_r	extIdtcm_icb_cmd_ready	u_e203_cpu.u_e203_itcm_ctrl.u_sram_icb_ctrl.u_sirv_1cyc_sram_ctrl.u_e1_stage.dp_gt_0.vld_dfflr.qout_r$_DFFE_PN0P_/Q	ext2dtcm_icb_cmd_ready
293	-0.5812	u_eI_cpu.u_eJ_core.u_eK_ifu.u_eL_ifu_ifetch.ifu_hi_ir_dfflr.qout_r[M]	u_eI_cpu.u_eJ_itcm_ctrl.u_sram_icb_ctrl.u_byp_icb_cmd_buf.u_bypbuf_fifo.dp_gtK.vec_L_dfflr.qout_r	u_e203_cpu.u_e203_core.u_e203_ifu.u_e203_ifu_ifetch.ifu_hi_ir_dfflr.qout_r[15]$_DFFE_PN0P_/Q	u_e203_cpu.u_e203_itcm_ctrl.u_sram_icb_ctrl.u_byp_icb_cmd_buf.u_bypbuf_fifo.dp_gt0.vec_31_dfflr.qout_r$_DFFE_PN0P_/D
294	-0.5811	u_eI_cpu.u_eJ_itcm_ctrl.u_itcm_icb_arbt.arbt_num_gt_K_gen.dp_L.u_sirv_gnrl_rspid_fifo.dp_gt_M.vld_dfflr.qout_r	extIdtcm_icb_cmd_ready	u_e203_cpu.u_e203_itcm_ctrl.u_itcm_icb_arbt.arbt_num_gt_1_gen.dp_1.u_sirv_gnrl_rspid_fifo.dp_gt_0.vld_dfflr.qout_r$_DFFE_PN0P_/Q	ext2dtcm_icb_cmd_ready
295	-0.5796	u_eI_cpu.u_eJ_core.u_eK_ifu.u_eL_ifu_ifetch.ir_rsMidx_dfflr.qout_r[N]	u_eI_cpu.u_eJ_core.u_eK_biu.u_sirv_gnrl_icb_buffer.u_sirv_gnrl_cmd_fifo.dp_gtL.vec_M_dfflrs.qout_r	u_e203_cpu.u_e203_core.u_e203_ifu.u_e203_ifu_ifetch.ir_rs2idx_dfflr.qout_r[3]$_DFFE_PN0P_/Q	u_e203_cpu.u_e203_core.u_e203_biu.u_sirv_gnrl_icb_buffer.u_sirv_gnrl_cmd_fifo.dp_gt0.vec_0_dfflrs.qout_r$_DFFE_PN1P_/D
296	-0.5792	u_eI_cpu.u_eJ_core.u_eK_ifu.u_eL_ifu_ifetch.ir_rsMidx_dfflr.qout_r[N]	u_eI_cpu.u_eJ_core.u_eK_ifu.u_eL_ifu_iftMicb.icbNitcm_dfflr.qout_r	u_e203_cpu.u_e203_core.u_e203_ifu.u_e203_ifu_ifetch.ir_rs2idx_dfflr.qout_r[3]$_DFFE_PN0P_/Q	u_e203_cpu.u_e203_core.u_e203_ifu.u_e203_ifu_ift2icb.icb2itcm_dfflr.qout_r$_DFFE_PN0P_/D
297	-0.5787	dbg_halt_r	u_eI_cpu.u_eJ_core.u_eK_exu.u_eL_exu_regfile.regfile[M].rfnoN.rf_dffl.qout_r[O]	dbg_halt_r	u_e203_cpu.u_e203_core.u_e203_exu.u_e203_exu_regfile.regfile[18].rfno0.rf_dffl.qout_r[10]$_DFFE_PP_/D
298	-0.5787	dbg_step_r	u_eI_cpu.u_eJ_core.u_eK_lsu.u_eL_lsu_ctrl.excl_addr_dffl.qout_r[M]	dbg_step_r	u_e203_cpu.u_e203_core.u_e203_lsu.u_e203_lsu_ctrl.excl_addr_dffl.qout_r[30]$_DFFE_PN0P_/D
299	-0.5786	u_eI_cpu.u_eJ_core.u_eK_exu.u_eL_exu_oitf.depth_gtM.ret_ptr_dfflrs.qout_r	extIdtcm_icb_cmd_ready	u_e203_cpu.u_e203_core.u_e203_exu.u_e203_exu_oitf.depth_gt1.ret_ptr_dfflrs.qout_r$_DFFE_PN0P_/Q	ext2dtcm_icb_cmd_ready
300	-0.5781	u_eI_cpu.u_eJ_core.u_eK_ifu.u_eL_ifu_ifetch.ifu_hi_ir_dfflr.qout_r[M]	u_eI_cpu.u_eJ_core.u_eK_exu.u_eL_exu_csr.minstreth_dfflr.qout_r[M]	u_e203_cpu.u_e203_core.u_e203_ifu.u_e203_ifu_ifetch.ifu_hi_ir_dfflr.qout_r[15]$_DFFE_PN0P_/Q	u_e203_cpu.u_e203_core.u_e203_exu.u_e203_exu_csr.minstreth_dfflr.qout_r[29]$_DFFE_PN0P_/D
301	-0.5772	u_eI_cpu.u_eJ_core.u_eK_ifu.u_eL_ifu_ifetch.ifu_hi_ir_dfflr.qout_r[M]	u_eI_cpu.u_eJ_itcm_ctrl.u_sram_icb_ctrl.u_byp_icb_cmd_buf.u_bypbuf_fifo.dp_gtK.vec_L_dfflrs.qout_r	u_e203_cpu.u_e203_core.u_e203_ifu.u_e203_ifu_ifetch.ifu_hi_ir_dfflr.qout_r[15]$_DFFE_PN0P_/Q	u_e203_cpu.u_e203_itcm_ctrl.u_sram_icb_ctrl.u_byp_icb_cmd_buf.u_bypbuf_fifo.dp_gt0.vec_0_dfflrs.qout_r$_DFFE_PN1P_/D
302	-0.5768	u_eI_cpu.u_eJ_core.u_eK_ifu.u_eL_ifu_ifetch.ir_rsMidx_dfflr.qout_r[N]	u_eI_cpu.u_eJ_core.u_eK_ifu.u_eL_ifu_ifetch.pc_dfflr.qout_r[M]	u_e203_cpu.u_e203_core.u_e203_ifu.u_e203_ifu_ifetch.ir_rs2idx_dfflr.qout_r[3]$_DFFE_PN0P_/Q	u_e203_cpu.u_e203_core.u_e203_ifu.u_e203_ifu_ifetch.pc_dfflr.qout_r[10]$_DFFE_PN0P_/D
303	-0.5742	u_eI_cpu.u_eJ_core.u_eK_ifu.u_eL_ifu_ifetch.ir_rsMidx_dfflr.qout_r[N]	u_eI_cpu.u_eJ_core.u_eK_biu.u_sirv_gnrl_icb_buffer.outs_cnt_dfflr.qout_r	u_e203_cpu.u_e203_core.u_e203_ifu.u_e203_ifu_ifetch.ir_rs2idx_dfflr.qout_r[3]$_DFFE_PN0P_/Q	u_e203_cpu.u_e203_core.u_e203_biu.u_sirv_gnrl_icb_buffer.outs_cnt_dfflr.qout_r$_DFFE_PN0P_/D
304	-0.5732	u_eI_cpu.u_eJ_core.u_eK_ifu.u_eL_ifu_ifetch.ir_rsMidx_dfflr.qout_r[N]	u_eI_cpu.u_eJ_core.u_eK_biu.u_biu_icb_arbt.arbt_num_gt_L_gen.dp_M.u_sirv_gnrl_rspid_fifo.dp_gt_N.vld_dfflr.qout_r	u_e203_cpu.u_e203_core.u_e203_ifu.u_e203_ifu_ifetch.ir_rs2idx_dfflr.qout_r[3]$_DFFE_PN0P_/Q	u_e203_cpu.u_e203_core.u_e203_biu.u_biu_icb_arbt.arbt_num_gt_1_gen.dp_1.u_sirv_gnrl_rspid_fifo.dp_gt_0.vld_dfflr.qout_r$_DFFE_PN0P_/D
305	-0.5721	u_eI_cpu.u_eJ_core.u_eK_ifu.u_eL_ifu_ifetch.ifu_lo_ir_dfflr.qout_r[M]	u_eI_cpu.u_eJ_core.u_eK_ifu.u_eL_ifu_ifetch.reset_req_dfflr.qout_r	u_e203_cpu.u_e203_core.u_e203_ifu.u_e203_ifu_ifetch.ifu_lo_ir_dfflr.qout_r[11]$_DFFE_PN0P_/Q	u_e203_cpu.u_e203_core.u_e203_ifu.u_e203_ifu_ifetch.reset_req_dfflr.qout_r$_DFFE_PN0P_/D
306	-0.5710	u_eI_cpu.u_eJ_core.u_eK_ifu.u_eL_ifu_ifetch.ifu_lo_ir_dfflr.qout_r[M]	u_eI_cpu.u_eJ_core.u_eK_ifu.u_eL_ifu_iftMicb.icb_addr_N_O_dffl.qout_r[P]	u_e203_cpu.u_e203_core.u_e203_ifu.u_e203_ifu_ifetch.ifu_lo_ir_dfflr.qout_r[11]$_DFFE_PN0P_/Q	u_e203_cpu.u_e203_core.u_e203_ifu.u_e203_ifu_ift2icb.icb_addr_2_1_dffl.qout_r[0]$_DFFE_PP_/D
307	-0.5708	u_eI_cpu.u_eJ_core.u_eK_ifu.u_eL_ifu_ifetch.ir_rsMidx_dfflr.qout_r[N]	u_eI_srams.u_eJ_dtcm_ram.u_eK_dtcm_gnrl_ram.u_sirv_sim_ram.mem_r[L][M]	u_e203_cpu.u_e203_core.u_e203_ifu.u_e203_ifu_ifetch.ir_rs2idx_dfflr.qout_r[3]$_DFFE_PN0P_/Q	u_e203_srams.u_e203_dtcm_ram.u_e203_dtcm_gnrl_ram.u_sirv_sim_ram.mem_r[0][0]$_DFFE_PP_/D
308	-0.5685	u_eI_cpu.u_eJ_core.u_eK_exu.u_eL_exu_oitf.depth_gtM.alc_ptr_dfflrs.qout_r	extIdtcm_icb_cmd_ready	u_e203_cpu.u_e203_core.u_e203_exu.u_e203_exu_oitf.depth_gt1.alc_ptr_dfflrs.qout_r$_DFFE_PN0P_/Q	ext2dtcm_icb_cmd_ready
309	-0.5660	u_eI_cpu.u_eJ_core.u_eK_exu.u_eL_exu_alu.u_eM_exu_alu_lsuagu.icb_state_dfflr.qout_r[N]	extIitcm_icb_cmd_ready	u_e203_cpu.u_e203_core.u_e203_exu.u_e203_exu_alu.u_e203_exu_alu_lsuagu.icb_state_dfflr.qout_r[2]$_DFFE_PN0P_/Q	ext2itcm_icb_cmd_ready
310	-0.5637	u_eI_cpu.u_eJ_dtcm_ctrl.u_dtcm_icb_arbt.arbt_num_gt_K_gen.dp_L.u_sirv_gnrl_rspid_fifo.dp_gt_M.dat_dfflr.qout_r	extIdtcm_icb_cmd_ready	u_e203_cpu.u_e203_dtcm_ctrl.u_dtcm_icb_arbt.arbt_num_gt_1_gen.dp_1.u_sirv_gnrl_rspid_fifo.dp_gt_0.dat_dfflr.qout_r$_DFFE_PP_/Q	ext2dtcm_icb_cmd_ready
311	-0.5614	u_eI_cpu.u_eJ_core.u_eK_ifu.u_eL_ifu_ifetch.ifu_lo_ir_dfflr.qout_r[M]	u_eI_cpu.u_eJ_core.u_eK_ifu.u_eL_ifu_iftMicb.req_same_cross_holdup_dfflr.qout_r	u_e203_cpu.u_e203_core.u_e203_ifu.u_e203_ifu_ifetch.ifu_lo_ir_dfflr.qout_r[11]$_DFFE_PN0P_/Q	u_e203_cpu.u_e203_core.u_e203_ifu.u_e203_ifu_ift2icb.req_same_cross_holdup_dfflr.qout_r$_DFFE_PN0P_/D
312	-0.5611	u_eI_cpu.u_eJ_core.u_eK_ifu.u_eL_ifu_ifetch.ifu_lo_ir_dfflr.qout_r[M]	u_eI_cpu.u_eJ_core.u_eK_ifu.u_eL_ifu_iftMicb.req_lane_cross_dfflr.qout_r	u_e203_cpu.u_e203_core.u_e203_ifu.u_e203_ifu_ifetch.ifu_lo_ir_dfflr.qout_r[11]$_DFFE_PN0P_/Q	u_e203_cpu.u_e203_core.u_e203_ifu.u_e203_ifu_ift2icb.req_lane_cross_dfflr.qout_r$_DFFE_PN0P_/D
313	-0.5611	u_eI_cpu.u_eJ_core.u_eK_ifu.u_eL_ifu_ifetch.ifu_lo_ir_dfflr.qout_r[M]	u_eI_cpu.u_eJ_core.u_eK_ifu.u_eL_ifu_iftMicb.req_need_Nuop_dfflr.qout_r	u_e203_cpu.u_e203_core.u_e203_ifu.u_e203_ifu_ifetch.ifu_lo_ir_dfflr.qout_r[11]$_DFFE_PN0P_/Q	u_e203_cpu.u_e203_core.u_e203_ifu.u_e203_ifu_ift2icb.req_need_2uop_dfflr.qout_r$_DFFE_PN0P_/D
314	-0.5588	u_eI_cpu.u_eJ_core.u_eK_ifu.u_eL_ifu_ifetch.ifu_hi_ir_dfflr.qout_r[M]	u_eI_cpu.u_eJ_core.u_eK_ifu.u_eL_ifu_iftMicb.u_eN_ifetch_rsp_bypbuf.u_bypbuf_fifo.dp_gtO.fifo_rf[P].fifo_rf_dffl.qout_r[Q]	u_e203_cpu.u_e203_core.u_e203_ifu.u_e203_ifu_ifetch.ifu_hi_ir_dfflr.qout_r[15]$_DFFE_PN0P_/Q	u_e203_cpu.u_e203_core.u_e203_ifu.u_e203_ifu_ift2icb.u_e203_ifetch_rsp_bypbuf.u_bypbuf_fifo.dp_gt0.fifo_rf[0].fifo_rf_dffl.qout_r[6]$_DFFE_PP_/D
315	-0.5576	dbg_step_r	u_eI_cpu.u_eJ_dtcm_ctrl.u_sram_icb_ctrl.u_byp_icb_cmd_buf.u_bypbuf_fifo.dp_gtK.vec_L_dfflr.qout_r	dbg_step_r	u_e203_cpu.u_e203_dtcm_ctrl.u_sram_icb_ctrl.u_byp_icb_cmd_buf.u_bypbuf_fifo.dp_gt0.vec_31_dfflr.qout_r$_DFFE_PN0P_/D
316	-0.5570	u_eI_cpu.u_eJ_core.u_eK_ifu.u_eL_ifu_ifetch.ir_rsMidx_dfflr.qout_r[N]	u_eI_cpu.u_eJ_itcm_ctrl.u_sram_icb_ctrl.u_byp_icb_cmd_buf.u_bypbuf_fifo.dp_gtK.vec_L_dfflr.qout_r	u_e203_cpu.u_e203_core.u_e203_ifu.u_e203_ifu_ifetch.ir_rs2idx_dfflr.qout_r[3]$_DFFE_PN0P_/Q	u_e203_cpu.u_e203_itcm_ctrl.u_sram_icb_ctrl.u_byp_icb_cmd_buf.u_bypbuf_fifo.dp_gt0.vec_31_dfflr.qout_r$_DFFE_PN0P_/D
317	-0.5560	u_eI_cpu.u_eJ_itcm_ctrl.u_sram_icb_ctrl.u_sirv_Kcyc_sram_ctrl.u_eL_stage.dp_gt_M.dat_dfflr.qout_r[N]	extIdtcm_icb_cmd_ready	u_e203_cpu.u_e203_itcm_ctrl.u_sram_icb_ctrl.u_sirv_1cyc_sram_ctrl.u_e1_stage.dp_gt_0.dat_dfflr.qout_r[1]$_DFFE_PP_/QN	ext2dtcm_icb_cmd_ready
318	-0.5557	u_eI_cpu.u_eJ_core.u_eK_ifu.u_eL_ifu_ifetch.ifu_lo_ir_dfflr.qout_r[M]	u_eI_cpu.u_eJ_core.u_eK_ifu.u_eL_ifu_ifetch.pc_newpend_dfflr.qout_r	u_e203_cpu.u_e203_core.u_e203_ifu.u_e203_ifu_ifetch.ifu_lo_ir_dfflr.qout_r[11]$_DFFE_PN0P_/Q	u_e203_cpu.u_e203_core.u_e203_ifu.u_e203_ifu_ifetch.pc_newpend_dfflr.qout_r$_DFFE_PN0P_/D
319	-0.5548	dbg_halt_r	u_eI_cpu.u_eJ_core.u_eK_lsu.u_eL_lsu_ctrl.excl_addr_dffl.qout_r[M]	dbg_halt_r	u_e203_cpu.u_e203_core.u_e203_lsu.u_e203_lsu_ctrl.excl_addr_dffl.qout_r[30]$_DFFE_PN0P_/D
320	-0.5546	dbg_step_r	u_eI_cpu.u_eJ_core.u_eK_exu.u_eL_exu_alu.u_eM_exu_alu_muldiv.part_remd_sftN_dfflr.qout_r	dbg_step_r	u_e203_cpu.u_e203_core.u_e203_exu.u_e203_exu_alu.u_e203_exu_alu_muldiv.part_remd_sft1_dfflr.qout_r$_DFFE_PN0P_/D
321	-0.5539	u_eI_cpu.u_eJ_core.u_eK_ifu.u_eL_ifu_ifetch.ir_rsMidx_dfflr.qout_r[N]	u_eI_cpu.u_eJ_core.u_eK_exu.u_eL_exu_csr.minstreth_dfflr.qout_r[M]	u_e203_cpu.u_e203_core.u_e203_ifu.u_e203_ifu_ifetch.ir_rs2idx_dfflr.qout_r[3]$_DFFE_PN0P_/Q	u_e203_cpu.u_e203_core.u_e203_exu.u_e203_exu_csr.minstreth_dfflr.qout_r[29]$_DFFE_PN0P_/D
322	-0.5536	u_eI_cpu.u_eJ_core.u_eK_biu.u_biu_icb_arbt.arbt_num_gt_L_gen.dp_M.u_sirv_gnrl_rspid_fifo.dp_gt_N.dat_dfflr.qout_r	extIitcm_icb_cmd_ready	u_e203_cpu.u_e203_core.u_e203_biu.u_biu_icb_arbt.arbt_num_gt_1_gen.dp_1.u_sirv_gnrl_rspid_fifo.dp_gt_0.dat_dfflr.qout_r$_DFFE_PP_/Q	ext2itcm_icb_cmd_ready
323	-0.5531	u_eI_cpu.u_eJ_core.u_eK_ifu.u_eL_ifu_ifetch.ir_rsMidx_dfflr.qout_r[N]	u_eI_cpu.u_eJ_itcm_ctrl.u_sram_icb_ctrl.u_byp_icb_cmd_buf.u_bypbuf_fifo.dp_gtK.vec_L_dfflrs.qout_r	u_e203_cpu.u_e203_core.u_e203_ifu.u_e203_ifu_ifetch.ir_rs2idx_dfflr.qout_r[3]$_DFFE_PN0P_/Q	u_e203_cpu.u_e203_itcm_ctrl.u_sram_icb_ctrl.u_byp_icb_cmd_buf.u_bypbuf_fifo.dp_gt0.vec_0_dfflrs.qout_r$_DFFE_PN1P_/D
324	-0.5513	dbg_mode	u_eI_cpu.u_eJ_clk_ctrl.u_lsu_clkgate.enb	dbg_mode	u_e203_cpu.u_e203_clk_ctrl.u_lsu_clkgate.enb$_DLATCH_N_/D
325	-0.5513	u_eI_cpu.u_eJ_core.u_eK_ifu.u_eL_ifu_ifetch.ifu_lo_ir_dfflr.qout_r[M]	u_eI_cpu.u_eJ_itcm_ctrl.u_sram_icb_ctrl.u_sirv_Kcyc_sram_ctrl.u_eL_stage.dp_gt_M.dat_dfflr.qout_r[N]	u_e203_cpu.u_e203_core.u_e203_ifu.u_e203_ifu_ifetch.ifu_lo_ir_dfflr.qout_r[11]$_DFFE_PN0P_/Q	u_e203_cpu.u_e203_itcm_ctrl.u_sram_icb_ctrl.u_sirv_1cyc_sram_ctrl.u_e1_stage.dp_gt_0.dat_dfflr.qout_r[1]$_DFFE_PP_/D
326	-0.5508	u_eI_cpu.u_eJ_core.u_eK_ifu.u_eL_ifu_ifetch.ifu_lo_ir_dfflr.qout_r[M]	u_eI_cpu.u_eJ_core.u_eK_ifu.u_eL_ifu_iftMicb.u_eN_ifetch_rsp_bypbuf.u_bypbuf_fifo.dp_gtO.vec_P_dfflrs.qout_r	u_e203_cpu.u_e203_core.u_e203_ifu.u_e203_ifu_ifetch.ifu_lo_ir_dfflr.qout_r[11]$_DFFE_PN0P_/Q	u_e203_cpu.u_e203_core.u_e203_ifu.u_e203_ifu_ift2icb.u_e203_ifetch_rsp_bypbuf.u_bypbuf_fifo.dp_gt0.vec_0_dfflrs.qout_r$_DFFE_PN1P_/D
327	-0.5500	u_eI_cpu.u_eJ_core.u_eK_ifu.u_eL_ifu_ifetch.ifu_lo_ir_dfflr.qout_r[M]	u_eI_cpu.u_eJ_core.u_eK_ifu.u_eL_ifu_iftMicb.icbNmem_dfflr.qout_r	u_e203_cpu.u_e203_core.u_e203_ifu.u_e203_ifu_ifetch.ifu_lo_ir_dfflr.qout_r[11]$_DFFE_PN0P_/Q	u_e203_cpu.u_e203_core.u_e203_ifu.u_e203_ifu_ift2icb.icb2mem_dfflr.qout_r$_DFFE_PN0P_/D
328	-0.5483	u_eI_cpu.u_eJ_core.u_eK_biu.u_biu_icb_arbt.arbt_num_gt_L_gen.dp_M.u_sirv_gnrl_rspid_fifo.dp_gt_N.vld_dfflr.qout_r	extIitcm_icb_cmd_ready	u_e203_cpu.u_e203_core.u_e203_biu.u_biu_icb_arbt.arbt_num_gt_1_gen.dp_1.u_sirv_gnrl_rspid_fifo.dp_gt_0.vld_dfflr.qout_r$_DFFE_PN0P_/Q	ext2itcm_icb_cmd_ready
329	-0.5475	u_eI_cpu.u_eJ_core.u_eK_biu.u_sirv_gnrl_icb_buffer.u_sirv_gnrl_rsp_fifo.dp_gtL.fifo_rf[M].fifo_rf_dffl.qout_r[N]	extIdtcm_icb_cmd_ready	u_e203_cpu.u_e203_core.u_e203_biu.u_sirv_gnrl_icb_buffer.u_sirv_gnrl_rsp_fifo.dp_gt0.fifo_rf[0].fifo_rf_dffl.qout_r[34]$_DFFE_PP_/Q	ext2dtcm_icb_cmd_ready
330	-0.5463	u_eI_cpu.u_eJ_core.u_eK_ifu.u_eL_ifu_ifetch.ifu_hi_ir_dfflr.qout_r[M]	u_eI_cpu.u_eJ_clk_ctrl.itcm_active_dffr.qout_r	u_e203_cpu.u_e203_core.u_e203_ifu.u_e203_ifu_ifetch.ifu_hi_ir_dfflr.qout_r[15]$_DFFE_PN0P_/Q	u_e203_cpu.u_e203_clk_ctrl.itcm_active_dffr.qout_r$_DFF_PN0_/D
331	-0.5439	u_eI_cpu.u_eJ_core.u_eK_biu.u_sirv_gnrl_icb_buffer.u_sirv_gnrl_rsp_fifo.dp_gtL.vec_M_dfflr.qout_r	extIitcm_icb_cmd_ready	u_e203_cpu.u_e203_core.u_e203_biu.u_sirv_gnrl_icb_buffer.u_sirv_gnrl_rsp_fifo.dp_gt0.vec_31_dfflr.qout_r$_DFFE_PN0P_/Q	ext2itcm_icb_cmd_ready
332	-0.5437	u_eI_cpu.u_eJ_core.u_eK_ifu.u_eL_ifu_ifetch.ifu_hi_ir_dfflr.qout_r[M]	u_eI_cpu.u_eJ_core.u_eK_ifu.u_eL_ifu_iftMicb.icb_state_dfflr.qout_r[N]	u_e203_cpu.u_e203_core.u_e203_ifu.u_e203_ifu_ifetch.ifu_hi_ir_dfflr.qout_r[15]$_DFFE_PN0P_/Q	u_e203_cpu.u_e203_core.u_e203_ifu.u_e203_ifu_ift2icb.icb_state_dfflr.qout_r[1]$_DFFE_PN0P_/D
333	-0.5434	u_eI_cpu.u_eJ_core.u_eK_ifu.u_eL_ifu_ifetch.ifu_lo_ir_dfflr.qout_r[M]	u_eI_cpu.u_eJ_core.u_eK_ifu.u_eL_ifu_ifetch.ir_rsMidx_dfflr.qout_r[N]	u_e203_cpu.u_e203_core.u_e203_ifu.u_e203_ifu_ifetch.ifu_lo_ir_dfflr.qout_r[11]$_DFFE_PN0P_/Q	u_e203_cpu.u_e203_core.u_e203_ifu.u_e203_ifu_ifetch.ir_rs2idx_dfflr.qout_r[1]$_DFFE_PN0P_/D
334	-0.5418	u_eI_cpu.u_eJ_dtcm_ctrl.u_dtcm_icb_arbt.arbt_num_gt_K_gen.dp_L.u_sirv_gnrl_rspid_fifo.dp_gt_M.vld_dfflr.qout_r	extIitcm_icb_cmd_ready	u_e203_cpu.u_e203_dtcm_ctrl.u_dtcm_icb_arbt.arbt_num_gt_1_gen.dp_1.u_sirv_gnrl_rspid_fifo.dp_gt_0.vld_dfflr.qout_r$_DFFE_PN0P_/Q	ext2itcm_icb_cmd_ready
335	-0.5416	u_eI_cpu.u_eJ_core.u_eK_exu.u_eL_exu_alu.u_eM_exu_alu_muldiv.muldiv_state_dfflr.qout_r[N]	extIitcm_icb_cmd_ready	u_e203_cpu.u_e203_core.u_e203_exu.u_e203_exu_alu.u_e203_exu_alu_muldiv.muldiv_state_dfflr.qout_r[1]$_DFFE_PN0P_/Q	ext2itcm_icb_cmd_ready
336	-0.5416	dbg_step_r	u_eI_cpu.u_eJ_dtcm_ctrl.u_sram_icb_ctrl.u_sirv_Kcyc_sram_ctrl.u_eL_stage.dp_gt_M.vld_dfflr.qout_r	dbg_step_r	u_e203_cpu.u_e203_dtcm_ctrl.u_sram_icb_ctrl.u_sirv_1cyc_sram_ctrl.u_e1_stage.dp_gt_0.vld_dfflr.qout_r$_DFFE_PN0P_/D
337	-0.5405	u_eI_cpu.u_eJ_dtcm_ctrl.u_sram_icb_ctrl.u_sirv_Kcyc_sram_ctrl.u_eL_stage.dp_gt_M.vld_dfflr.qout_r	extIitcm_icb_cmd_ready	u_e203_cpu.u_e203_dtcm_ctrl.u_sram_icb_ctrl.u_sirv_1cyc_sram_ctrl.u_e1_stage.dp_gt_0.vld_dfflr.qout_r$_DFFE_PN0P_/Q	ext2itcm_icb_cmd_ready
338	-0.5402	u_eI_cpu.u_eJ_itcm_ctrl.u_itcm_icb_arbt.arbt_num_gt_K_gen.dp_L.u_sirv_gnrl_rspid_fifo.dp_gt_M.dat_dfflr.qout_r	extIitcm_icb_cmd_ready	u_e203_cpu.u_e203_itcm_ctrl.u_itcm_icb_arbt.arbt_num_gt_1_gen.dp_1.u_sirv_gnrl_rspid_fifo.dp_gt_0.dat_dfflr.qout_r$_DFFE_PP_/Q	ext2itcm_icb_cmd_ready
339	-0.5393	dbg_step_r	u_eI_cpu.u_eJ_core.u_eK_ifu.u_eL_ifu_ifetch.ifu_pc_dfflr.qout_r[M]	dbg_step_r	u_e203_cpu.u_e203_core.u_e203_ifu.u_e203_ifu_ifetch.ifu_pc_dfflr.qout_r[10]$_DFFE_PN0P_/D
340	-0.5385	u_eI_cpu.u_eJ_core.u_eK_ifu.u_eL_ifu_ifetch.ifu_lo_ir_dfflr.qout_r[M]	u_eI_cpu.u_eJ_core.u_eK_ifu.u_eL_ifu_ifetch.out_flag_dfflr.qout_r	u_e203_cpu.u_e203_core.u_e203_ifu.u_e203_ifu_ifetch.ifu_lo_ir_dfflr.qout_r[11]$_DFFE_PN0P_/Q	u_e203_cpu.u_e203_core.u_e203_ifu.u_e203_ifu_ifetch.out_flag_dfflr.qout_r$_DFFE_PN0P_/D
341	-0.5374	u_eI_cpu.u_eJ_itcm_ctrl.u_sram_icb_ctrl.u_sirv_Kcyc_sram_ctrl.u_eL_stage.dp_gt_M.vld_dfflr.qout_r	extIitcm_icb_cmd_ready	u_e203_cpu.u_e203_itcm_ctrl.u_sram_icb_ctrl.u_sirv_1cyc_sram_ctrl.u_e1_stage.dp_gt_0.vld_dfflr.qout_r$_DFFE_PN0P_/Q	ext2itcm_icb_cmd_ready
342	-0.5371	u_eI_cpu.u_eJ_core.u_eK_exu.u_eL_exu_oitf.depth_gtM.alc_ptr_flg_dfflrs.qout_r	extIdtcm_icb_cmd_ready	u_e203_cpu.u_e203_core.u_e203_exu.u_e203_exu_oitf.depth_gt1.alc_ptr_flg_dfflrs.qout_r$_DFFE_PN0P_/Q	ext2dtcm_icb_cmd_ready
343	-0.5371	u_eI_cpu.u_eJ_core.u_eK_ifu.u_eL_ifu_ifetch.ifu_lo_ir_dfflr.qout_r[M]	u_eI_cpu.u_eJ_core.u_eK_ifu.u_eL_ifu_ifetch.ifu_err_dfflr.qout_r	u_e203_cpu.u_e203_core.u_e203_ifu.u_e203_ifu_ifetch.ifu_lo_ir_dfflr.qout_r[11]$_DFFE_PN0P_/Q	u_e203_cpu.u_e203_core.u_e203_ifu.u_e203_ifu_ifetch.ifu_err_dfflr.qout_r$_DFFE_PN0P_/D
344	-0.5371	u_eI_cpu.u_eJ_core.u_eK_ifu.u_eL_ifu_ifetch.ifu_lo_ir_dfflr.qout_r[M]	u_eI_cpu.u_eJ_core.u_eK_ifu.u_eL_ifu_ifetch.ifu_lo_ir_dfflr.qout_r[M]	u_e203_cpu.u_e203_core.u_e203_ifu.u_e203_ifu_ifetch.ifu_lo_ir_dfflr.qout_r[11]$_DFFE_PN0P_/Q	u_e203_cpu.u_e203_core.u_e203_ifu.u_e203_ifu_ifetch.ifu_lo_ir_dfflr.qout_r[0]$_DFFE_PN0P_/D
345	-0.5371	u_eI_cpu.u_eJ_core.u_eK_ifu.u_eL_ifu_ifetch.ifu_lo_ir_dfflr.qout_r[M]	u_eI_cpu.u_eJ_core.u_eK_ifu.u_eL_ifu_ifetch.ir_muldiv_bMb_dfflr.qout_r	u_e203_cpu.u_e203_core.u_e203_ifu.u_e203_ifu_ifetch.ifu_lo_ir_dfflr.qout_r[11]$_DFFE_PN0P_/Q	u_e203_cpu.u_e203_core.u_e203_ifu.u_e203_ifu_ifetch.ir_muldiv_b2b_dfflr.qout_r$_DFFE_PN0P_/D
346	-0.5367	u_eI_cpu.u_eJ_itcm_ctrl.u_itcm_icb_arbt.arbt_num_gt_K_gen.dp_L.u_sirv_gnrl_rspid_fifo.dp_gt_M.vld_dfflr.qout_r	extIitcm_icb_cmd_ready	u_e203_cpu.u_e203_itcm_ctrl.u_itcm_icb_arbt.arbt_num_gt_1_gen.dp_1.u_sirv_gnrl_rspid_fifo.dp_gt_0.vld_dfflr.qout_r$_DFFE_PN0P_/Q	ext2itcm_icb_cmd_ready
347	-0.5353	u_eI_cpu.u_eJ_core.u_eK_exu.u_eL_exu_oitf.depth_gtM.ret_ptr_flg_dfflrs.qout_r	extIdtcm_icb_cmd_ready	u_e203_cpu.u_e203_core.u_e203_exu.u_e203_exu_oitf.depth_gt1.ret_ptr_flg_dfflrs.qout_r$_DFFE_PN0P_/Q	ext2dtcm_icb_cmd_ready
348	-0.5347	u_eI_cpu.u_eJ_core.u_eK_lsu.u_eL_lsu_ctrl.u_lsu_icb_arbt.arbt_num_gt_M_gen.dp_N.u_sirv_gnrl_rspid_fifo.dp_gt_O.vld_dfflr.qout_r	extIdtcm_icb_cmd_ready	u_e203_cpu.u_e203_core.u_e203_lsu.u_e203_lsu_ctrl.u_lsu_icb_arbt.arbt_num_gt_1_gen.dp_1.u_sirv_gnrl_rspid_fifo.dp_gt_0.vld_dfflr.qout_r$_DFFE_PN0P_/Q	ext2dtcm_icb_cmd_ready
349	-0.5347	u_eI_cpu.u_eJ_core.u_eK_ifu.u_eL_ifu_ifetch.ir_rsMidx_dfflr.qout_r[N]	u_eI_cpu.u_eJ_core.u_eK_ifu.u_eL_ifu_iftMicb.u_eN_ifetch_rsp_bypbuf.u_bypbuf_fifo.dp_gtO.fifo_rf[P].fifo_rf_dffl.qout_r[Q]	u_e203_cpu.u_e203_core.u_e203_ifu.u_e203_ifu_ifetch.ir_rs2idx_dfflr.qout_r[3]$_DFFE_PN0P_/Q	u_e203_cpu.u_e203_core.u_e203_ifu.u_e203_ifu_ift2icb.u_e203_ifetch_rsp_bypbuf.u_bypbuf_fifo.dp_gt0.fifo_rf[0].fifo_rf_dffl.qout_r[6]$_DFFE_PP_/D
350	-0.5342	u_eI_cpu.u_eJ_core.u_eK_exu.u_eL_exu_oitf.depth_gtM.ret_ptr_dfflrs.qout_r	extIitcm_icb_cmd_ready	u_e203_cpu.u_e203_core.u_e203_exu.u_e203_exu_oitf.depth_gt1.ret_ptr_dfflrs.qout_r$_DFFE_PN0P_/Q	ext2itcm_icb_cmd_ready
351	-0.5338	dbg_halt_r	u_eI_cpu.u_eJ_dtcm_ctrl.u_sram_icb_ctrl.u_byp_icb_cmd_buf.u_bypbuf_fifo.dp_gtK.vec_L_dfflr.qout_r	dbg_halt_r	u_e203_cpu.u_e203_dtcm_ctrl.u_sram_icb_ctrl.u_byp_icb_cmd_buf.u_bypbuf_fifo.dp_gt0.vec_31_dfflr.qout_r$_DFFE_PN0P_/D
352	-0.5327	u_eI_cpu.u_eJ_core.u_eK_ifu.u_eL_ifu_ifetch.ifu_hi_ir_dfflr.qout_r[M]	u_eI_cpu.u_eJ_core.u_eK_ifu.u_eL_ifu_ifetch.reset_req_dfflr.qout_r	u_e203_cpu.u_e203_core.u_e203_ifu.u_e203_ifu_ifetch.ifu_hi_ir_dfflr.qout_r[15]$_DFFE_PN0P_/Q	u_e203_cpu.u_e203_core.u_e203_ifu.u_e203_ifu_ifetch.reset_req_dfflr.qout_r$_DFFE_PN0P_/D
353	-0.5325	dbg_step_r	u_eI_cpu.u_eJ_dtcm_ctrl.u_sram_icb_ctrl.u_sirv_Kcyc_sram_ctrl.u_ram_clkgate.enb	dbg_step_r	u_e203_cpu.u_e203_dtcm_ctrl.u_sram_icb_ctrl.u_sirv_1cyc_sram_ctrl.u_ram_clkgate.enb$_DLATCH_N_/D
354	-0.5324	u_eI_cpu.u_eJ_core.u_eK_exu.u_eL_exu_csr.mie_dfflr.qout_r[M]	extIdtcm_icb_cmd_ready	u_e203_cpu.u_e203_core.u_e203_exu.u_e203_exu_csr.mie_dfflr.qout_r[7]$_DFFE_PN0P_/Q	ext2dtcm_icb_cmd_ready
355	-0.5316	u_eI_cpu.u_eJ_core.u_eK_ifu.u_eL_ifu_ifetch.ifu_hi_ir_dfflr.qout_r[M]	u_eI_cpu.u_eJ_core.u_eK_ifu.u_eL_ifu_iftMicb.icb_addr_N_O_dffl.qout_r[P]	u_e203_cpu.u_e203_core.u_e203_ifu.u_e203_ifu_ifetch.ifu_hi_ir_dfflr.qout_r[15]$_DFFE_PN0P_/Q	u_e203_cpu.u_e203_core.u_e203_ifu.u_e203_ifu_ift2icb.icb_addr_2_1_dffl.qout_r[0]$_DFFE_PP_/D
356	-0.5308	u_eI_cpu.u_eJ_core.u_eK_lsu.u_eL_lsu_ctrl.u_eM_lsu_splt_stage.dp_gt_N.vld_dfflr.qout_r	cmt_dcause_ena	u_e203_cpu.u_e203_core.u_e203_lsu.u_e203_lsu_ctrl.u_e203_lsu_splt_stage.dp_gt_0.vld_dfflr.qout_r$_DFFE_PN0P_/Q	cmt_dcause_ena
357	-0.5307	dbg_halt_r	u_eI_cpu.u_eJ_core.u_eK_exu.u_eL_exu_alu.u_eM_exu_alu_muldiv.part_remd_sftN_dfflr.qout_r	dbg_halt_r	u_e203_cpu.u_e203_core.u_e203_exu.u_e203_exu_alu.u_e203_exu_alu_muldiv.part_remd_sft1_dfflr.qout_r$_DFFE_PN0P_/D
358	-0.5287	u_eI_cpu.u_eJ_core.u_eK_ifu.u_eL_ifu_ifetch.ifu_lo_ir_dfflr.qout_r[M]	u_eI_cpu.u_eJ_dtcm_ctrl.u_sram_icb_ctrl.u_byp_icb_cmd_buf.u_bypbuf_fifo.dp_gtK.fifo_rf[L].fifo_rf_dffl.qout_r[M]	u_e203_cpu.u_e203_core.u_e203_ifu.u_e203_ifu_ifetch.ifu_lo_ir_dfflr.qout_r[11]$_DFFE_PN0P_/Q	u_e203_cpu.u_e203_dtcm_ctrl.u_sram_icb_ctrl.u_byp_icb_cmd_buf.u_bypbuf_fifo.dp_gt0.fifo_rf[0].fifo_rf_dffl.qout_r[1]$_DFFE_PP_/D
359	-0.5285	u_eI_cpu.u_eJ_core.u_eK_ifu.u_eL_ifu_ifetch.ifu_lo_ir_dfflr.qout_r[M]	u_eI_cpu.u_eJ_clk_ctrl.u_biu_clkgate.enb	u_e203_cpu.u_e203_core.u_e203_ifu.u_e203_ifu_ifetch.ifu_lo_ir_dfflr.qout_r[11]$_DFFE_PN0P_/Q	u_e203_cpu.u_e203_clk_ctrl.u_biu_clkgate.enb$_DLATCH_N_/D
360	-0.5269	u_eI_cpu.u_eJ_core.u_eK_ifu.u_eL_ifu_ifetch.ifu_lo_ir_dfflr.qout_r[M]	u_eI_cpu.u_eJ_core.u_eK_ifu.u_eL_ifu_ifetch.ifu_prdt_taken_dfflr.qout_r	u_e203_cpu.u_e203_core.u_e203_ifu.u_e203_ifu_ifetch.ifu_lo_ir_dfflr.qout_r[11]$_DFFE_PN0P_/Q	u_e203_cpu.u_e203_core.u_e203_ifu.u_e203_ifu_ifetch.ifu_prdt_taken_dfflr.qout_r$_DFFE_PN0P_/D
361	-0.5255	u_eI_cpu.u_eJ_core.u_eK_ifu.u_eL_ifu_ifetch.ifu_lo_ir_dfflr.qout_r[M]	u_eI_cpu.u_eJ_itcm_ctrl.u_sram_icb_ctrl.u_sirv_Kcyc_sram_ctrl.u_eL_stage.dp_gt_M.vld_dfflr.qout_r	u_e203_cpu.u_e203_core.u_e203_ifu.u_e203_ifu_ifetch.ifu_lo_ir_dfflr.qout_r[11]$_DFFE_PN0P_/Q	u_e203_cpu.u_e203_itcm_ctrl.u_sram_icb_ctrl.u_sirv_1cyc_sram_ctrl.u_e1_stage.dp_gt_0.vld_dfflr.qout_r$_DFFE_PN0P_/D
362	-0.5250	u_eI_cpu.u_eJ_irq_sync.master_gen.u_tmr_irq_sync.sync_gen[K].i_is_not_L.sync_dffr.qout_r	extIdtcm_icb_cmd_ready	u_e203_cpu.u_e203_irq_sync.master_gen.u_tmr_irq_sync.sync_gen[1].i_is_not_0.sync_dffr.qout_r$_DFF_PN0_/Q	ext2dtcm_icb_cmd_ready
363	-0.5241	u_eI_cpu.u_eJ_core.u_eK_exu.u_eL_exu_oitf.depth_gtM.alc_ptr_dfflrs.qout_r	extIitcm_icb_cmd_ready	u_e203_cpu.u_e203_core.u_e203_exu.u_e203_exu_oitf.depth_gt1.alc_ptr_dfflrs.qout_r$_DFFE_PN0P_/Q	ext2itcm_icb_cmd_ready
364	-0.5221	u_eI_cpu.u_eJ_core.u_eK_ifu.u_eL_ifu_ifetch.ir_rsMidx_dfflr.qout_r[N]	u_eI_cpu.u_eJ_clk_ctrl.itcm_active_dffr.qout_r	u_e203_cpu.u_e203_core.u_e203_ifu.u_e203_ifu_ifetch.ir_rs2idx_dfflr.qout_r[3]$_DFFE_PN0P_/Q	u_e203_cpu.u_e203_clk_ctrl.itcm_active_dffr.qout_r$_DFF_PN0_/D
365	-0.5220	u_eI_cpu.u_eJ_core.u_eK_ifu.u_eL_ifu_ifetch.ifu_hi_ir_dfflr.qout_r[M]	u_eI_cpu.u_eJ_core.u_eK_ifu.u_eL_ifu_iftMicb.req_same_cross_holdup_dfflr.qout_r	u_e203_cpu.u_e203_core.u_e203_ifu.u_e203_ifu_ifetch.ifu_hi_ir_dfflr.qout_r[15]$_DFFE_PN0P_/Q	u_e203_cpu.u_e203_core.u_e203_ifu.u_e203_ifu_ift2icb.req_same_cross_holdup_dfflr.qout_r$_DFFE_PN0P_/D
366	-0.5218	u_eI_cpu.u_eJ_core.u_eK_ifu.u_eL_ifu_ifetch.ifu_hi_ir_dfflr.qout_r[M]	u_eI_cpu.u_eJ_core.u_eK_ifu.u_eL_ifu_iftMicb.req_lane_cross_dfflr.qout_r	u_e203_cpu.u_e203_core.u_e203_ifu.u_e203_ifu_ifetch.ifu_hi_ir_dfflr.qout_r[15]$_DFFE_PN0P_/Q	u_e203_cpu.u_e203_core.u_e203_ifu.u_e203_ifu_ift2icb.req_lane_cross_dfflr.qout_r$_DFFE_PN0P_/D
367	-0.5218	u_eI_cpu.u_eJ_core.u_eK_ifu.u_eL_ifu_ifetch.ifu_hi_ir_dfflr.qout_r[M]	u_eI_cpu.u_eJ_core.u_eK_ifu.u_eL_ifu_iftMicb.req_need_Nuop_dfflr.qout_r	u_e203_cpu.u_e203_core.u_e203_ifu.u_e203_ifu_ifetch.ifu_hi_ir_dfflr.qout_r[15]$_DFFE_PN0P_/Q	u_e203_cpu.u_e203_core.u_e203_ifu.u_e203_ifu_ift2icb.req_need_2uop_dfflr.qout_r$_DFFE_PN0P_/D
368	-0.5198	u_eI_cpu.u_eJ_irq_sync.master_gen.u_sft_irq_sync.sync_gen[K].i_is_not_L.sync_dffr.qout_r	extIdtcm_icb_cmd_ready	u_e203_cpu.u_e203_irq_sync.master_gen.u_sft_irq_sync.sync_gen[1].i_is_not_0.sync_dffr.qout_r$_DFF_PN0_/Q	ext2dtcm_icb_cmd_ready
369	-0.5195	u_eI_cpu.u_eJ_core.u_eK_ifu.u_eL_ifu_ifetch.ir_rsMidx_dfflr.qout_r[N]	u_eI_cpu.u_eJ_core.u_eK_ifu.u_eL_ifu_iftMicb.icb_state_dfflr.qout_r[N]	u_e203_cpu.u_e203_core.u_e203_ifu.u_e203_ifu_ifetch.ir_rs2idx_dfflr.qout_r[3]$_DFFE_PN0P_/Q	u_e203_cpu.u_e203_core.u_e203_ifu.u_e203_ifu_ift2icb.icb_state_dfflr.qout_r[1]$_DFFE_PN0P_/D
370	-0.5193	dbg_step_r	u_eI_cpu.u_eJ_core.u_eK_exu.u_eL_exu_alu.u_eM_exu_alu_muldiv.part_prdt_sftN_dfflr.qout_r	dbg_step_r	u_e203_cpu.u_e203_core.u_e203_exu.u_e203_exu_alu.u_e203_exu_alu_muldiv.part_prdt_sft1_dfflr.qout_r$_DFFE_PN0P_/D
371	-0.5193	u_eI_cpu.u_eJ_dtcm_ctrl.u_dtcm_icb_arbt.arbt_num_gt_K_gen.dp_L.u_sirv_gnrl_rspid_fifo.dp_gt_M.dat_dfflr.qout_r	extIitcm_icb_cmd_ready	u_e203_cpu.u_e203_dtcm_ctrl.u_dtcm_icb_arbt.arbt_num_gt_1_gen.dp_1.u_sirv_gnrl_rspid_fifo.dp_gt_0.dat_dfflr.qout_r$_DFFE_PP_/Q	ext2itcm_icb_cmd_ready
372	-0.5180	u_eI_cpu.u_eJ_core.u_eK_ifu.u_eL_ifu_ifetch.ifu_lo_ir_dfflr.qout_r[M]	u_eI_cpu.u_eJ_itcm_ctrl.u_sram_icb_ctrl.u_sirv_Kcyc_sram_ctrl.u_ram_clkgate.enb	u_e203_cpu.u_e203_core.u_e203_ifu.u_e203_ifu_ifetch.ifu_lo_ir_dfflr.qout_r[11]$_DFFE_PN0P_/Q	u_e203_cpu.u_e203_itcm_ctrl.u_sram_icb_ctrl.u_sirv_1cyc_sram_ctrl.u_ram_clkgate.enb$_DLATCH_N_/D
373	-0.5178	u_eI_cpu.u_eJ_core.u_eK_lsu.u_eL_lsu_ctrl.u_lsu_icb_arbt.arbt_num_gt_M_gen.dp_N.u_sirv_gnrl_rspid_fifo.dp_gt_O.dat_dfflr.qout_r	extIdtcm_icb_cmd_ready	u_e203_cpu.u_e203_core.u_e203_lsu.u_e203_lsu_ctrl.u_lsu_icb_arbt.arbt_num_gt_1_gen.dp_1.u_sirv_gnrl_rspid_fifo.dp_gt_0.dat_dfflr.qout_r$_DFFE_PP_/Q	ext2dtcm_icb_cmd_ready
374	-0.5177	dbg_halt_r	u_eI_cpu.u_eJ_dtcm_ctrl.u_sram_icb_ctrl.u_sirv_Kcyc_sram_ctrl.u_eL_stage.dp_gt_M.vld_dfflr.qout_r	dbg_halt_r	u_e203_cpu.u_e203_dtcm_ctrl.u_sram_icb_ctrl.u_sirv_1cyc_sram_ctrl.u_e1_stage.dp_gt_0.vld_dfflr.qout_r$_DFFE_PN0P_/D
375	-0.5163	u_eI_cpu.u_eJ_core.u_eK_ifu.u_eL_ifu_ifetch.ifu_hi_ir_dfflr.qout_r[M]	u_eI_cpu.u_eJ_core.u_eK_ifu.u_eL_ifu_ifetch.pc_newpend_dfflr.qout_r	u_e203_cpu.u_e203_core.u_e203_ifu.u_e203_ifu_ifetch.ifu_hi_ir_dfflr.qout_r[15]$_DFFE_PN0P_/Q	u_e203_cpu.u_e203_core.u_e203_ifu.u_e203_ifu_ifetch.pc_newpend_dfflr.qout_r$_DFFE_PN0P_/D
376	-0.5154	dbg_halt_r	u_eI_cpu.u_eJ_core.u_eK_ifu.u_eL_ifu_ifetch.ifu_pc_dfflr.qout_r[M]	dbg_halt_r	u_e203_cpu.u_e203_core.u_e203_ifu.u_e203_ifu_ifetch.ifu_pc_dfflr.qout_r[10]$_DFFE_PN0P_/D
377	-0.5130	dbg_step_r	u_eI_cpu.u_eJ_core.u_eK_exu.u_eL_exu_oitf.oitf_entries[M].pc_dfflrs.qout_r[N]	dbg_step_r	u_e203_cpu.u_e203_core.u_e203_exu.u_e203_exu_oitf.oitf_entries[0].pc_dfflrs.qout_r[10]$_DFFE_PP_/D
378	-0.5130	dbg_step_r	u_eI_cpu.u_eJ_core.u_eK_exu.u_eL_exu_oitf.oitf_entries[M].rdwen_dfflrs.qout_r	dbg_step_r	u_e203_cpu.u_e203_core.u_e203_exu.u_e203_exu_oitf.oitf_entries[0].rdwen_dfflrs.qout_r$_DFFE_PP_/D
379	-0.5123	u_eI_cpu.u_eJ_core.u_eK_exu.u_eL_exu_regfile.regfile[M].rfnoN.rf_dffl.qout_r[O]	cmt_dcause_ena	u_e203_cpu.u_e203_core.u_e203_exu.u_e203_exu_regfile.regfile[13].rfno0.rf_dffl.qout_r[31]$_DFFE_PP_/Q	cmt_dcause_ena
380	-0.5119	u_eI_cpu.u_eJ_core.u_eK_ifu.u_eL_ifu_ifetch.ifu_hi_ir_dfflr.qout_r[M]	u_eI_cpu.u_eJ_itcm_ctrl.u_sram_icb_ctrl.u_sirv_Kcyc_sram_ctrl.u_eL_stage.dp_gt_M.dat_dfflr.qout_r[N]	u_e203_cpu.u_e203_core.u_e203_ifu.u_e203_ifu_ifetch.ifu_hi_ir_dfflr.qout_r[15]$_DFFE_PN0P_/Q	u_e203_cpu.u_e203_itcm_ctrl.u_sram_icb_ctrl.u_sirv_1cyc_sram_ctrl.u_e1_stage.dp_gt_0.dat_dfflr.qout_r[1]$_DFFE_PP_/D
381	-0.5116	u_eI_cpu.u_eJ_itcm_ctrl.u_sram_icb_ctrl.u_sirv_Kcyc_sram_ctrl.u_eL_stage.dp_gt_M.dat_dfflr.qout_r[N]	extIitcm_icb_cmd_ready	u_e203_cpu.u_e203_itcm_ctrl.u_sram_icb_ctrl.u_sirv_1cyc_sram_ctrl.u_e1_stage.dp_gt_0.dat_dfflr.qout_r[1]$_DFFE_PP_/QN	ext2itcm_icb_cmd_ready
382	-0.5115	u_eI_cpu.u_eJ_core.u_eK_ifu.u_eL_ifu_ifetch.ifu_hi_ir_dfflr.qout_r[M]	u_eI_cpu.u_eJ_core.u_eK_ifu.u_eL_ifu_iftMicb.u_eN_ifetch_rsp_bypbuf.u_bypbuf_fifo.dp_gtO.vec_P_dfflrs.qout_r	u_e203_cpu.u_e203_core.u_e203_ifu.u_e203_ifu_ifetch.ifu_hi_ir_dfflr.qout_r[15]$_DFFE_PN0P_/Q	u_e203_cpu.u_e203_core.u_e203_ifu.u_e203_ifu_ift2icb.u_e203_ifetch_rsp_bypbuf.u_bypbuf_fifo.dp_gt0.vec_0_dfflrs.qout_r$_DFFE_PN1P_/D
383	-0.5109	dbg_step_r	u_eI_cpu.u_eJ_clk_ctrl.u_dtcm_clkgate.enb	dbg_step_r	u_e203_cpu.u_e203_clk_ctrl.u_dtcm_clkgate.enb$_DLATCH_N_/D
384	-0.5107	u_eI_cpu.u_eJ_core.u_eK_ifu.u_eL_ifu_ifetch.ifu_prdt_taken_dfflr.qout_r	extIdtcm_icb_cmd_ready	u_e203_cpu.u_e203_core.u_e203_ifu.u_e203_ifu_ifetch.ifu_prdt_taken_dfflr.qout_r$_DFFE_PN0P_/Q	ext2dtcm_icb_cmd_ready
385	-0.5106	u_eI_cpu.u_eJ_core.u_eK_ifu.u_eL_ifu_ifetch.ifu_hi_ir_dfflr.qout_r[M]	u_eI_cpu.u_eJ_core.u_eK_ifu.u_eL_ifu_iftMicb.icbNmem_dfflr.qout_r	u_e203_cpu.u_e203_core.u_e203_ifu.u_e203_ifu_ifetch.ifu_hi_ir_dfflr.qout_r[15]$_DFFE_PN0P_/Q	u_e203_cpu.u_e203_core.u_e203_ifu.u_e203_ifu_ift2icb.icb2mem_dfflr.qout_r$_DFFE_PN0P_/D
386	-0.5098	dbg_step_r	u_eI_cpu.u_eJ_core.u_eK_exu.u_eL_exu_oitf.oitf_entries[M].rdidx_dfflrs.qout_r[N]	dbg_step_r	u_e203_cpu.u_e203_core.u_e203_exu.u_e203_exu_oitf.oitf_entries[1].rdidx_dfflrs.qout_r[3]$_DFFE_PP_/D
387	-0.5090	dbg_step_r	u_eI_cpu.u_eJ_itcm_ctrl.u_itcm_icb_extKitcm_nLw.fifo_dp_M.u_sirv_gnrl_nNw_fifo.dp_gt_O.dat_dfflr.qout_r	dbg_step_r	u_e203_cpu.u_e203_itcm_ctrl.u_itcm_icb_ext2itcm_n2w.fifo_dp_1.u_sirv_gnrl_n2w_fifo.dp_gt_0.dat_dfflr.qout_r$_DFFE_PP_/D
388	-0.5086	dbg_halt_r	u_eI_cpu.u_eJ_dtcm_ctrl.u_sram_icb_ctrl.u_sirv_Kcyc_sram_ctrl.u_ram_clkgate.enb	dbg_halt_r	u_e203_cpu.u_e203_dtcm_ctrl.u_sram_icb_ctrl.u_sirv_1cyc_sram_ctrl.u_ram_clkgate.enb$_DLATCH_N_/D
389	-0.5085	u_eI_cpu.u_eJ_core.u_eK_ifu.u_eL_ifu_ifetch.ir_rsMidx_dfflr.qout_r[N]	u_eI_cpu.u_eJ_core.u_eK_ifu.u_eL_ifu_ifetch.reset_req_dfflr.qout_r	u_e203_cpu.u_e203_core.u_e203_ifu.u_e203_ifu_ifetch.ir_rs2idx_dfflr.qout_r[3]$_DFFE_PN0P_/Q	u_e203_cpu.u_e203_core.u_e203_ifu.u_e203_ifu_ifetch.reset_req_dfflr.qout_r$_DFFE_PN0P_/D
390	-0.5075	u_eI_cpu.u_eJ_core.u_eK_ifu.u_eL_ifu_ifetch.ir_rsMidx_dfflr.qout_r[N]	u_eI_cpu.u_eJ_core.u_eK_ifu.u_eL_ifu_iftMicb.icb_addr_N_O_dffl.qout_r[P]	u_e203_cpu.u_e203_core.u_e203_ifu.u_e203_ifu_ifetch.ir_rs2idx_dfflr.qout_r[3]$_DFFE_PN0P_/Q	u_e203_cpu.u_e203_core.u_e203_ifu.u_e203_ifu_ift2icb.icb_addr_2_1_dffl.qout_r[0]$_DFFE_PP_/D
391	-0.5072	u_eI_cpu.u_eJ_core.u_eK_ifu.u_eL_ifu_ifetch.ifu_lo_ir_dfflr.qout_r[M]	u_eI_cpu.u_eJ_core.u_eK_exu.u_eL_exu_alu.u_eM_exu_alu_dpath.sbf_N_dffl.qout_r[O]	u_e203_cpu.u_e203_core.u_e203_ifu.u_e203_ifu_ifetch.ifu_lo_ir_dfflr.qout_r[11]$_DFFE_PN0P_/Q	u_e203_cpu.u_e203_core.u_e203_exu.u_e203_exu_alu.u_e203_exu_alu_dpath.sbf_1_dffl.qout_r[10]$_DFFE_PP_/D
392	-0.5056	u_eI_cpu.u_eJ_core.u_eK_ifu.u_eL_ifu_ifetch.ifu_lo_ir_dfflr.qout_r[M]	u_eI_cpu.u_eJ_core.u_eK_ifu.u_eL_ifu_ifetch.dly_flush_dfflr.qout_r	u_e203_cpu.u_e203_core.u_e203_ifu.u_e203_ifu_ifetch.ifu_lo_ir_dfflr.qout_r[11]$_DFFE_PN0P_/Q	u_e203_cpu.u_e203_core.u_e203_ifu.u_e203_ifu_ifetch.dly_flush_dfflr.qout_r$_DFFE_PN0P_/D
393	-0.5040	u_eI_cpu.u_eJ_core.u_eK_ifu.u_eL_ifu_ifetch.ifu_hi_ir_dfflr.qout_r[M]	u_eI_cpu.u_eJ_core.u_eK_ifu.u_eL_ifu_ifetch.ir_rsMidx_dfflr.qout_r[N]	u_e203_cpu.u_e203_core.u_e203_ifu.u_e203_ifu_ifetch.ifu_hi_ir_dfflr.qout_r[15]$_DFFE_PN0P_/Q	u_e203_cpu.u_e203_core.u_e203_ifu.u_e203_ifu_ifetch.ir_rs2idx_dfflr.qout_r[1]$_DFFE_PN0P_/D
394	-0.5038	u_eI_cpu.u_eJ_core.u_eK_exu.u_eL_exu_alu.u_eM_exu_alu_muldiv.exec_cnt_dfflr.qout_r[N]	extIdtcm_icb_cmd_ready	u_e203_cpu.u_e203_core.u_e203_exu.u_e203_exu_alu.u_e203_exu_alu_muldiv.exec_cnt_dfflr.qout_r[3]$_DFFE_PN0P_/Q	ext2dtcm_icb_cmd_ready
395	-0.5031	u_eI_cpu.u_eJ_core.u_eK_biu.u_sirv_gnrl_icb_buffer.u_sirv_gnrl_rsp_fifo.dp_gtL.fifo_rf[M].fifo_rf_dffl.qout_r[N]	extIitcm_icb_cmd_ready	u_e203_cpu.u_e203_core.u_e203_biu.u_sirv_gnrl_icb_buffer.u_sirv_gnrl_rsp_fifo.dp_gt0.fifo_rf[0].fifo_rf_dffl.qout_r[34]$_DFFE_PP_/Q	ext2itcm_icb_cmd_ready
396	-0.5029	dbg_step_r	u_eI_cpu.u_eJ_itcm_ctrl.u_itcm_icb_extKitcm_nLw.fifo_dp_M.u_sirv_gnrl_nNw_fifo.dp_gt_O.vld_dfflr.qout_r	dbg_step_r	u_e203_cpu.u_e203_itcm_ctrl.u_itcm_icb_ext2itcm_n2w.fifo_dp_1.u_sirv_gnrl_n2w_fifo.dp_gt_0.vld_dfflr.qout_r$_DFFE_PN0P_/D
397	-0.5027	dbg_step_r	u_eI_cpu.u_eJ_itcm_ctrl.u_itcm_icb_arbt.arbt_num_gt_K_gen.dp_L.u_sirv_gnrl_rspid_fifo.dp_gt_M.dat_dfflr.qout_r	dbg_step_r	u_e203_cpu.u_e203_itcm_ctrl.u_itcm_icb_arbt.arbt_num_gt_1_gen.dp_1.u_sirv_gnrl_rspid_fifo.dp_gt_0.dat_dfflr.qout_r$_DFFE_PP_/D
398	-0.5024	u_eI_cpu.u_eJ_core.u_eK_ifu.u_eL_ifu_ifetch.ifu_lo_ir_dfflr.qout_r[M]	u_eI_cpu.u_eJ_itcm_ctrl.ifu_holdup_dffl.qout_r	u_e203_cpu.u_e203_core.u_e203_ifu.u_e203_ifu_ifetch.ifu_lo_ir_dfflr.qout_r[11]$_DFFE_PN0P_/Q	u_e203_cpu.u_e203_itcm_ctrl.ifu_holdup_dffl.qout_r$_DFFE_PN0P_/D
399	-0.4991	u_eI_cpu.u_eJ_core.u_eK_ifu.u_eL_ifu_ifetch.ifu_hi_ir_dfflr.qout_r[M]	u_eI_cpu.u_eJ_core.u_eK_ifu.u_eL_ifu_ifetch.out_flag_dfflr.qout_r	u_e203_cpu.u_e203_core.u_e203_ifu.u_e203_ifu_ifetch.ifu_hi_ir_dfflr.qout_r[15]$_DFFE_PN0P_/Q	u_e203_cpu.u_e203_core.u_e203_ifu.u_e203_ifu_ifetch.out_flag_dfflr.qout_r$_DFFE_PN0P_/D
400	-0.4987	u_eI_cpu.u_eJ_core.u_eK_ifu.u_eL_ifu_ifetch.ifu_lo_ir_dfflr.qout_r[M]	u_eI_cpu.u_eJ_core.u_eK_ifu.u_eL_ifu_ifetch.ir_valid_dfflr.qout_r	u_e203_cpu.u_e203_core.u_e203_ifu.u_e203_ifu_ifetch.ifu_lo_ir_dfflr.qout_r[11]$_DFFE_PN0P_/Q	u_e203_cpu.u_e203_core.u_e203_ifu.u_e203_ifu_ifetch.ir_valid_dfflr.qout_r$_DFFE_PN0P_/D
401	-0.4979	dbg_step_r	u_eI_cpu.u_eJ_core.u_eK_exu.u_eL_exu_csr.mtvec_dfflr.qout_r[M]	dbg_step_r	u_e203_cpu.u_e203_core.u_e203_exu.u_e203_exu_csr.mtvec_dfflr.qout_r[10]$_DFFE_PN0P_/D
402	-0.4978	dbg_step_r	u_eI_cpu.u_eJ_dtcm_ctrl.u_dtcm_icb_arbt.arbt_num_gt_K_gen.dp_L.u_sirv_gnrl_rspid_fifo.dp_gt_M.vld_dfflr.qout_r	dbg_step_r	u_e203_cpu.u_e203_dtcm_ctrl.u_dtcm_icb_arbt.arbt_num_gt_1_gen.dp_1.u_sirv_gnrl_rspid_fifo.dp_gt_0.vld_dfflr.qout_r$_DFFE_PN0P_/D
403	-0.4978	u_eI_cpu.u_eJ_core.u_eK_ifu.u_eL_ifu_ifetch.ir_rsMidx_dfflr.qout_r[N]	u_eI_cpu.u_eJ_core.u_eK_ifu.u_eL_ifu_iftMicb.req_same_cross_holdup_dfflr.qout_r	u_e203_cpu.u_e203_core.u_e203_ifu.u_e203_ifu_ifetch.ir_rs2idx_dfflr.qout_r[3]$_DFFE_PN0P_/Q	u_e203_cpu.u_e203_core.u_e203_ifu.u_e203_ifu_ift2icb.req_same_cross_holdup_dfflr.qout_r$_DFFE_PN0P_/D
404	-0.4977	u_eI_cpu.u_eJ_core.u_eK_ifu.u_eL_ifu_ifetch.ifu_hi_ir_dfflr.qout_r[M]	u_eI_cpu.u_eJ_core.u_eK_ifu.u_eL_ifu_ifetch.ifu_err_dfflr.qout_r	u_e203_cpu.u_e203_core.u_e203_ifu.u_e203_ifu_ifetch.ifu_hi_ir_dfflr.qout_r[15]$_DFFE_PN0P_/Q	u_e203_cpu.u_e203_core.u_e203_ifu.u_e203_ifu_ifetch.ifu_err_dfflr.qout_r$_DFFE_PN0P_/D
405	-0.4977	u_eI_cpu.u_eJ_core.u_eK_ifu.u_eL_ifu_ifetch.ifu_hi_ir_dfflr.qout_r[M]	u_eI_cpu.u_eJ_core.u_eK_ifu.u_eL_ifu_ifetch.ifu_lo_ir_dfflr.qout_r[M]	u_e203_cpu.u_e203_core.u_e203_ifu.u_e203_ifu_ifetch.ifu_hi_ir_dfflr.qout_r[15]$_DFFE_PN0P_/Q	u_e203_cpu.u_e203_core.u_e203_ifu.u_e203_ifu_ifetch.ifu_lo_ir_dfflr.qout_r[0]$_DFFE_PN0P_/D
406	-0.4977	u_eI_cpu.u_eJ_core.u_eK_ifu.u_eL_ifu_ifetch.ifu_hi_ir_dfflr.qout_r[M]	u_eI_cpu.u_eJ_core.u_eK_ifu.u_eL_ifu_ifetch.ir_muldiv_bMb_dfflr.qout_r	u_e203_cpu.u_e203_core.u_e203_ifu.u_e203_ifu_ifetch.ifu_hi_ir_dfflr.qout_r[15]$_DFFE_PN0P_/Q	u_e203_cpu.u_e203_core.u_e203_ifu.u_e203_ifu_ifetch.ir_muldiv_b2b_dfflr.qout_r$_DFFE_PN0P_/D
407	-0.4976	u_eI_cpu.u_eJ_core.u_eK_ifu.u_eL_ifu_ifetch.ir_rsMidx_dfflr.qout_r[N]	u_eI_cpu.u_eJ_core.u_eK_ifu.u_eL_ifu_iftMicb.req_lane_cross_dfflr.qout_r	u_e203_cpu.u_e203_core.u_e203_ifu.u_e203_ifu_ifetch.ir_rs2idx_dfflr.qout_r[3]$_DFFE_PN0P_/Q	u_e203_cpu.u_e203_core.u_e203_ifu.u_e203_ifu_ift2icb.req_lane_cross_dfflr.qout_r$_DFFE_PN0P_/D
408	-0.4976	u_eI_cpu.u_eJ_core.u_eK_ifu.u_eL_ifu_ifetch.ir_rsMidx_dfflr.qout_r[N]	u_eI_cpu.u_eJ_core.u_eK_ifu.u_eL_ifu_iftMicb.req_need_Nuop_dfflr.qout_r	u_e203_cpu.u_e203_core.u_e203_ifu.u_e203_ifu_ifetch.ir_rs2idx_dfflr.qout_r[3]$_DFFE_PN0P_/Q	u_e203_cpu.u_e203_core.u_e203_ifu.u_e203_ifu_ift2icb.req_need_2uop_dfflr.qout_r$_DFFE_PN0P_/D
409	-0.4955	dbg_halt_r	u_eI_cpu.u_eJ_core.u_eK_exu.u_eL_exu_alu.u_eM_exu_alu_muldiv.part_prdt_sftN_dfflr.qout_r	dbg_halt_r	u_e203_cpu.u_e203_core.u_e203_exu.u_e203_exu_alu.u_e203_exu_alu_muldiv.part_prdt_sft1_dfflr.qout_r$_DFFE_PN0P_/D
410	-0.4947	dbg_step_r	u_eI_cpu.u_eJ_core.u_eK_exu.u_eL_exu_alu.u_eM_exu_alu_lsuagu.icb_state_dfflr.qout_r[N]	dbg_step_r	u_e203_cpu.u_e203_core.u_e203_exu.u_e203_exu_alu.u_e203_exu_alu_lsuagu.icb_state_dfflr.qout_r[2]$_DFFE_PN0P_/D
411	-0.4935	u_eI_cpu.u_eJ_irq_sync.master_gen.u_dbg_irq_sync.sync_gen[K].i_is_not_L.sync_dffr.qout_r	extIdtcm_icb_cmd_ready	u_e203_cpu.u_e203_irq_sync.master_gen.u_dbg_irq_sync.sync_gen[1].i_is_not_0.sync_dffr.qout_r$_DFF_PN0_/Q	ext2dtcm_icb_cmd_ready
412	-0.4928	u_eI_cpu.u_eJ_core.u_eK_exu.u_eL_exu_oitf.depth_gtM.alc_ptr_flg_dfflrs.qout_r	extIitcm_icb_cmd_ready	u_e203_cpu.u_e203_core.u_e203_exu.u_e203_exu_oitf.depth_gt1.alc_ptr_flg_dfflrs.qout_r$_DFFE_PN0P_/Q	ext2itcm_icb_cmd_ready
413	-0.4921	u_eI_cpu.u_eJ_core.u_eK_ifu.u_eL_ifu_ifetch.ir_rsMidx_dfflr.qout_r[N]	u_eI_cpu.u_eJ_core.u_eK_ifu.u_eL_ifu_ifetch.pc_newpend_dfflr.qout_r	u_e203_cpu.u_e203_core.u_e203_ifu.u_e203_ifu_ifetch.ir_rs2idx_dfflr.qout_r[3]$_DFFE_PN0P_/Q	u_e203_cpu.u_e203_core.u_e203_ifu.u_e203_ifu_ifetch.pc_newpend_dfflr.qout_r$_DFFE_PN0P_/D
414	-0.4909	u_eI_cpu.u_eJ_core.u_eK_exu.u_eL_exu_oitf.depth_gtM.ret_ptr_flg_dfflrs.qout_r	extIitcm_icb_cmd_ready	u_e203_cpu.u_e203_core.u_e203_exu.u_e203_exu_oitf.depth_gt1.ret_ptr_flg_dfflrs.qout_r$_DFFE_PN0P_/Q	ext2itcm_icb_cmd_ready
415	-0.4903	u_eI_cpu.u_eJ_core.u_eK_lsu.u_eL_lsu_ctrl.u_lsu_icb_arbt.arbt_num_gt_M_gen.dp_N.u_sirv_gnrl_rspid_fifo.dp_gt_O.vld_dfflr.qout_r	extIitcm_icb_cmd_ready	u_e203_cpu.u_e203_core.u_e203_lsu.u_e203_lsu_ctrl.u_lsu_icb_arbt.arbt_num_gt_1_gen.dp_1.u_sirv_gnrl_rspid_fifo.dp_gt_0.vld_dfflr.qout_r$_DFFE_PN0P_/Q	ext2itcm_icb_cmd_ready
416	-0.4900	u_eI_cpu.u_eJ_core.u_eK_lsu.u_eL_lsu_ctrl.u_eM_lsu_splt_stage.dp_gt_N.vld_dfflr.qout_r	cmt_dcause[I]	u_e203_cpu.u_e203_core.u_e203_lsu.u_e203_lsu_ctrl.u_e203_lsu_splt_stage.dp_gt_0.vld_dfflr.qout_r$_DFFE_PN0P_/Q	cmt_dcause[0]
417	-0.4896	u_eI_cpu.u_eJ_core.u_eK_lsu.u_eL_lsu_ctrl.u_eM_lsu_splt_stage.dp_gt_N.dat_dfflr.qout_r[O]	cmt_dcause_ena	u_e203_cpu.u_e203_core.u_e203_lsu.u_e203_lsu_ctrl.u_e203_lsu_splt_stage.dp_gt_0.dat_dfflr.qout_r[43]$_DFFE_PP_/Q	cmt_dcause_ena
418	-0.4893	u_eI_cpu.u_eJ_core.u_eK_ifu.u_eL_ifu_ifetch.ifu_hi_ir_dfflr.qout_r[M]	u_eI_cpu.u_eJ_dtcm_ctrl.u_sram_icb_ctrl.u_byp_icb_cmd_buf.u_bypbuf_fifo.dp_gtK.fifo_rf[L].fifo_rf_dffl.qout_r[M]	u_e203_cpu.u_e203_core.u_e203_ifu.u_e203_ifu_ifetch.ifu_hi_ir_dfflr.qout_r[15]$_DFFE_PN0P_/Q	u_e203_cpu.u_e203_dtcm_ctrl.u_sram_icb_ctrl.u_byp_icb_cmd_buf.u_bypbuf_fifo.dp_gt0.fifo_rf[0].fifo_rf_dffl.qout_r[1]$_DFFE_PP_/D
419	-0.4891	u_eI_cpu.u_eJ_core.u_eK_ifu.u_eL_ifu_ifetch.ifu_hi_ir_dfflr.qout_r[M]	u_eI_cpu.u_eJ_clk_ctrl.u_biu_clkgate.enb	u_e203_cpu.u_e203_core.u_e203_ifu.u_e203_ifu_ifetch.ifu_hi_ir_dfflr.qout_r[15]$_DFFE_PN0P_/Q	u_e203_cpu.u_e203_clk_ctrl.u_biu_clkgate.enb$_DLATCH_N_/D
420	-0.4891	dbg_halt_r	u_eI_cpu.u_eJ_core.u_eK_exu.u_eL_exu_oitf.oitf_entries[M].pc_dfflrs.qout_r[N]	dbg_halt_r	u_e203_cpu.u_e203_core.u_e203_exu.u_e203_exu_oitf.oitf_entries[0].pc_dfflrs.qout_r[10]$_DFFE_PP_/D
421	-0.4891	dbg_halt_r	u_eI_cpu.u_eJ_core.u_eK_exu.u_eL_exu_oitf.oitf_entries[M].rdwen_dfflrs.qout_r	dbg_halt_r	u_e203_cpu.u_e203_core.u_e203_exu.u_e203_exu_oitf.oitf_entries[0].rdwen_dfflrs.qout_r$_DFFE_PP_/D
422	-0.4881	u_eI_cpu.u_eJ_core.u_eK_exu.u_eL_exu_csr.mie_dfflr.qout_r[M]	extIitcm_icb_cmd_ready	u_e203_cpu.u_e203_core.u_e203_exu.u_e203_exu_csr.mie_dfflr.qout_r[7]$_DFFE_PN0P_/Q	ext2itcm_icb_cmd_ready
423	-0.4879	dbg_step_r	u_eI_cpu.u_eJ_clk_ctrl.dtcm_active_dffr.qout_r	dbg_step_r	u_e203_cpu.u_e203_clk_ctrl.dtcm_active_dffr.qout_r$_DFF_PN0_/D
424	-0.4877	u_eI_cpu.u_eJ_core.u_eK_ifu.u_eL_ifu_ifetch.ir_rsMidx_dfflr.qout_r[N]	u_eI_cpu.u_eJ_itcm_ctrl.u_sram_icb_ctrl.u_sirv_Kcyc_sram_ctrl.u_eL_stage.dp_gt_M.dat_dfflr.qout_r[N]	u_e203_cpu.u_e203_core.u_e203_ifu.u_e203_ifu_ifetch.ir_rs2idx_dfflr.qout_r[3]$_DFFE_PN0P_/Q	u_e203_cpu.u_e203_itcm_ctrl.u_sram_icb_ctrl.u_sirv_1cyc_sram_ctrl.u_e1_stage.dp_gt_0.dat_dfflr.qout_r[1]$_DFFE_PP_/D
425	-0.4875	u_eI_cpu.u_eJ_irq_sync.master_gen.u_ext_irq_sync.sync_gen[K].i_is_not_L.sync_dffr.qout_r	extIdtcm_icb_cmd_ready	u_e203_cpu.u_e203_irq_sync.master_gen.u_ext_irq_sync.sync_gen[1].i_is_not_0.sync_dffr.qout_r$_DFF_PN0_/Q	ext2dtcm_icb_cmd_ready
426	-0.4875	u_eI_cpu.u_eJ_core.u_eK_ifu.u_eL_ifu_ifetch.ifu_hi_ir_dfflr.qout_r[M]	u_eI_cpu.u_eJ_core.u_eK_ifu.u_eL_ifu_ifetch.ifu_prdt_taken_dfflr.qout_r	u_e203_cpu.u_e203_core.u_e203_ifu.u_e203_ifu_ifetch.ifu_hi_ir_dfflr.qout_r[15]$_DFFE_PN0P_/Q	u_e203_cpu.u_e203_core.u_e203_ifu.u_e203_ifu_ifetch.ifu_prdt_taken_dfflr.qout_r$_DFFE_PN0P_/D
427	-0.4873	u_eI_cpu.u_eJ_core.u_eK_ifu.u_eL_ifu_ifetch.ir_rsMidx_dfflr.qout_r[N]	u_eI_cpu.u_eJ_core.u_eK_ifu.u_eL_ifu_iftMicb.u_eN_ifetch_rsp_bypbuf.u_bypbuf_fifo.dp_gtO.vec_P_dfflrs.qout_r	u_e203_cpu.u_e203_core.u_e203_ifu.u_e203_ifu_ifetch.ir_rs2idx_dfflr.qout_r[3]$_DFFE_PN0P_/Q	u_e203_cpu.u_e203_core.u_e203_ifu.u_e203_ifu_ift2icb.u_e203_ifetch_rsp_bypbuf.u_bypbuf_fifo.dp_gt0.vec_0_dfflrs.qout_r$_DFFE_PN1P_/D
428	-0.4870	dbg_halt_r	u_eI_cpu.u_eJ_clk_ctrl.u_dtcm_clkgate.enb	dbg_halt_r	u_e203_cpu.u_e203_clk_ctrl.u_dtcm_clkgate.enb$_DLATCH_N_/D
429	-0.4864	u_eI_cpu.u_eJ_core.u_eK_ifu.u_eL_ifu_ifetch.ir_rsMidx_dfflr.qout_r[N]	u_eI_cpu.u_eJ_core.u_eK_ifu.u_eL_ifu_iftMicb.icbNmem_dfflr.qout_r	u_e203_cpu.u_e203_core.u_e203_ifu.u_e203_ifu_ifetch.ir_rs2idx_dfflr.qout_r[3]$_DFFE_PN0P_/Q	u_e203_cpu.u_e203_core.u_e203_ifu.u_e203_ifu_ift2icb.icb2mem_dfflr.qout_r$_DFFE_PN0P_/D
430	-0.4861	u_eI_cpu.u_eJ_core.u_eK_ifu.u_eL_ifu_ifetch.ifu_hi_ir_dfflr.qout_r[M]	u_eI_cpu.u_eJ_itcm_ctrl.u_sram_icb_ctrl.u_sirv_Kcyc_sram_ctrl.u_eL_stage.dp_gt_M.vld_dfflr.qout_r	u_e203_cpu.u_e203_core.u_e203_ifu.u_e203_ifu_ifetch.ifu_hi_ir_dfflr.qout_r[15]$_DFFE_PN0P_/Q	u_e203_cpu.u_e203_itcm_ctrl.u_sram_icb_ctrl.u_sirv_1cyc_sram_ctrl.u_e1_stage.dp_gt_0.vld_dfflr.qout_r$_DFFE_PN0P_/D
431	-0.4859	dbg_halt_r	u_eI_cpu.u_eJ_core.u_eK_exu.u_eL_exu_oitf.oitf_entries[M].rdidx_dfflrs.qout_r[N]	dbg_halt_r	u_e203_cpu.u_e203_core.u_e203_exu.u_e203_exu_oitf.oitf_entries[1].rdidx_dfflrs.qout_r[3]$_DFFE_PP_/D
432	-0.4851	dbg_halt_r	u_eI_cpu.u_eJ_itcm_ctrl.u_itcm_icb_extKitcm_nLw.fifo_dp_M.u_sirv_gnrl_nNw_fifo.dp_gt_O.dat_dfflr.qout_r	dbg_halt_r	u_e203_cpu.u_e203_itcm_ctrl.u_itcm_icb_ext2itcm_n2w.fifo_dp_1.u_sirv_gnrl_n2w_fifo.dp_gt_0.dat_dfflr.qout_r$_DFFE_PP_/D
433	-0.4809	dbg_step_r	u_eI_cpu.u_eJ_core.u_eK_exu.u_eL_exu_csr.badaddr_dfflr.qout_r[M]	dbg_step_r	u_e203_cpu.u_e203_core.u_e203_exu.u_e203_exu_csr.badaddr_dfflr.qout_r[10]$_DFFE_PN0P_/D
434	-0.4807	u_eI_cpu.u_eJ_core.u_eK_exu.u_eL_exu_commit.u_eM_exu_excp.step_req_dfflr.qout_r	extIdtcm_icb_cmd_ready	u_e203_cpu.u_e203_core.u_e203_exu.u_e203_exu_commit.u_e203_exu_excp.step_req_dfflr.qout_r$_DFFE_PN0P_/Q	ext2dtcm_icb_cmd_ready
435	-0.4807	u_eI_cpu.u_eJ_irq_sync.master_gen.u_tmr_irq_sync.sync_gen[K].i_is_not_L.sync_dffr.qout_r	extIitcm_icb_cmd_ready	u_e203_cpu.u_e203_irq_sync.master_gen.u_tmr_irq_sync.sync_gen[1].i_is_not_0.sync_dffr.qout_r$_DFF_PN0_/Q	ext2itcm_icb_cmd_ready
436	-0.4798	u_eI_cpu.u_eJ_core.u_eK_ifu.u_eL_ifu_ifetch.ir_rsMidx_dfflr.qout_r[N]	u_eI_cpu.u_eJ_core.u_eK_ifu.u_eL_ifu_ifetch.ir_rsMidx_dfflr.qout_r[N]	u_e203_cpu.u_e203_core.u_e203_ifu.u_e203_ifu_ifetch.ir_rs2idx_dfflr.qout_r[3]$_DFFE_PN0P_/Q	u_e203_cpu.u_e203_core.u_e203_ifu.u_e203_ifu_ifetch.ir_rs2idx_dfflr.qout_r[1]$_DFFE_PN0P_/D
437	-0.4795	u_eI_cpu.u_eJ_core.u_eK_ifu.u_eL_ifu_ifetch.ifu_lo_ir_dfflr.qout_r[M]	u_eI_cpu.u_eJ_core.u_eK_exu.u_eL_exu_csr.minstret_dfflr.qout_r[M]	u_e203_cpu.u_e203_core.u_e203_ifu.u_e203_ifu_ifetch.ifu_lo_ir_dfflr.qout_r[11]$_DFFE_PN0P_/Q	u_e203_cpu.u_e203_core.u_e203_exu.u_e203_exu_csr.minstret_dfflr.qout_r[29]$_DFFE_PN0P_/D
438	-0.4790	dbg_halt_r	u_eI_cpu.u_eJ_itcm_ctrl.u_itcm_icb_extKitcm_nLw.fifo_dp_M.u_sirv_gnrl_nNw_fifo.dp_gt_O.vld_dfflr.qout_r	dbg_halt_r	u_e203_cpu.u_e203_itcm_ctrl.u_itcm_icb_ext2itcm_n2w.fifo_dp_1.u_sirv_gnrl_n2w_fifo.dp_gt_0.vld_dfflr.qout_r$_DFFE_PN0P_/D
439	-0.4788	dbg_halt_r	u_eI_cpu.u_eJ_itcm_ctrl.u_itcm_icb_arbt.arbt_num_gt_K_gen.dp_L.u_sirv_gnrl_rspid_fifo.dp_gt_M.dat_dfflr.qout_r	dbg_halt_r	u_e203_cpu.u_e203_itcm_ctrl.u_itcm_icb_arbt.arbt_num_gt_1_gen.dp_1.u_sirv_gnrl_rspid_fifo.dp_gt_0.dat_dfflr.qout_r$_DFFE_PP_/D
440	-0.4786	u_eI_cpu.u_eJ_core.u_eK_ifu.u_eL_ifu_ifetch.ifu_hi_ir_dfflr.qout_r[M]	u_eI_cpu.u_eJ_itcm_ctrl.u_sram_icb_ctrl.u_sirv_Kcyc_sram_ctrl.u_ram_clkgate.enb	u_e203_cpu.u_e203_core.u_e203_ifu.u_e203_ifu_ifetch.ifu_hi_ir_dfflr.qout_r[15]$_DFFE_PN0P_/Q	u_e203_cpu.u_e203_itcm_ctrl.u_sram_icb_ctrl.u_sirv_1cyc_sram_ctrl.u_ram_clkgate.enb$_DLATCH_N_/D
441	-0.4754	u_eI_cpu.u_eJ_irq_sync.master_gen.u_sft_irq_sync.sync_gen[K].i_is_not_L.sync_dffr.qout_r	extIitcm_icb_cmd_ready	u_e203_cpu.u_e203_irq_sync.master_gen.u_sft_irq_sync.sync_gen[1].i_is_not_0.sync_dffr.qout_r$_DFF_PN0_/Q	ext2itcm_icb_cmd_ready
442	-0.4749	u_eI_cpu.u_eJ_core.u_eK_ifu.u_eL_ifu_ifetch.ir_rsMidx_dfflr.qout_r[N]	u_eI_cpu.u_eJ_core.u_eK_ifu.u_eL_ifu_ifetch.out_flag_dfflr.qout_r	u_e203_cpu.u_e203_core.u_e203_ifu.u_e203_ifu_ifetch.ir_rs2idx_dfflr.qout_r[3]$_DFFE_PN0P_/Q	u_e203_cpu.u_e203_core.u_e203_ifu.u_e203_ifu_ifetch.out_flag_dfflr.qout_r$_DFFE_PN0P_/D
443	-0.4740	dbg_halt_r	u_eI_cpu.u_eJ_core.u_eK_exu.u_eL_exu_csr.mtvec_dfflr.qout_r[M]	dbg_halt_r	u_e203_cpu.u_e203_core.u_e203_exu.u_e203_exu_csr.mtvec_dfflr.qout_r[10]$_DFFE_PN0P_/D
444	-0.4739	dbg_halt_r	u_eI_cpu.u_eJ_dtcm_ctrl.u_dtcm_icb_arbt.arbt_num_gt_K_gen.dp_L.u_sirv_gnrl_rspid_fifo.dp_gt_M.vld_dfflr.qout_r	dbg_halt_r	u_e203_cpu.u_e203_dtcm_ctrl.u_dtcm_icb_arbt.arbt_num_gt_1_gen.dp_1.u_sirv_gnrl_rspid_fifo.dp_gt_0.vld_dfflr.qout_r$_DFFE_PN0P_/D
445	-0.4739	dbg_step_r	u_eI_cpu.u_eJ_core.u_eK_exu.u_eL_exu_oitf.oitf_entries[M].vld_dfflrs.qout_r	dbg_step_r	u_e203_cpu.u_e203_core.u_e203_exu.u_e203_exu_oitf.oitf_entries[1].vld_dfflrs.qout_r$_DFFE_PN0P_/D
446	-0.4736	u_eI_cpu.u_eJ_core.u_eK_ifu.u_eL_ifu_ifetch.ir_rsMidx_dfflr.qout_r[N]	u_eI_cpu.u_eJ_core.u_eK_ifu.u_eL_ifu_ifetch.ifu_err_dfflr.qout_r	u_e203_cpu.u_e203_core.u_e203_ifu.u_e203_ifu_ifetch.ir_rs2idx_dfflr.qout_r[3]$_DFFE_PN0P_/Q	u_e203_cpu.u_e203_core.u_e203_ifu.u_e203_ifu_ifetch.ifu_err_dfflr.qout_r$_DFFE_PN0P_/D
447	-0.4736	u_eI_cpu.u_eJ_core.u_eK_ifu.u_eL_ifu_ifetch.ir_rsMidx_dfflr.qout_r[N]	u_eI_cpu.u_eJ_core.u_eK_ifu.u_eL_ifu_ifetch.ifu_lo_ir_dfflr.qout_r[M]	u_e203_cpu.u_e203_core.u_e203_ifu.u_e203_ifu_ifetch.ir_rs2idx_dfflr.qout_r[3]$_DFFE_PN0P_/Q	u_e203_cpu.u_e203_core.u_e203_ifu.u_e203_ifu_ifetch.ifu_lo_ir_dfflr.qout_r[0]$_DFFE_PN0P_/D
448	-0.4736	u_eI_cpu.u_eJ_core.u_eK_ifu.u_eL_ifu_ifetch.ir_rsMidx_dfflr.qout_r[N]	u_eI_cpu.u_eJ_core.u_eK_ifu.u_eL_ifu_ifetch.ir_muldiv_bMb_dfflr.qout_r	u_e203_cpu.u_e203_core.u_e203_ifu.u_e203_ifu_ifetch.ir_rs2idx_dfflr.qout_r[3]$_DFFE_PN0P_/Q	u_e203_cpu.u_e203_core.u_e203_ifu.u_e203_ifu_ifetch.ir_muldiv_b2b_dfflr.qout_r$_DFFE_PN0P_/D
449	-0.4735	u_eI_cpu.u_eJ_core.u_eK_exu.u_eL_exu_regfile.regfile[M].rfnoN.rf_dffl.qout_r[O]	cmt_dcause[I]	u_e203_cpu.u_e203_core.u_e203_exu.u_e203_exu_regfile.regfile[13].rfno0.rf_dffl.qout_r[31]$_DFFE_PP_/Q	cmt_dcause[0]
450	-0.4734	u_eI_cpu.u_eJ_core.u_eK_lsu.u_eL_lsu_ctrl.u_lsu_icb_arbt.arbt_num_gt_M_gen.dp_N.u_sirv_gnrl_rspid_fifo.dp_gt_O.dat_dfflr.qout_r	extIitcm_icb_cmd_ready	u_e203_cpu.u_e203_core.u_e203_lsu.u_e203_lsu_ctrl.u_lsu_icb_arbt.arbt_num_gt_1_gen.dp_1.u_sirv_gnrl_rspid_fifo.dp_gt_0.dat_dfflr.qout_r$_DFFE_PP_/Q	ext2itcm_icb_cmd_ready
451	-0.4711	dbg_step_r	u_eI_cpu.u_eJ_core.u_eK_exu.u_eL_exu_csr.mcycleh_dfflr.qout_r[M]	dbg_step_r	u_e203_cpu.u_e203_core.u_e203_exu.u_e203_exu_csr.mcycleh_dfflr.qout_r[10]$_DFFE_PN0P_/D
452	-0.4708	dbg_halt_r	u_eI_cpu.u_eJ_core.u_eK_exu.u_eL_exu_alu.u_eM_exu_alu_lsuagu.icb_state_dfflr.qout_r[N]	dbg_halt_r	u_e203_cpu.u_e203_core.u_e203_exu.u_e203_exu_alu.u_e203_exu_alu_lsuagu.icb_state_dfflr.qout_r[2]$_DFFE_PN0P_/D
453	-0.4707	dbg_step_r	u_eI_cpu.u_eJ_core.u_eK_exu.u_eL_exu_csr.epc_dfflr.qout_r[M]	dbg_step_r	u_e203_cpu.u_e203_core.u_e203_exu.u_e203_exu_csr.epc_dfflr.qout_r[10]$_DFFE_PN0P_/D
454	-0.4680	dbg_step_r	u_eI_cpu.u_eJ_core.u_eK_exu.u_eL_exu_alu.u_eM_exu_alu_muldiv.muldiv_state_dfflr.qout_r[N]	dbg_step_r	u_e203_cpu.u_e203_core.u_e203_exu.u_e203_exu_alu.u_e203_exu_alu_muldiv.muldiv_state_dfflr.qout_r[2]$_DFFE_PN0P_/D
455	-0.4678	u_eI_cpu.u_eJ_core.u_eK_ifu.u_eL_ifu_ifetch.ifu_hi_ir_dfflr.qout_r[M]	u_eI_cpu.u_eJ_core.u_eK_exu.u_eL_exu_alu.u_eM_exu_alu_dpath.sbf_N_dffl.qout_r[O]	u_e203_cpu.u_e203_core.u_e203_ifu.u_e203_ifu_ifetch.ifu_hi_ir_dfflr.qout_r[15]$_DFFE_PN0P_/Q	u_e203_cpu.u_e203_core.u_e203_exu.u_e203_exu_alu.u_e203_exu_alu_dpath.sbf_1_dffl.qout_r[10]$_DFFE_PP_/D
456	-0.4676	dbg_step_r	u_eI_cpu.u_eJ_core.u_eK_exu.u_eL_exu_oitf.depth_gtM.alc_ptr_dfflrs.qout_r	dbg_step_r	u_e203_cpu.u_e203_core.u_e203_exu.u_e203_exu_oitf.depth_gt1.alc_ptr_dfflrs.qout_r$_DFFE_PN0P_/D
457	-0.4667	dbg_mode	u_eI_cpu.u_eJ_core.u_eK_exu.u_eL_exu_alu.u_eM_exu_alu_lsuagu.icb_leftover_err_dfflr.qout_r	dbg_mode	u_e203_cpu.u_e203_core.u_e203_exu.u_e203_exu_alu.u_e203_exu_alu_lsuagu.icb_leftover_err_dfflr.qout_r$_DFFE_PN0P_/D
458	-0.4664	u_eI_cpu.u_eJ_core.u_eK_ifu.u_eL_ifu_ifetch.ifu_prdt_taken_dfflr.qout_r	extIitcm_icb_cmd_ready	u_e203_cpu.u_e203_core.u_e203_ifu.u_e203_ifu_ifetch.ifu_prdt_taken_dfflr.qout_r$_DFFE_PN0P_/Q	ext2itcm_icb_cmd_ready
459	-0.4662	u_eI_cpu.u_eJ_core.u_eK_ifu.u_eL_ifu_ifetch.ifu_hi_ir_dfflr.qout_r[M]	u_eI_cpu.u_eJ_core.u_eK_ifu.u_eL_ifu_ifetch.dly_flush_dfflr.qout_r	u_e203_cpu.u_e203_core.u_e203_ifu.u_e203_ifu_ifetch.ifu_hi_ir_dfflr.qout_r[15]$_DFFE_PN0P_/Q	u_e203_cpu.u_e203_core.u_e203_ifu.u_e203_ifu_ifetch.dly_flush_dfflr.qout_r$_DFFE_PN0P_/D
460	-0.4651	u_eI_cpu.u_eJ_core.u_eK_ifu.u_eL_ifu_ifetch.ir_rsMidx_dfflr.qout_r[N]	u_eI_cpu.u_eJ_dtcm_ctrl.u_sram_icb_ctrl.u_byp_icb_cmd_buf.u_bypbuf_fifo.dp_gtK.fifo_rf[L].fifo_rf_dffl.qout_r[M]	u_e203_cpu.u_e203_core.u_e203_ifu.u_e203_ifu_ifetch.ir_rs2idx_dfflr.qout_r[3]$_DFFE_PN0P_/Q	u_e203_cpu.u_e203_dtcm_ctrl.u_sram_icb_ctrl.u_byp_icb_cmd_buf.u_bypbuf_fifo.dp_gt0.fifo_rf[0].fifo_rf_dffl.qout_r[1]$_DFFE_PP_/D
461	-0.4649	u_eI_cpu.u_eJ_core.u_eK_ifu.u_eL_ifu_ifetch.ir_rsMidx_dfflr.qout_r[N]	u_eI_cpu.u_eJ_clk_ctrl.u_biu_clkgate.enb	u_e203_cpu.u_e203_core.u_e203_ifu.u_e203_ifu_ifetch.ir_rs2idx_dfflr.qout_r[3]$_DFFE_PN0P_/Q	u_e203_cpu.u_e203_clk_ctrl.u_biu_clkgate.enb$_DLATCH_N_/D
462	-0.4640	dbg_halt_r	u_eI_cpu.u_eJ_clk_ctrl.dtcm_active_dffr.qout_r	dbg_halt_r	u_e203_cpu.u_e203_clk_ctrl.dtcm_active_dffr.qout_r$_DFF_PN0_/D
463	-0.4633	u_eI_cpu.u_eJ_core.u_eK_ifu.u_eL_ifu_ifetch.ir_rsMidx_dfflr.qout_r[N]	u_eI_cpu.u_eJ_core.u_eK_ifu.u_eL_ifu_ifetch.ifu_prdt_taken_dfflr.qout_r	u_e203_cpu.u_e203_core.u_e203_ifu.u_e203_ifu_ifetch.ir_rs2idx_dfflr.qout_r[3]$_DFFE_PN0P_/Q	u_e203_cpu.u_e203_core.u_e203_ifu.u_e203_ifu_ifetch.ifu_prdt_taken_dfflr.qout_r$_DFFE_PN0P_/D
464	-0.4630	u_eI_cpu.u_eJ_core.u_eK_ifu.u_eL_ifu_ifetch.ifu_hi_ir_dfflr.qout_r[M]	u_eI_cpu.u_eJ_itcm_ctrl.ifu_holdup_dffl.qout_r	u_e203_cpu.u_e203_core.u_e203_ifu.u_e203_ifu_ifetch.ifu_hi_ir_dfflr.qout_r[15]$_DFFE_PN0P_/Q	u_e203_cpu.u_e203_itcm_ctrl.ifu_holdup_dffl.qout_r$_DFFE_PN0P_/D
465	-0.4625	dbg_halt_r	u_eI_cpu.u_eJ_core.u_eK_exu.u_eL_exu_csr.epc_dfflr.qout_r[M]	dbg_halt_r	u_e203_cpu.u_e203_core.u_e203_exu.u_e203_exu_csr.epc_dfflr.qout_r[14]$_DFFE_PN0P_/D
466	-0.4620	u_eI_cpu.u_eJ_core.u_eK_ifu.u_eL_ifu_ifetch.ir_rsMidx_dfflr.qout_r[N]	u_eI_cpu.u_eJ_itcm_ctrl.u_sram_icb_ctrl.u_sirv_Kcyc_sram_ctrl.u_eL_stage.dp_gt_M.vld_dfflr.qout_r	u_e203_cpu.u_e203_core.u_e203_ifu.u_e203_ifu_ifetch.ir_rs2idx_dfflr.qout_r[3]$_DFFE_PN0P_/Q	u_e203_cpu.u_e203_itcm_ctrl.u_sram_icb_ctrl.u_sirv_1cyc_sram_ctrl.u_e1_stage.dp_gt_0.vld_dfflr.qout_r$_DFFE_PN0P_/D
467	-0.4594	u_eI_cpu.u_eJ_core.u_eK_exu.u_eL_exu_alu.u_eM_exu_alu_muldiv.exec_cnt_dfflr.qout_r[N]	extIitcm_icb_cmd_ready	u_e203_cpu.u_e203_core.u_e203_exu.u_e203_exu_alu.u_e203_exu_alu_muldiv.exec_cnt_dfflr.qout_r[3]$_DFFE_PN0P_/Q	ext2itcm_icb_cmd_ready
468	-0.4593	u_eI_cpu.u_eJ_core.u_eK_ifu.u_eL_ifu_ifetch.ifu_hi_ir_dfflr.qout_r[M]	u_eI_cpu.u_eJ_core.u_eK_ifu.u_eL_ifu_ifetch.ir_valid_dfflr.qout_r	u_e203_cpu.u_e203_core.u_e203_ifu.u_e203_ifu_ifetch.ifu_hi_ir_dfflr.qout_r[15]$_DFFE_PN0P_/Q	u_e203_cpu.u_e203_core.u_e203_ifu.u_e203_ifu_ifetch.ir_valid_dfflr.qout_r$_DFFE_PN0P_/D
469	-0.4570	dbg_halt_r	u_eI_cpu.u_eJ_core.u_eK_exu.u_eL_exu_csr.badaddr_dfflr.qout_r[M]	dbg_halt_r	u_e203_cpu.u_e203_core.u_e203_exu.u_e203_exu_csr.badaddr_dfflr.qout_r[10]$_DFFE_PN0P_/D
470	-0.4544	u_eI_cpu.u_eJ_core.u_eK_ifu.u_eL_ifu_ifetch.ir_rsMidx_dfflr.qout_r[N]	u_eI_cpu.u_eJ_itcm_ctrl.u_sram_icb_ctrl.u_sirv_Kcyc_sram_ctrl.u_ram_clkgate.enb	u_e203_cpu.u_e203_core.u_e203_ifu.u_e203_ifu_ifetch.ir_rs2idx_dfflr.qout_r[3]$_DFFE_PN0P_/Q	u_e203_cpu.u_e203_itcm_ctrl.u_sram_icb_ctrl.u_sirv_1cyc_sram_ctrl.u_ram_clkgate.enb$_DLATCH_N_/D
471	-0.4527	dbg_step_r	u_eI_cpu.u_eJ_itcm_ctrl.u_itcm_icb_lsuKitcm_nLw.fifo_dp_M.u_sirv_gnrl_nNw_fifo.dp_gt_O.dat_dfflr.qout_r	dbg_step_r	u_e203_cpu.u_e203_itcm_ctrl.u_itcm_icb_lsu2itcm_n2w.fifo_dp_1.u_sirv_gnrl_n2w_fifo.dp_gt_0.dat_dfflr.qout_r$_DFFE_PP_/D
472	-0.4500	dbg_halt_r	u_eI_cpu.u_eJ_core.u_eK_exu.u_eL_exu_oitf.oitf_entries[M].vld_dfflrs.qout_r	dbg_halt_r	u_e203_cpu.u_e203_core.u_e203_exu.u_e203_exu_oitf.oitf_entries[1].vld_dfflrs.qout_r$_DFFE_PN0P_/D
473	-0.4492	u_eI_cpu.u_eJ_irq_sync.master_gen.u_dbg_irq_sync.sync_gen[K].i_is_not_L.sync_dffr.qout_r	extIitcm_icb_cmd_ready	u_e203_cpu.u_e203_irq_sync.master_gen.u_dbg_irq_sync.sync_gen[1].i_is_not_0.sync_dffr.qout_r$_DFF_PN0_/Q	ext2itcm_icb_cmd_ready
474	-0.4488	u_eI_cpu.u_eJ_core.u_eK_lsu.u_eL_lsu_ctrl.u_eM_lsu_splt_stage.dp_gt_N.dat_dfflr.qout_r[O]	cmt_dcause[I]	u_e203_cpu.u_e203_core.u_e203_lsu.u_e203_lsu_ctrl.u_e203_lsu_splt_stage.dp_gt_0.dat_dfflr.qout_r[43]$_DFFE_PP_/Q	cmt_dcause[0]
475	-0.4488	u_eI_cpu.u_eJ_core.u_eK_ifu.u_eL_ifu_ifetch.ifu_err_dfflr.qout_r	u_eI_cpu.u_eJ_core.u_eK_ifu.u_eL_ifu_iftMicb.leftover_dffl.qout_r[N]	u_e203_cpu.u_e203_core.u_e203_ifu.u_e203_ifu_ifetch.ifu_err_dfflr.qout_r$_DFFE_PN0P_/Q	u_e203_cpu.u_e203_core.u_e203_ifu.u_e203_ifu_ift2icb.leftover_dffl.qout_r[10]$_DFFE_PP_/D
476	-0.4472	dbg_halt_r	u_eI_cpu.u_eJ_core.u_eK_exu.u_eL_exu_csr.mcycleh_dfflr.qout_r[M]	dbg_halt_r	u_e203_cpu.u_e203_core.u_e203_exu.u_e203_exu_csr.mcycleh_dfflr.qout_r[10]$_DFFE_PN0P_/D
477	-0.4441	dbg_halt_r	u_eI_cpu.u_eJ_core.u_eK_exu.u_eL_exu_alu.u_eM_exu_alu_muldiv.muldiv_state_dfflr.qout_r[N]	dbg_halt_r	u_e203_cpu.u_e203_core.u_e203_exu.u_e203_exu_alu.u_e203_exu_alu_muldiv.muldiv_state_dfflr.qout_r[2]$_DFFE_PN0P_/D
478	-0.4437	dbg_halt_r	u_eI_cpu.u_eJ_core.u_eK_exu.u_eL_exu_oitf.depth_gtM.alc_ptr_dfflrs.qout_r	dbg_halt_r	u_e203_cpu.u_e203_core.u_e203_exu.u_e203_exu_oitf.depth_gt1.alc_ptr_dfflrs.qout_r$_DFFE_PN0P_/D
479	-0.4437	u_eI_cpu.u_eJ_core.u_eK_ifu.u_eL_ifu_ifetch.ir_rsMidx_dfflr.qout_r[N]	u_eI_cpu.u_eJ_core.u_eK_exu.u_eL_exu_alu.u_eM_exu_alu_dpath.sbf_N_dffl.qout_r[O]	u_e203_cpu.u_e203_core.u_e203_ifu.u_e203_ifu_ifetch.ir_rs2idx_dfflr.qout_r[3]$_DFFE_PN0P_/Q	u_e203_cpu.u_e203_core.u_e203_exu.u_e203_exu_alu.u_e203_exu_alu_dpath.sbf_1_dffl.qout_r[10]$_DFFE_PP_/D
480	-0.4432	u_eI_cpu.u_eJ_irq_sync.master_gen.u_ext_irq_sync.sync_gen[K].i_is_not_L.sync_dffr.qout_r	extIitcm_icb_cmd_ready	u_e203_cpu.u_e203_irq_sync.master_gen.u_ext_irq_sync.sync_gen[1].i_is_not_0.sync_dffr.qout_r$_DFF_PN0_/Q	ext2itcm_icb_cmd_ready
481	-0.4428	u_eI_cpu.u_eJ_core.u_eK_exu.u_eL_exu_alu.u_eM_exu_alu_lsuagu.icb_state_dfflr.qout_r[N]	cmt_dcause_ena	u_e203_cpu.u_e203_core.u_e203_exu.u_e203_exu_alu.u_e203_exu_alu_lsuagu.icb_state_dfflr.qout_r[2]$_DFFE_PN0P_/Q	cmt_dcause_ena
482	-0.4426	dbg_step_r	u_eI_cpu.u_eJ_core.u_eK_exu.u_eL_exu_oitf.depth_gtM.alc_ptr_flg_dfflrs.qout_r	dbg_step_r	u_e203_cpu.u_e203_core.u_e203_exu.u_e203_exu_oitf.depth_gt1.alc_ptr_flg_dfflrs.qout_r$_DFFE_PN0P_/D
483	-0.4421	u_eI_cpu.u_eJ_core.u_eK_ifu.u_eL_ifu_ifetch.ir_rsMidx_dfflr.qout_r[N]	u_eI_cpu.u_eJ_core.u_eK_ifu.u_eL_ifu_ifetch.dly_flush_dfflr.qout_r	u_e203_cpu.u_e203_core.u_e203_ifu.u_e203_ifu_ifetch.ir_rs2idx_dfflr.qout_r[3]$_DFFE_PN0P_/Q	u_e203_cpu.u_e203_core.u_e203_ifu.u_e203_ifu_ifetch.dly_flush_dfflr.qout_r$_DFFE_PN0P_/D
484	-0.4401	u_eI_cpu.u_eJ_core.u_eK_ifu.u_eL_ifu_ifetch.ifu_hi_ir_dfflr.qout_r[M]	u_eI_cpu.u_eJ_core.u_eK_exu.u_eL_exu_csr.minstret_dfflr.qout_r[M]	u_e203_cpu.u_e203_core.u_e203_ifu.u_e203_ifu_ifetch.ifu_hi_ir_dfflr.qout_r[15]$_DFFE_PN0P_/Q	u_e203_cpu.u_e203_core.u_e203_exu.u_e203_exu_csr.minstret_dfflr.qout_r[29]$_DFFE_PN0P_/D
485	-0.4401	dbg_halt_r	u_eI_cpu.u_eJ_core.u_eK_exu.u_eL_exu_csr.cause_dfflr.qout_r[M]	dbg_halt_r	u_e203_cpu.u_e203_core.u_e203_exu.u_e203_exu_csr.cause_dfflr.qout_r[3]$_DFFE_PN0P_/D
486	-0.4389	u_eI_cpu.u_eJ_core.u_eK_ifu.u_eL_ifu_ifetch.ir_rsMidx_dfflr.qout_r[N]	u_eI_cpu.u_eJ_itcm_ctrl.ifu_holdup_dffl.qout_r	u_e203_cpu.u_e203_core.u_e203_ifu.u_e203_ifu_ifetch.ir_rs2idx_dfflr.qout_r[3]$_DFFE_PN0P_/Q	u_e203_cpu.u_e203_itcm_ctrl.ifu_holdup_dffl.qout_r$_DFFE_PN0P_/D
487	-0.4388	u_eI_cpu.u_eJ_core.u_eK_exu.u_eL_exu_csr.status_mie_dfflr.qout_r	extIdtcm_icb_cmd_ready	u_e203_cpu.u_e203_core.u_e203_exu.u_e203_exu_csr.status_mie_dfflr.qout_r$_DFFE_PN0P_/QN	ext2dtcm_icb_cmd_ready
488	-0.4367	u_eI_cpu.u_eJ_core.u_eK_ifu.u_eL_ifu_ifetch.ifu_lo_ir_dfflr.qout_r[M]	u_eI_cpu.u_eJ_core.u_eK_lsu.u_eL_lsu_ctrl.u_eM_lsu_splt_stage.dp_gt_N.dat_dfflr.qout_r[O]	u_e203_cpu.u_e203_core.u_e203_ifu.u_e203_ifu_ifetch.ifu_lo_ir_dfflr.qout_r[11]$_DFFE_PN0P_/Q	u_e203_cpu.u_e203_core.u_e203_lsu.u_e203_lsu_ctrl.u_e203_lsu_splt_stage.dp_gt_0.dat_dfflr.qout_r[39]$_DFFE_PP_/D
489	-0.4364	u_eI_cpu.u_eJ_core.u_eK_exu.u_eL_exu_commit.u_eM_exu_excp.step_req_dfflr.qout_r	extIitcm_icb_cmd_ready	u_e203_cpu.u_e203_core.u_e203_exu.u_e203_exu_commit.u_e203_exu_excp.step_req_dfflr.qout_r$_DFFE_PN0P_/Q	ext2itcm_icb_cmd_ready
490	-0.4352	dbg_step_r	u_eI_cpu.u_eJ_core.u_eK_exu.u_eL_exu_csr.mcycle_dfflr.qout_r[M]	dbg_step_r	u_e203_cpu.u_e203_core.u_e203_exu.u_e203_exu_csr.mcycle_dfflr.qout_r[10]$_DFFE_PN0P_/D
491	-0.4351	u_eI_cpu.u_eJ_core.u_eK_ifu.u_eL_ifu_ifetch.ir_rsMidx_dfflr.qout_r[N]	u_eI_cpu.u_eJ_core.u_eK_ifu.u_eL_ifu_ifetch.ir_valid_dfflr.qout_r	u_e203_cpu.u_e203_core.u_e203_ifu.u_e203_ifu_ifetch.ir_rs2idx_dfflr.qout_r[3]$_DFFE_PN0P_/Q	u_e203_cpu.u_e203_core.u_e203_ifu.u_e203_ifu_ifetch.ir_valid_dfflr.qout_r$_DFFE_PN0P_/D
492	-0.4349	dbg_step_r	u_eI_cpu.u_eJ_core.u_eK_exu.u_eL_exu_csr.cause_dfflr.qout_r[M]	dbg_step_r	u_e203_cpu.u_e203_core.u_e203_exu.u_e203_exu_csr.cause_dfflr.qout_r[3]$_DFFE_PN0P_/D
493	-0.4348	dbg_step_r	u_eI_cpu.u_eJ_itcm_ctrl.u_itcm_icb_arbt.arbt_num_gt_K_gen.dp_L.u_sirv_gnrl_rspid_fifo.dp_gt_M.vld_dfflr.qout_r	dbg_step_r	u_e203_cpu.u_e203_itcm_ctrl.u_itcm_icb_arbt.arbt_num_gt_1_gen.dp_1.u_sirv_gnrl_rspid_fifo.dp_gt_0.vld_dfflr.qout_r$_DFFE_PN0P_/D
494	-0.4344	u_eI_cpu.u_eJ_core.u_eK_ifu.u_eL_ifu_ifetch.ifu_lo_ir_dfflr.qout_r[M]	u_eI_cpu.u_eJ_core.u_eK_exu.u_eL_exu_alu.u_eM_exu_alu_dpath.sbf_N_dffl.qout_r[O]	u_e203_cpu.u_e203_core.u_e203_ifu.u_e203_ifu_ifetch.ifu_lo_ir_dfflr.qout_r[11]$_DFFE_PN0P_/Q	u_e203_cpu.u_e203_core.u_e203_exu.u_e203_exu_alu.u_e203_exu_alu_dpath.sbf_1_dffl.qout_r[32]$_SDFFCE_PN0P_/D
495	-0.4340	dbg_step_r	u_eI_cpu.u_eJ_core.u_eK_exu.u_eL_exu_alu.u_eM_exu_alu_muldiv.exec_cnt_dfflr.qout_r[N]	dbg_step_r	u_e203_cpu.u_e203_core.u_e203_exu.u_e203_exu_alu.u_e203_exu_alu_muldiv.exec_cnt_dfflr.qout_r[0]$_DFFE_PN0P_/D
496	-0.4304	u_eI_cpu.u_eJ_core.u_eK_biu.u_biu_icb_arbt.arbt_num_gt_L_gen.dp_M.u_sirv_gnrl_rspid_fifo.dp_gt_N.dat_dfflr.qout_r	cmt_dcause_ena	u_e203_cpu.u_e203_core.u_e203_biu.u_biu_icb_arbt.arbt_num_gt_1_gen.dp_1.u_sirv_gnrl_rspid_fifo.dp_gt_0.dat_dfflr.qout_r$_DFFE_PP_/Q	cmt_dcause_ena
497	-0.4288	dbg_halt_r	u_eI_cpu.u_eJ_itcm_ctrl.u_itcm_icb_lsuKitcm_nLw.fifo_dp_M.u_sirv_gnrl_nNw_fifo.dp_gt_O.dat_dfflr.qout_r	dbg_halt_r	u_e203_cpu.u_e203_itcm_ctrl.u_itcm_icb_lsu2itcm_n2w.fifo_dp_1.u_sirv_gnrl_n2w_fifo.dp_gt_0.dat_dfflr.qout_r$_DFFE_PP_/D
498	-0.4279	dbg_halt_r	u_eI_cpu.u_eJ_core.u_eK_exu.u_eL_exu_csr.status_mpie_dfflr.qout_r	dbg_halt_r	u_e203_cpu.u_e203_core.u_e203_exu.u_e203_exu_csr.status_mpie_dfflr.qout_r$_DFFE_PN0P_/D
499	-0.4279	u_eI_cpu.u_eJ_core.u_eK_exu.u_eL_exu_alu.u_eM_exu_alu_dpath.sbf_N_dffl.qout_r[O]	extIdtcm_icb_cmd_ready	u_e203_cpu.u_e203_core.u_e203_exu.u_e203_exu_alu.u_e203_exu_alu_dpath.sbf_0_dffl.qout_r[32]$_SDFFCE_PN0P_/Q	ext2dtcm_icb_cmd_ready
500	-0.4271	u_eI_cpu.u_eJ_core.u_eK_ifu.u_eL_ifu_ifetch.ifu_lo_ir_dfflr.qout_r[M]	u_eI_cpu.u_eJ_dtcm_ctrl.u_sram_icb_ctrl.u_byp_icb_cmd_buf.u_bypbuf_fifo.dp_gtK.vec_L_dfflrs.qout_r	u_e203_cpu.u_e203_core.u_e203_ifu.u_e203_ifu_ifetch.ifu_lo_ir_dfflr.qout_r[11]$_DFFE_PN0P_/Q	u_e203_cpu.u_e203_dtcm_ctrl.u_sram_icb_ctrl.u_byp_icb_cmd_buf.u_bypbuf_fifo.dp_gt0.vec_0_dfflrs.qout_r$_DFFE_PN1P_/D
501	-0.4251	u_eI_cpu.u_eJ_core.u_eK_biu.u_biu_icb_arbt.arbt_num_gt_L_gen.dp_M.u_sirv_gnrl_rspid_fifo.dp_gt_N.vld_dfflr.qout_r	cmt_dcause_ena	u_e203_cpu.u_e203_core.u_e203_biu.u_biu_icb_arbt.arbt_num_gt_1_gen.dp_1.u_sirv_gnrl_rspid_fifo.dp_gt_0.vld_dfflr.qout_r$_DFFE_PN0P_/Q	cmt_dcause_ena
502	-0.4227	dbg_step_r	u_eI_cpu.u_eJ_core.u_eK_exu.u_eL_exu_csr.status_mpie_dfflr.qout_r	dbg_step_r	u_e203_cpu.u_e203_core.u_e203_exu.u_e203_exu_csr.status_mpie_dfflr.qout_r$_DFFE_PN0P_/D
503	-0.4216	dbg_step_r	u_eI_cpu.u_eJ_core.u_eK_ifu.u_eL_ifu_ifetch.u_eM_ifu_litebpu.rsNxn_rdrf_dfflrs.qout_r	dbg_step_r	u_e203_cpu.u_e203_core.u_e203_ifu.u_e203_ifu_ifetch.u_e203_ifu_litebpu.rs1xn_rdrf_dfflrs.qout_r$_DFFE_PN0P_/D
504	-0.4216	dbg_step_r	u_eI_cpu.u_eJ_itcm_ctrl.u_itcm_icb_lsuKitcm_nLw.fifo_dp_M.u_sirv_gnrl_nNw_fifo.dp_gt_O.vld_dfflr.qout_r	dbg_step_r	u_e203_cpu.u_e203_itcm_ctrl.u_itcm_icb_lsu2itcm_n2w.fifo_dp_1.u_sirv_gnrl_n2w_fifo.dp_gt_0.vld_dfflr.qout_r$_DFFE_PN0P_/D
505	-0.4207	u_eI_cpu.u_eJ_core.u_eK_biu.u_sirv_gnrl_icb_buffer.u_sirv_gnrl_rsp_fifo.dp_gtL.vec_M_dfflr.qout_r	cmt_dcause_ena	u_e203_cpu.u_e203_core.u_e203_biu.u_sirv_gnrl_icb_buffer.u_sirv_gnrl_rsp_fifo.dp_gt0.vec_31_dfflr.qout_r$_DFFE_PN0P_/Q	cmt_dcause_ena
506	-0.4192	u_eI_cpu.u_eJ_core.u_eK_exu.u_eL_exu_alu.u_eM_exu_alu_muldiv.muldiv_state_dfflr.qout_r[N]	cmt_dcause_ena	u_e203_cpu.u_e203_core.u_e203_exu.u_e203_exu_alu.u_e203_exu_alu_muldiv.muldiv_state_dfflr.qout_r[1]$_DFFE_PN0P_/Q	cmt_dcause_ena
507	-0.4187	dbg_halt_r	u_eI_cpu.u_eJ_core.u_eK_exu.u_eL_exu_oitf.depth_gtM.alc_ptr_flg_dfflrs.qout_r	dbg_halt_r	u_e203_cpu.u_e203_core.u_e203_exu.u_e203_exu_oitf.depth_gt1.alc_ptr_flg_dfflrs.qout_r$_DFFE_PN0P_/D
508	-0.4186	u_eI_cpu.u_eJ_dtcm_ctrl.u_dtcm_icb_arbt.arbt_num_gt_K_gen.dp_L.u_sirv_gnrl_rspid_fifo.dp_gt_M.vld_dfflr.qout_r	cmt_dcause_ena	u_e203_cpu.u_e203_dtcm_ctrl.u_dtcm_icb_arbt.arbt_num_gt_1_gen.dp_1.u_sirv_gnrl_rspid_fifo.dp_gt_0.vld_dfflr.qout_r$_DFFE_PN0P_/Q	cmt_dcause_ena
509	-0.4173	u_eI_cpu.u_eJ_dtcm_ctrl.u_sram_icb_ctrl.u_sirv_Kcyc_sram_ctrl.u_eL_stage.dp_gt_M.vld_dfflr.qout_r	cmt_dcause_ena	u_e203_cpu.u_e203_dtcm_ctrl.u_sram_icb_ctrl.u_sirv_1cyc_sram_ctrl.u_e1_stage.dp_gt_0.vld_dfflr.qout_r$_DFFE_PN0P_/Q	cmt_dcause_ena
510	-0.4170	u_eI_cpu.u_eJ_itcm_ctrl.u_itcm_icb_arbt.arbt_num_gt_K_gen.dp_L.u_sirv_gnrl_rspid_fifo.dp_gt_M.dat_dfflr.qout_r	cmt_dcause_ena	u_e203_cpu.u_e203_itcm_ctrl.u_itcm_icb_arbt.arbt_num_gt_1_gen.dp_1.u_sirv_gnrl_rspid_fifo.dp_gt_0.dat_dfflr.qout_r$_DFFE_PP_/Q	cmt_dcause_ena
511	-0.4160	u_eI_cpu.u_eJ_core.u_eK_ifu.u_eL_ifu_ifetch.ir_rsMidx_dfflr.qout_r[N]	u_eI_cpu.u_eJ_core.u_eK_exu.u_eL_exu_csr.minstret_dfflr.qout_r[M]	u_e203_cpu.u_e203_core.u_e203_ifu.u_e203_ifu_ifetch.ir_rs2idx_dfflr.qout_r[3]$_DFFE_PN0P_/Q	u_e203_cpu.u_e203_core.u_e203_exu.u_e203_exu_csr.minstret_dfflr.qout_r[29]$_DFFE_PN0P_/D
512	-0.4142	u_eI_cpu.u_eJ_itcm_ctrl.u_sram_icb_ctrl.u_sirv_Kcyc_sram_ctrl.u_eL_stage.dp_gt_M.vld_dfflr.qout_r	cmt_dcause_ena	u_e203_cpu.u_e203_itcm_ctrl.u_sram_icb_ctrl.u_sirv_1cyc_sram_ctrl.u_e1_stage.dp_gt_0.vld_dfflr.qout_r$_DFFE_PN0P_/Q	cmt_dcause_ena
513	-0.4135	u_eI_cpu.u_eJ_itcm_ctrl.u_itcm_icb_arbt.arbt_num_gt_K_gen.dp_L.u_sirv_gnrl_rspid_fifo.dp_gt_M.vld_dfflr.qout_r	cmt_dcause_ena	u_e203_cpu.u_e203_itcm_ctrl.u_itcm_icb_arbt.arbt_num_gt_1_gen.dp_1.u_sirv_gnrl_rspid_fifo.dp_gt_0.vld_dfflr.qout_r$_DFFE_PN0P_/Q	cmt_dcause_ena
514	-0.4113	dbg_halt_r	u_eI_cpu.u_eJ_core.u_eK_exu.u_eL_exu_csr.mcycle_dfflr.qout_r[M]	dbg_halt_r	u_e203_cpu.u_e203_core.u_e203_exu.u_e203_exu_csr.mcycle_dfflr.qout_r[10]$_DFFE_PN0P_/D
515	-0.4110	u_eI_cpu.u_eJ_core.u_eK_exu.u_eL_exu_oitf.depth_gtM.ret_ptr_dfflrs.qout_r	cmt_dcause_ena	u_e203_cpu.u_e203_core.u_e203_exu.u_e203_exu_oitf.depth_gt1.ret_ptr_dfflrs.qout_r$_DFFE_PN0P_/Q	cmt_dcause_ena
516	-0.4109	u_eI_cpu.u_eJ_core.u_eK_ifu.u_eL_ifu_ifetch.ifu_lo_ir_dfflr.qout_r[M]	u_eI_cpu.u_eJ_core.u_eK_lsu.u_eL_lsu_ctrl.excl_flg_dffl.qout_r	u_e203_cpu.u_e203_core.u_e203_ifu.u_e203_ifu_ifetch.ifu_lo_ir_dfflr.qout_r[11]$_DFFE_PN0P_/Q	u_e203_cpu.u_e203_core.u_e203_lsu.u_e203_lsu_ctrl.excl_flg_dffl.qout_r$_DFFE_PN0P_/D
517	-0.4109	dbg_halt_r	u_eI_cpu.u_eJ_itcm_ctrl.u_itcm_icb_arbt.arbt_num_gt_K_gen.dp_L.u_sirv_gnrl_rspid_fifo.dp_gt_M.vld_dfflr.qout_r	dbg_halt_r	u_e203_cpu.u_e203_itcm_ctrl.u_itcm_icb_arbt.arbt_num_gt_1_gen.dp_1.u_sirv_gnrl_rspid_fifo.dp_gt_0.vld_dfflr.qout_r$_DFFE_PN0P_/D
518	-0.4103	dbg_step_r	u_eI_cpu.u_eJ_core.u_eK_exu.u_eL_exu_csr.mscratch_dfflr.qout_r[M]	dbg_step_r	u_e203_cpu.u_e203_core.u_e203_exu.u_e203_exu_csr.mscratch_dfflr.qout_r[10]$_DFFE_PN0P_/D
519	-0.4101	dbg_halt_r	u_eI_cpu.u_eJ_core.u_eK_exu.u_eL_exu_alu.u_eM_exu_alu_muldiv.exec_cnt_dfflr.qout_r[N]	dbg_halt_r	u_e203_cpu.u_e203_core.u_e203_exu.u_e203_exu_alu.u_e203_exu_alu_muldiv.exec_cnt_dfflr.qout_r[0]$_DFFE_PN0P_/D
520	-0.4100	u_eI_cpu.u_eJ_core.u_eK_ifu.u_eL_ifu_ifetch.ifu_err_dfflr.qout_r	u_eI_cpu.u_eJ_core.u_eK_biu.u_sirv_gnrl_icb_buffer.u_sirv_gnrl_cmd_fifo.dp_gtL.fifo_rf[M].fifo_rf_dffl.qout_r[N]	u_e203_cpu.u_e203_core.u_e203_ifu.u_e203_ifu_ifetch.ifu_err_dfflr.qout_r$_DFFE_PN0P_/Q	u_e203_cpu.u_e203_core.u_e203_biu.u_sirv_gnrl_icb_buffer.u_sirv_gnrl_cmd_fifo.dp_gt0.fifo_rf[0].fifo_rf_dffl.qout_r[70]$_DFFE_PP_/D
521	-0.4078	u_eI_cpu.u_eJ_core.u_eK_ifu.u_eL_ifu_ifetch.ifu_lo_ir_dfflr.qout_r[M]	u_eI_cpu.u_eJ_core.u_eK_ifu.u_eL_ifu_iftMicb.u_eN_ifetch_rsp_bypbuf.u_bypbuf_fifo.dp_gtO.vec_P_dfflr.qout_r	u_e203_cpu.u_e203_core.u_e203_ifu.u_e203_ifu_ifetch.ifu_lo_ir_dfflr.qout_r[11]$_DFFE_PN0P_/Q	u_e203_cpu.u_e203_core.u_e203_ifu.u_e203_ifu_ift2icb.u_e203_ifetch_rsp_bypbuf.u_bypbuf_fifo.dp_gt0.vec_31_dfflr.qout_r$_DFFE_PN0P_/D
522	-0.4066	dbg_halt_r	u_eI_cpu.u_eJ_core.u_eK_exu.u_eL_exu_csr.status_mie_dfflr.qout_r	dbg_halt_r	u_e203_cpu.u_e203_core.u_e203_exu.u_e203_exu_csr.status_mie_dfflr.qout_r$_DFFE_PN0P_/D
523	-0.4036	u_eI_cpu.u_eJ_core.u_eK_ifu.u_eL_ifu_ifetch.ifu_err_dfflr.qout_r	u_eI_cpu.u_eJ_clk_ctrl.u_itcm_clkgate.enb	u_e203_cpu.u_e203_core.u_e203_ifu.u_e203_ifu_ifetch.ifu_err_dfflr.qout_r$_DFFE_PN0P_/Q	u_e203_cpu.u_e203_clk_ctrl.u_itcm_clkgate.enb$_DLATCH_N_/D
524	-0.4020	u_eI_cpu.u_eJ_core.u_eK_exu.u_eL_exu_alu.u_eM_exu_alu_lsuagu.icb_state_dfflr.qout_r[N]	cmt_dcause[I]	u_e203_cpu.u_e203_core.u_e203_exu.u_e203_exu_alu.u_e203_exu_alu_lsuagu.icb_state_dfflr.qout_r[2]$_DFFE_PN0P_/Q	cmt_dcause[0]
525	-0.4013	dbg_step_r	u_eI_cpu.u_eJ_core.u_eK_exu.u_eL_exu_csr.status_mie_dfflr.qout_r	dbg_step_r	u_e203_cpu.u_e203_core.u_e203_exu.u_e203_exu_csr.status_mie_dfflr.qout_r$_DFFE_PN0P_/D
526	-0.4009	u_eI_cpu.u_eJ_core.u_eK_exu.u_eL_exu_oitf.depth_gtM.alc_ptr_dfflrs.qout_r	cmt_dcause_ena	u_e203_cpu.u_e203_core.u_e203_exu.u_e203_exu_oitf.depth_gt1.alc_ptr_dfflrs.qout_r$_DFFE_PN0P_/Q	cmt_dcause_ena
527	-0.4000	u_eI_cpu.u_eJ_core.u_eK_exu.u_eL_exu_alu.u_eM_exu_alu_dpath.sbf_N_dffl.qout_r[O]	extIdtcm_icb_cmd_ready	u_e203_cpu.u_e203_core.u_e203_exu.u_e203_exu_alu.u_e203_exu_alu_dpath.sbf_1_dffl.qout_r[0]$_DFFE_PP_/Q	ext2dtcm_icb_cmd_ready
528	-0.3977	dbg_halt_r	u_eI_cpu.u_eJ_core.u_eK_ifu.u_eL_ifu_ifetch.u_eM_ifu_litebpu.rsNxn_rdrf_dfflrs.qout_r	dbg_halt_r	u_e203_cpu.u_e203_core.u_e203_ifu.u_e203_ifu_ifetch.u_e203_ifu_litebpu.rs1xn_rdrf_dfflrs.qout_r$_DFFE_PN0P_/D
529	-0.3977	dbg_halt_r	u_eI_cpu.u_eJ_itcm_ctrl.u_itcm_icb_lsuKitcm_nLw.fifo_dp_M.u_sirv_gnrl_nNw_fifo.dp_gt_O.vld_dfflr.qout_r	dbg_halt_r	u_e203_cpu.u_e203_itcm_ctrl.u_itcm_icb_lsu2itcm_n2w.fifo_dp_1.u_sirv_gnrl_n2w_fifo.dp_gt_0.vld_dfflr.qout_r$_DFFE_PN0P_/D
530	-0.3974	u_eI_cpu.u_eJ_core.u_eK_ifu.u_eL_ifu_ifetch.ifu_err_dfflr.qout_r	u_eI_cpu.u_eJ_core.u_eK_biu.u_biu_icb_arbt.arbt_num_gt_L_gen.dp_M.u_sirv_gnrl_rspid_fifo.dp_gt_N.dat_dfflr.qout_r	u_e203_cpu.u_e203_core.u_e203_ifu.u_e203_ifu_ifetch.ifu_err_dfflr.qout_r$_DFFE_PN0P_/Q	u_e203_cpu.u_e203_core.u_e203_biu.u_biu_icb_arbt.arbt_num_gt_1_gen.dp_1.u_sirv_gnrl_rspid_fifo.dp_gt_0.dat_dfflr.qout_r$_DFFE_PP_/D
531	-0.3973	u_eI_cpu.u_eJ_core.u_eK_ifu.u_eL_ifu_ifetch.ifu_hi_ir_dfflr.qout_r[M]	u_eI_cpu.u_eJ_core.u_eK_lsu.u_eL_lsu_ctrl.u_eM_lsu_splt_stage.dp_gt_N.dat_dfflr.qout_r[O]	u_e203_cpu.u_e203_core.u_e203_ifu.u_e203_ifu_ifetch.ifu_hi_ir_dfflr.qout_r[15]$_DFFE_PN0P_/Q	u_e203_cpu.u_e203_core.u_e203_lsu.u_e203_lsu_ctrl.u_e203_lsu_splt_stage.dp_gt_0.dat_dfflr.qout_r[39]$_DFFE_PP_/D
532	-0.3961	u_eI_cpu.u_eJ_dtcm_ctrl.u_dtcm_icb_arbt.arbt_num_gt_K_gen.dp_L.u_sirv_gnrl_rspid_fifo.dp_gt_M.dat_dfflr.qout_r	cmt_dcause_ena	u_e203_cpu.u_e203_dtcm_ctrl.u_dtcm_icb_arbt.arbt_num_gt_1_gen.dp_1.u_sirv_gnrl_rspid_fifo.dp_gt_0.dat_dfflr.qout_r$_DFFE_PP_/Q	cmt_dcause_ena
533	-0.3954	u_eI_cpu.u_eJ_core.u_eK_ifu.u_eL_ifu_ifetch.ifu_err_dfflr.qout_r	u_eI_cpu.u_eJ_core.u_eK_ifu.u_eL_ifu_iftMicb.leftover_err_dfflr.qout_r	u_e203_cpu.u_e203_core.u_e203_ifu.u_e203_ifu_ifetch.ifu_err_dfflr.qout_r$_DFFE_PN0P_/Q	u_e203_cpu.u_e203_core.u_e203_ifu.u_e203_ifu_ift2icb.leftover_err_dfflr.qout_r$_DFFE_PN0P_/D
534	-0.3950	u_eI_cpu.u_eJ_core.u_eK_ifu.u_eL_ifu_ifetch.ifu_hi_ir_dfflr.qout_r[M]	u_eI_cpu.u_eJ_core.u_eK_exu.u_eL_exu_alu.u_eM_exu_alu_dpath.sbf_N_dffl.qout_r[O]	u_e203_cpu.u_e203_core.u_e203_ifu.u_e203_ifu_ifetch.ifu_hi_ir_dfflr.qout_r[15]$_DFFE_PN0P_/Q	u_e203_cpu.u_e203_core.u_e203_exu.u_e203_exu_alu.u_e203_exu_alu_dpath.sbf_1_dffl.qout_r[32]$_SDFFCE_PN0P_/D
535	-0.3946	dbg_step_r	u_eI_cpu.u_eJ_dtcm_ctrl.u_dtcm_icb_arbt.arbt_num_gt_K_gen.dp_L.u_sirv_gnrl_rspid_fifo.dp_gt_M.dat_dfflr.qout_r	dbg_step_r	u_e203_cpu.u_e203_dtcm_ctrl.u_dtcm_icb_arbt.arbt_num_gt_1_gen.dp_1.u_sirv_gnrl_rspid_fifo.dp_gt_0.dat_dfflr.qout_r$_DFFE_PP_/D
536	-0.3944	u_eI_cpu.u_eJ_core.u_eK_exu.u_eL_exu_csr.status_mie_dfflr.qout_r	extIitcm_icb_cmd_ready	u_e203_cpu.u_e203_core.u_e203_exu.u_e203_exu_csr.status_mie_dfflr.qout_r$_DFFE_PN0P_/QN	ext2itcm_icb_cmd_ready
537	-0.3938	u_eI_cpu.u_eJ_core.u_eK_ifu.u_eL_ifu_ifetch.ifu_err_dfflr.qout_r	u_eI_srams.u_eJ_itcm_ram.u_eK_itcm_gnrl_ram.u_sirv_sim_ram.mem_r[L][M]	u_e203_cpu.u_e203_core.u_e203_ifu.u_e203_ifu_ifetch.ifu_err_dfflr.qout_r$_DFFE_PN0P_/Q	u_e203_srams.u_e203_itcm_ram.u_e203_itcm_gnrl_ram.u_sirv_sim_ram.mem_r[0][32]$_DFFE_PP_/D
538	-0.3937	dbg_step_r	u_eI_cpu.u_eJ_core.u_eK_lsu.u_eL_lsu_ctrl.u_lsu_icb_arbt.arbt_num_gt_M_gen.dp_N.u_sirv_gnrl_rspid_fifo.dp_gt_O.dat_dfflr.qout_r	dbg_step_r	u_e203_cpu.u_e203_core.u_e203_lsu.u_e203_lsu_ctrl.u_lsu_icb_arbt.arbt_num_gt_1_gen.dp_1.u_sirv_gnrl_rspid_fifo.dp_gt_0.dat_dfflr.qout_r$_DFFE_PP_/D
539	-0.3912	u_eI_cpu.u_eJ_core.u_eK_ifu.u_eL_ifu_ifetch.ifu_err_dfflr.qout_r	u_eI_cpu.u_eJ_core.u_eK_ifu.u_eL_ifu_ifetch.ifu_hi_ir_dfflr.qout_r[M]	u_e203_cpu.u_e203_core.u_e203_ifu.u_e203_ifu_ifetch.ifu_err_dfflr.qout_r$_DFFE_PN0P_/Q	u_e203_cpu.u_e203_core.u_e203_ifu.u_e203_ifu_ifetch.ifu_hi_ir_dfflr.qout_r[10]$_DFFE_PN0P_/D
540	-0.3908	u_eI_cpu.u_eJ_core.u_eK_ifu.u_eL_ifu_ifetch.ifu_err_dfflr.qout_r	u_eI_cpu.u_eJ_itcm_ctrl.u_sram_icb_ctrl.u_byp_icb_cmd_buf.u_bypbuf_fifo.dp_gtK.fifo_rf[L].fifo_rf_dffl.qout_r[M]	u_e203_cpu.u_e203_core.u_e203_ifu.u_e203_ifu_ifetch.ifu_err_dfflr.qout_r$_DFFE_PN0P_/Q	u_e203_cpu.u_e203_itcm_ctrl.u_sram_icb_ctrl.u_byp_icb_cmd_buf.u_bypbuf_fifo.dp_gt0.fifo_rf[0].fifo_rf_dffl.qout_r[47]$_DFFE_PP_/D
541	-0.3897	dbg_step_r	u_eI_cpu.u_eJ_core.u_eK_lsu.u_eL_lsu_ctrl.u_eM_lsu_splt_stage.dp_gt_N.vld_dfflr.qout_r	dbg_step_r	u_e203_cpu.u_e203_core.u_e203_lsu.u_e203_lsu_ctrl.u_e203_lsu_splt_stage.dp_gt_0.vld_dfflr.qout_r$_DFFE_PN0P_/D
542	-0.3897	dbg_step_r	u_eI_cpu.u_eJ_core.u_eK_lsu.u_eL_lsu_ctrl.u_lsu_icb_arbt.arbt_num_gt_M_gen.dp_N.u_sirv_gnrl_rspid_fifo.dp_gt_O.vld_dfflr.qout_r	dbg_step_r	u_e203_cpu.u_e203_core.u_e203_lsu.u_e203_lsu_ctrl.u_lsu_icb_arbt.arbt_num_gt_1_gen.dp_1.u_sirv_gnrl_rspid_fifo.dp_gt_0.vld_dfflr.qout_r$_DFFE_PN0P_/D
543	-0.3896	u_eI_cpu.u_eJ_core.u_eK_biu.u_biu_icb_arbt.arbt_num_gt_L_gen.dp_M.u_sirv_gnrl_rspid_fifo.dp_gt_N.dat_dfflr.qout_r	cmt_dcause[I]	u_e203_cpu.u_e203_core.u_e203_biu.u_biu_icb_arbt.arbt_num_gt_1_gen.dp_1.u_sirv_gnrl_rspid_fifo.dp_gt_0.dat_dfflr.qout_r$_DFFE_PP_/Q	cmt_dcause[0]
544	-0.3893	dbg_step_r	u_eI_cpu.u_eJ_core.u_eK_exu.u_eL_exu_csr.counterstop_dfflr.qout_r[M]	dbg_step_r	u_e203_cpu.u_e203_core.u_e203_exu.u_e203_exu_csr.counterstop_dfflr.qout_r[0]$_DFFE_PN0P_/D
545	-0.3891	dbg_step_r	u_eI_cpu.u_eJ_core.u_eK_ifu.u_eL_ifu_ifetch.ir_pc_vld_dfflr.qout_r	dbg_step_r	u_e203_cpu.u_e203_core.u_e203_ifu.u_e203_ifu_ifetch.ir_pc_vld_dfflr.qout_r$_DFFE_PN0P_/D
546	-0.3884	u_eI_cpu.u_eJ_core.u_eK_ifu.u_eL_ifu_ifetch.ifu_err_dfflr.qout_r	u_eI_cpu.u_eJ_core.u_eK_biu.u_sirv_gnrl_icb_buffer.u_sirv_gnrl_cmd_fifo.dp_gtL.vec_M_dfflr.qout_r	u_e203_cpu.u_e203_core.u_e203_ifu.u_e203_ifu_ifetch.ifu_err_dfflr.qout_r$_DFFE_PN0P_/Q	u_e203_cpu.u_e203_core.u_e203_biu.u_sirv_gnrl_icb_buffer.u_sirv_gnrl_cmd_fifo.dp_gt0.vec_31_dfflr.qout_r$_DFFE_PN0P_/D
547	-0.3884	u_eI_cpu.u_eJ_itcm_ctrl.u_sram_icb_ctrl.u_sirv_Kcyc_sram_ctrl.u_eL_stage.dp_gt_M.dat_dfflr.qout_r[N]	cmt_dcause_ena	u_e203_cpu.u_e203_itcm_ctrl.u_sram_icb_ctrl.u_sirv_1cyc_sram_ctrl.u_e1_stage.dp_gt_0.dat_dfflr.qout_r[1]$_DFFE_PP_/QN	cmt_dcause_ena
548	-0.3877	u_eI_cpu.u_eJ_core.u_eK_ifu.u_eL_ifu_ifetch.ifu_hi_ir_dfflr.qout_r[M]	u_eI_cpu.u_eJ_dtcm_ctrl.u_sram_icb_ctrl.u_byp_icb_cmd_buf.u_bypbuf_fifo.dp_gtK.vec_L_dfflrs.qout_r	u_e203_cpu.u_e203_core.u_e203_ifu.u_e203_ifu_ifetch.ifu_hi_ir_dfflr.qout_r[15]$_DFFE_PN0P_/Q	u_e203_cpu.u_e203_dtcm_ctrl.u_sram_icb_ctrl.u_byp_icb_cmd_buf.u_bypbuf_fifo.dp_gt0.vec_0_dfflrs.qout_r$_DFFE_PN1P_/D
549	-0.3877	u_eI_cpu.u_eJ_core.u_eK_ifu.u_eL_ifu_ifetch.ifu_lo_ir_dfflr.qout_r[M]	u_eI_cpu.u_eJ_core.u_eK_exu.u_eL_exu_regfile.regfile[M].rfnoN.rf_dffl.qout_r[O]	u_e203_cpu.u_e203_core.u_e203_ifu.u_e203_ifu_ifetch.ifu_lo_ir_dfflr.qout_r[11]$_DFFE_PN0P_/Q	u_e203_cpu.u_e203_core.u_e203_exu.u_e203_exu_regfile.regfile[18].rfno0.rf_dffl.qout_r[10]$_DFFE_PP_/D
550	-0.3864	dbg_halt_r	u_eI_cpu.u_eJ_core.u_eK_exu.u_eL_exu_csr.mscratch_dfflr.qout_r[M]	dbg_halt_r	u_e203_cpu.u_e203_core.u_e203_exu.u_e203_exu_csr.mscratch_dfflr.qout_r[10]$_DFFE_PN0P_/D
551	-0.3843	u_eI_cpu.u_eJ_core.u_eK_biu.u_biu_icb_arbt.arbt_num_gt_L_gen.dp_M.u_sirv_gnrl_rspid_fifo.dp_gt_N.vld_dfflr.qout_r	cmt_dcause[I]	u_e203_cpu.u_e203_core.u_e203_biu.u_biu_icb_arbt.arbt_num_gt_1_gen.dp_1.u_sirv_gnrl_rspid_fifo.dp_gt_0.vld_dfflr.qout_r$_DFFE_PN0P_/Q	cmt_dcause[0]
552	-0.3835	u_eI_cpu.u_eJ_core.u_eK_exu.u_eL_exu_alu.u_eM_exu_alu_dpath.sbf_N_dffl.qout_r[O]	extIitcm_icb_cmd_ready	u_e203_cpu.u_e203_core.u_e203_exu.u_e203_exu_alu.u_e203_exu_alu_dpath.sbf_0_dffl.qout_r[32]$_SDFFCE_PN0P_/Q	ext2itcm_icb_cmd_ready
553	-0.3828	dbg_step_r	u_eI_cpu.u_eJ_core.u_eK_exu.u_eL_exu_alu.u_eM_exu_alu_muldiv.flushed_dfflr.qout_r	dbg_step_r	u_e203_cpu.u_e203_core.u_e203_exu.u_e203_exu_alu.u_e203_exu_alu_muldiv.flushed_dfflr.qout_r$_DFFE_PN0P_/D
554	-0.3820	dbg_ebreakm_r	extIdtcm_icb_cmd_ready	dbg_ebreakm_r	ext2dtcm_icb_cmd_ready
555	-0.3809	u_eI_cpu.u_eJ_core.u_eK_ifu.u_eL_ifu_ifetch.ifu_err_dfflr.qout_r	u_eI_cpu.u_eJ_core.u_eK_biu.u_sirv_gnrl_icb_buffer.u_sirv_gnrl_cmd_fifo.dp_gtL.vec_M_dfflrs.qout_r	u_e203_cpu.u_e203_core.u_e203_ifu.u_e203_ifu_ifetch.ifu_err_dfflr.qout_r$_DFFE_PN0P_/Q	u_e203_cpu.u_e203_core.u_e203_biu.u_sirv_gnrl_icb_buffer.u_sirv_gnrl_cmd_fifo.dp_gt0.vec_0_dfflrs.qout_r$_DFFE_PN1P_/D
556	-0.3804	u_eI_cpu.u_eJ_core.u_eK_ifu.u_eL_ifu_ifetch.ifu_err_dfflr.qout_r	u_eI_cpu.u_eJ_core.u_eK_ifu.u_eL_ifu_iftMicb.icbNitcm_dfflr.qout_r	u_e203_cpu.u_e203_core.u_e203_ifu.u_e203_ifu_ifetch.ifu_err_dfflr.qout_r$_DFFE_PN0P_/Q	u_e203_cpu.u_e203_core.u_e203_ifu.u_e203_ifu_ift2icb.icb2itcm_dfflr.qout_r$_DFFE_PN0P_/D
557	-0.3804	u_eI_cpu.u_eJ_core.u_eK_exu.u_eL_exu_alu.u_eM_exu_alu_muldiv.muldiv_state_dfflr.qout_r[N]	cmt_dcause[I]	u_e203_cpu.u_e203_core.u_e203_exu.u_e203_exu_alu.u_e203_exu_alu_muldiv.muldiv_state_dfflr.qout_r[1]$_DFFE_PN0P_/Q	cmt_dcause[0]
558	-0.3799	u_eI_cpu.u_eJ_core.u_eK_biu.u_sirv_gnrl_icb_buffer.u_sirv_gnrl_rsp_fifo.dp_gtL.fifo_rf[M].fifo_rf_dffl.qout_r[N]	cmt_dcause_ena	u_e203_cpu.u_e203_core.u_e203_biu.u_sirv_gnrl_icb_buffer.u_sirv_gnrl_rsp_fifo.dp_gt0.fifo_rf[0].fifo_rf_dffl.qout_r[34]$_DFFE_PP_/Q	cmt_dcause_ena
559	-0.3799	u_eI_cpu.u_eJ_core.u_eK_biu.u_sirv_gnrl_icb_buffer.u_sirv_gnrl_rsp_fifo.dp_gtL.vec_M_dfflr.qout_r	cmt_dcause[I]	u_e203_cpu.u_e203_core.u_e203_biu.u_sirv_gnrl_icb_buffer.u_sirv_gnrl_rsp_fifo.dp_gt0.vec_31_dfflr.qout_r$_DFFE_PN0P_/Q	cmt_dcause[0]
560	-0.3780	u_eI_cpu.u_eJ_core.u_eK_ifu.u_eL_ifu_ifetch.ifu_err_dfflr.qout_r	u_eI_cpu.u_eJ_core.u_eK_ifu.u_eL_ifu_ifetch.pc_dfflr.qout_r[M]	u_e203_cpu.u_e203_core.u_e203_ifu.u_e203_ifu_ifetch.ifu_err_dfflr.qout_r$_DFFE_PN0P_/Q	u_e203_cpu.u_e203_core.u_e203_ifu.u_e203_ifu_ifetch.pc_dfflr.qout_r[10]$_DFFE_PN0P_/D
561	-0.3778	u_eI_cpu.u_eJ_dtcm_ctrl.u_dtcm_icb_arbt.arbt_num_gt_K_gen.dp_L.u_sirv_gnrl_rspid_fifo.dp_gt_M.vld_dfflr.qout_r	cmt_dcause[I]	u_e203_cpu.u_e203_dtcm_ctrl.u_dtcm_icb_arbt.arbt_num_gt_1_gen.dp_1.u_sirv_gnrl_rspid_fifo.dp_gt_0.vld_dfflr.qout_r$_DFFE_PN0P_/Q	cmt_dcause[0]
562	-0.3765	u_eI_cpu.u_eJ_dtcm_ctrl.u_sram_icb_ctrl.u_sirv_Kcyc_sram_ctrl.u_eL_stage.dp_gt_M.vld_dfflr.qout_r	cmt_dcause[I]	u_e203_cpu.u_e203_dtcm_ctrl.u_sram_icb_ctrl.u_sirv_1cyc_sram_ctrl.u_e1_stage.dp_gt_0.vld_dfflr.qout_r$_DFFE_PN0P_/Q	cmt_dcause[0]
563	-0.3762	u_eI_cpu.u_eJ_itcm_ctrl.u_itcm_icb_arbt.arbt_num_gt_K_gen.dp_L.u_sirv_gnrl_rspid_fifo.dp_gt_M.dat_dfflr.qout_r	cmt_dcause[I]	u_e203_cpu.u_e203_itcm_ctrl.u_itcm_icb_arbt.arbt_num_gt_1_gen.dp_1.u_sirv_gnrl_rspid_fifo.dp_gt_0.dat_dfflr.qout_r$_DFFE_PP_/Q	cmt_dcause[0]
564	-0.3754	u_eI_cpu.u_eJ_core.u_eK_ifu.u_eL_ifu_ifetch.ifu_err_dfflr.qout_r	u_eI_cpu.u_eJ_core.u_eK_biu.u_sirv_gnrl_icb_buffer.outs_cnt_dfflr.qout_r	u_e203_cpu.u_e203_core.u_e203_ifu.u_e203_ifu_ifetch.ifu_err_dfflr.qout_r$_DFFE_PN0P_/Q	u_e203_cpu.u_e203_core.u_e203_biu.u_sirv_gnrl_icb_buffer.outs_cnt_dfflr.qout_r$_DFFE_PN0P_/D
565	-0.3744	u_eI_cpu.u_eJ_core.u_eK_ifu.u_eL_ifu_ifetch.ifu_err_dfflr.qout_r	u_eI_cpu.u_eJ_core.u_eK_biu.u_biu_icb_arbt.arbt_num_gt_L_gen.dp_M.u_sirv_gnrl_rspid_fifo.dp_gt_N.vld_dfflr.qout_r	u_e203_cpu.u_e203_core.u_e203_ifu.u_e203_ifu_ifetch.ifu_err_dfflr.qout_r$_DFFE_PN0P_/Q	u_e203_cpu.u_e203_core.u_e203_biu.u_biu_icb_arbt.arbt_num_gt_1_gen.dp_1.u_sirv_gnrl_rspid_fifo.dp_gt_0.vld_dfflr.qout_r$_DFFE_PN0P_/D
566	-0.3735	dbg_step_r	u_eI_cpu.u_eJ_core.u_eK_exu.u_eL_exu_csr.mcgstop_dfflr.qout_r[M]	dbg_step_r	u_e203_cpu.u_e203_core.u_e203_exu.u_e203_exu_csr.mcgstop_dfflr.qout_r[0]$_DFFE_PN0P_/D
567	-0.3734	u_eI_cpu.u_eJ_itcm_ctrl.u_sram_icb_ctrl.u_sirv_Kcyc_sram_ctrl.u_eL_stage.dp_gt_M.vld_dfflr.qout_r	cmt_dcause[I]	u_e203_cpu.u_e203_itcm_ctrl.u_sram_icb_ctrl.u_sirv_1cyc_sram_ctrl.u_e1_stage.dp_gt_0.vld_dfflr.qout_r$_DFFE_PN0P_/Q	cmt_dcause[0]
568	-0.3731	u_eI_cpu.u_eJ_core.u_eK_ifu.u_eL_ifu_ifetch.ir_rsMidx_dfflr.qout_r[N]	u_eI_cpu.u_eJ_core.u_eK_lsu.u_eL_lsu_ctrl.u_eM_lsu_splt_stage.dp_gt_N.dat_dfflr.qout_r[O]	u_e203_cpu.u_e203_core.u_e203_ifu.u_e203_ifu_ifetch.ir_rs2idx_dfflr.qout_r[3]$_DFFE_PN0P_/Q	u_e203_cpu.u_e203_core.u_e203_lsu.u_e203_lsu_ctrl.u_e203_lsu_splt_stage.dp_gt_0.dat_dfflr.qout_r[39]$_DFFE_PP_/D
569	-0.3727	u_eI_cpu.u_eJ_itcm_ctrl.u_itcm_icb_arbt.arbt_num_gt_K_gen.dp_L.u_sirv_gnrl_rspid_fifo.dp_gt_M.vld_dfflr.qout_r	cmt_dcause[I]	u_e203_cpu.u_e203_itcm_ctrl.u_itcm_icb_arbt.arbt_num_gt_1_gen.dp_1.u_sirv_gnrl_rspid_fifo.dp_gt_0.vld_dfflr.qout_r$_DFFE_PN0P_/Q	cmt_dcause[0]
570	-0.3721	u_eI_cpu.u_eJ_core.u_eK_ifu.u_eL_ifu_ifetch.ifu_err_dfflr.qout_r	u_eI_srams.u_eJ_dtcm_ram.u_eK_dtcm_gnrl_ram.u_sirv_sim_ram.mem_r[L][M]	u_e203_cpu.u_e203_core.u_e203_ifu.u_e203_ifu_ifetch.ifu_err_dfflr.qout_r$_DFFE_PN0P_/Q	u_e203_srams.u_e203_dtcm_ram.u_e203_dtcm_gnrl_ram.u_sirv_sim_ram.mem_r[0][0]$_DFFE_PP_/D
571	-0.3715	u_eI_cpu.u_eJ_core.u_eK_ifu.u_eL_ifu_ifetch.ifu_hi_ir_dfflr.qout_r[M]	u_eI_cpu.u_eJ_core.u_eK_lsu.u_eL_lsu_ctrl.excl_flg_dffl.qout_r	u_e203_cpu.u_e203_core.u_e203_ifu.u_e203_ifu_ifetch.ifu_hi_ir_dfflr.qout_r[15]$_DFFE_PN0P_/Q	u_e203_cpu.u_e203_core.u_e203_lsu.u_e203_lsu_ctrl.excl_flg_dffl.qout_r$_DFFE_PN0P_/D
572	-0.3709	u_eI_cpu.u_eJ_core.u_eK_ifu.u_eL_ifu_ifetch.ir_rsMidx_dfflr.qout_r[N]	u_eI_cpu.u_eJ_core.u_eK_exu.u_eL_exu_alu.u_eM_exu_alu_dpath.sbf_N_dffl.qout_r[O]	u_e203_cpu.u_e203_core.u_e203_ifu.u_e203_ifu_ifetch.ir_rs2idx_dfflr.qout_r[3]$_DFFE_PN0P_/Q	u_e203_cpu.u_e203_core.u_e203_exu.u_e203_exu_alu.u_e203_exu_alu_dpath.sbf_1_dffl.qout_r[32]$_SDFFCE_PN0P_/D
573	-0.3707	dbg_halt_r	u_eI_cpu.u_eJ_dtcm_ctrl.u_dtcm_icb_arbt.arbt_num_gt_K_gen.dp_L.u_sirv_gnrl_rspid_fifo.dp_gt_M.dat_dfflr.qout_r	dbg_halt_r	u_e203_cpu.u_e203_dtcm_ctrl.u_dtcm_icb_arbt.arbt_num_gt_1_gen.dp_1.u_sirv_gnrl_rspid_fifo.dp_gt_0.dat_dfflr.qout_r$_DFFE_PP_/D
574	-0.3701	dbg_step_r	u_eI_cpu.u_eJ_core.u_eK_exu.u_eL_exu_alu.u_eM_exu_alu_lsuagu.unalgn_flg_dffl.qout_r	dbg_step_r	u_e203_cpu.u_e203_core.u_e203_exu.u_e203_exu_alu.u_e203_exu_alu_lsuagu.unalgn_flg_dffl.qout_r$_DFFE_PN0P_/D
575	-0.3698	dbg_halt_r	u_eI_cpu.u_eJ_core.u_eK_lsu.u_eL_lsu_ctrl.u_lsu_icb_arbt.arbt_num_gt_M_gen.dp_N.u_sirv_gnrl_rspid_fifo.dp_gt_O.dat_dfflr.qout_r	dbg_halt_r	u_e203_cpu.u_e203_core.u_e203_lsu.u_e203_lsu_ctrl.u_lsu_icb_arbt.arbt_num_gt_1_gen.dp_1.u_sirv_gnrl_rspid_fifo.dp_gt_0.dat_dfflr.qout_r$_DFFE_PP_/D
576	-0.3695	u_eI_cpu.u_eJ_core.u_eK_exu.u_eL_exu_oitf.depth_gtM.alc_ptr_flg_dfflrs.qout_r	cmt_dcause_ena	u_e203_cpu.u_e203_core.u_e203_exu.u_e203_exu_oitf.depth_gt1.alc_ptr_flg_dfflrs.qout_r$_DFFE_PN0P_/Q	cmt_dcause_ena
577	-0.3684	u_eI_cpu.u_eJ_core.u_eK_ifu.u_eL_ifu_ifetch.ifu_hi_ir_dfflr.qout_r[M]	u_eI_cpu.u_eJ_core.u_eK_ifu.u_eL_ifu_iftMicb.u_eN_ifetch_rsp_bypbuf.u_bypbuf_fifo.dp_gtO.vec_P_dfflr.qout_r	u_e203_cpu.u_e203_core.u_e203_ifu.u_e203_ifu_ifetch.ifu_hi_ir_dfflr.qout_r[15]$_DFFE_PN0P_/Q	u_e203_cpu.u_e203_core.u_e203_ifu.u_e203_ifu_ift2icb.u_e203_ifetch_rsp_bypbuf.u_bypbuf_fifo.dp_gt0.vec_31_dfflr.qout_r$_DFFE_PN0P_/D
578	-0.3677	u_eI_cpu.u_eJ_core.u_eK_exu.u_eL_exu_oitf.depth_gtM.ret_ptr_flg_dfflrs.qout_r	cmt_dcause_ena	u_e203_cpu.u_e203_core.u_e203_exu.u_e203_exu_oitf.depth_gt1.ret_ptr_flg_dfflrs.qout_r$_DFFE_PN0P_/Q	cmt_dcause_ena
579	-0.3671	u_eI_cpu.u_eJ_core.u_eK_lsu.u_eL_lsu_ctrl.u_lsu_icb_arbt.arbt_num_gt_M_gen.dp_N.u_sirv_gnrl_rspid_fifo.dp_gt_O.vld_dfflr.qout_r	cmt_dcause_ena	u_e203_cpu.u_e203_core.u_e203_lsu.u_e203_lsu_ctrl.u_lsu_icb_arbt.arbt_num_gt_1_gen.dp_1.u_sirv_gnrl_rspid_fifo.dp_gt_0.vld_dfflr.qout_r$_DFFE_PN0P_/Q	cmt_dcause_ena
580	-0.3658	dbg_halt_r	u_eI_cpu.u_eJ_core.u_eK_lsu.u_eL_lsu_ctrl.u_eM_lsu_splt_stage.dp_gt_N.vld_dfflr.qout_r	dbg_halt_r	u_e203_cpu.u_e203_core.u_e203_lsu.u_e203_lsu_ctrl.u_e203_lsu_splt_stage.dp_gt_0.vld_dfflr.qout_r$_DFFE_PN0P_/D
581	-0.3658	dbg_halt_r	u_eI_cpu.u_eJ_core.u_eK_lsu.u_eL_lsu_ctrl.u_lsu_icb_arbt.arbt_num_gt_M_gen.dp_N.u_sirv_gnrl_rspid_fifo.dp_gt_O.vld_dfflr.qout_r	dbg_halt_r	u_e203_cpu.u_e203_core.u_e203_lsu.u_e203_lsu_ctrl.u_lsu_icb_arbt.arbt_num_gt_1_gen.dp_1.u_sirv_gnrl_rspid_fifo.dp_gt_0.vld_dfflr.qout_r$_DFFE_PN0P_/D
582	-0.3655	dbg_step_r	u_eI_cpu.u_eJ_core.u_eK_exu.u_eL_exu_csr.mie_dfflr.qout_r[M]	dbg_step_r	u_e203_cpu.u_e203_core.u_e203_exu.u_e203_exu_csr.mie_dfflr.qout_r[11]$_DFFE_PN0P_/D
583	-0.3654	dbg_halt_r	u_eI_cpu.u_eJ_core.u_eK_exu.u_eL_exu_csr.counterstop_dfflr.qout_r[M]	dbg_halt_r	u_e203_cpu.u_e203_core.u_e203_exu.u_e203_exu_csr.counterstop_dfflr.qout_r[0]$_DFFE_PN0P_/D
584	-0.3652	dbg_halt_r	u_eI_cpu.u_eJ_core.u_eK_ifu.u_eL_ifu_ifetch.ir_pc_vld_dfflr.qout_r	dbg_halt_r	u_e203_cpu.u_e203_core.u_e203_ifu.u_e203_ifu_ifetch.ir_pc_vld_dfflr.qout_r$_DFFE_PN0P_/D
585	-0.3649	u_eI_cpu.u_eJ_core.u_eK_exu.u_eL_exu_csr.mie_dfflr.qout_r[M]	cmt_dcause_ena	u_e203_cpu.u_e203_core.u_e203_exu.u_e203_exu_csr.mie_dfflr.qout_r[7]$_DFFE_PN0P_/Q	cmt_dcause_ena
586	-0.3647	u_eI_cpu.u_eJ_core.u_eK_exu.u_eL_exu_oitf.depth_gtM.ret_ptr_dfflrs.qout_r	cmt_dcause[I]	u_e203_cpu.u_e203_core.u_e203_exu.u_e203_exu_oitf.depth_gt1.ret_ptr_dfflrs.qout_r$_DFFE_PN0P_/Q	cmt_dcause[0]
587	-0.3636	u_eI_cpu.u_eJ_core.u_eK_ifu.u_eL_ifu_ifetch.ir_rsMidx_dfflr.qout_r[N]	u_eI_cpu.u_eJ_dtcm_ctrl.u_sram_icb_ctrl.u_byp_icb_cmd_buf.u_bypbuf_fifo.dp_gtK.vec_L_dfflrs.qout_r	u_e203_cpu.u_e203_core.u_e203_ifu.u_e203_ifu_ifetch.ir_rs2idx_dfflr.qout_r[3]$_DFFE_PN0P_/Q	u_e203_cpu.u_e203_dtcm_ctrl.u_sram_icb_ctrl.u_byp_icb_cmd_buf.u_bypbuf_fifo.dp_gt0.vec_0_dfflrs.qout_r$_DFFE_PN1P_/D
588	-0.3609	u_eI_cpu.u_eJ_core.u_eK_ifu.u_eL_ifu_ifetch.ifu_lo_ir_dfflr.qout_r[M]	u_eI_cpu.u_eJ_core.u_eK_lsu.u_eL_lsu_ctrl.excl_addr_dffl.qout_r[M]	u_e203_cpu.u_e203_core.u_e203_ifu.u_e203_ifu_ifetch.ifu_lo_ir_dfflr.qout_r[11]$_DFFE_PN0P_/Q	u_e203_cpu.u_e203_core.u_e203_lsu.u_e203_lsu_ctrl.excl_addr_dffl.qout_r[30]$_DFFE_PN0P_/D
589	-0.3601	u_eI_cpu.u_eJ_core.u_eK_exu.u_eL_exu_oitf.depth_gtM.alc_ptr_dfflrs.qout_r	cmt_dcause[I]	u_e203_cpu.u_e203_core.u_e203_exu.u_e203_exu_oitf.depth_gt1.alc_ptr_dfflrs.qout_r$_DFFE_PN0P_/Q	cmt_dcause[0]
590	-0.3589	dbg_halt_r	u_eI_cpu.u_eJ_core.u_eK_exu.u_eL_exu_alu.u_eM_exu_alu_muldiv.flushed_dfflr.qout_r	dbg_halt_r	u_e203_cpu.u_e203_core.u_e203_exu.u_e203_exu_alu.u_e203_exu_alu_muldiv.flushed_dfflr.qout_r$_DFFE_PN0P_/D
591	-0.3583	u_eI_cpu.u_eJ_core.u_eK_ifu.u_eL_ifu_ifetch.ifu_err_dfflr.qout_r	u_eI_cpu.u_eJ_itcm_ctrl.u_sram_icb_ctrl.u_byp_icb_cmd_buf.u_bypbuf_fifo.dp_gtK.vec_L_dfflr.qout_r	u_e203_cpu.u_e203_core.u_e203_ifu.u_e203_ifu_ifetch.ifu_err_dfflr.qout_r$_DFFE_PN0P_/Q	u_e203_cpu.u_e203_itcm_ctrl.u_sram_icb_ctrl.u_byp_icb_cmd_buf.u_bypbuf_fifo.dp_gt0.vec_31_dfflr.qout_r$_DFFE_PN0P_/D
592	-0.3575	u_eI_cpu.u_eJ_irq_sync.master_gen.u_tmr_irq_sync.sync_gen[K].i_is_not_L.sync_dffr.qout_r	cmt_dcause_ena	u_e203_cpu.u_e203_irq_sync.master_gen.u_tmr_irq_sync.sync_gen[1].i_is_not_0.sync_dffr.qout_r$_DFF_PN0_/Q	cmt_dcause_ena
593	-0.3570	dbg_step_r	u_eI_cpu.u_eJ_core.u_eK_exu.u_eL_exu_csr.itcmnohold_dfflr.qout_r[M]	dbg_step_r	u_e203_cpu.u_e203_core.u_e203_exu.u_e203_exu_csr.itcmnohold_dfflr.qout_r[0]$_DFFE_PN0P_/D
594	-0.3569	dbg_step_r	u_eI_cpu.u_eJ_core.u_eK_exu.u_eL_exu_csr.mdvnobMb_dfflr.qout_r[N]	dbg_step_r	u_e203_cpu.u_e203_core.u_e203_exu.u_e203_exu_csr.mdvnob2b_dfflr.qout_r[0]$_DFFE_PN0P_/D
595	-0.3557	u_eI_cpu.u_eJ_core.u_eK_exu.u_eL_exu_alu.u_eM_exu_alu_dpath.sbf_N_dffl.qout_r[O]	extIitcm_icb_cmd_ready	u_e203_cpu.u_e203_core.u_e203_exu.u_e203_exu_alu.u_e203_exu_alu_dpath.sbf_1_dffl.qout_r[0]$_DFFE_PP_/Q	ext2itcm_icb_cmd_ready
596	-0.3553	u_eI_cpu.u_eJ_dtcm_ctrl.u_dtcm_icb_arbt.arbt_num_gt_K_gen.dp_L.u_sirv_gnrl_rspid_fifo.dp_gt_M.dat_dfflr.qout_r	cmt_dcause[I]	u_e203_cpu.u_e203_dtcm_ctrl.u_dtcm_icb_arbt.arbt_num_gt_1_gen.dp_1.u_sirv_gnrl_rspid_fifo.dp_gt_0.dat_dfflr.qout_r$_DFFE_PP_/Q	cmt_dcause[0]
597	-0.3551	u_eI_cpu.u_eJ_core.u_eK_ifu.u_eL_ifu_ifetch.ifu_err_dfflr.qout_r	u_eI_cpu.u_eJ_core.u_eK_exu.u_eL_exu_csr.minstreth_dfflr.qout_r[M]	u_e203_cpu.u_e203_core.u_e203_ifu.u_e203_ifu_ifetch.ifu_err_dfflr.qout_r$_DFFE_PN0P_/Q	u_e203_cpu.u_e203_core.u_e203_exu.u_e203_exu_csr.minstreth_dfflr.qout_r[29]$_DFFE_PN0P_/D
598	-0.3543	u_eI_cpu.u_eJ_core.u_eK_ifu.u_eL_ifu_ifetch.ifu_err_dfflr.qout_r	u_eI_cpu.u_eJ_itcm_ctrl.u_sram_icb_ctrl.u_byp_icb_cmd_buf.u_bypbuf_fifo.dp_gtK.vec_L_dfflrs.qout_r	u_e203_cpu.u_e203_core.u_e203_ifu.u_e203_ifu_ifetch.ifu_err_dfflr.qout_r$_DFFE_PN0P_/Q	u_e203_cpu.u_e203_itcm_ctrl.u_sram_icb_ctrl.u_byp_icb_cmd_buf.u_bypbuf_fifo.dp_gt0.vec_0_dfflrs.qout_r$_DFFE_PN1P_/D
599	-0.3522	u_eI_cpu.u_eJ_irq_sync.master_gen.u_sft_irq_sync.sync_gen[K].i_is_not_L.sync_dffr.qout_r	cmt_dcause_ena	u_e203_cpu.u_e203_irq_sync.master_gen.u_sft_irq_sync.sync_gen[1].i_is_not_0.sync_dffr.qout_r$_DFF_PN0_/Q	cmt_dcause_ena
600	-0.3502	u_eI_cpu.u_eJ_core.u_eK_lsu.u_eL_lsu_ctrl.u_lsu_icb_arbt.arbt_num_gt_M_gen.dp_N.u_sirv_gnrl_rspid_fifo.dp_gt_O.dat_dfflr.qout_r	cmt_dcause_ena	u_e203_cpu.u_e203_core.u_e203_lsu.u_e203_lsu_ctrl.u_lsu_icb_arbt.arbt_num_gt_1_gen.dp_1.u_sirv_gnrl_rspid_fifo.dp_gt_0.dat_dfflr.qout_r$_DFFE_PP_/Q	cmt_dcause_ena
601	-0.3497	dbg_halt_r	u_eI_cpu.u_eJ_core.u_eK_exu.u_eL_exu_csr.mcgstop_dfflr.qout_r[M]	dbg_halt_r	u_e203_cpu.u_e203_core.u_e203_exu.u_e203_exu_csr.mcgstop_dfflr.qout_r[0]$_DFFE_PN0P_/D
602	-0.3483	u_eI_cpu.u_eJ_core.u_eK_ifu.u_eL_ifu_ifetch.ifu_hi_ir_dfflr.qout_r[M]	u_eI_cpu.u_eJ_core.u_eK_exu.u_eL_exu_regfile.regfile[M].rfnoN.rf_dffl.qout_r[O]	u_e203_cpu.u_e203_core.u_e203_ifu.u_e203_ifu_ifetch.ifu_hi_ir_dfflr.qout_r[15]$_DFFE_PN0P_/Q	u_e203_cpu.u_e203_core.u_e203_exu.u_e203_exu_regfile.regfile[18].rfno0.rf_dffl.qout_r[10]$_DFFE_PP_/D
603	-0.3476	u_eI_cpu.u_eJ_itcm_ctrl.u_sram_icb_ctrl.u_sirv_Kcyc_sram_ctrl.u_eL_stage.dp_gt_M.dat_dfflr.qout_r[N]	cmt_dcause[I]	u_e203_cpu.u_e203_itcm_ctrl.u_sram_icb_ctrl.u_sirv_1cyc_sram_ctrl.u_e1_stage.dp_gt_0.dat_dfflr.qout_r[1]$_DFFE_PP_/QN	cmt_dcause[0]
604	-0.3476	u_eI_cpu.u_eJ_core.u_eK_ifu.u_eL_ifu_ifetch.ir_muldiv_bMb_dfflr.qout_r	extIdtcm_icb_cmd_ready	u_e203_cpu.u_e203_core.u_e203_ifu.u_e203_ifu_ifetch.ir_muldiv_b2b_dfflr.qout_r$_DFFE_PN0P_/Q	ext2dtcm_icb_cmd_ready
605	-0.3474	u_eI_cpu.u_eJ_core.u_eK_ifu.u_eL_ifu_ifetch.ir_rsMidx_dfflr.qout_r[N]	u_eI_cpu.u_eJ_core.u_eK_lsu.u_eL_lsu_ctrl.excl_flg_dffl.qout_r	u_e203_cpu.u_e203_core.u_e203_ifu.u_e203_ifu_ifetch.ir_rs2idx_dfflr.qout_r[3]$_DFFE_PN0P_/Q	u_e203_cpu.u_e203_core.u_e203_lsu.u_e203_lsu_ctrl.excl_flg_dffl.qout_r$_DFFE_PN0P_/D
606	-0.3463	dbg_halt_r	u_eI_cpu.u_eJ_core.u_eK_exu.u_eL_exu_alu.u_eM_exu_alu_lsuagu.unalgn_flg_dffl.qout_r	dbg_halt_r	u_e203_cpu.u_e203_core.u_e203_exu.u_e203_exu_alu.u_e203_exu_alu_lsuagu.unalgn_flg_dffl.qout_r$_DFFE_PN0P_/D
607	-0.3442	u_eI_cpu.u_eJ_core.u_eK_ifu.u_eL_ifu_ifetch.ir_rsMidx_dfflr.qout_r[N]	u_eI_cpu.u_eJ_core.u_eK_ifu.u_eL_ifu_iftMicb.u_eN_ifetch_rsp_bypbuf.u_bypbuf_fifo.dp_gtO.vec_P_dfflr.qout_r	u_e203_cpu.u_e203_core.u_e203_ifu.u_e203_ifu_ifetch.ir_rs2idx_dfflr.qout_r[3]$_DFFE_PN0P_/Q	u_e203_cpu.u_e203_core.u_e203_ifu.u_e203_ifu_ift2icb.u_e203_ifetch_rsp_bypbuf.u_bypbuf_fifo.dp_gt0.vec_31_dfflr.qout_r$_DFFE_PN0P_/D
608	-0.3439	u_eI_cpu.u_eJ_core.u_eK_ifu.u_eL_ifu_ifetch.ifu_prdt_taken_dfflr.qout_r	cmt_dcause_ena	u_e203_cpu.u_e203_core.u_e203_ifu.u_e203_ifu_ifetch.ifu_prdt_taken_dfflr.qout_r$_DFFE_PN0P_/Q	cmt_dcause_ena
609	-0.3416	dbg_halt_r	u_eI_cpu.u_eJ_core.u_eK_exu.u_eL_exu_csr.mie_dfflr.qout_r[M]	dbg_halt_r	u_e203_cpu.u_e203_core.u_e203_exu.u_e203_exu_csr.mie_dfflr.qout_r[11]$_DFFE_PN0P_/D
610	-0.3399	u_eI_cpu.u_eJ_core.u_eK_ifu.u_eL_ifu_ifetch.ifu_lo_ir_dfflr.qout_r[M]	u_eI_cpu.u_eJ_dtcm_ctrl.u_sram_icb_ctrl.u_byp_icb_cmd_buf.u_bypbuf_fifo.dp_gtK.vec_L_dfflr.qout_r	u_e203_cpu.u_e203_core.u_e203_ifu.u_e203_ifu_ifetch.ifu_lo_ir_dfflr.qout_r[11]$_DFFE_PN0P_/Q	u_e203_cpu.u_e203_dtcm_ctrl.u_sram_icb_ctrl.u_byp_icb_cmd_buf.u_bypbuf_fifo.dp_gt0.vec_31_dfflr.qout_r$_DFFE_PN0P_/D
611	-0.3377	u_eI_cpu.u_eJ_core.u_eK_ifu.u_eL_ifu_ifetch.ifu_lo_ir_dfflr.qout_r[M]	u_eI_cpu.u_eJ_core.u_eK_exu.u_eL_exu_alu.u_eM_exu_alu_muldiv.part_remd_sftN_dfflr.qout_r	u_e203_cpu.u_e203_core.u_e203_ifu.u_e203_ifu_ifetch.ifu_lo_ir_dfflr.qout_r[11]$_DFFE_PN0P_/Q	u_e203_cpu.u_e203_core.u_e203_exu.u_e203_exu_alu.u_e203_exu_alu_muldiv.part_remd_sft1_dfflr.qout_r$_DFFE_PN0P_/D
612	-0.3376	dbg_ebreakm_r	extIitcm_icb_cmd_ready	dbg_ebreakm_r	ext2itcm_icb_cmd_ready
613	-0.3362	u_eI_cpu.u_eJ_core.u_eK_exu.u_eL_exu_alu.u_eM_exu_alu_muldiv.exec_cnt_dfflr.qout_r[N]	cmt_dcause_ena	u_e203_cpu.u_e203_core.u_e203_exu.u_e203_exu_alu.u_e203_exu_alu_muldiv.exec_cnt_dfflr.qout_r[3]$_DFFE_PN0P_/Q	cmt_dcause_ena
614	-0.3359	u_eI_cpu.u_eJ_core.u_eK_ifu.u_eL_ifu_ifetch.ifu_err_dfflr.qout_r	u_eI_cpu.u_eJ_core.u_eK_ifu.u_eL_ifu_iftMicb.u_eN_ifetch_rsp_bypbuf.u_bypbuf_fifo.dp_gtO.fifo_rf[P].fifo_rf_dffl.qout_r[Q]	u_e203_cpu.u_e203_core.u_e203_ifu.u_e203_ifu_ifetch.ifu_err_dfflr.qout_r$_DFFE_PN0P_/Q	u_e203_cpu.u_e203_core.u_e203_ifu.u_e203_ifu_ift2icb.u_e203_ifetch_rsp_bypbuf.u_bypbuf_fifo.dp_gt0.fifo_rf[0].fifo_rf_dffl.qout_r[6]$_DFFE_PP_/D
615	-0.3331	dbg_halt_r	u_eI_cpu.u_eJ_core.u_eK_exu.u_eL_exu_csr.itcmnohold_dfflr.qout_r[M]	dbg_halt_r	u_e203_cpu.u_e203_core.u_e203_exu.u_e203_exu_csr.itcmnohold_dfflr.qout_r[0]$_DFFE_PN0P_/D
616	-0.3330	dbg_halt_r	u_eI_cpu.u_eJ_core.u_eK_exu.u_eL_exu_csr.mdvnobMb_dfflr.qout_r[N]	dbg_halt_r	u_e203_cpu.u_e203_core.u_e203_exu.u_e203_exu_csr.mdvnob2b_dfflr.qout_r[0]$_DFFE_PN0P_/D
617	-0.3287	u_eI_cpu.u_eJ_core.u_eK_exu.u_eL_exu_oitf.depth_gtM.alc_ptr_flg_dfflrs.qout_r	cmt_dcause[I]	u_e203_cpu.u_e203_core.u_e203_exu.u_e203_exu_oitf.depth_gt1.alc_ptr_flg_dfflrs.qout_r$_DFFE_PN0P_/Q	cmt_dcause[0]
618	-0.3269	u_eI_cpu.u_eJ_core.u_eK_exu.u_eL_exu_oitf.depth_gtM.ret_ptr_flg_dfflrs.qout_r	cmt_dcause[I]	u_e203_cpu.u_e203_core.u_e203_exu.u_e203_exu_oitf.depth_gt1.ret_ptr_flg_dfflrs.qout_r$_DFFE_PN0P_/Q	cmt_dcause[0]
619	-0.3259	u_eI_cpu.u_eJ_irq_sync.master_gen.u_dbg_irq_sync.sync_gen[K].i_is_not_L.sync_dffr.qout_r	cmt_dcause_ena	u_e203_cpu.u_e203_irq_sync.master_gen.u_dbg_irq_sync.sync_gen[1].i_is_not_0.sync_dffr.qout_r$_DFF_PN0_/Q	cmt_dcause_ena
620	-0.3241	u_eI_cpu.u_eJ_core.u_eK_ifu.u_eL_ifu_ifetch.ir_rsMidx_dfflr.qout_r[N]	u_eI_cpu.u_eJ_core.u_eK_exu.u_eL_exu_regfile.regfile[M].rfnoN.rf_dffl.qout_r[O]	u_e203_cpu.u_e203_core.u_e203_ifu.u_e203_ifu_ifetch.ir_rs2idx_dfflr.qout_r[3]$_DFFE_PN0P_/Q	u_e203_cpu.u_e203_core.u_e203_exu.u_e203_exu_regfile.regfile[18].rfno0.rf_dffl.qout_r[10]$_DFFE_PP_/D
621	-0.3241	u_eI_cpu.u_eJ_core.u_eK_exu.u_eL_exu_csr.mie_dfflr.qout_r[M]	cmt_dcause[I]	u_e203_cpu.u_e203_core.u_e203_exu.u_e203_exu_csr.mie_dfflr.qout_r[7]$_DFFE_PN0P_/Q	cmt_dcause[0]
622	-0.3239	u_eI_cpu.u_eJ_core.u_eK_ifu.u_eL_ifu_ifetch.ifu_lo_ir_dfflr.qout_r[M]	u_eI_cpu.u_eJ_dtcm_ctrl.u_sram_icb_ctrl.u_sirv_Kcyc_sram_ctrl.u_eL_stage.dp_gt_M.vld_dfflr.qout_r	u_e203_cpu.u_e203_core.u_e203_ifu.u_e203_ifu_ifetch.ifu_lo_ir_dfflr.qout_r[11]$_DFFE_PN0P_/Q	u_e203_cpu.u_e203_dtcm_ctrl.u_sram_icb_ctrl.u_sirv_1cyc_sram_ctrl.u_e1_stage.dp_gt_0.vld_dfflr.qout_r$_DFFE_PN0P_/D
623	-0.3234	u_eI_cpu.u_eJ_core.u_eK_ifu.u_eL_ifu_ifetch.ifu_err_dfflr.qout_r	u_eI_cpu.u_eJ_clk_ctrl.itcm_active_dffr.qout_r	u_e203_cpu.u_e203_core.u_e203_ifu.u_e203_ifu_ifetch.ifu_err_dfflr.qout_r$_DFFE_PN0P_/Q	u_e203_cpu.u_e203_clk_ctrl.itcm_active_dffr.qout_r$_DFF_PN0_/D
624	-0.3224	u_eI_cpu.u_eJ_core.u_eK_ifu.u_eL_ifu_ifetch.ifu_lo_ir_dfflr.qout_r[M]	u_eI_cpu.u_eJ_core.u_eK_ifu.u_eL_ifu_ifetch.ifu_pc_dfflr.qout_r[M]	u_e203_cpu.u_e203_core.u_e203_ifu.u_e203_ifu_ifetch.ifu_lo_ir_dfflr.qout_r[11]$_DFFE_PN0P_/Q	u_e203_cpu.u_e203_core.u_e203_ifu.u_e203_ifu_ifetch.ifu_pc_dfflr.qout_r[10]$_DFFE_PN0P_/D
625	-0.3215	u_eI_cpu.u_eJ_core.u_eK_ifu.u_eL_ifu_ifetch.ifu_hi_ir_dfflr.qout_r[M]	u_eI_cpu.u_eJ_core.u_eK_lsu.u_eL_lsu_ctrl.excl_addr_dffl.qout_r[M]	u_e203_cpu.u_e203_core.u_e203_ifu.u_e203_ifu_ifetch.ifu_hi_ir_dfflr.qout_r[15]$_DFFE_PN0P_/Q	u_e203_cpu.u_e203_core.u_e203_lsu.u_e203_lsu_ctrl.excl_addr_dffl.qout_r[30]$_DFFE_PN0P_/D
626	-0.3207	u_eI_cpu.u_eJ_core.u_eK_ifu.u_eL_ifu_ifetch.ifu_err_dfflr.qout_r	u_eI_cpu.u_eJ_core.u_eK_ifu.u_eL_ifu_iftMicb.icb_state_dfflr.qout_r[N]	u_e203_cpu.u_e203_core.u_e203_ifu.u_e203_ifu_ifetch.ifu_err_dfflr.qout_r$_DFFE_PN0P_/Q	u_e203_cpu.u_e203_core.u_e203_ifu.u_e203_ifu_ift2icb.icb_state_dfflr.qout_r[1]$_DFFE_PN0P_/D
627	-0.3199	u_eI_cpu.u_eJ_irq_sync.master_gen.u_ext_irq_sync.sync_gen[K].i_is_not_L.sync_dffr.qout_r	cmt_dcause_ena	u_e203_cpu.u_e203_irq_sync.master_gen.u_ext_irq_sync.sync_gen[1].i_is_not_0.sync_dffr.qout_r$_DFF_PN0_/Q	cmt_dcause_ena
628	-0.3167	u_eI_cpu.u_eJ_irq_sync.master_gen.u_tmr_irq_sync.sync_gen[K].i_is_not_L.sync_dffr.qout_r	cmt_dcause[I]	u_e203_cpu.u_e203_irq_sync.master_gen.u_tmr_irq_sync.sync_gen[1].i_is_not_0.sync_dffr.qout_r$_DFF_PN0_/Q	cmt_dcause[0]
629	-0.3147	u_eI_cpu.u_eJ_core.u_eK_ifu.u_eL_ifu_ifetch.ifu_lo_ir_dfflr.qout_r[M]	u_eI_cpu.u_eJ_dtcm_ctrl.u_sram_icb_ctrl.u_sirv_Kcyc_sram_ctrl.u_ram_clkgate.enb	u_e203_cpu.u_e203_core.u_e203_ifu.u_e203_ifu_ifetch.ifu_lo_ir_dfflr.qout_r[11]$_DFFE_PN0P_/Q	u_e203_cpu.u_e203_dtcm_ctrl.u_sram_icb_ctrl.u_sirv_1cyc_sram_ctrl.u_ram_clkgate.enb$_DLATCH_N_/D
630	-0.3132	u_eI_cpu.u_eJ_core.u_eK_exu.u_eL_exu_commit.u_eM_exu_excp.step_req_dfflr.qout_r	cmt_dcause_ena	u_e203_cpu.u_e203_core.u_e203_exu.u_e203_exu_commit.u_e203_exu_excp.step_req_dfflr.qout_r$_DFFE_PN0P_/Q	cmt_dcause_ena
631	-0.3128	u_eI_cpu.u_eJ_core.u_eK_ifu.u_eL_ifu_ifetch.ifu_pc_dfflr.qout_r[M]	extIdtcm_icb_cmd_ready	u_e203_cpu.u_e203_core.u_e203_ifu.u_e203_ifu_ifetch.ifu_pc_dfflr.qout_r[2]$_DFFE_PN0P_/Q	ext2dtcm_icb_cmd_ready
632	-0.3115	u_eI_cpu.u_eJ_core.u_eK_lsu.u_eL_lsu_ctrl.u_eM_lsu_splt_stage.dp_gt_N.vld_dfflr.qout_r	u_eI_cpu.u_eJ_core.u_eK_ifu.u_eL_ifu_iftMicb.leftover_dffl.qout_r[N]	u_e203_cpu.u_e203_core.u_e203_lsu.u_e203_lsu_ctrl.u_e203_lsu_splt_stage.dp_gt_0.vld_dfflr.qout_r$_DFFE_PN0P_/Q	u_e203_cpu.u_e203_core.u_e203_ifu.u_e203_ifu_ift2icb.leftover_dffl.qout_r[10]$_DFFE_PP_/D
633	-0.3114	u_eI_cpu.u_eJ_irq_sync.master_gen.u_sft_irq_sync.sync_gen[K].i_is_not_L.sync_dffr.qout_r	cmt_dcause[I]	u_e203_cpu.u_e203_irq_sync.master_gen.u_sft_irq_sync.sync_gen[1].i_is_not_0.sync_dffr.qout_r$_DFF_PN0_/Q	cmt_dcause[0]
634	-0.3098	u_eI_cpu.u_eJ_core.u_eK_ifu.u_eL_ifu_ifetch.ifu_err_dfflr.qout_r	u_eI_cpu.u_eJ_core.u_eK_ifu.u_eL_ifu_ifetch.reset_req_dfflr.qout_r	u_e203_cpu.u_e203_core.u_e203_ifu.u_e203_ifu_ifetch.ifu_err_dfflr.qout_r$_DFFE_PN0P_/Q	u_e203_cpu.u_e203_core.u_e203_ifu.u_e203_ifu_ifetch.reset_req_dfflr.qout_r$_DFFE_PN0P_/D
635	-0.3091	dbg_ebreakm_r	cmt_dcause_ena	dbg_ebreakm_r	cmt_dcause_ena
636	-0.3087	u_eI_cpu.u_eJ_core.u_eK_ifu.u_eL_ifu_ifetch.ifu_err_dfflr.qout_r	u_eI_cpu.u_eJ_core.u_eK_ifu.u_eL_ifu_iftMicb.icb_addr_N_O_dffl.qout_r[P]	u_e203_cpu.u_e203_core.u_e203_ifu.u_e203_ifu_ifetch.ifu_err_dfflr.qout_r$_DFFE_PN0P_/Q	u_e203_cpu.u_e203_core.u_e203_ifu.u_e203_ifu_ift2icb.icb_addr_2_1_dffl.qout_r[0]$_DFFE_PP_/D
637	-0.3051	u_eI_cpu.u_eJ_core.u_eK_ifu.u_eL_ifu_ifetch.ifu_prdt_taken_dfflr.qout_r	cmt_dcause[I]	u_e203_cpu.u_e203_core.u_e203_ifu.u_e203_ifu_ifetch.ifu_prdt_taken_dfflr.qout_r$_DFFE_PN0P_/Q	cmt_dcause[0]
638	-0.3032	u_eI_cpu.u_eJ_core.u_eK_biu.u_sirv_gnrl_icb_buffer.u_sirv_gnrl_rsp_fifo.dp_gtL.fifo_rf[M].fifo_rf_dffl.qout_r[N]	cmt_dcause[I]	u_e203_cpu.u_e203_core.u_e203_biu.u_sirv_gnrl_icb_buffer.u_sirv_gnrl_rsp_fifo.dp_gt0.fifo_rf[0].fifo_rf_dffl.qout_r[34]$_DFFE_PP_/Q	cmt_dcause[0]
639	-0.3032	u_eI_cpu.u_eJ_core.u_eK_ifu.u_eL_ifu_ifetch.ir_muldiv_bMb_dfflr.qout_r	extIitcm_icb_cmd_ready	u_e203_cpu.u_e203_core.u_e203_ifu.u_e203_ifu_ifetch.ir_muldiv_b2b_dfflr.qout_r$_DFFE_PN0P_/Q	ext2itcm_icb_cmd_ready
640	-0.3024	u_eI_cpu.u_eJ_core.u_eK_ifu.u_eL_ifu_ifetch.ifu_lo_ir_dfflr.qout_r[M]	u_eI_cpu.u_eJ_core.u_eK_exu.u_eL_exu_alu.u_eM_exu_alu_muldiv.part_prdt_sftN_dfflr.qout_r	u_e203_cpu.u_e203_core.u_e203_ifu.u_e203_ifu_ifetch.ifu_lo_ir_dfflr.qout_r[11]$_DFFE_PN0P_/Q	u_e203_cpu.u_e203_core.u_e203_exu.u_e203_exu_alu.u_e203_exu_alu_muldiv.part_prdt_sft1_dfflr.qout_r$_DFFE_PN0P_/D
641	-0.3005	u_eI_cpu.u_eJ_core.u_eK_ifu.u_eL_ifu_ifetch.ifu_hi_ir_dfflr.qout_r[M]	u_eI_cpu.u_eJ_dtcm_ctrl.u_sram_icb_ctrl.u_byp_icb_cmd_buf.u_bypbuf_fifo.dp_gtK.vec_L_dfflr.qout_r	u_e203_cpu.u_e203_core.u_e203_ifu.u_e203_ifu_ifetch.ifu_hi_ir_dfflr.qout_r[15]$_DFFE_PN0P_/Q	u_e203_cpu.u_e203_dtcm_ctrl.u_sram_icb_ctrl.u_byp_icb_cmd_buf.u_bypbuf_fifo.dp_gt0.vec_31_dfflr.qout_r$_DFFE_PN0P_/D
642	-0.2990	u_eI_cpu.u_eJ_core.u_eK_ifu.u_eL_ifu_ifetch.ifu_err_dfflr.qout_r	u_eI_cpu.u_eJ_core.u_eK_ifu.u_eL_ifu_iftMicb.req_same_cross_holdup_dfflr.qout_r	u_e203_cpu.u_e203_core.u_e203_ifu.u_e203_ifu_ifetch.ifu_err_dfflr.qout_r$_DFFE_PN0P_/Q	u_e203_cpu.u_e203_core.u_e203_ifu.u_e203_ifu_ift2icb.req_same_cross_holdup_dfflr.qout_r$_DFFE_PN0P_/D
643	-0.2988	u_eI_cpu.u_eJ_core.u_eK_ifu.u_eL_ifu_ifetch.ifu_err_dfflr.qout_r	u_eI_cpu.u_eJ_core.u_eK_ifu.u_eL_ifu_iftMicb.req_lane_cross_dfflr.qout_r	u_e203_cpu.u_e203_core.u_e203_ifu.u_e203_ifu_ifetch.ifu_err_dfflr.qout_r$_DFFE_PN0P_/Q	u_e203_cpu.u_e203_core.u_e203_ifu.u_e203_ifu_ift2icb.req_lane_cross_dfflr.qout_r$_DFFE_PN0P_/D
644	-0.2988	u_eI_cpu.u_eJ_core.u_eK_ifu.u_eL_ifu_ifetch.ifu_err_dfflr.qout_r	u_eI_cpu.u_eJ_core.u_eK_ifu.u_eL_ifu_iftMicb.req_need_Nuop_dfflr.qout_r	u_e203_cpu.u_e203_core.u_e203_ifu.u_e203_ifu_ifetch.ifu_err_dfflr.qout_r$_DFFE_PN0P_/Q	u_e203_cpu.u_e203_core.u_e203_ifu.u_e203_ifu_ift2icb.req_need_2uop_dfflr.qout_r$_DFFE_PN0P_/D
645	-0.2983	u_eI_cpu.u_eJ_core.u_eK_ifu.u_eL_ifu_ifetch.ifu_hi_ir_dfflr.qout_r[M]	u_eI_cpu.u_eJ_core.u_eK_exu.u_eL_exu_alu.u_eM_exu_alu_muldiv.part_remd_sftN_dfflr.qout_r	u_e203_cpu.u_e203_core.u_e203_ifu.u_e203_ifu_ifetch.ifu_hi_ir_dfflr.qout_r[15]$_DFFE_PN0P_/Q	u_e203_cpu.u_e203_core.u_e203_exu.u_e203_exu_alu.u_e203_exu_alu_muldiv.part_remd_sft1_dfflr.qout_r$_DFFE_PN0P_/D
646	-0.2974	u_eI_cpu.u_eJ_core.u_eK_ifu.u_eL_ifu_ifetch.ir_rsMidx_dfflr.qout_r[N]	u_eI_cpu.u_eJ_core.u_eK_lsu.u_eL_lsu_ctrl.excl_addr_dffl.qout_r[M]	u_e203_cpu.u_e203_core.u_e203_ifu.u_e203_ifu_ifetch.ir_rs2idx_dfflr.qout_r[3]$_DFFE_PN0P_/Q	u_e203_cpu.u_e203_core.u_e203_lsu.u_e203_lsu_ctrl.excl_addr_dffl.qout_r[30]$_DFFE_PN0P_/D
647	-0.2962	dbg_step_r	u_eI_cpu.u_eJ_core.u_eK_exu.u_eL_exu_commit.u_eM_exu_excp.wfi_halt_req_dfflr.qout_r	dbg_step_r	u_e203_cpu.u_e203_core.u_e203_exu.u_e203_exu_commit.u_e203_exu_excp.wfi_halt_req_dfflr.qout_r$_DFFE_PN0P_/D
648	-0.2960	u_eI_cpu.u_eJ_core.u_eK_ifu.u_eL_ifu_ifetch.ifu_lo_ir_dfflr.qout_r[M]	u_eI_cpu.u_eJ_core.u_eK_exu.u_eL_exu_oitf.oitf_entries[M].pc_dfflrs.qout_r[N]	u_e203_cpu.u_e203_core.u_e203_ifu.u_e203_ifu_ifetch.ifu_lo_ir_dfflr.qout_r[11]$_DFFE_PN0P_/Q	u_e203_cpu.u_e203_core.u_e203_exu.u_e203_exu_oitf.oitf_entries[0].pc_dfflrs.qout_r[10]$_DFFE_PP_/D
649	-0.2960	u_eI_cpu.u_eJ_core.u_eK_ifu.u_eL_ifu_ifetch.ifu_lo_ir_dfflr.qout_r[M]	u_eI_cpu.u_eJ_core.u_eK_exu.u_eL_exu_oitf.oitf_entries[M].rdwen_dfflrs.qout_r	u_e203_cpu.u_e203_core.u_e203_ifu.u_e203_ifu_ifetch.ifu_lo_ir_dfflr.qout_r[11]$_DFFE_PN0P_/Q	u_e203_cpu.u_e203_core.u_e203_exu.u_e203_exu_oitf.oitf_entries[0].rdwen_dfflrs.qout_r$_DFFE_PP_/D
650	-0.2950	u_eI_cpu.u_eJ_core.u_eK_exu.u_eL_exu_regfile.regfile[M].rfnoN.rf_dffl.qout_r[O]	u_eI_cpu.u_eJ_core.u_eK_ifu.u_eL_ifu_iftMicb.leftover_dffl.qout_r[N]	u_e203_cpu.u_e203_core.u_e203_exu.u_e203_exu_regfile.regfile[13].rfno0.rf_dffl.qout_r[31]$_DFFE_PP_/Q	u_e203_cpu.u_e203_core.u_e203_ifu.u_e203_ifu_ift2icb.leftover_dffl.qout_r[10]$_DFFE_PP_/D
651	-0.2934	u_eI_cpu.u_eJ_core.u_eK_ifu.u_eL_ifu_ifetch.ifu_err_dfflr.qout_r	u_eI_cpu.u_eJ_core.u_eK_ifu.u_eL_ifu_ifetch.pc_newpend_dfflr.qout_r	u_e203_cpu.u_e203_core.u_e203_ifu.u_e203_ifu_ifetch.ifu_err_dfflr.qout_r$_DFFE_PN0P_/Q	u_e203_cpu.u_e203_core.u_e203_ifu.u_e203_ifu_ifetch.pc_newpend_dfflr.qout_r$_DFFE_PN0P_/D
652	-0.2932	u_eI_cpu.u_eJ_core.u_eK_ifu.u_eL_ifu_ifetch.ifu_lo_ir_dfflr.qout_r[M]	u_eI_cpu.u_eJ_clk_ctrl.u_dtcm_clkgate.enb	u_e203_cpu.u_e203_core.u_e203_ifu.u_e203_ifu_ifetch.ifu_lo_ir_dfflr.qout_r[11]$_DFFE_PN0P_/Q	u_e203_cpu.u_e203_clk_ctrl.u_dtcm_clkgate.enb$_DLATCH_N_/D
653	-0.2928	u_eI_cpu.u_eJ_core.u_eK_ifu.u_eL_ifu_ifetch.ifu_lo_ir_dfflr.qout_r[M]	u_eI_cpu.u_eJ_core.u_eK_exu.u_eL_exu_oitf.oitf_entries[M].rdidx_dfflrs.qout_r[N]	u_e203_cpu.u_e203_core.u_e203_ifu.u_e203_ifu_ifetch.ifu_lo_ir_dfflr.qout_r[11]$_DFFE_PN0P_/Q	u_e203_cpu.u_e203_core.u_e203_exu.u_e203_exu_oitf.oitf_entries[1].rdidx_dfflrs.qout_r[3]$_DFFE_PP_/D
654	-0.2913	u_eI_cpu.u_eJ_core.u_eK_ifu.u_eL_ifu_ifetch.ifu_lo_ir_dfflr.qout_r[M]	u_eI_cpu.u_eJ_itcm_ctrl.u_itcm_icb_extKitcm_nLw.fifo_dp_M.u_sirv_gnrl_nNw_fifo.dp_gt_O.dat_dfflr.qout_r	u_e203_cpu.u_e203_core.u_e203_ifu.u_e203_ifu_ifetch.ifu_lo_ir_dfflr.qout_r[11]$_DFFE_PN0P_/Q	u_e203_cpu.u_e203_itcm_ctrl.u_itcm_icb_ext2itcm_n2w.fifo_dp_1.u_sirv_gnrl_n2w_fifo.dp_gt_0.dat_dfflr.qout_r$_DFFE_PP_/D
655	-0.2890	u_eI_cpu.u_eJ_core.u_eK_ifu.u_eL_ifu_ifetch.ifu_err_dfflr.qout_r	u_eI_cpu.u_eJ_itcm_ctrl.u_sram_icb_ctrl.u_sirv_Kcyc_sram_ctrl.u_eL_stage.dp_gt_M.dat_dfflr.qout_r[N]	u_e203_cpu.u_e203_core.u_e203_ifu.u_e203_ifu_ifetch.ifu_err_dfflr.qout_r$_DFFE_PN0P_/Q	u_e203_cpu.u_e203_itcm_ctrl.u_sram_icb_ctrl.u_sirv_1cyc_sram_ctrl.u_e1_stage.dp_gt_0.dat_dfflr.qout_r[1]$_DFFE_PP_/D
656	-0.2885	u_eI_cpu.u_eJ_core.u_eK_ifu.u_eL_ifu_ifetch.ifu_err_dfflr.qout_r	u_eI_cpu.u_eJ_core.u_eK_ifu.u_eL_ifu_iftMicb.u_eN_ifetch_rsp_bypbuf.u_bypbuf_fifo.dp_gtO.vec_P_dfflrs.qout_r	u_e203_cpu.u_e203_core.u_e203_ifu.u_e203_ifu_ifetch.ifu_err_dfflr.qout_r$_DFFE_PN0P_/Q	u_e203_cpu.u_e203_core.u_e203_ifu.u_e203_ifu_ift2icb.u_e203_ifetch_rsp_bypbuf.u_bypbuf_fifo.dp_gt0.vec_0_dfflrs.qout_r$_DFFE_PN1P_/D
657	-0.2877	u_eI_cpu.u_eJ_core.u_eK_ifu.u_eL_ifu_ifetch.ifu_err_dfflr.qout_r	u_eI_cpu.u_eJ_core.u_eK_ifu.u_eL_ifu_iftMicb.icbNmem_dfflr.qout_r	u_e203_cpu.u_e203_core.u_e203_ifu.u_e203_ifu_ifetch.ifu_err_dfflr.qout_r$_DFFE_PN0P_/Q	u_e203_cpu.u_e203_core.u_e203_ifu.u_e203_ifu_ift2icb.icb2mem_dfflr.qout_r$_DFFE_PN0P_/D
658	-0.2876	u_eI_cpu.u_eJ_core.u_eK_lsu.u_eL_lsu_ctrl.u_lsu_icb_arbt.arbt_num_gt_M_gen.dp_N.u_sirv_gnrl_rspid_fifo.dp_gt_O.vld_dfflr.qout_r	cmt_dcause[I]	u_e203_cpu.u_e203_core.u_e203_lsu.u_e203_lsu_ctrl.u_lsu_icb_arbt.arbt_num_gt_1_gen.dp_1.u_sirv_gnrl_rspid_fifo.dp_gt_0.vld_dfflr.qout_r$_DFFE_PN0P_/Q	cmt_dcause[0]
659	-0.2852	u_eI_cpu.u_eJ_core.u_eK_ifu.u_eL_ifu_ifetch.ifu_lo_ir_dfflr.qout_r[M]	u_eI_cpu.u_eJ_itcm_ctrl.u_itcm_icb_extKitcm_nLw.fifo_dp_M.u_sirv_gnrl_nNw_fifo.dp_gt_O.vld_dfflr.qout_r	u_e203_cpu.u_e203_core.u_e203_ifu.u_e203_ifu_ifetch.ifu_lo_ir_dfflr.qout_r[11]$_DFFE_PN0P_/Q	u_e203_cpu.u_e203_itcm_ctrl.u_itcm_icb_ext2itcm_n2w.fifo_dp_1.u_sirv_gnrl_n2w_fifo.dp_gt_0.vld_dfflr.qout_r$_DFFE_PN0P_/D
660	-0.2851	u_eI_cpu.u_eJ_irq_sync.master_gen.u_dbg_irq_sync.sync_gen[K].i_is_not_L.sync_dffr.qout_r	cmt_dcause[I]	u_e203_cpu.u_e203_irq_sync.master_gen.u_dbg_irq_sync.sync_gen[1].i_is_not_0.sync_dffr.qout_r$_DFF_PN0_/Q	cmt_dcause[0]
661	-0.2849	u_eI_cpu.u_eJ_core.u_eK_ifu.u_eL_ifu_ifetch.ifu_lo_ir_dfflr.qout_r[M]	u_eI_cpu.u_eJ_itcm_ctrl.u_itcm_icb_arbt.arbt_num_gt_K_gen.dp_L.u_sirv_gnrl_rspid_fifo.dp_gt_M.dat_dfflr.qout_r	u_e203_cpu.u_e203_core.u_e203_ifu.u_e203_ifu_ifetch.ifu_lo_ir_dfflr.qout_r[11]$_DFFE_PN0P_/Q	u_e203_cpu.u_e203_itcm_ctrl.u_itcm_icb_arbt.arbt_num_gt_1_gen.dp_1.u_sirv_gnrl_rspid_fifo.dp_gt_0.dat_dfflr.qout_r$_DFFE_PP_/D
662	-0.2847	u_eI_cpu.u_eJ_core.u_eK_ifu.u_eL_ifu_iftMicb.icb_state_dfflr.qout_r[N]	u_eI_cpu.u_eJ_core.u_eK_ifu.u_eL_ifu_iftMicb.leftover_dffl.qout_r[N]	u_e203_cpu.u_e203_core.u_e203_ifu.u_e203_ifu_ift2icb.icb_state_dfflr.qout_r[0]$_DFFE_PN0P_/Q	u_e203_cpu.u_e203_core.u_e203_ifu.u_e203_ifu_ift2icb.leftover_dffl.qout_r[10]$_DFFE_PP_/D
663	-0.2845	u_eI_cpu.u_eJ_core.u_eK_ifu.u_eL_ifu_ifetch.ifu_hi_ir_dfflr.qout_r[M]	u_eI_cpu.u_eJ_dtcm_ctrl.u_sram_icb_ctrl.u_sirv_Kcyc_sram_ctrl.u_eL_stage.dp_gt_M.vld_dfflr.qout_r	u_e203_cpu.u_e203_core.u_e203_ifu.u_e203_ifu_ifetch.ifu_hi_ir_dfflr.qout_r[15]$_DFFE_PN0P_/Q	u_e203_cpu.u_e203_dtcm_ctrl.u_sram_icb_ctrl.u_sirv_1cyc_sram_ctrl.u_e1_stage.dp_gt_0.vld_dfflr.qout_r$_DFFE_PN0P_/D
664	-0.2830	u_eI_cpu.u_eJ_core.u_eK_ifu.u_eL_ifu_ifetch.ifu_hi_ir_dfflr.qout_r[M]	u_eI_cpu.u_eJ_core.u_eK_ifu.u_eL_ifu_ifetch.ifu_pc_dfflr.qout_r[M]	u_e203_cpu.u_e203_core.u_e203_ifu.u_e203_ifu_ifetch.ifu_hi_ir_dfflr.qout_r[15]$_DFFE_PN0P_/Q	u_e203_cpu.u_e203_core.u_e203_ifu.u_e203_ifu_ifetch.ifu_pc_dfflr.qout_r[10]$_DFFE_PN0P_/D
665	-0.2811	u_eI_cpu.u_eJ_core.u_eK_ifu.u_eL_ifu_ifetch.ifu_err_dfflr.qout_r	u_eI_cpu.u_eJ_core.u_eK_ifu.u_eL_ifu_ifetch.ir_rsMidx_dfflr.qout_r[N]	u_e203_cpu.u_e203_core.u_e203_ifu.u_e203_ifu_ifetch.ifu_err_dfflr.qout_r$_DFFE_PN0P_/Q	u_e203_cpu.u_e203_core.u_e203_ifu.u_e203_ifu_ifetch.ir_rs2idx_dfflr.qout_r[1]$_DFFE_PN0P_/D
666	-0.2810	u_eI_cpu.u_eJ_core.u_eK_exu.u_eL_exu_alu.u_eM_exu_alu_muldiv.exec_cnt_dfflr.qout_r[N]	cmt_dcause[I]	u_e203_cpu.u_e203_core.u_e203_exu.u_e203_exu_alu.u_e203_exu_alu_muldiv.exec_cnt_dfflr.qout_r[3]$_DFFE_PN0P_/Q	cmt_dcause[0]
667	-0.2801	u_eI_cpu.u_eJ_core.u_eK_ifu.u_eL_ifu_ifetch.ifu_lo_ir_dfflr.qout_r[M]	u_eI_cpu.u_eJ_core.u_eK_exu.u_eL_exu_csr.mtvec_dfflr.qout_r[M]	u_e203_cpu.u_e203_core.u_e203_ifu.u_e203_ifu_ifetch.ifu_lo_ir_dfflr.qout_r[11]$_DFFE_PN0P_/Q	u_e203_cpu.u_e203_core.u_e203_exu.u_e203_exu_csr.mtvec_dfflr.qout_r[10]$_DFFE_PN0P_/D
668	-0.2801	u_eI_cpu.u_eJ_core.u_eK_ifu.u_eL_ifu_ifetch.ifu_lo_ir_dfflr.qout_r[M]	u_eI_cpu.u_eJ_dtcm_ctrl.u_dtcm_icb_arbt.arbt_num_gt_K_gen.dp_L.u_sirv_gnrl_rspid_fifo.dp_gt_M.vld_dfflr.qout_r	u_e203_cpu.u_e203_core.u_e203_ifu.u_e203_ifu_ifetch.ifu_lo_ir_dfflr.qout_r[11]$_DFFE_PN0P_/Q	u_e203_cpu.u_e203_dtcm_ctrl.u_dtcm_icb_arbt.arbt_num_gt_1_gen.dp_1.u_sirv_gnrl_rspid_fifo.dp_gt_0.vld_dfflr.qout_r$_DFFE_PN0P_/D
669	-0.2793	u_eI_cpu.u_eJ_core.u_eK_lsu.u_eL_lsu_ctrl.u_lsu_icb_arbt.arbt_num_gt_M_gen.dp_N.u_sirv_gnrl_rspid_fifo.dp_gt_O.dat_dfflr.qout_r	cmt_dcause[I]	u_e203_cpu.u_e203_core.u_e203_lsu.u_e203_lsu_ctrl.u_lsu_icb_arbt.arbt_num_gt_1_gen.dp_1.u_sirv_gnrl_rspid_fifo.dp_gt_0.dat_dfflr.qout_r$_DFFE_PP_/Q	cmt_dcause[0]
670	-0.2778	u_eI_cpu.u_eJ_core.u_eK_ifu.u_eL_ifu_ifetch.ifu_lo_ir_dfflr.qout_r[M]	u_eI_cpu.u_eJ_core.u_eK_exu.u_eL_exu_alu.u_eM_exu_alu_lsuagu.icb_state_dfflr.qout_r[N]	u_e203_cpu.u_e203_core.u_e203_ifu.u_e203_ifu_ifetch.ifu_lo_ir_dfflr.qout_r[11]$_DFFE_PN0P_/Q	u_e203_cpu.u_e203_core.u_e203_exu.u_e203_exu_alu.u_e203_exu_alu_lsuagu.icb_state_dfflr.qout_r[2]$_DFFE_PN0P_/D
671	-0.2774	u_eI_cpu.u_eJ_irq_sync.master_gen.u_ext_irq_sync.sync_gen[K].i_is_not_L.sync_dffr.qout_r	cmt_dcause[I]	u_e203_cpu.u_e203_irq_sync.master_gen.u_ext_irq_sync.sync_gen[1].i_is_not_0.sync_dffr.qout_r$_DFF_PN0_/Q	cmt_dcause[0]
672	-0.2764	u_eI_cpu.u_eJ_core.u_eK_ifu.u_eL_ifu_ifetch.ir_rsMidx_dfflr.qout_r[N]	u_eI_cpu.u_eJ_dtcm_ctrl.u_sram_icb_ctrl.u_byp_icb_cmd_buf.u_bypbuf_fifo.dp_gtK.vec_L_dfflr.qout_r	u_e203_cpu.u_e203_core.u_e203_ifu.u_e203_ifu_ifetch.ir_rs2idx_dfflr.qout_r[3]$_DFFE_PN0P_/Q	u_e203_cpu.u_e203_dtcm_ctrl.u_sram_icb_ctrl.u_byp_icb_cmd_buf.u_bypbuf_fifo.dp_gt0.vec_31_dfflr.qout_r$_DFFE_PN0P_/D
673	-0.2762	u_eI_cpu.u_eJ_core.u_eK_ifu.u_eL_ifu_ifetch.ifu_err_dfflr.qout_r	u_eI_cpu.u_eJ_core.u_eK_ifu.u_eL_ifu_ifetch.out_flag_dfflr.qout_r	u_e203_cpu.u_e203_core.u_e203_ifu.u_e203_ifu_ifetch.ifu_err_dfflr.qout_r$_DFFE_PN0P_/Q	u_e203_cpu.u_e203_core.u_e203_ifu.u_e203_ifu_ifetch.out_flag_dfflr.qout_r$_DFFE_PN0P_/D
674	-0.2753	u_eI_cpu.u_eJ_core.u_eK_ifu.u_eL_ifu_ifetch.ifu_hi_ir_dfflr.qout_r[M]	u_eI_cpu.u_eJ_dtcm_ctrl.u_sram_icb_ctrl.u_sirv_Kcyc_sram_ctrl.u_ram_clkgate.enb	u_e203_cpu.u_e203_core.u_e203_ifu.u_e203_ifu_ifetch.ifu_hi_ir_dfflr.qout_r[15]$_DFFE_PN0P_/Q	u_e203_cpu.u_e203_dtcm_ctrl.u_sram_icb_ctrl.u_sirv_1cyc_sram_ctrl.u_ram_clkgate.enb$_DLATCH_N_/D
675	-0.2748	u_eI_cpu.u_eJ_core.u_eK_ifu.u_eL_ifu_ifetch.ifu_err_dfflr.qout_r	u_eI_cpu.u_eJ_core.u_eK_ifu.u_eL_ifu_ifetch.ifu_err_dfflr.qout_r	u_e203_cpu.u_e203_core.u_e203_ifu.u_e203_ifu_ifetch.ifu_err_dfflr.qout_r$_DFFE_PN0P_/Q	u_e203_cpu.u_e203_core.u_e203_ifu.u_e203_ifu_ifetch.ifu_err_dfflr.qout_r$_DFFE_PN0P_/D
676	-0.2748	u_eI_cpu.u_eJ_core.u_eK_ifu.u_eL_ifu_ifetch.ifu_err_dfflr.qout_r	u_eI_cpu.u_eJ_core.u_eK_ifu.u_eL_ifu_ifetch.ifu_lo_ir_dfflr.qout_r[M]	u_e203_cpu.u_e203_core.u_e203_ifu.u_e203_ifu_ifetch.ifu_err_dfflr.qout_r$_DFFE_PN0P_/Q	u_e203_cpu.u_e203_core.u_e203_ifu.u_e203_ifu_ifetch.ifu_lo_ir_dfflr.qout_r[0]$_DFFE_PN0P_/D
677	-0.2748	u_eI_cpu.u_eJ_core.u_eK_ifu.u_eL_ifu_ifetch.ifu_err_dfflr.qout_r	u_eI_cpu.u_eJ_core.u_eK_ifu.u_eL_ifu_ifetch.ir_muldiv_bMb_dfflr.qout_r	u_e203_cpu.u_e203_core.u_e203_ifu.u_e203_ifu_ifetch.ifu_err_dfflr.qout_r$_DFFE_PN0P_/Q	u_e203_cpu.u_e203_core.u_e203_ifu.u_e203_ifu_ifetch.ir_muldiv_b2b_dfflr.qout_r$_DFFE_PN0P_/D
678	-0.2743	u_eI_cpu.u_eJ_core.u_eK_exu.u_eL_exu_alu.u_eM_exu_alu_muldiv.part_prdt_sftN_dfflr.qout_r	extIdtcm_icb_cmd_ready	u_e203_cpu.u_e203_core.u_e203_exu.u_e203_exu_alu.u_e203_exu_alu_muldiv.part_prdt_sft1_dfflr.qout_r$_DFFE_PN0P_/Q	ext2dtcm_icb_cmd_ready
679	-0.2741	u_eI_cpu.u_eJ_core.u_eK_ifu.u_eL_ifu_ifetch.ir_rsMidx_dfflr.qout_r[N]	u_eI_cpu.u_eJ_core.u_eK_exu.u_eL_exu_alu.u_eM_exu_alu_muldiv.part_remd_sftN_dfflr.qout_r	u_e203_cpu.u_e203_core.u_e203_ifu.u_e203_ifu_ifetch.ir_rs2idx_dfflr.qout_r[3]$_DFFE_PN0P_/Q	u_e203_cpu.u_e203_core.u_e203_exu.u_e203_exu_alu.u_e203_exu_alu_muldiv.part_remd_sft1_dfflr.qout_r$_DFFE_PN0P_/D
680	-0.2727	u_eI_cpu.u_eJ_core.u_eK_lsu.u_eL_lsu_ctrl.u_eM_lsu_splt_stage.dp_gt_N.vld_dfflr.qout_r	u_eI_cpu.u_eJ_core.u_eK_biu.u_sirv_gnrl_icb_buffer.u_sirv_gnrl_cmd_fifo.dp_gtL.fifo_rf[M].fifo_rf_dffl.qout_r[N]	u_e203_cpu.u_e203_core.u_e203_lsu.u_e203_lsu_ctrl.u_e203_lsu_splt_stage.dp_gt_0.vld_dfflr.qout_r$_DFFE_PN0P_/Q	u_e203_cpu.u_e203_core.u_e203_biu.u_sirv_gnrl_icb_buffer.u_sirv_gnrl_cmd_fifo.dp_gt0.fifo_rf[0].fifo_rf_dffl.qout_r[70]$_DFFE_PP_/D
681	-0.2724	u_eI_cpu.u_eJ_core.u_eK_exu.u_eL_exu_commit.u_eM_exu_excp.step_req_dfflr.qout_r	cmt_dcause[I]	u_e203_cpu.u_e203_core.u_e203_exu.u_e203_exu_commit.u_e203_exu_excp.step_req_dfflr.qout_r$_DFFE_PN0P_/Q	cmt_dcause[0]
682	-0.2723	dbg_halt_r	u_eI_cpu.u_eJ_core.u_eK_exu.u_eL_exu_commit.u_eM_exu_excp.wfi_halt_req_dfflr.qout_r	dbg_halt_r	u_e203_cpu.u_e203_core.u_e203_exu.u_e203_exu_commit.u_e203_exu_excp.wfi_halt_req_dfflr.qout_r$_DFFE_PN0P_/D
683	-0.2715	u_eI_cpu.u_eJ_core.u_eK_ifu.u_eL_ifu_ifetch.ifu_lo_ir_dfflr.qout_r[M]	u_eI_cpu.u_eJ_core.u_eK_exu.u_eL_exu_csr.epc_dfflr.qout_r[M]	u_e203_cpu.u_e203_core.u_e203_ifu.u_e203_ifu_ifetch.ifu_lo_ir_dfflr.qout_r[11]$_DFFE_PN0P_/Q	u_e203_cpu.u_e203_core.u_e203_exu.u_e203_exu_csr.epc_dfflr.qout_r[14]$_DFFE_PN0P_/D
684	-0.2712	u_eI_cpu.u_eJ_core.u_eK_exu.u_eL_exu_csr.status_mie_dfflr.qout_r	cmt_dcause_ena	u_e203_cpu.u_e203_core.u_e203_exu.u_e203_exu_csr.status_mie_dfflr.qout_r$_DFFE_PN0P_/QN	cmt_dcause_ena
685	-0.2703	u_eI_cpu.u_eJ_core.u_eK_lsu.u_eL_lsu_ctrl.u_eM_lsu_splt_stage.dp_gt_N.dat_dfflr.qout_r[O]	u_eI_cpu.u_eJ_core.u_eK_ifu.u_eL_ifu_iftMicb.leftover_dffl.qout_r[N]	u_e203_cpu.u_e203_core.u_e203_lsu.u_e203_lsu_ctrl.u_e203_lsu_splt_stage.dp_gt_0.dat_dfflr.qout_r[43]$_DFFE_PP_/Q	u_e203_cpu.u_e203_core.u_e203_ifu.u_e203_ifu_ift2icb.leftover_dffl.qout_r[10]$_DFFE_PP_/D
686	-0.2702	u_eI_cpu.u_eJ_core.u_eK_ifu.u_eL_ifu_ifetch.ifu_lo_ir_dfflr.qout_r[M]	u_eI_cpu.u_eJ_clk_ctrl.dtcm_active_dffr.qout_r	u_e203_cpu.u_e203_core.u_e203_ifu.u_e203_ifu_ifetch.ifu_lo_ir_dfflr.qout_r[11]$_DFFE_PN0P_/Q	u_e203_cpu.u_e203_clk_ctrl.dtcm_active_dffr.qout_r$_DFF_PN0_/D
687	-0.2694	dbg_step_r	u_eI_cpu.u_eJ_core.u_eK_exu.u_eL_exu_commit.u_eM_exu_excp.step_req_dfflr.qout_r	dbg_step_r	u_e203_cpu.u_e203_core.u_e203_exu.u_e203_exu_commit.u_e203_exu_excp.step_req_dfflr.qout_r$_DFFE_PN0P_/D
688	-0.2684	u_eI_cpu.u_eJ_core.u_eK_ifu.u_eL_ifu_ifetch.ifu_pc_dfflr.qout_r[M]	extIitcm_icb_cmd_ready	u_e203_cpu.u_e203_core.u_e203_ifu.u_e203_ifu_ifetch.ifu_pc_dfflr.qout_r[2]$_DFFE_PN0P_/Q	ext2itcm_icb_cmd_ready
689	-0.2664	u_eI_cpu.u_eJ_core.u_eK_ifu.u_eL_ifu_ifetch.ifu_err_dfflr.qout_r	u_eI_cpu.u_eJ_dtcm_ctrl.u_sram_icb_ctrl.u_byp_icb_cmd_buf.u_bypbuf_fifo.dp_gtK.fifo_rf[L].fifo_rf_dffl.qout_r[M]	u_e203_cpu.u_e203_core.u_e203_ifu.u_e203_ifu_ifetch.ifu_err_dfflr.qout_r$_DFFE_PN0P_/Q	u_e203_cpu.u_e203_dtcm_ctrl.u_sram_icb_ctrl.u_byp_icb_cmd_buf.u_bypbuf_fifo.dp_gt0.fifo_rf[0].fifo_rf_dffl.qout_r[1]$_DFFE_PP_/D
690	-0.2663	u_eI_cpu.u_eJ_core.u_eK_lsu.u_eL_lsu_ctrl.u_eM_lsu_splt_stage.dp_gt_N.vld_dfflr.qout_r	u_eI_cpu.u_eJ_clk_ctrl.u_itcm_clkgate.enb	u_e203_cpu.u_e203_core.u_e203_lsu.u_e203_lsu_ctrl.u_e203_lsu_splt_stage.dp_gt_0.vld_dfflr.qout_r$_DFFE_PN0P_/Q	u_e203_cpu.u_e203_clk_ctrl.u_itcm_clkgate.enb$_DLATCH_N_/D
691	-0.2662	u_eI_cpu.u_eJ_core.u_eK_ifu.u_eL_ifu_ifetch.ifu_err_dfflr.qout_r	u_eI_cpu.u_eJ_clk_ctrl.u_biu_clkgate.enb	u_e203_cpu.u_e203_core.u_e203_ifu.u_e203_ifu_ifetch.ifu_err_dfflr.qout_r$_DFFE_PN0P_/Q	u_e203_cpu.u_e203_clk_ctrl.u_biu_clkgate.enb$_DLATCH_N_/D
692	-0.2646	u_eI_cpu.u_eJ_core.u_eK_ifu.u_eL_ifu_ifetch.ifu_err_dfflr.qout_r	u_eI_cpu.u_eJ_core.u_eK_ifu.u_eL_ifu_ifetch.ifu_prdt_taken_dfflr.qout_r	u_e203_cpu.u_e203_core.u_e203_ifu.u_e203_ifu_ifetch.ifu_err_dfflr.qout_r$_DFFE_PN0P_/Q	u_e203_cpu.u_e203_core.u_e203_ifu.u_e203_ifu_ifetch.ifu_prdt_taken_dfflr.qout_r$_DFFE_PN0P_/D
693	-0.2632	u_eI_cpu.u_eJ_core.u_eK_ifu.u_eL_ifu_ifetch.ifu_err_dfflr.qout_r	u_eI_cpu.u_eJ_itcm_ctrl.u_sram_icb_ctrl.u_sirv_Kcyc_sram_ctrl.u_eL_stage.dp_gt_M.vld_dfflr.qout_r	u_e203_cpu.u_e203_core.u_e203_ifu.u_e203_ifu_ifetch.ifu_err_dfflr.qout_r$_DFFE_PN0P_/Q	u_e203_cpu.u_e203_itcm_ctrl.u_sram_icb_ctrl.u_sirv_1cyc_sram_ctrl.u_e1_stage.dp_gt_0.vld_dfflr.qout_r$_DFFE_PN0P_/D
694	-0.2631	u_eI_cpu.u_eJ_core.u_eK_ifu.u_eL_ifu_ifetch.ifu_lo_ir_dfflr.qout_r[M]	u_eI_cpu.u_eJ_core.u_eK_exu.u_eL_exu_csr.badaddr_dfflr.qout_r[M]	u_e203_cpu.u_e203_core.u_e203_ifu.u_e203_ifu_ifetch.ifu_lo_ir_dfflr.qout_r[11]$_DFFE_PN0P_/Q	u_e203_cpu.u_e203_core.u_e203_exu.u_e203_exu_csr.badaddr_dfflr.qout_r[10]$_DFFE_PN0P_/D
695	-0.2630	u_eI_cpu.u_eJ_core.u_eK_ifu.u_eL_ifu_ifetch.ifu_hi_ir_dfflr.qout_r[M]	u_eI_cpu.u_eJ_core.u_eK_exu.u_eL_exu_alu.u_eM_exu_alu_muldiv.part_prdt_sftN_dfflr.qout_r	u_e203_cpu.u_e203_core.u_e203_ifu.u_e203_ifu_ifetch.ifu_hi_ir_dfflr.qout_r[15]$_DFFE_PN0P_/Q	u_e203_cpu.u_e203_core.u_e203_exu.u_e203_exu_alu.u_e203_exu_alu_muldiv.part_prdt_sft1_dfflr.qout_r$_DFFE_PN0P_/D
696	-0.2611	u_eI_cpu.u_eJ_core.u_eK_exu.u_eL_exu_alu.u_eM_exu_alu_dpath.sbf_N_dffl.qout_r[O]	cmt_dcause_ena	u_e203_cpu.u_e203_core.u_e203_exu.u_e203_exu_alu.u_e203_exu_alu_dpath.sbf_0_dffl.qout_r[32]$_SDFFCE_PN0P_/Q	cmt_dcause_ena
697	-0.2603	u_eI_cpu.u_eJ_core.u_eK_ifu.u_eL_ifu_ifetch.ir_rsMidx_dfflr.qout_r[N]	u_eI_cpu.u_eJ_dtcm_ctrl.u_sram_icb_ctrl.u_sirv_Kcyc_sram_ctrl.u_eL_stage.dp_gt_M.vld_dfflr.qout_r	u_e203_cpu.u_e203_core.u_e203_ifu.u_e203_ifu_ifetch.ir_rs2idx_dfflr.qout_r[3]$_DFFE_PN0P_/Q	u_e203_cpu.u_e203_dtcm_ctrl.u_sram_icb_ctrl.u_sirv_1cyc_sram_ctrl.u_e1_stage.dp_gt_0.vld_dfflr.qout_r$_DFFE_PN0P_/D
698	-0.2601	u_eI_cpu.u_eJ_core.u_eK_lsu.u_eL_lsu_ctrl.u_eM_lsu_splt_stage.dp_gt_N.vld_dfflr.qout_r	u_eI_cpu.u_eJ_core.u_eK_biu.u_biu_icb_arbt.arbt_num_gt_L_gen.dp_M.u_sirv_gnrl_rspid_fifo.dp_gt_N.dat_dfflr.qout_r	u_e203_cpu.u_e203_core.u_e203_lsu.u_e203_lsu_ctrl.u_e203_lsu_splt_stage.dp_gt_0.vld_dfflr.qout_r$_DFFE_PN0P_/Q	u_e203_cpu.u_e203_core.u_e203_biu.u_biu_icb_arbt.arbt_num_gt_1_gen.dp_1.u_sirv_gnrl_rspid_fifo.dp_gt_0.dat_dfflr.qout_r$_DFFE_PP_/D
699	-0.2593	u_eI_cpu.u_eJ_core.u_eK_lsu.u_eL_lsu_ctrl.u_eM_lsu_splt_stage.dp_gt_N.vld_dfflr.qout_r	u_eI_srams.u_eJ_itcm_ram.u_eK_itcm_gnrl_ram.u_sirv_sim_ram.mem_r[L][M]	u_e203_cpu.u_e203_core.u_e203_lsu.u_e203_lsu_ctrl.u_e203_lsu_splt_stage.dp_gt_0.vld_dfflr.qout_r$_DFFE_PN0P_/Q	u_e203_srams.u_e203_itcm_ram.u_e203_itcm_gnrl_ram.u_sirv_sim_ram.mem_r[0][32]$_DFFE_PP_/D
700	-0.2588	u_eI_cpu.u_eJ_core.u_eK_ifu.u_eL_ifu_ifetch.ir_rsMidx_dfflr.qout_r[N]	u_eI_cpu.u_eJ_core.u_eK_ifu.u_eL_ifu_ifetch.ifu_pc_dfflr.qout_r[M]	u_e203_cpu.u_e203_core.u_e203_ifu.u_e203_ifu_ifetch.ir_rs2idx_dfflr.qout_r[3]$_DFFE_PN0P_/Q	u_e203_cpu.u_e203_core.u_e203_ifu.u_e203_ifu_ifetch.ifu_pc_dfflr.qout_r[10]$_DFFE_PN0P_/D
701	-0.2581	u_eI_cpu.u_eJ_core.u_eK_lsu.u_eL_lsu_ctrl.u_eM_lsu_splt_stage.dp_gt_N.vld_dfflr.qout_r	u_eI_cpu.u_eJ_core.u_eK_ifu.u_eL_ifu_iftMicb.leftover_err_dfflr.qout_r	u_e203_cpu.u_e203_core.u_e203_lsu.u_e203_lsu_ctrl.u_e203_lsu_splt_stage.dp_gt_0.vld_dfflr.qout_r$_DFFE_PN0P_/Q	u_e203_cpu.u_e203_core.u_e203_ifu.u_e203_ifu_ift2icb.leftover_err_dfflr.qout_r$_DFFE_PN0P_/D
702	-0.2569	u_eI_cpu.u_eJ_core.u_eK_ifu.u_eL_ifu_ifetch.ifu_lo_ir_dfflr.qout_r[M]	u_eI_cpu.u_eJ_core.u_eK_exu.u_eL_exu_oitf.oitf_entries[M].vld_dfflrs.qout_r	u_e203_cpu.u_e203_core.u_e203_ifu.u_e203_ifu_ifetch.ifu_lo_ir_dfflr.qout_r[11]$_DFFE_PN0P_/Q	u_e203_cpu.u_e203_core.u_e203_exu.u_e203_exu_oitf.oitf_entries[1].vld_dfflrs.qout_r$_DFFE_PN0P_/D
703	-0.2567	u_eI_cpu.u_eJ_core.u_eK_ifu.u_eL_ifu_ifetch.ifu_hi_ir_dfflr.qout_r[M]	u_eI_cpu.u_eJ_core.u_eK_exu.u_eL_exu_oitf.oitf_entries[M].pc_dfflrs.qout_r[N]	u_e203_cpu.u_e203_core.u_e203_ifu.u_e203_ifu_ifetch.ifu_hi_ir_dfflr.qout_r[15]$_DFFE_PN0P_/Q	u_e203_cpu.u_e203_core.u_e203_exu.u_e203_exu_oitf.oitf_entries[0].pc_dfflrs.qout_r[10]$_DFFE_PP_/D
704	-0.2567	u_eI_cpu.u_eJ_core.u_eK_ifu.u_eL_ifu_ifetch.ifu_hi_ir_dfflr.qout_r[M]	u_eI_cpu.u_eJ_core.u_eK_exu.u_eL_exu_oitf.oitf_entries[M].rdwen_dfflrs.qout_r	u_e203_cpu.u_e203_core.u_e203_ifu.u_e203_ifu_ifetch.ifu_hi_ir_dfflr.qout_r[15]$_DFFE_PN0P_/Q	u_e203_cpu.u_e203_core.u_e203_exu.u_e203_exu_oitf.oitf_entries[0].rdwen_dfflrs.qout_r$_DFFE_PP_/D
705	-0.2562	u_eI_cpu.u_eJ_core.u_eK_exu.u_eL_exu_regfile.regfile[M].rfnoN.rf_dffl.qout_r[O]	u_eI_cpu.u_eJ_core.u_eK_biu.u_sirv_gnrl_icb_buffer.u_sirv_gnrl_cmd_fifo.dp_gtL.fifo_rf[M].fifo_rf_dffl.qout_r[N]	u_e203_cpu.u_e203_core.u_e203_exu.u_e203_exu_regfile.regfile[13].rfno0.rf_dffl.qout_r[31]$_DFFE_PP_/Q	u_e203_cpu.u_e203_core.u_e203_biu.u_sirv_gnrl_icb_buffer.u_sirv_gnrl_cmd_fifo.dp_gt0.fifo_rf[0].fifo_rf_dffl.qout_r[70]$_DFFE_PP_/D
706	-0.2557	u_eI_cpu.u_eJ_core.u_eK_ifu.u_eL_ifu_ifetch.ifu_err_dfflr.qout_r	u_eI_cpu.u_eJ_itcm_ctrl.u_sram_icb_ctrl.u_sirv_Kcyc_sram_ctrl.u_ram_clkgate.enb	u_e203_cpu.u_e203_core.u_e203_ifu.u_e203_ifu_ifetch.ifu_err_dfflr.qout_r$_DFFE_PN0P_/Q	u_e203_cpu.u_e203_itcm_ctrl.u_sram_icb_ctrl.u_sirv_1cyc_sram_ctrl.u_ram_clkgate.enb$_DLATCH_N_/D
707	-0.2539	u_eI_cpu.u_eJ_core.u_eK_lsu.u_eL_lsu_ctrl.u_eM_lsu_splt_stage.dp_gt_N.vld_dfflr.qout_r	u_eI_cpu.u_eJ_core.u_eK_ifu.u_eL_ifu_ifetch.ifu_hi_ir_dfflr.qout_r[M]	u_e203_cpu.u_e203_core.u_e203_lsu.u_e203_lsu_ctrl.u_e203_lsu_splt_stage.dp_gt_0.vld_dfflr.qout_r$_DFFE_PN0P_/Q	u_e203_cpu.u_e203_core.u_e203_ifu.u_e203_ifu_ifetch.ifu_hi_ir_dfflr.qout_r[10]$_DFFE_PN0P_/D
708	-0.2538	u_eI_cpu.u_eJ_core.u_eK_ifu.u_eL_ifu_ifetch.ifu_hi_ir_dfflr.qout_r[M]	u_eI_cpu.u_eJ_clk_ctrl.u_dtcm_clkgate.enb	u_e203_cpu.u_e203_core.u_e203_ifu.u_e203_ifu_ifetch.ifu_hi_ir_dfflr.qout_r[15]$_DFFE_PN0P_/Q	u_e203_cpu.u_e203_clk_ctrl.u_dtcm_clkgate.enb$_DLATCH_N_/D
709	-0.2535	u_eI_cpu.u_eJ_core.u_eK_lsu.u_eL_lsu_ctrl.u_eM_lsu_splt_stage.dp_gt_N.vld_dfflr.qout_r	u_eI_cpu.u_eJ_itcm_ctrl.u_sram_icb_ctrl.u_byp_icb_cmd_buf.u_bypbuf_fifo.dp_gtK.fifo_rf[L].fifo_rf_dffl.qout_r[M]	u_e203_cpu.u_e203_core.u_e203_lsu.u_e203_lsu_ctrl.u_e203_lsu_splt_stage.dp_gt_0.vld_dfflr.qout_r$_DFFE_PN0P_/Q	u_e203_cpu.u_e203_itcm_ctrl.u_sram_icb_ctrl.u_byp_icb_cmd_buf.u_bypbuf_fifo.dp_gt0.fifo_rf[0].fifo_rf_dffl.qout_r[47]$_DFFE_PP_/D
710	-0.2535	u_eI_cpu.u_eJ_core.u_eK_ifu.u_eL_ifu_ifetch.ifu_hi_ir_dfflr.qout_r[M]	u_eI_cpu.u_eJ_core.u_eK_exu.u_eL_exu_oitf.oitf_entries[M].rdidx_dfflrs.qout_r[N]	u_e203_cpu.u_e203_core.u_e203_ifu.u_e203_ifu_ifetch.ifu_hi_ir_dfflr.qout_r[15]$_DFFE_PN0P_/Q	u_e203_cpu.u_e203_core.u_e203_exu.u_e203_exu_oitf.oitf_entries[1].rdidx_dfflrs.qout_r[3]$_DFFE_PP_/D
711	-0.2534	u_eI_cpu.u_eJ_core.u_eK_ifu.u_eL_ifu_ifetch.ifu_lo_ir_dfflr.qout_r[M]	u_eI_cpu.u_eJ_core.u_eK_exu.u_eL_exu_csr.mcycleh_dfflr.qout_r[M]	u_e203_cpu.u_e203_core.u_e203_ifu.u_e203_ifu_ifetch.ifu_lo_ir_dfflr.qout_r[11]$_DFFE_PN0P_/Q	u_e203_cpu.u_e203_core.u_e203_exu.u_e203_exu_csr.mcycleh_dfflr.qout_r[10]$_DFFE_PN0P_/D
712	-0.2519	u_eI_cpu.u_eJ_core.u_eK_ifu.u_eL_ifu_ifetch.ifu_hi_ir_dfflr.qout_r[M]	u_eI_cpu.u_eJ_itcm_ctrl.u_itcm_icb_extKitcm_nLw.fifo_dp_M.u_sirv_gnrl_nNw_fifo.dp_gt_O.dat_dfflr.qout_r	u_e203_cpu.u_e203_core.u_e203_ifu.u_e203_ifu_ifetch.ifu_hi_ir_dfflr.qout_r[15]$_DFFE_PN0P_/Q	u_e203_cpu.u_e203_itcm_ctrl.u_itcm_icb_ext2itcm_n2w.fifo_dp_1.u_sirv_gnrl_n2w_fifo.dp_gt_0.dat_dfflr.qout_r$_DFFE_PP_/D
713	-0.2512	u_eI_cpu.u_eJ_core.u_eK_ifu.u_eL_ifu_ifetch.ir_rsMidx_dfflr.qout_r[N]	u_eI_cpu.u_eJ_dtcm_ctrl.u_sram_icb_ctrl.u_sirv_Kcyc_sram_ctrl.u_ram_clkgate.enb	u_e203_cpu.u_e203_core.u_e203_ifu.u_e203_ifu_ifetch.ir_rs2idx_dfflr.qout_r[3]$_DFFE_PN0P_/Q	u_e203_cpu.u_e203_dtcm_ctrl.u_sram_icb_ctrl.u_sirv_1cyc_sram_ctrl.u_ram_clkgate.enb$_DLATCH_N_/D
714	-0.2511	u_eI_cpu.u_eJ_core.u_eK_lsu.u_eL_lsu_ctrl.u_eM_lsu_splt_stage.dp_gt_N.vld_dfflr.qout_r	u_eI_cpu.u_eJ_core.u_eK_biu.u_sirv_gnrl_icb_buffer.u_sirv_gnrl_cmd_fifo.dp_gtL.vec_M_dfflr.qout_r	u_e203_cpu.u_e203_core.u_e203_lsu.u_e203_lsu_ctrl.u_e203_lsu_splt_stage.dp_gt_0.vld_dfflr.qout_r$_DFFE_PN0P_/Q	u_e203_cpu.u_e203_core.u_e203_biu.u_sirv_gnrl_icb_buffer.u_sirv_gnrl_cmd_fifo.dp_gt0.vec_31_dfflr.qout_r$_DFFE_PN0P_/D
715	-0.2511	u_eI_cpu.u_eJ_core.u_eK_ifu.u_eL_ifu_ifetch.ifu_lo_ir_dfflr.qout_r[M]	u_eI_cpu.u_eJ_core.u_eK_exu.u_eL_exu_alu.u_eM_exu_alu_muldiv.muldiv_state_dfflr.qout_r[N]	u_e203_cpu.u_e203_core.u_e203_ifu.u_e203_ifu_ifetch.ifu_lo_ir_dfflr.qout_r[11]$_DFFE_PN0P_/Q	u_e203_cpu.u_e203_core.u_e203_exu.u_e203_exu_alu.u_e203_exu_alu_muldiv.muldiv_state_dfflr.qout_r[2]$_DFFE_PN0P_/D
716	-0.2506	u_eI_cpu.u_eJ_core.u_eK_ifu.u_eL_ifu_ifetch.ifu_lo_ir_dfflr.qout_r[M]	u_eI_cpu.u_eJ_core.u_eK_exu.u_eL_exu_oitf.depth_gtM.alc_ptr_dfflrs.qout_r	u_e203_cpu.u_e203_core.u_e203_ifu.u_e203_ifu_ifetch.ifu_lo_ir_dfflr.qout_r[11]$_DFFE_PN0P_/Q	u_e203_cpu.u_e203_core.u_e203_exu.u_e203_exu_oitf.depth_gt1.alc_ptr_dfflrs.qout_r$_DFFE_PN0P_/D
717	-0.2498	u_eI_cpu.u_eJ_core.u_eK_exu.u_eL_exu_regfile.regfile[M].rfnoN.rf_dffl.qout_r[O]	u_eI_cpu.u_eJ_clk_ctrl.u_itcm_clkgate.enb	u_e203_cpu.u_e203_core.u_e203_exu.u_e203_exu_regfile.regfile[13].rfno0.rf_dffl.qout_r[31]$_DFFE_PP_/Q	u_e203_cpu.u_e203_clk_ctrl.u_itcm_clkgate.enb$_DLATCH_N_/D
718	-0.2491	u_eI_cpu.u_eJ_core.u_eK_ifu.u_eL_ifu_ifetch.ifu_lo_ir_dfflr.qout_r[M]	u_eI_cpu.u_eJ_core.u_eK_exu.u_eL_exu_csr.cause_dfflr.qout_r[M]	u_e203_cpu.u_e203_core.u_e203_ifu.u_e203_ifu_ifetch.ifu_lo_ir_dfflr.qout_r[11]$_DFFE_PN0P_/Q	u_e203_cpu.u_e203_core.u_e203_exu.u_e203_exu_csr.cause_dfflr.qout_r[3]$_DFFE_PN0P_/D
719	-0.2458	u_eI_cpu.u_eJ_core.u_eK_ifu.u_eL_ifu_iftMicb.icb_state_dfflr.qout_r[N]	u_eI_cpu.u_eJ_core.u_eK_biu.u_sirv_gnrl_icb_buffer.u_sirv_gnrl_cmd_fifo.dp_gtL.fifo_rf[M].fifo_rf_dffl.qout_r[N]	u_e203_cpu.u_e203_core.u_e203_ifu.u_e203_ifu_ift2icb.icb_state_dfflr.qout_r[0]$_DFFE_PN0P_/Q	u_e203_cpu.u_e203_core.u_e203_biu.u_sirv_gnrl_icb_buffer.u_sirv_gnrl_cmd_fifo.dp_gt0.fifo_rf[0].fifo_rf_dffl.qout_r[70]$_DFFE_PP_/D
720	-0.2458	u_eI_cpu.u_eJ_core.u_eK_ifu.u_eL_ifu_ifetch.ifu_hi_ir_dfflr.qout_r[M]	u_eI_cpu.u_eJ_itcm_ctrl.u_itcm_icb_extKitcm_nLw.fifo_dp_M.u_sirv_gnrl_nNw_fifo.dp_gt_O.vld_dfflr.qout_r	u_e203_cpu.u_e203_core.u_e203_ifu.u_e203_ifu_ifetch.ifu_hi_ir_dfflr.qout_r[15]$_DFFE_PN0P_/Q	u_e203_cpu.u_e203_itcm_ctrl.u_itcm_icb_ext2itcm_n2w.fifo_dp_1.u_sirv_gnrl_n2w_fifo.dp_gt_0.vld_dfflr.qout_r$_DFFE_PN0P_/D
721	-0.2455	u_eI_cpu.u_eJ_core.u_eK_ifu.u_eL_ifu_ifetch.ifu_hi_ir_dfflr.qout_r[M]	u_eI_cpu.u_eJ_itcm_ctrl.u_itcm_icb_arbt.arbt_num_gt_K_gen.dp_L.u_sirv_gnrl_rspid_fifo.dp_gt_M.dat_dfflr.qout_r	u_e203_cpu.u_e203_core.u_e203_ifu.u_e203_ifu_ifetch.ifu_hi_ir_dfflr.qout_r[15]$_DFFE_PN0P_/Q	u_e203_cpu.u_e203_itcm_ctrl.u_itcm_icb_arbt.arbt_num_gt_1_gen.dp_1.u_sirv_gnrl_rspid_fifo.dp_gt_0.dat_dfflr.qout_r$_DFFE_PP_/D
722	-0.2455	dbg_halt_r	u_eI_cpu.u_eJ_core.u_eK_exu.u_eL_exu_commit.u_eM_exu_excp.step_req_dfflr.qout_r	dbg_halt_r	u_e203_cpu.u_e203_core.u_e203_exu.u_e203_exu_commit.u_e203_exu_excp.step_req_dfflr.qout_r$_DFFE_PN0P_/D
723	-0.2449	u_eI_cpu.u_eJ_core.u_eK_ifu.u_eL_ifu_ifetch.ifu_err_dfflr.qout_r	u_eI_cpu.u_eJ_core.u_eK_exu.u_eL_exu_alu.u_eM_exu_alu_dpath.sbf_N_dffl.qout_r[O]	u_e203_cpu.u_e203_core.u_e203_ifu.u_e203_ifu_ifetch.ifu_err_dfflr.qout_r$_DFFE_PN0P_/Q	u_e203_cpu.u_e203_core.u_e203_exu.u_e203_exu_alu.u_e203_exu_alu_dpath.sbf_1_dffl.qout_r[10]$_DFFE_PP_/D
724	-0.2435	u_eI_cpu.u_eJ_core.u_eK_exu.u_eL_exu_regfile.regfile[M].rfnoN.rf_dffl.qout_r[O]	u_eI_cpu.u_eJ_core.u_eK_biu.u_biu_icb_arbt.arbt_num_gt_L_gen.dp_M.u_sirv_gnrl_rspid_fifo.dp_gt_N.dat_dfflr.qout_r	u_e203_cpu.u_e203_core.u_e203_exu.u_e203_exu_regfile.regfile[13].rfno0.rf_dffl.qout_r[31]$_DFFE_PP_/Q	u_e203_cpu.u_e203_core.u_e203_biu.u_biu_icb_arbt.arbt_num_gt_1_gen.dp_1.u_sirv_gnrl_rspid_fifo.dp_gt_0.dat_dfflr.qout_r$_DFFE_PP_/D
725	-0.2435	u_eI_cpu.u_eJ_core.u_eK_lsu.u_eL_lsu_ctrl.u_eM_lsu_splt_stage.dp_gt_N.vld_dfflr.qout_r	u_eI_cpu.u_eJ_core.u_eK_biu.u_sirv_gnrl_icb_buffer.u_sirv_gnrl_cmd_fifo.dp_gtL.vec_M_dfflrs.qout_r	u_e203_cpu.u_e203_core.u_e203_lsu.u_e203_lsu_ctrl.u_e203_lsu_splt_stage.dp_gt_0.vld_dfflr.qout_r$_DFFE_PN0P_/Q	u_e203_cpu.u_e203_core.u_e203_biu.u_sirv_gnrl_icb_buffer.u_sirv_gnrl_cmd_fifo.dp_gt0.vec_0_dfflrs.qout_r$_DFFE_PN1P_/D
726	-0.2433	u_eI_cpu.u_eJ_core.u_eK_ifu.u_eL_ifu_ifetch.ifu_err_dfflr.qout_r	u_eI_cpu.u_eJ_core.u_eK_ifu.u_eL_ifu_ifetch.dly_flush_dfflr.qout_r	u_e203_cpu.u_e203_core.u_e203_ifu.u_e203_ifu_ifetch.ifu_err_dfflr.qout_r$_DFFE_PN0P_/Q	u_e203_cpu.u_e203_core.u_e203_ifu.u_e203_ifu_ifetch.dly_flush_dfflr.qout_r$_DFFE_PN0P_/D
727	-0.2431	u_eI_cpu.u_eJ_core.u_eK_lsu.u_eL_lsu_ctrl.u_eM_lsu_splt_stage.dp_gt_N.vld_dfflr.qout_r	u_eI_cpu.u_eJ_core.u_eK_ifu.u_eL_ifu_iftMicb.icbNitcm_dfflr.qout_r	u_e203_cpu.u_e203_core.u_e203_lsu.u_e203_lsu_ctrl.u_e203_lsu_splt_stage.dp_gt_0.vld_dfflr.qout_r$_DFFE_PN0P_/Q	u_e203_cpu.u_e203_core.u_e203_ifu.u_e203_ifu_ift2icb.icb2itcm_dfflr.qout_r$_DFFE_PN0P_/D
728	-0.2416	u_eI_cpu.u_eJ_core.u_eK_exu.u_eL_exu_regfile.regfile[M].rfnoN.rf_dffl.qout_r[O]	u_eI_cpu.u_eJ_core.u_eK_ifu.u_eL_ifu_iftMicb.leftover_err_dfflr.qout_r	u_e203_cpu.u_e203_core.u_e203_exu.u_e203_exu_regfile.regfile[13].rfno0.rf_dffl.qout_r[31]$_DFFE_PP_/Q	u_e203_cpu.u_e203_core.u_e203_ifu.u_e203_ifu_ift2icb.leftover_err_dfflr.qout_r$_DFFE_PN0P_/D
729	-0.2407	u_eI_cpu.u_eJ_core.u_eK_ifu.u_eL_ifu_ifetch.ifu_hi_ir_dfflr.qout_r[M]	u_eI_cpu.u_eJ_core.u_eK_exu.u_eL_exu_csr.mtvec_dfflr.qout_r[M]	u_e203_cpu.u_e203_core.u_e203_ifu.u_e203_ifu_ifetch.ifu_hi_ir_dfflr.qout_r[15]$_DFFE_PN0P_/Q	u_e203_cpu.u_e203_core.u_e203_exu.u_e203_exu_csr.mtvec_dfflr.qout_r[10]$_DFFE_PN0P_/D
730	-0.2407	u_eI_cpu.u_eJ_core.u_eK_lsu.u_eL_lsu_ctrl.u_eM_lsu_splt_stage.dp_gt_N.vld_dfflr.qout_r	u_eI_cpu.u_eJ_core.u_eK_ifu.u_eL_ifu_ifetch.pc_dfflr.qout_r[M]	u_e203_cpu.u_e203_core.u_e203_lsu.u_e203_lsu_ctrl.u_e203_lsu_splt_stage.dp_gt_0.vld_dfflr.qout_r$_DFFE_PN0P_/Q	u_e203_cpu.u_e203_core.u_e203_ifu.u_e203_ifu_ifetch.pc_dfflr.qout_r[10]$_DFFE_PN0P_/D
731	-0.2407	u_eI_cpu.u_eJ_core.u_eK_ifu.u_eL_ifu_ifetch.ifu_hi_ir_dfflr.qout_r[M]	u_eI_cpu.u_eJ_dtcm_ctrl.u_dtcm_icb_arbt.arbt_num_gt_K_gen.dp_L.u_sirv_gnrl_rspid_fifo.dp_gt_M.vld_dfflr.qout_r	u_e203_cpu.u_e203_core.u_e203_ifu.u_e203_ifu_ifetch.ifu_hi_ir_dfflr.qout_r[15]$_DFFE_PN0P_/Q	u_e203_cpu.u_e203_dtcm_ctrl.u_dtcm_icb_arbt.arbt_num_gt_1_gen.dp_1.u_sirv_gnrl_rspid_fifo.dp_gt_0.vld_dfflr.qout_r$_DFFE_PN0P_/D
732	-0.2401	u_eI_cpu.u_eJ_core.u_eK_ifu.u_eL_ifu_ifetch.ifu_err_dfflr.qout_r	u_eI_cpu.u_eJ_itcm_ctrl.ifu_holdup_dffl.qout_r	u_e203_cpu.u_e203_core.u_e203_ifu.u_e203_ifu_ifetch.ifu_err_dfflr.qout_r$_DFFE_PN0P_/Q	u_e203_cpu.u_e203_itcm_ctrl.ifu_holdup_dffl.qout_r$_DFFE_PN0P_/D
733	-0.2400	u_eI_cpu.u_eJ_core.u_eK_exu.u_eL_exu_regfile.regfile[M].rfnoN.rf_dffl.qout_r[O]	u_eI_srams.u_eJ_itcm_ram.u_eK_itcm_gnrl_ram.u_sirv_sim_ram.mem_r[L][M]	u_e203_cpu.u_e203_core.u_e203_exu.u_e203_exu_regfile.regfile[13].rfno0.rf_dffl.qout_r[31]$_DFFE_PP_/Q	u_e203_srams.u_e203_itcm_ram.u_e203_itcm_gnrl_ram.u_sirv_sim_ram.mem_r[0][32]$_DFFE_PP_/D
734	-0.2394	u_eI_cpu.u_eJ_core.u_eK_ifu.u_eL_ifu_iftMicb.icb_state_dfflr.qout_r[N]	u_eI_cpu.u_eJ_clk_ctrl.u_itcm_clkgate.enb	u_e203_cpu.u_e203_core.u_e203_ifu.u_e203_ifu_ift2icb.icb_state_dfflr.qout_r[0]$_DFFE_PN0P_/Q	u_e203_cpu.u_e203_clk_ctrl.u_itcm_clkgate.enb$_DLATCH_N_/D
735	-0.2389	u_eI_cpu.u_eJ_core.u_eK_ifu.u_eL_ifu_ifetch.ir_rsMidx_dfflr.qout_r[N]	u_eI_cpu.u_eJ_core.u_eK_exu.u_eL_exu_alu.u_eM_exu_alu_muldiv.part_prdt_sftN_dfflr.qout_r	u_e203_cpu.u_e203_core.u_e203_ifu.u_e203_ifu_ifetch.ir_rs2idx_dfflr.qout_r[3]$_DFFE_PN0P_/Q	u_e203_cpu.u_e203_core.u_e203_exu.u_e203_exu_alu.u_e203_exu_alu_muldiv.part_prdt_sft1_dfflr.qout_r$_DFFE_PN0P_/D
736	-0.2384	u_eI_cpu.u_eJ_core.u_eK_ifu.u_eL_ifu_ifetch.ifu_hi_ir_dfflr.qout_r[M]	u_eI_cpu.u_eJ_core.u_eK_exu.u_eL_exu_alu.u_eM_exu_alu_lsuagu.icb_state_dfflr.qout_r[N]	u_e203_cpu.u_e203_core.u_e203_ifu.u_e203_ifu_ifetch.ifu_hi_ir_dfflr.qout_r[15]$_DFFE_PN0P_/Q	u_e203_cpu.u_e203_core.u_e203_exu.u_e203_exu_alu.u_e203_exu_alu_lsuagu.icb_state_dfflr.qout_r[2]$_DFFE_PN0P_/D
737	-0.2381	u_eI_cpu.u_eJ_core.u_eK_lsu.u_eL_lsu_ctrl.u_eM_lsu_splt_stage.dp_gt_N.vld_dfflr.qout_r	u_eI_cpu.u_eJ_core.u_eK_biu.u_sirv_gnrl_icb_buffer.outs_cnt_dfflr.qout_r	u_e203_cpu.u_e203_core.u_e203_lsu.u_e203_lsu_ctrl.u_e203_lsu_splt_stage.dp_gt_0.vld_dfflr.qout_r$_DFFE_PN0P_/Q	u_e203_cpu.u_e203_core.u_e203_biu.u_sirv_gnrl_icb_buffer.outs_cnt_dfflr.qout_r$_DFFE_PN0P_/D
738	-0.2375	u_eI_cpu.u_eJ_core.u_eK_lsu.u_eL_lsu_ctrl.u_eM_lsu_splt_stage.dp_gt_N.vld_dfflr.qout_r	u_eI_srams.u_eJ_dtcm_ram.u_eK_dtcm_gnrl_ram.u_sirv_sim_ram.mem_r[L][M]	u_e203_cpu.u_e203_core.u_e203_lsu.u_e203_lsu_ctrl.u_e203_lsu_splt_stage.dp_gt_0.vld_dfflr.qout_r$_DFFE_PN0P_/Q	u_e203_srams.u_e203_dtcm_ram.u_e203_dtcm_gnrl_ram.u_sirv_sim_ram.mem_r[0][0]$_DFFE_PP_/D
739	-0.2374	u_eI_cpu.u_eJ_core.u_eK_exu.u_eL_exu_regfile.regfile[M].rfnoN.rf_dffl.qout_r[O]	u_eI_cpu.u_eJ_core.u_eK_ifu.u_eL_ifu_ifetch.ifu_hi_ir_dfflr.qout_r[M]	u_e203_cpu.u_e203_core.u_e203_exu.u_e203_exu_regfile.regfile[13].rfno0.rf_dffl.qout_r[31]$_DFFE_PP_/Q	u_e203_cpu.u_e203_core.u_e203_ifu.u_e203_ifu_ifetch.ifu_hi_ir_dfflr.qout_r[10]$_DFFE_PN0P_/D
740	-0.2371	u_eI_cpu.u_eJ_core.u_eK_lsu.u_eL_lsu_ctrl.u_eM_lsu_splt_stage.dp_gt_N.vld_dfflr.qout_r	u_eI_cpu.u_eJ_core.u_eK_biu.u_biu_icb_arbt.arbt_num_gt_L_gen.dp_M.u_sirv_gnrl_rspid_fifo.dp_gt_N.vld_dfflr.qout_r	u_e203_cpu.u_e203_core.u_e203_lsu.u_e203_lsu_ctrl.u_e203_lsu_splt_stage.dp_gt_0.vld_dfflr.qout_r$_DFFE_PN0P_/Q	u_e203_cpu.u_e203_core.u_e203_biu.u_biu_icb_arbt.arbt_num_gt_1_gen.dp_1.u_sirv_gnrl_rspid_fifo.dp_gt_0.vld_dfflr.qout_r$_DFFE_PN0P_/D
741	-0.2370	u_eI_cpu.u_eJ_core.u_eK_exu.u_eL_exu_regfile.regfile[M].rfnoN.rf_dffl.qout_r[O]	u_eI_cpu.u_eJ_itcm_ctrl.u_sram_icb_ctrl.u_byp_icb_cmd_buf.u_bypbuf_fifo.dp_gtK.fifo_rf[L].fifo_rf_dffl.qout_r[M]	u_e203_cpu.u_e203_core.u_e203_exu.u_e203_exu_regfile.regfile[13].rfno0.rf_dffl.qout_r[31]$_DFFE_PP_/Q	u_e203_cpu.u_e203_itcm_ctrl.u_sram_icb_ctrl.u_byp_icb_cmd_buf.u_bypbuf_fifo.dp_gt0.fifo_rf[0].fifo_rf_dffl.qout_r[47]$_DFFE_PP_/D
742	-0.2368	u_eI_cpu.u_eJ_core.u_eK_ifu.u_eL_ifu_ifetch.ifu_lo_ir_dfflr.qout_r[M]	u_eI_cpu.u_eJ_core.u_eK_exu.u_eL_exu_csr.status_mpie_dfflr.qout_r	u_e203_cpu.u_e203_core.u_e203_ifu.u_e203_ifu_ifetch.ifu_lo_ir_dfflr.qout_r[11]$_DFFE_PN0P_/Q	u_e203_cpu.u_e203_core.u_e203_exu.u_e203_exu_csr.status_mpie_dfflr.qout_r$_DFFE_PN0P_/D
743	-0.2364	u_eI_cpu.u_eJ_core.u_eK_ifu.u_eL_ifu_ifetch.ifu_err_dfflr.qout_r	u_eI_cpu.u_eJ_core.u_eK_ifu.u_eL_ifu_ifetch.ir_valid_dfflr.qout_r	u_e203_cpu.u_e203_core.u_e203_ifu.u_e203_ifu_ifetch.ifu_err_dfflr.qout_r$_DFFE_PN0P_/Q	u_e203_cpu.u_e203_core.u_e203_ifu.u_e203_ifu_ifetch.ir_valid_dfflr.qout_r$_DFFE_PN0P_/D
744	-0.2349	u_eI_cpu.u_eJ_core.u_eK_ifu.u_eL_ifu_ifetch.ifu_lo_ir_dfflr.qout_r[M]	u_eI_cpu.u_eJ_itcm_ctrl.u_itcm_icb_lsuKitcm_nLw.fifo_dp_M.u_sirv_gnrl_nNw_fifo.dp_gt_O.dat_dfflr.qout_r	u_e203_cpu.u_e203_core.u_e203_ifu.u_e203_ifu_ifetch.ifu_lo_ir_dfflr.qout_r[11]$_DFFE_PN0P_/Q	u_e203_cpu.u_e203_itcm_ctrl.u_itcm_icb_lsu2itcm_n2w.fifo_dp_1.u_sirv_gnrl_n2w_fifo.dp_gt_0.dat_dfflr.qout_r$_DFFE_PP_/D
745	-0.2346	u_eI_cpu.u_eJ_core.u_eK_exu.u_eL_exu_regfile.regfile[M].rfnoN.rf_dffl.qout_r[O]	u_eI_cpu.u_eJ_core.u_eK_biu.u_sirv_gnrl_icb_buffer.u_sirv_gnrl_cmd_fifo.dp_gtL.vec_M_dfflr.qout_r	u_e203_cpu.u_e203_core.u_e203_exu.u_e203_exu_regfile.regfile[13].rfno0.rf_dffl.qout_r[31]$_DFFE_PP_/Q	u_e203_cpu.u_e203_core.u_e203_biu.u_sirv_gnrl_icb_buffer.u_sirv_gnrl_cmd_fifo.dp_gt0.vec_31_dfflr.qout_r$_DFFE_PN0P_/D
746	-0.2333	u_eI_cpu.u_eJ_core.u_eK_exu.u_eL_exu_alu.u_eM_exu_alu_dpath.sbf_N_dffl.qout_r[O]	cmt_dcause_ena	u_e203_cpu.u_e203_core.u_e203_exu.u_e203_exu_alu.u_e203_exu_alu_dpath.sbf_1_dffl.qout_r[0]$_DFFE_PP_/Q	cmt_dcause_ena
747	-0.2332	u_eI_cpu.u_eJ_core.u_eK_ifu.u_eL_ifu_iftMicb.icb_state_dfflr.qout_r[N]	u_eI_cpu.u_eJ_core.u_eK_biu.u_biu_icb_arbt.arbt_num_gt_L_gen.dp_M.u_sirv_gnrl_rspid_fifo.dp_gt_N.dat_dfflr.qout_r	u_e203_cpu.u_e203_core.u_e203_ifu.u_e203_ifu_ift2icb.icb_state_dfflr.qout_r[0]$_DFFE_PN0P_/Q	u_e203_cpu.u_e203_core.u_e203_biu.u_biu_icb_arbt.arbt_num_gt_1_gen.dp_1.u_sirv_gnrl_rspid_fifo.dp_gt_0.dat_dfflr.qout_r$_DFFE_PP_/D
748	-0.2325	u_eI_cpu.u_eJ_core.u_eK_ifu.u_eL_ifu_ifetch.ir_rsMidx_dfflr.qout_r[N]	u_eI_cpu.u_eJ_core.u_eK_exu.u_eL_exu_oitf.oitf_entries[M].pc_dfflrs.qout_r[N]	u_e203_cpu.u_e203_core.u_e203_ifu.u_e203_ifu_ifetch.ir_rs2idx_dfflr.qout_r[3]$_DFFE_PN0P_/Q	u_e203_cpu.u_e203_core.u_e203_exu.u_e203_exu_oitf.oitf_entries[0].pc_dfflrs.qout_r[10]$_DFFE_PP_/D
749	-0.2325	u_eI_cpu.u_eJ_core.u_eK_ifu.u_eL_ifu_ifetch.ir_rsMidx_dfflr.qout_r[N]	u_eI_cpu.u_eJ_core.u_eK_exu.u_eL_exu_oitf.oitf_entries[M].rdwen_dfflrs.qout_r	u_e203_cpu.u_e203_core.u_e203_ifu.u_e203_ifu_ifetch.ir_rs2idx_dfflr.qout_r[3]$_DFFE_PN0P_/Q	u_e203_cpu.u_e203_core.u_e203_exu.u_e203_exu_oitf.oitf_entries[0].rdwen_dfflrs.qout_r$_DFFE_PP_/D
750	-0.2321	u_eI_cpu.u_eJ_core.u_eK_ifu.u_eL_ifu_ifetch.ifu_hi_ir_dfflr.qout_r[M]	u_eI_cpu.u_eJ_core.u_eK_exu.u_eL_exu_csr.epc_dfflr.qout_r[M]	u_e203_cpu.u_e203_core.u_e203_ifu.u_e203_ifu_ifetch.ifu_hi_ir_dfflr.qout_r[15]$_DFFE_PN0P_/Q	u_e203_cpu.u_e203_core.u_e203_exu.u_e203_exu_csr.epc_dfflr.qout_r[14]$_DFFE_PN0P_/D
751	-0.2315	u_eI_cpu.u_eJ_core.u_eK_lsu.u_eL_lsu_ctrl.u_eM_lsu_splt_stage.dp_gt_N.dat_dfflr.qout_r[O]	u_eI_cpu.u_eJ_core.u_eK_biu.u_sirv_gnrl_icb_buffer.u_sirv_gnrl_cmd_fifo.dp_gtL.fifo_rf[M].fifo_rf_dffl.qout_r[N]	u_e203_cpu.u_e203_core.u_e203_lsu.u_e203_lsu_ctrl.u_e203_lsu_splt_stage.dp_gt_0.dat_dfflr.qout_r[43]$_DFFE_PP_/Q	u_e203_cpu.u_e203_core.u_e203_biu.u_sirv_gnrl_icb_buffer.u_sirv_gnrl_cmd_fifo.dp_gt0.fifo_rf[0].fifo_rf_dffl.qout_r[70]$_DFFE_PP_/D
752	-0.2312	u_eI_cpu.u_eJ_core.u_eK_ifu.u_eL_ifu_iftMicb.icb_state_dfflr.qout_r[N]	u_eI_cpu.u_eJ_core.u_eK_ifu.u_eL_ifu_iftMicb.leftover_err_dfflr.qout_r	u_e203_cpu.u_e203_core.u_e203_ifu.u_e203_ifu_ift2icb.icb_state_dfflr.qout_r[0]$_DFFE_PN0P_/Q	u_e203_cpu.u_e203_core.u_e203_ifu.u_e203_ifu_ift2icb.leftover_err_dfflr.qout_r$_DFFE_PN0P_/D
753	-0.2308	u_eI_cpu.u_eJ_core.u_eK_ifu.u_eL_ifu_ifetch.ifu_hi_ir_dfflr.qout_r[M]	u_eI_cpu.u_eJ_clk_ctrl.dtcm_active_dffr.qout_r	u_e203_cpu.u_e203_core.u_e203_ifu.u_e203_ifu_ifetch.ifu_hi_ir_dfflr.qout_r[15]$_DFFE_PN0P_/Q	u_e203_cpu.u_e203_clk_ctrl.dtcm_active_dffr.qout_r$_DFF_PN0_/D
754	-0.2304	u_eI_cpu.u_eJ_core.u_eK_exu.u_eL_exu_csr.status_mie_dfflr.qout_r	cmt_dcause[I]	u_e203_cpu.u_e203_core.u_e203_exu.u_e203_exu_csr.status_mie_dfflr.qout_r$_DFFE_PN0P_/QN	cmt_dcause[0]
755	-0.2300	u_eI_cpu.u_eJ_core.u_eK_exu.u_eL_exu_alu.u_eM_exu_alu_muldiv.part_prdt_sftN_dfflr.qout_r	extIitcm_icb_cmd_ready	u_e203_cpu.u_e203_core.u_e203_exu.u_e203_exu_alu.u_e203_exu_alu_muldiv.part_prdt_sft1_dfflr.qout_r$_DFFE_PN0P_/Q	ext2itcm_icb_cmd_ready
756	-0.2296	u_eI_cpu.u_eJ_core.u_eK_ifu.u_eL_ifu_ifetch.ir_rsMidx_dfflr.qout_r[N]	u_eI_cpu.u_eJ_clk_ctrl.u_dtcm_clkgate.enb	u_e203_cpu.u_e203_core.u_e203_ifu.u_e203_ifu_ifetch.ir_rs2idx_dfflr.qout_r[3]$_DFFE_PN0P_/Q	u_e203_cpu.u_e203_clk_ctrl.u_dtcm_clkgate.enb$_DLATCH_N_/D
757	-0.2295	u_eI_cpu.u_eJ_core.u_eK_ifu.u_eL_ifu_iftMicb.icb_addr_N_O_dffl.qout_r[P]	u_eI_cpu.u_eJ_core.u_eK_ifu.u_eL_ifu_iftMicb.leftover_dffl.qout_r[N]	u_e203_cpu.u_e203_core.u_e203_ifu.u_e203_ifu_ift2icb.icb_addr_2_1_dffl.qout_r[1]$_DFFE_PP_/Q	u_e203_cpu.u_e203_core.u_e203_ifu.u_e203_ifu_ift2icb.leftover_dffl.qout_r[10]$_DFFE_PP_/D
758	-0.2293	u_eI_cpu.u_eJ_core.u_eK_ifu.u_eL_ifu_ifetch.ir_rsMidx_dfflr.qout_r[N]	u_eI_cpu.u_eJ_core.u_eK_exu.u_eL_exu_oitf.oitf_entries[M].rdidx_dfflrs.qout_r[N]	u_e203_cpu.u_e203_core.u_e203_ifu.u_e203_ifu_ifetch.ir_rs2idx_dfflr.qout_r[3]$_DFFE_PN0P_/Q	u_e203_cpu.u_e203_core.u_e203_exu.u_e203_exu_oitf.oitf_entries[1].rdidx_dfflrs.qout_r[3]$_DFFE_PP_/D
759	-0.2278	u_eI_cpu.u_eJ_core.u_eK_ifu.u_eL_ifu_ifetch.ir_rsMidx_dfflr.qout_r[N]	u_eI_cpu.u_eJ_itcm_ctrl.u_itcm_icb_extKitcm_nLw.fifo_dp_M.u_sirv_gnrl_nNw_fifo.dp_gt_O.dat_dfflr.qout_r	u_e203_cpu.u_e203_core.u_e203_ifu.u_e203_ifu_ifetch.ir_rs2idx_dfflr.qout_r[3]$_DFFE_PN0P_/Q	u_e203_cpu.u_e203_itcm_ctrl.u_itcm_icb_ext2itcm_n2w.fifo_dp_1.u_sirv_gnrl_n2w_fifo.dp_gt_0.dat_dfflr.qout_r$_DFFE_PP_/D
760	-0.2270	u_eI_cpu.u_eJ_core.u_eK_exu.u_eL_exu_regfile.regfile[M].rfnoN.rf_dffl.qout_r[O]	u_eI_cpu.u_eJ_core.u_eK_biu.u_sirv_gnrl_icb_buffer.u_sirv_gnrl_cmd_fifo.dp_gtL.vec_M_dfflrs.qout_r	u_e203_cpu.u_e203_core.u_e203_exu.u_e203_exu_regfile.regfile[13].rfno0.rf_dffl.qout_r[31]$_DFFE_PP_/Q	u_e203_cpu.u_e203_core.u_e203_biu.u_sirv_gnrl_icb_buffer.u_sirv_gnrl_cmd_fifo.dp_gt0.vec_0_dfflrs.qout_r$_DFFE_PN1P_/D
761	-0.2270	u_eI_cpu.u_eJ_core.u_eK_ifu.u_eL_ifu_iftMicb.icb_state_dfflr.qout_r[N]	u_eI_cpu.u_eJ_core.u_eK_ifu.u_eL_ifu_ifetch.ifu_hi_ir_dfflr.qout_r[M]	u_e203_cpu.u_e203_core.u_e203_ifu.u_e203_ifu_ift2icb.icb_state_dfflr.qout_r[0]$_DFFE_PN0P_/Q	u_e203_cpu.u_e203_core.u_e203_ifu.u_e203_ifu_ifetch.ifu_hi_ir_dfflr.qout_r[10]$_DFFE_PN0P_/D
762	-0.2266	u_eI_cpu.u_eJ_core.u_eK_ifu.u_eL_ifu_iftMicb.icb_state_dfflr.qout_r[N]	u_eI_cpu.u_eJ_itcm_ctrl.u_sram_icb_ctrl.u_byp_icb_cmd_buf.u_bypbuf_fifo.dp_gtK.fifo_rf[L].fifo_rf_dffl.qout_r[M]	u_e203_cpu.u_e203_core.u_e203_ifu.u_e203_ifu_ift2icb.icb_state_dfflr.qout_r[0]$_DFFE_PN0P_/Q	u_e203_cpu.u_e203_itcm_ctrl.u_sram_icb_ctrl.u_byp_icb_cmd_buf.u_bypbuf_fifo.dp_gt0.fifo_rf[0].fifo_rf_dffl.qout_r[47]$_DFFE_PP_/D
763	-0.2266	u_eI_cpu.u_eJ_core.u_eK_exu.u_eL_exu_regfile.regfile[M].rfnoN.rf_dffl.qout_r[O]	u_eI_cpu.u_eJ_core.u_eK_ifu.u_eL_ifu_iftMicb.icbNitcm_dfflr.qout_r	u_e203_cpu.u_e203_core.u_e203_exu.u_e203_exu_regfile.regfile[13].rfno0.rf_dffl.qout_r[31]$_DFFE_PP_/Q	u_e203_cpu.u_e203_core.u_e203_ifu.u_e203_ifu_ift2icb.icb2itcm_dfflr.qout_r$_DFFE_PN0P_/D
764	-0.2257	u_eI_cpu.u_eJ_core.u_eK_ifu.u_eL_ifu_ifetch.ifu_lo_ir_dfflr.qout_r[M]	u_eI_cpu.u_eJ_core.u_eK_exu.u_eL_exu_oitf.depth_gtM.alc_ptr_flg_dfflrs.qout_r	u_e203_cpu.u_e203_core.u_e203_ifu.u_e203_ifu_ifetch.ifu_lo_ir_dfflr.qout_r[11]$_DFFE_PN0P_/Q	u_e203_cpu.u_e203_core.u_e203_exu.u_e203_exu_oitf.depth_gt1.alc_ptr_flg_dfflrs.qout_r$_DFFE_PN0P_/D
765	-0.2251	u_eI_cpu.u_eJ_core.u_eK_ifu.u_eL_ifu_iftMicb.req_same_cross_holdup_dfflr.qout_r	u_eI_cpu.u_eJ_core.u_eK_ifu.u_eL_ifu_iftMicb.leftover_dffl.qout_r[N]	u_e203_cpu.u_e203_core.u_e203_ifu.u_e203_ifu_ift2icb.req_same_cross_holdup_dfflr.qout_r$_DFFE_PN0P_/Q	u_e203_cpu.u_e203_core.u_e203_ifu.u_e203_ifu_ift2icb.leftover_dffl.qout_r[10]$_DFFE_PP_/D
766	-0.2251	u_eI_cpu.u_eJ_core.u_eK_lsu.u_eL_lsu_ctrl.u_eM_lsu_splt_stage.dp_gt_N.dat_dfflr.qout_r[O]	u_eI_cpu.u_eJ_clk_ctrl.u_itcm_clkgate.enb	u_e203_cpu.u_e203_core.u_e203_lsu.u_e203_lsu_ctrl.u_e203_lsu_splt_stage.dp_gt_0.dat_dfflr.qout_r[43]$_DFFE_PP_/Q	u_e203_cpu.u_e203_clk_ctrl.u_itcm_clkgate.enb$_DLATCH_N_/D
767	-0.2243	u_eI_cpu.u_eJ_core.u_eK_ifu.u_eL_ifu_iftMicb.icb_state_dfflr.qout_r[N]	u_eI_cpu.u_eJ_core.u_eK_biu.u_sirv_gnrl_icb_buffer.u_sirv_gnrl_cmd_fifo.dp_gtL.vec_M_dfflr.qout_r	u_e203_cpu.u_e203_core.u_e203_ifu.u_e203_ifu_ift2icb.icb_state_dfflr.qout_r[0]$_DFFE_PN0P_/Q	u_e203_cpu.u_e203_core.u_e203_biu.u_sirv_gnrl_icb_buffer.u_sirv_gnrl_cmd_fifo.dp_gt0.vec_31_dfflr.qout_r$_DFFE_PN0P_/D
768	-0.2242	u_eI_cpu.u_eJ_core.u_eK_exu.u_eL_exu_regfile.regfile[M].rfnoN.rf_dffl.qout_r[O]	u_eI_cpu.u_eJ_core.u_eK_ifu.u_eL_ifu_ifetch.pc_dfflr.qout_r[M]	u_e203_cpu.u_e203_core.u_e203_exu.u_e203_exu_regfile.regfile[13].rfno0.rf_dffl.qout_r[31]$_DFFE_PP_/Q	u_e203_cpu.u_e203_core.u_e203_ifu.u_e203_ifu_ifetch.pc_dfflr.qout_r[10]$_DFFE_PN0P_/D
769	-0.2237	u_eI_cpu.u_eJ_core.u_eK_ifu.u_eL_ifu_ifetch.ifu_hi_ir_dfflr.qout_r[M]	u_eI_cpu.u_eJ_core.u_eK_exu.u_eL_exu_csr.badaddr_dfflr.qout_r[M]	u_e203_cpu.u_e203_core.u_e203_ifu.u_e203_ifu_ifetch.ifu_hi_ir_dfflr.qout_r[15]$_DFFE_PN0P_/Q	u_e203_cpu.u_e203_core.u_e203_exu.u_e203_exu_csr.badaddr_dfflr.qout_r[10]$_DFFE_PN0P_/D
770	-0.2235	u_eI_cpu.u_eJ_core.u_eK_exu.u_eL_exu_alu.u_eM_exu_alu_lsuagu.icb_state_dfflr.qout_r[N]	u_eI_cpu.u_eJ_core.u_eK_ifu.u_eL_ifu_iftMicb.leftover_dffl.qout_r[N]	u_e203_cpu.u_e203_core.u_e203_exu.u_e203_exu_alu.u_e203_exu_alu_lsuagu.icb_state_dfflr.qout_r[2]$_DFFE_PN0P_/Q	u_e203_cpu.u_e203_core.u_e203_ifu.u_e203_ifu_ift2icb.leftover_dffl.qout_r[10]$_DFFE_PP_/D
771	-0.2223	u_eI_cpu.u_eJ_core.u_eK_exu.u_eL_exu_alu.u_eM_exu_alu_dpath.sbf_N_dffl.qout_r[O]	cmt_dcause[I]	u_e203_cpu.u_e203_core.u_e203_exu.u_e203_exu_alu.u_e203_exu_alu_dpath.sbf_0_dffl.qout_r[32]$_SDFFCE_PN0P_/Q	cmt_dcause[0]
772	-0.2217	u_eI_cpu.u_eJ_core.u_eK_ifu.u_eL_ifu_ifetch.ir_rsMidx_dfflr.qout_r[N]	u_eI_cpu.u_eJ_itcm_ctrl.u_itcm_icb_extKitcm_nLw.fifo_dp_M.u_sirv_gnrl_nNw_fifo.dp_gt_O.vld_dfflr.qout_r	u_e203_cpu.u_e203_core.u_e203_ifu.u_e203_ifu_ifetch.ir_rs2idx_dfflr.qout_r[3]$_DFFE_PN0P_/Q	u_e203_cpu.u_e203_itcm_ctrl.u_itcm_icb_ext2itcm_n2w.fifo_dp_1.u_sirv_gnrl_n2w_fifo.dp_gt_0.vld_dfflr.qout_r$_DFFE_PN0P_/D
773	-0.2216	u_eI_cpu.u_eJ_core.u_eK_exu.u_eL_exu_regfile.regfile[M].rfnoN.rf_dffl.qout_r[O]	u_eI_cpu.u_eJ_core.u_eK_biu.u_sirv_gnrl_icb_buffer.outs_cnt_dfflr.qout_r	u_e203_cpu.u_e203_core.u_e203_exu.u_e203_exu_regfile.regfile[13].rfno0.rf_dffl.qout_r[31]$_DFFE_PP_/Q	u_e203_cpu.u_e203_core.u_e203_biu.u_sirv_gnrl_icb_buffer.outs_cnt_dfflr.qout_r$_DFFE_PN0P_/D
774	-0.2214	u_eI_cpu.u_eJ_core.u_eK_ifu.u_eL_ifu_ifetch.ir_rsMidx_dfflr.qout_r[N]	u_eI_cpu.u_eJ_itcm_ctrl.u_itcm_icb_arbt.arbt_num_gt_K_gen.dp_L.u_sirv_gnrl_rspid_fifo.dp_gt_M.dat_dfflr.qout_r	u_e203_cpu.u_e203_core.u_e203_ifu.u_e203_ifu_ifetch.ir_rs2idx_dfflr.qout_r[3]$_DFFE_PN0P_/Q	u_e203_cpu.u_e203_itcm_ctrl.u_itcm_icb_arbt.arbt_num_gt_1_gen.dp_1.u_sirv_gnrl_rspid_fifo.dp_gt_0.dat_dfflr.qout_r$_DFFE_PP_/D
775	-0.2209	u_eI_cpu.u_eJ_core.u_eK_lsu.u_eL_lsu_ctrl.u_eM_lsu_splt_stage.dp_gt_N.vld_dfflr.qout_r	u_eI_cpu.u_eJ_itcm_ctrl.u_sram_icb_ctrl.u_byp_icb_cmd_buf.u_bypbuf_fifo.dp_gtK.vec_L_dfflr.qout_r	u_e203_cpu.u_e203_core.u_e203_lsu.u_e203_lsu_ctrl.u_e203_lsu_splt_stage.dp_gt_0.vld_dfflr.qout_r$_DFFE_PN0P_/Q	u_e203_cpu.u_e203_itcm_ctrl.u_sram_icb_ctrl.u_byp_icb_cmd_buf.u_bypbuf_fifo.dp_gt0.vec_31_dfflr.qout_r$_DFFE_PN0P_/D
776	-0.2206	u_eI_cpu.u_eJ_core.u_eK_exu.u_eL_exu_regfile.regfile[M].rfnoN.rf_dffl.qout_r[O]	u_eI_cpu.u_eJ_core.u_eK_biu.u_biu_icb_arbt.arbt_num_gt_L_gen.dp_M.u_sirv_gnrl_rspid_fifo.dp_gt_N.vld_dfflr.qout_r	u_e203_cpu.u_e203_core.u_e203_exu.u_e203_exu_regfile.regfile[13].rfno0.rf_dffl.qout_r[31]$_DFFE_PP_/Q	u_e203_cpu.u_e203_core.u_e203_biu.u_biu_icb_arbt.arbt_num_gt_1_gen.dp_1.u_sirv_gnrl_rspid_fifo.dp_gt_0.vld_dfflr.qout_r$_DFFE_PN0P_/D
777	-0.2198	u_eI_cpu.u_eJ_core.u_eK_lsu.u_eL_lsu_ctrl.u_eM_lsu_splt_stage.dp_gt_N.vld_dfflr.qout_r	u_eI_cpu.u_eJ_core.u_eK_exu.u_eL_exu_csr.minstreth_dfflr.qout_r[M]	u_e203_cpu.u_e203_core.u_e203_lsu.u_e203_lsu_ctrl.u_e203_lsu_splt_stage.dp_gt_0.vld_dfflr.qout_r$_DFFE_PN0P_/Q	u_e203_cpu.u_e203_core.u_e203_exu.u_e203_exu_csr.minstreth_dfflr.qout_r[29]$_DFFE_PN0P_/D
778	-0.2189	u_eI_cpu.u_eJ_core.u_eK_lsu.u_eL_lsu_ctrl.u_eM_lsu_splt_stage.dp_gt_N.dat_dfflr.qout_r[O]	u_eI_cpu.u_eJ_core.u_eK_biu.u_biu_icb_arbt.arbt_num_gt_L_gen.dp_M.u_sirv_gnrl_rspid_fifo.dp_gt_N.dat_dfflr.qout_r	u_e203_cpu.u_e203_core.u_e203_lsu.u_e203_lsu_ctrl.u_e203_lsu_splt_stage.dp_gt_0.dat_dfflr.qout_r[43]$_DFFE_PP_/Q	u_e203_cpu.u_e203_core.u_e203_biu.u_biu_icb_arbt.arbt_num_gt_1_gen.dp_1.u_sirv_gnrl_rspid_fifo.dp_gt_0.dat_dfflr.qout_r$_DFFE_PP_/D
779	-0.2182	u_eI_cpu.u_eJ_core.u_eK_exu.u_eL_exu_regfile.regfile[M].rfnoN.rf_dffl.qout_r[O]	u_eI_srams.u_eJ_dtcm_ram.u_eK_dtcm_gnrl_ram.u_sirv_sim_ram.mem_r[L][M]	u_e203_cpu.u_e203_core.u_e203_exu.u_e203_exu_regfile.regfile[13].rfno0.rf_dffl.qout_r[31]$_DFFE_PP_/Q	u_e203_srams.u_e203_dtcm_ram.u_e203_dtcm_gnrl_ram.u_sirv_sim_ram.mem_r[0][0]$_DFFE_PP_/D
780	-0.2181	u_eI_cpu.u_eJ_core.u_eK_lsu.u_eL_lsu_ctrl.u_eM_lsu_splt_stage.dp_gt_N.dat_dfflr.qout_r[O]	u_eI_srams.u_eJ_itcm_ram.u_eK_itcm_gnrl_ram.u_sirv_sim_ram.mem_r[L][M]	u_e203_cpu.u_e203_core.u_e203_lsu.u_e203_lsu_ctrl.u_e203_lsu_splt_stage.dp_gt_0.dat_dfflr.qout_r[43]$_DFFE_PP_/Q	u_e203_srams.u_e203_itcm_ram.u_e203_itcm_gnrl_ram.u_sirv_sim_ram.mem_r[0][32]$_DFFE_PP_/D
781	-0.2175	u_eI_cpu.u_eJ_core.u_eK_ifu.u_eL_ifu_ifetch.ifu_hi_ir_dfflr.qout_r[M]	u_eI_cpu.u_eJ_core.u_eK_exu.u_eL_exu_oitf.oitf_entries[M].vld_dfflrs.qout_r	u_e203_cpu.u_e203_core.u_e203_ifu.u_e203_ifu_ifetch.ifu_hi_ir_dfflr.qout_r[15]$_DFFE_PN0P_/Q	u_e203_cpu.u_e203_core.u_e203_exu.u_e203_exu_oitf.oitf_entries[1].vld_dfflrs.qout_r$_DFFE_PN0P_/D
782	-0.2174	u_eI_cpu.u_eJ_core.u_eK_ifu.u_eL_ifu_ifetch.ifu_lo_ir_dfflr.qout_r[M]	u_eI_cpu.u_eJ_core.u_eK_exu.u_eL_exu_csr.mcycle_dfflr.qout_r[M]	u_e203_cpu.u_e203_core.u_e203_ifu.u_e203_ifu_ifetch.ifu_lo_ir_dfflr.qout_r[11]$_DFFE_PN0P_/Q	u_e203_cpu.u_e203_core.u_e203_exu.u_e203_exu_csr.mcycle_dfflr.qout_r[10]$_DFFE_PN0P_/D
783	-0.2172	u_eI_cpu.u_eJ_core.u_eK_ifu.u_eL_ifu_ifetch.ifu_err_dfflr.qout_r	u_eI_cpu.u_eJ_core.u_eK_exu.u_eL_exu_csr.minstret_dfflr.qout_r[M]	u_e203_cpu.u_e203_core.u_e203_ifu.u_e203_ifu_ifetch.ifu_err_dfflr.qout_r$_DFFE_PN0P_/Q	u_e203_cpu.u_e203_core.u_e203_exu.u_e203_exu_csr.minstret_dfflr.qout_r[29]$_DFFE_PN0P_/D
784	-0.2171	u_eI_cpu.u_eJ_core.u_eK_ifu.u_eL_ifu_ifetch.ifu_lo_ir_dfflr.qout_r[M]	u_eI_cpu.u_eJ_itcm_ctrl.u_itcm_icb_arbt.arbt_num_gt_K_gen.dp_L.u_sirv_gnrl_rspid_fifo.dp_gt_M.vld_dfflr.qout_r	u_e203_cpu.u_e203_core.u_e203_ifu.u_e203_ifu_ifetch.ifu_lo_ir_dfflr.qout_r[11]$_DFFE_PN0P_/Q	u_e203_cpu.u_e203_itcm_ctrl.u_itcm_icb_arbt.arbt_num_gt_1_gen.dp_1.u_sirv_gnrl_rspid_fifo.dp_gt_0.vld_dfflr.qout_r$_DFFE_PN0P_/D
785	-0.2170	u_eI_cpu.u_eJ_core.u_eK_ifu.u_eL_ifu_ifetch.ifu_lo_ir_dfflr.qout_r[M]	u_eI_cpu.u_eJ_core.u_eK_exu.u_eL_exu_alu.u_eM_exu_alu_muldiv.exec_cnt_dfflr.qout_r[N]	u_e203_cpu.u_e203_core.u_e203_ifu.u_e203_ifu_ifetch.ifu_lo_ir_dfflr.qout_r[11]$_DFFE_PN0P_/Q	u_e203_cpu.u_e203_core.u_e203_exu.u_e203_exu_alu.u_e203_exu_alu_muldiv.exec_cnt_dfflr.qout_r[0]$_DFFE_PN0P_/D
786	-0.2170	u_eI_cpu.u_eJ_core.u_eK_lsu.u_eL_lsu_ctrl.u_eM_lsu_splt_stage.dp_gt_N.vld_dfflr.qout_r	u_eI_cpu.u_eJ_itcm_ctrl.u_sram_icb_ctrl.u_byp_icb_cmd_buf.u_bypbuf_fifo.dp_gtK.vec_L_dfflrs.qout_r	u_e203_cpu.u_e203_core.u_e203_lsu.u_e203_lsu_ctrl.u_e203_lsu_splt_stage.dp_gt_0.vld_dfflr.qout_r$_DFFE_PN0P_/Q	u_e203_cpu.u_e203_itcm_ctrl.u_sram_icb_ctrl.u_byp_icb_cmd_buf.u_bypbuf_fifo.dp_gt0.vec_0_dfflrs.qout_r$_DFFE_PN1P_/D
787	-0.2169	u_eI_cpu.u_eJ_core.u_eK_lsu.u_eL_lsu_ctrl.u_eM_lsu_splt_stage.dp_gt_N.dat_dfflr.qout_r[O]	u_eI_cpu.u_eJ_core.u_eK_ifu.u_eL_ifu_iftMicb.leftover_err_dfflr.qout_r	u_e203_cpu.u_e203_core.u_e203_lsu.u_e203_lsu_ctrl.u_e203_lsu_splt_stage.dp_gt_0.dat_dfflr.qout_r[43]$_DFFE_PP_/Q	u_e203_cpu.u_e203_core.u_e203_ifu.u_e203_ifu_ift2icb.leftover_err_dfflr.qout_r$_DFFE_PN0P_/D
788	-0.2167	u_eI_cpu.u_eJ_core.u_eK_ifu.u_eL_ifu_iftMicb.icb_state_dfflr.qout_r[N]	u_eI_cpu.u_eJ_core.u_eK_biu.u_sirv_gnrl_icb_buffer.u_sirv_gnrl_cmd_fifo.dp_gtL.vec_M_dfflrs.qout_r	u_e203_cpu.u_e203_core.u_e203_ifu.u_e203_ifu_ift2icb.icb_state_dfflr.qout_r[0]$_DFFE_PN0P_/Q	u_e203_cpu.u_e203_core.u_e203_biu.u_sirv_gnrl_icb_buffer.u_sirv_gnrl_cmd_fifo.dp_gt0.vec_0_dfflrs.qout_r$_DFFE_PN1P_/D
789	-0.2166	u_eI_cpu.u_eJ_core.u_eK_ifu.u_eL_ifu_ifetch.ir_rsMidx_dfflr.qout_r[N]	u_eI_cpu.u_eJ_core.u_eK_exu.u_eL_exu_csr.mtvec_dfflr.qout_r[M]	u_e203_cpu.u_e203_core.u_e203_ifu.u_e203_ifu_ifetch.ir_rs2idx_dfflr.qout_r[3]$_DFFE_PN0P_/Q	u_e203_cpu.u_e203_core.u_e203_exu.u_e203_exu_csr.mtvec_dfflr.qout_r[10]$_DFFE_PN0P_/D
790	-0.2166	u_eI_cpu.u_eJ_core.u_eK_ifu.u_eL_ifu_ifetch.ir_rsMidx_dfflr.qout_r[N]	u_eI_cpu.u_eJ_dtcm_ctrl.u_dtcm_icb_arbt.arbt_num_gt_K_gen.dp_L.u_sirv_gnrl_rspid_fifo.dp_gt_M.vld_dfflr.qout_r	u_e203_cpu.u_e203_core.u_e203_ifu.u_e203_ifu_ifetch.ir_rs2idx_dfflr.qout_r[3]$_DFFE_PN0P_/Q	u_e203_cpu.u_e203_dtcm_ctrl.u_dtcm_icb_arbt.arbt_num_gt_1_gen.dp_1.u_sirv_gnrl_rspid_fifo.dp_gt_0.vld_dfflr.qout_r$_DFFE_PN0P_/D
791	-0.2163	u_eI_cpu.u_eJ_core.u_eK_ifu.u_eL_ifu_iftMicb.icb_state_dfflr.qout_r[N]	u_eI_cpu.u_eJ_core.u_eK_ifu.u_eL_ifu_iftMicb.icbNitcm_dfflr.qout_r	u_e203_cpu.u_e203_core.u_e203_ifu.u_e203_ifu_ift2icb.icb_state_dfflr.qout_r[0]$_DFFE_PN0P_/Q	u_e203_cpu.u_e203_core.u_e203_ifu.u_e203_ifu_ift2icb.icb2itcm_dfflr.qout_r$_DFFE_PN0P_/D
792	-0.2155	u_eI_cpu.u_eJ_core.u_eK_ifu.u_eL_ifu_ifetch.ifu_lo_ir_dfflr.qout_r[M]	u_eI_cpu.u_eJ_core.u_eK_exu.u_eL_exu_csr.status_mie_dfflr.qout_r	u_e203_cpu.u_e203_core.u_e203_ifu.u_e203_ifu_ifetch.ifu_lo_ir_dfflr.qout_r[11]$_DFFE_PN0P_/Q	u_e203_cpu.u_e203_core.u_e203_exu.u_e203_exu_csr.status_mie_dfflr.qout_r$_DFFE_PN0P_/D
793	-0.2142	u_eI_cpu.u_eJ_core.u_eK_ifu.u_eL_ifu_ifetch.ir_rsMidx_dfflr.qout_r[N]	u_eI_cpu.u_eJ_core.u_eK_exu.u_eL_exu_alu.u_eM_exu_alu_lsuagu.icb_state_dfflr.qout_r[N]	u_e203_cpu.u_e203_core.u_e203_ifu.u_e203_ifu_ifetch.ir_rs2idx_dfflr.qout_r[3]$_DFFE_PN0P_/Q	u_e203_cpu.u_e203_core.u_e203_exu.u_e203_exu_alu.u_e203_exu_alu_lsuagu.icb_state_dfflr.qout_r[2]$_DFFE_PN0P_/D
794	-0.2140	u_eI_cpu.u_eJ_core.u_eK_ifu.u_eL_ifu_ifetch.ifu_hi_ir_dfflr.qout_r[M]	u_eI_cpu.u_eJ_core.u_eK_exu.u_eL_exu_csr.mcycleh_dfflr.qout_r[M]	u_e203_cpu.u_e203_core.u_e203_ifu.u_e203_ifu_ifetch.ifu_hi_ir_dfflr.qout_r[15]$_DFFE_PN0P_/Q	u_e203_cpu.u_e203_core.u_e203_exu.u_e203_exu_csr.mcycleh_dfflr.qout_r[10]$_DFFE_PN0P_/D
795	-0.2139	u_eI_cpu.u_eJ_core.u_eK_ifu.u_eL_ifu_iftMicb.icb_state_dfflr.qout_r[N]	u_eI_cpu.u_eJ_core.u_eK_ifu.u_eL_ifu_ifetch.pc_dfflr.qout_r[M]	u_e203_cpu.u_e203_core.u_e203_ifu.u_e203_ifu_ift2icb.icb_state_dfflr.qout_r[0]$_DFFE_PN0P_/Q	u_e203_cpu.u_e203_core.u_e203_ifu.u_e203_ifu_ifetch.pc_dfflr.qout_r[10]$_DFFE_PN0P_/D
796	-0.2127	u_eI_cpu.u_eJ_core.u_eK_lsu.u_eL_lsu_ctrl.u_eM_lsu_splt_stage.dp_gt_N.dat_dfflr.qout_r[O]	u_eI_cpu.u_eJ_core.u_eK_ifu.u_eL_ifu_ifetch.ifu_hi_ir_dfflr.qout_r[M]	u_e203_cpu.u_e203_core.u_e203_lsu.u_e203_lsu_ctrl.u_e203_lsu_splt_stage.dp_gt_0.dat_dfflr.qout_r[43]$_DFFE_PP_/Q	u_e203_cpu.u_e203_core.u_e203_ifu.u_e203_ifu_ifetch.ifu_hi_ir_dfflr.qout_r[10]$_DFFE_PN0P_/D
797	-0.2123	u_eI_cpu.u_eJ_core.u_eK_lsu.u_eL_lsu_ctrl.u_eM_lsu_splt_stage.dp_gt_N.dat_dfflr.qout_r[O]	u_eI_cpu.u_eJ_itcm_ctrl.u_sram_icb_ctrl.u_byp_icb_cmd_buf.u_bypbuf_fifo.dp_gtK.fifo_rf[L].fifo_rf_dffl.qout_r[M]	u_e203_cpu.u_e203_core.u_e203_lsu.u_e203_lsu_ctrl.u_e203_lsu_splt_stage.dp_gt_0.dat_dfflr.qout_r[43]$_DFFE_PP_/Q	u_e203_cpu.u_e203_itcm_ctrl.u_sram_icb_ctrl.u_byp_icb_cmd_buf.u_bypbuf_fifo.dp_gt0.fifo_rf[0].fifo_rf_dffl.qout_r[47]$_DFFE_PP_/D
798	-0.2117	u_eI_cpu.u_eJ_core.u_eK_ifu.u_eL_ifu_ifetch.ifu_hi_ir_dfflr.qout_r[M]	u_eI_cpu.u_eJ_core.u_eK_exu.u_eL_exu_alu.u_eM_exu_alu_muldiv.muldiv_state_dfflr.qout_r[N]	u_e203_cpu.u_e203_core.u_e203_ifu.u_e203_ifu_ifetch.ifu_hi_ir_dfflr.qout_r[15]$_DFFE_PN0P_/Q	u_e203_cpu.u_e203_core.u_e203_exu.u_e203_exu_alu.u_e203_exu_alu_muldiv.muldiv_state_dfflr.qout_r[2]$_DFFE_PN0P_/D
799	-0.2113	u_eI_cpu.u_eJ_core.u_eK_ifu.u_eL_ifu_iftMicb.icb_state_dfflr.qout_r[N]	u_eI_cpu.u_eJ_core.u_eK_biu.u_sirv_gnrl_icb_buffer.outs_cnt_dfflr.qout_r	u_e203_cpu.u_e203_core.u_e203_ifu.u_e203_ifu_ift2icb.icb_state_dfflr.qout_r[0]$_DFFE_PN0P_/Q	u_e203_cpu.u_e203_core.u_e203_biu.u_sirv_gnrl_icb_buffer.outs_cnt_dfflr.qout_r$_DFFE_PN0P_/D
800	-0.2113	u_eI_cpu.u_eJ_core.u_eK_ifu.u_eL_ifu_ifetch.ifu_hi_ir_dfflr.qout_r[M]	u_eI_cpu.u_eJ_core.u_eK_exu.u_eL_exu_oitf.depth_gtM.alc_ptr_dfflrs.qout_r	u_e203_cpu.u_e203_core.u_e203_ifu.u_e203_ifu_ifetch.ifu_hi_ir_dfflr.qout_r[15]$_DFFE_PN0P_/Q	u_e203_cpu.u_e203_core.u_e203_exu.u_e203_exu_oitf.depth_gt1.alc_ptr_dfflrs.qout_r$_DFFE_PN0P_/D
801	-0.2111	u_eI_cpu.u_eJ_core.u_eK_biu.u_biu_icb_arbt.arbt_num_gt_L_gen.dp_M.u_sirv_gnrl_rspid_fifo.dp_gt_N.dat_dfflr.qout_r	u_eI_cpu.u_eJ_core.u_eK_ifu.u_eL_ifu_iftMicb.leftover_dffl.qout_r[N]	u_e203_cpu.u_e203_core.u_e203_biu.u_biu_icb_arbt.arbt_num_gt_1_gen.dp_1.u_sirv_gnrl_rspid_fifo.dp_gt_0.dat_dfflr.qout_r$_DFFE_PP_/Q	u_e203_cpu.u_e203_core.u_e203_ifu.u_e203_ifu_ift2icb.leftover_dffl.qout_r[10]$_DFFE_PP_/D
802	-0.2102	u_eI_cpu.u_eJ_core.u_eK_ifu.u_eL_ifu_iftMicb.icb_state_dfflr.qout_r[N]	u_eI_cpu.u_eJ_core.u_eK_biu.u_biu_icb_arbt.arbt_num_gt_L_gen.dp_M.u_sirv_gnrl_rspid_fifo.dp_gt_N.vld_dfflr.qout_r	u_e203_cpu.u_e203_core.u_e203_ifu.u_e203_ifu_ift2icb.icb_state_dfflr.qout_r[0]$_DFFE_PN0P_/Q	u_e203_cpu.u_e203_core.u_e203_biu.u_biu_icb_arbt.arbt_num_gt_1_gen.dp_1.u_sirv_gnrl_rspid_fifo.dp_gt_0.vld_dfflr.qout_r$_DFFE_PN0P_/D
803	-0.2099	u_eI_cpu.u_eJ_core.u_eK_lsu.u_eL_lsu_ctrl.u_eM_lsu_splt_stage.dp_gt_N.dat_dfflr.qout_r[O]	u_eI_cpu.u_eJ_core.u_eK_biu.u_sirv_gnrl_icb_buffer.u_sirv_gnrl_cmd_fifo.dp_gtL.vec_M_dfflr.qout_r	u_e203_cpu.u_e203_core.u_e203_lsu.u_e203_lsu_ctrl.u_e203_lsu_splt_stage.dp_gt_0.dat_dfflr.qout_r[43]$_DFFE_PP_/Q	u_e203_cpu.u_e203_core.u_e203_biu.u_sirv_gnrl_icb_buffer.u_sirv_gnrl_cmd_fifo.dp_gt0.vec_31_dfflr.qout_r$_DFFE_PN0P_/D
804	-0.2097	u_eI_cpu.u_eJ_core.u_eK_ifu.u_eL_ifu_ifetch.ifu_hi_ir_dfflr.qout_r[M]	u_eI_cpu.u_eJ_core.u_eK_exu.u_eL_exu_csr.cause_dfflr.qout_r[M]	u_e203_cpu.u_e203_core.u_e203_ifu.u_e203_ifu_ifetch.ifu_hi_ir_dfflr.qout_r[15]$_DFFE_PN0P_/Q	u_e203_cpu.u_e203_core.u_e203_exu.u_e203_exu_csr.cause_dfflr.qout_r[3]$_DFFE_PN0P_/D
805	-0.2079	u_eI_cpu.u_eJ_core.u_eK_ifu.u_eL_ifu_ifetch.ir_rsMidx_dfflr.qout_r[N]	u_eI_cpu.u_eJ_core.u_eK_exu.u_eL_exu_csr.epc_dfflr.qout_r[M]	u_e203_cpu.u_e203_core.u_e203_ifu.u_e203_ifu_ifetch.ir_rs2idx_dfflr.qout_r[3]$_DFFE_PN0P_/Q	u_e203_cpu.u_e203_core.u_e203_exu.u_e203_exu_csr.epc_dfflr.qout_r[14]$_DFFE_PN0P_/D
806	-0.2066	u_eI_cpu.u_eJ_core.u_eK_ifu.u_eL_ifu_ifetch.ir_rsMidx_dfflr.qout_r[N]	u_eI_cpu.u_eJ_clk_ctrl.dtcm_active_dffr.qout_r	u_e203_cpu.u_e203_core.u_e203_ifu.u_e203_ifu_ifetch.ir_rs2idx_dfflr.qout_r[3]$_DFFE_PN0P_/Q	u_e203_cpu.u_e203_clk_ctrl.dtcm_active_dffr.qout_r$_DFF_PN0_/D
807	-0.2058	u_eI_cpu.u_eJ_core.u_eK_biu.u_biu_icb_arbt.arbt_num_gt_L_gen.dp_M.u_sirv_gnrl_rspid_fifo.dp_gt_N.vld_dfflr.qout_r	u_eI_cpu.u_eJ_core.u_eK_ifu.u_eL_ifu_iftMicb.leftover_dffl.qout_r[N]	u_e203_cpu.u_e203_core.u_e203_biu.u_biu_icb_arbt.arbt_num_gt_1_gen.dp_1.u_sirv_gnrl_rspid_fifo.dp_gt_0.vld_dfflr.qout_r$_DFFE_PN0P_/Q	u_e203_cpu.u_e203_core.u_e203_ifu.u_e203_ifu_ift2icb.leftover_dffl.qout_r[10]$_DFFE_PP_/D
808	-0.2047	u_eI_cpu.u_eJ_core.u_eK_ifu.u_eL_ifu_ifetch.ifu_lo_ir_dfflr.qout_r[M]	u_eI_cpu.u_eJ_core.u_eK_ifu.u_eL_ifu_ifetch.u_eM_ifu_litebpu.rsNxn_rdrf_dfflrs.qout_r	u_e203_cpu.u_e203_core.u_e203_ifu.u_e203_ifu_ifetch.ifu_lo_ir_dfflr.qout_r[11]$_DFFE_PN0P_/Q	u_e203_cpu.u_e203_core.u_e203_ifu.u_e203_ifu_ifetch.u_e203_ifu_litebpu.rs1xn_rdrf_dfflrs.qout_r$_DFFE_PN0P_/D
809	-0.2044	u_eI_cpu.u_eJ_core.u_eK_exu.u_eL_exu_regfile.regfile[M].rfnoN.rf_dffl.qout_r[O]	u_eI_cpu.u_eJ_itcm_ctrl.u_sram_icb_ctrl.u_byp_icb_cmd_buf.u_bypbuf_fifo.dp_gtK.vec_L_dfflr.qout_r	u_e203_cpu.u_e203_core.u_e203_exu.u_e203_exu_regfile.regfile[13].rfno0.rf_dffl.qout_r[31]$_DFFE_PP_/Q	u_e203_cpu.u_e203_itcm_ctrl.u_sram_icb_ctrl.u_byp_icb_cmd_buf.u_bypbuf_fifo.dp_gt0.vec_31_dfflr.qout_r$_DFFE_PN0P_/D
810	-0.2038	u_eI_cpu.u_eJ_core.u_eK_ifu.u_eL_ifu_ifetch.ifu_lo_ir_dfflr.qout_r[M]	u_eI_cpu.u_eJ_itcm_ctrl.u_itcm_icb_lsuKitcm_nLw.fifo_dp_M.u_sirv_gnrl_nNw_fifo.dp_gt_O.vld_dfflr.qout_r	u_e203_cpu.u_e203_core.u_e203_ifu.u_e203_ifu_ifetch.ifu_lo_ir_dfflr.qout_r[11]$_DFFE_PN0P_/Q	u_e203_cpu.u_e203_itcm_ctrl.u_itcm_icb_lsu2itcm_n2w.fifo_dp_1.u_sirv_gnrl_n2w_fifo.dp_gt_0.vld_dfflr.qout_r$_DFFE_PN0P_/D
811	-0.2023	u_eI_cpu.u_eJ_core.u_eK_lsu.u_eL_lsu_ctrl.u_eM_lsu_splt_stage.dp_gt_N.dat_dfflr.qout_r[O]	u_eI_cpu.u_eJ_core.u_eK_biu.u_sirv_gnrl_icb_buffer.u_sirv_gnrl_cmd_fifo.dp_gtL.vec_M_dfflrs.qout_r	u_e203_cpu.u_e203_core.u_e203_lsu.u_e203_lsu_ctrl.u_e203_lsu_splt_stage.dp_gt_0.dat_dfflr.qout_r[43]$_DFFE_PP_/Q	u_e203_cpu.u_e203_core.u_e203_biu.u_sirv_gnrl_icb_buffer.u_sirv_gnrl_cmd_fifo.dp_gt0.vec_0_dfflrs.qout_r$_DFFE_PN1P_/D
812	-0.2019	u_eI_cpu.u_eJ_core.u_eK_lsu.u_eL_lsu_ctrl.u_eM_lsu_splt_stage.dp_gt_N.dat_dfflr.qout_r[O]	u_eI_cpu.u_eJ_core.u_eK_ifu.u_eL_ifu_iftMicb.icbNitcm_dfflr.qout_r	u_e203_cpu.u_e203_core.u_e203_lsu.u_e203_lsu_ctrl.u_e203_lsu_splt_stage.dp_gt_0.dat_dfflr.qout_r[43]$_DFFE_PP_/Q	u_e203_cpu.u_e203_core.u_e203_ifu.u_e203_ifu_ift2icb.icb2itcm_dfflr.qout_r$_DFFE_PN0P_/D
813	-0.2019	u_eI_cpu.u_eJ_core.u_eK_exu.u_eL_exu_alu.u_eM_exu_alu_muldiv.muldiv_state_dfflr.qout_r[N]	u_eI_cpu.u_eJ_core.u_eK_ifu.u_eL_ifu_iftMicb.leftover_dffl.qout_r[N]	u_e203_cpu.u_e203_core.u_e203_exu.u_e203_exu_alu.u_e203_exu_alu_muldiv.muldiv_state_dfflr.qout_r[1]$_DFFE_PN0P_/Q	u_e203_cpu.u_e203_core.u_e203_ifu.u_e203_ifu_ift2icb.leftover_dffl.qout_r[10]$_DFFE_PP_/D
814	-0.2014	dbg_step_r	u_eI_cpu.u_eJ_clk_ctrl.u_lsu_clkgate.enb	dbg_step_r	u_e203_cpu.u_e203_clk_ctrl.u_lsu_clkgate.enb$_DLATCH_N_/D
815	-0.2014	u_eI_cpu.u_eJ_core.u_eK_biu.u_sirv_gnrl_icb_buffer.u_sirv_gnrl_rsp_fifo.dp_gtL.vec_M_dfflr.qout_r	u_eI_cpu.u_eJ_core.u_eK_ifu.u_eL_ifu_iftMicb.leftover_dffl.qout_r[N]	u_e203_cpu.u_e203_core.u_e203_biu.u_sirv_gnrl_icb_buffer.u_sirv_gnrl_rsp_fifo.dp_gt0.vec_31_dfflr.qout_r$_DFFE_PN0P_/Q	u_e203_cpu.u_e203_core.u_e203_ifu.u_e203_ifu_ift2icb.leftover_dffl.qout_r[10]$_DFFE_PP_/D
816	-0.2013	u_eI_cpu.u_eJ_core.u_eK_exu.u_eL_exu_regfile.regfile[M].rfnoN.rf_dffl.qout_r[O]	u_eI_cpu.u_eJ_core.u_eK_exu.u_eL_exu_csr.minstreth_dfflr.qout_r[M]	u_e203_cpu.u_e203_core.u_e203_exu.u_e203_exu_regfile.regfile[13].rfno0.rf_dffl.qout_r[31]$_DFFE_PP_/Q	u_e203_cpu.u_e203_core.u_e203_exu.u_e203_exu_csr.minstreth_dfflr.qout_r[29]$_DFFE_PN0P_/D
817	-0.2005	u_eI_cpu.u_eJ_core.u_eK_exu.u_eL_exu_regfile.regfile[M].rfnoN.rf_dffl.qout_r[O]	u_eI_cpu.u_eJ_itcm_ctrl.u_sram_icb_ctrl.u_byp_icb_cmd_buf.u_bypbuf_fifo.dp_gtK.vec_L_dfflrs.qout_r	u_e203_cpu.u_e203_core.u_e203_exu.u_e203_exu_regfile.regfile[13].rfno0.rf_dffl.qout_r[31]$_DFFE_PP_/Q	u_e203_cpu.u_e203_itcm_ctrl.u_sram_icb_ctrl.u_byp_icb_cmd_buf.u_bypbuf_fifo.dp_gt0.vec_0_dfflrs.qout_r$_DFFE_PN1P_/D
818	-0.1996	u_eI_cpu.u_eJ_core.u_eK_ifu.u_eL_ifu_ifetch.ir_rsMidx_dfflr.qout_r[N]	u_eI_cpu.u_eJ_core.u_eK_exu.u_eL_exu_csr.badaddr_dfflr.qout_r[M]	u_e203_cpu.u_e203_core.u_e203_ifu.u_e203_ifu_ifetch.ir_rs2idx_dfflr.qout_r[3]$_DFFE_PN0P_/Q	u_e203_cpu.u_e203_core.u_e203_exu.u_e203_exu_csr.badaddr_dfflr.qout_r[10]$_DFFE_PN0P_/D
819	-0.1995	u_eI_cpu.u_eJ_core.u_eK_lsu.u_eL_lsu_ctrl.u_eM_lsu_splt_stage.dp_gt_N.dat_dfflr.qout_r[O]	u_eI_cpu.u_eJ_core.u_eK_ifu.u_eL_ifu_ifetch.pc_dfflr.qout_r[M]	u_e203_cpu.u_e203_core.u_e203_lsu.u_e203_lsu_ctrl.u_e203_lsu_splt_stage.dp_gt_0.dat_dfflr.qout_r[43]$_DFFE_PP_/Q	u_e203_cpu.u_e203_core.u_e203_ifu.u_e203_ifu_ifetch.pc_dfflr.qout_r[10]$_DFFE_PN0P_/D
820	-0.1993	u_eI_cpu.u_eJ_dtcm_ctrl.u_dtcm_icb_arbt.arbt_num_gt_K_gen.dp_L.u_sirv_gnrl_rspid_fifo.dp_gt_M.vld_dfflr.qout_r	u_eI_cpu.u_eJ_core.u_eK_ifu.u_eL_ifu_iftMicb.leftover_dffl.qout_r[N]	u_e203_cpu.u_e203_dtcm_ctrl.u_dtcm_icb_arbt.arbt_num_gt_1_gen.dp_1.u_sirv_gnrl_rspid_fifo.dp_gt_0.vld_dfflr.qout_r$_DFFE_PN0P_/Q	u_e203_cpu.u_e203_core.u_e203_ifu.u_e203_ifu_ift2icb.leftover_dffl.qout_r[10]$_DFFE_PP_/D
821	-0.1986	u_eI_cpu.u_eJ_core.u_eK_lsu.u_eL_lsu_ctrl.u_eM_lsu_splt_stage.dp_gt_N.vld_dfflr.qout_r	u_eI_cpu.u_eJ_core.u_eK_ifu.u_eL_ifu_iftMicb.u_eN_ifetch_rsp_bypbuf.u_bypbuf_fifo.dp_gtO.fifo_rf[P].fifo_rf_dffl.qout_r[Q]	u_e203_cpu.u_e203_core.u_e203_lsu.u_e203_lsu_ctrl.u_e203_lsu_splt_stage.dp_gt_0.vld_dfflr.qout_r$_DFFE_PN0P_/Q	u_e203_cpu.u_e203_core.u_e203_ifu.u_e203_ifu_ift2icb.u_e203_ifetch_rsp_bypbuf.u_bypbuf_fifo.dp_gt0.fifo_rf[0].fifo_rf_dffl.qout_r[6]$_DFFE_PP_/D
822	-0.1980	u_eI_cpu.u_eJ_dtcm_ctrl.u_sram_icb_ctrl.u_sirv_Kcyc_sram_ctrl.u_eL_stage.dp_gt_M.vld_dfflr.qout_r	u_eI_cpu.u_eJ_core.u_eK_ifu.u_eL_ifu_iftMicb.leftover_dffl.qout_r[N]	u_e203_cpu.u_e203_dtcm_ctrl.u_sram_icb_ctrl.u_sirv_1cyc_sram_ctrl.u_e1_stage.dp_gt_0.vld_dfflr.qout_r$_DFFE_PN0P_/Q	u_e203_cpu.u_e203_core.u_e203_ifu.u_e203_ifu_ift2icb.leftover_dffl.qout_r[10]$_DFFE_PP_/D
823	-0.1977	u_eI_cpu.u_eJ_itcm_ctrl.u_itcm_icb_arbt.arbt_num_gt_K_gen.dp_L.u_sirv_gnrl_rspid_fifo.dp_gt_M.dat_dfflr.qout_r	u_eI_cpu.u_eJ_core.u_eK_ifu.u_eL_ifu_iftMicb.leftover_dffl.qout_r[N]	u_e203_cpu.u_e203_itcm_ctrl.u_itcm_icb_arbt.arbt_num_gt_1_gen.dp_1.u_sirv_gnrl_rspid_fifo.dp_gt_0.dat_dfflr.qout_r$_DFFE_PP_/Q	u_e203_cpu.u_e203_core.u_e203_ifu.u_e203_ifu_ift2icb.leftover_dffl.qout_r[10]$_DFFE_PP_/D
824	-0.1974	u_eI_cpu.u_eJ_core.u_eK_ifu.u_eL_ifu_ifetch.ifu_hi_ir_dfflr.qout_r[M]	u_eI_cpu.u_eJ_core.u_eK_exu.u_eL_exu_csr.status_mpie_dfflr.qout_r	u_e203_cpu.u_e203_core.u_e203_ifu.u_e203_ifu_ifetch.ifu_hi_ir_dfflr.qout_r[15]$_DFFE_PN0P_/Q	u_e203_cpu.u_e203_core.u_e203_exu.u_e203_exu_csr.status_mpie_dfflr.qout_r$_DFFE_PN0P_/D
825	-0.1969	u_eI_cpu.u_eJ_core.u_eK_lsu.u_eL_lsu_ctrl.u_eM_lsu_splt_stage.dp_gt_N.dat_dfflr.qout_r[O]	u_eI_cpu.u_eJ_core.u_eK_biu.u_sirv_gnrl_icb_buffer.outs_cnt_dfflr.qout_r	u_e203_cpu.u_e203_core.u_e203_lsu.u_e203_lsu_ctrl.u_e203_lsu_splt_stage.dp_gt_0.dat_dfflr.qout_r[43]$_DFFE_PP_/Q	u_e203_cpu.u_e203_core.u_e203_biu.u_sirv_gnrl_icb_buffer.outs_cnt_dfflr.qout_r$_DFFE_PN0P_/D
826	-0.1963	u_eI_cpu.u_eJ_core.u_eK_lsu.u_eL_lsu_ctrl.u_eM_lsu_splt_stage.dp_gt_N.dat_dfflr.qout_r[O]	u_eI_srams.u_eJ_dtcm_ram.u_eK_dtcm_gnrl_ram.u_sirv_sim_ram.mem_r[L][M]	u_e203_cpu.u_e203_core.u_e203_lsu.u_e203_lsu_ctrl.u_e203_lsu_splt_stage.dp_gt_0.dat_dfflr.qout_r[43]$_DFFE_PP_/Q	u_e203_srams.u_e203_dtcm_ram.u_e203_dtcm_gnrl_ram.u_sirv_sim_ram.mem_r[0][0]$_DFFE_PP_/D
827	-0.1959	u_eI_cpu.u_eJ_core.u_eK_lsu.u_eL_lsu_ctrl.u_eM_lsu_splt_stage.dp_gt_N.dat_dfflr.qout_r[O]	u_eI_cpu.u_eJ_core.u_eK_biu.u_biu_icb_arbt.arbt_num_gt_L_gen.dp_M.u_sirv_gnrl_rspid_fifo.dp_gt_N.vld_dfflr.qout_r	u_e203_cpu.u_e203_core.u_e203_lsu.u_e203_lsu_ctrl.u_e203_lsu_splt_stage.dp_gt_0.dat_dfflr.qout_r[43]$_DFFE_PP_/Q	u_e203_cpu.u_e203_core.u_e203_biu.u_biu_icb_arbt.arbt_num_gt_1_gen.dp_1.u_sirv_gnrl_rspid_fifo.dp_gt_0.vld_dfflr.qout_r$_DFFE_PN0P_/D
828	-0.1956	u_eI_cpu.u_eJ_core.u_eK_ifu.u_eL_ifu_ifetch.ifu_hi_ir_dfflr.qout_r[M]	u_eI_cpu.u_eJ_itcm_ctrl.u_itcm_icb_lsuKitcm_nLw.fifo_dp_M.u_sirv_gnrl_nNw_fifo.dp_gt_O.dat_dfflr.qout_r	u_e203_cpu.u_e203_core.u_e203_ifu.u_e203_ifu_ifetch.ifu_hi_ir_dfflr.qout_r[15]$_DFFE_PN0P_/Q	u_e203_cpu.u_e203_itcm_ctrl.u_itcm_icb_lsu2itcm_n2w.fifo_dp_1.u_sirv_gnrl_n2w_fifo.dp_gt_0.dat_dfflr.qout_r$_DFFE_PP_/D
829	-0.1949	u_eI_cpu.u_eJ_itcm_ctrl.u_sram_icb_ctrl.u_sirv_Kcyc_sram_ctrl.u_eL_stage.dp_gt_M.vld_dfflr.qout_r	u_eI_cpu.u_eJ_core.u_eK_ifu.u_eL_ifu_iftMicb.leftover_dffl.qout_r[N]	u_e203_cpu.u_e203_itcm_ctrl.u_sram_icb_ctrl.u_sirv_1cyc_sram_ctrl.u_e1_stage.dp_gt_0.vld_dfflr.qout_r$_DFFE_PN0P_/Q	u_e203_cpu.u_e203_core.u_e203_ifu.u_e203_ifu_ift2icb.leftover_dffl.qout_r[10]$_DFFE_PP_/D
830	-0.1944	u_eI_cpu.u_eJ_core.u_eK_exu.u_eL_exu_alu.u_eM_exu_alu_dpath.sbf_N_dffl.qout_r[O]	cmt_dcause[I]	u_e203_cpu.u_e203_core.u_e203_exu.u_e203_exu_alu.u_e203_exu_alu_dpath.sbf_1_dffl.qout_r[0]$_DFFE_PP_/Q	cmt_dcause[0]
831	-0.1942	u_eI_cpu.u_eJ_itcm_ctrl.u_itcm_icb_arbt.arbt_num_gt_K_gen.dp_L.u_sirv_gnrl_rspid_fifo.dp_gt_M.vld_dfflr.qout_r	u_eI_cpu.u_eJ_core.u_eK_ifu.u_eL_ifu_iftMicb.leftover_dffl.qout_r[N]	u_e203_cpu.u_e203_itcm_ctrl.u_itcm_icb_arbt.arbt_num_gt_1_gen.dp_1.u_sirv_gnrl_rspid_fifo.dp_gt_0.vld_dfflr.qout_r$_DFFE_PN0P_/Q	u_e203_cpu.u_e203_core.u_e203_ifu.u_e203_ifu_ift2icb.leftover_dffl.qout_r[10]$_DFFE_PP_/D
832	-0.1941	u_eI_cpu.u_eJ_core.u_eK_ifu.u_eL_ifu_iftMicb.icb_state_dfflr.qout_r[N]	u_eI_cpu.u_eJ_itcm_ctrl.u_sram_icb_ctrl.u_byp_icb_cmd_buf.u_bypbuf_fifo.dp_gtK.vec_L_dfflr.qout_r	u_e203_cpu.u_e203_core.u_e203_ifu.u_e203_ifu_ift2icb.icb_state_dfflr.qout_r[0]$_DFFE_PN0P_/Q	u_e203_cpu.u_e203_itcm_ctrl.u_sram_icb_ctrl.u_byp_icb_cmd_buf.u_bypbuf_fifo.dp_gt0.vec_31_dfflr.qout_r$_DFFE_PN0P_/D
833	-0.1934	u_eI_cpu.u_eJ_core.u_eK_ifu.u_eL_ifu_ifetch.ir_rsMidx_dfflr.qout_r[N]	u_eI_cpu.u_eJ_core.u_eK_exu.u_eL_exu_oitf.oitf_entries[M].vld_dfflrs.qout_r	u_e203_cpu.u_e203_core.u_e203_ifu.u_e203_ifu_ifetch.ir_rs2idx_dfflr.qout_r[3]$_DFFE_PN0P_/Q	u_e203_cpu.u_e203_core.u_e203_exu.u_e203_exu_oitf.oitf_entries[1].vld_dfflrs.qout_r$_DFFE_PN0P_/D
834	-0.1926	u_eI_cpu.u_eJ_core.u_eK_ifu.u_eL_ifu_ifetch.ifu_lo_ir_dfflr.qout_r[M]	u_eI_cpu.u_eJ_core.u_eK_exu.u_eL_exu_csr.mscratch_dfflr.qout_r[M]	u_e203_cpu.u_e203_core.u_e203_ifu.u_e203_ifu_ifetch.ifu_lo_ir_dfflr.qout_r[11]$_DFFE_PN0P_/Q	u_e203_cpu.u_e203_core.u_e203_exu.u_e203_exu_csr.mscratch_dfflr.qout_r[10]$_DFFE_PN0P_/D
835	-0.1907	u_eI_cpu.u_eJ_core.u_eK_ifu.u_eL_ifu_iftMicb.icb_addr_N_O_dffl.qout_r[P]	u_eI_cpu.u_eJ_core.u_eK_biu.u_sirv_gnrl_icb_buffer.u_sirv_gnrl_cmd_fifo.dp_gtL.fifo_rf[M].fifo_rf_dffl.qout_r[N]	u_e203_cpu.u_e203_core.u_e203_ifu.u_e203_ifu_ift2icb.icb_addr_2_1_dffl.qout_r[1]$_DFFE_PP_/Q	u_e203_cpu.u_e203_core.u_e203_biu.u_sirv_gnrl_icb_buffer.u_sirv_gnrl_cmd_fifo.dp_gt0.fifo_rf[0].fifo_rf_dffl.qout_r[70]$_DFFE_PP_/D
836	-0.1901	u_eI_cpu.u_eJ_core.u_eK_ifu.u_eL_ifu_iftMicb.icb_state_dfflr.qout_r[N]	u_eI_cpu.u_eJ_itcm_ctrl.u_sram_icb_ctrl.u_byp_icb_cmd_buf.u_bypbuf_fifo.dp_gtK.vec_L_dfflrs.qout_r	u_e203_cpu.u_e203_core.u_e203_ifu.u_e203_ifu_ift2icb.icb_state_dfflr.qout_r[0]$_DFFE_PN0P_/Q	u_e203_cpu.u_e203_itcm_ctrl.u_sram_icb_ctrl.u_byp_icb_cmd_buf.u_bypbuf_fifo.dp_gt0.vec_0_dfflrs.qout_r$_DFFE_PN1P_/D
837	-0.1899	u_eI_cpu.u_eJ_core.u_eK_ifu.u_eL_ifu_ifetch.ir_rsMidx_dfflr.qout_r[N]	u_eI_cpu.u_eJ_core.u_eK_exu.u_eL_exu_csr.mcycleh_dfflr.qout_r[M]	u_e203_cpu.u_e203_core.u_e203_ifu.u_e203_ifu_ifetch.ir_rs2idx_dfflr.qout_r[3]$_DFFE_PN0P_/Q	u_e203_cpu.u_e203_core.u_e203_exu.u_e203_exu_csr.mcycleh_dfflr.qout_r[10]$_DFFE_PN0P_/D
838	-0.1875	u_eI_cpu.u_eJ_core.u_eK_ifu.u_eL_ifu_ifetch.ir_rsMidx_dfflr.qout_r[N]	u_eI_cpu.u_eJ_core.u_eK_exu.u_eL_exu_alu.u_eM_exu_alu_muldiv.muldiv_state_dfflr.qout_r[N]	u_e203_cpu.u_e203_core.u_e203_ifu.u_e203_ifu_ifetch.ir_rs2idx_dfflr.qout_r[3]$_DFFE_PN0P_/Q	u_e203_cpu.u_e203_core.u_e203_exu.u_e203_exu_alu.u_e203_exu_alu_muldiv.muldiv_state_dfflr.qout_r[2]$_DFFE_PN0P_/D
839	-0.1871	u_eI_cpu.u_eJ_core.u_eK_ifu.u_eL_ifu_ifetch.ir_rsMidx_dfflr.qout_r[N]	u_eI_cpu.u_eJ_core.u_eK_exu.u_eL_exu_oitf.depth_gtM.alc_ptr_dfflrs.qout_r	u_e203_cpu.u_e203_core.u_e203_ifu.u_e203_ifu_ifetch.ir_rs2idx_dfflr.qout_r[3]$_DFFE_PN0P_/Q	u_e203_cpu.u_e203_core.u_e203_exu.u_e203_exu_oitf.depth_gt1.alc_ptr_dfflrs.qout_r$_DFFE_PN0P_/D
840	-0.1863	u_eI_cpu.u_eJ_core.u_eK_ifu.u_eL_ifu_iftMicb.req_same_cross_holdup_dfflr.qout_r	u_eI_cpu.u_eJ_core.u_eK_biu.u_sirv_gnrl_icb_buffer.u_sirv_gnrl_cmd_fifo.dp_gtL.fifo_rf[M].fifo_rf_dffl.qout_r[N]	u_e203_cpu.u_e203_core.u_e203_ifu.u_e203_ifu_ift2icb.req_same_cross_holdup_dfflr.qout_r$_DFFE_PN0P_/Q	u_e203_cpu.u_e203_core.u_e203_biu.u_sirv_gnrl_icb_buffer.u_sirv_gnrl_cmd_fifo.dp_gt0.fifo_rf[0].fifo_rf_dffl.qout_r[70]$_DFFE_PP_/D
841	-0.1863	u_eI_cpu.u_eJ_core.u_eK_ifu.u_eL_ifu_ifetch.ifu_hi_ir_dfflr.qout_r[M]	u_eI_cpu.u_eJ_core.u_eK_exu.u_eL_exu_oitf.depth_gtM.alc_ptr_flg_dfflrs.qout_r	u_e203_cpu.u_e203_core.u_e203_ifu.u_e203_ifu_ifetch.ifu_hi_ir_dfflr.qout_r[15]$_DFFE_PN0P_/Q	u_e203_cpu.u_e203_core.u_e203_exu.u_e203_exu_oitf.depth_gt1.alc_ptr_flg_dfflrs.qout_r$_DFFE_PN0P_/D
842	-0.1862	u_eI_cpu.u_eJ_core.u_eK_exu.u_eL_exu_oitf.depth_gtM.ret_ptr_dfflrs.qout_r	u_eI_cpu.u_eJ_core.u_eK_ifu.u_eL_ifu_iftMicb.leftover_dffl.qout_r[N]	u_e203_cpu.u_e203_core.u_e203_exu.u_e203_exu_oitf.depth_gt1.ret_ptr_dfflrs.qout_r$_DFFE_PN0P_/Q	u_e203_cpu.u_e203_core.u_e203_ifu.u_e203_ifu_ift2icb.leftover_dffl.qout_r[10]$_DFFE_PP_/D
843	-0.1860	u_eI_cpu.u_eJ_core.u_eK_lsu.u_eL_lsu_ctrl.u_eM_lsu_splt_stage.dp_gt_N.vld_dfflr.qout_r	u_eI_cpu.u_eJ_clk_ctrl.itcm_active_dffr.qout_r	u_e203_cpu.u_e203_core.u_e203_lsu.u_e203_lsu_ctrl.u_e203_lsu_splt_stage.dp_gt_0.vld_dfflr.qout_r$_DFFE_PN0P_/Q	u_e203_cpu.u_e203_clk_ctrl.itcm_active_dffr.qout_r$_DFF_PN0_/D
844	-0.1855	u_eI_cpu.u_eJ_core.u_eK_ifu.u_eL_ifu_ifetch.ir_rsMidx_dfflr.qout_r[N]	u_eI_cpu.u_eJ_core.u_eK_exu.u_eL_exu_csr.cause_dfflr.qout_r[M]	u_e203_cpu.u_e203_core.u_e203_ifu.u_e203_ifu_ifetch.ir_rs2idx_dfflr.qout_r[3]$_DFFE_PN0P_/Q	u_e203_cpu.u_e203_core.u_e203_exu.u_e203_exu_csr.cause_dfflr.qout_r[3]$_DFFE_PN0P_/D
845	-0.1847	u_eI_cpu.u_eJ_core.u_eK_exu.u_eL_exu_alu.u_eM_exu_alu_lsuagu.icb_state_dfflr.qout_r[N]	u_eI_cpu.u_eJ_core.u_eK_biu.u_sirv_gnrl_icb_buffer.u_sirv_gnrl_cmd_fifo.dp_gtL.fifo_rf[M].fifo_rf_dffl.qout_r[N]	u_e203_cpu.u_e203_core.u_e203_exu.u_e203_exu_alu.u_e203_exu_alu_lsuagu.icb_state_dfflr.qout_r[2]$_DFFE_PN0P_/Q	u_e203_cpu.u_e203_core.u_e203_biu.u_sirv_gnrl_icb_buffer.u_sirv_gnrl_cmd_fifo.dp_gt0.fifo_rf[0].fifo_rf_dffl.qout_r[70]$_DFFE_PP_/D
846	-0.1843	u_eI_cpu.u_eJ_core.u_eK_ifu.u_eL_ifu_iftMicb.icb_addr_N_O_dffl.qout_r[P]	u_eI_cpu.u_eJ_clk_ctrl.u_itcm_clkgate.enb	u_e203_cpu.u_e203_core.u_e203_ifu.u_e203_ifu_ift2icb.icb_addr_2_1_dffl.qout_r[1]$_DFFE_PP_/Q	u_e203_cpu.u_e203_clk_ctrl.u_itcm_clkgate.enb$_DLATCH_N_/D
847	-0.1834	u_eI_cpu.u_eJ_core.u_eK_lsu.u_eL_lsu_ctrl.u_eM_lsu_splt_stage.dp_gt_N.vld_dfflr.qout_r	u_eI_cpu.u_eJ_core.u_eK_ifu.u_eL_ifu_iftMicb.icb_state_dfflr.qout_r[N]	u_e203_cpu.u_e203_core.u_e203_lsu.u_e203_lsu_ctrl.u_e203_lsu_splt_stage.dp_gt_0.vld_dfflr.qout_r$_DFFE_PN0P_/Q	u_e203_cpu.u_e203_core.u_e203_ifu.u_e203_ifu_ift2icb.icb_state_dfflr.qout_r[1]$_DFFE_PN0P_/D
848	-0.1821	u_eI_cpu.u_eJ_core.u_eK_exu.u_eL_exu_regfile.regfile[M].rfnoN.rf_dffl.qout_r[O]	u_eI_cpu.u_eJ_core.u_eK_ifu.u_eL_ifu_iftMicb.u_eN_ifetch_rsp_bypbuf.u_bypbuf_fifo.dp_gtO.fifo_rf[P].fifo_rf_dffl.qout_r[Q]	u_e203_cpu.u_e203_core.u_e203_exu.u_e203_exu_regfile.regfile[13].rfno0.rf_dffl.qout_r[31]$_DFFE_PP_/Q	u_e203_cpu.u_e203_core.u_e203_ifu.u_e203_ifu_ift2icb.u_e203_ifetch_rsp_bypbuf.u_bypbuf_fifo.dp_gt0.fifo_rf[0].fifo_rf_dffl.qout_r[6]$_DFFE_PP_/D
849	-0.1816	u_eI_cpu.u_eJ_core.u_eK_exu.u_eL_exu_oitf.depth_gtM.alc_ptr_dfflrs.qout_r	u_eI_cpu.u_eJ_core.u_eK_ifu.u_eL_ifu_iftMicb.leftover_dffl.qout_r[N]	u_e203_cpu.u_e203_core.u_e203_exu.u_e203_exu_oitf.depth_gt1.alc_ptr_dfflrs.qout_r$_DFFE_PN0P_/Q	u_e203_cpu.u_e203_core.u_e203_ifu.u_e203_ifu_ift2icb.leftover_dffl.qout_r[10]$_DFFE_PP_/D
850	-0.1808	u_eI_cpu.u_eJ_core.u_eK_ifu.u_eL_ifu_ifetch.ir_muldiv_bMb_dfflr.qout_r	cmt_dcause_ena	u_e203_cpu.u_e203_core.u_e203_ifu.u_e203_ifu_ifetch.ir_muldiv_b2b_dfflr.qout_r$_DFFE_PN0P_/Q	cmt_dcause_ena
851	-0.1799	u_eI_cpu.u_eJ_core.u_eK_ifu.u_eL_ifu_iftMicb.req_same_cross_holdup_dfflr.qout_r	u_eI_cpu.u_eJ_clk_ctrl.u_itcm_clkgate.enb	u_e203_cpu.u_e203_core.u_e203_ifu.u_e203_ifu_ift2icb.req_same_cross_holdup_dfflr.qout_r$_DFFE_PN0P_/Q	u_e203_cpu.u_e203_clk_ctrl.u_itcm_clkgate.enb$_DLATCH_N_/D
852	-0.1797	u_eI_cpu.u_eJ_core.u_eK_lsu.u_eL_lsu_ctrl.u_eM_lsu_splt_stage.dp_gt_N.dat_dfflr.qout_r[O]	u_eI_cpu.u_eJ_itcm_ctrl.u_sram_icb_ctrl.u_byp_icb_cmd_buf.u_bypbuf_fifo.dp_gtK.vec_L_dfflr.qout_r	u_e203_cpu.u_e203_core.u_e203_lsu.u_e203_lsu_ctrl.u_e203_lsu_splt_stage.dp_gt_0.dat_dfflr.qout_r[43]$_DFFE_PP_/Q	u_e203_cpu.u_e203_itcm_ctrl.u_sram_icb_ctrl.u_byp_icb_cmd_buf.u_bypbuf_fifo.dp_gt0.vec_31_dfflr.qout_r$_DFFE_PN0P_/D
853	-0.1786	u_eI_cpu.u_eJ_core.u_eK_lsu.u_eL_lsu_ctrl.u_eM_lsu_splt_stage.dp_gt_N.dat_dfflr.qout_r[O]	u_eI_cpu.u_eJ_core.u_eK_exu.u_eL_exu_csr.minstreth_dfflr.qout_r[M]	u_e203_cpu.u_e203_core.u_e203_lsu.u_e203_lsu_ctrl.u_e203_lsu_splt_stage.dp_gt_0.dat_dfflr.qout_r[43]$_DFFE_PP_/Q	u_e203_cpu.u_e203_core.u_e203_exu.u_e203_exu_csr.minstreth_dfflr.qout_r[29]$_DFFE_PN0P_/D
854	-0.1783	u_eI_cpu.u_eJ_core.u_eK_exu.u_eL_exu_alu.u_eM_exu_alu_lsuagu.icb_state_dfflr.qout_r[N]	u_eI_cpu.u_eJ_clk_ctrl.u_itcm_clkgate.enb	u_e203_cpu.u_e203_core.u_e203_exu.u_e203_exu_alu.u_e203_exu_alu_lsuagu.icb_state_dfflr.qout_r[2]$_DFFE_PN0P_/Q	u_e203_cpu.u_e203_clk_ctrl.u_itcm_clkgate.enb$_DLATCH_N_/D
855	-0.1780	u_eI_cpu.u_eJ_core.u_eK_ifu.u_eL_ifu_iftMicb.icb_addr_N_O_dffl.qout_r[P]	u_eI_cpu.u_eJ_core.u_eK_biu.u_biu_icb_arbt.arbt_num_gt_L_gen.dp_M.u_sirv_gnrl_rspid_fifo.dp_gt_N.dat_dfflr.qout_r	u_e203_cpu.u_e203_core.u_e203_ifu.u_e203_ifu_ift2icb.icb_addr_2_1_dffl.qout_r[1]$_DFFE_PP_/Q	u_e203_cpu.u_e203_core.u_e203_biu.u_biu_icb_arbt.arbt_num_gt_1_gen.dp_1.u_sirv_gnrl_rspid_fifo.dp_gt_0.dat_dfflr.qout_r$_DFFE_PP_/D
856	-0.1780	u_eI_cpu.u_eJ_core.u_eK_ifu.u_eL_ifu_ifetch.ifu_hi_ir_dfflr.qout_r[M]	u_eI_cpu.u_eJ_core.u_eK_exu.u_eL_exu_csr.mcycle_dfflr.qout_r[M]	u_e203_cpu.u_e203_core.u_e203_ifu.u_e203_ifu_ifetch.ifu_hi_ir_dfflr.qout_r[15]$_DFFE_PN0P_/Q	u_e203_cpu.u_e203_core.u_e203_exu.u_e203_exu_csr.mcycle_dfflr.qout_r[10]$_DFFE_PN0P_/D
857	-0.1777	u_eI_cpu.u_eJ_core.u_eK_ifu.u_eL_ifu_ifetch.ifu_hi_ir_dfflr.qout_r[M]	u_eI_cpu.u_eJ_itcm_ctrl.u_itcm_icb_arbt.arbt_num_gt_K_gen.dp_L.u_sirv_gnrl_rspid_fifo.dp_gt_M.vld_dfflr.qout_r	u_e203_cpu.u_e203_core.u_e203_ifu.u_e203_ifu_ifetch.ifu_hi_ir_dfflr.qout_r[15]$_DFFE_PN0P_/Q	u_e203_cpu.u_e203_itcm_ctrl.u_itcm_icb_arbt.arbt_num_gt_1_gen.dp_1.u_sirv_gnrl_rspid_fifo.dp_gt_0.vld_dfflr.qout_r$_DFFE_PN0P_/D
858	-0.1777	u_eI_cpu.u_eJ_core.u_eK_ifu.u_eL_ifu_ifetch.ifu_hi_ir_dfflr.qout_r[M]	u_eI_cpu.u_eJ_core.u_eK_exu.u_eL_exu_alu.u_eM_exu_alu_muldiv.exec_cnt_dfflr.qout_r[N]	u_e203_cpu.u_e203_core.u_e203_ifu.u_e203_ifu_ifetch.ifu_hi_ir_dfflr.qout_r[15]$_DFFE_PN0P_/Q	u_e203_cpu.u_e203_core.u_e203_exu.u_e203_exu_alu.u_e203_exu_alu_muldiv.exec_cnt_dfflr.qout_r[0]$_DFFE_PN0P_/D
859	-0.1775	dbg_halt_r	u_eI_cpu.u_eJ_clk_ctrl.u_lsu_clkgate.enb	dbg_halt_r	u_e203_cpu.u_e203_clk_ctrl.u_lsu_clkgate.enb$_DLATCH_N_/D
860	-0.1768	u_eI_cpu.u_eJ_core.u_eK_ifu.u_eL_ifu_ifetch.ifu_lo_ir_dfflr.qout_r[M]	u_eI_cpu.u_eJ_dtcm_ctrl.u_dtcm_icb_arbt.arbt_num_gt_K_gen.dp_L.u_sirv_gnrl_rspid_fifo.dp_gt_M.dat_dfflr.qout_r	u_e203_cpu.u_e203_core.u_e203_ifu.u_e203_ifu_ifetch.ifu_lo_ir_dfflr.qout_r[11]$_DFFE_PN0P_/Q	u_e203_cpu.u_e203_dtcm_ctrl.u_dtcm_icb_arbt.arbt_num_gt_1_gen.dp_1.u_sirv_gnrl_rspid_fifo.dp_gt_0.dat_dfflr.qout_r$_DFFE_PP_/D
861	-0.1768	u_eI_cpu.u_eJ_dtcm_ctrl.u_dtcm_icb_arbt.arbt_num_gt_K_gen.dp_L.u_sirv_gnrl_rspid_fifo.dp_gt_M.dat_dfflr.qout_r	u_eI_cpu.u_eJ_core.u_eK_ifu.u_eL_ifu_iftMicb.leftover_dffl.qout_r[N]	u_e203_cpu.u_e203_dtcm_ctrl.u_dtcm_icb_arbt.arbt_num_gt_1_gen.dp_1.u_sirv_gnrl_rspid_fifo.dp_gt_0.dat_dfflr.qout_r$_DFFE_PP_/Q	u_e203_cpu.u_e203_core.u_e203_ifu.u_e203_ifu_ift2icb.leftover_dffl.qout_r[10]$_DFFE_PP_/D
862	-0.1761	u_eI_cpu.u_eJ_core.u_eK_ifu.u_eL_ifu_ifetch.ifu_hi_ir_dfflr.qout_r[M]	u_eI_cpu.u_eJ_core.u_eK_exu.u_eL_exu_csr.status_mie_dfflr.qout_r	u_e203_cpu.u_e203_core.u_e203_ifu.u_e203_ifu_ifetch.ifu_hi_ir_dfflr.qout_r[15]$_DFFE_PN0P_/Q	u_e203_cpu.u_e203_core.u_e203_exu.u_e203_exu_csr.status_mie_dfflr.qout_r$_DFFE_PN0P_/D
863	-0.1761	u_eI_cpu.u_eJ_core.u_eK_ifu.u_eL_ifu_iftMicb.icb_addr_N_O_dffl.qout_r[P]	u_eI_cpu.u_eJ_core.u_eK_ifu.u_eL_ifu_iftMicb.leftover_err_dfflr.qout_r	u_e203_cpu.u_e203_core.u_e203_ifu.u_e203_ifu_ift2icb.icb_addr_2_1_dffl.qout_r[1]$_DFFE_PP_/Q	u_e203_cpu.u_e203_core.u_e203_ifu.u_e203_ifu_ift2icb.leftover_err_dfflr.qout_r$_DFFE_PN0P_/D
864	-0.1760	u_eI_cpu.u_eJ_core.u_eK_ifu.u_eL_ifu_ifetch.ifu_lo_ir_dfflr.qout_r[M]	u_eI_cpu.u_eJ_core.u_eK_lsu.u_eL_lsu_ctrl.u_lsu_icb_arbt.arbt_num_gt_M_gen.dp_N.u_sirv_gnrl_rspid_fifo.dp_gt_O.dat_dfflr.qout_r	u_e203_cpu.u_e203_core.u_e203_ifu.u_e203_ifu_ifetch.ifu_lo_ir_dfflr.qout_r[11]$_DFFE_PN0P_/Q	u_e203_cpu.u_e203_core.u_e203_lsu.u_e203_lsu_ctrl.u_lsu_icb_arbt.arbt_num_gt_1_gen.dp_1.u_sirv_gnrl_rspid_fifo.dp_gt_0.dat_dfflr.qout_r$_DFFE_PP_/D
865	-0.1758	u_eI_cpu.u_eJ_core.u_eK_lsu.u_eL_lsu_ctrl.u_eM_lsu_splt_stage.dp_gt_N.dat_dfflr.qout_r[O]	u_eI_cpu.u_eJ_itcm_ctrl.u_sram_icb_ctrl.u_byp_icb_cmd_buf.u_bypbuf_fifo.dp_gtK.vec_L_dfflrs.qout_r	u_e203_cpu.u_e203_core.u_e203_lsu.u_e203_lsu_ctrl.u_e203_lsu_splt_stage.dp_gt_0.dat_dfflr.qout_r[43]$_DFFE_PP_/Q	u_e203_cpu.u_e203_itcm_ctrl.u_sram_icb_ctrl.u_byp_icb_cmd_buf.u_bypbuf_fifo.dp_gt0.vec_0_dfflrs.qout_r$_DFFE_PN1P_/D
866	-0.1751	extIitcm_icb_rsp_ready	cmt_dcause_ena	ext2itcm_icb_rsp_ready	cmt_dcause_ena
867	-0.1743	u_eI_cpu.u_eJ_core.u_eK_ifu.u_eL_ifu_ifetch.ifu_err_dfflr.qout_r	u_eI_cpu.u_eJ_core.u_eK_lsu.u_eL_lsu_ctrl.u_eM_lsu_splt_stage.dp_gt_N.dat_dfflr.qout_r[O]	u_e203_cpu.u_e203_core.u_e203_ifu.u_e203_ifu_ifetch.ifu_err_dfflr.qout_r$_DFFE_PN0P_/Q	u_e203_cpu.u_e203_core.u_e203_lsu.u_e203_lsu_ctrl.u_e203_lsu_splt_stage.dp_gt_0.dat_dfflr.qout_r[39]$_DFFE_PP_/D
868	-0.1737	u_eI_cpu.u_eJ_core.u_eK_ifu.u_eL_ifu_iftMicb.req_same_cross_holdup_dfflr.qout_r	u_eI_cpu.u_eJ_core.u_eK_biu.u_biu_icb_arbt.arbt_num_gt_L_gen.dp_M.u_sirv_gnrl_rspid_fifo.dp_gt_N.dat_dfflr.qout_r	u_e203_cpu.u_e203_core.u_e203_ifu.u_e203_ifu_ift2icb.req_same_cross_holdup_dfflr.qout_r$_DFFE_PN0P_/Q	u_e203_cpu.u_e203_core.u_e203_biu.u_biu_icb_arbt.arbt_num_gt_1_gen.dp_1.u_sirv_gnrl_rspid_fifo.dp_gt_0.dat_dfflr.qout_r$_DFFE_PP_/D
869	-0.1733	u_eI_cpu.u_eJ_core.u_eK_ifu.u_eL_ifu_ifetch.ir_rsMidx_dfflr.qout_r[N]	u_eI_cpu.u_eJ_core.u_eK_exu.u_eL_exu_csr.status_mpie_dfflr.qout_r	u_e203_cpu.u_e203_core.u_e203_ifu.u_e203_ifu_ifetch.ir_rs2idx_dfflr.qout_r[3]$_DFFE_PN0P_/Q	u_e203_cpu.u_e203_core.u_e203_exu.u_e203_exu_csr.status_mpie_dfflr.qout_r$_DFFE_PN0P_/D
870	-0.1724	u_eI_cpu.u_eJ_core.u_eK_lsu.u_eL_lsu_ctrl.u_eM_lsu_splt_stage.dp_gt_N.vld_dfflr.qout_r	u_eI_cpu.u_eJ_core.u_eK_ifu.u_eL_ifu_ifetch.reset_req_dfflr.qout_r	u_e203_cpu.u_e203_core.u_e203_lsu.u_e203_lsu_ctrl.u_e203_lsu_splt_stage.dp_gt_0.vld_dfflr.qout_r$_DFFE_PN0P_/Q	u_e203_cpu.u_e203_core.u_e203_ifu.u_e203_ifu_ifetch.reset_req_dfflr.qout_r$_DFFE_PN0P_/D
871	-0.1722	u_eI_cpu.u_eJ_core.u_eK_biu.u_biu_icb_arbt.arbt_num_gt_L_gen.dp_M.u_sirv_gnrl_rspid_fifo.dp_gt_N.dat_dfflr.qout_r	u_eI_cpu.u_eJ_core.u_eK_biu.u_sirv_gnrl_icb_buffer.u_sirv_gnrl_cmd_fifo.dp_gtL.fifo_rf[M].fifo_rf_dffl.qout_r[N]	u_e203_cpu.u_e203_core.u_e203_biu.u_biu_icb_arbt.arbt_num_gt_1_gen.dp_1.u_sirv_gnrl_rspid_fifo.dp_gt_0.dat_dfflr.qout_r$_DFFE_PP_/Q	u_e203_cpu.u_e203_core.u_e203_biu.u_sirv_gnrl_icb_buffer.u_sirv_gnrl_cmd_fifo.dp_gt0.fifo_rf[0].fifo_rf_dffl.qout_r[70]$_DFFE_PP_/D
872	-0.1722	u_eI_cpu.u_eJ_core.u_eK_ifu.u_eL_ifu_ifetch.ifu_lo_ir_dfflr.qout_r[M]	u_eI_cpu.u_eJ_core.u_eK_ifu.u_eL_ifu_ifetch.ir_pc_vld_dfflr.qout_r	u_e203_cpu.u_e203_core.u_e203_ifu.u_e203_ifu_ifetch.ifu_lo_ir_dfflr.qout_r[11]$_DFFE_PN0P_/Q	u_e203_cpu.u_e203_core.u_e203_ifu.u_e203_ifu_ifetch.ir_pc_vld_dfflr.qout_r$_DFFE_PN0P_/D
873	-0.1721	u_eI_cpu.u_eJ_core.u_eK_ifu.u_eL_ifu_ifetch.ifu_err_dfflr.qout_r	u_eI_cpu.u_eJ_core.u_eK_exu.u_eL_exu_alu.u_eM_exu_alu_dpath.sbf_N_dffl.qout_r[O]	u_e203_cpu.u_e203_core.u_e203_ifu.u_e203_ifu_ifetch.ifu_err_dfflr.qout_r$_DFFE_PN0P_/Q	u_e203_cpu.u_e203_core.u_e203_exu.u_e203_exu_alu.u_e203_exu_alu_dpath.sbf_1_dffl.qout_r[32]$_SDFFCE_PN0P_/D
874	-0.1721	u_eI_cpu.u_eJ_core.u_eK_exu.u_eL_exu_alu.u_eM_exu_alu_lsuagu.icb_state_dfflr.qout_r[N]	u_eI_cpu.u_eJ_core.u_eK_biu.u_biu_icb_arbt.arbt_num_gt_L_gen.dp_M.u_sirv_gnrl_rspid_fifo.dp_gt_N.dat_dfflr.qout_r	u_e203_cpu.u_e203_core.u_e203_exu.u_e203_exu_alu.u_e203_exu_alu_lsuagu.icb_state_dfflr.qout_r[2]$_DFFE_PN0P_/Q	u_e203_cpu.u_e203_core.u_e203_biu.u_biu_icb_arbt.arbt_num_gt_1_gen.dp_1.u_sirv_gnrl_rspid_fifo.dp_gt_0.dat_dfflr.qout_r$_DFFE_PP_/D
875	-0.1720	u_eI_cpu.u_eJ_core.u_eK_ifu.u_eL_ifu_ifetch.ifu_lo_ir_dfflr.qout_r[M]	u_eI_cpu.u_eJ_core.u_eK_lsu.u_eL_lsu_ctrl.u_eM_lsu_splt_stage.dp_gt_N.vld_dfflr.qout_r	u_e203_cpu.u_e203_core.u_e203_ifu.u_e203_ifu_ifetch.ifu_lo_ir_dfflr.qout_r[11]$_DFFE_PN0P_/Q	u_e203_cpu.u_e203_core.u_e203_lsu.u_e203_lsu_ctrl.u_e203_lsu_splt_stage.dp_gt_0.vld_dfflr.qout_r$_DFFE_PN0P_/D
876	-0.1720	u_eI_cpu.u_eJ_core.u_eK_ifu.u_eL_ifu_ifetch.ifu_lo_ir_dfflr.qout_r[M]	u_eI_cpu.u_eJ_core.u_eK_lsu.u_eL_lsu_ctrl.u_lsu_icb_arbt.arbt_num_gt_M_gen.dp_N.u_sirv_gnrl_rspid_fifo.dp_gt_O.vld_dfflr.qout_r	u_e203_cpu.u_e203_core.u_e203_ifu.u_e203_ifu_ifetch.ifu_lo_ir_dfflr.qout_r[11]$_DFFE_PN0P_/Q	u_e203_cpu.u_e203_core.u_e203_lsu.u_e203_lsu_ctrl.u_lsu_icb_arbt.arbt_num_gt_1_gen.dp_1.u_sirv_gnrl_rspid_fifo.dp_gt_0.vld_dfflr.qout_r$_DFFE_PN0P_/D
877	-0.1718	u_eI_cpu.u_eJ_core.u_eK_ifu.u_eL_ifu_iftMicb.icb_addr_N_O_dffl.qout_r[P]	u_eI_cpu.u_eJ_core.u_eK_ifu.u_eL_ifu_ifetch.ifu_hi_ir_dfflr.qout_r[M]	u_e203_cpu.u_e203_core.u_e203_ifu.u_e203_ifu_ift2icb.icb_addr_2_1_dffl.qout_r[1]$_DFFE_PP_/Q	u_e203_cpu.u_e203_core.u_e203_ifu.u_e203_ifu_ifetch.ifu_hi_ir_dfflr.qout_r[10]$_DFFE_PN0P_/D
878	-0.1717	u_eI_cpu.u_eJ_core.u_eK_ifu.u_eL_ifu_iftMicb.icb_state_dfflr.qout_r[N]	u_eI_cpu.u_eJ_core.u_eK_ifu.u_eL_ifu_iftMicb.u_eN_ifetch_rsp_bypbuf.u_bypbuf_fifo.dp_gtO.fifo_rf[P].fifo_rf_dffl.qout_r[Q]	u_e203_cpu.u_e203_core.u_e203_ifu.u_e203_ifu_ift2icb.icb_state_dfflr.qout_r[0]$_DFFE_PN0P_/Q	u_e203_cpu.u_e203_core.u_e203_ifu.u_e203_ifu_ift2icb.u_e203_ifetch_rsp_bypbuf.u_bypbuf_fifo.dp_gt0.fifo_rf[0].fifo_rf_dffl.qout_r[6]$_DFFE_PP_/D
879	-0.1717	u_eI_cpu.u_eJ_core.u_eK_ifu.u_eL_ifu_iftMicb.req_same_cross_holdup_dfflr.qout_r	u_eI_cpu.u_eJ_core.u_eK_ifu.u_eL_ifu_iftMicb.leftover_err_dfflr.qout_r	u_e203_cpu.u_e203_core.u_e203_ifu.u_e203_ifu_ift2icb.req_same_cross_holdup_dfflr.qout_r$_DFFE_PN0P_/Q	u_e203_cpu.u_e203_core.u_e203_ifu.u_e203_ifu_ift2icb.leftover_err_dfflr.qout_r$_DFFE_PN0P_/D
880	-0.1716	u_eI_cpu.u_eJ_core.u_eK_ifu.u_eL_ifu_ifetch.ifu_lo_ir_dfflr.qout_r[M]	u_eI_cpu.u_eJ_core.u_eK_exu.u_eL_exu_csr.counterstop_dfflr.qout_r[M]	u_e203_cpu.u_e203_core.u_e203_ifu.u_e203_ifu_ifetch.ifu_lo_ir_dfflr.qout_r[11]$_DFFE_PN0P_/Q	u_e203_cpu.u_e203_core.u_e203_exu.u_e203_exu_csr.counterstop_dfflr.qout_r[0]$_DFFE_PN0P_/D
881	-0.1715	u_eI_cpu.u_eJ_core.u_eK_ifu.u_eL_ifu_iftMicb.icb_addr_N_O_dffl.qout_r[P]	u_eI_cpu.u_eJ_itcm_ctrl.u_sram_icb_ctrl.u_byp_icb_cmd_buf.u_bypbuf_fifo.dp_gtK.fifo_rf[L].fifo_rf_dffl.qout_r[M]	u_e203_cpu.u_e203_core.u_e203_ifu.u_e203_ifu_ift2icb.icb_addr_2_1_dffl.qout_r[1]$_DFFE_PP_/Q	u_e203_cpu.u_e203_itcm_ctrl.u_sram_icb_ctrl.u_byp_icb_cmd_buf.u_bypbuf_fifo.dp_gt0.fifo_rf[0].fifo_rf_dffl.qout_r[47]$_DFFE_PP_/D
882	-0.1714	u_eI_cpu.u_eJ_core.u_eK_ifu.u_eL_ifu_ifetch.ir_rsMidx_dfflr.qout_r[N]	u_eI_cpu.u_eJ_itcm_ctrl.u_itcm_icb_lsuKitcm_nLw.fifo_dp_M.u_sirv_gnrl_nNw_fifo.dp_gt_O.dat_dfflr.qout_r	u_e203_cpu.u_e203_core.u_e203_ifu.u_e203_ifu_ifetch.ir_rs2idx_dfflr.qout_r[3]$_DFFE_PN0P_/Q	u_e203_cpu.u_e203_itcm_ctrl.u_itcm_icb_lsu2itcm_n2w.fifo_dp_1.u_sirv_gnrl_n2w_fifo.dp_gt_0.dat_dfflr.qout_r$_DFFE_PP_/D
883	-0.1714	u_eI_cpu.u_eJ_core.u_eK_lsu.u_eL_lsu_ctrl.u_eM_lsu_splt_stage.dp_gt_N.vld_dfflr.qout_r	u_eI_cpu.u_eJ_core.u_eK_ifu.u_eL_ifu_iftMicb.icb_addr_N_O_dffl.qout_r[P]	u_e203_cpu.u_e203_core.u_e203_lsu.u_e203_lsu_ctrl.u_e203_lsu_splt_stage.dp_gt_0.vld_dfflr.qout_r$_DFFE_PN0P_/Q	u_e203_cpu.u_e203_core.u_e203_ifu.u_e203_ifu_ift2icb.icb_addr_2_1_dffl.qout_r[0]$_DFFE_PP_/D
884	-0.1713	u_eI_cpu.u_eJ_core.u_eK_exu.u_eL_exu_alu.u_eM_exu_alu_lsuagu.icb_state_dfflr.qout_r[N]	u_eI_srams.u_eJ_itcm_ram.u_eK_itcm_gnrl_ram.u_sirv_sim_ram.mem_r[L][M]	u_e203_cpu.u_e203_core.u_e203_exu.u_e203_exu_alu.u_e203_exu_alu_lsuagu.icb_state_dfflr.qout_r[2]$_DFFE_PN0P_/Q	u_e203_srams.u_e203_itcm_ram.u_e203_itcm_gnrl_ram.u_sirv_sim_ram.mem_r[0][32]$_DFFE_PP_/D
885	-0.1701	u_eI_cpu.u_eJ_core.u_eK_exu.u_eL_exu_alu.u_eM_exu_alu_lsuagu.icb_state_dfflr.qout_r[N]	u_eI_cpu.u_eJ_core.u_eK_ifu.u_eL_ifu_iftMicb.leftover_err_dfflr.qout_r	u_e203_cpu.u_e203_core.u_e203_exu.u_e203_exu_alu.u_e203_exu_alu_lsuagu.icb_state_dfflr.qout_r[2]$_DFFE_PN0P_/Q	u_e203_cpu.u_e203_core.u_e203_ifu.u_e203_ifu_ift2icb.leftover_err_dfflr.qout_r$_DFFE_PN0P_/D
886	-0.1699	dbg_ebreakm_r	cmt_dcause[I]	dbg_ebreakm_r	cmt_dcause[0]
887	-0.1695	u_eI_cpu.u_eJ_core.u_eK_exu.u_eL_exu_regfile.regfile[M].rfnoN.rf_dffl.qout_r[O]	u_eI_cpu.u_eJ_clk_ctrl.itcm_active_dffr.qout_r	u_e203_cpu.u_e203_core.u_e203_exu.u_e203_exu_regfile.regfile[13].rfno0.rf_dffl.qout_r[31]$_DFFE_PP_/Q	u_e203_cpu.u_e203_clk_ctrl.itcm_active_dffr.qout_r$_DFF_PN0_/D
888	-0.1691	u_eI_cpu.u_eJ_core.u_eK_ifu.u_eL_ifu_iftMicb.icb_addr_N_O_dffl.qout_r[P]	u_eI_cpu.u_eJ_core.u_eK_biu.u_sirv_gnrl_icb_buffer.u_sirv_gnrl_cmd_fifo.dp_gtL.vec_M_dfflr.qout_r	u_e203_cpu.u_e203_core.u_e203_ifu.u_e203_ifu_ift2icb.icb_addr_2_1_dffl.qout_r[1]$_DFFE_PP_/Q	u_e203_cpu.u_e203_core.u_e203_biu.u_sirv_gnrl_icb_buffer.u_sirv_gnrl_cmd_fifo.dp_gt0.vec_31_dfflr.qout_r$_DFFE_PN0P_/D
889	-0.1691	u_eI_cpu.u_eJ_itcm_ctrl.u_sram_icb_ctrl.u_sirv_Kcyc_sram_ctrl.u_eL_stage.dp_gt_M.dat_dfflr.qout_r[N]	u_eI_cpu.u_eJ_core.u_eK_ifu.u_eL_ifu_iftMicb.leftover_dffl.qout_r[N]	u_e203_cpu.u_e203_itcm_ctrl.u_sram_icb_ctrl.u_sirv_1cyc_sram_ctrl.u_e1_stage.dp_gt_0.dat_dfflr.qout_r[1]$_DFFE_PP_/QN	u_e203_cpu.u_e203_core.u_e203_ifu.u_e203_ifu_ift2icb.leftover_dffl.qout_r[10]$_DFFE_PP_/D
890	-0.1675	u_eI_cpu.u_eJ_core.u_eK_ifu.u_eL_ifu_iftMicb.req_same_cross_holdup_dfflr.qout_r	u_eI_cpu.u_eJ_core.u_eK_ifu.u_eL_ifu_ifetch.ifu_hi_ir_dfflr.qout_r[M]	u_e203_cpu.u_e203_core.u_e203_ifu.u_e203_ifu_ift2icb.req_same_cross_holdup_dfflr.qout_r$_DFFE_PN0P_/Q	u_e203_cpu.u_e203_core.u_e203_ifu.u_e203_ifu_ifetch.ifu_hi_ir_dfflr.qout_r[10]$_DFFE_PN0P_/D
891	-0.1671	u_eI_cpu.u_eJ_core.u_eK_ifu.u_eL_ifu_iftMicb.req_same_cross_holdup_dfflr.qout_r	u_eI_cpu.u_eJ_itcm_ctrl.u_sram_icb_ctrl.u_byp_icb_cmd_buf.u_bypbuf_fifo.dp_gtK.fifo_rf[L].fifo_rf_dffl.qout_r[M]	u_e203_cpu.u_e203_core.u_e203_ifu.u_e203_ifu_ift2icb.req_same_cross_holdup_dfflr.qout_r$_DFFE_PN0P_/Q	u_e203_cpu.u_e203_itcm_ctrl.u_sram_icb_ctrl.u_byp_icb_cmd_buf.u_bypbuf_fifo.dp_gt0.fifo_rf[0].fifo_rf_dffl.qout_r[47]$_DFFE_PP_/D
892	-0.1669	u_eI_cpu.u_eJ_core.u_eK_biu.u_biu_icb_arbt.arbt_num_gt_L_gen.dp_M.u_sirv_gnrl_rspid_fifo.dp_gt_N.vld_dfflr.qout_r	u_eI_cpu.u_eJ_core.u_eK_biu.u_sirv_gnrl_icb_buffer.u_sirv_gnrl_cmd_fifo.dp_gtL.fifo_rf[M].fifo_rf_dffl.qout_r[N]	u_e203_cpu.u_e203_core.u_e203_biu.u_biu_icb_arbt.arbt_num_gt_1_gen.dp_1.u_sirv_gnrl_rspid_fifo.dp_gt_0.vld_dfflr.qout_r$_DFFE_PN0P_/Q	u_e203_cpu.u_e203_core.u_e203_biu.u_sirv_gnrl_icb_buffer.u_sirv_gnrl_cmd_fifo.dp_gt0.fifo_rf[0].fifo_rf_dffl.qout_r[70]$_DFFE_PP_/D
893	-0.1669	u_eI_cpu.u_eJ_core.u_eK_exu.u_eL_exu_regfile.regfile[M].rfnoN.rf_dffl.qout_r[O]	u_eI_cpu.u_eJ_core.u_eK_ifu.u_eL_ifu_iftMicb.icb_state_dfflr.qout_r[N]	u_e203_cpu.u_e203_core.u_e203_exu.u_e203_exu_regfile.regfile[13].rfno0.rf_dffl.qout_r[31]$_DFFE_PP_/Q	u_e203_cpu.u_e203_core.u_e203_ifu.u_e203_ifu_ift2icb.icb_state_dfflr.qout_r[1]$_DFFE_PN0P_/D
894	-0.1659	extIdtcm_icb_rsp_ready	cmt_dcause_ena	ext2dtcm_icb_rsp_ready	cmt_dcause_ena
895	-0.1659	u_eI_cpu.u_eJ_core.u_eK_exu.u_eL_exu_alu.u_eM_exu_alu_lsuagu.icb_state_dfflr.qout_r[N]	u_eI_cpu.u_eJ_core.u_eK_ifu.u_eL_ifu_ifetch.ifu_hi_ir_dfflr.qout_r[M]	u_e203_cpu.u_e203_core.u_e203_exu.u_e203_exu_alu.u_e203_exu_alu_lsuagu.icb_state_dfflr.qout_r[2]$_DFFE_PN0P_/Q	u_e203_cpu.u_e203_core.u_e203_ifu.u_e203_ifu_ifetch.ifu_hi_ir_dfflr.qout_r[10]$_DFFE_PN0P_/D
896	-0.1658	u_eI_cpu.u_eJ_core.u_eK_ifu.u_eL_ifu_ifetch.ifu_lo_ir_dfflr.qout_r[M]	u_eI_cpu.u_eJ_core.u_eK_exu.u_eL_exu_alu.u_eM_exu_alu_muldiv.flushed_dfflr.qout_r	u_e203_cpu.u_e203_core.u_e203_ifu.u_e203_ifu_ifetch.ifu_lo_ir_dfflr.qout_r[11]$_DFFE_PN0P_/Q	u_e203_cpu.u_e203_core.u_e203_exu.u_e203_exu_alu.u_e203_exu_alu_muldiv.flushed_dfflr.qout_r$_DFFE_PN0P_/D
897	-0.1658	u_eI_cpu.u_eJ_core.u_eK_biu.u_biu_icb_arbt.arbt_num_gt_L_gen.dp_M.u_sirv_gnrl_rspid_fifo.dp_gt_N.dat_dfflr.qout_r	u_eI_cpu.u_eJ_clk_ctrl.u_itcm_clkgate.enb	u_e203_cpu.u_e203_core.u_e203_biu.u_biu_icb_arbt.arbt_num_gt_1_gen.dp_1.u_sirv_gnrl_rspid_fifo.dp_gt_0.dat_dfflr.qout_r$_DFFE_PP_/Q	u_e203_cpu.u_e203_clk_ctrl.u_itcm_clkgate.enb$_DLATCH_N_/D
898	-0.1655	u_eI_cpu.u_eJ_core.u_eK_exu.u_eL_exu_alu.u_eM_exu_alu_lsuagu.icb_state_dfflr.qout_r[N]	u_eI_cpu.u_eJ_itcm_ctrl.u_sram_icb_ctrl.u_byp_icb_cmd_buf.u_bypbuf_fifo.dp_gtK.fifo_rf[L].fifo_rf_dffl.qout_r[M]	u_e203_cpu.u_e203_core.u_e203_exu.u_e203_exu_alu.u_e203_exu_alu_lsuagu.icb_state_dfflr.qout_r[2]$_DFFE_PN0P_/Q	u_e203_cpu.u_e203_itcm_ctrl.u_sram_icb_ctrl.u_byp_icb_cmd_buf.u_bypbuf_fifo.dp_gt0.fifo_rf[0].fifo_rf_dffl.qout_r[47]$_DFFE_PP_/D
899	-0.1653	u_eI_cpu.u_eJ_core.u_eK_ifu.u_eL_ifu_ifetch.ifu_hi_ir_dfflr.qout_r[M]	u_eI_cpu.u_eJ_core.u_eK_ifu.u_eL_ifu_ifetch.u_eM_ifu_litebpu.rsNxn_rdrf_dfflrs.qout_r	u_e203_cpu.u_e203_core.u_e203_ifu.u_e203_ifu_ifetch.ifu_hi_ir_dfflr.qout_r[15]$_DFFE_PN0P_/Q	u_e203_cpu.u_e203_core.u_e203_ifu.u_e203_ifu_ifetch.u_e203_ifu_litebpu.rs1xn_rdrf_dfflrs.qout_r$_DFFE_PN0P_/D
900	-0.1648	u_eI_cpu.u_eJ_core.u_eK_ifu.u_eL_ifu_ifetch.ifu_err_dfflr.qout_r	u_eI_cpu.u_eJ_dtcm_ctrl.u_sram_icb_ctrl.u_byp_icb_cmd_buf.u_bypbuf_fifo.dp_gtK.vec_L_dfflrs.qout_r	u_e203_cpu.u_e203_core.u_e203_ifu.u_e203_ifu_ifetch.ifu_err_dfflr.qout_r$_DFFE_PN0P_/Q	u_e203_cpu.u_e203_dtcm_ctrl.u_sram_icb_ctrl.u_byp_icb_cmd_buf.u_bypbuf_fifo.dp_gt0.vec_0_dfflrs.qout_r$_DFFE_PN1P_/D
901	-0.1647	u_eI_cpu.u_eJ_core.u_eK_ifu.u_eL_ifu_iftMicb.req_same_cross_holdup_dfflr.qout_r	u_eI_cpu.u_eJ_core.u_eK_biu.u_sirv_gnrl_icb_buffer.u_sirv_gnrl_cmd_fifo.dp_gtL.vec_M_dfflr.qout_r	u_e203_cpu.u_e203_core.u_e203_ifu.u_e203_ifu_ift2icb.req_same_cross_holdup_dfflr.qout_r$_DFFE_PN0P_/Q	u_e203_cpu.u_e203_core.u_e203_biu.u_sirv_gnrl_icb_buffer.u_sirv_gnrl_cmd_fifo.dp_gt0.vec_31_dfflr.qout_r$_DFFE_PN0P_/D
902	-0.1644	u_eI_cpu.u_eJ_core.u_eK_ifu.u_eL_ifu_ifetch.ifu_hi_ir_dfflr.qout_r[M]	u_eI_cpu.u_eJ_itcm_ctrl.u_itcm_icb_lsuKitcm_nLw.fifo_dp_M.u_sirv_gnrl_nNw_fifo.dp_gt_O.vld_dfflr.qout_r	u_e203_cpu.u_e203_core.u_e203_ifu.u_e203_ifu_ifetch.ifu_hi_ir_dfflr.qout_r[15]$_DFFE_PN0P_/Q	u_e203_cpu.u_e203_itcm_ctrl.u_itcm_icb_lsu2itcm_n2w.fifo_dp_1.u_sirv_gnrl_n2w_fifo.dp_gt_0.vld_dfflr.qout_r$_DFFE_PN0P_/D
903	-0.1631	u_eI_cpu.u_eJ_core.u_eK_exu.u_eL_exu_alu.u_eM_exu_alu_lsuagu.icb_state_dfflr.qout_r[N]	u_eI_cpu.u_eJ_core.u_eK_biu.u_sirv_gnrl_icb_buffer.u_sirv_gnrl_cmd_fifo.dp_gtL.vec_M_dfflr.qout_r	u_e203_cpu.u_e203_core.u_e203_exu.u_e203_exu_alu.u_e203_exu_alu_lsuagu.icb_state_dfflr.qout_r[2]$_DFFE_PN0P_/Q	u_e203_cpu.u_e203_core.u_e203_biu.u_sirv_gnrl_icb_buffer.u_sirv_gnrl_cmd_fifo.dp_gt0.vec_31_dfflr.qout_r$_DFFE_PN0P_/D
904	-0.1630	u_eI_cpu.u_eJ_core.u_eK_exu.u_eL_exu_alu.u_eM_exu_alu_muldiv.muldiv_state_dfflr.qout_r[N]	u_eI_cpu.u_eJ_core.u_eK_biu.u_sirv_gnrl_icb_buffer.u_sirv_gnrl_cmd_fifo.dp_gtL.fifo_rf[M].fifo_rf_dffl.qout_r[N]	u_e203_cpu.u_e203_core.u_e203_exu.u_e203_exu_alu.u_e203_exu_alu_muldiv.muldiv_state_dfflr.qout_r[1]$_DFFE_PN0P_/Q	u_e203_cpu.u_e203_core.u_e203_biu.u_sirv_gnrl_icb_buffer.u_sirv_gnrl_cmd_fifo.dp_gt0.fifo_rf[0].fifo_rf_dffl.qout_r[70]$_DFFE_PP_/D
905	-0.1625	u_eI_cpu.u_eJ_core.u_eK_biu.u_sirv_gnrl_icb_buffer.u_sirv_gnrl_rsp_fifo.dp_gtL.vec_M_dfflr.qout_r	u_eI_cpu.u_eJ_core.u_eK_biu.u_sirv_gnrl_icb_buffer.u_sirv_gnrl_cmd_fifo.dp_gtL.fifo_rf[M].fifo_rf_dffl.qout_r[N]	u_e203_cpu.u_e203_core.u_e203_biu.u_sirv_gnrl_icb_buffer.u_sirv_gnrl_rsp_fifo.dp_gt0.vec_31_dfflr.qout_r$_DFFE_PN0P_/Q	u_e203_cpu.u_e203_core.u_e203_biu.u_sirv_gnrl_icb_buffer.u_sirv_gnrl_cmd_fifo.dp_gt0.fifo_rf[0].fifo_rf_dffl.qout_r[70]$_DFFE_PP_/D
906	-0.1621	u_eI_cpu.u_eJ_core.u_eK_ifu.u_eL_ifu_ifetch.ir_rsMidx_dfflr.qout_r[N]	u_eI_cpu.u_eJ_core.u_eK_exu.u_eL_exu_oitf.depth_gtM.alc_ptr_flg_dfflrs.qout_r	u_e203_cpu.u_e203_core.u_e203_ifu.u_e203_ifu_ifetch.ir_rs2idx_dfflr.qout_r[3]$_DFFE_PN0P_/Q	u_e203_cpu.u_e203_core.u_e203_exu.u_e203_exu_oitf.depth_gt1.alc_ptr_flg_dfflrs.qout_r$_DFFE_PN0P_/D
907	-0.1617	u_eI_cpu.u_eJ_core.u_eK_lsu.u_eL_lsu_ctrl.u_eM_lsu_splt_stage.dp_gt_N.vld_dfflr.qout_r	u_eI_cpu.u_eJ_core.u_eK_ifu.u_eL_ifu_iftMicb.req_same_cross_holdup_dfflr.qout_r	u_e203_cpu.u_e203_core.u_e203_lsu.u_e203_lsu_ctrl.u_e203_lsu_splt_stage.dp_gt_0.vld_dfflr.qout_r$_DFFE_PN0P_/Q	u_e203_cpu.u_e203_core.u_e203_ifu.u_e203_ifu_ift2icb.req_same_cross_holdup_dfflr.qout_r$_DFFE_PN0P_/D
908	-0.1615	u_eI_cpu.u_eJ_core.u_eK_ifu.u_eL_ifu_iftMicb.icb_addr_N_O_dffl.qout_r[P]	u_eI_cpu.u_eJ_core.u_eK_biu.u_sirv_gnrl_icb_buffer.u_sirv_gnrl_cmd_fifo.dp_gtL.vec_M_dfflrs.qout_r	u_e203_cpu.u_e203_core.u_e203_ifu.u_e203_ifu_ift2icb.icb_addr_2_1_dffl.qout_r[1]$_DFFE_PP_/Q	u_e203_cpu.u_e203_core.u_e203_biu.u_sirv_gnrl_icb_buffer.u_sirv_gnrl_cmd_fifo.dp_gt0.vec_0_dfflrs.qout_r$_DFFE_PN1P_/D
909	-0.1615	u_eI_cpu.u_eJ_core.u_eK_lsu.u_eL_lsu_ctrl.u_eM_lsu_splt_stage.dp_gt_N.vld_dfflr.qout_r	u_eI_cpu.u_eJ_core.u_eK_ifu.u_eL_ifu_iftMicb.req_lane_cross_dfflr.qout_r	u_e203_cpu.u_e203_core.u_e203_lsu.u_e203_lsu_ctrl.u_e203_lsu_splt_stage.dp_gt_0.vld_dfflr.qout_r$_DFFE_PN0P_/Q	u_e203_cpu.u_e203_core.u_e203_ifu.u_e203_ifu_ift2icb.req_lane_cross_dfflr.qout_r$_DFFE_PN0P_/D
910	-0.1615	u_eI_cpu.u_eJ_core.u_eK_lsu.u_eL_lsu_ctrl.u_eM_lsu_splt_stage.dp_gt_N.vld_dfflr.qout_r	u_eI_cpu.u_eJ_core.u_eK_ifu.u_eL_ifu_iftMicb.req_need_Nuop_dfflr.qout_r	u_e203_cpu.u_e203_core.u_e203_lsu.u_e203_lsu_ctrl.u_e203_lsu_splt_stage.dp_gt_0.vld_dfflr.qout_r$_DFFE_PN0P_/Q	u_e203_cpu.u_e203_core.u_e203_ifu.u_e203_ifu_ift2icb.req_need_2uop_dfflr.qout_r$_DFFE_PN0P_/D
911	-0.1612	u_eI_cpu.u_eJ_core.u_eK_ifu.u_eL_ifu_iftMicb.icbNmem_dfflr.qout_r	u_eI_cpu.u_eJ_core.u_eK_ifu.u_eL_ifu_iftMicb.leftover_dffl.qout_r[N]	u_e203_cpu.u_e203_core.u_e203_ifu.u_e203_ifu_ift2icb.icb2mem_dfflr.qout_r$_DFFE_PN0P_/Q	u_e203_cpu.u_e203_core.u_e203_ifu.u_e203_ifu_ift2icb.leftover_dffl.qout_r[10]$_DFFE_PP_/D
912	-0.1611	u_eI_cpu.u_eJ_core.u_eK_ifu.u_eL_ifu_iftMicb.icb_addr_N_O_dffl.qout_r[P]	u_eI_cpu.u_eJ_core.u_eK_ifu.u_eL_ifu_iftMicb.icbNitcm_dfflr.qout_r	u_e203_cpu.u_e203_core.u_e203_ifu.u_e203_ifu_ift2icb.icb_addr_2_1_dffl.qout_r[1]$_DFFE_PP_/Q	u_e203_cpu.u_e203_core.u_e203_ifu.u_e203_ifu_ift2icb.icb2itcm_dfflr.qout_r$_DFFE_PN0P_/D
913	-0.1605	u_eI_cpu.u_eJ_core.u_eK_biu.u_biu_icb_arbt.arbt_num_gt_L_gen.dp_M.u_sirv_gnrl_rspid_fifo.dp_gt_N.vld_dfflr.qout_r	u_eI_cpu.u_eJ_clk_ctrl.u_itcm_clkgate.enb	u_e203_cpu.u_e203_core.u_e203_biu.u_biu_icb_arbt.arbt_num_gt_1_gen.dp_1.u_sirv_gnrl_rspid_fifo.dp_gt_0.vld_dfflr.qout_r$_DFFE_PN0P_/Q	u_e203_cpu.u_e203_clk_ctrl.u_itcm_clkgate.enb$_DLATCH_N_/D
914	-0.1604	u_eI_cpu.u_eJ_dtcm_ctrl.u_dtcm_icb_arbt.arbt_num_gt_K_gen.dp_L.u_sirv_gnrl_rspid_fifo.dp_gt_M.vld_dfflr.qout_r	u_eI_cpu.u_eJ_core.u_eK_biu.u_sirv_gnrl_icb_buffer.u_sirv_gnrl_cmd_fifo.dp_gtL.fifo_rf[M].fifo_rf_dffl.qout_r[N]	u_e203_cpu.u_e203_dtcm_ctrl.u_dtcm_icb_arbt.arbt_num_gt_1_gen.dp_1.u_sirv_gnrl_rspid_fifo.dp_gt_0.vld_dfflr.qout_r$_DFFE_PN0P_/Q	u_e203_cpu.u_e203_core.u_e203_biu.u_sirv_gnrl_icb_buffer.u_sirv_gnrl_cmd_fifo.dp_gt0.fifo_rf[0].fifo_rf_dffl.qout_r[70]$_DFFE_PP_/D
915	-0.1596	u_eI_cpu.u_eJ_core.u_eK_biu.u_biu_icb_arbt.arbt_num_gt_L_gen.dp_M.u_sirv_gnrl_rspid_fifo.dp_gt_N.dat_dfflr.qout_r	u_eI_cpu.u_eJ_core.u_eK_biu.u_biu_icb_arbt.arbt_num_gt_L_gen.dp_M.u_sirv_gnrl_rspid_fifo.dp_gt_N.dat_dfflr.qout_r	u_e203_cpu.u_e203_core.u_e203_biu.u_biu_icb_arbt.arbt_num_gt_1_gen.dp_1.u_sirv_gnrl_rspid_fifo.dp_gt_0.dat_dfflr.qout_r$_DFFE_PP_/Q	u_e203_cpu.u_e203_core.u_e203_biu.u_biu_icb_arbt.arbt_num_gt_1_gen.dp_1.u_sirv_gnrl_rspid_fifo.dp_gt_0.dat_dfflr.qout_r$_DFFE_PP_/D
916	-0.1592	u_eI_cpu.u_eJ_core.u_eK_ifu.u_eL_ifu_iftMicb.icb_state_dfflr.qout_r[N]	u_eI_cpu.u_eJ_clk_ctrl.itcm_active_dffr.qout_r	u_e203_cpu.u_e203_core.u_e203_ifu.u_e203_ifu_ift2icb.icb_state_dfflr.qout_r[0]$_DFFE_PN0P_/Q	u_e203_cpu.u_e203_clk_ctrl.itcm_active_dffr.qout_r$_DFF_PN0_/D
917	-0.1591	u_eI_cpu.u_eJ_dtcm_ctrl.u_sram_icb_ctrl.u_sirv_Kcyc_sram_ctrl.u_eL_stage.dp_gt_M.vld_dfflr.qout_r	u_eI_cpu.u_eJ_core.u_eK_biu.u_sirv_gnrl_icb_buffer.u_sirv_gnrl_cmd_fifo.dp_gtL.fifo_rf[M].fifo_rf_dffl.qout_r[N]	u_e203_cpu.u_e203_dtcm_ctrl.u_sram_icb_ctrl.u_sirv_1cyc_sram_ctrl.u_e1_stage.dp_gt_0.vld_dfflr.qout_r$_DFFE_PN0P_/Q	u_e203_cpu.u_e203_core.u_e203_biu.u_sirv_gnrl_icb_buffer.u_sirv_gnrl_cmd_fifo.dp_gt0.fifo_rf[0].fifo_rf_dffl.qout_r[70]$_DFFE_PP_/D
918	-0.1588	u_eI_cpu.u_eJ_itcm_ctrl.u_itcm_icb_arbt.arbt_num_gt_K_gen.dp_L.u_sirv_gnrl_rspid_fifo.dp_gt_M.dat_dfflr.qout_r	u_eI_cpu.u_eJ_core.u_eK_biu.u_sirv_gnrl_icb_buffer.u_sirv_gnrl_cmd_fifo.dp_gtL.fifo_rf[M].fifo_rf_dffl.qout_r[N]	u_e203_cpu.u_e203_itcm_ctrl.u_itcm_icb_arbt.arbt_num_gt_1_gen.dp_1.u_sirv_gnrl_rspid_fifo.dp_gt_0.dat_dfflr.qout_r$_DFFE_PP_/Q	u_e203_cpu.u_e203_core.u_e203_biu.u_sirv_gnrl_icb_buffer.u_sirv_gnrl_cmd_fifo.dp_gt0.fifo_rf[0].fifo_rf_dffl.qout_r[70]$_DFFE_PP_/D
919	-0.1588	u_eI_cpu.u_eJ_core.u_eK_biu.u_biu_icb_arbt.arbt_num_gt_L_gen.dp_M.u_sirv_gnrl_rspid_fifo.dp_gt_N.dat_dfflr.qout_r	u_eI_srams.u_eJ_itcm_ram.u_eK_itcm_gnrl_ram.u_sirv_sim_ram.mem_r[L][M]	u_e203_cpu.u_e203_core.u_e203_biu.u_biu_icb_arbt.arbt_num_gt_1_gen.dp_1.u_sirv_gnrl_rspid_fifo.dp_gt_0.dat_dfflr.qout_r$_DFFE_PP_/Q	u_e203_srams.u_e203_itcm_ram.u_e203_itcm_gnrl_ram.u_sirv_sim_ram.mem_r[0][32]$_DFFE_PP_/D
920	-0.1587	u_eI_cpu.u_eJ_core.u_eK_ifu.u_eL_ifu_iftMicb.icb_addr_N_O_dffl.qout_r[P]	u_eI_cpu.u_eJ_core.u_eK_ifu.u_eL_ifu_ifetch.pc_dfflr.qout_r[M]	u_e203_cpu.u_e203_core.u_e203_ifu.u_e203_ifu_ift2icb.icb_addr_2_1_dffl.qout_r[1]$_DFFE_PP_/Q	u_e203_cpu.u_e203_core.u_e203_ifu.u_e203_ifu_ifetch.pc_dfflr.qout_r[10]$_DFFE_PN0P_/D
921	-0.1583	u_eI_cpu.u_eJ_core.u_eK_ifu.u_eL_ifu_iftMicb.icbNitcm_dfflr.qout_r	u_eI_cpu.u_eJ_core.u_eK_ifu.u_eL_ifu_iftMicb.leftover_dffl.qout_r[N]	u_e203_cpu.u_e203_core.u_e203_ifu.u_e203_ifu_ift2icb.icb2itcm_dfflr.qout_r$_DFFE_PN0P_/Q	u_e203_cpu.u_e203_core.u_e203_ifu.u_e203_ifu_ift2icb.leftover_dffl.qout_r[10]$_DFFE_PP_/D
922	-0.1576	u_eI_cpu.u_eJ_core.u_eK_biu.u_biu_icb_arbt.arbt_num_gt_L_gen.dp_M.u_sirv_gnrl_rspid_fifo.dp_gt_N.dat_dfflr.qout_r	u_eI_cpu.u_eJ_core.u_eK_ifu.u_eL_ifu_iftMicb.leftover_err_dfflr.qout_r	u_e203_cpu.u_e203_core.u_e203_biu.u_biu_icb_arbt.arbt_num_gt_1_gen.dp_1.u_sirv_gnrl_rspid_fifo.dp_gt_0.dat_dfflr.qout_r$_DFFE_PP_/Q	u_e203_cpu.u_e203_core.u_e203_ifu.u_e203_ifu_ift2icb.leftover_err_dfflr.qout_r$_DFFE_PN0P_/D
923	-0.1574	u_eI_cpu.u_eJ_core.u_eK_lsu.u_eL_lsu_ctrl.u_eM_lsu_splt_stage.dp_gt_N.dat_dfflr.qout_r[O]	u_eI_cpu.u_eJ_core.u_eK_ifu.u_eL_ifu_iftMicb.u_eN_ifetch_rsp_bypbuf.u_bypbuf_fifo.dp_gtO.fifo_rf[P].fifo_rf_dffl.qout_r[Q]	u_e203_cpu.u_e203_core.u_e203_lsu.u_e203_lsu_ctrl.u_e203_lsu_splt_stage.dp_gt_0.dat_dfflr.qout_r[43]$_DFFE_PP_/Q	u_e203_cpu.u_e203_core.u_e203_ifu.u_e203_ifu_ift2icb.u_e203_ifetch_rsp_bypbuf.u_bypbuf_fifo.dp_gt0.fifo_rf[0].fifo_rf_dffl.qout_r[6]$_DFFE_PP_/D
924	-0.1572	u_eI_cpu.u_eJ_core.u_eK_ifu.u_eL_ifu_iftMicb.req_same_cross_holdup_dfflr.qout_r	u_eI_cpu.u_eJ_core.u_eK_biu.u_sirv_gnrl_icb_buffer.u_sirv_gnrl_cmd_fifo.dp_gtL.vec_M_dfflrs.qout_r	u_e203_cpu.u_e203_core.u_e203_ifu.u_e203_ifu_ift2icb.req_same_cross_holdup_dfflr.qout_r$_DFFE_PN0P_/Q	u_e203_cpu.u_e203_core.u_e203_biu.u_sirv_gnrl_icb_buffer.u_sirv_gnrl_cmd_fifo.dp_gt0.vec_0_dfflrs.qout_r$_DFFE_PN1P_/D
925	-0.1567	u_eI_cpu.u_eJ_core.u_eK_ifu.u_eL_ifu_iftMicb.req_same_cross_holdup_dfflr.qout_r	u_eI_cpu.u_eJ_core.u_eK_ifu.u_eL_ifu_iftMicb.icbNitcm_dfflr.qout_r	u_e203_cpu.u_e203_core.u_e203_ifu.u_e203_ifu_ift2icb.req_same_cross_holdup_dfflr.qout_r$_DFFE_PN0P_/Q	u_e203_cpu.u_e203_core.u_e203_ifu.u_e203_ifu_ift2icb.icb2itcm_dfflr.qout_r$_DFFE_PN0P_/D
926	-0.1566	u_eI_cpu.u_eJ_core.u_eK_exu.u_eL_exu_alu.u_eM_exu_alu_muldiv.muldiv_state_dfflr.qout_r[N]	u_eI_cpu.u_eJ_clk_ctrl.u_itcm_clkgate.enb	u_e203_cpu.u_e203_core.u_e203_exu.u_e203_exu_alu.u_e203_exu_alu_muldiv.muldiv_state_dfflr.qout_r[1]$_DFFE_PN0P_/Q	u_e203_cpu.u_e203_clk_ctrl.u_itcm_clkgate.enb$_DLATCH_N_/D
927	-0.1566	u_eI_cpu.u_eJ_core.u_eK_ifu.u_eL_ifu_iftMicb.icb_state_dfflr.qout_r[N]	u_eI_cpu.u_eJ_core.u_eK_ifu.u_eL_ifu_iftMicb.icb_state_dfflr.qout_r[N]	u_e203_cpu.u_e203_core.u_e203_ifu.u_e203_ifu_ift2icb.icb_state_dfflr.qout_r[0]$_DFFE_PN0P_/Q	u_e203_cpu.u_e203_core.u_e203_ifu.u_e203_ifu_ift2icb.icb_state_dfflr.qout_r[1]$_DFFE_PN0P_/D
928	-0.1561	u_eI_cpu.u_eJ_core.u_eK_biu.u_sirv_gnrl_icb_buffer.u_sirv_gnrl_rsp_fifo.dp_gtL.vec_M_dfflr.qout_r	u_eI_cpu.u_eJ_clk_ctrl.u_itcm_clkgate.enb	u_e203_cpu.u_e203_core.u_e203_biu.u_sirv_gnrl_icb_buffer.u_sirv_gnrl_rsp_fifo.dp_gt0.vec_31_dfflr.qout_r$_DFFE_PN0P_/Q	u_e203_cpu.u_e203_clk_ctrl.u_itcm_clkgate.enb$_DLATCH_N_/D
929	-0.1561	u_eI_cpu.u_eJ_core.u_eK_ifu.u_eL_ifu_iftMicb.icb_addr_N_O_dffl.qout_r[P]	u_eI_cpu.u_eJ_core.u_eK_biu.u_sirv_gnrl_icb_buffer.outs_cnt_dfflr.qout_r	u_e203_cpu.u_e203_core.u_e203_ifu.u_e203_ifu_ift2icb.icb_addr_2_1_dffl.qout_r[1]$_DFFE_PP_/Q	u_e203_cpu.u_e203_core.u_e203_biu.u_sirv_gnrl_icb_buffer.outs_cnt_dfflr.qout_r$_DFFE_PN0P_/D
930	-0.1561	u_eI_cpu.u_eJ_itcm_ctrl.u_sram_icb_ctrl.u_sirv_Kcyc_sram_ctrl.u_eL_stage.dp_gt_M.vld_dfflr.qout_r	u_eI_cpu.u_eJ_core.u_eK_biu.u_sirv_gnrl_icb_buffer.u_sirv_gnrl_cmd_fifo.dp_gtL.fifo_rf[M].fifo_rf_dffl.qout_r[N]	u_e203_cpu.u_e203_itcm_ctrl.u_sram_icb_ctrl.u_sirv_1cyc_sram_ctrl.u_e1_stage.dp_gt_0.vld_dfflr.qout_r$_DFFE_PN0P_/Q	u_e203_cpu.u_e203_core.u_e203_biu.u_sirv_gnrl_icb_buffer.u_sirv_gnrl_cmd_fifo.dp_gt0.fifo_rf[0].fifo_rf_dffl.qout_r[70]$_DFFE_PP_/D
931	-0.1560	u_eI_cpu.u_eJ_core.u_eK_lsu.u_eL_lsu_ctrl.u_eM_lsu_splt_stage.dp_gt_N.vld_dfflr.qout_r	u_eI_cpu.u_eJ_core.u_eK_ifu.u_eL_ifu_ifetch.pc_newpend_dfflr.qout_r	u_e203_cpu.u_e203_core.u_e203_lsu.u_e203_lsu_ctrl.u_e203_lsu_splt_stage.dp_gt_0.vld_dfflr.qout_r$_DFFE_PN0P_/Q	u_e203_cpu.u_e203_core.u_e203_ifu.u_e203_ifu_ifetch.pc_newpend_dfflr.qout_r$_DFFE_PN0P_/D
932	-0.1559	u_eI_cpu.u_eJ_core.u_eK_exu.u_eL_exu_regfile.regfile[M].rfnoN.rf_dffl.qout_r[O]	u_eI_cpu.u_eJ_core.u_eK_ifu.u_eL_ifu_ifetch.reset_req_dfflr.qout_r	u_e203_cpu.u_e203_core.u_e203_exu.u_e203_exu_regfile.regfile[13].rfno0.rf_dffl.qout_r[31]$_DFFE_PP_/Q	u_e203_cpu.u_e203_core.u_e203_ifu.u_e203_ifu_ifetch.reset_req_dfflr.qout_r$_DFFE_PN0P_/D
933	-0.1558	u_eI_cpu.u_eJ_core.u_eK_ifu.u_eL_ifu_ifetch.ifu_lo_ir_dfflr.qout_r[M]	u_eI_cpu.u_eJ_core.u_eK_exu.u_eL_exu_csr.mcgstop_dfflr.qout_r[M]	u_e203_cpu.u_e203_core.u_e203_ifu.u_e203_ifu_ifetch.ifu_lo_ir_dfflr.qout_r[11]$_DFFE_PN0P_/Q	u_e203_cpu.u_e203_core.u_e203_exu.u_e203_exu_csr.mcgstop_dfflr.qout_r[0]$_DFFE_PN0P_/D
934	-0.1555	u_eI_cpu.u_eJ_core.u_eK_exu.u_eL_exu_alu.u_eM_exu_alu_lsuagu.icb_state_dfflr.qout_r[N]	u_eI_cpu.u_eJ_core.u_eK_biu.u_sirv_gnrl_icb_buffer.u_sirv_gnrl_cmd_fifo.dp_gtL.vec_M_dfflrs.qout_r	u_e203_cpu.u_e203_core.u_e203_exu.u_e203_exu_alu.u_e203_exu_alu_lsuagu.icb_state_dfflr.qout_r[2]$_DFFE_PN0P_/Q	u_e203_cpu.u_e203_core.u_e203_biu.u_sirv_gnrl_icb_buffer.u_sirv_gnrl_cmd_fifo.dp_gt0.vec_0_dfflrs.qout_r$_DFFE_PN1P_/D
935	-0.1553	u_eI_cpu.u_eJ_itcm_ctrl.u_itcm_icb_arbt.arbt_num_gt_K_gen.dp_L.u_sirv_gnrl_rspid_fifo.dp_gt_M.vld_dfflr.qout_r	u_eI_cpu.u_eJ_core.u_eK_biu.u_sirv_gnrl_icb_buffer.u_sirv_gnrl_cmd_fifo.dp_gtL.fifo_rf[M].fifo_rf_dffl.qout_r[N]	u_e203_cpu.u_e203_itcm_ctrl.u_itcm_icb_arbt.arbt_num_gt_1_gen.dp_1.u_sirv_gnrl_rspid_fifo.dp_gt_0.vld_dfflr.qout_r$_DFFE_PN0P_/Q	u_e203_cpu.u_e203_core.u_e203_biu.u_sirv_gnrl_icb_buffer.u_sirv_gnrl_cmd_fifo.dp_gt0.fifo_rf[0].fifo_rf_dffl.qout_r[70]$_DFFE_PP_/D
936	-0.1551	u_eI_cpu.u_eJ_core.u_eK_exu.u_eL_exu_alu.u_eM_exu_alu_lsuagu.icb_state_dfflr.qout_r[N]	u_eI_cpu.u_eJ_core.u_eK_ifu.u_eL_ifu_iftMicb.icbNitcm_dfflr.qout_r	u_e203_cpu.u_e203_core.u_e203_exu.u_e203_exu_alu.u_e203_exu_alu_lsuagu.icb_state_dfflr.qout_r[2]$_DFFE_PN0P_/Q	u_e203_cpu.u_e203_core.u_e203_ifu.u_e203_ifu_ift2icb.icb2itcm_dfflr.qout_r$_DFFE_PN0P_/D
937	-0.1551	u_eI_cpu.u_eJ_core.u_eK_ifu.u_eL_ifu_iftMicb.icb_addr_N_O_dffl.qout_r[P]	u_eI_cpu.u_eJ_core.u_eK_biu.u_biu_icb_arbt.arbt_num_gt_L_gen.dp_M.u_sirv_gnrl_rspid_fifo.dp_gt_N.vld_dfflr.qout_r	u_e203_cpu.u_e203_core.u_e203_ifu.u_e203_ifu_ift2icb.icb_addr_2_1_dffl.qout_r[1]$_DFFE_PP_/Q	u_e203_cpu.u_e203_core.u_e203_biu.u_biu_icb_arbt.arbt_num_gt_1_gen.dp_1.u_sirv_gnrl_rspid_fifo.dp_gt_0.vld_dfflr.qout_r$_DFFE_PN0P_/D
938	-0.1549	u_eI_cpu.u_eJ_core.u_eK_exu.u_eL_exu_regfile.regfile[M].rfnoN.rf_dffl.qout_r[O]	u_eI_cpu.u_eJ_core.u_eK_ifu.u_eL_ifu_iftMicb.icb_addr_N_O_dffl.qout_r[P]	u_e203_cpu.u_e203_core.u_e203_exu.u_e203_exu_regfile.regfile[13].rfno0.rf_dffl.qout_r[31]$_DFFE_PP_/Q	u_e203_cpu.u_e203_core.u_e203_ifu.u_e203_ifu_ift2icb.icb_addr_2_1_dffl.qout_r[0]$_DFFE_PP_/D
939	-0.1543	u_eI_cpu.u_eJ_core.u_eK_ifu.u_eL_ifu_iftMicb.req_same_cross_holdup_dfflr.qout_r	u_eI_cpu.u_eJ_core.u_eK_ifu.u_eL_ifu_ifetch.pc_dfflr.qout_r[M]	u_e203_cpu.u_e203_core.u_e203_ifu.u_e203_ifu_ift2icb.req_same_cross_holdup_dfflr.qout_r$_DFFE_PN0P_/Q	u_e203_cpu.u_e203_core.u_e203_ifu.u_e203_ifu_ifetch.pc_dfflr.qout_r[10]$_DFFE_PN0P_/D
940	-0.1543	u_eI_cpu.u_eJ_core.u_eK_biu.u_biu_icb_arbt.arbt_num_gt_L_gen.dp_M.u_sirv_gnrl_rspid_fifo.dp_gt_N.vld_dfflr.qout_r	u_eI_cpu.u_eJ_core.u_eK_biu.u_biu_icb_arbt.arbt_num_gt_L_gen.dp_M.u_sirv_gnrl_rspid_fifo.dp_gt_N.dat_dfflr.qout_r	u_e203_cpu.u_e203_core.u_e203_biu.u_biu_icb_arbt.arbt_num_gt_1_gen.dp_1.u_sirv_gnrl_rspid_fifo.dp_gt_0.vld_dfflr.qout_r$_DFFE_PN0P_/Q	u_e203_cpu.u_e203_core.u_e203_biu.u_biu_icb_arbt.arbt_num_gt_1_gen.dp_1.u_sirv_gnrl_rspid_fifo.dp_gt_0.dat_dfflr.qout_r$_DFFE_PP_/D
941	-0.1540	u_eI_cpu.u_eJ_dtcm_ctrl.u_dtcm_icb_arbt.arbt_num_gt_K_gen.dp_L.u_sirv_gnrl_rspid_fifo.dp_gt_M.vld_dfflr.qout_r	u_eI_cpu.u_eJ_clk_ctrl.u_itcm_clkgate.enb	u_e203_cpu.u_e203_dtcm_ctrl.u_dtcm_icb_arbt.arbt_num_gt_1_gen.dp_1.u_sirv_gnrl_rspid_fifo.dp_gt_0.vld_dfflr.qout_r$_DFFE_PN0P_/Q	u_e203_cpu.u_e203_clk_ctrl.u_itcm_clkgate.enb$_DLATCH_N_/D
942	-0.1539	u_eI_cpu.u_eJ_core.u_eK_ifu.u_eL_ifu_ifetch.ir_rsMidx_dfflr.qout_r[N]	u_eI_cpu.u_eJ_core.u_eK_exu.u_eL_exu_csr.mcycle_dfflr.qout_r[M]	u_e203_cpu.u_e203_core.u_e203_ifu.u_e203_ifu_ifetch.ir_rs2idx_dfflr.qout_r[3]$_DFFE_PN0P_/Q	u_e203_cpu.u_e203_core.u_e203_exu.u_e203_exu_csr.mcycle_dfflr.qout_r[10]$_DFFE_PN0P_/D
943	-0.1535	u_eI_cpu.u_eJ_core.u_eK_biu.u_biu_icb_arbt.arbt_num_gt_L_gen.dp_M.u_sirv_gnrl_rspid_fifo.dp_gt_N.vld_dfflr.qout_r	u_eI_srams.u_eJ_itcm_ram.u_eK_itcm_gnrl_ram.u_sirv_sim_ram.mem_r[L][M]	u_e203_cpu.u_e203_core.u_e203_biu.u_biu_icb_arbt.arbt_num_gt_1_gen.dp_1.u_sirv_gnrl_rspid_fifo.dp_gt_0.vld_dfflr.qout_r$_DFFE_PN0P_/Q	u_e203_srams.u_e203_itcm_ram.u_e203_itcm_gnrl_ram.u_sirv_sim_ram.mem_r[0][32]$_DFFE_PP_/D
944	-0.1535	u_eI_cpu.u_eJ_core.u_eK_ifu.u_eL_ifu_ifetch.ir_rsMidx_dfflr.qout_r[N]	u_eI_cpu.u_eJ_itcm_ctrl.u_itcm_icb_arbt.arbt_num_gt_K_gen.dp_L.u_sirv_gnrl_rspid_fifo.dp_gt_M.vld_dfflr.qout_r	u_e203_cpu.u_e203_core.u_e203_ifu.u_e203_ifu_ifetch.ir_rs2idx_dfflr.qout_r[3]$_DFFE_PN0P_/Q	u_e203_cpu.u_e203_itcm_ctrl.u_itcm_icb_arbt.arbt_num_gt_1_gen.dp_1.u_sirv_gnrl_rspid_fifo.dp_gt_0.vld_dfflr.qout_r$_DFFE_PN0P_/D
945	-0.1535	u_eI_cpu.u_eJ_core.u_eK_ifu.u_eL_ifu_ifetch.ir_rsMidx_dfflr.qout_r[N]	u_eI_cpu.u_eJ_core.u_eK_exu.u_eL_exu_alu.u_eM_exu_alu_muldiv.exec_cnt_dfflr.qout_r[N]	u_e203_cpu.u_e203_core.u_e203_ifu.u_e203_ifu_ifetch.ir_rs2idx_dfflr.qout_r[3]$_DFFE_PN0P_/Q	u_e203_cpu.u_e203_core.u_e203_exu.u_e203_exu_alu.u_e203_exu_alu_muldiv.exec_cnt_dfflr.qout_r[0]$_DFFE_PN0P_/D
946	-0.1534	u_eI_cpu.u_eJ_core.u_eK_biu.u_biu_icb_arbt.arbt_num_gt_L_gen.dp_M.u_sirv_gnrl_rspid_fifo.dp_gt_N.dat_dfflr.qout_r	u_eI_cpu.u_eJ_core.u_eK_ifu.u_eL_ifu_ifetch.ifu_hi_ir_dfflr.qout_r[M]	u_e203_cpu.u_e203_core.u_e203_biu.u_biu_icb_arbt.arbt_num_gt_1_gen.dp_1.u_sirv_gnrl_rspid_fifo.dp_gt_0.dat_dfflr.qout_r$_DFFE_PP_/Q	u_e203_cpu.u_e203_core.u_e203_ifu.u_e203_ifu_ifetch.ifu_hi_ir_dfflr.qout_r[10]$_DFFE_PN0P_/D
947	-0.1532	u_eI_cpu.u_eJ_core.u_eK_ifu.u_eL_ifu_ifetch.ifu_lo_ir_dfflr.qout_r[M]	u_eI_cpu.u_eJ_core.u_eK_exu.u_eL_exu_alu.u_eM_exu_alu_lsuagu.unalgn_flg_dffl.qout_r	u_e203_cpu.u_e203_core.u_e203_ifu.u_e203_ifu_ifetch.ifu_lo_ir_dfflr.qout_r[11]$_DFFE_PN0P_/Q	u_e203_cpu.u_e203_core.u_e203_exu.u_e203_exu_alu.u_e203_exu_alu_lsuagu.unalgn_flg_dffl.qout_r$_DFFE_PN0P_/D
948	-0.1532	u_eI_cpu.u_eJ_core.u_eK_ifu.u_eL_ifu_ifetch.ifu_hi_ir_dfflr.qout_r[M]	u_eI_cpu.u_eJ_core.u_eK_exu.u_eL_exu_csr.mscratch_dfflr.qout_r[M]	u_e203_cpu.u_e203_core.u_e203_ifu.u_e203_ifu_ifetch.ifu_hi_ir_dfflr.qout_r[15]$_DFFE_PN0P_/Q	u_e203_cpu.u_e203_core.u_e203_exu.u_e203_exu_csr.mscratch_dfflr.qout_r[10]$_DFFE_PN0P_/D
949	-0.1530	u_eI_cpu.u_eJ_core.u_eK_biu.u_biu_icb_arbt.arbt_num_gt_L_gen.dp_M.u_sirv_gnrl_rspid_fifo.dp_gt_N.dat_dfflr.qout_r	u_eI_cpu.u_eJ_itcm_ctrl.u_sram_icb_ctrl.u_byp_icb_cmd_buf.u_bypbuf_fifo.dp_gtK.fifo_rf[L].fifo_rf_dffl.qout_r[M]	u_e203_cpu.u_e203_core.u_e203_biu.u_biu_icb_arbt.arbt_num_gt_1_gen.dp_1.u_sirv_gnrl_rspid_fifo.dp_gt_0.dat_dfflr.qout_r$_DFFE_PP_/Q	u_e203_cpu.u_e203_itcm_ctrl.u_sram_icb_ctrl.u_byp_icb_cmd_buf.u_bypbuf_fifo.dp_gt0.fifo_rf[0].fifo_rf_dffl.qout_r[47]$_DFFE_PP_/D
950	-0.1527	u_eI_cpu.u_eJ_dtcm_ctrl.u_sram_icb_ctrl.u_sirv_Kcyc_sram_ctrl.u_eL_stage.dp_gt_M.vld_dfflr.qout_r	u_eI_cpu.u_eJ_clk_ctrl.u_itcm_clkgate.enb	u_e203_cpu.u_e203_dtcm_ctrl.u_sram_icb_ctrl.u_sirv_1cyc_sram_ctrl.u_e1_stage.dp_gt_0.vld_dfflr.qout_r$_DFFE_PN0P_/Q	u_e203_cpu.u_e203_clk_ctrl.u_itcm_clkgate.enb$_DLATCH_N_/D
951	-0.1527	u_eI_cpu.u_eJ_core.u_eK_exu.u_eL_exu_alu.u_eM_exu_alu_lsuagu.icb_state_dfflr.qout_r[N]	u_eI_cpu.u_eJ_core.u_eK_ifu.u_eL_ifu_ifetch.pc_dfflr.qout_r[M]	u_e203_cpu.u_e203_core.u_e203_exu.u_e203_exu_alu.u_e203_exu_alu_lsuagu.icb_state_dfflr.qout_r[2]$_DFFE_PN0P_/Q	u_e203_cpu.u_e203_core.u_e203_ifu.u_e203_ifu_ifetch.pc_dfflr.qout_r[10]$_DFFE_PN0P_/D
952	-0.1524	u_eI_cpu.u_eJ_itcm_ctrl.u_itcm_icb_arbt.arbt_num_gt_K_gen.dp_L.u_sirv_gnrl_rspid_fifo.dp_gt_M.dat_dfflr.qout_r	u_eI_cpu.u_eJ_clk_ctrl.u_itcm_clkgate.enb	u_e203_cpu.u_e203_itcm_ctrl.u_itcm_icb_arbt.arbt_num_gt_1_gen.dp_1.u_sirv_gnrl_rspid_fifo.dp_gt_0.dat_dfflr.qout_r$_DFFE_PP_/Q	u_e203_cpu.u_e203_clk_ctrl.u_itcm_clkgate.enb$_DLATCH_N_/D
953	-0.1523	u_eI_cpu.u_eJ_core.u_eK_biu.u_biu_icb_arbt.arbt_num_gt_L_gen.dp_M.u_sirv_gnrl_rspid_fifo.dp_gt_N.vld_dfflr.qout_r	u_eI_cpu.u_eJ_core.u_eK_ifu.u_eL_ifu_iftMicb.leftover_err_dfflr.qout_r	u_e203_cpu.u_e203_core.u_e203_biu.u_biu_icb_arbt.arbt_num_gt_1_gen.dp_1.u_sirv_gnrl_rspid_fifo.dp_gt_0.vld_dfflr.qout_r$_DFFE_PN0P_/Q	u_e203_cpu.u_e203_core.u_e203_ifu.u_e203_ifu_ift2icb.leftover_err_dfflr.qout_r$_DFFE_PN0P_/D
954	-0.1520	u_eI_cpu.u_eJ_core.u_eK_ifu.u_eL_ifu_ifetch.ir_rsMidx_dfflr.qout_r[N]	u_eI_cpu.u_eJ_core.u_eK_exu.u_eL_exu_csr.status_mie_dfflr.qout_r	u_e203_cpu.u_e203_core.u_e203_ifu.u_e203_ifu_ifetch.ir_rs2idx_dfflr.qout_r[3]$_DFFE_PN0P_/Q	u_e203_cpu.u_e203_core.u_e203_exu.u_e203_exu_csr.status_mie_dfflr.qout_r$_DFFE_PN0P_/D
955	-0.1517	u_eI_cpu.u_eJ_core.u_eK_ifu.u_eL_ifu_iftMicb.req_same_cross_holdup_dfflr.qout_r	u_eI_cpu.u_eJ_core.u_eK_biu.u_sirv_gnrl_icb_buffer.outs_cnt_dfflr.qout_r	u_e203_cpu.u_e203_core.u_e203_ifu.u_e203_ifu_ift2icb.req_same_cross_holdup_dfflr.qout_r$_DFFE_PN0P_/Q	u_e203_cpu.u_e203_core.u_e203_biu.u_sirv_gnrl_icb_buffer.outs_cnt_dfflr.qout_r$_DFFE_PN0P_/D
956	-0.1517	u_eI_cpu.u_eJ_core.u_eK_lsu.u_eL_lsu_ctrl.u_eM_lsu_splt_stage.dp_gt_N.vld_dfflr.qout_r	u_eI_cpu.u_eJ_itcm_ctrl.u_sram_icb_ctrl.u_sirv_Kcyc_sram_ctrl.u_eL_stage.dp_gt_M.dat_dfflr.qout_r[N]	u_e203_cpu.u_e203_core.u_e203_lsu.u_e203_lsu_ctrl.u_e203_lsu_splt_stage.dp_gt_0.vld_dfflr.qout_r$_DFFE_PN0P_/Q	u_e203_cpu.u_e203_itcm_ctrl.u_sram_icb_ctrl.u_sirv_1cyc_sram_ctrl.u_e1_stage.dp_gt_0.dat_dfflr.qout_r[1]$_DFFE_PP_/D
957	-0.1512	u_eI_cpu.u_eJ_core.u_eK_lsu.u_eL_lsu_ctrl.u_eM_lsu_splt_stage.dp_gt_N.vld_dfflr.qout_r	u_eI_cpu.u_eJ_core.u_eK_ifu.u_eL_ifu_iftMicb.u_eN_ifetch_rsp_bypbuf.u_bypbuf_fifo.dp_gtO.vec_P_dfflrs.qout_r	u_e203_cpu.u_e203_core.u_e203_lsu.u_e203_lsu_ctrl.u_e203_lsu_splt_stage.dp_gt_0.vld_dfflr.qout_r$_DFFE_PN0P_/Q	u_e203_cpu.u_e203_core.u_e203_ifu.u_e203_ifu_ift2icb.u_e203_ifetch_rsp_bypbuf.u_bypbuf_fifo.dp_gt0.vec_0_dfflrs.qout_r$_DFFE_PN1P_/D
958	-0.1507	u_eI_cpu.u_eJ_core.u_eK_ifu.u_eL_ifu_iftMicb.req_same_cross_holdup_dfflr.qout_r	u_eI_cpu.u_eJ_core.u_eK_biu.u_biu_icb_arbt.arbt_num_gt_L_gen.dp_M.u_sirv_gnrl_rspid_fifo.dp_gt_N.vld_dfflr.qout_r	u_e203_cpu.u_e203_core.u_e203_ifu.u_e203_ifu_ift2icb.req_same_cross_holdup_dfflr.qout_r$_DFFE_PN0P_/Q	u_e203_cpu.u_e203_core.u_e203_biu.u_biu_icb_arbt.arbt_num_gt_1_gen.dp_1.u_sirv_gnrl_rspid_fifo.dp_gt_0.vld_dfflr.qout_r$_DFFE_PN0P_/D
959	-0.1507	u_eI_cpu.u_eJ_core.u_eK_biu.u_biu_icb_arbt.arbt_num_gt_L_gen.dp_M.u_sirv_gnrl_rspid_fifo.dp_gt_N.dat_dfflr.qout_r	u_eI_cpu.u_eJ_core.u_eK_biu.u_sirv_gnrl_icb_buffer.u_sirv_gnrl_cmd_fifo.dp_gtL.vec_M_dfflr.qout_r	u_e203_cpu.u_e203_core.u_e203_biu.u_biu_icb_arbt.arbt_num_gt_1_gen.dp_1.u_sirv_gnrl_rspid_fifo.dp_gt_0.dat_dfflr.qout_r$_DFFE_PP_/Q	u_e203_cpu.u_e203_core.u_e203_biu.u_sirv_gnrl_icb_buffer.u_sirv_gnrl_cmd_fifo.dp_gt0.vec_31_dfflr.qout_r$_DFFE_PN0P_/D
960	-0.1504	u_eI_cpu.u_eJ_core.u_eK_exu.u_eL_exu_alu.u_eM_exu_alu_muldiv.muldiv_state_dfflr.qout_r[N]	u_eI_cpu.u_eJ_core.u_eK_biu.u_biu_icb_arbt.arbt_num_gt_L_gen.dp_M.u_sirv_gnrl_rspid_fifo.dp_gt_N.dat_dfflr.qout_r	u_e203_cpu.u_e203_core.u_e203_exu.u_e203_exu_alu.u_e203_exu_alu_muldiv.muldiv_state_dfflr.qout_r[1]$_DFFE_PN0P_/Q	u_e203_cpu.u_e203_core.u_e203_biu.u_biu_icb_arbt.arbt_num_gt_1_gen.dp_1.u_sirv_gnrl_rspid_fifo.dp_gt_0.dat_dfflr.qout_r$_DFFE_PP_/D
961	-0.1504	u_eI_cpu.u_eJ_core.u_eK_lsu.u_eL_lsu_ctrl.u_eM_lsu_splt_stage.dp_gt_N.vld_dfflr.qout_r	u_eI_cpu.u_eJ_core.u_eK_ifu.u_eL_ifu_iftMicb.icbNmem_dfflr.qout_r	u_e203_cpu.u_e203_core.u_e203_lsu.u_e203_lsu_ctrl.u_e203_lsu_splt_stage.dp_gt_0.vld_dfflr.qout_r$_DFFE_PN0P_/Q	u_e203_cpu.u_e203_core.u_e203_ifu.u_e203_ifu_ift2icb.icb2mem_dfflr.qout_r$_DFFE_PN0P_/D
962	-0.1502	u_eI_cpu.u_eJ_core.u_eK_exu.u_eL_exu_oitf.depth_gtM.alc_ptr_flg_dfflrs.qout_r	u_eI_cpu.u_eJ_core.u_eK_ifu.u_eL_ifu_iftMicb.leftover_dffl.qout_r[N]	u_e203_cpu.u_e203_core.u_e203_exu.u_e203_exu_oitf.depth_gt1.alc_ptr_flg_dfflrs.qout_r$_DFFE_PN0P_/Q	u_e203_cpu.u_e203_core.u_e203_ifu.u_e203_ifu_ift2icb.leftover_dffl.qout_r[10]$_DFFE_PP_/D
963	-0.1501	u_eI_cpu.u_eJ_core.u_eK_exu.u_eL_exu_alu.u_eM_exu_alu_lsuagu.icb_state_dfflr.qout_r[N]	u_eI_cpu.u_eJ_core.u_eK_biu.u_sirv_gnrl_icb_buffer.outs_cnt_dfflr.qout_r	u_e203_cpu.u_e203_core.u_e203_exu.u_e203_exu_alu.u_e203_exu_alu_lsuagu.icb_state_dfflr.qout_r[2]$_DFFE_PN0P_/Q	u_e203_cpu.u_e203_core.u_e203_biu.u_sirv_gnrl_icb_buffer.outs_cnt_dfflr.qout_r$_DFFE_PN0P_/D
964	-0.1499	u_eI_cpu.u_eJ_core.u_eK_biu.u_sirv_gnrl_icb_buffer.u_sirv_gnrl_rsp_fifo.dp_gtL.vec_M_dfflr.qout_r	u_eI_cpu.u_eJ_core.u_eK_biu.u_biu_icb_arbt.arbt_num_gt_L_gen.dp_M.u_sirv_gnrl_rspid_fifo.dp_gt_N.dat_dfflr.qout_r	u_e203_cpu.u_e203_core.u_e203_biu.u_sirv_gnrl_icb_buffer.u_sirv_gnrl_rsp_fifo.dp_gt0.vec_31_dfflr.qout_r$_DFFE_PN0P_/Q	u_e203_cpu.u_e203_core.u_e203_biu.u_biu_icb_arbt.arbt_num_gt_1_gen.dp_1.u_sirv_gnrl_rspid_fifo.dp_gt_0.dat_dfflr.qout_r$_DFFE_PP_/D
965	-0.1497	u_eI_cpu.u_eJ_itcm_ctrl.u_sram_icb_ctrl.u_sirv_Kcyc_sram_ctrl.u_eL_stage.dp_gt_M.vld_dfflr.qout_r	u_eI_cpu.u_eJ_clk_ctrl.u_itcm_clkgate.enb	u_e203_cpu.u_e203_itcm_ctrl.u_sram_icb_ctrl.u_sirv_1cyc_sram_ctrl.u_e1_stage.dp_gt_0.vld_dfflr.qout_r$_DFFE_PN0P_/Q	u_e203_cpu.u_e203_clk_ctrl.u_itcm_clkgate.enb$_DLATCH_N_/D
966	-0.1495	u_eI_cpu.u_eJ_core.u_eK_exu.u_eL_exu_alu.u_eM_exu_alu_lsuagu.icb_state_dfflr.qout_r[N]	u_eI_srams.u_eJ_dtcm_ram.u_eK_dtcm_gnrl_ram.u_sirv_sim_ram.mem_r[L][M]	u_e203_cpu.u_e203_core.u_e203_exu.u_e203_exu_alu.u_e203_exu_alu_lsuagu.icb_state_dfflr.qout_r[2]$_DFFE_PN0P_/Q	u_e203_srams.u_e203_dtcm_ram.u_e203_dtcm_gnrl_ram.u_sirv_sim_ram.mem_r[0][0]$_DFFE_PP_/D
967	-0.1492	u_eI_cpu.u_eJ_core.u_eK_biu.u_sirv_gnrl_icb_buffer.u_sirv_gnrl_rsp_fifo.dp_gtL.vec_M_dfflr.qout_r	u_eI_srams.u_eJ_itcm_ram.u_eK_itcm_gnrl_ram.u_sirv_sim_ram.mem_r[L][M]	u_e203_cpu.u_e203_core.u_e203_biu.u_sirv_gnrl_icb_buffer.u_sirv_gnrl_rsp_fifo.dp_gt0.vec_31_dfflr.qout_r$_DFFE_PN0P_/Q	u_e203_srams.u_e203_itcm_ram.u_e203_itcm_gnrl_ram.u_sirv_sim_ram.mem_r[0][32]$_DFFE_PP_/D
968	-0.1491	u_eI_cpu.u_eJ_core.u_eK_exu.u_eL_exu_alu.u_eM_exu_alu_lsuagu.icb_state_dfflr.qout_r[N]	u_eI_cpu.u_eJ_core.u_eK_biu.u_biu_icb_arbt.arbt_num_gt_L_gen.dp_M.u_sirv_gnrl_rspid_fifo.dp_gt_N.vld_dfflr.qout_r	u_e203_cpu.u_e203_core.u_e203_exu.u_e203_exu_alu.u_e203_exu_alu_lsuagu.icb_state_dfflr.qout_r[2]$_DFFE_PN0P_/Q	u_e203_cpu.u_e203_core.u_e203_biu.u_biu_icb_arbt.arbt_num_gt_1_gen.dp_1.u_sirv_gnrl_rspid_fifo.dp_gt_0.vld_dfflr.qout_r$_DFFE_PN0P_/D
969	-0.1489	u_eI_cpu.u_eJ_itcm_ctrl.u_itcm_icb_arbt.arbt_num_gt_K_gen.dp_L.u_sirv_gnrl_rspid_fifo.dp_gt_M.vld_dfflr.qout_r	u_eI_cpu.u_eJ_clk_ctrl.u_itcm_clkgate.enb	u_e203_cpu.u_e203_itcm_ctrl.u_itcm_icb_arbt.arbt_num_gt_1_gen.dp_1.u_sirv_gnrl_rspid_fifo.dp_gt_0.vld_dfflr.qout_r$_DFFE_PN0P_/Q	u_e203_cpu.u_e203_clk_ctrl.u_itcm_clkgate.enb$_DLATCH_N_/D
970	-0.1486	u_eI_cpu.u_eJ_core.u_eK_ifu.u_eL_ifu_ifetch.ifu_err_dfflr.qout_r	u_eI_cpu.u_eJ_core.u_eK_lsu.u_eL_lsu_ctrl.excl_flg_dffl.qout_r	u_e203_cpu.u_e203_core.u_e203_ifu.u_e203_ifu_ifetch.ifu_err_dfflr.qout_r$_DFFE_PN0P_/Q	u_e203_cpu.u_e203_core.u_e203_lsu.u_e203_lsu_ctrl.excl_flg_dffl.qout_r$_DFFE_PN0P_/D
971	-0.1484	u_eI_cpu.u_eJ_core.u_eK_exu.u_eL_exu_alu.u_eM_exu_alu_muldiv.muldiv_state_dfflr.qout_r[N]	u_eI_cpu.u_eJ_core.u_eK_ifu.u_eL_ifu_iftMicb.leftover_err_dfflr.qout_r	u_e203_cpu.u_e203_core.u_e203_exu.u_e203_exu_alu.u_e203_exu_alu_muldiv.muldiv_state_dfflr.qout_r[1]$_DFFE_PN0P_/Q	u_e203_cpu.u_e203_core.u_e203_ifu.u_e203_ifu_ift2icb.leftover_err_dfflr.qout_r$_DFFE_PN0P_/D
972	-0.1484	u_eI_cpu.u_eJ_core.u_eK_exu.u_eL_exu_oitf.depth_gtM.ret_ptr_flg_dfflrs.qout_r	u_eI_cpu.u_eJ_core.u_eK_ifu.u_eL_ifu_iftMicb.leftover_dffl.qout_r[N]	u_e203_cpu.u_e203_core.u_e203_exu.u_e203_exu_oitf.depth_gt1.ret_ptr_flg_dfflrs.qout_r$_DFFE_PN0P_/Q	u_e203_cpu.u_e203_core.u_e203_ifu.u_e203_ifu_ift2icb.leftover_dffl.qout_r[10]$_DFFE_PP_/D
973	-0.1481	u_eI_cpu.u_eJ_core.u_eK_biu.u_biu_icb_arbt.arbt_num_gt_L_gen.dp_M.u_sirv_gnrl_rspid_fifo.dp_gt_N.vld_dfflr.qout_r	u_eI_cpu.u_eJ_core.u_eK_ifu.u_eL_ifu_ifetch.ifu_hi_ir_dfflr.qout_r[M]	u_e203_cpu.u_e203_core.u_e203_biu.u_biu_icb_arbt.arbt_num_gt_1_gen.dp_1.u_sirv_gnrl_rspid_fifo.dp_gt_0.vld_dfflr.qout_r$_DFFE_PN0P_/Q	u_e203_cpu.u_e203_core.u_e203_ifu.u_e203_ifu_ifetch.ifu_hi_ir_dfflr.qout_r[10]$_DFFE_PN0P_/D
974	-0.1479	u_eI_cpu.u_eJ_core.u_eK_biu.u_sirv_gnrl_icb_buffer.u_sirv_gnrl_rsp_fifo.dp_gtL.vec_M_dfflr.qout_r	u_eI_cpu.u_eJ_core.u_eK_ifu.u_eL_ifu_iftMicb.leftover_err_dfflr.qout_r	u_e203_cpu.u_e203_core.u_e203_biu.u_sirv_gnrl_icb_buffer.u_sirv_gnrl_rsp_fifo.dp_gt0.vec_31_dfflr.qout_r$_DFFE_PN0P_/Q	u_e203_cpu.u_e203_core.u_e203_ifu.u_e203_ifu_ift2icb.leftover_err_dfflr.qout_r$_DFFE_PN0P_/D
975	-0.1478	u_eI_cpu.u_eJ_dtcm_ctrl.u_dtcm_icb_arbt.arbt_num_gt_K_gen.dp_L.u_sirv_gnrl_rspid_fifo.dp_gt_M.vld_dfflr.qout_r	u_eI_cpu.u_eJ_core.u_eK_biu.u_biu_icb_arbt.arbt_num_gt_L_gen.dp_M.u_sirv_gnrl_rspid_fifo.dp_gt_N.dat_dfflr.qout_r	u_e203_cpu.u_e203_dtcm_ctrl.u_dtcm_icb_arbt.arbt_num_gt_1_gen.dp_1.u_sirv_gnrl_rspid_fifo.dp_gt_0.vld_dfflr.qout_r$_DFFE_PN0P_/Q	u_e203_cpu.u_e203_core.u_e203_biu.u_biu_icb_arbt.arbt_num_gt_1_gen.dp_1.u_sirv_gnrl_rspid_fifo.dp_gt_0.dat_dfflr.qout_r$_DFFE_PP_/D
976	-0.1478	u_eI_cpu.u_eJ_core.u_eK_ifu.u_eL_ifu_ifetch.ifu_lo_ir_dfflr.qout_r[M]	u_eI_cpu.u_eJ_core.u_eK_exu.u_eL_exu_csr.mie_dfflr.qout_r[M]	u_e203_cpu.u_e203_core.u_e203_ifu.u_e203_ifu_ifetch.ifu_lo_ir_dfflr.qout_r[11]$_DFFE_PN0P_/Q	u_e203_cpu.u_e203_core.u_e203_exu.u_e203_exu_csr.mie_dfflr.qout_r[11]$_DFFE_PN0P_/D
977	-0.1477	u_eI_cpu.u_eJ_core.u_eK_biu.u_biu_icb_arbt.arbt_num_gt_L_gen.dp_M.u_sirv_gnrl_rspid_fifo.dp_gt_N.vld_dfflr.qout_r	u_eI_cpu.u_eJ_itcm_ctrl.u_sram_icb_ctrl.u_byp_icb_cmd_buf.u_bypbuf_fifo.dp_gtK.fifo_rf[L].fifo_rf_dffl.qout_r[M]	u_e203_cpu.u_e203_core.u_e203_biu.u_biu_icb_arbt.arbt_num_gt_1_gen.dp_1.u_sirv_gnrl_rspid_fifo.dp_gt_0.vld_dfflr.qout_r$_DFFE_PN0P_/Q	u_e203_cpu.u_e203_itcm_ctrl.u_sram_icb_ctrl.u_byp_icb_cmd_buf.u_bypbuf_fifo.dp_gt0.fifo_rf[0].fifo_rf_dffl.qout_r[47]$_DFFE_PP_/D
978	-0.1473	u_eI_cpu.u_eJ_core.u_eK_exu.u_eL_exu_oitf.depth_gtM.ret_ptr_dfflrs.qout_r	u_eI_cpu.u_eJ_core.u_eK_biu.u_sirv_gnrl_icb_buffer.u_sirv_gnrl_cmd_fifo.dp_gtL.fifo_rf[M].fifo_rf_dffl.qout_r[N]	u_e203_cpu.u_e203_core.u_e203_exu.u_e203_exu_oitf.depth_gt1.ret_ptr_dfflrs.qout_r$_DFFE_PN0P_/Q	u_e203_cpu.u_e203_core.u_e203_biu.u_sirv_gnrl_icb_buffer.u_sirv_gnrl_cmd_fifo.dp_gt0.fifo_rf[0].fifo_rf_dffl.qout_r[70]$_DFFE_PP_/D
979	-0.1470	u_eI_cpu.u_eJ_dtcm_ctrl.u_dtcm_icb_arbt.arbt_num_gt_K_gen.dp_L.u_sirv_gnrl_rspid_fifo.dp_gt_M.vld_dfflr.qout_r	u_eI_srams.u_eJ_itcm_ram.u_eK_itcm_gnrl_ram.u_sirv_sim_ram.mem_r[L][M]	u_e203_cpu.u_e203_dtcm_ctrl.u_dtcm_icb_arbt.arbt_num_gt_1_gen.dp_1.u_sirv_gnrl_rspid_fifo.dp_gt_0.vld_dfflr.qout_r$_DFFE_PN0P_/Q	u_e203_srams.u_e203_itcm_ram.u_e203_itcm_gnrl_ram.u_sirv_sim_ram.mem_r[0][32]$_DFFE_PP_/D
980	-0.1468	u_eI_cpu.u_eJ_core.u_eK_exu.u_eL_exu_alu.u_eM_exu_alu_muldiv.muldiv_state_dfflr.qout_r[N]	u_eI_srams.u_eJ_itcm_ram.u_eK_itcm_gnrl_ram.u_sirv_sim_ram.mem_r[L][M]	u_e203_cpu.u_e203_core.u_e203_exu.u_e203_exu_alu.u_e203_exu_alu_muldiv.muldiv_state_dfflr.qout_r[1]$_DFFE_PN0P_/Q	u_e203_srams.u_e203_itcm_ram.u_e203_itcm_gnrl_ram.u_sirv_sim_ram.mem_r[0][32]$_DFFE_PP_/D
981	-0.1465	u_eI_cpu.u_eJ_dtcm_ctrl.u_sram_icb_ctrl.u_sirv_Kcyc_sram_ctrl.u_eL_stage.dp_gt_M.vld_dfflr.qout_r	u_eI_cpu.u_eJ_core.u_eK_biu.u_biu_icb_arbt.arbt_num_gt_L_gen.dp_M.u_sirv_gnrl_rspid_fifo.dp_gt_N.dat_dfflr.qout_r	u_e203_cpu.u_e203_dtcm_ctrl.u_sram_icb_ctrl.u_sirv_1cyc_sram_ctrl.u_e1_stage.dp_gt_0.vld_dfflr.qout_r$_DFFE_PN0P_/Q	u_e203_cpu.u_e203_core.u_e203_biu.u_biu_icb_arbt.arbt_num_gt_1_gen.dp_1.u_sirv_gnrl_rspid_fifo.dp_gt_0.dat_dfflr.qout_r$_DFFE_PP_/D
982	-0.1463	u_eI_cpu.u_eJ_core.u_eK_ifu.u_eL_ifu_iftMicb.u_eN_ifetch_rsp_bypbuf.u_bypbuf_fifo.dp_gtO.vec_P_dfflr.qout_r	u_eI_cpu.u_eJ_core.u_eK_ifu.u_eL_ifu_iftMicb.leftover_dffl.qout_r[N]	u_e203_cpu.u_e203_core.u_e203_ifu.u_e203_ifu_ift2icb.u_e203_ifetch_rsp_bypbuf.u_bypbuf_fifo.dp_gt0.vec_31_dfflr.qout_r$_DFFE_PN0P_/Q	u_e203_cpu.u_e203_core.u_e203_ifu.u_e203_ifu_ift2icb.leftover_dffl.qout_r[10]$_DFFE_PP_/D
983	-0.1462	u_eI_cpu.u_eJ_itcm_ctrl.u_itcm_icb_arbt.arbt_num_gt_K_gen.dp_L.u_sirv_gnrl_rspid_fifo.dp_gt_M.dat_dfflr.qout_r	u_eI_cpu.u_eJ_core.u_eK_biu.u_biu_icb_arbt.arbt_num_gt_L_gen.dp_M.u_sirv_gnrl_rspid_fifo.dp_gt_N.dat_dfflr.qout_r	u_e203_cpu.u_e203_itcm_ctrl.u_itcm_icb_arbt.arbt_num_gt_1_gen.dp_1.u_sirv_gnrl_rspid_fifo.dp_gt_0.dat_dfflr.qout_r$_DFFE_PP_/Q	u_e203_cpu.u_e203_core.u_e203_biu.u_biu_icb_arbt.arbt_num_gt_1_gen.dp_1.u_sirv_gnrl_rspid_fifo.dp_gt_0.dat_dfflr.qout_r$_DFFE_PP_/D
984	-0.1458	u_eI_cpu.u_eJ_dtcm_ctrl.u_dtcm_icb_arbt.arbt_num_gt_K_gen.dp_L.u_sirv_gnrl_rspid_fifo.dp_gt_M.vld_dfflr.qout_r	u_eI_cpu.u_eJ_core.u_eK_ifu.u_eL_ifu_iftMicb.leftover_err_dfflr.qout_r	u_e203_cpu.u_e203_dtcm_ctrl.u_dtcm_icb_arbt.arbt_num_gt_1_gen.dp_1.u_sirv_gnrl_rspid_fifo.dp_gt_0.vld_dfflr.qout_r$_DFFE_PN0P_/Q	u_e203_cpu.u_e203_core.u_e203_ifu.u_e203_ifu_ift2icb.leftover_err_dfflr.qout_r$_DFFE_PN0P_/D
985	-0.1457	u_eI_cpu.u_eJ_dtcm_ctrl.u_sram_icb_ctrl.u_sirv_Kcyc_sram_ctrl.u_eL_stage.dp_gt_M.vld_dfflr.qout_r	u_eI_srams.u_eJ_itcm_ram.u_eK_itcm_gnrl_ram.u_sirv_sim_ram.mem_r[L][M]	u_e203_cpu.u_e203_dtcm_ctrl.u_sram_icb_ctrl.u_sirv_1cyc_sram_ctrl.u_e1_stage.dp_gt_0.vld_dfflr.qout_r$_DFFE_PN0P_/Q	u_e203_srams.u_e203_itcm_ram.u_e203_itcm_gnrl_ram.u_sirv_sim_ram.mem_r[0][32]$_DFFE_PP_/D
986	-0.1456	u_eI_cpu.u_eJ_core.u_eK_ifu.u_eL_ifu_iftMicb.icb_state_dfflr.qout_r[N]	u_eI_cpu.u_eJ_core.u_eK_ifu.u_eL_ifu_ifetch.reset_req_dfflr.qout_r	u_e203_cpu.u_e203_core.u_e203_ifu.u_e203_ifu_ift2icb.icb_state_dfflr.qout_r[0]$_DFFE_PN0P_/Q	u_e203_cpu.u_e203_core.u_e203_ifu.u_e203_ifu_ifetch.reset_req_dfflr.qout_r$_DFFE_PN0P_/D
987	-0.1455	u_eI_cpu.u_eJ_core.u_eK_exu.u_eL_exu_csr.mie_dfflr.qout_r[M]	u_eI_cpu.u_eJ_core.u_eK_ifu.u_eL_ifu_iftMicb.leftover_dffl.qout_r[N]	u_e203_cpu.u_e203_core.u_e203_exu.u_e203_exu_csr.mie_dfflr.qout_r[7]$_DFFE_PN0P_/Q	u_e203_cpu.u_e203_core.u_e203_ifu.u_e203_ifu_ift2icb.leftover_dffl.qout_r[10]$_DFFE_PP_/D
988	-0.1455	u_eI_cpu.u_eJ_core.u_eK_ifu.u_eL_ifu_ifetch.ifu_err_dfflr.qout_r	u_eI_cpu.u_eJ_core.u_eK_ifu.u_eL_ifu_iftMicb.u_eN_ifetch_rsp_bypbuf.u_bypbuf_fifo.dp_gtO.vec_P_dfflr.qout_r	u_e203_cpu.u_e203_core.u_e203_ifu.u_e203_ifu_ifetch.ifu_err_dfflr.qout_r$_DFFE_PN0P_/Q	u_e203_cpu.u_e203_core.u_e203_ifu.u_e203_ifu_ift2icb.u_e203_ifetch_rsp_bypbuf.u_bypbuf_fifo.dp_gt0.vec_31_dfflr.qout_r$_DFFE_PN0P_/D
989	-0.1454	u_eI_cpu.u_eJ_itcm_ctrl.u_itcm_icb_arbt.arbt_num_gt_K_gen.dp_L.u_sirv_gnrl_rspid_fifo.dp_gt_M.dat_dfflr.qout_r	u_eI_srams.u_eJ_itcm_ram.u_eK_itcm_gnrl_ram.u_sirv_sim_ram.mem_r[L][M]	u_e203_cpu.u_e203_itcm_ctrl.u_itcm_icb_arbt.arbt_num_gt_1_gen.dp_1.u_sirv_gnrl_rspid_fifo.dp_gt_0.dat_dfflr.qout_r$_DFFE_PP_/Q	u_e203_srams.u_e203_itcm_ram.u_e203_itcm_gnrl_ram.u_sirv_sim_ram.mem_r[0][32]$_DFFE_PP_/D
990	-0.1454	u_eI_cpu.u_eJ_core.u_eK_biu.u_biu_icb_arbt.arbt_num_gt_L_gen.dp_M.u_sirv_gnrl_rspid_fifo.dp_gt_N.vld_dfflr.qout_r	u_eI_cpu.u_eJ_core.u_eK_biu.u_sirv_gnrl_icb_buffer.u_sirv_gnrl_cmd_fifo.dp_gtL.vec_M_dfflr.qout_r	u_e203_cpu.u_e203_core.u_e203_biu.u_biu_icb_arbt.arbt_num_gt_1_gen.dp_1.u_sirv_gnrl_rspid_fifo.dp_gt_0.vld_dfflr.qout_r$_DFFE_PN0P_/Q	u_e203_cpu.u_e203_core.u_e203_biu.u_sirv_gnrl_icb_buffer.u_sirv_gnrl_cmd_fifo.dp_gt0.vec_31_dfflr.qout_r$_DFFE_PN0P_/D
991	-0.1452	u_eI_cpu.u_eJ_core.u_eK_exu.u_eL_exu_regfile.regfile[M].rfnoN.rf_dffl.qout_r[O]	u_eI_cpu.u_eJ_core.u_eK_ifu.u_eL_ifu_iftMicb.req_same_cross_holdup_dfflr.qout_r	u_e203_cpu.u_e203_core.u_e203_exu.u_e203_exu_regfile.regfile[13].rfno0.rf_dffl.qout_r[31]$_DFFE_PP_/Q	u_e203_cpu.u_e203_core.u_e203_ifu.u_e203_ifu_ift2icb.req_same_cross_holdup_dfflr.qout_r$_DFFE_PN0P_/D
992	-0.1452	u_eI_cpu.u_eJ_core.u_eK_ifu.u_eL_ifu_ifetch.ifu_pc_dfflr.qout_r[M]	cmt_dcause_ena	u_e203_cpu.u_e203_core.u_e203_ifu.u_e203_ifu_ifetch.ifu_pc_dfflr.qout_r[2]$_DFFE_PN0P_/Q	cmt_dcause_ena
993	-0.1450	u_eI_cpu.u_eJ_core.u_eK_exu.u_eL_exu_regfile.regfile[M].rfnoN.rf_dffl.qout_r[O]	u_eI_cpu.u_eJ_core.u_eK_ifu.u_eL_ifu_iftMicb.req_lane_cross_dfflr.qout_r	u_e203_cpu.u_e203_core.u_e203_exu.u_e203_exu_regfile.regfile[13].rfno0.rf_dffl.qout_r[31]$_DFFE_PP_/Q	u_e203_cpu.u_e203_core.u_e203_ifu.u_e203_ifu_ift2icb.req_lane_cross_dfflr.qout_r$_DFFE_PN0P_/D
994	-0.1450	u_eI_cpu.u_eJ_core.u_eK_exu.u_eL_exu_regfile.regfile[M].rfnoN.rf_dffl.qout_r[O]	u_eI_cpu.u_eJ_core.u_eK_ifu.u_eL_ifu_iftMicb.req_need_Nuop_dfflr.qout_r	u_e203_cpu.u_e203_core.u_e203_exu.u_e203_exu_regfile.regfile[13].rfno0.rf_dffl.qout_r[31]$_DFFE_PP_/Q	u_e203_cpu.u_e203_core.u_e203_ifu.u_e203_ifu_ift2icb.req_need_2uop_dfflr.qout_r$_DFFE_PN0P_/D
995	-0.1448	u_eI_cpu.u_eJ_core.u_eK_lsu.u_eL_lsu_ctrl.u_eM_lsu_splt_stage.dp_gt_N.dat_dfflr.qout_r[O]	u_eI_cpu.u_eJ_clk_ctrl.itcm_active_dffr.qout_r	u_e203_cpu.u_e203_core.u_e203_lsu.u_e203_lsu_ctrl.u_e203_lsu_splt_stage.dp_gt_0.dat_dfflr.qout_r[43]$_DFFE_PP_/Q	u_e203_cpu.u_e203_clk_ctrl.itcm_active_dffr.qout_r$_DFF_PN0_/D
996	-0.1445	u_eI_cpu.u_eJ_core.u_eK_ifu.u_eL_ifu_iftMicb.icb_state_dfflr.qout_r[N]	u_eI_cpu.u_eJ_core.u_eK_ifu.u_eL_ifu_iftMicb.icb_addr_N_O_dffl.qout_r[P]	u_e203_cpu.u_e203_core.u_e203_ifu.u_e203_ifu_ift2icb.icb_state_dfflr.qout_r[0]$_DFFE_PN0P_/Q	u_e203_cpu.u_e203_core.u_e203_ifu.u_e203_ifu_ift2icb.icb_addr_2_1_dffl.qout_r[0]$_DFFE_PP_/D
997	-0.1445	u_eI_cpu.u_eJ_dtcm_ctrl.u_sram_icb_ctrl.u_sirv_Kcyc_sram_ctrl.u_eL_stage.dp_gt_M.vld_dfflr.qout_r	u_eI_cpu.u_eJ_core.u_eK_ifu.u_eL_ifu_iftMicb.leftover_err_dfflr.qout_r	u_e203_cpu.u_e203_dtcm_ctrl.u_sram_icb_ctrl.u_sirv_1cyc_sram_ctrl.u_e1_stage.dp_gt_0.vld_dfflr.qout_r$_DFFE_PN0P_/Q	u_e203_cpu.u_e203_core.u_e203_ifu.u_e203_ifu_ift2icb.leftover_err_dfflr.qout_r$_DFFE_PN0P_/D
998	-0.1442	u_eI_cpu.u_eJ_itcm_ctrl.u_itcm_icb_arbt.arbt_num_gt_K_gen.dp_L.u_sirv_gnrl_rspid_fifo.dp_gt_M.dat_dfflr.qout_r	u_eI_cpu.u_eJ_core.u_eK_ifu.u_eL_ifu_iftMicb.leftover_err_dfflr.qout_r	u_e203_cpu.u_e203_itcm_ctrl.u_itcm_icb_arbt.arbt_num_gt_1_gen.dp_1.u_sirv_gnrl_rspid_fifo.dp_gt_0.dat_dfflr.qout_r$_DFFE_PP_/Q	u_e203_cpu.u_e203_core.u_e203_ifu.u_e203_ifu_ift2icb.leftover_err_dfflr.qout_r$_DFFE_PN0P_/D
999	-0.1442	u_eI_cpu.u_eJ_core.u_eK_exu.u_eL_exu_alu.u_eM_exu_alu_muldiv.muldiv_state_dfflr.qout_r[N]	u_eI_cpu.u_eJ_core.u_eK_ifu.u_eL_ifu_ifetch.ifu_hi_ir_dfflr.qout_r[M]	u_e203_cpu.u_e203_core.u_e203_exu.u_e203_exu_alu.u_e203_exu_alu_muldiv.muldiv_state_dfflr.qout_r[1]$_DFFE_PN0P_/Q	u_e203_cpu.u_e203_core.u_e203_ifu.u_e203_ifu_ifetch.ifu_hi_ir_dfflr.qout_r[10]$_DFFE_PN0P_/D
1000	-0.1438	u_eI_cpu.u_eJ_core.u_eK_exu.u_eL_exu_alu.u_eM_exu_alu_muldiv.muldiv_state_dfflr.qout_r[N]	u_eI_cpu.u_eJ_itcm_ctrl.u_sram_icb_ctrl.u_byp_icb_cmd_buf.u_bypbuf_fifo.dp_gtK.fifo_rf[L].fifo_rf_dffl.qout_r[M]	u_e203_cpu.u_e203_core.u_e203_exu.u_e203_exu_alu.u_e203_exu_alu_muldiv.muldiv_state_dfflr.qout_r[1]$_DFFE_PN0P_/Q	u_e203_cpu.u_e203_itcm_ctrl.u_sram_icb_ctrl.u_byp_icb_cmd_buf.u_bypbuf_fifo.dp_gt0.fifo_rf[0].fifo_rf_dffl.qout_r[47]$_DFFE_PP_/D
