# stage	1_synth
# top_module	ddr3_controller
# top_n	1000
# kind	blocks
# skip_async	1
# include_full	1
# rank	worst_slack_ns	start	end	start_full	end_full
1	-0.2515	lane[I]	dqs_target_index[I]	lane[1]$_SDFFE_PP0P_/Q	dqs_target_index[1]$_SDFFE_PP0P_/D
2	-0.2478	i_wb_addr[I]	stageI_next_row[J]	i_wb_addr[6]	stage1_next_row[13]$_SDFFE_PP0P_/D
3	-0.2380	lane[I]	o_phy_idelay_dqs_cntvaluein[I]	lane[1]$_SDFFE_PP0P_/Q	o_phy_idelay_dqs_cntvaluein[0]
4	-0.2358	lane[I]	o_phy_odelay_data_cntvaluein[I]	lane[1]$_SDFFE_PP0P_/Q	o_phy_odelay_data_cntvaluein[4]
5	-0.2358	lane[I]	o_phy_odelay_dqs_cntvaluein[I]	lane[1]$_SDFFE_PP0P_/Q	o_phy_odelay_dqs_cntvaluein[4]
6	-0.2351	lane[I]	o_phy_idelay_data_cntvaluein[I]	lane[1]$_SDFFE_PP0P_/Q	o_phy_idelay_data_cntvaluein[0]
7	-0.2206	stageI_pending	o_wb_stall_int_q	stage2_pending$_SDFFE_PP0P_/Q	o_wb_stall_int_q$_SDFF_PP1_/D
8	-0.2201	stageI_bank[J]	o_wb_stall_int_q	stage2_bank[2]$_SDFF_PP0_/Q	o_wb_stall_int_q$_SDFF_PP1_/D
9	-0.2198	stageI_next_bank[J]	o_wb_stall_int_q	stage1_next_bank[0]$_SDFFE_PP0P_/Q	o_wb_stall_int_q$_SDFF_PP1_/D
10	-0.2141	stageI_do_pre	o_wb_stall_int_q	stage2_do_pre$_SDFF_PP0_/Q	o_wb_stall_int_q$_SDFF_PP1_/D
11	-0.1943	lane[I]	odelay_dqs_cntvaluein[I][J]	lane[1]$_SDFFE_PP0P_/Q	odelay_dqs_cntvaluein[5][1]$_SDFFCE_PN0P_/D
12	-0.1933	stageI_do_act	o_wb_stall_int_q	stage2_do_act$_SDFF_PP0_/Q	o_wb_stall_int_q$_SDFF_PP1_/D
13	-0.1929	lane[I]	idelay_data_cntvaluein[I][J]	lane[1]$_SDFFE_PP0P_/Q	idelay_data_cntvaluein[1][1]$_SDFFCE_PN0P_/D
14	-0.1911	stageI_bank[J]	stageI_do_wr_or_rd	stage2_bank[0]$_SDFF_PP0_/Q	stage2_do_wr_or_rd$_SDFF_PP0_/D
15	-0.1889	lane[I]	odelay_data_cntvaluein[I][J]	lane[1]$_SDFFE_PP0P_/Q	odelay_data_cntvaluein[1][1]$_SDFFCE_PN0P_/D
16	-0.1882	lane[I]	idelay_dqs_cntvaluein[I][J]	lane[1]$_SDFFE_PP0P_/Q	idelay_dqs_cntvaluein[0][2]$_SDFFCE_PN0P_/D
17	-0.1841	stageI_pending	stageI_do_wr_or_rd	stage2_pending$_SDFFE_PP0P_/Q	stage2_do_wr_or_rd$_SDFF_PP0_/D
18	-0.1833	stageI_next_bank[J]	stageI_do_wr_or_rd	stage1_next_bank[0]$_SDFFE_PP0P_/Q	stage2_do_wr_or_rd$_SDFF_PP0_/D
19	-0.1777	stageI_do_pre	stageI_do_wr_or_rd	stage2_do_pre$_SDFF_PP0_/Q	stage2_do_wr_or_rd$_SDFF_PP0_/D
20	-0.1759	lane[I]	state_calibrate[I]	lane[1]$_SDFFE_PP0P_/Q	state_calibrate[1]$_SDFFE_PP0P_/D
21	-0.1710	i_phy_idelayctrl_rdy	write_test_address_counter[I]	i_phy_idelayctrl_rdy	write_test_address_counter[22]$_SDFFE_PP0P_/D
22	-0.1685	stageI_do_act	stageI_do_wr_or_rd	stage2_do_act$_SDFF_PP0_/Q	stage2_do_wr_or_rd$_SDFF_PP0_/D
23	-0.1684	lane[I]	sample_clk_repeat[I]	lane[1]$_SDFFE_PP0P_/Q	sample_clk_repeat[3]$_SDFFCE_PP0P_/D
24	-0.1676	lane[I]	data_start_index[I][J]	lane[1]$_SDFFE_PP0P_/Q	data_start_index[2][5]$_SDFFCE_PN0P_/D
25	-0.1662	stageI_bank[J]	stageI_do_pre	stage2_bank[0]$_SDFF_PP0_/Q	stage2_do_pre$_SDFF_PP0_/D
26	-0.1592	stageI_pending	stageI_do_pre	stage2_pending$_SDFFE_PP0P_/Q	stage2_do_pre$_SDFF_PP0_/D
27	-0.1584	stageI_next_bank[J]	stageI_do_pre	stage1_next_bank[0]$_SDFFE_PP0P_/Q	stage2_do_pre$_SDFF_PP0_/D
28	-0.1582	dqs_start_index[I]	state_calibrate[I]	dqs_start_index[1]$_SDFFE_PP0P_/Q	state_calibrate[1]$_SDFFE_PP0P_/D
29	-0.1570	stageI_do_wr_or_rd	stageI_do_wr_or_rd	stage2_do_wr_or_rd$_SDFF_PP0_/Q	stage2_do_wr_or_rd$_SDFF_PP0_/D
30	-0.1558	lane[I]	write_pattern_lane[I]	lane[1]$_SDFFE_PP0P_/Q	write_pattern_lane[55]$_SDFF_PP0_/D
31	-0.1548	stageI_do_rd	stageI_do_wr_or_rd	stage2_do_rd$_SDFF_PP0_/Q	stage2_do_wr_or_rd$_SDFF_PP0_/D
32	-0.1528	stageI_do_pre	stageI_do_pre	stage2_do_pre$_SDFF_PP0_/Q	stage2_do_pre$_SDFF_PP0_/D
33	-0.1513	dqs_start_index[I]	dqs_start_index[I]	dqs_start_index[1]$_SDFFE_PP0P_/Q	dqs_start_index[4]$_SDFFE_PP0P_/D
34	-0.1500	i_phy_iserdes_bitslip_reference[I]	state_calibrate[I]	i_phy_iserdes_bitslip_reference[25]	state_calibrate[1]$_SDFFE_PP0P_/D
35	-0.1461	lane[I]	added_read_pipe_max	lane[1]$_SDFFE_PP0P_/Q	added_read_pipe_max$_SDFFE_PP0P_/D
36	-0.1439	stageI_do_wr	stageI_do_wr_or_rd	stage2_do_wr$_SDFF_PP0_/Q	stage2_do_wr_or_rd$_SDFF_PP0_/D
37	-0.1436	stageI_do_act	stageI_do_pre	stage2_do_act$_SDFF_PP0_/Q	stage2_do_pre$_SDFF_PP0_/D
38	-0.1390	lane[I]	dqs_start_index_stored[I]	lane[1]$_SDFFE_PP0P_/Q	dqs_start_index_stored[0]$_SDFFE_PP0P_/D
39	-0.1356	lane[I]	read_lane_data[I]	lane[1]$_SDFFE_PP0P_/Q	read_lane_data[10]$_SDFF_PP0_/D
40	-0.1348	lane[I]	dqs_store[I]	lane[1]$_SDFFE_PP0P_/Q	dqs_store[32]$_SDFFE_PP0P_/D
41	-0.1334	lane[I]	stored_write_level_feedback	lane[1]$_SDFFE_PP0P_/Q	stored_write_level_feedback$_SDFFCE_PN0P_/D
42	-0.1321	stageI_do_wr_or_rd	stageI_do_pre	stage2_do_wr_or_rd$_SDFF_PP0_/Q	stage2_do_pre$_SDFF_PP0_/D
43	-0.1311	i_phy_iserdes_bitslip_reference[I]	sample_clk_repeat[I]	i_phy_iserdes_bitslip_reference[31]	sample_clk_repeat[3]$_SDFFCE_PP0P_/D
44	-0.1299	stageI_do_rd	stageI_do_pre	stage2_do_rd$_SDFF_PP0_/Q	stage2_do_pre$_SDFF_PP0_/D
45	-0.1285	lane[I]	o_phy_bitslip[I]	lane[1]$_SDFFE_PP0P_/Q	o_phy_bitslip[7]$_SDFF_PP0_/D
46	-0.1244	state_calibrate[I]	read_test_address_counter[I]	state_calibrate[3]$_SDFFE_PP0P_/Q	read_test_address_counter[23]$_SDFFE_PP0P_/D
47	-0.1224	dqs_start_index[I]	o_phy_idelay_data_ld[I]	dqs_start_index[1]$_SDFFE_PP0P_/Q	o_phy_idelay_data_ld[7]$_SDFF_PP0_/D
48	-0.1224	dqs_start_index[I]	delay_before_read_data[I]	dqs_start_index[1]$_SDFFE_PP0P_/Q	delay_before_read_data[3]$_SDFF_PP0_/D
49	-0.1190	stageI_do_wr	stageI_do_pre	stage2_do_wr$_SDFF_PP0_/Q	stage2_do_pre$_SDFF_PP0_/D
50	-0.1184	lane[I]	start_index_check[I]	lane[1]$_SDFFE_PP0P_/Q	start_index_check[4]$_SDFFCE_PN0P_/D
51	-0.1183	index_wb_data	reset_from_test	index_wb_data$_SDFFE_PP0P_/Q	reset_from_test$_SDFF_PP0_/D
52	-0.1163	lane[I]	lane_write_dq_late[I]	lane[1]$_SDFFE_PP0P_/Q	lane_write_dq_late[0]$_SDFFE_PP0P_/D
53	-0.1137	lane[I]	lane[I]	lane[1]$_SDFFE_PP0P_/Q	lane[2]$_SDFFE_PP0P_/D
54	-0.1135	data_start_index[I][J]	data_start_index[I][J]	data_start_index[3][2]$_SDFFCE_PN0P_/Q	data_start_index[2][5]$_SDFFCE_PN0P_/D
55	-0.1131	i_phy_iserdes_bitslip_reference[I]	dqs_start_index_stored[I]	i_phy_iserdes_bitslip_reference[25]	dqs_start_index_stored[0]$_SDFFE_PP0P_/D
56	-0.1059	lane[I]	initial_dqs	lane[1]$_SDFFE_PP0P_/Q	initial_dqs$_SDFFE_PP1P_/D
57	-0.1011	lane[I]	dqs_start_index_repeat	lane[1]$_SDFFE_PP0P_/Q	dqs_start_index_repeat$_SDFFE_PP0P_/D
58	-0.1002	lane[I]	prev_write_level_feedback	lane[1]$_SDFFE_PP0P_/Q	prev_write_level_feedback$_SDFFE_PP1P_/D
59	-0.0964	stageI_do_act	o_phy_cmd[I]	stage2_do_act$_SDFF_PP0_/Q	o_phy_cmd[10]
60	-0.0961	i_phy_iserdes_bitslip_reference[I]	stored_write_level_feedback	i_phy_iserdes_bitslip_reference[31]	stored_write_level_feedback$_SDFFCE_PN0P_/D
61	-0.0951	stageI_do_wr_or_rd	stageI_do_rd	stage2_do_wr_or_rd$_SDFF_PP0_/Q	stage2_do_rd$_SDFF_PP0_/D
62	-0.0948	read_lane_data_shifted[I]	added_read_pipe[I]	read_lane_data_shifted[6]$_SDFF_PP0_/Q	added_read_pipe[1]$_SDFFCE_PN0P_/D
63	-0.0935	stageI_row[J]	o_wb_stall_int_q	stage2_row[7]$_SDFF_PP0_/Q	o_wb_stall_int_q$_SDFF_PP1_/D
64	-0.0931	stageI_do_wr	stageI_do_rd	stage2_do_wr$_SDFF_PP0_/Q	stage2_do_rd$_SDFF_PP0_/D
65	-0.0929	stageI_pending	o_phy_cmd[I]	stage2_pending$_SDFFE_PP0P_/Q	o_phy_cmd[10]
66	-0.0920	data_start_index[I][J]	write_pattern_lane[I]	data_start_index[3][1]$_SDFFCE_PN0P_/Q	write_pattern_lane[55]$_SDFF_PP0_/D
67	-0.0907	state_calibrate[I]	write_test_address_counter[I]	state_calibrate[0]$_SDFFE_PP0P_/Q	write_test_address_counter[22]$_SDFFE_PP0P_/D
68	-0.0900	i_phy_iserdes_bitslip_reference[I]	o_phy_bitslip[I]	i_phy_iserdes_bitslip_reference[31]	o_phy_bitslip[7]$_SDFF_PP0_/D
69	-0.0891	stageI_pending	stageI_do_wr	stage2_pending$_SDFFE_PP0P_/Q	stage2_do_wr$_SDFF_PP0_/D
70	-0.0884	stageI_do_wr_or_rd	stageI_do_wr	stage2_do_wr_or_rd$_SDFF_PP0_/Q	stage2_do_wr$_SDFF_PP0_/D
71	-0.0883	stageI_bank[J]	stageI_do_wr	stage2_bank[1]$_SDFF_PP0_/QN	stage2_do_wr$_SDFF_PP0_/D
72	-0.0873	stageI_bank[J]	o_wb_stall_int_q	stage1_bank[0]$_SDFFE_PP0P_/Q	o_wb_stall_int_q$_SDFF_PP1_/D
73	-0.0862	lane[I]	train_delay[I]	lane[1]$_SDFFE_PP0P_/Q	train_delay[0]$_SDFF_PP0_/D
74	-0.0851	stageI_do_rd	stageI_do_wr	stage2_do_rd$_SDFF_PP0_/Q	stage2_do_wr$_SDFF_PP0_/D
75	-0.0838	lane[I]	added_read_pipe[I]	lane[1]$_SDFFE_PP0P_/Q	added_read_pipe[1]$_SDFFCE_PN0P_/D
76	-0.0832	i_phy_idelayctrl_rdy	read_test_address_counter[I]	i_phy_idelayctrl_rdy	read_test_address_counter[23]$_SDFFE_PP0P_/D
77	-0.0823	stageI_next_row[J]	o_wb_stall_int_q	stage1_next_row[7]$_SDFFE_PP0P_/Q	o_wb_stall_int_q$_SDFF_PP1_/D
78	-0.0815	stageI_do_pre	o_phy_cmd[I]	stage2_do_pre$_SDFF_PP0_/Q	o_phy_cmd[10]
79	-0.0802	write_pattern[I]	added_read_pipe[I]	write_pattern[0]$_SDFFE_PP0P_/Q	added_read_pipe[1]$_SDFFCE_PN0P_/D
80	-0.0800	i_phy_iserdes_bitslip_reference[I]	initial_dqs	i_phy_iserdes_bitslip_reference[25]	initial_dqs$_SDFFE_PP1P_/D
81	-0.0798	stageI_do_act	stageI_do_wr	stage2_do_act$_SDFF_PP0_/Q	stage2_do_wr$_SDFF_PP0_/D
82	-0.0797	data_start_index[I][J]	unaligned_data[I][J]	data_start_index[0][0]$_SDFFCE_PN0P_/Q	unaligned_data[0][0]$_SDFF_PP0_/D
83	-0.0766	lane[I]	idelay_data_will_wrap	lane[1]$_SDFFE_PP0P_/Q	idelay_data_will_wrap$_DFFE_PN_/D
84	-0.0765	i_phy_iserdes_bitslip_reference[I]	lane[I]	i_phy_iserdes_bitslip_reference[31]	lane[2]$_SDFFE_PP0P_/D
85	-0.0761	read_lane_data_shifted[I]	data_start_index[I][J]	read_lane_data_shifted[6]$_SDFF_PP0_/Q	data_start_index[2][5]$_SDFFCE_PN0P_/D
86	-0.0760	instruction_address[I]	write_test_address_counter[I]	instruction_address[3]$_SDFF_PP0_/QN	write_test_address_counter[22]$_SDFFE_PP0P_/D
87	-0.0759	stageI_do_wr	stageI_do_wr	stage2_do_wr$_SDFF_PP0_/Q	stage2_do_wr$_SDFF_PP0_/D
88	-0.0752	i_phy_iserdes_bitslip_reference[I]	dqs_start_index_repeat	i_phy_iserdes_bitslip_reference[25]	dqs_start_index_repeat$_SDFFE_PP0P_/D
89	-0.0738	index_wb_data	o_wb_data[I]	index_wb_data$_SDFFE_PP0P_/Q	o_wb_data[213]
90	-0.0730	stageI_pending	stageI_do_update_delay_before_write_after_act	stage2_pending$_SDFFE_PP0P_/Q	stage2_do_update_delay_before_write_after_act$_SDFF_PP0_/D
91	-0.0725	i_phy_iserdes_bitslip_reference[I]	added_read_pipe_max	i_phy_iserdes_bitslip_reference[31]	added_read_pipe_max$_SDFFE_PP0P_/D
92	-0.0722	stageI_do_wr_or_rd	stageI_do_update_delay_before_write_after_act	stage2_do_wr_or_rd$_SDFF_PP0_/Q	stage2_do_update_delay_before_write_after_act$_SDFF_PP0_/D
93	-0.0722	stageI_bank[J]	stageI_do_update_delay_before_write_after_act	stage2_bank[1]$_SDFF_PP0_/QN	stage2_do_update_delay_before_write_after_act$_SDFF_PP0_/D
94	-0.0719	stageI_do_rd	stageI_do_rd	stage2_do_rd$_SDFF_PP0_/Q	stage2_do_rd$_SDFF_PP0_/D
95	-0.0715	stageI_bank[J]	stageI_do_rd	stage2_bank[0]$_SDFF_PP0_/Q	stage2_do_rd$_SDFF_PP0_/D
96	-0.0689	stageI_do_rd	stageI_do_update_delay_before_write_after_act	stage2_do_rd$_SDFF_PP0_/Q	stage2_do_update_delay_before_write_after_act$_SDFF_PP0_/D
97	-0.0650	stageI_pending	stageI_do_rd	stage2_pending$_SDFFE_PP0P_/Q	stage2_do_rd$_SDFF_PP0_/D
98	-0.0643	stageI_do_wr	o_wb_stall_int_q	stage2_do_wr$_SDFF_PP0_/Q	o_wb_stall_int_q$_SDFF_PP1_/D
99	-0.0636	stageI_do_act	stageI_do_update_delay_before_write_after_act	stage2_do_act$_SDFF_PP0_/Q	stage2_do_update_delay_before_write_after_act$_SDFF_PP0_/D
100	-0.0629	i_phy_iserdes_bitslip_reference[I]	prev_write_level_feedback	i_phy_iserdes_bitslip_reference[31]	prev_write_level_feedback$_SDFFE_PP1P_/D
101	-0.0628	stageI_do_pre	stageI_do_wr	stage2_do_pre$_SDFF_PP0_/Q	stage2_do_wr$_SDFF_PP0_/D
102	-0.0615	write_pattern[I]	data_start_index[I][J]	write_pattern[0]$_SDFFE_PP0P_/Q	data_start_index[2][5]$_SDFFCE_PN0P_/D
103	-0.0609	stageI_bank[J]	o_phy_cmd[I]	stage2_bank[2]$_SDFF_PP0_/Q	o_phy_cmd[10]
104	-0.0606	stageI_next_bank[J]	o_phy_cmd[I]	stage1_next_bank[0]$_SDFFE_PP0P_/Q	o_phy_cmd[10]
105	-0.0605	lane[I]	o_phy_odelay_data_ld[I]	lane[0]$_SDFFE_PP0P_/Q	o_phy_odelay_data_ld[5]$_SDFF_PP0_/D
106	-0.0603	i_phy_iserdes_bitslip_reference[I]	train_delay[I]	i_phy_iserdes_bitslip_reference[25]	train_delay[0]$_SDFF_PP0_/D
107	-0.0602	lane[I]	o_phy_idelay_data_ld[I]	lane[0]$_SDFFE_PP0P_/Q	o_phy_idelay_data_ld[5]$_SDFF_PP0_/D
108	-0.0598	stageI_do_wr	stageI_do_update_delay_before_write_after_act	stage2_do_wr$_SDFF_PP0_/Q	stage2_do_update_delay_before_write_after_act$_SDFF_PP0_/D
109	-0.0583	lane[I]	lane_read_dq_early[I]	lane[0]$_SDFFE_PP0P_/Q	lane_read_dq_early[5]$_SDFFE_PP0P_/D
110	-0.0579	stageI_bank[J]	stageI_do_wr_or_rd	stage1_bank[1]$_SDFFE_PP0P_/Q	stage2_do_wr_or_rd$_SDFF_PP0_/D
111	-0.0575	stageI_do_wr_or_rd	stageI_do_update_delay_before_read_after_act	stage2_do_wr_or_rd$_SDFF_PP0_/Q	stage2_do_update_delay_before_read_after_act$_SDFF_PP0_/D
112	-0.0571	stageI_do_wr_or_rd	o_wb_stall_int_q	stage2_do_wr_or_rd$_SDFF_PP0_/Q	o_wb_stall_int_q$_SDFF_PP1_/D
113	-0.0558	stageI_do_act	stageI_do_rd	stage2_do_act$_SDFF_PP0_/Q	stage2_do_rd$_SDFF_PP0_/D
114	-0.0555	stageI_do_wr	stageI_do_update_delay_before_read_after_act	stage2_do_wr$_SDFF_PP0_/Q	stage2_do_update_delay_before_read_after_act$_SDFF_PP0_/D
115	-0.0538	stageI_do_rd	o_wb_stall_int_q	stage2_do_rd$_SDFF_PP0_/Q	o_wb_stall_int_q$_SDFF_PP1_/D
116	-0.0520	state_calibrate[I]	calib_data[I]	state_calibrate[0]$_SDFFE_PP0P_/Q	calib_data[460]$_SDFFE_PP0P_/D
117	-0.0520	lane[I]	reset_from_calibrate	lane[1]$_SDFFE_PP0P_/Q	reset_from_calibrate$_SDFF_PP0_/D
118	-0.0517	dqs_store[I]	state_calibrate[I]	dqs_store[19]$_SDFFE_PP0P_/Q	state_calibrate[1]$_SDFFE_PP0P_/D
119	-0.0510	dqs_store[I]	dqs_start_index[I]	dqs_store[10]$_SDFFE_PP0P_/Q	dqs_start_index[4]$_SDFFE_PP0P_/D
120	-0.0488	read_lane_data_shifted[I]	dqs_bitslip_arrangement[I]	read_lane_data_shifted[6]$_SDFF_PP0_/Q	dqs_bitslip_arrangement[0]$_SDFFE_PP0P_/D
121	-0.0485	state_calibrate[I]	calib_sel[I]	state_calibrate[0]$_SDFFE_PP0P_/Q	calib_sel[24]$_SDFFE_PP0P_/D
122	-0.0478	state_calibrate[I]	added_read_pipe[I]	state_calibrate[4]$_SDFFE_PP0P_/Q	added_read_pipe[1]$_SDFFCE_PN0P_/D
123	-0.0468	dqs_start_index[I]	dqs_start_index_repeat	dqs_start_index[1]$_SDFFE_PP0P_/Q	dqs_start_index_repeat$_SDFFE_PP0P_/D
124	-0.0466	stageI_do_pre	stageI_do_update_delay_before_write_after_act	stage2_do_pre$_SDFF_PP0_/Q	stage2_do_update_delay_before_write_after_act$_SDFF_PP0_/D
125	-0.0461	stageI_bank[J]	delay_before_read_counter_q[I][J]	stage2_bank[0]$_SDFF_PP0_/Q	delay_before_read_counter_q[1][1]$_SDFF_PP0_/D
126	-0.0453	i_phy_idelayctrl_rdy	state_calibrate[I]	i_phy_idelayctrl_rdy	state_calibrate[1]$_SDFFE_PP0P_/D
127	-0.0428	stageI_pending	delay_before_read_counter_q[I][J]	stage2_pending$_SDFFE_PP0P_/Q	delay_before_read_counter_q[1][1]$_SDFF_PP0_/D
128	-0.0409	data_start_index[I][J]	state_calibrate[I]	data_start_index[7][3]$_SDFFCE_PN0P_/Q	state_calibrate[1]$_SDFFE_PP0P_/D
129	-0.0403	stageI_next_row[J]	stageI_do_wr_or_rd	stage1_next_row[13]$_SDFFE_PP0P_/Q	stage2_do_wr_or_rd$_SDFF_PP0_/D
130	-0.0386	stageI_do_pre	stageI_do_rd	stage2_do_pre$_SDFF_PP0_/Q	stage2_do_rd$_SDFF_PP0_/D
131	-0.0378	lane[I]	dqs_bitslip_arrangement[I]	lane[1]$_SDFFE_PP0P_/Q	dqs_bitslip_arrangement[0]$_SDFFE_PP0P_/D
132	-0.0356	stageI_do_wr	delay_before_read_counter_q[I][J]	stage2_do_wr$_SDFF_PP0_/Q	delay_before_read_counter_q[1][1]$_SDFF_PP0_/D
133	-0.0343	stageI_do_rd	stageI_do_update_delay_before_read_after_act	stage2_do_rd$_SDFF_PP0_/Q	stage2_do_update_delay_before_read_after_act$_SDFF_PP0_/D
134	-0.0342	write_pattern[I]	dqs_bitslip_arrangement[I]	write_pattern[0]$_SDFFE_PP0P_/Q	dqs_bitslip_arrangement[0]$_SDFFE_PP0P_/D
135	-0.0339	stageI_bank[J]	stageI_do_update_delay_before_read_after_act	stage2_bank[0]$_SDFF_PP0_/Q	stage2_do_update_delay_before_read_after_act$_SDFF_PP0_/D
136	-0.0338	stageI_row[J]	stageI_do_wr_or_rd	stage2_row[8]$_SDFF_PP0_/Q	stage2_do_wr_or_rd$_SDFF_PP0_/D
137	-0.0330	stageI_bank[J]	stageI_do_pre	stage1_bank[1]$_SDFFE_PP0P_/Q	stage2_do_pre$_SDFF_PP0_/D
138	-0.0327	state_calibrate[I]	data_start_index[I][J]	state_calibrate[4]$_SDFFE_PP0P_/Q	data_start_index[2][5]$_SDFFCE_PN0P_/D
139	-0.0325	lane[I]	o_phy_write_leveling_calib	lane[1]$_SDFFE_PP0P_/Q	o_phy_write_leveling_calib$_SDFFE_PP0P_/D
140	-0.0318	calib_addr[I]	stageI_next_row[J]	calib_addr[6]$_SDFFE_PP0P_/Q	stage1_next_row[10]$_SDFFE_PP0P_/D
141	-0.0311	data_start_index[I][J]	stageI_data[J][K]	data_start_index[5][0]$_SDFFCE_PN0P_/Q	stage2_data[0][495]$_SDFFE_PP0N_/D
142	-0.0305	stageI_next_bank[J]	stageI_do_wr	stage1_next_bank[2]$_SDFFE_PP0P_/Q	stage2_do_wr$_SDFF_PP0_/D
143	-0.0300	stageI_do_update_delay_before_read_after_act	stageI_do_rd	stage2_do_update_delay_before_read_after_act$_SDFF_PP0_/Q	stage2_do_rd$_SDFF_PP0_/D
144	-0.0291	write_by_byte_counter[I]	write_test_address_counter[I]	write_by_byte_counter[3]$_SDFFE_PP0P_/QN	write_test_address_counter[22]$_SDFFE_PP0P_/D
145	-0.0286	stageI_do_update_delay_before_write_after_act	stageI_do_wr	stage2_do_update_delay_before_write_after_act$_SDFF_PP0_/Q	stage2_do_wr$_SDFF_PP0_/D
146	-0.0273	stageI_pending	stageI_do_update_delay_before_read_after_act	stage2_pending$_SDFFE_PP0P_/Q	stage2_do_update_delay_before_read_after_act$_SDFF_PP0_/D
147	-0.0267	stageI_do_wr_or_rd	delay_before_read_counter_q[I][J]	stage2_do_wr_or_rd$_SDFF_PP0_/Q	delay_before_read_counter_q[1][1]$_SDFF_PP0_/D
148	-0.0231	write_by_byte_counter[I]	calib_data[I]	write_by_byte_counter[0]$_SDFFE_PP0P_/QN	calib_data[53]$_SDFFE_PP0P_/D
149	-0.0222	dqs_store[I]	o_phy_idelay_data_ld[I]	dqs_store[10]$_SDFFE_PP0P_/Q	o_phy_idelay_data_ld[7]$_SDFF_PP0_/D
150	-0.0221	dqs_store[I]	delay_before_read_data[I]	dqs_store[10]$_SDFFE_PP0P_/Q	delay_before_read_data[3]$_SDFF_PP0_/D
151	-0.0187	stageI_next_bank[J]	delay_before_read_counter_q[I][J]	stage1_next_bank[0]$_SDFFE_PP0P_/Q	delay_before_read_counter_q[1][1]$_SDFF_PP0_/D
152	-0.0185	instruction_address[I]	state_calibrate[I]	instruction_address[3]$_SDFF_PP0_/Q	state_calibrate[1]$_SDFFE_PP0P_/D
153	-0.0182	stageI_do_act	stageI_do_update_delay_before_read_after_act	stage2_do_act$_SDFF_PP0_/Q	stage2_do_update_delay_before_read_after_act$_SDFF_PP0_/D
154	-0.0164	stageI_do_pre	delay_before_read_counter_q[I][J]	stage2_do_pre$_SDFF_PP0_/Q	delay_before_read_counter_q[1][1]$_SDFF_PP0_/D
155	-0.0163	delay_before_read_counter_q[I][J]	stageI_do_rd	delay_before_read_counter_q[1][0]$_SDFF_PP0_/QN	stage2_do_rd$_SDFF_PP0_/D
156	-0.0161	i_wb_cyc	stageI_data[J]	i_wb_cyc	stage1_data[472]$_SDFFE_PP0P_/D
157	-0.0159	delay_before_write_level_feedback[I]	state_calibrate[I]	delay_before_write_level_feedback[1]$_SDFF_PP0_/QN	state_calibrate[1]$_SDFFE_PP0P_/D
158	-0.0154	stageI_next_row[J]	stageI_do_pre	stage1_next_row[13]$_SDFFE_PP0P_/Q	stage2_do_pre$_SDFF_PP0_/D
159	-0.0144	stageI_next_bank[J]	stageI_do_update_delay_before_write_after_act	stage1_next_bank[2]$_SDFFE_PP0P_/Q	stage2_do_update_delay_before_write_after_act$_SDFF_PP0_/D
160	-0.0124	stageI_do_update_delay_before_write_after_act	stageI_do_update_delay_before_write_after_act	stage2_do_update_delay_before_write_after_act$_SDFF_PP0_/Q	stage2_do_update_delay_before_write_after_act$_SDFF_PP0_/D
161	-0.0091	bank_active_row_q[I][J]	o_wb_stall_int_q	bank_active_row_q[1][7]$_SDFF_PP0_/Q	o_wb_stall_int_q$_SDFF_PP1_/D
162	-0.0090	stageI_row[J]	stageI_do_pre	stage2_row[8]$_SDFF_PP0_/Q	stage2_do_pre$_SDFF_PP0_/D
163	-0.0086	stageI_do_wr	o_phy_cmd[I]	stage2_do_wr$_SDFF_PP0_/Q	o_phy_cmd[51]
164	-0.0070	lane_write_dq_late[I]	data_start_index[I][J]	lane_write_dq_late[3]$_SDFFE_PP0P_/Q	data_start_index[2][5]$_SDFFCE_PN0P_/D
165	-0.0065	stageI_do_update_delay_before_read_after_act	o_wb_stall_int_q	stage2_do_update_delay_before_read_after_act$_SDFF_PP0_/Q	o_wb_stall_int_q$_SDFF_PP1_/D
166	-0.0064	stageI_do_act	delay_before_read_counter_q[I][J]	stage2_do_act$_SDFF_PP0_/Q	delay_before_read_counter_q[1][1]$_SDFF_PP0_/D
167	-0.0038	i_wb_cyc	stageI_next_bank[J]	i_wb_cyc	stage1_next_bank[0]$_SDFFE_PP0P_/D
168	-0.0028	i_wb_cyc	stageI_next_row[J]	i_wb_cyc	stage1_next_row[7]$_SDFFE_PP0P_/D
169	-0.0023	stageI_do_update_delay_before_write_after_act	o_wb_stall_int_q	stage2_do_update_delay_before_write_after_act$_SDFF_PP0_/Q	o_wb_stall_int_q$_SDFF_PP1_/D
170	-0.0021	dqs_start_index[I]	initial_dqs	dqs_start_index[1]$_SDFFE_PP0P_/Q	initial_dqs$_SDFFE_PP1P_/D
171	-0.0017	state_calibrate[I]	dqs_bitslip_arrangement[I]	state_calibrate[4]$_SDFFE_PP0P_/Q	dqs_bitslip_arrangement[0]$_SDFFE_PP0P_/D
172	-0.0013	stageI_do_rd	delay_before_read_counter_q[I][J]	stage2_do_rd$_SDFF_PP0_/Q	delay_before_read_counter_q[1][1]$_SDFF_PP0_/D
173	-0.0010	stageI_do_pre	stageI_do_update_delay_before_read_after_act	stage2_do_pre$_SDFF_PP0_/Q	stage2_do_update_delay_before_read_after_act$_SDFF_PP0_/D
174	-0.0007	lane_write_dq_late[I]	write_pattern_lane[I]	lane_write_dq_late[3]$_SDFFE_PP0P_/Q	write_pattern_lane[17]$_SDFF_PP0_/D
175	-0.0002	state_calibrate[I]	state_calibrate[I]	state_calibrate[3]$_SDFFE_PP0P_/Q	state_calibrate[1]$_SDFFE_PP0P_/D
176	0.0005	stageI_pending	delay_before_write_counter_q[I][J]	stage2_pending$_SDFFE_PP0P_/Q	delay_before_write_counter_q[4][0]$_SDFF_PP0_/D
177	0.0012	stageI_do_wr_or_rd	delay_before_write_counter_q[I][J]	stage2_do_wr_or_rd$_SDFF_PP0_/Q	delay_before_write_counter_q[4][0]$_SDFF_PP0_/D
178	0.0013	stageI_bank[J]	delay_before_write_counter_q[I][J]	stage2_bank[1]$_SDFF_PP0_/QN	delay_before_write_counter_q[4][0]$_SDFF_PP0_/D
179	0.0031	stageI_pending	stageI_do_update_delay_before_precharge_after_wr	stage2_pending$_SDFFE_PP0P_/Q	stage2_do_update_delay_before_precharge_after_wr$_SDFF_PP0_/D
180	0.0045	stageI_do_rd	delay_before_write_counter_q[I][J]	stage2_do_rd$_SDFF_PP0_/Q	delay_before_write_counter_q[4][0]$_SDFF_PP0_/D
181	0.0047	i_phy_iserdes_bitslip_reference[I]	o_phy_write_leveling_calib	i_phy_iserdes_bitslip_reference[31]	o_phy_write_leveling_calib$_SDFFE_PP0P_/D
182	0.0048	read_lane_data_shifted[I]	state_calibrate[I]	read_lane_data_shifted[6]$_SDFF_PP0_/Q	state_calibrate[1]$_SDFFE_PP0P_/D
183	0.0049	i_wb_cyc	stageI_aux[J]	i_wb_cyc	stage1_aux[10]$_SDFFE_PP0P_/D
184	0.0049	stageI_bank[J]	stageI_do_update_delay_before_precharge_after_wr	stage2_bank[0]$_SDFF_PP0_/Q	stage2_do_update_delay_before_precharge_after_wr$_SDFF_PP0_/D
185	0.0057	stageI_do_rd	stageI_do_update_delay_before_precharge_after_wr	stage2_do_rd$_SDFF_PP0_/Q	stage2_do_update_delay_before_precharge_after_wr$_SDFF_PP0_/D
186	0.0065	data_start_index[I][J]	stageI_data[J][K]	data_start_index[5][2]$_SDFFCE_PN0P_/Q	stage2_data[1][494]$_SDFF_PP0_/D
187	0.0076	stageI_do_update_delay_before_read_after_act	stageI_do_update_delay_before_read_after_act	stage2_do_update_delay_before_read_after_act$_SDFF_PP0_/Q	stage2_do_update_delay_before_read_after_act$_SDFF_PP0_/D
188	0.0089	stageI_next_bank[J]	stageI_do_update_delay_before_precharge_after_wr	stage1_next_bank[2]$_SDFFE_PP0P_/Q	stage2_do_update_delay_before_precharge_after_wr$_SDFF_PP0_/D
189	0.0090	instruction_address[I]	calib_data[I]	instruction_address[3]$_SDFF_PP0_/Q	calib_data[485]$_SDFFE_PP0P_/D
190	0.0094	stageI_do_wr_or_rd	o_phy_cmd[I]	stage2_do_wr_or_rd$_SDFF_PP0_/Q	o_phy_cmd[51]
191	0.0098	stageI_do_act	delay_before_write_counter_q[I][J]	stage2_do_act$_SDFF_PP0_/Q	delay_before_write_counter_q[4][0]$_SDFF_PP0_/D
192	0.0118	instruction_address[I]	read_test_address_counter[I]	instruction_address[3]$_SDFF_PP0_/QN	read_test_address_counter[23]$_SDFFE_PP0P_/D
193	0.0119	stageI_do_act	stageI_do_update_delay_before_precharge_after_wr	stage2_do_act$_SDFF_PP0_/Q	stage2_do_update_delay_before_precharge_after_wr$_SDFF_PP0_/D
194	0.0121	lane_write_dq_late[I]	start_index_check[I]	lane_write_dq_late[3]$_SDFFE_PP0P_/Q	start_index_check[4]$_SDFFCE_PN0P_/D
195	0.0124	stageI_next_bank[J]	stageI_do_rd	stage1_next_bank[1]$_SDFFE_PP0P_/Q	stage2_do_rd$_SDFF_PP0_/D
196	0.0124	stageI_do_rd	o_phy_cmd[I]	stage2_do_rd$_SDFF_PP0_/Q	o_phy_cmd[51]
197	0.0137	stageI_do_wr	delay_before_write_counter_q[I][J]	stage2_do_wr$_SDFF_PP0_/Q	delay_before_write_counter_q[4][0]$_SDFF_PP0_/D
198	0.0141	stageI_do_wr_or_rd	stageI_do_update_delay_before_precharge_after_wr	stage2_do_wr_or_rd$_SDFF_PP0_/Q	stage2_do_update_delay_before_precharge_after_wr$_SDFF_PP0_/D
199	0.0142	lane_write_dq_late[I]	lane_write_dq_late[I]	lane_write_dq_late[3]$_SDFFE_PP0P_/Q	lane_write_dq_late[0]$_SDFFE_PP0P_/D
200	0.0143	delay_before_read_data[I]	state_calibrate[I]	delay_before_read_data[1]$_SDFF_PP0_/QN	state_calibrate[1]$_SDFFE_PP0P_/D
201	0.0147	stageI_pending	stageI_do_update_delay_before_precharge_after_rd	stage2_pending$_SDFFE_PP0P_/Q	stage2_do_update_delay_before_precharge_after_rd$_SDFF_PP0_/D
202	0.0149	stageI_do_wr	stageI_do_update_delay_before_precharge_after_wr	stage2_do_wr$_SDFF_PP0_/Q	stage2_do_update_delay_before_precharge_after_wr$_SDFF_PP0_/D
203	0.0161	stageI_do_rd	stageI_do_act	stage2_do_rd$_SDFF_PP0_/Q	stage2_do_act$_SDFF_PP0_/D
204	0.0173	read_test_address_counter[I]	state_calibrate[I]	read_test_address_counter[1]$_SDFFE_PP0P_/Q	state_calibrate[1]$_SDFFE_PP0P_/D
205	0.0176	stageI_do_pre	stageI_do_update_delay_before_precharge_after_wr	stage2_do_pre$_SDFF_PP0_/Q	stage2_do_update_delay_before_precharge_after_wr$_SDFF_PP0_/D
206	0.0194	write_pattern[I]	state_calibrate[I]	write_pattern[0]$_SDFFE_PP0P_/Q	state_calibrate[1]$_SDFFE_PP0P_/D
207	0.0202	stageI_do_act	stageI_do_act	stage2_do_act$_SDFF_PP0_/Q	stage1_do_act$_SDFF_PP0_/D
208	0.0210	stageI_pending	shift_reg_read_pipe_q[I][J]	stage2_pending$_SDFFE_PP0P_/Q	shift_reg_read_pipe_q[2][10]$_SDFF_PP0_/D
209	0.0213	delay_before_read_counter_q[I][J]	stageI_do_update_delay_before_read_after_act	delay_before_read_counter_q[1][0]$_SDFF_PP0_/QN	stage2_do_update_delay_before_read_after_act$_SDFF_PP0_/D
210	0.0215	o_wb_data_q[I][J]	reset_from_test	o_wb_data_q[1][494]$_SDFFE_PP0P_/Q	reset_from_test$_SDFF_PP0_/D
211	0.0220	final_calibration_done	check_test_address_counter[I]	final_calibration_done$_SDFFE_PP0P_/QN	check_test_address_counter[23]$_SDFFE_PP0P_/D
212	0.0232	stageI_do_pre	stageI_do_update_delay_before_precharge_after_rd	stage2_do_pre$_SDFF_PP0_/Q	stage2_do_update_delay_before_precharge_after_rd$_SDFF_PP0_/D
213	0.0237	stageI_pending	stageI_do_act	stage2_pending$_SDFFE_PP0P_/Q	stage1_do_act$_SDFF_PP0_/D
214	0.0238	delay_before_read_counter_q[I][J]	o_wb_stall_int_q	delay_before_read_counter_q[1][0]$_SDFF_PP0_/QN	o_wb_stall_int_q$_SDFF_PP1_/D
215	0.0244	stageI_do_wr_or_rd	stageI_do_act	stage2_do_wr_or_rd$_SDFF_PP0_/Q	stage2_do_act$_SDFF_PP0_/D
216	0.0248	delay_before_read_counter_q[I][J]	delay_before_read_counter_q[I][J]	delay_before_read_counter_q[3][0]$_SDFF_PP0_/QN	delay_before_read_counter_q[1][1]$_SDFF_PP0_/D
217	0.0250	i_wb_cyc	stageI_pending	i_wb_cyc	stage1_pending$_SDFFE_PP0P_/D
218	0.0253	stageI_do_wr	stageI_do_act	stage2_do_wr$_SDFF_PP0_/Q	stage2_do_act$_SDFF_PP0_/D
219	0.0259	stageI_next_bank[J]	stageI_do_update_delay_before_precharge_after_rd	stage1_next_bank[0]$_SDFFE_PP0P_/Q	stage2_do_update_delay_before_precharge_after_rd$_SDFF_PP0_/D
220	0.0266	o_wb_stall_int_q	write_test_address_counter[I]	o_wb_stall_int_q$_SDFF_PP1_/Q	write_test_address_counter[22]$_SDFFE_PP0P_/D
221	0.0268	stageI_do_pre	delay_before_write_counter_q[I][J]	stage2_do_pre$_SDFF_PP0_/Q	delay_before_write_counter_q[4][0]$_SDFF_PP0_/D
222	0.0272	o_wb_ack_read_q[I][J]	check_test_address_counter[I]	o_wb_ack_read_q[0][3]$_SDFF_PP0_/Q	check_test_address_counter[23]$_SDFFE_PP0P_/D
223	0.0276	final_calibration_done	state_calibrate[I]	final_calibration_done$_SDFFE_PP0P_/QN	state_calibrate[1]$_SDFFE_PP0P_/D
224	0.0281	lane_write_dq_late[I]	state_calibrate[I]	lane_write_dq_late[3]$_SDFFE_PP0P_/Q	state_calibrate[1]$_SDFFE_PP0P_/D
225	0.0291	stageI_do_rd	stageI_do_update_delay_before_precharge_after_rd	stage2_do_rd$_SDFF_PP0_/Q	stage2_do_update_delay_before_precharge_after_rd$_SDFF_PP0_/D
226	0.0295	i_wb_cyc	stageI_bank[J]	i_wb_cyc	stage1_bank[0]$_SDFFE_PP0P_/D
227	0.0295	i_wb_cyc	stageI_col[J]	i_wb_cyc	stage1_col[3]$_SDFFE_PP0P_/D
228	0.0295	i_wb_cyc	stageI_dm[J]	i_wb_cyc	stage1_dm[0]$_SDFFE_PP0P_/D
229	0.0295	i_wb_cyc	stageI_row[J]	i_wb_cyc	stage1_row[10]$_SDFFE_PP0P_/D
230	0.0298	bank_active_row_q[I][J]	stageI_do_wr_or_rd	bank_active_row_q[7][8]$_SDFF_PP0_/Q	stage2_do_wr_or_rd$_SDFF_PP0_/D
231	0.0304	i_wb_cyc	stageI_we	i_wb_cyc	stage1_we$_SDFFE_PP0P_/D
232	0.0328	o_wb_ack_read_q[I][J]	state_calibrate[I]	o_wb_ack_read_q[0][3]$_SDFF_PP0_/Q	state_calibrate[1]$_SDFFE_PP0P_/D
233	0.0353	stageI_do_act	stageI_do_update_delay_before_precharge_after_rd	stage2_do_act$_SDFF_PP0_/Q	stage2_do_update_delay_before_precharge_after_rd$_SDFF_PP0_/D
234	0.0354	stageI_bank[J]	stageI_do_update_delay_before_precharge_after_rd	stage2_bank[0]$_SDFF_PP0_/Q	stage2_do_update_delay_before_precharge_after_rd$_SDFF_PP0_/D
235	0.0357	lane_write_dq_late[I]	added_read_pipe[I]	lane_write_dq_late[0]$_SDFFE_PP0P_/Q	added_read_pipe[1]$_SDFFCE_PN0P_/D
236	0.0374	stageI_do_wr_or_rd	stageI_do_update_delay_before_precharge_after_rd	stage2_do_wr_or_rd$_SDFF_PP0_/Q	stage2_do_update_delay_before_precharge_after_rd$_SDFF_PP0_/D
237	0.0382	stageI_do_wr	stageI_do_update_delay_before_precharge_after_rd	stage2_do_wr$_SDFF_PP0_/Q	stage2_do_update_delay_before_precharge_after_rd$_SDFF_PP0_/D
238	0.0403	data_start_index[I][J]	start_index_check[I]	data_start_index[3][2]$_SDFFCE_PN0P_/Q	start_index_check[4]$_SDFFCE_PN0P_/D
239	0.0406	state_calibrate[I]	calib_addr[I]	state_calibrate[3]$_SDFFE_PP0P_/Q	calib_addr[10]$_SDFFE_PP0P_/D
240	0.0415	calib_we	write_test_address_counter[I]	calib_we$_SDFFE_PP0P_/Q	write_test_address_counter[22]$_SDFFE_PP0P_/D
241	0.0420	stageI_do_pre	stageI_do_act	stage2_do_pre$_SDFF_PP0_/Q	stage1_do_act$_SDFF_PP0_/D
242	0.0434	stageI_data_unaligned[J]	unaligned_data[I][J]	stage2_data_unaligned[495]$_SDFFE_PP0P_/Q	unaligned_data[5][63]$_SDFF_PP0_/D
243	0.0454	i_phy_iserdes_data[I]	sample_clk_repeat[I]	i_phy_iserdes_data[56]	sample_clk_repeat[3]$_SDFFCE_PP0P_/D
244	0.0474	stageI_do_pre	shift_reg_read_pipe_q[I][J]	stage2_do_pre$_SDFF_PP0_/Q	shift_reg_read_pipe_q[2][10]$_SDFF_PP0_/D
245	0.0479	stageI_bank[J]	stageI_do_act	stage2_bank[2]$_SDFF_PP0_/Q	stage1_do_act$_SDFF_PP0_/D
246	0.0480	force_o_wb_stall_calib_high_q	write_test_address_counter[I]	force_o_wb_stall_calib_high_q$_SDFF_PP0_/Q	write_test_address_counter[22]$_SDFFE_PP0P_/D
247	0.0482	stageI_next_bank[J]	stageI_do_act	stage1_next_bank[0]$_SDFFE_PP0P_/Q	stage1_do_act$_SDFF_PP0_/D
248	0.0485	o_wb_stall_int_q	read_test_address_counter[I]	o_wb_stall_int_q$_SDFF_PP1_/Q	read_test_address_counter[23]$_SDFFE_PP0P_/D
249	0.0498	stageI_do_wr_or_rd	shift_reg_read_pipe_q[I][J]	stage2_do_wr_or_rd$_SDFF_PP0_/Q	shift_reg_read_pipe_q[2][10]$_SDFF_PP0_/D
250	0.0500	stageI_next_bank[J]	stageI_do_update_delay_before_read_after_act	stage1_next_bank[1]$_SDFFE_PP0P_/Q	stage2_do_update_delay_before_read_after_act$_SDFF_PP0_/D
251	0.0518	stageI_do_wr	shift_reg_read_pipe_q[I][J]	stage2_do_wr$_SDFF_PP0_/Q	shift_reg_read_pipe_q[2][10]$_SDFF_PP0_/D
252	0.0523	stageI_do_update_delay_before_read_after_act	delay_before_read_counter_q[I][J]	stage2_do_update_delay_before_read_after_act$_SDFF_PP0_/Q	delay_before_read_counter_q[5][1]$_SDFF_PP0_/D
253	0.0545	i_wb_addr[I]	stageI_next_bank[J]	i_wb_addr[6]	stage1_next_bank[2]$_SDFFE_PP0P_/D
254	0.0547	bank_active_row_q[I][J]	stageI_do_pre	bank_active_row_q[7][8]$_SDFF_PP0_/Q	stage2_do_pre$_SDFF_PP0_/D
255	0.0556	instruction_address[I]	calib_addr[I]	instruction_address[3]$_SDFF_PP0_/Q	calib_addr[10]$_SDFFE_PP0P_/D
256	0.0574	stageI_bank[J]	stageI_do_rd	stage1_bank[2]$_SDFFE_PP0P_/Q	stage2_do_rd$_SDFF_PP0_/D
257	0.0590	stageI_next_bank[J]	delay_before_write_counter_q[I][J]	stage1_next_bank[2]$_SDFFE_PP0P_/Q	delay_before_write_counter_q[4][0]$_SDFF_PP0_/D
258	0.0597	dqs_store[I]	dqs_start_index_repeat	dqs_store[19]$_SDFFE_PP0P_/Q	dqs_start_index_repeat$_SDFFE_PP0P_/D
259	0.0604	state_calibrate[I]	o_phy_cmd[I]	state_calibrate[4]$_SDFFE_PP0P_/Q	o_phy_cmd[71]
260	0.0605	sample_clk_repeat[I]	state_calibrate[I]	sample_clk_repeat[0]$_SDFFCE_PP0P_/Q	state_calibrate[1]$_SDFFE_PP0P_/D
261	0.0610	stageI_do_update_delay_before_write_after_act	delay_before_write_counter_q[I][J]	stage2_do_update_delay_before_write_after_act$_SDFF_PP0_/Q	delay_before_write_counter_q[4][0]$_SDFF_PP0_/D
262	0.0613	instruction_address[I]	calib_sel[I]	instruction_address[3]$_SDFF_PP0_/Q	calib_sel[31]$_SDFFE_PP0P_/D
263	0.0616	stageI_row[J]	stageI_do_wr_or_rd	stage1_row[9]$_SDFFE_PP0P_/Q	stage2_do_wr_or_rd$_SDFF_PP0_/D
264	0.0671	delay_before_write_counter_q[I][J]	stageI_do_wr	delay_before_write_counter_q[7][1]$_SDFF_PP0_/Q	stage2_do_wr$_SDFF_PP0_/D
265	0.0675	lane_write_dq_late[I]	reset_from_calibrate	lane_write_dq_late[0]$_SDFFE_PP0P_/Q	reset_from_calibrate$_SDFF_PP0_/D
266	0.0700	force_o_wb_stall_calib_high_q	read_test_address_counter[I]	force_o_wb_stall_calib_high_q$_SDFF_PP0_/Q	read_test_address_counter[23]$_SDFFE_PP0P_/D
267	0.0726	i_wb_cyc	o_wb_ack_read_q[I][J]	i_wb_cyc	o_wb_ack_read_q[1][10]$_SDFF_PP0_/D
268	0.0729	dqs_start_index_stored[I]	added_read_pipe[I]	dqs_start_index_stored[0]$_SDFFE_PP0P_/Q	added_read_pipe[1]$_SDFFCE_PN0P_/D
269	0.0748	lane[I]	lane_times_I[J]	lane[1]$_SDFFE_PP0P_/Q	lane_times_8[4]$_SDFF_PP0_/D
270	0.0781	delay_before_write_level_feedback[I]	pause_counter	delay_before_write_level_feedback[1]$_SDFF_PP0_/QN	pause_counter$_SDFFE_PP0P_/D
271	0.0792	delay_before_write_counter_q[I][J]	o_wb_stall_int_q	delay_before_write_counter_q[0][1]$_SDFF_PP0_/Q	o_wb_stall_int_q$_SDFF_PP1_/D
272	0.0802	state_calibrate[I]	dqs_start_index[I]	state_calibrate[4]$_SDFFE_PP0P_/Q	dqs_start_index[4]$_SDFFE_PP0P_/D
273	0.0817	lane_write_dq_late[I]	dqs_bitslip_arrangement[I]	lane_write_dq_late[0]$_SDFFE_PP0P_/Q	dqs_bitslip_arrangement[0]$_SDFFE_PP0P_/D
274	0.0833	delay_before_write_counter_q[I][J]	stageI_do_update_delay_before_write_after_act	delay_before_write_counter_q[7][1]$_SDFF_PP0_/Q	stage2_do_update_delay_before_write_after_act$_SDFF_PP0_/D
275	0.0833	check_test_address_counter[I]	reset_from_test	check_test_address_counter[1]$_SDFFE_PP0P_/Q	reset_from_test$_SDFF_PP0_/D
276	0.0854	lane_read_dq_early[I]	data_start_index[I][J]	lane_read_dq_early[5]$_SDFFE_PP0P_/Q	data_start_index[2][5]$_SDFFCE_PN0P_/D
277	0.0858	stageI_data_unaligned[J]	stageI_data[J][K]	stage2_data_unaligned[495]$_SDFFE_PP0P_/Q	stage2_data[0][495]$_SDFFE_PP0N_/D
278	0.0865	stageI_row[J]	stageI_do_pre	stage1_row[9]$_SDFFE_PP0P_/Q	stage2_do_pre$_SDFF_PP0_/D
279	0.0868	o_wb_stall_int_q	state_calibrate[I]	o_wb_stall_int_q$_SDFF_PP1_/Q	state_calibrate[1]$_SDFFE_PP0P_/D
280	0.0871	read_lane_data_shifted[I]	lane_write_dq_late[I]	read_lane_data_shifted[6]$_SDFF_PP0_/Q	lane_write_dq_late[0]$_SDFFE_PP0P_/D
281	0.0871	i_phy_idelayctrl_rdy	o_phy_write_leveling_calib	i_phy_idelayctrl_rdy	o_phy_write_leveling_calib$_SDFFE_PP0P_/D
282	0.0877	i_phy_idelayctrl_rdy	lane[I]	i_phy_idelayctrl_rdy	lane[2]$_SDFFE_PP0P_/D
283	0.0884	read_lane_data_shifted[I]	lane_read_dq_early[I]	read_lane_data_shifted[6]$_SDFF_PP0_/Q	lane_read_dq_early[7]$_SDFFE_PP0P_/D
284	0.0888	data_start_index[I][J]	unaligned_dm[I][J]	data_start_index[2][3]$_SDFFCE_PN0P_/Q	unaligned_dm[2][0]$_SDFF_PP0_/D
285	0.0892	instruction_address[I]	instruction[I]	instruction_address[1]$_SDFF_PP0_/Q	instruction[19]$_SDFFE_PP1P_/D
286	0.0902	stageI_do_act	shift_reg_read_pipe_q[I][J]	stage2_do_act$_SDFF_PP0_/Q	shift_reg_read_pipe_q[2][10]$_SDFF_PP0_/D
287	0.0950	stageI_bank[J]	stageI_do_act	stage1_bank[1]$_SDFFE_PP0P_/Q	stage2_do_act$_SDFF_PP0_/D
288	0.0950	stageI_bank[J]	stageI_do_update_delay_before_read_after_act	stage1_bank[2]$_SDFFE_PP0P_/Q	stage2_do_update_delay_before_read_after_act$_SDFF_PP0_/D
289	0.0960	delay_before_write_level_feedback[I]	lane[I]	delay_before_write_level_feedback[1]$_SDFF_PP0_/QN	lane[2]$_SDFFE_PP0P_/D
290	0.0978	delay_before_write_level_feedback[I]	o_phy_odelay_data_ld[I]	delay_before_write_level_feedback[1]$_SDFF_PP0_/QN	o_phy_odelay_data_ld[0]$_SDFF_PP0_/D
291	0.1007	data_start_index[I][J]	stageI_dm[J][K]	data_start_index[0][4]$_SDFFCE_PN0P_/Q	stage2_dm[1][56]$_SDFF_PP0_/D
292	0.1012	final_calibration_done	read_data_store[I]	final_calibration_done$_SDFFE_PP0P_/QN	read_data_store[431]$_SDFFE_PP0P_/D
293	0.1012	data_start_index[I][J]	stageI_dm[J][K]	data_start_index[0][4]$_SDFFCE_PN0P_/Q	stage2_dm[0][56]$_SDFFE_PP0N_/D
294	0.1014	stageI_bank[J]	stageI_do_update_delay_before_precharge_after_wr	stage1_bank[0]$_SDFFE_PP0P_/Q	stage2_do_update_delay_before_precharge_after_wr$_SDFF_PP0_/D
295	0.1017	write_pattern[I]	lane_write_dq_late[I]	write_pattern[0]$_SDFFE_PP0P_/Q	lane_write_dq_late[0]$_SDFFE_PP0P_/D
296	0.1019	delay_before_read_data[I]	dqs_start_index[I]	delay_before_read_data[1]$_SDFF_PP0_/QN	dqs_start_index[4]$_SDFFE_PP0P_/D
297	0.1020	state_calibrate[I]	start_index_check[I]	state_calibrate[4]$_SDFFE_PP0P_/Q	start_index_check[4]$_SDFFCE_PN0P_/D
298	0.1030	write_pattern[I]	lane_read_dq_early[I]	write_pattern[0]$_SDFFE_PP0P_/Q	lane_read_dq_early[7]$_SDFFE_PP0P_/D
299	0.1040	state_calibrate[I]	pause_counter	state_calibrate[4]$_SDFFE_PP0P_/Q	pause_counter$_SDFFE_PP0P_/D
300	0.1044	dqs_store[I]	initial_dqs	dqs_store[19]$_SDFFE_PP0P_/Q	initial_dqs$_SDFFE_PP1P_/D
301	0.1056	instruction_address[I]	calib_aux[I]	instruction_address[3]$_SDFF_PP0_/Q	calib_aux[1]$_SDFFE_PP0P_/D
302	0.1056	instruction_address[I]	calib_we	instruction_address[3]$_SDFF_PP0_/Q	calib_we$_SDFFE_PP0P_/D
303	0.1063	o_wb_ack_read_q[I][J]	read_data_store[I]	o_wb_ack_read_q[0][3]$_SDFF_PP0_/Q	read_data_store[431]$_SDFFE_PP0P_/D
304	0.1074	state_calibrate[I]	calib_aux[I]	state_calibrate[3]$_SDFFE_PP0P_/Q	calib_aux[1]$_SDFFE_PP0P_/D
305	0.1074	state_calibrate[I]	calib_we	state_calibrate[3]$_SDFFE_PP0P_/Q	calib_we$_SDFFE_PP0P_/D
306	0.1080	stageI_bank[J]	stageI_do_update_delay_before_precharge_after_rd	stage1_bank[1]$_SDFFE_PP0P_/Q	stage2_do_update_delay_before_precharge_after_rd$_SDFF_PP0_/D
307	0.1082	force_o_wb_stall_calib_high_q	state_calibrate[I]	force_o_wb_stall_calib_high_q$_SDFF_PP0_/Q	state_calibrate[1]$_SDFFE_PP0P_/D
308	0.1108	prep_done[I]	data_start_index[I][J]	prep_done[1]$_SDFF_PP0_/Q	data_start_index[2][5]$_SDFFCE_PN0P_/D
309	0.1110	delay_counter[I]	delay_counter[I]	delay_counter[1]$_SDFFE_PP0P_/Q	delay_counter[13]$_SDFFE_PP0P_/D
310	0.1111	i_phy_idelayctrl_rdy	o_phy_odelay_data_ld[I]	i_phy_idelayctrl_rdy	o_phy_odelay_data_ld[4]$_SDFF_PP0_/D
311	0.1111	stageI_do_update_delay_before_precharge_after_rd	stageI_do_pre	stage2_do_update_delay_before_precharge_after_rd$_SDFF_PP0_/Q	stage2_do_pre$_SDFF_PP0_/D
312	0.1115	i_phy_idelayctrl_rdy	o_phy_idelay_data_ld[I]	i_phy_idelayctrl_rdy	o_phy_idelay_data_ld[0]$_SDFF_PP0_/D
313	0.1117	check_test_address_counter[I]	check_test_address_counter[I]	check_test_address_counter[0]$_SDFFE_PP0P_/Q	check_test_address_counter[23]$_SDFFE_PP0P_/D
314	0.1118	write_pattern_matches	data_start_index[I][J]	write_pattern_matches$_SDFF_PP0_/Q	data_start_index[2][5]$_SDFFCE_PN0P_/D
315	0.1142	o_wb_stall_int_q	calib_data[I]	o_wb_stall_int_q$_SDFF_PP1_/Q	calib_data[485]$_SDFFE_PP0P_/D
316	0.1152	stageI_do_act	stageI_data_unaligned[J]	stage2_do_act$_SDFF_PP0_/Q	stage2_data_unaligned[340]$_SDFFE_PP0P_/D
317	0.1152	stageI_do_act	stageI_dm_unaligned[J]	stage2_do_act$_SDFF_PP0_/Q	stage2_dm_unaligned[29]$_SDFFE_PP0P_/D
318	0.1162	stageI_do_rd	stageI_pending	stage2_do_rd$_SDFF_PP0_/Q	stage1_pending$_SDFFE_PP0P_/D
319	0.1171	read_test_address_counter[I]	read_test_address_counter[I]	read_test_address_counter[4]$_SDFFE_PP0P_/Q	read_test_address_counter[23]$_SDFFE_PP0P_/D
320	0.1173	stageI_do_wr_or_rd	stageI_data_unaligned[J]	stage2_do_wr_or_rd$_SDFF_PP0_/Q	stage2_data_unaligned[340]$_SDFFE_PP0P_/D
321	0.1173	stageI_do_wr_or_rd	stageI_dm_unaligned[J]	stage2_do_wr_or_rd$_SDFF_PP0_/Q	stage2_dm_unaligned[29]$_SDFFE_PP0P_/D
322	0.1174	stageI_do_update_delay_before_precharge_after_wr	stageI_do_pre	stage2_do_update_delay_before_precharge_after_wr$_SDFF_PP0_/Q	stage2_do_pre$_SDFF_PP0_/D
323	0.1195	stageI_do_rd	stageI_data_unaligned[J]	stage2_do_rd$_SDFF_PP0_/Q	stage2_data_unaligned[340]$_SDFFE_PP0P_/D
324	0.1195	stageI_do_rd	stageI_dm_unaligned[J]	stage2_do_rd$_SDFF_PP0_/Q	stage2_dm_unaligned[29]$_SDFFE_PP0P_/D
325	0.1196	sync_rst_controller	data_start_index[I][J]	sync_rst_controller$_DFF_P_/Q	data_start_index[2][5]$_SDFFCE_PN0P_/D
326	0.1203	state_calibrate[I]	write_by_byte_counter[I]	state_calibrate[4]$_SDFFE_PP0P_/QN	write_by_byte_counter[5]$_SDFFE_PP0P_/D
327	0.1204	stageI_do_wr_or_rd	stageI_pending	stage2_do_wr_or_rd$_SDFF_PP0_/Q	stage1_pending$_SDFFE_PP0P_/D
328	0.1218	i_wb_cyc	shift_reg_read_pipe_q[I][J]	i_wb_cyc	shift_reg_read_pipe_q[4][10]$_SDFF_PP0_/D
329	0.1230	index_wb_data	read_data_store[I]	index_wb_data$_SDFFE_PP0P_/Q	read_data_store[213]$_SDFFE_PP0P_/D
330	0.1235	write_test_address_counter[I]	state_calibrate[I]	write_test_address_counter[2]$_SDFFE_PP0P_/QN	state_calibrate[1]$_SDFFE_PP0P_/D
331	0.1240	stageI_do_rd	stageI_aux[J]	stage2_do_rd$_SDFF_PP0_/Q	stage2_aux[0]$_SDFFE_PP0P_/D
332	0.1240	stageI_do_rd	stageI_col[J]	stage2_do_rd$_SDFF_PP0_/Q	stage2_col[8]$_SDFFE_PP0P_/D
333	0.1241	stageI_do_wr_or_rd	stageI_aux[J]	stage2_do_wr_or_rd$_SDFF_PP0_/Q	stage2_aux[0]$_SDFFE_PP0P_/D
334	0.1241	stageI_do_wr_or_rd	stageI_col[J]	stage2_do_wr_or_rd$_SDFF_PP0_/Q	stage2_col[8]$_SDFFE_PP0P_/D
335	0.1241	delay_before_read_data[I]	o_phy_cmd[I]	delay_before_read_data[1]$_SDFF_PP0_/QN	o_phy_cmd[71]
336	0.1245	stageI_do_act	stageI_aux[J]	stage2_do_act$_SDFF_PP0_/Q	stage2_aux[0]$_SDFFE_PP0P_/D
337	0.1251	stageI_do_act	stageI_col[J]	stage2_do_act$_SDFF_PP0_/Q	stage2_col[3]$_SDFFE_PP0P_/D
338	0.1253	stageI_do_wr	stageI_pending	stage2_do_wr$_SDFF_PP0_/Q	stage1_pending$_SDFFE_PP0P_/D
339	0.1271	idelay_dqs_cntvaluein[I][J]	dqs_target_index[I]	idelay_dqs_cntvaluein[2][0]$_SDFFCE_PN0P_/Q	dqs_target_index[1]$_SDFFE_PP0P_/D
340	0.1275	state_calibrate[I]	dqs_store[I]	state_calibrate[0]$_SDFFE_PP0P_/QN	dqs_store[33]$_SDFFE_PP0P_/D
341	0.1279	write_pattern[I]	write_pattern_lane[I]	write_pattern[0]$_SDFFE_PP0P_/Q	write_pattern_lane[17]$_SDFF_PP0_/D
342	0.1288	read_lane_data_shifted[I]	dq_target_index[I]	read_lane_data_shifted[6]$_SDFF_PP0_/Q	dq_target_index[1]$_SDFF_PP0_/D
343	0.1289	dqs_target_index[I]	added_read_pipe[I]	dqs_target_index[0]$_SDFFE_PP0P_/Q	added_read_pipe[1]$_SDFFCE_PN0P_/D
344	0.1290	state_calibrate[I]	o_phy_bitslip[I]	state_calibrate[4]$_SDFFE_PP0P_/Q	o_phy_bitslip[7]$_SDFF_PP0_/D
345	0.1293	write_by_byte_counter[I]	state_calibrate[I]	write_by_byte_counter[3]$_SDFFE_PP0P_/QN	state_calibrate[1]$_SDFFE_PP0P_/D
346	0.1300	instruction_address[I]	precharge_all_instruction	instruction_address[1]$_SDFF_PP0_/Q	precharge_all_instruction$_SDFF_PP0_/D
347	0.1304	stageI_do_wr	stageI_data_unaligned[J]	stage2_do_wr$_SDFF_PP0_/Q	stage2_data_unaligned[340]$_SDFFE_PP0P_/D
348	0.1304	stageI_do_wr	stageI_dm_unaligned[J]	stage2_do_wr$_SDFF_PP0_/Q	stage2_dm_unaligned[29]$_SDFFE_PP0P_/D
349	0.1304	stageI_bank[J]	stageI_do_wr	stage1_bank[2]$_SDFFE_PP0P_/Q	stage2_do_wr$_SDFF_PP0_/D
350	0.1331	stageI_do_wr	stageI_aux[J]	stage2_do_wr$_SDFF_PP0_/Q	stage2_aux[0]$_SDFFE_PP0P_/D
351	0.1331	stageI_do_wr	stageI_col[J]	stage2_do_wr$_SDFF_PP0_/Q	stage2_col[8]$_SDFFE_PP0P_/D
352	0.1332	write_test_address_counter[I]	write_test_address_counter[I]	write_test_address_counter[0]$_SDFFE_PP0P_/Q	write_test_address_counter[21]$_SDFFE_PP0P_/D
353	0.1334	o_wb_stall_int_q	stageI_data[J]	o_wb_stall_int_q$_SDFF_PP1_/Q	stage1_data[472]$_SDFFE_PP0P_/D
354	0.1355	state_calibrate[I]	lane_read_dq_early[I]	state_calibrate[4]$_SDFFE_PP0P_/Q	lane_read_dq_early[7]$_SDFFE_PP0P_/D
355	0.1356	state_calibrate[I]	read_data_store[I]	state_calibrate[4]$_SDFFE_PP0P_/Q	read_data_store[431]$_SDFFE_PP0P_/D
356	0.1356	force_o_wb_stall_calib_high_q	calib_data[I]	force_o_wb_stall_calib_high_q$_SDFF_PP0_/Q	calib_data[485]$_SDFFE_PP0P_/D
357	0.1361	state_calibrate[I]	dqs_count_repeat[I]	state_calibrate[0]$_SDFFE_PP0P_/QN	dqs_count_repeat[0]$_SDFFE_PP0P_/D
358	0.1381	idelay_data_cntvaluein[I][J]	o_phy_idelay_data_cntvaluein[I]	idelay_data_cntvaluein[2][0]$_SDFFCE_PN0P_/Q	o_phy_idelay_data_cntvaluein[0]
359	0.1382	write_test_address_counter[I]	calib_data[I]	write_test_address_counter[0]$_SDFFE_PP0P_/Q	calib_data[208]$_SDFFE_PP0P_/D
360	0.1385	state_calibrate[I]	dqs_start_index_stored[I]	state_calibrate[0]$_SDFFE_PP0P_/QN	dqs_start_index_stored[0]$_SDFFE_PP0P_/D
361	0.1406	idelay_dqs_cntvaluein[I][J]	o_phy_idelay_dqs_cntvaluein[I]	idelay_dqs_cntvaluein[2][0]$_SDFFCE_PN0P_/Q	o_phy_idelay_dqs_cntvaluein[0]
362	0.1409	delay_before_precharge_counter_q[I][J]	stageI_do_pre	delay_before_precharge_counter_q[5][0]$_SDFF_PP0_/QN	stage2_do_pre$_SDFF_PP0_/D
363	0.1416	i_phy_idelayctrl_rdy	write_calib_odt	i_phy_idelayctrl_rdy	write_calib_odt$_SDFFE_PP0P_/D
364	0.1421	instruction_address[I]	pause_counter	instruction_address[2]$_SDFF_PP0_/Q	pause_counter$_SDFFE_PP0P_/D
365	0.1423	stageI_do_pre	stageI_data_unaligned[J]	stage2_do_pre$_SDFF_PP0_/Q	stage2_data_unaligned[340]$_SDFFE_PP0P_/D
366	0.1423	stageI_do_pre	stageI_dm_unaligned[J]	stage2_do_pre$_SDFF_PP0_/Q	stage2_dm_unaligned[29]$_SDFFE_PP0P_/D
367	0.1428	stageI_pending	delay_before_precharge_counter_q[I][J]	stage2_pending$_SDFFE_PP0P_/Q	delay_before_precharge_counter_q[2][2]$_SDFF_PP0_/D
368	0.1434	write_pattern[I]	dq_target_index[I]	write_pattern[0]$_SDFFE_PP0P_/Q	dq_target_index[1]$_SDFF_PP0_/D
369	0.1434	odelay_data_cntvaluein[I][J]	o_phy_odelay_data_cntvaluein[I]	odelay_data_cntvaluein[2][0]$_SDFFCE_PN0P_/Q	o_phy_odelay_data_cntvaluein[0]
370	0.1435	odelay_dqs_cntvaluein[I][J]	o_phy_odelay_dqs_cntvaluein[I]	odelay_dqs_cntvaluein[2][0]$_SDFFCE_PN0P_/Q	o_phy_odelay_dqs_cntvaluein[0]
371	0.1439	state_calibrate[I]	sample_clk_repeat[I]	state_calibrate[4]$_SDFFE_PP0P_/Q	sample_clk_repeat[3]$_SDFFCE_PP0P_/D
372	0.1455	dqs_count_repeat[I]	state_calibrate[I]	dqs_count_repeat[0]$_SDFFE_PP0P_/QN	state_calibrate[1]$_SDFFE_PP0P_/D
373	0.1456	stageI_do_act	stageI_pending	stage2_do_act$_SDFF_PP0_/Q	stage2_pending$_SDFFE_PP0P_/D
374	0.1456	o_wb_stall_int_q	stageI_next_bank[J]	o_wb_stall_int_q$_SDFF_PP1_/Q	stage1_next_bank[0]$_SDFFE_PP0P_/D
375	0.1465	stageI_data_unaligned[J]	stageI_data[J][K]	stage2_data_unaligned[471]$_SDFFE_PP0P_/Q	stage2_data[1][471]$_SDFF_PP0_/D
376	0.1466	o_wb_stall_int_q	stageI_next_row[J]	o_wb_stall_int_q$_SDFF_PP1_/Q	stage1_next_row[7]$_SDFFE_PP0P_/D
377	0.1466	stageI_bank[J]	stageI_do_update_delay_before_write_after_act	stage1_bank[2]$_SDFFE_PP0P_/Q	stage2_do_update_delay_before_write_after_act$_SDFF_PP0_/D
378	0.1484	stageI_do_act	bank_status_q[I]	stage2_do_act$_SDFF_PP0_/Q	bank_status_q[6]$_SDFF_PP0_/D
379	0.1512	delay_before_write_level_feedback[I]	o_phy_write_leveling_calib	delay_before_write_level_feedback[1]$_SDFF_PP0_/QN	o_phy_write_leveling_calib$_SDFFE_PP0P_/D
380	0.1516	stageI_do_pre	stageI_aux[J]	stage2_do_pre$_SDFF_PP0_/Q	stage2_aux[0]$_SDFFE_PP0P_/D
381	0.1519	stageI_pending	bank_status_q[I]	stage2_pending$_SDFFE_PP0P_/Q	bank_status_q[6]$_SDFF_PP0_/D
382	0.1520	delay_counter[I]	precharge_all_instruction	delay_counter[0]$_SDFFE_PP1P_/Q	precharge_all_instruction$_SDFF_PP0_/D
383	0.1521	state_calibrate[I]	o_phy_write_leveling_calib	state_calibrate[4]$_SDFFE_PP0P_/Q	o_phy_write_leveling_calib$_SDFFE_PP0P_/D
384	0.1522	stageI_do_pre	stageI_col[J]	stage2_do_pre$_SDFF_PP0_/Q	stage2_col[3]$_SDFFE_PP0P_/D
385	0.1542	state_calibrate[I]	dq_target_index[I]	state_calibrate[4]$_SDFFE_PP0P_/Q	dq_target_index[1]$_SDFF_PP0_/D
386	0.1543	stageI_row[J]	o_phy_cmd[I]	stage2_row[9]$_SDFF_PP0_/Q	o_phy_cmd[33]
387	0.1543	o_wb_stall_int_q	stageI_aux[J]	o_wb_stall_int_q$_SDFF_PP1_/Q	stage1_aux[10]$_SDFFE_PP0P_/D
388	0.1545	sample_clk_repeat[I]	pause_counter	sample_clk_repeat[0]$_SDFFCE_PP0P_/Q	pause_counter$_SDFFE_PP0P_/D
389	0.1546	stageI_pending	stageI_data_unaligned[J]	stage2_pending$_SDFFE_PP0P_/Q	stage2_data_unaligned[340]$_SDFFE_PP0P_/D
390	0.1546	stageI_pending	stageI_dm_unaligned[J]	stage2_pending$_SDFFE_PP0P_/Q	stage2_dm_unaligned[29]$_SDFFE_PP0P_/D
391	0.1567	delay_before_write_counter_q[I][J]	delay_before_write_counter_q[I][J]	delay_before_write_counter_q[7][1]$_SDFF_PP0_/Q	delay_before_write_counter_q[4][0]$_SDFF_PP0_/D
392	0.1574	stageI_row[J]	o_wb_stall_int_q	stage1_row[0]$_SDFFE_PP0P_/Q	o_wb_stall_int_q$_SDFF_PP1_/D
393	0.1576	lane[I]	pause_counter	lane[1]$_SDFFE_PP0P_/Q	pause_counter$_SDFFE_PP0P_/D
394	0.1577	force_o_wb_stall_high_q	stageI_data[J]	force_o_wb_stall_high_q$_SDFF_PP0_/Q	stage1_data[472]$_SDFFE_PP0P_/D
395	0.1578	i_phy_iserdes_dqs[I]	dqs_store[I]	i_phy_iserdes_dqs[24]	dqs_store[32]$_SDFFE_PP0P_/D
396	0.1582	prep_done[I]	added_read_pipe[I]	prep_done[1]$_SDFF_PP0_/Q	added_read_pipe[1]$_SDFFCE_PN0P_/D
397	0.1589	delay_counter[I]	instruction[I]	delay_counter[0]$_SDFFE_PP1P_/Q	instruction[19]$_SDFFE_PP1P_/D
398	0.1592	final_calibration_done	write_pattern[I]	final_calibration_done$_SDFFE_PP0P_/QN	write_pattern[0]$_SDFFE_PP0P_/D
399	0.1597	i_phy_iserdes_data[I]	stored_write_level_feedback	i_phy_iserdes_data[56]	stored_write_level_feedback$_SDFFCE_PN0P_/D
400	0.1600	state_calibrate[I]	o_phy_odelay_data_ld[I]	state_calibrate[4]$_SDFFE_PP0P_/Q	o_phy_odelay_data_ld[0]$_SDFF_PP0_/D
401	0.1601	state_calibrate[I]	o_phy_idelay_data_ld[I]	state_calibrate[4]$_SDFFE_PP0P_/Q	o_phy_idelay_data_ld[7]$_SDFF_PP0_/D
402	0.1602	state_calibrate[I]	delay_before_read_data[I]	state_calibrate[4]$_SDFFE_PP0P_/Q	delay_before_read_data[3]$_SDFF_PP0_/D
403	0.1607	stageI_do_update_delay_before_precharge_after_rd	stageI_do_update_delay_before_precharge_after_wr	stage2_do_update_delay_before_precharge_after_rd$_SDFF_PP0_/Q	stage2_do_update_delay_before_precharge_after_wr$_SDFF_PP0_/D
404	0.1607	instruction_address[I]	write_calib_odt	instruction_address[2]$_SDFF_PP0_/Q	write_calib_odt$_SDFFE_PP0P_/D
405	0.1608	o_wb_stall_int_q	calib_addr[I]	o_wb_stall_int_q$_SDFF_PP1_/Q	calib_addr[10]$_SDFFE_PP0P_/D
406	0.1612	i_phy_idelayctrl_rdy	write_calib_dqs	i_phy_idelayctrl_rdy	write_calib_dqs$_SDFFE_PP0P_/D
407	0.1621	o_phy_idelay_data_ld[I]	idelay_data_cntvaluein[I][J]	o_phy_idelay_data_ld[3]$_SDFF_PP0_/Q	idelay_data_cntvaluein[1][4]$_SDFFCE_PN0P_/D
408	0.1628	stageI_pending	bank_active_row_q[I][J]	stage2_pending$_SDFFE_PP0P_/Q	bank_active_row_q[0][3]$_SDFF_PP0_/D
409	0.1631	i_phy_idelayctrl_rdy	final_calibration_done	i_phy_idelayctrl_rdy	final_calibration_done$_SDFFE_PP0P_/D
410	0.1632	state_calibrate[I]	write_calib_odt	state_calibrate[4]$_SDFFE_PP0P_/Q	write_calib_odt$_SDFFE_PP0P_/D
411	0.1633	start_index_check[I]	data_start_index[I][J]	start_index_check[4]$_SDFFCE_PN0P_/Q	data_start_index[2][5]$_SDFFCE_PN0P_/D
412	0.1633	stageI_bank[J]	bank_active_row_q[I][J]	stage2_bank[2]$_SDFF_PP0_/Q	bank_active_row_q[0][3]$_SDFF_PP0_/D
413	0.1636	stageI_next_bank[J]	bank_active_row_q[I][J]	stage1_next_bank[0]$_SDFFE_PP0P_/Q	bank_active_row_q[0][3]$_SDFF_PP0_/D
414	0.1638	state_calibrate[I]	lane[I]	state_calibrate[4]$_SDFFE_PP0P_/Q	lane[2]$_SDFFE_PP0P_/D
415	0.1639	stageI_pending	stageI_aux[J]	stage2_pending$_SDFFE_PP0P_/Q	stage2_aux[0]$_SDFFE_PP0P_/D
416	0.1643	o_wb_ack_read_q[I][J]	write_pattern[I]	o_wb_ack_read_q[0][3]$_SDFF_PP0_/Q	write_pattern[0]$_SDFFE_PP0P_/D
417	0.1644	stageI_pending	stageI_col[J]	stage2_pending$_SDFFE_PP0P_/Q	stage2_col[3]$_SDFFE_PP0P_/D
418	0.1663	stageI_do_pre	delay_before_precharge_counter_q[I][J]	stage2_do_pre$_SDFF_PP0_/Q	delay_before_precharge_counter_q[1][0]$_SDFF_PP0_/D
419	0.1670	stageI_do_update_delay_before_precharge_after_wr	stageI_do_update_delay_before_precharge_after_wr	stage2_do_update_delay_before_precharge_after_wr$_SDFF_PP0_/Q	stage2_do_update_delay_before_precharge_after_wr$_SDFF_PP0_/D
420	0.1678	delay_before_write_level_feedback[I]	sample_clk_repeat[I]	delay_before_write_level_feedback[1]$_SDFF_PP0_/QN	sample_clk_repeat[3]$_SDFFCE_PP0P_/D
421	0.1690	stageI_next_bank[J]	delay_before_precharge_counter_q[I][J]	stage1_next_bank[0]$_SDFFE_PP0P_/Q	delay_before_precharge_counter_q[1][0]$_SDFF_PP0_/D
422	0.1692	stageI_do_pre	bank_active_row_q[I][J]	stage2_do_pre$_SDFF_PP0_/Q	bank_active_row_q[0][3]$_SDFF_PP0_/D
423	0.1700	force_o_wb_stall_high_q	stageI_next_bank[J]	force_o_wb_stall_high_q$_SDFF_PP0_/Q	stage1_next_bank[0]$_SDFFE_PP0P_/D
424	0.1701	added_read_pipe_max	o_wb_data_q[I][J]	added_read_pipe_max$_SDFFE_PP0P_/Q	o_wb_data_q[0][100]$_SDFFE_PP0P_/D
425	0.1702	stageI_do_pre	bank_status_q[I]	stage2_do_pre$_SDFF_PP0_/Q	bank_status_q[6]$_SDFF_PP0_/D
426	0.1702	stageI_do_wr_or_rd	stageI_we	stage2_do_wr_or_rd$_SDFF_PP0_/Q	stage2_we$_SDFF_PP0_/D
427	0.1708	train_delay[I]	state_calibrate[I]	train_delay[1]$_SDFF_PP0_/QN	state_calibrate[1]$_SDFFE_PP0P_/D
428	0.1709	force_o_wb_stall_high_q	stageI_next_row[J]	force_o_wb_stall_high_q$_SDFF_PP0_/Q	stage1_next_row[7]$_SDFFE_PP0P_/D
429	0.1723	sample_clk_repeat[I]	lane[I]	sample_clk_repeat[0]$_SDFFCE_PP0P_/Q	lane[2]$_SDFFE_PP0P_/D
430	0.1723	stageI_do_act	bank_active_row_q[I][J]	stage2_do_act$_SDFF_PP0_/Q	bank_active_row_q[2][0]$_SDFF_PP0_/D
431	0.1727	stageI_do_pre	stageI_pending	stage2_do_pre$_SDFF_PP0_/Q	stage2_pending$_SDFFE_PP0P_/D
432	0.1732	i_wb_cyc	o_wb_stall_int_q	i_wb_cyc	o_wb_stall_int_q$_SDFF_PP1_/D
433	0.1735	data_start_index[I][J]	late_dq[I]	data_start_index[5][4]$_SDFFCE_PN0P_/Q	late_dq[5]$_DFF_P_/D
434	0.1735	stageI_do_rd	stageI_we	stage2_do_rd$_SDFF_PP0_/Q	stage2_we$_SDFF_PP0_/D
435	0.1741	sample_clk_repeat[I]	o_phy_odelay_data_ld[I]	sample_clk_repeat[0]$_SDFFCE_PP0P_/Q	o_phy_odelay_data_ld[0]$_SDFF_PP0_/D
436	0.1744	o_wb_stall_int_q	stageI_pending	o_wb_stall_int_q$_SDFF_PP1_/Q	stage1_pending$_SDFFE_PP0P_/D
437	0.1754	stageI_do_wr_or_rd	delay_before_precharge_counter_q[I][J]	stage2_do_wr_or_rd$_SDFF_PP0_/Q	delay_before_precharge_counter_q[2][2]$_SDFF_PP0_/D
438	0.1758	stageI_bank[J]	delay_before_precharge_counter_q[I][J]	stage2_bank[2]$_SDFF_PP0_/Q	delay_before_precharge_counter_q[1][0]$_SDFF_PP0_/D
439	0.1763	instruction_address[I]	instruction_address[I]	instruction_address[1]$_SDFF_PP0_/Q	instruction_address[0]$_SDFF_PP0_/D
440	0.1768	idelay_data_cntvaluein[I][J]	idelay_data_cntvaluein[I][J]	idelay_data_cntvaluein[2][1]$_SDFFCE_PN0P_/Q	idelay_data_cntvaluein[1][1]$_SDFFCE_PN0P_/D
441	0.1774	stageI_do_wr	delay_before_precharge_counter_q[I][J]	stage2_do_wr$_SDFF_PP0_/Q	delay_before_precharge_counter_q[2][2]$_SDFF_PP0_/D
442	0.1786	state_calibrate[I]	write_calib_dqs	state_calibrate[4]$_SDFFE_PP0P_/Q	write_calib_dqs$_SDFFE_PP0P_/D
443	0.1787	force_o_wb_stall_high_q	stageI_aux[J]	force_o_wb_stall_high_q$_SDFF_PP0_/Q	stage1_aux[10]$_SDFFE_PP0P_/D
444	0.1789	state_calibrate[I]	stored_write_level_feedback	state_calibrate[4]$_SDFFE_PP0P_/Q	stored_write_level_feedback$_SDFFCE_PN0P_/D
445	0.1789	o_wb_stall_int_q	stageI_bank[J]	o_wb_stall_int_q$_SDFF_PP1_/Q	stage1_bank[0]$_SDFFE_PP0P_/D
446	0.1789	o_wb_stall_int_q	stageI_col[J]	o_wb_stall_int_q$_SDFF_PP1_/Q	stage1_col[3]$_SDFFE_PP0P_/D
447	0.1789	o_wb_stall_int_q	stageI_dm[J]	o_wb_stall_int_q$_SDFF_PP1_/Q	stage1_dm[0]$_SDFFE_PP0P_/D
448	0.1789	o_wb_stall_int_q	stageI_row[J]	o_wb_stall_int_q$_SDFF_PP1_/Q	stage1_row[10]$_SDFFE_PP0P_/D
449	0.1798	o_wb_stall_int_q	stageI_we	o_wb_stall_int_q$_SDFF_PP1_/Q	stage1_we$_SDFFE_PP0P_/D
450	0.1801	stageI_do_rd	stageI_bank[J]	stage2_do_rd$_SDFF_PP0_/Q	stage2_bank[2]$_SDFF_PP0_/D
451	0.1803	instruction_address[I]	write_calib_dqs	instruction_address[2]$_SDFF_PP0_/Q	write_calib_dqs$_SDFFE_PP0P_/D
452	0.1806	reset_done	stageI_data[J]	reset_done$_SDFFE_PP0P_/Q	stage1_data[472]$_SDFFE_PP0P_/D
453	0.1809	dqs_start_index_stored[I]	dqs_bitslip_arrangement[I]	dqs_start_index_stored[0]$_SDFFE_PP0P_/Q	dqs_bitslip_arrangement[0]$_SDFFE_PP0P_/D
454	0.1812	lane_read_dq_early[I]	state_calibrate[I]	lane_read_dq_early[3]$_SDFFE_PP0P_/Q	state_calibrate[1]$_SDFFE_PP0P_/D
455	0.1822	instruction_address[I]	o_phy_write_leveling_calib	instruction_address[3]$_SDFF_PP0_/QN	o_phy_write_leveling_calib$_SDFFE_PP0P_/D
456	0.1822	force_o_wb_stall_calib_high_q	calib_addr[I]	force_o_wb_stall_calib_high_q$_SDFF_PP0_/Q	calib_addr[10]$_SDFFE_PP0P_/D
457	0.1823	state_calibrate[I]	calib_stb	state_calibrate[3]$_SDFFE_PP0P_/Q	calib_stb$_SDFFE_PP0P_/D
458	0.1826	stageI_do_wr	stageI_we	stage2_do_wr$_SDFF_PP0_/Q	stage2_we$_SDFF_PP0_/D
459	0.1827	instruction_address[I]	lane[I]	instruction_address[3]$_SDFF_PP0_/QN	lane[2]$_SDFFE_PP0P_/D
460	0.1827	late_dq[I]	stageI_data[J][K]	late_dq[0]$_DFF_P_/Q	stage2_data[0][320]$_SDFFE_PP0N_/D
461	0.1839	stageI_do_act	delay_before_precharge_counter_q[I][J]	stage2_do_act$_SDFF_PP0_/Q	delay_before_precharge_counter_q[1][0]$_SDFF_PP0_/D
462	0.1843	odelay_dqs_cntvaluein[I][J]	odelay_dqs_cntvaluein[I][J]	odelay_dqs_cntvaluein[2][1]$_SDFFCE_PN0P_/Q	odelay_dqs_cntvaluein[5][1]$_SDFFCE_PN0P_/D
463	0.1843	odelay_data_cntvaluein[I][J]	odelay_data_cntvaluein[I][J]	odelay_data_cntvaluein[2][1]$_SDFFCE_PN0P_/Q	odelay_data_cntvaluein[1][1]$_SDFFCE_PN0P_/D
464	0.1850	stageI_pending	stageI_pending	stage2_pending$_SDFFE_PP0P_/Q	stage2_pending$_SDFFE_PP0P_/D
465	0.1855	stageI_do_update_delay_before_precharge_after_rd	stageI_do_update_delay_before_precharge_after_rd	stage2_do_update_delay_before_precharge_after_rd$_SDFF_PP0_/Q	stage2_do_update_delay_before_precharge_after_rd$_SDFF_PP0_/D
466	0.1855	o_phy_odelay_data_ld[I]	odelay_data_cntvaluein[I][J]	o_phy_odelay_data_ld[3]$_SDFF_PP0_/Q	odelay_data_cntvaluein[6][4]$_SDFFCE_PN0P_/D
467	0.1863	stageI_do_act	stageI_bank[J]	stage2_do_act$_SDFF_PP0_/Q	stage2_bank[2]$_SDFF_PP0_/D
468	0.1872	final_calibration_done	calib_stb	final_calibration_done$_SDFFE_PP0P_/QN	calib_stb$_SDFFE_PP0P_/D
469	0.1879	state_calibrate[I]	lane_write_dq_late[I]	state_calibrate[4]$_SDFFE_PP0P_/Q	lane_write_dq_late[0]$_SDFFE_PP0P_/D
470	0.1885	stageI_do_wr_or_rd	stageI_bank[J]	stage2_do_wr_or_rd$_SDFF_PP0_/Q	stage2_bank[2]$_SDFF_PP0_/D
471	0.1886	lane_times_I[J]	sample_clk_repeat[I]	lane_times_8[4]$_SDFF_PP0_/Q	sample_clk_repeat[3]$_SDFFCE_PP0P_/D
472	0.1890	state_calibrate[I]	write_pattern[I]	state_calibrate[4]$_SDFFE_PP0P_/Q	write_pattern[0]$_SDFFE_PP0P_/D
473	0.1893	stageI_do_wr	stageI_bank[J]	stage2_do_wr$_SDFF_PP0_/Q	stage2_bank[2]$_SDFF_PP0_/D
474	0.1893	o_phy_idelay_data_ld[I]	idelay_dqs_cntvaluein[I][J]	o_phy_idelay_data_ld[3]$_SDFF_PP0_/Q	idelay_dqs_cntvaluein[3][4]$_SDFFCE_PN0P_/D
475	0.1899	stageI_pending	stageI_bank[J]	stage2_pending$_SDFFE_PP0P_/Q	stage2_bank[2]$_SDFF_PP0_/D
476	0.1904	idelay_dqs_cntvaluein[I][J]	idelay_dqs_cntvaluein[I][J]	idelay_dqs_cntvaluein[2][1]$_SDFFCE_PN0P_/Q	idelay_dqs_cntvaluein[0][2]$_SDFFCE_PN0P_/D
477	0.1905	delay_before_precharge_counter_q[I][J]	stageI_do_update_delay_before_precharge_after_wr	delay_before_precharge_counter_q[5][0]$_SDFF_PP0_/QN	stage2_do_update_delay_before_precharge_after_wr$_SDFF_PP0_/D
478	0.1919	stageI_bank[J]	bank_status_q[I]	stage2_bank[2]$_SDFF_PP0_/Q	bank_status_q[1]$_SDFF_PP0_/D
479	0.1922	stageI_next_bank[J]	bank_status_q[I]	stage1_next_bank[0]$_SDFFE_PP0P_/Q	bank_status_q[1]$_SDFF_PP0_/D
480	0.1923	o_wb_ack_read_q[I][J]	calib_stb	o_wb_ack_read_q[0][3]$_SDFF_PP0_/Q	calib_stb$_SDFFE_PP0P_/D
481	0.1929	reset_done	stageI_next_bank[J]	reset_done$_SDFFE_PP0P_/Q	stage1_next_bank[0]$_SDFFE_PP0P_/D
482	0.1929	read_lane_data_shifted[I]	dq_target_index[I]	read_lane_data_shifted[6]$_SDFF_PP0_/Q	dq_target_index[0]$_SDFFE_PP0P_/D
483	0.1938	reset_done	stageI_next_row[J]	reset_done$_SDFFE_PP0P_/Q	stage1_next_row[7]$_SDFFE_PP0P_/D
484	0.1942	index_wb_data	index_wb_data	index_wb_data$_SDFFE_PP0P_/Q	index_wb_data$_SDFFE_PP0P_/D
485	0.1968	stageI_do_wr_or_rd	stageI_row[J]	stage2_do_wr_or_rd$_SDFF_PP0_/Q	stage2_row[2]$_SDFF_PP0_/D
486	0.1974	late_dq[I]	unaligned_data[I][J]	late_dq[0]$_DFF_P_/Q	unaligned_data[0][10]$_SDFF_PP0_/D
487	0.1975	stageI_do_update_delay_before_precharge_after_wr	stageI_do_update_delay_before_precharge_after_rd	stage2_do_update_delay_before_precharge_after_wr$_SDFF_PP0_/Q	stage2_do_update_delay_before_precharge_after_rd$_SDFF_PP0_/D
488	0.1988	force_o_wb_stall_high_q	stageI_pending	force_o_wb_stall_high_q$_SDFF_PP0_/Q	stage1_pending$_SDFFE_PP0P_/D
489	0.1989	state_calibrate[I]	added_read_pipe_max	state_calibrate[4]$_SDFFE_PP0P_/Q	added_read_pipe_max$_SDFFE_PP0P_/D
490	0.1989	delay_before_write_level_feedback[I]	write_calib_odt	delay_before_write_level_feedback[1]$_SDFF_PP0_/QN	write_calib_odt$_SDFFE_PP0P_/D
491	0.1995	dq_target_index[I]	added_read_pipe[I]	dq_target_index[1]$_SDFF_PP0_/Q	added_read_pipe[1]$_SDFFCE_PN0P_/D
492	0.2001	stageI_do_rd	stageI_row[J]	stage2_do_rd$_SDFF_PP0_/Q	stage2_row[2]$_SDFF_PP0_/D
493	0.2008	stageI_next_row[J]	o_phy_cmd[I]	stage1_next_row[2]$_SDFFE_PP0P_/Q	o_phy_cmd[26]
494	0.2015	reset_done	stageI_aux[J]	reset_done$_SDFFE_PP0P_/Q	stage1_aux[10]$_SDFFE_PP0P_/D
495	0.2023	stageI_do_act	stageI_row[J]	stage2_do_act$_SDFF_PP0_/Q	stage2_row[2]$_SDFF_PP0_/D
496	0.2024	delay_before_read_data[I]	dqs_start_index_stored[I]	delay_before_read_data[1]$_SDFF_PP0_/QN	dqs_start_index_stored[0]$_SDFFE_PP0P_/D
497	0.2026	stageI_do_act	stageI_we	stage2_do_act$_SDFF_PP0_/Q	stage2_we$_SDFF_PP0_/D
498	0.2027	dqs_start_index_stored[I]	dq_target_index[I]	dqs_start_index_stored[0]$_SDFFE_PP0P_/Q	dq_target_index[5]$_SDFF_PP0_/D
499	0.2028	delay_before_write_level_feedback[I]	stored_write_level_feedback	delay_before_write_level_feedback[1]$_SDFF_PP0_/QN	stored_write_level_feedback$_SDFFCE_PN0P_/D
500	0.2033	force_o_wb_stall_high_q	stageI_bank[J]	force_o_wb_stall_high_q$_SDFF_PP0_/Q	stage1_bank[0]$_SDFFE_PP0P_/D
501	0.2033	force_o_wb_stall_high_q	stageI_col[J]	force_o_wb_stall_high_q$_SDFF_PP0_/Q	stage1_col[3]$_SDFFE_PP0P_/D
502	0.2033	force_o_wb_stall_high_q	stageI_dm[J]	force_o_wb_stall_high_q$_SDFF_PP0_/Q	stage1_dm[0]$_SDFFE_PP0P_/D
503	0.2033	force_o_wb_stall_high_q	stageI_row[J]	force_o_wb_stall_high_q$_SDFF_PP0_/Q	stage1_row[10]$_SDFFE_PP0P_/D
504	0.2041	force_o_wb_stall_high_q	stageI_we	force_o_wb_stall_high_q$_SDFF_PP0_/Q	stage1_we$_SDFFE_PP0P_/D
505	0.2041	instruction_address[I]	delay_counter_is_zero	instruction_address[1]$_SDFF_PP0_/Q	delay_counter_is_zero$_SDFF_PP0_/D
506	0.2042	prep_done[I]	dqs_bitslip_arrangement[I]	prep_done[1]$_SDFF_PP0_/Q	dqs_bitslip_arrangement[0]$_SDFFE_PP0P_/D
507	0.2061	instruction_address[I]	o_phy_odelay_data_ld[I]	instruction_address[3]$_SDFF_PP0_/QN	o_phy_odelay_data_ld[4]$_SDFF_PP0_/D
508	0.2065	instruction_address[I]	o_phy_idelay_data_ld[I]	instruction_address[3]$_SDFF_PP0_/QN	o_phy_idelay_data_ld[0]$_SDFF_PP0_/D
509	0.2068	late_dq[I]	stageI_dm[J][K]	late_dq[0]$_DFF_P_/Q	stage2_dm[1][16]$_SDFF_PP0_/D
510	0.2074	delay_before_read_data[I]	dqs_store[I]	delay_before_read_data[1]$_SDFF_PP0_/QN	dqs_store[33]$_SDFFE_PP0P_/D
511	0.2075	write_pattern[I]	dq_target_index[I]	write_pattern[0]$_SDFFE_PP0P_/Q	dq_target_index[0]$_SDFFE_PP0P_/D
512	0.2077	o_phy_odelay_data_ld[I]	odelay_dqs_cntvaluein[I][J]	o_phy_odelay_data_ld[3]$_SDFF_PP0_/Q	odelay_dqs_cntvaluein[5][0]$_SDFFCE_PN0P_/D
513	0.2081	bank_status_q[I]	o_wb_stall_int_q	bank_status_q[4]$_SDFF_PP0_/Q	o_wb_stall_int_q$_SDFF_PP1_/D
514	0.2084	state_calibrate[I]	dq_target_index[I]	state_calibrate[4]$_SDFFE_PP0P_/Q	dq_target_index[0]$_SDFFE_PP0P_/D
515	0.2088	state_calibrate[I]	initial_dqs	state_calibrate[4]$_SDFFE_PP0P_/Q	initial_dqs$_SDFFE_PP1P_/D
516	0.2092	stageI_do_wr	stageI_row[J]	stage2_do_wr$_SDFF_PP0_/Q	stage2_row[2]$_SDFF_PP0_/D
517	0.2102	prep_done[I]	state_calibrate[I]	prep_done[1]$_SDFF_PP0_/Q	state_calibrate[1]$_SDFFE_PP0P_/D
518	0.2108	stageI_pending	cmd_odt_q	stage2_pending$_SDFFE_PP0P_/Q	cmd_odt_q$_SDFF_PP0_/D
519	0.2109	o_wb_stall_int_q	calib_aux[I]	o_wb_stall_int_q$_SDFF_PP1_/Q	calib_aux[1]$_SDFFE_PP0P_/D
520	0.2109	o_wb_stall_int_q	calib_we	o_wb_stall_int_q$_SDFF_PP1_/Q	calib_we$_SDFFE_PP0P_/D
521	0.2110	instruction_address[I]	delay_counter[I]	instruction_address[3]$_SDFF_PP0_/Q	delay_counter[12]$_SDFFE_PP0P_/D
522	0.2111	start_index_check[I]	state_calibrate[I]	start_index_check[4]$_SDFFCE_PN0P_/Q	state_calibrate[1]$_SDFFE_PP0P_/D
523	0.2119	i_wb_stb	o_wb_stall_int_q	i_wb_stb	o_wb_stall_int_q$_SDFF_PP1_/D
524	0.2128	dq_target_index[I]	added_read_pipe[I]	dq_target_index[0]$_SDFFE_PP0P_/Q	added_read_pipe[1]$_SDFFCE_PN0P_/D
525	0.2129	instruction[I]	o_phy_cmd[I]	instruction[3]$_SDFFE_PP0P_/Q	o_phy_cmd[27]
526	0.2135	stageI_do_pre	stageI_bank[J]	stage2_do_pre$_SDFF_PP0_/Q	stage2_bank[2]$_SDFF_PP0_/D
527	0.2137	state_calibrate[I]	dqs_start_index_repeat	state_calibrate[4]$_SDFFE_PP0P_/Q	dqs_start_index_repeat$_SDFFE_PP0P_/D
528	0.2146	dqs_bitslip_arrangement[I]	sample_clk_repeat[I]	dqs_bitslip_arrangement[7]$_SDFFE_PP0P_/Q	sample_clk_repeat[3]$_SDFFCE_PP0P_/D
529	0.2154	read_lane_data_shifted[I]	start_index_check[I]	read_lane_data_shifted[6]$_SDFF_PP0_/Q	start_index_check[4]$_SDFFCE_PN0P_/D
530	0.2158	stageI_do_act	write_ack_index_q[I]	stage2_do_act$_SDFF_PP0_/Q	write_ack_index_q[1]$_SDFFE_PP0P_/D
531	0.2160	delay_before_read_data[I]	dqs_count_repeat[I]	delay_before_read_data[1]$_SDFF_PP0_/QN	dqs_count_repeat[0]$_SDFFE_PP0P_/D
532	0.2162	stageI_pending	stageI_row[J]	stage2_pending$_SDFFE_PP0P_/Q	stage2_row[2]$_SDFF_PP0_/D
533	0.2162	late_dq[I]	stageI_data[J][K]	late_dq[4]$_DFF_P_/Q	stage2_data[1][166]$_SDFF_PP0_/D
534	0.2164	delay_before_write_level_feedback[I]	prev_write_level_feedback	delay_before_write_level_feedback[1]$_SDFF_PP0_/QN	prev_write_level_feedback$_SDFFE_PP1P_/D
535	0.2164	state_calibrate[I]	train_delay[I]	state_calibrate[4]$_SDFFE_PP0P_/QN	train_delay[0]$_SDFF_PP0_/D
536	0.2184	sync_rst_controller	idelay_data_cntvaluein[I][J]	sync_rst_controller$_DFF_P_/Q	idelay_data_cntvaluein[5][0]$_SDFFCE_PN0P_/D
537	0.2184	sync_rst_controller	odelay_data_cntvaluein[I][J]	sync_rst_controller$_DFF_P_/Q	odelay_data_cntvaluein[5][0]$_SDFFCE_PN0P_/D
538	0.2184	sync_rst_controller	odelay_dqs_cntvaluein[I][J]	sync_rst_controller$_DFF_P_/Q	odelay_dqs_cntvaluein[5][0]$_SDFFCE_PN0P_/D
539	0.2185	delay_before_write_level_feedback[I]	write_calib_dqs	delay_before_write_level_feedback[1]$_SDFF_PP0_/QN	write_calib_dqs$_SDFFE_PP0P_/D
540	0.2185	sync_rst_controller	idelay_dqs_cntvaluein[I][J]	sync_rst_controller$_DFF_P_/Q	idelay_dqs_cntvaluein[1][0]$_SDFFCE_PN0P_/D
541	0.2189	lane_write_dq_late[I]	lane_read_dq_early[I]	lane_write_dq_late[0]$_SDFFE_PP0P_/Q	lane_read_dq_early[7]$_SDFFE_PP0P_/D
542	0.2194	o_wb_stall_int_q	calib_sel[I]	o_wb_stall_int_q$_SDFF_PP1_/Q	calib_sel[31]$_SDFFE_PP0P_/D
543	0.2207	write_by_byte_counter[I]	calib_sel[I]	write_by_byte_counter[1]$_SDFFE_PP0P_/Q	calib_sel[57]$_SDFFE_PP0P_/D
544	0.2209	delay_before_precharge_counter_q[I][J]	stageI_do_update_delay_before_precharge_after_rd	delay_before_precharge_counter_q[5][0]$_SDFF_PP0_/QN	stage2_do_update_delay_before_precharge_after_rd$_SDFF_PP0_/D
545	0.2210	dqs_start_index_stored[I]	delay_before_read_data[I]	dqs_start_index_stored[0]$_SDFFE_PP0P_/Q	delay_before_read_data[0]$_SDFF_PP0_/D
546	0.2216	reset_done	stageI_pending	reset_done$_SDFFE_PP0P_/Q	stage1_pending$_SDFFE_PP0P_/D
547	0.2262	reset_done	stageI_bank[J]	reset_done$_SDFFE_PP0P_/Q	stage1_bank[0]$_SDFFE_PP0P_/D
548	0.2262	reset_done	stageI_col[J]	reset_done$_SDFFE_PP0P_/Q	stage1_col[3]$_SDFFE_PP0P_/D
549	0.2262	reset_done	stageI_dm[J]	reset_done$_SDFFE_PP0P_/Q	stage1_dm[0]$_SDFFE_PP0P_/D
550	0.2262	reset_done	stageI_row[J]	reset_done$_SDFFE_PP0P_/Q	stage1_row[10]$_SDFFE_PP0P_/D
551	0.2267	dqs_start_index_stored[I]	o_phy_idelay_data_ld[I]	dqs_start_index_stored[0]$_SDFFE_PP0P_/Q	o_phy_idelay_data_ld[7]$_SDFF_PP0_/D
552	0.2267	calib_addr[I]	stageI_next_bank[J]	calib_addr[6]$_SDFFE_PP0P_/Q	stage1_next_bank[2]$_SDFFE_PP0P_/D
553	0.2270	reset_done	stageI_we	reset_done$_SDFFE_PP0P_/Q	stage1_we$_SDFFE_PP0P_/D
554	0.2271	write_pattern_lane[I]	write_pattern_matches	write_pattern_lane[34]$_SDFF_PP0_/Q	write_pattern_matches$_SDFF_PP0_/D
555	0.2272	stageI_pending	stageI_we	stage2_pending$_SDFFE_PP0P_/Q	stage2_we$_SDFF_PP0_/D
556	0.2275	sample_clk_repeat[I]	o_phy_write_leveling_calib	sample_clk_repeat[0]$_SDFFCE_PP0P_/Q	o_phy_write_leveling_calib$_SDFFE_PP0P_/D
557	0.2278	read_lane_data[I]	write_pattern_matches	read_lane_data[34]$_SDFF_PP0_/Q	write_pattern_matches$_SDFF_PP0_/D
558	0.2281	state_calibrate[I]	final_calibration_done	state_calibrate[4]$_SDFFE_PP0P_/Q	final_calibration_done$_SDFFE_PP0P_/D
559	0.2282	train_delay[I]	sample_clk_repeat[I]	train_delay[1]$_SDFF_PP0_/QN	sample_clk_repeat[3]$_SDFFCE_PP0P_/D
560	0.2287	pause_counter	precharge_all_instruction	pause_counter$_SDFFE_PP0P_/QN	precharge_all_instruction$_SDFF_PP0_/D
561	0.2288	delay_counter[I]	instruction_address[I]	delay_counter[0]$_SDFFE_PP1P_/Q	instruction_address[3]$_SDFF_PP0_/D
562	0.2294	stageI_do_pre	stageI_row[J]	stage2_do_pre$_SDFF_PP0_/Q	stage2_row[2]$_SDFF_PP0_/D
563	0.2297	stageI_do_pre	stageI_we	stage2_do_pre$_SDFF_PP0_/Q	stage2_we$_SDFF_PP0_/D
564	0.2300	write_pattern[I]	start_index_check[I]	write_pattern[0]$_SDFFE_PP0P_/Q	start_index_check[4]$_SDFFCE_PN0P_/D
565	0.2310	i_wb_addr[I]	stageI_row[J]	i_wb_addr[17]	stage1_row[7]$_SDFFE_PP0P_/D
566	0.2323	force_o_wb_stall_calib_high_q	calib_aux[I]	force_o_wb_stall_calib_high_q$_SDFF_PP0_/Q	calib_aux[1]$_SDFFE_PP0P_/D
567	0.2323	force_o_wb_stall_calib_high_q	calib_we	force_o_wb_stall_calib_high_q$_SDFF_PP0_/Q	calib_we$_SDFFE_PP0P_/D
568	0.2327	sync_rst_controller	bank_active_row_q[I][J]	sync_rst_controller$_DFF_P_/Q	bank_active_row_q[6][3]$_SDFF_PP0_/D
569	0.2330	o_phy_idelay_data_ld[I]	idelay_data_will_wrap	o_phy_idelay_data_ld[3]$_SDFF_PP0_/Q	idelay_data_will_wrap$_DFFE_PN_/D
570	0.2330	dqs_count_repeat[I]	dqs_start_index[I]	dqs_count_repeat[0]$_SDFFE_PP0P_/QN	dqs_start_index[4]$_SDFFE_PP0P_/D
571	0.2331	late_dq[I]	stageI_dm[J][K]	late_dq[4]$_DFF_P_/Q	stage2_dm[0][20]$_SDFFE_PP0N_/D
572	0.2337	sync_rst_controller	stageI_data[J]	sync_rst_controller$_DFF_P_/Q	stage1_data[100]$_SDFFE_PP0P_/D
573	0.2339	sync_rst_controller	unaligned_data[I][J]	sync_rst_controller$_DFF_P_/Q	unaligned_data[1][31]$_SDFF_PP0_/D
574	0.2345	sync_rst_controller	delay_before_precharge_counter_q[I][J]	sync_rst_controller$_DFF_P_/Q	delay_before_precharge_counter_q[5][0]$_SDFF_PP0_/D
575	0.2349	sync_rst_controller	stageI_bank[J]	sync_rst_controller$_DFF_P_/Q	stage1_bank[0]$_SDFFE_PP0P_/D
576	0.2349	sync_rst_controller	stageI_col[J]	sync_rst_controller$_DFF_P_/Q	stage1_col[3]$_SDFFE_PP0P_/D
577	0.2349	sync_rst_controller	stageI_dm[J]	sync_rst_controller$_DFF_P_/Q	stage1_dm[0]$_SDFFE_PP0P_/D
578	0.2349	sync_rst_controller	stageI_row[J]	sync_rst_controller$_DFF_P_/Q	stage1_row[0]$_SDFFE_PP0P_/D
579	0.2349	final_calibration_done	o_wb_ack_read_q[I][J]	final_calibration_done$_SDFFE_PP0P_/Q	o_wb_ack_read_q[1][10]$_SDFF_PP0_/D
580	0.2356	pause_counter	instruction[I]	pause_counter$_SDFFE_PP0P_/QN	instruction[19]$_SDFFE_PP1P_/D
581	0.2358	stageI_dm_unaligned[J]	stageI_dm[J][K]	stage2_dm_unaligned[58]$_SDFFE_PP0P_/Q	stage2_dm[1][58]$_SDFF_PP0_/D
582	0.2361	stageI_dm_unaligned[J]	stageI_dm[J][K]	stage2_dm_unaligned[58]$_SDFFE_PP0P_/Q	stage2_dm[0][58]$_SDFFE_PP0N_/D
583	0.2363	sync_rst_controller	stageI_aux[J]	sync_rst_controller$_DFF_P_/Q	stage1_aux[10]$_SDFFE_PP0P_/D
584	0.2363	sync_rst_controller	stageI_dm[J][K]	sync_rst_controller$_DFF_P_/Q	stage2_dm[1][14]$_SDFF_PP0_/D
585	0.2364	o_wb_data_q[I][J]	o_wb_data[I]	o_wb_data_q[0][446]$_SDFFE_PP0P_/Q	o_wb_data[446]
586	0.2365	sync_rst_controller	stageI_data[J][K]	sync_rst_controller$_DFF_P_/Q	stage2_data[0][262]$_SDFFE_PP0N_/D
587	0.2365	sync_rst_controller	stageI_data[J][K]	sync_rst_controller$_DFF_P_/Q	stage2_data[1][125]$_SDFF_PP0_/D
588	0.2369	dqs_target_index[I]	dqs_bitslip_arrangement[I]	dqs_target_index[0]$_SDFFE_PP0P_/Q	dqs_bitslip_arrangement[0]$_SDFFE_PP0P_/D
589	0.2371	sync_rst_controller	o_wb_data_q[I][J]	sync_rst_controller$_DFF_P_/Q	o_wb_data_q[1][439]$_SDFFE_PP0P_/D
590	0.2371	final_calibration_done	stageI_next_bank[J]	final_calibration_done$_SDFFE_PP0P_/QN	stage1_next_bank[0]$_SDFFE_PP0P_/D
591	0.2372	stageI_do_pre	cmd_odt_q	stage2_do_pre$_SDFF_PP0_/Q	cmd_odt_q$_SDFF_PP0_/D
592	0.2374	write_by_byte_counter[I]	write_by_byte_counter[I]	write_by_byte_counter[2]$_SDFFE_PP0P_/Q	write_by_byte_counter[5]$_SDFFE_PP0P_/D
593	0.2378	stageI_pending	write_dqs[I]	stage2_pending$_SDFFE_PP0P_/Q	write_dqs[0]$_SDFF_PP0_/D
594	0.2382	sync_rst_controller	stageI_row[J]	sync_rst_controller$_DFF_P_/Q	stage2_row[3]$_SDFF_PP0_/D
595	0.2384	stageI_pending	write_dq_q[I]	stage2_pending$_SDFFE_PP0P_/Q	write_dq_q[0]$_SDFF_PP0_/D
596	0.2385	stageI_pending	write_dq[I]	stage2_pending$_SDFFE_PP0P_/Q	write_dq[0]$_SDFF_PP0_/D
597	0.2387	force_o_wb_stall_calib_high_q	stageI_next_bank[J]	force_o_wb_stall_calib_high_q$_SDFF_PP0_/Q	stage1_next_bank[0]$_SDFFE_PP0P_/D
598	0.2390	sync_rst_controller	stageI_do_update_delay_before_precharge_after_wr	sync_rst_controller$_DFF_P_/Q	stage2_do_update_delay_before_precharge_after_wr$_SDFF_PP0_/D
599	0.2390	stageI_we	o_wb_stall_int_q	stage1_we$_SDFFE_PP0P_/Q	o_wb_stall_int_q$_SDFF_PP1_/D
600	0.2396	stageI_do_wr_or_rd	cmd_odt_q	stage2_do_wr_or_rd$_SDFF_PP0_/Q	cmd_odt_q$_SDFF_PP0_/D
601	0.2397	write_ack_index_q[I]	shift_reg_read_pipe_q[I][J]	write_ack_index_q[0]$_SDFFE_PP1P_/QN	shift_reg_read_pipe_q[4][10]$_SDFF_PP0_/D
602	0.2408	force_o_wb_stall_calib_high_q	calib_sel[I]	force_o_wb_stall_calib_high_q$_SDFF_PP0_/Q	calib_sel[31]$_SDFFE_PP0P_/D
603	0.2412	stageI_do_wr_or_rd	write_dqs[I]	stage2_do_wr_or_rd$_SDFF_PP0_/Q	write_dqs[0]$_SDFF_PP0_/D
604	0.2415	sync_rst_controller	write_pattern_lane[I]	sync_rst_controller$_DFF_P_/Q	write_pattern_lane[1]$_SDFF_PP0_/D
605	0.2417	stageI_do_wr	cmd_odt_q	stage2_do_wr$_SDFF_PP0_/Q	cmd_odt_q$_SDFF_PP0_/D
606	0.2420	write_calib_odt	o_phy_cmd[I]	write_calib_odt$_SDFFE_PP0P_/Q	o_phy_cmd[19]
607	0.2421	sync_rst_controller	calib_data[I]	sync_rst_controller$_DFF_P_/Q	calib_data[170]$_SDFFE_PP0P_/D
608	0.2421	sync_rst_controller	calib_sel[I]	sync_rst_controller$_DFF_P_/Q	calib_sel[31]$_SDFFE_PP0P_/D
609	0.2421	sync_rst_controller	dqs_store[I]	sync_rst_controller$_DFF_P_/Q	dqs_store[32]$_SDFFE_PP0P_/D
610	0.2421	sync_rst_controller	instruction_address[I]	sync_rst_controller$_DFF_P_/Q	instruction_address[3]$_SDFF_PP0_/D
611	0.2421	sync_rst_controller	state_calibrate[I]	sync_rst_controller$_DFF_P_/Q	state_calibrate[1]$_SDFFE_PP0P_/D
612	0.2423	sync_rst_controller	delay_before_write_counter_q[I][J]	sync_rst_controller$_DFF_P_/Q	delay_before_write_counter_q[3][1]$_SDFF_PP0_/D
613	0.2425	sync_rst_controller	delay_before_read_counter_q[I][J]	sync_rst_controller$_DFF_P_/Q	delay_before_read_counter_q[1][2]$_SDFF_PP0_/D
614	0.2427	stageI_bank[J]	stageI_bank[J]	stage2_bank[2]$_SDFF_PP0_/Q	stage2_bank[2]$_SDFF_PP0_/D
615	0.2427	sync_rst_controller	dqs_bitslip_arrangement[I]	sync_rst_controller$_DFF_P_/Q	dqs_bitslip_arrangement[7]$_SDFFE_PP0P_/D
616	0.2427	sync_rst_controller	instruction[I]	sync_rst_controller$_DFF_P_/Q	instruction[5]$_SDFFE_PP0P_/D
617	0.2427	sync_rst_controller	stageI_we	sync_rst_controller$_DFF_P_/Q	stage1_we$_SDFFE_PP0P_/D
618	0.2430	stageI_do_pre	write_ack_index_q[I]	stage2_do_pre$_SDFF_PP0_/Q	write_ack_index_q[1]$_SDFFE_PP0P_/D
619	0.2436	dqs_start_index_stored[I]	dqs_target_index[I]	dqs_start_index_stored[0]$_SDFFE_PP0P_/Q	dqs_target_index[4]$_SDFFE_PP0P_/D
620	0.2449	final_calibration_done	stageI_aux[J]	final_calibration_done$_SDFFE_PP0P_/QN	stage1_aux[0]$_SDFFE_PP0P_/D
621	0.2449	final_calibration_done	stageI_data[J]	final_calibration_done$_SDFFE_PP0P_/QN	stage1_data[508]$_SDFFE_PP0P_/D
622	0.2454	lane[I]	write_calib_odt	lane[1]$_SDFFE_PP0P_/Q	write_calib_odt$_SDFFE_PP0P_/D
623	0.2456	sync_rst_controller	stageI_dm[J][K]	sync_rst_controller$_DFF_P_/Q	stage2_dm[0][0]$_SDFFE_PP0N_/D
624	0.2465	force_o_wb_stall_calib_high_q	stageI_aux[J]	force_o_wb_stall_calib_high_q$_SDFF_PP0_/Q	stage1_aux[0]$_SDFFE_PP0P_/D
625	0.2465	force_o_wb_stall_calib_high_q	stageI_data[J]	force_o_wb_stall_calib_high_q$_SDFF_PP0_/Q	stage1_data[508]$_SDFFE_PP0P_/D
626	0.2472	o_wb_stall_int_q	o_wb_stall	o_wb_stall_int_q$_SDFF_PP1_/Q	o_wb_stall
627	0.2473	dqs_bitslip_arrangement[I]	state_calibrate[I]	dqs_bitslip_arrangement[7]$_SDFFE_PP0P_/Q	state_calibrate[1]$_SDFFE_PP0P_/D
628	0.2476	sync_rst_controller	stageI_bank[J]	sync_rst_controller$_DFF_P_/Q	stage2_bank[1]$_SDFF_PP0_/D
629	0.2477	sync_rst_controller	write_dq_q[I]	sync_rst_controller$_DFF_P_/Q	write_dq_q[0]$_SDFF_PP0_/D
630	0.2478	final_calibration_done	o_wb_ack	final_calibration_done$_SDFFE_PP0P_/Q	o_wb_ack
631	0.2479	sync_rst_controller	write_ack_index_q[I]	sync_rst_controller$_DFF_P_/Q	write_ack_index_q[1]$_SDFFE_PP0P_/D
632	0.2479	sync_rst_controller	write_dqs_q[I]	sync_rst_controller$_DFF_P_/Q	write_dqs_q[0]$_SDFF_PP0_/D
633	0.2485	added_read_pipe[I]	o_wb_data_q[I][J]	added_read_pipe[4]$_SDFFCE_PN0P_/Q	o_wb_data_q[0][100]$_SDFFE_PP0P_/D
634	0.2496	dqs_bitslip_arrangement[I]	stored_write_level_feedback	dqs_bitslip_arrangement[7]$_SDFFE_PP0P_/Q	stored_write_level_feedback$_SDFFCE_PN0P_/D
635	0.2500	bank_status_q[I]	stageI_do_pre	bank_status_q[4]$_SDFF_PP0_/Q	stage1_do_pre$_SDFF_PP0_/D
636	0.2504	cmd_odt_q	o_phy_cmd[I]	cmd_odt_q$_SDFF_PP0_/Q	o_phy_cmd[19]
637	0.2504	state_calibrate[I]	reset_from_calibrate	state_calibrate[4]$_SDFFE_PP0P_/Q	reset_from_calibrate$_SDFF_PP0_/D
638	0.2511	sync_rst_controller	read_lane_data_shifted[I]	sync_rst_controller$_DFF_P_/Q	read_lane_data_shifted[0]$_SDFF_PP0_/D
639	0.2511	sync_rst_controller	write_test_address_counter[I]	sync_rst_controller$_DFF_P_/Q	write_test_address_counter[11]$_SDFFE_PP0P_/D
640	0.2514	stageI_do_wr	write_dqs[I]	stage2_do_wr$_SDFF_PP0_/Q	write_dqs[0]$_SDFF_PP0_/D
641	0.2515	sync_rst_controller	stageI_do_act	sync_rst_controller$_DFF_P_/Q	stage2_do_act$_SDFF_PP0_/D
642	0.2524	sync_rst_controller	prep_done[I]	sync_rst_controller$_DFF_P_/Q	prep_done[0]$_SDFF_PP0_/D
643	0.2524	sync_rst_controller	stageI_do_wr	sync_rst_controller$_DFF_P_/Q	stage2_do_wr$_SDFF_PP0_/D
644	0.2534	stageI_do_act	write_dqs[I]	stage2_do_act$_SDFF_PP0_/Q	write_dqs[0]$_SDFF_PP0_/D
645	0.2544	final_calibration_done	stageI_pending	final_calibration_done$_SDFFE_PP0P_/QN	stage1_pending$_SDFFE_PP0P_/D
646	0.2559	force_o_wb_stall_calib_high_q	stageI_pending	force_o_wb_stall_calib_high_q$_SDFF_PP0_/Q	stage1_pending$_SDFFE_PP0P_/D
647	0.2579	delay_read_pipe[I][J]	o_wb_data_q[I][J]	delay_read_pipe[0][1]$_SDFF_PN0_/Q	o_wb_data_q[0][112]$_SDFFE_PP0P_/D
648	0.2581	instruction_address[I]	final_calibration_done	instruction_address[3]$_SDFF_PP0_/QN	final_calibration_done$_SDFFE_PP0P_/D
649	0.2585	stageI_do_pre	write_dqs[I]	stage2_do_pre$_SDFF_PP0_/Q	write_dqs[0]$_SDFF_PP0_/D
650	0.2587	train_delay[I]	dqs_start_index_stored[I]	train_delay[1]$_SDFF_PP0_/QN	dqs_start_index_stored[0]$_SDFFE_PP0P_/D
651	0.2589	stageI_pending	write_dqs_val[I]	stage2_pending$_SDFFE_PP0P_/Q	write_dqs_val[0]$_SDFF_PP0_/D
652	0.2591	final_calibration_done	stageI_next_row[J]	final_calibration_done$_SDFFE_PP0P_/QN	stage1_next_row[11]$_SDFFE_PP0P_/D
653	0.2594	stageI_do_wr_or_rd	write_ack_index_q[I]	stage2_do_wr_or_rd$_SDFF_PP0_/Q	write_ack_index_q[1]$_SDFFE_PP0P_/D
654	0.2600	final_calibration_done	stageI_dm[J]	final_calibration_done$_SDFFE_PP0P_/QN	stage1_dm[41]$_SDFFE_PP0P_/D
655	0.2606	instruction_address[I]	calib_stb	instruction_address[3]$_SDFF_PP0_/Q	calib_stb$_SDFFE_PP0P_/D
656	0.2606	force_o_wb_stall_calib_high_q	stageI_next_row[J]	force_o_wb_stall_calib_high_q$_SDFF_PP0_/Q	stage1_next_row[11]$_SDFFE_PP0P_/D
657	0.2616	force_o_wb_stall_calib_high_q	stageI_dm[J]	force_o_wb_stall_calib_high_q$_SDFF_PP0_/Q	stage1_dm[41]$_SDFFE_PP0P_/D
658	0.2623	stageI_do_wr_or_rd	write_dqs_val[I]	stage2_do_wr_or_rd$_SDFF_PP0_/Q	write_dqs_val[0]$_SDFF_PP0_/D
659	0.2629	prev_write_level_feedback	pause_counter	prev_write_level_feedback$_SDFFE_PP1P_/Q	pause_counter$_SDFFE_PP0P_/D
660	0.2632	sync_rst_controller	unaligned_dm[I][J]	sync_rst_controller$_DFF_P_/Q	unaligned_dm[0][7]$_SDFF_PP0_/D
661	0.2632	train_delay[I]	stored_write_level_feedback	train_delay[1]$_SDFF_PP0_/QN	stored_write_level_feedback$_SDFFCE_PN0P_/D
662	0.2638	dqs_start_index_stored[I]	state_calibrate[I]	dqs_start_index_stored[0]$_SDFFE_PP0P_/Q	state_calibrate[2]$_SDFFE_PP0P_/D
663	0.2648	stageI_do_pre	write_dq_q[I]	stage2_do_pre$_SDFF_PP0_/Q	write_dq_q[0]$_SDFF_PP0_/D
664	0.2649	stageI_do_pre	write_dq[I]	stage2_do_pre$_SDFF_PP0_/Q	write_dq[0]$_SDFF_PP0_/D
665	0.2660	instruction_address[I]	delay_before_write_level_feedback[I]	instruction_address[2]$_SDFF_PP0_/Q	delay_before_write_level_feedback[2]$_SDFF_PP0_/D
666	0.2671	delay_counter_is_zero	o_phy_cmd[I]	delay_counter_is_zero$_SDFF_PP0_/QN	o_phy_cmd[45]
667	0.2672	stageI_do_wr_or_rd	write_dq_q[I]	stage2_do_wr_or_rd$_SDFF_PP0_/Q	write_dq_q[0]$_SDFF_PP0_/D
668	0.2673	stageI_do_wr_or_rd	write_dq[I]	stage2_do_wr_or_rd$_SDFF_PP0_/Q	write_dq[0]$_SDFF_PP0_/D
669	0.2679	final_calibration_done	stageI_row[J]	final_calibration_done$_SDFFE_PP0P_/QN	stage1_row[0]$_SDFFE_PP0P_/D
670	0.2679	final_calibration_done	stageI_we	final_calibration_done$_SDFFE_PP0P_/QN	stage1_we$_SDFFE_PP0P_/D
671	0.2681	stored_write_level_feedback	pause_counter	stored_write_level_feedback$_SDFFCE_PN0P_/QN	pause_counter$_SDFFE_PP0P_/D
672	0.2684	final_calibration_done	stageI_bank[J]	final_calibration_done$_SDFFE_PP0P_/QN	stage1_bank[2]$_SDFFE_PP0P_/D
673	0.2684	final_calibration_done	stageI_col[J]	final_calibration_done$_SDFFE_PP0P_/QN	stage1_col[9]$_SDFFE_PP0P_/D
674	0.2685	i_wb_addr[I]	stageI_bank[J]	i_wb_addr[7]	stage1_bank[0]$_SDFFE_PP0P_/D
675	0.2685	i_wb_addr[I]	stageI_col[J]	i_wb_addr[0]	stage1_col[3]$_SDFFE_PP0P_/D
676	0.2685	i_wb_data[I]	stageI_data[J]	i_wb_data[112]	stage1_data[112]$_SDFFE_PP0P_/D
677	0.2685	i_wb_sel[I]	stageI_dm[J]	i_wb_sel[0]	stage1_dm[0]$_SDFFE_PP0P_/D
678	0.2687	sync_rst_controller	final_calibration_done	sync_rst_controller$_DFF_P_/Q	final_calibration_done$_SDFFE_PP0P_/D
679	0.2687	sync_rst_controller	index_read_pipe	sync_rst_controller$_DFF_P_/Q	index_read_pipe$_SDFFE_PP0P_/D
680	0.2687	sync_rst_controller	index_wb_data	sync_rst_controller$_DFF_P_/Q	index_wb_data$_SDFFE_PP0P_/D
681	0.2687	sync_rst_controller	read_data_store[I]	sync_rst_controller$_DFF_P_/Q	read_data_store[511]$_SDFFE_PP0P_/D
682	0.2687	sync_rst_controller	read_lane_data[I]	sync_rst_controller$_DFF_P_/Q	read_lane_data[63]$_SDFF_PP0_/D
683	0.2687	sync_rst_controller	stageI_data_unaligned[J]	sync_rst_controller$_DFF_P_/Q	stage2_data_unaligned[511]$_SDFFE_PP0P_/D
684	0.2687	sync_rst_controller	stageI_dm_unaligned[J]	sync_rst_controller$_DFF_P_/Q	stage2_dm_unaligned[63]$_SDFFE_PP0P_/D
685	0.2687	sync_rst_controller	write_calib_odt	sync_rst_controller$_DFF_P_/Q	write_calib_odt$_SDFFE_PP0P_/D
686	0.2692	stageI_do_wr	write_dq_q[I]	stage2_do_wr$_SDFF_PP0_/Q	write_dq_q[0]$_SDFF_PP0_/D
687	0.2692	dqs_bitslip_arrangement[I]	lane[I]	dqs_bitslip_arrangement[7]$_SDFFE_PP0P_/Q	lane[2]$_SDFFE_PP0P_/D
688	0.2692	stageI_pending	write_dqs_q[I]	stage2_pending$_SDFFE_PP0P_/Q	write_dqs_q[0]$_SDFF_PP0_/D
689	0.2694	i_aux[I]	stageI_aux[J]	i_aux[0]	stage1_aux[0]$_SDFFE_PP0P_/D
690	0.2694	i_wb_we	stageI_we	i_wb_we	stage1_we$_SDFFE_PP0P_/D
691	0.2694	stageI_do_wr	write_dq[I]	stage2_do_wr$_SDFF_PP0_/Q	write_dq[0]$_SDFF_PP0_/D
692	0.2694	force_o_wb_stall_calib_high_q	stageI_row[J]	force_o_wb_stall_calib_high_q$_SDFF_PP0_/Q	stage1_row[0]$_SDFFE_PP0P_/D
693	0.2694	force_o_wb_stall_calib_high_q	stageI_we	force_o_wb_stall_calib_high_q$_SDFF_PP0_/Q	stage1_we$_SDFFE_PP0P_/D
694	0.2699	force_o_wb_stall_calib_high_q	stageI_bank[J]	force_o_wb_stall_calib_high_q$_SDFF_PP0_/Q	stage1_bank[2]$_SDFFE_PP0P_/D
695	0.2699	force_o_wb_stall_calib_high_q	stageI_col[J]	force_o_wb_stall_calib_high_q$_SDFF_PP0_/Q	stage1_col[9]$_SDFFE_PP0P_/D
696	0.2699	stageI_bank[J]	stageI_bank[J]	stage1_bank[2]$_SDFFE_PP0P_/Q	stage2_bank[2]$_SDFF_PP0_/D
697	0.2708	state_calibrate[I]	prep_done[I]	state_calibrate[4]$_SDFFE_PP0P_/Q	prep_done[1]$_SDFF_PP0_/D
698	0.2709	prep_done[I]	lane[I]	prep_done[1]$_SDFF_PP0_/Q	lane[2]$_SDFFE_PP0P_/D
699	0.2716	force_o_wb_stall_high_q	o_wb_stall	force_o_wb_stall_high_q$_SDFF_PP0_/Q	o_wb_stall
700	0.2717	state_calibrate[I]	prev_write_level_feedback	state_calibrate[4]$_SDFFE_PP0P_/Q	prev_write_level_feedback$_SDFFE_PP1P_/D
701	0.2719	dqs_bitslip_arrangement[I]	o_phy_bitslip[I]	dqs_bitslip_arrangement[7]$_SDFFE_PP0P_/Q	o_phy_bitslip[7]$_SDFF_PP0_/D
702	0.2720	dqs_start_index[I]	dqs_start_index_stored[I]	dqs_start_index[0]$_SDFFE_PP0P_/Q	dqs_start_index_stored[0]$_SDFFE_PP0P_/D
703	0.2721	sync_rst_controller	initial_dqs	sync_rst_controller$_DFF_P_/Q	initial_dqs$_SDFFE_PP1P_/D
704	0.2725	write_test_address_counter[I]	train_delay[I]	write_test_address_counter[2]$_SDFFE_PP0P_/QN	train_delay[0]$_SDFF_PP0_/D
705	0.2725	stageI_do_wr	write_dqs_val[I]	stage2_do_wr$_SDFF_PP0_/Q	write_dqs_val[0]$_SDFF_PP0_/D
706	0.2726	initial_dqs	dq_target_index[I]	initial_dqs$_SDFFE_PP1P_/Q	dq_target_index[5]$_SDFF_PP0_/D
707	0.2726	read_lane_data_shifted[I]	reset_from_calibrate	read_lane_data_shifted[6]$_SDFF_PP0_/Q	reset_from_calibrate$_SDFF_PP0_/D
708	0.2727	stageI_do_wr_or_rd	write_dqs_q[I]	stage2_do_wr_or_rd$_SDFF_PP0_/Q	write_dqs_q[0]$_SDFF_PP0_/D
709	0.2732	dqs_bitslip_arrangement[I]	added_read_pipe_max	dqs_bitslip_arrangement[7]$_SDFFE_PP0P_/Q	added_read_pipe_max$_SDFFE_PP0P_/D
710	0.2746	delay_counter[I]	delay_counter_is_zero	delay_counter[0]$_SDFFE_PP1P_/Q	delay_counter_is_zero$_SDFF_PP0_/D
711	0.2746	stageI_do_act	write_dqs_val[I]	stage2_do_act$_SDFF_PP0_/Q	write_dqs_val[0]$_SDFF_PP0_/D
712	0.2749	idelay_data_cntvaluein[I][J]	idelay_data_will_wrap	idelay_data_cntvaluein[2][2]$_SDFFCE_PN0P_/Q	idelay_data_will_wrap$_DFFE_PN_/D
713	0.2750	prev_cmd_ck_en	o_phy_cmd[I]	prev_cmd_ck_en$_SDFF_PP0_/Q	o_phy_cmd[18]
714	0.2752	delay_read_pipe[I][J]	o_wb_data_q[I][J]	delay_read_pipe[0][0]$_DFF_P_/Q	o_wb_data_q[0][100]$_SDFFE_PP0P_/D
715	0.2763	sync_rst_controller	o_wb_ack_read_q[I][J]	sync_rst_controller$_DFF_P_/Q	o_wb_ack_read_q[1][10]$_SDFF_PP0_/D
716	0.2764	sync_rst_controller	delay_counter_is_zero	sync_rst_controller$_DFF_P_/Q	delay_counter_is_zero$_SDFF_PP0_/D
717	0.2765	stageI_do_rd	delay_before_precharge_counter_q[I][J]	stage2_do_rd$_SDFF_PP0_/Q	delay_before_precharge_counter_q[4][0]$_SDFF_PP0_/D
718	0.2767	sync_rst_controller	dqs_count_repeat[I]	sync_rst_controller$_DFF_P_/Q	dqs_count_repeat[2]$_SDFFE_PP0P_/D
719	0.2767	sync_rst_controller	lane_write_dq_late[I]	sync_rst_controller$_DFF_P_/Q	lane_write_dq_late[0]$_SDFFE_PP0P_/D
720	0.2767	sync_rst_controller	stageI_do_update_delay_before_read_after_act	sync_rst_controller$_DFF_P_/Q	stage2_do_update_delay_before_read_after_act$_SDFF_PP0_/D
721	0.2767	sync_rst_controller	stageI_do_update_delay_before_write_after_act	sync_rst_controller$_DFF_P_/Q	stage2_do_update_delay_before_write_after_act$_SDFF_PP0_/D
722	0.2767	sync_rst_controller	stageI_we	sync_rst_controller$_DFF_P_/Q	stage2_we$_SDFF_PP0_/D
723	0.2767	sync_rst_controller	write_by_byte_counter[I]	sync_rst_controller$_DFF_P_/Q	write_by_byte_counter[5]$_SDFFE_PP0P_/D
724	0.2769	sync_rst_controller	added_read_pipe[I]	sync_rst_controller$_DFF_P_/Q	added_read_pipe[1]$_SDFFCE_PN0P_/D
725	0.2770	sync_rst_controller	calib_addr[I]	sync_rst_controller$_DFF_P_/Q	calib_addr[0]$_SDFFE_PP0P_/D
726	0.2771	dqs_target_index[I]	delay_before_read_data[I]	dqs_target_index[0]$_SDFFE_PP0P_/Q	delay_before_read_data[0]$_SDFF_PP0_/D
727	0.2772	sync_rst_controller	delay_counter[I]	sync_rst_controller$_DFF_P_/Q	delay_counter[0]$_SDFFE_PP1P_/D
728	0.2773	i_wb_stb	stageI_pending	i_wb_stb	stage1_pending$_SDFFE_PP0P_/D
729	0.2789	write_pattern_matches	lane[I]	write_pattern_matches$_SDFF_PP0_/Q	lane[2]$_SDFFE_PP0P_/D
730	0.2791	o_wb_stall_int_q	write_by_byte_counter[I]	o_wb_stall_int_q$_SDFF_PP1_/Q	write_by_byte_counter[4]$_SDFFE_PP0P_/D
731	0.2795	sync_rst_controller	write_dq[I]	sync_rst_controller$_DFF_P_/Q	write_dq[0]$_SDFF_PP0_/D
732	0.2796	final_calibration_done	reset_from_test	final_calibration_done$_SDFFE_PP0P_/QN	reset_from_test$_SDFF_PP0_/D
733	0.2797	stageI_do_pre	write_dqs_val[I]	stage2_do_pre$_SDFF_PP0_/Q	write_dqs_val[0]$_SDFF_PP0_/D
734	0.2799	start_index_check[I]	read_lane_data_shifted[I]	start_index_check[4]$_SDFFCE_PN0P_/Q	read_lane_data_shifted[28]$_SDFF_PP0_/D
735	0.2801	sync_rst_controller	shift_reg_read_pipe_q[I][J]	sync_rst_controller$_DFF_P_/Q	shift_reg_read_pipe_q[4][10]$_SDFF_PP0_/D
736	0.2801	stageI_do_act	cmd_odt_q	stage2_do_act$_SDFF_PP0_/Q	cmd_odt_q$_SDFF_PP0_/D
737	0.2801	sync_rst_controller	read_test_address_counter[I]	sync_rst_controller$_DFF_P_/Q	read_test_address_counter[0]$_SDFFE_PP0P_/D
738	0.2802	sync_rst_controller	o_wb_stall_int_q	sync_rst_controller$_DFF_P_/Q	o_wb_stall_int_q$_SDFF_PP1_/D
739	0.2806	sync_rst_controller	dq_target_index[I]	sync_rst_controller$_DFF_P_/Q	dq_target_index[4]$_SDFF_PP0_/D
740	0.2806	sync_rst_controller	dqs_start_index_repeat	sync_rst_controller$_DFF_P_/Q	dqs_start_index_repeat$_SDFFE_PP0P_/D
741	0.2806	sync_rst_controller	train_delay[I]	sync_rst_controller$_DFF_P_/Q	train_delay[0]$_SDFF_PP0_/D
742	0.2806	sync_rst_controller	write_pattern[I]	sync_rst_controller$_DFF_P_/Q	write_pattern[0]$_SDFFE_PP0P_/D
743	0.2815	sync_rst_controller	delay_before_write_level_feedback[I]	sync_rst_controller$_DFF_P_/Q	delay_before_write_level_feedback[0]$_SDFF_PP0_/D
744	0.2815	added_read_pipe[I]	added_read_pipe_max	added_read_pipe[5]$_SDFFCE_PN0P_/Q	added_read_pipe_max$_SDFFE_PP0P_/D
745	0.2816	start_index_check[I]	lane_write_dq_late[I]	start_index_check[4]$_SDFFCE_PN0P_/Q	lane_write_dq_late[0]$_SDFFE_PP0P_/D
746	0.2818	sync_rst_controller	dqs_target_index_orig[I]	sync_rst_controller$_DFF_P_/Q	dqs_target_index_orig[3]$_SDFFE_PP0P_/D
747	0.2827	dqs_target_index[I]	o_phy_idelay_data_ld[I]	dqs_target_index[0]$_SDFFE_PP0P_/Q	o_phy_idelay_data_ld[7]$_SDFF_PP0_/D
748	0.2828	dqs_bitslip_arrangement[I]	prev_write_level_feedback	dqs_bitslip_arrangement[7]$_SDFFE_PP0P_/Q	prev_write_level_feedback$_SDFFE_PP1P_/D
749	0.2829	stageI_do_wr	write_dqs_q[I]	stage2_do_wr$_SDFF_PP0_/Q	write_dqs_q[0]$_SDFF_PP0_/D
750	0.2829	train_delay[I]	lane[I]	train_delay[1]$_SDFF_PP0_/QN	lane[2]$_SDFFE_PP0P_/D
751	0.2830	state_calibrate[I]	delay_before_write_level_feedback[I]	state_calibrate[0]$_SDFFE_PP0P_/QN	delay_before_write_level_feedback[2]$_SDFF_PP0_/D
752	0.2841	sync_rst_controller	write_dqs[I]	sync_rst_controller$_DFF_P_/Q	write_dqs[0]$_SDFF_PP0_/D
753	0.2848	o_wb_ack_read_q[I][J]	reset_from_test	o_wb_ack_read_q[0][3]$_SDFF_PP0_/Q	reset_from_test$_SDFF_PP0_/D
754	0.2850	stageI_do_act	write_dqs_q[I]	stage2_do_act$_SDFF_PP0_/Q	write_dqs_q[0]$_SDFF_PP0_/D
755	0.2851	dqs_target_index_orig[I]	dq_target_index[I]	dqs_target_index_orig[2]$_SDFFE_PP0P_/QN	dq_target_index[5]$_SDFF_PP0_/D
756	0.2854	o_wb_ack_read_q[I][J]	o_wb_ack	o_wb_ack_read_q[0][0]$_SDFF_PP0_/Q	o_wb_ack
757	0.2865	user_self_refresh_q	instruction[I]	user_self_refresh_q$_DFF_P_/Q	instruction[19]$_SDFFE_PP1P_/D
758	0.2866	sync_rst_controller	calib_aux[I]	sync_rst_controller$_DFF_P_/Q	calib_aux[1]$_SDFFE_PP0P_/D
759	0.2866	sync_rst_controller	calib_we	sync_rst_controller$_DFF_P_/Q	calib_we$_SDFFE_PP0P_/D
760	0.2866	sync_rst_controller	lane_read_dq_early[I]	sync_rst_controller$_DFF_P_/Q	lane_read_dq_early[7]$_SDFFE_PP0P_/D
761	0.2866	sync_rst_controller	added_read_pipe_max	sync_rst_controller$_DFF_P_/Q	added_read_pipe_max$_SDFFE_PP0P_/D
762	0.2866	sync_rst_controller	delay_before_read_data[I]	sync_rst_controller$_DFF_P_/Q	delay_before_read_data[3]$_SDFF_PP0_/D
763	0.2866	sync_rst_controller	delay_read_pipe[I][J]	sync_rst_controller$_DFF_P_/Q	delay_read_pipe[0][0]$_DFF_P_/D
764	0.2866	sync_rst_controller	dqs_target_index[I]	sync_rst_controller$_DFF_P_/Q	dqs_target_index[5]$_SDFFE_PP0P_/D
765	0.2866	sync_rst_controller	force_o_wb_stall_calib_high_q	sync_rst_controller$_DFF_P_/Q	force_o_wb_stall_calib_high_q$_SDFF_PP0_/D
766	0.2868	train_delay[I]	added_read_pipe_max	train_delay[1]$_SDFF_PP0_/QN	added_read_pipe_max$_SDFFE_PP0P_/D
767	0.2872	write_pattern[I]	reset_from_calibrate	write_pattern[0]$_SDFFE_PP0P_/Q	reset_from_calibrate$_SDFF_PP0_/D
768	0.2876	sync_rst_controller	stageI_do_rd	sync_rst_controller$_DFF_P_/Q	stage2_do_rd$_SDFF_PP0_/D
769	0.2881	delay_before_write_level_feedback[I]	delay_before_write_level_feedback[I]	delay_before_write_level_feedback[1]$_SDFF_PP0_/QN	delay_before_write_level_feedback[1]$_SDFF_PP0_/D
770	0.2888	final_calibration_done	shift_reg_read_pipe_q[I][J]	final_calibration_done$_SDFFE_PP0P_/Q	shift_reg_read_pipe_q[4][10]$_SDFF_PP0_/D
771	0.2890	stageI_col[J]	o_phy_cmd[I]	stage2_col[3]$_SDFFE_PP0P_/Q	o_phy_cmd[51]
772	0.2895	sync_rst_controller	dq_target_index[I]	sync_rst_controller$_DFF_P_/Q	dq_target_index[0]$_SDFFE_PP0P_/D
773	0.2895	sync_rst_controller	dqs_start_index[I]	sync_rst_controller$_DFF_P_/Q	dqs_start_index[0]$_SDFFE_PP0P_/D
774	0.2895	sync_rst_controller	force_o_wb_stall_high_q	sync_rst_controller$_DFF_P_/Q	force_o_wb_stall_high_q$_SDFF_PP0_/D
775	0.2895	sync_rst_controller	reset_done	sync_rst_controller$_DFF_P_/Q	reset_done$_SDFFE_PP0P_/D
776	0.2895	write_pattern_matches	state_calibrate[I]	write_pattern_matches$_SDFF_PP0_/Q	state_calibrate[1]$_SDFFE_PP0P_/D
777	0.2897	sync_rst_controller	idelay_data_will_wrap	sync_rst_controller$_DFF_P_/Q	idelay_data_will_wrap$_DFFE_PN_/D
778	0.2900	stageI_do_pre	write_dqs_q[I]	stage2_do_pre$_SDFF_PP0_/Q	write_dqs_q[0]$_SDFF_PP0_/D
779	0.2919	sync_rst_controller	cmd_odt_q	sync_rst_controller$_DFF_P_/Q	cmd_odt_q$_SDFF_PP0_/D
780	0.2927	sample_clk_repeat[I]	prev_write_level_feedback	sample_clk_repeat[0]$_SDFFCE_PP0P_/Q	prev_write_level_feedback$_SDFFE_PP1P_/D
781	0.2944	sync_rst_controller	delay_read_pipe[I][J]	sync_rst_controller$_DFF_P_/Q	delay_read_pipe[0][1]$_SDFF_PN0_/D
782	0.2953	sync_rst_controller	dqs_start_index_stored[I]	sync_rst_controller$_DFF_P_/Q	dqs_start_index_stored[0]$_SDFFE_PP0P_/D
783	0.2958	train_delay[I]	o_phy_bitslip[I]	train_delay[1]$_SDFF_PP0_/QN	o_phy_bitslip[7]$_SDFF_PP0_/D
784	0.2964	train_delay[I]	prev_write_level_feedback	train_delay[1]$_SDFF_PP0_/QN	prev_write_level_feedback$_SDFFE_PP1P_/D
785	0.2966	sync_rst_controller	prev_write_level_feedback	sync_rst_controller$_DFF_P_/Q	prev_write_level_feedback$_SDFFE_PP1P_/D
786	0.2969	train_delay[I]	initial_dqs	train_delay[1]$_SDFF_PP0_/QN	initial_dqs$_SDFFE_PP1P_/D
787	0.2970	sample_clk_repeat[I]	write_calib_odt	sample_clk_repeat[0]$_SDFFCE_PP0P_/Q	write_calib_odt$_SDFFE_PP0P_/D
788	0.2975	stageI_we	o_wb_stall_int_q	stage2_we$_SDFF_PP0_/Q	o_wb_stall_int_q$_SDFF_PP1_/D
789	0.2985	o_wb_ack_read_q[I][J]	o_aux[I]	o_wb_ack_read_q[0][13]$_SDFF_PP0_/Q	o_aux[12]
790	0.2986	bank_status_q[I]	stageI_do_act	bank_status_q[4]$_SDFF_PP0_/Q	stage1_do_act$_SDFF_PP0_/D
791	0.2994	added_read_pipe_max	o_wb_ack_read_q[I][J]	added_read_pipe_max$_SDFFE_PP0P_/Q	o_wb_ack_read_q[1][10]$_SDFF_PP0_/D
792	0.3005	force_o_wb_stall_calib_high_q	write_by_byte_counter[I]	force_o_wb_stall_calib_high_q$_SDFF_PP0_/Q	write_by_byte_counter[4]$_SDFFE_PP0P_/D
793	0.3006	o_phy_idelay_data_ld[I]	o_phy_idelay_dqs_ld[I]	o_phy_idelay_data_ld[0]$_SDFF_PP0_/Q	o_phy_idelay_dqs_ld[0]
794	0.3006	o_phy_odelay_data_ld[I]	o_phy_odelay_dqs_ld[I]	o_phy_odelay_data_ld[0]$_SDFF_PP0_/Q	o_phy_odelay_dqs_ld[0]
795	0.3018	train_delay[I]	dqs_start_index_repeat	train_delay[1]$_SDFF_PP0_/QN	dqs_start_index_repeat$_SDFFE_PP0P_/D
796	0.3027	dqs_start_index_repeat	state_calibrate[I]	dqs_start_index_repeat$_SDFFE_PP0P_/QN	state_calibrate[1]$_SDFFE_PP0P_/D
797	0.3030	lane_times_I[J]	stored_write_level_feedback	lane_times_8[4]$_SDFF_PP0_/Q	stored_write_level_feedback$_SDFFCE_PN0P_/D
798	0.3032	sync_rst_controller	reset_from_calibrate	sync_rst_controller$_DFF_P_/Q	reset_from_calibrate$_SDFF_PP0_/D
799	0.3040	instruction[I]	delay_counter[I]	instruction[26]$_SDFFE_PP1P_/Q	delay_counter[12]$_SDFFE_PP0P_/D
800	0.3049	stageI_do_rd	shift_reg_read_pipe_q[I][J]	stage2_do_rd$_SDFF_PP0_/Q	shift_reg_read_pipe_q[4][10]$_SDFF_PP0_/D
801	0.3054	pause_counter	instruction_address[I]	pause_counter$_SDFFE_PP0P_/QN	instruction_address[3]$_SDFF_PP0_/D
802	0.3059	instruction[I]	precharge_all_instruction	instruction[26]$_SDFFE_PP1P_/QN	precharge_all_instruction$_SDFF_PP0_/D
803	0.3063	bank_status_q[I]	stageI_do_wr_or_rd	bank_status_q[4]$_SDFF_PP0_/Q	stage2_do_wr_or_rd$_SDFF_PP0_/D
804	0.3066	final_calibration_done	idelay_data_cntvaluein[I][J]	final_calibration_done$_SDFFE_PP0P_/QN	idelay_data_cntvaluein[0][3]$_SDFFCE_PN0P_/D
805	0.3066	final_calibration_done	idelay_dqs_cntvaluein[I][J]	final_calibration_done$_SDFFE_PP0P_/QN	idelay_dqs_cntvaluein[0][0]$_SDFFCE_PN0P_/D
806	0.3066	final_calibration_done	odelay_data_cntvaluein[I][J]	final_calibration_done$_SDFFE_PP0P_/QN	odelay_data_cntvaluein[0][0]$_SDFFCE_PN0P_/D
807	0.3066	final_calibration_done	odelay_dqs_cntvaluein[I][J]	final_calibration_done$_SDFFE_PP0P_/QN	odelay_dqs_cntvaluein[0][0]$_SDFFCE_PN0P_/D
808	0.3076	stageI_do_act	write_dq_q[I]	stage2_do_act$_SDFF_PP0_/Q	write_dq_q[0]$_SDFF_PP0_/D
809	0.3078	stageI_do_act	write_dq[I]	stage2_do_act$_SDFF_PP0_/Q	write_dq[0]$_SDFF_PP0_/D
810	0.3084	stageI_dm_unaligned[J]	unaligned_dm[I][J]	stage2_dm_unaligned[58]$_SDFFE_PP0P_/Q	unaligned_dm[2][7]$_SDFF_PP0_/D
811	0.3097	sample_clk_repeat[I]	sample_clk_repeat[I]	sample_clk_repeat[0]$_SDFFCE_PP0P_/Q	sample_clk_repeat[1]$_SDFFCE_PP0P_/D
812	0.3098	sync_rst_controller	stageI_do_wr_or_rd	sync_rst_controller$_DFF_P_/Q	stage2_do_wr_or_rd$_SDFF_PP0_/D
813	0.3098	prev_write_level_feedback	state_calibrate[I]	prev_write_level_feedback$_SDFFE_PP1P_/Q	state_calibrate[1]$_SDFFE_PP0P_/D
814	0.3114	dqs_start_index_stored[I]	dqs_start_index_repeat	dqs_start_index_stored[0]$_SDFFE_PP0P_/Q	dqs_start_index_repeat$_SDFFE_PP0P_/D
815	0.3116	instruction[I]	instruction[I]	instruction[26]$_SDFFE_PP1P_/QN	instruction[21]$_SDFFE_PP1P_/D
816	0.3125	stageI_pending	write_ack_index_q[I]	stage2_pending$_SDFFE_PP0P_/Q	write_ack_index_q[1]$_SDFFE_PP0P_/D
817	0.3134	pause_counter	delay_counter[I]	pause_counter$_SDFFE_PP0P_/QN	delay_counter[12]$_SDFFE_PP0P_/D
818	0.3142	stageI_next_row[J]	bank_active_row_q[I][J]	stage1_next_row[0]$_SDFFE_PP0P_/Q	bank_active_row_q[2][0]$_SDFF_PP0_/D
819	0.3146	sync_rst_controller	stageI_do_pre	sync_rst_controller$_DFF_P_/Q	stage2_do_pre$_SDFF_PP0_/D
820	0.3151	stored_write_level_feedback	state_calibrate[I]	stored_write_level_feedback$_SDFFCE_PN0P_/QN	state_calibrate[1]$_SDFFE_PP0P_/D
821	0.3156	delay_before_read_data[I]	delay_before_read_data[I]	delay_before_read_data[1]$_SDFF_PP0_/QN	delay_before_read_data[1]$_SDFF_PP0_/D
822	0.3159	dqs_start_index_stored[I]	dqs_target_index_orig[I]	dqs_start_index_stored[0]$_SDFFE_PP0P_/Q	dqs_target_index_orig[5]$_SDFFE_PP0P_/D
823	0.3173	prev_write_level_feedback	lane[I]	prev_write_level_feedback$_SDFFE_PP1P_/Q	lane[2]$_SDFFE_PP0P_/D
824	0.3177	initial_dqs	dqs_target_index[I]	initial_dqs$_SDFFE_PP1P_/Q	dqs_target_index[0]$_SDFFE_PP0P_/D
825	0.3178	o_phy_idelay_data_ld[I]	o_phy_idelay_data_ld[I]	o_phy_idelay_data_ld[0]$_SDFF_PP0_/Q	o_phy_idelay_data_ld[0]
826	0.3178	o_phy_odelay_data_ld[I]	o_phy_odelay_data_ld[I]	o_phy_odelay_data_ld[0]$_SDFF_PP0_/Q	o_phy_odelay_data_ld[0]
827	0.3183	o_phy_write_leveling_calib	o_phy_write_leveling_calib	o_phy_write_leveling_calib$_SDFFE_PP0P_/Q	o_phy_write_leveling_calib
828	0.3198	dqs_target_index[I]	state_calibrate[I]	dqs_target_index[0]$_SDFFE_PP0P_/Q	state_calibrate[2]$_SDFFE_PP0P_/D
829	0.3200	final_calibration_done	o_calib_complete	final_calibration_done$_SDFFE_PP0P_/Q	o_calib_complete
830	0.3200	state_calibrate[I]	o_debugI[J]	state_calibrate[0]$_SDFFE_PP0P_/Q	o_debug1[0]
831	0.3200	sync_rst_controller	o_phy_reset	sync_rst_controller$_DFF_P_/Q	o_phy_reset
832	0.3201	user_self_refresh_q	precharge_all_instruction	user_self_refresh_q$_DFF_P_/Q	precharge_all_instruction$_SDFF_PP0_/D
833	0.3219	sync_rst_controller	bank_status_q[I]	sync_rst_controller$_DFF_P_/Q	bank_status_q[4]$_SDFF_PP0_/D
834	0.3219	pause_counter	delay_counter_is_zero	pause_counter$_SDFFE_PP0P_/QN	delay_counter_is_zero$_SDFF_PP0_/D
835	0.3220	sync_rst_controller	o_phy_idelay_data_ld[I]	sync_rst_controller$_DFF_P_/Q	o_phy_idelay_data_ld[0]$_SDFF_PP0_/D
836	0.3220	sync_rst_controller	o_phy_odelay_data_ld[I]	sync_rst_controller$_DFF_P_/Q	o_phy_odelay_data_ld[0]$_SDFF_PP0_/D
837	0.3222	o_phy_bitslip[I]	o_phy_bitslip[I]	o_phy_bitslip[0]$_SDFF_PP0_/Q	o_phy_bitslip[0]
838	0.3222	stageI_data[J][K]	o_phy_data[I]	stage2_data[1][0]$_SDFF_PP0_/Q	o_phy_data[0]
839	0.3222	stageI_dm[J][K]	o_phy_dm[I]	stage2_dm[1][0]$_SDFF_PP0_/Q	o_phy_dm[0]
840	0.3222	o_phy_dq_tri_control	o_phy_dq_tri_control	o_phy_dq_tri_control$_DFF_P_/Q	o_phy_dq_tri_control
841	0.3222	o_phy_dqs_tri_control	o_phy_dqs_tri_control	o_phy_dqs_tri_control$_DFF_P_/Q	o_phy_dqs_tri_control
842	0.3222	write_dqs_val[I]	o_phy_toggle_dqs	write_dqs_val[0]$_SDFF_PP0_/Q	o_phy_toggle_dqs
843	0.3225	sync_rst_controller	calib_stb	sync_rst_controller$_DFF_P_/Q	calib_stb$_SDFFE_PP0P_/D
844	0.3225	sync_rst_controller	o_phy_write_leveling_calib	sync_rst_controller$_DFF_P_/Q	o_phy_write_leveling_calib$_SDFFE_PP0P_/D
845	0.3225	sync_rst_controller	pause_counter	sync_rst_controller$_DFF_P_/Q	pause_counter$_SDFFE_PP0P_/D
846	0.3225	i_user_self_refresh	user_self_refresh_q	i_user_self_refresh	user_self_refresh_q$_DFF_P_/D
847	0.3226	sync_rst_controller	o_phy_bitslip[I]	sync_rst_controller$_DFF_P_/Q	o_phy_bitslip[7]$_SDFF_PP0_/D
848	0.3231	user_self_refresh_q	pause_counter	user_self_refresh_q$_DFF_P_/Q	pause_counter$_SDFFE_PP0P_/D
849	0.3238	dq_target_index[I]	dq_target_index[I]	dq_target_index[1]$_SDFF_PP0_/Q	dq_target_index[1]$_SDFF_PP0_/D
850	0.3245	sync_rst_controller	write_calib_dqs	sync_rst_controller$_DFF_P_/Q	write_calib_dqs$_SDFFE_PP0P_/D
851	0.3246	sync_rst_controller	prev_cmd_ck_en	sync_rst_controller$_DFF_P_/Q	prev_cmd_ck_en$_SDFF_PP0_/D
852	0.3247	prep_done[I]	lane_write_dq_late[I]	prep_done[1]$_SDFF_PP0_/Q	lane_write_dq_late[0]$_SDFFE_PP0P_/D
853	0.3254	dq_target_index[I]	dqs_bitslip_arrangement[I]	dq_target_index[2]$_SDFF_PP0_/Q	dqs_bitslip_arrangement[3]$_SDFFE_PP0P_/D
854	0.3264	stageI_do_update_delay_before_precharge_after_rd	delay_before_precharge_counter_q[I][J]	stage2_do_update_delay_before_precharge_after_rd$_SDFF_PP0_/Q	delay_before_precharge_counter_q[4][0]$_SDFF_PP0_/D
855	0.3267	sync_rst_controller	write_dqs_val[I]	sync_rst_controller$_DFF_P_/Q	write_dqs_val[0]$_SDFF_PP0_/D
856	0.3278	lane_read_dq_early[I]	reset_from_calibrate	lane_read_dq_early[5]$_SDFFE_PP0P_/Q	reset_from_calibrate$_SDFF_PP0_/D
857	0.3286	sync_rst_controller	lane[I]	sync_rst_controller$_DFF_P_/Q	lane[2]$_SDFFE_PP0P_/D
858	0.3287	stored_write_level_feedback	lane[I]	stored_write_level_feedback$_SDFFCE_PN0P_/QN	lane[2]$_SDFFE_PP0P_/D
859	0.3291	sync_rst_controller	write_pattern_matches	sync_rst_controller$_DFF_P_/Q	write_pattern_matches$_SDFF_PP0_/D
860	0.3304	sync_rst_controller	stageI_pending	sync_rst_controller$_DFF_P_/Q	stage1_pending$_SDFFE_PP0P_/D
861	0.3321	i_phy_iserdes_data[I]	o_wb_data_q[I][J]	i_phy_iserdes_data[100]	o_wb_data_q[0][100]$_SDFFE_PP0P_/D
862	0.3333	sync_rst_controller	check_test_address_counter[I]	sync_rst_controller$_DFF_P_/Q	check_test_address_counter[10]$_SDFFE_PP0P_/D
863	0.3336	dqs_count_repeat[I]	dqs_start_index_stored[I]	dqs_count_repeat[0]$_SDFFE_PP0P_/QN	dqs_start_index_stored[0]$_SDFFE_PP0P_/D
864	0.3346	o_wb_stall_int_q	train_delay[I]	o_wb_stall_int_q$_SDFF_PP1_/Q	train_delay[0]$_SDFF_PP0_/D
865	0.3359	prev_write_level_feedback	o_phy_write_leveling_calib	prev_write_level_feedback$_SDFFE_PP1P_/Q	o_phy_write_leveling_calib$_SDFFE_PP0P_/D
866	0.3370	dqs_bitslip_arrangement[I]	train_delay[I]	dqs_bitslip_arrangement[7]$_SDFFE_PP0P_/Q	train_delay[0]$_SDFF_PP0_/D
867	0.3371	initial_dqs	dq_target_index[I]	initial_dqs$_SDFFE_PP1P_/Q	dq_target_index[0]$_SDFFE_PP0P_/D
868	0.3373	write_test_address_counter[I]	calib_addr[I]	write_test_address_counter[6]$_SDFFE_PP0P_/Q	calib_addr[16]$_SDFFE_PP0P_/D
869	0.3396	stageI_row[J]	bank_active_row_q[I][J]	stage2_row[3]$_SDFF_PP0_/Q	bank_active_row_q[0][3]$_SDFF_PP0_/D
870	0.3397	prev_write_level_feedback	o_phy_odelay_data_ld[I]	prev_write_level_feedback$_SDFFE_PP1P_/Q	o_phy_odelay_data_ld[0]$_SDFF_PP0_/D
871	0.3411	stored_write_level_feedback	o_phy_write_leveling_calib	stored_write_level_feedback$_SDFFCE_PN0P_/QN	o_phy_write_leveling_calib$_SDFFE_PP0P_/D
872	0.3414	prep_done[I]	lane_read_dq_early[I]	prep_done[1]$_SDFF_PP0_/Q	lane_read_dq_early[7]$_SDFFE_PP0P_/D
873	0.3414	dqs_target_index_orig[I]	dqs_target_index[I]	dqs_target_index_orig[2]$_SDFFE_PP0P_/QN	dqs_target_index[5]$_SDFFE_PP0P_/D
874	0.3429	idelay_data_will_wrap	dq_target_index[I]	idelay_data_will_wrap$_DFFE_PN_/Q	dq_target_index[1]$_SDFF_PP0_/D
875	0.3463	sync_rst_controller	precharge_all_instruction	sync_rst_controller$_DFF_P_/Q	precharge_all_instruction$_SDFF_PP0_/D
876	0.3504	dqs_bitslip_arrangement[I]	o_phy_write_leveling_calib	dqs_bitslip_arrangement[7]$_SDFFE_PP0P_/Q	o_phy_write_leveling_calib$_SDFFE_PP0P_/D
877	0.3506	prev_write_level_feedback	write_calib_odt	prev_write_level_feedback$_SDFFE_PP1P_/Q	write_calib_odt$_SDFFE_PP0P_/D
878	0.3527	delay_before_precharge_counter_q[I][J]	delay_before_precharge_counter_q[I][J]	delay_before_precharge_counter_q[5][0]$_SDFF_PP0_/QN	delay_before_precharge_counter_q[5][2]$_SDFF_PP0_/D
879	0.3540	read_test_address_counter[I]	calib_addr[I]	read_test_address_counter[8]$_SDFFE_PP0P_/Q	calib_addr[8]$_SDFFE_PP0P_/D
880	0.3554	stageI_do_update_delay_before_precharge_after_wr	delay_before_precharge_counter_q[I][J]	stage2_do_update_delay_before_precharge_after_wr$_SDFF_PP0_/Q	delay_before_precharge_counter_q[4][1]$_SDFF_PP0_/D
881	0.3558	stored_write_level_feedback	write_calib_odt	stored_write_level_feedback$_SDFFCE_PN0P_/QN	write_calib_odt$_SDFFE_PP0P_/D
882	0.3560	force_o_wb_stall_calib_high_q	train_delay[I]	force_o_wb_stall_calib_high_q$_SDFF_PP0_/Q	train_delay[0]$_SDFF_PP0_/D
883	0.3566	i_rst_n	sync_rst_controller	i_rst_n	sync_rst_controller$_DFF_P_/D
884	0.3647	train_delay[I]	o_phy_write_leveling_calib	train_delay[1]$_SDFF_PP0_/QN	o_phy_write_leveling_calib$_SDFFE_PP0P_/D
885	0.3653	write_ack_index_q[I]	write_ack_index_q[I]	write_ack_index_q[0]$_SDFFE_PP1P_/Q	write_ack_index_q[2]$_SDFFE_PP0P_/D
886	0.3661	o_wb_stall_int_q	calib_stb	o_wb_stall_int_q$_SDFF_PP1_/Q	calib_stb$_SDFFE_PP0P_/D
887	0.3672	instruction[I]	delay_counter_is_zero	instruction[26]$_SDFFE_PP1P_/QN	delay_counter_is_zero$_SDFF_PP0_/D
888	0.3672	stored_write_level_feedback	o_phy_odelay_data_ld[I]	stored_write_level_feedback$_SDFFCE_PN0P_/QN	o_phy_odelay_data_ld[0]$_SDFF_PP0_/D
889	0.3674	stageI_next_row[J]	stageI_next_row[J]	stage1_next_row[0]$_SDFFE_PP0P_/Q	stage1_next_row[0]$_SDFFE_PP0P_/D
890	0.3680	sync_rst_controller	stageI_do_update_delay_before_precharge_after_rd	sync_rst_controller$_DFF_P_/Q	stage2_do_update_delay_before_precharge_after_rd$_SDFF_PP0_/D
891	0.3687	o_wb_stall_int_q	pause_counter	o_wb_stall_int_q$_SDFF_PP1_/Q	pause_counter$_SDFFE_PP0P_/D
892	0.3707	prep_done[I]	start_index_check[I]	prep_done[1]$_SDFF_PP0_/Q	start_index_check[4]$_SDFFCE_PN0P_/D
893	0.3709	instruction[I]	instruction_address[I]	instruction[26]$_SDFFE_PP1P_/QN	instruction_address[0]$_SDFF_PP0_/D
894	0.3730	final_calibration_done	o_wb_stall_int_q	final_calibration_done$_SDFFE_PP0P_/Q	o_wb_stall_int_q$_SDFF_PP1_/D
895	0.3735	write_pattern_matches	start_index_check[I]	write_pattern_matches$_SDFF_PP0_/QN	start_index_check[4]$_SDFFCE_PN0P_/D
896	0.3736	user_self_refresh_q	instruction_address[I]	user_self_refresh_q$_DFF_P_/Q	instruction_address[0]$_SDFF_PP0_/D
897	0.3769	initial_dqs	dqs_target_index_orig[I]	initial_dqs$_SDFFE_PP1P_/Q	dqs_target_index_orig[3]$_SDFFE_PP0P_/D
898	0.3778	delay_counter_is_zero	delay_counter[I]	delay_counter_is_zero$_SDFF_PP0_/Q	delay_counter[14]$_SDFFE_PP0P_/D
899	0.3791	o_wb_stall_int_q	o_wb_stall_int_q	o_wb_stall_int_q$_SDFF_PP1_/QN	o_wb_stall_int_q$_SDFF_PP1_/D
900	0.3797	prep_done[I]	dq_target_index[I]	prep_done[1]$_SDFF_PP0_/Q	dq_target_index[1]$_SDFF_PP0_/D
901	0.3814	user_self_refresh_q	delay_counter_is_zero	user_self_refresh_q$_DFF_P_/Q	delay_counter_is_zero$_SDFF_PP0_/D
902	0.3817	stageI_next_bank[J]	stageI_next_bank[J]	stage1_next_bank[2]$_SDFFE_PP0P_/Q	stage1_next_bank[2]$_SDFFE_PP0P_/D
903	0.3822	train_delay[I]	train_delay[I]	train_delay[1]$_SDFF_PP0_/QN	train_delay[1]$_SDFF_PP0_/D
904	0.3825	added_read_pipe_max	added_read_pipe_max	added_read_pipe_max$_SDFFE_PP0P_/Q	added_read_pipe_max$_SDFFE_PP0P_/D
905	0.3840	dq_target_index[I]	dqs_bitslip_arrangement[I]	dq_target_index[0]$_SDFFE_PP0P_/Q	dqs_bitslip_arrangement[5]$_SDFFE_PP0P_/D
906	0.3849	user_self_refresh_q	delay_counter[I]	user_self_refresh_q$_DFF_P_/Q	delay_counter[12]$_SDFFE_PP0P_/D
907	0.3852	start_index_check[I]	start_index_check[I]	start_index_check[4]$_SDFFCE_PN0P_/Q	start_index_check[4]$_SDFFCE_PN0P_/D
908	0.3869	calib_stb	o_wb_stall_int_q	calib_stb$_SDFFE_PP0P_/QN	o_wb_stall_int_q$_SDFF_PP1_/D
909	0.3875	force_o_wb_stall_calib_high_q	calib_stb	force_o_wb_stall_calib_high_q$_SDFF_PP0_/Q	calib_stb$_SDFFE_PP0P_/D
910	0.3880	stageI_do_rd	write_ack_index_q[I]	stage2_do_rd$_SDFF_PP0_/Q	write_ack_index_q[1]$_SDFFE_PP0P_/D
911	0.3901	force_o_wb_stall_calib_high_q	pause_counter	force_o_wb_stall_calib_high_q$_SDFF_PP0_/Q	pause_counter$_SDFFE_PP0P_/D
912	0.3913	dqs_start_index_stored[I]	dq_target_index[I]	dqs_start_index_stored[0]$_SDFFE_PP0P_/Q	dq_target_index[0]$_SDFFE_PP0P_/D
913	0.3919	instruction_address[I]	user_self_refresh_q	instruction_address[2]$_SDFF_PP0_/Q	user_self_refresh_q$_DFF_P_/D
914	0.3925	stored_write_level_feedback	sample_clk_repeat[I]	stored_write_level_feedback$_SDFFCE_PN0P_/Q	sample_clk_repeat[3]$_SDFFCE_PP0P_/D
915	0.3932	stageI_bank[J]	stageI_bank[J]	stage1_bank[2]$_SDFFE_PP0P_/Q	stage1_bank[2]$_SDFFE_PP0P_/D
916	0.3948	train_delay[I]	final_calibration_done	train_delay[1]$_SDFF_PP0_/QN	final_calibration_done$_SDFFE_PP0P_/D
917	0.3949	stageI_row[J]	stageI_row[J]	stage2_row[6]$_SDFF_PP0_/Q	stage2_row[6]$_SDFF_PP0_/D
918	0.3968	write_pattern[I]	write_pattern[I]	write_pattern[0]$_SDFFE_PP0P_/Q	write_pattern[0]$_SDFFE_PP0P_/D
919	0.3981	stageI_row[J]	stageI_row[J]	stage1_row[10]$_SDFFE_PP0P_/Q	stage2_row[10]$_SDFF_PP0_/D
920	0.4009	bank_active_row_q[I][J]	bank_active_row_q[I][J]	bank_active_row_q[1][3]$_SDFF_PP0_/Q	bank_active_row_q[1][3]$_SDFF_PP0_/D
921	0.4014	initial_dqs	initial_dqs	initial_dqs$_SDFFE_PP1P_/Q	initial_dqs$_SDFFE_PP1P_/D
922	0.4022	dqs_start_index_stored[I]	dqs_start_index_stored[I]	dqs_start_index_stored[0]$_SDFFE_PP0P_/Q	dqs_start_index_stored[0]$_SDFFE_PP0P_/D
923	0.4026	stageI_do_rd	cmd_odt_q	stage2_do_rd$_SDFF_PP0_/Q	cmd_odt_q$_SDFF_PP0_/D
924	0.4028	pause_counter	pause_counter	pause_counter$_SDFFE_PP0P_/Q	pause_counter$_SDFFE_PP0P_/D
925	0.4030	sync_rst_controller	sample_clk_repeat[I]	sync_rst_controller$_DFF_P_/QN	sample_clk_repeat[3]$_SDFFCE_PP0P_/D
926	0.4061	read_data_store[I]	read_lane_data[I]	read_data_store[90]$_SDFFE_PP0P_/Q	read_lane_data[10]$_SDFF_PP0_/D
927	0.4063	sync_rst_controller	reset_from_test	sync_rst_controller$_DFF_P_/Q	reset_from_test$_SDFF_PP0_/D
928	0.4069	dq_target_index[I]	dq_target_index[I]	dq_target_index[0]$_SDFFE_PP0P_/Q	dq_target_index[0]$_SDFFE_PP0P_/D
929	0.4092	dqs_count_repeat[I]	dqs_count_repeat[I]	dqs_count_repeat[1]$_SDFFE_PP0P_/Q	dqs_count_repeat[2]$_SDFFE_PP0P_/D
930	0.4119	force_o_wb_stall_high_q	pause_counter	force_o_wb_stall_high_q$_SDFF_PP0_/Q	pause_counter$_SDFFE_PP0P_/D
931	0.4139	sync_rst_controller	start_index_check[I]	sync_rst_controller$_DFF_P_/QN	start_index_check[4]$_SDFFCE_PN0P_/D
932	0.4139	delay_read_pipe[I][J]	delay_read_pipe[I][J]	delay_read_pipe[0][1]$_SDFF_PN0_/Q	delay_read_pipe[0][0]$_DFF_P_/D
933	0.4154	calib_addr[I]	stageI_row[J]	calib_addr[16]$_SDFFE_PP0P_/Q	stage1_row[6]$_SDFFE_PP0P_/D
934	0.4160	dqs_start_index_repeat	dqs_start_index_repeat	dqs_start_index_repeat$_SDFFE_PP0P_/Q	dqs_start_index_repeat$_SDFFE_PP0P_/D
935	0.4163	final_calibration_done	pause_counter	final_calibration_done$_SDFFE_PP0P_/QN	pause_counter$_SDFFE_PP0P_/D
936	0.4180	precharge_all_instruction	cmd_odt_q	precharge_all_instruction$_SDFF_PP0_/Q	cmd_odt_q$_SDFF_PP0_/D
937	0.4189	sync_rst_controller	lane_times_I[J]	sync_rst_controller$_DFF_P_/Q	lane_times_8[3]$_SDFF_PP0_/D
938	0.4199	calib_addr[I]	stageI_bank[J]	calib_addr[7]$_SDFFE_PP0P_/Q	stage1_bank[0]$_SDFFE_PP0P_/D
939	0.4230	prev_write_level_feedback	prev_write_level_feedback	prev_write_level_feedback$_SDFFE_PP1P_/Q	prev_write_level_feedback$_SDFFE_PP1P_/D
940	0.4266	stageI_do_wr	write_ack_index_q[I]	stage2_do_wr$_SDFF_PP0_/QN	write_ack_index_q[1]$_SDFFE_PP0P_/D
941	0.4270	bank_status_q[I]	bank_status_q[I]	bank_status_q[4]$_SDFF_PP0_/Q	bank_status_q[4]$_SDFF_PP0_/D
942	0.4308	dqs_target_index[I]	dqs_target_index[I]	dqs_target_index[0]$_SDFFE_PP0P_/Q	dqs_target_index[0]$_SDFFE_PP0P_/D
943	0.4309	start_index_check[I]	reset_from_calibrate	start_index_check[4]$_SDFFCE_PN0P_/Q	reset_from_calibrate$_SDFF_PP0_/D
944	0.4312	write_pattern_matches	reset_from_calibrate	write_pattern_matches$_SDFF_PP0_/Q	reset_from_calibrate$_SDFF_PP0_/D
945	0.4325	added_read_pipe_max	delay_read_pipe[I][J]	added_read_pipe_max$_SDFFE_PP0P_/Q	delay_read_pipe[0][1]$_SDFF_PN0_/D
946	0.4344	prep_done[I]	dq_target_index[I]	prep_done[1]$_SDFF_PP0_/Q	dq_target_index[0]$_SDFFE_PP0P_/D
947	0.4352	o_wb_data_q[I][J]	read_data_store[I]	o_wb_data_q[0][446]$_SDFFE_PP0P_/Q	read_data_store[446]$_SDFFE_PP0P_/D
948	0.4360	read_lane_data[I]	read_lane_data_shifted[I]	read_lane_data[51]$_SDFF_PP0_/Q	read_lane_data_shifted[19]$_SDFF_PP0_/D
949	0.4380	sync_rst_controller	stored_write_level_feedback	sync_rst_controller$_DFF_P_/QN	stored_write_level_feedback$_SDFFCE_PN0P_/D
950	0.4391	stored_write_level_feedback	prev_write_level_feedback	stored_write_level_feedback$_SDFFCE_PN0P_/Q	prev_write_level_feedback$_SDFFE_PP1P_/D
951	0.4396	prep_done[I]	reset_from_calibrate	prep_done[1]$_SDFF_PP0_/Q	reset_from_calibrate$_SDFF_PP0_/D
952	0.4413	prep_done[I]	prep_done[I]	prep_done[1]$_SDFF_PP0_/Q	prep_done[1]$_SDFF_PP0_/D
953	0.4434	unaligned_dm[I][J]	stageI_dm[J][K]	unaligned_dm[4][1]$_SDFF_PP0_/Q	stage2_dm[1][12]$_SDFF_PP0_/D
954	0.4436	unaligned_dm[I][J]	stageI_dm[J][K]	unaligned_dm[5][7]$_SDFF_PP0_/Q	stage2_dm[0][61]$_SDFFE_PP0N_/D
955	0.4464	shift_reg_read_pipe_q[I][J]	delay_read_pipe[I][J]	shift_reg_read_pipe_q[1][16]$_SDFF_PP0_/Q	delay_read_pipe[0][0]$_DFF_P_/D
956	0.4467	stageI_we	stageI_do_rd	stage1_we$_SDFFE_PP0P_/Q	stage2_do_rd$_SDFF_PP0_/D
957	0.4468	idelay_data_will_wrap	dq_target_index[I]	idelay_data_will_wrap$_DFFE_PN_/Q	dq_target_index[0]$_SDFFE_PP0P_/D
958	0.4499	calib_we	stageI_we	calib_we$_SDFFE_PP0P_/Q	stage1_we$_SDFFE_PP0P_/D
959	0.4505	precharge_all_instruction	bank_status_q[I]	precharge_all_instruction$_SDFF_PP0_/Q	bank_status_q[7]$_SDFF_PP0_/D
960	0.4516	calib_addr[I]	stageI_col[J]	calib_addr[0]$_SDFFE_PP0P_/Q	stage1_col[3]$_SDFFE_PP0P_/D
961	0.4516	stageI_we	stageI_do_wr	stage1_we$_SDFFE_PP0P_/Q	stage2_do_wr$_SDFF_PP0_/D
962	0.4523	dqs_start_index_repeat	initial_dqs	dqs_start_index_repeat$_SDFFE_PP0P_/Q	initial_dqs$_SDFFE_PP1P_/D
963	0.4526	stageI_we	stageI_do_rd	stage2_we$_SDFF_PP0_/Q	stage2_do_rd$_SDFF_PP0_/D
964	0.4546	calib_data[I]	stageI_data[J]	calib_data[112]$_SDFFE_PP0P_/Q	stage1_data[112]$_SDFFE_PP0P_/D
965	0.4549	calib_sel[I]	stageI_dm[J]	calib_sel[0]$_SDFFE_PP0P_/Q	stage1_dm[0]$_SDFFE_PP0P_/D
966	0.4555	stageI_we	stageI_do_wr	stage2_we$_SDFF_PP0_/Q	stage2_do_wr$_SDFF_PP0_/D
967	0.4557	calib_aux[I]	stageI_aux[J]	calib_aux[0]$_SDFFE_PP0P_/Q	stage1_aux[0]$_SDFFE_PP0P_/D
968	0.4575	final_calibration_done	final_calibration_done	final_calibration_done$_SDFFE_PP0P_/Q	final_calibration_done$_SDFFE_PP0P_/D
969	0.4585	write_calib_dqs	write_dqs[I]	write_calib_dqs$_SDFFE_PP0P_/Q	write_dqs[0]$_SDFF_PP0_/D
970	0.4596	dqs_store[I]	dqs_store[I]	dqs_store[37]$_SDFFE_PP0P_/Q	dqs_store[37]$_SDFFE_PP0P_/D
971	0.4607	final_calibration_done	user_self_refresh_q	final_calibration_done$_SDFFE_PP0P_/Q	user_self_refresh_q$_DFF_P_/D
972	0.4617	unaligned_data[I][J]	stageI_data[J][K]	unaligned_data[1][23]$_SDFF_PP0_/Q	stage2_data[1][143]$_SDFF_PP0_/D
973	0.4618	unaligned_data[I][J]	stageI_data[J][K]	unaligned_data[0][23]$_SDFF_PP0_/Q	stage2_data[0][135]$_SDFFE_PP0N_/D
974	0.4628	stageI_row[J]	stageI_row[J]	stage1_row[8]$_SDFFE_PP0P_/Q	stage1_row[8]$_SDFFE_PP0P_/D
975	0.4633	calib_stb	stageI_pending	calib_stb$_SDFFE_PP0P_/Q	stage1_pending$_SDFFE_PP0P_/D
976	0.4635	calib_we	calib_aux[I]	calib_we$_SDFFE_PP0P_/Q	calib_aux[0]$_SDFFE_PP0P_/D
977	0.4656	added_read_pipe[I]	added_read_pipe[I]	added_read_pipe[0]$_SDFFCE_PN0P_/Q	added_read_pipe[0]$_SDFFCE_PN0P_/D
978	0.4676	calib_addr[I]	calib_addr[I]	calib_addr[16]$_SDFFE_PP0P_/Q	calib_addr[16]$_SDFFE_PP0P_/D
979	0.4679	idelay_data_will_wrap	idelay_data_will_wrap	idelay_data_will_wrap$_DFFE_PN_/Q	idelay_data_will_wrap$_DFFE_PN_/D
980	0.4684	dqs_bitslip_arrangement[I]	dqs_bitslip_arrangement[I]	dqs_bitslip_arrangement[0]$_SDFFE_PP0P_/Q	dqs_bitslip_arrangement[0]$_SDFFE_PP0P_/D
981	0.4685	write_calib_odt	cmd_odt_q	write_calib_odt$_SDFFE_PP0P_/Q	cmd_odt_q$_SDFF_PP0_/D
982	0.4696	write_calib_dqs	write_calib_dqs	write_calib_dqs$_SDFFE_PP0P_/Q	write_calib_dqs$_SDFFE_PP0P_/D
983	0.4699	stageI_we	stageI_we	stage1_we$_SDFFE_PP0P_/Q	stage2_we$_SDFF_PP0_/D
984	0.4719	stageI_data_unaligned[J]	stageI_data_unaligned[J]	stage2_data_unaligned[471]$_SDFFE_PP0P_/Q	stage2_data_unaligned[471]$_SDFFE_PP0P_/D
985	0.4742	stageI_aux[J]	shift_reg_read_pipe_q[I][J]	stage2_aux[15]$_SDFFE_PP0P_/Q	shift_reg_read_pipe_q[0][16]$_SDFF_PP0_/D
986	0.4745	index_read_pipe	delay_read_pipe[I][J]	index_read_pipe$_SDFFE_PP0P_/Q	delay_read_pipe[1][0]$_DFF_P_/D
987	0.4749	dqs_target_index_orig[I]	dq_target_index[I]	dqs_target_index_orig[0]$_SDFFE_PP0P_/Q	dq_target_index[0]$_SDFFE_PP0P_/D
988	0.4763	stageI_we	stageI_we	stage2_we$_SDFF_PP0_/Q	stage2_we$_SDFF_PP0_/D
989	0.4768	cmd_odt_q	cmd_odt_q	cmd_odt_q$_SDFF_PP0_/Q	cmd_odt_q$_SDFF_PP0_/D
990	0.4770	stageI_aux[J]	stageI_aux[J]	stage2_aux[0]$_SDFFE_PP0P_/Q	stage2_aux[0]$_SDFFE_PP0P_/D
991	0.4786	shift_reg_read_pipe_q[I][J]	index_read_pipe	shift_reg_read_pipe_q[1][16]$_SDFF_PP0_/Q	index_read_pipe$_SDFFE_PP0P_/D
992	0.4794	write_dqs_q[I]	write_dqs[I]	write_dqs_q[0]$_SDFF_PP0_/Q	write_dqs[0]$_SDFF_PP0_/D
993	0.4811	stageI_dm_unaligned[J]	stageI_dm_unaligned[J]	stage2_dm_unaligned[58]$_SDFFE_PP0P_/Q	stage2_dm_unaligned[58]$_SDFFE_PP0P_/D
994	0.4849	shift_reg_read_pipe_q[I][J]	delay_read_pipe[I][J]	shift_reg_read_pipe_q[1][16]$_SDFF_PP0_/Q	delay_read_pipe[0][1]$_SDFF_PN0_/D
995	0.4855	reset_done	reset_done	reset_done$_SDFFE_PP0P_/Q	reset_done$_SDFFE_PP0P_/D
996	0.4867	calib_data[I]	calib_data[I]	calib_data[133]$_SDFFE_PP0P_/Q	calib_data[133]$_SDFFE_PP0P_/D
997	0.4889	calib_we	calib_we	calib_we$_SDFFE_PP0P_/QN	calib_we$_SDFFE_PP0P_/D
998	0.4911	stageI_pending	pause_counter	stage1_pending$_SDFFE_PP0P_/QN	pause_counter$_SDFFE_PP0P_/D
999	0.4918	calib_stb	calib_stb	calib_stb$_SDFFE_PP0P_/Q	calib_stb$_SDFFE_PP0P_/D
1000	0.4941	stageI_we	stageI_we	stage1_we$_SDFFE_PP0P_/Q	stage1_we$_SDFFE_PP0P_/D
