# stage	1_synth
# top_module	axi_crossbar_wrap_8x8
# top_n	1000
# kind	blocks
# skip_async	1
# include_full	1
# rank	worst_slack_ns	start	end	start_full	end_full
1	-0.3047	mI_axi_bvalid	axi_crossbar_inst.axi_crossbar_wr_inst.s_ifaces[I].b_arb_inst.mask_reg[J]	m02_axi_bvalid	axi_crossbar_inst.axi_crossbar_wr_inst.s_ifaces[6].b_arb_inst.mask_reg[7]$_SDFFE_PP0P_/D
2	-0.3040	mI_axi_bid[J]	axi_crossbar_inst.axi_crossbar_wr_inst.s_ifaces[I].b_arb_inst.mask_reg[J]	m07_axi_bid[8]	axi_crossbar_inst.axi_crossbar_wr_inst.s_ifaces[0].b_arb_inst.mask_reg[3]$_SDFFE_PP0P_/D
3	-0.2878	mI_axi_bid[J]	axi_crossbar_inst.axi_crossbar_wr_inst.m_ifaces[I].a_arb_inst.mask_reg[J]	m03_axi_bid[9]	axi_crossbar_inst.axi_crossbar_wr_inst.m_ifaces[3].a_arb_inst.mask_reg[7]$_SDFFE_PP0P_/D
4	-0.2815	mI_axi_rid[J]	axi_crossbar_inst.axi_crossbar_rd_inst.s_ifaces[I].r_arb_inst.mask_reg[J]	m06_axi_rid[10]	axi_crossbar_inst.axi_crossbar_rd_inst.s_ifaces[2].r_arb_inst.mask_reg[7]$_SDFFE_PP0P_/D
5	-0.2666	mI_axi_rvalid	axi_crossbar_inst.axi_crossbar_rd_inst.s_ifaces[I].r_arb_inst.mask_reg[J]	m06_axi_rvalid	axi_crossbar_inst.axi_crossbar_rd_inst.s_ifaces[3].r_arb_inst.mask_reg[7]$_SDFFE_PP0P_/D
6	-0.2596	sI_axi_wlast	axi_crossbar_inst.axi_crossbar_wr_inst.m_ifaces[I].a_arb_inst.mask_reg[J]	s06_axi_wlast	axi_crossbar_inst.axi_crossbar_wr_inst.m_ifaces[3].a_arb_inst.mask_reg[7]$_SDFFE_PP0P_/D
7	-0.2519	sI_axi_wvalid	axi_crossbar_inst.axi_crossbar_wr_inst.m_ifaces[I].a_arb_inst.mask_reg[J]	s00_axi_wvalid	axi_crossbar_inst.axi_crossbar_wr_inst.m_ifaces[2].a_arb_inst.mask_reg[3]$_SDFFE_PP0P_/D
8	-0.2485	mI_axi_rid[J]	axi_crossbar_inst.axi_crossbar_rd_inst.m_ifaces[I].a_arb_inst.mask_reg[J]	m04_axi_rid[9]	axi_crossbar_inst.axi_crossbar_rd_inst.m_ifaces[4].a_arb_inst.mask_reg[5]$_SDFFE_PP0P_/D
9	-0.2315	axi_crossbar_inst.axi_crossbar_rd_inst.s_ifaces[I].addr_inst.s_axi_aid_reg[J]	axi_crossbar_inst.axi_crossbar_rd_inst.s_ifaces[I].addr_inst.thread_count_reg[J][K]	axi_crossbar_inst.axi_crossbar_rd_inst.s_ifaces[2].addr_inst.s_axi_aid_reg[5]$_DFFE_PP_/Q	axi_crossbar_inst.axi_crossbar_rd_inst.s_ifaces[2].addr_inst.thread_count_reg[1][4]$_SDFFE_PP0P_/D
10	-0.2241	axi_crossbar_inst.axi_crossbar_wr_inst.s_ifaces[I].addr_inst.s_axi_aid_reg[J]	axi_crossbar_inst.axi_crossbar_wr_inst.s_ifaces[I].addr_inst.thread_count_reg[J][K]	axi_crossbar_inst.axi_crossbar_wr_inst.s_ifaces[7].addr_inst.s_axi_aid_reg[5]$_DFFE_PP_/Q	axi_crossbar_inst.axi_crossbar_wr_inst.s_ifaces[7].addr_inst.thread_count_reg[0][4]$_SDFFE_PP0P_/D
11	-0.2233	axi_crossbar_inst.axi_crossbar_wr_inst.s_ifaces[I].addr_inst.thread_count_reg[J][K]	axi_crossbar_inst.axi_crossbar_wr_inst.s_ifaces[I].addr_inst.thread_count_reg[J][K]	axi_crossbar_inst.axi_crossbar_wr_inst.s_ifaces[2].addr_inst.thread_count_reg[1][2]$_SDFFE_PP0P_/Q	axi_crossbar_inst.axi_crossbar_wr_inst.s_ifaces[2].addr_inst.thread_count_reg[0][4]$_SDFFE_PP0P_/D
12	-0.2103	axi_crossbar_inst.axi_crossbar_rd_inst.s_ifaces[I].addr_inst.thread_id_reg[J][K]	axi_crossbar_inst.axi_crossbar_rd_inst.s_ifaces[I].addr_inst.thread_count_reg[J][K]	axi_crossbar_inst.axi_crossbar_rd_inst.s_ifaces[2].addr_inst.thread_id_reg[1][5]$_DFFE_PP_/Q	axi_crossbar_inst.axi_crossbar_rd_inst.s_ifaces[2].addr_inst.thread_count_reg[1][4]$_SDFFE_PP0P_/D
13	-0.2002	axi_crossbar_inst.axi_crossbar_wr_inst.s_ifaces[I].addr_inst.thread_id_reg[J][K]	axi_crossbar_inst.axi_crossbar_wr_inst.s_ifaces[I].addr_inst.thread_count_reg[J][K]	axi_crossbar_inst.axi_crossbar_wr_inst.s_ifaces[7].addr_inst.thread_id_reg[1][6]$_DFFE_PP_/Q	axi_crossbar_inst.axi_crossbar_wr_inst.s_ifaces[7].addr_inst.thread_count_reg[0][4]$_SDFFE_PP0P_/D
14	-0.1986	axi_crossbar_inst.axi_crossbar_rd_inst.s_ifaces[I].addr_inst.thread_count_reg[J][K]	axi_crossbar_inst.axi_crossbar_rd_inst.s_ifaces[I].addr_inst.thread_count_reg[J][K]	axi_crossbar_inst.axi_crossbar_rd_inst.s_ifaces[0].addr_inst.thread_count_reg[0][1]$_SDFFE_PP0P_/Q	axi_crossbar_inst.axi_crossbar_rd_inst.s_ifaces[0].addr_inst.thread_count_reg[1][4]$_SDFFE_PP0P_/D
15	-0.1819	axi_crossbar_inst.axi_crossbar_rd_inst.s_ifaces[I].addr_inst.s_axi_aid_reg[J]	axi_crossbar_inst.axi_crossbar_rd_inst.s_ifaces[I].addr_inst.trans_count_reg[J]	axi_crossbar_inst.axi_crossbar_rd_inst.s_ifaces[2].addr_inst.s_axi_aid_reg[5]$_DFFE_PP_/Q	axi_crossbar_inst.axi_crossbar_rd_inst.s_ifaces[2].addr_inst.trans_count_reg[4]$_SDFFE_PP0P_/D
16	-0.1675	mI_axi_bid[J]	axi_crossbar_inst.axi_crossbar_wr_inst.m_ifaces[I].trans_count_reg[J]	m03_axi_bid[9]	axi_crossbar_inst.axi_crossbar_wr_inst.m_ifaces[3].trans_count_reg[2]$_SDFFE_PP0P_/D
17	-0.1624	axi_crossbar_inst.axi_crossbar_wr_inst.s_ifaces[I].addr_inst.s_axi_aid_reg[J]	axi_crossbar_inst.axi_crossbar_wr_inst.s_ifaces[I].addr_inst.trans_count_reg[J]	axi_crossbar_inst.axi_crossbar_wr_inst.s_ifaces[7].addr_inst.s_axi_aid_reg[5]$_DFFE_PP_/Q	axi_crossbar_inst.axi_crossbar_wr_inst.s_ifaces[7].addr_inst.trans_count_reg[4]$_SDFFE_PP0P_/D
18	-0.1609	axi_crossbar_inst.axi_crossbar_rd_inst.s_ifaces[I].addr_inst.m_select_reg[J]	axi_crossbar_inst.axi_crossbar_rd_inst.s_ifaces[I].addr_inst.thread_count_reg[J][K]	axi_crossbar_inst.axi_crossbar_rd_inst.s_ifaces[6].addr_inst.m_select_reg[2]$_DFF_P_/Q	axi_crossbar_inst.axi_crossbar_rd_inst.s_ifaces[6].addr_inst.thread_count_reg[0][4]$_SDFFE_PP0P_/D
19	-0.1606	axi_crossbar_inst.axi_crossbar_rd_inst.s_ifaces[I].addr_inst.thread_id_reg[J][K]	axi_crossbar_inst.axi_crossbar_rd_inst.s_ifaces[I].addr_inst.trans_count_reg[J]	axi_crossbar_inst.axi_crossbar_rd_inst.s_ifaces[2].addr_inst.thread_id_reg[1][5]$_DFFE_PP_/Q	axi_crossbar_inst.axi_crossbar_rd_inst.s_ifaces[2].addr_inst.trans_count_reg[4]$_SDFFE_PP0P_/D
20	-0.1591	axi_crossbar_inst.axi_crossbar_wr_inst.s_ifaces[I].addr_inst.thread_count_reg[J][K]	axi_crossbar_inst.axi_crossbar_wr_inst.s_ifaces[I].addr_inst.trans_count_reg[J]	axi_crossbar_inst.axi_crossbar_wr_inst.s_ifaces[2].addr_inst.thread_count_reg[1][2]$_SDFFE_PP0P_/Q	axi_crossbar_inst.axi_crossbar_wr_inst.s_ifaces[2].addr_inst.trans_count_reg[4]$_SDFFE_PP0P_/D
21	-0.1566	mI_axi_rvalid	axi_crossbar_inst.axi_crossbar_rd_inst.m_ifaces[I].a_arb_inst.mask_reg[J]	m04_axi_rvalid	axi_crossbar_inst.axi_crossbar_rd_inst.m_ifaces[4].a_arb_inst.mask_reg[5]$_SDFFE_PP0P_/D
22	-0.1546	mI_axi_bvalid	axi_crossbar_inst.axi_crossbar_wr_inst.s_ifaces[I].b_arb_inst.grant_reg[J]	m02_axi_bvalid	axi_crossbar_inst.axi_crossbar_wr_inst.s_ifaces[5].b_arb_inst.grant_reg[1]$_SDFFE_PP0P_/D
23	-0.1531	axi_crossbar_inst.axi_crossbar_wr_inst.s_ifaces[I].addr_inst.m_select_reg[J]	axi_crossbar_inst.axi_crossbar_wr_inst.s_ifaces[I].addr_inst.thread_count_reg[J][K]	axi_crossbar_inst.axi_crossbar_wr_inst.s_ifaces[3].addr_inst.m_select_reg[1]$_DFF_P_/Q	axi_crossbar_inst.axi_crossbar_wr_inst.s_ifaces[3].addr_inst.thread_count_reg[0][4]$_SDFFE_PP0P_/D
24	-0.1495	mI_axi_rlast	axi_crossbar_inst.axi_crossbar_rd_inst.s_ifaces[I].r_arb_inst.mask_reg[J]	m03_axi_rlast	axi_crossbar_inst.axi_crossbar_rd_inst.s_ifaces[0].r_arb_inst.mask_reg[7]$_SDFFE_PP0P_/D
25	-0.1489	mI_axi_bid[J]	axi_crossbar_inst.axi_crossbar_wr_inst.s_ifaces[I].b_arb_inst.grant_reg[J]	m01_axi_bid[10]	axi_crossbar_inst.axi_crossbar_wr_inst.s_ifaces[5].b_arb_inst.grant_reg[1]$_SDFFE_PP0P_/D
26	-0.1486	mI_axi_rlast	axi_crossbar_inst.axi_crossbar_rd_inst.s_ifaces[I].r_arb_inst.grant_reg[J]	m03_axi_rlast	axi_crossbar_inst.axi_crossbar_rd_inst.s_ifaces[0].r_arb_inst.grant_reg[4]$_SDFFE_PP0P_/D
27	-0.1469	mI_axi_rlast	axi_crossbar_inst.axi_crossbar_rd_inst.s_ifaces[I].r_arb_inst.grant_encoded_reg[J]	m03_axi_rlast	axi_crossbar_inst.axi_crossbar_rd_inst.s_ifaces[0].r_arb_inst.grant_encoded_reg[2]$_SDFFE_PP0P_/D
28	-0.1468	mI_axi_rid[J]	axi_crossbar_inst.axi_crossbar_rd_inst.m_ifaces[I].trans_count_reg[J]	m03_axi_rid[10]	axi_crossbar_inst.axi_crossbar_rd_inst.m_ifaces[3].trans_count_reg[2]$_SDFFE_PP0P_/D
29	-0.1467	axi_crossbar_inst.axi_crossbar_rd_inst.s_ifaces[I].addr_inst.thread_count_reg[J][K]	axi_crossbar_inst.axi_crossbar_rd_inst.s_ifaces[I].addr_inst.trans_count_reg[J]	axi_crossbar_inst.axi_crossbar_rd_inst.s_ifaces[2].addr_inst.thread_count_reg[0][1]$_SDFFE_PP0P_/Q	axi_crossbar_inst.axi_crossbar_rd_inst.s_ifaces[2].addr_inst.trans_count_reg[4]$_SDFFE_PP0P_/D
30	-0.1384	axi_crossbar_inst.axi_crossbar_wr_inst.s_ifaces[I].addr_inst.thread_id_reg[J][K]	axi_crossbar_inst.axi_crossbar_wr_inst.s_ifaces[I].addr_inst.trans_count_reg[J]	axi_crossbar_inst.axi_crossbar_wr_inst.s_ifaces[7].addr_inst.thread_id_reg[1][6]$_DFFE_PP_/Q	axi_crossbar_inst.axi_crossbar_wr_inst.s_ifaces[7].addr_inst.trans_count_reg[4]$_SDFFE_PP0P_/D
31	-0.1336	mI_axi_rid[J]	axi_crossbar_inst.axi_crossbar_rd_inst.s_ifaces[I].r_arb_inst.grant_reg[J]	m04_axi_rid[9]	axi_crossbar_inst.axi_crossbar_rd_inst.s_ifaces[1].r_arb_inst.grant_reg[2]$_SDFFE_PP0P_/D
32	-0.1319	mI_axi_bid[J]	axi_crossbar_inst.axi_crossbar_wr_inst.m_ifaces[I].a_arb_inst.grant_reg[J]	m01_axi_bid[10]	axi_crossbar_inst.axi_crossbar_wr_inst.m_ifaces[1].a_arb_inst.grant_reg[0]$_SDFFE_PP0P_/D
33	-0.1280	sI_axi_wvalid	axi_crossbar_inst.axi_crossbar_wr_inst.m_ifaces[I].a_arb_inst.grant_reg[J]	s03_axi_wvalid	axi_crossbar_inst.axi_crossbar_wr_inst.m_ifaces[1].a_arb_inst.grant_reg[0]$_SDFFE_PP0P_/D
34	-0.1259	mI_axi_rvalid	axi_crossbar_inst.axi_crossbar_rd_inst.s_ifaces[I].r_arb_inst.grant_reg[J]	m00_axi_rvalid	axi_crossbar_inst.axi_crossbar_rd_inst.s_ifaces[6].r_arb_inst.grant_reg[5]$_SDFFE_PP0P_/D
35	-0.1253	sI_axi_wlast	axi_crossbar_inst.axi_crossbar_wr_inst.m_ifaces[I].a_arb_inst.grant_reg[J]	s06_axi_wlast	axi_crossbar_inst.axi_crossbar_wr_inst.m_ifaces[1].a_arb_inst.grant_reg[4]$_SDFFE_PP0P_/D
36	-0.1229	mI_axi_bid[J]	mI_axi_bready	m03_axi_bid[9]	m03_axi_bready
37	-0.1220	mI_axi_bvalid	axi_crossbar_inst.axi_crossbar_wr_inst.m_ifaces[I].a_arb_inst.mask_reg[J]	m06_axi_bvalid	axi_crossbar_inst.axi_crossbar_wr_inst.m_ifaces[6].a_arb_inst.mask_reg[5]$_SDFFE_PP0P_/D
38	-0.1192	axi_crossbar_inst.axi_crossbar_wr_inst.s_ifaces[I].addr_inst.m_select_reg[J]	axi_crossbar_inst.axi_crossbar_wr_inst.m_ifaces[I].a_arb_inst.mask_reg[J]	axi_crossbar_inst.axi_crossbar_wr_inst.s_ifaces[4].addr_inst.m_select_reg[2]$_DFF_P_/Q	axi_crossbar_inst.axi_crossbar_wr_inst.m_ifaces[6].a_arb_inst.mask_reg[5]$_SDFFE_PP0P_/D
39	-0.1177	mI_axi_bid[J]	axi_crossbar_inst.axi_crossbar_wr_inst.m_ifaces[I].a_arb_inst.grant_encoded_reg[J]	m03_axi_bid[9]	axi_crossbar_inst.axi_crossbar_wr_inst.m_ifaces[3].a_arb_inst.grant_encoded_reg[0]$_SDFFE_PP0P_/D
40	-0.1147	mI_axi_bvalid	axi_crossbar_inst.axi_crossbar_wr_inst.s_ifaces[I].b_arb_inst.grant_encoded_reg[J]	m02_axi_bvalid	axi_crossbar_inst.axi_crossbar_wr_inst.s_ifaces[5].b_arb_inst.grant_encoded_reg[0]$_SDFFE_PP0P_/D
41	-0.1120	mI_axi_rid[J]	axi_crossbar_inst.axi_crossbar_rd_inst.m_ifaces[I].a_arb_inst.grant_reg[J]	m05_axi_rid[8]	axi_crossbar_inst.axi_crossbar_rd_inst.m_ifaces[5].a_arb_inst.grant_reg[0]$_SDFFE_PP0P_/D
42	-0.1118	mI_axi_rid[J]	axi_crossbar_inst.axi_crossbar_rd_inst.s_ifaces[I].r_arb_inst.grant_encoded_reg[J]	m07_axi_rid[10]	axi_crossbar_inst.axi_crossbar_rd_inst.s_ifaces[6].r_arb_inst.grant_encoded_reg[0]$_SDFFE_PP0P_/D
43	-0.1117	mI_axi_rid[J]	mI_axi_rready	m03_axi_rid[10]	m03_axi_rready
44	-0.1111	axi_crossbar_inst.axi_crossbar_wr_inst.s_ifaces[I].b_arb_inst.grant_encoded_reg[J]	axi_crossbar_inst.axi_crossbar_wr_inst.m_ifaces[I].a_arb_inst.mask_reg[J]	axi_crossbar_inst.axi_crossbar_wr_inst.s_ifaces[6].b_arb_inst.grant_encoded_reg[3]$_SDFFE_PP0P_/Q	axi_crossbar_inst.axi_crossbar_wr_inst.m_ifaces[0].a_arb_inst.mask_reg[5]$_SDFFE_PP0P_/D
45	-0.1091	mI_axi_bid[J]	axi_crossbar_inst.axi_crossbar_wr_inst.s_ifaces[I].b_arb_inst.grant_encoded_reg[J]	m01_axi_bid[10]	axi_crossbar_inst.axi_crossbar_wr_inst.s_ifaces[5].b_arb_inst.grant_encoded_reg[0]$_SDFFE_PP0P_/D
46	-0.1085	mI_axi_rvalid	axi_crossbar_inst.axi_crossbar_rd_inst.s_ifaces[I].r_arb_inst.grant_encoded_reg[J]	m00_axi_rvalid	axi_crossbar_inst.axi_crossbar_rd_inst.s_ifaces[6].r_arb_inst.grant_encoded_reg[0]$_SDFFE_PP0P_/D
47	-0.1042	axi_crossbar_inst.axi_crossbar_wr_inst.s_ifaces[I].addr_inst.m_axi_avalid_reg	axi_crossbar_inst.axi_crossbar_wr_inst.m_ifaces[I].a_arb_inst.mask_reg[J]	axi_crossbar_inst.axi_crossbar_wr_inst.s_ifaces[0].addr_inst.m_axi_avalid_reg$_SDFF_PP0_/Q	axi_crossbar_inst.axi_crossbar_wr_inst.m_ifaces[3].a_arb_inst.mask_reg[7]$_SDFFE_PP0P_/D
48	-0.1036	axi_crossbar_inst.axi_crossbar_wr_inst.s_ifaces[I].reg_inst.genblkJ.genblkK.m_axi_bready_reg	axi_crossbar_inst.axi_crossbar_wr_inst.m_ifaces[I].a_arb_inst.mask_reg[J]	axi_crossbar_inst.axi_crossbar_wr_inst.s_ifaces[7].reg_inst.genblk3.genblk1.m_axi_bready_reg$_SDFF_PP0_/Q	axi_crossbar_inst.axi_crossbar_wr_inst.m_ifaces[3].a_arb_inst.mask_reg[7]$_SDFFE_PP0P_/D
49	-0.1019	axi_crossbar_inst.axi_crossbar_wr_inst.s_ifaces[I].w_select_reg[J]	axi_crossbar_inst.axi_crossbar_wr_inst.m_ifaces[I].a_arb_inst.mask_reg[J]	axi_crossbar_inst.axi_crossbar_wr_inst.s_ifaces[1].w_select_reg[2]$_DFFE_PP_/Q	axi_crossbar_inst.axi_crossbar_wr_inst.m_ifaces[2].a_arb_inst.mask_reg[3]$_SDFFE_PP0P_/D
50	-0.1011	axi_crossbar_inst.axi_crossbar_rd_inst.s_ifaces[I].addr_inst.m_select_reg[J]	axi_crossbar_inst.axi_crossbar_rd_inst.s_ifaces[I].addr_inst.trans_count_reg[J]	axi_crossbar_inst.axi_crossbar_rd_inst.s_ifaces[2].addr_inst.m_select_reg[2]$_DFF_P_/Q	axi_crossbar_inst.axi_crossbar_rd_inst.s_ifaces[2].addr_inst.trans_count_reg[4]$_SDFFE_PP0P_/D
51	-0.0986	mI_axi_rlast	axi_crossbar_inst.axi_crossbar_rd_inst.m_ifaces[I].a_arb_inst.mask_reg[J]	m04_axi_rlast	axi_crossbar_inst.axi_crossbar_rd_inst.m_ifaces[4].a_arb_inst.mask_reg[5]$_SDFFE_PP0P_/D
52	-0.0977	axi_crossbar_inst.axi_crossbar_wr_inst.s_ifaces[I].w_select_valid_reg	axi_crossbar_inst.axi_crossbar_wr_inst.m_ifaces[I].a_arb_inst.mask_reg[J]	axi_crossbar_inst.axi_crossbar_wr_inst.s_ifaces[7].w_select_valid_reg$_SDFF_PP0_/Q	axi_crossbar_inst.axi_crossbar_wr_inst.m_ifaces[3].a_arb_inst.mask_reg[7]$_SDFFE_PP0P_/D
53	-0.0949	axi_crossbar_inst.axi_crossbar_rd_inst.s_ifaces[I].addr_inst.thread_m_reg[J][K]	axi_crossbar_inst.axi_crossbar_rd_inst.s_ifaces[I].addr_inst.thread_count_reg[J][K]	axi_crossbar_inst.axi_crossbar_rd_inst.s_ifaces[2].addr_inst.thread_m_reg[1][2]$_DFFE_PP_/Q	axi_crossbar_inst.axi_crossbar_rd_inst.s_ifaces[2].addr_inst.thread_count_reg[1][4]$_SDFFE_PP0P_/D
54	-0.0941	axi_crossbar_inst.axi_crossbar_rd_inst.s_ifaces[I].addr_inst.m_select_reg[J]	axi_crossbar_inst.axi_crossbar_rd_inst.m_ifaces[I].a_arb_inst.mask_reg[J]	axi_crossbar_inst.axi_crossbar_rd_inst.s_ifaces[7].addr_inst.m_select_reg[0]$_DFF_P_/Q	axi_crossbar_inst.axi_crossbar_rd_inst.m_ifaces[0].a_arb_inst.mask_reg[5]$_SDFFE_PP0P_/D
55	-0.0933	sI_axi_wvalid	axi_crossbar_inst.axi_crossbar_wr_inst.m_ifaces[I].a_arb_inst.grant_encoded_reg[J]	s03_axi_wvalid	axi_crossbar_inst.axi_crossbar_wr_inst.m_ifaces[5].a_arb_inst.grant_encoded_reg[0]$_SDFFE_PP0P_/D
56	-0.0900	sI_axi_wlast	axi_crossbar_inst.axi_crossbar_wr_inst.m_ifaces[I].a_arb_inst.grant_encoded_reg[J]	s06_axi_wlast	axi_crossbar_inst.axi_crossbar_wr_inst.m_ifaces[3].a_arb_inst.grant_encoded_reg[0]$_SDFFE_PP0P_/D
57	-0.0880	axi_crossbar_inst.axi_crossbar_wr_inst.s_ifaces[I].addr_inst.thread_m_reg[J][K]	axi_crossbar_inst.axi_crossbar_wr_inst.s_ifaces[I].addr_inst.thread_count_reg[J][K]	axi_crossbar_inst.axi_crossbar_wr_inst.s_ifaces[1].addr_inst.thread_m_reg[0][0]$_DFFE_PP_/Q	axi_crossbar_inst.axi_crossbar_wr_inst.s_ifaces[1].addr_inst.thread_count_reg[0][4]$_SDFFE_PP0P_/D
58	-0.0861	axi_crossbar_inst.axi_crossbar_wr_inst.m_ifaces[I].w_select_reg[J]	axi_crossbar_inst.axi_crossbar_wr_inst.m_ifaces[I].a_arb_inst.mask_reg[J]	axi_crossbar_inst.axi_crossbar_wr_inst.m_ifaces[2].w_select_reg[0]$_DFFE_PP_/Q	axi_crossbar_inst.axi_crossbar_wr_inst.m_ifaces[2].a_arb_inst.mask_reg[3]$_SDFFE_PP0P_/D
59	-0.0849	axi_crossbar_inst.axi_crossbar_rd_inst.s_ifaces[I].addr_inst.m_axi_avalid_reg	axi_crossbar_inst.axi_crossbar_rd_inst.m_ifaces[I].a_arb_inst.mask_reg[J]	axi_crossbar_inst.axi_crossbar_rd_inst.s_ifaces[1].addr_inst.m_axi_avalid_reg$_SDFF_PP0_/Q	axi_crossbar_inst.axi_crossbar_rd_inst.m_ifaces[1].a_arb_inst.mask_reg[7]$_SDFFE_PP0P_/D
60	-0.0841	axi_crossbar_inst.axi_crossbar_wr_inst.s_ifaces[I].b_arb_inst.grant_valid_reg	axi_crossbar_inst.axi_crossbar_wr_inst.m_ifaces[I].a_arb_inst.mask_reg[J]	axi_crossbar_inst.axi_crossbar_wr_inst.s_ifaces[7].b_arb_inst.grant_valid_reg$_SDFFE_PP0P_/Q	axi_crossbar_inst.axi_crossbar_wr_inst.m_ifaces[3].a_arb_inst.mask_reg[7]$_SDFFE_PP0P_/D
61	-0.0811	axi_crossbar_inst.axi_crossbar_wr_inst.s_ifaces[I].addr_inst.m_select_reg[J]	axi_crossbar_inst.axi_crossbar_wr_inst.s_ifaces[I].addr_inst.trans_count_reg[J]	axi_crossbar_inst.axi_crossbar_wr_inst.s_ifaces[7].addr_inst.m_select_reg[2]$_DFF_P_/Q	axi_crossbar_inst.axi_crossbar_wr_inst.s_ifaces[7].addr_inst.trans_count_reg[4]$_SDFFE_PP0P_/D
62	-0.0804	mI_axi_rvalid	axi_crossbar_inst.axi_crossbar_rd_inst.m_ifaces[I].a_arb_inst.grant_reg[J]	m07_axi_rvalid	axi_crossbar_inst.axi_crossbar_rd_inst.m_ifaces[7].a_arb_inst.grant_reg[5]$_SDFFE_PP0P_/D
63	-0.0770	mI_axi_rvalid	axi_crossbar_inst.axi_crossbar_rd_inst.m_ifaces[I].trans_count_reg[J]	m07_axi_rvalid	axi_crossbar_inst.axi_crossbar_rd_inst.m_ifaces[7].trans_count_reg[2]$_SDFFE_PP0P_/D
64	-0.0753	mI_axi_rlast	axi_crossbar_inst.axi_crossbar_rd_inst.s_ifaces[I].r_arb_inst.grant_valid_reg	m03_axi_rlast	axi_crossbar_inst.axi_crossbar_rd_inst.s_ifaces[1].r_arb_inst.grant_valid_reg$_SDFFE_PP0P_/D
65	-0.0722	mI_axi_rid[J]	axi_crossbar_inst.axi_crossbar_rd_inst.m_ifaces[I].a_arb_inst.grant_encoded_reg[J]	m06_axi_rid[9]	axi_crossbar_inst.axi_crossbar_rd_inst.m_ifaces[6].a_arb_inst.grant_encoded_reg[2]$_SDFFE_PP0P_/D
66	-0.0690	axi_crossbar_inst.axi_crossbar_rd_inst.s_ifaces[I].r_arb_inst.grant_encoded_reg[J]	axi_crossbar_inst.axi_crossbar_rd_inst.m_ifaces[I].a_arb_inst.mask_reg[J]	axi_crossbar_inst.axi_crossbar_rd_inst.s_ifaces[0].r_arb_inst.grant_encoded_reg[2]$_SDFFE_PP0P_/Q	axi_crossbar_inst.axi_crossbar_rd_inst.m_ifaces[0].a_arb_inst.mask_reg[5]$_SDFFE_PP0P_/D
67	-0.0640	axi_crossbar_inst.axi_crossbar_wr_inst.m_ifaces[I].w_select_reg[J]	sI_axi_wready	axi_crossbar_inst.axi_crossbar_wr_inst.m_ifaces[7].w_select_reg[0]$_DFFE_PP_/Q	s04_axi_wready
68	-0.0594	axi_crossbar_inst.axi_crossbar_rd_inst.s_ifaces[I].r_arb_inst.grant_valid_reg	axi_crossbar_inst.axi_crossbar_rd_inst.m_ifaces[I].a_arb_inst.mask_reg[J]	axi_crossbar_inst.axi_crossbar_rd_inst.s_ifaces[0].r_arb_inst.grant_valid_reg$_SDFFE_PP0P_/Q	axi_crossbar_inst.axi_crossbar_rd_inst.m_ifaces[4].a_arb_inst.mask_reg[5]$_SDFFE_PP0P_/D
69	-0.0537	axi_crossbar_inst.axi_crossbar_rd_inst.s_ifaces[I].reg_inst.genblkJ.m_axi_rready_reg	axi_crossbar_inst.axi_crossbar_rd_inst.m_ifaces[I].a_arb_inst.mask_reg[J]	axi_crossbar_inst.axi_crossbar_rd_inst.s_ifaces[0].reg_inst.genblk2.m_axi_rready_reg$_SDFF_PP0_/Q	axi_crossbar_inst.axi_crossbar_rd_inst.m_ifaces[4].a_arb_inst.mask_reg[5]$_SDFFE_PP0P_/D
70	-0.0521	axi_crossbar_inst.axi_crossbar_wr_inst.s_ifaces[I].w_drop_reg	axi_crossbar_inst.axi_crossbar_wr_inst.m_ifaces[I].a_arb_inst.mask_reg[J]	axi_crossbar_inst.axi_crossbar_wr_inst.s_ifaces[2].w_drop_reg$_DFF_P_/QN	axi_crossbar_inst.axi_crossbar_wr_inst.m_ifaces[3].a_arb_inst.mask_reg[7]$_SDFFE_PP0P_/D
71	-0.0503	axi_crossbar_inst.axi_crossbar_wr_inst.s_ifaces[I].b_arb_inst.grant_reg[J]	axi_crossbar_inst.axi_crossbar_wr_inst.s_ifaces[I].b_arb_inst.mask_reg[J]	axi_crossbar_inst.axi_crossbar_wr_inst.s_ifaces[0].b_arb_inst.grant_reg[5]$_SDFFE_PP0P_/QN	axi_crossbar_inst.axi_crossbar_wr_inst.s_ifaces[0].b_arb_inst.mask_reg[3]$_SDFFE_PP0P_/D
72	-0.0453	axi_crossbar_inst.axi_crossbar_rd_inst.s_ifaces[I].addr_inst.thread_m_reg[J][K]	axi_crossbar_inst.axi_crossbar_rd_inst.s_ifaces[I].addr_inst.trans_count_reg[J]	axi_crossbar_inst.axi_crossbar_rd_inst.s_ifaces[2].addr_inst.thread_m_reg[1][2]$_DFFE_PP_/Q	axi_crossbar_inst.axi_crossbar_rd_inst.s_ifaces[2].addr_inst.trans_count_reg[4]$_SDFFE_PP0P_/D
73	-0.0388	mI_axi_rvalid	axi_crossbar_inst.axi_crossbar_rd_inst.m_ifaces[I].a_arb_inst.grant_encoded_reg[J]	m07_axi_rvalid	axi_crossbar_inst.axi_crossbar_rd_inst.m_ifaces[7].a_arb_inst.grant_encoded_reg[0]$_SDFFE_PP0P_/D
74	-0.0357	axi_crossbar_inst.axi_crossbar_rd_inst.s_ifaces[I].addr_inst.m_select_reg[J]	axi_crossbar_inst.axi_crossbar_rd_inst.m_ifaces[I].trans_count_reg[J]	axi_crossbar_inst.axi_crossbar_rd_inst.s_ifaces[0].addr_inst.m_select_reg[0]$_DFF_P_/Q	axi_crossbar_inst.axi_crossbar_rd_inst.m_ifaces[3].trans_count_reg[2]$_SDFFE_PP0P_/D
75	-0.0331	mI_axi_bvalid	axi_crossbar_inst.axi_crossbar_wr_inst.s_ifaces[I].b_arb_inst.grant_valid_reg	m05_axi_bvalid	axi_crossbar_inst.axi_crossbar_wr_inst.s_ifaces[6].b_arb_inst.grant_valid_reg$_SDFFE_PP0P_/D
76	-0.0329	axi_crossbar_inst.axi_crossbar_wr_inst.m_ifaces[I].a_arb_inst.grant_reg[J]	axi_crossbar_inst.axi_crossbar_wr_inst.m_ifaces[I].a_arb_inst.mask_reg[J]	axi_crossbar_inst.axi_crossbar_wr_inst.m_ifaces[6].a_arb_inst.grant_reg[4]$_SDFFE_PP0P_/QN	axi_crossbar_inst.axi_crossbar_wr_inst.m_ifaces[6].a_arb_inst.mask_reg[5]$_SDFFE_PP0P_/D
77	-0.0302	mI_axi_rvalid	axi_crossbar_inst.axi_crossbar_rd_inst.s_ifaces[I].r_arb_inst.grant_valid_reg	m04_axi_rvalid	axi_crossbar_inst.axi_crossbar_rd_inst.s_ifaces[3].r_arb_inst.grant_valid_reg$_SDFFE_PP0P_/D
78	-0.0301	axi_crossbar_inst.axi_crossbar_rd_inst.m_ifaces[I].a_arb_inst.mask_reg[J]	axi_crossbar_inst.axi_crossbar_rd_inst.m_ifaces[I].a_arb_inst.mask_reg[J]	axi_crossbar_inst.axi_crossbar_rd_inst.m_ifaces[0].a_arb_inst.mask_reg[7]$_SDFFE_PP0P_/Q	axi_crossbar_inst.axi_crossbar_rd_inst.m_ifaces[0].a_arb_inst.mask_reg[5]$_SDFFE_PP0P_/D
79	-0.0300	sI_axi_wvalid	axi_crossbar_inst.axi_crossbar_wr_inst.m_ifaces[I].a_arb_inst.grant_valid_reg	s00_axi_wvalid	axi_crossbar_inst.axi_crossbar_wr_inst.m_ifaces[2].a_arb_inst.grant_valid_reg$_SDFFE_PP0P_/D
80	-0.0284	mI_axi_bid[J]	axi_crossbar_inst.axi_crossbar_wr_inst.s_ifaces[I].b_arb_inst.grant_valid_reg	m05_axi_bid[9]	axi_crossbar_inst.axi_crossbar_wr_inst.s_ifaces[6].b_arb_inst.grant_valid_reg$_SDFFE_PP0P_/D
81	-0.0254	axi_crossbar_inst.axi_crossbar_rd_inst.s_ifaces[I].addr_inst.state_reg[J]	axi_crossbar_inst.axi_crossbar_rd_inst.s_ifaces[I].addr_inst.thread_count_reg[J][K]	axi_crossbar_inst.axi_crossbar_rd_inst.s_ifaces[6].addr_inst.state_reg[0]$_SDFF_PP0_/Q	axi_crossbar_inst.axi_crossbar_rd_inst.s_ifaces[6].addr_inst.thread_count_reg[0][4]$_SDFFE_PP0P_/D
82	-0.0240	axi_crossbar_inst.axi_crossbar_rd_inst.s_ifaces[I].addr_inst.m_axi_avalid_reg	axi_crossbar_inst.axi_crossbar_rd_inst.m_ifaces[I].trans_count_reg[J]	axi_crossbar_inst.axi_crossbar_rd_inst.s_ifaces[0].addr_inst.m_axi_avalid_reg$_SDFF_PP0_/Q	axi_crossbar_inst.axi_crossbar_rd_inst.m_ifaces[4].trans_count_reg[2]$_SDFFE_PP0P_/D
83	-0.0230	axi_crossbar_inst.axi_crossbar_wr_inst.s_ifaces[I].addr_inst.thread_m_reg[J][K]	axi_crossbar_inst.axi_crossbar_wr_inst.s_ifaces[I].addr_inst.trans_count_reg[J]	axi_crossbar_inst.axi_crossbar_wr_inst.s_ifaces[7].addr_inst.thread_m_reg[1][2]$_DFFE_PP_/Q	axi_crossbar_inst.axi_crossbar_wr_inst.s_ifaces[7].addr_inst.trans_count_reg[4]$_SDFFE_PP0P_/D
84	-0.0224	axi_crossbar_inst.axi_crossbar_wr_inst.s_ifaces[I].b_arb_inst.mask_reg[J]	axi_crossbar_inst.axi_crossbar_wr_inst.s_ifaces[I].b_arb_inst.mask_reg[J]	axi_crossbar_inst.axi_crossbar_wr_inst.s_ifaces[6].b_arb_inst.mask_reg[6]$_SDFFE_PP0P_/Q	axi_crossbar_inst.axi_crossbar_wr_inst.s_ifaces[6].b_arb_inst.mask_reg[7]$_SDFFE_PP0P_/D
85	-0.0220	axi_crossbar_inst.axi_crossbar_rd_inst.s_ifaces[I].decerr_m_axi_rvalid_reg	axi_crossbar_inst.axi_crossbar_rd_inst.s_ifaces[I].r_arb_inst.mask_reg[J]	axi_crossbar_inst.axi_crossbar_rd_inst.s_ifaces[7].decerr_m_axi_rvalid_reg$_SDFF_PP0_/Q	axi_crossbar_inst.axi_crossbar_rd_inst.s_ifaces[7].r_arb_inst.mask_reg[7]$_SDFFE_PP0P_/D
86	-0.0205	mI_axi_rid[J]	axi_crossbar_inst.axi_crossbar_rd_inst.s_ifaces[I].r_arb_inst.grant_valid_reg	m04_axi_rid[9]	axi_crossbar_inst.axi_crossbar_rd_inst.s_ifaces[3].r_arb_inst.grant_valid_reg$_SDFFE_PP0P_/D
87	-0.0189	axi_crossbar_inst.axi_crossbar_rd_inst.m_ifaces[I].a_arb_inst.grant_encoded_reg[J]	axi_crossbar_inst.axi_crossbar_rd_inst.m_ifaces[I].trans_count_reg[J]	axi_crossbar_inst.axi_crossbar_rd_inst.m_ifaces[1].a_arb_inst.grant_encoded_reg[1]$_SDFFE_PP0P_/Q	axi_crossbar_inst.axi_crossbar_rd_inst.m_ifaces[1].trans_count_reg[2]$_SDFFE_PP0P_/D
88	-0.0164	axi_crossbar_inst.axi_crossbar_wr_inst.s_ifaces[I].addr_inst.m_select_reg[J]	axi_crossbar_inst.axi_crossbar_wr_inst.m_ifaces[I].trans_count_reg[J]	axi_crossbar_inst.axi_crossbar_wr_inst.s_ifaces[1].addr_inst.m_select_reg[2]$_DFF_P_/Q	axi_crossbar_inst.axi_crossbar_wr_inst.m_ifaces[6].trans_count_reg[2]$_SDFFE_PP0P_/D
89	-0.0148	axi_crossbar_inst.axi_crossbar_rd_inst.s_ifaces[I].addr_inst.trans_count_reg[J]	axi_crossbar_inst.axi_crossbar_rd_inst.s_ifaces[I].addr_inst.thread_count_reg[J][K]	axi_crossbar_inst.axi_crossbar_rd_inst.s_ifaces[6].addr_inst.trans_count_reg[4]$_SDFFE_PP0P_/Q	axi_crossbar_inst.axi_crossbar_rd_inst.s_ifaces[6].addr_inst.thread_count_reg[0][4]$_SDFFE_PP0P_/D
90	-0.0145	mI_axi_bid[J]	axi_crossbar_inst.axi_crossbar_wr_inst.m_ifaces[I].a_arb_inst.grant_valid_reg	m05_axi_bid[8]	axi_crossbar_inst.axi_crossbar_wr_inst.m_ifaces[5].a_arb_inst.grant_valid_reg$_SDFFE_PP0P_/D
91	-0.0111	axi_crossbar_inst.axi_crossbar_rd_inst.m_ifaces[I].a_arb_inst.grant_reg[J]	axi_crossbar_inst.axi_crossbar_rd_inst.m_ifaces[I].a_arb_inst.mask_reg[J]	axi_crossbar_inst.axi_crossbar_rd_inst.m_ifaces[0].a_arb_inst.grant_reg[7]$_SDFFE_PP0P_/QN	axi_crossbar_inst.axi_crossbar_rd_inst.m_ifaces[0].a_arb_inst.mask_reg[5]$_SDFFE_PP0P_/D
92	-0.0101	axi_crossbar_inst.axi_crossbar_rd_inst.s_ifaces[I].r_arb_inst.mask_reg[J]	axi_crossbar_inst.axi_crossbar_rd_inst.s_ifaces[I].r_arb_inst.mask_reg[J]	axi_crossbar_inst.axi_crossbar_rd_inst.s_ifaces[7].r_arb_inst.mask_reg[6]$_SDFFE_PP0P_/Q	axi_crossbar_inst.axi_crossbar_rd_inst.s_ifaces[7].r_arb_inst.mask_reg[7]$_SDFFE_PP0P_/D
93	-0.0077	axi_crossbar_inst.axi_crossbar_rd_inst.s_ifaces[I].r_arb_inst.grant_reg[J]	axi_crossbar_inst.axi_crossbar_rd_inst.s_ifaces[I].r_arb_inst.mask_reg[J]	axi_crossbar_inst.axi_crossbar_rd_inst.s_ifaces[3].r_arb_inst.grant_reg[7]$_SDFFE_PP0P_/QN	axi_crossbar_inst.axi_crossbar_rd_inst.s_ifaces[3].r_arb_inst.mask_reg[7]$_SDFFE_PP0P_/D
94	-0.0074	axi_crossbar_inst.axi_crossbar_wr_inst.s_ifaces[I].addr_inst.state_reg[J]	axi_crossbar_inst.axi_crossbar_wr_inst.s_ifaces[I].addr_inst.thread_count_reg[J][K]	axi_crossbar_inst.axi_crossbar_wr_inst.s_ifaces[2].addr_inst.state_reg[0]$_SDFF_PP0_/Q	axi_crossbar_inst.axi_crossbar_wr_inst.s_ifaces[2].addr_inst.thread_count_reg[0][4]$_SDFFE_PP0P_/D
95	-0.0061	mI_axi_rlast	axi_crossbar_inst.axi_crossbar_rd_inst.m_ifaces[I].a_arb_inst.grant_reg[J]	m07_axi_rlast	axi_crossbar_inst.axi_crossbar_rd_inst.m_ifaces[7].a_arb_inst.grant_reg[7]$_SDFFE_PP0P_/D
96	-0.0028	mI_axi_rlast	axi_crossbar_inst.axi_crossbar_rd_inst.m_ifaces[I].trans_count_reg[J]	m07_axi_rlast	axi_crossbar_inst.axi_crossbar_rd_inst.m_ifaces[7].trans_count_reg[2]$_SDFFE_PP0P_/D
97	-0.0025	mI_axi_rvalid	axi_crossbar_inst.axi_crossbar_rd_inst.s_ifaces[I].reg_inst.genblkJ.temp_s_axi_rvalid_reg	m04_axi_rvalid	axi_crossbar_inst.axi_crossbar_rd_inst.s_ifaces[5].reg_inst.genblk2.temp_s_axi_rvalid_reg$_SDFFE_PP0P_/D
98	-0.0014	axi_crossbar_inst.axi_crossbar_wr_inst.s_ifaces[I].addr_inst.trans_count_reg[J]	axi_crossbar_inst.axi_crossbar_wr_inst.s_ifaces[I].addr_inst.thread_count_reg[J][K]	axi_crossbar_inst.axi_crossbar_wr_inst.s_ifaces[2].addr_inst.trans_count_reg[4]$_SDFFE_PP0P_/Q	axi_crossbar_inst.axi_crossbar_wr_inst.s_ifaces[2].addr_inst.thread_count_reg[0][4]$_SDFFE_PP0P_/D
99	-0.0005	mI_axi_bvalid	axi_crossbar_inst.axi_crossbar_wr_inst.m_ifaces[I].a_arb_inst.grant_reg[J]	m01_axi_bvalid	axi_crossbar_inst.axi_crossbar_wr_inst.m_ifaces[1].a_arb_inst.grant_reg[0]$_SDFFE_PP0P_/D
100	-0.0002	axi_crossbar_inst.axi_crossbar_wr_inst.m_ifaces[I].a_arb_inst.mask_reg[J]	axi_crossbar_inst.axi_crossbar_wr_inst.m_ifaces[I].a_arb_inst.mask_reg[J]	axi_crossbar_inst.axi_crossbar_wr_inst.m_ifaces[3].a_arb_inst.mask_reg[7]$_SDFFE_PP0P_/Q	axi_crossbar_inst.axi_crossbar_wr_inst.m_ifaces[3].a_arb_inst.mask_reg[7]$_SDFFE_PP0P_/D
101	0.0003	axi_crossbar_inst.axi_crossbar_wr_inst.m_ifaces[I].a_arb_inst.grant_encoded_reg[J]	axi_crossbar_inst.axi_crossbar_wr_inst.m_ifaces[I].trans_count_reg[J]	axi_crossbar_inst.axi_crossbar_wr_inst.m_ifaces[2].a_arb_inst.grant_encoded_reg[1]$_SDFFE_PP0P_/Q	axi_crossbar_inst.axi_crossbar_wr_inst.m_ifaces[2].trans_count_reg[2]$_SDFFE_PP0P_/D
102	0.0029	sI_axi_wlast	axi_crossbar_inst.axi_crossbar_wr_inst.m_ifaces[I].a_arb_inst.grant_valid_reg	s06_axi_wlast	axi_crossbar_inst.axi_crossbar_wr_inst.m_ifaces[7].a_arb_inst.grant_valid_reg$_SDFFE_PP0P_/D
103	0.0056	axi_crossbar_inst.axi_crossbar_wr_inst.s_ifaces[I].addr_inst.m_axi_avalid_reg	axi_crossbar_inst.axi_crossbar_wr_inst.m_ifaces[I].trans_count_reg[J]	axi_crossbar_inst.axi_crossbar_wr_inst.s_ifaces[7].addr_inst.m_axi_avalid_reg$_SDFF_PP0_/Q	axi_crossbar_inst.axi_crossbar_wr_inst.m_ifaces[4].trans_count_reg[2]$_SDFFE_PP0P_/D
104	0.0106	axi_crossbar_inst.axi_crossbar_wr_inst.s_ifaces[I].decerr_m_axi_bvalid_reg	axi_crossbar_inst.axi_crossbar_wr_inst.s_ifaces[I].b_arb_inst.mask_reg[J]	axi_crossbar_inst.axi_crossbar_wr_inst.s_ifaces[0].decerr_m_axi_bvalid_reg$_SDFF_PP0_/Q	axi_crossbar_inst.axi_crossbar_wr_inst.s_ifaces[0].b_arb_inst.mask_reg[3]$_SDFFE_PP0P_/D
105	0.0136	axi_crossbar_inst.axi_crossbar_wr_inst.s_ifaces[I].b_arb_inst.grant_encoded_reg[J]	mI_axi_bready	axi_crossbar_inst.axi_crossbar_wr_inst.s_ifaces[4].b_arb_inst.grant_encoded_reg[0]$_SDFFE_PP0P_/Q	m05_axi_bready
106	0.0144	axi_crossbar_inst.axi_crossbar_rd_inst.s_ifaces[I].addr_inst.s_axi_aid_reg[J]	axi_crossbar_inst.axi_crossbar_rd_inst.s_ifaces[I].addr_inst.thread_id_reg[J][K]	axi_crossbar_inst.axi_crossbar_rd_inst.s_ifaces[2].addr_inst.s_axi_aid_reg[5]$_DFFE_PP_/Q	axi_crossbar_inst.axi_crossbar_rd_inst.s_ifaces[2].addr_inst.thread_id_reg[1][0]$_DFFE_PP_/D
107	0.0144	axi_crossbar_inst.axi_crossbar_rd_inst.s_ifaces[I].addr_inst.s_axi_aid_reg[J]	axi_crossbar_inst.axi_crossbar_rd_inst.s_ifaces[I].addr_inst.thread_m_reg[J][K]	axi_crossbar_inst.axi_crossbar_rd_inst.s_ifaces[2].addr_inst.s_axi_aid_reg[5]$_DFFE_PP_/Q	axi_crossbar_inst.axi_crossbar_rd_inst.s_ifaces[2].addr_inst.thread_m_reg[1][0]$_DFFE_PP_/D
108	0.0167	axi_crossbar_inst.axi_crossbar_wr_inst.s_ifaces[I].reg_inst.genblkJ.genblkK.m_axi_bready_reg	axi_crossbar_inst.axi_crossbar_wr_inst.m_ifaces[I].trans_count_reg[J]	axi_crossbar_inst.axi_crossbar_wr_inst.s_ifaces[7].reg_inst.genblk3.genblk1.m_axi_bready_reg$_SDFF_PP0_/Q	axi_crossbar_inst.axi_crossbar_wr_inst.m_ifaces[3].trans_count_reg[2]$_SDFFE_PP0P_/D
109	0.0173	sI_axi_wvalid	axi_crossbar_inst.axi_crossbar_wr_inst.m_ifaces[I].reg_inst.genblkJ.temp_m_axi_wvalid_reg	s00_axi_wvalid	axi_crossbar_inst.axi_crossbar_wr_inst.m_ifaces[2].reg_inst.genblk2.temp_m_axi_wvalid_reg$_SDFFE_PP0P_/D
110	0.0194	axi_crossbar_inst.axi_crossbar_wr_inst.s_ifaces[I].b_arb_inst.grant_encoded_reg[J]	axi_crossbar_inst.axi_crossbar_wr_inst.m_ifaces[I].trans_count_reg[J]	axi_crossbar_inst.axi_crossbar_wr_inst.s_ifaces[6].b_arb_inst.grant_encoded_reg[3]$_SDFFE_PP0P_/Q	axi_crossbar_inst.axi_crossbar_wr_inst.m_ifaces[4].trans_count_reg[2]$_SDFFE_PP0P_/D
111	0.0195	axi_crossbar_inst.axi_crossbar_wr_inst.m_ifaces[I].reg_inst.genblkJ.s_axi_wready_reg	axi_crossbar_inst.axi_crossbar_wr_inst.m_ifaces[I].a_arb_inst.mask_reg[J]	axi_crossbar_inst.axi_crossbar_wr_inst.m_ifaces[3].reg_inst.genblk2.s_axi_wready_reg$_SDFF_PP0_/Q	axi_crossbar_inst.axi_crossbar_wr_inst.m_ifaces[3].a_arb_inst.mask_reg[7]$_SDFFE_PP0P_/D
112	0.0197	mI_axi_bvalid	axi_crossbar_inst.axi_crossbar_wr_inst.m_ifaces[I].trans_count_reg[J]	m03_axi_bvalid	axi_crossbar_inst.axi_crossbar_wr_inst.m_ifaces[3].trans_count_reg[2]$_SDFFE_PP0P_/D
113	0.0206	axi_crossbar_inst.axi_crossbar_rd_inst.s_ifaces[I].r_arb_inst.grant_encoded_reg[J]	axi_crossbar_inst.axi_crossbar_rd_inst.m_ifaces[I].trans_count_reg[J]	axi_crossbar_inst.axi_crossbar_rd_inst.s_ifaces[0].r_arb_inst.grant_encoded_reg[2]$_SDFFE_PP0P_/Q	axi_crossbar_inst.axi_crossbar_rd_inst.m_ifaces[0].trans_count_reg[2]$_SDFFE_PP0P_/D
114	0.0227	axi_crossbar_inst.axi_crossbar_wr_inst.s_ifaces[I].addr_inst.thread_count_reg[J][K]	axi_crossbar_inst.axi_crossbar_wr_inst.s_ifaces[I].addr_inst.thread_id_reg[J][K]	axi_crossbar_inst.axi_crossbar_wr_inst.s_ifaces[2].addr_inst.thread_count_reg[1][2]$_SDFFE_PP0P_/Q	axi_crossbar_inst.axi_crossbar_wr_inst.s_ifaces[2].addr_inst.thread_id_reg[0][0]$_DFFE_PP_/D
115	0.0227	axi_crossbar_inst.axi_crossbar_wr_inst.s_ifaces[I].addr_inst.thread_count_reg[J][K]	axi_crossbar_inst.axi_crossbar_wr_inst.s_ifaces[I].addr_inst.thread_m_reg[J][K]	axi_crossbar_inst.axi_crossbar_wr_inst.s_ifaces[2].addr_inst.thread_count_reg[1][2]$_SDFFE_PP0P_/Q	axi_crossbar_inst.axi_crossbar_wr_inst.s_ifaces[2].addr_inst.thread_m_reg[0][0]$_DFFE_PP_/D
116	0.0237	mI_axi_rid[J]	axi_crossbar_inst.axi_crossbar_rd_inst.m_ifaces[I].a_arb_inst.grant_valid_reg	m03_axi_rid[10]	axi_crossbar_inst.axi_crossbar_rd_inst.m_ifaces[3].a_arb_inst.grant_valid_reg$_SDFFE_PP0P_/D
117	0.0238	sI_axi_wvalid	axi_crossbar_inst.axi_crossbar_wr_inst.m_ifaces[I].reg_inst.genblkJ.m_axi_wvalid_reg	s03_axi_wvalid	axi_crossbar_inst.axi_crossbar_wr_inst.m_ifaces[4].reg_inst.genblk2.m_axi_wvalid_reg$_SDFFE_PP0P_/D
118	0.0251	axi_crossbar_inst.axi_crossbar_wr_inst.s_ifaces[I].b_arb_inst.grant_encoded_reg[J]	axi_crossbar_inst.axi_crossbar_wr_inst.m_ifaces[I].a_arb_inst.grant_reg[J]	axi_crossbar_inst.axi_crossbar_wr_inst.s_ifaces[6].b_arb_inst.grant_encoded_reg[3]$_SDFFE_PP0P_/Q	axi_crossbar_inst.axi_crossbar_wr_inst.m_ifaces[1].a_arb_inst.grant_reg[0]$_SDFFE_PP0P_/D
119	0.0265	axi_crossbar_inst.axi_crossbar_wr_inst.s_ifaces[I].w_select_reg[J]	sI_axi_wready	axi_crossbar_inst.axi_crossbar_wr_inst.s_ifaces[0].w_select_reg[0]$_DFFE_PP_/Q	s00_axi_wready
120	0.0266	axi_crossbar_inst.axi_crossbar_wr_inst.s_ifaces[I].addr_inst.s_axi_aid_reg[J]	axi_crossbar_inst.axi_crossbar_wr_inst.s_ifaces[I].addr_inst.thread_id_reg[J][K]	axi_crossbar_inst.axi_crossbar_wr_inst.s_ifaces[7].addr_inst.s_axi_aid_reg[5]$_DFFE_PP_/Q	axi_crossbar_inst.axi_crossbar_wr_inst.s_ifaces[7].addr_inst.thread_id_reg[1][0]$_DFFE_PP_/D
121	0.0266	axi_crossbar_inst.axi_crossbar_wr_inst.s_ifaces[I].addr_inst.s_axi_aid_reg[J]	axi_crossbar_inst.axi_crossbar_wr_inst.s_ifaces[I].addr_inst.thread_m_reg[J][K]	axi_crossbar_inst.axi_crossbar_wr_inst.s_ifaces[7].addr_inst.s_axi_aid_reg[5]$_DFFE_PP_/Q	axi_crossbar_inst.axi_crossbar_wr_inst.s_ifaces[7].addr_inst.thread_m_reg[1][0]$_DFFE_PP_/D
122	0.0281	mI_axi_rvalid	axi_crossbar_inst.axi_crossbar_rd_inst.s_ifaces[I].reg_inst.genblkJ.s_axi_rvalid_reg	m04_axi_rvalid	axi_crossbar_inst.axi_crossbar_rd_inst.s_ifaces[5].reg_inst.genblk2.s_axi_rvalid_reg$_SDFFE_PP0P_/D
123	0.0288	mI_axi_rlast	axi_crossbar_inst.axi_crossbar_rd_inst.s_ifaces[I].reg_inst.genblkJ.s_axi_rlast_reg	m03_axi_rlast	axi_crossbar_inst.axi_crossbar_rd_inst.s_ifaces[0].reg_inst.genblk2.s_axi_rlast_reg$_DFFE_PP_/D
124	0.0318	axi_crossbar_inst.axi_crossbar_wr_inst.m_ifaces[I].a_arb_inst.grant_valid_reg	axi_crossbar_inst.axi_crossbar_wr_inst.m_ifaces[I].a_arb_inst.mask_reg[J]	axi_crossbar_inst.axi_crossbar_wr_inst.m_ifaces[3].a_arb_inst.grant_valid_reg$_SDFFE_PP0P_/Q	axi_crossbar_inst.axi_crossbar_wr_inst.m_ifaces[3].a_arb_inst.mask_reg[7]$_SDFFE_PP0P_/D
125	0.0320	mI_axi_rvalid	axi_crossbar_inst.axi_crossbar_rd_inst.s_ifaces[I].addr_inst.s_cpl_valid_reg	m04_axi_rvalid	axi_crossbar_inst.axi_crossbar_rd_inst.s_ifaces[7].addr_inst.s_cpl_valid_reg$_DFF_P_/D
126	0.0322	mI_axi_bvalid	axi_crossbar_inst.axi_crossbar_wr_inst.m_ifaces[I].a_arb_inst.grant_encoded_reg[J]	m05_axi_bvalid	axi_crossbar_inst.axi_crossbar_wr_inst.m_ifaces[5].a_arb_inst.grant_encoded_reg[0]$_SDFFE_PP0P_/D
127	0.0324	axi_crossbar_inst.axi_crossbar_rd_inst.s_ifaces[I].reg_inst.genblkJ.m_axi_rready_reg	axi_crossbar_inst.axi_crossbar_rd_inst.m_ifaces[I].trans_count_reg[J]	axi_crossbar_inst.axi_crossbar_rd_inst.s_ifaces[5].reg_inst.genblk2.m_axi_rready_reg$_SDFF_PP0_/Q	axi_crossbar_inst.axi_crossbar_rd_inst.m_ifaces[5].trans_count_reg[2]$_SDFFE_PP0P_/D
128	0.0325	axi_crossbar_inst.axi_crossbar_wr_inst.s_ifaces[I].w_select_valid_reg	axi_crossbar_inst.axi_crossbar_wr_inst.m_ifaces[I].a_arb_inst.grant_reg[J]	axi_crossbar_inst.axi_crossbar_wr_inst.s_ifaces[3].w_select_valid_reg$_SDFF_PP0_/Q	axi_crossbar_inst.axi_crossbar_wr_inst.m_ifaces[1].a_arb_inst.grant_reg[0]$_SDFFE_PP0P_/D
129	0.0334	axi_crossbar_inst.axi_crossbar_rd_inst.s_ifaces[I].addr_inst.s_cpl_valid_reg	axi_crossbar_inst.axi_crossbar_rd_inst.s_ifaces[I].addr_inst.thread_count_reg[J][K]	axi_crossbar_inst.axi_crossbar_rd_inst.s_ifaces[6].addr_inst.s_cpl_valid_reg$_DFF_P_/QN	axi_crossbar_inst.axi_crossbar_rd_inst.s_ifaces[6].addr_inst.thread_count_reg[0][4]$_SDFFE_PP0P_/D
130	0.0335	mI_axi_rvalid	axi_crossbar_inst.axi_crossbar_rd_inst.s_ifaces[I].reg_inst.genblkJ.m_axi_rready_reg	m04_axi_rvalid	axi_crossbar_inst.axi_crossbar_rd_inst.s_ifaces[0].reg_inst.genblk2.m_axi_rready_reg$_SDFF_PP0_/D
131	0.0340	axi_crossbar_inst.axi_crossbar_wr_inst.s_ifaces[I].reg_inst.genblkJ.genblkK.m_axi_bready_reg	mI_axi_bready	axi_crossbar_inst.axi_crossbar_wr_inst.s_ifaces[6].reg_inst.genblk3.genblk1.m_axi_bready_reg$_SDFF_PP0_/Q	m07_axi_bready
132	0.0340	axi_crossbar_inst.axi_crossbar_wr_inst.s_ifaces[I].reg_inst.genblkJ.genblkK.m_axi_bready_reg	axi_crossbar_inst.axi_crossbar_wr_inst.m_ifaces[I].a_arb_inst.grant_reg[J]	axi_crossbar_inst.axi_crossbar_wr_inst.s_ifaces[7].reg_inst.genblk3.genblk1.m_axi_bready_reg$_SDFF_PP0_/Q	axi_crossbar_inst.axi_crossbar_wr_inst.m_ifaces[1].a_arb_inst.grant_reg[0]$_SDFFE_PP0P_/D
133	0.0355	mI_axi_rlast	axi_crossbar_inst.axi_crossbar_rd_inst.m_ifaces[I].a_arb_inst.grant_encoded_reg[J]	m07_axi_rlast	axi_crossbar_inst.axi_crossbar_rd_inst.m_ifaces[7].a_arb_inst.grant_encoded_reg[0]$_SDFFE_PP0P_/D
134	0.0355	axi_crossbar_inst.axi_crossbar_wr_inst.m_ifaces[I].reg_inst.genblkJ.s_axi_wready_reg	sI_axi_wready	axi_crossbar_inst.axi_crossbar_wr_inst.m_ifaces[5].reg_inst.genblk2.s_axi_wready_reg$_SDFF_PP0_/Q	s04_axi_wready
135	0.0356	axi_crossbar_inst.axi_crossbar_rd_inst.s_ifaces[I].addr_inst.thread_id_reg[J][K]	axi_crossbar_inst.axi_crossbar_rd_inst.s_ifaces[I].addr_inst.thread_id_reg[J][K]	axi_crossbar_inst.axi_crossbar_rd_inst.s_ifaces[2].addr_inst.thread_id_reg[1][5]$_DFFE_PP_/Q	axi_crossbar_inst.axi_crossbar_rd_inst.s_ifaces[2].addr_inst.thread_id_reg[1][0]$_DFFE_PP_/D
136	0.0356	axi_crossbar_inst.axi_crossbar_rd_inst.s_ifaces[I].addr_inst.thread_id_reg[J][K]	axi_crossbar_inst.axi_crossbar_rd_inst.s_ifaces[I].addr_inst.thread_m_reg[J][K]	axi_crossbar_inst.axi_crossbar_rd_inst.s_ifaces[2].addr_inst.thread_id_reg[1][5]$_DFFE_PP_/Q	axi_crossbar_inst.axi_crossbar_rd_inst.s_ifaces[2].addr_inst.thread_m_reg[1][0]$_DFFE_PP_/D
137	0.0362	axi_crossbar_inst.axi_crossbar_wr_inst.s_ifaces[I].b_arb_inst.grant_valid_reg	axi_crossbar_inst.axi_crossbar_wr_inst.m_ifaces[I].trans_count_reg[J]	axi_crossbar_inst.axi_crossbar_wr_inst.s_ifaces[7].b_arb_inst.grant_valid_reg$_SDFFE_PP0P_/Q	axi_crossbar_inst.axi_crossbar_wr_inst.m_ifaces[3].trans_count_reg[2]$_SDFFE_PP0P_/D
138	0.0364	axi_crossbar_inst.axi_crossbar_rd_inst.s_ifaces[I].r_arb_inst.grant_encoded_reg[J]	axi_crossbar_inst.axi_crossbar_rd_inst.s_ifaces[I].r_arb_inst.mask_reg[J]	axi_crossbar_inst.axi_crossbar_rd_inst.s_ifaces[0].r_arb_inst.grant_encoded_reg[1]$_SDFFE_PP0P_/Q	axi_crossbar_inst.axi_crossbar_rd_inst.s_ifaces[0].r_arb_inst.mask_reg[7]$_SDFFE_PP0P_/D
139	0.0372	axi_crossbar_inst.axi_crossbar_wr_inst.s_ifaces[I].w_select_reg[J]	axi_crossbar_inst.axi_crossbar_wr_inst.m_ifaces[I].a_arb_inst.grant_reg[J]	axi_crossbar_inst.axi_crossbar_wr_inst.s_ifaces[2].w_select_reg[0]$_DFFE_PP_/Q	axi_crossbar_inst.axi_crossbar_wr_inst.m_ifaces[1].a_arb_inst.grant_reg[0]$_SDFFE_PP0P_/D
140	0.0373	axi_crossbar_inst.axi_crossbar_rd_inst.s_ifaces[I].r_arb_inst.grant_encoded_reg[J]	axi_crossbar_inst.axi_crossbar_rd_inst.s_ifaces[I].r_arb_inst.grant_reg[J]	axi_crossbar_inst.axi_crossbar_rd_inst.s_ifaces[0].r_arb_inst.grant_encoded_reg[1]$_SDFFE_PP0P_/Q	axi_crossbar_inst.axi_crossbar_rd_inst.s_ifaces[0].r_arb_inst.grant_reg[4]$_SDFFE_PP0P_/D
141	0.0389	axi_crossbar_inst.axi_crossbar_rd_inst.s_ifaces[I].r_arb_inst.grant_encoded_reg[J]	axi_crossbar_inst.axi_crossbar_rd_inst.s_ifaces[I].r_arb_inst.grant_encoded_reg[J]	axi_crossbar_inst.axi_crossbar_rd_inst.s_ifaces[0].r_arb_inst.grant_encoded_reg[1]$_SDFFE_PP0P_/Q	axi_crossbar_inst.axi_crossbar_rd_inst.s_ifaces[0].r_arb_inst.grant_encoded_reg[2]$_SDFFE_PP0P_/D
142	0.0411	mI_axi_bvalid	axi_crossbar_inst.axi_crossbar_wr_inst.s_ifaces[I].reg_inst.genblkJ.genblkK.m_axi_bready_reg	m07_axi_bvalid	axi_crossbar_inst.axi_crossbar_wr_inst.s_ifaces[4].reg_inst.genblk3.genblk1.m_axi_bready_reg$_SDFF_PP0_/D
143	0.0413	axi_crossbar_inst.axi_crossbar_wr_inst.s_ifaces[I].addr_inst.m_axi_avalid_reg	axi_crossbar_inst.axi_crossbar_wr_inst.m_ifaces[I].a_arb_inst.grant_reg[J]	axi_crossbar_inst.axi_crossbar_wr_inst.s_ifaces[4].addr_inst.m_axi_avalid_reg$_SDFF_PP0_/Q	axi_crossbar_inst.axi_crossbar_wr_inst.m_ifaces[2].a_arb_inst.grant_reg[2]$_SDFFE_PP0P_/D
144	0.0429	mI_axi_bvalid	axi_crossbar_inst.axi_crossbar_wr_inst.s_ifaces[I].reg_inst.genblkJ.genblkK.s_axi_bvalid_reg	m07_axi_bvalid	axi_crossbar_inst.axi_crossbar_wr_inst.s_ifaces[4].reg_inst.genblk3.genblk1.s_axi_bvalid_reg$_SDFF_PP0_/D
145	0.0436	axi_crossbar_inst.axi_crossbar_rd_inst.s_ifaces[I].r_arb_inst.grant_valid_reg	axi_crossbar_inst.axi_crossbar_rd_inst.m_ifaces[I].trans_count_reg[J]	axi_crossbar_inst.axi_crossbar_rd_inst.s_ifaces[6].r_arb_inst.grant_valid_reg$_SDFFE_PP0P_/Q	axi_crossbar_inst.axi_crossbar_rd_inst.m_ifaces[5].trans_count_reg[2]$_SDFFE_PP0P_/D
146	0.0437	axi_crossbar_inst.axi_crossbar_rd_inst.s_ifaces[I].addr_inst.s_cpl_id_reg[J]	axi_crossbar_inst.axi_crossbar_rd_inst.s_ifaces[I].addr_inst.thread_count_reg[J][K]	axi_crossbar_inst.axi_crossbar_rd_inst.s_ifaces[3].addr_inst.s_cpl_id_reg[3]$_DFF_P_/Q	axi_crossbar_inst.axi_crossbar_rd_inst.s_ifaces[3].addr_inst.thread_count_reg[0][4]$_SDFFE_PP0P_/D
147	0.0437	axi_crossbar_inst.axi_crossbar_wr_inst.s_ifaces[I].addr_inst.s_cpl_id_reg[J]	axi_crossbar_inst.axi_crossbar_wr_inst.s_ifaces[I].addr_inst.thread_count_reg[J][K]	axi_crossbar_inst.axi_crossbar_wr_inst.s_ifaces[7].addr_inst.s_cpl_id_reg[4]$_DFF_P_/Q	axi_crossbar_inst.axi_crossbar_wr_inst.s_ifaces[7].addr_inst.thread_count_reg[0][4]$_SDFFE_PP0P_/D
148	0.0445	axi_crossbar_inst.axi_crossbar_rd_inst.s_ifaces[I].addr_inst.m_select_reg[J]	axi_crossbar_inst.axi_crossbar_rd_inst.m_ifaces[I].a_arb_inst.grant_reg[J]	axi_crossbar_inst.axi_crossbar_rd_inst.s_ifaces[7].addr_inst.m_select_reg[0]$_DFF_P_/Q	axi_crossbar_inst.axi_crossbar_rd_inst.m_ifaces[0].a_arb_inst.grant_reg[0]$_SDFFE_PP0P_/D
149	0.0446	axi_crossbar_inst.axi_crossbar_wr_inst.m_ifaces[I].w_select_reg[J]	axi_crossbar_inst.axi_crossbar_wr_inst.m_ifaces[I].a_arb_inst.grant_reg[J]	axi_crossbar_inst.axi_crossbar_wr_inst.m_ifaces[1].w_select_reg[2]$_DFFE_PP_/Q	axi_crossbar_inst.axi_crossbar_wr_inst.m_ifaces[1].a_arb_inst.grant_reg[0]$_SDFFE_PP0P_/D
150	0.0466	axi_crossbar_inst.axi_crossbar_wr_inst.s_ifaces[I].addr_inst.m_select_reg[J]	axi_crossbar_inst.axi_crossbar_wr_inst.m_ifaces[I].a_arb_inst.grant_reg[J]	axi_crossbar_inst.axi_crossbar_wr_inst.s_ifaces[4].addr_inst.m_select_reg[1]$_DFF_P_/Q	axi_crossbar_inst.axi_crossbar_wr_inst.m_ifaces[2].a_arb_inst.grant_reg[2]$_SDFFE_PP0P_/D
151	0.0466	sI_axi_wlast	axi_crossbar_inst.axi_crossbar_wr_inst.m_ifaces[I].w_select_valid_reg	s06_axi_wlast	axi_crossbar_inst.axi_crossbar_wr_inst.m_ifaces[4].w_select_valid_reg$_SDFF_PP0_/D
152	0.0469	axi_crossbar_inst.axi_crossbar_wr_inst.s_ifaces[I].addr_inst.s_cpl_valid_reg	axi_crossbar_inst.axi_crossbar_wr_inst.s_ifaces[I].addr_inst.thread_count_reg[J][K]	axi_crossbar_inst.axi_crossbar_wr_inst.s_ifaces[2].addr_inst.s_cpl_valid_reg$_DFF_P_/QN	axi_crossbar_inst.axi_crossbar_wr_inst.s_ifaces[2].addr_inst.thread_count_reg[0][4]$_SDFFE_PP0P_/D
153	0.0472	axi_crossbar_inst.axi_crossbar_rd_inst.s_ifaces[I].addr_inst.state_reg[J]	axi_crossbar_inst.axi_crossbar_rd_inst.s_ifaces[I].addr_inst.trans_count_reg[J]	axi_crossbar_inst.axi_crossbar_rd_inst.s_ifaces[3].addr_inst.state_reg[0]$_SDFF_PP0_/Q	axi_crossbar_inst.axi_crossbar_rd_inst.s_ifaces[3].addr_inst.trans_count_reg[4]$_SDFFE_PP0P_/D
154	0.0472	axi_crossbar_inst.axi_crossbar_rd_inst.s_ifaces[I].addr_inst.thread_count_reg[J][K]	axi_crossbar_inst.axi_crossbar_rd_inst.s_ifaces[I].addr_inst.thread_id_reg[J][K]	axi_crossbar_inst.axi_crossbar_rd_inst.s_ifaces[0].addr_inst.thread_count_reg[0][1]$_SDFFE_PP0P_/Q	axi_crossbar_inst.axi_crossbar_rd_inst.s_ifaces[0].addr_inst.thread_id_reg[1][0]$_DFFE_PP_/D
155	0.0472	axi_crossbar_inst.axi_crossbar_rd_inst.s_ifaces[I].addr_inst.thread_count_reg[J][K]	axi_crossbar_inst.axi_crossbar_rd_inst.s_ifaces[I].addr_inst.thread_m_reg[J][K]	axi_crossbar_inst.axi_crossbar_rd_inst.s_ifaces[0].addr_inst.thread_count_reg[0][1]$_SDFFE_PP0P_/Q	axi_crossbar_inst.axi_crossbar_rd_inst.s_ifaces[0].addr_inst.thread_m_reg[1][0]$_DFFE_PP_/D
156	0.0489	axi_crossbar_inst.axi_crossbar_rd_inst.s_ifaces[I].addr_inst.m_axi_avalid_reg	axi_crossbar_inst.axi_crossbar_rd_inst.m_ifaces[I].a_arb_inst.grant_reg[J]	axi_crossbar_inst.axi_crossbar_rd_inst.s_ifaces[6].addr_inst.m_axi_avalid_reg$_SDFF_PP0_/Q	axi_crossbar_inst.axi_crossbar_rd_inst.m_ifaces[5].a_arb_inst.grant_reg[0]$_SDFFE_PP0P_/D
157	0.0502	axi_crossbar_inst.axi_crossbar_wr_inst.s_ifaces[I].b_arb_inst.grant_encoded_reg[J]	axi_crossbar_inst.axi_crossbar_wr_inst.m_ifaces[I].a_arb_inst.grant_encoded_reg[J]	axi_crossbar_inst.axi_crossbar_wr_inst.s_ifaces[6].b_arb_inst.grant_encoded_reg[3]$_SDFFE_PP0P_/Q	axi_crossbar_inst.axi_crossbar_wr_inst.m_ifaces[5].a_arb_inst.grant_encoded_reg[0]$_SDFFE_PP0P_/D
158	0.0505	axi_crossbar_inst.axi_crossbar_wr_inst.s_ifaces[I].addr_inst.thread_id_reg[J][K]	axi_crossbar_inst.axi_crossbar_wr_inst.s_ifaces[I].addr_inst.thread_id_reg[J][K]	axi_crossbar_inst.axi_crossbar_wr_inst.s_ifaces[7].addr_inst.thread_id_reg[1][6]$_DFFE_PP_/Q	axi_crossbar_inst.axi_crossbar_wr_inst.s_ifaces[7].addr_inst.thread_id_reg[1][0]$_DFFE_PP_/D
159	0.0505	axi_crossbar_inst.axi_crossbar_wr_inst.s_ifaces[I].addr_inst.thread_id_reg[J][K]	axi_crossbar_inst.axi_crossbar_wr_inst.s_ifaces[I].addr_inst.thread_m_reg[J][K]	axi_crossbar_inst.axi_crossbar_wr_inst.s_ifaces[7].addr_inst.thread_id_reg[1][6]$_DFFE_PP_/Q	axi_crossbar_inst.axi_crossbar_wr_inst.s_ifaces[7].addr_inst.thread_m_reg[1][0]$_DFFE_PP_/D
160	0.0506	axi_crossbar_inst.axi_crossbar_rd_inst.s_ifaces[I].addr_inst.trans_count_reg[J]	axi_crossbar_inst.axi_crossbar_rd_inst.s_ifaces[I].addr_inst.trans_count_reg[J]	axi_crossbar_inst.axi_crossbar_rd_inst.s_ifaces[2].addr_inst.trans_count_reg[1]$_SDFFE_PP0P_/QN	axi_crossbar_inst.axi_crossbar_rd_inst.s_ifaces[2].addr_inst.trans_count_reg[4]$_SDFFE_PP0P_/D
161	0.0511	mI_axi_rid[J]	axi_crossbar_inst.axi_crossbar_rd_inst.s_ifaces[I].reg_inst.genblkJ.s_axi_rid_reg[K]	m03_axi_rid[0]	axi_crossbar_inst.axi_crossbar_rd_inst.s_ifaces[5].reg_inst.genblk2.s_axi_rid_reg[0]$_DFFE_PP_/D
162	0.0515	axi_crossbar_inst.axi_crossbar_rd_inst.s_ifaces[I].reg_inst.genblkJ.m_axi_rready_reg	axi_crossbar_inst.axi_crossbar_rd_inst.m_ifaces[I].a_arb_inst.grant_reg[J]	axi_crossbar_inst.axi_crossbar_rd_inst.s_ifaces[5].reg_inst.genblk2.m_axi_rready_reg$_SDFF_PP0_/Q	axi_crossbar_inst.axi_crossbar_rd_inst.m_ifaces[5].a_arb_inst.grant_reg[0]$_SDFFE_PP0P_/D
163	0.0522	sI_axi_wvalid	axi_crossbar_inst.axi_crossbar_wr_inst.m_ifaces[I].reg_inst.genblkJ.s_axi_wready_reg	s03_axi_wvalid	axi_crossbar_inst.axi_crossbar_wr_inst.m_ifaces[0].reg_inst.genblk2.s_axi_wready_reg$_SDFF_PP0_/D
164	0.0535	axi_crossbar_inst.axi_crossbar_wr_inst.s_ifaces[I].b_arb_inst.grant_valid_reg	axi_crossbar_inst.axi_crossbar_wr_inst.m_ifaces[I].a_arb_inst.grant_reg[J]	axi_crossbar_inst.axi_crossbar_wr_inst.s_ifaces[7].b_arb_inst.grant_valid_reg$_SDFFE_PP0P_/Q	axi_crossbar_inst.axi_crossbar_wr_inst.m_ifaces[1].a_arb_inst.grant_reg[0]$_SDFFE_PP0P_/D
165	0.0544	sI_axi_wvalid	axi_crossbar_inst.axi_crossbar_wr_inst.m_ifaces[I].w_select_valid_reg	s00_axi_wvalid	axi_crossbar_inst.axi_crossbar_wr_inst.m_ifaces[2].w_select_valid_reg$_SDFF_PP0_/D
166	0.0558	axi_crossbar_inst.axi_crossbar_wr_inst.m_ifaces[I].w_select_new_reg	axi_crossbar_inst.axi_crossbar_wr_inst.m_ifaces[I].a_arb_inst.mask_reg[J]	axi_crossbar_inst.axi_crossbar_wr_inst.m_ifaces[3].w_select_new_reg$_SDFF_PP1_/Q	axi_crossbar_inst.axi_crossbar_wr_inst.m_ifaces[3].a_arb_inst.mask_reg[7]$_SDFFE_PP0P_/D
167	0.0568	axi_crossbar_inst.axi_crossbar_wr_inst.s_ifaces[I].addr_inst.state_reg[J]	axi_crossbar_inst.axi_crossbar_wr_inst.s_ifaces[I].addr_inst.trans_count_reg[J]	axi_crossbar_inst.axi_crossbar_wr_inst.s_ifaces[2].addr_inst.state_reg[0]$_SDFF_PP0_/Q	axi_crossbar_inst.axi_crossbar_wr_inst.s_ifaces[2].addr_inst.trans_count_reg[4]$_SDFFE_PP0P_/D
168	0.0569	axi_crossbar_inst.axi_crossbar_rd_inst.s_ifaces[I].r_arb_inst.grant_encoded_reg[J]	axi_crossbar_inst.axi_crossbar_rd_inst.m_ifaces[I].a_arb_inst.grant_reg[J]	axi_crossbar_inst.axi_crossbar_rd_inst.s_ifaces[0].r_arb_inst.grant_encoded_reg[2]$_SDFFE_PP0P_/Q	axi_crossbar_inst.axi_crossbar_rd_inst.m_ifaces[0].a_arb_inst.grant_reg[2]$_SDFFE_PP0P_/D
169	0.0583	axi_crossbar_inst.axi_crossbar_rd_inst.s_ifaces[I].r_arb_inst.grant_encoded_reg[J]	mI_axi_rready	axi_crossbar_inst.axi_crossbar_rd_inst.s_ifaces[1].r_arb_inst.grant_encoded_reg[1]$_SDFFE_PP0P_/Q	m06_axi_rready
170	0.0598	axi_crossbar_inst.axi_crossbar_wr_inst.s_ifaces[I].reg_inst.genblkJ.genblkK.m_axi_bready_reg	axi_crossbar_inst.axi_crossbar_wr_inst.m_ifaces[I].a_arb_inst.grant_encoded_reg[J]	axi_crossbar_inst.axi_crossbar_wr_inst.s_ifaces[6].reg_inst.genblk3.genblk1.m_axi_bready_reg$_SDFF_PP0_/Q	axi_crossbar_inst.axi_crossbar_wr_inst.m_ifaces[5].a_arb_inst.grant_encoded_reg[0]$_SDFFE_PP0P_/D
171	0.0604	axi_crossbar_inst.axi_crossbar_wr_inst.s_ifaces[I].b_arb_inst.grant_valid_reg	mI_axi_bready	axi_crossbar_inst.axi_crossbar_wr_inst.s_ifaces[7].b_arb_inst.grant_valid_reg$_SDFFE_PP0P_/Q	m07_axi_bready
172	0.0613	axi_crossbar_inst.axi_crossbar_wr_inst.s_ifaces[I].addr_inst.m_axi_avalid_reg	axi_crossbar_inst.axi_crossbar_wr_inst.m_ifaces[I].a_arb_inst.grant_encoded_reg[J]	axi_crossbar_inst.axi_crossbar_wr_inst.s_ifaces[4].addr_inst.m_axi_avalid_reg$_SDFF_PP0_/Q	axi_crossbar_inst.axi_crossbar_wr_inst.m_ifaces[2].a_arb_inst.grant_encoded_reg[0]$_SDFFE_PP0P_/D
173	0.0615	axi_crossbar_inst.axi_crossbar_wr_inst.m_ifaces[I].w_select_valid_reg	sI_axi_wready	axi_crossbar_inst.axi_crossbar_wr_inst.m_ifaces[5].w_select_valid_reg$_SDFF_PP0_/Q	s04_axi_wready
174	0.0625	axi_crossbar_inst.axi_crossbar_wr_inst.s_ifaces[I].w_select_valid_reg	axi_crossbar_inst.axi_crossbar_wr_inst.m_ifaces[I].a_arb_inst.grant_encoded_reg[J]	axi_crossbar_inst.axi_crossbar_wr_inst.s_ifaces[2].w_select_valid_reg$_SDFF_PP0_/Q	axi_crossbar_inst.axi_crossbar_wr_inst.m_ifaces[5].a_arb_inst.grant_encoded_reg[0]$_SDFFE_PP0P_/D
175	0.0626	axi_crossbar_inst.axi_crossbar_rd_inst.s_ifaces[I].r_arb_inst.grant_valid_reg	axi_crossbar_inst.axi_crossbar_rd_inst.m_ifaces[I].a_arb_inst.grant_reg[J]	axi_crossbar_inst.axi_crossbar_rd_inst.s_ifaces[6].r_arb_inst.grant_valid_reg$_SDFFE_PP0P_/Q	axi_crossbar_inst.axi_crossbar_rd_inst.m_ifaces[5].a_arb_inst.grant_reg[0]$_SDFFE_PP0P_/D
176	0.0628	axi_crossbar_inst.axi_crossbar_wr_inst.s_ifaces[I].addr_inst.trans_count_reg[J]	axi_crossbar_inst.axi_crossbar_wr_inst.s_ifaces[I].addr_inst.trans_count_reg[J]	axi_crossbar_inst.axi_crossbar_wr_inst.s_ifaces[2].addr_inst.trans_count_reg[4]$_SDFFE_PP0P_/Q	axi_crossbar_inst.axi_crossbar_wr_inst.s_ifaces[2].addr_inst.trans_count_reg[4]$_SDFFE_PP0P_/D
177	0.0657	axi_crossbar_inst.axi_crossbar_rd_inst.s_ifaces[I].r_arb_inst.grant_encoded_reg[J]	axi_crossbar_inst.axi_crossbar_rd_inst.s_ifaces[I].reg_inst.genblkJ.temp_s_axi_rdata_reg[K]	axi_crossbar_inst.axi_crossbar_rd_inst.s_ifaces[6].r_arb_inst.grant_encoded_reg[1]$_SDFFE_PP0P_/Q	axi_crossbar_inst.axi_crossbar_rd_inst.s_ifaces[6].reg_inst.genblk2.temp_s_axi_rdata_reg[22]$_DFFE_PP_/D
178	0.0657	axi_crossbar_inst.axi_crossbar_wr_inst.s_ifaces[I].w_select_reg[J]	axi_crossbar_inst.axi_crossbar_wr_inst.m_ifaces[I].a_arb_inst.grant_encoded_reg[J]	axi_crossbar_inst.axi_crossbar_wr_inst.s_ifaces[2].w_select_reg[2]$_DFFE_PP_/Q	axi_crossbar_inst.axi_crossbar_wr_inst.m_ifaces[5].a_arb_inst.grant_encoded_reg[0]$_SDFFE_PP0P_/D
179	0.0665	axi_crossbar_inst.axi_crossbar_wr_inst.s_ifaces[I].addr_inst.m_select_reg[J]	axi_crossbar_inst.axi_crossbar_wr_inst.m_ifaces[I].a_arb_inst.grant_encoded_reg[J]	axi_crossbar_inst.axi_crossbar_wr_inst.s_ifaces[4].addr_inst.m_select_reg[1]$_DFF_P_/Q	axi_crossbar_inst.axi_crossbar_wr_inst.m_ifaces[2].a_arb_inst.grant_encoded_reg[0]$_SDFFE_PP0P_/D
180	0.0692	mI_axi_rvalid	axi_crossbar_inst.axi_crossbar_rd_inst.m_ifaces[I].a_arb_inst.grant_valid_reg	m07_axi_rvalid	axi_crossbar_inst.axi_crossbar_rd_inst.m_ifaces[7].a_arb_inst.grant_valid_reg$_SDFFE_PP0P_/D
181	0.0709	mI_axi_rlast	axi_crossbar_inst.axi_crossbar_rd_inst.s_ifaces[I].reg_inst.genblkJ.temp_s_axi_rlast_reg	m03_axi_rlast	axi_crossbar_inst.axi_crossbar_rd_inst.s_ifaces[0].reg_inst.genblk2.temp_s_axi_rlast_reg$_DFFE_PP_/D
182	0.0712	sI_axi_araddr[J]	axi_crossbar_inst.axi_crossbar_rd_inst.s_ifaces[I].addr_inst.thread_m_reg[J][K]	s01_axi_araddr[27]	axi_crossbar_inst.axi_crossbar_rd_inst.s_ifaces[1].addr_inst.thread_m_reg[0][0]$_DFFE_PP_/D
183	0.0712	sI_axi_awaddr[J]	axi_crossbar_inst.axi_crossbar_wr_inst.s_ifaces[I].addr_inst.thread_m_reg[J][K]	s05_axi_awaddr[27]	axi_crossbar_inst.axi_crossbar_wr_inst.s_ifaces[5].addr_inst.thread_m_reg[0][2]$_DFFE_PP_/D
184	0.0722	sI_axi_wlast	axi_crossbar_inst.axi_crossbar_wr_inst.m_ifaces[I].reg_inst.genblkJ.m_axi_wlast_reg	s06_axi_wlast	axi_crossbar_inst.axi_crossbar_wr_inst.m_ifaces[2].reg_inst.genblk2.m_axi_wlast_reg$_DFFE_PP_/D
185	0.0731	axi_crossbar_inst.axi_crossbar_wr_inst.m_ifaces[I].w_select_valid_reg	axi_crossbar_inst.axi_crossbar_wr_inst.m_ifaces[I].a_arb_inst.mask_reg[J]	axi_crossbar_inst.axi_crossbar_wr_inst.m_ifaces[3].w_select_valid_reg$_SDFF_PP0_/QN	axi_crossbar_inst.axi_crossbar_wr_inst.m_ifaces[3].a_arb_inst.mask_reg[7]$_SDFFE_PP0P_/D
186	0.0741	axi_crossbar_inst.axi_crossbar_wr_inst.s_ifaces[I].w_drop_reg	axi_crossbar_inst.axi_crossbar_wr_inst.m_ifaces[I].a_arb_inst.grant_reg[J]	axi_crossbar_inst.axi_crossbar_wr_inst.s_ifaces[2].w_drop_reg$_DFF_P_/QN	axi_crossbar_inst.axi_crossbar_wr_inst.m_ifaces[1].a_arb_inst.grant_reg[0]$_SDFFE_PP0P_/D
187	0.0762	mI_axi_rresp[J]	axi_crossbar_inst.axi_crossbar_rd_inst.s_ifaces[I].reg_inst.genblkJ.s_axi_rresp_reg[K]	m03_axi_rresp[0]	axi_crossbar_inst.axi_crossbar_rd_inst.s_ifaces[1].reg_inst.genblk2.s_axi_rresp_reg[0]$_DFFE_PP_/D
188	0.0767	mI_axi_bvalid	axi_crossbar_inst.axi_crossbar_wr_inst.s_ifaces[I].addr_inst.s_cpl_valid_reg	m07_axi_bvalid	axi_crossbar_inst.axi_crossbar_wr_inst.s_ifaces[4].addr_inst.s_cpl_valid_reg$_DFF_P_/D
189	0.0770	axi_crossbar_inst.axi_crossbar_wr_inst.m_ifaces[I].w_select_reg[J]	axi_crossbar_inst.axi_crossbar_wr_inst.m_ifaces[I].reg_inst.genblkJ.m_axi_wdata_reg[K]	axi_crossbar_inst.axi_crossbar_wr_inst.m_ifaces[7].w_select_reg[0]$_DFFE_PP_/Q	axi_crossbar_inst.axi_crossbar_wr_inst.m_ifaces[7].reg_inst.genblk2.m_axi_wdata_reg[10]$_DFFE_PP_/D
190	0.0779	axi_crossbar_inst.axi_crossbar_rd_inst.s_ifaces[I].r_arb_inst.grant_encoded_reg[J]	axi_crossbar_inst.axi_crossbar_rd_inst.m_ifaces[I].a_arb_inst.grant_encoded_reg[J]	axi_crossbar_inst.axi_crossbar_rd_inst.s_ifaces[1].r_arb_inst.grant_encoded_reg[1]$_SDFFE_PP0P_/Q	axi_crossbar_inst.axi_crossbar_rd_inst.m_ifaces[6].a_arb_inst.grant_encoded_reg[2]$_SDFFE_PP0P_/D
191	0.0787	axi_crossbar_inst.axi_crossbar_rd_inst.s_ifaces[I].r_arb_inst.grant_encoded_reg[J]	axi_crossbar_inst.axi_crossbar_rd_inst.s_ifaces[I].reg_inst.genblkJ.s_axi_rid_reg[K]	axi_crossbar_inst.axi_crossbar_rd_inst.s_ifaces[1].r_arb_inst.grant_encoded_reg[1]$_SDFFE_PP0P_/Q	axi_crossbar_inst.axi_crossbar_rd_inst.s_ifaces[1].reg_inst.genblk2.s_axi_rid_reg[0]$_DFFE_PP_/D
192	0.0788	axi_crossbar_inst.axi_crossbar_rd_inst.s_ifaces[I].reg_inst.genblkJ.m_axi_rready_reg	mI_axi_rready	axi_crossbar_inst.axi_crossbar_rd_inst.s_ifaces[5].reg_inst.genblk2.m_axi_rready_reg$_SDFF_PP0_/Q	m05_axi_rready
193	0.0791	axi_crossbar_inst.axi_crossbar_wr_inst.m_ifaces[I].w_select_reg[J]	axi_crossbar_inst.axi_crossbar_wr_inst.m_ifaces[I].a_arb_inst.grant_encoded_reg[J]	axi_crossbar_inst.axi_crossbar_wr_inst.m_ifaces[7].w_select_reg[0]$_DFFE_PP_/Q	axi_crossbar_inst.axi_crossbar_wr_inst.m_ifaces[7].a_arb_inst.grant_encoded_reg[0]$_SDFFE_PP0P_/D
194	0.0808	sI_axi_wdata[J]	axi_crossbar_inst.axi_crossbar_wr_inst.m_ifaces[I].reg_inst.genblkJ.m_axi_wdata_reg[K]	s03_axi_wdata[10]	axi_crossbar_inst.axi_crossbar_wr_inst.m_ifaces[7].reg_inst.genblk2.m_axi_wdata_reg[10]$_DFFE_PP_/D
195	0.0809	axi_crossbar_inst.axi_crossbar_rd_inst.s_ifaces[I].reg_inst.genblkJ.m_axi_rready_reg	axi_crossbar_inst.axi_crossbar_rd_inst.m_ifaces[I].a_arb_inst.grant_encoded_reg[J]	axi_crossbar_inst.axi_crossbar_rd_inst.s_ifaces[6].reg_inst.genblk2.m_axi_rready_reg$_SDFF_PP0_/Q	axi_crossbar_inst.axi_crossbar_rd_inst.m_ifaces[1].a_arb_inst.grant_encoded_reg[2]$_SDFFE_PP0P_/D
196	0.0810	sI_axi_wstrb[J]	axi_crossbar_inst.axi_crossbar_wr_inst.m_ifaces[I].reg_inst.genblkJ.m_axi_wstrb_reg[K]	s03_axi_wstrb[0]	axi_crossbar_inst.axi_crossbar_wr_inst.m_ifaces[7].reg_inst.genblk2.m_axi_wstrb_reg[0]$_DFFE_PP_/D
197	0.0816	axi_crossbar_inst.axi_crossbar_rd_inst.s_ifaces[I].r_arb_inst.grant_valid_reg	mI_axi_rready	axi_crossbar_inst.axi_crossbar_rd_inst.s_ifaces[1].r_arb_inst.grant_valid_reg$_SDFFE_PP0P_/Q	m06_axi_rready
198	0.0818	mI_axi_bid[J]	axi_crossbar_inst.axi_crossbar_wr_inst.s_ifaces[I].reg_inst.genblkJ.genblkK.s_axi_bid_reg[L]	m03_axi_bid[0]	axi_crossbar_inst.axi_crossbar_wr_inst.s_ifaces[7].reg_inst.genblk3.genblk1.s_axi_bid_reg[0]$_DFFE_PP_/D
199	0.0833	axi_crossbar_inst.axi_crossbar_wr_inst.s_ifaces[I].addr_inst.m_decerr_reg	axi_crossbar_inst.axi_crossbar_wr_inst.s_ifaces[I].addr_inst.thread_count_reg[J][K]	axi_crossbar_inst.axi_crossbar_wr_inst.s_ifaces[4].addr_inst.m_decerr_reg$_DFFE_PP_/Q	axi_crossbar_inst.axi_crossbar_wr_inst.s_ifaces[4].addr_inst.thread_count_reg[0][4]$_SDFFE_PP0P_/D
200	0.0845	axi_crossbar_inst.axi_crossbar_rd_inst.s_ifaces[I].addr_inst.m_axi_avalid_reg	axi_crossbar_inst.axi_crossbar_rd_inst.m_ifaces[I].a_arb_inst.grant_encoded_reg[J]	axi_crossbar_inst.axi_crossbar_rd_inst.s_ifaces[4].addr_inst.m_axi_avalid_reg$_SDFF_PP0_/Q	axi_crossbar_inst.axi_crossbar_rd_inst.m_ifaces[5].a_arb_inst.grant_encoded_reg[0]$_SDFFE_PP0P_/D
201	0.0852	axi_crossbar_inst.axi_crossbar_rd_inst.s_ifaces[I].addr_inst.m_select_reg[J]	axi_crossbar_inst.axi_crossbar_rd_inst.s_ifaces[I].addr_inst.thread_id_reg[J][K]	axi_crossbar_inst.axi_crossbar_rd_inst.s_ifaces[6].addr_inst.m_select_reg[2]$_DFF_P_/Q	axi_crossbar_inst.axi_crossbar_rd_inst.s_ifaces[6].addr_inst.thread_id_reg[0][0]$_DFFE_PP_/D
202	0.0852	axi_crossbar_inst.axi_crossbar_rd_inst.s_ifaces[I].addr_inst.m_select_reg[J]	axi_crossbar_inst.axi_crossbar_rd_inst.s_ifaces[I].addr_inst.thread_m_reg[J][K]	axi_crossbar_inst.axi_crossbar_rd_inst.s_ifaces[6].addr_inst.m_select_reg[2]$_DFF_P_/Q	axi_crossbar_inst.axi_crossbar_rd_inst.s_ifaces[6].addr_inst.thread_m_reg[0][0]$_DFFE_PP_/D
203	0.0856	axi_crossbar_inst.axi_crossbar_rd_inst.s_ifaces[I].addr_inst.m_decerr_reg	axi_crossbar_inst.axi_crossbar_rd_inst.s_ifaces[I].addr_inst.thread_count_reg[J][K]	axi_crossbar_inst.axi_crossbar_rd_inst.s_ifaces[5].addr_inst.m_decerr_reg$_DFFE_PP_/Q	axi_crossbar_inst.axi_crossbar_rd_inst.s_ifaces[5].addr_inst.thread_count_reg[0][4]$_SDFFE_PP0P_/D
204	0.0857	axi_crossbar_inst.axi_crossbar_rd_inst.s_ifaces[I].r_arb_inst.grant_encoded_reg[J]	axi_crossbar_inst.axi_crossbar_rd_inst.s_ifaces[I].reg_inst.genblkJ.s_axi_rdata_reg[K]	axi_crossbar_inst.axi_crossbar_rd_inst.s_ifaces[6].r_arb_inst.grant_encoded_reg[1]$_SDFFE_PP0P_/Q	axi_crossbar_inst.axi_crossbar_rd_inst.s_ifaces[6].reg_inst.genblk2.s_axi_rdata_reg[22]$_DFFE_PP_/D
205	0.0858	axi_crossbar_inst.axi_crossbar_rd_inst.s_ifaces[I].addr_inst.m_select_reg[J]	axi_crossbar_inst.axi_crossbar_rd_inst.m_ifaces[I].a_arb_inst.grant_encoded_reg[J]	axi_crossbar_inst.axi_crossbar_rd_inst.s_ifaces[4].addr_inst.m_select_reg[2]$_DFF_P_/Q	axi_crossbar_inst.axi_crossbar_rd_inst.m_ifaces[5].a_arb_inst.grant_encoded_reg[0]$_SDFFE_PP0P_/D
206	0.0860	axi_crossbar_inst.axi_crossbar_wr_inst.s_ifaces[I].b_arb_inst.grant_valid_reg	axi_crossbar_inst.axi_crossbar_wr_inst.m_ifaces[I].a_arb_inst.grant_encoded_reg[J]	axi_crossbar_inst.axi_crossbar_wr_inst.s_ifaces[7].b_arb_inst.grant_valid_reg$_SDFFE_PP0P_/Q	axi_crossbar_inst.axi_crossbar_wr_inst.m_ifaces[3].a_arb_inst.grant_encoded_reg[0]$_SDFFE_PP0P_/D
207	0.0866	axi_crossbar_inst.axi_crossbar_rd_inst.s_ifaces[I].r_arb_inst.grant_encoded_reg[J]	axi_crossbar_inst.axi_crossbar_rd_inst.s_ifaces[I].decerr_len_reg[J]	axi_crossbar_inst.axi_crossbar_rd_inst.s_ifaces[4].r_arb_inst.grant_encoded_reg[1]$_SDFFE_PP0P_/Q	axi_crossbar_inst.axi_crossbar_rd_inst.s_ifaces[4].decerr_len_reg[0]$_DFFE_PP_/D
208	0.0866	axi_crossbar_inst.axi_crossbar_rd_inst.s_ifaces[I].r_arb_inst.grant_encoded_reg[J]	axi_crossbar_inst.axi_crossbar_rd_inst.s_ifaces[I].decerr_m_axi_rlast_reg	axi_crossbar_inst.axi_crossbar_rd_inst.s_ifaces[4].r_arb_inst.grant_encoded_reg[1]$_SDFFE_PP0P_/Q	axi_crossbar_inst.axi_crossbar_rd_inst.s_ifaces[4].decerr_m_axi_rlast_reg$_DFFE_PP_/D
209	0.0874	mI_axi_rlast	axi_crossbar_inst.axi_crossbar_rd_inst.s_ifaces[I].addr_inst.s_cpl_valid_reg	m03_axi_rlast	axi_crossbar_inst.axi_crossbar_rd_inst.s_ifaces[0].addr_inst.s_cpl_valid_reg$_DFF_P_/D
210	0.0888	axi_crossbar_inst.axi_crossbar_rd_inst.s_ifaces[I].r_arb_inst.grant_valid_reg	axi_crossbar_inst.axi_crossbar_rd_inst.m_ifaces[I].a_arb_inst.grant_encoded_reg[J]	axi_crossbar_inst.axi_crossbar_rd_inst.s_ifaces[6].r_arb_inst.grant_valid_reg$_SDFFE_PP0P_/Q	axi_crossbar_inst.axi_crossbar_rd_inst.m_ifaces[1].a_arb_inst.grant_encoded_reg[2]$_SDFFE_PP0P_/D
211	0.0889	axi_crossbar_inst.axi_crossbar_rd_inst.s_ifaces[I].addr_inst.s_cpl_valid_reg	axi_crossbar_inst.axi_crossbar_rd_inst.s_ifaces[I].addr_inst.trans_count_reg[J]	axi_crossbar_inst.axi_crossbar_rd_inst.s_ifaces[2].addr_inst.s_cpl_valid_reg$_DFF_P_/QN	axi_crossbar_inst.axi_crossbar_rd_inst.s_ifaces[2].addr_inst.trans_count_reg[4]$_SDFFE_PP0P_/D
212	0.0902	axi_crossbar_inst.axi_crossbar_wr_inst.m_ifaces[I].w_select_reg[J]	axi_crossbar_inst.axi_crossbar_wr_inst.m_ifaces[I].reg_inst.genblkJ.m_axi_wstrb_reg[K]	axi_crossbar_inst.axi_crossbar_wr_inst.m_ifaces[2].w_select_reg[0]$_DFFE_PP_/Q	axi_crossbar_inst.axi_crossbar_wr_inst.m_ifaces[2].reg_inst.genblk2.m_axi_wstrb_reg[0]$_DFFE_PP_/D
213	0.0910	mI_axi_rdata[J]	axi_crossbar_inst.axi_crossbar_rd_inst.s_ifaces[I].reg_inst.genblkJ.temp_s_axi_rdata_reg[K]	m07_axi_rdata[10]	axi_crossbar_inst.axi_crossbar_rd_inst.s_ifaces[0].reg_inst.genblk2.temp_s_axi_rdata_reg[10]$_DFFE_PP_/D
214	0.0923	rst	axi_crossbar_inst.axi_crossbar_wr_inst.m_ifaces[I].a_arb_inst.grant_encoded_reg[J]	rst	axi_crossbar_inst.axi_crossbar_wr_inst.m_ifaces[5].a_arb_inst.grant_encoded_reg[0]$_SDFFE_PP0P_/D
215	0.0923	rst	axi_crossbar_inst.axi_crossbar_wr_inst.m_ifaces[I].a_arb_inst.mask_reg[J]	rst	axi_crossbar_inst.axi_crossbar_wr_inst.m_ifaces[5].a_arb_inst.mask_reg[3]$_SDFFE_PP0P_/D
216	0.0923	rst	axi_crossbar_inst.axi_crossbar_wr_inst.s_ifaces[I].b_arb_inst.grant_encoded_reg[J]	rst	axi_crossbar_inst.axi_crossbar_wr_inst.s_ifaces[5].b_arb_inst.grant_encoded_reg[0]$_SDFFE_PP0P_/D
217	0.0926	axi_crossbar_inst.axi_crossbar_wr_inst.s_ifaces[I].addr_inst.m_select_reg[J]	axi_crossbar_inst.axi_crossbar_wr_inst.s_ifaces[I].addr_inst.thread_id_reg[J][K]	axi_crossbar_inst.axi_crossbar_wr_inst.s_ifaces[3].addr_inst.m_select_reg[1]$_DFF_P_/Q	axi_crossbar_inst.axi_crossbar_wr_inst.s_ifaces[3].addr_inst.thread_id_reg[0][0]$_DFFE_PP_/D
218	0.0926	axi_crossbar_inst.axi_crossbar_wr_inst.s_ifaces[I].addr_inst.m_select_reg[J]	axi_crossbar_inst.axi_crossbar_wr_inst.s_ifaces[I].addr_inst.thread_m_reg[J][K]	axi_crossbar_inst.axi_crossbar_wr_inst.s_ifaces[3].addr_inst.m_select_reg[1]$_DFF_P_/Q	axi_crossbar_inst.axi_crossbar_wr_inst.s_ifaces[3].addr_inst.thread_m_reg[0][0]$_DFFE_PP_/D
219	0.0945	axi_crossbar_inst.axi_crossbar_rd_inst.s_ifaces[I].r_arb_inst.grant_encoded_reg[J]	axi_crossbar_inst.axi_crossbar_rd_inst.s_ifaces[I].r_arb_inst.grant_valid_reg	axi_crossbar_inst.axi_crossbar_rd_inst.s_ifaces[1].r_arb_inst.grant_encoded_reg[1]$_SDFFE_PP0P_/Q	axi_crossbar_inst.axi_crossbar_rd_inst.s_ifaces[1].r_arb_inst.grant_valid_reg$_SDFFE_PP0P_/D
220	0.0947	mI_axi_rid[J]	axi_crossbar_inst.axi_crossbar_rd_inst.s_ifaces[I].reg_inst.genblkJ.temp_s_axi_rid_reg[K]	m03_axi_rid[0]	axi_crossbar_inst.axi_crossbar_rd_inst.s_ifaces[2].reg_inst.genblk2.temp_s_axi_rid_reg[0]$_DFFE_PP_/D
221	0.1004	axi_crossbar_inst.axi_crossbar_wr_inst.s_ifaces[I].w_drop_reg	axi_crossbar_inst.axi_crossbar_wr_inst.m_ifaces[I].a_arb_inst.grant_encoded_reg[J]	axi_crossbar_inst.axi_crossbar_wr_inst.s_ifaces[2].w_drop_reg$_DFF_P_/QN	axi_crossbar_inst.axi_crossbar_wr_inst.m_ifaces[5].a_arb_inst.grant_encoded_reg[0]$_SDFFE_PP0P_/D
222	0.1055	rst	axi_crossbar_inst.axi_crossbar_rd_inst.m_ifaces[I].a_arb_inst.grant_reg[J]	rst	axi_crossbar_inst.axi_crossbar_rd_inst.m_ifaces[0].a_arb_inst.grant_reg[0]$_SDFFE_PP0P_/D
223	0.1055	rst	axi_crossbar_inst.axi_crossbar_rd_inst.m_ifaces[I].a_arb_inst.mask_reg[J]	rst	axi_crossbar_inst.axi_crossbar_rd_inst.m_ifaces[0].a_arb_inst.mask_reg[1]$_SDFFE_PP0P_/D
224	0.1055	rst	axi_crossbar_inst.axi_crossbar_rd_inst.s_ifaces[I].r_arb_inst.mask_reg[J]	rst	axi_crossbar_inst.axi_crossbar_rd_inst.s_ifaces[7].r_arb_inst.mask_reg[1]$_SDFFE_PP0P_/D
225	0.1055	rst	axi_crossbar_inst.axi_crossbar_wr_inst.m_ifaces[I].a_arb_inst.grant_reg[J]	rst	axi_crossbar_inst.axi_crossbar_wr_inst.m_ifaces[0].a_arb_inst.grant_reg[2]$_SDFFE_PP0P_/D
226	0.1055	rst	axi_crossbar_inst.axi_crossbar_wr_inst.s_ifaces[I].b_arb_inst.mask_reg[J]	rst	axi_crossbar_inst.axi_crossbar_wr_inst.s_ifaces[2].b_arb_inst.mask_reg[2]$_SDFFE_PP0P_/D
227	0.1055	rst	axi_crossbar_inst.axi_crossbar_wr_inst.s_ifaces[I].b_arb_inst.grant_reg[J]	rst	axi_crossbar_inst.axi_crossbar_wr_inst.s_ifaces[7].b_arb_inst.grant_reg[0]$_SDFFE_PP0P_/D
228	0.1063	axi_crossbar_inst.axi_crossbar_rd_inst.s_ifaces[I].r_arb_inst.grant_encoded_reg[J]	axi_crossbar_inst.axi_crossbar_rd_inst.s_ifaces[I].reg_inst.genblkJ.temp_s_axi_rvalid_reg	axi_crossbar_inst.axi_crossbar_rd_inst.s_ifaces[4].r_arb_inst.grant_encoded_reg[1]$_SDFFE_PP0P_/Q	axi_crossbar_inst.axi_crossbar_rd_inst.s_ifaces[4].reg_inst.genblk2.temp_s_axi_rvalid_reg$_SDFFE_PP0P_/D
229	0.1073	rst	axi_crossbar_inst.axi_crossbar_rd_inst.m_ifaces[I].trans_count_reg[J]	rst	axi_crossbar_inst.axi_crossbar_rd_inst.m_ifaces[0].trans_count_reg[1]$_SDFFE_PP0P_/D
230	0.1073	rst	axi_crossbar_inst.axi_crossbar_wr_inst.m_ifaces[I].trans_count_reg[J]	rst	axi_crossbar_inst.axi_crossbar_wr_inst.m_ifaces[3].trans_count_reg[1]$_SDFFE_PP0P_/D
231	0.1075	sI_axi_wlast	axi_crossbar_inst.axi_crossbar_wr_inst.m_ifaces[I].reg_inst.genblkJ.temp_m_axi_wlast_reg	s06_axi_wlast	axi_crossbar_inst.axi_crossbar_wr_inst.m_ifaces[5].reg_inst.genblk2.temp_m_axi_wlast_reg$_DFFE_PP_/D
232	0.1085	axi_crossbar_inst.axi_crossbar_rd_inst.m_ifaces[I].a_arb_inst.mask_reg[J]	axi_crossbar_inst.axi_crossbar_rd_inst.m_ifaces[I].a_arb_inst.grant_reg[J]	axi_crossbar_inst.axi_crossbar_rd_inst.m_ifaces[0].a_arb_inst.mask_reg[7]$_SDFFE_PP0P_/Q	axi_crossbar_inst.axi_crossbar_rd_inst.m_ifaces[0].a_arb_inst.grant_reg[0]$_SDFFE_PP0P_/D
233	0.1087	axi_crossbar_inst.axi_crossbar_rd_inst.s_ifaces[I].r_arb_inst.grant_encoded_reg[J]	axi_crossbar_inst.axi_crossbar_rd_inst.s_ifaces[I].reg_inst.genblkJ.s_axi_rresp_reg[K]	axi_crossbar_inst.axi_crossbar_rd_inst.s_ifaces[4].r_arb_inst.grant_encoded_reg[1]$_SDFFE_PP0P_/Q	axi_crossbar_inst.axi_crossbar_rd_inst.s_ifaces[4].reg_inst.genblk2.s_axi_rresp_reg[0]$_DFFE_PP_/D
234	0.1094	axi_crossbar_inst.axi_crossbar_wr_inst.s_ifaces[I].b_arb_inst.grant_encoded_reg[J]	axi_crossbar_inst.axi_crossbar_wr_inst.s_ifaces[I].reg_inst.genblkJ.genblkK.s_axi_bresp_reg[L]	axi_crossbar_inst.axi_crossbar_wr_inst.s_ifaces[5].b_arb_inst.grant_encoded_reg[1]$_SDFFE_PP0P_/Q	axi_crossbar_inst.axi_crossbar_wr_inst.s_ifaces[5].reg_inst.genblk3.genblk1.s_axi_bresp_reg[0]$_DFFE_PP_/D
235	0.1101	rst	axi_crossbar_inst.axi_crossbar_rd_inst.m_ifaces[I].reg_inst.genblkJ.genblkK.s_axi_arready_reg	rst	axi_crossbar_inst.axi_crossbar_rd_inst.m_ifaces[4].reg_inst.genblk1.genblk1.s_axi_arready_reg$_SDFF_PP0_/D
236	0.1101	axi_crossbar_inst.axi_crossbar_rd_inst.s_ifaces[I].addr_inst.s_axi_aid_reg[J]	axi_crossbar_inst.axi_crossbar_rd_inst.s_ifaces[I].addr_inst.m_rc_valid_reg	axi_crossbar_inst.axi_crossbar_rd_inst.s_ifaces[2].addr_inst.s_axi_aid_reg[5]$_DFFE_PP_/Q	axi_crossbar_inst.axi_crossbar_rd_inst.s_ifaces[2].addr_inst.m_rc_valid_reg$_SDFF_PP0_/D
237	0.1107	mI_axi_rid[J]	axi_crossbar_inst.axi_crossbar_rd_inst.s_ifaces[I].addr_inst.s_cpl_id_reg[J]	m03_axi_rid[0]	axi_crossbar_inst.axi_crossbar_rd_inst.s_ifaces[1].addr_inst.s_cpl_id_reg[0]$_DFF_P_/D
238	0.1108	mI_axi_rdata[J]	axi_crossbar_inst.axi_crossbar_rd_inst.s_ifaces[I].reg_inst.genblkJ.s_axi_rdata_reg[K]	m07_axi_rdata[0]	axi_crossbar_inst.axi_crossbar_rd_inst.s_ifaces[0].reg_inst.genblk2.s_axi_rdata_reg[0]$_DFFE_PP_/D
239	0.1111	axi_crossbar_inst.axi_crossbar_wr_inst.s_ifaces[I].addr_inst.s_cpl_valid_reg	axi_crossbar_inst.axi_crossbar_wr_inst.s_ifaces[I].addr_inst.trans_count_reg[J]	axi_crossbar_inst.axi_crossbar_wr_inst.s_ifaces[2].addr_inst.s_cpl_valid_reg$_DFF_P_/QN	axi_crossbar_inst.axi_crossbar_wr_inst.s_ifaces[2].addr_inst.trans_count_reg[4]$_SDFFE_PP0P_/D
240	0.1114	rst	axi_crossbar_inst.axi_crossbar_wr_inst.m_ifaces[I].reg_inst.genblkJ.genblkK.s_axi_awready_reg	rst	axi_crossbar_inst.axi_crossbar_wr_inst.m_ifaces[1].reg_inst.genblk1.genblk1.s_axi_awready_reg$_SDFF_PP0_/D
241	0.1118	rst	axi_crossbar_inst.axi_crossbar_wr_inst.s_ifaces[I].reg_inst.genblkJ.genblkK.m_axi_bready_reg	rst	axi_crossbar_inst.axi_crossbar_wr_inst.s_ifaces[6].reg_inst.genblk3.genblk1.m_axi_bready_reg$_SDFF_PP0_/D
242	0.1122	axi_crossbar_inst.axi_crossbar_wr_inst.m_ifaces[I].w_select_reg[J]	axi_crossbar_inst.axi_crossbar_wr_inst.m_ifaces[I].reg_inst.genblkJ.temp_m_axi_wdata_reg[K]	axi_crossbar_inst.axi_crossbar_wr_inst.m_ifaces[0].w_select_reg[0]$_DFFE_PP_/Q	axi_crossbar_inst.axi_crossbar_wr_inst.m_ifaces[0].reg_inst.genblk2.temp_m_axi_wdata_reg[10]$_DFFE_PP_/D
243	0.1123	axi_crossbar_inst.axi_crossbar_wr_inst.m_ifaces[I].w_select_reg[J]	axi_crossbar_inst.axi_crossbar_wr_inst.m_ifaces[I].reg_inst.genblkJ.temp_m_axi_wstrb_reg[K]	axi_crossbar_inst.axi_crossbar_wr_inst.m_ifaces[0].w_select_reg[0]$_DFFE_PP_/Q	axi_crossbar_inst.axi_crossbar_wr_inst.m_ifaces[0].reg_inst.genblk2.temp_m_axi_wstrb_reg[3]$_DFFE_PP_/D
244	0.1123	rst	axi_crossbar_inst.axi_crossbar_rd_inst.s_ifaces[I].addr_inst.m_rc_valid_reg	rst	axi_crossbar_inst.axi_crossbar_rd_inst.s_ifaces[2].addr_inst.m_rc_valid_reg$_SDFF_PP0_/D
245	0.1123	rst	axi_crossbar_inst.axi_crossbar_rd_inst.s_ifaces[I].addr_inst.s_axi_aready_reg	rst	axi_crossbar_inst.axi_crossbar_rd_inst.s_ifaces[5].addr_inst.s_axi_aready_reg$_SDFF_PP0_/D
246	0.1123	rst	axi_crossbar_inst.axi_crossbar_rd_inst.s_ifaces[I].addr_inst.m_axi_avalid_reg	rst	axi_crossbar_inst.axi_crossbar_rd_inst.s_ifaces[7].addr_inst.m_axi_avalid_reg$_SDFF_PP0_/D
247	0.1123	rst	axi_crossbar_inst.axi_crossbar_wr_inst.s_ifaces[I].addr_inst.state_reg[J]	rst	axi_crossbar_inst.axi_crossbar_wr_inst.s_ifaces[7].addr_inst.state_reg[1]$_SDFF_PP0_/D
248	0.1128	rst	axi_crossbar_inst.axi_crossbar_rd_inst.s_ifaces[I].r_arb_inst.grant_encoded_reg[J]	rst	axi_crossbar_inst.axi_crossbar_rd_inst.s_ifaces[5].r_arb_inst.grant_encoded_reg[0]$_SDFFE_PP0P_/D
249	0.1128	rst	axi_crossbar_inst.axi_crossbar_rd_inst.s_ifaces[I].r_arb_inst.grant_reg[J]	rst	axi_crossbar_inst.axi_crossbar_rd_inst.s_ifaces[5].r_arb_inst.grant_reg[1]$_SDFFE_PP0P_/D
250	0.1128	rst	axi_crossbar_inst.axi_crossbar_wr_inst.m_ifaces[I].a_arb_inst.grant_valid_reg	rst	axi_crossbar_inst.axi_crossbar_wr_inst.m_ifaces[5].a_arb_inst.grant_valid_reg$_SDFFE_PP0P_/D
251	0.1128	rst	axi_crossbar_inst.axi_crossbar_wr_inst.m_ifaces[I].reg_inst.genblkJ.temp_m_axi_wvalid_reg	rst	axi_crossbar_inst.axi_crossbar_wr_inst.m_ifaces[6].reg_inst.genblk2.temp_m_axi_wvalid_reg$_SDFFE_PP0P_/D
252	0.1128	rst	axi_crossbar_inst.axi_crossbar_wr_inst.m_ifaces[I].reg_inst.genblkJ.genblkK.m_axi_awvalid_reg	rst	axi_crossbar_inst.axi_crossbar_wr_inst.m_ifaces[7].reg_inst.genblk1.genblk1.m_axi_awvalid_reg$_SDFF_PP0_/D
253	0.1128	rst	axi_crossbar_inst.axi_crossbar_wr_inst.s_ifaces[I].reg_inst.genblkJ.genblkK.s_axi_bvalid_reg	rst	axi_crossbar_inst.axi_crossbar_wr_inst.s_ifaces[3].reg_inst.genblk3.genblk1.s_axi_bvalid_reg$_SDFF_PP0_/D
254	0.1134	rst	axi_crossbar_inst.axi_crossbar_rd_inst.m_ifaces[I].a_arb_inst.grant_encoded_reg[J]	rst	axi_crossbar_inst.axi_crossbar_rd_inst.m_ifaces[7].a_arb_inst.grant_encoded_reg[0]$_SDFFE_PP0P_/D
255	0.1134	rst	axi_crossbar_inst.axi_crossbar_wr_inst.m_ifaces[I].reg_inst.genblkJ.s_axi_wready_reg	rst	axi_crossbar_inst.axi_crossbar_wr_inst.m_ifaces[5].reg_inst.genblk2.s_axi_wready_reg$_SDFF_PP0_/D
256	0.1148	rst	axi_crossbar_inst.axi_crossbar_rd_inst.s_ifaces[I].addr_inst.thread_count_reg[J][K]	rst	axi_crossbar_inst.axi_crossbar_rd_inst.s_ifaces[3].addr_inst.thread_count_reg[0][3]$_SDFFE_PP0P_/D
257	0.1148	rst	axi_crossbar_inst.axi_crossbar_rd_inst.s_ifaces[I].addr_inst.trans_count_reg[J]	rst	axi_crossbar_inst.axi_crossbar_rd_inst.s_ifaces[4].addr_inst.trans_count_reg[3]$_SDFFE_PP0P_/D
258	0.1148	rst	axi_crossbar_inst.axi_crossbar_wr_inst.s_ifaces[I].addr_inst.thread_count_reg[J][K]	rst	axi_crossbar_inst.axi_crossbar_wr_inst.s_ifaces[1].addr_inst.thread_count_reg[0][3]$_SDFFE_PP0P_/D
259	0.1148	rst	axi_crossbar_inst.axi_crossbar_wr_inst.s_ifaces[I].addr_inst.trans_count_reg[J]	rst	axi_crossbar_inst.axi_crossbar_wr_inst.s_ifaces[1].addr_inst.trans_count_reg[3]$_SDFFE_PP0P_/D
260	0.1157	sI_axi_rready	axi_crossbar_inst.axi_crossbar_rd_inst.s_ifaces[I].reg_inst.genblkJ.temp_s_axi_rdata_reg[K]	s00_axi_rready	axi_crossbar_inst.axi_crossbar_rd_inst.s_ifaces[0].reg_inst.genblk2.temp_s_axi_rdata_reg[10]$_DFFE_PP_/D
261	0.1166	axi_crossbar_inst.axi_crossbar_wr_inst.s_ifaces[I].b_arb_inst.grant_reg[J]	axi_crossbar_inst.axi_crossbar_wr_inst.s_ifaces[I].b_arb_inst.grant_reg[J]	axi_crossbar_inst.axi_crossbar_wr_inst.s_ifaces[0].b_arb_inst.grant_reg[5]$_SDFFE_PP0P_/QN	axi_crossbar_inst.axi_crossbar_wr_inst.s_ifaces[0].b_arb_inst.grant_reg[4]$_SDFFE_PP0P_/D
262	0.1169	sI_axi_wdata[J]	axi_crossbar_inst.axi_crossbar_wr_inst.m_ifaces[I].reg_inst.genblkJ.temp_m_axi_wdata_reg[K]	s03_axi_wdata[10]	axi_crossbar_inst.axi_crossbar_wr_inst.m_ifaces[4].reg_inst.genblk2.temp_m_axi_wdata_reg[10]$_DFFE_PP_/D
263	0.1170	sI_axi_wstrb[J]	axi_crossbar_inst.axi_crossbar_wr_inst.m_ifaces[I].reg_inst.genblkJ.temp_m_axi_wstrb_reg[K]	s03_axi_wstrb[0]	axi_crossbar_inst.axi_crossbar_wr_inst.m_ifaces[0].reg_inst.genblk2.temp_m_axi_wstrb_reg[0]$_DFFE_PP_/D
264	0.1171	axi_crossbar_inst.axi_crossbar_rd_inst.m_ifaces[I].a_arb_inst.grant_reg[J]	axi_crossbar_inst.axi_crossbar_rd_inst.m_ifaces[I].a_arb_inst.grant_reg[J]	axi_crossbar_inst.axi_crossbar_rd_inst.m_ifaces[5].a_arb_inst.grant_reg[2]$_SDFFE_PP0P_/QN	axi_crossbar_inst.axi_crossbar_rd_inst.m_ifaces[5].a_arb_inst.grant_reg[0]$_SDFFE_PP0P_/D
265	0.1171	sI_axi_arlen[J]	axi_crossbar_inst.axi_crossbar_rd_inst.m_ifaces[I].reg_inst.genblkJ.genblkK.m_axi_arlen_reg[L]	s07_axi_arlen[1]	axi_crossbar_inst.axi_crossbar_rd_inst.m_ifaces[1].reg_inst.genblk1.genblk1.m_axi_arlen_reg[1]$_DFFE_PP_/D
266	0.1177	mI_axi_wready	axi_crossbar_inst.axi_crossbar_wr_inst.m_ifaces[I].reg_inst.genblkJ.m_axi_wdata_reg[K]	m00_axi_wready	axi_crossbar_inst.axi_crossbar_wr_inst.m_ifaces[0].reg_inst.genblk2.m_axi_wdata_reg[10]$_DFFE_PP_/D
267	0.1177	mI_axi_wready	axi_crossbar_inst.axi_crossbar_wr_inst.m_ifaces[I].reg_inst.genblkJ.m_axi_wstrb_reg[K]	m00_axi_wready	axi_crossbar_inst.axi_crossbar_wr_inst.m_ifaces[0].reg_inst.genblk2.m_axi_wstrb_reg[0]$_DFFE_PP_/D
268	0.1182	sI_axi_rready	axi_crossbar_inst.axi_crossbar_rd_inst.s_ifaces[I].reg_inst.genblkJ.temp_s_axi_rid_reg[K]	s06_axi_rready	axi_crossbar_inst.axi_crossbar_rd_inst.s_ifaces[6].reg_inst.genblk2.temp_s_axi_rid_reg[1]$_DFFE_PP_/D
269	0.1183	mI_axi_wready	axi_crossbar_inst.axi_crossbar_wr_inst.m_ifaces[I].reg_inst.genblkJ.temp_m_axi_wdata_reg[K]	m06_axi_wready	axi_crossbar_inst.axi_crossbar_wr_inst.m_ifaces[6].reg_inst.genblk2.temp_m_axi_wdata_reg[10]$_DFFE_PP_/D
270	0.1187	sI_axi_awid[J]	axi_crossbar_inst.axi_crossbar_wr_inst.m_ifaces[I].reg_inst.genblkJ.genblkK.m_axi_awid_reg[L]	s03_axi_awid[0]	axi_crossbar_inst.axi_crossbar_wr_inst.m_ifaces[2].reg_inst.genblk1.genblk1.m_axi_awid_reg[0]$_DFFE_PP_/D
271	0.1187	sI_axi_arid[J]	axi_crossbar_inst.axi_crossbar_rd_inst.m_ifaces[I].reg_inst.genblkJ.genblkK.m_axi_arid_reg[L]	s03_axi_arid[0]	axi_crossbar_inst.axi_crossbar_rd_inst.m_ifaces[1].reg_inst.genblk1.genblk1.m_axi_arid_reg[0]$_DFFE_PP_/D
272	0.1191	sI_axi_araddr[J]	axi_crossbar_inst.axi_crossbar_rd_inst.m_ifaces[I].reg_inst.genblkJ.genblkK.m_axi_araddr_reg[L]	s03_axi_araddr[28]	axi_crossbar_inst.axi_crossbar_rd_inst.m_ifaces[4].reg_inst.genblk1.genblk1.m_axi_araddr_reg[28]$_DFFE_PP_/D
273	0.1191	sI_axi_awaddr[J]	axi_crossbar_inst.axi_crossbar_wr_inst.m_ifaces[I].reg_inst.genblkJ.genblkK.m_axi_awaddr_reg[L]	s03_axi_awaddr[27]	axi_crossbar_inst.axi_crossbar_wr_inst.m_ifaces[2].reg_inst.genblk1.genblk1.m_axi_awaddr_reg[27]$_DFFE_PP_/D
274	0.1194	mI_axi_bvalid	axi_crossbar_inst.axi_crossbar_wr_inst.m_ifaces[I].a_arb_inst.grant_valid_reg	m05_axi_bvalid	axi_crossbar_inst.axi_crossbar_wr_inst.m_ifaces[5].a_arb_inst.grant_valid_reg$_SDFFE_PP0P_/D
275	0.1195	axi_crossbar_inst.axi_crossbar_wr_inst.m_ifaces[I].w_select_reg[J]	axi_crossbar_inst.axi_crossbar_wr_inst.s_ifaces[I].w_drop_reg	axi_crossbar_inst.axi_crossbar_wr_inst.m_ifaces[0].w_select_reg[0]$_DFFE_PP_/Q	axi_crossbar_inst.axi_crossbar_wr_inst.s_ifaces[7].w_drop_reg$_DFF_P_/D
276	0.1197	rst	axi_crossbar_inst.axi_crossbar_wr_inst.m_ifaces[I].w_select_valid_reg	rst	axi_crossbar_inst.axi_crossbar_wr_inst.m_ifaces[3].w_select_valid_reg$_SDFF_PP0_/D
277	0.1200	axi_crossbar_inst.axi_crossbar_wr_inst.s_ifaces[I].w_select_reg[J]	axi_crossbar_inst.axi_crossbar_wr_inst.m_ifaces[I].a_arb_inst.grant_valid_reg	axi_crossbar_inst.axi_crossbar_wr_inst.s_ifaces[1].w_select_reg[2]$_DFFE_PP_/Q	axi_crossbar_inst.axi_crossbar_wr_inst.m_ifaces[2].a_arb_inst.grant_valid_reg$_SDFFE_PP0P_/D
278	0.1208	mI_axi_wready	axi_crossbar_inst.axi_crossbar_wr_inst.m_ifaces[I].reg_inst.genblkJ.temp_m_axi_wstrb_reg[K]	m05_axi_wready	axi_crossbar_inst.axi_crossbar_wr_inst.m_ifaces[5].reg_inst.genblk2.temp_m_axi_wstrb_reg[0]$_DFFE_PP_/D
279	0.1210	axi_crossbar_inst.axi_crossbar_wr_inst.m_ifaces[I].a_arb_inst.mask_reg[J]	axi_crossbar_inst.axi_crossbar_wr_inst.m_ifaces[I].a_arb_inst.grant_reg[J]	axi_crossbar_inst.axi_crossbar_wr_inst.m_ifaces[1].a_arb_inst.mask_reg[5]$_SDFFE_PP0P_/Q	axi_crossbar_inst.axi_crossbar_wr_inst.m_ifaces[1].a_arb_inst.grant_reg[4]$_SDFFE_PP0P_/D
280	0.1215	rst	axi_crossbar_inst.axi_crossbar_rd_inst.s_ifaces[I].decerr_m_axi_rvalid_reg	rst	axi_crossbar_inst.axi_crossbar_rd_inst.s_ifaces[3].decerr_m_axi_rvalid_reg$_SDFF_PP0_/D
281	0.1218	sI_axi_arburst[J]	axi_crossbar_inst.axi_crossbar_rd_inst.m_ifaces[I].reg_inst.genblkJ.genblkK.m_axi_arburst_reg[L]	s03_axi_arburst[0]	axi_crossbar_inst.axi_crossbar_rd_inst.m_ifaces[7].reg_inst.genblk1.genblk1.m_axi_arburst_reg[0]$_DFFE_PP_/D
282	0.1218	sI_axi_arcache[J]	axi_crossbar_inst.axi_crossbar_rd_inst.m_ifaces[I].reg_inst.genblkJ.genblkK.m_axi_arcache_reg[L]	s03_axi_arcache[0]	axi_crossbar_inst.axi_crossbar_rd_inst.m_ifaces[7].reg_inst.genblk1.genblk1.m_axi_arcache_reg[0]$_DFFE_PP_/D
283	0.1218	sI_axi_arsize[J]	axi_crossbar_inst.axi_crossbar_rd_inst.m_ifaces[I].reg_inst.genblkJ.genblkK.m_axi_arsize_reg[L]	s03_axi_arsize[0]	axi_crossbar_inst.axi_crossbar_rd_inst.m_ifaces[7].reg_inst.genblk1.genblk1.m_axi_arsize_reg[0]$_DFFE_PP_/D
284	0.1219	sI_axi_awburst[J]	axi_crossbar_inst.axi_crossbar_wr_inst.m_ifaces[I].reg_inst.genblkJ.genblkK.m_axi_awburst_reg[L]	s03_axi_awburst[1]	axi_crossbar_inst.axi_crossbar_wr_inst.m_ifaces[2].reg_inst.genblk1.genblk1.m_axi_awburst_reg[1]$_DFFE_PP_/D
285	0.1219	sI_axi_awcache[J]	axi_crossbar_inst.axi_crossbar_wr_inst.m_ifaces[I].reg_inst.genblkJ.genblkK.m_axi_awcache_reg[L]	s03_axi_awcache[3]	axi_crossbar_inst.axi_crossbar_wr_inst.m_ifaces[2].reg_inst.genblk1.genblk1.m_axi_awcache_reg[3]$_DFFE_PP_/D
286	0.1219	sI_axi_awlen[J]	axi_crossbar_inst.axi_crossbar_wr_inst.m_ifaces[I].reg_inst.genblkJ.genblkK.m_axi_awlen_reg[L]	s03_axi_awlen[7]	axi_crossbar_inst.axi_crossbar_wr_inst.m_ifaces[2].reg_inst.genblk1.genblk1.m_axi_awlen_reg[7]$_DFFE_PP_/D
287	0.1219	sI_axi_awlock	axi_crossbar_inst.axi_crossbar_wr_inst.m_ifaces[I].reg_inst.genblkJ.genblkK.m_axi_awlock_reg	s03_axi_awlock	axi_crossbar_inst.axi_crossbar_wr_inst.m_ifaces[2].reg_inst.genblk1.genblk1.m_axi_awlock_reg$_DFFE_PP_/D
288	0.1219	sI_axi_awprot[J]	axi_crossbar_inst.axi_crossbar_wr_inst.m_ifaces[I].reg_inst.genblkJ.genblkK.m_axi_awprot_reg[L]	s03_axi_awprot[2]	axi_crossbar_inst.axi_crossbar_wr_inst.m_ifaces[2].reg_inst.genblk1.genblk1.m_axi_awprot_reg[2]$_DFFE_PP_/D
289	0.1219	sI_axi_awqos[J]	axi_crossbar_inst.axi_crossbar_wr_inst.m_ifaces[I].reg_inst.genblkJ.genblkK.m_axi_awqos_reg[L]	s03_axi_awqos[3]	axi_crossbar_inst.axi_crossbar_wr_inst.m_ifaces[2].reg_inst.genblk1.genblk1.m_axi_awqos_reg[3]$_DFFE_PP_/D
290	0.1219	sI_axi_awsize[J]	axi_crossbar_inst.axi_crossbar_wr_inst.m_ifaces[I].reg_inst.genblkJ.genblkK.m_axi_awsize_reg[L]	s03_axi_awsize[2]	axi_crossbar_inst.axi_crossbar_wr_inst.m_ifaces[2].reg_inst.genblk1.genblk1.m_axi_awsize_reg[2]$_DFFE_PP_/D
291	0.1219	sI_axi_arprot[J]	axi_crossbar_inst.axi_crossbar_rd_inst.m_ifaces[I].reg_inst.genblkJ.genblkK.m_axi_arprot_reg[L]	s03_axi_arprot[0]	axi_crossbar_inst.axi_crossbar_rd_inst.m_ifaces[0].reg_inst.genblk1.genblk1.m_axi_arprot_reg[0]$_DFFE_PP_/D
292	0.1219	sI_axi_arqos[J]	axi_crossbar_inst.axi_crossbar_rd_inst.m_ifaces[I].reg_inst.genblkJ.genblkK.m_axi_arqos_reg[L]	s03_axi_arqos[0]	axi_crossbar_inst.axi_crossbar_rd_inst.m_ifaces[0].reg_inst.genblk1.genblk1.m_axi_arqos_reg[0]$_DFFE_PP_/D
293	0.1220	sI_axi_arlock	axi_crossbar_inst.axi_crossbar_rd_inst.m_ifaces[I].reg_inst.genblkJ.genblkK.m_axi_arlock_reg	s03_axi_arlock	axi_crossbar_inst.axi_crossbar_rd_inst.m_ifaces[0].reg_inst.genblk1.genblk1.m_axi_arlock_reg$_DFFE_PP_/D
294	0.1221	rst	axi_crossbar_inst.axi_crossbar_rd_inst.m_ifaces[I].a_arb_inst.grant_valid_reg	rst	axi_crossbar_inst.axi_crossbar_rd_inst.m_ifaces[0].a_arb_inst.grant_valid_reg$_SDFFE_PP0P_/D
295	0.1221	rst	axi_crossbar_inst.axi_crossbar_rd_inst.m_ifaces[I].reg_inst.genblkJ.genblkK.m_axi_arvalid_reg	rst	axi_crossbar_inst.axi_crossbar_rd_inst.m_ifaces[0].reg_inst.genblk1.genblk1.m_axi_arvalid_reg$_SDFF_PP0_/D
296	0.1221	rst	axi_crossbar_inst.axi_crossbar_rd_inst.s_ifaces[I].r_arb_inst.grant_valid_reg	rst	axi_crossbar_inst.axi_crossbar_rd_inst.s_ifaces[3].r_arb_inst.grant_valid_reg$_SDFFE_PP0P_/D
297	0.1221	rst	axi_crossbar_inst.axi_crossbar_rd_inst.s_ifaces[I].reg_inst.genblkJ.m_axi_rready_reg	rst	axi_crossbar_inst.axi_crossbar_rd_inst.s_ifaces[3].reg_inst.genblk2.m_axi_rready_reg$_SDFF_PP0_/D
298	0.1224	axi_crossbar_inst.axi_crossbar_rd_inst.s_ifaces[I].r_arb_inst.grant_encoded_reg[J]	axi_crossbar_inst.axi_crossbar_rd_inst.s_ifaces[I].reg_inst.genblkJ.temp_s_axi_rid_reg[K]	axi_crossbar_inst.axi_crossbar_rd_inst.s_ifaces[1].r_arb_inst.grant_encoded_reg[1]$_SDFFE_PP0P_/Q	axi_crossbar_inst.axi_crossbar_rd_inst.s_ifaces[1].reg_inst.genblk2.temp_s_axi_rid_reg[0]$_DFFE_PP_/D
299	0.1238	mI_axi_rresp[J]	axi_crossbar_inst.axi_crossbar_rd_inst.s_ifaces[I].reg_inst.genblkJ.temp_s_axi_rresp_reg[K]	m03_axi_rresp[1]	axi_crossbar_inst.axi_crossbar_rd_inst.s_ifaces[1].reg_inst.genblk2.temp_s_axi_rresp_reg[1]$_DFFE_PP_/D
300	0.1242	axi_crossbar_inst.axi_crossbar_wr_inst.s_ifaces[I].b_arb_inst.grant_encoded_reg[J]	axi_crossbar_inst.axi_crossbar_wr_inst.s_ifaces[I].reg_inst.genblkJ.genblkK.s_axi_bid_reg[L]	axi_crossbar_inst.axi_crossbar_wr_inst.s_ifaces[4].b_arb_inst.grant_encoded_reg[1]$_SDFFE_PP0P_/Q	axi_crossbar_inst.axi_crossbar_wr_inst.s_ifaces[4].reg_inst.genblk3.genblk1.s_axi_bid_reg[0]$_DFFE_PP_/D
301	0.1256	axi_crossbar_inst.axi_crossbar_wr_inst.s_ifaces[I].decerr_m_axi_bvalid_reg	axi_crossbar_inst.axi_crossbar_wr_inst.s_ifaces[I].b_arb_inst.grant_reg[J]	axi_crossbar_inst.axi_crossbar_wr_inst.s_ifaces[5].decerr_m_axi_bvalid_reg$_SDFF_PP0_/Q	axi_crossbar_inst.axi_crossbar_wr_inst.s_ifaces[5].b_arb_inst.grant_reg[0]$_SDFFE_PP0P_/D
302	0.1258	axi_crossbar_inst.axi_crossbar_wr_inst.s_ifaces[I].b_arb_inst.grant_encoded_reg[J]	axi_crossbar_inst.axi_crossbar_wr_inst.m_ifaces[I].a_arb_inst.grant_valid_reg	axi_crossbar_inst.axi_crossbar_wr_inst.s_ifaces[6].b_arb_inst.grant_encoded_reg[3]$_SDFFE_PP0P_/Q	axi_crossbar_inst.axi_crossbar_wr_inst.m_ifaces[0].a_arb_inst.grant_valid_reg$_SDFFE_PP0P_/D
303	0.1275	sI_axi_rready	axi_crossbar_inst.axi_crossbar_rd_inst.s_ifaces[I].reg_inst.genblkJ.temp_s_axi_rresp_reg[K]	s00_axi_rready	axi_crossbar_inst.axi_crossbar_rd_inst.s_ifaces[0].reg_inst.genblk2.temp_s_axi_rresp_reg[1]$_DFFE_PP_/D
304	0.1276	sI_axi_araddr[J]	axi_crossbar_inst.axi_crossbar_rd_inst.s_ifaces[I].addr_inst.m_select_reg[J]	s01_axi_araddr[27]	axi_crossbar_inst.axi_crossbar_rd_inst.s_ifaces[1].addr_inst.m_select_reg[0]$_DFF_P_/D
305	0.1276	sI_axi_awaddr[J]	axi_crossbar_inst.axi_crossbar_wr_inst.s_ifaces[I].addr_inst.m_select_reg[J]	s05_axi_awaddr[27]	axi_crossbar_inst.axi_crossbar_wr_inst.s_ifaces[5].addr_inst.m_select_reg[2]$_DFF_P_/D
306	0.1302	sI_axi_arlen[J]	axi_crossbar_inst.axi_crossbar_rd_inst.s_ifaces[I].decerr_m_axi_rlast_reg	s03_axi_arlen[3]	axi_crossbar_inst.axi_crossbar_rd_inst.s_ifaces[3].decerr_m_axi_rlast_reg$_DFFE_PP_/D
307	0.1313	axi_crossbar_inst.axi_crossbar_rd_inst.s_ifaces[I].addr_inst.thread_id_reg[J][K]	axi_crossbar_inst.axi_crossbar_rd_inst.s_ifaces[I].addr_inst.m_rc_valid_reg	axi_crossbar_inst.axi_crossbar_rd_inst.s_ifaces[2].addr_inst.thread_id_reg[1][5]$_DFFE_PP_/Q	axi_crossbar_inst.axi_crossbar_rd_inst.s_ifaces[2].addr_inst.m_rc_valid_reg$_SDFF_PP0_/D
308	0.1327	axi_crossbar_inst.axi_crossbar_rd_inst.m_ifaces[I].a_arb_inst.grant_encoded_reg[J]	axi_crossbar_inst.axi_crossbar_rd_inst.m_ifaces[I].reg_inst.genblkJ.genblkK.m_axi_arburst_reg[L]	axi_crossbar_inst.axi_crossbar_rd_inst.m_ifaces[6].a_arb_inst.grant_encoded_reg[1]$_SDFFE_PP0P_/Q	axi_crossbar_inst.axi_crossbar_rd_inst.m_ifaces[6].reg_inst.genblk1.genblk1.m_axi_arburst_reg[0]$_DFFE_PP_/D
309	0.1327	axi_crossbar_inst.axi_crossbar_rd_inst.m_ifaces[I].a_arb_inst.grant_encoded_reg[J]	axi_crossbar_inst.axi_crossbar_rd_inst.m_ifaces[I].reg_inst.genblkJ.genblkK.m_axi_arcache_reg[L]	axi_crossbar_inst.axi_crossbar_rd_inst.m_ifaces[6].a_arb_inst.grant_encoded_reg[1]$_SDFFE_PP0P_/Q	axi_crossbar_inst.axi_crossbar_rd_inst.m_ifaces[6].reg_inst.genblk1.genblk1.m_axi_arcache_reg[0]$_DFFE_PP_/D
310	0.1327	axi_crossbar_inst.axi_crossbar_rd_inst.m_ifaces[I].a_arb_inst.grant_encoded_reg[J]	axi_crossbar_inst.axi_crossbar_rd_inst.m_ifaces[I].reg_inst.genblkJ.genblkK.m_axi_arsize_reg[L]	axi_crossbar_inst.axi_crossbar_rd_inst.m_ifaces[6].a_arb_inst.grant_encoded_reg[1]$_SDFFE_PP0P_/Q	axi_crossbar_inst.axi_crossbar_rd_inst.m_ifaces[6].reg_inst.genblk1.genblk1.m_axi_arsize_reg[1]$_DFFE_PP_/D
311	0.1327	axi_crossbar_inst.axi_crossbar_rd_inst.m_ifaces[I].a_arb_inst.grant_encoded_reg[J]	axi_crossbar_inst.axi_crossbar_rd_inst.m_ifaces[I].reg_inst.genblkJ.genblkK.m_axi_araddr_reg[L]	axi_crossbar_inst.axi_crossbar_rd_inst.m_ifaces[6].a_arb_inst.grant_encoded_reg[1]$_SDFFE_PP0P_/Q	axi_crossbar_inst.axi_crossbar_rd_inst.m_ifaces[6].reg_inst.genblk1.genblk1.m_axi_araddr_reg[0]$_DFFE_PP_/D
312	0.1327	axi_crossbar_inst.axi_crossbar_rd_inst.m_ifaces[I].a_arb_inst.grant_encoded_reg[J]	axi_crossbar_inst.axi_crossbar_rd_inst.m_ifaces[I].reg_inst.genblkJ.genblkK.m_axi_arlen_reg[L]	axi_crossbar_inst.axi_crossbar_rd_inst.m_ifaces[6].a_arb_inst.grant_encoded_reg[1]$_SDFFE_PP0P_/Q	axi_crossbar_inst.axi_crossbar_rd_inst.m_ifaces[6].reg_inst.genblk1.genblk1.m_axi_arlen_reg[0]$_DFFE_PP_/D
313	0.1327	axi_crossbar_inst.axi_crossbar_rd_inst.m_ifaces[I].a_arb_inst.grant_encoded_reg[J]	axi_crossbar_inst.axi_crossbar_rd_inst.m_ifaces[I].reg_inst.genblkJ.genblkK.m_axi_arid_reg[L]	axi_crossbar_inst.axi_crossbar_rd_inst.m_ifaces[6].a_arb_inst.grant_encoded_reg[1]$_SDFFE_PP0P_/Q	axi_crossbar_inst.axi_crossbar_rd_inst.m_ifaces[6].reg_inst.genblk1.genblk1.m_axi_arid_reg[0]$_DFFE_PP_/D
314	0.1329	mI_axi_bresp[J]	axi_crossbar_inst.axi_crossbar_wr_inst.s_ifaces[I].reg_inst.genblkJ.genblkK.s_axi_bresp_reg[L]	m05_axi_bresp[0]	axi_crossbar_inst.axi_crossbar_wr_inst.s_ifaces[2].reg_inst.genblk3.genblk1.s_axi_bresp_reg[0]$_DFFE_PP_/D
315	0.1351	axi_crossbar_inst.axi_crossbar_wr_inst.s_ifaces[I].reg_inst.genblkJ.genblkK.m_axi_bready_reg	axi_crossbar_inst.axi_crossbar_wr_inst.m_ifaces[I].a_arb_inst.grant_valid_reg	axi_crossbar_inst.axi_crossbar_wr_inst.s_ifaces[6].reg_inst.genblk3.genblk1.m_axi_bready_reg$_SDFF_PP0_/Q	axi_crossbar_inst.axi_crossbar_wr_inst.m_ifaces[0].a_arb_inst.grant_valid_reg$_SDFFE_PP0P_/D
316	0.1353	axi_crossbar_inst.axi_crossbar_wr_inst.s_ifaces[I].addr_inst.s_axi_aid_reg[J]	axi_crossbar_inst.axi_crossbar_wr_inst.s_ifaces[I].addr_inst.state_reg[J]	axi_crossbar_inst.axi_crossbar_wr_inst.s_ifaces[0].addr_inst.s_axi_aid_reg[5]$_DFFE_PP_/Q	axi_crossbar_inst.axi_crossbar_wr_inst.s_ifaces[0].addr_inst.state_reg[1]$_SDFF_PP0_/D
317	0.1358	axi_crossbar_inst.axi_crossbar_wr_inst.m_ifaces[I].w_select_reg[J]	axi_crossbar_inst.axi_crossbar_wr_inst.m_ifaces[I].a_arb_inst.grant_valid_reg	axi_crossbar_inst.axi_crossbar_wr_inst.m_ifaces[2].w_select_reg[0]$_DFFE_PP_/Q	axi_crossbar_inst.axi_crossbar_wr_inst.m_ifaces[2].a_arb_inst.grant_valid_reg$_SDFFE_PP0P_/D
318	0.1359	sI_axi_rready	axi_crossbar_inst.axi_crossbar_rd_inst.s_ifaces[I].reg_inst.genblkJ.temp_s_axi_rlast_reg	s03_axi_rready	axi_crossbar_inst.axi_crossbar_rd_inst.s_ifaces[3].reg_inst.genblk2.temp_s_axi_rlast_reg$_DFFE_PP_/D
319	0.1367	axi_crossbar_inst.axi_crossbar_rd_inst.m_ifaces[I].a_arb_inst.grant_encoded_reg[J]	axi_crossbar_inst.axi_crossbar_rd_inst.m_ifaces[I].reg_inst.genblkJ.genblkK.m_axi_arprot_reg[L]	axi_crossbar_inst.axi_crossbar_rd_inst.m_ifaces[6].a_arb_inst.grant_encoded_reg[1]$_SDFFE_PP0P_/Q	axi_crossbar_inst.axi_crossbar_rd_inst.m_ifaces[6].reg_inst.genblk1.genblk1.m_axi_arprot_reg[0]$_DFFE_PP_/D
320	0.1367	axi_crossbar_inst.axi_crossbar_rd_inst.m_ifaces[I].a_arb_inst.grant_encoded_reg[J]	axi_crossbar_inst.axi_crossbar_rd_inst.m_ifaces[I].reg_inst.genblkJ.genblkK.m_axi_arqos_reg[L]	axi_crossbar_inst.axi_crossbar_rd_inst.m_ifaces[6].a_arb_inst.grant_encoded_reg[1]$_SDFFE_PP0P_/Q	axi_crossbar_inst.axi_crossbar_rd_inst.m_ifaces[6].reg_inst.genblk1.genblk1.m_axi_arqos_reg[0]$_DFFE_PP_/D
321	0.1383	axi_crossbar_inst.axi_crossbar_rd_inst.s_ifaces[I].r_arb_inst.grant_encoded_reg[J]	axi_crossbar_inst.axi_crossbar_rd_inst.s_ifaces[I].addr_inst.s_cpl_id_reg[J]	axi_crossbar_inst.axi_crossbar_rd_inst.s_ifaces[1].r_arb_inst.grant_encoded_reg[1]$_SDFFE_PP0P_/Q	axi_crossbar_inst.axi_crossbar_rd_inst.s_ifaces[1].addr_inst.s_cpl_id_reg[0]$_DFF_P_/D
322	0.1384	mI_axi_bid[J]	axi_crossbar_inst.axi_crossbar_wr_inst.s_ifaces[I].addr_inst.s_cpl_id_reg[J]	m03_axi_bid[0]	axi_crossbar_inst.axi_crossbar_wr_inst.s_ifaces[7].addr_inst.s_cpl_id_reg[0]$_DFF_P_/D
323	0.1390	axi_crossbar_inst.axi_crossbar_wr_inst.m_ifaces[I].a_arb_inst.grant_encoded_reg[J]	axi_crossbar_inst.axi_crossbar_wr_inst.m_ifaces[I].reg_inst.genblkJ.genblkK.m_axi_awaddr_reg[L]	axi_crossbar_inst.axi_crossbar_wr_inst.m_ifaces[3].a_arb_inst.grant_encoded_reg[1]$_SDFFE_PP0P_/Q	axi_crossbar_inst.axi_crossbar_wr_inst.m_ifaces[3].reg_inst.genblk1.genblk1.m_axi_awaddr_reg[10]$_DFFE_PP_/D
324	0.1391	axi_crossbar_inst.axi_crossbar_wr_inst.m_ifaces[I].a_arb_inst.grant_encoded_reg[J]	axi_crossbar_inst.axi_crossbar_wr_inst.m_ifaces[I].reg_inst.genblkJ.genblkK.m_axi_awlen_reg[L]	axi_crossbar_inst.axi_crossbar_wr_inst.m_ifaces[3].a_arb_inst.grant_encoded_reg[1]$_SDFFE_PP0P_/Q	axi_crossbar_inst.axi_crossbar_wr_inst.m_ifaces[3].reg_inst.genblk1.genblk1.m_axi_awlen_reg[1]$_DFFE_PP_/D
325	0.1392	axi_crossbar_inst.axi_crossbar_wr_inst.m_ifaces[I].a_arb_inst.grant_encoded_reg[J]	axi_crossbar_inst.axi_crossbar_wr_inst.m_ifaces[I].reg_inst.genblkJ.genblkK.m_axi_awid_reg[L]	axi_crossbar_inst.axi_crossbar_wr_inst.m_ifaces[3].a_arb_inst.grant_encoded_reg[1]$_SDFFE_PP0P_/Q	axi_crossbar_inst.axi_crossbar_wr_inst.m_ifaces[3].reg_inst.genblk1.genblk1.m_axi_awid_reg[0]$_DFFE_PP_/D
326	0.1394	axi_crossbar_inst.axi_crossbar_wr_inst.m_ifaces[I].a_arb_inst.grant_reg[J]	axi_crossbar_inst.axi_crossbar_wr_inst.m_ifaces[I].a_arb_inst.grant_reg[J]	axi_crossbar_inst.axi_crossbar_wr_inst.m_ifaces[1].a_arb_inst.grant_reg[5]$_SDFFE_PP0P_/QN	axi_crossbar_inst.axi_crossbar_wr_inst.m_ifaces[1].a_arb_inst.grant_reg[4]$_SDFFE_PP0P_/D
327	0.1397	axi_crossbar_inst.axi_crossbar_rd_inst.s_ifaces[I].r_arb_inst.grant_encoded_reg[J]	axi_crossbar_inst.axi_crossbar_rd_inst.s_ifaces[I].reg_inst.genblkJ.temp_s_axi_rresp_reg[K]	axi_crossbar_inst.axi_crossbar_rd_inst.s_ifaces[4].r_arb_inst.grant_encoded_reg[1]$_SDFFE_PP0P_/Q	axi_crossbar_inst.axi_crossbar_rd_inst.s_ifaces[4].reg_inst.genblk2.temp_s_axi_rresp_reg[0]$_DFFE_PP_/D
328	0.1398	axi_crossbar_inst.axi_crossbar_wr_inst.s_ifaces[I].addr_inst.s_axi_aid_reg[J]	axi_crossbar_inst.axi_crossbar_wr_inst.s_ifaces[I].addr_inst.m_axi_avalid_reg	axi_crossbar_inst.axi_crossbar_wr_inst.s_ifaces[0].addr_inst.s_axi_aid_reg[5]$_DFFE_PP_/Q	axi_crossbar_inst.axi_crossbar_wr_inst.s_ifaces[0].addr_inst.m_axi_avalid_reg$_SDFF_PP0_/D
329	0.1402	axi_crossbar_inst.axi_crossbar_wr_inst.m_ifaces[I].w_select_reg[J]	axi_crossbar_inst.axi_crossbar_wr_inst.s_ifaces[I].w_select_valid_reg	axi_crossbar_inst.axi_crossbar_wr_inst.m_ifaces[7].w_select_reg[0]$_DFFE_PP_/Q	axi_crossbar_inst.axi_crossbar_wr_inst.s_ifaces[4].w_select_valid_reg$_SDFF_PP0_/D
330	0.1403	axi_crossbar_inst.axi_crossbar_wr_inst.m_ifaces[I].a_arb_inst.grant_encoded_reg[J]	axi_crossbar_inst.axi_crossbar_wr_inst.m_ifaces[I].reg_inst.genblkJ.genblkK.m_axi_awburst_reg[L]	axi_crossbar_inst.axi_crossbar_wr_inst.m_ifaces[2].a_arb_inst.grant_encoded_reg[1]$_SDFFE_PP0P_/Q	axi_crossbar_inst.axi_crossbar_wr_inst.m_ifaces[2].reg_inst.genblk1.genblk1.m_axi_awburst_reg[1]$_DFFE_PP_/D
331	0.1403	axi_crossbar_inst.axi_crossbar_wr_inst.m_ifaces[I].a_arb_inst.grant_encoded_reg[J]	axi_crossbar_inst.axi_crossbar_wr_inst.m_ifaces[I].reg_inst.genblkJ.genblkK.m_axi_awcache_reg[L]	axi_crossbar_inst.axi_crossbar_wr_inst.m_ifaces[2].a_arb_inst.grant_encoded_reg[1]$_SDFFE_PP0P_/Q	axi_crossbar_inst.axi_crossbar_wr_inst.m_ifaces[2].reg_inst.genblk1.genblk1.m_axi_awcache_reg[3]$_DFFE_PP_/D
332	0.1403	axi_crossbar_inst.axi_crossbar_wr_inst.m_ifaces[I].a_arb_inst.grant_encoded_reg[J]	axi_crossbar_inst.axi_crossbar_wr_inst.m_ifaces[I].reg_inst.genblkJ.genblkK.m_axi_awlock_reg	axi_crossbar_inst.axi_crossbar_wr_inst.m_ifaces[2].a_arb_inst.grant_encoded_reg[1]$_SDFFE_PP0P_/Q	axi_crossbar_inst.axi_crossbar_wr_inst.m_ifaces[2].reg_inst.genblk1.genblk1.m_axi_awlock_reg$_DFFE_PP_/D
333	0.1403	axi_crossbar_inst.axi_crossbar_wr_inst.m_ifaces[I].a_arb_inst.grant_encoded_reg[J]	axi_crossbar_inst.axi_crossbar_wr_inst.m_ifaces[I].reg_inst.genblkJ.genblkK.m_axi_awprot_reg[L]	axi_crossbar_inst.axi_crossbar_wr_inst.m_ifaces[2].a_arb_inst.grant_encoded_reg[1]$_SDFFE_PP0P_/Q	axi_crossbar_inst.axi_crossbar_wr_inst.m_ifaces[2].reg_inst.genblk1.genblk1.m_axi_awprot_reg[2]$_DFFE_PP_/D
334	0.1403	axi_crossbar_inst.axi_crossbar_wr_inst.m_ifaces[I].a_arb_inst.grant_encoded_reg[J]	axi_crossbar_inst.axi_crossbar_wr_inst.m_ifaces[I].reg_inst.genblkJ.genblkK.m_axi_awqos_reg[L]	axi_crossbar_inst.axi_crossbar_wr_inst.m_ifaces[2].a_arb_inst.grant_encoded_reg[1]$_SDFFE_PP0P_/Q	axi_crossbar_inst.axi_crossbar_wr_inst.m_ifaces[2].reg_inst.genblk1.genblk1.m_axi_awqos_reg[3]$_DFFE_PP_/D
335	0.1403	axi_crossbar_inst.axi_crossbar_wr_inst.m_ifaces[I].a_arb_inst.grant_encoded_reg[J]	axi_crossbar_inst.axi_crossbar_wr_inst.m_ifaces[I].reg_inst.genblkJ.genblkK.m_axi_awsize_reg[L]	axi_crossbar_inst.axi_crossbar_wr_inst.m_ifaces[2].a_arb_inst.grant_encoded_reg[1]$_SDFFE_PP0P_/Q	axi_crossbar_inst.axi_crossbar_wr_inst.m_ifaces[2].reg_inst.genblk1.genblk1.m_axi_awsize_reg[2]$_DFFE_PP_/D
336	0.1406	axi_crossbar_inst.axi_crossbar_rd_inst.s_ifaces[I].addr_inst.m_axi_avalid_reg	axi_crossbar_inst.axi_crossbar_rd_inst.m_ifaces[I].a_arb_inst.grant_valid_reg	axi_crossbar_inst.axi_crossbar_rd_inst.s_ifaces[3].addr_inst.m_axi_avalid_reg$_SDFF_PP0_/Q	axi_crossbar_inst.axi_crossbar_rd_inst.m_ifaces[3].a_arb_inst.grant_valid_reg$_SDFFE_PP0P_/D
337	0.1408	axi_crossbar_inst.axi_crossbar_wr_inst.s_ifaces[I].w_select_valid_reg	axi_crossbar_inst.axi_crossbar_wr_inst.m_ifaces[I].a_arb_inst.grant_valid_reg	axi_crossbar_inst.axi_crossbar_wr_inst.s_ifaces[1].w_select_valid_reg$_SDFF_PP0_/Q	axi_crossbar_inst.axi_crossbar_wr_inst.m_ifaces[2].a_arb_inst.grant_valid_reg$_SDFFE_PP0P_/D
338	0.1415	rst	axi_crossbar_inst.axi_crossbar_wr_inst.m_ifaces[I].w_select_new_reg	rst	axi_crossbar_inst.axi_crossbar_wr_inst.m_ifaces[0].w_select_new_reg$_SDFF_PP1_/D
339	0.1416	axi_crossbar_inst.axi_crossbar_wr_inst.s_ifaces[I].b_arb_inst.mask_reg[J]	axi_crossbar_inst.axi_crossbar_wr_inst.s_ifaces[I].b_arb_inst.grant_reg[J]	axi_crossbar_inst.axi_crossbar_wr_inst.s_ifaces[5].b_arb_inst.mask_reg[4]$_SDFFE_PP0P_/Q	axi_crossbar_inst.axi_crossbar_wr_inst.s_ifaces[5].b_arb_inst.grant_reg[0]$_SDFFE_PP0P_/D
340	0.1426	axi_crossbar_inst.axi_crossbar_rd_inst.m_ifaces[I].a_arb_inst.grant_encoded_reg[J]	axi_crossbar_inst.axi_crossbar_rd_inst.m_ifaces[I].reg_inst.genblkJ.genblkK.m_axi_arlock_reg	axi_crossbar_inst.axi_crossbar_rd_inst.m_ifaces[6].a_arb_inst.grant_encoded_reg[1]$_SDFFE_PP0P_/Q	axi_crossbar_inst.axi_crossbar_rd_inst.m_ifaces[6].reg_inst.genblk1.genblk1.m_axi_arlock_reg$_DFFE_PP_/D
341	0.1427	axi_crossbar_inst.axi_crossbar_rd_inst.s_ifaces[I].addr_inst.m_select_reg[J]	axi_crossbar_inst.axi_crossbar_rd_inst.m_ifaces[I].a_arb_inst.grant_valid_reg	axi_crossbar_inst.axi_crossbar_rd_inst.s_ifaces[0].addr_inst.m_select_reg[0]$_DFF_P_/Q	axi_crossbar_inst.axi_crossbar_rd_inst.m_ifaces[3].a_arb_inst.grant_valid_reg$_SDFFE_PP0P_/D
342	0.1428	axi_crossbar_inst.axi_crossbar_wr_inst.m_ifaces[I].trans_count_reg[J]	axi_crossbar_inst.axi_crossbar_wr_inst.m_ifaces[I].a_arb_inst.mask_reg[J]	axi_crossbar_inst.axi_crossbar_wr_inst.m_ifaces[5].trans_count_reg[2]$_SDFFE_PP0P_/Q	axi_crossbar_inst.axi_crossbar_wr_inst.m_ifaces[5].a_arb_inst.mask_reg[3]$_SDFFE_PP0P_/D
343	0.1431	axi_crossbar_inst.axi_crossbar_rd_inst.s_ifaces[I].r_arb_inst.grant_encoded_reg[J]	axi_crossbar_inst.axi_crossbar_rd_inst.s_ifaces[I].reg_inst.genblkJ.s_axi_rvalid_reg	axi_crossbar_inst.axi_crossbar_rd_inst.s_ifaces[4].r_arb_inst.grant_encoded_reg[1]$_SDFFE_PP0P_/Q	axi_crossbar_inst.axi_crossbar_rd_inst.s_ifaces[4].reg_inst.genblk2.s_axi_rvalid_reg$_SDFFE_PP0P_/D
344	0.1436	mI_axi_rlast	axi_crossbar_inst.axi_crossbar_rd_inst.m_ifaces[I].a_arb_inst.grant_valid_reg	m07_axi_rlast	axi_crossbar_inst.axi_crossbar_rd_inst.m_ifaces[7].a_arb_inst.grant_valid_reg$_SDFFE_PP0P_/D
345	0.1439	rst	axi_crossbar_inst.axi_crossbar_wr_inst.m_ifaces[I].reg_inst.genblkJ.m_axi_wvalid_reg	rst	axi_crossbar_inst.axi_crossbar_wr_inst.m_ifaces[7].reg_inst.genblk2.m_axi_wvalid_reg$_SDFFE_PP0P_/D
346	0.1440	rst	axi_crossbar_inst.axi_crossbar_rd_inst.s_ifaces[I].reg_inst.genblkJ.s_axi_rvalid_reg	rst	axi_crossbar_inst.axi_crossbar_rd_inst.s_ifaces[7].reg_inst.genblk2.s_axi_rvalid_reg$_SDFFE_PP0P_/D
347	0.1452	axi_crossbar_inst.axi_crossbar_rd_inst.s_ifaces[I].addr_inst.thread_count_reg[J][K]	axi_crossbar_inst.axi_crossbar_rd_inst.s_ifaces[I].addr_inst.m_rc_valid_reg	axi_crossbar_inst.axi_crossbar_rd_inst.s_ifaces[2].addr_inst.thread_count_reg[0][1]$_SDFFE_PP0P_/Q	axi_crossbar_inst.axi_crossbar_rd_inst.s_ifaces[2].addr_inst.m_rc_valid_reg$_SDFF_PP0_/D
348	0.1459	rst	axi_crossbar_inst.axi_crossbar_rd_inst.s_ifaces[I].addr_inst.state_reg[J]	rst	axi_crossbar_inst.axi_crossbar_rd_inst.s_ifaces[2].addr_inst.state_reg[1]$_SDFF_PP0_/D
349	0.1464	axi_crossbar_inst.axi_crossbar_rd_inst.s_ifaces[I].addr_inst.m_select_reg[J]	axi_crossbar_inst.axi_crossbar_rd_inst.m_ifaces[I].reg_inst.genblkJ.genblkK.s_axi_arready_reg	axi_crossbar_inst.axi_crossbar_rd_inst.s_ifaces[0].addr_inst.m_select_reg[0]$_DFF_P_/Q	axi_crossbar_inst.axi_crossbar_rd_inst.m_ifaces[3].reg_inst.genblk1.genblk1.s_axi_arready_reg$_SDFF_PP0_/D
350	0.1467	sI_axi_rready	axi_crossbar_inst.axi_crossbar_rd_inst.s_ifaces[I].reg_inst.genblkJ.s_axi_rid_reg[K]	s04_axi_rready	axi_crossbar_inst.axi_crossbar_rd_inst.s_ifaces[4].reg_inst.genblk2.s_axi_rid_reg[0]$_DFFE_PP_/D
351	0.1467	sI_axi_rready	axi_crossbar_inst.axi_crossbar_rd_inst.s_ifaces[I].reg_inst.genblkJ.s_axi_rlast_reg	s04_axi_rready	axi_crossbar_inst.axi_crossbar_rd_inst.s_ifaces[4].reg_inst.genblk2.s_axi_rlast_reg$_DFFE_PP_/D
352	0.1467	sI_axi_rready	axi_crossbar_inst.axi_crossbar_rd_inst.s_ifaces[I].reg_inst.genblkJ.s_axi_rresp_reg[K]	s04_axi_rready	axi_crossbar_inst.axi_crossbar_rd_inst.s_ifaces[4].reg_inst.genblk2.s_axi_rresp_reg[0]$_DFFE_PP_/D
353	0.1470	axi_crossbar_inst.axi_crossbar_rd_inst.s_ifaces[I].r_arb_inst.grant_encoded_reg[J]	axi_crossbar_inst.axi_crossbar_rd_inst.s_ifaces[I].addr_inst.s_cpl_valid_reg	axi_crossbar_inst.axi_crossbar_rd_inst.s_ifaces[4].r_arb_inst.grant_encoded_reg[1]$_SDFFE_PP0P_/Q	axi_crossbar_inst.axi_crossbar_rd_inst.s_ifaces[4].addr_inst.s_cpl_valid_reg$_DFF_P_/D
354	0.1472	axi_crossbar_inst.axi_crossbar_rd_inst.s_ifaces[I].addr_inst.s_axi_aid_reg[J]	axi_crossbar_inst.axi_crossbar_rd_inst.s_ifaces[I].addr_inst.state_reg[J]	axi_crossbar_inst.axi_crossbar_rd_inst.s_ifaces[2].addr_inst.s_axi_aid_reg[5]$_DFFE_PP_/Q	axi_crossbar_inst.axi_crossbar_rd_inst.s_ifaces[2].addr_inst.state_reg[1]$_SDFF_PP0_/D
355	0.1479	axi_crossbar_inst.axi_crossbar_wr_inst.m_ifaces[I].reg_inst.genblkJ.genblkK.s_axi_awready_reg	axi_crossbar_inst.axi_crossbar_wr_inst.s_ifaces[I].addr_inst.state_reg[J]	axi_crossbar_inst.axi_crossbar_wr_inst.m_ifaces[7].reg_inst.genblk1.genblk1.s_axi_awready_reg$_SDFF_PP0_/Q	axi_crossbar_inst.axi_crossbar_wr_inst.s_ifaces[2].addr_inst.state_reg[1]$_SDFF_PP0_/D
356	0.1490	sI_axi_rready	axi_crossbar_inst.axi_crossbar_rd_inst.s_ifaces[I].reg_inst.genblkJ.s_axi_rdata_reg[K]	s04_axi_rready	axi_crossbar_inst.axi_crossbar_rd_inst.s_ifaces[4].reg_inst.genblk2.s_axi_rdata_reg[10]$_DFFE_PP_/D
357	0.1493	axi_crossbar_inst.axi_crossbar_wr_inst.m_ifaces[I].a_arb_inst.mask_reg[J]	axi_crossbar_inst.axi_crossbar_wr_inst.m_ifaces[I].a_arb_inst.grant_encoded_reg[J]	axi_crossbar_inst.axi_crossbar_wr_inst.m_ifaces[5].a_arb_inst.mask_reg[4]$_SDFFE_PP0P_/Q	axi_crossbar_inst.axi_crossbar_wr_inst.m_ifaces[5].a_arb_inst.grant_encoded_reg[0]$_SDFFE_PP0P_/D
358	0.1506	axi_crossbar_inst.axi_crossbar_wr_inst.s_ifaces[I].addr_inst.m_decerr_reg	axi_crossbar_inst.axi_crossbar_wr_inst.s_ifaces[I].addr_inst.trans_count_reg[J]	axi_crossbar_inst.axi_crossbar_wr_inst.s_ifaces[0].addr_inst.m_decerr_reg$_DFFE_PP_/Q	axi_crossbar_inst.axi_crossbar_wr_inst.s_ifaces[0].addr_inst.trans_count_reg[4]$_SDFFE_PP0P_/D
359	0.1509	axi_crossbar_inst.axi_crossbar_rd_inst.s_ifaces[I].addr_inst.thread_m_reg[J][K]	axi_crossbar_inst.axi_crossbar_rd_inst.s_ifaces[I].addr_inst.thread_id_reg[J][K]	axi_crossbar_inst.axi_crossbar_rd_inst.s_ifaces[2].addr_inst.thread_m_reg[1][2]$_DFFE_PP_/Q	axi_crossbar_inst.axi_crossbar_rd_inst.s_ifaces[2].addr_inst.thread_id_reg[1][0]$_DFFE_PP_/D
360	0.1509	axi_crossbar_inst.axi_crossbar_rd_inst.s_ifaces[I].addr_inst.thread_m_reg[J][K]	axi_crossbar_inst.axi_crossbar_rd_inst.s_ifaces[I].addr_inst.thread_m_reg[J][K]	axi_crossbar_inst.axi_crossbar_rd_inst.s_ifaces[2].addr_inst.thread_m_reg[1][2]$_DFFE_PP_/Q	axi_crossbar_inst.axi_crossbar_rd_inst.s_ifaces[2].addr_inst.thread_m_reg[1][0]$_DFFE_PP_/D
361	0.1512	axi_crossbar_inst.axi_crossbar_wr_inst.s_ifaces[I].addr_inst.thread_count_reg[J][K]	axi_crossbar_inst.axi_crossbar_wr_inst.s_ifaces[I].addr_inst.m_axi_avalid_reg	axi_crossbar_inst.axi_crossbar_wr_inst.s_ifaces[4].addr_inst.thread_count_reg[1][2]$_SDFFE_PP0P_/Q	axi_crossbar_inst.axi_crossbar_wr_inst.s_ifaces[4].addr_inst.m_axi_avalid_reg$_SDFF_PP0_/D
362	0.1525	axi_crossbar_inst.axi_crossbar_rd_inst.s_ifaces[I].addr_inst.s_axi_aid_reg[J]	axi_crossbar_inst.axi_crossbar_rd_inst.s_ifaces[I].addr_inst.m_axi_avalid_reg	axi_crossbar_inst.axi_crossbar_rd_inst.s_ifaces[2].addr_inst.s_axi_aid_reg[5]$_DFFE_PP_/Q	axi_crossbar_inst.axi_crossbar_rd_inst.s_ifaces[2].addr_inst.m_axi_avalid_reg$_SDFF_PP0_/D
363	0.1532	axi_crossbar_inst.axi_crossbar_wr_inst.m_ifaces[I].a_arb_inst.grant_valid_reg	axi_crossbar_inst.axi_crossbar_wr_inst.s_ifaces[I].addr_inst.state_reg[J]	axi_crossbar_inst.axi_crossbar_wr_inst.m_ifaces[7].a_arb_inst.grant_valid_reg$_SDFFE_PP0P_/Q	axi_crossbar_inst.axi_crossbar_wr_inst.s_ifaces[2].addr_inst.state_reg[1]$_SDFF_PP0_/D
364	0.1537	axi_crossbar_inst.axi_crossbar_wr_inst.s_ifaces[I].b_arb_inst.grant_encoded_reg[J]	axi_crossbar_inst.axi_crossbar_wr_inst.s_ifaces[I].reg_inst.genblkJ.genblkK.s_axi_bvalid_reg	axi_crossbar_inst.axi_crossbar_wr_inst.s_ifaces[4].b_arb_inst.grant_encoded_reg[0]$_SDFFE_PP0P_/Q	axi_crossbar_inst.axi_crossbar_wr_inst.s_ifaces[4].reg_inst.genblk3.genblk1.s_axi_bvalid_reg$_SDFF_PP0_/D
365	0.1538	rst	axi_crossbar_inst.axi_crossbar_wr_inst.s_ifaces[I].w_select_valid_reg	rst	axi_crossbar_inst.axi_crossbar_wr_inst.s_ifaces[0].w_select_valid_reg$_SDFF_PP0_/D
366	0.1538	rst	axi_crossbar_inst.axi_crossbar_wr_inst.s_ifaces[I].addr_inst.m_rc_valid_reg	rst	axi_crossbar_inst.axi_crossbar_wr_inst.s_ifaces[2].addr_inst.m_rc_valid_reg$_SDFF_PP0_/D
367	0.1538	rst	axi_crossbar_inst.axi_crossbar_wr_inst.s_ifaces[I].addr_inst.m_wc_valid_reg	rst	axi_crossbar_inst.axi_crossbar_wr_inst.s_ifaces[2].addr_inst.m_wc_valid_reg$_SDFF_PP0_/D
368	0.1538	rst	axi_crossbar_inst.axi_crossbar_wr_inst.s_ifaces[I].b_arb_inst.grant_valid_reg	rst	axi_crossbar_inst.axi_crossbar_wr_inst.s_ifaces[2].b_arb_inst.grant_valid_reg$_SDFFE_PP0P_/D
369	0.1539	axi_crossbar_inst.axi_crossbar_rd_inst.s_ifaces[I].decerr_m_axi_rvalid_reg	axi_crossbar_inst.axi_crossbar_rd_inst.s_ifaces[I].r_arb_inst.grant_reg[J]	axi_crossbar_inst.axi_crossbar_rd_inst.s_ifaces[4].decerr_m_axi_rvalid_reg$_SDFF_PP0_/Q	axi_crossbar_inst.axi_crossbar_rd_inst.s_ifaces[4].r_arb_inst.grant_reg[0]$_SDFFE_PP0P_/D
370	0.1546	axi_crossbar_inst.axi_crossbar_rd_inst.s_ifaces[I].r_arb_inst.grant_encoded_reg[J]	axi_crossbar_inst.axi_crossbar_rd_inst.s_ifaces[I].reg_inst.genblkJ.m_axi_rready_reg	axi_crossbar_inst.axi_crossbar_rd_inst.s_ifaces[4].r_arb_inst.grant_encoded_reg[1]$_SDFFE_PP0P_/Q	axi_crossbar_inst.axi_crossbar_rd_inst.s_ifaces[4].reg_inst.genblk2.m_axi_rready_reg$_SDFF_PP0_/D
371	0.1550	axi_crossbar_inst.axi_crossbar_rd_inst.s_ifaces[I].r_arb_inst.grant_reg[J]	axi_crossbar_inst.axi_crossbar_rd_inst.s_ifaces[I].r_arb_inst.grant_reg[J]	axi_crossbar_inst.axi_crossbar_rd_inst.s_ifaces[6].r_arb_inst.grant_reg[0]$_SDFFE_PP0P_/QN	axi_crossbar_inst.axi_crossbar_rd_inst.s_ifaces[6].r_arb_inst.grant_reg[5]$_SDFFE_PP0P_/D
372	0.1558	axi_crossbar_inst.axi_crossbar_wr_inst.m_ifaces[I].reg_inst.genblkJ.genblkK.s_axi_awready_reg	axi_crossbar_inst.axi_crossbar_wr_inst.s_ifaces[I].addr_inst.s_axi_aready_reg	axi_crossbar_inst.axi_crossbar_wr_inst.m_ifaces[7].reg_inst.genblk1.genblk1.s_axi_awready_reg$_SDFF_PP0_/Q	axi_crossbar_inst.axi_crossbar_wr_inst.s_ifaces[2].addr_inst.s_axi_aready_reg$_SDFF_PP0_/D
373	0.1566	axi_crossbar_inst.axi_crossbar_wr_inst.s_ifaces[I].addr_inst.thread_id_reg[J][K]	axi_crossbar_inst.axi_crossbar_wr_inst.s_ifaces[I].addr_inst.state_reg[J]	axi_crossbar_inst.axi_crossbar_wr_inst.s_ifaces[0].addr_inst.thread_id_reg[1][5]$_DFFE_PP_/Q	axi_crossbar_inst.axi_crossbar_wr_inst.s_ifaces[0].addr_inst.state_reg[1]$_SDFF_PP0_/D
374	0.1579	axi_crossbar_inst.axi_crossbar_rd_inst.s_ifaces[I].addr_inst.m_select_reg[J]	axi_crossbar_inst.axi_crossbar_rd_inst.m_ifaces[I].reg_inst.genblkJ.genblkK.m_axi_arvalid_reg	axi_crossbar_inst.axi_crossbar_rd_inst.s_ifaces[5].addr_inst.m_select_reg[2]$_DFF_P_/Q	axi_crossbar_inst.axi_crossbar_rd_inst.m_ifaces[4].reg_inst.genblk1.genblk1.m_axi_arvalid_reg$_SDFF_PP0_/D
375	0.1581	rst	axi_crossbar_inst.axi_crossbar_rd_inst.s_ifaces[I].reg_inst.genblkJ.temp_s_axi_rvalid_reg	rst	axi_crossbar_inst.axi_crossbar_rd_inst.s_ifaces[1].reg_inst.genblk2.temp_s_axi_rvalid_reg$_SDFFE_PP0P_/D
376	0.1581	axi_crossbar_inst.axi_crossbar_rd_inst.s_ifaces[I].addr_inst.m_decerr_reg	axi_crossbar_inst.axi_crossbar_rd_inst.s_ifaces[I].addr_inst.trans_count_reg[J]	axi_crossbar_inst.axi_crossbar_rd_inst.s_ifaces[3].addr_inst.m_decerr_reg$_DFFE_PP_/Q	axi_crossbar_inst.axi_crossbar_rd_inst.s_ifaces[3].addr_inst.trans_count_reg[4]$_SDFFE_PP0P_/D
377	0.1587	axi_crossbar_inst.axi_crossbar_rd_inst.s_ifaces[I].addr_inst.m_axi_avalid_reg	axi_crossbar_inst.axi_crossbar_rd_inst.m_ifaces[I].reg_inst.genblkJ.genblkK.m_axi_arvalid_reg	axi_crossbar_inst.axi_crossbar_rd_inst.s_ifaces[0].addr_inst.m_axi_avalid_reg$_SDFF_PP0_/Q	axi_crossbar_inst.axi_crossbar_rd_inst.m_ifaces[4].reg_inst.genblk1.genblk1.m_axi_arvalid_reg$_SDFF_PP0_/D
378	0.1593	axi_crossbar_inst.axi_crossbar_wr_inst.s_ifaces[I].addr_inst.thread_m_reg[J][K]	axi_crossbar_inst.axi_crossbar_wr_inst.s_ifaces[I].addr_inst.thread_id_reg[J][K]	axi_crossbar_inst.axi_crossbar_wr_inst.s_ifaces[1].addr_inst.thread_m_reg[0][0]$_DFFE_PP_/Q	axi_crossbar_inst.axi_crossbar_wr_inst.s_ifaces[1].addr_inst.thread_id_reg[0][0]$_DFFE_PP_/D
379	0.1593	axi_crossbar_inst.axi_crossbar_wr_inst.s_ifaces[I].addr_inst.thread_m_reg[J][K]	axi_crossbar_inst.axi_crossbar_wr_inst.s_ifaces[I].addr_inst.thread_m_reg[J][K]	axi_crossbar_inst.axi_crossbar_wr_inst.s_ifaces[1].addr_inst.thread_m_reg[0][0]$_DFFE_PP_/Q	axi_crossbar_inst.axi_crossbar_wr_inst.s_ifaces[1].addr_inst.thread_m_reg[0][0]$_DFFE_PP_/D
380	0.1611	axi_crossbar_inst.axi_crossbar_wr_inst.s_ifaces[I].b_arb_inst.grant_valid_reg	axi_crossbar_inst.axi_crossbar_wr_inst.m_ifaces[I].a_arb_inst.grant_valid_reg	axi_crossbar_inst.axi_crossbar_wr_inst.s_ifaces[1].b_arb_inst.grant_valid_reg$_SDFFE_PP0P_/Q	axi_crossbar_inst.axi_crossbar_wr_inst.m_ifaces[2].a_arb_inst.grant_valid_reg$_SDFFE_PP0P_/D
381	0.1611	axi_crossbar_inst.axi_crossbar_wr_inst.s_ifaces[I].addr_inst.thread_id_reg[J][K]	axi_crossbar_inst.axi_crossbar_wr_inst.s_ifaces[I].addr_inst.m_axi_avalid_reg	axi_crossbar_inst.axi_crossbar_wr_inst.s_ifaces[0].addr_inst.thread_id_reg[1][5]$_DFFE_PP_/Q	axi_crossbar_inst.axi_crossbar_wr_inst.s_ifaces[0].addr_inst.m_axi_avalid_reg$_SDFF_PP0_/D
382	0.1611	axi_crossbar_inst.axi_crossbar_wr_inst.m_ifaces[I].a_arb_inst.grant_valid_reg	axi_crossbar_inst.axi_crossbar_wr_inst.s_ifaces[I].addr_inst.s_axi_aready_reg	axi_crossbar_inst.axi_crossbar_wr_inst.m_ifaces[7].a_arb_inst.grant_valid_reg$_SDFFE_PP0P_/Q	axi_crossbar_inst.axi_crossbar_wr_inst.s_ifaces[2].addr_inst.s_axi_aready_reg$_SDFF_PP0_/D
383	0.1629	axi_crossbar_inst.axi_crossbar_wr_inst.s_ifaces[I].b_arb_inst.grant_reg[J]	axi_crossbar_inst.axi_crossbar_wr_inst.s_ifaces[I].b_arb_inst.grant_encoded_reg[J]	axi_crossbar_inst.axi_crossbar_wr_inst.s_ifaces[0].b_arb_inst.grant_reg[5]$_SDFFE_PP0P_/QN	axi_crossbar_inst.axi_crossbar_wr_inst.s_ifaces[0].b_arb_inst.grant_encoded_reg[0]$_SDFFE_PP0P_/D
384	0.1633	axi_crossbar_inst.axi_crossbar_rd_inst.m_ifaces[I].a_arb_inst.grant_encoded_reg[J]	axi_crossbar_inst.axi_crossbar_rd_inst.m_ifaces[I].reg_inst.genblkJ.genblkK.s_axi_arready_reg	axi_crossbar_inst.axi_crossbar_rd_inst.m_ifaces[1].a_arb_inst.grant_encoded_reg[1]$_SDFFE_PP0P_/Q	axi_crossbar_inst.axi_crossbar_rd_inst.m_ifaces[1].reg_inst.genblk1.genblk1.s_axi_arready_reg$_SDFF_PP0_/D
385	0.1646	axi_crossbar_inst.axi_crossbar_rd_inst.m_ifaces[I].reg_inst.genblkJ.genblkK.s_axi_arready_reg	axi_crossbar_inst.axi_crossbar_rd_inst.s_ifaces[I].addr_inst.s_axi_aready_reg	axi_crossbar_inst.axi_crossbar_rd_inst.m_ifaces[7].reg_inst.genblk1.genblk1.s_axi_arready_reg$_SDFF_PP0_/Q	axi_crossbar_inst.axi_crossbar_rd_inst.s_ifaces[0].addr_inst.s_axi_aready_reg$_SDFF_PP0_/D
386	0.1648	axi_crossbar_inst.axi_crossbar_rd_inst.m_ifaces[I].a_arb_inst.grant_reg[J]	axi_crossbar_inst.axi_crossbar_rd_inst.m_ifaces[I].a_arb_inst.grant_encoded_reg[J]	axi_crossbar_inst.axi_crossbar_rd_inst.m_ifaces[5].a_arb_inst.grant_reg[2]$_SDFFE_PP0P_/QN	axi_crossbar_inst.axi_crossbar_rd_inst.m_ifaces[5].a_arb_inst.grant_encoded_reg[0]$_SDFFE_PP0P_/D
387	0.1654	axi_crossbar_inst.axi_crossbar_wr_inst.s_ifaces[I].addr_inst.s_axi_aid_reg[J]	axi_crossbar_inst.axi_crossbar_wr_inst.s_ifaces[I].addr_inst.m_rc_valid_reg	axi_crossbar_inst.axi_crossbar_wr_inst.s_ifaces[6].addr_inst.s_axi_aid_reg[5]$_DFFE_PP_/Q	axi_crossbar_inst.axi_crossbar_wr_inst.s_ifaces[6].addr_inst.m_rc_valid_reg$_SDFF_PP0_/D
388	0.1658	axi_crossbar_inst.axi_crossbar_wr_inst.s_ifaces[I].addr_inst.m_select_reg[J]	axi_crossbar_inst.axi_crossbar_wr_inst.m_ifaces[I].reg_inst.genblkJ.genblkK.s_axi_awready_reg	axi_crossbar_inst.axi_crossbar_wr_inst.s_ifaces[1].addr_inst.m_select_reg[2]$_DFF_P_/Q	axi_crossbar_inst.axi_crossbar_wr_inst.m_ifaces[6].reg_inst.genblk1.genblk1.s_axi_awready_reg$_SDFF_PP0_/D
389	0.1663	axi_crossbar_inst.axi_crossbar_rd_inst.s_ifaces[I].addr_inst.m_axi_avalid_reg	axi_crossbar_inst.axi_crossbar_rd_inst.m_ifaces[I].reg_inst.genblkJ.genblkK.s_axi_arready_reg	axi_crossbar_inst.axi_crossbar_rd_inst.s_ifaces[4].addr_inst.m_axi_avalid_reg$_SDFF_PP0_/Q	axi_crossbar_inst.axi_crossbar_rd_inst.m_ifaces[3].reg_inst.genblk1.genblk1.s_axi_arready_reg$_SDFF_PP0_/D
390	0.1672	axi_crossbar_inst.axi_crossbar_wr_inst.m_ifaces[I].a_arb_inst.grant_reg[J]	axi_crossbar_inst.axi_crossbar_wr_inst.m_ifaces[I].a_arb_inst.grant_encoded_reg[J]	axi_crossbar_inst.axi_crossbar_wr_inst.m_ifaces[6].a_arb_inst.grant_reg[4]$_SDFFE_PP0P_/QN	axi_crossbar_inst.axi_crossbar_wr_inst.m_ifaces[6].a_arb_inst.grant_encoded_reg[1]$_SDFFE_PP0P_/D
391	0.1673	axi_crossbar_inst.axi_crossbar_wr_inst.s_ifaces[I].w_select_reg[J]	axi_crossbar_inst.axi_crossbar_wr_inst.m_ifaces[I].reg_inst.genblkJ.temp_m_axi_wvalid_reg	axi_crossbar_inst.axi_crossbar_wr_inst.s_ifaces[1].w_select_reg[2]$_DFFE_PP_/Q	axi_crossbar_inst.axi_crossbar_wr_inst.m_ifaces[2].reg_inst.genblk2.temp_m_axi_wvalid_reg$_SDFFE_PP0P_/D
392	0.1675	axi_crossbar_inst.axi_crossbar_rd_inst.m_ifaces[I].a_arb_inst.mask_reg[J]	axi_crossbar_inst.axi_crossbar_rd_inst.m_ifaces[I].a_arb_inst.grant_encoded_reg[J]	axi_crossbar_inst.axi_crossbar_rd_inst.m_ifaces[0].a_arb_inst.mask_reg[7]$_SDFFE_PP0P_/Q	axi_crossbar_inst.axi_crossbar_rd_inst.m_ifaces[0].a_arb_inst.grant_encoded_reg[0]$_SDFFE_PP0P_/D
393	0.1677	axi_crossbar_inst.axi_crossbar_rd_inst.m_ifaces[I].reg_inst.genblkJ.genblkK.s_axi_arready_reg	axi_crossbar_inst.axi_crossbar_rd_inst.s_ifaces[I].addr_inst.state_reg[J]	axi_crossbar_inst.axi_crossbar_rd_inst.m_ifaces[7].reg_inst.genblk1.genblk1.s_axi_arready_reg$_SDFF_PP0_/Q	axi_crossbar_inst.axi_crossbar_rd_inst.s_ifaces[0].addr_inst.state_reg[1]$_SDFF_PP0_/D
394	0.1684	axi_crossbar_inst.axi_crossbar_rd_inst.s_ifaces[I].addr_inst.thread_id_reg[J][K]	axi_crossbar_inst.axi_crossbar_rd_inst.s_ifaces[I].addr_inst.state_reg[J]	axi_crossbar_inst.axi_crossbar_rd_inst.s_ifaces[2].addr_inst.thread_id_reg[1][5]$_DFFE_PP_/Q	axi_crossbar_inst.axi_crossbar_rd_inst.s_ifaces[2].addr_inst.state_reg[1]$_SDFF_PP0_/D
395	0.1686	axi_crossbar_inst.axi_crossbar_wr_inst.s_ifaces[I].b_arb_inst.mask_reg[J]	axi_crossbar_inst.axi_crossbar_wr_inst.s_ifaces[I].b_arb_inst.grant_encoded_reg[J]	axi_crossbar_inst.axi_crossbar_wr_inst.s_ifaces[3].b_arb_inst.mask_reg[1]$_SDFFE_PP0P_/Q	axi_crossbar_inst.axi_crossbar_wr_inst.s_ifaces[3].b_arb_inst.grant_encoded_reg[0]$_SDFFE_PP0P_/D
396	0.1689	axi_crossbar_inst.axi_crossbar_wr_inst.s_ifaces[I].addr_inst.thread_count_reg[J][K]	axi_crossbar_inst.axi_crossbar_wr_inst.s_ifaces[I].addr_inst.state_reg[J]	axi_crossbar_inst.axi_crossbar_wr_inst.s_ifaces[4].addr_inst.thread_count_reg[1][2]$_SDFFE_PP0P_/Q	axi_crossbar_inst.axi_crossbar_wr_inst.s_ifaces[4].addr_inst.state_reg[1]$_SDFF_PP0_/D
397	0.1689	axi_crossbar_inst.axi_crossbar_wr_inst.s_ifaces[I].b_arb_inst.grant_encoded_reg[J]	axi_crossbar_inst.axi_crossbar_wr_inst.s_ifaces[I].reg_inst.genblkJ.genblkK.m_axi_bready_reg	axi_crossbar_inst.axi_crossbar_wr_inst.s_ifaces[4].b_arb_inst.grant_encoded_reg[0]$_SDFFE_PP0P_/Q	axi_crossbar_inst.axi_crossbar_wr_inst.s_ifaces[4].reg_inst.genblk3.genblk1.m_axi_bready_reg$_SDFF_PP0_/D
398	0.1695	rst	axi_crossbar_inst.axi_crossbar_wr_inst.s_ifaces[I].addr_inst.s_axi_aready_reg	rst	axi_crossbar_inst.axi_crossbar_wr_inst.s_ifaces[0].addr_inst.s_axi_aready_reg$_SDFF_PP0_/D
399	0.1702	rst	axi_crossbar_inst.axi_crossbar_wr_inst.s_ifaces[I].decerr_m_axi_bvalid_reg	rst	axi_crossbar_inst.axi_crossbar_wr_inst.s_ifaces[7].decerr_m_axi_bvalid_reg$_SDFF_PP0_/D
400	0.1711	axi_crossbar_inst.axi_crossbar_rd_inst.s_ifaces[I].r_arb_inst.grant_reg[J]	axi_crossbar_inst.axi_crossbar_rd_inst.s_ifaces[I].r_arb_inst.grant_encoded_reg[J]	axi_crossbar_inst.axi_crossbar_rd_inst.s_ifaces[2].r_arb_inst.grant_reg[7]$_SDFFE_PP0P_/QN	axi_crossbar_inst.axi_crossbar_rd_inst.s_ifaces[2].r_arb_inst.grant_encoded_reg[0]$_SDFFE_PP0P_/D
401	0.1718	axi_crossbar_inst.axi_crossbar_wr_inst.s_ifaces[I].addr_inst.m_axi_avalid_reg	axi_crossbar_inst.axi_crossbar_wr_inst.m_ifaces[I].reg_inst.genblkJ.genblkK.m_axi_awvalid_reg	axi_crossbar_inst.axi_crossbar_wr_inst.s_ifaces[7].addr_inst.m_axi_avalid_reg$_SDFF_PP0_/Q	axi_crossbar_inst.axi_crossbar_wr_inst.m_ifaces[4].reg_inst.genblk1.genblk1.m_axi_awvalid_reg$_SDFF_PP0_/D
402	0.1722	axi_crossbar_inst.axi_crossbar_rd_inst.m_ifaces[I].trans_count_reg[J]	axi_crossbar_inst.axi_crossbar_rd_inst.m_ifaces[I].a_arb_inst.mask_reg[J]	axi_crossbar_inst.axi_crossbar_rd_inst.m_ifaces[4].trans_count_reg[2]$_SDFFE_PP0P_/Q	axi_crossbar_inst.axi_crossbar_rd_inst.m_ifaces[4].a_arb_inst.mask_reg[5]$_SDFFE_PP0P_/D
403	0.1722	axi_crossbar_inst.axi_crossbar_wr_inst.s_ifaces[I].w_drop_reg	axi_crossbar_inst.axi_crossbar_wr_inst.m_ifaces[I].a_arb_inst.grant_valid_reg	axi_crossbar_inst.axi_crossbar_wr_inst.s_ifaces[0].w_drop_reg$_DFF_P_/QN	axi_crossbar_inst.axi_crossbar_wr_inst.m_ifaces[2].a_arb_inst.grant_valid_reg$_SDFFE_PP0P_/D
404	0.1730	axi_crossbar_inst.axi_crossbar_rd_inst.s_ifaces[I].r_arb_inst.mask_reg[J]	axi_crossbar_inst.axi_crossbar_rd_inst.s_ifaces[I].r_arb_inst.grant_reg[J]	axi_crossbar_inst.axi_crossbar_rd_inst.s_ifaces[7].r_arb_inst.mask_reg[6]$_SDFFE_PP0P_/Q	axi_crossbar_inst.axi_crossbar_rd_inst.s_ifaces[7].r_arb_inst.grant_reg[4]$_SDFFE_PP0P_/D
405	0.1731	axi_crossbar_inst.axi_crossbar_wr_inst.s_ifaces[I].addr_inst.m_select_reg[J]	axi_crossbar_inst.axi_crossbar_wr_inst.m_ifaces[I].a_arb_inst.grant_valid_reg	axi_crossbar_inst.axi_crossbar_wr_inst.s_ifaces[1].addr_inst.m_select_reg[0]$_DFF_P_/Q	axi_crossbar_inst.axi_crossbar_wr_inst.m_ifaces[0].a_arb_inst.grant_valid_reg$_SDFFE_PP0P_/D
406	0.1737	axi_crossbar_inst.axi_crossbar_rd_inst.s_ifaces[I].addr_inst.thread_id_reg[J][K]	axi_crossbar_inst.axi_crossbar_rd_inst.s_ifaces[I].addr_inst.m_axi_avalid_reg	axi_crossbar_inst.axi_crossbar_rd_inst.s_ifaces[2].addr_inst.thread_id_reg[1][5]$_DFFE_PP_/Q	axi_crossbar_inst.axi_crossbar_rd_inst.s_ifaces[2].addr_inst.m_axi_avalid_reg$_SDFF_PP0_/D
407	0.1752	axi_crossbar_inst.axi_crossbar_wr_inst.s_ifaces[I].addr_inst.m_axi_avalid_reg	axi_crossbar_inst.axi_crossbar_wr_inst.m_ifaces[I].a_arb_inst.grant_valid_reg	axi_crossbar_inst.axi_crossbar_wr_inst.s_ifaces[0].addr_inst.m_axi_avalid_reg$_SDFF_PP0_/Q	axi_crossbar_inst.axi_crossbar_wr_inst.m_ifaces[3].a_arb_inst.grant_valid_reg$_SDFFE_PP0P_/D
408	0.1757	axi_crossbar_inst.axi_crossbar_rd_inst.s_ifaces[I].decerr_m_axi_rlast_reg	axi_crossbar_inst.axi_crossbar_rd_inst.s_ifaces[I].r_arb_inst.grant_reg[J]	axi_crossbar_inst.axi_crossbar_rd_inst.s_ifaces[4].decerr_m_axi_rlast_reg$_DFFE_PP_/Q	axi_crossbar_inst.axi_crossbar_rd_inst.s_ifaces[4].r_arb_inst.grant_reg[7]$_SDFFE_PP0P_/D
409	0.1763	axi_crossbar_inst.axi_crossbar_wr_inst.s_ifaces[I].addr_inst.s_axi_aid_reg[J]	axi_crossbar_inst.axi_crossbar_wr_inst.s_ifaces[I].addr_inst.m_wc_valid_reg	axi_crossbar_inst.axi_crossbar_wr_inst.s_ifaces[0].addr_inst.s_axi_aid_reg[5]$_DFFE_PP_/Q	axi_crossbar_inst.axi_crossbar_wr_inst.s_ifaces[0].addr_inst.m_wc_valid_reg$_SDFF_PP0_/D
410	0.1764	axi_crossbar_inst.axi_crossbar_wr_inst.s_ifaces[I].addr_inst.m_select_reg[J]	axi_crossbar_inst.axi_crossbar_wr_inst.s_ifaces[I].addr_inst.state_reg[J]	axi_crossbar_inst.axi_crossbar_wr_inst.s_ifaces[4].addr_inst.m_select_reg[0]$_DFF_P_/Q	axi_crossbar_inst.axi_crossbar_wr_inst.s_ifaces[4].addr_inst.state_reg[1]$_SDFF_PP0_/D
411	0.1768	axi_crossbar_inst.axi_crossbar_rd_inst.m_ifaces[I].a_arb_inst.grant_encoded_reg[J]	axi_crossbar_inst.axi_crossbar_rd_inst.m_ifaces[I].reg_inst.genblkJ.genblkK.m_axi_arvalid_reg	axi_crossbar_inst.axi_crossbar_rd_inst.m_ifaces[1].a_arb_inst.grant_encoded_reg[1]$_SDFFE_PP0P_/Q	axi_crossbar_inst.axi_crossbar_rd_inst.m_ifaces[1].reg_inst.genblk1.genblk1.m_axi_arvalid_reg$_SDFF_PP0_/D
412	0.1769	axi_crossbar_inst.axi_crossbar_rd_inst.s_ifaces[I].r_arb_inst.grant_encoded_reg[J]	axi_crossbar_inst.axi_crossbar_rd_inst.m_ifaces[I].a_arb_inst.grant_valid_reg	axi_crossbar_inst.axi_crossbar_rd_inst.s_ifaces[1].r_arb_inst.grant_encoded_reg[1]$_SDFFE_PP0P_/Q	axi_crossbar_inst.axi_crossbar_rd_inst.m_ifaces[6].a_arb_inst.grant_valid_reg$_SDFFE_PP0P_/D
413	0.1775	axi_crossbar_inst.axi_crossbar_wr_inst.s_ifaces[I].w_select_reg[J]	axi_crossbar_inst.axi_crossbar_wr_inst.m_ifaces[I].reg_inst.genblkJ.m_axi_wvalid_reg	axi_crossbar_inst.axi_crossbar_wr_inst.s_ifaces[3].w_select_reg[1]$_DFFE_PP_/Q	axi_crossbar_inst.axi_crossbar_wr_inst.m_ifaces[4].reg_inst.genblk2.m_axi_wvalid_reg$_SDFFE_PP0P_/D
414	0.1785	sI_axi_rready	axi_crossbar_inst.axi_crossbar_rd_inst.s_ifaces[I].reg_inst.genblkJ.s_axi_rvalid_reg	s04_axi_rready	axi_crossbar_inst.axi_crossbar_rd_inst.s_ifaces[4].reg_inst.genblk2.s_axi_rvalid_reg$_SDFFE_PP0P_/D
415	0.1791	axi_crossbar_inst.axi_crossbar_wr_inst.s_ifaces[I].addr_inst.thread_count_reg[J][K]	axi_crossbar_inst.axi_crossbar_wr_inst.s_ifaces[I].addr_inst.m_rc_valid_reg	axi_crossbar_inst.axi_crossbar_wr_inst.s_ifaces[4].addr_inst.thread_count_reg[1][2]$_SDFFE_PP0P_/Q	axi_crossbar_inst.axi_crossbar_wr_inst.s_ifaces[4].addr_inst.m_rc_valid_reg$_SDFF_PP0_/D
416	0.1792	axi_crossbar_inst.axi_crossbar_wr_inst.m_ifaces[I].a_arb_inst.grant_encoded_reg[J]	axi_crossbar_inst.axi_crossbar_wr_inst.m_ifaces[I].reg_inst.genblkJ.genblkK.m_axi_awvalid_reg	axi_crossbar_inst.axi_crossbar_wr_inst.m_ifaces[0].a_arb_inst.grant_encoded_reg[1]$_SDFFE_PP0P_/Q	axi_crossbar_inst.axi_crossbar_wr_inst.m_ifaces[0].reg_inst.genblk1.genblk1.m_axi_awvalid_reg$_SDFF_PP0_/D
417	0.1794	axi_crossbar_inst.axi_crossbar_wr_inst.s_ifaces[I].addr_inst.m_select_reg[J]	axi_crossbar_inst.axi_crossbar_wr_inst.m_ifaces[I].reg_inst.genblkJ.genblkK.m_axi_awvalid_reg	axi_crossbar_inst.axi_crossbar_wr_inst.s_ifaces[1].addr_inst.m_select_reg[2]$_DFF_P_/Q	axi_crossbar_inst.axi_crossbar_wr_inst.m_ifaces[6].reg_inst.genblk1.genblk1.m_axi_awvalid_reg$_SDFF_PP0_/D
418	0.1800	axi_crossbar_inst.axi_crossbar_wr_inst.m_ifaces[I].reg_inst.genblkJ.s_axi_wready_reg	axi_crossbar_inst.axi_crossbar_wr_inst.m_ifaces[I].a_arb_inst.grant_reg[J]	axi_crossbar_inst.axi_crossbar_wr_inst.m_ifaces[3].reg_inst.genblk2.s_axi_wready_reg$_SDFF_PP0_/Q	axi_crossbar_inst.axi_crossbar_wr_inst.m_ifaces[3].a_arb_inst.grant_reg[5]$_SDFFE_PP0P_/D
419	0.1807	axi_crossbar_inst.axi_crossbar_wr_inst.s_ifaces[I].b_arb_inst.grant_encoded_reg[J]	axi_crossbar_inst.axi_crossbar_wr_inst.s_ifaces[I].addr_inst.s_cpl_id_reg[J]	axi_crossbar_inst.axi_crossbar_wr_inst.s_ifaces[4].b_arb_inst.grant_encoded_reg[1]$_SDFFE_PP0P_/Q	axi_crossbar_inst.axi_crossbar_wr_inst.s_ifaces[4].addr_inst.s_cpl_id_reg[0]$_DFF_P_/D
420	0.1819	axi_crossbar_inst.axi_crossbar_rd_inst.s_ifaces[I].addr_inst.thread_count_reg[J][K]	axi_crossbar_inst.axi_crossbar_rd_inst.s_ifaces[I].addr_inst.state_reg[J]	axi_crossbar_inst.axi_crossbar_rd_inst.s_ifaces[1].addr_inst.thread_count_reg[0][1]$_SDFFE_PP0P_/Q	axi_crossbar_inst.axi_crossbar_rd_inst.s_ifaces[1].addr_inst.state_reg[0]$_SDFF_PP0_/D
421	0.1830	axi_crossbar_inst.axi_crossbar_wr_inst.m_ifaces[I].w_select_reg[J]	axi_crossbar_inst.axi_crossbar_wr_inst.m_ifaces[I].reg_inst.genblkJ.m_axi_wvalid_reg	axi_crossbar_inst.axi_crossbar_wr_inst.m_ifaces[4].w_select_reg[1]$_DFFE_PP_/Q	axi_crossbar_inst.axi_crossbar_wr_inst.m_ifaces[4].reg_inst.genblk2.m_axi_wvalid_reg$_SDFFE_PP0P_/D
422	0.1831	axi_crossbar_inst.axi_crossbar_wr_inst.m_ifaces[I].w_select_reg[J]	axi_crossbar_inst.axi_crossbar_wr_inst.m_ifaces[I].reg_inst.genblkJ.temp_m_axi_wvalid_reg	axi_crossbar_inst.axi_crossbar_wr_inst.m_ifaces[2].w_select_reg[0]$_DFFE_PP_/Q	axi_crossbar_inst.axi_crossbar_wr_inst.m_ifaces[2].reg_inst.genblk2.temp_m_axi_wvalid_reg$_SDFFE_PP0P_/D
423	0.1832	axi_crossbar_inst.axi_crossbar_wr_inst.m_ifaces[I].a_arb_inst.grant_encoded_reg[J]	axi_crossbar_inst.axi_crossbar_wr_inst.s_ifaces[I].addr_inst.state_reg[J]	axi_crossbar_inst.axi_crossbar_wr_inst.m_ifaces[2].a_arb_inst.grant_encoded_reg[0]$_SDFFE_PP0P_/Q	axi_crossbar_inst.axi_crossbar_wr_inst.s_ifaces[7].addr_inst.state_reg[1]$_SDFF_PP0_/D
424	0.1840	axi_crossbar_inst.axi_crossbar_rd_inst.s_ifaces[I].decerr_m_axi_rlast_reg	axi_crossbar_inst.axi_crossbar_rd_inst.s_ifaces[I].r_arb_inst.mask_reg[J]	axi_crossbar_inst.axi_crossbar_rd_inst.s_ifaces[4].decerr_m_axi_rlast_reg$_DFFE_PP_/Q	axi_crossbar_inst.axi_crossbar_rd_inst.s_ifaces[4].r_arb_inst.mask_reg[6]$_SDFFE_PP0P_/D
425	0.1840	axi_crossbar_inst.axi_crossbar_wr_inst.s_ifaces[I].addr_inst.m_axi_avalid_reg	axi_crossbar_inst.axi_crossbar_wr_inst.m_ifaces[I].reg_inst.genblkJ.genblkK.s_axi_awready_reg	axi_crossbar_inst.axi_crossbar_wr_inst.s_ifaces[7].addr_inst.m_axi_avalid_reg$_SDFF_PP0_/Q	axi_crossbar_inst.axi_crossbar_wr_inst.m_ifaces[4].reg_inst.genblk1.genblk1.s_axi_awready_reg$_SDFF_PP0_/D
426	0.1843	axi_crossbar_inst.axi_crossbar_wr_inst.s_ifaces[I].addr_inst.m_select_reg[J]	axi_crossbar_inst.axi_crossbar_wr_inst.s_ifaces[I].addr_inst.s_axi_aready_reg	axi_crossbar_inst.axi_crossbar_wr_inst.s_ifaces[4].addr_inst.m_select_reg[0]$_DFF_P_/Q	axi_crossbar_inst.axi_crossbar_wr_inst.s_ifaces[4].addr_inst.s_axi_aready_reg$_SDFF_PP0_/D
427	0.1859	axi_crossbar_inst.axi_crossbar_wr_inst.s_ifaces[I].b_arb_inst.grant_encoded_reg[J]	axi_crossbar_inst.axi_crossbar_wr_inst.s_ifaces[I].addr_inst.s_cpl_valid_reg	axi_crossbar_inst.axi_crossbar_wr_inst.s_ifaces[4].b_arb_inst.grant_encoded_reg[0]$_SDFFE_PP0P_/Q	axi_crossbar_inst.axi_crossbar_wr_inst.s_ifaces[4].addr_inst.s_cpl_valid_reg$_DFF_P_/D
428	0.1860	sI_axi_araddr[J]	axi_crossbar_inst.axi_crossbar_rd_inst.s_ifaces[I].addr_inst.m_decerr_reg	s00_axi_araddr[27]	axi_crossbar_inst.axi_crossbar_rd_inst.s_ifaces[0].addr_inst.m_decerr_reg$_DFFE_PP_/D
429	0.1860	sI_axi_awaddr[J]	axi_crossbar_inst.axi_crossbar_wr_inst.s_ifaces[I].addr_inst.m_decerr_reg	s00_axi_awaddr[27]	axi_crossbar_inst.axi_crossbar_wr_inst.s_ifaces[0].addr_inst.m_decerr_reg$_DFFE_PP_/D
430	0.1876	axi_crossbar_inst.axi_crossbar_rd_inst.s_ifaces[I].addr_inst.thread_count_reg[J][K]	axi_crossbar_inst.axi_crossbar_rd_inst.s_ifaces[I].addr_inst.m_axi_avalid_reg	axi_crossbar_inst.axi_crossbar_rd_inst.s_ifaces[2].addr_inst.thread_count_reg[0][1]$_SDFFE_PP0P_/Q	axi_crossbar_inst.axi_crossbar_rd_inst.s_ifaces[2].addr_inst.m_axi_avalid_reg$_SDFF_PP0_/D
431	0.1876	axi_crossbar_inst.axi_crossbar_rd_inst.s_ifaces[I].addr_inst.m_select_reg[J]	axi_crossbar_inst.axi_crossbar_rd_inst.s_ifaces[I].addr_inst.state_reg[J]	axi_crossbar_inst.axi_crossbar_rd_inst.s_ifaces[7].addr_inst.m_select_reg[0]$_DFF_P_/Q	axi_crossbar_inst.axi_crossbar_rd_inst.s_ifaces[7].addr_inst.state_reg[1]$_SDFF_PP0_/D
432	0.1878	axi_crossbar_inst.axi_crossbar_rd_inst.m_ifaces[I].a_arb_inst.grant_encoded_reg[J]	axi_crossbar_inst.axi_crossbar_rd_inst.s_ifaces[I].addr_inst.s_axi_aready_reg	axi_crossbar_inst.axi_crossbar_rd_inst.m_ifaces[6].a_arb_inst.grant_encoded_reg[1]$_SDFFE_PP0P_/Q	axi_crossbar_inst.axi_crossbar_rd_inst.s_ifaces[3].addr_inst.s_axi_aready_reg$_SDFF_PP0_/D
433	0.1881	axi_crossbar_inst.axi_crossbar_wr_inst.s_ifaces[I].w_select_valid_reg	axi_crossbar_inst.axi_crossbar_wr_inst.m_ifaces[I].reg_inst.genblkJ.temp_m_axi_wvalid_reg	axi_crossbar_inst.axi_crossbar_wr_inst.s_ifaces[1].w_select_valid_reg$_SDFF_PP0_/Q	axi_crossbar_inst.axi_crossbar_wr_inst.m_ifaces[2].reg_inst.genblk2.temp_m_axi_wvalid_reg$_SDFFE_PP0P_/D
434	0.1884	axi_crossbar_inst.axi_crossbar_wr_inst.s_ifaces[I].addr_inst.thread_count_reg[J][K]	axi_crossbar_inst.axi_crossbar_wr_inst.s_ifaces[I].addr_inst.m_wc_valid_reg	axi_crossbar_inst.axi_crossbar_wr_inst.s_ifaces[4].addr_inst.thread_count_reg[1][2]$_SDFFE_PP0P_/Q	axi_crossbar_inst.axi_crossbar_wr_inst.s_ifaces[4].addr_inst.m_wc_valid_reg$_SDFF_PP0_/D
435	0.1890	axi_crossbar_inst.axi_crossbar_wr_inst.s_ifaces[I].addr_inst.thread_id_reg[J][K]	axi_crossbar_inst.axi_crossbar_wr_inst.s_ifaces[I].addr_inst.m_rc_valid_reg	axi_crossbar_inst.axi_crossbar_wr_inst.s_ifaces[0].addr_inst.thread_id_reg[1][5]$_DFFE_PP_/Q	axi_crossbar_inst.axi_crossbar_wr_inst.s_ifaces[0].addr_inst.m_rc_valid_reg$_SDFF_PP0_/D
436	0.1891	axi_crossbar_inst.axi_crossbar_wr_inst.m_ifaces[I].reg_inst.genblkJ.s_axi_wready_reg	axi_crossbar_inst.axi_crossbar_wr_inst.m_ifaces[I].a_arb_inst.grant_encoded_reg[J]	axi_crossbar_inst.axi_crossbar_wr_inst.m_ifaces[3].reg_inst.genblk2.s_axi_wready_reg$_SDFF_PP0_/Q	axi_crossbar_inst.axi_crossbar_wr_inst.m_ifaces[3].a_arb_inst.grant_encoded_reg[0]$_SDFFE_PP0P_/D
437	0.1896	mI_axi_wready	axi_crossbar_inst.axi_crossbar_wr_inst.m_ifaces[I].reg_inst.genblkJ.temp_m_axi_wvalid_reg	m05_axi_wready	axi_crossbar_inst.axi_crossbar_wr_inst.m_ifaces[5].reg_inst.genblk2.temp_m_axi_wvalid_reg$_SDFFE_PP0P_/D
438	0.1902	rst	axi_crossbar_inst.axi_crossbar_wr_inst.s_ifaces[I].addr_inst.m_axi_avalid_reg	rst	axi_crossbar_inst.axi_crossbar_wr_inst.s_ifaces[2].addr_inst.m_axi_avalid_reg$_SDFF_PP0_/D
439	0.1907	axi_crossbar_inst.axi_crossbar_rd_inst.m_ifaces[I].reg_inst.genblkJ.genblkK.s_axi_arready_reg	axi_crossbar_inst.axi_crossbar_rd_inst.m_ifaces[I].trans_count_reg[J]	axi_crossbar_inst.axi_crossbar_rd_inst.m_ifaces[2].reg_inst.genblk1.genblk1.s_axi_arready_reg$_SDFF_PP0_/Q	axi_crossbar_inst.axi_crossbar_rd_inst.m_ifaces[2].trans_count_reg[2]$_SDFFE_PP0P_/D
440	0.1908	axi_crossbar_inst.axi_crossbar_rd_inst.s_ifaces[I].addr_inst.m_select_reg[J]	axi_crossbar_inst.axi_crossbar_rd_inst.s_ifaces[I].addr_inst.m_rc_valid_reg	axi_crossbar_inst.axi_crossbar_rd_inst.s_ifaces[2].addr_inst.m_select_reg[2]$_DFF_P_/Q	axi_crossbar_inst.axi_crossbar_rd_inst.s_ifaces[2].addr_inst.m_rc_valid_reg$_SDFF_PP0_/D
441	0.1909	axi_crossbar_inst.axi_crossbar_rd_inst.m_ifaces[I].a_arb_inst.grant_encoded_reg[J]	axi_crossbar_inst.axi_crossbar_rd_inst.s_ifaces[I].addr_inst.state_reg[J]	axi_crossbar_inst.axi_crossbar_rd_inst.m_ifaces[6].a_arb_inst.grant_encoded_reg[1]$_SDFFE_PP0P_/Q	axi_crossbar_inst.axi_crossbar_rd_inst.s_ifaces[3].addr_inst.state_reg[1]$_SDFF_PP0_/D
442	0.1909	axi_crossbar_inst.axi_crossbar_wr_inst.s_ifaces[I].w_select_valid_reg	axi_crossbar_inst.axi_crossbar_wr_inst.m_ifaces[I].reg_inst.genblkJ.m_axi_wvalid_reg	axi_crossbar_inst.axi_crossbar_wr_inst.s_ifaces[3].w_select_valid_reg$_SDFF_PP0_/Q	axi_crossbar_inst.axi_crossbar_wr_inst.m_ifaces[4].reg_inst.genblk2.m_axi_wvalid_reg$_SDFFE_PP0P_/D
443	0.1919	sI_axi_arvalid	axi_crossbar_inst.axi_crossbar_rd_inst.s_ifaces[I].addr_inst.thread_m_reg[J][K]	s01_axi_arvalid	axi_crossbar_inst.axi_crossbar_rd_inst.s_ifaces[1].addr_inst.thread_m_reg[0][0]$_DFFE_PP_/D
444	0.1919	sI_axi_awvalid	axi_crossbar_inst.axi_crossbar_wr_inst.s_ifaces[I].addr_inst.thread_m_reg[J][K]	s03_axi_awvalid	axi_crossbar_inst.axi_crossbar_wr_inst.s_ifaces[3].addr_inst.thread_m_reg[0][1]$_DFFE_PP_/D
445	0.1920	axi_crossbar_inst.axi_crossbar_wr_inst.m_ifaces[I].reg_inst.genblkJ.genblkK.s_axi_awready_reg	axi_crossbar_inst.axi_crossbar_wr_inst.m_ifaces[I].trans_count_reg[J]	axi_crossbar_inst.axi_crossbar_wr_inst.m_ifaces[0].reg_inst.genblk1.genblk1.s_axi_awready_reg$_SDFF_PP0_/Q	axi_crossbar_inst.axi_crossbar_wr_inst.m_ifaces[0].trans_count_reg[2]$_SDFFE_PP0P_/D
446	0.1922	axi_crossbar_inst.axi_crossbar_wr_inst.m_ifaces[I].a_arb_inst.grant_encoded_reg[J]	axi_crossbar_inst.axi_crossbar_wr_inst.s_ifaces[I].addr_inst.s_axi_aready_reg	axi_crossbar_inst.axi_crossbar_wr_inst.m_ifaces[2].a_arb_inst.grant_encoded_reg[0]$_SDFFE_PP0P_/Q	axi_crossbar_inst.axi_crossbar_wr_inst.s_ifaces[7].addr_inst.s_axi_aready_reg$_SDFF_PP0_/D
447	0.1924	axi_crossbar_inst.axi_crossbar_wr_inst.m_ifaces[I].a_arb_inst.grant_valid_reg	axi_crossbar_inst.axi_crossbar_wr_inst.m_ifaces[I].a_arb_inst.grant_reg[J]	axi_crossbar_inst.axi_crossbar_wr_inst.m_ifaces[3].a_arb_inst.grant_valid_reg$_SDFFE_PP0P_/Q	axi_crossbar_inst.axi_crossbar_wr_inst.m_ifaces[3].a_arb_inst.grant_reg[5]$_SDFFE_PP0P_/D
448	0.1926	axi_crossbar_inst.axi_crossbar_wr_inst.s_ifaces[I].decerr_m_axi_bvalid_reg	axi_crossbar_inst.axi_crossbar_wr_inst.s_ifaces[I].b_arb_inst.grant_encoded_reg[J]	axi_crossbar_inst.axi_crossbar_wr_inst.s_ifaces[6].decerr_m_axi_bvalid_reg$_SDFF_PP0_/Q	axi_crossbar_inst.axi_crossbar_wr_inst.s_ifaces[6].b_arb_inst.grant_encoded_reg[2]$_SDFFE_PP0P_/D
449	0.1943	axi_crossbar_inst.axi_crossbar_wr_inst.m_ifaces[I].a_arb_inst.grant_encoded_reg[J]	axi_crossbar_inst.axi_crossbar_wr_inst.m_ifaces[I].reg_inst.genblkJ.genblkK.s_axi_awready_reg	axi_crossbar_inst.axi_crossbar_wr_inst.m_ifaces[6].a_arb_inst.grant_encoded_reg[1]$_SDFFE_PP0P_/Q	axi_crossbar_inst.axi_crossbar_wr_inst.m_ifaces[6].reg_inst.genblk1.genblk1.s_axi_awready_reg$_SDFF_PP0_/D
450	0.1960	axi_crossbar_inst.axi_crossbar_rd_inst.s_ifaces[I].r_arb_inst.mask_reg[J]	axi_crossbar_inst.axi_crossbar_rd_inst.s_ifaces[I].r_arb_inst.grant_encoded_reg[J]	axi_crossbar_inst.axi_crossbar_rd_inst.s_ifaces[7].r_arb_inst.mask_reg[6]$_SDFFE_PP0P_/Q	axi_crossbar_inst.axi_crossbar_rd_inst.s_ifaces[7].r_arb_inst.grant_encoded_reg[1]$_SDFFE_PP0P_/D
451	0.1971	axi_crossbar_inst.axi_crossbar_rd_inst.s_ifaces[I].reg_inst.genblkJ.m_axi_rready_reg	axi_crossbar_inst.axi_crossbar_rd_inst.m_ifaces[I].a_arb_inst.grant_valid_reg	axi_crossbar_inst.axi_crossbar_rd_inst.s_ifaces[5].reg_inst.genblk2.m_axi_rready_reg$_SDFF_PP0_/Q	axi_crossbar_inst.axi_crossbar_rd_inst.m_ifaces[5].a_arb_inst.grant_valid_reg$_SDFFE_PP0P_/D
452	0.1976	axi_crossbar_inst.axi_crossbar_wr_inst.s_ifaces[I].addr_inst.thread_id_reg[J][K]	axi_crossbar_inst.axi_crossbar_wr_inst.s_ifaces[I].addr_inst.m_wc_valid_reg	axi_crossbar_inst.axi_crossbar_wr_inst.s_ifaces[0].addr_inst.thread_id_reg[1][5]$_DFFE_PP_/Q	axi_crossbar_inst.axi_crossbar_wr_inst.s_ifaces[0].addr_inst.m_wc_valid_reg$_SDFF_PP0_/D
453	0.1977	mI_axi_wready	axi_crossbar_inst.axi_crossbar_wr_inst.m_ifaces[I].reg_inst.genblkJ.m_axi_wlast_reg	m00_axi_wready	axi_crossbar_inst.axi_crossbar_wr_inst.m_ifaces[0].reg_inst.genblk2.m_axi_wlast_reg$_DFFE_PP_/D
454	0.1983	axi_crossbar_inst.axi_crossbar_rd_inst.s_ifaces[I].decerr_m_axi_rvalid_reg	axi_crossbar_inst.axi_crossbar_rd_inst.s_ifaces[I].r_arb_inst.grant_encoded_reg[J]	axi_crossbar_inst.axi_crossbar_rd_inst.s_ifaces[4].decerr_m_axi_rvalid_reg$_SDFF_PP0_/Q	axi_crossbar_inst.axi_crossbar_rd_inst.s_ifaces[4].r_arb_inst.grant_encoded_reg[1]$_SDFFE_PP0P_/D
455	0.2000	sI_axi_rready	axi_crossbar_inst.axi_crossbar_rd_inst.s_ifaces[I].reg_inst.genblkJ.temp_s_axi_rvalid_reg	s02_axi_rready	axi_crossbar_inst.axi_crossbar_rd_inst.s_ifaces[2].reg_inst.genblk2.temp_s_axi_rvalid_reg$_SDFFE_PP0P_/D
456	0.2002	axi_crossbar_inst.axi_crossbar_rd_inst.s_ifaces[I].r_arb_inst.grant_valid_reg	axi_crossbar_inst.axi_crossbar_rd_inst.m_ifaces[I].a_arb_inst.grant_valid_reg	axi_crossbar_inst.axi_crossbar_rd_inst.s_ifaces[1].r_arb_inst.grant_valid_reg$_SDFFE_PP0P_/Q	axi_crossbar_inst.axi_crossbar_rd_inst.m_ifaces[6].a_arb_inst.grant_valid_reg$_SDFFE_PP0P_/D
457	0.2002	axi_crossbar_inst.axi_crossbar_rd_inst.s_ifaces[I].r_arb_inst.grant_encoded_reg[J]	axi_crossbar_inst.axi_crossbar_rd_inst.s_ifaces[I].reg_inst.genblkJ.s_axi_rlast_reg	axi_crossbar_inst.axi_crossbar_rd_inst.s_ifaces[7].r_arb_inst.grant_encoded_reg[1]$_SDFFE_PP0P_/Q	axi_crossbar_inst.axi_crossbar_rd_inst.s_ifaces[7].reg_inst.genblk2.s_axi_rlast_reg$_DFFE_PP_/D
458	0.2009	axi_crossbar_inst.axi_crossbar_rd_inst.m_ifaces[I].a_arb_inst.grant_valid_reg	axi_crossbar_inst.axi_crossbar_rd_inst.s_ifaces[I].addr_inst.s_axi_aready_reg	axi_crossbar_inst.axi_crossbar_rd_inst.m_ifaces[0].a_arb_inst.grant_valid_reg$_SDFFE_PP0P_/Q	axi_crossbar_inst.axi_crossbar_rd_inst.s_ifaces[0].addr_inst.s_axi_aready_reg$_SDFF_PP0_/D
459	0.2014	axi_crossbar_inst.axi_crossbar_wr_inst.m_ifaces[I].a_arb_inst.grant_valid_reg	axi_crossbar_inst.axi_crossbar_wr_inst.m_ifaces[I].a_arb_inst.grant_encoded_reg[J]	axi_crossbar_inst.axi_crossbar_wr_inst.m_ifaces[3].a_arb_inst.grant_valid_reg$_SDFFE_PP0P_/Q	axi_crossbar_inst.axi_crossbar_wr_inst.m_ifaces[3].a_arb_inst.grant_encoded_reg[0]$_SDFFE_PP0P_/D
460	0.2028	axi_crossbar_inst.axi_crossbar_rd_inst.m_ifaces[I].reg_inst.genblkJ.genblkK.s_axi_arready_reg	axi_crossbar_inst.axi_crossbar_rd_inst.s_ifaces[I].addr_inst.m_axi_avalid_reg	axi_crossbar_inst.axi_crossbar_rd_inst.m_ifaces[7].reg_inst.genblk1.genblk1.s_axi_arready_reg$_SDFF_PP0_/Q	axi_crossbar_inst.axi_crossbar_rd_inst.s_ifaces[0].addr_inst.m_axi_avalid_reg$_SDFF_PP0_/D
461	0.2036	mI_axi_wready	axi_crossbar_inst.axi_crossbar_wr_inst.m_ifaces[I].reg_inst.genblkJ.m_axi_wvalid_reg	m06_axi_wready	axi_crossbar_inst.axi_crossbar_wr_inst.m_ifaces[6].reg_inst.genblk2.m_axi_wvalid_reg$_SDFFE_PP0P_/D
462	0.2040	axi_crossbar_inst.axi_crossbar_rd_inst.m_ifaces[I].a_arb_inst.grant_valid_reg	axi_crossbar_inst.axi_crossbar_rd_inst.s_ifaces[I].addr_inst.state_reg[J]	axi_crossbar_inst.axi_crossbar_rd_inst.m_ifaces[0].a_arb_inst.grant_valid_reg$_SDFFE_PP0P_/Q	axi_crossbar_inst.axi_crossbar_rd_inst.s_ifaces[0].addr_inst.state_reg[1]$_SDFF_PP0_/D
463	0.2044	axi_crossbar_inst.axi_crossbar_wr_inst.s_ifaces[I].w_select_reg[J]	axi_crossbar_inst.axi_crossbar_wr_inst.m_ifaces[I].w_select_valid_reg	axi_crossbar_inst.axi_crossbar_wr_inst.s_ifaces[1].w_select_reg[2]$_DFFE_PP_/Q	axi_crossbar_inst.axi_crossbar_wr_inst.m_ifaces[2].w_select_valid_reg$_SDFF_PP0_/D
464	0.2065	axi_crossbar_inst.axi_crossbar_rd_inst.s_ifaces[I].decerr_m_axi_rlast_reg	axi_crossbar_inst.axi_crossbar_rd_inst.s_ifaces[I].r_arb_inst.grant_encoded_reg[J]	axi_crossbar_inst.axi_crossbar_rd_inst.s_ifaces[4].decerr_m_axi_rlast_reg$_DFFE_PP_/Q	axi_crossbar_inst.axi_crossbar_rd_inst.s_ifaces[4].r_arb_inst.grant_encoded_reg[3]$_SDFFE_PP0P_/D
465	0.2069	axi_crossbar_inst.axi_crossbar_rd_inst.s_ifaces[I].addr_inst.m_select_reg[J]	axi_crossbar_inst.axi_crossbar_rd_inst.s_ifaces[I].addr_inst.s_axi_aready_reg	axi_crossbar_inst.axi_crossbar_rd_inst.s_ifaces[7].addr_inst.m_select_reg[0]$_DFF_P_/Q	axi_crossbar_inst.axi_crossbar_rd_inst.s_ifaces[7].addr_inst.s_axi_aready_reg$_SDFF_PP0_/D
466	0.2071	axi_crossbar_inst.axi_crossbar_wr_inst.m_ifaces[I].w_select_reg[J]	axi_crossbar_inst.axi_crossbar_wr_inst.m_ifaces[I].reg_inst.genblkJ.s_axi_wready_reg	axi_crossbar_inst.axi_crossbar_wr_inst.m_ifaces[0].w_select_reg[0]$_DFFE_PP_/Q	axi_crossbar_inst.axi_crossbar_wr_inst.m_ifaces[0].reg_inst.genblk2.s_axi_wready_reg$_SDFF_PP0_/D
467	0.2080	mI_axi_wready	axi_crossbar_inst.axi_crossbar_wr_inst.m_ifaces[I].reg_inst.genblkJ.temp_m_axi_wlast_reg	m06_axi_wready	axi_crossbar_inst.axi_crossbar_wr_inst.m_ifaces[6].reg_inst.genblk2.temp_m_axi_wlast_reg$_DFFE_PP_/D
468	0.2098	axi_crossbar_inst.axi_crossbar_wr_inst.s_ifaces[I].addr_inst.m_select_reg[J]	axi_crossbar_inst.axi_crossbar_wr_inst.s_ifaces[I].addr_inst.m_axi_avalid_reg	axi_crossbar_inst.axi_crossbar_wr_inst.s_ifaces[4].addr_inst.m_select_reg[2]$_DFF_P_/Q	axi_crossbar_inst.axi_crossbar_wr_inst.s_ifaces[4].addr_inst.m_axi_avalid_reg$_SDFF_PP0_/D
469	0.2126	axi_crossbar_inst.axi_crossbar_wr_inst.m_ifaces[I].w_select_reg[J]	axi_crossbar_inst.axi_crossbar_wr_inst.m_ifaces[I].w_select_valid_reg	axi_crossbar_inst.axi_crossbar_wr_inst.m_ifaces[4].w_select_reg[0]$_DFFE_PP_/Q	axi_crossbar_inst.axi_crossbar_wr_inst.m_ifaces[4].w_select_valid_reg$_SDFF_PP0_/D
470	0.2127	axi_crossbar_inst.axi_crossbar_wr_inst.s_ifaces[I].w_select_valid_reg	axi_crossbar_inst.axi_crossbar_wr_inst.m_ifaces[I].reg_inst.genblkJ.s_axi_wready_reg	axi_crossbar_inst.axi_crossbar_wr_inst.s_ifaces[3].w_select_valid_reg$_SDFF_PP0_/Q	axi_crossbar_inst.axi_crossbar_wr_inst.m_ifaces[0].reg_inst.genblk2.s_axi_wready_reg$_SDFF_PP0_/D
471	0.2164	axi_crossbar_inst.axi_crossbar_wr_inst.m_ifaces[I].w_select_new_reg	axi_crossbar_inst.axi_crossbar_wr_inst.m_ifaces[I].a_arb_inst.grant_reg[J]	axi_crossbar_inst.axi_crossbar_wr_inst.m_ifaces[3].w_select_new_reg$_SDFF_PP1_/Q	axi_crossbar_inst.axi_crossbar_wr_inst.m_ifaces[3].a_arb_inst.grant_reg[5]$_SDFFE_PP0P_/D
472	0.2164	sI_axi_awvalid	axi_crossbar_inst.axi_crossbar_wr_inst.s_ifaces[I].addr_inst.m_decerr_reg	s00_axi_awvalid	axi_crossbar_inst.axi_crossbar_wr_inst.s_ifaces[0].addr_inst.m_decerr_reg$_DFFE_PP_/D
473	0.2165	sI_axi_arvalid	axi_crossbar_inst.axi_crossbar_rd_inst.s_ifaces[I].addr_inst.m_decerr_reg	s02_axi_arvalid	axi_crossbar_inst.axi_crossbar_rd_inst.s_ifaces[2].addr_inst.m_decerr_reg$_DFFE_PP_/D
474	0.2168	axi_crossbar_inst.axi_crossbar_rd_inst.s_ifaces[I].r_arb_inst.grant_encoded_reg[J]	axi_crossbar_inst.axi_crossbar_rd_inst.s_ifaces[I].decerr_m_axi_rvalid_reg	axi_crossbar_inst.axi_crossbar_rd_inst.s_ifaces[4].r_arb_inst.grant_encoded_reg[1]$_SDFFE_PP0P_/Q	axi_crossbar_inst.axi_crossbar_rd_inst.s_ifaces[4].decerr_m_axi_rvalid_reg$_SDFF_PP0_/D
475	0.2187	axi_crossbar_inst.axi_crossbar_wr_inst.m_ifaces[I].w_select_valid_reg	axi_crossbar_inst.axi_crossbar_wr_inst.s_ifaces[I].w_drop_reg	axi_crossbar_inst.axi_crossbar_wr_inst.m_ifaces[5].w_select_valid_reg$_SDFF_PP0_/Q	axi_crossbar_inst.axi_crossbar_wr_inst.s_ifaces[7].w_drop_reg$_DFF_P_/D
476	0.2189	axi_crossbar_inst.axi_crossbar_rd_inst.s_ifaces[I].addr_inst.m_select_reg[J]	axi_crossbar_inst.axi_crossbar_rd_inst.s_ifaces[I].addr_inst.m_axi_avalid_reg	axi_crossbar_inst.axi_crossbar_rd_inst.s_ifaces[1].addr_inst.m_select_reg[0]$_DFF_P_/Q	axi_crossbar_inst.axi_crossbar_rd_inst.s_ifaces[1].addr_inst.m_axi_avalid_reg$_SDFF_PP0_/D
477	0.2195	axi_crossbar_inst.axi_crossbar_wr_inst.s_ifaces[I].w_drop_reg	axi_crossbar_inst.axi_crossbar_wr_inst.m_ifaces[I].reg_inst.genblkJ.temp_m_axi_wvalid_reg	axi_crossbar_inst.axi_crossbar_wr_inst.s_ifaces[0].w_drop_reg$_DFF_P_/QN	axi_crossbar_inst.axi_crossbar_wr_inst.m_ifaces[2].reg_inst.genblk2.temp_m_axi_wvalid_reg$_SDFFE_PP0P_/D
478	0.2199	axi_crossbar_inst.axi_crossbar_wr_inst.m_ifaces[I].reg_inst.genblkJ.s_axi_wready_reg	axi_crossbar_inst.axi_crossbar_wr_inst.s_ifaces[I].w_drop_reg	axi_crossbar_inst.axi_crossbar_wr_inst.m_ifaces[4].reg_inst.genblk2.s_axi_wready_reg$_SDFF_PP0_/Q	axi_crossbar_inst.axi_crossbar_wr_inst.s_ifaces[7].w_drop_reg$_DFF_P_/D
479	0.2205	axi_crossbar_inst.axi_crossbar_rd_inst.s_ifaces[I].decerr_len_reg[J]	axi_crossbar_inst.axi_crossbar_rd_inst.s_ifaces[I].decerr_m_axi_rlast_reg	axi_crossbar_inst.axi_crossbar_rd_inst.s_ifaces[3].decerr_len_reg[1]$_DFFE_PP_/QN	axi_crossbar_inst.axi_crossbar_rd_inst.s_ifaces[3].decerr_m_axi_rlast_reg$_DFFE_PP_/D
480	0.2205	axi_crossbar_inst.axi_crossbar_wr_inst.s_ifaces[I].w_select_reg[J]	axi_crossbar_inst.axi_crossbar_wr_inst.m_ifaces[I].reg_inst.genblkJ.s_axi_wready_reg	axi_crossbar_inst.axi_crossbar_wr_inst.s_ifaces[1].w_select_reg[2]$_DFFE_PP_/Q	axi_crossbar_inst.axi_crossbar_wr_inst.m_ifaces[2].reg_inst.genblk2.s_axi_wready_reg$_SDFF_PP0_/D
481	0.2206	axi_crossbar_inst.axi_crossbar_rd_inst.s_ifaces[I].addr_inst.state_reg[J]	axi_crossbar_inst.axi_crossbar_rd_inst.s_ifaces[I].addr_inst.thread_id_reg[J][K]	axi_crossbar_inst.axi_crossbar_rd_inst.s_ifaces[6].addr_inst.state_reg[0]$_SDFF_PP0_/Q	axi_crossbar_inst.axi_crossbar_rd_inst.s_ifaces[6].addr_inst.thread_id_reg[0][0]$_DFFE_PP_/D
482	0.2206	axi_crossbar_inst.axi_crossbar_rd_inst.s_ifaces[I].addr_inst.state_reg[J]	axi_crossbar_inst.axi_crossbar_rd_inst.s_ifaces[I].addr_inst.thread_m_reg[J][K]	axi_crossbar_inst.axi_crossbar_rd_inst.s_ifaces[6].addr_inst.state_reg[0]$_SDFF_PP0_/Q	axi_crossbar_inst.axi_crossbar_rd_inst.s_ifaces[6].addr_inst.thread_m_reg[0][0]$_DFFE_PP_/D
483	0.2206	axi_crossbar_inst.axi_crossbar_rd_inst.m_ifaces[I].a_arb_inst.grant_encoded_reg[J]	axi_crossbar_inst.axi_crossbar_rd_inst.s_ifaces[I].addr_inst.m_axi_avalid_reg	axi_crossbar_inst.axi_crossbar_rd_inst.m_ifaces[6].a_arb_inst.grant_encoded_reg[1]$_SDFFE_PP0P_/Q	axi_crossbar_inst.axi_crossbar_rd_inst.s_ifaces[3].addr_inst.m_axi_avalid_reg$_SDFF_PP0_/D
484	0.2229	axi_crossbar_inst.axi_crossbar_rd_inst.s_ifaces[I].reg_inst.genblkJ.m_axi_rready_reg	axi_crossbar_inst.axi_crossbar_rd_inst.s_ifaces[I].decerr_len_reg[J]	axi_crossbar_inst.axi_crossbar_rd_inst.s_ifaces[3].reg_inst.genblk2.m_axi_rready_reg$_SDFF_PP0_/Q	axi_crossbar_inst.axi_crossbar_rd_inst.s_ifaces[3].decerr_len_reg[0]$_DFFE_PP_/D
485	0.2229	axi_crossbar_inst.axi_crossbar_rd_inst.s_ifaces[I].reg_inst.genblkJ.m_axi_rready_reg	axi_crossbar_inst.axi_crossbar_rd_inst.s_ifaces[I].decerr_m_axi_rlast_reg	axi_crossbar_inst.axi_crossbar_rd_inst.s_ifaces[3].reg_inst.genblk2.m_axi_rready_reg$_SDFF_PP0_/Q	axi_crossbar_inst.axi_crossbar_rd_inst.s_ifaces[3].decerr_m_axi_rlast_reg$_DFFE_PP_/D
486	0.2241	sI_axi_rready	axi_crossbar_inst.axi_crossbar_rd_inst.s_ifaces[I].reg_inst.genblkJ.m_axi_rready_reg	s07_axi_rready	axi_crossbar_inst.axi_crossbar_rd_inst.s_ifaces[7].reg_inst.genblk2.m_axi_rready_reg$_SDFF_PP0_/D
487	0.2244	axi_crossbar_inst.axi_crossbar_wr_inst.m_ifaces[I].a_arb_inst.grant_valid_reg	axi_crossbar_inst.axi_crossbar_wr_inst.m_ifaces[I].trans_count_reg[J]	axi_crossbar_inst.axi_crossbar_wr_inst.m_ifaces[1].a_arb_inst.grant_valid_reg$_SDFFE_PP0P_/Q	axi_crossbar_inst.axi_crossbar_wr_inst.m_ifaces[1].trans_count_reg[2]$_SDFFE_PP0P_/D
488	0.2252	axi_crossbar_inst.axi_crossbar_wr_inst.s_ifaces[I].w_select_valid_reg	axi_crossbar_inst.axi_crossbar_wr_inst.m_ifaces[I].w_select_valid_reg	axi_crossbar_inst.axi_crossbar_wr_inst.s_ifaces[1].w_select_valid_reg$_SDFF_PP0_/Q	axi_crossbar_inst.axi_crossbar_wr_inst.m_ifaces[2].w_select_valid_reg$_SDFF_PP0_/D
489	0.2255	axi_crossbar_inst.axi_crossbar_wr_inst.m_ifaces[I].w_select_new_reg	axi_crossbar_inst.axi_crossbar_wr_inst.m_ifaces[I].a_arb_inst.grant_encoded_reg[J]	axi_crossbar_inst.axi_crossbar_wr_inst.m_ifaces[3].w_select_new_reg$_SDFF_PP1_/Q	axi_crossbar_inst.axi_crossbar_wr_inst.m_ifaces[3].a_arb_inst.grant_encoded_reg[0]$_SDFFE_PP0P_/D
490	0.2279	axi_crossbar_inst.axi_crossbar_wr_inst.s_ifaces[I].w_drop_reg	axi_crossbar_inst.axi_crossbar_wr_inst.m_ifaces[I].reg_inst.genblkJ.m_axi_wvalid_reg	axi_crossbar_inst.axi_crossbar_wr_inst.s_ifaces[3].w_drop_reg$_DFF_P_/QN	axi_crossbar_inst.axi_crossbar_wr_inst.m_ifaces[4].reg_inst.genblk2.m_axi_wvalid_reg$_SDFFE_PP0P_/D
491	0.2282	axi_crossbar_inst.axi_crossbar_rd_inst.m_ifaces[I].a_arb_inst.grant_reg[J]	axi_crossbar_inst.axi_crossbar_rd_inst.m_ifaces[I].a_arb_inst.grant_valid_reg	axi_crossbar_inst.axi_crossbar_rd_inst.m_ifaces[3].a_arb_inst.grant_reg[0]$_SDFFE_PP0P_/QN	axi_crossbar_inst.axi_crossbar_rd_inst.m_ifaces[3].a_arb_inst.grant_valid_reg$_SDFFE_PP0P_/D
492	0.2294	sI_axi_arlen[J]	axi_crossbar_inst.axi_crossbar_rd_inst.s_ifaces[I].decerr_len_reg[J]	s00_axi_arlen[0]	axi_crossbar_inst.axi_crossbar_rd_inst.s_ifaces[0].decerr_len_reg[0]$_DFFE_PP_/D
493	0.2306	axi_crossbar_inst.axi_crossbar_wr_inst.s_ifaces[I].b_arb_inst.grant_encoded_reg[J]	axi_crossbar_inst.axi_crossbar_wr_inst.s_ifaces[I].decerr_m_axi_bvalid_reg	axi_crossbar_inst.axi_crossbar_wr_inst.s_ifaces[3].b_arb_inst.grant_encoded_reg[1]$_SDFFE_PP0P_/Q	axi_crossbar_inst.axi_crossbar_wr_inst.s_ifaces[3].decerr_m_axi_bvalid_reg$_SDFF_PP0_/D
494	0.2307	axi_crossbar_inst.axi_crossbar_wr_inst.s_ifaces[I].w_select_reg[J]	axi_crossbar_inst.axi_crossbar_wr_inst.s_ifaces[I].w_select_valid_reg	axi_crossbar_inst.axi_crossbar_wr_inst.s_ifaces[0].w_select_reg[0]$_DFFE_PP_/Q	axi_crossbar_inst.axi_crossbar_wr_inst.s_ifaces[0].w_select_valid_reg$_SDFF_PP0_/D
495	0.2308	sI_axi_wlast	axi_crossbar_inst.axi_crossbar_wr_inst.s_ifaces[I].w_drop_reg	s07_axi_wlast	axi_crossbar_inst.axi_crossbar_wr_inst.s_ifaces[7].w_drop_reg$_DFF_P_/D
496	0.2312	axi_crossbar_inst.axi_crossbar_rd_inst.s_ifaces[I].addr_inst.trans_count_reg[J]	axi_crossbar_inst.axi_crossbar_rd_inst.s_ifaces[I].addr_inst.thread_id_reg[J][K]	axi_crossbar_inst.axi_crossbar_rd_inst.s_ifaces[6].addr_inst.trans_count_reg[4]$_SDFFE_PP0P_/Q	axi_crossbar_inst.axi_crossbar_rd_inst.s_ifaces[6].addr_inst.thread_id_reg[0][0]$_DFFE_PP_/D
497	0.2312	axi_crossbar_inst.axi_crossbar_rd_inst.s_ifaces[I].addr_inst.trans_count_reg[J]	axi_crossbar_inst.axi_crossbar_rd_inst.s_ifaces[I].addr_inst.thread_m_reg[J][K]	axi_crossbar_inst.axi_crossbar_rd_inst.s_ifaces[6].addr_inst.trans_count_reg[4]$_SDFFE_PP0P_/Q	axi_crossbar_inst.axi_crossbar_rd_inst.s_ifaces[6].addr_inst.thread_m_reg[0][0]$_DFFE_PP_/D
498	0.2337	axi_crossbar_inst.axi_crossbar_wr_inst.m_ifaces[I].w_select_valid_reg	axi_crossbar_inst.axi_crossbar_wr_inst.m_ifaces[I].a_arb_inst.grant_reg[J]	axi_crossbar_inst.axi_crossbar_wr_inst.m_ifaces[3].w_select_valid_reg$_SDFF_PP0_/QN	axi_crossbar_inst.axi_crossbar_wr_inst.m_ifaces[3].a_arb_inst.grant_reg[5]$_SDFFE_PP0P_/D
499	0.2346	sI_axi_awvalid	axi_crossbar_inst.axi_crossbar_wr_inst.s_ifaces[I].addr_inst.state_reg[J]	s00_axi_awvalid	axi_crossbar_inst.axi_crossbar_wr_inst.s_ifaces[0].addr_inst.state_reg[0]$_SDFF_PP0_/D
500	0.2355	sI_axi_awvalid	axi_crossbar_inst.axi_crossbar_wr_inst.s_ifaces[I].addr_inst.s_axi_aid_reg[J]	s00_axi_awvalid	axi_crossbar_inst.axi_crossbar_wr_inst.s_ifaces[0].addr_inst.s_axi_aid_reg[0]$_DFFE_PP_/D
501	0.2356	sI_axi_arvalid	axi_crossbar_inst.axi_crossbar_rd_inst.s_ifaces[I].addr_inst.s_axi_aid_reg[J]	s00_axi_arvalid	axi_crossbar_inst.axi_crossbar_rd_inst.s_ifaces[0].addr_inst.s_axi_aid_reg[0]$_DFFE_PP_/D
502	0.2357	axi_crossbar_inst.axi_crossbar_wr_inst.m_ifaces[I].trans_count_reg[J]	axi_crossbar_inst.axi_crossbar_wr_inst.m_ifaces[I].a_arb_inst.grant_reg[J]	axi_crossbar_inst.axi_crossbar_wr_inst.m_ifaces[1].trans_count_reg[2]$_SDFFE_PP0P_/Q	axi_crossbar_inst.axi_crossbar_wr_inst.m_ifaces[1].a_arb_inst.grant_reg[0]$_SDFFE_PP0P_/D
503	0.2360	axi_crossbar_inst.axi_crossbar_wr_inst.s_ifaces[I].addr_inst.m_select_reg[J]	axi_crossbar_inst.axi_crossbar_wr_inst.s_ifaces[I].addr_inst.m_rc_valid_reg	axi_crossbar_inst.axi_crossbar_wr_inst.s_ifaces[3].addr_inst.m_select_reg[1]$_DFF_P_/Q	axi_crossbar_inst.axi_crossbar_wr_inst.s_ifaces[3].addr_inst.m_rc_valid_reg$_SDFF_PP0_/D
504	0.2386	axi_crossbar_inst.axi_crossbar_wr_inst.s_ifaces[I].addr_inst.state_reg[J]	axi_crossbar_inst.axi_crossbar_wr_inst.s_ifaces[I].addr_inst.thread_id_reg[J][K]	axi_crossbar_inst.axi_crossbar_wr_inst.s_ifaces[2].addr_inst.state_reg[0]$_SDFF_PP0_/Q	axi_crossbar_inst.axi_crossbar_wr_inst.s_ifaces[2].addr_inst.thread_id_reg[0][0]$_DFFE_PP_/D
505	0.2386	axi_crossbar_inst.axi_crossbar_wr_inst.s_ifaces[I].addr_inst.state_reg[J]	axi_crossbar_inst.axi_crossbar_wr_inst.s_ifaces[I].addr_inst.thread_m_reg[J][K]	axi_crossbar_inst.axi_crossbar_wr_inst.s_ifaces[2].addr_inst.state_reg[0]$_SDFF_PP0_/Q	axi_crossbar_inst.axi_crossbar_wr_inst.s_ifaces[2].addr_inst.thread_m_reg[0][0]$_DFFE_PP_/D
506	0.2389	axi_crossbar_inst.axi_crossbar_wr_inst.m_ifaces[I].a_arb_inst.grant_encoded_reg[J]	axi_crossbar_inst.axi_crossbar_wr_inst.s_ifaces[I].addr_inst.m_axi_avalid_reg	axi_crossbar_inst.axi_crossbar_wr_inst.m_ifaces[0].a_arb_inst.grant_encoded_reg[1]$_SDFFE_PP0P_/Q	axi_crossbar_inst.axi_crossbar_wr_inst.s_ifaces[0].addr_inst.m_axi_avalid_reg$_SDFF_PP0_/D
507	0.2391	axi_crossbar_inst.axi_crossbar_rd_inst.m_ifaces[I].a_arb_inst.grant_valid_reg	axi_crossbar_inst.axi_crossbar_rd_inst.s_ifaces[I].addr_inst.m_axi_avalid_reg	axi_crossbar_inst.axi_crossbar_rd_inst.m_ifaces[0].a_arb_inst.grant_valid_reg$_SDFFE_PP0P_/Q	axi_crossbar_inst.axi_crossbar_rd_inst.s_ifaces[0].addr_inst.m_axi_avalid_reg$_SDFF_PP0_/D
508	0.2397	axi_crossbar_inst.axi_crossbar_wr_inst.m_ifaces[I].reg_inst.genblkJ.s_axi_wready_reg	axi_crossbar_inst.axi_crossbar_wr_inst.s_ifaces[I].w_select_valid_reg	axi_crossbar_inst.axi_crossbar_wr_inst.m_ifaces[5].reg_inst.genblk2.s_axi_wready_reg$_SDFF_PP0_/Q	axi_crossbar_inst.axi_crossbar_wr_inst.s_ifaces[4].w_select_valid_reg$_SDFF_PP0_/D
509	0.2409	axi_crossbar_inst.axi_crossbar_rd_inst.s_ifaces[I].reg_inst.genblkJ.m_axi_rready_reg	axi_crossbar_inst.axi_crossbar_rd_inst.s_ifaces[I].r_arb_inst.grant_reg[J]	axi_crossbar_inst.axi_crossbar_rd_inst.s_ifaces[7].reg_inst.genblk2.m_axi_rready_reg$_SDFF_PP0_/Q	axi_crossbar_inst.axi_crossbar_rd_inst.s_ifaces[7].r_arb_inst.grant_reg[4]$_SDFFE_PP0P_/D
510	0.2420	axi_crossbar_inst.axi_crossbar_rd_inst.s_ifaces[I].r_arb_inst.grant_valid_reg	axi_crossbar_inst.axi_crossbar_rd_inst.s_ifaces[I].decerr_len_reg[J]	axi_crossbar_inst.axi_crossbar_rd_inst.s_ifaces[6].r_arb_inst.grant_valid_reg$_SDFFE_PP0P_/Q	axi_crossbar_inst.axi_crossbar_rd_inst.s_ifaces[6].decerr_len_reg[0]$_DFFE_PP_/D
511	0.2420	axi_crossbar_inst.axi_crossbar_rd_inst.s_ifaces[I].r_arb_inst.grant_valid_reg	axi_crossbar_inst.axi_crossbar_rd_inst.s_ifaces[I].decerr_m_axi_rlast_reg	axi_crossbar_inst.axi_crossbar_rd_inst.s_ifaces[6].r_arb_inst.grant_valid_reg$_SDFFE_PP0P_/Q	axi_crossbar_inst.axi_crossbar_rd_inst.s_ifaces[6].decerr_m_axi_rlast_reg$_DFFE_PP_/D
512	0.2428	axi_crossbar_inst.axi_crossbar_wr_inst.m_ifaces[I].w_select_valid_reg	axi_crossbar_inst.axi_crossbar_wr_inst.m_ifaces[I].a_arb_inst.grant_encoded_reg[J]	axi_crossbar_inst.axi_crossbar_wr_inst.m_ifaces[3].w_select_valid_reg$_SDFF_PP0_/QN	axi_crossbar_inst.axi_crossbar_wr_inst.m_ifaces[3].a_arb_inst.grant_encoded_reg[0]$_SDFFE_PP0P_/D
513	0.2430	axi_crossbar_inst.axi_crossbar_rd_inst.s_ifaces[I].r_arb_inst.grant_encoded_reg[J]	axi_crossbar_inst.axi_crossbar_rd_inst.s_ifaces[I].reg_inst.genblkJ.temp_s_axi_rlast_reg	axi_crossbar_inst.axi_crossbar_rd_inst.s_ifaces[7].r_arb_inst.grant_encoded_reg[1]$_SDFFE_PP0P_/Q	axi_crossbar_inst.axi_crossbar_rd_inst.s_ifaces[7].reg_inst.genblk2.temp_s_axi_rlast_reg$_DFFE_PP_/D
514	0.2440	axi_crossbar_inst.axi_crossbar_wr_inst.m_ifaces[I].reg_inst.genblkJ.genblkK.s_axi_awready_reg	axi_crossbar_inst.axi_crossbar_wr_inst.s_ifaces[I].addr_inst.m_axi_avalid_reg	axi_crossbar_inst.axi_crossbar_wr_inst.m_ifaces[7].reg_inst.genblk1.genblk1.s_axi_awready_reg$_SDFF_PP0_/Q	axi_crossbar_inst.axi_crossbar_wr_inst.s_ifaces[2].addr_inst.m_axi_avalid_reg$_SDFF_PP0_/D
515	0.2441	axi_crossbar_inst.axi_crossbar_wr_inst.m_ifaces[I].w_select_reg[J]	axi_crossbar_inst.axi_crossbar_wr_inst.m_ifaces[I].reg_inst.genblkJ.m_axi_wlast_reg	axi_crossbar_inst.axi_crossbar_wr_inst.m_ifaces[6].w_select_reg[1]$_DFFE_PP_/Q	axi_crossbar_inst.axi_crossbar_wr_inst.m_ifaces[6].reg_inst.genblk2.m_axi_wlast_reg$_DFFE_PP_/D
516	0.2446	axi_crossbar_inst.axi_crossbar_wr_inst.s_ifaces[I].addr_inst.trans_count_reg[J]	axi_crossbar_inst.axi_crossbar_wr_inst.s_ifaces[I].addr_inst.thread_id_reg[J][K]	axi_crossbar_inst.axi_crossbar_wr_inst.s_ifaces[2].addr_inst.trans_count_reg[4]$_SDFFE_PP0P_/Q	axi_crossbar_inst.axi_crossbar_wr_inst.s_ifaces[2].addr_inst.thread_id_reg[0][0]$_DFFE_PP_/D
517	0.2446	axi_crossbar_inst.axi_crossbar_wr_inst.s_ifaces[I].addr_inst.trans_count_reg[J]	axi_crossbar_inst.axi_crossbar_wr_inst.s_ifaces[I].addr_inst.thread_m_reg[J][K]	axi_crossbar_inst.axi_crossbar_wr_inst.s_ifaces[2].addr_inst.trans_count_reg[4]$_SDFFE_PP0P_/Q	axi_crossbar_inst.axi_crossbar_wr_inst.s_ifaces[2].addr_inst.thread_m_reg[0][0]$_DFFE_PP_/D
518	0.2448	axi_crossbar_inst.axi_crossbar_wr_inst.s_ifaces[I].reg_inst.genblkJ.genblkK.m_axi_bready_reg	axi_crossbar_inst.axi_crossbar_wr_inst.s_ifaces[I].b_arb_inst.grant_reg[J]	axi_crossbar_inst.axi_crossbar_wr_inst.s_ifaces[2].reg_inst.genblk3.genblk1.m_axi_bready_reg$_SDFF_PP0_/Q	axi_crossbar_inst.axi_crossbar_wr_inst.s_ifaces[2].b_arb_inst.grant_reg[6]$_SDFFE_PP0P_/D
519	0.2449	axi_crossbar_inst.axi_crossbar_rd_inst.s_ifaces[I].decerr_len_reg[J]	axi_crossbar_inst.axi_crossbar_rd_inst.s_ifaces[I].decerr_len_reg[J]	axi_crossbar_inst.axi_crossbar_rd_inst.s_ifaces[0].decerr_len_reg[1]$_DFFE_PP_/Q	axi_crossbar_inst.axi_crossbar_rd_inst.s_ifaces[0].decerr_len_reg[7]$_DFFE_PP_/D
520	0.2455	mI_axi_wready	axi_crossbar_inst.axi_crossbar_wr_inst.m_ifaces[I].reg_inst.genblkJ.s_axi_wready_reg	m05_axi_wready	axi_crossbar_inst.axi_crossbar_wr_inst.m_ifaces[5].reg_inst.genblk2.s_axi_wready_reg$_SDFF_PP0_/D
521	0.2455	axi_crossbar_inst.axi_crossbar_wr_inst.m_ifaces[I].trans_count_reg[J]	axi_crossbar_inst.axi_crossbar_wr_inst.m_ifaces[I].a_arb_inst.grant_encoded_reg[J]	axi_crossbar_inst.axi_crossbar_wr_inst.m_ifaces[5].trans_count_reg[2]$_SDFFE_PP0P_/Q	axi_crossbar_inst.axi_crossbar_wr_inst.m_ifaces[5].a_arb_inst.grant_encoded_reg[0]$_SDFFE_PP0P_/D
522	0.2467	axi_crossbar_inst.axi_crossbar_rd_inst.s_ifaces[I].addr_inst.thread_m_reg[J][K]	axi_crossbar_inst.axi_crossbar_rd_inst.s_ifaces[I].addr_inst.m_rc_valid_reg	axi_crossbar_inst.axi_crossbar_rd_inst.s_ifaces[2].addr_inst.thread_m_reg[1][2]$_DFFE_PP_/Q	axi_crossbar_inst.axi_crossbar_rd_inst.s_ifaces[2].addr_inst.m_rc_valid_reg$_SDFF_PP0_/D
523	0.2471	axi_crossbar_inst.axi_crossbar_wr_inst.s_ifaces[I].addr_inst.m_select_reg[J]	axi_crossbar_inst.axi_crossbar_wr_inst.s_ifaces[I].addr_inst.m_wc_valid_reg	axi_crossbar_inst.axi_crossbar_wr_inst.s_ifaces[4].addr_inst.m_select_reg[2]$_DFF_P_/Q	axi_crossbar_inst.axi_crossbar_wr_inst.s_ifaces[4].addr_inst.m_wc_valid_reg$_SDFF_PP0_/D
524	0.2473	axi_crossbar_inst.axi_crossbar_wr_inst.s_ifaces[I].addr_inst.m_axi_avalid_reg	axi_crossbar_inst.axi_crossbar_wr_inst.m_ifaces[I].w_select_new_reg	axi_crossbar_inst.axi_crossbar_wr_inst.s_ifaces[7].addr_inst.m_axi_avalid_reg$_SDFF_PP0_/Q	axi_crossbar_inst.axi_crossbar_wr_inst.m_ifaces[4].w_select_new_reg$_SDFF_PP1_/D
525	0.2481	axi_crossbar_inst.axi_crossbar_rd_inst.m_ifaces[I].a_arb_inst.grant_valid_reg	axi_crossbar_inst.axi_crossbar_rd_inst.m_ifaces[I].trans_count_reg[J]	axi_crossbar_inst.axi_crossbar_rd_inst.m_ifaces[1].a_arb_inst.grant_valid_reg$_SDFFE_PP0P_/Q	axi_crossbar_inst.axi_crossbar_rd_inst.m_ifaces[1].trans_count_reg[2]$_SDFFE_PP0P_/D
526	0.2483	sI_axi_arvalid	axi_crossbar_inst.axi_crossbar_rd_inst.s_ifaces[I].addr_inst.m_select_reg[J]	s01_axi_arvalid	axi_crossbar_inst.axi_crossbar_rd_inst.s_ifaces[1].addr_inst.m_select_reg[0]$_DFF_P_/D
527	0.2483	sI_axi_awvalid	axi_crossbar_inst.axi_crossbar_wr_inst.s_ifaces[I].addr_inst.m_select_reg[J]	s05_axi_awvalid	axi_crossbar_inst.axi_crossbar_wr_inst.s_ifaces[5].addr_inst.m_select_reg[2]$_DFF_P_/D
528	0.2493	axi_crossbar_inst.axi_crossbar_wr_inst.m_ifaces[I].a_arb_inst.grant_valid_reg	axi_crossbar_inst.axi_crossbar_wr_inst.s_ifaces[I].addr_inst.m_axi_avalid_reg	axi_crossbar_inst.axi_crossbar_wr_inst.m_ifaces[7].a_arb_inst.grant_valid_reg$_SDFFE_PP0P_/Q	axi_crossbar_inst.axi_crossbar_wr_inst.s_ifaces[2].addr_inst.m_axi_avalid_reg$_SDFF_PP0_/D
529	0.2509	axi_crossbar_inst.axi_crossbar_rd_inst.s_ifaces[I].decerr_m_axi_rvalid_reg	axi_crossbar_inst.axi_crossbar_rd_inst.s_ifaces[I].decerr_m_axi_rlast_reg	axi_crossbar_inst.axi_crossbar_rd_inst.s_ifaces[5].decerr_m_axi_rvalid_reg$_SDFF_PP0_/Q	axi_crossbar_inst.axi_crossbar_rd_inst.s_ifaces[5].decerr_m_axi_rlast_reg$_DFFE_PP_/D
530	0.2512	axi_crossbar_inst.axi_crossbar_rd_inst.s_ifaces[I].r_arb_inst.grant_reg[J]	axi_crossbar_inst.axi_crossbar_rd_inst.s_ifaces[I].r_arb_inst.grant_valid_reg	axi_crossbar_inst.axi_crossbar_rd_inst.s_ifaces[1].r_arb_inst.grant_reg[3]$_SDFFE_PP0P_/Q	axi_crossbar_inst.axi_crossbar_rd_inst.s_ifaces[1].r_arb_inst.grant_valid_reg$_SDFFE_PP0P_/D
531	0.2516	axi_crossbar_inst.axi_crossbar_wr_inst.s_ifaces[I].w_select_reg[J]	axi_crossbar_inst.axi_crossbar_wr_inst.s_ifaces[I].w_drop_reg	axi_crossbar_inst.axi_crossbar_wr_inst.s_ifaces[7].w_select_reg[0]$_DFFE_PP_/Q	axi_crossbar_inst.axi_crossbar_wr_inst.s_ifaces[7].w_drop_reg$_DFF_P_/D
532	0.2517	axi_crossbar_inst.axi_crossbar_wr_inst.m_ifaces[I].reg_inst.genblkJ.s_axi_wready_reg	axi_crossbar_inst.axi_crossbar_wr_inst.m_ifaces[I].reg_inst.genblkJ.m_axi_wdata_reg[K]	axi_crossbar_inst.axi_crossbar_wr_inst.m_ifaces[5].reg_inst.genblk2.s_axi_wready_reg$_SDFF_PP0_/Q	axi_crossbar_inst.axi_crossbar_wr_inst.m_ifaces[5].reg_inst.genblk2.m_axi_wdata_reg[10]$_DFFE_PP_/D
533	0.2517	axi_crossbar_inst.axi_crossbar_wr_inst.m_ifaces[I].reg_inst.genblkJ.s_axi_wready_reg	axi_crossbar_inst.axi_crossbar_wr_inst.m_ifaces[I].reg_inst.genblkJ.m_axi_wstrb_reg[K]	axi_crossbar_inst.axi_crossbar_wr_inst.m_ifaces[5].reg_inst.genblk2.s_axi_wready_reg$_SDFF_PP0_/Q	axi_crossbar_inst.axi_crossbar_wr_inst.m_ifaces[5].reg_inst.genblk2.m_axi_wstrb_reg[0]$_DFFE_PP_/D
534	0.2519	sI_axi_arvalid	axi_crossbar_inst.axi_crossbar_rd_inst.s_ifaces[I].addr_inst.state_reg[J]	s02_axi_arvalid	axi_crossbar_inst.axi_crossbar_rd_inst.s_ifaces[2].addr_inst.state_reg[0]$_SDFF_PP0_/D
535	0.2522	axi_crossbar_inst.axi_crossbar_rd_inst.s_ifaces[I].reg_inst.genblkJ.m_axi_rready_reg	axi_crossbar_inst.axi_crossbar_rd_inst.s_ifaces[I].r_arb_inst.grant_encoded_reg[J]	axi_crossbar_inst.axi_crossbar_rd_inst.s_ifaces[7].reg_inst.genblk2.m_axi_rready_reg$_SDFF_PP0_/Q	axi_crossbar_inst.axi_crossbar_rd_inst.s_ifaces[7].r_arb_inst.grant_encoded_reg[2]$_SDFFE_PP0P_/D
536	0.2544	axi_crossbar_inst.axi_crossbar_wr_inst.m_ifaces[I].reg_inst.genblkJ.genblkK.s_axi_awready_reg	axi_crossbar_inst.axi_crossbar_wr_inst.m_ifaces[I].a_arb_inst.mask_reg[J]	axi_crossbar_inst.axi_crossbar_wr_inst.m_ifaces[3].reg_inst.genblk1.genblk1.s_axi_awready_reg$_SDFF_PP0_/Q	axi_crossbar_inst.axi_crossbar_wr_inst.m_ifaces[3].a_arb_inst.mask_reg[2]$_SDFFE_PP0P_/D
537	0.2562	axi_crossbar_inst.axi_crossbar_wr_inst.m_ifaces[I].w_select_valid_reg	axi_crossbar_inst.axi_crossbar_wr_inst.s_ifaces[I].w_select_valid_reg	axi_crossbar_inst.axi_crossbar_wr_inst.m_ifaces[5].w_select_valid_reg$_SDFF_PP0_/Q	axi_crossbar_inst.axi_crossbar_wr_inst.s_ifaces[7].w_select_valid_reg$_SDFF_PP0_/D
538	0.2567	axi_crossbar_inst.axi_crossbar_wr_inst.s_ifaces[I].w_drop_reg	axi_crossbar_inst.axi_crossbar_wr_inst.m_ifaces[I].w_select_valid_reg	axi_crossbar_inst.axi_crossbar_wr_inst.s_ifaces[0].w_drop_reg$_DFF_P_/QN	axi_crossbar_inst.axi_crossbar_wr_inst.m_ifaces[2].w_select_valid_reg$_SDFF_PP0_/D
539	0.2569	axi_crossbar_inst.axi_crossbar_rd_inst.m_ifaces[I].reg_inst.genblkJ.genblkK.s_axi_arready_reg	axi_crossbar_inst.axi_crossbar_rd_inst.m_ifaces[I].a_arb_inst.grant_reg[J]	axi_crossbar_inst.axi_crossbar_rd_inst.m_ifaces[2].reg_inst.genblk1.genblk1.s_axi_arready_reg$_SDFF_PP0_/Q	axi_crossbar_inst.axi_crossbar_rd_inst.m_ifaces[2].a_arb_inst.grant_reg[6]$_SDFFE_PP0P_/D
540	0.2570	axi_crossbar_inst.axi_crossbar_wr_inst.s_ifaces[I].reg_inst.genblkJ.genblkK.m_axi_bready_reg	axi_crossbar_inst.axi_crossbar_wr_inst.s_ifaces[I].b_arb_inst.mask_reg[J]	axi_crossbar_inst.axi_crossbar_wr_inst.s_ifaces[0].reg_inst.genblk3.genblk1.m_axi_bready_reg$_SDFF_PP0_/Q	axi_crossbar_inst.axi_crossbar_wr_inst.s_ifaces[0].b_arb_inst.mask_reg[1]$_SDFFE_PP0P_/D
541	0.2594	axi_crossbar_inst.axi_crossbar_wr_inst.s_ifaces[I].w_drop_reg	axi_crossbar_inst.axi_crossbar_wr_inst.m_ifaces[I].reg_inst.genblkJ.s_axi_wready_reg	axi_crossbar_inst.axi_crossbar_wr_inst.s_ifaces[3].w_drop_reg$_DFF_P_/QN	axi_crossbar_inst.axi_crossbar_wr_inst.m_ifaces[0].reg_inst.genblk2.s_axi_wready_reg$_SDFF_PP0_/D
542	0.2594	axi_crossbar_inst.axi_crossbar_rd_inst.s_ifaces[I].reg_inst.genblkJ.m_axi_rready_reg	axi_crossbar_inst.axi_crossbar_rd_inst.s_ifaces[I].r_arb_inst.mask_reg[J]	axi_crossbar_inst.axi_crossbar_rd_inst.s_ifaces[0].reg_inst.genblk2.m_axi_rready_reg$_SDFF_PP0_/Q	axi_crossbar_inst.axi_crossbar_rd_inst.s_ifaces[0].r_arb_inst.mask_reg[7]$_SDFFE_PP0P_/D
543	0.2613	axi_crossbar_inst.axi_crossbar_rd_inst.m_ifaces[I].reg_inst.genblkJ.genblkK.s_axi_arready_reg	axi_crossbar_inst.axi_crossbar_rd_inst.m_ifaces[I].a_arb_inst.mask_reg[J]	axi_crossbar_inst.axi_crossbar_rd_inst.m_ifaces[5].reg_inst.genblk1.genblk1.s_axi_arready_reg$_SDFF_PP0_/Q	axi_crossbar_inst.axi_crossbar_rd_inst.m_ifaces[5].a_arb_inst.mask_reg[7]$_SDFFE_PP0P_/D
544	0.2619	axi_crossbar_inst.axi_crossbar_wr_inst.s_ifaces[I].b_arb_inst.grant_reg[J]	axi_crossbar_inst.axi_crossbar_wr_inst.s_ifaces[I].b_arb_inst.grant_valid_reg	axi_crossbar_inst.axi_crossbar_wr_inst.s_ifaces[6].b_arb_inst.grant_reg[5]$_SDFFE_PP0P_/Q	axi_crossbar_inst.axi_crossbar_wr_inst.s_ifaces[6].b_arb_inst.grant_valid_reg$_SDFFE_PP0P_/D
545	0.2642	axi_crossbar_inst.axi_crossbar_wr_inst.s_ifaces[I].decerr_m_axi_bvalid_reg	axi_crossbar_inst.axi_crossbar_wr_inst.s_ifaces[I].b_arb_inst.grant_valid_reg	axi_crossbar_inst.axi_crossbar_wr_inst.s_ifaces[6].decerr_m_axi_bvalid_reg$_SDFF_PP0_/Q	axi_crossbar_inst.axi_crossbar_wr_inst.s_ifaces[6].b_arb_inst.grant_valid_reg$_SDFFE_PP0P_/D
546	0.2643	mI_axi_arready	axi_crossbar_inst.axi_crossbar_rd_inst.m_ifaces[I].reg_inst.genblkJ.genblkK.s_axi_arready_reg	m06_axi_arready	axi_crossbar_inst.axi_crossbar_rd_inst.m_ifaces[6].reg_inst.genblk1.genblk1.s_axi_arready_reg$_SDFF_PP0_/D
547	0.2643	mI_axi_awready	axi_crossbar_inst.axi_crossbar_wr_inst.m_ifaces[I].reg_inst.genblkJ.genblkK.s_axi_awready_reg	m05_axi_awready	axi_crossbar_inst.axi_crossbar_wr_inst.m_ifaces[5].reg_inst.genblk1.genblk1.s_axi_awready_reg$_SDFF_PP0_/D
548	0.2645	axi_crossbar_inst.axi_crossbar_wr_inst.s_ifaces[I].addr_inst.m_select_reg[J]	axi_crossbar_inst.axi_crossbar_wr_inst.m_ifaces[I].w_select_new_reg	axi_crossbar_inst.axi_crossbar_wr_inst.s_ifaces[1].addr_inst.m_select_reg[2]$_DFF_P_/Q	axi_crossbar_inst.axi_crossbar_wr_inst.m_ifaces[6].w_select_new_reg$_SDFF_PP1_/D
549	0.2668	axi_crossbar_inst.axi_crossbar_wr_inst.m_ifaces[I].reg_inst.genblkJ.genblkK.s_axi_awready_reg	axi_crossbar_inst.axi_crossbar_wr_inst.m_ifaces[I].a_arb_inst.grant_reg[J]	axi_crossbar_inst.axi_crossbar_wr_inst.m_ifaces[3].reg_inst.genblk1.genblk1.s_axi_awready_reg$_SDFF_PP0_/Q	axi_crossbar_inst.axi_crossbar_wr_inst.m_ifaces[3].a_arb_inst.grant_reg[5]$_SDFFE_PP0P_/D
550	0.2698	axi_crossbar_inst.axi_crossbar_wr_inst.s_ifaces[I].reg_inst.genblkJ.genblkK.m_axi_bready_reg	axi_crossbar_inst.axi_crossbar_wr_inst.s_ifaces[I].b_arb_inst.grant_encoded_reg[J]	axi_crossbar_inst.axi_crossbar_wr_inst.s_ifaces[0].reg_inst.genblk3.genblk1.m_axi_bready_reg$_SDFF_PP0_/Q	axi_crossbar_inst.axi_crossbar_wr_inst.s_ifaces[0].b_arb_inst.grant_encoded_reg[2]$_SDFFE_PP0P_/D
551	0.2699	axi_crossbar_inst.axi_crossbar_rd_inst.s_ifaces[I].decerr_m_axi_rlast_reg	axi_crossbar_inst.axi_crossbar_rd_inst.s_ifaces[I].r_arb_inst.grant_valid_reg	axi_crossbar_inst.axi_crossbar_rd_inst.s_ifaces[6].decerr_m_axi_rlast_reg$_DFFE_PP_/Q	axi_crossbar_inst.axi_crossbar_rd_inst.s_ifaces[6].r_arb_inst.grant_valid_reg$_SDFFE_PP0P_/D
552	0.2716	sI_axi_wlast	axi_crossbar_inst.axi_crossbar_wr_inst.s_ifaces[I].w_select_valid_reg	s00_axi_wlast	axi_crossbar_inst.axi_crossbar_wr_inst.s_ifaces[0].w_select_valid_reg$_SDFF_PP0_/D
553	0.2722	axi_crossbar_inst.axi_crossbar_rd_inst.m_ifaces[I].trans_count_reg[J]	axi_crossbar_inst.axi_crossbar_rd_inst.m_ifaces[I].a_arb_inst.grant_reg[J]	axi_crossbar_inst.axi_crossbar_rd_inst.m_ifaces[7].trans_count_reg[2]$_SDFFE_PP0P_/Q	axi_crossbar_inst.axi_crossbar_rd_inst.m_ifaces[7].a_arb_inst.grant_reg[5]$_SDFFE_PP0P_/D
554	0.2727	sI_axi_wvalid	axi_crossbar_inst.axi_crossbar_wr_inst.s_ifaces[I].w_drop_reg	s07_axi_wvalid	axi_crossbar_inst.axi_crossbar_wr_inst.s_ifaces[7].w_drop_reg$_DFF_P_/D
555	0.2748	axi_crossbar_inst.axi_crossbar_wr_inst.m_ifaces[I].w_select_reg[J]	axi_crossbar_inst.axi_crossbar_wr_inst.m_ifaces[I].reg_inst.genblkJ.temp_m_axi_wlast_reg	axi_crossbar_inst.axi_crossbar_wr_inst.m_ifaces[6].w_select_reg[1]$_DFFE_PP_/Q	axi_crossbar_inst.axi_crossbar_wr_inst.m_ifaces[6].reg_inst.genblk2.temp_m_axi_wlast_reg$_DFFE_PP_/D
556	0.2749	mI_axi_arready	axi_crossbar_inst.axi_crossbar_rd_inst.m_ifaces[I].reg_inst.genblkJ.genblkK.m_axi_arvalid_reg	m01_axi_arready	axi_crossbar_inst.axi_crossbar_rd_inst.m_ifaces[1].reg_inst.genblk1.genblk1.m_axi_arvalid_reg$_SDFF_PP0_/D
557	0.2749	mI_axi_awready	axi_crossbar_inst.axi_crossbar_wr_inst.m_ifaces[I].reg_inst.genblkJ.genblkK.m_axi_awvalid_reg	m03_axi_awready	axi_crossbar_inst.axi_crossbar_wr_inst.m_ifaces[3].reg_inst.genblk1.genblk1.m_axi_awvalid_reg$_SDFF_PP0_/D
558	0.2759	axi_crossbar_inst.axi_crossbar_wr_inst.m_ifaces[I].reg_inst.genblkJ.genblkK.s_axi_awready_reg	axi_crossbar_inst.axi_crossbar_wr_inst.m_ifaces[I].a_arb_inst.grant_encoded_reg[J]	axi_crossbar_inst.axi_crossbar_wr_inst.m_ifaces[3].reg_inst.genblk1.genblk1.s_axi_awready_reg$_SDFF_PP0_/Q	axi_crossbar_inst.axi_crossbar_wr_inst.m_ifaces[3].a_arb_inst.grant_encoded_reg[0]$_SDFFE_PP0P_/D
559	0.2794	axi_crossbar_inst.axi_crossbar_rd_inst.s_ifaces[I].addr_inst.s_cpl_valid_reg	axi_crossbar_inst.axi_crossbar_rd_inst.s_ifaces[I].addr_inst.thread_id_reg[J][K]	axi_crossbar_inst.axi_crossbar_rd_inst.s_ifaces[6].addr_inst.s_cpl_valid_reg$_DFF_P_/QN	axi_crossbar_inst.axi_crossbar_rd_inst.s_ifaces[6].addr_inst.thread_id_reg[0][0]$_DFFE_PP_/D
560	0.2794	axi_crossbar_inst.axi_crossbar_rd_inst.s_ifaces[I].addr_inst.s_cpl_valid_reg	axi_crossbar_inst.axi_crossbar_rd_inst.s_ifaces[I].addr_inst.thread_m_reg[J][K]	axi_crossbar_inst.axi_crossbar_rd_inst.s_ifaces[6].addr_inst.s_cpl_valid_reg$_DFF_P_/QN	axi_crossbar_inst.axi_crossbar_rd_inst.s_ifaces[6].addr_inst.thread_m_reg[0][0]$_DFFE_PP_/D
561	0.2828	axi_crossbar_inst.axi_crossbar_wr_inst.m_ifaces[I].a_arb_inst.grant_reg[J]	axi_crossbar_inst.axi_crossbar_wr_inst.m_ifaces[I].a_arb_inst.grant_valid_reg	axi_crossbar_inst.axi_crossbar_wr_inst.m_ifaces[0].a_arb_inst.grant_reg[1]$_SDFFE_PP0P_/QN	axi_crossbar_inst.axi_crossbar_wr_inst.m_ifaces[0].a_arb_inst.grant_valid_reg$_SDFFE_PP0P_/D
562	0.2830	axi_crossbar_inst.axi_crossbar_wr_inst.s_ifaces[I].b_arb_inst.grant_valid_reg	axi_crossbar_inst.axi_crossbar_wr_inst.s_ifaces[I].b_arb_inst.mask_reg[J]	axi_crossbar_inst.axi_crossbar_wr_inst.s_ifaces[5].b_arb_inst.grant_valid_reg$_SDFFE_PP0P_/Q	axi_crossbar_inst.axi_crossbar_wr_inst.s_ifaces[5].b_arb_inst.mask_reg[7]$_SDFFE_PP0P_/D
563	0.2838	axi_crossbar_inst.axi_crossbar_rd_inst.s_ifaces[I].addr_inst.thread_m_reg[J][K]	axi_crossbar_inst.axi_crossbar_rd_inst.s_ifaces[I].addr_inst.state_reg[J]	axi_crossbar_inst.axi_crossbar_rd_inst.s_ifaces[2].addr_inst.thread_m_reg[1][2]$_DFFE_PP_/Q	axi_crossbar_inst.axi_crossbar_rd_inst.s_ifaces[2].addr_inst.state_reg[1]$_SDFF_PP0_/D
564	0.2838	axi_crossbar_inst.axi_crossbar_wr_inst.s_ifaces[I].b_arb_inst.grant_encoded_reg[J]	axi_crossbar_inst.axi_crossbar_wr_inst.s_ifaces[I].b_arb_inst.grant_encoded_reg[J]	axi_crossbar_inst.axi_crossbar_wr_inst.s_ifaces[5].b_arb_inst.grant_encoded_reg[1]$_SDFFE_PP0P_/Q	axi_crossbar_inst.axi_crossbar_wr_inst.s_ifaces[5].b_arb_inst.grant_encoded_reg[1]$_SDFFE_PP0P_/D
565	0.2850	axi_crossbar_inst.axi_crossbar_rd_inst.s_ifaces[I].decerr_m_axi_rvalid_reg	axi_crossbar_inst.axi_crossbar_rd_inst.s_ifaces[I].reg_inst.genblkJ.temp_s_axi_rvalid_reg	axi_crossbar_inst.axi_crossbar_rd_inst.s_ifaces[4].decerr_m_axi_rvalid_reg$_SDFF_PP0_/Q	axi_crossbar_inst.axi_crossbar_rd_inst.s_ifaces[4].reg_inst.genblk2.temp_s_axi_rvalid_reg$_SDFFE_PP0P_/D
566	0.2863	sI_axi_arid[J]	axi_crossbar_inst.axi_crossbar_rd_inst.s_ifaces[I].addr_inst.s_axi_aid_reg[J]	s00_axi_arid[0]	axi_crossbar_inst.axi_crossbar_rd_inst.s_ifaces[0].addr_inst.s_axi_aid_reg[0]$_DFFE_PP_/D
567	0.2863	sI_axi_arid[J]	axi_crossbar_inst.axi_crossbar_rd_inst.s_ifaces[I].decerr_m_axi_rid_reg[J]	s00_axi_arid[0]	axi_crossbar_inst.axi_crossbar_rd_inst.s_ifaces[0].decerr_m_axi_rid_reg[0]$_DFFE_PP_/D
568	0.2863	sI_axi_awid[J]	axi_crossbar_inst.axi_crossbar_wr_inst.s_ifaces[I].addr_inst.s_axi_aid_reg[J]	s00_axi_awid[0]	axi_crossbar_inst.axi_crossbar_wr_inst.s_ifaces[0].addr_inst.s_axi_aid_reg[0]$_DFFE_PP_/D
569	0.2863	sI_axi_awid[J]	axi_crossbar_inst.axi_crossbar_wr_inst.s_ifaces[I].decerr_m_axi_bid_reg[J]	s00_axi_awid[0]	axi_crossbar_inst.axi_crossbar_wr_inst.s_ifaces[0].decerr_m_axi_bid_reg[0]$_DFFE_PP_/D
570	0.2866	axi_crossbar_inst.axi_crossbar_wr_inst.s_ifaces[I].addr_inst.thread_m_reg[J][K]	axi_crossbar_inst.axi_crossbar_wr_inst.s_ifaces[I].addr_inst.m_axi_avalid_reg	axi_crossbar_inst.axi_crossbar_wr_inst.s_ifaces[4].addr_inst.thread_m_reg[1][2]$_DFFE_PP_/Q	axi_crossbar_inst.axi_crossbar_wr_inst.s_ifaces[4].addr_inst.m_axi_avalid_reg$_SDFF_PP0_/D
571	0.2867	sI_axi_bready	axi_crossbar_inst.axi_crossbar_wr_inst.s_ifaces[I].reg_inst.genblkJ.genblkK.s_axi_bvalid_reg	s03_axi_bready	axi_crossbar_inst.axi_crossbar_wr_inst.s_ifaces[3].reg_inst.genblk3.genblk1.s_axi_bvalid_reg$_SDFF_PP0_/D
572	0.2879	axi_crossbar_inst.axi_crossbar_wr_inst.s_ifaces[I].b_arb_inst.grant_valid_reg	axi_crossbar_inst.axi_crossbar_wr_inst.s_ifaces[I].b_arb_inst.grant_reg[J]	axi_crossbar_inst.axi_crossbar_wr_inst.s_ifaces[5].b_arb_inst.grant_valid_reg$_SDFFE_PP0P_/Q	axi_crossbar_inst.axi_crossbar_wr_inst.s_ifaces[5].b_arb_inst.grant_reg[2]$_SDFFE_PP0P_/D
573	0.2891	axi_crossbar_inst.axi_crossbar_rd_inst.s_ifaces[I].addr_inst.thread_m_reg[J][K]	axi_crossbar_inst.axi_crossbar_rd_inst.s_ifaces[I].addr_inst.m_axi_avalid_reg	axi_crossbar_inst.axi_crossbar_rd_inst.s_ifaces[2].addr_inst.thread_m_reg[1][2]$_DFFE_PP_/Q	axi_crossbar_inst.axi_crossbar_rd_inst.s_ifaces[2].addr_inst.m_axi_avalid_reg$_SDFF_PP0_/D
574	0.2893	axi_crossbar_inst.axi_crossbar_wr_inst.s_ifaces[I].b_arb_inst.grant_valid_reg	axi_crossbar_inst.axi_crossbar_wr_inst.s_ifaces[I].b_arb_inst.grant_encoded_reg[J]	axi_crossbar_inst.axi_crossbar_wr_inst.s_ifaces[5].b_arb_inst.grant_valid_reg$_SDFFE_PP0P_/Q	axi_crossbar_inst.axi_crossbar_wr_inst.s_ifaces[5].b_arb_inst.grant_encoded_reg[1]$_SDFFE_PP0P_/D
575	0.2910	axi_crossbar_inst.axi_crossbar_rd_inst.s_ifaces[I].reg_inst.genblkJ.m_axi_rready_reg	axi_crossbar_inst.axi_crossbar_rd_inst.s_ifaces[I].reg_inst.genblkJ.s_axi_rid_reg[K]	axi_crossbar_inst.axi_crossbar_rd_inst.s_ifaces[5].reg_inst.genblk2.m_axi_rready_reg$_SDFF_PP0_/Q	axi_crossbar_inst.axi_crossbar_rd_inst.s_ifaces[5].reg_inst.genblk2.s_axi_rid_reg[0]$_DFFE_PP_/D
576	0.2910	axi_crossbar_inst.axi_crossbar_rd_inst.s_ifaces[I].reg_inst.genblkJ.m_axi_rready_reg	axi_crossbar_inst.axi_crossbar_rd_inst.s_ifaces[I].reg_inst.genblkJ.s_axi_rresp_reg[K]	axi_crossbar_inst.axi_crossbar_rd_inst.s_ifaces[5].reg_inst.genblk2.m_axi_rready_reg$_SDFF_PP0_/Q	axi_crossbar_inst.axi_crossbar_rd_inst.s_ifaces[5].reg_inst.genblk2.s_axi_rresp_reg[0]$_DFFE_PP_/D
577	0.2924	axi_crossbar_inst.axi_crossbar_wr_inst.m_ifaces[I].reg_inst.genblkJ.s_axi_wready_reg	axi_crossbar_inst.axi_crossbar_wr_inst.m_ifaces[I].a_arb_inst.grant_valid_reg	axi_crossbar_inst.axi_crossbar_wr_inst.m_ifaces[3].reg_inst.genblk2.s_axi_wready_reg$_SDFF_PP0_/Q	axi_crossbar_inst.axi_crossbar_wr_inst.m_ifaces[3].a_arb_inst.grant_valid_reg$_SDFFE_PP0P_/D
578	0.2929	axi_crossbar_inst.axi_crossbar_wr_inst.s_ifaces[I].addr_inst.s_cpl_valid_reg	axi_crossbar_inst.axi_crossbar_wr_inst.s_ifaces[I].addr_inst.thread_id_reg[J][K]	axi_crossbar_inst.axi_crossbar_wr_inst.s_ifaces[2].addr_inst.s_cpl_valid_reg$_DFF_P_/QN	axi_crossbar_inst.axi_crossbar_wr_inst.s_ifaces[2].addr_inst.thread_id_reg[0][0]$_DFFE_PP_/D
579	0.2929	axi_crossbar_inst.axi_crossbar_wr_inst.s_ifaces[I].addr_inst.s_cpl_valid_reg	axi_crossbar_inst.axi_crossbar_wr_inst.s_ifaces[I].addr_inst.thread_m_reg[J][K]	axi_crossbar_inst.axi_crossbar_wr_inst.s_ifaces[2].addr_inst.s_cpl_valid_reg$_DFF_P_/QN	axi_crossbar_inst.axi_crossbar_wr_inst.s_ifaces[2].addr_inst.thread_m_reg[0][0]$_DFFE_PP_/D
580	0.2947	axi_crossbar_inst.axi_crossbar_wr_inst.s_ifaces[I].addr_inst.thread_m_reg[J][K]	axi_crossbar_inst.axi_crossbar_wr_inst.s_ifaces[I].addr_inst.state_reg[J]	axi_crossbar_inst.axi_crossbar_wr_inst.s_ifaces[0].addr_inst.thread_m_reg[0][0]$_DFFE_PP_/Q	axi_crossbar_inst.axi_crossbar_wr_inst.s_ifaces[0].addr_inst.state_reg[1]$_SDFF_PP0_/D
581	0.2966	axi_crossbar_inst.axi_crossbar_wr_inst.s_ifaces[I].w_drop_reg	sI_axi_wready	axi_crossbar_inst.axi_crossbar_wr_inst.s_ifaces[7].w_drop_reg$_DFF_P_/Q	s07_axi_wready
582	0.2968	axi_crossbar_inst.axi_crossbar_rd_inst.s_ifaces[I].r_arb_inst.grant_valid_reg	axi_crossbar_inst.axi_crossbar_rd_inst.s_ifaces[I].r_arb_inst.mask_reg[J]	axi_crossbar_inst.axi_crossbar_rd_inst.s_ifaces[0].r_arb_inst.grant_valid_reg$_SDFFE_PP0P_/Q	axi_crossbar_inst.axi_crossbar_rd_inst.s_ifaces[0].r_arb_inst.mask_reg[7]$_SDFFE_PP0P_/D
583	0.2978	axi_crossbar_inst.axi_crossbar_rd_inst.s_ifaces[I].r_arb_inst.grant_valid_reg	axi_crossbar_inst.axi_crossbar_rd_inst.s_ifaces[I].r_arb_inst.grant_reg[J]	axi_crossbar_inst.axi_crossbar_rd_inst.s_ifaces[0].r_arb_inst.grant_valid_reg$_SDFFE_PP0P_/Q	axi_crossbar_inst.axi_crossbar_rd_inst.s_ifaces[0].r_arb_inst.grant_reg[4]$_SDFFE_PP0P_/D
584	0.2994	axi_crossbar_inst.axi_crossbar_rd_inst.s_ifaces[I].r_arb_inst.grant_valid_reg	axi_crossbar_inst.axi_crossbar_rd_inst.s_ifaces[I].r_arb_inst.grant_encoded_reg[J]	axi_crossbar_inst.axi_crossbar_rd_inst.s_ifaces[0].r_arb_inst.grant_valid_reg$_SDFFE_PP0P_/Q	axi_crossbar_inst.axi_crossbar_rd_inst.s_ifaces[0].r_arb_inst.grant_encoded_reg[2]$_SDFFE_PP0P_/D
585	0.3000	axi_crossbar_inst.axi_crossbar_rd_inst.s_ifaces[I].reg_inst.genblkJ.m_axi_rready_reg	axi_crossbar_inst.axi_crossbar_rd_inst.s_ifaces[I].reg_inst.genblkJ.s_axi_rlast_reg	axi_crossbar_inst.axi_crossbar_rd_inst.s_ifaces[3].reg_inst.genblk2.m_axi_rready_reg$_SDFF_PP0_/Q	axi_crossbar_inst.axi_crossbar_rd_inst.s_ifaces[3].reg_inst.genblk2.s_axi_rlast_reg$_DFFE_PP_/D
586	0.3004	axi_crossbar_inst.axi_crossbar_rd_inst.m_ifaces[I].a_arb_inst.grant_valid_reg	axi_crossbar_inst.axi_crossbar_rd_inst.m_ifaces[I].a_arb_inst.grant_reg[J]	axi_crossbar_inst.axi_crossbar_rd_inst.m_ifaces[4].a_arb_inst.grant_valid_reg$_SDFFE_PP0P_/Q	axi_crossbar_inst.axi_crossbar_rd_inst.m_ifaces[4].a_arb_inst.grant_reg[3]$_SDFFE_PP0P_/D
587	0.3027	axi_crossbar_inst.axi_crossbar_wr_inst.s_ifaces[I].addr_inst.thread_m_reg[J][K]	axi_crossbar_inst.axi_crossbar_wr_inst.s_ifaces[I].addr_inst.m_rc_valid_reg	axi_crossbar_inst.axi_crossbar_wr_inst.s_ifaces[1].addr_inst.thread_m_reg[0][0]$_DFFE_PP_/Q	axi_crossbar_inst.axi_crossbar_wr_inst.s_ifaces[1].addr_inst.m_rc_valid_reg$_SDFF_PP0_/D
588	0.3028	axi_crossbar_inst.axi_crossbar_rd_inst.s_ifaces[I].reg_inst.genblkJ.m_axi_rready_reg	axi_crossbar_inst.axi_crossbar_rd_inst.s_ifaces[I].reg_inst.genblkJ.s_axi_rdata_reg[K]	axi_crossbar_inst.axi_crossbar_rd_inst.s_ifaces[3].reg_inst.genblk2.m_axi_rready_reg$_SDFF_PP0_/Q	axi_crossbar_inst.axi_crossbar_rd_inst.s_ifaces[3].reg_inst.genblk2.s_axi_rdata_reg[10]$_DFFE_PP_/D
589	0.3041	sI_axi_bready	axi_crossbar_inst.axi_crossbar_wr_inst.s_ifaces[I].reg_inst.genblkJ.genblkK.m_axi_bready_reg	s06_axi_bready	axi_crossbar_inst.axi_crossbar_wr_inst.s_ifaces[6].reg_inst.genblk3.genblk1.m_axi_bready_reg$_SDFF_PP0_/D
590	0.3047	axi_crossbar_inst.axi_crossbar_wr_inst.m_ifaces[I].a_arb_inst.grant_valid_reg	axi_crossbar_inst.axi_crossbar_wr_inst.m_ifaces[I].a_arb_inst.grant_valid_reg	axi_crossbar_inst.axi_crossbar_wr_inst.m_ifaces[3].a_arb_inst.grant_valid_reg$_SDFFE_PP0P_/Q	axi_crossbar_inst.axi_crossbar_wr_inst.m_ifaces[3].a_arb_inst.grant_valid_reg$_SDFFE_PP0P_/D
591	0.3060	axi_crossbar_inst.axi_crossbar_rd_inst.m_ifaces[I].reg_inst.genblkJ.genblkK.s_axi_arready_reg	axi_crossbar_inst.axi_crossbar_rd_inst.m_ifaces[I].a_arb_inst.grant_encoded_reg[J]	axi_crossbar_inst.axi_crossbar_rd_inst.m_ifaces[5].reg_inst.genblk1.genblk1.s_axi_arready_reg$_SDFF_PP0_/Q	axi_crossbar_inst.axi_crossbar_rd_inst.m_ifaces[5].a_arb_inst.grant_encoded_reg[1]$_SDFFE_PP0P_/D
592	0.3070	axi_crossbar_inst.axi_crossbar_wr_inst.m_ifaces[I].a_arb_inst.grant_encoded_reg[J]	axi_crossbar_inst.axi_crossbar_wr_inst.m_ifaces[I].a_arb_inst.grant_encoded_reg[J]	axi_crossbar_inst.axi_crossbar_wr_inst.m_ifaces[3].a_arb_inst.grant_encoded_reg[2]$_SDFFE_PP0P_/Q	axi_crossbar_inst.axi_crossbar_wr_inst.m_ifaces[3].a_arb_inst.grant_encoded_reg[2]$_SDFFE_PP0P_/D
593	0.3070	axi_crossbar_inst.axi_crossbar_rd_inst.s_ifaces[I].reg_inst.genblkJ.m_axi_rready_reg	axi_crossbar_inst.axi_crossbar_rd_inst.s_ifaces[I].reg_inst.genblkJ.temp_s_axi_rdata_reg[K]	axi_crossbar_inst.axi_crossbar_rd_inst.s_ifaces[1].reg_inst.genblk2.m_axi_rready_reg$_SDFF_PP0_/Q	axi_crossbar_inst.axi_crossbar_rd_inst.s_ifaces[1].reg_inst.genblk2.temp_s_axi_rdata_reg[10]$_DFFE_PP_/D
594	0.3088	axi_crossbar_inst.axi_crossbar_rd_inst.m_ifaces[I].a_arb_inst.grant_valid_reg	axi_crossbar_inst.axi_crossbar_rd_inst.m_ifaces[I].a_arb_inst.mask_reg[J]	axi_crossbar_inst.axi_crossbar_rd_inst.m_ifaces[4].a_arb_inst.grant_valid_reg$_SDFFE_PP0P_/Q	axi_crossbar_inst.axi_crossbar_rd_inst.m_ifaces[4].a_arb_inst.mask_reg[1]$_SDFFE_PP0P_/D
595	0.3108	axi_crossbar_inst.axi_crossbar_wr_inst.m_ifaces[I].reg_inst.genblkJ.s_axi_wready_reg	axi_crossbar_inst.axi_crossbar_wr_inst.m_ifaces[I].reg_inst.genblkJ.temp_m_axi_wdata_reg[K]	axi_crossbar_inst.axi_crossbar_wr_inst.m_ifaces[3].reg_inst.genblk2.s_axi_wready_reg$_SDFF_PP0_/Q	axi_crossbar_inst.axi_crossbar_wr_inst.m_ifaces[3].reg_inst.genblk2.temp_m_axi_wdata_reg[10]$_DFFE_PP_/D
596	0.3108	axi_crossbar_inst.axi_crossbar_wr_inst.m_ifaces[I].reg_inst.genblkJ.s_axi_wready_reg	axi_crossbar_inst.axi_crossbar_wr_inst.m_ifaces[I].reg_inst.genblkJ.temp_m_axi_wstrb_reg[K]	axi_crossbar_inst.axi_crossbar_wr_inst.m_ifaces[5].reg_inst.genblk2.s_axi_wready_reg$_SDFF_PP0_/Q	axi_crossbar_inst.axi_crossbar_wr_inst.m_ifaces[5].reg_inst.genblk2.temp_m_axi_wstrb_reg[0]$_DFFE_PP_/D
597	0.3125	axi_crossbar_inst.axi_crossbar_rd_inst.m_ifaces[I].trans_count_reg[J]	axi_crossbar_inst.axi_crossbar_rd_inst.m_ifaces[I].a_arb_inst.grant_encoded_reg[J]	axi_crossbar_inst.axi_crossbar_rd_inst.m_ifaces[1].trans_count_reg[2]$_SDFFE_PP0P_/Q	axi_crossbar_inst.axi_crossbar_rd_inst.m_ifaces[1].a_arb_inst.grant_encoded_reg[2]$_SDFFE_PP0P_/D
598	0.3134	axi_crossbar_inst.axi_crossbar_rd_inst.m_ifaces[I].a_arb_inst.grant_valid_reg	axi_crossbar_inst.axi_crossbar_rd_inst.m_ifaces[I].a_arb_inst.grant_encoded_reg[J]	axi_crossbar_inst.axi_crossbar_rd_inst.m_ifaces[4].a_arb_inst.grant_valid_reg$_SDFFE_PP0P_/Q	axi_crossbar_inst.axi_crossbar_rd_inst.m_ifaces[4].a_arb_inst.grant_encoded_reg[2]$_SDFFE_PP0P_/D
599	0.3140	axi_crossbar_inst.axi_crossbar_wr_inst.m_ifaces[I].a_arb_inst.grant_encoded_reg[J]	axi_crossbar_inst.axi_crossbar_wr_inst.m_ifaces[I].w_select_reg[J]	axi_crossbar_inst.axi_crossbar_wr_inst.m_ifaces[3].a_arb_inst.grant_encoded_reg[2]$_SDFFE_PP0P_/Q	axi_crossbar_inst.axi_crossbar_wr_inst.m_ifaces[3].w_select_reg[2]$_DFFE_PP_/D
600	0.3148	sI_axi_wvalid	axi_crossbar_inst.axi_crossbar_wr_inst.s_ifaces[I].w_select_valid_reg	s00_axi_wvalid	axi_crossbar_inst.axi_crossbar_wr_inst.s_ifaces[0].w_select_valid_reg$_SDFF_PP0_/D
601	0.3156	axi_crossbar_inst.axi_crossbar_wr_inst.m_ifaces[I].w_select_reg[J]	axi_crossbar_inst.axi_crossbar_wr_inst.m_ifaces[I].w_select_reg[J]	axi_crossbar_inst.axi_crossbar_wr_inst.m_ifaces[0].w_select_reg[0]$_DFFE_PP_/Q	axi_crossbar_inst.axi_crossbar_wr_inst.m_ifaces[0].w_select_reg[0]$_DFFE_PP_/D
602	0.3166	axi_crossbar_inst.axi_crossbar_wr_inst.m_ifaces[I].reg_inst.genblkJ.genblkK.s_axi_awready_reg	axi_crossbar_inst.axi_crossbar_wr_inst.m_ifaces[I].reg_inst.genblkJ.genblkK.m_axi_awaddr_reg[L]	axi_crossbar_inst.axi_crossbar_wr_inst.m_ifaces[2].reg_inst.genblk1.genblk1.s_axi_awready_reg$_SDFF_PP0_/Q	axi_crossbar_inst.axi_crossbar_wr_inst.m_ifaces[2].reg_inst.genblk1.genblk1.m_axi_awaddr_reg[21]$_DFFE_PP_/D
603	0.3170	axi_crossbar_inst.axi_crossbar_rd_inst.m_ifaces[I].reg_inst.genblkJ.genblkK.s_axi_arready_reg	axi_crossbar_inst.axi_crossbar_rd_inst.m_ifaces[I].reg_inst.genblkJ.genblkK.m_axi_arburst_reg[L]	axi_crossbar_inst.axi_crossbar_rd_inst.m_ifaces[4].reg_inst.genblk1.genblk1.s_axi_arready_reg$_SDFF_PP0_/Q	axi_crossbar_inst.axi_crossbar_rd_inst.m_ifaces[4].reg_inst.genblk1.genblk1.m_axi_arburst_reg[0]$_DFFE_PP_/D
604	0.3170	axi_crossbar_inst.axi_crossbar_rd_inst.m_ifaces[I].reg_inst.genblkJ.genblkK.s_axi_arready_reg	axi_crossbar_inst.axi_crossbar_rd_inst.m_ifaces[I].reg_inst.genblkJ.genblkK.m_axi_arcache_reg[L]	axi_crossbar_inst.axi_crossbar_rd_inst.m_ifaces[4].reg_inst.genblk1.genblk1.s_axi_arready_reg$_SDFF_PP0_/Q	axi_crossbar_inst.axi_crossbar_rd_inst.m_ifaces[4].reg_inst.genblk1.genblk1.m_axi_arcache_reg[0]$_DFFE_PP_/D
605	0.3170	axi_crossbar_inst.axi_crossbar_rd_inst.m_ifaces[I].reg_inst.genblkJ.genblkK.s_axi_arready_reg	axi_crossbar_inst.axi_crossbar_rd_inst.m_ifaces[I].reg_inst.genblkJ.genblkK.m_axi_arprot_reg[L]	axi_crossbar_inst.axi_crossbar_rd_inst.m_ifaces[4].reg_inst.genblk1.genblk1.s_axi_arready_reg$_SDFF_PP0_/Q	axi_crossbar_inst.axi_crossbar_rd_inst.m_ifaces[4].reg_inst.genblk1.genblk1.m_axi_arprot_reg[0]$_DFFE_PP_/D
606	0.3170	axi_crossbar_inst.axi_crossbar_rd_inst.m_ifaces[I].reg_inst.genblkJ.genblkK.s_axi_arready_reg	axi_crossbar_inst.axi_crossbar_rd_inst.m_ifaces[I].reg_inst.genblkJ.genblkK.m_axi_arqos_reg[L]	axi_crossbar_inst.axi_crossbar_rd_inst.m_ifaces[4].reg_inst.genblk1.genblk1.s_axi_arready_reg$_SDFF_PP0_/Q	axi_crossbar_inst.axi_crossbar_rd_inst.m_ifaces[4].reg_inst.genblk1.genblk1.m_axi_arqos_reg[0]$_DFFE_PP_/D
607	0.3170	axi_crossbar_inst.axi_crossbar_rd_inst.m_ifaces[I].reg_inst.genblkJ.genblkK.s_axi_arready_reg	axi_crossbar_inst.axi_crossbar_rd_inst.m_ifaces[I].reg_inst.genblkJ.genblkK.m_axi_arsize_reg[L]	axi_crossbar_inst.axi_crossbar_rd_inst.m_ifaces[4].reg_inst.genblk1.genblk1.s_axi_arready_reg$_SDFF_PP0_/Q	axi_crossbar_inst.axi_crossbar_rd_inst.m_ifaces[4].reg_inst.genblk1.genblk1.m_axi_arsize_reg[1]$_DFFE_PP_/D
608	0.3172	axi_crossbar_inst.axi_crossbar_wr_inst.m_ifaces[I].reg_inst.genblkJ.genblkK.s_axi_awready_reg	axi_crossbar_inst.axi_crossbar_wr_inst.m_ifaces[I].reg_inst.genblkJ.genblkK.m_axi_awburst_reg[L]	axi_crossbar_inst.axi_crossbar_wr_inst.m_ifaces[5].reg_inst.genblk1.genblk1.s_axi_awready_reg$_SDFF_PP0_/Q	axi_crossbar_inst.axi_crossbar_wr_inst.m_ifaces[5].reg_inst.genblk1.genblk1.m_axi_awburst_reg[0]$_DFFE_PP_/D
609	0.3172	axi_crossbar_inst.axi_crossbar_wr_inst.m_ifaces[I].reg_inst.genblkJ.genblkK.s_axi_awready_reg	axi_crossbar_inst.axi_crossbar_wr_inst.m_ifaces[I].reg_inst.genblkJ.genblkK.m_axi_awcache_reg[L]	axi_crossbar_inst.axi_crossbar_wr_inst.m_ifaces[5].reg_inst.genblk1.genblk1.s_axi_awready_reg$_SDFF_PP0_/Q	axi_crossbar_inst.axi_crossbar_wr_inst.m_ifaces[5].reg_inst.genblk1.genblk1.m_axi_awcache_reg[0]$_DFFE_PP_/D
610	0.3172	axi_crossbar_inst.axi_crossbar_wr_inst.m_ifaces[I].reg_inst.genblkJ.genblkK.s_axi_awready_reg	axi_crossbar_inst.axi_crossbar_wr_inst.m_ifaces[I].reg_inst.genblkJ.genblkK.m_axi_awprot_reg[L]	axi_crossbar_inst.axi_crossbar_wr_inst.m_ifaces[5].reg_inst.genblk1.genblk1.s_axi_awready_reg$_SDFF_PP0_/Q	axi_crossbar_inst.axi_crossbar_wr_inst.m_ifaces[5].reg_inst.genblk1.genblk1.m_axi_awprot_reg[0]$_DFFE_PP_/D
611	0.3172	axi_crossbar_inst.axi_crossbar_wr_inst.m_ifaces[I].reg_inst.genblkJ.genblkK.s_axi_awready_reg	axi_crossbar_inst.axi_crossbar_wr_inst.m_ifaces[I].reg_inst.genblkJ.genblkK.m_axi_awqos_reg[L]	axi_crossbar_inst.axi_crossbar_wr_inst.m_ifaces[5].reg_inst.genblk1.genblk1.s_axi_awready_reg$_SDFF_PP0_/Q	axi_crossbar_inst.axi_crossbar_wr_inst.m_ifaces[5].reg_inst.genblk1.genblk1.m_axi_awqos_reg[0]$_DFFE_PP_/D
612	0.3172	axi_crossbar_inst.axi_crossbar_wr_inst.m_ifaces[I].reg_inst.genblkJ.genblkK.s_axi_awready_reg	axi_crossbar_inst.axi_crossbar_wr_inst.m_ifaces[I].reg_inst.genblkJ.genblkK.m_axi_awsize_reg[L]	axi_crossbar_inst.axi_crossbar_wr_inst.m_ifaces[5].reg_inst.genblk1.genblk1.s_axi_awready_reg$_SDFF_PP0_/Q	axi_crossbar_inst.axi_crossbar_wr_inst.m_ifaces[5].reg_inst.genblk1.genblk1.m_axi_awsize_reg[1]$_DFFE_PP_/D
613	0.3188	axi_crossbar_inst.axi_crossbar_rd_inst.s_ifaces[I].reg_inst.genblkJ.m_axi_rready_reg	axi_crossbar_inst.axi_crossbar_rd_inst.s_ifaces[I].reg_inst.genblkJ.temp_s_axi_rresp_reg[K]	axi_crossbar_inst.axi_crossbar_rd_inst.s_ifaces[1].reg_inst.genblk2.m_axi_rready_reg$_SDFF_PP0_/Q	axi_crossbar_inst.axi_crossbar_rd_inst.s_ifaces[1].reg_inst.genblk2.temp_s_axi_rresp_reg[1]$_DFFE_PP_/D
614	0.3189	axi_crossbar_inst.axi_crossbar_rd_inst.s_ifaces[I].reg_inst.genblkJ.m_axi_rready_reg	axi_crossbar_inst.axi_crossbar_rd_inst.s_ifaces[I].reg_inst.genblkJ.temp_s_axi_rid_reg[K]	axi_crossbar_inst.axi_crossbar_rd_inst.s_ifaces[1].reg_inst.genblk2.m_axi_rready_reg$_SDFF_PP0_/Q	axi_crossbar_inst.axi_crossbar_rd_inst.s_ifaces[1].reg_inst.genblk2.temp_s_axi_rid_reg[7]$_DFFE_PP_/D
615	0.3190	axi_crossbar_inst.axi_crossbar_wr_inst.s_ifaces[I].addr_inst.thread_m_reg[J][K]	axi_crossbar_inst.axi_crossbar_wr_inst.s_ifaces[I].addr_inst.m_wc_valid_reg	axi_crossbar_inst.axi_crossbar_wr_inst.s_ifaces[1].addr_inst.thread_m_reg[0][0]$_DFFE_PP_/Q	axi_crossbar_inst.axi_crossbar_wr_inst.s_ifaces[1].addr_inst.m_wc_valid_reg$_SDFF_PP0_/D
616	0.3206	axi_crossbar_inst.axi_crossbar_wr_inst.m_ifaces[I].reg_inst.genblkJ.m_axi_wvalid_reg	axi_crossbar_inst.axi_crossbar_wr_inst.m_ifaces[I].reg_inst.genblkJ.m_axi_wdata_reg[K]	axi_crossbar_inst.axi_crossbar_wr_inst.m_ifaces[5].reg_inst.genblk2.m_axi_wvalid_reg$_SDFFE_PP0P_/QN	axi_crossbar_inst.axi_crossbar_wr_inst.m_ifaces[5].reg_inst.genblk2.m_axi_wdata_reg[10]$_DFFE_PP_/D
617	0.3206	axi_crossbar_inst.axi_crossbar_wr_inst.m_ifaces[I].reg_inst.genblkJ.m_axi_wvalid_reg	axi_crossbar_inst.axi_crossbar_wr_inst.m_ifaces[I].reg_inst.genblkJ.m_axi_wstrb_reg[K]	axi_crossbar_inst.axi_crossbar_wr_inst.m_ifaces[5].reg_inst.genblk2.m_axi_wvalid_reg$_SDFFE_PP0P_/QN	axi_crossbar_inst.axi_crossbar_wr_inst.m_ifaces[5].reg_inst.genblk2.m_axi_wstrb_reg[0]$_DFFE_PP_/D
618	0.3211	axi_crossbar_inst.axi_crossbar_rd_inst.m_ifaces[I].reg_inst.genblkJ.genblkK.s_axi_arready_reg	axi_crossbar_inst.axi_crossbar_rd_inst.m_ifaces[I].reg_inst.genblkJ.genblkK.m_axi_araddr_reg[L]	axi_crossbar_inst.axi_crossbar_rd_inst.m_ifaces[3].reg_inst.genblk1.genblk1.s_axi_arready_reg$_SDFF_PP0_/Q	axi_crossbar_inst.axi_crossbar_rd_inst.m_ifaces[3].reg_inst.genblk1.genblk1.m_axi_araddr_reg[29]$_DFFE_PP_/D
619	0.3211	axi_crossbar_inst.axi_crossbar_rd_inst.m_ifaces[I].reg_inst.genblkJ.genblkK.s_axi_arready_reg	axi_crossbar_inst.axi_crossbar_rd_inst.m_ifaces[I].reg_inst.genblkJ.genblkK.m_axi_arlen_reg[L]	axi_crossbar_inst.axi_crossbar_rd_inst.m_ifaces[3].reg_inst.genblk1.genblk1.s_axi_arready_reg$_SDFF_PP0_/Q	axi_crossbar_inst.axi_crossbar_rd_inst.m_ifaces[3].reg_inst.genblk1.genblk1.m_axi_arlen_reg[0]$_DFFE_PP_/D
620	0.3222	axi_crossbar_inst.axi_crossbar_rd_inst.s_ifaces[I].reg_inst.genblkJ.s_axi_rvalid_reg	axi_crossbar_inst.axi_crossbar_rd_inst.s_ifaces[I].reg_inst.genblkJ.temp_s_axi_rdata_reg[K]	axi_crossbar_inst.axi_crossbar_rd_inst.s_ifaces[0].reg_inst.genblk2.s_axi_rvalid_reg$_SDFFE_PP0P_/QN	axi_crossbar_inst.axi_crossbar_rd_inst.s_ifaces[0].reg_inst.genblk2.temp_s_axi_rdata_reg[10]$_DFFE_PP_/D
621	0.3224	axi_crossbar_inst.axi_crossbar_rd_inst.s_ifaces[I].decerr_m_axi_rvalid_reg	axi_crossbar_inst.axi_crossbar_rd_inst.s_ifaces[I].r_arb_inst.grant_valid_reg	axi_crossbar_inst.axi_crossbar_rd_inst.s_ifaces[6].decerr_m_axi_rvalid_reg$_SDFF_PP0_/Q	axi_crossbar_inst.axi_crossbar_rd_inst.s_ifaces[6].r_arb_inst.grant_valid_reg$_SDFFE_PP0P_/D
622	0.3225	axi_crossbar_inst.axi_crossbar_wr_inst.m_ifaces[I].reg_inst.genblkJ.s_axi_wready_reg	axi_crossbar_inst.axi_crossbar_wr_inst.m_ifaces[I].reg_inst.genblkJ.m_axi_wlast_reg	axi_crossbar_inst.axi_crossbar_wr_inst.m_ifaces[7].reg_inst.genblk2.s_axi_wready_reg$_SDFF_PP0_/Q	axi_crossbar_inst.axi_crossbar_wr_inst.m_ifaces[7].reg_inst.genblk2.m_axi_wlast_reg$_DFFE_PP_/D
623	0.3235	axi_crossbar_inst.axi_crossbar_wr_inst.m_ifaces[I].reg_inst.genblkJ.s_axi_wready_reg	axi_crossbar_inst.axi_crossbar_wr_inst.m_ifaces[I].reg_inst.genblkJ.m_axi_wvalid_reg	axi_crossbar_inst.axi_crossbar_wr_inst.m_ifaces[6].reg_inst.genblk2.s_axi_wready_reg$_SDFF_PP0_/Q	axi_crossbar_inst.axi_crossbar_wr_inst.m_ifaces[6].reg_inst.genblk2.m_axi_wvalid_reg$_SDFFE_PP0P_/D
624	0.3238	axi_crossbar_inst.axi_crossbar_rd_inst.m_ifaces[I].a_arb_inst.grant_encoded_reg[J]	axi_crossbar_inst.axi_crossbar_rd_inst.m_ifaces[I].a_arb_inst.grant_encoded_reg[J]	axi_crossbar_inst.axi_crossbar_rd_inst.m_ifaces[5].a_arb_inst.grant_encoded_reg[1]$_SDFFE_PP0P_/Q	axi_crossbar_inst.axi_crossbar_rd_inst.m_ifaces[5].a_arb_inst.grant_encoded_reg[1]$_SDFFE_PP0P_/D
625	0.3243	axi_crossbar_inst.axi_crossbar_rd_inst.s_ifaces[I].decerr_m_axi_rvalid_reg	axi_crossbar_inst.axi_crossbar_rd_inst.s_ifaces[I].reg_inst.genblkJ.s_axi_rvalid_reg	axi_crossbar_inst.axi_crossbar_rd_inst.s_ifaces[4].decerr_m_axi_rvalid_reg$_SDFF_PP0_/Q	axi_crossbar_inst.axi_crossbar_rd_inst.s_ifaces[4].reg_inst.genblk2.s_axi_rvalid_reg$_SDFFE_PP0P_/D
626	0.3245	axi_crossbar_inst.axi_crossbar_rd_inst.s_ifaces[I].reg_inst.genblkJ.s_axi_rvalid_reg	axi_crossbar_inst.axi_crossbar_rd_inst.s_ifaces[I].reg_inst.genblkJ.temp_s_axi_rid_reg[K]	axi_crossbar_inst.axi_crossbar_rd_inst.s_ifaces[6].reg_inst.genblk2.s_axi_rvalid_reg$_SDFFE_PP0P_/QN	axi_crossbar_inst.axi_crossbar_rd_inst.s_ifaces[6].reg_inst.genblk2.temp_s_axi_rid_reg[1]$_DFFE_PP_/D
627	0.3261	axi_crossbar_inst.axi_crossbar_rd_inst.s_ifaces[I].decerr_m_axi_rvalid_reg	axi_crossbar_inst.axi_crossbar_rd_inst.s_ifaces[I].decerr_len_reg[J]	axi_crossbar_inst.axi_crossbar_rd_inst.s_ifaces[0].decerr_m_axi_rvalid_reg$_SDFF_PP0_/Q	axi_crossbar_inst.axi_crossbar_rd_inst.s_ifaces[0].decerr_len_reg[0]$_DFFE_PP_/D
628	0.3268	axi_crossbar_inst.axi_crossbar_rd_inst.s_ifaces[I].reg_inst.genblkJ.m_axi_rready_reg	axi_crossbar_inst.axi_crossbar_rd_inst.s_ifaces[I].reg_inst.genblkJ.temp_s_axi_rlast_reg	axi_crossbar_inst.axi_crossbar_rd_inst.s_ifaces[1].reg_inst.genblk2.m_axi_rready_reg$_SDFF_PP0_/Q	axi_crossbar_inst.axi_crossbar_rd_inst.s_ifaces[1].reg_inst.genblk2.temp_s_axi_rlast_reg$_DFFE_PP_/D
629	0.3280	axi_crossbar_inst.axi_crossbar_rd_inst.s_ifaces[I].decerr_m_axi_rvalid_reg	axi_crossbar_inst.axi_crossbar_rd_inst.s_ifaces[I].addr_inst.s_cpl_valid_reg	axi_crossbar_inst.axi_crossbar_rd_inst.s_ifaces[4].decerr_m_axi_rvalid_reg$_SDFF_PP0_/Q	axi_crossbar_inst.axi_crossbar_rd_inst.s_ifaces[4].addr_inst.s_cpl_valid_reg$_DFF_P_/D
630	0.3287	axi_crossbar_inst.axi_crossbar_rd_inst.s_ifaces[I].reg_inst.genblkJ.m_axi_rready_reg	axi_crossbar_inst.axi_crossbar_rd_inst.s_ifaces[I].r_arb_inst.grant_valid_reg	axi_crossbar_inst.axi_crossbar_rd_inst.s_ifaces[6].reg_inst.genblk2.m_axi_rready_reg$_SDFF_PP0_/Q	axi_crossbar_inst.axi_crossbar_rd_inst.s_ifaces[6].r_arb_inst.grant_valid_reg$_SDFFE_PP0P_/D
631	0.3287	axi_crossbar_inst.axi_crossbar_wr_inst.m_ifaces[I].reg_inst.genblkJ.genblkK.s_axi_awready_reg	axi_crossbar_inst.axi_crossbar_wr_inst.m_ifaces[I].reg_inst.genblkJ.genblkK.m_axi_awid_reg[L]	axi_crossbar_inst.axi_crossbar_wr_inst.m_ifaces[2].reg_inst.genblk1.genblk1.s_axi_awready_reg$_SDFF_PP0_/Q	axi_crossbar_inst.axi_crossbar_wr_inst.m_ifaces[2].reg_inst.genblk1.genblk1.m_axi_awid_reg[0]$_DFFE_PP_/D
632	0.3287	axi_crossbar_inst.axi_crossbar_wr_inst.m_ifaces[I].w_select_new_reg	axi_crossbar_inst.axi_crossbar_wr_inst.m_ifaces[I].a_arb_inst.grant_valid_reg	axi_crossbar_inst.axi_crossbar_wr_inst.m_ifaces[3].w_select_new_reg$_SDFF_PP1_/Q	axi_crossbar_inst.axi_crossbar_wr_inst.m_ifaces[3].a_arb_inst.grant_valid_reg$_SDFFE_PP0P_/D
633	0.3305	axi_crossbar_inst.axi_crossbar_rd_inst.s_ifaces[I].reg_inst.genblkJ.m_axi_rready_reg	axi_crossbar_inst.axi_crossbar_rd_inst.s_ifaces[I].reg_inst.genblkJ.temp_s_axi_rvalid_reg	axi_crossbar_inst.axi_crossbar_rd_inst.s_ifaces[1].reg_inst.genblk2.m_axi_rready_reg$_SDFF_PP0_/Q	axi_crossbar_inst.axi_crossbar_rd_inst.s_ifaces[1].reg_inst.genblk2.temp_s_axi_rvalid_reg$_SDFFE_PP0P_/D
634	0.3306	axi_crossbar_inst.axi_crossbar_wr_inst.s_ifaces[I].addr_inst.m_decerr_reg	axi_crossbar_inst.axi_crossbar_wr_inst.s_ifaces[I].addr_inst.thread_id_reg[J][K]	axi_crossbar_inst.axi_crossbar_wr_inst.s_ifaces[4].addr_inst.m_decerr_reg$_DFFE_PP_/Q	axi_crossbar_inst.axi_crossbar_wr_inst.s_ifaces[4].addr_inst.thread_id_reg[1][0]$_DFFE_PP_/D
635	0.3306	axi_crossbar_inst.axi_crossbar_wr_inst.s_ifaces[I].addr_inst.m_decerr_reg	axi_crossbar_inst.axi_crossbar_wr_inst.s_ifaces[I].addr_inst.thread_m_reg[J][K]	axi_crossbar_inst.axi_crossbar_wr_inst.s_ifaces[4].addr_inst.m_decerr_reg$_DFFE_PP_/Q	axi_crossbar_inst.axi_crossbar_wr_inst.s_ifaces[4].addr_inst.thread_m_reg[1][0]$_DFFE_PP_/D
636	0.3317	axi_crossbar_inst.axi_crossbar_rd_inst.s_ifaces[I].addr_inst.m_decerr_reg	axi_crossbar_inst.axi_crossbar_rd_inst.s_ifaces[I].addr_inst.thread_id_reg[J][K]	axi_crossbar_inst.axi_crossbar_rd_inst.s_ifaces[5].addr_inst.m_decerr_reg$_DFFE_PP_/Q	axi_crossbar_inst.axi_crossbar_rd_inst.s_ifaces[5].addr_inst.thread_id_reg[0][0]$_DFFE_PP_/D
637	0.3317	axi_crossbar_inst.axi_crossbar_rd_inst.s_ifaces[I].addr_inst.m_decerr_reg	axi_crossbar_inst.axi_crossbar_rd_inst.s_ifaces[I].addr_inst.thread_m_reg[J][K]	axi_crossbar_inst.axi_crossbar_rd_inst.s_ifaces[5].addr_inst.m_decerr_reg$_DFFE_PP_/Q	axi_crossbar_inst.axi_crossbar_rd_inst.s_ifaces[5].addr_inst.thread_m_reg[0][0]$_DFFE_PP_/D
638	0.3330	axi_crossbar_inst.axi_crossbar_wr_inst.s_ifaces[I].reg_inst.genblkJ.genblkK.s_axi_bresp_reg[L]	sI_axi_bresp[J]	axi_crossbar_inst.axi_crossbar_wr_inst.s_ifaces[0].reg_inst.genblk3.genblk1.s_axi_bresp_reg[0]$_DFFE_PP_/Q	s00_axi_bresp[0]
639	0.3330	axi_crossbar_inst.axi_crossbar_rd_inst.s_ifaces[I].reg_inst.genblkJ.s_axi_rdata_reg[K]	sI_axi_rdata[J]	axi_crossbar_inst.axi_crossbar_rd_inst.s_ifaces[0].reg_inst.genblk2.s_axi_rdata_reg[0]$_DFFE_PP_/Q	s00_axi_rdata[0]
640	0.3330	axi_crossbar_inst.axi_crossbar_rd_inst.m_ifaces[I].reg_inst.genblkJ.genblkK.m_axi_arvalid_reg	mI_axi_arvalid	axi_crossbar_inst.axi_crossbar_rd_inst.m_ifaces[0].reg_inst.genblk1.genblk1.m_axi_arvalid_reg$_SDFF_PP0_/Q	m00_axi_arvalid
641	0.3330	axi_crossbar_inst.axi_crossbar_wr_inst.m_ifaces[I].reg_inst.genblkJ.genblkK.m_axi_awvalid_reg	mI_axi_awvalid	axi_crossbar_inst.axi_crossbar_wr_inst.m_ifaces[0].reg_inst.genblk1.genblk1.m_axi_awvalid_reg$_SDFF_PP0_/Q	m00_axi_awvalid
642	0.3330	axi_crossbar_inst.axi_crossbar_wr_inst.s_ifaces[I].reg_inst.genblkJ.genblkK.s_axi_bvalid_reg	sI_axi_bvalid	axi_crossbar_inst.axi_crossbar_wr_inst.s_ifaces[0].reg_inst.genblk3.genblk1.s_axi_bvalid_reg$_SDFF_PP0_/Q	s00_axi_bvalid
643	0.3331	axi_crossbar_inst.axi_crossbar_wr_inst.m_ifaces[I].reg_inst.genblkJ.m_axi_wdata_reg[K]	mI_axi_wdata[J]	axi_crossbar_inst.axi_crossbar_wr_inst.m_ifaces[0].reg_inst.genblk2.m_axi_wdata_reg[0]$_DFFE_PP_/Q	m00_axi_wdata[0]
644	0.3331	axi_crossbar_inst.axi_crossbar_wr_inst.m_ifaces[I].reg_inst.genblkJ.m_axi_wlast_reg	mI_axi_wlast	axi_crossbar_inst.axi_crossbar_wr_inst.m_ifaces[0].reg_inst.genblk2.m_axi_wlast_reg$_DFFE_PP_/Q	m00_axi_wlast
645	0.3331	axi_crossbar_inst.axi_crossbar_wr_inst.m_ifaces[I].reg_inst.genblkJ.m_axi_wstrb_reg[K]	mI_axi_wstrb[J]	axi_crossbar_inst.axi_crossbar_wr_inst.m_ifaces[0].reg_inst.genblk2.m_axi_wstrb_reg[0]$_DFFE_PP_/Q	m00_axi_wstrb[0]
646	0.3331	axi_crossbar_inst.axi_crossbar_rd_inst.s_ifaces[I].reg_inst.genblkJ.s_axi_rid_reg[K]	sI_axi_rid[J]	axi_crossbar_inst.axi_crossbar_rd_inst.s_ifaces[0].reg_inst.genblk2.s_axi_rid_reg[0]$_DFFE_PP_/Q	s00_axi_rid[0]
647	0.3331	axi_crossbar_inst.axi_crossbar_rd_inst.s_ifaces[I].reg_inst.genblkJ.s_axi_rlast_reg	sI_axi_rlast	axi_crossbar_inst.axi_crossbar_rd_inst.s_ifaces[0].reg_inst.genblk2.s_axi_rlast_reg$_DFFE_PP_/Q	s00_axi_rlast
648	0.3331	axi_crossbar_inst.axi_crossbar_rd_inst.s_ifaces[I].reg_inst.genblkJ.s_axi_rresp_reg[K]	sI_axi_rresp[J]	axi_crossbar_inst.axi_crossbar_rd_inst.s_ifaces[0].reg_inst.genblk2.s_axi_rresp_reg[0]$_DFFE_PP_/Q	s00_axi_rresp[0]
649	0.3331	axi_crossbar_inst.axi_crossbar_wr_inst.m_ifaces[I].reg_inst.genblkJ.m_axi_wvalid_reg	mI_axi_wvalid	axi_crossbar_inst.axi_crossbar_wr_inst.m_ifaces[2].reg_inst.genblk2.m_axi_wvalid_reg$_SDFFE_PP0P_/Q	m02_axi_wvalid
650	0.3331	axi_crossbar_inst.axi_crossbar_rd_inst.s_ifaces[I].reg_inst.genblkJ.s_axi_rvalid_reg	sI_axi_rvalid	axi_crossbar_inst.axi_crossbar_rd_inst.s_ifaces[2].reg_inst.genblk2.s_axi_rvalid_reg$_SDFFE_PP0P_/Q	s02_axi_rvalid
651	0.3339	axi_crossbar_inst.axi_crossbar_rd_inst.s_ifaces[I].reg_inst.genblkJ.s_axi_rvalid_reg	axi_crossbar_inst.axi_crossbar_rd_inst.s_ifaces[I].reg_inst.genblkJ.temp_s_axi_rresp_reg[K]	axi_crossbar_inst.axi_crossbar_rd_inst.s_ifaces[0].reg_inst.genblk2.s_axi_rvalid_reg$_SDFFE_PP0P_/QN	axi_crossbar_inst.axi_crossbar_rd_inst.s_ifaces[0].reg_inst.genblk2.temp_s_axi_rresp_reg[1]$_DFFE_PP_/D
652	0.3344	axi_crossbar_inst.axi_crossbar_wr_inst.s_ifaces[I].decerr_m_axi_bvalid_reg	axi_crossbar_inst.axi_crossbar_wr_inst.s_ifaces[I].reg_inst.genblkJ.genblkK.s_axi_bvalid_reg	axi_crossbar_inst.axi_crossbar_wr_inst.s_ifaces[7].decerr_m_axi_bvalid_reg$_SDFF_PP0_/Q	axi_crossbar_inst.axi_crossbar_wr_inst.s_ifaces[7].reg_inst.genblk3.genblk1.s_axi_bvalid_reg$_SDFF_PP0_/D
653	0.3348	axi_crossbar_inst.axi_crossbar_rd_inst.m_ifaces[I].reg_inst.genblkJ.genblkK.m_axi_araddr_reg[L]	mI_axi_araddr[J]	axi_crossbar_inst.axi_crossbar_rd_inst.m_ifaces[0].reg_inst.genblk1.genblk1.m_axi_araddr_reg[0]$_DFFE_PP_/Q	m00_axi_araddr[0]
654	0.3348	axi_crossbar_inst.axi_crossbar_rd_inst.m_ifaces[I].reg_inst.genblkJ.genblkK.m_axi_arburst_reg[L]	mI_axi_arburst[J]	axi_crossbar_inst.axi_crossbar_rd_inst.m_ifaces[0].reg_inst.genblk1.genblk1.m_axi_arburst_reg[0]$_DFFE_PP_/Q	m00_axi_arburst[0]
655	0.3348	axi_crossbar_inst.axi_crossbar_rd_inst.m_ifaces[I].reg_inst.genblkJ.genblkK.m_axi_arcache_reg[L]	mI_axi_arcache[J]	axi_crossbar_inst.axi_crossbar_rd_inst.m_ifaces[0].reg_inst.genblk1.genblk1.m_axi_arcache_reg[0]$_DFFE_PP_/Q	m00_axi_arcache[0]
656	0.3348	axi_crossbar_inst.axi_crossbar_rd_inst.m_ifaces[I].reg_inst.genblkJ.genblkK.m_axi_arid_reg[L]	mI_axi_arid[J]	axi_crossbar_inst.axi_crossbar_rd_inst.m_ifaces[0].reg_inst.genblk1.genblk1.m_axi_arid_reg[0]$_DFFE_PP_/Q	m00_axi_arid[0]
657	0.3348	axi_crossbar_inst.axi_crossbar_rd_inst.m_ifaces[I].reg_inst.genblkJ.genblkK.m_axi_arlen_reg[L]	mI_axi_arlen[J]	axi_crossbar_inst.axi_crossbar_rd_inst.m_ifaces[0].reg_inst.genblk1.genblk1.m_axi_arlen_reg[0]$_DFFE_PP_/Q	m00_axi_arlen[0]
658	0.3348	axi_crossbar_inst.axi_crossbar_rd_inst.m_ifaces[I].reg_inst.genblkJ.genblkK.m_axi_arlock_reg	mI_axi_arlock	axi_crossbar_inst.axi_crossbar_rd_inst.m_ifaces[0].reg_inst.genblk1.genblk1.m_axi_arlock_reg$_DFFE_PP_/Q	m00_axi_arlock
659	0.3348	axi_crossbar_inst.axi_crossbar_rd_inst.m_ifaces[I].reg_inst.genblkJ.genblkK.m_axi_arprot_reg[L]	mI_axi_arprot[J]	axi_crossbar_inst.axi_crossbar_rd_inst.m_ifaces[0].reg_inst.genblk1.genblk1.m_axi_arprot_reg[0]$_DFFE_PP_/Q	m00_axi_arprot[0]
660	0.3348	axi_crossbar_inst.axi_crossbar_rd_inst.m_ifaces[I].reg_inst.genblkJ.genblkK.m_axi_arqos_reg[L]	mI_axi_arqos[J]	axi_crossbar_inst.axi_crossbar_rd_inst.m_ifaces[0].reg_inst.genblk1.genblk1.m_axi_arqos_reg[0]$_DFFE_PP_/Q	m00_axi_arqos[0]
661	0.3348	axi_crossbar_inst.axi_crossbar_rd_inst.m_ifaces[I].reg_inst.genblkJ.genblkK.m_axi_arsize_reg[L]	mI_axi_arsize[J]	axi_crossbar_inst.axi_crossbar_rd_inst.m_ifaces[0].reg_inst.genblk1.genblk1.m_axi_arsize_reg[0]$_DFFE_PP_/Q	m00_axi_arsize[0]
662	0.3348	axi_crossbar_inst.axi_crossbar_wr_inst.m_ifaces[I].reg_inst.genblkJ.genblkK.m_axi_awaddr_reg[L]	mI_axi_awaddr[J]	axi_crossbar_inst.axi_crossbar_wr_inst.m_ifaces[0].reg_inst.genblk1.genblk1.m_axi_awaddr_reg[0]$_DFFE_PP_/Q	m00_axi_awaddr[0]
663	0.3348	axi_crossbar_inst.axi_crossbar_wr_inst.m_ifaces[I].reg_inst.genblkJ.genblkK.m_axi_awburst_reg[L]	mI_axi_awburst[J]	axi_crossbar_inst.axi_crossbar_wr_inst.m_ifaces[0].reg_inst.genblk1.genblk1.m_axi_awburst_reg[0]$_DFFE_PP_/Q	m00_axi_awburst[0]
664	0.3348	axi_crossbar_inst.axi_crossbar_wr_inst.m_ifaces[I].reg_inst.genblkJ.genblkK.m_axi_awcache_reg[L]	mI_axi_awcache[J]	axi_crossbar_inst.axi_crossbar_wr_inst.m_ifaces[0].reg_inst.genblk1.genblk1.m_axi_awcache_reg[0]$_DFFE_PP_/Q	m00_axi_awcache[0]
665	0.3348	axi_crossbar_inst.axi_crossbar_wr_inst.m_ifaces[I].reg_inst.genblkJ.genblkK.m_axi_awid_reg[L]	mI_axi_awid[J]	axi_crossbar_inst.axi_crossbar_wr_inst.m_ifaces[0].reg_inst.genblk1.genblk1.m_axi_awid_reg[0]$_DFFE_PP_/Q	m00_axi_awid[0]
666	0.3348	axi_crossbar_inst.axi_crossbar_wr_inst.m_ifaces[I].reg_inst.genblkJ.genblkK.m_axi_awlen_reg[L]	mI_axi_awlen[J]	axi_crossbar_inst.axi_crossbar_wr_inst.m_ifaces[0].reg_inst.genblk1.genblk1.m_axi_awlen_reg[0]$_DFFE_PP_/Q	m00_axi_awlen[0]
667	0.3348	axi_crossbar_inst.axi_crossbar_wr_inst.m_ifaces[I].reg_inst.genblkJ.genblkK.m_axi_awlock_reg	mI_axi_awlock	axi_crossbar_inst.axi_crossbar_wr_inst.m_ifaces[0].reg_inst.genblk1.genblk1.m_axi_awlock_reg$_DFFE_PP_/Q	m00_axi_awlock
668	0.3348	axi_crossbar_inst.axi_crossbar_wr_inst.m_ifaces[I].reg_inst.genblkJ.genblkK.m_axi_awprot_reg[L]	mI_axi_awprot[J]	axi_crossbar_inst.axi_crossbar_wr_inst.m_ifaces[0].reg_inst.genblk1.genblk1.m_axi_awprot_reg[0]$_DFFE_PP_/Q	m00_axi_awprot[0]
669	0.3348	axi_crossbar_inst.axi_crossbar_wr_inst.m_ifaces[I].reg_inst.genblkJ.genblkK.m_axi_awqos_reg[L]	mI_axi_awqos[J]	axi_crossbar_inst.axi_crossbar_wr_inst.m_ifaces[0].reg_inst.genblk1.genblk1.m_axi_awqos_reg[0]$_DFFE_PP_/Q	m00_axi_awqos[0]
670	0.3348	axi_crossbar_inst.axi_crossbar_wr_inst.m_ifaces[I].reg_inst.genblkJ.genblkK.m_axi_awsize_reg[L]	mI_axi_awsize[J]	axi_crossbar_inst.axi_crossbar_wr_inst.m_ifaces[0].reg_inst.genblk1.genblk1.m_axi_awsize_reg[0]$_DFFE_PP_/Q	m00_axi_awsize[0]
671	0.3348	axi_crossbar_inst.axi_crossbar_wr_inst.s_ifaces[I].reg_inst.genblkJ.genblkK.s_axi_bid_reg[L]	sI_axi_bid[J]	axi_crossbar_inst.axi_crossbar_wr_inst.s_ifaces[0].reg_inst.genblk3.genblk1.s_axi_bid_reg[0]$_DFFE_PP_/Q	s00_axi_bid[0]
672	0.3368	axi_crossbar_inst.axi_crossbar_rd_inst.s_ifaces[I].addr_inst.m_rc_valid_reg	axi_crossbar_inst.axi_crossbar_rd_inst.s_ifaces[I].decerr_len_reg[J]	axi_crossbar_inst.axi_crossbar_rd_inst.s_ifaces[0].addr_inst.m_rc_valid_reg$_SDFF_PP0_/Q	axi_crossbar_inst.axi_crossbar_rd_inst.s_ifaces[0].decerr_len_reg[0]$_DFFE_PP_/D
673	0.3368	axi_crossbar_inst.axi_crossbar_rd_inst.s_ifaces[I].addr_inst.m_rc_valid_reg	axi_crossbar_inst.axi_crossbar_rd_inst.s_ifaces[I].decerr_m_axi_rlast_reg	axi_crossbar_inst.axi_crossbar_rd_inst.s_ifaces[0].addr_inst.m_rc_valid_reg$_SDFF_PP0_/Q	axi_crossbar_inst.axi_crossbar_rd_inst.s_ifaces[0].decerr_m_axi_rlast_reg$_DFFE_PP_/D
674	0.3369	axi_crossbar_inst.axi_crossbar_rd_inst.s_ifaces[I].addr_inst.s_axi_aready_reg	sI_axi_arready	axi_crossbar_inst.axi_crossbar_rd_inst.s_ifaces[0].addr_inst.s_axi_aready_reg$_SDFF_PP0_/Q	s00_axi_arready
675	0.3369	axi_crossbar_inst.axi_crossbar_wr_inst.s_ifaces[I].addr_inst.s_axi_aready_reg	sI_axi_awready	axi_crossbar_inst.axi_crossbar_wr_inst.s_ifaces[0].addr_inst.s_axi_aready_reg$_SDFF_PP0_/Q	s00_axi_awready
676	0.3392	axi_crossbar_inst.axi_crossbar_rd_inst.s_ifaces[I].addr_inst.state_reg[J]	axi_crossbar_inst.axi_crossbar_rd_inst.s_ifaces[I].addr_inst.m_rc_valid_reg	axi_crossbar_inst.axi_crossbar_rd_inst.s_ifaces[3].addr_inst.state_reg[0]$_SDFF_PP0_/Q	axi_crossbar_inst.axi_crossbar_rd_inst.s_ifaces[3].addr_inst.m_rc_valid_reg$_SDFF_PP0_/D
677	0.3424	axi_crossbar_inst.axi_crossbar_rd_inst.s_ifaces[I].reg_inst.genblkJ.s_axi_rvalid_reg	axi_crossbar_inst.axi_crossbar_rd_inst.s_ifaces[I].reg_inst.genblkJ.temp_s_axi_rlast_reg	axi_crossbar_inst.axi_crossbar_rd_inst.s_ifaces[3].reg_inst.genblk2.s_axi_rvalid_reg$_SDFFE_PP0P_/QN	axi_crossbar_inst.axi_crossbar_rd_inst.s_ifaces[3].reg_inst.genblk2.temp_s_axi_rlast_reg$_DFFE_PP_/D
678	0.3425	axi_crossbar_inst.axi_crossbar_rd_inst.s_ifaces[I].addr_inst.trans_count_reg[J]	axi_crossbar_inst.axi_crossbar_rd_inst.s_ifaces[I].addr_inst.m_rc_valid_reg	axi_crossbar_inst.axi_crossbar_rd_inst.s_ifaces[3].addr_inst.trans_count_reg[4]$_SDFFE_PP0P_/Q	axi_crossbar_inst.axi_crossbar_rd_inst.s_ifaces[3].addr_inst.m_rc_valid_reg$_SDFF_PP0_/D
679	0.3438	axi_crossbar_inst.axi_crossbar_rd_inst.s_ifaces[I].r_arb_inst.grant_valid_reg	axi_crossbar_inst.axi_crossbar_rd_inst.s_ifaces[I].r_arb_inst.grant_valid_reg	axi_crossbar_inst.axi_crossbar_rd_inst.s_ifaces[1].r_arb_inst.grant_valid_reg$_SDFFE_PP0P_/Q	axi_crossbar_inst.axi_crossbar_rd_inst.s_ifaces[1].r_arb_inst.grant_valid_reg$_SDFFE_PP0P_/D
680	0.3461	axi_crossbar_inst.axi_crossbar_wr_inst.m_ifaces[I].w_select_valid_reg	axi_crossbar_inst.axi_crossbar_wr_inst.m_ifaces[I].a_arb_inst.grant_valid_reg	axi_crossbar_inst.axi_crossbar_wr_inst.m_ifaces[3].w_select_valid_reg$_SDFF_PP0_/QN	axi_crossbar_inst.axi_crossbar_wr_inst.m_ifaces[3].a_arb_inst.grant_valid_reg$_SDFFE_PP0P_/D
681	0.3464	axi_crossbar_inst.axi_crossbar_wr_inst.m_ifaces[I].reg_inst.genblkJ.m_axi_wvalid_reg	axi_crossbar_inst.axi_crossbar_wr_inst.m_ifaces[I].reg_inst.genblkJ.temp_m_axi_wdata_reg[K]	axi_crossbar_inst.axi_crossbar_wr_inst.m_ifaces[7].reg_inst.genblk2.m_axi_wvalid_reg$_SDFFE_PP0P_/QN	axi_crossbar_inst.axi_crossbar_wr_inst.m_ifaces[7].reg_inst.genblk2.temp_m_axi_wdata_reg[10]$_DFFE_PP_/D
682	0.3493	axi_crossbar_inst.axi_crossbar_rd_inst.m_ifaces[I].reg_inst.genblkJ.genblkK.s_axi_arready_reg	axi_crossbar_inst.axi_crossbar_rd_inst.m_ifaces[I].a_arb_inst.grant_valid_reg	axi_crossbar_inst.axi_crossbar_rd_inst.m_ifaces[0].reg_inst.genblk1.genblk1.s_axi_arready_reg$_SDFF_PP0_/Q	axi_crossbar_inst.axi_crossbar_rd_inst.m_ifaces[0].a_arb_inst.grant_valid_reg$_SDFFE_PP0P_/D
683	0.3494	axi_crossbar_inst.axi_crossbar_wr_inst.s_ifaces[I].decerr_m_axi_bvalid_reg	axi_crossbar_inst.axi_crossbar_wr_inst.s_ifaces[I].reg_inst.genblkJ.genblkK.m_axi_bready_reg	axi_crossbar_inst.axi_crossbar_wr_inst.s_ifaces[7].decerr_m_axi_bvalid_reg$_SDFF_PP0_/Q	axi_crossbar_inst.axi_crossbar_wr_inst.s_ifaces[7].reg_inst.genblk3.genblk1.m_axi_bready_reg$_SDFF_PP0_/D
684	0.3500	axi_crossbar_inst.axi_crossbar_wr_inst.m_ifaces[I].reg_inst.genblkJ.s_axi_wready_reg	axi_crossbar_inst.axi_crossbar_wr_inst.m_ifaces[I].reg_inst.genblkJ.temp_m_axi_wvalid_reg	axi_crossbar_inst.axi_crossbar_wr_inst.m_ifaces[5].reg_inst.genblk2.s_axi_wready_reg$_SDFF_PP0_/Q	axi_crossbar_inst.axi_crossbar_wr_inst.m_ifaces[5].reg_inst.genblk2.temp_m_axi_wvalid_reg$_SDFFE_PP0P_/D
685	0.3517	axi_crossbar_inst.axi_crossbar_wr_inst.m_ifaces[I].reg_inst.genblkJ.m_axi_wvalid_reg	axi_crossbar_inst.axi_crossbar_wr_inst.m_ifaces[I].reg_inst.genblkJ.temp_m_axi_wstrb_reg[K]	axi_crossbar_inst.axi_crossbar_wr_inst.m_ifaces[5].reg_inst.genblk2.m_axi_wvalid_reg$_SDFFE_PP0P_/QN	axi_crossbar_inst.axi_crossbar_wr_inst.m_ifaces[5].reg_inst.genblk2.temp_m_axi_wstrb_reg[0]$_DFFE_PP_/D
686	0.3527	axi_crossbar_inst.axi_crossbar_rd_inst.m_ifaces[I].a_arb_inst.grant_valid_reg	axi_crossbar_inst.axi_crossbar_rd_inst.m_ifaces[I].a_arb_inst.grant_valid_reg	axi_crossbar_inst.axi_crossbar_rd_inst.m_ifaces[0].a_arb_inst.grant_valid_reg$_SDFFE_PP0P_/Q	axi_crossbar_inst.axi_crossbar_rd_inst.m_ifaces[0].a_arb_inst.grant_valid_reg$_SDFFE_PP0P_/D
687	0.3541	axi_crossbar_inst.axi_crossbar_wr_inst.s_ifaces[I].addr_inst.m_axi_avalid_reg	axi_crossbar_inst.axi_crossbar_wr_inst.s_ifaces[I].addr_inst.state_reg[J]	axi_crossbar_inst.axi_crossbar_wr_inst.s_ifaces[5].addr_inst.m_axi_avalid_reg$_SDFF_PP0_/Q	axi_crossbar_inst.axi_crossbar_wr_inst.s_ifaces[5].addr_inst.state_reg[1]$_SDFF_PP0_/D
688	0.3546	axi_crossbar_inst.axi_crossbar_rd_inst.s_ifaces[I].reg_inst.genblkJ.m_axi_rready_reg	axi_crossbar_inst.axi_crossbar_rd_inst.s_ifaces[I].decerr_m_axi_rvalid_reg	axi_crossbar_inst.axi_crossbar_rd_inst.s_ifaces[1].reg_inst.genblk2.m_axi_rready_reg$_SDFF_PP0_/Q	axi_crossbar_inst.axi_crossbar_rd_inst.s_ifaces[1].decerr_m_axi_rvalid_reg$_SDFF_PP0_/D
689	0.3566	axi_crossbar_inst.axi_crossbar_wr_inst.s_ifaces[I].reg_inst.genblkJ.genblkK.m_axi_bready_reg	axi_crossbar_inst.axi_crossbar_wr_inst.s_ifaces[I].b_arb_inst.grant_valid_reg	axi_crossbar_inst.axi_crossbar_wr_inst.s_ifaces[4].reg_inst.genblk3.genblk1.m_axi_bready_reg$_SDFF_PP0_/Q	axi_crossbar_inst.axi_crossbar_wr_inst.s_ifaces[4].b_arb_inst.grant_valid_reg$_SDFFE_PP0P_/D
690	0.3573	axi_crossbar_inst.axi_crossbar_rd_inst.s_ifaces[I].decerr_m_axi_rvalid_reg	axi_crossbar_inst.axi_crossbar_rd_inst.s_ifaces[I].reg_inst.genblkJ.m_axi_rready_reg	axi_crossbar_inst.axi_crossbar_rd_inst.s_ifaces[4].decerr_m_axi_rvalid_reg$_SDFF_PP0_/Q	axi_crossbar_inst.axi_crossbar_rd_inst.s_ifaces[4].reg_inst.genblk2.m_axi_rready_reg$_SDFF_PP0_/D
691	0.3574	axi_crossbar_inst.axi_crossbar_wr_inst.m_ifaces[I].reg_inst.genblkJ.genblkK.s_axi_awready_reg	axi_crossbar_inst.axi_crossbar_wr_inst.m_ifaces[I].a_arb_inst.grant_valid_reg	axi_crossbar_inst.axi_crossbar_wr_inst.m_ifaces[3].reg_inst.genblk1.genblk1.s_axi_awready_reg$_SDFF_PP0_/Q	axi_crossbar_inst.axi_crossbar_wr_inst.m_ifaces[3].a_arb_inst.grant_valid_reg$_SDFFE_PP0P_/D
692	0.3581	axi_crossbar_inst.axi_crossbar_rd_inst.s_ifaces[I].decerr_len_reg[J]	axi_crossbar_inst.axi_crossbar_rd_inst.s_ifaces[I].decerr_m_axi_rvalid_reg	axi_crossbar_inst.axi_crossbar_rd_inst.s_ifaces[0].decerr_len_reg[1]$_DFFE_PP_/QN	axi_crossbar_inst.axi_crossbar_rd_inst.s_ifaces[0].decerr_m_axi_rvalid_reg$_SDFF_PP0_/D
693	0.3620	axi_crossbar_inst.axi_crossbar_wr_inst.s_ifaces[I].addr_inst.m_axi_avalid_reg	axi_crossbar_inst.axi_crossbar_wr_inst.s_ifaces[I].addr_inst.s_axi_aready_reg	axi_crossbar_inst.axi_crossbar_wr_inst.s_ifaces[5].addr_inst.m_axi_avalid_reg$_SDFF_PP0_/Q	axi_crossbar_inst.axi_crossbar_wr_inst.s_ifaces[5].addr_inst.s_axi_aready_reg$_SDFF_PP0_/D
694	0.3623	axi_crossbar_inst.axi_crossbar_rd_inst.s_ifaces[I].decerr_m_axi_rvalid_reg	axi_crossbar_inst.axi_crossbar_rd_inst.s_ifaces[I].addr_inst.state_reg[J]	axi_crossbar_inst.axi_crossbar_rd_inst.s_ifaces[2].decerr_m_axi_rvalid_reg$_SDFF_PP0_/Q	axi_crossbar_inst.axi_crossbar_rd_inst.s_ifaces[2].addr_inst.state_reg[1]$_SDFF_PP0_/D
695	0.3636	axi_crossbar_inst.axi_crossbar_rd_inst.m_ifaces[I].reg_inst.genblkJ.genblkK.s_axi_arready_reg	axi_crossbar_inst.axi_crossbar_rd_inst.m_ifaces[I].reg_inst.genblkJ.genblkK.m_axi_arvalid_reg	axi_crossbar_inst.axi_crossbar_rd_inst.m_ifaces[2].reg_inst.genblk1.genblk1.s_axi_arready_reg$_SDFF_PP0_/Q	axi_crossbar_inst.axi_crossbar_rd_inst.m_ifaces[2].reg_inst.genblk1.genblk1.m_axi_arvalid_reg$_SDFF_PP0_/D
696	0.3637	axi_crossbar_inst.axi_crossbar_wr_inst.m_ifaces[I].w_select_valid_reg	axi_crossbar_inst.axi_crossbar_wr_inst.m_ifaces[I].reg_inst.genblkJ.temp_m_axi_wvalid_reg	axi_crossbar_inst.axi_crossbar_wr_inst.m_ifaces[0].w_select_valid_reg$_SDFF_PP0_/Q	axi_crossbar_inst.axi_crossbar_wr_inst.m_ifaces[0].reg_inst.genblk2.temp_m_axi_wvalid_reg$_SDFFE_PP0P_/D
697	0.3641	axi_crossbar_inst.axi_crossbar_wr_inst.m_ifaces[I].reg_inst.genblkJ.genblkK.s_axi_awready_reg	axi_crossbar_inst.axi_crossbar_wr_inst.m_ifaces[I].reg_inst.genblkJ.genblkK.m_axi_awvalid_reg	axi_crossbar_inst.axi_crossbar_wr_inst.m_ifaces[0].reg_inst.genblk1.genblk1.s_axi_awready_reg$_SDFF_PP0_/Q	axi_crossbar_inst.axi_crossbar_wr_inst.m_ifaces[0].reg_inst.genblk1.genblk1.m_axi_awvalid_reg$_SDFF_PP0_/D
698	0.3652	axi_crossbar_inst.axi_crossbar_wr_inst.s_ifaces[I].decerr_m_axi_bvalid_reg	axi_crossbar_inst.axi_crossbar_wr_inst.s_ifaces[I].addr_inst.s_cpl_valid_reg	axi_crossbar_inst.axi_crossbar_wr_inst.s_ifaces[7].decerr_m_axi_bvalid_reg$_SDFF_PP0_/Q	axi_crossbar_inst.axi_crossbar_wr_inst.s_ifaces[7].addr_inst.s_cpl_valid_reg$_DFF_P_/D
699	0.3653	axi_crossbar_inst.axi_crossbar_rd_inst.s_ifaces[I].reg_inst.genblkJ.s_axi_rvalid_reg	axi_crossbar_inst.axi_crossbar_rd_inst.s_ifaces[I].reg_inst.genblkJ.s_axi_rid_reg[K]	axi_crossbar_inst.axi_crossbar_rd_inst.s_ifaces[0].reg_inst.genblk2.s_axi_rvalid_reg$_SDFFE_PP0P_/QN	axi_crossbar_inst.axi_crossbar_rd_inst.s_ifaces[0].reg_inst.genblk2.s_axi_rid_reg[7]$_DFFE_PP_/D
700	0.3656	axi_crossbar_inst.axi_crossbar_wr_inst.m_ifaces[I].w_select_valid_reg	axi_crossbar_inst.axi_crossbar_wr_inst.m_ifaces[I].reg_inst.genblkJ.m_axi_wvalid_reg	axi_crossbar_inst.axi_crossbar_wr_inst.m_ifaces[0].w_select_valid_reg$_SDFF_PP0_/Q	axi_crossbar_inst.axi_crossbar_wr_inst.m_ifaces[0].reg_inst.genblk2.m_axi_wvalid_reg$_SDFFE_PP0P_/D
701	0.3669	axi_crossbar_inst.axi_crossbar_wr_inst.m_ifaces[I].a_arb_inst.grant_valid_reg	axi_crossbar_inst.axi_crossbar_wr_inst.m_ifaces[I].w_select_valid_reg	axi_crossbar_inst.axi_crossbar_wr_inst.m_ifaces[4].a_arb_inst.grant_valid_reg$_SDFFE_PP0P_/Q	axi_crossbar_inst.axi_crossbar_wr_inst.m_ifaces[4].w_select_valid_reg$_SDFF_PP0_/D
702	0.3673	axi_crossbar_inst.axi_crossbar_rd_inst.s_ifaces[I].reg_inst.genblkJ.s_axi_rvalid_reg	axi_crossbar_inst.axi_crossbar_rd_inst.s_ifaces[I].reg_inst.genblkJ.s_axi_rlast_reg	axi_crossbar_inst.axi_crossbar_rd_inst.s_ifaces[0].reg_inst.genblk2.s_axi_rvalid_reg$_SDFFE_PP0P_/QN	axi_crossbar_inst.axi_crossbar_rd_inst.s_ifaces[0].reg_inst.genblk2.s_axi_rlast_reg$_DFFE_PP_/D
703	0.3673	axi_crossbar_inst.axi_crossbar_rd_inst.s_ifaces[I].reg_inst.genblkJ.s_axi_rvalid_reg	axi_crossbar_inst.axi_crossbar_rd_inst.s_ifaces[I].reg_inst.genblkJ.s_axi_rresp_reg[K]	axi_crossbar_inst.axi_crossbar_rd_inst.s_ifaces[0].reg_inst.genblk2.s_axi_rvalid_reg$_SDFFE_PP0P_/QN	axi_crossbar_inst.axi_crossbar_rd_inst.s_ifaces[0].reg_inst.genblk2.s_axi_rresp_reg[0]$_DFFE_PP_/D
704	0.3676	axi_crossbar_inst.axi_crossbar_wr_inst.s_ifaces[I].addr_inst.trans_count_reg[J]	axi_crossbar_inst.axi_crossbar_wr_inst.s_ifaces[I].addr_inst.state_reg[J]	axi_crossbar_inst.axi_crossbar_wr_inst.s_ifaces[2].addr_inst.trans_count_reg[4]$_SDFFE_PP0P_/Q	axi_crossbar_inst.axi_crossbar_wr_inst.s_ifaces[2].addr_inst.state_reg[1]$_SDFF_PP0_/D
705	0.3685	axi_crossbar_inst.axi_crossbar_rd_inst.s_ifaces[I].reg_inst.genblkJ.m_axi_rready_reg	axi_crossbar_inst.axi_crossbar_rd_inst.s_ifaces[I].reg_inst.genblkJ.s_axi_rvalid_reg	axi_crossbar_inst.axi_crossbar_rd_inst.s_ifaces[2].reg_inst.genblk2.m_axi_rready_reg$_SDFF_PP0_/Q	axi_crossbar_inst.axi_crossbar_rd_inst.s_ifaces[2].reg_inst.genblk2.s_axi_rvalid_reg$_SDFFE_PP0P_/D
706	0.3698	axi_crossbar_inst.axi_crossbar_wr_inst.m_ifaces[I].a_arb_inst.grant_reg[J]	axi_crossbar_inst.axi_crossbar_wr_inst.m_ifaces[I].w_select_new_reg	axi_crossbar_inst.axi_crossbar_wr_inst.m_ifaces[4].a_arb_inst.grant_reg[5]$_SDFFE_PP0P_/Q	axi_crossbar_inst.axi_crossbar_wr_inst.m_ifaces[4].w_select_new_reg$_SDFF_PP1_/D
707	0.3702	axi_crossbar_inst.axi_crossbar_rd_inst.s_ifaces[I].reg_inst.genblkJ.s_axi_rvalid_reg	axi_crossbar_inst.axi_crossbar_rd_inst.s_ifaces[I].reg_inst.genblkJ.s_axi_rdata_reg[K]	axi_crossbar_inst.axi_crossbar_rd_inst.s_ifaces[0].reg_inst.genblk2.s_axi_rvalid_reg$_SDFFE_PP0P_/QN	axi_crossbar_inst.axi_crossbar_rd_inst.s_ifaces[0].reg_inst.genblk2.s_axi_rdata_reg[10]$_DFFE_PP_/D
708	0.3720	axi_crossbar_inst.axi_crossbar_rd_inst.s_ifaces[I].decerr_m_axi_rlast_reg	axi_crossbar_inst.axi_crossbar_rd_inst.s_ifaces[I].reg_inst.genblkJ.s_axi_rlast_reg	axi_crossbar_inst.axi_crossbar_rd_inst.s_ifaces[4].decerr_m_axi_rlast_reg$_DFFE_PP_/Q	axi_crossbar_inst.axi_crossbar_rd_inst.s_ifaces[4].reg_inst.genblk2.s_axi_rlast_reg$_DFFE_PP_/D
709	0.3725	axi_crossbar_inst.axi_crossbar_rd_inst.s_ifaces[I].addr_inst.state_reg[J]	axi_crossbar_inst.axi_crossbar_rd_inst.s_ifaces[I].addr_inst.m_axi_avalid_reg	axi_crossbar_inst.axi_crossbar_rd_inst.s_ifaces[3].addr_inst.state_reg[0]$_SDFF_PP0_/Q	axi_crossbar_inst.axi_crossbar_rd_inst.s_ifaces[3].addr_inst.m_axi_avalid_reg$_SDFF_PP0_/D
710	0.3732	axi_crossbar_inst.axi_crossbar_rd_inst.s_ifaces[I].addr_inst.trans_count_reg[J]	axi_crossbar_inst.axi_crossbar_rd_inst.s_ifaces[I].addr_inst.state_reg[J]	axi_crossbar_inst.axi_crossbar_rd_inst.s_ifaces[6].addr_inst.trans_count_reg[4]$_SDFFE_PP0P_/Q	axi_crossbar_inst.axi_crossbar_rd_inst.s_ifaces[6].addr_inst.state_reg[1]$_SDFF_PP0_/D
711	0.3733	axi_crossbar_inst.axi_crossbar_wr_inst.s_ifaces[I].b_arb_inst.grant_valid_reg	axi_crossbar_inst.axi_crossbar_wr_inst.s_ifaces[I].b_arb_inst.grant_valid_reg	axi_crossbar_inst.axi_crossbar_wr_inst.s_ifaces[6].b_arb_inst.grant_valid_reg$_SDFFE_PP0P_/Q	axi_crossbar_inst.axi_crossbar_wr_inst.s_ifaces[6].b_arb_inst.grant_valid_reg$_SDFFE_PP0P_/D
712	0.3738	axi_crossbar_inst.axi_crossbar_rd_inst.s_ifaces[I].reg_inst.genblkJ.m_axi_rready_reg	axi_crossbar_inst.axi_crossbar_rd_inst.s_ifaces[I].addr_inst.s_cpl_valid_reg	axi_crossbar_inst.axi_crossbar_rd_inst.s_ifaces[1].reg_inst.genblk2.m_axi_rready_reg$_SDFF_PP0_/Q	axi_crossbar_inst.axi_crossbar_rd_inst.s_ifaces[1].addr_inst.s_cpl_valid_reg$_DFF_P_/D
713	0.3763	axi_crossbar_inst.axi_crossbar_wr_inst.m_ifaces[I].reg_inst.genblkJ.s_axi_wready_reg	axi_crossbar_inst.axi_crossbar_wr_inst.m_ifaces[I].w_select_valid_reg	axi_crossbar_inst.axi_crossbar_wr_inst.m_ifaces[3].reg_inst.genblk2.s_axi_wready_reg$_SDFF_PP0_/Q	axi_crossbar_inst.axi_crossbar_wr_inst.m_ifaces[3].w_select_valid_reg$_SDFF_PP0_/D
714	0.3776	axi_crossbar_inst.axi_crossbar_rd_inst.s_ifaces[I].decerr_m_axi_rvalid_reg	axi_crossbar_inst.axi_crossbar_rd_inst.s_ifaces[I].addr_inst.m_rc_valid_reg	axi_crossbar_inst.axi_crossbar_rd_inst.s_ifaces[5].decerr_m_axi_rvalid_reg$_SDFF_PP0_/Q	axi_crossbar_inst.axi_crossbar_rd_inst.s_ifaces[5].addr_inst.m_rc_valid_reg$_SDFF_PP0_/D
715	0.3781	axi_crossbar_inst.axi_crossbar_wr_inst.m_ifaces[I].reg_inst.genblkJ.genblkK.s_axi_awready_reg	axi_crossbar_inst.axi_crossbar_wr_inst.m_ifaces[I].reg_inst.genblkJ.genblkK.s_axi_awready_reg	axi_crossbar_inst.axi_crossbar_wr_inst.m_ifaces[5].reg_inst.genblk1.genblk1.s_axi_awready_reg$_SDFF_PP0_/Q	axi_crossbar_inst.axi_crossbar_wr_inst.m_ifaces[5].reg_inst.genblk1.genblk1.s_axi_awready_reg$_SDFF_PP0_/D
716	0.3784	axi_crossbar_inst.axi_crossbar_rd_inst.m_ifaces[I].reg_inst.genblkJ.genblkK.s_axi_arready_reg	axi_crossbar_inst.axi_crossbar_rd_inst.m_ifaces[I].reg_inst.genblkJ.genblkK.s_axi_arready_reg	axi_crossbar_inst.axi_crossbar_rd_inst.m_ifaces[6].reg_inst.genblk1.genblk1.s_axi_arready_reg$_SDFF_PP0_/Q	axi_crossbar_inst.axi_crossbar_rd_inst.m_ifaces[6].reg_inst.genblk1.genblk1.s_axi_arready_reg$_SDFF_PP0_/D
717	0.3799	axi_crossbar_inst.axi_crossbar_rd_inst.s_ifaces[I].addr_inst.trans_count_reg[J]	axi_crossbar_inst.axi_crossbar_rd_inst.s_ifaces[I].addr_inst.m_axi_avalid_reg	axi_crossbar_inst.axi_crossbar_rd_inst.s_ifaces[3].addr_inst.trans_count_reg[4]$_SDFFE_PP0P_/Q	axi_crossbar_inst.axi_crossbar_rd_inst.s_ifaces[3].addr_inst.m_axi_avalid_reg$_SDFF_PP0_/D
718	0.3802	axi_crossbar_inst.axi_crossbar_rd_inst.s_ifaces[I].r_arb_inst.grant_valid_reg	axi_crossbar_inst.axi_crossbar_rd_inst.s_ifaces[I].decerr_m_axi_rvalid_reg	axi_crossbar_inst.axi_crossbar_rd_inst.s_ifaces[6].r_arb_inst.grant_valid_reg$_SDFFE_PP0P_/Q	axi_crossbar_inst.axi_crossbar_rd_inst.s_ifaces[6].decerr_m_axi_rvalid_reg$_SDFF_PP0_/D
719	0.3804	axi_crossbar_inst.axi_crossbar_rd_inst.m_ifaces[I].trans_count_reg[J]	axi_crossbar_inst.axi_crossbar_rd_inst.m_ifaces[I].trans_count_reg[J]	axi_crossbar_inst.axi_crossbar_rd_inst.m_ifaces[2].trans_count_reg[0]$_SDFFE_PP0P_/QN	axi_crossbar_inst.axi_crossbar_rd_inst.m_ifaces[2].trans_count_reg[2]$_SDFFE_PP0P_/D
720	0.3805	axi_crossbar_inst.axi_crossbar_wr_inst.m_ifaces[I].trans_count_reg[J]	axi_crossbar_inst.axi_crossbar_wr_inst.m_ifaces[I].trans_count_reg[J]	axi_crossbar_inst.axi_crossbar_wr_inst.m_ifaces[5].trans_count_reg[0]$_SDFFE_PP0P_/QN	axi_crossbar_inst.axi_crossbar_wr_inst.m_ifaces[5].trans_count_reg[2]$_SDFFE_PP0P_/D
721	0.3809	axi_crossbar_inst.axi_crossbar_rd_inst.s_ifaces[I].addr_inst.s_cpl_valid_reg	axi_crossbar_inst.axi_crossbar_rd_inst.s_ifaces[I].addr_inst.m_rc_valid_reg	axi_crossbar_inst.axi_crossbar_rd_inst.s_ifaces[2].addr_inst.s_cpl_valid_reg$_DFF_P_/QN	axi_crossbar_inst.axi_crossbar_rd_inst.s_ifaces[2].addr_inst.m_rc_valid_reg$_SDFF_PP0_/D
722	0.3821	axi_crossbar_inst.axi_crossbar_wr_inst.m_ifaces[I].trans_count_reg[J]	axi_crossbar_inst.axi_crossbar_wr_inst.m_ifaces[I].a_arb_inst.grant_valid_reg	axi_crossbar_inst.axi_crossbar_wr_inst.m_ifaces[5].trans_count_reg[2]$_SDFFE_PP0P_/Q	axi_crossbar_inst.axi_crossbar_wr_inst.m_ifaces[5].a_arb_inst.grant_valid_reg$_SDFFE_PP0P_/D
723	0.3834	axi_crossbar_inst.axi_crossbar_wr_inst.s_ifaces[I].addr_inst.trans_count_reg[J]	axi_crossbar_inst.axi_crossbar_wr_inst.s_ifaces[I].addr_inst.m_rc_valid_reg	axi_crossbar_inst.axi_crossbar_wr_inst.s_ifaces[2].addr_inst.trans_count_reg[4]$_SDFFE_PP0P_/Q	axi_crossbar_inst.axi_crossbar_wr_inst.s_ifaces[2].addr_inst.m_rc_valid_reg$_SDFF_PP0_/D
724	0.3847	axi_crossbar_inst.axi_crossbar_rd_inst.s_ifaces[I].addr_inst.m_axi_avalid_reg	axi_crossbar_inst.axi_crossbar_rd_inst.s_ifaces[I].addr_inst.state_reg[J]	axi_crossbar_inst.axi_crossbar_rd_inst.s_ifaces[4].addr_inst.m_axi_avalid_reg$_SDFF_PP0_/Q	axi_crossbar_inst.axi_crossbar_rd_inst.s_ifaces[4].addr_inst.state_reg[1]$_SDFF_PP0_/D
725	0.3848	axi_crossbar_inst.axi_crossbar_wr_inst.s_ifaces[I].addr_inst.state_reg[J]	axi_crossbar_inst.axi_crossbar_wr_inst.s_ifaces[I].addr_inst.m_decerr_reg	axi_crossbar_inst.axi_crossbar_wr_inst.s_ifaces[0].addr_inst.state_reg[1]$_SDFF_PP0_/QN	axi_crossbar_inst.axi_crossbar_wr_inst.s_ifaces[0].addr_inst.m_decerr_reg$_DFFE_PP_/D
726	0.3848	axi_crossbar_inst.axi_crossbar_rd_inst.s_ifaces[I].addr_inst.state_reg[J]	axi_crossbar_inst.axi_crossbar_rd_inst.s_ifaces[I].addr_inst.m_decerr_reg	axi_crossbar_inst.axi_crossbar_rd_inst.s_ifaces[2].addr_inst.state_reg[1]$_SDFF_PP0_/QN	axi_crossbar_inst.axi_crossbar_rd_inst.s_ifaces[2].addr_inst.m_decerr_reg$_DFFE_PP_/D
727	0.3859	axi_crossbar_inst.axi_crossbar_wr_inst.m_ifaces[I].reg_inst.genblkJ.genblkK.s_axi_awready_reg	axi_crossbar_inst.axi_crossbar_wr_inst.m_ifaces[I].reg_inst.genblkJ.genblkK.m_axi_awlen_reg[L]	axi_crossbar_inst.axi_crossbar_wr_inst.m_ifaces[2].reg_inst.genblk1.genblk1.s_axi_awready_reg$_SDFF_PP0_/Q	axi_crossbar_inst.axi_crossbar_wr_inst.m_ifaces[2].reg_inst.genblk1.genblk1.m_axi_awlen_reg[0]$_DFFE_PP_/D
728	0.3860	axi_crossbar_inst.axi_crossbar_rd_inst.s_ifaces[I].addr_inst.state_reg[J]	axi_crossbar_inst.axi_crossbar_rd_inst.s_ifaces[I].addr_inst.state_reg[J]	axi_crossbar_inst.axi_crossbar_rd_inst.s_ifaces[6].addr_inst.state_reg[0]$_SDFF_PP0_/Q	axi_crossbar_inst.axi_crossbar_rd_inst.s_ifaces[6].addr_inst.state_reg[1]$_SDFF_PP0_/D
729	0.3861	axi_crossbar_inst.axi_crossbar_rd_inst.m_ifaces[I].trans_count_reg[J]	axi_crossbar_inst.axi_crossbar_rd_inst.m_ifaces[I].a_arb_inst.grant_valid_reg	axi_crossbar_inst.axi_crossbar_rd_inst.m_ifaces[5].trans_count_reg[2]$_SDFFE_PP0P_/Q	axi_crossbar_inst.axi_crossbar_rd_inst.m_ifaces[5].a_arb_inst.grant_valid_reg$_SDFFE_PP0P_/D
730	0.3887	axi_crossbar_inst.axi_crossbar_rd_inst.s_ifaces[I].addr_inst.m_axi_avalid_reg	axi_crossbar_inst.axi_crossbar_rd_inst.s_ifaces[I].addr_inst.m_axi_avalid_reg	axi_crossbar_inst.axi_crossbar_rd_inst.s_ifaces[4].addr_inst.m_axi_avalid_reg$_SDFF_PP0_/Q	axi_crossbar_inst.axi_crossbar_rd_inst.s_ifaces[4].addr_inst.m_axi_avalid_reg$_SDFF_PP0_/D
731	0.3889	axi_crossbar_inst.axi_crossbar_rd_inst.m_ifaces[I].reg_inst.genblkJ.genblkK.s_axi_arready_reg	axi_crossbar_inst.axi_crossbar_rd_inst.m_ifaces[I].reg_inst.genblkJ.genblkK.m_axi_arid_reg[L]	axi_crossbar_inst.axi_crossbar_rd_inst.m_ifaces[6].reg_inst.genblk1.genblk1.s_axi_arready_reg$_SDFF_PP0_/Q	axi_crossbar_inst.axi_crossbar_rd_inst.m_ifaces[6].reg_inst.genblk1.genblk1.m_axi_arid_reg[9]$_DFFE_PP_/D
732	0.3902	axi_crossbar_inst.axi_crossbar_rd_inst.s_ifaces[I].decerr_m_axi_rvalid_reg	axi_crossbar_inst.axi_crossbar_rd_inst.s_ifaces[I].decerr_m_axi_rvalid_reg	axi_crossbar_inst.axi_crossbar_rd_inst.s_ifaces[5].decerr_m_axi_rvalid_reg$_SDFF_PP0_/Q	axi_crossbar_inst.axi_crossbar_rd_inst.s_ifaces[5].decerr_m_axi_rvalid_reg$_SDFF_PP0_/D
733	0.3921	axi_crossbar_inst.axi_crossbar_wr_inst.s_ifaces[I].addr_inst.state_reg[J]	axi_crossbar_inst.axi_crossbar_wr_inst.s_ifaces[I].addr_inst.m_axi_avalid_reg	axi_crossbar_inst.axi_crossbar_wr_inst.s_ifaces[2].addr_inst.state_reg[0]$_SDFF_PP0_/Q	axi_crossbar_inst.axi_crossbar_wr_inst.s_ifaces[2].addr_inst.m_axi_avalid_reg$_SDFF_PP0_/D
734	0.3938	axi_crossbar_inst.axi_crossbar_wr_inst.s_ifaces[I].addr_inst.state_reg[J]	axi_crossbar_inst.axi_crossbar_wr_inst.s_ifaces[I].addr_inst.state_reg[J]	axi_crossbar_inst.axi_crossbar_wr_inst.s_ifaces[0].addr_inst.state_reg[0]$_SDFF_PP0_/Q	axi_crossbar_inst.axi_crossbar_wr_inst.s_ifaces[0].addr_inst.state_reg[1]$_SDFF_PP0_/D
735	0.3964	axi_crossbar_inst.axi_crossbar_rd_inst.s_ifaces[I].decerr_m_axi_rid_reg[J]	axi_crossbar_inst.axi_crossbar_rd_inst.s_ifaces[I].reg_inst.genblkJ.s_axi_rid_reg[K]	axi_crossbar_inst.axi_crossbar_rd_inst.s_ifaces[4].decerr_m_axi_rid_reg[7]$_DFFE_PP_/Q	axi_crossbar_inst.axi_crossbar_rd_inst.s_ifaces[4].reg_inst.genblk2.s_axi_rid_reg[7]$_DFFE_PP_/D
736	0.3964	axi_crossbar_inst.axi_crossbar_wr_inst.s_ifaces[I].addr_inst.state_reg[J]	axi_crossbar_inst.axi_crossbar_wr_inst.s_ifaces[I].addr_inst.m_rc_valid_reg	axi_crossbar_inst.axi_crossbar_wr_inst.s_ifaces[2].addr_inst.state_reg[0]$_SDFF_PP0_/Q	axi_crossbar_inst.axi_crossbar_wr_inst.s_ifaces[2].addr_inst.m_rc_valid_reg$_SDFF_PP0_/D
737	0.3965	axi_crossbar_inst.axi_crossbar_wr_inst.s_ifaces[I].reg_inst.genblkJ.genblkK.m_axi_bready_reg	axi_crossbar_inst.axi_crossbar_wr_inst.s_ifaces[I].reg_inst.genblkJ.genblkK.s_axi_bid_reg[L]	axi_crossbar_inst.axi_crossbar_wr_inst.s_ifaces[4].reg_inst.genblk3.genblk1.m_axi_bready_reg$_SDFF_PP0_/Q	axi_crossbar_inst.axi_crossbar_wr_inst.s_ifaces[4].reg_inst.genblk3.genblk1.s_axi_bid_reg[0]$_DFFE_PP_/D
738	0.3970	axi_crossbar_inst.axi_crossbar_rd_inst.s_ifaces[I].decerr_m_axi_rvalid_reg	axi_crossbar_inst.axi_crossbar_rd_inst.s_ifaces[I].addr_inst.s_axi_aready_reg	axi_crossbar_inst.axi_crossbar_rd_inst.s_ifaces[2].decerr_m_axi_rvalid_reg$_SDFF_PP0_/Q	axi_crossbar_inst.axi_crossbar_rd_inst.s_ifaces[2].addr_inst.s_axi_aready_reg$_SDFF_PP0_/D
739	0.3976	axi_crossbar_inst.axi_crossbar_wr_inst.m_ifaces[I].w_select_new_reg	axi_crossbar_inst.axi_crossbar_wr_inst.m_ifaces[I].w_select_valid_reg	axi_crossbar_inst.axi_crossbar_wr_inst.m_ifaces[4].w_select_new_reg$_SDFF_PP1_/Q	axi_crossbar_inst.axi_crossbar_wr_inst.m_ifaces[4].w_select_valid_reg$_SDFF_PP0_/D
740	0.3981	axi_crossbar_inst.axi_crossbar_wr_inst.s_ifaces[I].addr_inst.trans_count_reg[J]	axi_crossbar_inst.axi_crossbar_wr_inst.s_ifaces[I].addr_inst.m_axi_avalid_reg	axi_crossbar_inst.axi_crossbar_wr_inst.s_ifaces[2].addr_inst.trans_count_reg[4]$_SDFFE_PP0P_/Q	axi_crossbar_inst.axi_crossbar_wr_inst.s_ifaces[2].addr_inst.m_axi_avalid_reg$_SDFF_PP0_/D
741	0.4000	axi_crossbar_inst.axi_crossbar_wr_inst.s_ifaces[I].addr_inst.trans_count_reg[J]	axi_crossbar_inst.axi_crossbar_wr_inst.s_ifaces[I].addr_inst.m_wc_valid_reg	axi_crossbar_inst.axi_crossbar_wr_inst.s_ifaces[2].addr_inst.trans_count_reg[4]$_SDFFE_PP0P_/Q	axi_crossbar_inst.axi_crossbar_wr_inst.s_ifaces[2].addr_inst.m_wc_valid_reg$_SDFF_PP0_/D
742	0.4005	axi_crossbar_inst.axi_crossbar_wr_inst.s_ifaces[I].reg_inst.genblkJ.genblkK.m_axi_bready_reg	axi_crossbar_inst.axi_crossbar_wr_inst.s_ifaces[I].reg_inst.genblkJ.genblkK.s_axi_bresp_reg[L]	axi_crossbar_inst.axi_crossbar_wr_inst.s_ifaces[6].reg_inst.genblk3.genblk1.m_axi_bready_reg$_SDFF_PP0_/Q	axi_crossbar_inst.axi_crossbar_wr_inst.s_ifaces[6].reg_inst.genblk3.genblk1.s_axi_bresp_reg[0]$_DFFE_PP_/D
743	0.4005	axi_crossbar_inst.axi_crossbar_wr_inst.m_ifaces[I].reg_inst.genblkJ.s_axi_wready_reg	axi_crossbar_inst.axi_crossbar_wr_inst.m_ifaces[I].reg_inst.genblkJ.temp_m_axi_wlast_reg	axi_crossbar_inst.axi_crossbar_wr_inst.m_ifaces[3].reg_inst.genblk2.s_axi_wready_reg$_SDFF_PP0_/Q	axi_crossbar_inst.axi_crossbar_wr_inst.m_ifaces[3].reg_inst.genblk2.temp_m_axi_wlast_reg$_DFFE_PP_/D
744	0.4005	axi_crossbar_inst.axi_crossbar_wr_inst.m_ifaces[I].reg_inst.genblkJ.m_axi_wvalid_reg	axi_crossbar_inst.axi_crossbar_wr_inst.m_ifaces[I].reg_inst.genblkJ.m_axi_wlast_reg	axi_crossbar_inst.axi_crossbar_wr_inst.m_ifaces[5].reg_inst.genblk2.m_axi_wvalid_reg$_SDFFE_PP0P_/QN	axi_crossbar_inst.axi_crossbar_wr_inst.m_ifaces[5].reg_inst.genblk2.m_axi_wlast_reg$_DFFE_PP_/D
745	0.4014	axi_crossbar_inst.axi_crossbar_wr_inst.m_ifaces[I].reg_inst.genblkJ.genblkK.s_axi_awready_reg	axi_crossbar_inst.axi_crossbar_wr_inst.m_ifaces[I].reg_inst.genblkJ.genblkK.m_axi_awlock_reg	axi_crossbar_inst.axi_crossbar_wr_inst.m_ifaces[2].reg_inst.genblk1.genblk1.s_axi_awready_reg$_SDFF_PP0_/Q	axi_crossbar_inst.axi_crossbar_wr_inst.m_ifaces[2].reg_inst.genblk1.genblk1.m_axi_awlock_reg$_DFFE_PP_/D
746	0.4021	axi_crossbar_inst.axi_crossbar_rd_inst.m_ifaces[I].reg_inst.genblkJ.genblkK.s_axi_arready_reg	axi_crossbar_inst.axi_crossbar_rd_inst.m_ifaces[I].reg_inst.genblkJ.genblkK.m_axi_arlock_reg	axi_crossbar_inst.axi_crossbar_rd_inst.m_ifaces[4].reg_inst.genblk1.genblk1.s_axi_arready_reg$_SDFF_PP0_/Q	axi_crossbar_inst.axi_crossbar_rd_inst.m_ifaces[4].reg_inst.genblk1.genblk1.m_axi_arlock_reg$_DFFE_PP_/D
747	0.4023	axi_crossbar_inst.axi_crossbar_wr_inst.s_ifaces[I].addr_inst.m_axi_avalid_reg	axi_crossbar_inst.axi_crossbar_wr_inst.s_ifaces[I].addr_inst.m_axi_avalid_reg	axi_crossbar_inst.axi_crossbar_wr_inst.s_ifaces[4].addr_inst.m_axi_avalid_reg$_SDFF_PP0_/Q	axi_crossbar_inst.axi_crossbar_wr_inst.s_ifaces[4].addr_inst.m_axi_avalid_reg$_SDFF_PP0_/D
748	0.4028	axi_crossbar_inst.axi_crossbar_wr_inst.m_ifaces[I].a_arb_inst.grant_valid_reg	axi_crossbar_inst.axi_crossbar_wr_inst.m_ifaces[I].reg_inst.genblkJ.genblkK.m_axi_awvalid_reg	axi_crossbar_inst.axi_crossbar_wr_inst.m_ifaces[1].a_arb_inst.grant_valid_reg$_SDFFE_PP0P_/Q	axi_crossbar_inst.axi_crossbar_wr_inst.m_ifaces[1].reg_inst.genblk1.genblk1.m_axi_awvalid_reg$_SDFF_PP0_/D
749	0.4042	axi_crossbar_inst.axi_crossbar_wr_inst.s_ifaces[I].addr_inst.state_reg[J]	axi_crossbar_inst.axi_crossbar_wr_inst.s_ifaces[I].addr_inst.s_axi_aid_reg[J]	axi_crossbar_inst.axi_crossbar_wr_inst.s_ifaces[0].addr_inst.state_reg[1]$_SDFF_PP0_/QN	axi_crossbar_inst.axi_crossbar_wr_inst.s_ifaces[0].addr_inst.s_axi_aid_reg[0]$_DFFE_PP_/D
750	0.4043	axi_crossbar_inst.axi_crossbar_rd_inst.s_ifaces[I].addr_inst.state_reg[J]	axi_crossbar_inst.axi_crossbar_rd_inst.s_ifaces[I].addr_inst.s_axi_aid_reg[J]	axi_crossbar_inst.axi_crossbar_rd_inst.s_ifaces[0].addr_inst.state_reg[1]$_SDFF_PP0_/QN	axi_crossbar_inst.axi_crossbar_rd_inst.s_ifaces[0].addr_inst.s_axi_aid_reg[0]$_DFFE_PP_/D
751	0.4052	axi_crossbar_inst.axi_crossbar_rd_inst.s_ifaces[I].addr_inst.s_axi_aready_reg	axi_crossbar_inst.axi_crossbar_rd_inst.s_ifaces[I].addr_inst.thread_m_reg[J][K]	axi_crossbar_inst.axi_crossbar_rd_inst.s_ifaces[6].addr_inst.s_axi_aready_reg$_SDFF_PP0_/QN	axi_crossbar_inst.axi_crossbar_rd_inst.s_ifaces[6].addr_inst.thread_m_reg[0][2]$_DFFE_PP_/D
752	0.4052	axi_crossbar_inst.axi_crossbar_wr_inst.s_ifaces[I].addr_inst.s_axi_aready_reg	axi_crossbar_inst.axi_crossbar_wr_inst.s_ifaces[I].addr_inst.thread_m_reg[J][K]	axi_crossbar_inst.axi_crossbar_wr_inst.s_ifaces[0].addr_inst.s_axi_aready_reg$_SDFF_PP0_/QN	axi_crossbar_inst.axi_crossbar_wr_inst.s_ifaces[0].addr_inst.thread_m_reg[0][1]$_DFFE_PP_/D
753	0.4065	axi_crossbar_inst.axi_crossbar_rd_inst.s_ifaces[I].reg_inst.genblkJ.s_axi_rvalid_reg	axi_crossbar_inst.axi_crossbar_rd_inst.s_ifaces[I].reg_inst.genblkJ.temp_s_axi_rvalid_reg	axi_crossbar_inst.axi_crossbar_rd_inst.s_ifaces[2].reg_inst.genblk2.s_axi_rvalid_reg$_SDFFE_PP0P_/QN	axi_crossbar_inst.axi_crossbar_rd_inst.s_ifaces[2].reg_inst.genblk2.temp_s_axi_rvalid_reg$_SDFFE_PP0P_/D
754	0.4072	axi_crossbar_inst.axi_crossbar_wr_inst.s_ifaces[I].addr_inst.m_select_reg[J]	axi_crossbar_inst.axi_crossbar_wr_inst.s_ifaces[I].addr_inst.m_select_reg[J]	axi_crossbar_inst.axi_crossbar_wr_inst.s_ifaces[1].addr_inst.m_select_reg[0]$_DFF_P_/Q	axi_crossbar_inst.axi_crossbar_wr_inst.s_ifaces[1].addr_inst.m_select_reg[0]$_DFF_P_/D
755	0.4073	axi_crossbar_inst.axi_crossbar_wr_inst.m_ifaces[I].a_arb_inst.grant_valid_reg	axi_crossbar_inst.axi_crossbar_wr_inst.m_ifaces[I].w_select_reg[J]	axi_crossbar_inst.axi_crossbar_wr_inst.m_ifaces[5].a_arb_inst.grant_valid_reg$_SDFFE_PP0P_/Q	axi_crossbar_inst.axi_crossbar_wr_inst.m_ifaces[5].w_select_reg[2]$_DFFE_PP_/D
756	0.4080	axi_crossbar_inst.axi_crossbar_rd_inst.s_ifaces[I].addr_inst.m_select_reg[J]	axi_crossbar_inst.axi_crossbar_rd_inst.s_ifaces[I].addr_inst.m_select_reg[J]	axi_crossbar_inst.axi_crossbar_rd_inst.s_ifaces[3].addr_inst.m_select_reg[0]$_DFF_P_/Q	axi_crossbar_inst.axi_crossbar_rd_inst.s_ifaces[3].addr_inst.m_select_reg[0]$_DFF_P_/D
757	0.4120	axi_crossbar_inst.axi_crossbar_wr_inst.s_ifaces[I].w_select_valid_reg	axi_crossbar_inst.axi_crossbar_wr_inst.s_ifaces[I].addr_inst.state_reg[J]	axi_crossbar_inst.axi_crossbar_wr_inst.s_ifaces[7].w_select_valid_reg$_SDFF_PP0_/Q	axi_crossbar_inst.axi_crossbar_wr_inst.s_ifaces[7].addr_inst.state_reg[1]$_SDFF_PP0_/D
758	0.4139	axi_crossbar_inst.axi_crossbar_rd_inst.s_ifaces[I].addr_inst.m_axi_avalid_reg	axi_crossbar_inst.axi_crossbar_rd_inst.s_ifaces[I].addr_inst.s_axi_aready_reg	axi_crossbar_inst.axi_crossbar_rd_inst.s_ifaces[7].addr_inst.m_axi_avalid_reg$_SDFF_PP0_/Q	axi_crossbar_inst.axi_crossbar_rd_inst.s_ifaces[7].addr_inst.s_axi_aready_reg$_SDFF_PP0_/D
759	0.4141	axi_crossbar_inst.axi_crossbar_wr_inst.s_ifaces[I].addr_inst.m_select_reg[J]	axi_crossbar_inst.axi_crossbar_wr_inst.s_ifaces[I].w_select_reg[J]	axi_crossbar_inst.axi_crossbar_wr_inst.s_ifaces[1].addr_inst.m_select_reg[0]$_DFF_P_/Q	axi_crossbar_inst.axi_crossbar_wr_inst.s_ifaces[1].w_select_reg[0]$_DFFE_PP_/D
760	0.4144	axi_crossbar_inst.axi_crossbar_rd_inst.s_ifaces[I].decerr_m_axi_rlast_reg	axi_crossbar_inst.axi_crossbar_rd_inst.s_ifaces[I].reg_inst.genblkJ.temp_s_axi_rlast_reg	axi_crossbar_inst.axi_crossbar_rd_inst.s_ifaces[4].decerr_m_axi_rlast_reg$_DFFE_PP_/Q	axi_crossbar_inst.axi_crossbar_rd_inst.s_ifaces[4].reg_inst.genblk2.temp_s_axi_rlast_reg$_DFFE_PP_/D
761	0.4156	axi_crossbar_inst.axi_crossbar_wr_inst.m_ifaces[I].a_arb_inst.grant_valid_reg	axi_crossbar_inst.axi_crossbar_wr_inst.m_ifaces[I].w_select_new_reg	axi_crossbar_inst.axi_crossbar_wr_inst.m_ifaces[5].a_arb_inst.grant_valid_reg$_SDFFE_PP0P_/Q	axi_crossbar_inst.axi_crossbar_wr_inst.m_ifaces[5].w_select_new_reg$_SDFF_PP1_/D
762	0.4163	axi_crossbar_inst.axi_crossbar_wr_inst.m_ifaces[I].reg_inst.genblkJ.m_axi_wvalid_reg	axi_crossbar_inst.axi_crossbar_wr_inst.m_ifaces[I].reg_inst.genblkJ.m_axi_wvalid_reg	axi_crossbar_inst.axi_crossbar_wr_inst.m_ifaces[1].reg_inst.genblk2.m_axi_wvalid_reg$_SDFFE_PP0P_/QN	axi_crossbar_inst.axi_crossbar_wr_inst.m_ifaces[1].reg_inst.genblk2.m_axi_wvalid_reg$_SDFFE_PP0P_/D
763	0.4166	axi_crossbar_inst.axi_crossbar_rd_inst.s_ifaces[I].addr_inst.state_reg[J]	axi_crossbar_inst.axi_crossbar_rd_inst.s_ifaces[I].addr_inst.m_select_reg[J]	axi_crossbar_inst.axi_crossbar_rd_inst.s_ifaces[6].addr_inst.state_reg[1]$_SDFF_PP0_/QN	axi_crossbar_inst.axi_crossbar_rd_inst.s_ifaces[6].addr_inst.m_select_reg[2]$_DFF_P_/D
764	0.4166	axi_crossbar_inst.axi_crossbar_wr_inst.s_ifaces[I].addr_inst.state_reg[J]	axi_crossbar_inst.axi_crossbar_wr_inst.s_ifaces[I].addr_inst.m_select_reg[J]	axi_crossbar_inst.axi_crossbar_wr_inst.s_ifaces[0].addr_inst.state_reg[1]$_SDFF_PP0_/QN	axi_crossbar_inst.axi_crossbar_wr_inst.s_ifaces[0].addr_inst.m_select_reg[1]$_DFF_P_/D
765	0.4174	axi_crossbar_inst.axi_crossbar_wr_inst.m_ifaces[I].a_arb_inst.grant_valid_reg	axi_crossbar_inst.axi_crossbar_wr_inst.m_ifaces[I].reg_inst.genblkJ.genblkK.s_axi_awready_reg	axi_crossbar_inst.axi_crossbar_wr_inst.m_ifaces[1].a_arb_inst.grant_valid_reg$_SDFFE_PP0P_/Q	axi_crossbar_inst.axi_crossbar_wr_inst.m_ifaces[1].reg_inst.genblk1.genblk1.s_axi_awready_reg$_SDFF_PP0_/D
766	0.4180	axi_crossbar_inst.axi_crossbar_rd_inst.s_ifaces[I].addr_inst.s_cpl_valid_reg	axi_crossbar_inst.axi_crossbar_rd_inst.s_ifaces[I].addr_inst.state_reg[J]	axi_crossbar_inst.axi_crossbar_rd_inst.s_ifaces[2].addr_inst.s_cpl_valid_reg$_DFF_P_/QN	axi_crossbar_inst.axi_crossbar_rd_inst.s_ifaces[2].addr_inst.state_reg[1]$_SDFF_PP0_/D
767	0.4201	axi_crossbar_inst.axi_crossbar_wr_inst.s_ifaces[I].w_select_valid_reg	axi_crossbar_inst.axi_crossbar_wr_inst.s_ifaces[I].addr_inst.s_axi_aready_reg	axi_crossbar_inst.axi_crossbar_wr_inst.s_ifaces[6].w_select_valid_reg$_SDFF_PP0_/Q	axi_crossbar_inst.axi_crossbar_wr_inst.s_ifaces[6].addr_inst.s_axi_aready_reg$_SDFF_PP0_/D
768	0.4218	axi_crossbar_inst.axi_crossbar_wr_inst.m_ifaces[I].w_select_valid_reg	axi_crossbar_inst.axi_crossbar_wr_inst.m_ifaces[I].reg_inst.genblkJ.s_axi_wready_reg	axi_crossbar_inst.axi_crossbar_wr_inst.m_ifaces[0].w_select_valid_reg$_SDFF_PP0_/Q	axi_crossbar_inst.axi_crossbar_wr_inst.m_ifaces[0].reg_inst.genblk2.s_axi_wready_reg$_SDFF_PP0_/D
769	0.4219	axi_crossbar_inst.axi_crossbar_rd_inst.s_ifaces[I].decerr_m_axi_rlast_reg	axi_crossbar_inst.axi_crossbar_rd_inst.s_ifaces[I].addr_inst.s_cpl_valid_reg	axi_crossbar_inst.axi_crossbar_rd_inst.s_ifaces[4].decerr_m_axi_rlast_reg$_DFFE_PP_/Q	axi_crossbar_inst.axi_crossbar_rd_inst.s_ifaces[4].addr_inst.s_cpl_valid_reg$_DFF_P_/D
770	0.4233	axi_crossbar_inst.axi_crossbar_rd_inst.s_ifaces[I].addr_inst.s_cpl_valid_reg	axi_crossbar_inst.axi_crossbar_rd_inst.s_ifaces[I].addr_inst.m_axi_avalid_reg	axi_crossbar_inst.axi_crossbar_rd_inst.s_ifaces[2].addr_inst.s_cpl_valid_reg$_DFF_P_/QN	axi_crossbar_inst.axi_crossbar_rd_inst.s_ifaces[2].addr_inst.m_axi_avalid_reg$_SDFF_PP0_/D
771	0.4256	axi_crossbar_inst.axi_crossbar_wr_inst.m_ifaces[I].w_select_valid_reg	axi_crossbar_inst.axi_crossbar_wr_inst.m_ifaces[I].w_select_valid_reg	axi_crossbar_inst.axi_crossbar_wr_inst.m_ifaces[4].w_select_valid_reg$_SDFF_PP0_/QN	axi_crossbar_inst.axi_crossbar_wr_inst.m_ifaces[4].w_select_valid_reg$_SDFF_PP0_/D
772	0.4263	axi_crossbar_inst.axi_crossbar_rd_inst.s_ifaces[I].r_arb_inst.grant_valid_reg	axi_crossbar_inst.axi_crossbar_rd_inst.s_ifaces[I].reg_inst.genblkJ.temp_s_axi_rvalid_reg	axi_crossbar_inst.axi_crossbar_rd_inst.s_ifaces[4].r_arb_inst.grant_valid_reg$_SDFFE_PP0P_/Q	axi_crossbar_inst.axi_crossbar_rd_inst.s_ifaces[4].reg_inst.genblk2.temp_s_axi_rvalid_reg$_SDFFE_PP0P_/D
773	0.4272	axi_crossbar_inst.axi_crossbar_wr_inst.s_ifaces[I].reg_inst.genblkJ.genblkK.m_axi_bready_reg	axi_crossbar_inst.axi_crossbar_wr_inst.s_ifaces[I].reg_inst.genblkJ.genblkK.s_axi_bvalid_reg	axi_crossbar_inst.axi_crossbar_wr_inst.s_ifaces[6].reg_inst.genblk3.genblk1.m_axi_bready_reg$_SDFF_PP0_/Q	axi_crossbar_inst.axi_crossbar_wr_inst.s_ifaces[6].reg_inst.genblk3.genblk1.s_axi_bvalid_reg$_SDFF_PP0_/D
774	0.4273	axi_crossbar_inst.axi_crossbar_rd_inst.s_ifaces[I].decerr_m_axi_rid_reg[J]	axi_crossbar_inst.axi_crossbar_rd_inst.s_ifaces[I].reg_inst.genblkJ.temp_s_axi_rid_reg[K]	axi_crossbar_inst.axi_crossbar_rd_inst.s_ifaces[4].decerr_m_axi_rid_reg[1]$_DFFE_PP_/Q	axi_crossbar_inst.axi_crossbar_rd_inst.s_ifaces[4].reg_inst.genblk2.temp_s_axi_rid_reg[1]$_DFFE_PP_/D
775	0.4297	axi_crossbar_inst.axi_crossbar_wr_inst.s_ifaces[I].addr_inst.s_axi_aready_reg	axi_crossbar_inst.axi_crossbar_wr_inst.s_ifaces[I].addr_inst.m_decerr_reg	axi_crossbar_inst.axi_crossbar_wr_inst.s_ifaces[0].addr_inst.s_axi_aready_reg$_SDFF_PP0_/QN	axi_crossbar_inst.axi_crossbar_wr_inst.s_ifaces[0].addr_inst.m_decerr_reg$_DFFE_PP_/D
776	0.4298	axi_crossbar_inst.axi_crossbar_rd_inst.s_ifaces[I].addr_inst.s_axi_aready_reg	axi_crossbar_inst.axi_crossbar_rd_inst.s_ifaces[I].addr_inst.m_decerr_reg	axi_crossbar_inst.axi_crossbar_rd_inst.s_ifaces[2].addr_inst.s_axi_aready_reg$_SDFF_PP0_/QN	axi_crossbar_inst.axi_crossbar_rd_inst.s_ifaces[2].addr_inst.m_decerr_reg$_DFFE_PP_/D
777	0.4307	axi_crossbar_inst.axi_crossbar_wr_inst.s_ifaces[I].reg_inst.genblkJ.genblkK.m_axi_bready_reg	axi_crossbar_inst.axi_crossbar_wr_inst.s_ifaces[I].decerr_m_axi_bvalid_reg	axi_crossbar_inst.axi_crossbar_wr_inst.s_ifaces[7].reg_inst.genblk3.genblk1.m_axi_bready_reg$_SDFF_PP0_/Q	axi_crossbar_inst.axi_crossbar_wr_inst.s_ifaces[7].decerr_m_axi_bvalid_reg$_SDFF_PP0_/D
778	0.4318	axi_crossbar_inst.axi_crossbar_wr_inst.s_ifaces[I].decerr_m_axi_bid_reg[J]	axi_crossbar_inst.axi_crossbar_wr_inst.s_ifaces[I].reg_inst.genblkJ.genblkK.s_axi_bid_reg[L]	axi_crossbar_inst.axi_crossbar_wr_inst.s_ifaces[2].decerr_m_axi_bid_reg[0]$_DFFE_PP_/Q	axi_crossbar_inst.axi_crossbar_wr_inst.s_ifaces[2].reg_inst.genblk3.genblk1.s_axi_bid_reg[0]$_DFFE_PP_/D
779	0.4328	axi_crossbar_inst.axi_crossbar_wr_inst.s_ifaces[I].addr_inst.s_cpl_valid_reg	axi_crossbar_inst.axi_crossbar_wr_inst.s_ifaces[I].addr_inst.state_reg[J]	axi_crossbar_inst.axi_crossbar_wr_inst.s_ifaces[0].addr_inst.s_cpl_valid_reg$_DFF_P_/QN	axi_crossbar_inst.axi_crossbar_wr_inst.s_ifaces[0].addr_inst.state_reg[1]$_SDFF_PP0_/D
780	0.4336	axi_crossbar_inst.axi_crossbar_rd_inst.m_ifaces[I].a_arb_inst.grant_valid_reg	axi_crossbar_inst.axi_crossbar_rd_inst.m_ifaces[I].reg_inst.genblkJ.genblkK.s_axi_arready_reg	axi_crossbar_inst.axi_crossbar_rd_inst.m_ifaces[1].a_arb_inst.grant_valid_reg$_SDFFE_PP0P_/Q	axi_crossbar_inst.axi_crossbar_rd_inst.m_ifaces[1].reg_inst.genblk1.genblk1.s_axi_arready_reg$_SDFF_PP0_/D
781	0.4348	axi_crossbar_inst.axi_crossbar_wr_inst.s_ifaces[I].addr_inst.state_reg[J]	axi_crossbar_inst.axi_crossbar_wr_inst.s_ifaces[I].addr_inst.m_wc_valid_reg	axi_crossbar_inst.axi_crossbar_wr_inst.s_ifaces[1].addr_inst.state_reg[0]$_SDFF_PP0_/Q	axi_crossbar_inst.axi_crossbar_wr_inst.s_ifaces[1].addr_inst.m_wc_valid_reg$_SDFF_PP0_/D
782	0.4349	axi_crossbar_inst.axi_crossbar_rd_inst.s_ifaces[I].addr_inst.m_rc_valid_reg	axi_crossbar_inst.axi_crossbar_rd_inst.s_ifaces[I].decerr_m_axi_rvalid_reg	axi_crossbar_inst.axi_crossbar_rd_inst.s_ifaces[1].addr_inst.m_rc_valid_reg$_SDFF_PP0_/Q	axi_crossbar_inst.axi_crossbar_rd_inst.s_ifaces[1].decerr_m_axi_rvalid_reg$_SDFF_PP0_/D
783	0.4362	axi_crossbar_inst.axi_crossbar_wr_inst.m_ifaces[I].reg_inst.genblkJ.m_axi_wvalid_reg	axi_crossbar_inst.axi_crossbar_wr_inst.m_ifaces[I].reg_inst.genblkJ.temp_m_axi_wlast_reg	axi_crossbar_inst.axi_crossbar_wr_inst.m_ifaces[7].reg_inst.genblk2.m_axi_wvalid_reg$_SDFFE_PP0P_/QN	axi_crossbar_inst.axi_crossbar_wr_inst.m_ifaces[7].reg_inst.genblk2.temp_m_axi_wlast_reg$_DFFE_PP_/D
784	0.4368	axi_crossbar_inst.axi_crossbar_rd_inst.s_ifaces[I].addr_inst.m_rc_valid_reg	axi_crossbar_inst.axi_crossbar_rd_inst.s_ifaces[I].decerr_m_axi_rid_reg[J]	axi_crossbar_inst.axi_crossbar_rd_inst.s_ifaces[0].addr_inst.m_rc_valid_reg$_SDFF_PP0_/Q	axi_crossbar_inst.axi_crossbar_rd_inst.s_ifaces[0].decerr_m_axi_rid_reg[0]$_DFFE_PP_/D
785	0.4369	axi_crossbar_inst.axi_crossbar_wr_inst.s_ifaces[I].addr_inst.m_rc_valid_reg	axi_crossbar_inst.axi_crossbar_wr_inst.s_ifaces[I].decerr_m_axi_bid_reg[J]	axi_crossbar_inst.axi_crossbar_wr_inst.s_ifaces[3].addr_inst.m_rc_valid_reg$_SDFF_PP0_/Q	axi_crossbar_inst.axi_crossbar_wr_inst.s_ifaces[3].decerr_m_axi_bid_reg[0]$_DFFE_PP_/D
786	0.4374	axi_crossbar_inst.axi_crossbar_wr_inst.s_ifaces[I].addr_inst.s_cpl_valid_reg	axi_crossbar_inst.axi_crossbar_wr_inst.s_ifaces[I].addr_inst.m_axi_avalid_reg	axi_crossbar_inst.axi_crossbar_wr_inst.s_ifaces[0].addr_inst.s_cpl_valid_reg$_DFF_P_/QN	axi_crossbar_inst.axi_crossbar_wr_inst.s_ifaces[0].addr_inst.m_axi_avalid_reg$_SDFF_PP0_/D
787	0.4376	axi_crossbar_inst.axi_crossbar_wr_inst.m_ifaces[I].reg_inst.genblkJ.m_axi_wvalid_reg	axi_crossbar_inst.axi_crossbar_wr_inst.m_ifaces[I].reg_inst.genblkJ.temp_m_axi_wvalid_reg	axi_crossbar_inst.axi_crossbar_wr_inst.m_ifaces[7].reg_inst.genblk2.m_axi_wvalid_reg$_SDFFE_PP0P_/QN	axi_crossbar_inst.axi_crossbar_wr_inst.m_ifaces[7].reg_inst.genblk2.temp_m_axi_wvalid_reg$_SDFFE_PP0P_/D
788	0.4380	axi_crossbar_inst.axi_crossbar_wr_inst.s_ifaces[I].addr_inst.m_rc_valid_reg	axi_crossbar_inst.axi_crossbar_wr_inst.s_ifaces[I].addr_inst.state_reg[J]	axi_crossbar_inst.axi_crossbar_wr_inst.s_ifaces[7].addr_inst.m_rc_valid_reg$_SDFF_PP0_/Q	axi_crossbar_inst.axi_crossbar_wr_inst.s_ifaces[7].addr_inst.state_reg[1]$_SDFF_PP0_/D
789	0.4386	axi_crossbar_inst.axi_crossbar_rd_inst.m_ifaces[I].a_arb_inst.grant_valid_reg	axi_crossbar_inst.axi_crossbar_rd_inst.m_ifaces[I].reg_inst.genblkJ.genblkK.m_axi_arvalid_reg	axi_crossbar_inst.axi_crossbar_rd_inst.m_ifaces[4].a_arb_inst.grant_valid_reg$_SDFFE_PP0P_/Q	axi_crossbar_inst.axi_crossbar_rd_inst.m_ifaces[4].reg_inst.genblk1.genblk1.m_axi_arvalid_reg$_SDFF_PP0_/D
790	0.4387	axi_crossbar_inst.axi_crossbar_wr_inst.s_ifaces[I].decerr_m_axi_bvalid_reg	axi_crossbar_inst.axi_crossbar_wr_inst.s_ifaces[I].addr_inst.state_reg[J]	axi_crossbar_inst.axi_crossbar_wr_inst.s_ifaces[7].decerr_m_axi_bvalid_reg$_SDFF_PP0_/Q	axi_crossbar_inst.axi_crossbar_wr_inst.s_ifaces[7].addr_inst.state_reg[1]$_SDFF_PP0_/D
791	0.4389	axi_crossbar_inst.axi_crossbar_wr_inst.s_ifaces[I].addr_inst.m_rc_valid_reg	axi_crossbar_inst.axi_crossbar_wr_inst.s_ifaces[I].decerr_m_axi_bvalid_reg	axi_crossbar_inst.axi_crossbar_wr_inst.s_ifaces[1].addr_inst.m_rc_valid_reg$_SDFF_PP0_/Q	axi_crossbar_inst.axi_crossbar_wr_inst.s_ifaces[1].decerr_m_axi_bvalid_reg$_SDFF_PP0_/D
792	0.4389	axi_crossbar_inst.axi_crossbar_wr_inst.s_ifaces[I].decerr_m_axi_bvalid_reg	axi_crossbar_inst.axi_crossbar_wr_inst.s_ifaces[I].decerr_m_axi_bvalid_reg	axi_crossbar_inst.axi_crossbar_wr_inst.s_ifaces[7].decerr_m_axi_bvalid_reg$_SDFF_PP0_/Q	axi_crossbar_inst.axi_crossbar_wr_inst.s_ifaces[7].decerr_m_axi_bvalid_reg$_SDFF_PP0_/D
793	0.4401	axi_crossbar_inst.axi_crossbar_wr_inst.s_ifaces[I].w_drop_reg	axi_crossbar_inst.axi_crossbar_wr_inst.s_ifaces[I].w_drop_reg	axi_crossbar_inst.axi_crossbar_wr_inst.s_ifaces[7].w_drop_reg$_DFF_P_/Q	axi_crossbar_inst.axi_crossbar_wr_inst.s_ifaces[7].w_drop_reg$_DFF_P_/D
794	0.4408	axi_crossbar_inst.axi_crossbar_wr_inst.s_ifaces[I].w_select_reg[J]	axi_crossbar_inst.axi_crossbar_wr_inst.s_ifaces[I].w_select_reg[J]	axi_crossbar_inst.axi_crossbar_wr_inst.s_ifaces[0].w_select_reg[0]$_DFFE_PP_/Q	axi_crossbar_inst.axi_crossbar_wr_inst.s_ifaces[0].w_select_reg[0]$_DFFE_PP_/D
795	0.4412	axi_crossbar_inst.axi_crossbar_wr_inst.m_ifaces[I].reg_inst.genblkJ.genblkK.s_axi_awready_reg	axi_crossbar_inst.axi_crossbar_wr_inst.m_ifaces[I].w_select_new_reg	axi_crossbar_inst.axi_crossbar_wr_inst.m_ifaces[1].reg_inst.genblk1.genblk1.s_axi_awready_reg$_SDFF_PP0_/Q	axi_crossbar_inst.axi_crossbar_wr_inst.m_ifaces[1].w_select_new_reg$_SDFF_PP1_/D
796	0.4419	axi_crossbar_inst.axi_crossbar_wr_inst.s_ifaces[I].reg_inst.genblkJ.genblkK.m_axi_bready_reg	axi_crossbar_inst.axi_crossbar_wr_inst.s_ifaces[I].reg_inst.genblkJ.genblkK.m_axi_bready_reg	axi_crossbar_inst.axi_crossbar_wr_inst.s_ifaces[6].reg_inst.genblk3.genblk1.m_axi_bready_reg$_SDFF_PP0_/Q	axi_crossbar_inst.axi_crossbar_wr_inst.s_ifaces[6].reg_inst.genblk3.genblk1.m_axi_bready_reg$_SDFF_PP0_/D
797	0.4427	axi_crossbar_inst.axi_crossbar_wr_inst.s_ifaces[I].addr_inst.m_decerr_reg	axi_crossbar_inst.axi_crossbar_wr_inst.s_ifaces[I].addr_inst.state_reg[J]	axi_crossbar_inst.axi_crossbar_wr_inst.s_ifaces[1].addr_inst.m_decerr_reg$_DFFE_PP_/Q	axi_crossbar_inst.axi_crossbar_wr_inst.s_ifaces[1].addr_inst.state_reg[1]$_SDFF_PP0_/D
798	0.4432	axi_crossbar_inst.axi_crossbar_wr_inst.m_ifaces[I].w_select_new_reg	axi_crossbar_inst.axi_crossbar_wr_inst.m_ifaces[I].w_select_reg[J]	axi_crossbar_inst.axi_crossbar_wr_inst.m_ifaces[5].w_select_new_reg$_SDFF_PP1_/Q	axi_crossbar_inst.axi_crossbar_wr_inst.m_ifaces[5].w_select_reg[2]$_DFFE_PP_/D
799	0.4440	axi_crossbar_inst.axi_crossbar_wr_inst.s_ifaces[I].addr_inst.s_axi_aready_reg	axi_crossbar_inst.axi_crossbar_wr_inst.s_ifaces[I].addr_inst.state_reg[J]	axi_crossbar_inst.axi_crossbar_wr_inst.s_ifaces[0].addr_inst.s_axi_aready_reg$_SDFF_PP0_/QN	axi_crossbar_inst.axi_crossbar_wr_inst.s_ifaces[0].addr_inst.state_reg[0]$_SDFF_PP0_/D
800	0.4449	axi_crossbar_inst.axi_crossbar_wr_inst.s_ifaces[I].addr_inst.s_axi_aready_reg	axi_crossbar_inst.axi_crossbar_wr_inst.s_ifaces[I].addr_inst.s_axi_aid_reg[J]	axi_crossbar_inst.axi_crossbar_wr_inst.s_ifaces[0].addr_inst.s_axi_aready_reg$_SDFF_PP0_/QN	axi_crossbar_inst.axi_crossbar_wr_inst.s_ifaces[0].addr_inst.s_axi_aid_reg[0]$_DFFE_PP_/D
801	0.4450	axi_crossbar_inst.axi_crossbar_rd_inst.s_ifaces[I].addr_inst.s_axi_aready_reg	axi_crossbar_inst.axi_crossbar_rd_inst.s_ifaces[I].addr_inst.s_axi_aid_reg[J]	axi_crossbar_inst.axi_crossbar_rd_inst.s_ifaces[0].addr_inst.s_axi_aready_reg$_SDFF_PP0_/QN	axi_crossbar_inst.axi_crossbar_rd_inst.s_ifaces[0].addr_inst.s_axi_aid_reg[0]$_DFFE_PP_/D
802	0.4454	axi_crossbar_inst.axi_crossbar_wr_inst.m_ifaces[I].w_select_new_reg	axi_crossbar_inst.axi_crossbar_wr_inst.m_ifaces[I].w_select_new_reg	axi_crossbar_inst.axi_crossbar_wr_inst.m_ifaces[0].w_select_new_reg$_SDFF_PP1_/Q	axi_crossbar_inst.axi_crossbar_wr_inst.m_ifaces[0].w_select_new_reg$_SDFF_PP1_/D
803	0.4459	axi_crossbar_inst.axi_crossbar_rd_inst.s_ifaces[I].addr_inst.m_decerr_reg	axi_crossbar_inst.axi_crossbar_rd_inst.s_ifaces[I].addr_inst.m_rc_valid_reg	axi_crossbar_inst.axi_crossbar_rd_inst.s_ifaces[3].addr_inst.m_decerr_reg$_DFFE_PP_/Q	axi_crossbar_inst.axi_crossbar_rd_inst.s_ifaces[3].addr_inst.m_rc_valid_reg$_SDFF_PP0_/D
804	0.4470	axi_crossbar_inst.axi_crossbar_wr_inst.s_ifaces[I].addr_inst.m_rc_valid_reg	axi_crossbar_inst.axi_crossbar_wr_inst.s_ifaces[I].addr_inst.s_axi_aready_reg	axi_crossbar_inst.axi_crossbar_wr_inst.s_ifaces[7].addr_inst.m_rc_valid_reg$_SDFF_PP0_/Q	axi_crossbar_inst.axi_crossbar_wr_inst.s_ifaces[7].addr_inst.s_axi_aready_reg$_SDFF_PP0_/D
805	0.4475	axi_crossbar_inst.axi_crossbar_wr_inst.s_ifaces[I].addr_inst.m_wc_valid_reg	axi_crossbar_inst.axi_crossbar_wr_inst.s_ifaces[I].addr_inst.state_reg[J]	axi_crossbar_inst.axi_crossbar_wr_inst.s_ifaces[7].addr_inst.m_wc_valid_reg$_SDFF_PP0_/Q	axi_crossbar_inst.axi_crossbar_wr_inst.s_ifaces[7].addr_inst.state_reg[1]$_SDFF_PP0_/D
806	0.4477	axi_crossbar_inst.axi_crossbar_wr_inst.s_ifaces[I].decerr_m_axi_bvalid_reg	axi_crossbar_inst.axi_crossbar_wr_inst.s_ifaces[I].addr_inst.s_axi_aready_reg	axi_crossbar_inst.axi_crossbar_wr_inst.s_ifaces[7].decerr_m_axi_bvalid_reg$_SDFF_PP0_/Q	axi_crossbar_inst.axi_crossbar_wr_inst.s_ifaces[7].addr_inst.s_axi_aready_reg$_SDFF_PP0_/D
807	0.4501	axi_crossbar_inst.axi_crossbar_wr_inst.s_ifaces[I].b_arb_inst.grant_valid_reg	axi_crossbar_inst.axi_crossbar_wr_inst.s_ifaces[I].decerr_m_axi_bvalid_reg	axi_crossbar_inst.axi_crossbar_wr_inst.s_ifaces[7].b_arb_inst.grant_valid_reg$_SDFFE_PP0P_/Q	axi_crossbar_inst.axi_crossbar_wr_inst.s_ifaces[7].decerr_m_axi_bvalid_reg$_SDFF_PP0_/D
808	0.4506	axi_crossbar_inst.axi_crossbar_wr_inst.s_ifaces[I].addr_inst.s_cpl_valid_reg	axi_crossbar_inst.axi_crossbar_wr_inst.s_ifaces[I].addr_inst.m_rc_valid_reg	axi_crossbar_inst.axi_crossbar_wr_inst.s_ifaces[2].addr_inst.s_cpl_valid_reg$_DFF_P_/QN	axi_crossbar_inst.axi_crossbar_wr_inst.s_ifaces[2].addr_inst.m_rc_valid_reg$_SDFF_PP0_/D
809	0.4519	axi_crossbar_inst.axi_crossbar_rd_inst.s_ifaces[I].addr_inst.m_rc_valid_reg	axi_crossbar_inst.axi_crossbar_rd_inst.s_ifaces[I].addr_inst.state_reg[J]	axi_crossbar_inst.axi_crossbar_rd_inst.s_ifaces[2].addr_inst.m_rc_valid_reg$_SDFF_PP0_/Q	axi_crossbar_inst.axi_crossbar_rd_inst.s_ifaces[2].addr_inst.state_reg[1]$_SDFF_PP0_/D
810	0.4520	axi_crossbar_inst.axi_crossbar_rd_inst.s_ifaces[I].reg_inst.genblkJ.s_axi_rvalid_reg	axi_crossbar_inst.axi_crossbar_rd_inst.s_ifaces[I].reg_inst.genblkJ.s_axi_rvalid_reg	axi_crossbar_inst.axi_crossbar_rd_inst.s_ifaces[4].reg_inst.genblk2.s_axi_rvalid_reg$_SDFFE_PP0P_/QN	axi_crossbar_inst.axi_crossbar_rd_inst.s_ifaces[4].reg_inst.genblk2.s_axi_rvalid_reg$_SDFFE_PP0P_/D
811	0.4546	axi_crossbar_inst.axi_crossbar_wr_inst.s_ifaces[I].b_arb_inst.grant_valid_reg	axi_crossbar_inst.axi_crossbar_wr_inst.s_ifaces[I].reg_inst.genblkJ.genblkK.s_axi_bvalid_reg	axi_crossbar_inst.axi_crossbar_wr_inst.s_ifaces[6].b_arb_inst.grant_valid_reg$_SDFFE_PP0P_/Q	axi_crossbar_inst.axi_crossbar_wr_inst.s_ifaces[6].reg_inst.genblk3.genblk1.s_axi_bvalid_reg$_SDFF_PP0_/D
812	0.4548	axi_crossbar_inst.axi_crossbar_rd_inst.m_ifaces[I].reg_inst.genblkJ.genblkK.m_axi_arvalid_reg	axi_crossbar_inst.axi_crossbar_rd_inst.m_ifaces[I].reg_inst.genblkJ.genblkK.s_axi_arready_reg	axi_crossbar_inst.axi_crossbar_rd_inst.m_ifaces[6].reg_inst.genblk1.genblk1.m_axi_arvalid_reg$_SDFF_PP0_/Q	axi_crossbar_inst.axi_crossbar_rd_inst.m_ifaces[6].reg_inst.genblk1.genblk1.s_axi_arready_reg$_SDFF_PP0_/D
813	0.4548	axi_crossbar_inst.axi_crossbar_wr_inst.m_ifaces[I].reg_inst.genblkJ.genblkK.m_axi_awvalid_reg	axi_crossbar_inst.axi_crossbar_wr_inst.m_ifaces[I].reg_inst.genblkJ.genblkK.s_axi_awready_reg	axi_crossbar_inst.axi_crossbar_wr_inst.m_ifaces[5].reg_inst.genblk1.genblk1.m_axi_awvalid_reg$_SDFF_PP0_/Q	axi_crossbar_inst.axi_crossbar_wr_inst.m_ifaces[5].reg_inst.genblk1.genblk1.s_axi_awready_reg$_SDFF_PP0_/D
814	0.4554	axi_crossbar_inst.axi_crossbar_wr_inst.s_ifaces[I].reg_inst.genblkJ.genblkK.m_axi_bready_reg	axi_crossbar_inst.axi_crossbar_wr_inst.s_ifaces[I].addr_inst.s_cpl_valid_reg	axi_crossbar_inst.axi_crossbar_wr_inst.s_ifaces[6].reg_inst.genblk3.genblk1.m_axi_bready_reg$_SDFF_PP0_/Q	axi_crossbar_inst.axi_crossbar_wr_inst.s_ifaces[6].addr_inst.s_cpl_valid_reg$_DFF_P_/D
815	0.4565	axi_crossbar_inst.axi_crossbar_wr_inst.s_ifaces[I].addr_inst.m_wc_valid_reg	axi_crossbar_inst.axi_crossbar_wr_inst.s_ifaces[I].addr_inst.s_axi_aready_reg	axi_crossbar_inst.axi_crossbar_wr_inst.s_ifaces[7].addr_inst.m_wc_valid_reg$_SDFF_PP0_/Q	axi_crossbar_inst.axi_crossbar_wr_inst.s_ifaces[7].addr_inst.s_axi_aready_reg$_SDFF_PP0_/D
816	0.4601	axi_crossbar_inst.axi_crossbar_rd_inst.s_ifaces[I].r_arb_inst.grant_valid_reg	axi_crossbar_inst.axi_crossbar_rd_inst.s_ifaces[I].reg_inst.genblkJ.m_axi_rready_reg	axi_crossbar_inst.axi_crossbar_rd_inst.s_ifaces[0].r_arb_inst.grant_valid_reg$_SDFFE_PP0P_/Q	axi_crossbar_inst.axi_crossbar_rd_inst.s_ifaces[0].reg_inst.genblk2.m_axi_rready_reg$_SDFF_PP0_/D
817	0.4613	axi_crossbar_inst.axi_crossbar_rd_inst.s_ifaces[I].addr_inst.s_axi_aready_reg	axi_crossbar_inst.axi_crossbar_rd_inst.s_ifaces[I].addr_inst.state_reg[J]	axi_crossbar_inst.axi_crossbar_rd_inst.s_ifaces[2].addr_inst.s_axi_aready_reg$_SDFF_PP0_/QN	axi_crossbar_inst.axi_crossbar_rd_inst.s_ifaces[2].addr_inst.state_reg[0]$_SDFF_PP0_/D
818	0.4616	axi_crossbar_inst.axi_crossbar_rd_inst.s_ifaces[I].addr_inst.s_axi_aready_reg	axi_crossbar_inst.axi_crossbar_rd_inst.s_ifaces[I].addr_inst.m_select_reg[J]	axi_crossbar_inst.axi_crossbar_rd_inst.s_ifaces[0].addr_inst.s_axi_aready_reg$_SDFF_PP0_/QN	axi_crossbar_inst.axi_crossbar_rd_inst.s_ifaces[0].addr_inst.m_select_reg[0]$_DFF_P_/D
819	0.4616	axi_crossbar_inst.axi_crossbar_wr_inst.s_ifaces[I].addr_inst.s_axi_aready_reg	axi_crossbar_inst.axi_crossbar_wr_inst.s_ifaces[I].addr_inst.m_select_reg[J]	axi_crossbar_inst.axi_crossbar_wr_inst.s_ifaces[3].addr_inst.s_axi_aready_reg$_SDFF_PP0_/QN	axi_crossbar_inst.axi_crossbar_wr_inst.s_ifaces[3].addr_inst.m_select_reg[1]$_DFF_P_/D
820	0.4632	axi_crossbar_inst.axi_crossbar_rd_inst.s_ifaces[I].r_arb_inst.grant_valid_reg	axi_crossbar_inst.axi_crossbar_rd_inst.s_ifaces[I].reg_inst.genblkJ.s_axi_rvalid_reg	axi_crossbar_inst.axi_crossbar_rd_inst.s_ifaces[5].r_arb_inst.grant_valid_reg$_SDFFE_PP0P_/Q	axi_crossbar_inst.axi_crossbar_rd_inst.s_ifaces[5].reg_inst.genblk2.s_axi_rvalid_reg$_SDFFE_PP0P_/D
821	0.4635	axi_crossbar_inst.axi_crossbar_rd_inst.s_ifaces[I].addr_inst.m_decerr_reg	axi_crossbar_inst.axi_crossbar_rd_inst.s_ifaces[I].addr_inst.state_reg[J]	axi_crossbar_inst.axi_crossbar_rd_inst.s_ifaces[2].addr_inst.m_decerr_reg$_DFFE_PP_/Q	axi_crossbar_inst.axi_crossbar_rd_inst.s_ifaces[2].addr_inst.state_reg[0]$_SDFF_PP0_/D
822	0.4647	axi_crossbar_inst.axi_crossbar_wr_inst.s_ifaces[I].addr_inst.m_decerr_reg	axi_crossbar_inst.axi_crossbar_wr_inst.s_ifaces[I].addr_inst.m_wc_valid_reg	axi_crossbar_inst.axi_crossbar_wr_inst.s_ifaces[1].addr_inst.m_decerr_reg$_DFFE_PP_/Q	axi_crossbar_inst.axi_crossbar_wr_inst.s_ifaces[1].addr_inst.m_wc_valid_reg$_SDFF_PP0_/D
823	0.4654	axi_crossbar_inst.axi_crossbar_rd_inst.m_ifaces[I].reg_inst.genblkJ.genblkK.m_axi_arvalid_reg	axi_crossbar_inst.axi_crossbar_rd_inst.m_ifaces[I].reg_inst.genblkJ.genblkK.m_axi_arvalid_reg	axi_crossbar_inst.axi_crossbar_rd_inst.m_ifaces[1].reg_inst.genblk1.genblk1.m_axi_arvalid_reg$_SDFF_PP0_/Q	axi_crossbar_inst.axi_crossbar_rd_inst.m_ifaces[1].reg_inst.genblk1.genblk1.m_axi_arvalid_reg$_SDFF_PP0_/D
824	0.4654	axi_crossbar_inst.axi_crossbar_wr_inst.m_ifaces[I].reg_inst.genblkJ.genblkK.m_axi_awvalid_reg	axi_crossbar_inst.axi_crossbar_wr_inst.m_ifaces[I].reg_inst.genblkJ.genblkK.m_axi_awvalid_reg	axi_crossbar_inst.axi_crossbar_wr_inst.m_ifaces[3].reg_inst.genblk1.genblk1.m_axi_awvalid_reg$_SDFF_PP0_/Q	axi_crossbar_inst.axi_crossbar_wr_inst.m_ifaces[3].reg_inst.genblk1.genblk1.m_axi_awvalid_reg$_SDFF_PP0_/D
825	0.4662	axi_crossbar_inst.axi_crossbar_wr_inst.m_ifaces[I].reg_inst.genblkJ.m_axi_wvalid_reg	axi_crossbar_inst.axi_crossbar_wr_inst.m_ifaces[I].reg_inst.genblkJ.s_axi_wready_reg	axi_crossbar_inst.axi_crossbar_wr_inst.m_ifaces[0].reg_inst.genblk2.m_axi_wvalid_reg$_SDFFE_PP0P_/QN	axi_crossbar_inst.axi_crossbar_wr_inst.m_ifaces[0].reg_inst.genblk2.s_axi_wready_reg$_SDFF_PP0_/D
826	0.4665	axi_crossbar_inst.axi_crossbar_wr_inst.m_ifaces[I].reg_inst.genblkJ.temp_m_axi_wvalid_reg	axi_crossbar_inst.axi_crossbar_wr_inst.m_ifaces[I].reg_inst.genblkJ.m_axi_wvalid_reg	axi_crossbar_inst.axi_crossbar_wr_inst.m_ifaces[4].reg_inst.genblk2.temp_m_axi_wvalid_reg$_SDFFE_PP0P_/Q	axi_crossbar_inst.axi_crossbar_wr_inst.m_ifaces[4].reg_inst.genblk2.m_axi_wvalid_reg$_SDFFE_PP0P_/D
827	0.4670	axi_crossbar_inst.axi_crossbar_rd_inst.s_ifaces[I].r_arb_inst.grant_valid_reg	axi_crossbar_inst.axi_crossbar_rd_inst.s_ifaces[I].addr_inst.s_cpl_valid_reg	axi_crossbar_inst.axi_crossbar_rd_inst.s_ifaces[5].r_arb_inst.grant_valid_reg$_SDFFE_PP0P_/Q	axi_crossbar_inst.axi_crossbar_rd_inst.s_ifaces[5].addr_inst.s_cpl_valid_reg$_DFF_P_/D
828	0.4675	axi_crossbar_inst.axi_crossbar_wr_inst.s_ifaces[I].addr_inst.m_decerr_reg	axi_crossbar_inst.axi_crossbar_wr_inst.s_ifaces[I].addr_inst.m_axi_avalid_reg	axi_crossbar_inst.axi_crossbar_wr_inst.s_ifaces[6].addr_inst.m_decerr_reg$_DFFE_PP_/Q	axi_crossbar_inst.axi_crossbar_wr_inst.s_ifaces[6].addr_inst.m_axi_avalid_reg$_SDFF_PP0_/D
829	0.4693	axi_crossbar_inst.axi_crossbar_wr_inst.s_ifaces[I].b_arb_inst.grant_valid_reg	axi_crossbar_inst.axi_crossbar_wr_inst.s_ifaces[I].reg_inst.genblkJ.genblkK.m_axi_bready_reg	axi_crossbar_inst.axi_crossbar_wr_inst.s_ifaces[6].b_arb_inst.grant_valid_reg$_SDFFE_PP0P_/Q	axi_crossbar_inst.axi_crossbar_wr_inst.s_ifaces[6].reg_inst.genblk3.genblk1.m_axi_bready_reg$_SDFF_PP0_/D
830	0.4701	axi_crossbar_inst.axi_crossbar_wr_inst.m_ifaces[I].w_select_valid_reg	axi_crossbar_inst.axi_crossbar_wr_inst.m_ifaces[I].w_select_reg[J]	axi_crossbar_inst.axi_crossbar_wr_inst.m_ifaces[5].w_select_valid_reg$_SDFF_PP0_/QN	axi_crossbar_inst.axi_crossbar_wr_inst.m_ifaces[5].w_select_reg[2]$_DFFE_PP_/D
831	0.4713	axi_crossbar_inst.axi_crossbar_rd_inst.s_ifaces[I].addr_inst.m_decerr_reg	axi_crossbar_inst.axi_crossbar_rd_inst.s_ifaces[I].addr_inst.m_axi_avalid_reg	axi_crossbar_inst.axi_crossbar_rd_inst.s_ifaces[6].addr_inst.m_decerr_reg$_DFFE_PP_/Q	axi_crossbar_inst.axi_crossbar_rd_inst.s_ifaces[6].addr_inst.m_axi_avalid_reg$_SDFF_PP0_/D
832	0.4713	axi_crossbar_inst.axi_crossbar_rd_inst.s_ifaces[I].decerr_m_axi_rvalid_reg	axi_crossbar_inst.axi_crossbar_rd_inst.s_ifaces[I].decerr_m_axi_rid_reg[J]	axi_crossbar_inst.axi_crossbar_rd_inst.s_ifaces[1].decerr_m_axi_rvalid_reg$_SDFF_PP0_/QN	axi_crossbar_inst.axi_crossbar_rd_inst.s_ifaces[1].decerr_m_axi_rid_reg[0]$_DFFE_PP_/D
833	0.4722	axi_crossbar_inst.axi_crossbar_wr_inst.m_ifaces[I].w_select_valid_reg	axi_crossbar_inst.axi_crossbar_wr_inst.m_ifaces[I].w_select_new_reg	axi_crossbar_inst.axi_crossbar_wr_inst.m_ifaces[0].w_select_valid_reg$_SDFF_PP0_/QN	axi_crossbar_inst.axi_crossbar_wr_inst.m_ifaces[0].w_select_new_reg$_SDFF_PP1_/D
834	0.4735	axi_crossbar_inst.axi_crossbar_rd_inst.s_ifaces[I].addr_inst.m_rc_valid_reg	axi_crossbar_inst.axi_crossbar_rd_inst.s_ifaces[I].addr_inst.s_axi_aready_reg	axi_crossbar_inst.axi_crossbar_rd_inst.s_ifaces[3].addr_inst.m_rc_valid_reg$_SDFF_PP0_/Q	axi_crossbar_inst.axi_crossbar_rd_inst.s_ifaces[3].addr_inst.s_axi_aready_reg$_SDFF_PP0_/D
835	0.4739	axi_crossbar_inst.axi_crossbar_wr_inst.s_ifaces[I].addr_inst.s_cpl_valid_reg	axi_crossbar_inst.axi_crossbar_wr_inst.s_ifaces[I].addr_inst.m_wc_valid_reg	axi_crossbar_inst.axi_crossbar_wr_inst.s_ifaces[0].addr_inst.s_cpl_valid_reg$_DFF_P_/QN	axi_crossbar_inst.axi_crossbar_wr_inst.s_ifaces[0].addr_inst.m_wc_valid_reg$_SDFF_PP0_/D
836	0.4740	axi_crossbar_inst.axi_crossbar_rd_inst.s_ifaces[I].addr_inst.m_rc_valid_reg	axi_crossbar_inst.axi_crossbar_rd_inst.s_ifaces[I].addr_inst.m_rc_valid_reg	axi_crossbar_inst.axi_crossbar_rd_inst.s_ifaces[5].addr_inst.m_rc_valid_reg$_SDFF_PP0_/Q	axi_crossbar_inst.axi_crossbar_rd_inst.s_ifaces[5].addr_inst.m_rc_valid_reg$_SDFF_PP0_/D
837	0.4746	axi_crossbar_inst.axi_crossbar_rd_inst.s_ifaces[I].reg_inst.genblkJ.s_axi_rvalid_reg	axi_crossbar_inst.axi_crossbar_rd_inst.s_ifaces[I].reg_inst.genblkJ.m_axi_rready_reg	axi_crossbar_inst.axi_crossbar_rd_inst.s_ifaces[0].reg_inst.genblk2.s_axi_rvalid_reg$_SDFFE_PP0P_/QN	axi_crossbar_inst.axi_crossbar_rd_inst.s_ifaces[0].reg_inst.genblk2.m_axi_rready_reg$_SDFF_PP0_/D
838	0.4760	axi_crossbar_inst.axi_crossbar_wr_inst.s_ifaces[I].reg_inst.genblkJ.genblkK.s_axi_bvalid_reg	axi_crossbar_inst.axi_crossbar_wr_inst.s_ifaces[I].reg_inst.genblkJ.genblkK.s_axi_bvalid_reg	axi_crossbar_inst.axi_crossbar_wr_inst.s_ifaces[3].reg_inst.genblk3.genblk1.s_axi_bvalid_reg$_SDFF_PP0_/Q	axi_crossbar_inst.axi_crossbar_wr_inst.s_ifaces[3].reg_inst.genblk3.genblk1.s_axi_bvalid_reg$_SDFF_PP0_/D
839	0.4772	axi_crossbar_inst.axi_crossbar_wr_inst.s_ifaces[I].addr_inst.m_wc_valid_reg	axi_crossbar_inst.axi_crossbar_wr_inst.s_ifaces[I].w_select_reg[J]	axi_crossbar_inst.axi_crossbar_wr_inst.s_ifaces[3].addr_inst.m_wc_valid_reg$_SDFF_PP0_/Q	axi_crossbar_inst.axi_crossbar_wr_inst.s_ifaces[3].w_select_reg[1]$_DFFE_PP_/D
840	0.4773	axi_crossbar_inst.axi_crossbar_wr_inst.s_ifaces[I].addr_inst.m_decerr_reg	axi_crossbar_inst.axi_crossbar_wr_inst.s_ifaces[I].addr_inst.m_decerr_reg	axi_crossbar_inst.axi_crossbar_wr_inst.s_ifaces[1].addr_inst.m_decerr_reg$_DFFE_PP_/Q	axi_crossbar_inst.axi_crossbar_wr_inst.s_ifaces[1].addr_inst.m_decerr_reg$_DFFE_PP_/D
841	0.4775	axi_crossbar_inst.axi_crossbar_wr_inst.s_ifaces[I].w_drop_reg	axi_crossbar_inst.axi_crossbar_wr_inst.s_ifaces[I].w_select_valid_reg	axi_crossbar_inst.axi_crossbar_wr_inst.s_ifaces[7].w_drop_reg$_DFF_P_/Q	axi_crossbar_inst.axi_crossbar_wr_inst.s_ifaces[7].w_select_valid_reg$_SDFF_PP0_/D
842	0.4795	axi_crossbar_inst.axi_crossbar_wr_inst.m_ifaces[I].reg_inst.genblkJ.temp_m_axi_wvalid_reg	axi_crossbar_inst.axi_crossbar_wr_inst.m_ifaces[I].reg_inst.genblkJ.temp_m_axi_wvalid_reg	axi_crossbar_inst.axi_crossbar_wr_inst.m_ifaces[7].reg_inst.genblk2.temp_m_axi_wvalid_reg$_SDFFE_PP0P_/Q	axi_crossbar_inst.axi_crossbar_wr_inst.m_ifaces[7].reg_inst.genblk2.temp_m_axi_wvalid_reg$_SDFFE_PP0P_/D
843	0.4798	axi_crossbar_inst.axi_crossbar_rd_inst.s_ifaces[I].reg_inst.genblkJ.temp_s_axi_rdata_reg[K]	axi_crossbar_inst.axi_crossbar_rd_inst.s_ifaces[I].reg_inst.genblkJ.s_axi_rdata_reg[K]	axi_crossbar_inst.axi_crossbar_rd_inst.s_ifaces[5].reg_inst.genblk2.temp_s_axi_rdata_reg[24]$_DFFE_PP_/Q	axi_crossbar_inst.axi_crossbar_rd_inst.s_ifaces[5].reg_inst.genblk2.s_axi_rdata_reg[24]$_DFFE_PP_/D
844	0.4799	axi_crossbar_inst.axi_crossbar_wr_inst.s_ifaces[I].decerr_m_axi_bvalid_reg	axi_crossbar_inst.axi_crossbar_wr_inst.s_ifaces[I].decerr_m_axi_bid_reg[J]	axi_crossbar_inst.axi_crossbar_wr_inst.s_ifaces[3].decerr_m_axi_bvalid_reg$_SDFF_PP0_/QN	axi_crossbar_inst.axi_crossbar_wr_inst.s_ifaces[3].decerr_m_axi_bid_reg[0]$_DFFE_PP_/D
845	0.4806	axi_crossbar_inst.axi_crossbar_wr_inst.m_ifaces[I].reg_inst.genblkJ.temp_m_axi_wdata_reg[K]	axi_crossbar_inst.axi_crossbar_wr_inst.m_ifaces[I].reg_inst.genblkJ.m_axi_wdata_reg[K]	axi_crossbar_inst.axi_crossbar_wr_inst.m_ifaces[1].reg_inst.genblk2.temp_m_axi_wdata_reg[10]$_DFFE_PP_/Q	axi_crossbar_inst.axi_crossbar_wr_inst.m_ifaces[1].reg_inst.genblk2.m_axi_wdata_reg[10]$_DFFE_PP_/D
846	0.4807	axi_crossbar_inst.axi_crossbar_wr_inst.m_ifaces[I].reg_inst.genblkJ.temp_m_axi_wstrb_reg[K]	axi_crossbar_inst.axi_crossbar_wr_inst.m_ifaces[I].reg_inst.genblkJ.m_axi_wstrb_reg[K]	axi_crossbar_inst.axi_crossbar_wr_inst.m_ifaces[4].reg_inst.genblk2.temp_m_axi_wstrb_reg[2]$_DFFE_PP_/Q	axi_crossbar_inst.axi_crossbar_wr_inst.m_ifaces[4].reg_inst.genblk2.m_axi_wstrb_reg[2]$_DFFE_PP_/D
847	0.4808	axi_crossbar_inst.axi_crossbar_rd_inst.s_ifaces[I].addr_inst.state_reg[J]	axi_crossbar_inst.axi_crossbar_rd_inst.s_ifaces[I].addr_inst.s_axi_aready_reg	axi_crossbar_inst.axi_crossbar_rd_inst.s_ifaces[5].addr_inst.state_reg[1]$_SDFF_PP0_/Q	axi_crossbar_inst.axi_crossbar_rd_inst.s_ifaces[5].addr_inst.s_axi_aready_reg$_SDFF_PP0_/D
848	0.4808	axi_crossbar_inst.axi_crossbar_wr_inst.s_ifaces[I].addr_inst.m_wc_valid_reg	axi_crossbar_inst.axi_crossbar_wr_inst.s_ifaces[I].w_drop_reg	axi_crossbar_inst.axi_crossbar_wr_inst.s_ifaces[6].addr_inst.m_wc_valid_reg$_SDFF_PP0_/Q	axi_crossbar_inst.axi_crossbar_wr_inst.s_ifaces[6].w_drop_reg$_DFF_P_/D
849	0.4808	axi_crossbar_inst.axi_crossbar_wr_inst.m_ifaces[I].reg_inst.genblkJ.temp_m_axi_wlast_reg	axi_crossbar_inst.axi_crossbar_wr_inst.m_ifaces[I].reg_inst.genblkJ.m_axi_wlast_reg	axi_crossbar_inst.axi_crossbar_wr_inst.m_ifaces[4].reg_inst.genblk2.temp_m_axi_wlast_reg$_DFFE_PP_/Q	axi_crossbar_inst.axi_crossbar_wr_inst.m_ifaces[4].reg_inst.genblk2.m_axi_wlast_reg$_DFFE_PP_/D
850	0.4819	axi_crossbar_inst.axi_crossbar_wr_inst.s_ifaces[I].addr_inst.m_decerr_reg	axi_crossbar_inst.axi_crossbar_wr_inst.s_ifaces[I].addr_inst.m_rc_valid_reg	axi_crossbar_inst.axi_crossbar_wr_inst.s_ifaces[1].addr_inst.m_decerr_reg$_DFFE_PP_/Q	axi_crossbar_inst.axi_crossbar_wr_inst.s_ifaces[1].addr_inst.m_rc_valid_reg$_SDFF_PP0_/D
851	0.4828	axi_crossbar_inst.axi_crossbar_wr_inst.s_ifaces[I].b_arb_inst.grant_valid_reg	axi_crossbar_inst.axi_crossbar_wr_inst.s_ifaces[I].addr_inst.s_cpl_valid_reg	axi_crossbar_inst.axi_crossbar_wr_inst.s_ifaces[6].b_arb_inst.grant_valid_reg$_SDFFE_PP0P_/Q	axi_crossbar_inst.axi_crossbar_wr_inst.s_ifaces[6].addr_inst.s_cpl_valid_reg$_DFF_P_/D
852	0.4828	axi_crossbar_inst.axi_crossbar_rd_inst.s_ifaces[I].decerr_m_axi_rid_reg[J]	axi_crossbar_inst.axi_crossbar_rd_inst.s_ifaces[I].addr_inst.s_cpl_id_reg[J]	axi_crossbar_inst.axi_crossbar_rd_inst.s_ifaces[4].decerr_m_axi_rid_reg[0]$_DFFE_PP_/Q	axi_crossbar_inst.axi_crossbar_rd_inst.s_ifaces[4].addr_inst.s_cpl_id_reg[0]$_DFF_P_/D
853	0.4832	axi_crossbar_inst.axi_crossbar_wr_inst.s_ifaces[I].addr_inst.m_decerr_reg	axi_crossbar_inst.axi_crossbar_wr_inst.s_ifaces[I].w_drop_reg	axi_crossbar_inst.axi_crossbar_wr_inst.s_ifaces[6].addr_inst.m_decerr_reg$_DFFE_PP_/Q	axi_crossbar_inst.axi_crossbar_wr_inst.s_ifaces[6].w_drop_reg$_DFF_P_/D
854	0.4845	axi_crossbar_inst.axi_crossbar_wr_inst.s_ifaces[I].decerr_m_axi_bvalid_reg	axi_crossbar_inst.axi_crossbar_wr_inst.s_ifaces[I].addr_inst.m_rc_valid_reg	axi_crossbar_inst.axi_crossbar_wr_inst.s_ifaces[6].decerr_m_axi_bvalid_reg$_SDFF_PP0_/Q	axi_crossbar_inst.axi_crossbar_wr_inst.s_ifaces[6].addr_inst.m_rc_valid_reg$_SDFF_PP0_/D
855	0.4847	axi_crossbar_inst.axi_crossbar_rd_inst.s_ifaces[I].reg_inst.genblkJ.temp_s_axi_rid_reg[K]	axi_crossbar_inst.axi_crossbar_rd_inst.s_ifaces[I].reg_inst.genblkJ.s_axi_rid_reg[K]	axi_crossbar_inst.axi_crossbar_rd_inst.s_ifaces[0].reg_inst.genblk2.temp_s_axi_rid_reg[0]$_DFFE_PP_/Q	axi_crossbar_inst.axi_crossbar_rd_inst.s_ifaces[0].reg_inst.genblk2.s_axi_rid_reg[0]$_DFFE_PP_/D
856	0.4847	axi_crossbar_inst.axi_crossbar_rd_inst.s_ifaces[I].reg_inst.genblkJ.temp_s_axi_rlast_reg	axi_crossbar_inst.axi_crossbar_rd_inst.s_ifaces[I].reg_inst.genblkJ.s_axi_rlast_reg	axi_crossbar_inst.axi_crossbar_rd_inst.s_ifaces[0].reg_inst.genblk2.temp_s_axi_rlast_reg$_DFFE_PP_/Q	axi_crossbar_inst.axi_crossbar_rd_inst.s_ifaces[0].reg_inst.genblk2.s_axi_rlast_reg$_DFFE_PP_/D
857	0.4847	axi_crossbar_inst.axi_crossbar_rd_inst.s_ifaces[I].reg_inst.genblkJ.temp_s_axi_rresp_reg[K]	axi_crossbar_inst.axi_crossbar_rd_inst.s_ifaces[I].reg_inst.genblkJ.s_axi_rresp_reg[K]	axi_crossbar_inst.axi_crossbar_rd_inst.s_ifaces[0].reg_inst.genblk2.temp_s_axi_rresp_reg[1]$_DFFE_PP_/Q	axi_crossbar_inst.axi_crossbar_rd_inst.s_ifaces[0].reg_inst.genblk2.s_axi_rresp_reg[1]$_DFFE_PP_/D
858	0.4869	axi_crossbar_inst.axi_crossbar_rd_inst.s_ifaces[I].addr_inst.m_decerr_reg	axi_crossbar_inst.axi_crossbar_rd_inst.s_ifaces[I].addr_inst.m_decerr_reg	axi_crossbar_inst.axi_crossbar_rd_inst.s_ifaces[6].addr_inst.m_decerr_reg$_DFFE_PP_/Q	axi_crossbar_inst.axi_crossbar_rd_inst.s_ifaces[6].addr_inst.m_decerr_reg$_DFFE_PP_/D
859	0.4883	axi_crossbar_inst.axi_crossbar_wr_inst.s_ifaces[I].decerr_m_axi_bid_reg[J]	axi_crossbar_inst.axi_crossbar_wr_inst.s_ifaces[I].addr_inst.s_cpl_id_reg[J]	axi_crossbar_inst.axi_crossbar_wr_inst.s_ifaces[2].decerr_m_axi_bid_reg[0]$_DFFE_PP_/Q	axi_crossbar_inst.axi_crossbar_wr_inst.s_ifaces[2].addr_inst.s_cpl_id_reg[0]$_DFF_P_/D
860	0.4884	axi_crossbar_inst.axi_crossbar_rd_inst.s_ifaces[I].addr_inst.s_axi_aid_reg[J]	axi_crossbar_inst.axi_crossbar_rd_inst.s_ifaces[I].addr_inst.s_axi_aid_reg[J]	axi_crossbar_inst.axi_crossbar_rd_inst.s_ifaces[1].addr_inst.s_axi_aid_reg[0]$_DFFE_PP_/Q	axi_crossbar_inst.axi_crossbar_rd_inst.s_ifaces[1].addr_inst.s_axi_aid_reg[0]$_DFFE_PP_/D
861	0.4884	axi_crossbar_inst.axi_crossbar_wr_inst.s_ifaces[I].addr_inst.s_axi_aid_reg[J]	axi_crossbar_inst.axi_crossbar_wr_inst.s_ifaces[I].addr_inst.s_axi_aid_reg[J]	axi_crossbar_inst.axi_crossbar_wr_inst.s_ifaces[0].addr_inst.s_axi_aid_reg[0]$_DFFE_PP_/Q	axi_crossbar_inst.axi_crossbar_wr_inst.s_ifaces[0].addr_inst.s_axi_aid_reg[0]$_DFFE_PP_/D
862	0.4925	axi_crossbar_inst.axi_crossbar_wr_inst.s_ifaces[I].addr_inst.state_reg[J]	axi_crossbar_inst.axi_crossbar_wr_inst.s_ifaces[I].addr_inst.s_axi_aready_reg	axi_crossbar_inst.axi_crossbar_wr_inst.s_ifaces[2].addr_inst.state_reg[1]$_SDFF_PP0_/Q	axi_crossbar_inst.axi_crossbar_wr_inst.s_ifaces[2].addr_inst.s_axi_aready_reg$_SDFF_PP0_/D
863	0.4935	axi_crossbar_inst.axi_crossbar_wr_inst.s_ifaces[I].reg_inst.genblkJ.genblkK.s_axi_bvalid_reg	axi_crossbar_inst.axi_crossbar_wr_inst.s_ifaces[I].reg_inst.genblkJ.genblkK.m_axi_bready_reg	axi_crossbar_inst.axi_crossbar_wr_inst.s_ifaces[6].reg_inst.genblk3.genblk1.s_axi_bvalid_reg$_SDFF_PP0_/Q	axi_crossbar_inst.axi_crossbar_wr_inst.s_ifaces[6].reg_inst.genblk3.genblk1.m_axi_bready_reg$_SDFF_PP0_/D
864	0.4943	axi_crossbar_inst.axi_crossbar_wr_inst.s_ifaces[I].addr_inst.m_rc_valid_reg	axi_crossbar_inst.axi_crossbar_wr_inst.s_ifaces[I].addr_inst.m_rc_valid_reg	axi_crossbar_inst.axi_crossbar_wr_inst.s_ifaces[7].addr_inst.m_rc_valid_reg$_SDFF_PP0_/Q	axi_crossbar_inst.axi_crossbar_wr_inst.s_ifaces[7].addr_inst.m_rc_valid_reg$_SDFF_PP0_/D
865	0.4954	axi_crossbar_inst.axi_crossbar_wr_inst.s_ifaces[I].w_select_valid_reg	axi_crossbar_inst.axi_crossbar_wr_inst.s_ifaces[I].w_select_reg[J]	axi_crossbar_inst.axi_crossbar_wr_inst.s_ifaces[5].w_select_valid_reg$_SDFF_PP0_/QN	axi_crossbar_inst.axi_crossbar_wr_inst.s_ifaces[5].w_select_reg[2]$_DFFE_PP_/D
866	0.4966	axi_crossbar_inst.axi_crossbar_wr_inst.s_ifaces[I].w_select_valid_reg	axi_crossbar_inst.axi_crossbar_wr_inst.s_ifaces[I].w_select_valid_reg	axi_crossbar_inst.axi_crossbar_wr_inst.s_ifaces[2].w_select_valid_reg$_SDFF_PP0_/Q	axi_crossbar_inst.axi_crossbar_wr_inst.s_ifaces[2].w_select_valid_reg$_SDFF_PP0_/D
867	0.4990	axi_crossbar_inst.axi_crossbar_wr_inst.s_ifaces[I].w_select_valid_reg	axi_crossbar_inst.axi_crossbar_wr_inst.s_ifaces[I].w_drop_reg	axi_crossbar_inst.axi_crossbar_wr_inst.s_ifaces[6].w_select_valid_reg$_SDFF_PP0_/QN	axi_crossbar_inst.axi_crossbar_wr_inst.s_ifaces[6].w_drop_reg$_DFF_P_/D
868	0.5042	axi_crossbar_inst.axi_crossbar_wr_inst.s_ifaces[I].w_select_valid_reg	axi_crossbar_inst.axi_crossbar_wr_inst.s_ifaces[I].addr_inst.m_wc_valid_reg	axi_crossbar_inst.axi_crossbar_wr_inst.s_ifaces[6].w_select_valid_reg$_SDFF_PP0_/Q	axi_crossbar_inst.axi_crossbar_wr_inst.s_ifaces[6].addr_inst.m_wc_valid_reg$_SDFF_PP0_/D
869	0.5110	axi_crossbar_inst.axi_crossbar_wr_inst.s_ifaces[I].addr_inst.m_wc_valid_reg	axi_crossbar_inst.axi_crossbar_wr_inst.s_ifaces[I].w_select_valid_reg	axi_crossbar_inst.axi_crossbar_wr_inst.s_ifaces[1].addr_inst.m_wc_valid_reg$_SDFF_PP0_/Q	axi_crossbar_inst.axi_crossbar_wr_inst.s_ifaces[1].w_select_valid_reg$_SDFF_PP0_/D
870	0.5149	axi_crossbar_inst.axi_crossbar_rd_inst.s_ifaces[I].reg_inst.genblkJ.temp_s_axi_rvalid_reg	axi_crossbar_inst.axi_crossbar_rd_inst.s_ifaces[I].reg_inst.genblkJ.temp_s_axi_rvalid_reg	axi_crossbar_inst.axi_crossbar_rd_inst.s_ifaces[6].reg_inst.genblk2.temp_s_axi_rvalid_reg$_SDFFE_PP0P_/Q	axi_crossbar_inst.axi_crossbar_rd_inst.s_ifaces[6].reg_inst.genblk2.temp_s_axi_rvalid_reg$_SDFFE_PP0P_/D
871	0.5181	axi_crossbar_inst.axi_crossbar_rd_inst.s_ifaces[I].decerr_m_axi_rlast_reg	axi_crossbar_inst.axi_crossbar_rd_inst.s_ifaces[I].decerr_m_axi_rlast_reg	axi_crossbar_inst.axi_crossbar_rd_inst.s_ifaces[1].decerr_m_axi_rlast_reg$_DFFE_PP_/Q	axi_crossbar_inst.axi_crossbar_rd_inst.s_ifaces[1].decerr_m_axi_rlast_reg$_DFFE_PP_/D
872	0.5211	axi_crossbar_inst.axi_crossbar_wr_inst.m_ifaces[I].reg_inst.genblkJ.temp_m_axi_wdata_reg[K]	axi_crossbar_inst.axi_crossbar_wr_inst.m_ifaces[I].reg_inst.genblkJ.temp_m_axi_wdata_reg[K]	axi_crossbar_inst.axi_crossbar_wr_inst.m_ifaces[5].reg_inst.genblk2.temp_m_axi_wdata_reg[31]$_DFFE_PP_/Q	axi_crossbar_inst.axi_crossbar_wr_inst.m_ifaces[5].reg_inst.genblk2.temp_m_axi_wdata_reg[31]$_DFFE_PP_/D
873	0.5211	axi_crossbar_inst.axi_crossbar_wr_inst.m_ifaces[I].reg_inst.genblkJ.temp_m_axi_wlast_reg	axi_crossbar_inst.axi_crossbar_wr_inst.m_ifaces[I].reg_inst.genblkJ.temp_m_axi_wlast_reg	axi_crossbar_inst.axi_crossbar_wr_inst.m_ifaces[5].reg_inst.genblk2.temp_m_axi_wlast_reg$_DFFE_PP_/Q	axi_crossbar_inst.axi_crossbar_wr_inst.m_ifaces[5].reg_inst.genblk2.temp_m_axi_wlast_reg$_DFFE_PP_/D
874	0.5211	axi_crossbar_inst.axi_crossbar_wr_inst.m_ifaces[I].reg_inst.genblkJ.temp_m_axi_wstrb_reg[K]	axi_crossbar_inst.axi_crossbar_wr_inst.m_ifaces[I].reg_inst.genblkJ.temp_m_axi_wstrb_reg[K]	axi_crossbar_inst.axi_crossbar_wr_inst.m_ifaces[5].reg_inst.genblk2.temp_m_axi_wstrb_reg[3]$_DFFE_PP_/Q	axi_crossbar_inst.axi_crossbar_wr_inst.m_ifaces[5].reg_inst.genblk2.temp_m_axi_wstrb_reg[3]$_DFFE_PP_/D
875	0.5212	axi_crossbar_inst.axi_crossbar_wr_inst.s_ifaces[I].decerr_m_axi_bid_reg[J]	axi_crossbar_inst.axi_crossbar_wr_inst.s_ifaces[I].decerr_m_axi_bid_reg[J]	axi_crossbar_inst.axi_crossbar_wr_inst.s_ifaces[0].decerr_m_axi_bid_reg[0]$_DFFE_PP_/Q	axi_crossbar_inst.axi_crossbar_wr_inst.s_ifaces[0].decerr_m_axi_bid_reg[0]$_DFFE_PP_/D
876	0.5212	axi_crossbar_inst.axi_crossbar_rd_inst.s_ifaces[I].decerr_m_axi_rid_reg[J]	axi_crossbar_inst.axi_crossbar_rd_inst.s_ifaces[I].decerr_m_axi_rid_reg[J]	axi_crossbar_inst.axi_crossbar_rd_inst.s_ifaces[5].decerr_m_axi_rid_reg[6]$_DFFE_PP_/Q	axi_crossbar_inst.axi_crossbar_rd_inst.s_ifaces[5].decerr_m_axi_rid_reg[6]$_DFFE_PP_/D
877	0.5214	axi_crossbar_inst.axi_crossbar_rd_inst.s_ifaces[I].reg_inst.genblkJ.temp_s_axi_rid_reg[K]	axi_crossbar_inst.axi_crossbar_rd_inst.s_ifaces[I].reg_inst.genblkJ.temp_s_axi_rid_reg[K]	axi_crossbar_inst.axi_crossbar_rd_inst.s_ifaces[4].reg_inst.genblk2.temp_s_axi_rid_reg[1]$_DFFE_PP_/Q	axi_crossbar_inst.axi_crossbar_rd_inst.s_ifaces[4].reg_inst.genblk2.temp_s_axi_rid_reg[1]$_DFFE_PP_/D
878	0.5214	axi_crossbar_inst.axi_crossbar_rd_inst.s_ifaces[I].reg_inst.genblkJ.temp_s_axi_rdata_reg[K]	axi_crossbar_inst.axi_crossbar_rd_inst.s_ifaces[I].reg_inst.genblkJ.temp_s_axi_rdata_reg[K]	axi_crossbar_inst.axi_crossbar_rd_inst.s_ifaces[0].reg_inst.genblk2.temp_s_axi_rdata_reg[10]$_DFFE_PP_/Q	axi_crossbar_inst.axi_crossbar_rd_inst.s_ifaces[0].reg_inst.genblk2.temp_s_axi_rdata_reg[10]$_DFFE_PP_/D
879	0.5215	axi_crossbar_inst.axi_crossbar_rd_inst.s_ifaces[I].reg_inst.genblkJ.temp_s_axi_rresp_reg[K]	axi_crossbar_inst.axi_crossbar_rd_inst.s_ifaces[I].reg_inst.genblkJ.temp_s_axi_rresp_reg[K]	axi_crossbar_inst.axi_crossbar_rd_inst.s_ifaces[4].reg_inst.genblk2.temp_s_axi_rresp_reg[0]$_DFFE_PP_/Q	axi_crossbar_inst.axi_crossbar_rd_inst.s_ifaces[4].reg_inst.genblk2.temp_s_axi_rresp_reg[0]$_DFFE_PP_/D
880	0.5251	axi_crossbar_inst.axi_crossbar_rd_inst.m_ifaces[I].reg_inst.genblkJ.genblkK.m_axi_araddr_reg[L]	axi_crossbar_inst.axi_crossbar_rd_inst.m_ifaces[I].reg_inst.genblkJ.genblkK.m_axi_araddr_reg[L]	axi_crossbar_inst.axi_crossbar_rd_inst.m_ifaces[0].reg_inst.genblk1.genblk1.m_axi_araddr_reg[0]$_DFFE_PP_/Q	axi_crossbar_inst.axi_crossbar_rd_inst.m_ifaces[0].reg_inst.genblk1.genblk1.m_axi_araddr_reg[0]$_DFFE_PP_/D
881	0.5251	axi_crossbar_inst.axi_crossbar_rd_inst.m_ifaces[I].reg_inst.genblkJ.genblkK.m_axi_arburst_reg[L]	axi_crossbar_inst.axi_crossbar_rd_inst.m_ifaces[I].reg_inst.genblkJ.genblkK.m_axi_arburst_reg[L]	axi_crossbar_inst.axi_crossbar_rd_inst.m_ifaces[0].reg_inst.genblk1.genblk1.m_axi_arburst_reg[0]$_DFFE_PP_/Q	axi_crossbar_inst.axi_crossbar_rd_inst.m_ifaces[0].reg_inst.genblk1.genblk1.m_axi_arburst_reg[0]$_DFFE_PP_/D
882	0.5251	axi_crossbar_inst.axi_crossbar_rd_inst.m_ifaces[I].reg_inst.genblkJ.genblkK.m_axi_arcache_reg[L]	axi_crossbar_inst.axi_crossbar_rd_inst.m_ifaces[I].reg_inst.genblkJ.genblkK.m_axi_arcache_reg[L]	axi_crossbar_inst.axi_crossbar_rd_inst.m_ifaces[0].reg_inst.genblk1.genblk1.m_axi_arcache_reg[0]$_DFFE_PP_/Q	axi_crossbar_inst.axi_crossbar_rd_inst.m_ifaces[0].reg_inst.genblk1.genblk1.m_axi_arcache_reg[0]$_DFFE_PP_/D
883	0.5251	axi_crossbar_inst.axi_crossbar_rd_inst.m_ifaces[I].reg_inst.genblkJ.genblkK.m_axi_arid_reg[L]	axi_crossbar_inst.axi_crossbar_rd_inst.m_ifaces[I].reg_inst.genblkJ.genblkK.m_axi_arid_reg[L]	axi_crossbar_inst.axi_crossbar_rd_inst.m_ifaces[0].reg_inst.genblk1.genblk1.m_axi_arid_reg[9]$_DFFE_PP_/Q	axi_crossbar_inst.axi_crossbar_rd_inst.m_ifaces[0].reg_inst.genblk1.genblk1.m_axi_arid_reg[9]$_DFFE_PP_/D
884	0.5251	axi_crossbar_inst.axi_crossbar_rd_inst.m_ifaces[I].reg_inst.genblkJ.genblkK.m_axi_arlen_reg[L]	axi_crossbar_inst.axi_crossbar_rd_inst.m_ifaces[I].reg_inst.genblkJ.genblkK.m_axi_arlen_reg[L]	axi_crossbar_inst.axi_crossbar_rd_inst.m_ifaces[0].reg_inst.genblk1.genblk1.m_axi_arlen_reg[0]$_DFFE_PP_/Q	axi_crossbar_inst.axi_crossbar_rd_inst.m_ifaces[0].reg_inst.genblk1.genblk1.m_axi_arlen_reg[0]$_DFFE_PP_/D
885	0.5251	axi_crossbar_inst.axi_crossbar_rd_inst.m_ifaces[I].reg_inst.genblkJ.genblkK.m_axi_arprot_reg[L]	axi_crossbar_inst.axi_crossbar_rd_inst.m_ifaces[I].reg_inst.genblkJ.genblkK.m_axi_arprot_reg[L]	axi_crossbar_inst.axi_crossbar_rd_inst.m_ifaces[0].reg_inst.genblk1.genblk1.m_axi_arprot_reg[0]$_DFFE_PP_/Q	axi_crossbar_inst.axi_crossbar_rd_inst.m_ifaces[0].reg_inst.genblk1.genblk1.m_axi_arprot_reg[0]$_DFFE_PP_/D
886	0.5251	axi_crossbar_inst.axi_crossbar_rd_inst.m_ifaces[I].reg_inst.genblkJ.genblkK.m_axi_arqos_reg[L]	axi_crossbar_inst.axi_crossbar_rd_inst.m_ifaces[I].reg_inst.genblkJ.genblkK.m_axi_arqos_reg[L]	axi_crossbar_inst.axi_crossbar_rd_inst.m_ifaces[0].reg_inst.genblk1.genblk1.m_axi_arqos_reg[0]$_DFFE_PP_/Q	axi_crossbar_inst.axi_crossbar_rd_inst.m_ifaces[0].reg_inst.genblk1.genblk1.m_axi_arqos_reg[0]$_DFFE_PP_/D
887	0.5251	axi_crossbar_inst.axi_crossbar_rd_inst.m_ifaces[I].reg_inst.genblkJ.genblkK.m_axi_arsize_reg[L]	axi_crossbar_inst.axi_crossbar_rd_inst.m_ifaces[I].reg_inst.genblkJ.genblkK.m_axi_arsize_reg[L]	axi_crossbar_inst.axi_crossbar_rd_inst.m_ifaces[0].reg_inst.genblk1.genblk1.m_axi_arsize_reg[0]$_DFFE_PP_/Q	axi_crossbar_inst.axi_crossbar_rd_inst.m_ifaces[0].reg_inst.genblk1.genblk1.m_axi_arsize_reg[0]$_DFFE_PP_/D
888	0.5251	axi_crossbar_inst.axi_crossbar_wr_inst.m_ifaces[I].reg_inst.genblkJ.genblkK.m_axi_awaddr_reg[L]	axi_crossbar_inst.axi_crossbar_wr_inst.m_ifaces[I].reg_inst.genblkJ.genblkK.m_axi_awaddr_reg[L]	axi_crossbar_inst.axi_crossbar_wr_inst.m_ifaces[0].reg_inst.genblk1.genblk1.m_axi_awaddr_reg[0]$_DFFE_PP_/Q	axi_crossbar_inst.axi_crossbar_wr_inst.m_ifaces[0].reg_inst.genblk1.genblk1.m_axi_awaddr_reg[0]$_DFFE_PP_/D
889	0.5251	axi_crossbar_inst.axi_crossbar_wr_inst.m_ifaces[I].reg_inst.genblkJ.genblkK.m_axi_awburst_reg[L]	axi_crossbar_inst.axi_crossbar_wr_inst.m_ifaces[I].reg_inst.genblkJ.genblkK.m_axi_awburst_reg[L]	axi_crossbar_inst.axi_crossbar_wr_inst.m_ifaces[0].reg_inst.genblk1.genblk1.m_axi_awburst_reg[0]$_DFFE_PP_/Q	axi_crossbar_inst.axi_crossbar_wr_inst.m_ifaces[0].reg_inst.genblk1.genblk1.m_axi_awburst_reg[0]$_DFFE_PP_/D
890	0.5251	axi_crossbar_inst.axi_crossbar_wr_inst.m_ifaces[I].reg_inst.genblkJ.genblkK.m_axi_awcache_reg[L]	axi_crossbar_inst.axi_crossbar_wr_inst.m_ifaces[I].reg_inst.genblkJ.genblkK.m_axi_awcache_reg[L]	axi_crossbar_inst.axi_crossbar_wr_inst.m_ifaces[0].reg_inst.genblk1.genblk1.m_axi_awcache_reg[0]$_DFFE_PP_/Q	axi_crossbar_inst.axi_crossbar_wr_inst.m_ifaces[0].reg_inst.genblk1.genblk1.m_axi_awcache_reg[0]$_DFFE_PP_/D
891	0.5251	axi_crossbar_inst.axi_crossbar_wr_inst.m_ifaces[I].reg_inst.genblkJ.genblkK.m_axi_awid_reg[L]	axi_crossbar_inst.axi_crossbar_wr_inst.m_ifaces[I].reg_inst.genblkJ.genblkK.m_axi_awid_reg[L]	axi_crossbar_inst.axi_crossbar_wr_inst.m_ifaces[0].reg_inst.genblk1.genblk1.m_axi_awid_reg[9]$_DFFE_PP_/Q	axi_crossbar_inst.axi_crossbar_wr_inst.m_ifaces[0].reg_inst.genblk1.genblk1.m_axi_awid_reg[9]$_DFFE_PP_/D
892	0.5251	axi_crossbar_inst.axi_crossbar_wr_inst.m_ifaces[I].reg_inst.genblkJ.genblkK.m_axi_awlen_reg[L]	axi_crossbar_inst.axi_crossbar_wr_inst.m_ifaces[I].reg_inst.genblkJ.genblkK.m_axi_awlen_reg[L]	axi_crossbar_inst.axi_crossbar_wr_inst.m_ifaces[0].reg_inst.genblk1.genblk1.m_axi_awlen_reg[0]$_DFFE_PP_/Q	axi_crossbar_inst.axi_crossbar_wr_inst.m_ifaces[0].reg_inst.genblk1.genblk1.m_axi_awlen_reg[0]$_DFFE_PP_/D
893	0.5251	axi_crossbar_inst.axi_crossbar_wr_inst.m_ifaces[I].reg_inst.genblkJ.genblkK.m_axi_awprot_reg[L]	axi_crossbar_inst.axi_crossbar_wr_inst.m_ifaces[I].reg_inst.genblkJ.genblkK.m_axi_awprot_reg[L]	axi_crossbar_inst.axi_crossbar_wr_inst.m_ifaces[0].reg_inst.genblk1.genblk1.m_axi_awprot_reg[0]$_DFFE_PP_/Q	axi_crossbar_inst.axi_crossbar_wr_inst.m_ifaces[0].reg_inst.genblk1.genblk1.m_axi_awprot_reg[0]$_DFFE_PP_/D
894	0.5251	axi_crossbar_inst.axi_crossbar_wr_inst.m_ifaces[I].reg_inst.genblkJ.genblkK.m_axi_awqos_reg[L]	axi_crossbar_inst.axi_crossbar_wr_inst.m_ifaces[I].reg_inst.genblkJ.genblkK.m_axi_awqos_reg[L]	axi_crossbar_inst.axi_crossbar_wr_inst.m_ifaces[0].reg_inst.genblk1.genblk1.m_axi_awqos_reg[0]$_DFFE_PP_/Q	axi_crossbar_inst.axi_crossbar_wr_inst.m_ifaces[0].reg_inst.genblk1.genblk1.m_axi_awqos_reg[0]$_DFFE_PP_/D
895	0.5251	axi_crossbar_inst.axi_crossbar_wr_inst.m_ifaces[I].reg_inst.genblkJ.genblkK.m_axi_awsize_reg[L]	axi_crossbar_inst.axi_crossbar_wr_inst.m_ifaces[I].reg_inst.genblkJ.genblkK.m_axi_awsize_reg[L]	axi_crossbar_inst.axi_crossbar_wr_inst.m_ifaces[0].reg_inst.genblk1.genblk1.m_axi_awsize_reg[0]$_DFFE_PP_/Q	axi_crossbar_inst.axi_crossbar_wr_inst.m_ifaces[0].reg_inst.genblk1.genblk1.m_axi_awsize_reg[0]$_DFFE_PP_/D
896	0.5251	axi_crossbar_inst.axi_crossbar_wr_inst.s_ifaces[I].reg_inst.genblkJ.genblkK.s_axi_bid_reg[L]	axi_crossbar_inst.axi_crossbar_wr_inst.s_ifaces[I].reg_inst.genblkJ.genblkK.s_axi_bid_reg[L]	axi_crossbar_inst.axi_crossbar_wr_inst.s_ifaces[1].reg_inst.genblk3.genblk1.s_axi_bid_reg[0]$_DFFE_PP_/Q	axi_crossbar_inst.axi_crossbar_wr_inst.s_ifaces[1].reg_inst.genblk3.genblk1.s_axi_bid_reg[0]$_DFFE_PP_/D
897	0.5251	axi_crossbar_inst.axi_crossbar_wr_inst.s_ifaces[I].reg_inst.genblkJ.genblkK.s_axi_bresp_reg[L]	axi_crossbar_inst.axi_crossbar_wr_inst.s_ifaces[I].reg_inst.genblkJ.genblkK.s_axi_bresp_reg[L]	axi_crossbar_inst.axi_crossbar_wr_inst.s_ifaces[1].reg_inst.genblk3.genblk1.s_axi_bresp_reg[0]$_DFFE_PP_/Q	axi_crossbar_inst.axi_crossbar_wr_inst.s_ifaces[1].reg_inst.genblk3.genblk1.s_axi_bresp_reg[0]$_DFFE_PP_/D
898	0.5251	axi_crossbar_inst.axi_crossbar_rd_inst.s_ifaces[I].reg_inst.genblkJ.temp_s_axi_rvalid_reg	axi_crossbar_inst.axi_crossbar_rd_inst.s_ifaces[I].reg_inst.genblkJ.s_axi_rvalid_reg	axi_crossbar_inst.axi_crossbar_rd_inst.s_ifaces[3].reg_inst.genblk2.temp_s_axi_rvalid_reg$_SDFFE_PP0P_/Q	axi_crossbar_inst.axi_crossbar_rd_inst.s_ifaces[3].reg_inst.genblk2.s_axi_rvalid_reg$_SDFFE_PP0P_/D
899	0.5252	axi_crossbar_inst.axi_crossbar_rd_inst.m_ifaces[I].reg_inst.genblkJ.genblkK.m_axi_arlock_reg	axi_crossbar_inst.axi_crossbar_rd_inst.m_ifaces[I].reg_inst.genblkJ.genblkK.m_axi_arlock_reg	axi_crossbar_inst.axi_crossbar_rd_inst.m_ifaces[0].reg_inst.genblk1.genblk1.m_axi_arlock_reg$_DFFE_PP_/Q	axi_crossbar_inst.axi_crossbar_rd_inst.m_ifaces[0].reg_inst.genblk1.genblk1.m_axi_arlock_reg$_DFFE_PP_/D
900	0.5252	axi_crossbar_inst.axi_crossbar_wr_inst.m_ifaces[I].reg_inst.genblkJ.genblkK.m_axi_awlock_reg	axi_crossbar_inst.axi_crossbar_wr_inst.m_ifaces[I].reg_inst.genblkJ.genblkK.m_axi_awlock_reg	axi_crossbar_inst.axi_crossbar_wr_inst.m_ifaces[0].reg_inst.genblk1.genblk1.m_axi_awlock_reg$_DFFE_PP_/Q	axi_crossbar_inst.axi_crossbar_wr_inst.m_ifaces[0].reg_inst.genblk1.genblk1.m_axi_awlock_reg$_DFFE_PP_/D
901	0.5298	axi_crossbar_inst.axi_crossbar_wr_inst.s_ifaces[I].addr_inst.m_wc_valid_reg	axi_crossbar_inst.axi_crossbar_wr_inst.s_ifaces[I].addr_inst.m_wc_valid_reg	axi_crossbar_inst.axi_crossbar_wr_inst.s_ifaces[3].addr_inst.m_wc_valid_reg$_SDFF_PP0_/Q	axi_crossbar_inst.axi_crossbar_wr_inst.s_ifaces[3].addr_inst.m_wc_valid_reg$_SDFF_PP0_/D
902	0.5413	axi_crossbar_inst.axi_crossbar_rd_inst.s_ifaces[I].reg_inst.genblkJ.temp_s_axi_rlast_reg	axi_crossbar_inst.axi_crossbar_rd_inst.s_ifaces[I].reg_inst.genblkJ.temp_s_axi_rlast_reg	axi_crossbar_inst.axi_crossbar_rd_inst.s_ifaces[7].reg_inst.genblk2.temp_s_axi_rlast_reg$_DFFE_PP_/Q	axi_crossbar_inst.axi_crossbar_rd_inst.s_ifaces[7].reg_inst.genblk2.temp_s_axi_rlast_reg$_DFFE_PP_/D
903	0.5456	axi_crossbar_inst.axi_crossbar_wr_inst.m_ifaces[I].reg_inst.genblkJ.m_axi_wdata_reg[K]	axi_crossbar_inst.axi_crossbar_wr_inst.m_ifaces[I].reg_inst.genblkJ.m_axi_wdata_reg[K]	axi_crossbar_inst.axi_crossbar_wr_inst.m_ifaces[0].reg_inst.genblk2.m_axi_wdata_reg[0]$_DFFE_PP_/Q	axi_crossbar_inst.axi_crossbar_wr_inst.m_ifaces[0].reg_inst.genblk2.m_axi_wdata_reg[0]$_DFFE_PP_/D
904	0.5456	axi_crossbar_inst.axi_crossbar_wr_inst.m_ifaces[I].reg_inst.genblkJ.m_axi_wlast_reg	axi_crossbar_inst.axi_crossbar_wr_inst.m_ifaces[I].reg_inst.genblkJ.m_axi_wlast_reg	axi_crossbar_inst.axi_crossbar_wr_inst.m_ifaces[0].reg_inst.genblk2.m_axi_wlast_reg$_DFFE_PP_/Q	axi_crossbar_inst.axi_crossbar_wr_inst.m_ifaces[0].reg_inst.genblk2.m_axi_wlast_reg$_DFFE_PP_/D
905	0.5456	axi_crossbar_inst.axi_crossbar_wr_inst.m_ifaces[I].reg_inst.genblkJ.m_axi_wstrb_reg[K]	axi_crossbar_inst.axi_crossbar_wr_inst.m_ifaces[I].reg_inst.genblkJ.m_axi_wstrb_reg[K]	axi_crossbar_inst.axi_crossbar_wr_inst.m_ifaces[0].reg_inst.genblk2.m_axi_wstrb_reg[3]$_DFFE_PP_/Q	axi_crossbar_inst.axi_crossbar_wr_inst.m_ifaces[0].reg_inst.genblk2.m_axi_wstrb_reg[3]$_DFFE_PP_/D
906	0.5456	axi_crossbar_inst.axi_crossbar_rd_inst.s_ifaces[I].reg_inst.genblkJ.s_axi_rid_reg[K]	axi_crossbar_inst.axi_crossbar_rd_inst.s_ifaces[I].reg_inst.genblkJ.s_axi_rid_reg[K]	axi_crossbar_inst.axi_crossbar_rd_inst.s_ifaces[0].reg_inst.genblk2.s_axi_rid_reg[0]$_DFFE_PP_/Q	axi_crossbar_inst.axi_crossbar_rd_inst.s_ifaces[0].reg_inst.genblk2.s_axi_rid_reg[0]$_DFFE_PP_/D
907	0.5456	axi_crossbar_inst.axi_crossbar_rd_inst.s_ifaces[I].reg_inst.genblkJ.s_axi_rlast_reg	axi_crossbar_inst.axi_crossbar_rd_inst.s_ifaces[I].reg_inst.genblkJ.s_axi_rlast_reg	axi_crossbar_inst.axi_crossbar_rd_inst.s_ifaces[0].reg_inst.genblk2.s_axi_rlast_reg$_DFFE_PP_/Q	axi_crossbar_inst.axi_crossbar_rd_inst.s_ifaces[0].reg_inst.genblk2.s_axi_rlast_reg$_DFFE_PP_/D
908	0.5456	axi_crossbar_inst.axi_crossbar_rd_inst.s_ifaces[I].reg_inst.genblkJ.s_axi_rresp_reg[K]	axi_crossbar_inst.axi_crossbar_rd_inst.s_ifaces[I].reg_inst.genblkJ.s_axi_rresp_reg[K]	axi_crossbar_inst.axi_crossbar_rd_inst.s_ifaces[0].reg_inst.genblk2.s_axi_rresp_reg[0]$_DFFE_PP_/Q	axi_crossbar_inst.axi_crossbar_rd_inst.s_ifaces[0].reg_inst.genblk2.s_axi_rresp_reg[0]$_DFFE_PP_/D
909	0.5485	axi_crossbar_inst.axi_crossbar_rd_inst.s_ifaces[I].reg_inst.genblkJ.s_axi_rdata_reg[K]	axi_crossbar_inst.axi_crossbar_rd_inst.s_ifaces[I].reg_inst.genblkJ.s_axi_rdata_reg[K]	axi_crossbar_inst.axi_crossbar_rd_inst.s_ifaces[0].reg_inst.genblk2.s_axi_rdata_reg[10]$_DFFE_PP_/Q	axi_crossbar_inst.axi_crossbar_rd_inst.s_ifaces[0].reg_inst.genblk2.s_axi_rdata_reg[10]$_DFFE_PP_/D
910	0.5505	axi_crossbar_inst.axi_crossbar_wr_inst.m_ifaces[I].reg_inst.genblkJ.temp_m_axi_wvalid_reg	axi_crossbar_inst.axi_crossbar_wr_inst.m_ifaces[I].reg_inst.genblkJ.s_axi_wready_reg	axi_crossbar_inst.axi_crossbar_wr_inst.m_ifaces[2].reg_inst.genblk2.temp_m_axi_wvalid_reg$_SDFFE_PP0P_/QN	axi_crossbar_inst.axi_crossbar_wr_inst.m_ifaces[2].reg_inst.genblk2.s_axi_wready_reg$_SDFF_PP0_/D
911	0.5545	axi_crossbar_inst.axi_crossbar_rd_inst.s_ifaces[I].reg_inst.genblkJ.temp_s_axi_rvalid_reg	axi_crossbar_inst.axi_crossbar_rd_inst.s_ifaces[I].reg_inst.genblkJ.m_axi_rready_reg	axi_crossbar_inst.axi_crossbar_rd_inst.s_ifaces[5].reg_inst.genblk2.temp_s_axi_rvalid_reg$_SDFFE_PP0P_/QN	axi_crossbar_inst.axi_crossbar_rd_inst.s_ifaces[5].reg_inst.genblk2.m_axi_rready_reg$_SDFF_PP0_/D
