# stage	1_synth
# top_module	e203_cpu_top
# top_n	1000
# kind	blocks
# skip_async	1
# include_full	1
# rank	worst_slack_ns	start	end	start_full	end_full
1	-1.7603	dbg_mode	extIitcm_icb_cmd_ready	dbg_mode	ext2itcm_icb_cmd_ready
2	-1.6350	dbg_mode	extIdtcm_icb_cmd_ready	dbg_mode	ext2dtcm_icb_cmd_ready
3	-1.4802	dbg_mode	cmt_dcause_ena	dbg_mode	cmt_dcause_ena
4	-1.4656	dbg_step_r	extIitcm_icb_cmd_ready	dbg_step_r	ext2itcm_icb_cmd_ready
5	-1.4473	dbg_halt_r	extIitcm_icb_cmd_ready	dbg_halt_r	ext2itcm_icb_cmd_ready
6	-1.4293	dbg_mode	cmt_dcause[I]	dbg_mode	cmt_dcause[1]
7	-1.4203	dbg_mode	core_wfi	dbg_mode	core_wfi
8	-1.3664	dbg_mode	cmt_dpc_ena	dbg_mode	cmt_dpc_ena
9	-1.3403	dbg_step_r	extIdtcm_icb_cmd_ready	dbg_step_r	ext2dtcm_icb_cmd_ready
10	-1.3220	dbg_halt_r	extIdtcm_icb_cmd_ready	dbg_halt_r	ext2dtcm_icb_cmd_ready
11	-1.1856	dbg_step_r	cmt_dcause_ena	dbg_step_r	cmt_dcause_ena
12	-1.1672	dbg_halt_r	cmt_dcause_ena	dbg_halt_r	cmt_dcause_ena
13	-1.1390	u_eI_cpu.u_eJ_core.u_eK_ifu.u_eL_ifu_ifetch.ifu_lo_ir_dfflr.qout_r[M]	extIitcm_icb_cmd_ready	u_e203_cpu.u_e203_core.u_e203_ifu.u_e203_ifu_ifetch.ifu_lo_ir_dfflr.qout_r[6]$_DFFE_PN0P_/Q	ext2itcm_icb_cmd_ready
14	-1.1305	dbg_mode	u_eI_cpu.u_eJ_core.u_eK_biu.u_sirv_gnrl_icb_buffer.u_sirv_gnrl_cmd_fifo.dp_gtL.fifo_rf[M].fifo_rf_dffl.qout_r[N]	dbg_mode	u_e203_cpu.u_e203_core.u_e203_biu.u_sirv_gnrl_icb_buffer.u_sirv_gnrl_cmd_fifo.dp_gt0.fifo_rf[0].fifo_rf_dffl.qout_r[73]$_DFFE_PP_/D
15	-1.1301	dbg_mode	u_eI_cpu.u_eJ_itcm_ctrl.u_sram_icb_ctrl.u_byp_icb_cmd_buf.u_bypbuf_fifo.dp_gtK.vec_L_dfflrs.qout_r	dbg_mode	u_e203_cpu.u_e203_itcm_ctrl.u_sram_icb_ctrl.u_byp_icb_cmd_buf.u_bypbuf_fifo.dp_gt0.vec_0_dfflrs.qout_r$_DFFE_PN1P_/D
16	-1.1219	dbg_mode	u_eI_cpu.u_eJ_core.u_eK_ifu.u_eL_ifu_ifetch.ifu_hi_ir_dfflr.qout_r[M]	dbg_mode	u_e203_cpu.u_e203_core.u_e203_ifu.u_e203_ifu_ifetch.ifu_hi_ir_dfflr.qout_r[10]$_DFFE_PN0P_/D
17	-1.1214	u_eI_cpu.u_eJ_core.u_eK_ifu.u_eL_ifu_ifetch.ifu_hi_ir_dfflr.qout_r[M]	extIitcm_icb_cmd_ready	u_e203_cpu.u_e203_core.u_e203_ifu.u_e203_ifu_ifetch.ifu_hi_ir_dfflr.qout_r[15]$_DFFE_PN0P_/Q	ext2itcm_icb_cmd_ready
18	-1.1203	dbg_step_r	cmt_dcause[I]	dbg_step_r	cmt_dcause[1]
19	-1.1191	dbg_mode	u_eI_cpu.u_eJ_clk_ctrl.u_itcm_clkgate.enb	dbg_mode	u_e203_cpu.u_e203_clk_ctrl.u_itcm_clkgate.enb$_DLATCH_N_/D
20	-1.1165	dbg_mode	u_eI_cpu.u_eJ_itcm_ctrl.u_sram_icb_ctrl.u_byp_icb_cmd_buf.u_bypbuf_fifo.dp_gtK.fifo_rf[L].fifo_rf_dffl.qout_r[M]	dbg_mode	u_e203_cpu.u_e203_itcm_ctrl.u_sram_icb_ctrl.u_byp_icb_cmd_buf.u_bypbuf_fifo.dp_gt0.fifo_rf[0].fifo_rf_dffl.qout_r[42]$_DFFE_PP_/D
21	-1.1158	dbg_mode	u_eI_cpu.u_eJ_core.u_eK_biu.u_sirv_gnrl_icb_buffer.outs_cnt_dfflr.qout_r	dbg_mode	u_e203_cpu.u_e203_core.u_e203_biu.u_sirv_gnrl_icb_buffer.outs_cnt_dfflr.qout_r$_DFFE_PN0P_/D
22	-1.1155	dbg_mode	u_eI_cpu.u_eJ_core.u_eK_ifu.u_eL_ifu_iftMicb.leftover_dffl.qout_r[N]	dbg_mode	u_e203_cpu.u_e203_core.u_e203_ifu.u_e203_ifu_ift2icb.leftover_dffl.qout_r[12]$_DFFE_PP_/D
23	-1.1133	dbg_mode	u_eI_cpu.u_eJ_core.u_eK_ifu.u_eL_ifu_iftMicb.u_eN_ifetch_rsp_bypbuf.u_bypbuf_fifo.dp_gtO.fifo_rf[P].fifo_rf_dffl.qout_r[Q]	dbg_mode	u_e203_cpu.u_e203_core.u_e203_ifu.u_e203_ifu_ift2icb.u_e203_ifetch_rsp_bypbuf.u_bypbuf_fifo.dp_gt0.fifo_rf[0].fifo_rf_dffl.qout_r[10]$_DFFE_PP_/D
24	-1.1125	dbg_mode	u_eI_cpu.u_eJ_core.u_eK_biu.u_biu_icb_arbt.arbt_num_gt_L_gen.dp_M.u_sirv_gnrl_rspid_fifo.dp_gt_N.vld_dfflr.qout_r	dbg_mode	u_e203_cpu.u_e203_core.u_e203_biu.u_biu_icb_arbt.arbt_num_gt_1_gen.dp_1.u_sirv_gnrl_rspid_fifo.dp_gt_0.vld_dfflr.qout_r$_DFFE_PN0P_/D
25	-1.1060	dbg_mode	u_eI_cpu.u_eJ_core.u_eK_ifu.u_eL_ifu_ifetch.ir_rsMidx_dfflr.qout_r[N]	dbg_mode	u_e203_cpu.u_e203_core.u_e203_ifu.u_e203_ifu_ifetch.ir_rs2idx_dfflr.qout_r[0]$_DFFE_PN0P_/D
26	-1.1019	dbg_halt_r	cmt_dcause[I]	dbg_halt_r	cmt_dcause[1]
27	-1.1009	dbg_mode	u_eI_cpu.u_eJ_core.u_eK_biu.u_sirv_gnrl_icb_buffer.u_sirv_gnrl_cmd_fifo.dp_gtL.vec_M_dfflr.qout_r	dbg_mode	u_e203_cpu.u_e203_core.u_e203_biu.u_sirv_gnrl_icb_buffer.u_sirv_gnrl_cmd_fifo.dp_gt0.vec_31_dfflr.qout_r$_DFFE_PN0P_/D
28	-1.0997	dbg_mode	u_eI_srams.u_eJ_dtcm_ram.u_eK_dtcm_gnrl_ram.u_sirv_sim_ram.mem_r[L][M]	dbg_mode	u_e203_srams.u_e203_dtcm_ram.u_e203_dtcm_gnrl_ram.u_sirv_sim_ram.mem_r[0][0]$_DFFE_PP_/D
29	-1.0917	dbg_mode	u_eI_cpu.u_eJ_core.u_eK_biu.u_biu_icb_arbt.arbt_num_gt_L_gen.dp_M.u_sirv_gnrl_rspid_fifo.dp_gt_N.dat_dfflr.qout_r	dbg_mode	u_e203_cpu.u_e203_core.u_e203_biu.u_biu_icb_arbt.arbt_num_gt_1_gen.dp_1.u_sirv_gnrl_rspid_fifo.dp_gt_0.dat_dfflr.qout_r$_DFFE_PP_/D
30	-1.0895	dbg_mode	u_eI_srams.u_eJ_itcm_ram.u_eK_itcm_gnrl_ram.u_sirv_sim_ram.mem_r[L][M]	dbg_mode	u_e203_srams.u_e203_itcm_ram.u_e203_itcm_gnrl_ram.u_sirv_sim_ram.mem_r[0][0]$_DFFE_PP_/D
31	-1.0890	dbg_mode	u_eI_cpu.u_eJ_core.u_eK_biu.u_sirv_gnrl_icb_buffer.u_sirv_gnrl_cmd_fifo.dp_gtL.vec_M_dfflrs.qout_r	dbg_mode	u_e203_cpu.u_e203_core.u_e203_biu.u_sirv_gnrl_icb_buffer.u_sirv_gnrl_cmd_fifo.dp_gt0.vec_0_dfflrs.qout_r$_DFFE_PN1P_/D
32	-1.0875	dbg_mode	u_eI_cpu.u_eJ_core.u_eK_ifu.u_eL_ifu_ifetch.pc_dfflr.qout_r[M]	dbg_mode	u_e203_cpu.u_e203_core.u_e203_ifu.u_e203_ifu_ifetch.pc_dfflr.qout_r[29]$_DFFE_PN0P_/D
33	-1.0857	dbg_step_r	core_wfi	dbg_step_r	core_wfi
34	-1.0855	dbg_mode	u_eI_cpu.u_eJ_itcm_ctrl.u_sram_icb_ctrl.u_byp_icb_cmd_buf.u_bypbuf_fifo.dp_gtK.vec_L_dfflr.qout_r	dbg_mode	u_e203_cpu.u_e203_itcm_ctrl.u_sram_icb_ctrl.u_byp_icb_cmd_buf.u_bypbuf_fifo.dp_gt0.vec_31_dfflr.qout_r$_DFFE_PN0P_/D
35	-1.0796	dbg_mode	u_eI_cpu.u_eJ_core.u_eK_ifu.u_eL_ifu_iftMicb.leftover_err_dfflr.qout_r	dbg_mode	u_e203_cpu.u_e203_core.u_e203_ifu.u_e203_ifu_ift2icb.leftover_err_dfflr.qout_r$_DFFE_PN0P_/D
36	-1.0783	dbg_mode	u_eI_cpu.u_eJ_core.u_eK_ifu.u_eL_ifu_ifetch.ifu_lo_ir_dfflr.qout_r[M]	dbg_mode	u_e203_cpu.u_e203_core.u_e203_ifu.u_e203_ifu_ifetch.ifu_lo_ir_dfflr.qout_r[7]$_DFFE_PN0P_/D
37	-1.0783	dbg_mode	u_eI_cpu.u_eJ_core.u_eK_ifu.u_eL_ifu_ifetch.ifu_err_dfflr.qout_r	dbg_mode	u_e203_cpu.u_e203_core.u_e203_ifu.u_e203_ifu_ifetch.ifu_err_dfflr.qout_r$_DFFE_PN0P_/D
38	-1.0783	dbg_mode	u_eI_cpu.u_eJ_core.u_eK_ifu.u_eL_ifu_ifetch.ir_muldiv_bMb_dfflr.qout_r	dbg_mode	u_e203_cpu.u_e203_core.u_e203_ifu.u_e203_ifu_ifetch.ir_muldiv_b2b_dfflr.qout_r$_DFFE_PN0P_/D
39	-1.0770	dbg_mode	u_eI_cpu.u_eJ_itcm_ctrl.ifu_holdup_dffl.qout_r	dbg_mode	u_e203_cpu.u_e203_itcm_ctrl.ifu_holdup_dffl.qout_r$_DFFE_PN0P_/D
40	-1.0761	dbg_mode	u_eI_cpu.u_eJ_itcm_ctrl.u_sram_icb_ctrl.u_sirv_Kcyc_sram_ctrl.u_ram_clkgate.enb	dbg_mode	u_e203_cpu.u_e203_itcm_ctrl.u_sram_icb_ctrl.u_sirv_1cyc_sram_ctrl.u_ram_clkgate.enb$_DLATCH_N_/D
41	-1.0750	dbg_mode	u_eI_cpu.u_eJ_core.u_eK_ifu.u_eL_ifu_iftMicb.icbNitcm_dfflr.qout_r	dbg_mode	u_e203_cpu.u_e203_core.u_e203_ifu.u_e203_ifu_ift2icb.icb2itcm_dfflr.qout_r$_DFFE_PN0P_/D
42	-1.0734	dbg_mode	u_eI_cpu.u_eJ_core.u_eK_ifu.u_eL_ifu_iftMicb.icb_addr_N_O_dffl.qout_r[P]	dbg_mode	u_e203_cpu.u_e203_core.u_e203_ifu.u_e203_ifu_ift2icb.icb_addr_2_1_dffl.qout_r[0]$_DFFE_PP_/D
43	-1.0730	dbg_mode	u_eI_cpu.u_eJ_core.u_eK_ifu.u_eL_ifu_ifetch.pc_newpend_dfflr.qout_r	dbg_mode	u_e203_cpu.u_e203_core.u_e203_ifu.u_e203_ifu_ifetch.pc_newpend_dfflr.qout_r$_DFFE_PN0P_/D
44	-1.0695	dbg_halt_r	core_wfi	dbg_halt_r	core_wfi
45	-1.0657	dbg_mode	u_eI_cpu.u_eJ_itcm_ctrl.u_sram_icb_ctrl.u_sirv_Kcyc_sram_ctrl.u_eL_stage.dp_gt_M.vld_dfflr.qout_r	dbg_mode	u_e203_cpu.u_e203_itcm_ctrl.u_sram_icb_ctrl.u_sirv_1cyc_sram_ctrl.u_e1_stage.dp_gt_0.vld_dfflr.qout_r$_DFFE_PN0P_/D
46	-1.0647	dbg_mode	u_eI_cpu.u_eJ_core.u_eK_exu.u_eL_exu_alu.u_eM_exu_alu_dpath.sbf_N_dffl.qout_r[O]	dbg_mode	u_e203_cpu.u_e203_core.u_e203_exu.u_e203_exu_alu.u_e203_exu_alu_dpath.sbf_0_dffl.qout_r[10]$_DFFE_PP_/D
47	-1.0636	dbg_mode	u_eI_cpu.u_eJ_core.u_eK_ifu.u_eL_ifu_iftMicb.icbNmem_dfflr.qout_r	dbg_mode	u_e203_cpu.u_e203_core.u_e203_ifu.u_e203_ifu_ift2icb.icb2mem_dfflr.qout_r$_DFFE_PN0P_/D
48	-1.0593	dbg_mode	u_eI_cpu.u_eJ_core.u_eK_ifu.u_eL_ifu_ifetch.out_flag_dfflr.qout_r	dbg_mode	u_e203_cpu.u_e203_core.u_e203_ifu.u_e203_ifu_ifetch.out_flag_dfflr.qout_r$_DFFE_PN0P_/D
49	-1.0573	u_eI_cpu.u_eJ_core.u_eK_ifu.u_eL_ifu_ifetch.ir_rsMidx_dfflr.qout_r[N]	extIitcm_icb_cmd_ready	u_e203_cpu.u_e203_core.u_e203_ifu.u_e203_ifu_ifetch.ir_rs2idx_dfflr.qout_r[4]$_DFFE_PN0P_/Q	ext2itcm_icb_cmd_ready
50	-1.0566	dbg_mode	u_eI_cpu.u_eJ_core.u_eK_ifu.u_eL_ifu_iftMicb.req_need_Nuop_dfflr.qout_r	dbg_mode	u_e203_cpu.u_e203_core.u_e203_ifu.u_e203_ifu_ift2icb.req_need_0uop_dfflr.qout_r$_DFFE_PN0P_/D
51	-1.0479	dbg_step_r	cmt_dpc_ena	dbg_step_r	cmt_dpc_ena
52	-1.0467	dbg_mode	u_eI_cpu.u_eJ_core.u_eK_ifu.u_eL_ifu_ifetch.ifu_prdt_taken_dfflr.qout_r	dbg_mode	u_e203_cpu.u_e203_core.u_e203_ifu.u_e203_ifu_ifetch.ifu_prdt_taken_dfflr.qout_r$_DFFE_PN0P_/D
53	-1.0433	dbg_mode	u_eI_cpu.u_eJ_clk_ctrl.u_biu_clkgate.enb	dbg_mode	u_e203_cpu.u_e203_clk_ctrl.u_biu_clkgate.enb$_DLATCH_N_/D
54	-1.0355	dbg_mode	u_eI_cpu.u_eJ_core.u_eK_ifu.u_eL_ifu_ifetch.dly_flush_dfflr.qout_r	dbg_mode	u_e203_cpu.u_e203_core.u_e203_ifu.u_e203_ifu_ifetch.dly_flush_dfflr.qout_r$_DFFE_PN0P_/D
55	-1.0348	dbg_mode	u_eI_cpu.u_eJ_dtcm_ctrl.u_sram_icb_ctrl.u_byp_icb_cmd_buf.u_bypbuf_fifo.dp_gtK.fifo_rf[L].fifo_rf_dffl.qout_r[M]	dbg_mode	u_e203_cpu.u_e203_dtcm_ctrl.u_sram_icb_ctrl.u_byp_icb_cmd_buf.u_bypbuf_fifo.dp_gt0.fifo_rf[0].fifo_rf_dffl.qout_r[10]$_DFFE_PP_/D
56	-1.0347	dbg_mode	u_eI_cpu.u_eJ_core.u_eK_ifu.u_eL_ifu_iftMicb.req_same_cross_holdup_dfflr.qout_r	dbg_mode	u_e203_cpu.u_e203_core.u_e203_ifu.u_e203_ifu_ift2icb.req_same_cross_holdup_dfflr.qout_r$_DFFE_PN0P_/D
57	-1.0346	dbg_mode	u_eI_cpu.u_eJ_clk_ctrl.itcm_active_dffr.qout_r	dbg_mode	u_e203_cpu.u_e203_clk_ctrl.itcm_active_dffr.qout_r$_DFF_PN0_/D
58	-1.0322	dbg_mode	u_eI_cpu.u_eJ_core.u_eK_ifu.u_eL_ifu_ifetch.ir_valid_dfflr.qout_r	dbg_mode	u_e203_cpu.u_e203_core.u_e203_ifu.u_e203_ifu_ifetch.ir_valid_dfflr.qout_r$_DFFE_PN0P_/D
59	-1.0309	dbg_mode	u_eI_cpu.u_eJ_core.u_eK_exu.u_eL_exu_csr.minstret_dfflr.qout_r[M]	dbg_mode	u_e203_cpu.u_e203_core.u_e203_exu.u_e203_exu_csr.minstret_dfflr.qout_r[29]$_DFFE_PN0P_/D
60	-1.0301	dbg_mode	u_eI_cpu.u_eJ_core.u_eK_ifu.u_eL_ifu_ifetch.reset_req_dfflr.qout_r	dbg_mode	u_e203_cpu.u_e203_core.u_e203_ifu.u_e203_ifu_ifetch.reset_req_dfflr.qout_r$_DFFE_PN0P_/D
61	-1.0296	dbg_halt_r	cmt_dpc_ena	dbg_halt_r	cmt_dpc_ena
62	-1.0279	dbg_mode	u_eI_cpu.u_eJ_core.u_eK_ifu.u_eL_ifu_iftMicb.icb_state_dfflr.qout_r[N]	dbg_mode	u_e203_cpu.u_e203_core.u_e203_ifu.u_e203_ifu_ift2icb.icb_state_dfflr.qout_r[0]$_DFFE_PN0P_/D
63	-1.0276	dbg_mode	u_eI_cpu.u_eJ_core.u_eK_ifu.u_eL_ifu_iftMicb.req_lane_cross_dfflr.qout_r	dbg_mode	u_e203_cpu.u_e203_core.u_e203_ifu.u_e203_ifu_ift2icb.req_lane_cross_dfflr.qout_r$_DFFE_PN0P_/D
64	-1.0239	dbg_mode	u_eI_cpu.u_eJ_core.u_eK_ifu.u_eL_ifu_iftMicb.u_eN_ifetch_rsp_bypbuf.u_bypbuf_fifo.dp_gtO.vec_P_dfflrs.qout_r	dbg_mode	u_e203_cpu.u_e203_core.u_e203_ifu.u_e203_ifu_ift2icb.u_e203_ifetch_rsp_bypbuf.u_bypbuf_fifo.dp_gt0.vec_0_dfflrs.qout_r$_DFFE_PN1P_/D
65	-1.0206	dbg_mode	u_eI_cpu.u_eJ_itcm_ctrl.u_sram_icb_ctrl.u_sirv_Kcyc_sram_ctrl.u_eL_stage.dp_gt_M.dat_dfflr.qout_r[N]	dbg_mode	u_e203_cpu.u_e203_itcm_ctrl.u_sram_icb_ctrl.u_sirv_1cyc_sram_ctrl.u_e1_stage.dp_gt_0.dat_dfflr.qout_r[1]$_DFFE_PP_/D
66	-1.0184	dbg_mode	u_eI_cpu.u_eJ_core.u_eK_exu.u_eL_exu_csr.minstreth_dfflr.qout_r[M]	dbg_mode	u_e203_cpu.u_e203_core.u_e203_exu.u_e203_exu_csr.minstreth_dfflr.qout_r[30]$_DFFE_PN0P_/D
67	-1.0137	u_eI_cpu.u_eJ_core.u_eK_ifu.u_eL_ifu_ifetch.ifu_lo_ir_dfflr.qout_r[M]	extIdtcm_icb_cmd_ready	u_e203_cpu.u_e203_core.u_e203_ifu.u_e203_ifu_ifetch.ifu_lo_ir_dfflr.qout_r[6]$_DFFE_PN0P_/Q	ext2dtcm_icb_cmd_ready
68	-1.0081	dbg_mode	u_eI_cpu.u_eJ_core.u_eK_ifu.u_eL_ifu_iftMicb.u_eN_ifetch_rsp_bypbuf.u_bypbuf_fifo.dp_gtO.vec_P_dfflr.qout_r	dbg_mode	u_e203_cpu.u_e203_core.u_e203_ifu.u_e203_ifu_ift2icb.u_e203_ifetch_rsp_bypbuf.u_bypbuf_fifo.dp_gt0.vec_31_dfflr.qout_r$_DFFE_PN0P_/D
69	-0.9961	u_eI_cpu.u_eJ_core.u_eK_ifu.u_eL_ifu_ifetch.ifu_hi_ir_dfflr.qout_r[M]	extIdtcm_icb_cmd_ready	u_e203_cpu.u_e203_core.u_e203_ifu.u_e203_ifu_ifetch.ifu_hi_ir_dfflr.qout_r[15]$_DFFE_PN0P_/Q	ext2dtcm_icb_cmd_ready
70	-0.9890	dbg_mode	u_eI_cpu.u_eJ_dtcm_ctrl.u_sram_icb_ctrl.u_byp_icb_cmd_buf.u_bypbuf_fifo.dp_gtK.vec_L_dfflrs.qout_r	dbg_mode	u_e203_cpu.u_e203_dtcm_ctrl.u_sram_icb_ctrl.u_byp_icb_cmd_buf.u_bypbuf_fifo.dp_gt0.vec_0_dfflrs.qout_r$_DFFE_PN1P_/D
71	-0.9811	dbg_mode	u_eI_cpu.u_eJ_itcm_ctrl.u_itcm_icb_extKitcm_nLw.fifo_dp_M.u_sirv_gnrl_nNw_fifo.dp_gt_O.dat_dfflr.qout_r	dbg_mode	u_e203_cpu.u_e203_itcm_ctrl.u_itcm_icb_ext2itcm_n2w.fifo_dp_1.u_sirv_gnrl_n2w_fifo.dp_gt_0.dat_dfflr.qout_r$_DFFE_PP_/D
72	-0.9794	dbg_mode	u_eI_cpu.u_eJ_core.u_eK_exu.u_eL_exu_alu.u_eM_exu_alu_dpath.sbf_N_dffl.qout_r[O]	dbg_mode	u_e203_cpu.u_e203_core.u_e203_exu.u_e203_exu_alu.u_e203_exu_alu_dpath.sbf_1_dffl.qout_r[32]$_SDFFCE_PN0P_/D
73	-0.9588	dbg_mode	u_eI_cpu.u_eJ_core.u_eK_exu.u_eL_exu_regfile.regfile[M].rfnoN.rf_dffl.qout_r[O]	dbg_mode	u_e203_cpu.u_e203_core.u_e203_exu.u_e203_exu_regfile.regfile[12].rfno0.rf_dffl.qout_r[15]$_DFFE_PP_/D
74	-0.9413	dbg_mode	u_eI_cpu.u_eJ_itcm_ctrl.u_itcm_icb_extKitcm_nLw.fifo_dp_M.u_sirv_gnrl_nNw_fifo.dp_gt_O.vld_dfflr.qout_r	dbg_mode	u_e203_cpu.u_e203_itcm_ctrl.u_itcm_icb_ext2itcm_n2w.fifo_dp_1.u_sirv_gnrl_n2w_fifo.dp_gt_0.vld_dfflr.qout_r$_DFFE_PN0P_/D
75	-0.9401	dbg_mode	u_eI_cpu.u_eJ_itcm_ctrl.u_itcm_icb_arbt.arbt_num_gt_K_gen.dp_L.u_sirv_gnrl_rspid_fifo.dp_gt_M.dat_dfflr.qout_r	dbg_mode	u_e203_cpu.u_e203_itcm_ctrl.u_itcm_icb_arbt.arbt_num_gt_1_gen.dp_1.u_sirv_gnrl_rspid_fifo.dp_gt_0.dat_dfflr.qout_r$_DFFE_PP_/D
76	-0.9320	u_eI_cpu.u_eJ_core.u_eK_ifu.u_eL_ifu_ifetch.ir_rsMidx_dfflr.qout_r[N]	extIdtcm_icb_cmd_ready	u_e203_cpu.u_e203_core.u_e203_ifu.u_e203_ifu_ifetch.ir_rs2idx_dfflr.qout_r[4]$_DFFE_PN0P_/Q	ext2dtcm_icb_cmd_ready
77	-0.9272	dbg_mode	u_eI_cpu.u_eJ_core.u_eK_lsu.u_eL_lsu_ctrl.u_eM_lsu_splt_stage.dp_gt_N.dat_dfflr.qout_r[O]	dbg_mode	u_e203_cpu.u_e203_core.u_e203_lsu.u_e203_lsu_ctrl.u_e203_lsu_splt_stage.dp_gt_0.dat_dfflr.qout_r[39]$_DFFE_PP_/D
78	-0.9242	dbg_mode	u_eI_cpu.u_eJ_dtcm_ctrl.u_sram_icb_ctrl.u_byp_icb_cmd_buf.u_bypbuf_fifo.dp_gtK.vec_L_dfflr.qout_r	dbg_mode	u_e203_cpu.u_e203_dtcm_ctrl.u_sram_icb_ctrl.u_byp_icb_cmd_buf.u_bypbuf_fifo.dp_gt0.vec_31_dfflr.qout_r$_DFFE_PN0P_/D
79	-0.9191	dbg_mode	u_eI_cpu.u_eJ_core.u_eK_exu.u_eL_exu_alu.u_eM_exu_alu_muldiv.part_remd_sftN_dfflr.qout_r	dbg_mode	u_e203_cpu.u_e203_core.u_e203_exu.u_e203_exu_alu.u_e203_exu_alu_muldiv.part_remd_sft1_dfflr.qout_r$_DFFE_PN0P_/D
80	-0.9185	dbg_mode	u_eI_cpu.u_eJ_core.u_eK_exu.u_eL_exu_alu.u_eM_exu_alu_lsuagu.icb_state_dfflr.qout_r[N]	dbg_mode	u_e203_cpu.u_e203_core.u_e203_exu.u_e203_exu_alu.u_e203_exu_alu_lsuagu.icb_state_dfflr.qout_r[0]$_DFFE_PN0P_/D
81	-0.9076	u_eI_cpu.u_eJ_core.u_eK_ifu.u_eL_ifu_ifetch.ifu_err_dfflr.qout_r	extIitcm_icb_cmd_ready	u_e203_cpu.u_e203_core.u_e203_ifu.u_e203_ifu_ifetch.ifu_err_dfflr.qout_r$_DFFE_PN0P_/Q	ext2itcm_icb_cmd_ready
82	-0.9027	dbg_mode	u_eI_cpu.u_eJ_core.u_eK_lsu.u_eL_lsu_ctrl.excl_flg_dffl.qout_r	dbg_mode	u_e203_cpu.u_e203_core.u_e203_lsu.u_e203_lsu_ctrl.excl_flg_dffl.qout_r$_DFFE_PN0P_/D
83	-0.9015	dbg_mode	u_eI_cpu.u_eJ_core.u_eK_ifu.u_eL_ifu_ifetch.ifu_pc_dfflr.qout_r[M]	dbg_mode	u_e203_cpu.u_e203_core.u_e203_ifu.u_e203_ifu_ifetch.ifu_pc_dfflr.qout_r[10]$_DFFE_PN0P_/D
84	-0.8899	dbg_mode	u_eI_cpu.u_eJ_core.u_eK_ifu.u_eL_ifu_ifetch.ir_pc_vld_dfflr.qout_r	dbg_mode	u_e203_cpu.u_e203_core.u_e203_ifu.u_e203_ifu_ifetch.ir_pc_vld_dfflr.qout_r$_DFFE_PN0P_/D
85	-0.8854	dbg_mode	u_eI_cpu.u_eJ_core.u_eK_lsu.u_eL_lsu_ctrl.excl_addr_dffl.qout_r[M]	dbg_mode	u_e203_cpu.u_e203_core.u_e203_lsu.u_e203_lsu_ctrl.excl_addr_dffl.qout_r[10]$_DFFE_PN0P_/D
86	-0.8800	dbg_mode	u_eI_cpu.u_eJ_core.u_eK_exu.u_eL_exu_alu.u_eM_exu_alu_muldiv.part_prdt_sftN_dfflr.qout_r	dbg_mode	u_e203_cpu.u_e203_core.u_e203_exu.u_e203_exu_alu.u_e203_exu_alu_muldiv.part_prdt_sft1_dfflr.qout_r$_DFFE_PN0P_/D
87	-0.8760	dbg_mode	u_eI_cpu.u_eJ_clk_ctrl.u_dtcm_clkgate.enb	dbg_mode	u_e203_cpu.u_e203_clk_ctrl.u_dtcm_clkgate.enb$_DLATCH_N_/D
88	-0.8746	dbg_mode	u_eI_cpu.u_eJ_core.u_eK_exu.u_eL_exu_alu.u_eM_exu_alu_muldiv.muldiv_state_dfflr.qout_r[N]	dbg_mode	u_e203_cpu.u_e203_core.u_e203_exu.u_e203_exu_alu.u_e203_exu_alu_muldiv.muldiv_state_dfflr.qout_r[1]$_DFFE_PN0P_/D
89	-0.8722	dbg_mode	u_eI_cpu.u_eJ_core.u_eK_exu.u_eL_exu_oitf.depth_gtM.alc_ptr_dfflrs.qout_r	dbg_mode	u_e203_cpu.u_e203_core.u_e203_exu.u_e203_exu_oitf.depth_gt1.alc_ptr_dfflrs.qout_r$_DFFE_PN0P_/D
90	-0.8671	dbg_mode	u_eI_cpu.u_eJ_core.u_eK_exu.u_eL_exu_oitf.oitf_entries[M].pc_dfflrs.qout_r[N]	dbg_mode	u_e203_cpu.u_e203_core.u_e203_exu.u_e203_exu_oitf.oitf_entries[0].pc_dfflrs.qout_r[10]$_DFFE_PP_/D
91	-0.8671	dbg_mode	u_eI_cpu.u_eJ_core.u_eK_exu.u_eL_exu_oitf.oitf_entries[M].rdidx_dfflrs.qout_r[N]	dbg_mode	u_e203_cpu.u_e203_core.u_e203_exu.u_e203_exu_oitf.oitf_entries[0].rdidx_dfflrs.qout_r[4]$_DFFE_PP_/D
92	-0.8671	dbg_mode	u_eI_cpu.u_eJ_core.u_eK_exu.u_eL_exu_oitf.oitf_entries[M].rdwen_dfflrs.qout_r	dbg_mode	u_e203_cpu.u_e203_core.u_e203_exu.u_e203_exu_oitf.oitf_entries[0].rdwen_dfflrs.qout_r$_DFFE_PP_/D
93	-0.8670	u_eI_cpu.u_eJ_core.u_eK_exu.u_eL_exu_regfile.regfile[M].rfnoN.rf_dffl.qout_r[O]	extIitcm_icb_cmd_ready	u_e203_cpu.u_e203_core.u_e203_exu.u_e203_exu_regfile.regfile[14].rfno0.rf_dffl.qout_r[31]$_DFFE_PP_/Q	ext2itcm_icb_cmd_ready
94	-0.8645	dbg_mode	u_eI_cpu.u_eJ_dtcm_ctrl.u_dtcm_icb_arbt.arbt_num_gt_K_gen.dp_L.u_sirv_gnrl_rspid_fifo.dp_gt_M.vld_dfflr.qout_r	dbg_mode	u_e203_cpu.u_e203_dtcm_ctrl.u_dtcm_icb_arbt.arbt_num_gt_1_gen.dp_1.u_sirv_gnrl_rspid_fifo.dp_gt_0.vld_dfflr.qout_r$_DFFE_PN0P_/D
95	-0.8615	dbg_mode	u_eI_cpu.u_eJ_core.u_eK_exu.u_eL_exu_oitf.oitf_entries[M].vld_dfflrs.qout_r	dbg_mode	u_e203_cpu.u_e203_core.u_e203_exu.u_e203_exu_oitf.oitf_entries[0].vld_dfflrs.qout_r$_DFFE_PN0P_/D
96	-0.8613	dbg_mode	u_eI_cpu.u_eJ_core.u_eK_exu.u_eL_exu_csr.badaddr_dfflr.qout_r[M]	dbg_mode	u_e203_cpu.u_e203_core.u_e203_exu.u_e203_exu_csr.badaddr_dfflr.qout_r[17]$_DFFE_PN0P_/D
97	-0.8608	dbg_mode	u_eI_cpu.u_eJ_dtcm_ctrl.u_sram_icb_ctrl.u_sirv_Kcyc_sram_ctrl.u_eL_stage.dp_gt_M.vld_dfflr.qout_r	dbg_mode	u_e203_cpu.u_e203_dtcm_ctrl.u_sram_icb_ctrl.u_sirv_1cyc_sram_ctrl.u_e1_stage.dp_gt_0.vld_dfflr.qout_r$_DFFE_PN0P_/D
98	-0.8590	u_eI_cpu.u_eJ_core.u_eK_ifu.u_eL_ifu_ifetch.ifu_lo_ir_dfflr.qout_r[M]	cmt_dcause_ena	u_e203_cpu.u_e203_core.u_e203_ifu.u_e203_ifu_ifetch.ifu_lo_ir_dfflr.qout_r[6]$_DFFE_PN0P_/Q	cmt_dcause_ena
99	-0.8545	dbg_mode	u_eI_cpu.u_eJ_dtcm_ctrl.u_sram_icb_ctrl.u_sirv_Kcyc_sram_ctrl.u_ram_clkgate.enb	dbg_mode	u_e203_cpu.u_e203_dtcm_ctrl.u_sram_icb_ctrl.u_sirv_1cyc_sram_ctrl.u_ram_clkgate.enb$_DLATCH_N_/D
100	-0.8514	u_eI_cpu.u_eJ_core.u_eK_exu.u_eL_exu_alu.u_eM_exu_alu_lsuagu.icb_state_dfflr.qout_r[N]	extIitcm_icb_cmd_ready	u_e203_cpu.u_e203_core.u_e203_exu.u_e203_exu_alu.u_e203_exu_alu_lsuagu.icb_state_dfflr.qout_r[1]$_DFFE_PN0P_/Q	ext2itcm_icb_cmd_ready
101	-0.8414	dbg_mode	u_eI_cpu.u_eJ_core.u_eK_exu.u_eL_exu_csr.epc_dfflr.qout_r[M]	dbg_mode	u_e203_cpu.u_e203_core.u_e203_exu.u_e203_exu_csr.epc_dfflr.qout_r[10]$_DFFE_PN0P_/D
102	-0.8414	u_eI_cpu.u_eJ_core.u_eK_ifu.u_eL_ifu_ifetch.ifu_hi_ir_dfflr.qout_r[M]	cmt_dcause_ena	u_e203_cpu.u_e203_core.u_e203_ifu.u_e203_ifu_ifetch.ifu_hi_ir_dfflr.qout_r[15]$_DFFE_PN0P_/Q	cmt_dcause_ena
103	-0.8355	dbg_step_r	u_eI_cpu.u_eJ_itcm_ctrl.u_sram_icb_ctrl.u_byp_icb_cmd_buf.u_bypbuf_fifo.dp_gtK.vec_L_dfflrs.qout_r	dbg_step_r	u_e203_cpu.u_e203_itcm_ctrl.u_sram_icb_ctrl.u_byp_icb_cmd_buf.u_bypbuf_fifo.dp_gt0.vec_0_dfflrs.qout_r$_DFFE_PN1P_/D
104	-0.8285	dbg_mode	u_eI_cpu.u_eJ_itcm_ctrl.u_itcm_icb_arbt.arbt_num_gt_K_gen.dp_L.u_sirv_gnrl_rspid_fifo.dp_gt_M.vld_dfflr.qout_r	dbg_mode	u_e203_cpu.u_e203_itcm_ctrl.u_itcm_icb_arbt.arbt_num_gt_1_gen.dp_1.u_sirv_gnrl_rspid_fifo.dp_gt_0.vld_dfflr.qout_r$_DFFE_PN0P_/D
105	-0.8244	dbg_step_r	u_eI_cpu.u_eJ_clk_ctrl.u_itcm_clkgate.enb	dbg_step_r	u_e203_cpu.u_e203_clk_ctrl.u_itcm_clkgate.enb$_DLATCH_N_/D
106	-0.8211	dbg_step_r	u_eI_cpu.u_eJ_core.u_eK_biu.u_sirv_gnrl_icb_buffer.outs_cnt_dfflr.qout_r	dbg_step_r	u_e203_cpu.u_e203_core.u_e203_biu.u_sirv_gnrl_icb_buffer.outs_cnt_dfflr.qout_r$_DFFE_PN0P_/D
107	-0.8193	dbg_mode	u_eI_cpu.u_eJ_core.u_eK_ifu.u_eL_ifu_ifetch.u_eM_ifu_litebpu.rsNxn_rdrf_dfflrs.qout_r	dbg_mode	u_e203_cpu.u_e203_core.u_e203_ifu.u_e203_ifu_ifetch.u_e203_ifu_litebpu.rs1xn_rdrf_dfflrs.qout_r$_DFFE_PN0P_/D
108	-0.8191	dbg_mode	u_eI_cpu.u_eJ_itcm_ctrl.u_itcm_icb_lsuKitcm_nLw.fifo_dp_M.u_sirv_gnrl_nNw_fifo.dp_gt_O.dat_dfflr.qout_r	dbg_mode	u_e203_cpu.u_e203_itcm_ctrl.u_itcm_icb_lsu2itcm_n2w.fifo_dp_1.u_sirv_gnrl_n2w_fifo.dp_gt_0.dat_dfflr.qout_r$_DFFE_PP_/D
109	-0.8187	dbg_step_r	u_eI_cpu.u_eJ_core.u_eK_ifu.u_eL_ifu_iftMicb.u_eN_ifetch_rsp_bypbuf.u_bypbuf_fifo.dp_gtO.fifo_rf[P].fifo_rf_dffl.qout_r[Q]	dbg_step_r	u_e203_cpu.u_e203_core.u_e203_ifu.u_e203_ifu_ift2icb.u_e203_ifetch_rsp_bypbuf.u_bypbuf_fifo.dp_gt0.fifo_rf[0].fifo_rf_dffl.qout_r[10]$_DFFE_PP_/D
110	-0.8178	dbg_step_r	u_eI_cpu.u_eJ_core.u_eK_biu.u_biu_icb_arbt.arbt_num_gt_L_gen.dp_M.u_sirv_gnrl_rspid_fifo.dp_gt_N.vld_dfflr.qout_r	dbg_step_r	u_e203_cpu.u_e203_core.u_e203_biu.u_biu_icb_arbt.arbt_num_gt_1_gen.dp_1.u_sirv_gnrl_rspid_fifo.dp_gt_0.vld_dfflr.qout_r$_DFFE_PN0P_/D
111	-0.8171	dbg_halt_r	u_eI_cpu.u_eJ_itcm_ctrl.u_sram_icb_ctrl.u_byp_icb_cmd_buf.u_bypbuf_fifo.dp_gtK.vec_L_dfflrs.qout_r	dbg_halt_r	u_e203_cpu.u_e203_itcm_ctrl.u_sram_icb_ctrl.u_byp_icb_cmd_buf.u_bypbuf_fifo.dp_gt0.vec_0_dfflrs.qout_r$_DFFE_PN1P_/D
112	-0.8125	dbg_step_r	u_eI_cpu.u_eJ_itcm_ctrl.u_sram_icb_ctrl.u_byp_icb_cmd_buf.u_bypbuf_fifo.dp_gtK.fifo_rf[L].fifo_rf_dffl.qout_r[M]	dbg_step_r	u_e203_cpu.u_e203_itcm_ctrl.u_sram_icb_ctrl.u_byp_icb_cmd_buf.u_bypbuf_fifo.dp_gt0.fifo_rf[0].fifo_rf_dffl.qout_r[42]$_DFFE_PP_/D
113	-0.8125	dbg_step_r	u_eI_cpu.u_eJ_core.u_eK_biu.u_sirv_gnrl_icb_buffer.u_sirv_gnrl_cmd_fifo.dp_gtL.fifo_rf[M].fifo_rf_dffl.qout_r[N]	dbg_step_r	u_e203_cpu.u_e203_core.u_e203_biu.u_sirv_gnrl_icb_buffer.u_sirv_gnrl_cmd_fifo.dp_gt0.fifo_rf[0].fifo_rf_dffl.qout_r[73]$_DFFE_PP_/D
114	-0.8122	dbg_step_r	u_eI_cpu.u_eJ_core.u_eK_ifu.u_eL_ifu_iftMicb.leftover_dffl.qout_r[N]	dbg_step_r	u_e203_cpu.u_e203_core.u_e203_ifu.u_e203_ifu_ift2icb.leftover_dffl.qout_r[12]$_DFFE_PP_/D
115	-0.8087	dbg_mode	u_eI_cpu.u_eJ_clk_ctrl.dtcm_active_dffr.qout_r	dbg_mode	u_e203_cpu.u_e203_clk_ctrl.dtcm_active_dffr.qout_r$_DFF_PN0_/D
116	-0.8080	u_eI_cpu.u_eJ_core.u_eK_ifu.u_eL_ifu_ifetch.ifu_lo_ir_dfflr.qout_r[M]	cmt_dcause[I]	u_e203_cpu.u_e203_core.u_e203_ifu.u_e203_ifu_ifetch.ifu_lo_ir_dfflr.qout_r[6]$_DFFE_PN0P_/Q	cmt_dcause[1]
117	-0.8062	dbg_step_r	u_eI_cpu.u_eJ_core.u_eK_biu.u_sirv_gnrl_icb_buffer.u_sirv_gnrl_cmd_fifo.dp_gtL.vec_M_dfflr.qout_r	dbg_step_r	u_e203_cpu.u_e203_core.u_e203_biu.u_sirv_gnrl_icb_buffer.u_sirv_gnrl_cmd_fifo.dp_gt0.vec_31_dfflr.qout_r$_DFFE_PN0P_/D
118	-0.8060	dbg_halt_r	u_eI_cpu.u_eJ_clk_ctrl.u_itcm_clkgate.enb	dbg_halt_r	u_e203_cpu.u_e203_clk_ctrl.u_itcm_clkgate.enb$_DLATCH_N_/D
119	-0.8051	dbg_step_r	u_eI_srams.u_eJ_dtcm_ram.u_eK_dtcm_gnrl_ram.u_sirv_sim_ram.mem_r[L][M]	dbg_step_r	u_e203_srams.u_e203_dtcm_ram.u_e203_dtcm_gnrl_ram.u_sirv_sim_ram.mem_r[0][0]$_DFFE_PP_/D
120	-0.8028	dbg_mode	u_eI_cpu.u_eJ_core.u_eK_exu.u_eL_exu_alu.u_eM_exu_alu_lsuagu.unalgn_flg_dffl.qout_r	dbg_mode	u_e203_cpu.u_e203_core.u_e203_exu.u_e203_exu_alu.u_e203_exu_alu_lsuagu.unalgn_flg_dffl.qout_r$_DFFE_PN0P_/D
121	-0.8028	dbg_halt_r	u_eI_cpu.u_eJ_core.u_eK_biu.u_sirv_gnrl_icb_buffer.outs_cnt_dfflr.qout_r	dbg_halt_r	u_e203_cpu.u_e203_core.u_e203_biu.u_sirv_gnrl_icb_buffer.outs_cnt_dfflr.qout_r$_DFFE_PN0P_/D
122	-0.8021	dbg_mode	u_eI_cpu.u_eJ_core.u_eK_exu.u_eL_exu_alu.u_eM_exu_alu_muldiv.exec_cnt_dfflr.qout_r[N]	dbg_mode	u_e203_cpu.u_e203_core.u_e203_exu.u_e203_exu_alu.u_e203_exu_alu_muldiv.exec_cnt_dfflr.qout_r[0]$_DFFE_PN0P_/D
123	-0.8003	dbg_halt_r	u_eI_cpu.u_eJ_core.u_eK_ifu.u_eL_ifu_iftMicb.u_eN_ifetch_rsp_bypbuf.u_bypbuf_fifo.dp_gtO.fifo_rf[P].fifo_rf_dffl.qout_r[Q]	dbg_halt_r	u_e203_cpu.u_e203_core.u_e203_ifu.u_e203_ifu_ift2icb.u_e203_ifetch_rsp_bypbuf.u_bypbuf_fifo.dp_gt0.fifo_rf[0].fifo_rf_dffl.qout_r[10]$_DFFE_PP_/D
124	-0.7995	dbg_halt_r	u_eI_cpu.u_eJ_core.u_eK_biu.u_biu_icb_arbt.arbt_num_gt_L_gen.dp_M.u_sirv_gnrl_rspid_fifo.dp_gt_N.vld_dfflr.qout_r	dbg_halt_r	u_e203_cpu.u_e203_core.u_e203_biu.u_biu_icb_arbt.arbt_num_gt_1_gen.dp_1.u_sirv_gnrl_rspid_fifo.dp_gt_0.vld_dfflr.qout_r$_DFFE_PN0P_/D
125	-0.7990	u_eI_cpu.u_eJ_core.u_eK_ifu.u_eL_ifu_ifetch.ifu_lo_ir_dfflr.qout_r[M]	core_wfi	u_e203_cpu.u_e203_core.u_e203_ifu.u_e203_ifu_ifetch.ifu_lo_ir_dfflr.qout_r[6]$_DFFE_PN0P_/Q	core_wfi
126	-0.7969	dbg_step_r	u_eI_cpu.u_eJ_core.u_eK_ifu.u_eL_ifu_ifetch.ifu_hi_ir_dfflr.qout_r[M]	dbg_step_r	u_e203_cpu.u_e203_core.u_e203_ifu.u_e203_ifu_ifetch.ifu_hi_ir_dfflr.qout_r[10]$_DFFE_PN0P_/D
127	-0.7948	dbg_step_r	u_eI_srams.u_eJ_itcm_ram.u_eK_itcm_gnrl_ram.u_sirv_sim_ram.mem_r[L][M]	dbg_step_r	u_e203_srams.u_e203_itcm_ram.u_e203_itcm_gnrl_ram.u_sirv_sim_ram.mem_r[0][0]$_DFFE_PP_/D
128	-0.7945	dbg_mode	u_eI_cpu.u_eJ_core.u_eK_exu.u_eL_exu_oitf.depth_gtM.alc_ptr_flg_dfflrs.qout_r	dbg_mode	u_e203_cpu.u_e203_core.u_e203_exu.u_e203_exu_oitf.depth_gt1.alc_ptr_flg_dfflrs.qout_r$_DFFE_PN0P_/D
129	-0.7944	dbg_mode	u_eI_cpu.u_eJ_dtcm_ctrl.u_dtcm_icb_arbt.arbt_num_gt_K_gen.dp_L.u_sirv_gnrl_rspid_fifo.dp_gt_M.dat_dfflr.qout_r	dbg_mode	u_e203_cpu.u_e203_dtcm_ctrl.u_dtcm_icb_arbt.arbt_num_gt_1_gen.dp_1.u_sirv_gnrl_rspid_fifo.dp_gt_0.dat_dfflr.qout_r$_DFFE_PP_/D
130	-0.7942	dbg_halt_r	u_eI_cpu.u_eJ_itcm_ctrl.u_sram_icb_ctrl.u_byp_icb_cmd_buf.u_bypbuf_fifo.dp_gtK.fifo_rf[L].fifo_rf_dffl.qout_r[M]	dbg_halt_r	u_e203_cpu.u_e203_itcm_ctrl.u_sram_icb_ctrl.u_byp_icb_cmd_buf.u_bypbuf_fifo.dp_gt0.fifo_rf[0].fifo_rf_dffl.qout_r[42]$_DFFE_PP_/D
131	-0.7941	dbg_halt_r	u_eI_cpu.u_eJ_core.u_eK_biu.u_sirv_gnrl_icb_buffer.u_sirv_gnrl_cmd_fifo.dp_gtL.fifo_rf[M].fifo_rf_dffl.qout_r[N]	dbg_halt_r	u_e203_cpu.u_e203_core.u_e203_biu.u_sirv_gnrl_icb_buffer.u_sirv_gnrl_cmd_fifo.dp_gt0.fifo_rf[0].fifo_rf_dffl.qout_r[73]$_DFFE_PP_/D
132	-0.7939	dbg_halt_r	u_eI_cpu.u_eJ_core.u_eK_ifu.u_eL_ifu_iftMicb.leftover_dffl.qout_r[N]	dbg_halt_r	u_e203_cpu.u_e203_core.u_e203_ifu.u_e203_ifu_ift2icb.leftover_dffl.qout_r[12]$_DFFE_PP_/D
133	-0.7928	dbg_step_r	u_eI_cpu.u_eJ_core.u_eK_biu.u_biu_icb_arbt.arbt_num_gt_L_gen.dp_M.u_sirv_gnrl_rspid_fifo.dp_gt_N.dat_dfflr.qout_r	dbg_step_r	u_e203_cpu.u_e203_core.u_e203_biu.u_biu_icb_arbt.arbt_num_gt_1_gen.dp_1.u_sirv_gnrl_rspid_fifo.dp_gt_0.dat_dfflr.qout_r$_DFFE_PP_/D
134	-0.7928	dbg_mode	u_eI_cpu.u_eJ_core.u_eK_exu.u_eL_exu_csr.mcycle_dfflr.qout_r[M]	dbg_mode	u_e203_cpu.u_e203_core.u_e203_exu.u_e203_exu_csr.mcycle_dfflr.qout_r[10]$_DFFE_PN0P_/D
135	-0.7927	dbg_mode	u_eI_cpu.u_eJ_core.u_eK_exu.u_eL_exu_csr.mcycleh_dfflr.qout_r[M]	dbg_mode	u_e203_cpu.u_e203_core.u_e203_exu.u_e203_exu_csr.mcycleh_dfflr.qout_r[10]$_DFFE_PN0P_/D
136	-0.7927	dbg_mode	u_eI_cpu.u_eJ_core.u_eK_exu.u_eL_exu_csr.mtvec_dfflr.qout_r[M]	dbg_mode	u_e203_cpu.u_e203_core.u_e203_exu.u_e203_exu_csr.mtvec_dfflr.qout_r[10]$_DFFE_PN0P_/D
137	-0.7918	dbg_mode	u_eI_cpu.u_eJ_core.u_eK_exu.u_eL_exu_csr.cause_dfflr.qout_r[M]	dbg_mode	u_e203_cpu.u_e203_core.u_e203_exu.u_e203_exu_csr.cause_dfflr.qout_r[0]$_DFFE_PN0P_/D
138	-0.7906	dbg_step_r	u_eI_cpu.u_eJ_core.u_eK_biu.u_sirv_gnrl_icb_buffer.u_sirv_gnrl_cmd_fifo.dp_gtL.vec_M_dfflrs.qout_r	dbg_step_r	u_e203_cpu.u_e203_core.u_e203_biu.u_sirv_gnrl_icb_buffer.u_sirv_gnrl_cmd_fifo.dp_gt0.vec_0_dfflrs.qout_r$_DFFE_PN1P_/D
139	-0.7904	u_eI_cpu.u_eJ_core.u_eK_ifu.u_eL_ifu_ifetch.ifu_hi_ir_dfflr.qout_r[M]	cmt_dcause[I]	u_e203_cpu.u_e203_core.u_e203_ifu.u_e203_ifu_ifetch.ifu_hi_ir_dfflr.qout_r[15]$_DFFE_PN0P_/Q	cmt_dcause[1]
140	-0.7879	dbg_halt_r	u_eI_cpu.u_eJ_core.u_eK_biu.u_sirv_gnrl_icb_buffer.u_sirv_gnrl_cmd_fifo.dp_gtL.vec_M_dfflr.qout_r	dbg_halt_r	u_e203_cpu.u_e203_core.u_e203_biu.u_sirv_gnrl_icb_buffer.u_sirv_gnrl_cmd_fifo.dp_gt0.vec_31_dfflr.qout_r$_DFFE_PN0P_/D
141	-0.7871	dbg_mode	u_eI_cpu.u_eJ_core.u_eK_exu.u_eL_exu_csr.status_mie_dfflr.qout_r	dbg_mode	u_e203_cpu.u_e203_core.u_e203_exu.u_e203_exu_csr.status_mie_dfflr.qout_r$_DFFE_PN0P_/D
142	-0.7867	dbg_halt_r	u_eI_srams.u_eJ_dtcm_ram.u_eK_dtcm_gnrl_ram.u_sirv_sim_ram.mem_r[L][M]	dbg_halt_r	u_e203_srams.u_e203_dtcm_ram.u_e203_dtcm_gnrl_ram.u_sirv_sim_ram.mem_r[0][0]$_DFFE_PP_/D
143	-0.7857	dbg_mode	u_eI_cpu.u_eJ_core.u_eK_exu.u_eL_exu_csr.mscratch_dfflr.qout_r[M]	dbg_mode	u_e203_cpu.u_e203_core.u_e203_exu.u_e203_exu_csr.mscratch_dfflr.qout_r[10]$_DFFE_PN0P_/D
144	-0.7832	dbg_step_r	u_eI_cpu.u_eJ_itcm_ctrl.u_sram_icb_ctrl.u_byp_icb_cmd_buf.u_bypbuf_fifo.dp_gtK.vec_L_dfflr.qout_r	dbg_step_r	u_e203_cpu.u_e203_itcm_ctrl.u_sram_icb_ctrl.u_byp_icb_cmd_buf.u_bypbuf_fifo.dp_gt0.vec_31_dfflr.qout_r$_DFFE_PN0P_/D
145	-0.7823	u_eI_cpu.u_eJ_core.u_eK_ifu.u_eL_ifu_ifetch.ifu_err_dfflr.qout_r	extIdtcm_icb_cmd_ready	u_e203_cpu.u_e203_core.u_e203_ifu.u_e203_ifu_ifetch.ifu_err_dfflr.qout_r$_DFFE_PN0P_/Q	ext2dtcm_icb_cmd_ready
146	-0.7814	u_eI_cpu.u_eJ_core.u_eK_ifu.u_eL_ifu_ifetch.ifu_hi_ir_dfflr.qout_r[M]	core_wfi	u_e203_cpu.u_e203_core.u_e203_ifu.u_e203_ifu_ifetch.ifu_hi_ir_dfflr.qout_r[15]$_DFFE_PN0P_/Q	core_wfi
147	-0.7814	dbg_step_r	u_eI_cpu.u_eJ_itcm_ctrl.u_sram_icb_ctrl.u_sirv_Kcyc_sram_ctrl.u_ram_clkgate.enb	dbg_step_r	u_e203_cpu.u_e203_itcm_ctrl.u_sram_icb_ctrl.u_sirv_1cyc_sram_ctrl.u_ram_clkgate.enb$_DLATCH_N_/D
148	-0.7810	dbg_step_r	u_eI_cpu.u_eJ_core.u_eK_ifu.u_eL_ifu_ifetch.ir_rsMidx_dfflr.qout_r[N]	dbg_step_r	u_e203_cpu.u_e203_core.u_e203_ifu.u_e203_ifu_ifetch.ir_rs2idx_dfflr.qout_r[0]$_DFFE_PN0P_/D
149	-0.7803	dbg_step_r	u_eI_cpu.u_eJ_core.u_eK_ifu.u_eL_ifu_iftMicb.icbNitcm_dfflr.qout_r	dbg_step_r	u_e203_cpu.u_e203_core.u_e203_ifu.u_e203_ifu_ift2icb.icb2itcm_dfflr.qout_r$_DFFE_PN0P_/D
150	-0.7791	dbg_mode	u_eI_cpu.u_eJ_core.u_eK_lsu.u_eL_lsu_ctrl.u_lsu_icb_arbt.arbt_num_gt_M_gen.dp_N.u_sirv_gnrl_rspid_fifo.dp_gt_O.dat_dfflr.qout_r	dbg_mode	u_e203_cpu.u_e203_core.u_e203_lsu.u_e203_lsu_ctrl.u_lsu_icb_arbt.arbt_num_gt_1_gen.dp_1.u_sirv_gnrl_rspid_fifo.dp_gt_0.dat_dfflr.qout_r$_DFFE_PP_/D
151	-0.7787	dbg_step_r	u_eI_cpu.u_eJ_core.u_eK_ifu.u_eL_ifu_iftMicb.icb_addr_N_O_dffl.qout_r[P]	dbg_step_r	u_e203_cpu.u_e203_core.u_e203_ifu.u_e203_ifu_ift2icb.icb_addr_2_1_dffl.qout_r[0]$_DFFE_PP_/D
152	-0.7785	dbg_halt_r	u_eI_cpu.u_eJ_core.u_eK_ifu.u_eL_ifu_ifetch.ifu_hi_ir_dfflr.qout_r[M]	dbg_halt_r	u_e203_cpu.u_e203_core.u_e203_ifu.u_e203_ifu_ifetch.ifu_hi_ir_dfflr.qout_r[10]$_DFFE_PN0P_/D
153	-0.7779	dbg_mode	u_eI_cpu.u_eJ_itcm_ctrl.u_itcm_icb_lsuKitcm_nLw.fifo_dp_M.u_sirv_gnrl_nNw_fifo.dp_gt_O.vld_dfflr.qout_r	dbg_mode	u_e203_cpu.u_e203_itcm_ctrl.u_itcm_icb_lsu2itcm_n2w.fifo_dp_1.u_sirv_gnrl_n2w_fifo.dp_gt_0.vld_dfflr.qout_r$_DFFE_PN0P_/D
154	-0.7772	u_eI_cpu.u_eJ_core.u_eK_ifu.u_eL_ifu_ifetch.ir_rsMidx_dfflr.qout_r[N]	cmt_dcause_ena	u_e203_cpu.u_e203_core.u_e203_ifu.u_e203_ifu_ifetch.ir_rs2idx_dfflr.qout_r[4]$_DFFE_PN0P_/Q	cmt_dcause_ena
155	-0.7765	dbg_halt_r	u_eI_srams.u_eJ_itcm_ram.u_eK_itcm_gnrl_ram.u_sirv_sim_ram.mem_r[L][M]	dbg_halt_r	u_e203_srams.u_e203_itcm_ram.u_e203_itcm_gnrl_ram.u_sirv_sim_ram.mem_r[0][0]$_DFFE_PP_/D
156	-0.7748	dbg_mode	u_eI_cpu.u_eJ_core.u_eK_exu.u_eL_exu_alu.u_eM_exu_nice.u_nice_itag_fifo.dp_gtN.vec_O_dfflr.qout_r[P]	dbg_mode	u_e203_cpu.u_e203_core.u_e203_exu.u_e203_exu_alu.u_e203_exu_nice.u_nice_itag_fifo.dp_gt0.vec_31_dfflr.qout_r[1]$_DFFE_PN0P_/D
157	-0.7745	dbg_halt_r	u_eI_cpu.u_eJ_core.u_eK_biu.u_biu_icb_arbt.arbt_num_gt_L_gen.dp_M.u_sirv_gnrl_rspid_fifo.dp_gt_N.dat_dfflr.qout_r	dbg_halt_r	u_e203_cpu.u_e203_core.u_e203_biu.u_biu_icb_arbt.arbt_num_gt_1_gen.dp_1.u_sirv_gnrl_rspid_fifo.dp_gt_0.dat_dfflr.qout_r$_DFFE_PP_/D
158	-0.7730	u_eI_cpu.u_eJ_core.u_eK_exu.u_eL_exu_csr.mie_dfflr.qout_r[M]	extIitcm_icb_cmd_ready	u_e203_cpu.u_e203_core.u_e203_exu.u_e203_exu_csr.mie_dfflr.qout_r[7]$_DFFE_PN0P_/Q	ext2itcm_icb_cmd_ready
159	-0.7722	dbg_halt_r	u_eI_cpu.u_eJ_core.u_eK_biu.u_sirv_gnrl_icb_buffer.u_sirv_gnrl_cmd_fifo.dp_gtL.vec_M_dfflrs.qout_r	dbg_halt_r	u_e203_cpu.u_e203_core.u_e203_biu.u_sirv_gnrl_icb_buffer.u_sirv_gnrl_cmd_fifo.dp_gt0.vec_0_dfflrs.qout_r$_DFFE_PN1P_/D
160	-0.7711	dbg_step_r	u_eI_cpu.u_eJ_itcm_ctrl.u_sram_icb_ctrl.u_sirv_Kcyc_sram_ctrl.u_eL_stage.dp_gt_M.vld_dfflr.qout_r	dbg_step_r	u_e203_cpu.u_e203_itcm_ctrl.u_sram_icb_ctrl.u_sirv_1cyc_sram_ctrl.u_e1_stage.dp_gt_0.vld_dfflr.qout_r$_DFFE_PN0P_/D
161	-0.7689	dbg_step_r	u_eI_cpu.u_eJ_core.u_eK_ifu.u_eL_ifu_iftMicb.icbNmem_dfflr.qout_r	dbg_step_r	u_e203_cpu.u_e203_core.u_e203_ifu.u_e203_ifu_ift2icb.icb2mem_dfflr.qout_r$_DFFE_PN0P_/D
162	-0.7652	u_eI_cpu.u_eJ_core.u_eK_lsu.u_eL_lsu_ctrl.u_eM_lsu_splt_stage.dp_gt_N.vld_dfflr.qout_r	extIitcm_icb_cmd_ready	u_e203_cpu.u_e203_core.u_e203_lsu.u_e203_lsu_ctrl.u_e203_lsu_splt_stage.dp_gt_0.vld_dfflr.qout_r$_DFFE_PN0P_/Q	ext2itcm_icb_cmd_ready
163	-0.7648	dbg_halt_r	u_eI_cpu.u_eJ_itcm_ctrl.u_sram_icb_ctrl.u_byp_icb_cmd_buf.u_bypbuf_fifo.dp_gtK.vec_L_dfflr.qout_r	dbg_halt_r	u_e203_cpu.u_e203_itcm_ctrl.u_sram_icb_ctrl.u_byp_icb_cmd_buf.u_bypbuf_fifo.dp_gt0.vec_31_dfflr.qout_r$_DFFE_PN0P_/D
164	-0.7648	u_eI_cpu.u_eJ_core.u_eK_exu.u_eL_exu_oitf.depth_gtM.alc_ptr_dfflrs.qout_r	extIitcm_icb_cmd_ready	u_e203_cpu.u_e203_core.u_e203_exu.u_e203_exu_oitf.depth_gt1.alc_ptr_dfflrs.qout_r$_DFFE_PN0P_/Q	ext2itcm_icb_cmd_ready
165	-0.7647	u_eI_cpu.u_eJ_core.u_eK_exu.u_eL_exu_oitf.depth_gtM.ret_ptr_dfflrs.qout_r	extIitcm_icb_cmd_ready	u_e203_cpu.u_e203_core.u_e203_exu.u_e203_exu_oitf.depth_gt1.ret_ptr_dfflrs.qout_r$_DFFE_PN0P_/Q	ext2itcm_icb_cmd_ready
166	-0.7630	dbg_halt_r	u_eI_cpu.u_eJ_itcm_ctrl.u_sram_icb_ctrl.u_sirv_Kcyc_sram_ctrl.u_ram_clkgate.enb	dbg_halt_r	u_e203_cpu.u_e203_itcm_ctrl.u_sram_icb_ctrl.u_sirv_1cyc_sram_ctrl.u_ram_clkgate.enb$_DLATCH_N_/D
167	-0.7627	dbg_halt_r	u_eI_cpu.u_eJ_core.u_eK_ifu.u_eL_ifu_ifetch.ir_rsMidx_dfflr.qout_r[N]	dbg_halt_r	u_e203_cpu.u_e203_core.u_e203_ifu.u_e203_ifu_ifetch.ir_rs2idx_dfflr.qout_r[0]$_DFFE_PN0P_/D
168	-0.7624	dbg_step_r	u_eI_cpu.u_eJ_core.u_eK_ifu.u_eL_ifu_ifetch.pc_dfflr.qout_r[M]	dbg_step_r	u_e203_cpu.u_e203_core.u_e203_ifu.u_e203_ifu_ifetch.pc_dfflr.qout_r[29]$_DFFE_PN0P_/D
169	-0.7620	dbg_halt_r	u_eI_cpu.u_eJ_core.u_eK_ifu.u_eL_ifu_iftMicb.icbNitcm_dfflr.qout_r	dbg_halt_r	u_e203_cpu.u_e203_core.u_e203_ifu.u_e203_ifu_ift2icb.icb2itcm_dfflr.qout_r$_DFFE_PN0P_/D
170	-0.7603	dbg_halt_r	u_eI_cpu.u_eJ_core.u_eK_ifu.u_eL_ifu_iftMicb.icb_addr_N_O_dffl.qout_r[P]	dbg_halt_r	u_e203_cpu.u_e203_core.u_e203_ifu.u_e203_ifu_ift2icb.icb_addr_2_1_dffl.qout_r[0]$_DFFE_PP_/D
171	-0.7582	dbg_mode	u_eI_cpu.u_eJ_core.u_eK_exu.u_eL_exu_alu.u_eM_exu_nice.u_nice_itag_fifo.dp_gtN.vec_O_dfflrs.qout_r	dbg_mode	u_e203_cpu.u_e203_core.u_e203_exu.u_e203_exu_alu.u_e203_exu_nice.u_nice_itag_fifo.dp_gt0.vec_0_dfflrs.qout_r$_DFFE_PN1P_/D
172	-0.7548	dbg_step_r	u_eI_cpu.u_eJ_itcm_ctrl.ifu_holdup_dffl.qout_r	dbg_step_r	u_e203_cpu.u_e203_itcm_ctrl.ifu_holdup_dffl.qout_r$_DFFE_PN0P_/D
173	-0.7546	dbg_step_r	u_eI_cpu.u_eJ_core.u_eK_ifu.u_eL_ifu_iftMicb.leftover_err_dfflr.qout_r	dbg_step_r	u_e203_cpu.u_e203_core.u_e203_ifu.u_e203_ifu_ift2icb.leftover_err_dfflr.qout_r$_DFFE_PN0P_/D
174	-0.7542	dbg_mode	u_eI_cpu.u_eJ_core.u_eK_exu.u_eL_exu_alu.u_eM_exu_nice.u_nice_itag_fifo.dp_gtN.dp_gtO.wptr_vec_P_dfflr.qout_r[Q]	dbg_mode	u_e203_cpu.u_e203_core.u_e203_exu.u_e203_exu_alu.u_e203_exu_nice.u_nice_itag_fifo.dp_gt0.dp_gt1.wptr_vec_31_dfflr.qout_r[0]$_DFFE_PN0P_/D
175	-0.7532	dbg_step_r	u_eI_cpu.u_eJ_core.u_eK_ifu.u_eL_ifu_ifetch.ifu_lo_ir_dfflr.qout_r[M]	dbg_step_r	u_e203_cpu.u_e203_core.u_e203_ifu.u_e203_ifu_ifetch.ifu_lo_ir_dfflr.qout_r[7]$_DFFE_PN0P_/D
176	-0.7532	dbg_step_r	u_eI_cpu.u_eJ_core.u_eK_ifu.u_eL_ifu_ifetch.ifu_err_dfflr.qout_r	dbg_step_r	u_e203_cpu.u_e203_core.u_e203_ifu.u_e203_ifu_ifetch.ifu_err_dfflr.qout_r$_DFFE_PN0P_/D
177	-0.7532	dbg_step_r	u_eI_cpu.u_eJ_core.u_eK_ifu.u_eL_ifu_ifetch.ir_muldiv_bMb_dfflr.qout_r	dbg_step_r	u_e203_cpu.u_e203_core.u_e203_ifu.u_e203_ifu_ifetch.ir_muldiv_b2b_dfflr.qout_r$_DFFE_PN0P_/D
178	-0.7532	dbg_mode	u_eI_cpu.u_eJ_core.u_eK_exu.u_eL_exu_csr.status_mpie_dfflr.qout_r	dbg_mode	u_e203_cpu.u_e203_core.u_e203_exu.u_e203_exu_csr.status_mpie_dfflr.qout_r$_DFFE_PN0P_/D
179	-0.7527	dbg_halt_r	u_eI_cpu.u_eJ_itcm_ctrl.u_sram_icb_ctrl.u_sirv_Kcyc_sram_ctrl.u_eL_stage.dp_gt_M.vld_dfflr.qout_r	dbg_halt_r	u_e203_cpu.u_e203_itcm_ctrl.u_sram_icb_ctrl.u_sirv_1cyc_sram_ctrl.u_e1_stage.dp_gt_0.vld_dfflr.qout_r$_DFFE_PN0P_/D
180	-0.7506	dbg_halt_r	u_eI_cpu.u_eJ_core.u_eK_ifu.u_eL_ifu_iftMicb.icbNmem_dfflr.qout_r	dbg_halt_r	u_e203_cpu.u_e203_core.u_e203_ifu.u_e203_ifu_ift2icb.icb2mem_dfflr.qout_r$_DFFE_PN0P_/D
181	-0.7503	dbg_mode	u_eI_cpu.u_eJ_core.u_eK_exu.u_eL_exu_alu.u_eM_exu_alu_muldiv.flushed_dfflr.qout_r	dbg_mode	u_e203_cpu.u_e203_core.u_e203_exu.u_e203_exu_alu.u_e203_exu_alu_muldiv.flushed_dfflr.qout_r$_DFFE_PN0P_/D
182	-0.7491	u_eI_cpu.u_eJ_irq_sync.master_gen.u_tmr_irq_sync.sync_gen[K].i_is_not_L.sync_dffr.qout_r	extIitcm_icb_cmd_ready	u_e203_cpu.u_e203_irq_sync.master_gen.u_tmr_irq_sync.sync_gen[1].i_is_not_0.sync_dffr.qout_r$_DFF_PN0_/Q	ext2itcm_icb_cmd_ready
183	-0.7486	dbg_step_r	u_eI_cpu.u_eJ_clk_ctrl.u_biu_clkgate.enb	dbg_step_r	u_e203_cpu.u_e203_clk_ctrl.u_biu_clkgate.enb$_DLATCH_N_/D
184	-0.7479	dbg_step_r	u_eI_cpu.u_eJ_core.u_eK_ifu.u_eL_ifu_ifetch.pc_newpend_dfflr.qout_r	dbg_step_r	u_e203_cpu.u_e203_core.u_e203_ifu.u_e203_ifu_ifetch.pc_newpend_dfflr.qout_r$_DFFE_PN0P_/D
185	-0.7473	u_eI_cpu.u_eJ_core.u_eK_exu.u_eL_exu_oitf.depth_gtM.ret_ptr_flg_dfflrs.qout_r	extIitcm_icb_cmd_ready	u_e203_cpu.u_e203_core.u_e203_exu.u_e203_exu_oitf.depth_gt1.ret_ptr_flg_dfflrs.qout_r$_DFFE_PN0P_/Q	ext2itcm_icb_cmd_ready
186	-0.7467	u_eI_cpu.u_eJ_irq_sync.master_gen.u_sft_irq_sync.sync_gen[K].i_is_not_L.sync_dffr.qout_r	extIitcm_icb_cmd_ready	u_e203_cpu.u_e203_irq_sync.master_gen.u_sft_irq_sync.sync_gen[1].i_is_not_0.sync_dffr.qout_r$_DFF_PN0_/Q	ext2itcm_icb_cmd_ready
187	-0.7461	u_eI_cpu.u_eJ_core.u_eK_exu.u_eL_exu_oitf.depth_gtM.alc_ptr_flg_dfflrs.qout_r	extIitcm_icb_cmd_ready	u_e203_cpu.u_e203_core.u_e203_exu.u_e203_exu_oitf.depth_gt1.alc_ptr_flg_dfflrs.qout_r$_DFFE_PN0P_/Q	ext2itcm_icb_cmd_ready
188	-0.7451	u_eI_cpu.u_eJ_core.u_eK_ifu.u_eL_ifu_ifetch.ifu_lo_ir_dfflr.qout_r[M]	cmt_dpc_ena	u_e203_cpu.u_e203_core.u_e203_ifu.u_e203_ifu_ifetch.ifu_lo_ir_dfflr.qout_r[6]$_DFFE_PN0P_/Q	cmt_dpc_ena
189	-0.7441	dbg_halt_r	u_eI_cpu.u_eJ_core.u_eK_ifu.u_eL_ifu_ifetch.pc_dfflr.qout_r[M]	dbg_halt_r	u_e203_cpu.u_e203_core.u_e203_ifu.u_e203_ifu_ifetch.pc_dfflr.qout_r[29]$_DFFE_PN0P_/D
190	-0.7417	u_eI_cpu.u_eJ_core.u_eK_exu.u_eL_exu_regfile.regfile[M].rfnoN.rf_dffl.qout_r[O]	extIdtcm_icb_cmd_ready	u_e203_cpu.u_e203_core.u_e203_exu.u_e203_exu_regfile.regfile[14].rfno0.rf_dffl.qout_r[31]$_DFFE_PP_/Q	ext2dtcm_icb_cmd_ready
191	-0.7401	dbg_step_r	u_eI_cpu.u_eJ_dtcm_ctrl.u_sram_icb_ctrl.u_byp_icb_cmd_buf.u_bypbuf_fifo.dp_gtK.fifo_rf[L].fifo_rf_dffl.qout_r[M]	dbg_step_r	u_e203_cpu.u_e203_dtcm_ctrl.u_sram_icb_ctrl.u_byp_icb_cmd_buf.u_bypbuf_fifo.dp_gt0.fifo_rf[0].fifo_rf_dffl.qout_r[10]$_DFFE_PP_/D
192	-0.7400	dbg_step_r	u_eI_cpu.u_eJ_clk_ctrl.itcm_active_dffr.qout_r	dbg_step_r	u_e203_cpu.u_e203_clk_ctrl.itcm_active_dffr.qout_r$_DFF_PN0_/D
193	-0.7365	u_eI_cpu.u_eJ_irq_sync.master_gen.u_ext_irq_sync.sync_gen[K].i_is_not_L.sync_dffr.qout_r	extIitcm_icb_cmd_ready	u_e203_cpu.u_e203_irq_sync.master_gen.u_ext_irq_sync.sync_gen[1].i_is_not_0.sync_dffr.qout_r$_DFF_PN0_/Q	ext2itcm_icb_cmd_ready
194	-0.7365	dbg_halt_r	u_eI_cpu.u_eJ_itcm_ctrl.ifu_holdup_dffl.qout_r	dbg_halt_r	u_e203_cpu.u_e203_itcm_ctrl.ifu_holdup_dffl.qout_r$_DFFE_PN0P_/D
195	-0.7362	dbg_step_r	u_eI_cpu.u_eJ_core.u_eK_exu.u_eL_exu_csr.minstret_dfflr.qout_r[M]	dbg_step_r	u_e203_cpu.u_e203_core.u_e203_exu.u_e203_exu_csr.minstret_dfflr.qout_r[29]$_DFFE_PN0P_/D
196	-0.7362	dbg_halt_r	u_eI_cpu.u_eJ_core.u_eK_ifu.u_eL_ifu_iftMicb.leftover_err_dfflr.qout_r	dbg_halt_r	u_e203_cpu.u_e203_core.u_e203_ifu.u_e203_ifu_ift2icb.leftover_err_dfflr.qout_r$_DFFE_PN0P_/D
197	-0.7349	dbg_halt_r	u_eI_cpu.u_eJ_core.u_eK_ifu.u_eL_ifu_ifetch.ifu_lo_ir_dfflr.qout_r[M]	dbg_halt_r	u_e203_cpu.u_e203_core.u_e203_ifu.u_e203_ifu_ifetch.ifu_lo_ir_dfflr.qout_r[7]$_DFFE_PN0P_/D
198	-0.7349	dbg_halt_r	u_eI_cpu.u_eJ_core.u_eK_ifu.u_eL_ifu_ifetch.ifu_err_dfflr.qout_r	dbg_halt_r	u_e203_cpu.u_e203_core.u_e203_ifu.u_e203_ifu_ifetch.ifu_err_dfflr.qout_r$_DFFE_PN0P_/D
199	-0.7349	dbg_halt_r	u_eI_cpu.u_eJ_core.u_eK_ifu.u_eL_ifu_ifetch.ir_muldiv_bMb_dfflr.qout_r	dbg_halt_r	u_e203_cpu.u_e203_core.u_e203_ifu.u_e203_ifu_ifetch.ir_muldiv_b2b_dfflr.qout_r$_DFFE_PN0P_/D
200	-0.7344	u_eI_cpu.u_eJ_core.u_eK_biu.u_sirv_gnrl_icb_buffer.u_sirv_gnrl_rsp_fifo.dp_gtL.fifo_rf[M].fifo_rf_dffl.qout_r[N]	extIitcm_icb_cmd_ready	u_e203_cpu.u_e203_core.u_e203_biu.u_sirv_gnrl_icb_buffer.u_sirv_gnrl_rsp_fifo.dp_gt0.fifo_rf[0].fifo_rf_dffl.qout_r[34]$_DFFE_PP_/Q	ext2itcm_icb_cmd_ready
201	-0.7343	dbg_step_r	u_eI_cpu.u_eJ_core.u_eK_ifu.u_eL_ifu_ifetch.out_flag_dfflr.qout_r	dbg_step_r	u_e203_cpu.u_e203_core.u_e203_ifu.u_e203_ifu_ifetch.out_flag_dfflr.qout_r$_DFFE_PN0P_/D
202	-0.7333	dbg_step_r	u_eI_cpu.u_eJ_core.u_eK_ifu.u_eL_ifu_iftMicb.icb_state_dfflr.qout_r[N]	dbg_step_r	u_e203_cpu.u_e203_core.u_e203_ifu.u_e203_ifu_ift2icb.icb_state_dfflr.qout_r[0]$_DFFE_PN0P_/D
203	-0.7325	u_eI_cpu.u_eJ_itcm_ctrl.u_sram_icb_ctrl.u_sirv_Kcyc_sram_ctrl.u_eL_stage.dp_gt_M.vld_dfflr.qout_r	extIitcm_icb_cmd_ready	u_e203_cpu.u_e203_itcm_ctrl.u_sram_icb_ctrl.u_sirv_1cyc_sram_ctrl.u_e1_stage.dp_gt_0.vld_dfflr.qout_r$_DFFE_PN0P_/Q	ext2itcm_icb_cmd_ready
204	-0.7315	dbg_step_r	u_eI_cpu.u_eJ_core.u_eK_ifu.u_eL_ifu_iftMicb.req_need_Nuop_dfflr.qout_r	dbg_step_r	u_e203_cpu.u_e203_core.u_e203_ifu.u_e203_ifu_ift2icb.req_need_0uop_dfflr.qout_r$_DFFE_PN0P_/D
205	-0.7303	dbg_halt_r	u_eI_cpu.u_eJ_clk_ctrl.u_biu_clkgate.enb	dbg_halt_r	u_e203_cpu.u_e203_clk_ctrl.u_biu_clkgate.enb$_DLATCH_N_/D
206	-0.7301	dbg_step_r	u_eI_cpu.u_eJ_core.u_eK_exu.u_eL_exu_alu.u_eM_exu_alu_dpath.sbf_N_dffl.qout_r[O]	dbg_step_r	u_e203_cpu.u_e203_core.u_e203_exu.u_e203_exu_alu.u_e203_exu_alu_dpath.sbf_0_dffl.qout_r[10]$_DFFE_PP_/D
207	-0.7296	dbg_halt_r	u_eI_cpu.u_eJ_core.u_eK_ifu.u_eL_ifu_ifetch.pc_newpend_dfflr.qout_r	dbg_halt_r	u_e203_cpu.u_e203_core.u_e203_ifu.u_e203_ifu_ifetch.pc_newpend_dfflr.qout_r$_DFFE_PN0P_/D
208	-0.7292	dbg_step_r	u_eI_cpu.u_eJ_core.u_eK_ifu.u_eL_ifu_iftMicb.u_eN_ifetch_rsp_bypbuf.u_bypbuf_fifo.dp_gtO.vec_P_dfflrs.qout_r	dbg_step_r	u_e203_cpu.u_e203_core.u_e203_ifu.u_e203_ifu_ift2icb.u_e203_ifetch_rsp_bypbuf.u_bypbuf_fifo.dp_gt0.vec_0_dfflrs.qout_r$_DFFE_PN1P_/D
209	-0.7275	u_eI_cpu.u_eJ_core.u_eK_ifu.u_eL_ifu_ifetch.ifu_hi_ir_dfflr.qout_r[M]	cmt_dpc_ena	u_e203_cpu.u_e203_core.u_e203_ifu.u_e203_ifu_ifetch.ifu_hi_ir_dfflr.qout_r[15]$_DFFE_PN0P_/Q	cmt_dpc_ena
210	-0.7263	u_eI_cpu.u_eJ_core.u_eK_ifu.u_eL_ifu_ifetch.ir_rsMidx_dfflr.qout_r[N]	cmt_dcause[I]	u_e203_cpu.u_e203_core.u_e203_ifu.u_e203_ifu_ifetch.ir_rs2idx_dfflr.qout_r[4]$_DFFE_PN0P_/Q	cmt_dcause[1]
211	-0.7261	u_eI_cpu.u_eJ_core.u_eK_exu.u_eL_exu_alu.u_eM_exu_alu_lsuagu.icb_state_dfflr.qout_r[N]	extIdtcm_icb_cmd_ready	u_e203_cpu.u_e203_core.u_e203_exu.u_e203_exu_alu.u_e203_exu_alu_lsuagu.icb_state_dfflr.qout_r[1]$_DFFE_PN0P_/Q	ext2dtcm_icb_cmd_ready
212	-0.7259	dbg_step_r	u_eI_cpu.u_eJ_itcm_ctrl.u_sram_icb_ctrl.u_sirv_Kcyc_sram_ctrl.u_eL_stage.dp_gt_M.dat_dfflr.qout_r[N]	dbg_step_r	u_e203_cpu.u_e203_itcm_ctrl.u_sram_icb_ctrl.u_sirv_1cyc_sram_ctrl.u_e1_stage.dp_gt_0.dat_dfflr.qout_r[1]$_DFFE_PP_/D
213	-0.7238	dbg_step_r	u_eI_cpu.u_eJ_core.u_eK_exu.u_eL_exu_csr.minstreth_dfflr.qout_r[M]	dbg_step_r	u_e203_cpu.u_e203_core.u_e203_exu.u_e203_exu_csr.minstreth_dfflr.qout_r[30]$_DFFE_PN0P_/D
214	-0.7218	dbg_halt_r	u_eI_cpu.u_eJ_dtcm_ctrl.u_sram_icb_ctrl.u_byp_icb_cmd_buf.u_bypbuf_fifo.dp_gtK.fifo_rf[L].fifo_rf_dffl.qout_r[M]	dbg_halt_r	u_e203_cpu.u_e203_dtcm_ctrl.u_sram_icb_ctrl.u_byp_icb_cmd_buf.u_bypbuf_fifo.dp_gt0.fifo_rf[0].fifo_rf_dffl.qout_r[10]$_DFFE_PP_/D
215	-0.7217	dbg_step_r	u_eI_cpu.u_eJ_core.u_eK_ifu.u_eL_ifu_ifetch.ifu_prdt_taken_dfflr.qout_r	dbg_step_r	u_e203_cpu.u_e203_core.u_e203_ifu.u_e203_ifu_ifetch.ifu_prdt_taken_dfflr.qout_r$_DFFE_PN0P_/D
216	-0.7216	dbg_halt_r	u_eI_cpu.u_eJ_clk_ctrl.itcm_active_dffr.qout_r	dbg_halt_r	u_e203_cpu.u_e203_clk_ctrl.itcm_active_dffr.qout_r$_DFF_PN0_/D
217	-0.7181	u_eI_cpu.u_eJ_core.u_eK_lsu.u_eL_lsu_ctrl.u_lsu_icb_arbt.arbt_num_gt_M_gen.dp_N.u_sirv_gnrl_rspid_fifo.dp_gt_O.vld_dfflr.qout_r	extIitcm_icb_cmd_ready	u_e203_cpu.u_e203_core.u_e203_lsu.u_e203_lsu_ctrl.u_lsu_icb_arbt.arbt_num_gt_1_gen.dp_1.u_sirv_gnrl_rspid_fifo.dp_gt_0.vld_dfflr.qout_r$_DFFE_PN0P_/Q	ext2itcm_icb_cmd_ready
218	-0.7179	dbg_halt_r	u_eI_cpu.u_eJ_core.u_eK_exu.u_eL_exu_csr.minstret_dfflr.qout_r[M]	dbg_halt_r	u_e203_cpu.u_e203_core.u_e203_exu.u_e203_exu_csr.minstret_dfflr.qout_r[29]$_DFFE_PN0P_/D
219	-0.7173	u_eI_cpu.u_eJ_core.u_eK_ifu.u_eL_ifu_ifetch.ir_rsMidx_dfflr.qout_r[N]	core_wfi	u_e203_cpu.u_e203_core.u_e203_ifu.u_e203_ifu_ifetch.ir_rs2idx_dfflr.qout_r[4]$_DFFE_PN0P_/Q	core_wfi
220	-0.7159	dbg_halt_r	u_eI_cpu.u_eJ_core.u_eK_ifu.u_eL_ifu_ifetch.out_flag_dfflr.qout_r	dbg_halt_r	u_e203_cpu.u_e203_core.u_e203_ifu.u_e203_ifu_ifetch.out_flag_dfflr.qout_r$_DFFE_PN0P_/D
221	-0.7149	dbg_halt_r	u_eI_cpu.u_eJ_core.u_eK_ifu.u_eL_ifu_iftMicb.icb_state_dfflr.qout_r[N]	dbg_halt_r	u_e203_cpu.u_e203_core.u_e203_ifu.u_e203_ifu_ift2icb.icb_state_dfflr.qout_r[0]$_DFFE_PN0P_/D
222	-0.7146	dbg_mode	u_eI_cpu.u_eJ_core.u_eK_exu.u_eL_exu_csr.mie_dfflr.qout_r[M]	dbg_mode	u_e203_cpu.u_e203_core.u_e203_exu.u_e203_exu_csr.mie_dfflr.qout_r[11]$_DFFE_PN0P_/D
223	-0.7139	dbg_halt_r	u_eI_cpu.u_eJ_core.u_eK_exu.u_eL_exu_alu.u_eM_exu_alu_dpath.sbf_N_dffl.qout_r[O]	dbg_halt_r	u_e203_cpu.u_e203_core.u_e203_exu.u_e203_exu_alu.u_e203_exu_alu_dpath.sbf_0_dffl.qout_r[10]$_DFFE_PP_/D
224	-0.7134	dbg_step_r	u_eI_cpu.u_eJ_core.u_eK_ifu.u_eL_ifu_iftMicb.u_eN_ifetch_rsp_bypbuf.u_bypbuf_fifo.dp_gtO.vec_P_dfflr.qout_r	dbg_step_r	u_e203_cpu.u_e203_core.u_e203_ifu.u_e203_ifu_ift2icb.u_e203_ifetch_rsp_bypbuf.u_bypbuf_fifo.dp_gt0.vec_31_dfflr.qout_r$_DFFE_PN0P_/D
225	-0.7132	dbg_halt_r	u_eI_cpu.u_eJ_core.u_eK_ifu.u_eL_ifu_iftMicb.req_need_Nuop_dfflr.qout_r	dbg_halt_r	u_e203_cpu.u_e203_core.u_e203_ifu.u_e203_ifu_ift2icb.req_need_0uop_dfflr.qout_r$_DFFE_PN0P_/D
226	-0.7117	dbg_mode	u_eI_cpu.u_eJ_core.u_eK_exu.u_eL_exu_alu.u_eM_exu_nice.u_nice_itag_fifo.dp_gtN.fifo_rf[O].fifo_rf_dffl.qout_r	dbg_mode	u_e203_cpu.u_e203_core.u_e203_exu.u_e203_exu_alu.u_e203_exu_nice.u_nice_itag_fifo.dp_gt0.fifo_rf[3].fifo_rf_dffl.qout_r$_DFFE_PP_/D
227	-0.7109	dbg_halt_r	u_eI_cpu.u_eJ_core.u_eK_ifu.u_eL_ifu_iftMicb.u_eN_ifetch_rsp_bypbuf.u_bypbuf_fifo.dp_gtO.vec_P_dfflrs.qout_r	dbg_halt_r	u_e203_cpu.u_e203_core.u_e203_ifu.u_e203_ifu_ift2icb.u_e203_ifetch_rsp_bypbuf.u_bypbuf_fifo.dp_gt0.vec_0_dfflrs.qout_r$_DFFE_PN1P_/D
228	-0.7104	dbg_step_r	u_eI_cpu.u_eJ_core.u_eK_ifu.u_eL_ifu_ifetch.dly_flush_dfflr.qout_r	dbg_step_r	u_e203_cpu.u_e203_core.u_e203_ifu.u_e203_ifu_ifetch.dly_flush_dfflr.qout_r$_DFFE_PN0P_/D
229	-0.7097	dbg_step_r	u_eI_cpu.u_eJ_core.u_eK_ifu.u_eL_ifu_iftMicb.req_same_cross_holdup_dfflr.qout_r	dbg_step_r	u_e203_cpu.u_e203_core.u_e203_ifu.u_e203_ifu_ift2icb.req_same_cross_holdup_dfflr.qout_r$_DFFE_PN0P_/D
230	-0.7075	dbg_halt_r	u_eI_cpu.u_eJ_itcm_ctrl.u_sram_icb_ctrl.u_sirv_Kcyc_sram_ctrl.u_eL_stage.dp_gt_M.dat_dfflr.qout_r[N]	dbg_halt_r	u_e203_cpu.u_e203_itcm_ctrl.u_sram_icb_ctrl.u_sirv_1cyc_sram_ctrl.u_e1_stage.dp_gt_0.dat_dfflr.qout_r[1]$_DFFE_PP_/D
231	-0.7073	u_eI_cpu.u_eJ_dtcm_ctrl.u_dtcm_icb_arbt.arbt_num_gt_K_gen.dp_L.u_sirv_gnrl_rspid_fifo.dp_gt_M.vld_dfflr.qout_r	extIitcm_icb_cmd_ready	u_e203_cpu.u_e203_dtcm_ctrl.u_dtcm_icb_arbt.arbt_num_gt_1_gen.dp_1.u_sirv_gnrl_rspid_fifo.dp_gt_0.vld_dfflr.qout_r$_DFFE_PN0P_/Q	ext2itcm_icb_cmd_ready
232	-0.7072	dbg_step_r	u_eI_cpu.u_eJ_core.u_eK_ifu.u_eL_ifu_ifetch.ir_valid_dfflr.qout_r	dbg_step_r	u_e203_cpu.u_e203_core.u_e203_ifu.u_e203_ifu_ifetch.ir_valid_dfflr.qout_r$_DFFE_PN0P_/D
233	-0.7064	u_eI_cpu.u_eJ_dtcm_ctrl.u_sram_icb_ctrl.u_sirv_Kcyc_sram_ctrl.u_eL_stage.dp_gt_M.vld_dfflr.qout_r	extIitcm_icb_cmd_ready	u_e203_cpu.u_e203_dtcm_ctrl.u_sram_icb_ctrl.u_sirv_1cyc_sram_ctrl.u_e1_stage.dp_gt_0.vld_dfflr.qout_r$_DFFE_PN0P_/Q	ext2itcm_icb_cmd_ready
234	-0.7054	dbg_halt_r	u_eI_cpu.u_eJ_core.u_eK_exu.u_eL_exu_csr.minstreth_dfflr.qout_r[M]	dbg_halt_r	u_e203_cpu.u_e203_core.u_e203_exu.u_e203_exu_csr.minstreth_dfflr.qout_r[30]$_DFFE_PN0P_/D
235	-0.7052	u_eI_cpu.u_eJ_itcm_ctrl.u_itcm_icb_arbt.arbt_num_gt_K_gen.dp_L.u_sirv_gnrl_rspid_fifo.dp_gt_M.vld_dfflr.qout_r	extIitcm_icb_cmd_ready	u_e203_cpu.u_e203_itcm_ctrl.u_itcm_icb_arbt.arbt_num_gt_1_gen.dp_1.u_sirv_gnrl_rspid_fifo.dp_gt_0.vld_dfflr.qout_r$_DFFE_PN0P_/Q	ext2itcm_icb_cmd_ready
236	-0.7050	dbg_step_r	u_eI_cpu.u_eJ_core.u_eK_ifu.u_eL_ifu_ifetch.reset_req_dfflr.qout_r	dbg_step_r	u_e203_cpu.u_e203_core.u_e203_ifu.u_e203_ifu_ifetch.reset_req_dfflr.qout_r$_DFFE_PN0P_/D
237	-0.7043	u_eI_cpu.u_eJ_core.u_eK_lsu.u_eL_lsu_ctrl.u_eM_lsu_splt_stage.dp_gt_N.dat_dfflr.qout_r[O]	extIitcm_icb_cmd_ready	u_e203_cpu.u_e203_core.u_e203_lsu.u_e203_lsu_ctrl.u_e203_lsu_splt_stage.dp_gt_0.dat_dfflr.qout_r[33]$_DFFE_PP_/Q	ext2itcm_icb_cmd_ready
238	-0.7033	dbg_halt_r	u_eI_cpu.u_eJ_core.u_eK_ifu.u_eL_ifu_ifetch.ifu_prdt_taken_dfflr.qout_r	dbg_halt_r	u_e203_cpu.u_e203_core.u_e203_ifu.u_e203_ifu_ifetch.ifu_prdt_taken_dfflr.qout_r$_DFFE_PN0P_/D
239	-0.7025	dbg_step_r	u_eI_cpu.u_eJ_core.u_eK_ifu.u_eL_ifu_iftMicb.req_lane_cross_dfflr.qout_r	dbg_step_r	u_e203_cpu.u_e203_core.u_e203_ifu.u_e203_ifu_ift2icb.req_lane_cross_dfflr.qout_r$_DFFE_PN0P_/D
240	-0.6989	u_eI_cpu.u_eJ_dtcm_ctrl.u_dtcm_icb_arbt.arbt_num_gt_K_gen.dp_L.u_sirv_gnrl_rspid_fifo.dp_gt_M.dat_dfflr.qout_r	extIitcm_icb_cmd_ready	u_e203_cpu.u_e203_dtcm_ctrl.u_dtcm_icb_arbt.arbt_num_gt_1_gen.dp_1.u_sirv_gnrl_rspid_fifo.dp_gt_0.dat_dfflr.qout_r$_DFFE_PP_/Q	ext2itcm_icb_cmd_ready
241	-0.6951	dbg_halt_r	u_eI_cpu.u_eJ_core.u_eK_ifu.u_eL_ifu_iftMicb.u_eN_ifetch_rsp_bypbuf.u_bypbuf_fifo.dp_gtO.vec_P_dfflr.qout_r	dbg_halt_r	u_e203_cpu.u_e203_core.u_e203_ifu.u_e203_ifu_ift2icb.u_e203_ifetch_rsp_bypbuf.u_bypbuf_fifo.dp_gt0.vec_31_dfflr.qout_r$_DFFE_PN0P_/D
242	-0.6944	dbg_step_r	u_eI_cpu.u_eJ_dtcm_ctrl.u_sram_icb_ctrl.u_byp_icb_cmd_buf.u_bypbuf_fifo.dp_gtK.vec_L_dfflrs.qout_r	dbg_step_r	u_e203_cpu.u_e203_dtcm_ctrl.u_sram_icb_ctrl.u_byp_icb_cmd_buf.u_bypbuf_fifo.dp_gt0.vec_0_dfflrs.qout_r$_DFFE_PN1P_/D
243	-0.6931	dbg_mode	u_eI_cpu.u_eJ_core.u_eK_exu.u_eL_exu_csr.mdvnobMb_dfflr.qout_r[N]	dbg_mode	u_e203_cpu.u_e203_core.u_e203_exu.u_e203_exu_csr.mdvnob2b_dfflr.qout_r[0]$_DFFE_PN0P_/D
244	-0.6921	dbg_halt_r	u_eI_cpu.u_eJ_core.u_eK_ifu.u_eL_ifu_ifetch.dly_flush_dfflr.qout_r	dbg_halt_r	u_e203_cpu.u_e203_core.u_e203_ifu.u_e203_ifu_ifetch.dly_flush_dfflr.qout_r$_DFFE_PN0P_/D
245	-0.6913	dbg_halt_r	u_eI_cpu.u_eJ_core.u_eK_ifu.u_eL_ifu_iftMicb.req_same_cross_holdup_dfflr.qout_r	dbg_halt_r	u_e203_cpu.u_e203_core.u_e203_ifu.u_e203_ifu_ift2icb.req_same_cross_holdup_dfflr.qout_r$_DFFE_PN0P_/D
246	-0.6903	u_eI_cpu.u_eJ_core.u_eK_exu.u_eL_exu_alu.u_eM_exu_alu_muldiv.muldiv_state_dfflr.qout_r[N]	extIitcm_icb_cmd_ready	u_e203_cpu.u_e203_core.u_e203_exu.u_e203_exu_alu.u_e203_exu_alu_muldiv.muldiv_state_dfflr.qout_r[1]$_DFFE_PN0P_/Q	ext2itcm_icb_cmd_ready
247	-0.6889	dbg_halt_r	u_eI_cpu.u_eJ_core.u_eK_ifu.u_eL_ifu_ifetch.ir_valid_dfflr.qout_r	dbg_halt_r	u_e203_cpu.u_e203_core.u_e203_ifu.u_e203_ifu_ifetch.ir_valid_dfflr.qout_r$_DFFE_PN0P_/D
248	-0.6867	dbg_halt_r	u_eI_cpu.u_eJ_core.u_eK_ifu.u_eL_ifu_ifetch.reset_req_dfflr.qout_r	dbg_halt_r	u_e203_cpu.u_e203_core.u_e203_ifu.u_e203_ifu_ifetch.reset_req_dfflr.qout_r$_DFFE_PN0P_/D
249	-0.6864	dbg_step_r	u_eI_cpu.u_eJ_itcm_ctrl.u_itcm_icb_extKitcm_nLw.fifo_dp_M.u_sirv_gnrl_nNw_fifo.dp_gt_O.dat_dfflr.qout_r	dbg_step_r	u_e203_cpu.u_e203_itcm_ctrl.u_itcm_icb_ext2itcm_n2w.fifo_dp_1.u_sirv_gnrl_n2w_fifo.dp_gt_0.dat_dfflr.qout_r$_DFFE_PP_/D
250	-0.6842	dbg_halt_r	u_eI_cpu.u_eJ_core.u_eK_ifu.u_eL_ifu_iftMicb.req_lane_cross_dfflr.qout_r	dbg_halt_r	u_e203_cpu.u_e203_core.u_e203_ifu.u_e203_ifu_ift2icb.req_lane_cross_dfflr.qout_r$_DFFE_PN0P_/D
251	-0.6828	dbg_mode	u_eI_cpu.u_eJ_core.u_eK_lsu.u_eL_lsu_ctrl.u_eM_lsu_splt_stage.dp_gt_N.vld_dfflr.qout_r	dbg_mode	u_e203_cpu.u_e203_core.u_e203_lsu.u_e203_lsu_ctrl.u_e203_lsu_splt_stage.dp_gt_0.vld_dfflr.qout_r$_DFFE_PN0P_/D
252	-0.6828	dbg_mode	u_eI_cpu.u_eJ_core.u_eK_lsu.u_eL_lsu_ctrl.u_lsu_icb_arbt.arbt_num_gt_M_gen.dp_N.u_sirv_gnrl_rspid_fifo.dp_gt_O.vld_dfflr.qout_r	dbg_mode	u_e203_cpu.u_e203_core.u_e203_lsu.u_e203_lsu_ctrl.u_lsu_icb_arbt.arbt_num_gt_1_gen.dp_1.u_sirv_gnrl_rspid_fifo.dp_gt_0.vld_dfflr.qout_r$_DFFE_PN0P_/D
253	-0.6781	dbg_mode	u_eI_cpu.u_eJ_core.u_eK_exu.u_eL_exu_alu.u_eM_exu_nice.u_nice_itag_fifo.dp_gtN.wptr_vec_O_dfflrs.qout_r	dbg_mode	u_e203_cpu.u_e203_core.u_e203_exu.u_e203_exu_alu.u_e203_exu_nice.u_nice_itag_fifo.dp_gt0.wptr_vec_0_dfflrs.qout_r$_DFFE_PN1P_/D
254	-0.6760	dbg_halt_r	u_eI_cpu.u_eJ_dtcm_ctrl.u_sram_icb_ctrl.u_byp_icb_cmd_buf.u_bypbuf_fifo.dp_gtK.vec_L_dfflrs.qout_r	dbg_halt_r	u_e203_cpu.u_e203_dtcm_ctrl.u_sram_icb_ctrl.u_byp_icb_cmd_buf.u_bypbuf_fifo.dp_gt0.vec_0_dfflrs.qout_r$_DFFE_PN1P_/D
255	-0.6703	u_eI_cpu.u_eJ_core.u_eK_lsu.u_eL_lsu_ctrl.u_lsu_icb_arbt.arbt_num_gt_M_gen.dp_N.u_sirv_gnrl_rspid_fifo.dp_gt_O.dat_dfflr.qout_r	extIitcm_icb_cmd_ready	u_e203_cpu.u_e203_core.u_e203_lsu.u_e203_lsu_ctrl.u_lsu_icb_arbt.arbt_num_gt_1_gen.dp_1.u_sirv_gnrl_rspid_fifo.dp_gt_0.dat_dfflr.qout_r$_DFFE_PP_/Q	ext2itcm_icb_cmd_ready
256	-0.6702	u_eI_cpu.u_eJ_itcm_ctrl.u_itcm_icb_arbt.arbt_num_gt_K_gen.dp_L.u_sirv_gnrl_rspid_fifo.dp_gt_M.dat_dfflr.qout_r	extIitcm_icb_cmd_ready	u_e203_cpu.u_e203_itcm_ctrl.u_itcm_icb_arbt.arbt_num_gt_1_gen.dp_1.u_sirv_gnrl_rspid_fifo.dp_gt_0.dat_dfflr.qout_r$_DFFE_PP_/Q	ext2itcm_icb_cmd_ready
257	-0.6681	dbg_halt_r	u_eI_cpu.u_eJ_itcm_ctrl.u_itcm_icb_extKitcm_nLw.fifo_dp_M.u_sirv_gnrl_nNw_fifo.dp_gt_O.dat_dfflr.qout_r	dbg_halt_r	u_e203_cpu.u_e203_itcm_ctrl.u_itcm_icb_ext2itcm_n2w.fifo_dp_1.u_sirv_gnrl_n2w_fifo.dp_gt_0.dat_dfflr.qout_r$_DFFE_PP_/D
258	-0.6642	u_eI_cpu.u_eJ_core.u_eK_exu.u_eL_exu_csr.status_mie_dfflr.qout_r	extIitcm_icb_cmd_ready	u_e203_cpu.u_e203_core.u_e203_exu.u_e203_exu_csr.status_mie_dfflr.qout_r$_DFFE_PN0P_/QN	ext2itcm_icb_cmd_ready
259	-0.6642	dbg_step_r	u_eI_cpu.u_eJ_core.u_eK_exu.u_eL_exu_regfile.regfile[M].rfnoN.rf_dffl.qout_r[O]	dbg_step_r	u_e203_cpu.u_e203_core.u_e203_exu.u_e203_exu_regfile.regfile[12].rfno0.rf_dffl.qout_r[15]$_DFFE_PP_/D
260	-0.6634	u_eI_cpu.u_eJ_core.u_eK_ifu.u_eL_ifu_ifetch.ir_rsMidx_dfflr.qout_r[N]	cmt_dpc_ena	u_e203_cpu.u_e203_core.u_e203_ifu.u_e203_ifu_ifetch.ir_rs2idx_dfflr.qout_r[4]$_DFFE_PN0P_/Q	cmt_dpc_ena
261	-0.6626	u_eI_cpu.u_eJ_core.u_eK_exu.u_eL_exu_alu.u_eM_exu_alu_muldiv.exec_cnt_dfflr.qout_r[N]	extIitcm_icb_cmd_ready	u_e203_cpu.u_e203_core.u_e203_exu.u_e203_exu_alu.u_e203_exu_alu_muldiv.exec_cnt_dfflr.qout_r[2]$_DFFE_PN0P_/Q	ext2itcm_icb_cmd_ready
262	-0.6610	dbg_mode	u_eI_cpu.u_eJ_clk_ctrl.u_lsu_clkgate.enb	dbg_mode	u_e203_cpu.u_e203_clk_ctrl.u_lsu_clkgate.enb$_DLATCH_N_/D
263	-0.6609	u_eI_cpu.u_eJ_core.u_eK_biu.u_biu_icb_arbt.arbt_num_gt_L_gen.dp_M.u_sirv_gnrl_rspid_fifo.dp_gt_N.vld_dfflr.qout_r	extIitcm_icb_cmd_ready	u_e203_cpu.u_e203_core.u_e203_biu.u_biu_icb_arbt.arbt_num_gt_1_gen.dp_1.u_sirv_gnrl_rspid_fifo.dp_gt_0.vld_dfflr.qout_r$_DFFE_PN0P_/Q	ext2itcm_icb_cmd_ready
264	-0.6578	u_eI_cpu.u_eJ_itcm_ctrl.u_sram_icb_ctrl.u_sirv_Kcyc_sram_ctrl.u_eL_stage.dp_gt_M.dat_dfflr.qout_r[N]	extIitcm_icb_cmd_ready	u_e203_cpu.u_e203_itcm_ctrl.u_sram_icb_ctrl.u_sirv_1cyc_sram_ctrl.u_e1_stage.dp_gt_0.dat_dfflr.qout_r[1]$_DFFE_PP_/QN	ext2itcm_icb_cmd_ready
265	-0.6477	u_eI_cpu.u_eJ_core.u_eK_exu.u_eL_exu_csr.mie_dfflr.qout_r[M]	extIdtcm_icb_cmd_ready	u_e203_cpu.u_e203_core.u_e203_exu.u_e203_exu_csr.mie_dfflr.qout_r[7]$_DFFE_PN0P_/Q	ext2dtcm_icb_cmd_ready
266	-0.6475	u_eI_cpu.u_eJ_irq_sync.master_gen.u_dbg_irq_sync.sync_gen[K].i_is_not_L.sync_dffr.qout_r	extIitcm_icb_cmd_ready	u_e203_cpu.u_e203_irq_sync.master_gen.u_dbg_irq_sync.sync_gen[1].i_is_not_0.sync_dffr.qout_r$_DFF_PN0_/Q	ext2itcm_icb_cmd_ready
267	-0.6467	dbg_step_r	u_eI_cpu.u_eJ_itcm_ctrl.u_itcm_icb_extKitcm_nLw.fifo_dp_M.u_sirv_gnrl_nNw_fifo.dp_gt_O.vld_dfflr.qout_r	dbg_step_r	u_e203_cpu.u_e203_itcm_ctrl.u_itcm_icb_ext2itcm_n2w.fifo_dp_1.u_sirv_gnrl_n2w_fifo.dp_gt_0.vld_dfflr.qout_r$_DFFE_PN0P_/D
268	-0.6458	dbg_halt_r	u_eI_cpu.u_eJ_core.u_eK_exu.u_eL_exu_regfile.regfile[M].rfnoN.rf_dffl.qout_r[O]	dbg_halt_r	u_e203_cpu.u_e203_core.u_e203_exu.u_e203_exu_regfile.regfile[12].rfno0.rf_dffl.qout_r[15]$_DFFE_PP_/D
269	-0.6454	dbg_step_r	u_eI_cpu.u_eJ_itcm_ctrl.u_itcm_icb_arbt.arbt_num_gt_K_gen.dp_L.u_sirv_gnrl_rspid_fifo.dp_gt_M.dat_dfflr.qout_r	dbg_step_r	u_e203_cpu.u_e203_itcm_ctrl.u_itcm_icb_arbt.arbt_num_gt_1_gen.dp_1.u_sirv_gnrl_rspid_fifo.dp_gt_0.dat_dfflr.qout_r$_DFFE_PP_/D
270	-0.6448	dbg_step_r	u_eI_cpu.u_eJ_core.u_eK_exu.u_eL_exu_alu.u_eM_exu_alu_dpath.sbf_N_dffl.qout_r[O]	dbg_step_r	u_e203_cpu.u_e203_core.u_e203_exu.u_e203_exu_alu.u_e203_exu_alu_dpath.sbf_1_dffl.qout_r[32]$_SDFFCE_PN0P_/D
271	-0.6448	u_eI_cpu.u_eJ_core.u_eK_biu.u_sirv_gnrl_icb_buffer.u_sirv_gnrl_rsp_fifo.dp_gtL.vec_M_dfflr.qout_r	extIitcm_icb_cmd_ready	u_e203_cpu.u_e203_core.u_e203_biu.u_sirv_gnrl_icb_buffer.u_sirv_gnrl_rsp_fifo.dp_gt0.vec_31_dfflr.qout_r$_DFFE_PN0P_/Q	ext2itcm_icb_cmd_ready
272	-0.6440	dbg_mode	u_eI_cpu.u_eJ_core.u_eK_exu.u_eL_exu_csr.counterstop_dfflr.qout_r[M]	dbg_mode	u_e203_cpu.u_e203_core.u_e203_exu.u_e203_exu_csr.counterstop_dfflr.qout_r[0]$_DFFE_PN0P_/D
273	-0.6403	u_eI_cpu.u_eJ_core.u_eK_exu.u_eL_exu_commit.u_eM_exu_excp.step_req_dfflr.qout_r	extIitcm_icb_cmd_ready	u_e203_cpu.u_e203_core.u_e203_exu.u_e203_exu_commit.u_e203_exu_excp.step_req_dfflr.qout_r$_DFFE_PN0P_/Q	ext2itcm_icb_cmd_ready
274	-0.6400	u_eI_cpu.u_eJ_core.u_eK_lsu.u_eL_lsu_ctrl.u_eM_lsu_splt_stage.dp_gt_N.vld_dfflr.qout_r	extIdtcm_icb_cmd_ready	u_e203_cpu.u_e203_core.u_e203_lsu.u_e203_lsu_ctrl.u_e203_lsu_splt_stage.dp_gt_0.vld_dfflr.qout_r$_DFFE_PN0P_/Q	ext2dtcm_icb_cmd_ready
275	-0.6395	u_eI_cpu.u_eJ_core.u_eK_exu.u_eL_exu_oitf.depth_gtM.alc_ptr_dfflrs.qout_r	extIdtcm_icb_cmd_ready	u_e203_cpu.u_e203_core.u_e203_exu.u_e203_exu_oitf.depth_gt1.alc_ptr_dfflrs.qout_r$_DFFE_PN0P_/Q	ext2dtcm_icb_cmd_ready
276	-0.6394	u_eI_cpu.u_eJ_core.u_eK_exu.u_eL_exu_oitf.depth_gtM.ret_ptr_dfflrs.qout_r	extIdtcm_icb_cmd_ready	u_e203_cpu.u_e203_core.u_e203_exu.u_e203_exu_oitf.depth_gt1.ret_ptr_dfflrs.qout_r$_DFFE_PN0P_/Q	ext2dtcm_icb_cmd_ready
277	-0.6391	dbg_mode	u_eI_cpu.u_eJ_clk_ctrl.u_ifu_clkgate.enb	dbg_mode	u_e203_cpu.u_e203_clk_ctrl.u_ifu_clkgate.enb$_DLATCH_N_/D
278	-0.6379	dbg_mode	u_eI_cpu.u_eJ_core.u_eK_exu.u_eL_exu_csr.mcgstop_dfflr.qout_r[M]	dbg_mode	u_e203_cpu.u_e203_core.u_e203_exu.u_e203_exu_csr.mcgstop_dfflr.qout_r[0]$_DFFE_PN0P_/D
279	-0.6325	dbg_step_r	u_eI_cpu.u_eJ_core.u_eK_lsu.u_eL_lsu_ctrl.u_eM_lsu_splt_stage.dp_gt_N.dat_dfflr.qout_r[O]	dbg_step_r	u_e203_cpu.u_e203_core.u_e203_lsu.u_e203_lsu_ctrl.u_e203_lsu_splt_stage.dp_gt_0.dat_dfflr.qout_r[39]$_DFFE_PP_/D
280	-0.6295	dbg_step_r	u_eI_cpu.u_eJ_dtcm_ctrl.u_sram_icb_ctrl.u_byp_icb_cmd_buf.u_bypbuf_fifo.dp_gtK.vec_L_dfflr.qout_r	dbg_step_r	u_e203_cpu.u_e203_dtcm_ctrl.u_sram_icb_ctrl.u_byp_icb_cmd_buf.u_bypbuf_fifo.dp_gt0.vec_31_dfflr.qout_r$_DFFE_PN0P_/D
281	-0.6286	dbg_halt_r	u_eI_cpu.u_eJ_core.u_eK_exu.u_eL_exu_alu.u_eM_exu_alu_dpath.sbf_N_dffl.qout_r[O]	dbg_halt_r	u_e203_cpu.u_e203_core.u_e203_exu.u_e203_exu_alu.u_e203_exu_alu_dpath.sbf_1_dffl.qout_r[32]$_SDFFCE_PN0P_/D
282	-0.6283	dbg_halt_r	u_eI_cpu.u_eJ_itcm_ctrl.u_itcm_icb_extKitcm_nLw.fifo_dp_M.u_sirv_gnrl_nNw_fifo.dp_gt_O.vld_dfflr.qout_r	dbg_halt_r	u_e203_cpu.u_e203_itcm_ctrl.u_itcm_icb_ext2itcm_n2w.fifo_dp_1.u_sirv_gnrl_n2w_fifo.dp_gt_0.vld_dfflr.qout_r$_DFFE_PN0P_/D
283	-0.6281	dbg_mode	u_eI_cpu.u_eJ_core.u_eK_exu.u_eL_exu_csr.itcmnohold_dfflr.qout_r[M]	dbg_mode	u_e203_cpu.u_e203_core.u_e203_exu.u_e203_exu_csr.itcmnohold_dfflr.qout_r[0]$_DFFE_PN0P_/D
284	-0.6276	u_eI_cpu.u_eJ_core.u_eK_ifu.u_eL_ifu_ifetch.ifu_err_dfflr.qout_r	cmt_dcause_ena	u_e203_cpu.u_e203_core.u_e203_ifu.u_e203_ifu_ifetch.ifu_err_dfflr.qout_r$_DFFE_PN0P_/Q	cmt_dcause_ena
285	-0.6272	u_eI_cpu.u_eJ_core.u_eK_biu.u_biu_icb_arbt.arbt_num_gt_L_gen.dp_M.u_sirv_gnrl_rspid_fifo.dp_gt_N.dat_dfflr.qout_r	extIitcm_icb_cmd_ready	u_e203_cpu.u_e203_core.u_e203_biu.u_biu_icb_arbt.arbt_num_gt_1_gen.dp_1.u_sirv_gnrl_rspid_fifo.dp_gt_0.dat_dfflr.qout_r$_DFFE_PP_/Q	ext2itcm_icb_cmd_ready
286	-0.6270	dbg_halt_r	u_eI_cpu.u_eJ_itcm_ctrl.u_itcm_icb_arbt.arbt_num_gt_K_gen.dp_L.u_sirv_gnrl_rspid_fifo.dp_gt_M.dat_dfflr.qout_r	dbg_halt_r	u_e203_cpu.u_e203_itcm_ctrl.u_itcm_icb_arbt.arbt_num_gt_1_gen.dp_1.u_sirv_gnrl_rspid_fifo.dp_gt_0.dat_dfflr.qout_r$_DFFE_PP_/D
287	-0.6238	u_eI_cpu.u_eJ_irq_sync.master_gen.u_tmr_irq_sync.sync_gen[K].i_is_not_L.sync_dffr.qout_r	extIdtcm_icb_cmd_ready	u_e203_cpu.u_e203_irq_sync.master_gen.u_tmr_irq_sync.sync_gen[1].i_is_not_0.sync_dffr.qout_r$_DFF_PN0_/Q	ext2dtcm_icb_cmd_ready
288	-0.6220	u_eI_cpu.u_eJ_core.u_eK_exu.u_eL_exu_oitf.depth_gtM.ret_ptr_flg_dfflrs.qout_r	extIdtcm_icb_cmd_ready	u_e203_cpu.u_e203_core.u_e203_exu.u_e203_exu_oitf.depth_gt1.ret_ptr_flg_dfflrs.qout_r$_DFFE_PN0P_/Q	ext2dtcm_icb_cmd_ready
289	-0.6214	dbg_mode	u_eI_cpu.u_eJ_nice_core.lbuf_cnt_dfflr.qout_r[K]	dbg_mode	u_e203_cpu.u_e203_nice_core.lbuf_cnt_dfflr.qout_r[0]$_DFFE_PN0P_/D
290	-0.6214	u_eI_cpu.u_eJ_irq_sync.master_gen.u_sft_irq_sync.sync_gen[K].i_is_not_L.sync_dffr.qout_r	extIdtcm_icb_cmd_ready	u_e203_cpu.u_e203_irq_sync.master_gen.u_sft_irq_sync.sync_gen[1].i_is_not_0.sync_dffr.qout_r$_DFF_PN0_/Q	ext2dtcm_icb_cmd_ready
291	-0.6208	u_eI_cpu.u_eJ_core.u_eK_exu.u_eL_exu_oitf.depth_gtM.alc_ptr_flg_dfflrs.qout_r	extIdtcm_icb_cmd_ready	u_e203_cpu.u_e203_core.u_e203_exu.u_e203_exu_oitf.depth_gt1.alc_ptr_flg_dfflrs.qout_r$_DFFE_PN0P_/Q	ext2dtcm_icb_cmd_ready
292	-0.6141	dbg_halt_r	u_eI_cpu.u_eJ_core.u_eK_lsu.u_eL_lsu_ctrl.u_eM_lsu_splt_stage.dp_gt_N.dat_dfflr.qout_r[O]	dbg_halt_r	u_e203_cpu.u_e203_core.u_e203_lsu.u_e203_lsu_ctrl.u_e203_lsu_splt_stage.dp_gt_0.dat_dfflr.qout_r[39]$_DFFE_PP_/D
293	-0.6140	u_eI_cpu.u_eJ_core.u_eK_ifu.u_eL_ifu_ifetch.ifu_prdt_taken_dfflr.qout_r	extIitcm_icb_cmd_ready	u_e203_cpu.u_e203_core.u_e203_ifu.u_e203_ifu_ifetch.ifu_prdt_taken_dfflr.qout_r$_DFFE_PN0P_/Q	ext2itcm_icb_cmd_ready
294	-0.6112	u_eI_cpu.u_eJ_irq_sync.master_gen.u_ext_irq_sync.sync_gen[K].i_is_not_L.sync_dffr.qout_r	extIdtcm_icb_cmd_ready	u_e203_cpu.u_e203_irq_sync.master_gen.u_ext_irq_sync.sync_gen[1].i_is_not_0.sync_dffr.qout_r$_DFF_PN0_/Q	ext2dtcm_icb_cmd_ready
295	-0.6111	dbg_halt_r	u_eI_cpu.u_eJ_dtcm_ctrl.u_sram_icb_ctrl.u_byp_icb_cmd_buf.u_bypbuf_fifo.dp_gtK.vec_L_dfflr.qout_r	dbg_halt_r	u_e203_cpu.u_e203_dtcm_ctrl.u_sram_icb_ctrl.u_byp_icb_cmd_buf.u_bypbuf_fifo.dp_gt0.vec_31_dfflr.qout_r$_DFFE_PN0P_/D
296	-0.6092	u_eI_cpu.u_eJ_core.u_eK_biu.u_sirv_gnrl_icb_buffer.u_sirv_gnrl_rsp_fifo.dp_gtL.fifo_rf[M].fifo_rf_dffl.qout_r[N]	extIdtcm_icb_cmd_ready	u_e203_cpu.u_e203_core.u_e203_biu.u_sirv_gnrl_icb_buffer.u_sirv_gnrl_rsp_fifo.dp_gt0.fifo_rf[0].fifo_rf_dffl.qout_r[34]$_DFFE_PP_/Q	ext2dtcm_icb_cmd_ready
297	-0.6080	dbg_step_r	u_eI_cpu.u_eJ_core.u_eK_lsu.u_eL_lsu_ctrl.excl_flg_dffl.qout_r	dbg_step_r	u_e203_cpu.u_e203_core.u_e203_lsu.u_e203_lsu_ctrl.excl_flg_dffl.qout_r$_DFFE_PN0P_/D
298	-0.6072	u_eI_cpu.u_eJ_itcm_ctrl.u_sram_icb_ctrl.u_sirv_Kcyc_sram_ctrl.u_eL_stage.dp_gt_M.vld_dfflr.qout_r	extIdtcm_icb_cmd_ready	u_e203_cpu.u_e203_itcm_ctrl.u_sram_icb_ctrl.u_sirv_1cyc_sram_ctrl.u_e1_stage.dp_gt_0.vld_dfflr.qout_r$_DFFE_PN0P_/Q	ext2dtcm_icb_cmd_ready
299	-0.6024	u_eI_cpu.u_eJ_core.u_eK_exu.u_eL_exu_alu.u_eM_exu_alu_dpath.sbf_N_dffl.qout_r[O]	extIitcm_icb_cmd_ready	u_e203_cpu.u_e203_core.u_e203_exu.u_e203_exu_alu.u_e203_exu_alu_dpath.sbf_0_dffl.qout_r[32]$_SDFFCE_PN0P_/Q	ext2itcm_icb_cmd_ready
300	-0.6010	dbg_mode	u_eI_cpu.u_eJ_core.u_eK_exu.u_eL_exu_commit.u_eM_exu_excp.step_req_dfflr.qout_r	dbg_mode	u_e203_cpu.u_e203_core.u_e203_exu.u_e203_exu_commit.u_e203_exu_excp.step_req_dfflr.qout_r$_DFFE_PN0P_/D
301	-0.6001	dbg_mode	u_eI_cpu.u_eJ_core.u_eK_exu.u_eL_exu_commit.u_eM_exu_excp.wfi_halt_req_dfflr.qout_r	dbg_mode	u_e203_cpu.u_e203_core.u_e203_exu.u_e203_exu_commit.u_e203_exu_excp.wfi_halt_req_dfflr.qout_r$_DFFE_PN0P_/D
302	-0.5928	u_eI_cpu.u_eJ_core.u_eK_lsu.u_eL_lsu_ctrl.u_lsu_icb_arbt.arbt_num_gt_M_gen.dp_N.u_sirv_gnrl_rspid_fifo.dp_gt_O.vld_dfflr.qout_r	extIdtcm_icb_cmd_ready	u_e203_cpu.u_e203_core.u_e203_lsu.u_e203_lsu_ctrl.u_lsu_icb_arbt.arbt_num_gt_1_gen.dp_1.u_sirv_gnrl_rspid_fifo.dp_gt_0.vld_dfflr.qout_r$_DFFE_PN0P_/Q	ext2dtcm_icb_cmd_ready
303	-0.5909	dbg_mode	u_eI_cpu.u_eJ_core.u_eK_ifu.u_eL_ifu_ifetch.halt_ack_dfflr.qout_r	dbg_mode	u_e203_cpu.u_e203_core.u_e203_ifu.u_e203_ifu_ifetch.halt_ack_dfflr.qout_r$_DFFE_PN0P_/D
304	-0.5907	dbg_step_r	u_eI_cpu.u_eJ_core.u_eK_lsu.u_eL_lsu_ctrl.excl_addr_dffl.qout_r[M]	dbg_step_r	u_e203_cpu.u_e203_core.u_e203_lsu.u_e203_lsu_ctrl.excl_addr_dffl.qout_r[10]$_DFFE_PN0P_/D
305	-0.5897	dbg_halt_r	u_eI_cpu.u_eJ_core.u_eK_lsu.u_eL_lsu_ctrl.excl_flg_dffl.qout_r	dbg_halt_r	u_e203_cpu.u_e203_core.u_e203_lsu.u_e203_lsu_ctrl.excl_flg_dffl.qout_r$_DFFE_PN0P_/D
306	-0.5894	dbg_mode	u_eI_cpu.u_eJ_nice_core.state_dfflr.qout_r[K]	dbg_mode	u_e203_cpu.u_e203_nice_core.state_dfflr.qout_r[1]$_DFFE_PN0P_/D
307	-0.5884	u_eI_cpu.u_eJ_core.u_eK_exu.u_eL_exu_alu.u_eM_exu_alu_dpath.sbf_N_dffl.qout_r[O]	extIitcm_icb_cmd_ready	u_e203_cpu.u_e203_core.u_e203_exu.u_e203_exu_alu.u_e203_exu_alu_dpath.sbf_1_dffl.qout_r[0]$_DFFE_PP_/Q	ext2itcm_icb_cmd_ready
308	-0.5870	u_eI_cpu.u_eJ_core.u_eK_exu.u_eL_exu_regfile.regfile[M].rfnoN.rf_dffl.qout_r[O]	cmt_dcause_ena	u_e203_cpu.u_e203_core.u_e203_exu.u_e203_exu_regfile.regfile[14].rfno0.rf_dffl.qout_r[31]$_DFFE_PP_/Q	cmt_dcause_ena
309	-0.5866	dbg_mode	u_eI_cpu.u_eJ_core.u_eK_exu.u_eL_exu_commit.u_eM_exu_excp.wfi_flag_dfflr.qout_r	dbg_mode	u_e203_cpu.u_e203_core.u_e203_exu.u_e203_exu_commit.u_e203_exu_excp.wfi_flag_dfflr.qout_r$_DFFE_PN0P_/D
310	-0.5846	dbg_mode	wr_csr_nxt[I]	dbg_mode	wr_csr_nxt[7]
311	-0.5846	dbg_step_r	u_eI_cpu.u_eJ_core.u_eK_exu.u_eL_exu_alu.u_eM_exu_alu_muldiv.part_remd_sftN_dfflr.qout_r	dbg_step_r	u_e203_cpu.u_e203_core.u_e203_exu.u_e203_exu_alu.u_e203_exu_alu_muldiv.part_remd_sft1_dfflr.qout_r$_DFFE_PN0P_/D
312	-0.5839	dbg_step_r	u_eI_cpu.u_eJ_core.u_eK_exu.u_eL_exu_alu.u_eM_exu_alu_lsuagu.icb_state_dfflr.qout_r[N]	dbg_step_r	u_e203_cpu.u_e203_core.u_e203_exu.u_e203_exu_alu.u_e203_exu_alu_lsuagu.icb_state_dfflr.qout_r[0]$_DFFE_PN0P_/D
313	-0.5820	u_eI_cpu.u_eJ_dtcm_ctrl.u_dtcm_icb_arbt.arbt_num_gt_K_gen.dp_L.u_sirv_gnrl_rspid_fifo.dp_gt_M.vld_dfflr.qout_r	extIdtcm_icb_cmd_ready	u_e203_cpu.u_e203_dtcm_ctrl.u_dtcm_icb_arbt.arbt_num_gt_1_gen.dp_1.u_sirv_gnrl_rspid_fifo.dp_gt_0.vld_dfflr.qout_r$_DFFE_PN0P_/Q	ext2dtcm_icb_cmd_ready
314	-0.5814	dbg_step_r	u_eI_cpu.u_eJ_clk_ctrl.u_dtcm_clkgate.enb	dbg_step_r	u_e203_cpu.u_e203_clk_ctrl.u_dtcm_clkgate.enb$_DLATCH_N_/D
315	-0.5812	u_eI_cpu.u_eJ_dtcm_ctrl.u_sram_icb_ctrl.u_sirv_Kcyc_sram_ctrl.u_eL_stage.dp_gt_M.vld_dfflr.qout_r	extIdtcm_icb_cmd_ready	u_e203_cpu.u_e203_dtcm_ctrl.u_sram_icb_ctrl.u_sirv_1cyc_sram_ctrl.u_e1_stage.dp_gt_0.vld_dfflr.qout_r$_DFFE_PN0P_/Q	ext2dtcm_icb_cmd_ready
316	-0.5804	u_eI_cpu.u_eJ_core.u_eK_ifu.u_eL_ifu_ifetch.ir_muldiv_bMb_dfflr.qout_r	extIitcm_icb_cmd_ready	u_e203_cpu.u_e203_core.u_e203_ifu.u_e203_ifu_ifetch.ir_muldiv_b2b_dfflr.qout_r$_DFFE_PN0P_/Q	ext2itcm_icb_cmd_ready
317	-0.5799	u_eI_cpu.u_eJ_itcm_ctrl.u_itcm_icb_arbt.arbt_num_gt_K_gen.dp_L.u_sirv_gnrl_rspid_fifo.dp_gt_M.vld_dfflr.qout_r	extIdtcm_icb_cmd_ready	u_e203_cpu.u_e203_itcm_ctrl.u_itcm_icb_arbt.arbt_num_gt_1_gen.dp_1.u_sirv_gnrl_rspid_fifo.dp_gt_0.vld_dfflr.qout_r$_DFFE_PN0P_/Q	ext2dtcm_icb_cmd_ready
318	-0.5790	u_eI_cpu.u_eJ_core.u_eK_lsu.u_eL_lsu_ctrl.u_eM_lsu_splt_stage.dp_gt_N.dat_dfflr.qout_r[O]	extIdtcm_icb_cmd_ready	u_e203_cpu.u_e203_core.u_e203_lsu.u_e203_lsu_ctrl.u_e203_lsu_splt_stage.dp_gt_0.dat_dfflr.qout_r[33]$_DFFE_PP_/Q	ext2dtcm_icb_cmd_ready
319	-0.5766	u_eI_cpu.u_eJ_core.u_eK_ifu.u_eL_ifu_ifetch.ifu_err_dfflr.qout_r	cmt_dcause[I]	u_e203_cpu.u_e203_core.u_e203_ifu.u_e203_ifu_ifetch.ifu_err_dfflr.qout_r$_DFFE_PN0P_/Q	cmt_dcause[1]
320	-0.5736	u_eI_cpu.u_eJ_dtcm_ctrl.u_dtcm_icb_arbt.arbt_num_gt_K_gen.dp_L.u_sirv_gnrl_rspid_fifo.dp_gt_M.dat_dfflr.qout_r	extIdtcm_icb_cmd_ready	u_e203_cpu.u_e203_dtcm_ctrl.u_dtcm_icb_arbt.arbt_num_gt_1_gen.dp_1.u_sirv_gnrl_rspid_fifo.dp_gt_0.dat_dfflr.qout_r$_DFFE_PP_/Q	ext2dtcm_icb_cmd_ready
321	-0.5726	dbg_step_r	u_eI_cpu.u_eJ_core.u_eK_exu.u_eL_exu_oitf.oitf_entries[M].pc_dfflrs.qout_r[N]	dbg_step_r	u_e203_cpu.u_e203_core.u_e203_exu.u_e203_exu_oitf.oitf_entries[0].pc_dfflrs.qout_r[10]$_DFFE_PP_/D
322	-0.5726	dbg_step_r	u_eI_cpu.u_eJ_core.u_eK_exu.u_eL_exu_oitf.oitf_entries[M].rdidx_dfflrs.qout_r[N]	dbg_step_r	u_e203_cpu.u_e203_core.u_e203_exu.u_e203_exu_oitf.oitf_entries[0].rdidx_dfflrs.qout_r[4]$_DFFE_PP_/D
323	-0.5726	dbg_step_r	u_eI_cpu.u_eJ_core.u_eK_exu.u_eL_exu_oitf.oitf_entries[M].rdwen_dfflrs.qout_r	dbg_step_r	u_e203_cpu.u_e203_core.u_e203_exu.u_e203_exu_oitf.oitf_entries[0].rdwen_dfflrs.qout_r$_DFFE_PP_/D
324	-0.5724	dbg_halt_r	u_eI_cpu.u_eJ_core.u_eK_lsu.u_eL_lsu_ctrl.excl_addr_dffl.qout_r[M]	dbg_halt_r	u_e203_cpu.u_e203_core.u_e203_lsu.u_e203_lsu_ctrl.excl_addr_dffl.qout_r[10]$_DFFE_PN0P_/D
325	-0.5714	u_eI_cpu.u_eJ_core.u_eK_exu.u_eL_exu_alu.u_eM_exu_alu_lsuagu.icb_state_dfflr.qout_r[N]	cmt_dcause_ena	u_e203_cpu.u_e203_core.u_e203_exu.u_e203_exu_alu.u_e203_exu_alu_lsuagu.icb_state_dfflr.qout_r[1]$_DFFE_PN0P_/Q	cmt_dcause_ena
326	-0.5698	dbg_step_r	u_eI_cpu.u_eJ_dtcm_ctrl.u_dtcm_icb_arbt.arbt_num_gt_K_gen.dp_L.u_sirv_gnrl_rspid_fifo.dp_gt_M.vld_dfflr.qout_r	dbg_step_r	u_e203_cpu.u_e203_dtcm_ctrl.u_dtcm_icb_arbt.arbt_num_gt_1_gen.dp_1.u_sirv_gnrl_rspid_fifo.dp_gt_0.vld_dfflr.qout_r$_DFFE_PN0P_/D
327	-0.5684	dbg_halt_r	u_eI_cpu.u_eJ_core.u_eK_exu.u_eL_exu_alu.u_eM_exu_alu_muldiv.part_remd_sftN_dfflr.qout_r	dbg_halt_r	u_e203_cpu.u_e203_core.u_e203_exu.u_e203_exu_alu.u_e203_exu_alu_muldiv.part_remd_sft1_dfflr.qout_r$_DFFE_PN0P_/D
328	-0.5677	dbg_halt_r	u_eI_cpu.u_eJ_core.u_eK_exu.u_eL_exu_alu.u_eM_exu_alu_lsuagu.icb_state_dfflr.qout_r[N]	dbg_halt_r	u_e203_cpu.u_e203_core.u_e203_exu.u_e203_exu_alu.u_e203_exu_alu_lsuagu.icb_state_dfflr.qout_r[0]$_DFFE_PN0P_/D
329	-0.5677	u_eI_cpu.u_eJ_core.u_eK_ifu.u_eL_ifu_ifetch.ifu_err_dfflr.qout_r	core_wfi	u_e203_cpu.u_e203_core.u_e203_ifu.u_e203_ifu_ifetch.ifu_err_dfflr.qout_r$_DFFE_PN0P_/Q	core_wfi
330	-0.5669	dbg_step_r	u_eI_cpu.u_eJ_core.u_eK_ifu.u_eL_ifu_ifetch.ifu_pc_dfflr.qout_r[M]	dbg_step_r	u_e203_cpu.u_e203_core.u_e203_ifu.u_e203_ifu_ifetch.ifu_pc_dfflr.qout_r[10]$_DFFE_PN0P_/D
331	-0.5666	dbg_step_r	u_eI_cpu.u_eJ_core.u_eK_exu.u_eL_exu_csr.badaddr_dfflr.qout_r[M]	dbg_step_r	u_e203_cpu.u_e203_core.u_e203_exu.u_e203_exu_csr.badaddr_dfflr.qout_r[17]$_DFFE_PN0P_/D
332	-0.5661	dbg_step_r	u_eI_cpu.u_eJ_dtcm_ctrl.u_sram_icb_ctrl.u_sirv_Kcyc_sram_ctrl.u_eL_stage.dp_gt_M.vld_dfflr.qout_r	dbg_step_r	u_e203_cpu.u_e203_dtcm_ctrl.u_sram_icb_ctrl.u_sirv_1cyc_sram_ctrl.u_e1_stage.dp_gt_0.vld_dfflr.qout_r$_DFFE_PN0P_/D
333	-0.5651	u_eI_cpu.u_eJ_core.u_eK_exu.u_eL_exu_alu.u_eM_exu_alu_muldiv.muldiv_state_dfflr.qout_r[N]	extIdtcm_icb_cmd_ready	u_e203_cpu.u_e203_core.u_e203_exu.u_e203_exu_alu.u_e203_exu_alu_muldiv.muldiv_state_dfflr.qout_r[1]$_DFFE_PN0P_/Q	ext2dtcm_icb_cmd_ready
334	-0.5630	dbg_halt_r	u_eI_cpu.u_eJ_clk_ctrl.u_dtcm_clkgate.enb	dbg_halt_r	u_e203_cpu.u_e203_clk_ctrl.u_dtcm_clkgate.enb$_DLATCH_N_/D
335	-0.5598	dbg_step_r	u_eI_cpu.u_eJ_dtcm_ctrl.u_sram_icb_ctrl.u_sirv_Kcyc_sram_ctrl.u_ram_clkgate.enb	dbg_step_r	u_e203_cpu.u_e203_dtcm_ctrl.u_sram_icb_ctrl.u_sirv_1cyc_sram_ctrl.u_ram_clkgate.enb$_DLATCH_N_/D
336	-0.5553	dbg_step_r	u_eI_cpu.u_eJ_core.u_eK_ifu.u_eL_ifu_ifetch.ir_pc_vld_dfflr.qout_r	dbg_step_r	u_e203_cpu.u_e203_core.u_e203_ifu.u_e203_ifu_ifetch.ir_pc_vld_dfflr.qout_r$_DFFE_PN0P_/D
337	-0.5543	dbg_halt_r	u_eI_cpu.u_eJ_core.u_eK_exu.u_eL_exu_oitf.oitf_entries[M].pc_dfflrs.qout_r[N]	dbg_halt_r	u_e203_cpu.u_e203_core.u_e203_exu.u_e203_exu_oitf.oitf_entries[0].pc_dfflrs.qout_r[10]$_DFFE_PP_/D
338	-0.5543	dbg_halt_r	u_eI_cpu.u_eJ_core.u_eK_exu.u_eL_exu_oitf.oitf_entries[M].rdidx_dfflrs.qout_r[N]	dbg_halt_r	u_e203_cpu.u_e203_core.u_e203_exu.u_e203_exu_oitf.oitf_entries[0].rdidx_dfflrs.qout_r[4]$_DFFE_PP_/D
339	-0.5543	dbg_halt_r	u_eI_cpu.u_eJ_core.u_eK_exu.u_eL_exu_oitf.oitf_entries[M].rdwen_dfflrs.qout_r	dbg_halt_r	u_e203_cpu.u_e203_core.u_e203_exu.u_e203_exu_oitf.oitf_entries[0].rdwen_dfflrs.qout_r$_DFFE_PP_/D
340	-0.5515	dbg_halt_r	u_eI_cpu.u_eJ_dtcm_ctrl.u_dtcm_icb_arbt.arbt_num_gt_K_gen.dp_L.u_sirv_gnrl_rspid_fifo.dp_gt_M.vld_dfflr.qout_r	dbg_halt_r	u_e203_cpu.u_e203_dtcm_ctrl.u_dtcm_icb_arbt.arbt_num_gt_1_gen.dp_1.u_sirv_gnrl_rspid_fifo.dp_gt_0.vld_dfflr.qout_r$_DFFE_PN0P_/D
341	-0.5508	dbg_halt_r	u_eI_cpu.u_eJ_core.u_eK_ifu.u_eL_ifu_ifetch.ifu_pc_dfflr.qout_r[M]	dbg_halt_r	u_e203_cpu.u_e203_core.u_e203_ifu.u_e203_ifu_ifetch.ifu_pc_dfflr.qout_r[10]$_DFFE_PN0P_/D
342	-0.5483	dbg_halt_r	u_eI_cpu.u_eJ_core.u_eK_exu.u_eL_exu_csr.badaddr_dfflr.qout_r[M]	dbg_halt_r	u_e203_cpu.u_e203_core.u_e203_exu.u_e203_exu_csr.badaddr_dfflr.qout_r[17]$_DFFE_PN0P_/D
343	-0.5478	dbg_halt_r	u_eI_cpu.u_eJ_dtcm_ctrl.u_sram_icb_ctrl.u_sirv_Kcyc_sram_ctrl.u_eL_stage.dp_gt_M.vld_dfflr.qout_r	dbg_halt_r	u_e203_cpu.u_e203_dtcm_ctrl.u_sram_icb_ctrl.u_sirv_1cyc_sram_ctrl.u_e1_stage.dp_gt_0.vld_dfflr.qout_r$_DFFE_PN0P_/D
344	-0.5468	dbg_step_r	u_eI_cpu.u_eJ_core.u_eK_exu.u_eL_exu_csr.epc_dfflr.qout_r[M]	dbg_step_r	u_e203_cpu.u_e203_core.u_e203_exu.u_e203_exu_csr.epc_dfflr.qout_r[10]$_DFFE_PN0P_/D
345	-0.5454	dbg_step_r	u_eI_cpu.u_eJ_core.u_eK_exu.u_eL_exu_alu.u_eM_exu_alu_muldiv.part_prdt_sftN_dfflr.qout_r	dbg_step_r	u_e203_cpu.u_e203_core.u_e203_exu.u_e203_exu_alu.u_e203_exu_alu_muldiv.part_prdt_sft1_dfflr.qout_r$_DFFE_PN0P_/D
346	-0.5450	u_eI_cpu.u_eJ_core.u_eK_lsu.u_eL_lsu_ctrl.u_lsu_icb_arbt.arbt_num_gt_M_gen.dp_N.u_sirv_gnrl_rspid_fifo.dp_gt_O.dat_dfflr.qout_r	extIdtcm_icb_cmd_ready	u_e203_cpu.u_e203_core.u_e203_lsu.u_e203_lsu_ctrl.u_lsu_icb_arbt.arbt_num_gt_1_gen.dp_1.u_sirv_gnrl_rspid_fifo.dp_gt_0.dat_dfflr.qout_r$_DFFE_PP_/Q	ext2dtcm_icb_cmd_ready
347	-0.5449	u_eI_cpu.u_eJ_itcm_ctrl.u_itcm_icb_arbt.arbt_num_gt_K_gen.dp_L.u_sirv_gnrl_rspid_fifo.dp_gt_M.dat_dfflr.qout_r	extIdtcm_icb_cmd_ready	u_e203_cpu.u_e203_itcm_ctrl.u_itcm_icb_arbt.arbt_num_gt_1_gen.dp_1.u_sirv_gnrl_rspid_fifo.dp_gt_0.dat_dfflr.qout_r$_DFFE_PP_/Q	ext2dtcm_icb_cmd_ready
348	-0.5415	dbg_halt_r	u_eI_cpu.u_eJ_dtcm_ctrl.u_sram_icb_ctrl.u_sirv_Kcyc_sram_ctrl.u_ram_clkgate.enb	dbg_halt_r	u_e203_cpu.u_e203_dtcm_ctrl.u_sram_icb_ctrl.u_sirv_1cyc_sram_ctrl.u_ram_clkgate.enb$_DLATCH_N_/D
349	-0.5407	dbg_step_r	u_eI_cpu.u_eJ_core.u_eK_exu.u_eL_exu_oitf.depth_gtM.alc_ptr_dfflrs.qout_r	dbg_step_r	u_e203_cpu.u_e203_core.u_e203_exu.u_e203_exu_oitf.depth_gt1.alc_ptr_dfflrs.qout_r$_DFFE_PN0P_/D
350	-0.5400	dbg_step_r	u_eI_cpu.u_eJ_core.u_eK_exu.u_eL_exu_alu.u_eM_exu_alu_muldiv.muldiv_state_dfflr.qout_r[N]	dbg_step_r	u_e203_cpu.u_e203_core.u_e203_exu.u_e203_exu_alu.u_e203_exu_alu_muldiv.muldiv_state_dfflr.qout_r[1]$_DFFE_PN0P_/D
351	-0.5391	dbg_halt_r	u_eI_cpu.u_eJ_core.u_eK_ifu.u_eL_ifu_ifetch.ir_pc_vld_dfflr.qout_r	dbg_halt_r	u_e203_cpu.u_e203_core.u_e203_ifu.u_e203_ifu_ifetch.ir_pc_vld_dfflr.qout_r$_DFFE_PN0P_/D
352	-0.5389	u_eI_cpu.u_eJ_core.u_eK_exu.u_eL_exu_csr.status_mie_dfflr.qout_r	extIdtcm_icb_cmd_ready	u_e203_cpu.u_e203_core.u_e203_exu.u_e203_exu_csr.status_mie_dfflr.qout_r$_DFFE_PN0P_/QN	ext2dtcm_icb_cmd_ready
353	-0.5373	u_eI_cpu.u_eJ_core.u_eK_exu.u_eL_exu_alu.u_eM_exu_alu_muldiv.exec_cnt_dfflr.qout_r[N]	extIdtcm_icb_cmd_ready	u_e203_cpu.u_e203_core.u_e203_exu.u_e203_exu_alu.u_e203_exu_alu_muldiv.exec_cnt_dfflr.qout_r[2]$_DFFE_PN0P_/Q	ext2dtcm_icb_cmd_ready
354	-0.5360	u_eI_cpu.u_eJ_core.u_eK_exu.u_eL_exu_regfile.regfile[M].rfnoN.rf_dffl.qout_r[O]	cmt_dcause[I]	u_e203_cpu.u_e203_core.u_e203_exu.u_e203_exu_regfile.regfile[14].rfno0.rf_dffl.qout_r[31]$_DFFE_PP_/Q	cmt_dcause[1]
355	-0.5356	u_eI_cpu.u_eJ_core.u_eK_biu.u_biu_icb_arbt.arbt_num_gt_L_gen.dp_M.u_sirv_gnrl_rspid_fifo.dp_gt_N.vld_dfflr.qout_r	extIdtcm_icb_cmd_ready	u_e203_cpu.u_e203_core.u_e203_biu.u_biu_icb_arbt.arbt_num_gt_1_gen.dp_1.u_sirv_gnrl_rspid_fifo.dp_gt_0.vld_dfflr.qout_r$_DFFE_PN0P_/Q	ext2dtcm_icb_cmd_ready
356	-0.5339	dbg_step_r	u_eI_cpu.u_eJ_itcm_ctrl.u_itcm_icb_arbt.arbt_num_gt_K_gen.dp_L.u_sirv_gnrl_rspid_fifo.dp_gt_M.vld_dfflr.qout_r	dbg_step_r	u_e203_cpu.u_e203_itcm_ctrl.u_itcm_icb_arbt.arbt_num_gt_1_gen.dp_1.u_sirv_gnrl_rspid_fifo.dp_gt_0.vld_dfflr.qout_r$_DFFE_PN0P_/D
357	-0.5325	u_eI_cpu.u_eJ_itcm_ctrl.u_sram_icb_ctrl.u_sirv_Kcyc_sram_ctrl.u_eL_stage.dp_gt_M.dat_dfflr.qout_r[N]	extIdtcm_icb_cmd_ready	u_e203_cpu.u_e203_itcm_ctrl.u_sram_icb_ctrl.u_sirv_1cyc_sram_ctrl.u_e1_stage.dp_gt_0.dat_dfflr.qout_r[1]$_DFFE_PP_/QN	ext2dtcm_icb_cmd_ready
358	-0.5322	dbg_step_r	u_eI_cpu.u_eJ_core.u_eK_exu.u_eL_exu_oitf.oitf_entries[M].vld_dfflrs.qout_r	dbg_step_r	u_e203_cpu.u_e203_core.u_e203_exu.u_e203_exu_oitf.oitf_entries[1].vld_dfflrs.qout_r$_DFFE_PN0P_/D
359	-0.5292	dbg_halt_r	u_eI_cpu.u_eJ_core.u_eK_exu.u_eL_exu_alu.u_eM_exu_alu_muldiv.part_prdt_sftN_dfflr.qout_r	dbg_halt_r	u_e203_cpu.u_e203_core.u_e203_exu.u_e203_exu_alu.u_e203_exu_alu_muldiv.part_prdt_sft1_dfflr.qout_r$_DFFE_PN0P_/D
360	-0.5284	dbg_halt_r	u_eI_cpu.u_eJ_core.u_eK_exu.u_eL_exu_csr.epc_dfflr.qout_r[M]	dbg_halt_r	u_e203_cpu.u_e203_core.u_e203_exu.u_e203_exu_csr.epc_dfflr.qout_r[10]$_DFFE_PN0P_/D
361	-0.5270	u_eI_cpu.u_eJ_core.u_eK_exu.u_eL_exu_regfile.regfile[M].rfnoN.rf_dffl.qout_r[O]	core_wfi	u_e203_cpu.u_e203_core.u_e203_exu.u_e203_exu_regfile.regfile[14].rfno0.rf_dffl.qout_r[31]$_DFFE_PP_/Q	core_wfi
362	-0.5245	dbg_step_r	u_eI_cpu.u_eJ_itcm_ctrl.u_itcm_icb_lsuKitcm_nLw.fifo_dp_M.u_sirv_gnrl_nNw_fifo.dp_gt_O.dat_dfflr.qout_r	dbg_step_r	u_e203_cpu.u_e203_itcm_ctrl.u_itcm_icb_lsu2itcm_n2w.fifo_dp_1.u_sirv_gnrl_n2w_fifo.dp_gt_0.dat_dfflr.qout_r$_DFFE_PP_/D
363	-0.5238	dbg_halt_r	u_eI_cpu.u_eJ_core.u_eK_exu.u_eL_exu_alu.u_eM_exu_alu_muldiv.muldiv_state_dfflr.qout_r[N]	dbg_halt_r	u_e203_cpu.u_e203_core.u_e203_exu.u_e203_exu_alu.u_e203_exu_alu_muldiv.muldiv_state_dfflr.qout_r[1]$_DFFE_PN0P_/D
364	-0.5223	dbg_halt_r	u_eI_cpu.u_eJ_core.u_eK_exu.u_eL_exu_oitf.depth_gtM.alc_ptr_dfflrs.qout_r	dbg_halt_r	u_e203_cpu.u_e203_core.u_e203_exu.u_e203_exu_oitf.depth_gt1.alc_ptr_dfflrs.qout_r$_DFFE_PN0P_/D
365	-0.5223	u_eI_cpu.u_eJ_irq_sync.master_gen.u_dbg_irq_sync.sync_gen[K].i_is_not_L.sync_dffr.qout_r	extIdtcm_icb_cmd_ready	u_e203_cpu.u_e203_irq_sync.master_gen.u_dbg_irq_sync.sync_gen[1].i_is_not_0.sync_dffr.qout_r$_DFF_PN0_/Q	ext2dtcm_icb_cmd_ready
366	-0.5195	u_eI_cpu.u_eJ_core.u_eK_biu.u_sirv_gnrl_icb_buffer.u_sirv_gnrl_rsp_fifo.dp_gtL.vec_M_dfflr.qout_r	extIdtcm_icb_cmd_ready	u_e203_cpu.u_e203_core.u_e203_biu.u_sirv_gnrl_icb_buffer.u_sirv_gnrl_rsp_fifo.dp_gt0.vec_31_dfflr.qout_r$_DFFE_PN0P_/Q	ext2dtcm_icb_cmd_ready
367	-0.5155	dbg_halt_r	u_eI_cpu.u_eJ_itcm_ctrl.u_itcm_icb_arbt.arbt_num_gt_K_gen.dp_L.u_sirv_gnrl_rspid_fifo.dp_gt_M.vld_dfflr.qout_r	dbg_halt_r	u_e203_cpu.u_e203_itcm_ctrl.u_itcm_icb_arbt.arbt_num_gt_1_gen.dp_1.u_sirv_gnrl_rspid_fifo.dp_gt_0.vld_dfflr.qout_r$_DFFE_PN0P_/D
368	-0.5151	u_eI_cpu.u_eJ_core.u_eK_exu.u_eL_exu_commit.u_eM_exu_excp.step_req_dfflr.qout_r	extIdtcm_icb_cmd_ready	u_e203_cpu.u_e203_core.u_e203_exu.u_e203_exu_commit.u_e203_exu_excp.step_req_dfflr.qout_r$_DFFE_PN0P_/Q	ext2dtcm_icb_cmd_ready
369	-0.5141	dbg_step_r	u_eI_cpu.u_eJ_clk_ctrl.dtcm_active_dffr.qout_r	dbg_step_r	u_e203_cpu.u_e203_clk_ctrl.dtcm_active_dffr.qout_r$_DFF_PN0_/D
370	-0.5139	dbg_halt_r	u_eI_cpu.u_eJ_core.u_eK_exu.u_eL_exu_oitf.oitf_entries[M].vld_dfflrs.qout_r	dbg_halt_r	u_e203_cpu.u_e203_core.u_e203_exu.u_e203_exu_oitf.oitf_entries[1].vld_dfflrs.qout_r$_DFFE_PN0P_/D
371	-0.5137	u_eI_cpu.u_eJ_core.u_eK_ifu.u_eL_ifu_ifetch.ifu_err_dfflr.qout_r	cmt_dpc_ena	u_e203_cpu.u_e203_core.u_e203_ifu.u_e203_ifu_ifetch.ifu_err_dfflr.qout_r$_DFFE_PN0P_/Q	cmt_dpc_ena
372	-0.5092	u_eI_cpu.u_eJ_core.u_eK_ifu.u_eL_ifu_ifetch.ifu_lo_ir_dfflr.qout_r[M]	u_eI_cpu.u_eJ_core.u_eK_biu.u_sirv_gnrl_icb_buffer.u_sirv_gnrl_cmd_fifo.dp_gtL.fifo_rf[M].fifo_rf_dffl.qout_r[N]	u_e203_cpu.u_e203_core.u_e203_ifu.u_e203_ifu_ifetch.ifu_lo_ir_dfflr.qout_r[6]$_DFFE_PN0P_/Q	u_e203_cpu.u_e203_core.u_e203_biu.u_sirv_gnrl_icb_buffer.u_sirv_gnrl_cmd_fifo.dp_gt0.fifo_rf[0].fifo_rf_dffl.qout_r[73]$_DFFE_PP_/D
373	-0.5089	u_eI_cpu.u_eJ_core.u_eK_ifu.u_eL_ifu_ifetch.ifu_lo_ir_dfflr.qout_r[M]	u_eI_cpu.u_eJ_itcm_ctrl.u_sram_icb_ctrl.u_byp_icb_cmd_buf.u_bypbuf_fifo.dp_gtK.vec_L_dfflrs.qout_r	u_e203_cpu.u_e203_core.u_e203_ifu.u_e203_ifu_ifetch.ifu_lo_ir_dfflr.qout_r[6]$_DFFE_PN0P_/Q	u_e203_cpu.u_e203_itcm_ctrl.u_sram_icb_ctrl.u_byp_icb_cmd_buf.u_bypbuf_fifo.dp_gt0.vec_0_dfflrs.qout_r$_DFFE_PN1P_/D
374	-0.5061	dbg_halt_r	u_eI_cpu.u_eJ_itcm_ctrl.u_itcm_icb_lsuKitcm_nLw.fifo_dp_M.u_sirv_gnrl_nNw_fifo.dp_gt_O.dat_dfflr.qout_r	dbg_halt_r	u_e203_cpu.u_e203_itcm_ctrl.u_itcm_icb_lsu2itcm_n2w.fifo_dp_1.u_sirv_gnrl_n2w_fifo.dp_gt_0.dat_dfflr.qout_r$_DFFE_PP_/D
375	-0.5060	u_eI_cpu.u_eJ_core.u_eK_exu.u_eL_exu_alu.u_eM_exu_alu_lsuagu.icb_state_dfflr.qout_r[N]	cmt_dcause[I]	u_e203_cpu.u_e203_core.u_e203_exu.u_e203_exu_alu.u_e203_exu_alu_lsuagu.icb_state_dfflr.qout_r[1]$_DFFE_PN0P_/Q	cmt_dcause[1]
376	-0.5019	u_eI_cpu.u_eJ_core.u_eK_biu.u_biu_icb_arbt.arbt_num_gt_L_gen.dp_M.u_sirv_gnrl_rspid_fifo.dp_gt_N.dat_dfflr.qout_r	extIdtcm_icb_cmd_ready	u_e203_cpu.u_e203_core.u_e203_biu.u_biu_icb_arbt.arbt_num_gt_1_gen.dp_1.u_sirv_gnrl_rspid_fifo.dp_gt_0.dat_dfflr.qout_r$_DFFE_PP_/Q	ext2dtcm_icb_cmd_ready
377	-0.5007	u_eI_cpu.u_eJ_core.u_eK_ifu.u_eL_ifu_ifetch.ifu_lo_ir_dfflr.qout_r[M]	u_eI_cpu.u_eJ_core.u_eK_ifu.u_eL_ifu_ifetch.ifu_hi_ir_dfflr.qout_r[M]	u_e203_cpu.u_e203_core.u_e203_ifu.u_e203_ifu_ifetch.ifu_lo_ir_dfflr.qout_r[6]$_DFFE_PN0P_/Q	u_e203_cpu.u_e203_core.u_e203_ifu.u_e203_ifu_ifetch.ifu_hi_ir_dfflr.qout_r[10]$_DFFE_PN0P_/D
378	-0.5001	dbg_step_r	u_eI_cpu.u_eJ_core.u_eK_exu.u_eL_exu_oitf.depth_gtM.alc_ptr_flg_dfflrs.qout_r	dbg_step_r	u_e203_cpu.u_e203_core.u_e203_exu.u_e203_exu_oitf.depth_gt1.alc_ptr_flg_dfflrs.qout_r$_DFFE_PN0P_/D
379	-0.4997	dbg_step_r	u_eI_cpu.u_eJ_dtcm_ctrl.u_dtcm_icb_arbt.arbt_num_gt_K_gen.dp_L.u_sirv_gnrl_rspid_fifo.dp_gt_M.dat_dfflr.qout_r	dbg_step_r	u_e203_cpu.u_e203_dtcm_ctrl.u_dtcm_icb_arbt.arbt_num_gt_1_gen.dp_1.u_sirv_gnrl_rspid_fifo.dp_gt_0.dat_dfflr.qout_r$_DFFE_PP_/D
380	-0.4981	dbg_step_r	u_eI_cpu.u_eJ_core.u_eK_exu.u_eL_exu_csr.mcycle_dfflr.qout_r[M]	dbg_step_r	u_e203_cpu.u_e203_core.u_e203_exu.u_e203_exu_csr.mcycle_dfflr.qout_r[10]$_DFFE_PN0P_/D
381	-0.4981	dbg_step_r	u_eI_cpu.u_eJ_core.u_eK_exu.u_eL_exu_csr.mcycleh_dfflr.qout_r[M]	dbg_step_r	u_e203_cpu.u_e203_core.u_e203_exu.u_e203_exu_csr.mcycleh_dfflr.qout_r[10]$_DFFE_PN0P_/D
382	-0.4980	dbg_step_r	u_eI_cpu.u_eJ_core.u_eK_exu.u_eL_exu_csr.mtvec_dfflr.qout_r[M]	dbg_step_r	u_e203_cpu.u_e203_core.u_e203_exu.u_e203_exu_csr.mtvec_dfflr.qout_r[10]$_DFFE_PN0P_/D
383	-0.4978	u_eI_cpu.u_eJ_core.u_eK_ifu.u_eL_ifu_ifetch.ifu_lo_ir_dfflr.qout_r[M]	u_eI_cpu.u_eJ_clk_ctrl.u_itcm_clkgate.enb	u_e203_cpu.u_e203_core.u_e203_ifu.u_e203_ifu_ifetch.ifu_lo_ir_dfflr.qout_r[6]$_DFFE_PN0P_/Q	u_e203_cpu.u_e203_clk_ctrl.u_itcm_clkgate.enb$_DLATCH_N_/D
384	-0.4974	dbg_step_r	u_eI_cpu.u_eJ_core.u_eK_exu.u_eL_exu_csr.cause_dfflr.qout_r[M]	dbg_step_r	u_e203_cpu.u_e203_core.u_e203_exu.u_e203_exu_csr.cause_dfflr.qout_r[0]$_DFFE_PN0P_/D
385	-0.4957	dbg_halt_r	u_eI_cpu.u_eJ_clk_ctrl.dtcm_active_dffr.qout_r	dbg_halt_r	u_e203_cpu.u_e203_clk_ctrl.dtcm_active_dffr.qout_r$_DFF_PN0_/D
386	-0.4952	u_eI_cpu.u_eJ_core.u_eK_ifu.u_eL_ifu_ifetch.ifu_lo_ir_dfflr.qout_r[M]	u_eI_cpu.u_eJ_itcm_ctrl.u_sram_icb_ctrl.u_byp_icb_cmd_buf.u_bypbuf_fifo.dp_gtK.fifo_rf[L].fifo_rf_dffl.qout_r[M]	u_e203_cpu.u_e203_core.u_e203_ifu.u_e203_ifu_ifetch.ifu_lo_ir_dfflr.qout_r[6]$_DFFE_PN0P_/Q	u_e203_cpu.u_e203_itcm_ctrl.u_sram_icb_ctrl.u_byp_icb_cmd_buf.u_bypbuf_fifo.dp_gt0.fifo_rf[0].fifo_rf_dffl.qout_r[42]$_DFFE_PP_/D
387	-0.4945	u_eI_cpu.u_eJ_core.u_eK_ifu.u_eL_ifu_ifetch.ifu_lo_ir_dfflr.qout_r[M]	u_eI_cpu.u_eJ_core.u_eK_biu.u_sirv_gnrl_icb_buffer.outs_cnt_dfflr.qout_r	u_e203_cpu.u_e203_core.u_e203_ifu.u_e203_ifu_ifetch.ifu_lo_ir_dfflr.qout_r[6]$_DFFE_PN0P_/Q	u_e203_cpu.u_e203_core.u_e203_biu.u_sirv_gnrl_icb_buffer.outs_cnt_dfflr.qout_r$_DFFE_PN0P_/D
388	-0.4942	u_eI_cpu.u_eJ_core.u_eK_ifu.u_eL_ifu_ifetch.ifu_lo_ir_dfflr.qout_r[M]	u_eI_cpu.u_eJ_core.u_eK_ifu.u_eL_ifu_iftMicb.leftover_dffl.qout_r[N]	u_e203_cpu.u_e203_core.u_e203_ifu.u_e203_ifu_ifetch.ifu_lo_ir_dfflr.qout_r[6]$_DFFE_PN0P_/Q	u_e203_cpu.u_e203_core.u_e203_ifu.u_e203_ifu_ift2icb.leftover_dffl.qout_r[12]$_DFFE_PP_/D
389	-0.4929	u_eI_cpu.u_eJ_core.u_eK_exu.u_eL_exu_csr.mie_dfflr.qout_r[M]	cmt_dcause_ena	u_e203_cpu.u_e203_core.u_e203_exu.u_e203_exu_csr.mie_dfflr.qout_r[7]$_DFFE_PN0P_/Q	cmt_dcause_ena
390	-0.4924	dbg_step_r	u_eI_cpu.u_eJ_core.u_eK_exu.u_eL_exu_csr.status_mie_dfflr.qout_r	dbg_step_r	u_e203_cpu.u_e203_core.u_e203_exu.u_e203_exu_csr.status_mie_dfflr.qout_r$_DFFE_PN0P_/D
391	-0.4920	u_eI_cpu.u_eJ_core.u_eK_ifu.u_eL_ifu_ifetch.ifu_lo_ir_dfflr.qout_r[M]	u_eI_cpu.u_eJ_core.u_eK_ifu.u_eL_ifu_iftMicb.u_eN_ifetch_rsp_bypbuf.u_bypbuf_fifo.dp_gtO.fifo_rf[P].fifo_rf_dffl.qout_r[Q]	u_e203_cpu.u_e203_core.u_e203_ifu.u_e203_ifu_ifetch.ifu_lo_ir_dfflr.qout_r[6]$_DFFE_PN0P_/Q	u_e203_cpu.u_e203_core.u_e203_ifu.u_e203_ifu_ift2icb.u_e203_ifetch_rsp_bypbuf.u_bypbuf_fifo.dp_gt0.fifo_rf[0].fifo_rf_dffl.qout_r[10]$_DFFE_PP_/D
392	-0.4916	u_eI_cpu.u_eJ_core.u_eK_ifu.u_eL_ifu_ifetch.ifu_hi_ir_dfflr.qout_r[M]	u_eI_cpu.u_eJ_core.u_eK_biu.u_sirv_gnrl_icb_buffer.u_sirv_gnrl_cmd_fifo.dp_gtL.fifo_rf[M].fifo_rf_dffl.qout_r[N]	u_e203_cpu.u_e203_core.u_e203_ifu.u_e203_ifu_ifetch.ifu_hi_ir_dfflr.qout_r[15]$_DFFE_PN0P_/Q	u_e203_cpu.u_e203_core.u_e203_biu.u_sirv_gnrl_icb_buffer.u_sirv_gnrl_cmd_fifo.dp_gt0.fifo_rf[0].fifo_rf_dffl.qout_r[73]$_DFFE_PP_/D
393	-0.4913	u_eI_cpu.u_eJ_core.u_eK_ifu.u_eL_ifu_ifetch.ifu_hi_ir_dfflr.qout_r[M]	u_eI_cpu.u_eJ_itcm_ctrl.u_sram_icb_ctrl.u_byp_icb_cmd_buf.u_bypbuf_fifo.dp_gtK.vec_L_dfflrs.qout_r	u_e203_cpu.u_e203_core.u_e203_ifu.u_e203_ifu_ifetch.ifu_hi_ir_dfflr.qout_r[15]$_DFFE_PN0P_/Q	u_e203_cpu.u_e203_itcm_ctrl.u_sram_icb_ctrl.u_byp_icb_cmd_buf.u_bypbuf_fifo.dp_gt0.vec_0_dfflrs.qout_r$_DFFE_PN1P_/D
394	-0.4912	u_eI_cpu.u_eJ_core.u_eK_ifu.u_eL_ifu_ifetch.ifu_lo_ir_dfflr.qout_r[M]	u_eI_cpu.u_eJ_core.u_eK_biu.u_biu_icb_arbt.arbt_num_gt_L_gen.dp_M.u_sirv_gnrl_rspid_fifo.dp_gt_N.vld_dfflr.qout_r	u_e203_cpu.u_e203_core.u_e203_ifu.u_e203_ifu_ifetch.ifu_lo_ir_dfflr.qout_r[6]$_DFFE_PN0P_/Q	u_e203_cpu.u_e203_core.u_e203_biu.u_biu_icb_arbt.arbt_num_gt_1_gen.dp_1.u_sirv_gnrl_rspid_fifo.dp_gt_0.vld_dfflr.qout_r$_DFFE_PN0P_/D
395	-0.4910	dbg_step_r	u_eI_cpu.u_eJ_core.u_eK_exu.u_eL_exu_csr.mscratch_dfflr.qout_r[M]	dbg_step_r	u_e203_cpu.u_e203_core.u_e203_exu.u_e203_exu_csr.mscratch_dfflr.qout_r[10]$_DFFE_PN0P_/D
396	-0.4888	u_eI_cpu.u_eJ_core.u_eK_ifu.u_eL_ifu_ifetch.ifu_prdt_taken_dfflr.qout_r	extIdtcm_icb_cmd_ready	u_e203_cpu.u_e203_core.u_e203_ifu.u_e203_ifu_ifetch.ifu_prdt_taken_dfflr.qout_r$_DFFE_PN0P_/Q	ext2dtcm_icb_cmd_ready
397	-0.4852	u_eI_cpu.u_eJ_core.u_eK_lsu.u_eL_lsu_ctrl.u_eM_lsu_splt_stage.dp_gt_N.vld_dfflr.qout_r	cmt_dcause_ena	u_e203_cpu.u_e203_core.u_e203_lsu.u_e203_lsu_ctrl.u_e203_lsu_splt_stage.dp_gt_0.vld_dfflr.qout_r$_DFFE_PN0P_/Q	cmt_dcause_ena
398	-0.4848	u_eI_cpu.u_eJ_core.u_eK_exu.u_eL_exu_oitf.depth_gtM.alc_ptr_dfflrs.qout_r	cmt_dcause_ena	u_e203_cpu.u_e203_core.u_e203_exu.u_e203_exu_oitf.depth_gt1.alc_ptr_dfflrs.qout_r$_DFFE_PN0P_/Q	cmt_dcause_ena
399	-0.4848	u_eI_cpu.u_eJ_core.u_eK_ifu.u_eL_ifu_ifetch.ifu_lo_ir_dfflr.qout_r[M]	u_eI_cpu.u_eJ_core.u_eK_ifu.u_eL_ifu_ifetch.ir_rsMidx_dfflr.qout_r[N]	u_e203_cpu.u_e203_core.u_e203_ifu.u_e203_ifu_ifetch.ifu_lo_ir_dfflr.qout_r[6]$_DFFE_PN0P_/Q	u_e203_cpu.u_e203_core.u_e203_ifu.u_e203_ifu_ifetch.ir_rs2idx_dfflr.qout_r[0]$_DFFE_PN0P_/D
400	-0.4847	dbg_step_r	u_eI_cpu.u_eJ_core.u_eK_ifu.u_eL_ifu_ifetch.u_eM_ifu_litebpu.rsNxn_rdrf_dfflrs.qout_r	dbg_step_r	u_e203_cpu.u_e203_core.u_e203_ifu.u_e203_ifu_ifetch.u_e203_ifu_litebpu.rs1xn_rdrf_dfflrs.qout_r$_DFFE_PN0P_/D
401	-0.4846	u_eI_cpu.u_eJ_core.u_eK_exu.u_eL_exu_oitf.depth_gtM.ret_ptr_dfflrs.qout_r	cmt_dcause_ena	u_e203_cpu.u_e203_core.u_e203_exu.u_e203_exu_oitf.depth_gt1.ret_ptr_dfflrs.qout_r$_DFFE_PN0P_/Q	cmt_dcause_ena
402	-0.4844	dbg_step_r	u_eI_cpu.u_eJ_core.u_eK_lsu.u_eL_lsu_ctrl.u_lsu_icb_arbt.arbt_num_gt_M_gen.dp_N.u_sirv_gnrl_rspid_fifo.dp_gt_O.dat_dfflr.qout_r	dbg_step_r	u_e203_cpu.u_e203_core.u_e203_lsu.u_e203_lsu_ctrl.u_lsu_icb_arbt.arbt_num_gt_1_gen.dp_1.u_sirv_gnrl_rspid_fifo.dp_gt_0.dat_dfflr.qout_r$_DFFE_PP_/D
403	-0.4832	dbg_step_r	u_eI_cpu.u_eJ_itcm_ctrl.u_itcm_icb_lsuKitcm_nLw.fifo_dp_M.u_sirv_gnrl_nNw_fifo.dp_gt_O.vld_dfflr.qout_r	dbg_step_r	u_e203_cpu.u_e203_itcm_ctrl.u_itcm_icb_lsu2itcm_n2w.fifo_dp_1.u_sirv_gnrl_n2w_fifo.dp_gt_0.vld_dfflr.qout_r$_DFFE_PN0P_/D
404	-0.4831	u_eI_cpu.u_eJ_core.u_eK_ifu.u_eL_ifu_ifetch.ifu_hi_ir_dfflr.qout_r[M]	u_eI_cpu.u_eJ_core.u_eK_ifu.u_eL_ifu_ifetch.ifu_hi_ir_dfflr.qout_r[M]	u_e203_cpu.u_e203_core.u_e203_ifu.u_e203_ifu_ifetch.ifu_hi_ir_dfflr.qout_r[15]$_DFFE_PN0P_/Q	u_e203_cpu.u_e203_core.u_e203_ifu.u_e203_ifu_ifetch.ifu_hi_ir_dfflr.qout_r[10]$_DFFE_PN0P_/D
405	-0.4829	dbg_ebreakm_r	extIitcm_icb_cmd_ready	dbg_ebreakm_r	ext2itcm_icb_cmd_ready
406	-0.4817	dbg_halt_r	u_eI_cpu.u_eJ_core.u_eK_exu.u_eL_exu_oitf.depth_gtM.alc_ptr_flg_dfflrs.qout_r	dbg_halt_r	u_e203_cpu.u_e203_core.u_e203_exu.u_e203_exu_oitf.depth_gt1.alc_ptr_flg_dfflrs.qout_r$_DFFE_PN0P_/D
407	-0.4814	dbg_halt_r	u_eI_cpu.u_eJ_dtcm_ctrl.u_dtcm_icb_arbt.arbt_num_gt_K_gen.dp_L.u_sirv_gnrl_rspid_fifo.dp_gt_M.dat_dfflr.qout_r	dbg_halt_r	u_e203_cpu.u_e203_dtcm_ctrl.u_dtcm_icb_arbt.arbt_num_gt_1_gen.dp_1.u_sirv_gnrl_rspid_fifo.dp_gt_0.dat_dfflr.qout_r$_DFFE_PP_/D
408	-0.4802	u_eI_cpu.u_eJ_core.u_eK_ifu.u_eL_ifu_ifetch.ifu_hi_ir_dfflr.qout_r[M]	u_eI_cpu.u_eJ_clk_ctrl.u_itcm_clkgate.enb	u_e203_cpu.u_e203_core.u_e203_ifu.u_e203_ifu_ifetch.ifu_hi_ir_dfflr.qout_r[15]$_DFFE_PN0P_/Q	u_e203_cpu.u_e203_clk_ctrl.u_itcm_clkgate.enb$_DLATCH_N_/D
409	-0.4801	dbg_step_r	u_eI_cpu.u_eJ_core.u_eK_exu.u_eL_exu_alu.u_eM_exu_nice.u_nice_itag_fifo.dp_gtN.vec_O_dfflr.qout_r[P]	dbg_step_r	u_e203_cpu.u_e203_core.u_e203_exu.u_e203_exu_alu.u_e203_exu_nice.u_nice_itag_fifo.dp_gt0.vec_31_dfflr.qout_r[1]$_DFFE_PN0P_/D
410	-0.4798	dbg_halt_r	u_eI_cpu.u_eJ_core.u_eK_exu.u_eL_exu_csr.mcycle_dfflr.qout_r[M]	dbg_halt_r	u_e203_cpu.u_e203_core.u_e203_exu.u_e203_exu_csr.mcycle_dfflr.qout_r[10]$_DFFE_PN0P_/D
411	-0.4797	dbg_halt_r	u_eI_cpu.u_eJ_core.u_eK_exu.u_eL_exu_csr.mcycleh_dfflr.qout_r[M]	dbg_halt_r	u_e203_cpu.u_e203_core.u_e203_exu.u_e203_exu_csr.mcycleh_dfflr.qout_r[10]$_DFFE_PN0P_/D
412	-0.4797	dbg_halt_r	u_eI_cpu.u_eJ_core.u_eK_exu.u_eL_exu_csr.mtvec_dfflr.qout_r[M]	dbg_halt_r	u_e203_cpu.u_e203_core.u_e203_exu.u_e203_exu_csr.mtvec_dfflr.qout_r[10]$_DFFE_PN0P_/D
413	-0.4796	u_eI_cpu.u_eJ_core.u_eK_ifu.u_eL_ifu_ifetch.ifu_lo_ir_dfflr.qout_r[M]	u_eI_cpu.u_eJ_core.u_eK_biu.u_sirv_gnrl_icb_buffer.u_sirv_gnrl_cmd_fifo.dp_gtL.vec_M_dfflr.qout_r	u_e203_cpu.u_e203_core.u_e203_ifu.u_e203_ifu_ifetch.ifu_lo_ir_dfflr.qout_r[6]$_DFFE_PN0P_/Q	u_e203_cpu.u_e203_core.u_e203_biu.u_sirv_gnrl_icb_buffer.u_sirv_gnrl_cmd_fifo.dp_gt0.vec_31_dfflr.qout_r$_DFFE_PN0P_/D
414	-0.4790	dbg_halt_r	u_eI_cpu.u_eJ_core.u_eK_exu.u_eL_exu_csr.cause_dfflr.qout_r[M]	dbg_halt_r	u_e203_cpu.u_e203_core.u_e203_exu.u_e203_exu_csr.cause_dfflr.qout_r[0]$_DFFE_PN0P_/D
415	-0.4784	u_eI_cpu.u_eJ_core.u_eK_ifu.u_eL_ifu_ifetch.ifu_lo_ir_dfflr.qout_r[M]	u_eI_srams.u_eJ_dtcm_ram.u_eK_dtcm_gnrl_ram.u_sirv_sim_ram.mem_r[L][M]	u_e203_cpu.u_e203_core.u_e203_ifu.u_e203_ifu_ifetch.ifu_lo_ir_dfflr.qout_r[6]$_DFFE_PN0P_/Q	u_e203_srams.u_e203_dtcm_ram.u_e203_dtcm_gnrl_ram.u_sirv_sim_ram.mem_r[0][0]$_DFFE_PP_/D
416	-0.4776	u_eI_cpu.u_eJ_core.u_eK_ifu.u_eL_ifu_ifetch.ifu_hi_ir_dfflr.qout_r[M]	u_eI_cpu.u_eJ_itcm_ctrl.u_sram_icb_ctrl.u_byp_icb_cmd_buf.u_bypbuf_fifo.dp_gtK.fifo_rf[L].fifo_rf_dffl.qout_r[M]	u_e203_cpu.u_e203_core.u_e203_ifu.u_e203_ifu_ifetch.ifu_hi_ir_dfflr.qout_r[15]$_DFFE_PN0P_/Q	u_e203_cpu.u_e203_itcm_ctrl.u_sram_icb_ctrl.u_byp_icb_cmd_buf.u_bypbuf_fifo.dp_gt0.fifo_rf[0].fifo_rf_dffl.qout_r[42]$_DFFE_PP_/D
417	-0.4771	u_eI_cpu.u_eJ_core.u_eK_exu.u_eL_exu_alu.u_eM_exu_alu_dpath.sbf_N_dffl.qout_r[O]	extIdtcm_icb_cmd_ready	u_e203_cpu.u_e203_core.u_e203_exu.u_e203_exu_alu.u_e203_exu_alu_dpath.sbf_0_dffl.qout_r[32]$_SDFFCE_PN0P_/Q	ext2dtcm_icb_cmd_ready
418	-0.4769	u_eI_cpu.u_eJ_core.u_eK_ifu.u_eL_ifu_ifetch.ifu_hi_ir_dfflr.qout_r[M]	u_eI_cpu.u_eJ_core.u_eK_biu.u_sirv_gnrl_icb_buffer.outs_cnt_dfflr.qout_r	u_e203_cpu.u_e203_core.u_e203_ifu.u_e203_ifu_ifetch.ifu_hi_ir_dfflr.qout_r[15]$_DFFE_PN0P_/Q	u_e203_cpu.u_e203_core.u_e203_biu.u_sirv_gnrl_icb_buffer.outs_cnt_dfflr.qout_r$_DFFE_PN0P_/D
419	-0.4766	u_eI_cpu.u_eJ_core.u_eK_ifu.u_eL_ifu_ifetch.ifu_hi_ir_dfflr.qout_r[M]	u_eI_cpu.u_eJ_core.u_eK_ifu.u_eL_ifu_iftMicb.leftover_dffl.qout_r[N]	u_e203_cpu.u_e203_core.u_e203_ifu.u_e203_ifu_ifetch.ifu_hi_ir_dfflr.qout_r[15]$_DFFE_PN0P_/Q	u_e203_cpu.u_e203_core.u_e203_ifu.u_e203_ifu_ift2icb.leftover_dffl.qout_r[12]$_DFFE_PP_/D
420	-0.4744	u_eI_cpu.u_eJ_core.u_eK_ifu.u_eL_ifu_ifetch.ifu_hi_ir_dfflr.qout_r[M]	u_eI_cpu.u_eJ_core.u_eK_ifu.u_eL_ifu_iftMicb.u_eN_ifetch_rsp_bypbuf.u_bypbuf_fifo.dp_gtO.fifo_rf[P].fifo_rf_dffl.qout_r[Q]	u_e203_cpu.u_e203_core.u_e203_ifu.u_e203_ifu_ifetch.ifu_hi_ir_dfflr.qout_r[15]$_DFFE_PN0P_/Q	u_e203_cpu.u_e203_core.u_e203_ifu.u_e203_ifu_ift2icb.u_e203_ifetch_rsp_bypbuf.u_bypbuf_fifo.dp_gt0.fifo_rf[0].fifo_rf_dffl.qout_r[10]$_DFFE_PP_/D
421	-0.4741	dbg_halt_r	u_eI_cpu.u_eJ_core.u_eK_exu.u_eL_exu_csr.status_mie_dfflr.qout_r	dbg_halt_r	u_e203_cpu.u_e203_core.u_e203_exu.u_e203_exu_csr.status_mie_dfflr.qout_r$_DFFE_PN0P_/D
422	-0.4736	u_eI_cpu.u_eJ_core.u_eK_ifu.u_eL_ifu_ifetch.ifu_hi_ir_dfflr.qout_r[M]	u_eI_cpu.u_eJ_core.u_eK_biu.u_biu_icb_arbt.arbt_num_gt_L_gen.dp_M.u_sirv_gnrl_rspid_fifo.dp_gt_N.vld_dfflr.qout_r	u_e203_cpu.u_e203_core.u_e203_ifu.u_e203_ifu_ifetch.ifu_hi_ir_dfflr.qout_r[15]$_DFFE_PN0P_/Q	u_e203_cpu.u_e203_core.u_e203_biu.u_biu_icb_arbt.arbt_num_gt_1_gen.dp_1.u_sirv_gnrl_rspid_fifo.dp_gt_0.vld_dfflr.qout_r$_DFFE_PN0P_/D
423	-0.4731	u_eI_cpu.u_eJ_core.u_eK_exu.u_eL_exu_regfile.regfile[M].rfnoN.rf_dffl.qout_r[O]	cmt_dpc_ena	u_e203_cpu.u_e203_core.u_e203_exu.u_e203_exu_regfile.regfile[14].rfno0.rf_dffl.qout_r[31]$_DFFE_PP_/Q	cmt_dpc_ena
424	-0.4727	dbg_halt_r	u_eI_cpu.u_eJ_core.u_eK_exu.u_eL_exu_csr.mscratch_dfflr.qout_r[M]	dbg_halt_r	u_e203_cpu.u_e203_core.u_e203_exu.u_e203_exu_csr.mscratch_dfflr.qout_r[10]$_DFFE_PN0P_/D
425	-0.4715	u_eI_cpu.u_eJ_core.u_eK_exu.u_eL_exu_alu.u_eM_exu_alu_lsuagu.icb_state_dfflr.qout_r[N]	core_wfi	u_e203_cpu.u_e203_core.u_e203_exu.u_e203_exu_alu.u_e203_exu_alu_lsuagu.icb_state_dfflr.qout_r[1]$_DFFE_PN0P_/Q	core_wfi
426	-0.4704	u_eI_cpu.u_eJ_core.u_eK_ifu.u_eL_ifu_ifetch.ifu_lo_ir_dfflr.qout_r[M]	u_eI_cpu.u_eJ_core.u_eK_biu.u_biu_icb_arbt.arbt_num_gt_L_gen.dp_M.u_sirv_gnrl_rspid_fifo.dp_gt_N.dat_dfflr.qout_r	u_e203_cpu.u_e203_core.u_e203_ifu.u_e203_ifu_ifetch.ifu_lo_ir_dfflr.qout_r[6]$_DFFE_PN0P_/Q	u_e203_cpu.u_e203_core.u_e203_biu.u_biu_icb_arbt.arbt_num_gt_1_gen.dp_1.u_sirv_gnrl_rspid_fifo.dp_gt_0.dat_dfflr.qout_r$_DFFE_PP_/D
427	-0.4691	u_eI_cpu.u_eJ_irq_sync.master_gen.u_tmr_irq_sync.sync_gen[K].i_is_not_L.sync_dffr.qout_r	cmt_dcause_ena	u_e203_cpu.u_e203_irq_sync.master_gen.u_tmr_irq_sync.sync_gen[1].i_is_not_0.sync_dffr.qout_r$_DFF_PN0_/Q	cmt_dcause_ena
428	-0.4685	dbg_halt_r	u_eI_cpu.u_eJ_core.u_eK_ifu.u_eL_ifu_ifetch.u_eM_ifu_litebpu.rsNxn_rdrf_dfflrs.qout_r	dbg_halt_r	u_e203_cpu.u_e203_core.u_e203_ifu.u_e203_ifu_ifetch.u_e203_ifu_litebpu.rs1xn_rdrf_dfflrs.qout_r$_DFFE_PN0P_/D
429	-0.4682	dbg_step_r	u_eI_cpu.u_eJ_core.u_eK_exu.u_eL_exu_alu.u_eM_exu_alu_lsuagu.unalgn_flg_dffl.qout_r	dbg_step_r	u_e203_cpu.u_e203_core.u_e203_exu.u_e203_exu_alu.u_e203_exu_alu_lsuagu.unalgn_flg_dffl.qout_r$_DFFE_PN0P_/D
430	-0.4682	u_eI_cpu.u_eJ_core.u_eK_ifu.u_eL_ifu_ifetch.ifu_lo_ir_dfflr.qout_r[M]	u_eI_srams.u_eJ_itcm_ram.u_eK_itcm_gnrl_ram.u_sirv_sim_ram.mem_r[L][M]	u_e203_cpu.u_e203_core.u_e203_ifu.u_e203_ifu_ifetch.ifu_lo_ir_dfflr.qout_r[6]$_DFFE_PN0P_/Q	u_e203_srams.u_e203_itcm_ram.u_e203_itcm_gnrl_ram.u_sirv_sim_ram.mem_r[0][0]$_DFFE_PP_/D
431	-0.4677	u_eI_cpu.u_eJ_core.u_eK_ifu.u_eL_ifu_ifetch.ifu_lo_ir_dfflr.qout_r[M]	u_eI_cpu.u_eJ_core.u_eK_biu.u_sirv_gnrl_icb_buffer.u_sirv_gnrl_cmd_fifo.dp_gtL.vec_M_dfflrs.qout_r	u_e203_cpu.u_e203_core.u_e203_ifu.u_e203_ifu_ifetch.ifu_lo_ir_dfflr.qout_r[6]$_DFFE_PN0P_/Q	u_e203_cpu.u_e203_core.u_e203_biu.u_sirv_gnrl_icb_buffer.u_sirv_gnrl_cmd_fifo.dp_gt0.vec_0_dfflrs.qout_r$_DFFE_PN1P_/D
432	-0.4675	dbg_step_r	u_eI_cpu.u_eJ_core.u_eK_exu.u_eL_exu_alu.u_eM_exu_alu_muldiv.exec_cnt_dfflr.qout_r[N]	dbg_step_r	u_e203_cpu.u_e203_core.u_e203_exu.u_e203_exu_alu.u_e203_exu_alu_muldiv.exec_cnt_dfflr.qout_r[0]$_DFFE_PN0P_/D
433	-0.4672	u_eI_cpu.u_eJ_core.u_eK_exu.u_eL_exu_oitf.depth_gtM.ret_ptr_flg_dfflrs.qout_r	cmt_dcause_ena	u_e203_cpu.u_e203_core.u_e203_exu.u_e203_exu_oitf.depth_gt1.ret_ptr_flg_dfflrs.qout_r$_DFFE_PN0P_/Q	cmt_dcause_ena
434	-0.4672	u_eI_cpu.u_eJ_core.u_eK_ifu.u_eL_ifu_ifetch.ifu_hi_ir_dfflr.qout_r[M]	u_eI_cpu.u_eJ_core.u_eK_ifu.u_eL_ifu_ifetch.ir_rsMidx_dfflr.qout_r[N]	u_e203_cpu.u_e203_core.u_e203_ifu.u_e203_ifu_ifetch.ifu_hi_ir_dfflr.qout_r[15]$_DFFE_PN0P_/Q	u_e203_cpu.u_e203_core.u_e203_ifu.u_e203_ifu_ifetch.ir_rs2idx_dfflr.qout_r[0]$_DFFE_PN0P_/D
435	-0.4666	u_eI_cpu.u_eJ_irq_sync.master_gen.u_sft_irq_sync.sync_gen[K].i_is_not_L.sync_dffr.qout_r	cmt_dcause_ena	u_e203_cpu.u_e203_irq_sync.master_gen.u_sft_irq_sync.sync_gen[1].i_is_not_0.sync_dffr.qout_r$_DFF_PN0_/Q	cmt_dcause_ena
436	-0.4662	u_eI_cpu.u_eJ_core.u_eK_ifu.u_eL_ifu_ifetch.ifu_lo_ir_dfflr.qout_r[M]	u_eI_cpu.u_eJ_core.u_eK_ifu.u_eL_ifu_ifetch.pc_dfflr.qout_r[M]	u_e203_cpu.u_e203_core.u_e203_ifu.u_e203_ifu_ifetch.ifu_lo_ir_dfflr.qout_r[6]$_DFFE_PN0P_/Q	u_e203_cpu.u_e203_core.u_e203_ifu.u_e203_ifu_ifetch.pc_dfflr.qout_r[29]$_DFFE_PN0P_/D
437	-0.4661	u_eI_cpu.u_eJ_core.u_eK_exu.u_eL_exu_oitf.depth_gtM.alc_ptr_flg_dfflrs.qout_r	cmt_dcause_ena	u_e203_cpu.u_e203_core.u_e203_exu.u_e203_exu_oitf.depth_gt1.alc_ptr_flg_dfflrs.qout_r$_DFFE_PN0P_/Q	cmt_dcause_ena
438	-0.4660	dbg_halt_r	u_eI_cpu.u_eJ_core.u_eK_lsu.u_eL_lsu_ctrl.u_lsu_icb_arbt.arbt_num_gt_M_gen.dp_N.u_sirv_gnrl_rspid_fifo.dp_gt_O.dat_dfflr.qout_r	dbg_halt_r	u_e203_cpu.u_e203_core.u_e203_lsu.u_e203_lsu_ctrl.u_lsu_icb_arbt.arbt_num_gt_1_gen.dp_1.u_sirv_gnrl_rspid_fifo.dp_gt_0.dat_dfflr.qout_r$_DFFE_PP_/D
439	-0.4648	dbg_halt_r	u_eI_cpu.u_eJ_itcm_ctrl.u_itcm_icb_lsuKitcm_nLw.fifo_dp_M.u_sirv_gnrl_nNw_fifo.dp_gt_O.vld_dfflr.qout_r	dbg_halt_r	u_e203_cpu.u_e203_itcm_ctrl.u_itcm_icb_lsu2itcm_n2w.fifo_dp_1.u_sirv_gnrl_n2w_fifo.dp_gt_0.vld_dfflr.qout_r$_DFFE_PN0P_/D
440	-0.4642	u_eI_cpu.u_eJ_core.u_eK_ifu.u_eL_ifu_ifetch.ifu_lo_ir_dfflr.qout_r[M]	u_eI_cpu.u_eJ_itcm_ctrl.u_sram_icb_ctrl.u_byp_icb_cmd_buf.u_bypbuf_fifo.dp_gtK.vec_L_dfflr.qout_r	u_e203_cpu.u_e203_core.u_e203_ifu.u_e203_ifu_ifetch.ifu_lo_ir_dfflr.qout_r[6]$_DFFE_PN0P_/Q	u_e203_cpu.u_e203_itcm_ctrl.u_sram_icb_ctrl.u_byp_icb_cmd_buf.u_bypbuf_fifo.dp_gt0.vec_31_dfflr.qout_r$_DFFE_PN0P_/D
441	-0.4635	dbg_step_r	u_eI_cpu.u_eJ_core.u_eK_exu.u_eL_exu_alu.u_eM_exu_nice.u_nice_itag_fifo.dp_gtN.vec_O_dfflrs.qout_r	dbg_step_r	u_e203_cpu.u_e203_core.u_e203_exu.u_e203_exu_alu.u_e203_exu_nice.u_nice_itag_fifo.dp_gt0.vec_0_dfflrs.qout_r$_DFFE_PN1P_/D
442	-0.4632	u_eI_cpu.u_eJ_core.u_eK_exu.u_eL_exu_alu.u_eM_exu_alu_dpath.sbf_N_dffl.qout_r[O]	extIdtcm_icb_cmd_ready	u_e203_cpu.u_e203_core.u_e203_exu.u_e203_exu_alu.u_e203_exu_alu_dpath.sbf_1_dffl.qout_r[0]$_DFFE_PP_/Q	ext2dtcm_icb_cmd_ready
443	-0.4620	u_eI_cpu.u_eJ_core.u_eK_ifu.u_eL_ifu_ifetch.ifu_hi_ir_dfflr.qout_r[M]	u_eI_cpu.u_eJ_core.u_eK_biu.u_sirv_gnrl_icb_buffer.u_sirv_gnrl_cmd_fifo.dp_gtL.vec_M_dfflr.qout_r	u_e203_cpu.u_e203_core.u_e203_ifu.u_e203_ifu_ifetch.ifu_hi_ir_dfflr.qout_r[15]$_DFFE_PN0P_/Q	u_e203_cpu.u_e203_core.u_e203_biu.u_sirv_gnrl_icb_buffer.u_sirv_gnrl_cmd_fifo.dp_gt0.vec_31_dfflr.qout_r$_DFFE_PN0P_/D
444	-0.4617	dbg_halt_r	u_eI_cpu.u_eJ_core.u_eK_exu.u_eL_exu_alu.u_eM_exu_nice.u_nice_itag_fifo.dp_gtN.vec_O_dfflr.qout_r[P]	dbg_halt_r	u_e203_cpu.u_e203_core.u_e203_exu.u_e203_exu_alu.u_e203_exu_nice.u_nice_itag_fifo.dp_gt0.vec_31_dfflr.qout_r[1]$_DFFE_PN0P_/D
445	-0.4609	u_eI_cpu.u_eJ_core.u_eK_ifu.u_eL_ifu_ifetch.ifu_hi_ir_dfflr.qout_r[M]	u_eI_srams.u_eJ_dtcm_ram.u_eK_dtcm_gnrl_ram.u_sirv_sim_ram.mem_r[L][M]	u_e203_cpu.u_e203_core.u_e203_ifu.u_e203_ifu_ifetch.ifu_hi_ir_dfflr.qout_r[15]$_DFFE_PN0P_/Q	u_e203_srams.u_e203_dtcm_ram.u_e203_dtcm_gnrl_ram.u_sirv_sim_ram.mem_r[0][0]$_DFFE_PP_/D
446	-0.4607	u_eI_cpu.u_eJ_core.u_eK_exu.u_eL_exu_alu.u_eM_exu_alu_muldiv.part_prdt_sftN_dfflr.qout_r	extIitcm_icb_cmd_ready	u_e203_cpu.u_e203_core.u_e203_exu.u_e203_exu_alu.u_e203_exu_alu_muldiv.part_prdt_sft1_dfflr.qout_r$_DFFE_PN0P_/Q	ext2itcm_icb_cmd_ready
447	-0.4595	dbg_step_r	u_eI_cpu.u_eJ_core.u_eK_exu.u_eL_exu_alu.u_eM_exu_nice.u_nice_itag_fifo.dp_gtN.dp_gtO.wptr_vec_P_dfflr.qout_r[Q]	dbg_step_r	u_e203_cpu.u_e203_core.u_e203_exu.u_e203_exu_alu.u_e203_exu_nice.u_nice_itag_fifo.dp_gt0.dp_gt1.wptr_vec_31_dfflr.qout_r[0]$_DFFE_PN0P_/D
448	-0.4583	u_eI_cpu.u_eJ_core.u_eK_ifu.u_eL_ifu_ifetch.ifu_lo_ir_dfflr.qout_r[M]	u_eI_cpu.u_eJ_core.u_eK_ifu.u_eL_ifu_iftMicb.leftover_err_dfflr.qout_r	u_e203_cpu.u_e203_core.u_e203_ifu.u_e203_ifu_ifetch.ifu_lo_ir_dfflr.qout_r[6]$_DFFE_PN0P_/Q	u_e203_cpu.u_e203_core.u_e203_ifu.u_e203_ifu_ift2icb.leftover_err_dfflr.qout_r$_DFFE_PN0P_/D
449	-0.4570	u_eI_cpu.u_eJ_core.u_eK_ifu.u_eL_ifu_ifetch.ifu_lo_ir_dfflr.qout_r[M]	u_eI_cpu.u_eJ_core.u_eK_ifu.u_eL_ifu_ifetch.ifu_lo_ir_dfflr.qout_r[M]	u_e203_cpu.u_e203_core.u_e203_ifu.u_e203_ifu_ifetch.ifu_lo_ir_dfflr.qout_r[6]$_DFFE_PN0P_/Q	u_e203_cpu.u_e203_core.u_e203_ifu.u_e203_ifu_ifetch.ifu_lo_ir_dfflr.qout_r[7]$_DFFE_PN0P_/D
450	-0.4570	u_eI_cpu.u_eJ_core.u_eK_ifu.u_eL_ifu_ifetch.ifu_lo_ir_dfflr.qout_r[M]	u_eI_cpu.u_eJ_core.u_eK_ifu.u_eL_ifu_ifetch.ifu_err_dfflr.qout_r	u_e203_cpu.u_e203_core.u_e203_ifu.u_e203_ifu_ifetch.ifu_lo_ir_dfflr.qout_r[6]$_DFFE_PN0P_/Q	u_e203_cpu.u_e203_core.u_e203_ifu.u_e203_ifu_ifetch.ifu_err_dfflr.qout_r$_DFFE_PN0P_/D
451	-0.4570	u_eI_cpu.u_eJ_core.u_eK_ifu.u_eL_ifu_ifetch.ifu_lo_ir_dfflr.qout_r[M]	u_eI_cpu.u_eJ_core.u_eK_ifu.u_eL_ifu_ifetch.ir_muldiv_bMb_dfflr.qout_r	u_e203_cpu.u_e203_core.u_e203_ifu.u_e203_ifu_ifetch.ifu_lo_ir_dfflr.qout_r[6]$_DFFE_PN0P_/Q	u_e203_cpu.u_e203_core.u_e203_ifu.u_e203_ifu_ifetch.ir_muldiv_b2b_dfflr.qout_r$_DFFE_PN0P_/D
452	-0.4565	u_eI_cpu.u_eJ_irq_sync.master_gen.u_ext_irq_sync.sync_gen[K].i_is_not_L.sync_dffr.qout_r	cmt_dcause_ena	u_e203_cpu.u_e203_irq_sync.master_gen.u_ext_irq_sync.sync_gen[1].i_is_not_0.sync_dffr.qout_r$_DFF_PN0_/Q	cmt_dcause_ena
453	-0.4557	u_eI_cpu.u_eJ_core.u_eK_ifu.u_eL_ifu_ifetch.ifu_lo_ir_dfflr.qout_r[M]	u_eI_cpu.u_eJ_itcm_ctrl.ifu_holdup_dffl.qout_r	u_e203_cpu.u_e203_core.u_e203_ifu.u_e203_ifu_ifetch.ifu_lo_ir_dfflr.qout_r[6]$_DFFE_PN0P_/Q	u_e203_cpu.u_e203_itcm_ctrl.ifu_holdup_dffl.qout_r$_DFFE_PN0P_/D
454	-0.4551	u_eI_cpu.u_eJ_core.u_eK_ifu.u_eL_ifu_ifetch.ir_muldiv_bMb_dfflr.qout_r	extIdtcm_icb_cmd_ready	u_e203_cpu.u_e203_core.u_e203_ifu.u_e203_ifu_ifetch.ir_muldiv_b2b_dfflr.qout_r$_DFFE_PN0P_/Q	ext2dtcm_icb_cmd_ready
455	-0.4551	dbg_step_r	u_eI_cpu.u_eJ_core.u_eK_exu.u_eL_exu_csr.status_mpie_dfflr.qout_r	dbg_step_r	u_e203_cpu.u_e203_core.u_e203_exu.u_e203_exu_csr.status_mpie_dfflr.qout_r$_DFFE_PN0P_/D
456	-0.4548	u_eI_cpu.u_eJ_core.u_eK_ifu.u_eL_ifu_ifetch.ifu_lo_ir_dfflr.qout_r[M]	u_eI_cpu.u_eJ_itcm_ctrl.u_sram_icb_ctrl.u_sirv_Kcyc_sram_ctrl.u_ram_clkgate.enb	u_e203_cpu.u_e203_core.u_e203_ifu.u_e203_ifu_ifetch.ifu_lo_ir_dfflr.qout_r[6]$_DFFE_PN0P_/Q	u_e203_cpu.u_e203_itcm_ctrl.u_sram_icb_ctrl.u_sirv_1cyc_sram_ctrl.u_ram_clkgate.enb$_DLATCH_N_/D
457	-0.4544	u_eI_cpu.u_eJ_core.u_eK_biu.u_sirv_gnrl_icb_buffer.u_sirv_gnrl_rsp_fifo.dp_gtL.fifo_rf[M].fifo_rf_dffl.qout_r[N]	cmt_dcause_ena	u_e203_cpu.u_e203_core.u_e203_biu.u_sirv_gnrl_icb_buffer.u_sirv_gnrl_rsp_fifo.dp_gt0.fifo_rf[0].fifo_rf_dffl.qout_r[34]$_DFFE_PP_/Q	cmt_dcause_ena
458	-0.4537	u_eI_cpu.u_eJ_core.u_eK_ifu.u_eL_ifu_ifetch.ifu_lo_ir_dfflr.qout_r[M]	u_eI_cpu.u_eJ_core.u_eK_ifu.u_eL_ifu_iftMicb.icbNitcm_dfflr.qout_r	u_e203_cpu.u_e203_core.u_e203_ifu.u_e203_ifu_ifetch.ifu_lo_ir_dfflr.qout_r[6]$_DFFE_PN0P_/Q	u_e203_cpu.u_e203_core.u_e203_ifu.u_e203_ifu_ift2icb.icb2itcm_dfflr.qout_r$_DFFE_PN0P_/D
459	-0.4528	u_eI_cpu.u_eJ_core.u_eK_ifu.u_eL_ifu_ifetch.ifu_hi_ir_dfflr.qout_r[M]	u_eI_cpu.u_eJ_core.u_eK_biu.u_biu_icb_arbt.arbt_num_gt_L_gen.dp_M.u_sirv_gnrl_rspid_fifo.dp_gt_N.dat_dfflr.qout_r	u_e203_cpu.u_e203_core.u_e203_ifu.u_e203_ifu_ifetch.ifu_hi_ir_dfflr.qout_r[15]$_DFFE_PN0P_/Q	u_e203_cpu.u_e203_core.u_e203_biu.u_biu_icb_arbt.arbt_num_gt_1_gen.dp_1.u_sirv_gnrl_rspid_fifo.dp_gt_0.dat_dfflr.qout_r$_DFFE_PP_/D
460	-0.4528	dbg_mode	u_eI_cpu.u_eJ_core.u_eK_exu.u_eL_exu_alu.u_eM_exu_alu_lsuagu.icb_leftover_err_dfflr.qout_r	dbg_mode	u_e203_cpu.u_e203_core.u_e203_exu.u_e203_exu_alu.u_e203_exu_alu_lsuagu.icb_leftover_err_dfflr.qout_r$_DFFE_PN0P_/D
461	-0.4525	u_eI_cpu.u_eJ_itcm_ctrl.u_sram_icb_ctrl.u_sirv_Kcyc_sram_ctrl.u_eL_stage.dp_gt_M.vld_dfflr.qout_r	cmt_dcause_ena	u_e203_cpu.u_e203_itcm_ctrl.u_sram_icb_ctrl.u_sirv_1cyc_sram_ctrl.u_e1_stage.dp_gt_0.vld_dfflr.qout_r$_DFFE_PN0P_/Q	cmt_dcause_ena
462	-0.4521	u_eI_cpu.u_eJ_core.u_eK_ifu.u_eL_ifu_ifetch.ifu_lo_ir_dfflr.qout_r[M]	u_eI_cpu.u_eJ_core.u_eK_ifu.u_eL_ifu_iftMicb.icb_addr_N_O_dffl.qout_r[P]	u_e203_cpu.u_e203_core.u_e203_ifu.u_e203_ifu_ifetch.ifu_lo_ir_dfflr.qout_r[6]$_DFFE_PN0P_/Q	u_e203_cpu.u_e203_core.u_e203_ifu.u_e203_ifu_ift2icb.icb_addr_2_1_dffl.qout_r[0]$_DFFE_PP_/D
463	-0.4521	dbg_halt_r	u_eI_cpu.u_eJ_core.u_eK_exu.u_eL_exu_alu.u_eM_exu_alu_lsuagu.unalgn_flg_dffl.qout_r	dbg_halt_r	u_e203_cpu.u_e203_core.u_e203_exu.u_e203_exu_alu.u_e203_exu_alu_lsuagu.unalgn_flg_dffl.qout_r$_DFFE_PN0P_/D
464	-0.4517	u_eI_cpu.u_eJ_core.u_eK_ifu.u_eL_ifu_ifetch.ifu_lo_ir_dfflr.qout_r[M]	u_eI_cpu.u_eJ_core.u_eK_ifu.u_eL_ifu_ifetch.pc_newpend_dfflr.qout_r	u_e203_cpu.u_e203_core.u_e203_ifu.u_e203_ifu_ifetch.ifu_lo_ir_dfflr.qout_r[6]$_DFFE_PN0P_/Q	u_e203_cpu.u_e203_core.u_e203_ifu.u_e203_ifu_ifetch.pc_newpend_dfflr.qout_r$_DFFE_PN0P_/D
465	-0.4513	dbg_halt_r	u_eI_cpu.u_eJ_core.u_eK_exu.u_eL_exu_alu.u_eM_exu_alu_muldiv.exec_cnt_dfflr.qout_r[N]	dbg_halt_r	u_e203_cpu.u_e203_core.u_e203_exu.u_e203_exu_alu.u_e203_exu_alu_muldiv.exec_cnt_dfflr.qout_r[0]$_DFFE_PN0P_/D
466	-0.4506	u_eI_cpu.u_eJ_core.u_eK_ifu.u_eL_ifu_ifetch.ifu_hi_ir_dfflr.qout_r[M]	u_eI_srams.u_eJ_itcm_ram.u_eK_itcm_gnrl_ram.u_sirv_sim_ram.mem_r[L][M]	u_e203_cpu.u_e203_core.u_e203_ifu.u_e203_ifu_ifetch.ifu_hi_ir_dfflr.qout_r[15]$_DFFE_PN0P_/Q	u_e203_srams.u_e203_itcm_ram.u_e203_itcm_gnrl_ram.u_sirv_sim_ram.mem_r[0][0]$_DFFE_PP_/D
467	-0.4501	u_eI_cpu.u_eJ_core.u_eK_ifu.u_eL_ifu_ifetch.ifu_hi_ir_dfflr.qout_r[M]	u_eI_cpu.u_eJ_core.u_eK_biu.u_sirv_gnrl_icb_buffer.u_sirv_gnrl_cmd_fifo.dp_gtL.vec_M_dfflrs.qout_r	u_e203_cpu.u_e203_core.u_e203_ifu.u_e203_ifu_ifetch.ifu_hi_ir_dfflr.qout_r[15]$_DFFE_PN0P_/Q	u_e203_cpu.u_e203_core.u_e203_biu.u_sirv_gnrl_icb_buffer.u_sirv_gnrl_cmd_fifo.dp_gt0.vec_0_dfflrs.qout_r$_DFFE_PN1P_/D
468	-0.4486	u_eI_cpu.u_eJ_core.u_eK_ifu.u_eL_ifu_ifetch.ifu_hi_ir_dfflr.qout_r[M]	u_eI_cpu.u_eJ_core.u_eK_ifu.u_eL_ifu_ifetch.pc_dfflr.qout_r[M]	u_e203_cpu.u_e203_core.u_e203_ifu.u_e203_ifu_ifetch.ifu_hi_ir_dfflr.qout_r[15]$_DFFE_PN0P_/Q	u_e203_cpu.u_e203_core.u_e203_ifu.u_e203_ifu_ifetch.pc_dfflr.qout_r[29]$_DFFE_PN0P_/D
469	-0.4466	u_eI_cpu.u_eJ_core.u_eK_ifu.u_eL_ifu_ifetch.ifu_hi_ir_dfflr.qout_r[M]	u_eI_cpu.u_eJ_itcm_ctrl.u_sram_icb_ctrl.u_byp_icb_cmd_buf.u_bypbuf_fifo.dp_gtK.vec_L_dfflr.qout_r	u_e203_cpu.u_e203_core.u_e203_ifu.u_e203_ifu_ifetch.ifu_hi_ir_dfflr.qout_r[15]$_DFFE_PN0P_/Q	u_e203_cpu.u_e203_itcm_ctrl.u_sram_icb_ctrl.u_byp_icb_cmd_buf.u_bypbuf_fifo.dp_gt0.vec_31_dfflr.qout_r$_DFFE_PN0P_/D
470	-0.4452	dbg_halt_r	u_eI_cpu.u_eJ_core.u_eK_exu.u_eL_exu_alu.u_eM_exu_nice.u_nice_itag_fifo.dp_gtN.vec_O_dfflrs.qout_r	dbg_halt_r	u_e203_cpu.u_e203_core.u_e203_exu.u_e203_exu_alu.u_e203_exu_nice.u_nice_itag_fifo.dp_gt0.vec_0_dfflrs.qout_r$_DFFE_PN1P_/D
471	-0.4444	u_eI_cpu.u_eJ_core.u_eK_ifu.u_eL_ifu_ifetch.ifu_lo_ir_dfflr.qout_r[M]	u_eI_cpu.u_eJ_itcm_ctrl.u_sram_icb_ctrl.u_sirv_Kcyc_sram_ctrl.u_eL_stage.dp_gt_M.vld_dfflr.qout_r	u_e203_cpu.u_e203_core.u_e203_ifu.u_e203_ifu_ifetch.ifu_lo_ir_dfflr.qout_r[6]$_DFFE_PN0P_/Q	u_e203_cpu.u_e203_itcm_ctrl.u_sram_icb_ctrl.u_sirv_1cyc_sram_ctrl.u_e1_stage.dp_gt_0.vld_dfflr.qout_r$_DFFE_PN0P_/D
472	-0.4434	u_eI_cpu.u_eJ_core.u_eK_ifu.u_eL_ifu_ifetch.ifu_lo_ir_dfflr.qout_r[M]	u_eI_cpu.u_eJ_core.u_eK_exu.u_eL_exu_alu.u_eM_exu_alu_dpath.sbf_N_dffl.qout_r[O]	u_e203_cpu.u_e203_core.u_e203_ifu.u_e203_ifu_ifetch.ifu_lo_ir_dfflr.qout_r[6]$_DFFE_PN0P_/Q	u_e203_cpu.u_e203_core.u_e203_exu.u_e203_exu_alu.u_e203_exu_alu_dpath.sbf_0_dffl.qout_r[10]$_DFFE_PP_/D
473	-0.4423	u_eI_cpu.u_eJ_core.u_eK_ifu.u_eL_ifu_ifetch.ifu_lo_ir_dfflr.qout_r[M]	u_eI_cpu.u_eJ_core.u_eK_ifu.u_eL_ifu_iftMicb.icbNmem_dfflr.qout_r	u_e203_cpu.u_e203_core.u_e203_ifu.u_e203_ifu_ifetch.ifu_lo_ir_dfflr.qout_r[6]$_DFFE_PN0P_/Q	u_e203_cpu.u_e203_core.u_e203_ifu.u_e203_ifu_ift2icb.icb2mem_dfflr.qout_r$_DFFE_PN0P_/D
474	-0.4412	dbg_halt_r	u_eI_cpu.u_eJ_core.u_eK_exu.u_eL_exu_alu.u_eM_exu_nice.u_nice_itag_fifo.dp_gtN.dp_gtO.wptr_vec_P_dfflr.qout_r[Q]	dbg_halt_r	u_e203_cpu.u_e203_core.u_e203_exu.u_e203_exu_alu.u_e203_exu_nice.u_nice_itag_fifo.dp_gt0.dp_gt1.wptr_vec_31_dfflr.qout_r[0]$_DFFE_PN0P_/D
475	-0.4407	u_eI_cpu.u_eJ_core.u_eK_ifu.u_eL_ifu_ifetch.ifu_hi_ir_dfflr.qout_r[M]	u_eI_cpu.u_eJ_core.u_eK_ifu.u_eL_ifu_iftMicb.leftover_err_dfflr.qout_r	u_e203_cpu.u_e203_core.u_e203_ifu.u_e203_ifu_ifetch.ifu_hi_ir_dfflr.qout_r[15]$_DFFE_PN0P_/Q	u_e203_cpu.u_e203_core.u_e203_ifu.u_e203_ifu_ift2icb.leftover_err_dfflr.qout_r$_DFFE_PN0P_/D
476	-0.4394	u_eI_cpu.u_eJ_core.u_eK_ifu.u_eL_ifu_ifetch.ifu_hi_ir_dfflr.qout_r[M]	u_eI_cpu.u_eJ_core.u_eK_ifu.u_eL_ifu_ifetch.ifu_lo_ir_dfflr.qout_r[M]	u_e203_cpu.u_e203_core.u_e203_ifu.u_e203_ifu_ifetch.ifu_hi_ir_dfflr.qout_r[15]$_DFFE_PN0P_/Q	u_e203_cpu.u_e203_core.u_e203_ifu.u_e203_ifu_ifetch.ifu_lo_ir_dfflr.qout_r[7]$_DFFE_PN0P_/D
477	-0.4394	u_eI_cpu.u_eJ_core.u_eK_ifu.u_eL_ifu_ifetch.ifu_hi_ir_dfflr.qout_r[M]	u_eI_cpu.u_eJ_core.u_eK_ifu.u_eL_ifu_ifetch.ifu_err_dfflr.qout_r	u_e203_cpu.u_e203_core.u_e203_ifu.u_e203_ifu_ifetch.ifu_hi_ir_dfflr.qout_r[15]$_DFFE_PN0P_/Q	u_e203_cpu.u_e203_core.u_e203_ifu.u_e203_ifu_ifetch.ifu_err_dfflr.qout_r$_DFFE_PN0P_/D
478	-0.4394	u_eI_cpu.u_eJ_core.u_eK_ifu.u_eL_ifu_ifetch.ifu_hi_ir_dfflr.qout_r[M]	u_eI_cpu.u_eJ_core.u_eK_ifu.u_eL_ifu_ifetch.ir_muldiv_bMb_dfflr.qout_r	u_e203_cpu.u_e203_core.u_e203_ifu.u_e203_ifu_ifetch.ifu_hi_ir_dfflr.qout_r[15]$_DFFE_PN0P_/Q	u_e203_cpu.u_e203_core.u_e203_ifu.u_e203_ifu_ifetch.ir_muldiv_b2b_dfflr.qout_r$_DFFE_PN0P_/D
479	-0.4381	u_eI_cpu.u_eJ_core.u_eK_ifu.u_eL_ifu_ifetch.ifu_hi_ir_dfflr.qout_r[M]	u_eI_cpu.u_eJ_itcm_ctrl.ifu_holdup_dffl.qout_r	u_e203_cpu.u_e203_core.u_e203_ifu.u_e203_ifu_ifetch.ifu_hi_ir_dfflr.qout_r[15]$_DFFE_PN0P_/Q	u_e203_cpu.u_e203_itcm_ctrl.ifu_holdup_dffl.qout_r$_DFFE_PN0P_/D
480	-0.4380	u_eI_cpu.u_eJ_core.u_eK_ifu.u_eL_ifu_ifetch.ifu_lo_ir_dfflr.qout_r[M]	u_eI_cpu.u_eJ_core.u_eK_ifu.u_eL_ifu_ifetch.out_flag_dfflr.qout_r	u_e203_cpu.u_e203_core.u_e203_ifu.u_e203_ifu_ifetch.ifu_lo_ir_dfflr.qout_r[6]$_DFFE_PN0P_/Q	u_e203_cpu.u_e203_core.u_e203_ifu.u_e203_ifu_ifetch.out_flag_dfflr.qout_r$_DFFE_PN0P_/D
481	-0.4380	u_eI_cpu.u_eJ_core.u_eK_lsu.u_eL_lsu_ctrl.u_lsu_icb_arbt.arbt_num_gt_M_gen.dp_N.u_sirv_gnrl_rspid_fifo.dp_gt_O.vld_dfflr.qout_r	cmt_dcause_ena	u_e203_cpu.u_e203_core.u_e203_lsu.u_e203_lsu_ctrl.u_lsu_icb_arbt.arbt_num_gt_1_gen.dp_1.u_sirv_gnrl_rspid_fifo.dp_gt_0.vld_dfflr.qout_r$_DFFE_PN0P_/Q	cmt_dcause_ena
482	-0.4372	u_eI_cpu.u_eJ_core.u_eK_ifu.u_eL_ifu_ifetch.ifu_hi_ir_dfflr.qout_r[M]	u_eI_cpu.u_eJ_itcm_ctrl.u_sram_icb_ctrl.u_sirv_Kcyc_sram_ctrl.u_ram_clkgate.enb	u_e203_cpu.u_e203_core.u_e203_ifu.u_e203_ifu_ifetch.ifu_hi_ir_dfflr.qout_r[15]$_DFFE_PN0P_/Q	u_e203_cpu.u_e203_itcm_ctrl.u_sram_icb_ctrl.u_sirv_1cyc_sram_ctrl.u_ram_clkgate.enb$_DLATCH_N_/D
483	-0.4367	dbg_halt_r	u_eI_cpu.u_eJ_core.u_eK_exu.u_eL_exu_csr.status_mpie_dfflr.qout_r	dbg_halt_r	u_e203_cpu.u_e203_core.u_e203_exu.u_e203_exu_csr.status_mpie_dfflr.qout_r$_DFFE_PN0P_/D
484	-0.4361	u_eI_cpu.u_eJ_core.u_eK_ifu.u_eL_ifu_ifetch.ifu_hi_ir_dfflr.qout_r[M]	u_eI_cpu.u_eJ_core.u_eK_ifu.u_eL_ifu_iftMicb.icbNitcm_dfflr.qout_r	u_e203_cpu.u_e203_core.u_e203_ifu.u_e203_ifu_ifetch.ifu_hi_ir_dfflr.qout_r[15]$_DFFE_PN0P_/Q	u_e203_cpu.u_e203_core.u_e203_ifu.u_e203_ifu_ift2icb.icb2itcm_dfflr.qout_r$_DFFE_PN0P_/D
485	-0.4353	u_eI_cpu.u_eJ_core.u_eK_ifu.u_eL_ifu_ifetch.ifu_lo_ir_dfflr.qout_r[M]	u_eI_cpu.u_eJ_core.u_eK_ifu.u_eL_ifu_iftMicb.req_need_Nuop_dfflr.qout_r	u_e203_cpu.u_e203_core.u_e203_ifu.u_e203_ifu_ifetch.ifu_lo_ir_dfflr.qout_r[6]$_DFFE_PN0P_/Q	u_e203_cpu.u_e203_core.u_e203_ifu.u_e203_ifu_ift2icb.req_need_0uop_dfflr.qout_r$_DFFE_PN0P_/D
486	-0.4345	u_eI_cpu.u_eJ_core.u_eK_ifu.u_eL_ifu_ifetch.ifu_hi_ir_dfflr.qout_r[M]	u_eI_cpu.u_eJ_core.u_eK_ifu.u_eL_ifu_iftMicb.icb_addr_N_O_dffl.qout_r[P]	u_e203_cpu.u_e203_core.u_e203_ifu.u_e203_ifu_ifetch.ifu_hi_ir_dfflr.qout_r[15]$_DFFE_PN0P_/Q	u_e203_cpu.u_e203_core.u_e203_ifu.u_e203_ifu_ift2icb.icb_addr_2_1_dffl.qout_r[0]$_DFFE_PP_/D
487	-0.4341	u_eI_cpu.u_eJ_core.u_eK_ifu.u_eL_ifu_ifetch.ifu_hi_ir_dfflr.qout_r[M]	u_eI_cpu.u_eJ_core.u_eK_ifu.u_eL_ifu_ifetch.pc_newpend_dfflr.qout_r	u_e203_cpu.u_e203_core.u_e203_ifu.u_e203_ifu_ifetch.ifu_hi_ir_dfflr.qout_r[15]$_DFFE_PN0P_/Q	u_e203_cpu.u_e203_core.u_e203_ifu.u_e203_ifu_ifetch.pc_newpend_dfflr.qout_r$_DFFE_PN0P_/D
488	-0.4337	u_eI_cpu.u_eJ_core.u_eK_exu.u_eL_exu_alu.u_eM_exu_alu_lsuagu.icb_state_dfflr.qout_r[N]	cmt_dpc_ena	u_e203_cpu.u_e203_core.u_e203_exu.u_e203_exu_alu.u_e203_exu_alu_lsuagu.icb_state_dfflr.qout_r[1]$_DFFE_PN0P_/Q	cmt_dpc_ena
489	-0.4276	u_eI_cpu.u_eJ_core.u_eK_exu.u_eL_exu_csr.mie_dfflr.qout_r[M]	cmt_dcause[I]	u_e203_cpu.u_e203_core.u_e203_exu.u_e203_exu_csr.mie_dfflr.qout_r[7]$_DFFE_PN0P_/Q	cmt_dcause[1]
490	-0.4275	u_eI_cpu.u_eJ_core.u_eK_ifu.u_eL_ifu_ifetch.ir_rsMidx_dfflr.qout_r[N]	u_eI_cpu.u_eJ_core.u_eK_biu.u_sirv_gnrl_icb_buffer.u_sirv_gnrl_cmd_fifo.dp_gtL.fifo_rf[M].fifo_rf_dffl.qout_r[N]	u_e203_cpu.u_e203_core.u_e203_ifu.u_e203_ifu_ifetch.ir_rs2idx_dfflr.qout_r[4]$_DFFE_PN0P_/Q	u_e203_cpu.u_e203_core.u_e203_biu.u_sirv_gnrl_icb_buffer.u_sirv_gnrl_cmd_fifo.dp_gt0.fifo_rf[0].fifo_rf_dffl.qout_r[73]$_DFFE_PP_/D
491	-0.4272	u_eI_cpu.u_eJ_dtcm_ctrl.u_dtcm_icb_arbt.arbt_num_gt_K_gen.dp_L.u_sirv_gnrl_rspid_fifo.dp_gt_M.vld_dfflr.qout_r	cmt_dcause_ena	u_e203_cpu.u_e203_dtcm_ctrl.u_dtcm_icb_arbt.arbt_num_gt_1_gen.dp_1.u_sirv_gnrl_rspid_fifo.dp_gt_0.vld_dfflr.qout_r$_DFFE_PN0P_/Q	cmt_dcause_ena
492	-0.4272	u_eI_cpu.u_eJ_core.u_eK_ifu.u_eL_ifu_ifetch.ir_rsMidx_dfflr.qout_r[N]	u_eI_cpu.u_eJ_itcm_ctrl.u_sram_icb_ctrl.u_byp_icb_cmd_buf.u_bypbuf_fifo.dp_gtK.vec_L_dfflrs.qout_r	u_e203_cpu.u_e203_core.u_e203_ifu.u_e203_ifu_ifetch.ir_rs2idx_dfflr.qout_r[4]$_DFFE_PN0P_/Q	u_e203_cpu.u_e203_itcm_ctrl.u_sram_icb_ctrl.u_byp_icb_cmd_buf.u_bypbuf_fifo.dp_gt0.vec_0_dfflrs.qout_r$_DFFE_PN1P_/D
493	-0.4268	u_eI_cpu.u_eJ_core.u_eK_ifu.u_eL_ifu_ifetch.ifu_hi_ir_dfflr.qout_r[M]	u_eI_cpu.u_eJ_itcm_ctrl.u_sram_icb_ctrl.u_sirv_Kcyc_sram_ctrl.u_eL_stage.dp_gt_M.vld_dfflr.qout_r	u_e203_cpu.u_e203_core.u_e203_ifu.u_e203_ifu_ifetch.ifu_hi_ir_dfflr.qout_r[15]$_DFFE_PN0P_/Q	u_e203_cpu.u_e203_itcm_ctrl.u_sram_icb_ctrl.u_sirv_1cyc_sram_ctrl.u_e1_stage.dp_gt_0.vld_dfflr.qout_r$_DFFE_PN0P_/D
494	-0.4264	u_eI_cpu.u_eJ_dtcm_ctrl.u_sram_icb_ctrl.u_sirv_Kcyc_sram_ctrl.u_eL_stage.dp_gt_M.vld_dfflr.qout_r	cmt_dcause_ena	u_e203_cpu.u_e203_dtcm_ctrl.u_sram_icb_ctrl.u_sirv_1cyc_sram_ctrl.u_e1_stage.dp_gt_0.vld_dfflr.qout_r$_DFFE_PN0P_/Q	cmt_dcause_ena
495	-0.4258	u_eI_cpu.u_eJ_core.u_eK_ifu.u_eL_ifu_ifetch.ifu_hi_ir_dfflr.qout_r[M]	u_eI_cpu.u_eJ_core.u_eK_exu.u_eL_exu_alu.u_eM_exu_alu_dpath.sbf_N_dffl.qout_r[O]	u_e203_cpu.u_e203_core.u_e203_ifu.u_e203_ifu_ifetch.ifu_hi_ir_dfflr.qout_r[15]$_DFFE_PN0P_/Q	u_e203_cpu.u_e203_core.u_e203_exu.u_e203_exu_alu.u_e203_exu_alu_dpath.sbf_0_dffl.qout_r[10]$_DFFE_PP_/D
496	-0.4254	u_eI_cpu.u_eJ_core.u_eK_ifu.u_eL_ifu_ifetch.ifu_lo_ir_dfflr.qout_r[M]	u_eI_cpu.u_eJ_core.u_eK_ifu.u_eL_ifu_ifetch.ifu_prdt_taken_dfflr.qout_r	u_e203_cpu.u_e203_core.u_e203_ifu.u_e203_ifu_ifetch.ifu_lo_ir_dfflr.qout_r[6]$_DFFE_PN0P_/Q	u_e203_cpu.u_e203_core.u_e203_ifu.u_e203_ifu_ifetch.ifu_prdt_taken_dfflr.qout_r$_DFFE_PN0P_/D
497	-0.4251	u_eI_cpu.u_eJ_itcm_ctrl.u_itcm_icb_arbt.arbt_num_gt_K_gen.dp_L.u_sirv_gnrl_rspid_fifo.dp_gt_M.vld_dfflr.qout_r	cmt_dcause_ena	u_e203_cpu.u_e203_itcm_ctrl.u_itcm_icb_arbt.arbt_num_gt_1_gen.dp_1.u_sirv_gnrl_rspid_fifo.dp_gt_0.vld_dfflr.qout_r$_DFFE_PN0P_/Q	cmt_dcause_ena
498	-0.4247	u_eI_cpu.u_eJ_core.u_eK_ifu.u_eL_ifu_ifetch.ifu_hi_ir_dfflr.qout_r[M]	u_eI_cpu.u_eJ_core.u_eK_ifu.u_eL_ifu_iftMicb.icbNmem_dfflr.qout_r	u_e203_cpu.u_e203_core.u_e203_ifu.u_e203_ifu_ifetch.ifu_hi_ir_dfflr.qout_r[15]$_DFFE_PN0P_/Q	u_e203_cpu.u_e203_core.u_e203_ifu.u_e203_ifu_ift2icb.icb2mem_dfflr.qout_r$_DFFE_PN0P_/D
499	-0.4242	u_eI_cpu.u_eJ_core.u_eK_lsu.u_eL_lsu_ctrl.u_eM_lsu_splt_stage.dp_gt_N.dat_dfflr.qout_r[O]	cmt_dcause_ena	u_e203_cpu.u_e203_core.u_e203_lsu.u_e203_lsu_ctrl.u_e203_lsu_splt_stage.dp_gt_0.dat_dfflr.qout_r[33]$_DFFE_PP_/Q	cmt_dcause_ena
500	-0.4220	u_eI_cpu.u_eJ_core.u_eK_ifu.u_eL_ifu_ifetch.ifu_lo_ir_dfflr.qout_r[M]	u_eI_cpu.u_eJ_clk_ctrl.u_biu_clkgate.enb	u_e203_cpu.u_e203_core.u_e203_ifu.u_e203_ifu_ifetch.ifu_lo_ir_dfflr.qout_r[6]$_DFFE_PN0P_/Q	u_e203_cpu.u_e203_clk_ctrl.u_biu_clkgate.enb$_DLATCH_N_/D
501	-0.4204	u_eI_cpu.u_eJ_core.u_eK_ifu.u_eL_ifu_ifetch.ifu_hi_ir_dfflr.qout_r[M]	u_eI_cpu.u_eJ_core.u_eK_ifu.u_eL_ifu_ifetch.out_flag_dfflr.qout_r	u_e203_cpu.u_e203_core.u_e203_ifu.u_e203_ifu_ifetch.ifu_hi_ir_dfflr.qout_r[15]$_DFFE_PN0P_/Q	u_e203_cpu.u_e203_core.u_e203_ifu.u_e203_ifu_ifetch.out_flag_dfflr.qout_r$_DFFE_PN0P_/D
502	-0.4200	dbg_step_r	u_eI_cpu.u_eJ_core.u_eK_exu.u_eL_exu_csr.mie_dfflr.qout_r[M]	dbg_step_r	u_e203_cpu.u_e203_core.u_e203_exu.u_e203_exu_csr.mie_dfflr.qout_r[11]$_DFFE_PN0P_/D
503	-0.4199	u_eI_cpu.u_eJ_core.u_eK_lsu.u_eL_lsu_ctrl.u_eM_lsu_splt_stage.dp_gt_N.vld_dfflr.qout_r	cmt_dcause[I]	u_e203_cpu.u_e203_core.u_e203_lsu.u_e203_lsu_ctrl.u_e203_lsu_splt_stage.dp_gt_0.vld_dfflr.qout_r$_DFFE_PN0P_/Q	cmt_dcause[1]
504	-0.4194	u_eI_cpu.u_eJ_core.u_eK_exu.u_eL_exu_oitf.depth_gtM.alc_ptr_dfflrs.qout_r	cmt_dcause[I]	u_e203_cpu.u_e203_core.u_e203_exu.u_e203_exu_oitf.depth_gt1.alc_ptr_dfflrs.qout_r$_DFFE_PN0P_/Q	cmt_dcause[1]
505	-0.4193	u_eI_cpu.u_eJ_core.u_eK_exu.u_eL_exu_oitf.depth_gtM.ret_ptr_dfflrs.qout_r	cmt_dcause[I]	u_e203_cpu.u_e203_core.u_e203_exu.u_e203_exu_oitf.depth_gt1.ret_ptr_dfflrs.qout_r$_DFFE_PN0P_/Q	cmt_dcause[1]
506	-0.4189	u_eI_cpu.u_eJ_core.u_eK_ifu.u_eL_ifu_ifetch.ir_rsMidx_dfflr.qout_r[N]	u_eI_cpu.u_eJ_core.u_eK_ifu.u_eL_ifu_ifetch.ifu_hi_ir_dfflr.qout_r[M]	u_e203_cpu.u_e203_core.u_e203_ifu.u_e203_ifu_ifetch.ir_rs2idx_dfflr.qout_r[4]$_DFFE_PN0P_/Q	u_e203_cpu.u_e203_core.u_e203_ifu.u_e203_ifu_ifetch.ifu_hi_ir_dfflr.qout_r[10]$_DFFE_PN0P_/D
507	-0.4189	u_eI_cpu.u_eJ_dtcm_ctrl.u_dtcm_icb_arbt.arbt_num_gt_K_gen.dp_L.u_sirv_gnrl_rspid_fifo.dp_gt_M.dat_dfflr.qout_r	cmt_dcause_ena	u_e203_cpu.u_e203_dtcm_ctrl.u_dtcm_icb_arbt.arbt_num_gt_1_gen.dp_1.u_sirv_gnrl_rspid_fifo.dp_gt_0.dat_dfflr.qout_r$_DFFE_PP_/Q	cmt_dcause_ena
508	-0.4177	u_eI_cpu.u_eJ_core.u_eK_ifu.u_eL_ifu_ifetch.ifu_hi_ir_dfflr.qout_r[M]	u_eI_cpu.u_eJ_core.u_eK_ifu.u_eL_ifu_iftMicb.req_need_Nuop_dfflr.qout_r	u_e203_cpu.u_e203_core.u_e203_ifu.u_e203_ifu_ifetch.ifu_hi_ir_dfflr.qout_r[15]$_DFFE_PN0P_/Q	u_e203_cpu.u_e203_core.u_e203_ifu.u_e203_ifu_ift2icb.req_need_0uop_dfflr.qout_r$_DFFE_PN0P_/D
509	-0.4170	dbg_step_r	u_eI_cpu.u_eJ_core.u_eK_exu.u_eL_exu_alu.u_eM_exu_nice.u_nice_itag_fifo.dp_gtN.fifo_rf[O].fifo_rf_dffl.qout_r	dbg_step_r	u_e203_cpu.u_e203_core.u_e203_exu.u_e203_exu_alu.u_e203_exu_nice.u_nice_itag_fifo.dp_gt0.fifo_rf[3].fifo_rf_dffl.qout_r$_DFFE_PP_/D
510	-0.4161	u_eI_cpu.u_eJ_core.u_eK_ifu.u_eL_ifu_ifetch.ir_rsMidx_dfflr.qout_r[N]	u_eI_cpu.u_eJ_clk_ctrl.u_itcm_clkgate.enb	u_e203_cpu.u_e203_core.u_e203_ifu.u_e203_ifu_ifetch.ir_rs2idx_dfflr.qout_r[4]$_DFFE_PN0P_/Q	u_e203_cpu.u_e203_clk_ctrl.u_itcm_clkgate.enb$_DLATCH_N_/D
511	-0.4157	dbg_step_r	u_eI_cpu.u_eJ_core.u_eK_exu.u_eL_exu_alu.u_eM_exu_alu_muldiv.flushed_dfflr.qout_r	dbg_step_r	u_e203_cpu.u_e203_core.u_e203_exu.u_e203_exu_alu.u_e203_exu_alu_muldiv.flushed_dfflr.qout_r$_DFFE_PN0P_/D
512	-0.4142	u_eI_cpu.u_eJ_core.u_eK_ifu.u_eL_ifu_ifetch.ifu_lo_ir_dfflr.qout_r[M]	u_eI_cpu.u_eJ_core.u_eK_ifu.u_eL_ifu_ifetch.dly_flush_dfflr.qout_r	u_e203_cpu.u_e203_core.u_e203_ifu.u_e203_ifu_ifetch.ifu_lo_ir_dfflr.qout_r[6]$_DFFE_PN0P_/Q	u_e203_cpu.u_e203_core.u_e203_ifu.u_e203_ifu_ifetch.dly_flush_dfflr.qout_r$_DFFE_PN0P_/D
513	-0.4135	u_eI_cpu.u_eJ_core.u_eK_ifu.u_eL_ifu_ifetch.ifu_lo_ir_dfflr.qout_r[M]	u_eI_cpu.u_eJ_dtcm_ctrl.u_sram_icb_ctrl.u_byp_icb_cmd_buf.u_bypbuf_fifo.dp_gtK.fifo_rf[L].fifo_rf_dffl.qout_r[M]	u_e203_cpu.u_e203_core.u_e203_ifu.u_e203_ifu_ifetch.ifu_lo_ir_dfflr.qout_r[6]$_DFFE_PN0P_/Q	u_e203_cpu.u_e203_dtcm_ctrl.u_sram_icb_ctrl.u_byp_icb_cmd_buf.u_bypbuf_fifo.dp_gt0.fifo_rf[0].fifo_rf_dffl.qout_r[10]$_DFFE_PP_/D
514	-0.4135	u_eI_cpu.u_eJ_core.u_eK_ifu.u_eL_ifu_ifetch.ir_rsMidx_dfflr.qout_r[N]	u_eI_cpu.u_eJ_itcm_ctrl.u_sram_icb_ctrl.u_byp_icb_cmd_buf.u_bypbuf_fifo.dp_gtK.fifo_rf[L].fifo_rf_dffl.qout_r[M]	u_e203_cpu.u_e203_core.u_e203_ifu.u_e203_ifu_ifetch.ir_rs2idx_dfflr.qout_r[4]$_DFFE_PN0P_/Q	u_e203_cpu.u_e203_itcm_ctrl.u_sram_icb_ctrl.u_byp_icb_cmd_buf.u_bypbuf_fifo.dp_gt0.fifo_rf[0].fifo_rf_dffl.qout_r[42]$_DFFE_PP_/D
515	-0.4134	u_eI_cpu.u_eJ_core.u_eK_ifu.u_eL_ifu_ifetch.ifu_lo_ir_dfflr.qout_r[M]	u_eI_cpu.u_eJ_core.u_eK_ifu.u_eL_ifu_iftMicb.req_same_cross_holdup_dfflr.qout_r	u_e203_cpu.u_e203_core.u_e203_ifu.u_e203_ifu_ifetch.ifu_lo_ir_dfflr.qout_r[6]$_DFFE_PN0P_/Q	u_e203_cpu.u_e203_core.u_e203_ifu.u_e203_ifu_ift2icb.req_same_cross_holdup_dfflr.qout_r$_DFFE_PN0P_/D
516	-0.4133	u_eI_cpu.u_eJ_core.u_eK_ifu.u_eL_ifu_ifetch.ifu_lo_ir_dfflr.qout_r[M]	u_eI_cpu.u_eJ_clk_ctrl.itcm_active_dffr.qout_r	u_e203_cpu.u_e203_core.u_e203_ifu.u_e203_ifu_ifetch.ifu_lo_ir_dfflr.qout_r[6]$_DFFE_PN0P_/Q	u_e203_cpu.u_e203_clk_ctrl.itcm_active_dffr.qout_r$_DFF_PN0_/D
517	-0.4128	u_eI_cpu.u_eJ_core.u_eK_ifu.u_eL_ifu_ifetch.ir_rsMidx_dfflr.qout_r[N]	u_eI_cpu.u_eJ_core.u_eK_biu.u_sirv_gnrl_icb_buffer.outs_cnt_dfflr.qout_r	u_e203_cpu.u_e203_core.u_e203_ifu.u_e203_ifu_ifetch.ir_rs2idx_dfflr.qout_r[4]$_DFFE_PN0P_/Q	u_e203_cpu.u_e203_core.u_e203_biu.u_sirv_gnrl_icb_buffer.outs_cnt_dfflr.qout_r$_DFFE_PN0P_/D
518	-0.4125	u_eI_cpu.u_eJ_core.u_eK_ifu.u_eL_ifu_ifetch.ir_rsMidx_dfflr.qout_r[N]	u_eI_cpu.u_eJ_core.u_eK_ifu.u_eL_ifu_iftMicb.leftover_dffl.qout_r[N]	u_e203_cpu.u_e203_core.u_e203_ifu.u_e203_ifu_ifetch.ir_rs2idx_dfflr.qout_r[4]$_DFFE_PN0P_/Q	u_e203_cpu.u_e203_core.u_e203_ifu.u_e203_ifu_ift2icb.leftover_dffl.qout_r[12]$_DFFE_PP_/D
519	-0.4110	u_eI_cpu.u_eJ_core.u_eK_ifu.u_eL_ifu_ifetch.ifu_lo_ir_dfflr.qout_r[M]	u_eI_cpu.u_eJ_core.u_eK_ifu.u_eL_ifu_ifetch.ir_valid_dfflr.qout_r	u_e203_cpu.u_e203_core.u_e203_ifu.u_e203_ifu_ifetch.ifu_lo_ir_dfflr.qout_r[6]$_DFFE_PN0P_/Q	u_e203_cpu.u_e203_core.u_e203_ifu.u_e203_ifu_ifetch.ir_valid_dfflr.qout_r$_DFFE_PN0P_/D
520	-0.4103	u_eI_cpu.u_eJ_core.u_eK_ifu.u_eL_ifu_ifetch.ir_rsMidx_dfflr.qout_r[N]	u_eI_cpu.u_eJ_core.u_eK_ifu.u_eL_ifu_iftMicb.u_eN_ifetch_rsp_bypbuf.u_bypbuf_fifo.dp_gtO.fifo_rf[P].fifo_rf_dffl.qout_r[Q]	u_e203_cpu.u_e203_core.u_e203_ifu.u_e203_ifu_ifetch.ir_rs2idx_dfflr.qout_r[4]$_DFFE_PN0P_/Q	u_e203_cpu.u_e203_core.u_e203_ifu.u_e203_ifu_ift2icb.u_e203_ifetch_rsp_bypbuf.u_bypbuf_fifo.dp_gt0.fifo_rf[0].fifo_rf_dffl.qout_r[10]$_DFFE_PP_/D
521	-0.4103	u_eI_cpu.u_eJ_core.u_eK_exu.u_eL_exu_alu.u_eM_exu_alu_muldiv.muldiv_state_dfflr.qout_r[N]	cmt_dcause_ena	u_e203_cpu.u_e203_core.u_e203_exu.u_e203_exu_alu.u_e203_exu_alu_muldiv.muldiv_state_dfflr.qout_r[1]$_DFFE_PN0P_/Q	cmt_dcause_ena
522	-0.4096	u_eI_cpu.u_eJ_core.u_eK_ifu.u_eL_ifu_ifetch.ifu_lo_ir_dfflr.qout_r[M]	u_eI_cpu.u_eJ_core.u_eK_exu.u_eL_exu_csr.minstret_dfflr.qout_r[M]	u_e203_cpu.u_e203_core.u_e203_ifu.u_e203_ifu_ifetch.ifu_lo_ir_dfflr.qout_r[6]$_DFFE_PN0P_/Q	u_e203_cpu.u_e203_core.u_e203_exu.u_e203_exu_csr.minstret_dfflr.qout_r[29]$_DFFE_PN0P_/D
523	-0.4095	u_eI_cpu.u_eJ_core.u_eK_ifu.u_eL_ifu_ifetch.ir_rsMidx_dfflr.qout_r[N]	u_eI_cpu.u_eJ_core.u_eK_biu.u_biu_icb_arbt.arbt_num_gt_L_gen.dp_M.u_sirv_gnrl_rspid_fifo.dp_gt_N.vld_dfflr.qout_r	u_e203_cpu.u_e203_core.u_e203_ifu.u_e203_ifu_ifetch.ir_rs2idx_dfflr.qout_r[4]$_DFFE_PN0P_/Q	u_e203_cpu.u_e203_core.u_e203_biu.u_biu_icb_arbt.arbt_num_gt_1_gen.dp_1.u_sirv_gnrl_rspid_fifo.dp_gt_0.vld_dfflr.qout_r$_DFFE_PN0P_/D
524	-0.4088	u_eI_cpu.u_eJ_core.u_eK_ifu.u_eL_ifu_ifetch.ifu_lo_ir_dfflr.qout_r[M]	u_eI_cpu.u_eJ_core.u_eK_ifu.u_eL_ifu_ifetch.reset_req_dfflr.qout_r	u_e203_cpu.u_e203_core.u_e203_ifu.u_e203_ifu_ifetch.ifu_lo_ir_dfflr.qout_r[6]$_DFFE_PN0P_/Q	u_e203_cpu.u_e203_core.u_e203_ifu.u_e203_ifu_ifetch.reset_req_dfflr.qout_r$_DFFE_PN0P_/D
525	-0.4078	u_eI_cpu.u_eJ_core.u_eK_ifu.u_eL_ifu_ifetch.ifu_hi_ir_dfflr.qout_r[M]	u_eI_cpu.u_eJ_core.u_eK_ifu.u_eL_ifu_ifetch.ifu_prdt_taken_dfflr.qout_r	u_e203_cpu.u_e203_core.u_e203_ifu.u_e203_ifu_ifetch.ifu_hi_ir_dfflr.qout_r[15]$_DFFE_PN0P_/Q	u_e203_cpu.u_e203_core.u_e203_ifu.u_e203_ifu_ifetch.ifu_prdt_taken_dfflr.qout_r$_DFFE_PN0P_/D
526	-0.4073	u_eI_cpu.u_eJ_core.u_eK_ifu.u_eL_ifu_ifetch.ifu_pc_dfflr.qout_r[M]	extIitcm_icb_cmd_ready	u_e203_cpu.u_e203_core.u_e203_ifu.u_e203_ifu_ifetch.ifu_pc_dfflr.qout_r[11]$_DFFE_PN0P_/Q	ext2itcm_icb_cmd_ready
527	-0.4066	u_eI_cpu.u_eJ_core.u_eK_ifu.u_eL_ifu_ifetch.ifu_lo_ir_dfflr.qout_r[M]	u_eI_cpu.u_eJ_core.u_eK_ifu.u_eL_ifu_iftMicb.icb_state_dfflr.qout_r[N]	u_e203_cpu.u_e203_core.u_e203_ifu.u_e203_ifu_ifetch.ifu_lo_ir_dfflr.qout_r[6]$_DFFE_PN0P_/Q	u_e203_cpu.u_e203_core.u_e203_ifu.u_e203_ifu_ift2icb.icb_state_dfflr.qout_r[0]$_DFFE_PN0P_/D
528	-0.4063	u_eI_cpu.u_eJ_core.u_eK_ifu.u_eL_ifu_ifetch.ifu_lo_ir_dfflr.qout_r[M]	u_eI_cpu.u_eJ_core.u_eK_ifu.u_eL_ifu_iftMicb.req_lane_cross_dfflr.qout_r	u_e203_cpu.u_e203_core.u_e203_ifu.u_e203_ifu_ifetch.ifu_lo_ir_dfflr.qout_r[6]$_DFFE_PN0P_/Q	u_e203_cpu.u_e203_core.u_e203_ifu.u_e203_ifu_ift2icb.req_lane_cross_dfflr.qout_r$_DFFE_PN0P_/D
529	-0.4044	u_eI_cpu.u_eJ_core.u_eK_ifu.u_eL_ifu_ifetch.ifu_hi_ir_dfflr.qout_r[M]	u_eI_cpu.u_eJ_clk_ctrl.u_biu_clkgate.enb	u_e203_cpu.u_e203_core.u_e203_ifu.u_e203_ifu_ifetch.ifu_hi_ir_dfflr.qout_r[15]$_DFFE_PN0P_/Q	u_e203_cpu.u_e203_clk_ctrl.u_biu_clkgate.enb$_DLATCH_N_/D
530	-0.4038	u_eI_cpu.u_eJ_irq_sync.master_gen.u_tmr_irq_sync.sync_gen[K].i_is_not_L.sync_dffr.qout_r	cmt_dcause[I]	u_e203_cpu.u_e203_irq_sync.master_gen.u_tmr_irq_sync.sync_gen[1].i_is_not_0.sync_dffr.qout_r$_DFF_PN0_/Q	cmt_dcause[1]
531	-0.4030	u_eI_cpu.u_eJ_core.u_eK_ifu.u_eL_ifu_ifetch.ir_rsMidx_dfflr.qout_r[N]	u_eI_cpu.u_eJ_core.u_eK_ifu.u_eL_ifu_ifetch.ir_rsMidx_dfflr.qout_r[N]	u_e203_cpu.u_e203_core.u_e203_ifu.u_e203_ifu_ifetch.ir_rs2idx_dfflr.qout_r[4]$_DFFE_PN0P_/Q	u_e203_cpu.u_e203_core.u_e203_ifu.u_e203_ifu_ifetch.ir_rs2idx_dfflr.qout_r[0]$_DFFE_PN0P_/D
532	-0.4026	u_eI_cpu.u_eJ_core.u_eK_ifu.u_eL_ifu_ifetch.ifu_lo_ir_dfflr.qout_r[M]	u_eI_cpu.u_eJ_core.u_eK_ifu.u_eL_ifu_iftMicb.u_eN_ifetch_rsp_bypbuf.u_bypbuf_fifo.dp_gtO.vec_P_dfflrs.qout_r	u_e203_cpu.u_e203_core.u_e203_ifu.u_e203_ifu_ifetch.ifu_lo_ir_dfflr.qout_r[6]$_DFFE_PN0P_/Q	u_e203_cpu.u_e203_core.u_e203_ifu.u_e203_ifu_ift2icb.u_e203_ifetch_rsp_bypbuf.u_bypbuf_fifo.dp_gt0.vec_0_dfflrs.qout_r$_DFFE_PN1P_/D
533	-0.4019	u_eI_cpu.u_eJ_core.u_eK_exu.u_eL_exu_oitf.depth_gtM.ret_ptr_flg_dfflrs.qout_r	cmt_dcause[I]	u_e203_cpu.u_e203_core.u_e203_exu.u_e203_exu_oitf.depth_gt1.ret_ptr_flg_dfflrs.qout_r$_DFFE_PN0P_/Q	cmt_dcause[1]
534	-0.4016	dbg_halt_r	u_eI_cpu.u_eJ_core.u_eK_exu.u_eL_exu_csr.mie_dfflr.qout_r[M]	dbg_halt_r	u_e203_cpu.u_e203_core.u_e203_exu.u_e203_exu_csr.mie_dfflr.qout_r[11]$_DFFE_PN0P_/D
535	-0.4013	u_eI_cpu.u_eJ_irq_sync.master_gen.u_sft_irq_sync.sync_gen[K].i_is_not_L.sync_dffr.qout_r	cmt_dcause[I]	u_e203_cpu.u_e203_irq_sync.master_gen.u_sft_irq_sync.sync_gen[1].i_is_not_0.sync_dffr.qout_r$_DFF_PN0_/Q	cmt_dcause[1]
536	-0.4007	u_eI_cpu.u_eJ_core.u_eK_exu.u_eL_exu_oitf.depth_gtM.alc_ptr_flg_dfflrs.qout_r	cmt_dcause[I]	u_e203_cpu.u_e203_core.u_e203_exu.u_e203_exu_oitf.depth_gt1.alc_ptr_flg_dfflrs.qout_r$_DFFE_PN0P_/Q	cmt_dcause[1]
537	-0.3995	dbg_halt_r	u_eI_cpu.u_eJ_core.u_eK_exu.u_eL_exu_alu.u_eM_exu_alu_muldiv.flushed_dfflr.qout_r	dbg_halt_r	u_e203_cpu.u_e203_core.u_e203_exu.u_e203_exu_alu.u_e203_exu_alu_muldiv.flushed_dfflr.qout_r$_DFFE_PN0P_/D
538	-0.3993	u_eI_cpu.u_eJ_core.u_eK_ifu.u_eL_ifu_ifetch.ifu_lo_ir_dfflr.qout_r[M]	u_eI_cpu.u_eJ_itcm_ctrl.u_sram_icb_ctrl.u_sirv_Kcyc_sram_ctrl.u_eL_stage.dp_gt_M.dat_dfflr.qout_r[N]	u_e203_cpu.u_e203_core.u_e203_ifu.u_e203_ifu_ifetch.ifu_lo_ir_dfflr.qout_r[6]$_DFFE_PN0P_/Q	u_e203_cpu.u_e203_itcm_ctrl.u_sram_icb_ctrl.u_sirv_1cyc_sram_ctrl.u_e1_stage.dp_gt_0.dat_dfflr.qout_r[1]$_DFFE_PP_/D
539	-0.3986	dbg_halt_r	u_eI_cpu.u_eJ_core.u_eK_exu.u_eL_exu_alu.u_eM_exu_nice.u_nice_itag_fifo.dp_gtN.fifo_rf[O].fifo_rf_dffl.qout_r	dbg_halt_r	u_e203_cpu.u_e203_core.u_e203_exu.u_e203_exu_alu.u_e203_exu_nice.u_nice_itag_fifo.dp_gt0.fifo_rf[3].fifo_rf_dffl.qout_r$_DFFE_PP_/D
540	-0.3984	dbg_step_r	u_eI_cpu.u_eJ_core.u_eK_exu.u_eL_exu_csr.mdvnobMb_dfflr.qout_r[N]	dbg_step_r	u_e203_cpu.u_e203_core.u_e203_exu.u_e203_exu_csr.mdvnob2b_dfflr.qout_r[0]$_DFFE_PN0P_/D
541	-0.3979	u_eI_cpu.u_eJ_core.u_eK_ifu.u_eL_ifu_ifetch.ir_rsMidx_dfflr.qout_r[N]	u_eI_cpu.u_eJ_core.u_eK_biu.u_sirv_gnrl_icb_buffer.u_sirv_gnrl_cmd_fifo.dp_gtL.vec_M_dfflr.qout_r	u_e203_cpu.u_e203_core.u_e203_ifu.u_e203_ifu_ifetch.ir_rs2idx_dfflr.qout_r[4]$_DFFE_PN0P_/Q	u_e203_cpu.u_e203_core.u_e203_biu.u_sirv_gnrl_icb_buffer.u_sirv_gnrl_cmd_fifo.dp_gt0.vec_31_dfflr.qout_r$_DFFE_PN0P_/D
542	-0.3972	u_eI_cpu.u_eJ_core.u_eK_ifu.u_eL_ifu_ifetch.ifu_lo_ir_dfflr.qout_r[M]	u_eI_cpu.u_eJ_core.u_eK_exu.u_eL_exu_csr.minstreth_dfflr.qout_r[M]	u_e203_cpu.u_e203_core.u_e203_ifu.u_e203_ifu_ifetch.ifu_lo_ir_dfflr.qout_r[6]$_DFFE_PN0P_/Q	u_e203_cpu.u_e203_core.u_e203_exu.u_e203_exu_csr.minstreth_dfflr.qout_r[30]$_DFFE_PN0P_/D
543	-0.3967	u_eI_cpu.u_eJ_core.u_eK_ifu.u_eL_ifu_ifetch.ir_rsMidx_dfflr.qout_r[N]	u_eI_srams.u_eJ_dtcm_ram.u_eK_dtcm_gnrl_ram.u_sirv_sim_ram.mem_r[L][M]	u_e203_cpu.u_e203_core.u_e203_ifu.u_e203_ifu_ifetch.ir_rs2idx_dfflr.qout_r[4]$_DFFE_PN0P_/Q	u_e203_srams.u_e203_dtcm_ram.u_e203_dtcm_gnrl_ram.u_sirv_sim_ram.mem_r[0][0]$_DFFE_PP_/D
544	-0.3966	u_eI_cpu.u_eJ_core.u_eK_ifu.u_eL_ifu_ifetch.ifu_hi_ir_dfflr.qout_r[M]	u_eI_cpu.u_eJ_core.u_eK_ifu.u_eL_ifu_ifetch.dly_flush_dfflr.qout_r	u_e203_cpu.u_e203_core.u_e203_ifu.u_e203_ifu_ifetch.ifu_hi_ir_dfflr.qout_r[15]$_DFFE_PN0P_/Q	u_e203_cpu.u_e203_core.u_e203_ifu.u_e203_ifu_ifetch.dly_flush_dfflr.qout_r$_DFFE_PN0P_/D
545	-0.3959	u_eI_cpu.u_eJ_core.u_eK_ifu.u_eL_ifu_ifetch.ifu_hi_ir_dfflr.qout_r[M]	u_eI_cpu.u_eJ_dtcm_ctrl.u_sram_icb_ctrl.u_byp_icb_cmd_buf.u_bypbuf_fifo.dp_gtK.fifo_rf[L].fifo_rf_dffl.qout_r[M]	u_e203_cpu.u_e203_core.u_e203_ifu.u_e203_ifu_ifetch.ifu_hi_ir_dfflr.qout_r[15]$_DFFE_PN0P_/Q	u_e203_cpu.u_e203_dtcm_ctrl.u_sram_icb_ctrl.u_byp_icb_cmd_buf.u_bypbuf_fifo.dp_gt0.fifo_rf[0].fifo_rf_dffl.qout_r[10]$_DFFE_PP_/D
546	-0.3958	u_eI_cpu.u_eJ_core.u_eK_ifu.u_eL_ifu_ifetch.ifu_hi_ir_dfflr.qout_r[M]	u_eI_cpu.u_eJ_core.u_eK_ifu.u_eL_ifu_iftMicb.req_same_cross_holdup_dfflr.qout_r	u_e203_cpu.u_e203_core.u_e203_ifu.u_e203_ifu_ifetch.ifu_hi_ir_dfflr.qout_r[15]$_DFFE_PN0P_/Q	u_e203_cpu.u_e203_core.u_e203_ifu.u_e203_ifu_ift2icb.req_same_cross_holdup_dfflr.qout_r$_DFFE_PN0P_/D
547	-0.3957	u_eI_cpu.u_eJ_core.u_eK_ifu.u_eL_ifu_ifetch.ifu_hi_ir_dfflr.qout_r[M]	u_eI_cpu.u_eJ_clk_ctrl.itcm_active_dffr.qout_r	u_e203_cpu.u_e203_core.u_e203_ifu.u_e203_ifu_ifetch.ifu_hi_ir_dfflr.qout_r[15]$_DFFE_PN0P_/Q	u_e203_cpu.u_e203_clk_ctrl.itcm_active_dffr.qout_r$_DFF_PN0_/D
548	-0.3934	u_eI_cpu.u_eJ_core.u_eK_ifu.u_eL_ifu_ifetch.ifu_hi_ir_dfflr.qout_r[M]	u_eI_cpu.u_eJ_core.u_eK_ifu.u_eL_ifu_ifetch.ir_valid_dfflr.qout_r	u_e203_cpu.u_e203_core.u_e203_ifu.u_e203_ifu_ifetch.ifu_hi_ir_dfflr.qout_r[15]$_DFFE_PN0P_/Q	u_e203_cpu.u_e203_core.u_e203_ifu.u_e203_ifu_ifetch.ir_valid_dfflr.qout_r$_DFFE_PN0P_/D
549	-0.3931	u_eI_cpu.u_eJ_core.u_eK_exu.u_eL_exu_csr.mie_dfflr.qout_r[M]	core_wfi	u_e203_cpu.u_e203_core.u_e203_exu.u_e203_exu_csr.mie_dfflr.qout_r[7]$_DFFE_PN0P_/Q	core_wfi
550	-0.3920	u_eI_cpu.u_eJ_core.u_eK_ifu.u_eL_ifu_ifetch.ifu_hi_ir_dfflr.qout_r[M]	u_eI_cpu.u_eJ_core.u_eK_exu.u_eL_exu_csr.minstret_dfflr.qout_r[M]	u_e203_cpu.u_e203_core.u_e203_ifu.u_e203_ifu_ifetch.ifu_hi_ir_dfflr.qout_r[15]$_DFFE_PN0P_/Q	u_e203_cpu.u_e203_core.u_e203_exu.u_e203_exu_csr.minstret_dfflr.qout_r[29]$_DFFE_PN0P_/D
551	-0.3912	u_eI_cpu.u_eJ_core.u_eK_ifu.u_eL_ifu_ifetch.ifu_hi_ir_dfflr.qout_r[M]	u_eI_cpu.u_eJ_core.u_eK_ifu.u_eL_ifu_ifetch.reset_req_dfflr.qout_r	u_e203_cpu.u_e203_core.u_e203_ifu.u_e203_ifu_ifetch.ifu_hi_ir_dfflr.qout_r[15]$_DFFE_PN0P_/Q	u_e203_cpu.u_e203_core.u_e203_ifu.u_e203_ifu_ifetch.reset_req_dfflr.qout_r$_DFFE_PN0P_/D
552	-0.3912	u_eI_cpu.u_eJ_irq_sync.master_gen.u_ext_irq_sync.sync_gen[K].i_is_not_L.sync_dffr.qout_r	cmt_dcause[I]	u_e203_cpu.u_e203_irq_sync.master_gen.u_ext_irq_sync.sync_gen[1].i_is_not_0.sync_dffr.qout_r$_DFF_PN0_/Q	cmt_dcause[1]
553	-0.3902	u_eI_cpu.u_eJ_core.u_eK_lsu.u_eL_lsu_ctrl.u_lsu_icb_arbt.arbt_num_gt_M_gen.dp_N.u_sirv_gnrl_rspid_fifo.dp_gt_O.dat_dfflr.qout_r	cmt_dcause_ena	u_e203_cpu.u_e203_core.u_e203_lsu.u_e203_lsu_ctrl.u_lsu_icb_arbt.arbt_num_gt_1_gen.dp_1.u_sirv_gnrl_rspid_fifo.dp_gt_0.dat_dfflr.qout_r$_DFFE_PP_/Q	cmt_dcause_ena
554	-0.3901	u_eI_cpu.u_eJ_itcm_ctrl.u_itcm_icb_arbt.arbt_num_gt_K_gen.dp_L.u_sirv_gnrl_rspid_fifo.dp_gt_M.dat_dfflr.qout_r	cmt_dcause_ena	u_e203_cpu.u_e203_itcm_ctrl.u_itcm_icb_arbt.arbt_num_gt_1_gen.dp_1.u_sirv_gnrl_rspid_fifo.dp_gt_0.dat_dfflr.qout_r$_DFFE_PP_/Q	cmt_dcause_ena
555	-0.3891	u_eI_cpu.u_eJ_core.u_eK_biu.u_sirv_gnrl_icb_buffer.u_sirv_gnrl_rsp_fifo.dp_gtL.fifo_rf[M].fifo_rf_dffl.qout_r[N]	cmt_dcause[I]	u_e203_cpu.u_e203_core.u_e203_biu.u_sirv_gnrl_icb_buffer.u_sirv_gnrl_rsp_fifo.dp_gt0.fifo_rf[0].fifo_rf_dffl.qout_r[34]$_DFFE_PP_/Q	cmt_dcause[1]
556	-0.3890	u_eI_cpu.u_eJ_core.u_eK_ifu.u_eL_ifu_ifetch.ifu_hi_ir_dfflr.qout_r[M]	u_eI_cpu.u_eJ_core.u_eK_ifu.u_eL_ifu_iftMicb.icb_state_dfflr.qout_r[N]	u_e203_cpu.u_e203_core.u_e203_ifu.u_e203_ifu_ifetch.ifu_hi_ir_dfflr.qout_r[15]$_DFFE_PN0P_/Q	u_e203_cpu.u_e203_core.u_e203_ifu.u_e203_ifu_ift2icb.icb_state_dfflr.qout_r[0]$_DFFE_PN0P_/D
557	-0.3887	u_eI_cpu.u_eJ_core.u_eK_ifu.u_eL_ifu_ifetch.ir_rsMidx_dfflr.qout_r[N]	u_eI_cpu.u_eJ_core.u_eK_biu.u_biu_icb_arbt.arbt_num_gt_L_gen.dp_M.u_sirv_gnrl_rspid_fifo.dp_gt_N.dat_dfflr.qout_r	u_e203_cpu.u_e203_core.u_e203_ifu.u_e203_ifu_ifetch.ir_rs2idx_dfflr.qout_r[4]$_DFFE_PN0P_/Q	u_e203_cpu.u_e203_core.u_e203_biu.u_biu_icb_arbt.arbt_num_gt_1_gen.dp_1.u_sirv_gnrl_rspid_fifo.dp_gt_0.dat_dfflr.qout_r$_DFFE_PP_/D
558	-0.3887	u_eI_cpu.u_eJ_core.u_eK_ifu.u_eL_ifu_ifetch.ifu_hi_ir_dfflr.qout_r[M]	u_eI_cpu.u_eJ_core.u_eK_ifu.u_eL_ifu_iftMicb.req_lane_cross_dfflr.qout_r	u_e203_cpu.u_e203_core.u_e203_ifu.u_e203_ifu_ifetch.ifu_hi_ir_dfflr.qout_r[15]$_DFFE_PN0P_/Q	u_e203_cpu.u_e203_core.u_e203_ifu.u_e203_ifu_ift2icb.req_lane_cross_dfflr.qout_r$_DFFE_PN0P_/D
559	-0.3881	dbg_step_r	u_eI_cpu.u_eJ_core.u_eK_lsu.u_eL_lsu_ctrl.u_eM_lsu_splt_stage.dp_gt_N.vld_dfflr.qout_r	dbg_step_r	u_e203_cpu.u_e203_core.u_e203_lsu.u_e203_lsu_ctrl.u_e203_lsu_splt_stage.dp_gt_0.vld_dfflr.qout_r$_DFFE_PN0P_/D
560	-0.3881	dbg_step_r	u_eI_cpu.u_eJ_core.u_eK_lsu.u_eL_lsu_ctrl.u_lsu_icb_arbt.arbt_num_gt_M_gen.dp_N.u_sirv_gnrl_rspid_fifo.dp_gt_O.vld_dfflr.qout_r	dbg_step_r	u_e203_cpu.u_e203_core.u_e203_lsu.u_e203_lsu_ctrl.u_lsu_icb_arbt.arbt_num_gt_1_gen.dp_1.u_sirv_gnrl_rspid_fifo.dp_gt_0.vld_dfflr.qout_r$_DFFE_PN0P_/D
561	-0.3871	u_eI_cpu.u_eJ_itcm_ctrl.u_sram_icb_ctrl.u_sirv_Kcyc_sram_ctrl.u_eL_stage.dp_gt_M.vld_dfflr.qout_r	cmt_dcause[I]	u_e203_cpu.u_e203_itcm_ctrl.u_sram_icb_ctrl.u_sirv_1cyc_sram_ctrl.u_e1_stage.dp_gt_0.vld_dfflr.qout_r$_DFFE_PN0P_/Q	cmt_dcause[1]
562	-0.3871	u_eI_cpu.u_eJ_core.u_eK_exu.u_eL_exu_oitf.depth_gtM.alc_ptr_dfflrs.qout_r	core_wfi	u_e203_cpu.u_e203_core.u_e203_exu.u_e203_exu_oitf.depth_gt1.alc_ptr_dfflrs.qout_r$_DFFE_PN0P_/Q	core_wfi
563	-0.3868	u_eI_cpu.u_eJ_core.u_eK_ifu.u_eL_ifu_ifetch.ifu_lo_ir_dfflr.qout_r[M]	u_eI_cpu.u_eJ_core.u_eK_ifu.u_eL_ifu_iftMicb.u_eN_ifetch_rsp_bypbuf.u_bypbuf_fifo.dp_gtO.vec_P_dfflr.qout_r	u_e203_cpu.u_e203_core.u_e203_ifu.u_e203_ifu_ifetch.ifu_lo_ir_dfflr.qout_r[6]$_DFFE_PN0P_/Q	u_e203_cpu.u_e203_core.u_e203_ifu.u_e203_ifu_ift2icb.u_e203_ifetch_rsp_bypbuf.u_bypbuf_fifo.dp_gt0.vec_31_dfflr.qout_r$_DFFE_PN0P_/D
564	-0.3865	u_eI_cpu.u_eJ_core.u_eK_ifu.u_eL_ifu_ifetch.ir_rsMidx_dfflr.qout_r[N]	u_eI_srams.u_eJ_itcm_ram.u_eK_itcm_gnrl_ram.u_sirv_sim_ram.mem_r[L][M]	u_e203_cpu.u_e203_core.u_e203_ifu.u_e203_ifu_ifetch.ir_rs2idx_dfflr.qout_r[4]$_DFFE_PN0P_/Q	u_e203_srams.u_e203_itcm_ram.u_e203_itcm_gnrl_ram.u_sirv_sim_ram.mem_r[0][0]$_DFFE_PP_/D
565	-0.3860	u_eI_cpu.u_eJ_core.u_eK_ifu.u_eL_ifu_ifetch.ir_rsMidx_dfflr.qout_r[N]	u_eI_cpu.u_eJ_core.u_eK_biu.u_sirv_gnrl_icb_buffer.u_sirv_gnrl_cmd_fifo.dp_gtL.vec_M_dfflrs.qout_r	u_e203_cpu.u_e203_core.u_e203_ifu.u_e203_ifu_ifetch.ir_rs2idx_dfflr.qout_r[4]$_DFFE_PN0P_/Q	u_e203_cpu.u_e203_core.u_e203_biu.u_sirv_gnrl_icb_buffer.u_sirv_gnrl_cmd_fifo.dp_gt0.vec_0_dfflrs.qout_r$_DFFE_PN1P_/D
566	-0.3854	u_eI_cpu.u_eJ_core.u_eK_lsu.u_eL_lsu_ctrl.u_eM_lsu_splt_stage.dp_gt_N.vld_dfflr.qout_r	core_wfi	u_e203_cpu.u_e203_core.u_e203_lsu.u_e203_lsu_ctrl.u_e203_lsu_splt_stage.dp_gt_0.vld_dfflr.qout_r$_DFFE_PN0P_/Q	core_wfi
567	-0.3851	u_eI_cpu.u_eJ_core.u_eK_exu.u_eL_exu_oitf.depth_gtM.ret_ptr_dfflrs.qout_r	core_wfi	u_e203_cpu.u_e203_core.u_e203_exu.u_e203_exu_oitf.depth_gt1.ret_ptr_dfflrs.qout_r$_DFFE_PN0P_/Q	core_wfi
568	-0.3850	u_eI_cpu.u_eJ_core.u_eK_ifu.u_eL_ifu_ifetch.ifu_hi_ir_dfflr.qout_r[M]	u_eI_cpu.u_eJ_core.u_eK_ifu.u_eL_ifu_iftMicb.u_eN_ifetch_rsp_bypbuf.u_bypbuf_fifo.dp_gtO.vec_P_dfflrs.qout_r	u_e203_cpu.u_e203_core.u_e203_ifu.u_e203_ifu_ifetch.ifu_hi_ir_dfflr.qout_r[15]$_DFFE_PN0P_/Q	u_e203_cpu.u_e203_core.u_e203_ifu.u_e203_ifu_ift2icb.u_e203_ifetch_rsp_bypbuf.u_bypbuf_fifo.dp_gt0.vec_0_dfflrs.qout_r$_DFFE_PN1P_/D
569	-0.3845	u_eI_cpu.u_eJ_core.u_eK_ifu.u_eL_ifu_ifetch.ir_rsMidx_dfflr.qout_r[N]	u_eI_cpu.u_eJ_core.u_eK_ifu.u_eL_ifu_ifetch.pc_dfflr.qout_r[M]	u_e203_cpu.u_e203_core.u_e203_ifu.u_e203_ifu_ifetch.ir_rs2idx_dfflr.qout_r[4]$_DFFE_PN0P_/Q	u_e203_cpu.u_e203_core.u_e203_ifu.u_e203_ifu_ifetch.pc_dfflr.qout_r[29]$_DFFE_PN0P_/D
570	-0.3842	u_eI_cpu.u_eJ_core.u_eK_exu.u_eL_exu_csr.status_mie_dfflr.qout_r	cmt_dcause_ena	u_e203_cpu.u_e203_core.u_e203_exu.u_e203_exu_csr.status_mie_dfflr.qout_r$_DFFE_PN0P_/QN	cmt_dcause_ena
571	-0.3834	dbg_step_r	u_eI_cpu.u_eJ_core.u_eK_exu.u_eL_exu_alu.u_eM_exu_nice.u_nice_itag_fifo.dp_gtN.wptr_vec_O_dfflrs.qout_r	dbg_step_r	u_e203_cpu.u_e203_core.u_e203_exu.u_e203_exu_alu.u_e203_exu_nice.u_nice_itag_fifo.dp_gt0.wptr_vec_0_dfflrs.qout_r$_DFFE_PN1P_/D
572	-0.3826	u_eI_cpu.u_eJ_core.u_eK_exu.u_eL_exu_alu.u_eM_exu_alu_muldiv.exec_cnt_dfflr.qout_r[N]	cmt_dcause_ena	u_e203_cpu.u_e203_core.u_e203_exu.u_e203_exu_alu.u_e203_exu_alu_muldiv.exec_cnt_dfflr.qout_r[2]$_DFFE_PN0P_/Q	cmt_dcause_ena
573	-0.3825	u_eI_cpu.u_eJ_core.u_eK_ifu.u_eL_ifu_ifetch.ir_rsMidx_dfflr.qout_r[N]	u_eI_cpu.u_eJ_itcm_ctrl.u_sram_icb_ctrl.u_byp_icb_cmd_buf.u_bypbuf_fifo.dp_gtK.vec_L_dfflr.qout_r	u_e203_cpu.u_e203_core.u_e203_ifu.u_e203_ifu_ifetch.ir_rs2idx_dfflr.qout_r[4]$_DFFE_PN0P_/Q	u_e203_cpu.u_e203_itcm_ctrl.u_sram_icb_ctrl.u_byp_icb_cmd_buf.u_bypbuf_fifo.dp_gt0.vec_31_dfflr.qout_r$_DFFE_PN0P_/D
574	-0.3817	u_eI_cpu.u_eJ_core.u_eK_ifu.u_eL_ifu_ifetch.ifu_hi_ir_dfflr.qout_r[M]	u_eI_cpu.u_eJ_itcm_ctrl.u_sram_icb_ctrl.u_sirv_Kcyc_sram_ctrl.u_eL_stage.dp_gt_M.dat_dfflr.qout_r[N]	u_e203_cpu.u_e203_core.u_e203_ifu.u_e203_ifu_ifetch.ifu_hi_ir_dfflr.qout_r[15]$_DFFE_PN0P_/Q	u_e203_cpu.u_e203_itcm_ctrl.u_sram_icb_ctrl.u_sirv_1cyc_sram_ctrl.u_e1_stage.dp_gt_0.dat_dfflr.qout_r[1]$_DFFE_PP_/D
575	-0.3809	u_eI_cpu.u_eJ_core.u_eK_biu.u_biu_icb_arbt.arbt_num_gt_L_gen.dp_M.u_sirv_gnrl_rspid_fifo.dp_gt_N.vld_dfflr.qout_r	cmt_dcause_ena	u_e203_cpu.u_e203_core.u_e203_biu.u_biu_icb_arbt.arbt_num_gt_1_gen.dp_1.u_sirv_gnrl_rspid_fifo.dp_gt_0.vld_dfflr.qout_r$_DFFE_PN0P_/Q	cmt_dcause_ena
576	-0.3801	dbg_halt_r	u_eI_cpu.u_eJ_core.u_eK_exu.u_eL_exu_csr.mdvnobMb_dfflr.qout_r[N]	dbg_halt_r	u_e203_cpu.u_e203_core.u_e203_exu.u_e203_exu_csr.mdvnob2b_dfflr.qout_r[0]$_DFFE_PN0P_/D
577	-0.3796	u_eI_cpu.u_eJ_core.u_eK_ifu.u_eL_ifu_ifetch.ifu_hi_ir_dfflr.qout_r[M]	u_eI_cpu.u_eJ_core.u_eK_exu.u_eL_exu_csr.minstreth_dfflr.qout_r[M]	u_e203_cpu.u_e203_core.u_e203_ifu.u_e203_ifu_ifetch.ifu_hi_ir_dfflr.qout_r[15]$_DFFE_PN0P_/Q	u_e203_cpu.u_e203_core.u_e203_exu.u_e203_exu_csr.minstreth_dfflr.qout_r[30]$_DFFE_PN0P_/D
578	-0.3778	u_eI_cpu.u_eJ_itcm_ctrl.u_sram_icb_ctrl.u_sirv_Kcyc_sram_ctrl.u_eL_stage.dp_gt_M.dat_dfflr.qout_r[N]	cmt_dcause_ena	u_e203_cpu.u_e203_itcm_ctrl.u_sram_icb_ctrl.u_sirv_1cyc_sram_ctrl.u_e1_stage.dp_gt_0.dat_dfflr.qout_r[1]$_DFFE_PP_/QN	cmt_dcause_ena
579	-0.3772	dbg_ebreakm_r	extIdtcm_icb_cmd_ready	dbg_ebreakm_r	ext2dtcm_icb_cmd_ready
580	-0.3766	u_eI_cpu.u_eJ_core.u_eK_ifu.u_eL_ifu_ifetch.ir_rsMidx_dfflr.qout_r[N]	u_eI_cpu.u_eJ_core.u_eK_ifu.u_eL_ifu_iftMicb.leftover_err_dfflr.qout_r	u_e203_cpu.u_e203_core.u_e203_ifu.u_e203_ifu_ifetch.ir_rs2idx_dfflr.qout_r[4]$_DFFE_PN0P_/Q	u_e203_cpu.u_e203_core.u_e203_ifu.u_e203_ifu_ift2icb.leftover_err_dfflr.qout_r$_DFFE_PN0P_/D
581	-0.3753	u_eI_cpu.u_eJ_core.u_eK_ifu.u_eL_ifu_ifetch.ir_rsMidx_dfflr.qout_r[N]	u_eI_cpu.u_eJ_core.u_eK_ifu.u_eL_ifu_ifetch.ifu_lo_ir_dfflr.qout_r[M]	u_e203_cpu.u_e203_core.u_e203_ifu.u_e203_ifu_ifetch.ir_rs2idx_dfflr.qout_r[4]$_DFFE_PN0P_/Q	u_e203_cpu.u_e203_core.u_e203_ifu.u_e203_ifu_ifetch.ifu_lo_ir_dfflr.qout_r[7]$_DFFE_PN0P_/D
582	-0.3753	u_eI_cpu.u_eJ_core.u_eK_ifu.u_eL_ifu_ifetch.ir_rsMidx_dfflr.qout_r[N]	u_eI_cpu.u_eJ_core.u_eK_ifu.u_eL_ifu_ifetch.ifu_err_dfflr.qout_r	u_e203_cpu.u_e203_core.u_e203_ifu.u_e203_ifu_ifetch.ir_rs2idx_dfflr.qout_r[4]$_DFFE_PN0P_/Q	u_e203_cpu.u_e203_core.u_e203_ifu.u_e203_ifu_ifetch.ifu_err_dfflr.qout_r$_DFFE_PN0P_/D
583	-0.3753	u_eI_cpu.u_eJ_core.u_eK_ifu.u_eL_ifu_ifetch.ir_rsMidx_dfflr.qout_r[N]	u_eI_cpu.u_eJ_core.u_eK_ifu.u_eL_ifu_ifetch.ir_muldiv_bMb_dfflr.qout_r	u_e203_cpu.u_e203_core.u_e203_ifu.u_e203_ifu_ifetch.ir_rs2idx_dfflr.qout_r[4]$_DFFE_PN0P_/Q	u_e203_cpu.u_e203_core.u_e203_ifu.u_e203_ifu_ifetch.ir_muldiv_b2b_dfflr.qout_r$_DFFE_PN0P_/D
584	-0.3740	u_eI_cpu.u_eJ_core.u_eK_ifu.u_eL_ifu_ifetch.ir_rsMidx_dfflr.qout_r[N]	u_eI_cpu.u_eJ_itcm_ctrl.ifu_holdup_dffl.qout_r	u_e203_cpu.u_e203_core.u_e203_ifu.u_e203_ifu_ifetch.ir_rs2idx_dfflr.qout_r[4]$_DFFE_PN0P_/Q	u_e203_cpu.u_e203_itcm_ctrl.ifu_holdup_dffl.qout_r$_DFFE_PN0P_/D
585	-0.3731	u_eI_cpu.u_eJ_core.u_eK_ifu.u_eL_ifu_ifetch.ir_rsMidx_dfflr.qout_r[N]	u_eI_cpu.u_eJ_itcm_ctrl.u_sram_icb_ctrl.u_sirv_Kcyc_sram_ctrl.u_ram_clkgate.enb	u_e203_cpu.u_e203_core.u_e203_ifu.u_e203_ifu_ifetch.ir_rs2idx_dfflr.qout_r[4]$_DFFE_PN0P_/Q	u_e203_cpu.u_e203_itcm_ctrl.u_sram_icb_ctrl.u_sirv_1cyc_sram_ctrl.u_ram_clkgate.enb$_DLATCH_N_/D
586	-0.3727	u_eI_cpu.u_eJ_core.u_eK_lsu.u_eL_lsu_ctrl.u_lsu_icb_arbt.arbt_num_gt_M_gen.dp_N.u_sirv_gnrl_rspid_fifo.dp_gt_O.vld_dfflr.qout_r	cmt_dcause[I]	u_e203_cpu.u_e203_core.u_e203_lsu.u_e203_lsu_ctrl.u_lsu_icb_arbt.arbt_num_gt_1_gen.dp_1.u_sirv_gnrl_rspid_fifo.dp_gt_0.vld_dfflr.qout_r$_DFFE_PN0P_/Q	cmt_dcause[1]
587	-0.3720	u_eI_cpu.u_eJ_core.u_eK_ifu.u_eL_ifu_ifetch.ir_rsMidx_dfflr.qout_r[N]	u_eI_cpu.u_eJ_core.u_eK_ifu.u_eL_ifu_iftMicb.icbNitcm_dfflr.qout_r	u_e203_cpu.u_e203_core.u_e203_ifu.u_e203_ifu_ifetch.ir_rs2idx_dfflr.qout_r[4]$_DFFE_PN0P_/Q	u_e203_cpu.u_e203_core.u_e203_ifu.u_e203_ifu_ift2icb.icb2itcm_dfflr.qout_r$_DFFE_PN0P_/D
588	-0.3704	u_eI_cpu.u_eJ_core.u_eK_ifu.u_eL_ifu_ifetch.ir_rsMidx_dfflr.qout_r[N]	u_eI_cpu.u_eJ_core.u_eK_ifu.u_eL_ifu_iftMicb.icb_addr_N_O_dffl.qout_r[P]	u_e203_cpu.u_e203_core.u_e203_ifu.u_e203_ifu_ifetch.ir_rs2idx_dfflr.qout_r[4]$_DFFE_PN0P_/Q	u_e203_cpu.u_e203_core.u_e203_ifu.u_e203_ifu_ift2icb.icb_addr_2_1_dffl.qout_r[0]$_DFFE_PP_/D
589	-0.3700	u_eI_cpu.u_eJ_core.u_eK_ifu.u_eL_ifu_ifetch.ir_rsMidx_dfflr.qout_r[N]	u_eI_cpu.u_eJ_core.u_eK_ifu.u_eL_ifu_ifetch.pc_newpend_dfflr.qout_r	u_e203_cpu.u_e203_core.u_e203_ifu.u_e203_ifu_ifetch.ir_rs2idx_dfflr.qout_r[4]$_DFFE_PN0P_/Q	u_e203_cpu.u_e203_core.u_e203_ifu.u_e203_ifu_ifetch.pc_newpend_dfflr.qout_r$_DFFE_PN0P_/D
590	-0.3698	dbg_halt_r	u_eI_cpu.u_eJ_core.u_eK_lsu.u_eL_lsu_ctrl.u_eM_lsu_splt_stage.dp_gt_N.vld_dfflr.qout_r	dbg_halt_r	u_e203_cpu.u_e203_core.u_e203_lsu.u_e203_lsu_ctrl.u_e203_lsu_splt_stage.dp_gt_0.vld_dfflr.qout_r$_DFFE_PN0P_/D
591	-0.3698	dbg_halt_r	u_eI_cpu.u_eJ_core.u_eK_lsu.u_eL_lsu_ctrl.u_lsu_icb_arbt.arbt_num_gt_M_gen.dp_N.u_sirv_gnrl_rspid_fifo.dp_gt_O.vld_dfflr.qout_r	dbg_halt_r	u_e203_cpu.u_e203_core.u_e203_lsu.u_e203_lsu_ctrl.u_lsu_icb_arbt.arbt_num_gt_1_gen.dp_1.u_sirv_gnrl_rspid_fifo.dp_gt_0.vld_dfflr.qout_r$_DFFE_PN0P_/D
592	-0.3692	u_eI_cpu.u_eJ_core.u_eK_ifu.u_eL_ifu_ifetch.ifu_hi_ir_dfflr.qout_r[M]	u_eI_cpu.u_eJ_core.u_eK_ifu.u_eL_ifu_iftMicb.u_eN_ifetch_rsp_bypbuf.u_bypbuf_fifo.dp_gtO.vec_P_dfflr.qout_r	u_e203_cpu.u_e203_core.u_e203_ifu.u_e203_ifu_ifetch.ifu_hi_ir_dfflr.qout_r[15]$_DFFE_PN0P_/Q	u_e203_cpu.u_e203_core.u_e203_ifu.u_e203_ifu_ift2icb.u_e203_ifetch_rsp_bypbuf.u_bypbuf_fifo.dp_gt0.vec_31_dfflr.qout_r$_DFFE_PN0P_/D
593	-0.3692	u_eI_cpu.u_eJ_irq_sync.master_gen.u_tmr_irq_sync.sync_gen[K].i_is_not_L.sync_dffr.qout_r	core_wfi	u_e203_cpu.u_e203_irq_sync.master_gen.u_tmr_irq_sync.sync_gen[1].i_is_not_0.sync_dffr.qout_r$_DFF_PN0_/Q	core_wfi
594	-0.3678	u_eI_cpu.u_eJ_core.u_eK_ifu.u_eL_ifu_ifetch.ifu_lo_ir_dfflr.qout_r[M]	u_eI_cpu.u_eJ_dtcm_ctrl.u_sram_icb_ctrl.u_byp_icb_cmd_buf.u_bypbuf_fifo.dp_gtK.vec_L_dfflrs.qout_r	u_e203_cpu.u_e203_core.u_e203_ifu.u_e203_ifu_ifetch.ifu_lo_ir_dfflr.qout_r[6]$_DFFE_PN0P_/Q	u_e203_cpu.u_e203_dtcm_ctrl.u_sram_icb_ctrl.u_byp_icb_cmd_buf.u_bypbuf_fifo.dp_gt0.vec_0_dfflrs.qout_r$_DFFE_PN1P_/D
595	-0.3675	u_eI_cpu.u_eJ_irq_sync.master_gen.u_dbg_irq_sync.sync_gen[K].i_is_not_L.sync_dffr.qout_r	cmt_dcause_ena	u_e203_cpu.u_e203_irq_sync.master_gen.u_dbg_irq_sync.sync_gen[1].i_is_not_0.sync_dffr.qout_r$_DFF_PN0_/Q	cmt_dcause_ena
596	-0.3674	u_eI_cpu.u_eJ_core.u_eK_exu.u_eL_exu_oitf.depth_gtM.ret_ptr_flg_dfflrs.qout_r	core_wfi	u_e203_cpu.u_e203_core.u_e203_exu.u_e203_exu_oitf.depth_gt1.ret_ptr_flg_dfflrs.qout_r$_DFFE_PN0P_/Q	core_wfi
597	-0.3668	u_eI_cpu.u_eJ_irq_sync.master_gen.u_sft_irq_sync.sync_gen[K].i_is_not_L.sync_dffr.qout_r	core_wfi	u_e203_cpu.u_e203_irq_sync.master_gen.u_sft_irq_sync.sync_gen[1].i_is_not_0.sync_dffr.qout_r$_DFF_PN0_/Q	core_wfi
598	-0.3663	dbg_step_r	u_eI_cpu.u_eJ_clk_ctrl.u_lsu_clkgate.enb	dbg_step_r	u_e203_cpu.u_e203_clk_ctrl.u_lsu_clkgate.enb$_DLATCH_N_/D
599	-0.3662	u_eI_cpu.u_eJ_core.u_eK_exu.u_eL_exu_oitf.depth_gtM.alc_ptr_flg_dfflrs.qout_r	core_wfi	u_e203_cpu.u_e203_core.u_e203_exu.u_e203_exu_oitf.depth_gt1.alc_ptr_flg_dfflrs.qout_r$_DFFE_PN0P_/Q	core_wfi
600	-0.3651	dbg_halt_r	u_eI_cpu.u_eJ_core.u_eK_exu.u_eL_exu_alu.u_eM_exu_nice.u_nice_itag_fifo.dp_gtN.wptr_vec_O_dfflrs.qout_r	dbg_halt_r	u_e203_cpu.u_e203_core.u_e203_exu.u_e203_exu_alu.u_e203_exu_nice.u_nice_itag_fifo.dp_gt0.wptr_vec_0_dfflrs.qout_r$_DFFE_PN1P_/D
601	-0.3647	u_eI_cpu.u_eJ_core.u_eK_biu.u_sirv_gnrl_icb_buffer.u_sirv_gnrl_rsp_fifo.dp_gtL.vec_M_dfflr.qout_r	cmt_dcause_ena	u_e203_cpu.u_e203_core.u_e203_biu.u_sirv_gnrl_icb_buffer.u_sirv_gnrl_rsp_fifo.dp_gt0.vec_31_dfflr.qout_r$_DFFE_PN0P_/Q	cmt_dcause_ena
602	-0.3627	u_eI_cpu.u_eJ_core.u_eK_ifu.u_eL_ifu_ifetch.ir_rsMidx_dfflr.qout_r[N]	u_eI_cpu.u_eJ_itcm_ctrl.u_sram_icb_ctrl.u_sirv_Kcyc_sram_ctrl.u_eL_stage.dp_gt_M.vld_dfflr.qout_r	u_e203_cpu.u_e203_core.u_e203_ifu.u_e203_ifu_ifetch.ir_rs2idx_dfflr.qout_r[4]$_DFFE_PN0P_/Q	u_e203_cpu.u_e203_itcm_ctrl.u_sram_icb_ctrl.u_sirv_1cyc_sram_ctrl.u_e1_stage.dp_gt_0.vld_dfflr.qout_r$_DFFE_PN0P_/D
603	-0.3619	u_eI_cpu.u_eJ_dtcm_ctrl.u_dtcm_icb_arbt.arbt_num_gt_K_gen.dp_L.u_sirv_gnrl_rspid_fifo.dp_gt_M.vld_dfflr.qout_r	cmt_dcause[I]	u_e203_cpu.u_e203_dtcm_ctrl.u_dtcm_icb_arbt.arbt_num_gt_1_gen.dp_1.u_sirv_gnrl_rspid_fifo.dp_gt_0.vld_dfflr.qout_r$_DFFE_PN0P_/Q	cmt_dcause[1]
604	-0.3617	u_eI_cpu.u_eJ_core.u_eK_ifu.u_eL_ifu_ifetch.ir_rsMidx_dfflr.qout_r[N]	u_eI_cpu.u_eJ_core.u_eK_exu.u_eL_exu_alu.u_eM_exu_alu_dpath.sbf_N_dffl.qout_r[O]	u_e203_cpu.u_e203_core.u_e203_ifu.u_e203_ifu_ifetch.ir_rs2idx_dfflr.qout_r[4]$_DFFE_PN0P_/Q	u_e203_cpu.u_e203_core.u_e203_exu.u_e203_exu_alu.u_e203_exu_alu_dpath.sbf_0_dffl.qout_r[10]$_DFFE_PP_/D
605	-0.3611	u_eI_cpu.u_eJ_dtcm_ctrl.u_sram_icb_ctrl.u_sirv_Kcyc_sram_ctrl.u_eL_stage.dp_gt_M.vld_dfflr.qout_r	cmt_dcause[I]	u_e203_cpu.u_e203_dtcm_ctrl.u_sram_icb_ctrl.u_sirv_1cyc_sram_ctrl.u_e1_stage.dp_gt_0.vld_dfflr.qout_r$_DFFE_PN0P_/Q	cmt_dcause[1]
606	-0.3606	u_eI_cpu.u_eJ_core.u_eK_ifu.u_eL_ifu_ifetch.ir_rsMidx_dfflr.qout_r[N]	u_eI_cpu.u_eJ_core.u_eK_ifu.u_eL_ifu_iftMicb.icbNmem_dfflr.qout_r	u_e203_cpu.u_e203_core.u_e203_ifu.u_e203_ifu_ifetch.ir_rs2idx_dfflr.qout_r[4]$_DFFE_PN0P_/Q	u_e203_cpu.u_e203_core.u_e203_ifu.u_e203_ifu_ift2icb.icb2mem_dfflr.qout_r$_DFFE_PN0P_/D
607	-0.3603	u_eI_cpu.u_eJ_core.u_eK_exu.u_eL_exu_commit.u_eM_exu_excp.step_req_dfflr.qout_r	cmt_dcause_ena	u_e203_cpu.u_e203_core.u_e203_exu.u_e203_exu_commit.u_e203_exu_excp.step_req_dfflr.qout_r$_DFFE_PN0P_/Q	cmt_dcause_ena
608	-0.3598	u_eI_cpu.u_eJ_itcm_ctrl.u_itcm_icb_arbt.arbt_num_gt_K_gen.dp_L.u_sirv_gnrl_rspid_fifo.dp_gt_M.vld_dfflr.qout_r	cmt_dcause[I]	u_e203_cpu.u_e203_itcm_ctrl.u_itcm_icb_arbt.arbt_num_gt_1_gen.dp_1.u_sirv_gnrl_rspid_fifo.dp_gt_0.vld_dfflr.qout_r$_DFFE_PN0P_/Q	cmt_dcause[1]
609	-0.3598	u_eI_cpu.u_eJ_core.u_eK_ifu.u_eL_ifu_ifetch.ifu_lo_ir_dfflr.qout_r[M]	u_eI_cpu.u_eJ_itcm_ctrl.u_itcm_icb_extKitcm_nLw.fifo_dp_M.u_sirv_gnrl_nNw_fifo.dp_gt_O.dat_dfflr.qout_r	u_e203_cpu.u_e203_core.u_e203_ifu.u_e203_ifu_ifetch.ifu_lo_ir_dfflr.qout_r[6]$_DFFE_PN0P_/Q	u_e203_cpu.u_e203_itcm_ctrl.u_itcm_icb_ext2itcm_n2w.fifo_dp_1.u_sirv_gnrl_n2w_fifo.dp_gt_0.dat_dfflr.qout_r$_DFFE_PP_/D
610	-0.3594	u_eI_cpu.u_eJ_core.u_eK_exu.u_eL_exu_alu.u_eM_exu_alu_muldiv.muldiv_state_dfflr.qout_r[N]	cmt_dcause[I]	u_e203_cpu.u_e203_core.u_e203_exu.u_e203_exu_alu.u_e203_exu_alu_muldiv.muldiv_state_dfflr.qout_r[1]$_DFFE_PN0P_/Q	cmt_dcause[1]
611	-0.3589	u_eI_cpu.u_eJ_core.u_eK_lsu.u_eL_lsu_ctrl.u_eM_lsu_splt_stage.dp_gt_N.dat_dfflr.qout_r[O]	cmt_dcause[I]	u_e203_cpu.u_e203_core.u_e203_lsu.u_e203_lsu_ctrl.u_e203_lsu_splt_stage.dp_gt_0.dat_dfflr.qout_r[33]$_DFFE_PP_/Q	cmt_dcause[1]
612	-0.3581	u_eI_cpu.u_eJ_core.u_eK_ifu.u_eL_ifu_ifetch.ifu_lo_ir_dfflr.qout_r[M]	u_eI_cpu.u_eJ_core.u_eK_exu.u_eL_exu_alu.u_eM_exu_alu_dpath.sbf_N_dffl.qout_r[O]	u_e203_cpu.u_e203_core.u_e203_ifu.u_e203_ifu_ifetch.ifu_lo_ir_dfflr.qout_r[6]$_DFFE_PN0P_/Q	u_e203_cpu.u_e203_core.u_e203_exu.u_e203_exu_alu.u_e203_exu_alu_dpath.sbf_1_dffl.qout_r[32]$_SDFFCE_PN0P_/D
613	-0.3566	u_eI_cpu.u_eJ_irq_sync.master_gen.u_ext_irq_sync.sync_gen[K].i_is_not_L.sync_dffr.qout_r	core_wfi	u_e203_cpu.u_e203_irq_sync.master_gen.u_ext_irq_sync.sync_gen[1].i_is_not_0.sync_dffr.qout_r$_DFF_PN0_/Q	core_wfi
614	-0.3563	u_eI_cpu.u_eJ_core.u_eK_ifu.u_eL_ifu_ifetch.ir_rsMidx_dfflr.qout_r[N]	u_eI_cpu.u_eJ_core.u_eK_ifu.u_eL_ifu_ifetch.out_flag_dfflr.qout_r	u_e203_cpu.u_e203_core.u_e203_ifu.u_e203_ifu_ifetch.ir_rs2idx_dfflr.qout_r[4]$_DFFE_PN0P_/Q	u_e203_cpu.u_e203_core.u_e203_ifu.u_e203_ifu_ifetch.out_flag_dfflr.qout_r$_DFFE_PN0P_/D
615	-0.3553	u_eI_cpu.u_eJ_core.u_eK_exu.u_eL_exu_csr.mie_dfflr.qout_r[M]	cmt_dpc_ena	u_e203_cpu.u_e203_core.u_e203_exu.u_e203_exu_csr.mie_dfflr.qout_r[7]$_DFFE_PN0P_/Q	cmt_dpc_ena
616	-0.3546	u_eI_cpu.u_eJ_core.u_eK_biu.u_sirv_gnrl_icb_buffer.u_sirv_gnrl_rsp_fifo.dp_gtL.fifo_rf[M].fifo_rf_dffl.qout_r[N]	core_wfi	u_e203_cpu.u_e203_core.u_e203_biu.u_sirv_gnrl_icb_buffer.u_sirv_gnrl_rsp_fifo.dp_gt0.fifo_rf[0].fifo_rf_dffl.qout_r[34]$_DFFE_PP_/Q	core_wfi
617	-0.3536	u_eI_cpu.u_eJ_core.u_eK_ifu.u_eL_ifu_ifetch.ir_rsMidx_dfflr.qout_r[N]	u_eI_cpu.u_eJ_core.u_eK_ifu.u_eL_ifu_iftMicb.req_need_Nuop_dfflr.qout_r	u_e203_cpu.u_e203_core.u_e203_ifu.u_e203_ifu_ifetch.ir_rs2idx_dfflr.qout_r[4]$_DFFE_PN0P_/Q	u_e203_cpu.u_e203_core.u_e203_ifu.u_e203_ifu_ift2icb.req_need_0uop_dfflr.qout_r$_DFFE_PN0P_/D
618	-0.3536	u_eI_cpu.u_eJ_dtcm_ctrl.u_dtcm_icb_arbt.arbt_num_gt_K_gen.dp_L.u_sirv_gnrl_rspid_fifo.dp_gt_M.dat_dfflr.qout_r	cmt_dcause[I]	u_e203_cpu.u_e203_dtcm_ctrl.u_dtcm_icb_arbt.arbt_num_gt_1_gen.dp_1.u_sirv_gnrl_rspid_fifo.dp_gt_0.dat_dfflr.qout_r$_DFFE_PP_/Q	cmt_dcause[1]
619	-0.3526	u_eI_cpu.u_eJ_itcm_ctrl.u_sram_icb_ctrl.u_sirv_Kcyc_sram_ctrl.u_eL_stage.dp_gt_M.vld_dfflr.qout_r	core_wfi	u_e203_cpu.u_e203_itcm_ctrl.u_sram_icb_ctrl.u_sirv_1cyc_sram_ctrl.u_e1_stage.dp_gt_0.vld_dfflr.qout_r$_DFFE_PN0P_/Q	core_wfi
620	-0.3504	u_eI_cpu.u_eJ_core.u_eK_exu.u_eL_exu_alu.u_eM_exu_alu_muldiv.muldiv_state_dfflr.qout_r[N]	core_wfi	u_e203_cpu.u_e203_core.u_e203_exu.u_e203_exu_alu.u_e203_exu_alu_muldiv.muldiv_state_dfflr.qout_r[1]$_DFFE_PN0P_/Q	core_wfi
621	-0.3502	u_eI_cpu.u_eJ_core.u_eK_ifu.u_eL_ifu_ifetch.ifu_hi_ir_dfflr.qout_r[M]	u_eI_cpu.u_eJ_dtcm_ctrl.u_sram_icb_ctrl.u_byp_icb_cmd_buf.u_bypbuf_fifo.dp_gtK.vec_L_dfflrs.qout_r	u_e203_cpu.u_e203_core.u_e203_ifu.u_e203_ifu_ifetch.ifu_hi_ir_dfflr.qout_r[15]$_DFFE_PN0P_/Q	u_e203_cpu.u_e203_dtcm_ctrl.u_sram_icb_ctrl.u_byp_icb_cmd_buf.u_bypbuf_fifo.dp_gt0.vec_0_dfflrs.qout_r$_DFFE_PN1P_/D
622	-0.3493	dbg_step_r	u_eI_cpu.u_eJ_core.u_eK_exu.u_eL_exu_csr.counterstop_dfflr.qout_r[M]	dbg_step_r	u_e203_cpu.u_e203_core.u_e203_exu.u_e203_exu_csr.counterstop_dfflr.qout_r[0]$_DFFE_PN0P_/D
623	-0.3480	dbg_halt_r	u_eI_cpu.u_eJ_clk_ctrl.u_lsu_clkgate.enb	dbg_halt_r	u_e203_cpu.u_e203_clk_ctrl.u_lsu_clkgate.enb$_DLATCH_N_/D
624	-0.3476	u_eI_cpu.u_eJ_core.u_eK_lsu.u_eL_lsu_ctrl.u_eM_lsu_splt_stage.dp_gt_N.vld_dfflr.qout_r	cmt_dpc_ena	u_e203_cpu.u_e203_core.u_e203_lsu.u_e203_lsu_ctrl.u_e203_lsu_splt_stage.dp_gt_0.vld_dfflr.qout_r$_DFFE_PN0P_/Q	cmt_dpc_ena
625	-0.3472	u_eI_cpu.u_eJ_core.u_eK_biu.u_biu_icb_arbt.arbt_num_gt_L_gen.dp_M.u_sirv_gnrl_rspid_fifo.dp_gt_N.dat_dfflr.qout_r	cmt_dcause_ena	u_e203_cpu.u_e203_core.u_e203_biu.u_biu_icb_arbt.arbt_num_gt_1_gen.dp_1.u_sirv_gnrl_rspid_fifo.dp_gt_0.dat_dfflr.qout_r$_DFFE_PP_/Q	cmt_dcause_ena
626	-0.3471	u_eI_cpu.u_eJ_core.u_eK_exu.u_eL_exu_oitf.depth_gtM.alc_ptr_dfflrs.qout_r	cmt_dpc_ena	u_e203_cpu.u_e203_core.u_e203_exu.u_e203_exu_oitf.depth_gt1.alc_ptr_dfflrs.qout_r$_DFFE_PN0P_/Q	cmt_dpc_ena
627	-0.3470	u_eI_cpu.u_eJ_core.u_eK_exu.u_eL_exu_oitf.depth_gtM.ret_ptr_dfflrs.qout_r	cmt_dpc_ena	u_e203_cpu.u_e203_core.u_e203_exu.u_e203_exu_oitf.depth_gt1.ret_ptr_dfflrs.qout_r$_DFFE_PN0P_/Q	cmt_dpc_ena
628	-0.3437	u_eI_cpu.u_eJ_core.u_eK_ifu.u_eL_ifu_ifetch.ir_rsMidx_dfflr.qout_r[N]	u_eI_cpu.u_eJ_core.u_eK_ifu.u_eL_ifu_ifetch.ifu_prdt_taken_dfflr.qout_r	u_e203_cpu.u_e203_core.u_e203_ifu.u_e203_ifu_ifetch.ir_rs2idx_dfflr.qout_r[4]$_DFFE_PN0P_/Q	u_e203_cpu.u_e203_core.u_e203_ifu.u_e203_ifu_ifetch.ifu_prdt_taken_dfflr.qout_r$_DFFE_PN0P_/D
629	-0.3432	dbg_step_r	u_eI_cpu.u_eJ_core.u_eK_exu.u_eL_exu_csr.mcgstop_dfflr.qout_r[M]	dbg_step_r	u_e203_cpu.u_e203_core.u_e203_exu.u_e203_exu_csr.mcgstop_dfflr.qout_r[0]$_DFFE_PN0P_/D
630	-0.3422	u_eI_cpu.u_eJ_core.u_eK_ifu.u_eL_ifu_ifetch.ifu_hi_ir_dfflr.qout_r[M]	u_eI_cpu.u_eJ_itcm_ctrl.u_itcm_icb_extKitcm_nLw.fifo_dp_M.u_sirv_gnrl_nNw_fifo.dp_gt_O.dat_dfflr.qout_r	u_e203_cpu.u_e203_core.u_e203_ifu.u_e203_ifu_ifetch.ifu_hi_ir_dfflr.qout_r[15]$_DFFE_PN0P_/Q	u_e203_cpu.u_e203_itcm_ctrl.u_itcm_icb_ext2itcm_n2w.fifo_dp_1.u_sirv_gnrl_n2w_fifo.dp_gt_0.dat_dfflr.qout_r$_DFFE_PP_/D
631	-0.3405	u_eI_cpu.u_eJ_core.u_eK_ifu.u_eL_ifu_ifetch.ifu_hi_ir_dfflr.qout_r[M]	u_eI_cpu.u_eJ_core.u_eK_exu.u_eL_exu_alu.u_eM_exu_alu_dpath.sbf_N_dffl.qout_r[O]	u_e203_cpu.u_e203_core.u_e203_ifu.u_e203_ifu_ifetch.ifu_hi_ir_dfflr.qout_r[15]$_DFFE_PN0P_/Q	u_e203_cpu.u_e203_core.u_e203_exu.u_e203_exu_alu.u_e203_exu_alu_dpath.sbf_1_dffl.qout_r[32]$_SDFFCE_PN0P_/D
632	-0.3403	u_eI_cpu.u_eJ_core.u_eK_ifu.u_eL_ifu_ifetch.ir_rsMidx_dfflr.qout_r[N]	u_eI_cpu.u_eJ_clk_ctrl.u_biu_clkgate.enb	u_e203_cpu.u_e203_core.u_e203_ifu.u_e203_ifu_ifetch.ir_rs2idx_dfflr.qout_r[4]$_DFFE_PN0P_/Q	u_e203_cpu.u_e203_clk_ctrl.u_biu_clkgate.enb$_DLATCH_N_/D
633	-0.3382	u_eI_cpu.u_eJ_core.u_eK_lsu.u_eL_lsu_ctrl.u_lsu_icb_arbt.arbt_num_gt_M_gen.dp_N.u_sirv_gnrl_rspid_fifo.dp_gt_O.vld_dfflr.qout_r	core_wfi	u_e203_cpu.u_e203_core.u_e203_lsu.u_e203_lsu_ctrl.u_lsu_icb_arbt.arbt_num_gt_1_gen.dp_1.u_sirv_gnrl_rspid_fifo.dp_gt_0.vld_dfflr.qout_r$_DFFE_PN0P_/Q	core_wfi
634	-0.3376	u_eI_cpu.u_eJ_core.u_eK_ifu.u_eL_ifu_ifetch.ifu_lo_ir_dfflr.qout_r[M]	u_eI_cpu.u_eJ_core.u_eK_exu.u_eL_exu_regfile.regfile[M].rfnoN.rf_dffl.qout_r[O]	u_e203_cpu.u_e203_core.u_e203_ifu.u_e203_ifu_ifetch.ifu_lo_ir_dfflr.qout_r[6]$_DFFE_PN0P_/Q	u_e203_cpu.u_e203_core.u_e203_exu.u_e203_exu_regfile.regfile[12].rfno0.rf_dffl.qout_r[15]$_DFFE_PP_/D
635	-0.3354	u_eI_cpu.u_eJ_core.u_eK_exu.u_eL_exu_alu.u_eM_exu_alu_muldiv.part_prdt_sftN_dfflr.qout_r	extIdtcm_icb_cmd_ready	u_e203_cpu.u_e203_core.u_e203_exu.u_e203_exu_alu.u_e203_exu_alu_muldiv.part_prdt_sft1_dfflr.qout_r$_DFFE_PN0P_/Q	ext2dtcm_icb_cmd_ready
636	-0.3340	u_eI_cpu.u_eJ_core.u_eK_ifu.u_eL_ifu_ifetch.ifu_prdt_taken_dfflr.qout_r	cmt_dcause_ena	u_e203_cpu.u_e203_core.u_e203_ifu.u_e203_ifu_ifetch.ifu_prdt_taken_dfflr.qout_r$_DFFE_PN0P_/Q	cmt_dcause_ena
637	-0.3334	dbg_step_r	u_eI_cpu.u_eJ_core.u_eK_exu.u_eL_exu_csr.itcmnohold_dfflr.qout_r[M]	dbg_step_r	u_e203_cpu.u_e203_core.u_e203_exu.u_e203_exu_csr.itcmnohold_dfflr.qout_r[0]$_DFFE_PN0P_/D
638	-0.3325	u_eI_cpu.u_eJ_core.u_eK_ifu.u_eL_ifu_ifetch.ir_rsMidx_dfflr.qout_r[N]	u_eI_cpu.u_eJ_core.u_eK_ifu.u_eL_ifu_ifetch.dly_flush_dfflr.qout_r	u_e203_cpu.u_e203_core.u_e203_ifu.u_e203_ifu_ifetch.ir_rs2idx_dfflr.qout_r[4]$_DFFE_PN0P_/Q	u_e203_cpu.u_e203_core.u_e203_ifu.u_e203_ifu_ifetch.dly_flush_dfflr.qout_r$_DFFE_PN0P_/D
639	-0.3318	u_eI_cpu.u_eJ_core.u_eK_ifu.u_eL_ifu_ifetch.ir_rsMidx_dfflr.qout_r[N]	u_eI_cpu.u_eJ_dtcm_ctrl.u_sram_icb_ctrl.u_byp_icb_cmd_buf.u_bypbuf_fifo.dp_gtK.fifo_rf[L].fifo_rf_dffl.qout_r[M]	u_e203_cpu.u_e203_core.u_e203_ifu.u_e203_ifu_ifetch.ir_rs2idx_dfflr.qout_r[4]$_DFFE_PN0P_/Q	u_e203_cpu.u_e203_dtcm_ctrl.u_sram_icb_ctrl.u_byp_icb_cmd_buf.u_bypbuf_fifo.dp_gt0.fifo_rf[0].fifo_rf_dffl.qout_r[10]$_DFFE_PP_/D
640	-0.3317	u_eI_cpu.u_eJ_core.u_eK_ifu.u_eL_ifu_ifetch.ir_rsMidx_dfflr.qout_r[N]	u_eI_cpu.u_eJ_core.u_eK_ifu.u_eL_ifu_iftMicb.req_same_cross_holdup_dfflr.qout_r	u_e203_cpu.u_e203_core.u_e203_ifu.u_e203_ifu_ifetch.ir_rs2idx_dfflr.qout_r[4]$_DFFE_PN0P_/Q	u_e203_cpu.u_e203_core.u_e203_ifu.u_e203_ifu_ift2icb.req_same_cross_holdup_dfflr.qout_r$_DFFE_PN0P_/D
641	-0.3316	u_eI_cpu.u_eJ_core.u_eK_ifu.u_eL_ifu_ifetch.ir_rsMidx_dfflr.qout_r[N]	u_eI_cpu.u_eJ_clk_ctrl.itcm_active_dffr.qout_r	u_e203_cpu.u_e203_core.u_e203_ifu.u_e203_ifu_ifetch.ir_rs2idx_dfflr.qout_r[4]$_DFFE_PN0P_/Q	u_e203_cpu.u_e203_clk_ctrl.itcm_active_dffr.qout_r$_DFF_PN0_/D
642	-0.3316	u_eI_cpu.u_eJ_core.u_eK_exu.u_eL_exu_alu.u_eM_exu_alu_muldiv.exec_cnt_dfflr.qout_r[N]	cmt_dcause[I]	u_e203_cpu.u_e203_core.u_e203_exu.u_e203_exu_alu.u_e203_exu_alu_muldiv.exec_cnt_dfflr.qout_r[2]$_DFFE_PN0P_/Q	cmt_dcause[1]
643	-0.3315	u_eI_cpu.u_eJ_irq_sync.master_gen.u_tmr_irq_sync.sync_gen[K].i_is_not_L.sync_dffr.qout_r	cmt_dpc_ena	u_e203_cpu.u_e203_irq_sync.master_gen.u_tmr_irq_sync.sync_gen[1].i_is_not_0.sync_dffr.qout_r$_DFF_PN0_/Q	cmt_dpc_ena
644	-0.3310	dbg_halt_r	u_eI_cpu.u_eJ_core.u_eK_exu.u_eL_exu_csr.counterstop_dfflr.qout_r[M]	dbg_halt_r	u_e203_cpu.u_e203_core.u_e203_exu.u_e203_exu_csr.counterstop_dfflr.qout_r[0]$_DFFE_PN0P_/D
645	-0.3296	u_eI_cpu.u_eJ_core.u_eK_exu.u_eL_exu_oitf.depth_gtM.ret_ptr_flg_dfflrs.qout_r	cmt_dpc_ena	u_e203_cpu.u_e203_core.u_e203_exu.u_e203_exu_oitf.depth_gt1.ret_ptr_flg_dfflrs.qout_r$_DFFE_PN0P_/Q	cmt_dpc_ena
646	-0.3293	u_eI_cpu.u_eJ_core.u_eK_ifu.u_eL_ifu_ifetch.ir_rsMidx_dfflr.qout_r[N]	u_eI_cpu.u_eJ_core.u_eK_ifu.u_eL_ifu_ifetch.ir_valid_dfflr.qout_r	u_e203_cpu.u_e203_core.u_e203_ifu.u_e203_ifu_ifetch.ir_rs2idx_dfflr.qout_r[4]$_DFFE_PN0P_/Q	u_e203_cpu.u_e203_core.u_e203_ifu.u_e203_ifu_ifetch.ir_valid_dfflr.qout_r$_DFFE_PN0P_/D
647	-0.3290	u_eI_cpu.u_eJ_irq_sync.master_gen.u_sft_irq_sync.sync_gen[K].i_is_not_L.sync_dffr.qout_r	cmt_dpc_ena	u_e203_cpu.u_e203_irq_sync.master_gen.u_sft_irq_sync.sync_gen[1].i_is_not_0.sync_dffr.qout_r$_DFF_PN0_/Q	cmt_dpc_ena
648	-0.3284	u_eI_cpu.u_eJ_core.u_eK_exu.u_eL_exu_oitf.depth_gtM.alc_ptr_flg_dfflrs.qout_r	cmt_dpc_ena	u_e203_cpu.u_e203_core.u_e203_exu.u_e203_exu_oitf.depth_gt1.alc_ptr_flg_dfflrs.qout_r$_DFFE_PN0P_/Q	cmt_dpc_ena
649	-0.3279	u_eI_cpu.u_eJ_core.u_eK_ifu.u_eL_ifu_ifetch.ir_rsMidx_dfflr.qout_r[N]	u_eI_cpu.u_eJ_core.u_eK_exu.u_eL_exu_csr.minstret_dfflr.qout_r[M]	u_e203_cpu.u_e203_core.u_e203_ifu.u_e203_ifu_ifetch.ir_rs2idx_dfflr.qout_r[4]$_DFFE_PN0P_/Q	u_e203_cpu.u_e203_core.u_e203_exu.u_e203_exu_csr.minstret_dfflr.qout_r[29]$_DFFE_PN0P_/D
650	-0.3274	u_eI_cpu.u_eJ_dtcm_ctrl.u_dtcm_icb_arbt.arbt_num_gt_K_gen.dp_L.u_sirv_gnrl_rspid_fifo.dp_gt_M.vld_dfflr.qout_r	core_wfi	u_e203_cpu.u_e203_dtcm_ctrl.u_dtcm_icb_arbt.arbt_num_gt_1_gen.dp_1.u_sirv_gnrl_rspid_fifo.dp_gt_0.vld_dfflr.qout_r$_DFFE_PN0P_/Q	core_wfi
651	-0.3271	u_eI_cpu.u_eJ_core.u_eK_ifu.u_eL_ifu_ifetch.ir_rsMidx_dfflr.qout_r[N]	u_eI_cpu.u_eJ_core.u_eK_ifu.u_eL_ifu_ifetch.reset_req_dfflr.qout_r	u_e203_cpu.u_e203_core.u_e203_ifu.u_e203_ifu_ifetch.ir_rs2idx_dfflr.qout_r[4]$_DFFE_PN0P_/Q	u_e203_cpu.u_e203_core.u_e203_ifu.u_e203_ifu_ifetch.reset_req_dfflr.qout_r$_DFFE_PN0P_/D
652	-0.3267	dbg_step_r	u_eI_cpu.u_eJ_nice_core.lbuf_cnt_dfflr.qout_r[K]	dbg_step_r	u_e203_cpu.u_e203_nice_core.lbuf_cnt_dfflr.qout_r[0]$_DFFE_PN0P_/D
653	-0.3266	u_eI_cpu.u_eJ_dtcm_ctrl.u_sram_icb_ctrl.u_sirv_Kcyc_sram_ctrl.u_eL_stage.dp_gt_M.vld_dfflr.qout_r	core_wfi	u_e203_cpu.u_e203_dtcm_ctrl.u_sram_icb_ctrl.u_sirv_1cyc_sram_ctrl.u_e1_stage.dp_gt_0.vld_dfflr.qout_r$_DFFE_PN0P_/Q	core_wfi
654	-0.3253	u_eI_cpu.u_eJ_itcm_ctrl.u_itcm_icb_arbt.arbt_num_gt_K_gen.dp_L.u_sirv_gnrl_rspid_fifo.dp_gt_M.vld_dfflr.qout_r	core_wfi	u_e203_cpu.u_e203_itcm_ctrl.u_itcm_icb_arbt.arbt_num_gt_1_gen.dp_1.u_sirv_gnrl_rspid_fifo.dp_gt_0.vld_dfflr.qout_r$_DFFE_PN0P_/Q	core_wfi
655	-0.3249	u_eI_cpu.u_eJ_core.u_eK_ifu.u_eL_ifu_ifetch.ir_rsMidx_dfflr.qout_r[N]	u_eI_cpu.u_eJ_core.u_eK_ifu.u_eL_ifu_iftMicb.icb_state_dfflr.qout_r[N]	u_e203_cpu.u_e203_core.u_e203_ifu.u_e203_ifu_ifetch.ir_rs2idx_dfflr.qout_r[4]$_DFFE_PN0P_/Q	u_e203_cpu.u_e203_core.u_e203_ifu.u_e203_ifu_ift2icb.icb_state_dfflr.qout_r[0]$_DFFE_PN0P_/D
656	-0.3249	u_eI_cpu.u_eJ_core.u_eK_lsu.u_eL_lsu_ctrl.u_lsu_icb_arbt.arbt_num_gt_M_gen.dp_N.u_sirv_gnrl_rspid_fifo.dp_gt_O.dat_dfflr.qout_r	cmt_dcause[I]	u_e203_cpu.u_e203_core.u_e203_lsu.u_e203_lsu_ctrl.u_lsu_icb_arbt.arbt_num_gt_1_gen.dp_1.u_sirv_gnrl_rspid_fifo.dp_gt_0.dat_dfflr.qout_r$_DFFE_PP_/Q	cmt_dcause[1]
657	-0.3249	dbg_halt_r	u_eI_cpu.u_eJ_core.u_eK_exu.u_eL_exu_csr.mcgstop_dfflr.qout_r[M]	dbg_halt_r	u_e203_cpu.u_e203_core.u_e203_exu.u_e203_exu_csr.mcgstop_dfflr.qout_r[0]$_DFFE_PN0P_/D
658	-0.3248	u_eI_cpu.u_eJ_itcm_ctrl.u_itcm_icb_arbt.arbt_num_gt_K_gen.dp_L.u_sirv_gnrl_rspid_fifo.dp_gt_M.dat_dfflr.qout_r	cmt_dcause[I]	u_e203_cpu.u_e203_itcm_ctrl.u_itcm_icb_arbt.arbt_num_gt_1_gen.dp_1.u_sirv_gnrl_rspid_fifo.dp_gt_0.dat_dfflr.qout_r$_DFFE_PP_/Q	cmt_dcause[1]
659	-0.3246	u_eI_cpu.u_eJ_core.u_eK_ifu.u_eL_ifu_ifetch.ir_rsMidx_dfflr.qout_r[N]	u_eI_cpu.u_eJ_core.u_eK_ifu.u_eL_ifu_iftMicb.req_lane_cross_dfflr.qout_r	u_e203_cpu.u_e203_core.u_e203_ifu.u_e203_ifu_ifetch.ir_rs2idx_dfflr.qout_r[4]$_DFFE_PN0P_/Q	u_e203_cpu.u_e203_core.u_e203_ifu.u_e203_ifu_ift2icb.req_lane_cross_dfflr.qout_r$_DFFE_PN0P_/D
660	-0.3244	u_eI_cpu.u_eJ_core.u_eK_lsu.u_eL_lsu_ctrl.u_eM_lsu_splt_stage.dp_gt_N.dat_dfflr.qout_r[O]	core_wfi	u_e203_cpu.u_e203_core.u_e203_lsu.u_e203_lsu_ctrl.u_e203_lsu_splt_stage.dp_gt_0.dat_dfflr.qout_r[33]$_DFFE_PP_/Q	core_wfi
661	-0.3227	u_eI_cpu.u_eJ_core.u_eK_exu.u_eL_exu_alu.u_eM_exu_alu_muldiv.exec_cnt_dfflr.qout_r[N]	core_wfi	u_e203_cpu.u_e203_core.u_e203_exu.u_e203_exu_alu.u_e203_exu_alu_muldiv.exec_cnt_dfflr.qout_r[2]$_DFFE_PN0P_/Q	core_wfi
662	-0.3224	u_eI_cpu.u_eJ_core.u_eK_exu.u_eL_exu_alu.u_eM_exu_alu_dpath.sbf_N_dffl.qout_r[O]	cmt_dcause_ena	u_e203_cpu.u_e203_core.u_e203_exu.u_e203_exu_alu.u_e203_exu_alu_dpath.sbf_0_dffl.qout_r[32]$_SDFFCE_PN0P_/Q	cmt_dcause_ena
663	-0.3209	u_eI_cpu.u_eJ_core.u_eK_ifu.u_eL_ifu_ifetch.ir_rsMidx_dfflr.qout_r[N]	u_eI_cpu.u_eJ_core.u_eK_ifu.u_eL_ifu_iftMicb.u_eN_ifetch_rsp_bypbuf.u_bypbuf_fifo.dp_gtO.vec_P_dfflrs.qout_r	u_e203_cpu.u_e203_core.u_e203_ifu.u_e203_ifu_ifetch.ir_rs2idx_dfflr.qout_r[4]$_DFFE_PN0P_/Q	u_e203_cpu.u_e203_core.u_e203_ifu.u_e203_ifu_ift2icb.u_e203_ifetch_rsp_bypbuf.u_bypbuf_fifo.dp_gt0.vec_0_dfflrs.qout_r$_DFFE_PN1P_/D
664	-0.3200	u_eI_cpu.u_eJ_core.u_eK_ifu.u_eL_ifu_ifetch.ifu_lo_ir_dfflr.qout_r[M]	u_eI_cpu.u_eJ_itcm_ctrl.u_itcm_icb_extKitcm_nLw.fifo_dp_M.u_sirv_gnrl_nNw_fifo.dp_gt_O.vld_dfflr.qout_r	u_e203_cpu.u_e203_core.u_e203_ifu.u_e203_ifu_ifetch.ifu_lo_ir_dfflr.qout_r[6]$_DFFE_PN0P_/Q	u_e203_cpu.u_e203_itcm_ctrl.u_itcm_icb_ext2itcm_n2w.fifo_dp_1.u_sirv_gnrl_n2w_fifo.dp_gt_0.vld_dfflr.qout_r$_DFFE_PN0P_/D
665	-0.3200	u_eI_cpu.u_eJ_core.u_eK_ifu.u_eL_ifu_ifetch.ifu_hi_ir_dfflr.qout_r[M]	u_eI_cpu.u_eJ_core.u_eK_exu.u_eL_exu_regfile.regfile[M].rfnoN.rf_dffl.qout_r[O]	u_e203_cpu.u_e203_core.u_e203_ifu.u_e203_ifu_ifetch.ifu_hi_ir_dfflr.qout_r[15]$_DFFE_PN0P_/Q	u_e203_cpu.u_e203_core.u_e203_exu.u_e203_exu_regfile.regfile[12].rfno0.rf_dffl.qout_r[15]$_DFFE_PP_/D
666	-0.3190	u_eI_cpu.u_eJ_dtcm_ctrl.u_dtcm_icb_arbt.arbt_num_gt_K_gen.dp_L.u_sirv_gnrl_rspid_fifo.dp_gt_M.dat_dfflr.qout_r	core_wfi	u_e203_cpu.u_e203_dtcm_ctrl.u_dtcm_icb_arbt.arbt_num_gt_1_gen.dp_1.u_sirv_gnrl_rspid_fifo.dp_gt_0.dat_dfflr.qout_r$_DFFE_PP_/Q	core_wfi
667	-0.3189	u_eI_cpu.u_eJ_core.u_eK_exu.u_eL_exu_csr.status_mie_dfflr.qout_r	cmt_dcause[I]	u_e203_cpu.u_e203_core.u_e203_exu.u_e203_exu_csr.status_mie_dfflr.qout_r$_DFFE_PN0P_/QN	cmt_dcause[1]
668	-0.3188	u_eI_cpu.u_eJ_irq_sync.master_gen.u_ext_irq_sync.sync_gen[K].i_is_not_L.sync_dffr.qout_r	cmt_dpc_ena	u_e203_cpu.u_e203_irq_sync.master_gen.u_ext_irq_sync.sync_gen[1].i_is_not_0.sync_dffr.qout_r$_DFF_PN0_/Q	cmt_dpc_ena
669	-0.3188	u_eI_cpu.u_eJ_core.u_eK_ifu.u_eL_ifu_ifetch.ifu_lo_ir_dfflr.qout_r[M]	u_eI_cpu.u_eJ_itcm_ctrl.u_itcm_icb_arbt.arbt_num_gt_K_gen.dp_L.u_sirv_gnrl_rspid_fifo.dp_gt_M.dat_dfflr.qout_r	u_e203_cpu.u_e203_core.u_e203_ifu.u_e203_ifu_ifetch.ifu_lo_ir_dfflr.qout_r[6]$_DFFE_PN0P_/Q	u_e203_cpu.u_e203_itcm_ctrl.u_itcm_icb_arbt.arbt_num_gt_1_gen.dp_1.u_sirv_gnrl_rspid_fifo.dp_gt_0.dat_dfflr.qout_r$_DFFE_PP_/D
670	-0.3176	u_eI_cpu.u_eJ_core.u_eK_ifu.u_eL_ifu_ifetch.ir_rsMidx_dfflr.qout_r[N]	u_eI_cpu.u_eJ_itcm_ctrl.u_sram_icb_ctrl.u_sirv_Kcyc_sram_ctrl.u_eL_stage.dp_gt_M.dat_dfflr.qout_r[N]	u_e203_cpu.u_e203_core.u_e203_ifu.u_e203_ifu_ifetch.ir_rs2idx_dfflr.qout_r[4]$_DFFE_PN0P_/Q	u_e203_cpu.u_e203_itcm_ctrl.u_sram_icb_ctrl.u_sirv_1cyc_sram_ctrl.u_e1_stage.dp_gt_0.dat_dfflr.qout_r[1]$_DFFE_PP_/D
671	-0.3168	u_eI_cpu.u_eJ_core.u_eK_biu.u_sirv_gnrl_icb_buffer.u_sirv_gnrl_rsp_fifo.dp_gtL.fifo_rf[M].fifo_rf_dffl.qout_r[N]	cmt_dpc_ena	u_e203_cpu.u_e203_core.u_e203_biu.u_sirv_gnrl_icb_buffer.u_sirv_gnrl_rsp_fifo.dp_gt0.fifo_rf[0].fifo_rf_dffl.qout_r[34]$_DFFE_PP_/Q	cmt_dpc_ena
672	-0.3155	u_eI_cpu.u_eJ_core.u_eK_biu.u_biu_icb_arbt.arbt_num_gt_L_gen.dp_M.u_sirv_gnrl_rspid_fifo.dp_gt_N.vld_dfflr.qout_r	cmt_dcause[I]	u_e203_cpu.u_e203_core.u_e203_biu.u_biu_icb_arbt.arbt_num_gt_1_gen.dp_1.u_sirv_gnrl_rspid_fifo.dp_gt_0.vld_dfflr.qout_r$_DFFE_PN0P_/Q	cmt_dcause[1]
673	-0.3154	u_eI_cpu.u_eJ_core.u_eK_ifu.u_eL_ifu_ifetch.ir_rsMidx_dfflr.qout_r[N]	u_eI_cpu.u_eJ_core.u_eK_exu.u_eL_exu_csr.minstreth_dfflr.qout_r[M]	u_e203_cpu.u_e203_core.u_e203_ifu.u_e203_ifu_ifetch.ir_rs2idx_dfflr.qout_r[4]$_DFFE_PN0P_/Q	u_e203_cpu.u_e203_core.u_e203_exu.u_e203_exu_csr.minstreth_dfflr.qout_r[30]$_DFFE_PN0P_/D
674	-0.3151	dbg_halt_r	u_eI_cpu.u_eJ_core.u_eK_exu.u_eL_exu_csr.itcmnohold_dfflr.qout_r[M]	dbg_halt_r	u_e203_cpu.u_e203_core.u_e203_exu.u_e203_exu_csr.itcmnohold_dfflr.qout_r[0]$_DFFE_PN0P_/D
675	-0.3148	u_eI_cpu.u_eJ_itcm_ctrl.u_sram_icb_ctrl.u_sirv_Kcyc_sram_ctrl.u_eL_stage.dp_gt_M.vld_dfflr.qout_r	cmt_dpc_ena	u_e203_cpu.u_e203_itcm_ctrl.u_sram_icb_ctrl.u_sirv_1cyc_sram_ctrl.u_e1_stage.dp_gt_0.vld_dfflr.qout_r$_DFFE_PN0P_/Q	cmt_dpc_ena
676	-0.3125	u_eI_cpu.u_eJ_itcm_ctrl.u_sram_icb_ctrl.u_sirv_Kcyc_sram_ctrl.u_eL_stage.dp_gt_M.dat_dfflr.qout_r[N]	cmt_dcause[I]	u_e203_cpu.u_e203_itcm_ctrl.u_sram_icb_ctrl.u_sirv_1cyc_sram_ctrl.u_e1_stage.dp_gt_0.dat_dfflr.qout_r[1]$_DFFE_PP_/QN	cmt_dcause[1]
677	-0.3084	u_eI_cpu.u_eJ_core.u_eK_exu.u_eL_exu_alu.u_eM_exu_alu_dpath.sbf_N_dffl.qout_r[O]	cmt_dcause_ena	u_e203_cpu.u_e203_core.u_e203_exu.u_e203_exu_alu.u_e203_exu_alu_dpath.sbf_1_dffl.qout_r[0]$_DFFE_PP_/Q	cmt_dcause_ena
678	-0.3084	dbg_halt_r	u_eI_cpu.u_eJ_nice_core.lbuf_cnt_dfflr.qout_r[K]	dbg_halt_r	u_e203_cpu.u_e203_nice_core.lbuf_cnt_dfflr.qout_r[0]$_DFFE_PN0P_/D
679	-0.3063	dbg_step_r	u_eI_cpu.u_eJ_core.u_eK_exu.u_eL_exu_commit.u_eM_exu_excp.step_req_dfflr.qout_r	dbg_step_r	u_e203_cpu.u_e203_core.u_e203_exu.u_e203_exu_commit.u_e203_exu_excp.step_req_dfflr.qout_r$_DFFE_PN0P_/D
680	-0.3059	u_eI_cpu.u_eJ_core.u_eK_ifu.u_eL_ifu_ifetch.ifu_lo_ir_dfflr.qout_r[M]	u_eI_cpu.u_eJ_core.u_eK_lsu.u_eL_lsu_ctrl.u_eM_lsu_splt_stage.dp_gt_N.dat_dfflr.qout_r[O]	u_e203_cpu.u_e203_core.u_e203_ifu.u_e203_ifu_ifetch.ifu_lo_ir_dfflr.qout_r[6]$_DFFE_PN0P_/Q	u_e203_cpu.u_e203_core.u_e203_lsu.u_e203_lsu_ctrl.u_e203_lsu_splt_stage.dp_gt_0.dat_dfflr.qout_r[39]$_DFFE_PP_/D
681	-0.3054	dbg_step_r	u_eI_cpu.u_eJ_core.u_eK_exu.u_eL_exu_commit.u_eM_exu_excp.wfi_halt_req_dfflr.qout_r	dbg_step_r	u_e203_cpu.u_e203_core.u_e203_exu.u_e203_exu_commit.u_e203_exu_excp.wfi_halt_req_dfflr.qout_r$_DFFE_PN0P_/D
682	-0.3051	u_eI_cpu.u_eJ_core.u_eK_ifu.u_eL_ifu_ifetch.ir_rsMidx_dfflr.qout_r[N]	u_eI_cpu.u_eJ_core.u_eK_ifu.u_eL_ifu_iftMicb.u_eN_ifetch_rsp_bypbuf.u_bypbuf_fifo.dp_gtO.vec_P_dfflr.qout_r	u_e203_cpu.u_e203_core.u_e203_ifu.u_e203_ifu_ifetch.ir_rs2idx_dfflr.qout_r[4]$_DFFE_PN0P_/Q	u_e203_cpu.u_e203_core.u_e203_ifu.u_e203_ifu_ift2icb.u_e203_ifetch_rsp_bypbuf.u_bypbuf_fifo.dp_gt0.vec_31_dfflr.qout_r$_DFFE_PN0P_/D
683	-0.3045	dbg_step_r	u_eI_cpu.u_eJ_clk_ctrl.u_ifu_clkgate.enb	dbg_step_r	u_e203_cpu.u_e203_clk_ctrl.u_ifu_clkgate.enb$_DLATCH_N_/D
684	-0.3029	u_eI_cpu.u_eJ_core.u_eK_ifu.u_eL_ifu_ifetch.ifu_lo_ir_dfflr.qout_r[M]	u_eI_cpu.u_eJ_dtcm_ctrl.u_sram_icb_ctrl.u_byp_icb_cmd_buf.u_bypbuf_fifo.dp_gtK.vec_L_dfflr.qout_r	u_e203_cpu.u_e203_core.u_e203_ifu.u_e203_ifu_ifetch.ifu_lo_ir_dfflr.qout_r[6]$_DFFE_PN0P_/Q	u_e203_cpu.u_e203_dtcm_ctrl.u_sram_icb_ctrl.u_byp_icb_cmd_buf.u_bypbuf_fifo.dp_gt0.vec_31_dfflr.qout_r$_DFFE_PN0P_/D
685	-0.3024	u_eI_cpu.u_eJ_core.u_eK_ifu.u_eL_ifu_ifetch.ifu_hi_ir_dfflr.qout_r[M]	u_eI_cpu.u_eJ_itcm_ctrl.u_itcm_icb_extKitcm_nLw.fifo_dp_M.u_sirv_gnrl_nNw_fifo.dp_gt_O.vld_dfflr.qout_r	u_e203_cpu.u_e203_core.u_e203_ifu.u_e203_ifu_ifetch.ifu_hi_ir_dfflr.qout_r[15]$_DFFE_PN0P_/Q	u_e203_cpu.u_e203_itcm_ctrl.u_itcm_icb_ext2itcm_n2w.fifo_dp_1.u_sirv_gnrl_n2w_fifo.dp_gt_0.vld_dfflr.qout_r$_DFFE_PN0P_/D
686	-0.3022	u_eI_cpu.u_eJ_irq_sync.master_gen.u_dbg_irq_sync.sync_gen[K].i_is_not_L.sync_dffr.qout_r	cmt_dcause[I]	u_e203_cpu.u_e203_irq_sync.master_gen.u_dbg_irq_sync.sync_gen[1].i_is_not_0.sync_dffr.qout_r$_DFF_PN0_/Q	cmt_dcause[1]
687	-0.3012	u_eI_cpu.u_eJ_core.u_eK_ifu.u_eL_ifu_ifetch.ifu_hi_ir_dfflr.qout_r[M]	u_eI_cpu.u_eJ_itcm_ctrl.u_itcm_icb_arbt.arbt_num_gt_K_gen.dp_L.u_sirv_gnrl_rspid_fifo.dp_gt_M.dat_dfflr.qout_r	u_e203_cpu.u_e203_core.u_e203_ifu.u_e203_ifu_ifetch.ifu_hi_ir_dfflr.qout_r[15]$_DFFE_PN0P_/Q	u_e203_cpu.u_e203_itcm_ctrl.u_itcm_icb_arbt.arbt_num_gt_1_gen.dp_1.u_sirv_gnrl_rspid_fifo.dp_gt_0.dat_dfflr.qout_r$_DFFE_PP_/D
688	-0.3004	u_eI_cpu.u_eJ_core.u_eK_lsu.u_eL_lsu_ctrl.u_lsu_icb_arbt.arbt_num_gt_M_gen.dp_N.u_sirv_gnrl_rspid_fifo.dp_gt_O.vld_dfflr.qout_r	cmt_dpc_ena	u_e203_cpu.u_e203_core.u_e203_lsu.u_e203_lsu_ctrl.u_lsu_icb_arbt.arbt_num_gt_1_gen.dp_1.u_sirv_gnrl_rspid_fifo.dp_gt_0.vld_dfflr.qout_r$_DFFE_PN0P_/Q	cmt_dpc_ena
689	-0.3004	u_eI_cpu.u_eJ_core.u_eK_ifu.u_eL_ifu_ifetch.ir_muldiv_bMb_dfflr.qout_r	cmt_dcause_ena	u_e203_cpu.u_e203_core.u_e203_ifu.u_e203_ifu_ifetch.ir_muldiv_b2b_dfflr.qout_r$_DFFE_PN0P_/Q	cmt_dcause_ena
690	-0.2994	u_eI_cpu.u_eJ_core.u_eK_biu.u_sirv_gnrl_icb_buffer.u_sirv_gnrl_rsp_fifo.dp_gtL.vec_M_dfflr.qout_r	cmt_dcause[I]	u_e203_cpu.u_e203_core.u_e203_biu.u_sirv_gnrl_icb_buffer.u_sirv_gnrl_rsp_fifo.dp_gt0.vec_31_dfflr.qout_r$_DFFE_PN0P_/Q	cmt_dcause[1]
691	-0.2979	u_eI_cpu.u_eJ_core.u_eK_ifu.u_eL_ifu_ifetch.ifu_lo_ir_dfflr.qout_r[M]	u_eI_cpu.u_eJ_core.u_eK_exu.u_eL_exu_alu.u_eM_exu_alu_muldiv.part_remd_sftN_dfflr.qout_r	u_e203_cpu.u_e203_core.u_e203_ifu.u_e203_ifu_ifetch.ifu_lo_ir_dfflr.qout_r[6]$_DFFE_PN0P_/Q	u_e203_cpu.u_e203_core.u_e203_exu.u_e203_exu_alu.u_e203_exu_alu_muldiv.part_remd_sft1_dfflr.qout_r$_DFFE_PN0P_/D
692	-0.2972	u_eI_cpu.u_eJ_core.u_eK_ifu.u_eL_ifu_ifetch.ifu_lo_ir_dfflr.qout_r[M]	u_eI_cpu.u_eJ_core.u_eK_exu.u_eL_exu_alu.u_eM_exu_alu_lsuagu.icb_state_dfflr.qout_r[N]	u_e203_cpu.u_e203_core.u_e203_ifu.u_e203_ifu_ifetch.ifu_lo_ir_dfflr.qout_r[6]$_DFFE_PN0P_/Q	u_e203_cpu.u_e203_core.u_e203_exu.u_e203_exu_alu.u_e203_exu_alu_lsuagu.icb_state_dfflr.qout_r[0]$_DFFE_PN0P_/D
693	-0.2964	u_eI_cpu.u_eJ_core.u_eK_exu.u_eL_exu_alu.u_eM_exu_alu_muldiv.muldiv_state_dfflr.qout_r[N]	cmt_dpc_ena	u_e203_cpu.u_e203_core.u_e203_exu.u_e203_exu_alu.u_e203_exu_alu_muldiv.muldiv_state_dfflr.qout_r[1]$_DFFE_PN0P_/Q	cmt_dpc_ena
694	-0.2950	u_eI_cpu.u_eJ_core.u_eK_exu.u_eL_exu_commit.u_eM_exu_excp.step_req_dfflr.qout_r	cmt_dcause[I]	u_e203_cpu.u_e203_core.u_e203_exu.u_e203_exu_commit.u_e203_exu_excp.step_req_dfflr.qout_r$_DFFE_PN0P_/Q	cmt_dcause[1]
695	-0.2948	dbg_step_r	u_eI_cpu.u_eJ_nice_core.state_dfflr.qout_r[K]	dbg_step_r	u_e203_cpu.u_e203_nice_core.state_dfflr.qout_r[1]$_DFFE_PN0P_/D
696	-0.2924	u_eI_cpu.u_eJ_itcm_ctrl.u_itcm_icb_arbt.arbt_num_gt_K_gen.dp_L.u_sirv_gnrl_rspid_fifo.dp_gt_M.dat_dfflr.qout_r	core_wfi	u_e203_cpu.u_e203_itcm_ctrl.u_itcm_icb_arbt.arbt_num_gt_1_gen.dp_1.u_sirv_gnrl_rspid_fifo.dp_gt_0.dat_dfflr.qout_r$_DFFE_PP_/Q	core_wfi
697	-0.2904	u_eI_cpu.u_eJ_core.u_eK_lsu.u_eL_lsu_ctrl.u_lsu_icb_arbt.arbt_num_gt_M_gen.dp_N.u_sirv_gnrl_rspid_fifo.dp_gt_O.dat_dfflr.qout_r	core_wfi	u_e203_cpu.u_e203_core.u_e203_lsu.u_e203_lsu_ctrl.u_lsu_icb_arbt.arbt_num_gt_1_gen.dp_1.u_sirv_gnrl_rspid_fifo.dp_gt_0.dat_dfflr.qout_r$_DFFE_PP_/Q	core_wfi
698	-0.2896	u_eI_cpu.u_eJ_dtcm_ctrl.u_dtcm_icb_arbt.arbt_num_gt_K_gen.dp_L.u_sirv_gnrl_rspid_fifo.dp_gt_M.vld_dfflr.qout_r	cmt_dpc_ena	u_e203_cpu.u_e203_dtcm_ctrl.u_dtcm_icb_arbt.arbt_num_gt_1_gen.dp_1.u_sirv_gnrl_rspid_fifo.dp_gt_0.vld_dfflr.qout_r$_DFFE_PN0P_/Q	cmt_dpc_ena
699	-0.2888	u_eI_cpu.u_eJ_dtcm_ctrl.u_sram_icb_ctrl.u_sirv_Kcyc_sram_ctrl.u_eL_stage.dp_gt_M.vld_dfflr.qout_r	cmt_dpc_ena	u_e203_cpu.u_e203_dtcm_ctrl.u_sram_icb_ctrl.u_sirv_1cyc_sram_ctrl.u_e1_stage.dp_gt_0.vld_dfflr.qout_r$_DFFE_PN0P_/Q	cmt_dpc_ena
700	-0.2883	dbg_halt_r	u_eI_cpu.u_eJ_clk_ctrl.u_ifu_clkgate.enb	dbg_halt_r	u_e203_cpu.u_e203_clk_ctrl.u_ifu_clkgate.enb$_DLATCH_N_/D
701	-0.2883	u_eI_cpu.u_eJ_core.u_eK_ifu.u_eL_ifu_ifetch.ifu_hi_ir_dfflr.qout_r[M]	u_eI_cpu.u_eJ_core.u_eK_lsu.u_eL_lsu_ctrl.u_eM_lsu_splt_stage.dp_gt_N.dat_dfflr.qout_r[O]	u_e203_cpu.u_e203_core.u_e203_ifu.u_e203_ifu_ifetch.ifu_hi_ir_dfflr.qout_r[15]$_DFFE_PN0P_/Q	u_e203_cpu.u_e203_core.u_e203_lsu.u_e203_lsu_ctrl.u_e203_lsu_splt_stage.dp_gt_0.dat_dfflr.qout_r[39]$_DFFE_PP_/D
702	-0.2880	dbg_halt_r	u_eI_cpu.u_eJ_core.u_eK_exu.u_eL_exu_commit.u_eM_exu_excp.step_req_dfflr.qout_r	dbg_halt_r	u_e203_cpu.u_e203_core.u_e203_exu.u_e203_exu_commit.u_e203_exu_excp.step_req_dfflr.qout_r$_DFFE_PN0P_/D
703	-0.2875	u_eI_cpu.u_eJ_itcm_ctrl.u_itcm_icb_arbt.arbt_num_gt_K_gen.dp_L.u_sirv_gnrl_rspid_fifo.dp_gt_M.vld_dfflr.qout_r	cmt_dpc_ena	u_e203_cpu.u_e203_itcm_ctrl.u_itcm_icb_arbt.arbt_num_gt_1_gen.dp_1.u_sirv_gnrl_rspid_fifo.dp_gt_0.vld_dfflr.qout_r$_DFFE_PN0P_/Q	cmt_dpc_ena
704	-0.2871	dbg_halt_r	u_eI_cpu.u_eJ_core.u_eK_exu.u_eL_exu_commit.u_eM_exu_excp.wfi_halt_req_dfflr.qout_r	dbg_halt_r	u_e203_cpu.u_e203_core.u_e203_exu.u_e203_exu_commit.u_e203_exu_excp.wfi_halt_req_dfflr.qout_r$_DFFE_PN0P_/D
705	-0.2866	u_eI_cpu.u_eJ_core.u_eK_lsu.u_eL_lsu_ctrl.u_eM_lsu_splt_stage.dp_gt_N.dat_dfflr.qout_r[O]	cmt_dpc_ena	u_e203_cpu.u_e203_core.u_e203_lsu.u_e203_lsu_ctrl.u_e203_lsu_splt_stage.dp_gt_0.dat_dfflr.qout_r[33]$_DFFE_PP_/Q	cmt_dpc_ena
706	-0.2860	u_eI_cpu.u_eJ_core.u_eK_ifu.u_eL_ifu_ifetch.ir_rsMidx_dfflr.qout_r[N]	u_eI_cpu.u_eJ_dtcm_ctrl.u_sram_icb_ctrl.u_byp_icb_cmd_buf.u_bypbuf_fifo.dp_gtK.vec_L_dfflrs.qout_r	u_e203_cpu.u_e203_core.u_e203_ifu.u_e203_ifu_ifetch.ir_rs2idx_dfflr.qout_r[4]$_DFFE_PN0P_/Q	u_e203_cpu.u_e203_dtcm_ctrl.u_sram_icb_ctrl.u_byp_icb_cmd_buf.u_bypbuf_fifo.dp_gt0.vec_0_dfflrs.qout_r$_DFFE_PN1P_/D
707	-0.2853	u_eI_cpu.u_eJ_core.u_eK_ifu.u_eL_ifu_ifetch.ifu_hi_ir_dfflr.qout_r[M]	u_eI_cpu.u_eJ_dtcm_ctrl.u_sram_icb_ctrl.u_byp_icb_cmd_buf.u_bypbuf_fifo.dp_gtK.vec_L_dfflr.qout_r	u_e203_cpu.u_e203_core.u_e203_ifu.u_e203_ifu_ifetch.ifu_hi_ir_dfflr.qout_r[15]$_DFFE_PN0P_/Q	u_e203_cpu.u_e203_dtcm_ctrl.u_sram_icb_ctrl.u_byp_icb_cmd_buf.u_bypbuf_fifo.dp_gt0.vec_31_dfflr.qout_r$_DFFE_PN0P_/D
708	-0.2843	u_eI_cpu.u_eJ_core.u_eK_exu.u_eL_exu_csr.status_mie_dfflr.qout_r	core_wfi	u_e203_cpu.u_e203_core.u_e203_exu.u_e203_exu_csr.status_mie_dfflr.qout_r$_DFFE_PN0P_/QN	core_wfi
709	-0.2830	u_eI_cpu.u_eJ_core.u_eK_ifu.u_eL_ifu_ifetch.ifu_prdt_taken_dfflr.qout_r	cmt_dcause[I]	u_e203_cpu.u_e203_core.u_e203_ifu.u_e203_ifu_ifetch.ifu_prdt_taken_dfflr.qout_r$_DFFE_PN0P_/Q	cmt_dcause[1]
710	-0.2827	extIitcm_icb_rsp_ready	cmt_dcause_ena	ext2itcm_icb_rsp_ready	cmt_dcause_ena
711	-0.2820	u_eI_cpu.u_eJ_core.u_eK_ifu.u_eL_ifu_ifetch.ifu_pc_dfflr.qout_r[M]	extIdtcm_icb_cmd_ready	u_e203_cpu.u_e203_core.u_e203_ifu.u_e203_ifu_ifetch.ifu_pc_dfflr.qout_r[11]$_DFFE_PN0P_/Q	ext2dtcm_icb_cmd_ready
712	-0.2818	u_eI_cpu.u_eJ_core.u_eK_biu.u_biu_icb_arbt.arbt_num_gt_L_gen.dp_M.u_sirv_gnrl_rspid_fifo.dp_gt_N.dat_dfflr.qout_r	cmt_dcause[I]	u_e203_cpu.u_e203_core.u_e203_biu.u_biu_icb_arbt.arbt_num_gt_1_gen.dp_1.u_sirv_gnrl_rspid_fifo.dp_gt_0.dat_dfflr.qout_r$_DFFE_PP_/Q	cmt_dcause[1]
713	-0.2814	u_eI_cpu.u_eJ_core.u_eK_ifu.u_eL_ifu_ifetch.ifu_lo_ir_dfflr.qout_r[M]	u_eI_cpu.u_eJ_core.u_eK_lsu.u_eL_lsu_ctrl.excl_flg_dffl.qout_r	u_e203_cpu.u_e203_core.u_e203_ifu.u_e203_ifu_ifetch.ifu_lo_ir_dfflr.qout_r[6]$_DFFE_PN0P_/Q	u_e203_cpu.u_e203_core.u_e203_lsu.u_e203_lsu_ctrl.excl_flg_dffl.qout_r$_DFFE_PN0P_/D
714	-0.2813	u_eI_cpu.u_eJ_dtcm_ctrl.u_dtcm_icb_arbt.arbt_num_gt_K_gen.dp_L.u_sirv_gnrl_rspid_fifo.dp_gt_M.dat_dfflr.qout_r	cmt_dpc_ena	u_e203_cpu.u_e203_dtcm_ctrl.u_dtcm_icb_arbt.arbt_num_gt_1_gen.dp_1.u_sirv_gnrl_rspid_fifo.dp_gt_0.dat_dfflr.qout_r$_DFFE_PP_/Q	cmt_dpc_ena
715	-0.2810	u_eI_cpu.u_eJ_core.u_eK_biu.u_biu_icb_arbt.arbt_num_gt_L_gen.dp_M.u_sirv_gnrl_rspid_fifo.dp_gt_N.vld_dfflr.qout_r	core_wfi	u_e203_cpu.u_e203_core.u_e203_biu.u_biu_icb_arbt.arbt_num_gt_1_gen.dp_1.u_sirv_gnrl_rspid_fifo.dp_gt_0.vld_dfflr.qout_r$_DFFE_PN0P_/Q	core_wfi
716	-0.2803	u_eI_cpu.u_eJ_core.u_eK_ifu.u_eL_ifu_ifetch.ifu_hi_ir_dfflr.qout_r[M]	u_eI_cpu.u_eJ_core.u_eK_exu.u_eL_exu_alu.u_eM_exu_alu_muldiv.part_remd_sftN_dfflr.qout_r	u_e203_cpu.u_e203_core.u_e203_ifu.u_e203_ifu_ifetch.ifu_hi_ir_dfflr.qout_r[15]$_DFFE_PN0P_/Q	u_e203_cpu.u_e203_core.u_e203_exu.u_e203_exu_alu.u_e203_exu_alu_muldiv.part_remd_sft1_dfflr.qout_r$_DFFE_PN0P_/D
717	-0.2803	u_eI_cpu.u_eJ_core.u_eK_ifu.u_eL_ifu_ifetch.ifu_lo_ir_dfflr.qout_r[M]	u_eI_cpu.u_eJ_core.u_eK_ifu.u_eL_ifu_ifetch.ifu_pc_dfflr.qout_r[M]	u_e203_cpu.u_e203_core.u_e203_ifu.u_e203_ifu_ifetch.ifu_lo_ir_dfflr.qout_r[6]$_DFFE_PN0P_/Q	u_e203_cpu.u_e203_core.u_e203_ifu.u_e203_ifu_ifetch.ifu_pc_dfflr.qout_r[10]$_DFFE_PN0P_/D
718	-0.2796	u_eI_cpu.u_eJ_core.u_eK_ifu.u_eL_ifu_ifetch.ifu_hi_ir_dfflr.qout_r[M]	u_eI_cpu.u_eJ_core.u_eK_exu.u_eL_exu_alu.u_eM_exu_alu_lsuagu.icb_state_dfflr.qout_r[N]	u_e203_cpu.u_e203_core.u_e203_ifu.u_e203_ifu_ifetch.ifu_hi_ir_dfflr.qout_r[15]$_DFFE_PN0P_/Q	u_e203_cpu.u_e203_core.u_e203_exu.u_e203_exu_alu.u_e203_exu_alu_lsuagu.icb_state_dfflr.qout_r[0]$_DFFE_PN0P_/D
719	-0.2781	u_eI_cpu.u_eJ_core.u_eK_ifu.u_eL_ifu_ifetch.ir_rsMidx_dfflr.qout_r[N]	u_eI_cpu.u_eJ_itcm_ctrl.u_itcm_icb_extKitcm_nLw.fifo_dp_M.u_sirv_gnrl_nNw_fifo.dp_gt_O.dat_dfflr.qout_r	u_e203_cpu.u_e203_core.u_e203_ifu.u_e203_ifu_ifetch.ir_rs2idx_dfflr.qout_r[4]$_DFFE_PN0P_/Q	u_e203_cpu.u_e203_itcm_ctrl.u_itcm_icb_ext2itcm_n2w.fifo_dp_1.u_sirv_gnrl_n2w_fifo.dp_gt_0.dat_dfflr.qout_r$_DFFE_PP_/D
720	-0.2779	u_eI_cpu.u_eJ_itcm_ctrl.u_sram_icb_ctrl.u_sirv_Kcyc_sram_ctrl.u_eL_stage.dp_gt_M.dat_dfflr.qout_r[N]	core_wfi	u_e203_cpu.u_e203_itcm_ctrl.u_sram_icb_ctrl.u_sirv_1cyc_sram_ctrl.u_e1_stage.dp_gt_0.dat_dfflr.qout_r[1]$_DFFE_PP_/QN	core_wfi
721	-0.2778	u_eI_cpu.u_eJ_core.u_eK_ifu.u_eL_ifu_ifetch.ifu_err_dfflr.qout_r	u_eI_cpu.u_eJ_core.u_eK_biu.u_sirv_gnrl_icb_buffer.u_sirv_gnrl_cmd_fifo.dp_gtL.fifo_rf[M].fifo_rf_dffl.qout_r[N]	u_e203_cpu.u_e203_core.u_e203_ifu.u_e203_ifu_ifetch.ifu_err_dfflr.qout_r$_DFFE_PN0P_/Q	u_e203_cpu.u_e203_core.u_e203_biu.u_sirv_gnrl_icb_buffer.u_sirv_gnrl_cmd_fifo.dp_gt0.fifo_rf[0].fifo_rf_dffl.qout_r[73]$_DFFE_PP_/D
722	-0.2775	u_eI_cpu.u_eJ_core.u_eK_ifu.u_eL_ifu_ifetch.ifu_err_dfflr.qout_r	u_eI_cpu.u_eJ_itcm_ctrl.u_sram_icb_ctrl.u_byp_icb_cmd_buf.u_bypbuf_fifo.dp_gtK.vec_L_dfflrs.qout_r	u_e203_cpu.u_e203_core.u_e203_ifu.u_e203_ifu_ifetch.ifu_err_dfflr.qout_r$_DFFE_PN0P_/Q	u_e203_cpu.u_e203_itcm_ctrl.u_sram_icb_ctrl.u_byp_icb_cmd_buf.u_bypbuf_fifo.dp_gt0.vec_0_dfflrs.qout_r$_DFFE_PN1P_/D
723	-0.2764	dbg_halt_r	u_eI_cpu.u_eJ_nice_core.state_dfflr.qout_r[K]	dbg_halt_r	u_e203_cpu.u_e203_nice_core.state_dfflr.qout_r[1]$_DFFE_PN0P_/D
724	-0.2764	u_eI_cpu.u_eJ_core.u_eK_ifu.u_eL_ifu_ifetch.ir_rsMidx_dfflr.qout_r[N]	u_eI_cpu.u_eJ_core.u_eK_exu.u_eL_exu_alu.u_eM_exu_alu_dpath.sbf_N_dffl.qout_r[O]	u_e203_cpu.u_e203_core.u_e203_ifu.u_e203_ifu_ifetch.ir_rs2idx_dfflr.qout_r[4]$_DFFE_PN0P_/Q	u_e203_cpu.u_e203_core.u_e203_exu.u_e203_exu_alu.u_e203_exu_alu_dpath.sbf_1_dffl.qout_r[32]$_SDFFCE_PN0P_/D
725	-0.2741	u_eI_cpu.u_eJ_core.u_eK_ifu.u_eL_ifu_ifetch.ifu_prdt_taken_dfflr.qout_r	core_wfi	u_e203_cpu.u_e203_core.u_e203_ifu.u_e203_ifu_ifetch.ifu_prdt_taken_dfflr.qout_r$_DFFE_PN0P_/Q	core_wfi
726	-0.2714	u_eI_cpu.u_eJ_core.u_eK_exu.u_eL_exu_alu.u_eM_exu_alu_dpath.sbf_N_dffl.qout_r[O]	cmt_dcause[I]	u_e203_cpu.u_e203_core.u_e203_exu.u_e203_exu_alu.u_e203_exu_alu_dpath.sbf_0_dffl.qout_r[32]$_SDFFCE_PN0P_/Q	cmt_dcause[1]
727	-0.2698	u_eI_cpu.u_eJ_irq_sync.master_gen.u_dbg_irq_sync.sync_gen[K].i_is_not_L.sync_dffr.qout_r	core_wfi	u_e203_cpu.u_e203_irq_sync.master_gen.u_dbg_irq_sync.sync_gen[1].i_is_not_0.sync_dffr.qout_r$_DFF_PN0_/Q	core_wfi
728	-0.2693	u_eI_cpu.u_eJ_core.u_eK_ifu.u_eL_ifu_ifetch.ifu_err_dfflr.qout_r	u_eI_cpu.u_eJ_core.u_eK_ifu.u_eL_ifu_ifetch.ifu_hi_ir_dfflr.qout_r[M]	u_e203_cpu.u_e203_core.u_e203_ifu.u_e203_ifu_ifetch.ifu_err_dfflr.qout_r$_DFFE_PN0P_/Q	u_e203_cpu.u_e203_core.u_e203_ifu.u_e203_ifu_ifetch.ifu_hi_ir_dfflr.qout_r[10]$_DFFE_PN0P_/D
729	-0.2687	u_eI_cpu.u_eJ_core.u_eK_exu.u_eL_exu_alu.u_eM_exu_alu_muldiv.exec_cnt_dfflr.qout_r[N]	cmt_dpc_ena	u_e203_cpu.u_e203_core.u_e203_exu.u_e203_exu_alu.u_e203_exu_alu_muldiv.exec_cnt_dfflr.qout_r[2]$_DFFE_PN0P_/Q	cmt_dpc_ena
730	-0.2686	u_eI_cpu.u_eJ_core.u_eK_ifu.u_eL_ifu_ifetch.ifu_lo_ir_dfflr.qout_r[M]	u_eI_cpu.u_eJ_core.u_eK_ifu.u_eL_ifu_ifetch.ir_pc_vld_dfflr.qout_r	u_e203_cpu.u_e203_core.u_e203_ifu.u_e203_ifu_ifetch.ifu_lo_ir_dfflr.qout_r[6]$_DFFE_PN0P_/Q	u_e203_cpu.u_e203_core.u_e203_ifu.u_e203_ifu_ifetch.ir_pc_vld_dfflr.qout_r$_DFFE_PN0P_/D
731	-0.2664	u_eI_cpu.u_eJ_core.u_eK_ifu.u_eL_ifu_ifetch.ifu_err_dfflr.qout_r	u_eI_cpu.u_eJ_clk_ctrl.u_itcm_clkgate.enb	u_e203_cpu.u_e203_core.u_e203_ifu.u_e203_ifu_ifetch.ifu_err_dfflr.qout_r$_DFFE_PN0P_/Q	u_e203_cpu.u_e203_clk_ctrl.u_itcm_clkgate.enb$_DLATCH_N_/D
732	-0.2649	u_eI_cpu.u_eJ_core.u_eK_biu.u_sirv_gnrl_icb_buffer.u_sirv_gnrl_rsp_fifo.dp_gtL.vec_M_dfflr.qout_r	core_wfi	u_e203_cpu.u_e203_core.u_e203_biu.u_sirv_gnrl_icb_buffer.u_sirv_gnrl_rsp_fifo.dp_gt0.vec_31_dfflr.qout_r$_DFFE_PN0P_/Q	core_wfi
733	-0.2641	u_eI_cpu.u_eJ_core.u_eK_ifu.u_eL_ifu_ifetch.ifu_lo_ir_dfflr.qout_r[M]	u_eI_cpu.u_eJ_core.u_eK_lsu.u_eL_lsu_ctrl.excl_addr_dffl.qout_r[M]	u_e203_cpu.u_e203_core.u_e203_ifu.u_e203_ifu_ifetch.ifu_lo_ir_dfflr.qout_r[6]$_DFFE_PN0P_/Q	u_e203_cpu.u_e203_core.u_e203_lsu.u_e203_lsu_ctrl.excl_addr_dffl.qout_r[10]$_DFFE_PN0P_/D
734	-0.2638	u_eI_cpu.u_eJ_core.u_eK_ifu.u_eL_ifu_ifetch.ifu_err_dfflr.qout_r	u_eI_cpu.u_eJ_itcm_ctrl.u_sram_icb_ctrl.u_byp_icb_cmd_buf.u_bypbuf_fifo.dp_gtK.fifo_rf[L].fifo_rf_dffl.qout_r[M]	u_e203_cpu.u_e203_core.u_e203_ifu.u_e203_ifu_ifetch.ifu_err_dfflr.qout_r$_DFFE_PN0P_/Q	u_e203_cpu.u_e203_itcm_ctrl.u_sram_icb_ctrl.u_byp_icb_cmd_buf.u_bypbuf_fifo.dp_gt0.fifo_rf[0].fifo_rf_dffl.qout_r[42]$_DFFE_PP_/D
735	-0.2638	u_eI_cpu.u_eJ_core.u_eK_ifu.u_eL_ifu_ifetch.ifu_hi_ir_dfflr.qout_r[M]	u_eI_cpu.u_eJ_core.u_eK_lsu.u_eL_lsu_ctrl.excl_flg_dffl.qout_r	u_e203_cpu.u_e203_core.u_e203_ifu.u_e203_ifu_ifetch.ifu_hi_ir_dfflr.qout_r[15]$_DFFE_PN0P_/Q	u_e203_cpu.u_e203_core.u_e203_lsu.u_e203_lsu_ctrl.excl_flg_dffl.qout_r$_DFFE_PN0P_/D
736	-0.2632	u_eI_cpu.u_eJ_core.u_eK_ifu.u_eL_ifu_ifetch.ifu_err_dfflr.qout_r	u_eI_cpu.u_eJ_core.u_eK_biu.u_sirv_gnrl_icb_buffer.outs_cnt_dfflr.qout_r	u_e203_cpu.u_e203_core.u_e203_ifu.u_e203_ifu_ifetch.ifu_err_dfflr.qout_r$_DFFE_PN0P_/Q	u_e203_cpu.u_e203_core.u_e203_biu.u_sirv_gnrl_icb_buffer.outs_cnt_dfflr.qout_r$_DFFE_PN0P_/D
737	-0.2628	u_eI_cpu.u_eJ_core.u_eK_ifu.u_eL_ifu_ifetch.ifu_err_dfflr.qout_r	u_eI_cpu.u_eJ_core.u_eK_ifu.u_eL_ifu_iftMicb.leftover_dffl.qout_r[N]	u_e203_cpu.u_e203_core.u_e203_ifu.u_e203_ifu_ifetch.ifu_err_dfflr.qout_r$_DFFE_PN0P_/Q	u_e203_cpu.u_e203_core.u_e203_ifu.u_e203_ifu_ift2icb.leftover_dffl.qout_r[12]$_DFFE_PP_/D
738	-0.2627	u_eI_cpu.u_eJ_core.u_eK_ifu.u_eL_ifu_ifetch.ifu_hi_ir_dfflr.qout_r[M]	u_eI_cpu.u_eJ_core.u_eK_ifu.u_eL_ifu_ifetch.ifu_pc_dfflr.qout_r[M]	u_e203_cpu.u_e203_core.u_e203_ifu.u_e203_ifu_ifetch.ifu_hi_ir_dfflr.qout_r[15]$_DFFE_PN0P_/Q	u_e203_cpu.u_e203_core.u_e203_ifu.u_e203_ifu_ifetch.ifu_pc_dfflr.qout_r[10]$_DFFE_PN0P_/D
739	-0.2626	u_eI_cpu.u_eJ_core.u_eK_exu.u_eL_exu_commit.u_eM_exu_excp.step_req_dfflr.qout_r	core_wfi	u_e203_cpu.u_e203_core.u_e203_exu.u_e203_exu_commit.u_e203_exu_excp.step_req_dfflr.qout_r$_DFFE_PN0P_/Q	core_wfi
740	-0.2624	u_eI_cpu.u_eJ_core.u_eK_exu.u_eL_exu_alu.u_eM_exu_alu_dpath.sbf_N_dffl.qout_r[O]	core_wfi	u_e203_cpu.u_e203_core.u_e203_exu.u_e203_exu_alu.u_e203_exu_alu_dpath.sbf_0_dffl.qout_r[32]$_SDFFCE_PN0P_/Q	core_wfi
741	-0.2607	u_eI_cpu.u_eJ_core.u_eK_ifu.u_eL_ifu_ifetch.ifu_err_dfflr.qout_r	u_eI_cpu.u_eJ_core.u_eK_ifu.u_eL_ifu_iftMicb.u_eN_ifetch_rsp_bypbuf.u_bypbuf_fifo.dp_gtO.fifo_rf[P].fifo_rf_dffl.qout_r[Q]	u_e203_cpu.u_e203_core.u_e203_ifu.u_e203_ifu_ifetch.ifu_err_dfflr.qout_r$_DFFE_PN0P_/Q	u_e203_cpu.u_e203_core.u_e203_ifu.u_e203_ifu_ift2icb.u_e203_ifetch_rsp_bypbuf.u_bypbuf_fifo.dp_gt0.fifo_rf[0].fifo_rf_dffl.qout_r[10]$_DFFE_PP_/D
742	-0.2598	u_eI_cpu.u_eJ_core.u_eK_ifu.u_eL_ifu_ifetch.ifu_err_dfflr.qout_r	u_eI_cpu.u_eJ_core.u_eK_biu.u_biu_icb_arbt.arbt_num_gt_L_gen.dp_M.u_sirv_gnrl_rspid_fifo.dp_gt_N.vld_dfflr.qout_r	u_e203_cpu.u_e203_core.u_e203_ifu.u_e203_ifu_ifetch.ifu_err_dfflr.qout_r$_DFFE_PN0P_/Q	u_e203_cpu.u_e203_core.u_e203_biu.u_biu_icb_arbt.arbt_num_gt_1_gen.dp_1.u_sirv_gnrl_rspid_fifo.dp_gt_0.vld_dfflr.qout_r$_DFFE_PN0P_/D
743	-0.2587	u_eI_cpu.u_eJ_core.u_eK_ifu.u_eL_ifu_ifetch.ifu_lo_ir_dfflr.qout_r[M]	u_eI_cpu.u_eJ_core.u_eK_exu.u_eL_exu_alu.u_eM_exu_alu_muldiv.part_prdt_sftN_dfflr.qout_r	u_e203_cpu.u_e203_core.u_e203_ifu.u_e203_ifu_ifetch.ifu_lo_ir_dfflr.qout_r[6]$_DFFE_PN0P_/Q	u_e203_cpu.u_e203_core.u_e203_exu.u_e203_exu_alu.u_e203_exu_alu_muldiv.part_prdt_sft1_dfflr.qout_r$_DFFE_PN0P_/D
744	-0.2575	u_eI_cpu.u_eJ_core.u_eK_exu.u_eL_exu_alu.u_eM_exu_alu_dpath.sbf_N_dffl.qout_r[O]	cmt_dcause[I]	u_e203_cpu.u_e203_core.u_e203_exu.u_e203_exu_alu.u_e203_exu_alu_dpath.sbf_1_dffl.qout_r[0]$_DFFE_PP_/Q	cmt_dcause[1]
745	-0.2563	dbg_step_r	u_eI_cpu.u_eJ_core.u_eK_ifu.u_eL_ifu_ifetch.halt_ack_dfflr.qout_r	dbg_step_r	u_e203_cpu.u_e203_core.u_e203_ifu.u_e203_ifu_ifetch.halt_ack_dfflr.qout_r$_DFFE_PN0P_/D
746	-0.2559	u_eI_cpu.u_eJ_core.u_eK_ifu.u_eL_ifu_ifetch.ir_rsMidx_dfflr.qout_r[N]	u_eI_cpu.u_eJ_core.u_eK_exu.u_eL_exu_regfile.regfile[M].rfnoN.rf_dffl.qout_r[O]	u_e203_cpu.u_e203_core.u_e203_ifu.u_e203_ifu_ifetch.ir_rs2idx_dfflr.qout_r[4]$_DFFE_PN0P_/Q	u_e203_cpu.u_e203_core.u_e203_exu.u_e203_exu_regfile.regfile[12].rfno0.rf_dffl.qout_r[15]$_DFFE_PP_/D
747	-0.2548	u_eI_cpu.u_eJ_core.u_eK_ifu.u_eL_ifu_ifetch.ifu_lo_ir_dfflr.qout_r[M]	u_eI_cpu.u_eJ_clk_ctrl.u_dtcm_clkgate.enb	u_e203_cpu.u_e203_core.u_e203_ifu.u_e203_ifu_ifetch.ifu_lo_ir_dfflr.qout_r[6]$_DFFE_PN0P_/Q	u_e203_cpu.u_e203_clk_ctrl.u_dtcm_clkgate.enb$_DLATCH_N_/D
748	-0.2534	u_eI_cpu.u_eJ_core.u_eK_ifu.u_eL_ifu_ifetch.ifu_err_dfflr.qout_r	u_eI_cpu.u_eJ_core.u_eK_ifu.u_eL_ifu_ifetch.ir_rsMidx_dfflr.qout_r[N]	u_e203_cpu.u_e203_core.u_e203_ifu.u_e203_ifu_ifetch.ifu_err_dfflr.qout_r$_DFFE_PN0P_/Q	u_e203_cpu.u_e203_core.u_e203_ifu.u_e203_ifu_ifetch.ir_rs2idx_dfflr.qout_r[0]$_DFFE_PN0P_/D
749	-0.2533	u_eI_cpu.u_eJ_core.u_eK_ifu.u_eL_ifu_ifetch.ifu_lo_ir_dfflr.qout_r[M]	u_eI_cpu.u_eJ_core.u_eK_exu.u_eL_exu_alu.u_eM_exu_alu_muldiv.muldiv_state_dfflr.qout_r[N]	u_e203_cpu.u_e203_core.u_e203_ifu.u_e203_ifu_ifetch.ifu_lo_ir_dfflr.qout_r[6]$_DFFE_PN0P_/Q	u_e203_cpu.u_e203_core.u_e203_exu.u_e203_exu_alu.u_e203_exu_alu_muldiv.muldiv_state_dfflr.qout_r[1]$_DFFE_PN0P_/D
750	-0.2526	u_eI_cpu.u_eJ_core.u_eK_lsu.u_eL_lsu_ctrl.u_lsu_icb_arbt.arbt_num_gt_M_gen.dp_N.u_sirv_gnrl_rspid_fifo.dp_gt_O.dat_dfflr.qout_r	cmt_dpc_ena	u_e203_cpu.u_e203_core.u_e203_lsu.u_e203_lsu_ctrl.u_lsu_icb_arbt.arbt_num_gt_1_gen.dp_1.u_sirv_gnrl_rspid_fifo.dp_gt_0.dat_dfflr.qout_r$_DFFE_PP_/Q	cmt_dpc_ena
751	-0.2525	u_eI_cpu.u_eJ_itcm_ctrl.u_itcm_icb_arbt.arbt_num_gt_K_gen.dp_L.u_sirv_gnrl_rspid_fifo.dp_gt_M.dat_dfflr.qout_r	cmt_dpc_ena	u_e203_cpu.u_e203_itcm_ctrl.u_itcm_icb_arbt.arbt_num_gt_1_gen.dp_1.u_sirv_gnrl_rspid_fifo.dp_gt_0.dat_dfflr.qout_r$_DFFE_PP_/Q	cmt_dpc_ena
752	-0.2520	dbg_step_r	u_eI_cpu.u_eJ_core.u_eK_exu.u_eL_exu_commit.u_eM_exu_excp.wfi_flag_dfflr.qout_r	dbg_step_r	u_e203_cpu.u_e203_core.u_e203_exu.u_e203_exu_commit.u_e203_exu_excp.wfi_flag_dfflr.qout_r$_DFFE_PN0P_/D
753	-0.2510	u_eI_cpu.u_eJ_core.u_eK_ifu.u_eL_ifu_ifetch.ifu_hi_ir_dfflr.qout_r[M]	u_eI_cpu.u_eJ_core.u_eK_ifu.u_eL_ifu_ifetch.ir_pc_vld_dfflr.qout_r	u_e203_cpu.u_e203_core.u_e203_ifu.u_e203_ifu_ifetch.ifu_hi_ir_dfflr.qout_r[15]$_DFFE_PN0P_/Q	u_e203_cpu.u_e203_core.u_e203_ifu.u_e203_ifu_ifetch.ir_pc_vld_dfflr.qout_r$_DFFE_PN0P_/D
754	-0.2509	u_eI_cpu.u_eJ_core.u_eK_ifu.u_eL_ifu_ifetch.ifu_lo_ir_dfflr.qout_r[M]	u_eI_cpu.u_eJ_core.u_eK_exu.u_eL_exu_oitf.depth_gtM.alc_ptr_dfflrs.qout_r	u_e203_cpu.u_e203_core.u_e203_ifu.u_e203_ifu_ifetch.ifu_lo_ir_dfflr.qout_r[6]$_DFFE_PN0P_/Q	u_e203_cpu.u_e203_core.u_e203_exu.u_e203_exu_oitf.depth_gt1.alc_ptr_dfflrs.qout_r$_DFFE_PN0P_/D
755	-0.2494	u_eI_cpu.u_eJ_core.u_eK_ifu.u_eL_ifu_ifetch.ir_muldiv_bMb_dfflr.qout_r	cmt_dcause[I]	u_e203_cpu.u_e203_core.u_e203_ifu.u_e203_ifu_ifetch.ir_muldiv_b2b_dfflr.qout_r$_DFFE_PN0P_/Q	cmt_dcause[1]
756	-0.2485	u_eI_cpu.u_eJ_core.u_eK_exu.u_eL_exu_alu.u_eM_exu_alu_dpath.sbf_N_dffl.qout_r[O]	core_wfi	u_e203_cpu.u_e203_core.u_e203_exu.u_e203_exu_alu.u_e203_exu_alu_dpath.sbf_1_dffl.qout_r[0]$_DFFE_PP_/Q	core_wfi
757	-0.2482	u_eI_cpu.u_eJ_core.u_eK_ifu.u_eL_ifu_ifetch.ifu_err_dfflr.qout_r	u_eI_cpu.u_eJ_core.u_eK_biu.u_sirv_gnrl_icb_buffer.u_sirv_gnrl_cmd_fifo.dp_gtL.vec_M_dfflr.qout_r	u_e203_cpu.u_e203_core.u_e203_ifu.u_e203_ifu_ifetch.ifu_err_dfflr.qout_r$_DFFE_PN0P_/Q	u_e203_cpu.u_e203_core.u_e203_biu.u_sirv_gnrl_icb_buffer.u_sirv_gnrl_cmd_fifo.dp_gt0.vec_31_dfflr.qout_r$_DFFE_PN0P_/D
758	-0.2473	u_eI_cpu.u_eJ_core.u_eK_biu.u_biu_icb_arbt.arbt_num_gt_L_gen.dp_M.u_sirv_gnrl_rspid_fifo.dp_gt_N.dat_dfflr.qout_r	core_wfi	u_e203_cpu.u_e203_core.u_e203_biu.u_biu_icb_arbt.arbt_num_gt_1_gen.dp_1.u_sirv_gnrl_rspid_fifo.dp_gt_0.dat_dfflr.qout_r$_DFFE_PP_/Q	core_wfi
759	-0.2471	u_eI_cpu.u_eJ_core.u_eK_ifu.u_eL_ifu_ifetch.ifu_err_dfflr.qout_r	u_eI_srams.u_eJ_dtcm_ram.u_eK_dtcm_gnrl_ram.u_sirv_sim_ram.mem_r[L][M]	u_e203_cpu.u_e203_core.u_e203_ifu.u_e203_ifu_ifetch.ifu_err_dfflr.qout_r$_DFFE_PN0P_/Q	u_e203_srams.u_e203_dtcm_ram.u_e203_dtcm_gnrl_ram.u_sirv_sim_ram.mem_r[0][0]$_DFFE_PP_/D
760	-0.2465	u_eI_cpu.u_eJ_core.u_eK_exu.u_eL_exu_csr.status_mie_dfflr.qout_r	cmt_dpc_ena	u_e203_cpu.u_e203_core.u_e203_exu.u_e203_exu_csr.status_mie_dfflr.qout_r$_DFFE_PN0P_/QN	cmt_dpc_ena
761	-0.2465	u_eI_cpu.u_eJ_core.u_eK_ifu.u_eL_ifu_ifetch.ifu_hi_ir_dfflr.qout_r[M]	u_eI_cpu.u_eJ_core.u_eK_lsu.u_eL_lsu_ctrl.excl_addr_dffl.qout_r[M]	u_e203_cpu.u_e203_core.u_e203_ifu.u_e203_ifu_ifetch.ifu_hi_ir_dfflr.qout_r[15]$_DFFE_PN0P_/Q	u_e203_cpu.u_e203_core.u_e203_lsu.u_e203_lsu_ctrl.excl_addr_dffl.qout_r[10]$_DFFE_PN0P_/D
762	-0.2458	u_eI_cpu.u_eJ_core.u_eK_ifu.u_eL_ifu_ifetch.ifu_lo_ir_dfflr.qout_r[M]	u_eI_cpu.u_eJ_core.u_eK_exu.u_eL_exu_oitf.oitf_entries[M].pc_dfflrs.qout_r[N]	u_e203_cpu.u_e203_core.u_e203_ifu.u_e203_ifu_ifetch.ifu_lo_ir_dfflr.qout_r[6]$_DFFE_PN0P_/Q	u_e203_cpu.u_e203_core.u_e203_exu.u_e203_exu_oitf.oitf_entries[0].pc_dfflrs.qout_r[10]$_DFFE_PP_/D
763	-0.2458	u_eI_cpu.u_eJ_core.u_eK_ifu.u_eL_ifu_ifetch.ifu_lo_ir_dfflr.qout_r[M]	u_eI_cpu.u_eJ_core.u_eK_exu.u_eL_exu_oitf.oitf_entries[M].rdidx_dfflrs.qout_r[N]	u_e203_cpu.u_e203_core.u_e203_ifu.u_e203_ifu_ifetch.ifu_lo_ir_dfflr.qout_r[6]$_DFFE_PN0P_/Q	u_e203_cpu.u_e203_core.u_e203_exu.u_e203_exu_oitf.oitf_entries[0].rdidx_dfflrs.qout_r[4]$_DFFE_PP_/D
764	-0.2458	u_eI_cpu.u_eJ_core.u_eK_ifu.u_eL_ifu_ifetch.ifu_lo_ir_dfflr.qout_r[M]	u_eI_cpu.u_eJ_core.u_eK_exu.u_eL_exu_oitf.oitf_entries[M].rdwen_dfflrs.qout_r	u_e203_cpu.u_e203_core.u_e203_ifu.u_e203_ifu_ifetch.ifu_lo_ir_dfflr.qout_r[6]$_DFFE_PN0P_/Q	u_e203_cpu.u_e203_core.u_e203_exu.u_e203_exu_oitf.oitf_entries[0].rdwen_dfflrs.qout_r$_DFFE_PP_/D
765	-0.2432	u_eI_cpu.u_eJ_core.u_eK_biu.u_biu_icb_arbt.arbt_num_gt_L_gen.dp_M.u_sirv_gnrl_rspid_fifo.dp_gt_N.vld_dfflr.qout_r	cmt_dpc_ena	u_e203_cpu.u_e203_core.u_e203_biu.u_biu_icb_arbt.arbt_num_gt_1_gen.dp_1.u_sirv_gnrl_rspid_fifo.dp_gt_0.vld_dfflr.qout_r$_DFFE_PN0P_/Q	cmt_dpc_ena
766	-0.2432	u_eI_cpu.u_eJ_core.u_eK_ifu.u_eL_ifu_ifetch.ifu_lo_ir_dfflr.qout_r[M]	u_eI_cpu.u_eJ_dtcm_ctrl.u_dtcm_icb_arbt.arbt_num_gt_K_gen.dp_L.u_sirv_gnrl_rspid_fifo.dp_gt_M.vld_dfflr.qout_r	u_e203_cpu.u_e203_core.u_e203_ifu.u_e203_ifu_ifetch.ifu_lo_ir_dfflr.qout_r[6]$_DFFE_PN0P_/Q	u_e203_cpu.u_e203_dtcm_ctrl.u_dtcm_icb_arbt.arbt_num_gt_1_gen.dp_1.u_sirv_gnrl_rspid_fifo.dp_gt_0.vld_dfflr.qout_r$_DFFE_PN0P_/D
767	-0.2412	u_eI_cpu.u_eJ_core.u_eK_ifu.u_eL_ifu_ifetch.ifu_hi_ir_dfflr.qout_r[M]	u_eI_cpu.u_eJ_core.u_eK_exu.u_eL_exu_alu.u_eM_exu_alu_muldiv.part_prdt_sftN_dfflr.qout_r	u_e203_cpu.u_e203_core.u_e203_ifu.u_e203_ifu_ifetch.ifu_hi_ir_dfflr.qout_r[15]$_DFFE_PN0P_/Q	u_e203_cpu.u_e203_core.u_e203_exu.u_e203_exu_alu.u_e203_exu_alu_muldiv.part_prdt_sft1_dfflr.qout_r$_DFFE_PN0P_/D
768	-0.2404	u_eI_cpu.u_eJ_core.u_eK_ifu.u_eL_ifu_ifetch.ir_muldiv_bMb_dfflr.qout_r	core_wfi	u_e203_cpu.u_e203_core.u_e203_ifu.u_e203_ifu_ifetch.ir_muldiv_b2b_dfflr.qout_r$_DFFE_PN0P_/Q	core_wfi
769	-0.2403	u_eI_cpu.u_eJ_core.u_eK_ifu.u_eL_ifu_ifetch.ifu_lo_ir_dfflr.qout_r[M]	u_eI_cpu.u_eJ_core.u_eK_exu.u_eL_exu_oitf.oitf_entries[M].vld_dfflrs.qout_r	u_e203_cpu.u_e203_core.u_e203_ifu.u_e203_ifu_ifetch.ifu_lo_ir_dfflr.qout_r[6]$_DFFE_PN0P_/Q	u_e203_cpu.u_e203_core.u_e203_exu.u_e203_exu_oitf.oitf_entries[0].vld_dfflrs.qout_r$_DFFE_PN0P_/D
770	-0.2401	u_eI_cpu.u_eJ_itcm_ctrl.u_sram_icb_ctrl.u_sirv_Kcyc_sram_ctrl.u_eL_stage.dp_gt_M.dat_dfflr.qout_r[N]	cmt_dpc_ena	u_e203_cpu.u_e203_itcm_ctrl.u_sram_icb_ctrl.u_sirv_1cyc_sram_ctrl.u_e1_stage.dp_gt_0.dat_dfflr.qout_r[1]$_DFFE_PP_/QN	cmt_dpc_ena
771	-0.2401	dbg_halt_r	u_eI_cpu.u_eJ_core.u_eK_ifu.u_eL_ifu_ifetch.halt_ack_dfflr.qout_r	dbg_halt_r	u_e203_cpu.u_e203_core.u_e203_ifu.u_e203_ifu_ifetch.halt_ack_dfflr.qout_r$_DFFE_PN0P_/D
772	-0.2400	u_eI_cpu.u_eJ_core.u_eK_ifu.u_eL_ifu_ifetch.ifu_lo_ir_dfflr.qout_r[M]	u_eI_cpu.u_eJ_core.u_eK_exu.u_eL_exu_csr.badaddr_dfflr.qout_r[M]	u_e203_cpu.u_e203_core.u_e203_ifu.u_e203_ifu_ifetch.ifu_lo_ir_dfflr.qout_r[6]$_DFFE_PN0P_/Q	u_e203_cpu.u_e203_core.u_e203_exu.u_e203_exu_csr.badaddr_dfflr.qout_r[17]$_DFFE_PN0P_/D
773	-0.2395	u_eI_cpu.u_eJ_core.u_eK_ifu.u_eL_ifu_ifetch.ifu_lo_ir_dfflr.qout_r[M]	u_eI_cpu.u_eJ_dtcm_ctrl.u_sram_icb_ctrl.u_sirv_Kcyc_sram_ctrl.u_eL_stage.dp_gt_M.vld_dfflr.qout_r	u_e203_cpu.u_e203_core.u_e203_ifu.u_e203_ifu_ifetch.ifu_lo_ir_dfflr.qout_r[6]$_DFFE_PN0P_/Q	u_e203_cpu.u_e203_dtcm_ctrl.u_sram_icb_ctrl.u_sirv_1cyc_sram_ctrl.u_e1_stage.dp_gt_0.vld_dfflr.qout_r$_DFFE_PN0P_/D
774	-0.2391	u_eI_cpu.u_eJ_core.u_eK_ifu.u_eL_ifu_ifetch.ifu_err_dfflr.qout_r	u_eI_cpu.u_eJ_core.u_eK_biu.u_biu_icb_arbt.arbt_num_gt_L_gen.dp_M.u_sirv_gnrl_rspid_fifo.dp_gt_N.dat_dfflr.qout_r	u_e203_cpu.u_e203_core.u_e203_ifu.u_e203_ifu_ifetch.ifu_err_dfflr.qout_r$_DFFE_PN0P_/Q	u_e203_cpu.u_e203_core.u_e203_biu.u_biu_icb_arbt.arbt_num_gt_1_gen.dp_1.u_sirv_gnrl_rspid_fifo.dp_gt_0.dat_dfflr.qout_r$_DFFE_PP_/D
775	-0.2383	u_eI_cpu.u_eJ_core.u_eK_ifu.u_eL_ifu_ifetch.ir_rsMidx_dfflr.qout_r[N]	u_eI_cpu.u_eJ_itcm_ctrl.u_itcm_icb_extKitcm_nLw.fifo_dp_M.u_sirv_gnrl_nNw_fifo.dp_gt_O.vld_dfflr.qout_r	u_e203_cpu.u_e203_core.u_e203_ifu.u_e203_ifu_ifetch.ir_rs2idx_dfflr.qout_r[4]$_DFFE_PN0P_/Q	u_e203_cpu.u_e203_itcm_ctrl.u_itcm_icb_ext2itcm_n2w.fifo_dp_1.u_sirv_gnrl_n2w_fifo.dp_gt_0.vld_dfflr.qout_r$_DFFE_PN0P_/D
776	-0.2372	u_eI_cpu.u_eJ_core.u_eK_exu.u_eL_exu_regfile.regfile[M].rfnoN.rf_dffl.qout_r[O]	u_eI_cpu.u_eJ_core.u_eK_biu.u_sirv_gnrl_icb_buffer.u_sirv_gnrl_cmd_fifo.dp_gtL.fifo_rf[M].fifo_rf_dffl.qout_r[N]	u_e203_cpu.u_e203_core.u_e203_exu.u_e203_exu_regfile.regfile[14].rfno0.rf_dffl.qout_r[31]$_DFFE_PP_/Q	u_e203_cpu.u_e203_core.u_e203_biu.u_sirv_gnrl_icb_buffer.u_sirv_gnrl_cmd_fifo.dp_gt0.fifo_rf[0].fifo_rf_dffl.qout_r[73]$_DFFE_PP_/D
777	-0.2372	u_eI_cpu.u_eJ_core.u_eK_ifu.u_eL_ifu_ifetch.ifu_hi_ir_dfflr.qout_r[M]	u_eI_cpu.u_eJ_clk_ctrl.u_dtcm_clkgate.enb	u_e203_cpu.u_e203_core.u_e203_ifu.u_e203_ifu_ifetch.ifu_hi_ir_dfflr.qout_r[15]$_DFFE_PN0P_/Q	u_e203_cpu.u_e203_clk_ctrl.u_dtcm_clkgate.enb$_DLATCH_N_/D
778	-0.2371	u_eI_cpu.u_eJ_core.u_eK_ifu.u_eL_ifu_ifetch.ir_rsMidx_dfflr.qout_r[N]	u_eI_cpu.u_eJ_itcm_ctrl.u_itcm_icb_arbt.arbt_num_gt_K_gen.dp_L.u_sirv_gnrl_rspid_fifo.dp_gt_M.dat_dfflr.qout_r	u_e203_cpu.u_e203_core.u_e203_ifu.u_e203_ifu_ifetch.ir_rs2idx_dfflr.qout_r[4]$_DFFE_PN0P_/Q	u_e203_cpu.u_e203_itcm_ctrl.u_itcm_icb_arbt.arbt_num_gt_1_gen.dp_1.u_sirv_gnrl_rspid_fifo.dp_gt_0.dat_dfflr.qout_r$_DFFE_PP_/D
779	-0.2369	u_eI_cpu.u_eJ_core.u_eK_exu.u_eL_exu_regfile.regfile[M].rfnoN.rf_dffl.qout_r[O]	u_eI_cpu.u_eJ_itcm_ctrl.u_sram_icb_ctrl.u_byp_icb_cmd_buf.u_bypbuf_fifo.dp_gtK.vec_L_dfflrs.qout_r	u_e203_cpu.u_e203_core.u_e203_exu.u_e203_exu_regfile.regfile[14].rfno0.rf_dffl.qout_r[31]$_DFFE_PP_/Q	u_e203_cpu.u_e203_itcm_ctrl.u_sram_icb_ctrl.u_byp_icb_cmd_buf.u_bypbuf_fifo.dp_gt0.vec_0_dfflrs.qout_r$_DFFE_PN1P_/D
780	-0.2368	u_eI_cpu.u_eJ_core.u_eK_ifu.u_eL_ifu_ifetch.ifu_err_dfflr.qout_r	u_eI_srams.u_eJ_itcm_ram.u_eK_itcm_gnrl_ram.u_sirv_sim_ram.mem_r[L][M]	u_e203_cpu.u_e203_core.u_e203_ifu.u_e203_ifu_ifetch.ifu_err_dfflr.qout_r$_DFFE_PN0P_/Q	u_e203_srams.u_e203_itcm_ram.u_e203_itcm_gnrl_ram.u_sirv_sim_ram.mem_r[0][0]$_DFFE_PP_/D
781	-0.2363	u_eI_cpu.u_eJ_core.u_eK_ifu.u_eL_ifu_ifetch.ifu_err_dfflr.qout_r	u_eI_cpu.u_eJ_core.u_eK_biu.u_sirv_gnrl_icb_buffer.u_sirv_gnrl_cmd_fifo.dp_gtL.vec_M_dfflrs.qout_r	u_e203_cpu.u_e203_core.u_e203_ifu.u_e203_ifu_ifetch.ifu_err_dfflr.qout_r$_DFFE_PN0P_/Q	u_e203_cpu.u_e203_core.u_e203_biu.u_sirv_gnrl_icb_buffer.u_sirv_gnrl_cmd_fifo.dp_gt0.vec_0_dfflrs.qout_r$_DFFE_PN1P_/D
782	-0.2358	dbg_halt_r	u_eI_cpu.u_eJ_core.u_eK_exu.u_eL_exu_commit.u_eM_exu_excp.wfi_flag_dfflr.qout_r	dbg_halt_r	u_e203_cpu.u_e203_core.u_e203_exu.u_e203_exu_commit.u_e203_exu_excp.wfi_flag_dfflr.qout_r$_DFFE_PN0P_/D
783	-0.2357	u_eI_cpu.u_eJ_core.u_eK_ifu.u_eL_ifu_ifetch.ifu_hi_ir_dfflr.qout_r[M]	u_eI_cpu.u_eJ_core.u_eK_exu.u_eL_exu_alu.u_eM_exu_alu_muldiv.muldiv_state_dfflr.qout_r[N]	u_e203_cpu.u_e203_core.u_e203_ifu.u_e203_ifu_ifetch.ifu_hi_ir_dfflr.qout_r[15]$_DFFE_PN0P_/Q	u_e203_cpu.u_e203_core.u_e203_exu.u_e203_exu_alu.u_e203_exu_alu_muldiv.muldiv_state_dfflr.qout_r[1]$_DFFE_PN0P_/D
784	-0.2348	u_eI_cpu.u_eJ_core.u_eK_ifu.u_eL_ifu_ifetch.ifu_err_dfflr.qout_r	u_eI_cpu.u_eJ_core.u_eK_ifu.u_eL_ifu_ifetch.pc_dfflr.qout_r[M]	u_e203_cpu.u_e203_core.u_e203_ifu.u_e203_ifu_ifetch.ifu_err_dfflr.qout_r$_DFFE_PN0P_/Q	u_e203_cpu.u_e203_core.u_e203_ifu.u_e203_ifu_ifetch.pc_dfflr.qout_r[29]$_DFFE_PN0P_/D
785	-0.2333	u_eI_cpu.u_eJ_core.u_eK_ifu.u_eL_ifu_ifetch.ifu_hi_ir_dfflr.qout_r[M]	u_eI_cpu.u_eJ_core.u_eK_exu.u_eL_exu_oitf.depth_gtM.alc_ptr_dfflrs.qout_r	u_e203_cpu.u_e203_core.u_e203_ifu.u_e203_ifu_ifetch.ifu_hi_ir_dfflr.qout_r[15]$_DFFE_PN0P_/Q	u_e203_cpu.u_e203_core.u_e203_exu.u_e203_exu_oitf.depth_gt1.alc_ptr_dfflrs.qout_r$_DFFE_PN0P_/D
786	-0.2332	u_eI_cpu.u_eJ_core.u_eK_ifu.u_eL_ifu_ifetch.ifu_lo_ir_dfflr.qout_r[M]	u_eI_cpu.u_eJ_dtcm_ctrl.u_sram_icb_ctrl.u_sirv_Kcyc_sram_ctrl.u_ram_clkgate.enb	u_e203_cpu.u_e203_core.u_e203_ifu.u_e203_ifu_ifetch.ifu_lo_ir_dfflr.qout_r[6]$_DFFE_PN0P_/Q	u_e203_cpu.u_e203_dtcm_ctrl.u_sram_icb_ctrl.u_sirv_1cyc_sram_ctrl.u_ram_clkgate.enb$_DLATCH_N_/D
787	-0.2328	u_eI_cpu.u_eJ_core.u_eK_ifu.u_eL_ifu_ifetch.ifu_err_dfflr.qout_r	u_eI_cpu.u_eJ_itcm_ctrl.u_sram_icb_ctrl.u_byp_icb_cmd_buf.u_bypbuf_fifo.dp_gtK.vec_L_dfflr.qout_r	u_e203_cpu.u_e203_core.u_e203_ifu.u_e203_ifu_ifetch.ifu_err_dfflr.qout_r$_DFFE_PN0P_/Q	u_e203_cpu.u_e203_itcm_ctrl.u_sram_icb_ctrl.u_byp_icb_cmd_buf.u_bypbuf_fifo.dp_gt0.vec_31_dfflr.qout_r$_DFFE_PN0P_/D
788	-0.2299	u_eI_cpu.u_eJ_irq_sync.master_gen.u_dbg_irq_sync.sync_gen[K].i_is_not_L.sync_dffr.qout_r	cmt_dpc_ena	u_e203_cpu.u_e203_irq_sync.master_gen.u_dbg_irq_sync.sync_gen[1].i_is_not_0.sync_dffr.qout_r$_DFF_PN0_/Q	cmt_dpc_ena
789	-0.2287	u_eI_cpu.u_eJ_core.u_eK_exu.u_eL_exu_regfile.regfile[M].rfnoN.rf_dffl.qout_r[O]	u_eI_cpu.u_eJ_core.u_eK_ifu.u_eL_ifu_ifetch.ifu_hi_ir_dfflr.qout_r[M]	u_e203_cpu.u_e203_core.u_e203_exu.u_e203_exu_regfile.regfile[14].rfno0.rf_dffl.qout_r[31]$_DFFE_PP_/Q	u_e203_cpu.u_e203_core.u_e203_ifu.u_e203_ifu_ifetch.ifu_hi_ir_dfflr.qout_r[10]$_DFFE_PN0P_/D
790	-0.2282	u_eI_cpu.u_eJ_core.u_eK_ifu.u_eL_ifu_ifetch.ifu_hi_ir_dfflr.qout_r[M]	u_eI_cpu.u_eJ_core.u_eK_exu.u_eL_exu_oitf.oitf_entries[M].pc_dfflrs.qout_r[N]	u_e203_cpu.u_e203_core.u_e203_ifu.u_e203_ifu_ifetch.ifu_hi_ir_dfflr.qout_r[15]$_DFFE_PN0P_/Q	u_e203_cpu.u_e203_core.u_e203_exu.u_e203_exu_oitf.oitf_entries[0].pc_dfflrs.qout_r[10]$_DFFE_PP_/D
791	-0.2282	u_eI_cpu.u_eJ_core.u_eK_ifu.u_eL_ifu_ifetch.ifu_hi_ir_dfflr.qout_r[M]	u_eI_cpu.u_eJ_core.u_eK_exu.u_eL_exu_oitf.oitf_entries[M].rdidx_dfflrs.qout_r[N]	u_e203_cpu.u_e203_core.u_e203_ifu.u_e203_ifu_ifetch.ifu_hi_ir_dfflr.qout_r[15]$_DFFE_PN0P_/Q	u_e203_cpu.u_e203_core.u_e203_exu.u_e203_exu_oitf.oitf_entries[0].rdidx_dfflrs.qout_r[4]$_DFFE_PP_/D
792	-0.2282	u_eI_cpu.u_eJ_core.u_eK_ifu.u_eL_ifu_ifetch.ifu_hi_ir_dfflr.qout_r[M]	u_eI_cpu.u_eJ_core.u_eK_exu.u_eL_exu_oitf.oitf_entries[M].rdwen_dfflrs.qout_r	u_e203_cpu.u_e203_core.u_e203_ifu.u_e203_ifu_ifetch.ifu_hi_ir_dfflr.qout_r[15]$_DFFE_PN0P_/Q	u_e203_cpu.u_e203_core.u_e203_exu.u_e203_exu_oitf.oitf_entries[0].rdwen_dfflrs.qout_r$_DFFE_PP_/D
793	-0.2271	u_eI_cpu.u_eJ_core.u_eK_biu.u_sirv_gnrl_icb_buffer.u_sirv_gnrl_rsp_fifo.dp_gtL.vec_M_dfflr.qout_r	cmt_dpc_ena	u_e203_cpu.u_e203_core.u_e203_biu.u_sirv_gnrl_icb_buffer.u_sirv_gnrl_rsp_fifo.dp_gt0.vec_31_dfflr.qout_r$_DFFE_PN0P_/Q	cmt_dpc_ena
794	-0.2270	u_eI_cpu.u_eJ_core.u_eK_ifu.u_eL_ifu_ifetch.ifu_err_dfflr.qout_r	u_eI_cpu.u_eJ_core.u_eK_ifu.u_eL_ifu_iftMicb.leftover_err_dfflr.qout_r	u_e203_cpu.u_e203_core.u_e203_ifu.u_e203_ifu_ifetch.ifu_err_dfflr.qout_r$_DFFE_PN0P_/Q	u_e203_cpu.u_e203_core.u_e203_ifu.u_e203_ifu_ift2icb.leftover_err_dfflr.qout_r$_DFFE_PN0P_/D
795	-0.2258	u_eI_cpu.u_eJ_core.u_eK_exu.u_eL_exu_regfile.regfile[M].rfnoN.rf_dffl.qout_r[O]	u_eI_cpu.u_eJ_clk_ctrl.u_itcm_clkgate.enb	u_e203_cpu.u_e203_core.u_e203_exu.u_e203_exu_regfile.regfile[14].rfno0.rf_dffl.qout_r[31]$_DFFE_PP_/Q	u_e203_cpu.u_e203_clk_ctrl.u_itcm_clkgate.enb$_DLATCH_N_/D
796	-0.2256	u_eI_cpu.u_eJ_core.u_eK_ifu.u_eL_ifu_ifetch.ifu_err_dfflr.qout_r	u_eI_cpu.u_eJ_core.u_eK_ifu.u_eL_ifu_ifetch.ifu_lo_ir_dfflr.qout_r[M]	u_e203_cpu.u_e203_core.u_e203_ifu.u_e203_ifu_ifetch.ifu_err_dfflr.qout_r$_DFFE_PN0P_/Q	u_e203_cpu.u_e203_core.u_e203_ifu.u_e203_ifu_ifetch.ifu_lo_ir_dfflr.qout_r[7]$_DFFE_PN0P_/D
797	-0.2256	u_eI_cpu.u_eJ_core.u_eK_ifu.u_eL_ifu_ifetch.ifu_hi_ir_dfflr.qout_r[M]	u_eI_cpu.u_eJ_dtcm_ctrl.u_dtcm_icb_arbt.arbt_num_gt_K_gen.dp_L.u_sirv_gnrl_rspid_fifo.dp_gt_M.vld_dfflr.qout_r	u_e203_cpu.u_e203_core.u_e203_ifu.u_e203_ifu_ifetch.ifu_hi_ir_dfflr.qout_r[15]$_DFFE_PN0P_/Q	u_e203_cpu.u_e203_dtcm_ctrl.u_dtcm_icb_arbt.arbt_num_gt_1_gen.dp_1.u_sirv_gnrl_rspid_fifo.dp_gt_0.vld_dfflr.qout_r$_DFFE_PN0P_/D
798	-0.2256	u_eI_cpu.u_eJ_core.u_eK_ifu.u_eL_ifu_ifetch.ifu_err_dfflr.qout_r	u_eI_cpu.u_eJ_core.u_eK_ifu.u_eL_ifu_ifetch.ifu_err_dfflr.qout_r	u_e203_cpu.u_e203_core.u_e203_ifu.u_e203_ifu_ifetch.ifu_err_dfflr.qout_r$_DFFE_PN0P_/Q	u_e203_cpu.u_e203_core.u_e203_ifu.u_e203_ifu_ifetch.ifu_err_dfflr.qout_r$_DFFE_PN0P_/D
799	-0.2256	u_eI_cpu.u_eJ_core.u_eK_ifu.u_eL_ifu_ifetch.ifu_err_dfflr.qout_r	u_eI_cpu.u_eJ_core.u_eK_ifu.u_eL_ifu_ifetch.ir_muldiv_bMb_dfflr.qout_r	u_e203_cpu.u_e203_core.u_e203_ifu.u_e203_ifu_ifetch.ifu_err_dfflr.qout_r$_DFFE_PN0P_/Q	u_e203_cpu.u_e203_core.u_e203_ifu.u_e203_ifu_ifetch.ir_muldiv_b2b_dfflr.qout_r$_DFFE_PN0P_/D
800	-0.2243	u_eI_cpu.u_eJ_core.u_eK_ifu.u_eL_ifu_ifetch.ifu_err_dfflr.qout_r	u_eI_cpu.u_eJ_itcm_ctrl.ifu_holdup_dffl.qout_r	u_e203_cpu.u_e203_core.u_e203_ifu.u_e203_ifu_ifetch.ifu_err_dfflr.qout_r$_DFFE_PN0P_/Q	u_e203_cpu.u_e203_itcm_ctrl.ifu_holdup_dffl.qout_r$_DFFE_PN0P_/D
801	-0.2242	u_eI_cpu.u_eJ_core.u_eK_ifu.u_eL_ifu_ifetch.ir_rsMidx_dfflr.qout_r[N]	u_eI_cpu.u_eJ_core.u_eK_lsu.u_eL_lsu_ctrl.u_eM_lsu_splt_stage.dp_gt_N.dat_dfflr.qout_r[O]	u_e203_cpu.u_e203_core.u_e203_ifu.u_e203_ifu_ifetch.ir_rs2idx_dfflr.qout_r[4]$_DFFE_PN0P_/Q	u_e203_cpu.u_e203_core.u_e203_lsu.u_e203_lsu_ctrl.u_e203_lsu_splt_stage.dp_gt_0.dat_dfflr.qout_r[39]$_DFFE_PP_/D
802	-0.2234	u_eI_cpu.u_eJ_core.u_eK_ifu.u_eL_ifu_ifetch.ifu_err_dfflr.qout_r	u_eI_cpu.u_eJ_itcm_ctrl.u_sram_icb_ctrl.u_sirv_Kcyc_sram_ctrl.u_ram_clkgate.enb	u_e203_cpu.u_e203_core.u_e203_ifu.u_e203_ifu_ifetch.ifu_err_dfflr.qout_r$_DFFE_PN0P_/Q	u_e203_cpu.u_e203_itcm_ctrl.u_sram_icb_ctrl.u_sirv_1cyc_sram_ctrl.u_ram_clkgate.enb$_DLATCH_N_/D
803	-0.2232	u_eI_cpu.u_eJ_core.u_eK_exu.u_eL_exu_regfile.regfile[M].rfnoN.rf_dffl.qout_r[O]	u_eI_cpu.u_eJ_itcm_ctrl.u_sram_icb_ctrl.u_byp_icb_cmd_buf.u_bypbuf_fifo.dp_gtK.fifo_rf[L].fifo_rf_dffl.qout_r[M]	u_e203_cpu.u_e203_core.u_e203_exu.u_e203_exu_regfile.regfile[14].rfno0.rf_dffl.qout_r[31]$_DFFE_PP_/Q	u_e203_cpu.u_e203_itcm_ctrl.u_sram_icb_ctrl.u_byp_icb_cmd_buf.u_bypbuf_fifo.dp_gt0.fifo_rf[0].fifo_rf_dffl.qout_r[42]$_DFFE_PP_/D
804	-0.2227	u_eI_cpu.u_eJ_core.u_eK_exu.u_eL_exu_commit.u_eM_exu_excp.step_req_dfflr.qout_r	cmt_dpc_ena	u_e203_cpu.u_e203_core.u_e203_exu.u_e203_exu_commit.u_e203_exu_excp.step_req_dfflr.qout_r$_DFFE_PN0P_/Q	cmt_dpc_ena
805	-0.2227	u_eI_cpu.u_eJ_core.u_eK_ifu.u_eL_ifu_ifetch.ifu_hi_ir_dfflr.qout_r[M]	u_eI_cpu.u_eJ_core.u_eK_exu.u_eL_exu_oitf.oitf_entries[M].vld_dfflrs.qout_r	u_e203_cpu.u_e203_core.u_e203_ifu.u_e203_ifu_ifetch.ifu_hi_ir_dfflr.qout_r[15]$_DFFE_PN0P_/Q	u_e203_cpu.u_e203_core.u_e203_exu.u_e203_exu_oitf.oitf_entries[0].vld_dfflrs.qout_r$_DFFE_PN0P_/D
806	-0.2225	u_eI_cpu.u_eJ_core.u_eK_exu.u_eL_exu_regfile.regfile[M].rfnoN.rf_dffl.qout_r[O]	u_eI_cpu.u_eJ_core.u_eK_biu.u_sirv_gnrl_icb_buffer.outs_cnt_dfflr.qout_r	u_e203_cpu.u_e203_core.u_e203_exu.u_e203_exu_regfile.regfile[14].rfno0.rf_dffl.qout_r[31]$_DFFE_PP_/Q	u_e203_cpu.u_e203_core.u_e203_biu.u_sirv_gnrl_icb_buffer.outs_cnt_dfflr.qout_r$_DFFE_PN0P_/D
807	-0.2224	u_eI_cpu.u_eJ_core.u_eK_ifu.u_eL_ifu_ifetch.ifu_hi_ir_dfflr.qout_r[M]	u_eI_cpu.u_eJ_core.u_eK_exu.u_eL_exu_csr.badaddr_dfflr.qout_r[M]	u_e203_cpu.u_e203_core.u_e203_ifu.u_e203_ifu_ifetch.ifu_hi_ir_dfflr.qout_r[15]$_DFFE_PN0P_/Q	u_e203_cpu.u_e203_core.u_e203_exu.u_e203_exu_csr.badaddr_dfflr.qout_r[17]$_DFFE_PN0P_/D
808	-0.2223	u_eI_cpu.u_eJ_core.u_eK_ifu.u_eL_ifu_ifetch.ifu_err_dfflr.qout_r	u_eI_cpu.u_eJ_core.u_eK_ifu.u_eL_ifu_iftMicb.icbNitcm_dfflr.qout_r	u_e203_cpu.u_e203_core.u_e203_ifu.u_e203_ifu_ifetch.ifu_err_dfflr.qout_r$_DFFE_PN0P_/Q	u_e203_cpu.u_e203_core.u_e203_ifu.u_e203_ifu_ift2icb.icb2itcm_dfflr.qout_r$_DFFE_PN0P_/D
809	-0.2222	u_eI_cpu.u_eJ_core.u_eK_exu.u_eL_exu_regfile.regfile[M].rfnoN.rf_dffl.qout_r[O]	u_eI_cpu.u_eJ_core.u_eK_ifu.u_eL_ifu_iftMicb.leftover_dffl.qout_r[N]	u_e203_cpu.u_e203_core.u_e203_exu.u_e203_exu_regfile.regfile[14].rfno0.rf_dffl.qout_r[31]$_DFFE_PP_/Q	u_e203_cpu.u_e203_core.u_e203_ifu.u_e203_ifu_ift2icb.leftover_dffl.qout_r[12]$_DFFE_PP_/D
810	-0.2219	u_eI_cpu.u_eJ_core.u_eK_ifu.u_eL_ifu_ifetch.ifu_hi_ir_dfflr.qout_r[M]	u_eI_cpu.u_eJ_dtcm_ctrl.u_sram_icb_ctrl.u_sirv_Kcyc_sram_ctrl.u_eL_stage.dp_gt_M.vld_dfflr.qout_r	u_e203_cpu.u_e203_core.u_e203_ifu.u_e203_ifu_ifetch.ifu_hi_ir_dfflr.qout_r[15]$_DFFE_PN0P_/Q	u_e203_cpu.u_e203_dtcm_ctrl.u_sram_icb_ctrl.u_sirv_1cyc_sram_ctrl.u_e1_stage.dp_gt_0.vld_dfflr.qout_r$_DFFE_PN0P_/D
811	-0.2213	u_eI_cpu.u_eJ_core.u_eK_exu.u_eL_exu_alu.u_eM_exu_alu_lsuagu.icb_state_dfflr.qout_r[N]	u_eI_cpu.u_eJ_itcm_ctrl.u_sram_icb_ctrl.u_byp_icb_cmd_buf.u_bypbuf_fifo.dp_gtK.vec_L_dfflrs.qout_r	u_e203_cpu.u_e203_core.u_e203_exu.u_e203_exu_alu.u_e203_exu_alu_lsuagu.icb_state_dfflr.qout_r[1]$_DFFE_PN0P_/Q	u_e203_cpu.u_e203_itcm_ctrl.u_sram_icb_ctrl.u_byp_icb_cmd_buf.u_bypbuf_fifo.dp_gt0.vec_0_dfflrs.qout_r$_DFFE_PN1P_/D
812	-0.2212	u_eI_cpu.u_eJ_core.u_eK_ifu.u_eL_ifu_ifetch.ir_rsMidx_dfflr.qout_r[N]	u_eI_cpu.u_eJ_dtcm_ctrl.u_sram_icb_ctrl.u_byp_icb_cmd_buf.u_bypbuf_fifo.dp_gtK.vec_L_dfflr.qout_r	u_e203_cpu.u_e203_core.u_e203_ifu.u_e203_ifu_ifetch.ir_rs2idx_dfflr.qout_r[4]$_DFFE_PN0P_/Q	u_e203_cpu.u_e203_dtcm_ctrl.u_sram_icb_ctrl.u_byp_icb_cmd_buf.u_bypbuf_fifo.dp_gt0.vec_31_dfflr.qout_r$_DFFE_PN0P_/D
813	-0.2207	u_eI_cpu.u_eJ_core.u_eK_ifu.u_eL_ifu_ifetch.ifu_err_dfflr.qout_r	u_eI_cpu.u_eJ_core.u_eK_ifu.u_eL_ifu_iftMicb.icb_addr_N_O_dffl.qout_r[P]	u_e203_cpu.u_e203_core.u_e203_ifu.u_e203_ifu_ifetch.ifu_err_dfflr.qout_r$_DFFE_PN0P_/Q	u_e203_cpu.u_e203_core.u_e203_ifu.u_e203_ifu_ift2icb.icb_addr_2_1_dffl.qout_r[0]$_DFFE_PP_/D
814	-0.2203	u_eI_cpu.u_eJ_core.u_eK_ifu.u_eL_ifu_ifetch.ifu_err_dfflr.qout_r	u_eI_cpu.u_eJ_core.u_eK_ifu.u_eL_ifu_ifetch.pc_newpend_dfflr.qout_r	u_e203_cpu.u_e203_core.u_e203_ifu.u_e203_ifu_ifetch.ifu_err_dfflr.qout_r$_DFFE_PN0P_/Q	u_e203_cpu.u_e203_core.u_e203_ifu.u_e203_ifu_ifetch.pc_newpend_dfflr.qout_r$_DFFE_PN0P_/D
815	-0.2202	u_eI_cpu.u_eJ_core.u_eK_ifu.u_eL_ifu_ifetch.ifu_lo_ir_dfflr.qout_r[M]	u_eI_cpu.u_eJ_core.u_eK_exu.u_eL_exu_csr.epc_dfflr.qout_r[M]	u_e203_cpu.u_e203_core.u_e203_ifu.u_e203_ifu_ifetch.ifu_lo_ir_dfflr.qout_r[6]$_DFFE_PN0P_/Q	u_e203_cpu.u_e203_core.u_e203_exu.u_e203_exu_csr.epc_dfflr.qout_r[10]$_DFFE_PN0P_/D
816	-0.2201	u_eI_cpu.u_eJ_core.u_eK_ifu.u_eL_ifu_ifetch.ifu_prdt_taken_dfflr.qout_r	cmt_dpc_ena	u_e203_cpu.u_e203_core.u_e203_ifu.u_e203_ifu_ifetch.ifu_prdt_taken_dfflr.qout_r$_DFFE_PN0P_/Q	cmt_dpc_ena
817	-0.2201	u_eI_cpu.u_eJ_core.u_eK_exu.u_eL_exu_regfile.regfile[M].rfnoN.rf_dffl.qout_r[O]	u_eI_cpu.u_eJ_core.u_eK_ifu.u_eL_ifu_iftMicb.u_eN_ifetch_rsp_bypbuf.u_bypbuf_fifo.dp_gtO.fifo_rf[P].fifo_rf_dffl.qout_r[Q]	u_e203_cpu.u_e203_core.u_e203_exu.u_e203_exu_regfile.regfile[14].rfno0.rf_dffl.qout_r[31]$_DFFE_PP_/Q	u_e203_cpu.u_e203_core.u_e203_ifu.u_e203_ifu_ift2icb.u_e203_ifetch_rsp_bypbuf.u_bypbuf_fifo.dp_gt0.fifo_rf[0].fifo_rf_dffl.qout_r[10]$_DFFE_PP_/D
818	-0.2192	u_eI_cpu.u_eJ_core.u_eK_exu.u_eL_exu_regfile.regfile[M].rfnoN.rf_dffl.qout_r[O]	u_eI_cpu.u_eJ_core.u_eK_biu.u_biu_icb_arbt.arbt_num_gt_L_gen.dp_M.u_sirv_gnrl_rspid_fifo.dp_gt_N.vld_dfflr.qout_r	u_e203_cpu.u_e203_core.u_e203_exu.u_e203_exu_regfile.regfile[14].rfno0.rf_dffl.qout_r[31]$_DFFE_PP_/Q	u_e203_cpu.u_e203_core.u_e203_biu.u_biu_icb_arbt.arbt_num_gt_1_gen.dp_1.u_sirv_gnrl_rspid_fifo.dp_gt_0.vld_dfflr.qout_r$_DFFE_PN0P_/D
819	-0.2162	u_eI_cpu.u_eJ_core.u_eK_ifu.u_eL_ifu_ifetch.ir_rsMidx_dfflr.qout_r[N]	u_eI_cpu.u_eJ_core.u_eK_exu.u_eL_exu_alu.u_eM_exu_alu_muldiv.part_remd_sftN_dfflr.qout_r	u_e203_cpu.u_e203_core.u_e203_ifu.u_e203_ifu_ifetch.ir_rs2idx_dfflr.qout_r[4]$_DFFE_PN0P_/Q	u_e203_cpu.u_e203_core.u_e203_exu.u_e203_exu_alu.u_e203_exu_alu_muldiv.part_remd_sft1_dfflr.qout_r$_DFFE_PN0P_/D
820	-0.2156	u_eI_cpu.u_eJ_core.u_eK_ifu.u_eL_ifu_ifetch.ifu_hi_ir_dfflr.qout_r[M]	u_eI_cpu.u_eJ_dtcm_ctrl.u_sram_icb_ctrl.u_sirv_Kcyc_sram_ctrl.u_ram_clkgate.enb	u_e203_cpu.u_e203_core.u_e203_ifu.u_e203_ifu_ifetch.ifu_hi_ir_dfflr.qout_r[15]$_DFFE_PN0P_/Q	u_e203_cpu.u_e203_dtcm_ctrl.u_sram_icb_ctrl.u_sirv_1cyc_sram_ctrl.u_ram_clkgate.enb$_DLATCH_N_/D
821	-0.2155	u_eI_cpu.u_eJ_core.u_eK_ifu.u_eL_ifu_ifetch.ir_rsMidx_dfflr.qout_r[N]	u_eI_cpu.u_eJ_core.u_eK_exu.u_eL_exu_alu.u_eM_exu_alu_lsuagu.icb_state_dfflr.qout_r[N]	u_e203_cpu.u_e203_core.u_e203_ifu.u_e203_ifu_ifetch.ir_rs2idx_dfflr.qout_r[4]$_DFFE_PN0P_/Q	u_e203_cpu.u_e203_core.u_e203_exu.u_e203_exu_alu.u_e203_exu_alu_lsuagu.icb_state_dfflr.qout_r[0]$_DFFE_PN0P_/D
822	-0.2131	u_eI_cpu.u_eJ_core.u_eK_ifu.u_eL_ifu_ifetch.ifu_err_dfflr.qout_r	u_eI_cpu.u_eJ_itcm_ctrl.u_sram_icb_ctrl.u_sirv_Kcyc_sram_ctrl.u_eL_stage.dp_gt_M.vld_dfflr.qout_r	u_e203_cpu.u_e203_core.u_e203_ifu.u_e203_ifu_ifetch.ifu_err_dfflr.qout_r$_DFFE_PN0P_/Q	u_e203_cpu.u_e203_itcm_ctrl.u_sram_icb_ctrl.u_sirv_1cyc_sram_ctrl.u_e1_stage.dp_gt_0.vld_dfflr.qout_r$_DFFE_PN0P_/D
823	-0.2128	u_eI_cpu.u_eJ_core.u_eK_exu.u_eL_exu_regfile.regfile[M].rfnoN.rf_dffl.qout_r[O]	u_eI_cpu.u_eJ_core.u_eK_ifu.u_eL_ifu_ifetch.ir_rsMidx_dfflr.qout_r[N]	u_e203_cpu.u_e203_core.u_e203_exu.u_e203_exu_regfile.regfile[14].rfno0.rf_dffl.qout_r[31]$_DFFE_PP_/Q	u_e203_cpu.u_e203_core.u_e203_ifu.u_e203_ifu_ifetch.ir_rs2idx_dfflr.qout_r[0]$_DFFE_PN0P_/D
824	-0.2120	u_eI_cpu.u_eJ_core.u_eK_ifu.u_eL_ifu_ifetch.ifu_err_dfflr.qout_r	u_eI_cpu.u_eJ_core.u_eK_exu.u_eL_exu_alu.u_eM_exu_alu_dpath.sbf_N_dffl.qout_r[O]	u_e203_cpu.u_e203_core.u_e203_ifu.u_e203_ifu_ifetch.ifu_err_dfflr.qout_r$_DFFE_PN0P_/Q	u_e203_cpu.u_e203_core.u_e203_exu.u_e203_exu_alu.u_e203_exu_alu_dpath.sbf_0_dffl.qout_r[10]$_DFFE_PP_/D
825	-0.2110	u_eI_cpu.u_eJ_core.u_eK_ifu.u_eL_ifu_ifetch.ifu_err_dfflr.qout_r	u_eI_cpu.u_eJ_core.u_eK_ifu.u_eL_ifu_iftMicb.icbNmem_dfflr.qout_r	u_e203_cpu.u_e203_core.u_e203_ifu.u_e203_ifu_ifetch.ifu_err_dfflr.qout_r$_DFFE_PN0P_/Q	u_e203_cpu.u_e203_core.u_e203_ifu.u_e203_ifu_ift2icb.icb2mem_dfflr.qout_r$_DFFE_PN0P_/D
826	-0.2102	u_eI_cpu.u_eJ_core.u_eK_exu.u_eL_exu_alu.u_eM_exu_alu_lsuagu.icb_state_dfflr.qout_r[N]	u_eI_cpu.u_eJ_clk_ctrl.u_itcm_clkgate.enb	u_e203_cpu.u_e203_core.u_e203_exu.u_e203_exu_alu.u_e203_exu_alu_lsuagu.icb_state_dfflr.qout_r[1]$_DFFE_PN0P_/Q	u_e203_cpu.u_e203_clk_ctrl.u_itcm_clkgate.enb$_DLATCH_N_/D
827	-0.2095	u_eI_cpu.u_eJ_core.u_eK_biu.u_biu_icb_arbt.arbt_num_gt_L_gen.dp_M.u_sirv_gnrl_rspid_fifo.dp_gt_N.dat_dfflr.qout_r	cmt_dpc_ena	u_e203_cpu.u_e203_core.u_e203_biu.u_biu_icb_arbt.arbt_num_gt_1_gen.dp_1.u_sirv_gnrl_rspid_fifo.dp_gt_0.dat_dfflr.qout_r$_DFFE_PP_/Q	cmt_dpc_ena
828	-0.2086	extIdtcm_icb_rsp_ready	cmt_dcause_ena	ext2dtcm_icb_rsp_ready	cmt_dcause_ena
829	-0.2085	u_eI_cpu.u_eJ_core.u_eK_exu.u_eL_exu_alu.u_eM_exu_alu_dpath.sbf_N_dffl.qout_r[O]	cmt_dpc_ena	u_e203_cpu.u_e203_core.u_e203_exu.u_e203_exu_alu.u_e203_exu_alu_dpath.sbf_0_dffl.qout_r[32]$_SDFFCE_PN0P_/Q	cmt_dpc_ena
830	-0.2076	u_eI_cpu.u_eJ_core.u_eK_exu.u_eL_exu_regfile.regfile[M].rfnoN.rf_dffl.qout_r[O]	u_eI_cpu.u_eJ_core.u_eK_biu.u_sirv_gnrl_icb_buffer.u_sirv_gnrl_cmd_fifo.dp_gtL.vec_M_dfflr.qout_r	u_e203_cpu.u_e203_core.u_e203_exu.u_e203_exu_regfile.regfile[14].rfno0.rf_dffl.qout_r[31]$_DFFE_PP_/Q	u_e203_cpu.u_e203_core.u_e203_biu.u_sirv_gnrl_icb_buffer.u_sirv_gnrl_cmd_fifo.dp_gt0.vec_31_dfflr.qout_r$_DFFE_PN0P_/D
831	-0.2072	u_eI_cpu.u_eJ_core.u_eK_ifu.u_eL_ifu_ifetch.ifu_lo_ir_dfflr.qout_r[M]	u_eI_cpu.u_eJ_itcm_ctrl.u_itcm_icb_arbt.arbt_num_gt_K_gen.dp_L.u_sirv_gnrl_rspid_fifo.dp_gt_M.vld_dfflr.qout_r	u_e203_cpu.u_e203_core.u_e203_ifu.u_e203_ifu_ifetch.ifu_lo_ir_dfflr.qout_r[6]$_DFFE_PN0P_/Q	u_e203_cpu.u_e203_itcm_ctrl.u_itcm_icb_arbt.arbt_num_gt_1_gen.dp_1.u_sirv_gnrl_rspid_fifo.dp_gt_0.vld_dfflr.qout_r$_DFFE_PN0P_/D
832	-0.2069	u_eI_cpu.u_eJ_core.u_eK_exu.u_eL_exu_alu.u_eM_exu_alu_lsuagu.icb_state_dfflr.qout_r[N]	u_eI_cpu.u_eJ_core.u_eK_biu.u_sirv_gnrl_icb_buffer.outs_cnt_dfflr.qout_r	u_e203_cpu.u_e203_core.u_e203_exu.u_e203_exu_alu.u_e203_exu_alu_lsuagu.icb_state_dfflr.qout_r[1]$_DFFE_PN0P_/Q	u_e203_cpu.u_e203_core.u_e203_biu.u_sirv_gnrl_icb_buffer.outs_cnt_dfflr.qout_r$_DFFE_PN0P_/D
833	-0.2067	u_eI_cpu.u_eJ_core.u_eK_ifu.u_eL_ifu_ifetch.ifu_err_dfflr.qout_r	u_eI_cpu.u_eJ_core.u_eK_ifu.u_eL_ifu_ifetch.out_flag_dfflr.qout_r	u_e203_cpu.u_e203_core.u_e203_ifu.u_e203_ifu_ifetch.ifu_err_dfflr.qout_r$_DFFE_PN0P_/Q	u_e203_cpu.u_e203_core.u_e203_ifu.u_e203_ifu_ifetch.out_flag_dfflr.qout_r$_DFFE_PN0P_/D
834	-0.2065	u_eI_cpu.u_eJ_core.u_eK_exu.u_eL_exu_regfile.regfile[M].rfnoN.rf_dffl.qout_r[O]	u_eI_srams.u_eJ_dtcm_ram.u_eK_dtcm_gnrl_ram.u_sirv_sim_ram.mem_r[L][M]	u_e203_cpu.u_e203_core.u_e203_exu.u_e203_exu_regfile.regfile[14].rfno0.rf_dffl.qout_r[31]$_DFFE_PP_/Q	u_e203_srams.u_e203_dtcm_ram.u_e203_dtcm_gnrl_ram.u_sirv_sim_ram.mem_r[0][0]$_DFFE_PP_/D
835	-0.2044	u_eI_cpu.u_eJ_core.u_eK_exu.u_eL_exu_alu.u_eM_exu_alu_lsuagu.icb_state_dfflr.qout_r[N]	u_eI_cpu.u_eJ_core.u_eK_ifu.u_eL_ifu_iftMicb.u_eN_ifetch_rsp_bypbuf.u_bypbuf_fifo.dp_gtO.fifo_rf[P].fifo_rf_dffl.qout_r[Q]	u_e203_cpu.u_e203_core.u_e203_exu.u_e203_exu_alu.u_e203_exu_alu_lsuagu.icb_state_dfflr.qout_r[1]$_DFFE_PN0P_/Q	u_e203_cpu.u_e203_core.u_e203_ifu.u_e203_ifu_ift2icb.u_e203_ifetch_rsp_bypbuf.u_bypbuf_fifo.dp_gt0.fifo_rf[0].fifo_rf_dffl.qout_r[10]$_DFFE_PP_/D
836	-0.2039	u_eI_cpu.u_eJ_core.u_eK_ifu.u_eL_ifu_ifetch.ifu_err_dfflr.qout_r	u_eI_cpu.u_eJ_core.u_eK_ifu.u_eL_ifu_iftMicb.req_need_Nuop_dfflr.qout_r	u_e203_cpu.u_e203_core.u_e203_ifu.u_e203_ifu_ifetch.ifu_err_dfflr.qout_r$_DFFE_PN0P_/Q	u_e203_cpu.u_e203_core.u_e203_ifu.u_e203_ifu_ift2icb.req_need_0uop_dfflr.qout_r$_DFFE_PN0P_/D
837	-0.2036	u_eI_cpu.u_eJ_core.u_eK_exu.u_eL_exu_alu.u_eM_exu_alu_lsuagu.icb_state_dfflr.qout_r[N]	u_eI_cpu.u_eJ_core.u_eK_biu.u_biu_icb_arbt.arbt_num_gt_L_gen.dp_M.u_sirv_gnrl_rspid_fifo.dp_gt_N.vld_dfflr.qout_r	u_e203_cpu.u_e203_core.u_e203_exu.u_e203_exu_alu.u_e203_exu_alu_lsuagu.icb_state_dfflr.qout_r[1]$_DFFE_PN0P_/Q	u_e203_cpu.u_e203_core.u_e203_biu.u_biu_icb_arbt.arbt_num_gt_1_gen.dp_1.u_sirv_gnrl_rspid_fifo.dp_gt_0.vld_dfflr.qout_r$_DFFE_PN0P_/D
838	-0.2026	u_eI_cpu.u_eJ_core.u_eK_ifu.u_eL_ifu_ifetch.ifu_hi_ir_dfflr.qout_r[M]	u_eI_cpu.u_eJ_core.u_eK_exu.u_eL_exu_csr.epc_dfflr.qout_r[M]	u_e203_cpu.u_e203_core.u_e203_ifu.u_e203_ifu_ifetch.ifu_hi_ir_dfflr.qout_r[15]$_DFFE_PN0P_/Q	u_e203_cpu.u_e203_core.u_e203_exu.u_e203_exu_csr.epc_dfflr.qout_r[10]$_DFFE_PN0P_/D
839	-0.1997	u_eI_cpu.u_eJ_core.u_eK_ifu.u_eL_ifu_ifetch.ir_rsMidx_dfflr.qout_r[N]	u_eI_cpu.u_eJ_core.u_eK_lsu.u_eL_lsu_ctrl.excl_flg_dffl.qout_r	u_e203_cpu.u_e203_core.u_e203_ifu.u_e203_ifu_ifetch.ir_rs2idx_dfflr.qout_r[4]$_DFFE_PN0P_/Q	u_e203_cpu.u_e203_core.u_e203_lsu.u_e203_lsu_ctrl.excl_flg_dffl.qout_r$_DFFE_PN0P_/D
840	-0.1985	u_eI_cpu.u_eJ_core.u_eK_ifu.u_eL_ifu_ifetch.ir_rsMidx_dfflr.qout_r[N]	u_eI_cpu.u_eJ_core.u_eK_ifu.u_eL_ifu_ifetch.ifu_pc_dfflr.qout_r[M]	u_e203_cpu.u_e203_core.u_e203_ifu.u_e203_ifu_ifetch.ir_rs2idx_dfflr.qout_r[4]$_DFFE_PN0P_/Q	u_e203_cpu.u_e203_core.u_e203_ifu.u_e203_ifu_ifetch.ifu_pc_dfflr.qout_r[10]$_DFFE_PN0P_/D
841	-0.1985	u_eI_cpu.u_eJ_core.u_eK_exu.u_eL_exu_regfile.regfile[M].rfnoN.rf_dffl.qout_r[O]	u_eI_cpu.u_eJ_core.u_eK_biu.u_biu_icb_arbt.arbt_num_gt_L_gen.dp_M.u_sirv_gnrl_rspid_fifo.dp_gt_N.dat_dfflr.qout_r	u_e203_cpu.u_e203_core.u_e203_exu.u_e203_exu_regfile.regfile[14].rfno0.rf_dffl.qout_r[31]$_DFFE_PP_/Q	u_e203_cpu.u_e203_core.u_e203_biu.u_biu_icb_arbt.arbt_num_gt_1_gen.dp_1.u_sirv_gnrl_rspid_fifo.dp_gt_0.dat_dfflr.qout_r$_DFFE_PP_/D
842	-0.1983	u_eI_cpu.u_eJ_core.u_eK_exu.u_eL_exu_alu.u_eM_exu_alu_lsuagu.icb_state_dfflr.qout_r[N]	u_eI_cpu.u_eJ_itcm_ctrl.u_sram_icb_ctrl.u_byp_icb_cmd_buf.u_bypbuf_fifo.dp_gtK.fifo_rf[L].fifo_rf_dffl.qout_r[M]	u_e203_cpu.u_e203_core.u_e203_exu.u_e203_exu_alu.u_e203_exu_alu_lsuagu.icb_state_dfflr.qout_r[1]$_DFFE_PN0P_/Q	u_e203_cpu.u_e203_itcm_ctrl.u_sram_icb_ctrl.u_byp_icb_cmd_buf.u_bypbuf_fifo.dp_gt0.fifo_rf[0].fifo_rf_dffl.qout_r[42]$_DFFE_PP_/D
843	-0.1983	u_eI_cpu.u_eJ_core.u_eK_exu.u_eL_exu_alu.u_eM_exu_alu_lsuagu.icb_state_dfflr.qout_r[N]	u_eI_cpu.u_eJ_core.u_eK_biu.u_sirv_gnrl_icb_buffer.u_sirv_gnrl_cmd_fifo.dp_gtL.fifo_rf[M].fifo_rf_dffl.qout_r[N]	u_e203_cpu.u_e203_core.u_e203_exu.u_e203_exu_alu.u_e203_exu_alu_lsuagu.icb_state_dfflr.qout_r[1]$_DFFE_PN0P_/Q	u_e203_cpu.u_e203_core.u_e203_biu.u_sirv_gnrl_icb_buffer.u_sirv_gnrl_cmd_fifo.dp_gt0.fifo_rf[0].fifo_rf_dffl.qout_r[73]$_DFFE_PP_/D
844	-0.1981	u_eI_cpu.u_eJ_core.u_eK_ifu.u_eL_ifu_ifetch.ifu_lo_ir_dfflr.qout_r[M]	u_eI_cpu.u_eJ_core.u_eK_ifu.u_eL_ifu_ifetch.u_eM_ifu_litebpu.rsNxn_rdrf_dfflrs.qout_r	u_e203_cpu.u_e203_core.u_e203_ifu.u_e203_ifu_ifetch.ifu_lo_ir_dfflr.qout_r[6]$_DFFE_PN0P_/Q	u_e203_cpu.u_e203_core.u_e203_ifu.u_e203_ifu_ifetch.u_e203_ifu_litebpu.rs1xn_rdrf_dfflrs.qout_r$_DFFE_PN0P_/D
845	-0.1980	u_eI_cpu.u_eJ_core.u_eK_exu.u_eL_exu_alu.u_eM_exu_alu_lsuagu.icb_state_dfflr.qout_r[N]	u_eI_cpu.u_eJ_core.u_eK_ifu.u_eL_ifu_iftMicb.leftover_dffl.qout_r[N]	u_e203_cpu.u_e203_core.u_e203_exu.u_e203_exu_alu.u_e203_exu_alu_lsuagu.icb_state_dfflr.qout_r[1]$_DFFE_PN0P_/Q	u_e203_cpu.u_e203_core.u_e203_ifu.u_e203_ifu_ift2icb.leftover_dffl.qout_r[12]$_DFFE_PP_/D
846	-0.1979	u_eI_cpu.u_eJ_core.u_eK_ifu.u_eL_ifu_ifetch.ifu_lo_ir_dfflr.qout_r[M]	u_eI_cpu.u_eJ_itcm_ctrl.u_itcm_icb_lsuKitcm_nLw.fifo_dp_M.u_sirv_gnrl_nNw_fifo.dp_gt_O.dat_dfflr.qout_r	u_e203_cpu.u_e203_core.u_e203_ifu.u_e203_ifu_ifetch.ifu_lo_ir_dfflr.qout_r[6]$_DFFE_PN0P_/Q	u_e203_cpu.u_e203_itcm_ctrl.u_itcm_icb_lsu2itcm_n2w.fifo_dp_1.u_sirv_gnrl_n2w_fifo.dp_gt_0.dat_dfflr.qout_r$_DFFE_PP_/D
847	-0.1966	u_eI_cpu.u_eJ_core.u_eK_ifu.u_eL_ifu_iftMicb.icb_state_dfflr.qout_r[N]	u_eI_cpu.u_eJ_core.u_eK_biu.u_sirv_gnrl_icb_buffer.u_sirv_gnrl_cmd_fifo.dp_gtL.fifo_rf[M].fifo_rf_dffl.qout_r[N]	u_e203_cpu.u_e203_core.u_e203_ifu.u_e203_ifu_ift2icb.icb_state_dfflr.qout_r[1]$_DFFE_PN0P_/Q	u_e203_cpu.u_e203_core.u_e203_biu.u_sirv_gnrl_icb_buffer.u_sirv_gnrl_cmd_fifo.dp_gt0.fifo_rf[0].fifo_rf_dffl.qout_r[73]$_DFFE_PP_/D
848	-0.1962	u_eI_cpu.u_eJ_core.u_eK_exu.u_eL_exu_regfile.regfile[M].rfnoN.rf_dffl.qout_r[O]	u_eI_srams.u_eJ_itcm_ram.u_eK_itcm_gnrl_ram.u_sirv_sim_ram.mem_r[L][M]	u_e203_cpu.u_e203_core.u_e203_exu.u_e203_exu_regfile.regfile[14].rfno0.rf_dffl.qout_r[31]$_DFFE_PP_/Q	u_e203_srams.u_e203_itcm_ram.u_e203_itcm_gnrl_ram.u_sirv_sim_ram.mem_r[0][0]$_DFFE_PP_/D
849	-0.1957	u_eI_cpu.u_eJ_core.u_eK_exu.u_eL_exu_regfile.regfile[M].rfnoN.rf_dffl.qout_r[O]	u_eI_cpu.u_eJ_core.u_eK_biu.u_sirv_gnrl_icb_buffer.u_sirv_gnrl_cmd_fifo.dp_gtL.vec_M_dfflrs.qout_r	u_e203_cpu.u_e203_core.u_e203_exu.u_e203_exu_regfile.regfile[14].rfno0.rf_dffl.qout_r[31]$_DFFE_PP_/Q	u_e203_cpu.u_e203_core.u_e203_biu.u_sirv_gnrl_icb_buffer.u_sirv_gnrl_cmd_fifo.dp_gt0.vec_0_dfflrs.qout_r$_DFFE_PN1P_/D
850	-0.1945	u_eI_cpu.u_eJ_core.u_eK_exu.u_eL_exu_alu.u_eM_exu_alu_dpath.sbf_N_dffl.qout_r[O]	cmt_dpc_ena	u_e203_cpu.u_e203_core.u_e203_exu.u_e203_exu_alu.u_e203_exu_alu_dpath.sbf_1_dffl.qout_r[0]$_DFFE_PP_/Q	cmt_dpc_ena
851	-0.1942	u_eI_cpu.u_eJ_core.u_eK_exu.u_eL_exu_regfile.regfile[M].rfnoN.rf_dffl.qout_r[O]	u_eI_cpu.u_eJ_core.u_eK_ifu.u_eL_ifu_ifetch.pc_dfflr.qout_r[M]	u_e203_cpu.u_e203_core.u_e203_exu.u_e203_exu_regfile.regfile[14].rfno0.rf_dffl.qout_r[31]$_DFFE_PP_/Q	u_e203_cpu.u_e203_core.u_e203_ifu.u_e203_ifu_ifetch.pc_dfflr.qout_r[29]$_DFFE_PN0P_/D
852	-0.1941	u_eI_cpu.u_eJ_core.u_eK_ifu.u_eL_ifu_ifetch.ifu_err_dfflr.qout_r	u_eI_cpu.u_eJ_core.u_eK_ifu.u_eL_ifu_ifetch.ifu_prdt_taken_dfflr.qout_r	u_e203_cpu.u_e203_core.u_e203_ifu.u_e203_ifu_ifetch.ifu_err_dfflr.qout_r$_DFFE_PN0P_/Q	u_e203_cpu.u_e203_core.u_e203_ifu.u_e203_ifu_ifetch.ifu_prdt_taken_dfflr.qout_r$_DFFE_PN0P_/D
853	-0.1922	u_eI_cpu.u_eJ_core.u_eK_exu.u_eL_exu_regfile.regfile[M].rfnoN.rf_dffl.qout_r[O]	u_eI_cpu.u_eJ_itcm_ctrl.u_sram_icb_ctrl.u_byp_icb_cmd_buf.u_bypbuf_fifo.dp_gtK.vec_L_dfflr.qout_r	u_e203_cpu.u_e203_core.u_e203_exu.u_e203_exu_regfile.regfile[14].rfno0.rf_dffl.qout_r[31]$_DFFE_PP_/Q	u_e203_cpu.u_e203_itcm_ctrl.u_sram_icb_ctrl.u_byp_icb_cmd_buf.u_bypbuf_fifo.dp_gt0.vec_31_dfflr.qout_r$_DFFE_PN0P_/D
854	-0.1920	u_eI_cpu.u_eJ_core.u_eK_exu.u_eL_exu_alu.u_eM_exu_alu_lsuagu.icb_state_dfflr.qout_r[N]	u_eI_cpu.u_eJ_core.u_eK_biu.u_sirv_gnrl_icb_buffer.u_sirv_gnrl_cmd_fifo.dp_gtL.vec_M_dfflr.qout_r	u_e203_cpu.u_e203_core.u_e203_exu.u_e203_exu_alu.u_e203_exu_alu_lsuagu.icb_state_dfflr.qout_r[1]$_DFFE_PN0P_/Q	u_e203_cpu.u_e203_core.u_e203_biu.u_sirv_gnrl_icb_buffer.u_sirv_gnrl_cmd_fifo.dp_gt0.vec_31_dfflr.qout_r$_DFFE_PN0P_/D
855	-0.1908	u_eI_cpu.u_eJ_core.u_eK_exu.u_eL_exu_alu.u_eM_exu_alu_lsuagu.icb_state_dfflr.qout_r[N]	u_eI_srams.u_eJ_dtcm_ram.u_eK_dtcm_gnrl_ram.u_sirv_sim_ram.mem_r[L][M]	u_e203_cpu.u_e203_core.u_e203_exu.u_e203_exu_alu.u_e203_exu_alu_lsuagu.icb_state_dfflr.qout_r[1]$_DFFE_PN0P_/Q	u_e203_srams.u_e203_dtcm_ram.u_e203_dtcm_gnrl_ram.u_sirv_sim_ram.mem_r[0][0]$_DFFE_PP_/D
856	-0.1906	u_eI_cpu.u_eJ_core.u_eK_ifu.u_eL_ifu_ifetch.ifu_err_dfflr.qout_r	u_eI_cpu.u_eJ_clk_ctrl.u_biu_clkgate.enb	u_e203_cpu.u_e203_core.u_e203_ifu.u_e203_ifu_ifetch.ifu_err_dfflr.qout_r$_DFFE_PN0P_/Q	u_e203_cpu.u_e203_clk_ctrl.u_biu_clkgate.enb$_DLATCH_N_/D
857	-0.1897	u_eI_cpu.u_eJ_core.u_eK_ifu.u_eL_ifu_ifetch.ifu_hi_ir_dfflr.qout_r[M]	u_eI_cpu.u_eJ_itcm_ctrl.u_itcm_icb_arbt.arbt_num_gt_K_gen.dp_L.u_sirv_gnrl_rspid_fifo.dp_gt_M.vld_dfflr.qout_r	u_e203_cpu.u_e203_core.u_e203_ifu.u_e203_ifu_ifetch.ifu_hi_ir_dfflr.qout_r[15]$_DFFE_PN0P_/Q	u_e203_cpu.u_e203_itcm_ctrl.u_itcm_icb_arbt.arbt_num_gt_1_gen.dp_1.u_sirv_gnrl_rspid_fifo.dp_gt_0.vld_dfflr.qout_r$_DFFE_PN0P_/D
858	-0.1881	u_eI_cpu.u_eJ_core.u_eK_ifu.u_eL_ifu_iftMicb.icb_state_dfflr.qout_r[N]	u_eI_cpu.u_eJ_core.u_eK_ifu.u_eL_ifu_ifetch.ifu_hi_ir_dfflr.qout_r[M]	u_e203_cpu.u_e203_core.u_e203_ifu.u_e203_ifu_ift2icb.icb_state_dfflr.qout_r[1]$_DFFE_PN0P_/Q	u_e203_cpu.u_e203_core.u_e203_ifu.u_e203_ifu_ifetch.ifu_hi_ir_dfflr.qout_r[10]$_DFFE_PN0P_/D
859	-0.1875	u_eI_cpu.u_eJ_core.u_eK_ifu.u_eL_ifu_ifetch.ifu_lo_ir_dfflr.qout_r[M]	u_eI_cpu.u_eJ_clk_ctrl.dtcm_active_dffr.qout_r	u_e203_cpu.u_e203_core.u_e203_ifu.u_e203_ifu_ifetch.ifu_lo_ir_dfflr.qout_r[6]$_DFFE_PN0P_/Q	u_e203_cpu.u_e203_clk_ctrl.dtcm_active_dffr.qout_r$_DFF_PN0_/D
860	-0.1869	u_eI_cpu.u_eJ_core.u_eK_ifu.u_eL_ifu_ifetch.ir_rsMidx_dfflr.qout_r[N]	u_eI_cpu.u_eJ_core.u_eK_ifu.u_eL_ifu_ifetch.ir_pc_vld_dfflr.qout_r	u_e203_cpu.u_e203_core.u_e203_ifu.u_e203_ifu_ifetch.ir_rs2idx_dfflr.qout_r[4]$_DFFE_PN0P_/Q	u_e203_cpu.u_e203_core.u_e203_ifu.u_e203_ifu_ifetch.ir_pc_vld_dfflr.qout_r$_DFFE_PN0P_/D
861	-0.1865	u_eI_cpu.u_eJ_core.u_eK_ifu.u_eL_ifu_ifetch.ir_muldiv_bMb_dfflr.qout_r	cmt_dpc_ena	u_e203_cpu.u_e203_core.u_e203_ifu.u_e203_ifu_ifetch.ir_muldiv_b2b_dfflr.qout_r$_DFFE_PN0P_/Q	cmt_dpc_ena
862	-0.1863	u_eI_cpu.u_eJ_core.u_eK_exu.u_eL_exu_regfile.regfile[M].rfnoN.rf_dffl.qout_r[O]	u_eI_cpu.u_eJ_core.u_eK_ifu.u_eL_ifu_iftMicb.leftover_err_dfflr.qout_r	u_e203_cpu.u_e203_core.u_e203_exu.u_e203_exu_regfile.regfile[14].rfno0.rf_dffl.qout_r[31]$_DFFE_PP_/Q	u_e203_cpu.u_e203_core.u_e203_ifu.u_e203_ifu_ift2icb.leftover_err_dfflr.qout_r$_DFFE_PN0P_/D
863	-0.1850	u_eI_cpu.u_eJ_core.u_eK_exu.u_eL_exu_regfile.regfile[M].rfnoN.rf_dffl.qout_r[O]	u_eI_cpu.u_eJ_core.u_eK_ifu.u_eL_ifu_ifetch.ifu_lo_ir_dfflr.qout_r[M]	u_e203_cpu.u_e203_core.u_e203_exu.u_e203_exu_regfile.regfile[14].rfno0.rf_dffl.qout_r[31]$_DFFE_PP_/Q	u_e203_cpu.u_e203_core.u_e203_ifu.u_e203_ifu_ifetch.ifu_lo_ir_dfflr.qout_r[7]$_DFFE_PN0P_/D
864	-0.1850	u_eI_cpu.u_eJ_core.u_eK_exu.u_eL_exu_regfile.regfile[M].rfnoN.rf_dffl.qout_r[O]	u_eI_cpu.u_eJ_core.u_eK_ifu.u_eL_ifu_ifetch.ifu_err_dfflr.qout_r	u_e203_cpu.u_e203_core.u_e203_exu.u_e203_exu_regfile.regfile[14].rfno0.rf_dffl.qout_r[31]$_DFFE_PP_/Q	u_e203_cpu.u_e203_core.u_e203_ifu.u_e203_ifu_ifetch.ifu_err_dfflr.qout_r$_DFFE_PN0P_/D
865	-0.1850	u_eI_cpu.u_eJ_core.u_eK_exu.u_eL_exu_regfile.regfile[M].rfnoN.rf_dffl.qout_r[O]	u_eI_cpu.u_eJ_core.u_eK_ifu.u_eL_ifu_ifetch.ir_muldiv_bMb_dfflr.qout_r	u_e203_cpu.u_e203_core.u_e203_exu.u_e203_exu_regfile.regfile[14].rfno0.rf_dffl.qout_r[31]$_DFFE_PP_/Q	u_e203_cpu.u_e203_core.u_e203_ifu.u_e203_ifu_ifetch.ir_muldiv_b2b_dfflr.qout_r$_DFFE_PN0P_/D
866	-0.1837	u_eI_cpu.u_eJ_core.u_eK_exu.u_eL_exu_regfile.regfile[M].rfnoN.rf_dffl.qout_r[O]	u_eI_cpu.u_eJ_itcm_ctrl.ifu_holdup_dffl.qout_r	u_e203_cpu.u_e203_core.u_e203_exu.u_e203_exu_regfile.regfile[14].rfno0.rf_dffl.qout_r[31]$_DFFE_PP_/Q	u_e203_cpu.u_e203_itcm_ctrl.ifu_holdup_dffl.qout_r$_DFFE_PN0P_/D
867	-0.1828	u_eI_cpu.u_eJ_core.u_eK_ifu.u_eL_ifu_ifetch.ifu_err_dfflr.qout_r	u_eI_cpu.u_eJ_core.u_eK_ifu.u_eL_ifu_ifetch.dly_flush_dfflr.qout_r	u_e203_cpu.u_e203_core.u_e203_ifu.u_e203_ifu_ifetch.ifu_err_dfflr.qout_r$_DFFE_PN0P_/Q	u_e203_cpu.u_e203_core.u_e203_ifu.u_e203_ifu_ifetch.dly_flush_dfflr.qout_r$_DFFE_PN0P_/D
868	-0.1828	u_eI_cpu.u_eJ_core.u_eK_exu.u_eL_exu_regfile.regfile[M].rfnoN.rf_dffl.qout_r[O]	u_eI_cpu.u_eJ_itcm_ctrl.u_sram_icb_ctrl.u_sirv_Kcyc_sram_ctrl.u_ram_clkgate.enb	u_e203_cpu.u_e203_core.u_e203_exu.u_e203_exu_regfile.regfile[14].rfno0.rf_dffl.qout_r[31]$_DFFE_PP_/Q	u_e203_cpu.u_e203_itcm_ctrl.u_sram_icb_ctrl.u_sirv_1cyc_sram_ctrl.u_ram_clkgate.enb$_DLATCH_N_/D
869	-0.1827	u_eI_cpu.u_eJ_core.u_eK_exu.u_eL_exu_alu.u_eM_exu_alu_lsuagu.icb_state_dfflr.qout_r[N]	u_eI_cpu.u_eJ_core.u_eK_ifu.u_eL_ifu_ifetch.ifu_hi_ir_dfflr.qout_r[M]	u_e203_cpu.u_e203_core.u_e203_exu.u_e203_exu_alu.u_e203_exu_alu_lsuagu.icb_state_dfflr.qout_r[1]$_DFFE_PN0P_/Q	u_e203_cpu.u_e203_core.u_e203_ifu.u_e203_ifu_ifetch.ifu_hi_ir_dfflr.qout_r[10]$_DFFE_PN0P_/D
870	-0.1826	u_eI_cpu.u_eJ_core.u_eK_ifu.u_eL_ifu_iftMicb.icb_state_dfflr.qout_r[N]	u_eI_cpu.u_eJ_itcm_ctrl.u_sram_icb_ctrl.u_byp_icb_cmd_buf.u_bypbuf_fifo.dp_gtK.fifo_rf[L].fifo_rf_dffl.qout_r[M]	u_e203_cpu.u_e203_core.u_e203_ifu.u_e203_ifu_ift2icb.icb_state_dfflr.qout_r[1]$_DFFE_PN0P_/Q	u_e203_cpu.u_e203_itcm_ctrl.u_sram_icb_ctrl.u_byp_icb_cmd_buf.u_bypbuf_fifo.dp_gt0.fifo_rf[0].fifo_rf_dffl.qout_r[42]$_DFFE_PP_/D
871	-0.1824	u_eI_cpu.u_eJ_core.u_eK_ifu.u_eL_ifu_ifetch.ir_rsMidx_dfflr.qout_r[N]	u_eI_cpu.u_eJ_core.u_eK_lsu.u_eL_lsu_ctrl.excl_addr_dffl.qout_r[M]	u_e203_cpu.u_e203_core.u_e203_ifu.u_e203_ifu_ifetch.ir_rs2idx_dfflr.qout_r[4]$_DFFE_PN0P_/Q	u_e203_cpu.u_e203_core.u_e203_lsu.u_e203_lsu_ctrl.excl_addr_dffl.qout_r[10]$_DFFE_PN0P_/D
872	-0.1821	u_eI_cpu.u_eJ_core.u_eK_ifu.u_eL_ifu_ifetch.ifu_err_dfflr.qout_r	u_eI_cpu.u_eJ_dtcm_ctrl.u_sram_icb_ctrl.u_byp_icb_cmd_buf.u_bypbuf_fifo.dp_gtK.fifo_rf[L].fifo_rf_dffl.qout_r[M]	u_e203_cpu.u_e203_core.u_e203_ifu.u_e203_ifu_ifetch.ifu_err_dfflr.qout_r$_DFFE_PN0P_/Q	u_e203_cpu.u_e203_dtcm_ctrl.u_sram_icb_ctrl.u_byp_icb_cmd_buf.u_bypbuf_fifo.dp_gt0.fifo_rf[0].fifo_rf_dffl.qout_r[10]$_DFFE_PP_/D
873	-0.1820	u_eI_cpu.u_eJ_core.u_eK_ifu.u_eL_ifu_ifetch.ifu_err_dfflr.qout_r	u_eI_cpu.u_eJ_core.u_eK_ifu.u_eL_ifu_iftMicb.req_same_cross_holdup_dfflr.qout_r	u_e203_cpu.u_e203_core.u_e203_ifu.u_e203_ifu_ifetch.ifu_err_dfflr.qout_r$_DFFE_PN0P_/Q	u_e203_cpu.u_e203_core.u_e203_ifu.u_e203_ifu_ift2icb.req_same_cross_holdup_dfflr.qout_r$_DFFE_PN0P_/D
874	-0.1820	u_eI_cpu.u_eJ_core.u_eK_ifu.u_eL_ifu_ifetch.ifu_err_dfflr.qout_r	u_eI_cpu.u_eJ_clk_ctrl.itcm_active_dffr.qout_r	u_e203_cpu.u_e203_core.u_e203_ifu.u_e203_ifu_ifetch.ifu_err_dfflr.qout_r$_DFFE_PN0P_/Q	u_e203_cpu.u_e203_clk_ctrl.itcm_active_dffr.qout_r$_DFF_PN0_/D
875	-0.1817	u_eI_cpu.u_eJ_core.u_eK_exu.u_eL_exu_regfile.regfile[M].rfnoN.rf_dffl.qout_r[O]	u_eI_cpu.u_eJ_core.u_eK_ifu.u_eL_ifu_iftMicb.icbNitcm_dfflr.qout_r	u_e203_cpu.u_e203_core.u_e203_exu.u_e203_exu_regfile.regfile[14].rfno0.rf_dffl.qout_r[31]$_DFFE_PP_/Q	u_e203_cpu.u_e203_core.u_e203_ifu.u_e203_ifu_ift2icb.icb2itcm_dfflr.qout_r$_DFFE_PN0P_/D
876	-0.1816	u_eI_cpu.u_eJ_core.u_eK_ifu.u_eL_ifu_iftMicb.icb_state_dfflr.qout_r[N]	u_eI_cpu.u_eJ_core.u_eK_ifu.u_eL_ifu_iftMicb.leftover_dffl.qout_r[N]	u_e203_cpu.u_e203_core.u_e203_ifu.u_e203_ifu_ift2icb.icb_state_dfflr.qout_r[1]$_DFFE_PN0P_/Q	u_e203_cpu.u_e203_core.u_e203_ifu.u_e203_ifu_ift2icb.leftover_dffl.qout_r[12]$_DFFE_PP_/D
877	-0.1816	u_eI_cpu.u_eJ_core.u_eK_ifu.u_eL_ifu_ifetch.ifu_lo_ir_dfflr.qout_r[M]	u_eI_cpu.u_eJ_core.u_eK_exu.u_eL_exu_alu.u_eM_exu_alu_lsuagu.unalgn_flg_dffl.qout_r	u_e203_cpu.u_e203_core.u_e203_ifu.u_e203_ifu_ifetch.ifu_lo_ir_dfflr.qout_r[6]$_DFFE_PN0P_/Q	u_e203_cpu.u_e203_core.u_e203_exu.u_e203_exu_alu.u_e203_exu_alu_lsuagu.unalgn_flg_dffl.qout_r$_DFFE_PN0P_/D
878	-0.1808	u_eI_cpu.u_eJ_core.u_eK_ifu.u_eL_ifu_ifetch.ifu_lo_ir_dfflr.qout_r[M]	u_eI_cpu.u_eJ_core.u_eK_exu.u_eL_exu_alu.u_eM_exu_alu_muldiv.exec_cnt_dfflr.qout_r[N]	u_e203_cpu.u_e203_core.u_e203_ifu.u_e203_ifu_ifetch.ifu_lo_ir_dfflr.qout_r[6]$_DFFE_PN0P_/Q	u_e203_cpu.u_e203_core.u_e203_exu.u_e203_exu_alu.u_e203_exu_alu_muldiv.exec_cnt_dfflr.qout_r[0]$_DFFE_PN0P_/D
879	-0.1807	u_eI_cpu.u_eJ_core.u_eK_exu.u_eL_exu_alu.u_eM_exu_alu_muldiv.part_prdt_sftN_dfflr.qout_r	cmt_dcause_ena	u_e203_cpu.u_e203_core.u_e203_exu.u_e203_exu_alu.u_e203_exu_alu_muldiv.part_prdt_sft1_dfflr.qout_r$_DFFE_PN0P_/Q	cmt_dcause_ena
880	-0.1806	u_eI_cpu.u_eJ_core.u_eK_exu.u_eL_exu_alu.u_eM_exu_alu_lsuagu.icb_state_dfflr.qout_r[N]	u_eI_srams.u_eJ_itcm_ram.u_eK_itcm_gnrl_ram.u_sirv_sim_ram.mem_r[L][M]	u_e203_cpu.u_e203_core.u_e203_exu.u_e203_exu_alu.u_e203_exu_alu_lsuagu.icb_state_dfflr.qout_r[1]$_DFFE_PN0P_/Q	u_e203_srams.u_e203_itcm_ram.u_e203_itcm_gnrl_ram.u_sirv_sim_ram.mem_r[0][0]$_DFFE_PP_/D
881	-0.1805	u_eI_cpu.u_eJ_core.u_eK_ifu.u_eL_ifu_ifetch.ifu_hi_ir_dfflr.qout_r[M]	u_eI_cpu.u_eJ_core.u_eK_ifu.u_eL_ifu_ifetch.u_eM_ifu_litebpu.rsNxn_rdrf_dfflrs.qout_r	u_e203_cpu.u_e203_core.u_e203_ifu.u_e203_ifu_ifetch.ifu_hi_ir_dfflr.qout_r[15]$_DFFE_PN0P_/Q	u_e203_cpu.u_e203_core.u_e203_ifu.u_e203_ifu_ifetch.u_e203_ifu_litebpu.rs1xn_rdrf_dfflrs.qout_r$_DFFE_PN0P_/D
882	-0.1803	u_eI_cpu.u_eJ_core.u_eK_ifu.u_eL_ifu_ifetch.ifu_hi_ir_dfflr.qout_r[M]	u_eI_cpu.u_eJ_itcm_ctrl.u_itcm_icb_lsuKitcm_nLw.fifo_dp_M.u_sirv_gnrl_nNw_fifo.dp_gt_O.dat_dfflr.qout_r	u_e203_cpu.u_e203_core.u_e203_ifu.u_e203_ifu_ifetch.ifu_hi_ir_dfflr.qout_r[15]$_DFFE_PN0P_/Q	u_e203_cpu.u_e203_itcm_ctrl.u_itcm_icb_lsu2itcm_n2w.fifo_dp_1.u_sirv_gnrl_n2w_fifo.dp_gt_0.dat_dfflr.qout_r$_DFFE_PP_/D
883	-0.1801	u_eI_cpu.u_eJ_core.u_eK_exu.u_eL_exu_regfile.regfile[M].rfnoN.rf_dffl.qout_r[O]	u_eI_cpu.u_eJ_core.u_eK_ifu.u_eL_ifu_iftMicb.icb_addr_N_O_dffl.qout_r[P]	u_e203_cpu.u_e203_core.u_e203_exu.u_e203_exu_regfile.regfile[14].rfno0.rf_dffl.qout_r[31]$_DFFE_PP_/Q	u_e203_cpu.u_e203_core.u_e203_ifu.u_e203_ifu_ift2icb.icb_addr_2_1_dffl.qout_r[0]$_DFFE_PP_/D
884	-0.1797	u_eI_cpu.u_eJ_core.u_eK_exu.u_eL_exu_regfile.regfile[M].rfnoN.rf_dffl.qout_r[O]	u_eI_cpu.u_eJ_core.u_eK_ifu.u_eL_ifu_ifetch.pc_newpend_dfflr.qout_r	u_e203_cpu.u_e203_core.u_e203_exu.u_e203_exu_regfile.regfile[14].rfno0.rf_dffl.qout_r[31]$_DFFE_PP_/Q	u_e203_cpu.u_e203_core.u_e203_ifu.u_e203_ifu_ifetch.pc_newpend_dfflr.qout_r$_DFFE_PN0P_/D
885	-0.1796	u_eI_cpu.u_eJ_core.u_eK_ifu.u_eL_ifu_ifetch.ifu_err_dfflr.qout_r	u_eI_cpu.u_eJ_core.u_eK_ifu.u_eL_ifu_ifetch.ir_valid_dfflr.qout_r	u_e203_cpu.u_e203_core.u_e203_ifu.u_e203_ifu_ifetch.ifu_err_dfflr.qout_r$_DFFE_PN0P_/Q	u_e203_cpu.u_e203_core.u_e203_ifu.u_e203_ifu_ifetch.ir_valid_dfflr.qout_r$_DFFE_PN0P_/D
886	-0.1786	u_eI_cpu.u_eJ_core.u_eK_exu.u_eL_exu_alu.u_eM_exu_alu_lsuagu.icb_state_dfflr.qout_r[N]	u_eI_cpu.u_eJ_core.u_eK_biu.u_biu_icb_arbt.arbt_num_gt_L_gen.dp_M.u_sirv_gnrl_rspid_fifo.dp_gt_N.dat_dfflr.qout_r	u_e203_cpu.u_e203_core.u_e203_exu.u_e203_exu_alu.u_e203_exu_alu_lsuagu.icb_state_dfflr.qout_r[1]$_DFFE_PN0P_/Q	u_e203_cpu.u_e203_core.u_e203_biu.u_biu_icb_arbt.arbt_num_gt_1_gen.dp_1.u_sirv_gnrl_rspid_fifo.dp_gt_0.dat_dfflr.qout_r$_DFFE_PP_/D
887	-0.1783	u_eI_cpu.u_eJ_core.u_eK_ifu.u_eL_ifu_ifetch.ifu_err_dfflr.qout_r	u_eI_cpu.u_eJ_core.u_eK_exu.u_eL_exu_csr.minstret_dfflr.qout_r[M]	u_e203_cpu.u_e203_core.u_e203_ifu.u_e203_ifu_ifetch.ifu_err_dfflr.qout_r$_DFFE_PN0P_/Q	u_e203_cpu.u_e203_core.u_e203_exu.u_e203_exu_csr.minstret_dfflr.qout_r[29]$_DFFE_PN0P_/D
888	-0.1774	u_eI_cpu.u_eJ_core.u_eK_ifu.u_eL_ifu_ifetch.ifu_err_dfflr.qout_r	u_eI_cpu.u_eJ_core.u_eK_ifu.u_eL_ifu_ifetch.reset_req_dfflr.qout_r	u_e203_cpu.u_e203_core.u_e203_ifu.u_e203_ifu_ifetch.ifu_err_dfflr.qout_r$_DFFE_PN0P_/Q	u_e203_cpu.u_e203_core.u_e203_ifu.u_e203_ifu_ifetch.reset_req_dfflr.qout_r$_DFFE_PN0P_/D
889	-0.1770	u_eI_cpu.u_eJ_core.u_eK_ifu.u_eL_ifu_ifetch.ir_rsMidx_dfflr.qout_r[N]	u_eI_cpu.u_eJ_core.u_eK_exu.u_eL_exu_alu.u_eM_exu_alu_muldiv.part_prdt_sftN_dfflr.qout_r	u_e203_cpu.u_e203_core.u_e203_ifu.u_e203_ifu_ifetch.ir_rs2idx_dfflr.qout_r[4]$_DFFE_PN0P_/Q	u_e203_cpu.u_e203_core.u_e203_exu.u_e203_exu_alu.u_e203_exu_alu_muldiv.part_prdt_sft1_dfflr.qout_r$_DFFE_PN0P_/D
890	-0.1763	u_eI_cpu.u_eJ_core.u_eK_exu.u_eL_exu_alu.u_eM_exu_alu_lsuagu.icb_state_dfflr.qout_r[N]	u_eI_cpu.u_eJ_core.u_eK_biu.u_sirv_gnrl_icb_buffer.u_sirv_gnrl_cmd_fifo.dp_gtL.vec_M_dfflrs.qout_r	u_e203_cpu.u_e203_core.u_e203_exu.u_e203_exu_alu.u_e203_exu_alu_lsuagu.icb_state_dfflr.qout_r[1]$_DFFE_PN0P_/Q	u_e203_cpu.u_e203_core.u_e203_biu.u_sirv_gnrl_icb_buffer.u_sirv_gnrl_cmd_fifo.dp_gt0.vec_0_dfflrs.qout_r$_DFFE_PN1P_/D
891	-0.1753	u_eI_cpu.u_eJ_core.u_eK_ifu.u_eL_ifu_ifetch.ifu_err_dfflr.qout_r	u_eI_cpu.u_eJ_core.u_eK_ifu.u_eL_ifu_iftMicb.icb_state_dfflr.qout_r[N]	u_e203_cpu.u_e203_core.u_e203_ifu.u_e203_ifu_ifetch.ifu_err_dfflr.qout_r$_DFFE_PN0P_/Q	u_e203_cpu.u_e203_core.u_e203_ifu.u_e203_ifu_ift2icb.icb_state_dfflr.qout_r[0]$_DFFE_PN0P_/D
892	-0.1749	u_eI_cpu.u_eJ_core.u_eK_ifu.u_eL_ifu_ifetch.ifu_err_dfflr.qout_r	u_eI_cpu.u_eJ_core.u_eK_ifu.u_eL_ifu_iftMicb.req_lane_cross_dfflr.qout_r	u_e203_cpu.u_e203_core.u_e203_ifu.u_e203_ifu_ifetch.ifu_err_dfflr.qout_r$_DFFE_PN0P_/Q	u_e203_cpu.u_e203_core.u_e203_ifu.u_e203_ifu_ift2icb.req_lane_cross_dfflr.qout_r$_DFFE_PN0P_/D
893	-0.1732	u_eI_cpu.u_eJ_core.u_eK_ifu.u_eL_ifu_ifetch.ifu_lo_ir_dfflr.qout_r[M]	u_eI_cpu.u_eJ_core.u_eK_exu.u_eL_exu_oitf.depth_gtM.alc_ptr_flg_dfflrs.qout_r	u_e203_cpu.u_e203_core.u_e203_ifu.u_e203_ifu_ifetch.ifu_lo_ir_dfflr.qout_r[6]$_DFFE_PN0P_/Q	u_e203_cpu.u_e203_core.u_e203_exu.u_e203_exu_oitf.depth_gt1.alc_ptr_flg_dfflrs.qout_r$_DFFE_PN0P_/D
894	-0.1731	u_eI_cpu.u_eJ_core.u_eK_ifu.u_eL_ifu_ifetch.ifu_lo_ir_dfflr.qout_r[M]	u_eI_cpu.u_eJ_dtcm_ctrl.u_dtcm_icb_arbt.arbt_num_gt_K_gen.dp_L.u_sirv_gnrl_rspid_fifo.dp_gt_M.dat_dfflr.qout_r	u_e203_cpu.u_e203_core.u_e203_ifu.u_e203_ifu_ifetch.ifu_lo_ir_dfflr.qout_r[6]$_DFFE_PN0P_/Q	u_e203_cpu.u_e203_dtcm_ctrl.u_dtcm_icb_arbt.arbt_num_gt_1_gen.dp_1.u_sirv_gnrl_rspid_fifo.dp_gt_0.dat_dfflr.qout_r$_DFFE_PP_/D
895	-0.1730	u_eI_cpu.u_eJ_core.u_eK_ifu.u_eL_ifu_ifetch.ir_rsMidx_dfflr.qout_r[N]	u_eI_cpu.u_eJ_clk_ctrl.u_dtcm_clkgate.enb	u_e203_cpu.u_e203_core.u_e203_ifu.u_e203_ifu_ifetch.ir_rs2idx_dfflr.qout_r[4]$_DFFE_PN0P_/Q	u_e203_cpu.u_e203_clk_ctrl.u_dtcm_clkgate.enb$_DLATCH_N_/D
896	-0.1725	u_eI_cpu.u_eJ_core.u_eK_exu.u_eL_exu_regfile.regfile[M].rfnoN.rf_dffl.qout_r[O]	u_eI_cpu.u_eJ_itcm_ctrl.u_sram_icb_ctrl.u_sirv_Kcyc_sram_ctrl.u_eL_stage.dp_gt_M.vld_dfflr.qout_r	u_e203_cpu.u_e203_core.u_e203_exu.u_e203_exu_regfile.regfile[14].rfno0.rf_dffl.qout_r[31]$_DFFE_PP_/Q	u_e203_cpu.u_e203_itcm_ctrl.u_sram_icb_ctrl.u_sirv_1cyc_sram_ctrl.u_e1_stage.dp_gt_0.vld_dfflr.qout_r$_DFFE_PN0P_/D
897	-0.1722	u_eI_cpu.u_eJ_core.u_eK_ifu.u_eL_ifu_iftMicb.icb_state_dfflr.qout_r[N]	u_eI_cpu.u_eJ_core.u_eK_ifu.u_eL_ifu_ifetch.ir_rsMidx_dfflr.qout_r[N]	u_e203_cpu.u_e203_core.u_e203_ifu.u_e203_ifu_ift2icb.icb_state_dfflr.qout_r[1]$_DFFE_PN0P_/Q	u_e203_cpu.u_e203_core.u_e203_ifu.u_e203_ifu_ifetch.ir_rs2idx_dfflr.qout_r[0]$_DFFE_PN0P_/D
898	-0.1716	u_eI_cpu.u_eJ_core.u_eK_ifu.u_eL_ifu_ifetch.ir_rsMidx_dfflr.qout_r[N]	u_eI_cpu.u_eJ_core.u_eK_exu.u_eL_exu_alu.u_eM_exu_alu_muldiv.muldiv_state_dfflr.qout_r[N]	u_e203_cpu.u_e203_core.u_e203_ifu.u_e203_ifu_ifetch.ir_rs2idx_dfflr.qout_r[4]$_DFFE_PN0P_/Q	u_e203_cpu.u_e203_core.u_e203_exu.u_e203_exu_alu.u_e203_exu_alu_muldiv.muldiv_state_dfflr.qout_r[1]$_DFFE_PN0P_/D
899	-0.1715	u_eI_cpu.u_eJ_core.u_eK_ifu.u_eL_ifu_ifetch.ifu_lo_ir_dfflr.qout_r[M]	u_eI_cpu.u_eJ_core.u_eK_exu.u_eL_exu_csr.mcycle_dfflr.qout_r[M]	u_e203_cpu.u_e203_core.u_e203_ifu.u_e203_ifu_ifetch.ifu_lo_ir_dfflr.qout_r[6]$_DFFE_PN0P_/Q	u_e203_cpu.u_e203_core.u_e203_exu.u_e203_exu_csr.mcycle_dfflr.qout_r[10]$_DFFE_PN0P_/D
900	-0.1715	u_eI_cpu.u_eJ_core.u_eK_ifu.u_eL_ifu_ifetch.ifu_lo_ir_dfflr.qout_r[M]	u_eI_cpu.u_eJ_core.u_eK_exu.u_eL_exu_csr.mcycleh_dfflr.qout_r[M]	u_e203_cpu.u_e203_core.u_e203_ifu.u_e203_ifu_ifetch.ifu_lo_ir_dfflr.qout_r[6]$_DFFE_PN0P_/Q	u_e203_cpu.u_e203_core.u_e203_exu.u_e203_exu_csr.mcycleh_dfflr.qout_r[10]$_DFFE_PN0P_/D
901	-0.1714	u_eI_cpu.u_eJ_core.u_eK_ifu.u_eL_ifu_ifetch.ifu_lo_ir_dfflr.qout_r[M]	u_eI_cpu.u_eJ_core.u_eK_exu.u_eL_exu_csr.mtvec_dfflr.qout_r[M]	u_e203_cpu.u_e203_core.u_e203_ifu.u_e203_ifu_ifetch.ifu_lo_ir_dfflr.qout_r[6]$_DFFE_PN0P_/Q	u_e203_cpu.u_e203_core.u_e203_exu.u_e203_exu_csr.mtvec_dfflr.qout_r[10]$_DFFE_PN0P_/D
902	-0.1714	u_eI_cpu.u_eJ_core.u_eK_exu.u_eL_exu_regfile.regfile[M].rfnoN.rf_dffl.qout_r[O]	u_eI_cpu.u_eJ_core.u_eK_exu.u_eL_exu_alu.u_eM_exu_alu_dpath.sbf_N_dffl.qout_r[O]	u_e203_cpu.u_e203_core.u_e203_exu.u_e203_exu_regfile.regfile[14].rfno0.rf_dffl.qout_r[31]$_DFFE_PP_/Q	u_e203_cpu.u_e203_core.u_e203_exu.u_e203_exu_alu.u_e203_exu_alu_dpath.sbf_0_dffl.qout_r[10]$_DFFE_PP_/D
903	-0.1712	u_eI_cpu.u_eJ_core.u_eK_ifu.u_eL_ifu_ifetch.ifu_err_dfflr.qout_r	u_eI_cpu.u_eJ_core.u_eK_ifu.u_eL_ifu_iftMicb.u_eN_ifetch_rsp_bypbuf.u_bypbuf_fifo.dp_gtO.vec_P_dfflrs.qout_r	u_e203_cpu.u_e203_core.u_e203_ifu.u_e203_ifu_ifetch.ifu_err_dfflr.qout_r$_DFFE_PN0P_/Q	u_e203_cpu.u_e203_core.u_e203_ifu.u_e203_ifu_ift2icb.u_e203_ifetch_rsp_bypbuf.u_bypbuf_fifo.dp_gt0.vec_0_dfflrs.qout_r$_DFFE_PN1P_/D
904	-0.1705	u_eI_cpu.u_eJ_core.u_eK_ifu.u_eL_ifu_ifetch.ifu_lo_ir_dfflr.qout_r[M]	u_eI_cpu.u_eJ_core.u_eK_exu.u_eL_exu_csr.cause_dfflr.qout_r[M]	u_e203_cpu.u_e203_core.u_e203_ifu.u_e203_ifu_ifetch.ifu_lo_ir_dfflr.qout_r[6]$_DFFE_PN0P_/Q	u_e203_cpu.u_e203_core.u_e203_exu.u_e203_exu_csr.cause_dfflr.qout_r[0]$_DFFE_PN0P_/D
905	-0.1703	u_eI_cpu.u_eJ_core.u_eK_exu.u_eL_exu_regfile.regfile[M].rfnoN.rf_dffl.qout_r[O]	u_eI_cpu.u_eJ_core.u_eK_ifu.u_eL_ifu_iftMicb.icbNmem_dfflr.qout_r	u_e203_cpu.u_e203_core.u_e203_exu.u_e203_exu_regfile.regfile[14].rfno0.rf_dffl.qout_r[31]$_DFFE_PP_/Q	u_e203_cpu.u_e203_core.u_e203_ifu.u_e203_ifu_ift2icb.icb2mem_dfflr.qout_r$_DFFE_PN0P_/D
906	-0.1699	u_eI_cpu.u_eJ_core.u_eK_ifu.u_eL_ifu_ifetch.ifu_hi_ir_dfflr.qout_r[M]	u_eI_cpu.u_eJ_clk_ctrl.dtcm_active_dffr.qout_r	u_e203_cpu.u_e203_core.u_e203_ifu.u_e203_ifu_ifetch.ifu_hi_ir_dfflr.qout_r[15]$_DFFE_PN0P_/Q	u_e203_cpu.u_e203_clk_ctrl.dtcm_active_dffr.qout_r$_DFF_PN0_/D
907	-0.1692	u_eI_cpu.u_eJ_core.u_eK_ifu.u_eL_ifu_ifetch.ir_rsMidx_dfflr.qout_r[N]	u_eI_cpu.u_eJ_core.u_eK_exu.u_eL_exu_oitf.depth_gtM.alc_ptr_dfflrs.qout_r	u_e203_cpu.u_e203_core.u_e203_ifu.u_e203_ifu_ifetch.ir_rs2idx_dfflr.qout_r[4]$_DFFE_PN0P_/Q	u_e203_cpu.u_e203_core.u_e203_exu.u_e203_exu_oitf.depth_gt1.alc_ptr_dfflrs.qout_r$_DFFE_PN0P_/D
908	-0.1689	u_eI_cpu.u_eJ_core.u_eK_exu.u_eL_exu_alu.u_eM_exu_alu_lsuagu.icb_state_dfflr.qout_r[N]	u_eI_cpu.u_eJ_itcm_ctrl.u_sram_icb_ctrl.u_byp_icb_cmd_buf.u_bypbuf_fifo.dp_gtK.vec_L_dfflr.qout_r	u_e203_cpu.u_e203_core.u_e203_exu.u_e203_exu_alu.u_e203_exu_alu_lsuagu.icb_state_dfflr.qout_r[1]$_DFFE_PN0P_/Q	u_e203_cpu.u_e203_itcm_ctrl.u_sram_icb_ctrl.u_byp_icb_cmd_buf.u_bypbuf_fifo.dp_gt0.vec_31_dfflr.qout_r$_DFFE_PN0P_/D
909	-0.1679	u_eI_cpu.u_eJ_core.u_eK_ifu.u_eL_ifu_ifetch.ifu_err_dfflr.qout_r	u_eI_cpu.u_eJ_itcm_ctrl.u_sram_icb_ctrl.u_sirv_Kcyc_sram_ctrl.u_eL_stage.dp_gt_M.dat_dfflr.qout_r[N]	u_e203_cpu.u_e203_core.u_e203_ifu.u_e203_ifu_ifetch.ifu_err_dfflr.qout_r$_DFFE_PN0P_/Q	u_e203_cpu.u_e203_itcm_ctrl.u_sram_icb_ctrl.u_sirv_1cyc_sram_ctrl.u_e1_stage.dp_gt_0.dat_dfflr.qout_r[1]$_DFFE_PP_/D
910	-0.1676	u_eI_cpu.u_eJ_core.u_eK_ifu.u_eL_ifu_iftMicb.icb_state_dfflr.qout_r[N]	u_eI_cpu.u_eJ_itcm_ctrl.u_sram_icb_ctrl.u_byp_icb_cmd_buf.u_bypbuf_fifo.dp_gtK.vec_L_dfflrs.qout_r	u_e203_cpu.u_e203_core.u_e203_ifu.u_e203_ifu_ift2icb.icb_state_dfflr.qout_r[1]$_DFFE_PN0P_/Q	u_e203_cpu.u_e203_itcm_ctrl.u_sram_icb_ctrl.u_byp_icb_cmd_buf.u_bypbuf_fifo.dp_gt0.vec_0_dfflrs.qout_r$_DFFE_PN1P_/D
911	-0.1672	u_eI_cpu.u_eJ_core.u_eK_exu.u_eL_exu_alu.u_eM_exu_alu_lsuagu.icb_state_dfflr.qout_r[N]	u_eI_cpu.u_eJ_itcm_ctrl.u_sram_icb_ctrl.u_sirv_Kcyc_sram_ctrl.u_ram_clkgate.enb	u_e203_cpu.u_e203_core.u_e203_exu.u_e203_exu_alu.u_e203_exu_alu_lsuagu.icb_state_dfflr.qout_r[1]$_DFFE_PN0P_/Q	u_e203_cpu.u_e203_itcm_ctrl.u_sram_icb_ctrl.u_sirv_1cyc_sram_ctrl.u_ram_clkgate.enb$_DLATCH_N_/D
912	-0.1668	u_eI_cpu.u_eJ_core.u_eK_exu.u_eL_exu_alu.u_eM_exu_alu_lsuagu.icb_state_dfflr.qout_r[N]	u_eI_cpu.u_eJ_core.u_eK_ifu.u_eL_ifu_ifetch.ir_rsMidx_dfflr.qout_r[N]	u_e203_cpu.u_e203_core.u_e203_exu.u_e203_exu_alu.u_e203_exu_alu_lsuagu.icb_state_dfflr.qout_r[1]$_DFFE_PN0P_/Q	u_e203_cpu.u_e203_core.u_e203_ifu.u_e203_ifu_ifetch.ir_rs2idx_dfflr.qout_r[0]$_DFFE_PN0P_/D
913	-0.1661	u_eI_cpu.u_eJ_core.u_eK_exu.u_eL_exu_alu.u_eM_exu_alu_lsuagu.icb_state_dfflr.qout_r[N]	u_eI_cpu.u_eJ_core.u_eK_ifu.u_eL_ifu_iftMicb.icbNitcm_dfflr.qout_r	u_e203_cpu.u_e203_core.u_e203_exu.u_e203_exu_alu.u_e203_exu_alu_lsuagu.icb_state_dfflr.qout_r[1]$_DFFE_PN0P_/Q	u_e203_cpu.u_e203_core.u_e203_ifu.u_e203_ifu_ift2icb.icb2itcm_dfflr.qout_r$_DFFE_PN0P_/D
914	-0.1661	u_eI_cpu.u_eJ_core.u_eK_exu.u_eL_exu_regfile.regfile[M].rfnoN.rf_dffl.qout_r[O]	u_eI_cpu.u_eJ_core.u_eK_ifu.u_eL_ifu_ifetch.out_flag_dfflr.qout_r	u_e203_cpu.u_e203_core.u_e203_exu.u_e203_exu_regfile.regfile[14].rfno0.rf_dffl.qout_r[31]$_DFFE_PP_/Q	u_e203_cpu.u_e203_core.u_e203_ifu.u_e203_ifu_ifetch.out_flag_dfflr.qout_r$_DFFE_PN0P_/D
915	-0.1658	u_eI_cpu.u_eJ_core.u_eK_ifu.u_eL_ifu_ifetch.ifu_lo_ir_dfflr.qout_r[M]	u_eI_cpu.u_eJ_core.u_eK_exu.u_eL_exu_csr.status_mie_dfflr.qout_r	u_e203_cpu.u_e203_core.u_e203_ifu.u_e203_ifu_ifetch.ifu_lo_ir_dfflr.qout_r[6]$_DFFE_PN0P_/Q	u_e203_cpu.u_e203_core.u_e203_exu.u_e203_exu_csr.status_mie_dfflr.qout_r$_DFFE_PN0P_/D
916	-0.1658	u_eI_cpu.u_eJ_core.u_eK_ifu.u_eL_ifu_ifetch.ifu_err_dfflr.qout_r	u_eI_cpu.u_eJ_core.u_eK_exu.u_eL_exu_csr.minstreth_dfflr.qout_r[M]	u_e203_cpu.u_e203_core.u_e203_ifu.u_e203_ifu_ifetch.ifu_err_dfflr.qout_r$_DFFE_PN0P_/Q	u_e203_cpu.u_e203_core.u_e203_exu.u_e203_exu_csr.minstreth_dfflr.qout_r[30]$_DFFE_PN0P_/D
917	-0.1645	u_eI_cpu.u_eJ_core.u_eK_exu.u_eL_exu_alu.u_eM_exu_alu_lsuagu.icb_state_dfflr.qout_r[N]	u_eI_cpu.u_eJ_core.u_eK_ifu.u_eL_ifu_iftMicb.icb_addr_N_O_dffl.qout_r[P]	u_e203_cpu.u_e203_core.u_e203_exu.u_e203_exu_alu.u_e203_exu_alu_lsuagu.icb_state_dfflr.qout_r[1]$_DFFE_PN0P_/Q	u_e203_cpu.u_e203_core.u_e203_ifu.u_e203_ifu_ift2icb.icb_addr_2_1_dffl.qout_r[0]$_DFFE_PP_/D
918	-0.1644	u_eI_cpu.u_eJ_core.u_eK_ifu.u_eL_ifu_ifetch.ifu_lo_ir_dfflr.qout_r[M]	u_eI_cpu.u_eJ_core.u_eK_exu.u_eL_exu_csr.mscratch_dfflr.qout_r[M]	u_e203_cpu.u_e203_core.u_e203_ifu.u_e203_ifu_ifetch.ifu_lo_ir_dfflr.qout_r[6]$_DFFE_PN0P_/Q	u_e203_cpu.u_e203_core.u_e203_exu.u_e203_exu_csr.mscratch_dfflr.qout_r[10]$_DFFE_PN0P_/D
919	-0.1641	u_eI_cpu.u_eJ_core.u_eK_ifu.u_eL_ifu_ifetch.ir_rsMidx_dfflr.qout_r[N]	u_eI_cpu.u_eJ_core.u_eK_exu.u_eL_exu_oitf.oitf_entries[M].pc_dfflrs.qout_r[N]	u_e203_cpu.u_e203_core.u_e203_ifu.u_e203_ifu_ifetch.ir_rs2idx_dfflr.qout_r[4]$_DFFE_PN0P_/Q	u_e203_cpu.u_e203_core.u_e203_exu.u_e203_exu_oitf.oitf_entries[0].pc_dfflrs.qout_r[10]$_DFFE_PP_/D
920	-0.1641	u_eI_cpu.u_eJ_core.u_eK_ifu.u_eL_ifu_ifetch.ir_rsMidx_dfflr.qout_r[N]	u_eI_cpu.u_eJ_core.u_eK_exu.u_eL_exu_oitf.oitf_entries[M].rdidx_dfflrs.qout_r[N]	u_e203_cpu.u_e203_core.u_e203_ifu.u_e203_ifu_ifetch.ir_rs2idx_dfflr.qout_r[4]$_DFFE_PN0P_/Q	u_e203_cpu.u_e203_core.u_e203_exu.u_e203_exu_oitf.oitf_entries[0].rdidx_dfflrs.qout_r[4]$_DFFE_PP_/D
921	-0.1641	u_eI_cpu.u_eJ_core.u_eK_ifu.u_eL_ifu_ifetch.ir_rsMidx_dfflr.qout_r[N]	u_eI_cpu.u_eJ_core.u_eK_exu.u_eL_exu_oitf.oitf_entries[M].rdwen_dfflrs.qout_r	u_e203_cpu.u_e203_core.u_e203_ifu.u_e203_ifu_ifetch.ir_rs2idx_dfflr.qout_r[4]$_DFFE_PN0P_/Q	u_e203_cpu.u_e203_core.u_e203_exu.u_e203_exu_oitf.oitf_entries[0].rdwen_dfflrs.qout_r$_DFFE_PP_/D
922	-0.1640	u_eI_cpu.u_eJ_core.u_eK_ifu.u_eL_ifu_ifetch.ifu_hi_ir_dfflr.qout_r[M]	u_eI_cpu.u_eJ_core.u_eK_exu.u_eL_exu_alu.u_eM_exu_alu_lsuagu.unalgn_flg_dffl.qout_r	u_e203_cpu.u_e203_core.u_e203_ifu.u_e203_ifu_ifetch.ifu_hi_ir_dfflr.qout_r[15]$_DFFE_PN0P_/Q	u_e203_cpu.u_e203_core.u_e203_exu.u_e203_exu_alu.u_e203_exu_alu_lsuagu.unalgn_flg_dffl.qout_r$_DFFE_PN0P_/D
923	-0.1633	u_eI_cpu.u_eJ_core.u_eK_exu.u_eL_exu_regfile.regfile[M].rfnoN.rf_dffl.qout_r[O]	u_eI_cpu.u_eJ_core.u_eK_ifu.u_eL_ifu_iftMicb.req_need_Nuop_dfflr.qout_r	u_e203_cpu.u_e203_core.u_e203_exu.u_e203_exu_regfile.regfile[14].rfno0.rf_dffl.qout_r[31]$_DFFE_PP_/Q	u_e203_cpu.u_e203_core.u_e203_ifu.u_e203_ifu_ift2icb.req_need_0uop_dfflr.qout_r$_DFFE_PN0P_/D
924	-0.1632	u_eI_cpu.u_eJ_core.u_eK_ifu.u_eL_ifu_ifetch.ifu_hi_ir_dfflr.qout_r[M]	u_eI_cpu.u_eJ_core.u_eK_exu.u_eL_exu_alu.u_eM_exu_alu_muldiv.exec_cnt_dfflr.qout_r[N]	u_e203_cpu.u_e203_core.u_e203_ifu.u_e203_ifu_ifetch.ifu_hi_ir_dfflr.qout_r[15]$_DFFE_PN0P_/Q	u_e203_cpu.u_e203_core.u_e203_exu.u_e203_exu_alu.u_e203_exu_alu_muldiv.exec_cnt_dfflr.qout_r[0]$_DFFE_PN0P_/D
925	-0.1615	u_eI_cpu.u_eJ_core.u_eK_ifu.u_eL_ifu_ifetch.ir_rsMidx_dfflr.qout_r[N]	u_eI_cpu.u_eJ_dtcm_ctrl.u_dtcm_icb_arbt.arbt_num_gt_K_gen.dp_L.u_sirv_gnrl_rspid_fifo.dp_gt_M.vld_dfflr.qout_r	u_e203_cpu.u_e203_core.u_e203_ifu.u_e203_ifu_ifetch.ir_rs2idx_dfflr.qout_r[4]$_DFFE_PN0P_/Q	u_e203_cpu.u_e203_dtcm_ctrl.u_dtcm_icb_arbt.arbt_num_gt_1_gen.dp_1.u_sirv_gnrl_rspid_fifo.dp_gt_0.vld_dfflr.qout_r$_DFFE_PN0P_/D
926	-0.1604	dbg_ebreakm_r	cmt_dcause_ena	dbg_ebreakm_r	cmt_dcause_ena
927	-0.1585	u_eI_cpu.u_eJ_core.u_eK_ifu.u_eL_ifu_ifetch.ir_rsMidx_dfflr.qout_r[N]	u_eI_cpu.u_eJ_core.u_eK_exu.u_eL_exu_oitf.oitf_entries[M].vld_dfflrs.qout_r	u_e203_cpu.u_e203_core.u_e203_ifu.u_e203_ifu_ifetch.ir_rs2idx_dfflr.qout_r[4]$_DFFE_PN0P_/Q	u_e203_cpu.u_e203_core.u_e203_exu.u_e203_exu_oitf.oitf_entries[0].vld_dfflrs.qout_r$_DFFE_PN0P_/D
928	-0.1583	u_eI_cpu.u_eJ_core.u_eK_ifu.u_eL_ifu_ifetch.ir_rsMidx_dfflr.qout_r[N]	u_eI_cpu.u_eJ_core.u_eK_exu.u_eL_exu_csr.badaddr_dfflr.qout_r[M]	u_e203_cpu.u_e203_core.u_e203_ifu.u_e203_ifu_ifetch.ir_rs2idx_dfflr.qout_r[4]$_DFFE_PN0P_/Q	u_e203_cpu.u_e203_core.u_e203_exu.u_e203_exu_csr.badaddr_dfflr.qout_r[24]$_DFFE_PN0P_/D
929	-0.1581	dbg_step_r	u_eI_cpu.u_eJ_core.u_eK_exu.u_eL_exu_alu.u_eM_exu_alu_lsuagu.icb_leftover_err_dfflr.qout_r	dbg_step_r	u_e203_cpu.u_e203_core.u_e203_exu.u_e203_exu_alu.u_e203_exu_alu_lsuagu.icb_leftover_err_dfflr.qout_r$_DFFE_PN0P_/D
930	-0.1579	u_eI_cpu.u_eJ_core.u_eK_ifu.u_eL_ifu_iftMicb.icb_state_dfflr.qout_r[N]	u_eI_cpu.u_eJ_core.u_eK_biu.u_biu_icb_arbt.arbt_num_gt_L_gen.dp_M.u_sirv_gnrl_rspid_fifo.dp_gt_N.dat_dfflr.qout_r	u_e203_cpu.u_e203_core.u_e203_ifu.u_e203_ifu_ift2icb.icb_state_dfflr.qout_r[1]$_DFFE_PN0P_/Q	u_e203_cpu.u_e203_core.u_e203_biu.u_biu_icb_arbt.arbt_num_gt_1_gen.dp_1.u_sirv_gnrl_rspid_fifo.dp_gt_0.dat_dfflr.qout_r$_DFFE_PP_/D
931	-0.1578	u_eI_cpu.u_eJ_core.u_eK_ifu.u_eL_ifu_ifetch.ir_rsMidx_dfflr.qout_r[N]	u_eI_cpu.u_eJ_dtcm_ctrl.u_sram_icb_ctrl.u_sirv_Kcyc_sram_ctrl.u_eL_stage.dp_gt_M.vld_dfflr.qout_r	u_e203_cpu.u_e203_core.u_e203_ifu.u_e203_ifu_ifetch.ir_rs2idx_dfflr.qout_r[4]$_DFFE_PN0P_/Q	u_e203_cpu.u_e203_dtcm_ctrl.u_sram_icb_ctrl.u_sirv_1cyc_sram_ctrl.u_e1_stage.dp_gt_0.vld_dfflr.qout_r$_DFFE_PN0P_/D
932	-0.1578	u_eI_cpu.u_eJ_core.u_eK_ifu.u_eL_ifu_ifetch.ifu_lo_ir_dfflr.qout_r[M]	u_eI_cpu.u_eJ_core.u_eK_lsu.u_eL_lsu_ctrl.u_lsu_icb_arbt.arbt_num_gt_M_gen.dp_N.u_sirv_gnrl_rspid_fifo.dp_gt_O.dat_dfflr.qout_r	u_e203_cpu.u_e203_core.u_e203_ifu.u_e203_ifu_ifetch.ifu_lo_ir_dfflr.qout_r[6]$_DFFE_PN0P_/Q	u_e203_cpu.u_e203_core.u_e203_lsu.u_e203_lsu_ctrl.u_lsu_icb_arbt.arbt_num_gt_1_gen.dp_1.u_sirv_gnrl_rspid_fifo.dp_gt_0.dat_dfflr.qout_r$_DFFE_PP_/D
933	-0.1568	u_eI_cpu.u_eJ_core.u_eK_exu.u_eL_exu_alu.u_eM_exu_alu_lsuagu.icb_state_dfflr.qout_r[N]	u_eI_cpu.u_eJ_itcm_ctrl.u_sram_icb_ctrl.u_sirv_Kcyc_sram_ctrl.u_eL_stage.dp_gt_M.vld_dfflr.qout_r	u_e203_cpu.u_e203_core.u_e203_exu.u_e203_exu_alu.u_e203_exu_alu_lsuagu.icb_state_dfflr.qout_r[1]$_DFFE_PN0P_/Q	u_e203_cpu.u_e203_itcm_ctrl.u_sram_icb_ctrl.u_sirv_1cyc_sram_ctrl.u_e1_stage.dp_gt_0.vld_dfflr.qout_r$_DFFE_PN0P_/D
934	-0.1566	u_eI_cpu.u_eJ_core.u_eK_ifu.u_eL_ifu_ifetch.ifu_lo_ir_dfflr.qout_r[M]	u_eI_cpu.u_eJ_itcm_ctrl.u_itcm_icb_lsuKitcm_nLw.fifo_dp_M.u_sirv_gnrl_nNw_fifo.dp_gt_O.vld_dfflr.qout_r	u_e203_cpu.u_e203_core.u_e203_ifu.u_e203_ifu_ifetch.ifu_lo_ir_dfflr.qout_r[6]$_DFFE_PN0P_/Q	u_e203_cpu.u_e203_itcm_ctrl.u_itcm_icb_lsu2itcm_n2w.fifo_dp_1.u_sirv_gnrl_n2w_fifo.dp_gt_0.vld_dfflr.qout_r$_DFFE_PN0P_/D
935	-0.1565	u_eI_cpu.u_eJ_core.u_eK_ifu.u_eL_ifu_iftMicb.icb_state_dfflr.qout_r[N]	u_eI_cpu.u_eJ_clk_ctrl.u_itcm_clkgate.enb	u_e203_cpu.u_e203_core.u_e203_ifu.u_e203_ifu_ift2icb.icb_state_dfflr.qout_r[1]$_DFFE_PN0P_/Q	u_e203_cpu.u_e203_clk_ctrl.u_itcm_clkgate.enb$_DLATCH_N_/D
936	-0.1556	u_eI_cpu.u_eJ_core.u_eK_ifu.u_eL_ifu_ifetch.ifu_hi_ir_dfflr.qout_r[M]	u_eI_cpu.u_eJ_core.u_eK_exu.u_eL_exu_oitf.depth_gtM.alc_ptr_flg_dfflrs.qout_r	u_e203_cpu.u_e203_core.u_e203_ifu.u_e203_ifu_ifetch.ifu_hi_ir_dfflr.qout_r[15]$_DFFE_PN0P_/Q	u_e203_cpu.u_e203_core.u_e203_exu.u_e203_exu_oitf.depth_gt1.alc_ptr_flg_dfflrs.qout_r$_DFFE_PN0P_/D
937	-0.1555	u_eI_cpu.u_eJ_core.u_eK_ifu.u_eL_ifu_ifetch.ifu_hi_ir_dfflr.qout_r[M]	u_eI_cpu.u_eJ_dtcm_ctrl.u_dtcm_icb_arbt.arbt_num_gt_K_gen.dp_L.u_sirv_gnrl_rspid_fifo.dp_gt_M.dat_dfflr.qout_r	u_e203_cpu.u_e203_core.u_e203_ifu.u_e203_ifu_ifetch.ifu_hi_ir_dfflr.qout_r[15]$_DFFE_PN0P_/Q	u_e203_cpu.u_e203_dtcm_ctrl.u_dtcm_icb_arbt.arbt_num_gt_1_gen.dp_1.u_sirv_gnrl_rspid_fifo.dp_gt_0.dat_dfflr.qout_r$_DFFE_PP_/D
938	-0.1555	u_eI_cpu.u_eJ_core.u_eK_ifu.u_eL_ifu_ifetch.ifu_err_dfflr.qout_r	u_eI_cpu.u_eJ_core.u_eK_ifu.u_eL_ifu_iftMicb.u_eN_ifetch_rsp_bypbuf.u_bypbuf_fifo.dp_gtO.vec_P_dfflr.qout_r	u_e203_cpu.u_e203_core.u_e203_ifu.u_e203_ifu_ifetch.ifu_err_dfflr.qout_r$_DFFE_PN0P_/Q	u_e203_cpu.u_e203_core.u_e203_ifu.u_e203_ifu_ift2icb.u_e203_ifetch_rsp_bypbuf.u_bypbuf_fifo.dp_gt0.vec_31_dfflr.qout_r$_DFFE_PN0P_/D
939	-0.1551	u_eI_cpu.u_eJ_core.u_eK_ifu.u_eL_ifu_iftMicb.icb_state_dfflr.qout_r[N]	u_eI_cpu.u_eJ_core.u_eK_biu.u_sirv_gnrl_icb_buffer.u_sirv_gnrl_cmd_fifo.dp_gtL.vec_M_dfflrs.qout_r	u_e203_cpu.u_e203_core.u_e203_ifu.u_e203_ifu_ift2icb.icb_state_dfflr.qout_r[1]$_DFFE_PN0P_/Q	u_e203_cpu.u_e203_core.u_e203_biu.u_sirv_gnrl_icb_buffer.u_sirv_gnrl_cmd_fifo.dp_gt0.vec_0_dfflrs.qout_r$_DFFE_PN1P_/D
940	-0.1547	u_eI_cpu.u_eJ_core.u_eK_exu.u_eL_exu_alu.u_eM_exu_alu_lsuagu.icb_state_dfflr.qout_r[N]	u_eI_cpu.u_eJ_core.u_eK_ifu.u_eL_ifu_iftMicb.icbNmem_dfflr.qout_r	u_e203_cpu.u_e203_core.u_e203_exu.u_e203_exu_alu.u_e203_exu_alu_lsuagu.icb_state_dfflr.qout_r[1]$_DFFE_PN0P_/Q	u_e203_cpu.u_e203_core.u_e203_ifu.u_e203_ifu_ift2icb.icb2mem_dfflr.qout_r$_DFFE_PN0P_/D
941	-0.1539	u_eI_cpu.u_eJ_core.u_eK_ifu.u_eL_ifu_ifetch.ifu_hi_ir_dfflr.qout_r[M]	u_eI_cpu.u_eJ_core.u_eK_exu.u_eL_exu_csr.mcycle_dfflr.qout_r[M]	u_e203_cpu.u_e203_core.u_e203_ifu.u_e203_ifu_ifetch.ifu_hi_ir_dfflr.qout_r[15]$_DFFE_PN0P_/Q	u_e203_cpu.u_e203_core.u_e203_exu.u_e203_exu_csr.mcycle_dfflr.qout_r[10]$_DFFE_PN0P_/D
942	-0.1539	u_eI_cpu.u_eJ_core.u_eK_ifu.u_eL_ifu_ifetch.ifu_hi_ir_dfflr.qout_r[M]	u_eI_cpu.u_eJ_core.u_eK_exu.u_eL_exu_csr.mcycleh_dfflr.qout_r[M]	u_e203_cpu.u_e203_core.u_e203_ifu.u_e203_ifu_ifetch.ifu_hi_ir_dfflr.qout_r[15]$_DFFE_PN0P_/Q	u_e203_cpu.u_e203_core.u_e203_exu.u_e203_exu_csr.mcycleh_dfflr.qout_r[10]$_DFFE_PN0P_/D
943	-0.1538	u_eI_cpu.u_eJ_core.u_eK_ifu.u_eL_ifu_ifetch.ifu_hi_ir_dfflr.qout_r[M]	u_eI_cpu.u_eJ_core.u_eK_exu.u_eL_exu_csr.mtvec_dfflr.qout_r[M]	u_e203_cpu.u_e203_core.u_e203_ifu.u_e203_ifu_ifetch.ifu_hi_ir_dfflr.qout_r[15]$_DFFE_PN0P_/Q	u_e203_cpu.u_e203_core.u_e203_exu.u_e203_exu_csr.mtvec_dfflr.qout_r[10]$_DFFE_PN0P_/D
944	-0.1537	u_eI_cpu.u_eJ_core.u_eK_ifu.u_eL_ifu_iftMicb.icb_addr_N_O_dffl.qout_r[P]	u_eI_cpu.u_eJ_core.u_eK_biu.u_sirv_gnrl_icb_buffer.u_sirv_gnrl_cmd_fifo.dp_gtL.fifo_rf[M].fifo_rf_dffl.qout_r[N]	u_e203_cpu.u_e203_core.u_e203_ifu.u_e203_ifu_ift2icb.icb_addr_2_1_dffl.qout_r[0]$_DFFE_PP_/Q	u_e203_cpu.u_e203_core.u_e203_biu.u_sirv_gnrl_icb_buffer.u_sirv_gnrl_cmd_fifo.dp_gt0.fifo_rf[0].fifo_rf_dffl.qout_r[73]$_DFFE_PP_/D
945	-0.1536	u_eI_cpu.u_eJ_core.u_eK_ifu.u_eL_ifu_iftMicb.icb_state_dfflr.qout_r[N]	u_eI_cpu.u_eJ_core.u_eK_ifu.u_eL_ifu_ifetch.pc_dfflr.qout_r[M]	u_e203_cpu.u_e203_core.u_e203_ifu.u_e203_ifu_ift2icb.icb_state_dfflr.qout_r[1]$_DFFE_PN0P_/Q	u_e203_cpu.u_e203_core.u_e203_ifu.u_e203_ifu_ifetch.pc_dfflr.qout_r[29]$_DFFE_PN0P_/D
946	-0.1535	u_eI_cpu.u_eJ_core.u_eK_ifu.u_eL_ifu_ifetch.ifu_lo_ir_dfflr.qout_r[M]	u_eI_cpu.u_eJ_core.u_eK_exu.u_eL_exu_alu.u_eM_exu_nice.u_nice_itag_fifo.dp_gtN.vec_O_dfflr.qout_r[P]	u_e203_cpu.u_e203_core.u_e203_ifu.u_e203_ifu_ifetch.ifu_lo_ir_dfflr.qout_r[6]$_DFFE_PN0P_/Q	u_e203_cpu.u_e203_core.u_e203_exu.u_e203_exu_alu.u_e203_exu_nice.u_nice_itag_fifo.dp_gt0.vec_31_dfflr.qout_r[1]$_DFFE_PN0P_/D
947	-0.1534	u_eI_cpu.u_eJ_core.u_eK_exu.u_eL_exu_regfile.regfile[M].rfnoN.rf_dffl.qout_r[O]	u_eI_cpu.u_eJ_core.u_eK_ifu.u_eL_ifu_ifetch.ifu_prdt_taken_dfflr.qout_r	u_e203_cpu.u_e203_core.u_e203_exu.u_e203_exu_regfile.regfile[14].rfno0.rf_dffl.qout_r[31]$_DFFE_PP_/Q	u_e203_cpu.u_e203_core.u_e203_ifu.u_e203_ifu_ifetch.ifu_prdt_taken_dfflr.qout_r$_DFFE_PN0P_/D
948	-0.1533	u_eI_cpu.u_eJ_core.u_eK_ifu.u_eL_ifu_iftMicb.icb_state_dfflr.qout_r[N]	u_eI_cpu.u_eJ_core.u_eK_biu.u_sirv_gnrl_icb_buffer.outs_cnt_dfflr.qout_r	u_e203_cpu.u_e203_core.u_e203_ifu.u_e203_ifu_ift2icb.icb_state_dfflr.qout_r[1]$_DFFE_PN0P_/Q	u_e203_cpu.u_e203_core.u_e203_biu.u_sirv_gnrl_icb_buffer.outs_cnt_dfflr.qout_r$_DFFE_PN0P_/D
949	-0.1529	u_eI_cpu.u_eJ_core.u_eK_ifu.u_eL_ifu_ifetch.ifu_hi_ir_dfflr.qout_r[M]	u_eI_cpu.u_eJ_core.u_eK_exu.u_eL_exu_csr.cause_dfflr.qout_r[M]	u_e203_cpu.u_e203_core.u_e203_ifu.u_e203_ifu_ifetch.ifu_hi_ir_dfflr.qout_r[15]$_DFFE_PN0P_/Q	u_e203_cpu.u_e203_core.u_e203_exu.u_e203_exu_csr.cause_dfflr.qout_r[0]$_DFFE_PN0P_/D
950	-0.1516	u_eI_cpu.u_eJ_core.u_eK_ifu.u_eL_ifu_iftMicb.icb_state_dfflr.qout_r[N]	u_eI_cpu.u_eJ_itcm_ctrl.u_sram_icb_ctrl.u_byp_icb_cmd_buf.u_bypbuf_fifo.dp_gtK.vec_L_dfflr.qout_r	u_e203_cpu.u_e203_core.u_e203_ifu.u_e203_ifu_ift2icb.icb_state_dfflr.qout_r[1]$_DFFE_PN0P_/Q	u_e203_cpu.u_e203_itcm_ctrl.u_sram_icb_ctrl.u_byp_icb_cmd_buf.u_bypbuf_fifo.dp_gt0.vec_31_dfflr.qout_r$_DFFE_PN0P_/D
951	-0.1515	u_eI_cpu.u_eJ_core.u_eK_ifu.u_eL_ifu_ifetch.ir_rsMidx_dfflr.qout_r[N]	u_eI_cpu.u_eJ_dtcm_ctrl.u_sram_icb_ctrl.u_sirv_Kcyc_sram_ctrl.u_ram_clkgate.enb	u_e203_cpu.u_e203_core.u_e203_ifu.u_e203_ifu_ifetch.ir_rs2idx_dfflr.qout_r[4]$_DFFE_PN0P_/Q	u_e203_cpu.u_e203_dtcm_ctrl.u_sram_icb_ctrl.u_sirv_1cyc_sram_ctrl.u_ram_clkgate.enb$_DLATCH_N_/D
952	-0.1500	u_eI_cpu.u_eJ_core.u_eK_exu.u_eL_exu_regfile.regfile[M].rfnoN.rf_dffl.qout_r[O]	u_eI_cpu.u_eJ_clk_ctrl.u_biu_clkgate.enb	u_e203_cpu.u_e203_core.u_e203_exu.u_e203_exu_regfile.regfile[14].rfno0.rf_dffl.qout_r[31]$_DFFE_PP_/Q	u_e203_cpu.u_e203_clk_ctrl.u_biu_clkgate.enb$_DLATCH_N_/D
953	-0.1500	u_eI_cpu.u_eJ_core.u_eK_ifu.u_eL_ifu_iftMicb.icb_state_dfflr.qout_r[N]	u_eI_cpu.u_eJ_core.u_eK_biu.u_biu_icb_arbt.arbt_num_gt_L_gen.dp_M.u_sirv_gnrl_rspid_fifo.dp_gt_N.vld_dfflr.qout_r	u_e203_cpu.u_e203_core.u_e203_ifu.u_e203_ifu_ift2icb.icb_state_dfflr.qout_r[1]$_DFFE_PN0P_/Q	u_e203_cpu.u_e203_core.u_e203_biu.u_biu_icb_arbt.arbt_num_gt_1_gen.dp_1.u_sirv_gnrl_rspid_fifo.dp_gt_0.vld_dfflr.qout_r$_DFFE_PN0P_/D
954	-0.1490	u_eI_cpu.u_eJ_core.u_eK_ifu.u_eL_ifu_iftMicb.icb_state_dfflr.qout_r[N]	u_eI_cpu.u_eJ_core.u_eK_ifu.u_eL_ifu_iftMicb.u_eN_ifetch_rsp_bypbuf.u_bypbuf_fifo.dp_gtO.fifo_rf[P].fifo_rf_dffl.qout_r[Q]	u_e203_cpu.u_e203_core.u_e203_ifu.u_e203_ifu_ift2icb.icb_state_dfflr.qout_r[1]$_DFFE_PN0P_/Q	u_e203_cpu.u_e203_core.u_e203_ifu.u_e203_ifu_ift2icb.u_e203_ifetch_rsp_bypbuf.u_bypbuf_fifo.dp_gt0.fifo_rf[0].fifo_rf_dffl.qout_r[10]$_DFFE_PP_/D
955	-0.1482	u_eI_cpu.u_eJ_core.u_eK_exu.u_eL_exu_alu.u_eM_exu_alu_lsuagu.icb_state_dfflr.qout_r[N]	u_eI_cpu.u_eJ_core.u_eK_ifu.u_eL_ifu_ifetch.pc_dfflr.qout_r[M]	u_e203_cpu.u_e203_core.u_e203_exu.u_e203_exu_alu.u_e203_exu_alu_lsuagu.icb_state_dfflr.qout_r[1]$_DFFE_PN0P_/Q	u_e203_cpu.u_e203_core.u_e203_ifu.u_e203_ifu_ifetch.pc_dfflr.qout_r[29]$_DFFE_PN0P_/D
956	-0.1482	u_eI_cpu.u_eJ_core.u_eK_ifu.u_eL_ifu_ifetch.ifu_hi_ir_dfflr.qout_r[M]	u_eI_cpu.u_eJ_core.u_eK_exu.u_eL_exu_csr.status_mie_dfflr.qout_r	u_e203_cpu.u_e203_core.u_e203_ifu.u_e203_ifu_ifetch.ifu_hi_ir_dfflr.qout_r[15]$_DFFE_PN0P_/Q	u_e203_cpu.u_e203_core.u_e203_exu.u_e203_exu_csr.status_mie_dfflr.qout_r$_DFFE_PN0P_/D
957	-0.1468	u_eI_cpu.u_eJ_core.u_eK_ifu.u_eL_ifu_ifetch.ifu_hi_ir_dfflr.qout_r[M]	u_eI_cpu.u_eJ_core.u_eK_exu.u_eL_exu_csr.mscratch_dfflr.qout_r[M]	u_e203_cpu.u_e203_core.u_e203_ifu.u_e203_ifu_ifetch.ifu_hi_ir_dfflr.qout_r[15]$_DFFE_PN0P_/Q	u_e203_cpu.u_e203_core.u_e203_exu.u_e203_exu_csr.mscratch_dfflr.qout_r[10]$_DFFE_PN0P_/D
958	-0.1457	u_eI_cpu.u_eJ_core.u_eK_ifu.u_eL_ifu_iftMicb.icb_state_dfflr.qout_r[N]	u_eI_cpu.u_eJ_core.u_eK_ifu.u_eL_ifu_iftMicb.leftover_err_dfflr.qout_r	u_e203_cpu.u_e203_core.u_e203_ifu.u_e203_ifu_ift2icb.icb_state_dfflr.qout_r[1]$_DFFE_PN0P_/Q	u_e203_cpu.u_e203_core.u_e203_ifu.u_e203_ifu_ift2icb.leftover_err_dfflr.qout_r$_DFFE_PN0P_/D
959	-0.1456	u_eI_cpu.u_eJ_core.u_eK_ifu.u_eL_ifu_iftMicb.icb_state_dfflr.qout_r[N]	u_eI_cpu.u_eJ_core.u_eK_biu.u_sirv_gnrl_icb_buffer.u_sirv_gnrl_cmd_fifo.dp_gtL.vec_M_dfflr.qout_r	u_e203_cpu.u_e203_core.u_e203_ifu.u_e203_ifu_ift2icb.icb_state_dfflr.qout_r[1]$_DFFE_PN0P_/Q	u_e203_cpu.u_e203_core.u_e203_biu.u_sirv_gnrl_icb_buffer.u_sirv_gnrl_cmd_fifo.dp_gt0.vec_31_dfflr.qout_r$_DFFE_PN0P_/D
960	-0.1452	u_eI_cpu.u_eJ_core.u_eK_ifu.u_eL_ifu_iftMicb.icb_addr_N_O_dffl.qout_r[P]	u_eI_cpu.u_eJ_core.u_eK_ifu.u_eL_ifu_ifetch.ifu_hi_ir_dfflr.qout_r[M]	u_e203_cpu.u_e203_core.u_e203_ifu.u_e203_ifu_ift2icb.icb_addr_2_1_dffl.qout_r[0]$_DFFE_PP_/Q	u_e203_cpu.u_e203_core.u_e203_ifu.u_e203_ifu_ifetch.ifu_hi_ir_dfflr.qout_r[10]$_DFFE_PN0P_/D
961	-0.1444	u_eI_cpu.u_eJ_core.u_eK_ifu.u_eL_ifu_iftMicb.icb_state_dfflr.qout_r[N]	u_eI_cpu.u_eJ_core.u_eK_ifu.u_eL_ifu_ifetch.ifu_lo_ir_dfflr.qout_r[M]	u_e203_cpu.u_e203_core.u_e203_ifu.u_e203_ifu_ift2icb.icb_state_dfflr.qout_r[1]$_DFFE_PN0P_/Q	u_e203_cpu.u_e203_core.u_e203_ifu.u_e203_ifu_ifetch.ifu_lo_ir_dfflr.qout_r[7]$_DFFE_PN0P_/D
962	-0.1444	u_eI_cpu.u_eJ_core.u_eK_ifu.u_eL_ifu_iftMicb.icb_state_dfflr.qout_r[N]	u_eI_cpu.u_eJ_core.u_eK_ifu.u_eL_ifu_ifetch.ifu_err_dfflr.qout_r	u_e203_cpu.u_e203_core.u_e203_ifu.u_e203_ifu_ift2icb.icb_state_dfflr.qout_r[1]$_DFFE_PN0P_/Q	u_e203_cpu.u_e203_core.u_e203_ifu.u_e203_ifu_ifetch.ifu_err_dfflr.qout_r$_DFFE_PN0P_/D
963	-0.1444	u_eI_cpu.u_eJ_core.u_eK_ifu.u_eL_ifu_iftMicb.icb_state_dfflr.qout_r[N]	u_eI_cpu.u_eJ_core.u_eK_ifu.u_eL_ifu_ifetch.ir_muldiv_bMb_dfflr.qout_r	u_e203_cpu.u_e203_core.u_e203_ifu.u_e203_ifu_ift2icb.icb_state_dfflr.qout_r[1]$_DFFE_PN0P_/Q	u_e203_cpu.u_e203_core.u_e203_ifu.u_e203_ifu_ifetch.ir_muldiv_b2b_dfflr.qout_r$_DFFE_PN0P_/D
964	-0.1431	u_eI_cpu.u_eJ_core.u_eK_ifu.u_eL_ifu_iftMicb.icb_state_dfflr.qout_r[N]	u_eI_cpu.u_eJ_itcm_ctrl.ifu_holdup_dffl.qout_r	u_e203_cpu.u_e203_core.u_e203_ifu.u_e203_ifu_ift2icb.icb_state_dfflr.qout_r[1]$_DFFE_PN0P_/Q	u_e203_cpu.u_e203_itcm_ctrl.ifu_holdup_dffl.qout_r$_DFFE_PN0P_/D
965	-0.1428	u_eI_cpu.u_eJ_core.u_eK_exu.u_eL_exu_csr.mie_dfflr.qout_r[M]	u_eI_cpu.u_eJ_itcm_ctrl.u_sram_icb_ctrl.u_byp_icb_cmd_buf.u_bypbuf_fifo.dp_gtK.vec_L_dfflrs.qout_r	u_e203_cpu.u_e203_core.u_e203_exu.u_e203_exu_csr.mie_dfflr.qout_r[7]$_DFFE_PN0P_/Q	u_e203_cpu.u_e203_itcm_ctrl.u_sram_icb_ctrl.u_byp_icb_cmd_buf.u_bypbuf_fifo.dp_gt0.vec_0_dfflrs.qout_r$_DFFE_PN1P_/D
966	-0.1427	u_eI_cpu.u_eJ_core.u_eK_ifu.u_eL_ifu_iftMicb.req_same_cross_holdup_dfflr.qout_r	u_eI_cpu.u_eJ_core.u_eK_biu.u_sirv_gnrl_icb_buffer.u_sirv_gnrl_cmd_fifo.dp_gtL.fifo_rf[M].fifo_rf_dffl.qout_r[N]	u_e203_cpu.u_e203_core.u_e203_ifu.u_e203_ifu_ift2icb.req_same_cross_holdup_dfflr.qout_r$_DFFE_PN0P_/Q	u_e203_cpu.u_e203_core.u_e203_biu.u_sirv_gnrl_icb_buffer.u_sirv_gnrl_cmd_fifo.dp_gt0.fifo_rf[0].fifo_rf_dffl.qout_r[73]$_DFFE_PP_/D
967	-0.1422	u_eI_cpu.u_eJ_core.u_eK_exu.u_eL_exu_regfile.regfile[M].rfnoN.rf_dffl.qout_r[O]	u_eI_cpu.u_eJ_core.u_eK_ifu.u_eL_ifu_ifetch.dly_flush_dfflr.qout_r	u_e203_cpu.u_e203_core.u_e203_exu.u_e203_exu_regfile.regfile[14].rfno0.rf_dffl.qout_r[31]$_DFFE_PP_/Q	u_e203_cpu.u_e203_core.u_e203_ifu.u_e203_ifu_ifetch.dly_flush_dfflr.qout_r$_DFFE_PN0P_/D
968	-0.1415	u_eI_cpu.u_eJ_core.u_eK_exu.u_eL_exu_regfile.regfile[M].rfnoN.rf_dffl.qout_r[O]	u_eI_cpu.u_eJ_dtcm_ctrl.u_sram_icb_ctrl.u_byp_icb_cmd_buf.u_bypbuf_fifo.dp_gtK.fifo_rf[L].fifo_rf_dffl.qout_r[M]	u_e203_cpu.u_e203_core.u_e203_exu.u_e203_exu_regfile.regfile[14].rfno0.rf_dffl.qout_r[31]$_DFFE_PP_/Q	u_e203_cpu.u_e203_dtcm_ctrl.u_sram_icb_ctrl.u_byp_icb_cmd_buf.u_bypbuf_fifo.dp_gt0.fifo_rf[0].fifo_rf_dffl.qout_r[10]$_DFFE_PP_/D
969	-0.1414	u_eI_cpu.u_eJ_core.u_eK_exu.u_eL_exu_regfile.regfile[M].rfnoN.rf_dffl.qout_r[O]	u_eI_cpu.u_eJ_core.u_eK_ifu.u_eL_ifu_iftMicb.req_same_cross_holdup_dfflr.qout_r	u_e203_cpu.u_e203_core.u_e203_exu.u_e203_exu_regfile.regfile[14].rfno0.rf_dffl.qout_r[31]$_DFFE_PP_/Q	u_e203_cpu.u_e203_core.u_e203_ifu.u_e203_ifu_ift2icb.req_same_cross_holdup_dfflr.qout_r$_DFFE_PN0P_/D
970	-0.1414	u_eI_cpu.u_eJ_core.u_eK_exu.u_eL_exu_regfile.regfile[M].rfnoN.rf_dffl.qout_r[O]	u_eI_cpu.u_eJ_clk_ctrl.itcm_active_dffr.qout_r	u_e203_cpu.u_e203_core.u_e203_exu.u_e203_exu_regfile.regfile[14].rfno0.rf_dffl.qout_r[31]$_DFFE_PP_/Q	u_e203_cpu.u_e203_clk_ctrl.itcm_active_dffr.qout_r$_DFF_PN0_/D
971	-0.1406	u_eI_cpu.u_eJ_core.u_eK_exu.u_eL_exu_alu.u_eM_exu_alu_lsuagu.icb_state_dfflr.qout_r[N]	u_eI_cpu.u_eJ_itcm_ctrl.ifu_holdup_dffl.qout_r	u_e203_cpu.u_e203_core.u_e203_exu.u_e203_exu_alu.u_e203_exu_alu_lsuagu.icb_state_dfflr.qout_r[1]$_DFFE_PN0P_/Q	u_e203_cpu.u_e203_itcm_ctrl.ifu_holdup_dffl.qout_r$_DFFE_PN0P_/D
972	-0.1405	extIitcm_icb_rsp_ready	cmt_dcause[I]	ext2itcm_icb_rsp_ready	cmt_dcause[1]
973	-0.1403	u_eI_cpu.u_eJ_core.u_eK_exu.u_eL_exu_alu.u_eM_exu_alu_lsuagu.icb_state_dfflr.qout_r[N]	u_eI_cpu.u_eJ_core.u_eK_ifu.u_eL_ifu_iftMicb.leftover_err_dfflr.qout_r	u_e203_cpu.u_e203_core.u_e203_exu.u_e203_exu_alu.u_e203_exu_alu_lsuagu.icb_state_dfflr.qout_r[1]$_DFFE_PN0P_/Q	u_e203_cpu.u_e203_core.u_e203_ifu.u_e203_ifu_ift2icb.leftover_err_dfflr.qout_r$_DFFE_PN0P_/D
974	-0.1402	u_eI_cpu.u_eJ_core.u_eK_ifu.u_eL_ifu_ifetch.ifu_hi_ir_dfflr.qout_r[M]	u_eI_cpu.u_eJ_core.u_eK_lsu.u_eL_lsu_ctrl.u_lsu_icb_arbt.arbt_num_gt_M_gen.dp_N.u_sirv_gnrl_rspid_fifo.dp_gt_O.dat_dfflr.qout_r	u_e203_cpu.u_e203_core.u_e203_ifu.u_e203_ifu_ifetch.ifu_hi_ir_dfflr.qout_r[15]$_DFFE_PN0P_/Q	u_e203_cpu.u_e203_core.u_e203_lsu.u_e203_lsu_ctrl.u_lsu_icb_arbt.arbt_num_gt_1_gen.dp_1.u_sirv_gnrl_rspid_fifo.dp_gt_0.dat_dfflr.qout_r$_DFFE_PP_/D
975	-0.1398	dbg_halt_r	u_eI_cpu.u_eJ_core.u_eK_exu.u_eL_exu_alu.u_eM_exu_alu_lsuagu.icb_leftover_err_dfflr.qout_r	dbg_halt_r	u_e203_cpu.u_e203_core.u_e203_exu.u_e203_exu_alu.u_e203_exu_alu_lsuagu.icb_leftover_err_dfflr.qout_r$_DFFE_PN0P_/D
976	-0.1397	u_eI_cpu.u_eJ_core.u_eK_ifu.u_eL_ifu_iftMicb.icb_addr_N_O_dffl.qout_r[P]	u_eI_cpu.u_eJ_itcm_ctrl.u_sram_icb_ctrl.u_byp_icb_cmd_buf.u_bypbuf_fifo.dp_gtK.fifo_rf[L].fifo_rf_dffl.qout_r[M]	u_e203_cpu.u_e203_core.u_e203_ifu.u_e203_ifu_ift2icb.icb_addr_2_1_dffl.qout_r[0]$_DFFE_PP_/Q	u_e203_cpu.u_e203_itcm_ctrl.u_sram_icb_ctrl.u_byp_icb_cmd_buf.u_bypbuf_fifo.dp_gt0.fifo_rf[0].fifo_rf_dffl.qout_r[42]$_DFFE_PP_/D
977	-0.1391	u_eI_cpu.u_eJ_core.u_eK_ifu.u_eL_ifu_iftMicb.icb_state_dfflr.qout_r[N]	u_eI_cpu.u_eJ_core.u_eK_ifu.u_eL_ifu_ifetch.pc_newpend_dfflr.qout_r	u_e203_cpu.u_e203_core.u_e203_ifu.u_e203_ifu_ift2icb.icb_state_dfflr.qout_r[1]$_DFFE_PN0P_/Q	u_e203_cpu.u_e203_core.u_e203_ifu.u_e203_ifu_ifetch.pc_newpend_dfflr.qout_r$_DFFE_PN0P_/D
978	-0.1390	u_eI_cpu.u_eJ_core.u_eK_exu.u_eL_exu_alu.u_eM_exu_alu_lsuagu.icb_state_dfflr.qout_r[N]	u_eI_cpu.u_eJ_core.u_eK_ifu.u_eL_ifu_ifetch.ifu_lo_ir_dfflr.qout_r[M]	u_e203_cpu.u_e203_core.u_e203_exu.u_e203_exu_alu.u_e203_exu_alu_lsuagu.icb_state_dfflr.qout_r[1]$_DFFE_PN0P_/Q	u_e203_cpu.u_e203_core.u_e203_ifu.u_e203_ifu_ifetch.ifu_lo_ir_dfflr.qout_r[7]$_DFFE_PN0P_/D
979	-0.1390	u_eI_cpu.u_eJ_core.u_eK_exu.u_eL_exu_alu.u_eM_exu_alu_lsuagu.icb_state_dfflr.qout_r[N]	u_eI_cpu.u_eJ_core.u_eK_ifu.u_eL_ifu_ifetch.ifu_err_dfflr.qout_r	u_e203_cpu.u_e203_core.u_e203_exu.u_e203_exu_alu.u_e203_exu_alu_lsuagu.icb_state_dfflr.qout_r[1]$_DFFE_PN0P_/Q	u_e203_cpu.u_e203_core.u_e203_ifu.u_e203_ifu_ifetch.ifu_err_dfflr.qout_r$_DFFE_PN0P_/D
980	-0.1390	u_eI_cpu.u_eJ_core.u_eK_exu.u_eL_exu_alu.u_eM_exu_alu_lsuagu.icb_state_dfflr.qout_r[N]	u_eI_cpu.u_eJ_core.u_eK_ifu.u_eL_ifu_ifetch.ir_muldiv_bMb_dfflr.qout_r	u_e203_cpu.u_e203_core.u_e203_exu.u_e203_exu_alu.u_e203_exu_alu_lsuagu.icb_state_dfflr.qout_r[1]$_DFFE_PN0P_/Q	u_e203_cpu.u_e203_core.u_e203_ifu.u_e203_ifu_ifetch.ir_muldiv_b2b_dfflr.qout_r$_DFFE_PN0P_/D
981	-0.1390	u_eI_cpu.u_eJ_core.u_eK_ifu.u_eL_ifu_ifetch.ifu_hi_ir_dfflr.qout_r[M]	u_eI_cpu.u_eJ_itcm_ctrl.u_itcm_icb_lsuKitcm_nLw.fifo_dp_M.u_sirv_gnrl_nNw_fifo.dp_gt_O.vld_dfflr.qout_r	u_e203_cpu.u_e203_core.u_e203_ifu.u_e203_ifu_ifetch.ifu_hi_ir_dfflr.qout_r[15]$_DFFE_PN0P_/Q	u_e203_cpu.u_e203_itcm_ctrl.u_itcm_icb_lsu2itcm_n2w.fifo_dp_1.u_sirv_gnrl_n2w_fifo.dp_gt_0.vld_dfflr.qout_r$_DFFE_PN0P_/D
982	-0.1390	u_eI_cpu.u_eJ_core.u_eK_exu.u_eL_exu_regfile.regfile[M].rfnoN.rf_dffl.qout_r[O]	u_eI_cpu.u_eJ_core.u_eK_ifu.u_eL_ifu_ifetch.ir_valid_dfflr.qout_r	u_e203_cpu.u_e203_core.u_e203_exu.u_e203_exu_regfile.regfile[14].rfno0.rf_dffl.qout_r[31]$_DFFE_PP_/Q	u_e203_cpu.u_e203_core.u_e203_ifu.u_e203_ifu_ifetch.ir_valid_dfflr.qout_r$_DFFE_PN0P_/D
983	-0.1388	u_eI_cpu.u_eJ_core.u_eK_ifu.u_eL_ifu_iftMicb.icb_addr_N_O_dffl.qout_r[P]	u_eI_cpu.u_eJ_core.u_eK_ifu.u_eL_ifu_iftMicb.leftover_dffl.qout_r[N]	u_e203_cpu.u_e203_core.u_e203_ifu.u_e203_ifu_ift2icb.icb_addr_2_1_dffl.qout_r[0]$_DFFE_PP_/Q	u_e203_cpu.u_e203_core.u_e203_ifu.u_e203_ifu_ift2icb.leftover_dffl.qout_r[12]$_DFFE_PP_/D
984	-0.1384	u_eI_cpu.u_eJ_core.u_eK_ifu.u_eL_ifu_ifetch.ir_rsMidx_dfflr.qout_r[N]	u_eI_cpu.u_eJ_core.u_eK_exu.u_eL_exu_csr.epc_dfflr.qout_r[M]	u_e203_cpu.u_e203_core.u_e203_ifu.u_e203_ifu_ifetch.ir_rs2idx_dfflr.qout_r[4]$_DFFE_PN0P_/Q	u_e203_cpu.u_e203_core.u_e203_exu.u_e203_exu_csr.epc_dfflr.qout_r[10]$_DFFE_PN0P_/D
985	-0.1376	u_eI_cpu.u_eJ_core.u_eK_exu.u_eL_exu_regfile.regfile[M].rfnoN.rf_dffl.qout_r[O]	u_eI_cpu.u_eJ_core.u_eK_exu.u_eL_exu_csr.minstret_dfflr.qout_r[M]	u_e203_cpu.u_e203_core.u_e203_exu.u_e203_exu_regfile.regfile[14].rfno0.rf_dffl.qout_r[31]$_DFFE_PP_/Q	u_e203_cpu.u_e203_core.u_e203_exu.u_e203_exu_csr.minstret_dfflr.qout_r[29]$_DFFE_PN0P_/D
986	-0.1376	u_eI_cpu.u_eJ_core.u_eK_ifu.u_eL_ifu_iftMicb.icb_state_dfflr.qout_r[N]	u_eI_cpu.u_eJ_core.u_eK_ifu.u_eL_ifu_iftMicb.icbNitcm_dfflr.qout_r	u_e203_cpu.u_e203_core.u_e203_ifu.u_e203_ifu_ift2icb.icb_state_dfflr.qout_r[1]$_DFFE_PN0P_/Q	u_e203_cpu.u_e203_core.u_e203_ifu.u_e203_ifu_ift2icb.icb2itcm_dfflr.qout_r$_DFFE_PN0P_/D
987	-0.1369	u_eI_cpu.u_eJ_core.u_eK_ifu.u_eL_ifu_iftMicb.icb_state_dfflr.qout_r[N]	u_eI_cpu.u_eJ_core.u_eK_ifu.u_eL_ifu_iftMicb.icb_addr_N_O_dffl.qout_r[P]	u_e203_cpu.u_e203_core.u_e203_ifu.u_e203_ifu_ift2icb.icb_state_dfflr.qout_r[1]$_DFFE_PN0P_/Q	u_e203_cpu.u_e203_core.u_e203_ifu.u_e203_ifu_ift2icb.icb_addr_2_1_dffl.qout_r[1]$_DFFE_PP_/D
988	-0.1369	u_eI_cpu.u_eJ_core.u_eK_ifu.u_eL_ifu_ifetch.ifu_lo_ir_dfflr.qout_r[M]	u_eI_cpu.u_eJ_core.u_eK_exu.u_eL_exu_alu.u_eM_exu_nice.u_nice_itag_fifo.dp_gtN.vec_O_dfflrs.qout_r	u_e203_cpu.u_e203_core.u_e203_ifu.u_e203_ifu_ifetch.ifu_lo_ir_dfflr.qout_r[6]$_DFFE_PN0P_/Q	u_e203_cpu.u_e203_core.u_e203_exu.u_e203_exu_alu.u_e203_exu_nice.u_nice_itag_fifo.dp_gt0.vec_0_dfflrs.qout_r$_DFFE_PN1P_/D
989	-0.1368	u_eI_cpu.u_eJ_core.u_eK_exu.u_eL_exu_regfile.regfile[M].rfnoN.rf_dffl.qout_r[O]	u_eI_cpu.u_eJ_core.u_eK_ifu.u_eL_ifu_ifetch.reset_req_dfflr.qout_r	u_e203_cpu.u_e203_core.u_e203_exu.u_e203_exu_regfile.regfile[14].rfno0.rf_dffl.qout_r[31]$_DFFE_PP_/Q	u_e203_cpu.u_e203_core.u_e203_ifu.u_e203_ifu_ifetch.reset_req_dfflr.qout_r$_DFFE_PN0P_/D
990	-0.1364	u_eI_cpu.u_eJ_core.u_eK_ifu.u_eL_ifu_ifetch.ifu_err_dfflr.qout_r	u_eI_cpu.u_eJ_dtcm_ctrl.u_sram_icb_ctrl.u_byp_icb_cmd_buf.u_bypbuf_fifo.dp_gtK.vec_L_dfflrs.qout_r	u_e203_cpu.u_e203_core.u_e203_ifu.u_e203_ifu_ifetch.ifu_err_dfflr.qout_r$_DFFE_PN0P_/Q	u_e203_cpu.u_e203_dtcm_ctrl.u_sram_icb_ctrl.u_byp_icb_cmd_buf.u_bypbuf_fifo.dp_gt0.vec_0_dfflrs.qout_r$_DFFE_PN1P_/D
991	-0.1359	u_eI_cpu.u_eJ_core.u_eK_ifu.u_eL_ifu_ifetch.ifu_hi_ir_dfflr.qout_r[M]	u_eI_cpu.u_eJ_core.u_eK_exu.u_eL_exu_alu.u_eM_exu_nice.u_nice_itag_fifo.dp_gtN.vec_O_dfflr.qout_r[P]	u_e203_cpu.u_e203_core.u_e203_ifu.u_e203_ifu_ifetch.ifu_hi_ir_dfflr.qout_r[15]$_DFFE_PN0P_/Q	u_e203_cpu.u_e203_core.u_e203_exu.u_e203_exu_alu.u_e203_exu_nice.u_nice_itag_fifo.dp_gt0.vec_31_dfflr.qout_r[1]$_DFFE_PN0P_/D
992	-0.1351	u_eI_cpu.u_eJ_core.u_eK_lsu.u_eL_lsu_ctrl.u_eM_lsu_splt_stage.dp_gt_N.vld_dfflr.qout_r	u_eI_cpu.u_eJ_itcm_ctrl.u_sram_icb_ctrl.u_byp_icb_cmd_buf.u_bypbuf_fifo.dp_gtK.vec_L_dfflrs.qout_r	u_e203_cpu.u_e203_core.u_e203_lsu.u_e203_lsu_ctrl.u_e203_lsu_splt_stage.dp_gt_0.vld_dfflr.qout_r$_DFFE_PN0P_/Q	u_e203_cpu.u_e203_itcm_ctrl.u_sram_icb_ctrl.u_byp_icb_cmd_buf.u_bypbuf_fifo.dp_gt0.vec_0_dfflrs.qout_r$_DFFE_PN1P_/D
993	-0.1347	u_eI_cpu.u_eJ_core.u_eK_exu.u_eL_exu_oitf.depth_gtM.alc_ptr_dfflrs.qout_r	u_eI_cpu.u_eJ_itcm_ctrl.u_sram_icb_ctrl.u_byp_icb_cmd_buf.u_bypbuf_fifo.dp_gtK.vec_L_dfflrs.qout_r	u_e203_cpu.u_e203_core.u_e203_exu.u_e203_exu_oitf.depth_gt1.alc_ptr_dfflrs.qout_r$_DFFE_PN0P_/Q	u_e203_cpu.u_e203_itcm_ctrl.u_sram_icb_ctrl.u_byp_icb_cmd_buf.u_bypbuf_fifo.dp_gt0.vec_0_dfflrs.qout_r$_DFFE_PN1P_/D
994	-0.1347	u_eI_cpu.u_eJ_core.u_eK_exu.u_eL_exu_regfile.regfile[M].rfnoN.rf_dffl.qout_r[O]	u_eI_cpu.u_eJ_core.u_eK_ifu.u_eL_ifu_iftMicb.icb_state_dfflr.qout_r[N]	u_e203_cpu.u_e203_core.u_e203_exu.u_e203_exu_regfile.regfile[14].rfno0.rf_dffl.qout_r[31]$_DFFE_PP_/Q	u_e203_cpu.u_e203_core.u_e203_ifu.u_e203_ifu_ift2icb.icb_state_dfflr.qout_r[0]$_DFFE_PN0P_/D
995	-0.1345	u_eI_cpu.u_eJ_core.u_eK_exu.u_eL_exu_oitf.depth_gtM.ret_ptr_dfflrs.qout_r	u_eI_cpu.u_eJ_itcm_ctrl.u_sram_icb_ctrl.u_byp_icb_cmd_buf.u_bypbuf_fifo.dp_gtK.vec_L_dfflrs.qout_r	u_e203_cpu.u_e203_core.u_e203_exu.u_e203_exu_oitf.depth_gt1.ret_ptr_dfflrs.qout_r$_DFFE_PN0P_/Q	u_e203_cpu.u_e203_itcm_ctrl.u_sram_icb_ctrl.u_byp_icb_cmd_buf.u_bypbuf_fifo.dp_gt0.vec_0_dfflrs.qout_r$_DFFE_PN1P_/D
996	-0.1344	u_eI_cpu.u_eJ_core.u_eK_exu.u_eL_exu_alu.u_eM_exu_alu_lsuagu.icb_state_dfflr.qout_r[N]	u_eI_cpu.u_eJ_clk_ctrl.u_biu_clkgate.enb	u_e203_cpu.u_e203_core.u_e203_exu.u_e203_exu_alu.u_e203_exu_alu_lsuagu.icb_state_dfflr.qout_r[1]$_DFFE_PN0P_/Q	u_e203_cpu.u_e203_clk_ctrl.u_biu_clkgate.enb$_DLATCH_N_/D
997	-0.1343	u_eI_cpu.u_eJ_core.u_eK_exu.u_eL_exu_regfile.regfile[M].rfnoN.rf_dffl.qout_r[O]	u_eI_cpu.u_eJ_core.u_eK_ifu.u_eL_ifu_iftMicb.req_lane_cross_dfflr.qout_r	u_e203_cpu.u_e203_core.u_e203_exu.u_e203_exu_regfile.regfile[14].rfno0.rf_dffl.qout_r[31]$_DFFE_PP_/Q	u_e203_cpu.u_e203_core.u_e203_ifu.u_e203_ifu_ift2icb.req_lane_cross_dfflr.qout_r$_DFFE_PN0P_/D
998	-0.1341	u_eI_cpu.u_eJ_core.u_eK_ifu.u_eL_ifu_iftMicb.req_same_cross_holdup_dfflr.qout_r	u_eI_cpu.u_eJ_core.u_eK_ifu.u_eL_ifu_ifetch.ifu_hi_ir_dfflr.qout_r[M]	u_e203_cpu.u_e203_core.u_e203_ifu.u_e203_ifu_ift2icb.req_same_cross_holdup_dfflr.qout_r$_DFFE_PN0P_/Q	u_e203_cpu.u_e203_core.u_e203_ifu.u_e203_ifu_ifetch.ifu_hi_ir_dfflr.qout_r[10]$_DFFE_PN0P_/D
999	-0.1338	dbg_mode	wr_dcsr_ena	dbg_mode	wr_dcsr_ena
1000	-0.1338	dbg_mode	wr_dpc_ena	dbg_mode	wr_dpc_ena
