# stage	1_synth
# top_module	axi_crossbar_wrap_8x8
# top_n	1000
# kind	blocks
# skip_async	1
# include_full	1
# rank	worst_slack_ns	start	end	start_full	end_full
1	-0.4520	mI_axi_rid[J]	axi_crossbar_inst.axi_crossbar_rd_inst.s_ifaces[I].addr_inst.thread_count_reg[J][K]	m03_axi_rid[6]	axi_crossbar_inst.axi_crossbar_rd_inst.s_ifaces[1].addr_inst.thread_count_reg[0][4]$_SDFFE_PP0P_/D
2	-0.4477	mI_axi_bid[J]	axi_crossbar_inst.axi_crossbar_wr_inst.s_ifaces[I].addr_inst.thread_count_reg[J][K]	m03_axi_bid[1]	axi_crossbar_inst.axi_crossbar_wr_inst.s_ifaces[6].addr_inst.thread_count_reg[1][4]$_SDFFE_PP0P_/D
3	-0.4453	sI_axi_awid[J]	axi_crossbar_inst.axi_crossbar_wr_inst.s_ifaces[I].addr_inst.thread_count_reg[J][K]	s02_axi_awid[3]	axi_crossbar_inst.axi_crossbar_wr_inst.s_ifaces[2].addr_inst.thread_count_reg[1][4]$_SDFFE_PP0P_/D
4	-0.4109	mI_axi_rvalid	axi_crossbar_inst.axi_crossbar_rd_inst.s_ifaces[I].addr_inst.thread_count_reg[J][K]	m03_axi_rvalid	axi_crossbar_inst.axi_crossbar_rd_inst.s_ifaces[3].addr_inst.thread_count_reg[1][4]$_SDFFE_PP0P_/D
5	-0.4058	mI_axi_rlast	axi_crossbar_inst.axi_crossbar_rd_inst.s_ifaces[I].addr_inst.thread_count_reg[J][K]	m07_axi_rlast	axi_crossbar_inst.axi_crossbar_rd_inst.s_ifaces[4].addr_inst.thread_count_reg[0][4]$_SDFFE_PP0P_/D
6	-0.4010	mI_axi_bvalid	axi_crossbar_inst.axi_crossbar_wr_inst.s_ifaces[I].addr_inst.thread_count_reg[J][K]	m02_axi_bvalid	axi_crossbar_inst.axi_crossbar_wr_inst.s_ifaces[5].addr_inst.thread_count_reg[0][4]$_SDFFE_PP0P_/D
7	-0.3862	sI_axi_awid[J]	axi_crossbar_inst.axi_crossbar_wr_inst.s_ifaces[I].addr_inst.trans_count_reg[J]	s02_axi_awid[3]	axi_crossbar_inst.axi_crossbar_wr_inst.s_ifaces[2].addr_inst.trans_count_reg[4]$_SDFFE_PP0P_/D
8	-0.3846	sI_axi_arid[J]	axi_crossbar_inst.axi_crossbar_rd_inst.s_ifaces[I].addr_inst.thread_count_reg[J][K]	s04_axi_arid[3]	axi_crossbar_inst.axi_crossbar_rd_inst.s_ifaces[4].addr_inst.thread_count_reg[0][4]$_SDFFE_PP0P_/D
9	-0.3379	mI_axi_rvalid	axi_crossbar_inst.axi_crossbar_rd_inst.s_ifaces[I].addr_inst.trans_count_reg[J]	m00_axi_rvalid	axi_crossbar_inst.axi_crossbar_rd_inst.s_ifaces[0].addr_inst.trans_count_reg[4]$_SDFFE_PP0P_/D
10	-0.3318	mI_axi_rlast	axi_crossbar_inst.axi_crossbar_rd_inst.s_ifaces[I].addr_inst.trans_count_reg[J]	m07_axi_rlast	axi_crossbar_inst.axi_crossbar_rd_inst.s_ifaces[6].addr_inst.trans_count_reg[4]$_SDFFE_PP0P_/D
11	-0.3157	mI_axi_bvalid	axi_crossbar_inst.axi_crossbar_wr_inst.s_ifaces[I].addr_inst.trans_count_reg[J]	m02_axi_bvalid	axi_crossbar_inst.axi_crossbar_wr_inst.s_ifaces[7].addr_inst.trans_count_reg[4]$_SDFFE_PP0P_/D
12	-0.3139	sI_axi_arid[J]	axi_crossbar_inst.axi_crossbar_rd_inst.s_ifaces[I].addr_inst.trans_count_reg[J]	s01_axi_arid[6]	axi_crossbar_inst.axi_crossbar_rd_inst.s_ifaces[1].addr_inst.trans_count_reg[4]$_SDFFE_PP0P_/D
13	-0.3032	axi_crossbar_inst.axi_crossbar_wr_inst.s_ifaces[I].b_arb_inst.grant_encoded_reg[J]	axi_crossbar_inst.axi_crossbar_wr_inst.s_ifaces[I].addr_inst.thread_count_reg[J][K]	axi_crossbar_inst.axi_crossbar_wr_inst.s_ifaces[7].b_arb_inst.grant_encoded_reg[1]$_SDFFE_PP0P_/Q	axi_crossbar_inst.axi_crossbar_wr_inst.s_ifaces[7].addr_inst.thread_count_reg[1][4]$_SDFFE_PP0P_/D
14	-0.3009	axi_crossbar_inst.axi_crossbar_rd_inst.s_ifaces[I].r_arb_inst.grant_encoded_reg[J]	axi_crossbar_inst.axi_crossbar_rd_inst.s_ifaces[I].addr_inst.thread_count_reg[J][K]	axi_crossbar_inst.axi_crossbar_rd_inst.s_ifaces[1].r_arb_inst.grant_encoded_reg[1]$_SDFFE_PP0P_/Q	axi_crossbar_inst.axi_crossbar_rd_inst.s_ifaces[1].addr_inst.thread_count_reg[0][4]$_SDFFE_PP0P_/D
15	-0.2690	mI_axi_bid[J]	axi_crossbar_inst.axi_crossbar_wr_inst.m_ifaces[I].a_arb_inst.mask_reg[J]	m06_axi_bid[8]	axi_crossbar_inst.axi_crossbar_wr_inst.m_ifaces[6].a_arb_inst.mask_reg[1]$_SDFFE_PP0P_/D
16	-0.2653	mI_axi_bvalid	axi_crossbar_inst.axi_crossbar_wr_inst.s_ifaces[I].b_arb_inst.mask_reg[J]	m07_axi_bvalid	axi_crossbar_inst.axi_crossbar_wr_inst.s_ifaces[6].b_arb_inst.mask_reg[6]$_SDFFE_PP0P_/D
17	-0.2646	mI_axi_bid[J]	axi_crossbar_inst.axi_crossbar_wr_inst.s_ifaces[I].b_arb_inst.mask_reg[J]	m07_axi_bid[9]	axi_crossbar_inst.axi_crossbar_wr_inst.s_ifaces[6].b_arb_inst.mask_reg[6]$_SDFFE_PP0P_/D
18	-0.2606	sI_axi_wlast	axi_crossbar_inst.axi_crossbar_wr_inst.m_ifaces[I].a_arb_inst.mask_reg[J]	s05_axi_wlast	axi_crossbar_inst.axi_crossbar_wr_inst.m_ifaces[0].a_arb_inst.mask_reg[0]$_SDFFE_PP0P_/D
19	-0.2552	sI_axi_wvalid	axi_crossbar_inst.axi_crossbar_wr_inst.m_ifaces[I].a_arb_inst.mask_reg[J]	s04_axi_wvalid	axi_crossbar_inst.axi_crossbar_wr_inst.m_ifaces[0].a_arb_inst.mask_reg[0]$_SDFFE_PP0P_/D
20	-0.2468	mI_axi_rid[J]	axi_crossbar_inst.axi_crossbar_rd_inst.s_ifaces[I].r_arb_inst.mask_reg[J]	m04_axi_rid[8]	axi_crossbar_inst.axi_crossbar_rd_inst.s_ifaces[3].r_arb_inst.mask_reg[1]$_SDFFE_PP0P_/D
21	-0.2418	mI_axi_rvalid	axi_crossbar_inst.axi_crossbar_rd_inst.s_ifaces[I].r_arb_inst.mask_reg[J]	m04_axi_rvalid	axi_crossbar_inst.axi_crossbar_rd_inst.s_ifaces[3].r_arb_inst.mask_reg[1]$_SDFFE_PP0P_/D
22	-0.2265	axi_crossbar_inst.axi_crossbar_wr_inst.s_ifaces[I].addr_inst.thread_id_reg[J][K]	axi_crossbar_inst.axi_crossbar_wr_inst.s_ifaces[I].addr_inst.thread_count_reg[J][K]	axi_crossbar_inst.axi_crossbar_wr_inst.s_ifaces[2].addr_inst.thread_id_reg[0][3]$_DFFE_PP_/Q	axi_crossbar_inst.axi_crossbar_wr_inst.s_ifaces[2].addr_inst.thread_count_reg[1][4]$_SDFFE_PP0P_/D
23	-0.2172	mI_axi_rid[J]	axi_crossbar_inst.axi_crossbar_rd_inst.m_ifaces[I].a_arb_inst.mask_reg[J]	m02_axi_rid[10]	axi_crossbar_inst.axi_crossbar_rd_inst.m_ifaces[2].a_arb_inst.mask_reg[0]$_SDFFE_PP0P_/D
24	-0.1993	sI_axi_awid[J]	axi_crossbar_inst.axi_crossbar_wr_inst.s_ifaces[I].addr_inst.thread_id_reg[J][K]	s02_axi_awid[3]	axi_crossbar_inst.axi_crossbar_wr_inst.s_ifaces[2].addr_inst.thread_id_reg[1][0]$_DFFE_PP_/D
25	-0.1993	sI_axi_awid[J]	axi_crossbar_inst.axi_crossbar_wr_inst.s_ifaces[I].addr_inst.thread_m_reg[J][K]	s02_axi_awid[3]	axi_crossbar_inst.axi_crossbar_wr_inst.s_ifaces[2].addr_inst.thread_m_reg[1][0]$_DFFE_PP_/D
26	-0.1909	axi_crossbar_inst.axi_crossbar_wr_inst.s_ifaces[I].addr_inst.thread_count_reg[J][K]	axi_crossbar_inst.axi_crossbar_wr_inst.s_ifaces[I].addr_inst.thread_count_reg[J][K]	axi_crossbar_inst.axi_crossbar_wr_inst.s_ifaces[6].addr_inst.thread_count_reg[1][2]$_SDFFE_PP0P_/Q	axi_crossbar_inst.axi_crossbar_wr_inst.s_ifaces[6].addr_inst.thread_count_reg[0][4]$_SDFFE_PP0P_/D
27	-0.1876	axi_crossbar_inst.axi_crossbar_rd_inst.s_ifaces[I].addr_inst.thread_count_reg[J][K]	axi_crossbar_inst.axi_crossbar_rd_inst.s_ifaces[I].addr_inst.thread_count_reg[J][K]	axi_crossbar_inst.axi_crossbar_rd_inst.s_ifaces[4].addr_inst.thread_count_reg[0][2]$_SDFFE_PP0P_/Q	axi_crossbar_inst.axi_crossbar_rd_inst.s_ifaces[4].addr_inst.thread_count_reg[0][4]$_SDFFE_PP0P_/D
28	-0.1695	axi_crossbar_inst.axi_crossbar_rd_inst.s_ifaces[I].addr_inst.thread_id_reg[J][K]	axi_crossbar_inst.axi_crossbar_rd_inst.s_ifaces[I].addr_inst.thread_count_reg[J][K]	axi_crossbar_inst.axi_crossbar_rd_inst.s_ifaces[4].addr_inst.thread_id_reg[0][3]$_DFFE_PP_/Q	axi_crossbar_inst.axi_crossbar_rd_inst.s_ifaces[4].addr_inst.thread_count_reg[0][4]$_SDFFE_PP0P_/D
29	-0.1683	mI_axi_rid[J]	axi_crossbar_inst.axi_crossbar_rd_inst.m_ifaces[I].trans_count_reg[J]	m02_axi_rid[10]	axi_crossbar_inst.axi_crossbar_rd_inst.m_ifaces[2].trans_count_reg[2]$_SDFFE_PP0P_/D
30	-0.1674	axi_crossbar_inst.axi_crossbar_wr_inst.s_ifaces[I].addr_inst.thread_id_reg[J][K]	axi_crossbar_inst.axi_crossbar_wr_inst.s_ifaces[I].addr_inst.trans_count_reg[J]	axi_crossbar_inst.axi_crossbar_wr_inst.s_ifaces[2].addr_inst.thread_id_reg[0][3]$_DFFE_PP_/Q	axi_crossbar_inst.axi_crossbar_wr_inst.s_ifaces[2].addr_inst.trans_count_reg[4]$_SDFFE_PP0P_/D
31	-0.1559	axi_crossbar_inst.axi_crossbar_rd_inst.s_ifaces[I].r_arb_inst.grant_encoded_reg[J]	axi_crossbar_inst.axi_crossbar_rd_inst.s_ifaces[I].addr_inst.trans_count_reg[J]	axi_crossbar_inst.axi_crossbar_rd_inst.s_ifaces[0].r_arb_inst.grant_encoded_reg[2]$_SDFFE_PP0P_/Q	axi_crossbar_inst.axi_crossbar_rd_inst.s_ifaces[0].addr_inst.trans_count_reg[4]$_SDFFE_PP0P_/D
32	-0.1539	axi_crossbar_inst.axi_crossbar_wr_inst.s_ifaces[I].addr_inst.m_select_reg[J]	axi_crossbar_inst.axi_crossbar_wr_inst.s_ifaces[I].addr_inst.thread_count_reg[J][K]	axi_crossbar_inst.axi_crossbar_wr_inst.s_ifaces[7].addr_inst.m_select_reg[1]$_SDFFCE_PP1P_/Q	axi_crossbar_inst.axi_crossbar_wr_inst.s_ifaces[7].addr_inst.thread_count_reg[0][4]$_SDFFE_PP0P_/D
33	-0.1512	mI_axi_bid[J]	axi_crossbar_inst.axi_crossbar_wr_inst.m_ifaces[I].trans_count_reg[J]	m03_axi_bid[8]	axi_crossbar_inst.axi_crossbar_wr_inst.m_ifaces[3].trans_count_reg[2]$_SDFFE_PP0P_/D
34	-0.1490	axi_crossbar_inst.axi_crossbar_wr_inst.s_ifaces[I].decerr_m_axi_bid_reg[J]	axi_crossbar_inst.axi_crossbar_wr_inst.s_ifaces[I].addr_inst.thread_count_reg[J][K]	axi_crossbar_inst.axi_crossbar_wr_inst.s_ifaces[4].decerr_m_axi_bid_reg[6]$_DFFE_PP_/Q	axi_crossbar_inst.axi_crossbar_wr_inst.s_ifaces[4].addr_inst.thread_count_reg[0][4]$_SDFFE_PP0P_/D
35	-0.1447	axi_crossbar_inst.axi_crossbar_rd_inst.s_ifaces[I].addr_inst.thread_count_reg[J][K]	axi_crossbar_inst.axi_crossbar_rd_inst.s_ifaces[I].addr_inst.trans_count_reg[J]	axi_crossbar_inst.axi_crossbar_rd_inst.s_ifaces[6].addr_inst.thread_count_reg[0][2]$_SDFFE_PP0P_/Q	axi_crossbar_inst.axi_crossbar_rd_inst.s_ifaces[6].addr_inst.trans_count_reg[4]$_SDFFE_PP0P_/D
36	-0.1413	axi_crossbar_inst.axi_crossbar_wr_inst.s_ifaces[I].b_arb_inst.grant_encoded_reg[J]	axi_crossbar_inst.axi_crossbar_wr_inst.s_ifaces[I].addr_inst.trans_count_reg[J]	axi_crossbar_inst.axi_crossbar_wr_inst.s_ifaces[1].b_arb_inst.grant_encoded_reg[1]$_SDFFE_PP0P_/Q	axi_crossbar_inst.axi_crossbar_wr_inst.s_ifaces[1].addr_inst.trans_count_reg[4]$_SDFFE_PP0P_/D
37	-0.1345	axi_crossbar_inst.axi_crossbar_wr_inst.s_ifaces[I].decerr_m_axi_bvalid_reg	axi_crossbar_inst.axi_crossbar_wr_inst.s_ifaces[I].addr_inst.thread_count_reg[J][K]	axi_crossbar_inst.axi_crossbar_wr_inst.s_ifaces[4].decerr_m_axi_bvalid_reg$_SDFF_PP0_/Q	axi_crossbar_inst.axi_crossbar_wr_inst.s_ifaces[4].addr_inst.thread_count_reg[1][4]$_SDFFE_PP0P_/D
38	-0.1328	mI_axi_rvalid	axi_crossbar_inst.axi_crossbar_rd_inst.s_ifaces[I].addr_inst.thread_id_reg[J][K]	m03_axi_rvalid	axi_crossbar_inst.axi_crossbar_rd_inst.s_ifaces[3].addr_inst.thread_id_reg[0][0]$_DFFE_PP_/D
39	-0.1328	mI_axi_rvalid	axi_crossbar_inst.axi_crossbar_rd_inst.s_ifaces[I].addr_inst.thread_m_reg[J][K]	m03_axi_rvalid	axi_crossbar_inst.axi_crossbar_rd_inst.s_ifaces[3].addr_inst.thread_m_reg[0][0]$_DFFE_PP_/D
40	-0.1294	mI_axi_rlast	axi_crossbar_inst.axi_crossbar_rd_inst.s_ifaces[I].addr_inst.thread_id_reg[J][K]	m07_axi_rlast	axi_crossbar_inst.axi_crossbar_rd_inst.s_ifaces[4].addr_inst.thread_id_reg[1][0]$_DFFE_PP_/D
41	-0.1294	mI_axi_rlast	axi_crossbar_inst.axi_crossbar_rd_inst.s_ifaces[I].addr_inst.thread_m_reg[J][K]	m07_axi_rlast	axi_crossbar_inst.axi_crossbar_rd_inst.s_ifaces[4].addr_inst.thread_m_reg[1][0]$_DFFE_PP_/D
42	-0.1278	mI_axi_bvalid	axi_crossbar_inst.axi_crossbar_wr_inst.s_ifaces[I].addr_inst.thread_id_reg[J][K]	m02_axi_bvalid	axi_crossbar_inst.axi_crossbar_wr_inst.s_ifaces[5].addr_inst.thread_id_reg[0][0]$_DFFE_PP_/D
43	-0.1278	mI_axi_bvalid	axi_crossbar_inst.axi_crossbar_wr_inst.s_ifaces[I].addr_inst.thread_m_reg[J][K]	m02_axi_bvalid	axi_crossbar_inst.axi_crossbar_wr_inst.s_ifaces[5].addr_inst.thread_m_reg[0][0]$_DFFE_PP_/D
44	-0.1228	mI_axi_bvalid	axi_crossbar_inst.axi_crossbar_wr_inst.s_ifaces[I].b_arb_inst.grant_reg[J]	m07_axi_bvalid	axi_crossbar_inst.axi_crossbar_wr_inst.s_ifaces[6].b_arb_inst.grant_reg[7]$_SDFFE_PP0P_/D
45	-0.1221	mI_axi_bid[J]	axi_crossbar_inst.axi_crossbar_wr_inst.s_ifaces[I].b_arb_inst.grant_reg[J]	m07_axi_bid[9]	axi_crossbar_inst.axi_crossbar_wr_inst.s_ifaces[6].b_arb_inst.grant_reg[7]$_SDFFE_PP0P_/D
46	-0.1217	axi_crossbar_inst.axi_crossbar_wr_inst.s_ifaces[I].addr_inst.thread_count_reg[J][K]	axi_crossbar_inst.axi_crossbar_wr_inst.s_ifaces[I].addr_inst.trans_count_reg[J]	axi_crossbar_inst.axi_crossbar_wr_inst.s_ifaces[6].addr_inst.thread_count_reg[1][2]$_SDFFE_PP0P_/Q	axi_crossbar_inst.axi_crossbar_wr_inst.s_ifaces[6].addr_inst.trans_count_reg[4]$_SDFFE_PP0P_/D
47	-0.1213	axi_crossbar_inst.axi_crossbar_rd_inst.s_ifaces[I].addr_inst.m_select_reg[J]	axi_crossbar_inst.axi_crossbar_rd_inst.s_ifaces[I].addr_inst.thread_count_reg[J][K]	axi_crossbar_inst.axi_crossbar_rd_inst.s_ifaces[3].addr_inst.m_select_reg[2]$_SDFFCE_PP1P_/Q	axi_crossbar_inst.axi_crossbar_rd_inst.s_ifaces[3].addr_inst.thread_count_reg[1][4]$_SDFFE_PP0P_/D
48	-0.1163	mI_axi_rid[J]	axi_crossbar_inst.axi_crossbar_rd_inst.s_ifaces[I].r_arb_inst.grant_reg[J]	m05_axi_rid[9]	axi_crossbar_inst.axi_crossbar_rd_inst.s_ifaces[0].r_arb_inst.grant_reg[0]$_SDFFE_PP0P_/D
49	-0.1145	sI_axi_arid[J]	axi_crossbar_inst.axi_crossbar_rd_inst.s_ifaces[I].addr_inst.thread_id_reg[J][K]	s06_axi_arid[0]	axi_crossbar_inst.axi_crossbar_rd_inst.s_ifaces[6].addr_inst.thread_id_reg[0][0]$_DFFE_PP_/D
50	-0.1145	sI_axi_arid[J]	axi_crossbar_inst.axi_crossbar_rd_inst.s_ifaces[I].addr_inst.thread_m_reg[J][K]	s06_axi_arid[0]	axi_crossbar_inst.axi_crossbar_rd_inst.s_ifaces[6].addr_inst.thread_m_reg[0][0]$_DFFE_PP_/D
51	-0.1140	mI_axi_bid[J]	mI_axi_bready	m03_axi_bid[8]	m03_axi_bready
52	-0.1136	mI_axi_bvalid	axi_crossbar_inst.axi_crossbar_wr_inst.m_ifaces[I].a_arb_inst.mask_reg[J]	m00_axi_bvalid	axi_crossbar_inst.axi_crossbar_wr_inst.m_ifaces[0].a_arb_inst.mask_reg[0]$_SDFFE_PP0P_/D
53	-0.1110	mI_axi_bid[J]	axi_crossbar_inst.axi_crossbar_wr_inst.m_ifaces[I].a_arb_inst.grant_reg[J]	m06_axi_bid[8]	axi_crossbar_inst.axi_crossbar_wr_inst.m_ifaces[6].a_arb_inst.grant_reg[5]$_SDFFE_PP0P_/D
54	-0.1110	mI_axi_rvalid	axi_crossbar_inst.axi_crossbar_rd_inst.s_ifaces[I].r_arb_inst.grant_reg[J]	m00_axi_rvalid	axi_crossbar_inst.axi_crossbar_rd_inst.s_ifaces[2].r_arb_inst.grant_reg[7]$_SDFFE_PP0P_/D
55	-0.1102	mI_axi_rid[J]	mI_axi_rready	m07_axi_rid[8]	m07_axi_rready
56	-0.1056	mI_axi_bvalid	axi_crossbar_inst.axi_crossbar_wr_inst.s_ifaces[I].b_arb_inst.grant_encoded_reg[J]	m02_axi_bvalid	axi_crossbar_inst.axi_crossbar_wr_inst.s_ifaces[2].b_arb_inst.grant_encoded_reg[0]$_SDFFE_PP0P_/D
57	-0.1040	sI_axi_wlast	axi_crossbar_inst.axi_crossbar_wr_inst.m_ifaces[I].a_arb_inst.grant_encoded_reg[J]	s05_axi_wlast	axi_crossbar_inst.axi_crossbar_wr_inst.m_ifaces[2].a_arb_inst.grant_encoded_reg[1]$_SDFFE_PP0P_/D
58	-0.1035	mI_axi_rlast	axi_crossbar_inst.axi_crossbar_rd_inst.s_ifaces[I].r_arb_inst.mask_reg[J]	m07_axi_rlast	axi_crossbar_inst.axi_crossbar_rd_inst.s_ifaces[4].r_arb_inst.mask_reg[0]$_SDFFE_PP0P_/D
59	-0.1015	axi_crossbar_inst.axi_crossbar_wr_inst.s_ifaces[I].w_select_reg[J]	axi_crossbar_inst.axi_crossbar_wr_inst.m_ifaces[I].a_arb_inst.mask_reg[J]	axi_crossbar_inst.axi_crossbar_wr_inst.s_ifaces[4].w_select_reg[2]$_DFFE_PP_/Q	axi_crossbar_inst.axi_crossbar_wr_inst.m_ifaces[0].a_arb_inst.mask_reg[0]$_SDFFE_PP0P_/D
60	-0.1006	axi_crossbar_inst.axi_crossbar_wr_inst.m_ifaces[I].w_select_reg[J]	axi_crossbar_inst.axi_crossbar_wr_inst.m_ifaces[I].a_arb_inst.mask_reg[J]	axi_crossbar_inst.axi_crossbar_wr_inst.m_ifaces[0].w_select_reg[1]$_DFFE_PP_/Q	axi_crossbar_inst.axi_crossbar_wr_inst.m_ifaces[0].a_arb_inst.mask_reg[0]$_SDFFE_PP0P_/D
61	-0.0991	axi_crossbar_inst.axi_crossbar_wr_inst.s_ifaces[I].w_select_valid_reg	axi_crossbar_inst.axi_crossbar_wr_inst.m_ifaces[I].a_arb_inst.mask_reg[J]	axi_crossbar_inst.axi_crossbar_wr_inst.s_ifaces[4].w_select_valid_reg$_SDFF_PP0_/Q	axi_crossbar_inst.axi_crossbar_wr_inst.m_ifaces[0].a_arb_inst.mask_reg[0]$_SDFFE_PP0P_/D
62	-0.0988	axi_crossbar_inst.axi_crossbar_rd_inst.s_ifaces[I].addr_inst.thread_id_reg[J][K]	axi_crossbar_inst.axi_crossbar_rd_inst.s_ifaces[I].addr_inst.trans_count_reg[J]	axi_crossbar_inst.axi_crossbar_rd_inst.s_ifaces[1].addr_inst.thread_id_reg[1][6]$_DFFE_PP_/Q	axi_crossbar_inst.axi_crossbar_rd_inst.s_ifaces[1].addr_inst.trans_count_reg[4]$_SDFFE_PP0P_/D
63	-0.0987	mI_axi_rid[J]	axi_crossbar_inst.axi_crossbar_rd_inst.m_ifaces[I].a_arb_inst.grant_reg[J]	m02_axi_rid[10]	axi_crossbar_inst.axi_crossbar_rd_inst.m_ifaces[2].a_arb_inst.grant_reg[0]$_SDFFE_PP0P_/D
64	-0.0980	mI_axi_rvalid	axi_crossbar_inst.axi_crossbar_rd_inst.m_ifaces[I].a_arb_inst.mask_reg[J]	m02_axi_rvalid	axi_crossbar_inst.axi_crossbar_rd_inst.m_ifaces[2].a_arb_inst.mask_reg[0]$_SDFFE_PP0P_/D
65	-0.0950	mI_axi_bid[J]	axi_crossbar_inst.axi_crossbar_wr_inst.s_ifaces[I].b_arb_inst.grant_encoded_reg[J]	m07_axi_bid[9]	axi_crossbar_inst.axi_crossbar_wr_inst.s_ifaces[6].b_arb_inst.grant_encoded_reg[0]$_SDFFE_PP0P_/D
66	-0.0938	sI_axi_wlast	axi_crossbar_inst.axi_crossbar_wr_inst.m_ifaces[I].a_arb_inst.grant_reg[J]	s05_axi_wlast	axi_crossbar_inst.axi_crossbar_wr_inst.m_ifaces[3].a_arb_inst.grant_reg[6]$_SDFFE_PP0P_/D
67	-0.0924	mI_axi_rlast	axi_crossbar_inst.axi_crossbar_rd_inst.s_ifaces[I].r_arb_inst.grant_encoded_reg[J]	m07_axi_rlast	axi_crossbar_inst.axi_crossbar_rd_inst.s_ifaces[4].r_arb_inst.grant_encoded_reg[3]$_SDFFE_PP0P_/D
68	-0.0909	axi_crossbar_inst.axi_crossbar_rd_inst.s_ifaces[I].decerr_m_axi_rvalid_reg	axi_crossbar_inst.axi_crossbar_rd_inst.s_ifaces[I].addr_inst.thread_count_reg[J][K]	axi_crossbar_inst.axi_crossbar_rd_inst.s_ifaces[5].decerr_m_axi_rvalid_reg$_SDFF_PP0_/Q	axi_crossbar_inst.axi_crossbar_rd_inst.s_ifaces[5].addr_inst.thread_count_reg[0][4]$_SDFFE_PP0P_/D
69	-0.0907	sI_axi_awid[J]	axi_crossbar_inst.axi_crossbar_wr_inst.s_ifaces[I].addr_inst.m_decerr_reg	s02_axi_awid[3]	axi_crossbar_inst.axi_crossbar_wr_inst.s_ifaces[2].addr_inst.m_decerr_reg$_SDFFCE_PN1P_/D
70	-0.0902	sI_axi_awid[J]	axi_crossbar_inst.axi_crossbar_wr_inst.s_ifaces[I].addr_inst.state_reg[J]	s02_axi_awid[3]	axi_crossbar_inst.axi_crossbar_wr_inst.s_ifaces[2].addr_inst.state_reg[1]$_SDFF_PP0_/D
71	-0.0901	mI_axi_rlast	axi_crossbar_inst.axi_crossbar_rd_inst.s_ifaces[I].r_arb_inst.grant_reg[J]	m07_axi_rlast	axi_crossbar_inst.axi_crossbar_rd_inst.s_ifaces[4].r_arb_inst.grant_reg[8]$_SDFFE_PP0P_/D
72	-0.0888	mI_axi_bid[J]	axi_crossbar_inst.axi_crossbar_wr_inst.m_ifaces[I].a_arb_inst.grant_encoded_reg[J]	m06_axi_bid[8]	axi_crossbar_inst.axi_crossbar_wr_inst.m_ifaces[6].a_arb_inst.grant_encoded_reg[1]$_SDFFE_PP0P_/D
73	-0.0883	sI_axi_wvalid	axi_crossbar_inst.axi_crossbar_wr_inst.m_ifaces[I].a_arb_inst.grant_reg[J]	s01_axi_wvalid	axi_crossbar_inst.axi_crossbar_wr_inst.m_ifaces[5].a_arb_inst.grant_reg[0]$_SDFFE_PP0P_/D
74	-0.0866	mI_axi_rlast	axi_crossbar_inst.axi_crossbar_rd_inst.m_ifaces[I].a_arb_inst.mask_reg[J]	m02_axi_rlast	axi_crossbar_inst.axi_crossbar_rd_inst.m_ifaces[2].a_arb_inst.mask_reg[0]$_SDFFE_PP0P_/D
75	-0.0846	sI_axi_awid[J]	axi_crossbar_inst.axi_crossbar_wr_inst.s_ifaces[I].addr_inst.m_axi_avalid_reg	s02_axi_awid[3]	axi_crossbar_inst.axi_crossbar_wr_inst.s_ifaces[2].addr_inst.m_axi_avalid_reg$_SDFF_PP0_/D
76	-0.0833	axi_crossbar_inst.axi_crossbar_wr_inst.s_ifaces[I].b_arb_inst.grant_encoded_reg[J]	axi_crossbar_inst.axi_crossbar_wr_inst.m_ifaces[I].a_arb_inst.mask_reg[J]	axi_crossbar_inst.axi_crossbar_wr_inst.s_ifaces[3].b_arb_inst.grant_encoded_reg[2]$_SDFFE_PP0P_/Q	axi_crossbar_inst.axi_crossbar_wr_inst.m_ifaces[6].a_arb_inst.mask_reg[1]$_SDFFE_PP0P_/D
77	-0.0826	mI_axi_rlast	axi_crossbar_inst.axi_crossbar_rd_inst.s_ifaces[I].r_arb_inst.grant_valid_reg	m07_axi_rlast	axi_crossbar_inst.axi_crossbar_rd_inst.s_ifaces[4].r_arb_inst.grant_valid_reg$_SDFFE_PP0P_/D
78	-0.0825	mI_axi_rid[J]	axi_crossbar_inst.axi_crossbar_rd_inst.s_ifaces[I].r_arb_inst.grant_encoded_reg[J]	m02_axi_rid[8]	axi_crossbar_inst.axi_crossbar_rd_inst.s_ifaces[1].r_arb_inst.grant_encoded_reg[0]$_SDFFE_PP0P_/D
79	-0.0811	axi_crossbar_inst.axi_crossbar_wr_inst.s_ifaces[I].b_arb_inst.grant_valid_reg	axi_crossbar_inst.axi_crossbar_wr_inst.m_ifaces[I].a_arb_inst.mask_reg[J]	axi_crossbar_inst.axi_crossbar_wr_inst.s_ifaces[1].b_arb_inst.grant_valid_reg$_SDFFE_PP0P_/Q	axi_crossbar_inst.axi_crossbar_wr_inst.m_ifaces[6].a_arb_inst.mask_reg[1]$_SDFFE_PP0P_/D
80	-0.0809	axi_crossbar_inst.axi_crossbar_wr_inst.s_ifaces[I].reg_inst.genblkJ.genblkK.m_axi_bready_reg	axi_crossbar_inst.axi_crossbar_wr_inst.m_ifaces[I].a_arb_inst.mask_reg[J]	axi_crossbar_inst.axi_crossbar_wr_inst.s_ifaces[3].reg_inst.genblk3.genblk1.m_axi_bready_reg$_SDFF_PP0_/Q	axi_crossbar_inst.axi_crossbar_wr_inst.m_ifaces[6].a_arb_inst.mask_reg[1]$_SDFFE_PP0P_/D
81	-0.0806	sI_axi_awid[J]	axi_crossbar_inst.axi_crossbar_wr_inst.s_ifaces[I].addr_inst.m_rc_valid_reg	s02_axi_awid[3]	axi_crossbar_inst.axi_crossbar_wr_inst.s_ifaces[2].addr_inst.m_rc_valid_reg$_SDFF_PP0_/D
82	-0.0798	axi_crossbar_inst.axi_crossbar_wr_inst.s_ifaces[I].addr_inst.thread_m_reg[J][K]	axi_crossbar_inst.axi_crossbar_wr_inst.s_ifaces[I].addr_inst.thread_count_reg[J][K]	axi_crossbar_inst.axi_crossbar_wr_inst.s_ifaces[7].addr_inst.thread_m_reg[1][1]$_DFFE_PP_/Q	axi_crossbar_inst.axi_crossbar_wr_inst.s_ifaces[7].addr_inst.thread_count_reg[0][4]$_SDFFE_PP0P_/D
83	-0.0791	axi_crossbar_inst.axi_crossbar_wr_inst.s_ifaces[I].addr_inst.m_select_reg[J]	axi_crossbar_inst.axi_crossbar_wr_inst.s_ifaces[I].addr_inst.trans_count_reg[J]	axi_crossbar_inst.axi_crossbar_wr_inst.s_ifaces[2].addr_inst.m_select_reg[1]$_SDFFCE_PP1P_/Q	axi_crossbar_inst.axi_crossbar_wr_inst.s_ifaces[2].addr_inst.trans_count_reg[4]$_SDFFE_PP0P_/D
84	-0.0776	mI_axi_rvalid	axi_crossbar_inst.axi_crossbar_rd_inst.s_ifaces[I].r_arb_inst.grant_encoded_reg[J]	m02_axi_rvalid	axi_crossbar_inst.axi_crossbar_rd_inst.s_ifaces[1].r_arb_inst.grant_encoded_reg[0]$_SDFFE_PP0P_/D
85	-0.0755	mI_axi_rid[J]	axi_crossbar_inst.axi_crossbar_rd_inst.m_ifaces[I].a_arb_inst.grant_encoded_reg[J]	m02_axi_rid[10]	axi_crossbar_inst.axi_crossbar_rd_inst.m_ifaces[2].a_arb_inst.grant_encoded_reg[2]$_SDFFE_PP0P_/D
86	-0.0751	axi_crossbar_inst.axi_crossbar_rd_inst.s_ifaces[I].reg_inst.genblkJ.m_axi_rready_reg	axi_crossbar_inst.axi_crossbar_rd_inst.s_ifaces[I].addr_inst.thread_count_reg[J][K]	axi_crossbar_inst.axi_crossbar_rd_inst.s_ifaces[0].reg_inst.genblk2.m_axi_rready_reg$_SDFF_PP0_/Q	axi_crossbar_inst.axi_crossbar_rd_inst.s_ifaces[0].addr_inst.thread_count_reg[1][4]$_SDFFE_PP0P_/D
87	-0.0716	sI_axi_awid[J]	axi_crossbar_inst.axi_crossbar_wr_inst.s_ifaces[I].addr_inst.m_wc_valid_reg	s02_axi_awid[3]	axi_crossbar_inst.axi_crossbar_wr_inst.s_ifaces[2].addr_inst.m_wc_valid_reg$_SDFF_PP0_/D
88	-0.0709	axi_crossbar_inst.axi_crossbar_rd_inst.s_ifaces[I].addr_inst.m_select_reg[J]	axi_crossbar_inst.axi_crossbar_rd_inst.s_ifaces[I].addr_inst.trans_count_reg[J]	axi_crossbar_inst.axi_crossbar_rd_inst.s_ifaces[6].addr_inst.m_select_reg[0]$_SDFFCE_PP1P_/Q	axi_crossbar_inst.axi_crossbar_rd_inst.s_ifaces[6].addr_inst.trans_count_reg[4]$_SDFFE_PP0P_/D
89	-0.0683	axi_crossbar_inst.axi_crossbar_rd_inst.s_ifaces[I].r_arb_inst.grant_valid_reg	axi_crossbar_inst.axi_crossbar_rd_inst.s_ifaces[I].addr_inst.thread_count_reg[J][K]	axi_crossbar_inst.axi_crossbar_rd_inst.s_ifaces[3].r_arb_inst.grant_valid_reg$_SDFFE_PP0P_/Q	axi_crossbar_inst.axi_crossbar_rd_inst.s_ifaces[3].addr_inst.thread_count_reg[1][4]$_SDFFE_PP0P_/D
90	-0.0664	axi_crossbar_inst.axi_crossbar_wr_inst.s_ifaces[I].decerr_m_axi_bvalid_reg	axi_crossbar_inst.axi_crossbar_wr_inst.s_ifaces[I].addr_inst.trans_count_reg[J]	axi_crossbar_inst.axi_crossbar_wr_inst.s_ifaces[4].decerr_m_axi_bvalid_reg$_SDFF_PP0_/Q	axi_crossbar_inst.axi_crossbar_wr_inst.s_ifaces[4].addr_inst.trans_count_reg[4]$_SDFFE_PP0P_/D
91	-0.0628	sI_axi_wvalid	axi_crossbar_inst.axi_crossbar_wr_inst.m_ifaces[I].a_arb_inst.grant_encoded_reg[J]	s01_axi_wvalid	axi_crossbar_inst.axi_crossbar_wr_inst.m_ifaces[5].a_arb_inst.grant_encoded_reg[0]$_SDFFE_PP0P_/D
92	-0.0605	mI_axi_bvalid	axi_crossbar_inst.axi_crossbar_wr_inst.s_ifaces[I].addr_inst.m_axi_avalid_reg	m02_axi_bvalid	axi_crossbar_inst.axi_crossbar_wr_inst.s_ifaces[7].addr_inst.m_axi_avalid_reg$_SDFF_PP0_/D
93	-0.0594	axi_crossbar_inst.axi_crossbar_wr_inst.s_ifaces[I].w_drop_reg	axi_crossbar_inst.axi_crossbar_wr_inst.m_ifaces[I].a_arb_inst.mask_reg[J]	axi_crossbar_inst.axi_crossbar_wr_inst.s_ifaces[4].w_drop_reg$_DFF_P_/QN	axi_crossbar_inst.axi_crossbar_wr_inst.m_ifaces[0].a_arb_inst.mask_reg[0]$_SDFFE_PP0P_/D
94	-0.0593	axi_crossbar_inst.axi_crossbar_rd_inst.s_ifaces[I].reg_inst.genblkJ.m_axi_rready_reg	axi_crossbar_inst.axi_crossbar_rd_inst.s_ifaces[I].addr_inst.trans_count_reg[J]	axi_crossbar_inst.axi_crossbar_rd_inst.s_ifaces[0].reg_inst.genblk2.m_axi_rready_reg$_SDFF_PP0_/Q	axi_crossbar_inst.axi_crossbar_rd_inst.s_ifaces[0].addr_inst.trans_count_reg[4]$_SDFFE_PP0P_/D
95	-0.0573	axi_crossbar_inst.axi_crossbar_rd_inst.s_ifaces[I].decerr_m_axi_rid_reg[J]	axi_crossbar_inst.axi_crossbar_rd_inst.s_ifaces[I].addr_inst.thread_count_reg[J][K]	axi_crossbar_inst.axi_crossbar_rd_inst.s_ifaces[1].decerr_m_axi_rid_reg[6]$_DFFE_PP_/Q	axi_crossbar_inst.axi_crossbar_rd_inst.s_ifaces[1].addr_inst.thread_count_reg[0][4]$_SDFFE_PP0P_/D
96	-0.0570	mI_axi_rvalid	axi_crossbar_inst.axi_crossbar_rd_inst.s_ifaces[I].addr_inst.state_reg[J]	m03_axi_rvalid	axi_crossbar_inst.axi_crossbar_rd_inst.s_ifaces[2].addr_inst.state_reg[1]$_SDFF_PP0_/D
97	-0.0569	mI_axi_rlast	axi_crossbar_inst.axi_crossbar_rd_inst.s_ifaces[I].addr_inst.state_reg[J]	m07_axi_rlast	axi_crossbar_inst.axi_crossbar_rd_inst.s_ifaces[6].addr_inst.state_reg[1]$_SDFF_PP0_/D
98	-0.0544	mI_axi_bvalid	axi_crossbar_inst.axi_crossbar_wr_inst.s_ifaces[I].addr_inst.m_rc_valid_reg	m02_axi_bvalid	axi_crossbar_inst.axi_crossbar_wr_inst.s_ifaces[7].addr_inst.m_rc_valid_reg$_SDFF_PP0_/D
99	-0.0539	axi_crossbar_inst.axi_crossbar_rd_inst.s_ifaces[I].r_arb_inst.grant_encoded_reg[J]	axi_crossbar_inst.axi_crossbar_rd_inst.m_ifaces[I].a_arb_inst.mask_reg[J]	axi_crossbar_inst.axi_crossbar_rd_inst.s_ifaces[3].r_arb_inst.grant_encoded_reg[1]$_SDFFE_PP0P_/Q	axi_crossbar_inst.axi_crossbar_rd_inst.m_ifaces[2].a_arb_inst.mask_reg[0]$_SDFFE_PP0P_/D
100	-0.0508	axi_crossbar_inst.axi_crossbar_rd_inst.s_ifaces[I].addr_inst.thread_m_reg[J][K]	axi_crossbar_inst.axi_crossbar_rd_inst.s_ifaces[I].addr_inst.thread_count_reg[J][K]	axi_crossbar_inst.axi_crossbar_rd_inst.s_ifaces[3].addr_inst.thread_m_reg[1][2]$_DFFE_PP_/Q	axi_crossbar_inst.axi_crossbar_rd_inst.s_ifaces[3].addr_inst.thread_count_reg[1][4]$_SDFFE_PP0P_/D
101	-0.0508	axi_crossbar_inst.axi_crossbar_wr_inst.s_ifaces[I].addr_inst.m_select_reg[J]	axi_crossbar_inst.axi_crossbar_wr_inst.m_ifaces[I].a_arb_inst.mask_reg[J]	axi_crossbar_inst.axi_crossbar_wr_inst.s_ifaces[5].addr_inst.m_select_reg[0]$_SDFFCE_PP1P_/Q	axi_crossbar_inst.axi_crossbar_wr_inst.m_ifaces[1].a_arb_inst.mask_reg[0]$_SDFFE_PP0P_/D
102	-0.0503	axi_crossbar_inst.axi_crossbar_rd_inst.s_ifaces[I].addr_inst.m_axi_avalid_reg	axi_crossbar_inst.axi_crossbar_rd_inst.m_ifaces[I].a_arb_inst.mask_reg[J]	axi_crossbar_inst.axi_crossbar_rd_inst.s_ifaces[2].addr_inst.m_axi_avalid_reg$_SDFF_PP0_/Q	axi_crossbar_inst.axi_crossbar_rd_inst.m_ifaces[2].a_arb_inst.mask_reg[1]$_SDFFE_PP0P_/D
103	-0.0490	mI_axi_rvalid	axi_crossbar_inst.axi_crossbar_rd_inst.m_ifaces[I].trans_count_reg[J]	m02_axi_rvalid	axi_crossbar_inst.axi_crossbar_rd_inst.m_ifaces[2].trans_count_reg[2]$_SDFFE_PP0P_/D
104	-0.0475	axi_crossbar_inst.axi_crossbar_rd_inst.s_ifaces[I].decerr_m_axi_rlast_reg	axi_crossbar_inst.axi_crossbar_rd_inst.s_ifaces[I].addr_inst.thread_count_reg[J][K]	axi_crossbar_inst.axi_crossbar_rd_inst.s_ifaces[6].decerr_m_axi_rlast_reg$_DFFE_PP_/Q	axi_crossbar_inst.axi_crossbar_rd_inst.s_ifaces[6].addr_inst.thread_count_reg[0][4]$_SDFFE_PP0P_/D
105	-0.0466	axi_crossbar_inst.axi_crossbar_wr_inst.m_ifaces[I].w_select_reg[J]	sI_axi_wready	axi_crossbar_inst.axi_crossbar_wr_inst.m_ifaces[3].w_select_reg[1]$_DFFE_PP_/Q	s00_axi_wready
106	-0.0465	axi_crossbar_inst.axi_crossbar_rd_inst.s_ifaces[I].reg_inst.genblkJ.m_axi_rready_reg	axi_crossbar_inst.axi_crossbar_rd_inst.m_ifaces[I].a_arb_inst.mask_reg[J]	axi_crossbar_inst.axi_crossbar_rd_inst.s_ifaces[4].reg_inst.genblk2.m_axi_rready_reg$_SDFF_PP0_/Q	axi_crossbar_inst.axi_crossbar_rd_inst.m_ifaces[6].a_arb_inst.mask_reg[2]$_SDFFE_PP0P_/D
107	-0.0449	mI_axi_rvalid	axi_crossbar_inst.axi_crossbar_rd_inst.s_ifaces[I].addr_inst.m_axi_avalid_reg	m00_axi_rvalid	axi_crossbar_inst.axi_crossbar_rd_inst.s_ifaces[0].addr_inst.m_axi_avalid_reg$_SDFF_PP0_/D
108	-0.0444	mI_axi_bvalid	axi_crossbar_inst.axi_crossbar_wr_inst.s_ifaces[I].addr_inst.m_decerr_reg	m02_axi_bvalid	axi_crossbar_inst.axi_crossbar_wr_inst.s_ifaces[5].addr_inst.m_decerr_reg$_SDFFCE_PN1P_/D
109	-0.0429	mI_axi_rvalid	axi_crossbar_inst.axi_crossbar_rd_inst.s_ifaces[I].addr_inst.m_rc_valid_reg	m03_axi_rvalid	axi_crossbar_inst.axi_crossbar_rd_inst.s_ifaces[2].addr_inst.m_rc_valid_reg$_SDFF_PP0_/D
110	-0.0427	mI_axi_rlast	axi_crossbar_inst.axi_crossbar_rd_inst.s_ifaces[I].addr_inst.m_rc_valid_reg	m07_axi_rlast	axi_crossbar_inst.axi_crossbar_rd_inst.s_ifaces[6].addr_inst.m_rc_valid_reg$_SDFF_PP0_/D
111	-0.0412	axi_crossbar_inst.axi_crossbar_wr_inst.s_ifaces[I].b_arb_inst.grant_valid_reg	axi_crossbar_inst.axi_crossbar_wr_inst.s_ifaces[I].addr_inst.thread_count_reg[J][K]	axi_crossbar_inst.axi_crossbar_wr_inst.s_ifaces[1].b_arb_inst.grant_valid_reg$_SDFFE_PP0P_/Q	axi_crossbar_inst.axi_crossbar_wr_inst.s_ifaces[1].addr_inst.thread_count_reg[1][4]$_SDFFE_PP0P_/D
112	-0.0402	axi_crossbar_inst.axi_crossbar_wr_inst.s_ifaces[I].addr_inst.m_axi_avalid_reg	axi_crossbar_inst.axi_crossbar_wr_inst.m_ifaces[I].a_arb_inst.mask_reg[J]	axi_crossbar_inst.axi_crossbar_wr_inst.s_ifaces[4].addr_inst.m_axi_avalid_reg$_SDFF_PP0_/Q	axi_crossbar_inst.axi_crossbar_wr_inst.m_ifaces[6].a_arb_inst.mask_reg[1]$_SDFFE_PP0P_/D
113	-0.0401	axi_crossbar_inst.axi_crossbar_wr_inst.s_ifaces[I].reg_inst.genblkJ.genblkK.m_axi_bready_reg	axi_crossbar_inst.axi_crossbar_wr_inst.s_ifaces[I].addr_inst.thread_count_reg[J][K]	axi_crossbar_inst.axi_crossbar_wr_inst.s_ifaces[1].reg_inst.genblk3.genblk1.m_axi_bready_reg$_SDFF_PP0_/Q	axi_crossbar_inst.axi_crossbar_wr_inst.s_ifaces[1].addr_inst.thread_count_reg[1][4]$_SDFFE_PP0P_/D
114	-0.0396	mI_axi_rid[J]	axi_crossbar_inst.axi_crossbar_rd_inst.s_ifaces[I].r_arb_inst.grant_valid_reg	m05_axi_rid[9]	axi_crossbar_inst.axi_crossbar_rd_inst.s_ifaces[0].r_arb_inst.grant_valid_reg$_SDFFE_PP0P_/D
115	-0.0382	mI_axi_rlast	axi_crossbar_inst.axi_crossbar_rd_inst.s_ifaces[I].addr_inst.m_axi_avalid_reg	m00_axi_rlast	axi_crossbar_inst.axi_crossbar_rd_inst.s_ifaces[0].addr_inst.m_axi_avalid_reg$_SDFF_PP0_/D
116	-0.0378	axi_crossbar_inst.axi_crossbar_rd_inst.s_ifaces[I].r_arb_inst.grant_valid_reg	axi_crossbar_inst.axi_crossbar_rd_inst.m_ifaces[I].a_arb_inst.mask_reg[J]	axi_crossbar_inst.axi_crossbar_rd_inst.s_ifaces[2].r_arb_inst.grant_valid_reg$_SDFFE_PP0P_/Q	axi_crossbar_inst.axi_crossbar_rd_inst.m_ifaces[2].a_arb_inst.mask_reg[0]$_SDFFE_PP0P_/D
117	-0.0376	mI_axi_rlast	axi_crossbar_inst.axi_crossbar_rd_inst.m_ifaces[I].trans_count_reg[J]	m02_axi_rlast	axi_crossbar_inst.axi_crossbar_rd_inst.m_ifaces[2].trans_count_reg[2]$_SDFFE_PP0P_/D
118	-0.0344	axi_crossbar_inst.axi_crossbar_rd_inst.s_ifaces[I].decerr_m_axi_rvalid_reg	axi_crossbar_inst.axi_crossbar_rd_inst.s_ifaces[I].addr_inst.trans_count_reg[J]	axi_crossbar_inst.axi_crossbar_rd_inst.s_ifaces[0].decerr_m_axi_rvalid_reg$_SDFF_PP0_/Q	axi_crossbar_inst.axi_crossbar_rd_inst.s_ifaces[0].addr_inst.trans_count_reg[4]$_SDFFE_PP0P_/D
119	-0.0315	axi_crossbar_inst.axi_crossbar_rd_inst.s_ifaces[I].addr_inst.m_select_reg[J]	axi_crossbar_inst.axi_crossbar_rd_inst.m_ifaces[I].a_arb_inst.mask_reg[J]	axi_crossbar_inst.axi_crossbar_rd_inst.s_ifaces[2].addr_inst.m_select_reg[1]$_SDFFCE_PP1P_/Q	axi_crossbar_inst.axi_crossbar_rd_inst.m_ifaces[2].a_arb_inst.mask_reg[1]$_SDFFE_PP0P_/D
120	-0.0297	mI_axi_bid[J]	axi_crossbar_inst.axi_crossbar_wr_inst.s_ifaces[I].b_arb_inst.grant_valid_reg	m01_axi_bid[10]	axi_crossbar_inst.axi_crossbar_wr_inst.s_ifaces[7].b_arb_inst.grant_valid_reg$_SDFFE_PP0P_/D
121	-0.0284	mI_axi_bvalid	axi_crossbar_inst.axi_crossbar_wr_inst.s_ifaces[I].addr_inst.m_wc_valid_reg	m02_axi_bvalid	axi_crossbar_inst.axi_crossbar_wr_inst.s_ifaces[7].addr_inst.m_wc_valid_reg$_SDFF_PP0_/D
122	-0.0279	mI_axi_bvalid	axi_crossbar_inst.axi_crossbar_wr_inst.s_ifaces[I].addr_inst.state_reg[J]	m02_axi_bvalid	axi_crossbar_inst.axi_crossbar_wr_inst.s_ifaces[0].addr_inst.state_reg[1]$_SDFF_PP0_/D
123	-0.0266	sI_axi_arid[J]	axi_crossbar_inst.axi_crossbar_rd_inst.s_ifaces[I].addr_inst.state_reg[J]	s01_axi_arid[6]	axi_crossbar_inst.axi_crossbar_rd_inst.s_ifaces[1].addr_inst.state_reg[1]$_SDFF_PP0_/D
124	-0.0188	sI_axi_arid[J]	axi_crossbar_inst.axi_crossbar_rd_inst.s_ifaces[I].addr_inst.m_rc_valid_reg	s04_axi_arid[3]	axi_crossbar_inst.axi_crossbar_rd_inst.s_ifaces[4].addr_inst.m_rc_valid_reg$_SDFF_PP0_/D
125	-0.0180	axi_crossbar_inst.axi_crossbar_rd_inst.s_ifaces[I].addr_inst.m_select_reg[J]	axi_crossbar_inst.axi_crossbar_rd_inst.m_ifaces[I].trans_count_reg[J]	axi_crossbar_inst.axi_crossbar_rd_inst.s_ifaces[5].addr_inst.m_select_reg[0]$_SDFFCE_PP1P_/Q	axi_crossbar_inst.axi_crossbar_rd_inst.m_ifaces[6].trans_count_reg[2]$_SDFFE_PP0P_/D
126	-0.0165	axi_crossbar_inst.axi_crossbar_rd_inst.m_ifaces[I].a_arb_inst.grant_encoded_reg[J]	axi_crossbar_inst.axi_crossbar_rd_inst.m_ifaces[I].trans_count_reg[J]	axi_crossbar_inst.axi_crossbar_rd_inst.m_ifaces[4].a_arb_inst.grant_encoded_reg[1]$_SDFFE_PP0P_/Q	axi_crossbar_inst.axi_crossbar_rd_inst.m_ifaces[4].trans_count_reg[2]$_SDFFE_PP0P_/D
127	-0.0160	mI_axi_bid[J]	axi_crossbar_inst.axi_crossbar_wr_inst.m_ifaces[I].a_arb_inst.grant_valid_reg	m06_axi_bid[8]	axi_crossbar_inst.axi_crossbar_wr_inst.m_ifaces[6].a_arb_inst.grant_valid_reg$_SDFFE_PP0P_/D
128	-0.0153	mI_axi_bvalid	axi_crossbar_inst.axi_crossbar_wr_inst.s_ifaces[I].b_arb_inst.grant_valid_reg	m04_axi_bvalid	axi_crossbar_inst.axi_crossbar_wr_inst.s_ifaces[5].b_arb_inst.grant_valid_reg$_SDFFE_PP0P_/D
129	-0.0152	sI_axi_wlast	axi_crossbar_inst.axi_crossbar_wr_inst.m_ifaces[I].a_arb_inst.grant_valid_reg	s05_axi_wlast	axi_crossbar_inst.axi_crossbar_wr_inst.m_ifaces[2].a_arb_inst.grant_valid_reg$_SDFFE_PP0P_/D
130	-0.0122	sI_axi_arid[J]	axi_crossbar_inst.axi_crossbar_rd_inst.s_ifaces[I].addr_inst.m_axi_avalid_reg	s00_axi_arid[3]	axi_crossbar_inst.axi_crossbar_rd_inst.s_ifaces[0].addr_inst.m_axi_avalid_reg$_SDFF_PP0_/D
131	-0.0121	axi_crossbar_inst.axi_crossbar_wr_inst.s_ifaces[I].addr_inst.thread_m_reg[J][K]	axi_crossbar_inst.axi_crossbar_wr_inst.s_ifaces[I].addr_inst.trans_count_reg[J]	axi_crossbar_inst.axi_crossbar_wr_inst.s_ifaces[2].addr_inst.thread_m_reg[1][2]$_DFFE_PP_/Q	axi_crossbar_inst.axi_crossbar_wr_inst.s_ifaces[2].addr_inst.trans_count_reg[4]$_SDFFE_PP0P_/D
132	-0.0082	mI_axi_rid[J]	axi_crossbar_inst.axi_crossbar_rd_inst.m_ifaces[I].a_arb_inst.grant_valid_reg	m02_axi_rid[10]	axi_crossbar_inst.axi_crossbar_rd_inst.m_ifaces[2].a_arb_inst.grant_valid_reg$_SDFFE_PP0P_/D
133	-0.0081	axi_crossbar_inst.axi_crossbar_rd_inst.s_ifaces[I].addr_inst.m_axi_avalid_reg	axi_crossbar_inst.axi_crossbar_rd_inst.m_ifaces[I].trans_count_reg[J]	axi_crossbar_inst.axi_crossbar_rd_inst.s_ifaces[5].addr_inst.m_axi_avalid_reg$_SDFF_PP0_/Q	axi_crossbar_inst.axi_crossbar_rd_inst.m_ifaces[1].trans_count_reg[2]$_SDFFE_PP0P_/D
134	-0.0073	mI_axi_rvalid	axi_crossbar_inst.axi_crossbar_rd_inst.s_ifaces[I].r_arb_inst.grant_valid_reg	m04_axi_rvalid	axi_crossbar_inst.axi_crossbar_rd_inst.s_ifaces[0].r_arb_inst.grant_valid_reg$_SDFFE_PP0P_/D
135	-0.0050	axi_crossbar_inst.axi_crossbar_rd_inst.s_ifaces[I].r_arb_inst.grant_encoded_reg[J]	axi_crossbar_inst.axi_crossbar_rd_inst.m_ifaces[I].trans_count_reg[J]	axi_crossbar_inst.axi_crossbar_rd_inst.s_ifaces[3].r_arb_inst.grant_encoded_reg[1]$_SDFFE_PP0P_/Q	axi_crossbar_inst.axi_crossbar_rd_inst.m_ifaces[2].trans_count_reg[2]$_SDFFE_PP0P_/D
136	-0.0035	axi_crossbar_inst.axi_crossbar_wr_inst.m_ifaces[I].a_arb_inst.mask_reg[J]	axi_crossbar_inst.axi_crossbar_wr_inst.m_ifaces[I].a_arb_inst.mask_reg[J]	axi_crossbar_inst.axi_crossbar_wr_inst.m_ifaces[6].a_arb_inst.mask_reg[4]$_SDFFE_PP0P_/Q	axi_crossbar_inst.axi_crossbar_wr_inst.m_ifaces[6].a_arb_inst.mask_reg[1]$_SDFFE_PP0P_/D
137	-0.0005	axi_crossbar_inst.axi_crossbar_wr_inst.s_ifaces[I].b_arb_inst.mask_reg[J]	axi_crossbar_inst.axi_crossbar_wr_inst.s_ifaces[I].b_arb_inst.mask_reg[J]	axi_crossbar_inst.axi_crossbar_wr_inst.s_ifaces[5].b_arb_inst.mask_reg[2]$_SDFFE_PP0P_/Q	axi_crossbar_inst.axi_crossbar_wr_inst.s_ifaces[5].b_arb_inst.mask_reg[4]$_SDFFE_PP0P_/D
138	-0.0004	axi_crossbar_inst.axi_crossbar_rd_inst.s_ifaces[I].r_arb_inst.grant_reg[J]	axi_crossbar_inst.axi_crossbar_rd_inst.s_ifaces[I].r_arb_inst.mask_reg[J]	axi_crossbar_inst.axi_crossbar_rd_inst.s_ifaces[3].r_arb_inst.grant_reg[3]$_SDFFE_PP0P_/QN	axi_crossbar_inst.axi_crossbar_rd_inst.s_ifaces[3].r_arb_inst.mask_reg[1]$_SDFFE_PP0P_/D
139	0.0008	mI_axi_bvalid	axi_crossbar_inst.axi_crossbar_wr_inst.m_ifaces[I].trans_count_reg[J]	m06_axi_bvalid	axi_crossbar_inst.axi_crossbar_wr_inst.m_ifaces[6].trans_count_reg[2]$_SDFFE_PP0P_/D
140	0.0021	axi_crossbar_inst.axi_crossbar_wr_inst.m_ifaces[I].a_arb_inst.grant_encoded_reg[J]	axi_crossbar_inst.axi_crossbar_wr_inst.m_ifaces[I].trans_count_reg[J]	axi_crossbar_inst.axi_crossbar_wr_inst.m_ifaces[3].a_arb_inst.grant_encoded_reg[1]$_SDFFE_PP0P_/Q	axi_crossbar_inst.axi_crossbar_wr_inst.m_ifaces[3].trans_count_reg[2]$_SDFFE_PP0P_/D
141	0.0058	axi_crossbar_inst.axi_crossbar_rd_inst.s_ifaces[I].decerr_m_axi_rlast_reg	axi_crossbar_inst.axi_crossbar_rd_inst.s_ifaces[I].addr_inst.trans_count_reg[J]	axi_crossbar_inst.axi_crossbar_rd_inst.s_ifaces[0].decerr_m_axi_rlast_reg$_DFFE_PP_/Q	axi_crossbar_inst.axi_crossbar_rd_inst.s_ifaces[0].addr_inst.trans_count_reg[4]$_SDFFE_PP0P_/D
142	0.0063	axi_crossbar_inst.axi_crossbar_wr_inst.s_ifaces[I].addr_inst.trans_count_reg[J]	axi_crossbar_inst.axi_crossbar_wr_inst.s_ifaces[I].addr_inst.thread_count_reg[J][K]	axi_crossbar_inst.axi_crossbar_wr_inst.s_ifaces[7].addr_inst.trans_count_reg[4]$_SDFFE_PP0P_/Q	axi_crossbar_inst.axi_crossbar_wr_inst.s_ifaces[7].addr_inst.thread_count_reg[0][4]$_SDFFE_PP0P_/D
143	0.0085	axi_crossbar_inst.axi_crossbar_rd_inst.s_ifaces[I].addr_inst.thread_m_reg[J][K]	axi_crossbar_inst.axi_crossbar_rd_inst.s_ifaces[I].addr_inst.trans_count_reg[J]	axi_crossbar_inst.axi_crossbar_rd_inst.s_ifaces[0].addr_inst.thread_m_reg[0][2]$_DFFE_PP_/Q	axi_crossbar_inst.axi_crossbar_rd_inst.s_ifaces[0].addr_inst.trans_count_reg[4]$_SDFFE_PP0P_/D
144	0.0112	axi_crossbar_inst.axi_crossbar_rd_inst.s_ifaces[I].r_arb_inst.grant_valid_reg	axi_crossbar_inst.axi_crossbar_rd_inst.m_ifaces[I].trans_count_reg[J]	axi_crossbar_inst.axi_crossbar_rd_inst.s_ifaces[2].r_arb_inst.grant_valid_reg$_SDFFE_PP0P_/Q	axi_crossbar_inst.axi_crossbar_rd_inst.m_ifaces[2].trans_count_reg[2]$_SDFFE_PP0P_/D
145	0.0152	axi_crossbar_inst.axi_crossbar_rd_inst.s_ifaces[I].r_arb_inst.grant_valid_reg	axi_crossbar_inst.axi_crossbar_rd_inst.s_ifaces[I].addr_inst.trans_count_reg[J]	axi_crossbar_inst.axi_crossbar_rd_inst.s_ifaces[0].r_arb_inst.grant_valid_reg$_SDFFE_PP0P_/Q	axi_crossbar_inst.axi_crossbar_rd_inst.s_ifaces[0].addr_inst.trans_count_reg[4]$_SDFFE_PP0P_/D
146	0.0160	mI_axi_rvalid	axi_crossbar_inst.axi_crossbar_rd_inst.s_ifaces[I].reg_inst.genblkJ.temp_s_axi_rvalid_reg	m03_axi_rvalid	axi_crossbar_inst.axi_crossbar_rd_inst.s_ifaces[2].reg_inst.genblk2.temp_s_axi_rvalid_reg$_SDFFE_PP0P_/D
147	0.0168	axi_crossbar_inst.axi_crossbar_wr_inst.m_ifaces[I].a_arb_inst.grant_reg[J]	axi_crossbar_inst.axi_crossbar_wr_inst.m_ifaces[I].a_arb_inst.mask_reg[J]	axi_crossbar_inst.axi_crossbar_wr_inst.m_ifaces[6].a_arb_inst.grant_reg[4]$_SDFFE_PP0P_/QN	axi_crossbar_inst.axi_crossbar_wr_inst.m_ifaces[6].a_arb_inst.mask_reg[1]$_SDFFE_PP0P_/D
148	0.0169	axi_crossbar_inst.axi_crossbar_wr_inst.s_ifaces[I].addr_inst.m_select_reg[J]	axi_crossbar_inst.axi_crossbar_wr_inst.m_ifaces[I].trans_count_reg[J]	axi_crossbar_inst.axi_crossbar_wr_inst.s_ifaces[0].addr_inst.m_select_reg[2]$_SDFFCE_PP1P_/Q	axi_crossbar_inst.axi_crossbar_wr_inst.m_ifaces[5].trans_count_reg[2]$_SDFFE_PP0P_/D
149	0.0183	mI_axi_bvalid	axi_crossbar_inst.axi_crossbar_wr_inst.s_ifaces[I].reg_inst.genblkJ.genblkK.m_axi_bready_reg	m02_axi_bvalid	axi_crossbar_inst.axi_crossbar_wr_inst.s_ifaces[5].reg_inst.genblk3.genblk1.m_axi_bready_reg$_SDFF_PP0_/D
150	0.0193	mI_axi_bvalid	axi_crossbar_inst.axi_crossbar_wr_inst.s_ifaces[I].reg_inst.genblkJ.genblkK.s_axi_bvalid_reg	m02_axi_bvalid	axi_crossbar_inst.axi_crossbar_wr_inst.s_ifaces[5].reg_inst.genblk3.genblk1.s_axi_bvalid_reg$_SDFF_PP0_/D
151	0.0195	sI_axi_wvalid	axi_crossbar_inst.axi_crossbar_wr_inst.m_ifaces[I].a_arb_inst.grant_valid_reg	s01_axi_wvalid	axi_crossbar_inst.axi_crossbar_wr_inst.m_ifaces[5].a_arb_inst.grant_valid_reg$_SDFFE_PP0P_/D
152	0.0195	axi_crossbar_inst.axi_crossbar_wr_inst.s_ifaces[I].addr_inst.thread_id_reg[J][K]	axi_crossbar_inst.axi_crossbar_wr_inst.s_ifaces[I].addr_inst.thread_id_reg[J][K]	axi_crossbar_inst.axi_crossbar_wr_inst.s_ifaces[2].addr_inst.thread_id_reg[0][3]$_DFFE_PP_/Q	axi_crossbar_inst.axi_crossbar_wr_inst.s_ifaces[2].addr_inst.thread_id_reg[1][0]$_DFFE_PP_/D
153	0.0195	axi_crossbar_inst.axi_crossbar_wr_inst.s_ifaces[I].addr_inst.thread_id_reg[J][K]	axi_crossbar_inst.axi_crossbar_wr_inst.s_ifaces[I].addr_inst.thread_m_reg[J][K]	axi_crossbar_inst.axi_crossbar_wr_inst.s_ifaces[2].addr_inst.thread_id_reg[0][3]$_DFFE_PP_/Q	axi_crossbar_inst.axi_crossbar_wr_inst.s_ifaces[2].addr_inst.thread_m_reg[1][0]$_DFFE_PP_/D
154	0.0205	mI_axi_rvalid	axi_crossbar_inst.axi_crossbar_rd_inst.m_ifaces[I].a_arb_inst.grant_reg[J]	m02_axi_rvalid	axi_crossbar_inst.axi_crossbar_rd_inst.m_ifaces[2].a_arb_inst.grant_reg[0]$_SDFFE_PP0P_/D
155	0.0220	axi_crossbar_inst.axi_crossbar_wr_inst.s_ifaces[I].b_arb_inst.grant_reg[J]	axi_crossbar_inst.axi_crossbar_wr_inst.s_ifaces[I].b_arb_inst.mask_reg[J]	axi_crossbar_inst.axi_crossbar_wr_inst.s_ifaces[5].b_arb_inst.grant_reg[2]$_SDFFE_PP0P_/QN	axi_crossbar_inst.axi_crossbar_wr_inst.s_ifaces[5].b_arb_inst.mask_reg[4]$_SDFFE_PP0P_/D
156	0.0251	sI_axi_wvalid	axi_crossbar_inst.axi_crossbar_wr_inst.m_ifaces[I].reg_inst.genblkJ.temp_m_axi_wvalid_reg	s01_axi_wvalid	axi_crossbar_inst.axi_crossbar_wr_inst.m_ifaces[5].reg_inst.genblk2.temp_m_axi_wvalid_reg$_SDFFE_PP0P_/D
157	0.0251	axi_crossbar_inst.axi_crossbar_rd_inst.s_ifaces[I].decerr_m_axi_rvalid_reg	axi_crossbar_inst.axi_crossbar_rd_inst.s_ifaces[I].r_arb_inst.mask_reg[J]	axi_crossbar_inst.axi_crossbar_rd_inst.s_ifaces[3].decerr_m_axi_rvalid_reg$_SDFF_PP0_/Q	axi_crossbar_inst.axi_crossbar_rd_inst.s_ifaces[3].r_arb_inst.mask_reg[1]$_SDFFE_PP0P_/D
158	0.0254	axi_crossbar_inst.axi_crossbar_wr_inst.s_ifaces[I].b_arb_inst.grant_encoded_reg[J]	axi_crossbar_inst.axi_crossbar_wr_inst.m_ifaces[I].trans_count_reg[J]	axi_crossbar_inst.axi_crossbar_wr_inst.s_ifaces[6].b_arb_inst.grant_encoded_reg[0]$_SDFFE_PP0P_/Q	axi_crossbar_inst.axi_crossbar_wr_inst.m_ifaces[3].trans_count_reg[2]$_SDFFE_PP0P_/D
159	0.0263	axi_crossbar_inst.axi_crossbar_wr_inst.m_ifaces[I].a_arb_inst.grant_valid_reg	axi_crossbar_inst.axi_crossbar_wr_inst.m_ifaces[I].a_arb_inst.mask_reg[J]	axi_crossbar_inst.axi_crossbar_wr_inst.m_ifaces[6].a_arb_inst.grant_valid_reg$_SDFFE_PP0P_/Q	axi_crossbar_inst.axi_crossbar_wr_inst.m_ifaces[6].a_arb_inst.mask_reg[1]$_SDFFE_PP0P_/D
160	0.0276	axi_crossbar_inst.axi_crossbar_rd_inst.s_ifaces[I].r_arb_inst.mask_reg[J]	axi_crossbar_inst.axi_crossbar_rd_inst.s_ifaces[I].r_arb_inst.mask_reg[J]	axi_crossbar_inst.axi_crossbar_rd_inst.s_ifaces[3].r_arb_inst.mask_reg[3]$_SDFFE_PP0P_/Q	axi_crossbar_inst.axi_crossbar_rd_inst.s_ifaces[3].r_arb_inst.mask_reg[1]$_SDFFE_PP0P_/D
161	0.0282	sI_axi_wlast	axi_crossbar_inst.axi_crossbar_wr_inst.m_ifaces[I].w_select_valid_reg	s05_axi_wlast	axi_crossbar_inst.axi_crossbar_wr_inst.m_ifaces[2].w_select_valid_reg$_SDFF_PP0_/D
162	0.0289	axi_crossbar_inst.axi_crossbar_rd_inst.s_ifaces[I].reg_inst.genblkJ.m_axi_rready_reg	axi_crossbar_inst.axi_crossbar_rd_inst.m_ifaces[I].trans_count_reg[J]	axi_crossbar_inst.axi_crossbar_rd_inst.s_ifaces[5].reg_inst.genblk2.m_axi_rready_reg$_SDFF_PP0_/Q	axi_crossbar_inst.axi_crossbar_rd_inst.m_ifaces[2].trans_count_reg[2]$_SDFFE_PP0P_/D
163	0.0301	mI_axi_rlast	axi_crossbar_inst.axi_crossbar_rd_inst.s_ifaces[I].reg_inst.genblkJ.s_axi_rlast_reg	m07_axi_rlast	axi_crossbar_inst.axi_crossbar_rd_inst.s_ifaces[4].reg_inst.genblk2.s_axi_rlast_reg$_DFFE_PP_/D
164	0.0309	axi_crossbar_inst.axi_crossbar_wr_inst.s_ifaces[I].addr_inst.state_reg[J]	axi_crossbar_inst.axi_crossbar_wr_inst.s_ifaces[I].addr_inst.thread_count_reg[J][K]	axi_crossbar_inst.axi_crossbar_wr_inst.s_ifaces[0].addr_inst.state_reg[0]$_SDFF_PP0_/Q	axi_crossbar_inst.axi_crossbar_wr_inst.s_ifaces[0].addr_inst.thread_count_reg[0][4]$_SDFFE_PP0P_/D
165	0.0319	mI_axi_rlast	axi_crossbar_inst.axi_crossbar_rd_inst.m_ifaces[I].a_arb_inst.grant_reg[J]	m02_axi_rlast	axi_crossbar_inst.axi_crossbar_rd_inst.m_ifaces[2].a_arb_inst.grant_reg[0]$_SDFFE_PP0P_/D
166	0.0351	axi_crossbar_inst.axi_crossbar_wr_inst.s_ifaces[I].addr_inst.m_axi_avalid_reg	axi_crossbar_inst.axi_crossbar_wr_inst.m_ifaces[I].trans_count_reg[J]	axi_crossbar_inst.axi_crossbar_wr_inst.s_ifaces[6].addr_inst.m_axi_avalid_reg$_SDFF_PP0_/Q	axi_crossbar_inst.axi_crossbar_wr_inst.m_ifaces[3].trans_count_reg[2]$_SDFFE_PP0P_/D
167	0.0372	mI_axi_rid[J]	axi_crossbar_inst.axi_crossbar_rd_inst.s_ifaces[I].reg_inst.genblkJ.s_axi_rid_reg[K]	m05_axi_rid[1]	axi_crossbar_inst.axi_crossbar_rd_inst.s_ifaces[0].reg_inst.genblk2.s_axi_rid_reg[1]$_DFFE_PP_/D
168	0.0378	axi_crossbar_inst.axi_crossbar_wr_inst.m_ifaces[I].reg_inst.genblkJ.s_axi_wready_reg	sI_axi_wready	axi_crossbar_inst.axi_crossbar_wr_inst.m_ifaces[7].reg_inst.genblk2.s_axi_wready_reg$_SDFF_PP0_/Q	s02_axi_wready
169	0.0390	mI_axi_rvalid	axi_crossbar_inst.axi_crossbar_rd_inst.s_ifaces[I].reg_inst.genblkJ.m_axi_rready_reg	m00_axi_rvalid	axi_crossbar_inst.axi_crossbar_rd_inst.s_ifaces[0].reg_inst.genblk2.m_axi_rready_reg$_SDFF_PP0_/D
170	0.0390	mI_axi_rvalid	axi_crossbar_inst.axi_crossbar_rd_inst.s_ifaces[I].reg_inst.genblkJ.s_axi_rvalid_reg	m03_axi_rvalid	axi_crossbar_inst.axi_crossbar_rd_inst.s_ifaces[2].reg_inst.genblk2.s_axi_rvalid_reg$_SDFFE_PP0P_/D
171	0.0392	axi_crossbar_inst.axi_crossbar_wr_inst.s_ifaces[I].reg_inst.genblkJ.genblkK.m_axi_bready_reg	axi_crossbar_inst.axi_crossbar_wr_inst.m_ifaces[I].trans_count_reg[J]	axi_crossbar_inst.axi_crossbar_wr_inst.s_ifaces[6].reg_inst.genblk3.genblk1.m_axi_bready_reg$_SDFF_PP0_/Q	axi_crossbar_inst.axi_crossbar_wr_inst.m_ifaces[3].trans_count_reg[2]$_SDFFE_PP0P_/D
172	0.0407	axi_crossbar_inst.axi_crossbar_wr_inst.s_ifaces[I].b_arb_inst.grant_valid_reg	axi_crossbar_inst.axi_crossbar_wr_inst.s_ifaces[I].addr_inst.trans_count_reg[J]	axi_crossbar_inst.axi_crossbar_wr_inst.s_ifaces[1].b_arb_inst.grant_valid_reg$_SDFFE_PP0P_/Q	axi_crossbar_inst.axi_crossbar_wr_inst.s_ifaces[1].addr_inst.trans_count_reg[4]$_SDFFE_PP0P_/D
173	0.0414	axi_crossbar_inst.axi_crossbar_rd_inst.s_ifaces[I].addr_inst.trans_count_reg[J]	axi_crossbar_inst.axi_crossbar_rd_inst.s_ifaces[I].addr_inst.thread_count_reg[J][K]	axi_crossbar_inst.axi_crossbar_rd_inst.s_ifaces[7].addr_inst.trans_count_reg[4]$_SDFFE_PP0P_/Q	axi_crossbar_inst.axi_crossbar_rd_inst.s_ifaces[7].addr_inst.thread_count_reg[1][4]$_SDFFE_PP0P_/D
174	0.0418	axi_crossbar_inst.axi_crossbar_wr_inst.s_ifaces[I].reg_inst.genblkJ.genblkK.m_axi_bready_reg	axi_crossbar_inst.axi_crossbar_wr_inst.s_ifaces[I].addr_inst.trans_count_reg[J]	axi_crossbar_inst.axi_crossbar_wr_inst.s_ifaces[1].reg_inst.genblk3.genblk1.m_axi_bready_reg$_SDFF_PP0_/Q	axi_crossbar_inst.axi_crossbar_wr_inst.s_ifaces[1].addr_inst.trans_count_reg[4]$_SDFFE_PP0P_/D
175	0.0438	mI_axi_rvalid	axi_crossbar_inst.axi_crossbar_rd_inst.m_ifaces[I].a_arb_inst.grant_encoded_reg[J]	m02_axi_rvalid	axi_crossbar_inst.axi_crossbar_rd_inst.m_ifaces[2].a_arb_inst.grant_encoded_reg[2]$_SDFFE_PP0P_/D
176	0.0447	axi_crossbar_inst.axi_crossbar_rd_inst.m_ifaces[I].a_arb_inst.mask_reg[J]	axi_crossbar_inst.axi_crossbar_rd_inst.m_ifaces[I].a_arb_inst.mask_reg[J]	axi_crossbar_inst.axi_crossbar_rd_inst.m_ifaces[4].a_arb_inst.mask_reg[6]$_SDFFE_PP0P_/Q	axi_crossbar_inst.axi_crossbar_rd_inst.m_ifaces[4].a_arb_inst.mask_reg[0]$_SDFFE_PP0P_/D
177	0.0463	axi_crossbar_inst.axi_crossbar_rd_inst.s_ifaces[I].addr_inst.state_reg[J]	axi_crossbar_inst.axi_crossbar_rd_inst.s_ifaces[I].addr_inst.thread_count_reg[J][K]	axi_crossbar_inst.axi_crossbar_rd_inst.s_ifaces[3].addr_inst.state_reg[0]$_SDFF_PP0_/Q	axi_crossbar_inst.axi_crossbar_rd_inst.s_ifaces[3].addr_inst.thread_count_reg[1][4]$_SDFFE_PP0P_/D
178	0.0474	axi_crossbar_inst.axi_crossbar_wr_inst.s_ifaces[I].b_arb_inst.grant_valid_reg	axi_crossbar_inst.axi_crossbar_wr_inst.m_ifaces[I].trans_count_reg[J]	axi_crossbar_inst.axi_crossbar_wr_inst.s_ifaces[2].b_arb_inst.grant_valid_reg$_SDFFE_PP0P_/Q	axi_crossbar_inst.axi_crossbar_wr_inst.m_ifaces[7].trans_count_reg[2]$_SDFFE_PP0P_/D
179	0.0501	axi_crossbar_inst.axi_crossbar_wr_inst.m_ifaces[I].w_select_new_reg	axi_crossbar_inst.axi_crossbar_wr_inst.m_ifaces[I].a_arb_inst.mask_reg[J]	axi_crossbar_inst.axi_crossbar_wr_inst.m_ifaces[6].w_select_new_reg$_SDFF_PP1_/Q	axi_crossbar_inst.axi_crossbar_wr_inst.m_ifaces[6].a_arb_inst.mask_reg[1]$_SDFFE_PP0P_/D
180	0.0505	axi_crossbar_inst.axi_crossbar_wr_inst.s_ifaces[I].decerr_m_axi_bvalid_reg	axi_crossbar_inst.axi_crossbar_wr_inst.s_ifaces[I].b_arb_inst.mask_reg[J]	axi_crossbar_inst.axi_crossbar_wr_inst.s_ifaces[4].decerr_m_axi_bvalid_reg$_SDFF_PP0_/Q	axi_crossbar_inst.axi_crossbar_wr_inst.s_ifaces[4].b_arb_inst.mask_reg[0]$_SDFFE_PP0P_/D
181	0.0512	sI_axi_wvalid	axi_crossbar_inst.axi_crossbar_wr_inst.m_ifaces[I].reg_inst.genblkJ.m_axi_wvalid_reg	s06_axi_wvalid	axi_crossbar_inst.axi_crossbar_wr_inst.m_ifaces[1].reg_inst.genblk2.m_axi_wvalid_reg$_SDFFE_PP0P_/D
182	0.0526	axi_crossbar_inst.axi_crossbar_wr_inst.s_ifaces[I].b_arb_inst.grant_encoded_reg[J]	axi_crossbar_inst.axi_crossbar_wr_inst.s_ifaces[I].addr_inst.thread_id_reg[J][K]	axi_crossbar_inst.axi_crossbar_wr_inst.s_ifaces[1].b_arb_inst.grant_encoded_reg[1]$_SDFFE_PP0P_/Q	axi_crossbar_inst.axi_crossbar_wr_inst.s_ifaces[1].addr_inst.thread_id_reg[0][0]$_DFFE_PP_/D
183	0.0526	axi_crossbar_inst.axi_crossbar_wr_inst.s_ifaces[I].b_arb_inst.grant_encoded_reg[J]	axi_crossbar_inst.axi_crossbar_wr_inst.s_ifaces[I].addr_inst.thread_m_reg[J][K]	axi_crossbar_inst.axi_crossbar_wr_inst.s_ifaces[1].b_arb_inst.grant_encoded_reg[1]$_SDFFE_PP0P_/Q	axi_crossbar_inst.axi_crossbar_wr_inst.s_ifaces[1].addr_inst.thread_m_reg[0][0]$_DFFE_PP_/D
184	0.0539	axi_crossbar_inst.axi_crossbar_rd_inst.s_ifaces[I].r_arb_inst.grant_encoded_reg[J]	mI_axi_rready	axi_crossbar_inst.axi_crossbar_rd_inst.s_ifaces[3].r_arb_inst.grant_encoded_reg[1]$_SDFFE_PP0P_/Q	m04_axi_rready
185	0.0543	axi_crossbar_inst.axi_crossbar_wr_inst.m_ifaces[I].w_select_valid_reg	sI_axi_wready	axi_crossbar_inst.axi_crossbar_wr_inst.m_ifaces[5].w_select_valid_reg$_SDFF_PP0_/Q	s04_axi_wready
186	0.0552	mI_axi_rlast	axi_crossbar_inst.axi_crossbar_rd_inst.m_ifaces[I].a_arb_inst.grant_encoded_reg[J]	m02_axi_rlast	axi_crossbar_inst.axi_crossbar_rd_inst.m_ifaces[2].a_arb_inst.grant_encoded_reg[2]$_SDFFE_PP0P_/D
187	0.0560	mI_axi_bvalid	axi_crossbar_inst.axi_crossbar_wr_inst.m_ifaces[I].a_arb_inst.grant_reg[J]	m05_axi_bvalid	axi_crossbar_inst.axi_crossbar_wr_inst.m_ifaces[5].a_arb_inst.grant_reg[4]$_SDFFE_PP0P_/D
188	0.0574	axi_crossbar_inst.axi_crossbar_rd_inst.s_ifaces[I].reg_inst.genblkJ.m_axi_rready_reg	mI_axi_rready	axi_crossbar_inst.axi_crossbar_rd_inst.s_ifaces[1].reg_inst.genblk2.m_axi_rready_reg$_SDFF_PP0_/Q	m00_axi_rready
189	0.0594	axi_crossbar_inst.axi_crossbar_rd_inst.m_ifaces[I].a_arb_inst.grant_reg[J]	axi_crossbar_inst.axi_crossbar_rd_inst.m_ifaces[I].a_arb_inst.mask_reg[J]	axi_crossbar_inst.axi_crossbar_rd_inst.m_ifaces[6].a_arb_inst.grant_reg[2]$_SDFFE_PP0P_/QN	axi_crossbar_inst.axi_crossbar_rd_inst.m_ifaces[6].a_arb_inst.mask_reg[2]$_SDFFE_PP0P_/D
190	0.0596	axi_crossbar_inst.axi_crossbar_rd_inst.s_ifaces[I].r_arb_inst.grant_encoded_reg[J]	axi_crossbar_inst.axi_crossbar_rd_inst.s_ifaces[I].addr_inst.thread_id_reg[J][K]	axi_crossbar_inst.axi_crossbar_rd_inst.s_ifaces[4].r_arb_inst.grant_encoded_reg[1]$_SDFFE_PP0P_/Q	axi_crossbar_inst.axi_crossbar_rd_inst.s_ifaces[4].addr_inst.thread_id_reg[1][0]$_DFFE_PP_/D
191	0.0596	axi_crossbar_inst.axi_crossbar_rd_inst.s_ifaces[I].r_arb_inst.grant_encoded_reg[J]	axi_crossbar_inst.axi_crossbar_rd_inst.s_ifaces[I].addr_inst.thread_m_reg[J][K]	axi_crossbar_inst.axi_crossbar_rd_inst.s_ifaces[4].r_arb_inst.grant_encoded_reg[1]$_SDFFE_PP0P_/Q	axi_crossbar_inst.axi_crossbar_rd_inst.s_ifaces[4].addr_inst.thread_m_reg[1][0]$_DFFE_PP_/D
192	0.0604	rst	axi_crossbar_inst.axi_crossbar_wr_inst.s_ifaces[I].b_arb_inst.mask_reg[J]	rst	axi_crossbar_inst.axi_crossbar_wr_inst.s_ifaces[2].b_arb_inst.mask_reg[8]$_SDFFE_PP0P_/D
193	0.0606	mI_axi_rresp[J]	axi_crossbar_inst.axi_crossbar_rd_inst.s_ifaces[I].reg_inst.genblkJ.s_axi_rresp_reg[K]	m03_axi_rresp[0]	axi_crossbar_inst.axi_crossbar_rd_inst.s_ifaces[3].reg_inst.genblk2.s_axi_rresp_reg[0]$_DFFE_PP_/D
194	0.0633	axi_crossbar_inst.axi_crossbar_wr_inst.m_ifaces[I].w_select_reg[J]	axi_crossbar_inst.axi_crossbar_wr_inst.m_ifaces[I].a_arb_inst.grant_reg[J]	axi_crossbar_inst.axi_crossbar_wr_inst.m_ifaces[3].w_select_reg[2]$_DFFE_PP_/Q	axi_crossbar_inst.axi_crossbar_wr_inst.m_ifaces[3].a_arb_inst.grant_reg[6]$_SDFFE_PP0P_/D
195	0.0646	axi_crossbar_inst.axi_crossbar_rd_inst.s_ifaces[I].r_arb_inst.grant_encoded_reg[J]	axi_crossbar_inst.axi_crossbar_rd_inst.m_ifaces[I].a_arb_inst.grant_reg[J]	axi_crossbar_inst.axi_crossbar_rd_inst.s_ifaces[3].r_arb_inst.grant_encoded_reg[1]$_SDFFE_PP0P_/Q	axi_crossbar_inst.axi_crossbar_rd_inst.m_ifaces[2].a_arb_inst.grant_reg[0]$_SDFFE_PP0P_/D
196	0.0656	rst	axi_crossbar_inst.axi_crossbar_rd_inst.m_ifaces[I].a_arb_inst.mask_reg[J]	rst	axi_crossbar_inst.axi_crossbar_rd_inst.m_ifaces[3].a_arb_inst.mask_reg[1]$_SDFFE_PP0P_/D
197	0.0658	axi_crossbar_inst.axi_crossbar_wr_inst.s_ifaces[I].addr_inst.thread_count_reg[J][K]	axi_crossbar_inst.axi_crossbar_wr_inst.s_ifaces[I].addr_inst.thread_id_reg[J][K]	axi_crossbar_inst.axi_crossbar_wr_inst.s_ifaces[6].addr_inst.thread_count_reg[1][2]$_SDFFE_PP0P_/Q	axi_crossbar_inst.axi_crossbar_wr_inst.s_ifaces[6].addr_inst.thread_id_reg[1][0]$_DFFE_PP_/D
198	0.0658	axi_crossbar_inst.axi_crossbar_wr_inst.s_ifaces[I].addr_inst.thread_count_reg[J][K]	axi_crossbar_inst.axi_crossbar_wr_inst.s_ifaces[I].addr_inst.thread_m_reg[J][K]	axi_crossbar_inst.axi_crossbar_wr_inst.s_ifaces[6].addr_inst.thread_count_reg[1][2]$_SDFFE_PP0P_/Q	axi_crossbar_inst.axi_crossbar_wr_inst.s_ifaces[6].addr_inst.thread_m_reg[1][0]$_DFFE_PP_/D
199	0.0658	axi_crossbar_inst.axi_crossbar_wr_inst.m_ifaces[I].w_select_valid_reg	axi_crossbar_inst.axi_crossbar_wr_inst.m_ifaces[I].a_arb_inst.mask_reg[J]	axi_crossbar_inst.axi_crossbar_wr_inst.m_ifaces[6].w_select_valid_reg$_SDFF_PP0_/Q	axi_crossbar_inst.axi_crossbar_wr_inst.m_ifaces[6].a_arb_inst.mask_reg[1]$_SDFFE_PP0P_/D
200	0.0680	mI_axi_rid[J]	axi_crossbar_inst.axi_crossbar_rd_inst.s_ifaces[I].reg_inst.genblkJ.temp_s_axi_rid_reg[K]	m05_axi_rid[1]	axi_crossbar_inst.axi_crossbar_rd_inst.s_ifaces[0].reg_inst.genblk2.temp_s_axi_rid_reg[1]$_DFFE_PP_/D
201	0.0693	sI_axi_araddr[J]	axi_crossbar_inst.axi_crossbar_rd_inst.s_ifaces[I].addr_inst.m_select_reg[J]	s05_axi_araddr[30]	axi_crossbar_inst.axi_crossbar_rd_inst.s_ifaces[5].addr_inst.m_select_reg[2]$_SDFFCE_PP1P_/D
202	0.0693	sI_axi_awaddr[J]	axi_crossbar_inst.axi_crossbar_wr_inst.s_ifaces[I].addr_inst.m_select_reg[J]	s01_axi_awaddr[31]	axi_crossbar_inst.axi_crossbar_wr_inst.s_ifaces[1].addr_inst.m_select_reg[2]$_SDFFCE_PP1P_/D
203	0.0695	rst	axi_crossbar_inst.axi_crossbar_wr_inst.m_ifaces[I].a_arb_inst.mask_reg[J]	rst	axi_crossbar_inst.axi_crossbar_wr_inst.m_ifaces[3].a_arb_inst.mask_reg[1]$_SDFFE_PP0P_/D
204	0.0698	axi_crossbar_inst.axi_crossbar_wr_inst.s_ifaces[I].w_select_valid_reg	axi_crossbar_inst.axi_crossbar_wr_inst.m_ifaces[I].a_arb_inst.grant_reg[J]	axi_crossbar_inst.axi_crossbar_wr_inst.s_ifaces[1].w_select_valid_reg$_SDFF_PP0_/Q	axi_crossbar_inst.axi_crossbar_wr_inst.m_ifaces[5].a_arb_inst.grant_reg[0]$_SDFFE_PP0P_/D
205	0.0700	axi_crossbar_inst.axi_crossbar_wr_inst.s_ifaces[I].w_select_reg[J]	axi_crossbar_inst.axi_crossbar_wr_inst.m_ifaces[I].a_arb_inst.grant_reg[J]	axi_crossbar_inst.axi_crossbar_wr_inst.s_ifaces[3].w_select_reg[2]$_DFFE_PP_/Q	axi_crossbar_inst.axi_crossbar_wr_inst.m_ifaces[4].a_arb_inst.grant_reg[1]$_SDFFE_PP0P_/D
206	0.0715	axi_crossbar_inst.axi_crossbar_wr_inst.s_ifaces[I].addr_inst.m_select_reg[J]	axi_crossbar_inst.axi_crossbar_wr_inst.m_ifaces[I].a_arb_inst.grant_reg[J]	axi_crossbar_inst.axi_crossbar_wr_inst.s_ifaces[2].addr_inst.m_select_reg[2]$_SDFFCE_PP1P_/Q	axi_crossbar_inst.axi_crossbar_wr_inst.m_ifaces[6].a_arb_inst.grant_reg[5]$_SDFFE_PP0P_/D
207	0.0716	axi_crossbar_inst.axi_crossbar_wr_inst.s_ifaces[I].b_arb_inst.grant_encoded_reg[J]	mI_axi_bready	axi_crossbar_inst.axi_crossbar_wr_inst.s_ifaces[6].b_arb_inst.grant_encoded_reg[0]$_SDFFE_PP0P_/Q	m03_axi_bready
208	0.0717	sI_axi_wlast	axi_crossbar_inst.axi_crossbar_wr_inst.m_ifaces[I].reg_inst.genblkJ.m_axi_wlast_reg	s05_axi_wlast	axi_crossbar_inst.axi_crossbar_wr_inst.m_ifaces[4].reg_inst.genblk2.m_axi_wlast_reg$_DFFE_PP_/D
209	0.0720	rst	axi_crossbar_inst.axi_crossbar_rd_inst.s_ifaces[I].r_arb_inst.mask_reg[J]	rst	axi_crossbar_inst.axi_crossbar_rd_inst.s_ifaces[0].r_arb_inst.mask_reg[8]$_SDFFE_PP0P_/D
210	0.0723	mI_axi_rlast	axi_crossbar_inst.axi_crossbar_rd_inst.s_ifaces[I].reg_inst.genblkJ.temp_s_axi_rlast_reg	m07_axi_rlast	axi_crossbar_inst.axi_crossbar_rd_inst.s_ifaces[4].reg_inst.genblk2.temp_s_axi_rlast_reg$_DFFE_PP_/D
211	0.0741	axi_crossbar_inst.axi_crossbar_wr_inst.m_ifaces[I].reg_inst.genblkJ.s_axi_wready_reg	axi_crossbar_inst.axi_crossbar_wr_inst.m_ifaces[I].a_arb_inst.mask_reg[J]	axi_crossbar_inst.axi_crossbar_wr_inst.m_ifaces[6].reg_inst.genblk2.s_axi_wready_reg$_SDFF_PP0_/Q	axi_crossbar_inst.axi_crossbar_wr_inst.m_ifaces[6].a_arb_inst.mask_reg[1]$_SDFFE_PP0P_/D
212	0.0744	axi_crossbar_inst.axi_crossbar_wr_inst.s_ifaces[I].b_arb_inst.grant_encoded_reg[J]	axi_crossbar_inst.axi_crossbar_wr_inst.m_ifaces[I].a_arb_inst.grant_reg[J]	axi_crossbar_inst.axi_crossbar_wr_inst.s_ifaces[6].b_arb_inst.grant_encoded_reg[0]$_SDFFE_PP0P_/Q	axi_crossbar_inst.axi_crossbar_wr_inst.m_ifaces[3].a_arb_inst.grant_reg[6]$_SDFFE_PP0P_/D
213	0.0747	axi_crossbar_inst.axi_crossbar_rd_inst.s_ifaces[I].reg_inst.genblkJ.m_axi_rready_reg	axi_crossbar_inst.axi_crossbar_rd_inst.m_ifaces[I].a_arb_inst.grant_reg[J]	axi_crossbar_inst.axi_crossbar_rd_inst.s_ifaces[4].reg_inst.genblk2.m_axi_rready_reg$_SDFF_PP0_/Q	axi_crossbar_inst.axi_crossbar_rd_inst.m_ifaces[6].a_arb_inst.grant_reg[0]$_SDFFE_PP0P_/D
214	0.0749	axi_crossbar_inst.axi_crossbar_rd_inst.s_ifaces[I].r_arb_inst.grant_encoded_reg[J]	axi_crossbar_inst.axi_crossbar_rd_inst.s_ifaces[I].reg_inst.genblkJ.temp_s_axi_rdata_reg[K]	axi_crossbar_inst.axi_crossbar_rd_inst.s_ifaces[1].r_arb_inst.grant_encoded_reg[1]$_SDFFE_PP0P_/Q	axi_crossbar_inst.axi_crossbar_rd_inst.s_ifaces[1].reg_inst.genblk2.temp_s_axi_rdata_reg[22]$_DFFE_PP_/D
215	0.0766	rst	axi_crossbar_inst.axi_crossbar_wr_inst.m_ifaces[I].a_arb_inst.grant_reg[J]	rst	axi_crossbar_inst.axi_crossbar_wr_inst.m_ifaces[4].a_arb_inst.grant_reg[0]$_SDFFE_PP0P_/D
216	0.0769	axi_crossbar_inst.axi_crossbar_wr_inst.s_ifaces[I].b_arb_inst.grant_valid_reg	axi_crossbar_inst.axi_crossbar_wr_inst.m_ifaces[I].a_arb_inst.grant_reg[J]	axi_crossbar_inst.axi_crossbar_wr_inst.s_ifaces[1].b_arb_inst.grant_valid_reg$_SDFFE_PP0P_/Q	axi_crossbar_inst.axi_crossbar_wr_inst.m_ifaces[6].a_arb_inst.grant_reg[5]$_SDFFE_PP0P_/D
217	0.0771	axi_crossbar_inst.axi_crossbar_wr_inst.s_ifaces[I].reg_inst.genblkJ.genblkK.m_axi_bready_reg	axi_crossbar_inst.axi_crossbar_wr_inst.m_ifaces[I].a_arb_inst.grant_reg[J]	axi_crossbar_inst.axi_crossbar_wr_inst.s_ifaces[3].reg_inst.genblk3.genblk1.m_axi_bready_reg$_SDFF_PP0_/Q	axi_crossbar_inst.axi_crossbar_wr_inst.m_ifaces[6].a_arb_inst.grant_reg[5]$_SDFFE_PP0P_/D
218	0.0778	axi_crossbar_inst.axi_crossbar_wr_inst.s_ifaces[I].w_select_reg[J]	sI_axi_wready	axi_crossbar_inst.axi_crossbar_wr_inst.s_ifaces[2].w_select_reg[1]$_DFFE_PP_/Q	s02_axi_wready
219	0.0787	axi_crossbar_inst.axi_crossbar_wr_inst.m_ifaces[I].w_select_reg[J]	axi_crossbar_inst.axi_crossbar_wr_inst.m_ifaces[I].a_arb_inst.grant_encoded_reg[J]	axi_crossbar_inst.axi_crossbar_wr_inst.m_ifaces[2].w_select_reg[1]$_DFFE_PP_/Q	axi_crossbar_inst.axi_crossbar_wr_inst.m_ifaces[2].a_arb_inst.grant_encoded_reg[1]$_SDFFE_PP0P_/D
220	0.0800	axi_crossbar_inst.axi_crossbar_rd_inst.s_ifaces[I].r_arb_inst.grant_valid_reg	mI_axi_rready	axi_crossbar_inst.axi_crossbar_rd_inst.s_ifaces[5].r_arb_inst.grant_valid_reg$_SDFFE_PP0P_/Q	m02_axi_rready
221	0.0807	mI_axi_bvalid	axi_crossbar_inst.axi_crossbar_wr_inst.m_ifaces[I].a_arb_inst.grant_encoded_reg[J]	m02_axi_bvalid	axi_crossbar_inst.axi_crossbar_wr_inst.m_ifaces[2].a_arb_inst.grant_encoded_reg[1]$_SDFFE_PP0P_/D
222	0.0807	axi_crossbar_inst.axi_crossbar_rd_inst.s_ifaces[I].r_arb_inst.grant_valid_reg	axi_crossbar_inst.axi_crossbar_rd_inst.m_ifaces[I].a_arb_inst.grant_reg[J]	axi_crossbar_inst.axi_crossbar_rd_inst.s_ifaces[2].r_arb_inst.grant_valid_reg$_SDFFE_PP0P_/Q	axi_crossbar_inst.axi_crossbar_rd_inst.m_ifaces[2].a_arb_inst.grant_reg[0]$_SDFFE_PP0P_/D
223	0.0808	sI_axi_wdata[J]	axi_crossbar_inst.axi_crossbar_wr_inst.m_ifaces[I].reg_inst.genblkJ.m_axi_wdata_reg[K]	s03_axi_wdata[25]	axi_crossbar_inst.axi_crossbar_wr_inst.m_ifaces[0].reg_inst.genblk2.m_axi_wdata_reg[25]$_DFFE_PP_/D
224	0.0808	sI_axi_wstrb[J]	axi_crossbar_inst.axi_crossbar_wr_inst.m_ifaces[I].reg_inst.genblkJ.m_axi_wstrb_reg[K]	s03_axi_wstrb[0]	axi_crossbar_inst.axi_crossbar_wr_inst.m_ifaces[0].reg_inst.genblk2.m_axi_wstrb_reg[0]$_DFFE_PP_/D
225	0.0840	sI_axi_awid[J]	axi_crossbar_inst.axi_crossbar_wr_inst.m_ifaces[I].reg_inst.genblkJ.genblkK.m_axi_awid_reg[L]	s03_axi_awid[0]	axi_crossbar_inst.axi_crossbar_wr_inst.m_ifaces[0].reg_inst.genblk1.genblk1.m_axi_awid_reg[0]$_DFFE_PP_/D
226	0.0841	sI_axi_arid[J]	axi_crossbar_inst.axi_crossbar_rd_inst.m_ifaces[I].reg_inst.genblkJ.genblkK.m_axi_arid_reg[L]	s03_axi_arid[0]	axi_crossbar_inst.axi_crossbar_rd_inst.m_ifaces[3].reg_inst.genblk1.genblk1.m_axi_arid_reg[0]$_DFFE_PP_/D
227	0.0846	axi_crossbar_inst.axi_crossbar_rd_inst.s_ifaces[I].r_arb_inst.grant_encoded_reg[J]	axi_crossbar_inst.axi_crossbar_rd_inst.s_ifaces[I].r_arb_inst.mask_reg[J]	axi_crossbar_inst.axi_crossbar_rd_inst.s_ifaces[5].r_arb_inst.grant_encoded_reg[0]$_SDFFE_PP0P_/Q	axi_crossbar_inst.axi_crossbar_rd_inst.s_ifaces[5].r_arb_inst.mask_reg[0]$_SDFFE_PP0P_/D
228	0.0854	axi_crossbar_inst.axi_crossbar_wr_inst.s_ifaces[I].reg_inst.genblkJ.genblkK.m_axi_bready_reg	mI_axi_bready	axi_crossbar_inst.axi_crossbar_wr_inst.s_ifaces[6].reg_inst.genblk3.genblk1.m_axi_bready_reg$_SDFF_PP0_/Q	m03_axi_bready
229	0.0855	axi_crossbar_inst.axi_crossbar_wr_inst.s_ifaces[I].addr_inst.m_axi_avalid_reg	axi_crossbar_inst.axi_crossbar_wr_inst.m_ifaces[I].a_arb_inst.grant_reg[J]	axi_crossbar_inst.axi_crossbar_wr_inst.s_ifaces[7].addr_inst.m_axi_avalid_reg$_SDFF_PP0_/Q	axi_crossbar_inst.axi_crossbar_wr_inst.m_ifaces[4].a_arb_inst.grant_reg[1]$_SDFFE_PP0P_/D
230	0.0864	axi_crossbar_inst.axi_crossbar_rd_inst.s_ifaces[I].addr_inst.thread_count_reg[J][K]	axi_crossbar_inst.axi_crossbar_rd_inst.s_ifaces[I].addr_inst.thread_id_reg[J][K]	axi_crossbar_inst.axi_crossbar_rd_inst.s_ifaces[4].addr_inst.thread_count_reg[0][2]$_SDFFE_PP0P_/Q	axi_crossbar_inst.axi_crossbar_rd_inst.s_ifaces[4].addr_inst.thread_id_reg[1][0]$_DFFE_PP_/D
231	0.0864	axi_crossbar_inst.axi_crossbar_rd_inst.s_ifaces[I].addr_inst.thread_count_reg[J][K]	axi_crossbar_inst.axi_crossbar_rd_inst.s_ifaces[I].addr_inst.thread_m_reg[J][K]	axi_crossbar_inst.axi_crossbar_rd_inst.s_ifaces[4].addr_inst.thread_count_reg[0][2]$_SDFFE_PP0P_/Q	axi_crossbar_inst.axi_crossbar_rd_inst.s_ifaces[4].addr_inst.thread_m_reg[1][0]$_DFFE_PP_/D
232	0.0868	axi_crossbar_inst.axi_crossbar_rd_inst.s_ifaces[I].r_arb_inst.grant_encoded_reg[J]	axi_crossbar_inst.axi_crossbar_rd_inst.s_ifaces[I].reg_inst.genblkJ.s_axi_rresp_reg[K]	axi_crossbar_inst.axi_crossbar_rd_inst.s_ifaces[7].r_arb_inst.grant_encoded_reg[1]$_SDFFE_PP0P_/Q	axi_crossbar_inst.axi_crossbar_rd_inst.s_ifaces[7].reg_inst.genblk2.s_axi_rresp_reg[1]$_DFFE_PP_/D
233	0.0878	axi_crossbar_inst.axi_crossbar_rd_inst.s_ifaces[I].r_arb_inst.grant_encoded_reg[J]	axi_crossbar_inst.axi_crossbar_rd_inst.m_ifaces[I].a_arb_inst.grant_encoded_reg[J]	axi_crossbar_inst.axi_crossbar_rd_inst.s_ifaces[3].r_arb_inst.grant_encoded_reg[1]$_SDFFE_PP0P_/Q	axi_crossbar_inst.axi_crossbar_rd_inst.m_ifaces[2].a_arb_inst.grant_encoded_reg[2]$_SDFFE_PP0P_/D
234	0.0879	sI_axi_wvalid	axi_crossbar_inst.axi_crossbar_wr_inst.m_ifaces[I].reg_inst.genblkJ.s_axi_wready_reg	s06_axi_wvalid	axi_crossbar_inst.axi_crossbar_wr_inst.m_ifaces[1].reg_inst.genblk2.s_axi_wready_reg$_SDFF_PP0_/D
235	0.0888	rst	axi_crossbar_inst.axi_crossbar_wr_inst.s_ifaces[I].addr_inst.s_axi_aready_reg	rst	axi_crossbar_inst.axi_crossbar_wr_inst.s_ifaces[5].addr_inst.s_axi_aready_reg$_SDFF_PP0_/D
236	0.0888	rst	axi_crossbar_inst.axi_crossbar_wr_inst.m_ifaces[I].reg_inst.genblkJ.genblkK.s_axi_awready_reg	rst	axi_crossbar_inst.axi_crossbar_wr_inst.m_ifaces[5].reg_inst.genblk1.genblk1.s_axi_awready_reg$_SDFF_PP0_/D
237	0.0888	rst	axi_crossbar_inst.axi_crossbar_wr_inst.m_ifaces[I].w_select_valid_reg	rst	axi_crossbar_inst.axi_crossbar_wr_inst.m_ifaces[6].w_select_valid_reg$_SDFF_PP0_/D
238	0.0895	sI_axi_wvalid	axi_crossbar_inst.axi_crossbar_wr_inst.m_ifaces[I].w_select_valid_reg	s04_axi_wvalid	axi_crossbar_inst.axi_crossbar_wr_inst.m_ifaces[0].w_select_valid_reg$_SDFF_PP0_/D
239	0.0901	axi_crossbar_inst.axi_crossbar_wr_inst.s_ifaces[I].addr_inst.trans_count_reg[J]	axi_crossbar_inst.axi_crossbar_wr_inst.s_ifaces[I].addr_inst.trans_count_reg[J]	axi_crossbar_inst.axi_crossbar_wr_inst.s_ifaces[7].addr_inst.trans_count_reg[4]$_SDFFE_PP0P_/Q	axi_crossbar_inst.axi_crossbar_wr_inst.s_ifaces[7].addr_inst.trans_count_reg[4]$_SDFFE_PP0P_/D
240	0.0909	axi_crossbar_inst.axi_crossbar_rd_inst.s_ifaces[I].addr_inst.match_reg	axi_crossbar_inst.axi_crossbar_rd_inst.s_ifaces[I].addr_inst.thread_count_reg[J][K]	axi_crossbar_inst.axi_crossbar_rd_inst.s_ifaces[3].addr_inst.match_reg$_SDFFCE_PP1P_/Q	axi_crossbar_inst.axi_crossbar_rd_inst.s_ifaces[3].addr_inst.thread_count_reg[1][4]$_SDFFE_PP0P_/D
241	0.0910	mI_axi_rdata[J]	axi_crossbar_inst.axi_crossbar_rd_inst.s_ifaces[I].reg_inst.genblkJ.temp_s_axi_rdata_reg[K]	m07_axi_rdata[0]	axi_crossbar_inst.axi_crossbar_rd_inst.s_ifaces[0].reg_inst.genblk2.temp_s_axi_rdata_reg[0]$_DFFE_PP_/D
242	0.0934	rst	axi_crossbar_inst.axi_crossbar_rd_inst.m_ifaces[I].a_arb_inst.grant_reg[J]	rst	axi_crossbar_inst.axi_crossbar_rd_inst.m_ifaces[4].a_arb_inst.grant_reg[0]$_SDFFE_PP0P_/D
243	0.0939	axi_crossbar_inst.axi_crossbar_wr_inst.s_ifaces[I].b_arb_inst.grant_valid_reg	mI_axi_bready	axi_crossbar_inst.axi_crossbar_wr_inst.s_ifaces[1].b_arb_inst.grant_valid_reg$_SDFFE_PP0P_/Q	m00_axi_bready
244	0.0940	axi_crossbar_inst.axi_crossbar_wr_inst.m_ifaces[I].reg_inst.genblkJ.genblkK.s_axi_awready_reg	axi_crossbar_inst.axi_crossbar_wr_inst.s_ifaces[I].addr_inst.state_reg[J]	axi_crossbar_inst.axi_crossbar_wr_inst.m_ifaces[5].reg_inst.genblk1.genblk1.s_axi_awready_reg$_SDFF_PP0_/Q	axi_crossbar_inst.axi_crossbar_wr_inst.s_ifaces[2].addr_inst.state_reg[1]$_SDFF_PP0_/D
245	0.0949	axi_crossbar_inst.axi_crossbar_rd_inst.s_ifaces[I].r_arb_inst.grant_encoded_reg[J]	axi_crossbar_inst.axi_crossbar_rd_inst.s_ifaces[I].reg_inst.genblkJ.s_axi_rdata_reg[K]	axi_crossbar_inst.axi_crossbar_rd_inst.s_ifaces[1].r_arb_inst.grant_encoded_reg[1]$_SDFFE_PP0P_/Q	axi_crossbar_inst.axi_crossbar_rd_inst.s_ifaces[1].reg_inst.genblk2.s_axi_rdata_reg[22]$_DFFE_PP_/D
246	0.0952	axi_crossbar_inst.axi_crossbar_rd_inst.s_ifaces[I].addr_inst.m_select_reg[J]	axi_crossbar_inst.axi_crossbar_rd_inst.m_ifaces[I].a_arb_inst.grant_reg[J]	axi_crossbar_inst.axi_crossbar_rd_inst.s_ifaces[1].addr_inst.m_select_reg[0]$_SDFFCE_PP1P_/Q	axi_crossbar_inst.axi_crossbar_rd_inst.m_ifaces[2].a_arb_inst.grant_reg[3]$_SDFFE_PP0P_/D
247	0.0954	axi_crossbar_inst.axi_crossbar_wr_inst.s_ifaces[I].w_select_valid_reg	axi_crossbar_inst.axi_crossbar_wr_inst.m_ifaces[I].a_arb_inst.grant_encoded_reg[J]	axi_crossbar_inst.axi_crossbar_wr_inst.s_ifaces[1].w_select_valid_reg$_SDFF_PP0_/Q	axi_crossbar_inst.axi_crossbar_wr_inst.m_ifaces[5].a_arb_inst.grant_encoded_reg[0]$_SDFFE_PP0P_/D
248	0.0954	axi_crossbar_inst.axi_crossbar_rd_inst.s_ifaces[I].r_arb_inst.grant_encoded_reg[J]	axi_crossbar_inst.axi_crossbar_rd_inst.s_ifaces[I].r_arb_inst.grant_reg[J]	axi_crossbar_inst.axi_crossbar_rd_inst.s_ifaces[1].r_arb_inst.grant_encoded_reg[1]$_SDFFE_PP0P_/Q	axi_crossbar_inst.axi_crossbar_rd_inst.s_ifaces[1].r_arb_inst.grant_reg[7]$_SDFFE_PP0P_/D
249	0.0967	axi_crossbar_inst.axi_crossbar_rd_inst.s_ifaces[I].r_arb_inst.grant_encoded_reg[J]	axi_crossbar_inst.axi_crossbar_rd_inst.s_ifaces[I].r_arb_inst.grant_encoded_reg[J]	axi_crossbar_inst.axi_crossbar_rd_inst.s_ifaces[4].r_arb_inst.grant_encoded_reg[1]$_SDFFE_PP0P_/Q	axi_crossbar_inst.axi_crossbar_rd_inst.s_ifaces[4].r_arb_inst.grant_encoded_reg[3]$_SDFFE_PP0P_/D
250	0.0970	axi_crossbar_inst.axi_crossbar_wr_inst.s_ifaces[I].b_arb_inst.grant_encoded_reg[J]	axi_crossbar_inst.axi_crossbar_wr_inst.m_ifaces[I].a_arb_inst.grant_encoded_reg[J]	axi_crossbar_inst.axi_crossbar_wr_inst.s_ifaces[3].b_arb_inst.grant_encoded_reg[2]$_SDFFE_PP0P_/Q	axi_crossbar_inst.axi_crossbar_wr_inst.m_ifaces[6].a_arb_inst.grant_encoded_reg[1]$_SDFFE_PP0P_/D
251	0.0983	axi_crossbar_inst.axi_crossbar_wr_inst.s_ifaces[I].w_select_reg[J]	axi_crossbar_inst.axi_crossbar_wr_inst.m_ifaces[I].a_arb_inst.grant_encoded_reg[J]	axi_crossbar_inst.axi_crossbar_wr_inst.s_ifaces[6].w_select_reg[1]$_DFFE_PP_/Q	axi_crossbar_inst.axi_crossbar_wr_inst.m_ifaces[2].a_arb_inst.grant_encoded_reg[1]$_SDFFE_PP0P_/D
252	0.0984	axi_crossbar_inst.axi_crossbar_rd_inst.s_ifaces[I].addr_inst.trans_count_reg[J]	axi_crossbar_inst.axi_crossbar_rd_inst.s_ifaces[I].addr_inst.trans_count_reg[J]	axi_crossbar_inst.axi_crossbar_rd_inst.s_ifaces[6].addr_inst.trans_count_reg[4]$_SDFFE_PP0P_/Q	axi_crossbar_inst.axi_crossbar_rd_inst.s_ifaces[6].addr_inst.trans_count_reg[4]$_SDFFE_PP0P_/D
253	0.0992	axi_crossbar_inst.axi_crossbar_wr_inst.s_ifaces[I].b_arb_inst.grant_valid_reg	axi_crossbar_inst.axi_crossbar_wr_inst.m_ifaces[I].a_arb_inst.grant_encoded_reg[J]	axi_crossbar_inst.axi_crossbar_wr_inst.s_ifaces[1].b_arb_inst.grant_valid_reg$_SDFFE_PP0P_/Q	axi_crossbar_inst.axi_crossbar_wr_inst.m_ifaces[6].a_arb_inst.grant_encoded_reg[1]$_SDFFE_PP0P_/D
254	0.0993	axi_crossbar_inst.axi_crossbar_wr_inst.m_ifaces[I].a_arb_inst.grant_valid_reg	axi_crossbar_inst.axi_crossbar_wr_inst.s_ifaces[I].addr_inst.state_reg[J]	axi_crossbar_inst.axi_crossbar_wr_inst.m_ifaces[5].a_arb_inst.grant_valid_reg$_SDFFE_PP0P_/Q	axi_crossbar_inst.axi_crossbar_wr_inst.s_ifaces[2].addr_inst.state_reg[1]$_SDFF_PP0_/D
255	0.0993	axi_crossbar_inst.axi_crossbar_wr_inst.s_ifaces[I].reg_inst.genblkJ.genblkK.m_axi_bready_reg	axi_crossbar_inst.axi_crossbar_wr_inst.m_ifaces[I].a_arb_inst.grant_encoded_reg[J]	axi_crossbar_inst.axi_crossbar_wr_inst.s_ifaces[3].reg_inst.genblk3.genblk1.m_axi_bready_reg$_SDFF_PP0_/Q	axi_crossbar_inst.axi_crossbar_wr_inst.m_ifaces[6].a_arb_inst.grant_encoded_reg[1]$_SDFFE_PP0P_/D
256	0.0994	axi_crossbar_inst.axi_crossbar_wr_inst.m_ifaces[I].w_select_reg[J]	axi_crossbar_inst.axi_crossbar_wr_inst.m_ifaces[I].reg_inst.genblkJ.m_axi_wdata_reg[K]	axi_crossbar_inst.axi_crossbar_wr_inst.m_ifaces[2].w_select_reg[1]$_DFFE_PP_/Q	axi_crossbar_inst.axi_crossbar_wr_inst.m_ifaces[2].reg_inst.genblk2.m_axi_wdata_reg[10]$_DFFE_PP_/D
257	0.0994	axi_crossbar_inst.axi_crossbar_wr_inst.m_ifaces[I].w_select_reg[J]	axi_crossbar_inst.axi_crossbar_wr_inst.m_ifaces[I].reg_inst.genblkJ.m_axi_wstrb_reg[K]	axi_crossbar_inst.axi_crossbar_wr_inst.m_ifaces[2].w_select_reg[1]$_DFFE_PP_/Q	axi_crossbar_inst.axi_crossbar_wr_inst.m_ifaces[2].reg_inst.genblk2.m_axi_wstrb_reg[0]$_DFFE_PP_/D
258	0.0996	sI_axi_rready	axi_crossbar_inst.axi_crossbar_rd_inst.s_ifaces[I].reg_inst.genblkJ.temp_s_axi_rdata_reg[K]	s00_axi_rready	axi_crossbar_inst.axi_crossbar_rd_inst.s_ifaces[0].reg_inst.genblk2.temp_s_axi_rdata_reg[0]$_DFFE_PP_/D
259	0.0996	sI_axi_rready	axi_crossbar_inst.axi_crossbar_rd_inst.s_ifaces[I].reg_inst.genblkJ.temp_s_axi_rid_reg[K]	s00_axi_rready	axi_crossbar_inst.axi_crossbar_rd_inst.s_ifaces[0].reg_inst.genblk2.temp_s_axi_rid_reg[4]$_DFFE_PP_/D
260	0.1002	axi_crossbar_inst.axi_crossbar_wr_inst.s_ifaces[I].w_drop_reg	axi_crossbar_inst.axi_crossbar_wr_inst.m_ifaces[I].a_arb_inst.grant_reg[J]	axi_crossbar_inst.axi_crossbar_wr_inst.s_ifaces[1].w_drop_reg$_DFF_P_/QN	axi_crossbar_inst.axi_crossbar_wr_inst.m_ifaces[5].a_arb_inst.grant_reg[0]$_SDFFE_PP0P_/D
261	0.1006	axi_crossbar_inst.axi_crossbar_rd_inst.s_ifaces[I].addr_inst.thread_id_reg[J][K]	axi_crossbar_inst.axi_crossbar_rd_inst.s_ifaces[I].addr_inst.thread_id_reg[J][K]	axi_crossbar_inst.axi_crossbar_rd_inst.s_ifaces[6].addr_inst.thread_id_reg[0][0]$_DFFE_PP_/Q	axi_crossbar_inst.axi_crossbar_rd_inst.s_ifaces[6].addr_inst.thread_id_reg[0][0]$_DFFE_PP_/D
262	0.1006	axi_crossbar_inst.axi_crossbar_rd_inst.s_ifaces[I].addr_inst.thread_id_reg[J][K]	axi_crossbar_inst.axi_crossbar_rd_inst.s_ifaces[I].addr_inst.thread_m_reg[J][K]	axi_crossbar_inst.axi_crossbar_rd_inst.s_ifaces[6].addr_inst.thread_id_reg[0][0]$_DFFE_PP_/Q	axi_crossbar_inst.axi_crossbar_rd_inst.s_ifaces[6].addr_inst.thread_m_reg[0][0]$_DFFE_PP_/D
263	0.1011	axi_crossbar_inst.axi_crossbar_wr_inst.m_ifaces[I].trans_count_reg[J]	axi_crossbar_inst.axi_crossbar_wr_inst.m_ifaces[I].a_arb_inst.mask_reg[J]	axi_crossbar_inst.axi_crossbar_wr_inst.m_ifaces[6].trans_count_reg[2]$_SDFFE_PP0P_/Q	axi_crossbar_inst.axi_crossbar_wr_inst.m_ifaces[6].a_arb_inst.mask_reg[1]$_SDFFE_PP0P_/D
264	0.1020	axi_crossbar_inst.axi_crossbar_wr_inst.m_ifaces[I].reg_inst.genblkJ.genblkK.s_axi_awready_reg	axi_crossbar_inst.axi_crossbar_wr_inst.s_ifaces[I].addr_inst.s_axi_aready_reg	axi_crossbar_inst.axi_crossbar_wr_inst.m_ifaces[5].reg_inst.genblk1.genblk1.s_axi_awready_reg$_SDFF_PP0_/Q	axi_crossbar_inst.axi_crossbar_wr_inst.s_ifaces[2].addr_inst.s_axi_aready_reg$_SDFF_PP0_/D
265	0.1022	mI_axi_bid[J]	axi_crossbar_inst.axi_crossbar_wr_inst.s_ifaces[I].reg_inst.genblkJ.genblkK.s_axi_bid_reg[L]	m03_axi_bid[6]	axi_crossbar_inst.axi_crossbar_wr_inst.s_ifaces[6].reg_inst.genblk3.genblk1.s_axi_bid_reg[6]$_DFFE_PP_/D
266	0.1023	rst	axi_crossbar_inst.axi_crossbar_wr_inst.s_ifaces[I].reg_inst.genblkJ.genblkK.m_axi_bready_reg	rst	axi_crossbar_inst.axi_crossbar_wr_inst.s_ifaces[0].reg_inst.genblk3.genblk1.m_axi_bready_reg$_SDFF_PP0_/D
267	0.1025	rst	axi_crossbar_inst.axi_crossbar_rd_inst.s_ifaces[I].addr_inst.s_axi_aready_reg	rst	axi_crossbar_inst.axi_crossbar_rd_inst.s_ifaces[1].addr_inst.s_axi_aready_reg$_SDFF_PP0_/D
268	0.1029	rst	axi_crossbar_inst.axi_crossbar_rd_inst.m_ifaces[I].reg_inst.genblkJ.genblkK.s_axi_arready_reg	rst	axi_crossbar_inst.axi_crossbar_rd_inst.m_ifaces[1].reg_inst.genblk1.genblk1.s_axi_arready_reg$_SDFF_PP0_/D
269	0.1029	rst	axi_crossbar_inst.axi_crossbar_wr_inst.s_ifaces[I].addr_inst.m_axi_avalid_reg	rst	axi_crossbar_inst.axi_crossbar_wr_inst.s_ifaces[3].addr_inst.m_axi_avalid_reg$_SDFF_PP0_/D
270	0.1040	axi_crossbar_inst.axi_crossbar_rd_inst.s_ifaces[I].r_arb_inst.grant_valid_reg	axi_crossbar_inst.axi_crossbar_rd_inst.m_ifaces[I].a_arb_inst.grant_encoded_reg[J]	axi_crossbar_inst.axi_crossbar_rd_inst.s_ifaces[2].r_arb_inst.grant_valid_reg$_SDFFE_PP0P_/Q	axi_crossbar_inst.axi_crossbar_rd_inst.m_ifaces[2].a_arb_inst.grant_encoded_reg[2]$_SDFFE_PP0P_/D
271	0.1043	sI_axi_awaddr[J]	axi_crossbar_inst.axi_crossbar_wr_inst.s_ifaces[I].addr_inst.match_reg	s05_axi_awaddr[28]	axi_crossbar_inst.axi_crossbar_wr_inst.s_ifaces[5].addr_inst.match_reg$_SDFFCE_PP1P_/D
272	0.1043	sI_axi_araddr[J]	axi_crossbar_inst.axi_crossbar_rd_inst.s_ifaces[I].addr_inst.match_reg	s04_axi_araddr[30]	axi_crossbar_inst.axi_crossbar_rd_inst.s_ifaces[4].addr_inst.match_reg$_SDFFCE_PP1P_/D
273	0.1044	sI_axi_wlast	axi_crossbar_inst.axi_crossbar_wr_inst.m_ifaces[I].reg_inst.genblkJ.temp_m_axi_wlast_reg	s05_axi_wlast	axi_crossbar_inst.axi_crossbar_wr_inst.m_ifaces[1].reg_inst.genblk2.temp_m_axi_wlast_reg$_DFFE_PP_/D
274	0.1056	axi_crossbar_inst.axi_crossbar_wr_inst.s_ifaces[I].addr_inst.state_reg[J]	axi_crossbar_inst.axi_crossbar_wr_inst.s_ifaces[I].addr_inst.trans_count_reg[J]	axi_crossbar_inst.axi_crossbar_wr_inst.s_ifaces[3].addr_inst.state_reg[0]$_SDFF_PP0_/Q	axi_crossbar_inst.axi_crossbar_wr_inst.s_ifaces[3].addr_inst.trans_count_reg[4]$_SDFFE_PP0P_/D
275	0.1064	axi_crossbar_inst.axi_crossbar_rd_inst.s_ifaces[I].r_arb_inst.grant_encoded_reg[J]	axi_crossbar_inst.axi_crossbar_rd_inst.s_ifaces[I].r_arb_inst.grant_valid_reg	axi_crossbar_inst.axi_crossbar_rd_inst.s_ifaces[4].r_arb_inst.grant_encoded_reg[1]$_SDFFE_PP0P_/Q	axi_crossbar_inst.axi_crossbar_rd_inst.s_ifaces[4].r_arb_inst.grant_valid_reg$_SDFFE_PP0P_/D
276	0.1072	axi_crossbar_inst.axi_crossbar_wr_inst.m_ifaces[I].a_arb_inst.grant_valid_reg	axi_crossbar_inst.axi_crossbar_wr_inst.s_ifaces[I].addr_inst.s_axi_aready_reg	axi_crossbar_inst.axi_crossbar_wr_inst.m_ifaces[5].a_arb_inst.grant_valid_reg$_SDFFE_PP0P_/Q	axi_crossbar_inst.axi_crossbar_wr_inst.s_ifaces[2].addr_inst.s_axi_aready_reg$_SDFF_PP0_/D
277	0.1078	axi_crossbar_inst.axi_crossbar_wr_inst.s_ifaces[I].addr_inst.m_select_reg[J]	axi_crossbar_inst.axi_crossbar_wr_inst.s_ifaces[I].addr_inst.thread_id_reg[J][K]	axi_crossbar_inst.axi_crossbar_wr_inst.s_ifaces[2].addr_inst.m_select_reg[1]$_SDFFCE_PP1P_/Q	axi_crossbar_inst.axi_crossbar_wr_inst.s_ifaces[2].addr_inst.thread_id_reg[1][0]$_DFFE_PP_/D
278	0.1078	axi_crossbar_inst.axi_crossbar_wr_inst.s_ifaces[I].addr_inst.m_select_reg[J]	axi_crossbar_inst.axi_crossbar_wr_inst.s_ifaces[I].addr_inst.thread_m_reg[J][K]	axi_crossbar_inst.axi_crossbar_wr_inst.s_ifaces[2].addr_inst.m_select_reg[1]$_SDFFCE_PP1P_/Q	axi_crossbar_inst.axi_crossbar_wr_inst.s_ifaces[2].addr_inst.thread_m_reg[1][0]$_DFFE_PP_/D
279	0.1081	mI_axi_rresp[J]	axi_crossbar_inst.axi_crossbar_rd_inst.s_ifaces[I].reg_inst.genblkJ.temp_s_axi_rresp_reg[K]	m03_axi_rresp[0]	axi_crossbar_inst.axi_crossbar_rd_inst.s_ifaces[3].reg_inst.genblk2.temp_s_axi_rresp_reg[0]$_DFFE_PP_/D
280	0.1092	axi_crossbar_inst.axi_crossbar_rd_inst.s_ifaces[I].addr_inst.m_axi_avalid_reg	axi_crossbar_inst.axi_crossbar_rd_inst.m_ifaces[I].a_arb_inst.grant_reg[J]	axi_crossbar_inst.axi_crossbar_rd_inst.s_ifaces[3].addr_inst.m_axi_avalid_reg$_SDFF_PP0_/Q	axi_crossbar_inst.axi_crossbar_rd_inst.m_ifaces[1].a_arb_inst.grant_reg[3]$_SDFFE_PP0P_/D
281	0.1102	axi_crossbar_inst.axi_crossbar_wr_inst.s_ifaces[I].addr_inst.m_select_reg[J]	axi_crossbar_inst.axi_crossbar_wr_inst.m_ifaces[I].a_arb_inst.grant_encoded_reg[J]	axi_crossbar_inst.axi_crossbar_wr_inst.s_ifaces[2].addr_inst.m_select_reg[2]$_SDFFCE_PP1P_/Q	axi_crossbar_inst.axi_crossbar_wr_inst.m_ifaces[6].a_arb_inst.grant_encoded_reg[2]$_SDFFE_PP0P_/D
282	0.1103	axi_crossbar_inst.axi_crossbar_rd_inst.s_ifaces[I].reg_inst.genblkJ.m_axi_rready_reg	axi_crossbar_inst.axi_crossbar_rd_inst.m_ifaces[I].a_arb_inst.grant_encoded_reg[J]	axi_crossbar_inst.axi_crossbar_rd_inst.s_ifaces[4].reg_inst.genblk2.m_axi_rready_reg$_SDFF_PP0_/Q	axi_crossbar_inst.axi_crossbar_rd_inst.m_ifaces[6].a_arb_inst.grant_encoded_reg[2]$_SDFFE_PP0P_/D
283	0.1109	mI_axi_rdata[J]	axi_crossbar_inst.axi_crossbar_rd_inst.s_ifaces[I].reg_inst.genblkJ.s_axi_rdata_reg[K]	m07_axi_rdata[10]	axi_crossbar_inst.axi_crossbar_rd_inst.s_ifaces[0].reg_inst.genblk2.s_axi_rdata_reg[10]$_DFFE_PP_/D
284	0.1110	axi_crossbar_inst.axi_crossbar_wr_inst.s_ifaces[I].addr_inst.match_reg	axi_crossbar_inst.axi_crossbar_wr_inst.s_ifaces[I].addr_inst.thread_count_reg[J][K]	axi_crossbar_inst.axi_crossbar_wr_inst.s_ifaces[7].addr_inst.match_reg$_SDFFCE_PP1P_/Q	axi_crossbar_inst.axi_crossbar_wr_inst.s_ifaces[7].addr_inst.thread_count_reg[0][4]$_SDFFE_PP0P_/D
285	0.1111	mI_axi_rvalid	axi_crossbar_inst.axi_crossbar_rd_inst.m_ifaces[I].a_arb_inst.grant_valid_reg	m02_axi_rvalid	axi_crossbar_inst.axi_crossbar_rd_inst.m_ifaces[2].a_arb_inst.grant_valid_reg$_SDFFE_PP0P_/D
286	0.1115	axi_crossbar_inst.axi_crossbar_wr_inst.s_ifaces[I].decerr_m_axi_bvalid_reg	axi_crossbar_inst.axi_crossbar_wr_inst.s_ifaces[I].addr_inst.thread_id_reg[J][K]	axi_crossbar_inst.axi_crossbar_wr_inst.s_ifaces[4].decerr_m_axi_bvalid_reg$_SDFF_PP0_/Q	axi_crossbar_inst.axi_crossbar_wr_inst.s_ifaces[4].addr_inst.thread_id_reg[1][0]$_DFFE_PP_/D
287	0.1115	axi_crossbar_inst.axi_crossbar_wr_inst.s_ifaces[I].decerr_m_axi_bvalid_reg	axi_crossbar_inst.axi_crossbar_wr_inst.s_ifaces[I].addr_inst.thread_m_reg[J][K]	axi_crossbar_inst.axi_crossbar_wr_inst.s_ifaces[4].decerr_m_axi_bvalid_reg$_SDFF_PP0_/Q	axi_crossbar_inst.axi_crossbar_wr_inst.s_ifaces[4].addr_inst.thread_m_reg[1][0]$_DFFE_PP_/D
288	0.1123	rst	axi_crossbar_inst.axi_crossbar_wr_inst.m_ifaces[I].reg_inst.genblkJ.m_axi_wvalid_reg	rst	axi_crossbar_inst.axi_crossbar_wr_inst.m_ifaces[7].reg_inst.genblk2.m_axi_wvalid_reg$_SDFFE_PP0P_/D
289	0.1125	axi_crossbar_inst.axi_crossbar_rd_inst.s_ifaces[I].addr_inst.m_axi_avalid_reg	axi_crossbar_inst.axi_crossbar_rd_inst.m_ifaces[I].a_arb_inst.grant_encoded_reg[J]	axi_crossbar_inst.axi_crossbar_rd_inst.s_ifaces[5].addr_inst.m_axi_avalid_reg$_SDFF_PP0_/Q	axi_crossbar_inst.axi_crossbar_rd_inst.m_ifaces[1].a_arb_inst.grant_encoded_reg[0]$_SDFFE_PP0P_/D
290	0.1139	axi_crossbar_inst.axi_crossbar_rd_inst.s_ifaces[I].r_arb_inst.grant_encoded_reg[J]	axi_crossbar_inst.axi_crossbar_rd_inst.s_ifaces[I].reg_inst.genblkJ.s_axi_rid_reg[K]	axi_crossbar_inst.axi_crossbar_rd_inst.s_ifaces[1].r_arb_inst.grant_encoded_reg[1]$_SDFFE_PP0P_/Q	axi_crossbar_inst.axi_crossbar_rd_inst.s_ifaces[1].reg_inst.genblk2.s_axi_rid_reg[1]$_DFFE_PP_/D
291	0.1139	axi_crossbar_inst.axi_crossbar_rd_inst.s_ifaces[I].addr_inst.m_select_reg[J]	axi_crossbar_inst.axi_crossbar_rd_inst.m_ifaces[I].a_arb_inst.grant_encoded_reg[J]	axi_crossbar_inst.axi_crossbar_rd_inst.s_ifaces[1].addr_inst.m_select_reg[0]$_SDFFCE_PP1P_/Q	axi_crossbar_inst.axi_crossbar_rd_inst.m_ifaces[2].a_arb_inst.grant_encoded_reg[2]$_SDFFE_PP0P_/D
292	0.1153	axi_crossbar_inst.axi_crossbar_rd_inst.s_ifaces[I].addr_inst.state_reg[J]	axi_crossbar_inst.axi_crossbar_rd_inst.s_ifaces[I].addr_inst.trans_count_reg[J]	axi_crossbar_inst.axi_crossbar_rd_inst.s_ifaces[1].addr_inst.state_reg[0]$_SDFF_PP0_/Q	axi_crossbar_inst.axi_crossbar_rd_inst.s_ifaces[1].addr_inst.trans_count_reg[4]$_SDFFE_PP0P_/D
293	0.1155	axi_crossbar_inst.axi_crossbar_wr_inst.s_ifaces[I].addr_inst.m_axi_avalid_reg	axi_crossbar_inst.axi_crossbar_wr_inst.m_ifaces[I].a_arb_inst.grant_encoded_reg[J]	axi_crossbar_inst.axi_crossbar_wr_inst.s_ifaces[4].addr_inst.m_axi_avalid_reg$_SDFF_PP0_/Q	axi_crossbar_inst.axi_crossbar_wr_inst.m_ifaces[3].a_arb_inst.grant_encoded_reg[1]$_SDFFE_PP0P_/D
294	0.1158	rst	axi_crossbar_inst.axi_crossbar_wr_inst.s_ifaces[I].addr_inst.match_reg	rst	axi_crossbar_inst.axi_crossbar_wr_inst.s_ifaces[3].addr_inst.match_reg$_SDFFCE_PP1P_/D
295	0.1160	rst	axi_crossbar_inst.axi_crossbar_rd_inst.s_ifaces[I].r_arb_inst.grant_valid_reg	rst	axi_crossbar_inst.axi_crossbar_rd_inst.s_ifaces[0].r_arb_inst.grant_valid_reg$_SDFFE_PP0P_/D
296	0.1162	rst	axi_crossbar_inst.axi_crossbar_wr_inst.s_ifaces[I].reg_inst.genblkJ.genblkK.s_axi_bvalid_reg	rst	axi_crossbar_inst.axi_crossbar_wr_inst.s_ifaces[0].reg_inst.genblk3.genblk1.s_axi_bvalid_reg$_SDFF_PP0_/D
297	0.1163	axi_crossbar_inst.axi_crossbar_wr_inst.s_ifaces[I].b_arb_inst.grant_encoded_reg[J]	axi_crossbar_inst.axi_crossbar_wr_inst.s_ifaces[I].reg_inst.genblkJ.genblkK.s_axi_bresp_reg[L]	axi_crossbar_inst.axi_crossbar_wr_inst.s_ifaces[1].b_arb_inst.grant_encoded_reg[1]$_SDFFE_PP0P_/Q	axi_crossbar_inst.axi_crossbar_wr_inst.s_ifaces[1].reg_inst.genblk3.genblk1.s_axi_bresp_reg[1]$_DFFE_PP_/D
298	0.1169	sI_axi_wdata[J]	axi_crossbar_inst.axi_crossbar_wr_inst.m_ifaces[I].reg_inst.genblkJ.temp_m_axi_wdata_reg[K]	s03_axi_wdata[1]	axi_crossbar_inst.axi_crossbar_wr_inst.m_ifaces[6].reg_inst.genblk2.temp_m_axi_wdata_reg[1]$_DFFE_PP_/D
299	0.1169	sI_axi_arlen[J]	axi_crossbar_inst.axi_crossbar_rd_inst.m_ifaces[I].reg_inst.genblkJ.genblkK.m_axi_arlen_reg[L]	s03_axi_arlen[1]	axi_crossbar_inst.axi_crossbar_rd_inst.m_ifaces[0].reg_inst.genblk1.genblk1.m_axi_arlen_reg[1]$_DFFE_PP_/D
300	0.1169	sI_axi_wstrb[J]	axi_crossbar_inst.axi_crossbar_wr_inst.m_ifaces[I].reg_inst.genblkJ.temp_m_axi_wstrb_reg[K]	s03_axi_wstrb[0]	axi_crossbar_inst.axi_crossbar_wr_inst.m_ifaces[6].reg_inst.genblk2.temp_m_axi_wstrb_reg[0]$_DFFE_PP_/D
301	0.1176	rst	axi_crossbar_inst.axi_crossbar_rd_inst.m_ifaces[I].a_arb_inst.grant_encoded_reg[J]	rst	axi_crossbar_inst.axi_crossbar_rd_inst.m_ifaces[0].a_arb_inst.grant_encoded_reg[2]$_SDFFE_PP0P_/D
302	0.1176	rst	axi_crossbar_inst.axi_crossbar_rd_inst.m_ifaces[I].a_arb_inst.grant_valid_reg	rst	axi_crossbar_inst.axi_crossbar_rd_inst.m_ifaces[1].a_arb_inst.grant_valid_reg$_SDFFE_PP0P_/D
303	0.1176	rst	axi_crossbar_inst.axi_crossbar_rd_inst.m_ifaces[I].reg_inst.genblkJ.genblkK.m_axi_arvalid_reg	rst	axi_crossbar_inst.axi_crossbar_rd_inst.m_ifaces[1].reg_inst.genblk1.genblk1.m_axi_arvalid_reg$_SDFF_PP0_/D
304	0.1176	rst	axi_crossbar_inst.axi_crossbar_rd_inst.s_ifaces[I].addr_inst.m_rc_valid_reg	rst	axi_crossbar_inst.axi_crossbar_rd_inst.s_ifaces[2].addr_inst.m_rc_valid_reg$_SDFF_PP0_/D
305	0.1176	rst	axi_crossbar_inst.axi_crossbar_rd_inst.s_ifaces[I].reg_inst.genblkJ.m_axi_rready_reg	rst	axi_crossbar_inst.axi_crossbar_rd_inst.s_ifaces[2].reg_inst.genblk2.m_axi_rready_reg$_SDFF_PP0_/D
306	0.1176	rst	axi_crossbar_inst.axi_crossbar_rd_inst.s_ifaces[I].reg_inst.genblkJ.temp_s_axi_rvalid_reg	rst	axi_crossbar_inst.axi_crossbar_rd_inst.s_ifaces[2].reg_inst.genblk2.temp_s_axi_rvalid_reg$_SDFFE_PP0P_/D
307	0.1176	rst	axi_crossbar_inst.axi_crossbar_rd_inst.s_ifaces[I].r_arb_inst.grant_encoded_reg[J]	rst	axi_crossbar_inst.axi_crossbar_rd_inst.s_ifaces[4].r_arb_inst.grant_encoded_reg[3]$_SDFFE_PP0P_/D
308	0.1176	rst	axi_crossbar_inst.axi_crossbar_rd_inst.s_ifaces[I].r_arb_inst.grant_reg[J]	rst	axi_crossbar_inst.axi_crossbar_rd_inst.s_ifaces[4].r_arb_inst.grant_reg[8]$_SDFFE_PP0P_/D
309	0.1176	rst	axi_crossbar_inst.axi_crossbar_wr_inst.m_ifaces[I].reg_inst.genblkJ.s_axi_wready_reg	rst	axi_crossbar_inst.axi_crossbar_wr_inst.m_ifaces[0].reg_inst.genblk2.s_axi_wready_reg$_SDFF_PP0_/D
310	0.1176	rst	axi_crossbar_inst.axi_crossbar_wr_inst.m_ifaces[I].a_arb_inst.grant_encoded_reg[J]	rst	axi_crossbar_inst.axi_crossbar_wr_inst.m_ifaces[1].a_arb_inst.grant_encoded_reg[2]$_SDFFE_PP0P_/D
311	0.1176	rst	axi_crossbar_inst.axi_crossbar_wr_inst.m_ifaces[I].reg_inst.genblkJ.genblkK.m_axi_awvalid_reg	rst	axi_crossbar_inst.axi_crossbar_wr_inst.m_ifaces[3].reg_inst.genblk1.genblk1.m_axi_awvalid_reg$_SDFF_PP0_/D
312	0.1176	rst	axi_crossbar_inst.axi_crossbar_wr_inst.s_ifaces[I].w_select_valid_reg	rst	axi_crossbar_inst.axi_crossbar_wr_inst.s_ifaces[0].w_select_valid_reg$_SDFF_PP0_/D
313	0.1176	rst	axi_crossbar_inst.axi_crossbar_wr_inst.s_ifaces[I].addr_inst.m_rc_valid_reg	rst	axi_crossbar_inst.axi_crossbar_wr_inst.s_ifaces[1].addr_inst.m_rc_valid_reg$_SDFF_PP0_/D
314	0.1176	rst	axi_crossbar_inst.axi_crossbar_wr_inst.s_ifaces[I].addr_inst.m_wc_valid_reg	rst	axi_crossbar_inst.axi_crossbar_wr_inst.s_ifaces[1].addr_inst.m_wc_valid_reg$_SDFF_PP0_/D
315	0.1176	rst	axi_crossbar_inst.axi_crossbar_wr_inst.s_ifaces[I].b_arb_inst.grant_encoded_reg[J]	rst	axi_crossbar_inst.axi_crossbar_wr_inst.s_ifaces[1].b_arb_inst.grant_encoded_reg[3]$_SDFFE_PP0P_/D
316	0.1176	rst	axi_crossbar_inst.axi_crossbar_wr_inst.s_ifaces[I].b_arb_inst.grant_reg[J]	rst	axi_crossbar_inst.axi_crossbar_wr_inst.s_ifaces[1].b_arb_inst.grant_reg[8]$_SDFFE_PP0P_/D
317	0.1176	rst	axi_crossbar_inst.axi_crossbar_wr_inst.s_ifaces[I].b_arb_inst.grant_valid_reg	rst	axi_crossbar_inst.axi_crossbar_wr_inst.s_ifaces[1].b_arb_inst.grant_valid_reg$_SDFFE_PP0P_/D
318	0.1177	mI_axi_wready	axi_crossbar_inst.axi_crossbar_wr_inst.m_ifaces[I].reg_inst.genblkJ.m_axi_wdata_reg[K]	m01_axi_wready	axi_crossbar_inst.axi_crossbar_wr_inst.m_ifaces[1].reg_inst.genblk2.m_axi_wdata_reg[10]$_DFFE_PP_/D
319	0.1179	rst	axi_crossbar_inst.axi_crossbar_rd_inst.s_ifaces[I].addr_inst.match_reg	rst	axi_crossbar_inst.axi_crossbar_rd_inst.s_ifaces[0].addr_inst.match_reg$_SDFFCE_PP1P_/D
320	0.1181	rst	axi_crossbar_inst.axi_crossbar_wr_inst.m_ifaces[I].a_arb_inst.grant_valid_reg	rst	axi_crossbar_inst.axi_crossbar_wr_inst.m_ifaces[7].a_arb_inst.grant_valid_reg$_SDFFE_PP0P_/D
321	0.1181	axi_crossbar_inst.axi_crossbar_wr_inst.s_ifaces[I].b_arb_inst.grant_encoded_reg[J]	axi_crossbar_inst.axi_crossbar_wr_inst.s_ifaces[I].addr_inst.m_rc_valid_reg	axi_crossbar_inst.axi_crossbar_wr_inst.s_ifaces[1].b_arb_inst.grant_encoded_reg[1]$_SDFFE_PP0P_/Q	axi_crossbar_inst.axi_crossbar_wr_inst.s_ifaces[1].addr_inst.m_rc_valid_reg$_SDFF_PP0_/D
322	0.1194	mI_axi_wready	axi_crossbar_inst.axi_crossbar_wr_inst.m_ifaces[I].reg_inst.genblkJ.temp_m_axi_wdata_reg[K]	m01_axi_wready	axi_crossbar_inst.axi_crossbar_wr_inst.m_ifaces[1].reg_inst.genblk2.temp_m_axi_wdata_reg[10]$_DFFE_PP_/D
323	0.1194	sI_axi_araddr[J]	axi_crossbar_inst.axi_crossbar_rd_inst.m_ifaces[I].reg_inst.genblkJ.genblkK.m_axi_araddr_reg[L]	s03_axi_araddr[28]	axi_crossbar_inst.axi_crossbar_rd_inst.m_ifaces[0].reg_inst.genblk1.genblk1.m_axi_araddr_reg[28]$_DFFE_PP_/D
324	0.1194	sI_axi_awaddr[J]	axi_crossbar_inst.axi_crossbar_wr_inst.m_ifaces[I].reg_inst.genblkJ.genblkK.m_axi_awaddr_reg[L]	s03_axi_awaddr[29]	axi_crossbar_inst.axi_crossbar_wr_inst.m_ifaces[0].reg_inst.genblk1.genblk1.m_axi_awaddr_reg[29]$_DFFE_PP_/D
325	0.1196	rst	axi_crossbar_inst.axi_crossbar_wr_inst.m_ifaces[I].reg_inst.genblkJ.temp_m_axi_wvalid_reg	rst	axi_crossbar_inst.axi_crossbar_wr_inst.m_ifaces[6].reg_inst.genblk2.temp_m_axi_wvalid_reg$_SDFFE_PP0P_/D
326	0.1196	rst	axi_crossbar_inst.axi_crossbar_rd_inst.s_ifaces[I].addr_inst.thread_count_reg[J][K]	rst	axi_crossbar_inst.axi_crossbar_rd_inst.s_ifaces[2].addr_inst.thread_count_reg[0][3]$_SDFFE_PP0P_/D
327	0.1196	rst	axi_crossbar_inst.axi_crossbar_rd_inst.s_ifaces[I].addr_inst.trans_count_reg[J]	rst	axi_crossbar_inst.axi_crossbar_rd_inst.s_ifaces[2].addr_inst.trans_count_reg[3]$_SDFFE_PP0P_/D
328	0.1196	rst	axi_crossbar_inst.axi_crossbar_wr_inst.s_ifaces[I].addr_inst.trans_count_reg[J]	rst	axi_crossbar_inst.axi_crossbar_wr_inst.s_ifaces[1].addr_inst.trans_count_reg[3]$_SDFFE_PP0P_/D
329	0.1216	mI_axi_wready	axi_crossbar_inst.axi_crossbar_wr_inst.m_ifaces[I].reg_inst.genblkJ.temp_m_axi_wstrb_reg[K]	m00_axi_wready	axi_crossbar_inst.axi_crossbar_wr_inst.m_ifaces[0].reg_inst.genblk2.temp_m_axi_wstrb_reg[0]$_DFFE_PP_/D
330	0.1218	sI_axi_arqos[J]	axi_crossbar_inst.axi_crossbar_rd_inst.m_ifaces[I].reg_inst.genblkJ.genblkK.m_axi_arqos_reg[L]	s03_axi_arqos[3]	axi_crossbar_inst.axi_crossbar_rd_inst.m_ifaces[3].reg_inst.genblk1.genblk1.m_axi_arqos_reg[3]$_DFFE_PP_/D
331	0.1218	sI_axi_awsize[J]	axi_crossbar_inst.axi_crossbar_wr_inst.m_ifaces[I].reg_inst.genblkJ.genblkK.m_axi_awsize_reg[L]	s03_axi_awsize[0]	axi_crossbar_inst.axi_crossbar_wr_inst.m_ifaces[1].reg_inst.genblk1.genblk1.m_axi_awsize_reg[0]$_DFFE_PP_/D
332	0.1219	sI_axi_awburst[J]	axi_crossbar_inst.axi_crossbar_wr_inst.m_ifaces[I].reg_inst.genblkJ.genblkK.m_axi_awburst_reg[L]	s03_axi_awburst[0]	axi_crossbar_inst.axi_crossbar_wr_inst.m_ifaces[1].reg_inst.genblk1.genblk1.m_axi_awburst_reg[0]$_DFFE_PP_/D
333	0.1219	sI_axi_awcache[J]	axi_crossbar_inst.axi_crossbar_wr_inst.m_ifaces[I].reg_inst.genblkJ.genblkK.m_axi_awcache_reg[L]	s03_axi_awcache[0]	axi_crossbar_inst.axi_crossbar_wr_inst.m_ifaces[1].reg_inst.genblk1.genblk1.m_axi_awcache_reg[0]$_DFFE_PP_/D
334	0.1219	sI_axi_awprot[J]	axi_crossbar_inst.axi_crossbar_wr_inst.m_ifaces[I].reg_inst.genblkJ.genblkK.m_axi_awprot_reg[L]	s03_axi_awprot[0]	axi_crossbar_inst.axi_crossbar_wr_inst.m_ifaces[1].reg_inst.genblk1.genblk1.m_axi_awprot_reg[0]$_DFFE_PP_/D
335	0.1219	sI_axi_awqos[J]	axi_crossbar_inst.axi_crossbar_wr_inst.m_ifaces[I].reg_inst.genblkJ.genblkK.m_axi_awqos_reg[L]	s03_axi_awqos[1]	axi_crossbar_inst.axi_crossbar_wr_inst.m_ifaces[1].reg_inst.genblk1.genblk1.m_axi_awqos_reg[1]$_DFFE_PP_/D
336	0.1219	sI_axi_arburst[J]	axi_crossbar_inst.axi_crossbar_rd_inst.m_ifaces[I].reg_inst.genblkJ.genblkK.m_axi_arburst_reg[L]	s07_axi_arburst[0]	axi_crossbar_inst.axi_crossbar_rd_inst.m_ifaces[1].reg_inst.genblk1.genblk1.m_axi_arburst_reg[0]$_DFFE_PP_/D
337	0.1219	sI_axi_arcache[J]	axi_crossbar_inst.axi_crossbar_rd_inst.m_ifaces[I].reg_inst.genblkJ.genblkK.m_axi_arcache_reg[L]	s07_axi_arcache[0]	axi_crossbar_inst.axi_crossbar_rd_inst.m_ifaces[1].reg_inst.genblk1.genblk1.m_axi_arcache_reg[0]$_DFFE_PP_/D
338	0.1219	sI_axi_arprot[J]	axi_crossbar_inst.axi_crossbar_rd_inst.m_ifaces[I].reg_inst.genblkJ.genblkK.m_axi_arprot_reg[L]	s07_axi_arprot[0]	axi_crossbar_inst.axi_crossbar_rd_inst.m_ifaces[1].reg_inst.genblk1.genblk1.m_axi_arprot_reg[0]$_DFFE_PP_/D
339	0.1219	sI_axi_arsize[J]	axi_crossbar_inst.axi_crossbar_rd_inst.m_ifaces[I].reg_inst.genblkJ.genblkK.m_axi_arsize_reg[L]	s07_axi_arsize[0]	axi_crossbar_inst.axi_crossbar_rd_inst.m_ifaces[1].reg_inst.genblk1.genblk1.m_axi_arsize_reg[0]$_DFFE_PP_/D
340	0.1219	sI_axi_awlen[J]	axi_crossbar_inst.axi_crossbar_wr_inst.m_ifaces[I].reg_inst.genblkJ.genblkK.m_axi_awlen_reg[L]	s07_axi_awlen[0]	axi_crossbar_inst.axi_crossbar_wr_inst.m_ifaces[5].reg_inst.genblk1.genblk1.m_axi_awlen_reg[0]$_DFFE_PP_/D
341	0.1220	sI_axi_arlock	axi_crossbar_inst.axi_crossbar_rd_inst.m_ifaces[I].reg_inst.genblkJ.genblkK.m_axi_arlock_reg	s07_axi_arlock	axi_crossbar_inst.axi_crossbar_rd_inst.m_ifaces[1].reg_inst.genblk1.genblk1.m_axi_arlock_reg$_DFFE_PP_/D
342	0.1220	sI_axi_awlock	axi_crossbar_inst.axi_crossbar_wr_inst.m_ifaces[I].reg_inst.genblkJ.genblkK.m_axi_awlock_reg	s07_axi_awlock	axi_crossbar_inst.axi_crossbar_wr_inst.m_ifaces[5].reg_inst.genblk1.genblk1.m_axi_awlock_reg$_DFFE_PP_/D
343	0.1221	axi_crossbar_inst.axi_crossbar_wr_inst.m_ifaces[I].a_arb_inst.grant_encoded_reg[J]	axi_crossbar_inst.axi_crossbar_wr_inst.s_ifaces[I].addr_inst.state_reg[J]	axi_crossbar_inst.axi_crossbar_wr_inst.m_ifaces[0].a_arb_inst.grant_encoded_reg[1]$_SDFFE_PP0P_/Q	axi_crossbar_inst.axi_crossbar_wr_inst.s_ifaces[2].addr_inst.state_reg[1]$_SDFF_PP0_/D
344	0.1224	mI_axi_rlast	axi_crossbar_inst.axi_crossbar_rd_inst.m_ifaces[I].a_arb_inst.grant_valid_reg	m02_axi_rlast	axi_crossbar_inst.axi_crossbar_rd_inst.m_ifaces[2].a_arb_inst.grant_valid_reg$_SDFFE_PP0P_/D
345	0.1225	axi_crossbar_inst.axi_crossbar_wr_inst.m_ifaces[I].w_select_reg[J]	axi_crossbar_inst.axi_crossbar_wr_inst.m_ifaces[I].reg_inst.genblkJ.temp_m_axi_wdata_reg[K]	axi_crossbar_inst.axi_crossbar_wr_inst.m_ifaces[2].w_select_reg[1]$_DFFE_PP_/Q	axi_crossbar_inst.axi_crossbar_wr_inst.m_ifaces[2].reg_inst.genblk2.temp_m_axi_wdata_reg[10]$_DFFE_PP_/D
346	0.1226	axi_crossbar_inst.axi_crossbar_wr_inst.m_ifaces[I].w_select_reg[J]	axi_crossbar_inst.axi_crossbar_wr_inst.m_ifaces[I].reg_inst.genblkJ.temp_m_axi_wstrb_reg[K]	axi_crossbar_inst.axi_crossbar_wr_inst.m_ifaces[2].w_select_reg[1]$_DFFE_PP_/Q	axi_crossbar_inst.axi_crossbar_wr_inst.m_ifaces[2].reg_inst.genblk2.temp_m_axi_wstrb_reg[0]$_DFFE_PP_/D
347	0.1238	rst	axi_crossbar_inst.axi_crossbar_wr_inst.s_ifaces[I].addr_inst.thread_count_reg[J][K]	rst	axi_crossbar_inst.axi_crossbar_wr_inst.s_ifaces[0].addr_inst.thread_count_reg[0][3]$_SDFFE_PP0P_/D
348	0.1258	axi_crossbar_inst.axi_crossbar_wr_inst.s_ifaces[I].w_drop_reg	axi_crossbar_inst.axi_crossbar_wr_inst.m_ifaces[I].a_arb_inst.grant_encoded_reg[J]	axi_crossbar_inst.axi_crossbar_wr_inst.s_ifaces[1].w_drop_reg$_DFF_P_/QN	axi_crossbar_inst.axi_crossbar_wr_inst.m_ifaces[5].a_arb_inst.grant_encoded_reg[0]$_SDFFE_PP0P_/D
349	0.1259	rst	axi_crossbar_inst.axi_crossbar_rd_inst.s_ifaces[I].addr_inst.state_reg[J]	rst	axi_crossbar_inst.axi_crossbar_rd_inst.s_ifaces[7].addr_inst.state_reg[0]$_SDFF_PP0_/D
350	0.1259	rst	axi_crossbar_inst.axi_crossbar_wr_inst.s_ifaces[I].addr_inst.state_reg[J]	rst	axi_crossbar_inst.axi_crossbar_wr_inst.s_ifaces[3].addr_inst.state_reg[0]$_SDFF_PP0_/D
351	0.1268	rst	axi_crossbar_inst.axi_crossbar_rd_inst.m_ifaces[I].trans_count_reg[J]	rst	axi_crossbar_inst.axi_crossbar_rd_inst.m_ifaces[0].trans_count_reg[1]$_SDFFE_PP0P_/D
352	0.1268	rst	axi_crossbar_inst.axi_crossbar_wr_inst.m_ifaces[I].trans_count_reg[J]	rst	axi_crossbar_inst.axi_crossbar_wr_inst.m_ifaces[0].trans_count_reg[1]$_SDFFE_PP0P_/D
353	0.1274	sI_axi_arlen[J]	axi_crossbar_inst.axi_crossbar_rd_inst.s_ifaces[I].decerr_m_axi_rlast_reg	s01_axi_arlen[0]	axi_crossbar_inst.axi_crossbar_rd_inst.s_ifaces[1].decerr_m_axi_rlast_reg$_DFFE_PP_/D
354	0.1281	axi_crossbar_inst.axi_crossbar_wr_inst.s_ifaces[I].addr_inst.thread_id_reg[J][K]	axi_crossbar_inst.axi_crossbar_wr_inst.s_ifaces[I].addr_inst.m_decerr_reg	axi_crossbar_inst.axi_crossbar_wr_inst.s_ifaces[2].addr_inst.thread_id_reg[0][3]$_DFFE_PP_/Q	axi_crossbar_inst.axi_crossbar_wr_inst.s_ifaces[2].addr_inst.m_decerr_reg$_SDFFCE_PN1P_/D
355	0.1284	rst	axi_crossbar_inst.axi_crossbar_wr_inst.m_ifaces[I].w_select_new_reg	rst	axi_crossbar_inst.axi_crossbar_wr_inst.m_ifaces[0].w_select_new_reg$_SDFF_PP1_/D
356	0.1285	axi_crossbar_inst.axi_crossbar_wr_inst.s_ifaces[I].addr_inst.thread_id_reg[J][K]	axi_crossbar_inst.axi_crossbar_wr_inst.s_ifaces[I].addr_inst.state_reg[J]	axi_crossbar_inst.axi_crossbar_wr_inst.s_ifaces[2].addr_inst.thread_id_reg[0][3]$_DFFE_PP_/Q	axi_crossbar_inst.axi_crossbar_wr_inst.s_ifaces[2].addr_inst.state_reg[1]$_SDFF_PP0_/D
357	0.1291	axi_crossbar_inst.axi_crossbar_wr_inst.s_ifaces[I].b_arb_inst.grant_encoded_reg[J]	axi_crossbar_inst.axi_crossbar_wr_inst.s_ifaces[I].reg_inst.genblkJ.genblkK.s_axi_bid_reg[L]	axi_crossbar_inst.axi_crossbar_wr_inst.s_ifaces[7].b_arb_inst.grant_encoded_reg[1]$_SDFFE_PP0P_/Q	axi_crossbar_inst.axi_crossbar_wr_inst.s_ifaces[7].reg_inst.genblk3.genblk1.s_axi_bid_reg[4]$_DFFE_PP_/D
358	0.1292	rst	axi_crossbar_inst.axi_crossbar_wr_inst.s_ifaces[I].decerr_m_axi_bvalid_reg	rst	axi_crossbar_inst.axi_crossbar_wr_inst.s_ifaces[5].decerr_m_axi_bvalid_reg$_SDFF_PP0_/D
359	0.1294	rst	axi_crossbar_inst.axi_crossbar_rd_inst.s_ifaces[I].decerr_m_axi_rvalid_reg	rst	axi_crossbar_inst.axi_crossbar_rd_inst.s_ifaces[4].decerr_m_axi_rvalid_reg$_SDFF_PP0_/D
360	0.1298	sI_axi_rready	axi_crossbar_inst.axi_crossbar_rd_inst.s_ifaces[I].reg_inst.genblkJ.temp_s_axi_rresp_reg[K]	s05_axi_rready	axi_crossbar_inst.axi_crossbar_rd_inst.s_ifaces[5].reg_inst.genblk2.temp_s_axi_rresp_reg[0]$_DFFE_PP_/D
361	0.1300	axi_crossbar_inst.axi_crossbar_wr_inst.m_ifaces[I].a_arb_inst.grant_encoded_reg[J]	axi_crossbar_inst.axi_crossbar_wr_inst.s_ifaces[I].addr_inst.s_axi_aready_reg	axi_crossbar_inst.axi_crossbar_wr_inst.m_ifaces[0].a_arb_inst.grant_encoded_reg[1]$_SDFFE_PP0P_/Q	axi_crossbar_inst.axi_crossbar_wr_inst.s_ifaces[2].addr_inst.s_axi_aready_reg$_SDFF_PP0_/D
362	0.1301	axi_crossbar_inst.axi_crossbar_rd_inst.s_ifaces[I].addr_inst.thread_count_reg[J][K]	axi_crossbar_inst.axi_crossbar_rd_inst.s_ifaces[I].addr_inst.state_reg[J]	axi_crossbar_inst.axi_crossbar_rd_inst.s_ifaces[6].addr_inst.thread_count_reg[0][2]$_SDFFE_PP0P_/Q	axi_crossbar_inst.axi_crossbar_rd_inst.s_ifaces[6].addr_inst.state_reg[1]$_SDFF_PP0_/D
363	0.1304	axi_crossbar_inst.axi_crossbar_rd_inst.s_ifaces[I].r_arb_inst.grant_encoded_reg[J]	axi_crossbar_inst.axi_crossbar_rd_inst.s_ifaces[I].addr_inst.state_reg[J]	axi_crossbar_inst.axi_crossbar_rd_inst.s_ifaces[2].r_arb_inst.grant_encoded_reg[1]$_SDFFE_PP0P_/Q	axi_crossbar_inst.axi_crossbar_rd_inst.s_ifaces[2].addr_inst.state_reg[1]$_SDFF_PP0_/D
364	0.1309	axi_crossbar_inst.axi_crossbar_rd_inst.m_ifaces[I].a_arb_inst.grant_encoded_reg[J]	axi_crossbar_inst.axi_crossbar_rd_inst.m_ifaces[I].reg_inst.genblkJ.genblkK.m_axi_arburst_reg[L]	axi_crossbar_inst.axi_crossbar_rd_inst.m_ifaces[4].a_arb_inst.grant_encoded_reg[1]$_SDFFE_PP0P_/Q	axi_crossbar_inst.axi_crossbar_rd_inst.m_ifaces[4].reg_inst.genblk1.genblk1.m_axi_arburst_reg[0]$_DFFE_PP_/D
365	0.1309	axi_crossbar_inst.axi_crossbar_rd_inst.m_ifaces[I].a_arb_inst.grant_encoded_reg[J]	axi_crossbar_inst.axi_crossbar_rd_inst.m_ifaces[I].reg_inst.genblkJ.genblkK.m_axi_arcache_reg[L]	axi_crossbar_inst.axi_crossbar_rd_inst.m_ifaces[4].a_arb_inst.grant_encoded_reg[1]$_SDFFE_PP0P_/Q	axi_crossbar_inst.axi_crossbar_rd_inst.m_ifaces[4].reg_inst.genblk1.genblk1.m_axi_arcache_reg[0]$_DFFE_PP_/D
366	0.1309	axi_crossbar_inst.axi_crossbar_rd_inst.m_ifaces[I].a_arb_inst.grant_encoded_reg[J]	axi_crossbar_inst.axi_crossbar_rd_inst.m_ifaces[I].reg_inst.genblkJ.genblkK.m_axi_arsize_reg[L]	axi_crossbar_inst.axi_crossbar_rd_inst.m_ifaces[4].a_arb_inst.grant_encoded_reg[1]$_SDFFE_PP0P_/Q	axi_crossbar_inst.axi_crossbar_rd_inst.m_ifaces[4].reg_inst.genblk1.genblk1.m_axi_arsize_reg[1]$_DFFE_PP_/D
367	0.1309	axi_crossbar_inst.axi_crossbar_rd_inst.m_ifaces[I].a_arb_inst.grant_encoded_reg[J]	axi_crossbar_inst.axi_crossbar_rd_inst.m_ifaces[I].reg_inst.genblkJ.genblkK.m_axi_araddr_reg[L]	axi_crossbar_inst.axi_crossbar_rd_inst.m_ifaces[4].a_arb_inst.grant_encoded_reg[1]$_SDFFE_PP0P_/Q	axi_crossbar_inst.axi_crossbar_rd_inst.m_ifaces[4].reg_inst.genblk1.genblk1.m_axi_araddr_reg[24]$_DFFE_PP_/D
368	0.1309	axi_crossbar_inst.axi_crossbar_rd_inst.m_ifaces[I].a_arb_inst.grant_encoded_reg[J]	axi_crossbar_inst.axi_crossbar_rd_inst.m_ifaces[I].reg_inst.genblkJ.genblkK.m_axi_arlen_reg[L]	axi_crossbar_inst.axi_crossbar_rd_inst.m_ifaces[4].a_arb_inst.grant_encoded_reg[1]$_SDFFE_PP0P_/Q	axi_crossbar_inst.axi_crossbar_rd_inst.m_ifaces[4].reg_inst.genblk1.genblk1.m_axi_arlen_reg[0]$_DFFE_PP_/D
369	0.1314	axi_crossbar_inst.axi_crossbar_rd_inst.s_ifaces[I].r_arb_inst.mask_reg[J]	axi_crossbar_inst.axi_crossbar_rd_inst.s_ifaces[I].r_arb_inst.grant_reg[J]	axi_crossbar_inst.axi_crossbar_rd_inst.s_ifaces[2].r_arb_inst.mask_reg[1]$_SDFFE_PP0P_/Q	axi_crossbar_inst.axi_crossbar_rd_inst.s_ifaces[2].r_arb_inst.grant_reg[7]$_SDFFE_PP0P_/D
370	0.1323	axi_crossbar_inst.axi_crossbar_wr_inst.m_ifaces[I].a_arb_inst.grant_encoded_reg[J]	axi_crossbar_inst.axi_crossbar_wr_inst.m_ifaces[I].reg_inst.genblkJ.genblkK.m_axi_awaddr_reg[L]	axi_crossbar_inst.axi_crossbar_wr_inst.m_ifaces[3].a_arb_inst.grant_encoded_reg[1]$_SDFFE_PP0P_/Q	axi_crossbar_inst.axi_crossbar_wr_inst.m_ifaces[3].reg_inst.genblk1.genblk1.m_axi_awaddr_reg[10]$_DFFE_PP_/D
371	0.1324	axi_crossbar_inst.axi_crossbar_wr_inst.m_ifaces[I].a_arb_inst.grant_encoded_reg[J]	axi_crossbar_inst.axi_crossbar_wr_inst.m_ifaces[I].reg_inst.genblkJ.genblkK.m_axi_awid_reg[L]	axi_crossbar_inst.axi_crossbar_wr_inst.m_ifaces[3].a_arb_inst.grant_encoded_reg[1]$_SDFFE_PP0P_/Q	axi_crossbar_inst.axi_crossbar_wr_inst.m_ifaces[3].reg_inst.genblk1.genblk1.m_axi_awid_reg[0]$_DFFE_PP_/D
372	0.1330	axi_crossbar_inst.axi_crossbar_wr_inst.s_ifaces[I].b_arb_inst.grant_encoded_reg[J]	axi_crossbar_inst.axi_crossbar_wr_inst.s_ifaces[I].addr_inst.m_axi_avalid_reg	axi_crossbar_inst.axi_crossbar_wr_inst.s_ifaces[7].b_arb_inst.grant_encoded_reg[1]$_SDFFE_PP0P_/Q	axi_crossbar_inst.axi_crossbar_wr_inst.s_ifaces[7].addr_inst.m_axi_avalid_reg$_SDFF_PP0_/D
373	0.1331	axi_crossbar_inst.axi_crossbar_wr_inst.s_ifaces[I].b_arb_inst.grant_encoded_reg[J]	axi_crossbar_inst.axi_crossbar_wr_inst.s_ifaces[I].addr_inst.m_decerr_reg	axi_crossbar_inst.axi_crossbar_wr_inst.s_ifaces[1].b_arb_inst.grant_encoded_reg[1]$_SDFFE_PP0P_/Q	axi_crossbar_inst.axi_crossbar_wr_inst.s_ifaces[1].addr_inst.m_decerr_reg$_SDFFCE_PN1P_/D
374	0.1342	axi_crossbar_inst.axi_crossbar_rd_inst.s_ifaces[I].r_arb_inst.grant_encoded_reg[J]	axi_crossbar_inst.axi_crossbar_rd_inst.s_ifaces[I].reg_inst.genblkJ.temp_s_axi_rresp_reg[K]	axi_crossbar_inst.axi_crossbar_rd_inst.s_ifaces[7].r_arb_inst.grant_encoded_reg[1]$_SDFFE_PP0P_/Q	axi_crossbar_inst.axi_crossbar_rd_inst.s_ifaces[7].reg_inst.genblk2.temp_s_axi_rresp_reg[1]$_DFFE_PP_/D
375	0.1342	axi_crossbar_inst.axi_crossbar_wr_inst.s_ifaces[I].addr_inst.thread_id_reg[J][K]	axi_crossbar_inst.axi_crossbar_wr_inst.s_ifaces[I].addr_inst.m_axi_avalid_reg	axi_crossbar_inst.axi_crossbar_wr_inst.s_ifaces[2].addr_inst.thread_id_reg[0][3]$_DFFE_PP_/Q	axi_crossbar_inst.axi_crossbar_wr_inst.s_ifaces[2].addr_inst.m_axi_avalid_reg$_SDFF_PP0_/D
376	0.1344	mI_axi_bresp[J]	axi_crossbar_inst.axi_crossbar_wr_inst.s_ifaces[I].reg_inst.genblkJ.genblkK.s_axi_bresp_reg[L]	m05_axi_bresp[0]	axi_crossbar_inst.axi_crossbar_wr_inst.s_ifaces[4].reg_inst.genblk3.genblk1.s_axi_bresp_reg[0]$_DFFE_PP_/D
377	0.1354	axi_crossbar_inst.axi_crossbar_rd_inst.s_ifaces[I].addr_inst.m_select_reg[J]	axi_crossbar_inst.axi_crossbar_rd_inst.s_ifaces[I].addr_inst.thread_id_reg[J][K]	axi_crossbar_inst.axi_crossbar_rd_inst.s_ifaces[5].addr_inst.m_select_reg[2]$_SDFFCE_PP1P_/Q	axi_crossbar_inst.axi_crossbar_rd_inst.s_ifaces[5].addr_inst.thread_id_reg[1][0]$_DFFE_PP_/D
378	0.1354	axi_crossbar_inst.axi_crossbar_rd_inst.s_ifaces[I].addr_inst.m_select_reg[J]	axi_crossbar_inst.axi_crossbar_rd_inst.s_ifaces[I].addr_inst.thread_m_reg[J][K]	axi_crossbar_inst.axi_crossbar_rd_inst.s_ifaces[5].addr_inst.m_select_reg[2]$_SDFFCE_PP1P_/Q	axi_crossbar_inst.axi_crossbar_rd_inst.s_ifaces[5].addr_inst.thread_m_reg[1][0]$_DFFE_PP_/D
379	0.1358	axi_crossbar_inst.axi_crossbar_rd_inst.m_ifaces[I].a_arb_inst.grant_encoded_reg[J]	axi_crossbar_inst.axi_crossbar_rd_inst.m_ifaces[I].reg_inst.genblkJ.genblkK.m_axi_arprot_reg[L]	axi_crossbar_inst.axi_crossbar_rd_inst.m_ifaces[4].a_arb_inst.grant_encoded_reg[1]$_SDFFE_PP0P_/Q	axi_crossbar_inst.axi_crossbar_rd_inst.m_ifaces[4].reg_inst.genblk1.genblk1.m_axi_arprot_reg[0]$_DFFE_PP_/D
380	0.1358	axi_crossbar_inst.axi_crossbar_rd_inst.m_ifaces[I].a_arb_inst.grant_encoded_reg[J]	axi_crossbar_inst.axi_crossbar_rd_inst.m_ifaces[I].reg_inst.genblkJ.genblkK.m_axi_arqos_reg[L]	axi_crossbar_inst.axi_crossbar_rd_inst.m_ifaces[4].a_arb_inst.grant_encoded_reg[1]$_SDFFE_PP0P_/Q	axi_crossbar_inst.axi_crossbar_rd_inst.m_ifaces[4].reg_inst.genblk1.genblk1.m_axi_arqos_reg[0]$_DFFE_PP_/D
381	0.1358	axi_crossbar_inst.axi_crossbar_wr_inst.s_ifaces[I].b_arb_inst.mask_reg[J]	axi_crossbar_inst.axi_crossbar_wr_inst.s_ifaces[I].b_arb_inst.grant_reg[J]	axi_crossbar_inst.axi_crossbar_wr_inst.s_ifaces[6].b_arb_inst.mask_reg[6]$_SDFFE_PP0P_/Q	axi_crossbar_inst.axi_crossbar_wr_inst.s_ifaces[6].b_arb_inst.grant_reg[4]$_SDFFE_PP0P_/D
382	0.1371	axi_crossbar_inst.axi_crossbar_rd_inst.s_ifaces[I].r_arb_inst.grant_encoded_reg[J]	axi_crossbar_inst.axi_crossbar_rd_inst.s_ifaces[I].addr_inst.m_axi_avalid_reg	axi_crossbar_inst.axi_crossbar_rd_inst.s_ifaces[0].r_arb_inst.grant_encoded_reg[2]$_SDFFE_PP0P_/Q	axi_crossbar_inst.axi_crossbar_rd_inst.s_ifaces[0].addr_inst.m_axi_avalid_reg$_SDFF_PP0_/D
383	0.1381	axi_crossbar_inst.axi_crossbar_wr_inst.m_ifaces[I].a_arb_inst.mask_reg[J]	axi_crossbar_inst.axi_crossbar_wr_inst.m_ifaces[I].a_arb_inst.grant_reg[J]	axi_crossbar_inst.axi_crossbar_wr_inst.m_ifaces[6].a_arb_inst.mask_reg[4]$_SDFFE_PP0P_/Q	axi_crossbar_inst.axi_crossbar_wr_inst.m_ifaces[6].a_arb_inst.grant_reg[5]$_SDFFE_PP0P_/D
384	0.1382	axi_crossbar_inst.axi_crossbar_wr_inst.s_ifaces[I].addr_inst.thread_id_reg[J][K]	axi_crossbar_inst.axi_crossbar_wr_inst.s_ifaces[I].addr_inst.m_rc_valid_reg	axi_crossbar_inst.axi_crossbar_wr_inst.s_ifaces[2].addr_inst.thread_id_reg[0][3]$_DFFE_PP_/Q	axi_crossbar_inst.axi_crossbar_wr_inst.s_ifaces[2].addr_inst.m_rc_valid_reg$_SDFF_PP0_/D
385	0.1389	axi_crossbar_inst.axi_crossbar_wr_inst.s_ifaces[I].addr_inst.m_select_reg[J]	axi_crossbar_inst.axi_crossbar_wr_inst.s_ifaces[I].addr_inst.state_reg[J]	axi_crossbar_inst.axi_crossbar_wr_inst.s_ifaces[2].addr_inst.m_select_reg[0]$_SDFFCE_PP1P_/Q	axi_crossbar_inst.axi_crossbar_wr_inst.s_ifaces[2].addr_inst.state_reg[1]$_SDFF_PP0_/D
386	0.1404	axi_crossbar_inst.axi_crossbar_rd_inst.m_ifaces[I].a_arb_inst.grant_encoded_reg[J]	axi_crossbar_inst.axi_crossbar_rd_inst.m_ifaces[I].reg_inst.genblkJ.genblkK.m_axi_arid_reg[L]	axi_crossbar_inst.axi_crossbar_rd_inst.m_ifaces[6].a_arb_inst.grant_encoded_reg[1]$_SDFFE_PP0P_/Q	axi_crossbar_inst.axi_crossbar_rd_inst.m_ifaces[6].reg_inst.genblk1.genblk1.m_axi_arid_reg[0]$_DFFE_PP_/D
387	0.1404	axi_crossbar_inst.axi_crossbar_rd_inst.m_ifaces[I].a_arb_inst.grant_encoded_reg[J]	axi_crossbar_inst.axi_crossbar_rd_inst.m_ifaces[I].reg_inst.genblkJ.genblkK.m_axi_arlock_reg	axi_crossbar_inst.axi_crossbar_rd_inst.m_ifaces[2].a_arb_inst.grant_encoded_reg[1]$_SDFFE_PP0P_/Q	axi_crossbar_inst.axi_crossbar_rd_inst.m_ifaces[2].reg_inst.genblk1.genblk1.m_axi_arlock_reg$_DFFE_PP_/D
388	0.1407	axi_crossbar_inst.axi_crossbar_wr_inst.m_ifaces[I].a_arb_inst.grant_encoded_reg[J]	axi_crossbar_inst.axi_crossbar_wr_inst.m_ifaces[I].reg_inst.genblkJ.genblkK.m_axi_awburst_reg[L]	axi_crossbar_inst.axi_crossbar_wr_inst.m_ifaces[5].a_arb_inst.grant_encoded_reg[1]$_SDFFE_PP0P_/Q	axi_crossbar_inst.axi_crossbar_wr_inst.m_ifaces[5].reg_inst.genblk1.genblk1.m_axi_awburst_reg[0]$_DFFE_PP_/D
389	0.1407	axi_crossbar_inst.axi_crossbar_wr_inst.m_ifaces[I].a_arb_inst.grant_encoded_reg[J]	axi_crossbar_inst.axi_crossbar_wr_inst.m_ifaces[I].reg_inst.genblkJ.genblkK.m_axi_awcache_reg[L]	axi_crossbar_inst.axi_crossbar_wr_inst.m_ifaces[5].a_arb_inst.grant_encoded_reg[1]$_SDFFE_PP0P_/Q	axi_crossbar_inst.axi_crossbar_wr_inst.m_ifaces[5].reg_inst.genblk1.genblk1.m_axi_awcache_reg[0]$_DFFE_PP_/D
390	0.1407	axi_crossbar_inst.axi_crossbar_wr_inst.m_ifaces[I].a_arb_inst.grant_encoded_reg[J]	axi_crossbar_inst.axi_crossbar_wr_inst.m_ifaces[I].reg_inst.genblkJ.genblkK.m_axi_awlen_reg[L]	axi_crossbar_inst.axi_crossbar_wr_inst.m_ifaces[5].a_arb_inst.grant_encoded_reg[1]$_SDFFE_PP0P_/Q	axi_crossbar_inst.axi_crossbar_wr_inst.m_ifaces[5].reg_inst.genblk1.genblk1.m_axi_awlen_reg[0]$_DFFE_PP_/D
391	0.1407	axi_crossbar_inst.axi_crossbar_wr_inst.m_ifaces[I].a_arb_inst.grant_encoded_reg[J]	axi_crossbar_inst.axi_crossbar_wr_inst.m_ifaces[I].reg_inst.genblkJ.genblkK.m_axi_awsize_reg[L]	axi_crossbar_inst.axi_crossbar_wr_inst.m_ifaces[5].a_arb_inst.grant_encoded_reg[1]$_SDFFE_PP0P_/Q	axi_crossbar_inst.axi_crossbar_wr_inst.m_ifaces[5].reg_inst.genblk1.genblk1.m_axi_awsize_reg[0]$_DFFE_PP_/D
392	0.1443	axi_crossbar_inst.axi_crossbar_wr_inst.s_ifaces[I].b_arb_inst.grant_encoded_reg[J]	axi_crossbar_inst.axi_crossbar_wr_inst.s_ifaces[I].addr_inst.m_wc_valid_reg	axi_crossbar_inst.axi_crossbar_wr_inst.s_ifaces[1].b_arb_inst.grant_encoded_reg[1]$_SDFFE_PP0P_/Q	axi_crossbar_inst.axi_crossbar_wr_inst.s_ifaces[1].addr_inst.m_wc_valid_reg$_SDFF_PP0_/D
393	0.1444	axi_crossbar_inst.axi_crossbar_rd_inst.s_ifaces[I].addr_inst.thread_count_reg[J][K]	axi_crossbar_inst.axi_crossbar_rd_inst.s_ifaces[I].addr_inst.m_rc_valid_reg	axi_crossbar_inst.axi_crossbar_rd_inst.s_ifaces[6].addr_inst.thread_count_reg[0][2]$_SDFFE_PP0P_/Q	axi_crossbar_inst.axi_crossbar_rd_inst.s_ifaces[6].addr_inst.m_rc_valid_reg$_SDFF_PP0_/D
394	0.1444	rst	axi_crossbar_inst.axi_crossbar_rd_inst.s_ifaces[I].addr_inst.m_axi_avalid_reg	rst	axi_crossbar_inst.axi_crossbar_rd_inst.s_ifaces[4].addr_inst.m_axi_avalid_reg$_SDFF_PP0_/D
395	0.1446	axi_crossbar_inst.axi_crossbar_rd_inst.s_ifaces[I].r_arb_inst.grant_encoded_reg[J]	axi_crossbar_inst.axi_crossbar_rd_inst.s_ifaces[I].addr_inst.m_rc_valid_reg	axi_crossbar_inst.axi_crossbar_rd_inst.s_ifaces[2].r_arb_inst.grant_encoded_reg[1]$_SDFFE_PP0P_/Q	axi_crossbar_inst.axi_crossbar_rd_inst.s_ifaces[2].addr_inst.m_rc_valid_reg$_SDFF_PP0_/D
396	0.1447	axi_crossbar_inst.axi_crossbar_rd_inst.s_ifaces[I].r_arb_inst.grant_encoded_reg[J]	axi_crossbar_inst.axi_crossbar_rd_inst.s_ifaces[I].reg_inst.genblkJ.temp_s_axi_rid_reg[K]	axi_crossbar_inst.axi_crossbar_rd_inst.s_ifaces[1].r_arb_inst.grant_encoded_reg[1]$_SDFFE_PP0P_/Q	axi_crossbar_inst.axi_crossbar_rd_inst.s_ifaces[1].reg_inst.genblk2.temp_s_axi_rid_reg[1]$_DFFE_PP_/D
397	0.1454	sI_axi_rready	axi_crossbar_inst.axi_crossbar_rd_inst.s_ifaces[I].reg_inst.genblkJ.temp_s_axi_rlast_reg	s00_axi_rready	axi_crossbar_inst.axi_crossbar_rd_inst.s_ifaces[0].reg_inst.genblk2.temp_s_axi_rlast_reg$_DFFE_PP_/D
398	0.1462	sI_axi_rready	axi_crossbar_inst.axi_crossbar_rd_inst.s_ifaces[I].reg_inst.genblkJ.s_axi_rid_reg[K]	s03_axi_rready	axi_crossbar_inst.axi_crossbar_rd_inst.s_ifaces[3].reg_inst.genblk2.s_axi_rid_reg[7]$_DFFE_PP_/D
399	0.1464	axi_crossbar_inst.axi_crossbar_wr_inst.m_ifaces[I].a_arb_inst.grant_encoded_reg[J]	axi_crossbar_inst.axi_crossbar_wr_inst.m_ifaces[I].reg_inst.genblkJ.genblkK.m_axi_awprot_reg[L]	axi_crossbar_inst.axi_crossbar_wr_inst.m_ifaces[5].a_arb_inst.grant_encoded_reg[1]$_SDFFE_PP0P_/Q	axi_crossbar_inst.axi_crossbar_wr_inst.m_ifaces[5].reg_inst.genblk1.genblk1.m_axi_awprot_reg[0]$_DFFE_PP_/D
400	0.1464	axi_crossbar_inst.axi_crossbar_wr_inst.m_ifaces[I].a_arb_inst.grant_encoded_reg[J]	axi_crossbar_inst.axi_crossbar_wr_inst.m_ifaces[I].reg_inst.genblkJ.genblkK.m_axi_awqos_reg[L]	axi_crossbar_inst.axi_crossbar_wr_inst.m_ifaces[5].a_arb_inst.grant_encoded_reg[1]$_SDFFE_PP0P_/Q	axi_crossbar_inst.axi_crossbar_wr_inst.m_ifaces[5].reg_inst.genblk1.genblk1.m_axi_awqos_reg[0]$_DFFE_PP_/D
401	0.1465	sI_axi_rready	axi_crossbar_inst.axi_crossbar_rd_inst.s_ifaces[I].reg_inst.genblkJ.s_axi_rlast_reg	s02_axi_rready	axi_crossbar_inst.axi_crossbar_rd_inst.s_ifaces[2].reg_inst.genblk2.s_axi_rlast_reg$_DFFE_PP_/D
402	0.1465	sI_axi_rready	axi_crossbar_inst.axi_crossbar_rd_inst.s_ifaces[I].reg_inst.genblkJ.s_axi_rresp_reg[K]	s02_axi_rready	axi_crossbar_inst.axi_crossbar_rd_inst.s_ifaces[2].reg_inst.genblk2.s_axi_rresp_reg[0]$_DFFE_PP_/D
403	0.1468	axi_crossbar_inst.axi_crossbar_wr_inst.s_ifaces[I].addr_inst.m_select_reg[J]	axi_crossbar_inst.axi_crossbar_wr_inst.s_ifaces[I].addr_inst.s_axi_aready_reg	axi_crossbar_inst.axi_crossbar_wr_inst.s_ifaces[2].addr_inst.m_select_reg[0]$_SDFFCE_PP1P_/Q	axi_crossbar_inst.axi_crossbar_wr_inst.s_ifaces[2].addr_inst.s_axi_aready_reg$_SDFF_PP0_/D
404	0.1471	axi_crossbar_inst.axi_crossbar_wr_inst.m_ifaces[I].w_select_reg[J]	axi_crossbar_inst.axi_crossbar_wr_inst.s_ifaces[I].w_drop_reg	axi_crossbar_inst.axi_crossbar_wr_inst.m_ifaces[7].w_select_reg[1]$_DFFE_PP_/Q	axi_crossbar_inst.axi_crossbar_wr_inst.s_ifaces[7].w_drop_reg$_DFF_P_/D
405	0.1472	axi_crossbar_inst.axi_crossbar_wr_inst.s_ifaces[I].addr_inst.thread_id_reg[J][K]	axi_crossbar_inst.axi_crossbar_wr_inst.s_ifaces[I].addr_inst.m_wc_valid_reg	axi_crossbar_inst.axi_crossbar_wr_inst.s_ifaces[2].addr_inst.thread_id_reg[0][3]$_DFFE_PP_/Q	axi_crossbar_inst.axi_crossbar_wr_inst.s_ifaces[2].addr_inst.m_wc_valid_reg$_SDFF_PP0_/D
406	0.1476	axi_crossbar_inst.axi_crossbar_wr_inst.m_ifaces[I].a_arb_inst.grant_encoded_reg[J]	axi_crossbar_inst.axi_crossbar_wr_inst.m_ifaces[I].reg_inst.genblkJ.genblkK.m_axi_awlock_reg	axi_crossbar_inst.axi_crossbar_wr_inst.m_ifaces[3].a_arb_inst.grant_encoded_reg[1]$_SDFFE_PP0P_/Q	axi_crossbar_inst.axi_crossbar_wr_inst.m_ifaces[3].reg_inst.genblk1.genblk1.m_axi_awlock_reg$_DFFE_PP_/D
407	0.1477	rst	axi_crossbar_inst.axi_crossbar_rd_inst.s_ifaces[I].reg_inst.genblkJ.s_axi_rvalid_reg	rst	axi_crossbar_inst.axi_crossbar_rd_inst.s_ifaces[0].reg_inst.genblk2.s_axi_rvalid_reg$_SDFFE_PP0P_/D
408	0.1477	axi_crossbar_inst.axi_crossbar_rd_inst.s_ifaces[I].addr_inst.m_select_reg[J]	axi_crossbar_inst.axi_crossbar_rd_inst.s_ifaces[I].addr_inst.state_reg[J]	axi_crossbar_inst.axi_crossbar_rd_inst.s_ifaces[6].addr_inst.m_select_reg[0]$_SDFFCE_PP1P_/Q	axi_crossbar_inst.axi_crossbar_rd_inst.s_ifaces[6].addr_inst.state_reg[1]$_SDFF_PP0_/D
409	0.1478	axi_crossbar_inst.axi_crossbar_wr_inst.s_ifaces[I].b_arb_inst.grant_encoded_reg[J]	axi_crossbar_inst.axi_crossbar_wr_inst.s_ifaces[I].addr_inst.state_reg[J]	axi_crossbar_inst.axi_crossbar_wr_inst.s_ifaces[1].b_arb_inst.grant_encoded_reg[1]$_SDFFE_PP0P_/Q	axi_crossbar_inst.axi_crossbar_wr_inst.s_ifaces[1].addr_inst.state_reg[1]$_SDFF_PP0_/D
410	0.1489	sI_axi_rready	axi_crossbar_inst.axi_crossbar_rd_inst.s_ifaces[I].reg_inst.genblkJ.s_axi_rdata_reg[K]	s03_axi_rready	axi_crossbar_inst.axi_crossbar_rd_inst.s_ifaces[3].reg_inst.genblk2.s_axi_rdata_reg[22]$_DFFE_PP_/D
411	0.1519	axi_crossbar_inst.axi_crossbar_wr_inst.m_ifaces[I].a_arb_inst.grant_reg[J]	axi_crossbar_inst.axi_crossbar_wr_inst.m_ifaces[I].a_arb_inst.grant_reg[J]	axi_crossbar_inst.axi_crossbar_wr_inst.m_ifaces[4].a_arb_inst.grant_reg[6]$_SDFFE_PP0P_/Q	axi_crossbar_inst.axi_crossbar_wr_inst.m_ifaces[4].a_arb_inst.grant_reg[1]$_SDFFE_PP0P_/D
412	0.1528	axi_crossbar_inst.axi_crossbar_wr_inst.s_ifaces[I].b_arb_inst.grant_reg[J]	axi_crossbar_inst.axi_crossbar_wr_inst.s_ifaces[I].b_arb_inst.grant_reg[J]	axi_crossbar_inst.axi_crossbar_wr_inst.s_ifaces[6].b_arb_inst.grant_reg[6]$_SDFFE_PP0P_/QN	axi_crossbar_inst.axi_crossbar_wr_inst.s_ifaces[6].b_arb_inst.grant_reg[4]$_SDFFE_PP0P_/D
413	0.1531	axi_crossbar_inst.axi_crossbar_rd_inst.s_ifaces[I].r_arb_inst.grant_encoded_reg[J]	axi_crossbar_inst.axi_crossbar_rd_inst.s_ifaces[I].decerr_len_reg[J]	axi_crossbar_inst.axi_crossbar_rd_inst.s_ifaces[0].r_arb_inst.grant_encoded_reg[0]$_SDFFE_PP0P_/Q	axi_crossbar_inst.axi_crossbar_rd_inst.s_ifaces[0].decerr_len_reg[0]$_DFFE_PP_/D
414	0.1531	axi_crossbar_inst.axi_crossbar_rd_inst.s_ifaces[I].r_arb_inst.grant_encoded_reg[J]	axi_crossbar_inst.axi_crossbar_rd_inst.s_ifaces[I].decerr_m_axi_rlast_reg	axi_crossbar_inst.axi_crossbar_rd_inst.s_ifaces[0].r_arb_inst.grant_encoded_reg[0]$_SDFFE_PP0P_/Q	axi_crossbar_inst.axi_crossbar_rd_inst.s_ifaces[0].decerr_m_axi_rlast_reg$_DFFE_PP_/D
415	0.1534	axi_crossbar_inst.axi_crossbar_wr_inst.m_ifaces[I].w_select_reg[J]	axi_crossbar_inst.axi_crossbar_wr_inst.s_ifaces[I].w_select_valid_reg	axi_crossbar_inst.axi_crossbar_wr_inst.m_ifaces[3].w_select_reg[1]$_DFFE_PP_/Q	axi_crossbar_inst.axi_crossbar_wr_inst.s_ifaces[4].w_select_valid_reg$_SDFF_PP0_/D
416	0.1541	axi_crossbar_inst.axi_crossbar_rd_inst.s_ifaces[I].r_arb_inst.grant_reg[J]	axi_crossbar_inst.axi_crossbar_rd_inst.s_ifaces[I].r_arb_inst.grant_reg[J]	axi_crossbar_inst.axi_crossbar_rd_inst.s_ifaces[2].r_arb_inst.grant_reg[1]$_SDFFE_PP0P_/QN	axi_crossbar_inst.axi_crossbar_rd_inst.s_ifaces[2].r_arb_inst.grant_reg[7]$_SDFFE_PP0P_/D
417	0.1544	axi_crossbar_inst.axi_crossbar_wr_inst.s_ifaces[I].addr_inst.thread_count_reg[J][K]	axi_crossbar_inst.axi_crossbar_wr_inst.s_ifaces[I].addr_inst.m_axi_avalid_reg	axi_crossbar_inst.axi_crossbar_wr_inst.s_ifaces[7].addr_inst.thread_count_reg[0][2]$_SDFFE_PP0P_/Q	axi_crossbar_inst.axi_crossbar_wr_inst.s_ifaces[7].addr_inst.m_axi_avalid_reg$_SDFF_PP0_/D
418	0.1550	axi_crossbar_inst.axi_crossbar_rd_inst.m_ifaces[I].a_arb_inst.mask_reg[J]	axi_crossbar_inst.axi_crossbar_rd_inst.m_ifaces[I].a_arb_inst.grant_reg[J]	axi_crossbar_inst.axi_crossbar_rd_inst.m_ifaces[5].a_arb_inst.mask_reg[6]$_SDFFE_PP0P_/Q	axi_crossbar_inst.axi_crossbar_rd_inst.m_ifaces[5].a_arb_inst.grant_reg[3]$_SDFFE_PP0P_/D
419	0.1551	axi_crossbar_inst.axi_crossbar_rd_inst.s_ifaces[I].r_arb_inst.grant_encoded_reg[J]	axi_crossbar_inst.axi_crossbar_rd_inst.m_ifaces[I].a_arb_inst.grant_valid_reg	axi_crossbar_inst.axi_crossbar_rd_inst.s_ifaces[3].r_arb_inst.grant_encoded_reg[1]$_SDFFE_PP0P_/Q	axi_crossbar_inst.axi_crossbar_rd_inst.m_ifaces[2].a_arb_inst.grant_valid_reg$_SDFFE_PP0P_/D
420	0.1566	mI_axi_wready	axi_crossbar_inst.axi_crossbar_wr_inst.m_ifaces[I].reg_inst.genblkJ.m_axi_wstrb_reg[K]	m00_axi_wready	axi_crossbar_inst.axi_crossbar_wr_inst.m_ifaces[0].reg_inst.genblk2.m_axi_wstrb_reg[0]$_DFFE_PP_/D
421	0.1590	mI_axi_bvalid	axi_crossbar_inst.axi_crossbar_wr_inst.m_ifaces[I].a_arb_inst.grant_valid_reg	m06_axi_bvalid	axi_crossbar_inst.axi_crossbar_wr_inst.m_ifaces[6].a_arb_inst.grant_valid_reg$_SDFFE_PP0P_/D
422	0.1592	axi_crossbar_inst.axi_crossbar_rd_inst.s_ifaces[I].addr_inst.match_reg	axi_crossbar_inst.axi_crossbar_rd_inst.s_ifaces[I].addr_inst.trans_count_reg[J]	axi_crossbar_inst.axi_crossbar_rd_inst.s_ifaces[1].addr_inst.match_reg$_SDFFCE_PP1P_/Q	axi_crossbar_inst.axi_crossbar_rd_inst.s_ifaces[1].addr_inst.trans_count_reg[4]$_SDFFE_PP0P_/D
423	0.1612	axi_crossbar_inst.axi_crossbar_rd_inst.s_ifaces[I].decerr_m_axi_rvalid_reg	axi_crossbar_inst.axi_crossbar_rd_inst.s_ifaces[I].addr_inst.thread_id_reg[J][K]	axi_crossbar_inst.axi_crossbar_rd_inst.s_ifaces[5].decerr_m_axi_rvalid_reg$_SDFF_PP0_/Q	axi_crossbar_inst.axi_crossbar_rd_inst.s_ifaces[5].addr_inst.thread_id_reg[1][0]$_DFFE_PP_/D
424	0.1612	axi_crossbar_inst.axi_crossbar_rd_inst.s_ifaces[I].decerr_m_axi_rvalid_reg	axi_crossbar_inst.axi_crossbar_rd_inst.s_ifaces[I].addr_inst.thread_m_reg[J][K]	axi_crossbar_inst.axi_crossbar_rd_inst.s_ifaces[5].decerr_m_axi_rvalid_reg$_SDFF_PP0_/Q	axi_crossbar_inst.axi_crossbar_rd_inst.s_ifaces[5].addr_inst.thread_m_reg[1][0]$_DFFE_PP_/D
425	0.1617	axi_crossbar_inst.axi_crossbar_wr_inst.s_ifaces[I].addr_inst.thread_count_reg[J][K]	axi_crossbar_inst.axi_crossbar_wr_inst.s_ifaces[I].addr_inst.m_decerr_reg	axi_crossbar_inst.axi_crossbar_wr_inst.s_ifaces[6].addr_inst.thread_count_reg[1][2]$_SDFFE_PP0P_/Q	axi_crossbar_inst.axi_crossbar_wr_inst.s_ifaces[6].addr_inst.m_decerr_reg$_SDFFCE_PN1P_/D
426	0.1636	axi_crossbar_inst.axi_crossbar_rd_inst.m_ifaces[I].a_arb_inst.grant_encoded_reg[J]	axi_crossbar_inst.axi_crossbar_rd_inst.s_ifaces[I].addr_inst.state_reg[J]	axi_crossbar_inst.axi_crossbar_rd_inst.m_ifaces[4].a_arb_inst.grant_encoded_reg[1]$_SDFFE_PP0P_/Q	axi_crossbar_inst.axi_crossbar_rd_inst.s_ifaces[7].addr_inst.state_reg[1]$_SDFF_PP0_/D
427	0.1676	axi_crossbar_inst.axi_crossbar_wr_inst.m_ifaces[I].w_select_reg[J]	axi_crossbar_inst.axi_crossbar_wr_inst.m_ifaces[I].a_arb_inst.grant_valid_reg	axi_crossbar_inst.axi_crossbar_wr_inst.m_ifaces[2].w_select_reg[1]$_DFFE_PP_/Q	axi_crossbar_inst.axi_crossbar_wr_inst.m_ifaces[2].a_arb_inst.grant_valid_reg$_SDFFE_PP0P_/D
428	0.1683	axi_crossbar_inst.axi_crossbar_rd_inst.m_ifaces[I].a_arb_inst.grant_reg[J]	axi_crossbar_inst.axi_crossbar_rd_inst.m_ifaces[I].a_arb_inst.grant_reg[J]	axi_crossbar_inst.axi_crossbar_rd_inst.m_ifaces[5].a_arb_inst.grant_reg[6]$_SDFFE_PP0P_/QN	axi_crossbar_inst.axi_crossbar_rd_inst.m_ifaces[5].a_arb_inst.grant_reg[3]$_SDFFE_PP0P_/D
429	0.1694	axi_crossbar_inst.axi_crossbar_rd_inst.s_ifaces[I].reg_inst.genblkJ.m_axi_rready_reg	axi_crossbar_inst.axi_crossbar_rd_inst.s_ifaces[I].addr_inst.thread_id_reg[J][K]	axi_crossbar_inst.axi_crossbar_rd_inst.s_ifaces[0].reg_inst.genblk2.m_axi_rready_reg$_SDFF_PP0_/Q	axi_crossbar_inst.axi_crossbar_rd_inst.s_ifaces[0].addr_inst.thread_id_reg[0][0]$_DFFE_PP_/D
430	0.1694	axi_crossbar_inst.axi_crossbar_rd_inst.s_ifaces[I].reg_inst.genblkJ.m_axi_rready_reg	axi_crossbar_inst.axi_crossbar_rd_inst.s_ifaces[I].addr_inst.thread_m_reg[J][K]	axi_crossbar_inst.axi_crossbar_rd_inst.s_ifaces[0].reg_inst.genblk2.m_axi_rready_reg$_SDFF_PP0_/Q	axi_crossbar_inst.axi_crossbar_rd_inst.s_ifaces[0].addr_inst.thread_m_reg[0][0]$_DFFE_PP_/D
431	0.1697	axi_crossbar_inst.axi_crossbar_wr_inst.s_ifaces[I].b_arb_inst.grant_encoded_reg[J]	axi_crossbar_inst.axi_crossbar_wr_inst.m_ifaces[I].a_arb_inst.grant_valid_reg	axi_crossbar_inst.axi_crossbar_wr_inst.s_ifaces[3].b_arb_inst.grant_encoded_reg[2]$_SDFFE_PP0P_/Q	axi_crossbar_inst.axi_crossbar_wr_inst.m_ifaces[6].a_arb_inst.grant_valid_reg$_SDFFE_PP0P_/D
432	0.1706	axi_crossbar_inst.axi_crossbar_wr_inst.s_ifaces[I].addr_inst.thread_count_reg[J][K]	axi_crossbar_inst.axi_crossbar_wr_inst.s_ifaces[I].addr_inst.m_rc_valid_reg	axi_crossbar_inst.axi_crossbar_wr_inst.s_ifaces[7].addr_inst.thread_count_reg[0][2]$_SDFFE_PP0P_/Q	axi_crossbar_inst.axi_crossbar_wr_inst.s_ifaces[7].addr_inst.m_rc_valid_reg$_SDFF_PP0_/D
433	0.1712	axi_crossbar_inst.axi_crossbar_rd_inst.s_ifaces[I].r_arb_inst.grant_valid_reg	axi_crossbar_inst.axi_crossbar_rd_inst.m_ifaces[I].a_arb_inst.grant_valid_reg	axi_crossbar_inst.axi_crossbar_rd_inst.s_ifaces[2].r_arb_inst.grant_valid_reg$_SDFFE_PP0P_/Q	axi_crossbar_inst.axi_crossbar_rd_inst.m_ifaces[2].a_arb_inst.grant_valid_reg$_SDFFE_PP0P_/D
434	0.1717	axi_crossbar_inst.axi_crossbar_rd_inst.s_ifaces[I].addr_inst.m_select_reg[J]	axi_crossbar_inst.axi_crossbar_rd_inst.s_ifaces[I].addr_inst.s_axi_aready_reg	axi_crossbar_inst.axi_crossbar_rd_inst.s_ifaces[6].addr_inst.m_select_reg[0]$_SDFFCE_PP1P_/Q	axi_crossbar_inst.axi_crossbar_rd_inst.s_ifaces[6].addr_inst.s_axi_aready_reg$_SDFF_PP0_/D
435	0.1719	axi_crossbar_inst.axi_crossbar_rd_inst.s_ifaces[I].addr_inst.thread_count_reg[J][K]	axi_crossbar_inst.axi_crossbar_rd_inst.s_ifaces[I].addr_inst.m_axi_avalid_reg	axi_crossbar_inst.axi_crossbar_rd_inst.s_ifaces[6].addr_inst.thread_count_reg[0][2]$_SDFFE_PP0P_/Q	axi_crossbar_inst.axi_crossbar_rd_inst.s_ifaces[6].addr_inst.m_axi_avalid_reg$_SDFF_PP0_/D
436	0.1719	axi_crossbar_inst.axi_crossbar_wr_inst.s_ifaces[I].b_arb_inst.grant_valid_reg	axi_crossbar_inst.axi_crossbar_wr_inst.m_ifaces[I].a_arb_inst.grant_valid_reg	axi_crossbar_inst.axi_crossbar_wr_inst.s_ifaces[1].b_arb_inst.grant_valid_reg$_SDFFE_PP0P_/Q	axi_crossbar_inst.axi_crossbar_wr_inst.m_ifaces[6].a_arb_inst.grant_valid_reg$_SDFFE_PP0P_/D
437	0.1721	axi_crossbar_inst.axi_crossbar_wr_inst.s_ifaces[I].reg_inst.genblkJ.genblkK.m_axi_bready_reg	axi_crossbar_inst.axi_crossbar_wr_inst.m_ifaces[I].a_arb_inst.grant_valid_reg	axi_crossbar_inst.axi_crossbar_wr_inst.s_ifaces[3].reg_inst.genblk3.genblk1.m_axi_bready_reg$_SDFF_PP0_/Q	axi_crossbar_inst.axi_crossbar_wr_inst.m_ifaces[6].a_arb_inst.grant_valid_reg$_SDFFE_PP0P_/D
438	0.1733	axi_crossbar_inst.axi_crossbar_wr_inst.s_ifaces[I].b_arb_inst.mask_reg[J]	axi_crossbar_inst.axi_crossbar_wr_inst.s_ifaces[I].b_arb_inst.grant_encoded_reg[J]	axi_crossbar_inst.axi_crossbar_wr_inst.s_ifaces[5].b_arb_inst.mask_reg[2]$_SDFFE_PP0P_/Q	axi_crossbar_inst.axi_crossbar_wr_inst.s_ifaces[5].b_arb_inst.grant_encoded_reg[1]$_SDFFE_PP0P_/D
439	0.1739	axi_crossbar_inst.axi_crossbar_rd_inst.m_ifaces[I].trans_count_reg[J]	axi_crossbar_inst.axi_crossbar_rd_inst.m_ifaces[I].a_arb_inst.mask_reg[J]	axi_crossbar_inst.axi_crossbar_rd_inst.m_ifaces[4].trans_count_reg[2]$_SDFFE_PP0P_/Q	axi_crossbar_inst.axi_crossbar_rd_inst.m_ifaces[4].a_arb_inst.mask_reg[0]$_SDFFE_PP0P_/D
440	0.1748	axi_crossbar_inst.axi_crossbar_wr_inst.s_ifaces[I].addr_inst.thread_m_reg[J][K]	axi_crossbar_inst.axi_crossbar_wr_inst.s_ifaces[I].addr_inst.thread_id_reg[J][K]	axi_crossbar_inst.axi_crossbar_wr_inst.s_ifaces[2].addr_inst.thread_m_reg[1][2]$_DFFE_PP_/Q	axi_crossbar_inst.axi_crossbar_wr_inst.s_ifaces[2].addr_inst.thread_id_reg[1][0]$_DFFE_PP_/D
441	0.1748	axi_crossbar_inst.axi_crossbar_wr_inst.s_ifaces[I].addr_inst.thread_m_reg[J][K]	axi_crossbar_inst.axi_crossbar_wr_inst.s_ifaces[I].addr_inst.thread_m_reg[J][K]	axi_crossbar_inst.axi_crossbar_wr_inst.s_ifaces[2].addr_inst.thread_m_reg[1][2]$_DFFE_PP_/Q	axi_crossbar_inst.axi_crossbar_wr_inst.s_ifaces[2].addr_inst.thread_m_reg[1][0]$_DFFE_PP_/D
442	0.1750	axi_crossbar_inst.axi_crossbar_rd_inst.s_ifaces[I].addr_inst.m_axi_avalid_reg	axi_crossbar_inst.axi_crossbar_rd_inst.m_ifaces[I].reg_inst.genblkJ.genblkK.s_axi_arready_reg	axi_crossbar_inst.axi_crossbar_rd_inst.s_ifaces[5].addr_inst.m_axi_avalid_reg$_SDFF_PP0_/Q	axi_crossbar_inst.axi_crossbar_rd_inst.m_ifaces[1].reg_inst.genblk1.genblk1.s_axi_arready_reg$_SDFF_PP0_/D
443	0.1754	axi_crossbar_inst.axi_crossbar_rd_inst.s_ifaces[I].r_arb_inst.mask_reg[J]	axi_crossbar_inst.axi_crossbar_rd_inst.s_ifaces[I].r_arb_inst.grant_encoded_reg[J]	axi_crossbar_inst.axi_crossbar_rd_inst.s_ifaces[2].r_arb_inst.mask_reg[1]$_SDFFE_PP0P_/Q	axi_crossbar_inst.axi_crossbar_rd_inst.s_ifaces[2].r_arb_inst.grant_encoded_reg[1]$_SDFFE_PP0P_/D
444	0.1760	axi_crossbar_inst.axi_crossbar_wr_inst.s_ifaces[I].w_select_reg[J]	axi_crossbar_inst.axi_crossbar_wr_inst.m_ifaces[I].a_arb_inst.grant_valid_reg	axi_crossbar_inst.axi_crossbar_wr_inst.s_ifaces[6].w_select_reg[1]$_DFFE_PP_/Q	axi_crossbar_inst.axi_crossbar_wr_inst.m_ifaces[2].a_arb_inst.grant_valid_reg$_SDFFE_PP0P_/D
445	0.1768	axi_crossbar_inst.axi_crossbar_wr_inst.m_ifaces[I].a_arb_inst.mask_reg[J]	axi_crossbar_inst.axi_crossbar_wr_inst.m_ifaces[I].a_arb_inst.grant_encoded_reg[J]	axi_crossbar_inst.axi_crossbar_wr_inst.m_ifaces[6].a_arb_inst.mask_reg[4]$_SDFFE_PP0P_/Q	axi_crossbar_inst.axi_crossbar_wr_inst.m_ifaces[6].a_arb_inst.grant_encoded_reg[2]$_SDFFE_PP0P_/D
446	0.1776	axi_crossbar_inst.axi_crossbar_wr_inst.s_ifaces[I].w_select_valid_reg	axi_crossbar_inst.axi_crossbar_wr_inst.m_ifaces[I].a_arb_inst.grant_valid_reg	axi_crossbar_inst.axi_crossbar_wr_inst.s_ifaces[1].w_select_valid_reg$_SDFF_PP0_/Q	axi_crossbar_inst.axi_crossbar_wr_inst.m_ifaces[5].a_arb_inst.grant_valid_reg$_SDFFE_PP0P_/D
447	0.1785	sI_axi_rready	axi_crossbar_inst.axi_crossbar_rd_inst.s_ifaces[I].reg_inst.genblkJ.s_axi_rvalid_reg	s03_axi_rready	axi_crossbar_inst.axi_crossbar_rd_inst.s_ifaces[3].reg_inst.genblk2.s_axi_rvalid_reg$_SDFFE_PP0P_/D
448	0.1807	axi_crossbar_inst.axi_crossbar_wr_inst.s_ifaces[I].addr_inst.thread_count_reg[J][K]	axi_crossbar_inst.axi_crossbar_wr_inst.s_ifaces[I].addr_inst.state_reg[J]	axi_crossbar_inst.axi_crossbar_wr_inst.s_ifaces[4].addr_inst.thread_count_reg[1][2]$_SDFFE_PP0P_/Q	axi_crossbar_inst.axi_crossbar_wr_inst.s_ifaces[4].addr_inst.state_reg[1]$_SDFF_PP0_/D
449	0.1808	axi_crossbar_inst.axi_crossbar_wr_inst.s_ifaces[I].addr_inst.thread_count_reg[J][K]	axi_crossbar_inst.axi_crossbar_wr_inst.s_ifaces[I].addr_inst.m_wc_valid_reg	axi_crossbar_inst.axi_crossbar_wr_inst.s_ifaces[6].addr_inst.thread_count_reg[1][2]$_SDFFE_PP0P_/Q	axi_crossbar_inst.axi_crossbar_wr_inst.s_ifaces[6].addr_inst.m_wc_valid_reg$_SDFF_PP0_/D
450	0.1827	axi_crossbar_inst.axi_crossbar_wr_inst.m_ifaces[I].reg_inst.genblkJ.s_axi_wready_reg	axi_crossbar_inst.axi_crossbar_wr_inst.m_ifaces[I].a_arb_inst.grant_reg[J]	axi_crossbar_inst.axi_crossbar_wr_inst.m_ifaces[3].reg_inst.genblk2.s_axi_wready_reg$_SDFF_PP0_/Q	axi_crossbar_inst.axi_crossbar_wr_inst.m_ifaces[3].a_arb_inst.grant_reg[6]$_SDFFE_PP0P_/D
451	0.1827	axi_crossbar_inst.axi_crossbar_wr_inst.m_ifaces[I].a_arb_inst.grant_valid_reg	axi_crossbar_inst.axi_crossbar_wr_inst.m_ifaces[I].a_arb_inst.grant_reg[J]	axi_crossbar_inst.axi_crossbar_wr_inst.m_ifaces[7].a_arb_inst.grant_valid_reg$_SDFFE_PP0P_/Q	axi_crossbar_inst.axi_crossbar_wr_inst.m_ifaces[7].a_arb_inst.grant_reg[4]$_SDFFE_PP0P_/D
452	0.1829	axi_crossbar_inst.axi_crossbar_rd_inst.s_ifaces[I].decerr_m_axi_rvalid_reg	axi_crossbar_inst.axi_crossbar_rd_inst.s_ifaces[I].r_arb_inst.grant_reg[J]	axi_crossbar_inst.axi_crossbar_rd_inst.s_ifaces[3].decerr_m_axi_rvalid_reg$_SDFF_PP0_/Q	axi_crossbar_inst.axi_crossbar_rd_inst.s_ifaces[3].r_arb_inst.grant_reg[7]$_SDFFE_PP0P_/D
453	0.1832	axi_crossbar_inst.axi_crossbar_wr_inst.s_ifaces[I].w_select_valid_reg	axi_crossbar_inst.axi_crossbar_wr_inst.m_ifaces[I].reg_inst.genblkJ.temp_m_axi_wvalid_reg	axi_crossbar_inst.axi_crossbar_wr_inst.s_ifaces[1].w_select_valid_reg$_SDFF_PP0_/Q	axi_crossbar_inst.axi_crossbar_wr_inst.m_ifaces[5].reg_inst.genblk2.temp_m_axi_wvalid_reg$_SDFFE_PP0P_/D
454	0.1836	axi_crossbar_inst.axi_crossbar_wr_inst.s_ifaces[I].decerr_m_axi_bvalid_reg	axi_crossbar_inst.axi_crossbar_wr_inst.s_ifaces[I].b_arb_inst.grant_reg[J]	axi_crossbar_inst.axi_crossbar_wr_inst.s_ifaces[7].decerr_m_axi_bvalid_reg$_SDFF_PP0_/Q	axi_crossbar_inst.axi_crossbar_wr_inst.s_ifaces[7].b_arb_inst.grant_reg[1]$_SDFFE_PP0P_/D
455	0.1843	axi_crossbar_inst.axi_crossbar_rd_inst.s_ifaces[I].addr_inst.m_select_reg[J]	axi_crossbar_inst.axi_crossbar_rd_inst.m_ifaces[I].reg_inst.genblkJ.genblkK.s_axi_arready_reg	axi_crossbar_inst.axi_crossbar_rd_inst.s_ifaces[5].addr_inst.m_select_reg[0]$_SDFFCE_PP1P_/Q	axi_crossbar_inst.axi_crossbar_rd_inst.m_ifaces[6].reg_inst.genblk1.genblk1.s_axi_arready_reg$_SDFF_PP0_/D
456	0.1845	axi_crossbar_inst.axi_crossbar_wr_inst.s_ifaces[I].addr_inst.m_select_reg[J]	axi_crossbar_inst.axi_crossbar_wr_inst.m_ifaces[I].a_arb_inst.grant_valid_reg	axi_crossbar_inst.axi_crossbar_wr_inst.s_ifaces[4].addr_inst.m_select_reg[2]$_SDFFCE_PP1P_/Q	axi_crossbar_inst.axi_crossbar_wr_inst.m_ifaces[4].a_arb_inst.grant_valid_reg$_SDFFE_PP0P_/D
457	0.1856	axi_crossbar_inst.axi_crossbar_rd_inst.m_ifaces[I].a_arb_inst.grant_encoded_reg[J]	axi_crossbar_inst.axi_crossbar_rd_inst.s_ifaces[I].addr_inst.s_axi_aready_reg	axi_crossbar_inst.axi_crossbar_rd_inst.m_ifaces[4].a_arb_inst.grant_encoded_reg[1]$_SDFFE_PP0P_/Q	axi_crossbar_inst.axi_crossbar_rd_inst.s_ifaces[7].addr_inst.s_axi_aready_reg$_SDFF_PP0_/D
458	0.1858	axi_crossbar_inst.axi_crossbar_rd_inst.m_ifaces[I].a_arb_inst.grant_encoded_reg[J]	axi_crossbar_inst.axi_crossbar_rd_inst.m_ifaces[I].reg_inst.genblkJ.genblkK.s_axi_arready_reg	axi_crossbar_inst.axi_crossbar_rd_inst.m_ifaces[4].a_arb_inst.grant_encoded_reg[1]$_SDFFE_PP0P_/Q	axi_crossbar_inst.axi_crossbar_rd_inst.m_ifaces[4].reg_inst.genblk1.genblk1.s_axi_arready_reg$_SDFF_PP0_/D
459	0.1860	axi_crossbar_inst.axi_crossbar_rd_inst.m_ifaces[I].a_arb_inst.grant_reg[J]	axi_crossbar_inst.axi_crossbar_rd_inst.m_ifaces[I].a_arb_inst.grant_encoded_reg[J]	axi_crossbar_inst.axi_crossbar_rd_inst.m_ifaces[3].a_arb_inst.grant_reg[2]$_SDFFE_PP0P_/QN	axi_crossbar_inst.axi_crossbar_rd_inst.m_ifaces[3].a_arb_inst.grant_encoded_reg[0]$_SDFFE_PP0P_/D
460	0.1866	axi_crossbar_inst.axi_crossbar_wr_inst.s_ifaces[I].b_arb_inst.grant_valid_reg	axi_crossbar_inst.axi_crossbar_wr_inst.s_ifaces[I].b_arb_inst.mask_reg[J]	axi_crossbar_inst.axi_crossbar_wr_inst.s_ifaces[5].b_arb_inst.grant_valid_reg$_SDFFE_PP0P_/Q	axi_crossbar_inst.axi_crossbar_wr_inst.s_ifaces[5].b_arb_inst.mask_reg[4]$_SDFFE_PP0P_/D
461	0.1872	axi_crossbar_inst.axi_crossbar_rd_inst.s_ifaces[I].reg_inst.genblkJ.m_axi_rready_reg	axi_crossbar_inst.axi_crossbar_rd_inst.s_ifaces[I].r_arb_inst.grant_reg[J]	axi_crossbar_inst.axi_crossbar_rd_inst.s_ifaces[0].reg_inst.genblk2.m_axi_rready_reg$_SDFF_PP0_/Q	axi_crossbar_inst.axi_crossbar_rd_inst.s_ifaces[0].r_arb_inst.grant_reg[0]$_SDFFE_PP0P_/D
462	0.1876	axi_crossbar_inst.axi_crossbar_wr_inst.s_ifaces[I].addr_inst.match_reg	axi_crossbar_inst.axi_crossbar_wr_inst.s_ifaces[I].addr_inst.trans_count_reg[J]	axi_crossbar_inst.axi_crossbar_wr_inst.s_ifaces[3].addr_inst.match_reg$_SDFFCE_PP1P_/Q	axi_crossbar_inst.axi_crossbar_wr_inst.s_ifaces[3].addr_inst.trans_count_reg[4]$_SDFFE_PP0P_/D
463	0.1878	axi_crossbar_inst.axi_crossbar_wr_inst.s_ifaces[I].b_arb_inst.grant_reg[J]	axi_crossbar_inst.axi_crossbar_wr_inst.s_ifaces[I].b_arb_inst.grant_encoded_reg[J]	axi_crossbar_inst.axi_crossbar_wr_inst.s_ifaces[2].b_arb_inst.grant_reg[3]$_SDFFE_PP0P_/QN	axi_crossbar_inst.axi_crossbar_wr_inst.s_ifaces[2].b_arb_inst.grant_encoded_reg[0]$_SDFFE_PP0P_/D
464	0.1881	axi_crossbar_inst.axi_crossbar_rd_inst.s_ifaces[I].addr_inst.m_select_reg[J]	axi_crossbar_inst.axi_crossbar_rd_inst.m_ifaces[I].reg_inst.genblkJ.genblkK.m_axi_arvalid_reg	axi_crossbar_inst.axi_crossbar_rd_inst.s_ifaces[6].addr_inst.m_select_reg[0]$_SDFFCE_PP1P_/Q	axi_crossbar_inst.axi_crossbar_rd_inst.m_ifaces[0].reg_inst.genblk1.genblk1.m_axi_arvalid_reg$_SDFF_PP0_/D
465	0.1883	axi_crossbar_inst.axi_crossbar_rd_inst.m_ifaces[I].a_arb_inst.mask_reg[J]	axi_crossbar_inst.axi_crossbar_rd_inst.m_ifaces[I].a_arb_inst.grant_encoded_reg[J]	axi_crossbar_inst.axi_crossbar_rd_inst.m_ifaces[3].a_arb_inst.mask_reg[6]$_SDFFE_PP0P_/Q	axi_crossbar_inst.axi_crossbar_rd_inst.m_ifaces[3].a_arb_inst.grant_encoded_reg[0]$_SDFFE_PP0P_/D
466	0.1884	axi_crossbar_inst.axi_crossbar_wr_inst.s_ifaces[I].addr_inst.m_select_reg[J]	axi_crossbar_inst.axi_crossbar_wr_inst.s_ifaces[I].addr_inst.m_axi_avalid_reg	axi_crossbar_inst.axi_crossbar_wr_inst.s_ifaces[7].addr_inst.m_select_reg[1]$_SDFFCE_PP1P_/Q	axi_crossbar_inst.axi_crossbar_wr_inst.s_ifaces[7].addr_inst.m_axi_avalid_reg$_SDFF_PP0_/D
467	0.1885	axi_crossbar_inst.axi_crossbar_rd_inst.s_ifaces[I].addr_inst.thread_id_reg[J][K]	axi_crossbar_inst.axi_crossbar_rd_inst.s_ifaces[I].addr_inst.state_reg[J]	axi_crossbar_inst.axi_crossbar_rd_inst.s_ifaces[1].addr_inst.thread_id_reg[1][6]$_DFFE_PP_/Q	axi_crossbar_inst.axi_crossbar_rd_inst.s_ifaces[1].addr_inst.state_reg[1]$_SDFF_PP0_/D
468	0.1885	axi_crossbar_inst.axi_crossbar_rd_inst.s_ifaces[I].addr_inst.m_axi_avalid_reg	axi_crossbar_inst.axi_crossbar_rd_inst.m_ifaces[I].reg_inst.genblkJ.genblkK.m_axi_arvalid_reg	axi_crossbar_inst.axi_crossbar_rd_inst.s_ifaces[5].addr_inst.m_axi_avalid_reg$_SDFF_PP0_/Q	axi_crossbar_inst.axi_crossbar_rd_inst.m_ifaces[1].reg_inst.genblk1.genblk1.m_axi_arvalid_reg$_SDFF_PP0_/D
469	0.1886	axi_crossbar_inst.axi_crossbar_wr_inst.m_ifaces[I].a_arb_inst.grant_reg[J]	axi_crossbar_inst.axi_crossbar_wr_inst.m_ifaces[I].a_arb_inst.grant_encoded_reg[J]	axi_crossbar_inst.axi_crossbar_wr_inst.m_ifaces[7].a_arb_inst.grant_reg[6]$_SDFFE_PP0P_/QN	axi_crossbar_inst.axi_crossbar_wr_inst.m_ifaces[7].a_arb_inst.grant_encoded_reg[0]$_SDFFE_PP0P_/D
470	0.1887	axi_crossbar_inst.axi_crossbar_rd_inst.s_ifaces[I].r_arb_inst.grant_reg[J]	axi_crossbar_inst.axi_crossbar_rd_inst.s_ifaces[I].r_arb_inst.grant_encoded_reg[J]	axi_crossbar_inst.axi_crossbar_rd_inst.s_ifaces[3].r_arb_inst.grant_reg[3]$_SDFFE_PP0P_/QN	axi_crossbar_inst.axi_crossbar_rd_inst.s_ifaces[3].r_arb_inst.grant_encoded_reg[0]$_SDFFE_PP0P_/D
471	0.1890	axi_crossbar_inst.axi_crossbar_rd_inst.s_ifaces[I].reg_inst.genblkJ.m_axi_rready_reg	axi_crossbar_inst.axi_crossbar_rd_inst.m_ifaces[I].a_arb_inst.grant_valid_reg	axi_crossbar_inst.axi_crossbar_rd_inst.s_ifaces[5].reg_inst.genblk2.m_axi_rready_reg$_SDFF_PP0_/Q	axi_crossbar_inst.axi_crossbar_rd_inst.m_ifaces[2].a_arb_inst.grant_valid_reg$_SDFFE_PP0P_/D
472	0.1899	axi_crossbar_inst.axi_crossbar_wr_inst.m_ifaces[I].reg_inst.genblkJ.genblkK.s_axi_awready_reg	axi_crossbar_inst.axi_crossbar_wr_inst.s_ifaces[I].addr_inst.m_axi_avalid_reg	axi_crossbar_inst.axi_crossbar_wr_inst.m_ifaces[5].reg_inst.genblk1.genblk1.s_axi_awready_reg$_SDFF_PP0_/Q	axi_crossbar_inst.axi_crossbar_wr_inst.s_ifaces[2].addr_inst.m_axi_avalid_reg$_SDFF_PP0_/D
473	0.1902	axi_crossbar_inst.axi_crossbar_rd_inst.s_ifaces[I].addr_inst.m_select_reg[J]	axi_crossbar_inst.axi_crossbar_rd_inst.s_ifaces[I].addr_inst.m_axi_avalid_reg	axi_crossbar_inst.axi_crossbar_rd_inst.s_ifaces[1].addr_inst.m_select_reg[0]$_SDFFCE_PP1P_/Q	axi_crossbar_inst.axi_crossbar_rd_inst.s_ifaces[1].addr_inst.m_axi_avalid_reg$_SDFF_PP0_/D
474	0.1905	mI_axi_wready	axi_crossbar_inst.axi_crossbar_wr_inst.m_ifaces[I].reg_inst.genblkJ.temp_m_axi_wvalid_reg	m01_axi_wready	axi_crossbar_inst.axi_crossbar_wr_inst.m_ifaces[1].reg_inst.genblk2.temp_m_axi_wvalid_reg$_SDFFE_PP0P_/D
475	0.1918	axi_crossbar_inst.axi_crossbar_rd_inst.s_ifaces[I].addr_inst.m_select_reg[J]	axi_crossbar_inst.axi_crossbar_rd_inst.m_ifaces[I].a_arb_inst.grant_valid_reg	axi_crossbar_inst.axi_crossbar_rd_inst.s_ifaces[5].addr_inst.m_select_reg[2]$_SDFFCE_PP1P_/Q	axi_crossbar_inst.axi_crossbar_rd_inst.m_ifaces[3].a_arb_inst.grant_valid_reg$_SDFFE_PP0P_/D
476	0.1945	axi_crossbar_inst.axi_crossbar_rd_inst.s_ifaces[I].reg_inst.genblkJ.m_axi_rready_reg	axi_crossbar_inst.axi_crossbar_rd_inst.s_ifaces[I].r_arb_inst.mask_reg[J]	axi_crossbar_inst.axi_crossbar_rd_inst.s_ifaces[0].reg_inst.genblk2.m_axi_rready_reg$_SDFF_PP0_/Q	axi_crossbar_inst.axi_crossbar_rd_inst.s_ifaces[0].r_arb_inst.mask_reg[1]$_SDFFE_PP0P_/D
477	0.1951	axi_crossbar_inst.axi_crossbar_wr_inst.m_ifaces[I].a_arb_inst.grant_valid_reg	axi_crossbar_inst.axi_crossbar_wr_inst.s_ifaces[I].addr_inst.m_axi_avalid_reg	axi_crossbar_inst.axi_crossbar_wr_inst.m_ifaces[5].a_arb_inst.grant_valid_reg$_SDFFE_PP0P_/Q	axi_crossbar_inst.axi_crossbar_wr_inst.s_ifaces[2].addr_inst.m_axi_avalid_reg$_SDFF_PP0_/D
478	0.1954	axi_crossbar_inst.axi_crossbar_rd_inst.s_ifaces[I].decerr_m_axi_rvalid_reg	axi_crossbar_inst.axi_crossbar_rd_inst.s_ifaces[I].r_arb_inst.grant_encoded_reg[J]	axi_crossbar_inst.axi_crossbar_rd_inst.s_ifaces[7].decerr_m_axi_rvalid_reg$_SDFF_PP0_/Q	axi_crossbar_inst.axi_crossbar_rd_inst.s_ifaces[7].r_arb_inst.grant_encoded_reg[0]$_SDFFE_PP0P_/D
479	0.1960	axi_crossbar_inst.axi_crossbar_rd_inst.m_ifaces[I].reg_inst.genblkJ.genblkK.s_axi_arready_reg	axi_crossbar_inst.axi_crossbar_rd_inst.m_ifaces[I].trans_count_reg[J]	axi_crossbar_inst.axi_crossbar_rd_inst.m_ifaces[2].reg_inst.genblk1.genblk1.s_axi_arready_reg$_SDFF_PP0_/Q	axi_crossbar_inst.axi_crossbar_rd_inst.m_ifaces[2].trans_count_reg[2]$_SDFFE_PP0P_/D
480	0.1962	axi_crossbar_inst.axi_crossbar_wr_inst.s_ifaces[I].w_select_reg[J]	axi_crossbar_inst.axi_crossbar_wr_inst.m_ifaces[I].reg_inst.genblkJ.temp_m_axi_wvalid_reg	axi_crossbar_inst.axi_crossbar_wr_inst.s_ifaces[4].w_select_reg[2]$_DFFE_PP_/Q	axi_crossbar_inst.axi_crossbar_wr_inst.m_ifaces[0].reg_inst.genblk2.temp_m_axi_wvalid_reg$_SDFFE_PP0P_/D
481	0.1964	axi_crossbar_inst.axi_crossbar_rd_inst.s_ifaces[I].addr_inst.thread_id_reg[J][K]	axi_crossbar_inst.axi_crossbar_rd_inst.s_ifaces[I].addr_inst.m_rc_valid_reg	axi_crossbar_inst.axi_crossbar_rd_inst.s_ifaces[4].addr_inst.thread_id_reg[0][3]$_DFFE_PP_/Q	axi_crossbar_inst.axi_crossbar_rd_inst.s_ifaces[4].addr_inst.m_rc_valid_reg$_SDFF_PP0_/D
482	0.1972	sI_axi_awvalid	axi_crossbar_inst.axi_crossbar_wr_inst.s_ifaces[I].addr_inst.m_select_reg[J]	s00_axi_awvalid	axi_crossbar_inst.axi_crossbar_wr_inst.s_ifaces[0].addr_inst.m_select_reg[0]$_SDFFCE_PP1P_/D
483	0.1976	sI_axi_arvalid	axi_crossbar_inst.axi_crossbar_rd_inst.s_ifaces[I].addr_inst.m_select_reg[J]	s01_axi_arvalid	axi_crossbar_inst.axi_crossbar_rd_inst.s_ifaces[1].addr_inst.m_select_reg[0]$_SDFFCE_PP1P_/D
484	0.1977	mI_axi_wready	axi_crossbar_inst.axi_crossbar_wr_inst.m_ifaces[I].reg_inst.genblkJ.m_axi_wlast_reg	m01_axi_wready	axi_crossbar_inst.axi_crossbar_wr_inst.m_ifaces[1].reg_inst.genblk2.m_axi_wlast_reg$_DFFE_PP_/D
485	0.1981	axi_crossbar_inst.axi_crossbar_wr_inst.m_ifaces[I].a_arb_inst.grant_valid_reg	axi_crossbar_inst.axi_crossbar_wr_inst.m_ifaces[I].a_arb_inst.grant_encoded_reg[J]	axi_crossbar_inst.axi_crossbar_wr_inst.m_ifaces[7].a_arb_inst.grant_valid_reg$_SDFFE_PP0P_/Q	axi_crossbar_inst.axi_crossbar_wr_inst.m_ifaces[7].a_arb_inst.grant_encoded_reg[0]$_SDFFE_PP0P_/D
486	0.1986	axi_crossbar_inst.axi_crossbar_wr_inst.m_ifaces[I].reg_inst.genblkJ.genblkK.s_axi_awready_reg	axi_crossbar_inst.axi_crossbar_wr_inst.m_ifaces[I].a_arb_inst.grant_reg[J]	axi_crossbar_inst.axi_crossbar_wr_inst.m_ifaces[0].reg_inst.genblk1.genblk1.s_axi_awready_reg$_SDFF_PP0_/Q	axi_crossbar_inst.axi_crossbar_wr_inst.m_ifaces[0].a_arb_inst.grant_reg[0]$_SDFFE_PP0P_/D
487	0.1990	axi_crossbar_inst.axi_crossbar_wr_inst.s_ifaces[I].addr_inst.m_select_reg[J]	axi_crossbar_inst.axi_crossbar_wr_inst.m_ifaces[I].reg_inst.genblkJ.genblkK.s_axi_awready_reg	axi_crossbar_inst.axi_crossbar_wr_inst.s_ifaces[0].addr_inst.m_select_reg[2]$_SDFFCE_PP1P_/Q	axi_crossbar_inst.axi_crossbar_wr_inst.m_ifaces[5].reg_inst.genblk1.genblk1.s_axi_awready_reg$_SDFF_PP0_/D
488	0.2003	axi_crossbar_inst.axi_crossbar_wr_inst.m_ifaces[I].a_arb_inst.grant_encoded_reg[J]	axi_crossbar_inst.axi_crossbar_wr_inst.s_ifaces[I].addr_inst.m_axi_avalid_reg	axi_crossbar_inst.axi_crossbar_wr_inst.m_ifaces[3].a_arb_inst.grant_encoded_reg[1]$_SDFFE_PP0P_/Q	axi_crossbar_inst.axi_crossbar_wr_inst.s_ifaces[3].addr_inst.m_axi_avalid_reg$_SDFF_PP0_/D
489	0.2009	sI_axi_rready	axi_crossbar_inst.axi_crossbar_rd_inst.s_ifaces[I].reg_inst.genblkJ.temp_s_axi_rvalid_reg	s00_axi_rready	axi_crossbar_inst.axi_crossbar_rd_inst.s_ifaces[0].reg_inst.genblk2.temp_s_axi_rvalid_reg$_SDFFE_PP0P_/D
490	0.2011	axi_crossbar_inst.axi_crossbar_wr_inst.s_ifaces[I].addr_inst.m_select_reg[J]	axi_crossbar_inst.axi_crossbar_wr_inst.m_ifaces[I].w_select_new_reg	axi_crossbar_inst.axi_crossbar_wr_inst.s_ifaces[3].addr_inst.m_select_reg[0]$_SDFFCE_PP1P_/Q	axi_crossbar_inst.axi_crossbar_wr_inst.m_ifaces[3].w_select_new_reg$_SDFF_PP1_/D
491	0.2016	axi_crossbar_inst.axi_crossbar_wr_inst.m_ifaces[I].a_arb_inst.grant_encoded_reg[J]	axi_crossbar_inst.axi_crossbar_wr_inst.m_ifaces[I].reg_inst.genblkJ.genblkK.s_axi_awready_reg	axi_crossbar_inst.axi_crossbar_wr_inst.m_ifaces[3].a_arb_inst.grant_encoded_reg[1]$_SDFFE_PP0P_/Q	axi_crossbar_inst.axi_crossbar_wr_inst.m_ifaces[3].reg_inst.genblk1.genblk1.s_axi_awready_reg$_SDFF_PP0_/D
492	0.2019	axi_crossbar_inst.axi_crossbar_wr_inst.m_ifaces[I].w_select_reg[J]	axi_crossbar_inst.axi_crossbar_wr_inst.m_ifaces[I].reg_inst.genblkJ.temp_m_axi_wvalid_reg	axi_crossbar_inst.axi_crossbar_wr_inst.m_ifaces[0].w_select_reg[0]$_DFFE_PP_/Q	axi_crossbar_inst.axi_crossbar_wr_inst.m_ifaces[0].reg_inst.genblk2.temp_m_axi_wvalid_reg$_SDFFE_PP0P_/D
493	0.2025	axi_crossbar_inst.axi_crossbar_wr_inst.s_ifaces[I].addr_inst.m_select_reg[J]	axi_crossbar_inst.axi_crossbar_wr_inst.s_ifaces[I].addr_inst.m_decerr_reg	axi_crossbar_inst.axi_crossbar_wr_inst.s_ifaces[7].addr_inst.m_select_reg[1]$_SDFFCE_PP1P_/Q	axi_crossbar_inst.axi_crossbar_wr_inst.s_ifaces[7].addr_inst.m_decerr_reg$_SDFFCE_PN1P_/D
494	0.2028	axi_crossbar_inst.axi_crossbar_wr_inst.s_ifaces[I].addr_inst.m_axi_avalid_reg	axi_crossbar_inst.axi_crossbar_wr_inst.m_ifaces[I].reg_inst.genblkJ.genblkK.m_axi_awvalid_reg	axi_crossbar_inst.axi_crossbar_wr_inst.s_ifaces[0].addr_inst.m_axi_avalid_reg$_SDFF_PP0_/Q	axi_crossbar_inst.axi_crossbar_wr_inst.m_ifaces[2].reg_inst.genblk1.genblk1.m_axi_awvalid_reg$_SDFF_PP0_/D
495	0.2035	axi_crossbar_inst.axi_crossbar_rd_inst.s_ifaces[I].r_arb_inst.grant_encoded_reg[J]	axi_crossbar_inst.axi_crossbar_rd_inst.s_ifaces[I].reg_inst.genblkJ.temp_s_axi_rvalid_reg	axi_crossbar_inst.axi_crossbar_rd_inst.s_ifaces[2].r_arb_inst.grant_encoded_reg[1]$_SDFFE_PP0P_/Q	axi_crossbar_inst.axi_crossbar_rd_inst.s_ifaces[2].reg_inst.genblk2.temp_s_axi_rvalid_reg$_SDFFE_PP0P_/D
496	0.2046	axi_crossbar_inst.axi_crossbar_wr_inst.s_ifaces[I].addr_inst.m_select_reg[J]	axi_crossbar_inst.axi_crossbar_wr_inst.s_ifaces[I].addr_inst.m_rc_valid_reg	axi_crossbar_inst.axi_crossbar_wr_inst.s_ifaces[7].addr_inst.m_select_reg[1]$_SDFFCE_PP1P_/Q	axi_crossbar_inst.axi_crossbar_wr_inst.s_ifaces[7].addr_inst.m_rc_valid_reg$_SDFF_PP0_/D
497	0.2046	axi_crossbar_inst.axi_crossbar_rd_inst.m_ifaces[I].a_arb_inst.grant_encoded_reg[J]	axi_crossbar_inst.axi_crossbar_rd_inst.m_ifaces[I].reg_inst.genblkJ.genblkK.m_axi_arvalid_reg	axi_crossbar_inst.axi_crossbar_rd_inst.m_ifaces[4].a_arb_inst.grant_encoded_reg[1]$_SDFFE_PP0P_/Q	axi_crossbar_inst.axi_crossbar_rd_inst.m_ifaces[4].reg_inst.genblk1.genblk1.m_axi_arvalid_reg$_SDFF_PP0_/D
498	0.2047	axi_crossbar_inst.axi_crossbar_wr_inst.s_ifaces[I].w_select_valid_reg	axi_crossbar_inst.axi_crossbar_wr_inst.m_ifaces[I].reg_inst.genblkJ.m_axi_wvalid_reg	axi_crossbar_inst.axi_crossbar_wr_inst.s_ifaces[4].w_select_valid_reg$_SDFF_PP0_/Q	axi_crossbar_inst.axi_crossbar_wr_inst.m_ifaces[1].reg_inst.genblk2.m_axi_wvalid_reg$_SDFFE_PP0P_/D
499	0.2066	axi_crossbar_inst.axi_crossbar_rd_inst.s_ifaces[I].addr_inst.thread_id_reg[J][K]	axi_crossbar_inst.axi_crossbar_rd_inst.s_ifaces[I].addr_inst.m_axi_avalid_reg	axi_crossbar_inst.axi_crossbar_rd_inst.s_ifaces[0].addr_inst.thread_id_reg[0][3]$_DFFE_PP_/Q	axi_crossbar_inst.axi_crossbar_rd_inst.s_ifaces[0].addr_inst.m_axi_avalid_reg$_SDFF_PP0_/D
500	0.2072	axi_crossbar_inst.axi_crossbar_rd_inst.s_ifaces[I].addr_inst.thread_m_reg[J][K]	axi_crossbar_inst.axi_crossbar_rd_inst.s_ifaces[I].addr_inst.thread_id_reg[J][K]	axi_crossbar_inst.axi_crossbar_rd_inst.s_ifaces[6].addr_inst.thread_m_reg[1][2]$_DFFE_PP_/Q	axi_crossbar_inst.axi_crossbar_rd_inst.s_ifaces[6].addr_inst.thread_id_reg[0][0]$_DFFE_PP_/D
501	0.2072	axi_crossbar_inst.axi_crossbar_rd_inst.s_ifaces[I].addr_inst.thread_m_reg[J][K]	axi_crossbar_inst.axi_crossbar_rd_inst.s_ifaces[I].addr_inst.thread_m_reg[J][K]	axi_crossbar_inst.axi_crossbar_rd_inst.s_ifaces[6].addr_inst.thread_m_reg[1][2]$_DFFE_PP_/Q	axi_crossbar_inst.axi_crossbar_rd_inst.s_ifaces[6].addr_inst.thread_m_reg[0][0]$_DFFE_PP_/D
502	0.2080	axi_crossbar_inst.axi_crossbar_wr_inst.s_ifaces[I].w_drop_reg	axi_crossbar_inst.axi_crossbar_wr_inst.m_ifaces[I].a_arb_inst.grant_valid_reg	axi_crossbar_inst.axi_crossbar_wr_inst.s_ifaces[1].w_drop_reg$_DFF_P_/QN	axi_crossbar_inst.axi_crossbar_wr_inst.m_ifaces[5].a_arb_inst.grant_valid_reg$_SDFFE_PP0P_/D
503	0.2080	axi_crossbar_inst.axi_crossbar_wr_inst.m_ifaces[I].w_select_new_reg	axi_crossbar_inst.axi_crossbar_wr_inst.m_ifaces[I].a_arb_inst.grant_reg[J]	axi_crossbar_inst.axi_crossbar_wr_inst.m_ifaces[6].w_select_new_reg$_SDFF_PP1_/Q	axi_crossbar_inst.axi_crossbar_wr_inst.m_ifaces[6].a_arb_inst.grant_reg[5]$_SDFFE_PP0P_/D
504	0.2091	axi_crossbar_inst.axi_crossbar_rd_inst.m_ifaces[I].reg_inst.genblkJ.genblkK.s_axi_arready_reg	axi_crossbar_inst.axi_crossbar_rd_inst.s_ifaces[I].addr_inst.state_reg[J]	axi_crossbar_inst.axi_crossbar_rd_inst.m_ifaces[2].reg_inst.genblk1.genblk1.s_axi_arready_reg$_SDFF_PP0_/Q	axi_crossbar_inst.axi_crossbar_rd_inst.s_ifaces[4].addr_inst.state_reg[1]$_SDFF_PP0_/D
505	0.2091	mI_axi_wready	axi_crossbar_inst.axi_crossbar_wr_inst.m_ifaces[I].reg_inst.genblkJ.temp_m_axi_wlast_reg	m01_axi_wready	axi_crossbar_inst.axi_crossbar_wr_inst.m_ifaces[1].reg_inst.genblk2.temp_m_axi_wlast_reg$_DFFE_PP_/D
506	0.2093	axi_crossbar_inst.axi_crossbar_wr_inst.s_ifaces[I].addr_inst.m_axi_avalid_reg	axi_crossbar_inst.axi_crossbar_wr_inst.m_ifaces[I].a_arb_inst.grant_valid_reg	axi_crossbar_inst.axi_crossbar_wr_inst.s_ifaces[4].addr_inst.m_axi_avalid_reg$_SDFF_PP0_/Q	axi_crossbar_inst.axi_crossbar_wr_inst.m_ifaces[4].a_arb_inst.grant_valid_reg$_SDFFE_PP0P_/D
507	0.2109	axi_crossbar_inst.axi_crossbar_wr_inst.m_ifaces[I].w_select_reg[J]	axi_crossbar_inst.axi_crossbar_wr_inst.m_ifaces[I].w_select_valid_reg	axi_crossbar_inst.axi_crossbar_wr_inst.m_ifaces[2].w_select_reg[1]$_DFFE_PP_/Q	axi_crossbar_inst.axi_crossbar_wr_inst.m_ifaces[2].w_select_valid_reg$_SDFF_PP0_/D
508	0.2125	axi_crossbar_inst.axi_crossbar_wr_inst.m_ifaces[I].w_select_valid_reg	axi_crossbar_inst.axi_crossbar_wr_inst.m_ifaces[I].a_arb_inst.grant_reg[J]	axi_crossbar_inst.axi_crossbar_wr_inst.m_ifaces[3].w_select_valid_reg$_SDFF_PP0_/Q	axi_crossbar_inst.axi_crossbar_wr_inst.m_ifaces[3].a_arb_inst.grant_reg[6]$_SDFFE_PP0P_/D
509	0.2130	axi_crossbar_inst.axi_crossbar_wr_inst.s_ifaces[I].addr_inst.m_select_reg[J]	axi_crossbar_inst.axi_crossbar_wr_inst.m_ifaces[I].reg_inst.genblkJ.genblkK.m_axi_awvalid_reg	axi_crossbar_inst.axi_crossbar_wr_inst.s_ifaces[0].addr_inst.m_select_reg[2]$_SDFFCE_PP1P_/Q	axi_crossbar_inst.axi_crossbar_wr_inst.m_ifaces[5].reg_inst.genblk1.genblk1.m_axi_awvalid_reg$_SDFF_PP0_/D
510	0.2130	axi_crossbar_inst.axi_crossbar_rd_inst.s_ifaces[I].reg_inst.genblkJ.m_axi_rready_reg	axi_crossbar_inst.axi_crossbar_rd_inst.s_ifaces[I].decerr_len_reg[J]	axi_crossbar_inst.axi_crossbar_rd_inst.s_ifaces[2].reg_inst.genblk2.m_axi_rready_reg$_SDFF_PP0_/Q	axi_crossbar_inst.axi_crossbar_rd_inst.s_ifaces[2].decerr_len_reg[0]$_DFFE_PP_/D
511	0.2130	axi_crossbar_inst.axi_crossbar_rd_inst.s_ifaces[I].reg_inst.genblkJ.m_axi_rready_reg	axi_crossbar_inst.axi_crossbar_rd_inst.s_ifaces[I].decerr_m_axi_rlast_reg	axi_crossbar_inst.axi_crossbar_rd_inst.s_ifaces[2].reg_inst.genblk2.m_axi_rready_reg$_SDFF_PP0_/Q	axi_crossbar_inst.axi_crossbar_rd_inst.s_ifaces[2].decerr_m_axi_rlast_reg$_DFFE_PP_/D
512	0.2133	axi_crossbar_inst.axi_crossbar_rd_inst.s_ifaces[I].decerr_m_axi_rlast_reg	axi_crossbar_inst.axi_crossbar_rd_inst.s_ifaces[I].addr_inst.thread_id_reg[J][K]	axi_crossbar_inst.axi_crossbar_rd_inst.s_ifaces[1].decerr_m_axi_rlast_reg$_DFFE_PP_/Q	axi_crossbar_inst.axi_crossbar_rd_inst.s_ifaces[1].addr_inst.thread_id_reg[0][0]$_DFFE_PP_/D
513	0.2133	axi_crossbar_inst.axi_crossbar_rd_inst.s_ifaces[I].decerr_m_axi_rlast_reg	axi_crossbar_inst.axi_crossbar_rd_inst.s_ifaces[I].addr_inst.thread_m_reg[J][K]	axi_crossbar_inst.axi_crossbar_rd_inst.s_ifaces[1].decerr_m_axi_rlast_reg$_DFFE_PP_/Q	axi_crossbar_inst.axi_crossbar_rd_inst.s_ifaces[1].addr_inst.thread_m_reg[0][0]$_DFFE_PP_/D
514	0.2136	axi_crossbar_inst.axi_crossbar_wr_inst.s_ifaces[I].w_drop_reg	axi_crossbar_inst.axi_crossbar_wr_inst.m_ifaces[I].reg_inst.genblkJ.temp_m_axi_wvalid_reg	axi_crossbar_inst.axi_crossbar_wr_inst.s_ifaces[1].w_drop_reg$_DFF_P_/QN	axi_crossbar_inst.axi_crossbar_wr_inst.m_ifaces[5].reg_inst.genblk2.temp_m_axi_wvalid_reg$_SDFFE_PP0P_/D
515	0.2138	axi_crossbar_inst.axi_crossbar_rd_inst.m_ifaces[I].reg_inst.genblkJ.genblkK.s_axi_arready_reg	axi_crossbar_inst.axi_crossbar_rd_inst.s_ifaces[I].addr_inst.s_axi_aready_reg	axi_crossbar_inst.axi_crossbar_rd_inst.m_ifaces[2].reg_inst.genblk1.genblk1.s_axi_arready_reg$_SDFF_PP0_/Q	axi_crossbar_inst.axi_crossbar_rd_inst.s_ifaces[4].addr_inst.s_axi_aready_reg$_SDFF_PP0_/D
516	0.2138	axi_crossbar_inst.axi_crossbar_rd_inst.s_ifaces[I].addr_inst.m_axi_avalid_reg	axi_crossbar_inst.axi_crossbar_rd_inst.m_ifaces[I].a_arb_inst.grant_valid_reg	axi_crossbar_inst.axi_crossbar_rd_inst.s_ifaces[2].addr_inst.m_axi_avalid_reg$_SDFF_PP0_/Q	axi_crossbar_inst.axi_crossbar_rd_inst.m_ifaces[2].a_arb_inst.grant_valid_reg$_SDFFE_PP0P_/D
517	0.2142	axi_crossbar_inst.axi_crossbar_rd_inst.s_ifaces[I].r_arb_inst.grant_valid_reg	axi_crossbar_inst.axi_crossbar_rd_inst.s_ifaces[I].decerr_len_reg[J]	axi_crossbar_inst.axi_crossbar_rd_inst.s_ifaces[2].r_arb_inst.grant_valid_reg$_SDFFE_PP0P_/Q	axi_crossbar_inst.axi_crossbar_rd_inst.s_ifaces[2].decerr_len_reg[0]$_DFFE_PP_/D
518	0.2142	axi_crossbar_inst.axi_crossbar_rd_inst.s_ifaces[I].r_arb_inst.grant_valid_reg	axi_crossbar_inst.axi_crossbar_rd_inst.s_ifaces[I].decerr_m_axi_rlast_reg	axi_crossbar_inst.axi_crossbar_rd_inst.s_ifaces[2].r_arb_inst.grant_valid_reg$_SDFFE_PP0P_/Q	axi_crossbar_inst.axi_crossbar_rd_inst.s_ifaces[2].decerr_m_axi_rlast_reg$_DFFE_PP_/D
519	0.2144	axi_crossbar_inst.axi_crossbar_wr_inst.m_ifaces[I].a_arb_inst.grant_encoded_reg[J]	axi_crossbar_inst.axi_crossbar_wr_inst.m_ifaces[I].reg_inst.genblkJ.genblkK.m_axi_awvalid_reg	axi_crossbar_inst.axi_crossbar_wr_inst.m_ifaces[1].a_arb_inst.grant_encoded_reg[1]$_SDFFE_PP0P_/Q	axi_crossbar_inst.axi_crossbar_wr_inst.m_ifaces[1].reg_inst.genblk1.genblk1.m_axi_awvalid_reg$_SDFF_PP0_/D
520	0.2151	axi_crossbar_inst.axi_crossbar_wr_inst.s_ifaces[I].addr_inst.m_axi_avalid_reg	axi_crossbar_inst.axi_crossbar_wr_inst.m_ifaces[I].reg_inst.genblkJ.genblkK.s_axi_awready_reg	axi_crossbar_inst.axi_crossbar_wr_inst.s_ifaces[0].addr_inst.m_axi_avalid_reg$_SDFF_PP0_/Q	axi_crossbar_inst.axi_crossbar_wr_inst.m_ifaces[2].reg_inst.genblk1.genblk1.s_axi_awready_reg$_SDFF_PP0_/D
521	0.2156	axi_crossbar_inst.axi_crossbar_rd_inst.s_ifaces[I].decerr_m_axi_rlast_reg	axi_crossbar_inst.axi_crossbar_rd_inst.s_ifaces[I].r_arb_inst.mask_reg[J]	axi_crossbar_inst.axi_crossbar_rd_inst.s_ifaces[5].decerr_m_axi_rlast_reg$_DFFE_PP_/Q	axi_crossbar_inst.axi_crossbar_rd_inst.s_ifaces[5].r_arb_inst.mask_reg[0]$_SDFFE_PP0P_/D
522	0.2157	axi_crossbar_inst.axi_crossbar_wr_inst.s_ifaces[I].decerr_m_axi_bvalid_reg	axi_crossbar_inst.axi_crossbar_wr_inst.s_ifaces[I].b_arb_inst.grant_encoded_reg[J]	axi_crossbar_inst.axi_crossbar_wr_inst.s_ifaces[4].decerr_m_axi_bvalid_reg$_SDFF_PP0_/Q	axi_crossbar_inst.axi_crossbar_wr_inst.s_ifaces[4].b_arb_inst.grant_encoded_reg[0]$_SDFFE_PP0P_/D
523	0.2173	axi_crossbar_inst.axi_crossbar_wr_inst.s_ifaces[I].w_select_reg[J]	axi_crossbar_inst.axi_crossbar_wr_inst.m_ifaces[I].reg_inst.genblkJ.m_axi_wvalid_reg	axi_crossbar_inst.axi_crossbar_wr_inst.s_ifaces[6].w_select_reg[1]$_DFFE_PP_/Q	axi_crossbar_inst.axi_crossbar_wr_inst.m_ifaces[2].reg_inst.genblk2.m_axi_wvalid_reg$_SDFFE_PP0P_/D
524	0.2177	axi_crossbar_inst.axi_crossbar_wr_inst.s_ifaces[I].w_select_reg[J]	axi_crossbar_inst.axi_crossbar_wr_inst.s_ifaces[I].w_drop_reg	axi_crossbar_inst.axi_crossbar_wr_inst.s_ifaces[7].w_select_reg[0]$_DFFE_PP_/Q	axi_crossbar_inst.axi_crossbar_wr_inst.s_ifaces[7].w_drop_reg$_DFF_P_/D
525	0.2179	axi_crossbar_inst.axi_crossbar_wr_inst.s_ifaces[I].b_arb_inst.grant_valid_reg	axi_crossbar_inst.axi_crossbar_wr_inst.s_ifaces[I].b_arb_inst.grant_reg[J]	axi_crossbar_inst.axi_crossbar_wr_inst.s_ifaces[7].b_arb_inst.grant_valid_reg$_SDFFE_PP0P_/Q	axi_crossbar_inst.axi_crossbar_wr_inst.s_ifaces[7].b_arb_inst.grant_reg[0]$_SDFFE_PP0P_/D
526	0.2182	axi_crossbar_inst.axi_crossbar_rd_inst.s_ifaces[I].addr_inst.m_select_reg[J]	axi_crossbar_inst.axi_crossbar_rd_inst.s_ifaces[I].addr_inst.m_rc_valid_reg	axi_crossbar_inst.axi_crossbar_rd_inst.s_ifaces[6].addr_inst.m_select_reg[0]$_SDFFCE_PP1P_/Q	axi_crossbar_inst.axi_crossbar_rd_inst.s_ifaces[6].addr_inst.m_rc_valid_reg$_SDFF_PP0_/D
527	0.2190	axi_crossbar_inst.axi_crossbar_rd_inst.s_ifaces[I].r_arb_inst.grant_valid_reg	axi_crossbar_inst.axi_crossbar_rd_inst.s_ifaces[I].addr_inst.thread_id_reg[J][K]	axi_crossbar_inst.axi_crossbar_rd_inst.s_ifaces[5].r_arb_inst.grant_valid_reg$_SDFFE_PP0P_/Q	axi_crossbar_inst.axi_crossbar_rd_inst.s_ifaces[5].addr_inst.thread_id_reg[1][0]$_DFFE_PP_/D
528	0.2190	axi_crossbar_inst.axi_crossbar_rd_inst.s_ifaces[I].r_arb_inst.grant_valid_reg	axi_crossbar_inst.axi_crossbar_rd_inst.s_ifaces[I].addr_inst.thread_m_reg[J][K]	axi_crossbar_inst.axi_crossbar_rd_inst.s_ifaces[5].r_arb_inst.grant_valid_reg$_SDFFE_PP0P_/Q	axi_crossbar_inst.axi_crossbar_rd_inst.s_ifaces[5].addr_inst.thread_m_reg[1][0]$_DFFE_PP_/D
529	0.2191	axi_crossbar_inst.axi_crossbar_rd_inst.s_ifaces[I].r_arb_inst.grant_encoded_reg[J]	axi_crossbar_inst.axi_crossbar_rd_inst.s_ifaces[I].reg_inst.genblkJ.s_axi_rlast_reg	axi_crossbar_inst.axi_crossbar_rd_inst.s_ifaces[4].r_arb_inst.grant_encoded_reg[1]$_SDFFE_PP0P_/Q	axi_crossbar_inst.axi_crossbar_rd_inst.s_ifaces[4].reg_inst.genblk2.s_axi_rlast_reg$_DFFE_PP_/D
530	0.2202	axi_crossbar_inst.axi_crossbar_rd_inst.s_ifaces[I].decerr_len_reg[J]	axi_crossbar_inst.axi_crossbar_rd_inst.s_ifaces[I].decerr_m_axi_rlast_reg	axi_crossbar_inst.axi_crossbar_rd_inst.s_ifaces[6].decerr_len_reg[1]$_DFFE_PP_/QN	axi_crossbar_inst.axi_crossbar_rd_inst.s_ifaces[6].decerr_m_axi_rlast_reg$_DFFE_PP_/D
531	0.2207	mI_axi_wready	axi_crossbar_inst.axi_crossbar_wr_inst.m_ifaces[I].reg_inst.genblkJ.m_axi_wvalid_reg	m01_axi_wready	axi_crossbar_inst.axi_crossbar_wr_inst.m_ifaces[1].reg_inst.genblk2.m_axi_wvalid_reg$_SDFFE_PP0P_/D
532	0.2207	axi_crossbar_inst.axi_crossbar_rd_inst.m_ifaces[I].a_arb_inst.grant_valid_reg	axi_crossbar_inst.axi_crossbar_rd_inst.s_ifaces[I].addr_inst.state_reg[J]	axi_crossbar_inst.axi_crossbar_rd_inst.m_ifaces[6].a_arb_inst.grant_valid_reg$_SDFFE_PP0P_/Q	axi_crossbar_inst.axi_crossbar_rd_inst.s_ifaces[4].addr_inst.state_reg[1]$_SDFF_PP0_/D
533	0.2211	axi_crossbar_inst.axi_crossbar_wr_inst.m_ifaces[I].w_select_reg[J]	axi_crossbar_inst.axi_crossbar_wr_inst.m_ifaces[I].reg_inst.genblkJ.m_axi_wvalid_reg	axi_crossbar_inst.axi_crossbar_wr_inst.m_ifaces[3].w_select_reg[2]$_DFFE_PP_/Q	axi_crossbar_inst.axi_crossbar_wr_inst.m_ifaces[3].reg_inst.genblk2.m_axi_wvalid_reg$_SDFFE_PP0P_/D
534	0.2216	axi_crossbar_inst.axi_crossbar_rd_inst.s_ifaces[I].r_arb_inst.grant_encoded_reg[J]	axi_crossbar_inst.axi_crossbar_rd_inst.s_ifaces[I].reg_inst.genblkJ.m_axi_rready_reg	axi_crossbar_inst.axi_crossbar_rd_inst.s_ifaces[1].r_arb_inst.grant_encoded_reg[1]$_SDFFE_PP0P_/Q	axi_crossbar_inst.axi_crossbar_rd_inst.s_ifaces[1].reg_inst.genblk2.m_axi_rready_reg$_SDFF_PP0_/D
535	0.2222	axi_crossbar_inst.axi_crossbar_wr_inst.m_ifaces[I].reg_inst.genblkJ.s_axi_wready_reg	axi_crossbar_inst.axi_crossbar_wr_inst.s_ifaces[I].w_drop_reg	axi_crossbar_inst.axi_crossbar_wr_inst.m_ifaces[2].reg_inst.genblk2.s_axi_wready_reg$_SDFF_PP0_/Q	axi_crossbar_inst.axi_crossbar_wr_inst.s_ifaces[7].w_drop_reg$_DFF_P_/D
536	0.2226	axi_crossbar_inst.axi_crossbar_wr_inst.s_ifaces[I].decerr_m_axi_bvalid_reg	axi_crossbar_inst.axi_crossbar_wr_inst.s_ifaces[I].addr_inst.state_reg[J]	axi_crossbar_inst.axi_crossbar_wr_inst.s_ifaces[4].decerr_m_axi_bvalid_reg$_SDFF_PP0_/Q	axi_crossbar_inst.axi_crossbar_wr_inst.s_ifaces[4].addr_inst.state_reg[1]$_SDFF_PP0_/D
537	0.2231	axi_crossbar_inst.axi_crossbar_wr_inst.s_ifaces[I].decerr_m_axi_bvalid_reg	axi_crossbar_inst.axi_crossbar_wr_inst.s_ifaces[I].addr_inst.m_decerr_reg	axi_crossbar_inst.axi_crossbar_wr_inst.s_ifaces[4].decerr_m_axi_bvalid_reg$_SDFF_PP0_/Q	axi_crossbar_inst.axi_crossbar_wr_inst.s_ifaces[4].addr_inst.m_decerr_reg$_SDFFCE_PN1P_/D
538	0.2241	sI_axi_rready	axi_crossbar_inst.axi_crossbar_rd_inst.s_ifaces[I].reg_inst.genblkJ.m_axi_rready_reg	s02_axi_rready	axi_crossbar_inst.axi_crossbar_rd_inst.s_ifaces[2].reg_inst.genblk2.m_axi_rready_reg$_SDFF_PP0_/D
539	0.2252	axi_crossbar_inst.axi_crossbar_rd_inst.m_ifaces[I].a_arb_inst.grant_encoded_reg[J]	axi_crossbar_inst.axi_crossbar_rd_inst.s_ifaces[I].addr_inst.m_axi_avalid_reg	axi_crossbar_inst.axi_crossbar_rd_inst.m_ifaces[4].a_arb_inst.grant_encoded_reg[1]$_SDFFE_PP0P_/Q	axi_crossbar_inst.axi_crossbar_rd_inst.s_ifaces[7].addr_inst.m_axi_avalid_reg$_SDFF_PP0_/D
540	0.2255	axi_crossbar_inst.axi_crossbar_rd_inst.m_ifaces[I].a_arb_inst.grant_valid_reg	axi_crossbar_inst.axi_crossbar_rd_inst.s_ifaces[I].addr_inst.s_axi_aready_reg	axi_crossbar_inst.axi_crossbar_rd_inst.m_ifaces[6].a_arb_inst.grant_valid_reg$_SDFFE_PP0P_/Q	axi_crossbar_inst.axi_crossbar_rd_inst.s_ifaces[4].addr_inst.s_axi_aready_reg$_SDFF_PP0_/D
541	0.2263	axi_crossbar_inst.axi_crossbar_wr_inst.s_ifaces[I].b_arb_inst.grant_encoded_reg[J]	axi_crossbar_inst.axi_crossbar_wr_inst.s_ifaces[I].reg_inst.genblkJ.genblkK.m_axi_bready_reg	axi_crossbar_inst.axi_crossbar_wr_inst.s_ifaces[1].b_arb_inst.grant_encoded_reg[1]$_SDFFE_PP0P_/Q	axi_crossbar_inst.axi_crossbar_wr_inst.s_ifaces[1].reg_inst.genblk3.genblk1.m_axi_bready_reg$_SDFF_PP0_/D
542	0.2264	axi_crossbar_inst.axi_crossbar_rd_inst.s_ifaces[I].r_arb_inst.grant_encoded_reg[J]	axi_crossbar_inst.axi_crossbar_rd_inst.s_ifaces[I].reg_inst.genblkJ.s_axi_rvalid_reg	axi_crossbar_inst.axi_crossbar_rd_inst.s_ifaces[2].r_arb_inst.grant_encoded_reg[1]$_SDFFE_PP0P_/Q	axi_crossbar_inst.axi_crossbar_rd_inst.s_ifaces[2].reg_inst.genblk2.s_axi_rvalid_reg$_SDFFE_PP0P_/D
543	0.2266	axi_crossbar_inst.axi_crossbar_wr_inst.s_ifaces[I].b_arb_inst.grant_valid_reg	axi_crossbar_inst.axi_crossbar_wr_inst.s_ifaces[I].b_arb_inst.grant_encoded_reg[J]	axi_crossbar_inst.axi_crossbar_wr_inst.s_ifaces[5].b_arb_inst.grant_valid_reg$_SDFFE_PP0P_/Q	axi_crossbar_inst.axi_crossbar_wr_inst.s_ifaces[5].b_arb_inst.grant_encoded_reg[2]$_SDFFE_PP0P_/D
544	0.2277	axi_crossbar_inst.axi_crossbar_wr_inst.s_ifaces[I].b_arb_inst.grant_encoded_reg[J]	axi_crossbar_inst.axi_crossbar_wr_inst.s_ifaces[I].reg_inst.genblkJ.genblkK.s_axi_bvalid_reg	axi_crossbar_inst.axi_crossbar_wr_inst.s_ifaces[1].b_arb_inst.grant_encoded_reg[1]$_SDFFE_PP0P_/Q	axi_crossbar_inst.axi_crossbar_wr_inst.s_ifaces[1].reg_inst.genblk3.genblk1.s_axi_bvalid_reg$_SDFF_PP0_/D
545	0.2281	axi_crossbar_inst.axi_crossbar_wr_inst.m_ifaces[I].w_select_new_reg	axi_crossbar_inst.axi_crossbar_wr_inst.m_ifaces[I].a_arb_inst.grant_encoded_reg[J]	axi_crossbar_inst.axi_crossbar_wr_inst.m_ifaces[7].w_select_new_reg$_SDFF_PP1_/Q	axi_crossbar_inst.axi_crossbar_wr_inst.m_ifaces[7].a_arb_inst.grant_encoded_reg[0]$_SDFFE_PP0P_/D
546	0.2287	axi_crossbar_inst.axi_crossbar_wr_inst.s_ifaces[I].addr_inst.m_axi_avalid_reg	axi_crossbar_inst.axi_crossbar_wr_inst.m_ifaces[I].w_select_new_reg	axi_crossbar_inst.axi_crossbar_wr_inst.s_ifaces[3].addr_inst.m_axi_avalid_reg$_SDFF_PP0_/Q	axi_crossbar_inst.axi_crossbar_wr_inst.m_ifaces[3].w_select_new_reg$_SDFF_PP1_/D
547	0.2294	sI_axi_arlen[J]	axi_crossbar_inst.axi_crossbar_rd_inst.s_ifaces[I].decerr_len_reg[J]	s00_axi_arlen[2]	axi_crossbar_inst.axi_crossbar_rd_inst.s_ifaces[0].decerr_len_reg[2]$_DFFE_PP_/D
548	0.2299	axi_crossbar_inst.axi_crossbar_wr_inst.m_ifaces[I].reg_inst.genblkJ.genblkK.s_axi_awready_reg	axi_crossbar_inst.axi_crossbar_wr_inst.m_ifaces[I].trans_count_reg[J]	axi_crossbar_inst.axi_crossbar_wr_inst.m_ifaces[5].reg_inst.genblk1.genblk1.s_axi_awready_reg$_SDFF_PP0_/Q	axi_crossbar_inst.axi_crossbar_wr_inst.m_ifaces[5].trans_count_reg[2]$_SDFFE_PP0P_/D
549	0.2307	axi_crossbar_inst.axi_crossbar_wr_inst.s_ifaces[I].decerr_m_axi_bvalid_reg	axi_crossbar_inst.axi_crossbar_wr_inst.s_ifaces[I].addr_inst.m_axi_avalid_reg	axi_crossbar_inst.axi_crossbar_wr_inst.s_ifaces[4].decerr_m_axi_bvalid_reg$_SDFF_PP0_/Q	axi_crossbar_inst.axi_crossbar_wr_inst.s_ifaces[4].addr_inst.m_axi_avalid_reg$_SDFF_PP0_/D
550	0.2308	sI_axi_wlast	axi_crossbar_inst.axi_crossbar_wr_inst.s_ifaces[I].w_drop_reg	s07_axi_wlast	axi_crossbar_inst.axi_crossbar_wr_inst.s_ifaces[7].w_drop_reg$_DFF_P_/D
551	0.2319	axi_crossbar_inst.axi_crossbar_wr_inst.m_ifaces[I].w_select_reg[J]	axi_crossbar_inst.axi_crossbar_wr_inst.m_ifaces[I].reg_inst.genblkJ.m_axi_wlast_reg	axi_crossbar_inst.axi_crossbar_wr_inst.m_ifaces[0].w_select_reg[1]$_DFFE_PP_/Q	axi_crossbar_inst.axi_crossbar_wr_inst.m_ifaces[0].reg_inst.genblk2.m_axi_wlast_reg$_DFFE_PP_/D
552	0.2323	sI_axi_awvalid	axi_crossbar_inst.axi_crossbar_wr_inst.s_ifaces[I].addr_inst.match_reg	s00_axi_awvalid	axi_crossbar_inst.axi_crossbar_wr_inst.s_ifaces[0].addr_inst.match_reg$_SDFFCE_PP1P_/D
553	0.2325	axi_crossbar_inst.axi_crossbar_wr_inst.m_ifaces[I].reg_inst.genblkJ.genblkK.s_axi_awready_reg	axi_crossbar_inst.axi_crossbar_wr_inst.m_ifaces[I].a_arb_inst.mask_reg[J]	axi_crossbar_inst.axi_crossbar_wr_inst.m_ifaces[0].reg_inst.genblk1.genblk1.s_axi_awready_reg$_SDFF_PP0_/Q	axi_crossbar_inst.axi_crossbar_wr_inst.m_ifaces[0].a_arb_inst.mask_reg[2]$_SDFFE_PP0P_/D
554	0.2326	sI_axi_arvalid	axi_crossbar_inst.axi_crossbar_rd_inst.s_ifaces[I].addr_inst.match_reg	s03_axi_arvalid	axi_crossbar_inst.axi_crossbar_rd_inst.s_ifaces[3].addr_inst.match_reg$_SDFFCE_PP1P_/D
555	0.2328	axi_crossbar_inst.axi_crossbar_wr_inst.s_ifaces[I].b_arb_inst.grant_valid_reg	axi_crossbar_inst.axi_crossbar_wr_inst.s_ifaces[I].addr_inst.thread_id_reg[J][K]	axi_crossbar_inst.axi_crossbar_wr_inst.s_ifaces[1].b_arb_inst.grant_valid_reg$_SDFFE_PP0P_/Q	axi_crossbar_inst.axi_crossbar_wr_inst.s_ifaces[1].addr_inst.thread_id_reg[1][0]$_DFFE_PP_/D
556	0.2328	axi_crossbar_inst.axi_crossbar_wr_inst.s_ifaces[I].b_arb_inst.grant_valid_reg	axi_crossbar_inst.axi_crossbar_wr_inst.s_ifaces[I].addr_inst.thread_m_reg[J][K]	axi_crossbar_inst.axi_crossbar_wr_inst.s_ifaces[1].b_arb_inst.grant_valid_reg$_SDFFE_PP0P_/Q	axi_crossbar_inst.axi_crossbar_wr_inst.s_ifaces[1].addr_inst.thread_m_reg[1][0]$_DFFE_PP_/D
557	0.2336	axi_crossbar_inst.axi_crossbar_rd_inst.s_ifaces[I].reg_inst.genblkJ.m_axi_rready_reg	axi_crossbar_inst.axi_crossbar_rd_inst.s_ifaces[I].addr_inst.m_axi_avalid_reg	axi_crossbar_inst.axi_crossbar_rd_inst.s_ifaces[0].reg_inst.genblk2.m_axi_rready_reg$_SDFF_PP0_/Q	axi_crossbar_inst.axi_crossbar_rd_inst.s_ifaces[0].addr_inst.m_axi_avalid_reg$_SDFF_PP0_/D
558	0.2339	axi_crossbar_inst.axi_crossbar_wr_inst.s_ifaces[I].reg_inst.genblkJ.genblkK.m_axi_bready_reg	axi_crossbar_inst.axi_crossbar_wr_inst.s_ifaces[I].addr_inst.thread_id_reg[J][K]	axi_crossbar_inst.axi_crossbar_wr_inst.s_ifaces[1].reg_inst.genblk3.genblk1.m_axi_bready_reg$_SDFF_PP0_/Q	axi_crossbar_inst.axi_crossbar_wr_inst.s_ifaces[1].addr_inst.thread_id_reg[1][0]$_DFFE_PP_/D
559	0.2339	axi_crossbar_inst.axi_crossbar_wr_inst.s_ifaces[I].reg_inst.genblkJ.genblkK.m_axi_bready_reg	axi_crossbar_inst.axi_crossbar_wr_inst.s_ifaces[I].addr_inst.thread_m_reg[J][K]	axi_crossbar_inst.axi_crossbar_wr_inst.s_ifaces[1].reg_inst.genblk3.genblk1.m_axi_bready_reg$_SDFF_PP0_/Q	axi_crossbar_inst.axi_crossbar_wr_inst.s_ifaces[1].addr_inst.thread_m_reg[1][0]$_DFFE_PP_/D
560	0.2346	axi_crossbar_inst.axi_crossbar_wr_inst.m_ifaces[I].a_arb_inst.grant_valid_reg	axi_crossbar_inst.axi_crossbar_wr_inst.m_ifaces[I].trans_count_reg[J]	axi_crossbar_inst.axi_crossbar_wr_inst.m_ifaces[7].a_arb_inst.grant_valid_reg$_SDFFE_PP0P_/Q	axi_crossbar_inst.axi_crossbar_wr_inst.m_ifaces[7].trans_count_reg[2]$_SDFFE_PP0P_/D
561	0.2347	axi_crossbar_inst.axi_crossbar_wr_inst.s_ifaces[I].decerr_m_axi_bvalid_reg	axi_crossbar_inst.axi_crossbar_wr_inst.s_ifaces[I].addr_inst.m_rc_valid_reg	axi_crossbar_inst.axi_crossbar_wr_inst.s_ifaces[4].decerr_m_axi_bvalid_reg$_SDFF_PP0_/Q	axi_crossbar_inst.axi_crossbar_wr_inst.s_ifaces[4].addr_inst.m_rc_valid_reg$_SDFF_PP0_/D
562	0.2351	axi_crossbar_inst.axi_crossbar_wr_inst.m_ifaces[I].w_select_valid_reg	axi_crossbar_inst.axi_crossbar_wr_inst.s_ifaces[I].w_drop_reg	axi_crossbar_inst.axi_crossbar_wr_inst.m_ifaces[2].w_select_valid_reg$_SDFF_PP0_/Q	axi_crossbar_inst.axi_crossbar_wr_inst.s_ifaces[7].w_drop_reg$_DFF_P_/D
563	0.2355	axi_crossbar_inst.axi_crossbar_wr_inst.s_ifaces[I].addr_inst.m_select_reg[J]	axi_crossbar_inst.axi_crossbar_wr_inst.s_ifaces[I].addr_inst.m_wc_valid_reg	axi_crossbar_inst.axi_crossbar_wr_inst.s_ifaces[2].addr_inst.m_select_reg[1]$_SDFFCE_PP1P_/Q	axi_crossbar_inst.axi_crossbar_wr_inst.s_ifaces[2].addr_inst.m_wc_valid_reg$_SDFF_PP0_/D
564	0.2383	axi_crossbar_inst.axi_crossbar_rd_inst.s_ifaces[I].reg_inst.genblkJ.m_axi_rready_reg	axi_crossbar_inst.axi_crossbar_rd_inst.s_ifaces[I].r_arb_inst.grant_encoded_reg[J]	axi_crossbar_inst.axi_crossbar_rd_inst.s_ifaces[0].reg_inst.genblk2.m_axi_rready_reg$_SDFF_PP0_/Q	axi_crossbar_inst.axi_crossbar_rd_inst.s_ifaces[0].r_arb_inst.grant_encoded_reg[2]$_SDFFE_PP0P_/D
565	0.2388	axi_crossbar_inst.axi_crossbar_wr_inst.s_ifaces[I].w_select_reg[J]	axi_crossbar_inst.axi_crossbar_wr_inst.m_ifaces[I].reg_inst.genblkJ.s_axi_wready_reg	axi_crossbar_inst.axi_crossbar_wr_inst.s_ifaces[3].w_select_reg[2]$_DFFE_PP_/Q	axi_crossbar_inst.axi_crossbar_wr_inst.m_ifaces[4].reg_inst.genblk2.s_axi_wready_reg$_SDFF_PP0_/D
566	0.2392	axi_crossbar_inst.axi_crossbar_wr_inst.m_ifaces[I].w_select_reg[J]	axi_crossbar_inst.axi_crossbar_wr_inst.m_ifaces[I].reg_inst.genblkJ.s_axi_wready_reg	axi_crossbar_inst.axi_crossbar_wr_inst.m_ifaces[4].w_select_reg[0]$_DFFE_PP_/Q	axi_crossbar_inst.axi_crossbar_wr_inst.m_ifaces[4].reg_inst.genblk2.s_axi_wready_reg$_SDFF_PP0_/D
567	0.2400	axi_crossbar_inst.axi_crossbar_rd_inst.s_ifaces[I].decerr_len_reg[J]	axi_crossbar_inst.axi_crossbar_rd_inst.s_ifaces[I].decerr_len_reg[J]	axi_crossbar_inst.axi_crossbar_rd_inst.s_ifaces[2].decerr_len_reg[1]$_DFFE_PP_/QN	axi_crossbar_inst.axi_crossbar_rd_inst.s_ifaces[2].decerr_len_reg[7]$_DFFE_PP_/D
568	0.2403	axi_crossbar_inst.axi_crossbar_wr_inst.m_ifaces[I].reg_inst.genblkJ.s_axi_wready_reg	axi_crossbar_inst.axi_crossbar_wr_inst.m_ifaces[I].a_arb_inst.grant_encoded_reg[J]	axi_crossbar_inst.axi_crossbar_wr_inst.m_ifaces[3].reg_inst.genblk2.s_axi_wready_reg$_SDFF_PP0_/Q	axi_crossbar_inst.axi_crossbar_wr_inst.m_ifaces[3].a_arb_inst.grant_encoded_reg[0]$_SDFFE_PP0P_/D
569	0.2414	axi_crossbar_inst.axi_crossbar_wr_inst.s_ifaces[I].w_select_valid_reg	axi_crossbar_inst.axi_crossbar_wr_inst.m_ifaces[I].reg_inst.genblkJ.s_axi_wready_reg	axi_crossbar_inst.axi_crossbar_wr_inst.s_ifaces[4].w_select_valid_reg$_SDFF_PP0_/Q	axi_crossbar_inst.axi_crossbar_wr_inst.m_ifaces[1].reg_inst.genblk2.s_axi_wready_reg$_SDFF_PP0_/D
570	0.2415	axi_crossbar_inst.axi_crossbar_wr_inst.s_ifaces[I].decerr_m_axi_bvalid_reg	axi_crossbar_inst.axi_crossbar_wr_inst.s_ifaces[I].addr_inst.m_wc_valid_reg	axi_crossbar_inst.axi_crossbar_wr_inst.s_ifaces[4].decerr_m_axi_bvalid_reg$_SDFF_PP0_/Q	axi_crossbar_inst.axi_crossbar_wr_inst.s_ifaces[4].addr_inst.m_wc_valid_reg$_SDFF_PP0_/D
571	0.2420	axi_crossbar_inst.axi_crossbar_wr_inst.m_ifaces[I].reg_inst.genblkJ.s_axi_wready_reg	axi_crossbar_inst.axi_crossbar_wr_inst.s_ifaces[I].w_select_valid_reg	axi_crossbar_inst.axi_crossbar_wr_inst.m_ifaces[7].reg_inst.genblk2.s_axi_wready_reg$_SDFF_PP0_/Q	axi_crossbar_inst.axi_crossbar_wr_inst.s_ifaces[2].w_select_valid_reg$_SDFF_PP0_/D
572	0.2432	axi_crossbar_inst.axi_crossbar_wr_inst.s_ifaces[I].w_select_reg[J]	axi_crossbar_inst.axi_crossbar_wr_inst.m_ifaces[I].w_select_valid_reg	axi_crossbar_inst.axi_crossbar_wr_inst.s_ifaces[4].w_select_reg[2]$_DFFE_PP_/Q	axi_crossbar_inst.axi_crossbar_wr_inst.m_ifaces[0].w_select_valid_reg$_SDFF_PP0_/D
573	0.2433	axi_crossbar_inst.axi_crossbar_rd_inst.s_ifaces[I].reg_inst.genblkJ.m_axi_rready_reg	axi_crossbar_inst.axi_crossbar_rd_inst.s_ifaces[I].addr_inst.m_rc_valid_reg	axi_crossbar_inst.axi_crossbar_rd_inst.s_ifaces[0].reg_inst.genblk2.m_axi_rready_reg$_SDFF_PP0_/Q	axi_crossbar_inst.axi_crossbar_rd_inst.s_ifaces[0].addr_inst.m_rc_valid_reg$_SDFF_PP0_/D
574	0.2455	mI_axi_wready	axi_crossbar_inst.axi_crossbar_wr_inst.m_ifaces[I].reg_inst.genblkJ.s_axi_wready_reg	m04_axi_wready	axi_crossbar_inst.axi_crossbar_wr_inst.m_ifaces[4].reg_inst.genblk2.s_axi_wready_reg$_SDFF_PP0_/D
575	0.2457	axi_crossbar_inst.axi_crossbar_wr_inst.s_ifaces[I].w_select_valid_reg	axi_crossbar_inst.axi_crossbar_wr_inst.m_ifaces[I].w_select_valid_reg	axi_crossbar_inst.axi_crossbar_wr_inst.s_ifaces[4].w_select_valid_reg$_SDFF_PP0_/Q	axi_crossbar_inst.axi_crossbar_wr_inst.m_ifaces[0].w_select_valid_reg$_SDFF_PP0_/D
576	0.2460	axi_crossbar_inst.axi_crossbar_wr_inst.m_ifaces[I].w_select_valid_reg	axi_crossbar_inst.axi_crossbar_wr_inst.m_ifaces[I].a_arb_inst.grant_encoded_reg[J]	axi_crossbar_inst.axi_crossbar_wr_inst.m_ifaces[6].w_select_valid_reg$_SDFF_PP0_/Q	axi_crossbar_inst.axi_crossbar_wr_inst.m_ifaces[6].a_arb_inst.grant_encoded_reg[1]$_SDFFE_PP0P_/D
577	0.2462	axi_crossbar_inst.axi_crossbar_wr_inst.m_ifaces[I].reg_inst.genblkJ.genblkK.s_axi_awready_reg	axi_crossbar_inst.axi_crossbar_wr_inst.m_ifaces[I].a_arb_inst.grant_encoded_reg[J]	axi_crossbar_inst.axi_crossbar_wr_inst.m_ifaces[0].reg_inst.genblk1.genblk1.s_axi_awready_reg$_SDFF_PP0_/Q	axi_crossbar_inst.axi_crossbar_wr_inst.m_ifaces[0].a_arb_inst.grant_encoded_reg[0]$_SDFFE_PP0P_/D
578	0.2488	axi_crossbar_inst.axi_crossbar_wr_inst.m_ifaces[I].reg_inst.genblkJ.s_axi_wready_reg	axi_crossbar_inst.axi_crossbar_wr_inst.m_ifaces[I].reg_inst.genblkJ.m_axi_wdata_reg[K]	axi_crossbar_inst.axi_crossbar_wr_inst.m_ifaces[1].reg_inst.genblk2.s_axi_wready_reg$_SDFF_PP0_/Q	axi_crossbar_inst.axi_crossbar_wr_inst.m_ifaces[1].reg_inst.genblk2.m_axi_wdata_reg[10]$_DFFE_PP_/D
579	0.2492	axi_crossbar_inst.axi_crossbar_wr_inst.s_ifaces[I].w_drop_reg	axi_crossbar_inst.axi_crossbar_wr_inst.m_ifaces[I].reg_inst.genblkJ.m_axi_wvalid_reg	axi_crossbar_inst.axi_crossbar_wr_inst.s_ifaces[6].w_drop_reg$_DFF_P_/QN	axi_crossbar_inst.axi_crossbar_wr_inst.m_ifaces[1].reg_inst.genblk2.m_axi_wvalid_reg$_SDFFE_PP0P_/D
580	0.2509	axi_crossbar_inst.axi_crossbar_rd_inst.s_ifaces[I].decerr_m_axi_rvalid_reg	axi_crossbar_inst.axi_crossbar_rd_inst.s_ifaces[I].decerr_m_axi_rlast_reg	axi_crossbar_inst.axi_crossbar_rd_inst.s_ifaces[4].decerr_m_axi_rvalid_reg$_SDFF_PP0_/Q	axi_crossbar_inst.axi_crossbar_rd_inst.s_ifaces[4].decerr_m_axi_rlast_reg$_DFFE_PP_/D
581	0.2512	axi_crossbar_inst.axi_crossbar_rd_inst.s_ifaces[I].decerr_m_axi_rlast_reg	axi_crossbar_inst.axi_crossbar_rd_inst.s_ifaces[I].r_arb_inst.grant_reg[J]	axi_crossbar_inst.axi_crossbar_rd_inst.s_ifaces[0].decerr_m_axi_rlast_reg$_DFFE_PP_/Q	axi_crossbar_inst.axi_crossbar_rd_inst.s_ifaces[0].r_arb_inst.grant_reg[0]$_SDFFE_PP0P_/D
582	0.2515	sI_axi_arid[J]	axi_crossbar_inst.axi_crossbar_rd_inst.s_ifaces[I].decerr_m_axi_rid_reg[J]	s00_axi_arid[0]	axi_crossbar_inst.axi_crossbar_rd_inst.s_ifaces[0].decerr_m_axi_rid_reg[0]$_DFFE_PP_/D
583	0.2515	sI_axi_awid[J]	axi_crossbar_inst.axi_crossbar_wr_inst.s_ifaces[I].decerr_m_axi_bid_reg[J]	s01_axi_awid[0]	axi_crossbar_inst.axi_crossbar_wr_inst.s_ifaces[1].decerr_m_axi_bid_reg[0]$_DFFE_PP_/D
584	0.2527	axi_crossbar_inst.axi_crossbar_wr_inst.m_ifaces[I].trans_count_reg[J]	axi_crossbar_inst.axi_crossbar_wr_inst.m_ifaces[I].a_arb_inst.grant_reg[J]	axi_crossbar_inst.axi_crossbar_wr_inst.m_ifaces[6].trans_count_reg[2]$_SDFFE_PP0P_/Q	axi_crossbar_inst.axi_crossbar_wr_inst.m_ifaces[6].a_arb_inst.grant_reg[2]$_SDFFE_PP0P_/D
585	0.2533	axi_crossbar_inst.axi_crossbar_rd_inst.m_ifaces[I].a_arb_inst.grant_valid_reg	axi_crossbar_inst.axi_crossbar_rd_inst.m_ifaces[I].trans_count_reg[J]	axi_crossbar_inst.axi_crossbar_rd_inst.m_ifaces[7].a_arb_inst.grant_valid_reg$_SDFFE_PP0P_/Q	axi_crossbar_inst.axi_crossbar_rd_inst.m_ifaces[7].trans_count_reg[2]$_SDFFE_PP0P_/D
586	0.2542	axi_crossbar_inst.axi_crossbar_wr_inst.s_ifaces[I].decerr_m_axi_bvalid_reg	axi_crossbar_inst.axi_crossbar_wr_inst.s_ifaces[I].b_arb_inst.grant_valid_reg	axi_crossbar_inst.axi_crossbar_wr_inst.s_ifaces[5].decerr_m_axi_bvalid_reg$_SDFF_PP0_/Q	axi_crossbar_inst.axi_crossbar_wr_inst.s_ifaces[5].b_arb_inst.grant_valid_reg$_SDFFE_PP0P_/D
587	0.2543	axi_crossbar_inst.axi_crossbar_wr_inst.m_ifaces[I].w_select_valid_reg	axi_crossbar_inst.axi_crossbar_wr_inst.s_ifaces[I].w_select_valid_reg	axi_crossbar_inst.axi_crossbar_wr_inst.m_ifaces[5].w_select_valid_reg$_SDFF_PP0_/Q	axi_crossbar_inst.axi_crossbar_wr_inst.s_ifaces[4].w_select_valid_reg$_SDFF_PP0_/D
588	0.2551	axi_crossbar_inst.axi_crossbar_rd_inst.s_ifaces[I].r_arb_inst.grant_reg[J]	axi_crossbar_inst.axi_crossbar_rd_inst.s_ifaces[I].r_arb_inst.grant_valid_reg	axi_crossbar_inst.axi_crossbar_rd_inst.s_ifaces[0].r_arb_inst.grant_reg[3]$_SDFFE_PP0P_/Q	axi_crossbar_inst.axi_crossbar_rd_inst.s_ifaces[0].r_arb_inst.grant_valid_reg$_SDFFE_PP0P_/D
589	0.2556	axi_crossbar_inst.axi_crossbar_wr_inst.s_ifaces[I].b_arb_inst.grant_valid_reg	axi_crossbar_inst.axi_crossbar_wr_inst.s_ifaces[I].b_arb_inst.grant_valid_reg	axi_crossbar_inst.axi_crossbar_wr_inst.s_ifaces[5].b_arb_inst.grant_valid_reg$_SDFFE_PP0P_/Q	axi_crossbar_inst.axi_crossbar_wr_inst.s_ifaces[5].b_arb_inst.grant_valid_reg$_SDFFE_PP0P_/D
590	0.2564	axi_crossbar_inst.axi_crossbar_rd_inst.s_ifaces[I].reg_inst.genblkJ.m_axi_rready_reg	axi_crossbar_inst.axi_crossbar_rd_inst.s_ifaces[I].addr_inst.state_reg[J]	axi_crossbar_inst.axi_crossbar_rd_inst.s_ifaces[0].reg_inst.genblk2.m_axi_rready_reg$_SDFF_PP0_/Q	axi_crossbar_inst.axi_crossbar_rd_inst.s_ifaces[0].addr_inst.state_reg[1]$_SDFF_PP0_/D
591	0.2585	axi_crossbar_inst.axi_crossbar_rd_inst.s_ifaces[I].decerr_m_axi_rvalid_reg	axi_crossbar_inst.axi_crossbar_rd_inst.s_ifaces[I].addr_inst.m_axi_avalid_reg	axi_crossbar_inst.axi_crossbar_rd_inst.s_ifaces[0].decerr_m_axi_rvalid_reg$_SDFF_PP0_/Q	axi_crossbar_inst.axi_crossbar_rd_inst.s_ifaces[0].addr_inst.m_axi_avalid_reg$_SDFF_PP0_/D
592	0.2597	axi_crossbar_inst.axi_crossbar_rd_inst.m_ifaces[I].reg_inst.genblkJ.genblkK.s_axi_arready_reg	axi_crossbar_inst.axi_crossbar_rd_inst.s_ifaces[I].addr_inst.m_axi_avalid_reg	axi_crossbar_inst.axi_crossbar_rd_inst.m_ifaces[2].reg_inst.genblk1.genblk1.s_axi_arready_reg$_SDFF_PP0_/Q	axi_crossbar_inst.axi_crossbar_rd_inst.s_ifaces[4].addr_inst.m_axi_avalid_reg$_SDFF_PP0_/D
593	0.2613	axi_crossbar_inst.axi_crossbar_rd_inst.s_ifaces[I].r_arb_inst.grant_encoded_reg[J]	axi_crossbar_inst.axi_crossbar_rd_inst.s_ifaces[I].reg_inst.genblkJ.temp_s_axi_rlast_reg	axi_crossbar_inst.axi_crossbar_rd_inst.s_ifaces[4].r_arb_inst.grant_encoded_reg[1]$_SDFFE_PP0P_/Q	axi_crossbar_inst.axi_crossbar_rd_inst.s_ifaces[4].reg_inst.genblk2.temp_s_axi_rlast_reg$_DFFE_PP_/D
594	0.2616	axi_crossbar_inst.axi_crossbar_rd_inst.s_ifaces[I].r_arb_inst.grant_valid_reg	axi_crossbar_inst.axi_crossbar_rd_inst.s_ifaces[I].r_arb_inst.mask_reg[J]	axi_crossbar_inst.axi_crossbar_rd_inst.s_ifaces[1].r_arb_inst.grant_valid_reg$_SDFFE_PP0P_/Q	axi_crossbar_inst.axi_crossbar_rd_inst.s_ifaces[1].r_arb_inst.mask_reg[0]$_SDFFE_PP0P_/D
595	0.2626	axi_crossbar_inst.axi_crossbar_wr_inst.s_ifaces[I].addr_inst.thread_m_reg[J][K]	axi_crossbar_inst.axi_crossbar_wr_inst.s_ifaces[I].addr_inst.m_axi_avalid_reg	axi_crossbar_inst.axi_crossbar_wr_inst.s_ifaces[7].addr_inst.thread_m_reg[1][1]$_DFFE_PP_/Q	axi_crossbar_inst.axi_crossbar_wr_inst.s_ifaces[7].addr_inst.m_axi_avalid_reg$_SDFF_PP0_/D
596	0.2627	axi_crossbar_inst.axi_crossbar_wr_inst.s_ifaces[I].reg_inst.genblkJ.genblkK.m_axi_bready_reg	axi_crossbar_inst.axi_crossbar_wr_inst.s_ifaces[I].b_arb_inst.mask_reg[J]	axi_crossbar_inst.axi_crossbar_wr_inst.s_ifaces[0].reg_inst.genblk3.genblk1.m_axi_bready_reg$_SDFF_PP0_/Q	axi_crossbar_inst.axi_crossbar_wr_inst.s_ifaces[0].b_arb_inst.mask_reg[0]$_SDFFE_PP0P_/D
597	0.2639	axi_crossbar_inst.axi_crossbar_rd_inst.s_ifaces[I].reg_inst.genblkJ.m_axi_rready_reg	axi_crossbar_inst.axi_crossbar_rd_inst.s_ifaces[I].r_arb_inst.grant_valid_reg	axi_crossbar_inst.axi_crossbar_rd_inst.s_ifaces[0].reg_inst.genblk2.m_axi_rready_reg$_SDFF_PP0_/Q	axi_crossbar_inst.axi_crossbar_rd_inst.s_ifaces[0].r_arb_inst.grant_valid_reg$_SDFFE_PP0P_/D
598	0.2643	mI_axi_awready	axi_crossbar_inst.axi_crossbar_wr_inst.m_ifaces[I].reg_inst.genblkJ.genblkK.s_axi_awready_reg	m05_axi_awready	axi_crossbar_inst.axi_crossbar_wr_inst.m_ifaces[5].reg_inst.genblk1.genblk1.s_axi_awready_reg$_SDFF_PP0_/D
599	0.2643	sI_axi_bready	axi_crossbar_inst.axi_crossbar_wr_inst.s_ifaces[I].reg_inst.genblkJ.genblkK.m_axi_bready_reg	s00_axi_bready	axi_crossbar_inst.axi_crossbar_wr_inst.s_ifaces[0].reg_inst.genblk3.genblk1.m_axi_bready_reg$_SDFF_PP0_/D
600	0.2643	mI_axi_arready	axi_crossbar_inst.axi_crossbar_rd_inst.m_ifaces[I].reg_inst.genblkJ.genblkK.s_axi_arready_reg	m04_axi_arready	axi_crossbar_inst.axi_crossbar_rd_inst.m_ifaces[4].reg_inst.genblk1.genblk1.s_axi_arready_reg$_SDFF_PP0_/D
601	0.2678	axi_crossbar_inst.axi_crossbar_wr_inst.m_ifaces[I].w_select_reg[J]	axi_crossbar_inst.axi_crossbar_wr_inst.m_ifaces[I].reg_inst.genblkJ.temp_m_axi_wlast_reg	axi_crossbar_inst.axi_crossbar_wr_inst.m_ifaces[0].w_select_reg[1]$_DFFE_PP_/Q	axi_crossbar_inst.axi_crossbar_wr_inst.m_ifaces[0].reg_inst.genblk2.temp_m_axi_wlast_reg$_DFFE_PP_/D
602	0.2682	axi_crossbar_inst.axi_crossbar_rd_inst.s_ifaces[I].decerr_m_axi_rvalid_reg	axi_crossbar_inst.axi_crossbar_rd_inst.s_ifaces[I].addr_inst.m_rc_valid_reg	axi_crossbar_inst.axi_crossbar_rd_inst.s_ifaces[0].decerr_m_axi_rvalid_reg$_SDFF_PP0_/Q	axi_crossbar_inst.axi_crossbar_rd_inst.s_ifaces[0].addr_inst.m_rc_valid_reg$_SDFF_PP0_/D
603	0.2687	axi_crossbar_inst.axi_crossbar_wr_inst.s_ifaces[I].b_arb_inst.grant_reg[J]	axi_crossbar_inst.axi_crossbar_wr_inst.s_ifaces[I].b_arb_inst.grant_valid_reg	axi_crossbar_inst.axi_crossbar_wr_inst.s_ifaces[5].b_arb_inst.grant_reg[4]$_SDFFE_PP0P_/Q	axi_crossbar_inst.axi_crossbar_wr_inst.s_ifaces[5].b_arb_inst.grant_valid_reg$_SDFFE_PP0P_/D
604	0.2698	axi_crossbar_inst.axi_crossbar_wr_inst.s_ifaces[I].w_select_reg[J]	axi_crossbar_inst.axi_crossbar_wr_inst.s_ifaces[I].w_select_valid_reg	axi_crossbar_inst.axi_crossbar_wr_inst.s_ifaces[7].w_select_reg[0]$_DFFE_PP_/Q	axi_crossbar_inst.axi_crossbar_wr_inst.s_ifaces[7].w_select_valid_reg$_SDFF_PP0_/D
605	0.2702	axi_crossbar_inst.axi_crossbar_wr_inst.m_ifaces[I].trans_count_reg[J]	axi_crossbar_inst.axi_crossbar_wr_inst.m_ifaces[I].a_arb_inst.grant_encoded_reg[J]	axi_crossbar_inst.axi_crossbar_wr_inst.m_ifaces[6].trans_count_reg[2]$_SDFFE_PP0P_/Q	axi_crossbar_inst.axi_crossbar_wr_inst.m_ifaces[6].a_arb_inst.grant_encoded_reg[1]$_SDFFE_PP0P_/D
606	0.2713	axi_crossbar_inst.axi_crossbar_rd_inst.m_ifaces[I].a_arb_inst.grant_valid_reg	axi_crossbar_inst.axi_crossbar_rd_inst.s_ifaces[I].addr_inst.m_axi_avalid_reg	axi_crossbar_inst.axi_crossbar_rd_inst.m_ifaces[6].a_arb_inst.grant_valid_reg$_SDFFE_PP0P_/Q	axi_crossbar_inst.axi_crossbar_rd_inst.s_ifaces[4].addr_inst.m_axi_avalid_reg$_SDFF_PP0_/D
607	0.2716	sI_axi_wlast	axi_crossbar_inst.axi_crossbar_wr_inst.s_ifaces[I].w_select_valid_reg	s00_axi_wlast	axi_crossbar_inst.axi_crossbar_wr_inst.s_ifaces[0].w_select_valid_reg$_SDFF_PP0_/D
608	0.2724	axi_crossbar_inst.axi_crossbar_wr_inst.m_ifaces[I].a_arb_inst.grant_reg[J]	axi_crossbar_inst.axi_crossbar_wr_inst.m_ifaces[I].a_arb_inst.grant_valid_reg	axi_crossbar_inst.axi_crossbar_wr_inst.m_ifaces[4].a_arb_inst.grant_reg[6]$_SDFFE_PP0P_/Q	axi_crossbar_inst.axi_crossbar_wr_inst.m_ifaces[4].a_arb_inst.grant_valid_reg$_SDFFE_PP0P_/D
609	0.2727	sI_axi_wvalid	axi_crossbar_inst.axi_crossbar_wr_inst.s_ifaces[I].w_drop_reg	s07_axi_wvalid	axi_crossbar_inst.axi_crossbar_wr_inst.s_ifaces[7].w_drop_reg$_DFF_P_/D
610	0.2748	axi_crossbar_inst.axi_crossbar_wr_inst.s_ifaces[I].w_drop_reg	sI_axi_wready	axi_crossbar_inst.axi_crossbar_wr_inst.s_ifaces[5].w_drop_reg$_DFF_P_/Q	s05_axi_wready
611	0.2749	mI_axi_arready	axi_crossbar_inst.axi_crossbar_rd_inst.m_ifaces[I].reg_inst.genblkJ.genblkK.m_axi_arvalid_reg	m01_axi_arready	axi_crossbar_inst.axi_crossbar_rd_inst.m_ifaces[1].reg_inst.genblk1.genblk1.m_axi_arvalid_reg$_SDFF_PP0_/D
612	0.2749	mI_axi_awready	axi_crossbar_inst.axi_crossbar_wr_inst.m_ifaces[I].reg_inst.genblkJ.genblkK.m_axi_awvalid_reg	m06_axi_awready	axi_crossbar_inst.axi_crossbar_wr_inst.m_ifaces[6].reg_inst.genblk1.genblk1.m_axi_awvalid_reg$_SDFF_PP0_/D
613	0.2749	sI_axi_bready	axi_crossbar_inst.axi_crossbar_wr_inst.s_ifaces[I].reg_inst.genblkJ.genblkK.s_axi_bvalid_reg	s00_axi_bready	axi_crossbar_inst.axi_crossbar_wr_inst.s_ifaces[0].reg_inst.genblk3.genblk1.s_axi_bvalid_reg$_SDFF_PP0_/D
614	0.2751	axi_crossbar_inst.axi_crossbar_rd_inst.m_ifaces[I].trans_count_reg[J]	axi_crossbar_inst.axi_crossbar_rd_inst.m_ifaces[I].a_arb_inst.grant_reg[J]	axi_crossbar_inst.axi_crossbar_rd_inst.m_ifaces[0].trans_count_reg[2]$_SDFFE_PP0P_/Q	axi_crossbar_inst.axi_crossbar_rd_inst.m_ifaces[0].a_arb_inst.grant_reg[5]$_SDFFE_PP0P_/D
615	0.2751	axi_crossbar_inst.axi_crossbar_wr_inst.s_ifaces[I].reg_inst.genblkJ.genblkK.m_axi_bready_reg	axi_crossbar_inst.axi_crossbar_wr_inst.s_ifaces[I].b_arb_inst.grant_reg[J]	axi_crossbar_inst.axi_crossbar_wr_inst.s_ifaces[3].reg_inst.genblk3.genblk1.m_axi_bready_reg$_SDFF_PP0_/Q	axi_crossbar_inst.axi_crossbar_wr_inst.s_ifaces[3].b_arb_inst.grant_reg[4]$_SDFFE_PP0P_/D
616	0.2767	axi_crossbar_inst.axi_crossbar_wr_inst.s_ifaces[I].addr_inst.thread_m_reg[J][K]	axi_crossbar_inst.axi_crossbar_wr_inst.s_ifaces[I].addr_inst.m_decerr_reg	axi_crossbar_inst.axi_crossbar_wr_inst.s_ifaces[7].addr_inst.thread_m_reg[1][1]$_DFFE_PP_/Q	axi_crossbar_inst.axi_crossbar_wr_inst.s_ifaces[7].addr_inst.m_decerr_reg$_SDFFCE_PN1P_/D
617	0.2767	axi_crossbar_inst.axi_crossbar_wr_inst.s_ifaces[I].w_drop_reg	axi_crossbar_inst.axi_crossbar_wr_inst.m_ifaces[I].reg_inst.genblkJ.s_axi_wready_reg	axi_crossbar_inst.axi_crossbar_wr_inst.s_ifaces[1].w_drop_reg$_DFF_P_/QN	axi_crossbar_inst.axi_crossbar_wr_inst.m_ifaces[5].reg_inst.genblk2.s_axi_wready_reg$_SDFF_PP0_/D
618	0.2788	axi_crossbar_inst.axi_crossbar_wr_inst.s_ifaces[I].addr_inst.thread_m_reg[J][K]	axi_crossbar_inst.axi_crossbar_wr_inst.s_ifaces[I].addr_inst.m_rc_valid_reg	axi_crossbar_inst.axi_crossbar_wr_inst.s_ifaces[7].addr_inst.thread_m_reg[1][1]$_DFFE_PP_/Q	axi_crossbar_inst.axi_crossbar_wr_inst.s_ifaces[7].addr_inst.m_rc_valid_reg$_SDFF_PP0_/D
619	0.2793	axi_crossbar_inst.axi_crossbar_wr_inst.m_ifaces[I].a_arb_inst.grant_valid_reg	axi_crossbar_inst.axi_crossbar_wr_inst.m_ifaces[I].a_arb_inst.grant_valid_reg	axi_crossbar_inst.axi_crossbar_wr_inst.m_ifaces[6].a_arb_inst.grant_valid_reg$_SDFFE_PP0P_/Q	axi_crossbar_inst.axi_crossbar_wr_inst.m_ifaces[6].a_arb_inst.grant_valid_reg$_SDFFE_PP0P_/D
620	0.2794	axi_crossbar_inst.axi_crossbar_rd_inst.s_ifaces[I].decerr_m_axi_rvalid_reg	axi_crossbar_inst.axi_crossbar_rd_inst.s_ifaces[I].addr_inst.state_reg[J]	axi_crossbar_inst.axi_crossbar_rd_inst.s_ifaces[1].decerr_m_axi_rvalid_reg$_SDFF_PP0_/Q	axi_crossbar_inst.axi_crossbar_rd_inst.s_ifaces[1].addr_inst.state_reg[1]$_SDFF_PP0_/D
621	0.2803	axi_crossbar_inst.axi_crossbar_rd_inst.s_ifaces[I].reg_inst.genblkJ.m_axi_rready_reg	axi_crossbar_inst.axi_crossbar_rd_inst.s_ifaces[I].reg_inst.genblkJ.temp_s_axi_rdata_reg[K]	axi_crossbar_inst.axi_crossbar_rd_inst.s_ifaces[2].reg_inst.genblk2.m_axi_rready_reg$_SDFF_PP0_/Q	axi_crossbar_inst.axi_crossbar_rd_inst.s_ifaces[2].reg_inst.genblk2.temp_s_axi_rdata_reg[0]$_DFFE_PP_/D
622	0.2803	axi_crossbar_inst.axi_crossbar_rd_inst.s_ifaces[I].reg_inst.genblkJ.m_axi_rready_reg	axi_crossbar_inst.axi_crossbar_rd_inst.s_ifaces[I].reg_inst.genblkJ.temp_s_axi_rid_reg[K]	axi_crossbar_inst.axi_crossbar_rd_inst.s_ifaces[2].reg_inst.genblk2.m_axi_rready_reg$_SDFF_PP0_/Q	axi_crossbar_inst.axi_crossbar_rd_inst.s_ifaces[2].reg_inst.genblk2.temp_s_axi_rid_reg[4]$_DFFE_PP_/D
623	0.2812	axi_crossbar_inst.axi_crossbar_wr_inst.s_ifaces[I].addr_inst.state_reg[J]	axi_crossbar_inst.axi_crossbar_wr_inst.s_ifaces[I].addr_inst.thread_id_reg[J][K]	axi_crossbar_inst.axi_crossbar_wr_inst.s_ifaces[3].addr_inst.state_reg[0]$_SDFF_PP0_/Q	axi_crossbar_inst.axi_crossbar_wr_inst.s_ifaces[3].addr_inst.thread_id_reg[1][0]$_DFFE_PP_/D
624	0.2812	axi_crossbar_inst.axi_crossbar_wr_inst.s_ifaces[I].addr_inst.state_reg[J]	axi_crossbar_inst.axi_crossbar_wr_inst.s_ifaces[I].addr_inst.thread_m_reg[J][K]	axi_crossbar_inst.axi_crossbar_wr_inst.s_ifaces[3].addr_inst.state_reg[0]$_SDFF_PP0_/Q	axi_crossbar_inst.axi_crossbar_wr_inst.s_ifaces[3].addr_inst.thread_m_reg[1][0]$_DFFE_PP_/D
625	0.2839	axi_crossbar_inst.axi_crossbar_wr_inst.s_ifaces[I].addr_inst.thread_m_reg[J][K]	axi_crossbar_inst.axi_crossbar_wr_inst.s_ifaces[I].addr_inst.state_reg[J]	axi_crossbar_inst.axi_crossbar_wr_inst.s_ifaces[2].addr_inst.thread_m_reg[1][2]$_DFFE_PP_/Q	axi_crossbar_inst.axi_crossbar_wr_inst.s_ifaces[2].addr_inst.state_reg[1]$_SDFF_PP0_/D
626	0.2843	axi_crossbar_inst.axi_crossbar_rd_inst.s_ifaces[I].addr_inst.thread_m_reg[J][K]	axi_crossbar_inst.axi_crossbar_rd_inst.s_ifaces[I].addr_inst.state_reg[J]	axi_crossbar_inst.axi_crossbar_rd_inst.s_ifaces[6].addr_inst.thread_m_reg[0][2]$_DFFE_PP_/Q	axi_crossbar_inst.axi_crossbar_rd_inst.s_ifaces[6].addr_inst.state_reg[1]$_SDFF_PP0_/D
627	0.2854	axi_crossbar_inst.axi_crossbar_wr_inst.s_ifaces[I].w_drop_reg	axi_crossbar_inst.axi_crossbar_wr_inst.m_ifaces[I].w_select_valid_reg	axi_crossbar_inst.axi_crossbar_wr_inst.s_ifaces[4].w_drop_reg$_DFF_P_/QN	axi_crossbar_inst.axi_crossbar_wr_inst.m_ifaces[0].w_select_valid_reg$_SDFF_PP0_/D
628	0.2854	sI_axi_awvalid	axi_crossbar_inst.axi_crossbar_wr_inst.s_ifaces[I].addr_inst.state_reg[J]	s02_axi_awvalid	axi_crossbar_inst.axi_crossbar_wr_inst.s_ifaces[2].addr_inst.state_reg[0]$_SDFF_PP0_/D
629	0.2856	axi_crossbar_inst.axi_crossbar_wr_inst.s_ifaces[I].addr_inst.trans_count_reg[J]	axi_crossbar_inst.axi_crossbar_wr_inst.s_ifaces[I].addr_inst.thread_id_reg[J][K]	axi_crossbar_inst.axi_crossbar_wr_inst.s_ifaces[7].addr_inst.trans_count_reg[4]$_SDFFE_PP0P_/Q	axi_crossbar_inst.axi_crossbar_wr_inst.s_ifaces[7].addr_inst.thread_id_reg[0][0]$_DFFE_PP_/D
630	0.2856	axi_crossbar_inst.axi_crossbar_wr_inst.s_ifaces[I].addr_inst.trans_count_reg[J]	axi_crossbar_inst.axi_crossbar_wr_inst.s_ifaces[I].addr_inst.thread_m_reg[J][K]	axi_crossbar_inst.axi_crossbar_wr_inst.s_ifaces[7].addr_inst.trans_count_reg[4]$_SDFFE_PP0P_/Q	axi_crossbar_inst.axi_crossbar_wr_inst.s_ifaces[7].addr_inst.thread_m_reg[0][0]$_DFFE_PP_/D
631	0.2872	axi_crossbar_inst.axi_crossbar_rd_inst.s_ifaces[I].decerr_m_axi_rlast_reg	axi_crossbar_inst.axi_crossbar_rd_inst.s_ifaces[I].r_arb_inst.grant_encoded_reg[J]	axi_crossbar_inst.axi_crossbar_rd_inst.s_ifaces[5].decerr_m_axi_rlast_reg$_DFFE_PP_/Q	axi_crossbar_inst.axi_crossbar_rd_inst.s_ifaces[5].r_arb_inst.grant_encoded_reg[2]$_SDFFE_PP0P_/D
632	0.2892	axi_crossbar_inst.axi_crossbar_rd_inst.s_ifaces[I].reg_inst.genblkJ.m_axi_rready_reg	axi_crossbar_inst.axi_crossbar_rd_inst.s_ifaces[I].reg_inst.genblkJ.s_axi_rid_reg[K]	axi_crossbar_inst.axi_crossbar_rd_inst.s_ifaces[3].reg_inst.genblk2.m_axi_rready_reg$_SDFF_PP0_/Q	axi_crossbar_inst.axi_crossbar_rd_inst.s_ifaces[3].reg_inst.genblk2.s_axi_rid_reg[7]$_DFFE_PP_/D
633	0.2895	axi_crossbar_inst.axi_crossbar_rd_inst.m_ifaces[I].reg_inst.genblkJ.genblkK.s_axi_arready_reg	axi_crossbar_inst.axi_crossbar_rd_inst.m_ifaces[I].a_arb_inst.mask_reg[J]	axi_crossbar_inst.axi_crossbar_rd_inst.m_ifaces[5].reg_inst.genblk1.genblk1.s_axi_arready_reg$_SDFF_PP0_/Q	axi_crossbar_inst.axi_crossbar_rd_inst.m_ifaces[5].a_arb_inst.mask_reg[2]$_SDFFE_PP0P_/D
634	0.2915	axi_crossbar_inst.axi_crossbar_rd_inst.m_ifaces[I].reg_inst.genblkJ.genblkK.s_axi_arready_reg	axi_crossbar_inst.axi_crossbar_rd_inst.m_ifaces[I].a_arb_inst.grant_reg[J]	axi_crossbar_inst.axi_crossbar_rd_inst.m_ifaces[2].reg_inst.genblk1.genblk1.s_axi_arready_reg$_SDFF_PP0_/Q	axi_crossbar_inst.axi_crossbar_rd_inst.m_ifaces[2].a_arb_inst.grant_reg[0]$_SDFFE_PP0P_/D
635	0.2929	axi_crossbar_inst.axi_crossbar_wr_inst.m_ifaces[I].reg_inst.genblkJ.s_axi_wready_reg	axi_crossbar_inst.axi_crossbar_wr_inst.m_ifaces[I].a_arb_inst.grant_valid_reg	axi_crossbar_inst.axi_crossbar_wr_inst.m_ifaces[3].reg_inst.genblk2.s_axi_wready_reg$_SDFF_PP0_/Q	axi_crossbar_inst.axi_crossbar_wr_inst.m_ifaces[3].a_arb_inst.grant_valid_reg$_SDFFE_PP0P_/D
636	0.2934	axi_crossbar_inst.axi_crossbar_wr_inst.s_ifaces[I].b_arb_inst.grant_encoded_reg[J]	axi_crossbar_inst.axi_crossbar_wr_inst.s_ifaces[I].decerr_m_axi_bvalid_reg	axi_crossbar_inst.axi_crossbar_wr_inst.s_ifaces[3].b_arb_inst.grant_encoded_reg[1]$_SDFFE_PP0P_/Q	axi_crossbar_inst.axi_crossbar_wr_inst.s_ifaces[3].decerr_m_axi_bvalid_reg$_SDFF_PP0_/D
637	0.2940	axi_crossbar_inst.axi_crossbar_rd_inst.s_ifaces[I].r_arb_inst.grant_valid_reg	axi_crossbar_inst.axi_crossbar_rd_inst.s_ifaces[I].r_arb_inst.grant_reg[J]	axi_crossbar_inst.axi_crossbar_rd_inst.s_ifaces[1].r_arb_inst.grant_valid_reg$_SDFFE_PP0P_/Q	axi_crossbar_inst.axi_crossbar_rd_inst.s_ifaces[1].r_arb_inst.grant_reg[6]$_SDFFE_PP0P_/D
638	0.2941	axi_crossbar_inst.axi_crossbar_rd_inst.s_ifaces[I].reg_inst.genblkJ.m_axi_rready_reg	axi_crossbar_inst.axi_crossbar_rd_inst.s_ifaces[I].reg_inst.genblkJ.s_axi_rdata_reg[K]	axi_crossbar_inst.axi_crossbar_rd_inst.s_ifaces[3].reg_inst.genblk2.m_axi_rready_reg$_SDFF_PP0_/Q	axi_crossbar_inst.axi_crossbar_rd_inst.s_ifaces[3].reg_inst.genblk2.s_axi_rdata_reg[10]$_DFFE_PP_/D
639	0.2971	axi_crossbar_inst.axi_crossbar_rd_inst.m_ifaces[I].trans_count_reg[J]	axi_crossbar_inst.axi_crossbar_rd_inst.m_ifaces[I].a_arb_inst.grant_encoded_reg[J]	axi_crossbar_inst.axi_crossbar_rd_inst.m_ifaces[5].trans_count_reg[2]$_SDFFE_PP0P_/Q	axi_crossbar_inst.axi_crossbar_rd_inst.m_ifaces[5].a_arb_inst.grant_encoded_reg[2]$_SDFFE_PP0P_/D
640	0.2986	axi_crossbar_inst.axi_crossbar_rd_inst.s_ifaces[I].addr_inst.thread_m_reg[J][K]	axi_crossbar_inst.axi_crossbar_rd_inst.s_ifaces[I].addr_inst.m_rc_valid_reg	axi_crossbar_inst.axi_crossbar_rd_inst.s_ifaces[6].addr_inst.thread_m_reg[0][2]$_DFFE_PP_/Q	axi_crossbar_inst.axi_crossbar_rd_inst.s_ifaces[6].addr_inst.m_rc_valid_reg$_SDFF_PP0_/D
641	0.2988	axi_crossbar_inst.axi_crossbar_rd_inst.s_ifaces[I].decerr_m_axi_rlast_reg	axi_crossbar_inst.axi_crossbar_rd_inst.s_ifaces[I].addr_inst.m_axi_avalid_reg	axi_crossbar_inst.axi_crossbar_rd_inst.s_ifaces[0].decerr_m_axi_rlast_reg$_DFFE_PP_/Q	axi_crossbar_inst.axi_crossbar_rd_inst.s_ifaces[0].addr_inst.m_axi_avalid_reg$_SDFF_PP0_/D
642	0.3008	axi_crossbar_inst.axi_crossbar_wr_inst.s_ifaces[I].addr_inst.thread_m_reg[J][K]	axi_crossbar_inst.axi_crossbar_wr_inst.s_ifaces[I].addr_inst.m_wc_valid_reg	axi_crossbar_inst.axi_crossbar_wr_inst.s_ifaces[6].addr_inst.thread_m_reg[0][2]$_DFFE_PP_/Q	axi_crossbar_inst.axi_crossbar_wr_inst.s_ifaces[6].addr_inst.m_wc_valid_reg$_SDFF_PP0_/D
643	0.3014	axi_crossbar_inst.axi_crossbar_rd_inst.s_ifaces[I].addr_inst.thread_m_reg[J][K]	axi_crossbar_inst.axi_crossbar_rd_inst.s_ifaces[I].addr_inst.m_axi_avalid_reg	axi_crossbar_inst.axi_crossbar_rd_inst.s_ifaces[0].addr_inst.thread_m_reg[0][2]$_DFFE_PP_/Q	axi_crossbar_inst.axi_crossbar_rd_inst.s_ifaces[0].addr_inst.m_axi_avalid_reg$_SDFF_PP0_/D
644	0.3029	axi_crossbar_inst.axi_crossbar_rd_inst.s_ifaces[I].addr_inst.trans_count_reg[J]	axi_crossbar_inst.axi_crossbar_rd_inst.s_ifaces[I].addr_inst.thread_id_reg[J][K]	axi_crossbar_inst.axi_crossbar_rd_inst.s_ifaces[5].addr_inst.trans_count_reg[4]$_SDFFE_PP0P_/Q	axi_crossbar_inst.axi_crossbar_rd_inst.s_ifaces[5].addr_inst.thread_id_reg[1][0]$_DFFE_PP_/D
645	0.3029	axi_crossbar_inst.axi_crossbar_rd_inst.s_ifaces[I].addr_inst.trans_count_reg[J]	axi_crossbar_inst.axi_crossbar_rd_inst.s_ifaces[I].addr_inst.thread_m_reg[J][K]	axi_crossbar_inst.axi_crossbar_rd_inst.s_ifaces[5].addr_inst.trans_count_reg[4]$_SDFFE_PP0P_/Q	axi_crossbar_inst.axi_crossbar_rd_inst.s_ifaces[5].addr_inst.thread_m_reg[1][0]$_DFFE_PP_/D
646	0.3031	axi_crossbar_inst.axi_crossbar_wr_inst.m_ifaces[I].w_select_new_reg	axi_crossbar_inst.axi_crossbar_wr_inst.m_ifaces[I].a_arb_inst.grant_valid_reg	axi_crossbar_inst.axi_crossbar_wr_inst.m_ifaces[6].w_select_new_reg$_SDFF_PP1_/Q	axi_crossbar_inst.axi_crossbar_wr_inst.m_ifaces[6].a_arb_inst.grant_valid_reg$_SDFFE_PP0P_/D
647	0.3040	axi_crossbar_inst.axi_crossbar_rd_inst.s_ifaces[I].addr_inst.state_reg[J]	axi_crossbar_inst.axi_crossbar_rd_inst.s_ifaces[I].addr_inst.thread_id_reg[J][K]	axi_crossbar_inst.axi_crossbar_rd_inst.s_ifaces[6].addr_inst.state_reg[0]$_SDFF_PP0_/Q	axi_crossbar_inst.axi_crossbar_rd_inst.s_ifaces[6].addr_inst.thread_id_reg[0][0]$_DFFE_PP_/D
648	0.3040	axi_crossbar_inst.axi_crossbar_rd_inst.s_ifaces[I].addr_inst.state_reg[J]	axi_crossbar_inst.axi_crossbar_rd_inst.s_ifaces[I].addr_inst.thread_m_reg[J][K]	axi_crossbar_inst.axi_crossbar_rd_inst.s_ifaces[6].addr_inst.state_reg[0]$_SDFF_PP0_/Q	axi_crossbar_inst.axi_crossbar_rd_inst.s_ifaces[6].addr_inst.thread_m_reg[0][0]$_DFFE_PP_/D
649	0.3042	axi_crossbar_inst.axi_crossbar_rd_inst.s_ifaces[I].reg_inst.genblkJ.m_axi_rready_reg	axi_crossbar_inst.axi_crossbar_rd_inst.s_ifaces[I].reg_inst.genblkJ.s_axi_rlast_reg	axi_crossbar_inst.axi_crossbar_rd_inst.s_ifaces[3].reg_inst.genblk2.m_axi_rready_reg$_SDFF_PP0_/Q	axi_crossbar_inst.axi_crossbar_rd_inst.s_ifaces[3].reg_inst.genblk2.s_axi_rlast_reg$_DFFE_PP_/D
650	0.3042	axi_crossbar_inst.axi_crossbar_rd_inst.s_ifaces[I].reg_inst.genblkJ.m_axi_rready_reg	axi_crossbar_inst.axi_crossbar_rd_inst.s_ifaces[I].reg_inst.genblkJ.s_axi_rresp_reg[K]	axi_crossbar_inst.axi_crossbar_rd_inst.s_ifaces[3].reg_inst.genblk2.m_axi_rready_reg$_SDFF_PP0_/Q	axi_crossbar_inst.axi_crossbar_rd_inst.s_ifaces[3].reg_inst.genblk2.s_axi_rresp_reg[0]$_DFFE_PP_/D
651	0.3047	axi_crossbar_inst.axi_crossbar_rd_inst.s_ifaces[I].reg_inst.genblkJ.s_axi_rvalid_reg	axi_crossbar_inst.axi_crossbar_rd_inst.s_ifaces[I].reg_inst.genblkJ.temp_s_axi_rdata_reg[K]	axi_crossbar_inst.axi_crossbar_rd_inst.s_ifaces[0].reg_inst.genblk2.s_axi_rvalid_reg$_SDFFE_PP0P_/QN	axi_crossbar_inst.axi_crossbar_rd_inst.s_ifaces[0].reg_inst.genblk2.temp_s_axi_rdata_reg[0]$_DFFE_PP_/D
652	0.3047	axi_crossbar_inst.axi_crossbar_rd_inst.s_ifaces[I].reg_inst.genblkJ.s_axi_rvalid_reg	axi_crossbar_inst.axi_crossbar_rd_inst.s_ifaces[I].reg_inst.genblkJ.temp_s_axi_rid_reg[K]	axi_crossbar_inst.axi_crossbar_rd_inst.s_ifaces[0].reg_inst.genblk2.s_axi_rvalid_reg$_SDFFE_PP0P_/QN	axi_crossbar_inst.axi_crossbar_rd_inst.s_ifaces[0].reg_inst.genblk2.temp_s_axi_rid_reg[4]$_DFFE_PP_/D
653	0.3049	axi_crossbar_inst.axi_crossbar_wr_inst.m_ifaces[I].reg_inst.genblkJ.s_axi_wready_reg	axi_crossbar_inst.axi_crossbar_wr_inst.m_ifaces[I].reg_inst.genblkJ.temp_m_axi_wdata_reg[K]	axi_crossbar_inst.axi_crossbar_wr_inst.m_ifaces[1].reg_inst.genblk2.s_axi_wready_reg$_SDFF_PP0_/Q	axi_crossbar_inst.axi_crossbar_wr_inst.m_ifaces[1].reg_inst.genblk2.temp_m_axi_wdata_reg[10]$_DFFE_PP_/D
654	0.3062	axi_crossbar_inst.axi_crossbar_wr_inst.s_ifaces[I].decerr_m_axi_bvalid_reg	axi_crossbar_inst.axi_crossbar_wr_inst.s_ifaces[I].reg_inst.genblkJ.genblkK.m_axi_bready_reg	axi_crossbar_inst.axi_crossbar_wr_inst.s_ifaces[2].decerr_m_axi_bvalid_reg$_SDFF_PP0_/Q	axi_crossbar_inst.axi_crossbar_wr_inst.s_ifaces[2].reg_inst.genblk3.genblk1.m_axi_bready_reg$_SDFF_PP0_/D
655	0.3073	axi_crossbar_inst.axi_crossbar_rd_inst.m_ifaces[I].a_arb_inst.grant_reg[J]	axi_crossbar_inst.axi_crossbar_rd_inst.m_ifaces[I].a_arb_inst.grant_valid_reg	axi_crossbar_inst.axi_crossbar_rd_inst.m_ifaces[2].a_arb_inst.grant_reg[2]$_SDFFE_PP0P_/QN	axi_crossbar_inst.axi_crossbar_rd_inst.m_ifaces[2].a_arb_inst.grant_valid_reg$_SDFFE_PP0P_/D
656	0.3079	sI_axi_arvalid	axi_crossbar_inst.axi_crossbar_rd_inst.s_ifaces[I].addr_inst.state_reg[J]	s01_axi_arvalid	axi_crossbar_inst.axi_crossbar_rd_inst.s_ifaces[1].addr_inst.state_reg[0]$_SDFF_PP0_/D
657	0.3079	axi_crossbar_inst.axi_crossbar_rd_inst.m_ifaces[I].reg_inst.genblkJ.genblkK.s_axi_arready_reg	axi_crossbar_inst.axi_crossbar_rd_inst.m_ifaces[I].reg_inst.genblkJ.genblkK.m_axi_araddr_reg[L]	axi_crossbar_inst.axi_crossbar_rd_inst.m_ifaces[1].reg_inst.genblk1.genblk1.s_axi_arready_reg$_SDFF_PP0_/Q	axi_crossbar_inst.axi_crossbar_rd_inst.m_ifaces[1].reg_inst.genblk1.genblk1.m_axi_araddr_reg[29]$_DFFE_PP_/D
658	0.3079	axi_crossbar_inst.axi_crossbar_rd_inst.m_ifaces[I].reg_inst.genblkJ.genblkK.s_axi_arready_reg	axi_crossbar_inst.axi_crossbar_rd_inst.m_ifaces[I].reg_inst.genblkJ.genblkK.m_axi_arburst_reg[L]	axi_crossbar_inst.axi_crossbar_rd_inst.m_ifaces[1].reg_inst.genblk1.genblk1.s_axi_arready_reg$_SDFF_PP0_/Q	axi_crossbar_inst.axi_crossbar_rd_inst.m_ifaces[1].reg_inst.genblk1.genblk1.m_axi_arburst_reg[0]$_DFFE_PP_/D
659	0.3079	axi_crossbar_inst.axi_crossbar_rd_inst.m_ifaces[I].reg_inst.genblkJ.genblkK.s_axi_arready_reg	axi_crossbar_inst.axi_crossbar_rd_inst.m_ifaces[I].reg_inst.genblkJ.genblkK.m_axi_arcache_reg[L]	axi_crossbar_inst.axi_crossbar_rd_inst.m_ifaces[1].reg_inst.genblk1.genblk1.s_axi_arready_reg$_SDFF_PP0_/Q	axi_crossbar_inst.axi_crossbar_rd_inst.m_ifaces[1].reg_inst.genblk1.genblk1.m_axi_arcache_reg[0]$_DFFE_PP_/D
660	0.3079	axi_crossbar_inst.axi_crossbar_rd_inst.m_ifaces[I].reg_inst.genblkJ.genblkK.s_axi_arready_reg	axi_crossbar_inst.axi_crossbar_rd_inst.m_ifaces[I].reg_inst.genblkJ.genblkK.m_axi_arlen_reg[L]	axi_crossbar_inst.axi_crossbar_rd_inst.m_ifaces[1].reg_inst.genblk1.genblk1.s_axi_arready_reg$_SDFF_PP0_/Q	axi_crossbar_inst.axi_crossbar_rd_inst.m_ifaces[1].reg_inst.genblk1.genblk1.m_axi_arlen_reg[0]$_DFFE_PP_/D
661	0.3079	axi_crossbar_inst.axi_crossbar_rd_inst.m_ifaces[I].reg_inst.genblkJ.genblkK.s_axi_arready_reg	axi_crossbar_inst.axi_crossbar_rd_inst.m_ifaces[I].reg_inst.genblkJ.genblkK.m_axi_arprot_reg[L]	axi_crossbar_inst.axi_crossbar_rd_inst.m_ifaces[1].reg_inst.genblk1.genblk1.s_axi_arready_reg$_SDFF_PP0_/Q	axi_crossbar_inst.axi_crossbar_rd_inst.m_ifaces[1].reg_inst.genblk1.genblk1.m_axi_arprot_reg[0]$_DFFE_PP_/D
662	0.3079	axi_crossbar_inst.axi_crossbar_rd_inst.m_ifaces[I].reg_inst.genblkJ.genblkK.s_axi_arready_reg	axi_crossbar_inst.axi_crossbar_rd_inst.m_ifaces[I].reg_inst.genblkJ.genblkK.m_axi_arqos_reg[L]	axi_crossbar_inst.axi_crossbar_rd_inst.m_ifaces[1].reg_inst.genblk1.genblk1.s_axi_arready_reg$_SDFF_PP0_/Q	axi_crossbar_inst.axi_crossbar_rd_inst.m_ifaces[1].reg_inst.genblk1.genblk1.m_axi_arqos_reg[0]$_DFFE_PP_/D
663	0.3079	axi_crossbar_inst.axi_crossbar_rd_inst.m_ifaces[I].reg_inst.genblkJ.genblkK.s_axi_arready_reg	axi_crossbar_inst.axi_crossbar_rd_inst.m_ifaces[I].reg_inst.genblkJ.genblkK.m_axi_arsize_reg[L]	axi_crossbar_inst.axi_crossbar_rd_inst.m_ifaces[1].reg_inst.genblk1.genblk1.s_axi_arready_reg$_SDFF_PP0_/Q	axi_crossbar_inst.axi_crossbar_rd_inst.m_ifaces[1].reg_inst.genblk1.genblk1.m_axi_arsize_reg[0]$_DFFE_PP_/D
664	0.3080	axi_crossbar_inst.axi_crossbar_wr_inst.s_ifaces[I].reg_inst.genblkJ.genblkK.m_axi_bready_reg	axi_crossbar_inst.axi_crossbar_wr_inst.s_ifaces[I].addr_inst.m_axi_avalid_reg	axi_crossbar_inst.axi_crossbar_wr_inst.s_ifaces[7].reg_inst.genblk3.genblk1.m_axi_bready_reg$_SDFF_PP0_/Q	axi_crossbar_inst.axi_crossbar_wr_inst.s_ifaces[7].addr_inst.m_axi_avalid_reg$_SDFF_PP0_/D
665	0.3081	axi_crossbar_inst.axi_crossbar_wr_inst.s_ifaces[I].b_arb_inst.grant_encoded_reg[J]	axi_crossbar_inst.axi_crossbar_wr_inst.s_ifaces[I].b_arb_inst.grant_encoded_reg[J]	axi_crossbar_inst.axi_crossbar_wr_inst.s_ifaces[3].b_arb_inst.grant_encoded_reg[1]$_SDFFE_PP0P_/Q	axi_crossbar_inst.axi_crossbar_wr_inst.s_ifaces[3].b_arb_inst.grant_encoded_reg[1]$_SDFFE_PP0P_/D
666	0.3082	axi_crossbar_inst.axi_crossbar_rd_inst.s_ifaces[I].r_arb_inst.grant_valid_reg	axi_crossbar_inst.axi_crossbar_rd_inst.s_ifaces[I].addr_inst.m_axi_avalid_reg	axi_crossbar_inst.axi_crossbar_rd_inst.s_ifaces[0].r_arb_inst.grant_valid_reg$_SDFFE_PP0P_/Q	axi_crossbar_inst.axi_crossbar_rd_inst.s_ifaces[0].addr_inst.m_axi_avalid_reg$_SDFF_PP0_/D
667	0.3084	axi_crossbar_inst.axi_crossbar_rd_inst.s_ifaces[I].decerr_m_axi_rlast_reg	axi_crossbar_inst.axi_crossbar_rd_inst.s_ifaces[I].addr_inst.m_rc_valid_reg	axi_crossbar_inst.axi_crossbar_rd_inst.s_ifaces[0].decerr_m_axi_rlast_reg$_DFFE_PP_/Q	axi_crossbar_inst.axi_crossbar_rd_inst.s_ifaces[0].addr_inst.m_rc_valid_reg$_SDFF_PP0_/D
668	0.3092	axi_crossbar_inst.axi_crossbar_wr_inst.m_ifaces[I].reg_inst.genblkJ.s_axi_wready_reg	axi_crossbar_inst.axi_crossbar_wr_inst.m_ifaces[I].reg_inst.genblkJ.m_axi_wstrb_reg[K]	axi_crossbar_inst.axi_crossbar_wr_inst.m_ifaces[5].reg_inst.genblk2.s_axi_wready_reg$_SDFF_PP0_/Q	axi_crossbar_inst.axi_crossbar_wr_inst.m_ifaces[5].reg_inst.genblk2.m_axi_wstrb_reg[0]$_DFFE_PP_/D
669	0.3094	axi_crossbar_inst.axi_crossbar_wr_inst.s_ifaces[I].b_arb_inst.grant_valid_reg	axi_crossbar_inst.axi_crossbar_wr_inst.s_ifaces[I].addr_inst.m_axi_avalid_reg	axi_crossbar_inst.axi_crossbar_wr_inst.s_ifaces[1].b_arb_inst.grant_valid_reg$_SDFFE_PP0P_/Q	axi_crossbar_inst.axi_crossbar_wr_inst.s_ifaces[1].addr_inst.m_axi_avalid_reg$_SDFF_PP0_/D
670	0.3097	axi_crossbar_inst.axi_crossbar_rd_inst.m_ifaces[I].a_arb_inst.grant_encoded_reg[J]	axi_crossbar_inst.axi_crossbar_rd_inst.m_ifaces[I].a_arb_inst.grant_encoded_reg[J]	axi_crossbar_inst.axi_crossbar_rd_inst.m_ifaces[1].a_arb_inst.grant_encoded_reg[2]$_SDFFE_PP0P_/Q	axi_crossbar_inst.axi_crossbar_rd_inst.m_ifaces[1].a_arb_inst.grant_encoded_reg[2]$_SDFFE_PP0P_/D
671	0.3098	axi_crossbar_inst.axi_crossbar_rd_inst.s_ifaces[I].r_arb_inst.grant_valid_reg	axi_crossbar_inst.axi_crossbar_rd_inst.s_ifaces[I].addr_inst.state_reg[J]	axi_crossbar_inst.axi_crossbar_rd_inst.s_ifaces[2].r_arb_inst.grant_valid_reg$_SDFFE_PP0P_/Q	axi_crossbar_inst.axi_crossbar_rd_inst.s_ifaces[2].addr_inst.state_reg[1]$_SDFF_PP0_/D
672	0.3109	axi_crossbar_inst.axi_crossbar_rd_inst.s_ifaces[I].decerr_m_axi_rlast_reg	axi_crossbar_inst.axi_crossbar_rd_inst.s_ifaces[I].addr_inst.state_reg[J]	axi_crossbar_inst.axi_crossbar_rd_inst.s_ifaces[1].decerr_m_axi_rlast_reg$_DFFE_PP_/Q	axi_crossbar_inst.axi_crossbar_rd_inst.s_ifaces[1].addr_inst.state_reg[1]$_SDFF_PP0_/D
673	0.3111	axi_crossbar_inst.axi_crossbar_wr_inst.m_ifaces[I].a_arb_inst.grant_encoded_reg[J]	axi_crossbar_inst.axi_crossbar_wr_inst.m_ifaces[I].a_arb_inst.grant_encoded_reg[J]	axi_crossbar_inst.axi_crossbar_wr_inst.m_ifaces[1].a_arb_inst.grant_encoded_reg[0]$_SDFFE_PP0P_/Q	axi_crossbar_inst.axi_crossbar_wr_inst.m_ifaces[1].a_arb_inst.grant_encoded_reg[0]$_SDFFE_PP0P_/D
674	0.3114	axi_crossbar_inst.axi_crossbar_wr_inst.s_ifaces[I].b_arb_inst.grant_valid_reg	axi_crossbar_inst.axi_crossbar_wr_inst.s_ifaces[I].addr_inst.m_decerr_reg	axi_crossbar_inst.axi_crossbar_wr_inst.s_ifaces[1].b_arb_inst.grant_valid_reg$_SDFFE_PP0P_/Q	axi_crossbar_inst.axi_crossbar_wr_inst.s_ifaces[1].addr_inst.m_decerr_reg$_SDFFCE_PN1P_/D
675	0.3125	axi_crossbar_inst.axi_crossbar_wr_inst.s_ifaces[I].reg_inst.genblkJ.genblkK.m_axi_bready_reg	axi_crossbar_inst.axi_crossbar_wr_inst.s_ifaces[I].addr_inst.m_decerr_reg	axi_crossbar_inst.axi_crossbar_wr_inst.s_ifaces[1].reg_inst.genblk3.genblk1.m_axi_bready_reg$_SDFF_PP0_/Q	axi_crossbar_inst.axi_crossbar_wr_inst.s_ifaces[1].addr_inst.m_decerr_reg$_SDFFCE_PN1P_/D
676	0.3127	axi_crossbar_inst.axi_crossbar_wr_inst.m_ifaces[I].reg_inst.genblkJ.genblkK.s_axi_awready_reg	axi_crossbar_inst.axi_crossbar_wr_inst.m_ifaces[I].reg_inst.genblkJ.genblkK.m_axi_awaddr_reg[L]	axi_crossbar_inst.axi_crossbar_wr_inst.m_ifaces[5].reg_inst.genblk1.genblk1.s_axi_awready_reg$_SDFF_PP0_/Q	axi_crossbar_inst.axi_crossbar_wr_inst.m_ifaces[5].reg_inst.genblk1.genblk1.m_axi_awaddr_reg[29]$_DFFE_PP_/D
677	0.3127	axi_crossbar_inst.axi_crossbar_wr_inst.m_ifaces[I].reg_inst.genblkJ.genblkK.s_axi_awready_reg	axi_crossbar_inst.axi_crossbar_wr_inst.m_ifaces[I].reg_inst.genblkJ.genblkK.m_axi_awburst_reg[L]	axi_crossbar_inst.axi_crossbar_wr_inst.m_ifaces[5].reg_inst.genblk1.genblk1.s_axi_awready_reg$_SDFF_PP0_/Q	axi_crossbar_inst.axi_crossbar_wr_inst.m_ifaces[5].reg_inst.genblk1.genblk1.m_axi_awburst_reg[0]$_DFFE_PP_/D
678	0.3127	axi_crossbar_inst.axi_crossbar_wr_inst.m_ifaces[I].reg_inst.genblkJ.genblkK.s_axi_awready_reg	axi_crossbar_inst.axi_crossbar_wr_inst.m_ifaces[I].reg_inst.genblkJ.genblkK.m_axi_awcache_reg[L]	axi_crossbar_inst.axi_crossbar_wr_inst.m_ifaces[5].reg_inst.genblk1.genblk1.s_axi_awready_reg$_SDFF_PP0_/Q	axi_crossbar_inst.axi_crossbar_wr_inst.m_ifaces[5].reg_inst.genblk1.genblk1.m_axi_awcache_reg[0]$_DFFE_PP_/D
679	0.3127	axi_crossbar_inst.axi_crossbar_wr_inst.m_ifaces[I].reg_inst.genblkJ.genblkK.s_axi_awready_reg	axi_crossbar_inst.axi_crossbar_wr_inst.m_ifaces[I].reg_inst.genblkJ.genblkK.m_axi_awlen_reg[L]	axi_crossbar_inst.axi_crossbar_wr_inst.m_ifaces[5].reg_inst.genblk1.genblk1.s_axi_awready_reg$_SDFF_PP0_/Q	axi_crossbar_inst.axi_crossbar_wr_inst.m_ifaces[5].reg_inst.genblk1.genblk1.m_axi_awlen_reg[0]$_DFFE_PP_/D
680	0.3127	axi_crossbar_inst.axi_crossbar_wr_inst.m_ifaces[I].reg_inst.genblkJ.genblkK.s_axi_awready_reg	axi_crossbar_inst.axi_crossbar_wr_inst.m_ifaces[I].reg_inst.genblkJ.genblkK.m_axi_awprot_reg[L]	axi_crossbar_inst.axi_crossbar_wr_inst.m_ifaces[5].reg_inst.genblk1.genblk1.s_axi_awready_reg$_SDFF_PP0_/Q	axi_crossbar_inst.axi_crossbar_wr_inst.m_ifaces[5].reg_inst.genblk1.genblk1.m_axi_awprot_reg[0]$_DFFE_PP_/D
681	0.3127	axi_crossbar_inst.axi_crossbar_wr_inst.m_ifaces[I].reg_inst.genblkJ.genblkK.s_axi_awready_reg	axi_crossbar_inst.axi_crossbar_wr_inst.m_ifaces[I].reg_inst.genblkJ.genblkK.m_axi_awqos_reg[L]	axi_crossbar_inst.axi_crossbar_wr_inst.m_ifaces[5].reg_inst.genblk1.genblk1.s_axi_awready_reg$_SDFF_PP0_/Q	axi_crossbar_inst.axi_crossbar_wr_inst.m_ifaces[5].reg_inst.genblk1.genblk1.m_axi_awqos_reg[0]$_DFFE_PP_/D
682	0.3127	axi_crossbar_inst.axi_crossbar_wr_inst.m_ifaces[I].reg_inst.genblkJ.genblkK.s_axi_awready_reg	axi_crossbar_inst.axi_crossbar_wr_inst.m_ifaces[I].reg_inst.genblkJ.genblkK.m_axi_awsize_reg[L]	axi_crossbar_inst.axi_crossbar_wr_inst.m_ifaces[5].reg_inst.genblk1.genblk1.s_axi_awready_reg$_SDFF_PP0_/Q	axi_crossbar_inst.axi_crossbar_wr_inst.m_ifaces[5].reg_inst.genblk1.genblk1.m_axi_awsize_reg[0]$_DFFE_PP_/D
683	0.3140	axi_crossbar_inst.axi_crossbar_wr_inst.s_ifaces[I].b_arb_inst.grant_valid_reg	axi_crossbar_inst.axi_crossbar_wr_inst.s_ifaces[I].addr_inst.m_rc_valid_reg	axi_crossbar_inst.axi_crossbar_wr_inst.s_ifaces[1].b_arb_inst.grant_valid_reg$_SDFFE_PP0P_/Q	axi_crossbar_inst.axi_crossbar_wr_inst.s_ifaces[1].addr_inst.m_rc_valid_reg$_SDFF_PP0_/D
684	0.3148	sI_axi_wvalid	axi_crossbar_inst.axi_crossbar_wr_inst.s_ifaces[I].w_select_valid_reg	s00_axi_wvalid	axi_crossbar_inst.axi_crossbar_wr_inst.s_ifaces[0].w_select_valid_reg$_SDFF_PP0_/D
685	0.3150	axi_crossbar_inst.axi_crossbar_wr_inst.s_ifaces[I].reg_inst.genblkJ.genblkK.m_axi_bready_reg	axi_crossbar_inst.axi_crossbar_wr_inst.s_ifaces[I].addr_inst.m_rc_valid_reg	axi_crossbar_inst.axi_crossbar_wr_inst.s_ifaces[1].reg_inst.genblk3.genblk1.m_axi_bready_reg$_SDFF_PP0_/Q	axi_crossbar_inst.axi_crossbar_wr_inst.s_ifaces[1].addr_inst.m_rc_valid_reg$_SDFF_PP0_/D
686	0.3169	axi_crossbar_inst.axi_crossbar_rd_inst.m_ifaces[I].a_arb_inst.grant_valid_reg	axi_crossbar_inst.axi_crossbar_rd_inst.m_ifaces[I].a_arb_inst.grant_reg[J]	axi_crossbar_inst.axi_crossbar_rd_inst.m_ifaces[2].a_arb_inst.grant_valid_reg$_SDFFE_PP0P_/Q	axi_crossbar_inst.axi_crossbar_rd_inst.m_ifaces[2].a_arb_inst.grant_reg[3]$_SDFFE_PP0P_/D
687	0.3171	axi_crossbar_inst.axi_crossbar_rd_inst.s_ifaces[I].r_arb_inst.grant_encoded_reg[J]	axi_crossbar_inst.axi_crossbar_rd_inst.s_ifaces[I].decerr_m_axi_rvalid_reg	axi_crossbar_inst.axi_crossbar_rd_inst.s_ifaces[3].r_arb_inst.grant_encoded_reg[1]$_SDFFE_PP0P_/Q	axi_crossbar_inst.axi_crossbar_rd_inst.s_ifaces[3].decerr_m_axi_rvalid_reg$_SDFF_PP0_/D
688	0.3179	axi_crossbar_inst.axi_crossbar_rd_inst.s_ifaces[I].r_arb_inst.grant_valid_reg	axi_crossbar_inst.axi_crossbar_rd_inst.s_ifaces[I].addr_inst.m_rc_valid_reg	axi_crossbar_inst.axi_crossbar_rd_inst.s_ifaces[0].r_arb_inst.grant_valid_reg$_SDFFE_PP0P_/Q	axi_crossbar_inst.axi_crossbar_rd_inst.s_ifaces[0].addr_inst.m_rc_valid_reg$_SDFF_PP0_/D
689	0.3188	axi_crossbar_inst.axi_crossbar_wr_inst.m_ifaces[I].w_select_valid_reg	axi_crossbar_inst.axi_crossbar_wr_inst.m_ifaces[I].a_arb_inst.grant_valid_reg	axi_crossbar_inst.axi_crossbar_wr_inst.m_ifaces[6].w_select_valid_reg$_SDFF_PP0_/Q	axi_crossbar_inst.axi_crossbar_wr_inst.m_ifaces[6].a_arb_inst.grant_valid_reg$_SDFFE_PP0P_/D
690	0.3195	axi_crossbar_inst.axi_crossbar_wr_inst.m_ifaces[I].a_arb_inst.grant_encoded_reg[J]	axi_crossbar_inst.axi_crossbar_wr_inst.m_ifaces[I].w_select_reg[J]	axi_crossbar_inst.axi_crossbar_wr_inst.m_ifaces[4].a_arb_inst.grant_encoded_reg[0]$_SDFFE_PP0P_/Q	axi_crossbar_inst.axi_crossbar_wr_inst.m_ifaces[4].w_select_reg[0]$_DFFE_PP_/D
691	0.3201	axi_crossbar_inst.axi_crossbar_wr_inst.m_ifaces[I].w_select_reg[J]	axi_crossbar_inst.axi_crossbar_wr_inst.m_ifaces[I].w_select_reg[J]	axi_crossbar_inst.axi_crossbar_wr_inst.m_ifaces[4].w_select_reg[0]$_DFFE_PP_/Q	axi_crossbar_inst.axi_crossbar_wr_inst.m_ifaces[4].w_select_reg[0]$_DFFE_PP_/D
692	0.3202	axi_crossbar_inst.axi_crossbar_wr_inst.s_ifaces[I].decerr_m_axi_bvalid_reg	axi_crossbar_inst.axi_crossbar_wr_inst.s_ifaces[I].reg_inst.genblkJ.genblkK.s_axi_bvalid_reg	axi_crossbar_inst.axi_crossbar_wr_inst.s_ifaces[2].decerr_m_axi_bvalid_reg$_SDFF_PP0_/Q	axi_crossbar_inst.axi_crossbar_wr_inst.s_ifaces[2].reg_inst.genblk3.genblk1.s_axi_bvalid_reg$_SDFF_PP0_/D
693	0.3206	axi_crossbar_inst.axi_crossbar_wr_inst.m_ifaces[I].reg_inst.genblkJ.m_axi_wvalid_reg	axi_crossbar_inst.axi_crossbar_wr_inst.m_ifaces[I].reg_inst.genblkJ.m_axi_wdata_reg[K]	axi_crossbar_inst.axi_crossbar_wr_inst.m_ifaces[1].reg_inst.genblk2.m_axi_wvalid_reg$_SDFFE_PP0P_/QN	axi_crossbar_inst.axi_crossbar_wr_inst.m_ifaces[1].reg_inst.genblk2.m_axi_wdata_reg[10]$_DFFE_PP_/D
694	0.3219	axi_crossbar_inst.axi_crossbar_rd_inst.s_ifaces[I].reg_inst.genblkJ.m_axi_rready_reg	axi_crossbar_inst.axi_crossbar_rd_inst.s_ifaces[I].reg_inst.genblkJ.temp_s_axi_rresp_reg[K]	axi_crossbar_inst.axi_crossbar_rd_inst.s_ifaces[5].reg_inst.genblk2.m_axi_rready_reg$_SDFF_PP0_/Q	axi_crossbar_inst.axi_crossbar_rd_inst.s_ifaces[5].reg_inst.genblk2.temp_s_axi_rresp_reg[0]$_DFFE_PP_/D
695	0.3233	axi_crossbar_inst.axi_crossbar_rd_inst.s_ifaces[I].reg_inst.genblkJ.m_axi_rready_reg	axi_crossbar_inst.axi_crossbar_rd_inst.s_ifaces[I].reg_inst.genblkJ.temp_s_axi_rvalid_reg	axi_crossbar_inst.axi_crossbar_rd_inst.s_ifaces[0].reg_inst.genblk2.m_axi_rready_reg$_SDFF_PP0_/Q	axi_crossbar_inst.axi_crossbar_rd_inst.s_ifaces[0].reg_inst.genblk2.temp_s_axi_rvalid_reg$_SDFFE_PP0P_/D
696	0.3237	axi_crossbar_inst.axi_crossbar_rd_inst.s_ifaces[I].decerr_m_axi_rvalid_reg	axi_crossbar_inst.axi_crossbar_rd_inst.s_ifaces[I].decerr_len_reg[J]	axi_crossbar_inst.axi_crossbar_rd_inst.s_ifaces[4].decerr_m_axi_rvalid_reg$_SDFF_PP0_/Q	axi_crossbar_inst.axi_crossbar_rd_inst.s_ifaces[4].decerr_len_reg[0]$_DFFE_PP_/D
697	0.3261	axi_crossbar_inst.axi_crossbar_rd_inst.s_ifaces[I].reg_inst.genblkJ.m_axi_rready_reg	axi_crossbar_inst.axi_crossbar_rd_inst.s_ifaces[I].reg_inst.genblkJ.temp_s_axi_rlast_reg	axi_crossbar_inst.axi_crossbar_rd_inst.s_ifaces[2].reg_inst.genblk2.m_axi_rready_reg$_SDFF_PP0_/Q	axi_crossbar_inst.axi_crossbar_rd_inst.s_ifaces[2].reg_inst.genblk2.temp_s_axi_rlast_reg$_DFFE_PP_/D
698	0.3268	axi_crossbar_inst.axi_crossbar_wr_inst.m_ifaces[I].reg_inst.genblkJ.genblkK.s_axi_awready_reg	axi_crossbar_inst.axi_crossbar_wr_inst.m_ifaces[I].reg_inst.genblkJ.genblkK.m_axi_awid_reg[L]	axi_crossbar_inst.axi_crossbar_wr_inst.m_ifaces[1].reg_inst.genblk1.genblk1.s_axi_awready_reg$_SDFF_PP0_/Q	axi_crossbar_inst.axi_crossbar_wr_inst.m_ifaces[1].reg_inst.genblk1.genblk1.m_axi_awid_reg[0]$_DFFE_PP_/D
699	0.3276	axi_crossbar_inst.axi_crossbar_rd_inst.s_ifaces[I].decerr_m_axi_rvalid_reg	axi_crossbar_inst.axi_crossbar_rd_inst.s_ifaces[I].r_arb_inst.grant_valid_reg	axi_crossbar_inst.axi_crossbar_rd_inst.s_ifaces[2].decerr_m_axi_rvalid_reg$_SDFF_PP0_/Q	axi_crossbar_inst.axi_crossbar_rd_inst.s_ifaces[2].r_arb_inst.grant_valid_reg$_SDFFE_PP0P_/D
700	0.3279	axi_crossbar_inst.axi_crossbar_rd_inst.s_ifaces[I].decerr_m_axi_rlast_reg	axi_crossbar_inst.axi_crossbar_rd_inst.s_ifaces[I].r_arb_inst.grant_valid_reg	axi_crossbar_inst.axi_crossbar_rd_inst.s_ifaces[0].decerr_m_axi_rlast_reg$_DFFE_PP_/Q	axi_crossbar_inst.axi_crossbar_rd_inst.s_ifaces[0].r_arb_inst.grant_valid_reg$_SDFFE_PP0P_/D
701	0.3287	axi_crossbar_inst.axi_crossbar_rd_inst.s_ifaces[I].r_arb_inst.grant_valid_reg	axi_crossbar_inst.axi_crossbar_rd_inst.s_ifaces[I].r_arb_inst.grant_encoded_reg[J]	axi_crossbar_inst.axi_crossbar_rd_inst.s_ifaces[3].r_arb_inst.grant_valid_reg$_SDFFE_PP0P_/Q	axi_crossbar_inst.axi_crossbar_rd_inst.s_ifaces[3].r_arb_inst.grant_encoded_reg[3]$_SDFFE_PP0P_/D
702	0.3288	axi_crossbar_inst.axi_crossbar_wr_inst.m_ifaces[I].reg_inst.genblkJ.s_axi_wready_reg	axi_crossbar_inst.axi_crossbar_wr_inst.m_ifaces[I].reg_inst.genblkJ.m_axi_wlast_reg	axi_crossbar_inst.axi_crossbar_wr_inst.m_ifaces[1].reg_inst.genblk2.s_axi_wready_reg$_SDFF_PP0_/Q	axi_crossbar_inst.axi_crossbar_wr_inst.m_ifaces[1].reg_inst.genblk2.m_axi_wlast_reg$_DFFE_PP_/D
703	0.3297	axi_crossbar_inst.axi_crossbar_rd_inst.m_ifaces[I].reg_inst.genblkJ.genblkK.s_axi_arready_reg	axi_crossbar_inst.axi_crossbar_rd_inst.m_ifaces[I].a_arb_inst.grant_encoded_reg[J]	axi_crossbar_inst.axi_crossbar_rd_inst.m_ifaces[6].reg_inst.genblk1.genblk1.s_axi_arready_reg$_SDFF_PP0_/Q	axi_crossbar_inst.axi_crossbar_rd_inst.m_ifaces[6].a_arb_inst.grant_encoded_reg[2]$_SDFFE_PP0P_/D
704	0.3305	axi_crossbar_inst.axi_crossbar_wr_inst.s_ifaces[I].reg_inst.genblkJ.genblkK.m_axi_bready_reg	axi_crossbar_inst.axi_crossbar_wr_inst.s_ifaces[I].b_arb_inst.grant_encoded_reg[J]	axi_crossbar_inst.axi_crossbar_wr_inst.s_ifaces[4].reg_inst.genblk3.genblk1.m_axi_bready_reg$_SDFF_PP0_/Q	axi_crossbar_inst.axi_crossbar_wr_inst.s_ifaces[4].b_arb_inst.grant_encoded_reg[2]$_SDFFE_PP0P_/D
705	0.3310	axi_crossbar_inst.axi_crossbar_rd_inst.m_ifaces[I].a_arb_inst.grant_valid_reg	axi_crossbar_inst.axi_crossbar_rd_inst.m_ifaces[I].a_arb_inst.mask_reg[J]	axi_crossbar_inst.axi_crossbar_rd_inst.m_ifaces[5].a_arb_inst.grant_valid_reg$_SDFFE_PP0P_/Q	axi_crossbar_inst.axi_crossbar_rd_inst.m_ifaces[5].a_arb_inst.mask_reg[2]$_SDFFE_PP0P_/D
706	0.3319	axi_crossbar_inst.axi_crossbar_wr_inst.m_ifaces[I].reg_inst.genblkJ.s_axi_wready_reg	axi_crossbar_inst.axi_crossbar_wr_inst.m_ifaces[I].reg_inst.genblkJ.temp_m_axi_wstrb_reg[K]	axi_crossbar_inst.axi_crossbar_wr_inst.m_ifaces[5].reg_inst.genblk2.s_axi_wready_reg$_SDFF_PP0_/Q	axi_crossbar_inst.axi_crossbar_wr_inst.m_ifaces[5].reg_inst.genblk2.temp_m_axi_wstrb_reg[0]$_DFFE_PP_/D
707	0.3330	axi_crossbar_inst.axi_crossbar_wr_inst.m_ifaces[I].reg_inst.genblkJ.m_axi_wlast_reg	mI_axi_wlast	axi_crossbar_inst.axi_crossbar_wr_inst.m_ifaces[5].reg_inst.genblk2.m_axi_wlast_reg$_DFFE_PP_/Q	m05_axi_wlast
708	0.3330	axi_crossbar_inst.axi_crossbar_wr_inst.s_ifaces[I].reg_inst.genblkJ.genblkK.s_axi_bresp_reg[L]	sI_axi_bresp[J]	axi_crossbar_inst.axi_crossbar_wr_inst.s_ifaces[0].reg_inst.genblk3.genblk1.s_axi_bresp_reg[0]$_DFFE_PP_/Q	s00_axi_bresp[0]
709	0.3330	axi_crossbar_inst.axi_crossbar_rd_inst.s_ifaces[I].reg_inst.genblkJ.s_axi_rdata_reg[K]	sI_axi_rdata[J]	axi_crossbar_inst.axi_crossbar_rd_inst.s_ifaces[0].reg_inst.genblk2.s_axi_rdata_reg[0]$_DFFE_PP_/Q	s00_axi_rdata[0]
710	0.3330	axi_crossbar_inst.axi_crossbar_rd_inst.m_ifaces[I].reg_inst.genblkJ.genblkK.m_axi_arvalid_reg	mI_axi_arvalid	axi_crossbar_inst.axi_crossbar_rd_inst.m_ifaces[0].reg_inst.genblk1.genblk1.m_axi_arvalid_reg$_SDFF_PP0_/Q	m00_axi_arvalid
711	0.3330	axi_crossbar_inst.axi_crossbar_wr_inst.m_ifaces[I].reg_inst.genblkJ.genblkK.m_axi_awvalid_reg	mI_axi_awvalid	axi_crossbar_inst.axi_crossbar_wr_inst.m_ifaces[0].reg_inst.genblk1.genblk1.m_axi_awvalid_reg$_SDFF_PP0_/Q	m00_axi_awvalid
712	0.3330	axi_crossbar_inst.axi_crossbar_wr_inst.s_ifaces[I].reg_inst.genblkJ.genblkK.s_axi_bvalid_reg	sI_axi_bvalid	axi_crossbar_inst.axi_crossbar_wr_inst.s_ifaces[0].reg_inst.genblk3.genblk1.s_axi_bvalid_reg$_SDFF_PP0_/Q	s00_axi_bvalid
713	0.3331	axi_crossbar_inst.axi_crossbar_wr_inst.m_ifaces[I].reg_inst.genblkJ.m_axi_wdata_reg[K]	mI_axi_wdata[J]	axi_crossbar_inst.axi_crossbar_wr_inst.m_ifaces[0].reg_inst.genblk2.m_axi_wdata_reg[0]$_DFFE_PP_/Q	m00_axi_wdata[0]
714	0.3331	axi_crossbar_inst.axi_crossbar_wr_inst.m_ifaces[I].reg_inst.genblkJ.m_axi_wstrb_reg[K]	mI_axi_wstrb[J]	axi_crossbar_inst.axi_crossbar_wr_inst.m_ifaces[0].reg_inst.genblk2.m_axi_wstrb_reg[0]$_DFFE_PP_/Q	m00_axi_wstrb[0]
715	0.3331	axi_crossbar_inst.axi_crossbar_rd_inst.s_ifaces[I].reg_inst.genblkJ.s_axi_rid_reg[K]	sI_axi_rid[J]	axi_crossbar_inst.axi_crossbar_rd_inst.s_ifaces[0].reg_inst.genblk2.s_axi_rid_reg[0]$_DFFE_PP_/Q	s00_axi_rid[0]
716	0.3331	axi_crossbar_inst.axi_crossbar_rd_inst.s_ifaces[I].reg_inst.genblkJ.s_axi_rlast_reg	sI_axi_rlast	axi_crossbar_inst.axi_crossbar_rd_inst.s_ifaces[0].reg_inst.genblk2.s_axi_rlast_reg$_DFFE_PP_/Q	s00_axi_rlast
717	0.3331	axi_crossbar_inst.axi_crossbar_rd_inst.s_ifaces[I].reg_inst.genblkJ.s_axi_rresp_reg[K]	sI_axi_rresp[J]	axi_crossbar_inst.axi_crossbar_rd_inst.s_ifaces[0].reg_inst.genblk2.s_axi_rresp_reg[0]$_DFFE_PP_/Q	s00_axi_rresp[0]
718	0.3331	axi_crossbar_inst.axi_crossbar_wr_inst.s_ifaces[I].reg_inst.genblkJ.genblkK.s_axi_bid_reg[L]	sI_axi_bid[J]	axi_crossbar_inst.axi_crossbar_wr_inst.s_ifaces[3].reg_inst.genblk3.genblk1.s_axi_bid_reg[0]$_DFFE_PP_/Q	s03_axi_bid[0]
719	0.3331	axi_crossbar_inst.axi_crossbar_wr_inst.m_ifaces[I].reg_inst.genblkJ.m_axi_wvalid_reg	mI_axi_wvalid	axi_crossbar_inst.axi_crossbar_wr_inst.m_ifaces[0].reg_inst.genblk2.m_axi_wvalid_reg$_SDFFE_PP0P_/Q	m00_axi_wvalid
720	0.3331	axi_crossbar_inst.axi_crossbar_rd_inst.s_ifaces[I].reg_inst.genblkJ.s_axi_rvalid_reg	sI_axi_rvalid	axi_crossbar_inst.axi_crossbar_rd_inst.s_ifaces[3].reg_inst.genblk2.s_axi_rvalid_reg$_SDFFE_PP0P_/Q	s03_axi_rvalid
721	0.3337	axi_crossbar_inst.axi_crossbar_wr_inst.m_ifaces[I].a_arb_inst.grant_reg[J]	axi_crossbar_inst.axi_crossbar_wr_inst.m_ifaces[I].w_select_new_reg	axi_crossbar_inst.axi_crossbar_wr_inst.m_ifaces[3].a_arb_inst.grant_reg[4]$_SDFFE_PP0P_/Q	axi_crossbar_inst.axi_crossbar_wr_inst.m_ifaces[3].w_select_new_reg$_SDFF_PP1_/D
722	0.3348	axi_crossbar_inst.axi_crossbar_rd_inst.m_ifaces[I].reg_inst.genblkJ.genblkK.m_axi_araddr_reg[L]	mI_axi_araddr[J]	axi_crossbar_inst.axi_crossbar_rd_inst.m_ifaces[0].reg_inst.genblk1.genblk1.m_axi_araddr_reg[0]$_DFFE_PP_/Q	m00_axi_araddr[0]
723	0.3348	axi_crossbar_inst.axi_crossbar_rd_inst.m_ifaces[I].reg_inst.genblkJ.genblkK.m_axi_arburst_reg[L]	mI_axi_arburst[J]	axi_crossbar_inst.axi_crossbar_rd_inst.m_ifaces[0].reg_inst.genblk1.genblk1.m_axi_arburst_reg[0]$_DFFE_PP_/Q	m00_axi_arburst[0]
724	0.3348	axi_crossbar_inst.axi_crossbar_rd_inst.m_ifaces[I].reg_inst.genblkJ.genblkK.m_axi_arcache_reg[L]	mI_axi_arcache[J]	axi_crossbar_inst.axi_crossbar_rd_inst.m_ifaces[0].reg_inst.genblk1.genblk1.m_axi_arcache_reg[0]$_DFFE_PP_/Q	m00_axi_arcache[0]
725	0.3348	axi_crossbar_inst.axi_crossbar_rd_inst.m_ifaces[I].reg_inst.genblkJ.genblkK.m_axi_arid_reg[L]	mI_axi_arid[J]	axi_crossbar_inst.axi_crossbar_rd_inst.m_ifaces[0].reg_inst.genblk1.genblk1.m_axi_arid_reg[0]$_DFFE_PP_/Q	m00_axi_arid[0]
726	0.3348	axi_crossbar_inst.axi_crossbar_rd_inst.m_ifaces[I].reg_inst.genblkJ.genblkK.m_axi_arlen_reg[L]	mI_axi_arlen[J]	axi_crossbar_inst.axi_crossbar_rd_inst.m_ifaces[0].reg_inst.genblk1.genblk1.m_axi_arlen_reg[0]$_DFFE_PP_/Q	m00_axi_arlen[0]
727	0.3348	axi_crossbar_inst.axi_crossbar_rd_inst.m_ifaces[I].reg_inst.genblkJ.genblkK.m_axi_arlock_reg	mI_axi_arlock	axi_crossbar_inst.axi_crossbar_rd_inst.m_ifaces[0].reg_inst.genblk1.genblk1.m_axi_arlock_reg$_DFFE_PP_/Q	m00_axi_arlock
728	0.3348	axi_crossbar_inst.axi_crossbar_rd_inst.m_ifaces[I].reg_inst.genblkJ.genblkK.m_axi_arprot_reg[L]	mI_axi_arprot[J]	axi_crossbar_inst.axi_crossbar_rd_inst.m_ifaces[0].reg_inst.genblk1.genblk1.m_axi_arprot_reg[0]$_DFFE_PP_/Q	m00_axi_arprot[0]
729	0.3348	axi_crossbar_inst.axi_crossbar_rd_inst.m_ifaces[I].reg_inst.genblkJ.genblkK.m_axi_arqos_reg[L]	mI_axi_arqos[J]	axi_crossbar_inst.axi_crossbar_rd_inst.m_ifaces[0].reg_inst.genblk1.genblk1.m_axi_arqos_reg[0]$_DFFE_PP_/Q	m00_axi_arqos[0]
730	0.3348	axi_crossbar_inst.axi_crossbar_rd_inst.m_ifaces[I].reg_inst.genblkJ.genblkK.m_axi_arsize_reg[L]	mI_axi_arsize[J]	axi_crossbar_inst.axi_crossbar_rd_inst.m_ifaces[0].reg_inst.genblk1.genblk1.m_axi_arsize_reg[0]$_DFFE_PP_/Q	m00_axi_arsize[0]
731	0.3348	axi_crossbar_inst.axi_crossbar_wr_inst.m_ifaces[I].reg_inst.genblkJ.genblkK.m_axi_awaddr_reg[L]	mI_axi_awaddr[J]	axi_crossbar_inst.axi_crossbar_wr_inst.m_ifaces[0].reg_inst.genblk1.genblk1.m_axi_awaddr_reg[0]$_DFFE_PP_/Q	m00_axi_awaddr[0]
732	0.3348	axi_crossbar_inst.axi_crossbar_wr_inst.m_ifaces[I].reg_inst.genblkJ.genblkK.m_axi_awburst_reg[L]	mI_axi_awburst[J]	axi_crossbar_inst.axi_crossbar_wr_inst.m_ifaces[0].reg_inst.genblk1.genblk1.m_axi_awburst_reg[0]$_DFFE_PP_/Q	m00_axi_awburst[0]
733	0.3348	axi_crossbar_inst.axi_crossbar_wr_inst.m_ifaces[I].reg_inst.genblkJ.genblkK.m_axi_awcache_reg[L]	mI_axi_awcache[J]	axi_crossbar_inst.axi_crossbar_wr_inst.m_ifaces[0].reg_inst.genblk1.genblk1.m_axi_awcache_reg[0]$_DFFE_PP_/Q	m00_axi_awcache[0]
734	0.3348	axi_crossbar_inst.axi_crossbar_wr_inst.m_ifaces[I].reg_inst.genblkJ.genblkK.m_axi_awid_reg[L]	mI_axi_awid[J]	axi_crossbar_inst.axi_crossbar_wr_inst.m_ifaces[0].reg_inst.genblk1.genblk1.m_axi_awid_reg[0]$_DFFE_PP_/Q	m00_axi_awid[0]
735	0.3348	axi_crossbar_inst.axi_crossbar_wr_inst.m_ifaces[I].reg_inst.genblkJ.genblkK.m_axi_awlen_reg[L]	mI_axi_awlen[J]	axi_crossbar_inst.axi_crossbar_wr_inst.m_ifaces[0].reg_inst.genblk1.genblk1.m_axi_awlen_reg[0]$_DFFE_PP_/Q	m00_axi_awlen[0]
736	0.3348	axi_crossbar_inst.axi_crossbar_wr_inst.m_ifaces[I].reg_inst.genblkJ.genblkK.m_axi_awlock_reg	mI_axi_awlock	axi_crossbar_inst.axi_crossbar_wr_inst.m_ifaces[0].reg_inst.genblk1.genblk1.m_axi_awlock_reg$_DFFE_PP_/Q	m00_axi_awlock
737	0.3348	axi_crossbar_inst.axi_crossbar_wr_inst.m_ifaces[I].reg_inst.genblkJ.genblkK.m_axi_awprot_reg[L]	mI_axi_awprot[J]	axi_crossbar_inst.axi_crossbar_wr_inst.m_ifaces[0].reg_inst.genblk1.genblk1.m_axi_awprot_reg[0]$_DFFE_PP_/Q	m00_axi_awprot[0]
738	0.3348	axi_crossbar_inst.axi_crossbar_wr_inst.m_ifaces[I].reg_inst.genblkJ.genblkK.m_axi_awqos_reg[L]	mI_axi_awqos[J]	axi_crossbar_inst.axi_crossbar_wr_inst.m_ifaces[0].reg_inst.genblk1.genblk1.m_axi_awqos_reg[0]$_DFFE_PP_/Q	m00_axi_awqos[0]
739	0.3348	axi_crossbar_inst.axi_crossbar_wr_inst.m_ifaces[I].reg_inst.genblkJ.genblkK.m_axi_awsize_reg[L]	mI_axi_awsize[J]	axi_crossbar_inst.axi_crossbar_wr_inst.m_ifaces[0].reg_inst.genblk1.genblk1.m_axi_awsize_reg[0]$_DFFE_PP_/Q	m00_axi_awsize[0]
740	0.3350	axi_crossbar_inst.axi_crossbar_wr_inst.m_ifaces[I].reg_inst.genblkJ.s_axi_wready_reg	axi_crossbar_inst.axi_crossbar_wr_inst.m_ifaces[I].reg_inst.genblkJ.m_axi_wvalid_reg	axi_crossbar_inst.axi_crossbar_wr_inst.m_ifaces[1].reg_inst.genblk2.s_axi_wready_reg$_SDFF_PP0_/Q	axi_crossbar_inst.axi_crossbar_wr_inst.m_ifaces[1].reg_inst.genblk2.m_axi_wvalid_reg$_SDFFE_PP0P_/D
741	0.3363	axi_crossbar_inst.axi_crossbar_rd_inst.s_ifaces[I].reg_inst.genblkJ.s_axi_rvalid_reg	axi_crossbar_inst.axi_crossbar_rd_inst.s_ifaces[I].reg_inst.genblkJ.temp_s_axi_rresp_reg[K]	axi_crossbar_inst.axi_crossbar_rd_inst.s_ifaces[5].reg_inst.genblk2.s_axi_rvalid_reg$_SDFFE_PP0P_/QN	axi_crossbar_inst.axi_crossbar_rd_inst.s_ifaces[5].reg_inst.genblk2.temp_s_axi_rresp_reg[0]$_DFFE_PP_/D
742	0.3369	axi_crossbar_inst.axi_crossbar_rd_inst.s_ifaces[I].addr_inst.s_axi_aready_reg	sI_axi_arready	axi_crossbar_inst.axi_crossbar_rd_inst.s_ifaces[0].addr_inst.s_axi_aready_reg$_SDFF_PP0_/Q	s00_axi_arready
743	0.3369	axi_crossbar_inst.axi_crossbar_wr_inst.s_ifaces[I].addr_inst.s_axi_aready_reg	sI_axi_awready	axi_crossbar_inst.axi_crossbar_wr_inst.s_ifaces[0].addr_inst.s_axi_aready_reg$_SDFF_PP0_/Q	s00_axi_awready
744	0.3402	axi_crossbar_inst.axi_crossbar_rd_inst.s_ifaces[I].r_arb_inst.grant_valid_reg	axi_crossbar_inst.axi_crossbar_rd_inst.s_ifaces[I].r_arb_inst.grant_valid_reg	axi_crossbar_inst.axi_crossbar_rd_inst.s_ifaces[2].r_arb_inst.grant_valid_reg$_SDFFE_PP0P_/Q	axi_crossbar_inst.axi_crossbar_rd_inst.s_ifaces[2].r_arb_inst.grant_valid_reg$_SDFFE_PP0P_/D
745	0.3402	axi_crossbar_inst.axi_crossbar_rd_inst.s_ifaces[I].decerr_len_reg[J]	axi_crossbar_inst.axi_crossbar_rd_inst.s_ifaces[I].decerr_m_axi_rvalid_reg	axi_crossbar_inst.axi_crossbar_rd_inst.s_ifaces[5].decerr_len_reg[1]$_DFFE_PP_/QN	axi_crossbar_inst.axi_crossbar_rd_inst.s_ifaces[5].decerr_m_axi_rvalid_reg$_SDFF_PP0_/D
746	0.3413	axi_crossbar_inst.axi_crossbar_rd_inst.s_ifaces[I].addr_inst.m_rc_valid_reg	axi_crossbar_inst.axi_crossbar_rd_inst.s_ifaces[I].decerr_len_reg[J]	axi_crossbar_inst.axi_crossbar_rd_inst.s_ifaces[7].addr_inst.m_rc_valid_reg$_SDFF_PP0_/Q	axi_crossbar_inst.axi_crossbar_rd_inst.s_ifaces[7].decerr_len_reg[0]$_DFFE_PP_/D
747	0.3441	axi_crossbar_inst.axi_crossbar_rd_inst.s_ifaces[I].addr_inst.m_rc_valid_reg	axi_crossbar_inst.axi_crossbar_rd_inst.s_ifaces[I].decerr_m_axi_rlast_reg	axi_crossbar_inst.axi_crossbar_rd_inst.s_ifaces[0].addr_inst.m_rc_valid_reg$_SDFF_PP0_/Q	axi_crossbar_inst.axi_crossbar_rd_inst.s_ifaces[0].decerr_m_axi_rlast_reg$_DFFE_PP_/D
748	0.3452	axi_crossbar_inst.axi_crossbar_wr_inst.s_ifaces[I].addr_inst.trans_count_reg[J]	axi_crossbar_inst.axi_crossbar_wr_inst.s_ifaces[I].addr_inst.m_axi_avalid_reg	axi_crossbar_inst.axi_crossbar_wr_inst.s_ifaces[7].addr_inst.trans_count_reg[4]$_SDFFE_PP0P_/Q	axi_crossbar_inst.axi_crossbar_wr_inst.s_ifaces[7].addr_inst.m_axi_avalid_reg$_SDFF_PP0_/D
749	0.3456	axi_crossbar_inst.axi_crossbar_wr_inst.s_ifaces[I].b_arb_inst.grant_valid_reg	axi_crossbar_inst.axi_crossbar_wr_inst.s_ifaces[I].addr_inst.m_wc_valid_reg	axi_crossbar_inst.axi_crossbar_wr_inst.s_ifaces[1].b_arb_inst.grant_valid_reg$_SDFFE_PP0P_/Q	axi_crossbar_inst.axi_crossbar_wr_inst.s_ifaces[1].addr_inst.m_wc_valid_reg$_SDFF_PP0_/D
750	0.3461	axi_crossbar_inst.axi_crossbar_wr_inst.s_ifaces[I].addr_inst.m_axi_avalid_reg	axi_crossbar_inst.axi_crossbar_wr_inst.s_ifaces[I].addr_inst.state_reg[J]	axi_crossbar_inst.axi_crossbar_wr_inst.s_ifaces[2].addr_inst.m_axi_avalid_reg$_SDFF_PP0_/Q	axi_crossbar_inst.axi_crossbar_wr_inst.s_ifaces[2].addr_inst.state_reg[1]$_SDFF_PP0_/D
751	0.3463	axi_crossbar_inst.axi_crossbar_wr_inst.m_ifaces[I].reg_inst.genblkJ.s_axi_wready_reg	axi_crossbar_inst.axi_crossbar_wr_inst.m_ifaces[I].reg_inst.genblkJ.temp_m_axi_wvalid_reg	axi_crossbar_inst.axi_crossbar_wr_inst.m_ifaces[1].reg_inst.genblk2.s_axi_wready_reg$_SDFF_PP0_/Q	axi_crossbar_inst.axi_crossbar_wr_inst.m_ifaces[1].reg_inst.genblk2.temp_m_axi_wvalid_reg$_SDFFE_PP0P_/D
752	0.3467	axi_crossbar_inst.axi_crossbar_wr_inst.s_ifaces[I].reg_inst.genblkJ.genblkK.m_axi_bready_reg	axi_crossbar_inst.axi_crossbar_wr_inst.s_ifaces[I].addr_inst.m_wc_valid_reg	axi_crossbar_inst.axi_crossbar_wr_inst.s_ifaces[1].reg_inst.genblk3.genblk1.m_axi_bready_reg$_SDFF_PP0_/Q	axi_crossbar_inst.axi_crossbar_wr_inst.s_ifaces[1].addr_inst.m_wc_valid_reg$_SDFF_PP0_/D
753	0.3478	axi_crossbar_inst.axi_crossbar_rd_inst.s_ifaces[I].addr_inst.match_reg	axi_crossbar_inst.axi_crossbar_rd_inst.s_ifaces[I].addr_inst.thread_id_reg[J][K]	axi_crossbar_inst.axi_crossbar_rd_inst.s_ifaces[6].addr_inst.match_reg$_SDFFCE_PP1P_/Q	axi_crossbar_inst.axi_crossbar_rd_inst.s_ifaces[6].addr_inst.thread_id_reg[0][0]$_DFFE_PP_/D
754	0.3478	axi_crossbar_inst.axi_crossbar_rd_inst.s_ifaces[I].addr_inst.match_reg	axi_crossbar_inst.axi_crossbar_rd_inst.s_ifaces[I].addr_inst.thread_m_reg[J][K]	axi_crossbar_inst.axi_crossbar_rd_inst.s_ifaces[6].addr_inst.match_reg$_SDFFCE_PP1P_/Q	axi_crossbar_inst.axi_crossbar_rd_inst.s_ifaces[6].addr_inst.thread_m_reg[0][0]$_DFFE_PP_/D
755	0.3480	axi_crossbar_inst.axi_crossbar_wr_inst.s_ifaces[I].reg_inst.genblkJ.genblkK.m_axi_bready_reg	axi_crossbar_inst.axi_crossbar_wr_inst.s_ifaces[I].addr_inst.state_reg[J]	axi_crossbar_inst.axi_crossbar_wr_inst.s_ifaces[0].reg_inst.genblk3.genblk1.m_axi_bready_reg$_SDFF_PP0_/Q	axi_crossbar_inst.axi_crossbar_wr_inst.s_ifaces[0].addr_inst.state_reg[1]$_SDFF_PP0_/D
756	0.3487	axi_crossbar_inst.axi_crossbar_rd_inst.m_ifaces[I].a_arb_inst.grant_valid_reg	axi_crossbar_inst.axi_crossbar_rd_inst.m_ifaces[I].a_arb_inst.grant_encoded_reg[J]	axi_crossbar_inst.axi_crossbar_rd_inst.m_ifaces[2].a_arb_inst.grant_valid_reg$_SDFFE_PP0P_/Q	axi_crossbar_inst.axi_crossbar_rd_inst.m_ifaces[2].a_arb_inst.grant_encoded_reg[0]$_SDFFE_PP0P_/D
757	0.3503	axi_crossbar_inst.axi_crossbar_wr_inst.m_ifaces[I].reg_inst.genblkJ.m_axi_wvalid_reg	axi_crossbar_inst.axi_crossbar_wr_inst.m_ifaces[I].reg_inst.genblkJ.temp_m_axi_wdata_reg[K]	axi_crossbar_inst.axi_crossbar_wr_inst.m_ifaces[1].reg_inst.genblk2.m_axi_wvalid_reg$_SDFFE_PP0P_/QN	axi_crossbar_inst.axi_crossbar_wr_inst.m_ifaces[1].reg_inst.genblk2.temp_m_axi_wdata_reg[10]$_DFFE_PP_/D
758	0.3504	axi_crossbar_inst.axi_crossbar_rd_inst.s_ifaces[I].reg_inst.genblkJ.s_axi_rvalid_reg	axi_crossbar_inst.axi_crossbar_rd_inst.s_ifaces[I].reg_inst.genblkJ.temp_s_axi_rlast_reg	axi_crossbar_inst.axi_crossbar_rd_inst.s_ifaces[0].reg_inst.genblk2.s_axi_rvalid_reg$_SDFFE_PP0P_/QN	axi_crossbar_inst.axi_crossbar_rd_inst.s_ifaces[0].reg_inst.genblk2.temp_s_axi_rlast_reg$_DFFE_PP_/D
759	0.3509	axi_crossbar_inst.axi_crossbar_wr_inst.s_ifaces[I].b_arb_inst.grant_valid_reg	axi_crossbar_inst.axi_crossbar_wr_inst.s_ifaces[I].addr_inst.state_reg[J]	axi_crossbar_inst.axi_crossbar_wr_inst.s_ifaces[1].b_arb_inst.grant_valid_reg$_SDFFE_PP0P_/Q	axi_crossbar_inst.axi_crossbar_wr_inst.s_ifaces[1].addr_inst.state_reg[1]$_SDFF_PP0_/D
760	0.3512	axi_crossbar_inst.axi_crossbar_wr_inst.m_ifaces[I].reg_inst.genblkJ.m_axi_wvalid_reg	axi_crossbar_inst.axi_crossbar_wr_inst.m_ifaces[I].reg_inst.genblkJ.temp_m_axi_wstrb_reg[K]	axi_crossbar_inst.axi_crossbar_wr_inst.m_ifaces[0].reg_inst.genblk2.m_axi_wvalid_reg$_SDFFE_PP0P_/QN	axi_crossbar_inst.axi_crossbar_wr_inst.m_ifaces[0].reg_inst.genblk2.temp_m_axi_wstrb_reg[0]$_DFFE_PP_/D
761	0.3514	axi_crossbar_inst.axi_crossbar_wr_inst.s_ifaces[I].addr_inst.trans_count_reg[J]	axi_crossbar_inst.axi_crossbar_wr_inst.s_ifaces[I].addr_inst.m_rc_valid_reg	axi_crossbar_inst.axi_crossbar_wr_inst.s_ifaces[7].addr_inst.trans_count_reg[4]$_SDFFE_PP0P_/Q	axi_crossbar_inst.axi_crossbar_wr_inst.s_ifaces[7].addr_inst.m_rc_valid_reg$_SDFF_PP0_/D
762	0.3526	axi_crossbar_inst.axi_crossbar_wr_inst.m_ifaces[I].a_arb_inst.grant_valid_reg	axi_crossbar_inst.axi_crossbar_wr_inst.m_ifaces[I].w_select_valid_reg	axi_crossbar_inst.axi_crossbar_wr_inst.m_ifaces[7].a_arb_inst.grant_valid_reg$_SDFFE_PP0P_/Q	axi_crossbar_inst.axi_crossbar_wr_inst.m_ifaces[7].w_select_valid_reg$_SDFF_PP0_/D
763	0.3535	axi_crossbar_inst.axi_crossbar_rd_inst.s_ifaces[I].r_arb_inst.grant_valid_reg	axi_crossbar_inst.axi_crossbar_rd_inst.s_ifaces[I].decerr_m_axi_rvalid_reg	axi_crossbar_inst.axi_crossbar_rd_inst.s_ifaces[3].r_arb_inst.grant_valid_reg$_SDFFE_PP0P_/Q	axi_crossbar_inst.axi_crossbar_rd_inst.s_ifaces[3].decerr_m_axi_rvalid_reg$_SDFF_PP0_/D
764	0.3537	axi_crossbar_inst.axi_crossbar_wr_inst.m_ifaces[I].trans_count_reg[J]	axi_crossbar_inst.axi_crossbar_wr_inst.m_ifaces[I].a_arb_inst.grant_valid_reg	axi_crossbar_inst.axi_crossbar_wr_inst.m_ifaces[6].trans_count_reg[2]$_SDFFE_PP0P_/Q	axi_crossbar_inst.axi_crossbar_wr_inst.m_ifaces[6].a_arb_inst.grant_valid_reg$_SDFFE_PP0P_/D
765	0.3540	axi_crossbar_inst.axi_crossbar_wr_inst.s_ifaces[I].addr_inst.m_axi_avalid_reg	axi_crossbar_inst.axi_crossbar_wr_inst.s_ifaces[I].addr_inst.s_axi_aready_reg	axi_crossbar_inst.axi_crossbar_wr_inst.s_ifaces[2].addr_inst.m_axi_avalid_reg$_SDFF_PP0_/Q	axi_crossbar_inst.axi_crossbar_wr_inst.s_ifaces[2].addr_inst.s_axi_aready_reg$_SDFF_PP0_/D
766	0.3542	axi_crossbar_inst.axi_crossbar_rd_inst.s_ifaces[I].reg_inst.genblkJ.m_axi_rready_reg	axi_crossbar_inst.axi_crossbar_rd_inst.s_ifaces[I].decerr_m_axi_rvalid_reg	axi_crossbar_inst.axi_crossbar_rd_inst.s_ifaces[3].reg_inst.genblk2.m_axi_rready_reg$_SDFF_PP0_/Q	axi_crossbar_inst.axi_crossbar_rd_inst.s_ifaces[3].decerr_m_axi_rvalid_reg$_SDFF_PP0_/D
767	0.3552	axi_crossbar_inst.axi_crossbar_rd_inst.s_ifaces[I].decerr_m_axi_rvalid_reg	axi_crossbar_inst.axi_crossbar_rd_inst.s_ifaces[I].reg_inst.genblkJ.temp_s_axi_rvalid_reg	axi_crossbar_inst.axi_crossbar_rd_inst.s_ifaces[1].decerr_m_axi_rvalid_reg$_SDFF_PP0_/Q	axi_crossbar_inst.axi_crossbar_rd_inst.s_ifaces[1].reg_inst.genblk2.temp_s_axi_rvalid_reg$_SDFFE_PP0P_/D
768	0.3567	axi_crossbar_inst.axi_crossbar_rd_inst.m_ifaces[I].reg_inst.genblkJ.genblkK.s_axi_arready_reg	axi_crossbar_inst.axi_crossbar_rd_inst.m_ifaces[I].a_arb_inst.grant_valid_reg	axi_crossbar_inst.axi_crossbar_rd_inst.m_ifaces[3].reg_inst.genblk1.genblk1.s_axi_arready_reg$_SDFF_PP0_/Q	axi_crossbar_inst.axi_crossbar_rd_inst.m_ifaces[3].a_arb_inst.grant_valid_reg$_SDFFE_PP0P_/D
769	0.3608	axi_crossbar_inst.axi_crossbar_rd_inst.s_ifaces[I].reg_inst.genblkJ.m_axi_rready_reg	axi_crossbar_inst.axi_crossbar_rd_inst.s_ifaces[I].reg_inst.genblkJ.s_axi_rvalid_reg	axi_crossbar_inst.axi_crossbar_rd_inst.s_ifaces[3].reg_inst.genblk2.m_axi_rready_reg$_SDFF_PP0_/Q	axi_crossbar_inst.axi_crossbar_rd_inst.s_ifaces[3].reg_inst.genblk2.s_axi_rvalid_reg$_SDFFE_PP0P_/D
770	0.3619	axi_crossbar_inst.axi_crossbar_wr_inst.s_ifaces[I].addr_inst.trans_count_reg[J]	axi_crossbar_inst.axi_crossbar_wr_inst.s_ifaces[I].addr_inst.m_decerr_reg	axi_crossbar_inst.axi_crossbar_wr_inst.s_ifaces[6].addr_inst.trans_count_reg[4]$_SDFFE_PP0P_/Q	axi_crossbar_inst.axi_crossbar_wr_inst.s_ifaces[6].addr_inst.m_decerr_reg$_SDFFCE_PN1P_/D
771	0.3620	axi_crossbar_inst.axi_crossbar_wr_inst.s_ifaces[I].reg_inst.genblkJ.genblkK.m_axi_bready_reg	axi_crossbar_inst.axi_crossbar_wr_inst.s_ifaces[I].b_arb_inst.grant_valid_reg	axi_crossbar_inst.axi_crossbar_wr_inst.s_ifaces[7].reg_inst.genblk3.genblk1.m_axi_bready_reg$_SDFF_PP0_/Q	axi_crossbar_inst.axi_crossbar_wr_inst.s_ifaces[7].b_arb_inst.grant_valid_reg$_SDFFE_PP0P_/D
772	0.3625	axi_crossbar_inst.axi_crossbar_wr_inst.m_ifaces[I].reg_inst.genblkJ.m_axi_wvalid_reg	axi_crossbar_inst.axi_crossbar_wr_inst.m_ifaces[I].reg_inst.genblkJ.m_axi_wstrb_reg[K]	axi_crossbar_inst.axi_crossbar_wr_inst.m_ifaces[5].reg_inst.genblk2.m_axi_wvalid_reg$_SDFFE_PP0P_/QN	axi_crossbar_inst.axi_crossbar_wr_inst.m_ifaces[5].reg_inst.genblk2.m_axi_wstrb_reg[0]$_DFFE_PP_/D
773	0.3631	axi_crossbar_inst.axi_crossbar_wr_inst.s_ifaces[I].addr_inst.match_reg	axi_crossbar_inst.axi_crossbar_wr_inst.s_ifaces[I].addr_inst.thread_id_reg[J][K]	axi_crossbar_inst.axi_crossbar_wr_inst.s_ifaces[3].addr_inst.match_reg$_SDFFCE_PP1P_/Q	axi_crossbar_inst.axi_crossbar_wr_inst.s_ifaces[3].addr_inst.thread_id_reg[1][0]$_DFFE_PP_/D
774	0.3631	axi_crossbar_inst.axi_crossbar_wr_inst.s_ifaces[I].addr_inst.match_reg	axi_crossbar_inst.axi_crossbar_wr_inst.s_ifaces[I].addr_inst.thread_m_reg[J][K]	axi_crossbar_inst.axi_crossbar_wr_inst.s_ifaces[3].addr_inst.match_reg$_SDFFCE_PP1P_/Q	axi_crossbar_inst.axi_crossbar_wr_inst.s_ifaces[3].addr_inst.thread_m_reg[1][0]$_DFFE_PP_/D
775	0.3642	axi_crossbar_inst.axi_crossbar_rd_inst.s_ifaces[I].reg_inst.genblkJ.s_axi_rvalid_reg	axi_crossbar_inst.axi_crossbar_rd_inst.s_ifaces[I].reg_inst.genblkJ.s_axi_rid_reg[K]	axi_crossbar_inst.axi_crossbar_rd_inst.s_ifaces[3].reg_inst.genblk2.s_axi_rvalid_reg$_SDFFE_PP0P_/QN	axi_crossbar_inst.axi_crossbar_rd_inst.s_ifaces[3].reg_inst.genblk2.s_axi_rid_reg[7]$_DFFE_PP_/D
776	0.3651	axi_crossbar_inst.axi_crossbar_wr_inst.s_ifaces[I].addr_inst.trans_count_reg[J]	axi_crossbar_inst.axi_crossbar_wr_inst.s_ifaces[I].addr_inst.state_reg[J]	axi_crossbar_inst.axi_crossbar_wr_inst.s_ifaces[2].addr_inst.trans_count_reg[4]$_SDFFE_PP0P_/Q	axi_crossbar_inst.axi_crossbar_wr_inst.s_ifaces[2].addr_inst.state_reg[1]$_SDFF_PP0_/D
777	0.3654	axi_crossbar_inst.axi_crossbar_wr_inst.m_ifaces[I].reg_inst.genblkJ.s_axi_wready_reg	axi_crossbar_inst.axi_crossbar_wr_inst.m_ifaces[I].w_select_valid_reg	axi_crossbar_inst.axi_crossbar_wr_inst.m_ifaces[3].reg_inst.genblk2.s_axi_wready_reg$_SDFF_PP0_/Q	axi_crossbar_inst.axi_crossbar_wr_inst.m_ifaces[3].w_select_valid_reg$_SDFF_PP0_/D
778	0.3655	axi_crossbar_inst.axi_crossbar_wr_inst.s_ifaces[I].addr_inst.state_reg[J]	axi_crossbar_inst.axi_crossbar_wr_inst.s_ifaces[I].addr_inst.m_select_reg[J]	axi_crossbar_inst.axi_crossbar_wr_inst.s_ifaces[0].addr_inst.state_reg[1]$_SDFF_PP0_/QN	axi_crossbar_inst.axi_crossbar_wr_inst.s_ifaces[0].addr_inst.m_select_reg[0]$_SDFFCE_PP1P_/D
779	0.3659	axi_crossbar_inst.axi_crossbar_rd_inst.s_ifaces[I].addr_inst.state_reg[J]	axi_crossbar_inst.axi_crossbar_rd_inst.s_ifaces[I].addr_inst.m_select_reg[J]	axi_crossbar_inst.axi_crossbar_rd_inst.s_ifaces[1].addr_inst.state_reg[1]$_SDFF_PP0_/QN	axi_crossbar_inst.axi_crossbar_rd_inst.s_ifaces[1].addr_inst.m_select_reg[0]$_SDFFCE_PP1P_/D
780	0.3673	axi_crossbar_inst.axi_crossbar_rd_inst.s_ifaces[I].reg_inst.genblkJ.s_axi_rvalid_reg	axi_crossbar_inst.axi_crossbar_rd_inst.s_ifaces[I].reg_inst.genblkJ.s_axi_rlast_reg	axi_crossbar_inst.axi_crossbar_rd_inst.s_ifaces[5].reg_inst.genblk2.s_axi_rvalid_reg$_SDFFE_PP0P_/QN	axi_crossbar_inst.axi_crossbar_rd_inst.s_ifaces[5].reg_inst.genblk2.s_axi_rlast_reg$_DFFE_PP_/D
781	0.3673	axi_crossbar_inst.axi_crossbar_rd_inst.s_ifaces[I].reg_inst.genblkJ.s_axi_rvalid_reg	axi_crossbar_inst.axi_crossbar_rd_inst.s_ifaces[I].reg_inst.genblkJ.s_axi_rresp_reg[K]	axi_crossbar_inst.axi_crossbar_rd_inst.s_ifaces[5].reg_inst.genblk2.s_axi_rvalid_reg$_SDFFE_PP0P_/QN	axi_crossbar_inst.axi_crossbar_rd_inst.s_ifaces[5].reg_inst.genblk2.s_axi_rresp_reg[0]$_DFFE_PP_/D
782	0.3690	axi_crossbar_inst.axi_crossbar_rd_inst.s_ifaces[I].reg_inst.genblkJ.s_axi_rvalid_reg	axi_crossbar_inst.axi_crossbar_rd_inst.s_ifaces[I].reg_inst.genblkJ.s_axi_rdata_reg[K]	axi_crossbar_inst.axi_crossbar_rd_inst.s_ifaces[3].reg_inst.genblk2.s_axi_rvalid_reg$_SDFFE_PP0P_/QN	axi_crossbar_inst.axi_crossbar_rd_inst.s_ifaces[3].reg_inst.genblk2.s_axi_rdata_reg[10]$_DFFE_PP_/D
783	0.3713	axi_crossbar_inst.axi_crossbar_wr_inst.s_ifaces[I].reg_inst.genblkJ.genblkK.m_axi_bready_reg	axi_crossbar_inst.axi_crossbar_wr_inst.s_ifaces[I].reg_inst.genblkJ.genblkK.s_axi_bresp_reg[L]	axi_crossbar_inst.axi_crossbar_wr_inst.s_ifaces[1].reg_inst.genblk3.genblk1.m_axi_bready_reg$_SDFF_PP0_/Q	axi_crossbar_inst.axi_crossbar_wr_inst.s_ifaces[1].reg_inst.genblk3.genblk1.s_axi_bresp_reg[0]$_DFFE_PP_/D
784	0.3718	axi_crossbar_inst.axi_crossbar_rd_inst.s_ifaces[I].decerr_m_axi_rvalid_reg	axi_crossbar_inst.axi_crossbar_rd_inst.s_ifaces[I].reg_inst.genblkJ.m_axi_rready_reg	axi_crossbar_inst.axi_crossbar_rd_inst.s_ifaces[5].decerr_m_axi_rvalid_reg$_SDFF_PP0_/Q	axi_crossbar_inst.axi_crossbar_rd_inst.s_ifaces[5].reg_inst.genblk2.m_axi_rready_reg$_SDFF_PP0_/D
785	0.3732	axi_crossbar_inst.axi_crossbar_wr_inst.s_ifaces[I].addr_inst.state_reg[J]	axi_crossbar_inst.axi_crossbar_wr_inst.s_ifaces[I].addr_inst.m_decerr_reg	axi_crossbar_inst.axi_crossbar_wr_inst.s_ifaces[1].addr_inst.state_reg[0]$_SDFF_PP0_/Q	axi_crossbar_inst.axi_crossbar_wr_inst.s_ifaces[1].addr_inst.m_decerr_reg$_SDFFCE_PN1P_/D
786	0.3733	axi_crossbar_inst.axi_crossbar_rd_inst.s_ifaces[I].addr_inst.trans_count_reg[J]	axi_crossbar_inst.axi_crossbar_rd_inst.s_ifaces[I].addr_inst.state_reg[J]	axi_crossbar_inst.axi_crossbar_rd_inst.s_ifaces[6].addr_inst.trans_count_reg[4]$_SDFFE_PP0P_/Q	axi_crossbar_inst.axi_crossbar_rd_inst.s_ifaces[6].addr_inst.state_reg[1]$_SDFF_PP0_/D
787	0.3749	axi_crossbar_inst.axi_crossbar_wr_inst.m_ifaces[I].w_select_new_reg	axi_crossbar_inst.axi_crossbar_wr_inst.m_ifaces[I].w_select_valid_reg	axi_crossbar_inst.axi_crossbar_wr_inst.m_ifaces[2].w_select_new_reg$_SDFF_PP1_/Q	axi_crossbar_inst.axi_crossbar_wr_inst.m_ifaces[2].w_select_valid_reg$_SDFF_PP0_/D
788	0.3765	axi_crossbar_inst.axi_crossbar_wr_inst.m_ifaces[I].reg_inst.genblkJ.genblkK.s_axi_awready_reg	axi_crossbar_inst.axi_crossbar_wr_inst.m_ifaces[I].a_arb_inst.grant_valid_reg	axi_crossbar_inst.axi_crossbar_wr_inst.m_ifaces[3].reg_inst.genblk1.genblk1.s_axi_awready_reg$_SDFF_PP0_/Q	axi_crossbar_inst.axi_crossbar_wr_inst.m_ifaces[3].a_arb_inst.grant_valid_reg$_SDFFE_PP0P_/D
789	0.3773	axi_crossbar_inst.axi_crossbar_wr_inst.s_ifaces[I].addr_inst.trans_count_reg[J]	axi_crossbar_inst.axi_crossbar_wr_inst.s_ifaces[I].addr_inst.m_wc_valid_reg	axi_crossbar_inst.axi_crossbar_wr_inst.s_ifaces[7].addr_inst.trans_count_reg[4]$_SDFFE_PP0P_/Q	axi_crossbar_inst.axi_crossbar_wr_inst.s_ifaces[7].addr_inst.m_wc_valid_reg$_SDFF_PP0_/D
790	0.3780	axi_crossbar_inst.axi_crossbar_rd_inst.m_ifaces[I].reg_inst.genblkJ.genblkK.s_axi_arready_reg	axi_crossbar_inst.axi_crossbar_rd_inst.m_ifaces[I].reg_inst.genblkJ.genblkK.s_axi_arready_reg	axi_crossbar_inst.axi_crossbar_rd_inst.m_ifaces[2].reg_inst.genblk1.genblk1.s_axi_arready_reg$_SDFF_PP0_/Q	axi_crossbar_inst.axi_crossbar_rd_inst.m_ifaces[2].reg_inst.genblk1.genblk1.s_axi_arready_reg$_SDFF_PP0_/D
791	0.3792	axi_crossbar_inst.axi_crossbar_rd_inst.s_ifaces[I].addr_inst.m_axi_avalid_reg	axi_crossbar_inst.axi_crossbar_rd_inst.s_ifaces[I].addr_inst.state_reg[J]	axi_crossbar_inst.axi_crossbar_rd_inst.s_ifaces[2].addr_inst.m_axi_avalid_reg$_SDFF_PP0_/Q	axi_crossbar_inst.axi_crossbar_rd_inst.s_ifaces[2].addr_inst.state_reg[1]$_SDFF_PP0_/D
792	0.3803	axi_crossbar_inst.axi_crossbar_wr_inst.m_ifaces[I].trans_count_reg[J]	axi_crossbar_inst.axi_crossbar_wr_inst.m_ifaces[I].trans_count_reg[J]	axi_crossbar_inst.axi_crossbar_wr_inst.m_ifaces[6].trans_count_reg[0]$_SDFFE_PP0P_/QN	axi_crossbar_inst.axi_crossbar_wr_inst.m_ifaces[6].trans_count_reg[2]$_SDFFE_PP0P_/D
793	0.3805	axi_crossbar_inst.axi_crossbar_rd_inst.m_ifaces[I].trans_count_reg[J]	axi_crossbar_inst.axi_crossbar_rd_inst.m_ifaces[I].trans_count_reg[J]	axi_crossbar_inst.axi_crossbar_rd_inst.m_ifaces[1].trans_count_reg[0]$_SDFFE_PP0P_/QN	axi_crossbar_inst.axi_crossbar_rd_inst.m_ifaces[1].trans_count_reg[2]$_SDFFE_PP0P_/D
794	0.3807	axi_crossbar_inst.axi_crossbar_wr_inst.s_ifaces[I].reg_inst.genblkJ.genblkK.m_axi_bready_reg	axi_crossbar_inst.axi_crossbar_wr_inst.s_ifaces[I].reg_inst.genblkJ.genblkK.s_axi_bid_reg[L]	axi_crossbar_inst.axi_crossbar_wr_inst.s_ifaces[2].reg_inst.genblk3.genblk1.m_axi_bready_reg$_SDFF_PP0_/Q	axi_crossbar_inst.axi_crossbar_wr_inst.s_ifaces[2].reg_inst.genblk3.genblk1.s_axi_bid_reg[5]$_DFFE_PP_/D
795	0.3807	axi_crossbar_inst.axi_crossbar_rd_inst.s_ifaces[I].r_arb_inst.grant_valid_reg	axi_crossbar_inst.axi_crossbar_rd_inst.s_ifaces[I].reg_inst.genblkJ.temp_s_axi_rvalid_reg	axi_crossbar_inst.axi_crossbar_rd_inst.s_ifaces[1].r_arb_inst.grant_valid_reg$_SDFFE_PP0P_/Q	axi_crossbar_inst.axi_crossbar_rd_inst.s_ifaces[1].reg_inst.genblk2.temp_s_axi_rvalid_reg$_SDFFE_PP0P_/D
796	0.3827	axi_crossbar_inst.axi_crossbar_wr_inst.s_ifaces[I].addr_inst.m_axi_avalid_reg	axi_crossbar_inst.axi_crossbar_wr_inst.s_ifaces[I].addr_inst.m_axi_avalid_reg	axi_crossbar_inst.axi_crossbar_wr_inst.s_ifaces[0].addr_inst.m_axi_avalid_reg$_SDFF_PP0_/Q	axi_crossbar_inst.axi_crossbar_wr_inst.s_ifaces[0].addr_inst.m_axi_avalid_reg$_SDFF_PP0_/D
797	0.3841	axi_crossbar_inst.axi_crossbar_wr_inst.s_ifaces[I].addr_inst.state_reg[J]	axi_crossbar_inst.axi_crossbar_wr_inst.s_ifaces[I].addr_inst.m_axi_avalid_reg	axi_crossbar_inst.axi_crossbar_wr_inst.s_ifaces[1].addr_inst.state_reg[0]$_SDFF_PP0_/Q	axi_crossbar_inst.axi_crossbar_wr_inst.s_ifaces[1].addr_inst.m_axi_avalid_reg$_SDFF_PP0_/D
798	0.3843	axi_crossbar_inst.axi_crossbar_rd_inst.m_ifaces[I].a_arb_inst.grant_valid_reg	axi_crossbar_inst.axi_crossbar_rd_inst.m_ifaces[I].a_arb_inst.grant_valid_reg	axi_crossbar_inst.axi_crossbar_rd_inst.m_ifaces[7].a_arb_inst.grant_valid_reg$_SDFFE_PP0P_/Q	axi_crossbar_inst.axi_crossbar_rd_inst.m_ifaces[7].a_arb_inst.grant_valid_reg$_SDFFE_PP0P_/D
799	0.3863	axi_crossbar_inst.axi_crossbar_rd_inst.s_ifaces[I].addr_inst.m_select_reg[J]	axi_crossbar_inst.axi_crossbar_rd_inst.s_ifaces[I].addr_inst.m_select_reg[J]	axi_crossbar_inst.axi_crossbar_rd_inst.s_ifaces[1].addr_inst.m_select_reg[0]$_SDFFCE_PP1P_/Q	axi_crossbar_inst.axi_crossbar_rd_inst.s_ifaces[1].addr_inst.m_select_reg[0]$_SDFFCE_PP1P_/D
800	0.3868	axi_crossbar_inst.axi_crossbar_rd_inst.m_ifaces[I].reg_inst.genblkJ.genblkK.s_axi_arready_reg	axi_crossbar_inst.axi_crossbar_rd_inst.m_ifaces[I].reg_inst.genblkJ.genblkK.m_axi_arid_reg[L]	axi_crossbar_inst.axi_crossbar_rd_inst.m_ifaces[1].reg_inst.genblk1.genblk1.s_axi_arready_reg$_SDFF_PP0_/Q	axi_crossbar_inst.axi_crossbar_rd_inst.m_ifaces[1].reg_inst.genblk1.genblk1.m_axi_arid_reg[9]$_DFFE_PP_/D
801	0.3876	axi_crossbar_inst.axi_crossbar_rd_inst.s_ifaces[I].addr_inst.trans_count_reg[J]	axi_crossbar_inst.axi_crossbar_rd_inst.s_ifaces[I].addr_inst.m_rc_valid_reg	axi_crossbar_inst.axi_crossbar_rd_inst.s_ifaces[6].addr_inst.trans_count_reg[4]$_SDFFE_PP0P_/Q	axi_crossbar_inst.axi_crossbar_rd_inst.s_ifaces[6].addr_inst.m_rc_valid_reg$_SDFF_PP0_/D
802	0.3880	axi_crossbar_inst.axi_crossbar_wr_inst.m_ifaces[I].reg_inst.genblkJ.genblkK.s_axi_awready_reg	axi_crossbar_inst.axi_crossbar_wr_inst.m_ifaces[I].w_select_new_reg	axi_crossbar_inst.axi_crossbar_wr_inst.m_ifaces[3].reg_inst.genblk1.genblk1.s_axi_awready_reg$_SDFF_PP0_/Q	axi_crossbar_inst.axi_crossbar_wr_inst.m_ifaces[3].w_select_new_reg$_SDFF_PP1_/D
803	0.3887	axi_crossbar_inst.axi_crossbar_wr_inst.s_ifaces[I].addr_inst.state_reg[J]	axi_crossbar_inst.axi_crossbar_wr_inst.s_ifaces[I].addr_inst.m_rc_valid_reg	axi_crossbar_inst.axi_crossbar_wr_inst.s_ifaces[1].addr_inst.state_reg[0]$_SDFF_PP0_/Q	axi_crossbar_inst.axi_crossbar_wr_inst.s_ifaces[1].addr_inst.m_rc_valid_reg$_SDFF_PP0_/D
804	0.3901	axi_crossbar_inst.axi_crossbar_rd_inst.s_ifaces[I].decerr_m_axi_rvalid_reg	axi_crossbar_inst.axi_crossbar_rd_inst.s_ifaces[I].decerr_m_axi_rvalid_reg	axi_crossbar_inst.axi_crossbar_rd_inst.s_ifaces[4].decerr_m_axi_rvalid_reg$_SDFF_PP0_/Q	axi_crossbar_inst.axi_crossbar_rd_inst.s_ifaces[4].decerr_m_axi_rvalid_reg$_SDFF_PP0_/D
805	0.3918	axi_crossbar_inst.axi_crossbar_wr_inst.m_ifaces[I].reg_inst.genblkJ.m_axi_wvalid_reg	axi_crossbar_inst.axi_crossbar_wr_inst.m_ifaces[I].reg_inst.genblkJ.temp_m_axi_wvalid_reg	axi_crossbar_inst.axi_crossbar_wr_inst.m_ifaces[5].reg_inst.genblk2.m_axi_wvalid_reg$_SDFFE_PP0P_/QN	axi_crossbar_inst.axi_crossbar_wr_inst.m_ifaces[5].reg_inst.genblk2.temp_m_axi_wvalid_reg$_SDFFE_PP0P_/D
806	0.3924	axi_crossbar_inst.axi_crossbar_rd_inst.m_ifaces[I].reg_inst.genblkJ.genblkK.s_axi_arready_reg	axi_crossbar_inst.axi_crossbar_rd_inst.m_ifaces[I].reg_inst.genblkJ.genblkK.m_axi_arvalid_reg	axi_crossbar_inst.axi_crossbar_rd_inst.m_ifaces[2].reg_inst.genblk1.genblk1.s_axi_arready_reg$_SDFF_PP0_/Q	axi_crossbar_inst.axi_crossbar_rd_inst.m_ifaces[2].reg_inst.genblk1.genblk1.m_axi_arvalid_reg$_SDFF_PP0_/D
807	0.3926	axi_crossbar_inst.axi_crossbar_rd_inst.m_ifaces[I].reg_inst.genblkJ.genblkK.s_axi_arready_reg	axi_crossbar_inst.axi_crossbar_rd_inst.m_ifaces[I].reg_inst.genblkJ.genblkK.m_axi_arlock_reg	axi_crossbar_inst.axi_crossbar_rd_inst.m_ifaces[1].reg_inst.genblk1.genblk1.s_axi_arready_reg$_SDFF_PP0_/Q	axi_crossbar_inst.axi_crossbar_rd_inst.m_ifaces[1].reg_inst.genblk1.genblk1.m_axi_arlock_reg$_DFFE_PP_/D
808	0.3933	axi_crossbar_inst.axi_crossbar_wr_inst.s_ifaces[I].reg_inst.genblkJ.genblkK.m_axi_bready_reg	axi_crossbar_inst.axi_crossbar_wr_inst.s_ifaces[I].decerr_m_axi_bvalid_reg	axi_crossbar_inst.axi_crossbar_wr_inst.s_ifaces[6].reg_inst.genblk3.genblk1.m_axi_bready_reg$_SDFF_PP0_/Q	axi_crossbar_inst.axi_crossbar_wr_inst.s_ifaces[6].decerr_m_axi_bvalid_reg$_SDFF_PP0_/D
809	0.3941	axi_crossbar_inst.axi_crossbar_rd_inst.s_ifaces[I].decerr_m_axi_rvalid_reg	axi_crossbar_inst.axi_crossbar_rd_inst.s_ifaces[I].addr_inst.s_axi_aready_reg	axi_crossbar_inst.axi_crossbar_rd_inst.s_ifaces[4].decerr_m_axi_rvalid_reg$_SDFF_PP0_/Q	axi_crossbar_inst.axi_crossbar_rd_inst.s_ifaces[4].addr_inst.s_axi_aready_reg$_SDFF_PP0_/D
810	0.3943	axi_crossbar_inst.axi_crossbar_rd_inst.s_ifaces[I].addr_inst.state_reg[J]	axi_crossbar_inst.axi_crossbar_rd_inst.s_ifaces[I].addr_inst.state_reg[J]	axi_crossbar_inst.axi_crossbar_rd_inst.s_ifaces[0].addr_inst.state_reg[0]$_SDFF_PP0_/Q	axi_crossbar_inst.axi_crossbar_rd_inst.s_ifaces[0].addr_inst.state_reg[0]$_SDFF_PP0_/D
811	0.3945	axi_crossbar_inst.axi_crossbar_rd_inst.s_ifaces[I].decerr_m_axi_rvalid_reg	axi_crossbar_inst.axi_crossbar_rd_inst.s_ifaces[I].reg_inst.genblkJ.s_axi_rvalid_reg	axi_crossbar_inst.axi_crossbar_rd_inst.s_ifaces[1].decerr_m_axi_rvalid_reg$_SDFF_PP0_/Q	axi_crossbar_inst.axi_crossbar_rd_inst.s_ifaces[1].reg_inst.genblk2.s_axi_rvalid_reg$_SDFFE_PP0P_/D
812	0.3946	axi_crossbar_inst.axi_crossbar_wr_inst.m_ifaces[I].reg_inst.genblkJ.s_axi_wready_reg	axi_crossbar_inst.axi_crossbar_wr_inst.m_ifaces[I].reg_inst.genblkJ.temp_m_axi_wlast_reg	axi_crossbar_inst.axi_crossbar_wr_inst.m_ifaces[1].reg_inst.genblk2.s_axi_wready_reg$_SDFF_PP0_/Q	axi_crossbar_inst.axi_crossbar_wr_inst.m_ifaces[1].reg_inst.genblk2.temp_m_axi_wlast_reg$_DFFE_PP_/D
813	0.3953	axi_crossbar_inst.axi_crossbar_wr_inst.m_ifaces[I].w_select_valid_reg	axi_crossbar_inst.axi_crossbar_wr_inst.m_ifaces[I].w_select_valid_reg	axi_crossbar_inst.axi_crossbar_wr_inst.m_ifaces[3].w_select_valid_reg$_SDFF_PP0_/Q	axi_crossbar_inst.axi_crossbar_wr_inst.m_ifaces[3].w_select_valid_reg$_SDFF_PP0_/D
814	0.3973	axi_crossbar_inst.axi_crossbar_wr_inst.m_ifaces[I].reg_inst.genblkJ.genblkK.s_axi_awready_reg	axi_crossbar_inst.axi_crossbar_wr_inst.m_ifaces[I].reg_inst.genblkJ.genblkK.m_axi_awlock_reg	axi_crossbar_inst.axi_crossbar_wr_inst.m_ifaces[5].reg_inst.genblk1.genblk1.s_axi_awready_reg$_SDFF_PP0_/Q	axi_crossbar_inst.axi_crossbar_wr_inst.m_ifaces[5].reg_inst.genblk1.genblk1.m_axi_awlock_reg$_DFFE_PP_/D
815	0.3983	axi_crossbar_inst.axi_crossbar_rd_inst.m_ifaces[I].trans_count_reg[J]	axi_crossbar_inst.axi_crossbar_rd_inst.m_ifaces[I].a_arb_inst.grant_valid_reg	axi_crossbar_inst.axi_crossbar_rd_inst.m_ifaces[5].trans_count_reg[2]$_SDFFE_PP0P_/Q	axi_crossbar_inst.axi_crossbar_rd_inst.m_ifaces[5].a_arb_inst.grant_valid_reg$_SDFFE_PP0P_/D
816	0.4003	axi_crossbar_inst.axi_crossbar_rd_inst.s_ifaces[I].addr_inst.state_reg[J]	axi_crossbar_inst.axi_crossbar_rd_inst.s_ifaces[I].addr_inst.m_rc_valid_reg	axi_crossbar_inst.axi_crossbar_rd_inst.s_ifaces[5].addr_inst.state_reg[0]$_SDFF_PP0_/Q	axi_crossbar_inst.axi_crossbar_rd_inst.s_ifaces[5].addr_inst.m_rc_valid_reg$_SDFF_PP0_/D
817	0.4006	axi_crossbar_inst.axi_crossbar_wr_inst.s_ifaces[I].addr_inst.state_reg[J]	axi_crossbar_inst.axi_crossbar_wr_inst.s_ifaces[I].addr_inst.match_reg	axi_crossbar_inst.axi_crossbar_wr_inst.s_ifaces[0].addr_inst.state_reg[1]$_SDFF_PP0_/QN	axi_crossbar_inst.axi_crossbar_wr_inst.s_ifaces[0].addr_inst.match_reg$_SDFFCE_PP1P_/D
818	0.4006	axi_crossbar_inst.axi_crossbar_wr_inst.m_ifaces[I].reg_inst.genblkJ.m_axi_wvalid_reg	axi_crossbar_inst.axi_crossbar_wr_inst.m_ifaces[I].reg_inst.genblkJ.m_axi_wlast_reg	axi_crossbar_inst.axi_crossbar_wr_inst.m_ifaces[1].reg_inst.genblk2.m_axi_wvalid_reg$_SDFFE_PP0P_/QN	axi_crossbar_inst.axi_crossbar_wr_inst.m_ifaces[1].reg_inst.genblk2.m_axi_wlast_reg$_DFFE_PP_/D
819	0.4009	axi_crossbar_inst.axi_crossbar_rd_inst.s_ifaces[I].addr_inst.state_reg[J]	axi_crossbar_inst.axi_crossbar_rd_inst.s_ifaces[I].addr_inst.match_reg	axi_crossbar_inst.axi_crossbar_rd_inst.s_ifaces[3].addr_inst.state_reg[1]$_SDFF_PP0_/QN	axi_crossbar_inst.axi_crossbar_rd_inst.s_ifaces[3].addr_inst.match_reg$_SDFFCE_PP1P_/D
820	0.4011	axi_crossbar_inst.axi_crossbar_wr_inst.s_ifaces[I].reg_inst.genblkJ.genblkK.m_axi_bready_reg	axi_crossbar_inst.axi_crossbar_wr_inst.s_ifaces[I].reg_inst.genblkJ.genblkK.m_axi_bready_reg	axi_crossbar_inst.axi_crossbar_wr_inst.s_ifaces[2].reg_inst.genblk3.genblk1.m_axi_bready_reg$_SDFF_PP0_/Q	axi_crossbar_inst.axi_crossbar_wr_inst.s_ifaces[2].reg_inst.genblk3.genblk1.m_axi_bready_reg$_SDFF_PP0_/D
821	0.4015	axi_crossbar_inst.axi_crossbar_wr_inst.s_ifaces[I].addr_inst.state_reg[J]	axi_crossbar_inst.axi_crossbar_wr_inst.s_ifaces[I].addr_inst.state_reg[J]	axi_crossbar_inst.axi_crossbar_wr_inst.s_ifaces[5].addr_inst.state_reg[0]$_SDFF_PP0_/Q	axi_crossbar_inst.axi_crossbar_wr_inst.s_ifaces[5].addr_inst.state_reg[0]$_SDFF_PP0_/D
822	0.4024	axi_crossbar_inst.axi_crossbar_wr_inst.s_ifaces[I].reg_inst.genblkJ.genblkK.m_axi_bready_reg	axi_crossbar_inst.axi_crossbar_wr_inst.s_ifaces[I].reg_inst.genblkJ.genblkK.s_axi_bvalid_reg	axi_crossbar_inst.axi_crossbar_wr_inst.s_ifaces[5].reg_inst.genblk3.genblk1.m_axi_bready_reg$_SDFF_PP0_/Q	axi_crossbar_inst.axi_crossbar_wr_inst.s_ifaces[5].reg_inst.genblk3.genblk1.s_axi_bvalid_reg$_SDFF_PP0_/D
823	0.4026	axi_crossbar_inst.axi_crossbar_rd_inst.s_ifaces[I].r_arb_inst.grant_valid_reg	axi_crossbar_inst.axi_crossbar_rd_inst.s_ifaces[I].reg_inst.genblkJ.m_axi_rready_reg	axi_crossbar_inst.axi_crossbar_rd_inst.s_ifaces[1].r_arb_inst.grant_valid_reg$_SDFFE_PP0P_/Q	axi_crossbar_inst.axi_crossbar_rd_inst.s_ifaces[1].reg_inst.genblk2.m_axi_rready_reg$_SDFF_PP0_/D
824	0.4033	axi_crossbar_inst.axi_crossbar_wr_inst.m_ifaces[I].reg_inst.genblkJ.genblkK.s_axi_awready_reg	axi_crossbar_inst.axi_crossbar_wr_inst.m_ifaces[I].reg_inst.genblkJ.genblkK.s_axi_awready_reg	axi_crossbar_inst.axi_crossbar_wr_inst.m_ifaces[1].reg_inst.genblk1.genblk1.s_axi_awready_reg$_SDFF_PP0_/Q	axi_crossbar_inst.axi_crossbar_wr_inst.m_ifaces[1].reg_inst.genblk1.genblk1.s_axi_awready_reg$_SDFF_PP0_/D
825	0.4037	axi_crossbar_inst.axi_crossbar_rd_inst.s_ifaces[I].addr_inst.m_axi_avalid_reg	axi_crossbar_inst.axi_crossbar_rd_inst.s_ifaces[I].addr_inst.m_axi_avalid_reg	axi_crossbar_inst.axi_crossbar_rd_inst.s_ifaces[0].addr_inst.m_axi_avalid_reg$_SDFF_PP0_/Q	axi_crossbar_inst.axi_crossbar_rd_inst.s_ifaces[0].addr_inst.m_axi_avalid_reg$_SDFF_PP0_/D
826	0.4039	axi_crossbar_inst.axi_crossbar_wr_inst.m_ifaces[I].reg_inst.genblkJ.genblkK.s_axi_awready_reg	axi_crossbar_inst.axi_crossbar_wr_inst.m_ifaces[I].reg_inst.genblkJ.genblkK.m_axi_awvalid_reg	axi_crossbar_inst.axi_crossbar_wr_inst.m_ifaces[1].reg_inst.genblk1.genblk1.s_axi_awready_reg$_SDFF_PP0_/Q	axi_crossbar_inst.axi_crossbar_wr_inst.m_ifaces[1].reg_inst.genblk1.genblk1.m_axi_awvalid_reg$_SDFF_PP0_/D
827	0.4055	axi_crossbar_inst.axi_crossbar_wr_inst.s_ifaces[I].addr_inst.m_select_reg[J]	axi_crossbar_inst.axi_crossbar_wr_inst.s_ifaces[I].addr_inst.m_select_reg[J]	axi_crossbar_inst.axi_crossbar_wr_inst.s_ifaces[6].addr_inst.m_select_reg[1]$_SDFFCE_PP1P_/Q	axi_crossbar_inst.axi_crossbar_wr_inst.s_ifaces[6].addr_inst.m_select_reg[1]$_SDFFCE_PP1P_/D
828	0.4055	axi_crossbar_inst.axi_crossbar_wr_inst.s_ifaces[I].addr_inst.m_select_reg[J]	axi_crossbar_inst.axi_crossbar_wr_inst.s_ifaces[I].w_select_reg[J]	axi_crossbar_inst.axi_crossbar_wr_inst.s_ifaces[6].addr_inst.m_select_reg[1]$_SDFFCE_PP1P_/Q	axi_crossbar_inst.axi_crossbar_wr_inst.s_ifaces[6].w_select_reg[1]$_DFFE_PP_/D
829	0.4059	axi_crossbar_inst.axi_crossbar_rd_inst.s_ifaces[I].reg_inst.genblkJ.s_axi_rvalid_reg	axi_crossbar_inst.axi_crossbar_rd_inst.s_ifaces[I].reg_inst.genblkJ.temp_s_axi_rvalid_reg	axi_crossbar_inst.axi_crossbar_rd_inst.s_ifaces[0].reg_inst.genblk2.s_axi_rvalid_reg$_SDFFE_PP0P_/QN	axi_crossbar_inst.axi_crossbar_rd_inst.s_ifaces[0].reg_inst.genblk2.temp_s_axi_rvalid_reg$_SDFFE_PP0P_/D
830	0.4074	axi_crossbar_inst.axi_crossbar_rd_inst.s_ifaces[I].addr_inst.m_axi_avalid_reg	axi_crossbar_inst.axi_crossbar_rd_inst.s_ifaces[I].addr_inst.s_axi_aready_reg	axi_crossbar_inst.axi_crossbar_rd_inst.s_ifaces[2].addr_inst.m_axi_avalid_reg$_SDFF_PP0_/Q	axi_crossbar_inst.axi_crossbar_rd_inst.s_ifaces[2].addr_inst.s_axi_aready_reg$_SDFF_PP0_/D
831	0.4083	axi_crossbar_inst.axi_crossbar_wr_inst.m_ifaces[I].w_select_valid_reg	axi_crossbar_inst.axi_crossbar_wr_inst.m_ifaces[I].reg_inst.genblkJ.temp_m_axi_wvalid_reg	axi_crossbar_inst.axi_crossbar_wr_inst.m_ifaces[5].w_select_valid_reg$_SDFF_PP0_/Q	axi_crossbar_inst.axi_crossbar_wr_inst.m_ifaces[5].reg_inst.genblk2.temp_m_axi_wvalid_reg$_SDFFE_PP0P_/D
832	0.4092	axi_crossbar_inst.axi_crossbar_wr_inst.s_ifaces[I].w_select_valid_reg	axi_crossbar_inst.axi_crossbar_wr_inst.s_ifaces[I].addr_inst.state_reg[J]	axi_crossbar_inst.axi_crossbar_wr_inst.s_ifaces[0].w_select_valid_reg$_SDFF_PP0_/Q	axi_crossbar_inst.axi_crossbar_wr_inst.s_ifaces[0].addr_inst.state_reg[1]$_SDFF_PP0_/D
833	0.4093	axi_crossbar_inst.axi_crossbar_wr_inst.s_ifaces[I].b_arb_inst.grant_valid_reg	axi_crossbar_inst.axi_crossbar_wr_inst.s_ifaces[I].reg_inst.genblkJ.genblkK.s_axi_bvalid_reg	axi_crossbar_inst.axi_crossbar_wr_inst.s_ifaces[1].b_arb_inst.grant_valid_reg$_SDFFE_PP0P_/Q	axi_crossbar_inst.axi_crossbar_wr_inst.s_ifaces[1].reg_inst.genblk3.genblk1.s_axi_bvalid_reg$_SDFF_PP0_/D
834	0.4104	axi_crossbar_inst.axi_crossbar_wr_inst.s_ifaces[I].addr_inst.s_axi_aready_reg	axi_crossbar_inst.axi_crossbar_wr_inst.s_ifaces[I].addr_inst.m_select_reg[J]	axi_crossbar_inst.axi_crossbar_wr_inst.s_ifaces[0].addr_inst.s_axi_aready_reg$_SDFF_PP0_/QN	axi_crossbar_inst.axi_crossbar_wr_inst.s_ifaces[0].addr_inst.m_select_reg[0]$_SDFFCE_PP1P_/D
835	0.4108	axi_crossbar_inst.axi_crossbar_rd_inst.s_ifaces[I].addr_inst.s_axi_aready_reg	axi_crossbar_inst.axi_crossbar_rd_inst.s_ifaces[I].addr_inst.m_select_reg[J]	axi_crossbar_inst.axi_crossbar_rd_inst.s_ifaces[1].addr_inst.s_axi_aready_reg$_SDFF_PP0_/QN	axi_crossbar_inst.axi_crossbar_rd_inst.s_ifaces[1].addr_inst.m_select_reg[0]$_SDFFCE_PP1P_/D
836	0.4110	axi_crossbar_inst.axi_crossbar_rd_inst.s_ifaces[I].addr_inst.state_reg[J]	axi_crossbar_inst.axi_crossbar_rd_inst.s_ifaces[I].addr_inst.m_axi_avalid_reg	axi_crossbar_inst.axi_crossbar_rd_inst.s_ifaces[0].addr_inst.state_reg[0]$_SDFF_PP0_/Q	axi_crossbar_inst.axi_crossbar_rd_inst.s_ifaces[0].addr_inst.m_axi_avalid_reg$_SDFF_PP0_/D
837	0.4130	axi_crossbar_inst.axi_crossbar_wr_inst.m_ifaces[I].a_arb_inst.grant_valid_reg	axi_crossbar_inst.axi_crossbar_wr_inst.m_ifaces[I].reg_inst.genblkJ.genblkK.m_axi_awvalid_reg	axi_crossbar_inst.axi_crossbar_wr_inst.m_ifaces[7].a_arb_inst.grant_valid_reg$_SDFFE_PP0P_/Q	axi_crossbar_inst.axi_crossbar_wr_inst.m_ifaces[7].reg_inst.genblk1.genblk1.m_axi_awvalid_reg$_SDFF_PP0_/D
838	0.4133	axi_crossbar_inst.axi_crossbar_wr_inst.s_ifaces[I].b_arb_inst.grant_valid_reg	axi_crossbar_inst.axi_crossbar_wr_inst.s_ifaces[I].decerr_m_axi_bvalid_reg	axi_crossbar_inst.axi_crossbar_wr_inst.s_ifaces[6].b_arb_inst.grant_valid_reg$_SDFFE_PP0P_/Q	axi_crossbar_inst.axi_crossbar_wr_inst.s_ifaces[6].decerr_m_axi_bvalid_reg$_SDFF_PP0_/D
839	0.4144	axi_crossbar_inst.axi_crossbar_rd_inst.s_ifaces[I].decerr_m_axi_rlast_reg	axi_crossbar_inst.axi_crossbar_rd_inst.s_ifaces[I].reg_inst.genblkJ.s_axi_rlast_reg	axi_crossbar_inst.axi_crossbar_rd_inst.s_ifaces[5].decerr_m_axi_rlast_reg$_DFFE_PP_/Q	axi_crossbar_inst.axi_crossbar_rd_inst.s_ifaces[5].reg_inst.genblk2.s_axi_rlast_reg$_DFFE_PP_/D
840	0.4151	axi_crossbar_inst.axi_crossbar_rd_inst.s_ifaces[I].addr_inst.trans_count_reg[J]	axi_crossbar_inst.axi_crossbar_rd_inst.s_ifaces[I].addr_inst.m_axi_avalid_reg	axi_crossbar_inst.axi_crossbar_rd_inst.s_ifaces[6].addr_inst.trans_count_reg[4]$_SDFFE_PP0P_/Q	axi_crossbar_inst.axi_crossbar_rd_inst.s_ifaces[6].addr_inst.m_axi_avalid_reg$_SDFF_PP0_/D
841	0.4157	axi_crossbar_inst.axi_crossbar_wr_inst.m_ifaces[I].a_arb_inst.grant_valid_reg	axi_crossbar_inst.axi_crossbar_wr_inst.m_ifaces[I].w_select_new_reg	axi_crossbar_inst.axi_crossbar_wr_inst.m_ifaces[0].a_arb_inst.grant_valid_reg$_SDFFE_PP0P_/Q	axi_crossbar_inst.axi_crossbar_wr_inst.m_ifaces[0].w_select_new_reg$_SDFF_PP1_/D
842	0.4160	axi_crossbar_inst.axi_crossbar_wr_inst.s_ifaces[I].decerr_m_axi_bvalid_reg	axi_crossbar_inst.axi_crossbar_wr_inst.s_ifaces[I].decerr_m_axi_bvalid_reg	axi_crossbar_inst.axi_crossbar_wr_inst.s_ifaces[4].decerr_m_axi_bvalid_reg$_SDFF_PP0_/Q	axi_crossbar_inst.axi_crossbar_wr_inst.s_ifaces[4].decerr_m_axi_bvalid_reg$_SDFF_PP0_/D
843	0.4163	axi_crossbar_inst.axi_crossbar_wr_inst.m_ifaces[I].reg_inst.genblkJ.m_axi_wvalid_reg	axi_crossbar_inst.axi_crossbar_wr_inst.m_ifaces[I].reg_inst.genblkJ.m_axi_wvalid_reg	axi_crossbar_inst.axi_crossbar_wr_inst.m_ifaces[1].reg_inst.genblk2.m_axi_wvalid_reg$_SDFFE_PP0P_/QN	axi_crossbar_inst.axi_crossbar_wr_inst.m_ifaces[1].reg_inst.genblk2.m_axi_wvalid_reg$_SDFFE_PP0P_/D
844	0.4167	axi_crossbar_inst.axi_crossbar_rd_inst.s_ifaces[I].decerr_m_axi_rid_reg[J]	axi_crossbar_inst.axi_crossbar_rd_inst.s_ifaces[I].reg_inst.genblkJ.s_axi_rid_reg[K]	axi_crossbar_inst.axi_crossbar_rd_inst.s_ifaces[5].decerr_m_axi_rid_reg[7]$_DFFE_PP_/Q	axi_crossbar_inst.axi_crossbar_rd_inst.s_ifaces[5].reg_inst.genblk2.s_axi_rid_reg[7]$_DFFE_PP_/D
845	0.4167	axi_crossbar_inst.axi_crossbar_wr_inst.s_ifaces[I].decerr_m_axi_bid_reg[J]	axi_crossbar_inst.axi_crossbar_wr_inst.s_ifaces[I].reg_inst.genblkJ.genblkK.s_axi_bid_reg[L]	axi_crossbar_inst.axi_crossbar_wr_inst.s_ifaces[3].decerr_m_axi_bid_reg[0]$_DFFE_PP_/Q	axi_crossbar_inst.axi_crossbar_wr_inst.s_ifaces[3].reg_inst.genblk3.genblk1.s_axi_bid_reg[0]$_DFFE_PP_/D
846	0.4171	axi_crossbar_inst.axi_crossbar_wr_inst.s_ifaces[I].w_select_valid_reg	axi_crossbar_inst.axi_crossbar_wr_inst.s_ifaces[I].addr_inst.s_axi_aready_reg	axi_crossbar_inst.axi_crossbar_wr_inst.s_ifaces[0].w_select_valid_reg$_SDFF_PP0_/Q	axi_crossbar_inst.axi_crossbar_wr_inst.s_ifaces[0].addr_inst.s_axi_aready_reg$_SDFF_PP0_/D
847	0.4173	axi_crossbar_inst.axi_crossbar_wr_inst.m_ifaces[I].a_arb_inst.grant_valid_reg	axi_crossbar_inst.axi_crossbar_wr_inst.m_ifaces[I].reg_inst.genblkJ.genblkK.s_axi_awready_reg	axi_crossbar_inst.axi_crossbar_wr_inst.m_ifaces[5].a_arb_inst.grant_valid_reg$_SDFFE_PP0P_/Q	axi_crossbar_inst.axi_crossbar_wr_inst.m_ifaces[5].reg_inst.genblk1.genblk1.s_axi_awready_reg$_SDFF_PP0_/D
848	0.4185	axi_crossbar_inst.axi_crossbar_wr_inst.m_ifaces[I].w_select_valid_reg	axi_crossbar_inst.axi_crossbar_wr_inst.m_ifaces[I].reg_inst.genblkJ.m_axi_wvalid_reg	axi_crossbar_inst.axi_crossbar_wr_inst.m_ifaces[1].w_select_valid_reg$_SDFF_PP0_/Q	axi_crossbar_inst.axi_crossbar_wr_inst.m_ifaces[1].reg_inst.genblk2.m_axi_wvalid_reg$_SDFFE_PP0P_/D
849	0.4200	axi_crossbar_inst.axi_crossbar_rd_inst.s_ifaces[I].r_arb_inst.grant_valid_reg	axi_crossbar_inst.axi_crossbar_rd_inst.s_ifaces[I].reg_inst.genblkJ.s_axi_rvalid_reg	axi_crossbar_inst.axi_crossbar_rd_inst.s_ifaces[1].r_arb_inst.grant_valid_reg$_SDFFE_PP0P_/Q	axi_crossbar_inst.axi_crossbar_rd_inst.s_ifaces[1].reg_inst.genblk2.s_axi_rvalid_reg$_SDFFE_PP0P_/D
850	0.4201	axi_crossbar_inst.axi_crossbar_wr_inst.m_ifaces[I].a_arb_inst.grant_valid_reg	axi_crossbar_inst.axi_crossbar_wr_inst.m_ifaces[I].w_select_reg[J]	axi_crossbar_inst.axi_crossbar_wr_inst.m_ifaces[3].a_arb_inst.grant_valid_reg$_SDFFE_PP0P_/Q	axi_crossbar_inst.axi_crossbar_wr_inst.m_ifaces[3].w_select_reg[2]$_DFFE_PP_/D
851	0.4221	axi_crossbar_inst.axi_crossbar_wr_inst.s_ifaces[I].addr_inst.state_reg[J]	axi_crossbar_inst.axi_crossbar_wr_inst.s_ifaces[I].addr_inst.m_wc_valid_reg	axi_crossbar_inst.axi_crossbar_wr_inst.s_ifaces[6].addr_inst.state_reg[0]$_SDFF_PP0_/Q	axi_crossbar_inst.axi_crossbar_wr_inst.s_ifaces[6].addr_inst.m_wc_valid_reg$_SDFF_PP0_/D
852	0.4250	axi_crossbar_inst.axi_crossbar_wr_inst.s_ifaces[I].b_arb_inst.grant_valid_reg	axi_crossbar_inst.axi_crossbar_wr_inst.s_ifaces[I].reg_inst.genblkJ.genblkK.m_axi_bready_reg	axi_crossbar_inst.axi_crossbar_wr_inst.s_ifaces[1].b_arb_inst.grant_valid_reg$_SDFFE_PP0P_/Q	axi_crossbar_inst.axi_crossbar_wr_inst.s_ifaces[1].reg_inst.genblk3.genblk1.m_axi_bready_reg$_SDFF_PP0_/D
853	0.4317	axi_crossbar_inst.axi_crossbar_rd_inst.m_ifaces[I].a_arb_inst.grant_valid_reg	axi_crossbar_inst.axi_crossbar_rd_inst.m_ifaces[I].reg_inst.genblkJ.genblkK.m_axi_arvalid_reg	axi_crossbar_inst.axi_crossbar_rd_inst.m_ifaces[7].a_arb_inst.grant_valid_reg$_SDFFE_PP0P_/Q	axi_crossbar_inst.axi_crossbar_rd_inst.m_ifaces[7].reg_inst.genblk1.genblk1.m_axi_arvalid_reg$_SDFF_PP0_/D
854	0.4348	axi_crossbar_inst.axi_crossbar_rd_inst.s_ifaces[I].reg_inst.genblkJ.s_axi_rvalid_reg	axi_crossbar_inst.axi_crossbar_rd_inst.s_ifaces[I].reg_inst.genblkJ.m_axi_rready_reg	axi_crossbar_inst.axi_crossbar_rd_inst.s_ifaces[0].reg_inst.genblk2.s_axi_rvalid_reg$_SDFFE_PP0P_/QN	axi_crossbar_inst.axi_crossbar_rd_inst.s_ifaces[0].reg_inst.genblk2.m_axi_rready_reg$_SDFF_PP0_/D
855	0.4349	axi_crossbar_inst.axi_crossbar_rd_inst.s_ifaces[I].addr_inst.m_rc_valid_reg	axi_crossbar_inst.axi_crossbar_rd_inst.s_ifaces[I].decerr_m_axi_rvalid_reg	axi_crossbar_inst.axi_crossbar_rd_inst.s_ifaces[2].addr_inst.m_rc_valid_reg$_SDFF_PP0_/Q	axi_crossbar_inst.axi_crossbar_rd_inst.s_ifaces[2].decerr_m_axi_rvalid_reg$_SDFF_PP0_/D
856	0.4366	axi_crossbar_inst.axi_crossbar_wr_inst.s_ifaces[I].addr_inst.m_rc_valid_reg	axi_crossbar_inst.axi_crossbar_wr_inst.s_ifaces[I].decerr_m_axi_bvalid_reg	axi_crossbar_inst.axi_crossbar_wr_inst.s_ifaces[6].addr_inst.m_rc_valid_reg$_SDFF_PP0_/Q	axi_crossbar_inst.axi_crossbar_wr_inst.s_ifaces[6].decerr_m_axi_bvalid_reg$_SDFF_PP0_/D
857	0.4367	axi_crossbar_inst.axi_crossbar_rd_inst.s_ifaces[I].addr_inst.m_rc_valid_reg	axi_crossbar_inst.axi_crossbar_rd_inst.s_ifaces[I].decerr_m_axi_rid_reg[J]	axi_crossbar_inst.axi_crossbar_rd_inst.s_ifaces[7].addr_inst.m_rc_valid_reg$_SDFF_PP0_/Q	axi_crossbar_inst.axi_crossbar_rd_inst.s_ifaces[7].decerr_m_axi_rid_reg[0]$_DFFE_PP_/D
858	0.4369	axi_crossbar_inst.axi_crossbar_wr_inst.s_ifaces[I].addr_inst.m_rc_valid_reg	axi_crossbar_inst.axi_crossbar_wr_inst.s_ifaces[I].decerr_m_axi_bid_reg[J]	axi_crossbar_inst.axi_crossbar_wr_inst.s_ifaces[5].addr_inst.m_rc_valid_reg$_SDFF_PP0_/Q	axi_crossbar_inst.axi_crossbar_wr_inst.s_ifaces[5].decerr_m_axi_bid_reg[0]$_DFFE_PP_/D
859	0.4373	axi_crossbar_inst.axi_crossbar_rd_inst.s_ifaces[I].addr_inst.match_reg	axi_crossbar_inst.axi_crossbar_rd_inst.s_ifaces[I].addr_inst.state_reg[J]	axi_crossbar_inst.axi_crossbar_rd_inst.s_ifaces[0].addr_inst.match_reg$_SDFFCE_PP1P_/Q	axi_crossbar_inst.axi_crossbar_rd_inst.s_ifaces[0].addr_inst.state_reg[0]$_SDFF_PP0_/D
860	0.4376	axi_crossbar_inst.axi_crossbar_wr_inst.s_ifaces[I].w_select_reg[J]	axi_crossbar_inst.axi_crossbar_wr_inst.s_ifaces[I].w_select_reg[J]	axi_crossbar_inst.axi_crossbar_wr_inst.s_ifaces[0].w_select_reg[0]$_DFFE_PP_/Q	axi_crossbar_inst.axi_crossbar_wr_inst.s_ifaces[0].w_select_reg[0]$_DFFE_PP_/D
861	0.4379	axi_crossbar_inst.axi_crossbar_rd_inst.s_ifaces[I].addr_inst.match_reg	axi_crossbar_inst.axi_crossbar_rd_inst.s_ifaces[I].addr_inst.m_axi_avalid_reg	axi_crossbar_inst.axi_crossbar_rd_inst.s_ifaces[0].addr_inst.match_reg$_SDFFCE_PP1P_/Q	axi_crossbar_inst.axi_crossbar_rd_inst.s_ifaces[0].addr_inst.m_axi_avalid_reg$_SDFF_PP0_/D
862	0.4400	axi_crossbar_inst.axi_crossbar_wr_inst.m_ifaces[I].reg_inst.genblkJ.m_axi_wvalid_reg	axi_crossbar_inst.axi_crossbar_wr_inst.m_ifaces[I].reg_inst.genblkJ.temp_m_axi_wlast_reg	axi_crossbar_inst.axi_crossbar_wr_inst.m_ifaces[1].reg_inst.genblk2.m_axi_wvalid_reg$_SDFFE_PP0P_/QN	axi_crossbar_inst.axi_crossbar_wr_inst.m_ifaces[1].reg_inst.genblk2.temp_m_axi_wlast_reg$_DFFE_PP_/D
863	0.4401	axi_crossbar_inst.axi_crossbar_wr_inst.s_ifaces[I].w_drop_reg	axi_crossbar_inst.axi_crossbar_wr_inst.s_ifaces[I].w_drop_reg	axi_crossbar_inst.axi_crossbar_wr_inst.s_ifaces[7].w_drop_reg$_DFF_P_/Q	axi_crossbar_inst.axi_crossbar_wr_inst.s_ifaces[7].w_drop_reg$_DFF_P_/D
864	0.4410	axi_crossbar_inst.axi_crossbar_wr_inst.m_ifaces[I].w_select_new_reg	axi_crossbar_inst.axi_crossbar_wr_inst.m_ifaces[I].w_select_new_reg	axi_crossbar_inst.axi_crossbar_wr_inst.m_ifaces[0].w_select_new_reg$_SDFF_PP1_/Q	axi_crossbar_inst.axi_crossbar_wr_inst.m_ifaces[0].w_select_new_reg$_SDFF_PP1_/D
865	0.4424	axi_crossbar_inst.axi_crossbar_rd_inst.m_ifaces[I].a_arb_inst.grant_valid_reg	axi_crossbar_inst.axi_crossbar_rd_inst.m_ifaces[I].reg_inst.genblkJ.genblkK.s_axi_arready_reg	axi_crossbar_inst.axi_crossbar_rd_inst.m_ifaces[5].a_arb_inst.grant_valid_reg$_SDFFE_PP0P_/Q	axi_crossbar_inst.axi_crossbar_rd_inst.m_ifaces[5].reg_inst.genblk1.genblk1.s_axi_arready_reg$_SDFF_PP0_/D
866	0.4453	axi_crossbar_inst.axi_crossbar_wr_inst.s_ifaces[I].decerr_m_axi_bvalid_reg	axi_crossbar_inst.axi_crossbar_wr_inst.s_ifaces[I].addr_inst.s_axi_aready_reg	axi_crossbar_inst.axi_crossbar_wr_inst.s_ifaces[5].decerr_m_axi_bvalid_reg$_SDFF_PP0_/Q	axi_crossbar_inst.axi_crossbar_wr_inst.s_ifaces[5].addr_inst.s_axi_aready_reg$_SDFF_PP0_/D
867	0.4455	axi_crossbar_inst.axi_crossbar_wr_inst.s_ifaces[I].addr_inst.s_axi_aready_reg	axi_crossbar_inst.axi_crossbar_wr_inst.s_ifaces[I].addr_inst.match_reg	axi_crossbar_inst.axi_crossbar_wr_inst.s_ifaces[0].addr_inst.s_axi_aready_reg$_SDFF_PP0_/QN	axi_crossbar_inst.axi_crossbar_wr_inst.s_ifaces[0].addr_inst.match_reg$_SDFFCE_PP1P_/D
868	0.4458	axi_crossbar_inst.axi_crossbar_rd_inst.s_ifaces[I].addr_inst.s_axi_aready_reg	axi_crossbar_inst.axi_crossbar_rd_inst.s_ifaces[I].addr_inst.match_reg	axi_crossbar_inst.axi_crossbar_rd_inst.s_ifaces[3].addr_inst.s_axi_aready_reg$_SDFF_PP0_/QN	axi_crossbar_inst.axi_crossbar_rd_inst.s_ifaces[3].addr_inst.match_reg$_SDFFCE_PP1P_/D
869	0.4460	axi_crossbar_inst.axi_crossbar_wr_inst.s_ifaces[I].addr_inst.m_rc_valid_reg	axi_crossbar_inst.axi_crossbar_wr_inst.s_ifaces[I].addr_inst.state_reg[J]	axi_crossbar_inst.axi_crossbar_wr_inst.s_ifaces[5].addr_inst.m_rc_valid_reg$_SDFF_PP0_/Q	axi_crossbar_inst.axi_crossbar_wr_inst.s_ifaces[5].addr_inst.state_reg[1]$_SDFF_PP0_/D
870	0.4470	axi_crossbar_inst.axi_crossbar_wr_inst.s_ifaces[I].addr_inst.m_rc_valid_reg	axi_crossbar_inst.axi_crossbar_wr_inst.s_ifaces[I].addr_inst.s_axi_aready_reg	axi_crossbar_inst.axi_crossbar_wr_inst.s_ifaces[5].addr_inst.m_rc_valid_reg$_SDFF_PP0_/Q	axi_crossbar_inst.axi_crossbar_wr_inst.s_ifaces[5].addr_inst.s_axi_aready_reg$_SDFF_PP0_/D
871	0.4489	axi_crossbar_inst.axi_crossbar_wr_inst.s_ifaces[I].addr_inst.m_wc_valid_reg	axi_crossbar_inst.axi_crossbar_wr_inst.s_ifaces[I].addr_inst.state_reg[J]	axi_crossbar_inst.axi_crossbar_wr_inst.s_ifaces[0].addr_inst.m_wc_valid_reg$_SDFF_PP0_/Q	axi_crossbar_inst.axi_crossbar_wr_inst.s_ifaces[0].addr_inst.state_reg[1]$_SDFF_PP0_/D
872	0.4519	axi_crossbar_inst.axi_crossbar_rd_inst.s_ifaces[I].addr_inst.m_rc_valid_reg	axi_crossbar_inst.axi_crossbar_rd_inst.s_ifaces[I].addr_inst.state_reg[J]	axi_crossbar_inst.axi_crossbar_rd_inst.s_ifaces[1].addr_inst.m_rc_valid_reg$_SDFF_PP0_/Q	axi_crossbar_inst.axi_crossbar_rd_inst.s_ifaces[1].addr_inst.state_reg[1]$_SDFF_PP0_/D
873	0.4520	axi_crossbar_inst.axi_crossbar_rd_inst.s_ifaces[I].reg_inst.genblkJ.s_axi_rvalid_reg	axi_crossbar_inst.axi_crossbar_rd_inst.s_ifaces[I].reg_inst.genblkJ.s_axi_rvalid_reg	axi_crossbar_inst.axi_crossbar_rd_inst.s_ifaces[3].reg_inst.genblk2.s_axi_rvalid_reg$_SDFFE_PP0P_/QN	axi_crossbar_inst.axi_crossbar_rd_inst.s_ifaces[3].reg_inst.genblk2.s_axi_rvalid_reg$_SDFFE_PP0P_/D
874	0.4535	axi_crossbar_inst.axi_crossbar_rd_inst.s_ifaces[I].decerr_m_axi_rlast_reg	axi_crossbar_inst.axi_crossbar_rd_inst.s_ifaces[I].reg_inst.genblkJ.temp_s_axi_rlast_reg	axi_crossbar_inst.axi_crossbar_rd_inst.s_ifaces[5].decerr_m_axi_rlast_reg$_DFFE_PP_/Q	axi_crossbar_inst.axi_crossbar_rd_inst.s_ifaces[5].reg_inst.genblk2.temp_s_axi_rlast_reg$_DFFE_PP_/D
875	0.4538	axi_crossbar_inst.axi_crossbar_rd_inst.s_ifaces[I].decerr_m_axi_rid_reg[J]	axi_crossbar_inst.axi_crossbar_rd_inst.s_ifaces[I].reg_inst.genblkJ.temp_s_axi_rid_reg[K]	axi_crossbar_inst.axi_crossbar_rd_inst.s_ifaces[5].decerr_m_axi_rid_reg[1]$_DFFE_PP_/Q	axi_crossbar_inst.axi_crossbar_rd_inst.s_ifaces[5].reg_inst.genblk2.temp_s_axi_rid_reg[1]$_DFFE_PP_/D
876	0.4546	axi_crossbar_inst.axi_crossbar_wr_inst.s_ifaces[I].addr_inst.match_reg	axi_crossbar_inst.axi_crossbar_wr_inst.s_ifaces[I].addr_inst.state_reg[J]	axi_crossbar_inst.axi_crossbar_wr_inst.s_ifaces[0].addr_inst.match_reg$_SDFFCE_PP1P_/Q	axi_crossbar_inst.axi_crossbar_wr_inst.s_ifaces[0].addr_inst.state_reg[1]$_SDFF_PP0_/D
877	0.4548	axi_crossbar_inst.axi_crossbar_wr_inst.m_ifaces[I].reg_inst.genblkJ.genblkK.m_axi_awvalid_reg	axi_crossbar_inst.axi_crossbar_wr_inst.m_ifaces[I].reg_inst.genblkJ.genblkK.s_axi_awready_reg	axi_crossbar_inst.axi_crossbar_wr_inst.m_ifaces[5].reg_inst.genblk1.genblk1.m_axi_awvalid_reg$_SDFF_PP0_/Q	axi_crossbar_inst.axi_crossbar_wr_inst.m_ifaces[5].reg_inst.genblk1.genblk1.s_axi_awready_reg$_SDFF_PP0_/D
878	0.4548	axi_crossbar_inst.axi_crossbar_wr_inst.s_ifaces[I].reg_inst.genblkJ.genblkK.s_axi_bvalid_reg	axi_crossbar_inst.axi_crossbar_wr_inst.s_ifaces[I].reg_inst.genblkJ.genblkK.m_axi_bready_reg	axi_crossbar_inst.axi_crossbar_wr_inst.s_ifaces[0].reg_inst.genblk3.genblk1.s_axi_bvalid_reg$_SDFF_PP0_/Q	axi_crossbar_inst.axi_crossbar_wr_inst.s_ifaces[0].reg_inst.genblk3.genblk1.m_axi_bready_reg$_SDFF_PP0_/D
879	0.4548	axi_crossbar_inst.axi_crossbar_rd_inst.m_ifaces[I].reg_inst.genblkJ.genblkK.m_axi_arvalid_reg	axi_crossbar_inst.axi_crossbar_rd_inst.m_ifaces[I].reg_inst.genblkJ.genblkK.s_axi_arready_reg	axi_crossbar_inst.axi_crossbar_rd_inst.m_ifaces[4].reg_inst.genblk1.genblk1.m_axi_arvalid_reg$_SDFF_PP0_/Q	axi_crossbar_inst.axi_crossbar_rd_inst.m_ifaces[4].reg_inst.genblk1.genblk1.s_axi_arready_reg$_SDFF_PP0_/D
880	0.4561	axi_crossbar_inst.axi_crossbar_wr_inst.s_ifaces[I].w_drop_reg	axi_crossbar_inst.axi_crossbar_wr_inst.s_ifaces[I].w_select_valid_reg	axi_crossbar_inst.axi_crossbar_wr_inst.s_ifaces[5].w_drop_reg$_DFF_P_/Q	axi_crossbar_inst.axi_crossbar_wr_inst.s_ifaces[5].w_select_valid_reg$_SDFF_PP0_/D
881	0.4565	axi_crossbar_inst.axi_crossbar_wr_inst.s_ifaces[I].addr_inst.m_wc_valid_reg	axi_crossbar_inst.axi_crossbar_wr_inst.s_ifaces[I].addr_inst.s_axi_aready_reg	axi_crossbar_inst.axi_crossbar_wr_inst.s_ifaces[5].addr_inst.m_wc_valid_reg$_SDFF_PP0_/Q	axi_crossbar_inst.axi_crossbar_wr_inst.s_ifaces[5].addr_inst.s_axi_aready_reg$_SDFF_PP0_/D
882	0.4584	axi_crossbar_inst.axi_crossbar_wr_inst.s_ifaces[I].addr_inst.match_reg	axi_crossbar_inst.axi_crossbar_wr_inst.s_ifaces[I].addr_inst.m_rc_valid_reg	axi_crossbar_inst.axi_crossbar_wr_inst.s_ifaces[3].addr_inst.match_reg$_SDFFCE_PP1P_/Q	axi_crossbar_inst.axi_crossbar_wr_inst.s_ifaces[3].addr_inst.m_rc_valid_reg$_SDFF_PP0_/D
883	0.4602	axi_crossbar_inst.axi_crossbar_wr_inst.s_ifaces[I].addr_inst.match_reg	axi_crossbar_inst.axi_crossbar_wr_inst.s_ifaces[I].addr_inst.m_axi_avalid_reg	axi_crossbar_inst.axi_crossbar_wr_inst.s_ifaces[6].addr_inst.match_reg$_SDFFCE_PP1P_/Q	axi_crossbar_inst.axi_crossbar_wr_inst.s_ifaces[6].addr_inst.m_axi_avalid_reg$_SDFF_PP0_/D
884	0.4607	axi_crossbar_inst.axi_crossbar_wr_inst.m_ifaces[I].w_select_new_reg	axi_crossbar_inst.axi_crossbar_wr_inst.m_ifaces[I].w_select_reg[J]	axi_crossbar_inst.axi_crossbar_wr_inst.m_ifaces[3].w_select_new_reg$_SDFF_PP1_/Q	axi_crossbar_inst.axi_crossbar_wr_inst.m_ifaces[3].w_select_reg[2]$_DFFE_PP_/D
885	0.4626	axi_crossbar_inst.axi_crossbar_rd_inst.s_ifaces[I].addr_inst.match_reg	axi_crossbar_inst.axi_crossbar_rd_inst.s_ifaces[I].addr_inst.m_rc_valid_reg	axi_crossbar_inst.axi_crossbar_rd_inst.s_ifaces[5].addr_inst.match_reg$_SDFFCE_PP1P_/Q	axi_crossbar_inst.axi_crossbar_rd_inst.s_ifaces[5].addr_inst.m_rc_valid_reg$_SDFF_PP0_/D
886	0.4654	axi_crossbar_inst.axi_crossbar_wr_inst.s_ifaces[I].addr_inst.match_reg	axi_crossbar_inst.axi_crossbar_wr_inst.s_ifaces[I].addr_inst.m_decerr_reg	axi_crossbar_inst.axi_crossbar_wr_inst.s_ifaces[3].addr_inst.match_reg$_SDFFCE_PP1P_/Q	axi_crossbar_inst.axi_crossbar_wr_inst.s_ifaces[3].addr_inst.m_decerr_reg$_SDFFCE_PN1P_/D
887	0.4654	axi_crossbar_inst.axi_crossbar_rd_inst.m_ifaces[I].reg_inst.genblkJ.genblkK.m_axi_arvalid_reg	axi_crossbar_inst.axi_crossbar_rd_inst.m_ifaces[I].reg_inst.genblkJ.genblkK.m_axi_arvalid_reg	axi_crossbar_inst.axi_crossbar_rd_inst.m_ifaces[1].reg_inst.genblk1.genblk1.m_axi_arvalid_reg$_SDFF_PP0_/Q	axi_crossbar_inst.axi_crossbar_rd_inst.m_ifaces[1].reg_inst.genblk1.genblk1.m_axi_arvalid_reg$_SDFF_PP0_/D
888	0.4654	axi_crossbar_inst.axi_crossbar_wr_inst.m_ifaces[I].reg_inst.genblkJ.genblkK.m_axi_awvalid_reg	axi_crossbar_inst.axi_crossbar_wr_inst.m_ifaces[I].reg_inst.genblkJ.genblkK.m_axi_awvalid_reg	axi_crossbar_inst.axi_crossbar_wr_inst.m_ifaces[6].reg_inst.genblk1.genblk1.m_axi_awvalid_reg$_SDFF_PP0_/Q	axi_crossbar_inst.axi_crossbar_wr_inst.m_ifaces[6].reg_inst.genblk1.genblk1.m_axi_awvalid_reg$_SDFF_PP0_/D
889	0.4654	axi_crossbar_inst.axi_crossbar_wr_inst.s_ifaces[I].reg_inst.genblkJ.genblkK.s_axi_bvalid_reg	axi_crossbar_inst.axi_crossbar_wr_inst.s_ifaces[I].reg_inst.genblkJ.genblkK.s_axi_bvalid_reg	axi_crossbar_inst.axi_crossbar_wr_inst.s_ifaces[0].reg_inst.genblk3.genblk1.s_axi_bvalid_reg$_SDFF_PP0_/Q	axi_crossbar_inst.axi_crossbar_wr_inst.s_ifaces[0].reg_inst.genblk3.genblk1.s_axi_bvalid_reg$_SDFF_PP0_/D
890	0.4665	axi_crossbar_inst.axi_crossbar_wr_inst.m_ifaces[I].reg_inst.genblkJ.temp_m_axi_wvalid_reg	axi_crossbar_inst.axi_crossbar_wr_inst.m_ifaces[I].reg_inst.genblkJ.m_axi_wvalid_reg	axi_crossbar_inst.axi_crossbar_wr_inst.m_ifaces[2].reg_inst.genblk2.temp_m_axi_wvalid_reg$_SDFFE_PP0P_/Q	axi_crossbar_inst.axi_crossbar_wr_inst.m_ifaces[2].reg_inst.genblk2.m_axi_wvalid_reg$_SDFFE_PP0P_/D
891	0.4678	axi_crossbar_inst.axi_crossbar_wr_inst.m_ifaces[I].w_select_valid_reg	axi_crossbar_inst.axi_crossbar_wr_inst.m_ifaces[I].reg_inst.genblkJ.s_axi_wready_reg	axi_crossbar_inst.axi_crossbar_wr_inst.m_ifaces[1].w_select_valid_reg$_SDFF_PP0_/Q	axi_crossbar_inst.axi_crossbar_wr_inst.m_ifaces[1].reg_inst.genblk2.s_axi_wready_reg$_SDFF_PP0_/D
892	0.4679	axi_crossbar_inst.axi_crossbar_wr_inst.m_ifaces[I].w_select_valid_reg	axi_crossbar_inst.axi_crossbar_wr_inst.m_ifaces[I].w_select_new_reg	axi_crossbar_inst.axi_crossbar_wr_inst.m_ifaces[0].w_select_valid_reg$_SDFF_PP0_/QN	axi_crossbar_inst.axi_crossbar_wr_inst.m_ifaces[0].w_select_new_reg$_SDFF_PP1_/D
893	0.4679	axi_crossbar_inst.axi_crossbar_rd_inst.s_ifaces[I].addr_inst.state_reg[J]	axi_crossbar_inst.axi_crossbar_rd_inst.s_ifaces[I].addr_inst.s_axi_aready_reg	axi_crossbar_inst.axi_crossbar_rd_inst.s_ifaces[0].addr_inst.state_reg[1]$_SDFF_PP0_/Q	axi_crossbar_inst.axi_crossbar_rd_inst.s_ifaces[0].addr_inst.s_axi_aready_reg$_SDFF_PP0_/D
894	0.4679	axi_crossbar_inst.axi_crossbar_wr_inst.s_ifaces[I].addr_inst.state_reg[J]	axi_crossbar_inst.axi_crossbar_wr_inst.s_ifaces[I].addr_inst.s_axi_aready_reg	axi_crossbar_inst.axi_crossbar_wr_inst.s_ifaces[3].addr_inst.state_reg[1]$_SDFF_PP0_/Q	axi_crossbar_inst.axi_crossbar_wr_inst.s_ifaces[3].addr_inst.s_axi_aready_reg$_SDFF_PP0_/D
895	0.4713	axi_crossbar_inst.axi_crossbar_rd_inst.s_ifaces[I].decerr_m_axi_rvalid_reg	axi_crossbar_inst.axi_crossbar_rd_inst.s_ifaces[I].decerr_m_axi_rid_reg[J]	axi_crossbar_inst.axi_crossbar_rd_inst.s_ifaces[2].decerr_m_axi_rvalid_reg$_SDFF_PP0_/QN	axi_crossbar_inst.axi_crossbar_rd_inst.s_ifaces[2].decerr_m_axi_rid_reg[0]$_DFFE_PP_/D
896	0.4749	axi_crossbar_inst.axi_crossbar_rd_inst.s_ifaces[I].addr_inst.m_rc_valid_reg	axi_crossbar_inst.axi_crossbar_rd_inst.s_ifaces[I].addr_inst.s_axi_aready_reg	axi_crossbar_inst.axi_crossbar_rd_inst.s_ifaces[7].addr_inst.m_rc_valid_reg$_SDFF_PP0_/Q	axi_crossbar_inst.axi_crossbar_rd_inst.s_ifaces[7].addr_inst.s_axi_aready_reg$_SDFF_PP0_/D
897	0.4763	axi_crossbar_inst.axi_crossbar_wr_inst.m_ifaces[I].reg_inst.genblkJ.temp_m_axi_wdata_reg[K]	axi_crossbar_inst.axi_crossbar_wr_inst.m_ifaces[I].reg_inst.genblkJ.m_axi_wdata_reg[K]	axi_crossbar_inst.axi_crossbar_wr_inst.m_ifaces[7].reg_inst.genblk2.temp_m_axi_wdata_reg[31]$_DFFE_PP_/Q	axi_crossbar_inst.axi_crossbar_wr_inst.m_ifaces[7].reg_inst.genblk2.m_axi_wdata_reg[31]$_DFFE_PP_/D
898	0.4763	axi_crossbar_inst.axi_crossbar_wr_inst.m_ifaces[I].reg_inst.genblkJ.temp_m_axi_wlast_reg	axi_crossbar_inst.axi_crossbar_wr_inst.m_ifaces[I].reg_inst.genblkJ.m_axi_wlast_reg	axi_crossbar_inst.axi_crossbar_wr_inst.m_ifaces[7].reg_inst.genblk2.temp_m_axi_wlast_reg$_DFFE_PP_/Q	axi_crossbar_inst.axi_crossbar_wr_inst.m_ifaces[7].reg_inst.genblk2.m_axi_wlast_reg$_DFFE_PP_/D
899	0.4763	axi_crossbar_inst.axi_crossbar_wr_inst.m_ifaces[I].reg_inst.genblkJ.temp_m_axi_wstrb_reg[K]	axi_crossbar_inst.axi_crossbar_wr_inst.m_ifaces[I].reg_inst.genblkJ.m_axi_wstrb_reg[K]	axi_crossbar_inst.axi_crossbar_wr_inst.m_ifaces[7].reg_inst.genblk2.temp_m_axi_wstrb_reg[3]$_DFFE_PP_/Q	axi_crossbar_inst.axi_crossbar_wr_inst.m_ifaces[7].reg_inst.genblk2.m_axi_wstrb_reg[3]$_DFFE_PP_/D
900	0.4772	axi_crossbar_inst.axi_crossbar_wr_inst.s_ifaces[I].addr_inst.m_wc_valid_reg	axi_crossbar_inst.axi_crossbar_wr_inst.s_ifaces[I].w_select_reg[J]	axi_crossbar_inst.axi_crossbar_wr_inst.s_ifaces[0].addr_inst.m_wc_valid_reg$_SDFF_PP0_/Q	axi_crossbar_inst.axi_crossbar_wr_inst.s_ifaces[0].w_select_reg[0]$_DFFE_PP_/D
901	0.4785	axi_crossbar_inst.axi_crossbar_wr_inst.s_ifaces[I].addr_inst.match_reg	axi_crossbar_inst.axi_crossbar_wr_inst.s_ifaces[I].addr_inst.m_wc_valid_reg	axi_crossbar_inst.axi_crossbar_wr_inst.s_ifaces[6].addr_inst.match_reg$_SDFFCE_PP1P_/Q	axi_crossbar_inst.axi_crossbar_wr_inst.s_ifaces[6].addr_inst.m_wc_valid_reg$_SDFF_PP0_/D
902	0.4798	axi_crossbar_inst.axi_crossbar_rd_inst.s_ifaces[I].reg_inst.genblkJ.temp_s_axi_rdata_reg[K]	axi_crossbar_inst.axi_crossbar_rd_inst.s_ifaces[I].reg_inst.genblkJ.s_axi_rdata_reg[K]	axi_crossbar_inst.axi_crossbar_rd_inst.s_ifaces[2].reg_inst.genblk2.temp_s_axi_rdata_reg[10]$_DFFE_PP_/Q	axi_crossbar_inst.axi_crossbar_rd_inst.s_ifaces[2].reg_inst.genblk2.s_axi_rdata_reg[10]$_DFFE_PP_/D
903	0.4799	axi_crossbar_inst.axi_crossbar_wr_inst.s_ifaces[I].decerr_m_axi_bvalid_reg	axi_crossbar_inst.axi_crossbar_wr_inst.s_ifaces[I].decerr_m_axi_bid_reg[J]	axi_crossbar_inst.axi_crossbar_wr_inst.s_ifaces[5].decerr_m_axi_bvalid_reg$_SDFF_PP0_/QN	axi_crossbar_inst.axi_crossbar_wr_inst.s_ifaces[5].decerr_m_axi_bid_reg[0]$_DFFE_PP_/D
904	0.4808	axi_crossbar_inst.axi_crossbar_wr_inst.s_ifaces[I].addr_inst.m_wc_valid_reg	axi_crossbar_inst.axi_crossbar_wr_inst.s_ifaces[I].w_drop_reg	axi_crossbar_inst.axi_crossbar_wr_inst.s_ifaces[7].addr_inst.m_wc_valid_reg$_SDFF_PP0_/Q	axi_crossbar_inst.axi_crossbar_wr_inst.s_ifaces[7].w_drop_reg$_DFF_P_/D
905	0.4834	axi_crossbar_inst.axi_crossbar_rd_inst.s_ifaces[I].addr_inst.m_rc_valid_reg	axi_crossbar_inst.axi_crossbar_rd_inst.s_ifaces[I].addr_inst.m_rc_valid_reg	axi_crossbar_inst.axi_crossbar_rd_inst.s_ifaces[5].addr_inst.m_rc_valid_reg$_SDFF_PP0_/Q	axi_crossbar_inst.axi_crossbar_rd_inst.s_ifaces[5].addr_inst.m_rc_valid_reg$_SDFF_PP0_/D
906	0.4847	axi_crossbar_inst.axi_crossbar_rd_inst.s_ifaces[I].reg_inst.genblkJ.temp_s_axi_rlast_reg	axi_crossbar_inst.axi_crossbar_rd_inst.s_ifaces[I].reg_inst.genblkJ.s_axi_rlast_reg	axi_crossbar_inst.axi_crossbar_rd_inst.s_ifaces[0].reg_inst.genblk2.temp_s_axi_rlast_reg$_DFFE_PP_/Q	axi_crossbar_inst.axi_crossbar_rd_inst.s_ifaces[0].reg_inst.genblk2.s_axi_rlast_reg$_DFFE_PP_/D
907	0.4847	axi_crossbar_inst.axi_crossbar_rd_inst.s_ifaces[I].reg_inst.genblkJ.temp_s_axi_rresp_reg[K]	axi_crossbar_inst.axi_crossbar_rd_inst.s_ifaces[I].reg_inst.genblkJ.s_axi_rresp_reg[K]	axi_crossbar_inst.axi_crossbar_rd_inst.s_ifaces[0].reg_inst.genblk2.temp_s_axi_rresp_reg[0]$_DFFE_PP_/Q	axi_crossbar_inst.axi_crossbar_rd_inst.s_ifaces[0].reg_inst.genblk2.s_axi_rresp_reg[0]$_DFFE_PP_/D
908	0.4855	axi_crossbar_inst.axi_crossbar_rd_inst.s_ifaces[I].addr_inst.match_reg	axi_crossbar_inst.axi_crossbar_rd_inst.s_ifaces[I].addr_inst.match_reg	axi_crossbar_inst.axi_crossbar_rd_inst.s_ifaces[0].addr_inst.match_reg$_SDFFCE_PP1P_/Q	axi_crossbar_inst.axi_crossbar_rd_inst.s_ifaces[0].addr_inst.match_reg$_SDFFCE_PP1P_/D
909	0.4856	axi_crossbar_inst.axi_crossbar_wr_inst.m_ifaces[I].w_select_valid_reg	axi_crossbar_inst.axi_crossbar_wr_inst.m_ifaces[I].w_select_reg[J]	axi_crossbar_inst.axi_crossbar_wr_inst.m_ifaces[3].w_select_valid_reg$_SDFF_PP0_/QN	axi_crossbar_inst.axi_crossbar_wr_inst.m_ifaces[3].w_select_reg[2]$_DFFE_PP_/D
910	0.4862	axi_crossbar_inst.axi_crossbar_wr_inst.s_ifaces[I].w_select_valid_reg	axi_crossbar_inst.axi_crossbar_wr_inst.s_ifaces[I].w_select_valid_reg	axi_crossbar_inst.axi_crossbar_wr_inst.s_ifaces[0].w_select_valid_reg$_SDFF_PP0_/Q	axi_crossbar_inst.axi_crossbar_wr_inst.s_ifaces[0].w_select_valid_reg$_SDFF_PP0_/D
911	0.4893	axi_crossbar_inst.axi_crossbar_wr_inst.m_ifaces[I].reg_inst.genblkJ.temp_m_axi_wvalid_reg	axi_crossbar_inst.axi_crossbar_wr_inst.m_ifaces[I].reg_inst.genblkJ.temp_m_axi_wvalid_reg	axi_crossbar_inst.axi_crossbar_wr_inst.m_ifaces[2].reg_inst.genblk2.temp_m_axi_wvalid_reg$_SDFFE_PP0P_/Q	axi_crossbar_inst.axi_crossbar_wr_inst.m_ifaces[2].reg_inst.genblk2.temp_m_axi_wvalid_reg$_SDFFE_PP0P_/D
912	0.4939	axi_crossbar_inst.axi_crossbar_rd_inst.s_ifaces[I].reg_inst.genblkJ.temp_s_axi_rid_reg[K]	axi_crossbar_inst.axi_crossbar_rd_inst.s_ifaces[I].reg_inst.genblkJ.s_axi_rid_reg[K]	axi_crossbar_inst.axi_crossbar_rd_inst.s_ifaces[5].reg_inst.genblk2.temp_s_axi_rid_reg[0]$_DFFE_PP_/Q	axi_crossbar_inst.axi_crossbar_rd_inst.s_ifaces[5].reg_inst.genblk2.s_axi_rid_reg[0]$_DFFE_PP_/D
913	0.4940	axi_crossbar_inst.axi_crossbar_wr_inst.s_ifaces[I].addr_inst.m_rc_valid_reg	axi_crossbar_inst.axi_crossbar_wr_inst.s_ifaces[I].addr_inst.m_rc_valid_reg	axi_crossbar_inst.axi_crossbar_wr_inst.s_ifaces[5].addr_inst.m_rc_valid_reg$_SDFF_PP0_/Q	axi_crossbar_inst.axi_crossbar_wr_inst.s_ifaces[5].addr_inst.m_rc_valid_reg$_SDFF_PP0_/D
914	0.4954	axi_crossbar_inst.axi_crossbar_wr_inst.s_ifaces[I].w_select_valid_reg	axi_crossbar_inst.axi_crossbar_wr_inst.s_ifaces[I].w_select_reg[J]	axi_crossbar_inst.axi_crossbar_wr_inst.s_ifaces[0].w_select_valid_reg$_SDFF_PP0_/QN	axi_crossbar_inst.axi_crossbar_wr_inst.s_ifaces[0].w_select_reg[0]$_DFFE_PP_/D
915	0.4960	axi_crossbar_inst.axi_crossbar_wr_inst.s_ifaces[I].addr_inst.match_reg	axi_crossbar_inst.axi_crossbar_wr_inst.s_ifaces[I].addr_inst.match_reg	axi_crossbar_inst.axi_crossbar_wr_inst.s_ifaces[3].addr_inst.match_reg$_SDFFCE_PP1P_/Q	axi_crossbar_inst.axi_crossbar_wr_inst.s_ifaces[3].addr_inst.match_reg$_SDFFCE_PP1P_/D
916	0.4986	axi_crossbar_inst.axi_crossbar_wr_inst.s_ifaces[I].w_select_valid_reg	axi_crossbar_inst.axi_crossbar_wr_inst.s_ifaces[I].addr_inst.m_wc_valid_reg	axi_crossbar_inst.axi_crossbar_wr_inst.s_ifaces[0].w_select_valid_reg$_SDFF_PP0_/Q	axi_crossbar_inst.axi_crossbar_wr_inst.s_ifaces[0].addr_inst.m_wc_valid_reg$_SDFF_PP0_/D
917	0.4986	axi_crossbar_inst.axi_crossbar_wr_inst.s_ifaces[I].addr_inst.s_axi_aready_reg	axi_crossbar_inst.axi_crossbar_wr_inst.s_ifaces[I].addr_inst.state_reg[J]	axi_crossbar_inst.axi_crossbar_wr_inst.s_ifaces[2].addr_inst.s_axi_aready_reg$_SDFF_PP0_/QN	axi_crossbar_inst.axi_crossbar_wr_inst.s_ifaces[2].addr_inst.state_reg[0]$_SDFF_PP0_/D
918	0.4990	axi_crossbar_inst.axi_crossbar_wr_inst.s_ifaces[I].w_select_valid_reg	axi_crossbar_inst.axi_crossbar_wr_inst.s_ifaces[I].w_drop_reg	axi_crossbar_inst.axi_crossbar_wr_inst.s_ifaces[7].w_select_valid_reg$_SDFF_PP0_/QN	axi_crossbar_inst.axi_crossbar_wr_inst.s_ifaces[7].w_drop_reg$_DFF_P_/D
919	0.5001	axi_crossbar_inst.axi_crossbar_wr_inst.m_ifaces[I].reg_inst.genblkJ.m_axi_wvalid_reg	axi_crossbar_inst.axi_crossbar_wr_inst.m_ifaces[I].reg_inst.genblkJ.s_axi_wready_reg	axi_crossbar_inst.axi_crossbar_wr_inst.m_ifaces[5].reg_inst.genblk2.m_axi_wvalid_reg$_SDFFE_PP0P_/QN	axi_crossbar_inst.axi_crossbar_wr_inst.m_ifaces[5].reg_inst.genblk2.s_axi_wready_reg$_SDFF_PP0_/D
920	0.5110	axi_crossbar_inst.axi_crossbar_wr_inst.s_ifaces[I].addr_inst.m_wc_valid_reg	axi_crossbar_inst.axi_crossbar_wr_inst.s_ifaces[I].w_select_valid_reg	axi_crossbar_inst.axi_crossbar_wr_inst.s_ifaces[0].addr_inst.m_wc_valid_reg$_SDFF_PP0_/Q	axi_crossbar_inst.axi_crossbar_wr_inst.s_ifaces[0].w_select_valid_reg$_SDFF_PP0_/D
921	0.5161	axi_crossbar_inst.axi_crossbar_rd_inst.s_ifaces[I].decerr_m_axi_rlast_reg	axi_crossbar_inst.axi_crossbar_rd_inst.s_ifaces[I].decerr_m_axi_rlast_reg	axi_crossbar_inst.axi_crossbar_rd_inst.s_ifaces[2].decerr_m_axi_rlast_reg$_DFFE_PP_/Q	axi_crossbar_inst.axi_crossbar_rd_inst.s_ifaces[2].decerr_m_axi_rlast_reg$_DFFE_PP_/D
922	0.5172	axi_crossbar_inst.axi_crossbar_rd_inst.s_ifaces[I].addr_inst.s_axi_aready_reg	axi_crossbar_inst.axi_crossbar_rd_inst.s_ifaces[I].addr_inst.state_reg[J]	axi_crossbar_inst.axi_crossbar_rd_inst.s_ifaces[1].addr_inst.s_axi_aready_reg$_SDFF_PP0_/QN	axi_crossbar_inst.axi_crossbar_rd_inst.s_ifaces[1].addr_inst.state_reg[0]$_SDFF_PP0_/D
923	0.5211	axi_crossbar_inst.axi_crossbar_wr_inst.m_ifaces[I].reg_inst.genblkJ.temp_m_axi_wdata_reg[K]	axi_crossbar_inst.axi_crossbar_wr_inst.m_ifaces[I].reg_inst.genblkJ.temp_m_axi_wdata_reg[K]	axi_crossbar_inst.axi_crossbar_wr_inst.m_ifaces[5].reg_inst.genblk2.temp_m_axi_wdata_reg[31]$_DFFE_PP_/Q	axi_crossbar_inst.axi_crossbar_wr_inst.m_ifaces[5].reg_inst.genblk2.temp_m_axi_wdata_reg[31]$_DFFE_PP_/D
924	0.5211	axi_crossbar_inst.axi_crossbar_wr_inst.m_ifaces[I].reg_inst.genblkJ.temp_m_axi_wstrb_reg[K]	axi_crossbar_inst.axi_crossbar_wr_inst.m_ifaces[I].reg_inst.genblkJ.temp_m_axi_wstrb_reg[K]	axi_crossbar_inst.axi_crossbar_wr_inst.m_ifaces[5].reg_inst.genblk2.temp_m_axi_wstrb_reg[3]$_DFFE_PP_/Q	axi_crossbar_inst.axi_crossbar_wr_inst.m_ifaces[5].reg_inst.genblk2.temp_m_axi_wstrb_reg[3]$_DFFE_PP_/D
925	0.5211	axi_crossbar_inst.axi_crossbar_wr_inst.m_ifaces[I].reg_inst.genblkJ.temp_m_axi_wlast_reg	axi_crossbar_inst.axi_crossbar_wr_inst.m_ifaces[I].reg_inst.genblkJ.temp_m_axi_wlast_reg	axi_crossbar_inst.axi_crossbar_wr_inst.m_ifaces[7].reg_inst.genblk2.temp_m_axi_wlast_reg$_DFFE_PP_/Q	axi_crossbar_inst.axi_crossbar_wr_inst.m_ifaces[7].reg_inst.genblk2.temp_m_axi_wlast_reg$_DFFE_PP_/D
926	0.5212	axi_crossbar_inst.axi_crossbar_rd_inst.s_ifaces[I].decerr_m_axi_rid_reg[J]	axi_crossbar_inst.axi_crossbar_rd_inst.s_ifaces[I].decerr_m_axi_rid_reg[J]	axi_crossbar_inst.axi_crossbar_rd_inst.s_ifaces[0].decerr_m_axi_rid_reg[0]$_DFFE_PP_/Q	axi_crossbar_inst.axi_crossbar_rd_inst.s_ifaces[0].decerr_m_axi_rid_reg[0]$_DFFE_PP_/D
927	0.5212	axi_crossbar_inst.axi_crossbar_wr_inst.s_ifaces[I].addr_inst.m_decerr_reg	axi_crossbar_inst.axi_crossbar_wr_inst.s_ifaces[I].addr_inst.m_decerr_reg	axi_crossbar_inst.axi_crossbar_wr_inst.s_ifaces[0].addr_inst.m_decerr_reg$_SDFFCE_PN1P_/Q	axi_crossbar_inst.axi_crossbar_wr_inst.s_ifaces[0].addr_inst.m_decerr_reg$_SDFFCE_PN1P_/D
928	0.5212	axi_crossbar_inst.axi_crossbar_wr_inst.s_ifaces[I].decerr_m_axi_bid_reg[J]	axi_crossbar_inst.axi_crossbar_wr_inst.s_ifaces[I].decerr_m_axi_bid_reg[J]	axi_crossbar_inst.axi_crossbar_wr_inst.s_ifaces[7].decerr_m_axi_bid_reg[0]$_DFFE_PP_/Q	axi_crossbar_inst.axi_crossbar_wr_inst.s_ifaces[7].decerr_m_axi_bid_reg[0]$_DFFE_PP_/D
929	0.5214	axi_crossbar_inst.axi_crossbar_rd_inst.s_ifaces[I].reg_inst.genblkJ.temp_s_axi_rid_reg[K]	axi_crossbar_inst.axi_crossbar_rd_inst.s_ifaces[I].reg_inst.genblkJ.temp_s_axi_rid_reg[K]	axi_crossbar_inst.axi_crossbar_rd_inst.s_ifaces[0].reg_inst.genblk2.temp_s_axi_rid_reg[4]$_DFFE_PP_/Q	axi_crossbar_inst.axi_crossbar_rd_inst.s_ifaces[0].reg_inst.genblk2.temp_s_axi_rid_reg[4]$_DFFE_PP_/D
930	0.5214	axi_crossbar_inst.axi_crossbar_rd_inst.s_ifaces[I].reg_inst.genblkJ.temp_s_axi_rdata_reg[K]	axi_crossbar_inst.axi_crossbar_rd_inst.s_ifaces[I].reg_inst.genblkJ.temp_s_axi_rdata_reg[K]	axi_crossbar_inst.axi_crossbar_rd_inst.s_ifaces[0].reg_inst.genblk2.temp_s_axi_rdata_reg[0]$_DFFE_PP_/Q	axi_crossbar_inst.axi_crossbar_rd_inst.s_ifaces[0].reg_inst.genblk2.temp_s_axi_rdata_reg[0]$_DFFE_PP_/D
931	0.5215	axi_crossbar_inst.axi_crossbar_rd_inst.s_ifaces[I].reg_inst.genblkJ.temp_s_axi_rlast_reg	axi_crossbar_inst.axi_crossbar_rd_inst.s_ifaces[I].reg_inst.genblkJ.temp_s_axi_rlast_reg	axi_crossbar_inst.axi_crossbar_rd_inst.s_ifaces[5].reg_inst.genblk2.temp_s_axi_rlast_reg$_DFFE_PP_/Q	axi_crossbar_inst.axi_crossbar_rd_inst.s_ifaces[5].reg_inst.genblk2.temp_s_axi_rlast_reg$_DFFE_PP_/D
932	0.5215	axi_crossbar_inst.axi_crossbar_rd_inst.s_ifaces[I].reg_inst.genblkJ.temp_s_axi_rresp_reg[K]	axi_crossbar_inst.axi_crossbar_rd_inst.s_ifaces[I].reg_inst.genblkJ.temp_s_axi_rresp_reg[K]	axi_crossbar_inst.axi_crossbar_rd_inst.s_ifaces[5].reg_inst.genblk2.temp_s_axi_rresp_reg[1]$_DFFE_PP_/Q	axi_crossbar_inst.axi_crossbar_rd_inst.s_ifaces[5].reg_inst.genblk2.temp_s_axi_rresp_reg[1]$_DFFE_PP_/D
933	0.5229	axi_crossbar_inst.axi_crossbar_wr_inst.s_ifaces[I].addr_inst.m_decerr_reg	axi_crossbar_inst.axi_crossbar_wr_inst.s_ifaces[I].w_drop_reg	axi_crossbar_inst.axi_crossbar_wr_inst.s_ifaces[7].addr_inst.m_decerr_reg$_SDFFCE_PN1P_/Q	axi_crossbar_inst.axi_crossbar_wr_inst.s_ifaces[7].w_drop_reg$_DFF_P_/D
934	0.5251	axi_crossbar_inst.axi_crossbar_rd_inst.m_ifaces[I].reg_inst.genblkJ.genblkK.m_axi_araddr_reg[L]	axi_crossbar_inst.axi_crossbar_rd_inst.m_ifaces[I].reg_inst.genblkJ.genblkK.m_axi_araddr_reg[L]	axi_crossbar_inst.axi_crossbar_rd_inst.m_ifaces[1].reg_inst.genblk1.genblk1.m_axi_araddr_reg[29]$_DFFE_PP_/Q	axi_crossbar_inst.axi_crossbar_rd_inst.m_ifaces[1].reg_inst.genblk1.genblk1.m_axi_araddr_reg[29]$_DFFE_PP_/D
935	0.5251	axi_crossbar_inst.axi_crossbar_rd_inst.m_ifaces[I].reg_inst.genblkJ.genblkK.m_axi_arburst_reg[L]	axi_crossbar_inst.axi_crossbar_rd_inst.m_ifaces[I].reg_inst.genblkJ.genblkK.m_axi_arburst_reg[L]	axi_crossbar_inst.axi_crossbar_rd_inst.m_ifaces[1].reg_inst.genblk1.genblk1.m_axi_arburst_reg[0]$_DFFE_PP_/Q	axi_crossbar_inst.axi_crossbar_rd_inst.m_ifaces[1].reg_inst.genblk1.genblk1.m_axi_arburst_reg[0]$_DFFE_PP_/D
936	0.5251	axi_crossbar_inst.axi_crossbar_rd_inst.m_ifaces[I].reg_inst.genblkJ.genblkK.m_axi_arcache_reg[L]	axi_crossbar_inst.axi_crossbar_rd_inst.m_ifaces[I].reg_inst.genblkJ.genblkK.m_axi_arcache_reg[L]	axi_crossbar_inst.axi_crossbar_rd_inst.m_ifaces[1].reg_inst.genblk1.genblk1.m_axi_arcache_reg[0]$_DFFE_PP_/Q	axi_crossbar_inst.axi_crossbar_rd_inst.m_ifaces[1].reg_inst.genblk1.genblk1.m_axi_arcache_reg[0]$_DFFE_PP_/D
937	0.5251	axi_crossbar_inst.axi_crossbar_rd_inst.m_ifaces[I].reg_inst.genblkJ.genblkK.m_axi_arlen_reg[L]	axi_crossbar_inst.axi_crossbar_rd_inst.m_ifaces[I].reg_inst.genblkJ.genblkK.m_axi_arlen_reg[L]	axi_crossbar_inst.axi_crossbar_rd_inst.m_ifaces[1].reg_inst.genblk1.genblk1.m_axi_arlen_reg[0]$_DFFE_PP_/Q	axi_crossbar_inst.axi_crossbar_rd_inst.m_ifaces[1].reg_inst.genblk1.genblk1.m_axi_arlen_reg[0]$_DFFE_PP_/D
938	0.5251	axi_crossbar_inst.axi_crossbar_rd_inst.m_ifaces[I].reg_inst.genblkJ.genblkK.m_axi_arprot_reg[L]	axi_crossbar_inst.axi_crossbar_rd_inst.m_ifaces[I].reg_inst.genblkJ.genblkK.m_axi_arprot_reg[L]	axi_crossbar_inst.axi_crossbar_rd_inst.m_ifaces[1].reg_inst.genblk1.genblk1.m_axi_arprot_reg[0]$_DFFE_PP_/Q	axi_crossbar_inst.axi_crossbar_rd_inst.m_ifaces[1].reg_inst.genblk1.genblk1.m_axi_arprot_reg[0]$_DFFE_PP_/D
939	0.5251	axi_crossbar_inst.axi_crossbar_rd_inst.m_ifaces[I].reg_inst.genblkJ.genblkK.m_axi_arqos_reg[L]	axi_crossbar_inst.axi_crossbar_rd_inst.m_ifaces[I].reg_inst.genblkJ.genblkK.m_axi_arqos_reg[L]	axi_crossbar_inst.axi_crossbar_rd_inst.m_ifaces[1].reg_inst.genblk1.genblk1.m_axi_arqos_reg[0]$_DFFE_PP_/Q	axi_crossbar_inst.axi_crossbar_rd_inst.m_ifaces[1].reg_inst.genblk1.genblk1.m_axi_arqos_reg[0]$_DFFE_PP_/D
940	0.5251	axi_crossbar_inst.axi_crossbar_rd_inst.m_ifaces[I].reg_inst.genblkJ.genblkK.m_axi_arsize_reg[L]	axi_crossbar_inst.axi_crossbar_rd_inst.m_ifaces[I].reg_inst.genblkJ.genblkK.m_axi_arsize_reg[L]	axi_crossbar_inst.axi_crossbar_rd_inst.m_ifaces[1].reg_inst.genblk1.genblk1.m_axi_arsize_reg[0]$_DFFE_PP_/Q	axi_crossbar_inst.axi_crossbar_rd_inst.m_ifaces[1].reg_inst.genblk1.genblk1.m_axi_arsize_reg[0]$_DFFE_PP_/D
941	0.5251	axi_crossbar_inst.axi_crossbar_wr_inst.m_ifaces[I].reg_inst.genblkJ.genblkK.m_axi_awaddr_reg[L]	axi_crossbar_inst.axi_crossbar_wr_inst.m_ifaces[I].reg_inst.genblkJ.genblkK.m_axi_awaddr_reg[L]	axi_crossbar_inst.axi_crossbar_wr_inst.m_ifaces[5].reg_inst.genblk1.genblk1.m_axi_awaddr_reg[29]$_DFFE_PP_/Q	axi_crossbar_inst.axi_crossbar_wr_inst.m_ifaces[5].reg_inst.genblk1.genblk1.m_axi_awaddr_reg[29]$_DFFE_PP_/D
942	0.5251	axi_crossbar_inst.axi_crossbar_wr_inst.m_ifaces[I].reg_inst.genblkJ.genblkK.m_axi_awburst_reg[L]	axi_crossbar_inst.axi_crossbar_wr_inst.m_ifaces[I].reg_inst.genblkJ.genblkK.m_axi_awburst_reg[L]	axi_crossbar_inst.axi_crossbar_wr_inst.m_ifaces[5].reg_inst.genblk1.genblk1.m_axi_awburst_reg[0]$_DFFE_PP_/Q	axi_crossbar_inst.axi_crossbar_wr_inst.m_ifaces[5].reg_inst.genblk1.genblk1.m_axi_awburst_reg[0]$_DFFE_PP_/D
943	0.5251	axi_crossbar_inst.axi_crossbar_wr_inst.m_ifaces[I].reg_inst.genblkJ.genblkK.m_axi_awcache_reg[L]	axi_crossbar_inst.axi_crossbar_wr_inst.m_ifaces[I].reg_inst.genblkJ.genblkK.m_axi_awcache_reg[L]	axi_crossbar_inst.axi_crossbar_wr_inst.m_ifaces[5].reg_inst.genblk1.genblk1.m_axi_awcache_reg[0]$_DFFE_PP_/Q	axi_crossbar_inst.axi_crossbar_wr_inst.m_ifaces[5].reg_inst.genblk1.genblk1.m_axi_awcache_reg[0]$_DFFE_PP_/D
944	0.5251	axi_crossbar_inst.axi_crossbar_wr_inst.m_ifaces[I].reg_inst.genblkJ.genblkK.m_axi_awlen_reg[L]	axi_crossbar_inst.axi_crossbar_wr_inst.m_ifaces[I].reg_inst.genblkJ.genblkK.m_axi_awlen_reg[L]	axi_crossbar_inst.axi_crossbar_wr_inst.m_ifaces[5].reg_inst.genblk1.genblk1.m_axi_awlen_reg[0]$_DFFE_PP_/Q	axi_crossbar_inst.axi_crossbar_wr_inst.m_ifaces[5].reg_inst.genblk1.genblk1.m_axi_awlen_reg[0]$_DFFE_PP_/D
945	0.5251	axi_crossbar_inst.axi_crossbar_wr_inst.m_ifaces[I].reg_inst.genblkJ.genblkK.m_axi_awprot_reg[L]	axi_crossbar_inst.axi_crossbar_wr_inst.m_ifaces[I].reg_inst.genblkJ.genblkK.m_axi_awprot_reg[L]	axi_crossbar_inst.axi_crossbar_wr_inst.m_ifaces[5].reg_inst.genblk1.genblk1.m_axi_awprot_reg[0]$_DFFE_PP_/Q	axi_crossbar_inst.axi_crossbar_wr_inst.m_ifaces[5].reg_inst.genblk1.genblk1.m_axi_awprot_reg[0]$_DFFE_PP_/D
946	0.5251	axi_crossbar_inst.axi_crossbar_wr_inst.m_ifaces[I].reg_inst.genblkJ.genblkK.m_axi_awqos_reg[L]	axi_crossbar_inst.axi_crossbar_wr_inst.m_ifaces[I].reg_inst.genblkJ.genblkK.m_axi_awqos_reg[L]	axi_crossbar_inst.axi_crossbar_wr_inst.m_ifaces[5].reg_inst.genblk1.genblk1.m_axi_awqos_reg[0]$_DFFE_PP_/Q	axi_crossbar_inst.axi_crossbar_wr_inst.m_ifaces[5].reg_inst.genblk1.genblk1.m_axi_awqos_reg[0]$_DFFE_PP_/D
947	0.5251	axi_crossbar_inst.axi_crossbar_wr_inst.m_ifaces[I].reg_inst.genblkJ.genblkK.m_axi_awsize_reg[L]	axi_crossbar_inst.axi_crossbar_wr_inst.m_ifaces[I].reg_inst.genblkJ.genblkK.m_axi_awsize_reg[L]	axi_crossbar_inst.axi_crossbar_wr_inst.m_ifaces[5].reg_inst.genblk1.genblk1.m_axi_awsize_reg[0]$_DFFE_PP_/Q	axi_crossbar_inst.axi_crossbar_wr_inst.m_ifaces[5].reg_inst.genblk1.genblk1.m_axi_awsize_reg[0]$_DFFE_PP_/D
948	0.5251	axi_crossbar_inst.axi_crossbar_rd_inst.m_ifaces[I].reg_inst.genblkJ.genblkK.m_axi_arid_reg[L]	axi_crossbar_inst.axi_crossbar_rd_inst.m_ifaces[I].reg_inst.genblkJ.genblkK.m_axi_arid_reg[L]	axi_crossbar_inst.axi_crossbar_rd_inst.m_ifaces[0].reg_inst.genblk1.genblk1.m_axi_arid_reg[0]$_DFFE_PP_/Q	axi_crossbar_inst.axi_crossbar_rd_inst.m_ifaces[0].reg_inst.genblk1.genblk1.m_axi_arid_reg[0]$_DFFE_PP_/D
949	0.5251	axi_crossbar_inst.axi_crossbar_wr_inst.m_ifaces[I].reg_inst.genblkJ.genblkK.m_axi_awid_reg[L]	axi_crossbar_inst.axi_crossbar_wr_inst.m_ifaces[I].reg_inst.genblkJ.genblkK.m_axi_awid_reg[L]	axi_crossbar_inst.axi_crossbar_wr_inst.m_ifaces[0].reg_inst.genblk1.genblk1.m_axi_awid_reg[0]$_DFFE_PP_/Q	axi_crossbar_inst.axi_crossbar_wr_inst.m_ifaces[0].reg_inst.genblk1.genblk1.m_axi_awid_reg[0]$_DFFE_PP_/D
950	0.5251	axi_crossbar_inst.axi_crossbar_wr_inst.s_ifaces[I].reg_inst.genblkJ.genblkK.s_axi_bid_reg[L]	axi_crossbar_inst.axi_crossbar_wr_inst.s_ifaces[I].reg_inst.genblkJ.genblkK.s_axi_bid_reg[L]	axi_crossbar_inst.axi_crossbar_wr_inst.s_ifaces[6].reg_inst.genblk3.genblk1.s_axi_bid_reg[0]$_DFFE_PP_/Q	axi_crossbar_inst.axi_crossbar_wr_inst.s_ifaces[6].reg_inst.genblk3.genblk1.s_axi_bid_reg[0]$_DFFE_PP_/D
951	0.5251	axi_crossbar_inst.axi_crossbar_wr_inst.s_ifaces[I].reg_inst.genblkJ.genblkK.s_axi_bresp_reg[L]	axi_crossbar_inst.axi_crossbar_wr_inst.s_ifaces[I].reg_inst.genblkJ.genblkK.s_axi_bresp_reg[L]	axi_crossbar_inst.axi_crossbar_wr_inst.s_ifaces[6].reg_inst.genblk3.genblk1.s_axi_bresp_reg[0]$_DFFE_PP_/Q	axi_crossbar_inst.axi_crossbar_wr_inst.s_ifaces[6].reg_inst.genblk3.genblk1.s_axi_bresp_reg[0]$_DFFE_PP_/D
952	0.5251	axi_crossbar_inst.axi_crossbar_rd_inst.s_ifaces[I].reg_inst.genblkJ.temp_s_axi_rvalid_reg	axi_crossbar_inst.axi_crossbar_rd_inst.s_ifaces[I].reg_inst.genblkJ.s_axi_rvalid_reg	axi_crossbar_inst.axi_crossbar_rd_inst.s_ifaces[4].reg_inst.genblk2.temp_s_axi_rvalid_reg$_SDFFE_PP0P_/Q	axi_crossbar_inst.axi_crossbar_rd_inst.s_ifaces[4].reg_inst.genblk2.s_axi_rvalid_reg$_SDFFE_PP0P_/D
953	0.5252	axi_crossbar_inst.axi_crossbar_rd_inst.m_ifaces[I].reg_inst.genblkJ.genblkK.m_axi_arlock_reg	axi_crossbar_inst.axi_crossbar_rd_inst.m_ifaces[I].reg_inst.genblkJ.genblkK.m_axi_arlock_reg	axi_crossbar_inst.axi_crossbar_rd_inst.m_ifaces[1].reg_inst.genblk1.genblk1.m_axi_arlock_reg$_DFFE_PP_/Q	axi_crossbar_inst.axi_crossbar_rd_inst.m_ifaces[1].reg_inst.genblk1.genblk1.m_axi_arlock_reg$_DFFE_PP_/D
954	0.5252	axi_crossbar_inst.axi_crossbar_wr_inst.m_ifaces[I].reg_inst.genblkJ.genblkK.m_axi_awlock_reg	axi_crossbar_inst.axi_crossbar_wr_inst.m_ifaces[I].reg_inst.genblkJ.genblkK.m_axi_awlock_reg	axi_crossbar_inst.axi_crossbar_wr_inst.m_ifaces[5].reg_inst.genblk1.genblk1.m_axi_awlock_reg$_DFFE_PP_/Q	axi_crossbar_inst.axi_crossbar_wr_inst.m_ifaces[5].reg_inst.genblk1.genblk1.m_axi_awlock_reg$_DFFE_PP_/D
955	0.5290	axi_crossbar_inst.axi_crossbar_wr_inst.s_ifaces[I].addr_inst.m_wc_valid_reg	axi_crossbar_inst.axi_crossbar_wr_inst.s_ifaces[I].addr_inst.m_wc_valid_reg	axi_crossbar_inst.axi_crossbar_wr_inst.s_ifaces[5].addr_inst.m_wc_valid_reg$_SDFF_PP0_/Q	axi_crossbar_inst.axi_crossbar_wr_inst.s_ifaces[5].addr_inst.m_wc_valid_reg$_SDFF_PP0_/D
956	0.5339	axi_crossbar_inst.axi_crossbar_rd_inst.s_ifaces[I].reg_inst.genblkJ.temp_s_axi_rvalid_reg	axi_crossbar_inst.axi_crossbar_rd_inst.s_ifaces[I].reg_inst.genblkJ.temp_s_axi_rvalid_reg	axi_crossbar_inst.axi_crossbar_rd_inst.s_ifaces[4].reg_inst.genblk2.temp_s_axi_rvalid_reg$_SDFFE_PP0P_/Q	axi_crossbar_inst.axi_crossbar_rd_inst.s_ifaces[4].reg_inst.genblk2.temp_s_axi_rvalid_reg$_SDFFE_PP0P_/D
957	0.5456	axi_crossbar_inst.axi_crossbar_rd_inst.s_ifaces[I].reg_inst.genblkJ.s_axi_rid_reg[K]	axi_crossbar_inst.axi_crossbar_rd_inst.s_ifaces[I].reg_inst.genblkJ.s_axi_rid_reg[K]	axi_crossbar_inst.axi_crossbar_rd_inst.s_ifaces[0].reg_inst.genblk2.s_axi_rid_reg[0]$_DFFE_PP_/Q	axi_crossbar_inst.axi_crossbar_rd_inst.s_ifaces[0].reg_inst.genblk2.s_axi_rid_reg[0]$_DFFE_PP_/D
958	0.5456	axi_crossbar_inst.axi_crossbar_rd_inst.s_ifaces[I].reg_inst.genblkJ.s_axi_rlast_reg	axi_crossbar_inst.axi_crossbar_rd_inst.s_ifaces[I].reg_inst.genblkJ.s_axi_rlast_reg	axi_crossbar_inst.axi_crossbar_rd_inst.s_ifaces[0].reg_inst.genblk2.s_axi_rlast_reg$_DFFE_PP_/Q	axi_crossbar_inst.axi_crossbar_rd_inst.s_ifaces[0].reg_inst.genblk2.s_axi_rlast_reg$_DFFE_PP_/D
959	0.5456	axi_crossbar_inst.axi_crossbar_rd_inst.s_ifaces[I].reg_inst.genblkJ.s_axi_rresp_reg[K]	axi_crossbar_inst.axi_crossbar_rd_inst.s_ifaces[I].reg_inst.genblkJ.s_axi_rresp_reg[K]	axi_crossbar_inst.axi_crossbar_rd_inst.s_ifaces[0].reg_inst.genblk2.s_axi_rresp_reg[0]$_DFFE_PP_/Q	axi_crossbar_inst.axi_crossbar_rd_inst.s_ifaces[0].reg_inst.genblk2.s_axi_rresp_reg[0]$_DFFE_PP_/D
960	0.5456	axi_crossbar_inst.axi_crossbar_wr_inst.m_ifaces[I].reg_inst.genblkJ.m_axi_wdata_reg[K]	axi_crossbar_inst.axi_crossbar_wr_inst.m_ifaces[I].reg_inst.genblkJ.m_axi_wdata_reg[K]	axi_crossbar_inst.axi_crossbar_wr_inst.m_ifaces[5].reg_inst.genblk2.m_axi_wdata_reg[10]$_DFFE_PP_/Q	axi_crossbar_inst.axi_crossbar_wr_inst.m_ifaces[5].reg_inst.genblk2.m_axi_wdata_reg[10]$_DFFE_PP_/D
961	0.5456	axi_crossbar_inst.axi_crossbar_wr_inst.m_ifaces[I].reg_inst.genblkJ.m_axi_wstrb_reg[K]	axi_crossbar_inst.axi_crossbar_wr_inst.m_ifaces[I].reg_inst.genblkJ.m_axi_wstrb_reg[K]	axi_crossbar_inst.axi_crossbar_wr_inst.m_ifaces[5].reg_inst.genblk2.m_axi_wstrb_reg[0]$_DFFE_PP_/Q	axi_crossbar_inst.axi_crossbar_wr_inst.m_ifaces[5].reg_inst.genblk2.m_axi_wstrb_reg[0]$_DFFE_PP_/D
962	0.5456	axi_crossbar_inst.axi_crossbar_wr_inst.m_ifaces[I].reg_inst.genblkJ.m_axi_wlast_reg	axi_crossbar_inst.axi_crossbar_wr_inst.m_ifaces[I].reg_inst.genblkJ.m_axi_wlast_reg	axi_crossbar_inst.axi_crossbar_wr_inst.m_ifaces[0].reg_inst.genblk2.m_axi_wlast_reg$_DFFE_PP_/Q	axi_crossbar_inst.axi_crossbar_wr_inst.m_ifaces[0].reg_inst.genblk2.m_axi_wlast_reg$_DFFE_PP_/D
963	0.5485	axi_crossbar_inst.axi_crossbar_rd_inst.s_ifaces[I].reg_inst.genblkJ.s_axi_rdata_reg[K]	axi_crossbar_inst.axi_crossbar_rd_inst.s_ifaces[I].reg_inst.genblkJ.s_axi_rdata_reg[K]	axi_crossbar_inst.axi_crossbar_rd_inst.s_ifaces[0].reg_inst.genblk2.s_axi_rdata_reg[10]$_DFFE_PP_/Q	axi_crossbar_inst.axi_crossbar_rd_inst.s_ifaces[0].reg_inst.genblk2.s_axi_rdata_reg[10]$_DFFE_PP_/D
964	0.5519	axi_crossbar_inst.axi_crossbar_wr_inst.m_ifaces[I].reg_inst.genblkJ.temp_m_axi_wvalid_reg	axi_crossbar_inst.axi_crossbar_wr_inst.m_ifaces[I].reg_inst.genblkJ.s_axi_wready_reg	axi_crossbar_inst.axi_crossbar_wr_inst.m_ifaces[0].reg_inst.genblk2.temp_m_axi_wvalid_reg$_SDFFE_PP0P_/QN	axi_crossbar_inst.axi_crossbar_wr_inst.m_ifaces[0].reg_inst.genblk2.s_axi_wready_reg$_SDFF_PP0_/D
965	0.5531	axi_crossbar_inst.axi_crossbar_rd_inst.s_ifaces[I].reg_inst.genblkJ.temp_s_axi_rvalid_reg	axi_crossbar_inst.axi_crossbar_rd_inst.s_ifaces[I].reg_inst.genblkJ.m_axi_rready_reg	axi_crossbar_inst.axi_crossbar_rd_inst.s_ifaces[2].reg_inst.genblk2.temp_s_axi_rvalid_reg$_SDFFE_PP0P_/QN	axi_crossbar_inst.axi_crossbar_rd_inst.s_ifaces[2].reg_inst.genblk2.m_axi_rready_reg$_SDFF_PP0_/D
