# stage	1_synth
# top_module	e203_cpu_top
# top_n	1000
# kind	blocks
# skip_async	1
# include_full	1
# rank	worst_slack_ns	start	end	start_full	end_full
1	-3.0292	u_eI_cpu.u_eJ_clk_ctrl.u_exu_clkgate.enb	core_csr_clk	u_e203_cpu.u_e203_clk_ctrl.u_exu_clkgate.enb$_DLATCH_N_/Q	core_csr_clk
2	-1.9103	dbg_mode	extIitcm_icb_cmd_ready	dbg_mode	ext2itcm_icb_cmd_ready
3	-1.8717	clk	core_csr_clk	clk	core_csr_clk
4	-1.8223	dbg_mode	extIdtcm_icb_cmd_ready	dbg_mode	ext2dtcm_icb_cmd_ready
5	-1.7857	dbg_step_r	extIitcm_icb_cmd_ready	dbg_step_r	ext2itcm_icb_cmd_ready
6	-1.6977	dbg_step_r	extIdtcm_icb_cmd_ready	dbg_step_r	ext2dtcm_icb_cmd_ready
7	-1.6162	dbg_halt_r	extIitcm_icb_cmd_ready	dbg_halt_r	ext2itcm_icb_cmd_ready
8	-1.5282	dbg_halt_r	extIdtcm_icb_cmd_ready	dbg_halt_r	ext2dtcm_icb_cmd_ready
9	-1.5179	dbg_mode	cmt_dcause_ena	dbg_mode	cmt_dcause_ena
10	-1.5087	dbg_mode	cmt_dcause[I]	dbg_mode	cmt_dcause[1]
11	-1.5030	dbg_mode	core_wfi	dbg_mode	core_wfi
12	-1.4742	dbg_mode	cmt_dpc_ena	dbg_mode	cmt_dpc_ena
13	-1.4112	dbg_mode	u_eI_cpu.u_eJ_core.u_eK_ifu.u_eL_ifu_ifetch.pc_dfflr.qout_r[M]	dbg_mode	u_e203_cpu.u_e203_core.u_e203_ifu.u_e203_ifu_ifetch.pc_dfflr.qout_r[10]$_DFFE_PN0P_/D
14	-1.3933	dbg_step_r	cmt_dcause_ena	dbg_step_r	cmt_dcause_ena
15	-1.3878	dbg_mode	u_eI_cpu.u_eJ_core.u_eK_ifu.u_eL_ifu_iftMicb.leftover_dffl.qout_r[N]	dbg_mode	u_e203_cpu.u_e203_core.u_e203_ifu.u_e203_ifu_ift2icb.leftover_dffl.qout_r[10]$_DFFE_PP_/D
16	-1.3862	dbg_mode	u_eI_cpu.u_eJ_core.u_eK_ifu.u_eL_ifu_ifetch.ifu_hi_ir_dfflr.qout_r[M]	dbg_mode	u_e203_cpu.u_e203_core.u_e203_ifu.u_e203_ifu_ifetch.ifu_hi_ir_dfflr.qout_r[10]$_DFFE_PN0P_/D
17	-1.3846	dbg_mode	u_eI_cpu.u_eJ_core.u_eK_ifu.u_eL_ifu_ifetch.ir_rsMidx_dfflr.qout_r[N]	dbg_mode	u_e203_cpu.u_e203_core.u_e203_ifu.u_e203_ifu_ifetch.ir_rs2idx_dfflr.qout_r[4]$_DFFE_PN0P_/D
18	-1.3840	dbg_step_r	cmt_dcause[I]	dbg_step_r	cmt_dcause[1]
19	-1.3825	dbg_mode	u_eI_cpu.u_eJ_core.u_eK_biu.u_sirv_gnrl_icb_buffer.u_sirv_gnrl_cmd_fifo.dp_gtL.fifo_rf[M].fifo_rf_dffl.qout_r[N]	dbg_mode	u_e203_cpu.u_e203_core.u_e203_biu.u_sirv_gnrl_icb_buffer.u_sirv_gnrl_cmd_fifo.dp_gt0.fifo_rf[0].fifo_rf_dffl.qout_r[65]$_DFFE_PP_/D
20	-1.3825	dbg_mode	u_eI_cpu.u_eJ_core.u_eK_ifu.u_eL_ifu_ifetch.ifu_lo_ir_dfflr.qout_r[M]	dbg_mode	u_e203_cpu.u_e203_core.u_e203_ifu.u_e203_ifu_ifetch.ifu_lo_ir_dfflr.qout_r[12]$_DFFE_PN0P_/D
21	-1.3795	dbg_mode	u_eI_cpu.u_eJ_core.u_eK_biu.u_sirv_gnrl_icb_buffer.u_sirv_gnrl_cmd_fifo.dp_gtL.vec_M_dfflr.qout_r	dbg_mode	u_e203_cpu.u_e203_core.u_e203_biu.u_sirv_gnrl_icb_buffer.u_sirv_gnrl_cmd_fifo.dp_gt0.vec_31_dfflr.qout_r$_DFFE_PN0P_/D
22	-1.3784	dbg_step_r	core_wfi	dbg_step_r	core_wfi
23	-1.3743	dbg_mode	u_eI_cpu.u_eJ_core.u_eK_ifu.u_eL_ifu_iftMicb.icb_addr_N_O_dffl.qout_r[P]	dbg_mode	u_e203_cpu.u_e203_core.u_e203_ifu.u_e203_ifu_ift2icb.icb_addr_2_1_dffl.qout_r[0]$_DFFE_PP_/D
24	-1.3705	dbg_mode	u_eI_cpu.u_eJ_itcm_ctrl.u_sram_icb_ctrl.u_byp_icb_cmd_buf.u_bypbuf_fifo.dp_gtK.fifo_rf[L].fifo_rf_dffl.qout_r[M]	dbg_mode	u_e203_cpu.u_e203_itcm_ctrl.u_sram_icb_ctrl.u_byp_icb_cmd_buf.u_bypbuf_fifo.dp_gt0.fifo_rf[0].fifo_rf_dffl.qout_r[2]$_DFFE_PP_/D
25	-1.3701	dbg_mode	u_eI_cpu.u_eJ_core.u_eK_ifu.u_eL_ifu_iftMicb.icb_state_dfflr.qout_r[N]	dbg_mode	u_e203_cpu.u_e203_core.u_e203_ifu.u_e203_ifu_ift2icb.icb_state_dfflr.qout_r[1]$_DFFE_PN0P_/D
26	-1.3647	dbg_mode	u_eI_cpu.u_eJ_core.u_eK_ifu.u_eL_ifu_ifetch.pc_newpend_dfflr.qout_r	dbg_mode	u_e203_cpu.u_e203_core.u_e203_ifu.u_e203_ifu_ifetch.pc_newpend_dfflr.qout_r$_DFFE_PN0P_/D
27	-1.3570	dbg_mode	u_eI_cpu.u_eJ_core.u_eK_biu.u_sirv_gnrl_icb_buffer.outs_cnt_dfflr.qout_r	dbg_mode	u_e203_cpu.u_e203_core.u_e203_biu.u_sirv_gnrl_icb_buffer.outs_cnt_dfflr.qout_r$_DFFE_PN0P_/D
28	-1.3499	dbg_mode	u_eI_cpu.u_eJ_core.u_eK_ifu.u_eL_ifu_iftMicb.u_eN_ifetch_rsp_bypbuf.u_bypbuf_fifo.dp_gtO.fifo_rf[P].fifo_rf_dffl.qout_r[Q]	dbg_mode	u_e203_cpu.u_e203_core.u_e203_ifu.u_e203_ifu_ift2icb.u_e203_ifetch_rsp_bypbuf.u_bypbuf_fifo.dp_gt0.fifo_rf[0].fifo_rf_dffl.qout_r[29]$_DFFE_PP_/D
29	-1.3495	dbg_step_r	cmt_dpc_ena	dbg_step_r	cmt_dpc_ena
30	-1.3436	dbg_mode	u_eI_cpu.u_eJ_core.u_eK_biu.u_sirv_gnrl_icb_buffer.u_sirv_gnrl_cmd_fifo.dp_gtL.vec_M_dfflrs.qout_r	dbg_mode	u_e203_cpu.u_e203_core.u_e203_biu.u_sirv_gnrl_icb_buffer.u_sirv_gnrl_cmd_fifo.dp_gt0.vec_0_dfflrs.qout_r$_DFFE_PN1P_/D
31	-1.3424	dbg_mode	u_eI_cpu.u_eJ_itcm_ctrl.u_sram_icb_ctrl.u_sirv_Kcyc_sram_ctrl.u_eL_stage.dp_gt_M.vld_dfflr.qout_r	dbg_mode	u_e203_cpu.u_e203_itcm_ctrl.u_sram_icb_ctrl.u_sirv_1cyc_sram_ctrl.u_e1_stage.dp_gt_0.vld_dfflr.qout_r$_DFFE_PN0P_/D
32	-1.3423	dbg_mode	u_eI_cpu.u_eJ_core.u_eK_ifu.u_eL_ifu_iftMicb.leftover_err_dfflr.qout_r	dbg_mode	u_e203_cpu.u_e203_core.u_e203_ifu.u_e203_ifu_ift2icb.leftover_err_dfflr.qout_r$_DFFE_PN0P_/D
33	-1.3396	dbg_mode	u_eI_cpu.u_eJ_core.u_eK_biu.u_biu_icb_arbt.arbt_num_gt_L_gen.dp_M.u_sirv_gnrl_rspid_fifo.dp_gt_N.dat_dfflr.qout_r	dbg_mode	u_e203_cpu.u_e203_core.u_e203_biu.u_biu_icb_arbt.arbt_num_gt_1_gen.dp_1.u_sirv_gnrl_rspid_fifo.dp_gt_0.dat_dfflr.qout_r$_DFFE_PP_/D
34	-1.3394	dbg_mode	u_eI_cpu.u_eJ_core.u_eK_ifu.u_eL_ifu_iftMicb.req_lane_cross_dfflr.qout_r	dbg_mode	u_e203_cpu.u_e203_core.u_e203_ifu.u_e203_ifu_ift2icb.req_lane_cross_dfflr.qout_r$_DFFE_PN0P_/D
35	-1.3394	dbg_mode	u_eI_cpu.u_eJ_core.u_eK_ifu.u_eL_ifu_iftMicb.req_need_Nuop_dfflr.qout_r	dbg_mode	u_e203_cpu.u_e203_core.u_e203_ifu.u_e203_ifu_ift2icb.req_need_0uop_dfflr.qout_r$_DFFE_PN0P_/D
36	-1.3394	dbg_mode	u_eI_cpu.u_eJ_core.u_eK_ifu.u_eL_ifu_iftMicb.req_same_cross_holdup_dfflr.qout_r	dbg_mode	u_e203_cpu.u_e203_core.u_e203_ifu.u_e203_ifu_ift2icb.req_same_cross_holdup_dfflr.qout_r$_DFFE_PN0P_/D
37	-1.3372	dbg_mode	u_eI_cpu.u_eJ_core.u_eK_ifu.u_eL_ifu_ifetch.ifu_err_dfflr.qout_r	dbg_mode	u_e203_cpu.u_e203_core.u_e203_ifu.u_e203_ifu_ifetch.ifu_err_dfflr.qout_r$_DFFE_PN0P_/D
38	-1.3372	dbg_mode	u_eI_cpu.u_eJ_core.u_eK_ifu.u_eL_ifu_ifetch.ifu_prdt_taken_dfflr.qout_r	dbg_mode	u_e203_cpu.u_e203_core.u_e203_ifu.u_e203_ifu_ifetch.ifu_prdt_taken_dfflr.qout_r$_DFFE_PN0P_/D
39	-1.3372	dbg_mode	u_eI_cpu.u_eJ_core.u_eK_ifu.u_eL_ifu_ifetch.ir_muldiv_bMb_dfflr.qout_r	dbg_mode	u_e203_cpu.u_e203_core.u_e203_ifu.u_e203_ifu_ifetch.ir_muldiv_b2b_dfflr.qout_r$_DFFE_PN0P_/D
40	-1.3372	dbg_mode	u_eI_cpu.u_eJ_itcm_ctrl.ifu_holdup_dffl.qout_r	dbg_mode	u_e203_cpu.u_e203_itcm_ctrl.ifu_holdup_dffl.qout_r$_DFFE_PN0P_/D
41	-1.3361	dbg_mode	u_eI_cpu.u_eJ_itcm_ctrl.u_sram_icb_ctrl.u_sirv_Kcyc_sram_ctrl.u_eL_stage.dp_gt_M.dat_dfflr.qout_r[N]	dbg_mode	u_e203_cpu.u_e203_itcm_ctrl.u_sram_icb_ctrl.u_sirv_1cyc_sram_ctrl.u_e1_stage.dp_gt_0.dat_dfflr.qout_r[1]$_DFFE_PP_/D
42	-1.3311	dbg_mode	u_eI_cpu.u_eJ_itcm_ctrl.u_sram_icb_ctrl.u_byp_icb_cmd_buf.u_bypbuf_fifo.dp_gtK.vec_L_dfflr.qout_r	dbg_mode	u_e203_cpu.u_e203_itcm_ctrl.u_sram_icb_ctrl.u_byp_icb_cmd_buf.u_bypbuf_fifo.dp_gt0.vec_31_dfflr.qout_r$_DFFE_PN0P_/D
43	-1.3310	dbg_mode	u_eI_cpu.u_eJ_core.u_eK_ifu.u_eL_ifu_iftMicb.icbNitcm_dfflr.qout_r	dbg_mode	u_e203_cpu.u_e203_core.u_e203_ifu.u_e203_ifu_ift2icb.icb2itcm_dfflr.qout_r$_DFFE_PN0P_/D
44	-1.3305	dbg_mode	u_eI_cpu.u_eJ_itcm_ctrl.u_sram_icb_ctrl.u_byp_icb_cmd_buf.u_bypbuf_fifo.dp_gtK.vec_L_dfflrs.qout_r	dbg_mode	u_e203_cpu.u_e203_itcm_ctrl.u_sram_icb_ctrl.u_byp_icb_cmd_buf.u_bypbuf_fifo.dp_gt0.vec_0_dfflrs.qout_r$_DFFE_PN1P_/D
45	-1.3282	dbg_mode	u_eI_cpu.u_eJ_core.u_eK_biu.u_biu_icb_arbt.arbt_num_gt_L_gen.dp_M.u_sirv_gnrl_rspid_fifo.dp_gt_N.vld_dfflr.qout_r	dbg_mode	u_e203_cpu.u_e203_core.u_e203_biu.u_biu_icb_arbt.arbt_num_gt_1_gen.dp_1.u_sirv_gnrl_rspid_fifo.dp_gt_0.vld_dfflr.qout_r$_DFFE_PN0P_/D
46	-1.3240	dbg_mode	u_eI_cpu.u_eJ_core.u_eK_ifu.u_eL_ifu_iftMicb.icbNmem_dfflr.qout_r	dbg_mode	u_e203_cpu.u_e203_core.u_e203_ifu.u_e203_ifu_ift2icb.icb2mem_dfflr.qout_r$_DFFE_PN0P_/D
47	-1.3189	dbg_mode	u_eI_cpu.u_eJ_core.u_eK_ifu.u_eL_ifu_ifetch.out_flag_dfflr.qout_r	dbg_mode	u_e203_cpu.u_e203_core.u_e203_ifu.u_e203_ifu_ifetch.out_flag_dfflr.qout_r$_DFFE_PN0P_/D
48	-1.3156	u_eI_cpu.u_eJ_core.u_eK_ifu.u_eL_ifu_ifetch.ifu_lo_ir_dfflr.qout_r[M]	extIitcm_icb_cmd_ready	u_e203_cpu.u_e203_core.u_e203_ifu.u_e203_ifu_ifetch.ifu_lo_ir_dfflr.qout_r[11]$_DFFE_PN0P_/Q	ext2itcm_icb_cmd_ready
49	-1.3061	dbg_mode	u_eI_cpu.u_eJ_core.u_eK_ifu.u_eL_ifu_iftMicb.u_eN_ifetch_rsp_bypbuf.u_bypbuf_fifo.dp_gtO.vec_P_dfflrs.qout_r	dbg_mode	u_e203_cpu.u_e203_core.u_e203_ifu.u_e203_ifu_ift2icb.u_e203_ifetch_rsp_bypbuf.u_bypbuf_fifo.dp_gt0.vec_0_dfflrs.qout_r$_DFFE_PN1P_/D
50	-1.3008	dbg_mode	u_eI_cpu.u_eJ_clk_ctrl.u_itcm_clkgate.enb	dbg_mode	u_e203_cpu.u_e203_clk_ctrl.u_itcm_clkgate.enb$_DLATCH_N_/D
51	-1.2958	dbg_mode	u_eI_cpu.u_eJ_core.u_eK_ifu.u_eL_ifu_ifetch.reset_req_dfflr.qout_r	dbg_mode	u_e203_cpu.u_e203_core.u_e203_ifu.u_e203_ifu_ifetch.reset_req_dfflr.qout_r$_DFFE_PN0P_/D
52	-1.2950	dbg_mode	u_eI_cpu.u_eJ_core.u_eK_ifu.u_eL_ifu_ifetch.dly_flush_dfflr.qout_r	dbg_mode	u_e203_cpu.u_e203_core.u_e203_ifu.u_e203_ifu_ifetch.dly_flush_dfflr.qout_r$_DFFE_PN0P_/D
53	-1.2900	dbg_mode	u_eI_cpu.u_eJ_clk_ctrl.itcm_active_dffr.qout_r	dbg_mode	u_e203_cpu.u_e203_clk_ctrl.itcm_active_dffr.qout_r$_DFF_PN0_/D
54	-1.2866	dbg_step_r	u_eI_cpu.u_eJ_core.u_eK_ifu.u_eL_ifu_ifetch.pc_dfflr.qout_r[M]	dbg_step_r	u_e203_cpu.u_e203_core.u_e203_ifu.u_e203_ifu_ifetch.pc_dfflr.qout_r[10]$_DFFE_PN0P_/D
55	-1.2857	dbg_mode	u_eI_cpu.u_eJ_clk_ctrl.u_biu_clkgate.enb	dbg_mode	u_e203_cpu.u_e203_clk_ctrl.u_biu_clkgate.enb$_DLATCH_N_/D
56	-1.2798	u_eI_cpu.u_eJ_core.u_eK_ifu.u_eL_ifu_ifetch.ifu_hi_ir_dfflr.qout_r[M]	extIitcm_icb_cmd_ready	u_e203_cpu.u_e203_core.u_e203_ifu.u_e203_ifu_ifetch.ifu_hi_ir_dfflr.qout_r[15]$_DFFE_PN0P_/Q	ext2itcm_icb_cmd_ready
57	-1.2685	dbg_mode	u_eI_cpu.u_eJ_itcm_ctrl.u_sram_icb_ctrl.u_sirv_Kcyc_sram_ctrl.u_ram_clkgate.enb	dbg_mode	u_e203_cpu.u_e203_itcm_ctrl.u_sram_icb_ctrl.u_sirv_1cyc_sram_ctrl.u_ram_clkgate.enb$_DLATCH_N_/D
58	-1.2631	dbg_step_r	u_eI_cpu.u_eJ_core.u_eK_ifu.u_eL_ifu_iftMicb.leftover_dffl.qout_r[N]	dbg_step_r	u_e203_cpu.u_e203_core.u_e203_ifu.u_e203_ifu_ift2icb.leftover_dffl.qout_r[10]$_DFFE_PP_/D
59	-1.2616	dbg_step_r	u_eI_cpu.u_eJ_core.u_eK_ifu.u_eL_ifu_ifetch.ifu_hi_ir_dfflr.qout_r[M]	dbg_step_r	u_e203_cpu.u_e203_core.u_e203_ifu.u_e203_ifu_ifetch.ifu_hi_ir_dfflr.qout_r[10]$_DFFE_PN0P_/D
60	-1.2599	dbg_step_r	u_eI_cpu.u_eJ_core.u_eK_ifu.u_eL_ifu_ifetch.ir_rsMidx_dfflr.qout_r[N]	dbg_step_r	u_e203_cpu.u_e203_core.u_e203_ifu.u_e203_ifu_ifetch.ir_rs2idx_dfflr.qout_r[4]$_DFFE_PN0P_/D
61	-1.2579	dbg_step_r	u_eI_cpu.u_eJ_core.u_eK_biu.u_sirv_gnrl_icb_buffer.u_sirv_gnrl_cmd_fifo.dp_gtL.fifo_rf[M].fifo_rf_dffl.qout_r[N]	dbg_step_r	u_e203_cpu.u_e203_core.u_e203_biu.u_sirv_gnrl_icb_buffer.u_sirv_gnrl_cmd_fifo.dp_gt0.fifo_rf[0].fifo_rf_dffl.qout_r[65]$_DFFE_PP_/D
62	-1.2579	dbg_step_r	u_eI_cpu.u_eJ_core.u_eK_ifu.u_eL_ifu_ifetch.ifu_lo_ir_dfflr.qout_r[M]	dbg_step_r	u_e203_cpu.u_e203_core.u_e203_ifu.u_e203_ifu_ifetch.ifu_lo_ir_dfflr.qout_r[12]$_DFFE_PN0P_/D
63	-1.2561	dbg_mode	u_eI_cpu.u_eJ_core.u_eK_exu.u_eL_exu_alu.u_eM_exu_alu_dpath.sbf_N_dffl.qout_r[O]	dbg_mode	u_e203_cpu.u_e203_core.u_e203_exu.u_e203_exu_alu.u_e203_exu_alu_dpath.sbf_1_dffl.qout_r[11]$_DFFE_PP_/D
64	-1.2549	dbg_step_r	u_eI_cpu.u_eJ_core.u_eK_biu.u_sirv_gnrl_icb_buffer.u_sirv_gnrl_cmd_fifo.dp_gtL.vec_M_dfflr.qout_r	dbg_step_r	u_e203_cpu.u_e203_core.u_e203_biu.u_sirv_gnrl_icb_buffer.u_sirv_gnrl_cmd_fifo.dp_gt0.vec_31_dfflr.qout_r$_DFFE_PN0P_/D
65	-1.2497	dbg_step_r	u_eI_cpu.u_eJ_core.u_eK_ifu.u_eL_ifu_iftMicb.icb_addr_N_O_dffl.qout_r[P]	dbg_step_r	u_e203_cpu.u_e203_core.u_e203_ifu.u_e203_ifu_ift2icb.icb_addr_2_1_dffl.qout_r[0]$_DFFE_PP_/D
66	-1.2459	dbg_step_r	u_eI_cpu.u_eJ_itcm_ctrl.u_sram_icb_ctrl.u_byp_icb_cmd_buf.u_bypbuf_fifo.dp_gtK.fifo_rf[L].fifo_rf_dffl.qout_r[M]	dbg_step_r	u_e203_cpu.u_e203_itcm_ctrl.u_sram_icb_ctrl.u_byp_icb_cmd_buf.u_bypbuf_fifo.dp_gt0.fifo_rf[0].fifo_rf_dffl.qout_r[2]$_DFFE_PP_/D
67	-1.2454	dbg_step_r	u_eI_cpu.u_eJ_core.u_eK_ifu.u_eL_ifu_iftMicb.icb_state_dfflr.qout_r[N]	dbg_step_r	u_e203_cpu.u_e203_core.u_e203_ifu.u_e203_ifu_ift2icb.icb_state_dfflr.qout_r[1]$_DFFE_PN0P_/D
68	-1.2401	dbg_step_r	u_eI_cpu.u_eJ_core.u_eK_ifu.u_eL_ifu_ifetch.pc_newpend_dfflr.qout_r	dbg_step_r	u_e203_cpu.u_e203_core.u_e203_ifu.u_e203_ifu_ifetch.pc_newpend_dfflr.qout_r$_DFFE_PN0P_/D
69	-1.2351	dbg_mode	u_eI_cpu.u_eJ_core.u_eK_exu.u_eL_exu_alu.u_eM_exu_alu_dpath.sbf_N_dffl.qout_r[O]	dbg_mode	u_e203_cpu.u_e203_core.u_e203_exu.u_e203_exu_alu.u_e203_exu_alu_dpath.sbf_1_dffl.qout_r[32]$_SDFFCE_PN0P_/D
70	-1.2339	dbg_mode	u_eI_cpu.u_eJ_core.u_eK_ifu.u_eL_ifu_ifetch.ir_valid_dfflr.qout_r	dbg_mode	u_e203_cpu.u_e203_core.u_e203_ifu.u_e203_ifu_ifetch.ir_valid_dfflr.qout_r$_DFFE_PN0P_/D
71	-1.2324	dbg_step_r	u_eI_cpu.u_eJ_core.u_eK_biu.u_sirv_gnrl_icb_buffer.outs_cnt_dfflr.qout_r	dbg_step_r	u_e203_cpu.u_e203_core.u_e203_biu.u_sirv_gnrl_icb_buffer.outs_cnt_dfflr.qout_r$_DFFE_PN0P_/D
72	-1.2276	u_eI_cpu.u_eJ_core.u_eK_ifu.u_eL_ifu_ifetch.ifu_lo_ir_dfflr.qout_r[M]	extIdtcm_icb_cmd_ready	u_e203_cpu.u_e203_core.u_e203_ifu.u_e203_ifu_ifetch.ifu_lo_ir_dfflr.qout_r[11]$_DFFE_PN0P_/Q	ext2dtcm_icb_cmd_ready
73	-1.2257	dbg_mode	u_eI_srams.u_eJ_itcm_ram.u_eK_itcm_gnrl_ram.u_sirv_sim_ram.mem_r[L][M]	dbg_mode	u_e203_srams.u_e203_itcm_ram.u_e203_itcm_gnrl_ram.u_sirv_sim_ram.mem_r[0][32]$_DFFE_PP_/D
74	-1.2253	dbg_step_r	u_eI_cpu.u_eJ_core.u_eK_ifu.u_eL_ifu_iftMicb.u_eN_ifetch_rsp_bypbuf.u_bypbuf_fifo.dp_gtO.fifo_rf[P].fifo_rf_dffl.qout_r[Q]	dbg_step_r	u_e203_cpu.u_e203_core.u_e203_ifu.u_e203_ifu_ift2icb.u_e203_ifetch_rsp_bypbuf.u_bypbuf_fifo.dp_gt0.fifo_rf[0].fifo_rf_dffl.qout_r[29]$_DFFE_PP_/D
75	-1.2245	u_eI_cpu.u_eJ_core.u_eK_ifu.u_eL_ifu_ifetch.ir_rsMidx_dfflr.qout_r[N]	extIitcm_icb_cmd_ready	u_e203_cpu.u_e203_core.u_e203_ifu.u_e203_ifu_ifetch.ir_rs2idx_dfflr.qout_r[1]$_DFFE_PN0P_/QN	ext2itcm_icb_cmd_ready
76	-1.2238	dbg_halt_r	cmt_dcause_ena	dbg_halt_r	cmt_dcause_ena
77	-1.2189	dbg_step_r	u_eI_cpu.u_eJ_core.u_eK_biu.u_sirv_gnrl_icb_buffer.u_sirv_gnrl_cmd_fifo.dp_gtL.vec_M_dfflrs.qout_r	dbg_step_r	u_e203_cpu.u_e203_core.u_e203_biu.u_sirv_gnrl_icb_buffer.u_sirv_gnrl_cmd_fifo.dp_gt0.vec_0_dfflrs.qout_r$_DFFE_PN1P_/D
78	-1.2178	dbg_step_r	u_eI_cpu.u_eJ_itcm_ctrl.u_sram_icb_ctrl.u_sirv_Kcyc_sram_ctrl.u_eL_stage.dp_gt_M.vld_dfflr.qout_r	dbg_step_r	u_e203_cpu.u_e203_itcm_ctrl.u_sram_icb_ctrl.u_sirv_1cyc_sram_ctrl.u_e1_stage.dp_gt_0.vld_dfflr.qout_r$_DFFE_PN0P_/D
79	-1.2177	dbg_step_r	u_eI_cpu.u_eJ_core.u_eK_ifu.u_eL_ifu_iftMicb.leftover_err_dfflr.qout_r	dbg_step_r	u_e203_cpu.u_e203_core.u_e203_ifu.u_e203_ifu_ift2icb.leftover_err_dfflr.qout_r$_DFFE_PN0P_/D
80	-1.2150	dbg_step_r	u_eI_cpu.u_eJ_core.u_eK_biu.u_biu_icb_arbt.arbt_num_gt_L_gen.dp_M.u_sirv_gnrl_rspid_fifo.dp_gt_N.dat_dfflr.qout_r	dbg_step_r	u_e203_cpu.u_e203_core.u_e203_biu.u_biu_icb_arbt.arbt_num_gt_1_gen.dp_1.u_sirv_gnrl_rspid_fifo.dp_gt_0.dat_dfflr.qout_r$_DFFE_PP_/D
81	-1.2148	dbg_step_r	u_eI_cpu.u_eJ_core.u_eK_ifu.u_eL_ifu_iftMicb.req_lane_cross_dfflr.qout_r	dbg_step_r	u_e203_cpu.u_e203_core.u_e203_ifu.u_e203_ifu_ift2icb.req_lane_cross_dfflr.qout_r$_DFFE_PN0P_/D
82	-1.2148	dbg_step_r	u_eI_cpu.u_eJ_core.u_eK_ifu.u_eL_ifu_iftMicb.req_need_Nuop_dfflr.qout_r	dbg_step_r	u_e203_cpu.u_e203_core.u_e203_ifu.u_e203_ifu_ift2icb.req_need_0uop_dfflr.qout_r$_DFFE_PN0P_/D
83	-1.2148	dbg_step_r	u_eI_cpu.u_eJ_core.u_eK_ifu.u_eL_ifu_iftMicb.req_same_cross_holdup_dfflr.qout_r	dbg_step_r	u_e203_cpu.u_e203_core.u_e203_ifu.u_e203_ifu_ift2icb.req_same_cross_holdup_dfflr.qout_r$_DFFE_PN0P_/D
84	-1.2146	dbg_halt_r	cmt_dcause[I]	dbg_halt_r	cmt_dcause[1]
85	-1.2141	dbg_mode	u_eI_cpu.u_eJ_core.u_eK_ifu.u_eL_ifu_iftMicb.u_eN_ifetch_rsp_bypbuf.u_bypbuf_fifo.dp_gtO.vec_P_dfflr.qout_r	dbg_mode	u_e203_cpu.u_e203_core.u_e203_ifu.u_e203_ifu_ift2icb.u_e203_ifetch_rsp_bypbuf.u_bypbuf_fifo.dp_gt0.vec_31_dfflr.qout_r$_DFFE_PN0P_/D
86	-1.2129	dbg_mode	u_eI_cpu.u_eJ_dtcm_ctrl.u_sram_icb_ctrl.u_byp_icb_cmd_buf.u_bypbuf_fifo.dp_gtK.fifo_rf[L].fifo_rf_dffl.qout_r[M]	dbg_mode	u_e203_cpu.u_e203_dtcm_ctrl.u_sram_icb_ctrl.u_byp_icb_cmd_buf.u_bypbuf_fifo.dp_gt0.fifo_rf[0].fifo_rf_dffl.qout_r[18]$_DFFE_PP_/D
87	-1.2126	dbg_step_r	u_eI_cpu.u_eJ_core.u_eK_ifu.u_eL_ifu_ifetch.ifu_err_dfflr.qout_r	dbg_step_r	u_e203_cpu.u_e203_core.u_e203_ifu.u_e203_ifu_ifetch.ifu_err_dfflr.qout_r$_DFFE_PN0P_/D
88	-1.2126	dbg_step_r	u_eI_cpu.u_eJ_core.u_eK_ifu.u_eL_ifu_ifetch.ifu_prdt_taken_dfflr.qout_r	dbg_step_r	u_e203_cpu.u_e203_core.u_e203_ifu.u_e203_ifu_ifetch.ifu_prdt_taken_dfflr.qout_r$_DFFE_PN0P_/D
89	-1.2126	dbg_step_r	u_eI_cpu.u_eJ_core.u_eK_ifu.u_eL_ifu_ifetch.ir_muldiv_bMb_dfflr.qout_r	dbg_step_r	u_e203_cpu.u_e203_core.u_e203_ifu.u_e203_ifu_ifetch.ir_muldiv_b2b_dfflr.qout_r$_DFFE_PN0P_/D
90	-1.2126	dbg_step_r	u_eI_cpu.u_eJ_itcm_ctrl.ifu_holdup_dffl.qout_r	dbg_step_r	u_e203_cpu.u_e203_itcm_ctrl.ifu_holdup_dffl.qout_r$_DFFE_PN0P_/D
91	-1.2115	dbg_step_r	u_eI_cpu.u_eJ_itcm_ctrl.u_sram_icb_ctrl.u_sirv_Kcyc_sram_ctrl.u_eL_stage.dp_gt_M.dat_dfflr.qout_r[N]	dbg_step_r	u_e203_cpu.u_e203_itcm_ctrl.u_sram_icb_ctrl.u_sirv_1cyc_sram_ctrl.u_e1_stage.dp_gt_0.dat_dfflr.qout_r[1]$_DFFE_PP_/D
92	-1.2089	dbg_halt_r	core_wfi	dbg_halt_r	core_wfi
93	-1.2065	dbg_step_r	u_eI_cpu.u_eJ_itcm_ctrl.u_sram_icb_ctrl.u_byp_icb_cmd_buf.u_bypbuf_fifo.dp_gtK.vec_L_dfflr.qout_r	dbg_step_r	u_e203_cpu.u_e203_itcm_ctrl.u_sram_icb_ctrl.u_byp_icb_cmd_buf.u_bypbuf_fifo.dp_gt0.vec_31_dfflr.qout_r$_DFFE_PN0P_/D
94	-1.2064	dbg_step_r	u_eI_cpu.u_eJ_core.u_eK_ifu.u_eL_ifu_iftMicb.icbNitcm_dfflr.qout_r	dbg_step_r	u_e203_cpu.u_e203_core.u_e203_ifu.u_e203_ifu_ift2icb.icb2itcm_dfflr.qout_r$_DFFE_PN0P_/D
95	-1.2059	dbg_step_r	u_eI_cpu.u_eJ_itcm_ctrl.u_sram_icb_ctrl.u_byp_icb_cmd_buf.u_bypbuf_fifo.dp_gtK.vec_L_dfflrs.qout_r	dbg_step_r	u_e203_cpu.u_e203_itcm_ctrl.u_sram_icb_ctrl.u_byp_icb_cmd_buf.u_bypbuf_fifo.dp_gt0.vec_0_dfflrs.qout_r$_DFFE_PN1P_/D
96	-1.2036	dbg_step_r	u_eI_cpu.u_eJ_core.u_eK_biu.u_biu_icb_arbt.arbt_num_gt_L_gen.dp_M.u_sirv_gnrl_rspid_fifo.dp_gt_N.vld_dfflr.qout_r	dbg_step_r	u_e203_cpu.u_e203_core.u_e203_biu.u_biu_icb_arbt.arbt_num_gt_1_gen.dp_1.u_sirv_gnrl_rspid_fifo.dp_gt_0.vld_dfflr.qout_r$_DFFE_PN0P_/D
97	-1.1994	dbg_step_r	u_eI_cpu.u_eJ_core.u_eK_ifu.u_eL_ifu_iftMicb.icbNmem_dfflr.qout_r	dbg_step_r	u_e203_cpu.u_e203_core.u_e203_ifu.u_e203_ifu_ift2icb.icb2mem_dfflr.qout_r$_DFFE_PN0P_/D
98	-1.1943	dbg_step_r	u_eI_cpu.u_eJ_core.u_eK_ifu.u_eL_ifu_ifetch.out_flag_dfflr.qout_r	dbg_step_r	u_e203_cpu.u_e203_core.u_e203_ifu.u_e203_ifu_ifetch.out_flag_dfflr.qout_r$_DFFE_PN0P_/D
99	-1.1918	u_eI_cpu.u_eJ_core.u_eK_ifu.u_eL_ifu_ifetch.ifu_hi_ir_dfflr.qout_r[M]	extIdtcm_icb_cmd_ready	u_e203_cpu.u_e203_core.u_e203_ifu.u_e203_ifu_ifetch.ifu_hi_ir_dfflr.qout_r[15]$_DFFE_PN0P_/Q	ext2dtcm_icb_cmd_ready
100	-1.1901	dbg_mode	u_eI_srams.u_eJ_dtcm_ram.u_eK_dtcm_gnrl_ram.u_sirv_sim_ram.mem_r[L][M]	dbg_mode	u_e203_srams.u_e203_dtcm_ram.u_e203_dtcm_gnrl_ram.u_sirv_sim_ram.mem_r[0][0]$_DFFE_PP_/D
101	-1.1814	dbg_step_r	u_eI_cpu.u_eJ_core.u_eK_ifu.u_eL_ifu_iftMicb.u_eN_ifetch_rsp_bypbuf.u_bypbuf_fifo.dp_gtO.vec_P_dfflrs.qout_r	dbg_step_r	u_e203_cpu.u_e203_core.u_e203_ifu.u_e203_ifu_ift2icb.u_e203_ifetch_rsp_bypbuf.u_bypbuf_fifo.dp_gt0.vec_0_dfflrs.qout_r$_DFFE_PN1P_/D
102	-1.1801	dbg_halt_r	cmt_dpc_ena	dbg_halt_r	cmt_dpc_ena
103	-1.1762	dbg_step_r	u_eI_cpu.u_eJ_clk_ctrl.u_itcm_clkgate.enb	dbg_step_r	u_e203_cpu.u_e203_clk_ctrl.u_itcm_clkgate.enb$_DLATCH_N_/D
104	-1.1712	dbg_step_r	u_eI_cpu.u_eJ_core.u_eK_ifu.u_eL_ifu_ifetch.reset_req_dfflr.qout_r	dbg_step_r	u_e203_cpu.u_e203_core.u_e203_ifu.u_e203_ifu_ifetch.reset_req_dfflr.qout_r$_DFFE_PN0P_/D
105	-1.1706	dbg_mode	u_eI_cpu.u_eJ_dtcm_ctrl.u_sram_icb_ctrl.u_byp_icb_cmd_buf.u_bypbuf_fifo.dp_gtK.vec_L_dfflrs.qout_r	dbg_mode	u_e203_cpu.u_e203_dtcm_ctrl.u_sram_icb_ctrl.u_byp_icb_cmd_buf.u_bypbuf_fifo.dp_gt0.vec_0_dfflrs.qout_r$_DFFE_PN1P_/D
106	-1.1704	dbg_step_r	u_eI_cpu.u_eJ_core.u_eK_ifu.u_eL_ifu_ifetch.dly_flush_dfflr.qout_r	dbg_step_r	u_e203_cpu.u_e203_core.u_e203_ifu.u_e203_ifu_ifetch.dly_flush_dfflr.qout_r$_DFFE_PN0P_/D
107	-1.1654	dbg_step_r	u_eI_cpu.u_eJ_clk_ctrl.itcm_active_dffr.qout_r	dbg_step_r	u_e203_cpu.u_e203_clk_ctrl.itcm_active_dffr.qout_r$_DFF_PN0_/D
108	-1.1611	dbg_step_r	u_eI_cpu.u_eJ_clk_ctrl.u_biu_clkgate.enb	dbg_step_r	u_e203_cpu.u_e203_clk_ctrl.u_biu_clkgate.enb$_DLATCH_N_/D
109	-1.1439	dbg_step_r	u_eI_cpu.u_eJ_itcm_ctrl.u_sram_icb_ctrl.u_sirv_Kcyc_sram_ctrl.u_ram_clkgate.enb	dbg_step_r	u_e203_cpu.u_e203_itcm_ctrl.u_sram_icb_ctrl.u_sirv_1cyc_sram_ctrl.u_ram_clkgate.enb$_DLATCH_N_/D
110	-1.1405	dbg_mode	u_eI_cpu.u_eJ_itcm_ctrl.u_itcm_icb_extKitcm_nLw.fifo_dp_M.u_sirv_gnrl_nNw_fifo.dp_gt_O.dat_dfflr.qout_r	dbg_mode	u_e203_cpu.u_e203_itcm_ctrl.u_itcm_icb_ext2itcm_n2w.fifo_dp_1.u_sirv_gnrl_n2w_fifo.dp_gt_0.dat_dfflr.qout_r$_DFFE_PP_/D
111	-1.1365	u_eI_cpu.u_eJ_core.u_eK_ifu.u_eL_ifu_ifetch.ir_rsMidx_dfflr.qout_r[N]	extIdtcm_icb_cmd_ready	u_e203_cpu.u_e203_core.u_e203_ifu.u_e203_ifu_ifetch.ir_rs2idx_dfflr.qout_r[1]$_DFFE_PN0P_/QN	ext2dtcm_icb_cmd_ready
112	-1.1314	dbg_step_r	u_eI_cpu.u_eJ_core.u_eK_exu.u_eL_exu_alu.u_eM_exu_alu_dpath.sbf_N_dffl.qout_r[O]	dbg_step_r	u_e203_cpu.u_e203_core.u_e203_exu.u_e203_exu_alu.u_e203_exu_alu_dpath.sbf_1_dffl.qout_r[11]$_DFFE_PP_/D
113	-1.1248	dbg_mode	u_eI_cpu.u_eJ_itcm_ctrl.u_itcm_icb_lsuKitcm_nLw.fifo_dp_M.u_sirv_gnrl_nNw_fifo.dp_gt_O.dat_dfflr.qout_r	dbg_mode	u_e203_cpu.u_e203_itcm_ctrl.u_itcm_icb_lsu2itcm_n2w.fifo_dp_1.u_sirv_gnrl_n2w_fifo.dp_gt_0.dat_dfflr.qout_r$_DFFE_PP_/D
114	-1.1216	dbg_mode	u_eI_cpu.u_eJ_clk_ctrl.u_dtcm_clkgate.enb	dbg_mode	u_e203_cpu.u_e203_clk_ctrl.u_dtcm_clkgate.enb$_DLATCH_N_/D
115	-1.1171	dbg_halt_r	u_eI_cpu.u_eJ_core.u_eK_ifu.u_eL_ifu_ifetch.pc_dfflr.qout_r[M]	dbg_halt_r	u_e203_cpu.u_e203_core.u_e203_ifu.u_e203_ifu_ifetch.pc_dfflr.qout_r[10]$_DFFE_PN0P_/D
116	-1.1105	dbg_step_r	u_eI_cpu.u_eJ_core.u_eK_exu.u_eL_exu_alu.u_eM_exu_alu_dpath.sbf_N_dffl.qout_r[O]	dbg_step_r	u_e203_cpu.u_e203_core.u_e203_exu.u_e203_exu_alu.u_e203_exu_alu_dpath.sbf_1_dffl.qout_r[32]$_SDFFCE_PN0P_/D
117	-1.1093	dbg_step_r	u_eI_cpu.u_eJ_core.u_eK_ifu.u_eL_ifu_ifetch.ir_valid_dfflr.qout_r	dbg_step_r	u_e203_cpu.u_e203_core.u_e203_ifu.u_e203_ifu_ifetch.ir_valid_dfflr.qout_r$_DFFE_PN0P_/D
118	-1.1011	dbg_step_r	u_eI_srams.u_eJ_itcm_ram.u_eK_itcm_gnrl_ram.u_sirv_sim_ram.mem_r[L][M]	dbg_step_r	u_e203_srams.u_e203_itcm_ram.u_e203_itcm_gnrl_ram.u_sirv_sim_ram.mem_r[0][32]$_DFFE_PP_/D
119	-1.0964	dbg_mode	u_eI_cpu.u_eJ_core.u_eK_exu.u_eL_exu_csr.minstreth_dfflr.qout_r[M]	dbg_mode	u_e203_cpu.u_e203_core.u_e203_exu.u_e203_exu_csr.minstreth_dfflr.qout_r[29]$_DFFE_PN0P_/D
120	-1.0948	dbg_mode	u_eI_cpu.u_eJ_itcm_ctrl.u_itcm_icb_extKitcm_nLw.fifo_dp_M.u_sirv_gnrl_nNw_fifo.dp_gt_O.vld_dfflr.qout_r	dbg_mode	u_e203_cpu.u_e203_itcm_ctrl.u_itcm_icb_ext2itcm_n2w.fifo_dp_1.u_sirv_gnrl_n2w_fifo.dp_gt_0.vld_dfflr.qout_r$_DFFE_PN0P_/D
121	-1.0937	dbg_halt_r	u_eI_cpu.u_eJ_core.u_eK_ifu.u_eL_ifu_iftMicb.leftover_dffl.qout_r[N]	dbg_halt_r	u_e203_cpu.u_e203_core.u_e203_ifu.u_e203_ifu_ift2icb.leftover_dffl.qout_r[10]$_DFFE_PP_/D
122	-1.0921	dbg_halt_r	u_eI_cpu.u_eJ_core.u_eK_ifu.u_eL_ifu_ifetch.ifu_hi_ir_dfflr.qout_r[M]	dbg_halt_r	u_e203_cpu.u_e203_core.u_e203_ifu.u_e203_ifu_ifetch.ifu_hi_ir_dfflr.qout_r[10]$_DFFE_PN0P_/D
123	-1.0905	dbg_halt_r	u_eI_cpu.u_eJ_core.u_eK_ifu.u_eL_ifu_ifetch.ir_rsMidx_dfflr.qout_r[N]	dbg_halt_r	u_e203_cpu.u_e203_core.u_e203_ifu.u_e203_ifu_ifetch.ir_rs2idx_dfflr.qout_r[4]$_DFFE_PN0P_/D
124	-1.0895	dbg_step_r	u_eI_cpu.u_eJ_core.u_eK_ifu.u_eL_ifu_iftMicb.u_eN_ifetch_rsp_bypbuf.u_bypbuf_fifo.dp_gtO.vec_P_dfflr.qout_r	dbg_step_r	u_e203_cpu.u_e203_core.u_e203_ifu.u_e203_ifu_ift2icb.u_e203_ifetch_rsp_bypbuf.u_bypbuf_fifo.dp_gt0.vec_31_dfflr.qout_r$_DFFE_PN0P_/D
125	-1.0884	dbg_halt_r	u_eI_cpu.u_eJ_core.u_eK_biu.u_sirv_gnrl_icb_buffer.u_sirv_gnrl_cmd_fifo.dp_gtL.fifo_rf[M].fifo_rf_dffl.qout_r[N]	dbg_halt_r	u_e203_cpu.u_e203_core.u_e203_biu.u_sirv_gnrl_icb_buffer.u_sirv_gnrl_cmd_fifo.dp_gt0.fifo_rf[0].fifo_rf_dffl.qout_r[65]$_DFFE_PP_/D
126	-1.0884	dbg_halt_r	u_eI_cpu.u_eJ_core.u_eK_ifu.u_eL_ifu_ifetch.ifu_lo_ir_dfflr.qout_r[M]	dbg_halt_r	u_e203_cpu.u_e203_core.u_e203_ifu.u_e203_ifu_ifetch.ifu_lo_ir_dfflr.qout_r[12]$_DFFE_PN0P_/D
127	-1.0882	dbg_step_r	u_eI_cpu.u_eJ_dtcm_ctrl.u_sram_icb_ctrl.u_byp_icb_cmd_buf.u_bypbuf_fifo.dp_gtK.fifo_rf[L].fifo_rf_dffl.qout_r[M]	dbg_step_r	u_e203_cpu.u_e203_dtcm_ctrl.u_sram_icb_ctrl.u_byp_icb_cmd_buf.u_bypbuf_fifo.dp_gt0.fifo_rf[0].fifo_rf_dffl.qout_r[18]$_DFFE_PP_/D
128	-1.0854	dbg_halt_r	u_eI_cpu.u_eJ_core.u_eK_biu.u_sirv_gnrl_icb_buffer.u_sirv_gnrl_cmd_fifo.dp_gtL.vec_M_dfflr.qout_r	dbg_halt_r	u_e203_cpu.u_e203_core.u_e203_biu.u_sirv_gnrl_icb_buffer.u_sirv_gnrl_cmd_fifo.dp_gt0.vec_31_dfflr.qout_r$_DFFE_PN0P_/D
129	-1.0837	dbg_mode	u_eI_cpu.u_eJ_dtcm_ctrl.u_sram_icb_ctrl.u_byp_icb_cmd_buf.u_bypbuf_fifo.dp_gtK.vec_L_dfflr.qout_r	dbg_mode	u_e203_cpu.u_e203_dtcm_ctrl.u_sram_icb_ctrl.u_byp_icb_cmd_buf.u_bypbuf_fifo.dp_gt0.vec_31_dfflr.qout_r$_DFFE_PN0P_/D
130	-1.0817	u_eI_cpu.u_eJ_core.u_eK_lsu.u_eL_lsu_ctrl.u_eM_lsu_splt_stage.dp_gt_N.vld_dfflr.qout_r	extIitcm_icb_cmd_ready	u_e203_cpu.u_e203_core.u_e203_lsu.u_e203_lsu_ctrl.u_e203_lsu_splt_stage.dp_gt_0.vld_dfflr.qout_r$_DFFE_PN0P_/Q	ext2itcm_icb_cmd_ready
131	-1.0802	dbg_halt_r	u_eI_cpu.u_eJ_core.u_eK_ifu.u_eL_ifu_iftMicb.icb_addr_N_O_dffl.qout_r[P]	dbg_halt_r	u_e203_cpu.u_e203_core.u_e203_ifu.u_e203_ifu_ift2icb.icb_addr_2_1_dffl.qout_r[0]$_DFFE_PP_/D
132	-1.0786	dbg_mode	u_eI_cpu.u_eJ_core.u_eK_lsu.u_eL_lsu_ctrl.u_eM_lsu_splt_stage.dp_gt_N.dat_dfflr.qout_r[O]	dbg_mode	u_e203_cpu.u_e203_core.u_e203_lsu.u_e203_lsu_ctrl.u_e203_lsu_splt_stage.dp_gt_0.dat_dfflr.qout_r[39]$_DFFE_PP_/D
133	-1.0767	dbg_mode	u_eI_cpu.u_eJ_itcm_ctrl.u_itcm_icb_arbt.arbt_num_gt_K_gen.dp_L.u_sirv_gnrl_rspid_fifo.dp_gt_M.dat_dfflr.qout_r	dbg_mode	u_e203_cpu.u_e203_itcm_ctrl.u_itcm_icb_arbt.arbt_num_gt_1_gen.dp_1.u_sirv_gnrl_rspid_fifo.dp_gt_0.dat_dfflr.qout_r$_DFFE_PP_/D
134	-1.0764	dbg_halt_r	u_eI_cpu.u_eJ_itcm_ctrl.u_sram_icb_ctrl.u_byp_icb_cmd_buf.u_bypbuf_fifo.dp_gtK.fifo_rf[L].fifo_rf_dffl.qout_r[M]	dbg_halt_r	u_e203_cpu.u_e203_itcm_ctrl.u_sram_icb_ctrl.u_byp_icb_cmd_buf.u_bypbuf_fifo.dp_gt0.fifo_rf[0].fifo_rf_dffl.qout_r[2]$_DFFE_PP_/D
135	-1.0760	dbg_halt_r	u_eI_cpu.u_eJ_core.u_eK_ifu.u_eL_ifu_iftMicb.icb_state_dfflr.qout_r[N]	dbg_halt_r	u_e203_cpu.u_e203_core.u_e203_ifu.u_e203_ifu_ift2icb.icb_state_dfflr.qout_r[1]$_DFFE_PN0P_/D
136	-1.0714	u_eI_cpu.u_eJ_core.u_eK_ifu.u_eL_ifu_ifetch.ifu_err_dfflr.qout_r	extIitcm_icb_cmd_ready	u_e203_cpu.u_e203_core.u_e203_ifu.u_e203_ifu_ifetch.ifu_err_dfflr.qout_r$_DFFE_PN0P_/Q	ext2itcm_icb_cmd_ready
137	-1.0712	dbg_mode	u_eI_cpu.u_eJ_core.u_eK_lsu.u_eL_lsu_ctrl.excl_addr_dffl.qout_r[M]	dbg_mode	u_e203_cpu.u_e203_core.u_e203_lsu.u_e203_lsu_ctrl.excl_addr_dffl.qout_r[19]$_DFFE_PN0P_/D
138	-1.0706	dbg_halt_r	u_eI_cpu.u_eJ_core.u_eK_ifu.u_eL_ifu_ifetch.pc_newpend_dfflr.qout_r	dbg_halt_r	u_e203_cpu.u_e203_core.u_e203_ifu.u_e203_ifu_ifetch.pc_newpend_dfflr.qout_r$_DFFE_PN0P_/D
139	-1.0703	u_eI_cpu.u_eJ_itcm_ctrl.u_sram_icb_ctrl.u_sirv_Kcyc_sram_ctrl.u_eL_stage.dp_gt_M.vld_dfflr.qout_r	extIitcm_icb_cmd_ready	u_e203_cpu.u_e203_itcm_ctrl.u_sram_icb_ctrl.u_sirv_1cyc_sram_ctrl.u_e1_stage.dp_gt_0.vld_dfflr.qout_r$_DFFE_PN0P_/Q	ext2itcm_icb_cmd_ready
140	-1.0655	dbg_step_r	u_eI_srams.u_eJ_dtcm_ram.u_eK_dtcm_gnrl_ram.u_sirv_sim_ram.mem_r[L][M]	dbg_step_r	u_e203_srams.u_e203_dtcm_ram.u_e203_dtcm_gnrl_ram.u_sirv_sim_ram.mem_r[0][0]$_DFFE_PP_/D
141	-1.0629	dbg_halt_r	u_eI_cpu.u_eJ_core.u_eK_biu.u_sirv_gnrl_icb_buffer.outs_cnt_dfflr.qout_r	dbg_halt_r	u_e203_cpu.u_e203_core.u_e203_biu.u_sirv_gnrl_icb_buffer.outs_cnt_dfflr.qout_r$_DFFE_PN0P_/D
142	-1.0603	dbg_mode	u_eI_cpu.u_eJ_itcm_ctrl.u_itcm_icb_lsuKitcm_nLw.fifo_dp_M.u_sirv_gnrl_nNw_fifo.dp_gt_O.vld_dfflr.qout_r	dbg_mode	u_e203_cpu.u_e203_itcm_ctrl.u_itcm_icb_lsu2itcm_n2w.fifo_dp_1.u_sirv_gnrl_n2w_fifo.dp_gt_0.vld_dfflr.qout_r$_DFFE_PN0P_/D
143	-1.0587	dbg_mode	u_eI_cpu.u_eJ_core.u_eK_exu.u_eL_exu_alu.u_eM_exu_alu_muldiv.part_remd_sftN_dfflr.qout_r	dbg_mode	u_e203_cpu.u_e203_core.u_e203_exu.u_e203_exu_alu.u_e203_exu_alu_muldiv.part_remd_sft1_dfflr.qout_r$_DFFE_PN0P_/D
144	-1.0562	dbg_mode	u_eI_cpu.u_eJ_core.u_eK_exu.u_eL_exu_alu.u_eM_exu_alu_muldiv.part_prdt_sftN_dfflr.qout_r	dbg_mode	u_e203_cpu.u_e203_core.u_e203_exu.u_e203_exu_alu.u_e203_exu_alu_muldiv.part_prdt_sft1_dfflr.qout_r$_DFFE_PN0P_/D
145	-1.0558	dbg_halt_r	u_eI_cpu.u_eJ_core.u_eK_ifu.u_eL_ifu_iftMicb.u_eN_ifetch_rsp_bypbuf.u_bypbuf_fifo.dp_gtO.fifo_rf[P].fifo_rf_dffl.qout_r[Q]	dbg_halt_r	u_e203_cpu.u_e203_core.u_e203_ifu.u_e203_ifu_ift2icb.u_e203_ifetch_rsp_bypbuf.u_bypbuf_fifo.dp_gt0.fifo_rf[0].fifo_rf_dffl.qout_r[29]$_DFFE_PP_/D
146	-1.0512	dbg_mode	u_eI_cpu.u_eJ_core.u_eK_lsu.u_eL_lsu_ctrl.excl_flg_dffl.qout_r	dbg_mode	u_e203_cpu.u_e203_core.u_e203_lsu.u_e203_lsu_ctrl.excl_flg_dffl.qout_r$_DFFE_PN0P_/D
147	-1.0495	dbg_halt_r	u_eI_cpu.u_eJ_core.u_eK_biu.u_sirv_gnrl_icb_buffer.u_sirv_gnrl_cmd_fifo.dp_gtL.vec_M_dfflrs.qout_r	dbg_halt_r	u_e203_cpu.u_e203_core.u_e203_biu.u_sirv_gnrl_icb_buffer.u_sirv_gnrl_cmd_fifo.dp_gt0.vec_0_dfflrs.qout_r$_DFFE_PN1P_/D
148	-1.0483	dbg_halt_r	u_eI_cpu.u_eJ_itcm_ctrl.u_sram_icb_ctrl.u_sirv_Kcyc_sram_ctrl.u_eL_stage.dp_gt_M.vld_dfflr.qout_r	dbg_halt_r	u_e203_cpu.u_e203_itcm_ctrl.u_sram_icb_ctrl.u_sirv_1cyc_sram_ctrl.u_e1_stage.dp_gt_0.vld_dfflr.qout_r$_DFFE_PN0P_/D
149	-1.0482	dbg_halt_r	u_eI_cpu.u_eJ_core.u_eK_ifu.u_eL_ifu_iftMicb.leftover_err_dfflr.qout_r	dbg_halt_r	u_e203_cpu.u_e203_core.u_e203_ifu.u_e203_ifu_ift2icb.leftover_err_dfflr.qout_r$_DFFE_PN0P_/D
150	-1.0459	dbg_step_r	u_eI_cpu.u_eJ_dtcm_ctrl.u_sram_icb_ctrl.u_byp_icb_cmd_buf.u_bypbuf_fifo.dp_gtK.vec_L_dfflrs.qout_r	dbg_step_r	u_e203_cpu.u_e203_dtcm_ctrl.u_sram_icb_ctrl.u_byp_icb_cmd_buf.u_bypbuf_fifo.dp_gt0.vec_0_dfflrs.qout_r$_DFFE_PN1P_/D
151	-1.0455	dbg_halt_r	u_eI_cpu.u_eJ_core.u_eK_biu.u_biu_icb_arbt.arbt_num_gt_L_gen.dp_M.u_sirv_gnrl_rspid_fifo.dp_gt_N.dat_dfflr.qout_r	dbg_halt_r	u_e203_cpu.u_e203_core.u_e203_biu.u_biu_icb_arbt.arbt_num_gt_1_gen.dp_1.u_sirv_gnrl_rspid_fifo.dp_gt_0.dat_dfflr.qout_r$_DFFE_PP_/D
152	-1.0453	dbg_halt_r	u_eI_cpu.u_eJ_core.u_eK_ifu.u_eL_ifu_iftMicb.req_lane_cross_dfflr.qout_r	dbg_halt_r	u_e203_cpu.u_e203_core.u_e203_ifu.u_e203_ifu_ift2icb.req_lane_cross_dfflr.qout_r$_DFFE_PN0P_/D
153	-1.0453	dbg_halt_r	u_eI_cpu.u_eJ_core.u_eK_ifu.u_eL_ifu_iftMicb.req_need_Nuop_dfflr.qout_r	dbg_halt_r	u_e203_cpu.u_e203_core.u_e203_ifu.u_e203_ifu_ift2icb.req_need_0uop_dfflr.qout_r$_DFFE_PN0P_/D
154	-1.0453	dbg_halt_r	u_eI_cpu.u_eJ_core.u_eK_ifu.u_eL_ifu_iftMicb.req_same_cross_holdup_dfflr.qout_r	dbg_halt_r	u_e203_cpu.u_e203_core.u_e203_ifu.u_e203_ifu_ift2icb.req_same_cross_holdup_dfflr.qout_r$_DFFE_PN0P_/D
155	-1.0443	dbg_mode	u_eI_cpu.u_eJ_clk_ctrl.dtcm_active_dffr.qout_r	dbg_mode	u_e203_cpu.u_e203_clk_ctrl.dtcm_active_dffr.qout_r$_DFF_PN0_/D
156	-1.0442	u_eI_cpu.u_eJ_core.u_eK_exu.u_eL_exu_alu.u_eM_exu_alu_lsuagu.icb_state_dfflr.qout_r[N]	extIitcm_icb_cmd_ready	u_e203_cpu.u_e203_core.u_e203_exu.u_e203_exu_alu.u_e203_exu_alu_lsuagu.icb_state_dfflr.qout_r[0]$_DFFE_PN0P_/Q	ext2itcm_icb_cmd_ready
157	-1.0431	dbg_halt_r	u_eI_cpu.u_eJ_core.u_eK_ifu.u_eL_ifu_ifetch.ifu_err_dfflr.qout_r	dbg_halt_r	u_e203_cpu.u_e203_core.u_e203_ifu.u_e203_ifu_ifetch.ifu_err_dfflr.qout_r$_DFFE_PN0P_/D
158	-1.0431	dbg_halt_r	u_eI_cpu.u_eJ_core.u_eK_ifu.u_eL_ifu_ifetch.ifu_prdt_taken_dfflr.qout_r	dbg_halt_r	u_e203_cpu.u_e203_core.u_e203_ifu.u_e203_ifu_ifetch.ifu_prdt_taken_dfflr.qout_r$_DFFE_PN0P_/D
159	-1.0431	dbg_halt_r	u_eI_cpu.u_eJ_core.u_eK_ifu.u_eL_ifu_ifetch.ir_muldiv_bMb_dfflr.qout_r	dbg_halt_r	u_e203_cpu.u_e203_core.u_e203_ifu.u_e203_ifu_ifetch.ir_muldiv_b2b_dfflr.qout_r$_DFFE_PN0P_/D
160	-1.0431	dbg_halt_r	u_eI_cpu.u_eJ_itcm_ctrl.ifu_holdup_dffl.qout_r	dbg_halt_r	u_e203_cpu.u_e203_itcm_ctrl.ifu_holdup_dffl.qout_r$_DFFE_PN0P_/D
161	-1.0421	u_eI_cpu.u_eJ_core.u_eK_exu.u_eL_exu_oitf.depth_gtM.alc_ptr_dfflrs.qout_r	extIitcm_icb_cmd_ready	u_e203_cpu.u_e203_core.u_e203_exu.u_e203_exu_oitf.depth_gt1.alc_ptr_dfflrs.qout_r$_DFFE_PN0P_/Q	ext2itcm_icb_cmd_ready
162	-1.0420	dbg_halt_r	u_eI_cpu.u_eJ_itcm_ctrl.u_sram_icb_ctrl.u_sirv_Kcyc_sram_ctrl.u_eL_stage.dp_gt_M.dat_dfflr.qout_r[N]	dbg_halt_r	u_e203_cpu.u_e203_itcm_ctrl.u_sram_icb_ctrl.u_sirv_1cyc_sram_ctrl.u_e1_stage.dp_gt_0.dat_dfflr.qout_r[1]$_DFFE_PP_/D
163	-1.0376	u_eI_cpu.u_eJ_itcm_ctrl.u_itcm_icb_arbt.arbt_num_gt_K_gen.dp_L.u_sirv_gnrl_rspid_fifo.dp_gt_M.vld_dfflr.qout_r	extIitcm_icb_cmd_ready	u_e203_cpu.u_e203_itcm_ctrl.u_itcm_icb_arbt.arbt_num_gt_1_gen.dp_1.u_sirv_gnrl_rspid_fifo.dp_gt_0.vld_dfflr.qout_r$_DFFE_PN0P_/Q	ext2itcm_icb_cmd_ready
164	-1.0370	dbg_halt_r	u_eI_cpu.u_eJ_itcm_ctrl.u_sram_icb_ctrl.u_byp_icb_cmd_buf.u_bypbuf_fifo.dp_gtK.vec_L_dfflr.qout_r	dbg_halt_r	u_e203_cpu.u_e203_itcm_ctrl.u_sram_icb_ctrl.u_byp_icb_cmd_buf.u_bypbuf_fifo.dp_gt0.vec_31_dfflr.qout_r$_DFFE_PN0P_/D
165	-1.0369	dbg_halt_r	u_eI_cpu.u_eJ_core.u_eK_ifu.u_eL_ifu_iftMicb.icbNitcm_dfflr.qout_r	dbg_halt_r	u_e203_cpu.u_e203_core.u_e203_ifu.u_e203_ifu_ift2icb.icb2itcm_dfflr.qout_r$_DFFE_PN0P_/D
166	-1.0364	dbg_halt_r	u_eI_cpu.u_eJ_itcm_ctrl.u_sram_icb_ctrl.u_byp_icb_cmd_buf.u_bypbuf_fifo.dp_gtK.vec_L_dfflrs.qout_r	dbg_halt_r	u_e203_cpu.u_e203_itcm_ctrl.u_sram_icb_ctrl.u_byp_icb_cmd_buf.u_bypbuf_fifo.dp_gt0.vec_0_dfflrs.qout_r$_DFFE_PN1P_/D
167	-1.0341	u_eI_cpu.u_eJ_core.u_eK_lsu.u_eL_lsu_ctrl.u_eM_lsu_splt_stage.dp_gt_N.dat_dfflr.qout_r[O]	extIitcm_icb_cmd_ready	u_e203_cpu.u_e203_core.u_e203_lsu.u_e203_lsu_ctrl.u_e203_lsu_splt_stage.dp_gt_0.dat_dfflr.qout_r[43]$_DFFE_PP_/Q	ext2itcm_icb_cmd_ready
168	-1.0341	dbg_halt_r	u_eI_cpu.u_eJ_core.u_eK_biu.u_biu_icb_arbt.arbt_num_gt_L_gen.dp_M.u_sirv_gnrl_rspid_fifo.dp_gt_N.vld_dfflr.qout_r	dbg_halt_r	u_e203_cpu.u_e203_core.u_e203_biu.u_biu_icb_arbt.arbt_num_gt_1_gen.dp_1.u_sirv_gnrl_rspid_fifo.dp_gt_0.vld_dfflr.qout_r$_DFFE_PN0P_/D
169	-1.0333	u_eI_cpu.u_eJ_core.u_eK_biu.u_biu_icb_arbt.arbt_num_gt_L_gen.dp_M.u_sirv_gnrl_rspid_fifo.dp_gt_N.vld_dfflr.qout_r	extIitcm_icb_cmd_ready	u_e203_cpu.u_e203_core.u_e203_biu.u_biu_icb_arbt.arbt_num_gt_1_gen.dp_1.u_sirv_gnrl_rspid_fifo.dp_gt_0.vld_dfflr.qout_r$_DFFE_PN0P_/Q	ext2itcm_icb_cmd_ready
170	-1.0325	u_eI_cpu.u_eJ_core.u_eK_biu.u_sirv_gnrl_icb_buffer.u_sirv_gnrl_rsp_fifo.dp_gtL.vec_M_dfflr.qout_r	extIitcm_icb_cmd_ready	u_e203_cpu.u_e203_core.u_e203_biu.u_sirv_gnrl_icb_buffer.u_sirv_gnrl_rsp_fifo.dp_gt0.vec_31_dfflr.qout_r$_DFFE_PN0P_/Q	ext2itcm_icb_cmd_ready
171	-1.0305	dbg_mode	u_eI_cpu.u_eJ_core.u_eK_exu.u_eL_exu_csr.minstret_dfflr.qout_r[M]	dbg_mode	u_e203_cpu.u_e203_core.u_e203_exu.u_e203_exu_csr.minstret_dfflr.qout_r[31]$_DFFE_PN0P_/D
172	-1.0299	dbg_halt_r	u_eI_cpu.u_eJ_core.u_eK_ifu.u_eL_ifu_iftMicb.icbNmem_dfflr.qout_r	dbg_halt_r	u_e203_cpu.u_e203_core.u_e203_ifu.u_e203_ifu_ift2icb.icb2mem_dfflr.qout_r$_DFFE_PN0P_/D
173	-1.0290	dbg_mode	u_eI_cpu.u_eJ_core.u_eK_exu.u_eL_exu_oitf.oitf_entries[M].rdidx_dfflrs.qout_r[N]	dbg_mode	u_e203_cpu.u_e203_core.u_e203_exu.u_e203_exu_oitf.oitf_entries[1].rdidx_dfflrs.qout_r[3]$_DFFE_PP_/D
174	-1.0290	dbg_mode	u_eI_cpu.u_eJ_core.u_eK_exu.u_eL_exu_oitf.oitf_entries[M].pc_dfflrs.qout_r[N]	dbg_mode	u_e203_cpu.u_e203_core.u_e203_exu.u_e203_exu_oitf.oitf_entries[1].pc_dfflrs.qout_r[26]$_DFFE_PP_/D
175	-1.0248	dbg_halt_r	u_eI_cpu.u_eJ_core.u_eK_ifu.u_eL_ifu_ifetch.out_flag_dfflr.qout_r	dbg_halt_r	u_e203_cpu.u_e203_core.u_e203_ifu.u_e203_ifu_ifetch.out_flag_dfflr.qout_r$_DFFE_PN0P_/D
176	-1.0247	u_eI_cpu.u_eJ_core.u_eK_exu.u_eL_exu_oitf.depth_gtM.ret_ptr_dfflrs.qout_r	extIitcm_icb_cmd_ready	u_e203_cpu.u_e203_core.u_e203_exu.u_e203_exu_oitf.depth_gt1.ret_ptr_dfflrs.qout_r$_DFFE_PN0P_/Q	ext2itcm_icb_cmd_ready
177	-1.0239	dbg_mode	u_eI_cpu.u_eJ_dtcm_ctrl.u_dtcm_icb_arbt.arbt_num_gt_K_gen.dp_L.u_sirv_gnrl_rspid_fifo.dp_gt_M.vld_dfflr.qout_r	dbg_mode	u_e203_cpu.u_e203_dtcm_ctrl.u_dtcm_icb_arbt.arbt_num_gt_1_gen.dp_1.u_sirv_gnrl_rspid_fifo.dp_gt_0.vld_dfflr.qout_r$_DFFE_PN0P_/D
178	-1.0209	u_eI_cpu.u_eJ_dtcm_ctrl.u_dtcm_icb_arbt.arbt_num_gt_K_gen.dp_L.u_sirv_gnrl_rspid_fifo.dp_gt_M.vld_dfflr.qout_r	extIitcm_icb_cmd_ready	u_e203_cpu.u_e203_dtcm_ctrl.u_dtcm_icb_arbt.arbt_num_gt_1_gen.dp_1.u_sirv_gnrl_rspid_fifo.dp_gt_0.vld_dfflr.qout_r$_DFFE_PN0P_/Q	ext2itcm_icb_cmd_ready
179	-1.0200	u_eI_cpu.u_eJ_dtcm_ctrl.u_sram_icb_ctrl.u_sirv_Kcyc_sram_ctrl.u_eL_stage.dp_gt_M.vld_dfflr.qout_r	extIitcm_icb_cmd_ready	u_e203_cpu.u_e203_dtcm_ctrl.u_sram_icb_ctrl.u_sirv_1cyc_sram_ctrl.u_e1_stage.dp_gt_0.vld_dfflr.qout_r$_DFFE_PN0P_/Q	ext2itcm_icb_cmd_ready
180	-1.0182	u_eI_cpu.u_eJ_core.u_eK_exu.u_eL_exu_oitf.depth_gtM.alc_ptr_flg_dfflrs.qout_r	extIitcm_icb_cmd_ready	u_e203_cpu.u_e203_core.u_e203_exu.u_e203_exu_oitf.depth_gt1.alc_ptr_flg_dfflrs.qout_r$_DFFE_PN0P_/Q	ext2itcm_icb_cmd_ready
181	-1.0164	u_eI_cpu.u_eJ_core.u_eK_exu.u_eL_exu_oitf.depth_gtM.ret_ptr_flg_dfflrs.qout_r	extIitcm_icb_cmd_ready	u_e203_cpu.u_e203_core.u_e203_exu.u_e203_exu_oitf.depth_gt1.ret_ptr_flg_dfflrs.qout_r$_DFFE_PN0P_/Q	ext2itcm_icb_cmd_ready
182	-1.0159	dbg_step_r	u_eI_cpu.u_eJ_itcm_ctrl.u_itcm_icb_extKitcm_nLw.fifo_dp_M.u_sirv_gnrl_nNw_fifo.dp_gt_O.dat_dfflr.qout_r	dbg_step_r	u_e203_cpu.u_e203_itcm_ctrl.u_itcm_icb_ext2itcm_n2w.fifo_dp_1.u_sirv_gnrl_n2w_fifo.dp_gt_0.dat_dfflr.qout_r$_DFFE_PP_/D
183	-1.0120	dbg_halt_r	u_eI_cpu.u_eJ_core.u_eK_ifu.u_eL_ifu_iftMicb.u_eN_ifetch_rsp_bypbuf.u_bypbuf_fifo.dp_gtO.vec_P_dfflrs.qout_r	dbg_halt_r	u_e203_cpu.u_e203_core.u_e203_ifu.u_e203_ifu_ift2icb.u_e203_ifetch_rsp_bypbuf.u_bypbuf_fifo.dp_gt0.vec_0_dfflrs.qout_r$_DFFE_PN1P_/D
184	-1.0114	u_eI_cpu.u_eJ_itcm_ctrl.u_itcm_icb_arbt.arbt_num_gt_K_gen.dp_L.u_sirv_gnrl_rspid_fifo.dp_gt_M.dat_dfflr.qout_r	extIitcm_icb_cmd_ready	u_e203_cpu.u_e203_itcm_ctrl.u_itcm_icb_arbt.arbt_num_gt_1_gen.dp_1.u_sirv_gnrl_rspid_fifo.dp_gt_0.dat_dfflr.qout_r$_DFFE_PP_/Q	ext2itcm_icb_cmd_ready
185	-1.0069	u_eI_cpu.u_eJ_core.u_eK_biu.u_biu_icb_arbt.arbt_num_gt_L_gen.dp_M.u_sirv_gnrl_rspid_fifo.dp_gt_N.dat_dfflr.qout_r	extIitcm_icb_cmd_ready	u_e203_cpu.u_e203_core.u_e203_biu.u_biu_icb_arbt.arbt_num_gt_1_gen.dp_1.u_sirv_gnrl_rspid_fifo.dp_gt_0.dat_dfflr.qout_r$_DFFE_PP_/Q	ext2itcm_icb_cmd_ready
186	-1.0067	dbg_halt_r	u_eI_cpu.u_eJ_clk_ctrl.u_itcm_clkgate.enb	dbg_halt_r	u_e203_cpu.u_e203_clk_ctrl.u_itcm_clkgate.enb$_DLATCH_N_/D
187	-1.0056	dbg_mode	u_eI_cpu.u_eJ_dtcm_ctrl.u_sram_icb_ctrl.u_sirv_Kcyc_sram_ctrl.u_eL_stage.dp_gt_M.vld_dfflr.qout_r	dbg_mode	u_e203_cpu.u_e203_dtcm_ctrl.u_sram_icb_ctrl.u_sirv_1cyc_sram_ctrl.u_e1_stage.dp_gt_0.vld_dfflr.qout_r$_DFFE_PN0P_/D
188	-1.0021	u_eI_cpu.u_eJ_core.u_eK_exu.u_eL_exu_regfile.regfile[M].rfnoN.rf_dffl.qout_r[O]	extIitcm_icb_cmd_ready	u_e203_cpu.u_e203_core.u_e203_exu.u_e203_exu_regfile.regfile[6].rfno0.rf_dffl.qout_r[31]$_DFFE_PP_/Q	ext2itcm_icb_cmd_ready
189	-1.0017	dbg_halt_r	u_eI_cpu.u_eJ_core.u_eK_ifu.u_eL_ifu_ifetch.reset_req_dfflr.qout_r	dbg_halt_r	u_e203_cpu.u_e203_core.u_e203_ifu.u_e203_ifu_ifetch.reset_req_dfflr.qout_r$_DFFE_PN0P_/D
190	-1.0013	dbg_mode	u_eI_cpu.u_eJ_core.u_eK_exu.u_eL_exu_oitf.depth_gtM.alc_ptr_dfflrs.qout_r	dbg_mode	u_e203_cpu.u_e203_core.u_e203_exu.u_e203_exu_oitf.depth_gt1.alc_ptr_dfflrs.qout_r$_DFFE_PN0P_/D
191	-1.0009	dbg_halt_r	u_eI_cpu.u_eJ_core.u_eK_ifu.u_eL_ifu_ifetch.dly_flush_dfflr.qout_r	dbg_halt_r	u_e203_cpu.u_e203_core.u_e203_ifu.u_e203_ifu_ifetch.dly_flush_dfflr.qout_r$_DFFE_PN0P_/D
192	-1.0001	dbg_step_r	u_eI_cpu.u_eJ_itcm_ctrl.u_itcm_icb_lsuKitcm_nLw.fifo_dp_M.u_sirv_gnrl_nNw_fifo.dp_gt_O.dat_dfflr.qout_r	dbg_step_r	u_e203_cpu.u_e203_itcm_ctrl.u_itcm_icb_lsu2itcm_n2w.fifo_dp_1.u_sirv_gnrl_n2w_fifo.dp_gt_0.dat_dfflr.qout_r$_DFFE_PP_/D
193	-0.9980	u_eI_cpu.u_eJ_itcm_ctrl.u_sram_icb_ctrl.u_sirv_Kcyc_sram_ctrl.u_eL_stage.dp_gt_M.dat_dfflr.qout_r[N]	extIitcm_icb_cmd_ready	u_e203_cpu.u_e203_itcm_ctrl.u_sram_icb_ctrl.u_sirv_1cyc_sram_ctrl.u_e1_stage.dp_gt_0.dat_dfflr.qout_r[1]$_DFFE_PP_/QN	ext2itcm_icb_cmd_ready
194	-0.9977	dbg_mode	u_eI_cpu.u_eJ_core.u_eK_exu.u_eL_exu_oitf.oitf_entries[M].vld_dfflrs.qout_r	dbg_mode	u_e203_cpu.u_e203_core.u_e203_exu.u_e203_exu_oitf.oitf_entries[1].vld_dfflrs.qout_r$_DFFE_PN0P_/D
195	-0.9970	dbg_step_r	u_eI_cpu.u_eJ_clk_ctrl.u_dtcm_clkgate.enb	dbg_step_r	u_e203_cpu.u_e203_clk_ctrl.u_dtcm_clkgate.enb$_DLATCH_N_/D
196	-0.9959	dbg_mode	u_eI_cpu.u_eJ_dtcm_ctrl.u_sram_icb_ctrl.u_sirv_Kcyc_sram_ctrl.u_ram_clkgate.enb	dbg_mode	u_e203_cpu.u_e203_dtcm_ctrl.u_sram_icb_ctrl.u_sirv_1cyc_sram_ctrl.u_ram_clkgate.enb$_DLATCH_N_/D
197	-0.9959	dbg_halt_r	u_eI_cpu.u_eJ_clk_ctrl.itcm_active_dffr.qout_r	dbg_halt_r	u_e203_cpu.u_e203_clk_ctrl.itcm_active_dffr.qout_r$_DFF_PN0_/D
198	-0.9937	u_eI_cpu.u_eJ_core.u_eK_lsu.u_eL_lsu_ctrl.u_eM_lsu_splt_stage.dp_gt_N.vld_dfflr.qout_r	extIdtcm_icb_cmd_ready	u_e203_cpu.u_e203_core.u_e203_lsu.u_e203_lsu_ctrl.u_e203_lsu_splt_stage.dp_gt_0.vld_dfflr.qout_r$_DFFE_PN0P_/Q	ext2dtcm_icb_cmd_ready
199	-0.9918	dbg_mode	u_eI_cpu.u_eJ_dtcm_ctrl.u_dtcm_icb_arbt.arbt_num_gt_K_gen.dp_L.u_sirv_gnrl_rspid_fifo.dp_gt_M.dat_dfflr.qout_r	dbg_mode	u_e203_cpu.u_e203_dtcm_ctrl.u_dtcm_icb_arbt.arbt_num_gt_1_gen.dp_1.u_sirv_gnrl_rspid_fifo.dp_gt_0.dat_dfflr.qout_r$_DFFE_PP_/D
200	-0.9916	dbg_halt_r	u_eI_cpu.u_eJ_clk_ctrl.u_biu_clkgate.enb	dbg_halt_r	u_e203_cpu.u_e203_clk_ctrl.u_biu_clkgate.enb$_DLATCH_N_/D
201	-0.9869	dbg_mode	u_eI_cpu.u_eJ_itcm_ctrl.u_itcm_icb_arbt.arbt_num_gt_K_gen.dp_L.u_sirv_gnrl_rspid_fifo.dp_gt_M.vld_dfflr.qout_r	dbg_mode	u_e203_cpu.u_e203_itcm_ctrl.u_itcm_icb_arbt.arbt_num_gt_1_gen.dp_1.u_sirv_gnrl_rspid_fifo.dp_gt_0.vld_dfflr.qout_r$_DFFE_PN0P_/D
202	-0.9861	u_eI_cpu.u_eJ_core.u_eK_exu.u_eL_exu_csr.mie_dfflr.qout_r[M]	extIitcm_icb_cmd_ready	u_e203_cpu.u_e203_core.u_e203_exu.u_e203_exu_csr.mie_dfflr.qout_r[7]$_DFFE_PN0P_/Q	ext2itcm_icb_cmd_ready
203	-0.9833	u_eI_cpu.u_eJ_core.u_eK_ifu.u_eL_ifu_ifetch.ifu_err_dfflr.qout_r	extIdtcm_icb_cmd_ready	u_e203_cpu.u_e203_core.u_e203_ifu.u_e203_ifu_ifetch.ifu_err_dfflr.qout_r$_DFFE_PN0P_/Q	ext2dtcm_icb_cmd_ready
204	-0.9823	u_eI_cpu.u_eJ_itcm_ctrl.u_sram_icb_ctrl.u_sirv_Kcyc_sram_ctrl.u_eL_stage.dp_gt_M.vld_dfflr.qout_r	extIdtcm_icb_cmd_ready	u_e203_cpu.u_e203_itcm_ctrl.u_sram_icb_ctrl.u_sirv_1cyc_sram_ctrl.u_e1_stage.dp_gt_0.vld_dfflr.qout_r$_DFFE_PN0P_/Q	ext2dtcm_icb_cmd_ready
205	-0.9774	dbg_mode	u_eI_cpu.u_eJ_core.u_eK_exu.u_eL_exu_alu.u_eM_exu_alu_lsuagu.icb_state_dfflr.qout_r[N]	dbg_mode	u_e203_cpu.u_e203_core.u_e203_exu.u_e203_exu_alu.u_e203_exu_alu_lsuagu.icb_state_dfflr.qout_r[1]$_DFFE_PN0P_/D
206	-0.9744	dbg_halt_r	u_eI_cpu.u_eJ_itcm_ctrl.u_sram_icb_ctrl.u_sirv_Kcyc_sram_ctrl.u_ram_clkgate.enb	dbg_halt_r	u_e203_cpu.u_e203_itcm_ctrl.u_sram_icb_ctrl.u_sirv_1cyc_sram_ctrl.u_ram_clkgate.enb$_DLATCH_N_/D
207	-0.9734	dbg_mode	u_eI_cpu.u_eJ_core.u_eK_exu.u_eL_exu_oitf.depth_gtM.alc_ptr_flg_dfflrs.qout_r	dbg_mode	u_e203_cpu.u_e203_core.u_e203_exu.u_e203_exu_oitf.depth_gt1.alc_ptr_flg_dfflrs.qout_r$_DFFE_PN0P_/D
208	-0.9731	dbg_mode	u_eI_cpu.u_eJ_core.u_eK_exu.u_eL_exu_oitf.oitf_entries[M].rdwen_dfflrs.qout_r	dbg_mode	u_e203_cpu.u_e203_core.u_e203_exu.u_e203_exu_oitf.oitf_entries[1].rdwen_dfflrs.qout_r$_DFFE_PP_/D
209	-0.9718	dbg_step_r	u_eI_cpu.u_eJ_core.u_eK_exu.u_eL_exu_csr.minstreth_dfflr.qout_r[M]	dbg_step_r	u_e203_cpu.u_e203_core.u_e203_exu.u_e203_exu_csr.minstreth_dfflr.qout_r[29]$_DFFE_PN0P_/D
210	-0.9702	dbg_step_r	u_eI_cpu.u_eJ_itcm_ctrl.u_itcm_icb_extKitcm_nLw.fifo_dp_M.u_sirv_gnrl_nNw_fifo.dp_gt_O.vld_dfflr.qout_r	dbg_step_r	u_e203_cpu.u_e203_itcm_ctrl.u_itcm_icb_ext2itcm_n2w.fifo_dp_1.u_sirv_gnrl_n2w_fifo.dp_gt_0.vld_dfflr.qout_r$_DFFE_PN0P_/D
211	-0.9679	dbg_mode	u_eI_cpu.u_eJ_core.u_eK_exu.u_eL_exu_csr.badaddr_dfflr.qout_r[M]	dbg_mode	u_e203_cpu.u_e203_core.u_e203_exu.u_e203_exu_csr.badaddr_dfflr.qout_r[23]$_DFFE_PN0P_/D
212	-0.9669	u_eI_cpu.u_eJ_dtcm_ctrl.u_dtcm_icb_arbt.arbt_num_gt_K_gen.dp_L.u_sirv_gnrl_rspid_fifo.dp_gt_M.dat_dfflr.qout_r	extIitcm_icb_cmd_ready	u_e203_cpu.u_e203_dtcm_ctrl.u_dtcm_icb_arbt.arbt_num_gt_1_gen.dp_1.u_sirv_gnrl_rspid_fifo.dp_gt_0.dat_dfflr.qout_r$_DFFE_PP_/Q	ext2itcm_icb_cmd_ready
213	-0.9666	dbg_mode	u_eI_cpu.u_eJ_core.u_eK_ifu.u_eL_ifu_ifetch.ifu_pc_dfflr.qout_r[M]	dbg_mode	u_e203_cpu.u_e203_core.u_e203_ifu.u_e203_ifu_ifetch.ifu_pc_dfflr.qout_r[10]$_DFFE_PN0P_/D
214	-0.9626	u_eI_cpu.u_eJ_irq_sync.master_gen.u_tmr_irq_sync.sync_gen[K].i_is_not_L.sync_dffr.qout_r	extIitcm_icb_cmd_ready	u_e203_cpu.u_e203_irq_sync.master_gen.u_tmr_irq_sync.sync_gen[1].i_is_not_0.sync_dffr.qout_r$_DFF_PN0_/Q	ext2itcm_icb_cmd_ready
215	-0.9620	dbg_halt_r	u_eI_cpu.u_eJ_core.u_eK_exu.u_eL_exu_alu.u_eM_exu_alu_dpath.sbf_N_dffl.qout_r[O]	dbg_halt_r	u_e203_cpu.u_e203_core.u_e203_exu.u_e203_exu_alu.u_e203_exu_alu_dpath.sbf_1_dffl.qout_r[11]$_DFFE_PP_/D
216	-0.9597	dbg_mode	u_eI_cpu.u_eJ_core.u_eK_exu.u_eL_exu_regfile.regfile[M].rfnoN.rf_dffl.qout_r[O]	dbg_mode	u_e203_cpu.u_e203_core.u_e203_exu.u_e203_exu_regfile.regfile[10].rfno0.rf_dffl.qout_r[24]$_DFFE_PP_/D
217	-0.9591	dbg_step_r	u_eI_cpu.u_eJ_dtcm_ctrl.u_sram_icb_ctrl.u_byp_icb_cmd_buf.u_bypbuf_fifo.dp_gtK.vec_L_dfflr.qout_r	dbg_step_r	u_e203_cpu.u_e203_dtcm_ctrl.u_sram_icb_ctrl.u_byp_icb_cmd_buf.u_bypbuf_fifo.dp_gt0.vec_31_dfflr.qout_r$_DFFE_PN0P_/D
218	-0.9561	u_eI_cpu.u_eJ_core.u_eK_exu.u_eL_exu_alu.u_eM_exu_alu_lsuagu.icb_state_dfflr.qout_r[N]	extIdtcm_icb_cmd_ready	u_e203_cpu.u_e203_core.u_e203_exu.u_e203_exu_alu.u_e203_exu_alu_lsuagu.icb_state_dfflr.qout_r[0]$_DFFE_PN0P_/Q	ext2dtcm_icb_cmd_ready
219	-0.9543	u_eI_cpu.u_eJ_irq_sync.master_gen.u_sft_irq_sync.sync_gen[K].i_is_not_L.sync_dffr.qout_r	extIitcm_icb_cmd_ready	u_e203_cpu.u_e203_irq_sync.master_gen.u_sft_irq_sync.sync_gen[1].i_is_not_0.sync_dffr.qout_r$_DFF_PN0_/Q	ext2itcm_icb_cmd_ready
220	-0.9541	u_eI_cpu.u_eJ_core.u_eK_exu.u_eL_exu_oitf.depth_gtM.alc_ptr_dfflrs.qout_r	extIdtcm_icb_cmd_ready	u_e203_cpu.u_e203_core.u_e203_exu.u_e203_exu_oitf.depth_gt1.alc_ptr_dfflrs.qout_r$_DFFE_PN0P_/Q	ext2dtcm_icb_cmd_ready
221	-0.9540	dbg_step_r	u_eI_cpu.u_eJ_core.u_eK_lsu.u_eL_lsu_ctrl.u_eM_lsu_splt_stage.dp_gt_N.dat_dfflr.qout_r[O]	dbg_step_r	u_e203_cpu.u_e203_core.u_e203_lsu.u_e203_lsu_ctrl.u_e203_lsu_splt_stage.dp_gt_0.dat_dfflr.qout_r[39]$_DFFE_PP_/D
222	-0.9536	u_eI_cpu.u_eJ_core.u_eK_lsu.u_eL_lsu_ctrl.u_lsu_icb_arbt.arbt_num_gt_M_gen.dp_N.u_sirv_gnrl_rspid_fifo.dp_gt_O.vld_dfflr.qout_r	extIitcm_icb_cmd_ready	u_e203_cpu.u_e203_core.u_e203_lsu.u_e203_lsu_ctrl.u_lsu_icb_arbt.arbt_num_gt_1_gen.dp_1.u_sirv_gnrl_rspid_fifo.dp_gt_0.vld_dfflr.qout_r$_DFFE_PN0P_/Q	ext2itcm_icb_cmd_ready
223	-0.9521	dbg_step_r	u_eI_cpu.u_eJ_itcm_ctrl.u_itcm_icb_arbt.arbt_num_gt_K_gen.dp_L.u_sirv_gnrl_rspid_fifo.dp_gt_M.dat_dfflr.qout_r	dbg_step_r	u_e203_cpu.u_e203_itcm_ctrl.u_itcm_icb_arbt.arbt_num_gt_1_gen.dp_1.u_sirv_gnrl_rspid_fifo.dp_gt_0.dat_dfflr.qout_r$_DFFE_PP_/D
224	-0.9495	u_eI_cpu.u_eJ_itcm_ctrl.u_itcm_icb_arbt.arbt_num_gt_K_gen.dp_L.u_sirv_gnrl_rspid_fifo.dp_gt_M.vld_dfflr.qout_r	extIdtcm_icb_cmd_ready	u_e203_cpu.u_e203_itcm_ctrl.u_itcm_icb_arbt.arbt_num_gt_1_gen.dp_1.u_sirv_gnrl_rspid_fifo.dp_gt_0.vld_dfflr.qout_r$_DFFE_PN0P_/Q	ext2dtcm_icb_cmd_ready
225	-0.9490	u_eI_cpu.u_eJ_irq_sync.master_gen.u_ext_irq_sync.sync_gen[K].i_is_not_L.sync_dffr.qout_r	extIitcm_icb_cmd_ready	u_e203_cpu.u_e203_irq_sync.master_gen.u_ext_irq_sync.sync_gen[1].i_is_not_0.sync_dffr.qout_r$_DFF_PN0_/Q	ext2itcm_icb_cmd_ready
226	-0.9465	dbg_step_r	u_eI_cpu.u_eJ_core.u_eK_lsu.u_eL_lsu_ctrl.excl_addr_dffl.qout_r[M]	dbg_step_r	u_e203_cpu.u_e203_core.u_e203_lsu.u_e203_lsu_ctrl.excl_addr_dffl.qout_r[19]$_DFFE_PN0P_/D
227	-0.9461	u_eI_cpu.u_eJ_core.u_eK_lsu.u_eL_lsu_ctrl.u_eM_lsu_splt_stage.dp_gt_N.dat_dfflr.qout_r[O]	extIdtcm_icb_cmd_ready	u_e203_cpu.u_e203_core.u_e203_lsu.u_e203_lsu_ctrl.u_e203_lsu_splt_stage.dp_gt_0.dat_dfflr.qout_r[43]$_DFFE_PP_/Q	ext2dtcm_icb_cmd_ready
228	-0.9452	u_eI_cpu.u_eJ_core.u_eK_biu.u_biu_icb_arbt.arbt_num_gt_L_gen.dp_M.u_sirv_gnrl_rspid_fifo.dp_gt_N.vld_dfflr.qout_r	extIdtcm_icb_cmd_ready	u_e203_cpu.u_e203_core.u_e203_biu.u_biu_icb_arbt.arbt_num_gt_1_gen.dp_1.u_sirv_gnrl_rspid_fifo.dp_gt_0.vld_dfflr.qout_r$_DFFE_PN0P_/Q	ext2dtcm_icb_cmd_ready
229	-0.9444	u_eI_cpu.u_eJ_core.u_eK_biu.u_sirv_gnrl_icb_buffer.u_sirv_gnrl_rsp_fifo.dp_gtL.vec_M_dfflr.qout_r	extIdtcm_icb_cmd_ready	u_e203_cpu.u_e203_core.u_e203_biu.u_sirv_gnrl_icb_buffer.u_sirv_gnrl_rsp_fifo.dp_gt0.vec_31_dfflr.qout_r$_DFFE_PN0P_/Q	ext2dtcm_icb_cmd_ready
230	-0.9410	dbg_halt_r	u_eI_cpu.u_eJ_core.u_eK_exu.u_eL_exu_alu.u_eM_exu_alu_dpath.sbf_N_dffl.qout_r[O]	dbg_halt_r	u_e203_cpu.u_e203_core.u_e203_exu.u_e203_exu_alu.u_e203_exu_alu_dpath.sbf_1_dffl.qout_r[32]$_SDFFCE_PN0P_/D
231	-0.9401	u_eI_cpu.u_eJ_core.u_eK_lsu.u_eL_lsu_ctrl.u_lsu_icb_arbt.arbt_num_gt_M_gen.dp_N.u_sirv_gnrl_rspid_fifo.dp_gt_O.dat_dfflr.qout_r	extIitcm_icb_cmd_ready	u_e203_cpu.u_e203_core.u_e203_lsu.u_e203_lsu_ctrl.u_lsu_icb_arbt.arbt_num_gt_1_gen.dp_1.u_sirv_gnrl_rspid_fifo.dp_gt_0.dat_dfflr.qout_r$_DFFE_PP_/Q	ext2itcm_icb_cmd_ready
232	-0.9398	dbg_halt_r	u_eI_cpu.u_eJ_core.u_eK_ifu.u_eL_ifu_ifetch.ir_valid_dfflr.qout_r	dbg_halt_r	u_e203_cpu.u_e203_core.u_e203_ifu.u_e203_ifu_ifetch.ir_valid_dfflr.qout_r$_DFFE_PN0P_/D
233	-0.9366	u_eI_cpu.u_eJ_core.u_eK_exu.u_eL_exu_oitf.depth_gtM.ret_ptr_dfflrs.qout_r	extIdtcm_icb_cmd_ready	u_e203_cpu.u_e203_core.u_e203_exu.u_e203_exu_oitf.depth_gt1.ret_ptr_dfflrs.qout_r$_DFFE_PN0P_/Q	ext2dtcm_icb_cmd_ready
234	-0.9357	dbg_step_r	u_eI_cpu.u_eJ_itcm_ctrl.u_itcm_icb_lsuKitcm_nLw.fifo_dp_M.u_sirv_gnrl_nNw_fifo.dp_gt_O.vld_dfflr.qout_r	dbg_step_r	u_e203_cpu.u_e203_itcm_ctrl.u_itcm_icb_lsu2itcm_n2w.fifo_dp_1.u_sirv_gnrl_n2w_fifo.dp_gt_0.vld_dfflr.qout_r$_DFFE_PN0P_/D
235	-0.9341	dbg_mode	u_eI_cpu.u_eJ_core.u_eK_ifu.u_eL_ifu_ifetch.ir_pc_vld_dfflr.qout_r	dbg_mode	u_e203_cpu.u_e203_core.u_e203_ifu.u_e203_ifu_ifetch.ir_pc_vld_dfflr.qout_r$_DFFE_PN0P_/D
236	-0.9341	dbg_step_r	u_eI_cpu.u_eJ_core.u_eK_exu.u_eL_exu_alu.u_eM_exu_alu_muldiv.part_remd_sftN_dfflr.qout_r	dbg_step_r	u_e203_cpu.u_e203_core.u_e203_exu.u_e203_exu_alu.u_e203_exu_alu_muldiv.part_remd_sft1_dfflr.qout_r$_DFFE_PN0P_/D
237	-0.9328	u_eI_cpu.u_eJ_dtcm_ctrl.u_dtcm_icb_arbt.arbt_num_gt_K_gen.dp_L.u_sirv_gnrl_rspid_fifo.dp_gt_M.vld_dfflr.qout_r	extIdtcm_icb_cmd_ready	u_e203_cpu.u_e203_dtcm_ctrl.u_dtcm_icb_arbt.arbt_num_gt_1_gen.dp_1.u_sirv_gnrl_rspid_fifo.dp_gt_0.vld_dfflr.qout_r$_DFFE_PN0P_/Q	ext2dtcm_icb_cmd_ready
238	-0.9320	u_eI_cpu.u_eJ_dtcm_ctrl.u_sram_icb_ctrl.u_sirv_Kcyc_sram_ctrl.u_eL_stage.dp_gt_M.vld_dfflr.qout_r	extIdtcm_icb_cmd_ready	u_e203_cpu.u_e203_dtcm_ctrl.u_sram_icb_ctrl.u_sirv_1cyc_sram_ctrl.u_e1_stage.dp_gt_0.vld_dfflr.qout_r$_DFFE_PN0P_/Q	ext2dtcm_icb_cmd_ready
239	-0.9316	dbg_halt_r	u_eI_srams.u_eJ_itcm_ram.u_eK_itcm_gnrl_ram.u_sirv_sim_ram.mem_r[L][M]	dbg_halt_r	u_e203_srams.u_e203_itcm_ram.u_e203_itcm_gnrl_ram.u_sirv_sim_ram.mem_r[0][32]$_DFFE_PP_/D
240	-0.9316	dbg_step_r	u_eI_cpu.u_eJ_core.u_eK_exu.u_eL_exu_alu.u_eM_exu_alu_muldiv.part_prdt_sftN_dfflr.qout_r	dbg_step_r	u_e203_cpu.u_e203_core.u_e203_exu.u_e203_exu_alu.u_e203_exu_alu_muldiv.part_prdt_sft1_dfflr.qout_r$_DFFE_PN0P_/D
241	-0.9302	u_eI_cpu.u_eJ_core.u_eK_exu.u_eL_exu_oitf.depth_gtM.alc_ptr_flg_dfflrs.qout_r	extIdtcm_icb_cmd_ready	u_e203_cpu.u_e203_core.u_e203_exu.u_e203_exu_oitf.depth_gt1.alc_ptr_flg_dfflrs.qout_r$_DFFE_PN0P_/Q	ext2dtcm_icb_cmd_ready
242	-0.9295	dbg_mode	u_eI_cpu.u_eJ_core.u_eK_exu.u_eL_exu_alu.u_eM_exu_alu_muldiv.exec_cnt_dfflr.qout_r[N]	dbg_mode	u_e203_cpu.u_e203_core.u_e203_exu.u_e203_exu_alu.u_e203_exu_alu_muldiv.exec_cnt_dfflr.qout_r[1]$_DFFE_PN0P_/D
243	-0.9283	u_eI_cpu.u_eJ_core.u_eK_exu.u_eL_exu_oitf.depth_gtM.ret_ptr_flg_dfflrs.qout_r	extIdtcm_icb_cmd_ready	u_e203_cpu.u_e203_core.u_e203_exu.u_e203_exu_oitf.depth_gt1.ret_ptr_flg_dfflrs.qout_r$_DFFE_PN0P_/Q	ext2dtcm_icb_cmd_ready
244	-0.9265	dbg_step_r	u_eI_cpu.u_eJ_core.u_eK_lsu.u_eL_lsu_ctrl.excl_flg_dffl.qout_r	dbg_step_r	u_e203_cpu.u_e203_core.u_e203_lsu.u_e203_lsu_ctrl.excl_flg_dffl.qout_r$_DFFE_PN0P_/D
245	-0.9234	u_eI_cpu.u_eJ_itcm_ctrl.u_itcm_icb_arbt.arbt_num_gt_K_gen.dp_L.u_sirv_gnrl_rspid_fifo.dp_gt_M.dat_dfflr.qout_r	extIdtcm_icb_cmd_ready	u_e203_cpu.u_e203_itcm_ctrl.u_itcm_icb_arbt.arbt_num_gt_1_gen.dp_1.u_sirv_gnrl_rspid_fifo.dp_gt_0.dat_dfflr.qout_r$_DFFE_PP_/Q	ext2dtcm_icb_cmd_ready
246	-0.9232	u_eI_cpu.u_eJ_core.u_eK_ifu.u_eL_ifu_ifetch.ifu_lo_ir_dfflr.qout_r[M]	cmt_dcause_ena	u_e203_cpu.u_e203_core.u_e203_ifu.u_e203_ifu_ifetch.ifu_lo_ir_dfflr.qout_r[11]$_DFFE_PN0P_/Q	cmt_dcause_ena
247	-0.9200	dbg_halt_r	u_eI_cpu.u_eJ_core.u_eK_ifu.u_eL_ifu_iftMicb.u_eN_ifetch_rsp_bypbuf.u_bypbuf_fifo.dp_gtO.vec_P_dfflr.qout_r	dbg_halt_r	u_e203_cpu.u_e203_core.u_e203_ifu.u_e203_ifu_ift2icb.u_e203_ifetch_rsp_bypbuf.u_bypbuf_fifo.dp_gt0.vec_31_dfflr.qout_r$_DFFE_PN0P_/D
248	-0.9197	dbg_step_r	u_eI_cpu.u_eJ_clk_ctrl.dtcm_active_dffr.qout_r	dbg_step_r	u_e203_cpu.u_e203_clk_ctrl.dtcm_active_dffr.qout_r$_DFF_PN0_/D
249	-0.9189	u_eI_cpu.u_eJ_core.u_eK_biu.u_biu_icb_arbt.arbt_num_gt_L_gen.dp_M.u_sirv_gnrl_rspid_fifo.dp_gt_N.dat_dfflr.qout_r	extIdtcm_icb_cmd_ready	u_e203_cpu.u_e203_core.u_e203_biu.u_biu_icb_arbt.arbt_num_gt_1_gen.dp_1.u_sirv_gnrl_rspid_fifo.dp_gt_0.dat_dfflr.qout_r$_DFFE_PP_/Q	ext2dtcm_icb_cmd_ready
250	-0.9188	dbg_halt_r	u_eI_cpu.u_eJ_dtcm_ctrl.u_sram_icb_ctrl.u_byp_icb_cmd_buf.u_bypbuf_fifo.dp_gtK.fifo_rf[L].fifo_rf_dffl.qout_r[M]	dbg_halt_r	u_e203_cpu.u_e203_dtcm_ctrl.u_sram_icb_ctrl.u_byp_icb_cmd_buf.u_bypbuf_fifo.dp_gt0.fifo_rf[0].fifo_rf_dffl.qout_r[18]$_DFFE_PP_/D
251	-0.9141	u_eI_cpu.u_eJ_core.u_eK_exu.u_eL_exu_regfile.regfile[M].rfnoN.rf_dffl.qout_r[O]	extIdtcm_icb_cmd_ready	u_e203_cpu.u_e203_core.u_e203_exu.u_e203_exu_regfile.regfile[6].rfno0.rf_dffl.qout_r[31]$_DFFE_PP_/Q	ext2dtcm_icb_cmd_ready
252	-0.9139	u_eI_cpu.u_eJ_core.u_eK_ifu.u_eL_ifu_ifetch.ifu_lo_ir_dfflr.qout_r[M]	cmt_dcause[I]	u_e203_cpu.u_e203_core.u_e203_ifu.u_e203_ifu_ifetch.ifu_lo_ir_dfflr.qout_r[11]$_DFFE_PN0P_/Q	cmt_dcause[1]
253	-0.9099	u_eI_cpu.u_eJ_itcm_ctrl.u_sram_icb_ctrl.u_sirv_Kcyc_sram_ctrl.u_eL_stage.dp_gt_M.dat_dfflr.qout_r[N]	extIdtcm_icb_cmd_ready	u_e203_cpu.u_e203_itcm_ctrl.u_sram_icb_ctrl.u_sirv_1cyc_sram_ctrl.u_e1_stage.dp_gt_0.dat_dfflr.qout_r[1]$_DFFE_PP_/QN	ext2dtcm_icb_cmd_ready
254	-0.9083	u_eI_cpu.u_eJ_core.u_eK_ifu.u_eL_ifu_ifetch.ifu_lo_ir_dfflr.qout_r[M]	core_wfi	u_e203_cpu.u_e203_core.u_e203_ifu.u_e203_ifu_ifetch.ifu_lo_ir_dfflr.qout_r[11]$_DFFE_PN0P_/Q	core_wfi
255	-0.9059	dbg_step_r	u_eI_cpu.u_eJ_core.u_eK_exu.u_eL_exu_csr.minstret_dfflr.qout_r[M]	dbg_step_r	u_e203_cpu.u_e203_core.u_e203_exu.u_e203_exu_csr.minstret_dfflr.qout_r[31]$_DFFE_PN0P_/D
256	-0.9052	dbg_mode	u_eI_cpu.u_eJ_core.u_eK_exu.u_eL_exu_csr.cause_dfflr.qout_r[M]	dbg_mode	u_e203_cpu.u_e203_core.u_e203_exu.u_e203_exu_csr.cause_dfflr.qout_r[3]$_DFFE_PN0P_/D
257	-0.9043	dbg_step_r	u_eI_cpu.u_eJ_core.u_eK_exu.u_eL_exu_oitf.oitf_entries[M].rdidx_dfflrs.qout_r[N]	dbg_step_r	u_e203_cpu.u_e203_core.u_e203_exu.u_e203_exu_oitf.oitf_entries[1].rdidx_dfflrs.qout_r[3]$_DFFE_PP_/D
258	-0.9043	dbg_step_r	u_eI_cpu.u_eJ_core.u_eK_exu.u_eL_exu_oitf.oitf_entries[M].pc_dfflrs.qout_r[N]	dbg_step_r	u_e203_cpu.u_e203_core.u_e203_exu.u_e203_exu_oitf.oitf_entries[1].pc_dfflrs.qout_r[26]$_DFFE_PP_/D
259	-0.9038	dbg_mode	u_eI_cpu.u_eJ_core.u_eK_exu.u_eL_exu_csr.epc_dfflr.qout_r[M]	dbg_mode	u_e203_cpu.u_e203_core.u_e203_exu.u_e203_exu_csr.epc_dfflr.qout_r[29]$_DFFE_PN0P_/D
260	-0.9002	dbg_mode	u_eI_cpu.u_eJ_core.u_eK_exu.u_eL_exu_alu.u_eM_exu_alu_muldiv.muldiv_state_dfflr.qout_r[N]	dbg_mode	u_e203_cpu.u_e203_core.u_e203_exu.u_e203_exu_alu.u_e203_exu_alu_muldiv.muldiv_state_dfflr.qout_r[1]$_DFFE_PN0P_/D
261	-0.8992	dbg_step_r	u_eI_cpu.u_eJ_dtcm_ctrl.u_dtcm_icb_arbt.arbt_num_gt_K_gen.dp_L.u_sirv_gnrl_rspid_fifo.dp_gt_M.vld_dfflr.qout_r	dbg_step_r	u_e203_cpu.u_e203_dtcm_ctrl.u_dtcm_icb_arbt.arbt_num_gt_1_gen.dp_1.u_sirv_gnrl_rspid_fifo.dp_gt_0.vld_dfflr.qout_r$_DFFE_PN0P_/D
262	-0.8980	u_eI_cpu.u_eJ_core.u_eK_exu.u_eL_exu_csr.mie_dfflr.qout_r[M]	extIdtcm_icb_cmd_ready	u_e203_cpu.u_e203_core.u_e203_exu.u_e203_exu_csr.mie_dfflr.qout_r[7]$_DFFE_PN0P_/Q	ext2dtcm_icb_cmd_ready
263	-0.8960	dbg_halt_r	u_eI_srams.u_eJ_dtcm_ram.u_eK_dtcm_gnrl_ram.u_sirv_sim_ram.mem_r[L][M]	dbg_halt_r	u_e203_srams.u_e203_dtcm_ram.u_e203_dtcm_gnrl_ram.u_sirv_sim_ram.mem_r[0][0]$_DFFE_PP_/D
264	-0.8874	u_eI_cpu.u_eJ_core.u_eK_ifu.u_eL_ifu_ifetch.ifu_hi_ir_dfflr.qout_r[M]	cmt_dcause_ena	u_e203_cpu.u_e203_core.u_e203_ifu.u_e203_ifu_ifetch.ifu_hi_ir_dfflr.qout_r[15]$_DFFE_PN0P_/Q	cmt_dcause_ena
265	-0.8867	dbg_mode	u_eI_cpu.u_eJ_core.u_eK_exu.u_eL_exu_alu.u_eM_exu_nice.u_nice_itag_fifo.dp_gtN.vec_O_dfflr.qout_r[P]	dbg_mode	u_e203_cpu.u_e203_core.u_e203_exu.u_e203_exu_alu.u_e203_exu_nice.u_nice_itag_fifo.dp_gt0.vec_31_dfflr.qout_r[1]$_DFFE_PN0P_/D
266	-0.8809	dbg_step_r	u_eI_cpu.u_eJ_dtcm_ctrl.u_sram_icb_ctrl.u_sirv_Kcyc_sram_ctrl.u_eL_stage.dp_gt_M.vld_dfflr.qout_r	dbg_step_r	u_e203_cpu.u_e203_dtcm_ctrl.u_sram_icb_ctrl.u_sirv_1cyc_sram_ctrl.u_e1_stage.dp_gt_0.vld_dfflr.qout_r$_DFFE_PN0P_/D
267	-0.8794	u_eI_cpu.u_eJ_core.u_eK_ifu.u_eL_ifu_ifetch.ifu_lo_ir_dfflr.qout_r[M]	cmt_dpc_ena	u_e203_cpu.u_e203_core.u_e203_ifu.u_e203_ifu_ifetch.ifu_lo_ir_dfflr.qout_r[11]$_DFFE_PN0P_/Q	cmt_dpc_ena
268	-0.8788	u_eI_cpu.u_eJ_dtcm_ctrl.u_dtcm_icb_arbt.arbt_num_gt_K_gen.dp_L.u_sirv_gnrl_rspid_fifo.dp_gt_M.dat_dfflr.qout_r	extIdtcm_icb_cmd_ready	u_e203_cpu.u_e203_dtcm_ctrl.u_dtcm_icb_arbt.arbt_num_gt_1_gen.dp_1.u_sirv_gnrl_rspid_fifo.dp_gt_0.dat_dfflr.qout_r$_DFFE_PP_/Q	ext2dtcm_icb_cmd_ready
269	-0.8782	u_eI_cpu.u_eJ_core.u_eK_exu.u_eL_exu_alu.u_eM_exu_alu_muldiv.muldiv_state_dfflr.qout_r[N]	extIitcm_icb_cmd_ready	u_e203_cpu.u_e203_core.u_e203_exu.u_e203_exu_alu.u_e203_exu_alu_muldiv.muldiv_state_dfflr.qout_r[1]$_DFFE_PN0P_/Q	ext2itcm_icb_cmd_ready
270	-0.8782	u_eI_cpu.u_eJ_core.u_eK_ifu.u_eL_ifu_ifetch.ifu_hi_ir_dfflr.qout_r[M]	cmt_dcause[I]	u_e203_cpu.u_e203_core.u_e203_ifu.u_e203_ifu_ifetch.ifu_hi_ir_dfflr.qout_r[15]$_DFFE_PN0P_/Q	cmt_dcause[1]
271	-0.8766	dbg_step_r	u_eI_cpu.u_eJ_core.u_eK_exu.u_eL_exu_oitf.depth_gtM.alc_ptr_dfflrs.qout_r	dbg_step_r	u_e203_cpu.u_e203_core.u_e203_exu.u_e203_exu_oitf.depth_gt1.alc_ptr_dfflrs.qout_r$_DFFE_PN0P_/D
272	-0.8765	dbg_halt_r	u_eI_cpu.u_eJ_dtcm_ctrl.u_sram_icb_ctrl.u_byp_icb_cmd_buf.u_bypbuf_fifo.dp_gtK.vec_L_dfflrs.qout_r	dbg_halt_r	u_e203_cpu.u_e203_dtcm_ctrl.u_sram_icb_ctrl.u_byp_icb_cmd_buf.u_bypbuf_fifo.dp_gt0.vec_0_dfflrs.qout_r$_DFFE_PN1P_/D
273	-0.8746	u_eI_cpu.u_eJ_irq_sync.master_gen.u_tmr_irq_sync.sync_gen[K].i_is_not_L.sync_dffr.qout_r	extIdtcm_icb_cmd_ready	u_e203_cpu.u_e203_irq_sync.master_gen.u_tmr_irq_sync.sync_gen[1].i_is_not_0.sync_dffr.qout_r$_DFF_PN0_/Q	ext2dtcm_icb_cmd_ready
274	-0.8731	dbg_step_r	u_eI_cpu.u_eJ_core.u_eK_exu.u_eL_exu_oitf.oitf_entries[M].vld_dfflrs.qout_r	dbg_step_r	u_e203_cpu.u_e203_core.u_e203_exu.u_e203_exu_oitf.oitf_entries[1].vld_dfflrs.qout_r$_DFFE_PN0P_/D
275	-0.8726	dbg_mode	u_eI_cpu.u_eJ_core.u_eK_exu.u_eL_exu_alu.u_eM_exu_alu_muldiv.flushed_dfflr.qout_r	dbg_mode	u_e203_cpu.u_e203_core.u_e203_exu.u_e203_exu_alu.u_e203_exu_alu_muldiv.flushed_dfflr.qout_r$_DFFE_PN0P_/D
276	-0.8725	u_eI_cpu.u_eJ_core.u_eK_ifu.u_eL_ifu_ifetch.ifu_hi_ir_dfflr.qout_r[M]	core_wfi	u_e203_cpu.u_e203_core.u_e203_ifu.u_e203_ifu_ifetch.ifu_hi_ir_dfflr.qout_r[15]$_DFFE_PN0P_/Q	core_wfi
277	-0.8724	dbg_mode	u_eI_cpu.u_eJ_core.u_eK_lsu.u_eL_lsu_ctrl.u_lsu_icb_arbt.arbt_num_gt_M_gen.dp_N.u_sirv_gnrl_rspid_fifo.dp_gt_O.dat_dfflr.qout_r	dbg_mode	u_e203_cpu.u_e203_core.u_e203_lsu.u_e203_lsu_ctrl.u_lsu_icb_arbt.arbt_num_gt_1_gen.dp_1.u_sirv_gnrl_rspid_fifo.dp_gt_0.dat_dfflr.qout_r$_DFFE_PP_/D
278	-0.8713	dbg_step_r	u_eI_cpu.u_eJ_dtcm_ctrl.u_sram_icb_ctrl.u_sirv_Kcyc_sram_ctrl.u_ram_clkgate.enb	dbg_step_r	u_e203_cpu.u_e203_dtcm_ctrl.u_sram_icb_ctrl.u_sirv_1cyc_sram_ctrl.u_ram_clkgate.enb$_DLATCH_N_/D
279	-0.8689	u_eI_cpu.u_eJ_core.u_eK_exu.u_eL_exu_commit.u_eM_exu_excp.step_req_dfflr.qout_r	extIitcm_icb_cmd_ready	u_e203_cpu.u_e203_core.u_e203_exu.u_e203_exu_commit.u_e203_exu_excp.step_req_dfflr.qout_r$_DFFE_PN0P_/Q	ext2itcm_icb_cmd_ready
280	-0.8672	dbg_step_r	u_eI_cpu.u_eJ_dtcm_ctrl.u_dtcm_icb_arbt.arbt_num_gt_K_gen.dp_L.u_sirv_gnrl_rspid_fifo.dp_gt_M.dat_dfflr.qout_r	dbg_step_r	u_e203_cpu.u_e203_dtcm_ctrl.u_dtcm_icb_arbt.arbt_num_gt_1_gen.dp_1.u_sirv_gnrl_rspid_fifo.dp_gt_0.dat_dfflr.qout_r$_DFFE_PP_/D
281	-0.8662	u_eI_cpu.u_eJ_irq_sync.master_gen.u_sft_irq_sync.sync_gen[K].i_is_not_L.sync_dffr.qout_r	extIdtcm_icb_cmd_ready	u_e203_cpu.u_e203_irq_sync.master_gen.u_sft_irq_sync.sync_gen[1].i_is_not_0.sync_dffr.qout_r$_DFF_PN0_/Q	ext2dtcm_icb_cmd_ready
282	-0.8656	u_eI_cpu.u_eJ_core.u_eK_lsu.u_eL_lsu_ctrl.u_lsu_icb_arbt.arbt_num_gt_M_gen.dp_N.u_sirv_gnrl_rspid_fifo.dp_gt_O.vld_dfflr.qout_r	extIdtcm_icb_cmd_ready	u_e203_cpu.u_e203_core.u_e203_lsu.u_e203_lsu_ctrl.u_lsu_icb_arbt.arbt_num_gt_1_gen.dp_1.u_sirv_gnrl_rspid_fifo.dp_gt_0.vld_dfflr.qout_r$_DFFE_PN0P_/Q	ext2dtcm_icb_cmd_ready
283	-0.8623	dbg_step_r	u_eI_cpu.u_eJ_itcm_ctrl.u_itcm_icb_arbt.arbt_num_gt_K_gen.dp_L.u_sirv_gnrl_rspid_fifo.dp_gt_M.vld_dfflr.qout_r	dbg_step_r	u_e203_cpu.u_e203_itcm_ctrl.u_itcm_icb_arbt.arbt_num_gt_1_gen.dp_1.u_sirv_gnrl_rspid_fifo.dp_gt_0.vld_dfflr.qout_r$_DFFE_PN0P_/D
284	-0.8610	u_eI_cpu.u_eJ_irq_sync.master_gen.u_ext_irq_sync.sync_gen[K].i_is_not_L.sync_dffr.qout_r	extIdtcm_icb_cmd_ready	u_e203_cpu.u_e203_irq_sync.master_gen.u_ext_irq_sync.sync_gen[1].i_is_not_0.sync_dffr.qout_r$_DFF_PN0_/Q	ext2dtcm_icb_cmd_ready
285	-0.8553	dbg_mode	u_eI_cpu.u_eJ_core.u_eK_exu.u_eL_exu_csr.mcycle_dfflr.qout_r[M]	dbg_mode	u_e203_cpu.u_e203_core.u_e203_exu.u_e203_exu_csr.mcycle_dfflr.qout_r[27]$_DFFE_PN0P_/D
286	-0.8531	dbg_mode	u_eI_cpu.u_eJ_core.u_eK_ifu.u_eL_ifu_ifetch.u_eM_ifu_litebpu.rsNxn_rdrf_dfflrs.qout_r	dbg_mode	u_e203_cpu.u_e203_core.u_e203_ifu.u_e203_ifu_ifetch.u_e203_ifu_litebpu.rs1xn_rdrf_dfflrs.qout_r$_DFFE_PN0P_/D
287	-0.8528	dbg_step_r	u_eI_cpu.u_eJ_core.u_eK_exu.u_eL_exu_alu.u_eM_exu_alu_lsuagu.icb_state_dfflr.qout_r[N]	dbg_step_r	u_e203_cpu.u_e203_core.u_e203_exu.u_e203_exu_alu.u_e203_exu_alu_lsuagu.icb_state_dfflr.qout_r[1]$_DFFE_PN0P_/D
288	-0.8527	dbg_mode	u_eI_cpu.u_eJ_core.u_eK_exu.u_eL_exu_alu.u_eM_exu_alu_lsuagu.unalgn_flg_dffl.qout_r	dbg_mode	u_e203_cpu.u_e203_core.u_e203_exu.u_e203_exu_alu.u_e203_exu_alu_lsuagu.unalgn_flg_dffl.qout_r$_DFFE_PN0P_/D
289	-0.8525	u_eI_cpu.u_eJ_core.u_eK_exu.u_eL_exu_csr.status_mie_dfflr.qout_r	extIitcm_icb_cmd_ready	u_e203_cpu.u_e203_core.u_e203_exu.u_e203_exu_csr.status_mie_dfflr.qout_r$_DFFE_PN0P_/QN	ext2itcm_icb_cmd_ready
290	-0.8521	u_eI_cpu.u_eJ_core.u_eK_lsu.u_eL_lsu_ctrl.u_lsu_icb_arbt.arbt_num_gt_M_gen.dp_N.u_sirv_gnrl_rspid_fifo.dp_gt_O.dat_dfflr.qout_r	extIdtcm_icb_cmd_ready	u_e203_cpu.u_e203_core.u_e203_lsu.u_e203_lsu_ctrl.u_lsu_icb_arbt.arbt_num_gt_1_gen.dp_1.u_sirv_gnrl_rspid_fifo.dp_gt_0.dat_dfflr.qout_r$_DFFE_PP_/Q	ext2dtcm_icb_cmd_ready
291	-0.8508	u_eI_cpu.u_eJ_core.u_eK_biu.u_sirv_gnrl_icb_buffer.u_sirv_gnrl_rsp_fifo.dp_gtL.fifo_rf[M].fifo_rf_dffl.qout_r[N]	extIitcm_icb_cmd_ready	u_e203_cpu.u_e203_core.u_e203_biu.u_sirv_gnrl_icb_buffer.u_sirv_gnrl_rsp_fifo.dp_gt0.fifo_rf[0].fifo_rf_dffl.qout_r[34]$_DFFE_PP_/Q	ext2itcm_icb_cmd_ready
292	-0.8488	dbg_step_r	u_eI_cpu.u_eJ_core.u_eK_exu.u_eL_exu_oitf.depth_gtM.alc_ptr_flg_dfflrs.qout_r	dbg_step_r	u_e203_cpu.u_e203_core.u_e203_exu.u_e203_exu_oitf.depth_gt1.alc_ptr_flg_dfflrs.qout_r$_DFFE_PN0P_/D
293	-0.8485	dbg_step_r	u_eI_cpu.u_eJ_core.u_eK_exu.u_eL_exu_oitf.oitf_entries[M].rdwen_dfflrs.qout_r	dbg_step_r	u_e203_cpu.u_e203_core.u_e203_exu.u_e203_exu_oitf.oitf_entries[1].rdwen_dfflrs.qout_r$_DFFE_PP_/D
294	-0.8464	dbg_halt_r	u_eI_cpu.u_eJ_itcm_ctrl.u_itcm_icb_extKitcm_nLw.fifo_dp_M.u_sirv_gnrl_nNw_fifo.dp_gt_O.dat_dfflr.qout_r	dbg_halt_r	u_e203_cpu.u_e203_itcm_ctrl.u_itcm_icb_ext2itcm_n2w.fifo_dp_1.u_sirv_gnrl_n2w_fifo.dp_gt_0.dat_dfflr.qout_r$_DFFE_PP_/D
295	-0.8437	u_eI_cpu.u_eJ_core.u_eK_ifu.u_eL_ifu_ifetch.ifu_hi_ir_dfflr.qout_r[M]	cmt_dpc_ena	u_e203_cpu.u_e203_core.u_e203_ifu.u_e203_ifu_ifetch.ifu_hi_ir_dfflr.qout_r[15]$_DFFE_PN0P_/Q	cmt_dpc_ena
296	-0.8433	dbg_step_r	u_eI_cpu.u_eJ_core.u_eK_exu.u_eL_exu_csr.badaddr_dfflr.qout_r[M]	dbg_step_r	u_e203_cpu.u_e203_core.u_e203_exu.u_e203_exu_csr.badaddr_dfflr.qout_r[23]$_DFFE_PN0P_/D
297	-0.8419	dbg_step_r	u_eI_cpu.u_eJ_core.u_eK_ifu.u_eL_ifu_ifetch.ifu_pc_dfflr.qout_r[M]	dbg_step_r	u_e203_cpu.u_e203_core.u_e203_ifu.u_e203_ifu_ifetch.ifu_pc_dfflr.qout_r[10]$_DFFE_PN0P_/D
298	-0.8404	u_eI_cpu.u_eJ_irq_sync.master_gen.u_dbg_irq_sync.sync_gen[K].i_is_not_L.sync_dffr.qout_r	extIitcm_icb_cmd_ready	u_e203_cpu.u_e203_irq_sync.master_gen.u_dbg_irq_sync.sync_gen[1].i_is_not_0.sync_dffr.qout_r$_DFF_PN0_/Q	ext2itcm_icb_cmd_ready
299	-0.8374	dbg_mode	u_eI_cpu.u_eJ_core.u_eK_exu.u_eL_exu_csr.mtvec_dfflr.qout_r[M]	dbg_mode	u_e203_cpu.u_e203_core.u_e203_exu.u_e203_exu_csr.mtvec_dfflr.qout_r[27]$_DFFE_PN0P_/D
300	-0.8351	dbg_mode	u_eI_cpu.u_eJ_core.u_eK_exu.u_eL_exu_alu.u_eM_exu_nice.u_nice_itag_fifo.dp_gtN.vec_O_dfflrs.qout_r	dbg_mode	u_e203_cpu.u_e203_core.u_e203_exu.u_e203_exu_alu.u_e203_exu_nice.u_nice_itag_fifo.dp_gt0.vec_0_dfflrs.qout_r$_DFFE_PN1P_/D
301	-0.8351	dbg_step_r	u_eI_cpu.u_eJ_core.u_eK_exu.u_eL_exu_regfile.regfile[M].rfnoN.rf_dffl.qout_r[O]	dbg_step_r	u_e203_cpu.u_e203_core.u_e203_exu.u_e203_exu_regfile.regfile[10].rfno0.rf_dffl.qout_r[24]$_DFFE_PP_/D
302	-0.8331	dbg_mode	u_eI_cpu.u_eJ_core.u_eK_exu.u_eL_exu_csr.mcycleh_dfflr.qout_r[M]	dbg_mode	u_e203_cpu.u_e203_core.u_e203_exu.u_e203_exu_csr.mcycleh_dfflr.qout_r[0]$_DFFE_PN0P_/D
303	-0.8321	u_eI_cpu.u_eJ_core.u_eK_ifu.u_eL_ifu_ifetch.ir_rsMidx_dfflr.qout_r[N]	cmt_dcause_ena	u_e203_cpu.u_e203_core.u_e203_ifu.u_e203_ifu_ifetch.ir_rs2idx_dfflr.qout_r[1]$_DFFE_PN0P_/QN	cmt_dcause_ena
304	-0.8318	dbg_mode	u_eI_cpu.u_eJ_core.u_eK_exu.u_eL_exu_csr.status_mie_dfflr.qout_r	dbg_mode	u_e203_cpu.u_e203_core.u_e203_exu.u_e203_exu_csr.status_mie_dfflr.qout_r$_DFFE_PN0P_/D
305	-0.8307	dbg_halt_r	u_eI_cpu.u_eJ_itcm_ctrl.u_itcm_icb_lsuKitcm_nLw.fifo_dp_M.u_sirv_gnrl_nNw_fifo.dp_gt_O.dat_dfflr.qout_r	dbg_halt_r	u_e203_cpu.u_e203_itcm_ctrl.u_itcm_icb_lsu2itcm_n2w.fifo_dp_1.u_sirv_gnrl_n2w_fifo.dp_gt_0.dat_dfflr.qout_r$_DFFE_PP_/D
306	-0.8275	dbg_halt_r	u_eI_cpu.u_eJ_clk_ctrl.u_dtcm_clkgate.enb	dbg_halt_r	u_e203_cpu.u_e203_clk_ctrl.u_dtcm_clkgate.enb$_DLATCH_N_/D
307	-0.8229	u_eI_cpu.u_eJ_core.u_eK_ifu.u_eL_ifu_ifetch.ir_rsMidx_dfflr.qout_r[N]	cmt_dcause[I]	u_e203_cpu.u_e203_core.u_e203_ifu.u_e203_ifu_ifetch.ir_rs2idx_dfflr.qout_r[1]$_DFFE_PN0P_/QN	cmt_dcause[1]
308	-0.8202	dbg_mode	u_eI_cpu.u_eJ_core.u_eK_exu.u_eL_exu_csr.status_mpie_dfflr.qout_r	dbg_mode	u_e203_cpu.u_e203_core.u_e203_exu.u_e203_exu_csr.status_mpie_dfflr.qout_r$_DFFE_PN0P_/D
309	-0.8172	u_eI_cpu.u_eJ_core.u_eK_ifu.u_eL_ifu_ifetch.ir_rsMidx_dfflr.qout_r[N]	core_wfi	u_e203_cpu.u_e203_core.u_e203_ifu.u_e203_ifu_ifetch.ir_rs2idx_dfflr.qout_r[1]$_DFFE_PN0P_/QN	core_wfi
310	-0.8165	u_eI_cpu.u_eJ_core.u_eK_ifu.u_eL_ifu_ifetch.ifu_lo_ir_dfflr.qout_r[M]	u_eI_cpu.u_eJ_core.u_eK_ifu.u_eL_ifu_ifetch.pc_dfflr.qout_r[M]	u_e203_cpu.u_e203_core.u_e203_ifu.u_e203_ifu_ifetch.ifu_lo_ir_dfflr.qout_r[11]$_DFFE_PN0P_/Q	u_e203_cpu.u_e203_core.u_e203_ifu.u_e203_ifu_ifetch.pc_dfflr.qout_r[10]$_DFFE_PN0P_/D
311	-0.8095	dbg_step_r	u_eI_cpu.u_eJ_core.u_eK_ifu.u_eL_ifu_ifetch.ir_pc_vld_dfflr.qout_r	dbg_step_r	u_e203_cpu.u_e203_core.u_e203_ifu.u_e203_ifu_ifetch.ir_pc_vld_dfflr.qout_r$_DFFE_PN0P_/D
312	-0.8071	dbg_mode	u_eI_cpu.u_eJ_core.u_eK_exu.u_eL_exu_alu.u_eM_exu_nice.u_nice_itag_fifo.dp_gtN.dp_gtO.wptr_vec_P_dfflr.qout_r[Q]	dbg_mode	u_e203_cpu.u_e203_core.u_e203_exu.u_e203_exu_alu.u_e203_exu_nice.u_nice_itag_fifo.dp_gt0.dp_gt1.wptr_vec_31_dfflr.qout_r[0]$_DFFE_PN0P_/D
313	-0.8055	dbg_mode	u_eI_cpu.u_eJ_core.u_eK_exu.u_eL_exu_alu.u_eM_exu_nice.u_nice_itag_fifo.dp_gtN.fifo_rf[O].fifo_rf_dffl.qout_r	dbg_mode	u_e203_cpu.u_e203_core.u_e203_exu.u_e203_exu_alu.u_e203_exu_nice.u_nice_itag_fifo.dp_gt0.fifo_rf[2].fifo_rf_dffl.qout_r$_DFFE_PP_/D
314	-0.8048	dbg_step_r	u_eI_cpu.u_eJ_core.u_eK_exu.u_eL_exu_alu.u_eM_exu_alu_muldiv.exec_cnt_dfflr.qout_r[N]	dbg_step_r	u_e203_cpu.u_e203_core.u_e203_exu.u_e203_exu_alu.u_e203_exu_alu_muldiv.exec_cnt_dfflr.qout_r[1]$_DFFE_PN0P_/D
315	-0.8025	dbg_mode	u_eI_cpu.u_eJ_core.u_eK_exu.u_eL_exu_csr.mscratch_dfflr.qout_r[M]	dbg_mode	u_e203_cpu.u_e203_core.u_e203_exu.u_e203_exu_csr.mscratch_dfflr.qout_r[11]$_DFFE_PN0P_/D
316	-0.8023	dbg_halt_r	u_eI_cpu.u_eJ_core.u_eK_exu.u_eL_exu_csr.minstreth_dfflr.qout_r[M]	dbg_halt_r	u_e203_cpu.u_e203_core.u_e203_exu.u_e203_exu_csr.minstreth_dfflr.qout_r[29]$_DFFE_PN0P_/D
317	-0.8007	dbg_halt_r	u_eI_cpu.u_eJ_itcm_ctrl.u_itcm_icb_extKitcm_nLw.fifo_dp_M.u_sirv_gnrl_nNw_fifo.dp_gt_O.vld_dfflr.qout_r	dbg_halt_r	u_e203_cpu.u_e203_itcm_ctrl.u_itcm_icb_ext2itcm_n2w.fifo_dp_1.u_sirv_gnrl_n2w_fifo.dp_gt_0.vld_dfflr.qout_r$_DFFE_PN0P_/D
318	-0.7956	dbg_mode	u_eI_cpu.u_eJ_nice_core.sbuf_cmd_cnt_dfflr.qout_r[K]	dbg_mode	u_e203_cpu.u_e203_nice_core.sbuf_cmd_cnt_dfflr.qout_r[0]$_DFFE_PN0P_/D
319	-0.7930	u_eI_cpu.u_eJ_core.u_eK_ifu.u_eL_ifu_ifetch.ifu_lo_ir_dfflr.qout_r[M]	u_eI_cpu.u_eJ_core.u_eK_ifu.u_eL_ifu_iftMicb.leftover_dffl.qout_r[N]	u_e203_cpu.u_e203_core.u_e203_ifu.u_e203_ifu_ifetch.ifu_lo_ir_dfflr.qout_r[11]$_DFFE_PN0P_/Q	u_e203_cpu.u_e203_core.u_e203_ifu.u_e203_ifu_ift2icb.leftover_dffl.qout_r[10]$_DFFE_PP_/D
320	-0.7915	u_eI_cpu.u_eJ_core.u_eK_ifu.u_eL_ifu_ifetch.ifu_lo_ir_dfflr.qout_r[M]	u_eI_cpu.u_eJ_core.u_eK_ifu.u_eL_ifu_ifetch.ifu_hi_ir_dfflr.qout_r[M]	u_e203_cpu.u_e203_core.u_e203_ifu.u_e203_ifu_ifetch.ifu_lo_ir_dfflr.qout_r[11]$_DFFE_PN0P_/Q	u_e203_cpu.u_e203_core.u_e203_ifu.u_e203_ifu_ifetch.ifu_hi_ir_dfflr.qout_r[10]$_DFFE_PN0P_/D
321	-0.7901	u_eI_cpu.u_eJ_core.u_eK_exu.u_eL_exu_alu.u_eM_exu_alu_muldiv.muldiv_state_dfflr.qout_r[N]	extIdtcm_icb_cmd_ready	u_e203_cpu.u_e203_core.u_e203_exu.u_e203_exu_alu.u_e203_exu_alu_muldiv.muldiv_state_dfflr.qout_r[1]$_DFFE_PN0P_/Q	ext2dtcm_icb_cmd_ready
322	-0.7898	u_eI_cpu.u_eJ_core.u_eK_ifu.u_eL_ifu_ifetch.ifu_lo_ir_dfflr.qout_r[M]	u_eI_cpu.u_eJ_core.u_eK_ifu.u_eL_ifu_ifetch.ir_rsMidx_dfflr.qout_r[N]	u_e203_cpu.u_e203_core.u_e203_ifu.u_e203_ifu_ifetch.ifu_lo_ir_dfflr.qout_r[11]$_DFFE_PN0P_/Q	u_e203_cpu.u_e203_core.u_e203_ifu.u_e203_ifu_ifetch.ir_rs2idx_dfflr.qout_r[4]$_DFFE_PN0P_/D
323	-0.7896	dbg_halt_r	u_eI_cpu.u_eJ_dtcm_ctrl.u_sram_icb_ctrl.u_byp_icb_cmd_buf.u_bypbuf_fifo.dp_gtK.vec_L_dfflr.qout_r	dbg_halt_r	u_e203_cpu.u_e203_dtcm_ctrl.u_sram_icb_ctrl.u_byp_icb_cmd_buf.u_bypbuf_fifo.dp_gt0.vec_31_dfflr.qout_r$_DFFE_PN0P_/D
324	-0.7884	u_eI_cpu.u_eJ_core.u_eK_ifu.u_eL_ifu_ifetch.ir_rsMidx_dfflr.qout_r[N]	cmt_dpc_ena	u_e203_cpu.u_e203_core.u_e203_ifu.u_e203_ifu_ifetch.ir_rs2idx_dfflr.qout_r[1]$_DFFE_PN0P_/QN	cmt_dpc_ena
325	-0.7878	u_eI_cpu.u_eJ_core.u_eK_ifu.u_eL_ifu_ifetch.ifu_lo_ir_dfflr.qout_r[M]	u_eI_cpu.u_eJ_core.u_eK_biu.u_sirv_gnrl_icb_buffer.u_sirv_gnrl_cmd_fifo.dp_gtL.fifo_rf[M].fifo_rf_dffl.qout_r[N]	u_e203_cpu.u_e203_core.u_e203_ifu.u_e203_ifu_ifetch.ifu_lo_ir_dfflr.qout_r[11]$_DFFE_PN0P_/Q	u_e203_cpu.u_e203_core.u_e203_biu.u_sirv_gnrl_icb_buffer.u_sirv_gnrl_cmd_fifo.dp_gt0.fifo_rf[0].fifo_rf_dffl.qout_r[65]$_DFFE_PP_/D
326	-0.7878	u_eI_cpu.u_eJ_core.u_eK_ifu.u_eL_ifu_ifetch.ifu_lo_ir_dfflr.qout_r[M]	u_eI_cpu.u_eJ_core.u_eK_ifu.u_eL_ifu_ifetch.ifu_lo_ir_dfflr.qout_r[M]	u_e203_cpu.u_e203_core.u_e203_ifu.u_e203_ifu_ifetch.ifu_lo_ir_dfflr.qout_r[11]$_DFFE_PN0P_/Q	u_e203_cpu.u_e203_core.u_e203_ifu.u_e203_ifu_ifetch.ifu_lo_ir_dfflr.qout_r[12]$_DFFE_PN0P_/D
327	-0.7848	u_eI_cpu.u_eJ_core.u_eK_ifu.u_eL_ifu_ifetch.ifu_lo_ir_dfflr.qout_r[M]	u_eI_cpu.u_eJ_core.u_eK_biu.u_sirv_gnrl_icb_buffer.u_sirv_gnrl_cmd_fifo.dp_gtL.vec_M_dfflr.qout_r	u_e203_cpu.u_e203_core.u_e203_ifu.u_e203_ifu_ifetch.ifu_lo_ir_dfflr.qout_r[11]$_DFFE_PN0P_/Q	u_e203_cpu.u_e203_core.u_e203_biu.u_sirv_gnrl_icb_buffer.u_sirv_gnrl_cmd_fifo.dp_gt0.vec_31_dfflr.qout_r$_DFFE_PN0P_/D
328	-0.7845	dbg_halt_r	u_eI_cpu.u_eJ_core.u_eK_lsu.u_eL_lsu_ctrl.u_eM_lsu_splt_stage.dp_gt_N.dat_dfflr.qout_r[O]	dbg_halt_r	u_e203_cpu.u_e203_core.u_e203_lsu.u_e203_lsu_ctrl.u_e203_lsu_splt_stage.dp_gt_0.dat_dfflr.qout_r[39]$_DFFE_PP_/D
329	-0.7826	dbg_halt_r	u_eI_cpu.u_eJ_itcm_ctrl.u_itcm_icb_arbt.arbt_num_gt_K_gen.dp_L.u_sirv_gnrl_rspid_fifo.dp_gt_M.dat_dfflr.qout_r	dbg_halt_r	u_e203_cpu.u_e203_itcm_ctrl.u_itcm_icb_arbt.arbt_num_gt_1_gen.dp_1.u_sirv_gnrl_rspid_fifo.dp_gt_0.dat_dfflr.qout_r$_DFFE_PP_/D
330	-0.7808	u_eI_cpu.u_eJ_core.u_eK_exu.u_eL_exu_commit.u_eM_exu_excp.step_req_dfflr.qout_r	extIdtcm_icb_cmd_ready	u_e203_cpu.u_e203_core.u_e203_exu.u_e203_exu_commit.u_e203_exu_excp.step_req_dfflr.qout_r$_DFFE_PN0P_/Q	ext2dtcm_icb_cmd_ready
331	-0.7807	u_eI_cpu.u_eJ_core.u_eK_ifu.u_eL_ifu_ifetch.ifu_hi_ir_dfflr.qout_r[M]	u_eI_cpu.u_eJ_core.u_eK_ifu.u_eL_ifu_ifetch.pc_dfflr.qout_r[M]	u_e203_cpu.u_e203_core.u_e203_ifu.u_e203_ifu_ifetch.ifu_hi_ir_dfflr.qout_r[15]$_DFFE_PN0P_/Q	u_e203_cpu.u_e203_core.u_e203_ifu.u_e203_ifu_ifetch.pc_dfflr.qout_r[10]$_DFFE_PN0P_/D
332	-0.7805	dbg_step_r	u_eI_cpu.u_eJ_core.u_eK_exu.u_eL_exu_csr.cause_dfflr.qout_r[M]	dbg_step_r	u_e203_cpu.u_e203_core.u_e203_exu.u_e203_exu_csr.cause_dfflr.qout_r[3]$_DFFE_PN0P_/D
333	-0.7796	u_eI_cpu.u_eJ_core.u_eK_ifu.u_eL_ifu_ifetch.ifu_lo_ir_dfflr.qout_r[M]	u_eI_cpu.u_eJ_core.u_eK_ifu.u_eL_ifu_iftMicb.icb_addr_N_O_dffl.qout_r[P]	u_e203_cpu.u_e203_core.u_e203_ifu.u_e203_ifu_ifetch.ifu_lo_ir_dfflr.qout_r[11]$_DFFE_PN0P_/Q	u_e203_cpu.u_e203_core.u_e203_ifu.u_e203_ifu_ift2icb.icb_addr_2_1_dffl.qout_r[0]$_DFFE_PP_/D
334	-0.7792	dbg_step_r	u_eI_cpu.u_eJ_core.u_eK_exu.u_eL_exu_csr.epc_dfflr.qout_r[M]	dbg_step_r	u_e203_cpu.u_e203_core.u_e203_exu.u_e203_exu_csr.epc_dfflr.qout_r[29]$_DFFE_PN0P_/D
335	-0.7771	dbg_halt_r	u_eI_cpu.u_eJ_core.u_eK_lsu.u_eL_lsu_ctrl.excl_addr_dffl.qout_r[M]	dbg_halt_r	u_e203_cpu.u_e203_core.u_e203_lsu.u_e203_lsu_ctrl.excl_addr_dffl.qout_r[19]$_DFFE_PN0P_/D
336	-0.7758	u_eI_cpu.u_eJ_core.u_eK_ifu.u_eL_ifu_ifetch.ifu_lo_ir_dfflr.qout_r[M]	u_eI_cpu.u_eJ_itcm_ctrl.u_sram_icb_ctrl.u_byp_icb_cmd_buf.u_bypbuf_fifo.dp_gtK.fifo_rf[L].fifo_rf_dffl.qout_r[M]	u_e203_cpu.u_e203_core.u_e203_ifu.u_e203_ifu_ifetch.ifu_lo_ir_dfflr.qout_r[11]$_DFFE_PN0P_/Q	u_e203_cpu.u_e203_itcm_ctrl.u_sram_icb_ctrl.u_byp_icb_cmd_buf.u_bypbuf_fifo.dp_gt0.fifo_rf[0].fifo_rf_dffl.qout_r[2]$_DFFE_PP_/D
337	-0.7756	dbg_step_r	u_eI_cpu.u_eJ_core.u_eK_exu.u_eL_exu_alu.u_eM_exu_alu_muldiv.muldiv_state_dfflr.qout_r[N]	dbg_step_r	u_e203_cpu.u_e203_core.u_e203_exu.u_e203_exu_alu.u_e203_exu_alu_muldiv.muldiv_state_dfflr.qout_r[1]$_DFFE_PN0P_/D
338	-0.7753	u_eI_cpu.u_eJ_core.u_eK_ifu.u_eL_ifu_ifetch.ifu_lo_ir_dfflr.qout_r[M]	u_eI_cpu.u_eJ_core.u_eK_ifu.u_eL_ifu_iftMicb.icb_state_dfflr.qout_r[N]	u_e203_cpu.u_e203_core.u_e203_ifu.u_e203_ifu_ifetch.ifu_lo_ir_dfflr.qout_r[11]$_DFFE_PN0P_/Q	u_e203_cpu.u_e203_core.u_e203_ifu.u_e203_ifu_ift2icb.icb_state_dfflr.qout_r[1]$_DFFE_PN0P_/D
339	-0.7747	u_eI_cpu.u_eJ_core.u_eK_exu.u_eL_exu_alu.u_eM_exu_alu_muldiv.exec_cnt_dfflr.qout_r[N]	extIitcm_icb_cmd_ready	u_e203_cpu.u_e203_core.u_e203_exu.u_e203_exu_alu.u_e203_exu_alu_muldiv.exec_cnt_dfflr.qout_r[3]$_DFFE_PN0P_/Q	ext2itcm_icb_cmd_ready
340	-0.7700	u_eI_cpu.u_eJ_core.u_eK_ifu.u_eL_ifu_ifetch.ifu_lo_ir_dfflr.qout_r[M]	u_eI_cpu.u_eJ_core.u_eK_ifu.u_eL_ifu_ifetch.pc_newpend_dfflr.qout_r	u_e203_cpu.u_e203_core.u_e203_ifu.u_e203_ifu_ifetch.ifu_lo_ir_dfflr.qout_r[11]$_DFFE_PN0P_/Q	u_e203_cpu.u_e203_core.u_e203_ifu.u_e203_ifu_ifetch.pc_newpend_dfflr.qout_r$_DFFE_PN0P_/D
341	-0.7662	dbg_halt_r	u_eI_cpu.u_eJ_itcm_ctrl.u_itcm_icb_lsuKitcm_nLw.fifo_dp_M.u_sirv_gnrl_nNw_fifo.dp_gt_O.vld_dfflr.qout_r	dbg_halt_r	u_e203_cpu.u_e203_itcm_ctrl.u_itcm_icb_lsu2itcm_n2w.fifo_dp_1.u_sirv_gnrl_n2w_fifo.dp_gt_0.vld_dfflr.qout_r$_DFFE_PN0P_/D
342	-0.7646	dbg_halt_r	u_eI_cpu.u_eJ_core.u_eK_exu.u_eL_exu_alu.u_eM_exu_alu_muldiv.part_remd_sftN_dfflr.qout_r	dbg_halt_r	u_e203_cpu.u_e203_core.u_e203_exu.u_e203_exu_alu.u_e203_exu_alu_muldiv.part_remd_sft1_dfflr.qout_r$_DFFE_PN0P_/D
343	-0.7644	u_eI_cpu.u_eJ_core.u_eK_exu.u_eL_exu_csr.status_mie_dfflr.qout_r	extIdtcm_icb_cmd_ready	u_e203_cpu.u_e203_core.u_e203_exu.u_e203_exu_csr.status_mie_dfflr.qout_r$_DFFE_PN0P_/QN	ext2dtcm_icb_cmd_ready
344	-0.7627	u_eI_cpu.u_eJ_core.u_eK_biu.u_sirv_gnrl_icb_buffer.u_sirv_gnrl_rsp_fifo.dp_gtL.fifo_rf[M].fifo_rf_dffl.qout_r[N]	extIdtcm_icb_cmd_ready	u_e203_cpu.u_e203_core.u_e203_biu.u_sirv_gnrl_icb_buffer.u_sirv_gnrl_rsp_fifo.dp_gt0.fifo_rf[0].fifo_rf_dffl.qout_r[34]$_DFFE_PP_/Q	ext2dtcm_icb_cmd_ready
345	-0.7623	u_eI_cpu.u_eJ_core.u_eK_ifu.u_eL_ifu_ifetch.ifu_lo_ir_dfflr.qout_r[M]	u_eI_cpu.u_eJ_core.u_eK_biu.u_sirv_gnrl_icb_buffer.outs_cnt_dfflr.qout_r	u_e203_cpu.u_e203_core.u_e203_ifu.u_e203_ifu_ifetch.ifu_lo_ir_dfflr.qout_r[11]$_DFFE_PN0P_/Q	u_e203_cpu.u_e203_core.u_e203_biu.u_sirv_gnrl_icb_buffer.outs_cnt_dfflr.qout_r$_DFFE_PN0P_/D
346	-0.7621	dbg_halt_r	u_eI_cpu.u_eJ_core.u_eK_exu.u_eL_exu_alu.u_eM_exu_alu_muldiv.part_prdt_sftN_dfflr.qout_r	dbg_halt_r	u_e203_cpu.u_e203_core.u_e203_exu.u_e203_exu_alu.u_e203_exu_alu_muldiv.part_prdt_sft1_dfflr.qout_r$_DFFE_PN0P_/D
347	-0.7621	dbg_step_r	u_eI_cpu.u_eJ_core.u_eK_exu.u_eL_exu_alu.u_eM_exu_nice.u_nice_itag_fifo.dp_gtN.vec_O_dfflr.qout_r[P]	dbg_step_r	u_e203_cpu.u_e203_core.u_e203_exu.u_e203_exu_alu.u_e203_exu_nice.u_nice_itag_fifo.dp_gt0.vec_31_dfflr.qout_r[1]$_DFFE_PN0P_/D
348	-0.7619	dbg_mode	u_eI_cpu.u_eJ_core.u_eK_lsu.u_eL_lsu_ctrl.u_eM_lsu_splt_stage.dp_gt_N.vld_dfflr.qout_r	dbg_mode	u_e203_cpu.u_e203_core.u_e203_lsu.u_e203_lsu_ctrl.u_e203_lsu_splt_stage.dp_gt_0.vld_dfflr.qout_r$_DFFE_PN0P_/D
349	-0.7619	dbg_mode	u_eI_cpu.u_eJ_core.u_eK_lsu.u_eL_lsu_ctrl.u_lsu_icb_arbt.arbt_num_gt_M_gen.dp_N.u_sirv_gnrl_rspid_fifo.dp_gt_O.vld_dfflr.qout_r	dbg_mode	u_e203_cpu.u_e203_core.u_e203_lsu.u_e203_lsu_ctrl.u_lsu_icb_arbt.arbt_num_gt_1_gen.dp_1.u_sirv_gnrl_rspid_fifo.dp_gt_0.vld_dfflr.qout_r$_DFFE_PN0P_/D
350	-0.7583	dbg_mode	u_eI_cpu.u_eJ_clk_ctrl.u_ifu_clkgate.enb	dbg_mode	u_e203_cpu.u_e203_clk_ctrl.u_ifu_clkgate.enb$_DLATCH_N_/D
351	-0.7573	u_eI_cpu.u_eJ_core.u_eK_ifu.u_eL_ifu_ifetch.ifu_hi_ir_dfflr.qout_r[M]	u_eI_cpu.u_eJ_core.u_eK_ifu.u_eL_ifu_iftMicb.leftover_dffl.qout_r[N]	u_e203_cpu.u_e203_core.u_e203_ifu.u_e203_ifu_ifetch.ifu_hi_ir_dfflr.qout_r[15]$_DFFE_PN0P_/Q	u_e203_cpu.u_e203_core.u_e203_ifu.u_e203_ifu_ift2icb.leftover_dffl.qout_r[10]$_DFFE_PP_/D
352	-0.7571	dbg_halt_r	u_eI_cpu.u_eJ_core.u_eK_lsu.u_eL_lsu_ctrl.excl_flg_dffl.qout_r	dbg_halt_r	u_e203_cpu.u_e203_core.u_e203_lsu.u_e203_lsu_ctrl.excl_flg_dffl.qout_r$_DFFE_PN0P_/D
353	-0.7557	u_eI_cpu.u_eJ_core.u_eK_ifu.u_eL_ifu_ifetch.ifu_hi_ir_dfflr.qout_r[M]	u_eI_cpu.u_eJ_core.u_eK_ifu.u_eL_ifu_ifetch.ifu_hi_ir_dfflr.qout_r[M]	u_e203_cpu.u_e203_core.u_e203_ifu.u_e203_ifu_ifetch.ifu_hi_ir_dfflr.qout_r[15]$_DFFE_PN0P_/Q	u_e203_cpu.u_e203_core.u_e203_ifu.u_e203_ifu_ifetch.ifu_hi_ir_dfflr.qout_r[10]$_DFFE_PN0P_/D
354	-0.7552	u_eI_cpu.u_eJ_core.u_eK_ifu.u_eL_ifu_ifetch.ifu_lo_ir_dfflr.qout_r[M]	u_eI_cpu.u_eJ_core.u_eK_ifu.u_eL_ifu_iftMicb.u_eN_ifetch_rsp_bypbuf.u_bypbuf_fifo.dp_gtO.fifo_rf[P].fifo_rf_dffl.qout_r[Q]	u_e203_cpu.u_e203_core.u_e203_ifu.u_e203_ifu_ifetch.ifu_lo_ir_dfflr.qout_r[11]$_DFFE_PN0P_/Q	u_e203_cpu.u_e203_core.u_e203_ifu.u_e203_ifu_ift2icb.u_e203_ifetch_rsp_bypbuf.u_bypbuf_fifo.dp_gt0.fifo_rf[0].fifo_rf_dffl.qout_r[29]$_DFFE_PP_/D
355	-0.7541	u_eI_cpu.u_eJ_core.u_eK_ifu.u_eL_ifu_ifetch.ifu_hi_ir_dfflr.qout_r[M]	u_eI_cpu.u_eJ_core.u_eK_ifu.u_eL_ifu_ifetch.ir_rsMidx_dfflr.qout_r[N]	u_e203_cpu.u_e203_core.u_e203_ifu.u_e203_ifu_ifetch.ifu_hi_ir_dfflr.qout_r[15]$_DFFE_PN0P_/Q	u_e203_cpu.u_e203_core.u_e203_ifu.u_e203_ifu_ifetch.ir_rs2idx_dfflr.qout_r[4]$_DFFE_PN0P_/D
356	-0.7524	u_eI_cpu.u_eJ_irq_sync.master_gen.u_dbg_irq_sync.sync_gen[K].i_is_not_L.sync_dffr.qout_r	extIdtcm_icb_cmd_ready	u_e203_cpu.u_e203_irq_sync.master_gen.u_dbg_irq_sync.sync_gen[1].i_is_not_0.sync_dffr.qout_r$_DFF_PN0_/Q	ext2dtcm_icb_cmd_ready
357	-0.7520	u_eI_cpu.u_eJ_core.u_eK_ifu.u_eL_ifu_ifetch.ifu_hi_ir_dfflr.qout_r[M]	u_eI_cpu.u_eJ_core.u_eK_biu.u_sirv_gnrl_icb_buffer.u_sirv_gnrl_cmd_fifo.dp_gtL.fifo_rf[M].fifo_rf_dffl.qout_r[N]	u_e203_cpu.u_e203_core.u_e203_ifu.u_e203_ifu_ifetch.ifu_hi_ir_dfflr.qout_r[15]$_DFFE_PN0P_/Q	u_e203_cpu.u_e203_core.u_e203_biu.u_sirv_gnrl_icb_buffer.u_sirv_gnrl_cmd_fifo.dp_gt0.fifo_rf[0].fifo_rf_dffl.qout_r[65]$_DFFE_PP_/D
358	-0.7520	u_eI_cpu.u_eJ_core.u_eK_ifu.u_eL_ifu_ifetch.ifu_hi_ir_dfflr.qout_r[M]	u_eI_cpu.u_eJ_core.u_eK_ifu.u_eL_ifu_ifetch.ifu_lo_ir_dfflr.qout_r[M]	u_e203_cpu.u_e203_core.u_e203_ifu.u_e203_ifu_ifetch.ifu_hi_ir_dfflr.qout_r[15]$_DFFE_PN0P_/Q	u_e203_cpu.u_e203_core.u_e203_ifu.u_e203_ifu_ifetch.ifu_lo_ir_dfflr.qout_r[12]$_DFFE_PN0P_/D
359	-0.7510	dbg_mode	u_eI_cpu.u_eJ_core.u_eK_exu.u_eL_exu_csr.mie_dfflr.qout_r[M]	dbg_mode	u_e203_cpu.u_e203_core.u_e203_exu.u_e203_exu_csr.mie_dfflr.qout_r[11]$_DFFE_PN0P_/D
360	-0.7502	dbg_halt_r	u_eI_cpu.u_eJ_clk_ctrl.dtcm_active_dffr.qout_r	dbg_halt_r	u_e203_cpu.u_e203_clk_ctrl.dtcm_active_dffr.qout_r$_DFF_PN0_/D
361	-0.7490	u_eI_cpu.u_eJ_core.u_eK_ifu.u_eL_ifu_ifetch.ifu_hi_ir_dfflr.qout_r[M]	u_eI_cpu.u_eJ_core.u_eK_biu.u_sirv_gnrl_icb_buffer.u_sirv_gnrl_cmd_fifo.dp_gtL.vec_M_dfflr.qout_r	u_e203_cpu.u_e203_core.u_e203_ifu.u_e203_ifu_ifetch.ifu_hi_ir_dfflr.qout_r[15]$_DFFE_PN0P_/Q	u_e203_cpu.u_e203_core.u_e203_biu.u_sirv_gnrl_icb_buffer.u_sirv_gnrl_cmd_fifo.dp_gt0.vec_31_dfflr.qout_r$_DFFE_PN0P_/D
362	-0.7488	u_eI_cpu.u_eJ_core.u_eK_ifu.u_eL_ifu_ifetch.ifu_lo_ir_dfflr.qout_r[M]	u_eI_cpu.u_eJ_core.u_eK_biu.u_sirv_gnrl_icb_buffer.u_sirv_gnrl_cmd_fifo.dp_gtL.vec_M_dfflrs.qout_r	u_e203_cpu.u_e203_core.u_e203_ifu.u_e203_ifu_ifetch.ifu_lo_ir_dfflr.qout_r[11]$_DFFE_PN0P_/Q	u_e203_cpu.u_e203_core.u_e203_biu.u_sirv_gnrl_icb_buffer.u_sirv_gnrl_cmd_fifo.dp_gt0.vec_0_dfflrs.qout_r$_DFFE_PN1P_/D
363	-0.7483	dbg_mode	u_eI_cpu.u_eJ_core.u_eK_exu.u_eL_exu_csr.counterstop_dfflr.qout_r[M]	dbg_mode	u_e203_cpu.u_e203_core.u_e203_exu.u_e203_exu_csr.counterstop_dfflr.qout_r[0]$_DFFE_PN0P_/D
364	-0.7479	dbg_step_r	u_eI_cpu.u_eJ_core.u_eK_exu.u_eL_exu_alu.u_eM_exu_alu_muldiv.flushed_dfflr.qout_r	dbg_step_r	u_e203_cpu.u_e203_core.u_e203_exu.u_e203_exu_alu.u_e203_exu_alu_muldiv.flushed_dfflr.qout_r$_DFFE_PN0P_/D
365	-0.7478	dbg_step_r	u_eI_cpu.u_eJ_core.u_eK_lsu.u_eL_lsu_ctrl.u_lsu_icb_arbt.arbt_num_gt_M_gen.dp_N.u_sirv_gnrl_rspid_fifo.dp_gt_O.dat_dfflr.qout_r	dbg_step_r	u_e203_cpu.u_e203_core.u_e203_lsu.u_e203_lsu_ctrl.u_lsu_icb_arbt.arbt_num_gt_1_gen.dp_1.u_sirv_gnrl_rspid_fifo.dp_gt_0.dat_dfflr.qout_r$_DFFE_PP_/D
366	-0.7477	u_eI_cpu.u_eJ_core.u_eK_ifu.u_eL_ifu_ifetch.ifu_lo_ir_dfflr.qout_r[M]	u_eI_cpu.u_eJ_itcm_ctrl.u_sram_icb_ctrl.u_sirv_Kcyc_sram_ctrl.u_eL_stage.dp_gt_M.vld_dfflr.qout_r	u_e203_cpu.u_e203_core.u_e203_ifu.u_e203_ifu_ifetch.ifu_lo_ir_dfflr.qout_r[11]$_DFFE_PN0P_/Q	u_e203_cpu.u_e203_itcm_ctrl.u_sram_icb_ctrl.u_sirv_1cyc_sram_ctrl.u_e1_stage.dp_gt_0.vld_dfflr.qout_r$_DFFE_PN0P_/D
367	-0.7476	u_eI_cpu.u_eJ_core.u_eK_ifu.u_eL_ifu_ifetch.ifu_lo_ir_dfflr.qout_r[M]	u_eI_cpu.u_eJ_core.u_eK_ifu.u_eL_ifu_iftMicb.leftover_err_dfflr.qout_r	u_e203_cpu.u_e203_core.u_e203_ifu.u_e203_ifu_ifetch.ifu_lo_ir_dfflr.qout_r[11]$_DFFE_PN0P_/Q	u_e203_cpu.u_e203_core.u_e203_ifu.u_e203_ifu_ift2icb.leftover_err_dfflr.qout_r$_DFFE_PN0P_/D
368	-0.7449	u_eI_cpu.u_eJ_core.u_eK_ifu.u_eL_ifu_ifetch.ifu_lo_ir_dfflr.qout_r[M]	u_eI_cpu.u_eJ_core.u_eK_biu.u_biu_icb_arbt.arbt_num_gt_L_gen.dp_M.u_sirv_gnrl_rspid_fifo.dp_gt_N.dat_dfflr.qout_r	u_e203_cpu.u_e203_core.u_e203_ifu.u_e203_ifu_ifetch.ifu_lo_ir_dfflr.qout_r[11]$_DFFE_PN0P_/Q	u_e203_cpu.u_e203_core.u_e203_biu.u_biu_icb_arbt.arbt_num_gt_1_gen.dp_1.u_sirv_gnrl_rspid_fifo.dp_gt_0.dat_dfflr.qout_r$_DFFE_PP_/D
369	-0.7449	dbg_mode	u_eI_cpu.u_eJ_core.u_eK_exu.u_eL_exu_csr.mdvnobMb_dfflr.qout_r[N]	dbg_mode	u_e203_cpu.u_e203_core.u_e203_exu.u_e203_exu_csr.mdvnob2b_dfflr.qout_r[0]$_DFFE_PN0P_/D
370	-0.7447	u_eI_cpu.u_eJ_core.u_eK_ifu.u_eL_ifu_ifetch.ifu_lo_ir_dfflr.qout_r[M]	u_eI_cpu.u_eJ_core.u_eK_ifu.u_eL_ifu_iftMicb.req_lane_cross_dfflr.qout_r	u_e203_cpu.u_e203_core.u_e203_ifu.u_e203_ifu_ifetch.ifu_lo_ir_dfflr.qout_r[11]$_DFFE_PN0P_/Q	u_e203_cpu.u_e203_core.u_e203_ifu.u_e203_ifu_ift2icb.req_lane_cross_dfflr.qout_r$_DFFE_PN0P_/D
371	-0.7447	u_eI_cpu.u_eJ_core.u_eK_ifu.u_eL_ifu_ifetch.ifu_lo_ir_dfflr.qout_r[M]	u_eI_cpu.u_eJ_core.u_eK_ifu.u_eL_ifu_iftMicb.req_need_Nuop_dfflr.qout_r	u_e203_cpu.u_e203_core.u_e203_ifu.u_e203_ifu_ifetch.ifu_lo_ir_dfflr.qout_r[11]$_DFFE_PN0P_/Q	u_e203_cpu.u_e203_core.u_e203_ifu.u_e203_ifu_ift2icb.req_need_0uop_dfflr.qout_r$_DFFE_PN0P_/D
372	-0.7447	u_eI_cpu.u_eJ_core.u_eK_ifu.u_eL_ifu_ifetch.ifu_lo_ir_dfflr.qout_r[M]	u_eI_cpu.u_eJ_core.u_eK_ifu.u_eL_ifu_iftMicb.req_same_cross_holdup_dfflr.qout_r	u_e203_cpu.u_e203_core.u_e203_ifu.u_e203_ifu_ifetch.ifu_lo_ir_dfflr.qout_r[11]$_DFFE_PN0P_/Q	u_e203_cpu.u_e203_core.u_e203_ifu.u_e203_ifu_ift2icb.req_same_cross_holdup_dfflr.qout_r$_DFFE_PN0P_/D
373	-0.7439	u_eI_cpu.u_eJ_core.u_eK_ifu.u_eL_ifu_ifetch.ifu_prdt_taken_dfflr.qout_r	extIitcm_icb_cmd_ready	u_e203_cpu.u_e203_core.u_e203_ifu.u_e203_ifu_ifetch.ifu_prdt_taken_dfflr.qout_r$_DFFE_PN0P_/Q	ext2itcm_icb_cmd_ready
374	-0.7438	u_eI_cpu.u_eJ_core.u_eK_ifu.u_eL_ifu_ifetch.ifu_hi_ir_dfflr.qout_r[M]	u_eI_cpu.u_eJ_core.u_eK_ifu.u_eL_ifu_iftMicb.icb_addr_N_O_dffl.qout_r[P]	u_e203_cpu.u_e203_core.u_e203_ifu.u_e203_ifu_ifetch.ifu_hi_ir_dfflr.qout_r[15]$_DFFE_PN0P_/Q	u_e203_cpu.u_e203_core.u_e203_ifu.u_e203_ifu_ift2icb.icb_addr_2_1_dffl.qout_r[0]$_DFFE_PP_/D
375	-0.7438	dbg_mode	u_eI_cpu.u_eJ_core.u_eK_exu.u_eL_exu_csr.mcgstop_dfflr.qout_r[M]	dbg_mode	u_e203_cpu.u_e203_core.u_e203_exu.u_e203_exu_csr.mcgstop_dfflr.qout_r[0]$_DFFE_PN0P_/D
376	-0.7437	dbg_mode	u_eI_cpu.u_eJ_core.u_eK_exu.u_eL_exu_alu.u_eM_exu_nice.u_nice_itag_fifo.dp_gtN.wptr_vec_O_dfflrs.qout_r	dbg_mode	u_e203_cpu.u_e203_core.u_e203_exu.u_e203_exu_alu.u_e203_exu_nice.u_nice_itag_fifo.dp_gt0.wptr_vec_0_dfflrs.qout_r$_DFFE_PN1P_/D
377	-0.7425	u_eI_cpu.u_eJ_core.u_eK_ifu.u_eL_ifu_ifetch.ifu_lo_ir_dfflr.qout_r[M]	u_eI_cpu.u_eJ_core.u_eK_ifu.u_eL_ifu_ifetch.ifu_err_dfflr.qout_r	u_e203_cpu.u_e203_core.u_e203_ifu.u_e203_ifu_ifetch.ifu_lo_ir_dfflr.qout_r[11]$_DFFE_PN0P_/Q	u_e203_cpu.u_e203_core.u_e203_ifu.u_e203_ifu_ifetch.ifu_err_dfflr.qout_r$_DFFE_PN0P_/D
378	-0.7425	u_eI_cpu.u_eJ_core.u_eK_ifu.u_eL_ifu_ifetch.ifu_lo_ir_dfflr.qout_r[M]	u_eI_cpu.u_eJ_core.u_eK_ifu.u_eL_ifu_ifetch.ifu_prdt_taken_dfflr.qout_r	u_e203_cpu.u_e203_core.u_e203_ifu.u_e203_ifu_ifetch.ifu_lo_ir_dfflr.qout_r[11]$_DFFE_PN0P_/Q	u_e203_cpu.u_e203_core.u_e203_ifu.u_e203_ifu_ifetch.ifu_prdt_taken_dfflr.qout_r$_DFFE_PN0P_/D
379	-0.7425	u_eI_cpu.u_eJ_core.u_eK_ifu.u_eL_ifu_ifetch.ifu_lo_ir_dfflr.qout_r[M]	u_eI_cpu.u_eJ_core.u_eK_ifu.u_eL_ifu_ifetch.ir_muldiv_bMb_dfflr.qout_r	u_e203_cpu.u_e203_core.u_e203_ifu.u_e203_ifu_ifetch.ifu_lo_ir_dfflr.qout_r[11]$_DFFE_PN0P_/Q	u_e203_cpu.u_e203_core.u_e203_ifu.u_e203_ifu_ifetch.ir_muldiv_b2b_dfflr.qout_r$_DFFE_PN0P_/D
380	-0.7425	u_eI_cpu.u_eJ_core.u_eK_ifu.u_eL_ifu_ifetch.ifu_lo_ir_dfflr.qout_r[M]	u_eI_cpu.u_eJ_itcm_ctrl.ifu_holdup_dffl.qout_r	u_e203_cpu.u_e203_core.u_e203_ifu.u_e203_ifu_ifetch.ifu_lo_ir_dfflr.qout_r[11]$_DFFE_PN0P_/Q	u_e203_cpu.u_e203_itcm_ctrl.ifu_holdup_dffl.qout_r$_DFFE_PN0P_/D
381	-0.7413	u_eI_cpu.u_eJ_core.u_eK_ifu.u_eL_ifu_ifetch.ifu_lo_ir_dfflr.qout_r[M]	u_eI_cpu.u_eJ_itcm_ctrl.u_sram_icb_ctrl.u_sirv_Kcyc_sram_ctrl.u_eL_stage.dp_gt_M.dat_dfflr.qout_r[N]	u_e203_cpu.u_e203_core.u_e203_ifu.u_e203_ifu_ifetch.ifu_lo_ir_dfflr.qout_r[11]$_DFFE_PN0P_/Q	u_e203_cpu.u_e203_itcm_ctrl.u_sram_icb_ctrl.u_sirv_1cyc_sram_ctrl.u_e1_stage.dp_gt_0.dat_dfflr.qout_r[1]$_DFFE_PP_/D
382	-0.7400	u_eI_cpu.u_eJ_core.u_eK_ifu.u_eL_ifu_ifetch.ifu_hi_ir_dfflr.qout_r[M]	u_eI_cpu.u_eJ_itcm_ctrl.u_sram_icb_ctrl.u_byp_icb_cmd_buf.u_bypbuf_fifo.dp_gtK.fifo_rf[L].fifo_rf_dffl.qout_r[M]	u_e203_cpu.u_e203_core.u_e203_ifu.u_e203_ifu_ifetch.ifu_hi_ir_dfflr.qout_r[15]$_DFFE_PN0P_/Q	u_e203_cpu.u_e203_itcm_ctrl.u_sram_icb_ctrl.u_byp_icb_cmd_buf.u_bypbuf_fifo.dp_gt0.fifo_rf[0].fifo_rf_dffl.qout_r[2]$_DFFE_PP_/D
383	-0.7396	u_eI_cpu.u_eJ_core.u_eK_ifu.u_eL_ifu_ifetch.ifu_hi_ir_dfflr.qout_r[M]	u_eI_cpu.u_eJ_core.u_eK_ifu.u_eL_ifu_iftMicb.icb_state_dfflr.qout_r[N]	u_e203_cpu.u_e203_core.u_e203_ifu.u_e203_ifu_ifetch.ifu_hi_ir_dfflr.qout_r[15]$_DFFE_PN0P_/Q	u_e203_cpu.u_e203_core.u_e203_ifu.u_e203_ifu_ift2icb.icb_state_dfflr.qout_r[1]$_DFFE_PN0P_/D
384	-0.7389	dbg_mode	u_eI_cpu.u_eJ_core.u_eK_exu.u_eL_exu_csr.itcmnohold_dfflr.qout_r[M]	dbg_mode	u_e203_cpu.u_e203_core.u_e203_exu.u_e203_exu_csr.itcmnohold_dfflr.qout_r[0]$_DFFE_PN0P_/D
385	-0.7383	u_eI_cpu.u_eJ_core.u_eK_ifu.u_eL_ifu_ifetch.ir_muldiv_bMb_dfflr.qout_r	extIitcm_icb_cmd_ready	u_e203_cpu.u_e203_core.u_e203_ifu.u_e203_ifu_ifetch.ir_muldiv_b2b_dfflr.qout_r$_DFFE_PN0P_/Q	ext2itcm_icb_cmd_ready
386	-0.7364	dbg_halt_r	u_eI_cpu.u_eJ_core.u_eK_exu.u_eL_exu_csr.minstret_dfflr.qout_r[M]	dbg_halt_r	u_e203_cpu.u_e203_core.u_e203_exu.u_e203_exu_csr.minstret_dfflr.qout_r[31]$_DFFE_PN0P_/D
387	-0.7364	u_eI_cpu.u_eJ_core.u_eK_ifu.u_eL_ifu_ifetch.ifu_lo_ir_dfflr.qout_r[M]	u_eI_cpu.u_eJ_itcm_ctrl.u_sram_icb_ctrl.u_byp_icb_cmd_buf.u_bypbuf_fifo.dp_gtK.vec_L_dfflr.qout_r	u_e203_cpu.u_e203_core.u_e203_ifu.u_e203_ifu_ifetch.ifu_lo_ir_dfflr.qout_r[11]$_DFFE_PN0P_/Q	u_e203_cpu.u_e203_itcm_ctrl.u_sram_icb_ctrl.u_byp_icb_cmd_buf.u_bypbuf_fifo.dp_gt0.vec_31_dfflr.qout_r$_DFFE_PN0P_/D
388	-0.7362	u_eI_cpu.u_eJ_core.u_eK_ifu.u_eL_ifu_ifetch.ifu_lo_ir_dfflr.qout_r[M]	u_eI_cpu.u_eJ_core.u_eK_ifu.u_eL_ifu_iftMicb.icbNitcm_dfflr.qout_r	u_e203_cpu.u_e203_core.u_e203_ifu.u_e203_ifu_ifetch.ifu_lo_ir_dfflr.qout_r[11]$_DFFE_PN0P_/Q	u_e203_cpu.u_e203_core.u_e203_ifu.u_e203_ifu_ift2icb.icb2itcm_dfflr.qout_r$_DFFE_PN0P_/D
389	-0.7358	u_eI_cpu.u_eJ_core.u_eK_ifu.u_eL_ifu_ifetch.ifu_lo_ir_dfflr.qout_r[M]	u_eI_cpu.u_eJ_itcm_ctrl.u_sram_icb_ctrl.u_byp_icb_cmd_buf.u_bypbuf_fifo.dp_gtK.vec_L_dfflrs.qout_r	u_e203_cpu.u_e203_core.u_e203_ifu.u_e203_ifu_ifetch.ifu_lo_ir_dfflr.qout_r[11]$_DFFE_PN0P_/Q	u_e203_cpu.u_e203_itcm_ctrl.u_sram_icb_ctrl.u_byp_icb_cmd_buf.u_bypbuf_fifo.dp_gt0.vec_0_dfflrs.qout_r$_DFFE_PN1P_/D
390	-0.7349	dbg_halt_r	u_eI_cpu.u_eJ_core.u_eK_exu.u_eL_exu_oitf.oitf_entries[M].rdidx_dfflrs.qout_r[N]	dbg_halt_r	u_e203_cpu.u_e203_core.u_e203_exu.u_e203_exu_oitf.oitf_entries[1].rdidx_dfflrs.qout_r[3]$_DFFE_PP_/D
391	-0.7349	dbg_halt_r	u_eI_cpu.u_eJ_core.u_eK_exu.u_eL_exu_oitf.oitf_entries[M].pc_dfflrs.qout_r[N]	dbg_halt_r	u_e203_cpu.u_e203_core.u_e203_exu.u_e203_exu_oitf.oitf_entries[1].pc_dfflrs.qout_r[26]$_DFFE_PP_/D
392	-0.7347	u_eI_cpu.u_eJ_core.u_eK_exu.u_eL_exu_alu.u_eM_exu_alu_dpath.sbf_N_dffl.qout_r[O]	extIitcm_icb_cmd_ready	u_e203_cpu.u_e203_core.u_e203_exu.u_e203_exu_alu.u_e203_exu_alu_dpath.sbf_0_dffl.qout_r[32]$_SDFFCE_PN0P_/Q	ext2itcm_icb_cmd_ready
393	-0.7342	u_eI_cpu.u_eJ_core.u_eK_ifu.u_eL_ifu_ifetch.ifu_hi_ir_dfflr.qout_r[M]	u_eI_cpu.u_eJ_core.u_eK_ifu.u_eL_ifu_ifetch.pc_newpend_dfflr.qout_r	u_e203_cpu.u_e203_core.u_e203_ifu.u_e203_ifu_ifetch.ifu_hi_ir_dfflr.qout_r[15]$_DFFE_PN0P_/Q	u_e203_cpu.u_e203_core.u_e203_ifu.u_e203_ifu_ifetch.pc_newpend_dfflr.qout_r$_DFFE_PN0P_/D
394	-0.7335	u_eI_cpu.u_eJ_core.u_eK_ifu.u_eL_ifu_ifetch.ifu_lo_ir_dfflr.qout_r[M]	u_eI_cpu.u_eJ_core.u_eK_biu.u_biu_icb_arbt.arbt_num_gt_L_gen.dp_M.u_sirv_gnrl_rspid_fifo.dp_gt_N.vld_dfflr.qout_r	u_e203_cpu.u_e203_core.u_e203_ifu.u_e203_ifu_ifetch.ifu_lo_ir_dfflr.qout_r[11]$_DFFE_PN0P_/Q	u_e203_cpu.u_e203_core.u_e203_biu.u_biu_icb_arbt.arbt_num_gt_1_gen.dp_1.u_sirv_gnrl_rspid_fifo.dp_gt_0.vld_dfflr.qout_r$_DFFE_PN0P_/D
395	-0.7323	dbg_mode	u_eI_cpu.u_eJ_nice_core.lbuf_cnt_dfflr.qout_r[K]	dbg_mode	u_e203_cpu.u_e203_nice_core.lbuf_cnt_dfflr.qout_r[0]$_DFFE_PN0P_/D
396	-0.7307	dbg_step_r	u_eI_cpu.u_eJ_core.u_eK_exu.u_eL_exu_csr.mcycle_dfflr.qout_r[M]	dbg_step_r	u_e203_cpu.u_e203_core.u_e203_exu.u_e203_exu_csr.mcycle_dfflr.qout_r[27]$_DFFE_PN0P_/D
397	-0.7298	dbg_halt_r	u_eI_cpu.u_eJ_dtcm_ctrl.u_dtcm_icb_arbt.arbt_num_gt_K_gen.dp_L.u_sirv_gnrl_rspid_fifo.dp_gt_M.vld_dfflr.qout_r	dbg_halt_r	u_e203_cpu.u_e203_dtcm_ctrl.u_dtcm_icb_arbt.arbt_num_gt_1_gen.dp_1.u_sirv_gnrl_rspid_fifo.dp_gt_0.vld_dfflr.qout_r$_DFFE_PN0P_/D
398	-0.7293	u_eI_cpu.u_eJ_core.u_eK_ifu.u_eL_ifu_ifetch.ifu_lo_ir_dfflr.qout_r[M]	u_eI_cpu.u_eJ_core.u_eK_ifu.u_eL_ifu_iftMicb.icbNmem_dfflr.qout_r	u_e203_cpu.u_e203_core.u_e203_ifu.u_e203_ifu_ifetch.ifu_lo_ir_dfflr.qout_r[11]$_DFFE_PN0P_/Q	u_e203_cpu.u_e203_core.u_e203_ifu.u_e203_ifu_ift2icb.icb2mem_dfflr.qout_r$_DFFE_PN0P_/D
399	-0.7285	dbg_step_r	u_eI_cpu.u_eJ_core.u_eK_ifu.u_eL_ifu_ifetch.u_eM_ifu_litebpu.rsNxn_rdrf_dfflrs.qout_r	dbg_step_r	u_e203_cpu.u_e203_core.u_e203_ifu.u_e203_ifu_ifetch.u_e203_ifu_litebpu.rs1xn_rdrf_dfflrs.qout_r$_DFFE_PN0P_/D
400	-0.7280	dbg_step_r	u_eI_cpu.u_eJ_core.u_eK_exu.u_eL_exu_alu.u_eM_exu_alu_lsuagu.unalgn_flg_dffl.qout_r	dbg_step_r	u_e203_cpu.u_e203_core.u_e203_exu.u_e203_exu_alu.u_e203_exu_alu_lsuagu.unalgn_flg_dffl.qout_r$_DFFE_PN0P_/D
401	-0.7265	u_eI_cpu.u_eJ_core.u_eK_ifu.u_eL_ifu_ifetch.ifu_hi_ir_dfflr.qout_r[M]	u_eI_cpu.u_eJ_core.u_eK_biu.u_sirv_gnrl_icb_buffer.outs_cnt_dfflr.qout_r	u_e203_cpu.u_e203_core.u_e203_ifu.u_e203_ifu_ifetch.ifu_hi_ir_dfflr.qout_r[15]$_DFFE_PN0P_/Q	u_e203_cpu.u_e203_core.u_e203_biu.u_sirv_gnrl_icb_buffer.outs_cnt_dfflr.qout_r$_DFFE_PN0P_/D
402	-0.7254	u_eI_cpu.u_eJ_core.u_eK_ifu.u_eL_ifu_ifetch.ir_rsMidx_dfflr.qout_r[N]	u_eI_cpu.u_eJ_core.u_eK_ifu.u_eL_ifu_ifetch.pc_dfflr.qout_r[M]	u_e203_cpu.u_e203_core.u_e203_ifu.u_e203_ifu_ifetch.ir_rs2idx_dfflr.qout_r[1]$_DFFE_PN0P_/QN	u_e203_cpu.u_e203_core.u_e203_ifu.u_e203_ifu_ifetch.pc_dfflr.qout_r[10]$_DFFE_PN0P_/D
403	-0.7242	u_eI_cpu.u_eJ_core.u_eK_ifu.u_eL_ifu_ifetch.ifu_lo_ir_dfflr.qout_r[M]	u_eI_cpu.u_eJ_core.u_eK_ifu.u_eL_ifu_ifetch.out_flag_dfflr.qout_r	u_e203_cpu.u_e203_core.u_e203_ifu.u_e203_ifu_ifetch.ifu_lo_ir_dfflr.qout_r[11]$_DFFE_PN0P_/Q	u_e203_cpu.u_e203_core.u_e203_ifu.u_e203_ifu_ifetch.out_flag_dfflr.qout_r$_DFFE_PN0P_/D
404	-0.7220	dbg_mode	u_eI_cpu.u_eJ_core.u_eK_ifu.u_eL_ifu_ifetch.halt_ack_dfflr.qout_r	dbg_mode	u_e203_cpu.u_e203_core.u_e203_ifu.u_e203_ifu_ifetch.halt_ack_dfflr.qout_r$_DFFE_PN0P_/D
405	-0.7194	u_eI_cpu.u_eJ_core.u_eK_ifu.u_eL_ifu_ifetch.ifu_hi_ir_dfflr.qout_r[M]	u_eI_cpu.u_eJ_core.u_eK_ifu.u_eL_ifu_iftMicb.u_eN_ifetch_rsp_bypbuf.u_bypbuf_fifo.dp_gtO.fifo_rf[P].fifo_rf_dffl.qout_r[Q]	u_e203_cpu.u_e203_core.u_e203_ifu.u_e203_ifu_ifetch.ifu_hi_ir_dfflr.qout_r[15]$_DFFE_PN0P_/Q	u_e203_cpu.u_e203_core.u_e203_ifu.u_e203_ifu_ift2icb.u_e203_ifetch_rsp_bypbuf.u_bypbuf_fifo.dp_gt0.fifo_rf[0].fifo_rf_dffl.qout_r[29]$_DFFE_PP_/D
406	-0.7164	dbg_mode	u_eI_cpu.u_eJ_core.u_eK_exu.u_eL_exu_alu.u_eM_exu_alu_lsuagu.icb_leftover_err_dfflr.qout_r	dbg_mode	u_e203_cpu.u_e203_core.u_e203_exu.u_e203_exu_alu.u_e203_exu_alu_lsuagu.icb_leftover_err_dfflr.qout_r$_DFFE_PN0P_/D
407	-0.7131	u_eI_cpu.u_eJ_core.u_eK_ifu.u_eL_ifu_ifetch.ifu_hi_ir_dfflr.qout_r[M]	u_eI_cpu.u_eJ_core.u_eK_biu.u_sirv_gnrl_icb_buffer.u_sirv_gnrl_cmd_fifo.dp_gtL.vec_M_dfflrs.qout_r	u_e203_cpu.u_e203_core.u_e203_ifu.u_e203_ifu_ifetch.ifu_hi_ir_dfflr.qout_r[15]$_DFFE_PN0P_/Q	u_e203_cpu.u_e203_core.u_e203_biu.u_sirv_gnrl_icb_buffer.u_sirv_gnrl_cmd_fifo.dp_gt0.vec_0_dfflrs.qout_r$_DFFE_PN1P_/D
408	-0.7127	dbg_step_r	u_eI_cpu.u_eJ_core.u_eK_exu.u_eL_exu_csr.mtvec_dfflr.qout_r[M]	dbg_step_r	u_e203_cpu.u_e203_core.u_e203_exu.u_e203_exu_csr.mtvec_dfflr.qout_r[27]$_DFFE_PN0P_/D
409	-0.7119	u_eI_cpu.u_eJ_core.u_eK_ifu.u_eL_ifu_ifetch.ifu_hi_ir_dfflr.qout_r[M]	u_eI_cpu.u_eJ_itcm_ctrl.u_sram_icb_ctrl.u_sirv_Kcyc_sram_ctrl.u_eL_stage.dp_gt_M.vld_dfflr.qout_r	u_e203_cpu.u_e203_core.u_e203_ifu.u_e203_ifu_ifetch.ifu_hi_ir_dfflr.qout_r[15]$_DFFE_PN0P_/Q	u_e203_cpu.u_e203_itcm_ctrl.u_sram_icb_ctrl.u_sirv_1cyc_sram_ctrl.u_e1_stage.dp_gt_0.vld_dfflr.qout_r$_DFFE_PN0P_/D
410	-0.7118	u_eI_cpu.u_eJ_core.u_eK_ifu.u_eL_ifu_ifetch.ifu_hi_ir_dfflr.qout_r[M]	u_eI_cpu.u_eJ_core.u_eK_ifu.u_eL_ifu_iftMicb.leftover_err_dfflr.qout_r	u_e203_cpu.u_e203_core.u_e203_ifu.u_e203_ifu_ifetch.ifu_hi_ir_dfflr.qout_r[15]$_DFFE_PN0P_/Q	u_e203_cpu.u_e203_core.u_e203_ifu.u_e203_ifu_ift2icb.leftover_err_dfflr.qout_r$_DFFE_PN0P_/D
411	-0.7115	dbg_halt_r	u_eI_cpu.u_eJ_dtcm_ctrl.u_sram_icb_ctrl.u_sirv_Kcyc_sram_ctrl.u_eL_stage.dp_gt_M.vld_dfflr.qout_r	dbg_halt_r	u_e203_cpu.u_e203_dtcm_ctrl.u_sram_icb_ctrl.u_sirv_1cyc_sram_ctrl.u_e1_stage.dp_gt_0.vld_dfflr.qout_r$_DFFE_PN0P_/D
412	-0.7113	u_eI_cpu.u_eJ_core.u_eK_ifu.u_eL_ifu_ifetch.ifu_lo_ir_dfflr.qout_r[M]	u_eI_cpu.u_eJ_core.u_eK_ifu.u_eL_ifu_iftMicb.u_eN_ifetch_rsp_bypbuf.u_bypbuf_fifo.dp_gtO.vec_P_dfflrs.qout_r	u_e203_cpu.u_e203_core.u_e203_ifu.u_e203_ifu_ifetch.ifu_lo_ir_dfflr.qout_r[11]$_DFFE_PN0P_/Q	u_e203_cpu.u_e203_core.u_e203_ifu.u_e203_ifu_ift2icb.u_e203_ifetch_rsp_bypbuf.u_bypbuf_fifo.dp_gt0.vec_0_dfflrs.qout_r$_DFFE_PN1P_/D
413	-0.7105	dbg_step_r	u_eI_cpu.u_eJ_core.u_eK_exu.u_eL_exu_alu.u_eM_exu_nice.u_nice_itag_fifo.dp_gtN.vec_O_dfflrs.qout_r	dbg_step_r	u_e203_cpu.u_e203_core.u_e203_exu.u_e203_exu_alu.u_e203_exu_nice.u_nice_itag_fifo.dp_gt0.vec_0_dfflrs.qout_r$_DFFE_PN1P_/D
414	-0.7095	u_eI_cpu.u_eJ_core.u_eK_exu.u_eL_exu_alu.u_eM_exu_alu_dpath.sbf_N_dffl.qout_r[O]	extIitcm_icb_cmd_ready	u_e203_cpu.u_e203_core.u_e203_exu.u_e203_exu_alu.u_e203_exu_alu_dpath.sbf_1_dffl.qout_r[0]$_DFFE_PP_/Q	ext2itcm_icb_cmd_ready
415	-0.7091	u_eI_cpu.u_eJ_core.u_eK_ifu.u_eL_ifu_ifetch.ifu_hi_ir_dfflr.qout_r[M]	u_eI_cpu.u_eJ_core.u_eK_biu.u_biu_icb_arbt.arbt_num_gt_L_gen.dp_M.u_sirv_gnrl_rspid_fifo.dp_gt_N.dat_dfflr.qout_r	u_e203_cpu.u_e203_core.u_e203_ifu.u_e203_ifu_ifetch.ifu_hi_ir_dfflr.qout_r[15]$_DFFE_PN0P_/Q	u_e203_cpu.u_e203_core.u_e203_biu.u_biu_icb_arbt.arbt_num_gt_1_gen.dp_1.u_sirv_gnrl_rspid_fifo.dp_gt_0.dat_dfflr.qout_r$_DFFE_PP_/D
416	-0.7089	u_eI_cpu.u_eJ_core.u_eK_ifu.u_eL_ifu_ifetch.ifu_hi_ir_dfflr.qout_r[M]	u_eI_cpu.u_eJ_core.u_eK_ifu.u_eL_ifu_iftMicb.req_lane_cross_dfflr.qout_r	u_e203_cpu.u_e203_core.u_e203_ifu.u_e203_ifu_ifetch.ifu_hi_ir_dfflr.qout_r[15]$_DFFE_PN0P_/Q	u_e203_cpu.u_e203_core.u_e203_ifu.u_e203_ifu_ift2icb.req_lane_cross_dfflr.qout_r$_DFFE_PN0P_/D
417	-0.7089	u_eI_cpu.u_eJ_core.u_eK_ifu.u_eL_ifu_ifetch.ifu_hi_ir_dfflr.qout_r[M]	u_eI_cpu.u_eJ_core.u_eK_ifu.u_eL_ifu_iftMicb.req_need_Nuop_dfflr.qout_r	u_e203_cpu.u_e203_core.u_e203_ifu.u_e203_ifu_ifetch.ifu_hi_ir_dfflr.qout_r[15]$_DFFE_PN0P_/Q	u_e203_cpu.u_e203_core.u_e203_ifu.u_e203_ifu_ift2icb.req_need_0uop_dfflr.qout_r$_DFFE_PN0P_/D
418	-0.7089	u_eI_cpu.u_eJ_core.u_eK_ifu.u_eL_ifu_ifetch.ifu_hi_ir_dfflr.qout_r[M]	u_eI_cpu.u_eJ_core.u_eK_ifu.u_eL_ifu_iftMicb.req_same_cross_holdup_dfflr.qout_r	u_e203_cpu.u_e203_core.u_e203_ifu.u_e203_ifu_ifetch.ifu_hi_ir_dfflr.qout_r[15]$_DFFE_PN0P_/Q	u_e203_cpu.u_e203_core.u_e203_ifu.u_e203_ifu_ift2icb.req_same_cross_holdup_dfflr.qout_r$_DFFE_PN0P_/D
419	-0.7085	dbg_step_r	u_eI_cpu.u_eJ_core.u_eK_exu.u_eL_exu_csr.mcycleh_dfflr.qout_r[M]	dbg_step_r	u_e203_cpu.u_e203_core.u_e203_exu.u_e203_exu_csr.mcycleh_dfflr.qout_r[0]$_DFFE_PN0P_/D
420	-0.7072	dbg_halt_r	u_eI_cpu.u_eJ_core.u_eK_exu.u_eL_exu_oitf.depth_gtM.alc_ptr_dfflrs.qout_r	dbg_halt_r	u_e203_cpu.u_e203_core.u_e203_exu.u_e203_exu_oitf.depth_gt1.alc_ptr_dfflrs.qout_r$_DFFE_PN0P_/D
421	-0.7071	dbg_step_r	u_eI_cpu.u_eJ_core.u_eK_exu.u_eL_exu_csr.status_mie_dfflr.qout_r	dbg_step_r	u_e203_cpu.u_e203_core.u_e203_exu.u_e203_exu_csr.status_mie_dfflr.qout_r$_DFFE_PN0P_/D
422	-0.7067	u_eI_cpu.u_eJ_core.u_eK_ifu.u_eL_ifu_ifetch.ifu_hi_ir_dfflr.qout_r[M]	u_eI_cpu.u_eJ_core.u_eK_ifu.u_eL_ifu_ifetch.ifu_err_dfflr.qout_r	u_e203_cpu.u_e203_core.u_e203_ifu.u_e203_ifu_ifetch.ifu_hi_ir_dfflr.qout_r[15]$_DFFE_PN0P_/Q	u_e203_cpu.u_e203_core.u_e203_ifu.u_e203_ifu_ifetch.ifu_err_dfflr.qout_r$_DFFE_PN0P_/D
423	-0.7067	u_eI_cpu.u_eJ_core.u_eK_ifu.u_eL_ifu_ifetch.ifu_hi_ir_dfflr.qout_r[M]	u_eI_cpu.u_eJ_core.u_eK_ifu.u_eL_ifu_ifetch.ifu_prdt_taken_dfflr.qout_r	u_e203_cpu.u_e203_core.u_e203_ifu.u_e203_ifu_ifetch.ifu_hi_ir_dfflr.qout_r[15]$_DFFE_PN0P_/Q	u_e203_cpu.u_e203_core.u_e203_ifu.u_e203_ifu_ifetch.ifu_prdt_taken_dfflr.qout_r$_DFFE_PN0P_/D
424	-0.7067	u_eI_cpu.u_eJ_core.u_eK_ifu.u_eL_ifu_ifetch.ifu_hi_ir_dfflr.qout_r[M]	u_eI_cpu.u_eJ_core.u_eK_ifu.u_eL_ifu_ifetch.ir_muldiv_bMb_dfflr.qout_r	u_e203_cpu.u_e203_core.u_e203_ifu.u_e203_ifu_ifetch.ifu_hi_ir_dfflr.qout_r[15]$_DFFE_PN0P_/Q	u_e203_cpu.u_e203_core.u_e203_ifu.u_e203_ifu_ifetch.ir_muldiv_b2b_dfflr.qout_r$_DFFE_PN0P_/D
425	-0.7067	u_eI_cpu.u_eJ_core.u_eK_ifu.u_eL_ifu_ifetch.ifu_hi_ir_dfflr.qout_r[M]	u_eI_cpu.u_eJ_itcm_ctrl.ifu_holdup_dffl.qout_r	u_e203_cpu.u_e203_core.u_e203_ifu.u_e203_ifu_ifetch.ifu_hi_ir_dfflr.qout_r[15]$_DFFE_PN0P_/Q	u_e203_cpu.u_e203_itcm_ctrl.ifu_holdup_dffl.qout_r$_DFFE_PN0P_/D
426	-0.7061	u_eI_cpu.u_eJ_core.u_eK_ifu.u_eL_ifu_ifetch.ifu_lo_ir_dfflr.qout_r[M]	u_eI_cpu.u_eJ_clk_ctrl.u_itcm_clkgate.enb	u_e203_cpu.u_e203_core.u_e203_ifu.u_e203_ifu_ifetch.ifu_lo_ir_dfflr.qout_r[11]$_DFFE_PN0P_/Q	u_e203_cpu.u_e203_clk_ctrl.u_itcm_clkgate.enb$_DLATCH_N_/D
427	-0.7056	u_eI_cpu.u_eJ_core.u_eK_ifu.u_eL_ifu_ifetch.ifu_hi_ir_dfflr.qout_r[M]	u_eI_cpu.u_eJ_itcm_ctrl.u_sram_icb_ctrl.u_sirv_Kcyc_sram_ctrl.u_eL_stage.dp_gt_M.dat_dfflr.qout_r[N]	u_e203_cpu.u_e203_core.u_e203_ifu.u_e203_ifu_ifetch.ifu_hi_ir_dfflr.qout_r[15]$_DFFE_PN0P_/Q	u_e203_cpu.u_e203_itcm_ctrl.u_sram_icb_ctrl.u_sirv_1cyc_sram_ctrl.u_e1_stage.dp_gt_0.dat_dfflr.qout_r[1]$_DFFE_PP_/D
428	-0.7036	dbg_halt_r	u_eI_cpu.u_eJ_core.u_eK_exu.u_eL_exu_oitf.oitf_entries[M].vld_dfflrs.qout_r	dbg_halt_r	u_e203_cpu.u_e203_core.u_e203_exu.u_e203_exu_oitf.oitf_entries[1].vld_dfflrs.qout_r$_DFFE_PN0P_/D
429	-0.7020	u_eI_cpu.u_eJ_core.u_eK_ifu.u_eL_ifu_ifetch.ir_rsMidx_dfflr.qout_r[N]	u_eI_cpu.u_eJ_core.u_eK_ifu.u_eL_ifu_iftMicb.leftover_dffl.qout_r[N]	u_e203_cpu.u_e203_core.u_e203_ifu.u_e203_ifu_ifetch.ir_rs2idx_dfflr.qout_r[1]$_DFFE_PN0P_/QN	u_e203_cpu.u_e203_core.u_e203_ifu.u_e203_ifu_ift2icb.leftover_dffl.qout_r[10]$_DFFE_PP_/D
430	-0.7018	dbg_halt_r	u_eI_cpu.u_eJ_dtcm_ctrl.u_sram_icb_ctrl.u_sirv_Kcyc_sram_ctrl.u_ram_clkgate.enb	dbg_halt_r	u_e203_cpu.u_e203_dtcm_ctrl.u_sram_icb_ctrl.u_sirv_1cyc_sram_ctrl.u_ram_clkgate.enb$_DLATCH_N_/D
431	-0.7011	u_eI_cpu.u_eJ_core.u_eK_ifu.u_eL_ifu_ifetch.ifu_lo_ir_dfflr.qout_r[M]	u_eI_cpu.u_eJ_core.u_eK_ifu.u_eL_ifu_ifetch.reset_req_dfflr.qout_r	u_e203_cpu.u_e203_core.u_e203_ifu.u_e203_ifu_ifetch.ifu_lo_ir_dfflr.qout_r[11]$_DFFE_PN0P_/Q	u_e203_cpu.u_e203_core.u_e203_ifu.u_e203_ifu_ifetch.reset_req_dfflr.qout_r$_DFFE_PN0P_/D
432	-0.7006	u_eI_cpu.u_eJ_core.u_eK_ifu.u_eL_ifu_ifetch.ifu_hi_ir_dfflr.qout_r[M]	u_eI_cpu.u_eJ_itcm_ctrl.u_sram_icb_ctrl.u_byp_icb_cmd_buf.u_bypbuf_fifo.dp_gtK.vec_L_dfflr.qout_r	u_e203_cpu.u_e203_core.u_e203_ifu.u_e203_ifu_ifetch.ifu_hi_ir_dfflr.qout_r[15]$_DFFE_PN0P_/Q	u_e203_cpu.u_e203_itcm_ctrl.u_sram_icb_ctrl.u_byp_icb_cmd_buf.u_bypbuf_fifo.dp_gt0.vec_31_dfflr.qout_r$_DFFE_PN0P_/D
433	-0.7005	u_eI_cpu.u_eJ_core.u_eK_ifu.u_eL_ifu_ifetch.ifu_hi_ir_dfflr.qout_r[M]	u_eI_cpu.u_eJ_core.u_eK_ifu.u_eL_ifu_iftMicb.icbNitcm_dfflr.qout_r	u_e203_cpu.u_e203_core.u_e203_ifu.u_e203_ifu_ifetch.ifu_hi_ir_dfflr.qout_r[15]$_DFFE_PN0P_/Q	u_e203_cpu.u_e203_core.u_e203_ifu.u_e203_ifu_ift2icb.icb2itcm_dfflr.qout_r$_DFFE_PN0P_/D
434	-0.7004	u_eI_cpu.u_eJ_core.u_eK_ifu.u_eL_ifu_ifetch.ir_rsMidx_dfflr.qout_r[N]	u_eI_cpu.u_eJ_core.u_eK_ifu.u_eL_ifu_ifetch.ifu_hi_ir_dfflr.qout_r[M]	u_e203_cpu.u_e203_core.u_e203_ifu.u_e203_ifu_ifetch.ir_rs2idx_dfflr.qout_r[1]$_DFFE_PN0P_/QN	u_e203_cpu.u_e203_core.u_e203_ifu.u_e203_ifu_ifetch.ifu_hi_ir_dfflr.qout_r[10]$_DFFE_PN0P_/D
435	-0.7003	u_eI_cpu.u_eJ_core.u_eK_ifu.u_eL_ifu_ifetch.ifu_lo_ir_dfflr.qout_r[M]	u_eI_cpu.u_eJ_core.u_eK_ifu.u_eL_ifu_ifetch.dly_flush_dfflr.qout_r	u_e203_cpu.u_e203_core.u_e203_ifu.u_e203_ifu_ifetch.ifu_lo_ir_dfflr.qout_r[11]$_DFFE_PN0P_/Q	u_e203_cpu.u_e203_core.u_e203_ifu.u_e203_ifu_ifetch.dly_flush_dfflr.qout_r$_DFFE_PN0P_/D
436	-0.7000	u_eI_cpu.u_eJ_core.u_eK_ifu.u_eL_ifu_ifetch.ifu_hi_ir_dfflr.qout_r[M]	u_eI_cpu.u_eJ_itcm_ctrl.u_sram_icb_ctrl.u_byp_icb_cmd_buf.u_bypbuf_fifo.dp_gtK.vec_L_dfflrs.qout_r	u_e203_cpu.u_e203_core.u_e203_ifu.u_e203_ifu_ifetch.ifu_hi_ir_dfflr.qout_r[15]$_DFFE_PN0P_/Q	u_e203_cpu.u_e203_itcm_ctrl.u_sram_icb_ctrl.u_byp_icb_cmd_buf.u_bypbuf_fifo.dp_gt0.vec_0_dfflrs.qout_r$_DFFE_PN1P_/D
437	-0.6988	u_eI_cpu.u_eJ_core.u_eK_ifu.u_eL_ifu_ifetch.ir_rsMidx_dfflr.qout_r[N]	u_eI_cpu.u_eJ_core.u_eK_ifu.u_eL_ifu_ifetch.ir_rsMidx_dfflr.qout_r[N]	u_e203_cpu.u_e203_core.u_e203_ifu.u_e203_ifu_ifetch.ir_rs2idx_dfflr.qout_r[1]$_DFFE_PN0P_/QN	u_e203_cpu.u_e203_core.u_e203_ifu.u_e203_ifu_ifetch.ir_rs2idx_dfflr.qout_r[4]$_DFFE_PN0P_/D
438	-0.6977	dbg_halt_r	u_eI_cpu.u_eJ_dtcm_ctrl.u_dtcm_icb_arbt.arbt_num_gt_K_gen.dp_L.u_sirv_gnrl_rspid_fifo.dp_gt_M.dat_dfflr.qout_r	dbg_halt_r	u_e203_cpu.u_e203_dtcm_ctrl.u_dtcm_icb_arbt.arbt_num_gt_1_gen.dp_1.u_sirv_gnrl_rspid_fifo.dp_gt_0.dat_dfflr.qout_r$_DFFE_PP_/D
439	-0.6977	u_eI_cpu.u_eJ_core.u_eK_ifu.u_eL_ifu_ifetch.ifu_hi_ir_dfflr.qout_r[M]	u_eI_cpu.u_eJ_core.u_eK_biu.u_biu_icb_arbt.arbt_num_gt_L_gen.dp_M.u_sirv_gnrl_rspid_fifo.dp_gt_N.vld_dfflr.qout_r	u_e203_cpu.u_e203_core.u_e203_ifu.u_e203_ifu_ifetch.ifu_hi_ir_dfflr.qout_r[15]$_DFFE_PN0P_/Q	u_e203_cpu.u_e203_core.u_e203_biu.u_biu_icb_arbt.arbt_num_gt_1_gen.dp_1.u_sirv_gnrl_rspid_fifo.dp_gt_0.vld_dfflr.qout_r$_DFFE_PN0P_/D
440	-0.6967	u_eI_cpu.u_eJ_core.u_eK_ifu.u_eL_ifu_ifetch.ir_rsMidx_dfflr.qout_r[N]	u_eI_cpu.u_eJ_core.u_eK_biu.u_sirv_gnrl_icb_buffer.u_sirv_gnrl_cmd_fifo.dp_gtL.fifo_rf[M].fifo_rf_dffl.qout_r[N]	u_e203_cpu.u_e203_core.u_e203_ifu.u_e203_ifu_ifetch.ir_rs2idx_dfflr.qout_r[1]$_DFFE_PN0P_/QN	u_e203_cpu.u_e203_core.u_e203_biu.u_sirv_gnrl_icb_buffer.u_sirv_gnrl_cmd_fifo.dp_gt0.fifo_rf[0].fifo_rf_dffl.qout_r[65]$_DFFE_PP_/D
441	-0.6967	u_eI_cpu.u_eJ_core.u_eK_ifu.u_eL_ifu_ifetch.ir_rsMidx_dfflr.qout_r[N]	u_eI_cpu.u_eJ_core.u_eK_ifu.u_eL_ifu_ifetch.ifu_lo_ir_dfflr.qout_r[M]	u_e203_cpu.u_e203_core.u_e203_ifu.u_e203_ifu_ifetch.ir_rs2idx_dfflr.qout_r[1]$_DFFE_PN0P_/QN	u_e203_cpu.u_e203_core.u_e203_ifu.u_e203_ifu_ifetch.ifu_lo_ir_dfflr.qout_r[12]$_DFFE_PN0P_/D
442	-0.6955	dbg_step_r	u_eI_cpu.u_eJ_core.u_eK_exu.u_eL_exu_csr.status_mpie_dfflr.qout_r	dbg_step_r	u_e203_cpu.u_e203_core.u_e203_exu.u_e203_exu_csr.status_mpie_dfflr.qout_r$_DFFE_PN0P_/D
443	-0.6953	u_eI_cpu.u_eJ_core.u_eK_ifu.u_eL_ifu_ifetch.ifu_lo_ir_dfflr.qout_r[M]	u_eI_cpu.u_eJ_clk_ctrl.itcm_active_dffr.qout_r	u_e203_cpu.u_e203_core.u_e203_ifu.u_e203_ifu_ifetch.ifu_lo_ir_dfflr.qout_r[11]$_DFFE_PN0P_/Q	u_e203_cpu.u_e203_clk_ctrl.itcm_active_dffr.qout_r$_DFF_PN0_/D
444	-0.6937	u_eI_cpu.u_eJ_core.u_eK_ifu.u_eL_ifu_ifetch.ir_rsMidx_dfflr.qout_r[N]	u_eI_cpu.u_eJ_core.u_eK_biu.u_sirv_gnrl_icb_buffer.u_sirv_gnrl_cmd_fifo.dp_gtL.vec_M_dfflr.qout_r	u_e203_cpu.u_e203_core.u_e203_ifu.u_e203_ifu_ifetch.ir_rs2idx_dfflr.qout_r[1]$_DFFE_PN0P_/QN	u_e203_cpu.u_e203_core.u_e203_biu.u_sirv_gnrl_icb_buffer.u_sirv_gnrl_cmd_fifo.dp_gt0.vec_31_dfflr.qout_r$_DFFE_PN0P_/D
445	-0.6935	u_eI_cpu.u_eJ_core.u_eK_ifu.u_eL_ifu_ifetch.ifu_hi_ir_dfflr.qout_r[M]	u_eI_cpu.u_eJ_core.u_eK_ifu.u_eL_ifu_iftMicb.icbNmem_dfflr.qout_r	u_e203_cpu.u_e203_core.u_e203_ifu.u_e203_ifu_ifetch.ifu_hi_ir_dfflr.qout_r[15]$_DFFE_PN0P_/Q	u_e203_cpu.u_e203_core.u_e203_ifu.u_e203_ifu_ift2icb.icb2mem_dfflr.qout_r$_DFFE_PN0P_/D
446	-0.6928	dbg_halt_r	u_eI_cpu.u_eJ_itcm_ctrl.u_itcm_icb_arbt.arbt_num_gt_K_gen.dp_L.u_sirv_gnrl_rspid_fifo.dp_gt_M.vld_dfflr.qout_r	dbg_halt_r	u_e203_cpu.u_e203_itcm_ctrl.u_itcm_icb_arbt.arbt_num_gt_1_gen.dp_1.u_sirv_gnrl_rspid_fifo.dp_gt_0.vld_dfflr.qout_r$_DFFE_PN0P_/D
447	-0.6910	u_eI_cpu.u_eJ_core.u_eK_ifu.u_eL_ifu_ifetch.ifu_lo_ir_dfflr.qout_r[M]	u_eI_cpu.u_eJ_clk_ctrl.u_biu_clkgate.enb	u_e203_cpu.u_e203_core.u_e203_ifu.u_e203_ifu_ifetch.ifu_lo_ir_dfflr.qout_r[11]$_DFFE_PN0P_/Q	u_e203_cpu.u_e203_clk_ctrl.u_biu_clkgate.enb$_DLATCH_N_/D
448	-0.6894	u_eI_cpu.u_eJ_core.u_eK_lsu.u_eL_lsu_ctrl.u_eM_lsu_splt_stage.dp_gt_N.vld_dfflr.qout_r	cmt_dcause_ena	u_e203_cpu.u_e203_core.u_e203_lsu.u_e203_lsu_ctrl.u_e203_lsu_splt_stage.dp_gt_0.vld_dfflr.qout_r$_DFFE_PN0P_/Q	cmt_dcause_ena
449	-0.6885	u_eI_cpu.u_eJ_core.u_eK_ifu.u_eL_ifu_ifetch.ir_rsMidx_dfflr.qout_r[N]	u_eI_cpu.u_eJ_core.u_eK_ifu.u_eL_ifu_iftMicb.icb_addr_N_O_dffl.qout_r[P]	u_e203_cpu.u_e203_core.u_e203_ifu.u_e203_ifu_ifetch.ir_rs2idx_dfflr.qout_r[1]$_DFFE_PN0P_/QN	u_e203_cpu.u_e203_core.u_e203_ifu.u_e203_ifu_ift2icb.icb_addr_2_1_dffl.qout_r[0]$_DFFE_PP_/D
450	-0.6884	u_eI_cpu.u_eJ_core.u_eK_ifu.u_eL_ifu_ifetch.ifu_hi_ir_dfflr.qout_r[M]	u_eI_cpu.u_eJ_core.u_eK_ifu.u_eL_ifu_ifetch.out_flag_dfflr.qout_r	u_e203_cpu.u_e203_core.u_e203_ifu.u_e203_ifu_ifetch.ifu_hi_ir_dfflr.qout_r[15]$_DFFE_PN0P_/Q	u_e203_cpu.u_e203_core.u_e203_ifu.u_e203_ifu_ifetch.out_flag_dfflr.qout_r$_DFFE_PN0P_/D
451	-0.6867	u_eI_cpu.u_eJ_core.u_eK_exu.u_eL_exu_alu.u_eM_exu_alu_muldiv.exec_cnt_dfflr.qout_r[N]	extIdtcm_icb_cmd_ready	u_e203_cpu.u_e203_core.u_e203_exu.u_e203_exu_alu.u_e203_exu_alu_muldiv.exec_cnt_dfflr.qout_r[3]$_DFFE_PN0P_/Q	ext2dtcm_icb_cmd_ready
452	-0.6847	u_eI_cpu.u_eJ_core.u_eK_ifu.u_eL_ifu_ifetch.ir_rsMidx_dfflr.qout_r[N]	u_eI_cpu.u_eJ_itcm_ctrl.u_sram_icb_ctrl.u_byp_icb_cmd_buf.u_bypbuf_fifo.dp_gtK.fifo_rf[L].fifo_rf_dffl.qout_r[M]	u_e203_cpu.u_e203_core.u_e203_ifu.u_e203_ifu_ifetch.ir_rs2idx_dfflr.qout_r[1]$_DFFE_PN0P_/QN	u_e203_cpu.u_e203_itcm_ctrl.u_sram_icb_ctrl.u_byp_icb_cmd_buf.u_bypbuf_fifo.dp_gt0.fifo_rf[0].fifo_rf_dffl.qout_r[2]$_DFFE_PP_/D
453	-0.6843	u_eI_cpu.u_eJ_core.u_eK_ifu.u_eL_ifu_ifetch.ir_rsMidx_dfflr.qout_r[N]	u_eI_cpu.u_eJ_core.u_eK_ifu.u_eL_ifu_iftMicb.icb_state_dfflr.qout_r[N]	u_e203_cpu.u_e203_core.u_e203_ifu.u_e203_ifu_ifetch.ir_rs2idx_dfflr.qout_r[1]$_DFFE_PN0P_/QN	u_e203_cpu.u_e203_core.u_e203_ifu.u_e203_ifu_ift2icb.icb_state_dfflr.qout_r[1]$_DFFE_PN0P_/D
454	-0.6833	dbg_halt_r	u_eI_cpu.u_eJ_core.u_eK_exu.u_eL_exu_alu.u_eM_exu_alu_lsuagu.icb_state_dfflr.qout_r[N]	dbg_halt_r	u_e203_cpu.u_e203_core.u_e203_exu.u_e203_exu_alu.u_e203_exu_alu_lsuagu.icb_state_dfflr.qout_r[1]$_DFFE_PN0P_/D
455	-0.6825	dbg_step_r	u_eI_cpu.u_eJ_core.u_eK_exu.u_eL_exu_alu.u_eM_exu_nice.u_nice_itag_fifo.dp_gtN.dp_gtO.wptr_vec_P_dfflr.qout_r[Q]	dbg_step_r	u_e203_cpu.u_e203_core.u_e203_exu.u_e203_exu_alu.u_e203_exu_nice.u_nice_itag_fifo.dp_gt0.dp_gt1.wptr_vec_31_dfflr.qout_r[0]$_DFFE_PN0P_/D
456	-0.6808	dbg_step_r	u_eI_cpu.u_eJ_core.u_eK_exu.u_eL_exu_alu.u_eM_exu_nice.u_nice_itag_fifo.dp_gtN.fifo_rf[O].fifo_rf_dffl.qout_r	dbg_step_r	u_e203_cpu.u_e203_core.u_e203_exu.u_e203_exu_alu.u_e203_exu_nice.u_nice_itag_fifo.dp_gt0.fifo_rf[2].fifo_rf_dffl.qout_r$_DFFE_PP_/D
457	-0.6804	dbg_mode	u_eI_cpu.u_eJ_clk_ctrl.u_lsu_clkgate.enb	dbg_mode	u_e203_cpu.u_e203_clk_ctrl.u_lsu_clkgate.enb$_DLATCH_N_/D
458	-0.6801	u_eI_cpu.u_eJ_core.u_eK_lsu.u_eL_lsu_ctrl.u_eM_lsu_splt_stage.dp_gt_N.vld_dfflr.qout_r	cmt_dcause[I]	u_e203_cpu.u_e203_core.u_e203_lsu.u_e203_lsu_ctrl.u_e203_lsu_splt_stage.dp_gt_0.vld_dfflr.qout_r$_DFFE_PN0P_/Q	cmt_dcause[1]
459	-0.6793	dbg_halt_r	u_eI_cpu.u_eJ_core.u_eK_exu.u_eL_exu_oitf.depth_gtM.alc_ptr_flg_dfflrs.qout_r	dbg_halt_r	u_e203_cpu.u_e203_core.u_e203_exu.u_e203_exu_oitf.depth_gt1.alc_ptr_flg_dfflrs.qout_r$_DFFE_PN0P_/D
460	-0.6790	dbg_halt_r	u_eI_cpu.u_eJ_core.u_eK_exu.u_eL_exu_oitf.oitf_entries[M].rdwen_dfflrs.qout_r	dbg_halt_r	u_e203_cpu.u_e203_core.u_e203_exu.u_e203_exu_oitf.oitf_entries[1].rdwen_dfflrs.qout_r$_DFFE_PP_/D
461	-0.6790	u_eI_cpu.u_eJ_core.u_eK_ifu.u_eL_ifu_ifetch.ifu_err_dfflr.qout_r	cmt_dcause_ena	u_e203_cpu.u_e203_core.u_e203_ifu.u_e203_ifu_ifetch.ifu_err_dfflr.qout_r$_DFFE_PN0P_/Q	cmt_dcause_ena
462	-0.6789	u_eI_cpu.u_eJ_core.u_eK_ifu.u_eL_ifu_ifetch.ir_rsMidx_dfflr.qout_r[N]	u_eI_cpu.u_eJ_core.u_eK_ifu.u_eL_ifu_ifetch.pc_newpend_dfflr.qout_r	u_e203_cpu.u_e203_core.u_e203_ifu.u_e203_ifu_ifetch.ir_rs2idx_dfflr.qout_r[1]$_DFFE_PN0P_/QN	u_e203_cpu.u_e203_core.u_e203_ifu.u_e203_ifu_ifetch.pc_newpend_dfflr.qout_r$_DFFE_PN0P_/D
463	-0.6779	u_eI_cpu.u_eJ_itcm_ctrl.u_sram_icb_ctrl.u_sirv_Kcyc_sram_ctrl.u_eL_stage.dp_gt_M.vld_dfflr.qout_r	cmt_dcause_ena	u_e203_cpu.u_e203_itcm_ctrl.u_sram_icb_ctrl.u_sirv_1cyc_sram_ctrl.u_e1_stage.dp_gt_0.vld_dfflr.qout_r$_DFFE_PN0P_/Q	cmt_dcause_ena
464	-0.6779	dbg_step_r	u_eI_cpu.u_eJ_core.u_eK_exu.u_eL_exu_csr.mscratch_dfflr.qout_r[M]	dbg_step_r	u_e203_cpu.u_e203_core.u_e203_exu.u_e203_exu_csr.mscratch_dfflr.qout_r[11]$_DFFE_PN0P_/D
465	-0.6766	dbg_mode	u_eI_cpu.u_eJ_core.u_eK_exu.u_eL_exu_commit.u_eM_exu_excp.wfi_halt_req_dfflr.qout_r	dbg_mode	u_e203_cpu.u_e203_core.u_e203_exu.u_e203_exu_commit.u_e203_exu_excp.wfi_halt_req_dfflr.qout_r$_DFFE_PN0P_/D
466	-0.6756	u_eI_cpu.u_eJ_core.u_eK_ifu.u_eL_ifu_ifetch.ifu_hi_ir_dfflr.qout_r[M]	u_eI_cpu.u_eJ_core.u_eK_ifu.u_eL_ifu_iftMicb.u_eN_ifetch_rsp_bypbuf.u_bypbuf_fifo.dp_gtO.vec_P_dfflrs.qout_r	u_e203_cpu.u_e203_core.u_e203_ifu.u_e203_ifu_ifetch.ifu_hi_ir_dfflr.qout_r[15]$_DFFE_PN0P_/Q	u_e203_cpu.u_e203_core.u_e203_ifu.u_e203_ifu_ift2icb.u_e203_ifetch_rsp_bypbuf.u_bypbuf_fifo.dp_gt0.vec_0_dfflrs.qout_r$_DFFE_PN1P_/D
467	-0.6744	u_eI_cpu.u_eJ_core.u_eK_lsu.u_eL_lsu_ctrl.u_eM_lsu_splt_stage.dp_gt_N.vld_dfflr.qout_r	core_wfi	u_e203_cpu.u_e203_core.u_e203_lsu.u_e203_lsu_ctrl.u_e203_lsu_splt_stage.dp_gt_0.vld_dfflr.qout_r$_DFFE_PN0P_/Q	core_wfi
468	-0.6738	dbg_halt_r	u_eI_cpu.u_eJ_core.u_eK_exu.u_eL_exu_csr.badaddr_dfflr.qout_r[M]	dbg_halt_r	u_e203_cpu.u_e203_core.u_e203_exu.u_e203_exu_csr.badaddr_dfflr.qout_r[23]$_DFFE_PN0P_/D
469	-0.6738	u_eI_cpu.u_eJ_core.u_eK_ifu.u_eL_ifu_ifetch.ifu_lo_ir_dfflr.qout_r[M]	u_eI_cpu.u_eJ_itcm_ctrl.u_sram_icb_ctrl.u_sirv_Kcyc_sram_ctrl.u_ram_clkgate.enb	u_e203_cpu.u_e203_core.u_e203_ifu.u_e203_ifu_ifetch.ifu_lo_ir_dfflr.qout_r[11]$_DFFE_PN0P_/Q	u_e203_cpu.u_e203_itcm_ctrl.u_sram_icb_ctrl.u_sirv_1cyc_sram_ctrl.u_ram_clkgate.enb$_DLATCH_N_/D
470	-0.6725	dbg_halt_r	u_eI_cpu.u_eJ_core.u_eK_ifu.u_eL_ifu_ifetch.ifu_pc_dfflr.qout_r[M]	dbg_halt_r	u_e203_cpu.u_e203_core.u_e203_ifu.u_e203_ifu_ifetch.ifu_pc_dfflr.qout_r[10]$_DFFE_PN0P_/D
471	-0.6712	u_eI_cpu.u_eJ_core.u_eK_ifu.u_eL_ifu_ifetch.ir_rsMidx_dfflr.qout_r[N]	u_eI_cpu.u_eJ_core.u_eK_biu.u_sirv_gnrl_icb_buffer.outs_cnt_dfflr.qout_r	u_e203_cpu.u_e203_core.u_e203_ifu.u_e203_ifu_ifetch.ir_rs2idx_dfflr.qout_r[1]$_DFFE_PN0P_/QN	u_e203_cpu.u_e203_core.u_e203_biu.u_sirv_gnrl_icb_buffer.outs_cnt_dfflr.qout_r$_DFFE_PN0P_/D
472	-0.6710	dbg_step_r	u_eI_cpu.u_eJ_nice_core.sbuf_cmd_cnt_dfflr.qout_r[K]	dbg_step_r	u_e203_cpu.u_e203_nice_core.sbuf_cmd_cnt_dfflr.qout_r[0]$_DFFE_PN0P_/D
473	-0.6703	u_eI_cpu.u_eJ_core.u_eK_ifu.u_eL_ifu_ifetch.ifu_hi_ir_dfflr.qout_r[M]	u_eI_cpu.u_eJ_clk_ctrl.u_itcm_clkgate.enb	u_e203_cpu.u_e203_core.u_e203_ifu.u_e203_ifu_ifetch.ifu_hi_ir_dfflr.qout_r[15]$_DFFE_PN0P_/Q	u_e203_cpu.u_e203_clk_ctrl.u_itcm_clkgate.enb$_DLATCH_N_/D
474	-0.6697	u_eI_cpu.u_eJ_core.u_eK_ifu.u_eL_ifu_ifetch.ifu_err_dfflr.qout_r	cmt_dcause[I]	u_e203_cpu.u_e203_core.u_e203_ifu.u_e203_ifu_ifetch.ifu_err_dfflr.qout_r$_DFFE_PN0P_/Q	cmt_dcause[1]
475	-0.6686	u_eI_cpu.u_eJ_itcm_ctrl.u_sram_icb_ctrl.u_sirv_Kcyc_sram_ctrl.u_eL_stage.dp_gt_M.vld_dfflr.qout_r	cmt_dcause[I]	u_e203_cpu.u_e203_itcm_ctrl.u_sram_icb_ctrl.u_sirv_1cyc_sram_ctrl.u_e1_stage.dp_gt_0.vld_dfflr.qout_r$_DFFE_PN0P_/Q	cmt_dcause[1]
476	-0.6686	dbg_mode	u_eI_cpu.u_eJ_core.u_eK_exu.u_eL_exu_commit.u_eM_exu_excp.wfi_flag_dfflr.qout_r	dbg_mode	u_e203_cpu.u_e203_core.u_e203_exu.u_e203_exu_commit.u_e203_exu_excp.wfi_flag_dfflr.qout_r$_DFFE_PN0P_/D
477	-0.6656	dbg_halt_r	u_eI_cpu.u_eJ_core.u_eK_exu.u_eL_exu_regfile.regfile[M].rfnoN.rf_dffl.qout_r[O]	dbg_halt_r	u_e203_cpu.u_e203_core.u_e203_exu.u_e203_exu_regfile.regfile[10].rfno0.rf_dffl.qout_r[24]$_DFFE_PP_/D
478	-0.6653	u_eI_cpu.u_eJ_core.u_eK_ifu.u_eL_ifu_ifetch.ifu_hi_ir_dfflr.qout_r[M]	u_eI_cpu.u_eJ_core.u_eK_ifu.u_eL_ifu_ifetch.reset_req_dfflr.qout_r	u_e203_cpu.u_e203_core.u_e203_ifu.u_e203_ifu_ifetch.ifu_hi_ir_dfflr.qout_r[15]$_DFFE_PN0P_/Q	u_e203_cpu.u_e203_core.u_e203_ifu.u_e203_ifu_ifetch.reset_req_dfflr.qout_r$_DFFE_PN0P_/D
479	-0.6645	u_eI_cpu.u_eJ_core.u_eK_ifu.u_eL_ifu_ifetch.ifu_hi_ir_dfflr.qout_r[M]	u_eI_cpu.u_eJ_core.u_eK_ifu.u_eL_ifu_ifetch.dly_flush_dfflr.qout_r	u_e203_cpu.u_e203_core.u_e203_ifu.u_e203_ifu_ifetch.ifu_hi_ir_dfflr.qout_r[15]$_DFFE_PN0P_/Q	u_e203_cpu.u_e203_core.u_e203_ifu.u_e203_ifu_ifetch.dly_flush_dfflr.qout_r$_DFFE_PN0P_/D
480	-0.6641	u_eI_cpu.u_eJ_core.u_eK_ifu.u_eL_ifu_ifetch.ir_rsMidx_dfflr.qout_r[N]	u_eI_cpu.u_eJ_core.u_eK_ifu.u_eL_ifu_iftMicb.u_eN_ifetch_rsp_bypbuf.u_bypbuf_fifo.dp_gtO.fifo_rf[P].fifo_rf_dffl.qout_r[Q]	u_e203_cpu.u_e203_core.u_e203_ifu.u_e203_ifu_ifetch.ir_rs2idx_dfflr.qout_r[1]$_DFFE_PN0P_/QN	u_e203_cpu.u_e203_core.u_e203_ifu.u_e203_ifu_ift2icb.u_e203_ifetch_rsp_bypbuf.u_bypbuf_fifo.dp_gt0.fifo_rf[0].fifo_rf_dffl.qout_r[30]$_DFFE_PP_/D
481	-0.6640	u_eI_cpu.u_eJ_core.u_eK_ifu.u_eL_ifu_ifetch.ifu_err_dfflr.qout_r	core_wfi	u_e203_cpu.u_e203_core.u_e203_ifu.u_e203_ifu_ifetch.ifu_err_dfflr.qout_r$_DFFE_PN0P_/Q	core_wfi
482	-0.6635	dbg_mode	wr_csr_nxt[I]	dbg_mode	wr_csr_nxt[0]
483	-0.6630	u_eI_cpu.u_eJ_itcm_ctrl.u_sram_icb_ctrl.u_sirv_Kcyc_sram_ctrl.u_eL_stage.dp_gt_M.vld_dfflr.qout_r	core_wfi	u_e203_cpu.u_e203_itcm_ctrl.u_sram_icb_ctrl.u_sirv_1cyc_sram_ctrl.u_e1_stage.dp_gt_0.vld_dfflr.qout_r$_DFFE_PN0P_/Q	core_wfi
484	-0.6626	dbg_mode	u_eI_cpu.u_eJ_nice_core.state_dfflr.qout_r[K]	dbg_mode	u_e203_cpu.u_e203_nice_core.state_dfflr.qout_r[0]$_DFFE_PN0P_/D
485	-0.6613	u_eI_cpu.u_eJ_core.u_eK_ifu.u_eL_ifu_ifetch.ifu_lo_ir_dfflr.qout_r[M]	u_eI_cpu.u_eJ_core.u_eK_exu.u_eL_exu_alu.u_eM_exu_alu_dpath.sbf_N_dffl.qout_r[O]	u_e203_cpu.u_e203_core.u_e203_ifu.u_e203_ifu_ifetch.ifu_lo_ir_dfflr.qout_r[11]$_DFFE_PN0P_/Q	u_e203_cpu.u_e203_core.u_e203_exu.u_e203_exu_alu.u_e203_exu_alu_dpath.sbf_1_dffl.qout_r[11]$_DFFE_PP_/D
486	-0.6595	u_eI_cpu.u_eJ_core.u_eK_ifu.u_eL_ifu_ifetch.ifu_hi_ir_dfflr.qout_r[M]	u_eI_cpu.u_eJ_clk_ctrl.itcm_active_dffr.qout_r	u_e203_cpu.u_e203_core.u_e203_ifu.u_e203_ifu_ifetch.ifu_hi_ir_dfflr.qout_r[15]$_DFFE_PN0P_/Q	u_e203_cpu.u_e203_clk_ctrl.itcm_active_dffr.qout_r$_DFF_PN0_/D
487	-0.6578	u_eI_cpu.u_eJ_core.u_eK_ifu.u_eL_ifu_ifetch.ir_rsMidx_dfflr.qout_r[N]	u_eI_cpu.u_eJ_core.u_eK_biu.u_sirv_gnrl_icb_buffer.u_sirv_gnrl_cmd_fifo.dp_gtL.vec_M_dfflrs.qout_r	u_e203_cpu.u_e203_core.u_e203_ifu.u_e203_ifu_ifetch.ir_rs2idx_dfflr.qout_r[1]$_DFFE_PN0P_/QN	u_e203_cpu.u_e203_core.u_e203_biu.u_sirv_gnrl_icb_buffer.u_sirv_gnrl_cmd_fifo.dp_gt0.vec_0_dfflrs.qout_r$_DFFE_PN1P_/D
488	-0.6566	u_eI_cpu.u_eJ_core.u_eK_ifu.u_eL_ifu_ifetch.ir_rsMidx_dfflr.qout_r[N]	u_eI_cpu.u_eJ_itcm_ctrl.u_sram_icb_ctrl.u_sirv_Kcyc_sram_ctrl.u_eL_stage.dp_gt_M.vld_dfflr.qout_r	u_e203_cpu.u_e203_core.u_e203_ifu.u_e203_ifu_ifetch.ir_rs2idx_dfflr.qout_r[1]$_DFFE_PN0P_/QN	u_e203_cpu.u_e203_itcm_ctrl.u_sram_icb_ctrl.u_sirv_1cyc_sram_ctrl.u_e1_stage.dp_gt_0.vld_dfflr.qout_r$_DFFE_PN0P_/D
489	-0.6565	u_eI_cpu.u_eJ_core.u_eK_ifu.u_eL_ifu_ifetch.ir_rsMidx_dfflr.qout_r[N]	u_eI_cpu.u_eJ_core.u_eK_ifu.u_eL_ifu_iftMicb.leftover_err_dfflr.qout_r	u_e203_cpu.u_e203_core.u_e203_ifu.u_e203_ifu_ifetch.ir_rs2idx_dfflr.qout_r[1]$_DFFE_PN0P_/QN	u_e203_cpu.u_e203_core.u_e203_ifu.u_e203_ifu_ift2icb.leftover_err_dfflr.qout_r$_DFFE_PN0P_/D
490	-0.6558	u_eI_cpu.u_eJ_core.u_eK_ifu.u_eL_ifu_ifetch.ifu_prdt_taken_dfflr.qout_r	extIdtcm_icb_cmd_ready	u_e203_cpu.u_e203_core.u_e203_ifu.u_e203_ifu_ifetch.ifu_prdt_taken_dfflr.qout_r$_DFFE_PN0P_/Q	ext2dtcm_icb_cmd_ready
491	-0.6552	u_eI_cpu.u_eJ_core.u_eK_ifu.u_eL_ifu_ifetch.ifu_hi_ir_dfflr.qout_r[M]	u_eI_cpu.u_eJ_clk_ctrl.u_biu_clkgate.enb	u_e203_cpu.u_e203_core.u_e203_ifu.u_e203_ifu_ifetch.ifu_hi_ir_dfflr.qout_r[15]$_DFFE_PN0P_/Q	u_e203_cpu.u_e203_clk_ctrl.u_biu_clkgate.enb$_DLATCH_N_/D
492	-0.6538	u_eI_cpu.u_eJ_core.u_eK_ifu.u_eL_ifu_ifetch.ir_rsMidx_dfflr.qout_r[N]	u_eI_cpu.u_eJ_core.u_eK_biu.u_biu_icb_arbt.arbt_num_gt_L_gen.dp_M.u_sirv_gnrl_rspid_fifo.dp_gt_N.dat_dfflr.qout_r	u_e203_cpu.u_e203_core.u_e203_ifu.u_e203_ifu_ifetch.ir_rs2idx_dfflr.qout_r[1]$_DFFE_PN0P_/QN	u_e203_cpu.u_e203_core.u_e203_biu.u_biu_icb_arbt.arbt_num_gt_1_gen.dp_1.u_sirv_gnrl_rspid_fifo.dp_gt_0.dat_dfflr.qout_r$_DFFE_PP_/D
493	-0.6536	u_eI_cpu.u_eJ_core.u_eK_ifu.u_eL_ifu_ifetch.ir_rsMidx_dfflr.qout_r[N]	u_eI_cpu.u_eJ_core.u_eK_ifu.u_eL_ifu_iftMicb.req_lane_cross_dfflr.qout_r	u_e203_cpu.u_e203_core.u_e203_ifu.u_e203_ifu_ifetch.ir_rs2idx_dfflr.qout_r[1]$_DFFE_PN0P_/QN	u_e203_cpu.u_e203_core.u_e203_ifu.u_e203_ifu_ift2icb.req_lane_cross_dfflr.qout_r$_DFFE_PN0P_/D
494	-0.6536	u_eI_cpu.u_eJ_core.u_eK_ifu.u_eL_ifu_ifetch.ir_rsMidx_dfflr.qout_r[N]	u_eI_cpu.u_eJ_core.u_eK_ifu.u_eL_ifu_iftMicb.req_need_Nuop_dfflr.qout_r	u_e203_cpu.u_e203_core.u_e203_ifu.u_e203_ifu_ifetch.ir_rs2idx_dfflr.qout_r[1]$_DFFE_PN0P_/QN	u_e203_cpu.u_e203_core.u_e203_ifu.u_e203_ifu_ift2icb.req_need_0uop_dfflr.qout_r$_DFFE_PN0P_/D
495	-0.6536	u_eI_cpu.u_eJ_core.u_eK_ifu.u_eL_ifu_ifetch.ir_rsMidx_dfflr.qout_r[N]	u_eI_cpu.u_eJ_core.u_eK_ifu.u_eL_ifu_iftMicb.req_same_cross_holdup_dfflr.qout_r	u_e203_cpu.u_e203_core.u_e203_ifu.u_e203_ifu_ifetch.ir_rs2idx_dfflr.qout_r[1]$_DFFE_PN0P_/QN	u_e203_cpu.u_e203_core.u_e203_ifu.u_e203_ifu_ift2icb.req_same_cross_holdup_dfflr.qout_r$_DFFE_PN0P_/D
496	-0.6518	u_eI_cpu.u_eJ_core.u_eK_exu.u_eL_exu_alu.u_eM_exu_alu_lsuagu.icb_state_dfflr.qout_r[N]	cmt_dcause_ena	u_e203_cpu.u_e203_core.u_e203_exu.u_e203_exu_alu.u_e203_exu_alu_lsuagu.icb_state_dfflr.qout_r[0]$_DFFE_PN0P_/Q	cmt_dcause_ena
497	-0.6514	u_eI_cpu.u_eJ_core.u_eK_ifu.u_eL_ifu_ifetch.ir_rsMidx_dfflr.qout_r[N]	u_eI_cpu.u_eJ_core.u_eK_ifu.u_eL_ifu_ifetch.ifu_err_dfflr.qout_r	u_e203_cpu.u_e203_core.u_e203_ifu.u_e203_ifu_ifetch.ir_rs2idx_dfflr.qout_r[1]$_DFFE_PN0P_/QN	u_e203_cpu.u_e203_core.u_e203_ifu.u_e203_ifu_ifetch.ifu_err_dfflr.qout_r$_DFFE_PN0P_/D
498	-0.6514	u_eI_cpu.u_eJ_core.u_eK_ifu.u_eL_ifu_ifetch.ir_rsMidx_dfflr.qout_r[N]	u_eI_cpu.u_eJ_core.u_eK_ifu.u_eL_ifu_ifetch.ifu_prdt_taken_dfflr.qout_r	u_e203_cpu.u_e203_core.u_e203_ifu.u_e203_ifu_ifetch.ir_rs2idx_dfflr.qout_r[1]$_DFFE_PN0P_/QN	u_e203_cpu.u_e203_core.u_e203_ifu.u_e203_ifu_ifetch.ifu_prdt_taken_dfflr.qout_r$_DFFE_PN0P_/D
499	-0.6514	u_eI_cpu.u_eJ_core.u_eK_ifu.u_eL_ifu_ifetch.ir_rsMidx_dfflr.qout_r[N]	u_eI_cpu.u_eJ_core.u_eK_ifu.u_eL_ifu_ifetch.ir_muldiv_bMb_dfflr.qout_r	u_e203_cpu.u_e203_core.u_e203_ifu.u_e203_ifu_ifetch.ir_rs2idx_dfflr.qout_r[1]$_DFFE_PN0P_/QN	u_e203_cpu.u_e203_core.u_e203_ifu.u_e203_ifu_ifetch.ir_muldiv_b2b_dfflr.qout_r$_DFFE_PN0P_/D
500	-0.6514	u_eI_cpu.u_eJ_core.u_eK_ifu.u_eL_ifu_ifetch.ir_rsMidx_dfflr.qout_r[N]	u_eI_cpu.u_eJ_itcm_ctrl.ifu_holdup_dffl.qout_r	u_e203_cpu.u_e203_core.u_e203_ifu.u_e203_ifu_ifetch.ir_rs2idx_dfflr.qout_r[1]$_DFFE_PN0P_/QN	u_e203_cpu.u_e203_itcm_ctrl.ifu_holdup_dffl.qout_r$_DFFE_PN0P_/D
501	-0.6503	u_eI_cpu.u_eJ_core.u_eK_ifu.u_eL_ifu_ifetch.ir_rsMidx_dfflr.qout_r[N]	u_eI_cpu.u_eJ_itcm_ctrl.u_sram_icb_ctrl.u_sirv_Kcyc_sram_ctrl.u_eL_stage.dp_gt_M.dat_dfflr.qout_r[N]	u_e203_cpu.u_e203_core.u_e203_ifu.u_e203_ifu_ifetch.ir_rs2idx_dfflr.qout_r[1]$_DFFE_PN0P_/QN	u_e203_cpu.u_e203_itcm_ctrl.u_sram_icb_ctrl.u_sirv_1cyc_sram_ctrl.u_e1_stage.dp_gt_0.dat_dfflr.qout_r[1]$_DFFE_PP_/D
502	-0.6502	u_eI_cpu.u_eJ_core.u_eK_ifu.u_eL_ifu_ifetch.ir_muldiv_bMb_dfflr.qout_r	extIdtcm_icb_cmd_ready	u_e203_cpu.u_e203_core.u_e203_ifu.u_e203_ifu_ifetch.ir_muldiv_b2b_dfflr.qout_r$_DFFE_PN0P_/Q	ext2dtcm_icb_cmd_ready
503	-0.6498	u_eI_cpu.u_eJ_core.u_eK_exu.u_eL_exu_oitf.depth_gtM.alc_ptr_dfflrs.qout_r	cmt_dcause_ena	u_e203_cpu.u_e203_core.u_e203_exu.u_e203_exu_oitf.depth_gt1.alc_ptr_dfflrs.qout_r$_DFFE_PN0P_/Q	cmt_dcause_ena
504	-0.6466	u_eI_cpu.u_eJ_core.u_eK_exu.u_eL_exu_alu.u_eM_exu_alu_dpath.sbf_N_dffl.qout_r[O]	extIdtcm_icb_cmd_ready	u_e203_cpu.u_e203_core.u_e203_exu.u_e203_exu_alu.u_e203_exu_alu_dpath.sbf_0_dffl.qout_r[32]$_SDFFCE_PN0P_/Q	ext2dtcm_icb_cmd_ready
505	-0.6456	u_eI_cpu.u_eJ_core.u_eK_lsu.u_eL_lsu_ctrl.u_eM_lsu_splt_stage.dp_gt_N.vld_dfflr.qout_r	cmt_dpc_ena	u_e203_cpu.u_e203_core.u_e203_lsu.u_e203_lsu_ctrl.u_e203_lsu_splt_stage.dp_gt_0.vld_dfflr.qout_r$_DFFE_PN0P_/Q	cmt_dpc_ena
506	-0.6453	u_eI_cpu.u_eJ_core.u_eK_ifu.u_eL_ifu_ifetch.ir_rsMidx_dfflr.qout_r[N]	u_eI_cpu.u_eJ_itcm_ctrl.u_sram_icb_ctrl.u_byp_icb_cmd_buf.u_bypbuf_fifo.dp_gtK.vec_L_dfflr.qout_r	u_e203_cpu.u_e203_core.u_e203_ifu.u_e203_ifu_ifetch.ir_rs2idx_dfflr.qout_r[1]$_DFFE_PN0P_/QN	u_e203_cpu.u_e203_itcm_ctrl.u_sram_icb_ctrl.u_byp_icb_cmd_buf.u_bypbuf_fifo.dp_gt0.vec_31_dfflr.qout_r$_DFFE_PN0P_/D
507	-0.6452	u_eI_cpu.u_eJ_itcm_ctrl.u_itcm_icb_arbt.arbt_num_gt_K_gen.dp_L.u_sirv_gnrl_rspid_fifo.dp_gt_M.vld_dfflr.qout_r	cmt_dcause_ena	u_e203_cpu.u_e203_itcm_ctrl.u_itcm_icb_arbt.arbt_num_gt_1_gen.dp_1.u_sirv_gnrl_rspid_fifo.dp_gt_0.vld_dfflr.qout_r$_DFFE_PN0P_/Q	cmt_dcause_ena
508	-0.6452	u_eI_cpu.u_eJ_core.u_eK_ifu.u_eL_ifu_ifetch.ir_rsMidx_dfflr.qout_r[N]	u_eI_cpu.u_eJ_core.u_eK_ifu.u_eL_ifu_iftMicb.icbNitcm_dfflr.qout_r	u_e203_cpu.u_e203_core.u_e203_ifu.u_e203_ifu_ifetch.ir_rs2idx_dfflr.qout_r[1]$_DFFE_PN0P_/QN	u_e203_cpu.u_e203_core.u_e203_ifu.u_e203_ifu_ift2icb.icb2itcm_dfflr.qout_r$_DFFE_PN0P_/D
509	-0.6447	u_eI_cpu.u_eJ_core.u_eK_ifu.u_eL_ifu_ifetch.ir_rsMidx_dfflr.qout_r[N]	u_eI_cpu.u_eJ_itcm_ctrl.u_sram_icb_ctrl.u_byp_icb_cmd_buf.u_bypbuf_fifo.dp_gtK.vec_L_dfflrs.qout_r	u_e203_cpu.u_e203_core.u_e203_ifu.u_e203_ifu_ifetch.ir_rs2idx_dfflr.qout_r[1]$_DFFE_PN0P_/QN	u_e203_cpu.u_e203_itcm_ctrl.u_sram_icb_ctrl.u_byp_icb_cmd_buf.u_bypbuf_fifo.dp_gt0.vec_0_dfflrs.qout_r$_DFFE_PN1P_/D
510	-0.6425	u_eI_cpu.u_eJ_core.u_eK_exu.u_eL_exu_alu.u_eM_exu_alu_lsuagu.icb_state_dfflr.qout_r[N]	cmt_dcause[I]	u_e203_cpu.u_e203_core.u_e203_exu.u_e203_exu_alu.u_e203_exu_alu_lsuagu.icb_state_dfflr.qout_r[0]$_DFFE_PN0P_/Q	cmt_dcause[1]
511	-0.6424	u_eI_cpu.u_eJ_core.u_eK_ifu.u_eL_ifu_ifetch.ir_rsMidx_dfflr.qout_r[N]	u_eI_cpu.u_eJ_core.u_eK_biu.u_biu_icb_arbt.arbt_num_gt_L_gen.dp_M.u_sirv_gnrl_rspid_fifo.dp_gt_N.vld_dfflr.qout_r	u_e203_cpu.u_e203_core.u_e203_ifu.u_e203_ifu_ifetch.ir_rs2idx_dfflr.qout_r[1]$_DFFE_PN0P_/QN	u_e203_cpu.u_e203_core.u_e203_biu.u_biu_icb_arbt.arbt_num_gt_1_gen.dp_1.u_sirv_gnrl_rspid_fifo.dp_gt_0.vld_dfflr.qout_r$_DFFE_PN0P_/D
512	-0.6418	u_eI_cpu.u_eJ_core.u_eK_lsu.u_eL_lsu_ctrl.u_eM_lsu_splt_stage.dp_gt_N.dat_dfflr.qout_r[O]	cmt_dcause_ena	u_e203_cpu.u_e203_core.u_e203_lsu.u_e203_lsu_ctrl.u_e203_lsu_splt_stage.dp_gt_0.dat_dfflr.qout_r[43]$_DFFE_PP_/Q	cmt_dcause_ena
513	-0.6409	u_eI_cpu.u_eJ_core.u_eK_biu.u_biu_icb_arbt.arbt_num_gt_L_gen.dp_M.u_sirv_gnrl_rspid_fifo.dp_gt_N.vld_dfflr.qout_r	cmt_dcause_ena	u_e203_cpu.u_e203_core.u_e203_biu.u_biu_icb_arbt.arbt_num_gt_1_gen.dp_1.u_sirv_gnrl_rspid_fifo.dp_gt_0.vld_dfflr.qout_r$_DFFE_PN0P_/Q	cmt_dcause_ena
514	-0.6405	u_eI_cpu.u_eJ_core.u_eK_exu.u_eL_exu_oitf.depth_gtM.alc_ptr_dfflrs.qout_r	cmt_dcause[I]	u_e203_cpu.u_e203_core.u_e203_exu.u_e203_exu_oitf.depth_gt1.alc_ptr_dfflrs.qout_r$_DFFE_PN0P_/Q	cmt_dcause[1]
515	-0.6404	u_eI_cpu.u_eJ_core.u_eK_ifu.u_eL_ifu_ifetch.ifu_lo_ir_dfflr.qout_r[M]	u_eI_cpu.u_eJ_core.u_eK_exu.u_eL_exu_alu.u_eM_exu_alu_dpath.sbf_N_dffl.qout_r[O]	u_e203_cpu.u_e203_core.u_e203_ifu.u_e203_ifu_ifetch.ifu_lo_ir_dfflr.qout_r[11]$_DFFE_PN0P_/Q	u_e203_cpu.u_e203_core.u_e203_exu.u_e203_exu_alu.u_e203_exu_alu_dpath.sbf_1_dffl.qout_r[32]$_SDFFCE_PN0P_/D
516	-0.6401	u_eI_cpu.u_eJ_core.u_eK_biu.u_sirv_gnrl_icb_buffer.u_sirv_gnrl_rsp_fifo.dp_gtL.vec_M_dfflr.qout_r	cmt_dcause_ena	u_e203_cpu.u_e203_core.u_e203_biu.u_sirv_gnrl_icb_buffer.u_sirv_gnrl_rsp_fifo.dp_gt0.vec_31_dfflr.qout_r$_DFFE_PN0P_/Q	cmt_dcause_ena
517	-0.6400	dbg_halt_r	u_eI_cpu.u_eJ_core.u_eK_ifu.u_eL_ifu_ifetch.ir_pc_vld_dfflr.qout_r	dbg_halt_r	u_e203_cpu.u_e203_core.u_e203_ifu.u_e203_ifu_ifetch.ir_pc_vld_dfflr.qout_r$_DFFE_PN0P_/D
518	-0.6392	u_eI_cpu.u_eJ_core.u_eK_ifu.u_eL_ifu_ifetch.ifu_lo_ir_dfflr.qout_r[M]	u_eI_cpu.u_eJ_core.u_eK_ifu.u_eL_ifu_ifetch.ir_valid_dfflr.qout_r	u_e203_cpu.u_e203_core.u_e203_ifu.u_e203_ifu_ifetch.ifu_lo_ir_dfflr.qout_r[11]$_DFFE_PN0P_/Q	u_e203_cpu.u_e203_core.u_e203_ifu.u_e203_ifu_ifetch.ir_valid_dfflr.qout_r$_DFFE_PN0P_/D
519	-0.6382	u_eI_cpu.u_eJ_core.u_eK_ifu.u_eL_ifu_ifetch.ir_rsMidx_dfflr.qout_r[N]	u_eI_cpu.u_eJ_core.u_eK_ifu.u_eL_ifu_iftMicb.icbNmem_dfflr.qout_r	u_e203_cpu.u_e203_core.u_e203_ifu.u_e203_ifu_ifetch.ir_rs2idx_dfflr.qout_r[1]$_DFFE_PN0P_/QN	u_e203_cpu.u_e203_core.u_e203_ifu.u_e203_ifu_ift2icb.icb2mem_dfflr.qout_r$_DFFE_PN0P_/D
520	-0.6380	u_eI_cpu.u_eJ_core.u_eK_ifu.u_eL_ifu_ifetch.ifu_hi_ir_dfflr.qout_r[M]	u_eI_cpu.u_eJ_itcm_ctrl.u_sram_icb_ctrl.u_sirv_Kcyc_sram_ctrl.u_ram_clkgate.enb	u_e203_cpu.u_e203_core.u_e203_ifu.u_e203_ifu_ifetch.ifu_hi_ir_dfflr.qout_r[15]$_DFFE_PN0P_/Q	u_e203_cpu.u_e203_itcm_ctrl.u_sram_icb_ctrl.u_sirv_1cyc_sram_ctrl.u_ram_clkgate.enb$_DLATCH_N_/D
521	-0.6372	dbg_step_r	u_eI_cpu.u_eJ_core.u_eK_lsu.u_eL_lsu_ctrl.u_eM_lsu_splt_stage.dp_gt_N.vld_dfflr.qout_r	dbg_step_r	u_e203_cpu.u_e203_core.u_e203_lsu.u_e203_lsu_ctrl.u_e203_lsu_splt_stage.dp_gt_0.vld_dfflr.qout_r$_DFFE_PN0P_/D
522	-0.6372	dbg_step_r	u_eI_cpu.u_eJ_core.u_eK_lsu.u_eL_lsu_ctrl.u_lsu_icb_arbt.arbt_num_gt_M_gen.dp_N.u_sirv_gnrl_rspid_fifo.dp_gt_O.vld_dfflr.qout_r	dbg_step_r	u_e203_cpu.u_e203_core.u_e203_lsu.u_e203_lsu_ctrl.u_lsu_icb_arbt.arbt_num_gt_1_gen.dp_1.u_sirv_gnrl_rspid_fifo.dp_gt_0.vld_dfflr.qout_r$_DFFE_PN0P_/D
523	-0.6368	u_eI_cpu.u_eJ_core.u_eK_exu.u_eL_exu_alu.u_eM_exu_alu_lsuagu.icb_state_dfflr.qout_r[N]	core_wfi	u_e203_cpu.u_e203_core.u_e203_exu.u_e203_exu_alu.u_e203_exu_alu_lsuagu.icb_state_dfflr.qout_r[0]$_DFFE_PN0P_/Q	core_wfi
524	-0.6359	u_eI_cpu.u_eJ_itcm_ctrl.u_itcm_icb_arbt.arbt_num_gt_K_gen.dp_L.u_sirv_gnrl_rspid_fifo.dp_gt_M.vld_dfflr.qout_r	cmt_dcause[I]	u_e203_cpu.u_e203_itcm_ctrl.u_itcm_icb_arbt.arbt_num_gt_1_gen.dp_1.u_sirv_gnrl_rspid_fifo.dp_gt_0.vld_dfflr.qout_r$_DFFE_PN0P_/Q	cmt_dcause[1]
525	-0.6354	dbg_halt_r	u_eI_cpu.u_eJ_core.u_eK_exu.u_eL_exu_alu.u_eM_exu_alu_muldiv.exec_cnt_dfflr.qout_r[N]	dbg_halt_r	u_e203_cpu.u_e203_core.u_e203_exu.u_e203_exu_alu.u_e203_exu_alu_muldiv.exec_cnt_dfflr.qout_r[1]$_DFFE_PN0P_/D
526	-0.6352	u_eI_cpu.u_eJ_core.u_eK_ifu.u_eL_ifu_ifetch.ifu_err_dfflr.qout_r	cmt_dpc_ena	u_e203_cpu.u_e203_core.u_e203_ifu.u_e203_ifu_ifetch.ifu_err_dfflr.qout_r$_DFFE_PN0P_/Q	cmt_dpc_ena
527	-0.6348	u_eI_cpu.u_eJ_core.u_eK_exu.u_eL_exu_oitf.depth_gtM.alc_ptr_dfflrs.qout_r	core_wfi	u_e203_cpu.u_e203_core.u_e203_exu.u_e203_exu_oitf.depth_gt1.alc_ptr_dfflrs.qout_r$_DFFE_PN0P_/Q	core_wfi
528	-0.6341	u_eI_cpu.u_eJ_itcm_ctrl.u_sram_icb_ctrl.u_sirv_Kcyc_sram_ctrl.u_eL_stage.dp_gt_M.vld_dfflr.qout_r	cmt_dpc_ena	u_e203_cpu.u_e203_itcm_ctrl.u_sram_icb_ctrl.u_sirv_1cyc_sram_ctrl.u_e1_stage.dp_gt_0.vld_dfflr.qout_r$_DFFE_PN0P_/Q	cmt_dpc_ena
529	-0.6337	dbg_step_r	u_eI_cpu.u_eJ_clk_ctrl.u_ifu_clkgate.enb	dbg_step_r	u_e203_cpu.u_e203_clk_ctrl.u_ifu_clkgate.enb$_DLATCH_N_/D
530	-0.6331	u_eI_cpu.u_eJ_core.u_eK_ifu.u_eL_ifu_ifetch.ir_rsMidx_dfflr.qout_r[N]	u_eI_cpu.u_eJ_core.u_eK_ifu.u_eL_ifu_ifetch.out_flag_dfflr.qout_r	u_e203_cpu.u_e203_core.u_e203_ifu.u_e203_ifu_ifetch.ir_rs2idx_dfflr.qout_r[1]$_DFFE_PN0P_/QN	u_e203_cpu.u_e203_core.u_e203_ifu.u_e203_ifu_ifetch.out_flag_dfflr.qout_r$_DFFE_PN0P_/D
531	-0.6325	u_eI_cpu.u_eJ_core.u_eK_lsu.u_eL_lsu_ctrl.u_eM_lsu_splt_stage.dp_gt_N.dat_dfflr.qout_r[O]	cmt_dcause[I]	u_e203_cpu.u_e203_core.u_e203_lsu.u_e203_lsu_ctrl.u_e203_lsu_splt_stage.dp_gt_0.dat_dfflr.qout_r[43]$_DFFE_PP_/Q	cmt_dcause[1]
532	-0.6323	u_eI_cpu.u_eJ_core.u_eK_exu.u_eL_exu_oitf.depth_gtM.ret_ptr_dfflrs.qout_r	cmt_dcause_ena	u_e203_cpu.u_e203_core.u_e203_exu.u_e203_exu_oitf.depth_gt1.ret_ptr_dfflrs.qout_r$_DFFE_PN0P_/Q	cmt_dcause_ena
533	-0.6316	u_eI_cpu.u_eJ_core.u_eK_biu.u_biu_icb_arbt.arbt_num_gt_L_gen.dp_M.u_sirv_gnrl_rspid_fifo.dp_gt_N.vld_dfflr.qout_r	cmt_dcause[I]	u_e203_cpu.u_e203_core.u_e203_biu.u_biu_icb_arbt.arbt_num_gt_1_gen.dp_1.u_sirv_gnrl_rspid_fifo.dp_gt_0.vld_dfflr.qout_r$_DFFE_PN0P_/Q	cmt_dcause[1]
534	-0.6310	u_eI_cpu.u_eJ_core.u_eK_ifu.u_eL_ifu_ifetch.ifu_lo_ir_dfflr.qout_r[M]	u_eI_srams.u_eJ_itcm_ram.u_eK_itcm_gnrl_ram.u_sirv_sim_ram.mem_r[L][M]	u_e203_cpu.u_e203_core.u_e203_ifu.u_e203_ifu_ifetch.ifu_lo_ir_dfflr.qout_r[11]$_DFFE_PN0P_/Q	u_e203_srams.u_e203_itcm_ram.u_e203_itcm_gnrl_ram.u_sirv_sim_ram.mem_r[0][32]$_DFFE_PP_/D
535	-0.6308	u_eI_cpu.u_eJ_core.u_eK_biu.u_sirv_gnrl_icb_buffer.u_sirv_gnrl_rsp_fifo.dp_gtL.vec_M_dfflr.qout_r	cmt_dcause[I]	u_e203_cpu.u_e203_core.u_e203_biu.u_sirv_gnrl_icb_buffer.u_sirv_gnrl_rsp_fifo.dp_gt0.vec_31_dfflr.qout_r$_DFFE_PN0P_/Q	cmt_dcause[1]
536	-0.6302	u_eI_cpu.u_eJ_itcm_ctrl.u_itcm_icb_arbt.arbt_num_gt_K_gen.dp_L.u_sirv_gnrl_rspid_fifo.dp_gt_M.vld_dfflr.qout_r	core_wfi	u_e203_cpu.u_e203_itcm_ctrl.u_itcm_icb_arbt.arbt_num_gt_1_gen.dp_1.u_sirv_gnrl_rspid_fifo.dp_gt_0.vld_dfflr.qout_r$_DFFE_PN0P_/Q	core_wfi
537	-0.6285	u_eI_cpu.u_eJ_dtcm_ctrl.u_dtcm_icb_arbt.arbt_num_gt_K_gen.dp_L.u_sirv_gnrl_rspid_fifo.dp_gt_M.vld_dfflr.qout_r	cmt_dcause_ena	u_e203_cpu.u_e203_dtcm_ctrl.u_dtcm_icb_arbt.arbt_num_gt_1_gen.dp_1.u_sirv_gnrl_rspid_fifo.dp_gt_0.vld_dfflr.qout_r$_DFFE_PN0P_/Q	cmt_dcause_ena
538	-0.6279	dbg_mode	u_eI_cpu.u_eJ_core.u_eK_exu.u_eL_exu_commit.u_eM_exu_excp.step_req_dfflr.qout_r	dbg_mode	u_e203_cpu.u_e203_core.u_e203_exu.u_e203_exu_commit.u_e203_exu_excp.step_req_dfflr.qout_r$_DFFE_PN0P_/D
539	-0.6276	u_eI_cpu.u_eJ_dtcm_ctrl.u_sram_icb_ctrl.u_sirv_Kcyc_sram_ctrl.u_eL_stage.dp_gt_M.vld_dfflr.qout_r	cmt_dcause_ena	u_e203_cpu.u_e203_dtcm_ctrl.u_sram_icb_ctrl.u_sirv_1cyc_sram_ctrl.u_e1_stage.dp_gt_0.vld_dfflr.qout_r$_DFFE_PN0P_/Q	cmt_dcause_ena
540	-0.6268	u_eI_cpu.u_eJ_core.u_eK_lsu.u_eL_lsu_ctrl.u_eM_lsu_splt_stage.dp_gt_N.dat_dfflr.qout_r[O]	core_wfi	u_e203_cpu.u_e203_core.u_e203_lsu.u_e203_lsu_ctrl.u_e203_lsu_splt_stage.dp_gt_0.dat_dfflr.qout_r[43]$_DFFE_PP_/Q	core_wfi
541	-0.6264	dbg_step_r	u_eI_cpu.u_eJ_core.u_eK_exu.u_eL_exu_csr.mie_dfflr.qout_r[M]	dbg_step_r	u_e203_cpu.u_e203_core.u_e203_exu.u_e203_exu_csr.mie_dfflr.qout_r[11]$_DFFE_PN0P_/D
542	-0.6259	u_eI_cpu.u_eJ_core.u_eK_biu.u_biu_icb_arbt.arbt_num_gt_L_gen.dp_M.u_sirv_gnrl_rspid_fifo.dp_gt_N.vld_dfflr.qout_r	core_wfi	u_e203_cpu.u_e203_core.u_e203_biu.u_biu_icb_arbt.arbt_num_gt_1_gen.dp_1.u_sirv_gnrl_rspid_fifo.dp_gt_0.vld_dfflr.qout_r$_DFFE_PN0P_/Q	core_wfi
543	-0.6258	u_eI_cpu.u_eJ_core.u_eK_exu.u_eL_exu_oitf.depth_gtM.alc_ptr_flg_dfflrs.qout_r	cmt_dcause_ena	u_e203_cpu.u_e203_core.u_e203_exu.u_e203_exu_oitf.depth_gt1.alc_ptr_flg_dfflrs.qout_r$_DFFE_PN0P_/Q	cmt_dcause_ena
544	-0.6256	u_eI_cpu.u_eJ_core.u_eK_ifu.u_eL_ifu_ifetch.ifu_hi_ir_dfflr.qout_r[M]	u_eI_cpu.u_eJ_core.u_eK_exu.u_eL_exu_alu.u_eM_exu_alu_dpath.sbf_N_dffl.qout_r[O]	u_e203_cpu.u_e203_core.u_e203_ifu.u_e203_ifu_ifetch.ifu_hi_ir_dfflr.qout_r[15]$_DFFE_PN0P_/Q	u_e203_cpu.u_e203_core.u_e203_exu.u_e203_exu_alu.u_e203_exu_alu_dpath.sbf_1_dffl.qout_r[11]$_DFFE_PP_/D
545	-0.6251	u_eI_cpu.u_eJ_core.u_eK_biu.u_sirv_gnrl_icb_buffer.u_sirv_gnrl_rsp_fifo.dp_gtL.vec_M_dfflr.qout_r	core_wfi	u_e203_cpu.u_e203_core.u_e203_biu.u_sirv_gnrl_icb_buffer.u_sirv_gnrl_rsp_fifo.dp_gt0.vec_31_dfflr.qout_r$_DFFE_PN0P_/Q	core_wfi
546	-0.6240	u_eI_cpu.u_eJ_core.u_eK_exu.u_eL_exu_oitf.depth_gtM.ret_ptr_flg_dfflrs.qout_r	cmt_dcause_ena	u_e203_cpu.u_e203_core.u_e203_exu.u_e203_exu_oitf.depth_gt1.ret_ptr_flg_dfflrs.qout_r$_DFFE_PN0P_/Q	cmt_dcause_ena
547	-0.6236	dbg_step_r	u_eI_cpu.u_eJ_core.u_eK_exu.u_eL_exu_csr.counterstop_dfflr.qout_r[M]	dbg_step_r	u_e203_cpu.u_e203_core.u_e203_exu.u_e203_exu_csr.counterstop_dfflr.qout_r[0]$_DFFE_PN0P_/D
548	-0.6230	u_eI_cpu.u_eJ_core.u_eK_exu.u_eL_exu_oitf.depth_gtM.ret_ptr_dfflrs.qout_r	cmt_dcause[I]	u_e203_cpu.u_e203_core.u_e203_exu.u_e203_exu_oitf.depth_gt1.ret_ptr_dfflrs.qout_r$_DFFE_PN0P_/Q	cmt_dcause[1]
549	-0.6215	u_eI_cpu.u_eJ_core.u_eK_exu.u_eL_exu_alu.u_eM_exu_alu_dpath.sbf_N_dffl.qout_r[O]	extIdtcm_icb_cmd_ready	u_e203_cpu.u_e203_core.u_e203_exu.u_e203_exu_alu.u_e203_exu_alu_dpath.sbf_1_dffl.qout_r[0]$_DFFE_PP_/Q	ext2dtcm_icb_cmd_ready
550	-0.6203	u_eI_cpu.u_eJ_core.u_eK_ifu.u_eL_ifu_ifetch.ir_rsMidx_dfflr.qout_r[N]	u_eI_cpu.u_eJ_core.u_eK_ifu.u_eL_ifu_iftMicb.u_eN_ifetch_rsp_bypbuf.u_bypbuf_fifo.dp_gtO.vec_P_dfflrs.qout_r	u_e203_cpu.u_e203_core.u_e203_ifu.u_e203_ifu_ifetch.ir_rs2idx_dfflr.qout_r[1]$_DFFE_PN0P_/QN	u_e203_cpu.u_e203_core.u_e203_ifu.u_e203_ifu_ift2icb.u_e203_ifetch_rsp_bypbuf.u_bypbuf_fifo.dp_gt0.vec_0_dfflrs.qout_r$_DFFE_PN1P_/D
551	-0.6202	dbg_step_r	u_eI_cpu.u_eJ_core.u_eK_exu.u_eL_exu_csr.mdvnobMb_dfflr.qout_r[N]	dbg_step_r	u_e203_cpu.u_e203_core.u_e203_exu.u_e203_exu_csr.mdvnob2b_dfflr.qout_r[0]$_DFFE_PN0P_/D
552	-0.6194	u_eI_cpu.u_eJ_core.u_eK_ifu.u_eL_ifu_ifetch.ifu_lo_ir_dfflr.qout_r[M]	u_eI_cpu.u_eJ_core.u_eK_ifu.u_eL_ifu_iftMicb.u_eN_ifetch_rsp_bypbuf.u_bypbuf_fifo.dp_gtO.vec_P_dfflr.qout_r	u_e203_cpu.u_e203_core.u_e203_ifu.u_e203_ifu_ifetch.ifu_lo_ir_dfflr.qout_r[11]$_DFFE_PN0P_/Q	u_e203_cpu.u_e203_core.u_e203_ifu.u_e203_ifu_ift2icb.u_e203_ifetch_rsp_bypbuf.u_bypbuf_fifo.dp_gt0.vec_31_dfflr.qout_r$_DFFE_PN0P_/D
553	-0.6192	u_eI_cpu.u_eJ_dtcm_ctrl.u_dtcm_icb_arbt.arbt_num_gt_K_gen.dp_L.u_sirv_gnrl_rspid_fifo.dp_gt_M.vld_dfflr.qout_r	cmt_dcause[I]	u_e203_cpu.u_e203_dtcm_ctrl.u_dtcm_icb_arbt.arbt_num_gt_1_gen.dp_1.u_sirv_gnrl_rspid_fifo.dp_gt_0.vld_dfflr.qout_r$_DFFE_PN0P_/Q	cmt_dcause[1]
554	-0.6191	dbg_step_r	u_eI_cpu.u_eJ_core.u_eK_exu.u_eL_exu_csr.mcgstop_dfflr.qout_r[M]	dbg_step_r	u_e203_cpu.u_e203_core.u_e203_exu.u_e203_exu_csr.mcgstop_dfflr.qout_r[0]$_DFFE_PN0P_/D
555	-0.6191	dbg_step_r	u_eI_cpu.u_eJ_core.u_eK_exu.u_eL_exu_alu.u_eM_exu_nice.u_nice_itag_fifo.dp_gtN.wptr_vec_O_dfflrs.qout_r	dbg_step_r	u_e203_cpu.u_e203_core.u_e203_exu.u_e203_exu_alu.u_e203_exu_nice.u_nice_itag_fifo.dp_gt0.wptr_vec_0_dfflrs.qout_r$_DFFE_PN1P_/D
556	-0.6190	u_eI_cpu.u_eJ_itcm_ctrl.u_itcm_icb_arbt.arbt_num_gt_K_gen.dp_L.u_sirv_gnrl_rspid_fifo.dp_gt_M.dat_dfflr.qout_r	cmt_dcause_ena	u_e203_cpu.u_e203_itcm_ctrl.u_itcm_icb_arbt.arbt_num_gt_1_gen.dp_1.u_sirv_gnrl_rspid_fifo.dp_gt_0.dat_dfflr.qout_r$_DFFE_PP_/Q	cmt_dcause_ena
557	-0.6183	u_eI_cpu.u_eJ_dtcm_ctrl.u_sram_icb_ctrl.u_sirv_Kcyc_sram_ctrl.u_eL_stage.dp_gt_M.vld_dfflr.qout_r	cmt_dcause[I]	u_e203_cpu.u_e203_dtcm_ctrl.u_sram_icb_ctrl.u_sirv_1cyc_sram_ctrl.u_e1_stage.dp_gt_0.vld_dfflr.qout_r$_DFFE_PN0P_/Q	cmt_dcause[1]
558	-0.6181	u_eI_cpu.u_eJ_core.u_eK_ifu.u_eL_ifu_ifetch.ifu_lo_ir_dfflr.qout_r[M]	u_eI_cpu.u_eJ_dtcm_ctrl.u_sram_icb_ctrl.u_byp_icb_cmd_buf.u_bypbuf_fifo.dp_gtK.fifo_rf[L].fifo_rf_dffl.qout_r[M]	u_e203_cpu.u_e203_core.u_e203_ifu.u_e203_ifu_ifetch.ifu_lo_ir_dfflr.qout_r[11]$_DFFE_PN0P_/Q	u_e203_cpu.u_e203_dtcm_ctrl.u_sram_icb_ctrl.u_byp_icb_cmd_buf.u_bypbuf_fifo.dp_gt0.fifo_rf[0].fifo_rf_dffl.qout_r[18]$_DFFE_PP_/D
559	-0.6173	u_eI_cpu.u_eJ_core.u_eK_exu.u_eL_exu_oitf.depth_gtM.ret_ptr_dfflrs.qout_r	core_wfi	u_e203_cpu.u_e203_core.u_e203_exu.u_e203_exu_oitf.depth_gt1.ret_ptr_dfflrs.qout_r$_DFFE_PN0P_/Q	core_wfi
560	-0.6165	u_eI_cpu.u_eJ_core.u_eK_exu.u_eL_exu_oitf.depth_gtM.alc_ptr_flg_dfflrs.qout_r	cmt_dcause[I]	u_e203_cpu.u_e203_core.u_e203_exu.u_e203_exu_oitf.depth_gt1.alc_ptr_flg_dfflrs.qout_r$_DFFE_PN0P_/Q	cmt_dcause[1]
561	-0.6150	u_eI_cpu.u_eJ_core.u_eK_ifu.u_eL_ifu_ifetch.ir_rsMidx_dfflr.qout_r[N]	u_eI_cpu.u_eJ_clk_ctrl.u_itcm_clkgate.enb	u_e203_cpu.u_e203_core.u_e203_ifu.u_e203_ifu_ifetch.ir_rs2idx_dfflr.qout_r[1]$_DFFE_PN0P_/QN	u_e203_cpu.u_e203_clk_ctrl.u_itcm_clkgate.enb$_DLATCH_N_/D
562	-0.6147	u_eI_cpu.u_eJ_core.u_eK_exu.u_eL_exu_oitf.depth_gtM.ret_ptr_flg_dfflrs.qout_r	cmt_dcause[I]	u_e203_cpu.u_e203_core.u_e203_exu.u_e203_exu_oitf.depth_gt1.ret_ptr_flg_dfflrs.qout_r$_DFFE_PN0P_/Q	cmt_dcause[1]
563	-0.6146	u_eI_cpu.u_eJ_core.u_eK_biu.u_biu_icb_arbt.arbt_num_gt_L_gen.dp_M.u_sirv_gnrl_rspid_fifo.dp_gt_N.dat_dfflr.qout_r	cmt_dcause_ena	u_e203_cpu.u_e203_core.u_e203_biu.u_biu_icb_arbt.arbt_num_gt_1_gen.dp_1.u_sirv_gnrl_rspid_fifo.dp_gt_0.dat_dfflr.qout_r$_DFFE_PP_/Q	cmt_dcause_ena
564	-0.6143	dbg_step_r	u_eI_cpu.u_eJ_core.u_eK_exu.u_eL_exu_csr.itcmnohold_dfflr.qout_r[M]	dbg_step_r	u_e203_cpu.u_e203_core.u_e203_exu.u_e203_exu_csr.itcmnohold_dfflr.qout_r[0]$_DFFE_PN0P_/D
565	-0.6135	u_eI_cpu.u_eJ_dtcm_ctrl.u_dtcm_icb_arbt.arbt_num_gt_K_gen.dp_L.u_sirv_gnrl_rspid_fifo.dp_gt_M.vld_dfflr.qout_r	core_wfi	u_e203_cpu.u_e203_dtcm_ctrl.u_dtcm_icb_arbt.arbt_num_gt_1_gen.dp_1.u_sirv_gnrl_rspid_fifo.dp_gt_0.vld_dfflr.qout_r$_DFFE_PN0P_/Q	core_wfi
566	-0.6127	u_eI_cpu.u_eJ_dtcm_ctrl.u_sram_icb_ctrl.u_sirv_Kcyc_sram_ctrl.u_eL_stage.dp_gt_M.vld_dfflr.qout_r	core_wfi	u_e203_cpu.u_e203_dtcm_ctrl.u_sram_icb_ctrl.u_sirv_1cyc_sram_ctrl.u_e1_stage.dp_gt_0.vld_dfflr.qout_r$_DFFE_PN0P_/Q	core_wfi
567	-0.6111	dbg_halt_r	u_eI_cpu.u_eJ_core.u_eK_exu.u_eL_exu_csr.cause_dfflr.qout_r[M]	dbg_halt_r	u_e203_cpu.u_e203_core.u_e203_exu.u_e203_exu_csr.cause_dfflr.qout_r[3]$_DFFE_PN0P_/D
568	-0.6109	u_eI_cpu.u_eJ_core.u_eK_exu.u_eL_exu_oitf.depth_gtM.alc_ptr_flg_dfflrs.qout_r	core_wfi	u_e203_cpu.u_e203_core.u_e203_exu.u_e203_exu_oitf.depth_gt1.alc_ptr_flg_dfflrs.qout_r$_DFFE_PN0P_/Q	core_wfi
569	-0.6100	u_eI_cpu.u_eJ_core.u_eK_ifu.u_eL_ifu_ifetch.ir_rsMidx_dfflr.qout_r[N]	u_eI_cpu.u_eJ_core.u_eK_ifu.u_eL_ifu_ifetch.reset_req_dfflr.qout_r	u_e203_cpu.u_e203_core.u_e203_ifu.u_e203_ifu_ifetch.ir_rs2idx_dfflr.qout_r[1]$_DFFE_PN0P_/QN	u_e203_cpu.u_e203_core.u_e203_ifu.u_e203_ifu_ifetch.reset_req_dfflr.qout_r$_DFFE_PN0P_/D
570	-0.6098	u_eI_cpu.u_eJ_itcm_ctrl.u_itcm_icb_arbt.arbt_num_gt_K_gen.dp_L.u_sirv_gnrl_rspid_fifo.dp_gt_M.dat_dfflr.qout_r	cmt_dcause[I]	u_e203_cpu.u_e203_itcm_ctrl.u_itcm_icb_arbt.arbt_num_gt_1_gen.dp_1.u_sirv_gnrl_rspid_fifo.dp_gt_0.dat_dfflr.qout_r$_DFFE_PP_/Q	cmt_dcause[1]
571	-0.6097	u_eI_cpu.u_eJ_core.u_eK_exu.u_eL_exu_regfile.regfile[M].rfnoN.rf_dffl.qout_r[O]	cmt_dcause_ena	u_e203_cpu.u_e203_core.u_e203_exu.u_e203_exu_regfile.regfile[6].rfno0.rf_dffl.qout_r[31]$_DFFE_PP_/Q	cmt_dcause_ena
572	-0.6097	dbg_halt_r	u_eI_cpu.u_eJ_core.u_eK_exu.u_eL_exu_csr.epc_dfflr.qout_r[M]	dbg_halt_r	u_e203_cpu.u_e203_core.u_e203_exu.u_e203_exu_csr.epc_dfflr.qout_r[29]$_DFFE_PN0P_/D
573	-0.6092	u_eI_cpu.u_eJ_core.u_eK_ifu.u_eL_ifu_ifetch.ir_rsMidx_dfflr.qout_r[N]	u_eI_cpu.u_eJ_core.u_eK_ifu.u_eL_ifu_ifetch.dly_flush_dfflr.qout_r	u_e203_cpu.u_e203_core.u_e203_ifu.u_e203_ifu_ifetch.ir_rs2idx_dfflr.qout_r[1]$_DFFE_PN0P_/QN	u_e203_cpu.u_e203_core.u_e203_ifu.u_e203_ifu_ifetch.dly_flush_dfflr.qout_r$_DFFE_PN0P_/D
574	-0.6090	u_eI_cpu.u_eJ_core.u_eK_exu.u_eL_exu_oitf.depth_gtM.ret_ptr_flg_dfflrs.qout_r	core_wfi	u_e203_cpu.u_e203_core.u_e203_exu.u_e203_exu_oitf.depth_gt1.ret_ptr_flg_dfflrs.qout_r$_DFFE_PN0P_/Q	core_wfi
575	-0.6080	u_eI_cpu.u_eJ_core.u_eK_exu.u_eL_exu_alu.u_eM_exu_alu_lsuagu.icb_state_dfflr.qout_r[N]	cmt_dpc_ena	u_e203_cpu.u_e203_core.u_e203_exu.u_e203_exu_alu.u_e203_exu_alu_lsuagu.icb_state_dfflr.qout_r[0]$_DFFE_PN0P_/Q	cmt_dpc_ena
576	-0.6077	dbg_step_r	u_eI_cpu.u_eJ_nice_core.lbuf_cnt_dfflr.qout_r[K]	dbg_step_r	u_e203_cpu.u_e203_nice_core.lbuf_cnt_dfflr.qout_r[0]$_DFFE_PN0P_/D
577	-0.6061	dbg_halt_r	u_eI_cpu.u_eJ_core.u_eK_exu.u_eL_exu_alu.u_eM_exu_alu_muldiv.muldiv_state_dfflr.qout_r[N]	dbg_halt_r	u_e203_cpu.u_e203_core.u_e203_exu.u_e203_exu_alu.u_e203_exu_alu_muldiv.muldiv_state_dfflr.qout_r[1]$_DFFE_PN0P_/D
578	-0.6060	u_eI_cpu.u_eJ_core.u_eK_exu.u_eL_exu_oitf.depth_gtM.alc_ptr_dfflrs.qout_r	cmt_dpc_ena	u_e203_cpu.u_e203_core.u_e203_exu.u_e203_exu_oitf.depth_gt1.alc_ptr_dfflrs.qout_r$_DFFE_PN0P_/Q	cmt_dpc_ena
579	-0.6056	u_eI_cpu.u_eJ_itcm_ctrl.u_sram_icb_ctrl.u_sirv_Kcyc_sram_ctrl.u_eL_stage.dp_gt_M.dat_dfflr.qout_r[N]	cmt_dcause_ena	u_e203_cpu.u_e203_itcm_ctrl.u_sram_icb_ctrl.u_sirv_1cyc_sram_ctrl.u_e1_stage.dp_gt_0.dat_dfflr.qout_r[1]$_DFFE_PP_/QN	cmt_dcause_ena
580	-0.6053	u_eI_cpu.u_eJ_core.u_eK_biu.u_biu_icb_arbt.arbt_num_gt_L_gen.dp_M.u_sirv_gnrl_rspid_fifo.dp_gt_N.dat_dfflr.qout_r	cmt_dcause[I]	u_e203_cpu.u_e203_core.u_e203_biu.u_biu_icb_arbt.arbt_num_gt_1_gen.dp_1.u_sirv_gnrl_rspid_fifo.dp_gt_0.dat_dfflr.qout_r$_DFFE_PP_/Q	cmt_dcause[1]
581	-0.6046	u_eI_cpu.u_eJ_core.u_eK_ifu.u_eL_ifu_ifetch.ifu_hi_ir_dfflr.qout_r[M]	u_eI_cpu.u_eJ_core.u_eK_exu.u_eL_exu_alu.u_eM_exu_alu_dpath.sbf_N_dffl.qout_r[O]	u_e203_cpu.u_e203_core.u_e203_ifu.u_e203_ifu_ifetch.ifu_hi_ir_dfflr.qout_r[15]$_DFFE_PN0P_/Q	u_e203_cpu.u_e203_core.u_e203_exu.u_e203_exu_alu.u_e203_exu_alu_dpath.sbf_1_dffl.qout_r[32]$_SDFFCE_PN0P_/D
582	-0.6042	u_eI_cpu.u_eJ_core.u_eK_ifu.u_eL_ifu_ifetch.ir_rsMidx_dfflr.qout_r[N]	u_eI_cpu.u_eJ_clk_ctrl.itcm_active_dffr.qout_r	u_e203_cpu.u_e203_core.u_e203_ifu.u_e203_ifu_ifetch.ir_rs2idx_dfflr.qout_r[1]$_DFFE_PN0P_/QN	u_e203_cpu.u_e203_clk_ctrl.itcm_active_dffr.qout_r$_DFF_PN0_/D
583	-0.6041	u_eI_cpu.u_eJ_itcm_ctrl.u_itcm_icb_arbt.arbt_num_gt_K_gen.dp_L.u_sirv_gnrl_rspid_fifo.dp_gt_M.dat_dfflr.qout_r	core_wfi	u_e203_cpu.u_e203_itcm_ctrl.u_itcm_icb_arbt.arbt_num_gt_1_gen.dp_1.u_sirv_gnrl_rspid_fifo.dp_gt_0.dat_dfflr.qout_r$_DFFE_PP_/Q	core_wfi
584	-0.6034	u_eI_cpu.u_eJ_core.u_eK_ifu.u_eL_ifu_ifetch.ifu_hi_ir_dfflr.qout_r[M]	u_eI_cpu.u_eJ_core.u_eK_ifu.u_eL_ifu_ifetch.ir_valid_dfflr.qout_r	u_e203_cpu.u_e203_core.u_e203_ifu.u_e203_ifu_ifetch.ifu_hi_ir_dfflr.qout_r[15]$_DFFE_PN0P_/Q	u_e203_cpu.u_e203_core.u_e203_ifu.u_e203_ifu_ifetch.ir_valid_dfflr.qout_r$_DFFE_PN0P_/D
585	-0.6014	u_eI_cpu.u_eJ_itcm_ctrl.u_itcm_icb_arbt.arbt_num_gt_K_gen.dp_L.u_sirv_gnrl_rspid_fifo.dp_gt_M.vld_dfflr.qout_r	cmt_dpc_ena	u_e203_cpu.u_e203_itcm_ctrl.u_itcm_icb_arbt.arbt_num_gt_1_gen.dp_1.u_sirv_gnrl_rspid_fifo.dp_gt_0.vld_dfflr.qout_r$_DFFE_PN0P_/Q	cmt_dpc_ena
586	-0.6005	u_eI_cpu.u_eJ_core.u_eK_exu.u_eL_exu_regfile.regfile[M].rfnoN.rf_dffl.qout_r[O]	cmt_dcause[I]	u_e203_cpu.u_e203_core.u_e203_exu.u_e203_exu_regfile.regfile[6].rfno0.rf_dffl.qout_r[31]$_DFFE_PP_/Q	cmt_dcause[1]
587	-0.5999	u_eI_cpu.u_eJ_core.u_eK_ifu.u_eL_ifu_ifetch.ir_rsMidx_dfflr.qout_r[N]	u_eI_cpu.u_eJ_clk_ctrl.u_biu_clkgate.enb	u_e203_cpu.u_e203_core.u_e203_ifu.u_e203_ifu_ifetch.ir_rs2idx_dfflr.qout_r[1]$_DFFE_PN0P_/QN	u_e203_cpu.u_e203_clk_ctrl.u_biu_clkgate.enb$_DLATCH_N_/D
588	-0.5996	u_eI_cpu.u_eJ_core.u_eK_biu.u_biu_icb_arbt.arbt_num_gt_L_gen.dp_M.u_sirv_gnrl_rspid_fifo.dp_gt_N.dat_dfflr.qout_r	core_wfi	u_e203_cpu.u_e203_core.u_e203_biu.u_biu_icb_arbt.arbt_num_gt_1_gen.dp_1.u_sirv_gnrl_rspid_fifo.dp_gt_0.dat_dfflr.qout_r$_DFFE_PP_/Q	core_wfi
589	-0.5980	u_eI_cpu.u_eJ_core.u_eK_lsu.u_eL_lsu_ctrl.u_eM_lsu_splt_stage.dp_gt_N.dat_dfflr.qout_r[O]	cmt_dpc_ena	u_e203_cpu.u_e203_core.u_e203_lsu.u_e203_lsu_ctrl.u_e203_lsu_splt_stage.dp_gt_0.dat_dfflr.qout_r[43]$_DFFE_PP_/Q	cmt_dpc_ena
590	-0.5973	dbg_step_r	u_eI_cpu.u_eJ_core.u_eK_ifu.u_eL_ifu_ifetch.halt_ack_dfflr.qout_r	dbg_step_r	u_e203_cpu.u_e203_core.u_e203_ifu.u_e203_ifu_ifetch.halt_ack_dfflr.qout_r$_DFFE_PN0P_/D
591	-0.5971	u_eI_cpu.u_eJ_core.u_eK_biu.u_biu_icb_arbt.arbt_num_gt_L_gen.dp_M.u_sirv_gnrl_rspid_fifo.dp_gt_N.vld_dfflr.qout_r	cmt_dpc_ena	u_e203_cpu.u_e203_core.u_e203_biu.u_biu_icb_arbt.arbt_num_gt_1_gen.dp_1.u_sirv_gnrl_rspid_fifo.dp_gt_0.vld_dfflr.qout_r$_DFFE_PN0P_/Q	cmt_dpc_ena
592	-0.5963	u_eI_cpu.u_eJ_itcm_ctrl.u_sram_icb_ctrl.u_sirv_Kcyc_sram_ctrl.u_eL_stage.dp_gt_M.dat_dfflr.qout_r[N]	cmt_dcause[I]	u_e203_cpu.u_e203_itcm_ctrl.u_sram_icb_ctrl.u_sirv_1cyc_sram_ctrl.u_e1_stage.dp_gt_0.dat_dfflr.qout_r[1]$_DFFE_PP_/QN	cmt_dcause[1]
593	-0.5963	u_eI_cpu.u_eJ_core.u_eK_biu.u_sirv_gnrl_icb_buffer.u_sirv_gnrl_rsp_fifo.dp_gtL.vec_M_dfflr.qout_r	cmt_dpc_ena	u_e203_cpu.u_e203_core.u_e203_biu.u_sirv_gnrl_icb_buffer.u_sirv_gnrl_rsp_fifo.dp_gt0.vec_31_dfflr.qout_r$_DFFE_PN0P_/Q	cmt_dpc_ena
594	-0.5954	u_eI_cpu.u_eJ_core.u_eK_ifu.u_eL_ifu_ifetch.ifu_lo_ir_dfflr.qout_r[M]	u_eI_srams.u_eJ_dtcm_ram.u_eK_dtcm_gnrl_ram.u_sirv_sim_ram.mem_r[L][M]	u_e203_cpu.u_e203_core.u_e203_ifu.u_e203_ifu_ifetch.ifu_lo_ir_dfflr.qout_r[11]$_DFFE_PN0P_/Q	u_e203_srams.u_e203_dtcm_ram.u_e203_dtcm_gnrl_ram.u_sirv_sim_ram.mem_r[0][0]$_DFFE_PP_/D
595	-0.5952	u_eI_cpu.u_eJ_core.u_eK_ifu.u_eL_ifu_ifetch.ifu_hi_ir_dfflr.qout_r[M]	u_eI_srams.u_eJ_itcm_ram.u_eK_itcm_gnrl_ram.u_sirv_sim_ram.mem_r[L][M]	u_e203_cpu.u_e203_core.u_e203_ifu.u_e203_ifu_ifetch.ifu_hi_ir_dfflr.qout_r[15]$_DFFE_PN0P_/Q	u_e203_srams.u_e203_itcm_ram.u_e203_itcm_gnrl_ram.u_sirv_sim_ram.mem_r[0][32]$_DFFE_PP_/D
596	-0.5948	u_eI_cpu.u_eJ_core.u_eK_exu.u_eL_exu_regfile.regfile[M].rfnoN.rf_dffl.qout_r[O]	core_wfi	u_e203_cpu.u_e203_core.u_e203_exu.u_e203_exu_regfile.regfile[6].rfno0.rf_dffl.qout_r[31]$_DFFE_PP_/Q	core_wfi
597	-0.5937	u_eI_cpu.u_eJ_core.u_eK_exu.u_eL_exu_csr.mie_dfflr.qout_r[M]	cmt_dcause_ena	u_e203_cpu.u_e203_core.u_e203_exu.u_e203_exu_csr.mie_dfflr.qout_r[7]$_DFFE_PN0P_/Q	cmt_dcause_ena
598	-0.5926	dbg_halt_r	u_eI_cpu.u_eJ_core.u_eK_exu.u_eL_exu_alu.u_eM_exu_nice.u_nice_itag_fifo.dp_gtN.vec_O_dfflr.qout_r[P]	dbg_halt_r	u_e203_cpu.u_e203_core.u_e203_exu.u_e203_exu_alu.u_e203_exu_nice.u_nice_itag_fifo.dp_gt0.vec_31_dfflr.qout_r[1]$_DFFE_PN0P_/D
599	-0.5918	dbg_step_r	u_eI_cpu.u_eJ_core.u_eK_exu.u_eL_exu_alu.u_eM_exu_alu_lsuagu.icb_leftover_err_dfflr.qout_r	dbg_step_r	u_e203_cpu.u_e203_core.u_e203_exu.u_e203_exu_alu.u_e203_exu_alu_lsuagu.icb_leftover_err_dfflr.qout_r$_DFFE_PN0P_/D
600	-0.5906	u_eI_cpu.u_eJ_itcm_ctrl.u_sram_icb_ctrl.u_sirv_Kcyc_sram_ctrl.u_eL_stage.dp_gt_M.dat_dfflr.qout_r[N]	core_wfi	u_e203_cpu.u_e203_itcm_ctrl.u_sram_icb_ctrl.u_sirv_1cyc_sram_ctrl.u_e1_stage.dp_gt_0.dat_dfflr.qout_r[1]$_DFFE_PP_/QN	core_wfi
601	-0.5885	u_eI_cpu.u_eJ_core.u_eK_exu.u_eL_exu_oitf.depth_gtM.ret_ptr_dfflrs.qout_r	cmt_dpc_ena	u_e203_cpu.u_e203_core.u_e203_exu.u_e203_exu_oitf.depth_gt1.ret_ptr_dfflrs.qout_r$_DFFE_PN0P_/Q	cmt_dpc_ena
602	-0.5847	u_eI_cpu.u_eJ_dtcm_ctrl.u_dtcm_icb_arbt.arbt_num_gt_K_gen.dp_L.u_sirv_gnrl_rspid_fifo.dp_gt_M.vld_dfflr.qout_r	cmt_dpc_ena	u_e203_cpu.u_e203_dtcm_ctrl.u_dtcm_icb_arbt.arbt_num_gt_1_gen.dp_1.u_sirv_gnrl_rspid_fifo.dp_gt_0.vld_dfflr.qout_r$_DFFE_PN0P_/Q	cmt_dpc_ena
603	-0.5844	u_eI_cpu.u_eJ_core.u_eK_exu.u_eL_exu_csr.mie_dfflr.qout_r[M]	cmt_dcause[I]	u_e203_cpu.u_e203_core.u_e203_exu.u_e203_exu_csr.mie_dfflr.qout_r[7]$_DFFE_PN0P_/Q	cmt_dcause[1]
604	-0.5838	u_eI_cpu.u_eJ_dtcm_ctrl.u_sram_icb_ctrl.u_sirv_Kcyc_sram_ctrl.u_eL_stage.dp_gt_M.vld_dfflr.qout_r	cmt_dpc_ena	u_e203_cpu.u_e203_dtcm_ctrl.u_sram_icb_ctrl.u_sirv_1cyc_sram_ctrl.u_e1_stage.dp_gt_0.vld_dfflr.qout_r$_DFFE_PN0P_/Q	cmt_dpc_ena
605	-0.5836	u_eI_cpu.u_eJ_core.u_eK_ifu.u_eL_ifu_ifetch.ifu_hi_ir_dfflr.qout_r[M]	u_eI_cpu.u_eJ_core.u_eK_ifu.u_eL_ifu_iftMicb.u_eN_ifetch_rsp_bypbuf.u_bypbuf_fifo.dp_gtO.vec_P_dfflr.qout_r	u_e203_cpu.u_e203_core.u_e203_ifu.u_e203_ifu_ifetch.ifu_hi_ir_dfflr.qout_r[15]$_DFFE_PN0P_/Q	u_e203_cpu.u_e203_core.u_e203_ifu.u_e203_ifu_ift2icb.u_e203_ifetch_rsp_bypbuf.u_bypbuf_fifo.dp_gt0.vec_31_dfflr.qout_r$_DFFE_PN0P_/D
606	-0.5827	u_eI_cpu.u_eJ_core.u_eK_ifu.u_eL_ifu_ifetch.ir_rsMidx_dfflr.qout_r[N]	u_eI_cpu.u_eJ_itcm_ctrl.u_sram_icb_ctrl.u_sirv_Kcyc_sram_ctrl.u_ram_clkgate.enb	u_e203_cpu.u_e203_core.u_e203_ifu.u_e203_ifu_ifetch.ir_rs2idx_dfflr.qout_r[1]$_DFFE_PN0P_/QN	u_e203_cpu.u_e203_itcm_ctrl.u_sram_icb_ctrl.u_sirv_1cyc_sram_ctrl.u_ram_clkgate.enb$_DLATCH_N_/D
607	-0.5826	u_eI_cpu.u_eJ_core.u_eK_lsu.u_eL_lsu_ctrl.u_eM_lsu_splt_stage.dp_gt_N.vld_dfflr.qout_r	u_eI_cpu.u_eJ_core.u_eK_ifu.u_eL_ifu_ifetch.pc_dfflr.qout_r[M]	u_e203_cpu.u_e203_core.u_e203_lsu.u_e203_lsu_ctrl.u_e203_lsu_splt_stage.dp_gt_0.vld_dfflr.qout_r$_DFFE_PN0P_/Q	u_e203_cpu.u_e203_core.u_e203_ifu.u_e203_ifu_ifetch.pc_dfflr.qout_r[10]$_DFFE_PN0P_/D
608	-0.5824	u_eI_cpu.u_eJ_core.u_eK_ifu.u_eL_ifu_ifetch.ifu_hi_ir_dfflr.qout_r[M]	u_eI_cpu.u_eJ_dtcm_ctrl.u_sram_icb_ctrl.u_byp_icb_cmd_buf.u_bypbuf_fifo.dp_gtK.fifo_rf[L].fifo_rf_dffl.qout_r[M]	u_e203_cpu.u_e203_core.u_e203_ifu.u_e203_ifu_ifetch.ifu_hi_ir_dfflr.qout_r[15]$_DFFE_PN0P_/Q	u_e203_cpu.u_e203_dtcm_ctrl.u_sram_icb_ctrl.u_byp_icb_cmd_buf.u_bypbuf_fifo.dp_gt0.fifo_rf[0].fifo_rf_dffl.qout_r[18]$_DFFE_PP_/D
609	-0.5821	u_eI_cpu.u_eJ_core.u_eK_exu.u_eL_exu_oitf.depth_gtM.alc_ptr_flg_dfflrs.qout_r	cmt_dpc_ena	u_e203_cpu.u_e203_core.u_e203_exu.u_e203_exu_oitf.depth_gt1.alc_ptr_flg_dfflrs.qout_r$_DFFE_PN0P_/Q	cmt_dpc_ena
610	-0.5802	u_eI_cpu.u_eJ_core.u_eK_exu.u_eL_exu_oitf.depth_gtM.ret_ptr_flg_dfflrs.qout_r	cmt_dpc_ena	u_e203_cpu.u_e203_core.u_e203_exu.u_e203_exu_oitf.depth_gt1.ret_ptr_flg_dfflrs.qout_r$_DFFE_PN0P_/Q	cmt_dpc_ena
611	-0.5788	u_eI_cpu.u_eJ_core.u_eK_exu.u_eL_exu_csr.mie_dfflr.qout_r[M]	core_wfi	u_e203_cpu.u_e203_core.u_e203_exu.u_e203_exu_csr.mie_dfflr.qout_r[7]$_DFFE_PN0P_/Q	core_wfi
612	-0.5785	dbg_halt_r	u_eI_cpu.u_eJ_core.u_eK_exu.u_eL_exu_alu.u_eM_exu_alu_muldiv.flushed_dfflr.qout_r	dbg_halt_r	u_e203_cpu.u_e203_core.u_e203_exu.u_e203_exu_alu.u_e203_exu_alu_muldiv.flushed_dfflr.qout_r$_DFFE_PN0P_/D
613	-0.5783	dbg_halt_r	u_eI_cpu.u_eJ_core.u_eK_lsu.u_eL_lsu_ctrl.u_lsu_icb_arbt.arbt_num_gt_M_gen.dp_N.u_sirv_gnrl_rspid_fifo.dp_gt_O.dat_dfflr.qout_r	dbg_halt_r	u_e203_cpu.u_e203_core.u_e203_lsu.u_e203_lsu_ctrl.u_lsu_icb_arbt.arbt_num_gt_1_gen.dp_1.u_sirv_gnrl_rspid_fifo.dp_gt_0.dat_dfflr.qout_r$_DFFE_PP_/D
614	-0.5758	u_eI_cpu.u_eJ_core.u_eK_ifu.u_eL_ifu_ifetch.ifu_lo_ir_dfflr.qout_r[M]	u_eI_cpu.u_eJ_dtcm_ctrl.u_sram_icb_ctrl.u_byp_icb_cmd_buf.u_bypbuf_fifo.dp_gtK.vec_L_dfflrs.qout_r	u_e203_cpu.u_e203_core.u_e203_ifu.u_e203_ifu_ifetch.ifu_lo_ir_dfflr.qout_r[11]$_DFFE_PN0P_/Q	u_e203_cpu.u_e203_dtcm_ctrl.u_sram_icb_ctrl.u_byp_icb_cmd_buf.u_bypbuf_fifo.dp_gt0.vec_0_dfflrs.qout_r$_DFFE_PN1P_/D
615	-0.5753	u_eI_cpu.u_eJ_itcm_ctrl.u_itcm_icb_arbt.arbt_num_gt_K_gen.dp_L.u_sirv_gnrl_rspid_fifo.dp_gt_M.dat_dfflr.qout_r	cmt_dpc_ena	u_e203_cpu.u_e203_itcm_ctrl.u_itcm_icb_arbt.arbt_num_gt_1_gen.dp_1.u_sirv_gnrl_rspid_fifo.dp_gt_0.dat_dfflr.qout_r$_DFFE_PP_/Q	cmt_dpc_ena
616	-0.5745	u_eI_cpu.u_eJ_dtcm_ctrl.u_dtcm_icb_arbt.arbt_num_gt_K_gen.dp_L.u_sirv_gnrl_rspid_fifo.dp_gt_M.dat_dfflr.qout_r	cmt_dcause_ena	u_e203_cpu.u_e203_dtcm_ctrl.u_dtcm_icb_arbt.arbt_num_gt_1_gen.dp_1.u_sirv_gnrl_rspid_fifo.dp_gt_0.dat_dfflr.qout_r$_DFFE_PP_/Q	cmt_dcause_ena
617	-0.5723	u_eI_cpu.u_eJ_core.u_eK_ifu.u_eL_ifu_ifetch.ifu_err_dfflr.qout_r	u_eI_cpu.u_eJ_core.u_eK_ifu.u_eL_ifu_ifetch.pc_dfflr.qout_r[M]	u_e203_cpu.u_e203_core.u_e203_ifu.u_e203_ifu_ifetch.ifu_err_dfflr.qout_r$_DFFE_PN0P_/Q	u_e203_cpu.u_e203_core.u_e203_ifu.u_e203_ifu_ifetch.pc_dfflr.qout_r[10]$_DFFE_PN0P_/D
618	-0.5712	u_eI_cpu.u_eJ_itcm_ctrl.u_sram_icb_ctrl.u_sirv_Kcyc_sram_ctrl.u_eL_stage.dp_gt_M.vld_dfflr.qout_r	u_eI_cpu.u_eJ_core.u_eK_ifu.u_eL_ifu_ifetch.pc_dfflr.qout_r[M]	u_e203_cpu.u_e203_itcm_ctrl.u_sram_icb_ctrl.u_sirv_1cyc_sram_ctrl.u_e1_stage.dp_gt_0.vld_dfflr.qout_r$_DFFE_PN0P_/Q	u_e203_cpu.u_e203_core.u_e203_ifu.u_e203_ifu_ifetch.pc_dfflr.qout_r[10]$_DFFE_PN0P_/D
619	-0.5708	u_eI_cpu.u_eJ_core.u_eK_biu.u_biu_icb_arbt.arbt_num_gt_L_gen.dp_M.u_sirv_gnrl_rspid_fifo.dp_gt_N.dat_dfflr.qout_r	cmt_dpc_ena	u_e203_cpu.u_e203_core.u_e203_biu.u_biu_icb_arbt.arbt_num_gt_1_gen.dp_1.u_sirv_gnrl_rspid_fifo.dp_gt_0.dat_dfflr.qout_r$_DFFE_PP_/Q	cmt_dpc_ena
620	-0.5703	u_eI_cpu.u_eJ_core.u_eK_ifu.u_eL_ifu_ifetch.ir_rsMidx_dfflr.qout_r[N]	u_eI_cpu.u_eJ_core.u_eK_exu.u_eL_exu_alu.u_eM_exu_alu_dpath.sbf_N_dffl.qout_r[O]	u_e203_cpu.u_e203_core.u_e203_ifu.u_e203_ifu_ifetch.ir_rs2idx_dfflr.qout_r[1]$_DFFE_PN0P_/QN	u_e203_cpu.u_e203_core.u_e203_exu.u_e203_exu_alu.u_e203_exu_alu_dpath.sbf_1_dffl.qout_r[11]$_DFFE_PP_/D
621	-0.5702	u_eI_cpu.u_eJ_irq_sync.master_gen.u_tmr_irq_sync.sync_gen[K].i_is_not_L.sync_dffr.qout_r	cmt_dcause_ena	u_e203_cpu.u_e203_irq_sync.master_gen.u_tmr_irq_sync.sync_gen[1].i_is_not_0.sync_dffr.qout_r$_DFF_PN0_/Q	cmt_dcause_ena
622	-0.5660	u_eI_cpu.u_eJ_core.u_eK_exu.u_eL_exu_regfile.regfile[M].rfnoN.rf_dffl.qout_r[O]	cmt_dpc_ena	u_e203_cpu.u_e203_core.u_e203_exu.u_e203_exu_regfile.regfile[6].rfno0.rf_dffl.qout_r[31]$_DFFE_PP_/Q	cmt_dpc_ena
623	-0.5652	u_eI_cpu.u_eJ_dtcm_ctrl.u_dtcm_icb_arbt.arbt_num_gt_K_gen.dp_L.u_sirv_gnrl_rspid_fifo.dp_gt_M.dat_dfflr.qout_r	cmt_dcause[I]	u_e203_cpu.u_e203_dtcm_ctrl.u_dtcm_icb_arbt.arbt_num_gt_1_gen.dp_1.u_sirv_gnrl_rspid_fifo.dp_gt_0.dat_dfflr.qout_r$_DFFE_PP_/Q	cmt_dcause[1]
624	-0.5619	u_eI_cpu.u_eJ_irq_sync.master_gen.u_sft_irq_sync.sync_gen[K].i_is_not_L.sync_dffr.qout_r	cmt_dcause_ena	u_e203_cpu.u_e203_irq_sync.master_gen.u_sft_irq_sync.sync_gen[1].i_is_not_0.sync_dffr.qout_r$_DFF_PN0_/Q	cmt_dcause_ena
625	-0.5618	u_eI_cpu.u_eJ_itcm_ctrl.u_sram_icb_ctrl.u_sirv_Kcyc_sram_ctrl.u_eL_stage.dp_gt_M.dat_dfflr.qout_r[N]	cmt_dpc_ena	u_e203_cpu.u_e203_itcm_ctrl.u_sram_icb_ctrl.u_sirv_1cyc_sram_ctrl.u_e1_stage.dp_gt_0.dat_dfflr.qout_r[1]$_DFFE_PP_/QN	cmt_dpc_ena
626	-0.5612	u_eI_cpu.u_eJ_core.u_eK_lsu.u_eL_lsu_ctrl.u_lsu_icb_arbt.arbt_num_gt_M_gen.dp_N.u_sirv_gnrl_rspid_fifo.dp_gt_O.vld_dfflr.qout_r	cmt_dcause_ena	u_e203_cpu.u_e203_core.u_e203_lsu.u_e203_lsu_ctrl.u_lsu_icb_arbt.arbt_num_gt_1_gen.dp_1.u_sirv_gnrl_rspid_fifo.dp_gt_0.vld_dfflr.qout_r$_DFFE_PN0P_/Q	cmt_dcause_ena
627	-0.5612	dbg_halt_r	u_eI_cpu.u_eJ_core.u_eK_exu.u_eL_exu_csr.mcycle_dfflr.qout_r[M]	dbg_halt_r	u_e203_cpu.u_e203_core.u_e203_exu.u_e203_exu_csr.mcycle_dfflr.qout_r[27]$_DFFE_PN0P_/D
628	-0.5610	u_eI_cpu.u_eJ_irq_sync.master_gen.u_tmr_irq_sync.sync_gen[K].i_is_not_L.sync_dffr.qout_r	cmt_dcause[I]	u_e203_cpu.u_e203_irq_sync.master_gen.u_tmr_irq_sync.sync_gen[1].i_is_not_0.sync_dffr.qout_r$_DFF_PN0_/Q	cmt_dcause[1]
629	-0.5596	u_eI_cpu.u_eJ_core.u_eK_ifu.u_eL_ifu_ifetch.ifu_hi_ir_dfflr.qout_r[M]	u_eI_srams.u_eJ_dtcm_ram.u_eK_dtcm_gnrl_ram.u_sirv_sim_ram.mem_r[L][M]	u_e203_cpu.u_e203_core.u_e203_ifu.u_e203_ifu_ifetch.ifu_hi_ir_dfflr.qout_r[15]$_DFFE_PN0P_/Q	u_e203_srams.u_e203_dtcm_ram.u_e203_dtcm_gnrl_ram.u_sirv_sim_ram.mem_r[0][0]$_DFFE_PP_/D
630	-0.5595	u_eI_cpu.u_eJ_dtcm_ctrl.u_dtcm_icb_arbt.arbt_num_gt_K_gen.dp_L.u_sirv_gnrl_rspid_fifo.dp_gt_M.dat_dfflr.qout_r	core_wfi	u_e203_cpu.u_e203_dtcm_ctrl.u_dtcm_icb_arbt.arbt_num_gt_1_gen.dp_1.u_sirv_gnrl_rspid_fifo.dp_gt_0.dat_dfflr.qout_r$_DFFE_PP_/Q	core_wfi
631	-0.5592	u_eI_cpu.u_eJ_core.u_eK_lsu.u_eL_lsu_ctrl.u_eM_lsu_splt_stage.dp_gt_N.vld_dfflr.qout_r	u_eI_cpu.u_eJ_core.u_eK_ifu.u_eL_ifu_iftMicb.leftover_dffl.qout_r[N]	u_e203_cpu.u_e203_core.u_e203_lsu.u_e203_lsu_ctrl.u_e203_lsu_splt_stage.dp_gt_0.vld_dfflr.qout_r$_DFFE_PN0P_/Q	u_e203_cpu.u_e203_core.u_e203_ifu.u_e203_ifu_ift2icb.leftover_dffl.qout_r[10]$_DFFE_PP_/D
632	-0.5590	dbg_halt_r	u_eI_cpu.u_eJ_core.u_eK_ifu.u_eL_ifu_ifetch.u_eM_ifu_litebpu.rsNxn_rdrf_dfflrs.qout_r	dbg_halt_r	u_e203_cpu.u_e203_core.u_e203_ifu.u_e203_ifu_ifetch.u_e203_ifu_litebpu.rs1xn_rdrf_dfflrs.qout_r$_DFFE_PN0P_/D
633	-0.5586	dbg_halt_r	u_eI_cpu.u_eJ_core.u_eK_exu.u_eL_exu_alu.u_eM_exu_alu_lsuagu.unalgn_flg_dffl.qout_r	dbg_halt_r	u_e203_cpu.u_e203_core.u_e203_exu.u_e203_exu_alu.u_e203_exu_alu_lsuagu.unalgn_flg_dffl.qout_r$_DFFE_PN0P_/D
634	-0.5576	u_eI_cpu.u_eJ_core.u_eK_lsu.u_eL_lsu_ctrl.u_eM_lsu_splt_stage.dp_gt_N.vld_dfflr.qout_r	u_eI_cpu.u_eJ_core.u_eK_ifu.u_eL_ifu_ifetch.ifu_hi_ir_dfflr.qout_r[M]	u_e203_cpu.u_e203_core.u_e203_lsu.u_e203_lsu_ctrl.u_e203_lsu_splt_stage.dp_gt_0.vld_dfflr.qout_r$_DFFE_PN0P_/Q	u_e203_cpu.u_e203_core.u_e203_ifu.u_e203_ifu_ifetch.ifu_hi_ir_dfflr.qout_r[10]$_DFFE_PN0P_/D
635	-0.5567	u_eI_cpu.u_eJ_irq_sync.master_gen.u_ext_irq_sync.sync_gen[K].i_is_not_L.sync_dffr.qout_r	cmt_dcause_ena	u_e203_cpu.u_e203_irq_sync.master_gen.u_ext_irq_sync.sync_gen[1].i_is_not_0.sync_dffr.qout_r$_DFF_PN0_/Q	cmt_dcause_ena
636	-0.5560	u_eI_cpu.u_eJ_core.u_eK_lsu.u_eL_lsu_ctrl.u_eM_lsu_splt_stage.dp_gt_N.vld_dfflr.qout_r	u_eI_cpu.u_eJ_core.u_eK_ifu.u_eL_ifu_ifetch.ir_rsMidx_dfflr.qout_r[N]	u_e203_cpu.u_e203_core.u_e203_lsu.u_e203_lsu_ctrl.u_e203_lsu_splt_stage.dp_gt_0.vld_dfflr.qout_r$_DFFE_PN0P_/Q	u_e203_cpu.u_e203_core.u_e203_ifu.u_e203_ifu_ifetch.ir_rs2idx_dfflr.qout_r[4]$_DFFE_PN0P_/D
637	-0.5558	dbg_step_r	u_eI_cpu.u_eJ_clk_ctrl.u_lsu_clkgate.enb	dbg_step_r	u_e203_cpu.u_e203_clk_ctrl.u_lsu_clkgate.enb$_DLATCH_N_/D
638	-0.5553	u_eI_cpu.u_eJ_irq_sync.master_gen.u_tmr_irq_sync.sync_gen[K].i_is_not_L.sync_dffr.qout_r	core_wfi	u_e203_cpu.u_e203_irq_sync.master_gen.u_tmr_irq_sync.sync_gen[1].i_is_not_0.sync_dffr.qout_r$_DFF_PN0_/Q	core_wfi
639	-0.5539	u_eI_cpu.u_eJ_core.u_eK_lsu.u_eL_lsu_ctrl.u_eM_lsu_splt_stage.dp_gt_N.vld_dfflr.qout_r	u_eI_cpu.u_eJ_core.u_eK_biu.u_sirv_gnrl_icb_buffer.u_sirv_gnrl_cmd_fifo.dp_gtL.fifo_rf[M].fifo_rf_dffl.qout_r[N]	u_e203_cpu.u_e203_core.u_e203_lsu.u_e203_lsu_ctrl.u_e203_lsu_splt_stage.dp_gt_0.vld_dfflr.qout_r$_DFFE_PN0P_/Q	u_e203_cpu.u_e203_core.u_e203_biu.u_sirv_gnrl_icb_buffer.u_sirv_gnrl_cmd_fifo.dp_gt0.fifo_rf[0].fifo_rf_dffl.qout_r[65]$_DFFE_PP_/D
640	-0.5539	u_eI_cpu.u_eJ_core.u_eK_lsu.u_eL_lsu_ctrl.u_eM_lsu_splt_stage.dp_gt_N.vld_dfflr.qout_r	u_eI_cpu.u_eJ_core.u_eK_ifu.u_eL_ifu_ifetch.ifu_lo_ir_dfflr.qout_r[M]	u_e203_cpu.u_e203_core.u_e203_lsu.u_e203_lsu_ctrl.u_e203_lsu_splt_stage.dp_gt_0.vld_dfflr.qout_r$_DFFE_PN0P_/Q	u_e203_cpu.u_e203_core.u_e203_ifu.u_e203_ifu_ifetch.ifu_lo_ir_dfflr.qout_r[12]$_DFFE_PN0P_/D
641	-0.5526	u_eI_cpu.u_eJ_irq_sync.master_gen.u_sft_irq_sync.sync_gen[K].i_is_not_L.sync_dffr.qout_r	cmt_dcause[I]	u_e203_cpu.u_e203_irq_sync.master_gen.u_sft_irq_sync.sync_gen[1].i_is_not_0.sync_dffr.qout_r$_DFF_PN0_/Q	cmt_dcause[1]
642	-0.5520	u_eI_cpu.u_eJ_core.u_eK_lsu.u_eL_lsu_ctrl.u_lsu_icb_arbt.arbt_num_gt_M_gen.dp_N.u_sirv_gnrl_rspid_fifo.dp_gt_O.vld_dfflr.qout_r	cmt_dcause[I]	u_e203_cpu.u_e203_core.u_e203_lsu.u_e203_lsu_ctrl.u_lsu_icb_arbt.arbt_num_gt_1_gen.dp_1.u_sirv_gnrl_rspid_fifo.dp_gt_0.vld_dfflr.qout_r$_DFFE_PN0P_/Q	cmt_dcause[1]
643	-0.5520	dbg_step_r	u_eI_cpu.u_eJ_core.u_eK_exu.u_eL_exu_commit.u_eM_exu_excp.wfi_halt_req_dfflr.qout_r	dbg_step_r	u_e203_cpu.u_e203_core.u_e203_exu.u_e203_exu_commit.u_e203_exu_excp.wfi_halt_req_dfflr.qout_r$_DFFE_PN0P_/D
644	-0.5509	u_eI_cpu.u_eJ_core.u_eK_lsu.u_eL_lsu_ctrl.u_eM_lsu_splt_stage.dp_gt_N.vld_dfflr.qout_r	u_eI_cpu.u_eJ_core.u_eK_biu.u_sirv_gnrl_icb_buffer.u_sirv_gnrl_cmd_fifo.dp_gtL.vec_M_dfflr.qout_r	u_e203_cpu.u_e203_core.u_e203_lsu.u_e203_lsu_ctrl.u_e203_lsu_splt_stage.dp_gt_0.vld_dfflr.qout_r$_DFFE_PN0P_/Q	u_e203_cpu.u_e203_core.u_e203_biu.u_sirv_gnrl_icb_buffer.u_sirv_gnrl_cmd_fifo.dp_gt0.vec_31_dfflr.qout_r$_DFFE_PN0P_/D
645	-0.5499	u_eI_cpu.u_eJ_core.u_eK_exu.u_eL_exu_csr.mie_dfflr.qout_r[M]	cmt_dpc_ena	u_e203_cpu.u_e203_core.u_e203_exu.u_e203_exu_csr.mie_dfflr.qout_r[7]$_DFFE_PN0P_/Q	cmt_dpc_ena
646	-0.5493	u_eI_cpu.u_eJ_core.u_eK_ifu.u_eL_ifu_ifetch.ir_rsMidx_dfflr.qout_r[N]	u_eI_cpu.u_eJ_core.u_eK_exu.u_eL_exu_alu.u_eM_exu_alu_dpath.sbf_N_dffl.qout_r[O]	u_e203_cpu.u_e203_core.u_e203_ifu.u_e203_ifu_ifetch.ir_rs2idx_dfflr.qout_r[1]$_DFFE_PN0P_/QN	u_e203_cpu.u_e203_core.u_e203_exu.u_e203_exu_alu.u_e203_exu_alu_dpath.sbf_1_dffl.qout_r[32]$_SDFFCE_PN0P_/D
647	-0.5488	u_eI_cpu.u_eJ_core.u_eK_ifu.u_eL_ifu_ifetch.ifu_err_dfflr.qout_r	u_eI_cpu.u_eJ_core.u_eK_ifu.u_eL_ifu_iftMicb.leftover_dffl.qout_r[N]	u_e203_cpu.u_e203_core.u_e203_ifu.u_e203_ifu_ifetch.ifu_err_dfflr.qout_r$_DFFE_PN0P_/Q	u_e203_cpu.u_e203_core.u_e203_ifu.u_e203_ifu_ift2icb.leftover_dffl.qout_r[10]$_DFFE_PP_/D
648	-0.5481	u_eI_cpu.u_eJ_core.u_eK_ifu.u_eL_ifu_ifetch.ir_rsMidx_dfflr.qout_r[N]	u_eI_cpu.u_eJ_core.u_eK_ifu.u_eL_ifu_ifetch.ir_valid_dfflr.qout_r	u_e203_cpu.u_e203_core.u_e203_ifu.u_e203_ifu_ifetch.ir_rs2idx_dfflr.qout_r[1]$_DFFE_PN0P_/QN	u_e203_cpu.u_e203_core.u_e203_ifu.u_e203_ifu_ifetch.ir_valid_dfflr.qout_r$_DFFE_PN0P_/D
649	-0.5478	u_eI_cpu.u_eJ_core.u_eK_lsu.u_eL_lsu_ctrl.u_lsu_icb_arbt.arbt_num_gt_M_gen.dp_N.u_sirv_gnrl_rspid_fifo.dp_gt_O.dat_dfflr.qout_r	cmt_dcause_ena	u_e203_cpu.u_e203_core.u_e203_lsu.u_e203_lsu_ctrl.u_lsu_icb_arbt.arbt_num_gt_1_gen.dp_1.u_sirv_gnrl_rspid_fifo.dp_gt_0.dat_dfflr.qout_r$_DFFE_PP_/Q	cmt_dcause_ena
650	-0.5477	u_eI_cpu.u_eJ_itcm_ctrl.u_sram_icb_ctrl.u_sirv_Kcyc_sram_ctrl.u_eL_stage.dp_gt_M.vld_dfflr.qout_r	u_eI_cpu.u_eJ_core.u_eK_ifu.u_eL_ifu_iftMicb.leftover_dffl.qout_r[N]	u_e203_cpu.u_e203_itcm_ctrl.u_sram_icb_ctrl.u_sirv_1cyc_sram_ctrl.u_e1_stage.dp_gt_0.vld_dfflr.qout_r$_DFFE_PN0P_/Q	u_e203_cpu.u_e203_core.u_e203_ifu.u_e203_ifu_ift2icb.leftover_dffl.qout_r[10]$_DFFE_PP_/D
651	-0.5474	u_eI_cpu.u_eJ_irq_sync.master_gen.u_ext_irq_sync.sync_gen[K].i_is_not_L.sync_dffr.qout_r	cmt_dcause[I]	u_e203_cpu.u_e203_irq_sync.master_gen.u_ext_irq_sync.sync_gen[1].i_is_not_0.sync_dffr.qout_r$_DFF_PN0_/Q	cmt_dcause[1]
652	-0.5472	u_eI_cpu.u_eJ_core.u_eK_ifu.u_eL_ifu_ifetch.ifu_err_dfflr.qout_r	u_eI_cpu.u_eJ_core.u_eK_ifu.u_eL_ifu_ifetch.ifu_hi_ir_dfflr.qout_r[M]	u_e203_cpu.u_e203_core.u_e203_ifu.u_e203_ifu_ifetch.ifu_err_dfflr.qout_r$_DFFE_PN0P_/Q	u_e203_cpu.u_e203_core.u_e203_ifu.u_e203_ifu_ifetch.ifu_hi_ir_dfflr.qout_r[10]$_DFFE_PN0P_/D
653	-0.5470	u_eI_cpu.u_eJ_irq_sync.master_gen.u_sft_irq_sync.sync_gen[K].i_is_not_L.sync_dffr.qout_r	core_wfi	u_e203_cpu.u_e203_irq_sync.master_gen.u_sft_irq_sync.sync_gen[1].i_is_not_0.sync_dffr.qout_r$_DFF_PN0_/Q	core_wfi
654	-0.5463	u_eI_cpu.u_eJ_core.u_eK_lsu.u_eL_lsu_ctrl.u_lsu_icb_arbt.arbt_num_gt_M_gen.dp_N.u_sirv_gnrl_rspid_fifo.dp_gt_O.vld_dfflr.qout_r	core_wfi	u_e203_cpu.u_e203_core.u_e203_lsu.u_e203_lsu_ctrl.u_lsu_icb_arbt.arbt_num_gt_1_gen.dp_1.u_sirv_gnrl_rspid_fifo.dp_gt_0.vld_dfflr.qout_r$_DFFE_PN0P_/Q	core_wfi
655	-0.5462	u_eI_cpu.u_eJ_itcm_ctrl.u_sram_icb_ctrl.u_sirv_Kcyc_sram_ctrl.u_eL_stage.dp_gt_M.vld_dfflr.qout_r	u_eI_cpu.u_eJ_core.u_eK_ifu.u_eL_ifu_ifetch.ifu_hi_ir_dfflr.qout_r[M]	u_e203_cpu.u_e203_itcm_ctrl.u_sram_icb_ctrl.u_sirv_1cyc_sram_ctrl.u_e1_stage.dp_gt_0.vld_dfflr.qout_r$_DFFE_PN0P_/Q	u_e203_cpu.u_e203_core.u_e203_ifu.u_e203_ifu_ifetch.ifu_hi_ir_dfflr.qout_r[10]$_DFFE_PN0P_/D
656	-0.5458	u_eI_cpu.u_eJ_core.u_eK_ifu.u_eL_ifu_ifetch.ifu_lo_ir_dfflr.qout_r[M]	u_eI_cpu.u_eJ_itcm_ctrl.u_itcm_icb_extKitcm_nLw.fifo_dp_M.u_sirv_gnrl_nNw_fifo.dp_gt_O.dat_dfflr.qout_r	u_e203_cpu.u_e203_core.u_e203_ifu.u_e203_ifu_ifetch.ifu_lo_ir_dfflr.qout_r[11]$_DFFE_PN0P_/Q	u_e203_cpu.u_e203_itcm_ctrl.u_itcm_icb_ext2itcm_n2w.fifo_dp_1.u_sirv_gnrl_n2w_fifo.dp_gt_0.dat_dfflr.qout_r$_DFFE_PP_/D
657	-0.5457	u_eI_cpu.u_eJ_core.u_eK_lsu.u_eL_lsu_ctrl.u_eM_lsu_splt_stage.dp_gt_N.vld_dfflr.qout_r	u_eI_cpu.u_eJ_core.u_eK_ifu.u_eL_ifu_iftMicb.icb_addr_N_O_dffl.qout_r[P]	u_e203_cpu.u_e203_core.u_e203_lsu.u_e203_lsu_ctrl.u_e203_lsu_splt_stage.dp_gt_0.vld_dfflr.qout_r$_DFFE_PN0P_/Q	u_e203_cpu.u_e203_core.u_e203_ifu.u_e203_ifu_ift2icb.icb_addr_2_1_dffl.qout_r[0]$_DFFE_PP_/D
658	-0.5456	u_eI_cpu.u_eJ_core.u_eK_ifu.u_eL_ifu_ifetch.ifu_err_dfflr.qout_r	u_eI_cpu.u_eJ_core.u_eK_ifu.u_eL_ifu_ifetch.ir_rsMidx_dfflr.qout_r[N]	u_e203_cpu.u_e203_core.u_e203_ifu.u_e203_ifu_ifetch.ifu_err_dfflr.qout_r$_DFFE_PN0P_/Q	u_e203_cpu.u_e203_core.u_e203_ifu.u_e203_ifu_ifetch.ir_rs2idx_dfflr.qout_r[4]$_DFFE_PN0P_/D
659	-0.5454	u_eI_cpu.u_eJ_core.u_eK_ifu.u_eL_ifu_ifetch.ifu_pc_dfflr.qout_r[M]	extIitcm_icb_cmd_ready	u_e203_cpu.u_e203_core.u_e203_ifu.u_e203_ifu_ifetch.ifu_pc_dfflr.qout_r[1]$_DFFE_PN0P_/Q	ext2itcm_icb_cmd_ready
660	-0.5451	u_eI_cpu.u_eJ_core.u_eK_exu.u_eL_exu_alu.u_eM_exu_alu_lsuagu.icb_state_dfflr.qout_r[N]	u_eI_cpu.u_eJ_core.u_eK_ifu.u_eL_ifu_ifetch.pc_dfflr.qout_r[M]	u_e203_cpu.u_e203_core.u_e203_exu.u_e203_exu_alu.u_e203_exu_alu_lsuagu.icb_state_dfflr.qout_r[0]$_DFFE_PN0P_/Q	u_e203_cpu.u_e203_core.u_e203_ifu.u_e203_ifu_ifetch.pc_dfflr.qout_r[10]$_DFFE_PN0P_/D
661	-0.5446	u_eI_cpu.u_eJ_itcm_ctrl.u_sram_icb_ctrl.u_sirv_Kcyc_sram_ctrl.u_eL_stage.dp_gt_M.vld_dfflr.qout_r	u_eI_cpu.u_eJ_core.u_eK_ifu.u_eL_ifu_ifetch.ir_rsMidx_dfflr.qout_r[N]	u_e203_cpu.u_e203_itcm_ctrl.u_sram_icb_ctrl.u_sirv_1cyc_sram_ctrl.u_e1_stage.dp_gt_0.vld_dfflr.qout_r$_DFFE_PN0P_/Q	u_e203_cpu.u_e203_core.u_e203_ifu.u_e203_ifu_ifetch.ir_rs2idx_dfflr.qout_r[4]$_DFFE_PN0P_/D
662	-0.5439	dbg_step_r	u_eI_cpu.u_eJ_core.u_eK_exu.u_eL_exu_commit.u_eM_exu_excp.wfi_flag_dfflr.qout_r	dbg_step_r	u_e203_cpu.u_e203_core.u_e203_exu.u_e203_exu_commit.u_e203_exu_excp.wfi_flag_dfflr.qout_r$_DFFE_PN0P_/D
663	-0.5435	u_eI_cpu.u_eJ_core.u_eK_ifu.u_eL_ifu_ifetch.ifu_err_dfflr.qout_r	u_eI_cpu.u_eJ_core.u_eK_biu.u_sirv_gnrl_icb_buffer.u_sirv_gnrl_cmd_fifo.dp_gtL.fifo_rf[M].fifo_rf_dffl.qout_r[N]	u_e203_cpu.u_e203_core.u_e203_ifu.u_e203_ifu_ifetch.ifu_err_dfflr.qout_r$_DFFE_PN0P_/Q	u_e203_cpu.u_e203_core.u_e203_biu.u_sirv_gnrl_icb_buffer.u_sirv_gnrl_cmd_fifo.dp_gt0.fifo_rf[0].fifo_rf_dffl.qout_r[65]$_DFFE_PP_/D
664	-0.5435	u_eI_cpu.u_eJ_core.u_eK_ifu.u_eL_ifu_ifetch.ifu_err_dfflr.qout_r	u_eI_cpu.u_eJ_core.u_eK_ifu.u_eL_ifu_ifetch.ifu_lo_ir_dfflr.qout_r[M]	u_e203_cpu.u_e203_core.u_e203_ifu.u_e203_ifu_ifetch.ifu_err_dfflr.qout_r$_DFFE_PN0P_/Q	u_e203_cpu.u_e203_core.u_e203_ifu.u_e203_ifu_ifetch.ifu_lo_ir_dfflr.qout_r[12]$_DFFE_PN0P_/D
665	-0.5433	dbg_halt_r	u_eI_cpu.u_eJ_core.u_eK_exu.u_eL_exu_csr.mtvec_dfflr.qout_r[M]	dbg_halt_r	u_e203_cpu.u_e203_core.u_e203_exu.u_e203_exu_csr.mtvec_dfflr.qout_r[27]$_DFFE_PN0P_/D
666	-0.5430	u_eI_cpu.u_eJ_core.u_eK_exu.u_eL_exu_oitf.depth_gtM.alc_ptr_dfflrs.qout_r	u_eI_cpu.u_eJ_core.u_eK_ifu.u_eL_ifu_ifetch.pc_dfflr.qout_r[M]	u_e203_cpu.u_e203_core.u_e203_exu.u_e203_exu_oitf.depth_gt1.alc_ptr_dfflrs.qout_r$_DFFE_PN0P_/Q	u_e203_cpu.u_e203_core.u_e203_ifu.u_e203_ifu_ifetch.pc_dfflr.qout_r[10]$_DFFE_PN0P_/D
667	-0.5425	u_eI_cpu.u_eJ_itcm_ctrl.u_sram_icb_ctrl.u_sirv_Kcyc_sram_ctrl.u_eL_stage.dp_gt_M.vld_dfflr.qout_r	u_eI_cpu.u_eJ_core.u_eK_biu.u_sirv_gnrl_icb_buffer.u_sirv_gnrl_cmd_fifo.dp_gtL.fifo_rf[M].fifo_rf_dffl.qout_r[N]	u_e203_cpu.u_e203_itcm_ctrl.u_sram_icb_ctrl.u_sirv_1cyc_sram_ctrl.u_e1_stage.dp_gt_0.vld_dfflr.qout_r$_DFFE_PN0P_/Q	u_e203_cpu.u_e203_core.u_e203_biu.u_sirv_gnrl_icb_buffer.u_sirv_gnrl_cmd_fifo.dp_gt0.fifo_rf[0].fifo_rf_dffl.qout_r[65]$_DFFE_PP_/D
668	-0.5425	u_eI_cpu.u_eJ_itcm_ctrl.u_sram_icb_ctrl.u_sirv_Kcyc_sram_ctrl.u_eL_stage.dp_gt_M.vld_dfflr.qout_r	u_eI_cpu.u_eJ_core.u_eK_ifu.u_eL_ifu_ifetch.ifu_lo_ir_dfflr.qout_r[M]	u_e203_cpu.u_e203_itcm_ctrl.u_sram_icb_ctrl.u_sirv_1cyc_sram_ctrl.u_e1_stage.dp_gt_0.vld_dfflr.qout_r$_DFFE_PN0P_/Q	u_e203_cpu.u_e203_core.u_e203_ifu.u_e203_ifu_ifetch.ifu_lo_ir_dfflr.qout_r[12]$_DFFE_PN0P_/D
669	-0.5420	u_eI_cpu.u_eJ_core.u_eK_lsu.u_eL_lsu_ctrl.u_eM_lsu_splt_stage.dp_gt_N.vld_dfflr.qout_r	u_eI_cpu.u_eJ_itcm_ctrl.u_sram_icb_ctrl.u_byp_icb_cmd_buf.u_bypbuf_fifo.dp_gtK.fifo_rf[L].fifo_rf_dffl.qout_r[M]	u_e203_cpu.u_e203_core.u_e203_lsu.u_e203_lsu_ctrl.u_e203_lsu_splt_stage.dp_gt_0.vld_dfflr.qout_r$_DFFE_PN0P_/Q	u_e203_cpu.u_e203_itcm_ctrl.u_sram_icb_ctrl.u_byp_icb_cmd_buf.u_bypbuf_fifo.dp_gt0.fifo_rf[0].fifo_rf_dffl.qout_r[2]$_DFFE_PP_/D
670	-0.5417	u_eI_cpu.u_eJ_core.u_eK_exu.u_eL_exu_alu.u_eM_exu_alu_muldiv.part_prdt_sftN_dfflr.qout_r	extIitcm_icb_cmd_ready	u_e203_cpu.u_e203_core.u_e203_exu.u_e203_exu_alu.u_e203_exu_alu_muldiv.part_prdt_sft1_dfflr.qout_r$_DFFE_PN0P_/Q	ext2itcm_icb_cmd_ready
671	-0.5417	u_eI_cpu.u_eJ_irq_sync.master_gen.u_ext_irq_sync.sync_gen[K].i_is_not_L.sync_dffr.qout_r	core_wfi	u_e203_cpu.u_e203_irq_sync.master_gen.u_ext_irq_sync.sync_gen[1].i_is_not_0.sync_dffr.qout_r$_DFF_PN0_/Q	core_wfi
672	-0.5415	u_eI_cpu.u_eJ_core.u_eK_lsu.u_eL_lsu_ctrl.u_eM_lsu_splt_stage.dp_gt_N.vld_dfflr.qout_r	u_eI_cpu.u_eJ_core.u_eK_ifu.u_eL_ifu_iftMicb.icb_state_dfflr.qout_r[N]	u_e203_cpu.u_e203_core.u_e203_lsu.u_e203_lsu_ctrl.u_e203_lsu_splt_stage.dp_gt_0.vld_dfflr.qout_r$_DFFE_PN0P_/Q	u_e203_cpu.u_e203_core.u_e203_ifu.u_e203_ifu_ift2icb.icb_state_dfflr.qout_r[1]$_DFFE_PN0P_/D
673	-0.5410	dbg_halt_r	u_eI_cpu.u_eJ_core.u_eK_exu.u_eL_exu_alu.u_eM_exu_nice.u_nice_itag_fifo.dp_gtN.vec_O_dfflrs.qout_r	dbg_halt_r	u_e203_cpu.u_e203_core.u_e203_exu.u_e203_exu_alu.u_e203_exu_nice.u_nice_itag_fifo.dp_gt0.vec_0_dfflrs.qout_r$_DFFE_PN1P_/D
674	-0.5406	u_eI_cpu.u_eJ_core.u_eK_ifu.u_eL_ifu_ifetch.ifu_err_dfflr.qout_r	u_eI_cpu.u_eJ_core.u_eK_biu.u_sirv_gnrl_icb_buffer.u_sirv_gnrl_cmd_fifo.dp_gtL.vec_M_dfflr.qout_r	u_e203_cpu.u_e203_core.u_e203_ifu.u_e203_ifu_ifetch.ifu_err_dfflr.qout_r$_DFFE_PN0P_/Q	u_e203_cpu.u_e203_core.u_e203_biu.u_sirv_gnrl_icb_buffer.u_sirv_gnrl_cmd_fifo.dp_gt0.vec_31_dfflr.qout_r$_DFFE_PN0P_/D
675	-0.5401	u_eI_cpu.u_eJ_core.u_eK_ifu.u_eL_ifu_ifetch.ifu_hi_ir_dfflr.qout_r[M]	u_eI_cpu.u_eJ_dtcm_ctrl.u_sram_icb_ctrl.u_byp_icb_cmd_buf.u_bypbuf_fifo.dp_gtK.vec_L_dfflrs.qout_r	u_e203_cpu.u_e203_core.u_e203_ifu.u_e203_ifu_ifetch.ifu_hi_ir_dfflr.qout_r[15]$_DFFE_PN0P_/Q	u_e203_cpu.u_e203_dtcm_ctrl.u_sram_icb_ctrl.u_byp_icb_cmd_buf.u_bypbuf_fifo.dp_gt0.vec_0_dfflrs.qout_r$_DFFE_PN1P_/D
676	-0.5399	u_eI_cpu.u_eJ_core.u_eK_ifu.u_eL_ifu_ifetch.ir_rsMidx_dfflr.qout_r[N]	u_eI_srams.u_eJ_itcm_ram.u_eK_itcm_gnrl_ram.u_sirv_sim_ram.mem_r[L][M]	u_e203_cpu.u_e203_core.u_e203_ifu.u_e203_ifu_ifetch.ir_rs2idx_dfflr.qout_r[1]$_DFFE_PN0P_/QN	u_e203_srams.u_e203_itcm_ram.u_e203_itcm_gnrl_ram.u_sirv_sim_ram.mem_r[0][32]$_DFFE_PP_/D
677	-0.5395	u_eI_cpu.u_eJ_itcm_ctrl.u_sram_icb_ctrl.u_sirv_Kcyc_sram_ctrl.u_eL_stage.dp_gt_M.vld_dfflr.qout_r	u_eI_cpu.u_eJ_core.u_eK_biu.u_sirv_gnrl_icb_buffer.u_sirv_gnrl_cmd_fifo.dp_gtL.vec_M_dfflr.qout_r	u_e203_cpu.u_e203_itcm_ctrl.u_sram_icb_ctrl.u_sirv_1cyc_sram_ctrl.u_e1_stage.dp_gt_0.vld_dfflr.qout_r$_DFFE_PN0P_/Q	u_e203_cpu.u_e203_core.u_e203_biu.u_sirv_gnrl_icb_buffer.u_sirv_gnrl_cmd_fifo.dp_gt0.vec_31_dfflr.qout_r$_DFFE_PN0P_/D
678	-0.5390	dbg_halt_r	u_eI_cpu.u_eJ_core.u_eK_exu.u_eL_exu_csr.mcycleh_dfflr.qout_r[M]	dbg_halt_r	u_e203_cpu.u_e203_core.u_e203_exu.u_e203_exu_csr.mcycleh_dfflr.qout_r[0]$_DFFE_PN0P_/D
679	-0.5385	u_eI_cpu.u_eJ_core.u_eK_lsu.u_eL_lsu_ctrl.u_lsu_icb_arbt.arbt_num_gt_M_gen.dp_N.u_sirv_gnrl_rspid_fifo.dp_gt_O.dat_dfflr.qout_r	cmt_dcause[I]	u_e203_cpu.u_e203_core.u_e203_lsu.u_e203_lsu_ctrl.u_lsu_icb_arbt.arbt_num_gt_1_gen.dp_1.u_sirv_gnrl_rspid_fifo.dp_gt_0.dat_dfflr.qout_r$_DFFE_PP_/Q	cmt_dcause[1]
680	-0.5385	u_eI_cpu.u_eJ_itcm_ctrl.u_itcm_icb_arbt.arbt_num_gt_K_gen.dp_L.u_sirv_gnrl_rspid_fifo.dp_gt_M.vld_dfflr.qout_r	u_eI_cpu.u_eJ_core.u_eK_ifu.u_eL_ifu_ifetch.pc_dfflr.qout_r[M]	u_e203_cpu.u_e203_itcm_ctrl.u_itcm_icb_arbt.arbt_num_gt_1_gen.dp_1.u_sirv_gnrl_rspid_fifo.dp_gt_0.vld_dfflr.qout_r$_DFFE_PN0P_/Q	u_e203_cpu.u_e203_core.u_e203_ifu.u_e203_ifu_ifetch.pc_dfflr.qout_r[10]$_DFFE_PN0P_/D
681	-0.5379	dbg_step_r	u_eI_cpu.u_eJ_nice_core.state_dfflr.qout_r[K]	dbg_step_r	u_e203_cpu.u_e203_nice_core.state_dfflr.qout_r[0]$_DFFE_PN0P_/D
682	-0.5377	dbg_halt_r	u_eI_cpu.u_eJ_core.u_eK_exu.u_eL_exu_csr.status_mie_dfflr.qout_r	dbg_halt_r	u_e203_cpu.u_e203_core.u_e203_exu.u_e203_exu_csr.status_mie_dfflr.qout_r$_DFFE_PN0P_/D
683	-0.5362	u_eI_cpu.u_eJ_core.u_eK_lsu.u_eL_lsu_ctrl.u_eM_lsu_splt_stage.dp_gt_N.vld_dfflr.qout_r	u_eI_cpu.u_eJ_core.u_eK_ifu.u_eL_ifu_ifetch.pc_newpend_dfflr.qout_r	u_e203_cpu.u_e203_core.u_e203_lsu.u_e203_lsu_ctrl.u_e203_lsu_splt_stage.dp_gt_0.vld_dfflr.qout_r$_DFFE_PN0P_/Q	u_e203_cpu.u_e203_core.u_e203_ifu.u_e203_ifu_ifetch.pc_newpend_dfflr.qout_r$_DFFE_PN0P_/D
684	-0.5353	u_eI_cpu.u_eJ_core.u_eK_ifu.u_eL_ifu_ifetch.ifu_err_dfflr.qout_r	u_eI_cpu.u_eJ_core.u_eK_ifu.u_eL_ifu_iftMicb.icb_addr_N_O_dffl.qout_r[P]	u_e203_cpu.u_e203_core.u_e203_ifu.u_e203_ifu_ifetch.ifu_err_dfflr.qout_r$_DFFE_PN0P_/Q	u_e203_cpu.u_e203_core.u_e203_ifu.u_e203_ifu_ift2icb.icb_addr_2_1_dffl.qout_r[0]$_DFFE_PP_/D
685	-0.5350	u_eI_cpu.u_eJ_core.u_eK_lsu.u_eL_lsu_ctrl.u_eM_lsu_splt_stage.dp_gt_N.dat_dfflr.qout_r[O]	u_eI_cpu.u_eJ_core.u_eK_ifu.u_eL_ifu_ifetch.pc_dfflr.qout_r[M]	u_e203_cpu.u_e203_core.u_e203_lsu.u_e203_lsu_ctrl.u_e203_lsu_splt_stage.dp_gt_0.dat_dfflr.qout_r[43]$_DFFE_PP_/Q	u_e203_cpu.u_e203_core.u_e203_ifu.u_e203_ifu_ifetch.pc_dfflr.qout_r[10]$_DFFE_PN0P_/D
686	-0.5345	dbg_ebreakm_r	extIitcm_icb_cmd_ready	dbg_ebreakm_r	ext2itcm_icb_cmd_ready
687	-0.5343	u_eI_cpu.u_eJ_itcm_ctrl.u_sram_icb_ctrl.u_sirv_Kcyc_sram_ctrl.u_eL_stage.dp_gt_M.vld_dfflr.qout_r	u_eI_cpu.u_eJ_core.u_eK_ifu.u_eL_ifu_iftMicb.icb_addr_N_O_dffl.qout_r[P]	u_e203_cpu.u_e203_itcm_ctrl.u_sram_icb_ctrl.u_sirv_1cyc_sram_ctrl.u_e1_stage.dp_gt_0.vld_dfflr.qout_r$_DFFE_PN0P_/Q	u_e203_cpu.u_e203_core.u_e203_ifu.u_e203_ifu_ift2icb.icb_addr_2_1_dffl.qout_r[0]$_DFFE_PP_/D
688	-0.5342	u_eI_cpu.u_eJ_core.u_eK_biu.u_biu_icb_arbt.arbt_num_gt_L_gen.dp_M.u_sirv_gnrl_rspid_fifo.dp_gt_N.vld_dfflr.qout_r	u_eI_cpu.u_eJ_core.u_eK_ifu.u_eL_ifu_ifetch.pc_dfflr.qout_r[M]	u_e203_cpu.u_e203_core.u_e203_biu.u_biu_icb_arbt.arbt_num_gt_1_gen.dp_1.u_sirv_gnrl_rspid_fifo.dp_gt_0.vld_dfflr.qout_r$_DFFE_PN0P_/Q	u_e203_cpu.u_e203_core.u_e203_ifu.u_e203_ifu_ifetch.pc_dfflr.qout_r[10]$_DFFE_PN0P_/D
689	-0.5334	u_eI_cpu.u_eJ_core.u_eK_biu.u_sirv_gnrl_icb_buffer.u_sirv_gnrl_rsp_fifo.dp_gtL.vec_M_dfflr.qout_r	u_eI_cpu.u_eJ_core.u_eK_ifu.u_eL_ifu_ifetch.pc_dfflr.qout_r[M]	u_e203_cpu.u_e203_core.u_e203_biu.u_sirv_gnrl_icb_buffer.u_sirv_gnrl_rsp_fifo.dp_gt0.vec_31_dfflr.qout_r$_DFFE_PN0P_/Q	u_e203_cpu.u_e203_core.u_e203_ifu.u_e203_ifu_ifetch.pc_dfflr.qout_r[10]$_DFFE_PN0P_/D
690	-0.5328	u_eI_cpu.u_eJ_core.u_eK_lsu.u_eL_lsu_ctrl.u_lsu_icb_arbt.arbt_num_gt_M_gen.dp_N.u_sirv_gnrl_rspid_fifo.dp_gt_O.dat_dfflr.qout_r	core_wfi	u_e203_cpu.u_e203_core.u_e203_lsu.u_e203_lsu_ctrl.u_lsu_icb_arbt.arbt_num_gt_1_gen.dp_1.u_sirv_gnrl_rspid_fifo.dp_gt_0.dat_dfflr.qout_r$_DFFE_PP_/Q	core_wfi
691	-0.5316	u_eI_cpu.u_eJ_core.u_eK_ifu.u_eL_ifu_ifetch.ifu_err_dfflr.qout_r	u_eI_cpu.u_eJ_itcm_ctrl.u_sram_icb_ctrl.u_byp_icb_cmd_buf.u_bypbuf_fifo.dp_gtK.fifo_rf[L].fifo_rf_dffl.qout_r[M]	u_e203_cpu.u_e203_core.u_e203_ifu.u_e203_ifu_ifetch.ifu_err_dfflr.qout_r$_DFFE_PN0P_/Q	u_e203_cpu.u_e203_itcm_ctrl.u_sram_icb_ctrl.u_byp_icb_cmd_buf.u_bypbuf_fifo.dp_gt0.fifo_rf[0].fifo_rf_dffl.qout_r[2]$_DFFE_PP_/D
692	-0.5311	u_eI_cpu.u_eJ_core.u_eK_ifu.u_eL_ifu_ifetch.ifu_err_dfflr.qout_r	u_eI_cpu.u_eJ_core.u_eK_ifu.u_eL_ifu_iftMicb.icb_state_dfflr.qout_r[N]	u_e203_cpu.u_e203_core.u_e203_ifu.u_e203_ifu_ifetch.ifu_err_dfflr.qout_r$_DFFE_PN0P_/Q	u_e203_cpu.u_e203_core.u_e203_ifu.u_e203_ifu_ift2icb.icb_state_dfflr.qout_r[1]$_DFFE_PN0P_/D
693	-0.5307	u_eI_cpu.u_eJ_dtcm_ctrl.u_dtcm_icb_arbt.arbt_num_gt_K_gen.dp_L.u_sirv_gnrl_rspid_fifo.dp_gt_M.dat_dfflr.qout_r	cmt_dpc_ena	u_e203_cpu.u_e203_dtcm_ctrl.u_dtcm_icb_arbt.arbt_num_gt_1_gen.dp_1.u_sirv_gnrl_rspid_fifo.dp_gt_0.dat_dfflr.qout_r$_DFFE_PP_/Q	cmt_dpc_ena
694	-0.5305	u_eI_cpu.u_eJ_itcm_ctrl.u_sram_icb_ctrl.u_sirv_Kcyc_sram_ctrl.u_eL_stage.dp_gt_M.vld_dfflr.qout_r	u_eI_cpu.u_eJ_itcm_ctrl.u_sram_icb_ctrl.u_byp_icb_cmd_buf.u_bypbuf_fifo.dp_gtK.fifo_rf[L].fifo_rf_dffl.qout_r[M]	u_e203_cpu.u_e203_itcm_ctrl.u_sram_icb_ctrl.u_sirv_1cyc_sram_ctrl.u_e1_stage.dp_gt_0.vld_dfflr.qout_r$_DFFE_PN0P_/Q	u_e203_cpu.u_e203_itcm_ctrl.u_sram_icb_ctrl.u_byp_icb_cmd_buf.u_bypbuf_fifo.dp_gt0.fifo_rf[0].fifo_rf_dffl.qout_r[2]$_DFFE_PP_/D
695	-0.5300	u_eI_cpu.u_eJ_core.u_eK_ifu.u_eL_ifu_ifetch.ifu_lo_ir_dfflr.qout_r[M]	u_eI_cpu.u_eJ_itcm_ctrl.u_itcm_icb_lsuKitcm_nLw.fifo_dp_M.u_sirv_gnrl_nNw_fifo.dp_gt_O.dat_dfflr.qout_r	u_e203_cpu.u_e203_core.u_e203_ifu.u_e203_ifu_ifetch.ifu_lo_ir_dfflr.qout_r[11]$_DFFE_PN0P_/Q	u_e203_cpu.u_e203_itcm_ctrl.u_itcm_icb_lsu2itcm_n2w.fifo_dp_1.u_sirv_gnrl_n2w_fifo.dp_gt_0.dat_dfflr.qout_r$_DFFE_PP_/D
696	-0.5300	u_eI_cpu.u_eJ_itcm_ctrl.u_sram_icb_ctrl.u_sirv_Kcyc_sram_ctrl.u_eL_stage.dp_gt_M.vld_dfflr.qout_r	u_eI_cpu.u_eJ_core.u_eK_ifu.u_eL_ifu_iftMicb.icb_state_dfflr.qout_r[N]	u_e203_cpu.u_e203_itcm_ctrl.u_sram_icb_ctrl.u_sirv_1cyc_sram_ctrl.u_e1_stage.dp_gt_0.vld_dfflr.qout_r$_DFFE_PN0P_/Q	u_e203_cpu.u_e203_core.u_e203_ifu.u_e203_ifu_ift2icb.icb_state_dfflr.qout_r[1]$_DFFE_PN0P_/D
697	-0.5284	u_eI_cpu.u_eJ_core.u_eK_lsu.u_eL_lsu_ctrl.u_eM_lsu_splt_stage.dp_gt_N.vld_dfflr.qout_r	u_eI_cpu.u_eJ_core.u_eK_biu.u_sirv_gnrl_icb_buffer.outs_cnt_dfflr.qout_r	u_e203_cpu.u_e203_core.u_e203_lsu.u_e203_lsu_ctrl.u_e203_lsu_splt_stage.dp_gt_0.vld_dfflr.qout_r$_DFFE_PN0P_/Q	u_e203_cpu.u_e203_core.u_e203_biu.u_sirv_gnrl_icb_buffer.outs_cnt_dfflr.qout_r$_DFFE_PN0P_/D
698	-0.5283	u_eI_cpu.u_eJ_core.u_eK_ifu.u_eL_ifu_ifetch.ir_rsMidx_dfflr.qout_r[N]	u_eI_cpu.u_eJ_core.u_eK_ifu.u_eL_ifu_iftMicb.u_eN_ifetch_rsp_bypbuf.u_bypbuf_fifo.dp_gtO.vec_P_dfflr.qout_r	u_e203_cpu.u_e203_core.u_e203_ifu.u_e203_ifu_ifetch.ir_rs2idx_dfflr.qout_r[1]$_DFFE_PN0P_/QN	u_e203_cpu.u_e203_core.u_e203_ifu.u_e203_ifu_ift2icb.u_e203_ifetch_rsp_bypbuf.u_bypbuf_fifo.dp_gt0.vec_31_dfflr.qout_r$_DFFE_PN0P_/D
699	-0.5271	u_eI_cpu.u_eJ_core.u_eK_ifu.u_eL_ifu_ifetch.ir_rsMidx_dfflr.qout_r[N]	u_eI_cpu.u_eJ_dtcm_ctrl.u_sram_icb_ctrl.u_byp_icb_cmd_buf.u_bypbuf_fifo.dp_gtK.fifo_rf[L].fifo_rf_dffl.qout_r[M]	u_e203_cpu.u_e203_core.u_e203_ifu.u_e203_ifu_ifetch.ir_rs2idx_dfflr.qout_r[1]$_DFFE_PN0P_/QN	u_e203_cpu.u_e203_dtcm_ctrl.u_sram_icb_ctrl.u_byp_icb_cmd_buf.u_bypbuf_fifo.dp_gt0.fifo_rf[0].fifo_rf_dffl.qout_r[18]$_DFFE_PP_/D
700	-0.5269	u_eI_cpu.u_eJ_core.u_eK_ifu.u_eL_ifu_ifetch.ifu_lo_ir_dfflr.qout_r[M]	u_eI_cpu.u_eJ_clk_ctrl.u_dtcm_clkgate.enb	u_e203_cpu.u_e203_core.u_e203_ifu.u_e203_ifu_ifetch.ifu_lo_ir_dfflr.qout_r[11]$_DFFE_PN0P_/Q	u_e203_cpu.u_e203_clk_ctrl.u_dtcm_clkgate.enb$_DLATCH_N_/D
701	-0.5265	u_eI_cpu.u_eJ_irq_sync.master_gen.u_tmr_irq_sync.sync_gen[K].i_is_not_L.sync_dffr.qout_r	cmt_dpc_ena	u_e203_cpu.u_e203_irq_sync.master_gen.u_tmr_irq_sync.sync_gen[1].i_is_not_0.sync_dffr.qout_r$_DFF_PN0_/Q	cmt_dpc_ena
702	-0.5261	dbg_halt_r	u_eI_cpu.u_eJ_core.u_eK_exu.u_eL_exu_csr.status_mpie_dfflr.qout_r	dbg_halt_r	u_e203_cpu.u_e203_core.u_e203_exu.u_e203_exu_csr.status_mpie_dfflr.qout_r$_DFFE_PN0P_/D
703	-0.5258	u_eI_cpu.u_eJ_core.u_eK_ifu.u_eL_ifu_ifetch.ifu_err_dfflr.qout_r	u_eI_cpu.u_eJ_core.u_eK_ifu.u_eL_ifu_ifetch.pc_newpend_dfflr.qout_r	u_e203_cpu.u_e203_core.u_e203_ifu.u_e203_ifu_ifetch.ifu_err_dfflr.qout_r$_DFFE_PN0P_/Q	u_e203_cpu.u_e203_core.u_e203_ifu.u_e203_ifu_ifetch.pc_newpend_dfflr.qout_r$_DFFE_PN0P_/D
704	-0.5256	u_eI_cpu.u_eJ_core.u_eK_exu.u_eL_exu_oitf.depth_gtM.ret_ptr_dfflrs.qout_r	u_eI_cpu.u_eJ_core.u_eK_ifu.u_eL_ifu_ifetch.pc_dfflr.qout_r[M]	u_e203_cpu.u_e203_core.u_e203_exu.u_e203_exu_oitf.depth_gt1.ret_ptr_dfflrs.qout_r$_DFFE_PN0P_/Q	u_e203_cpu.u_e203_core.u_e203_ifu.u_e203_ifu_ifetch.pc_dfflr.qout_r[10]$_DFFE_PN0P_/D
705	-0.5247	u_eI_cpu.u_eJ_itcm_ctrl.u_sram_icb_ctrl.u_sirv_Kcyc_sram_ctrl.u_eL_stage.dp_gt_M.vld_dfflr.qout_r	u_eI_cpu.u_eJ_core.u_eK_ifu.u_eL_ifu_ifetch.pc_newpend_dfflr.qout_r	u_e203_cpu.u_e203_itcm_ctrl.u_sram_icb_ctrl.u_sirv_1cyc_sram_ctrl.u_e1_stage.dp_gt_0.vld_dfflr.qout_r$_DFFE_PN0P_/Q	u_e203_cpu.u_e203_core.u_e203_ifu.u_e203_ifu_ifetch.pc_newpend_dfflr.qout_r$_DFFE_PN0P_/D
706	-0.5218	u_eI_cpu.u_eJ_dtcm_ctrl.u_dtcm_icb_arbt.arbt_num_gt_K_gen.dp_L.u_sirv_gnrl_rspid_fifo.dp_gt_M.vld_dfflr.qout_r	u_eI_cpu.u_eJ_core.u_eK_ifu.u_eL_ifu_ifetch.pc_dfflr.qout_r[M]	u_e203_cpu.u_e203_dtcm_ctrl.u_dtcm_icb_arbt.arbt_num_gt_1_gen.dp_1.u_sirv_gnrl_rspid_fifo.dp_gt_0.vld_dfflr.qout_r$_DFFE_PN0P_/Q	u_e203_cpu.u_e203_core.u_e203_ifu.u_e203_ifu_ifetch.pc_dfflr.qout_r[10]$_DFFE_PN0P_/D
707	-0.5216	u_eI_cpu.u_eJ_core.u_eK_exu.u_eL_exu_alu.u_eM_exu_alu_lsuagu.icb_state_dfflr.qout_r[N]	u_eI_cpu.u_eJ_core.u_eK_ifu.u_eL_ifu_iftMicb.leftover_dffl.qout_r[N]	u_e203_cpu.u_e203_core.u_e203_exu.u_e203_exu_alu.u_e203_exu_alu_lsuagu.icb_state_dfflr.qout_r[0]$_DFFE_PN0P_/Q	u_e203_cpu.u_e203_core.u_e203_ifu.u_e203_ifu_ift2icb.leftover_dffl.qout_r[10]$_DFFE_PP_/D
708	-0.5213	u_eI_cpu.u_eJ_core.u_eK_lsu.u_eL_lsu_ctrl.u_eM_lsu_splt_stage.dp_gt_N.vld_dfflr.qout_r	u_eI_cpu.u_eJ_core.u_eK_ifu.u_eL_ifu_iftMicb.u_eN_ifetch_rsp_bypbuf.u_bypbuf_fifo.dp_gtO.fifo_rf[P].fifo_rf_dffl.qout_r[Q]	u_e203_cpu.u_e203_core.u_e203_lsu.u_e203_lsu_ctrl.u_e203_lsu_splt_stage.dp_gt_0.vld_dfflr.qout_r$_DFFE_PN0P_/Q	u_e203_cpu.u_e203_core.u_e203_ifu.u_e203_ifu_ift2icb.u_e203_ifetch_rsp_bypbuf.u_bypbuf_fifo.dp_gt0.fifo_rf[0].fifo_rf_dffl.qout_r[30]$_DFFE_PP_/D
709	-0.5209	u_eI_cpu.u_eJ_dtcm_ctrl.u_sram_icb_ctrl.u_sirv_Kcyc_sram_ctrl.u_eL_stage.dp_gt_M.vld_dfflr.qout_r	u_eI_cpu.u_eJ_core.u_eK_ifu.u_eL_ifu_ifetch.pc_dfflr.qout_r[M]	u_e203_cpu.u_e203_dtcm_ctrl.u_sram_icb_ctrl.u_sirv_1cyc_sram_ctrl.u_e1_stage.dp_gt_0.vld_dfflr.qout_r$_DFFE_PN0P_/Q	u_e203_cpu.u_e203_core.u_e203_ifu.u_e203_ifu_ifetch.pc_dfflr.qout_r[10]$_DFFE_PN0P_/D
710	-0.5200	u_eI_cpu.u_eJ_core.u_eK_exu.u_eL_exu_alu.u_eM_exu_alu_lsuagu.icb_state_dfflr.qout_r[N]	u_eI_cpu.u_eJ_core.u_eK_ifu.u_eL_ifu_ifetch.ifu_hi_ir_dfflr.qout_r[M]	u_e203_cpu.u_e203_core.u_e203_exu.u_e203_exu_alu.u_e203_exu_alu_lsuagu.icb_state_dfflr.qout_r[0]$_DFFE_PN0P_/Q	u_e203_cpu.u_e203_core.u_e203_ifu.u_e203_ifu_ifetch.ifu_hi_ir_dfflr.qout_r[10]$_DFFE_PN0P_/D
711	-0.5196	u_eI_cpu.u_eJ_core.u_eK_exu.u_eL_exu_oitf.depth_gtM.alc_ptr_dfflrs.qout_r	u_eI_cpu.u_eJ_core.u_eK_ifu.u_eL_ifu_iftMicb.leftover_dffl.qout_r[N]	u_e203_cpu.u_e203_core.u_e203_exu.u_e203_exu_oitf.depth_gt1.alc_ptr_dfflrs.qout_r$_DFFE_PN0P_/Q	u_e203_cpu.u_e203_core.u_e203_ifu.u_e203_ifu_ift2icb.leftover_dffl.qout_r[10]$_DFFE_PP_/D
712	-0.5191	u_eI_cpu.u_eJ_core.u_eK_exu.u_eL_exu_oitf.depth_gtM.alc_ptr_flg_dfflrs.qout_r	u_eI_cpu.u_eJ_core.u_eK_ifu.u_eL_ifu_ifetch.pc_dfflr.qout_r[M]	u_e203_cpu.u_e203_core.u_e203_exu.u_e203_exu_oitf.depth_gt1.alc_ptr_flg_dfflrs.qout_r$_DFFE_PN0P_/Q	u_e203_cpu.u_e203_core.u_e203_ifu.u_e203_ifu_ifetch.pc_dfflr.qout_r[10]$_DFFE_PN0P_/D
713	-0.5184	u_eI_cpu.u_eJ_core.u_eK_exu.u_eL_exu_alu.u_eM_exu_alu_lsuagu.icb_state_dfflr.qout_r[N]	u_eI_cpu.u_eJ_core.u_eK_ifu.u_eL_ifu_ifetch.ir_rsMidx_dfflr.qout_r[N]	u_e203_cpu.u_e203_core.u_e203_exu.u_e203_exu_alu.u_e203_exu_alu_lsuagu.icb_state_dfflr.qout_r[0]$_DFFE_PN0P_/Q	u_e203_cpu.u_e203_core.u_e203_ifu.u_e203_ifu_ifetch.ir_rs2idx_dfflr.qout_r[4]$_DFFE_PN0P_/D
714	-0.5181	u_eI_cpu.u_eJ_irq_sync.master_gen.u_sft_irq_sync.sync_gen[K].i_is_not_L.sync_dffr.qout_r	cmt_dpc_ena	u_e203_cpu.u_e203_irq_sync.master_gen.u_sft_irq_sync.sync_gen[1].i_is_not_0.sync_dffr.qout_r$_DFF_PN0_/Q	cmt_dpc_ena
715	-0.5181	u_eI_cpu.u_eJ_core.u_eK_ifu.u_eL_ifu_ifetch.ifu_err_dfflr.qout_r	u_eI_cpu.u_eJ_core.u_eK_biu.u_sirv_gnrl_icb_buffer.outs_cnt_dfflr.qout_r	u_e203_cpu.u_e203_core.u_e203_ifu.u_e203_ifu_ifetch.ifu_err_dfflr.qout_r$_DFFE_PN0P_/Q	u_e203_cpu.u_e203_core.u_e203_biu.u_sirv_gnrl_icb_buffer.outs_cnt_dfflr.qout_r$_DFFE_PN0P_/D
716	-0.5180	u_eI_cpu.u_eJ_core.u_eK_exu.u_eL_exu_oitf.depth_gtM.alc_ptr_dfflrs.qout_r	u_eI_cpu.u_eJ_core.u_eK_ifu.u_eL_ifu_ifetch.ifu_hi_ir_dfflr.qout_r[M]	u_e203_cpu.u_e203_core.u_e203_exu.u_e203_exu_oitf.depth_gt1.alc_ptr_dfflrs.qout_r$_DFFE_PN0P_/Q	u_e203_cpu.u_e203_core.u_e203_ifu.u_e203_ifu_ifetch.ifu_hi_ir_dfflr.qout_r[10]$_DFFE_PN0P_/D
717	-0.5175	u_eI_cpu.u_eJ_core.u_eK_lsu.u_eL_lsu_ctrl.u_lsu_icb_arbt.arbt_num_gt_M_gen.dp_N.u_sirv_gnrl_rspid_fifo.dp_gt_O.vld_dfflr.qout_r	cmt_dpc_ena	u_e203_cpu.u_e203_core.u_e203_lsu.u_e203_lsu_ctrl.u_lsu_icb_arbt.arbt_num_gt_1_gen.dp_1.u_sirv_gnrl_rspid_fifo.dp_gt_0.vld_dfflr.qout_r$_DFFE_PN0P_/Q	cmt_dpc_ena
718	-0.5173	u_eI_cpu.u_eJ_core.u_eK_exu.u_eL_exu_oitf.depth_gtM.ret_ptr_flg_dfflrs.qout_r	u_eI_cpu.u_eJ_core.u_eK_ifu.u_eL_ifu_ifetch.pc_dfflr.qout_r[M]	u_e203_cpu.u_e203_core.u_e203_exu.u_e203_exu_oitf.depth_gt1.ret_ptr_flg_dfflrs.qout_r$_DFFE_PN0P_/Q	u_e203_cpu.u_e203_core.u_e203_ifu.u_e203_ifu_ifetch.pc_dfflr.qout_r[10]$_DFFE_PN0P_/D
719	-0.5170	u_eI_cpu.u_eJ_itcm_ctrl.u_sram_icb_ctrl.u_sirv_Kcyc_sram_ctrl.u_eL_stage.dp_gt_M.vld_dfflr.qout_r	u_eI_cpu.u_eJ_core.u_eK_biu.u_sirv_gnrl_icb_buffer.outs_cnt_dfflr.qout_r	u_e203_cpu.u_e203_itcm_ctrl.u_sram_icb_ctrl.u_sirv_1cyc_sram_ctrl.u_e1_stage.dp_gt_0.vld_dfflr.qout_r$_DFFE_PN0P_/Q	u_e203_cpu.u_e203_core.u_e203_biu.u_sirv_gnrl_icb_buffer.outs_cnt_dfflr.qout_r$_DFFE_PN0P_/D
720	-0.5164	u_eI_cpu.u_eJ_core.u_eK_exu.u_eL_exu_oitf.depth_gtM.alc_ptr_dfflrs.qout_r	u_eI_cpu.u_eJ_core.u_eK_ifu.u_eL_ifu_ifetch.ir_rsMidx_dfflr.qout_r[N]	u_e203_cpu.u_e203_core.u_e203_exu.u_e203_exu_oitf.depth_gt1.alc_ptr_dfflrs.qout_r$_DFFE_PN0P_/Q	u_e203_cpu.u_e203_core.u_e203_ifu.u_e203_ifu_ifetch.ir_rs2idx_dfflr.qout_r[4]$_DFFE_PN0P_/D
721	-0.5163	u_eI_cpu.u_eJ_core.u_eK_exu.u_eL_exu_alu.u_eM_exu_alu_lsuagu.icb_state_dfflr.qout_r[N]	u_eI_cpu.u_eJ_core.u_eK_biu.u_sirv_gnrl_icb_buffer.u_sirv_gnrl_cmd_fifo.dp_gtL.fifo_rf[M].fifo_rf_dffl.qout_r[N]	u_e203_cpu.u_e203_core.u_e203_exu.u_e203_exu_alu.u_e203_exu_alu_lsuagu.icb_state_dfflr.qout_r[0]$_DFFE_PN0P_/Q	u_e203_cpu.u_e203_core.u_e203_biu.u_sirv_gnrl_icb_buffer.u_sirv_gnrl_cmd_fifo.dp_gt0.fifo_rf[0].fifo_rf_dffl.qout_r[65]$_DFFE_PP_/D
722	-0.5163	u_eI_cpu.u_eJ_core.u_eK_exu.u_eL_exu_alu.u_eM_exu_alu_lsuagu.icb_state_dfflr.qout_r[N]	u_eI_cpu.u_eJ_core.u_eK_ifu.u_eL_ifu_ifetch.ifu_lo_ir_dfflr.qout_r[M]	u_e203_cpu.u_e203_core.u_e203_exu.u_e203_exu_alu.u_e203_exu_alu_lsuagu.icb_state_dfflr.qout_r[0]$_DFFE_PN0P_/Q	u_e203_cpu.u_e203_core.u_e203_ifu.u_e203_ifu_ifetch.ifu_lo_ir_dfflr.qout_r[12]$_DFFE_PN0P_/D
723	-0.5150	u_eI_cpu.u_eJ_itcm_ctrl.u_itcm_icb_arbt.arbt_num_gt_K_gen.dp_L.u_sirv_gnrl_rspid_fifo.dp_gt_M.vld_dfflr.qout_r	u_eI_cpu.u_eJ_core.u_eK_ifu.u_eL_ifu_iftMicb.leftover_dffl.qout_r[N]	u_e203_cpu.u_e203_itcm_ctrl.u_itcm_icb_arbt.arbt_num_gt_1_gen.dp_1.u_sirv_gnrl_rspid_fifo.dp_gt_0.vld_dfflr.qout_r$_DFFE_PN0P_/Q	u_e203_cpu.u_e203_core.u_e203_ifu.u_e203_ifu_ift2icb.leftover_dffl.qout_r[10]$_DFFE_PP_/D
724	-0.5150	u_eI_cpu.u_eJ_core.u_eK_lsu.u_eL_lsu_ctrl.u_eM_lsu_splt_stage.dp_gt_N.vld_dfflr.qout_r	u_eI_cpu.u_eJ_core.u_eK_biu.u_sirv_gnrl_icb_buffer.u_sirv_gnrl_cmd_fifo.dp_gtL.vec_M_dfflrs.qout_r	u_e203_cpu.u_e203_core.u_e203_lsu.u_e203_lsu_ctrl.u_e203_lsu_splt_stage.dp_gt_0.vld_dfflr.qout_r$_DFFE_PN0P_/Q	u_e203_cpu.u_e203_core.u_e203_biu.u_sirv_gnrl_icb_buffer.u_sirv_gnrl_cmd_fifo.dp_gt0.vec_0_dfflrs.qout_r$_DFFE_PN1P_/D
725	-0.5143	u_eI_cpu.u_eJ_core.u_eK_exu.u_eL_exu_oitf.depth_gtM.alc_ptr_dfflrs.qout_r	u_eI_cpu.u_eJ_core.u_eK_biu.u_sirv_gnrl_icb_buffer.u_sirv_gnrl_cmd_fifo.dp_gtL.fifo_rf[M].fifo_rf_dffl.qout_r[N]	u_e203_cpu.u_e203_core.u_e203_exu.u_e203_exu_oitf.depth_gt1.alc_ptr_dfflrs.qout_r$_DFFE_PN0P_/Q	u_e203_cpu.u_e203_core.u_e203_biu.u_sirv_gnrl_icb_buffer.u_sirv_gnrl_cmd_fifo.dp_gt0.fifo_rf[0].fifo_rf_dffl.qout_r[65]$_DFFE_PP_/D
726	-0.5143	u_eI_cpu.u_eJ_core.u_eK_exu.u_eL_exu_oitf.depth_gtM.alc_ptr_dfflrs.qout_r	u_eI_cpu.u_eJ_core.u_eK_ifu.u_eL_ifu_ifetch.ifu_lo_ir_dfflr.qout_r[M]	u_e203_cpu.u_e203_core.u_e203_exu.u_e203_exu_oitf.depth_gt1.alc_ptr_dfflrs.qout_r$_DFFE_PN0P_/Q	u_e203_cpu.u_e203_core.u_e203_ifu.u_e203_ifu_ifetch.ifu_lo_ir_dfflr.qout_r[12]$_DFFE_PN0P_/D
727	-0.5138	u_eI_cpu.u_eJ_core.u_eK_lsu.u_eL_lsu_ctrl.u_eM_lsu_splt_stage.dp_gt_N.vld_dfflr.qout_r	u_eI_cpu.u_eJ_itcm_ctrl.u_sram_icb_ctrl.u_sirv_Kcyc_sram_ctrl.u_eL_stage.dp_gt_M.vld_dfflr.qout_r	u_e203_cpu.u_e203_core.u_e203_lsu.u_e203_lsu_ctrl.u_e203_lsu_splt_stage.dp_gt_0.vld_dfflr.qout_r$_DFFE_PN0P_/Q	u_e203_cpu.u_e203_itcm_ctrl.u_sram_icb_ctrl.u_sirv_1cyc_sram_ctrl.u_e1_stage.dp_gt_0.vld_dfflr.qout_r$_DFFE_PN0P_/D
728	-0.5137	u_eI_cpu.u_eJ_core.u_eK_lsu.u_eL_lsu_ctrl.u_eM_lsu_splt_stage.dp_gt_N.vld_dfflr.qout_r	u_eI_cpu.u_eJ_core.u_eK_ifu.u_eL_ifu_iftMicb.leftover_err_dfflr.qout_r	u_e203_cpu.u_e203_core.u_e203_lsu.u_e203_lsu_ctrl.u_e203_lsu_splt_stage.dp_gt_0.vld_dfflr.qout_r$_DFFE_PN0P_/Q	u_e203_cpu.u_e203_core.u_e203_ifu.u_e203_ifu_ift2icb.leftover_err_dfflr.qout_r$_DFFE_PN0P_/D
729	-0.5134	u_eI_cpu.u_eJ_itcm_ctrl.u_itcm_icb_arbt.arbt_num_gt_K_gen.dp_L.u_sirv_gnrl_rspid_fifo.dp_gt_M.vld_dfflr.qout_r	u_eI_cpu.u_eJ_core.u_eK_ifu.u_eL_ifu_ifetch.ifu_hi_ir_dfflr.qout_r[M]	u_e203_cpu.u_e203_itcm_ctrl.u_itcm_icb_arbt.arbt_num_gt_1_gen.dp_1.u_sirv_gnrl_rspid_fifo.dp_gt_0.vld_dfflr.qout_r$_DFFE_PN0P_/Q	u_e203_cpu.u_e203_core.u_e203_ifu.u_e203_ifu_ifetch.ifu_hi_ir_dfflr.qout_r[10]$_DFFE_PN0P_/D
730	-0.5134	u_eI_cpu.u_eJ_core.u_eK_exu.u_eL_exu_alu.u_eM_exu_alu_lsuagu.icb_state_dfflr.qout_r[N]	u_eI_cpu.u_eJ_core.u_eK_biu.u_sirv_gnrl_icb_buffer.u_sirv_gnrl_cmd_fifo.dp_gtL.vec_M_dfflr.qout_r	u_e203_cpu.u_e203_core.u_e203_exu.u_e203_exu_alu.u_e203_exu_alu_lsuagu.icb_state_dfflr.qout_r[0]$_DFFE_PN0P_/Q	u_e203_cpu.u_e203_core.u_e203_biu.u_sirv_gnrl_icb_buffer.u_sirv_gnrl_cmd_fifo.dp_gt0.vec_31_dfflr.qout_r$_DFFE_PN0P_/D
731	-0.5130	dbg_halt_r	u_eI_cpu.u_eJ_core.u_eK_exu.u_eL_exu_alu.u_eM_exu_nice.u_nice_itag_fifo.dp_gtN.dp_gtO.wptr_vec_P_dfflr.qout_r[Q]	dbg_halt_r	u_e203_cpu.u_e203_core.u_e203_exu.u_e203_exu_alu.u_e203_exu_nice.u_nice_itag_fifo.dp_gt0.dp_gt1.wptr_vec_31_dfflr.qout_r[0]$_DFFE_PN0P_/D
732	-0.5129	u_eI_cpu.u_eJ_irq_sync.master_gen.u_ext_irq_sync.sync_gen[K].i_is_not_L.sync_dffr.qout_r	cmt_dpc_ena	u_e203_cpu.u_e203_irq_sync.master_gen.u_ext_irq_sync.sync_gen[1].i_is_not_0.sync_dffr.qout_r$_DFF_PN0_/Q	cmt_dpc_ena
733	-0.5123	u_eI_cpu.u_eJ_itcm_ctrl.u_itcm_icb_arbt.arbt_num_gt_K_gen.dp_L.u_sirv_gnrl_rspid_fifo.dp_gt_M.dat_dfflr.qout_r	u_eI_cpu.u_eJ_core.u_eK_ifu.u_eL_ifu_ifetch.pc_dfflr.qout_r[M]	u_e203_cpu.u_e203_itcm_ctrl.u_itcm_icb_arbt.arbt_num_gt_1_gen.dp_1.u_sirv_gnrl_rspid_fifo.dp_gt_0.dat_dfflr.qout_r$_DFFE_PP_/Q	u_e203_cpu.u_e203_core.u_e203_ifu.u_e203_ifu_ifetch.pc_dfflr.qout_r[10]$_DFFE_PN0P_/D
734	-0.5118	u_eI_cpu.u_eJ_itcm_ctrl.u_itcm_icb_arbt.arbt_num_gt_K_gen.dp_L.u_sirv_gnrl_rspid_fifo.dp_gt_M.vld_dfflr.qout_r	u_eI_cpu.u_eJ_core.u_eK_ifu.u_eL_ifu_ifetch.ir_rsMidx_dfflr.qout_r[N]	u_e203_cpu.u_e203_itcm_ctrl.u_itcm_icb_arbt.arbt_num_gt_1_gen.dp_1.u_sirv_gnrl_rspid_fifo.dp_gt_0.vld_dfflr.qout_r$_DFFE_PN0P_/Q	u_e203_cpu.u_e203_core.u_e203_ifu.u_e203_ifu_ifetch.ir_rs2idx_dfflr.qout_r[4]$_DFFE_PN0P_/D
735	-0.5116	u_eI_cpu.u_eJ_core.u_eK_lsu.u_eL_lsu_ctrl.u_eM_lsu_splt_stage.dp_gt_N.dat_dfflr.qout_r[O]	u_eI_cpu.u_eJ_core.u_eK_ifu.u_eL_ifu_iftMicb.leftover_dffl.qout_r[N]	u_e203_cpu.u_e203_core.u_e203_lsu.u_e203_lsu_ctrl.u_e203_lsu_splt_stage.dp_gt_0.dat_dfflr.qout_r[43]$_DFFE_PP_/Q	u_e203_cpu.u_e203_core.u_e203_ifu.u_e203_ifu_ift2icb.leftover_dffl.qout_r[10]$_DFFE_PP_/D
736	-0.5114	dbg_halt_r	u_eI_cpu.u_eJ_core.u_eK_exu.u_eL_exu_alu.u_eM_exu_nice.u_nice_itag_fifo.dp_gtN.fifo_rf[O].fifo_rf_dffl.qout_r	dbg_halt_r	u_e203_cpu.u_e203_core.u_e203_exu.u_e203_exu_alu.u_e203_exu_nice.u_nice_itag_fifo.dp_gt0.fifo_rf[2].fifo_rf_dffl.qout_r$_DFFE_PP_/D
737	-0.5113	u_eI_cpu.u_eJ_core.u_eK_exu.u_eL_exu_oitf.depth_gtM.alc_ptr_dfflrs.qout_r	u_eI_cpu.u_eJ_core.u_eK_biu.u_sirv_gnrl_icb_buffer.u_sirv_gnrl_cmd_fifo.dp_gtL.vec_M_dfflr.qout_r	u_e203_cpu.u_e203_core.u_e203_exu.u_e203_exu_oitf.depth_gt1.alc_ptr_dfflrs.qout_r$_DFFE_PN0P_/Q	u_e203_cpu.u_e203_core.u_e203_biu.u_sirv_gnrl_icb_buffer.u_sirv_gnrl_cmd_fifo.dp_gt0.vec_31_dfflr.qout_r$_DFFE_PN0P_/D
738	-0.5111	u_eI_cpu.u_eJ_core.u_eK_lsu.u_eL_lsu_ctrl.u_eM_lsu_splt_stage.dp_gt_N.vld_dfflr.qout_r	u_eI_cpu.u_eJ_core.u_eK_biu.u_biu_icb_arbt.arbt_num_gt_L_gen.dp_M.u_sirv_gnrl_rspid_fifo.dp_gt_N.dat_dfflr.qout_r	u_e203_cpu.u_e203_core.u_e203_lsu.u_e203_lsu_ctrl.u_e203_lsu_splt_stage.dp_gt_0.vld_dfflr.qout_r$_DFFE_PN0P_/Q	u_e203_cpu.u_e203_core.u_e203_biu.u_biu_icb_arbt.arbt_num_gt_1_gen.dp_1.u_sirv_gnrl_rspid_fifo.dp_gt_0.dat_dfflr.qout_r$_DFFE_PP_/D
739	-0.5109	u_eI_cpu.u_eJ_core.u_eK_ifu.u_eL_ifu_ifetch.ifu_err_dfflr.qout_r	u_eI_cpu.u_eJ_core.u_eK_ifu.u_eL_ifu_iftMicb.u_eN_ifetch_rsp_bypbuf.u_bypbuf_fifo.dp_gtO.fifo_rf[P].fifo_rf_dffl.qout_r[Q]	u_e203_cpu.u_e203_core.u_e203_ifu.u_e203_ifu_ifetch.ifu_err_dfflr.qout_r$_DFFE_PN0P_/Q	u_e203_cpu.u_e203_core.u_e203_ifu.u_e203_ifu_ift2icb.u_e203_ifetch_rsp_bypbuf.u_bypbuf_fifo.dp_gt0.fifo_rf[0].fifo_rf_dffl.qout_r[30]$_DFFE_PP_/D
740	-0.5108	u_eI_cpu.u_eJ_core.u_eK_lsu.u_eL_lsu_ctrl.u_eM_lsu_splt_stage.dp_gt_N.vld_dfflr.qout_r	u_eI_cpu.u_eJ_core.u_eK_ifu.u_eL_ifu_iftMicb.req_lane_cross_dfflr.qout_r	u_e203_cpu.u_e203_core.u_e203_lsu.u_e203_lsu_ctrl.u_e203_lsu_splt_stage.dp_gt_0.vld_dfflr.qout_r$_DFFE_PN0P_/Q	u_e203_cpu.u_e203_core.u_e203_ifu.u_e203_ifu_ift2icb.req_lane_cross_dfflr.qout_r$_DFFE_PN0P_/D
741	-0.5108	u_eI_cpu.u_eJ_core.u_eK_lsu.u_eL_lsu_ctrl.u_eM_lsu_splt_stage.dp_gt_N.vld_dfflr.qout_r	u_eI_cpu.u_eJ_core.u_eK_ifu.u_eL_ifu_iftMicb.req_need_Nuop_dfflr.qout_r	u_e203_cpu.u_e203_core.u_e203_lsu.u_e203_lsu_ctrl.u_e203_lsu_splt_stage.dp_gt_0.vld_dfflr.qout_r$_DFFE_PN0P_/Q	u_e203_cpu.u_e203_core.u_e203_ifu.u_e203_ifu_ift2icb.req_need_0uop_dfflr.qout_r$_DFFE_PN0P_/D
742	-0.5108	u_eI_cpu.u_eJ_core.u_eK_lsu.u_eL_lsu_ctrl.u_eM_lsu_splt_stage.dp_gt_N.vld_dfflr.qout_r	u_eI_cpu.u_eJ_core.u_eK_ifu.u_eL_ifu_iftMicb.req_same_cross_holdup_dfflr.qout_r	u_e203_cpu.u_e203_core.u_e203_lsu.u_e203_lsu_ctrl.u_e203_lsu_splt_stage.dp_gt_0.vld_dfflr.qout_r$_DFFE_PN0P_/Q	u_e203_cpu.u_e203_core.u_e203_ifu.u_e203_ifu_ift2icb.req_same_cross_holdup_dfflr.qout_r$_DFFE_PN0P_/D
743	-0.5107	u_eI_cpu.u_eJ_core.u_eK_biu.u_biu_icb_arbt.arbt_num_gt_L_gen.dp_M.u_sirv_gnrl_rspid_fifo.dp_gt_N.vld_dfflr.qout_r	u_eI_cpu.u_eJ_core.u_eK_ifu.u_eL_ifu_iftMicb.leftover_dffl.qout_r[N]	u_e203_cpu.u_e203_core.u_e203_biu.u_biu_icb_arbt.arbt_num_gt_1_gen.dp_1.u_sirv_gnrl_rspid_fifo.dp_gt_0.vld_dfflr.qout_r$_DFFE_PN0P_/Q	u_e203_cpu.u_e203_core.u_e203_ifu.u_e203_ifu_ift2icb.leftover_dffl.qout_r[10]$_DFFE_PP_/D
744	-0.5100	u_eI_cpu.u_eJ_core.u_eK_lsu.u_eL_lsu_ctrl.u_eM_lsu_splt_stage.dp_gt_N.dat_dfflr.qout_r[O]	u_eI_cpu.u_eJ_core.u_eK_ifu.u_eL_ifu_ifetch.ifu_hi_ir_dfflr.qout_r[M]	u_e203_cpu.u_e203_core.u_e203_lsu.u_e203_lsu_ctrl.u_e203_lsu_splt_stage.dp_gt_0.dat_dfflr.qout_r[43]$_DFFE_PP_/Q	u_e203_cpu.u_e203_core.u_e203_ifu.u_e203_ifu_ifetch.ifu_hi_ir_dfflr.qout_r[10]$_DFFE_PN0P_/D
745	-0.5100	u_eI_cpu.u_eJ_core.u_eK_ifu.u_eL_ifu_ifetch.ifu_hi_ir_dfflr.qout_r[M]	u_eI_cpu.u_eJ_itcm_ctrl.u_itcm_icb_extKitcm_nLw.fifo_dp_M.u_sirv_gnrl_nNw_fifo.dp_gt_O.dat_dfflr.qout_r	u_e203_cpu.u_e203_core.u_e203_ifu.u_e203_ifu_ifetch.ifu_hi_ir_dfflr.qout_r[15]$_DFFE_PN0P_/Q	u_e203_cpu.u_e203_itcm_ctrl.u_itcm_icb_ext2itcm_n2w.fifo_dp_1.u_sirv_gnrl_n2w_fifo.dp_gt_0.dat_dfflr.qout_r$_DFFE_PP_/D
746	-0.5099	u_eI_cpu.u_eJ_core.u_eK_biu.u_sirv_gnrl_icb_buffer.u_sirv_gnrl_rsp_fifo.dp_gtL.vec_M_dfflr.qout_r	u_eI_cpu.u_eJ_core.u_eK_ifu.u_eL_ifu_iftMicb.leftover_dffl.qout_r[N]	u_e203_cpu.u_e203_core.u_e203_biu.u_sirv_gnrl_icb_buffer.u_sirv_gnrl_rsp_fifo.dp_gt0.vec_31_dfflr.qout_r$_DFFE_PN0P_/Q	u_e203_cpu.u_e203_core.u_e203_ifu.u_e203_ifu_ift2icb.leftover_dffl.qout_r[10]$_DFFE_PP_/D
747	-0.5099	u_eI_cpu.u_eJ_itcm_ctrl.u_sram_icb_ctrl.u_sirv_Kcyc_sram_ctrl.u_eL_stage.dp_gt_M.vld_dfflr.qout_r	u_eI_cpu.u_eJ_core.u_eK_ifu.u_eL_ifu_iftMicb.u_eN_ifetch_rsp_bypbuf.u_bypbuf_fifo.dp_gtO.fifo_rf[P].fifo_rf_dffl.qout_r[Q]	u_e203_cpu.u_e203_itcm_ctrl.u_sram_icb_ctrl.u_sirv_1cyc_sram_ctrl.u_e1_stage.dp_gt_0.vld_dfflr.qout_r$_DFFE_PN0P_/Q	u_e203_cpu.u_e203_core.u_e203_ifu.u_e203_ifu_ift2icb.u_e203_ifetch_rsp_bypbuf.u_bypbuf_fifo.dp_gt0.fifo_rf[0].fifo_rf_dffl.qout_r[30]$_DFFE_PP_/D
748	-0.5097	u_eI_cpu.u_eJ_itcm_ctrl.u_itcm_icb_arbt.arbt_num_gt_K_gen.dp_L.u_sirv_gnrl_rspid_fifo.dp_gt_M.vld_dfflr.qout_r	u_eI_cpu.u_eJ_core.u_eK_biu.u_sirv_gnrl_icb_buffer.u_sirv_gnrl_cmd_fifo.dp_gtL.fifo_rf[M].fifo_rf_dffl.qout_r[N]	u_e203_cpu.u_e203_itcm_ctrl.u_itcm_icb_arbt.arbt_num_gt_1_gen.dp_1.u_sirv_gnrl_rspid_fifo.dp_gt_0.vld_dfflr.qout_r$_DFFE_PN0P_/Q	u_e203_cpu.u_e203_core.u_e203_biu.u_sirv_gnrl_icb_buffer.u_sirv_gnrl_cmd_fifo.dp_gt0.fifo_rf[0].fifo_rf_dffl.qout_r[65]$_DFFE_PP_/D
749	-0.5097	u_eI_cpu.u_eJ_itcm_ctrl.u_itcm_icb_arbt.arbt_num_gt_K_gen.dp_L.u_sirv_gnrl_rspid_fifo.dp_gt_M.vld_dfflr.qout_r	u_eI_cpu.u_eJ_core.u_eK_ifu.u_eL_ifu_ifetch.ifu_lo_ir_dfflr.qout_r[M]	u_e203_cpu.u_e203_itcm_ctrl.u_itcm_icb_arbt.arbt_num_gt_1_gen.dp_1.u_sirv_gnrl_rspid_fifo.dp_gt_0.vld_dfflr.qout_r$_DFFE_PN0P_/Q	u_e203_cpu.u_e203_core.u_e203_ifu.u_e203_ifu_ifetch.ifu_lo_ir_dfflr.qout_r[12]$_DFFE_PN0P_/D
750	-0.5091	u_eI_cpu.u_eJ_core.u_eK_biu.u_biu_icb_arbt.arbt_num_gt_L_gen.dp_M.u_sirv_gnrl_rspid_fifo.dp_gt_N.vld_dfflr.qout_r	u_eI_cpu.u_eJ_core.u_eK_ifu.u_eL_ifu_ifetch.ifu_hi_ir_dfflr.qout_r[M]	u_e203_cpu.u_e203_core.u_e203_biu.u_biu_icb_arbt.arbt_num_gt_1_gen.dp_1.u_sirv_gnrl_rspid_fifo.dp_gt_0.vld_dfflr.qout_r$_DFFE_PN0P_/Q	u_e203_cpu.u_e203_core.u_e203_ifu.u_e203_ifu_ifetch.ifu_hi_ir_dfflr.qout_r[10]$_DFFE_PN0P_/D
751	-0.5087	u_eI_cpu.u_eJ_core.u_eK_lsu.u_eL_lsu_ctrl.u_eM_lsu_splt_stage.dp_gt_N.vld_dfflr.qout_r	u_eI_cpu.u_eJ_core.u_eK_ifu.u_eL_ifu_ifetch.ifu_err_dfflr.qout_r	u_e203_cpu.u_e203_core.u_e203_lsu.u_e203_lsu_ctrl.u_e203_lsu_splt_stage.dp_gt_0.vld_dfflr.qout_r$_DFFE_PN0P_/Q	u_e203_cpu.u_e203_core.u_e203_ifu.u_e203_ifu_ifetch.ifu_err_dfflr.qout_r$_DFFE_PN0P_/D
752	-0.5087	u_eI_cpu.u_eJ_core.u_eK_lsu.u_eL_lsu_ctrl.u_eM_lsu_splt_stage.dp_gt_N.vld_dfflr.qout_r	u_eI_cpu.u_eJ_core.u_eK_ifu.u_eL_ifu_ifetch.ifu_prdt_taken_dfflr.qout_r	u_e203_cpu.u_e203_core.u_e203_lsu.u_e203_lsu_ctrl.u_e203_lsu_splt_stage.dp_gt_0.vld_dfflr.qout_r$_DFFE_PN0P_/Q	u_e203_cpu.u_e203_core.u_e203_ifu.u_e203_ifu_ifetch.ifu_prdt_taken_dfflr.qout_r$_DFFE_PN0P_/D
753	-0.5087	u_eI_cpu.u_eJ_core.u_eK_lsu.u_eL_lsu_ctrl.u_eM_lsu_splt_stage.dp_gt_N.vld_dfflr.qout_r	u_eI_cpu.u_eJ_core.u_eK_ifu.u_eL_ifu_ifetch.ir_muldiv_bMb_dfflr.qout_r	u_e203_cpu.u_e203_core.u_e203_lsu.u_e203_lsu_ctrl.u_e203_lsu_splt_stage.dp_gt_0.vld_dfflr.qout_r$_DFFE_PN0P_/Q	u_e203_cpu.u_e203_core.u_e203_ifu.u_e203_ifu_ifetch.ir_muldiv_b2b_dfflr.qout_r$_DFFE_PN0P_/D
754	-0.5086	u_eI_cpu.u_eJ_core.u_eK_lsu.u_eL_lsu_ctrl.u_eM_lsu_splt_stage.dp_gt_N.vld_dfflr.qout_r	u_eI_cpu.u_eJ_itcm_ctrl.ifu_holdup_dffl.qout_r	u_e203_cpu.u_e203_core.u_e203_lsu.u_e203_lsu_ctrl.u_e203_lsu_splt_stage.dp_gt_0.vld_dfflr.qout_r$_DFFE_PN0P_/Q	u_e203_cpu.u_e203_itcm_ctrl.ifu_holdup_dffl.qout_r$_DFFE_PN0P_/D
755	-0.5084	dbg_halt_r	u_eI_cpu.u_eJ_core.u_eK_exu.u_eL_exu_csr.mscratch_dfflr.qout_r[M]	dbg_halt_r	u_e203_cpu.u_e203_core.u_e203_exu.u_e203_exu_csr.mscratch_dfflr.qout_r[11]$_DFFE_PN0P_/D
756	-0.5084	u_eI_cpu.u_eJ_core.u_eK_lsu.u_eL_lsu_ctrl.u_eM_lsu_splt_stage.dp_gt_N.dat_dfflr.qout_r[O]	u_eI_cpu.u_eJ_core.u_eK_ifu.u_eL_ifu_ifetch.ir_rsMidx_dfflr.qout_r[N]	u_e203_cpu.u_e203_core.u_e203_lsu.u_e203_lsu_ctrl.u_e203_lsu_splt_stage.dp_gt_0.dat_dfflr.qout_r[43]$_DFFE_PP_/Q	u_e203_cpu.u_e203_core.u_e203_ifu.u_e203_ifu_ifetch.ir_rs2idx_dfflr.qout_r[4]$_DFFE_PN0P_/D
757	-0.5083	u_eI_cpu.u_eJ_core.u_eK_biu.u_sirv_gnrl_icb_buffer.u_sirv_gnrl_rsp_fifo.dp_gtL.vec_M_dfflr.qout_r	u_eI_cpu.u_eJ_core.u_eK_ifu.u_eL_ifu_ifetch.ifu_hi_ir_dfflr.qout_r[M]	u_e203_cpu.u_e203_core.u_e203_biu.u_sirv_gnrl_icb_buffer.u_sirv_gnrl_rsp_fifo.dp_gt0.vec_31_dfflr.qout_r$_DFFE_PN0P_/Q	u_e203_cpu.u_e203_core.u_e203_ifu.u_e203_ifu_ifetch.ifu_hi_ir_dfflr.qout_r[10]$_DFFE_PN0P_/D
758	-0.5081	u_eI_cpu.u_eJ_core.u_eK_exu.u_eL_exu_alu.u_eM_exu_alu_lsuagu.icb_state_dfflr.qout_r[N]	u_eI_cpu.u_eJ_core.u_eK_ifu.u_eL_ifu_iftMicb.icb_addr_N_O_dffl.qout_r[P]	u_e203_cpu.u_e203_core.u_e203_exu.u_e203_exu_alu.u_e203_exu_alu_lsuagu.icb_state_dfflr.qout_r[0]$_DFFE_PN0P_/Q	u_e203_cpu.u_e203_core.u_e203_ifu.u_e203_ifu_ift2icb.icb_addr_2_1_dffl.qout_r[0]$_DFFE_PP_/D
759	-0.5078	u_eI_cpu.u_eJ_core.u_eK_biu.u_biu_icb_arbt.arbt_num_gt_L_gen.dp_M.u_sirv_gnrl_rspid_fifo.dp_gt_N.dat_dfflr.qout_r	u_eI_cpu.u_eJ_core.u_eK_ifu.u_eL_ifu_ifetch.pc_dfflr.qout_r[M]	u_e203_cpu.u_e203_core.u_e203_biu.u_biu_icb_arbt.arbt_num_gt_1_gen.dp_1.u_sirv_gnrl_rspid_fifo.dp_gt_0.dat_dfflr.qout_r$_DFFE_PP_/Q	u_e203_cpu.u_e203_core.u_e203_ifu.u_e203_ifu_ifetch.pc_dfflr.qout_r[10]$_DFFE_PN0P_/D
760	-0.5075	u_eI_cpu.u_eJ_core.u_eK_biu.u_biu_icb_arbt.arbt_num_gt_L_gen.dp_M.u_sirv_gnrl_rspid_fifo.dp_gt_N.vld_dfflr.qout_r	u_eI_cpu.u_eJ_core.u_eK_ifu.u_eL_ifu_ifetch.ir_rsMidx_dfflr.qout_r[N]	u_e203_cpu.u_e203_core.u_e203_biu.u_biu_icb_arbt.arbt_num_gt_1_gen.dp_1.u_sirv_gnrl_rspid_fifo.dp_gt_0.vld_dfflr.qout_r$_DFFE_PN0P_/Q	u_e203_cpu.u_e203_core.u_e203_ifu.u_e203_ifu_ifetch.ir_rs2idx_dfflr.qout_r[4]$_DFFE_PN0P_/D
761	-0.5075	u_eI_cpu.u_eJ_core.u_eK_lsu.u_eL_lsu_ctrl.u_eM_lsu_splt_stage.dp_gt_N.vld_dfflr.qout_r	u_eI_cpu.u_eJ_itcm_ctrl.u_sram_icb_ctrl.u_sirv_Kcyc_sram_ctrl.u_eL_stage.dp_gt_M.dat_dfflr.qout_r[N]	u_e203_cpu.u_e203_core.u_e203_lsu.u_e203_lsu_ctrl.u_e203_lsu_splt_stage.dp_gt_0.vld_dfflr.qout_r$_DFFE_PN0P_/Q	u_e203_cpu.u_e203_itcm_ctrl.u_sram_icb_ctrl.u_sirv_1cyc_sram_ctrl.u_e1_stage.dp_gt_0.dat_dfflr.qout_r[1]$_DFFE_PP_/D
762	-0.5068	u_eI_cpu.u_eJ_itcm_ctrl.u_itcm_icb_arbt.arbt_num_gt_K_gen.dp_L.u_sirv_gnrl_rspid_fifo.dp_gt_M.vld_dfflr.qout_r	u_eI_cpu.u_eJ_core.u_eK_biu.u_sirv_gnrl_icb_buffer.u_sirv_gnrl_cmd_fifo.dp_gtL.vec_M_dfflr.qout_r	u_e203_cpu.u_e203_itcm_ctrl.u_itcm_icb_arbt.arbt_num_gt_1_gen.dp_1.u_sirv_gnrl_rspid_fifo.dp_gt_0.vld_dfflr.qout_r$_DFFE_PN0P_/Q	u_e203_cpu.u_e203_core.u_e203_biu.u_sirv_gnrl_icb_buffer.u_sirv_gnrl_cmd_fifo.dp_gt0.vec_31_dfflr.qout_r$_DFFE_PN0P_/D
763	-0.5067	u_eI_cpu.u_eJ_core.u_eK_biu.u_sirv_gnrl_icb_buffer.u_sirv_gnrl_rsp_fifo.dp_gtL.vec_M_dfflr.qout_r	u_eI_cpu.u_eJ_core.u_eK_ifu.u_eL_ifu_ifetch.ir_rsMidx_dfflr.qout_r[N]	u_e203_cpu.u_e203_core.u_e203_biu.u_sirv_gnrl_icb_buffer.u_sirv_gnrl_rsp_fifo.dp_gt0.vec_31_dfflr.qout_r$_DFFE_PN0P_/Q	u_e203_cpu.u_e203_core.u_e203_ifu.u_e203_ifu_ifetch.ir_rs2idx_dfflr.qout_r[4]$_DFFE_PN0P_/D
764	-0.5063	u_eI_cpu.u_eJ_core.u_eK_lsu.u_eL_lsu_ctrl.u_eM_lsu_splt_stage.dp_gt_N.dat_dfflr.qout_r[O]	u_eI_cpu.u_eJ_core.u_eK_biu.u_sirv_gnrl_icb_buffer.u_sirv_gnrl_cmd_fifo.dp_gtL.fifo_rf[M].fifo_rf_dffl.qout_r[N]	u_e203_cpu.u_e203_core.u_e203_lsu.u_e203_lsu_ctrl.u_e203_lsu_splt_stage.dp_gt_0.dat_dfflr.qout_r[43]$_DFFE_PP_/Q	u_e203_cpu.u_e203_core.u_e203_biu.u_sirv_gnrl_icb_buffer.u_sirv_gnrl_cmd_fifo.dp_gt0.fifo_rf[0].fifo_rf_dffl.qout_r[65]$_DFFE_PP_/D
765	-0.5063	u_eI_cpu.u_eJ_core.u_eK_lsu.u_eL_lsu_ctrl.u_eM_lsu_splt_stage.dp_gt_N.dat_dfflr.qout_r[O]	u_eI_cpu.u_eJ_core.u_eK_ifu.u_eL_ifu_ifetch.ifu_lo_ir_dfflr.qout_r[M]	u_e203_cpu.u_e203_core.u_e203_lsu.u_e203_lsu_ctrl.u_e203_lsu_splt_stage.dp_gt_0.dat_dfflr.qout_r[43]$_DFFE_PP_/Q	u_e203_cpu.u_e203_core.u_e203_ifu.u_e203_ifu_ifetch.ifu_lo_ir_dfflr.qout_r[12]$_DFFE_PN0P_/D
766	-0.5061	u_eI_cpu.u_eJ_core.u_eK_exu.u_eL_exu_oitf.depth_gtM.alc_ptr_dfflrs.qout_r	u_eI_cpu.u_eJ_core.u_eK_ifu.u_eL_ifu_iftMicb.icb_addr_N_O_dffl.qout_r[P]	u_e203_cpu.u_e203_core.u_e203_exu.u_e203_exu_oitf.depth_gt1.alc_ptr_dfflrs.qout_r$_DFFE_PN0P_/Q	u_e203_cpu.u_e203_core.u_e203_ifu.u_e203_ifu_ift2icb.icb_addr_2_1_dffl.qout_r[0]$_DFFE_PP_/D
767	-0.5054	u_eI_cpu.u_eJ_core.u_eK_biu.u_biu_icb_arbt.arbt_num_gt_L_gen.dp_M.u_sirv_gnrl_rspid_fifo.dp_gt_N.vld_dfflr.qout_r	u_eI_cpu.u_eJ_core.u_eK_biu.u_sirv_gnrl_icb_buffer.u_sirv_gnrl_cmd_fifo.dp_gtL.fifo_rf[M].fifo_rf_dffl.qout_r[N]	u_e203_cpu.u_e203_core.u_e203_biu.u_biu_icb_arbt.arbt_num_gt_1_gen.dp_1.u_sirv_gnrl_rspid_fifo.dp_gt_0.vld_dfflr.qout_r$_DFFE_PN0P_/Q	u_e203_cpu.u_e203_core.u_e203_biu.u_sirv_gnrl_icb_buffer.u_sirv_gnrl_cmd_fifo.dp_gt0.fifo_rf[0].fifo_rf_dffl.qout_r[65]$_DFFE_PP_/D
768	-0.5054	u_eI_cpu.u_eJ_core.u_eK_biu.u_biu_icb_arbt.arbt_num_gt_L_gen.dp_M.u_sirv_gnrl_rspid_fifo.dp_gt_N.vld_dfflr.qout_r	u_eI_cpu.u_eJ_core.u_eK_ifu.u_eL_ifu_ifetch.ifu_lo_ir_dfflr.qout_r[M]	u_e203_cpu.u_e203_core.u_e203_biu.u_biu_icb_arbt.arbt_num_gt_1_gen.dp_1.u_sirv_gnrl_rspid_fifo.dp_gt_0.vld_dfflr.qout_r$_DFFE_PN0P_/Q	u_e203_cpu.u_e203_core.u_e203_ifu.u_e203_ifu_ifetch.ifu_lo_ir_dfflr.qout_r[12]$_DFFE_PN0P_/D
769	-0.5046	u_eI_cpu.u_eJ_core.u_eK_biu.u_sirv_gnrl_icb_buffer.u_sirv_gnrl_rsp_fifo.dp_gtL.vec_M_dfflr.qout_r	u_eI_cpu.u_eJ_core.u_eK_biu.u_sirv_gnrl_icb_buffer.u_sirv_gnrl_cmd_fifo.dp_gtL.fifo_rf[M].fifo_rf_dffl.qout_r[N]	u_e203_cpu.u_e203_core.u_e203_biu.u_sirv_gnrl_icb_buffer.u_sirv_gnrl_rsp_fifo.dp_gt0.vec_31_dfflr.qout_r$_DFFE_PN0P_/Q	u_e203_cpu.u_e203_core.u_e203_biu.u_sirv_gnrl_icb_buffer.u_sirv_gnrl_cmd_fifo.dp_gt0.fifo_rf[0].fifo_rf_dffl.qout_r[65]$_DFFE_PP_/D
770	-0.5046	u_eI_cpu.u_eJ_core.u_eK_biu.u_sirv_gnrl_icb_buffer.u_sirv_gnrl_rsp_fifo.dp_gtL.vec_M_dfflr.qout_r	u_eI_cpu.u_eJ_core.u_eK_ifu.u_eL_ifu_ifetch.ifu_lo_ir_dfflr.qout_r[M]	u_e203_cpu.u_e203_core.u_e203_biu.u_sirv_gnrl_icb_buffer.u_sirv_gnrl_rsp_fifo.dp_gt0.vec_31_dfflr.qout_r$_DFFE_PN0P_/Q	u_e203_cpu.u_e203_core.u_e203_ifu.u_e203_ifu_ifetch.ifu_lo_ir_dfflr.qout_r[12]$_DFFE_PN0P_/D
771	-0.5046	u_eI_cpu.u_eJ_core.u_eK_ifu.u_eL_ifu_ifetch.ifu_err_dfflr.qout_r	u_eI_cpu.u_eJ_core.u_eK_biu.u_sirv_gnrl_icb_buffer.u_sirv_gnrl_cmd_fifo.dp_gtL.vec_M_dfflrs.qout_r	u_e203_cpu.u_e203_core.u_e203_ifu.u_e203_ifu_ifetch.ifu_err_dfflr.qout_r$_DFFE_PN0P_/Q	u_e203_cpu.u_e203_core.u_e203_biu.u_sirv_gnrl_icb_buffer.u_sirv_gnrl_cmd_fifo.dp_gt0.vec_0_dfflrs.qout_r$_DFFE_PN1P_/D
772	-0.5044	u_eI_cpu.u_eJ_core.u_eK_exu.u_eL_exu_alu.u_eM_exu_alu_lsuagu.icb_state_dfflr.qout_r[N]	u_eI_cpu.u_eJ_itcm_ctrl.u_sram_icb_ctrl.u_byp_icb_cmd_buf.u_bypbuf_fifo.dp_gtK.fifo_rf[L].fifo_rf_dffl.qout_r[M]	u_e203_cpu.u_e203_core.u_e203_exu.u_e203_exu_alu.u_e203_exu_alu_lsuagu.icb_state_dfflr.qout_r[0]$_DFFE_PN0P_/Q	u_e203_cpu.u_e203_itcm_ctrl.u_sram_icb_ctrl.u_byp_icb_cmd_buf.u_bypbuf_fifo.dp_gt0.fifo_rf[0].fifo_rf_dffl.qout_r[2]$_DFFE_PP_/D
773	-0.5043	u_eI_cpu.u_eJ_core.u_eK_ifu.u_eL_ifu_ifetch.ir_rsMidx_dfflr.qout_r[N]	u_eI_srams.u_eJ_dtcm_ram.u_eK_dtcm_gnrl_ram.u_sirv_sim_ram.mem_r[L][M]	u_e203_cpu.u_e203_core.u_e203_ifu.u_e203_ifu_ifetch.ir_rs2idx_dfflr.qout_r[1]$_DFFE_PN0P_/QN	u_e203_srams.u_e203_dtcm_ram.u_e203_dtcm_gnrl_ram.u_sirv_sim_ram.mem_r[0][0]$_DFFE_PP_/D
774	-0.5040	u_eI_cpu.u_eJ_core.u_eK_lsu.u_eL_lsu_ctrl.u_lsu_icb_arbt.arbt_num_gt_M_gen.dp_N.u_sirv_gnrl_rspid_fifo.dp_gt_O.dat_dfflr.qout_r	cmt_dpc_ena	u_e203_cpu.u_e203_core.u_e203_lsu.u_e203_lsu_ctrl.u_lsu_icb_arbt.arbt_num_gt_1_gen.dp_1.u_sirv_gnrl_rspid_fifo.dp_gt_0.dat_dfflr.qout_r$_DFFE_PP_/Q	cmt_dpc_ena
775	-0.5039	u_eI_cpu.u_eJ_core.u_eK_exu.u_eL_exu_alu.u_eM_exu_alu_lsuagu.icb_state_dfflr.qout_r[N]	u_eI_cpu.u_eJ_core.u_eK_ifu.u_eL_ifu_iftMicb.icb_state_dfflr.qout_r[N]	u_e203_cpu.u_e203_core.u_e203_exu.u_e203_exu_alu.u_e203_exu_alu_lsuagu.icb_state_dfflr.qout_r[0]$_DFFE_PN0P_/Q	u_e203_cpu.u_e203_core.u_e203_ifu.u_e203_ifu_ift2icb.icb_state_dfflr.qout_r[1]$_DFFE_PN0P_/D
776	-0.5035	u_eI_cpu.u_eJ_itcm_ctrl.u_sram_icb_ctrl.u_sirv_Kcyc_sram_ctrl.u_eL_stage.dp_gt_M.vld_dfflr.qout_r	u_eI_cpu.u_eJ_core.u_eK_biu.u_sirv_gnrl_icb_buffer.u_sirv_gnrl_cmd_fifo.dp_gtL.vec_M_dfflrs.qout_r	u_e203_cpu.u_e203_itcm_ctrl.u_sram_icb_ctrl.u_sirv_1cyc_sram_ctrl.u_e1_stage.dp_gt_0.vld_dfflr.qout_r$_DFFE_PN0P_/Q	u_e203_cpu.u_e203_core.u_e203_biu.u_sirv_gnrl_icb_buffer.u_sirv_gnrl_cmd_fifo.dp_gt0.vec_0_dfflrs.qout_r$_DFFE_PN1P_/D
777	-0.5035	u_eI_cpu.u_eJ_core.u_eK_ifu.u_eL_ifu_ifetch.ifu_err_dfflr.qout_r	u_eI_cpu.u_eJ_itcm_ctrl.u_sram_icb_ctrl.u_sirv_Kcyc_sram_ctrl.u_eL_stage.dp_gt_M.vld_dfflr.qout_r	u_e203_cpu.u_e203_core.u_e203_ifu.u_e203_ifu_ifetch.ifu_err_dfflr.qout_r$_DFFE_PN0P_/Q	u_e203_cpu.u_e203_itcm_ctrl.u_sram_icb_ctrl.u_sirv_1cyc_sram_ctrl.u_e1_stage.dp_gt_0.vld_dfflr.qout_r$_DFFE_PN0P_/D
778	-0.5034	u_eI_cpu.u_eJ_core.u_eK_ifu.u_eL_ifu_ifetch.ifu_err_dfflr.qout_r	u_eI_cpu.u_eJ_core.u_eK_ifu.u_eL_ifu_iftMicb.leftover_err_dfflr.qout_r	u_e203_cpu.u_e203_core.u_e203_ifu.u_e203_ifu_ifetch.ifu_err_dfflr.qout_r$_DFFE_PN0P_/Q	u_e203_cpu.u_e203_core.u_e203_ifu.u_e203_ifu_ift2icb.leftover_err_dfflr.qout_r$_DFFE_PN0P_/D
779	-0.5033	u_eI_cpu.u_eJ_core.u_eK_lsu.u_eL_lsu_ctrl.u_eM_lsu_splt_stage.dp_gt_N.dat_dfflr.qout_r[O]	u_eI_cpu.u_eJ_core.u_eK_biu.u_sirv_gnrl_icb_buffer.u_sirv_gnrl_cmd_fifo.dp_gtL.vec_M_dfflr.qout_r	u_e203_cpu.u_e203_core.u_e203_lsu.u_e203_lsu_ctrl.u_e203_lsu_splt_stage.dp_gt_0.dat_dfflr.qout_r[43]$_DFFE_PP_/Q	u_e203_cpu.u_e203_core.u_e203_biu.u_sirv_gnrl_icb_buffer.u_sirv_gnrl_cmd_fifo.dp_gt0.vec_31_dfflr.qout_r$_DFFE_PN0P_/D
780	-0.5032	dbg_step_r	u_eI_cpu.u_eJ_core.u_eK_exu.u_eL_exu_commit.u_eM_exu_excp.step_req_dfflr.qout_r	dbg_step_r	u_e203_cpu.u_e203_core.u_e203_exu.u_e203_exu_commit.u_e203_exu_excp.step_req_dfflr.qout_r$_DFFE_PN0P_/D
781	-0.5030	u_eI_cpu.u_eJ_core.u_eK_exu.u_eL_exu_regfile.regfile[M].rfnoN.rf_dffl.qout_r[O]	u_eI_cpu.u_eJ_core.u_eK_ifu.u_eL_ifu_ifetch.pc_dfflr.qout_r[M]	u_e203_cpu.u_e203_core.u_e203_exu.u_e203_exu_regfile.regfile[6].rfno0.rf_dffl.qout_r[31]$_DFFE_PP_/Q	u_e203_cpu.u_e203_core.u_e203_ifu.u_e203_ifu_ifetch.pc_dfflr.qout_r[10]$_DFFE_PN0P_/D
782	-0.5026	u_eI_cpu.u_eJ_core.u_eK_lsu.u_eL_lsu_ctrl.u_eM_lsu_splt_stage.dp_gt_N.vld_dfflr.qout_r	u_eI_cpu.u_eJ_itcm_ctrl.u_sram_icb_ctrl.u_byp_icb_cmd_buf.u_bypbuf_fifo.dp_gtK.vec_L_dfflr.qout_r	u_e203_cpu.u_e203_core.u_e203_lsu.u_e203_lsu_ctrl.u_e203_lsu_splt_stage.dp_gt_0.vld_dfflr.qout_r$_DFFE_PN0P_/Q	u_e203_cpu.u_e203_itcm_ctrl.u_sram_icb_ctrl.u_byp_icb_cmd_buf.u_bypbuf_fifo.dp_gt0.vec_31_dfflr.qout_r$_DFFE_PN0P_/D
783	-0.5025	u_eI_cpu.u_eJ_core.u_eK_biu.u_biu_icb_arbt.arbt_num_gt_L_gen.dp_M.u_sirv_gnrl_rspid_fifo.dp_gt_N.vld_dfflr.qout_r	u_eI_cpu.u_eJ_core.u_eK_biu.u_sirv_gnrl_icb_buffer.u_sirv_gnrl_cmd_fifo.dp_gtL.vec_M_dfflr.qout_r	u_e203_cpu.u_e203_core.u_e203_biu.u_biu_icb_arbt.arbt_num_gt_1_gen.dp_1.u_sirv_gnrl_rspid_fifo.dp_gt_0.vld_dfflr.qout_r$_DFFE_PN0P_/Q	u_e203_cpu.u_e203_core.u_e203_biu.u_sirv_gnrl_icb_buffer.u_sirv_gnrl_cmd_fifo.dp_gt0.vec_31_dfflr.qout_r$_DFFE_PN0P_/D
784	-0.5024	u_eI_cpu.u_eJ_core.u_eK_lsu.u_eL_lsu_ctrl.u_eM_lsu_splt_stage.dp_gt_N.vld_dfflr.qout_r	u_eI_cpu.u_eJ_core.u_eK_ifu.u_eL_ifu_iftMicb.icbNitcm_dfflr.qout_r	u_e203_cpu.u_e203_core.u_e203_lsu.u_e203_lsu_ctrl.u_e203_lsu_splt_stage.dp_gt_0.vld_dfflr.qout_r$_DFFE_PN0P_/Q	u_e203_cpu.u_e203_core.u_e203_ifu.u_e203_ifu_ift2icb.icb2itcm_dfflr.qout_r$_DFFE_PN0P_/D
785	-0.5024	u_eI_cpu.u_eJ_itcm_ctrl.u_sram_icb_ctrl.u_sirv_Kcyc_sram_ctrl.u_eL_stage.dp_gt_M.vld_dfflr.qout_r	u_eI_cpu.u_eJ_itcm_ctrl.u_sram_icb_ctrl.u_sirv_Kcyc_sram_ctrl.u_eL_stage.dp_gt_M.vld_dfflr.qout_r	u_e203_cpu.u_e203_itcm_ctrl.u_sram_icb_ctrl.u_sirv_1cyc_sram_ctrl.u_e1_stage.dp_gt_0.vld_dfflr.qout_r$_DFFE_PN0P_/Q	u_e203_cpu.u_e203_itcm_ctrl.u_sram_icb_ctrl.u_sirv_1cyc_sram_ctrl.u_e1_stage.dp_gt_0.vld_dfflr.qout_r$_DFFE_PN0P_/D
786	-0.5024	u_eI_cpu.u_eJ_core.u_eK_exu.u_eL_exu_oitf.depth_gtM.alc_ptr_dfflrs.qout_r	u_eI_cpu.u_eJ_itcm_ctrl.u_sram_icb_ctrl.u_byp_icb_cmd_buf.u_bypbuf_fifo.dp_gtK.fifo_rf[L].fifo_rf_dffl.qout_r[M]	u_e203_cpu.u_e203_core.u_e203_exu.u_e203_exu_oitf.depth_gt1.alc_ptr_dfflrs.qout_r$_DFFE_PN0P_/Q	u_e203_cpu.u_e203_itcm_ctrl.u_sram_icb_ctrl.u_byp_icb_cmd_buf.u_bypbuf_fifo.dp_gt0.fifo_rf[0].fifo_rf_dffl.qout_r[2]$_DFFE_PP_/D
787	-0.5023	u_eI_cpu.u_eJ_itcm_ctrl.u_sram_icb_ctrl.u_sirv_Kcyc_sram_ctrl.u_eL_stage.dp_gt_M.vld_dfflr.qout_r	u_eI_cpu.u_eJ_core.u_eK_ifu.u_eL_ifu_iftMicb.leftover_err_dfflr.qout_r	u_e203_cpu.u_e203_itcm_ctrl.u_sram_icb_ctrl.u_sirv_1cyc_sram_ctrl.u_e1_stage.dp_gt_0.vld_dfflr.qout_r$_DFFE_PN0P_/Q	u_e203_cpu.u_e203_core.u_e203_ifu.u_e203_ifu_ift2icb.leftover_err_dfflr.qout_r$_DFFE_PN0P_/D
788	-0.5021	u_eI_cpu.u_eJ_core.u_eK_exu.u_eL_exu_oitf.depth_gtM.ret_ptr_dfflrs.qout_r	u_eI_cpu.u_eJ_core.u_eK_ifu.u_eL_ifu_iftMicb.leftover_dffl.qout_r[N]	u_e203_cpu.u_e203_core.u_e203_exu.u_e203_exu_oitf.depth_gt1.ret_ptr_dfflrs.qout_r$_DFFE_PN0P_/Q	u_e203_cpu.u_e203_core.u_e203_ifu.u_e203_ifu_ift2icb.leftover_dffl.qout_r[10]$_DFFE_PP_/D
789	-0.5019	u_eI_cpu.u_eJ_core.u_eK_lsu.u_eL_lsu_ctrl.u_eM_lsu_splt_stage.dp_gt_N.vld_dfflr.qout_r	u_eI_cpu.u_eJ_itcm_ctrl.u_sram_icb_ctrl.u_byp_icb_cmd_buf.u_bypbuf_fifo.dp_gtK.vec_L_dfflrs.qout_r	u_e203_cpu.u_e203_core.u_e203_lsu.u_e203_lsu_ctrl.u_e203_lsu_splt_stage.dp_gt_0.vld_dfflr.qout_r$_DFFE_PN0P_/Q	u_e203_cpu.u_e203_itcm_ctrl.u_sram_icb_ctrl.u_byp_icb_cmd_buf.u_bypbuf_fifo.dp_gt0.vec_0_dfflrs.qout_r$_DFFE_PN1P_/D
790	-0.5019	u_eI_cpu.u_eJ_core.u_eK_exu.u_eL_exu_oitf.depth_gtM.alc_ptr_dfflrs.qout_r	u_eI_cpu.u_eJ_core.u_eK_ifu.u_eL_ifu_iftMicb.icb_state_dfflr.qout_r[N]	u_e203_cpu.u_e203_core.u_e203_exu.u_e203_exu_oitf.depth_gt1.alc_ptr_dfflrs.qout_r$_DFFE_PN0P_/Q	u_e203_cpu.u_e203_core.u_e203_ifu.u_e203_ifu_ift2icb.icb_state_dfflr.qout_r[1]$_DFFE_PN0P_/D
791	-0.5017	u_eI_cpu.u_eJ_core.u_eK_ifu.u_eL_ifu_ifetch.ifu_lo_ir_dfflr.qout_r[M]	u_eI_cpu.u_eJ_core.u_eK_exu.u_eL_exu_csr.minstreth_dfflr.qout_r[M]	u_e203_cpu.u_e203_core.u_e203_ifu.u_e203_ifu_ifetch.ifu_lo_ir_dfflr.qout_r[11]$_DFFE_PN0P_/Q	u_e203_cpu.u_e203_core.u_e203_exu.u_e203_exu_csr.minstreth_dfflr.qout_r[29]$_DFFE_PN0P_/D
792	-0.5017	u_eI_cpu.u_eJ_core.u_eK_biu.u_sirv_gnrl_icb_buffer.u_sirv_gnrl_rsp_fifo.dp_gtL.vec_M_dfflr.qout_r	u_eI_cpu.u_eJ_core.u_eK_biu.u_sirv_gnrl_icb_buffer.u_sirv_gnrl_cmd_fifo.dp_gtL.vec_M_dfflr.qout_r	u_e203_cpu.u_e203_core.u_e203_biu.u_sirv_gnrl_icb_buffer.u_sirv_gnrl_rsp_fifo.dp_gt0.vec_31_dfflr.qout_r$_DFFE_PN0P_/Q	u_e203_cpu.u_e203_core.u_e203_biu.u_sirv_gnrl_icb_buffer.u_sirv_gnrl_cmd_fifo.dp_gt0.vec_31_dfflr.qout_r$_DFFE_PN0P_/D
793	-0.5015	u_eI_cpu.u_eJ_itcm_ctrl.u_itcm_icb_arbt.arbt_num_gt_K_gen.dp_L.u_sirv_gnrl_rspid_fifo.dp_gt_M.vld_dfflr.qout_r	u_eI_cpu.u_eJ_core.u_eK_ifu.u_eL_ifu_iftMicb.icb_addr_N_O_dffl.qout_r[P]	u_e203_cpu.u_e203_itcm_ctrl.u_itcm_icb_arbt.arbt_num_gt_1_gen.dp_1.u_sirv_gnrl_rspid_fifo.dp_gt_0.vld_dfflr.qout_r$_DFFE_PN0P_/Q	u_e203_cpu.u_e203_core.u_e203_ifu.u_e203_ifu_ift2icb.icb_addr_2_1_dffl.qout_r[0]$_DFFE_PP_/D
794	-0.5015	dbg_halt_r	u_eI_cpu.u_eJ_nice_core.sbuf_cmd_cnt_dfflr.qout_r[K]	dbg_halt_r	u_e203_cpu.u_e203_nice_core.sbuf_cmd_cnt_dfflr.qout_r[0]$_DFFE_PN0P_/D
795	-0.5007	u_eI_cpu.u_eJ_core.u_eK_ifu.u_eL_ifu_ifetch.ifu_err_dfflr.qout_r	u_eI_cpu.u_eJ_core.u_eK_biu.u_biu_icb_arbt.arbt_num_gt_L_gen.dp_M.u_sirv_gnrl_rspid_fifo.dp_gt_N.dat_dfflr.qout_r	u_e203_cpu.u_e203_core.u_e203_ifu.u_e203_ifu_ifetch.ifu_err_dfflr.qout_r$_DFFE_PN0P_/Q	u_e203_cpu.u_e203_core.u_e203_biu.u_biu_icb_arbt.arbt_num_gt_1_gen.dp_1.u_sirv_gnrl_rspid_fifo.dp_gt_0.dat_dfflr.qout_r$_DFFE_PP_/D
796	-0.5005	u_eI_cpu.u_eJ_core.u_eK_exu.u_eL_exu_oitf.depth_gtM.ret_ptr_dfflrs.qout_r	u_eI_cpu.u_eJ_core.u_eK_ifu.u_eL_ifu_ifetch.ifu_hi_ir_dfflr.qout_r[M]	u_e203_cpu.u_e203_core.u_e203_exu.u_e203_exu_oitf.depth_gt1.ret_ptr_dfflrs.qout_r$_DFFE_PN0P_/Q	u_e203_cpu.u_e203_core.u_e203_ifu.u_e203_ifu_ifetch.ifu_hi_ir_dfflr.qout_r[10]$_DFFE_PN0P_/D
797	-0.5005	u_eI_cpu.u_eJ_core.u_eK_ifu.u_eL_ifu_ifetch.ifu_err_dfflr.qout_r	u_eI_cpu.u_eJ_core.u_eK_ifu.u_eL_ifu_iftMicb.req_lane_cross_dfflr.qout_r	u_e203_cpu.u_e203_core.u_e203_ifu.u_e203_ifu_ifetch.ifu_err_dfflr.qout_r$_DFFE_PN0P_/Q	u_e203_cpu.u_e203_core.u_e203_ifu.u_e203_ifu_ift2icb.req_lane_cross_dfflr.qout_r$_DFFE_PN0P_/D
798	-0.5005	u_eI_cpu.u_eJ_core.u_eK_ifu.u_eL_ifu_ifetch.ifu_err_dfflr.qout_r	u_eI_cpu.u_eJ_core.u_eK_ifu.u_eL_ifu_iftMicb.req_need_Nuop_dfflr.qout_r	u_e203_cpu.u_e203_core.u_e203_ifu.u_e203_ifu_ifetch.ifu_err_dfflr.qout_r$_DFFE_PN0P_/Q	u_e203_cpu.u_e203_core.u_e203_ifu.u_e203_ifu_ift2icb.req_need_0uop_dfflr.qout_r$_DFFE_PN0P_/D
799	-0.5005	u_eI_cpu.u_eJ_core.u_eK_ifu.u_eL_ifu_ifetch.ifu_err_dfflr.qout_r	u_eI_cpu.u_eJ_core.u_eK_ifu.u_eL_ifu_iftMicb.req_same_cross_holdup_dfflr.qout_r	u_e203_cpu.u_e203_core.u_e203_ifu.u_e203_ifu_ifetch.ifu_err_dfflr.qout_r$_DFFE_PN0P_/Q	u_e203_cpu.u_e203_core.u_e203_ifu.u_e203_ifu_ift2icb.req_same_cross_holdup_dfflr.qout_r$_DFFE_PN0P_/D
800	-0.5001	u_eI_cpu.u_eJ_core.u_eK_ifu.u_eL_ifu_ifetch.ifu_lo_ir_dfflr.qout_r[M]	u_eI_cpu.u_eJ_itcm_ctrl.u_itcm_icb_extKitcm_nLw.fifo_dp_M.u_sirv_gnrl_nNw_fifo.dp_gt_O.vld_dfflr.qout_r	u_e203_cpu.u_e203_core.u_e203_ifu.u_e203_ifu_ifetch.ifu_lo_ir_dfflr.qout_r[11]$_DFFE_PN0P_/Q	u_e203_cpu.u_e203_itcm_ctrl.u_itcm_icb_ext2itcm_n2w.fifo_dp_1.u_sirv_gnrl_n2w_fifo.dp_gt_0.vld_dfflr.qout_r$_DFFE_PN0P_/D
801	-0.4996	u_eI_cpu.u_eJ_itcm_ctrl.u_sram_icb_ctrl.u_sirv_Kcyc_sram_ctrl.u_eL_stage.dp_gt_M.vld_dfflr.qout_r	u_eI_cpu.u_eJ_core.u_eK_biu.u_biu_icb_arbt.arbt_num_gt_L_gen.dp_M.u_sirv_gnrl_rspid_fifo.dp_gt_N.dat_dfflr.qout_r	u_e203_cpu.u_e203_itcm_ctrl.u_sram_icb_ctrl.u_sirv_1cyc_sram_ctrl.u_e1_stage.dp_gt_0.vld_dfflr.qout_r$_DFFE_PN0P_/Q	u_e203_cpu.u_e203_core.u_e203_biu.u_biu_icb_arbt.arbt_num_gt_1_gen.dp_1.u_sirv_gnrl_rspid_fifo.dp_gt_0.dat_dfflr.qout_r$_DFFE_PP_/D
802	-0.4996	u_eI_cpu.u_eJ_core.u_eK_lsu.u_eL_lsu_ctrl.u_eM_lsu_splt_stage.dp_gt_N.vld_dfflr.qout_r	u_eI_cpu.u_eJ_core.u_eK_biu.u_biu_icb_arbt.arbt_num_gt_L_gen.dp_M.u_sirv_gnrl_rspid_fifo.dp_gt_N.vld_dfflr.qout_r	u_e203_cpu.u_e203_core.u_e203_lsu.u_e203_lsu_ctrl.u_e203_lsu_splt_stage.dp_gt_0.vld_dfflr.qout_r$_DFFE_PN0P_/Q	u_e203_cpu.u_e203_core.u_e203_biu.u_biu_icb_arbt.arbt_num_gt_1_gen.dp_1.u_sirv_gnrl_rspid_fifo.dp_gt_0.vld_dfflr.qout_r$_DFFE_PN0P_/D
803	-0.4994	u_eI_cpu.u_eJ_itcm_ctrl.u_sram_icb_ctrl.u_sirv_Kcyc_sram_ctrl.u_eL_stage.dp_gt_M.vld_dfflr.qout_r	u_eI_cpu.u_eJ_core.u_eK_ifu.u_eL_ifu_iftMicb.req_lane_cross_dfflr.qout_r	u_e203_cpu.u_e203_itcm_ctrl.u_sram_icb_ctrl.u_sirv_1cyc_sram_ctrl.u_e1_stage.dp_gt_0.vld_dfflr.qout_r$_DFFE_PN0P_/Q	u_e203_cpu.u_e203_core.u_e203_ifu.u_e203_ifu_ift2icb.req_lane_cross_dfflr.qout_r$_DFFE_PN0P_/D
804	-0.4994	u_eI_cpu.u_eJ_itcm_ctrl.u_sram_icb_ctrl.u_sirv_Kcyc_sram_ctrl.u_eL_stage.dp_gt_M.vld_dfflr.qout_r	u_eI_cpu.u_eJ_core.u_eK_ifu.u_eL_ifu_iftMicb.req_need_Nuop_dfflr.qout_r	u_e203_cpu.u_e203_itcm_ctrl.u_sram_icb_ctrl.u_sirv_1cyc_sram_ctrl.u_e1_stage.dp_gt_0.vld_dfflr.qout_r$_DFFE_PN0P_/Q	u_e203_cpu.u_e203_core.u_e203_ifu.u_e203_ifu_ift2icb.req_need_0uop_dfflr.qout_r$_DFFE_PN0P_/D
805	-0.4994	u_eI_cpu.u_eJ_itcm_ctrl.u_sram_icb_ctrl.u_sirv_Kcyc_sram_ctrl.u_eL_stage.dp_gt_M.vld_dfflr.qout_r	u_eI_cpu.u_eJ_core.u_eK_ifu.u_eL_ifu_iftMicb.req_same_cross_holdup_dfflr.qout_r	u_e203_cpu.u_e203_itcm_ctrl.u_sram_icb_ctrl.u_sirv_1cyc_sram_ctrl.u_e1_stage.dp_gt_0.vld_dfflr.qout_r$_DFFE_PN0P_/Q	u_e203_cpu.u_e203_core.u_e203_ifu.u_e203_ifu_ift2icb.req_same_cross_holdup_dfflr.qout_r$_DFFE_PN0P_/D
806	-0.4989	u_eI_cpu.u_eJ_core.u_eK_exu.u_eL_exu_oitf.depth_gtM.ret_ptr_dfflrs.qout_r	u_eI_cpu.u_eJ_core.u_eK_ifu.u_eL_ifu_ifetch.ir_rsMidx_dfflr.qout_r[N]	u_e203_cpu.u_e203_core.u_e203_exu.u_e203_exu_oitf.depth_gt1.ret_ptr_dfflrs.qout_r$_DFFE_PN0P_/Q	u_e203_cpu.u_e203_core.u_e203_ifu.u_e203_ifu_ifetch.ir_rs2idx_dfflr.qout_r[4]$_DFFE_PN0P_/D
807	-0.4989	u_eI_cpu.u_eJ_itcm_ctrl.u_sram_icb_ctrl.u_sirv_Kcyc_sram_ctrl.u_eL_stage.dp_gt_M.dat_dfflr.qout_r[N]	u_eI_cpu.u_eJ_core.u_eK_ifu.u_eL_ifu_ifetch.pc_dfflr.qout_r[M]	u_e203_cpu.u_e203_itcm_ctrl.u_sram_icb_ctrl.u_sirv_1cyc_sram_ctrl.u_e1_stage.dp_gt_0.dat_dfflr.qout_r[1]$_DFFE_PP_/QN	u_e203_cpu.u_e203_core.u_e203_ifu.u_e203_ifu_ifetch.pc_dfflr.qout_r[10]$_DFFE_PN0P_/D
808	-0.4986	u_eI_cpu.u_eJ_core.u_eK_exu.u_eL_exu_alu.u_eM_exu_alu_lsuagu.icb_state_dfflr.qout_r[N]	u_eI_cpu.u_eJ_core.u_eK_ifu.u_eL_ifu_ifetch.pc_newpend_dfflr.qout_r	u_e203_cpu.u_e203_core.u_e203_exu.u_e203_exu_alu.u_e203_exu_alu_lsuagu.icb_state_dfflr.qout_r[0]$_DFFE_PN0P_/Q	u_e203_cpu.u_e203_core.u_e203_ifu.u_e203_ifu_ifetch.pc_newpend_dfflr.qout_r$_DFFE_PN0P_/D
809	-0.4983	u_eI_cpu.u_eJ_dtcm_ctrl.u_dtcm_icb_arbt.arbt_num_gt_K_gen.dp_L.u_sirv_gnrl_rspid_fifo.dp_gt_M.vld_dfflr.qout_r	u_eI_cpu.u_eJ_core.u_eK_ifu.u_eL_ifu_iftMicb.leftover_dffl.qout_r[N]	u_e203_cpu.u_e203_dtcm_ctrl.u_dtcm_icb_arbt.arbt_num_gt_1_gen.dp_1.u_sirv_gnrl_rspid_fifo.dp_gt_0.vld_dfflr.qout_r$_DFFE_PN0P_/Q	u_e203_cpu.u_e203_core.u_e203_ifu.u_e203_ifu_ift2icb.leftover_dffl.qout_r[10]$_DFFE_PP_/D
810	-0.4983	u_eI_cpu.u_eJ_core.u_eK_ifu.u_eL_ifu_ifetch.ifu_err_dfflr.qout_r	u_eI_cpu.u_eJ_core.u_eK_ifu.u_eL_ifu_ifetch.ifu_err_dfflr.qout_r	u_e203_cpu.u_e203_core.u_e203_ifu.u_e203_ifu_ifetch.ifu_err_dfflr.qout_r$_DFFE_PN0P_/Q	u_e203_cpu.u_e203_core.u_e203_ifu.u_e203_ifu_ifetch.ifu_err_dfflr.qout_r$_DFFE_PN0P_/D
811	-0.4983	u_eI_cpu.u_eJ_core.u_eK_ifu.u_eL_ifu_ifetch.ifu_err_dfflr.qout_r	u_eI_cpu.u_eJ_core.u_eK_ifu.u_eL_ifu_ifetch.ifu_prdt_taken_dfflr.qout_r	u_e203_cpu.u_e203_core.u_e203_ifu.u_e203_ifu_ifetch.ifu_err_dfflr.qout_r$_DFFE_PN0P_/Q	u_e203_cpu.u_e203_core.u_e203_ifu.u_e203_ifu_ifetch.ifu_prdt_taken_dfflr.qout_r$_DFFE_PN0P_/D
812	-0.4983	u_eI_cpu.u_eJ_core.u_eK_ifu.u_eL_ifu_ifetch.ifu_err_dfflr.qout_r	u_eI_cpu.u_eJ_core.u_eK_ifu.u_eL_ifu_ifetch.ir_muldiv_bMb_dfflr.qout_r	u_e203_cpu.u_e203_core.u_e203_ifu.u_e203_ifu_ifetch.ifu_err_dfflr.qout_r$_DFFE_PN0P_/Q	u_e203_cpu.u_e203_core.u_e203_ifu.u_e203_ifu_ifetch.ir_muldiv_b2b_dfflr.qout_r$_DFFE_PN0P_/D
813	-0.4983	u_eI_cpu.u_eJ_core.u_eK_ifu.u_eL_ifu_ifetch.ifu_err_dfflr.qout_r	u_eI_cpu.u_eJ_itcm_ctrl.ifu_holdup_dffl.qout_r	u_e203_cpu.u_e203_core.u_e203_ifu.u_e203_ifu_ifetch.ifu_err_dfflr.qout_r$_DFFE_PN0P_/Q	u_e203_cpu.u_e203_itcm_ctrl.ifu_holdup_dffl.qout_r$_DFFE_PN0P_/D
814	-0.4981	u_eI_cpu.u_eJ_core.u_eK_lsu.u_eL_lsu_ctrl.u_eM_lsu_splt_stage.dp_gt_N.dat_dfflr.qout_r[O]	u_eI_cpu.u_eJ_core.u_eK_ifu.u_eL_ifu_iftMicb.icb_addr_N_O_dffl.qout_r[P]	u_e203_cpu.u_e203_core.u_e203_lsu.u_e203_lsu_ctrl.u_e203_lsu_splt_stage.dp_gt_0.dat_dfflr.qout_r[43]$_DFFE_PP_/Q	u_e203_cpu.u_e203_core.u_e203_ifu.u_e203_ifu_ift2icb.icb_addr_2_1_dffl.qout_r[0]$_DFFE_PP_/D
815	-0.4978	u_eI_cpu.u_eJ_itcm_ctrl.u_itcm_icb_arbt.arbt_num_gt_K_gen.dp_L.u_sirv_gnrl_rspid_fifo.dp_gt_M.vld_dfflr.qout_r	u_eI_cpu.u_eJ_itcm_ctrl.u_sram_icb_ctrl.u_byp_icb_cmd_buf.u_bypbuf_fifo.dp_gtK.fifo_rf[L].fifo_rf_dffl.qout_r[M]	u_e203_cpu.u_e203_itcm_ctrl.u_itcm_icb_arbt.arbt_num_gt_1_gen.dp_1.u_sirv_gnrl_rspid_fifo.dp_gt_0.vld_dfflr.qout_r$_DFFE_PN0P_/Q	u_e203_cpu.u_e203_itcm_ctrl.u_sram_icb_ctrl.u_byp_icb_cmd_buf.u_bypbuf_fifo.dp_gt0.fifo_rf[0].fifo_rf_dffl.qout_r[2]$_DFFE_PP_/D
816	-0.4974	u_eI_cpu.u_eJ_dtcm_ctrl.u_sram_icb_ctrl.u_sirv_Kcyc_sram_ctrl.u_eL_stage.dp_gt_M.vld_dfflr.qout_r	u_eI_cpu.u_eJ_core.u_eK_ifu.u_eL_ifu_iftMicb.leftover_dffl.qout_r[N]	u_e203_cpu.u_e203_dtcm_ctrl.u_sram_icb_ctrl.u_sirv_1cyc_sram_ctrl.u_e1_stage.dp_gt_0.vld_dfflr.qout_r$_DFFE_PN0P_/Q	u_e203_cpu.u_e203_core.u_e203_ifu.u_e203_ifu_ift2icb.leftover_dffl.qout_r[10]$_DFFE_PP_/D
817	-0.4973	u_eI_cpu.u_eJ_itcm_ctrl.u_itcm_icb_arbt.arbt_num_gt_K_gen.dp_L.u_sirv_gnrl_rspid_fifo.dp_gt_M.vld_dfflr.qout_r	u_eI_cpu.u_eJ_core.u_eK_ifu.u_eL_ifu_iftMicb.icb_state_dfflr.qout_r[N]	u_e203_cpu.u_e203_itcm_ctrl.u_itcm_icb_arbt.arbt_num_gt_1_gen.dp_1.u_sirv_gnrl_rspid_fifo.dp_gt_0.vld_dfflr.qout_r$_DFFE_PN0P_/Q	u_e203_cpu.u_e203_core.u_e203_ifu.u_e203_ifu_ift2icb.icb_state_dfflr.qout_r[1]$_DFFE_PN0P_/D
818	-0.4972	u_eI_cpu.u_eJ_core.u_eK_biu.u_biu_icb_arbt.arbt_num_gt_L_gen.dp_M.u_sirv_gnrl_rspid_fifo.dp_gt_N.vld_dfflr.qout_r	u_eI_cpu.u_eJ_core.u_eK_ifu.u_eL_ifu_iftMicb.icb_addr_N_O_dffl.qout_r[P]	u_e203_cpu.u_e203_core.u_e203_biu.u_biu_icb_arbt.arbt_num_gt_1_gen.dp_1.u_sirv_gnrl_rspid_fifo.dp_gt_0.vld_dfflr.qout_r$_DFFE_PN0P_/Q	u_e203_cpu.u_e203_core.u_e203_ifu.u_e203_ifu_ift2icb.icb_addr_2_1_dffl.qout_r[0]$_DFFE_PP_/D
819	-0.4972	u_eI_cpu.u_eJ_itcm_ctrl.u_sram_icb_ctrl.u_sirv_Kcyc_sram_ctrl.u_eL_stage.dp_gt_M.vld_dfflr.qout_r	u_eI_cpu.u_eJ_core.u_eK_ifu.u_eL_ifu_ifetch.ifu_err_dfflr.qout_r	u_e203_cpu.u_e203_itcm_ctrl.u_sram_icb_ctrl.u_sirv_1cyc_sram_ctrl.u_e1_stage.dp_gt_0.vld_dfflr.qout_r$_DFFE_PN0P_/Q	u_e203_cpu.u_e203_core.u_e203_ifu.u_e203_ifu_ifetch.ifu_err_dfflr.qout_r$_DFFE_PN0P_/D
820	-0.4972	u_eI_cpu.u_eJ_itcm_ctrl.u_sram_icb_ctrl.u_sirv_Kcyc_sram_ctrl.u_eL_stage.dp_gt_M.vld_dfflr.qout_r	u_eI_cpu.u_eJ_core.u_eK_ifu.u_eL_ifu_ifetch.ifu_prdt_taken_dfflr.qout_r	u_e203_cpu.u_e203_itcm_ctrl.u_sram_icb_ctrl.u_sirv_1cyc_sram_ctrl.u_e1_stage.dp_gt_0.vld_dfflr.qout_r$_DFFE_PN0P_/Q	u_e203_cpu.u_e203_core.u_e203_ifu.u_e203_ifu_ifetch.ifu_prdt_taken_dfflr.qout_r$_DFFE_PN0P_/D
821	-0.4972	u_eI_cpu.u_eJ_itcm_ctrl.u_sram_icb_ctrl.u_sirv_Kcyc_sram_ctrl.u_eL_stage.dp_gt_M.vld_dfflr.qout_r	u_eI_cpu.u_eJ_core.u_eK_ifu.u_eL_ifu_ifetch.ir_muldiv_bMb_dfflr.qout_r	u_e203_cpu.u_e203_itcm_ctrl.u_sram_icb_ctrl.u_sirv_1cyc_sram_ctrl.u_e1_stage.dp_gt_0.vld_dfflr.qout_r$_DFFE_PN0P_/Q	u_e203_cpu.u_e203_core.u_e203_ifu.u_e203_ifu_ifetch.ir_muldiv_b2b_dfflr.qout_r$_DFFE_PN0P_/D
822	-0.4972	u_eI_cpu.u_eJ_itcm_ctrl.u_sram_icb_ctrl.u_sirv_Kcyc_sram_ctrl.u_eL_stage.dp_gt_M.vld_dfflr.qout_r	u_eI_cpu.u_eJ_itcm_ctrl.ifu_holdup_dffl.qout_r	u_e203_cpu.u_e203_itcm_ctrl.u_sram_icb_ctrl.u_sirv_1cyc_sram_ctrl.u_e1_stage.dp_gt_0.vld_dfflr.qout_r$_DFFE_PN0P_/Q	u_e203_cpu.u_e203_itcm_ctrl.ifu_holdup_dffl.qout_r$_DFFE_PN0P_/D
823	-0.4971	u_eI_cpu.u_eJ_core.u_eK_ifu.u_eL_ifu_ifetch.ifu_err_dfflr.qout_r	u_eI_cpu.u_eJ_itcm_ctrl.u_sram_icb_ctrl.u_sirv_Kcyc_sram_ctrl.u_eL_stage.dp_gt_M.dat_dfflr.qout_r[N]	u_e203_cpu.u_e203_core.u_e203_ifu.u_e203_ifu_ifetch.ifu_err_dfflr.qout_r$_DFFE_PN0P_/Q	u_e203_cpu.u_e203_itcm_ctrl.u_sram_icb_ctrl.u_sirv_1cyc_sram_ctrl.u_e1_stage.dp_gt_0.dat_dfflr.qout_r[1]$_DFFE_PP_/D
824	-0.4968	u_eI_cpu.u_eJ_core.u_eK_exu.u_eL_exu_oitf.depth_gtM.ret_ptr_dfflrs.qout_r	u_eI_cpu.u_eJ_core.u_eK_biu.u_sirv_gnrl_icb_buffer.u_sirv_gnrl_cmd_fifo.dp_gtL.fifo_rf[M].fifo_rf_dffl.qout_r[N]	u_e203_cpu.u_e203_core.u_e203_exu.u_e203_exu_oitf.depth_gt1.ret_ptr_dfflrs.qout_r$_DFFE_PN0P_/Q	u_e203_cpu.u_e203_core.u_e203_biu.u_sirv_gnrl_icb_buffer.u_sirv_gnrl_cmd_fifo.dp_gt0.fifo_rf[0].fifo_rf_dffl.qout_r[65]$_DFFE_PP_/D
825	-0.4968	u_eI_cpu.u_eJ_core.u_eK_exu.u_eL_exu_oitf.depth_gtM.ret_ptr_dfflrs.qout_r	u_eI_cpu.u_eJ_core.u_eK_ifu.u_eL_ifu_ifetch.ifu_lo_ir_dfflr.qout_r[M]	u_e203_cpu.u_e203_core.u_e203_exu.u_e203_exu_oitf.depth_gt1.ret_ptr_dfflrs.qout_r$_DFFE_PN0P_/Q	u_e203_cpu.u_e203_core.u_e203_ifu.u_e203_ifu_ifetch.ifu_lo_ir_dfflr.qout_r[12]$_DFFE_PN0P_/D
826	-0.4968	u_eI_cpu.u_eJ_dtcm_ctrl.u_dtcm_icb_arbt.arbt_num_gt_K_gen.dp_L.u_sirv_gnrl_rspid_fifo.dp_gt_M.vld_dfflr.qout_r	u_eI_cpu.u_eJ_core.u_eK_ifu.u_eL_ifu_ifetch.ifu_hi_ir_dfflr.qout_r[M]	u_e203_cpu.u_e203_dtcm_ctrl.u_dtcm_icb_arbt.arbt_num_gt_1_gen.dp_1.u_sirv_gnrl_rspid_fifo.dp_gt_0.vld_dfflr.qout_r$_DFFE_PN0P_/Q	u_e203_cpu.u_e203_core.u_e203_ifu.u_e203_ifu_ifetch.ifu_hi_ir_dfflr.qout_r[10]$_DFFE_PN0P_/D
827	-0.4966	u_eI_cpu.u_eJ_core.u_eK_exu.u_eL_exu_oitf.depth_gtM.alc_ptr_dfflrs.qout_r	u_eI_cpu.u_eJ_core.u_eK_ifu.u_eL_ifu_ifetch.pc_newpend_dfflr.qout_r	u_e203_cpu.u_e203_core.u_e203_exu.u_e203_exu_oitf.depth_gt1.alc_ptr_dfflrs.qout_r$_DFFE_PN0P_/Q	u_e203_cpu.u_e203_core.u_e203_ifu.u_e203_ifu_ifetch.pc_newpend_dfflr.qout_r$_DFFE_PN0P_/D
828	-0.4964	u_eI_cpu.u_eJ_core.u_eK_biu.u_sirv_gnrl_icb_buffer.u_sirv_gnrl_rsp_fifo.dp_gtL.vec_M_dfflr.qout_r	u_eI_cpu.u_eJ_core.u_eK_ifu.u_eL_ifu_iftMicb.icb_addr_N_O_dffl.qout_r[P]	u_e203_cpu.u_e203_core.u_e203_biu.u_sirv_gnrl_icb_buffer.u_sirv_gnrl_rsp_fifo.dp_gt0.vec_31_dfflr.qout_r$_DFFE_PN0P_/Q	u_e203_cpu.u_e203_core.u_e203_ifu.u_e203_ifu_ift2icb.icb_addr_2_1_dffl.qout_r[0]$_DFFE_PP_/D
829	-0.4961	u_eI_cpu.u_eJ_itcm_ctrl.u_sram_icb_ctrl.u_sirv_Kcyc_sram_ctrl.u_eL_stage.dp_gt_M.vld_dfflr.qout_r	u_eI_cpu.u_eJ_itcm_ctrl.u_sram_icb_ctrl.u_sirv_Kcyc_sram_ctrl.u_eL_stage.dp_gt_M.dat_dfflr.qout_r[N]	u_e203_cpu.u_e203_itcm_ctrl.u_sram_icb_ctrl.u_sirv_1cyc_sram_ctrl.u_e1_stage.dp_gt_0.vld_dfflr.qout_r$_DFFE_PN0P_/Q	u_e203_cpu.u_e203_itcm_ctrl.u_sram_icb_ctrl.u_sirv_1cyc_sram_ctrl.u_e1_stage.dp_gt_0.dat_dfflr.qout_r[1]$_DFFE_PP_/D
830	-0.4959	u_eI_cpu.u_eJ_dtcm_ctrl.u_sram_icb_ctrl.u_sirv_Kcyc_sram_ctrl.u_eL_stage.dp_gt_M.vld_dfflr.qout_r	u_eI_cpu.u_eJ_core.u_eK_ifu.u_eL_ifu_ifetch.ifu_hi_ir_dfflr.qout_r[M]	u_e203_cpu.u_e203_dtcm_ctrl.u_sram_icb_ctrl.u_sirv_1cyc_sram_ctrl.u_e1_stage.dp_gt_0.vld_dfflr.qout_r$_DFFE_PN0P_/Q	u_e203_cpu.u_e203_core.u_e203_ifu.u_e203_ifu_ifetch.ifu_hi_ir_dfflr.qout_r[10]$_DFFE_PN0P_/D
831	-0.4957	u_eI_cpu.u_eJ_core.u_eK_exu.u_eL_exu_oitf.depth_gtM.alc_ptr_flg_dfflrs.qout_r	u_eI_cpu.u_eJ_core.u_eK_ifu.u_eL_ifu_iftMicb.leftover_dffl.qout_r[N]	u_e203_cpu.u_e203_core.u_e203_exu.u_e203_exu_oitf.depth_gt1.alc_ptr_flg_dfflrs.qout_r$_DFFE_PN0P_/Q	u_e203_cpu.u_e203_core.u_e203_ifu.u_e203_ifu_ift2icb.leftover_dffl.qout_r[10]$_DFFE_PP_/D
832	-0.4954	u_eI_cpu.u_eJ_core.u_eK_lsu.u_eL_lsu_ctrl.u_eM_lsu_splt_stage.dp_gt_N.vld_dfflr.qout_r	u_eI_cpu.u_eJ_core.u_eK_ifu.u_eL_ifu_iftMicb.icbNmem_dfflr.qout_r	u_e203_cpu.u_e203_core.u_e203_lsu.u_e203_lsu_ctrl.u_e203_lsu_splt_stage.dp_gt_0.vld_dfflr.qout_r$_DFFE_PN0P_/Q	u_e203_cpu.u_e203_core.u_e203_ifu.u_e203_ifu_ift2icb.icb2mem_dfflr.qout_r$_DFFE_PN0P_/D
833	-0.4951	u_eI_cpu.u_eJ_dtcm_ctrl.u_dtcm_icb_arbt.arbt_num_gt_K_gen.dp_L.u_sirv_gnrl_rspid_fifo.dp_gt_M.vld_dfflr.qout_r	u_eI_cpu.u_eJ_core.u_eK_ifu.u_eL_ifu_ifetch.ir_rsMidx_dfflr.qout_r[N]	u_e203_cpu.u_e203_dtcm_ctrl.u_dtcm_icb_arbt.arbt_num_gt_1_gen.dp_1.u_sirv_gnrl_rspid_fifo.dp_gt_0.vld_dfflr.qout_r$_DFFE_PN0P_/Q	u_e203_cpu.u_e203_core.u_e203_ifu.u_e203_ifu_ifetch.ir_rs2idx_dfflr.qout_r[4]$_DFFE_PN0P_/D
834	-0.4944	u_eI_cpu.u_eJ_core.u_eK_lsu.u_eL_lsu_ctrl.u_eM_lsu_splt_stage.dp_gt_N.dat_dfflr.qout_r[O]	u_eI_cpu.u_eJ_itcm_ctrl.u_sram_icb_ctrl.u_byp_icb_cmd_buf.u_bypbuf_fifo.dp_gtK.fifo_rf[L].fifo_rf_dffl.qout_r[M]	u_e203_cpu.u_e203_core.u_e203_lsu.u_e203_lsu_ctrl.u_e203_lsu_splt_stage.dp_gt_0.dat_dfflr.qout_r[43]$_DFFE_PP_/Q	u_e203_cpu.u_e203_itcm_ctrl.u_sram_icb_ctrl.u_byp_icb_cmd_buf.u_bypbuf_fifo.dp_gt0.fifo_rf[0].fifo_rf_dffl.qout_r[2]$_DFFE_PP_/D
835	-0.4943	u_eI_cpu.u_eJ_core.u_eK_ifu.u_eL_ifu_ifetch.ifu_hi_ir_dfflr.qout_r[M]	u_eI_cpu.u_eJ_itcm_ctrl.u_itcm_icb_lsuKitcm_nLw.fifo_dp_M.u_sirv_gnrl_nNw_fifo.dp_gt_O.dat_dfflr.qout_r	u_e203_cpu.u_e203_core.u_e203_ifu.u_e203_ifu_ifetch.ifu_hi_ir_dfflr.qout_r[15]$_DFFE_PN0P_/Q	u_e203_cpu.u_e203_itcm_ctrl.u_itcm_icb_lsu2itcm_n2w.fifo_dp_1.u_sirv_gnrl_n2w_fifo.dp_gt_0.dat_dfflr.qout_r$_DFFE_PP_/D
836	-0.4943	u_eI_cpu.u_eJ_dtcm_ctrl.u_sram_icb_ctrl.u_sirv_Kcyc_sram_ctrl.u_eL_stage.dp_gt_M.vld_dfflr.qout_r	u_eI_cpu.u_eJ_core.u_eK_ifu.u_eL_ifu_ifetch.ir_rsMidx_dfflr.qout_r[N]	u_e203_cpu.u_e203_dtcm_ctrl.u_sram_icb_ctrl.u_sirv_1cyc_sram_ctrl.u_e1_stage.dp_gt_0.vld_dfflr.qout_r$_DFFE_PN0P_/Q	u_e203_cpu.u_e203_core.u_e203_ifu.u_e203_ifu_ifetch.ir_rs2idx_dfflr.qout_r[4]$_DFFE_PN0P_/D
837	-0.4941	u_eI_cpu.u_eJ_core.u_eK_exu.u_eL_exu_oitf.depth_gtM.alc_ptr_flg_dfflrs.qout_r	u_eI_cpu.u_eJ_core.u_eK_ifu.u_eL_ifu_ifetch.ifu_hi_ir_dfflr.qout_r[M]	u_e203_cpu.u_e203_core.u_e203_exu.u_e203_exu_oitf.depth_gt1.alc_ptr_flg_dfflrs.qout_r$_DFFE_PN0P_/Q	u_e203_cpu.u_e203_core.u_e203_ifu.u_e203_ifu_ifetch.ifu_hi_ir_dfflr.qout_r[10]$_DFFE_PN0P_/D
838	-0.4939	u_eI_cpu.u_eJ_core.u_eK_lsu.u_eL_lsu_ctrl.u_eM_lsu_splt_stage.dp_gt_N.dat_dfflr.qout_r[O]	u_eI_cpu.u_eJ_core.u_eK_ifu.u_eL_ifu_iftMicb.icb_state_dfflr.qout_r[N]	u_e203_cpu.u_e203_core.u_e203_lsu.u_e203_lsu_ctrl.u_e203_lsu_splt_stage.dp_gt_0.dat_dfflr.qout_r[43]$_DFFE_PP_/Q	u_e203_cpu.u_e203_core.u_e203_ifu.u_e203_ifu_ift2icb.icb_state_dfflr.qout_r[1]$_DFFE_PN0P_/D
839	-0.4939	u_eI_cpu.u_eJ_core.u_eK_exu.u_eL_exu_oitf.depth_gtM.ret_ptr_dfflrs.qout_r	u_eI_cpu.u_eJ_core.u_eK_biu.u_sirv_gnrl_icb_buffer.u_sirv_gnrl_cmd_fifo.dp_gtL.vec_M_dfflr.qout_r	u_e203_cpu.u_e203_core.u_e203_exu.u_e203_exu_oitf.depth_gt1.ret_ptr_dfflrs.qout_r$_DFFE_PN0P_/Q	u_e203_cpu.u_e203_core.u_e203_biu.u_sirv_gnrl_icb_buffer.u_sirv_gnrl_cmd_fifo.dp_gt0.vec_31_dfflr.qout_r$_DFFE_PN0P_/D
840	-0.4938	u_eI_cpu.u_eJ_core.u_eK_exu.u_eL_exu_oitf.depth_gtM.ret_ptr_flg_dfflrs.qout_r	u_eI_cpu.u_eJ_core.u_eK_ifu.u_eL_ifu_iftMicb.leftover_dffl.qout_r[N]	u_e203_cpu.u_e203_core.u_e203_exu.u_e203_exu_oitf.depth_gt1.ret_ptr_flg_dfflrs.qout_r$_DFFE_PN0P_/Q	u_e203_cpu.u_e203_core.u_e203_ifu.u_e203_ifu_ift2icb.leftover_dffl.qout_r[10]$_DFFE_PP_/D
841	-0.4935	u_eI_cpu.u_eJ_core.u_eK_biu.u_biu_icb_arbt.arbt_num_gt_L_gen.dp_M.u_sirv_gnrl_rspid_fifo.dp_gt_N.vld_dfflr.qout_r	u_eI_cpu.u_eJ_itcm_ctrl.u_sram_icb_ctrl.u_byp_icb_cmd_buf.u_bypbuf_fifo.dp_gtK.fifo_rf[L].fifo_rf_dffl.qout_r[M]	u_e203_cpu.u_e203_core.u_e203_biu.u_biu_icb_arbt.arbt_num_gt_1_gen.dp_1.u_sirv_gnrl_rspid_fifo.dp_gt_0.vld_dfflr.qout_r$_DFFE_PN0P_/Q	u_e203_cpu.u_e203_itcm_ctrl.u_sram_icb_ctrl.u_byp_icb_cmd_buf.u_bypbuf_fifo.dp_gt0.fifo_rf[0].fifo_rf_dffl.qout_r[2]$_DFFE_PP_/D
842	-0.4930	u_eI_cpu.u_eJ_dtcm_ctrl.u_dtcm_icb_arbt.arbt_num_gt_K_gen.dp_L.u_sirv_gnrl_rspid_fifo.dp_gt_M.vld_dfflr.qout_r	u_eI_cpu.u_eJ_core.u_eK_biu.u_sirv_gnrl_icb_buffer.u_sirv_gnrl_cmd_fifo.dp_gtL.fifo_rf[M].fifo_rf_dffl.qout_r[N]	u_e203_cpu.u_e203_dtcm_ctrl.u_dtcm_icb_arbt.arbt_num_gt_1_gen.dp_1.u_sirv_gnrl_rspid_fifo.dp_gt_0.vld_dfflr.qout_r$_DFFE_PN0P_/Q	u_e203_cpu.u_e203_core.u_e203_biu.u_sirv_gnrl_icb_buffer.u_sirv_gnrl_cmd_fifo.dp_gt0.fifo_rf[0].fifo_rf_dffl.qout_r[65]$_DFFE_PP_/D
843	-0.4930	u_eI_cpu.u_eJ_dtcm_ctrl.u_dtcm_icb_arbt.arbt_num_gt_K_gen.dp_L.u_sirv_gnrl_rspid_fifo.dp_gt_M.vld_dfflr.qout_r	u_eI_cpu.u_eJ_core.u_eK_ifu.u_eL_ifu_ifetch.ifu_lo_ir_dfflr.qout_r[M]	u_e203_cpu.u_e203_dtcm_ctrl.u_dtcm_icb_arbt.arbt_num_gt_1_gen.dp_1.u_sirv_gnrl_rspid_fifo.dp_gt_0.vld_dfflr.qout_r$_DFFE_PN0P_/Q	u_e203_cpu.u_e203_core.u_e203_ifu.u_e203_ifu_ifetch.ifu_lo_ir_dfflr.qout_r[12]$_DFFE_PN0P_/D
844	-0.4930	u_eI_cpu.u_eJ_core.u_eK_biu.u_biu_icb_arbt.arbt_num_gt_L_gen.dp_M.u_sirv_gnrl_rspid_fifo.dp_gt_N.vld_dfflr.qout_r	u_eI_cpu.u_eJ_core.u_eK_ifu.u_eL_ifu_iftMicb.icb_state_dfflr.qout_r[N]	u_e203_cpu.u_e203_core.u_e203_biu.u_biu_icb_arbt.arbt_num_gt_1_gen.dp_1.u_sirv_gnrl_rspid_fifo.dp_gt_0.vld_dfflr.qout_r$_DFFE_PN0P_/Q	u_e203_cpu.u_e203_core.u_e203_ifu.u_e203_ifu_ift2icb.icb_state_dfflr.qout_r[1]$_DFFE_PN0P_/D
845	-0.4927	u_eI_cpu.u_eJ_core.u_eK_biu.u_sirv_gnrl_icb_buffer.u_sirv_gnrl_rsp_fifo.dp_gtL.vec_M_dfflr.qout_r	u_eI_cpu.u_eJ_itcm_ctrl.u_sram_icb_ctrl.u_byp_icb_cmd_buf.u_bypbuf_fifo.dp_gtK.fifo_rf[L].fifo_rf_dffl.qout_r[M]	u_e203_cpu.u_e203_core.u_e203_biu.u_sirv_gnrl_icb_buffer.u_sirv_gnrl_rsp_fifo.dp_gt0.vec_31_dfflr.qout_r$_DFFE_PN0P_/Q	u_e203_cpu.u_e203_itcm_ctrl.u_sram_icb_ctrl.u_byp_icb_cmd_buf.u_bypbuf_fifo.dp_gt0.fifo_rf[0].fifo_rf_dffl.qout_r[2]$_DFFE_PP_/D
846	-0.4925	u_eI_cpu.u_eJ_core.u_eK_exu.u_eL_exu_oitf.depth_gtM.alc_ptr_flg_dfflrs.qout_r	u_eI_cpu.u_eJ_core.u_eK_ifu.u_eL_ifu_ifetch.ir_rsMidx_dfflr.qout_r[N]	u_e203_cpu.u_e203_core.u_e203_exu.u_e203_exu_oitf.depth_gt1.alc_ptr_flg_dfflrs.qout_r$_DFFE_PN0P_/Q	u_e203_cpu.u_e203_core.u_e203_ifu.u_e203_ifu_ifetch.ir_rs2idx_dfflr.qout_r[4]$_DFFE_PN0P_/D
847	-0.4922	u_eI_cpu.u_eJ_core.u_eK_exu.u_eL_exu_oitf.depth_gtM.ret_ptr_flg_dfflrs.qout_r	u_eI_cpu.u_eJ_core.u_eK_ifu.u_eL_ifu_ifetch.ifu_hi_ir_dfflr.qout_r[M]	u_e203_cpu.u_e203_core.u_e203_exu.u_e203_exu_oitf.depth_gt1.ret_ptr_flg_dfflrs.qout_r$_DFFE_PN0P_/Q	u_e203_cpu.u_e203_core.u_e203_ifu.u_e203_ifu_ifetch.ifu_hi_ir_dfflr.qout_r[10]$_DFFE_PN0P_/D
848	-0.4922	u_eI_cpu.u_eJ_core.u_eK_biu.u_sirv_gnrl_icb_buffer.u_sirv_gnrl_rsp_fifo.dp_gtL.vec_M_dfflr.qout_r	u_eI_cpu.u_eJ_core.u_eK_ifu.u_eL_ifu_iftMicb.icb_state_dfflr.qout_r[N]	u_e203_cpu.u_e203_core.u_e203_biu.u_sirv_gnrl_icb_buffer.u_sirv_gnrl_rsp_fifo.dp_gt0.vec_31_dfflr.qout_r$_DFFE_PN0P_/Q	u_e203_cpu.u_e203_core.u_e203_ifu.u_e203_ifu_ift2icb.icb_state_dfflr.qout_r[1]$_DFFE_PN0P_/D
849	-0.4922	u_eI_cpu.u_eJ_core.u_eK_ifu.u_eL_ifu_ifetch.ifu_err_dfflr.qout_r	u_eI_cpu.u_eJ_itcm_ctrl.u_sram_icb_ctrl.u_byp_icb_cmd_buf.u_bypbuf_fifo.dp_gtK.vec_L_dfflr.qout_r	u_e203_cpu.u_e203_core.u_e203_ifu.u_e203_ifu_ifetch.ifu_err_dfflr.qout_r$_DFFE_PN0P_/Q	u_e203_cpu.u_e203_itcm_ctrl.u_sram_icb_ctrl.u_byp_icb_cmd_buf.u_bypbuf_fifo.dp_gt0.vec_31_dfflr.qout_r$_DFFE_PN0P_/D
850	-0.4922	u_eI_cpu.u_eJ_dtcm_ctrl.u_sram_icb_ctrl.u_sirv_Kcyc_sram_ctrl.u_eL_stage.dp_gt_M.vld_dfflr.qout_r	u_eI_cpu.u_eJ_core.u_eK_biu.u_sirv_gnrl_icb_buffer.u_sirv_gnrl_cmd_fifo.dp_gtL.fifo_rf[M].fifo_rf_dffl.qout_r[N]	u_e203_cpu.u_e203_dtcm_ctrl.u_sram_icb_ctrl.u_sirv_1cyc_sram_ctrl.u_e1_stage.dp_gt_0.vld_dfflr.qout_r$_DFFE_PN0P_/Q	u_e203_cpu.u_e203_core.u_e203_biu.u_sirv_gnrl_icb_buffer.u_sirv_gnrl_cmd_fifo.dp_gt0.fifo_rf[0].fifo_rf_dffl.qout_r[65]$_DFFE_PP_/D
851	-0.4922	u_eI_cpu.u_eJ_dtcm_ctrl.u_sram_icb_ctrl.u_sirv_Kcyc_sram_ctrl.u_eL_stage.dp_gt_M.vld_dfflr.qout_r	u_eI_cpu.u_eJ_core.u_eK_ifu.u_eL_ifu_ifetch.ifu_lo_ir_dfflr.qout_r[M]	u_e203_cpu.u_e203_dtcm_ctrl.u_sram_icb_ctrl.u_sirv_1cyc_sram_ctrl.u_e1_stage.dp_gt_0.vld_dfflr.qout_r$_DFFE_PN0P_/Q	u_e203_cpu.u_e203_core.u_e203_ifu.u_e203_ifu_ifetch.ifu_lo_ir_dfflr.qout_r[12]$_DFFE_PN0P_/D
852	-0.4920	u_eI_cpu.u_eJ_core.u_eK_ifu.u_eL_ifu_ifetch.ifu_err_dfflr.qout_r	u_eI_cpu.u_eJ_core.u_eK_ifu.u_eL_ifu_iftMicb.icbNitcm_dfflr.qout_r	u_e203_cpu.u_e203_core.u_e203_ifu.u_e203_ifu_ifetch.ifu_err_dfflr.qout_r$_DFFE_PN0P_/Q	u_e203_cpu.u_e203_core.u_e203_ifu.u_e203_ifu_ift2icb.icb2itcm_dfflr.qout_r$_DFFE_PN0P_/D
853	-0.4920	u_eI_cpu.u_eJ_itcm_ctrl.u_itcm_icb_arbt.arbt_num_gt_K_gen.dp_L.u_sirv_gnrl_rspid_fifo.dp_gt_M.vld_dfflr.qout_r	u_eI_cpu.u_eJ_core.u_eK_ifu.u_eL_ifu_ifetch.pc_newpend_dfflr.qout_r	u_e203_cpu.u_e203_itcm_ctrl.u_itcm_icb_arbt.arbt_num_gt_1_gen.dp_1.u_sirv_gnrl_rspid_fifo.dp_gt_0.vld_dfflr.qout_r$_DFFE_PN0P_/Q	u_e203_cpu.u_e203_core.u_e203_ifu.u_e203_ifu_ifetch.pc_newpend_dfflr.qout_r$_DFFE_PN0P_/D
854	-0.4916	u_eI_cpu.u_eJ_core.u_eK_ifu.u_eL_ifu_ifetch.ifu_err_dfflr.qout_r	u_eI_cpu.u_eJ_itcm_ctrl.u_sram_icb_ctrl.u_byp_icb_cmd_buf.u_bypbuf_fifo.dp_gtK.vec_L_dfflrs.qout_r	u_e203_cpu.u_e203_core.u_e203_ifu.u_e203_ifu_ifetch.ifu_err_dfflr.qout_r$_DFFE_PN0P_/Q	u_e203_cpu.u_e203_itcm_ctrl.u_sram_icb_ctrl.u_byp_icb_cmd_buf.u_bypbuf_fifo.dp_gt0.vec_0_dfflrs.qout_r$_DFFE_PN1P_/D
855	-0.4911	u_eI_cpu.u_eJ_itcm_ctrl.u_sram_icb_ctrl.u_sirv_Kcyc_sram_ctrl.u_eL_stage.dp_gt_M.vld_dfflr.qout_r	u_eI_cpu.u_eJ_itcm_ctrl.u_sram_icb_ctrl.u_byp_icb_cmd_buf.u_bypbuf_fifo.dp_gtK.vec_L_dfflr.qout_r	u_e203_cpu.u_e203_itcm_ctrl.u_sram_icb_ctrl.u_sirv_1cyc_sram_ctrl.u_e1_stage.dp_gt_0.vld_dfflr.qout_r$_DFFE_PN0P_/Q	u_e203_cpu.u_e203_itcm_ctrl.u_sram_icb_ctrl.u_byp_icb_cmd_buf.u_bypbuf_fifo.dp_gt0.vec_31_dfflr.qout_r$_DFFE_PN0P_/D
856	-0.4911	u_eI_cpu.u_eJ_core.u_eK_ifu.u_eL_ifu_ifetch.ifu_hi_ir_dfflr.qout_r[M]	u_eI_cpu.u_eJ_clk_ctrl.u_dtcm_clkgate.enb	u_e203_cpu.u_e203_core.u_e203_ifu.u_e203_ifu_ifetch.ifu_hi_ir_dfflr.qout_r[15]$_DFFE_PN0P_/Q	u_e203_cpu.u_e203_clk_ctrl.u_dtcm_clkgate.enb$_DLATCH_N_/D
857	-0.4910	u_eI_cpu.u_eJ_itcm_ctrl.u_sram_icb_ctrl.u_sirv_Kcyc_sram_ctrl.u_eL_stage.dp_gt_M.vld_dfflr.qout_r	u_eI_cpu.u_eJ_core.u_eK_ifu.u_eL_ifu_iftMicb.icbNitcm_dfflr.qout_r	u_e203_cpu.u_e203_itcm_ctrl.u_sram_icb_ctrl.u_sirv_1cyc_sram_ctrl.u_e1_stage.dp_gt_0.vld_dfflr.qout_r$_DFFE_PN0P_/Q	u_e203_cpu.u_e203_core.u_e203_ifu.u_e203_ifu_ift2icb.icb2itcm_dfflr.qout_r$_DFFE_PN0P_/D
858	-0.4908	u_eI_cpu.u_eJ_core.u_eK_exu.u_eL_exu_alu.u_eM_exu_alu_lsuagu.icb_state_dfflr.qout_r[N]	u_eI_cpu.u_eJ_core.u_eK_biu.u_sirv_gnrl_icb_buffer.outs_cnt_dfflr.qout_r	u_e203_cpu.u_e203_core.u_e203_exu.u_e203_exu_alu.u_e203_exu_alu_lsuagu.icb_state_dfflr.qout_r[0]$_DFFE_PN0P_/Q	u_e203_cpu.u_e203_core.u_e203_biu.u_sirv_gnrl_icb_buffer.outs_cnt_dfflr.qout_r$_DFFE_PN0P_/D
859	-0.4906	u_eI_cpu.u_eJ_core.u_eK_exu.u_eL_exu_oitf.depth_gtM.ret_ptr_flg_dfflrs.qout_r	u_eI_cpu.u_eJ_core.u_eK_ifu.u_eL_ifu_ifetch.ir_rsMidx_dfflr.qout_r[N]	u_e203_cpu.u_e203_core.u_e203_exu.u_e203_exu_oitf.depth_gt1.ret_ptr_flg_dfflrs.qout_r$_DFFE_PN0P_/Q	u_e203_cpu.u_e203_core.u_e203_ifu.u_e203_ifu_ifetch.ir_rs2idx_dfflr.qout_r[4]$_DFFE_PN0P_/D
860	-0.4905	u_eI_cpu.u_eJ_itcm_ctrl.u_sram_icb_ctrl.u_sirv_Kcyc_sram_ctrl.u_eL_stage.dp_gt_M.vld_dfflr.qout_r	u_eI_cpu.u_eJ_itcm_ctrl.u_sram_icb_ctrl.u_byp_icb_cmd_buf.u_bypbuf_fifo.dp_gtK.vec_L_dfflrs.qout_r	u_e203_cpu.u_e203_itcm_ctrl.u_sram_icb_ctrl.u_sirv_1cyc_sram_ctrl.u_e1_stage.dp_gt_0.vld_dfflr.qout_r$_DFFE_PN0P_/Q	u_e203_cpu.u_e203_itcm_ctrl.u_sram_icb_ctrl.u_byp_icb_cmd_buf.u_bypbuf_fifo.dp_gt0.vec_0_dfflrs.qout_r$_DFFE_PN1P_/D
861	-0.4904	u_eI_cpu.u_eJ_core.u_eK_exu.u_eL_exu_oitf.depth_gtM.alc_ptr_flg_dfflrs.qout_r	u_eI_cpu.u_eJ_core.u_eK_biu.u_sirv_gnrl_icb_buffer.u_sirv_gnrl_cmd_fifo.dp_gtL.fifo_rf[M].fifo_rf_dffl.qout_r[N]	u_e203_cpu.u_e203_core.u_e203_exu.u_e203_exu_oitf.depth_gt1.alc_ptr_flg_dfflrs.qout_r$_DFFE_PN0P_/Q	u_e203_cpu.u_e203_core.u_e203_biu.u_sirv_gnrl_icb_buffer.u_sirv_gnrl_cmd_fifo.dp_gt0.fifo_rf[0].fifo_rf_dffl.qout_r[65]$_DFFE_PP_/D
862	-0.4904	u_eI_cpu.u_eJ_core.u_eK_exu.u_eL_exu_oitf.depth_gtM.alc_ptr_flg_dfflrs.qout_r	u_eI_cpu.u_eJ_core.u_eK_ifu.u_eL_ifu_ifetch.ifu_lo_ir_dfflr.qout_r[M]	u_e203_cpu.u_e203_core.u_e203_exu.u_e203_exu_oitf.depth_gt1.alc_ptr_flg_dfflrs.qout_r$_DFFE_PN0P_/Q	u_e203_cpu.u_e203_core.u_e203_ifu.u_e203_ifu_ifetch.ifu_lo_ir_dfflr.qout_r[12]$_DFFE_PN0P_/D
863	-0.4904	u_eI_cpu.u_eJ_core.u_eK_lsu.u_eL_lsu_ctrl.u_eM_lsu_splt_stage.dp_gt_N.vld_dfflr.qout_r	u_eI_cpu.u_eJ_core.u_eK_ifu.u_eL_ifu_ifetch.out_flag_dfflr.qout_r	u_e203_cpu.u_e203_core.u_e203_lsu.u_e203_lsu_ctrl.u_e203_lsu_splt_stage.dp_gt_0.vld_dfflr.qout_r$_DFFE_PN0P_/Q	u_e203_cpu.u_e203_core.u_e203_ifu.u_e203_ifu_ifetch.out_flag_dfflr.qout_r$_DFFE_PN0P_/D
864	-0.4901	u_eI_cpu.u_eJ_dtcm_ctrl.u_dtcm_icb_arbt.arbt_num_gt_K_gen.dp_L.u_sirv_gnrl_rspid_fifo.dp_gt_M.vld_dfflr.qout_r	u_eI_cpu.u_eJ_core.u_eK_biu.u_sirv_gnrl_icb_buffer.u_sirv_gnrl_cmd_fifo.dp_gtL.vec_M_dfflr.qout_r	u_e203_cpu.u_e203_dtcm_ctrl.u_dtcm_icb_arbt.arbt_num_gt_1_gen.dp_1.u_sirv_gnrl_rspid_fifo.dp_gt_0.vld_dfflr.qout_r$_DFFE_PN0P_/Q	u_e203_cpu.u_e203_core.u_e203_biu.u_sirv_gnrl_icb_buffer.u_sirv_gnrl_cmd_fifo.dp_gt0.vec_31_dfflr.qout_r$_DFFE_PN0P_/D
865	-0.4892	u_eI_cpu.u_eJ_core.u_eK_ifu.u_eL_ifu_ifetch.ifu_err_dfflr.qout_r	u_eI_cpu.u_eJ_core.u_eK_biu.u_biu_icb_arbt.arbt_num_gt_L_gen.dp_M.u_sirv_gnrl_rspid_fifo.dp_gt_N.vld_dfflr.qout_r	u_e203_cpu.u_e203_core.u_e203_ifu.u_e203_ifu_ifetch.ifu_err_dfflr.qout_r$_DFFE_PN0P_/Q	u_e203_cpu.u_e203_core.u_e203_biu.u_biu_icb_arbt.arbt_num_gt_1_gen.dp_1.u_sirv_gnrl_rspid_fifo.dp_gt_0.vld_dfflr.qout_r$_DFFE_PN0P_/D
866	-0.4892	u_eI_cpu.u_eJ_dtcm_ctrl.u_sram_icb_ctrl.u_sirv_Kcyc_sram_ctrl.u_eL_stage.dp_gt_M.vld_dfflr.qout_r	u_eI_cpu.u_eJ_core.u_eK_biu.u_sirv_gnrl_icb_buffer.u_sirv_gnrl_cmd_fifo.dp_gtL.vec_M_dfflr.qout_r	u_e203_cpu.u_e203_dtcm_ctrl.u_sram_icb_ctrl.u_sirv_1cyc_sram_ctrl.u_e1_stage.dp_gt_0.vld_dfflr.qout_r$_DFFE_PN0P_/Q	u_e203_cpu.u_e203_core.u_e203_biu.u_sirv_gnrl_icb_buffer.u_sirv_gnrl_cmd_fifo.dp_gt0.vec_31_dfflr.qout_r$_DFFE_PN0P_/D
867	-0.4890	u_eI_cpu.u_eJ_core.u_eK_ifu.u_eL_ifu_ifetch.ifu_lo_ir_dfflr.qout_r[M]	u_eI_cpu.u_eJ_dtcm_ctrl.u_sram_icb_ctrl.u_byp_icb_cmd_buf.u_bypbuf_fifo.dp_gtK.vec_L_dfflr.qout_r	u_e203_cpu.u_e203_core.u_e203_ifu.u_e203_ifu_ifetch.ifu_lo_ir_dfflr.qout_r[11]$_DFFE_PN0P_/Q	u_e203_cpu.u_e203_dtcm_ctrl.u_sram_icb_ctrl.u_byp_icb_cmd_buf.u_bypbuf_fifo.dp_gt0.vec_31_dfflr.qout_r$_DFFE_PN0P_/D
868	-0.4889	u_eI_cpu.u_eJ_itcm_ctrl.u_itcm_icb_arbt.arbt_num_gt_K_gen.dp_L.u_sirv_gnrl_rspid_fifo.dp_gt_M.dat_dfflr.qout_r	u_eI_cpu.u_eJ_core.u_eK_ifu.u_eL_ifu_iftMicb.leftover_dffl.qout_r[N]	u_e203_cpu.u_e203_itcm_ctrl.u_itcm_icb_arbt.arbt_num_gt_1_gen.dp_1.u_sirv_gnrl_rspid_fifo.dp_gt_0.dat_dfflr.qout_r$_DFFE_PP_/Q	u_e203_cpu.u_e203_core.u_e203_ifu.u_e203_ifu_ift2icb.leftover_dffl.qout_r[10]$_DFFE_PP_/D
869	-0.4888	u_eI_cpu.u_eJ_core.u_eK_exu.u_eL_exu_oitf.depth_gtM.alc_ptr_dfflrs.qout_r	u_eI_cpu.u_eJ_core.u_eK_biu.u_sirv_gnrl_icb_buffer.outs_cnt_dfflr.qout_r	u_e203_cpu.u_e203_core.u_e203_exu.u_e203_exu_oitf.depth_gt1.alc_ptr_dfflrs.qout_r$_DFFE_PN0P_/Q	u_e203_cpu.u_e203_core.u_e203_biu.u_sirv_gnrl_icb_buffer.outs_cnt_dfflr.qout_r$_DFFE_PN0P_/D
870	-0.4886	u_eI_cpu.u_eJ_core.u_eK_exu.u_eL_exu_oitf.depth_gtM.ret_ptr_dfflrs.qout_r	u_eI_cpu.u_eJ_core.u_eK_ifu.u_eL_ifu_iftMicb.icb_addr_N_O_dffl.qout_r[P]	u_e203_cpu.u_e203_core.u_e203_exu.u_e203_exu_oitf.depth_gt1.ret_ptr_dfflrs.qout_r$_DFFE_PN0P_/Q	u_e203_cpu.u_e203_core.u_e203_ifu.u_e203_ifu_ift2icb.icb_addr_2_1_dffl.qout_r[0]$_DFFE_PP_/D
871	-0.4886	u_eI_cpu.u_eJ_core.u_eK_lsu.u_eL_lsu_ctrl.u_eM_lsu_splt_stage.dp_gt_N.dat_dfflr.qout_r[O]	u_eI_cpu.u_eJ_core.u_eK_ifu.u_eL_ifu_ifetch.pc_newpend_dfflr.qout_r	u_e203_cpu.u_e203_core.u_e203_lsu.u_e203_lsu_ctrl.u_e203_lsu_splt_stage.dp_gt_0.dat_dfflr.qout_r[43]$_DFFE_PP_/Q	u_e203_cpu.u_e203_core.u_e203_ifu.u_e203_ifu_ifetch.pc_newpend_dfflr.qout_r$_DFFE_PN0P_/D
872	-0.4885	u_eI_cpu.u_eJ_core.u_eK_exu.u_eL_exu_oitf.depth_gtM.ret_ptr_flg_dfflrs.qout_r	u_eI_cpu.u_eJ_core.u_eK_biu.u_sirv_gnrl_icb_buffer.u_sirv_gnrl_cmd_fifo.dp_gtL.fifo_rf[M].fifo_rf_dffl.qout_r[N]	u_e203_cpu.u_e203_core.u_e203_exu.u_e203_exu_oitf.depth_gt1.ret_ptr_flg_dfflrs.qout_r$_DFFE_PN0P_/Q	u_e203_cpu.u_e203_core.u_e203_biu.u_sirv_gnrl_icb_buffer.u_sirv_gnrl_cmd_fifo.dp_gt0.fifo_rf[0].fifo_rf_dffl.qout_r[65]$_DFFE_PP_/D
873	-0.4885	u_eI_cpu.u_eJ_core.u_eK_exu.u_eL_exu_oitf.depth_gtM.ret_ptr_flg_dfflrs.qout_r	u_eI_cpu.u_eJ_core.u_eK_ifu.u_eL_ifu_ifetch.ifu_lo_ir_dfflr.qout_r[M]	u_e203_cpu.u_e203_core.u_e203_exu.u_e203_exu_oitf.depth_gt1.ret_ptr_flg_dfflrs.qout_r$_DFFE_PN0P_/Q	u_e203_cpu.u_e203_core.u_e203_ifu.u_e203_ifu_ifetch.ifu_lo_ir_dfflr.qout_r[12]$_DFFE_PN0P_/D
874	-0.4882	u_eI_cpu.u_eJ_itcm_ctrl.u_sram_icb_ctrl.u_sirv_Kcyc_sram_ctrl.u_eL_stage.dp_gt_M.vld_dfflr.qout_r	u_eI_cpu.u_eJ_core.u_eK_biu.u_biu_icb_arbt.arbt_num_gt_L_gen.dp_M.u_sirv_gnrl_rspid_fifo.dp_gt_N.vld_dfflr.qout_r	u_e203_cpu.u_e203_itcm_ctrl.u_sram_icb_ctrl.u_sirv_1cyc_sram_ctrl.u_e1_stage.dp_gt_0.vld_dfflr.qout_r$_DFFE_PN0P_/Q	u_e203_cpu.u_e203_core.u_e203_biu.u_biu_icb_arbt.arbt_num_gt_1_gen.dp_1.u_sirv_gnrl_rspid_fifo.dp_gt_0.vld_dfflr.qout_r$_DFFE_PN0P_/D
875	-0.4877	u_eI_cpu.u_eJ_core.u_eK_biu.u_biu_icb_arbt.arbt_num_gt_L_gen.dp_M.u_sirv_gnrl_rspid_fifo.dp_gt_N.vld_dfflr.qout_r	u_eI_cpu.u_eJ_core.u_eK_ifu.u_eL_ifu_ifetch.pc_newpend_dfflr.qout_r	u_e203_cpu.u_e203_core.u_e203_biu.u_biu_icb_arbt.arbt_num_gt_1_gen.dp_1.u_sirv_gnrl_rspid_fifo.dp_gt_0.vld_dfflr.qout_r$_DFFE_PN0P_/Q	u_e203_cpu.u_e203_core.u_e203_ifu.u_e203_ifu_ifetch.pc_newpend_dfflr.qout_r$_DFFE_PN0P_/D
876	-0.4874	u_eI_cpu.u_eJ_core.u_eK_exu.u_eL_exu_oitf.depth_gtM.alc_ptr_flg_dfflrs.qout_r	u_eI_cpu.u_eJ_core.u_eK_biu.u_sirv_gnrl_icb_buffer.u_sirv_gnrl_cmd_fifo.dp_gtL.vec_M_dfflr.qout_r	u_e203_cpu.u_e203_core.u_e203_exu.u_e203_exu_oitf.depth_gt1.alc_ptr_flg_dfflrs.qout_r$_DFFE_PN0P_/Q	u_e203_cpu.u_e203_core.u_e203_biu.u_sirv_gnrl_icb_buffer.u_sirv_gnrl_cmd_fifo.dp_gt0.vec_31_dfflr.qout_r$_DFFE_PN0P_/D
877	-0.4873	u_eI_cpu.u_eJ_itcm_ctrl.u_itcm_icb_arbt.arbt_num_gt_K_gen.dp_L.u_sirv_gnrl_rspid_fifo.dp_gt_M.dat_dfflr.qout_r	u_eI_cpu.u_eJ_core.u_eK_ifu.u_eL_ifu_ifetch.ifu_hi_ir_dfflr.qout_r[M]	u_e203_cpu.u_e203_itcm_ctrl.u_itcm_icb_arbt.arbt_num_gt_1_gen.dp_1.u_sirv_gnrl_rspid_fifo.dp_gt_0.dat_dfflr.qout_r$_DFFE_PP_/Q	u_e203_cpu.u_e203_core.u_e203_ifu.u_e203_ifu_ifetch.ifu_hi_ir_dfflr.qout_r[10]$_DFFE_PN0P_/D
878	-0.4870	u_eI_cpu.u_eJ_core.u_eK_exu.u_eL_exu_csr.mie_dfflr.qout_r[M]	u_eI_cpu.u_eJ_core.u_eK_ifu.u_eL_ifu_ifetch.pc_dfflr.qout_r[M]	u_e203_cpu.u_e203_core.u_e203_exu.u_e203_exu_csr.mie_dfflr.qout_r[7]$_DFFE_PN0P_/Q	u_e203_cpu.u_e203_core.u_e203_ifu.u_e203_ifu_ifetch.pc_dfflr.qout_r[10]$_DFFE_PN0P_/D
879	-0.4869	u_eI_cpu.u_eJ_core.u_eK_biu.u_sirv_gnrl_icb_buffer.u_sirv_gnrl_rsp_fifo.dp_gtL.vec_M_dfflr.qout_r	u_eI_cpu.u_eJ_core.u_eK_ifu.u_eL_ifu_ifetch.pc_newpend_dfflr.qout_r	u_e203_cpu.u_e203_core.u_e203_biu.u_sirv_gnrl_icb_buffer.u_sirv_gnrl_rsp_fifo.dp_gt0.vec_31_dfflr.qout_r$_DFFE_PN0P_/Q	u_e203_cpu.u_e203_core.u_e203_ifu.u_e203_ifu_ifetch.pc_newpend_dfflr.qout_r$_DFFE_PN0P_/D
880	-0.4858	u_eI_cpu.u_eJ_core.u_eK_exu.u_eL_exu_alu.u_eM_exu_alu_muldiv.muldiv_state_dfflr.qout_r[N]	cmt_dcause_ena	u_e203_cpu.u_e203_core.u_e203_exu.u_e203_exu_alu.u_e203_exu_alu_muldiv.muldiv_state_dfflr.qout_r[1]$_DFFE_PN0P_/Q	cmt_dcause_ena
881	-0.4857	u_eI_cpu.u_eJ_itcm_ctrl.u_itcm_icb_arbt.arbt_num_gt_K_gen.dp_L.u_sirv_gnrl_rspid_fifo.dp_gt_M.dat_dfflr.qout_r	u_eI_cpu.u_eJ_core.u_eK_ifu.u_eL_ifu_ifetch.ir_rsMidx_dfflr.qout_r[N]	u_e203_cpu.u_e203_itcm_ctrl.u_itcm_icb_arbt.arbt_num_gt_1_gen.dp_1.u_sirv_gnrl_rspid_fifo.dp_gt_0.dat_dfflr.qout_r$_DFFE_PP_/Q	u_e203_cpu.u_e203_core.u_e203_ifu.u_e203_ifu_ifetch.ir_rs2idx_dfflr.qout_r[4]$_DFFE_PN0P_/D
882	-0.4856	u_eI_cpu.u_eJ_core.u_eK_exu.u_eL_exu_oitf.depth_gtM.ret_ptr_flg_dfflrs.qout_r	u_eI_cpu.u_eJ_core.u_eK_biu.u_sirv_gnrl_icb_buffer.u_sirv_gnrl_cmd_fifo.dp_gtL.vec_M_dfflr.qout_r	u_e203_cpu.u_e203_core.u_e203_exu.u_e203_exu_oitf.depth_gt1.ret_ptr_flg_dfflrs.qout_r$_DFFE_PN0P_/Q	u_e203_cpu.u_e203_core.u_e203_biu.u_sirv_gnrl_icb_buffer.u_sirv_gnrl_cmd_fifo.dp_gt0.vec_31_dfflr.qout_r$_DFFE_PN0P_/D
883	-0.4850	u_eI_cpu.u_eJ_core.u_eK_ifu.u_eL_ifu_ifetch.ifu_err_dfflr.qout_r	u_eI_cpu.u_eJ_core.u_eK_ifu.u_eL_ifu_iftMicb.icbNmem_dfflr.qout_r	u_e203_cpu.u_e203_core.u_e203_ifu.u_e203_ifu_ifetch.ifu_err_dfflr.qout_r$_DFFE_PN0P_/Q	u_e203_cpu.u_e203_core.u_e203_ifu.u_e203_ifu_ift2icb.icb2mem_dfflr.qout_r$_DFFE_PN0P_/D
884	-0.4849	u_eI_cpu.u_eJ_core.u_eK_exu.u_eL_exu_oitf.depth_gtM.ret_ptr_dfflrs.qout_r	u_eI_cpu.u_eJ_itcm_ctrl.u_sram_icb_ctrl.u_byp_icb_cmd_buf.u_bypbuf_fifo.dp_gtK.fifo_rf[L].fifo_rf_dffl.qout_r[M]	u_e203_cpu.u_e203_core.u_e203_exu.u_e203_exu_oitf.depth_gt1.ret_ptr_dfflrs.qout_r$_DFFE_PN0P_/Q	u_e203_cpu.u_e203_itcm_ctrl.u_sram_icb_ctrl.u_byp_icb_cmd_buf.u_bypbuf_fifo.dp_gt0.fifo_rf[0].fifo_rf_dffl.qout_r[2]$_DFFE_PP_/D
885	-0.4849	u_eI_cpu.u_eJ_dtcm_ctrl.u_dtcm_icb_arbt.arbt_num_gt_K_gen.dp_L.u_sirv_gnrl_rspid_fifo.dp_gt_M.vld_dfflr.qout_r	u_eI_cpu.u_eJ_core.u_eK_ifu.u_eL_ifu_iftMicb.icb_addr_N_O_dffl.qout_r[P]	u_e203_cpu.u_e203_dtcm_ctrl.u_dtcm_icb_arbt.arbt_num_gt_1_gen.dp_1.u_sirv_gnrl_rspid_fifo.dp_gt_0.vld_dfflr.qout_r$_DFFE_PN0P_/Q	u_e203_cpu.u_e203_core.u_e203_ifu.u_e203_ifu_ift2icb.icb_addr_2_1_dffl.qout_r[0]$_DFFE_PP_/D
886	-0.4848	u_eI_cpu.u_eJ_core.u_eK_ifu.u_eL_ifu_ifetch.ir_rsMidx_dfflr.qout_r[N]	u_eI_cpu.u_eJ_dtcm_ctrl.u_sram_icb_ctrl.u_byp_icb_cmd_buf.u_bypbuf_fifo.dp_gtK.vec_L_dfflrs.qout_r	u_e203_cpu.u_e203_core.u_e203_ifu.u_e203_ifu_ifetch.ir_rs2idx_dfflr.qout_r[1]$_DFFE_PN0P_/QN	u_e203_cpu.u_e203_dtcm_ctrl.u_sram_icb_ctrl.u_byp_icb_cmd_buf.u_bypbuf_fifo.dp_gt0.vec_0_dfflrs.qout_r$_DFFE_PN1P_/D
887	-0.4844	u_eI_cpu.u_eJ_core.u_eK_exu.u_eL_exu_oitf.depth_gtM.ret_ptr_dfflrs.qout_r	u_eI_cpu.u_eJ_core.u_eK_ifu.u_eL_ifu_iftMicb.icb_state_dfflr.qout_r[N]	u_e203_cpu.u_e203_core.u_e203_exu.u_e203_exu_oitf.depth_gt1.ret_ptr_dfflrs.qout_r$_DFFE_PN0P_/Q	u_e203_cpu.u_e203_core.u_e203_ifu.u_e203_ifu_ift2icb.icb_state_dfflr.qout_r[1]$_DFFE_PN0P_/D
888	-0.4844	u_eI_cpu.u_eJ_core.u_eK_biu.u_biu_icb_arbt.arbt_num_gt_L_gen.dp_M.u_sirv_gnrl_rspid_fifo.dp_gt_N.dat_dfflr.qout_r	u_eI_cpu.u_eJ_core.u_eK_ifu.u_eL_ifu_iftMicb.leftover_dffl.qout_r[N]	u_e203_cpu.u_e203_core.u_e203_biu.u_biu_icb_arbt.arbt_num_gt_1_gen.dp_1.u_sirv_gnrl_rspid_fifo.dp_gt_0.dat_dfflr.qout_r$_DFFE_PP_/Q	u_e203_cpu.u_e203_core.u_e203_ifu.u_e203_ifu_ift2icb.leftover_dffl.qout_r[10]$_DFFE_PP_/D
889	-0.4842	u_eI_cpu.u_eJ_itcm_ctrl.u_itcm_icb_arbt.arbt_num_gt_K_gen.dp_L.u_sirv_gnrl_rspid_fifo.dp_gt_M.vld_dfflr.qout_r	u_eI_cpu.u_eJ_core.u_eK_biu.u_sirv_gnrl_icb_buffer.outs_cnt_dfflr.qout_r	u_e203_cpu.u_e203_itcm_ctrl.u_itcm_icb_arbt.arbt_num_gt_1_gen.dp_1.u_sirv_gnrl_rspid_fifo.dp_gt_0.vld_dfflr.qout_r$_DFFE_PN0P_/Q	u_e203_cpu.u_e203_core.u_e203_biu.u_sirv_gnrl_icb_buffer.outs_cnt_dfflr.qout_r$_DFFE_PN0P_/D
890	-0.4840	u_eI_cpu.u_eJ_dtcm_ctrl.u_sram_icb_ctrl.u_sirv_Kcyc_sram_ctrl.u_eL_stage.dp_gt_M.vld_dfflr.qout_r	u_eI_cpu.u_eJ_core.u_eK_ifu.u_eL_ifu_iftMicb.icb_addr_N_O_dffl.qout_r[P]	u_e203_cpu.u_e203_dtcm_ctrl.u_sram_icb_ctrl.u_sirv_1cyc_sram_ctrl.u_e1_stage.dp_gt_0.vld_dfflr.qout_r$_DFFE_PN0P_/Q	u_e203_cpu.u_e203_core.u_e203_ifu.u_e203_ifu_ift2icb.icb_addr_2_1_dffl.qout_r[0]$_DFFE_PP_/D
891	-0.4840	u_eI_cpu.u_eJ_itcm_ctrl.u_sram_icb_ctrl.u_sirv_Kcyc_sram_ctrl.u_eL_stage.dp_gt_M.vld_dfflr.qout_r	u_eI_cpu.u_eJ_core.u_eK_ifu.u_eL_ifu_iftMicb.icbNmem_dfflr.qout_r	u_e203_cpu.u_e203_itcm_ctrl.u_sram_icb_ctrl.u_sirv_1cyc_sram_ctrl.u_e1_stage.dp_gt_0.vld_dfflr.qout_r$_DFFE_PN0P_/Q	u_e203_cpu.u_e203_core.u_e203_ifu.u_e203_ifu_ift2icb.icb2mem_dfflr.qout_r$_DFFE_PN0P_/D
892	-0.4839	u_eI_cpu.u_eJ_core.u_eK_ifu.u_eL_ifu_ifetch.ifu_lo_ir_dfflr.qout_r[M]	u_eI_cpu.u_eJ_core.u_eK_lsu.u_eL_lsu_ctrl.u_eM_lsu_splt_stage.dp_gt_N.dat_dfflr.qout_r[O]	u_e203_cpu.u_e203_core.u_e203_ifu.u_e203_ifu_ifetch.ifu_lo_ir_dfflr.qout_r[11]$_DFFE_PN0P_/Q	u_e203_cpu.u_e203_core.u_e203_lsu.u_e203_lsu_ctrl.u_e203_lsu_splt_stage.dp_gt_0.dat_dfflr.qout_r[39]$_DFFE_PP_/D
893	-0.4837	u_eI_cpu.u_eJ_core.u_eK_exu.u_eL_exu_alu.u_eM_exu_alu_lsuagu.icb_state_dfflr.qout_r[N]	u_eI_cpu.u_eJ_core.u_eK_ifu.u_eL_ifu_iftMicb.u_eN_ifetch_rsp_bypbuf.u_bypbuf_fifo.dp_gtO.fifo_rf[P].fifo_rf_dffl.qout_r[Q]	u_e203_cpu.u_e203_core.u_e203_exu.u_e203_exu_alu.u_e203_exu_alu_lsuagu.icb_state_dfflr.qout_r[0]$_DFFE_PN0P_/Q	u_e203_cpu.u_e203_core.u_e203_ifu.u_e203_ifu_ift2icb.u_e203_ifetch_rsp_bypbuf.u_bypbuf_fifo.dp_gt0.fifo_rf[0].fifo_rf_dffl.qout_r[30]$_DFFE_PP_/D
894	-0.4836	u_eI_cpu.u_eJ_itcm_ctrl.u_itcm_icb_arbt.arbt_num_gt_K_gen.dp_L.u_sirv_gnrl_rspid_fifo.dp_gt_M.dat_dfflr.qout_r	u_eI_cpu.u_eJ_core.u_eK_biu.u_sirv_gnrl_icb_buffer.u_sirv_gnrl_cmd_fifo.dp_gtL.fifo_rf[M].fifo_rf_dffl.qout_r[N]	u_e203_cpu.u_e203_itcm_ctrl.u_itcm_icb_arbt.arbt_num_gt_1_gen.dp_1.u_sirv_gnrl_rspid_fifo.dp_gt_0.dat_dfflr.qout_r$_DFFE_PP_/Q	u_e203_cpu.u_e203_core.u_e203_biu.u_sirv_gnrl_icb_buffer.u_sirv_gnrl_cmd_fifo.dp_gt0.fifo_rf[0].fifo_rf_dffl.qout_r[65]$_DFFE_PP_/D
895	-0.4836	u_eI_cpu.u_eJ_itcm_ctrl.u_itcm_icb_arbt.arbt_num_gt_K_gen.dp_L.u_sirv_gnrl_rspid_fifo.dp_gt_M.dat_dfflr.qout_r	u_eI_cpu.u_eJ_core.u_eK_ifu.u_eL_ifu_ifetch.ifu_lo_ir_dfflr.qout_r[M]	u_e203_cpu.u_e203_itcm_ctrl.u_itcm_icb_arbt.arbt_num_gt_1_gen.dp_1.u_sirv_gnrl_rspid_fifo.dp_gt_0.dat_dfflr.qout_r$_DFFE_PP_/Q	u_e203_cpu.u_e203_core.u_e203_ifu.u_e203_ifu_ifetch.ifu_lo_ir_dfflr.qout_r[12]$_DFFE_PN0P_/D
896	-0.4828	u_eI_cpu.u_eJ_core.u_eK_biu.u_biu_icb_arbt.arbt_num_gt_L_gen.dp_M.u_sirv_gnrl_rspid_fifo.dp_gt_N.dat_dfflr.qout_r	u_eI_cpu.u_eJ_core.u_eK_ifu.u_eL_ifu_ifetch.ifu_hi_ir_dfflr.qout_r[M]	u_e203_cpu.u_e203_core.u_e203_biu.u_biu_icb_arbt.arbt_num_gt_1_gen.dp_1.u_sirv_gnrl_rspid_fifo.dp_gt_0.dat_dfflr.qout_r$_DFFE_PP_/Q	u_e203_cpu.u_e203_core.u_e203_ifu.u_e203_ifu_ifetch.ifu_hi_ir_dfflr.qout_r[10]$_DFFE_PN0P_/D
897	-0.4822	u_eI_cpu.u_eJ_core.u_eK_exu.u_eL_exu_oitf.depth_gtM.alc_ptr_flg_dfflrs.qout_r	u_eI_cpu.u_eJ_core.u_eK_ifu.u_eL_ifu_iftMicb.icb_addr_N_O_dffl.qout_r[P]	u_e203_cpu.u_e203_core.u_e203_exu.u_e203_exu_oitf.depth_gt1.alc_ptr_flg_dfflrs.qout_r$_DFFE_PN0P_/Q	u_e203_cpu.u_e203_core.u_e203_ifu.u_e203_ifu_ift2icb.icb_addr_2_1_dffl.qout_r[0]$_DFFE_PP_/D
898	-0.4820	u_eI_cpu.u_eJ_core.u_eK_ifu.u_eL_ifu_ifetch.ifu_lo_ir_dfflr.qout_r[M]	u_eI_cpu.u_eJ_itcm_ctrl.u_itcm_icb_arbt.arbt_num_gt_K_gen.dp_L.u_sirv_gnrl_rspid_fifo.dp_gt_M.dat_dfflr.qout_r	u_e203_cpu.u_e203_core.u_e203_ifu.u_e203_ifu_ifetch.ifu_lo_ir_dfflr.qout_r[11]$_DFFE_PN0P_/Q	u_e203_cpu.u_e203_itcm_ctrl.u_itcm_icb_arbt.arbt_num_gt_1_gen.dp_1.u_sirv_gnrl_rspid_fifo.dp_gt_0.dat_dfflr.qout_r$_DFFE_PP_/D
899	-0.4817	u_eI_cpu.u_eJ_core.u_eK_exu.u_eL_exu_oitf.depth_gtM.alc_ptr_dfflrs.qout_r	u_eI_cpu.u_eJ_core.u_eK_ifu.u_eL_ifu_iftMicb.u_eN_ifetch_rsp_bypbuf.u_bypbuf_fifo.dp_gtO.fifo_rf[P].fifo_rf_dffl.qout_r[Q]	u_e203_cpu.u_e203_core.u_e203_exu.u_e203_exu_oitf.depth_gt1.alc_ptr_dfflrs.qout_r$_DFFE_PN0P_/Q	u_e203_cpu.u_e203_core.u_e203_ifu.u_e203_ifu_ift2icb.u_e203_ifetch_rsp_bypbuf.u_bypbuf_fifo.dp_gt0.fifo_rf[0].fifo_rf_dffl.qout_r[30]$_DFFE_PP_/D
900	-0.4812	u_eI_cpu.u_eJ_core.u_eK_biu.u_biu_icb_arbt.arbt_num_gt_L_gen.dp_M.u_sirv_gnrl_rspid_fifo.dp_gt_N.dat_dfflr.qout_r	u_eI_cpu.u_eJ_core.u_eK_ifu.u_eL_ifu_ifetch.ir_rsMidx_dfflr.qout_r[N]	u_e203_cpu.u_e203_core.u_e203_biu.u_biu_icb_arbt.arbt_num_gt_1_gen.dp_1.u_sirv_gnrl_rspid_fifo.dp_gt_0.dat_dfflr.qout_r$_DFFE_PP_/Q	u_e203_cpu.u_e203_core.u_e203_ifu.u_e203_ifu_ifetch.ir_rs2idx_dfflr.qout_r[4]$_DFFE_PN0P_/D
901	-0.4811	u_eI_cpu.u_eJ_dtcm_ctrl.u_dtcm_icb_arbt.arbt_num_gt_K_gen.dp_L.u_sirv_gnrl_rspid_fifo.dp_gt_M.vld_dfflr.qout_r	u_eI_cpu.u_eJ_itcm_ctrl.u_sram_icb_ctrl.u_byp_icb_cmd_buf.u_bypbuf_fifo.dp_gtK.fifo_rf[L].fifo_rf_dffl.qout_r[M]	u_e203_cpu.u_e203_dtcm_ctrl.u_dtcm_icb_arbt.arbt_num_gt_1_gen.dp_1.u_sirv_gnrl_rspid_fifo.dp_gt_0.vld_dfflr.qout_r$_DFFE_PN0P_/Q	u_e203_cpu.u_e203_itcm_ctrl.u_sram_icb_ctrl.u_byp_icb_cmd_buf.u_bypbuf_fifo.dp_gt0.fifo_rf[0].fifo_rf_dffl.qout_r[2]$_DFFE_PP_/D
902	-0.4808	u_eI_cpu.u_eJ_core.u_eK_lsu.u_eL_lsu_ctrl.u_eM_lsu_splt_stage.dp_gt_N.dat_dfflr.qout_r[O]	u_eI_cpu.u_eJ_core.u_eK_biu.u_sirv_gnrl_icb_buffer.outs_cnt_dfflr.qout_r	u_e203_cpu.u_e203_core.u_e203_lsu.u_e203_lsu_ctrl.u_e203_lsu_splt_stage.dp_gt_0.dat_dfflr.qout_r[43]$_DFFE_PP_/Q	u_e203_cpu.u_e203_core.u_e203_biu.u_sirv_gnrl_icb_buffer.outs_cnt_dfflr.qout_r$_DFFE_PN0P_/D
903	-0.4806	u_eI_cpu.u_eJ_dtcm_ctrl.u_dtcm_icb_arbt.arbt_num_gt_K_gen.dp_L.u_sirv_gnrl_rspid_fifo.dp_gt_M.vld_dfflr.qout_r	u_eI_cpu.u_eJ_core.u_eK_ifu.u_eL_ifu_iftMicb.icb_state_dfflr.qout_r[N]	u_e203_cpu.u_e203_dtcm_ctrl.u_dtcm_icb_arbt.arbt_num_gt_1_gen.dp_1.u_sirv_gnrl_rspid_fifo.dp_gt_0.vld_dfflr.qout_r$_DFFE_PN0P_/Q	u_e203_cpu.u_e203_core.u_e203_ifu.u_e203_ifu_ift2icb.icb_state_dfflr.qout_r[1]$_DFFE_PN0P_/D
904	-0.4806	u_eI_cpu.u_eJ_itcm_ctrl.u_itcm_icb_arbt.arbt_num_gt_K_gen.dp_L.u_sirv_gnrl_rspid_fifo.dp_gt_M.dat_dfflr.qout_r	u_eI_cpu.u_eJ_core.u_eK_biu.u_sirv_gnrl_icb_buffer.u_sirv_gnrl_cmd_fifo.dp_gtL.vec_M_dfflr.qout_r	u_e203_cpu.u_e203_itcm_ctrl.u_itcm_icb_arbt.arbt_num_gt_1_gen.dp_1.u_sirv_gnrl_rspid_fifo.dp_gt_0.dat_dfflr.qout_r$_DFFE_PP_/Q	u_e203_cpu.u_e203_core.u_e203_biu.u_sirv_gnrl_icb_buffer.u_sirv_gnrl_cmd_fifo.dp_gt0.vec_31_dfflr.qout_r$_DFFE_PN0P_/D
905	-0.4803	u_eI_cpu.u_eJ_core.u_eK_exu.u_eL_exu_oitf.depth_gtM.ret_ptr_flg_dfflrs.qout_r	u_eI_cpu.u_eJ_core.u_eK_ifu.u_eL_ifu_iftMicb.icb_addr_N_O_dffl.qout_r[P]	u_e203_cpu.u_e203_core.u_e203_exu.u_e203_exu_oitf.depth_gt1.ret_ptr_flg_dfflrs.qout_r$_DFFE_PN0P_/Q	u_e203_cpu.u_e203_core.u_e203_ifu.u_e203_ifu_ift2icb.icb_addr_2_1_dffl.qout_r[0]$_DFFE_PP_/D
906	-0.4802	u_eI_cpu.u_eJ_dtcm_ctrl.u_sram_icb_ctrl.u_sirv_Kcyc_sram_ctrl.u_eL_stage.dp_gt_M.vld_dfflr.qout_r	u_eI_cpu.u_eJ_itcm_ctrl.u_sram_icb_ctrl.u_byp_icb_cmd_buf.u_bypbuf_fifo.dp_gtK.fifo_rf[L].fifo_rf_dffl.qout_r[M]	u_e203_cpu.u_e203_dtcm_ctrl.u_sram_icb_ctrl.u_sirv_1cyc_sram_ctrl.u_e1_stage.dp_gt_0.vld_dfflr.qout_r$_DFFE_PN0P_/Q	u_e203_cpu.u_e203_itcm_ctrl.u_sram_icb_ctrl.u_byp_icb_cmd_buf.u_bypbuf_fifo.dp_gt0.fifo_rf[0].fifo_rf_dffl.qout_r[2]$_DFFE_PP_/D
907	-0.4800	u_eI_cpu.u_eJ_core.u_eK_ifu.u_eL_ifu_ifetch.ifu_err_dfflr.qout_r	u_eI_cpu.u_eJ_core.u_eK_ifu.u_eL_ifu_ifetch.out_flag_dfflr.qout_r	u_e203_cpu.u_e203_core.u_e203_ifu.u_e203_ifu_ifetch.ifu_err_dfflr.qout_r$_DFFE_PN0P_/Q	u_e203_cpu.u_e203_core.u_e203_ifu.u_e203_ifu_ifetch.out_flag_dfflr.qout_r$_DFFE_PN0P_/D
908	-0.4799	u_eI_cpu.u_eJ_core.u_eK_biu.u_biu_icb_arbt.arbt_num_gt_L_gen.dp_M.u_sirv_gnrl_rspid_fifo.dp_gt_N.vld_dfflr.qout_r	u_eI_cpu.u_eJ_core.u_eK_biu.u_sirv_gnrl_icb_buffer.outs_cnt_dfflr.qout_r	u_e203_cpu.u_e203_core.u_e203_biu.u_biu_icb_arbt.arbt_num_gt_1_gen.dp_1.u_sirv_gnrl_rspid_fifo.dp_gt_0.vld_dfflr.qout_r$_DFFE_PN0P_/Q	u_e203_cpu.u_e203_core.u_e203_biu.u_sirv_gnrl_icb_buffer.outs_cnt_dfflr.qout_r$_DFFE_PN0P_/D
909	-0.4797	u_eI_cpu.u_eJ_dtcm_ctrl.u_sram_icb_ctrl.u_sirv_Kcyc_sram_ctrl.u_eL_stage.dp_gt_M.vld_dfflr.qout_r	u_eI_cpu.u_eJ_core.u_eK_ifu.u_eL_ifu_iftMicb.icb_state_dfflr.qout_r[N]	u_e203_cpu.u_e203_dtcm_ctrl.u_sram_icb_ctrl.u_sirv_1cyc_sram_ctrl.u_e1_stage.dp_gt_0.vld_dfflr.qout_r$_DFFE_PN0P_/Q	u_e203_cpu.u_e203_core.u_e203_ifu.u_e203_ifu_ift2icb.icb_state_dfflr.qout_r[1]$_DFFE_PN0P_/D
910	-0.4796	u_eI_cpu.u_eJ_core.u_eK_exu.u_eL_exu_regfile.regfile[M].rfnoN.rf_dffl.qout_r[O]	u_eI_cpu.u_eJ_core.u_eK_ifu.u_eL_ifu_iftMicb.leftover_dffl.qout_r[N]	u_e203_cpu.u_e203_core.u_e203_exu.u_e203_exu_regfile.regfile[6].rfno0.rf_dffl.qout_r[31]$_DFFE_PP_/Q	u_e203_cpu.u_e203_core.u_e203_ifu.u_e203_ifu_ift2icb.leftover_dffl.qout_r[10]$_DFFE_PP_/D
911	-0.4791	u_eI_cpu.u_eJ_core.u_eK_biu.u_sirv_gnrl_icb_buffer.u_sirv_gnrl_rsp_fifo.dp_gtL.vec_M_dfflr.qout_r	u_eI_cpu.u_eJ_core.u_eK_biu.u_sirv_gnrl_icb_buffer.outs_cnt_dfflr.qout_r	u_e203_cpu.u_e203_core.u_e203_biu.u_sirv_gnrl_icb_buffer.u_sirv_gnrl_rsp_fifo.dp_gt0.vec_31_dfflr.qout_r$_DFFE_PN0P_/Q	u_e203_cpu.u_e203_core.u_e203_biu.u_sirv_gnrl_icb_buffer.outs_cnt_dfflr.qout_r$_DFFE_PN0P_/D
912	-0.4791	u_eI_cpu.u_eJ_core.u_eK_biu.u_biu_icb_arbt.arbt_num_gt_L_gen.dp_M.u_sirv_gnrl_rspid_fifo.dp_gt_N.dat_dfflr.qout_r	u_eI_cpu.u_eJ_core.u_eK_biu.u_sirv_gnrl_icb_buffer.u_sirv_gnrl_cmd_fifo.dp_gtL.fifo_rf[M].fifo_rf_dffl.qout_r[N]	u_e203_cpu.u_e203_core.u_e203_biu.u_biu_icb_arbt.arbt_num_gt_1_gen.dp_1.u_sirv_gnrl_rspid_fifo.dp_gt_0.dat_dfflr.qout_r$_DFFE_PP_/Q	u_e203_cpu.u_e203_core.u_e203_biu.u_sirv_gnrl_icb_buffer.u_sirv_gnrl_cmd_fifo.dp_gt0.fifo_rf[0].fifo_rf_dffl.qout_r[65]$_DFFE_PP_/D
913	-0.4791	u_eI_cpu.u_eJ_core.u_eK_biu.u_biu_icb_arbt.arbt_num_gt_L_gen.dp_M.u_sirv_gnrl_rspid_fifo.dp_gt_N.dat_dfflr.qout_r	u_eI_cpu.u_eJ_core.u_eK_ifu.u_eL_ifu_ifetch.ifu_lo_ir_dfflr.qout_r[M]	u_e203_cpu.u_e203_core.u_e203_biu.u_biu_icb_arbt.arbt_num_gt_1_gen.dp_1.u_sirv_gnrl_rspid_fifo.dp_gt_0.dat_dfflr.qout_r$_DFFE_PP_/Q	u_e203_cpu.u_e203_core.u_e203_ifu.u_e203_ifu_ifetch.ifu_lo_ir_dfflr.qout_r[12]$_DFFE_PN0P_/D
914	-0.4791	u_eI_cpu.u_eJ_core.u_eK_exu.u_eL_exu_oitf.depth_gtM.ret_ptr_dfflrs.qout_r	u_eI_cpu.u_eJ_core.u_eK_ifu.u_eL_ifu_ifetch.pc_newpend_dfflr.qout_r	u_e203_cpu.u_e203_core.u_e203_exu.u_e203_exu_oitf.depth_gt1.ret_ptr_dfflrs.qout_r$_DFFE_PN0P_/Q	u_e203_cpu.u_e203_core.u_e203_ifu.u_e203_ifu_ifetch.pc_newpend_dfflr.qout_r$_DFFE_PN0P_/D
915	-0.4789	u_eI_cpu.u_eJ_itcm_ctrl.u_sram_icb_ctrl.u_sirv_Kcyc_sram_ctrl.u_eL_stage.dp_gt_M.vld_dfflr.qout_r	u_eI_cpu.u_eJ_core.u_eK_ifu.u_eL_ifu_ifetch.out_flag_dfflr.qout_r	u_e203_cpu.u_e203_itcm_ctrl.u_sram_icb_ctrl.u_sirv_1cyc_sram_ctrl.u_e1_stage.dp_gt_0.vld_dfflr.qout_r$_DFFE_PN0P_/Q	u_e203_cpu.u_e203_core.u_e203_ifu.u_e203_ifu_ifetch.out_flag_dfflr.qout_r$_DFFE_PN0P_/D
916	-0.4784	u_eI_cpu.u_eJ_core.u_eK_exu.u_eL_exu_oitf.depth_gtM.alc_ptr_flg_dfflrs.qout_r	u_eI_cpu.u_eJ_itcm_ctrl.u_sram_icb_ctrl.u_byp_icb_cmd_buf.u_bypbuf_fifo.dp_gtK.fifo_rf[L].fifo_rf_dffl.qout_r[M]	u_e203_cpu.u_e203_core.u_e203_exu.u_e203_exu_oitf.depth_gt1.alc_ptr_flg_dfflrs.qout_r$_DFFE_PN0P_/Q	u_e203_cpu.u_e203_itcm_ctrl.u_sram_icb_ctrl.u_byp_icb_cmd_buf.u_bypbuf_fifo.dp_gt0.fifo_rf[0].fifo_rf_dffl.qout_r[2]$_DFFE_PP_/D
917	-0.4780	u_eI_cpu.u_eJ_core.u_eK_exu.u_eL_exu_regfile.regfile[M].rfnoN.rf_dffl.qout_r[O]	u_eI_cpu.u_eJ_core.u_eK_ifu.u_eL_ifu_ifetch.ifu_hi_ir_dfflr.qout_r[M]	u_e203_cpu.u_e203_core.u_e203_exu.u_e203_exu_regfile.regfile[6].rfno0.rf_dffl.qout_r[31]$_DFFE_PP_/Q	u_e203_cpu.u_e203_core.u_e203_ifu.u_e203_ifu_ifetch.ifu_hi_ir_dfflr.qout_r[10]$_DFFE_PN0P_/D
918	-0.4780	u_eI_cpu.u_eJ_core.u_eK_exu.u_eL_exu_oitf.depth_gtM.alc_ptr_flg_dfflrs.qout_r	u_eI_cpu.u_eJ_core.u_eK_ifu.u_eL_ifu_iftMicb.icb_state_dfflr.qout_r[N]	u_e203_cpu.u_e203_core.u_e203_exu.u_e203_exu_oitf.depth_gt1.alc_ptr_flg_dfflrs.qout_r$_DFFE_PN0P_/Q	u_e203_cpu.u_e203_core.u_e203_ifu.u_e203_ifu_ift2icb.icb_state_dfflr.qout_r[1]$_DFFE_PN0P_/D
919	-0.4775	u_eI_cpu.u_eJ_core.u_eK_lsu.u_eL_lsu_ctrl.u_eM_lsu_splt_stage.dp_gt_N.vld_dfflr.qout_r	u_eI_cpu.u_eJ_core.u_eK_ifu.u_eL_ifu_iftMicb.u_eN_ifetch_rsp_bypbuf.u_bypbuf_fifo.dp_gtO.vec_P_dfflrs.qout_r	u_e203_cpu.u_e203_core.u_e203_lsu.u_e203_lsu_ctrl.u_e203_lsu_splt_stage.dp_gt_0.vld_dfflr.qout_r$_DFFE_PN0P_/Q	u_e203_cpu.u_e203_core.u_e203_ifu.u_e203_ifu_ift2icb.u_e203_ifetch_rsp_bypbuf.u_bypbuf_fifo.dp_gt0.vec_0_dfflrs.qout_r$_DFFE_PN1P_/D
920	-0.4774	u_eI_cpu.u_eJ_core.u_eK_exu.u_eL_exu_alu.u_eM_exu_alu_lsuagu.icb_state_dfflr.qout_r[N]	u_eI_cpu.u_eJ_core.u_eK_biu.u_sirv_gnrl_icb_buffer.u_sirv_gnrl_cmd_fifo.dp_gtL.vec_M_dfflrs.qout_r	u_e203_cpu.u_e203_core.u_e203_exu.u_e203_exu_alu.u_e203_exu_alu_lsuagu.icb_state_dfflr.qout_r[0]$_DFFE_PN0P_/Q	u_e203_cpu.u_e203_core.u_e203_biu.u_sirv_gnrl_icb_buffer.u_sirv_gnrl_cmd_fifo.dp_gt0.vec_0_dfflrs.qout_r$_DFFE_PN1P_/D
921	-0.4771	u_eI_cpu.u_eJ_itcm_ctrl.u_itcm_icb_arbt.arbt_num_gt_K_gen.dp_L.u_sirv_gnrl_rspid_fifo.dp_gt_M.vld_dfflr.qout_r	u_eI_cpu.u_eJ_core.u_eK_ifu.u_eL_ifu_iftMicb.u_eN_ifetch_rsp_bypbuf.u_bypbuf_fifo.dp_gtO.fifo_rf[P].fifo_rf_dffl.qout_r[Q]	u_e203_cpu.u_e203_itcm_ctrl.u_itcm_icb_arbt.arbt_num_gt_1_gen.dp_1.u_sirv_gnrl_rspid_fifo.dp_gt_0.vld_dfflr.qout_r$_DFFE_PN0P_/Q	u_e203_cpu.u_e203_core.u_e203_ifu.u_e203_ifu_ift2icb.u_e203_ifetch_rsp_bypbuf.u_bypbuf_fifo.dp_gt0.fifo_rf[0].fifo_rf_dffl.qout_r[30]$_DFFE_PP_/D
922	-0.4766	u_eI_cpu.u_eJ_core.u_eK_exu.u_eL_exu_oitf.depth_gtM.ret_ptr_flg_dfflrs.qout_r	u_eI_cpu.u_eJ_itcm_ctrl.u_sram_icb_ctrl.u_byp_icb_cmd_buf.u_bypbuf_fifo.dp_gtK.fifo_rf[L].fifo_rf_dffl.qout_r[M]	u_e203_cpu.u_e203_core.u_e203_exu.u_e203_exu_oitf.depth_gt1.ret_ptr_flg_dfflrs.qout_r$_DFFE_PN0P_/Q	u_e203_cpu.u_e203_itcm_ctrl.u_sram_icb_ctrl.u_byp_icb_cmd_buf.u_bypbuf_fifo.dp_gt0.fifo_rf[0].fifo_rf_dffl.qout_r[2]$_DFFE_PP_/D
923	-0.4765	u_eI_cpu.u_eJ_core.u_eK_exu.u_eL_exu_alu.u_eM_exu_alu_muldiv.muldiv_state_dfflr.qout_r[N]	cmt_dcause[I]	u_e203_cpu.u_e203_core.u_e203_exu.u_e203_exu_alu.u_e203_exu_alu_muldiv.muldiv_state_dfflr.qout_r[1]$_DFFE_PN0P_/Q	cmt_dcause[1]
924	-0.4765	u_eI_cpu.u_eJ_core.u_eK_exu.u_eL_exu_commit.u_eM_exu_excp.step_req_dfflr.qout_r	cmt_dcause_ena	u_e203_cpu.u_e203_core.u_e203_exu.u_e203_exu_commit.u_e203_exu_excp.step_req_dfflr.qout_r$_DFFE_PN0P_/Q	cmt_dcause_ena
925	-0.4764	u_eI_cpu.u_eJ_core.u_eK_ifu.u_eL_ifu_ifetch.ifu_lo_ir_dfflr.qout_r[M]	u_eI_cpu.u_eJ_core.u_eK_lsu.u_eL_lsu_ctrl.excl_addr_dffl.qout_r[M]	u_e203_cpu.u_e203_core.u_e203_ifu.u_e203_ifu_ifetch.ifu_lo_ir_dfflr.qout_r[11]$_DFFE_PN0P_/Q	u_e203_cpu.u_e203_core.u_e203_lsu.u_e203_lsu_ctrl.excl_addr_dffl.qout_r[19]$_DFFE_PN0P_/D
926	-0.4764	u_eI_cpu.u_eJ_core.u_eK_exu.u_eL_exu_regfile.regfile[M].rfnoN.rf_dffl.qout_r[O]	u_eI_cpu.u_eJ_core.u_eK_ifu.u_eL_ifu_ifetch.ir_rsMidx_dfflr.qout_r[N]	u_e203_cpu.u_e203_core.u_e203_exu.u_e203_exu_regfile.regfile[6].rfno0.rf_dffl.qout_r[31]$_DFFE_PP_/Q	u_e203_cpu.u_e203_core.u_e203_ifu.u_e203_ifu_ifetch.ir_rs2idx_dfflr.qout_r[4]$_DFFE_PN0P_/D
927	-0.4762	u_eI_cpu.u_eJ_core.u_eK_exu.u_eL_exu_alu.u_eM_exu_alu_lsuagu.icb_state_dfflr.qout_r[N]	u_eI_cpu.u_eJ_itcm_ctrl.u_sram_icb_ctrl.u_sirv_Kcyc_sram_ctrl.u_eL_stage.dp_gt_M.vld_dfflr.qout_r	u_e203_cpu.u_e203_core.u_e203_exu.u_e203_exu_alu.u_e203_exu_alu_lsuagu.icb_state_dfflr.qout_r[0]$_DFFE_PN0P_/Q	u_e203_cpu.u_e203_itcm_ctrl.u_sram_icb_ctrl.u_sirv_1cyc_sram_ctrl.u_e1_stage.dp_gt_0.vld_dfflr.qout_r$_DFFE_PN0P_/D
928	-0.4761	u_eI_cpu.u_eJ_core.u_eK_biu.u_biu_icb_arbt.arbt_num_gt_L_gen.dp_M.u_sirv_gnrl_rspid_fifo.dp_gt_N.dat_dfflr.qout_r	u_eI_cpu.u_eJ_core.u_eK_biu.u_sirv_gnrl_icb_buffer.u_sirv_gnrl_cmd_fifo.dp_gtL.vec_M_dfflr.qout_r	u_e203_cpu.u_e203_core.u_e203_biu.u_biu_icb_arbt.arbt_num_gt_1_gen.dp_1.u_sirv_gnrl_rspid_fifo.dp_gt_0.dat_dfflr.qout_r$_DFFE_PP_/Q	u_e203_cpu.u_e203_core.u_e203_biu.u_sirv_gnrl_icb_buffer.u_sirv_gnrl_cmd_fifo.dp_gt0.vec_31_dfflr.qout_r$_DFFE_PN0P_/D
929	-0.4761	u_eI_cpu.u_eJ_core.u_eK_exu.u_eL_exu_alu.u_eM_exu_alu_lsuagu.icb_state_dfflr.qout_r[N]	u_eI_cpu.u_eJ_core.u_eK_ifu.u_eL_ifu_iftMicb.leftover_err_dfflr.qout_r	u_e203_cpu.u_e203_core.u_e203_exu.u_e203_exu_alu.u_e203_exu_alu_lsuagu.icb_state_dfflr.qout_r[0]$_DFFE_PN0P_/Q	u_e203_cpu.u_e203_core.u_e203_ifu.u_e203_ifu_ift2icb.leftover_err_dfflr.qout_r$_DFFE_PN0P_/D
930	-0.4761	u_eI_cpu.u_eJ_core.u_eK_exu.u_eL_exu_oitf.depth_gtM.ret_ptr_flg_dfflrs.qout_r	u_eI_cpu.u_eJ_core.u_eK_ifu.u_eL_ifu_iftMicb.icb_state_dfflr.qout_r[N]	u_e203_cpu.u_e203_core.u_e203_exu.u_e203_exu_oitf.depth_gt1.ret_ptr_flg_dfflrs.qout_r$_DFFE_PN0P_/Q	u_e203_cpu.u_e203_core.u_e203_ifu.u_e203_ifu_ift2icb.icb_state_dfflr.qout_r[1]$_DFFE_PN0P_/D
931	-0.4754	u_eI_cpu.u_eJ_itcm_ctrl.u_sram_icb_ctrl.u_sirv_Kcyc_sram_ctrl.u_eL_stage.dp_gt_M.dat_dfflr.qout_r[N]	u_eI_cpu.u_eJ_core.u_eK_ifu.u_eL_ifu_iftMicb.leftover_dffl.qout_r[N]	u_e203_cpu.u_e203_itcm_ctrl.u_sram_icb_ctrl.u_sirv_1cyc_sram_ctrl.u_e1_stage.dp_gt_0.dat_dfflr.qout_r[1]$_DFFE_PP_/QN	u_e203_cpu.u_e203_core.u_e203_ifu.u_e203_ifu_ift2icb.leftover_dffl.qout_r[10]$_DFFE_PP_/D
932	-0.4754	u_eI_cpu.u_eJ_itcm_ctrl.u_itcm_icb_arbt.arbt_num_gt_K_gen.dp_L.u_sirv_gnrl_rspid_fifo.dp_gt_M.dat_dfflr.qout_r	u_eI_cpu.u_eJ_core.u_eK_ifu.u_eL_ifu_iftMicb.icb_addr_N_O_dffl.qout_r[P]	u_e203_cpu.u_e203_itcm_ctrl.u_itcm_icb_arbt.arbt_num_gt_1_gen.dp_1.u_sirv_gnrl_rspid_fifo.dp_gt_0.dat_dfflr.qout_r$_DFFE_PP_/Q	u_e203_cpu.u_e203_core.u_e203_ifu.u_e203_ifu_ift2icb.icb_addr_2_1_dffl.qout_r[0]$_DFFE_PP_/D
933	-0.4754	u_eI_cpu.u_eJ_core.u_eK_exu.u_eL_exu_oitf.depth_gtM.alc_ptr_dfflrs.qout_r	u_eI_cpu.u_eJ_core.u_eK_biu.u_sirv_gnrl_icb_buffer.u_sirv_gnrl_cmd_fifo.dp_gtL.vec_M_dfflrs.qout_r	u_e203_cpu.u_e203_core.u_e203_exu.u_e203_exu_oitf.depth_gt1.alc_ptr_dfflrs.qout_r$_DFFE_PN0P_/Q	u_e203_cpu.u_e203_core.u_e203_biu.u_sirv_gnrl_icb_buffer.u_sirv_gnrl_cmd_fifo.dp_gt0.vec_0_dfflrs.qout_r$_DFFE_PN1P_/D
934	-0.4753	u_eI_cpu.u_eJ_dtcm_ctrl.u_dtcm_icb_arbt.arbt_num_gt_K_gen.dp_L.u_sirv_gnrl_rspid_fifo.dp_gt_M.vld_dfflr.qout_r	u_eI_cpu.u_eJ_core.u_eK_ifu.u_eL_ifu_ifetch.pc_newpend_dfflr.qout_r	u_e203_cpu.u_e203_dtcm_ctrl.u_dtcm_icb_arbt.arbt_num_gt_1_gen.dp_1.u_sirv_gnrl_rspid_fifo.dp_gt_0.vld_dfflr.qout_r$_DFFE_PN0P_/Q	u_e203_cpu.u_e203_core.u_e203_ifu.u_e203_ifu_ifetch.pc_newpend_dfflr.qout_r$_DFFE_PN0P_/D
935	-0.4744	u_eI_cpu.u_eJ_dtcm_ctrl.u_sram_icb_ctrl.u_sirv_Kcyc_sram_ctrl.u_eL_stage.dp_gt_M.vld_dfflr.qout_r	u_eI_cpu.u_eJ_core.u_eK_ifu.u_eL_ifu_ifetch.pc_newpend_dfflr.qout_r	u_e203_cpu.u_e203_dtcm_ctrl.u_sram_icb_ctrl.u_sirv_1cyc_sram_ctrl.u_e1_stage.dp_gt_0.vld_dfflr.qout_r$_DFFE_PN0P_/Q	u_e203_cpu.u_e203_core.u_e203_ifu.u_e203_ifu_ifetch.pc_newpend_dfflr.qout_r$_DFFE_PN0P_/D
936	-0.4743	u_eI_cpu.u_eJ_core.u_eK_exu.u_eL_exu_regfile.regfile[M].rfnoN.rf_dffl.qout_r[O]	u_eI_cpu.u_eJ_core.u_eK_biu.u_sirv_gnrl_icb_buffer.u_sirv_gnrl_cmd_fifo.dp_gtL.fifo_rf[M].fifo_rf_dffl.qout_r[N]	u_e203_cpu.u_e203_core.u_e203_exu.u_e203_exu_regfile.regfile[6].rfno0.rf_dffl.qout_r[31]$_DFFE_PP_/Q	u_e203_cpu.u_e203_core.u_e203_biu.u_sirv_gnrl_icb_buffer.u_sirv_gnrl_cmd_fifo.dp_gt0.fifo_rf[0].fifo_rf_dffl.qout_r[65]$_DFFE_PP_/D
937	-0.4743	u_eI_cpu.u_eJ_core.u_eK_exu.u_eL_exu_regfile.regfile[M].rfnoN.rf_dffl.qout_r[O]	u_eI_cpu.u_eJ_core.u_eK_ifu.u_eL_ifu_ifetch.ifu_lo_ir_dfflr.qout_r[M]	u_e203_cpu.u_e203_core.u_e203_exu.u_e203_exu_regfile.regfile[6].rfno0.rf_dffl.qout_r[31]$_DFFE_PP_/Q	u_e203_cpu.u_e203_core.u_e203_ifu.u_e203_ifu_ifetch.ifu_lo_ir_dfflr.qout_r[12]$_DFFE_PN0P_/D
938	-0.4742	u_eI_cpu.u_eJ_core.u_eK_exu.u_eL_exu_oitf.depth_gtM.alc_ptr_dfflrs.qout_r	u_eI_cpu.u_eJ_itcm_ctrl.u_sram_icb_ctrl.u_sirv_Kcyc_sram_ctrl.u_eL_stage.dp_gt_M.vld_dfflr.qout_r	u_e203_cpu.u_e203_core.u_e203_exu.u_e203_exu_oitf.depth_gt1.alc_ptr_dfflrs.qout_r$_DFFE_PN0P_/Q	u_e203_cpu.u_e203_itcm_ctrl.u_sram_icb_ctrl.u_sirv_1cyc_sram_ctrl.u_e1_stage.dp_gt_0.vld_dfflr.qout_r$_DFFE_PN0P_/D
939	-0.4741	u_eI_cpu.u_eJ_core.u_eK_exu.u_eL_exu_oitf.depth_gtM.alc_ptr_dfflrs.qout_r	u_eI_cpu.u_eJ_core.u_eK_ifu.u_eL_ifu_iftMicb.leftover_err_dfflr.qout_r	u_e203_cpu.u_e203_core.u_e203_exu.u_e203_exu_oitf.depth_gt1.alc_ptr_dfflrs.qout_r$_DFFE_PN0P_/Q	u_e203_cpu.u_e203_core.u_e203_ifu.u_e203_ifu_ift2icb.leftover_err_dfflr.qout_r$_DFFE_PN0P_/D
940	-0.4739	u_eI_cpu.u_eJ_itcm_ctrl.u_sram_icb_ctrl.u_sirv_Kcyc_sram_ctrl.u_eL_stage.dp_gt_M.dat_dfflr.qout_r[N]	u_eI_cpu.u_eJ_core.u_eK_ifu.u_eL_ifu_ifetch.ifu_hi_ir_dfflr.qout_r[M]	u_e203_cpu.u_e203_itcm_ctrl.u_sram_icb_ctrl.u_sirv_1cyc_sram_ctrl.u_e1_stage.dp_gt_0.dat_dfflr.qout_r[1]$_DFFE_PP_/QN	u_e203_cpu.u_e203_core.u_e203_ifu.u_e203_ifu_ifetch.ifu_hi_ir_dfflr.qout_r[10]$_DFFE_PN0P_/D
941	-0.4737	u_eI_cpu.u_eJ_core.u_eK_lsu.u_eL_lsu_ctrl.u_eM_lsu_splt_stage.dp_gt_N.dat_dfflr.qout_r[O]	u_eI_cpu.u_eJ_core.u_eK_ifu.u_eL_ifu_iftMicb.u_eN_ifetch_rsp_bypbuf.u_bypbuf_fifo.dp_gtO.fifo_rf[P].fifo_rf_dffl.qout_r[Q]	u_e203_cpu.u_e203_core.u_e203_lsu.u_e203_lsu_ctrl.u_e203_lsu_splt_stage.dp_gt_0.dat_dfflr.qout_r[43]$_DFFE_PP_/Q	u_e203_cpu.u_e203_core.u_e203_ifu.u_e203_ifu_ift2icb.u_e203_ifetch_rsp_bypbuf.u_bypbuf_fifo.dp_gt0.fifo_rf[0].fifo_rf_dffl.qout_r[30]$_DFFE_PP_/D
942	-0.4735	u_eI_cpu.u_eJ_core.u_eK_exu.u_eL_exu_alu.u_eM_exu_alu_lsuagu.icb_state_dfflr.qout_r[N]	u_eI_cpu.u_eJ_core.u_eK_biu.u_biu_icb_arbt.arbt_num_gt_L_gen.dp_M.u_sirv_gnrl_rspid_fifo.dp_gt_N.dat_dfflr.qout_r	u_e203_cpu.u_e203_core.u_e203_exu.u_e203_exu_alu.u_e203_exu_alu_lsuagu.icb_state_dfflr.qout_r[0]$_DFFE_PN0P_/Q	u_e203_cpu.u_e203_core.u_e203_biu.u_biu_icb_arbt.arbt_num_gt_1_gen.dp_1.u_sirv_gnrl_rspid_fifo.dp_gt_0.dat_dfflr.qout_r$_DFFE_PP_/D
943	-0.4733	u_eI_cpu.u_eJ_core.u_eK_exu.u_eL_exu_alu.u_eM_exu_alu_lsuagu.icb_state_dfflr.qout_r[N]	u_eI_cpu.u_eJ_core.u_eK_ifu.u_eL_ifu_iftMicb.req_lane_cross_dfflr.qout_r	u_e203_cpu.u_e203_core.u_e203_exu.u_e203_exu_alu.u_e203_exu_alu_lsuagu.icb_state_dfflr.qout_r[0]$_DFFE_PN0P_/Q	u_e203_cpu.u_e203_core.u_e203_ifu.u_e203_ifu_ift2icb.req_lane_cross_dfflr.qout_r$_DFFE_PN0P_/D
944	-0.4733	u_eI_cpu.u_eJ_core.u_eK_exu.u_eL_exu_alu.u_eM_exu_alu_lsuagu.icb_state_dfflr.qout_r[N]	u_eI_cpu.u_eJ_core.u_eK_ifu.u_eL_ifu_iftMicb.req_need_Nuop_dfflr.qout_r	u_e203_cpu.u_e203_core.u_e203_exu.u_e203_exu_alu.u_e203_exu_alu_lsuagu.icb_state_dfflr.qout_r[0]$_DFFE_PN0P_/Q	u_e203_cpu.u_e203_core.u_e203_ifu.u_e203_ifu_ift2icb.req_need_0uop_dfflr.qout_r$_DFFE_PN0P_/D
945	-0.4733	u_eI_cpu.u_eJ_core.u_eK_exu.u_eL_exu_alu.u_eM_exu_alu_lsuagu.icb_state_dfflr.qout_r[N]	u_eI_cpu.u_eJ_core.u_eK_ifu.u_eL_ifu_iftMicb.req_same_cross_holdup_dfflr.qout_r	u_e203_cpu.u_e203_core.u_e203_exu.u_e203_exu_alu.u_e203_exu_alu_lsuagu.icb_state_dfflr.qout_r[0]$_DFFE_PN0P_/Q	u_e203_cpu.u_e203_core.u_e203_ifu.u_e203_ifu_ift2icb.req_same_cross_holdup_dfflr.qout_r$_DFFE_PN0P_/D
946	-0.4728	u_eI_cpu.u_eJ_core.u_eK_biu.u_biu_icb_arbt.arbt_num_gt_L_gen.dp_M.u_sirv_gnrl_rspid_fifo.dp_gt_N.vld_dfflr.qout_r	u_eI_cpu.u_eJ_core.u_eK_ifu.u_eL_ifu_iftMicb.u_eN_ifetch_rsp_bypbuf.u_bypbuf_fifo.dp_gtO.fifo_rf[P].fifo_rf_dffl.qout_r[Q]	u_e203_cpu.u_e203_core.u_e203_biu.u_biu_icb_arbt.arbt_num_gt_1_gen.dp_1.u_sirv_gnrl_rspid_fifo.dp_gt_0.vld_dfflr.qout_r$_DFFE_PN0P_/Q	u_e203_cpu.u_e203_core.u_e203_ifu.u_e203_ifu_ift2icb.u_e203_ifetch_rsp_bypbuf.u_bypbuf_fifo.dp_gt0.fifo_rf[0].fifo_rf_dffl.qout_r[30]$_DFFE_PP_/D
947	-0.4726	u_eI_cpu.u_eJ_core.u_eK_exu.u_eL_exu_oitf.depth_gtM.alc_ptr_flg_dfflrs.qout_r	u_eI_cpu.u_eJ_core.u_eK_ifu.u_eL_ifu_ifetch.pc_newpend_dfflr.qout_r	u_e203_cpu.u_e203_core.u_e203_exu.u_e203_exu_oitf.depth_gt1.alc_ptr_flg_dfflrs.qout_r$_DFFE_PN0P_/Q	u_e203_cpu.u_e203_core.u_e203_ifu.u_e203_ifu_ifetch.pc_newpend_dfflr.qout_r$_DFFE_PN0P_/D
948	-0.4722	u_eI_cpu.u_eJ_itcm_ctrl.u_sram_icb_ctrl.u_sirv_Kcyc_sram_ctrl.u_eL_stage.dp_gt_M.dat_dfflr.qout_r[N]	u_eI_cpu.u_eJ_core.u_eK_ifu.u_eL_ifu_ifetch.ir_rsMidx_dfflr.qout_r[N]	u_e203_cpu.u_e203_itcm_ctrl.u_sram_icb_ctrl.u_sirv_1cyc_sram_ctrl.u_e1_stage.dp_gt_0.dat_dfflr.qout_r[1]$_DFFE_PP_/QN	u_e203_cpu.u_e203_core.u_e203_ifu.u_e203_ifu_ifetch.ir_rs2idx_dfflr.qout_r[4]$_DFFE_PN0P_/D
949	-0.4722	u_eI_cpu.u_eJ_core.u_eK_lsu.u_eL_lsu_ctrl.u_eM_lsu_splt_stage.dp_gt_N.vld_dfflr.qout_r	u_eI_cpu.u_eJ_clk_ctrl.u_itcm_clkgate.enb	u_e203_cpu.u_e203_core.u_e203_lsu.u_e203_lsu_ctrl.u_e203_lsu_splt_stage.dp_gt_0.vld_dfflr.qout_r$_DFFE_PN0P_/Q	u_e203_cpu.u_e203_clk_ctrl.u_itcm_clkgate.enb$_DLATCH_N_/D
950	-0.4720	u_eI_cpu.u_eJ_core.u_eK_biu.u_sirv_gnrl_icb_buffer.u_sirv_gnrl_rsp_fifo.dp_gtL.vec_M_dfflr.qout_r	u_eI_cpu.u_eJ_core.u_eK_ifu.u_eL_ifu_iftMicb.u_eN_ifetch_rsp_bypbuf.u_bypbuf_fifo.dp_gtO.fifo_rf[P].fifo_rf_dffl.qout_r[Q]	u_e203_cpu.u_e203_core.u_e203_biu.u_sirv_gnrl_icb_buffer.u_sirv_gnrl_rsp_fifo.dp_gt0.vec_31_dfflr.qout_r$_DFFE_PN0P_/Q	u_e203_cpu.u_e203_core.u_e203_ifu.u_e203_ifu_ift2icb.u_e203_ifetch_rsp_bypbuf.u_bypbuf_fifo.dp_gt0.fifo_rf[0].fifo_rf_dffl.qout_r[30]$_DFFE_PP_/D
951	-0.4716	u_eI_cpu.u_eJ_itcm_ctrl.u_itcm_icb_arbt.arbt_num_gt_K_gen.dp_L.u_sirv_gnrl_rspid_fifo.dp_gt_M.dat_dfflr.qout_r	u_eI_cpu.u_eJ_itcm_ctrl.u_sram_icb_ctrl.u_byp_icb_cmd_buf.u_bypbuf_fifo.dp_gtK.fifo_rf[L].fifo_rf_dffl.qout_r[M]	u_e203_cpu.u_e203_itcm_ctrl.u_itcm_icb_arbt.arbt_num_gt_1_gen.dp_1.u_sirv_gnrl_rspid_fifo.dp_gt_0.dat_dfflr.qout_r$_DFFE_PP_/Q	u_e203_cpu.u_e203_itcm_ctrl.u_sram_icb_ctrl.u_byp_icb_cmd_buf.u_bypbuf_fifo.dp_gt0.fifo_rf[0].fifo_rf_dffl.qout_r[2]$_DFFE_PP_/D
952	-0.4715	u_eI_cpu.u_eJ_core.u_eK_exu.u_eL_exu_oitf.depth_gtM.alc_ptr_dfflrs.qout_r	u_eI_cpu.u_eJ_core.u_eK_biu.u_biu_icb_arbt.arbt_num_gt_L_gen.dp_M.u_sirv_gnrl_rspid_fifo.dp_gt_N.dat_dfflr.qout_r	u_e203_cpu.u_e203_core.u_e203_exu.u_e203_exu_oitf.depth_gt1.alc_ptr_dfflrs.qout_r$_DFFE_PN0P_/Q	u_e203_cpu.u_e203_core.u_e203_biu.u_biu_icb_arbt.arbt_num_gt_1_gen.dp_1.u_sirv_gnrl_rspid_fifo.dp_gt_0.dat_dfflr.qout_r$_DFFE_PP_/D
953	-0.4713	u_eI_cpu.u_eJ_core.u_eK_exu.u_eL_exu_oitf.depth_gtM.ret_ptr_dfflrs.qout_r	u_eI_cpu.u_eJ_core.u_eK_biu.u_sirv_gnrl_icb_buffer.outs_cnt_dfflr.qout_r	u_e203_cpu.u_e203_core.u_e203_exu.u_e203_exu_oitf.depth_gt1.ret_ptr_dfflrs.qout_r$_DFFE_PN0P_/Q	u_e203_cpu.u_e203_core.u_e203_biu.u_sirv_gnrl_icb_buffer.outs_cnt_dfflr.qout_r$_DFFE_PN0P_/D
954	-0.4713	u_eI_cpu.u_eJ_core.u_eK_exu.u_eL_exu_regfile.regfile[M].rfnoN.rf_dffl.qout_r[O]	u_eI_cpu.u_eJ_core.u_eK_biu.u_sirv_gnrl_icb_buffer.u_sirv_gnrl_cmd_fifo.dp_gtL.vec_M_dfflr.qout_r	u_e203_cpu.u_e203_core.u_e203_exu.u_e203_exu_regfile.regfile[6].rfno0.rf_dffl.qout_r[31]$_DFFE_PP_/Q	u_e203_cpu.u_e203_core.u_e203_biu.u_sirv_gnrl_icb_buffer.u_sirv_gnrl_cmd_fifo.dp_gt0.vec_31_dfflr.qout_r$_DFFE_PN0P_/D
955	-0.4712	u_eI_cpu.u_eJ_core.u_eK_exu.u_eL_exu_oitf.depth_gtM.alc_ptr_dfflrs.qout_r	u_eI_cpu.u_eJ_core.u_eK_ifu.u_eL_ifu_iftMicb.req_lane_cross_dfflr.qout_r	u_e203_cpu.u_e203_core.u_e203_exu.u_e203_exu_oitf.depth_gt1.alc_ptr_dfflrs.qout_r$_DFFE_PN0P_/Q	u_e203_cpu.u_e203_core.u_e203_ifu.u_e203_ifu_ift2icb.req_lane_cross_dfflr.qout_r$_DFFE_PN0P_/D
956	-0.4712	u_eI_cpu.u_eJ_core.u_eK_exu.u_eL_exu_oitf.depth_gtM.alc_ptr_dfflrs.qout_r	u_eI_cpu.u_eJ_core.u_eK_ifu.u_eL_ifu_iftMicb.req_need_Nuop_dfflr.qout_r	u_e203_cpu.u_e203_core.u_e203_exu.u_e203_exu_oitf.depth_gt1.alc_ptr_dfflrs.qout_r$_DFFE_PN0P_/Q	u_e203_cpu.u_e203_core.u_e203_ifu.u_e203_ifu_ift2icb.req_need_0uop_dfflr.qout_r$_DFFE_PN0P_/D
957	-0.4712	u_eI_cpu.u_eJ_core.u_eK_exu.u_eL_exu_oitf.depth_gtM.alc_ptr_dfflrs.qout_r	u_eI_cpu.u_eJ_core.u_eK_ifu.u_eL_ifu_iftMicb.req_same_cross_holdup_dfflr.qout_r	u_e203_cpu.u_e203_core.u_e203_exu.u_e203_exu_oitf.depth_gt1.alc_ptr_dfflrs.qout_r$_DFFE_PN0P_/Q	u_e203_cpu.u_e203_core.u_e203_ifu.u_e203_ifu_ift2icb.req_same_cross_holdup_dfflr.qout_r$_DFFE_PN0P_/D
958	-0.4712	u_eI_cpu.u_eJ_itcm_ctrl.u_itcm_icb_arbt.arbt_num_gt_K_gen.dp_L.u_sirv_gnrl_rspid_fifo.dp_gt_M.dat_dfflr.qout_r	u_eI_cpu.u_eJ_core.u_eK_ifu.u_eL_ifu_iftMicb.icb_state_dfflr.qout_r[N]	u_e203_cpu.u_e203_itcm_ctrl.u_itcm_icb_arbt.arbt_num_gt_1_gen.dp_1.u_sirv_gnrl_rspid_fifo.dp_gt_0.dat_dfflr.qout_r$_DFFE_PP_/Q	u_e203_cpu.u_e203_core.u_e203_ifu.u_e203_ifu_ift2icb.icb_state_dfflr.qout_r[1]$_DFFE_PN0P_/D
959	-0.4711	u_eI_cpu.u_eJ_core.u_eK_exu.u_eL_exu_alu.u_eM_exu_alu_lsuagu.icb_state_dfflr.qout_r[N]	u_eI_cpu.u_eJ_core.u_eK_ifu.u_eL_ifu_ifetch.ifu_err_dfflr.qout_r	u_e203_cpu.u_e203_core.u_e203_exu.u_e203_exu_alu.u_e203_exu_alu_lsuagu.icb_state_dfflr.qout_r[0]$_DFFE_PN0P_/Q	u_e203_cpu.u_e203_core.u_e203_ifu.u_e203_ifu_ifetch.ifu_err_dfflr.qout_r$_DFFE_PN0P_/D
960	-0.4711	u_eI_cpu.u_eJ_core.u_eK_exu.u_eL_exu_alu.u_eM_exu_alu_lsuagu.icb_state_dfflr.qout_r[N]	u_eI_cpu.u_eJ_core.u_eK_ifu.u_eL_ifu_ifetch.ifu_prdt_taken_dfflr.qout_r	u_e203_cpu.u_e203_core.u_e203_exu.u_e203_exu_alu.u_e203_exu_alu_lsuagu.icb_state_dfflr.qout_r[0]$_DFFE_PN0P_/Q	u_e203_cpu.u_e203_core.u_e203_ifu.u_e203_ifu_ifetch.ifu_prdt_taken_dfflr.qout_r$_DFFE_PN0P_/D
961	-0.4711	u_eI_cpu.u_eJ_core.u_eK_exu.u_eL_exu_alu.u_eM_exu_alu_lsuagu.icb_state_dfflr.qout_r[N]	u_eI_cpu.u_eJ_core.u_eK_ifu.u_eL_ifu_ifetch.ir_muldiv_bMb_dfflr.qout_r	u_e203_cpu.u_e203_core.u_e203_exu.u_e203_exu_alu.u_e203_exu_alu_lsuagu.icb_state_dfflr.qout_r[0]$_DFFE_PN0P_/Q	u_e203_cpu.u_e203_core.u_e203_ifu.u_e203_ifu_ifetch.ir_muldiv_b2b_dfflr.qout_r$_DFFE_PN0P_/D
962	-0.4710	u_eI_cpu.u_eJ_core.u_eK_exu.u_eL_exu_alu.u_eM_exu_alu_lsuagu.icb_state_dfflr.qout_r[N]	u_eI_cpu.u_eJ_itcm_ctrl.ifu_holdup_dffl.qout_r	u_e203_cpu.u_e203_core.u_e203_exu.u_e203_exu_alu.u_e203_exu_alu_lsuagu.icb_state_dfflr.qout_r[0]$_DFFE_PN0P_/Q	u_e203_cpu.u_e203_itcm_ctrl.ifu_holdup_dffl.qout_r$_DFFE_PN0P_/D
963	-0.4709	u_eI_cpu.u_eJ_core.u_eK_biu.u_biu_icb_arbt.arbt_num_gt_L_gen.dp_M.u_sirv_gnrl_rspid_fifo.dp_gt_N.dat_dfflr.qout_r	u_eI_cpu.u_eJ_core.u_eK_ifu.u_eL_ifu_iftMicb.icb_addr_N_O_dffl.qout_r[P]	u_e203_cpu.u_e203_core.u_e203_biu.u_biu_icb_arbt.arbt_num_gt_1_gen.dp_1.u_sirv_gnrl_rspid_fifo.dp_gt_0.dat_dfflr.qout_r$_DFFE_PP_/Q	u_e203_cpu.u_e203_core.u_e203_ifu.u_e203_ifu_ift2icb.icb_addr_2_1_dffl.qout_r[0]$_DFFE_PP_/D
964	-0.4708	u_eI_cpu.u_eJ_core.u_eK_exu.u_eL_exu_alu.u_eM_exu_alu_muldiv.muldiv_state_dfflr.qout_r[N]	core_wfi	u_e203_cpu.u_e203_core.u_e203_exu.u_e203_exu_alu.u_e203_exu_alu_muldiv.muldiv_state_dfflr.qout_r[1]$_DFFE_PN0P_/Q	core_wfi
965	-0.4708	u_eI_cpu.u_eJ_itcm_ctrl.u_itcm_icb_arbt.arbt_num_gt_K_gen.dp_L.u_sirv_gnrl_rspid_fifo.dp_gt_M.vld_dfflr.qout_r	u_eI_cpu.u_eJ_core.u_eK_biu.u_sirv_gnrl_icb_buffer.u_sirv_gnrl_cmd_fifo.dp_gtL.vec_M_dfflrs.qout_r	u_e203_cpu.u_e203_itcm_ctrl.u_itcm_icb_arbt.arbt_num_gt_1_gen.dp_1.u_sirv_gnrl_rspid_fifo.dp_gt_0.vld_dfflr.qout_r$_DFFE_PN0P_/Q	u_e203_cpu.u_e203_core.u_e203_biu.u_sirv_gnrl_icb_buffer.u_sirv_gnrl_cmd_fifo.dp_gt0.vec_0_dfflrs.qout_r$_DFFE_PN1P_/D
966	-0.4708	u_eI_cpu.u_eJ_core.u_eK_exu.u_eL_exu_oitf.depth_gtM.ret_ptr_flg_dfflrs.qout_r	u_eI_cpu.u_eJ_core.u_eK_ifu.u_eL_ifu_ifetch.pc_newpend_dfflr.qout_r	u_e203_cpu.u_e203_core.u_e203_exu.u_e203_exu_oitf.depth_gt1.ret_ptr_flg_dfflrs.qout_r$_DFFE_PN0P_/Q	u_e203_cpu.u_e203_core.u_e203_ifu.u_e203_ifu_ifetch.pc_newpend_dfflr.qout_r$_DFFE_PN0P_/D
967	-0.4701	u_eI_cpu.u_eJ_itcm_ctrl.u_sram_icb_ctrl.u_sirv_Kcyc_sram_ctrl.u_eL_stage.dp_gt_M.dat_dfflr.qout_r[N]	u_eI_cpu.u_eJ_core.u_eK_biu.u_sirv_gnrl_icb_buffer.u_sirv_gnrl_cmd_fifo.dp_gtL.fifo_rf[M].fifo_rf_dffl.qout_r[N]	u_e203_cpu.u_e203_itcm_ctrl.u_sram_icb_ctrl.u_sirv_1cyc_sram_ctrl.u_e1_stage.dp_gt_0.dat_dfflr.qout_r[1]$_DFFE_PP_/QN	u_e203_cpu.u_e203_core.u_e203_biu.u_sirv_gnrl_icb_buffer.u_sirv_gnrl_cmd_fifo.dp_gt0.fifo_rf[0].fifo_rf_dffl.qout_r[65]$_DFFE_PP_/D
968	-0.4701	u_eI_cpu.u_eJ_itcm_ctrl.u_sram_icb_ctrl.u_sirv_Kcyc_sram_ctrl.u_eL_stage.dp_gt_M.dat_dfflr.qout_r[N]	u_eI_cpu.u_eJ_core.u_eK_ifu.u_eL_ifu_ifetch.ifu_lo_ir_dfflr.qout_r[M]	u_e203_cpu.u_e203_itcm_ctrl.u_sram_icb_ctrl.u_sirv_1cyc_sram_ctrl.u_e1_stage.dp_gt_0.dat_dfflr.qout_r[1]$_DFFE_PP_/QN	u_e203_cpu.u_e203_core.u_e203_ifu.u_e203_ifu_ifetch.ifu_lo_ir_dfflr.qout_r[12]$_DFFE_PN0P_/D
969	-0.4699	u_eI_cpu.u_eJ_core.u_eK_exu.u_eL_exu_alu.u_eM_exu_alu_lsuagu.icb_state_dfflr.qout_r[N]	u_eI_cpu.u_eJ_itcm_ctrl.u_sram_icb_ctrl.u_sirv_Kcyc_sram_ctrl.u_eL_stage.dp_gt_M.dat_dfflr.qout_r[N]	u_e203_cpu.u_e203_core.u_e203_exu.u_e203_exu_alu.u_e203_exu_alu_lsuagu.icb_state_dfflr.qout_r[0]$_DFFE_PN0P_/Q	u_e203_cpu.u_e203_itcm_ctrl.u_sram_icb_ctrl.u_sirv_1cyc_sram_ctrl.u_e1_stage.dp_gt_0.dat_dfflr.qout_r[1]$_DFFE_PP_/D
970	-0.4697	u_eI_cpu.u_eJ_itcm_ctrl.u_itcm_icb_arbt.arbt_num_gt_K_gen.dp_L.u_sirv_gnrl_rspid_fifo.dp_gt_M.vld_dfflr.qout_r	u_eI_cpu.u_eJ_itcm_ctrl.u_sram_icb_ctrl.u_sirv_Kcyc_sram_ctrl.u_eL_stage.dp_gt_M.vld_dfflr.qout_r	u_e203_cpu.u_e203_itcm_ctrl.u_itcm_icb_arbt.arbt_num_gt_1_gen.dp_1.u_sirv_gnrl_rspid_fifo.dp_gt_0.vld_dfflr.qout_r$_DFFE_PN0P_/Q	u_e203_cpu.u_e203_itcm_ctrl.u_sram_icb_ctrl.u_sirv_1cyc_sram_ctrl.u_e1_stage.dp_gt_0.vld_dfflr.qout_r$_DFFE_PN0P_/D
971	-0.4696	u_eI_cpu.u_eJ_itcm_ctrl.u_itcm_icb_arbt.arbt_num_gt_K_gen.dp_L.u_sirv_gnrl_rspid_fifo.dp_gt_M.vld_dfflr.qout_r	u_eI_cpu.u_eJ_core.u_eK_ifu.u_eL_ifu_iftMicb.leftover_err_dfflr.qout_r	u_e203_cpu.u_e203_itcm_ctrl.u_itcm_icb_arbt.arbt_num_gt_1_gen.dp_1.u_sirv_gnrl_rspid_fifo.dp_gt_0.vld_dfflr.qout_r$_DFFE_PN0P_/Q	u_e203_cpu.u_e203_core.u_e203_ifu.u_e203_ifu_ift2icb.leftover_err_dfflr.qout_r$_DFFE_PN0P_/D
972	-0.4691	u_eI_cpu.u_eJ_core.u_eK_exu.u_eL_exu_oitf.depth_gtM.alc_ptr_dfflrs.qout_r	u_eI_cpu.u_eJ_core.u_eK_ifu.u_eL_ifu_ifetch.ifu_err_dfflr.qout_r	u_e203_cpu.u_e203_core.u_e203_exu.u_e203_exu_oitf.depth_gt1.alc_ptr_dfflrs.qout_r$_DFFE_PN0P_/Q	u_e203_cpu.u_e203_core.u_e203_ifu.u_e203_ifu_ifetch.ifu_err_dfflr.qout_r$_DFFE_PN0P_/D
973	-0.4691	u_eI_cpu.u_eJ_core.u_eK_exu.u_eL_exu_oitf.depth_gtM.alc_ptr_dfflrs.qout_r	u_eI_cpu.u_eJ_core.u_eK_ifu.u_eL_ifu_ifetch.ifu_prdt_taken_dfflr.qout_r	u_e203_cpu.u_e203_core.u_e203_exu.u_e203_exu_oitf.depth_gt1.alc_ptr_dfflrs.qout_r$_DFFE_PN0P_/Q	u_e203_cpu.u_e203_core.u_e203_ifu.u_e203_ifu_ifetch.ifu_prdt_taken_dfflr.qout_r$_DFFE_PN0P_/D
974	-0.4691	u_eI_cpu.u_eJ_core.u_eK_exu.u_eL_exu_oitf.depth_gtM.alc_ptr_dfflrs.qout_r	u_eI_cpu.u_eJ_core.u_eK_ifu.u_eL_ifu_ifetch.ir_muldiv_bMb_dfflr.qout_r	u_e203_cpu.u_e203_core.u_e203_exu.u_e203_exu_oitf.depth_gt1.alc_ptr_dfflrs.qout_r$_DFFE_PN0P_/Q	u_e203_cpu.u_e203_core.u_e203_ifu.u_e203_ifu_ifetch.ir_muldiv_b2b_dfflr.qout_r$_DFFE_PN0P_/D
975	-0.4690	u_eI_cpu.u_eJ_core.u_eK_exu.u_eL_exu_oitf.depth_gtM.alc_ptr_dfflrs.qout_r	u_eI_cpu.u_eJ_itcm_ctrl.ifu_holdup_dffl.qout_r	u_e203_cpu.u_e203_core.u_e203_exu.u_e203_exu_oitf.depth_gt1.alc_ptr_dfflrs.qout_r$_DFFE_PN0P_/Q	u_e203_cpu.u_e203_itcm_ctrl.ifu_holdup_dffl.qout_r$_DFFE_PN0P_/D
976	-0.4679	u_eI_cpu.u_eJ_core.u_eK_exu.u_eL_exu_oitf.depth_gtM.alc_ptr_dfflrs.qout_r	u_eI_cpu.u_eJ_itcm_ctrl.u_sram_icb_ctrl.u_sirv_Kcyc_sram_ctrl.u_eL_stage.dp_gt_M.dat_dfflr.qout_r[N]	u_e203_cpu.u_e203_core.u_e203_exu.u_e203_exu_oitf.depth_gt1.alc_ptr_dfflrs.qout_r$_DFFE_PN0P_/Q	u_e203_cpu.u_e203_itcm_ctrl.u_sram_icb_ctrl.u_sirv_1cyc_sram_ctrl.u_e1_stage.dp_gt_0.dat_dfflr.qout_r[1]$_DFFE_PP_/D
977	-0.4678	dbg_halt_r	u_eI_cpu.u_eJ_core.u_eK_lsu.u_eL_lsu_ctrl.u_eM_lsu_splt_stage.dp_gt_N.vld_dfflr.qout_r	dbg_halt_r	u_e203_cpu.u_e203_core.u_e203_lsu.u_e203_lsu_ctrl.u_e203_lsu_splt_stage.dp_gt_0.vld_dfflr.qout_r$_DFFE_PN0P_/D
978	-0.4678	dbg_halt_r	u_eI_cpu.u_eJ_core.u_eK_lsu.u_eL_lsu_ctrl.u_lsu_icb_arbt.arbt_num_gt_M_gen.dp_N.u_sirv_gnrl_rspid_fifo.dp_gt_O.vld_dfflr.qout_r	dbg_halt_r	u_e203_cpu.u_e203_core.u_e203_lsu.u_e203_lsu_ctrl.u_lsu_icb_arbt.arbt_num_gt_1_gen.dp_1.u_sirv_gnrl_rspid_fifo.dp_gt_0.vld_dfflr.qout_r$_DFFE_PN0P_/D
979	-0.4678	u_eI_cpu.u_eJ_dtcm_ctrl.u_dtcm_icb_arbt.arbt_num_gt_K_gen.dp_L.u_sirv_gnrl_rspid_fifo.dp_gt_M.dat_dfflr.qout_r	u_eI_cpu.u_eJ_core.u_eK_ifu.u_eL_ifu_ifetch.pc_dfflr.qout_r[M]	u_e203_cpu.u_e203_dtcm_ctrl.u_dtcm_icb_arbt.arbt_num_gt_1_gen.dp_1.u_sirv_gnrl_rspid_fifo.dp_gt_0.dat_dfflr.qout_r$_DFFE_PP_/Q	u_e203_cpu.u_e203_core.u_e203_ifu.u_e203_ifu_ifetch.pc_dfflr.qout_r[10]$_DFFE_PN0P_/D
980	-0.4676	u_eI_cpu.u_eJ_dtcm_ctrl.u_dtcm_icb_arbt.arbt_num_gt_K_gen.dp_L.u_sirv_gnrl_rspid_fifo.dp_gt_M.vld_dfflr.qout_r	u_eI_cpu.u_eJ_core.u_eK_biu.u_sirv_gnrl_icb_buffer.outs_cnt_dfflr.qout_r	u_e203_cpu.u_e203_dtcm_ctrl.u_dtcm_icb_arbt.arbt_num_gt_1_gen.dp_1.u_sirv_gnrl_rspid_fifo.dp_gt_0.vld_dfflr.qout_r$_DFFE_PN0P_/Q	u_e203_cpu.u_e203_core.u_e203_biu.u_sirv_gnrl_icb_buffer.outs_cnt_dfflr.qout_r$_DFFE_PN0P_/D
981	-0.4674	u_eI_cpu.u_eJ_core.u_eK_lsu.u_eL_lsu_ctrl.u_eM_lsu_splt_stage.dp_gt_N.dat_dfflr.qout_r[O]	u_eI_cpu.u_eJ_core.u_eK_biu.u_sirv_gnrl_icb_buffer.u_sirv_gnrl_cmd_fifo.dp_gtL.vec_M_dfflrs.qout_r	u_e203_cpu.u_e203_core.u_e203_lsu.u_e203_lsu_ctrl.u_e203_lsu_splt_stage.dp_gt_0.dat_dfflr.qout_r[43]$_DFFE_PP_/Q	u_e203_cpu.u_e203_core.u_e203_biu.u_sirv_gnrl_icb_buffer.u_sirv_gnrl_cmd_fifo.dp_gt0.vec_0_dfflrs.qout_r$_DFFE_PN1P_/D
982	-0.4673	u_eI_cpu.u_eJ_core.u_eK_lsu.u_eL_lsu_ctrl.u_eM_lsu_splt_stage.dp_gt_N.vld_dfflr.qout_r	u_eI_cpu.u_eJ_core.u_eK_ifu.u_eL_ifu_ifetch.reset_req_dfflr.qout_r	u_e203_cpu.u_e203_core.u_e203_lsu.u_e203_lsu_ctrl.u_e203_lsu_splt_stage.dp_gt_0.vld_dfflr.qout_r$_DFFE_PN0P_/Q	u_e203_cpu.u_e203_core.u_e203_ifu.u_e203_ifu_ifetch.reset_req_dfflr.qout_r$_DFFE_PN0P_/D
983	-0.4672	u_eI_cpu.u_eJ_core.u_eK_exu.u_eL_exu_commit.u_eM_exu_excp.step_req_dfflr.qout_r	cmt_dcause[I]	u_e203_cpu.u_e203_core.u_e203_exu.u_e203_exu_commit.u_e203_exu_excp.step_req_dfflr.qout_r$_DFFE_PN0P_/Q	cmt_dcause[1]
984	-0.4672	u_eI_cpu.u_eJ_itcm_ctrl.u_sram_icb_ctrl.u_sirv_Kcyc_sram_ctrl.u_eL_stage.dp_gt_M.dat_dfflr.qout_r[N]	u_eI_cpu.u_eJ_core.u_eK_biu.u_sirv_gnrl_icb_buffer.u_sirv_gnrl_cmd_fifo.dp_gtL.vec_M_dfflr.qout_r	u_e203_cpu.u_e203_itcm_ctrl.u_sram_icb_ctrl.u_sirv_1cyc_sram_ctrl.u_e1_stage.dp_gt_0.dat_dfflr.qout_r[1]$_DFFE_PP_/QN	u_e203_cpu.u_e203_core.u_e203_biu.u_sirv_gnrl_icb_buffer.u_sirv_gnrl_cmd_fifo.dp_gt0.vec_31_dfflr.qout_r$_DFFE_PN0P_/D
985	-0.4672	u_eI_cpu.u_eJ_core.u_eK_biu.u_biu_icb_arbt.arbt_num_gt_L_gen.dp_M.u_sirv_gnrl_rspid_fifo.dp_gt_N.dat_dfflr.qout_r	u_eI_cpu.u_eJ_itcm_ctrl.u_sram_icb_ctrl.u_byp_icb_cmd_buf.u_bypbuf_fifo.dp_gtK.fifo_rf[L].fifo_rf_dffl.qout_r[M]	u_e203_cpu.u_e203_core.u_e203_biu.u_biu_icb_arbt.arbt_num_gt_1_gen.dp_1.u_sirv_gnrl_rspid_fifo.dp_gt_0.dat_dfflr.qout_r$_DFFE_PP_/Q	u_e203_cpu.u_e203_itcm_ctrl.u_sram_icb_ctrl.u_byp_icb_cmd_buf.u_bypbuf_fifo.dp_gt0.fifo_rf[0].fifo_rf_dffl.qout_r[2]$_DFFE_PP_/D
986	-0.4671	u_eI_cpu.u_eJ_core.u_eK_ifu.u_eL_ifu_ifetch.ifu_err_dfflr.qout_r	u_eI_cpu.u_eJ_core.u_eK_ifu.u_eL_ifu_iftMicb.u_eN_ifetch_rsp_bypbuf.u_bypbuf_fifo.dp_gtO.vec_P_dfflrs.qout_r	u_e203_cpu.u_e203_core.u_e203_ifu.u_e203_ifu_ifetch.ifu_err_dfflr.qout_r$_DFFE_PN0P_/Q	u_e203_cpu.u_e203_core.u_e203_ifu.u_e203_ifu_ift2icb.u_e203_ifetch_rsp_bypbuf.u_bypbuf_fifo.dp_gt0.vec_0_dfflrs.qout_r$_DFFE_PN1P_/D
987	-0.4669	u_eI_cpu.u_eJ_itcm_ctrl.u_itcm_icb_arbt.arbt_num_gt_K_gen.dp_L.u_sirv_gnrl_rspid_fifo.dp_gt_M.vld_dfflr.qout_r	u_eI_cpu.u_eJ_core.u_eK_biu.u_biu_icb_arbt.arbt_num_gt_L_gen.dp_M.u_sirv_gnrl_rspid_fifo.dp_gt_N.dat_dfflr.qout_r	u_e203_cpu.u_e203_itcm_ctrl.u_itcm_icb_arbt.arbt_num_gt_1_gen.dp_1.u_sirv_gnrl_rspid_fifo.dp_gt_0.vld_dfflr.qout_r$_DFFE_PN0P_/Q	u_e203_cpu.u_e203_core.u_e203_biu.u_biu_icb_arbt.arbt_num_gt_1_gen.dp_1.u_sirv_gnrl_rspid_fifo.dp_gt_0.dat_dfflr.qout_r$_DFFE_PP_/D
988	-0.4667	u_eI_cpu.u_eJ_core.u_eK_biu.u_biu_icb_arbt.arbt_num_gt_L_gen.dp_M.u_sirv_gnrl_rspid_fifo.dp_gt_N.dat_dfflr.qout_r	u_eI_cpu.u_eJ_core.u_eK_ifu.u_eL_ifu_iftMicb.icb_state_dfflr.qout_r[N]	u_e203_cpu.u_e203_core.u_e203_biu.u_biu_icb_arbt.arbt_num_gt_1_gen.dp_1.u_sirv_gnrl_rspid_fifo.dp_gt_0.dat_dfflr.qout_r$_DFFE_PP_/Q	u_e203_cpu.u_e203_core.u_e203_ifu.u_e203_ifu_ift2icb.icb_state_dfflr.qout_r[1]$_DFFE_PN0P_/D
989	-0.4667	u_eI_cpu.u_eJ_dtcm_ctrl.u_sram_icb_ctrl.u_sirv_Kcyc_sram_ctrl.u_eL_stage.dp_gt_M.vld_dfflr.qout_r	u_eI_cpu.u_eJ_core.u_eK_biu.u_sirv_gnrl_icb_buffer.outs_cnt_dfflr.qout_r	u_e203_cpu.u_e203_dtcm_ctrl.u_sram_icb_ctrl.u_sirv_1cyc_sram_ctrl.u_e1_stage.dp_gt_0.vld_dfflr.qout_r$_DFFE_PN0P_/Q	u_e203_cpu.u_e203_core.u_e203_biu.u_sirv_gnrl_icb_buffer.outs_cnt_dfflr.qout_r$_DFFE_PN0P_/D
990	-0.4667	u_eI_cpu.u_eJ_itcm_ctrl.u_itcm_icb_arbt.arbt_num_gt_K_gen.dp_L.u_sirv_gnrl_rspid_fifo.dp_gt_M.vld_dfflr.qout_r	u_eI_cpu.u_eJ_core.u_eK_ifu.u_eL_ifu_iftMicb.req_lane_cross_dfflr.qout_r	u_e203_cpu.u_e203_itcm_ctrl.u_itcm_icb_arbt.arbt_num_gt_1_gen.dp_1.u_sirv_gnrl_rspid_fifo.dp_gt_0.vld_dfflr.qout_r$_DFFE_PN0P_/Q	u_e203_cpu.u_e203_core.u_e203_ifu.u_e203_ifu_ift2icb.req_lane_cross_dfflr.qout_r$_DFFE_PN0P_/D
991	-0.4667	u_eI_cpu.u_eJ_itcm_ctrl.u_itcm_icb_arbt.arbt_num_gt_K_gen.dp_L.u_sirv_gnrl_rspid_fifo.dp_gt_M.vld_dfflr.qout_r	u_eI_cpu.u_eJ_core.u_eK_ifu.u_eL_ifu_iftMicb.req_need_Nuop_dfflr.qout_r	u_e203_cpu.u_e203_itcm_ctrl.u_itcm_icb_arbt.arbt_num_gt_1_gen.dp_1.u_sirv_gnrl_rspid_fifo.dp_gt_0.vld_dfflr.qout_r$_DFFE_PN0P_/Q	u_e203_cpu.u_e203_core.u_e203_ifu.u_e203_ifu_ift2icb.req_need_0uop_dfflr.qout_r$_DFFE_PN0P_/D
992	-0.4667	u_eI_cpu.u_eJ_itcm_ctrl.u_itcm_icb_arbt.arbt_num_gt_K_gen.dp_L.u_sirv_gnrl_rspid_fifo.dp_gt_M.vld_dfflr.qout_r	u_eI_cpu.u_eJ_core.u_eK_ifu.u_eL_ifu_iftMicb.req_same_cross_holdup_dfflr.qout_r	u_e203_cpu.u_e203_itcm_ctrl.u_itcm_icb_arbt.arbt_num_gt_1_gen.dp_1.u_sirv_gnrl_rspid_fifo.dp_gt_0.vld_dfflr.qout_r$_DFFE_PN0P_/Q	u_e203_cpu.u_e203_core.u_e203_ifu.u_e203_ifu_ift2icb.req_same_cross_holdup_dfflr.qout_r$_DFFE_PN0P_/D
993	-0.4665	u_eI_cpu.u_eJ_core.u_eK_biu.u_biu_icb_arbt.arbt_num_gt_L_gen.dp_M.u_sirv_gnrl_rspid_fifo.dp_gt_N.vld_dfflr.qout_r	u_eI_cpu.u_eJ_core.u_eK_biu.u_sirv_gnrl_icb_buffer.u_sirv_gnrl_cmd_fifo.dp_gtL.vec_M_dfflrs.qout_r	u_e203_cpu.u_e203_core.u_e203_biu.u_biu_icb_arbt.arbt_num_gt_1_gen.dp_1.u_sirv_gnrl_rspid_fifo.dp_gt_0.vld_dfflr.qout_r$_DFFE_PN0P_/Q	u_e203_cpu.u_e203_core.u_e203_biu.u_sirv_gnrl_icb_buffer.u_sirv_gnrl_cmd_fifo.dp_gt0.vec_0_dfflrs.qout_r$_DFFE_PN1P_/D
994	-0.4664	u_eI_cpu.u_eJ_core.u_eK_lsu.u_eL_lsu_ctrl.u_eM_lsu_splt_stage.dp_gt_N.vld_dfflr.qout_r	u_eI_cpu.u_eJ_core.u_eK_ifu.u_eL_ifu_ifetch.dly_flush_dfflr.qout_r	u_e203_cpu.u_e203_core.u_e203_lsu.u_e203_lsu_ctrl.u_e203_lsu_splt_stage.dp_gt_0.vld_dfflr.qout_r$_DFFE_PN0P_/Q	u_e203_cpu.u_e203_core.u_e203_ifu.u_e203_ifu_ifetch.dly_flush_dfflr.qout_r$_DFFE_PN0P_/D
995	-0.4662	u_eI_cpu.u_eJ_core.u_eK_lsu.u_eL_lsu_ctrl.u_eM_lsu_splt_stage.dp_gt_N.dat_dfflr.qout_r[O]	u_eI_cpu.u_eJ_itcm_ctrl.u_sram_icb_ctrl.u_sirv_Kcyc_sram_ctrl.u_eL_stage.dp_gt_M.vld_dfflr.qout_r	u_e203_cpu.u_e203_core.u_e203_lsu.u_e203_lsu_ctrl.u_e203_lsu_splt_stage.dp_gt_0.dat_dfflr.qout_r[43]$_DFFE_PP_/Q	u_e203_cpu.u_e203_itcm_ctrl.u_sram_icb_ctrl.u_sirv_1cyc_sram_ctrl.u_e1_stage.dp_gt_0.vld_dfflr.qout_r$_DFFE_PN0P_/D
996	-0.4661	u_eI_cpu.u_eJ_core.u_eK_lsu.u_eL_lsu_ctrl.u_eM_lsu_splt_stage.dp_gt_N.dat_dfflr.qout_r[O]	u_eI_cpu.u_eJ_core.u_eK_ifu.u_eL_ifu_iftMicb.leftover_err_dfflr.qout_r	u_e203_cpu.u_e203_core.u_e203_lsu.u_e203_lsu_ctrl.u_e203_lsu_splt_stage.dp_gt_0.dat_dfflr.qout_r[43]$_DFFE_PP_/Q	u_e203_cpu.u_e203_core.u_e203_ifu.u_e203_ifu_ift2icb.leftover_err_dfflr.qout_r$_DFFE_PN0P_/D
997	-0.4661	u_eI_cpu.u_eJ_core.u_eK_exu.u_eL_exu_regfile.regfile[M].rfnoN.rf_dffl.qout_r[O]	u_eI_cpu.u_eJ_core.u_eK_ifu.u_eL_ifu_iftMicb.icb_addr_N_O_dffl.qout_r[P]	u_e203_cpu.u_e203_core.u_e203_exu.u_e203_exu_regfile.regfile[6].rfno0.rf_dffl.qout_r[31]$_DFFE_PP_/Q	u_e203_cpu.u_e203_core.u_e203_ifu.u_e203_ifu_ift2icb.icb_addr_2_1_dffl.qout_r[0]$_DFFE_PP_/D
998	-0.4660	u_eI_cpu.u_eJ_itcm_ctrl.u_sram_icb_ctrl.u_sirv_Kcyc_sram_ctrl.u_eL_stage.dp_gt_M.vld_dfflr.qout_r	u_eI_cpu.u_eJ_core.u_eK_ifu.u_eL_ifu_iftMicb.u_eN_ifetch_rsp_bypbuf.u_bypbuf_fifo.dp_gtO.vec_P_dfflrs.qout_r	u_e203_cpu.u_e203_itcm_ctrl.u_sram_icb_ctrl.u_sirv_1cyc_sram_ctrl.u_e1_stage.dp_gt_0.vld_dfflr.qout_r$_DFFE_PN0P_/Q	u_e203_cpu.u_e203_core.u_e203_ifu.u_e203_ifu_ift2icb.u_e203_ifetch_rsp_bypbuf.u_bypbuf_fifo.dp_gt0.vec_0_dfflrs.qout_r$_DFFE_PN1P_/D
999	-0.4659	u_eI_cpu.u_eJ_core.u_eK_ifu.u_eL_ifu_ifetch.ifu_hi_ir_dfflr.qout_r[M]	u_eI_cpu.u_eJ_core.u_eK_exu.u_eL_exu_csr.minstreth_dfflr.qout_r[M]	u_e203_cpu.u_e203_core.u_e203_ifu.u_e203_ifu_ifetch.ifu_hi_ir_dfflr.qout_r[15]$_DFFE_PN0P_/Q	u_e203_cpu.u_e203_core.u_e203_exu.u_e203_exu_csr.minstreth_dfflr.qout_r[29]$_DFFE_PN0P_/D
1000	-0.4658	u_eI_cpu.u_eJ_itcm_ctrl.u_itcm_icb_arbt.arbt_num_gt_K_gen.dp_L.u_sirv_gnrl_rspid_fifo.dp_gt_M.dat_dfflr.qout_r	u_eI_cpu.u_eJ_core.u_eK_ifu.u_eL_ifu_ifetch.pc_newpend_dfflr.qout_r	u_e203_cpu.u_e203_itcm_ctrl.u_itcm_icb_arbt.arbt_num_gt_1_gen.dp_1.u_sirv_gnrl_rspid_fifo.dp_gt_0.dat_dfflr.qout_r$_DFFE_PP_/Q	u_e203_cpu.u_e203_core.u_e203_ifu.u_e203_ifu_ifetch.pc_newpend_dfflr.qout_r$_DFFE_PN0P_/D
