# stage	1_synth
# top_module	e203_cpu_top
# top_n	1000
# kind	blocks
# skip_async	1
# include_full	1
# rank	worst_slack_ns	start	end	start_full	end_full
1	-1.7878	dbg_mode	extIdtcm_icb_cmd_ready	dbg_mode	ext2dtcm_icb_cmd_ready
2	-1.7672	dbg_mode	extIitcm_icb_cmd_ready	dbg_mode	ext2itcm_icb_cmd_ready
3	-1.5663	dbg_step_r	extIdtcm_icb_cmd_ready	dbg_step_r	ext2dtcm_icb_cmd_ready
4	-1.5456	dbg_step_r	extIitcm_icb_cmd_ready	dbg_step_r	ext2itcm_icb_cmd_ready
5	-1.5210	dbg_mode	cmt_dcause[I]	dbg_mode	cmt_dcause[0]
6	-1.4762	dbg_mode	cmt_dcause_ena	dbg_mode	cmt_dcause_ena
7	-1.4591	dbg_mode	core_wfi	dbg_mode	core_wfi
8	-1.4379	dbg_halt_r	extIdtcm_icb_cmd_ready	dbg_halt_r	ext2dtcm_icb_cmd_ready
9	-1.4296	dbg_mode	cmt_dpc_ena	dbg_mode	cmt_dpc_ena
10	-1.4172	dbg_halt_r	extIitcm_icb_cmd_ready	dbg_halt_r	ext2itcm_icb_cmd_ready
11	-1.2995	dbg_step_r	cmt_dcause[I]	dbg_step_r	cmt_dcause[0]
12	-1.2547	dbg_step_r	cmt_dcause_ena	dbg_step_r	cmt_dcause_ena
13	-1.2445	dbg_mode	u_eI_cpu.u_eJ_itcm_ctrl.u_sram_icb_ctrl.u_byp_icb_cmd_buf.u_bypbuf_fifo.dp_gtK.fifo_rf[L].fifo_rf_dffl.qout_r[M]	dbg_mode	u_e203_cpu.u_e203_itcm_ctrl.u_sram_icb_ctrl.u_byp_icb_cmd_buf.u_bypbuf_fifo.dp_gt0.fifo_rf[0].fifo_rf_dffl.qout_r[42]$_DFFE_PP_/D
14	-1.2376	dbg_step_r	core_wfi	dbg_step_r	core_wfi
15	-1.2311	dbg_mode	u_eI_cpu.u_eJ_core.u_eK_biu.u_sirv_gnrl_icb_buffer.u_sirv_gnrl_cmd_fifo.dp_gtL.fifo_rf[M].fifo_rf_dffl.qout_r[N]	dbg_mode	u_e203_cpu.u_e203_core.u_e203_biu.u_sirv_gnrl_icb_buffer.u_sirv_gnrl_cmd_fifo.dp_gt0.fifo_rf[0].fifo_rf_dffl.qout_r[0]$_DFFE_PP_/D
16	-1.2235	dbg_mode	u_eI_cpu.u_eJ_core.u_eK_ifu.u_eL_ifu_iftMicb.leftover_dffl.qout_r[N]	dbg_mode	u_e203_cpu.u_e203_core.u_e203_ifu.u_e203_ifu_ift2icb.leftover_dffl.qout_r[10]$_DFFE_PP_/D
17	-1.2176	dbg_mode	u_eI_cpu.u_eJ_core.u_eK_biu.u_sirv_gnrl_icb_buffer.u_sirv_gnrl_cmd_fifo.dp_gtL.vec_M_dfflrs.qout_r	dbg_mode	u_e203_cpu.u_e203_core.u_e203_biu.u_sirv_gnrl_icb_buffer.u_sirv_gnrl_cmd_fifo.dp_gt0.vec_0_dfflrs.qout_r$_DFFE_PN1P_/D
18	-1.2146	dbg_mode	u_eI_cpu.u_eJ_core.u_eK_biu.u_sirv_gnrl_icb_buffer.u_sirv_gnrl_cmd_fifo.dp_gtL.vec_M_dfflr.qout_r	dbg_mode	u_e203_cpu.u_e203_core.u_e203_biu.u_sirv_gnrl_icb_buffer.u_sirv_gnrl_cmd_fifo.dp_gt0.vec_31_dfflr.qout_r$_DFFE_PN0P_/D
19	-1.2140	dbg_mode	u_eI_cpu.u_eJ_core.u_eK_ifu.u_eL_ifu_ifetch.ifu_hi_ir_dfflr.qout_r[M]	dbg_mode	u_e203_cpu.u_e203_core.u_e203_ifu.u_e203_ifu_ifetch.ifu_hi_ir_dfflr.qout_r[8]$_DFFE_PN0P_/D
20	-1.2087	dbg_mode	u_eI_cpu.u_eJ_core.u_eK_ifu.u_eL_ifu_iftMicb.u_eN_ifetch_rsp_bypbuf.u_bypbuf_fifo.dp_gtO.vec_P_dfflrs.qout_r	dbg_mode	u_e203_cpu.u_e203_core.u_e203_ifu.u_e203_ifu_ift2icb.u_e203_ifetch_rsp_bypbuf.u_bypbuf_fifo.dp_gt0.vec_0_dfflrs.qout_r$_DFFE_PN1P_/D
21	-1.2081	dbg_step_r	cmt_dpc_ena	dbg_step_r	cmt_dpc_ena
22	-1.2048	dbg_mode	u_eI_cpu.u_eJ_core.u_eK_biu.u_biu_icb_arbt.arbt_num_gt_L_gen.dp_M.u_sirv_gnrl_rspid_fifo.dp_gt_N.dat_dfflr.qout_r	dbg_mode	u_e203_cpu.u_e203_core.u_e203_biu.u_biu_icb_arbt.arbt_num_gt_1_gen.dp_1.u_sirv_gnrl_rspid_fifo.dp_gt_0.dat_dfflr.qout_r$_DFFE_PP_/D
23	-1.2035	dbg_mode	u_eI_cpu.u_eJ_core.u_eK_ifu.u_eL_ifu_ifetch.ir_rsMidx_dfflr.qout_r[N]	dbg_mode	u_e203_cpu.u_e203_core.u_e203_ifu.u_e203_ifu_ifetch.ir_rs2idx_dfflr.qout_r[0]$_DFFE_PN0P_/D
24	-1.2022	dbg_mode	u_eI_cpu.u_eJ_core.u_eK_ifu.u_eL_ifu_ifetch.pc_dfflr.qout_r[M]	dbg_mode	u_e203_cpu.u_e203_core.u_e203_ifu.u_e203_ifu_ifetch.pc_dfflr.qout_r[19]$_DFFE_PN0P_/D
25	-1.1920	dbg_mode	u_eI_cpu.u_eJ_core.u_eK_ifu.u_eL_ifu_iftMicb.icb_addr_N_O_dffl.qout_r[P]	dbg_mode	u_e203_cpu.u_e203_core.u_e203_ifu.u_e203_ifu_ift2icb.icb_addr_2_1_dffl.qout_r[0]$_DFFE_PP_/D
26	-1.1872	dbg_mode	u_eI_cpu.u_eJ_core.u_eK_ifu.u_eL_ifu_iftMicb.req_lane_cross_dfflr.qout_r	dbg_mode	u_e203_cpu.u_e203_core.u_e203_ifu.u_e203_ifu_ift2icb.req_lane_cross_dfflr.qout_r$_DFFE_PN0P_/D
27	-1.1872	dbg_mode	u_eI_cpu.u_eJ_core.u_eK_ifu.u_eL_ifu_iftMicb.req_need_Nuop_dfflr.qout_r	dbg_mode	u_e203_cpu.u_e203_core.u_e203_ifu.u_e203_ifu_ift2icb.req_need_2uop_dfflr.qout_r$_DFFE_PN0P_/D
28	-1.1872	dbg_mode	u_eI_cpu.u_eJ_core.u_eK_ifu.u_eL_ifu_iftMicb.req_same_cross_holdup_dfflr.qout_r	dbg_mode	u_e203_cpu.u_e203_core.u_e203_ifu.u_e203_ifu_ift2icb.req_same_cross_holdup_dfflr.qout_r$_DFFE_PN0P_/D
29	-1.1819	dbg_mode	u_eI_cpu.u_eJ_core.u_eK_ifu.u_eL_ifu_iftMicb.u_eN_ifetch_rsp_bypbuf.u_bypbuf_fifo.dp_gtO.fifo_rf[P].fifo_rf_dffl.qout_r[Q]	dbg_mode	u_e203_cpu.u_e203_core.u_e203_ifu.u_e203_ifu_ift2icb.u_e203_ifetch_rsp_bypbuf.u_bypbuf_fifo.dp_gt0.fifo_rf[0].fifo_rf_dffl.qout_r[10]$_DFFE_PP_/D
30	-1.1789	dbg_mode	u_eI_cpu.u_eJ_core.u_eK_ifu.u_eL_ifu_iftMicb.icbNmem_dfflr.qout_r	dbg_mode	u_e203_cpu.u_e203_core.u_e203_ifu.u_e203_ifu_ift2icb.icb2mem_dfflr.qout_r$_DFFE_PN0P_/D
31	-1.1723	dbg_mode	u_eI_cpu.u_eJ_core.u_eK_ifu.u_eL_ifu_ifetch.pc_newpend_dfflr.qout_r	dbg_mode	u_e203_cpu.u_e203_core.u_e203_ifu.u_e203_ifu_ifetch.pc_newpend_dfflr.qout_r$_DFFE_PN0P_/D
32	-1.1691	dbg_mode	u_eI_cpu.u_eJ_core.u_eK_ifu.u_eL_ifu_iftMicb.icbNitcm_dfflr.qout_r	dbg_mode	u_e203_cpu.u_e203_core.u_e203_ifu.u_e203_ifu_ift2icb.icb2itcm_dfflr.qout_r$_DFFE_PN0P_/D
33	-1.1683	dbg_halt_r	cmt_dcause[I]	dbg_halt_r	cmt_dcause[0]
34	-1.1669	dbg_mode	u_eI_cpu.u_eJ_core.u_eK_ifu.u_eL_ifu_iftMicb.leftover_err_dfflr.qout_r	dbg_mode	u_e203_cpu.u_e203_core.u_e203_ifu.u_e203_ifu_ift2icb.leftover_err_dfflr.qout_r$_DFFE_PN0P_/D
35	-1.1631	dbg_mode	u_eI_cpu.u_eJ_core.u_eK_ifu.u_eL_ifu_ifetch.ifu_lo_ir_dfflr.qout_r[M]	dbg_mode	u_e203_cpu.u_e203_core.u_e203_ifu.u_e203_ifu_ifetch.ifu_lo_ir_dfflr.qout_r[6]$_DFFE_PN0P_/D
36	-1.1631	dbg_mode	u_eI_cpu.u_eJ_core.u_eK_ifu.u_eL_ifu_ifetch.ifu_err_dfflr.qout_r	dbg_mode	u_e203_cpu.u_e203_core.u_e203_ifu.u_e203_ifu_ifetch.ifu_err_dfflr.qout_r$_DFFE_PN0P_/D
37	-1.1631	dbg_mode	u_eI_cpu.u_eJ_core.u_eK_ifu.u_eL_ifu_ifetch.ifu_prdt_taken_dfflr.qout_r	dbg_mode	u_e203_cpu.u_e203_core.u_e203_ifu.u_e203_ifu_ifetch.ifu_prdt_taken_dfflr.qout_r$_DFFE_PN0P_/D
38	-1.1612	dbg_mode	u_eI_cpu.u_eJ_core.u_eK_ifu.u_eL_ifu_iftMicb.icb_state_dfflr.qout_r[N]	dbg_mode	u_e203_cpu.u_e203_core.u_e203_ifu.u_e203_ifu_ift2icb.icb_state_dfflr.qout_r[0]$_DFFE_PN0P_/D
39	-1.1598	dbg_mode	u_eI_cpu.u_eJ_itcm_ctrl.u_sram_icb_ctrl.u_byp_icb_cmd_buf.u_bypbuf_fifo.dp_gtK.vec_L_dfflr.qout_r	dbg_mode	u_e203_cpu.u_e203_itcm_ctrl.u_sram_icb_ctrl.u_byp_icb_cmd_buf.u_bypbuf_fifo.dp_gt0.vec_31_dfflr.qout_r$_DFFE_PN0P_/D
40	-1.1546	dbg_mode	u_eI_srams.u_eJ_itcm_ram.u_eK_itcm_gnrl_ram.u_sirv_sim_ram.mem_r[L][M]	dbg_mode	u_e203_srams.u_e203_itcm_ram.u_e203_itcm_gnrl_ram.u_sirv_sim_ram.mem_r[0][32]$_DFFE_PP_/D
41	-1.1532	dbg_mode	u_eI_cpu.u_eJ_core.u_eK_biu.u_biu_icb_arbt.arbt_num_gt_L_gen.dp_M.u_sirv_gnrl_rspid_fifo.dp_gt_N.vld_dfflr.qout_r	dbg_mode	u_e203_cpu.u_e203_core.u_e203_biu.u_biu_icb_arbt.arbt_num_gt_1_gen.dp_1.u_sirv_gnrl_rspid_fifo.dp_gt_0.vld_dfflr.qout_r$_DFFE_PN0P_/D
42	-1.1498	u_eI_cpu.u_eJ_core.u_eK_ifu.u_eL_ifu_ifetch.ifu_lo_ir_dfflr.qout_r[M]	extIdtcm_icb_cmd_ready	u_e203_cpu.u_e203_core.u_e203_ifu.u_e203_ifu_ifetch.ifu_lo_ir_dfflr.qout_r[11]$_DFFE_PN0P_/Q	ext2dtcm_icb_cmd_ready
43	-1.1476	dbg_mode	u_eI_cpu.u_eJ_core.u_eK_ifu.u_eL_ifu_ifetch.out_flag_dfflr.qout_r	dbg_mode	u_e203_cpu.u_e203_core.u_e203_ifu.u_e203_ifu_ifetch.out_flag_dfflr.qout_r$_DFFE_PN0P_/D
44	-1.1456	dbg_mode	u_eI_srams.u_eJ_dtcm_ram.u_eK_dtcm_gnrl_ram.u_sirv_sim_ram.mem_r[L][M]	dbg_mode	u_e203_srams.u_e203_dtcm_ram.u_e203_dtcm_gnrl_ram.u_sirv_sim_ram.mem_r[0][0]$_DFFE_PP_/D
45	-1.1438	dbg_mode	u_eI_cpu.u_eJ_core.u_eK_ifu.u_eL_ifu_ifetch.reset_req_dfflr.qout_r	dbg_mode	u_e203_cpu.u_e203_core.u_e203_ifu.u_e203_ifu_ifetch.reset_req_dfflr.qout_r$_DFFE_PN0P_/D
46	-1.1398	dbg_mode	u_eI_cpu.u_eJ_core.u_eK_ifu.u_eL_ifu_ifetch.dly_flush_dfflr.qout_r	dbg_mode	u_e203_cpu.u_e203_core.u_e203_ifu.u_e203_ifu_ifetch.dly_flush_dfflr.qout_r$_DFFE_PN0P_/D
47	-1.1382	dbg_mode	u_eI_cpu.u_eJ_core.u_eK_exu.u_eL_exu_csr.minstreth_dfflr.qout_r[M]	dbg_mode	u_e203_cpu.u_e203_core.u_e203_exu.u_e203_exu_csr.minstreth_dfflr.qout_r[29]$_DFFE_PN0P_/D
48	-1.1351	dbg_mode	u_eI_cpu.u_eJ_itcm_ctrl.u_sram_icb_ctrl.u_sirv_Kcyc_sram_ctrl.u_eL_stage.dp_gt_M.dat_dfflr.qout_r[N]	dbg_mode	u_e203_cpu.u_e203_itcm_ctrl.u_sram_icb_ctrl.u_sirv_1cyc_sram_ctrl.u_e1_stage.dp_gt_0.dat_dfflr.qout_r[1]$_DFFE_PP_/D
49	-1.1291	u_eI_cpu.u_eJ_core.u_eK_ifu.u_eL_ifu_ifetch.ifu_lo_ir_dfflr.qout_r[M]	extIitcm_icb_cmd_ready	u_e203_cpu.u_e203_core.u_e203_ifu.u_e203_ifu_ifetch.ifu_lo_ir_dfflr.qout_r[11]$_DFFE_PN0P_/Q	ext2itcm_icb_cmd_ready
50	-1.1263	dbg_halt_r	cmt_dcause_ena	dbg_halt_r	cmt_dcause_ena
51	-1.1245	dbg_mode	u_eI_cpu.u_eJ_core.u_eK_ifu.u_eL_ifu_ifetch.ir_valid_dfflr.qout_r	dbg_mode	u_e203_cpu.u_e203_core.u_e203_ifu.u_e203_ifu_ifetch.ir_valid_dfflr.qout_r$_DFFE_PN0P_/D
52	-1.1240	dbg_mode	u_eI_cpu.u_eJ_core.u_eK_ifu.u_eL_ifu_ifetch.ir_muldiv_bMb_dfflr.qout_r	dbg_mode	u_e203_cpu.u_e203_core.u_e203_ifu.u_e203_ifu_ifetch.ir_muldiv_b2b_dfflr.qout_r$_DFFE_PN0P_/D
53	-1.1223	dbg_mode	u_eI_cpu.u_eJ_core.u_eK_exu.u_eL_exu_csr.minstret_dfflr.qout_r[M]	dbg_mode	u_e203_cpu.u_e203_core.u_e203_exu.u_e203_exu_csr.minstret_dfflr.qout_r[29]$_DFFE_PN0P_/D
54	-1.1221	dbg_mode	u_eI_cpu.u_eJ_itcm_ctrl.u_sram_icb_ctrl.u_byp_icb_cmd_buf.u_bypbuf_fifo.dp_gtK.vec_L_dfflrs.qout_r	dbg_mode	u_e203_cpu.u_e203_itcm_ctrl.u_sram_icb_ctrl.u_byp_icb_cmd_buf.u_bypbuf_fifo.dp_gt0.vec_0_dfflrs.qout_r$_DFFE_PN1P_/D
55	-1.1218	dbg_mode	u_eI_cpu.u_eJ_itcm_ctrl.ifu_holdup_dffl.qout_r	dbg_mode	u_e203_cpu.u_e203_itcm_ctrl.ifu_holdup_dffl.qout_r$_DFFE_PN0P_/D
56	-1.1199	dbg_mode	u_eI_cpu.u_eJ_core.u_eK_exu.u_eL_exu_alu.u_eM_exu_alu_dpath.sbf_N_dffl.qout_r[O]	dbg_mode	u_e203_cpu.u_e203_core.u_e203_exu.u_e203_exu_alu.u_e203_exu_alu_dpath.sbf_0_dffl.qout_r[7]$_DFFE_PP_/D
57	-1.1131	dbg_mode	u_eI_cpu.u_eJ_itcm_ctrl.u_sram_icb_ctrl.u_sirv_Kcyc_sram_ctrl.u_eL_stage.dp_gt_M.vld_dfflr.qout_r	dbg_mode	u_e203_cpu.u_e203_itcm_ctrl.u_sram_icb_ctrl.u_sirv_1cyc_sram_ctrl.u_e1_stage.dp_gt_0.vld_dfflr.qout_r$_DFFE_PN0P_/D
58	-1.1063	u_eI_cpu.u_eJ_core.u_eK_ifu.u_eL_ifu_ifetch.ifu_hi_ir_dfflr.qout_r[M]	extIdtcm_icb_cmd_ready	u_e203_cpu.u_e203_core.u_e203_ifu.u_e203_ifu_ifetch.ifu_hi_ir_dfflr.qout_r[10]$_DFFE_PN0P_/Q	ext2dtcm_icb_cmd_ready
59	-1.1061	dbg_mode	u_eI_cpu.u_eJ_dtcm_ctrl.u_sram_icb_ctrl.u_byp_icb_cmd_buf.u_bypbuf_fifo.dp_gtK.fifo_rf[L].fifo_rf_dffl.qout_r[M]	dbg_mode	u_e203_cpu.u_e203_dtcm_ctrl.u_sram_icb_ctrl.u_byp_icb_cmd_buf.u_bypbuf_fifo.dp_gt0.fifo_rf[0].fifo_rf_dffl.qout_r[10]$_DFFE_PP_/D
60	-1.1005	dbg_halt_r	core_wfi	dbg_halt_r	core_wfi
61	-1.0857	u_eI_cpu.u_eJ_core.u_eK_ifu.u_eL_ifu_ifetch.ifu_hi_ir_dfflr.qout_r[M]	extIitcm_icb_cmd_ready	u_e203_cpu.u_e203_core.u_e203_ifu.u_e203_ifu_ifetch.ifu_hi_ir_dfflr.qout_r[10]$_DFFE_PN0P_/Q	ext2itcm_icb_cmd_ready
62	-1.0761	dbg_mode	u_eI_cpu.u_eJ_core.u_eK_ifu.u_eL_ifu_iftMicb.u_eN_ifetch_rsp_bypbuf.u_bypbuf_fifo.dp_gtO.vec_P_dfflr.qout_r	dbg_mode	u_e203_cpu.u_e203_core.u_e203_ifu.u_e203_ifu_ift2icb.u_e203_ifetch_rsp_bypbuf.u_bypbuf_fifo.dp_gt0.vec_31_dfflr.qout_r$_DFFE_PN0P_/D
63	-1.0710	dbg_halt_r	cmt_dpc_ena	dbg_halt_r	cmt_dpc_ena
64	-1.0656	dbg_mode	u_eI_cpu.u_eJ_core.u_eK_exu.u_eL_exu_alu.u_eM_exu_alu_dpath.sbf_N_dffl.qout_r[O]	dbg_mode	u_e203_cpu.u_e203_core.u_e203_exu.u_e203_exu_alu.u_e203_exu_alu_dpath.sbf_1_dffl.qout_r[32]$_SDFFCE_PN0P_/D
65	-1.0621	dbg_mode	u_eI_cpu.u_eJ_dtcm_ctrl.u_sram_icb_ctrl.u_byp_icb_cmd_buf.u_bypbuf_fifo.dp_gtK.vec_L_dfflrs.qout_r	dbg_mode	u_e203_cpu.u_e203_dtcm_ctrl.u_sram_icb_ctrl.u_byp_icb_cmd_buf.u_bypbuf_fifo.dp_gt0.vec_0_dfflrs.qout_r$_DFFE_PN1P_/D
66	-1.0552	dbg_mode	u_eI_cpu.u_eJ_core.u_eK_exu.u_eL_exu_regfile.regfile[M].rfnoN.rf_dffl.qout_r[O]	dbg_mode	u_e203_cpu.u_e203_core.u_e203_exu.u_e203_exu_regfile.regfile[8].rfno0.rf_dffl.qout_r[10]$_DFFE_PP_/D
67	-1.0337	dbg_mode	u_eI_cpu.u_eJ_core.u_eK_exu.u_eL_exu_csr.badaddr_dfflr.qout_r[M]	dbg_mode	u_e203_cpu.u_e203_core.u_e203_exu.u_e203_exu_csr.badaddr_dfflr.qout_r[13]$_DFFE_PN0P_/D
68	-1.0230	dbg_step_r	u_eI_cpu.u_eJ_itcm_ctrl.u_sram_icb_ctrl.u_byp_icb_cmd_buf.u_bypbuf_fifo.dp_gtK.fifo_rf[L].fifo_rf_dffl.qout_r[M]	dbg_step_r	u_e203_cpu.u_e203_itcm_ctrl.u_sram_icb_ctrl.u_byp_icb_cmd_buf.u_bypbuf_fifo.dp_gt0.fifo_rf[0].fifo_rf_dffl.qout_r[42]$_DFFE_PP_/D
69	-1.0147	dbg_mode	u_eI_cpu.u_eJ_itcm_ctrl.u_itcm_icb_extKitcm_nLw.fifo_dp_M.u_sirv_gnrl_nNw_fifo.dp_gt_O.dat_dfflr.qout_r	dbg_mode	u_e203_cpu.u_e203_itcm_ctrl.u_itcm_icb_ext2itcm_n2w.fifo_dp_1.u_sirv_gnrl_n2w_fifo.dp_gt_0.dat_dfflr.qout_r$_DFFE_PP_/D
70	-1.0110	dbg_mode	u_eI_cpu.u_eJ_dtcm_ctrl.u_sram_icb_ctrl.u_byp_icb_cmd_buf.u_bypbuf_fifo.dp_gtK.vec_L_dfflr.qout_r	dbg_mode	u_e203_cpu.u_e203_dtcm_ctrl.u_sram_icb_ctrl.u_byp_icb_cmd_buf.u_bypbuf_fifo.dp_gt0.vec_31_dfflr.qout_r$_DFFE_PN0P_/D
71	-1.0095	dbg_step_r	u_eI_cpu.u_eJ_core.u_eK_biu.u_sirv_gnrl_icb_buffer.u_sirv_gnrl_cmd_fifo.dp_gtL.fifo_rf[M].fifo_rf_dffl.qout_r[N]	dbg_step_r	u_e203_cpu.u_e203_core.u_e203_biu.u_sirv_gnrl_icb_buffer.u_sirv_gnrl_cmd_fifo.dp_gt0.fifo_rf[0].fifo_rf_dffl.qout_r[0]$_DFFE_PP_/D
72	-1.0020	dbg_step_r	u_eI_cpu.u_eJ_core.u_eK_ifu.u_eL_ifu_iftMicb.leftover_dffl.qout_r[N]	dbg_step_r	u_e203_cpu.u_e203_core.u_e203_ifu.u_e203_ifu_ift2icb.leftover_dffl.qout_r[10]$_DFFE_PP_/D
73	-0.9990	u_eI_cpu.u_eJ_core.u_eK_ifu.u_eL_ifu_ifetch.ir_rsMidx_dfflr.qout_r[N]	extIdtcm_icb_cmd_ready	u_e203_cpu.u_e203_core.u_e203_ifu.u_e203_ifu_ifetch.ir_rs2idx_dfflr.qout_r[4]$_DFFE_PN0P_/Q	ext2dtcm_icb_cmd_ready
74	-0.9964	dbg_mode	u_eI_cpu.u_eJ_core.u_eK_lsu.u_eL_lsu_ctrl.u_eM_lsu_splt_stage.dp_gt_N.dat_dfflr.qout_r[O]	dbg_mode	u_e203_cpu.u_e203_core.u_e203_lsu.u_e203_lsu_ctrl.u_e203_lsu_splt_stage.dp_gt_0.dat_dfflr.qout_r[43]$_DFFE_PP_/D
75	-0.9961	dbg_step_r	u_eI_cpu.u_eJ_core.u_eK_biu.u_sirv_gnrl_icb_buffer.u_sirv_gnrl_cmd_fifo.dp_gtL.vec_M_dfflrs.qout_r	dbg_step_r	u_e203_cpu.u_e203_core.u_e203_biu.u_sirv_gnrl_icb_buffer.u_sirv_gnrl_cmd_fifo.dp_gt0.vec_0_dfflrs.qout_r$_DFFE_PN1P_/D
76	-0.9930	dbg_step_r	u_eI_cpu.u_eJ_core.u_eK_biu.u_sirv_gnrl_icb_buffer.u_sirv_gnrl_cmd_fifo.dp_gtL.vec_M_dfflr.qout_r	dbg_step_r	u_e203_cpu.u_e203_core.u_e203_biu.u_sirv_gnrl_icb_buffer.u_sirv_gnrl_cmd_fifo.dp_gt0.vec_31_dfflr.qout_r$_DFFE_PN0P_/D
77	-0.9925	dbg_step_r	u_eI_cpu.u_eJ_core.u_eK_ifu.u_eL_ifu_ifetch.ifu_hi_ir_dfflr.qout_r[M]	dbg_step_r	u_e203_cpu.u_e203_core.u_e203_ifu.u_e203_ifu_ifetch.ifu_hi_ir_dfflr.qout_r[8]$_DFFE_PN0P_/D
78	-0.9872	dbg_step_r	u_eI_cpu.u_eJ_core.u_eK_ifu.u_eL_ifu_iftMicb.u_eN_ifetch_rsp_bypbuf.u_bypbuf_fifo.dp_gtO.vec_P_dfflrs.qout_r	dbg_step_r	u_e203_cpu.u_e203_core.u_e203_ifu.u_e203_ifu_ift2icb.u_e203_ifetch_rsp_bypbuf.u_bypbuf_fifo.dp_gt0.vec_0_dfflrs.qout_r$_DFFE_PN1P_/D
79	-0.9870	dbg_mode	u_eI_cpu.u_eJ_core.u_eK_lsu.u_eL_lsu_ctrl.excl_flg_dffl.qout_r	dbg_mode	u_e203_cpu.u_e203_core.u_e203_lsu.u_e203_lsu_ctrl.excl_flg_dffl.qout_r$_DFFE_PN0P_/D
80	-0.9833	dbg_step_r	u_eI_cpu.u_eJ_core.u_eK_biu.u_biu_icb_arbt.arbt_num_gt_L_gen.dp_M.u_sirv_gnrl_rspid_fifo.dp_gt_N.dat_dfflr.qout_r	dbg_step_r	u_e203_cpu.u_e203_core.u_e203_biu.u_biu_icb_arbt.arbt_num_gt_1_gen.dp_1.u_sirv_gnrl_rspid_fifo.dp_gt_0.dat_dfflr.qout_r$_DFFE_PP_/D
81	-0.9820	dbg_step_r	u_eI_cpu.u_eJ_core.u_eK_ifu.u_eL_ifu_ifetch.ir_rsMidx_dfflr.qout_r[N]	dbg_step_r	u_e203_cpu.u_e203_core.u_e203_ifu.u_e203_ifu_ifetch.ir_rs2idx_dfflr.qout_r[0]$_DFFE_PN0P_/D
82	-0.9819	dbg_mode	u_eI_cpu.u_eJ_core.u_eK_exu.u_eL_exu_csr.epc_dfflr.qout_r[M]	dbg_mode	u_e203_cpu.u_e203_core.u_e203_exu.u_e203_exu_csr.epc_dfflr.qout_r[24]$_DFFE_PN0P_/D
83	-0.9807	dbg_step_r	u_eI_cpu.u_eJ_core.u_eK_ifu.u_eL_ifu_ifetch.pc_dfflr.qout_r[M]	dbg_step_r	u_e203_cpu.u_e203_core.u_e203_ifu.u_e203_ifu_ifetch.pc_dfflr.qout_r[19]$_DFFE_PN0P_/D
84	-0.9784	u_eI_cpu.u_eJ_core.u_eK_ifu.u_eL_ifu_ifetch.ir_rsMidx_dfflr.qout_r[N]	extIitcm_icb_cmd_ready	u_e203_cpu.u_e203_core.u_e203_ifu.u_e203_ifu_ifetch.ir_rs2idx_dfflr.qout_r[4]$_DFFE_PN0P_/Q	ext2itcm_icb_cmd_ready
85	-0.9754	dbg_mode	u_eI_cpu.u_eJ_itcm_ctrl.u_itcm_icb_extKitcm_nLw.fifo_dp_M.u_sirv_gnrl_nNw_fifo.dp_gt_O.vld_dfflr.qout_r	dbg_mode	u_e203_cpu.u_e203_itcm_ctrl.u_itcm_icb_ext2itcm_n2w.fifo_dp_1.u_sirv_gnrl_n2w_fifo.dp_gt_0.vld_dfflr.qout_r$_DFFE_PN0P_/D
86	-0.9717	dbg_mode	u_eI_cpu.u_eJ_core.u_eK_ifu.u_eL_ifu_ifetch.ifu_pc_dfflr.qout_r[M]	dbg_mode	u_e203_cpu.u_e203_core.u_e203_ifu.u_e203_ifu_ifetch.ifu_pc_dfflr.qout_r[10]$_DFFE_PN0P_/D
87	-0.9705	dbg_step_r	u_eI_cpu.u_eJ_core.u_eK_ifu.u_eL_ifu_iftMicb.icb_addr_N_O_dffl.qout_r[P]	dbg_step_r	u_e203_cpu.u_e203_core.u_e203_ifu.u_e203_ifu_ift2icb.icb_addr_2_1_dffl.qout_r[0]$_DFFE_PP_/D
88	-0.9700	dbg_mode	u_eI_cpu.u_eJ_core.u_eK_exu.u_eL_exu_oitf.oitf_entries[M].pc_dfflrs.qout_r[N]	dbg_mode	u_e203_cpu.u_e203_core.u_e203_exu.u_e203_exu_oitf.oitf_entries[0].pc_dfflrs.qout_r[1]$_DFFE_PP_/D
89	-0.9700	dbg_mode	u_eI_cpu.u_eJ_core.u_eK_exu.u_eL_exu_oitf.oitf_entries[M].rdidx_dfflrs.qout_r[N]	dbg_mode	u_e203_cpu.u_e203_core.u_e203_exu.u_e203_exu_oitf.oitf_entries[0].rdidx_dfflrs.qout_r[4]$_DFFE_PP_/D
90	-0.9700	dbg_mode	u_eI_cpu.u_eJ_core.u_eK_exu.u_eL_exu_oitf.oitf_entries[M].rdwen_dfflrs.qout_r	dbg_mode	u_e203_cpu.u_e203_core.u_e203_exu.u_e203_exu_oitf.oitf_entries[0].rdwen_dfflrs.qout_r$_DFFE_PP_/D
91	-0.9672	dbg_mode	u_eI_cpu.u_eJ_dtcm_ctrl.u_sram_icb_ctrl.u_sirv_Kcyc_sram_ctrl.u_eL_stage.dp_gt_M.vld_dfflr.qout_r	dbg_mode	u_e203_cpu.u_e203_dtcm_ctrl.u_sram_icb_ctrl.u_sirv_1cyc_sram_ctrl.u_e1_stage.dp_gt_0.vld_dfflr.qout_r$_DFFE_PN0P_/D
92	-0.9657	dbg_mode	u_eI_cpu.u_eJ_core.u_eK_exu.u_eL_exu_csr.mcycle_dfflr.qout_r[M]	dbg_mode	u_e203_cpu.u_e203_core.u_e203_exu.u_e203_exu_csr.mcycle_dfflr.qout_r[5]$_DFFE_PN0P_/D
93	-0.9656	dbg_step_r	u_eI_cpu.u_eJ_core.u_eK_ifu.u_eL_ifu_iftMicb.req_lane_cross_dfflr.qout_r	dbg_step_r	u_e203_cpu.u_e203_core.u_e203_ifu.u_e203_ifu_ift2icb.req_lane_cross_dfflr.qout_r$_DFFE_PN0P_/D
94	-0.9656	dbg_step_r	u_eI_cpu.u_eJ_core.u_eK_ifu.u_eL_ifu_iftMicb.req_need_Nuop_dfflr.qout_r	dbg_step_r	u_e203_cpu.u_e203_core.u_e203_ifu.u_e203_ifu_ift2icb.req_need_2uop_dfflr.qout_r$_DFFE_PN0P_/D
95	-0.9656	dbg_step_r	u_eI_cpu.u_eJ_core.u_eK_ifu.u_eL_ifu_iftMicb.req_same_cross_holdup_dfflr.qout_r	dbg_step_r	u_e203_cpu.u_e203_core.u_e203_ifu.u_e203_ifu_ift2icb.req_same_cross_holdup_dfflr.qout_r$_DFFE_PN0P_/D
96	-0.9604	dbg_step_r	u_eI_cpu.u_eJ_core.u_eK_ifu.u_eL_ifu_iftMicb.u_eN_ifetch_rsp_bypbuf.u_bypbuf_fifo.dp_gtO.fifo_rf[P].fifo_rf_dffl.qout_r[Q]	dbg_step_r	u_e203_cpu.u_e203_core.u_e203_ifu.u_e203_ifu_ift2icb.u_e203_ifetch_rsp_bypbuf.u_bypbuf_fifo.dp_gt0.fifo_rf[0].fifo_rf_dffl.qout_r[10]$_DFFE_PP_/D
97	-0.9574	dbg_step_r	u_eI_cpu.u_eJ_core.u_eK_ifu.u_eL_ifu_iftMicb.icbNmem_dfflr.qout_r	dbg_step_r	u_e203_cpu.u_e203_core.u_e203_ifu.u_e203_ifu_ift2icb.icb2mem_dfflr.qout_r$_DFFE_PN0P_/D
98	-0.9562	dbg_mode	u_eI_cpu.u_eJ_core.u_eK_exu.u_eL_exu_csr.mtvec_dfflr.qout_r[M]	dbg_mode	u_e203_cpu.u_e203_core.u_e203_exu.u_e203_exu_csr.mtvec_dfflr.qout_r[5]$_DFFE_PN0P_/D
99	-0.9512	dbg_mode	u_eI_cpu.u_eJ_dtcm_ctrl.u_dtcm_icb_arbt.arbt_num_gt_K_gen.dp_L.u_sirv_gnrl_rspid_fifo.dp_gt_M.dat_dfflr.qout_r	dbg_mode	u_e203_cpu.u_e203_dtcm_ctrl.u_dtcm_icb_arbt.arbt_num_gt_1_gen.dp_1.u_sirv_gnrl_rspid_fifo.dp_gt_0.dat_dfflr.qout_r$_DFFE_PP_/D
100	-0.9507	dbg_step_r	u_eI_cpu.u_eJ_core.u_eK_ifu.u_eL_ifu_ifetch.pc_newpend_dfflr.qout_r	dbg_step_r	u_e203_cpu.u_e203_core.u_e203_ifu.u_e203_ifu_ifetch.pc_newpend_dfflr.qout_r$_DFFE_PN0P_/D
101	-0.9475	dbg_step_r	u_eI_cpu.u_eJ_core.u_eK_ifu.u_eL_ifu_iftMicb.icbNitcm_dfflr.qout_r	dbg_step_r	u_e203_cpu.u_e203_core.u_e203_ifu.u_e203_ifu_ift2icb.icb2itcm_dfflr.qout_r$_DFFE_PN0P_/D
102	-0.9474	dbg_mode	u_eI_cpu.u_eJ_core.u_eK_exu.u_eL_exu_csr.cause_dfflr.qout_r[M]	dbg_mode	u_e203_cpu.u_e203_core.u_e203_exu.u_e203_exu_csr.cause_dfflr.qout_r[2]$_DFFE_PN0P_/D
103	-0.9453	dbg_step_r	u_eI_cpu.u_eJ_core.u_eK_ifu.u_eL_ifu_iftMicb.leftover_err_dfflr.qout_r	dbg_step_r	u_e203_cpu.u_e203_core.u_e203_ifu.u_e203_ifu_ift2icb.leftover_err_dfflr.qout_r$_DFFE_PN0P_/D
104	-0.9447	dbg_mode	u_eI_cpu.u_eJ_core.u_eK_exu.u_eL_exu_alu.u_eM_exu_alu_muldiv.part_remd_sftN_dfflr.qout_r	dbg_mode	u_e203_cpu.u_e203_core.u_e203_exu.u_e203_exu_alu.u_e203_exu_alu_muldiv.part_remd_sft1_dfflr.qout_r$_DFFE_PN0P_/D
105	-0.9416	dbg_step_r	u_eI_cpu.u_eJ_core.u_eK_ifu.u_eL_ifu_ifetch.ifu_lo_ir_dfflr.qout_r[M]	dbg_step_r	u_e203_cpu.u_e203_core.u_e203_ifu.u_e203_ifu_ifetch.ifu_lo_ir_dfflr.qout_r[6]$_DFFE_PN0P_/D
106	-0.9416	dbg_step_r	u_eI_cpu.u_eJ_core.u_eK_ifu.u_eL_ifu_ifetch.ifu_err_dfflr.qout_r	dbg_step_r	u_e203_cpu.u_e203_core.u_e203_ifu.u_e203_ifu_ifetch.ifu_err_dfflr.qout_r$_DFFE_PN0P_/D
107	-0.9416	dbg_step_r	u_eI_cpu.u_eJ_core.u_eK_ifu.u_eL_ifu_ifetch.ifu_prdt_taken_dfflr.qout_r	dbg_step_r	u_e203_cpu.u_e203_core.u_e203_ifu.u_e203_ifu_ifetch.ifu_prdt_taken_dfflr.qout_r$_DFFE_PN0P_/D
108	-0.9396	dbg_step_r	u_eI_cpu.u_eJ_core.u_eK_ifu.u_eL_ifu_iftMicb.icb_state_dfflr.qout_r[N]	dbg_step_r	u_e203_cpu.u_e203_core.u_e203_ifu.u_e203_ifu_ift2icb.icb_state_dfflr.qout_r[0]$_DFFE_PN0P_/D
109	-0.9382	dbg_step_r	u_eI_cpu.u_eJ_itcm_ctrl.u_sram_icb_ctrl.u_byp_icb_cmd_buf.u_bypbuf_fifo.dp_gtK.vec_L_dfflr.qout_r	dbg_step_r	u_e203_cpu.u_e203_itcm_ctrl.u_sram_icb_ctrl.u_byp_icb_cmd_buf.u_bypbuf_fifo.dp_gt0.vec_31_dfflr.qout_r$_DFFE_PN0P_/D
110	-0.9375	dbg_mode	u_eI_cpu.u_eJ_itcm_ctrl.u_itcm_icb_arbt.arbt_num_gt_K_gen.dp_L.u_sirv_gnrl_rspid_fifo.dp_gt_M.dat_dfflr.qout_r	dbg_mode	u_e203_cpu.u_e203_itcm_ctrl.u_itcm_icb_arbt.arbt_num_gt_1_gen.dp_1.u_sirv_gnrl_rspid_fifo.dp_gt_0.dat_dfflr.qout_r$_DFFE_PP_/D
111	-0.9363	dbg_mode	u_eI_cpu.u_eJ_core.u_eK_ifu.u_eL_ifu_ifetch.ir_pc_vld_dfflr.qout_r	dbg_mode	u_e203_cpu.u_e203_core.u_e203_ifu.u_e203_ifu_ifetch.ir_pc_vld_dfflr.qout_r$_DFFE_PN0P_/D
112	-0.9331	dbg_step_r	u_eI_srams.u_eJ_itcm_ram.u_eK_itcm_gnrl_ram.u_sirv_sim_ram.mem_r[L][M]	dbg_step_r	u_e203_srams.u_e203_itcm_ram.u_e203_itcm_gnrl_ram.u_sirv_sim_ram.mem_r[0][32]$_DFFE_PP_/D
113	-0.9317	dbg_step_r	u_eI_cpu.u_eJ_core.u_eK_biu.u_biu_icb_arbt.arbt_num_gt_L_gen.dp_M.u_sirv_gnrl_rspid_fifo.dp_gt_N.vld_dfflr.qout_r	dbg_step_r	u_e203_cpu.u_e203_core.u_e203_biu.u_biu_icb_arbt.arbt_num_gt_1_gen.dp_1.u_sirv_gnrl_rspid_fifo.dp_gt_0.vld_dfflr.qout_r$_DFFE_PN0P_/D
114	-0.9309	dbg_mode	u_eI_cpu.u_eJ_core.u_eK_exu.u_eL_exu_oitf.oitf_entries[M].vld_dfflrs.qout_r	dbg_mode	u_e203_cpu.u_e203_core.u_e203_exu.u_e203_exu_oitf.oitf_entries[1].vld_dfflrs.qout_r$_DFFE_PN0P_/D
115	-0.9300	dbg_mode	u_eI_cpu.u_eJ_core.u_eK_exu.u_eL_exu_alu.u_eM_exu_alu_muldiv.muldiv_state_dfflr.qout_r[N]	dbg_mode	u_e203_cpu.u_e203_core.u_e203_exu.u_e203_exu_alu.u_e203_exu_alu_muldiv.muldiv_state_dfflr.qout_r[1]$_DFFE_PN0P_/D
116	-0.9293	dbg_mode	u_eI_cpu.u_eJ_core.u_eK_exu.u_eL_exu_csr.mscratch_dfflr.qout_r[M]	dbg_mode	u_e203_cpu.u_e203_core.u_e203_exu.u_e203_exu_csr.mscratch_dfflr.qout_r[5]$_DFFE_PN0P_/D
117	-0.9277	dbg_mode	u_eI_cpu.u_eJ_dtcm_ctrl.u_dtcm_icb_arbt.arbt_num_gt_K_gen.dp_L.u_sirv_gnrl_rspid_fifo.dp_gt_M.vld_dfflr.qout_r	dbg_mode	u_e203_cpu.u_e203_dtcm_ctrl.u_dtcm_icb_arbt.arbt_num_gt_1_gen.dp_1.u_sirv_gnrl_rspid_fifo.dp_gt_0.vld_dfflr.qout_r$_DFFE_PN0P_/D
118	-0.9261	dbg_step_r	u_eI_cpu.u_eJ_core.u_eK_ifu.u_eL_ifu_ifetch.out_flag_dfflr.qout_r	dbg_step_r	u_e203_cpu.u_e203_core.u_e203_ifu.u_e203_ifu_ifetch.out_flag_dfflr.qout_r$_DFFE_PN0P_/D
119	-0.9246	dbg_mode	u_eI_cpu.u_eJ_core.u_eK_exu.u_eL_exu_oitf.depth_gtM.alc_ptr_dfflrs.qout_r	dbg_mode	u_e203_cpu.u_e203_core.u_e203_exu.u_e203_exu_oitf.depth_gt1.alc_ptr_dfflrs.qout_r$_DFFE_PN0P_/D
120	-0.9240	dbg_step_r	u_eI_srams.u_eJ_dtcm_ram.u_eK_dtcm_gnrl_ram.u_sirv_sim_ram.mem_r[L][M]	dbg_step_r	u_e203_srams.u_e203_dtcm_ram.u_e203_dtcm_gnrl_ram.u_sirv_sim_ram.mem_r[0][0]$_DFFE_PP_/D
121	-0.9223	dbg_step_r	u_eI_cpu.u_eJ_core.u_eK_ifu.u_eL_ifu_ifetch.reset_req_dfflr.qout_r	dbg_step_r	u_e203_cpu.u_e203_core.u_e203_ifu.u_e203_ifu_ifetch.reset_req_dfflr.qout_r$_DFFE_PN0P_/D
122	-0.9222	dbg_mode	u_eI_cpu.u_eJ_core.u_eK_exu.u_eL_exu_alu.u_eM_exu_alu_muldiv.part_prdt_sftN_dfflr.qout_r	dbg_mode	u_e203_cpu.u_e203_core.u_e203_exu.u_e203_exu_alu.u_e203_exu_alu_muldiv.part_prdt_sft1_dfflr.qout_r$_DFFE_PN0P_/D
123	-0.9183	dbg_step_r	u_eI_cpu.u_eJ_core.u_eK_ifu.u_eL_ifu_ifetch.dly_flush_dfflr.qout_r	dbg_step_r	u_e203_cpu.u_e203_core.u_e203_ifu.u_e203_ifu_ifetch.dly_flush_dfflr.qout_r$_DFFE_PN0P_/D
124	-0.9166	dbg_step_r	u_eI_cpu.u_eJ_core.u_eK_exu.u_eL_exu_csr.minstreth_dfflr.qout_r[M]	dbg_step_r	u_e203_cpu.u_e203_core.u_e203_exu.u_e203_exu_csr.minstreth_dfflr.qout_r[29]$_DFFE_PN0P_/D
125	-0.9163	dbg_mode	u_eI_cpu.u_eJ_core.u_eK_exu.u_eL_exu_alu.u_eM_exu_alu_lsuagu.icb_state_dfflr.qout_r[N]	dbg_mode	u_e203_cpu.u_e203_core.u_e203_exu.u_e203_exu_alu.u_e203_exu_alu_lsuagu.icb_state_dfflr.qout_r[1]$_DFFE_PN0P_/D
126	-0.9148	dbg_mode	u_eI_cpu.u_eJ_itcm_ctrl.u_itcm_icb_lsuKitcm_nLw.fifo_dp_M.u_sirv_gnrl_nNw_fifo.dp_gt_O.dat_dfflr.qout_r	dbg_mode	u_e203_cpu.u_e203_itcm_ctrl.u_itcm_icb_lsu2itcm_n2w.fifo_dp_1.u_sirv_gnrl_n2w_fifo.dp_gt_0.dat_dfflr.qout_r$_DFFE_PP_/D
127	-0.9136	dbg_step_r	u_eI_cpu.u_eJ_itcm_ctrl.u_sram_icb_ctrl.u_sirv_Kcyc_sram_ctrl.u_eL_stage.dp_gt_M.dat_dfflr.qout_r[N]	dbg_step_r	u_e203_cpu.u_e203_itcm_ctrl.u_sram_icb_ctrl.u_sirv_1cyc_sram_ctrl.u_e1_stage.dp_gt_0.dat_dfflr.qout_r[1]$_DFFE_PP_/D
128	-0.9128	dbg_mode	u_eI_cpu.u_eJ_core.u_eK_exu.u_eL_exu_csr.mcycleh_dfflr.qout_r[M]	dbg_mode	u_e203_cpu.u_e203_core.u_e203_exu.u_e203_exu_csr.mcycleh_dfflr.qout_r[10]$_DFFE_PN0P_/D
129	-0.9030	dbg_step_r	u_eI_cpu.u_eJ_core.u_eK_ifu.u_eL_ifu_ifetch.ir_valid_dfflr.qout_r	dbg_step_r	u_e203_cpu.u_e203_core.u_e203_ifu.u_e203_ifu_ifetch.ir_valid_dfflr.qout_r$_DFFE_PN0P_/D
130	-0.9025	dbg_step_r	u_eI_cpu.u_eJ_core.u_eK_ifu.u_eL_ifu_ifetch.ir_muldiv_bMb_dfflr.qout_r	dbg_step_r	u_e203_cpu.u_e203_core.u_e203_ifu.u_e203_ifu_ifetch.ir_muldiv_b2b_dfflr.qout_r$_DFFE_PN0P_/D
131	-0.9009	dbg_mode	u_eI_cpu.u_eJ_core.u_eK_exu.u_eL_exu_csr.status_mie_dfflr.qout_r	dbg_mode	u_e203_cpu.u_e203_core.u_e203_exu.u_e203_exu_csr.status_mie_dfflr.qout_r$_DFFE_PN0P_/D
132	-0.9008	dbg_step_r	u_eI_cpu.u_eJ_core.u_eK_exu.u_eL_exu_csr.minstret_dfflr.qout_r[M]	dbg_step_r	u_e203_cpu.u_e203_core.u_e203_exu.u_e203_exu_csr.minstret_dfflr.qout_r[29]$_DFFE_PN0P_/D
133	-0.9006	dbg_step_r	u_eI_cpu.u_eJ_itcm_ctrl.u_sram_icb_ctrl.u_byp_icb_cmd_buf.u_bypbuf_fifo.dp_gtK.vec_L_dfflrs.qout_r	dbg_step_r	u_e203_cpu.u_e203_itcm_ctrl.u_sram_icb_ctrl.u_byp_icb_cmd_buf.u_bypbuf_fifo.dp_gt0.vec_0_dfflrs.qout_r$_DFFE_PN1P_/D
134	-0.9003	dbg_step_r	u_eI_cpu.u_eJ_itcm_ctrl.ifu_holdup_dffl.qout_r	dbg_step_r	u_e203_cpu.u_e203_itcm_ctrl.ifu_holdup_dffl.qout_r$_DFFE_PN0P_/D
135	-0.8996	dbg_mode	u_eI_cpu.u_eJ_core.u_eK_exu.u_eL_exu_oitf.depth_gtM.alc_ptr_flg_dfflrs.qout_r	dbg_mode	u_e203_cpu.u_e203_core.u_e203_exu.u_e203_exu_oitf.depth_gt1.alc_ptr_flg_dfflrs.qout_r$_DFFE_PN0P_/D
136	-0.8984	dbg_step_r	u_eI_cpu.u_eJ_core.u_eK_exu.u_eL_exu_alu.u_eM_exu_alu_dpath.sbf_N_dffl.qout_r[O]	dbg_step_r	u_e203_cpu.u_e203_core.u_e203_exu.u_e203_exu_alu.u_e203_exu_alu_dpath.sbf_0_dffl.qout_r[7]$_DFFE_PP_/D
137	-0.8926	dbg_mode	u_eI_cpu.u_eJ_core.u_eK_exu.u_eL_exu_alu.u_eM_exu_nice.u_nice_itag_fifo.dp_gtN.vec_O_dfflr.qout_r[P]	dbg_mode	u_e203_cpu.u_e203_core.u_e203_exu.u_e203_exu_alu.u_e203_exu_nice.u_nice_itag_fifo.dp_gt0.vec_31_dfflr.qout_r[1]$_DFFE_PN0P_/D
138	-0.8915	dbg_step_r	u_eI_cpu.u_eJ_itcm_ctrl.u_sram_icb_ctrl.u_sirv_Kcyc_sram_ctrl.u_eL_stage.dp_gt_M.vld_dfflr.qout_r	dbg_step_r	u_e203_cpu.u_e203_itcm_ctrl.u_sram_icb_ctrl.u_sirv_1cyc_sram_ctrl.u_e1_stage.dp_gt_0.vld_dfflr.qout_r$_DFFE_PN0P_/D
139	-0.8885	dbg_mode	u_eI_cpu.u_eJ_core.u_eK_exu.u_eL_exu_csr.status_mpie_dfflr.qout_r	dbg_mode	u_e203_cpu.u_e203_core.u_e203_exu.u_e203_exu_csr.status_mpie_dfflr.qout_r$_DFFE_PN0P_/D
140	-0.8883	dbg_mode	u_eI_cpu.u_eJ_itcm_ctrl.u_itcm_icb_arbt.arbt_num_gt_K_gen.dp_L.u_sirv_gnrl_rspid_fifo.dp_gt_M.vld_dfflr.qout_r	dbg_mode	u_e203_cpu.u_e203_itcm_ctrl.u_itcm_icb_arbt.arbt_num_gt_1_gen.dp_1.u_sirv_gnrl_rspid_fifo.dp_gt_0.vld_dfflr.qout_r$_DFFE_PN0P_/D
141	-0.8859	dbg_halt_r	u_eI_cpu.u_eJ_itcm_ctrl.u_sram_icb_ctrl.u_byp_icb_cmd_buf.u_bypbuf_fifo.dp_gtK.fifo_rf[L].fifo_rf_dffl.qout_r[M]	dbg_halt_r	u_e203_cpu.u_e203_itcm_ctrl.u_sram_icb_ctrl.u_byp_icb_cmd_buf.u_bypbuf_fifo.dp_gt0.fifo_rf[0].fifo_rf_dffl.qout_r[42]$_DFFE_PP_/D
142	-0.8850	dbg_mode	u_eI_cpu.u_eJ_core.u_eK_exu.u_eL_exu_alu.u_eM_exu_alu_lsuagu.unalgn_flg_dffl.qout_r	dbg_mode	u_e203_cpu.u_e203_core.u_e203_exu.u_e203_exu_alu.u_e203_exu_alu_lsuagu.unalgn_flg_dffl.qout_r$_DFFE_PN0P_/D
143	-0.8846	dbg_step_r	u_eI_cpu.u_eJ_dtcm_ctrl.u_sram_icb_ctrl.u_byp_icb_cmd_buf.u_bypbuf_fifo.dp_gtK.fifo_rf[L].fifo_rf_dffl.qout_r[M]	dbg_step_r	u_e203_cpu.u_e203_dtcm_ctrl.u_sram_icb_ctrl.u_byp_icb_cmd_buf.u_bypbuf_fifo.dp_gt0.fifo_rf[0].fifo_rf_dffl.qout_r[10]$_DFFE_PP_/D
144	-0.8830	u_eI_cpu.u_eJ_core.u_eK_ifu.u_eL_ifu_ifetch.ifu_lo_ir_dfflr.qout_r[M]	cmt_dcause[I]	u_e203_cpu.u_e203_core.u_e203_ifu.u_e203_ifu_ifetch.ifu_lo_ir_dfflr.qout_r[11]$_DFFE_PN0P_/Q	cmt_dcause[0]
145	-0.8811	dbg_mode	u_eI_cpu.u_eJ_core.u_eK_lsu.u_eL_lsu_ctrl.excl_addr_dffl.qout_r[M]	dbg_mode	u_e203_cpu.u_e203_core.u_e203_lsu.u_e203_lsu_ctrl.excl_addr_dffl.qout_r[17]$_DFFE_PN0P_/D
146	-0.8725	dbg_halt_r	u_eI_cpu.u_eJ_core.u_eK_biu.u_sirv_gnrl_icb_buffer.u_sirv_gnrl_cmd_fifo.dp_gtL.fifo_rf[M].fifo_rf_dffl.qout_r[N]	dbg_halt_r	u_e203_cpu.u_e203_core.u_e203_biu.u_sirv_gnrl_icb_buffer.u_sirv_gnrl_cmd_fifo.dp_gt0.fifo_rf[0].fifo_rf_dffl.qout_r[0]$_DFFE_PP_/D
147	-0.8650	dbg_halt_r	u_eI_cpu.u_eJ_core.u_eK_ifu.u_eL_ifu_iftMicb.leftover_dffl.qout_r[N]	dbg_halt_r	u_e203_cpu.u_e203_core.u_e203_ifu.u_e203_ifu_ift2icb.leftover_dffl.qout_r[10]$_DFFE_PP_/D
148	-0.8590	dbg_halt_r	u_eI_cpu.u_eJ_core.u_eK_biu.u_sirv_gnrl_icb_buffer.u_sirv_gnrl_cmd_fifo.dp_gtL.vec_M_dfflrs.qout_r	dbg_halt_r	u_e203_cpu.u_e203_core.u_e203_biu.u_sirv_gnrl_icb_buffer.u_sirv_gnrl_cmd_fifo.dp_gt0.vec_0_dfflrs.qout_r$_DFFE_PN1P_/D
149	-0.8560	dbg_halt_r	u_eI_cpu.u_eJ_core.u_eK_biu.u_sirv_gnrl_icb_buffer.u_sirv_gnrl_cmd_fifo.dp_gtL.vec_M_dfflr.qout_r	dbg_halt_r	u_e203_cpu.u_e203_core.u_e203_biu.u_sirv_gnrl_icb_buffer.u_sirv_gnrl_cmd_fifo.dp_gt0.vec_31_dfflr.qout_r$_DFFE_PN0P_/D
150	-0.8555	u_eI_cpu.u_eJ_core.u_eK_ifu.u_eL_ifu_ifetch.ifu_err_dfflr.qout_r	extIdtcm_icb_cmd_ready	u_e203_cpu.u_e203_core.u_e203_ifu.u_e203_ifu_ifetch.ifu_err_dfflr.qout_r$_DFFE_PN0P_/Q	ext2dtcm_icb_cmd_ready
151	-0.8555	dbg_halt_r	u_eI_cpu.u_eJ_core.u_eK_ifu.u_eL_ifu_ifetch.ifu_hi_ir_dfflr.qout_r[M]	dbg_halt_r	u_e203_cpu.u_e203_core.u_e203_ifu.u_e203_ifu_ifetch.ifu_hi_ir_dfflr.qout_r[8]$_DFFE_PN0P_/D
152	-0.8545	dbg_step_r	u_eI_cpu.u_eJ_core.u_eK_ifu.u_eL_ifu_iftMicb.u_eN_ifetch_rsp_bypbuf.u_bypbuf_fifo.dp_gtO.vec_P_dfflr.qout_r	dbg_step_r	u_e203_cpu.u_e203_core.u_e203_ifu.u_e203_ifu_ift2icb.u_e203_ifetch_rsp_bypbuf.u_bypbuf_fifo.dp_gt0.vec_31_dfflr.qout_r$_DFFE_PN0P_/D
153	-0.8501	dbg_halt_r	u_eI_cpu.u_eJ_core.u_eK_ifu.u_eL_ifu_iftMicb.u_eN_ifetch_rsp_bypbuf.u_bypbuf_fifo.dp_gtO.vec_P_dfflrs.qout_r	dbg_halt_r	u_e203_cpu.u_e203_core.u_e203_ifu.u_e203_ifu_ift2icb.u_e203_ifetch_rsp_bypbuf.u_bypbuf_fifo.dp_gt0.vec_0_dfflrs.qout_r$_DFFE_PN1P_/D
154	-0.8465	dbg_mode	u_eI_cpu.u_eJ_itcm_ctrl.u_itcm_icb_lsuKitcm_nLw.fifo_dp_M.u_sirv_gnrl_nNw_fifo.dp_gt_O.vld_dfflr.qout_r	dbg_mode	u_e203_cpu.u_e203_itcm_ctrl.u_itcm_icb_lsu2itcm_n2w.fifo_dp_1.u_sirv_gnrl_n2w_fifo.dp_gt_0.vld_dfflr.qout_r$_DFFE_PN0P_/D
155	-0.8462	dbg_halt_r	u_eI_cpu.u_eJ_core.u_eK_biu.u_biu_icb_arbt.arbt_num_gt_L_gen.dp_M.u_sirv_gnrl_rspid_fifo.dp_gt_N.dat_dfflr.qout_r	dbg_halt_r	u_e203_cpu.u_e203_core.u_e203_biu.u_biu_icb_arbt.arbt_num_gt_1_gen.dp_1.u_sirv_gnrl_rspid_fifo.dp_gt_0.dat_dfflr.qout_r$_DFFE_PP_/D
156	-0.8449	dbg_halt_r	u_eI_cpu.u_eJ_core.u_eK_ifu.u_eL_ifu_ifetch.ir_rsMidx_dfflr.qout_r[N]	dbg_halt_r	u_e203_cpu.u_e203_core.u_e203_ifu.u_e203_ifu_ifetch.ir_rs2idx_dfflr.qout_r[0]$_DFFE_PN0P_/D
157	-0.8441	dbg_step_r	u_eI_cpu.u_eJ_core.u_eK_exu.u_eL_exu_alu.u_eM_exu_alu_dpath.sbf_N_dffl.qout_r[O]	dbg_step_r	u_e203_cpu.u_e203_core.u_e203_exu.u_e203_exu_alu.u_e203_exu_alu_dpath.sbf_1_dffl.qout_r[32]$_SDFFCE_PN0P_/D
158	-0.8437	dbg_halt_r	u_eI_cpu.u_eJ_core.u_eK_ifu.u_eL_ifu_ifetch.pc_dfflr.qout_r[M]	dbg_halt_r	u_e203_cpu.u_e203_core.u_e203_ifu.u_e203_ifu_ifetch.pc_dfflr.qout_r[19]$_DFFE_PN0P_/D
159	-0.8405	dbg_step_r	u_eI_cpu.u_eJ_dtcm_ctrl.u_sram_icb_ctrl.u_byp_icb_cmd_buf.u_bypbuf_fifo.dp_gtK.vec_L_dfflrs.qout_r	dbg_step_r	u_e203_cpu.u_e203_dtcm_ctrl.u_sram_icb_ctrl.u_byp_icb_cmd_buf.u_bypbuf_fifo.dp_gt0.vec_0_dfflrs.qout_r$_DFFE_PN1P_/D
160	-0.8395	u_eI_cpu.u_eJ_core.u_eK_ifu.u_eL_ifu_ifetch.ifu_hi_ir_dfflr.qout_r[M]	cmt_dcause[I]	u_e203_cpu.u_e203_core.u_e203_ifu.u_e203_ifu_ifetch.ifu_hi_ir_dfflr.qout_r[10]$_DFFE_PN0P_/Q	cmt_dcause[0]
161	-0.8382	u_eI_cpu.u_eJ_core.u_eK_ifu.u_eL_ifu_ifetch.ifu_lo_ir_dfflr.qout_r[M]	cmt_dcause_ena	u_e203_cpu.u_e203_core.u_e203_ifu.u_e203_ifu_ifetch.ifu_lo_ir_dfflr.qout_r[11]$_DFFE_PN0P_/Q	cmt_dcause_ena
162	-0.8363	u_eI_cpu.u_eJ_core.u_eK_exu.u_eL_exu_alu.u_eM_exu_alu_lsuagu.icb_state_dfflr.qout_r[N]	extIdtcm_icb_cmd_ready	u_e203_cpu.u_e203_core.u_e203_exu.u_e203_exu_alu.u_e203_exu_alu_lsuagu.icb_state_dfflr.qout_r[1]$_DFFE_PN0P_/Q	ext2dtcm_icb_cmd_ready
163	-0.8348	u_eI_cpu.u_eJ_core.u_eK_ifu.u_eL_ifu_ifetch.ifu_err_dfflr.qout_r	extIitcm_icb_cmd_ready	u_e203_cpu.u_e203_core.u_e203_ifu.u_e203_ifu_ifetch.ifu_err_dfflr.qout_r$_DFFE_PN0P_/Q	ext2itcm_icb_cmd_ready
164	-0.8336	dbg_step_r	u_eI_cpu.u_eJ_core.u_eK_exu.u_eL_exu_regfile.regfile[M].rfnoN.rf_dffl.qout_r[O]	dbg_step_r	u_e203_cpu.u_e203_core.u_e203_exu.u_e203_exu_regfile.regfile[8].rfno0.rf_dffl.qout_r[10]$_DFFE_PP_/D
165	-0.8335	dbg_halt_r	u_eI_cpu.u_eJ_core.u_eK_ifu.u_eL_ifu_iftMicb.icb_addr_N_O_dffl.qout_r[P]	dbg_halt_r	u_e203_cpu.u_e203_core.u_e203_ifu.u_e203_ifu_ift2icb.icb_addr_2_1_dffl.qout_r[0]$_DFFE_PP_/D
166	-0.8312	dbg_mode	u_eI_cpu.u_eJ_core.u_eK_exu.u_eL_exu_alu.u_eM_exu_nice.u_nice_itag_fifo.dp_gtN.vec_O_dfflrs.qout_r	dbg_mode	u_e203_cpu.u_e203_core.u_e203_exu.u_e203_exu_alu.u_e203_exu_nice.u_nice_itag_fifo.dp_gt0.vec_0_dfflrs.qout_r$_DFFE_PN1P_/D
167	-0.8286	dbg_halt_r	u_eI_cpu.u_eJ_core.u_eK_ifu.u_eL_ifu_iftMicb.req_lane_cross_dfflr.qout_r	dbg_halt_r	u_e203_cpu.u_e203_core.u_e203_ifu.u_e203_ifu_ift2icb.req_lane_cross_dfflr.qout_r$_DFFE_PN0P_/D
168	-0.8286	dbg_halt_r	u_eI_cpu.u_eJ_core.u_eK_ifu.u_eL_ifu_iftMicb.req_need_Nuop_dfflr.qout_r	dbg_halt_r	u_e203_cpu.u_e203_core.u_e203_ifu.u_e203_ifu_ift2icb.req_need_2uop_dfflr.qout_r$_DFFE_PN0P_/D
169	-0.8286	dbg_halt_r	u_eI_cpu.u_eJ_core.u_eK_ifu.u_eL_ifu_iftMicb.req_same_cross_holdup_dfflr.qout_r	dbg_halt_r	u_e203_cpu.u_e203_core.u_e203_ifu.u_e203_ifu_ift2icb.req_same_cross_holdup_dfflr.qout_r$_DFFE_PN0P_/D
170	-0.8233	dbg_halt_r	u_eI_cpu.u_eJ_core.u_eK_ifu.u_eL_ifu_iftMicb.u_eN_ifetch_rsp_bypbuf.u_bypbuf_fifo.dp_gtO.fifo_rf[P].fifo_rf_dffl.qout_r[Q]	dbg_halt_r	u_e203_cpu.u_e203_core.u_e203_ifu.u_e203_ifu_ift2icb.u_e203_ifetch_rsp_bypbuf.u_bypbuf_fifo.dp_gt0.fifo_rf[0].fifo_rf_dffl.qout_r[10]$_DFFE_PP_/D
171	-0.8222	dbg_mode	u_eI_cpu.u_eJ_core.u_eK_exu.u_eL_exu_alu.u_eM_exu_alu_muldiv.exec_cnt_dfflr.qout_r[N]	dbg_mode	u_e203_cpu.u_e203_core.u_e203_exu.u_e203_exu_alu.u_e203_exu_alu_muldiv.exec_cnt_dfflr.qout_r[0]$_DFFE_PN0P_/D
172	-0.8211	u_eI_cpu.u_eJ_core.u_eK_ifu.u_eL_ifu_ifetch.ifu_lo_ir_dfflr.qout_r[M]	core_wfi	u_e203_cpu.u_e203_core.u_e203_ifu.u_e203_ifu_ifetch.ifu_lo_ir_dfflr.qout_r[11]$_DFFE_PN0P_/Q	core_wfi
173	-0.8203	dbg_halt_r	u_eI_cpu.u_eJ_core.u_eK_ifu.u_eL_ifu_iftMicb.icbNmem_dfflr.qout_r	dbg_halt_r	u_e203_cpu.u_e203_core.u_e203_ifu.u_e203_ifu_ift2icb.icb2mem_dfflr.qout_r$_DFFE_PN0P_/D
174	-0.8178	dbg_mode	u_eI_cpu.u_eJ_core.u_eK_exu.u_eL_exu_alu.u_eM_exu_nice.u_nice_itag_fifo.dp_gtN.dp_gtO.wptr_vec_P_dfflr.qout_r[Q]	dbg_mode	u_e203_cpu.u_e203_core.u_e203_exu.u_e203_exu_alu.u_e203_exu_nice.u_nice_itag_fifo.dp_gt0.dp_gt1.wptr_vec_31_dfflr.qout_r[0]$_DFFE_PN0P_/D
175	-0.8177	u_eI_cpu.u_eJ_core.u_eK_exu.u_eL_exu_oitf.depth_gtM.ret_ptr_flg_dfflrs.qout_r	extIdtcm_icb_cmd_ready	u_e203_cpu.u_e203_core.u_e203_exu.u_e203_exu_oitf.depth_gt1.ret_ptr_flg_dfflrs.qout_r$_DFFE_PN0P_/Q	ext2dtcm_icb_cmd_ready
176	-0.8176	u_eI_cpu.u_eJ_core.u_eK_exu.u_eL_exu_oitf.depth_gtM.alc_ptr_flg_dfflrs.qout_r	extIdtcm_icb_cmd_ready	u_e203_cpu.u_e203_core.u_e203_exu.u_e203_exu_oitf.depth_gt1.alc_ptr_flg_dfflrs.qout_r$_DFFE_PN0P_/Q	ext2dtcm_icb_cmd_ready
177	-0.8157	u_eI_cpu.u_eJ_core.u_eK_exu.u_eL_exu_alu.u_eM_exu_alu_lsuagu.icb_state_dfflr.qout_r[N]	extIitcm_icb_cmd_ready	u_e203_cpu.u_e203_core.u_e203_exu.u_e203_exu_alu.u_e203_exu_alu_lsuagu.icb_state_dfflr.qout_r[1]$_DFFE_PN0P_/Q	ext2itcm_icb_cmd_ready
178	-0.8137	dbg_halt_r	u_eI_cpu.u_eJ_core.u_eK_ifu.u_eL_ifu_ifetch.pc_newpend_dfflr.qout_r	dbg_halt_r	u_e203_cpu.u_e203_core.u_e203_ifu.u_e203_ifu_ifetch.pc_newpend_dfflr.qout_r$_DFFE_PN0P_/D
179	-0.8131	dbg_mode	u_eI_cpu.u_eJ_core.u_eK_ifu.u_eL_ifu_ifetch.u_eM_ifu_litebpu.rsNxn_rdrf_dfflrs.qout_r	dbg_mode	u_e203_cpu.u_e203_core.u_e203_ifu.u_e203_ifu_ifetch.u_e203_ifu_litebpu.rs1xn_rdrf_dfflrs.qout_r$_DFFE_PN0P_/D
180	-0.8122	dbg_step_r	u_eI_cpu.u_eJ_core.u_eK_exu.u_eL_exu_csr.badaddr_dfflr.qout_r[M]	dbg_step_r	u_e203_cpu.u_e203_core.u_e203_exu.u_e203_exu_csr.badaddr_dfflr.qout_r[13]$_DFFE_PN0P_/D
181	-0.8105	dbg_halt_r	u_eI_cpu.u_eJ_core.u_eK_ifu.u_eL_ifu_iftMicb.icbNitcm_dfflr.qout_r	dbg_halt_r	u_e203_cpu.u_e203_core.u_e203_ifu.u_e203_ifu_ift2icb.icb2itcm_dfflr.qout_r$_DFFE_PN0P_/D
182	-0.8103	dbg_mode	u_eI_cpu.u_eJ_core.u_eK_exu.u_eL_exu_csr.mie_dfflr.qout_r[M]	dbg_mode	u_e203_cpu.u_e203_core.u_e203_exu.u_e203_exu_csr.mie_dfflr.qout_r[11]$_DFFE_PN0P_/D
183	-0.8083	dbg_halt_r	u_eI_cpu.u_eJ_core.u_eK_ifu.u_eL_ifu_iftMicb.leftover_err_dfflr.qout_r	dbg_halt_r	u_e203_cpu.u_e203_core.u_e203_ifu.u_e203_ifu_ift2icb.leftover_err_dfflr.qout_r$_DFFE_PN0P_/D
184	-0.8070	u_eI_cpu.u_eJ_core.u_eK_lsu.u_eL_lsu_ctrl.u_eM_lsu_splt_stage.dp_gt_N.vld_dfflr.qout_r	extIdtcm_icb_cmd_ready	u_e203_cpu.u_e203_core.u_e203_lsu.u_e203_lsu_ctrl.u_e203_lsu_splt_stage.dp_gt_0.vld_dfflr.qout_r$_DFFE_PN0P_/Q	ext2dtcm_icb_cmd_ready
185	-0.8047	dbg_halt_r	u_eI_srams.u_eJ_itcm_ram.u_eK_itcm_gnrl_ram.u_sirv_sim_ram.mem_r[L][M]	dbg_halt_r	u_e203_srams.u_e203_itcm_ram.u_e203_itcm_gnrl_ram.u_sirv_sim_ram.mem_r[0][32]$_DFFE_PP_/D
186	-0.8046	dbg_halt_r	u_eI_cpu.u_eJ_core.u_eK_ifu.u_eL_ifu_ifetch.ifu_lo_ir_dfflr.qout_r[M]	dbg_halt_r	u_e203_cpu.u_e203_core.u_e203_ifu.u_e203_ifu_ifetch.ifu_lo_ir_dfflr.qout_r[6]$_DFFE_PN0P_/D
187	-0.8046	dbg_halt_r	u_eI_cpu.u_eJ_core.u_eK_ifu.u_eL_ifu_ifetch.ifu_err_dfflr.qout_r	dbg_halt_r	u_e203_cpu.u_e203_core.u_e203_ifu.u_e203_ifu_ifetch.ifu_err_dfflr.qout_r$_DFFE_PN0P_/D
188	-0.8046	dbg_halt_r	u_eI_cpu.u_eJ_core.u_eK_ifu.u_eL_ifu_ifetch.ifu_prdt_taken_dfflr.qout_r	dbg_halt_r	u_e203_cpu.u_e203_core.u_e203_ifu.u_e203_ifu_ifetch.ifu_prdt_taken_dfflr.qout_r$_DFFE_PN0P_/D
189	-0.8041	u_eI_cpu.u_eJ_core.u_eK_exu.u_eL_exu_oitf.depth_gtM.ret_ptr_dfflrs.qout_r	extIdtcm_icb_cmd_ready	u_e203_cpu.u_e203_core.u_e203_exu.u_e203_exu_oitf.depth_gt1.ret_ptr_dfflrs.qout_r$_DFFE_PN0P_/Q	ext2dtcm_icb_cmd_ready
190	-0.8026	dbg_halt_r	u_eI_cpu.u_eJ_core.u_eK_ifu.u_eL_ifu_iftMicb.icb_state_dfflr.qout_r[N]	dbg_halt_r	u_e203_cpu.u_e203_core.u_e203_ifu.u_e203_ifu_ift2icb.icb_state_dfflr.qout_r[0]$_DFFE_PN0P_/D
191	-0.8012	dbg_halt_r	u_eI_cpu.u_eJ_itcm_ctrl.u_sram_icb_ctrl.u_byp_icb_cmd_buf.u_bypbuf_fifo.dp_gtK.vec_L_dfflr.qout_r	dbg_halt_r	u_e203_cpu.u_e203_itcm_ctrl.u_sram_icb_ctrl.u_byp_icb_cmd_buf.u_bypbuf_fifo.dp_gt0.vec_31_dfflr.qout_r$_DFFE_PN0P_/D
192	-0.7971	u_eI_cpu.u_eJ_core.u_eK_exu.u_eL_exu_oitf.depth_gtM.ret_ptr_flg_dfflrs.qout_r	extIitcm_icb_cmd_ready	u_e203_cpu.u_e203_core.u_e203_exu.u_e203_exu_oitf.depth_gt1.ret_ptr_flg_dfflrs.qout_r$_DFFE_PN0P_/Q	ext2itcm_icb_cmd_ready
193	-0.7970	u_eI_cpu.u_eJ_core.u_eK_exu.u_eL_exu_oitf.depth_gtM.alc_ptr_flg_dfflrs.qout_r	extIitcm_icb_cmd_ready	u_e203_cpu.u_e203_core.u_e203_exu.u_e203_exu_oitf.depth_gt1.alc_ptr_flg_dfflrs.qout_r$_DFFE_PN0P_/Q	ext2itcm_icb_cmd_ready
194	-0.7947	u_eI_cpu.u_eJ_core.u_eK_ifu.u_eL_ifu_ifetch.ifu_hi_ir_dfflr.qout_r[M]	cmt_dcause_ena	u_e203_cpu.u_e203_core.u_e203_ifu.u_e203_ifu_ifetch.ifu_hi_ir_dfflr.qout_r[10]$_DFFE_PN0P_/Q	cmt_dcause_ena
195	-0.7946	dbg_halt_r	u_eI_cpu.u_eJ_core.u_eK_biu.u_biu_icb_arbt.arbt_num_gt_L_gen.dp_M.u_sirv_gnrl_rspid_fifo.dp_gt_N.vld_dfflr.qout_r	dbg_halt_r	u_e203_cpu.u_e203_core.u_e203_biu.u_biu_icb_arbt.arbt_num_gt_1_gen.dp_1.u_sirv_gnrl_rspid_fifo.dp_gt_0.vld_dfflr.qout_r$_DFFE_PN0P_/D
196	-0.7932	dbg_step_r	u_eI_cpu.u_eJ_itcm_ctrl.u_itcm_icb_extKitcm_nLw.fifo_dp_M.u_sirv_gnrl_nNw_fifo.dp_gt_O.dat_dfflr.qout_r	dbg_step_r	u_e203_cpu.u_e203_itcm_ctrl.u_itcm_icb_ext2itcm_n2w.fifo_dp_1.u_sirv_gnrl_n2w_fifo.dp_gt_0.dat_dfflr.qout_r$_DFFE_PP_/D
197	-0.7919	u_eI_cpu.u_eJ_core.u_eK_exu.u_eL_exu_csr.mie_dfflr.qout_r[M]	extIdtcm_icb_cmd_ready	u_e203_cpu.u_e203_core.u_e203_exu.u_e203_exu_csr.mie_dfflr.qout_r[7]$_DFFE_PN0P_/Q	ext2dtcm_icb_cmd_ready
198	-0.7916	u_eI_cpu.u_eJ_core.u_eK_ifu.u_eL_ifu_ifetch.ifu_lo_ir_dfflr.qout_r[M]	cmt_dpc_ena	u_e203_cpu.u_e203_core.u_e203_ifu.u_e203_ifu_ifetch.ifu_lo_ir_dfflr.qout_r[11]$_DFFE_PN0P_/Q	cmt_dpc_ena
199	-0.7895	dbg_step_r	u_eI_cpu.u_eJ_dtcm_ctrl.u_sram_icb_ctrl.u_byp_icb_cmd_buf.u_bypbuf_fifo.dp_gtK.vec_L_dfflr.qout_r	dbg_step_r	u_e203_cpu.u_e203_dtcm_ctrl.u_sram_icb_ctrl.u_byp_icb_cmd_buf.u_bypbuf_fifo.dp_gt0.vec_31_dfflr.qout_r$_DFFE_PN0P_/D
200	-0.7891	u_eI_cpu.u_eJ_core.u_eK_exu.u_eL_exu_regfile.regfile[M].rfnoN.rf_dffl.qout_r[O]	extIdtcm_icb_cmd_ready	u_e203_cpu.u_e203_core.u_e203_exu.u_e203_exu_regfile.regfile[29].rfno0.rf_dffl.qout_r[31]$_DFFE_PP_/Q	ext2dtcm_icb_cmd_ready
201	-0.7890	dbg_halt_r	u_eI_cpu.u_eJ_core.u_eK_ifu.u_eL_ifu_ifetch.out_flag_dfflr.qout_r	dbg_halt_r	u_e203_cpu.u_e203_core.u_e203_ifu.u_e203_ifu_ifetch.out_flag_dfflr.qout_r$_DFFE_PN0P_/D
202	-0.7864	u_eI_cpu.u_eJ_core.u_eK_lsu.u_eL_lsu_ctrl.u_eM_lsu_splt_stage.dp_gt_N.vld_dfflr.qout_r	extIitcm_icb_cmd_ready	u_e203_cpu.u_e203_core.u_e203_lsu.u_e203_lsu_ctrl.u_e203_lsu_splt_stage.dp_gt_0.vld_dfflr.qout_r$_DFFE_PN0P_/Q	ext2itcm_icb_cmd_ready
203	-0.7860	dbg_halt_r	u_eI_srams.u_eJ_dtcm_ram.u_eK_dtcm_gnrl_ram.u_sirv_sim_ram.mem_r[L][M]	dbg_halt_r	u_e203_srams.u_e203_dtcm_ram.u_e203_dtcm_gnrl_ram.u_sirv_sim_ram.mem_r[0][0]$_DFFE_PP_/D
204	-0.7852	dbg_halt_r	u_eI_cpu.u_eJ_core.u_eK_ifu.u_eL_ifu_ifetch.reset_req_dfflr.qout_r	dbg_halt_r	u_e203_cpu.u_e203_core.u_e203_ifu.u_e203_ifu_ifetch.reset_req_dfflr.qout_r$_DFFE_PN0P_/D
205	-0.7838	dbg_mode	u_eI_cpu.u_eJ_core.u_eK_lsu.u_eL_lsu_ctrl.u_eM_lsu_splt_stage.dp_gt_N.vld_dfflr.qout_r	dbg_mode	u_e203_cpu.u_e203_core.u_e203_lsu.u_e203_lsu_ctrl.u_e203_lsu_splt_stage.dp_gt_0.vld_dfflr.qout_r$_DFFE_PN0P_/D
206	-0.7838	dbg_mode	u_eI_cpu.u_eJ_core.u_eK_lsu.u_eL_lsu_ctrl.u_lsu_icb_arbt.arbt_num_gt_M_gen.dp_N.u_sirv_gnrl_rspid_fifo.dp_gt_O.vld_dfflr.qout_r	dbg_mode	u_e203_cpu.u_e203_core.u_e203_lsu.u_e203_lsu_ctrl.u_lsu_icb_arbt.arbt_num_gt_1_gen.dp_1.u_sirv_gnrl_rspid_fifo.dp_gt_0.vld_dfflr.qout_r$_DFFE_PN0P_/D
207	-0.7834	u_eI_cpu.u_eJ_core.u_eK_exu.u_eL_exu_oitf.depth_gtM.ret_ptr_dfflrs.qout_r	extIitcm_icb_cmd_ready	u_e203_cpu.u_e203_core.u_e203_exu.u_e203_exu_oitf.depth_gt1.ret_ptr_dfflrs.qout_r$_DFFE_PN0P_/Q	ext2itcm_icb_cmd_ready
208	-0.7812	dbg_halt_r	u_eI_cpu.u_eJ_core.u_eK_ifu.u_eL_ifu_ifetch.dly_flush_dfflr.qout_r	dbg_halt_r	u_e203_cpu.u_e203_core.u_e203_ifu.u_e203_ifu_ifetch.dly_flush_dfflr.qout_r$_DFFE_PN0P_/D
209	-0.7796	dbg_mode	u_eI_cpu.u_eJ_core.u_eK_exu.u_eL_exu_csr.counterstop_dfflr.qout_r[M]	dbg_mode	u_e203_cpu.u_e203_core.u_e203_exu.u_e203_exu_csr.counterstop_dfflr.qout_r[0]$_DFFE_PN0P_/D
210	-0.7796	dbg_halt_r	u_eI_cpu.u_eJ_core.u_eK_exu.u_eL_exu_csr.minstreth_dfflr.qout_r[M]	dbg_halt_r	u_e203_cpu.u_e203_core.u_e203_exu.u_e203_exu_csr.minstreth_dfflr.qout_r[29]$_DFFE_PN0P_/D
211	-0.7776	u_eI_cpu.u_eJ_core.u_eK_ifu.u_eL_ifu_ifetch.ifu_hi_ir_dfflr.qout_r[M]	core_wfi	u_e203_cpu.u_e203_core.u_e203_ifu.u_e203_ifu_ifetch.ifu_hi_ir_dfflr.qout_r[10]$_DFFE_PN0P_/Q	core_wfi
212	-0.7765	dbg_halt_r	u_eI_cpu.u_eJ_itcm_ctrl.u_sram_icb_ctrl.u_sirv_Kcyc_sram_ctrl.u_eL_stage.dp_gt_M.dat_dfflr.qout_r[N]	dbg_halt_r	u_e203_cpu.u_e203_itcm_ctrl.u_sram_icb_ctrl.u_sirv_1cyc_sram_ctrl.u_e1_stage.dp_gt_0.dat_dfflr.qout_r[1]$_DFFE_PP_/D
213	-0.7749	dbg_step_r	u_eI_cpu.u_eJ_core.u_eK_lsu.u_eL_lsu_ctrl.u_eM_lsu_splt_stage.dp_gt_N.dat_dfflr.qout_r[O]	dbg_step_r	u_e203_cpu.u_e203_core.u_e203_lsu.u_e203_lsu_ctrl.u_e203_lsu_splt_stage.dp_gt_0.dat_dfflr.qout_r[43]$_DFFE_PP_/D
214	-0.7713	u_eI_cpu.u_eJ_core.u_eK_exu.u_eL_exu_csr.mie_dfflr.qout_r[M]	extIitcm_icb_cmd_ready	u_e203_cpu.u_e203_core.u_e203_exu.u_e203_exu_csr.mie_dfflr.qout_r[7]$_DFFE_PN0P_/Q	ext2itcm_icb_cmd_ready
215	-0.7713	dbg_mode	u_eI_cpu.u_eJ_core.u_eK_exu.u_eL_exu_alu.u_eM_exu_nice.u_nice_itag_fifo.dp_gtN.fifo_rf[O].fifo_rf_dffl.qout_r	dbg_mode	u_e203_cpu.u_e203_core.u_e203_exu.u_e203_exu_alu.u_e203_exu_nice.u_nice_itag_fifo.dp_gt0.fifo_rf[3].fifo_rf_dffl.qout_r$_DFFE_PP_/D
216	-0.7710	dbg_mode	u_eI_cpu.u_eJ_core.u_eK_exu.u_eL_exu_csr.mcgstop_dfflr.qout_r[M]	dbg_mode	u_e203_cpu.u_e203_core.u_e203_exu.u_e203_exu_csr.mcgstop_dfflr.qout_r[0]$_DFFE_PN0P_/D
217	-0.7698	u_eI_cpu.u_eJ_itcm_ctrl.u_sram_icb_ctrl.u_sirv_Kcyc_sram_ctrl.u_eL_stage.dp_gt_M.vld_dfflr.qout_r	extIdtcm_icb_cmd_ready	u_e203_cpu.u_e203_itcm_ctrl.u_sram_icb_ctrl.u_sirv_1cyc_sram_ctrl.u_e1_stage.dp_gt_0.vld_dfflr.qout_r$_DFFE_PN0P_/Q	ext2dtcm_icb_cmd_ready
218	-0.7684	u_eI_cpu.u_eJ_core.u_eK_exu.u_eL_exu_regfile.regfile[M].rfnoN.rf_dffl.qout_r[O]	extIitcm_icb_cmd_ready	u_e203_cpu.u_e203_core.u_e203_exu.u_e203_exu_regfile.regfile[29].rfno0.rf_dffl.qout_r[31]$_DFFE_PP_/Q	ext2itcm_icb_cmd_ready
219	-0.7673	u_eI_cpu.u_eJ_itcm_ctrl.u_itcm_icb_arbt.arbt_num_gt_K_gen.dp_L.u_sirv_gnrl_rspid_fifo.dp_gt_M.vld_dfflr.qout_r	extIdtcm_icb_cmd_ready	u_e203_cpu.u_e203_itcm_ctrl.u_itcm_icb_arbt.arbt_num_gt_1_gen.dp_1.u_sirv_gnrl_rspid_fifo.dp_gt_0.vld_dfflr.qout_r$_DFFE_PN0P_/Q	ext2dtcm_icb_cmd_ready
220	-0.7659	dbg_halt_r	u_eI_cpu.u_eJ_core.u_eK_ifu.u_eL_ifu_ifetch.ir_valid_dfflr.qout_r	dbg_halt_r	u_e203_cpu.u_e203_core.u_e203_ifu.u_e203_ifu_ifetch.ir_valid_dfflr.qout_r$_DFFE_PN0P_/D
221	-0.7657	dbg_mode	u_eI_cpu.u_eJ_core.u_eK_lsu.u_eL_lsu_ctrl.u_lsu_icb_arbt.arbt_num_gt_M_gen.dp_N.u_sirv_gnrl_rspid_fifo.dp_gt_O.dat_dfflr.qout_r	dbg_mode	u_e203_cpu.u_e203_core.u_e203_lsu.u_e203_lsu_ctrl.u_lsu_icb_arbt.arbt_num_gt_1_gen.dp_1.u_sirv_gnrl_rspid_fifo.dp_gt_0.dat_dfflr.qout_r$_DFFE_PP_/D
222	-0.7655	dbg_step_r	u_eI_cpu.u_eJ_core.u_eK_lsu.u_eL_lsu_ctrl.excl_flg_dffl.qout_r	dbg_step_r	u_e203_cpu.u_e203_core.u_e203_lsu.u_e203_lsu_ctrl.excl_flg_dffl.qout_r$_DFFE_PN0P_/D
223	-0.7654	dbg_halt_r	u_eI_cpu.u_eJ_core.u_eK_ifu.u_eL_ifu_ifetch.ir_muldiv_bMb_dfflr.qout_r	dbg_halt_r	u_e203_cpu.u_e203_core.u_e203_ifu.u_e203_ifu_ifetch.ir_muldiv_b2b_dfflr.qout_r$_DFFE_PN0P_/D
224	-0.7648	u_eI_cpu.u_eJ_core.u_eK_exu.u_eL_exu_oitf.depth_gtM.alc_ptr_dfflrs.qout_r	extIdtcm_icb_cmd_ready	u_e203_cpu.u_e203_core.u_e203_exu.u_e203_exu_oitf.depth_gt1.alc_ptr_dfflrs.qout_r$_DFFE_PN0P_/Q	ext2dtcm_icb_cmd_ready
225	-0.7648	u_eI_cpu.u_eJ_core.u_eK_lsu.u_eL_lsu_ctrl.u_eM_lsu_splt_stage.dp_gt_N.dat_dfflr.qout_r[O]	extIdtcm_icb_cmd_ready	u_e203_cpu.u_e203_core.u_e203_lsu.u_e203_lsu_ctrl.u_e203_lsu_splt_stage.dp_gt_0.dat_dfflr.qout_r[40]$_DFFE_PP_/Q	ext2dtcm_icb_cmd_ready
226	-0.7637	dbg_halt_r	u_eI_cpu.u_eJ_core.u_eK_exu.u_eL_exu_csr.minstret_dfflr.qout_r[M]	dbg_halt_r	u_e203_cpu.u_e203_core.u_e203_exu.u_e203_exu_csr.minstret_dfflr.qout_r[29]$_DFFE_PN0P_/D
227	-0.7636	u_eI_cpu.u_eJ_irq_sync.master_gen.u_tmr_irq_sync.sync_gen[K].i_is_not_L.sync_dffr.qout_r	extIdtcm_icb_cmd_ready	u_e203_cpu.u_e203_irq_sync.master_gen.u_tmr_irq_sync.sync_gen[1].i_is_not_0.sync_dffr.qout_r$_DFF_PN0_/Q	ext2dtcm_icb_cmd_ready
228	-0.7635	dbg_halt_r	u_eI_cpu.u_eJ_itcm_ctrl.u_sram_icb_ctrl.u_byp_icb_cmd_buf.u_bypbuf_fifo.dp_gtK.vec_L_dfflrs.qout_r	dbg_halt_r	u_e203_cpu.u_e203_itcm_ctrl.u_sram_icb_ctrl.u_byp_icb_cmd_buf.u_bypbuf_fifo.dp_gt0.vec_0_dfflrs.qout_r$_DFFE_PN1P_/D
229	-0.7632	dbg_halt_r	u_eI_cpu.u_eJ_itcm_ctrl.ifu_holdup_dffl.qout_r	dbg_halt_r	u_e203_cpu.u_e203_itcm_ctrl.ifu_holdup_dffl.qout_r$_DFFE_PN0P_/D
230	-0.7613	dbg_halt_r	u_eI_cpu.u_eJ_core.u_eK_exu.u_eL_exu_alu.u_eM_exu_alu_dpath.sbf_N_dffl.qout_r[O]	dbg_halt_r	u_e203_cpu.u_e203_core.u_e203_exu.u_e203_exu_alu.u_e203_exu_alu_dpath.sbf_0_dffl.qout_r[7]$_DFFE_PP_/D
231	-0.7605	u_eI_cpu.u_eJ_irq_sync.master_gen.u_sft_irq_sync.sync_gen[K].i_is_not_L.sync_dffr.qout_r	extIdtcm_icb_cmd_ready	u_e203_cpu.u_e203_irq_sync.master_gen.u_sft_irq_sync.sync_gen[1].i_is_not_0.sync_dffr.qout_r$_DFF_PN0_/Q	ext2dtcm_icb_cmd_ready
232	-0.7604	dbg_step_r	u_eI_cpu.u_eJ_core.u_eK_exu.u_eL_exu_csr.epc_dfflr.qout_r[M]	dbg_step_r	u_e203_cpu.u_e203_core.u_e203_exu.u_e203_exu_csr.epc_dfflr.qout_r[24]$_DFFE_PN0P_/D
233	-0.7562	dbg_halt_r	u_eI_cpu.u_eJ_dtcm_ctrl.u_sram_icb_ctrl.u_byp_icb_cmd_buf.u_bypbuf_fifo.dp_gtK.fifo_rf[L].fifo_rf_dffl.qout_r[M]	dbg_halt_r	u_e203_cpu.u_e203_dtcm_ctrl.u_sram_icb_ctrl.u_byp_icb_cmd_buf.u_bypbuf_fifo.dp_gt0.fifo_rf[0].fifo_rf_dffl.qout_r[10]$_DFFE_PP_/D
234	-0.7554	u_eI_cpu.u_eJ_irq_sync.master_gen.u_ext_irq_sync.sync_gen[K].i_is_not_L.sync_dffr.qout_r	extIdtcm_icb_cmd_ready	u_e203_cpu.u_e203_irq_sync.master_gen.u_ext_irq_sync.sync_gen[1].i_is_not_0.sync_dffr.qout_r$_DFF_PN0_/Q	ext2dtcm_icb_cmd_ready
235	-0.7545	dbg_halt_r	u_eI_cpu.u_eJ_itcm_ctrl.u_sram_icb_ctrl.u_sirv_Kcyc_sram_ctrl.u_eL_stage.dp_gt_M.vld_dfflr.qout_r	dbg_halt_r	u_e203_cpu.u_e203_itcm_ctrl.u_sram_icb_ctrl.u_sirv_1cyc_sram_ctrl.u_e1_stage.dp_gt_0.vld_dfflr.qout_r$_DFFE_PN0P_/D
236	-0.7544	dbg_mode	u_eI_cpu.u_eJ_core.u_eK_exu.u_eL_exu_csr.itcmnohold_dfflr.qout_r[M]	dbg_mode	u_e203_cpu.u_e203_core.u_e203_exu.u_e203_exu_csr.itcmnohold_dfflr.qout_r[0]$_DFFE_PN0P_/D
237	-0.7544	dbg_mode	u_eI_cpu.u_eJ_core.u_eK_exu.u_eL_exu_csr.mdvnobMb_dfflr.qout_r[N]	dbg_mode	u_e203_cpu.u_e203_core.u_e203_exu.u_e203_exu_csr.mdvnob2b_dfflr.qout_r[0]$_DFFE_PN0P_/D
238	-0.7539	dbg_step_r	u_eI_cpu.u_eJ_itcm_ctrl.u_itcm_icb_extKitcm_nLw.fifo_dp_M.u_sirv_gnrl_nNw_fifo.dp_gt_O.vld_dfflr.qout_r	dbg_step_r	u_e203_cpu.u_e203_itcm_ctrl.u_itcm_icb_ext2itcm_n2w.fifo_dp_1.u_sirv_gnrl_n2w_fifo.dp_gt_0.vld_dfflr.qout_r$_DFFE_PN0P_/D
239	-0.7502	dbg_step_r	u_eI_cpu.u_eJ_core.u_eK_ifu.u_eL_ifu_ifetch.ifu_pc_dfflr.qout_r[M]	dbg_step_r	u_e203_cpu.u_e203_core.u_e203_ifu.u_e203_ifu_ifetch.ifu_pc_dfflr.qout_r[10]$_DFFE_PN0P_/D
240	-0.7493	u_eI_cpu.u_eJ_core.u_eK_exu.u_eL_exu_alu.u_eM_exu_alu_muldiv.muldiv_state_dfflr.qout_r[N]	extIdtcm_icb_cmd_ready	u_e203_cpu.u_e203_core.u_e203_exu.u_e203_exu_alu.u_e203_exu_alu_muldiv.muldiv_state_dfflr.qout_r[0]$_DFFE_PN0P_/Q	ext2dtcm_icb_cmd_ready
241	-0.7491	u_eI_cpu.u_eJ_itcm_ctrl.u_sram_icb_ctrl.u_sirv_Kcyc_sram_ctrl.u_eL_stage.dp_gt_M.vld_dfflr.qout_r	extIitcm_icb_cmd_ready	u_e203_cpu.u_e203_itcm_ctrl.u_sram_icb_ctrl.u_sirv_1cyc_sram_ctrl.u_e1_stage.dp_gt_0.vld_dfflr.qout_r$_DFFE_PN0P_/Q	ext2itcm_icb_cmd_ready
242	-0.7485	dbg_step_r	u_eI_cpu.u_eJ_core.u_eK_exu.u_eL_exu_oitf.oitf_entries[M].pc_dfflrs.qout_r[N]	dbg_step_r	u_e203_cpu.u_e203_core.u_e203_exu.u_e203_exu_oitf.oitf_entries[0].pc_dfflrs.qout_r[1]$_DFFE_PP_/D
243	-0.7485	dbg_step_r	u_eI_cpu.u_eJ_core.u_eK_exu.u_eL_exu_oitf.oitf_entries[M].rdidx_dfflrs.qout_r[N]	dbg_step_r	u_e203_cpu.u_e203_core.u_e203_exu.u_e203_exu_oitf.oitf_entries[0].rdidx_dfflrs.qout_r[4]$_DFFE_PP_/D
244	-0.7485	dbg_step_r	u_eI_cpu.u_eJ_core.u_eK_exu.u_eL_exu_oitf.oitf_entries[M].rdwen_dfflrs.qout_r	dbg_step_r	u_e203_cpu.u_e203_core.u_e203_exu.u_e203_exu_oitf.oitf_entries[0].rdwen_dfflrs.qout_r$_DFFE_PP_/D
245	-0.7481	u_eI_cpu.u_eJ_core.u_eK_ifu.u_eL_ifu_ifetch.ifu_hi_ir_dfflr.qout_r[M]	cmt_dpc_ena	u_e203_cpu.u_e203_core.u_e203_ifu.u_e203_ifu_ifetch.ifu_hi_ir_dfflr.qout_r[10]$_DFFE_PN0P_/Q	cmt_dpc_ena
246	-0.7479	u_eI_cpu.u_eJ_dtcm_ctrl.u_dtcm_icb_arbt.arbt_num_gt_K_gen.dp_L.u_sirv_gnrl_rspid_fifo.dp_gt_M.vld_dfflr.qout_r	extIdtcm_icb_cmd_ready	u_e203_cpu.u_e203_dtcm_ctrl.u_dtcm_icb_arbt.arbt_num_gt_1_gen.dp_1.u_sirv_gnrl_rspid_fifo.dp_gt_0.vld_dfflr.qout_r$_DFFE_PN0P_/Q	ext2dtcm_icb_cmd_ready
247	-0.7476	u_eI_cpu.u_eJ_core.u_eK_biu.u_biu_icb_arbt.arbt_num_gt_L_gen.dp_M.u_sirv_gnrl_rspid_fifo.dp_gt_N.vld_dfflr.qout_r	extIdtcm_icb_cmd_ready	u_e203_cpu.u_e203_core.u_e203_biu.u_biu_icb_arbt.arbt_num_gt_1_gen.dp_1.u_sirv_gnrl_rspid_fifo.dp_gt_0.vld_dfflr.qout_r$_DFFE_PN0P_/Q	ext2dtcm_icb_cmd_ready
248	-0.7475	u_eI_cpu.u_eJ_core.u_eK_lsu.u_eL_lsu_ctrl.u_lsu_icb_arbt.arbt_num_gt_M_gen.dp_N.u_sirv_gnrl_rspid_fifo.dp_gt_O.vld_dfflr.qout_r	extIdtcm_icb_cmd_ready	u_e203_cpu.u_e203_core.u_e203_lsu.u_e203_lsu_ctrl.u_lsu_icb_arbt.arbt_num_gt_1_gen.dp_1.u_sirv_gnrl_rspid_fifo.dp_gt_0.vld_dfflr.qout_r$_DFFE_PN0P_/Q	ext2dtcm_icb_cmd_ready
249	-0.7472	u_eI_cpu.u_eJ_dtcm_ctrl.u_sram_icb_ctrl.u_sirv_Kcyc_sram_ctrl.u_eL_stage.dp_gt_M.vld_dfflr.qout_r	extIdtcm_icb_cmd_ready	u_e203_cpu.u_e203_dtcm_ctrl.u_sram_icb_ctrl.u_sirv_1cyc_sram_ctrl.u_e1_stage.dp_gt_0.vld_dfflr.qout_r$_DFFE_PN0P_/Q	ext2dtcm_icb_cmd_ready
250	-0.7467	u_eI_cpu.u_eJ_itcm_ctrl.u_itcm_icb_arbt.arbt_num_gt_K_gen.dp_L.u_sirv_gnrl_rspid_fifo.dp_gt_M.vld_dfflr.qout_r	extIitcm_icb_cmd_ready	u_e203_cpu.u_e203_itcm_ctrl.u_itcm_icb_arbt.arbt_num_gt_1_gen.dp_1.u_sirv_gnrl_rspid_fifo.dp_gt_0.vld_dfflr.qout_r$_DFFE_PN0P_/Q	ext2itcm_icb_cmd_ready
251	-0.7456	dbg_step_r	u_eI_cpu.u_eJ_dtcm_ctrl.u_sram_icb_ctrl.u_sirv_Kcyc_sram_ctrl.u_eL_stage.dp_gt_M.vld_dfflr.qout_r	dbg_step_r	u_e203_cpu.u_e203_dtcm_ctrl.u_sram_icb_ctrl.u_sirv_1cyc_sram_ctrl.u_e1_stage.dp_gt_0.vld_dfflr.qout_r$_DFFE_PN0P_/D
252	-0.7442	dbg_step_r	u_eI_cpu.u_eJ_core.u_eK_exu.u_eL_exu_csr.mcycle_dfflr.qout_r[M]	dbg_step_r	u_e203_cpu.u_e203_core.u_e203_exu.u_e203_exu_csr.mcycle_dfflr.qout_r[5]$_DFFE_PN0P_/D
253	-0.7442	u_eI_cpu.u_eJ_core.u_eK_exu.u_eL_exu_oitf.depth_gtM.alc_ptr_dfflrs.qout_r	extIitcm_icb_cmd_ready	u_e203_cpu.u_e203_core.u_e203_exu.u_e203_exu_oitf.depth_gt1.alc_ptr_dfflrs.qout_r$_DFFE_PN0P_/Q	ext2itcm_icb_cmd_ready
254	-0.7441	u_eI_cpu.u_eJ_core.u_eK_lsu.u_eL_lsu_ctrl.u_eM_lsu_splt_stage.dp_gt_N.dat_dfflr.qout_r[O]	extIitcm_icb_cmd_ready	u_e203_cpu.u_e203_core.u_e203_lsu.u_e203_lsu_ctrl.u_e203_lsu_splt_stage.dp_gt_0.dat_dfflr.qout_r[40]$_DFFE_PP_/Q	ext2itcm_icb_cmd_ready
255	-0.7429	u_eI_cpu.u_eJ_irq_sync.master_gen.u_tmr_irq_sync.sync_gen[K].i_is_not_L.sync_dffr.qout_r	extIitcm_icb_cmd_ready	u_e203_cpu.u_e203_irq_sync.master_gen.u_tmr_irq_sync.sync_gen[1].i_is_not_0.sync_dffr.qout_r$_DFF_PN0_/Q	ext2itcm_icb_cmd_ready
256	-0.7416	u_eI_cpu.u_eJ_core.u_eK_biu.u_sirv_gnrl_icb_buffer.u_sirv_gnrl_rsp_fifo.dp_gtL.vec_M_dfflr.qout_r	extIdtcm_icb_cmd_ready	u_e203_cpu.u_e203_core.u_e203_biu.u_sirv_gnrl_icb_buffer.u_sirv_gnrl_rsp_fifo.dp_gt0.vec_31_dfflr.qout_r$_DFFE_PN0P_/Q	ext2dtcm_icb_cmd_ready
257	-0.7399	u_eI_cpu.u_eJ_irq_sync.master_gen.u_sft_irq_sync.sync_gen[K].i_is_not_L.sync_dffr.qout_r	extIitcm_icb_cmd_ready	u_e203_cpu.u_e203_irq_sync.master_gen.u_sft_irq_sync.sync_gen[1].i_is_not_0.sync_dffr.qout_r$_DFF_PN0_/Q	ext2itcm_icb_cmd_ready
258	-0.7387	u_eI_cpu.u_eJ_core.u_eK_lsu.u_eL_lsu_ctrl.u_lsu_icb_arbt.arbt_num_gt_M_gen.dp_N.u_sirv_gnrl_rspid_fifo.dp_gt_O.dat_dfflr.qout_r	extIdtcm_icb_cmd_ready	u_e203_cpu.u_e203_core.u_e203_lsu.u_e203_lsu_ctrl.u_lsu_icb_arbt.arbt_num_gt_1_gen.dp_1.u_sirv_gnrl_rspid_fifo.dp_gt_0.dat_dfflr.qout_r$_DFFE_PP_/Q	ext2dtcm_icb_cmd_ready
259	-0.7378	dbg_mode	u_eI_cpu.u_eJ_core.u_eK_exu.u_eL_exu_alu.u_eM_exu_nice.u_nice_itag_fifo.dp_gtN.wptr_vec_O_dfflrs.qout_r	dbg_mode	u_e203_cpu.u_e203_core.u_e203_exu.u_e203_exu_alu.u_e203_exu_nice.u_nice_itag_fifo.dp_gt0.wptr_vec_0_dfflrs.qout_r$_DFFE_PN1P_/D
260	-0.7348	u_eI_cpu.u_eJ_irq_sync.master_gen.u_ext_irq_sync.sync_gen[K].i_is_not_L.sync_dffr.qout_r	extIitcm_icb_cmd_ready	u_e203_cpu.u_e203_irq_sync.master_gen.u_ext_irq_sync.sync_gen[1].i_is_not_0.sync_dffr.qout_r$_DFF_PN0_/Q	ext2itcm_icb_cmd_ready
261	-0.7347	dbg_step_r	u_eI_cpu.u_eJ_core.u_eK_exu.u_eL_exu_csr.mtvec_dfflr.qout_r[M]	dbg_step_r	u_e203_cpu.u_e203_core.u_e203_exu.u_e203_exu_csr.mtvec_dfflr.qout_r[5]$_DFFE_PN0P_/D
262	-0.7322	u_eI_cpu.u_eJ_core.u_eK_ifu.u_eL_ifu_ifetch.ir_rsMidx_dfflr.qout_r[N]	cmt_dcause[I]	u_e203_cpu.u_e203_core.u_e203_ifu.u_e203_ifu_ifetch.ir_rs2idx_dfflr.qout_r[4]$_DFFE_PN0P_/Q	cmt_dcause[0]
263	-0.7296	dbg_step_r	u_eI_cpu.u_eJ_dtcm_ctrl.u_dtcm_icb_arbt.arbt_num_gt_K_gen.dp_L.u_sirv_gnrl_rspid_fifo.dp_gt_M.dat_dfflr.qout_r	dbg_step_r	u_e203_cpu.u_e203_dtcm_ctrl.u_dtcm_icb_arbt.arbt_num_gt_1_gen.dp_1.u_sirv_gnrl_rspid_fifo.dp_gt_0.dat_dfflr.qout_r$_DFFE_PP_/D
264	-0.7287	u_eI_cpu.u_eJ_core.u_eK_exu.u_eL_exu_alu.u_eM_exu_alu_muldiv.muldiv_state_dfflr.qout_r[N]	extIitcm_icb_cmd_ready	u_e203_cpu.u_e203_core.u_e203_exu.u_e203_exu_alu.u_e203_exu_alu_muldiv.muldiv_state_dfflr.qout_r[0]$_DFFE_PN0P_/Q	ext2itcm_icb_cmd_ready
265	-0.7273	u_eI_cpu.u_eJ_dtcm_ctrl.u_dtcm_icb_arbt.arbt_num_gt_K_gen.dp_L.u_sirv_gnrl_rspid_fifo.dp_gt_M.vld_dfflr.qout_r	extIitcm_icb_cmd_ready	u_e203_cpu.u_e203_dtcm_ctrl.u_dtcm_icb_arbt.arbt_num_gt_1_gen.dp_1.u_sirv_gnrl_rspid_fifo.dp_gt_0.vld_dfflr.qout_r$_DFFE_PN0P_/Q	ext2itcm_icb_cmd_ready
266	-0.7270	u_eI_cpu.u_eJ_core.u_eK_biu.u_biu_icb_arbt.arbt_num_gt_L_gen.dp_M.u_sirv_gnrl_rspid_fifo.dp_gt_N.vld_dfflr.qout_r	extIitcm_icb_cmd_ready	u_e203_cpu.u_e203_core.u_e203_biu.u_biu_icb_arbt.arbt_num_gt_1_gen.dp_1.u_sirv_gnrl_rspid_fifo.dp_gt_0.vld_dfflr.qout_r$_DFFE_PN0P_/Q	ext2itcm_icb_cmd_ready
267	-0.7269	u_eI_cpu.u_eJ_core.u_eK_lsu.u_eL_lsu_ctrl.u_lsu_icb_arbt.arbt_num_gt_M_gen.dp_N.u_sirv_gnrl_rspid_fifo.dp_gt_O.vld_dfflr.qout_r	extIitcm_icb_cmd_ready	u_e203_cpu.u_e203_core.u_e203_lsu.u_e203_lsu_ctrl.u_lsu_icb_arbt.arbt_num_gt_1_gen.dp_1.u_sirv_gnrl_rspid_fifo.dp_gt_0.vld_dfflr.qout_r$_DFFE_PN0P_/Q	ext2itcm_icb_cmd_ready
268	-0.7265	u_eI_cpu.u_eJ_dtcm_ctrl.u_sram_icb_ctrl.u_sirv_Kcyc_sram_ctrl.u_eL_stage.dp_gt_M.vld_dfflr.qout_r	extIitcm_icb_cmd_ready	u_e203_cpu.u_e203_dtcm_ctrl.u_sram_icb_ctrl.u_sirv_1cyc_sram_ctrl.u_e1_stage.dp_gt_0.vld_dfflr.qout_r$_DFFE_PN0P_/Q	ext2itcm_icb_cmd_ready
269	-0.7258	dbg_step_r	u_eI_cpu.u_eJ_core.u_eK_exu.u_eL_exu_csr.cause_dfflr.qout_r[M]	dbg_step_r	u_e203_cpu.u_e203_core.u_e203_exu.u_e203_exu_csr.cause_dfflr.qout_r[2]$_DFFE_PN0P_/D
270	-0.7237	u_eI_cpu.u_eJ_itcm_ctrl.u_sram_icb_ctrl.u_sirv_Kcyc_sram_ctrl.u_eL_stage.dp_gt_M.dat_dfflr.qout_r[N]	extIdtcm_icb_cmd_ready	u_e203_cpu.u_e203_itcm_ctrl.u_sram_icb_ctrl.u_sirv_1cyc_sram_ctrl.u_e1_stage.dp_gt_0.dat_dfflr.qout_r[1]$_DFFE_PP_/QN	ext2dtcm_icb_cmd_ready
271	-0.7231	dbg_step_r	u_eI_cpu.u_eJ_core.u_eK_exu.u_eL_exu_alu.u_eM_exu_alu_muldiv.part_remd_sftN_dfflr.qout_r	dbg_step_r	u_e203_cpu.u_e203_core.u_e203_exu.u_e203_exu_alu.u_e203_exu_alu_muldiv.part_remd_sft1_dfflr.qout_r$_DFFE_PN0P_/D
272	-0.7230	dbg_mode	u_eI_cpu.u_eJ_core.u_eK_exu.u_eL_exu_alu.u_eM_exu_alu_muldiv.flushed_dfflr.qout_r	dbg_mode	u_e203_cpu.u_e203_core.u_e203_exu.u_e203_exu_alu.u_e203_exu_alu_muldiv.flushed_dfflr.qout_r$_DFFE_PN0P_/D
273	-0.7209	u_eI_cpu.u_eJ_core.u_eK_biu.u_sirv_gnrl_icb_buffer.u_sirv_gnrl_rsp_fifo.dp_gtL.vec_M_dfflr.qout_r	extIitcm_icb_cmd_ready	u_e203_cpu.u_e203_core.u_e203_biu.u_sirv_gnrl_icb_buffer.u_sirv_gnrl_rsp_fifo.dp_gt0.vec_31_dfflr.qout_r$_DFFE_PN0P_/Q	ext2itcm_icb_cmd_ready
274	-0.7181	u_eI_cpu.u_eJ_core.u_eK_lsu.u_eL_lsu_ctrl.u_lsu_icb_arbt.arbt_num_gt_M_gen.dp_N.u_sirv_gnrl_rspid_fifo.dp_gt_O.dat_dfflr.qout_r	extIitcm_icb_cmd_ready	u_e203_cpu.u_e203_core.u_e203_lsu.u_e203_lsu_ctrl.u_lsu_icb_arbt.arbt_num_gt_1_gen.dp_1.u_sirv_gnrl_rspid_fifo.dp_gt_0.dat_dfflr.qout_r$_DFFE_PP_/Q	ext2itcm_icb_cmd_ready
275	-0.7175	dbg_halt_r	u_eI_cpu.u_eJ_core.u_eK_ifu.u_eL_ifu_iftMicb.u_eN_ifetch_rsp_bypbuf.u_bypbuf_fifo.dp_gtO.vec_P_dfflr.qout_r	dbg_halt_r	u_e203_cpu.u_e203_core.u_e203_ifu.u_e203_ifu_ift2icb.u_e203_ifetch_rsp_bypbuf.u_bypbuf_fifo.dp_gt0.vec_31_dfflr.qout_r$_DFFE_PN0P_/D
276	-0.7159	dbg_step_r	u_eI_cpu.u_eJ_itcm_ctrl.u_itcm_icb_arbt.arbt_num_gt_K_gen.dp_L.u_sirv_gnrl_rspid_fifo.dp_gt_M.dat_dfflr.qout_r	dbg_step_r	u_e203_cpu.u_e203_itcm_ctrl.u_itcm_icb_arbt.arbt_num_gt_1_gen.dp_1.u_sirv_gnrl_rspid_fifo.dp_gt_0.dat_dfflr.qout_r$_DFFE_PP_/D
277	-0.7148	dbg_step_r	u_eI_cpu.u_eJ_core.u_eK_ifu.u_eL_ifu_ifetch.ir_pc_vld_dfflr.qout_r	dbg_step_r	u_e203_cpu.u_e203_core.u_e203_ifu.u_e203_ifu_ifetch.ir_pc_vld_dfflr.qout_r$_DFFE_PN0P_/D
278	-0.7122	dbg_halt_r	u_eI_cpu.u_eJ_dtcm_ctrl.u_sram_icb_ctrl.u_byp_icb_cmd_buf.u_bypbuf_fifo.dp_gtK.vec_L_dfflrs.qout_r	dbg_halt_r	u_e203_cpu.u_e203_dtcm_ctrl.u_sram_icb_ctrl.u_byp_icb_cmd_buf.u_bypbuf_fifo.dp_gt0.vec_0_dfflrs.qout_r$_DFFE_PN1P_/D
279	-0.7094	dbg_step_r	u_eI_cpu.u_eJ_core.u_eK_exu.u_eL_exu_oitf.oitf_entries[M].vld_dfflrs.qout_r	dbg_step_r	u_e203_cpu.u_e203_core.u_e203_exu.u_e203_exu_oitf.oitf_entries[1].vld_dfflrs.qout_r$_DFFE_PN0P_/D
280	-0.7085	dbg_step_r	u_eI_cpu.u_eJ_core.u_eK_exu.u_eL_exu_alu.u_eM_exu_alu_muldiv.muldiv_state_dfflr.qout_r[N]	dbg_step_r	u_e203_cpu.u_e203_core.u_e203_exu.u_e203_exu_alu.u_e203_exu_alu_muldiv.muldiv_state_dfflr.qout_r[1]$_DFFE_PN0P_/D
281	-0.7078	dbg_step_r	u_eI_cpu.u_eJ_core.u_eK_exu.u_eL_exu_csr.mscratch_dfflr.qout_r[M]	dbg_step_r	u_e203_cpu.u_e203_core.u_e203_exu.u_e203_exu_csr.mscratch_dfflr.qout_r[5]$_DFFE_PN0P_/D
282	-0.7071	dbg_halt_r	u_eI_cpu.u_eJ_core.u_eK_exu.u_eL_exu_alu.u_eM_exu_alu_dpath.sbf_N_dffl.qout_r[O]	dbg_halt_r	u_e203_cpu.u_e203_core.u_e203_exu.u_e203_exu_alu.u_e203_exu_alu_dpath.sbf_1_dffl.qout_r[32]$_SDFFCE_PN0P_/D
283	-0.7062	dbg_step_r	u_eI_cpu.u_eJ_dtcm_ctrl.u_dtcm_icb_arbt.arbt_num_gt_K_gen.dp_L.u_sirv_gnrl_rspid_fifo.dp_gt_M.vld_dfflr.qout_r	dbg_step_r	u_e203_cpu.u_e203_dtcm_ctrl.u_dtcm_icb_arbt.arbt_num_gt_1_gen.dp_1.u_sirv_gnrl_rspid_fifo.dp_gt_0.vld_dfflr.qout_r$_DFFE_PN0P_/D
284	-0.7031	dbg_step_r	u_eI_cpu.u_eJ_core.u_eK_exu.u_eL_exu_oitf.depth_gtM.alc_ptr_dfflrs.qout_r	dbg_step_r	u_e203_cpu.u_e203_core.u_e203_exu.u_e203_exu_oitf.depth_gt1.alc_ptr_dfflrs.qout_r$_DFFE_PN0P_/D
285	-0.7030	u_eI_cpu.u_eJ_itcm_ctrl.u_sram_icb_ctrl.u_sirv_Kcyc_sram_ctrl.u_eL_stage.dp_gt_M.dat_dfflr.qout_r[N]	extIitcm_icb_cmd_ready	u_e203_cpu.u_e203_itcm_ctrl.u_sram_icb_ctrl.u_sirv_1cyc_sram_ctrl.u_e1_stage.dp_gt_0.dat_dfflr.qout_r[1]$_DFFE_PP_/QN	ext2itcm_icb_cmd_ready
286	-0.7006	dbg_step_r	u_eI_cpu.u_eJ_core.u_eK_exu.u_eL_exu_alu.u_eM_exu_alu_muldiv.part_prdt_sftN_dfflr.qout_r	dbg_step_r	u_e203_cpu.u_e203_core.u_e203_exu.u_e203_exu_alu.u_e203_exu_alu_muldiv.part_prdt_sft1_dfflr.qout_r$_DFFE_PN0P_/D
287	-0.6976	dbg_mode	u_eI_cpu.u_eJ_core.u_eK_exu.u_eL_exu_commit.u_eM_exu_excp.wfi_halt_req_dfflr.qout_r	dbg_mode	u_e203_cpu.u_e203_core.u_e203_exu.u_e203_exu_commit.u_e203_exu_excp.wfi_halt_req_dfflr.qout_r$_DFFE_PN0P_/D
288	-0.6966	dbg_halt_r	u_eI_cpu.u_eJ_core.u_eK_exu.u_eL_exu_regfile.regfile[M].rfnoN.rf_dffl.qout_r[O]	dbg_halt_r	u_e203_cpu.u_e203_core.u_e203_exu.u_e203_exu_regfile.regfile[8].rfno0.rf_dffl.qout_r[10]$_DFFE_PP_/D
289	-0.6965	u_eI_cpu.u_eJ_itcm_ctrl.u_itcm_icb_arbt.arbt_num_gt_K_gen.dp_L.u_sirv_gnrl_rspid_fifo.dp_gt_M.dat_dfflr.qout_r	extIdtcm_icb_cmd_ready	u_e203_cpu.u_e203_itcm_ctrl.u_itcm_icb_arbt.arbt_num_gt_1_gen.dp_1.u_sirv_gnrl_rspid_fifo.dp_gt_0.dat_dfflr.qout_r$_DFFE_PP_/Q	ext2dtcm_icb_cmd_ready
290	-0.6947	dbg_step_r	u_eI_cpu.u_eJ_core.u_eK_exu.u_eL_exu_alu.u_eM_exu_alu_lsuagu.icb_state_dfflr.qout_r[N]	dbg_step_r	u_e203_cpu.u_e203_core.u_e203_exu.u_e203_exu_alu.u_e203_exu_alu_lsuagu.icb_state_dfflr.qout_r[1]$_DFFE_PN0P_/D
291	-0.6932	dbg_step_r	u_eI_cpu.u_eJ_itcm_ctrl.u_itcm_icb_lsuKitcm_nLw.fifo_dp_M.u_sirv_gnrl_nNw_fifo.dp_gt_O.dat_dfflr.qout_r	dbg_step_r	u_e203_cpu.u_e203_itcm_ctrl.u_itcm_icb_lsu2itcm_n2w.fifo_dp_1.u_sirv_gnrl_n2w_fifo.dp_gt_0.dat_dfflr.qout_r$_DFFE_PP_/D
292	-0.6920	dbg_mode	u_eI_cpu.u_eJ_core.u_eK_exu.u_eL_exu_commit.u_eM_exu_excp.step_req_dfflr.qout_r	dbg_mode	u_e203_cpu.u_e203_core.u_e203_exu.u_e203_exu_commit.u_e203_exu_excp.step_req_dfflr.qout_r$_DFFE_PN0P_/D
293	-0.6912	dbg_step_r	u_eI_cpu.u_eJ_core.u_eK_exu.u_eL_exu_csr.mcycleh_dfflr.qout_r[M]	dbg_step_r	u_e203_cpu.u_e203_core.u_e203_exu.u_e203_exu_csr.mcycleh_dfflr.qout_r[10]$_DFFE_PN0P_/D
294	-0.6874	u_eI_cpu.u_eJ_core.u_eK_ifu.u_eL_ifu_ifetch.ir_rsMidx_dfflr.qout_r[N]	cmt_dcause_ena	u_e203_cpu.u_e203_core.u_e203_ifu.u_e203_ifu_ifetch.ir_rs2idx_dfflr.qout_r[4]$_DFFE_PN0P_/Q	cmt_dcause_ena
295	-0.6854	u_eI_cpu.u_eJ_dtcm_ctrl.u_dtcm_icb_arbt.arbt_num_gt_K_gen.dp_L.u_sirv_gnrl_rspid_fifo.dp_gt_M.dat_dfflr.qout_r	extIdtcm_icb_cmd_ready	u_e203_cpu.u_e203_dtcm_ctrl.u_dtcm_icb_arbt.arbt_num_gt_1_gen.dp_1.u_sirv_gnrl_rspid_fifo.dp_gt_0.dat_dfflr.qout_r$_DFFE_PP_/Q	ext2dtcm_icb_cmd_ready
296	-0.6794	dbg_step_r	u_eI_cpu.u_eJ_core.u_eK_exu.u_eL_exu_csr.status_mie_dfflr.qout_r	dbg_step_r	u_e203_cpu.u_e203_core.u_e203_exu.u_e203_exu_csr.status_mie_dfflr.qout_r$_DFFE_PN0P_/D
297	-0.6790	u_eI_cpu.u_eJ_core.u_eK_biu.u_biu_icb_arbt.arbt_num_gt_L_gen.dp_M.u_sirv_gnrl_rspid_fifo.dp_gt_N.dat_dfflr.qout_r	extIdtcm_icb_cmd_ready	u_e203_cpu.u_e203_core.u_e203_biu.u_biu_icb_arbt.arbt_num_gt_1_gen.dp_1.u_sirv_gnrl_rspid_fifo.dp_gt_0.dat_dfflr.qout_r$_DFFE_PP_/Q	ext2dtcm_icb_cmd_ready
298	-0.6781	dbg_step_r	u_eI_cpu.u_eJ_core.u_eK_exu.u_eL_exu_oitf.depth_gtM.alc_ptr_flg_dfflrs.qout_r	dbg_step_r	u_e203_cpu.u_e203_core.u_e203_exu.u_e203_exu_oitf.depth_gt1.alc_ptr_flg_dfflrs.qout_r$_DFFE_PN0P_/D
299	-0.6759	u_eI_cpu.u_eJ_itcm_ctrl.u_itcm_icb_arbt.arbt_num_gt_K_gen.dp_L.u_sirv_gnrl_rspid_fifo.dp_gt_M.dat_dfflr.qout_r	extIitcm_icb_cmd_ready	u_e203_cpu.u_e203_itcm_ctrl.u_itcm_icb_arbt.arbt_num_gt_1_gen.dp_1.u_sirv_gnrl_rspid_fifo.dp_gt_0.dat_dfflr.qout_r$_DFFE_PP_/Q	ext2itcm_icb_cmd_ready
300	-0.6722	dbg_halt_r	u_eI_cpu.u_eJ_core.u_eK_exu.u_eL_exu_csr.badaddr_dfflr.qout_r[M]	dbg_halt_r	u_e203_cpu.u_e203_core.u_e203_exu.u_e203_exu_csr.badaddr_dfflr.qout_r[13]$_DFFE_PN0P_/D
301	-0.6711	dbg_step_r	u_eI_cpu.u_eJ_core.u_eK_exu.u_eL_exu_alu.u_eM_exu_nice.u_nice_itag_fifo.dp_gtN.vec_O_dfflr.qout_r[P]	dbg_step_r	u_e203_cpu.u_e203_core.u_e203_exu.u_e203_exu_alu.u_e203_exu_nice.u_nice_itag_fifo.dp_gt0.vec_31_dfflr.qout_r[1]$_DFFE_PN0P_/D
302	-0.6703	u_eI_cpu.u_eJ_core.u_eK_ifu.u_eL_ifu_ifetch.ir_rsMidx_dfflr.qout_r[N]	core_wfi	u_e203_cpu.u_e203_core.u_e203_ifu.u_e203_ifu_ifetch.ir_rs2idx_dfflr.qout_r[4]$_DFFE_PN0P_/Q	core_wfi
303	-0.6677	u_eI_cpu.u_eJ_irq_sync.master_gen.u_dbg_irq_sync.sync_gen[K].i_is_not_L.sync_dffr.qout_r	extIdtcm_icb_cmd_ready	u_e203_cpu.u_e203_irq_sync.master_gen.u_dbg_irq_sync.sync_gen[1].i_is_not_0.sync_dffr.qout_r$_DFF_PN0_/Q	ext2dtcm_icb_cmd_ready
304	-0.6669	dbg_step_r	u_eI_cpu.u_eJ_core.u_eK_exu.u_eL_exu_csr.status_mpie_dfflr.qout_r	dbg_step_r	u_e203_cpu.u_e203_core.u_e203_exu.u_e203_exu_csr.status_mpie_dfflr.qout_r$_DFFE_PN0P_/D
305	-0.6668	dbg_step_r	u_eI_cpu.u_eJ_itcm_ctrl.u_itcm_icb_arbt.arbt_num_gt_K_gen.dp_L.u_sirv_gnrl_rspid_fifo.dp_gt_M.vld_dfflr.qout_r	dbg_step_r	u_e203_cpu.u_e203_itcm_ctrl.u_itcm_icb_arbt.arbt_num_gt_1_gen.dp_1.u_sirv_gnrl_rspid_fifo.dp_gt_0.vld_dfflr.qout_r$_DFFE_PN0P_/D
306	-0.6648	dbg_halt_r	u_eI_cpu.u_eJ_itcm_ctrl.u_itcm_icb_extKitcm_nLw.fifo_dp_M.u_sirv_gnrl_nNw_fifo.dp_gt_O.dat_dfflr.qout_r	dbg_halt_r	u_e203_cpu.u_e203_itcm_ctrl.u_itcm_icb_ext2itcm_n2w.fifo_dp_1.u_sirv_gnrl_n2w_fifo.dp_gt_0.dat_dfflr.qout_r$_DFFE_PP_/D
307	-0.6647	u_eI_cpu.u_eJ_dtcm_ctrl.u_dtcm_icb_arbt.arbt_num_gt_K_gen.dp_L.u_sirv_gnrl_rspid_fifo.dp_gt_M.dat_dfflr.qout_r	extIitcm_icb_cmd_ready	u_e203_cpu.u_e203_dtcm_ctrl.u_dtcm_icb_arbt.arbt_num_gt_1_gen.dp_1.u_sirv_gnrl_rspid_fifo.dp_gt_0.dat_dfflr.qout_r$_DFFE_PP_/Q	ext2itcm_icb_cmd_ready
308	-0.6635	dbg_step_r	u_eI_cpu.u_eJ_core.u_eK_exu.u_eL_exu_alu.u_eM_exu_alu_lsuagu.unalgn_flg_dffl.qout_r	dbg_step_r	u_e203_cpu.u_e203_core.u_e203_exu.u_e203_exu_alu.u_e203_exu_alu_lsuagu.unalgn_flg_dffl.qout_r$_DFFE_PN0P_/D
309	-0.6611	dbg_halt_r	u_eI_cpu.u_eJ_dtcm_ctrl.u_sram_icb_ctrl.u_byp_icb_cmd_buf.u_bypbuf_fifo.dp_gtK.vec_L_dfflr.qout_r	dbg_halt_r	u_e203_cpu.u_e203_dtcm_ctrl.u_sram_icb_ctrl.u_byp_icb_cmd_buf.u_bypbuf_fifo.dp_gt0.vec_31_dfflr.qout_r$_DFFE_PN0P_/D
310	-0.6600	u_eI_cpu.u_eJ_core.u_eK_exu.u_eL_exu_csr.status_mie_dfflr.qout_r	extIdtcm_icb_cmd_ready	u_e203_cpu.u_e203_core.u_e203_exu.u_e203_exu_csr.status_mie_dfflr.qout_r$_DFFE_PN0P_/QN	ext2dtcm_icb_cmd_ready
311	-0.6596	dbg_step_r	u_eI_cpu.u_eJ_core.u_eK_lsu.u_eL_lsu_ctrl.excl_addr_dffl.qout_r[M]	dbg_step_r	u_e203_cpu.u_e203_core.u_e203_lsu.u_e203_lsu_ctrl.excl_addr_dffl.qout_r[17]$_DFFE_PN0P_/D
312	-0.6584	u_eI_cpu.u_eJ_core.u_eK_biu.u_biu_icb_arbt.arbt_num_gt_L_gen.dp_M.u_sirv_gnrl_rspid_fifo.dp_gt_N.dat_dfflr.qout_r	extIitcm_icb_cmd_ready	u_e203_cpu.u_e203_core.u_e203_biu.u_biu_icb_arbt.arbt_num_gt_1_gen.dp_1.u_sirv_gnrl_rspid_fifo.dp_gt_0.dat_dfflr.qout_r$_DFFE_PP_/Q	ext2itcm_icb_cmd_ready
313	-0.6565	u_eI_cpu.u_eJ_core.u_eK_exu.u_eL_exu_commit.u_eM_exu_excp.step_req_dfflr.qout_r	extIdtcm_icb_cmd_ready	u_e203_cpu.u_e203_core.u_e203_exu.u_e203_exu_commit.u_e203_exu_excp.step_req_dfflr.qout_r$_DFFE_PN0P_/Q	ext2dtcm_icb_cmd_ready
314	-0.6562	dbg_mode	u_eI_cpu.u_eJ_core.u_eK_exu.u_eL_exu_alu.u_eM_exu_alu_lsuagu.icb_leftover_err_dfflr.qout_r	dbg_mode	u_e203_cpu.u_e203_core.u_e203_exu.u_e203_exu_alu.u_e203_exu_alu_lsuagu.icb_leftover_err_dfflr.qout_r$_DFFE_PN0P_/D
315	-0.6470	u_eI_cpu.u_eJ_irq_sync.master_gen.u_dbg_irq_sync.sync_gen[K].i_is_not_L.sync_dffr.qout_r	extIitcm_icb_cmd_ready	u_e203_cpu.u_e203_irq_sync.master_gen.u_dbg_irq_sync.sync_gen[1].i_is_not_0.sync_dffr.qout_r$_DFF_PN0_/Q	ext2itcm_icb_cmd_ready
316	-0.6423	dbg_mode	u_eI_cpu.u_eJ_core.u_eK_ifu.u_eL_ifu_ifetch.halt_ack_dfflr.qout_r	dbg_mode	u_e203_cpu.u_e203_core.u_e203_ifu.u_e203_ifu_ifetch.halt_ack_dfflr.qout_r$_DFFE_PN0P_/D
317	-0.6409	u_eI_cpu.u_eJ_core.u_eK_ifu.u_eL_ifu_ifetch.ir_rsMidx_dfflr.qout_r[N]	cmt_dpc_ena	u_e203_cpu.u_e203_core.u_e203_ifu.u_e203_ifu_ifetch.ir_rs2idx_dfflr.qout_r[4]$_DFFE_PN0P_/Q	cmt_dpc_ena
318	-0.6393	u_eI_cpu.u_eJ_core.u_eK_exu.u_eL_exu_csr.status_mie_dfflr.qout_r	extIitcm_icb_cmd_ready	u_e203_cpu.u_e203_core.u_e203_exu.u_e203_exu_csr.status_mie_dfflr.qout_r$_DFFE_PN0P_/QN	ext2itcm_icb_cmd_ready
319	-0.6370	dbg_halt_r	u_eI_cpu.u_eJ_core.u_eK_lsu.u_eL_lsu_ctrl.u_eM_lsu_splt_stage.dp_gt_N.dat_dfflr.qout_r[O]	dbg_halt_r	u_e203_cpu.u_e203_core.u_e203_lsu.u_e203_lsu_ctrl.u_e203_lsu_splt_stage.dp_gt_0.dat_dfflr.qout_r[43]$_DFFE_PP_/D
320	-0.6358	u_eI_cpu.u_eJ_core.u_eK_exu.u_eL_exu_commit.u_eM_exu_excp.step_req_dfflr.qout_r	extIitcm_icb_cmd_ready	u_e203_cpu.u_e203_core.u_e203_exu.u_e203_exu_commit.u_e203_exu_excp.step_req_dfflr.qout_r$_DFFE_PN0P_/Q	ext2itcm_icb_cmd_ready
321	-0.6334	dbg_mode	u_eI_cpu.u_eJ_core.u_eK_exu.u_eL_exu_commit.u_eM_exu_excp.wfi_flag_dfflr.qout_r	dbg_mode	u_e203_cpu.u_e203_core.u_e203_exu.u_e203_exu_commit.u_e203_exu_excp.wfi_flag_dfflr.qout_r$_DFFE_PN0P_/D
322	-0.6300	u_eI_cpu.u_eJ_core.u_eK_exu.u_eL_exu_alu.u_eM_exu_alu_muldiv.exec_cnt_dfflr.qout_r[N]	extIdtcm_icb_cmd_ready	u_e203_cpu.u_e203_core.u_e203_exu.u_e203_exu_alu.u_e203_exu_alu_muldiv.exec_cnt_dfflr.qout_r[2]$_DFFE_PN0P_/Q	ext2dtcm_icb_cmd_ready
323	-0.6275	dbg_halt_r	u_eI_cpu.u_eJ_core.u_eK_lsu.u_eL_lsu_ctrl.excl_flg_dffl.qout_r	dbg_halt_r	u_e203_cpu.u_e203_core.u_e203_lsu.u_e203_lsu_ctrl.excl_flg_dffl.qout_r$_DFFE_PN0P_/D
324	-0.6255	dbg_halt_r	u_eI_cpu.u_eJ_itcm_ctrl.u_itcm_icb_extKitcm_nLw.fifo_dp_M.u_sirv_gnrl_nNw_fifo.dp_gt_O.vld_dfflr.qout_r	dbg_halt_r	u_e203_cpu.u_e203_itcm_ctrl.u_itcm_icb_ext2itcm_n2w.fifo_dp_1.u_sirv_gnrl_n2w_fifo.dp_gt_0.vld_dfflr.qout_r$_DFFE_PN0P_/D
325	-0.6249	dbg_step_r	u_eI_cpu.u_eJ_itcm_ctrl.u_itcm_icb_lsuKitcm_nLw.fifo_dp_M.u_sirv_gnrl_nNw_fifo.dp_gt_O.vld_dfflr.qout_r	dbg_step_r	u_e203_cpu.u_e203_itcm_ctrl.u_itcm_icb_lsu2itcm_n2w.fifo_dp_1.u_sirv_gnrl_n2w_fifo.dp_gt_0.vld_dfflr.qout_r$_DFFE_PN0P_/D
326	-0.6218	dbg_halt_r	u_eI_cpu.u_eJ_core.u_eK_ifu.u_eL_ifu_ifetch.ifu_pc_dfflr.qout_r[M]	dbg_halt_r	u_e203_cpu.u_e203_core.u_e203_ifu.u_e203_ifu_ifetch.ifu_pc_dfflr.qout_r[10]$_DFFE_PN0P_/D
327	-0.6204	dbg_halt_r	u_eI_cpu.u_eJ_core.u_eK_exu.u_eL_exu_csr.epc_dfflr.qout_r[M]	dbg_halt_r	u_e203_cpu.u_e203_core.u_e203_exu.u_e203_exu_csr.epc_dfflr.qout_r[24]$_DFFE_PN0P_/D
328	-0.6172	dbg_halt_r	u_eI_cpu.u_eJ_dtcm_ctrl.u_sram_icb_ctrl.u_sirv_Kcyc_sram_ctrl.u_eL_stage.dp_gt_M.vld_dfflr.qout_r	dbg_halt_r	u_e203_cpu.u_e203_dtcm_ctrl.u_sram_icb_ctrl.u_sirv_1cyc_sram_ctrl.u_e1_stage.dp_gt_0.vld_dfflr.qout_r$_DFFE_PN0P_/D
329	-0.6127	u_eI_cpu.u_eJ_core.u_eK_biu.u_sirv_gnrl_icb_buffer.u_sirv_gnrl_rsp_fifo.dp_gtL.fifo_rf[M].fifo_rf_dffl.qout_r[N]	extIdtcm_icb_cmd_ready	u_e203_cpu.u_e203_core.u_e203_biu.u_sirv_gnrl_icb_buffer.u_sirv_gnrl_rsp_fifo.dp_gt0.fifo_rf[0].fifo_rf_dffl.qout_r[34]$_DFFE_PP_/Q	ext2dtcm_icb_cmd_ready
330	-0.6114	dbg_halt_r	u_eI_cpu.u_eJ_core.u_eK_exu.u_eL_exu_oitf.oitf_entries[M].pc_dfflrs.qout_r[N]	dbg_halt_r	u_e203_cpu.u_e203_core.u_e203_exu.u_e203_exu_oitf.oitf_entries[0].pc_dfflrs.qout_r[1]$_DFFE_PP_/D
331	-0.6114	dbg_halt_r	u_eI_cpu.u_eJ_core.u_eK_exu.u_eL_exu_oitf.oitf_entries[M].rdidx_dfflrs.qout_r[N]	dbg_halt_r	u_e203_cpu.u_e203_core.u_e203_exu.u_e203_exu_oitf.oitf_entries[0].rdidx_dfflrs.qout_r[4]$_DFFE_PP_/D
332	-0.6114	dbg_halt_r	u_eI_cpu.u_eJ_core.u_eK_exu.u_eL_exu_oitf.oitf_entries[M].rdwen_dfflrs.qout_r	dbg_halt_r	u_e203_cpu.u_e203_core.u_e203_exu.u_e203_exu_oitf.oitf_entries[0].rdwen_dfflrs.qout_r$_DFFE_PP_/D
333	-0.6107	u_eI_cpu.u_eJ_core.u_eK_ifu.u_eL_ifu_ifetch.ifu_prdt_taken_dfflr.qout_r	extIdtcm_icb_cmd_ready	u_e203_cpu.u_e203_core.u_e203_ifu.u_e203_ifu_ifetch.ifu_prdt_taken_dfflr.qout_r$_DFFE_PN0P_/Q	ext2dtcm_icb_cmd_ready
334	-0.6096	dbg_step_r	u_eI_cpu.u_eJ_core.u_eK_exu.u_eL_exu_alu.u_eM_exu_nice.u_nice_itag_fifo.dp_gtN.vec_O_dfflrs.qout_r	dbg_step_r	u_e203_cpu.u_e203_core.u_e203_exu.u_e203_exu_alu.u_e203_exu_nice.u_nice_itag_fifo.dp_gt0.vec_0_dfflrs.qout_r$_DFFE_PN1P_/D
335	-0.6093	u_eI_cpu.u_eJ_core.u_eK_exu.u_eL_exu_alu.u_eM_exu_alu_muldiv.exec_cnt_dfflr.qout_r[N]	extIitcm_icb_cmd_ready	u_e203_cpu.u_e203_core.u_e203_exu.u_e203_exu_alu.u_e203_exu_alu_muldiv.exec_cnt_dfflr.qout_r[2]$_DFFE_PN0P_/Q	ext2itcm_icb_cmd_ready
336	-0.6065	u_eI_cpu.u_eJ_core.u_eK_ifu.u_eL_ifu_ifetch.ifu_lo_ir_dfflr.qout_r[M]	u_eI_cpu.u_eJ_itcm_ctrl.u_sram_icb_ctrl.u_byp_icb_cmd_buf.u_bypbuf_fifo.dp_gtK.fifo_rf[L].fifo_rf_dffl.qout_r[M]	u_e203_cpu.u_e203_core.u_e203_ifu.u_e203_ifu_ifetch.ifu_lo_ir_dfflr.qout_r[11]$_DFFE_PN0P_/Q	u_e203_cpu.u_e203_itcm_ctrl.u_sram_icb_ctrl.u_byp_icb_cmd_buf.u_bypbuf_fifo.dp_gt0.fifo_rf[0].fifo_rf_dffl.qout_r[42]$_DFFE_PP_/D
337	-0.6042	dbg_halt_r	u_eI_cpu.u_eJ_core.u_eK_exu.u_eL_exu_csr.mcycle_dfflr.qout_r[M]	dbg_halt_r	u_e203_cpu.u_e203_core.u_e203_exu.u_e203_exu_csr.mcycle_dfflr.qout_r[5]$_DFFE_PN0P_/D
338	-0.6013	dbg_halt_r	u_eI_cpu.u_eJ_dtcm_ctrl.u_dtcm_icb_arbt.arbt_num_gt_K_gen.dp_L.u_sirv_gnrl_rspid_fifo.dp_gt_M.dat_dfflr.qout_r	dbg_halt_r	u_e203_cpu.u_e203_dtcm_ctrl.u_dtcm_icb_arbt.arbt_num_gt_1_gen.dp_1.u_sirv_gnrl_rspid_fifo.dp_gt_0.dat_dfflr.qout_r$_DFFE_PP_/D
339	-0.6007	dbg_step_r	u_eI_cpu.u_eJ_core.u_eK_exu.u_eL_exu_alu.u_eM_exu_alu_muldiv.exec_cnt_dfflr.qout_r[N]	dbg_step_r	u_e203_cpu.u_e203_core.u_e203_exu.u_e203_exu_alu.u_e203_exu_alu_muldiv.exec_cnt_dfflr.qout_r[0]$_DFFE_PN0P_/D
340	-0.5963	dbg_step_r	u_eI_cpu.u_eJ_core.u_eK_exu.u_eL_exu_alu.u_eM_exu_nice.u_nice_itag_fifo.dp_gtN.dp_gtO.wptr_vec_P_dfflr.qout_r[Q]	dbg_step_r	u_e203_cpu.u_e203_core.u_e203_exu.u_e203_exu_alu.u_e203_exu_nice.u_nice_itag_fifo.dp_gt0.dp_gt1.wptr_vec_31_dfflr.qout_r[0]$_DFFE_PN0P_/D
341	-0.5947	dbg_halt_r	u_eI_cpu.u_eJ_core.u_eK_exu.u_eL_exu_csr.mtvec_dfflr.qout_r[M]	dbg_halt_r	u_e203_cpu.u_e203_core.u_e203_exu.u_e203_exu_csr.mtvec_dfflr.qout_r[5]$_DFFE_PN0P_/D
342	-0.5930	u_eI_cpu.u_eJ_core.u_eK_ifu.u_eL_ifu_ifetch.ifu_lo_ir_dfflr.qout_r[M]	u_eI_cpu.u_eJ_core.u_eK_biu.u_sirv_gnrl_icb_buffer.u_sirv_gnrl_cmd_fifo.dp_gtL.fifo_rf[M].fifo_rf_dffl.qout_r[N]	u_e203_cpu.u_e203_core.u_e203_ifu.u_e203_ifu_ifetch.ifu_lo_ir_dfflr.qout_r[11]$_DFFE_PN0P_/Q	u_e203_cpu.u_e203_core.u_e203_biu.u_sirv_gnrl_icb_buffer.u_sirv_gnrl_cmd_fifo.dp_gt0.fifo_rf[0].fifo_rf_dffl.qout_r[0]$_DFFE_PP_/D
343	-0.5920	u_eI_cpu.u_eJ_core.u_eK_biu.u_sirv_gnrl_icb_buffer.u_sirv_gnrl_rsp_fifo.dp_gtL.fifo_rf[M].fifo_rf_dffl.qout_r[N]	extIitcm_icb_cmd_ready	u_e203_cpu.u_e203_core.u_e203_biu.u_sirv_gnrl_icb_buffer.u_sirv_gnrl_rsp_fifo.dp_gt0.fifo_rf[0].fifo_rf_dffl.qout_r[34]$_DFFE_PP_/Q	ext2itcm_icb_cmd_ready
344	-0.5915	dbg_step_r	u_eI_cpu.u_eJ_core.u_eK_ifu.u_eL_ifu_ifetch.u_eM_ifu_litebpu.rsNxn_rdrf_dfflrs.qout_r	dbg_step_r	u_e203_cpu.u_e203_core.u_e203_ifu.u_e203_ifu_ifetch.u_e203_ifu_litebpu.rs1xn_rdrf_dfflrs.qout_r$_DFFE_PN0P_/D
345	-0.5901	u_eI_cpu.u_eJ_core.u_eK_ifu.u_eL_ifu_ifetch.ifu_prdt_taken_dfflr.qout_r	extIitcm_icb_cmd_ready	u_e203_cpu.u_e203_core.u_e203_ifu.u_e203_ifu_ifetch.ifu_prdt_taken_dfflr.qout_r$_DFFE_PN0P_/Q	ext2itcm_icb_cmd_ready
346	-0.5888	dbg_step_r	u_eI_cpu.u_eJ_core.u_eK_exu.u_eL_exu_csr.mie_dfflr.qout_r[M]	dbg_step_r	u_e203_cpu.u_e203_core.u_e203_exu.u_e203_exu_csr.mie_dfflr.qout_r[11]$_DFFE_PN0P_/D
347	-0.5887	u_eI_cpu.u_eJ_core.u_eK_ifu.u_eL_ifu_ifetch.ifu_err_dfflr.qout_r	cmt_dcause[I]	u_e203_cpu.u_e203_core.u_e203_ifu.u_e203_ifu_ifetch.ifu_err_dfflr.qout_r$_DFFE_PN0P_/Q	cmt_dcause[0]
348	-0.5876	dbg_halt_r	u_eI_cpu.u_eJ_itcm_ctrl.u_itcm_icb_arbt.arbt_num_gt_K_gen.dp_L.u_sirv_gnrl_rspid_fifo.dp_gt_M.dat_dfflr.qout_r	dbg_halt_r	u_e203_cpu.u_e203_itcm_ctrl.u_itcm_icb_arbt.arbt_num_gt_1_gen.dp_1.u_sirv_gnrl_rspid_fifo.dp_gt_0.dat_dfflr.qout_r$_DFFE_PP_/D
349	-0.5861	dbg_halt_r	u_eI_cpu.u_eJ_core.u_eK_exu.u_eL_exu_alu.u_eM_exu_alu_muldiv.part_remd_sftN_dfflr.qout_r	dbg_halt_r	u_e203_cpu.u_e203_core.u_e203_exu.u_e203_exu_alu.u_e203_exu_alu_muldiv.part_remd_sft1_dfflr.qout_r$_DFFE_PN0P_/D
350	-0.5859	dbg_halt_r	u_eI_cpu.u_eJ_core.u_eK_exu.u_eL_exu_csr.cause_dfflr.qout_r[M]	dbg_halt_r	u_e203_cpu.u_e203_core.u_e203_exu.u_e203_exu_csr.cause_dfflr.qout_r[2]$_DFFE_PN0P_/D
351	-0.5855	u_eI_cpu.u_eJ_core.u_eK_ifu.u_eL_ifu_ifetch.ifu_lo_ir_dfflr.qout_r[M]	u_eI_cpu.u_eJ_core.u_eK_ifu.u_eL_ifu_iftMicb.leftover_dffl.qout_r[N]	u_e203_cpu.u_e203_core.u_e203_ifu.u_e203_ifu_ifetch.ifu_lo_ir_dfflr.qout_r[11]$_DFFE_PN0P_/Q	u_e203_cpu.u_e203_core.u_e203_ifu.u_e203_ifu_ift2icb.leftover_dffl.qout_r[10]$_DFFE_PP_/D
352	-0.5801	dbg_halt_r	u_eI_cpu.u_eJ_core.u_eK_exu.u_eL_exu_alu.u_eM_exu_alu_muldiv.muldiv_state_dfflr.qout_r[N]	dbg_halt_r	u_e203_cpu.u_e203_core.u_e203_exu.u_e203_exu_alu.u_e203_exu_alu_muldiv.muldiv_state_dfflr.qout_r[1]$_DFFE_PN0P_/D
353	-0.5796	u_eI_cpu.u_eJ_core.u_eK_ifu.u_eL_ifu_ifetch.ifu_lo_ir_dfflr.qout_r[M]	u_eI_cpu.u_eJ_core.u_eK_biu.u_sirv_gnrl_icb_buffer.u_sirv_gnrl_cmd_fifo.dp_gtL.vec_M_dfflrs.qout_r	u_e203_cpu.u_e203_core.u_e203_ifu.u_e203_ifu_ifetch.ifu_lo_ir_dfflr.qout_r[11]$_DFFE_PN0P_/Q	u_e203_cpu.u_e203_core.u_e203_biu.u_sirv_gnrl_icb_buffer.u_sirv_gnrl_cmd_fifo.dp_gt0.vec_0_dfflrs.qout_r$_DFFE_PN1P_/D
354	-0.5791	dbg_halt_r	u_eI_cpu.u_eJ_core.u_eK_ifu.u_eL_ifu_ifetch.ir_pc_vld_dfflr.qout_r	dbg_halt_r	u_e203_cpu.u_e203_core.u_e203_ifu.u_e203_ifu_ifetch.ir_pc_vld_dfflr.qout_r$_DFFE_PN0P_/D
355	-0.5778	dbg_halt_r	u_eI_cpu.u_eJ_dtcm_ctrl.u_dtcm_icb_arbt.arbt_num_gt_K_gen.dp_L.u_sirv_gnrl_rspid_fifo.dp_gt_M.vld_dfflr.qout_r	dbg_halt_r	u_e203_cpu.u_e203_dtcm_ctrl.u_dtcm_icb_arbt.arbt_num_gt_1_gen.dp_1.u_sirv_gnrl_rspid_fifo.dp_gt_0.vld_dfflr.qout_r$_DFFE_PN0P_/D
356	-0.5765	u_eI_cpu.u_eJ_core.u_eK_ifu.u_eL_ifu_ifetch.ifu_lo_ir_dfflr.qout_r[M]	u_eI_cpu.u_eJ_core.u_eK_biu.u_sirv_gnrl_icb_buffer.u_sirv_gnrl_cmd_fifo.dp_gtL.vec_M_dfflr.qout_r	u_e203_cpu.u_e203_core.u_e203_ifu.u_e203_ifu_ifetch.ifu_lo_ir_dfflr.qout_r[11]$_DFFE_PN0P_/Q	u_e203_cpu.u_e203_core.u_e203_biu.u_sirv_gnrl_icb_buffer.u_sirv_gnrl_cmd_fifo.dp_gt0.vec_31_dfflr.qout_r$_DFFE_PN0P_/D
357	-0.5760	u_eI_cpu.u_eJ_core.u_eK_ifu.u_eL_ifu_ifetch.ifu_lo_ir_dfflr.qout_r[M]	u_eI_cpu.u_eJ_core.u_eK_ifu.u_eL_ifu_ifetch.ifu_hi_ir_dfflr.qout_r[M]	u_e203_cpu.u_e203_core.u_e203_ifu.u_e203_ifu_ifetch.ifu_lo_ir_dfflr.qout_r[11]$_DFFE_PN0P_/Q	u_e203_cpu.u_e203_core.u_e203_ifu.u_e203_ifu_ifetch.ifu_hi_ir_dfflr.qout_r[8]$_DFFE_PN0P_/D
358	-0.5759	u_eI_cpu.u_eJ_core.u_eK_ifu.u_eL_ifu_ifetch.ir_muldiv_bMb_dfflr.qout_r	extIdtcm_icb_cmd_ready	u_e203_cpu.u_e203_core.u_e203_ifu.u_e203_ifu_ifetch.ir_muldiv_b2b_dfflr.qout_r$_DFFE_PN0P_/Q	ext2dtcm_icb_cmd_ready
359	-0.5723	dbg_halt_r	u_eI_cpu.u_eJ_core.u_eK_exu.u_eL_exu_oitf.oitf_entries[M].vld_dfflrs.qout_r	dbg_halt_r	u_e203_cpu.u_e203_core.u_e203_exu.u_e203_exu_oitf.oitf_entries[1].vld_dfflrs.qout_r$_DFFE_PN0P_/D
360	-0.5707	u_eI_cpu.u_eJ_core.u_eK_ifu.u_eL_ifu_ifetch.ifu_lo_ir_dfflr.qout_r[M]	u_eI_cpu.u_eJ_core.u_eK_ifu.u_eL_ifu_iftMicb.u_eN_ifetch_rsp_bypbuf.u_bypbuf_fifo.dp_gtO.vec_P_dfflrs.qout_r	u_e203_cpu.u_e203_core.u_e203_ifu.u_e203_ifu_ifetch.ifu_lo_ir_dfflr.qout_r[11]$_DFFE_PN0P_/Q	u_e203_cpu.u_e203_core.u_e203_ifu.u_e203_ifu_ift2icb.u_e203_ifetch_rsp_bypbuf.u_bypbuf_fifo.dp_gt0.vec_0_dfflrs.qout_r$_DFFE_PN1P_/D
361	-0.5695	u_eI_cpu.u_eJ_core.u_eK_exu.u_eL_exu_alu.u_eM_exu_alu_lsuagu.icb_state_dfflr.qout_r[N]	cmt_dcause[I]	u_e203_cpu.u_e203_core.u_e203_exu.u_e203_exu_alu.u_e203_exu_alu_lsuagu.icb_state_dfflr.qout_r[1]$_DFFE_PN0P_/Q	cmt_dcause[0]
362	-0.5678	dbg_halt_r	u_eI_cpu.u_eJ_core.u_eK_exu.u_eL_exu_csr.mscratch_dfflr.qout_r[M]	dbg_halt_r	u_e203_cpu.u_e203_core.u_e203_exu.u_e203_exu_csr.mscratch_dfflr.qout_r[5]$_DFFE_PN0P_/D
363	-0.5668	u_eI_cpu.u_eJ_core.u_eK_ifu.u_eL_ifu_ifetch.ifu_lo_ir_dfflr.qout_r[M]	u_eI_cpu.u_eJ_core.u_eK_biu.u_biu_icb_arbt.arbt_num_gt_L_gen.dp_M.u_sirv_gnrl_rspid_fifo.dp_gt_N.dat_dfflr.qout_r	u_e203_cpu.u_e203_core.u_e203_ifu.u_e203_ifu_ifetch.ifu_lo_ir_dfflr.qout_r[11]$_DFFE_PN0P_/Q	u_e203_cpu.u_e203_core.u_e203_biu.u_biu_icb_arbt.arbt_num_gt_1_gen.dp_1.u_sirv_gnrl_rspid_fifo.dp_gt_0.dat_dfflr.qout_r$_DFFE_PP_/D
364	-0.5660	dbg_halt_r	u_eI_cpu.u_eJ_core.u_eK_exu.u_eL_exu_oitf.depth_gtM.alc_ptr_dfflrs.qout_r	dbg_halt_r	u_e203_cpu.u_e203_core.u_e203_exu.u_e203_exu_oitf.depth_gt1.alc_ptr_dfflrs.qout_r$_DFFE_PN0P_/D
365	-0.5655	u_eI_cpu.u_eJ_core.u_eK_ifu.u_eL_ifu_ifetch.ifu_lo_ir_dfflr.qout_r[M]	u_eI_cpu.u_eJ_core.u_eK_ifu.u_eL_ifu_ifetch.ir_rsMidx_dfflr.qout_r[N]	u_e203_cpu.u_e203_core.u_e203_ifu.u_e203_ifu_ifetch.ifu_lo_ir_dfflr.qout_r[11]$_DFFE_PN0P_/Q	u_e203_cpu.u_e203_core.u_e203_ifu.u_e203_ifu_ifetch.ir_rs2idx_dfflr.qout_r[0]$_DFFE_PN0P_/D
366	-0.5648	dbg_halt_r	u_eI_cpu.u_eJ_itcm_ctrl.u_itcm_icb_lsuKitcm_nLw.fifo_dp_M.u_sirv_gnrl_nNw_fifo.dp_gt_O.dat_dfflr.qout_r	dbg_halt_r	u_e203_cpu.u_e203_itcm_ctrl.u_itcm_icb_lsu2itcm_n2w.fifo_dp_1.u_sirv_gnrl_n2w_fifo.dp_gt_0.dat_dfflr.qout_r$_DFFE_PP_/D
367	-0.5642	u_eI_cpu.u_eJ_core.u_eK_ifu.u_eL_ifu_ifetch.ifu_lo_ir_dfflr.qout_r[M]	u_eI_cpu.u_eJ_core.u_eK_ifu.u_eL_ifu_ifetch.pc_dfflr.qout_r[M]	u_e203_cpu.u_e203_core.u_e203_ifu.u_e203_ifu_ifetch.ifu_lo_ir_dfflr.qout_r[11]$_DFFE_PN0P_/Q	u_e203_cpu.u_e203_core.u_e203_ifu.u_e203_ifu_ifetch.pc_dfflr.qout_r[19]$_DFFE_PN0P_/D
368	-0.5636	dbg_halt_r	u_eI_cpu.u_eJ_core.u_eK_exu.u_eL_exu_alu.u_eM_exu_alu_muldiv.part_prdt_sftN_dfflr.qout_r	dbg_halt_r	u_e203_cpu.u_e203_core.u_e203_exu.u_e203_exu_alu.u_e203_exu_alu_muldiv.part_prdt_sft1_dfflr.qout_r$_DFFE_PN0P_/D
369	-0.5630	u_eI_cpu.u_eJ_core.u_eK_ifu.u_eL_ifu_ifetch.ifu_hi_ir_dfflr.qout_r[M]	u_eI_cpu.u_eJ_itcm_ctrl.u_sram_icb_ctrl.u_byp_icb_cmd_buf.u_bypbuf_fifo.dp_gtK.fifo_rf[L].fifo_rf_dffl.qout_r[M]	u_e203_cpu.u_e203_core.u_e203_ifu.u_e203_ifu_ifetch.ifu_hi_ir_dfflr.qout_r[10]$_DFFE_PN0P_/Q	u_e203_cpu.u_e203_itcm_ctrl.u_sram_icb_ctrl.u_byp_icb_cmd_buf.u_bypbuf_fifo.dp_gt0.fifo_rf[0].fifo_rf_dffl.qout_r[42]$_DFFE_PP_/D
370	-0.5623	dbg_step_r	u_eI_cpu.u_eJ_core.u_eK_lsu.u_eL_lsu_ctrl.u_eM_lsu_splt_stage.dp_gt_N.vld_dfflr.qout_r	dbg_step_r	u_e203_cpu.u_e203_core.u_e203_lsu.u_e203_lsu_ctrl.u_e203_lsu_splt_stage.dp_gt_0.vld_dfflr.qout_r$_DFFE_PN0P_/D
371	-0.5623	dbg_step_r	u_eI_cpu.u_eJ_core.u_eK_lsu.u_eL_lsu_ctrl.u_lsu_icb_arbt.arbt_num_gt_M_gen.dp_N.u_sirv_gnrl_rspid_fifo.dp_gt_O.vld_dfflr.qout_r	dbg_step_r	u_e203_cpu.u_e203_core.u_e203_lsu.u_e203_lsu_ctrl.u_lsu_icb_arbt.arbt_num_gt_1_gen.dp_1.u_sirv_gnrl_rspid_fifo.dp_gt_0.vld_dfflr.qout_r$_DFFE_PN0P_/D
372	-0.5591	dbg_halt_r	u_eI_cpu.u_eJ_core.u_eK_exu.u_eL_exu_alu.u_eM_exu_alu_lsuagu.icb_state_dfflr.qout_r[N]	dbg_halt_r	u_e203_cpu.u_e203_core.u_e203_exu.u_e203_exu_alu.u_e203_exu_alu_lsuagu.icb_state_dfflr.qout_r[0]$_DFFE_PN0P_/D
373	-0.5588	u_eI_cpu.u_eJ_core.u_eK_exu.u_eL_exu_alu.u_eM_exu_alu_dpath.sbf_N_dffl.qout_r[O]	extIdtcm_icb_cmd_ready	u_e203_cpu.u_e203_core.u_e203_exu.u_e203_exu_alu.u_e203_exu_alu_dpath.sbf_0_dffl.qout_r[32]$_SDFFCE_PN0P_/Q	ext2dtcm_icb_cmd_ready
374	-0.5586	dbg_mode	wr_csr_nxt[I]	dbg_mode	wr_csr_nxt[14]
375	-0.5581	dbg_step_r	u_eI_cpu.u_eJ_core.u_eK_exu.u_eL_exu_csr.counterstop_dfflr.qout_r[M]	dbg_step_r	u_e203_cpu.u_e203_core.u_e203_exu.u_e203_exu_csr.counterstop_dfflr.qout_r[0]$_DFFE_PN0P_/D
376	-0.5553	u_eI_cpu.u_eJ_core.u_eK_ifu.u_eL_ifu_ifetch.ir_muldiv_bMb_dfflr.qout_r	extIitcm_icb_cmd_ready	u_e203_cpu.u_e203_core.u_e203_ifu.u_e203_ifu_ifetch.ir_muldiv_b2b_dfflr.qout_r$_DFFE_PN0P_/Q	ext2itcm_icb_cmd_ready
377	-0.5540	u_eI_cpu.u_eJ_core.u_eK_ifu.u_eL_ifu_ifetch.ifu_lo_ir_dfflr.qout_r[M]	u_eI_cpu.u_eJ_core.u_eK_ifu.u_eL_ifu_iftMicb.icb_addr_N_O_dffl.qout_r[P]	u_e203_cpu.u_e203_core.u_e203_ifu.u_e203_ifu_ifetch.ifu_lo_ir_dfflr.qout_r[11]$_DFFE_PN0P_/Q	u_e203_cpu.u_e203_core.u_e203_ifu.u_e203_ifu_ift2icb.icb_addr_2_1_dffl.qout_r[0]$_DFFE_PP_/D
378	-0.5513	dbg_halt_r	u_eI_cpu.u_eJ_core.u_eK_exu.u_eL_exu_csr.mcycleh_dfflr.qout_r[M]	dbg_halt_r	u_e203_cpu.u_e203_core.u_e203_exu.u_e203_exu_csr.mcycleh_dfflr.qout_r[10]$_DFFE_PN0P_/D
379	-0.5509	u_eI_cpu.u_eJ_core.u_eK_exu.u_eL_exu_oitf.depth_gtM.ret_ptr_flg_dfflrs.qout_r	cmt_dcause[I]	u_e203_cpu.u_e203_core.u_e203_exu.u_e203_exu_oitf.depth_gt1.ret_ptr_flg_dfflrs.qout_r$_DFFE_PN0P_/Q	cmt_dcause[0]
380	-0.5508	u_eI_cpu.u_eJ_core.u_eK_exu.u_eL_exu_oitf.depth_gtM.alc_ptr_flg_dfflrs.qout_r	cmt_dcause[I]	u_e203_cpu.u_e203_core.u_e203_exu.u_e203_exu_oitf.depth_gt1.alc_ptr_flg_dfflrs.qout_r$_DFFE_PN0P_/Q	cmt_dcause[0]
381	-0.5498	dbg_step_r	u_eI_cpu.u_eJ_core.u_eK_exu.u_eL_exu_alu.u_eM_exu_nice.u_nice_itag_fifo.dp_gtN.fifo_rf[O].fifo_rf_dffl.qout_r	dbg_step_r	u_e203_cpu.u_e203_core.u_e203_exu.u_e203_exu_alu.u_e203_exu_nice.u_nice_itag_fifo.dp_gt0.fifo_rf[3].fifo_rf_dffl.qout_r$_DFFE_PP_/D
382	-0.5496	u_eI_cpu.u_eJ_core.u_eK_ifu.u_eL_ifu_ifetch.ifu_hi_ir_dfflr.qout_r[M]	u_eI_cpu.u_eJ_core.u_eK_biu.u_sirv_gnrl_icb_buffer.u_sirv_gnrl_cmd_fifo.dp_gtL.fifo_rf[M].fifo_rf_dffl.qout_r[N]	u_e203_cpu.u_e203_core.u_e203_ifu.u_e203_ifu_ifetch.ifu_hi_ir_dfflr.qout_r[10]$_DFFE_PN0P_/Q	u_e203_cpu.u_e203_core.u_e203_biu.u_sirv_gnrl_icb_buffer.u_sirv_gnrl_cmd_fifo.dp_gt0.fifo_rf[0].fifo_rf_dffl.qout_r[0]$_DFFE_PP_/D
383	-0.5495	dbg_step_r	u_eI_cpu.u_eJ_core.u_eK_exu.u_eL_exu_csr.mcgstop_dfflr.qout_r[M]	dbg_step_r	u_e203_cpu.u_e203_core.u_e203_exu.u_e203_exu_csr.mcgstop_dfflr.qout_r[0]$_DFFE_PN0P_/D
384	-0.5491	u_eI_cpu.u_eJ_core.u_eK_ifu.u_eL_ifu_ifetch.ifu_lo_ir_dfflr.qout_r[M]	u_eI_cpu.u_eJ_core.u_eK_ifu.u_eL_ifu_iftMicb.req_lane_cross_dfflr.qout_r	u_e203_cpu.u_e203_core.u_e203_ifu.u_e203_ifu_ifetch.ifu_lo_ir_dfflr.qout_r[11]$_DFFE_PN0P_/Q	u_e203_cpu.u_e203_core.u_e203_ifu.u_e203_ifu_ift2icb.req_lane_cross_dfflr.qout_r$_DFFE_PN0P_/D
385	-0.5491	u_eI_cpu.u_eJ_core.u_eK_ifu.u_eL_ifu_ifetch.ifu_lo_ir_dfflr.qout_r[M]	u_eI_cpu.u_eJ_core.u_eK_ifu.u_eL_ifu_iftMicb.req_need_Nuop_dfflr.qout_r	u_e203_cpu.u_e203_core.u_e203_ifu.u_e203_ifu_ifetch.ifu_lo_ir_dfflr.qout_r[11]$_DFFE_PN0P_/Q	u_e203_cpu.u_e203_core.u_e203_ifu.u_e203_ifu_ift2icb.req_need_2uop_dfflr.qout_r$_DFFE_PN0P_/D
386	-0.5491	u_eI_cpu.u_eJ_core.u_eK_ifu.u_eL_ifu_ifetch.ifu_lo_ir_dfflr.qout_r[M]	u_eI_cpu.u_eJ_core.u_eK_ifu.u_eL_ifu_iftMicb.req_same_cross_holdup_dfflr.qout_r	u_e203_cpu.u_e203_core.u_e203_ifu.u_e203_ifu_ifetch.ifu_lo_ir_dfflr.qout_r[11]$_DFFE_PN0P_/Q	u_e203_cpu.u_e203_core.u_e203_ifu.u_e203_ifu_ift2icb.req_same_cross_holdup_dfflr.qout_r$_DFFE_PN0P_/D
387	-0.5442	dbg_step_r	u_eI_cpu.u_eJ_core.u_eK_lsu.u_eL_lsu_ctrl.u_lsu_icb_arbt.arbt_num_gt_M_gen.dp_N.u_sirv_gnrl_rspid_fifo.dp_gt_O.dat_dfflr.qout_r	dbg_step_r	u_e203_cpu.u_e203_core.u_e203_lsu.u_e203_lsu_ctrl.u_lsu_icb_arbt.arbt_num_gt_1_gen.dp_1.u_sirv_gnrl_rspid_fifo.dp_gt_0.dat_dfflr.qout_r$_DFFE_PP_/D
388	-0.5439	u_eI_cpu.u_eJ_core.u_eK_ifu.u_eL_ifu_ifetch.ifu_err_dfflr.qout_r	cmt_dcause_ena	u_e203_cpu.u_e203_core.u_e203_ifu.u_e203_ifu_ifetch.ifu_err_dfflr.qout_r$_DFFE_PN0P_/Q	cmt_dcause_ena
389	-0.5439	u_eI_cpu.u_eJ_core.u_eK_ifu.u_eL_ifu_ifetch.ifu_lo_ir_dfflr.qout_r[M]	u_eI_cpu.u_eJ_core.u_eK_ifu.u_eL_ifu_iftMicb.u_eN_ifetch_rsp_bypbuf.u_bypbuf_fifo.dp_gtO.fifo_rf[P].fifo_rf_dffl.qout_r[Q]	u_e203_cpu.u_e203_core.u_e203_ifu.u_e203_ifu_ifetch.ifu_lo_ir_dfflr.qout_r[11]$_DFFE_PN0P_/Q	u_e203_cpu.u_e203_core.u_e203_ifu.u_e203_ifu_ift2icb.u_e203_ifetch_rsp_bypbuf.u_bypbuf_fifo.dp_gt0.fifo_rf[0].fifo_rf_dffl.qout_r[10]$_DFFE_PP_/D
390	-0.5421	u_eI_cpu.u_eJ_core.u_eK_ifu.u_eL_ifu_ifetch.ifu_hi_ir_dfflr.qout_r[M]	u_eI_cpu.u_eJ_core.u_eK_ifu.u_eL_ifu_iftMicb.leftover_dffl.qout_r[N]	u_e203_cpu.u_e203_core.u_e203_ifu.u_e203_ifu_ifetch.ifu_hi_ir_dfflr.qout_r[10]$_DFFE_PN0P_/Q	u_e203_cpu.u_e203_core.u_e203_ifu.u_e203_ifu_ift2icb.leftover_dffl.qout_r[10]$_DFFE_PP_/D
391	-0.5410	dbg_halt_r	u_eI_cpu.u_eJ_core.u_eK_exu.u_eL_exu_oitf.depth_gtM.alc_ptr_flg_dfflrs.qout_r	dbg_halt_r	u_e203_cpu.u_e203_core.u_e203_exu.u_e203_exu_oitf.depth_gt1.alc_ptr_flg_dfflrs.qout_r$_DFFE_PN0P_/D
392	-0.5409	u_eI_cpu.u_eJ_core.u_eK_ifu.u_eL_ifu_ifetch.ifu_lo_ir_dfflr.qout_r[M]	u_eI_cpu.u_eJ_core.u_eK_ifu.u_eL_ifu_iftMicb.icbNmem_dfflr.qout_r	u_e203_cpu.u_e203_core.u_e203_ifu.u_e203_ifu_ifetch.ifu_lo_ir_dfflr.qout_r[11]$_DFFE_PN0P_/Q	u_e203_cpu.u_e203_core.u_e203_ifu.u_e203_ifu_ift2icb.icb2mem_dfflr.qout_r$_DFFE_PN0P_/D
393	-0.5402	u_eI_cpu.u_eJ_core.u_eK_lsu.u_eL_lsu_ctrl.u_eM_lsu_splt_stage.dp_gt_N.vld_dfflr.qout_r	cmt_dcause[I]	u_e203_cpu.u_e203_core.u_e203_lsu.u_e203_lsu_ctrl.u_e203_lsu_splt_stage.dp_gt_0.vld_dfflr.qout_r$_DFFE_PN0P_/Q	cmt_dcause[0]
394	-0.5394	dbg_halt_r	u_eI_cpu.u_eJ_core.u_eK_exu.u_eL_exu_csr.status_mie_dfflr.qout_r	dbg_halt_r	u_e203_cpu.u_e203_core.u_e203_exu.u_e203_exu_csr.status_mie_dfflr.qout_r$_DFFE_PN0P_/D
395	-0.5384	dbg_halt_r	u_eI_cpu.u_eJ_itcm_ctrl.u_itcm_icb_arbt.arbt_num_gt_K_gen.dp_L.u_sirv_gnrl_rspid_fifo.dp_gt_M.vld_dfflr.qout_r	dbg_halt_r	u_e203_cpu.u_e203_itcm_ctrl.u_itcm_icb_arbt.arbt_num_gt_1_gen.dp_1.u_sirv_gnrl_rspid_fifo.dp_gt_0.vld_dfflr.qout_r$_DFFE_PN0P_/D
396	-0.5382	u_eI_cpu.u_eJ_core.u_eK_exu.u_eL_exu_alu.u_eM_exu_alu_dpath.sbf_N_dffl.qout_r[O]	extIitcm_icb_cmd_ready	u_e203_cpu.u_e203_core.u_e203_exu.u_e203_exu_alu.u_e203_exu_alu_dpath.sbf_0_dffl.qout_r[32]$_SDFFCE_PN0P_/Q	ext2itcm_icb_cmd_ready
397	-0.5373	u_eI_cpu.u_eJ_core.u_eK_exu.u_eL_exu_oitf.depth_gtM.ret_ptr_dfflrs.qout_r	cmt_dcause[I]	u_e203_cpu.u_e203_core.u_e203_exu.u_e203_exu_oitf.depth_gt1.ret_ptr_dfflrs.qout_r$_DFFE_PN0P_/Q	cmt_dcause[0]
398	-0.5361	u_eI_cpu.u_eJ_core.u_eK_ifu.u_eL_ifu_ifetch.ifu_hi_ir_dfflr.qout_r[M]	u_eI_cpu.u_eJ_core.u_eK_biu.u_sirv_gnrl_icb_buffer.u_sirv_gnrl_cmd_fifo.dp_gtL.vec_M_dfflrs.qout_r	u_e203_cpu.u_e203_core.u_e203_ifu.u_e203_ifu_ifetch.ifu_hi_ir_dfflr.qout_r[10]$_DFFE_PN0P_/Q	u_e203_cpu.u_e203_core.u_e203_biu.u_sirv_gnrl_icb_buffer.u_sirv_gnrl_cmd_fifo.dp_gt0.vec_0_dfflrs.qout_r$_DFFE_PN1P_/D
399	-0.5351	dbg_halt_r	u_eI_cpu.u_eJ_core.u_eK_exu.u_eL_exu_alu.u_eM_exu_alu_lsuagu.unalgn_flg_dffl.qout_r	dbg_halt_r	u_e203_cpu.u_e203_core.u_e203_exu.u_e203_exu_alu.u_e203_exu_alu_lsuagu.unalgn_flg_dffl.qout_r$_DFFE_PN0P_/D
400	-0.5343	u_eI_cpu.u_eJ_core.u_eK_ifu.u_eL_ifu_ifetch.ifu_lo_ir_dfflr.qout_r[M]	u_eI_cpu.u_eJ_core.u_eK_ifu.u_eL_ifu_ifetch.pc_newpend_dfflr.qout_r	u_e203_cpu.u_e203_core.u_e203_ifu.u_e203_ifu_ifetch.ifu_lo_ir_dfflr.qout_r[11]$_DFFE_PN0P_/Q	u_e203_cpu.u_e203_core.u_e203_ifu.u_e203_ifu_ifetch.pc_newpend_dfflr.qout_r$_DFFE_PN0P_/D
401	-0.5332	dbg_halt_r	u_eI_cpu.u_eJ_core.u_eK_exu.u_eL_exu_alu.u_eM_exu_nice.u_nice_itag_fifo.dp_gtN.vec_O_dfflr.qout_r[P]	dbg_halt_r	u_e203_cpu.u_e203_core.u_e203_exu.u_e203_exu_alu.u_e203_exu_nice.u_nice_itag_fifo.dp_gt0.vec_31_dfflr.qout_r[1]$_DFFE_PN0P_/D
402	-0.5331	u_eI_cpu.u_eJ_core.u_eK_ifu.u_eL_ifu_ifetch.ifu_hi_ir_dfflr.qout_r[M]	u_eI_cpu.u_eJ_core.u_eK_biu.u_sirv_gnrl_icb_buffer.u_sirv_gnrl_cmd_fifo.dp_gtL.vec_M_dfflr.qout_r	u_e203_cpu.u_e203_core.u_e203_ifu.u_e203_ifu_ifetch.ifu_hi_ir_dfflr.qout_r[10]$_DFFE_PN0P_/Q	u_e203_cpu.u_e203_core.u_e203_biu.u_sirv_gnrl_icb_buffer.u_sirv_gnrl_cmd_fifo.dp_gt0.vec_31_dfflr.qout_r$_DFFE_PN0P_/D
403	-0.5329	u_eI_cpu.u_eJ_core.u_eK_exu.u_eL_exu_alu.u_eM_exu_alu_dpath.sbf_N_dffl.qout_r[O]	extIdtcm_icb_cmd_ready	u_e203_cpu.u_e203_core.u_e203_exu.u_e203_exu_alu.u_e203_exu_alu_dpath.sbf_1_dffl.qout_r[0]$_DFFE_PP_/Q	ext2dtcm_icb_cmd_ready
404	-0.5328	dbg_step_r	u_eI_cpu.u_eJ_core.u_eK_exu.u_eL_exu_csr.itcmnohold_dfflr.qout_r[M]	dbg_step_r	u_e203_cpu.u_e203_core.u_e203_exu.u_e203_exu_csr.itcmnohold_dfflr.qout_r[0]$_DFFE_PN0P_/D
405	-0.5328	dbg_step_r	u_eI_cpu.u_eJ_core.u_eK_exu.u_eL_exu_csr.mdvnobMb_dfflr.qout_r[N]	dbg_step_r	u_e203_cpu.u_e203_core.u_e203_exu.u_e203_exu_csr.mdvnob2b_dfflr.qout_r[0]$_DFFE_PN0P_/D
406	-0.5326	u_eI_cpu.u_eJ_core.u_eK_ifu.u_eL_ifu_ifetch.ifu_hi_ir_dfflr.qout_r[M]	u_eI_cpu.u_eJ_core.u_eK_ifu.u_eL_ifu_ifetch.ifu_hi_ir_dfflr.qout_r[M]	u_e203_cpu.u_e203_core.u_e203_ifu.u_e203_ifu_ifetch.ifu_hi_ir_dfflr.qout_r[10]$_DFFE_PN0P_/Q	u_e203_cpu.u_e203_core.u_e203_ifu.u_e203_ifu_ifetch.ifu_hi_ir_dfflr.qout_r[8]$_DFFE_PN0P_/D
407	-0.5311	u_eI_cpu.u_eJ_core.u_eK_ifu.u_eL_ifu_ifetch.ifu_lo_ir_dfflr.qout_r[M]	u_eI_cpu.u_eJ_core.u_eK_ifu.u_eL_ifu_iftMicb.icbNitcm_dfflr.qout_r	u_e203_cpu.u_e203_core.u_e203_ifu.u_e203_ifu_ifetch.ifu_lo_ir_dfflr.qout_r[11]$_DFFE_PN0P_/Q	u_e203_cpu.u_e203_core.u_e203_ifu.u_e203_ifu_ift2icb.icb2itcm_dfflr.qout_r$_DFFE_PN0P_/D
408	-0.5299	dbg_halt_r	u_eI_cpu.u_eJ_core.u_eK_exu.u_eL_exu_csr.status_mpie_dfflr.qout_r	dbg_halt_r	u_e203_cpu.u_e203_core.u_e203_exu.u_e203_exu_csr.status_mpie_dfflr.qout_r$_DFFE_PN0P_/D
409	-0.5289	u_eI_cpu.u_eJ_core.u_eK_ifu.u_eL_ifu_ifetch.ifu_lo_ir_dfflr.qout_r[M]	u_eI_cpu.u_eJ_core.u_eK_ifu.u_eL_ifu_iftMicb.leftover_err_dfflr.qout_r	u_e203_cpu.u_e203_core.u_e203_ifu.u_e203_ifu_ifetch.ifu_lo_ir_dfflr.qout_r[11]$_DFFE_PN0P_/Q	u_e203_cpu.u_e203_core.u_e203_ifu.u_e203_ifu_ift2icb.leftover_err_dfflr.qout_r$_DFFE_PN0P_/D
410	-0.5272	u_eI_cpu.u_eJ_core.u_eK_ifu.u_eL_ifu_ifetch.ifu_hi_ir_dfflr.qout_r[M]	u_eI_cpu.u_eJ_core.u_eK_ifu.u_eL_ifu_iftMicb.u_eN_ifetch_rsp_bypbuf.u_bypbuf_fifo.dp_gtO.vec_P_dfflrs.qout_r	u_e203_cpu.u_e203_core.u_e203_ifu.u_e203_ifu_ifetch.ifu_hi_ir_dfflr.qout_r[10]$_DFFE_PN0P_/Q	u_e203_cpu.u_e203_core.u_e203_ifu.u_e203_ifu_ift2icb.u_e203_ifetch_rsp_bypbuf.u_bypbuf_fifo.dp_gt0.vec_0_dfflrs.qout_r$_DFFE_PN1P_/D
411	-0.5268	u_eI_cpu.u_eJ_core.u_eK_ifu.u_eL_ifu_ifetch.ifu_err_dfflr.qout_r	core_wfi	u_e203_cpu.u_e203_core.u_e203_ifu.u_e203_ifu_ifetch.ifu_err_dfflr.qout_r$_DFFE_PN0P_/Q	core_wfi
412	-0.5251	u_eI_cpu.u_eJ_core.u_eK_exu.u_eL_exu_csr.mie_dfflr.qout_r[M]	cmt_dcause[I]	u_e203_cpu.u_e203_core.u_e203_exu.u_e203_exu_csr.mie_dfflr.qout_r[7]$_DFFE_PN0P_/Q	cmt_dcause[0]
413	-0.5251	u_eI_cpu.u_eJ_core.u_eK_ifu.u_eL_ifu_ifetch.ifu_lo_ir_dfflr.qout_r[M]	u_eI_cpu.u_eJ_core.u_eK_ifu.u_eL_ifu_ifetch.ifu_lo_ir_dfflr.qout_r[M]	u_e203_cpu.u_e203_core.u_e203_ifu.u_e203_ifu_ifetch.ifu_lo_ir_dfflr.qout_r[11]$_DFFE_PN0P_/Q	u_e203_cpu.u_e203_core.u_e203_ifu.u_e203_ifu_ifetch.ifu_lo_ir_dfflr.qout_r[6]$_DFFE_PN0P_/D
414	-0.5251	u_eI_cpu.u_eJ_core.u_eK_ifu.u_eL_ifu_ifetch.ifu_lo_ir_dfflr.qout_r[M]	u_eI_cpu.u_eJ_core.u_eK_ifu.u_eL_ifu_ifetch.ifu_err_dfflr.qout_r	u_e203_cpu.u_e203_core.u_e203_ifu.u_e203_ifu_ifetch.ifu_lo_ir_dfflr.qout_r[11]$_DFFE_PN0P_/Q	u_e203_cpu.u_e203_core.u_e203_ifu.u_e203_ifu_ifetch.ifu_err_dfflr.qout_r$_DFFE_PN0P_/D
415	-0.5251	u_eI_cpu.u_eJ_core.u_eK_ifu.u_eL_ifu_ifetch.ifu_lo_ir_dfflr.qout_r[M]	u_eI_cpu.u_eJ_core.u_eK_ifu.u_eL_ifu_ifetch.ifu_prdt_taken_dfflr.qout_r	u_e203_cpu.u_e203_core.u_e203_ifu.u_e203_ifu_ifetch.ifu_lo_ir_dfflr.qout_r[11]$_DFFE_PN0P_/Q	u_e203_cpu.u_e203_core.u_e203_ifu.u_e203_ifu_ifetch.ifu_prdt_taken_dfflr.qout_r$_DFFE_PN0P_/D
416	-0.5247	u_eI_cpu.u_eJ_core.u_eK_exu.u_eL_exu_alu.u_eM_exu_alu_lsuagu.icb_state_dfflr.qout_r[N]	cmt_dcause_ena	u_e203_cpu.u_e203_core.u_e203_exu.u_e203_exu_alu.u_e203_exu_alu_lsuagu.icb_state_dfflr.qout_r[1]$_DFFE_PN0P_/Q	cmt_dcause_ena
417	-0.5233	u_eI_cpu.u_eJ_core.u_eK_ifu.u_eL_ifu_ifetch.ifu_hi_ir_dfflr.qout_r[M]	u_eI_cpu.u_eJ_core.u_eK_biu.u_biu_icb_arbt.arbt_num_gt_L_gen.dp_M.u_sirv_gnrl_rspid_fifo.dp_gt_N.dat_dfflr.qout_r	u_e203_cpu.u_e203_core.u_e203_ifu.u_e203_ifu_ifetch.ifu_hi_ir_dfflr.qout_r[10]$_DFFE_PN0P_/Q	u_e203_cpu.u_e203_core.u_e203_biu.u_biu_icb_arbt.arbt_num_gt_1_gen.dp_1.u_sirv_gnrl_rspid_fifo.dp_gt_0.dat_dfflr.qout_r$_DFFE_PP_/D
418	-0.5231	u_eI_cpu.u_eJ_core.u_eK_ifu.u_eL_ifu_ifetch.ifu_lo_ir_dfflr.qout_r[M]	u_eI_cpu.u_eJ_core.u_eK_ifu.u_eL_ifu_iftMicb.icb_state_dfflr.qout_r[N]	u_e203_cpu.u_e203_core.u_e203_ifu.u_e203_ifu_ifetch.ifu_lo_ir_dfflr.qout_r[11]$_DFFE_PN0P_/Q	u_e203_cpu.u_e203_core.u_e203_ifu.u_e203_ifu_ift2icb.icb_state_dfflr.qout_r[0]$_DFFE_PN0P_/D
419	-0.5223	u_eI_cpu.u_eJ_core.u_eK_exu.u_eL_exu_regfile.regfile[M].rfnoN.rf_dffl.qout_r[O]	cmt_dcause[I]	u_e203_cpu.u_e203_core.u_e203_exu.u_e203_exu_regfile.regfile[29].rfno0.rf_dffl.qout_r[31]$_DFFE_PP_/Q	cmt_dcause[0]
420	-0.5220	u_eI_cpu.u_eJ_core.u_eK_ifu.u_eL_ifu_ifetch.ifu_hi_ir_dfflr.qout_r[M]	u_eI_cpu.u_eJ_core.u_eK_ifu.u_eL_ifu_ifetch.ir_rsMidx_dfflr.qout_r[N]	u_e203_cpu.u_e203_core.u_e203_ifu.u_e203_ifu_ifetch.ifu_hi_ir_dfflr.qout_r[10]$_DFFE_PN0P_/Q	u_e203_cpu.u_e203_core.u_e203_ifu.u_e203_ifu_ifetch.ir_rs2idx_dfflr.qout_r[0]$_DFFE_PN0P_/D
421	-0.5217	u_eI_cpu.u_eJ_core.u_eK_ifu.u_eL_ifu_ifetch.ifu_lo_ir_dfflr.qout_r[M]	u_eI_cpu.u_eJ_itcm_ctrl.u_sram_icb_ctrl.u_byp_icb_cmd_buf.u_bypbuf_fifo.dp_gtK.vec_L_dfflr.qout_r	u_e203_cpu.u_e203_core.u_e203_ifu.u_e203_ifu_ifetch.ifu_lo_ir_dfflr.qout_r[11]$_DFFE_PN0P_/Q	u_e203_cpu.u_e203_itcm_ctrl.u_sram_icb_ctrl.u_byp_icb_cmd_buf.u_bypbuf_fifo.dp_gt0.vec_31_dfflr.qout_r$_DFFE_PN0P_/D
422	-0.5208	u_eI_cpu.u_eJ_core.u_eK_ifu.u_eL_ifu_ifetch.ifu_hi_ir_dfflr.qout_r[M]	u_eI_cpu.u_eJ_core.u_eK_ifu.u_eL_ifu_ifetch.pc_dfflr.qout_r[M]	u_e203_cpu.u_e203_core.u_e203_ifu.u_e203_ifu_ifetch.ifu_hi_ir_dfflr.qout_r[10]$_DFFE_PN0P_/Q	u_e203_cpu.u_e203_core.u_e203_ifu.u_e203_ifu_ifetch.pc_dfflr.qout_r[19]$_DFFE_PN0P_/D
423	-0.5196	dbg_halt_r	u_eI_cpu.u_eJ_core.u_eK_lsu.u_eL_lsu_ctrl.excl_addr_dffl.qout_r[M]	dbg_halt_r	u_e203_cpu.u_e203_core.u_e203_lsu.u_e203_lsu_ctrl.excl_addr_dffl.qout_r[17]$_DFFE_PN0P_/D
424	-0.5166	u_eI_cpu.u_eJ_core.u_eK_ifu.u_eL_ifu_ifetch.ifu_lo_ir_dfflr.qout_r[M]	u_eI_srams.u_eJ_itcm_ram.u_eK_itcm_gnrl_ram.u_sirv_sim_ram.mem_r[L][M]	u_e203_cpu.u_e203_core.u_e203_ifu.u_e203_ifu_ifetch.ifu_lo_ir_dfflr.qout_r[11]$_DFFE_PN0P_/Q	u_e203_srams.u_e203_itcm_ram.u_e203_itcm_gnrl_ram.u_sirv_sim_ram.mem_r[0][32]$_DFFE_PP_/D
425	-0.5162	dbg_step_r	u_eI_cpu.u_eJ_core.u_eK_exu.u_eL_exu_alu.u_eM_exu_nice.u_nice_itag_fifo.dp_gtN.wptr_vec_O_dfflrs.qout_r	dbg_step_r	u_e203_cpu.u_e203_core.u_e203_exu.u_e203_exu_alu.u_e203_exu_nice.u_nice_itag_fifo.dp_gt0.wptr_vec_0_dfflrs.qout_r$_DFFE_PN1P_/D
426	-0.5152	u_eI_cpu.u_eJ_core.u_eK_ifu.u_eL_ifu_ifetch.ifu_lo_ir_dfflr.qout_r[M]	u_eI_cpu.u_eJ_core.u_eK_biu.u_biu_icb_arbt.arbt_num_gt_L_gen.dp_M.u_sirv_gnrl_rspid_fifo.dp_gt_N.vld_dfflr.qout_r	u_e203_cpu.u_e203_core.u_e203_ifu.u_e203_ifu_ifetch.ifu_lo_ir_dfflr.qout_r[11]$_DFFE_PN0P_/Q	u_e203_cpu.u_e203_core.u_e203_biu.u_biu_icb_arbt.arbt_num_gt_1_gen.dp_1.u_sirv_gnrl_rspid_fifo.dp_gt_0.vld_dfflr.qout_r$_DFFE_PN0P_/D
427	-0.5123	u_eI_cpu.u_eJ_core.u_eK_exu.u_eL_exu_alu.u_eM_exu_alu_dpath.sbf_N_dffl.qout_r[O]	extIitcm_icb_cmd_ready	u_e203_cpu.u_e203_core.u_e203_exu.u_e203_exu_alu.u_e203_exu_alu_dpath.sbf_1_dffl.qout_r[0]$_DFFE_PP_/Q	ext2itcm_icb_cmd_ready
428	-0.5106	u_eI_cpu.u_eJ_core.u_eK_ifu.u_eL_ifu_ifetch.ifu_hi_ir_dfflr.qout_r[M]	u_eI_cpu.u_eJ_core.u_eK_ifu.u_eL_ifu_iftMicb.icb_addr_N_O_dffl.qout_r[P]	u_e203_cpu.u_e203_core.u_e203_ifu.u_e203_ifu_ifetch.ifu_hi_ir_dfflr.qout_r[10]$_DFFE_PN0P_/Q	u_e203_cpu.u_e203_core.u_e203_ifu.u_e203_ifu_ift2icb.icb_addr_2_1_dffl.qout_r[0]$_DFFE_PP_/D
429	-0.5096	u_eI_cpu.u_eJ_core.u_eK_ifu.u_eL_ifu_ifetch.ifu_lo_ir_dfflr.qout_r[M]	u_eI_cpu.u_eJ_core.u_eK_ifu.u_eL_ifu_ifetch.out_flag_dfflr.qout_r	u_e203_cpu.u_e203_core.u_e203_ifu.u_e203_ifu_ifetch.ifu_lo_ir_dfflr.qout_r[11]$_DFFE_PN0P_/Q	u_e203_cpu.u_e203_core.u_e203_ifu.u_e203_ifu_ifetch.out_flag_dfflr.qout_r$_DFFE_PN0P_/D
430	-0.5076	u_eI_cpu.u_eJ_core.u_eK_exu.u_eL_exu_alu.u_eM_exu_alu_lsuagu.icb_state_dfflr.qout_r[N]	core_wfi	u_e203_cpu.u_e203_core.u_e203_exu.u_e203_exu_alu.u_e203_exu_alu_lsuagu.icb_state_dfflr.qout_r[1]$_DFFE_PN0P_/Q	core_wfi
431	-0.5075	u_eI_cpu.u_eJ_core.u_eK_ifu.u_eL_ifu_ifetch.ifu_lo_ir_dfflr.qout_r[M]	u_eI_srams.u_eJ_dtcm_ram.u_eK_dtcm_gnrl_ram.u_sirv_sim_ram.mem_r[L][M]	u_e203_cpu.u_e203_core.u_e203_ifu.u_e203_ifu_ifetch.ifu_lo_ir_dfflr.qout_r[11]$_DFFE_PN0P_/Q	u_e203_srams.u_e203_dtcm_ram.u_e203_dtcm_gnrl_ram.u_sirv_sim_ram.mem_r[0][0]$_DFFE_PP_/D
432	-0.5061	u_eI_cpu.u_eJ_core.u_eK_exu.u_eL_exu_oitf.depth_gtM.ret_ptr_flg_dfflrs.qout_r	cmt_dcause_ena	u_e203_cpu.u_e203_core.u_e203_exu.u_e203_exu_oitf.depth_gt1.ret_ptr_flg_dfflrs.qout_r$_DFFE_PN0P_/Q	cmt_dcause_ena
433	-0.5060	u_eI_cpu.u_eJ_core.u_eK_exu.u_eL_exu_oitf.depth_gtM.alc_ptr_flg_dfflrs.qout_r	cmt_dcause_ena	u_e203_cpu.u_e203_core.u_e203_exu.u_e203_exu_oitf.depth_gt1.alc_ptr_flg_dfflrs.qout_r$_DFFE_PN0P_/Q	cmt_dcause_ena
434	-0.5058	u_eI_cpu.u_eJ_core.u_eK_ifu.u_eL_ifu_ifetch.ifu_lo_ir_dfflr.qout_r[M]	u_eI_cpu.u_eJ_core.u_eK_ifu.u_eL_ifu_ifetch.reset_req_dfflr.qout_r	u_e203_cpu.u_e203_core.u_e203_ifu.u_e203_ifu_ifetch.ifu_lo_ir_dfflr.qout_r[11]$_DFFE_PN0P_/Q	u_e203_cpu.u_e203_core.u_e203_ifu.u_e203_ifu_ifetch.reset_req_dfflr.qout_r$_DFFE_PN0P_/D
435	-0.5057	u_eI_cpu.u_eJ_core.u_eK_ifu.u_eL_ifu_ifetch.ifu_hi_ir_dfflr.qout_r[M]	u_eI_cpu.u_eJ_core.u_eK_ifu.u_eL_ifu_iftMicb.req_lane_cross_dfflr.qout_r	u_e203_cpu.u_e203_core.u_e203_ifu.u_e203_ifu_ifetch.ifu_hi_ir_dfflr.qout_r[10]$_DFFE_PN0P_/Q	u_e203_cpu.u_e203_core.u_e203_ifu.u_e203_ifu_ift2icb.req_lane_cross_dfflr.qout_r$_DFFE_PN0P_/D
436	-0.5057	u_eI_cpu.u_eJ_core.u_eK_ifu.u_eL_ifu_ifetch.ifu_hi_ir_dfflr.qout_r[M]	u_eI_cpu.u_eJ_core.u_eK_ifu.u_eL_ifu_iftMicb.req_need_Nuop_dfflr.qout_r	u_e203_cpu.u_e203_core.u_e203_ifu.u_e203_ifu_ifetch.ifu_hi_ir_dfflr.qout_r[10]$_DFFE_PN0P_/Q	u_e203_cpu.u_e203_core.u_e203_ifu.u_e203_ifu_ift2icb.req_need_2uop_dfflr.qout_r$_DFFE_PN0P_/D
437	-0.5057	u_eI_cpu.u_eJ_core.u_eK_ifu.u_eL_ifu_ifetch.ifu_hi_ir_dfflr.qout_r[M]	u_eI_cpu.u_eJ_core.u_eK_ifu.u_eL_ifu_iftMicb.req_same_cross_holdup_dfflr.qout_r	u_e203_cpu.u_e203_core.u_e203_ifu.u_e203_ifu_ifetch.ifu_hi_ir_dfflr.qout_r[10]$_DFFE_PN0P_/Q	u_e203_cpu.u_e203_core.u_e203_ifu.u_e203_ifu_ift2icb.req_same_cross_holdup_dfflr.qout_r$_DFFE_PN0P_/D
438	-0.5029	u_eI_cpu.u_eJ_itcm_ctrl.u_sram_icb_ctrl.u_sirv_Kcyc_sram_ctrl.u_eL_stage.dp_gt_M.vld_dfflr.qout_r	cmt_dcause[I]	u_e203_cpu.u_e203_itcm_ctrl.u_sram_icb_ctrl.u_sirv_1cyc_sram_ctrl.u_e1_stage.dp_gt_0.vld_dfflr.qout_r$_DFFE_PN0P_/Q	cmt_dcause[0]
439	-0.5018	u_eI_cpu.u_eJ_core.u_eK_ifu.u_eL_ifu_ifetch.ifu_lo_ir_dfflr.qout_r[M]	u_eI_cpu.u_eJ_core.u_eK_ifu.u_eL_ifu_ifetch.dly_flush_dfflr.qout_r	u_e203_cpu.u_e203_core.u_e203_ifu.u_e203_ifu_ifetch.ifu_lo_ir_dfflr.qout_r[11]$_DFFE_PN0P_/Q	u_e203_cpu.u_e203_core.u_e203_ifu.u_e203_ifu_ifetch.dly_flush_dfflr.qout_r$_DFFE_PN0P_/D
440	-0.5015	dbg_step_r	u_eI_cpu.u_eJ_core.u_eK_exu.u_eL_exu_alu.u_eM_exu_alu_muldiv.flushed_dfflr.qout_r	dbg_step_r	u_e203_cpu.u_e203_core.u_e203_exu.u_e203_exu_alu.u_e203_exu_alu_muldiv.flushed_dfflr.qout_r$_DFFE_PN0P_/D
441	-0.5005	u_eI_cpu.u_eJ_itcm_ctrl.u_itcm_icb_arbt.arbt_num_gt_K_gen.dp_L.u_sirv_gnrl_rspid_fifo.dp_gt_M.vld_dfflr.qout_r	cmt_dcause[I]	u_e203_cpu.u_e203_itcm_ctrl.u_itcm_icb_arbt.arbt_num_gt_1_gen.dp_1.u_sirv_gnrl_rspid_fifo.dp_gt_0.vld_dfflr.qout_r$_DFFE_PN0P_/Q	cmt_dcause[0]
442	-0.5004	u_eI_cpu.u_eJ_core.u_eK_ifu.u_eL_ifu_ifetch.ifu_hi_ir_dfflr.qout_r[M]	u_eI_cpu.u_eJ_core.u_eK_ifu.u_eL_ifu_iftMicb.u_eN_ifetch_rsp_bypbuf.u_bypbuf_fifo.dp_gtO.fifo_rf[P].fifo_rf_dffl.qout_r[Q]	u_e203_cpu.u_e203_core.u_e203_ifu.u_e203_ifu_ifetch.ifu_hi_ir_dfflr.qout_r[10]$_DFFE_PN0P_/Q	u_e203_cpu.u_e203_core.u_e203_ifu.u_e203_ifu_ift2icb.u_e203_ifetch_rsp_bypbuf.u_bypbuf_fifo.dp_gt0.fifo_rf[0].fifo_rf_dffl.qout_r[10]$_DFFE_PP_/D
443	-0.5001	u_eI_cpu.u_eJ_core.u_eK_ifu.u_eL_ifu_ifetch.ifu_lo_ir_dfflr.qout_r[M]	u_eI_cpu.u_eJ_core.u_eK_exu.u_eL_exu_csr.minstreth_dfflr.qout_r[M]	u_e203_cpu.u_e203_core.u_e203_ifu.u_e203_ifu_ifetch.ifu_lo_ir_dfflr.qout_r[11]$_DFFE_PN0P_/Q	u_e203_cpu.u_e203_core.u_e203_exu.u_e203_exu_csr.minstreth_dfflr.qout_r[29]$_DFFE_PN0P_/D
444	-0.4980	u_eI_cpu.u_eJ_core.u_eK_exu.u_eL_exu_oitf.depth_gtM.alc_ptr_dfflrs.qout_r	cmt_dcause[I]	u_e203_cpu.u_e203_core.u_e203_exu.u_e203_exu_oitf.depth_gt1.alc_ptr_dfflrs.qout_r$_DFFE_PN0P_/Q	cmt_dcause[0]
445	-0.4980	u_eI_cpu.u_eJ_core.u_eK_lsu.u_eL_lsu_ctrl.u_eM_lsu_splt_stage.dp_gt_N.dat_dfflr.qout_r[O]	cmt_dcause[I]	u_e203_cpu.u_e203_core.u_e203_lsu.u_e203_lsu_ctrl.u_e203_lsu_splt_stage.dp_gt_0.dat_dfflr.qout_r[40]$_DFFE_PP_/Q	cmt_dcause[0]
446	-0.4974	u_eI_cpu.u_eJ_core.u_eK_ifu.u_eL_ifu_ifetch.ifu_hi_ir_dfflr.qout_r[M]	u_eI_cpu.u_eJ_core.u_eK_ifu.u_eL_ifu_iftMicb.icbNmem_dfflr.qout_r	u_e203_cpu.u_e203_core.u_e203_ifu.u_e203_ifu_ifetch.ifu_hi_ir_dfflr.qout_r[10]$_DFFE_PN0P_/Q	u_e203_cpu.u_e203_core.u_e203_ifu.u_e203_ifu_ift2icb.icb2mem_dfflr.qout_r$_DFFE_PN0P_/D
447	-0.4973	u_eI_cpu.u_eJ_core.u_eK_ifu.u_eL_ifu_ifetch.ifu_err_dfflr.qout_r	cmt_dpc_ena	u_e203_cpu.u_e203_core.u_e203_ifu.u_e203_ifu_ifetch.ifu_err_dfflr.qout_r$_DFFE_PN0P_/Q	cmt_dpc_ena
448	-0.4971	u_eI_cpu.u_eJ_core.u_eK_ifu.u_eL_ifu_ifetch.ifu_lo_ir_dfflr.qout_r[M]	u_eI_cpu.u_eJ_itcm_ctrl.u_sram_icb_ctrl.u_sirv_Kcyc_sram_ctrl.u_eL_stage.dp_gt_M.dat_dfflr.qout_r[N]	u_e203_cpu.u_e203_core.u_e203_ifu.u_e203_ifu_ifetch.ifu_lo_ir_dfflr.qout_r[11]$_DFFE_PN0P_/Q	u_e203_cpu.u_e203_itcm_ctrl.u_sram_icb_ctrl.u_sirv_1cyc_sram_ctrl.u_e1_stage.dp_gt_0.dat_dfflr.qout_r[1]$_DFFE_PP_/D
449	-0.4968	u_eI_cpu.u_eJ_irq_sync.master_gen.u_tmr_irq_sync.sync_gen[K].i_is_not_L.sync_dffr.qout_r	cmt_dcause[I]	u_e203_cpu.u_e203_irq_sync.master_gen.u_tmr_irq_sync.sync_gen[1].i_is_not_0.sync_dffr.qout_r$_DFF_PN0_/Q	cmt_dcause[0]
450	-0.4965	dbg_halt_r	u_eI_cpu.u_eJ_itcm_ctrl.u_itcm_icb_lsuKitcm_nLw.fifo_dp_M.u_sirv_gnrl_nNw_fifo.dp_gt_O.vld_dfflr.qout_r	dbg_halt_r	u_e203_cpu.u_e203_itcm_ctrl.u_itcm_icb_lsu2itcm_n2w.fifo_dp_1.u_sirv_gnrl_n2w_fifo.dp_gt_0.vld_dfflr.qout_r$_DFFE_PN0P_/D
451	-0.4954	u_eI_cpu.u_eJ_core.u_eK_lsu.u_eL_lsu_ctrl.u_eM_lsu_splt_stage.dp_gt_N.vld_dfflr.qout_r	cmt_dcause_ena	u_e203_cpu.u_e203_core.u_e203_lsu.u_e203_lsu_ctrl.u_e203_lsu_splt_stage.dp_gt_0.vld_dfflr.qout_r$_DFFE_PN0P_/Q	cmt_dcause_ena
452	-0.4937	u_eI_cpu.u_eJ_irq_sync.master_gen.u_sft_irq_sync.sync_gen[K].i_is_not_L.sync_dffr.qout_r	cmt_dcause[I]	u_e203_cpu.u_e203_irq_sync.master_gen.u_sft_irq_sync.sync_gen[1].i_is_not_0.sync_dffr.qout_r$_DFF_PN0_/Q	cmt_dcause[0]
453	-0.4925	u_eI_cpu.u_eJ_core.u_eK_exu.u_eL_exu_oitf.depth_gtM.ret_ptr_dfflrs.qout_r	cmt_dcause_ena	u_e203_cpu.u_e203_core.u_e203_exu.u_e203_exu_oitf.depth_gt1.ret_ptr_dfflrs.qout_r$_DFFE_PN0P_/Q	cmt_dcause_ena
454	-0.4908	u_eI_cpu.u_eJ_core.u_eK_ifu.u_eL_ifu_ifetch.ifu_hi_ir_dfflr.qout_r[M]	u_eI_cpu.u_eJ_core.u_eK_ifu.u_eL_ifu_ifetch.pc_newpend_dfflr.qout_r	u_e203_cpu.u_e203_core.u_e203_ifu.u_e203_ifu_ifetch.ifu_hi_ir_dfflr.qout_r[10]$_DFFE_PN0P_/Q	u_e203_cpu.u_e203_core.u_e203_ifu.u_e203_ifu_ifetch.pc_newpend_dfflr.qout_r$_DFFE_PN0P_/D
455	-0.4890	u_eI_cpu.u_eJ_core.u_eK_exu.u_eL_exu_oitf.depth_gtM.ret_ptr_flg_dfflrs.qout_r	core_wfi	u_e203_cpu.u_e203_core.u_e203_exu.u_e203_exu_oitf.depth_gt1.ret_ptr_flg_dfflrs.qout_r$_DFFE_PN0P_/Q	core_wfi
456	-0.4889	u_eI_cpu.u_eJ_core.u_eK_exu.u_eL_exu_oitf.depth_gtM.alc_ptr_flg_dfflrs.qout_r	core_wfi	u_e203_cpu.u_e203_core.u_e203_exu.u_e203_exu_oitf.depth_gt1.alc_ptr_flg_dfflrs.qout_r$_DFFE_PN0P_/Q	core_wfi
457	-0.4886	u_eI_cpu.u_eJ_irq_sync.master_gen.u_ext_irq_sync.sync_gen[K].i_is_not_L.sync_dffr.qout_r	cmt_dcause[I]	u_e203_cpu.u_e203_irq_sync.master_gen.u_ext_irq_sync.sync_gen[1].i_is_not_0.sync_dffr.qout_r$_DFF_PN0_/Q	cmt_dcause[0]
458	-0.4876	u_eI_cpu.u_eJ_core.u_eK_ifu.u_eL_ifu_ifetch.ifu_hi_ir_dfflr.qout_r[M]	u_eI_cpu.u_eJ_core.u_eK_ifu.u_eL_ifu_iftMicb.icbNitcm_dfflr.qout_r	u_e203_cpu.u_e203_core.u_e203_ifu.u_e203_ifu_ifetch.ifu_hi_ir_dfflr.qout_r[10]$_DFFE_PN0P_/Q	u_e203_cpu.u_e203_core.u_e203_ifu.u_e203_ifu_ift2icb.icb2itcm_dfflr.qout_r$_DFFE_PN0P_/D
459	-0.4865	u_eI_cpu.u_eJ_core.u_eK_ifu.u_eL_ifu_ifetch.ifu_lo_ir_dfflr.qout_r[M]	u_eI_cpu.u_eJ_core.u_eK_ifu.u_eL_ifu_ifetch.ir_valid_dfflr.qout_r	u_e203_cpu.u_e203_core.u_e203_ifu.u_e203_ifu_ifetch.ifu_lo_ir_dfflr.qout_r[11]$_DFFE_PN0P_/Q	u_e203_cpu.u_e203_core.u_e203_ifu.u_e203_ifu_ifetch.ir_valid_dfflr.qout_r$_DFFE_PN0P_/D
460	-0.4860	u_eI_cpu.u_eJ_core.u_eK_ifu.u_eL_ifu_ifetch.ifu_lo_ir_dfflr.qout_r[M]	u_eI_cpu.u_eJ_core.u_eK_ifu.u_eL_ifu_ifetch.ir_muldiv_bMb_dfflr.qout_r	u_e203_cpu.u_e203_core.u_e203_ifu.u_e203_ifu_ifetch.ifu_lo_ir_dfflr.qout_r[11]$_DFFE_PN0P_/Q	u_e203_cpu.u_e203_core.u_e203_ifu.u_e203_ifu_ifetch.ir_muldiv_b2b_dfflr.qout_r$_DFFE_PN0P_/D
461	-0.4854	u_eI_cpu.u_eJ_core.u_eK_ifu.u_eL_ifu_ifetch.ifu_hi_ir_dfflr.qout_r[M]	u_eI_cpu.u_eJ_core.u_eK_ifu.u_eL_ifu_iftMicb.leftover_err_dfflr.qout_r	u_e203_cpu.u_e203_core.u_e203_ifu.u_e203_ifu_ifetch.ifu_hi_ir_dfflr.qout_r[10]$_DFFE_PN0P_/Q	u_e203_cpu.u_e203_core.u_e203_ifu.u_e203_ifu_ift2icb.leftover_err_dfflr.qout_r$_DFFE_PN0P_/D
462	-0.4843	u_eI_cpu.u_eJ_core.u_eK_ifu.u_eL_ifu_ifetch.ifu_lo_ir_dfflr.qout_r[M]	u_eI_cpu.u_eJ_core.u_eK_exu.u_eL_exu_csr.minstret_dfflr.qout_r[M]	u_e203_cpu.u_e203_core.u_e203_ifu.u_e203_ifu_ifetch.ifu_lo_ir_dfflr.qout_r[11]$_DFFE_PN0P_/Q	u_e203_cpu.u_e203_core.u_e203_exu.u_e203_exu_csr.minstret_dfflr.qout_r[29]$_DFFE_PN0P_/D
463	-0.4841	u_eI_cpu.u_eJ_core.u_eK_ifu.u_eL_ifu_ifetch.ifu_lo_ir_dfflr.qout_r[M]	u_eI_cpu.u_eJ_itcm_ctrl.u_sram_icb_ctrl.u_byp_icb_cmd_buf.u_bypbuf_fifo.dp_gtK.vec_L_dfflrs.qout_r	u_e203_cpu.u_e203_core.u_e203_ifu.u_e203_ifu_ifetch.ifu_lo_ir_dfflr.qout_r[11]$_DFFE_PN0P_/Q	u_e203_cpu.u_e203_itcm_ctrl.u_sram_icb_ctrl.u_byp_icb_cmd_buf.u_bypbuf_fifo.dp_gt0.vec_0_dfflrs.qout_r$_DFFE_PN1P_/D
464	-0.4838	u_eI_cpu.u_eJ_core.u_eK_ifu.u_eL_ifu_ifetch.ifu_lo_ir_dfflr.qout_r[M]	u_eI_cpu.u_eJ_itcm_ctrl.ifu_holdup_dffl.qout_r	u_e203_cpu.u_e203_core.u_e203_ifu.u_e203_ifu_ifetch.ifu_lo_ir_dfflr.qout_r[11]$_DFFE_PN0P_/Q	u_e203_cpu.u_e203_itcm_ctrl.ifu_holdup_dffl.qout_r$_DFFE_PN0P_/D
465	-0.4825	u_eI_cpu.u_eJ_core.u_eK_exu.u_eL_exu_alu.u_eM_exu_alu_muldiv.muldiv_state_dfflr.qout_r[N]	cmt_dcause[I]	u_e203_cpu.u_e203_core.u_e203_exu.u_e203_exu_alu.u_e203_exu_alu_muldiv.muldiv_state_dfflr.qout_r[0]$_DFFE_PN0P_/Q	cmt_dcause[0]
466	-0.4819	u_eI_cpu.u_eJ_core.u_eK_ifu.u_eL_ifu_ifetch.ifu_lo_ir_dfflr.qout_r[M]	u_eI_cpu.u_eJ_core.u_eK_exu.u_eL_exu_alu.u_eM_exu_alu_dpath.sbf_N_dffl.qout_r[O]	u_e203_cpu.u_e203_core.u_e203_ifu.u_e203_ifu_ifetch.ifu_lo_ir_dfflr.qout_r[11]$_DFFE_PN0P_/Q	u_e203_cpu.u_e203_core.u_e203_exu.u_e203_exu_alu.u_e203_exu_alu_dpath.sbf_0_dffl.qout_r[7]$_DFFE_PP_/D
467	-0.4817	u_eI_cpu.u_eJ_core.u_eK_ifu.u_eL_ifu_ifetch.ifu_hi_ir_dfflr.qout_r[M]	u_eI_cpu.u_eJ_core.u_eK_ifu.u_eL_ifu_ifetch.ifu_lo_ir_dfflr.qout_r[M]	u_e203_cpu.u_e203_core.u_e203_ifu.u_e203_ifu_ifetch.ifu_hi_ir_dfflr.qout_r[10]$_DFFE_PN0P_/Q	u_e203_cpu.u_e203_core.u_e203_ifu.u_e203_ifu_ifetch.ifu_lo_ir_dfflr.qout_r[6]$_DFFE_PN0P_/D
468	-0.4817	u_eI_cpu.u_eJ_core.u_eK_ifu.u_eL_ifu_ifetch.ifu_hi_ir_dfflr.qout_r[M]	u_eI_cpu.u_eJ_core.u_eK_ifu.u_eL_ifu_ifetch.ifu_err_dfflr.qout_r	u_e203_cpu.u_e203_core.u_e203_ifu.u_e203_ifu_ifetch.ifu_hi_ir_dfflr.qout_r[10]$_DFFE_PN0P_/Q	u_e203_cpu.u_e203_core.u_e203_ifu.u_e203_ifu_ifetch.ifu_err_dfflr.qout_r$_DFFE_PN0P_/D
469	-0.4817	u_eI_cpu.u_eJ_core.u_eK_ifu.u_eL_ifu_ifetch.ifu_hi_ir_dfflr.qout_r[M]	u_eI_cpu.u_eJ_core.u_eK_ifu.u_eL_ifu_ifetch.ifu_prdt_taken_dfflr.qout_r	u_e203_cpu.u_e203_core.u_e203_ifu.u_e203_ifu_ifetch.ifu_hi_ir_dfflr.qout_r[10]$_DFFE_PN0P_/Q	u_e203_cpu.u_e203_core.u_e203_ifu.u_e203_ifu_ifetch.ifu_prdt_taken_dfflr.qout_r$_DFFE_PN0P_/D
470	-0.4811	u_eI_cpu.u_eJ_dtcm_ctrl.u_dtcm_icb_arbt.arbt_num_gt_K_gen.dp_L.u_sirv_gnrl_rspid_fifo.dp_gt_M.vld_dfflr.qout_r	cmt_dcause[I]	u_e203_cpu.u_e203_dtcm_ctrl.u_dtcm_icb_arbt.arbt_num_gt_1_gen.dp_1.u_sirv_gnrl_rspid_fifo.dp_gt_0.vld_dfflr.qout_r$_DFFE_PN0P_/Q	cmt_dcause[0]
471	-0.4808	u_eI_cpu.u_eJ_core.u_eK_biu.u_biu_icb_arbt.arbt_num_gt_L_gen.dp_M.u_sirv_gnrl_rspid_fifo.dp_gt_N.vld_dfflr.qout_r	cmt_dcause[I]	u_e203_cpu.u_e203_core.u_e203_biu.u_biu_icb_arbt.arbt_num_gt_1_gen.dp_1.u_sirv_gnrl_rspid_fifo.dp_gt_0.vld_dfflr.qout_r$_DFFE_PN0P_/Q	cmt_dcause[0]
472	-0.4807	u_eI_cpu.u_eJ_core.u_eK_lsu.u_eL_lsu_ctrl.u_lsu_icb_arbt.arbt_num_gt_M_gen.dp_N.u_sirv_gnrl_rspid_fifo.dp_gt_O.vld_dfflr.qout_r	cmt_dcause[I]	u_e203_cpu.u_e203_core.u_e203_lsu.u_e203_lsu_ctrl.u_lsu_icb_arbt.arbt_num_gt_1_gen.dp_1.u_sirv_gnrl_rspid_fifo.dp_gt_0.vld_dfflr.qout_r$_DFFE_PN0P_/Q	cmt_dcause[0]
473	-0.4804	u_eI_cpu.u_eJ_dtcm_ctrl.u_sram_icb_ctrl.u_sirv_Kcyc_sram_ctrl.u_eL_stage.dp_gt_M.vld_dfflr.qout_r	cmt_dcause[I]	u_e203_cpu.u_e203_dtcm_ctrl.u_sram_icb_ctrl.u_sirv_1cyc_sram_ctrl.u_e1_stage.dp_gt_0.vld_dfflr.qout_r$_DFFE_PN0P_/Q	cmt_dcause[0]
474	-0.4803	u_eI_cpu.u_eJ_core.u_eK_exu.u_eL_exu_csr.mie_dfflr.qout_r[M]	cmt_dcause_ena	u_e203_cpu.u_e203_core.u_e203_exu.u_e203_exu_csr.mie_dfflr.qout_r[7]$_DFFE_PN0P_/Q	cmt_dcause_ena
475	-0.4797	u_eI_cpu.u_eJ_core.u_eK_ifu.u_eL_ifu_ifetch.ifu_hi_ir_dfflr.qout_r[M]	u_eI_cpu.u_eJ_core.u_eK_ifu.u_eL_ifu_iftMicb.icb_state_dfflr.qout_r[N]	u_e203_cpu.u_e203_core.u_e203_ifu.u_e203_ifu_ifetch.ifu_hi_ir_dfflr.qout_r[10]$_DFFE_PN0P_/Q	u_e203_cpu.u_e203_core.u_e203_ifu.u_e203_ifu_ift2icb.icb_state_dfflr.qout_r[0]$_DFFE_PN0P_/D
476	-0.4785	u_eI_cpu.u_eJ_core.u_eK_exu.u_eL_exu_alu.u_eM_exu_alu_muldiv.part_prdt_sftN_dfflr.qout_r	extIdtcm_icb_cmd_ready	u_e203_cpu.u_e203_core.u_e203_exu.u_e203_exu_alu.u_e203_exu_alu_muldiv.part_prdt_sft1_dfflr.qout_r$_DFFE_PN0P_/Q	ext2dtcm_icb_cmd_ready
477	-0.4783	u_eI_cpu.u_eJ_core.u_eK_lsu.u_eL_lsu_ctrl.u_eM_lsu_splt_stage.dp_gt_N.vld_dfflr.qout_r	core_wfi	u_e203_cpu.u_e203_core.u_e203_lsu.u_e203_lsu_ctrl.u_e203_lsu_splt_stage.dp_gt_0.vld_dfflr.qout_r$_DFFE_PN0P_/Q	core_wfi
478	-0.4783	u_eI_cpu.u_eJ_core.u_eK_ifu.u_eL_ifu_ifetch.ifu_hi_ir_dfflr.qout_r[M]	u_eI_cpu.u_eJ_itcm_ctrl.u_sram_icb_ctrl.u_byp_icb_cmd_buf.u_bypbuf_fifo.dp_gtK.vec_L_dfflr.qout_r	u_e203_cpu.u_e203_core.u_e203_ifu.u_e203_ifu_ifetch.ifu_hi_ir_dfflr.qout_r[10]$_DFFE_PN0P_/Q	u_e203_cpu.u_e203_itcm_ctrl.u_sram_icb_ctrl.u_byp_icb_cmd_buf.u_bypbuf_fifo.dp_gt0.vec_31_dfflr.qout_r$_DFFE_PN0P_/D
479	-0.4781	u_eI_cpu.u_eJ_core.u_eK_exu.u_eL_exu_alu.u_eM_exu_alu_lsuagu.icb_state_dfflr.qout_r[N]	cmt_dpc_ena	u_e203_cpu.u_e203_core.u_e203_exu.u_e203_exu_alu.u_e203_exu_alu_lsuagu.icb_state_dfflr.qout_r[1]$_DFFE_PN0P_/Q	cmt_dpc_ena
480	-0.4775	u_eI_cpu.u_eJ_core.u_eK_exu.u_eL_exu_regfile.regfile[M].rfnoN.rf_dffl.qout_r[O]	cmt_dcause_ena	u_e203_cpu.u_e203_core.u_e203_exu.u_e203_exu_regfile.regfile[29].rfno0.rf_dffl.qout_r[31]$_DFFE_PP_/Q	cmt_dcause_ena
481	-0.4761	dbg_step_r	u_eI_cpu.u_eJ_core.u_eK_exu.u_eL_exu_commit.u_eM_exu_excp.wfi_halt_req_dfflr.qout_r	dbg_step_r	u_e203_cpu.u_e203_core.u_e203_exu.u_e203_exu_commit.u_e203_exu_excp.wfi_halt_req_dfflr.qout_r$_DFFE_PN0P_/D
482	-0.4754	u_eI_cpu.u_eJ_core.u_eK_exu.u_eL_exu_oitf.depth_gtM.ret_ptr_dfflrs.qout_r	core_wfi	u_e203_cpu.u_e203_core.u_e203_exu.u_e203_exu_oitf.depth_gt1.ret_ptr_dfflrs.qout_r$_DFFE_PN0P_/Q	core_wfi
483	-0.4751	u_eI_cpu.u_eJ_core.u_eK_ifu.u_eL_ifu_ifetch.ifu_lo_ir_dfflr.qout_r[M]	u_eI_cpu.u_eJ_itcm_ctrl.u_sram_icb_ctrl.u_sirv_Kcyc_sram_ctrl.u_eL_stage.dp_gt_M.vld_dfflr.qout_r	u_e203_cpu.u_e203_core.u_e203_ifu.u_e203_ifu_ifetch.ifu_lo_ir_dfflr.qout_r[11]$_DFFE_PN0P_/Q	u_e203_cpu.u_e203_itcm_ctrl.u_sram_icb_ctrl.u_sirv_1cyc_sram_ctrl.u_e1_stage.dp_gt_0.vld_dfflr.qout_r$_DFFE_PN0P_/D
484	-0.4748	u_eI_cpu.u_eJ_core.u_eK_biu.u_sirv_gnrl_icb_buffer.u_sirv_gnrl_rsp_fifo.dp_gtL.vec_M_dfflr.qout_r	cmt_dcause[I]	u_e203_cpu.u_e203_core.u_e203_biu.u_sirv_gnrl_icb_buffer.u_sirv_gnrl_rsp_fifo.dp_gt0.vec_31_dfflr.qout_r$_DFFE_PN0P_/Q	cmt_dcause[0]
485	-0.4731	u_eI_cpu.u_eJ_core.u_eK_ifu.u_eL_ifu_ifetch.ifu_hi_ir_dfflr.qout_r[M]	u_eI_srams.u_eJ_itcm_ram.u_eK_itcm_gnrl_ram.u_sirv_sim_ram.mem_r[L][M]	u_e203_cpu.u_e203_core.u_e203_ifu.u_e203_ifu_ifetch.ifu_hi_ir_dfflr.qout_r[10]$_DFFE_PN0P_/Q	u_e203_srams.u_e203_itcm_ram.u_e203_itcm_gnrl_ram.u_sirv_sim_ram.mem_r[0][32]$_DFFE_PP_/D
486	-0.4719	u_eI_cpu.u_eJ_core.u_eK_lsu.u_eL_lsu_ctrl.u_lsu_icb_arbt.arbt_num_gt_M_gen.dp_N.u_sirv_gnrl_rspid_fifo.dp_gt_O.dat_dfflr.qout_r	cmt_dcause[I]	u_e203_cpu.u_e203_core.u_e203_lsu.u_e203_lsu_ctrl.u_lsu_icb_arbt.arbt_num_gt_1_gen.dp_1.u_sirv_gnrl_rspid_fifo.dp_gt_0.dat_dfflr.qout_r$_DFFE_PP_/Q	cmt_dcause[0]
487	-0.4717	dbg_halt_r	u_eI_cpu.u_eJ_core.u_eK_exu.u_eL_exu_alu.u_eM_exu_nice.u_nice_itag_fifo.dp_gtN.vec_O_dfflrs.qout_r	dbg_halt_r	u_e203_cpu.u_e203_core.u_e203_exu.u_e203_exu_alu.u_e203_exu_nice.u_nice_itag_fifo.dp_gt0.vec_0_dfflrs.qout_r$_DFFE_PN1P_/D
488	-0.4717	u_eI_cpu.u_eJ_core.u_eK_ifu.u_eL_ifu_ifetch.ifu_hi_ir_dfflr.qout_r[M]	u_eI_cpu.u_eJ_core.u_eK_biu.u_biu_icb_arbt.arbt_num_gt_L_gen.dp_M.u_sirv_gnrl_rspid_fifo.dp_gt_N.vld_dfflr.qout_r	u_e203_cpu.u_e203_core.u_e203_ifu.u_e203_ifu_ifetch.ifu_hi_ir_dfflr.qout_r[10]$_DFFE_PN0P_/Q	u_e203_cpu.u_e203_core.u_e203_biu.u_biu_icb_arbt.arbt_num_gt_1_gen.dp_1.u_sirv_gnrl_rspid_fifo.dp_gt_0.vld_dfflr.qout_r$_DFFE_PN0P_/D
489	-0.4704	dbg_step_r	u_eI_cpu.u_eJ_core.u_eK_exu.u_eL_exu_commit.u_eM_exu_excp.step_req_dfflr.qout_r	dbg_step_r	u_e203_cpu.u_e203_core.u_e203_exu.u_e203_exu_commit.u_e203_exu_excp.step_req_dfflr.qout_r$_DFFE_PN0P_/D
490	-0.4681	u_eI_cpu.u_eJ_core.u_eK_ifu.u_eL_ifu_ifetch.ifu_lo_ir_dfflr.qout_r[M]	u_eI_cpu.u_eJ_dtcm_ctrl.u_sram_icb_ctrl.u_byp_icb_cmd_buf.u_bypbuf_fifo.dp_gtK.fifo_rf[L].fifo_rf_dffl.qout_r[M]	u_e203_cpu.u_e203_core.u_e203_ifu.u_e203_ifu_ifetch.ifu_lo_ir_dfflr.qout_r[11]$_DFFE_PN0P_/Q	u_e203_cpu.u_e203_dtcm_ctrl.u_sram_icb_ctrl.u_byp_icb_cmd_buf.u_bypbuf_fifo.dp_gt0.fifo_rf[0].fifo_rf_dffl.qout_r[10]$_DFFE_PP_/D
491	-0.4661	u_eI_cpu.u_eJ_core.u_eK_ifu.u_eL_ifu_ifetch.ifu_hi_ir_dfflr.qout_r[M]	u_eI_cpu.u_eJ_core.u_eK_ifu.u_eL_ifu_ifetch.out_flag_dfflr.qout_r	u_e203_cpu.u_e203_core.u_e203_ifu.u_e203_ifu_ifetch.ifu_hi_ir_dfflr.qout_r[10]$_DFFE_PN0P_/Q	u_e203_cpu.u_e203_core.u_e203_ifu.u_e203_ifu_ifetch.out_flag_dfflr.qout_r$_DFFE_PN0P_/D
492	-0.4641	u_eI_cpu.u_eJ_core.u_eK_ifu.u_eL_ifu_ifetch.ifu_hi_ir_dfflr.qout_r[M]	u_eI_srams.u_eJ_dtcm_ram.u_eK_dtcm_gnrl_ram.u_sirv_sim_ram.mem_r[L][M]	u_e203_cpu.u_e203_core.u_e203_ifu.u_e203_ifu_ifetch.ifu_hi_ir_dfflr.qout_r[10]$_DFFE_PN0P_/Q	u_e203_srams.u_e203_dtcm_ram.u_e203_dtcm_gnrl_ram.u_sirv_sim_ram.mem_r[0][0]$_DFFE_PP_/D
493	-0.4636	dbg_halt_r	u_eI_cpu.u_eJ_core.u_eK_exu.u_eL_exu_alu.u_eM_exu_alu_muldiv.exec_cnt_dfflr.qout_r[N]	dbg_halt_r	u_e203_cpu.u_e203_core.u_e203_exu.u_e203_exu_alu.u_e203_exu_alu_muldiv.exec_cnt_dfflr.qout_r[0]$_DFFE_PN0P_/D
494	-0.4632	u_eI_cpu.u_eJ_core.u_eK_exu.u_eL_exu_csr.mie_dfflr.qout_r[M]	core_wfi	u_e203_cpu.u_e203_core.u_e203_exu.u_e203_exu_csr.mie_dfflr.qout_r[7]$_DFFE_PN0P_/Q	core_wfi
495	-0.4623	u_eI_cpu.u_eJ_core.u_eK_ifu.u_eL_ifu_ifetch.ifu_hi_ir_dfflr.qout_r[M]	u_eI_cpu.u_eJ_core.u_eK_ifu.u_eL_ifu_ifetch.reset_req_dfflr.qout_r	u_e203_cpu.u_e203_core.u_e203_ifu.u_e203_ifu_ifetch.ifu_hi_ir_dfflr.qout_r[10]$_DFFE_PN0P_/Q	u_e203_cpu.u_e203_core.u_e203_ifu.u_e203_ifu_ifetch.reset_req_dfflr.qout_r$_DFFE_PN0P_/D
496	-0.4604	u_eI_cpu.u_eJ_core.u_eK_exu.u_eL_exu_regfile.regfile[M].rfnoN.rf_dffl.qout_r[O]	core_wfi	u_e203_cpu.u_e203_core.u_e203_exu.u_e203_exu_regfile.regfile[29].rfno0.rf_dffl.qout_r[31]$_DFFE_PP_/Q	core_wfi
497	-0.4596	u_eI_cpu.u_eJ_core.u_eK_exu.u_eL_exu_oitf.depth_gtM.ret_ptr_flg_dfflrs.qout_r	cmt_dpc_ena	u_e203_cpu.u_e203_core.u_e203_exu.u_e203_exu_oitf.depth_gt1.ret_ptr_flg_dfflrs.qout_r$_DFFE_PN0P_/Q	cmt_dpc_ena
498	-0.4595	u_eI_cpu.u_eJ_core.u_eK_exu.u_eL_exu_oitf.depth_gtM.alc_ptr_flg_dfflrs.qout_r	cmt_dpc_ena	u_e203_cpu.u_e203_core.u_e203_exu.u_e203_exu_oitf.depth_gt1.alc_ptr_flg_dfflrs.qout_r$_DFFE_PN0P_/Q	cmt_dpc_ena
499	-0.4583	u_eI_cpu.u_eJ_core.u_eK_ifu.u_eL_ifu_ifetch.ifu_hi_ir_dfflr.qout_r[M]	u_eI_cpu.u_eJ_core.u_eK_ifu.u_eL_ifu_ifetch.dly_flush_dfflr.qout_r	u_e203_cpu.u_e203_core.u_e203_ifu.u_e203_ifu_ifetch.ifu_hi_ir_dfflr.qout_r[10]$_DFFE_PN0P_/Q	u_e203_cpu.u_e203_core.u_e203_ifu.u_e203_ifu_ifetch.dly_flush_dfflr.qout_r$_DFFE_PN0P_/D
500	-0.4583	dbg_halt_r	u_eI_cpu.u_eJ_core.u_eK_exu.u_eL_exu_alu.u_eM_exu_nice.u_nice_itag_fifo.dp_gtN.dp_gtO.wptr_vec_P_dfflr.qout_r[Q]	dbg_halt_r	u_e203_cpu.u_e203_core.u_e203_exu.u_e203_exu_alu.u_e203_exu_nice.u_nice_itag_fifo.dp_gt0.dp_gt1.wptr_vec_31_dfflr.qout_r[0]$_DFFE_PN0P_/D
501	-0.4582	dbg_ebreakm_r	extIdtcm_icb_cmd_ready	dbg_ebreakm_r	ext2dtcm_icb_cmd_ready
502	-0.4582	u_eI_cpu.u_eJ_itcm_ctrl.u_sram_icb_ctrl.u_sirv_Kcyc_sram_ctrl.u_eL_stage.dp_gt_M.vld_dfflr.qout_r	cmt_dcause_ena	u_e203_cpu.u_e203_itcm_ctrl.u_sram_icb_ctrl.u_sirv_1cyc_sram_ctrl.u_e1_stage.dp_gt_0.vld_dfflr.qout_r$_DFFE_PN0P_/Q	cmt_dcause_ena
503	-0.4579	u_eI_cpu.u_eJ_core.u_eK_exu.u_eL_exu_alu.u_eM_exu_alu_muldiv.part_prdt_sftN_dfflr.qout_r	extIitcm_icb_cmd_ready	u_e203_cpu.u_e203_core.u_e203_exu.u_e203_exu_alu.u_e203_exu_alu_muldiv.part_prdt_sft1_dfflr.qout_r$_DFFE_PN0P_/Q	ext2itcm_icb_cmd_ready
504	-0.4569	u_eI_cpu.u_eJ_itcm_ctrl.u_sram_icb_ctrl.u_sirv_Kcyc_sram_ctrl.u_eL_stage.dp_gt_M.dat_dfflr.qout_r[N]	cmt_dcause[I]	u_e203_cpu.u_e203_itcm_ctrl.u_sram_icb_ctrl.u_sirv_1cyc_sram_ctrl.u_e1_stage.dp_gt_0.dat_dfflr.qout_r[1]$_DFFE_PP_/QN	cmt_dcause[0]
505	-0.4567	u_eI_cpu.u_eJ_core.u_eK_ifu.u_eL_ifu_ifetch.ifu_hi_ir_dfflr.qout_r[M]	u_eI_cpu.u_eJ_core.u_eK_exu.u_eL_exu_csr.minstreth_dfflr.qout_r[M]	u_e203_cpu.u_e203_core.u_e203_ifu.u_e203_ifu_ifetch.ifu_hi_ir_dfflr.qout_r[10]$_DFFE_PN0P_/Q	u_e203_cpu.u_e203_core.u_e203_exu.u_e203_exu_csr.minstreth_dfflr.qout_r[29]$_DFFE_PN0P_/D
506	-0.4557	u_eI_cpu.u_eJ_core.u_eK_ifu.u_eL_ifu_ifetch.ir_rsMidx_dfflr.qout_r[N]	u_eI_cpu.u_eJ_itcm_ctrl.u_sram_icb_ctrl.u_byp_icb_cmd_buf.u_bypbuf_fifo.dp_gtK.fifo_rf[L].fifo_rf_dffl.qout_r[M]	u_e203_cpu.u_e203_core.u_e203_ifu.u_e203_ifu_ifetch.ir_rs2idx_dfflr.qout_r[4]$_DFFE_PN0P_/Q	u_e203_cpu.u_e203_itcm_ctrl.u_sram_icb_ctrl.u_byp_icb_cmd_buf.u_bypbuf_fifo.dp_gt0.fifo_rf[0].fifo_rf_dffl.qout_r[42]$_DFFE_PP_/D
507	-0.4557	u_eI_cpu.u_eJ_itcm_ctrl.u_itcm_icb_arbt.arbt_num_gt_K_gen.dp_L.u_sirv_gnrl_rspid_fifo.dp_gt_M.vld_dfflr.qout_r	cmt_dcause_ena	u_e203_cpu.u_e203_itcm_ctrl.u_itcm_icb_arbt.arbt_num_gt_1_gen.dp_1.u_sirv_gnrl_rspid_fifo.dp_gt_0.vld_dfflr.qout_r$_DFFE_PN0P_/Q	cmt_dcause_ena
508	-0.4545	dbg_halt_r	u_eI_cpu.u_eJ_core.u_eK_ifu.u_eL_ifu_ifetch.u_eM_ifu_litebpu.rsNxn_rdrf_dfflrs.qout_r	dbg_halt_r	u_e203_cpu.u_e203_core.u_e203_ifu.u_e203_ifu_ifetch.u_e203_ifu_litebpu.rs1xn_rdrf_dfflrs.qout_r$_DFFE_PN0P_/D
509	-0.4536	u_eI_cpu.u_eJ_core.u_eK_ifu.u_eL_ifu_ifetch.ifu_hi_ir_dfflr.qout_r[M]	u_eI_cpu.u_eJ_itcm_ctrl.u_sram_icb_ctrl.u_sirv_Kcyc_sram_ctrl.u_eL_stage.dp_gt_M.dat_dfflr.qout_r[N]	u_e203_cpu.u_e203_core.u_e203_ifu.u_e203_ifu_ifetch.ifu_hi_ir_dfflr.qout_r[10]$_DFFE_PN0P_/Q	u_e203_cpu.u_e203_itcm_ctrl.u_sram_icb_ctrl.u_sirv_1cyc_sram_ctrl.u_e1_stage.dp_gt_0.dat_dfflr.qout_r[1]$_DFFE_PP_/D
510	-0.4532	u_eI_cpu.u_eJ_core.u_eK_exu.u_eL_exu_oitf.depth_gtM.alc_ptr_dfflrs.qout_r	cmt_dcause_ena	u_e203_cpu.u_e203_core.u_e203_exu.u_e203_exu_oitf.depth_gt1.alc_ptr_dfflrs.qout_r$_DFFE_PN0P_/Q	cmt_dcause_ena
511	-0.4532	u_eI_cpu.u_eJ_core.u_eK_lsu.u_eL_lsu_ctrl.u_eM_lsu_splt_stage.dp_gt_N.dat_dfflr.qout_r[O]	cmt_dcause_ena	u_e203_cpu.u_e203_core.u_e203_lsu.u_e203_lsu_ctrl.u_e203_lsu_splt_stage.dp_gt_0.dat_dfflr.qout_r[40]$_DFFE_PP_/Q	cmt_dcause_ena
512	-0.4520	u_eI_cpu.u_eJ_irq_sync.master_gen.u_tmr_irq_sync.sync_gen[K].i_is_not_L.sync_dffr.qout_r	cmt_dcause_ena	u_e203_cpu.u_e203_irq_sync.master_gen.u_tmr_irq_sync.sync_gen[1].i_is_not_0.sync_dffr.qout_r$_DFF_PN0_/Q	cmt_dcause_ena
513	-0.4489	u_eI_cpu.u_eJ_irq_sync.master_gen.u_sft_irq_sync.sync_gen[K].i_is_not_L.sync_dffr.qout_r	cmt_dcause_ena	u_e203_cpu.u_e203_irq_sync.master_gen.u_sft_irq_sync.sync_gen[1].i_is_not_0.sync_dffr.qout_r$_DFF_PN0_/Q	cmt_dcause_ena
514	-0.4489	u_eI_cpu.u_eJ_core.u_eK_lsu.u_eL_lsu_ctrl.u_eM_lsu_splt_stage.dp_gt_N.vld_dfflr.qout_r	cmt_dpc_ena	u_e203_cpu.u_e203_core.u_e203_lsu.u_e203_lsu_ctrl.u_e203_lsu_splt_stage.dp_gt_0.vld_dfflr.qout_r$_DFFE_PN0P_/Q	cmt_dpc_ena
515	-0.4488	dbg_halt_r	u_eI_cpu.u_eJ_core.u_eK_exu.u_eL_exu_csr.mie_dfflr.qout_r[M]	dbg_halt_r	u_e203_cpu.u_e203_core.u_e203_exu.u_e203_exu_csr.mie_dfflr.qout_r[11]$_DFFE_PN0P_/D
516	-0.4459	u_eI_cpu.u_eJ_core.u_eK_exu.u_eL_exu_oitf.depth_gtM.ret_ptr_dfflrs.qout_r	cmt_dpc_ena	u_e203_cpu.u_e203_core.u_e203_exu.u_e203_exu_oitf.depth_gt1.ret_ptr_dfflrs.qout_r$_DFFE_PN0P_/Q	cmt_dpc_ena
517	-0.4439	u_eI_cpu.u_eJ_irq_sync.master_gen.u_ext_irq_sync.sync_gen[K].i_is_not_L.sync_dffr.qout_r	cmt_dcause_ena	u_e203_cpu.u_e203_irq_sync.master_gen.u_ext_irq_sync.sync_gen[1].i_is_not_0.sync_dffr.qout_r$_DFF_PN0_/Q	cmt_dcause_ena
518	-0.4430	u_eI_cpu.u_eJ_core.u_eK_ifu.u_eL_ifu_ifetch.ifu_hi_ir_dfflr.qout_r[M]	u_eI_cpu.u_eJ_core.u_eK_ifu.u_eL_ifu_ifetch.ir_valid_dfflr.qout_r	u_e203_cpu.u_e203_core.u_e203_ifu.u_e203_ifu_ifetch.ifu_hi_ir_dfflr.qout_r[10]$_DFFE_PN0P_/Q	u_e203_cpu.u_e203_core.u_e203_ifu.u_e203_ifu_ifetch.ir_valid_dfflr.qout_r$_DFFE_PN0P_/D
519	-0.4425	u_eI_cpu.u_eJ_core.u_eK_ifu.u_eL_ifu_ifetch.ifu_hi_ir_dfflr.qout_r[M]	u_eI_cpu.u_eJ_core.u_eK_ifu.u_eL_ifu_ifetch.ir_muldiv_bMb_dfflr.qout_r	u_e203_cpu.u_e203_core.u_e203_ifu.u_e203_ifu_ifetch.ifu_hi_ir_dfflr.qout_r[10]$_DFFE_PN0P_/Q	u_e203_cpu.u_e203_core.u_e203_ifu.u_e203_ifu_ifetch.ir_muldiv_b2b_dfflr.qout_r$_DFFE_PN0P_/D
520	-0.4423	u_eI_cpu.u_eJ_core.u_eK_ifu.u_eL_ifu_ifetch.ir_rsMidx_dfflr.qout_r[N]	u_eI_cpu.u_eJ_core.u_eK_biu.u_sirv_gnrl_icb_buffer.u_sirv_gnrl_cmd_fifo.dp_gtL.fifo_rf[M].fifo_rf_dffl.qout_r[N]	u_e203_cpu.u_e203_core.u_e203_ifu.u_e203_ifu_ifetch.ir_rs2idx_dfflr.qout_r[4]$_DFFE_PN0P_/Q	u_e203_cpu.u_e203_core.u_e203_biu.u_sirv_gnrl_icb_buffer.u_sirv_gnrl_cmd_fifo.dp_gt0.fifo_rf[0].fifo_rf_dffl.qout_r[0]$_DFFE_PP_/D
521	-0.4411	u_eI_cpu.u_eJ_itcm_ctrl.u_sram_icb_ctrl.u_sirv_Kcyc_sram_ctrl.u_eL_stage.dp_gt_M.vld_dfflr.qout_r	core_wfi	u_e203_cpu.u_e203_itcm_ctrl.u_sram_icb_ctrl.u_sirv_1cyc_sram_ctrl.u_e1_stage.dp_gt_0.vld_dfflr.qout_r$_DFFE_PN0P_/Q	core_wfi
522	-0.4408	u_eI_cpu.u_eJ_core.u_eK_ifu.u_eL_ifu_ifetch.ifu_hi_ir_dfflr.qout_r[M]	u_eI_cpu.u_eJ_core.u_eK_exu.u_eL_exu_csr.minstret_dfflr.qout_r[M]	u_e203_cpu.u_e203_core.u_e203_ifu.u_e203_ifu_ifetch.ifu_hi_ir_dfflr.qout_r[10]$_DFFE_PN0P_/Q	u_e203_cpu.u_e203_core.u_e203_exu.u_e203_exu_csr.minstret_dfflr.qout_r[29]$_DFFE_PN0P_/D
523	-0.4406	u_eI_cpu.u_eJ_core.u_eK_ifu.u_eL_ifu_ifetch.ifu_hi_ir_dfflr.qout_r[M]	u_eI_cpu.u_eJ_itcm_ctrl.u_sram_icb_ctrl.u_byp_icb_cmd_buf.u_bypbuf_fifo.dp_gtK.vec_L_dfflrs.qout_r	u_e203_cpu.u_e203_core.u_e203_ifu.u_e203_ifu_ifetch.ifu_hi_ir_dfflr.qout_r[10]$_DFFE_PN0P_/Q	u_e203_cpu.u_e203_itcm_ctrl.u_sram_icb_ctrl.u_byp_icb_cmd_buf.u_bypbuf_fifo.dp_gt0.vec_0_dfflrs.qout_r$_DFFE_PN1P_/D
524	-0.4403	u_eI_cpu.u_eJ_core.u_eK_ifu.u_eL_ifu_ifetch.ifu_hi_ir_dfflr.qout_r[M]	u_eI_cpu.u_eJ_itcm_ctrl.ifu_holdup_dffl.qout_r	u_e203_cpu.u_e203_core.u_e203_ifu.u_e203_ifu_ifetch.ifu_hi_ir_dfflr.qout_r[10]$_DFFE_PN0P_/Q	u_e203_cpu.u_e203_itcm_ctrl.ifu_holdup_dffl.qout_r$_DFFE_PN0P_/D
525	-0.4386	u_eI_cpu.u_eJ_itcm_ctrl.u_itcm_icb_arbt.arbt_num_gt_K_gen.dp_L.u_sirv_gnrl_rspid_fifo.dp_gt_M.vld_dfflr.qout_r	core_wfi	u_e203_cpu.u_e203_itcm_ctrl.u_itcm_icb_arbt.arbt_num_gt_1_gen.dp_1.u_sirv_gnrl_rspid_fifo.dp_gt_0.vld_dfflr.qout_r$_DFFE_PN0P_/Q	core_wfi
526	-0.4384	u_eI_cpu.u_eJ_core.u_eK_ifu.u_eL_ifu_ifetch.ifu_hi_ir_dfflr.qout_r[M]	u_eI_cpu.u_eJ_core.u_eK_exu.u_eL_exu_alu.u_eM_exu_alu_dpath.sbf_N_dffl.qout_r[O]	u_e203_cpu.u_e203_core.u_e203_ifu.u_e203_ifu_ifetch.ifu_hi_ir_dfflr.qout_r[10]$_DFFE_PN0P_/Q	u_e203_cpu.u_e203_core.u_e203_exu.u_e203_exu_alu.u_e203_exu_alu_dpath.sbf_0_dffl.qout_r[7]$_DFFE_PP_/D
527	-0.4380	u_eI_cpu.u_eJ_core.u_eK_ifu.u_eL_ifu_ifetch.ifu_lo_ir_dfflr.qout_r[M]	u_eI_cpu.u_eJ_core.u_eK_ifu.u_eL_ifu_iftMicb.u_eN_ifetch_rsp_bypbuf.u_bypbuf_fifo.dp_gtO.vec_P_dfflr.qout_r	u_e203_cpu.u_e203_core.u_e203_ifu.u_e203_ifu_ifetch.ifu_lo_ir_dfflr.qout_r[11]$_DFFE_PN0P_/Q	u_e203_cpu.u_e203_core.u_e203_ifu.u_e203_ifu_ift2icb.u_e203_ifetch_rsp_bypbuf.u_bypbuf_fifo.dp_gt0.vec_31_dfflr.qout_r$_DFFE_PN0P_/D
528	-0.4377	u_eI_cpu.u_eJ_core.u_eK_exu.u_eL_exu_alu.u_eM_exu_alu_muldiv.muldiv_state_dfflr.qout_r[N]	cmt_dcause_ena	u_e203_cpu.u_e203_core.u_e203_exu.u_e203_exu_alu.u_e203_exu_alu_muldiv.muldiv_state_dfflr.qout_r[0]$_DFFE_PN0P_/Q	cmt_dcause_ena
529	-0.4375	dbg_ebreakm_r	extIitcm_icb_cmd_ready	dbg_ebreakm_r	ext2itcm_icb_cmd_ready
530	-0.4363	u_eI_cpu.u_eJ_dtcm_ctrl.u_dtcm_icb_arbt.arbt_num_gt_K_gen.dp_L.u_sirv_gnrl_rspid_fifo.dp_gt_M.vld_dfflr.qout_r	cmt_dcause_ena	u_e203_cpu.u_e203_dtcm_ctrl.u_dtcm_icb_arbt.arbt_num_gt_1_gen.dp_1.u_sirv_gnrl_rspid_fifo.dp_gt_0.vld_dfflr.qout_r$_DFFE_PN0P_/Q	cmt_dcause_ena
531	-0.4361	u_eI_cpu.u_eJ_core.u_eK_exu.u_eL_exu_oitf.depth_gtM.alc_ptr_dfflrs.qout_r	core_wfi	u_e203_cpu.u_e203_core.u_e203_exu.u_e203_exu_oitf.depth_gt1.alc_ptr_dfflrs.qout_r$_DFFE_PN0P_/Q	core_wfi
532	-0.4361	u_eI_cpu.u_eJ_core.u_eK_lsu.u_eL_lsu_ctrl.u_eM_lsu_splt_stage.dp_gt_N.dat_dfflr.qout_r[O]	core_wfi	u_e203_cpu.u_e203_core.u_e203_lsu.u_e203_lsu_ctrl.u_e203_lsu_splt_stage.dp_gt_0.dat_dfflr.qout_r[40]$_DFFE_PP_/Q	core_wfi
533	-0.4360	u_eI_cpu.u_eJ_core.u_eK_biu.u_biu_icb_arbt.arbt_num_gt_L_gen.dp_M.u_sirv_gnrl_rspid_fifo.dp_gt_N.vld_dfflr.qout_r	cmt_dcause_ena	u_e203_cpu.u_e203_core.u_e203_biu.u_biu_icb_arbt.arbt_num_gt_1_gen.dp_1.u_sirv_gnrl_rspid_fifo.dp_gt_0.vld_dfflr.qout_r$_DFFE_PN0P_/Q	cmt_dcause_ena
534	-0.4359	u_eI_cpu.u_eJ_core.u_eK_lsu.u_eL_lsu_ctrl.u_lsu_icb_arbt.arbt_num_gt_M_gen.dp_N.u_sirv_gnrl_rspid_fifo.dp_gt_O.vld_dfflr.qout_r	cmt_dcause_ena	u_e203_cpu.u_e203_core.u_e203_lsu.u_e203_lsu_ctrl.u_lsu_icb_arbt.arbt_num_gt_1_gen.dp_1.u_sirv_gnrl_rspid_fifo.dp_gt_0.vld_dfflr.qout_r$_DFFE_PN0P_/Q	cmt_dcause_ena
535	-0.4356	u_eI_cpu.u_eJ_dtcm_ctrl.u_sram_icb_ctrl.u_sirv_Kcyc_sram_ctrl.u_eL_stage.dp_gt_M.vld_dfflr.qout_r	cmt_dcause_ena	u_e203_cpu.u_e203_dtcm_ctrl.u_sram_icb_ctrl.u_sirv_1cyc_sram_ctrl.u_e1_stage.dp_gt_0.vld_dfflr.qout_r$_DFFE_PN0P_/Q	cmt_dcause_ena
536	-0.4349	u_eI_cpu.u_eJ_irq_sync.master_gen.u_tmr_irq_sync.sync_gen[K].i_is_not_L.sync_dffr.qout_r	core_wfi	u_e203_cpu.u_e203_irq_sync.master_gen.u_tmr_irq_sync.sync_gen[1].i_is_not_0.sync_dffr.qout_r$_DFF_PN0_/Q	core_wfi
537	-0.4348	u_eI_cpu.u_eJ_core.u_eK_ifu.u_eL_ifu_ifetch.ir_rsMidx_dfflr.qout_r[N]	u_eI_cpu.u_eJ_core.u_eK_ifu.u_eL_ifu_iftMicb.leftover_dffl.qout_r[N]	u_e203_cpu.u_e203_core.u_e203_ifu.u_e203_ifu_ifetch.ir_rs2idx_dfflr.qout_r[4]$_DFFE_PN0P_/Q	u_e203_cpu.u_e203_core.u_e203_ifu.u_e203_ifu_ift2icb.leftover_dffl.qout_r[10]$_DFFE_PP_/D
538	-0.4347	dbg_step_r	u_eI_cpu.u_eJ_core.u_eK_exu.u_eL_exu_alu.u_eM_exu_alu_lsuagu.icb_leftover_err_dfflr.qout_r	dbg_step_r	u_e203_cpu.u_e203_core.u_e203_exu.u_e203_exu_alu.u_e203_exu_alu_lsuagu.icb_leftover_err_dfflr.qout_r$_DFFE_PN0P_/D
539	-0.4338	u_eI_cpu.u_eJ_core.u_eK_exu.u_eL_exu_csr.mie_dfflr.qout_r[M]	cmt_dpc_ena	u_e203_cpu.u_e203_core.u_e203_exu.u_e203_exu_csr.mie_dfflr.qout_r[7]$_DFFE_PN0P_/Q	cmt_dpc_ena
540	-0.4318	u_eI_cpu.u_eJ_irq_sync.master_gen.u_sft_irq_sync.sync_gen[K].i_is_not_L.sync_dffr.qout_r	core_wfi	u_e203_cpu.u_e203_irq_sync.master_gen.u_sft_irq_sync.sync_gen[1].i_is_not_0.sync_dffr.qout_r$_DFF_PN0_/Q	core_wfi
541	-0.4316	u_eI_cpu.u_eJ_core.u_eK_ifu.u_eL_ifu_ifetch.ifu_hi_ir_dfflr.qout_r[M]	u_eI_cpu.u_eJ_itcm_ctrl.u_sram_icb_ctrl.u_sirv_Kcyc_sram_ctrl.u_eL_stage.dp_gt_M.vld_dfflr.qout_r	u_e203_cpu.u_e203_core.u_e203_ifu.u_e203_ifu_ifetch.ifu_hi_ir_dfflr.qout_r[10]$_DFFE_PN0P_/Q	u_e203_cpu.u_e203_itcm_ctrl.u_sram_icb_ctrl.u_sirv_1cyc_sram_ctrl.u_e1_stage.dp_gt_0.vld_dfflr.qout_r$_DFFE_PN0P_/D
542	-0.4309	u_eI_cpu.u_eJ_core.u_eK_exu.u_eL_exu_regfile.regfile[M].rfnoN.rf_dffl.qout_r[O]	cmt_dpc_ena	u_e203_cpu.u_e203_core.u_e203_exu.u_e203_exu_regfile.regfile[29].rfno0.rf_dffl.qout_r[31]$_DFFE_PP_/Q	cmt_dpc_ena
543	-0.4300	u_eI_cpu.u_eJ_core.u_eK_biu.u_sirv_gnrl_icb_buffer.u_sirv_gnrl_rsp_fifo.dp_gtL.vec_M_dfflr.qout_r	cmt_dcause_ena	u_e203_cpu.u_e203_core.u_e203_biu.u_sirv_gnrl_icb_buffer.u_sirv_gnrl_rsp_fifo.dp_gt0.vec_31_dfflr.qout_r$_DFFE_PN0P_/Q	cmt_dcause_ena
544	-0.4297	u_eI_cpu.u_eJ_itcm_ctrl.u_itcm_icb_arbt.arbt_num_gt_K_gen.dp_L.u_sirv_gnrl_rspid_fifo.dp_gt_M.dat_dfflr.qout_r	cmt_dcause[I]	u_e203_cpu.u_e203_itcm_ctrl.u_itcm_icb_arbt.arbt_num_gt_1_gen.dp_1.u_sirv_gnrl_rspid_fifo.dp_gt_0.dat_dfflr.qout_r$_DFFE_PP_/Q	cmt_dcause[0]
545	-0.4288	u_eI_cpu.u_eJ_core.u_eK_ifu.u_eL_ifu_ifetch.ir_rsMidx_dfflr.qout_r[N]	u_eI_cpu.u_eJ_core.u_eK_biu.u_sirv_gnrl_icb_buffer.u_sirv_gnrl_cmd_fifo.dp_gtL.vec_M_dfflrs.qout_r	u_e203_cpu.u_e203_core.u_e203_ifu.u_e203_ifu_ifetch.ir_rs2idx_dfflr.qout_r[4]$_DFFE_PN0P_/Q	u_e203_cpu.u_e203_core.u_e203_biu.u_sirv_gnrl_icb_buffer.u_sirv_gnrl_cmd_fifo.dp_gt0.vec_0_dfflrs.qout_r$_DFFE_PN1P_/D
546	-0.4285	dbg_halt_r	u_eI_cpu.u_eJ_core.u_eK_lsu.u_eL_lsu_ctrl.u_eM_lsu_splt_stage.dp_gt_N.vld_dfflr.qout_r	dbg_halt_r	u_e203_cpu.u_e203_core.u_e203_lsu.u_e203_lsu_ctrl.u_e203_lsu_splt_stage.dp_gt_0.vld_dfflr.qout_r$_DFFE_PN0P_/D
547	-0.4285	dbg_halt_r	u_eI_cpu.u_eJ_core.u_eK_lsu.u_eL_lsu_ctrl.u_lsu_icb_arbt.arbt_num_gt_M_gen.dp_N.u_sirv_gnrl_rspid_fifo.dp_gt_O.vld_dfflr.qout_r	dbg_halt_r	u_e203_cpu.u_e203_core.u_e203_lsu.u_e203_lsu_ctrl.u_lsu_icb_arbt.arbt_num_gt_1_gen.dp_1.u_sirv_gnrl_rspid_fifo.dp_gt_0.vld_dfflr.qout_r$_DFFE_PN0P_/D
548	-0.4276	u_eI_cpu.u_eJ_core.u_eK_ifu.u_eL_ifu_ifetch.ifu_lo_ir_dfflr.qout_r[M]	u_eI_cpu.u_eJ_core.u_eK_exu.u_eL_exu_alu.u_eM_exu_alu_dpath.sbf_N_dffl.qout_r[O]	u_e203_cpu.u_e203_core.u_e203_ifu.u_e203_ifu_ifetch.ifu_lo_ir_dfflr.qout_r[11]$_DFFE_PN0P_/Q	u_e203_cpu.u_e203_core.u_e203_exu.u_e203_exu_alu.u_e203_exu_alu_dpath.sbf_1_dffl.qout_r[32]$_SDFFCE_PN0P_/D
549	-0.4271	u_eI_cpu.u_eJ_core.u_eK_lsu.u_eL_lsu_ctrl.u_lsu_icb_arbt.arbt_num_gt_M_gen.dp_N.u_sirv_gnrl_rspid_fifo.dp_gt_O.dat_dfflr.qout_r	cmt_dcause_ena	u_e203_cpu.u_e203_core.u_e203_lsu.u_e203_lsu_ctrl.u_lsu_icb_arbt.arbt_num_gt_1_gen.dp_1.u_sirv_gnrl_rspid_fifo.dp_gt_0.dat_dfflr.qout_r$_DFFE_PP_/Q	cmt_dcause_ena
550	-0.4268	u_eI_cpu.u_eJ_irq_sync.master_gen.u_ext_irq_sync.sync_gen[K].i_is_not_L.sync_dffr.qout_r	core_wfi	u_e203_cpu.u_e203_irq_sync.master_gen.u_ext_irq_sync.sync_gen[1].i_is_not_0.sync_dffr.qout_r$_DFF_PN0_/Q	core_wfi
551	-0.4258	u_eI_cpu.u_eJ_core.u_eK_ifu.u_eL_ifu_ifetch.ir_rsMidx_dfflr.qout_r[N]	u_eI_cpu.u_eJ_core.u_eK_biu.u_sirv_gnrl_icb_buffer.u_sirv_gnrl_cmd_fifo.dp_gtL.vec_M_dfflr.qout_r	u_e203_cpu.u_e203_core.u_e203_ifu.u_e203_ifu_ifetch.ir_rs2idx_dfflr.qout_r[4]$_DFFE_PN0P_/Q	u_e203_cpu.u_e203_core.u_e203_biu.u_sirv_gnrl_icb_buffer.u_sirv_gnrl_cmd_fifo.dp_gt0.vec_31_dfflr.qout_r$_DFFE_PN0P_/D
552	-0.4253	u_eI_cpu.u_eJ_core.u_eK_ifu.u_eL_ifu_ifetch.ir_rsMidx_dfflr.qout_r[N]	u_eI_cpu.u_eJ_core.u_eK_ifu.u_eL_ifu_ifetch.ifu_hi_ir_dfflr.qout_r[M]	u_e203_cpu.u_e203_core.u_e203_ifu.u_e203_ifu_ifetch.ir_rs2idx_dfflr.qout_r[4]$_DFFE_PN0P_/Q	u_e203_cpu.u_e203_core.u_e203_ifu.u_e203_ifu_ifetch.ifu_hi_ir_dfflr.qout_r[8]$_DFFE_PN0P_/D
553	-0.4247	u_eI_cpu.u_eJ_core.u_eK_ifu.u_eL_ifu_ifetch.ifu_hi_ir_dfflr.qout_r[M]	u_eI_cpu.u_eJ_dtcm_ctrl.u_sram_icb_ctrl.u_byp_icb_cmd_buf.u_bypbuf_fifo.dp_gtK.fifo_rf[L].fifo_rf_dffl.qout_r[M]	u_e203_cpu.u_e203_core.u_e203_ifu.u_e203_ifu_ifetch.ifu_hi_ir_dfflr.qout_r[10]$_DFFE_PN0P_/Q	u_e203_cpu.u_e203_dtcm_ctrl.u_sram_icb_ctrl.u_byp_icb_cmd_buf.u_bypbuf_fifo.dp_gt0.fifo_rf[0].fifo_rf_dffl.qout_r[10]$_DFFE_PP_/D
554	-0.4241	u_eI_cpu.u_eJ_core.u_eK_ifu.u_eL_ifu_ifetch.ifu_lo_ir_dfflr.qout_r[M]	u_eI_cpu.u_eJ_dtcm_ctrl.u_sram_icb_ctrl.u_byp_icb_cmd_buf.u_bypbuf_fifo.dp_gtK.vec_L_dfflrs.qout_r	u_e203_cpu.u_e203_core.u_e203_ifu.u_e203_ifu_ifetch.ifu_lo_ir_dfflr.qout_r[11]$_DFFE_PN0P_/Q	u_e203_cpu.u_e203_dtcm_ctrl.u_sram_icb_ctrl.u_byp_icb_cmd_buf.u_bypbuf_fifo.dp_gt0.vec_0_dfflrs.qout_r$_DFFE_PN1P_/D
555	-0.4208	dbg_step_r	u_eI_cpu.u_eJ_core.u_eK_ifu.u_eL_ifu_ifetch.halt_ack_dfflr.qout_r	dbg_step_r	u_e203_cpu.u_e203_core.u_e203_ifu.u_e203_ifu_ifetch.halt_ack_dfflr.qout_r$_DFFE_PN0P_/D
556	-0.4206	u_eI_cpu.u_eJ_core.u_eK_exu.u_eL_exu_alu.u_eM_exu_alu_muldiv.muldiv_state_dfflr.qout_r[N]	core_wfi	u_e203_cpu.u_e203_core.u_e203_exu.u_e203_exu_alu.u_e203_exu_alu_muldiv.muldiv_state_dfflr.qout_r[0]$_DFFE_PN0P_/Q	core_wfi
557	-0.4199	u_eI_cpu.u_eJ_core.u_eK_ifu.u_eL_ifu_ifetch.ir_rsMidx_dfflr.qout_r[N]	u_eI_cpu.u_eJ_core.u_eK_ifu.u_eL_ifu_iftMicb.u_eN_ifetch_rsp_bypbuf.u_bypbuf_fifo.dp_gtO.vec_P_dfflrs.qout_r	u_e203_cpu.u_e203_core.u_e203_ifu.u_e203_ifu_ifetch.ir_rs2idx_dfflr.qout_r[4]$_DFFE_PN0P_/Q	u_e203_cpu.u_e203_core.u_e203_ifu.u_e203_ifu_ift2icb.u_e203_ifetch_rsp_bypbuf.u_bypbuf_fifo.dp_gt0.vec_0_dfflrs.qout_r$_DFFE_PN1P_/D
558	-0.4192	u_eI_cpu.u_eJ_dtcm_ctrl.u_dtcm_icb_arbt.arbt_num_gt_K_gen.dp_L.u_sirv_gnrl_rspid_fifo.dp_gt_M.vld_dfflr.qout_r	core_wfi	u_e203_cpu.u_e203_dtcm_ctrl.u_dtcm_icb_arbt.arbt_num_gt_1_gen.dp_1.u_sirv_gnrl_rspid_fifo.dp_gt_0.vld_dfflr.qout_r$_DFFE_PN0P_/Q	core_wfi
559	-0.4189	u_eI_cpu.u_eJ_core.u_eK_biu.u_biu_icb_arbt.arbt_num_gt_L_gen.dp_M.u_sirv_gnrl_rspid_fifo.dp_gt_N.vld_dfflr.qout_r	core_wfi	u_e203_cpu.u_e203_core.u_e203_biu.u_biu_icb_arbt.arbt_num_gt_1_gen.dp_1.u_sirv_gnrl_rspid_fifo.dp_gt_0.vld_dfflr.qout_r$_DFFE_PN0P_/Q	core_wfi
560	-0.4188	u_eI_cpu.u_eJ_core.u_eK_lsu.u_eL_lsu_ctrl.u_lsu_icb_arbt.arbt_num_gt_M_gen.dp_N.u_sirv_gnrl_rspid_fifo.dp_gt_O.vld_dfflr.qout_r	core_wfi	u_e203_cpu.u_e203_core.u_e203_lsu.u_e203_lsu_ctrl.u_lsu_icb_arbt.arbt_num_gt_1_gen.dp_1.u_sirv_gnrl_rspid_fifo.dp_gt_0.vld_dfflr.qout_r$_DFFE_PN0P_/Q	core_wfi
561	-0.4186	u_eI_cpu.u_eJ_dtcm_ctrl.u_dtcm_icb_arbt.arbt_num_gt_K_gen.dp_L.u_sirv_gnrl_rspid_fifo.dp_gt_M.dat_dfflr.qout_r	cmt_dcause[I]	u_e203_cpu.u_e203_dtcm_ctrl.u_dtcm_icb_arbt.arbt_num_gt_1_gen.dp_1.u_sirv_gnrl_rspid_fifo.dp_gt_0.dat_dfflr.qout_r$_DFFE_PP_/Q	cmt_dcause[0]
562	-0.4185	u_eI_cpu.u_eJ_dtcm_ctrl.u_sram_icb_ctrl.u_sirv_Kcyc_sram_ctrl.u_eL_stage.dp_gt_M.vld_dfflr.qout_r	core_wfi	u_e203_cpu.u_e203_dtcm_ctrl.u_sram_icb_ctrl.u_sirv_1cyc_sram_ctrl.u_e1_stage.dp_gt_0.vld_dfflr.qout_r$_DFFE_PN0P_/Q	core_wfi
563	-0.4181	dbg_halt_r	u_eI_cpu.u_eJ_core.u_eK_exu.u_eL_exu_csr.counterstop_dfflr.qout_r[M]	dbg_halt_r	u_e203_cpu.u_e203_core.u_e203_exu.u_e203_exu_csr.counterstop_dfflr.qout_r[0]$_DFFE_PN0P_/D
564	-0.4171	u_eI_cpu.u_eJ_core.u_eK_ifu.u_eL_ifu_ifetch.ifu_lo_ir_dfflr.qout_r[M]	u_eI_cpu.u_eJ_core.u_eK_exu.u_eL_exu_regfile.regfile[M].rfnoN.rf_dffl.qout_r[O]	u_e203_cpu.u_e203_core.u_e203_ifu.u_e203_ifu_ifetch.ifu_lo_ir_dfflr.qout_r[11]$_DFFE_PN0P_/Q	u_e203_cpu.u_e203_core.u_e203_exu.u_e203_exu_regfile.regfile[8].rfno0.rf_dffl.qout_r[10]$_DFFE_PP_/D
565	-0.4160	u_eI_cpu.u_eJ_core.u_eK_ifu.u_eL_ifu_ifetch.ir_rsMidx_dfflr.qout_r[N]	u_eI_cpu.u_eJ_core.u_eK_biu.u_biu_icb_arbt.arbt_num_gt_L_gen.dp_M.u_sirv_gnrl_rspid_fifo.dp_gt_N.dat_dfflr.qout_r	u_e203_cpu.u_e203_core.u_e203_ifu.u_e203_ifu_ifetch.ir_rs2idx_dfflr.qout_r[4]$_DFFE_PN0P_/Q	u_e203_cpu.u_e203_core.u_e203_biu.u_biu_icb_arbt.arbt_num_gt_1_gen.dp_1.u_sirv_gnrl_rspid_fifo.dp_gt_0.dat_dfflr.qout_r$_DFFE_PP_/D
566	-0.4147	u_eI_cpu.u_eJ_core.u_eK_ifu.u_eL_ifu_ifetch.ir_rsMidx_dfflr.qout_r[N]	u_eI_cpu.u_eJ_core.u_eK_ifu.u_eL_ifu_ifetch.ir_rsMidx_dfflr.qout_r[N]	u_e203_cpu.u_e203_core.u_e203_ifu.u_e203_ifu_ifetch.ir_rs2idx_dfflr.qout_r[4]$_DFFE_PN0P_/Q	u_e203_cpu.u_e203_core.u_e203_ifu.u_e203_ifu_ifetch.ir_rs2idx_dfflr.qout_r[0]$_DFFE_PN0P_/D
567	-0.4135	u_eI_cpu.u_eJ_core.u_eK_ifu.u_eL_ifu_ifetch.ir_rsMidx_dfflr.qout_r[N]	u_eI_cpu.u_eJ_core.u_eK_ifu.u_eL_ifu_ifetch.pc_dfflr.qout_r[M]	u_e203_cpu.u_e203_core.u_e203_ifu.u_e203_ifu_ifetch.ir_rs2idx_dfflr.qout_r[4]$_DFFE_PN0P_/Q	u_e203_cpu.u_e203_core.u_e203_ifu.u_e203_ifu_ifetch.pc_dfflr.qout_r[19]$_DFFE_PN0P_/D
568	-0.4129	u_eI_cpu.u_eJ_core.u_eK_biu.u_sirv_gnrl_icb_buffer.u_sirv_gnrl_rsp_fifo.dp_gtL.vec_M_dfflr.qout_r	core_wfi	u_e203_cpu.u_e203_core.u_e203_biu.u_sirv_gnrl_icb_buffer.u_sirv_gnrl_rsp_fifo.dp_gt0.vec_31_dfflr.qout_r$_DFFE_PN0P_/Q	core_wfi
569	-0.4122	u_eI_cpu.u_eJ_core.u_eK_biu.u_biu_icb_arbt.arbt_num_gt_L_gen.dp_M.u_sirv_gnrl_rspid_fifo.dp_gt_N.dat_dfflr.qout_r	cmt_dcause[I]	u_e203_cpu.u_e203_core.u_e203_biu.u_biu_icb_arbt.arbt_num_gt_1_gen.dp_1.u_sirv_gnrl_rspid_fifo.dp_gt_0.dat_dfflr.qout_r$_DFFE_PP_/Q	cmt_dcause[0]
570	-0.4121	u_eI_cpu.u_eJ_itcm_ctrl.u_sram_icb_ctrl.u_sirv_Kcyc_sram_ctrl.u_eL_stage.dp_gt_M.dat_dfflr.qout_r[N]	cmt_dcause_ena	u_e203_cpu.u_e203_itcm_ctrl.u_sram_icb_ctrl.u_sirv_1cyc_sram_ctrl.u_e1_stage.dp_gt_0.dat_dfflr.qout_r[1]$_DFFE_PP_/QN	cmt_dcause_ena
571	-0.4119	dbg_step_r	u_eI_cpu.u_eJ_core.u_eK_exu.u_eL_exu_commit.u_eM_exu_excp.wfi_flag_dfflr.qout_r	dbg_step_r	u_e203_cpu.u_e203_core.u_e203_exu.u_e203_exu_commit.u_e203_exu_excp.wfi_flag_dfflr.qout_r$_DFFE_PN0P_/D
572	-0.4118	dbg_halt_r	u_eI_cpu.u_eJ_core.u_eK_exu.u_eL_exu_alu.u_eM_exu_nice.u_nice_itag_fifo.dp_gtN.fifo_rf[O].fifo_rf_dffl.qout_r	dbg_halt_r	u_e203_cpu.u_e203_core.u_e203_exu.u_e203_exu_alu.u_e203_exu_nice.u_nice_itag_fifo.dp_gt0.fifo_rf[3].fifo_rf_dffl.qout_r$_DFFE_PP_/D
573	-0.4116	u_eI_cpu.u_eJ_itcm_ctrl.u_sram_icb_ctrl.u_sirv_Kcyc_sram_ctrl.u_eL_stage.dp_gt_M.vld_dfflr.qout_r	cmt_dpc_ena	u_e203_cpu.u_e203_itcm_ctrl.u_sram_icb_ctrl.u_sirv_1cyc_sram_ctrl.u_e1_stage.dp_gt_0.vld_dfflr.qout_r$_DFFE_PN0P_/Q	cmt_dpc_ena
574	-0.4100	u_eI_cpu.u_eJ_core.u_eK_lsu.u_eL_lsu_ctrl.u_lsu_icb_arbt.arbt_num_gt_M_gen.dp_N.u_sirv_gnrl_rspid_fifo.dp_gt_O.dat_dfflr.qout_r	core_wfi	u_e203_cpu.u_e203_core.u_e203_lsu.u_e203_lsu_ctrl.u_lsu_icb_arbt.arbt_num_gt_1_gen.dp_1.u_sirv_gnrl_rspid_fifo.dp_gt_0.dat_dfflr.qout_r$_DFFE_PP_/Q	core_wfi
575	-0.4095	dbg_halt_r	u_eI_cpu.u_eJ_core.u_eK_exu.u_eL_exu_csr.mcgstop_dfflr.qout_r[M]	dbg_halt_r	u_e203_cpu.u_e203_core.u_e203_exu.u_e203_exu_csr.mcgstop_dfflr.qout_r[0]$_DFFE_PN0P_/D
576	-0.4091	u_eI_cpu.u_eJ_itcm_ctrl.u_itcm_icb_arbt.arbt_num_gt_K_gen.dp_L.u_sirv_gnrl_rspid_fifo.dp_gt_M.vld_dfflr.qout_r	cmt_dpc_ena	u_e203_cpu.u_e203_itcm_ctrl.u_itcm_icb_arbt.arbt_num_gt_1_gen.dp_1.u_sirv_gnrl_rspid_fifo.dp_gt_0.vld_dfflr.qout_r$_DFFE_PN0P_/Q	cmt_dpc_ena
577	-0.4066	u_eI_cpu.u_eJ_core.u_eK_exu.u_eL_exu_oitf.depth_gtM.alc_ptr_dfflrs.qout_r	cmt_dpc_ena	u_e203_cpu.u_e203_core.u_e203_exu.u_e203_exu_oitf.depth_gt1.alc_ptr_dfflrs.qout_r$_DFFE_PN0P_/Q	cmt_dpc_ena
578	-0.4066	u_eI_cpu.u_eJ_core.u_eK_lsu.u_eL_lsu_ctrl.u_eM_lsu_splt_stage.dp_gt_N.dat_dfflr.qout_r[O]	cmt_dpc_ena	u_e203_cpu.u_e203_core.u_e203_lsu.u_e203_lsu_ctrl.u_e203_lsu_splt_stage.dp_gt_0.dat_dfflr.qout_r[40]$_DFFE_PP_/Q	cmt_dpc_ena
579	-0.4054	u_eI_cpu.u_eJ_irq_sync.master_gen.u_tmr_irq_sync.sync_gen[K].i_is_not_L.sync_dffr.qout_r	cmt_dpc_ena	u_e203_cpu.u_e203_irq_sync.master_gen.u_tmr_irq_sync.sync_gen[1].i_is_not_0.sync_dffr.qout_r$_DFF_PN0_/Q	cmt_dpc_ena
580	-0.4042	dbg_halt_r	u_eI_cpu.u_eJ_core.u_eK_lsu.u_eL_lsu_ctrl.u_lsu_icb_arbt.arbt_num_gt_M_gen.dp_N.u_sirv_gnrl_rspid_fifo.dp_gt_O.dat_dfflr.qout_r	dbg_halt_r	u_e203_cpu.u_e203_core.u_e203_lsu.u_e203_lsu_ctrl.u_lsu_icb_arbt.arbt_num_gt_1_gen.dp_1.u_sirv_gnrl_rspid_fifo.dp_gt_0.dat_dfflr.qout_r$_DFFE_PP_/D
581	-0.4033	u_eI_cpu.u_eJ_core.u_eK_ifu.u_eL_ifu_ifetch.ir_rsMidx_dfflr.qout_r[N]	u_eI_cpu.u_eJ_core.u_eK_ifu.u_eL_ifu_iftMicb.icb_addr_N_O_dffl.qout_r[P]	u_e203_cpu.u_e203_core.u_e203_ifu.u_e203_ifu_ifetch.ir_rs2idx_dfflr.qout_r[4]$_DFFE_PN0P_/Q	u_e203_cpu.u_e203_core.u_e203_ifu.u_e203_ifu_ift2icb.icb_addr_2_1_dffl.qout_r[0]$_DFFE_PP_/D
582	-0.4023	u_eI_cpu.u_eJ_irq_sync.master_gen.u_sft_irq_sync.sync_gen[K].i_is_not_L.sync_dffr.qout_r	cmt_dpc_ena	u_e203_cpu.u_e203_irq_sync.master_gen.u_sft_irq_sync.sync_gen[1].i_is_not_0.sync_dffr.qout_r$_DFF_PN0_/Q	cmt_dpc_ena
583	-0.3984	u_eI_cpu.u_eJ_core.u_eK_ifu.u_eL_ifu_ifetch.ir_rsMidx_dfflr.qout_r[N]	u_eI_cpu.u_eJ_core.u_eK_ifu.u_eL_ifu_iftMicb.req_lane_cross_dfflr.qout_r	u_e203_cpu.u_e203_core.u_e203_ifu.u_e203_ifu_ifetch.ir_rs2idx_dfflr.qout_r[4]$_DFFE_PN0P_/Q	u_e203_cpu.u_e203_core.u_e203_ifu.u_e203_ifu_ift2icb.req_lane_cross_dfflr.qout_r$_DFFE_PN0P_/D
584	-0.3984	u_eI_cpu.u_eJ_core.u_eK_ifu.u_eL_ifu_ifetch.ir_rsMidx_dfflr.qout_r[N]	u_eI_cpu.u_eJ_core.u_eK_ifu.u_eL_ifu_iftMicb.req_need_Nuop_dfflr.qout_r	u_e203_cpu.u_e203_core.u_e203_ifu.u_e203_ifu_ifetch.ir_rs2idx_dfflr.qout_r[4]$_DFFE_PN0P_/Q	u_e203_cpu.u_e203_core.u_e203_ifu.u_e203_ifu_ift2icb.req_need_2uop_dfflr.qout_r$_DFFE_PN0P_/D
585	-0.3984	u_eI_cpu.u_eJ_core.u_eK_ifu.u_eL_ifu_ifetch.ir_rsMidx_dfflr.qout_r[N]	u_eI_cpu.u_eJ_core.u_eK_ifu.u_eL_ifu_iftMicb.req_same_cross_holdup_dfflr.qout_r	u_e203_cpu.u_e203_core.u_e203_ifu.u_e203_ifu_ifetch.ir_rs2idx_dfflr.qout_r[4]$_DFFE_PN0P_/Q	u_e203_cpu.u_e203_core.u_e203_ifu.u_e203_ifu_ift2icb.req_same_cross_holdup_dfflr.qout_r$_DFFE_PN0P_/D
586	-0.3981	u_eI_cpu.u_eJ_irq_sync.master_gen.u_dbg_irq_sync.sync_gen[K].i_is_not_L.sync_dffr.qout_r	cmt_dcause[I]	u_e203_cpu.u_e203_irq_sync.master_gen.u_dbg_irq_sync.sync_gen[1].i_is_not_0.sync_dffr.qout_r$_DFF_PN0_/Q	cmt_dcause[0]
587	-0.3973	u_eI_cpu.u_eJ_irq_sync.master_gen.u_ext_irq_sync.sync_gen[K].i_is_not_L.sync_dffr.qout_r	cmt_dpc_ena	u_e203_cpu.u_e203_irq_sync.master_gen.u_ext_irq_sync.sync_gen[1].i_is_not_0.sync_dffr.qout_r$_DFF_PN0_/Q	cmt_dpc_ena
588	-0.3957	u_eI_cpu.u_eJ_core.u_eK_ifu.u_eL_ifu_ifetch.ifu_lo_ir_dfflr.qout_r[M]	u_eI_cpu.u_eJ_core.u_eK_exu.u_eL_exu_csr.badaddr_dfflr.qout_r[M]	u_e203_cpu.u_e203_core.u_e203_ifu.u_e203_ifu_ifetch.ifu_lo_ir_dfflr.qout_r[11]$_DFFE_PN0P_/Q	u_e203_cpu.u_e203_core.u_e203_exu.u_e203_exu_csr.badaddr_dfflr.qout_r[6]$_DFFE_PN0P_/D
589	-0.3950	u_eI_cpu.u_eJ_itcm_ctrl.u_sram_icb_ctrl.u_sirv_Kcyc_sram_ctrl.u_eL_stage.dp_gt_M.dat_dfflr.qout_r[N]	core_wfi	u_e203_cpu.u_e203_itcm_ctrl.u_sram_icb_ctrl.u_sirv_1cyc_sram_ctrl.u_e1_stage.dp_gt_0.dat_dfflr.qout_r[1]$_DFFE_PP_/QN	core_wfi
590	-0.3946	u_eI_cpu.u_eJ_core.u_eK_ifu.u_eL_ifu_ifetch.ifu_hi_ir_dfflr.qout_r[M]	u_eI_cpu.u_eJ_core.u_eK_ifu.u_eL_ifu_iftMicb.u_eN_ifetch_rsp_bypbuf.u_bypbuf_fifo.dp_gtO.vec_P_dfflr.qout_r	u_e203_cpu.u_e203_core.u_e203_ifu.u_e203_ifu_ifetch.ifu_hi_ir_dfflr.qout_r[10]$_DFFE_PN0P_/Q	u_e203_cpu.u_e203_core.u_e203_ifu.u_e203_ifu_ift2icb.u_e203_ifetch_rsp_bypbuf.u_bypbuf_fifo.dp_gt0.vec_31_dfflr.qout_r$_DFFE_PN0P_/D
591	-0.3932	u_eI_cpu.u_eJ_core.u_eK_exu.u_eL_exu_csr.status_mie_dfflr.qout_r	cmt_dcause[I]	u_e203_cpu.u_e203_core.u_e203_exu.u_e203_exu_csr.status_mie_dfflr.qout_r$_DFFE_PN0P_/QN	cmt_dcause[0]
592	-0.3931	u_eI_cpu.u_eJ_core.u_eK_ifu.u_eL_ifu_ifetch.ir_rsMidx_dfflr.qout_r[N]	u_eI_cpu.u_eJ_core.u_eK_ifu.u_eL_ifu_iftMicb.u_eN_ifetch_rsp_bypbuf.u_bypbuf_fifo.dp_gtO.fifo_rf[P].fifo_rf_dffl.qout_r[Q]	u_e203_cpu.u_e203_core.u_e203_ifu.u_e203_ifu_ifetch.ir_rs2idx_dfflr.qout_r[4]$_DFFE_PN0P_/Q	u_e203_cpu.u_e203_core.u_e203_ifu.u_e203_ifu_ift2icb.u_e203_ifetch_rsp_bypbuf.u_bypbuf_fifo.dp_gt0.fifo_rf[0].fifo_rf_dffl.qout_r[10]$_DFFE_PP_/D
593	-0.3929	dbg_halt_r	u_eI_cpu.u_eJ_core.u_eK_exu.u_eL_exu_csr.itcmnohold_dfflr.qout_r[M]	dbg_halt_r	u_e203_cpu.u_e203_core.u_e203_exu.u_e203_exu_csr.itcmnohold_dfflr.qout_r[0]$_DFFE_PN0P_/D
594	-0.3929	dbg_halt_r	u_eI_cpu.u_eJ_core.u_eK_exu.u_eL_exu_csr.mdvnobMb_dfflr.qout_r[N]	dbg_halt_r	u_e203_cpu.u_e203_core.u_e203_exu.u_e203_exu_csr.mdvnob2b_dfflr.qout_r[0]$_DFFE_PN0P_/D
595	-0.3911	u_eI_cpu.u_eJ_core.u_eK_exu.u_eL_exu_alu.u_eM_exu_alu_muldiv.muldiv_state_dfflr.qout_r[N]	cmt_dpc_ena	u_e203_cpu.u_e203_core.u_e203_exu.u_e203_exu_alu.u_e203_exu_alu_muldiv.muldiv_state_dfflr.qout_r[0]$_DFFE_PN0P_/Q	cmt_dpc_ena
596	-0.3901	u_eI_cpu.u_eJ_core.u_eK_ifu.u_eL_ifu_ifetch.ir_rsMidx_dfflr.qout_r[N]	u_eI_cpu.u_eJ_core.u_eK_ifu.u_eL_ifu_iftMicb.icbNmem_dfflr.qout_r	u_e203_cpu.u_e203_core.u_e203_ifu.u_e203_ifu_ifetch.ir_rs2idx_dfflr.qout_r[4]$_DFFE_PN0P_/Q	u_e203_cpu.u_e203_core.u_e203_ifu.u_e203_ifu_ift2icb.icb2mem_dfflr.qout_r$_DFFE_PN0P_/D
597	-0.3898	u_eI_cpu.u_eJ_dtcm_ctrl.u_dtcm_icb_arbt.arbt_num_gt_K_gen.dp_L.u_sirv_gnrl_rspid_fifo.dp_gt_M.vld_dfflr.qout_r	cmt_dpc_ena	u_e203_cpu.u_e203_dtcm_ctrl.u_dtcm_icb_arbt.arbt_num_gt_1_gen.dp_1.u_sirv_gnrl_rspid_fifo.dp_gt_0.vld_dfflr.qout_r$_DFFE_PN0P_/Q	cmt_dpc_ena
598	-0.3895	u_eI_cpu.u_eJ_core.u_eK_biu.u_biu_icb_arbt.arbt_num_gt_L_gen.dp_M.u_sirv_gnrl_rspid_fifo.dp_gt_N.vld_dfflr.qout_r	cmt_dpc_ena	u_e203_cpu.u_e203_core.u_e203_biu.u_biu_icb_arbt.arbt_num_gt_1_gen.dp_1.u_sirv_gnrl_rspid_fifo.dp_gt_0.vld_dfflr.qout_r$_DFFE_PN0P_/Q	cmt_dpc_ena
599	-0.3893	u_eI_cpu.u_eJ_core.u_eK_lsu.u_eL_lsu_ctrl.u_lsu_icb_arbt.arbt_num_gt_M_gen.dp_N.u_sirv_gnrl_rspid_fifo.dp_gt_O.vld_dfflr.qout_r	cmt_dpc_ena	u_e203_cpu.u_e203_core.u_e203_lsu.u_e203_lsu_ctrl.u_lsu_icb_arbt.arbt_num_gt_1_gen.dp_1.u_sirv_gnrl_rspid_fifo.dp_gt_0.vld_dfflr.qout_r$_DFFE_PN0P_/Q	cmt_dpc_ena
600	-0.3890	u_eI_cpu.u_eJ_dtcm_ctrl.u_sram_icb_ctrl.u_sirv_Kcyc_sram_ctrl.u_eL_stage.dp_gt_M.vld_dfflr.qout_r	cmt_dpc_ena	u_e203_cpu.u_e203_dtcm_ctrl.u_sram_icb_ctrl.u_sirv_1cyc_sram_ctrl.u_e1_stage.dp_gt_0.vld_dfflr.qout_r$_DFFE_PN0P_/Q	cmt_dpc_ena
601	-0.3869	u_eI_cpu.u_eJ_core.u_eK_exu.u_eL_exu_commit.u_eM_exu_excp.step_req_dfflr.qout_r	cmt_dcause[I]	u_e203_cpu.u_e203_core.u_e203_exu.u_e203_exu_commit.u_e203_exu_excp.step_req_dfflr.qout_r$_DFFE_PN0P_/Q	cmt_dcause[0]
602	-0.3849	u_eI_cpu.u_eJ_itcm_ctrl.u_itcm_icb_arbt.arbt_num_gt_K_gen.dp_L.u_sirv_gnrl_rspid_fifo.dp_gt_M.dat_dfflr.qout_r	cmt_dcause_ena	u_e203_cpu.u_e203_itcm_ctrl.u_itcm_icb_arbt.arbt_num_gt_1_gen.dp_1.u_sirv_gnrl_rspid_fifo.dp_gt_0.dat_dfflr.qout_r$_DFFE_PP_/Q	cmt_dcause_ena
603	-0.3842	u_eI_cpu.u_eJ_core.u_eK_ifu.u_eL_ifu_ifetch.ifu_hi_ir_dfflr.qout_r[M]	u_eI_cpu.u_eJ_core.u_eK_exu.u_eL_exu_alu.u_eM_exu_alu_dpath.sbf_N_dffl.qout_r[O]	u_e203_cpu.u_e203_core.u_e203_ifu.u_e203_ifu_ifetch.ifu_hi_ir_dfflr.qout_r[10]$_DFFE_PN0P_/Q	u_e203_cpu.u_e203_core.u_e203_exu.u_e203_exu_alu.u_e203_exu_alu_dpath.sbf_1_dffl.qout_r[32]$_SDFFCE_PN0P_/D
604	-0.3835	u_eI_cpu.u_eJ_core.u_eK_ifu.u_eL_ifu_ifetch.ir_rsMidx_dfflr.qout_r[N]	u_eI_cpu.u_eJ_core.u_eK_ifu.u_eL_ifu_ifetch.pc_newpend_dfflr.qout_r	u_e203_cpu.u_e203_core.u_e203_ifu.u_e203_ifu_ifetch.ir_rs2idx_dfflr.qout_r[4]$_DFFE_PN0P_/Q	u_e203_cpu.u_e203_core.u_e203_ifu.u_e203_ifu_ifetch.pc_newpend_dfflr.qout_r$_DFFE_PN0P_/D
605	-0.3834	u_eI_cpu.u_eJ_core.u_eK_biu.u_sirv_gnrl_icb_buffer.u_sirv_gnrl_rsp_fifo.dp_gtL.vec_M_dfflr.qout_r	cmt_dpc_ena	u_e203_cpu.u_e203_core.u_e203_biu.u_sirv_gnrl_icb_buffer.u_sirv_gnrl_rsp_fifo.dp_gt0.vec_31_dfflr.qout_r$_DFFE_PN0P_/Q	cmt_dpc_ena
606	-0.3806	u_eI_cpu.u_eJ_core.u_eK_ifu.u_eL_ifu_ifetch.ifu_hi_ir_dfflr.qout_r[M]	u_eI_cpu.u_eJ_dtcm_ctrl.u_sram_icb_ctrl.u_byp_icb_cmd_buf.u_bypbuf_fifo.dp_gtK.vec_L_dfflrs.qout_r	u_e203_cpu.u_e203_core.u_e203_ifu.u_e203_ifu_ifetch.ifu_hi_ir_dfflr.qout_r[10]$_DFFE_PN0P_/Q	u_e203_cpu.u_e203_dtcm_ctrl.u_sram_icb_ctrl.u_byp_icb_cmd_buf.u_bypbuf_fifo.dp_gt0.vec_0_dfflrs.qout_r$_DFFE_PN1P_/D
607	-0.3806	u_eI_cpu.u_eJ_core.u_eK_lsu.u_eL_lsu_ctrl.u_lsu_icb_arbt.arbt_num_gt_M_gen.dp_N.u_sirv_gnrl_rspid_fifo.dp_gt_O.dat_dfflr.qout_r	cmt_dpc_ena	u_e203_cpu.u_e203_core.u_e203_lsu.u_e203_lsu_ctrl.u_lsu_icb_arbt.arbt_num_gt_1_gen.dp_1.u_sirv_gnrl_rspid_fifo.dp_gt_0.dat_dfflr.qout_r$_DFFE_PP_/Q	cmt_dpc_ena
608	-0.3803	u_eI_cpu.u_eJ_core.u_eK_ifu.u_eL_ifu_ifetch.ir_rsMidx_dfflr.qout_r[N]	u_eI_cpu.u_eJ_core.u_eK_ifu.u_eL_ifu_iftMicb.icbNitcm_dfflr.qout_r	u_e203_cpu.u_e203_core.u_e203_ifu.u_e203_ifu_ifetch.ir_rs2idx_dfflr.qout_r[4]$_DFFE_PN0P_/Q	u_e203_cpu.u_e203_core.u_e203_ifu.u_e203_ifu_ift2icb.icb2itcm_dfflr.qout_r$_DFFE_PN0P_/D
609	-0.3783	dbg_halt_r	u_eI_cpu.u_eJ_core.u_eK_exu.u_eL_exu_alu.u_eM_exu_nice.u_nice_itag_fifo.dp_gtN.wptr_vec_O_dfflrs.qout_r	dbg_halt_r	u_e203_cpu.u_e203_core.u_e203_exu.u_e203_exu_alu.u_e203_exu_nice.u_nice_itag_fifo.dp_gt0.wptr_vec_0_dfflrs.qout_r$_DFFE_PN1P_/D
610	-0.3781	u_eI_cpu.u_eJ_core.u_eK_ifu.u_eL_ifu_ifetch.ir_rsMidx_dfflr.qout_r[N]	u_eI_cpu.u_eJ_core.u_eK_ifu.u_eL_ifu_iftMicb.leftover_err_dfflr.qout_r	u_e203_cpu.u_e203_core.u_e203_ifu.u_e203_ifu_ifetch.ir_rs2idx_dfflr.qout_r[4]$_DFFE_PN0P_/Q	u_e203_cpu.u_e203_core.u_e203_ifu.u_e203_ifu_ift2icb.leftover_err_dfflr.qout_r$_DFFE_PN0P_/D
611	-0.3767	u_eI_cpu.u_eJ_core.u_eK_ifu.u_eL_ifu_ifetch.ifu_lo_ir_dfflr.qout_r[M]	u_eI_cpu.u_eJ_itcm_ctrl.u_itcm_icb_extKitcm_nLw.fifo_dp_M.u_sirv_gnrl_nNw_fifo.dp_gt_O.dat_dfflr.qout_r	u_e203_cpu.u_e203_core.u_e203_ifu.u_e203_ifu_ifetch.ifu_lo_ir_dfflr.qout_r[11]$_DFFE_PN0P_/Q	u_e203_cpu.u_e203_itcm_ctrl.u_itcm_icb_ext2itcm_n2w.fifo_dp_1.u_sirv_gnrl_n2w_fifo.dp_gt_0.dat_dfflr.qout_r$_DFFE_PP_/D
612	-0.3744	u_eI_cpu.u_eJ_core.u_eK_ifu.u_eL_ifu_ifetch.ir_rsMidx_dfflr.qout_r[N]	u_eI_cpu.u_eJ_core.u_eK_ifu.u_eL_ifu_ifetch.ifu_lo_ir_dfflr.qout_r[M]	u_e203_cpu.u_e203_core.u_e203_ifu.u_e203_ifu_ifetch.ir_rs2idx_dfflr.qout_r[4]$_DFFE_PN0P_/Q	u_e203_cpu.u_e203_core.u_e203_ifu.u_e203_ifu_ifetch.ifu_lo_ir_dfflr.qout_r[8]$_DFFE_PN0P_/D
613	-0.3744	u_eI_cpu.u_eJ_core.u_eK_ifu.u_eL_ifu_ifetch.ir_rsMidx_dfflr.qout_r[N]	u_eI_cpu.u_eJ_core.u_eK_ifu.u_eL_ifu_ifetch.ifu_err_dfflr.qout_r	u_e203_cpu.u_e203_core.u_e203_ifu.u_e203_ifu_ifetch.ir_rs2idx_dfflr.qout_r[4]$_DFFE_PN0P_/Q	u_e203_cpu.u_e203_core.u_e203_ifu.u_e203_ifu_ifetch.ifu_err_dfflr.qout_r$_DFFE_PN0P_/D
614	-0.3744	u_eI_cpu.u_eJ_core.u_eK_ifu.u_eL_ifu_ifetch.ir_rsMidx_dfflr.qout_r[N]	u_eI_cpu.u_eJ_core.u_eK_ifu.u_eL_ifu_ifetch.ifu_prdt_taken_dfflr.qout_r	u_e203_cpu.u_e203_core.u_e203_ifu.u_e203_ifu_ifetch.ir_rs2idx_dfflr.qout_r[4]$_DFFE_PN0P_/Q	u_e203_cpu.u_e203_core.u_e203_ifu.u_e203_ifu_ifetch.ifu_prdt_taken_dfflr.qout_r$_DFFE_PN0P_/D
615	-0.3738	u_eI_cpu.u_eJ_dtcm_ctrl.u_dtcm_icb_arbt.arbt_num_gt_K_gen.dp_L.u_sirv_gnrl_rspid_fifo.dp_gt_M.dat_dfflr.qout_r	cmt_dcause_ena	u_e203_cpu.u_e203_dtcm_ctrl.u_dtcm_icb_arbt.arbt_num_gt_1_gen.dp_1.u_sirv_gnrl_rspid_fifo.dp_gt_0.dat_dfflr.qout_r$_DFFE_PP_/Q	cmt_dcause_ena
616	-0.3737	u_eI_cpu.u_eJ_core.u_eK_ifu.u_eL_ifu_ifetch.ifu_hi_ir_dfflr.qout_r[M]	u_eI_cpu.u_eJ_core.u_eK_exu.u_eL_exu_regfile.regfile[M].rfnoN.rf_dffl.qout_r[O]	u_e203_cpu.u_e203_core.u_e203_ifu.u_e203_ifu_ifetch.ifu_hi_ir_dfflr.qout_r[10]$_DFFE_PN0P_/Q	u_e203_cpu.u_e203_core.u_e203_exu.u_e203_exu_regfile.regfile[8].rfno0.rf_dffl.qout_r[10]$_DFFE_PP_/D
617	-0.3730	u_eI_cpu.u_eJ_core.u_eK_ifu.u_eL_ifu_ifetch.ifu_lo_ir_dfflr.qout_r[M]	u_eI_cpu.u_eJ_dtcm_ctrl.u_sram_icb_ctrl.u_byp_icb_cmd_buf.u_bypbuf_fifo.dp_gtK.vec_L_dfflr.qout_r	u_e203_cpu.u_e203_core.u_e203_ifu.u_e203_ifu_ifetch.ifu_lo_ir_dfflr.qout_r[11]$_DFFE_PN0P_/Q	u_e203_cpu.u_e203_dtcm_ctrl.u_sram_icb_ctrl.u_byp_icb_cmd_buf.u_bypbuf_fifo.dp_gt0.vec_31_dfflr.qout_r$_DFFE_PN0P_/D
618	-0.3724	u_eI_cpu.u_eJ_core.u_eK_ifu.u_eL_ifu_ifetch.ir_rsMidx_dfflr.qout_r[N]	u_eI_cpu.u_eJ_core.u_eK_ifu.u_eL_ifu_iftMicb.icb_state_dfflr.qout_r[N]	u_e203_cpu.u_e203_core.u_e203_ifu.u_e203_ifu_ifetch.ir_rs2idx_dfflr.qout_r[4]$_DFFE_PN0P_/Q	u_e203_cpu.u_e203_core.u_e203_ifu.u_e203_ifu_ift2icb.icb_state_dfflr.qout_r[0]$_DFFE_PN0P_/D
619	-0.3710	u_eI_cpu.u_eJ_core.u_eK_ifu.u_eL_ifu_ifetch.ir_rsMidx_dfflr.qout_r[N]	u_eI_cpu.u_eJ_itcm_ctrl.u_sram_icb_ctrl.u_byp_icb_cmd_buf.u_bypbuf_fifo.dp_gtK.vec_L_dfflr.qout_r	u_e203_cpu.u_e203_core.u_e203_ifu.u_e203_ifu_ifetch.ir_rs2idx_dfflr.qout_r[4]$_DFFE_PN0P_/Q	u_e203_cpu.u_e203_itcm_ctrl.u_sram_icb_ctrl.u_byp_icb_cmd_buf.u_bypbuf_fifo.dp_gt0.vec_31_dfflr.qout_r$_DFFE_PN0P_/D
620	-0.3678	u_eI_cpu.u_eJ_itcm_ctrl.u_itcm_icb_arbt.arbt_num_gt_K_gen.dp_L.u_sirv_gnrl_rspid_fifo.dp_gt_M.dat_dfflr.qout_r	core_wfi	u_e203_cpu.u_e203_itcm_ctrl.u_itcm_icb_arbt.arbt_num_gt_1_gen.dp_1.u_sirv_gnrl_rspid_fifo.dp_gt_0.dat_dfflr.qout_r$_DFFE_PP_/Q	core_wfi
621	-0.3674	u_eI_cpu.u_eJ_core.u_eK_biu.u_biu_icb_arbt.arbt_num_gt_L_gen.dp_M.u_sirv_gnrl_rspid_fifo.dp_gt_N.dat_dfflr.qout_r	cmt_dcause_ena	u_e203_cpu.u_e203_core.u_e203_biu.u_biu_icb_arbt.arbt_num_gt_1_gen.dp_1.u_sirv_gnrl_rspid_fifo.dp_gt_0.dat_dfflr.qout_r$_DFFE_PP_/Q	cmt_dcause_ena
622	-0.3658	u_eI_cpu.u_eJ_core.u_eK_ifu.u_eL_ifu_ifetch.ir_rsMidx_dfflr.qout_r[N]	u_eI_srams.u_eJ_itcm_ram.u_eK_itcm_gnrl_ram.u_sirv_sim_ram.mem_r[L][M]	u_e203_cpu.u_e203_core.u_e203_ifu.u_e203_ifu_ifetch.ir_rs2idx_dfflr.qout_r[4]$_DFFE_PN0P_/Q	u_e203_srams.u_e203_itcm_ram.u_e203_itcm_gnrl_ram.u_sirv_sim_ram.mem_r[0][32]$_DFFE_PP_/D
623	-0.3655	u_eI_cpu.u_eJ_itcm_ctrl.u_sram_icb_ctrl.u_sirv_Kcyc_sram_ctrl.u_eL_stage.dp_gt_M.dat_dfflr.qout_r[N]	cmt_dpc_ena	u_e203_cpu.u_e203_itcm_ctrl.u_sram_icb_ctrl.u_sirv_1cyc_sram_ctrl.u_e1_stage.dp_gt_0.dat_dfflr.qout_r[1]$_DFFE_PP_/QN	cmt_dpc_ena
624	-0.3645	dbg_halt_r	u_eI_cpu.u_eJ_core.u_eK_exu.u_eL_exu_alu.u_eM_exu_alu_muldiv.flushed_dfflr.qout_r	dbg_halt_r	u_e203_cpu.u_e203_core.u_e203_exu.u_e203_exu_alu.u_e203_exu_alu_muldiv.flushed_dfflr.qout_r$_DFFE_PN0P_/D
625	-0.3644	u_eI_cpu.u_eJ_core.u_eK_ifu.u_eL_ifu_ifetch.ir_rsMidx_dfflr.qout_r[N]	u_eI_cpu.u_eJ_core.u_eK_biu.u_biu_icb_arbt.arbt_num_gt_L_gen.dp_M.u_sirv_gnrl_rspid_fifo.dp_gt_N.vld_dfflr.qout_r	u_e203_cpu.u_e203_core.u_e203_ifu.u_e203_ifu_ifetch.ir_rs2idx_dfflr.qout_r[4]$_DFFE_PN0P_/Q	u_e203_cpu.u_e203_core.u_e203_biu.u_biu_icb_arbt.arbt_num_gt_1_gen.dp_1.u_sirv_gnrl_rspid_fifo.dp_gt_0.vld_dfflr.qout_r$_DFFE_PN0P_/D
626	-0.3632	u_eI_cpu.u_eJ_core.u_eK_exu.u_eL_exu_alu.u_eM_exu_alu_muldiv.exec_cnt_dfflr.qout_r[N]	cmt_dcause[I]	u_e203_cpu.u_e203_core.u_e203_exu.u_e203_exu_alu.u_e203_exu_alu_muldiv.exec_cnt_dfflr.qout_r[2]$_DFFE_PN0P_/Q	cmt_dcause[0]
627	-0.3588	u_eI_cpu.u_eJ_core.u_eK_ifu.u_eL_ifu_ifetch.ir_rsMidx_dfflr.qout_r[N]	u_eI_cpu.u_eJ_core.u_eK_ifu.u_eL_ifu_ifetch.out_flag_dfflr.qout_r	u_e203_cpu.u_e203_core.u_e203_ifu.u_e203_ifu_ifetch.ir_rs2idx_dfflr.qout_r[4]$_DFFE_PN0P_/Q	u_e203_cpu.u_e203_core.u_e203_ifu.u_e203_ifu_ifetch.out_flag_dfflr.qout_r$_DFFE_PN0P_/D
628	-0.3584	u_eI_cpu.u_eJ_core.u_eK_ifu.u_eL_ifu_ifetch.ifu_lo_ir_dfflr.qout_r[M]	u_eI_cpu.u_eJ_core.u_eK_lsu.u_eL_lsu_ctrl.u_eM_lsu_splt_stage.dp_gt_N.dat_dfflr.qout_r[O]	u_e203_cpu.u_e203_core.u_e203_ifu.u_e203_ifu_ifetch.ifu_lo_ir_dfflr.qout_r[11]$_DFFE_PN0P_/Q	u_e203_cpu.u_e203_core.u_e203_lsu.u_e203_lsu_ctrl.u_e203_lsu_splt_stage.dp_gt_0.dat_dfflr.qout_r[43]$_DFFE_PP_/D
629	-0.3568	u_eI_cpu.u_eJ_core.u_eK_ifu.u_eL_ifu_ifetch.ir_rsMidx_dfflr.qout_r[N]	u_eI_srams.u_eJ_dtcm_ram.u_eK_dtcm_gnrl_ram.u_sirv_sim_ram.mem_r[L][M]	u_e203_cpu.u_e203_core.u_e203_ifu.u_e203_ifu_ifetch.ir_rs2idx_dfflr.qout_r[4]$_DFFE_PN0P_/Q	u_e203_srams.u_e203_dtcm_ram.u_e203_dtcm_gnrl_ram.u_sirv_sim_ram.mem_r[0][0]$_DFFE_PP_/D
630	-0.3567	u_eI_cpu.u_eJ_dtcm_ctrl.u_dtcm_icb_arbt.arbt_num_gt_K_gen.dp_L.u_sirv_gnrl_rspid_fifo.dp_gt_M.dat_dfflr.qout_r	core_wfi	u_e203_cpu.u_e203_dtcm_ctrl.u_dtcm_icb_arbt.arbt_num_gt_1_gen.dp_1.u_sirv_gnrl_rspid_fifo.dp_gt_0.dat_dfflr.qout_r$_DFFE_PP_/Q	core_wfi
631	-0.3561	u_eI_cpu.u_eJ_irq_sync.master_gen.u_dbg_irq_sync.sync_gen[K].i_is_not_L.sync_dffr.qout_r	cmt_dcause_ena	u_e203_cpu.u_e203_irq_sync.master_gen.u_dbg_irq_sync.sync_gen[1].i_is_not_0.sync_dffr.qout_r$_DFF_PN0_/Q	cmt_dcause_ena
632	-0.3550	u_eI_cpu.u_eJ_core.u_eK_ifu.u_eL_ifu_ifetch.ir_rsMidx_dfflr.qout_r[N]	u_eI_cpu.u_eJ_core.u_eK_ifu.u_eL_ifu_ifetch.reset_req_dfflr.qout_r	u_e203_cpu.u_e203_core.u_e203_ifu.u_e203_ifu_ifetch.ir_rs2idx_dfflr.qout_r[4]$_DFFE_PN0P_/Q	u_e203_cpu.u_e203_core.u_e203_ifu.u_e203_ifu_ifetch.reset_req_dfflr.qout_r$_DFFE_PN0P_/D
633	-0.3522	u_eI_cpu.u_eJ_core.u_eK_ifu.u_eL_ifu_ifetch.ifu_hi_ir_dfflr.qout_r[M]	u_eI_cpu.u_eJ_core.u_eK_exu.u_eL_exu_csr.badaddr_dfflr.qout_r[M]	u_e203_cpu.u_e203_core.u_e203_ifu.u_e203_ifu_ifetch.ifu_hi_ir_dfflr.qout_r[10]$_DFFE_PN0P_/Q	u_e203_cpu.u_e203_core.u_e203_exu.u_e203_exu_csr.badaddr_dfflr.qout_r[6]$_DFFE_PN0P_/D
634	-0.3511	u_eI_cpu.u_eJ_core.u_eK_ifu.u_eL_ifu_ifetch.ir_rsMidx_dfflr.qout_r[N]	u_eI_cpu.u_eJ_core.u_eK_ifu.u_eL_ifu_ifetch.dly_flush_dfflr.qout_r	u_e203_cpu.u_e203_core.u_e203_ifu.u_e203_ifu_ifetch.ir_rs2idx_dfflr.qout_r[4]$_DFFE_PN0P_/Q	u_e203_cpu.u_e203_core.u_e203_ifu.u_e203_ifu_ifetch.dly_flush_dfflr.qout_r$_DFFE_PN0P_/D
635	-0.3503	u_eI_cpu.u_eJ_core.u_eK_biu.u_biu_icb_arbt.arbt_num_gt_L_gen.dp_M.u_sirv_gnrl_rspid_fifo.dp_gt_N.dat_dfflr.qout_r	core_wfi	u_e203_cpu.u_e203_core.u_e203_biu.u_biu_icb_arbt.arbt_num_gt_1_gen.dp_1.u_sirv_gnrl_rspid_fifo.dp_gt_0.dat_dfflr.qout_r$_DFFE_PP_/Q	core_wfi
636	-0.3494	u_eI_cpu.u_eJ_core.u_eK_ifu.u_eL_ifu_ifetch.ir_rsMidx_dfflr.qout_r[N]	u_eI_cpu.u_eJ_core.u_eK_exu.u_eL_exu_csr.minstreth_dfflr.qout_r[M]	u_e203_cpu.u_e203_core.u_e203_ifu.u_e203_ifu_ifetch.ir_rs2idx_dfflr.qout_r[4]$_DFFE_PN0P_/Q	u_e203_cpu.u_e203_core.u_e203_exu.u_e203_exu_csr.minstreth_dfflr.qout_r[29]$_DFFE_PN0P_/D
637	-0.3490	u_eI_cpu.u_eJ_core.u_eK_ifu.u_eL_ifu_ifetch.ifu_lo_ir_dfflr.qout_r[M]	u_eI_cpu.u_eJ_core.u_eK_lsu.u_eL_lsu_ctrl.excl_flg_dffl.qout_r	u_e203_cpu.u_e203_core.u_e203_ifu.u_e203_ifu_ifetch.ifu_lo_ir_dfflr.qout_r[11]$_DFFE_PN0P_/Q	u_e203_cpu.u_e203_core.u_e203_lsu.u_e203_lsu_ctrl.excl_flg_dffl.qout_r$_DFFE_PN0P_/D
638	-0.3484	u_eI_cpu.u_eJ_core.u_eK_exu.u_eL_exu_csr.status_mie_dfflr.qout_r	cmt_dcause_ena	u_e203_cpu.u_e203_core.u_e203_exu.u_e203_exu_csr.status_mie_dfflr.qout_r$_DFFE_PN0P_/QN	cmt_dcause_ena
639	-0.3463	u_eI_cpu.u_eJ_core.u_eK_ifu.u_eL_ifu_ifetch.ir_rsMidx_dfflr.qout_r[N]	u_eI_cpu.u_eJ_itcm_ctrl.u_sram_icb_ctrl.u_sirv_Kcyc_sram_ctrl.u_eL_stage.dp_gt_M.dat_dfflr.qout_r[N]	u_e203_cpu.u_e203_core.u_e203_ifu.u_e203_ifu_ifetch.ir_rs2idx_dfflr.qout_r[4]$_DFFE_PN0P_/Q	u_e203_cpu.u_e203_itcm_ctrl.u_sram_icb_ctrl.u_sirv_1cyc_sram_ctrl.u_e1_stage.dp_gt_0.dat_dfflr.qout_r[1]$_DFFE_PP_/D
640	-0.3463	u_eI_cpu.u_eJ_core.u_eK_ifu.u_eL_ifu_ifetch.ifu_pc_dfflr.qout_r[M]	extIdtcm_icb_cmd_ready	u_e203_cpu.u_e203_core.u_e203_ifu.u_e203_ifu_ifetch.ifu_pc_dfflr.qout_r[1]$_DFFE_PN0P_/Q	ext2dtcm_icb_cmd_ready
641	-0.3459	u_eI_cpu.u_eJ_core.u_eK_biu.u_sirv_gnrl_icb_buffer.u_sirv_gnrl_rsp_fifo.dp_gtL.fifo_rf[M].fifo_rf_dffl.qout_r[N]	cmt_dcause[I]	u_e203_cpu.u_e203_core.u_e203_biu.u_sirv_gnrl_icb_buffer.u_sirv_gnrl_rsp_fifo.dp_gt0.fifo_rf[0].fifo_rf_dffl.qout_r[34]$_DFFE_PP_/Q	cmt_dcause[0]
642	-0.3449	u_eI_cpu.u_eJ_core.u_eK_exu.u_eL_exu_commit.u_eM_exu_excp.step_req_dfflr.qout_r	cmt_dcause_ena	u_e203_cpu.u_e203_core.u_e203_exu.u_e203_exu_commit.u_e203_exu_excp.step_req_dfflr.qout_r$_DFFE_PN0P_/Q	cmt_dcause_ena
643	-0.3439	u_eI_cpu.u_eJ_core.u_eK_ifu.u_eL_ifu_ifetch.ifu_prdt_taken_dfflr.qout_r	cmt_dcause[I]	u_e203_cpu.u_e203_core.u_e203_ifu.u_e203_ifu_ifetch.ifu_prdt_taken_dfflr.qout_r$_DFFE_PN0P_/Q	cmt_dcause[0]
644	-0.3439	u_eI_cpu.u_eJ_core.u_eK_ifu.u_eL_ifu_ifetch.ifu_lo_ir_dfflr.qout_r[M]	u_eI_cpu.u_eJ_core.u_eK_exu.u_eL_exu_csr.epc_dfflr.qout_r[M]	u_e203_cpu.u_e203_core.u_e203_ifu.u_e203_ifu_ifetch.ifu_lo_ir_dfflr.qout_r[11]$_DFFE_PN0P_/Q	u_e203_cpu.u_e203_core.u_e203_exu.u_e203_exu_csr.epc_dfflr.qout_r[24]$_DFFE_PN0P_/D
645	-0.3384	u_eI_cpu.u_eJ_itcm_ctrl.u_itcm_icb_arbt.arbt_num_gt_K_gen.dp_L.u_sirv_gnrl_rspid_fifo.dp_gt_M.dat_dfflr.qout_r	cmt_dpc_ena	u_e203_cpu.u_e203_itcm_ctrl.u_itcm_icb_arbt.arbt_num_gt_1_gen.dp_1.u_sirv_gnrl_rspid_fifo.dp_gt_0.dat_dfflr.qout_r$_DFFE_PP_/Q	cmt_dpc_ena
646	-0.3374	u_eI_cpu.u_eJ_core.u_eK_ifu.u_eL_ifu_ifetch.ifu_lo_ir_dfflr.qout_r[M]	u_eI_cpu.u_eJ_itcm_ctrl.u_itcm_icb_extKitcm_nLw.fifo_dp_M.u_sirv_gnrl_nNw_fifo.dp_gt_O.vld_dfflr.qout_r	u_e203_cpu.u_e203_core.u_e203_ifu.u_e203_ifu_ifetch.ifu_lo_ir_dfflr.qout_r[11]$_DFFE_PN0P_/Q	u_e203_cpu.u_e203_itcm_ctrl.u_itcm_icb_ext2itcm_n2w.fifo_dp_1.u_sirv_gnrl_n2w_fifo.dp_gt_0.vld_dfflr.qout_r$_DFFE_PN0P_/D
647	-0.3361	dbg_halt_r	u_eI_cpu.u_eJ_core.u_eK_exu.u_eL_exu_commit.u_eM_exu_excp.wfi_halt_req_dfflr.qout_r	dbg_halt_r	u_e203_cpu.u_e203_core.u_e203_exu.u_e203_exu_commit.u_e203_exu_excp.wfi_halt_req_dfflr.qout_r$_DFFE_PN0P_/D
648	-0.3357	u_eI_cpu.u_eJ_core.u_eK_ifu.u_eL_ifu_ifetch.ir_rsMidx_dfflr.qout_r[N]	u_eI_cpu.u_eJ_core.u_eK_ifu.u_eL_ifu_ifetch.ir_valid_dfflr.qout_r	u_e203_cpu.u_e203_core.u_e203_ifu.u_e203_ifu_ifetch.ir_rs2idx_dfflr.qout_r[4]$_DFFE_PN0P_/Q	u_e203_cpu.u_e203_core.u_e203_ifu.u_e203_ifu_ifetch.ir_valid_dfflr.qout_r$_DFFE_PN0P_/D
649	-0.3352	u_eI_cpu.u_eJ_core.u_eK_ifu.u_eL_ifu_ifetch.ir_rsMidx_dfflr.qout_r[N]	u_eI_cpu.u_eJ_core.u_eK_ifu.u_eL_ifu_ifetch.ir_muldiv_bMb_dfflr.qout_r	u_e203_cpu.u_e203_core.u_e203_ifu.u_e203_ifu_ifetch.ir_rs2idx_dfflr.qout_r[4]$_DFFE_PN0P_/Q	u_e203_cpu.u_e203_core.u_e203_ifu.u_e203_ifu_ifetch.ir_muldiv_b2b_dfflr.qout_r$_DFFE_PN0P_/D
650	-0.3337	u_eI_cpu.u_eJ_core.u_eK_ifu.u_eL_ifu_ifetch.ifu_lo_ir_dfflr.qout_r[M]	u_eI_cpu.u_eJ_core.u_eK_ifu.u_eL_ifu_ifetch.ifu_pc_dfflr.qout_r[M]	u_e203_cpu.u_e203_core.u_e203_ifu.u_e203_ifu_ifetch.ifu_lo_ir_dfflr.qout_r[11]$_DFFE_PN0P_/Q	u_e203_cpu.u_e203_core.u_e203_ifu.u_e203_ifu_ifetch.ifu_pc_dfflr.qout_r[10]$_DFFE_PN0P_/D
651	-0.3335	u_eI_cpu.u_eJ_core.u_eK_ifu.u_eL_ifu_ifetch.ir_rsMidx_dfflr.qout_r[N]	u_eI_cpu.u_eJ_core.u_eK_exu.u_eL_exu_csr.minstret_dfflr.qout_r[M]	u_e203_cpu.u_e203_core.u_e203_ifu.u_e203_ifu_ifetch.ir_rs2idx_dfflr.qout_r[4]$_DFFE_PN0P_/Q	u_e203_cpu.u_e203_core.u_e203_exu.u_e203_exu_csr.minstret_dfflr.qout_r[29]$_DFFE_PN0P_/D
652	-0.3333	u_eI_cpu.u_eJ_core.u_eK_ifu.u_eL_ifu_ifetch.ir_rsMidx_dfflr.qout_r[N]	u_eI_cpu.u_eJ_itcm_ctrl.u_sram_icb_ctrl.u_byp_icb_cmd_buf.u_bypbuf_fifo.dp_gtK.vec_L_dfflrs.qout_r	u_e203_cpu.u_e203_core.u_e203_ifu.u_e203_ifu_ifetch.ir_rs2idx_dfflr.qout_r[4]$_DFFE_PN0P_/Q	u_e203_cpu.u_e203_itcm_ctrl.u_sram_icb_ctrl.u_byp_icb_cmd_buf.u_bypbuf_fifo.dp_gt0.vec_0_dfflrs.qout_r$_DFFE_PN1P_/D
653	-0.3332	u_eI_cpu.u_eJ_core.u_eK_ifu.u_eL_ifu_ifetch.ifu_hi_ir_dfflr.qout_r[M]	u_eI_cpu.u_eJ_itcm_ctrl.u_itcm_icb_extKitcm_nLw.fifo_dp_M.u_sirv_gnrl_nNw_fifo.dp_gt_O.dat_dfflr.qout_r	u_e203_cpu.u_e203_core.u_e203_ifu.u_e203_ifu_ifetch.ifu_hi_ir_dfflr.qout_r[10]$_DFFE_PN0P_/Q	u_e203_cpu.u_e203_itcm_ctrl.u_itcm_icb_ext2itcm_n2w.fifo_dp_1.u_sirv_gnrl_n2w_fifo.dp_gt_0.dat_dfflr.qout_r$_DFFE_PP_/D
654	-0.3330	u_eI_cpu.u_eJ_core.u_eK_ifu.u_eL_ifu_ifetch.ir_rsMidx_dfflr.qout_r[N]	u_eI_cpu.u_eJ_itcm_ctrl.ifu_holdup_dffl.qout_r	u_e203_cpu.u_e203_core.u_e203_ifu.u_e203_ifu_ifetch.ir_rs2idx_dfflr.qout_r[4]$_DFFE_PN0P_/Q	u_e203_cpu.u_e203_itcm_ctrl.ifu_holdup_dffl.qout_r$_DFFE_PN0P_/D
655	-0.3320	u_eI_cpu.u_eJ_core.u_eK_ifu.u_eL_ifu_ifetch.ifu_lo_ir_dfflr.qout_r[M]	u_eI_cpu.u_eJ_core.u_eK_exu.u_eL_exu_oitf.oitf_entries[M].pc_dfflrs.qout_r[N]	u_e203_cpu.u_e203_core.u_e203_ifu.u_e203_ifu_ifetch.ifu_lo_ir_dfflr.qout_r[11]$_DFFE_PN0P_/Q	u_e203_cpu.u_e203_core.u_e203_exu.u_e203_exu_oitf.oitf_entries[0].pc_dfflrs.qout_r[1]$_DFFE_PP_/D
656	-0.3320	u_eI_cpu.u_eJ_core.u_eK_ifu.u_eL_ifu_ifetch.ifu_lo_ir_dfflr.qout_r[M]	u_eI_cpu.u_eJ_core.u_eK_exu.u_eL_exu_oitf.oitf_entries[M].rdidx_dfflrs.qout_r[N]	u_e203_cpu.u_e203_core.u_e203_ifu.u_e203_ifu_ifetch.ifu_lo_ir_dfflr.qout_r[11]$_DFFE_PN0P_/Q	u_e203_cpu.u_e203_core.u_e203_exu.u_e203_exu_oitf.oitf_entries[0].rdidx_dfflrs.qout_r[4]$_DFFE_PP_/D
657	-0.3320	u_eI_cpu.u_eJ_core.u_eK_ifu.u_eL_ifu_ifetch.ifu_lo_ir_dfflr.qout_r[M]	u_eI_cpu.u_eJ_core.u_eK_exu.u_eL_exu_oitf.oitf_entries[M].rdwen_dfflrs.qout_r	u_e203_cpu.u_e203_core.u_e203_ifu.u_e203_ifu_ifetch.ifu_lo_ir_dfflr.qout_r[11]$_DFFE_PN0P_/Q	u_e203_cpu.u_e203_core.u_e203_exu.u_e203_exu_oitf.oitf_entries[0].rdwen_dfflrs.qout_r$_DFFE_PP_/D
658	-0.3313	u_eI_cpu.u_eJ_core.u_eK_exu.u_eL_exu_csr.status_mie_dfflr.qout_r	core_wfi	u_e203_cpu.u_e203_core.u_e203_exu.u_e203_exu_csr.status_mie_dfflr.qout_r$_DFFE_PN0P_/QN	core_wfi
659	-0.3311	u_eI_cpu.u_eJ_core.u_eK_ifu.u_eL_ifu_ifetch.ir_rsMidx_dfflr.qout_r[N]	u_eI_cpu.u_eJ_core.u_eK_exu.u_eL_exu_alu.u_eM_exu_alu_dpath.sbf_N_dffl.qout_r[O]	u_e203_cpu.u_e203_core.u_e203_ifu.u_e203_ifu_ifetch.ir_rs2idx_dfflr.qout_r[4]$_DFFE_PN0P_/Q	u_e203_cpu.u_e203_core.u_e203_exu.u_e203_exu_alu.u_e203_exu_alu_dpath.sbf_0_dffl.qout_r[7]$_DFFE_PP_/D
660	-0.3305	dbg_halt_r	u_eI_cpu.u_eJ_core.u_eK_exu.u_eL_exu_commit.u_eM_exu_excp.step_req_dfflr.qout_r	dbg_halt_r	u_e203_cpu.u_e203_core.u_e203_exu.u_e203_exu_commit.u_e203_exu_excp.step_req_dfflr.qout_r$_DFFE_PN0P_/D
661	-0.3303	u_eI_cpu.u_eJ_irq_sync.master_gen.u_dbg_irq_sync.sync_gen[K].i_is_not_L.sync_dffr.qout_r	core_wfi	u_e203_cpu.u_e203_irq_sync.master_gen.u_dbg_irq_sync.sync_gen[1].i_is_not_0.sync_dffr.qout_r$_DFF_PN0_/Q	core_wfi
662	-0.3295	u_eI_cpu.u_eJ_core.u_eK_ifu.u_eL_ifu_ifetch.ifu_hi_ir_dfflr.qout_r[M]	u_eI_cpu.u_eJ_dtcm_ctrl.u_sram_icb_ctrl.u_byp_icb_cmd_buf.u_bypbuf_fifo.dp_gtK.vec_L_dfflr.qout_r	u_e203_cpu.u_e203_core.u_e203_ifu.u_e203_ifu_ifetch.ifu_hi_ir_dfflr.qout_r[10]$_DFFE_PN0P_/Q	u_e203_cpu.u_e203_dtcm_ctrl.u_sram_icb_ctrl.u_byp_icb_cmd_buf.u_bypbuf_fifo.dp_gt0.vec_31_dfflr.qout_r$_DFFE_PN0P_/D
663	-0.3291	u_eI_cpu.u_eJ_core.u_eK_ifu.u_eL_ifu_ifetch.ifu_lo_ir_dfflr.qout_r[M]	u_eI_cpu.u_eJ_dtcm_ctrl.u_sram_icb_ctrl.u_sirv_Kcyc_sram_ctrl.u_eL_stage.dp_gt_M.vld_dfflr.qout_r	u_e203_cpu.u_e203_core.u_e203_ifu.u_e203_ifu_ifetch.ifu_lo_ir_dfflr.qout_r[11]$_DFFE_PN0P_/Q	u_e203_cpu.u_e203_dtcm_ctrl.u_sram_icb_ctrl.u_sirv_1cyc_sram_ctrl.u_e1_stage.dp_gt_0.vld_dfflr.qout_r$_DFFE_PN0P_/D
664	-0.3277	u_eI_cpu.u_eJ_core.u_eK_ifu.u_eL_ifu_ifetch.ifu_lo_ir_dfflr.qout_r[M]	u_eI_cpu.u_eJ_core.u_eK_exu.u_eL_exu_csr.mcycle_dfflr.qout_r[M]	u_e203_cpu.u_e203_core.u_e203_ifu.u_e203_ifu_ifetch.ifu_lo_ir_dfflr.qout_r[11]$_DFFE_PN0P_/Q	u_e203_cpu.u_e203_core.u_e203_exu.u_e203_exu_csr.mcycle_dfflr.qout_r[5]$_DFFE_PN0P_/D
665	-0.3272	u_eI_cpu.u_eJ_dtcm_ctrl.u_dtcm_icb_arbt.arbt_num_gt_K_gen.dp_L.u_sirv_gnrl_rspid_fifo.dp_gt_M.dat_dfflr.qout_r	cmt_dpc_ena	u_e203_cpu.u_e203_dtcm_ctrl.u_dtcm_icb_arbt.arbt_num_gt_1_gen.dp_1.u_sirv_gnrl_rspid_fifo.dp_gt_0.dat_dfflr.qout_r$_DFFE_PP_/Q	cmt_dpc_ena
666	-0.3257	u_eI_cpu.u_eJ_core.u_eK_ifu.u_eL_ifu_ifetch.ifu_pc_dfflr.qout_r[M]	extIitcm_icb_cmd_ready	u_e203_cpu.u_e203_core.u_e203_ifu.u_e203_ifu_ifetch.ifu_pc_dfflr.qout_r[1]$_DFFE_PN0P_/Q	ext2itcm_icb_cmd_ready
667	-0.3243	u_eI_cpu.u_eJ_core.u_eK_ifu.u_eL_ifu_ifetch.ir_rsMidx_dfflr.qout_r[N]	u_eI_cpu.u_eJ_itcm_ctrl.u_sram_icb_ctrl.u_sirv_Kcyc_sram_ctrl.u_eL_stage.dp_gt_M.vld_dfflr.qout_r	u_e203_cpu.u_e203_core.u_e203_ifu.u_e203_ifu_ifetch.ir_rs2idx_dfflr.qout_r[4]$_DFFE_PN0P_/Q	u_e203_cpu.u_e203_itcm_ctrl.u_sram_icb_ctrl.u_sirv_1cyc_sram_ctrl.u_e1_stage.dp_gt_0.vld_dfflr.qout_r$_DFFE_PN0P_/D
668	-0.3235	u_eI_cpu.u_eJ_core.u_eK_exu.u_eL_exu_commit.u_eM_exu_excp.step_req_dfflr.qout_r	core_wfi	u_e203_cpu.u_e203_core.u_e203_exu.u_e203_exu_commit.u_e203_exu_excp.step_req_dfflr.qout_r$_DFFE_PN0P_/Q	core_wfi
669	-0.3208	u_eI_cpu.u_eJ_core.u_eK_biu.u_biu_icb_arbt.arbt_num_gt_L_gen.dp_M.u_sirv_gnrl_rspid_fifo.dp_gt_N.dat_dfflr.qout_r	cmt_dpc_ena	u_e203_cpu.u_e203_core.u_e203_biu.u_biu_icb_arbt.arbt_num_gt_1_gen.dp_1.u_sirv_gnrl_rspid_fifo.dp_gt_0.dat_dfflr.qout_r$_DFFE_PP_/Q	cmt_dpc_ena
670	-0.3184	u_eI_cpu.u_eJ_core.u_eK_exu.u_eL_exu_alu.u_eM_exu_alu_muldiv.exec_cnt_dfflr.qout_r[N]	cmt_dcause_ena	u_e203_cpu.u_e203_core.u_e203_exu.u_e203_exu_alu.u_e203_exu_alu_muldiv.exec_cnt_dfflr.qout_r[2]$_DFFE_PN0P_/Q	cmt_dcause_ena
671	-0.3182	u_eI_cpu.u_eJ_core.u_eK_ifu.u_eL_ifu_ifetch.ifu_lo_ir_dfflr.qout_r[M]	u_eI_cpu.u_eJ_core.u_eK_exu.u_eL_exu_csr.mtvec_dfflr.qout_r[M]	u_e203_cpu.u_e203_core.u_e203_ifu.u_e203_ifu_ifetch.ifu_lo_ir_dfflr.qout_r[11]$_DFFE_PN0P_/Q	u_e203_cpu.u_e203_core.u_e203_exu.u_e203_exu_csr.mtvec_dfflr.qout_r[5]$_DFFE_PN0P_/D
672	-0.3174	u_eI_cpu.u_eJ_core.u_eK_ifu.u_eL_ifu_ifetch.ir_rsMidx_dfflr.qout_r[N]	u_eI_cpu.u_eJ_dtcm_ctrl.u_sram_icb_ctrl.u_byp_icb_cmd_buf.u_bypbuf_fifo.dp_gtK.fifo_rf[L].fifo_rf_dffl.qout_r[M]	u_e203_cpu.u_e203_core.u_e203_ifu.u_e203_ifu_ifetch.ir_rs2idx_dfflr.qout_r[4]$_DFFE_PN0P_/Q	u_e203_cpu.u_e203_dtcm_ctrl.u_sram_icb_ctrl.u_byp_icb_cmd_buf.u_bypbuf_fifo.dp_gt0.fifo_rf[0].fifo_rf_dffl.qout_r[10]$_DFFE_PP_/D
673	-0.3149	u_eI_cpu.u_eJ_core.u_eK_ifu.u_eL_ifu_ifetch.ifu_hi_ir_dfflr.qout_r[M]	u_eI_cpu.u_eJ_core.u_eK_lsu.u_eL_lsu_ctrl.u_eM_lsu_splt_stage.dp_gt_N.dat_dfflr.qout_r[O]	u_e203_cpu.u_e203_core.u_e203_ifu.u_e203_ifu_ifetch.ifu_hi_ir_dfflr.qout_r[10]$_DFFE_PN0P_/Q	u_e203_cpu.u_e203_core.u_e203_lsu.u_e203_lsu_ctrl.u_e203_lsu_splt_stage.dp_gt_0.dat_dfflr.qout_r[43]$_DFFE_PP_/D
674	-0.3132	u_eI_cpu.u_eJ_core.u_eK_ifu.u_eL_ifu_ifetch.ifu_lo_ir_dfflr.qout_r[M]	u_eI_cpu.u_eJ_dtcm_ctrl.u_dtcm_icb_arbt.arbt_num_gt_K_gen.dp_L.u_sirv_gnrl_rspid_fifo.dp_gt_M.dat_dfflr.qout_r	u_e203_cpu.u_e203_core.u_e203_ifu.u_e203_ifu_ifetch.ifu_lo_ir_dfflr.qout_r[11]$_DFFE_PN0P_/Q	u_e203_cpu.u_e203_dtcm_ctrl.u_dtcm_icb_arbt.arbt_num_gt_1_gen.dp_1.u_sirv_gnrl_rspid_fifo.dp_gt_0.dat_dfflr.qout_r$_DFFE_PP_/D
675	-0.3122	u_eI_cpu.u_eJ_core.u_eK_ifu.u_eL_ifu_ifetch.ifu_err_dfflr.qout_r	u_eI_cpu.u_eJ_itcm_ctrl.u_sram_icb_ctrl.u_byp_icb_cmd_buf.u_bypbuf_fifo.dp_gtK.fifo_rf[L].fifo_rf_dffl.qout_r[M]	u_e203_cpu.u_e203_core.u_e203_ifu.u_e203_ifu_ifetch.ifu_err_dfflr.qout_r$_DFFE_PN0P_/Q	u_e203_cpu.u_e203_itcm_ctrl.u_sram_icb_ctrl.u_byp_icb_cmd_buf.u_bypbuf_fifo.dp_gt0.fifo_rf[0].fifo_rf_dffl.qout_r[42]$_DFFE_PP_/D
676	-0.3093	u_eI_cpu.u_eJ_core.u_eK_ifu.u_eL_ifu_ifetch.ifu_lo_ir_dfflr.qout_r[M]	u_eI_cpu.u_eJ_core.u_eK_exu.u_eL_exu_csr.cause_dfflr.qout_r[M]	u_e203_cpu.u_e203_core.u_e203_ifu.u_e203_ifu_ifetch.ifu_lo_ir_dfflr.qout_r[11]$_DFFE_PN0P_/Q	u_e203_cpu.u_e203_core.u_e203_exu.u_e203_exu_csr.cause_dfflr.qout_r[2]$_DFFE_PN0P_/D
677	-0.3091	u_eI_cpu.u_eJ_core.u_eK_ifu.u_eL_ifu_ifetch.ir_muldiv_bMb_dfflr.qout_r	cmt_dcause[I]	u_e203_cpu.u_e203_core.u_e203_ifu.u_e203_ifu_ifetch.ir_muldiv_b2b_dfflr.qout_r$_DFFE_PN0P_/Q	cmt_dcause[0]
678	-0.3067	u_eI_cpu.u_eJ_core.u_eK_ifu.u_eL_ifu_ifetch.ifu_lo_ir_dfflr.qout_r[M]	u_eI_cpu.u_eJ_core.u_eK_exu.u_eL_exu_alu.u_eM_exu_alu_muldiv.part_remd_sftN_dfflr.qout_r	u_e203_cpu.u_e203_core.u_e203_ifu.u_e203_ifu_ifetch.ifu_lo_ir_dfflr.qout_r[11]$_DFFE_PN0P_/Q	u_e203_cpu.u_e203_core.u_e203_exu.u_e203_exu_alu.u_e203_exu_alu_muldiv.part_remd_sft1_dfflr.qout_r$_DFFE_PN0P_/D
679	-0.3055	u_eI_cpu.u_eJ_core.u_eK_ifu.u_eL_ifu_ifetch.ifu_hi_ir_dfflr.qout_r[M]	u_eI_cpu.u_eJ_core.u_eK_lsu.u_eL_lsu_ctrl.excl_flg_dffl.qout_r	u_e203_cpu.u_e203_core.u_e203_ifu.u_e203_ifu_ifetch.ifu_hi_ir_dfflr.qout_r[10]$_DFFE_PN0P_/Q	u_e203_cpu.u_e203_core.u_e203_lsu.u_e203_lsu_ctrl.excl_flg_dffl.qout_r$_DFFE_PN0P_/D
680	-0.3018	u_eI_cpu.u_eJ_core.u_eK_exu.u_eL_exu_csr.status_mie_dfflr.qout_r	cmt_dpc_ena	u_e203_cpu.u_e203_core.u_e203_exu.u_e203_exu_csr.status_mie_dfflr.qout_r$_DFFE_PN0P_/QN	cmt_dpc_ena
681	-0.3013	u_eI_cpu.u_eJ_core.u_eK_exu.u_eL_exu_alu.u_eM_exu_alu_muldiv.exec_cnt_dfflr.qout_r[N]	core_wfi	u_e203_cpu.u_e203_core.u_e203_exu.u_e203_exu_alu.u_e203_exu_alu_muldiv.exec_cnt_dfflr.qout_r[2]$_DFFE_PN0P_/Q	core_wfi
682	-0.3011	u_eI_cpu.u_eJ_core.u_eK_biu.u_sirv_gnrl_icb_buffer.u_sirv_gnrl_rsp_fifo.dp_gtL.fifo_rf[M].fifo_rf_dffl.qout_r[N]	cmt_dcause_ena	u_e203_cpu.u_e203_core.u_e203_biu.u_sirv_gnrl_icb_buffer.u_sirv_gnrl_rsp_fifo.dp_gt0.fifo_rf[0].fifo_rf_dffl.qout_r[34]$_DFFE_PP_/Q	cmt_dcause_ena
683	-0.3008	u_eI_cpu.u_eJ_irq_sync.master_gen.u_dbg_irq_sync.sync_gen[K].i_is_not_L.sync_dffr.qout_r	cmt_dpc_ena	u_e203_cpu.u_e203_irq_sync.master_gen.u_dbg_irq_sync.sync_gen[1].i_is_not_0.sync_dffr.qout_r$_DFF_PN0_/Q	cmt_dpc_ena
684	-0.3004	u_eI_cpu.u_eJ_core.u_eK_ifu.u_eL_ifu_ifetch.ifu_hi_ir_dfflr.qout_r[M]	u_eI_cpu.u_eJ_core.u_eK_exu.u_eL_exu_csr.epc_dfflr.qout_r[M]	u_e203_cpu.u_e203_core.u_e203_ifu.u_e203_ifu_ifetch.ifu_hi_ir_dfflr.qout_r[10]$_DFFE_PN0P_/Q	u_e203_cpu.u_e203_core.u_e203_exu.u_e203_exu_csr.epc_dfflr.qout_r[24]$_DFFE_PN0P_/D
685	-0.2995	u_eI_cpu.u_eJ_core.u_eK_ifu.u_eL_ifu_ifetch.ifu_lo_ir_dfflr.qout_r[M]	u_eI_cpu.u_eJ_itcm_ctrl.u_itcm_icb_arbt.arbt_num_gt_K_gen.dp_L.u_sirv_gnrl_rspid_fifo.dp_gt_M.dat_dfflr.qout_r	u_e203_cpu.u_e203_core.u_e203_ifu.u_e203_ifu_ifetch.ifu_lo_ir_dfflr.qout_r[11]$_DFFE_PN0P_/Q	u_e203_cpu.u_e203_itcm_ctrl.u_itcm_icb_arbt.arbt_num_gt_1_gen.dp_1.u_sirv_gnrl_rspid_fifo.dp_gt_0.dat_dfflr.qout_r$_DFFE_PP_/D
686	-0.2991	u_eI_cpu.u_eJ_core.u_eK_ifu.u_eL_ifu_ifetch.ifu_prdt_taken_dfflr.qout_r	cmt_dcause_ena	u_e203_cpu.u_e203_core.u_e203_ifu.u_e203_ifu_ifetch.ifu_prdt_taken_dfflr.qout_r$_DFFE_PN0P_/Q	cmt_dcause_ena
687	-0.2987	u_eI_cpu.u_eJ_core.u_eK_ifu.u_eL_ifu_ifetch.ifu_err_dfflr.qout_r	u_eI_cpu.u_eJ_core.u_eK_biu.u_sirv_gnrl_icb_buffer.u_sirv_gnrl_cmd_fifo.dp_gtL.fifo_rf[M].fifo_rf_dffl.qout_r[N]	u_e203_cpu.u_e203_core.u_e203_ifu.u_e203_ifu_ifetch.ifu_err_dfflr.qout_r$_DFFE_PN0P_/Q	u_e203_cpu.u_e203_core.u_e203_biu.u_sirv_gnrl_icb_buffer.u_sirv_gnrl_cmd_fifo.dp_gt0.fifo_rf[0].fifo_rf_dffl.qout_r[0]$_DFFE_PP_/D
688	-0.2983	u_eI_cpu.u_eJ_core.u_eK_ifu.u_eL_ifu_ifetch.ifu_lo_ir_dfflr.qout_r[M]	u_eI_cpu.u_eJ_core.u_eK_ifu.u_eL_ifu_ifetch.ir_pc_vld_dfflr.qout_r	u_e203_cpu.u_e203_core.u_e203_ifu.u_e203_ifu_ifetch.ifu_lo_ir_dfflr.qout_r[11]$_DFFE_PN0P_/Q	u_e203_cpu.u_e203_core.u_e203_ifu.u_e203_ifu_ifetch.ir_pc_vld_dfflr.qout_r$_DFFE_PN0P_/D
689	-0.2947	dbg_halt_r	u_eI_cpu.u_eJ_core.u_eK_exu.u_eL_exu_alu.u_eM_exu_alu_lsuagu.icb_leftover_err_dfflr.qout_r	dbg_halt_r	u_e203_cpu.u_e203_core.u_e203_exu.u_e203_exu_alu.u_e203_exu_alu_lsuagu.icb_leftover_err_dfflr.qout_r$_DFFE_PN0P_/D
690	-0.2940	u_eI_cpu.u_eJ_core.u_eK_exu.u_eL_exu_commit.u_eM_exu_excp.step_req_dfflr.qout_r	cmt_dpc_ena	u_e203_cpu.u_e203_core.u_e203_exu.u_e203_exu_commit.u_e203_exu_excp.step_req_dfflr.qout_r$_DFFE_PN0P_/Q	cmt_dpc_ena
691	-0.2940	u_eI_cpu.u_eJ_core.u_eK_ifu.u_eL_ifu_ifetch.ifu_hi_ir_dfflr.qout_r[M]	u_eI_cpu.u_eJ_itcm_ctrl.u_itcm_icb_extKitcm_nLw.fifo_dp_M.u_sirv_gnrl_nNw_fifo.dp_gt_O.vld_dfflr.qout_r	u_e203_cpu.u_e203_core.u_e203_ifu.u_e203_ifu_ifetch.ifu_hi_ir_dfflr.qout_r[10]$_DFFE_PN0P_/Q	u_e203_cpu.u_e203_itcm_ctrl.u_itcm_icb_ext2itcm_n2w.fifo_dp_1.u_sirv_gnrl_n2w_fifo.dp_gt_0.vld_dfflr.qout_r$_DFFE_PN0P_/D
692	-0.2930	u_eI_cpu.u_eJ_core.u_eK_exu.u_eL_exu_alu.u_eM_exu_alu_lsuagu.icb_state_dfflr.qout_r[N]	u_eI_cpu.u_eJ_itcm_ctrl.u_sram_icb_ctrl.u_byp_icb_cmd_buf.u_bypbuf_fifo.dp_gtK.fifo_rf[L].fifo_rf_dffl.qout_r[M]	u_e203_cpu.u_e203_core.u_e203_exu.u_e203_exu_alu.u_e203_exu_alu_lsuagu.icb_state_dfflr.qout_r[1]$_DFFE_PN0P_/Q	u_e203_cpu.u_e203_itcm_ctrl.u_sram_icb_ctrl.u_byp_icb_cmd_buf.u_bypbuf_fifo.dp_gt0.fifo_rf[0].fifo_rf_dffl.qout_r[42]$_DFFE_PP_/D
693	-0.2929	u_eI_cpu.u_eJ_core.u_eK_ifu.u_eL_ifu_ifetch.ifu_lo_ir_dfflr.qout_r[M]	u_eI_cpu.u_eJ_core.u_eK_exu.u_eL_exu_oitf.oitf_entries[M].vld_dfflrs.qout_r	u_e203_cpu.u_e203_core.u_e203_ifu.u_e203_ifu_ifetch.ifu_lo_ir_dfflr.qout_r[11]$_DFFE_PN0P_/Q	u_e203_cpu.u_e203_core.u_e203_exu.u_e203_exu_oitf.oitf_entries[1].vld_dfflrs.qout_r$_DFFE_PN0P_/D
694	-0.2920	u_eI_cpu.u_eJ_core.u_eK_ifu.u_eL_ifu_ifetch.ifu_lo_ir_dfflr.qout_r[M]	u_eI_cpu.u_eJ_core.u_eK_exu.u_eL_exu_alu.u_eM_exu_alu_muldiv.muldiv_state_dfflr.qout_r[N]	u_e203_cpu.u_e203_core.u_e203_ifu.u_e203_ifu_ifetch.ifu_lo_ir_dfflr.qout_r[11]$_DFFE_PN0P_/Q	u_e203_cpu.u_e203_core.u_e203_exu.u_e203_exu_alu.u_e203_exu_alu_muldiv.muldiv_state_dfflr.qout_r[1]$_DFFE_PN0P_/D
695	-0.2920	u_eI_cpu.u_eJ_core.u_eK_exu.u_eL_exu_alu.u_eM_exu_alu_dpath.sbf_N_dffl.qout_r[O]	cmt_dcause[I]	u_e203_cpu.u_e203_core.u_e203_exu.u_e203_exu_alu.u_e203_exu_alu_dpath.sbf_0_dffl.qout_r[32]$_SDFFCE_PN0P_/Q	cmt_dcause[0]
696	-0.2913	u_eI_cpu.u_eJ_core.u_eK_ifu.u_eL_ifu_ifetch.ifu_lo_ir_dfflr.qout_r[M]	u_eI_cpu.u_eJ_core.u_eK_exu.u_eL_exu_csr.mscratch_dfflr.qout_r[M]	u_e203_cpu.u_e203_core.u_e203_ifu.u_e203_ifu_ifetch.ifu_lo_ir_dfflr.qout_r[11]$_DFFE_PN0P_/Q	u_e203_cpu.u_e203_core.u_e203_exu.u_e203_exu_csr.mscratch_dfflr.qout_r[5]$_DFFE_PN0P_/D
697	-0.2912	u_eI_cpu.u_eJ_core.u_eK_ifu.u_eL_ifu_ifetch.ifu_err_dfflr.qout_r	u_eI_cpu.u_eJ_core.u_eK_ifu.u_eL_ifu_iftMicb.leftover_dffl.qout_r[N]	u_e203_cpu.u_e203_core.u_e203_ifu.u_e203_ifu_ifetch.ifu_err_dfflr.qout_r$_DFFE_PN0P_/Q	u_e203_cpu.u_e203_core.u_e203_ifu.u_e203_ifu_ift2icb.leftover_dffl.qout_r[10]$_DFFE_PP_/D
698	-0.2902	u_eI_cpu.u_eJ_core.u_eK_ifu.u_eL_ifu_ifetch.ifu_hi_ir_dfflr.qout_r[M]	u_eI_cpu.u_eJ_core.u_eK_ifu.u_eL_ifu_ifetch.ifu_pc_dfflr.qout_r[M]	u_e203_cpu.u_e203_core.u_e203_ifu.u_e203_ifu_ifetch.ifu_hi_ir_dfflr.qout_r[10]$_DFFE_PN0P_/Q	u_e203_cpu.u_e203_core.u_e203_ifu.u_e203_ifu_ifetch.ifu_pc_dfflr.qout_r[10]$_DFFE_PN0P_/D
699	-0.2897	u_eI_cpu.u_eJ_core.u_eK_ifu.u_eL_ifu_ifetch.ifu_lo_ir_dfflr.qout_r[M]	u_eI_cpu.u_eJ_dtcm_ctrl.u_dtcm_icb_arbt.arbt_num_gt_K_gen.dp_L.u_sirv_gnrl_rspid_fifo.dp_gt_M.vld_dfflr.qout_r	u_e203_cpu.u_e203_core.u_e203_ifu.u_e203_ifu_ifetch.ifu_lo_ir_dfflr.qout_r[11]$_DFFE_PN0P_/Q	u_e203_cpu.u_e203_dtcm_ctrl.u_dtcm_icb_arbt.arbt_num_gt_1_gen.dp_1.u_sirv_gnrl_rspid_fifo.dp_gt_0.vld_dfflr.qout_r$_DFFE_PN0P_/D
700	-0.2885	u_eI_cpu.u_eJ_core.u_eK_ifu.u_eL_ifu_ifetch.ifu_hi_ir_dfflr.qout_r[M]	u_eI_cpu.u_eJ_core.u_eK_exu.u_eL_exu_oitf.oitf_entries[M].pc_dfflrs.qout_r[N]	u_e203_cpu.u_e203_core.u_e203_ifu.u_e203_ifu_ifetch.ifu_hi_ir_dfflr.qout_r[10]$_DFFE_PN0P_/Q	u_e203_cpu.u_e203_core.u_e203_exu.u_e203_exu_oitf.oitf_entries[0].pc_dfflrs.qout_r[1]$_DFFE_PP_/D
701	-0.2885	u_eI_cpu.u_eJ_core.u_eK_ifu.u_eL_ifu_ifetch.ifu_hi_ir_dfflr.qout_r[M]	u_eI_cpu.u_eJ_core.u_eK_exu.u_eL_exu_oitf.oitf_entries[M].rdidx_dfflrs.qout_r[N]	u_e203_cpu.u_e203_core.u_e203_ifu.u_e203_ifu_ifetch.ifu_hi_ir_dfflr.qout_r[10]$_DFFE_PN0P_/Q	u_e203_cpu.u_e203_core.u_e203_exu.u_e203_exu_oitf.oitf_entries[0].rdidx_dfflrs.qout_r[4]$_DFFE_PP_/D
702	-0.2885	u_eI_cpu.u_eJ_core.u_eK_ifu.u_eL_ifu_ifetch.ifu_hi_ir_dfflr.qout_r[M]	u_eI_cpu.u_eJ_core.u_eK_exu.u_eL_exu_oitf.oitf_entries[M].rdwen_dfflrs.qout_r	u_e203_cpu.u_e203_core.u_e203_ifu.u_e203_ifu_ifetch.ifu_hi_ir_dfflr.qout_r[10]$_DFFE_PN0P_/Q	u_e203_cpu.u_e203_core.u_e203_exu.u_e203_exu_oitf.oitf_entries[0].rdwen_dfflrs.qout_r$_DFFE_PP_/D
703	-0.2873	u_eI_cpu.u_eJ_core.u_eK_ifu.u_eL_ifu_ifetch.ir_rsMidx_dfflr.qout_r[N]	u_eI_cpu.u_eJ_core.u_eK_ifu.u_eL_ifu_iftMicb.u_eN_ifetch_rsp_bypbuf.u_bypbuf_fifo.dp_gtO.vec_P_dfflr.qout_r	u_e203_cpu.u_e203_core.u_e203_ifu.u_e203_ifu_ifetch.ir_rs2idx_dfflr.qout_r[4]$_DFFE_PN0P_/Q	u_e203_cpu.u_e203_core.u_e203_ifu.u_e203_ifu_ift2icb.u_e203_ifetch_rsp_bypbuf.u_bypbuf_fifo.dp_gt0.vec_31_dfflr.qout_r$_DFFE_PN0P_/D
704	-0.2866	u_eI_cpu.u_eJ_core.u_eK_ifu.u_eL_ifu_ifetch.ifu_lo_ir_dfflr.qout_r[M]	u_eI_cpu.u_eJ_core.u_eK_exu.u_eL_exu_oitf.depth_gtM.alc_ptr_dfflrs.qout_r	u_e203_cpu.u_e203_core.u_e203_ifu.u_e203_ifu_ifetch.ifu_lo_ir_dfflr.qout_r[11]$_DFFE_PN0P_/Q	u_e203_cpu.u_e203_core.u_e203_exu.u_e203_exu_oitf.depth_gt1.alc_ptr_dfflrs.qout_r$_DFFE_PN0P_/D
705	-0.2857	u_eI_cpu.u_eJ_core.u_eK_ifu.u_eL_ifu_ifetch.ifu_hi_ir_dfflr.qout_r[M]	u_eI_cpu.u_eJ_dtcm_ctrl.u_sram_icb_ctrl.u_sirv_Kcyc_sram_ctrl.u_eL_stage.dp_gt_M.vld_dfflr.qout_r	u_e203_cpu.u_e203_core.u_e203_ifu.u_e203_ifu_ifetch.ifu_hi_ir_dfflr.qout_r[10]$_DFFE_PN0P_/Q	u_e203_cpu.u_e203_dtcm_ctrl.u_sram_icb_ctrl.u_sirv_1cyc_sram_ctrl.u_e1_stage.dp_gt_0.vld_dfflr.qout_r$_DFFE_PN0P_/D
706	-0.2853	u_eI_cpu.u_eJ_core.u_eK_ifu.u_eL_ifu_ifetch.ifu_err_dfflr.qout_r	u_eI_cpu.u_eJ_core.u_eK_biu.u_sirv_gnrl_icb_buffer.u_sirv_gnrl_cmd_fifo.dp_gtL.vec_M_dfflrs.qout_r	u_e203_cpu.u_e203_core.u_e203_ifu.u_e203_ifu_ifetch.ifu_err_dfflr.qout_r$_DFFE_PN0P_/Q	u_e203_cpu.u_e203_core.u_e203_biu.u_sirv_gnrl_icb_buffer.u_sirv_gnrl_cmd_fifo.dp_gt0.vec_0_dfflrs.qout_r$_DFFE_PN1P_/D
707	-0.2842	u_eI_cpu.u_eJ_core.u_eK_ifu.u_eL_ifu_ifetch.ifu_hi_ir_dfflr.qout_r[M]	u_eI_cpu.u_eJ_core.u_eK_exu.u_eL_exu_csr.mcycle_dfflr.qout_r[M]	u_e203_cpu.u_e203_core.u_e203_ifu.u_e203_ifu_ifetch.ifu_hi_ir_dfflr.qout_r[10]$_DFFE_PN0P_/Q	u_e203_cpu.u_e203_core.u_e203_exu.u_e203_exu_csr.mcycle_dfflr.qout_r[5]$_DFFE_PN0P_/D
708	-0.2841	u_eI_cpu.u_eJ_core.u_eK_ifu.u_eL_ifu_ifetch.ifu_lo_ir_dfflr.qout_r[M]	u_eI_cpu.u_eJ_core.u_eK_exu.u_eL_exu_alu.u_eM_exu_alu_muldiv.part_prdt_sftN_dfflr.qout_r	u_e203_cpu.u_e203_core.u_e203_ifu.u_e203_ifu_ifetch.ifu_lo_ir_dfflr.qout_r[11]$_DFFE_PN0P_/Q	u_e203_cpu.u_e203_core.u_e203_exu.u_e203_exu_alu.u_e203_exu_alu_muldiv.part_prdt_sft1_dfflr.qout_r$_DFFE_PN0P_/D
709	-0.2840	u_eI_cpu.u_eJ_core.u_eK_biu.u_sirv_gnrl_icb_buffer.u_sirv_gnrl_rsp_fifo.dp_gtL.fifo_rf[M].fifo_rf_dffl.qout_r[N]	core_wfi	u_e203_cpu.u_e203_core.u_e203_biu.u_sirv_gnrl_icb_buffer.u_sirv_gnrl_rsp_fifo.dp_gt0.fifo_rf[0].fifo_rf_dffl.qout_r[34]$_DFFE_PP_/Q	core_wfi
710	-0.2837	dbg_halt_r	u_eI_cpu.u_eJ_core.u_eK_ifu.u_eL_ifu_ifetch.halt_ack_dfflr.qout_r	dbg_halt_r	u_e203_cpu.u_e203_core.u_e203_ifu.u_e203_ifu_ifetch.halt_ack_dfflr.qout_r$_DFFE_PN0P_/D
711	-0.2822	u_eI_cpu.u_eJ_core.u_eK_ifu.u_eL_ifu_ifetch.ifu_err_dfflr.qout_r	u_eI_cpu.u_eJ_core.u_eK_biu.u_sirv_gnrl_icb_buffer.u_sirv_gnrl_cmd_fifo.dp_gtL.vec_M_dfflr.qout_r	u_e203_cpu.u_e203_core.u_e203_ifu.u_e203_ifu_ifetch.ifu_err_dfflr.qout_r$_DFFE_PN0P_/Q	u_e203_cpu.u_e203_core.u_e203_biu.u_sirv_gnrl_icb_buffer.u_sirv_gnrl_cmd_fifo.dp_gt0.vec_31_dfflr.qout_r$_DFFE_PN0P_/D
712	-0.2820	u_eI_cpu.u_eJ_core.u_eK_ifu.u_eL_ifu_ifetch.ifu_prdt_taken_dfflr.qout_r	core_wfi	u_e203_cpu.u_e203_core.u_e203_ifu.u_e203_ifu_ifetch.ifu_prdt_taken_dfflr.qout_r$_DFFE_PN0P_/Q	core_wfi
713	-0.2817	u_eI_cpu.u_eJ_core.u_eK_ifu.u_eL_ifu_ifetch.ifu_err_dfflr.qout_r	u_eI_cpu.u_eJ_core.u_eK_ifu.u_eL_ifu_ifetch.ifu_hi_ir_dfflr.qout_r[M]	u_e203_cpu.u_e203_core.u_e203_ifu.u_e203_ifu_ifetch.ifu_err_dfflr.qout_r$_DFFE_PN0P_/Q	u_e203_cpu.u_e203_core.u_e203_ifu.u_e203_ifu_ifetch.ifu_hi_ir_dfflr.qout_r[8]$_DFFE_PN0P_/D
714	-0.2796	u_eI_cpu.u_eJ_core.u_eK_exu.u_eL_exu_alu.u_eM_exu_alu_lsuagu.icb_state_dfflr.qout_r[N]	u_eI_cpu.u_eJ_core.u_eK_biu.u_sirv_gnrl_icb_buffer.u_sirv_gnrl_cmd_fifo.dp_gtL.fifo_rf[M].fifo_rf_dffl.qout_r[N]	u_e203_cpu.u_e203_core.u_e203_exu.u_e203_exu_alu.u_e203_exu_alu_lsuagu.icb_state_dfflr.qout_r[1]$_DFFE_PN0P_/Q	u_e203_cpu.u_e203_core.u_e203_biu.u_sirv_gnrl_icb_buffer.u_sirv_gnrl_cmd_fifo.dp_gt0.fifo_rf[0].fifo_rf_dffl.qout_r[0]$_DFFE_PP_/D
715	-0.2782	u_eI_cpu.u_eJ_core.u_eK_ifu.u_eL_ifu_ifetch.ifu_lo_ir_dfflr.qout_r[M]	u_eI_cpu.u_eJ_core.u_eK_exu.u_eL_exu_alu.u_eM_exu_alu_lsuagu.icb_state_dfflr.qout_r[N]	u_e203_cpu.u_e203_core.u_e203_ifu.u_e203_ifu_ifetch.ifu_lo_ir_dfflr.qout_r[11]$_DFFE_PN0P_/Q	u_e203_cpu.u_e203_core.u_e203_exu.u_e203_exu_alu.u_e203_exu_alu_lsuagu.icb_state_dfflr.qout_r[1]$_DFFE_PN0P_/D
716	-0.2769	u_eI_cpu.u_eJ_core.u_eK_ifu.u_eL_ifu_ifetch.ir_rsMidx_dfflr.qout_r[N]	u_eI_cpu.u_eJ_core.u_eK_exu.u_eL_exu_alu.u_eM_exu_alu_dpath.sbf_N_dffl.qout_r[O]	u_e203_cpu.u_e203_core.u_e203_ifu.u_e203_ifu_ifetch.ir_rs2idx_dfflr.qout_r[4]$_DFFE_PN0P_/Q	u_e203_cpu.u_e203_core.u_e203_exu.u_e203_exu_alu.u_e203_exu_alu_dpath.sbf_1_dffl.qout_r[32]$_SDFFCE_PN0P_/D
717	-0.2767	u_eI_cpu.u_eJ_core.u_eK_ifu.u_eL_ifu_ifetch.ifu_lo_ir_dfflr.qout_r[M]	u_eI_cpu.u_eJ_itcm_ctrl.u_itcm_icb_lsuKitcm_nLw.fifo_dp_M.u_sirv_gnrl_nNw_fifo.dp_gt_O.dat_dfflr.qout_r	u_e203_cpu.u_e203_core.u_e203_ifu.u_e203_ifu_ifetch.ifu_lo_ir_dfflr.qout_r[11]$_DFFE_PN0P_/Q	u_e203_cpu.u_e203_itcm_ctrl.u_itcm_icb_lsu2itcm_n2w.fifo_dp_1.u_sirv_gnrl_n2w_fifo.dp_gt_0.dat_dfflr.qout_r$_DFFE_PP_/D
718	-0.2764	u_eI_cpu.u_eJ_core.u_eK_ifu.u_eL_ifu_ifetch.ifu_err_dfflr.qout_r	u_eI_cpu.u_eJ_core.u_eK_ifu.u_eL_ifu_iftMicb.u_eN_ifetch_rsp_bypbuf.u_bypbuf_fifo.dp_gtO.vec_P_dfflrs.qout_r	u_e203_cpu.u_e203_core.u_e203_ifu.u_e203_ifu_ifetch.ifu_err_dfflr.qout_r$_DFFE_PN0P_/Q	u_e203_cpu.u_e203_core.u_e203_ifu.u_e203_ifu_ift2icb.u_e203_ifetch_rsp_bypbuf.u_bypbuf_fifo.dp_gt0.vec_0_dfflrs.qout_r$_DFFE_PN1P_/D
719	-0.2749	dbg_halt_r	u_eI_cpu.u_eJ_core.u_eK_exu.u_eL_exu_commit.u_eM_exu_excp.wfi_flag_dfflr.qout_r	dbg_halt_r	u_e203_cpu.u_e203_core.u_e203_exu.u_e203_exu_commit.u_e203_exu_excp.wfi_flag_dfflr.qout_r$_DFFE_PN0P_/D
720	-0.2747	u_eI_cpu.u_eJ_core.u_eK_ifu.u_eL_ifu_ifetch.ifu_lo_ir_dfflr.qout_r[M]	u_eI_cpu.u_eJ_core.u_eK_exu.u_eL_exu_csr.mcycleh_dfflr.qout_r[M]	u_e203_cpu.u_e203_core.u_e203_ifu.u_e203_ifu_ifetch.ifu_lo_ir_dfflr.qout_r[11]$_DFFE_PN0P_/Q	u_e203_cpu.u_e203_core.u_e203_exu.u_e203_exu_csr.mcycleh_dfflr.qout_r[10]$_DFFE_PN0P_/D
721	-0.2747	u_eI_cpu.u_eJ_core.u_eK_ifu.u_eL_ifu_ifetch.ifu_hi_ir_dfflr.qout_r[M]	u_eI_cpu.u_eJ_core.u_eK_exu.u_eL_exu_csr.mtvec_dfflr.qout_r[M]	u_e203_cpu.u_e203_core.u_e203_ifu.u_e203_ifu_ifetch.ifu_hi_ir_dfflr.qout_r[10]$_DFFE_PN0P_/Q	u_e203_cpu.u_e203_core.u_e203_exu.u_e203_exu_csr.mtvec_dfflr.qout_r[5]$_DFFE_PN0P_/D
722	-0.2744	u_eI_cpu.u_eJ_core.u_eK_exu.u_eL_exu_oitf.depth_gtM.ret_ptr_flg_dfflrs.qout_r	u_eI_cpu.u_eJ_itcm_ctrl.u_sram_icb_ctrl.u_byp_icb_cmd_buf.u_bypbuf_fifo.dp_gtK.fifo_rf[L].fifo_rf_dffl.qout_r[M]	u_e203_cpu.u_e203_core.u_e203_exu.u_e203_exu_oitf.depth_gt1.ret_ptr_flg_dfflrs.qout_r$_DFFE_PN0P_/Q	u_e203_cpu.u_e203_itcm_ctrl.u_sram_icb_ctrl.u_byp_icb_cmd_buf.u_bypbuf_fifo.dp_gt0.fifo_rf[0].fifo_rf_dffl.qout_r[42]$_DFFE_PP_/D
723	-0.2743	u_eI_cpu.u_eJ_core.u_eK_exu.u_eL_exu_oitf.depth_gtM.alc_ptr_flg_dfflrs.qout_r	u_eI_cpu.u_eJ_itcm_ctrl.u_sram_icb_ctrl.u_byp_icb_cmd_buf.u_bypbuf_fifo.dp_gtK.fifo_rf[L].fifo_rf_dffl.qout_r[M]	u_e203_cpu.u_e203_core.u_e203_exu.u_e203_exu_oitf.depth_gt1.alc_ptr_flg_dfflrs.qout_r$_DFFE_PN0P_/Q	u_e203_cpu.u_e203_itcm_ctrl.u_sram_icb_ctrl.u_byp_icb_cmd_buf.u_bypbuf_fifo.dp_gt0.fifo_rf[0].fifo_rf_dffl.qout_r[42]$_DFFE_PP_/D
724	-0.2733	u_eI_cpu.u_eJ_core.u_eK_ifu.u_eL_ifu_ifetch.ir_rsMidx_dfflr.qout_r[N]	u_eI_cpu.u_eJ_dtcm_ctrl.u_sram_icb_ctrl.u_byp_icb_cmd_buf.u_bypbuf_fifo.dp_gtK.vec_L_dfflrs.qout_r	u_e203_cpu.u_e203_core.u_e203_ifu.u_e203_ifu_ifetch.ir_rs2idx_dfflr.qout_r[4]$_DFFE_PN0P_/Q	u_e203_cpu.u_e203_dtcm_ctrl.u_sram_icb_ctrl.u_byp_icb_cmd_buf.u_bypbuf_fifo.dp_gt0.vec_0_dfflrs.qout_r$_DFFE_PN1P_/D
725	-0.2725	u_eI_cpu.u_eJ_core.u_eK_ifu.u_eL_ifu_ifetch.ifu_err_dfflr.qout_r	u_eI_cpu.u_eJ_core.u_eK_biu.u_biu_icb_arbt.arbt_num_gt_L_gen.dp_M.u_sirv_gnrl_rspid_fifo.dp_gt_N.dat_dfflr.qout_r	u_e203_cpu.u_e203_core.u_e203_ifu.u_e203_ifu_ifetch.ifu_err_dfflr.qout_r$_DFFE_PN0P_/Q	u_e203_cpu.u_e203_core.u_e203_biu.u_biu_icb_arbt.arbt_num_gt_1_gen.dp_1.u_sirv_gnrl_rspid_fifo.dp_gt_0.dat_dfflr.qout_r$_DFFE_PP_/D
726	-0.2721	u_eI_cpu.u_eJ_core.u_eK_exu.u_eL_exu_alu.u_eM_exu_alu_lsuagu.icb_state_dfflr.qout_r[N]	u_eI_cpu.u_eJ_core.u_eK_ifu.u_eL_ifu_iftMicb.leftover_dffl.qout_r[N]	u_e203_cpu.u_e203_core.u_e203_exu.u_e203_exu_alu.u_e203_exu_alu_lsuagu.icb_state_dfflr.qout_r[1]$_DFFE_PN0P_/Q	u_e203_cpu.u_e203_core.u_e203_ifu.u_e203_ifu_ift2icb.leftover_dffl.qout_r[10]$_DFFE_PP_/D
727	-0.2718	u_eI_cpu.u_eJ_core.u_eK_exu.u_eL_exu_alu.u_eM_exu_alu_muldiv.exec_cnt_dfflr.qout_r[N]	cmt_dpc_ena	u_e203_cpu.u_e203_core.u_e203_exu.u_e203_exu_alu.u_e203_exu_alu_muldiv.exec_cnt_dfflr.qout_r[2]$_DFFE_PN0P_/Q	cmt_dpc_ena
728	-0.2712	u_eI_cpu.u_eJ_core.u_eK_ifu.u_eL_ifu_ifetch.ifu_err_dfflr.qout_r	u_eI_cpu.u_eJ_core.u_eK_ifu.u_eL_ifu_ifetch.ir_rsMidx_dfflr.qout_r[N]	u_e203_cpu.u_e203_core.u_e203_ifu.u_e203_ifu_ifetch.ifu_err_dfflr.qout_r$_DFFE_PN0P_/Q	u_e203_cpu.u_e203_core.u_e203_ifu.u_e203_ifu_ifetch.ir_rs2idx_dfflr.qout_r[0]$_DFFE_PN0P_/D
729	-0.2699	u_eI_cpu.u_eJ_core.u_eK_ifu.u_eL_ifu_ifetch.ifu_err_dfflr.qout_r	u_eI_cpu.u_eJ_core.u_eK_ifu.u_eL_ifu_ifetch.pc_dfflr.qout_r[M]	u_e203_cpu.u_e203_core.u_e203_ifu.u_e203_ifu_ifetch.ifu_err_dfflr.qout_r$_DFFE_PN0P_/Q	u_e203_cpu.u_e203_core.u_e203_ifu.u_e203_ifu_ifetch.pc_dfflr.qout_r[19]$_DFFE_PN0P_/D
730	-0.2697	u_eI_cpu.u_eJ_core.u_eK_ifu.u_eL_ifu_ifetch.ifu_hi_ir_dfflr.qout_r[M]	u_eI_cpu.u_eJ_dtcm_ctrl.u_dtcm_icb_arbt.arbt_num_gt_K_gen.dp_L.u_sirv_gnrl_rspid_fifo.dp_gt_M.dat_dfflr.qout_r	u_e203_cpu.u_e203_core.u_e203_ifu.u_e203_ifu_ifetch.ifu_hi_ir_dfflr.qout_r[10]$_DFFE_PN0P_/Q	u_e203_cpu.u_e203_dtcm_ctrl.u_dtcm_icb_arbt.arbt_num_gt_1_gen.dp_1.u_sirv_gnrl_rspid_fifo.dp_gt_0.dat_dfflr.qout_r$_DFFE_PP_/D
731	-0.2664	u_eI_cpu.u_eJ_core.u_eK_ifu.u_eL_ifu_ifetch.ir_rsMidx_dfflr.qout_r[N]	u_eI_cpu.u_eJ_core.u_eK_exu.u_eL_exu_regfile.regfile[M].rfnoN.rf_dffl.qout_r[O]	u_e203_cpu.u_e203_core.u_e203_ifu.u_e203_ifu_ifetch.ir_rs2idx_dfflr.qout_r[4]$_DFFE_PN0P_/Q	u_e203_cpu.u_e203_core.u_e203_exu.u_e203_exu_regfile.regfile[8].rfno0.rf_dffl.qout_r[10]$_DFFE_PP_/D
732	-0.2661	u_eI_cpu.u_eJ_core.u_eK_exu.u_eL_exu_alu.u_eM_exu_alu_dpath.sbf_N_dffl.qout_r[O]	cmt_dcause[I]	u_e203_cpu.u_e203_core.u_e203_exu.u_e203_exu_alu.u_e203_exu_alu_dpath.sbf_1_dffl.qout_r[0]$_DFFE_PP_/Q	cmt_dcause[0]
733	-0.2661	u_eI_cpu.u_eJ_core.u_eK_exu.u_eL_exu_alu.u_eM_exu_alu_lsuagu.icb_state_dfflr.qout_r[N]	u_eI_cpu.u_eJ_core.u_eK_biu.u_sirv_gnrl_icb_buffer.u_sirv_gnrl_cmd_fifo.dp_gtL.vec_M_dfflrs.qout_r	u_e203_cpu.u_e203_core.u_e203_exu.u_e203_exu_alu.u_e203_exu_alu_lsuagu.icb_state_dfflr.qout_r[1]$_DFFE_PN0P_/Q	u_e203_cpu.u_e203_core.u_e203_biu.u_sirv_gnrl_icb_buffer.u_sirv_gnrl_cmd_fifo.dp_gt0.vec_0_dfflrs.qout_r$_DFFE_PN1P_/D
734	-0.2659	u_eI_cpu.u_eJ_core.u_eK_ifu.u_eL_ifu_ifetch.ifu_hi_ir_dfflr.qout_r[M]	u_eI_cpu.u_eJ_core.u_eK_exu.u_eL_exu_csr.cause_dfflr.qout_r[M]	u_e203_cpu.u_e203_core.u_e203_ifu.u_e203_ifu_ifetch.ifu_hi_ir_dfflr.qout_r[10]$_DFFE_PN0P_/Q	u_e203_cpu.u_e203_core.u_e203_exu.u_e203_exu_csr.cause_dfflr.qout_r[2]$_DFFE_PN0P_/D
735	-0.2643	u_eI_cpu.u_eJ_core.u_eK_ifu.u_eL_ifu_ifetch.ir_muldiv_bMb_dfflr.qout_r	cmt_dcause_ena	u_e203_cpu.u_e203_core.u_e203_ifu.u_e203_ifu_ifetch.ir_muldiv_b2b_dfflr.qout_r$_DFFE_PN0P_/Q	cmt_dcause_ena
736	-0.2637	u_eI_cpu.u_eJ_core.u_eK_lsu.u_eL_lsu_ctrl.u_eM_lsu_splt_stage.dp_gt_N.vld_dfflr.qout_r	u_eI_cpu.u_eJ_itcm_ctrl.u_sram_icb_ctrl.u_byp_icb_cmd_buf.u_bypbuf_fifo.dp_gtK.fifo_rf[L].fifo_rf_dffl.qout_r[M]	u_e203_cpu.u_e203_core.u_e203_lsu.u_e203_lsu_ctrl.u_e203_lsu_splt_stage.dp_gt_0.vld_dfflr.qout_r$_DFFE_PN0P_/Q	u_e203_cpu.u_e203_itcm_ctrl.u_sram_icb_ctrl.u_byp_icb_cmd_buf.u_bypbuf_fifo.dp_gt0.fifo_rf[0].fifo_rf_dffl.qout_r[42]$_DFFE_PP_/D
737	-0.2632	u_eI_cpu.u_eJ_core.u_eK_ifu.u_eL_ifu_ifetch.ifu_hi_ir_dfflr.qout_r[M]	u_eI_cpu.u_eJ_core.u_eK_exu.u_eL_exu_alu.u_eM_exu_alu_muldiv.part_remd_sftN_dfflr.qout_r	u_e203_cpu.u_e203_core.u_e203_ifu.u_e203_ifu_ifetch.ifu_hi_ir_dfflr.qout_r[10]$_DFFE_PN0P_/Q	u_e203_cpu.u_e203_core.u_e203_exu.u_e203_exu_alu.u_e203_exu_alu_muldiv.part_remd_sft1_dfflr.qout_r$_DFFE_PN0P_/D
738	-0.2631	u_eI_cpu.u_eJ_core.u_eK_exu.u_eL_exu_alu.u_eM_exu_alu_lsuagu.icb_state_dfflr.qout_r[N]	u_eI_cpu.u_eJ_core.u_eK_biu.u_sirv_gnrl_icb_buffer.u_sirv_gnrl_cmd_fifo.dp_gtL.vec_M_dfflr.qout_r	u_e203_cpu.u_e203_core.u_e203_exu.u_e203_exu_alu.u_e203_exu_alu_lsuagu.icb_state_dfflr.qout_r[1]$_DFFE_PN0P_/Q	u_e203_cpu.u_e203_core.u_e203_biu.u_sirv_gnrl_icb_buffer.u_sirv_gnrl_cmd_fifo.dp_gt0.vec_31_dfflr.qout_r$_DFFE_PN0P_/D
739	-0.2629	u_eI_cpu.u_eJ_core.u_eK_ifu.u_eL_ifu_ifetch.ifu_lo_ir_dfflr.qout_r[M]	u_eI_cpu.u_eJ_core.u_eK_exu.u_eL_exu_csr.status_mie_dfflr.qout_r	u_e203_cpu.u_e203_core.u_e203_ifu.u_e203_ifu_ifetch.ifu_lo_ir_dfflr.qout_r[11]$_DFFE_PN0P_/Q	u_e203_cpu.u_e203_core.u_e203_exu.u_e203_exu_csr.status_mie_dfflr.qout_r$_DFFE_PN0P_/D
740	-0.2626	u_eI_cpu.u_eJ_core.u_eK_exu.u_eL_exu_alu.u_eM_exu_alu_lsuagu.icb_state_dfflr.qout_r[N]	u_eI_cpu.u_eJ_core.u_eK_ifu.u_eL_ifu_ifetch.ifu_hi_ir_dfflr.qout_r[M]	u_e203_cpu.u_e203_core.u_e203_exu.u_e203_exu_alu.u_e203_exu_alu_lsuagu.icb_state_dfflr.qout_r[1]$_DFFE_PN0P_/Q	u_e203_cpu.u_e203_core.u_e203_ifu.u_e203_ifu_ifetch.ifu_hi_ir_dfflr.qout_r[8]$_DFFE_PN0P_/D
741	-0.2616	u_eI_cpu.u_eJ_core.u_eK_ifu.u_eL_ifu_ifetch.ifu_lo_ir_dfflr.qout_r[M]	u_eI_cpu.u_eJ_core.u_eK_exu.u_eL_exu_oitf.depth_gtM.alc_ptr_flg_dfflrs.qout_r	u_e203_cpu.u_e203_core.u_e203_ifu.u_e203_ifu_ifetch.ifu_lo_ir_dfflr.qout_r[11]$_DFFE_PN0P_/Q	u_e203_cpu.u_e203_core.u_e203_exu.u_e203_exu_oitf.depth_gt1.alc_ptr_flg_dfflrs.qout_r$_DFFE_PN0P_/D
742	-0.2610	u_eI_cpu.u_eJ_core.u_eK_exu.u_eL_exu_oitf.depth_gtM.ret_ptr_flg_dfflrs.qout_r	u_eI_cpu.u_eJ_core.u_eK_biu.u_sirv_gnrl_icb_buffer.u_sirv_gnrl_cmd_fifo.dp_gtL.fifo_rf[M].fifo_rf_dffl.qout_r[N]	u_e203_cpu.u_e203_core.u_e203_exu.u_e203_exu_oitf.depth_gt1.ret_ptr_flg_dfflrs.qout_r$_DFFE_PN0P_/Q	u_e203_cpu.u_e203_core.u_e203_biu.u_sirv_gnrl_icb_buffer.u_sirv_gnrl_cmd_fifo.dp_gt0.fifo_rf[0].fifo_rf_dffl.qout_r[0]$_DFFE_PP_/D
743	-0.2609	u_eI_cpu.u_eJ_core.u_eK_exu.u_eL_exu_oitf.depth_gtM.alc_ptr_flg_dfflrs.qout_r	u_eI_cpu.u_eJ_core.u_eK_biu.u_sirv_gnrl_icb_buffer.u_sirv_gnrl_cmd_fifo.dp_gtL.fifo_rf[M].fifo_rf_dffl.qout_r[N]	u_e203_cpu.u_e203_core.u_e203_exu.u_e203_exu_oitf.depth_gt1.alc_ptr_flg_dfflrs.qout_r$_DFFE_PN0P_/Q	u_e203_cpu.u_e203_core.u_e203_biu.u_sirv_gnrl_icb_buffer.u_sirv_gnrl_cmd_fifo.dp_gt0.fifo_rf[0].fifo_rf_dffl.qout_r[0]$_DFFE_PP_/D
744	-0.2608	u_eI_cpu.u_eJ_core.u_eK_exu.u_eL_exu_oitf.depth_gtM.ret_ptr_dfflrs.qout_r	u_eI_cpu.u_eJ_itcm_ctrl.u_sram_icb_ctrl.u_byp_icb_cmd_buf.u_bypbuf_fifo.dp_gtK.fifo_rf[L].fifo_rf_dffl.qout_r[M]	u_e203_cpu.u_e203_core.u_e203_exu.u_e203_exu_oitf.depth_gt1.ret_ptr_dfflrs.qout_r$_DFFE_PN0P_/Q	u_e203_cpu.u_e203_itcm_ctrl.u_sram_icb_ctrl.u_byp_icb_cmd_buf.u_bypbuf_fifo.dp_gt0.fifo_rf[0].fifo_rf_dffl.qout_r[42]$_DFFE_PP_/D
745	-0.2597	u_eI_cpu.u_eJ_core.u_eK_ifu.u_eL_ifu_ifetch.ifu_err_dfflr.qout_r	u_eI_cpu.u_eJ_core.u_eK_ifu.u_eL_ifu_iftMicb.icb_addr_N_O_dffl.qout_r[P]	u_e203_cpu.u_e203_core.u_e203_ifu.u_e203_ifu_ifetch.ifu_err_dfflr.qout_r$_DFFE_PN0P_/Q	u_e203_cpu.u_e203_core.u_e203_ifu.u_e203_ifu_ift2icb.icb_addr_2_1_dffl.qout_r[0]$_DFFE_PP_/D
746	-0.2572	u_eI_cpu.u_eJ_core.u_eK_exu.u_eL_exu_alu.u_eM_exu_alu_lsuagu.icb_state_dfflr.qout_r[N]	u_eI_cpu.u_eJ_core.u_eK_ifu.u_eL_ifu_iftMicb.u_eN_ifetch_rsp_bypbuf.u_bypbuf_fifo.dp_gtO.vec_P_dfflrs.qout_r	u_e203_cpu.u_e203_core.u_e203_exu.u_e203_exu_alu.u_e203_exu_alu_lsuagu.icb_state_dfflr.qout_r[1]$_DFFE_PN0P_/Q	u_e203_cpu.u_e203_core.u_e203_ifu.u_e203_ifu_ift2icb.u_e203_ifetch_rsp_bypbuf.u_bypbuf_fifo.dp_gt0.vec_0_dfflrs.qout_r$_DFFE_PN1P_/D
747	-0.2560	u_eI_cpu.u_eJ_core.u_eK_ifu.u_eL_ifu_ifetch.ifu_hi_ir_dfflr.qout_r[M]	u_eI_cpu.u_eJ_itcm_ctrl.u_itcm_icb_arbt.arbt_num_gt_K_gen.dp_L.u_sirv_gnrl_rspid_fifo.dp_gt_M.dat_dfflr.qout_r	u_e203_cpu.u_e203_core.u_e203_ifu.u_e203_ifu_ifetch.ifu_hi_ir_dfflr.qout_r[10]$_DFFE_PN0P_/Q	u_e203_cpu.u_e203_itcm_ctrl.u_itcm_icb_arbt.arbt_num_gt_1_gen.dp_1.u_sirv_gnrl_rspid_fifo.dp_gt_0.dat_dfflr.qout_r$_DFFE_PP_/D
748	-0.2548	u_eI_cpu.u_eJ_core.u_eK_ifu.u_eL_ifu_ifetch.ifu_err_dfflr.qout_r	u_eI_cpu.u_eJ_core.u_eK_ifu.u_eL_ifu_iftMicb.req_lane_cross_dfflr.qout_r	u_e203_cpu.u_e203_core.u_e203_ifu.u_e203_ifu_ifetch.ifu_err_dfflr.qout_r$_DFFE_PN0P_/Q	u_e203_cpu.u_e203_core.u_e203_ifu.u_e203_ifu_ift2icb.req_lane_cross_dfflr.qout_r$_DFFE_PN0P_/D
749	-0.2548	u_eI_cpu.u_eJ_core.u_eK_ifu.u_eL_ifu_ifetch.ifu_err_dfflr.qout_r	u_eI_cpu.u_eJ_core.u_eK_ifu.u_eL_ifu_iftMicb.req_need_Nuop_dfflr.qout_r	u_e203_cpu.u_e203_core.u_e203_ifu.u_e203_ifu_ifetch.ifu_err_dfflr.qout_r$_DFFE_PN0P_/Q	u_e203_cpu.u_e203_core.u_e203_ifu.u_e203_ifu_ift2icb.req_need_2uop_dfflr.qout_r$_DFFE_PN0P_/D
750	-0.2548	u_eI_cpu.u_eJ_core.u_eK_ifu.u_eL_ifu_ifetch.ifu_err_dfflr.qout_r	u_eI_cpu.u_eJ_core.u_eK_ifu.u_eL_ifu_iftMicb.req_same_cross_holdup_dfflr.qout_r	u_e203_cpu.u_e203_core.u_e203_ifu.u_e203_ifu_ifetch.ifu_err_dfflr.qout_r$_DFFE_PN0P_/Q	u_e203_cpu.u_e203_core.u_e203_ifu.u_e203_ifu_ift2icb.req_same_cross_holdup_dfflr.qout_r$_DFFE_PN0P_/D
751	-0.2548	u_eI_cpu.u_eJ_core.u_eK_ifu.u_eL_ifu_ifetch.ifu_hi_ir_dfflr.qout_r[M]	u_eI_cpu.u_eJ_core.u_eK_ifu.u_eL_ifu_ifetch.ir_pc_vld_dfflr.qout_r	u_e203_cpu.u_e203_core.u_e203_ifu.u_e203_ifu_ifetch.ifu_hi_ir_dfflr.qout_r[10]$_DFFE_PN0P_/Q	u_e203_cpu.u_e203_core.u_e203_ifu.u_e203_ifu_ifetch.ir_pc_vld_dfflr.qout_r$_DFFE_PN0P_/D
752	-0.2546	u_eI_cpu.u_eJ_core.u_eK_ifu.u_eL_ifu_ifetch.ifu_lo_ir_dfflr.qout_r[M]	u_eI_cpu.u_eJ_core.u_eK_exu.u_eL_exu_alu.u_eM_exu_nice.u_nice_itag_fifo.dp_gtN.vec_O_dfflr.qout_r[P]	u_e203_cpu.u_e203_core.u_e203_ifu.u_e203_ifu_ifetch.ifu_lo_ir_dfflr.qout_r[11]$_DFFE_PN0P_/Q	u_e203_cpu.u_e203_core.u_e203_exu.u_e203_exu_alu.u_e203_exu_nice.u_nice_itag_fifo.dp_gt0.vec_31_dfflr.qout_r[1]$_DFFE_PN0P_/D
753	-0.2545	u_eI_cpu.u_eJ_core.u_eK_biu.u_sirv_gnrl_icb_buffer.u_sirv_gnrl_rsp_fifo.dp_gtL.fifo_rf[M].fifo_rf_dffl.qout_r[N]	cmt_dpc_ena	u_e203_cpu.u_e203_core.u_e203_biu.u_sirv_gnrl_icb_buffer.u_sirv_gnrl_rsp_fifo.dp_gt0.fifo_rf[0].fifo_rf_dffl.qout_r[34]$_DFFE_PP_/Q	cmt_dpc_ena
754	-0.2535	u_eI_cpu.u_eJ_core.u_eK_exu.u_eL_exu_oitf.depth_gtM.ret_ptr_flg_dfflrs.qout_r	u_eI_cpu.u_eJ_core.u_eK_ifu.u_eL_ifu_iftMicb.leftover_dffl.qout_r[N]	u_e203_cpu.u_e203_core.u_e203_exu.u_e203_exu_oitf.depth_gt1.ret_ptr_flg_dfflrs.qout_r$_DFFE_PN0P_/Q	u_e203_cpu.u_e203_core.u_e203_ifu.u_e203_ifu_ift2icb.leftover_dffl.qout_r[10]$_DFFE_PP_/D
755	-0.2534	u_eI_cpu.u_eJ_core.u_eK_exu.u_eL_exu_oitf.depth_gtM.alc_ptr_flg_dfflrs.qout_r	u_eI_cpu.u_eJ_core.u_eK_ifu.u_eL_ifu_iftMicb.leftover_dffl.qout_r[N]	u_e203_cpu.u_e203_core.u_e203_exu.u_e203_exu_oitf.depth_gt1.alc_ptr_flg_dfflrs.qout_r$_DFFE_PN0P_/Q	u_e203_cpu.u_e203_core.u_e203_ifu.u_e203_ifu_ift2icb.leftover_dffl.qout_r[10]$_DFFE_PP_/D
756	-0.2533	u_eI_cpu.u_eJ_core.u_eK_exu.u_eL_exu_alu.u_eM_exu_alu_lsuagu.icb_state_dfflr.qout_r[N]	u_eI_cpu.u_eJ_core.u_eK_biu.u_biu_icb_arbt.arbt_num_gt_L_gen.dp_M.u_sirv_gnrl_rspid_fifo.dp_gt_N.dat_dfflr.qout_r	u_e203_cpu.u_e203_core.u_e203_exu.u_e203_exu_alu.u_e203_exu_alu_lsuagu.icb_state_dfflr.qout_r[1]$_DFFE_PN0P_/Q	u_e203_cpu.u_e203_core.u_e203_biu.u_biu_icb_arbt.arbt_num_gt_1_gen.dp_1.u_sirv_gnrl_rspid_fifo.dp_gt_0.dat_dfflr.qout_r$_DFFE_PP_/D
757	-0.2525	u_eI_cpu.u_eJ_core.u_eK_ifu.u_eL_ifu_ifetch.ifu_prdt_taken_dfflr.qout_r	cmt_dpc_ena	u_e203_cpu.u_e203_core.u_e203_ifu.u_e203_ifu_ifetch.ifu_prdt_taken_dfflr.qout_r$_DFFE_PN0P_/Q	cmt_dpc_ena
758	-0.2520	u_eI_cpu.u_eJ_core.u_eK_exu.u_eL_exu_alu.u_eM_exu_alu_lsuagu.icb_state_dfflr.qout_r[N]	u_eI_cpu.u_eJ_core.u_eK_ifu.u_eL_ifu_ifetch.ir_rsMidx_dfflr.qout_r[N]	u_e203_cpu.u_e203_core.u_e203_exu.u_e203_exu_alu.u_e203_exu_alu_lsuagu.icb_state_dfflr.qout_r[1]$_DFFE_PN0P_/Q	u_e203_cpu.u_e203_core.u_e203_ifu.u_e203_ifu_ifetch.ir_rs2idx_dfflr.qout_r[0]$_DFFE_PN0P_/D
759	-0.2508	u_eI_cpu.u_eJ_core.u_eK_exu.u_eL_exu_alu.u_eM_exu_alu_lsuagu.icb_state_dfflr.qout_r[N]	u_eI_cpu.u_eJ_core.u_eK_ifu.u_eL_ifu_ifetch.pc_dfflr.qout_r[M]	u_e203_cpu.u_e203_core.u_e203_exu.u_e203_exu_alu.u_e203_exu_alu_lsuagu.icb_state_dfflr.qout_r[1]$_DFFE_PN0P_/Q	u_e203_cpu.u_e203_core.u_e203_ifu.u_e203_ifu_ifetch.pc_dfflr.qout_r[19]$_DFFE_PN0P_/D
760	-0.2504	u_eI_cpu.u_eJ_core.u_eK_ifu.u_eL_ifu_ifetch.ifu_lo_ir_dfflr.qout_r[M]	u_eI_cpu.u_eJ_core.u_eK_exu.u_eL_exu_csr.status_mpie_dfflr.qout_r	u_e203_cpu.u_e203_core.u_e203_ifu.u_e203_ifu_ifetch.ifu_lo_ir_dfflr.qout_r[11]$_DFFE_PN0P_/Q	u_e203_cpu.u_e203_core.u_e203_exu.u_e203_exu_csr.status_mpie_dfflr.qout_r$_DFFE_PN0P_/D
761	-0.2503	u_eI_cpu.u_eJ_core.u_eK_lsu.u_eL_lsu_ctrl.u_eM_lsu_splt_stage.dp_gt_N.vld_dfflr.qout_r	u_eI_cpu.u_eJ_core.u_eK_biu.u_sirv_gnrl_icb_buffer.u_sirv_gnrl_cmd_fifo.dp_gtL.fifo_rf[M].fifo_rf_dffl.qout_r[N]	u_e203_cpu.u_e203_core.u_e203_lsu.u_e203_lsu_ctrl.u_e203_lsu_splt_stage.dp_gt_0.vld_dfflr.qout_r$_DFFE_PN0P_/Q	u_e203_cpu.u_e203_core.u_e203_biu.u_sirv_gnrl_icb_buffer.u_sirv_gnrl_cmd_fifo.dp_gt0.fifo_rf[0].fifo_rf_dffl.qout_r[0]$_DFFE_PP_/D
762	-0.2503	u_eI_cpu.u_eJ_core.u_eK_ifu.u_eL_ifu_ifetch.ifu_lo_ir_dfflr.qout_r[M]	u_eI_cpu.u_eJ_itcm_ctrl.u_itcm_icb_arbt.arbt_num_gt_K_gen.dp_L.u_sirv_gnrl_rspid_fifo.dp_gt_M.vld_dfflr.qout_r	u_e203_cpu.u_e203_core.u_e203_ifu.u_e203_ifu_ifetch.ifu_lo_ir_dfflr.qout_r[11]$_DFFE_PN0P_/Q	u_e203_cpu.u_e203_itcm_ctrl.u_itcm_icb_arbt.arbt_num_gt_1_gen.dp_1.u_sirv_gnrl_rspid_fifo.dp_gt_0.vld_dfflr.qout_r$_DFFE_PN0P_/D
763	-0.2496	u_eI_cpu.u_eJ_core.u_eK_ifu.u_eL_ifu_ifetch.ifu_err_dfflr.qout_r	u_eI_cpu.u_eJ_core.u_eK_ifu.u_eL_ifu_iftMicb.u_eN_ifetch_rsp_bypbuf.u_bypbuf_fifo.dp_gtO.fifo_rf[P].fifo_rf_dffl.qout_r[Q]	u_e203_cpu.u_e203_core.u_e203_ifu.u_e203_ifu_ifetch.ifu_err_dfflr.qout_r$_DFFE_PN0P_/Q	u_e203_cpu.u_e203_core.u_e203_ifu.u_e203_ifu_ift2icb.u_e203_ifetch_rsp_bypbuf.u_bypbuf_fifo.dp_gt0.fifo_rf[0].fifo_rf_dffl.qout_r[10]$_DFFE_PP_/D
764	-0.2494	u_eI_cpu.u_eJ_core.u_eK_ifu.u_eL_ifu_ifetch.ifu_hi_ir_dfflr.qout_r[M]	u_eI_cpu.u_eJ_core.u_eK_exu.u_eL_exu_oitf.oitf_entries[M].vld_dfflrs.qout_r	u_e203_cpu.u_e203_core.u_e203_ifu.u_e203_ifu_ifetch.ifu_hi_ir_dfflr.qout_r[10]$_DFFE_PN0P_/Q	u_e203_cpu.u_e203_core.u_e203_exu.u_e203_exu_oitf.oitf_entries[1].vld_dfflrs.qout_r$_DFFE_PN0P_/D
765	-0.2487	u_eI_cpu.u_eJ_core.u_eK_exu.u_eL_exu_csr.mie_dfflr.qout_r[M]	u_eI_cpu.u_eJ_itcm_ctrl.u_sram_icb_ctrl.u_byp_icb_cmd_buf.u_bypbuf_fifo.dp_gtK.fifo_rf[L].fifo_rf_dffl.qout_r[M]	u_e203_cpu.u_e203_core.u_e203_exu.u_e203_exu_csr.mie_dfflr.qout_r[7]$_DFFE_PN0P_/Q	u_e203_cpu.u_e203_itcm_ctrl.u_sram_icb_ctrl.u_byp_icb_cmd_buf.u_bypbuf_fifo.dp_gt0.fifo_rf[0].fifo_rf_dffl.qout_r[42]$_DFFE_PP_/D
766	-0.2485	u_eI_cpu.u_eJ_core.u_eK_ifu.u_eL_ifu_ifetch.ifu_hi_ir_dfflr.qout_r[M]	u_eI_cpu.u_eJ_core.u_eK_exu.u_eL_exu_alu.u_eM_exu_alu_muldiv.muldiv_state_dfflr.qout_r[N]	u_e203_cpu.u_e203_core.u_e203_ifu.u_e203_ifu_ifetch.ifu_hi_ir_dfflr.qout_r[10]$_DFFE_PN0P_/Q	u_e203_cpu.u_e203_core.u_e203_exu.u_e203_exu_alu.u_e203_exu_alu_muldiv.muldiv_state_dfflr.qout_r[1]$_DFFE_PN0P_/D
767	-0.2479	u_eI_cpu.u_eJ_core.u_eK_ifu.u_eL_ifu_ifetch.ifu_hi_ir_dfflr.qout_r[M]	u_eI_cpu.u_eJ_core.u_eK_exu.u_eL_exu_csr.mscratch_dfflr.qout_r[M]	u_e203_cpu.u_e203_core.u_e203_ifu.u_e203_ifu_ifetch.ifu_hi_ir_dfflr.qout_r[10]$_DFFE_PN0P_/Q	u_e203_cpu.u_e203_core.u_e203_exu.u_e203_exu_csr.mscratch_dfflr.qout_r[5]$_DFFE_PN0P_/D
768	-0.2475	u_eI_cpu.u_eJ_core.u_eK_exu.u_eL_exu_oitf.depth_gtM.ret_ptr_flg_dfflrs.qout_r	u_eI_cpu.u_eJ_core.u_eK_biu.u_sirv_gnrl_icb_buffer.u_sirv_gnrl_cmd_fifo.dp_gtL.vec_M_dfflrs.qout_r	u_e203_cpu.u_e203_core.u_e203_exu.u_e203_exu_oitf.depth_gt1.ret_ptr_flg_dfflrs.qout_r$_DFFE_PN0P_/Q	u_e203_cpu.u_e203_core.u_e203_biu.u_sirv_gnrl_icb_buffer.u_sirv_gnrl_cmd_fifo.dp_gt0.vec_0_dfflrs.qout_r$_DFFE_PN1P_/D
769	-0.2474	u_eI_cpu.u_eJ_core.u_eK_exu.u_eL_exu_oitf.depth_gtM.alc_ptr_flg_dfflrs.qout_r	u_eI_cpu.u_eJ_core.u_eK_biu.u_sirv_gnrl_icb_buffer.u_sirv_gnrl_cmd_fifo.dp_gtL.vec_M_dfflrs.qout_r	u_e203_cpu.u_e203_core.u_e203_exu.u_e203_exu_oitf.depth_gt1.alc_ptr_flg_dfflrs.qout_r$_DFFE_PN0P_/Q	u_e203_cpu.u_e203_core.u_e203_biu.u_sirv_gnrl_icb_buffer.u_sirv_gnrl_cmd_fifo.dp_gt0.vec_0_dfflrs.qout_r$_DFFE_PN1P_/D
770	-0.2473	u_eI_cpu.u_eJ_core.u_eK_exu.u_eL_exu_oitf.depth_gtM.ret_ptr_dfflrs.qout_r	u_eI_cpu.u_eJ_core.u_eK_biu.u_sirv_gnrl_icb_buffer.u_sirv_gnrl_cmd_fifo.dp_gtL.fifo_rf[M].fifo_rf_dffl.qout_r[N]	u_e203_cpu.u_e203_core.u_e203_exu.u_e203_exu_oitf.depth_gt1.ret_ptr_dfflrs.qout_r$_DFFE_PN0P_/Q	u_e203_cpu.u_e203_core.u_e203_biu.u_sirv_gnrl_icb_buffer.u_sirv_gnrl_cmd_fifo.dp_gt0.fifo_rf[0].fifo_rf_dffl.qout_r[0]$_DFFE_PP_/D
771	-0.2472	u_eI_cpu.u_eJ_core.u_eK_exu.u_eL_exu_alu.u_eM_exu_alu_dpath.sbf_N_dffl.qout_r[O]	cmt_dcause_ena	u_e203_cpu.u_e203_core.u_e203_exu.u_e203_exu_alu.u_e203_exu_alu_dpath.sbf_0_dffl.qout_r[32]$_SDFFCE_PN0P_/Q	cmt_dcause_ena
772	-0.2472	u_eI_cpu.u_eJ_core.u_eK_ifu.u_eL_ifu_ifetch.ir_muldiv_bMb_dfflr.qout_r	core_wfi	u_e203_cpu.u_e203_core.u_e203_ifu.u_e203_ifu_ifetch.ir_muldiv_b2b_dfflr.qout_r$_DFFE_PN0P_/Q	core_wfi
773	-0.2470	u_eI_cpu.u_eJ_core.u_eK_ifu.u_eL_ifu_ifetch.ifu_lo_ir_dfflr.qout_r[M]	u_eI_cpu.u_eJ_core.u_eK_exu.u_eL_exu_alu.u_eM_exu_alu_lsuagu.unalgn_flg_dffl.qout_r	u_e203_cpu.u_e203_core.u_e203_ifu.u_e203_ifu_ifetch.ifu_lo_ir_dfflr.qout_r[11]$_DFFE_PN0P_/Q	u_e203_cpu.u_e203_core.u_e203_exu.u_e203_exu_alu.u_e203_exu_alu_lsuagu.unalgn_flg_dffl.qout_r$_DFFE_PN0P_/D
774	-0.2466	u_eI_cpu.u_eJ_core.u_eK_ifu.u_eL_ifu_ifetch.ifu_err_dfflr.qout_r	u_eI_cpu.u_eJ_core.u_eK_ifu.u_eL_ifu_iftMicb.icbNmem_dfflr.qout_r	u_e203_cpu.u_e203_core.u_e203_ifu.u_e203_ifu_ifetch.ifu_err_dfflr.qout_r$_DFFE_PN0P_/Q	u_e203_cpu.u_e203_core.u_e203_ifu.u_e203_ifu_ift2icb.icb2mem_dfflr.qout_r$_DFFE_PN0P_/D
775	-0.2462	u_eI_cpu.u_eJ_core.u_eK_ifu.u_eL_ifu_ifetch.ifu_hi_ir_dfflr.qout_r[M]	u_eI_cpu.u_eJ_dtcm_ctrl.u_dtcm_icb_arbt.arbt_num_gt_K_gen.dp_L.u_sirv_gnrl_rspid_fifo.dp_gt_M.vld_dfflr.qout_r	u_e203_cpu.u_e203_core.u_e203_ifu.u_e203_ifu_ifetch.ifu_hi_ir_dfflr.qout_r[10]$_DFFE_PN0P_/Q	u_e203_cpu.u_e203_dtcm_ctrl.u_dtcm_icb_arbt.arbt_num_gt_1_gen.dp_1.u_sirv_gnrl_rspid_fifo.dp_gt_0.vld_dfflr.qout_r$_DFFE_PN0P_/D
776	-0.2458	u_eI_cpu.u_eJ_core.u_eK_exu.u_eL_exu_regfile.regfile[M].rfnoN.rf_dffl.qout_r[O]	u_eI_cpu.u_eJ_itcm_ctrl.u_sram_icb_ctrl.u_byp_icb_cmd_buf.u_bypbuf_fifo.dp_gtK.fifo_rf[L].fifo_rf_dffl.qout_r[M]	u_e203_cpu.u_e203_core.u_e203_exu.u_e203_exu_regfile.regfile[29].rfno0.rf_dffl.qout_r[31]$_DFFE_PP_/Q	u_e203_cpu.u_e203_itcm_ctrl.u_sram_icb_ctrl.u_byp_icb_cmd_buf.u_bypbuf_fifo.dp_gt0.fifo_rf[0].fifo_rf_dffl.qout_r[42]$_DFFE_PP_/D
777	-0.2449	u_eI_cpu.u_eJ_core.u_eK_ifu.u_eL_ifu_ifetch.ir_rsMidx_dfflr.qout_r[N]	u_eI_cpu.u_eJ_core.u_eK_exu.u_eL_exu_csr.badaddr_dfflr.qout_r[M]	u_e203_cpu.u_e203_core.u_e203_ifu.u_e203_ifu_ifetch.ir_rs2idx_dfflr.qout_r[4]$_DFFE_PN0P_/Q	u_e203_cpu.u_e203_core.u_e203_exu.u_e203_exu_csr.badaddr_dfflr.qout_r[6]$_DFFE_PN0P_/D
778	-0.2445	u_eI_cpu.u_eJ_core.u_eK_exu.u_eL_exu_oitf.depth_gtM.ret_ptr_flg_dfflrs.qout_r	u_eI_cpu.u_eJ_core.u_eK_biu.u_sirv_gnrl_icb_buffer.u_sirv_gnrl_cmd_fifo.dp_gtL.vec_M_dfflr.qout_r	u_e203_cpu.u_e203_core.u_e203_exu.u_e203_exu_oitf.depth_gt1.ret_ptr_flg_dfflrs.qout_r$_DFFE_PN0P_/Q	u_e203_cpu.u_e203_core.u_e203_biu.u_sirv_gnrl_icb_buffer.u_sirv_gnrl_cmd_fifo.dp_gt0.vec_31_dfflr.qout_r$_DFFE_PN0P_/D
779	-0.2444	u_eI_cpu.u_eJ_core.u_eK_exu.u_eL_exu_oitf.depth_gtM.alc_ptr_flg_dfflrs.qout_r	u_eI_cpu.u_eJ_core.u_eK_biu.u_sirv_gnrl_icb_buffer.u_sirv_gnrl_cmd_fifo.dp_gtL.vec_M_dfflr.qout_r	u_e203_cpu.u_e203_core.u_e203_exu.u_e203_exu_oitf.depth_gt1.alc_ptr_flg_dfflrs.qout_r$_DFFE_PN0P_/Q	u_e203_cpu.u_e203_core.u_e203_biu.u_sirv_gnrl_icb_buffer.u_sirv_gnrl_cmd_fifo.dp_gt0.vec_31_dfflr.qout_r$_DFFE_PN0P_/D
780	-0.2440	u_eI_cpu.u_eJ_core.u_eK_exu.u_eL_exu_oitf.depth_gtM.ret_ptr_flg_dfflrs.qout_r	u_eI_cpu.u_eJ_core.u_eK_ifu.u_eL_ifu_ifetch.ifu_hi_ir_dfflr.qout_r[M]	u_e203_cpu.u_e203_core.u_e203_exu.u_e203_exu_oitf.depth_gt1.ret_ptr_flg_dfflrs.qout_r$_DFFE_PN0P_/Q	u_e203_cpu.u_e203_core.u_e203_ifu.u_e203_ifu_ifetch.ifu_hi_ir_dfflr.qout_r[8]$_DFFE_PN0P_/D
781	-0.2439	u_eI_cpu.u_eJ_core.u_eK_exu.u_eL_exu_oitf.depth_gtM.alc_ptr_flg_dfflrs.qout_r	u_eI_cpu.u_eJ_core.u_eK_ifu.u_eL_ifu_ifetch.ifu_hi_ir_dfflr.qout_r[M]	u_e203_cpu.u_e203_core.u_e203_exu.u_e203_exu_oitf.depth_gt1.alc_ptr_flg_dfflrs.qout_r$_DFFE_PN0P_/Q	u_e203_cpu.u_e203_core.u_e203_ifu.u_e203_ifu_ifetch.ifu_hi_ir_dfflr.qout_r[8]$_DFFE_PN0P_/D
782	-0.2431	u_eI_cpu.u_eJ_core.u_eK_ifu.u_eL_ifu_ifetch.ifu_hi_ir_dfflr.qout_r[M]	u_eI_cpu.u_eJ_core.u_eK_exu.u_eL_exu_oitf.depth_gtM.alc_ptr_dfflrs.qout_r	u_e203_cpu.u_e203_core.u_e203_ifu.u_e203_ifu_ifetch.ifu_hi_ir_dfflr.qout_r[10]$_DFFE_PN0P_/Q	u_e203_cpu.u_e203_core.u_e203_exu.u_e203_exu_oitf.depth_gt1.alc_ptr_dfflrs.qout_r$_DFFE_PN0P_/D
783	-0.2431	u_eI_cpu.u_eJ_core.u_eK_ifu.u_eL_ifu_ifetch.ifu_lo_ir_dfflr.qout_r[M]	u_eI_cpu.u_eJ_core.u_eK_lsu.u_eL_lsu_ctrl.excl_addr_dffl.qout_r[M]	u_e203_cpu.u_e203_core.u_e203_ifu.u_e203_ifu_ifetch.ifu_lo_ir_dfflr.qout_r[11]$_DFFE_PN0P_/Q	u_e203_cpu.u_e203_core.u_e203_lsu.u_e203_lsu_ctrl.excl_addr_dffl.qout_r[17]$_DFFE_PN0P_/D
784	-0.2428	u_eI_cpu.u_eJ_core.u_eK_lsu.u_eL_lsu_ctrl.u_eM_lsu_splt_stage.dp_gt_N.vld_dfflr.qout_r	u_eI_cpu.u_eJ_core.u_eK_ifu.u_eL_ifu_iftMicb.leftover_dffl.qout_r[N]	u_e203_cpu.u_e203_core.u_e203_lsu.u_e203_lsu_ctrl.u_e203_lsu_splt_stage.dp_gt_0.vld_dfflr.qout_r$_DFFE_PN0P_/Q	u_e203_cpu.u_e203_core.u_e203_ifu.u_e203_ifu_ift2icb.leftover_dffl.qout_r[10]$_DFFE_PP_/D
785	-0.2407	u_eI_cpu.u_eJ_core.u_eK_ifu.u_eL_ifu_ifetch.ifu_hi_ir_dfflr.qout_r[M]	u_eI_cpu.u_eJ_core.u_eK_exu.u_eL_exu_alu.u_eM_exu_alu_muldiv.part_prdt_sftN_dfflr.qout_r	u_e203_cpu.u_e203_core.u_e203_ifu.u_e203_ifu_ifetch.ifu_hi_ir_dfflr.qout_r[10]$_DFFE_PN0P_/Q	u_e203_cpu.u_e203_core.u_e203_exu.u_e203_exu_alu.u_e203_exu_alu_muldiv.part_prdt_sft1_dfflr.qout_r$_DFFE_PN0P_/D
786	-0.2406	u_eI_cpu.u_eJ_core.u_eK_exu.u_eL_exu_alu.u_eM_exu_alu_lsuagu.icb_state_dfflr.qout_r[N]	u_eI_cpu.u_eJ_core.u_eK_ifu.u_eL_ifu_iftMicb.icb_addr_N_O_dffl.qout_r[P]	u_e203_cpu.u_e203_core.u_e203_exu.u_e203_exu_alu.u_e203_exu_alu_lsuagu.icb_state_dfflr.qout_r[1]$_DFFE_PN0P_/Q	u_e203_cpu.u_e203_core.u_e203_ifu.u_e203_ifu_ift2icb.icb_addr_2_1_dffl.qout_r[0]$_DFFE_PP_/D
787	-0.2400	u_eI_cpu.u_eJ_core.u_eK_ifu.u_eL_ifu_ifetch.ifu_err_dfflr.qout_r	u_eI_cpu.u_eJ_core.u_eK_ifu.u_eL_ifu_ifetch.pc_newpend_dfflr.qout_r	u_e203_cpu.u_e203_core.u_e203_ifu.u_e203_ifu_ifetch.ifu_err_dfflr.qout_r$_DFFE_PN0P_/Q	u_e203_cpu.u_e203_core.u_e203_ifu.u_e203_ifu_ifetch.pc_newpend_dfflr.qout_r$_DFFE_PN0P_/D
788	-0.2398	u_eI_cpu.u_eJ_core.u_eK_exu.u_eL_exu_oitf.depth_gtM.ret_ptr_dfflrs.qout_r	u_eI_cpu.u_eJ_core.u_eK_ifu.u_eL_ifu_iftMicb.leftover_dffl.qout_r[N]	u_e203_cpu.u_e203_core.u_e203_exu.u_e203_exu_oitf.depth_gt1.ret_ptr_dfflrs.qout_r$_DFFE_PN0P_/Q	u_e203_cpu.u_e203_core.u_e203_ifu.u_e203_ifu_ift2icb.leftover_dffl.qout_r[10]$_DFFE_PP_/D
789	-0.2387	u_eI_cpu.u_eJ_core.u_eK_exu.u_eL_exu_oitf.depth_gtM.ret_ptr_flg_dfflrs.qout_r	u_eI_cpu.u_eJ_core.u_eK_ifu.u_eL_ifu_iftMicb.u_eN_ifetch_rsp_bypbuf.u_bypbuf_fifo.dp_gtO.vec_P_dfflrs.qout_r	u_e203_cpu.u_e203_core.u_e203_exu.u_e203_exu_oitf.depth_gt1.ret_ptr_flg_dfflrs.qout_r$_DFFE_PN0P_/Q	u_e203_cpu.u_e203_core.u_e203_ifu.u_e203_ifu_ift2icb.u_e203_ifetch_rsp_bypbuf.u_bypbuf_fifo.dp_gt0.vec_0_dfflrs.qout_r$_DFFE_PN1P_/D
790	-0.2385	u_eI_cpu.u_eJ_core.u_eK_exu.u_eL_exu_oitf.depth_gtM.alc_ptr_flg_dfflrs.qout_r	u_eI_cpu.u_eJ_core.u_eK_ifu.u_eL_ifu_iftMicb.u_eN_ifetch_rsp_bypbuf.u_bypbuf_fifo.dp_gtO.vec_P_dfflrs.qout_r	u_e203_cpu.u_e203_core.u_e203_exu.u_e203_exu_oitf.depth_gt1.alc_ptr_flg_dfflrs.qout_r$_DFFE_PN0P_/Q	u_e203_cpu.u_e203_core.u_e203_ifu.u_e203_ifu_ift2icb.u_e203_ifetch_rsp_bypbuf.u_bypbuf_fifo.dp_gt0.vec_0_dfflrs.qout_r$_DFFE_PN1P_/D
791	-0.2368	u_eI_cpu.u_eJ_core.u_eK_lsu.u_eL_lsu_ctrl.u_eM_lsu_splt_stage.dp_gt_N.vld_dfflr.qout_r	u_eI_cpu.u_eJ_core.u_eK_biu.u_sirv_gnrl_icb_buffer.u_sirv_gnrl_cmd_fifo.dp_gtL.vec_M_dfflrs.qout_r	u_e203_cpu.u_e203_core.u_e203_lsu.u_e203_lsu_ctrl.u_e203_lsu_splt_stage.dp_gt_0.vld_dfflr.qout_r$_DFFE_PN0P_/Q	u_e203_cpu.u_e203_core.u_e203_biu.u_sirv_gnrl_icb_buffer.u_sirv_gnrl_cmd_fifo.dp_gt0.vec_0_dfflrs.qout_r$_DFFE_PN1P_/D
792	-0.2368	u_eI_cpu.u_eJ_core.u_eK_ifu.u_eL_ifu_ifetch.ifu_err_dfflr.qout_r	u_eI_cpu.u_eJ_core.u_eK_ifu.u_eL_ifu_iftMicb.icbNitcm_dfflr.qout_r	u_e203_cpu.u_e203_core.u_e203_ifu.u_e203_ifu_ifetch.ifu_err_dfflr.qout_r$_DFFE_PN0P_/Q	u_e203_cpu.u_e203_core.u_e203_ifu.u_e203_ifu_ift2icb.icb2itcm_dfflr.qout_r$_DFFE_PN0P_/D
793	-0.2357	u_eI_cpu.u_eJ_core.u_eK_exu.u_eL_exu_alu.u_eM_exu_alu_lsuagu.icb_state_dfflr.qout_r[N]	u_eI_cpu.u_eJ_core.u_eK_ifu.u_eL_ifu_iftMicb.req_lane_cross_dfflr.qout_r	u_e203_cpu.u_e203_core.u_e203_exu.u_e203_exu_alu.u_e203_exu_alu_lsuagu.icb_state_dfflr.qout_r[1]$_DFFE_PN0P_/Q	u_e203_cpu.u_e203_core.u_e203_ifu.u_e203_ifu_ift2icb.req_lane_cross_dfflr.qout_r$_DFFE_PN0P_/D
794	-0.2357	u_eI_cpu.u_eJ_core.u_eK_exu.u_eL_exu_alu.u_eM_exu_alu_lsuagu.icb_state_dfflr.qout_r[N]	u_eI_cpu.u_eJ_core.u_eK_ifu.u_eL_ifu_iftMicb.req_need_Nuop_dfflr.qout_r	u_e203_cpu.u_e203_core.u_e203_exu.u_e203_exu_alu.u_e203_exu_alu_lsuagu.icb_state_dfflr.qout_r[1]$_DFFE_PN0P_/Q	u_e203_cpu.u_e203_core.u_e203_ifu.u_e203_ifu_ift2icb.req_need_2uop_dfflr.qout_r$_DFFE_PN0P_/D
795	-0.2357	u_eI_cpu.u_eJ_core.u_eK_exu.u_eL_exu_alu.u_eM_exu_alu_lsuagu.icb_state_dfflr.qout_r[N]	u_eI_cpu.u_eJ_core.u_eK_ifu.u_eL_ifu_iftMicb.req_same_cross_holdup_dfflr.qout_r	u_e203_cpu.u_e203_core.u_e203_exu.u_e203_exu_alu.u_e203_exu_alu_lsuagu.icb_state_dfflr.qout_r[1]$_DFFE_PN0P_/Q	u_e203_cpu.u_e203_core.u_e203_ifu.u_e203_ifu_ift2icb.req_same_cross_holdup_dfflr.qout_r$_DFFE_PN0P_/D
796	-0.2352	u_eI_cpu.u_eJ_core.u_eK_exu.u_eL_exu_csr.mie_dfflr.qout_r[M]	u_eI_cpu.u_eJ_core.u_eK_biu.u_sirv_gnrl_icb_buffer.u_sirv_gnrl_cmd_fifo.dp_gtL.fifo_rf[M].fifo_rf_dffl.qout_r[N]	u_e203_cpu.u_e203_core.u_e203_exu.u_e203_exu_csr.mie_dfflr.qout_r[7]$_DFFE_PN0P_/Q	u_e203_cpu.u_e203_core.u_e203_biu.u_sirv_gnrl_icb_buffer.u_sirv_gnrl_cmd_fifo.dp_gt0.fifo_rf[0].fifo_rf_dffl.qout_r[0]$_DFFE_PP_/D
797	-0.2348	u_eI_cpu.u_eJ_core.u_eK_ifu.u_eL_ifu_ifetch.ifu_hi_ir_dfflr.qout_r[M]	u_eI_cpu.u_eJ_core.u_eK_exu.u_eL_exu_alu.u_eM_exu_alu_lsuagu.icb_state_dfflr.qout_r[N]	u_e203_cpu.u_e203_core.u_e203_ifu.u_e203_ifu_ifetch.ifu_hi_ir_dfflr.qout_r[10]$_DFFE_PN0P_/Q	u_e203_cpu.u_e203_core.u_e203_exu.u_e203_exu_alu.u_e203_exu_alu_lsuagu.icb_state_dfflr.qout_r[1]$_DFFE_PN0P_/D
798	-0.2348	u_eI_cpu.u_eJ_core.u_eK_exu.u_eL_exu_oitf.depth_gtM.ret_ptr_flg_dfflrs.qout_r	u_eI_cpu.u_eJ_core.u_eK_biu.u_biu_icb_arbt.arbt_num_gt_L_gen.dp_M.u_sirv_gnrl_rspid_fifo.dp_gt_N.dat_dfflr.qout_r	u_e203_cpu.u_e203_core.u_e203_exu.u_e203_exu_oitf.depth_gt1.ret_ptr_flg_dfflrs.qout_r$_DFFE_PN0P_/Q	u_e203_cpu.u_e203_core.u_e203_biu.u_biu_icb_arbt.arbt_num_gt_1_gen.dp_1.u_sirv_gnrl_rspid_fifo.dp_gt_0.dat_dfflr.qout_r$_DFFE_PP_/D
799	-0.2346	u_eI_cpu.u_eJ_core.u_eK_exu.u_eL_exu_oitf.depth_gtM.alc_ptr_flg_dfflrs.qout_r	u_eI_cpu.u_eJ_core.u_eK_biu.u_biu_icb_arbt.arbt_num_gt_L_gen.dp_M.u_sirv_gnrl_rspid_fifo.dp_gt_N.dat_dfflr.qout_r	u_e203_cpu.u_e203_core.u_e203_exu.u_e203_exu_oitf.depth_gt1.alc_ptr_flg_dfflrs.qout_r$_DFFE_PN0P_/Q	u_e203_cpu.u_e203_core.u_e203_biu.u_biu_icb_arbt.arbt_num_gt_1_gen.dp_1.u_sirv_gnrl_rspid_fifo.dp_gt_0.dat_dfflr.qout_r$_DFFE_PP_/D
800	-0.2346	u_eI_cpu.u_eJ_core.u_eK_ifu.u_eL_ifu_ifetch.ifu_err_dfflr.qout_r	u_eI_cpu.u_eJ_core.u_eK_ifu.u_eL_ifu_iftMicb.leftover_err_dfflr.qout_r	u_e203_cpu.u_e203_core.u_e203_ifu.u_e203_ifu_ifetch.ifu_err_dfflr.qout_r$_DFFE_PN0P_/Q	u_e203_cpu.u_e203_core.u_e203_ifu.u_e203_ifu_ift2icb.leftover_err_dfflr.qout_r$_DFFE_PN0P_/D
801	-0.2339	u_eI_cpu.u_eJ_core.u_eK_exu.u_eL_exu_oitf.depth_gtM.ret_ptr_dfflrs.qout_r	u_eI_cpu.u_eJ_core.u_eK_biu.u_sirv_gnrl_icb_buffer.u_sirv_gnrl_cmd_fifo.dp_gtL.vec_M_dfflrs.qout_r	u_e203_cpu.u_e203_core.u_e203_exu.u_e203_exu_oitf.depth_gt1.ret_ptr_dfflrs.qout_r$_DFFE_PN0P_/Q	u_e203_cpu.u_e203_core.u_e203_biu.u_sirv_gnrl_icb_buffer.u_sirv_gnrl_cmd_fifo.dp_gt0.vec_0_dfflrs.qout_r$_DFFE_PN1P_/D
802	-0.2338	u_eI_cpu.u_eJ_core.u_eK_lsu.u_eL_lsu_ctrl.u_eM_lsu_splt_stage.dp_gt_N.vld_dfflr.qout_r	u_eI_cpu.u_eJ_core.u_eK_biu.u_sirv_gnrl_icb_buffer.u_sirv_gnrl_cmd_fifo.dp_gtL.vec_M_dfflr.qout_r	u_e203_cpu.u_e203_core.u_e203_lsu.u_e203_lsu_ctrl.u_e203_lsu_splt_stage.dp_gt_0.vld_dfflr.qout_r$_DFFE_PN0P_/Q	u_e203_cpu.u_e203_core.u_e203_biu.u_sirv_gnrl_icb_buffer.u_sirv_gnrl_cmd_fifo.dp_gt0.vec_31_dfflr.qout_r$_DFFE_PN0P_/D
803	-0.2335	u_eI_cpu.u_eJ_core.u_eK_exu.u_eL_exu_oitf.depth_gtM.ret_ptr_flg_dfflrs.qout_r	u_eI_cpu.u_eJ_core.u_eK_ifu.u_eL_ifu_ifetch.ir_rsMidx_dfflr.qout_r[N]	u_e203_cpu.u_e203_core.u_e203_exu.u_e203_exu_oitf.depth_gt1.ret_ptr_flg_dfflrs.qout_r$_DFFE_PN0P_/Q	u_e203_cpu.u_e203_core.u_e203_ifu.u_e203_ifu_ifetch.ir_rs2idx_dfflr.qout_r[0]$_DFFE_PN0P_/D
804	-0.2333	u_eI_cpu.u_eJ_core.u_eK_exu.u_eL_exu_oitf.depth_gtM.alc_ptr_flg_dfflrs.qout_r	u_eI_cpu.u_eJ_core.u_eK_ifu.u_eL_ifu_ifetch.ir_rsMidx_dfflr.qout_r[N]	u_e203_cpu.u_e203_core.u_e203_exu.u_e203_exu_oitf.depth_gt1.alc_ptr_flg_dfflrs.qout_r$_DFFE_PN0P_/Q	u_e203_cpu.u_e203_core.u_e203_ifu.u_e203_ifu_ifetch.ir_rs2idx_dfflr.qout_r[0]$_DFFE_PN0P_/D
805	-0.2333	u_eI_cpu.u_eJ_core.u_eK_ifu.u_eL_ifu_ifetch.ifu_hi_ir_dfflr.qout_r[M]	u_eI_cpu.u_eJ_itcm_ctrl.u_itcm_icb_lsuKitcm_nLw.fifo_dp_M.u_sirv_gnrl_nNw_fifo.dp_gt_O.dat_dfflr.qout_r	u_e203_cpu.u_e203_core.u_e203_ifu.u_e203_ifu_ifetch.ifu_hi_ir_dfflr.qout_r[10]$_DFFE_PN0P_/Q	u_e203_cpu.u_e203_itcm_ctrl.u_itcm_icb_lsu2itcm_n2w.fifo_dp_1.u_sirv_gnrl_n2w_fifo.dp_gt_0.dat_dfflr.qout_r$_DFFE_PP_/D
806	-0.2333	u_eI_cpu.u_eJ_core.u_eK_lsu.u_eL_lsu_ctrl.u_eM_lsu_splt_stage.dp_gt_N.vld_dfflr.qout_r	u_eI_cpu.u_eJ_core.u_eK_ifu.u_eL_ifu_ifetch.ifu_hi_ir_dfflr.qout_r[M]	u_e203_cpu.u_e203_core.u_e203_lsu.u_e203_lsu_ctrl.u_e203_lsu_splt_stage.dp_gt_0.vld_dfflr.qout_r$_DFFE_PN0P_/Q	u_e203_cpu.u_e203_core.u_e203_ifu.u_e203_ifu_ifetch.ifu_hi_ir_dfflr.qout_r[8]$_DFFE_PN0P_/D
807	-0.2323	u_eI_cpu.u_eJ_core.u_eK_exu.u_eL_exu_regfile.regfile[M].rfnoN.rf_dffl.qout_r[O]	u_eI_cpu.u_eJ_core.u_eK_biu.u_sirv_gnrl_icb_buffer.u_sirv_gnrl_cmd_fifo.dp_gtL.fifo_rf[M].fifo_rf_dffl.qout_r[N]	u_e203_cpu.u_e203_core.u_e203_exu.u_e203_exu_regfile.regfile[29].rfno0.rf_dffl.qout_r[31]$_DFFE_PP_/Q	u_e203_cpu.u_e203_core.u_e203_biu.u_sirv_gnrl_icb_buffer.u_sirv_gnrl_cmd_fifo.dp_gt0.fifo_rf[0].fifo_rf_dffl.qout_r[0]$_DFFE_PP_/D
808	-0.2322	u_eI_cpu.u_eJ_core.u_eK_exu.u_eL_exu_oitf.depth_gtM.ret_ptr_flg_dfflrs.qout_r	u_eI_cpu.u_eJ_core.u_eK_ifu.u_eL_ifu_ifetch.pc_dfflr.qout_r[M]	u_e203_cpu.u_e203_core.u_e203_exu.u_e203_exu_oitf.depth_gt1.ret_ptr_flg_dfflrs.qout_r$_DFFE_PN0P_/Q	u_e203_cpu.u_e203_core.u_e203_ifu.u_e203_ifu_ifetch.pc_dfflr.qout_r[19]$_DFFE_PN0P_/D
809	-0.2321	u_eI_cpu.u_eJ_core.u_eK_exu.u_eL_exu_oitf.depth_gtM.alc_ptr_flg_dfflrs.qout_r	u_eI_cpu.u_eJ_core.u_eK_ifu.u_eL_ifu_ifetch.pc_dfflr.qout_r[M]	u_e203_cpu.u_e203_core.u_e203_exu.u_e203_exu_oitf.depth_gt1.alc_ptr_flg_dfflrs.qout_r$_DFFE_PN0P_/Q	u_e203_cpu.u_e203_core.u_e203_ifu.u_e203_ifu_ifetch.pc_dfflr.qout_r[19]$_DFFE_PN0P_/D
810	-0.2313	u_eI_cpu.u_eJ_core.u_eK_ifu.u_eL_ifu_ifetch.ifu_hi_ir_dfflr.qout_r[M]	u_eI_cpu.u_eJ_core.u_eK_exu.u_eL_exu_csr.mcycleh_dfflr.qout_r[M]	u_e203_cpu.u_e203_core.u_e203_ifu.u_e203_ifu_ifetch.ifu_hi_ir_dfflr.qout_r[10]$_DFFE_PN0P_/Q	u_e203_cpu.u_e203_core.u_e203_exu.u_e203_exu_csr.mcycleh_dfflr.qout_r[10]$_DFFE_PN0P_/D
811	-0.2308	u_eI_cpu.u_eJ_core.u_eK_ifu.u_eL_ifu_ifetch.ifu_err_dfflr.qout_r	u_eI_cpu.u_eJ_core.u_eK_ifu.u_eL_ifu_ifetch.ifu_lo_ir_dfflr.qout_r[M]	u_e203_cpu.u_e203_core.u_e203_ifu.u_e203_ifu_ifetch.ifu_err_dfflr.qout_r$_DFFE_PN0P_/Q	u_e203_cpu.u_e203_core.u_e203_ifu.u_e203_ifu_ifetch.ifu_lo_ir_dfflr.qout_r[8]$_DFFE_PN0P_/D
812	-0.2308	u_eI_cpu.u_eJ_core.u_eK_ifu.u_eL_ifu_ifetch.ifu_err_dfflr.qout_r	u_eI_cpu.u_eJ_core.u_eK_ifu.u_eL_ifu_ifetch.ifu_err_dfflr.qout_r	u_e203_cpu.u_e203_core.u_e203_ifu.u_e203_ifu_ifetch.ifu_err_dfflr.qout_r$_DFFE_PN0P_/Q	u_e203_cpu.u_e203_core.u_e203_ifu.u_e203_ifu_ifetch.ifu_err_dfflr.qout_r$_DFFE_PN0P_/D
813	-0.2308	u_eI_cpu.u_eJ_core.u_eK_exu.u_eL_exu_oitf.depth_gtM.ret_ptr_dfflrs.qout_r	u_eI_cpu.u_eJ_core.u_eK_biu.u_sirv_gnrl_icb_buffer.u_sirv_gnrl_cmd_fifo.dp_gtL.vec_M_dfflr.qout_r	u_e203_cpu.u_e203_core.u_e203_exu.u_e203_exu_oitf.depth_gt1.ret_ptr_dfflrs.qout_r$_DFFE_PN0P_/Q	u_e203_cpu.u_e203_core.u_e203_biu.u_sirv_gnrl_icb_buffer.u_sirv_gnrl_cmd_fifo.dp_gt0.vec_31_dfflr.qout_r$_DFFE_PN0P_/D
814	-0.2308	u_eI_cpu.u_eJ_core.u_eK_ifu.u_eL_ifu_ifetch.ifu_err_dfflr.qout_r	u_eI_cpu.u_eJ_core.u_eK_ifu.u_eL_ifu_ifetch.ifu_prdt_taken_dfflr.qout_r	u_e203_cpu.u_e203_core.u_e203_ifu.u_e203_ifu_ifetch.ifu_err_dfflr.qout_r$_DFFE_PN0P_/Q	u_e203_cpu.u_e203_core.u_e203_ifu.u_e203_ifu_ifetch.ifu_prdt_taken_dfflr.qout_r$_DFFE_PN0P_/D
815	-0.2304	u_eI_cpu.u_eJ_core.u_eK_exu.u_eL_exu_alu.u_eM_exu_alu_lsuagu.icb_state_dfflr.qout_r[N]	u_eI_cpu.u_eJ_core.u_eK_ifu.u_eL_ifu_iftMicb.u_eN_ifetch_rsp_bypbuf.u_bypbuf_fifo.dp_gtO.fifo_rf[P].fifo_rf_dffl.qout_r[Q]	u_e203_cpu.u_e203_core.u_e203_exu.u_e203_exu_alu.u_e203_exu_alu_lsuagu.icb_state_dfflr.qout_r[1]$_DFFE_PN0P_/Q	u_e203_cpu.u_e203_core.u_e203_ifu.u_e203_ifu_ift2icb.u_e203_ifetch_rsp_bypbuf.u_bypbuf_fifo.dp_gt0.fifo_rf[0].fifo_rf_dffl.qout_r[10]$_DFFE_PP_/D
816	-0.2303	u_eI_cpu.u_eJ_core.u_eK_exu.u_eL_exu_oitf.depth_gtM.ret_ptr_dfflrs.qout_r	u_eI_cpu.u_eJ_core.u_eK_ifu.u_eL_ifu_ifetch.ifu_hi_ir_dfflr.qout_r[M]	u_e203_cpu.u_e203_core.u_e203_exu.u_e203_exu_oitf.depth_gt1.ret_ptr_dfflrs.qout_r$_DFFE_PN0P_/Q	u_e203_cpu.u_e203_core.u_e203_ifu.u_e203_ifu_ifetch.ifu_hi_ir_dfflr.qout_r[8]$_DFFE_PN0P_/D
817	-0.2301	u_eI_cpu.u_eJ_core.u_eK_exu.u_eL_exu_alu.u_eM_exu_alu_dpath.sbf_N_dffl.qout_r[O]	core_wfi	u_e203_cpu.u_e203_core.u_e203_exu.u_e203_exu_alu.u_e203_exu_alu_dpath.sbf_0_dffl.qout_r[32]$_SDFFCE_PN0P_/Q	core_wfi
818	-0.2289	u_eI_cpu.u_eJ_core.u_eK_ifu.u_eL_ifu_ifetch.ifu_err_dfflr.qout_r	u_eI_cpu.u_eJ_core.u_eK_ifu.u_eL_ifu_iftMicb.icb_state_dfflr.qout_r[N]	u_e203_cpu.u_e203_core.u_e203_ifu.u_e203_ifu_ifetch.ifu_err_dfflr.qout_r$_DFFE_PN0P_/Q	u_e203_cpu.u_e203_core.u_e203_ifu.u_e203_ifu_ift2icb.icb_state_dfflr.qout_r[0]$_DFFE_PN0P_/D
819	-0.2279	u_eI_cpu.u_eJ_core.u_eK_lsu.u_eL_lsu_ctrl.u_eM_lsu_splt_stage.dp_gt_N.vld_dfflr.qout_r	u_eI_cpu.u_eJ_core.u_eK_ifu.u_eL_ifu_iftMicb.u_eN_ifetch_rsp_bypbuf.u_bypbuf_fifo.dp_gtO.vec_P_dfflrs.qout_r	u_e203_cpu.u_e203_core.u_e203_lsu.u_e203_lsu_ctrl.u_e203_lsu_splt_stage.dp_gt_0.vld_dfflr.qout_r$_DFFE_PN0P_/Q	u_e203_cpu.u_e203_core.u_e203_ifu.u_e203_ifu_ift2icb.u_e203_ifetch_rsp_bypbuf.u_bypbuf_fifo.dp_gt0.vec_0_dfflrs.qout_r$_DFFE_PN1P_/D
820	-0.2277	u_eI_cpu.u_eJ_core.u_eK_exu.u_eL_exu_csr.mie_dfflr.qout_r[M]	u_eI_cpu.u_eJ_core.u_eK_ifu.u_eL_ifu_iftMicb.leftover_dffl.qout_r[N]	u_e203_cpu.u_e203_core.u_e203_exu.u_e203_exu_csr.mie_dfflr.qout_r[7]$_DFFE_PN0P_/Q	u_e203_cpu.u_e203_core.u_e203_ifu.u_e203_ifu_ift2icb.leftover_dffl.qout_r[10]$_DFFE_PP_/D
821	-0.2275	u_eI_cpu.u_eJ_core.u_eK_ifu.u_eL_ifu_ifetch.ifu_err_dfflr.qout_r	u_eI_cpu.u_eJ_itcm_ctrl.u_sram_icb_ctrl.u_byp_icb_cmd_buf.u_bypbuf_fifo.dp_gtK.vec_L_dfflr.qout_r	u_e203_cpu.u_e203_core.u_e203_ifu.u_e203_ifu_ifetch.ifu_err_dfflr.qout_r$_DFFE_PN0P_/Q	u_e203_cpu.u_e203_itcm_ctrl.u_sram_icb_ctrl.u_byp_icb_cmd_buf.u_bypbuf_fifo.dp_gt0.vec_31_dfflr.qout_r$_DFFE_PN0P_/D
822	-0.2274	u_eI_cpu.u_eJ_core.u_eK_exu.u_eL_exu_alu.u_eM_exu_alu_lsuagu.icb_state_dfflr.qout_r[N]	u_eI_cpu.u_eJ_core.u_eK_ifu.u_eL_ifu_iftMicb.icbNmem_dfflr.qout_r	u_e203_cpu.u_e203_core.u_e203_exu.u_e203_exu_alu.u_e203_exu_alu_lsuagu.icb_state_dfflr.qout_r[1]$_DFFE_PN0P_/Q	u_e203_cpu.u_e203_core.u_e203_ifu.u_e203_ifu_ift2icb.icb2mem_dfflr.qout_r$_DFFE_PN0P_/D
823	-0.2265	u_eI_cpu.u_eJ_itcm_ctrl.u_sram_icb_ctrl.u_sirv_Kcyc_sram_ctrl.u_eL_stage.dp_gt_M.vld_dfflr.qout_r	u_eI_cpu.u_eJ_itcm_ctrl.u_sram_icb_ctrl.u_byp_icb_cmd_buf.u_bypbuf_fifo.dp_gtK.fifo_rf[L].fifo_rf_dffl.qout_r[M]	u_e203_cpu.u_e203_itcm_ctrl.u_sram_icb_ctrl.u_sirv_1cyc_sram_ctrl.u_e1_stage.dp_gt_0.vld_dfflr.qout_r$_DFFE_PN0P_/Q	u_e203_cpu.u_e203_itcm_ctrl.u_sram_icb_ctrl.u_byp_icb_cmd_buf.u_bypbuf_fifo.dp_gt0.fifo_rf[0].fifo_rf_dffl.qout_r[42]$_DFFE_PP_/D
824	-0.2260	u_eI_cpu.u_eJ_core.u_eK_ifu.u_eL_ifu_ifetch.ir_rsMidx_dfflr.qout_r[N]	u_eI_cpu.u_eJ_itcm_ctrl.u_itcm_icb_extKitcm_nLw.fifo_dp_M.u_sirv_gnrl_nNw_fifo.dp_gt_O.dat_dfflr.qout_r	u_e203_cpu.u_e203_core.u_e203_ifu.u_e203_ifu_ifetch.ir_rs2idx_dfflr.qout_r[4]$_DFFE_PN0P_/Q	u_e203_cpu.u_e203_itcm_ctrl.u_itcm_icb_ext2itcm_n2w.fifo_dp_1.u_sirv_gnrl_n2w_fifo.dp_gt_0.dat_dfflr.qout_r$_DFFE_PP_/D
825	-0.2250	u_eI_cpu.u_eJ_core.u_eK_exu.u_eL_exu_oitf.depth_gtM.ret_ptr_dfflrs.qout_r	u_eI_cpu.u_eJ_core.u_eK_ifu.u_eL_ifu_iftMicb.u_eN_ifetch_rsp_bypbuf.u_bypbuf_fifo.dp_gtO.vec_P_dfflrs.qout_r	u_e203_cpu.u_e203_core.u_e203_exu.u_e203_exu_oitf.depth_gt1.ret_ptr_dfflrs.qout_r$_DFFE_PN0P_/Q	u_e203_cpu.u_e203_core.u_e203_ifu.u_e203_ifu_ift2icb.u_e203_ifetch_rsp_bypbuf.u_bypbuf_fifo.dp_gt0.vec_0_dfflrs.qout_r$_DFFE_PN1P_/D
826	-0.2248	u_eI_cpu.u_eJ_core.u_eK_exu.u_eL_exu_regfile.regfile[M].rfnoN.rf_dffl.qout_r[O]	u_eI_cpu.u_eJ_core.u_eK_ifu.u_eL_ifu_iftMicb.leftover_dffl.qout_r[N]	u_e203_cpu.u_e203_core.u_e203_exu.u_e203_exu_regfile.regfile[29].rfno0.rf_dffl.qout_r[31]$_DFFE_PP_/Q	u_e203_cpu.u_e203_core.u_e203_ifu.u_e203_ifu_ift2icb.leftover_dffl.qout_r[10]$_DFFE_PP_/D
827	-0.2240	u_eI_cpu.u_eJ_core.u_eK_lsu.u_eL_lsu_ctrl.u_eM_lsu_splt_stage.dp_gt_N.vld_dfflr.qout_r	u_eI_cpu.u_eJ_core.u_eK_biu.u_biu_icb_arbt.arbt_num_gt_L_gen.dp_M.u_sirv_gnrl_rspid_fifo.dp_gt_N.dat_dfflr.qout_r	u_e203_cpu.u_e203_core.u_e203_lsu.u_e203_lsu_ctrl.u_e203_lsu_splt_stage.dp_gt_0.vld_dfflr.qout_r$_DFFE_PN0P_/Q	u_e203_cpu.u_e203_core.u_e203_biu.u_biu_icb_arbt.arbt_num_gt_1_gen.dp_1.u_sirv_gnrl_rspid_fifo.dp_gt_0.dat_dfflr.qout_r$_DFFE_PP_/D
828	-0.2240	u_eI_cpu.u_eJ_itcm_ctrl.u_itcm_icb_arbt.arbt_num_gt_K_gen.dp_L.u_sirv_gnrl_rspid_fifo.dp_gt_M.vld_dfflr.qout_r	u_eI_cpu.u_eJ_itcm_ctrl.u_sram_icb_ctrl.u_byp_icb_cmd_buf.u_bypbuf_fifo.dp_gtK.fifo_rf[L].fifo_rf_dffl.qout_r[M]	u_e203_cpu.u_e203_itcm_ctrl.u_itcm_icb_arbt.arbt_num_gt_1_gen.dp_1.u_sirv_gnrl_rspid_fifo.dp_gt_0.vld_dfflr.qout_r$_DFFE_PN0P_/Q	u_e203_cpu.u_e203_itcm_ctrl.u_sram_icb_ctrl.u_byp_icb_cmd_buf.u_bypbuf_fifo.dp_gt0.fifo_rf[0].fifo_rf_dffl.qout_r[42]$_DFFE_PP_/D
829	-0.2227	u_eI_cpu.u_eJ_core.u_eK_lsu.u_eL_lsu_ctrl.u_eM_lsu_splt_stage.dp_gt_N.vld_dfflr.qout_r	u_eI_cpu.u_eJ_core.u_eK_ifu.u_eL_ifu_ifetch.ir_rsMidx_dfflr.qout_r[N]	u_e203_cpu.u_e203_core.u_e203_lsu.u_e203_lsu_ctrl.u_e203_lsu_splt_stage.dp_gt_0.vld_dfflr.qout_r$_DFFE_PN0P_/Q	u_e203_cpu.u_e203_core.u_e203_ifu.u_e203_ifu_ifetch.ir_rs2idx_dfflr.qout_r[0]$_DFFE_PN0P_/D
830	-0.2223	u_eI_cpu.u_eJ_core.u_eK_ifu.u_eL_ifu_ifetch.ifu_err_dfflr.qout_r	u_eI_srams.u_eJ_itcm_ram.u_eK_itcm_gnrl_ram.u_sirv_sim_ram.mem_r[L][M]	u_e203_cpu.u_e203_core.u_e203_ifu.u_e203_ifu_ifetch.ifu_err_dfflr.qout_r$_DFFE_PN0P_/Q	u_e203_srams.u_e203_itcm_ram.u_e203_itcm_gnrl_ram.u_sirv_sim_ram.mem_r[0][32]$_DFFE_PP_/D
831	-0.2222	u_eI_cpu.u_eJ_core.u_eK_ifu.u_eL_ifu_ifetch.ir_rsMidx_dfflr.qout_r[N]	u_eI_cpu.u_eJ_dtcm_ctrl.u_sram_icb_ctrl.u_byp_icb_cmd_buf.u_bypbuf_fifo.dp_gtK.vec_L_dfflr.qout_r	u_e203_cpu.u_e203_core.u_e203_ifu.u_e203_ifu_ifetch.ir_rs2idx_dfflr.qout_r[4]$_DFFE_PN0P_/Q	u_e203_cpu.u_e203_dtcm_ctrl.u_sram_icb_ctrl.u_byp_icb_cmd_buf.u_bypbuf_fifo.dp_gt0.vec_31_dfflr.qout_r$_DFFE_PN0P_/D
832	-0.2220	u_eI_cpu.u_eJ_core.u_eK_exu.u_eL_exu_oitf.depth_gtM.ret_ptr_flg_dfflrs.qout_r	u_eI_cpu.u_eJ_core.u_eK_ifu.u_eL_ifu_iftMicb.icb_addr_N_O_dffl.qout_r[P]	u_e203_cpu.u_e203_core.u_e203_exu.u_e203_exu_oitf.depth_gt1.ret_ptr_flg_dfflrs.qout_r$_DFFE_PN0P_/Q	u_e203_cpu.u_e203_core.u_e203_ifu.u_e203_ifu_ift2icb.icb_addr_2_1_dffl.qout_r[0]$_DFFE_PP_/D
833	-0.2219	u_eI_cpu.u_eJ_core.u_eK_exu.u_eL_exu_oitf.depth_gtM.alc_ptr_flg_dfflrs.qout_r	u_eI_cpu.u_eJ_core.u_eK_ifu.u_eL_ifu_iftMicb.icb_addr_N_O_dffl.qout_r[P]	u_e203_cpu.u_e203_core.u_e203_exu.u_e203_exu_oitf.depth_gt1.alc_ptr_flg_dfflrs.qout_r$_DFFE_PN0P_/Q	u_e203_cpu.u_e203_core.u_e203_ifu.u_e203_ifu_ift2icb.icb_addr_2_1_dffl.qout_r[0]$_DFFE_PP_/D
834	-0.2217	u_eI_cpu.u_eJ_core.u_eK_exu.u_eL_exu_csr.mie_dfflr.qout_r[M]	u_eI_cpu.u_eJ_core.u_eK_biu.u_sirv_gnrl_icb_buffer.u_sirv_gnrl_cmd_fifo.dp_gtL.vec_M_dfflrs.qout_r	u_e203_cpu.u_e203_core.u_e203_exu.u_e203_exu_csr.mie_dfflr.qout_r[7]$_DFFE_PN0P_/Q	u_e203_cpu.u_e203_core.u_e203_biu.u_sirv_gnrl_icb_buffer.u_sirv_gnrl_cmd_fifo.dp_gt0.vec_0_dfflrs.qout_r$_DFFE_PN1P_/D
835	-0.2215	u_eI_cpu.u_eJ_core.u_eK_exu.u_eL_exu_oitf.depth_gtM.alc_ptr_dfflrs.qout_r	u_eI_cpu.u_eJ_itcm_ctrl.u_sram_icb_ctrl.u_byp_icb_cmd_buf.u_bypbuf_fifo.dp_gtK.fifo_rf[L].fifo_rf_dffl.qout_r[M]	u_e203_cpu.u_e203_core.u_e203_exu.u_e203_exu_oitf.depth_gt1.alc_ptr_dfflrs.qout_r$_DFFE_PN0P_/Q	u_e203_cpu.u_e203_itcm_ctrl.u_sram_icb_ctrl.u_byp_icb_cmd_buf.u_bypbuf_fifo.dp_gt0.fifo_rf[0].fifo_rf_dffl.qout_r[42]$_DFFE_PP_/D
836	-0.2215	u_eI_cpu.u_eJ_core.u_eK_lsu.u_eL_lsu_ctrl.u_eM_lsu_splt_stage.dp_gt_N.dat_dfflr.qout_r[O]	u_eI_cpu.u_eJ_itcm_ctrl.u_sram_icb_ctrl.u_byp_icb_cmd_buf.u_bypbuf_fifo.dp_gtK.fifo_rf[L].fifo_rf_dffl.qout_r[M]	u_e203_cpu.u_e203_core.u_e203_lsu.u_e203_lsu_ctrl.u_e203_lsu_splt_stage.dp_gt_0.dat_dfflr.qout_r[40]$_DFFE_PP_/Q	u_e203_cpu.u_e203_itcm_ctrl.u_sram_icb_ctrl.u_byp_icb_cmd_buf.u_bypbuf_fifo.dp_gt0.fifo_rf[0].fifo_rf_dffl.qout_r[42]$_DFFE_PP_/D
837	-0.2215	u_eI_cpu.u_eJ_core.u_eK_lsu.u_eL_lsu_ctrl.u_eM_lsu_splt_stage.dp_gt_N.vld_dfflr.qout_r	u_eI_cpu.u_eJ_core.u_eK_ifu.u_eL_ifu_ifetch.pc_dfflr.qout_r[M]	u_e203_cpu.u_e203_core.u_e203_lsu.u_e203_lsu_ctrl.u_e203_lsu_splt_stage.dp_gt_0.vld_dfflr.qout_r$_DFFE_PN0P_/Q	u_e203_cpu.u_e203_core.u_e203_ifu.u_e203_ifu_ifetch.pc_dfflr.qout_r[19]$_DFFE_PN0P_/D
838	-0.2213	u_eI_cpu.u_eJ_core.u_eK_exu.u_eL_exu_alu.u_eM_exu_alu_dpath.sbf_N_dffl.qout_r[O]	cmt_dcause_ena	u_e203_cpu.u_e203_core.u_e203_exu.u_e203_exu_alu.u_e203_exu_alu_dpath.sbf_1_dffl.qout_r[0]$_DFFE_PP_/Q	cmt_dcause_ena
839	-0.2211	u_eI_cpu.u_eJ_core.u_eK_exu.u_eL_exu_oitf.depth_gtM.ret_ptr_dfflrs.qout_r	u_eI_cpu.u_eJ_core.u_eK_biu.u_biu_icb_arbt.arbt_num_gt_L_gen.dp_M.u_sirv_gnrl_rspid_fifo.dp_gt_N.dat_dfflr.qout_r	u_e203_cpu.u_e203_core.u_e203_exu.u_e203_exu_oitf.depth_gt1.ret_ptr_dfflrs.qout_r$_DFFE_PN0P_/Q	u_e203_cpu.u_e203_core.u_e203_biu.u_biu_icb_arbt.arbt_num_gt_1_gen.dp_1.u_sirv_gnrl_rspid_fifo.dp_gt_0.dat_dfflr.qout_r$_DFFE_PP_/D
840	-0.2209	u_eI_cpu.u_eJ_core.u_eK_ifu.u_eL_ifu_ifetch.ifu_err_dfflr.qout_r	u_eI_cpu.u_eJ_core.u_eK_biu.u_biu_icb_arbt.arbt_num_gt_L_gen.dp_M.u_sirv_gnrl_rspid_fifo.dp_gt_N.vld_dfflr.qout_r	u_e203_cpu.u_e203_core.u_e203_ifu.u_e203_ifu_ifetch.ifu_err_dfflr.qout_r$_DFFE_PN0P_/Q	u_e203_cpu.u_e203_core.u_e203_biu.u_biu_icb_arbt.arbt_num_gt_1_gen.dp_1.u_sirv_gnrl_rspid_fifo.dp_gt_0.vld_dfflr.qout_r$_DFFE_PN0P_/D
841	-0.2208	u_eI_cpu.u_eJ_core.u_eK_exu.u_eL_exu_alu.u_eM_exu_alu_lsuagu.icb_state_dfflr.qout_r[N]	u_eI_cpu.u_eJ_core.u_eK_ifu.u_eL_ifu_ifetch.pc_newpend_dfflr.qout_r	u_e203_cpu.u_e203_core.u_e203_exu.u_e203_exu_alu.u_e203_exu_alu_lsuagu.icb_state_dfflr.qout_r[1]$_DFFE_PN0P_/Q	u_e203_cpu.u_e203_core.u_e203_ifu.u_e203_ifu_ifetch.pc_newpend_dfflr.qout_r$_DFFE_PN0P_/D
842	-0.2203	u_eI_cpu.u_eJ_irq_sync.master_gen.u_tmr_irq_sync.sync_gen[K].i_is_not_L.sync_dffr.qout_r	u_eI_cpu.u_eJ_itcm_ctrl.u_sram_icb_ctrl.u_byp_icb_cmd_buf.u_bypbuf_fifo.dp_gtK.fifo_rf[L].fifo_rf_dffl.qout_r[M]	u_e203_cpu.u_e203_irq_sync.master_gen.u_tmr_irq_sync.sync_gen[1].i_is_not_0.sync_dffr.qout_r$_DFF_PN0_/Q	u_e203_cpu.u_e203_itcm_ctrl.u_sram_icb_ctrl.u_byp_icb_cmd_buf.u_bypbuf_fifo.dp_gt0.fifo_rf[0].fifo_rf_dffl.qout_r[42]$_DFFE_PP_/D
843	-0.2198	u_eI_cpu.u_eJ_core.u_eK_exu.u_eL_exu_oitf.depth_gtM.ret_ptr_dfflrs.qout_r	u_eI_cpu.u_eJ_core.u_eK_ifu.u_eL_ifu_ifetch.ir_rsMidx_dfflr.qout_r[N]	u_e203_cpu.u_e203_core.u_e203_exu.u_e203_exu_oitf.depth_gt1.ret_ptr_dfflrs.qout_r$_DFFE_PN0P_/Q	u_e203_cpu.u_e203_core.u_e203_ifu.u_e203_ifu_ifetch.ir_rs2idx_dfflr.qout_r[1]$_DFFE_PN0P_/D
844	-0.2194	u_eI_cpu.u_eJ_core.u_eK_ifu.u_eL_ifu_ifetch.ifu_hi_ir_dfflr.qout_r[M]	u_eI_cpu.u_eJ_core.u_eK_exu.u_eL_exu_csr.status_mie_dfflr.qout_r	u_e203_cpu.u_e203_core.u_e203_ifu.u_e203_ifu_ifetch.ifu_hi_ir_dfflr.qout_r[10]$_DFFE_PN0P_/Q	u_e203_cpu.u_e203_core.u_e203_exu.u_e203_exu_csr.status_mie_dfflr.qout_r$_DFFE_PN0P_/D
845	-0.2189	u_eI_cpu.u_eJ_core.u_eK_exu.u_eL_exu_regfile.regfile[M].rfnoN.rf_dffl.qout_r[O]	u_eI_cpu.u_eJ_core.u_eK_biu.u_sirv_gnrl_icb_buffer.u_sirv_gnrl_cmd_fifo.dp_gtL.vec_M_dfflrs.qout_r	u_e203_cpu.u_e203_core.u_e203_exu.u_e203_exu_regfile.regfile[29].rfno0.rf_dffl.qout_r[31]$_DFFE_PP_/Q	u_e203_cpu.u_e203_core.u_e203_biu.u_sirv_gnrl_icb_buffer.u_sirv_gnrl_cmd_fifo.dp_gt0.vec_0_dfflrs.qout_r$_DFFE_PN1P_/D
846	-0.2187	u_eI_cpu.u_eJ_core.u_eK_exu.u_eL_exu_csr.mie_dfflr.qout_r[M]	u_eI_cpu.u_eJ_core.u_eK_biu.u_sirv_gnrl_icb_buffer.u_sirv_gnrl_cmd_fifo.dp_gtL.vec_M_dfflr.qout_r	u_e203_cpu.u_e203_core.u_e203_exu.u_e203_exu_csr.mie_dfflr.qout_r[7]$_DFFE_PN0P_/Q	u_e203_cpu.u_e203_core.u_e203_biu.u_sirv_gnrl_icb_buffer.u_sirv_gnrl_cmd_fifo.dp_gt0.vec_31_dfflr.qout_r$_DFFE_PN0P_/D
847	-0.2185	u_eI_cpu.u_eJ_core.u_eK_exu.u_eL_exu_oitf.depth_gtM.ret_ptr_dfflrs.qout_r	u_eI_cpu.u_eJ_core.u_eK_ifu.u_eL_ifu_ifetch.pc_dfflr.qout_r[M]	u_e203_cpu.u_e203_core.u_e203_exu.u_e203_exu_oitf.depth_gt1.ret_ptr_dfflrs.qout_r$_DFFE_PN0P_/Q	u_e203_cpu.u_e203_core.u_e203_ifu.u_e203_ifu_ifetch.pc_dfflr.qout_r[19]$_DFFE_PN0P_/D
848	-0.2182	u_eI_cpu.u_eJ_core.u_eK_exu.u_eL_exu_csr.mie_dfflr.qout_r[M]	u_eI_cpu.u_eJ_core.u_eK_ifu.u_eL_ifu_ifetch.ifu_hi_ir_dfflr.qout_r[M]	u_e203_cpu.u_e203_core.u_e203_exu.u_e203_exu_csr.mie_dfflr.qout_r[7]$_DFFE_PN0P_/Q	u_e203_cpu.u_e203_core.u_e203_ifu.u_e203_ifu_ifetch.ifu_hi_ir_dfflr.qout_r[8]$_DFFE_PN0P_/D
849	-0.2181	u_eI_cpu.u_eJ_core.u_eK_ifu.u_eL_ifu_ifetch.ifu_hi_ir_dfflr.qout_r[M]	u_eI_cpu.u_eJ_core.u_eK_exu.u_eL_exu_oitf.depth_gtM.alc_ptr_flg_dfflrs.qout_r	u_e203_cpu.u_e203_core.u_e203_ifu.u_e203_ifu_ifetch.ifu_hi_ir_dfflr.qout_r[10]$_DFFE_PN0P_/Q	u_e203_cpu.u_e203_core.u_e203_exu.u_e203_exu_oitf.depth_gt1.alc_ptr_flg_dfflrs.qout_r$_DFFE_PN0P_/D
850	-0.2177	u_eI_cpu.u_eJ_core.u_eK_ifu.u_eL_ifu_ifetch.ir_muldiv_bMb_dfflr.qout_r	cmt_dpc_ena	u_e203_cpu.u_e203_core.u_e203_ifu.u_e203_ifu_ifetch.ir_muldiv_b2b_dfflr.qout_r$_DFFE_PN0P_/Q	cmt_dpc_ena
851	-0.2176	u_eI_cpu.u_eJ_core.u_eK_exu.u_eL_exu_alu.u_eM_exu_alu_lsuagu.icb_state_dfflr.qout_r[N]	u_eI_cpu.u_eJ_core.u_eK_ifu.u_eL_ifu_iftMicb.icbNitcm_dfflr.qout_r	u_e203_cpu.u_e203_core.u_e203_exu.u_e203_exu_alu.u_e203_exu_alu_lsuagu.icb_state_dfflr.qout_r[1]$_DFFE_PN0P_/Q	u_e203_cpu.u_e203_core.u_e203_ifu.u_e203_ifu_ift2icb.icb2itcm_dfflr.qout_r$_DFFE_PN0P_/D
852	-0.2172	u_eI_cpu.u_eJ_irq_sync.master_gen.u_sft_irq_sync.sync_gen[K].i_is_not_L.sync_dffr.qout_r	u_eI_cpu.u_eJ_itcm_ctrl.u_sram_icb_ctrl.u_byp_icb_cmd_buf.u_bypbuf_fifo.dp_gtK.fifo_rf[L].fifo_rf_dffl.qout_r[M]	u_e203_cpu.u_e203_irq_sync.master_gen.u_sft_irq_sync.sync_gen[1].i_is_not_0.sync_dffr.qout_r$_DFF_PN0_/Q	u_e203_cpu.u_e203_itcm_ctrl.u_sram_icb_ctrl.u_byp_icb_cmd_buf.u_bypbuf_fifo.dp_gt0.fifo_rf[0].fifo_rf_dffl.qout_r[42]$_DFFE_PP_/D
853	-0.2171	u_eI_cpu.u_eJ_core.u_eK_exu.u_eL_exu_oitf.depth_gtM.ret_ptr_flg_dfflrs.qout_r	u_eI_cpu.u_eJ_core.u_eK_ifu.u_eL_ifu_iftMicb.req_lane_cross_dfflr.qout_r	u_e203_cpu.u_e203_core.u_e203_exu.u_e203_exu_oitf.depth_gt1.ret_ptr_flg_dfflrs.qout_r$_DFFE_PN0P_/Q	u_e203_cpu.u_e203_core.u_e203_ifu.u_e203_ifu_ift2icb.req_lane_cross_dfflr.qout_r$_DFFE_PN0P_/D
854	-0.2171	u_eI_cpu.u_eJ_core.u_eK_exu.u_eL_exu_oitf.depth_gtM.ret_ptr_flg_dfflrs.qout_r	u_eI_cpu.u_eJ_core.u_eK_ifu.u_eL_ifu_iftMicb.req_need_Nuop_dfflr.qout_r	u_e203_cpu.u_e203_core.u_e203_exu.u_e203_exu_oitf.depth_gt1.ret_ptr_flg_dfflrs.qout_r$_DFFE_PN0P_/Q	u_e203_cpu.u_e203_core.u_e203_ifu.u_e203_ifu_ift2icb.req_need_2uop_dfflr.qout_r$_DFFE_PN0P_/D
855	-0.2171	u_eI_cpu.u_eJ_core.u_eK_exu.u_eL_exu_oitf.depth_gtM.ret_ptr_flg_dfflrs.qout_r	u_eI_cpu.u_eJ_core.u_eK_ifu.u_eL_ifu_iftMicb.req_same_cross_holdup_dfflr.qout_r	u_e203_cpu.u_e203_core.u_e203_exu.u_e203_exu_oitf.depth_gt1.ret_ptr_flg_dfflrs.qout_r$_DFFE_PN0P_/Q	u_e203_cpu.u_e203_core.u_e203_ifu.u_e203_ifu_ift2icb.req_same_cross_holdup_dfflr.qout_r$_DFFE_PN0P_/D
856	-0.2170	u_eI_cpu.u_eJ_core.u_eK_exu.u_eL_exu_oitf.depth_gtM.alc_ptr_flg_dfflrs.qout_r	u_eI_cpu.u_eJ_core.u_eK_ifu.u_eL_ifu_iftMicb.req_lane_cross_dfflr.qout_r	u_e203_cpu.u_e203_core.u_e203_exu.u_e203_exu_oitf.depth_gt1.alc_ptr_flg_dfflrs.qout_r$_DFFE_PN0P_/Q	u_e203_cpu.u_e203_core.u_e203_ifu.u_e203_ifu_ift2icb.req_lane_cross_dfflr.qout_r$_DFFE_PN0P_/D
857	-0.2170	u_eI_cpu.u_eJ_core.u_eK_exu.u_eL_exu_oitf.depth_gtM.alc_ptr_flg_dfflrs.qout_r	u_eI_cpu.u_eJ_core.u_eK_ifu.u_eL_ifu_iftMicb.req_need_Nuop_dfflr.qout_r	u_e203_cpu.u_e203_core.u_e203_exu.u_e203_exu_oitf.depth_gt1.alc_ptr_flg_dfflrs.qout_r$_DFFE_PN0P_/Q	u_e203_cpu.u_e203_core.u_e203_ifu.u_e203_ifu_ift2icb.req_need_2uop_dfflr.qout_r$_DFFE_PN0P_/D
858	-0.2170	u_eI_cpu.u_eJ_core.u_eK_exu.u_eL_exu_oitf.depth_gtM.alc_ptr_flg_dfflrs.qout_r	u_eI_cpu.u_eJ_core.u_eK_ifu.u_eL_ifu_iftMicb.req_same_cross_holdup_dfflr.qout_r	u_e203_cpu.u_e203_core.u_e203_exu.u_e203_exu_oitf.depth_gt1.alc_ptr_flg_dfflrs.qout_r$_DFFE_PN0P_/Q	u_e203_cpu.u_e203_core.u_e203_ifu.u_e203_ifu_ift2icb.req_same_cross_holdup_dfflr.qout_r$_DFFE_PN0P_/D
859	-0.2159	u_eI_cpu.u_eJ_core.u_eK_exu.u_eL_exu_regfile.regfile[M].rfnoN.rf_dffl.qout_r[O]	u_eI_cpu.u_eJ_core.u_eK_biu.u_sirv_gnrl_icb_buffer.u_sirv_gnrl_cmd_fifo.dp_gtL.vec_M_dfflr.qout_r	u_e203_cpu.u_e203_core.u_e203_exu.u_e203_exu_regfile.regfile[29].rfno0.rf_dffl.qout_r[31]$_DFFE_PP_/Q	u_e203_cpu.u_e203_core.u_e203_biu.u_sirv_gnrl_icb_buffer.u_sirv_gnrl_cmd_fifo.dp_gt0.vec_31_dfflr.qout_r$_DFFE_PN0P_/D
860	-0.2154	u_eI_cpu.u_eJ_core.u_eK_exu.u_eL_exu_alu.u_eM_exu_alu_lsuagu.icb_state_dfflr.qout_r[N]	u_eI_cpu.u_eJ_core.u_eK_ifu.u_eL_ifu_iftMicb.leftover_err_dfflr.qout_r	u_e203_cpu.u_e203_core.u_e203_exu.u_e203_exu_alu.u_e203_exu_alu_lsuagu.icb_state_dfflr.qout_r[1]$_DFFE_PN0P_/Q	u_e203_cpu.u_e203_core.u_e203_ifu.u_e203_ifu_ift2icb.leftover_err_dfflr.qout_r$_DFFE_PN0P_/D
861	-0.2153	u_eI_cpu.u_eJ_core.u_eK_exu.u_eL_exu_regfile.regfile[M].rfnoN.rf_dffl.qout_r[O]	u_eI_cpu.u_eJ_core.u_eK_ifu.u_eL_ifu_ifetch.ifu_hi_ir_dfflr.qout_r[M]	u_e203_cpu.u_e203_core.u_e203_exu.u_e203_exu_regfile.regfile[29].rfno0.rf_dffl.qout_r[31]$_DFFE_PP_/Q	u_e203_cpu.u_e203_core.u_e203_ifu.u_e203_ifu_ifetch.ifu_hi_ir_dfflr.qout_r[8]$_DFFE_PN0P_/D
862	-0.2153	u_eI_cpu.u_eJ_core.u_eK_ifu.u_eL_ifu_ifetch.ifu_err_dfflr.qout_r	u_eI_cpu.u_eJ_core.u_eK_ifu.u_eL_ifu_ifetch.out_flag_dfflr.qout_r	u_e203_cpu.u_e203_core.u_e203_ifu.u_e203_ifu_ifetch.ifu_err_dfflr.qout_r$_DFFE_PN0P_/Q	u_e203_cpu.u_e203_core.u_e203_ifu.u_e203_ifu_ifetch.out_flag_dfflr.qout_r$_DFFE_PN0P_/D
863	-0.2133	u_eI_cpu.u_eJ_core.u_eK_ifu.u_eL_ifu_ifetch.ifu_err_dfflr.qout_r	u_eI_srams.u_eJ_dtcm_ram.u_eK_dtcm_gnrl_ram.u_sirv_sim_ram.mem_r[L][M]	u_e203_cpu.u_e203_core.u_e203_ifu.u_e203_ifu_ifetch.ifu_err_dfflr.qout_r$_DFFE_PN0P_/Q	u_e203_srams.u_e203_dtcm_ram.u_e203_dtcm_gnrl_ram.u_sirv_sim_ram.mem_r[0][0]$_DFFE_PP_/D
864	-0.2130	u_eI_cpu.u_eJ_itcm_ctrl.u_sram_icb_ctrl.u_sirv_Kcyc_sram_ctrl.u_eL_stage.dp_gt_M.vld_dfflr.qout_r	u_eI_cpu.u_eJ_core.u_eK_biu.u_sirv_gnrl_icb_buffer.u_sirv_gnrl_cmd_fifo.dp_gtL.fifo_rf[M].fifo_rf_dffl.qout_r[N]	u_e203_cpu.u_e203_itcm_ctrl.u_sram_icb_ctrl.u_sirv_1cyc_sram_ctrl.u_e1_stage.dp_gt_0.vld_dfflr.qout_r$_DFFE_PN0P_/Q	u_e203_cpu.u_e203_core.u_e203_biu.u_sirv_gnrl_icb_buffer.u_sirv_gnrl_cmd_fifo.dp_gt0.fifo_rf[0].fifo_rf_dffl.qout_r[0]$_DFFE_PP_/D
865	-0.2129	u_eI_cpu.u_eJ_core.u_eK_exu.u_eL_exu_csr.mie_dfflr.qout_r[M]	u_eI_cpu.u_eJ_core.u_eK_ifu.u_eL_ifu_iftMicb.u_eN_ifetch_rsp_bypbuf.u_bypbuf_fifo.dp_gtO.vec_P_dfflrs.qout_r	u_e203_cpu.u_e203_core.u_e203_exu.u_e203_exu_csr.mie_dfflr.qout_r[7]$_DFFE_PN0P_/Q	u_e203_cpu.u_e203_core.u_e203_ifu.u_e203_ifu_ift2icb.u_e203_ifetch_rsp_bypbuf.u_bypbuf_fifo.dp_gt0.vec_0_dfflrs.qout_r$_DFFE_PN1P_/D
866	-0.2122	u_eI_cpu.u_eJ_irq_sync.master_gen.u_ext_irq_sync.sync_gen[K].i_is_not_L.sync_dffr.qout_r	u_eI_cpu.u_eJ_itcm_ctrl.u_sram_icb_ctrl.u_byp_icb_cmd_buf.u_bypbuf_fifo.dp_gtK.fifo_rf[L].fifo_rf_dffl.qout_r[M]	u_e203_cpu.u_e203_irq_sync.master_gen.u_ext_irq_sync.sync_gen[1].i_is_not_0.sync_dffr.qout_r$_DFF_PN0_/Q	u_e203_cpu.u_e203_itcm_ctrl.u_sram_icb_ctrl.u_byp_icb_cmd_buf.u_bypbuf_fifo.dp_gt0.fifo_rf[0].fifo_rf_dffl.qout_r[42]$_DFFE_PP_/D
867	-0.2118	u_eI_cpu.u_eJ_core.u_eK_exu.u_eL_exu_oitf.depth_gtM.ret_ptr_flg_dfflrs.qout_r	u_eI_cpu.u_eJ_core.u_eK_ifu.u_eL_ifu_iftMicb.u_eN_ifetch_rsp_bypbuf.u_bypbuf_fifo.dp_gtO.fifo_rf[P].fifo_rf_dffl.qout_r[Q]	u_e203_cpu.u_e203_core.u_e203_exu.u_e203_exu_oitf.depth_gt1.ret_ptr_flg_dfflrs.qout_r$_DFFE_PN0P_/Q	u_e203_cpu.u_e203_core.u_e203_ifu.u_e203_ifu_ift2icb.u_e203_ifetch_rsp_bypbuf.u_bypbuf_fifo.dp_gt0.fifo_rf[0].fifo_rf_dffl.qout_r[10]$_DFFE_PP_/D
868	-0.2117	u_eI_cpu.u_eJ_core.u_eK_exu.u_eL_exu_alu.u_eM_exu_alu_muldiv.part_prdt_sftN_dfflr.qout_r	cmt_dcause[I]	u_e203_cpu.u_e203_core.u_e203_exu.u_e203_exu_alu.u_e203_exu_alu_muldiv.part_prdt_sft1_dfflr.qout_r$_DFFE_PN0P_/Q	cmt_dcause[0]
869	-0.2117	u_eI_cpu.u_eJ_core.u_eK_exu.u_eL_exu_oitf.depth_gtM.alc_ptr_flg_dfflrs.qout_r	u_eI_cpu.u_eJ_core.u_eK_ifu.u_eL_ifu_iftMicb.u_eN_ifetch_rsp_bypbuf.u_bypbuf_fifo.dp_gtO.fifo_rf[P].fifo_rf_dffl.qout_r[Q]	u_e203_cpu.u_e203_core.u_e203_exu.u_e203_exu_oitf.depth_gt1.alc_ptr_flg_dfflrs.qout_r$_DFFE_PN0P_/Q	u_e203_cpu.u_e203_core.u_e203_ifu.u_e203_ifu_ift2icb.u_e203_ifetch_rsp_bypbuf.u_bypbuf_fifo.dp_gt0.fifo_rf[0].fifo_rf_dffl.qout_r[10]$_DFFE_PP_/D
870	-0.2117	u_eI_cpu.u_eJ_core.u_eK_exu.u_eL_exu_alu.u_eM_exu_alu_lsuagu.icb_state_dfflr.qout_r[N]	u_eI_cpu.u_eJ_core.u_eK_ifu.u_eL_ifu_ifetch.ifu_lo_ir_dfflr.qout_r[M]	u_e203_cpu.u_e203_core.u_e203_exu.u_e203_exu_alu.u_e203_exu_alu_lsuagu.icb_state_dfflr.qout_r[1]$_DFFE_PN0P_/Q	u_e203_cpu.u_e203_core.u_e203_ifu.u_e203_ifu_ifetch.ifu_lo_ir_dfflr.qout_r[8]$_DFFE_PN0P_/D
871	-0.2117	u_eI_cpu.u_eJ_core.u_eK_exu.u_eL_exu_alu.u_eM_exu_alu_lsuagu.icb_state_dfflr.qout_r[N]	u_eI_cpu.u_eJ_core.u_eK_ifu.u_eL_ifu_ifetch.ifu_err_dfflr.qout_r	u_e203_cpu.u_e203_core.u_e203_exu.u_e203_exu_alu.u_e203_exu_alu_lsuagu.icb_state_dfflr.qout_r[1]$_DFFE_PN0P_/Q	u_e203_cpu.u_e203_core.u_e203_ifu.u_e203_ifu_ifetch.ifu_err_dfflr.qout_r$_DFFE_PN0P_/D
872	-0.2117	u_eI_cpu.u_eJ_core.u_eK_exu.u_eL_exu_alu.u_eM_exu_alu_lsuagu.icb_state_dfflr.qout_r[N]	u_eI_cpu.u_eJ_core.u_eK_ifu.u_eL_ifu_ifetch.ifu_prdt_taken_dfflr.qout_r	u_e203_cpu.u_e203_core.u_e203_exu.u_e203_exu_alu.u_e203_exu_alu_lsuagu.icb_state_dfflr.qout_r[1]$_DFFE_PN0P_/Q	u_e203_cpu.u_e203_core.u_e203_ifu.u_e203_ifu_ifetch.ifu_prdt_taken_dfflr.qout_r$_DFFE_PN0P_/D
873	-0.2115	u_eI_cpu.u_eJ_core.u_eK_ifu.u_eL_ifu_ifetch.ifu_err_dfflr.qout_r	u_eI_cpu.u_eJ_core.u_eK_ifu.u_eL_ifu_ifetch.reset_req_dfflr.qout_r	u_e203_cpu.u_e203_core.u_e203_ifu.u_e203_ifu_ifetch.ifu_err_dfflr.qout_r$_DFFE_PN0P_/Q	u_e203_cpu.u_e203_core.u_e203_ifu.u_e203_ifu_ifetch.reset_req_dfflr.qout_r$_DFFE_PN0P_/D
874	-0.2113	u_eI_cpu.u_eJ_core.u_eK_lsu.u_eL_lsu_ctrl.u_eM_lsu_splt_stage.dp_gt_N.vld_dfflr.qout_r	u_eI_cpu.u_eJ_core.u_eK_ifu.u_eL_ifu_iftMicb.icb_addr_N_O_dffl.qout_r[P]	u_e203_cpu.u_e203_core.u_e203_lsu.u_e203_lsu_ctrl.u_e203_lsu_splt_stage.dp_gt_0.vld_dfflr.qout_r$_DFFE_PN0P_/Q	u_e203_cpu.u_e203_core.u_e203_ifu.u_e203_ifu_ift2icb.icb_addr_2_1_dffl.qout_r[0]$_DFFE_PP_/D
875	-0.2112	u_eI_cpu.u_eJ_core.u_eK_ifu.u_eL_ifu_ifetch.ifu_hi_ir_dfflr.qout_r[M]	u_eI_cpu.u_eJ_core.u_eK_exu.u_eL_exu_alu.u_eM_exu_nice.u_nice_itag_fifo.dp_gtN.vec_O_dfflr.qout_r[P]	u_e203_cpu.u_e203_core.u_e203_ifu.u_e203_ifu_ifetch.ifu_hi_ir_dfflr.qout_r[10]$_DFFE_PN0P_/Q	u_e203_cpu.u_e203_core.u_e203_exu.u_e203_exu_alu.u_e203_exu_nice.u_nice_itag_fifo.dp_gt0.vec_31_dfflr.qout_r[1]$_DFFE_PN0P_/D
876	-0.2106	u_eI_cpu.u_eJ_itcm_ctrl.u_itcm_icb_arbt.arbt_num_gt_K_gen.dp_L.u_sirv_gnrl_rspid_fifo.dp_gt_M.vld_dfflr.qout_r	u_eI_cpu.u_eJ_core.u_eK_biu.u_sirv_gnrl_icb_buffer.u_sirv_gnrl_cmd_fifo.dp_gtL.fifo_rf[M].fifo_rf_dffl.qout_r[N]	u_e203_cpu.u_e203_itcm_ctrl.u_itcm_icb_arbt.arbt_num_gt_1_gen.dp_1.u_sirv_gnrl_rspid_fifo.dp_gt_0.vld_dfflr.qout_r$_DFFE_PN0P_/Q	u_e203_cpu.u_e203_core.u_e203_biu.u_sirv_gnrl_icb_buffer.u_sirv_gnrl_cmd_fifo.dp_gt0.fifo_rf[0].fifo_rf_dffl.qout_r[0]$_DFFE_PP_/D
877	-0.2100	u_eI_cpu.u_eJ_core.u_eK_exu.u_eL_exu_regfile.regfile[M].rfnoN.rf_dffl.qout_r[O]	u_eI_cpu.u_eJ_core.u_eK_ifu.u_eL_ifu_iftMicb.u_eN_ifetch_rsp_bypbuf.u_bypbuf_fifo.dp_gtO.vec_P_dfflrs.qout_r	u_e203_cpu.u_e203_core.u_e203_exu.u_e203_exu_regfile.regfile[29].rfno0.rf_dffl.qout_r[31]$_DFFE_PP_/Q	u_e203_cpu.u_e203_core.u_e203_ifu.u_e203_ifu_ift2icb.u_e203_ifetch_rsp_bypbuf.u_bypbuf_fifo.dp_gt0.vec_0_dfflrs.qout_r$_DFFE_PN1P_/D
878	-0.2097	u_eI_cpu.u_eJ_core.u_eK_exu.u_eL_exu_alu.u_eM_exu_alu_lsuagu.icb_state_dfflr.qout_r[N]	u_eI_cpu.u_eJ_core.u_eK_ifu.u_eL_ifu_iftMicb.icb_state_dfflr.qout_r[N]	u_e203_cpu.u_e203_core.u_e203_exu.u_e203_exu_alu.u_e203_exu_alu_lsuagu.icb_state_dfflr.qout_r[1]$_DFFE_PN0P_/Q	u_e203_cpu.u_e203_core.u_e203_ifu.u_e203_ifu_ift2icb.icb_state_dfflr.qout_r[0]$_DFFE_PN0P_/D
879	-0.2090	u_eI_cpu.u_eJ_core.u_eK_exu.u_eL_exu_csr.mie_dfflr.qout_r[M]	u_eI_cpu.u_eJ_core.u_eK_biu.u_biu_icb_arbt.arbt_num_gt_L_gen.dp_M.u_sirv_gnrl_rspid_fifo.dp_gt_N.dat_dfflr.qout_r	u_e203_cpu.u_e203_core.u_e203_exu.u_e203_exu_csr.mie_dfflr.qout_r[7]$_DFFE_PN0P_/Q	u_e203_cpu.u_e203_core.u_e203_biu.u_biu_icb_arbt.arbt_num_gt_1_gen.dp_1.u_sirv_gnrl_rspid_fifo.dp_gt_0.dat_dfflr.qout_r$_DFFE_PP_/D
880	-0.2089	u_eI_cpu.u_eJ_core.u_eK_exu.u_eL_exu_oitf.depth_gtM.ret_ptr_flg_dfflrs.qout_r	u_eI_cpu.u_eJ_core.u_eK_ifu.u_eL_ifu_iftMicb.icbNmem_dfflr.qout_r	u_e203_cpu.u_e203_core.u_e203_exu.u_e203_exu_oitf.depth_gt1.ret_ptr_flg_dfflrs.qout_r$_DFFE_PN0P_/Q	u_e203_cpu.u_e203_core.u_e203_ifu.u_e203_ifu_ift2icb.icb2mem_dfflr.qout_r$_DFFE_PN0P_/D
881	-0.2087	u_eI_cpu.u_eJ_core.u_eK_exu.u_eL_exu_oitf.depth_gtM.alc_ptr_flg_dfflrs.qout_r	u_eI_cpu.u_eJ_core.u_eK_ifu.u_eL_ifu_iftMicb.icbNmem_dfflr.qout_r	u_e203_cpu.u_e203_core.u_e203_exu.u_e203_exu_oitf.depth_gt1.alc_ptr_flg_dfflrs.qout_r$_DFFE_PN0P_/Q	u_e203_cpu.u_e203_core.u_e203_ifu.u_e203_ifu_ift2icb.icb2mem_dfflr.qout_r$_DFFE_PN0P_/D
882	-0.2084	u_eI_cpu.u_eJ_core.u_eK_ifu.u_eL_ifu_ifetch.ifu_lo_ir_dfflr.qout_r[M]	u_eI_cpu.u_eJ_itcm_ctrl.u_itcm_icb_lsuKitcm_nLw.fifo_dp_M.u_sirv_gnrl_nNw_fifo.dp_gt_O.vld_dfflr.qout_r	u_e203_cpu.u_e203_core.u_e203_ifu.u_e203_ifu_ifetch.ifu_lo_ir_dfflr.qout_r[11]$_DFFE_PN0P_/Q	u_e203_cpu.u_e203_itcm_ctrl.u_itcm_icb_lsu2itcm_n2w.fifo_dp_1.u_sirv_gnrl_n2w_fifo.dp_gt_0.vld_dfflr.qout_r$_DFFE_PN0P_/D
883	-0.2083	u_eI_cpu.u_eJ_core.u_eK_exu.u_eL_exu_oitf.depth_gtM.ret_ptr_dfflrs.qout_r	u_eI_cpu.u_eJ_core.u_eK_ifu.u_eL_ifu_iftMicb.icb_addr_N_O_dffl.qout_r[P]	u_e203_cpu.u_e203_core.u_e203_exu.u_e203_exu_oitf.depth_gt1.ret_ptr_dfflrs.qout_r$_DFFE_PN0P_/Q	u_e203_cpu.u_e203_core.u_e203_ifu.u_e203_ifu_ift2icb.icb_addr_2_1_dffl.qout_r[0]$_DFFE_PP_/D
884	-0.2083	u_eI_cpu.u_eJ_core.u_eK_exu.u_eL_exu_alu.u_eM_exu_alu_lsuagu.icb_state_dfflr.qout_r[N]	u_eI_cpu.u_eJ_itcm_ctrl.u_sram_icb_ctrl.u_byp_icb_cmd_buf.u_bypbuf_fifo.dp_gtK.vec_L_dfflr.qout_r	u_e203_cpu.u_e203_core.u_e203_exu.u_e203_exu_alu.u_e203_exu_alu_lsuagu.icb_state_dfflr.qout_r[1]$_DFFE_PN0P_/Q	u_e203_cpu.u_e203_itcm_ctrl.u_sram_icb_ctrl.u_byp_icb_cmd_buf.u_bypbuf_fifo.dp_gt0.vec_31_dfflr.qout_r$_DFFE_PN0P_/D
885	-0.2080	u_eI_cpu.u_eJ_core.u_eK_exu.u_eL_exu_oitf.depth_gtM.alc_ptr_dfflrs.qout_r	u_eI_cpu.u_eJ_core.u_eK_biu.u_sirv_gnrl_icb_buffer.u_sirv_gnrl_cmd_fifo.dp_gtL.fifo_rf[M].fifo_rf_dffl.qout_r[N]	u_e203_cpu.u_e203_core.u_e203_exu.u_e203_exu_oitf.depth_gt1.alc_ptr_dfflrs.qout_r$_DFFE_PN0P_/Q	u_e203_cpu.u_e203_core.u_e203_biu.u_sirv_gnrl_icb_buffer.u_sirv_gnrl_cmd_fifo.dp_gt0.fifo_rf[0].fifo_rf_dffl.qout_r[0]$_DFFE_PP_/D
886	-0.2080	u_eI_cpu.u_eJ_core.u_eK_lsu.u_eL_lsu_ctrl.u_eM_lsu_splt_stage.dp_gt_N.dat_dfflr.qout_r[O]	u_eI_cpu.u_eJ_core.u_eK_biu.u_sirv_gnrl_icb_buffer.u_sirv_gnrl_cmd_fifo.dp_gtL.fifo_rf[M].fifo_rf_dffl.qout_r[N]	u_e203_cpu.u_e203_core.u_e203_lsu.u_e203_lsu_ctrl.u_e203_lsu_splt_stage.dp_gt_0.dat_dfflr.qout_r[40]$_DFFE_PP_/Q	u_e203_cpu.u_e203_core.u_e203_biu.u_sirv_gnrl_icb_buffer.u_sirv_gnrl_cmd_fifo.dp_gt0.fifo_rf[0].fifo_rf_dffl.qout_r[0]$_DFFE_PP_/D
887	-0.2077	u_eI_cpu.u_eJ_core.u_eK_exu.u_eL_exu_csr.mie_dfflr.qout_r[M]	u_eI_cpu.u_eJ_core.u_eK_ifu.u_eL_ifu_ifetch.ir_rsMidx_dfflr.qout_r[N]	u_e203_cpu.u_e203_core.u_e203_exu.u_e203_exu_csr.mie_dfflr.qout_r[7]$_DFFE_PN0P_/Q	u_e203_cpu.u_e203_core.u_e203_ifu.u_e203_ifu_ifetch.ir_rs2idx_dfflr.qout_r[1]$_DFFE_PN0P_/D
888	-0.2076	u_eI_cpu.u_eJ_core.u_eK_ifu.u_eL_ifu_ifetch.ir_rsMidx_dfflr.qout_r[N]	u_eI_cpu.u_eJ_core.u_eK_lsu.u_eL_lsu_ctrl.u_eM_lsu_splt_stage.dp_gt_N.dat_dfflr.qout_r[O]	u_e203_cpu.u_e203_core.u_e203_ifu.u_e203_ifu_ifetch.ir_rs2idx_dfflr.qout_r[4]$_DFFE_PN0P_/Q	u_e203_cpu.u_e203_core.u_e203_lsu.u_e203_lsu_ctrl.u_e203_lsu_splt_stage.dp_gt_0.dat_dfflr.qout_r[43]$_DFFE_PP_/D
889	-0.2075	u_eI_cpu.u_eJ_core.u_eK_ifu.u_eL_ifu_ifetch.ifu_err_dfflr.qout_r	u_eI_cpu.u_eJ_core.u_eK_ifu.u_eL_ifu_ifetch.dly_flush_dfflr.qout_r	u_e203_cpu.u_e203_core.u_e203_ifu.u_e203_ifu_ifetch.ifu_err_dfflr.qout_r$_DFFE_PN0P_/Q	u_e203_cpu.u_e203_core.u_e203_ifu.u_e203_ifu_ifetch.dly_flush_dfflr.qout_r$_DFFE_PN0P_/D
890	-0.2070	u_eI_cpu.u_eJ_core.u_eK_ifu.u_eL_ifu_ifetch.ifu_hi_ir_dfflr.qout_r[M]	u_eI_cpu.u_eJ_core.u_eK_exu.u_eL_exu_csr.status_mpie_dfflr.qout_r	u_e203_cpu.u_e203_core.u_e203_ifu.u_e203_ifu_ifetch.ifu_hi_ir_dfflr.qout_r[10]$_DFFE_PN0P_/Q	u_e203_cpu.u_e203_core.u_e203_exu.u_e203_exu_csr.status_mpie_dfflr.qout_r$_DFFE_PN0P_/D
891	-0.2068	u_eI_cpu.u_eJ_irq_sync.master_gen.u_tmr_irq_sync.sync_gen[K].i_is_not_L.sync_dffr.qout_r	u_eI_cpu.u_eJ_core.u_eK_biu.u_sirv_gnrl_icb_buffer.u_sirv_gnrl_cmd_fifo.dp_gtL.fifo_rf[M].fifo_rf_dffl.qout_r[N]	u_e203_cpu.u_e203_irq_sync.master_gen.u_tmr_irq_sync.sync_gen[1].i_is_not_0.sync_dffr.qout_r$_DFF_PN0_/Q	u_e203_cpu.u_e203_core.u_e203_biu.u_sirv_gnrl_icb_buffer.u_sirv_gnrl_cmd_fifo.dp_gt0.fifo_rf[0].fifo_rf_dffl.qout_r[0]$_DFFE_PP_/D
892	-0.2068	u_eI_cpu.u_eJ_core.u_eK_ifu.u_eL_ifu_ifetch.ifu_hi_ir_dfflr.qout_r[M]	u_eI_cpu.u_eJ_itcm_ctrl.u_itcm_icb_arbt.arbt_num_gt_K_gen.dp_L.u_sirv_gnrl_rspid_fifo.dp_gt_M.vld_dfflr.qout_r	u_e203_cpu.u_e203_core.u_e203_ifu.u_e203_ifu_ifetch.ifu_hi_ir_dfflr.qout_r[10]$_DFFE_PN0P_/Q	u_e203_cpu.u_e203_itcm_ctrl.u_itcm_icb_arbt.arbt_num_gt_1_gen.dp_1.u_sirv_gnrl_rspid_fifo.dp_gt_0.vld_dfflr.qout_r$_DFFE_PN0P_/D
893	-0.2064	u_eI_cpu.u_eJ_core.u_eK_exu.u_eL_exu_csr.mie_dfflr.qout_r[M]	u_eI_cpu.u_eJ_core.u_eK_ifu.u_eL_ifu_ifetch.pc_dfflr.qout_r[M]	u_e203_cpu.u_e203_core.u_e203_exu.u_e203_exu_csr.mie_dfflr.qout_r[7]$_DFFE_PN0P_/Q	u_e203_cpu.u_e203_core.u_e203_ifu.u_e203_ifu_ifetch.pc_dfflr.qout_r[19]$_DFFE_PN0P_/D
894	-0.2064	u_eI_cpu.u_eJ_core.u_eK_lsu.u_eL_lsu_ctrl.u_eM_lsu_splt_stage.dp_gt_N.vld_dfflr.qout_r	u_eI_cpu.u_eJ_core.u_eK_ifu.u_eL_ifu_iftMicb.req_lane_cross_dfflr.qout_r	u_e203_cpu.u_e203_core.u_e203_lsu.u_e203_lsu_ctrl.u_e203_lsu_splt_stage.dp_gt_0.vld_dfflr.qout_r$_DFFE_PN0P_/Q	u_e203_cpu.u_e203_core.u_e203_ifu.u_e203_ifu_ift2icb.req_lane_cross_dfflr.qout_r$_DFFE_PN0P_/D
895	-0.2064	u_eI_cpu.u_eJ_core.u_eK_lsu.u_eL_lsu_ctrl.u_eM_lsu_splt_stage.dp_gt_N.vld_dfflr.qout_r	u_eI_cpu.u_eJ_core.u_eK_ifu.u_eL_ifu_iftMicb.req_need_Nuop_dfflr.qout_r	u_e203_cpu.u_e203_core.u_e203_lsu.u_e203_lsu_ctrl.u_e203_lsu_splt_stage.dp_gt_0.vld_dfflr.qout_r$_DFFE_PN0P_/Q	u_e203_cpu.u_e203_core.u_e203_ifu.u_e203_ifu_ift2icb.req_need_2uop_dfflr.qout_r$_DFFE_PN0P_/D
896	-0.2064	u_eI_cpu.u_eJ_core.u_eK_lsu.u_eL_lsu_ctrl.u_eM_lsu_splt_stage.dp_gt_N.vld_dfflr.qout_r	u_eI_cpu.u_eJ_core.u_eK_ifu.u_eL_ifu_iftMicb.req_same_cross_holdup_dfflr.qout_r	u_e203_cpu.u_e203_core.u_e203_lsu.u_e203_lsu_ctrl.u_e203_lsu_splt_stage.dp_gt_0.vld_dfflr.qout_r$_DFFE_PN0P_/Q	u_e203_cpu.u_e203_core.u_e203_ifu.u_e203_ifu_ift2icb.req_same_cross_holdup_dfflr.qout_r$_DFFE_PN0P_/D
897	-0.2061	u_eI_cpu.u_eJ_core.u_eK_exu.u_eL_exu_regfile.regfile[M].rfnoN.rf_dffl.qout_r[O]	u_eI_cpu.u_eJ_core.u_eK_biu.u_biu_icb_arbt.arbt_num_gt_L_gen.dp_M.u_sirv_gnrl_rspid_fifo.dp_gt_N.dat_dfflr.qout_r	u_e203_cpu.u_e203_core.u_e203_exu.u_e203_exu_regfile.regfile[29].rfno0.rf_dffl.qout_r[31]$_DFFE_PP_/Q	u_e203_cpu.u_e203_core.u_e203_biu.u_biu_icb_arbt.arbt_num_gt_1_gen.dp_1.u_sirv_gnrl_rspid_fifo.dp_gt_0.dat_dfflr.qout_r$_DFFE_PP_/D
898	-0.2060	u_eI_cpu.u_eJ_core.u_eK_exu.u_eL_exu_alu.u_eM_exu_alu_muldiv.muldiv_state_dfflr.qout_r[N]	u_eI_cpu.u_eJ_itcm_ctrl.u_sram_icb_ctrl.u_byp_icb_cmd_buf.u_bypbuf_fifo.dp_gtK.fifo_rf[L].fifo_rf_dffl.qout_r[M]	u_e203_cpu.u_e203_core.u_e203_exu.u_e203_exu_alu.u_e203_exu_alu_muldiv.muldiv_state_dfflr.qout_r[0]$_DFFE_PN0P_/Q	u_e203_cpu.u_e203_itcm_ctrl.u_sram_icb_ctrl.u_byp_icb_cmd_buf.u_bypbuf_fifo.dp_gt0.fifo_rf[0].fifo_rf_dffl.qout_r[42]$_DFFE_PP_/D
899	-0.2059	u_eI_cpu.u_eJ_core.u_eK_ifu.u_eL_ifu_ifetch.ifu_err_dfflr.qout_r	u_eI_cpu.u_eJ_core.u_eK_exu.u_eL_exu_csr.minstreth_dfflr.qout_r[M]	u_e203_cpu.u_e203_core.u_e203_ifu.u_e203_ifu_ifetch.ifu_err_dfflr.qout_r$_DFFE_PN0P_/Q	u_e203_cpu.u_e203_core.u_e203_exu.u_e203_exu_csr.minstreth_dfflr.qout_r[29]$_DFFE_PN0P_/D
900	-0.2055	u_eI_cpu.u_eJ_itcm_ctrl.u_sram_icb_ctrl.u_sirv_Kcyc_sram_ctrl.u_eL_stage.dp_gt_M.vld_dfflr.qout_r	u_eI_cpu.u_eJ_core.u_eK_ifu.u_eL_ifu_iftMicb.leftover_dffl.qout_r[N]	u_e203_cpu.u_e203_itcm_ctrl.u_sram_icb_ctrl.u_sirv_1cyc_sram_ctrl.u_e1_stage.dp_gt_0.vld_dfflr.qout_r$_DFFE_PN0P_/Q	u_e203_cpu.u_e203_core.u_e203_ifu.u_e203_ifu_ift2icb.leftover_dffl.qout_r[10]$_DFFE_PP_/D
901	-0.2048	u_eI_cpu.u_eJ_core.u_eK_exu.u_eL_exu_regfile.regfile[M].rfnoN.rf_dffl.qout_r[O]	u_eI_cpu.u_eJ_core.u_eK_ifu.u_eL_ifu_ifetch.ir_rsMidx_dfflr.qout_r[N]	u_e203_cpu.u_e203_core.u_e203_exu.u_e203_exu_regfile.regfile[29].rfno0.rf_dffl.qout_r[31]$_DFFE_PP_/Q	u_e203_cpu.u_e203_core.u_e203_ifu.u_e203_ifu_ifetch.ir_rs2idx_dfflr.qout_r[1]$_DFFE_PN0P_/D
902	-0.2046	u_eI_cpu.u_eJ_dtcm_ctrl.u_dtcm_icb_arbt.arbt_num_gt_K_gen.dp_L.u_sirv_gnrl_rspid_fifo.dp_gt_M.vld_dfflr.qout_r	u_eI_cpu.u_eJ_itcm_ctrl.u_sram_icb_ctrl.u_byp_icb_cmd_buf.u_bypbuf_fifo.dp_gtK.fifo_rf[L].fifo_rf_dffl.qout_r[M]	u_e203_cpu.u_e203_dtcm_ctrl.u_dtcm_icb_arbt.arbt_num_gt_1_gen.dp_1.u_sirv_gnrl_rspid_fifo.dp_gt_0.vld_dfflr.qout_r$_DFFE_PN0P_/Q	u_e203_cpu.u_e203_itcm_ctrl.u_sram_icb_ctrl.u_byp_icb_cmd_buf.u_bypbuf_fifo.dp_gt0.fifo_rf[0].fifo_rf_dffl.qout_r[42]$_DFFE_PP_/D
903	-0.2043	u_eI_cpu.u_eJ_core.u_eK_biu.u_biu_icb_arbt.arbt_num_gt_L_gen.dp_M.u_sirv_gnrl_rspid_fifo.dp_gt_N.vld_dfflr.qout_r	u_eI_cpu.u_eJ_itcm_ctrl.u_sram_icb_ctrl.u_byp_icb_cmd_buf.u_bypbuf_fifo.dp_gtK.fifo_rf[L].fifo_rf_dffl.qout_r[M]	u_e203_cpu.u_e203_core.u_e203_biu.u_biu_icb_arbt.arbt_num_gt_1_gen.dp_1.u_sirv_gnrl_rspid_fifo.dp_gt_0.vld_dfflr.qout_r$_DFFE_PN0P_/Q	u_e203_cpu.u_e203_itcm_ctrl.u_sram_icb_ctrl.u_byp_icb_cmd_buf.u_bypbuf_fifo.dp_gt0.fifo_rf[0].fifo_rf_dffl.qout_r[42]$_DFFE_PP_/D
904	-0.2042	u_eI_cpu.u_eJ_core.u_eK_exu.u_eL_exu_alu.u_eM_exu_alu_dpath.sbf_N_dffl.qout_r[O]	core_wfi	u_e203_cpu.u_e203_core.u_e203_exu.u_e203_exu_alu.u_e203_exu_alu_dpath.sbf_1_dffl.qout_r[0]$_DFFE_PP_/Q	core_wfi
905	-0.2042	u_eI_cpu.u_eJ_core.u_eK_lsu.u_eL_lsu_ctrl.u_lsu_icb_arbt.arbt_num_gt_M_gen.dp_N.u_sirv_gnrl_rspid_fifo.dp_gt_O.vld_dfflr.qout_r	u_eI_cpu.u_eJ_itcm_ctrl.u_sram_icb_ctrl.u_byp_icb_cmd_buf.u_bypbuf_fifo.dp_gtK.fifo_rf[L].fifo_rf_dffl.qout_r[M]	u_e203_cpu.u_e203_core.u_e203_lsu.u_e203_lsu_ctrl.u_lsu_icb_arbt.arbt_num_gt_1_gen.dp_1.u_sirv_gnrl_rspid_fifo.dp_gt_0.vld_dfflr.qout_r$_DFFE_PN0P_/Q	u_e203_cpu.u_e203_itcm_ctrl.u_sram_icb_ctrl.u_byp_icb_cmd_buf.u_bypbuf_fifo.dp_gt0.fifo_rf[0].fifo_rf_dffl.qout_r[42]$_DFFE_PP_/D
906	-0.2039	u_eI_cpu.u_eJ_dtcm_ctrl.u_sram_icb_ctrl.u_sirv_Kcyc_sram_ctrl.u_eL_stage.dp_gt_M.vld_dfflr.qout_r	u_eI_cpu.u_eJ_itcm_ctrl.u_sram_icb_ctrl.u_byp_icb_cmd_buf.u_bypbuf_fifo.dp_gtK.fifo_rf[L].fifo_rf_dffl.qout_r[M]	u_e203_cpu.u_e203_dtcm_ctrl.u_sram_icb_ctrl.u_sirv_1cyc_sram_ctrl.u_e1_stage.dp_gt_0.vld_dfflr.qout_r$_DFFE_PN0P_/Q	u_e203_cpu.u_e203_itcm_ctrl.u_sram_icb_ctrl.u_byp_icb_cmd_buf.u_bypbuf_fifo.dp_gt0.fifo_rf[0].fifo_rf_dffl.qout_r[42]$_DFFE_PP_/D
907	-0.2038	u_eI_cpu.u_eJ_irq_sync.master_gen.u_sft_irq_sync.sync_gen[K].i_is_not_L.sync_dffr.qout_r	u_eI_cpu.u_eJ_core.u_eK_biu.u_sirv_gnrl_icb_buffer.u_sirv_gnrl_cmd_fifo.dp_gtL.fifo_rf[M].fifo_rf_dffl.qout_r[N]	u_e203_cpu.u_e203_irq_sync.master_gen.u_sft_irq_sync.sync_gen[1].i_is_not_0.sync_dffr.qout_r$_DFF_PN0_/Q	u_e203_cpu.u_e203_core.u_e203_biu.u_sirv_gnrl_icb_buffer.u_sirv_gnrl_cmd_fifo.dp_gt0.fifo_rf[0].fifo_rf_dffl.qout_r[0]$_DFFE_PP_/D
908	-0.2035	u_eI_cpu.u_eJ_core.u_eK_exu.u_eL_exu_regfile.regfile[M].rfnoN.rf_dffl.qout_r[O]	u_eI_cpu.u_eJ_core.u_eK_ifu.u_eL_ifu_ifetch.pc_dfflr.qout_r[M]	u_e203_cpu.u_e203_core.u_e203_exu.u_e203_exu_regfile.regfile[29].rfno0.rf_dffl.qout_r[31]$_DFFE_PP_/Q	u_e203_cpu.u_e203_core.u_e203_ifu.u_e203_ifu_ifetch.pc_dfflr.qout_r[19]$_DFFE_PN0P_/D
909	-0.2035	u_eI_cpu.u_eJ_core.u_eK_ifu.u_eL_ifu_ifetch.ifu_hi_ir_dfflr.qout_r[M]	u_eI_cpu.u_eJ_core.u_eK_exu.u_eL_exu_alu.u_eM_exu_alu_lsuagu.unalgn_flg_dffl.qout_r	u_e203_cpu.u_e203_core.u_e203_ifu.u_e203_ifu_ifetch.ifu_hi_ir_dfflr.qout_r[10]$_DFFE_PN0P_/Q	u_e203_cpu.u_e203_core.u_e203_exu.u_e203_exu_alu.u_e203_exu_alu_lsuagu.unalgn_flg_dffl.qout_r$_DFFE_PN0P_/D
910	-0.2034	u_eI_cpu.u_eJ_core.u_eK_exu.u_eL_exu_oitf.depth_gtM.ret_ptr_dfflrs.qout_r	u_eI_cpu.u_eJ_core.u_eK_ifu.u_eL_ifu_iftMicb.req_lane_cross_dfflr.qout_r	u_e203_cpu.u_e203_core.u_e203_exu.u_e203_exu_oitf.depth_gt1.ret_ptr_dfflrs.qout_r$_DFFE_PN0P_/Q	u_e203_cpu.u_e203_core.u_e203_ifu.u_e203_ifu_ift2icb.req_lane_cross_dfflr.qout_r$_DFFE_PN0P_/D
911	-0.2034	u_eI_cpu.u_eJ_core.u_eK_exu.u_eL_exu_oitf.depth_gtM.ret_ptr_dfflrs.qout_r	u_eI_cpu.u_eJ_core.u_eK_ifu.u_eL_ifu_iftMicb.req_need_Nuop_dfflr.qout_r	u_e203_cpu.u_e203_core.u_e203_exu.u_e203_exu_oitf.depth_gt1.ret_ptr_dfflrs.qout_r$_DFFE_PN0P_/Q	u_e203_cpu.u_e203_core.u_e203_ifu.u_e203_ifu_ift2icb.req_need_2uop_dfflr.qout_r$_DFFE_PN0P_/D
912	-0.2034	u_eI_cpu.u_eJ_core.u_eK_exu.u_eL_exu_oitf.depth_gtM.ret_ptr_dfflrs.qout_r	u_eI_cpu.u_eJ_core.u_eK_ifu.u_eL_ifu_iftMicb.req_same_cross_holdup_dfflr.qout_r	u_e203_cpu.u_e203_core.u_e203_exu.u_e203_exu_oitf.depth_gt1.ret_ptr_dfflrs.qout_r$_DFFE_PN0P_/Q	u_e203_cpu.u_e203_core.u_e203_ifu.u_e203_ifu_ift2icb.req_same_cross_holdup_dfflr.qout_r$_DFFE_PN0P_/D
913	-0.2031	u_eI_cpu.u_eJ_core.u_eK_exu.u_eL_exu_alu.u_eM_exu_alu_lsuagu.icb_state_dfflr.qout_r[N]	u_eI_srams.u_eJ_itcm_ram.u_eK_itcm_gnrl_ram.u_sirv_sim_ram.mem_r[L][M]	u_e203_cpu.u_e203_core.u_e203_exu.u_e203_exu_alu.u_e203_exu_alu_lsuagu.icb_state_dfflr.qout_r[1]$_DFFE_PN0P_/Q	u_e203_srams.u_e203_itcm_ram.u_e203_itcm_gnrl_ram.u_sirv_sim_ram.mem_r[0][32]$_DFFE_PP_/D
914	-0.2031	u_eI_cpu.u_eJ_itcm_ctrl.u_itcm_icb_arbt.arbt_num_gt_K_gen.dp_L.u_sirv_gnrl_rspid_fifo.dp_gt_M.vld_dfflr.qout_r	u_eI_cpu.u_eJ_core.u_eK_ifu.u_eL_ifu_iftMicb.leftover_dffl.qout_r[N]	u_e203_cpu.u_e203_itcm_ctrl.u_itcm_icb_arbt.arbt_num_gt_1_gen.dp_1.u_sirv_gnrl_rspid_fifo.dp_gt_0.vld_dfflr.qout_r$_DFFE_PN0P_/Q	u_e203_cpu.u_e203_core.u_e203_ifu.u_e203_ifu_ift2icb.leftover_dffl.qout_r[10]$_DFFE_PP_/D
915	-0.2028	u_eI_cpu.u_eJ_core.u_eK_ifu.u_eL_ifu_ifetch.ifu_err_dfflr.qout_r	u_eI_cpu.u_eJ_itcm_ctrl.u_sram_icb_ctrl.u_sirv_Kcyc_sram_ctrl.u_eL_stage.dp_gt_M.dat_dfflr.qout_r[N]	u_e203_cpu.u_e203_core.u_e203_ifu.u_e203_ifu_ifetch.ifu_err_dfflr.qout_r$_DFFE_PN0P_/Q	u_e203_cpu.u_e203_itcm_ctrl.u_sram_icb_ctrl.u_sirv_1cyc_sram_ctrl.u_e1_stage.dp_gt_0.dat_dfflr.qout_r[1]$_DFFE_PP_/D
916	-0.2022	u_eI_cpu.u_eJ_core.u_eK_exu.u_eL_exu_oitf.depth_gtM.ret_ptr_flg_dfflrs.qout_r	u_eI_cpu.u_eJ_core.u_eK_ifu.u_eL_ifu_ifetch.pc_newpend_dfflr.qout_r	u_e203_cpu.u_e203_core.u_e203_exu.u_e203_exu_oitf.depth_gt1.ret_ptr_flg_dfflrs.qout_r$_DFFE_PN0P_/Q	u_e203_cpu.u_e203_core.u_e203_ifu.u_e203_ifu_ifetch.pc_newpend_dfflr.qout_r$_DFFE_PN0P_/D
917	-0.2021	u_eI_cpu.u_eJ_core.u_eK_exu.u_eL_exu_oitf.depth_gtM.alc_ptr_flg_dfflrs.qout_r	u_eI_cpu.u_eJ_core.u_eK_ifu.u_eL_ifu_ifetch.pc_newpend_dfflr.qout_r	u_e203_cpu.u_e203_core.u_e203_exu.u_e203_exu_oitf.depth_gt1.alc_ptr_flg_dfflrs.qout_r$_DFFE_PN0P_/Q	u_e203_cpu.u_e203_core.u_e203_ifu.u_e203_ifu_ifetch.pc_newpend_dfflr.qout_r$_DFFE_PN0P_/D
918	-0.2017	u_eI_cpu.u_eJ_core.u_eK_exu.u_eL_exu_alu.u_eM_exu_alu_lsuagu.icb_state_dfflr.qout_r[N]	u_eI_cpu.u_eJ_core.u_eK_biu.u_biu_icb_arbt.arbt_num_gt_L_gen.dp_M.u_sirv_gnrl_rspid_fifo.dp_gt_N.vld_dfflr.qout_r	u_e203_cpu.u_e203_core.u_e203_exu.u_e203_exu_alu.u_e203_exu_alu_lsuagu.icb_state_dfflr.qout_r[1]$_DFFE_PN0P_/Q	u_e203_cpu.u_e203_core.u_e203_biu.u_biu_icb_arbt.arbt_num_gt_1_gen.dp_1.u_sirv_gnrl_rspid_fifo.dp_gt_0.vld_dfflr.qout_r$_DFFE_PN0P_/D
919	-0.2011	u_eI_cpu.u_eJ_core.u_eK_lsu.u_eL_lsu_ctrl.u_eM_lsu_splt_stage.dp_gt_N.vld_dfflr.qout_r	u_eI_cpu.u_eJ_core.u_eK_ifu.u_eL_ifu_iftMicb.u_eN_ifetch_rsp_bypbuf.u_bypbuf_fifo.dp_gtO.fifo_rf[P].fifo_rf_dffl.qout_r[Q]	u_e203_cpu.u_e203_core.u_e203_lsu.u_e203_lsu_ctrl.u_e203_lsu_splt_stage.dp_gt_0.vld_dfflr.qout_r$_DFFE_PN0P_/Q	u_e203_cpu.u_e203_core.u_e203_ifu.u_e203_ifu_ift2icb.u_e203_ifetch_rsp_bypbuf.u_bypbuf_fifo.dp_gt0.fifo_rf[0].fifo_rf_dffl.qout_r[10]$_DFFE_PP_/D
920	-0.2006	u_eI_cpu.u_eJ_core.u_eK_exu.u_eL_exu_alu.u_eM_exu_alu_dpath.sbf_N_dffl.qout_r[O]	cmt_dpc_ena	u_e203_cpu.u_e203_core.u_e203_exu.u_e203_exu_alu.u_e203_exu_alu_dpath.sbf_0_dffl.qout_r[32]$_SDFFCE_PN0P_/Q	cmt_dpc_ena
921	-0.2005	u_eI_cpu.u_eJ_core.u_eK_exu.u_eL_exu_oitf.depth_gtM.alc_ptr_dfflrs.qout_r	u_eI_cpu.u_eJ_core.u_eK_ifu.u_eL_ifu_iftMicb.leftover_dffl.qout_r[N]	u_e203_cpu.u_e203_core.u_e203_exu.u_e203_exu_oitf.depth_gt1.alc_ptr_dfflrs.qout_r$_DFFE_PN0P_/Q	u_e203_cpu.u_e203_core.u_e203_ifu.u_e203_ifu_ift2icb.leftover_dffl.qout_r[10]$_DFFE_PP_/D
922	-0.2005	u_eI_cpu.u_eJ_core.u_eK_lsu.u_eL_lsu_ctrl.u_eM_lsu_splt_stage.dp_gt_N.dat_dfflr.qout_r[O]	u_eI_cpu.u_eJ_core.u_eK_ifu.u_eL_ifu_iftMicb.leftover_dffl.qout_r[N]	u_e203_cpu.u_e203_core.u_e203_lsu.u_e203_lsu_ctrl.u_e203_lsu_splt_stage.dp_gt_0.dat_dfflr.qout_r[40]$_DFFE_PP_/Q	u_e203_cpu.u_e203_core.u_e203_ifu.u_e203_ifu_ift2icb.leftover_dffl.qout_r[10]$_DFFE_PP_/D
923	-0.1996	u_eI_cpu.u_eJ_core.u_eK_ifu.u_eL_ifu_ifetch.ifu_hi_ir_dfflr.qout_r[M]	u_eI_cpu.u_eJ_core.u_eK_lsu.u_eL_lsu_ctrl.excl_addr_dffl.qout_r[M]	u_e203_cpu.u_e203_core.u_e203_ifu.u_e203_ifu_ifetch.ifu_hi_ir_dfflr.qout_r[10]$_DFFE_PN0P_/Q	u_e203_cpu.u_e203_core.u_e203_lsu.u_e203_lsu_ctrl.excl_addr_dffl.qout_r[17]$_DFFE_PN0P_/D
924	-0.1996	u_eI_cpu.u_eJ_itcm_ctrl.u_sram_icb_ctrl.u_sirv_Kcyc_sram_ctrl.u_eL_stage.dp_gt_M.vld_dfflr.qout_r	u_eI_cpu.u_eJ_core.u_eK_biu.u_sirv_gnrl_icb_buffer.u_sirv_gnrl_cmd_fifo.dp_gtL.vec_M_dfflrs.qout_r	u_e203_cpu.u_e203_itcm_ctrl.u_sram_icb_ctrl.u_sirv_1cyc_sram_ctrl.u_e1_stage.dp_gt_0.vld_dfflr.qout_r$_DFFE_PN0P_/Q	u_e203_cpu.u_e203_core.u_e203_biu.u_sirv_gnrl_icb_buffer.u_sirv_gnrl_cmd_fifo.dp_gt0.vec_0_dfflrs.qout_r$_DFFE_PN1P_/D
925	-0.1993	u_eI_cpu.u_eJ_irq_sync.master_gen.u_tmr_irq_sync.sync_gen[K].i_is_not_L.sync_dffr.qout_r	u_eI_cpu.u_eJ_core.u_eK_ifu.u_eL_ifu_iftMicb.leftover_dffl.qout_r[N]	u_e203_cpu.u_e203_irq_sync.master_gen.u_tmr_irq_sync.sync_gen[1].i_is_not_0.sync_dffr.qout_r$_DFF_PN0_/Q	u_e203_cpu.u_e203_core.u_e203_ifu.u_e203_ifu_ift2icb.leftover_dffl.qout_r[10]$_DFFE_PP_/D
926	-0.1990	u_eI_cpu.u_eJ_core.u_eK_exu.u_eL_exu_oitf.depth_gtM.ret_ptr_flg_dfflrs.qout_r	u_eI_cpu.u_eJ_core.u_eK_ifu.u_eL_ifu_iftMicb.icbNitcm_dfflr.qout_r	u_e203_cpu.u_e203_core.u_e203_exu.u_e203_exu_oitf.depth_gt1.ret_ptr_flg_dfflrs.qout_r$_DFFE_PN0P_/Q	u_e203_cpu.u_e203_core.u_e203_ifu.u_e203_ifu_ift2icb.icb2itcm_dfflr.qout_r$_DFFE_PN0P_/D
927	-0.1989	u_eI_cpu.u_eJ_core.u_eK_exu.u_eL_exu_oitf.depth_gtM.alc_ptr_flg_dfflrs.qout_r	u_eI_cpu.u_eJ_core.u_eK_ifu.u_eL_ifu_iftMicb.icbNitcm_dfflr.qout_r	u_e203_cpu.u_e203_core.u_e203_exu.u_e203_exu_oitf.depth_gt1.alc_ptr_flg_dfflrs.qout_r$_DFFE_PN0P_/Q	u_e203_cpu.u_e203_core.u_e203_ifu.u_e203_ifu_ift2icb.icb2itcm_dfflr.qout_r$_DFFE_PN0P_/D
928	-0.1987	u_eI_cpu.u_eJ_irq_sync.master_gen.u_ext_irq_sync.sync_gen[K].i_is_not_L.sync_dffr.qout_r	u_eI_cpu.u_eJ_core.u_eK_biu.u_sirv_gnrl_icb_buffer.u_sirv_gnrl_cmd_fifo.dp_gtL.fifo_rf[M].fifo_rf_dffl.qout_r[N]	u_e203_cpu.u_e203_irq_sync.master_gen.u_ext_irq_sync.sync_gen[1].i_is_not_0.sync_dffr.qout_r$_DFF_PN0_/Q	u_e203_cpu.u_e203_core.u_e203_biu.u_sirv_gnrl_icb_buffer.u_sirv_gnrl_cmd_fifo.dp_gt0.fifo_rf[0].fifo_rf_dffl.qout_r[0]$_DFFE_PP_/D
929	-0.1983	u_eI_cpu.u_eJ_core.u_eK_biu.u_sirv_gnrl_icb_buffer.u_sirv_gnrl_rsp_fifo.dp_gtL.vec_M_dfflr.qout_r	u_eI_cpu.u_eJ_itcm_ctrl.u_sram_icb_ctrl.u_byp_icb_cmd_buf.u_bypbuf_fifo.dp_gtK.fifo_rf[L].fifo_rf_dffl.qout_r[M]	u_e203_cpu.u_e203_core.u_e203_biu.u_sirv_gnrl_icb_buffer.u_sirv_gnrl_rsp_fifo.dp_gt0.vec_31_dfflr.qout_r$_DFFE_PN0P_/Q	u_e203_cpu.u_e203_itcm_ctrl.u_sram_icb_ctrl.u_byp_icb_cmd_buf.u_bypbuf_fifo.dp_gt0.fifo_rf[0].fifo_rf_dffl.qout_r[42]$_DFFE_PP_/D
930	-0.1982	u_eI_cpu.u_eJ_core.u_eK_ifu.u_eL_ifu_ifetch.ir_rsMidx_dfflr.qout_r[N]	u_eI_cpu.u_eJ_core.u_eK_lsu.u_eL_lsu_ctrl.excl_flg_dffl.qout_r	u_e203_cpu.u_e203_core.u_e203_ifu.u_e203_ifu_ifetch.ir_rs2idx_dfflr.qout_r[4]$_DFFE_PN0P_/Q	u_e203_cpu.u_e203_core.u_e203_lsu.u_e203_lsu_ctrl.excl_flg_dffl.qout_r$_DFFE_PN0P_/D
931	-0.1982	u_eI_cpu.u_eJ_core.u_eK_exu.u_eL_exu_oitf.depth_gtM.ret_ptr_dfflrs.qout_r	u_eI_cpu.u_eJ_core.u_eK_ifu.u_eL_ifu_iftMicb.u_eN_ifetch_rsp_bypbuf.u_bypbuf_fifo.dp_gtO.fifo_rf[P].fifo_rf_dffl.qout_r[Q]	u_e203_cpu.u_e203_core.u_e203_exu.u_e203_exu_oitf.depth_gt1.ret_ptr_dfflrs.qout_r$_DFFE_PN0P_/Q	u_e203_cpu.u_e203_core.u_e203_ifu.u_e203_ifu_ift2icb.u_e203_ifetch_rsp_bypbuf.u_bypbuf_fifo.dp_gt0.fifo_rf[0].fifo_rf_dffl.qout_r[10]$_DFFE_PP_/D
932	-0.1981	u_eI_cpu.u_eJ_core.u_eK_lsu.u_eL_lsu_ctrl.u_eM_lsu_splt_stage.dp_gt_N.vld_dfflr.qout_r	u_eI_cpu.u_eJ_core.u_eK_ifu.u_eL_ifu_iftMicb.icbNmem_dfflr.qout_r	u_e203_cpu.u_e203_core.u_e203_lsu.u_e203_lsu_ctrl.u_e203_lsu_splt_stage.dp_gt_0.vld_dfflr.qout_r$_DFFE_PN0P_/Q	u_e203_cpu.u_e203_core.u_e203_ifu.u_e203_ifu_ift2icb.icb2mem_dfflr.qout_r$_DFFE_PN0P_/D
933	-0.1975	extIitcm_icb_rsp_ready	cmt_dcause[I]	ext2itcm_icb_rsp_ready	cmt_dcause[0]
934	-0.1971	u_eI_cpu.u_eJ_itcm_ctrl.u_itcm_icb_arbt.arbt_num_gt_K_gen.dp_L.u_sirv_gnrl_rspid_fifo.dp_gt_M.vld_dfflr.qout_r	u_eI_cpu.u_eJ_core.u_eK_biu.u_sirv_gnrl_icb_buffer.u_sirv_gnrl_cmd_fifo.dp_gtL.vec_M_dfflrs.qout_r	u_e203_cpu.u_e203_itcm_ctrl.u_itcm_icb_arbt.arbt_num_gt_1_gen.dp_1.u_sirv_gnrl_rspid_fifo.dp_gt_0.vld_dfflr.qout_r$_DFFE_PN0P_/Q	u_e203_cpu.u_e203_core.u_e203_biu.u_sirv_gnrl_icb_buffer.u_sirv_gnrl_cmd_fifo.dp_gt0.vec_0_dfflrs.qout_r$_DFFE_PN1P_/D
935	-0.1968	u_eI_cpu.u_eJ_core.u_eK_exu.u_eL_exu_oitf.depth_gtM.ret_ptr_flg_dfflrs.qout_r	u_eI_cpu.u_eJ_core.u_eK_ifu.u_eL_ifu_iftMicb.leftover_err_dfflr.qout_r	u_e203_cpu.u_e203_core.u_e203_exu.u_e203_exu_oitf.depth_gt1.ret_ptr_flg_dfflrs.qout_r$_DFFE_PN0P_/Q	u_e203_cpu.u_e203_core.u_e203_ifu.u_e203_ifu_ift2icb.leftover_err_dfflr.qout_r$_DFFE_PN0P_/D
936	-0.1967	u_eI_cpu.u_eJ_core.u_eK_exu.u_eL_exu_oitf.depth_gtM.alc_ptr_flg_dfflrs.qout_r	u_eI_cpu.u_eJ_core.u_eK_ifu.u_eL_ifu_iftMicb.leftover_err_dfflr.qout_r	u_e203_cpu.u_e203_core.u_e203_exu.u_e203_exu_oitf.depth_gt1.alc_ptr_flg_dfflrs.qout_r$_DFFE_PN0P_/Q	u_e203_cpu.u_e203_core.u_e203_ifu.u_e203_ifu_ift2icb.leftover_err_dfflr.qout_r$_DFFE_PN0P_/D
937	-0.1965	u_eI_cpu.u_eJ_itcm_ctrl.u_sram_icb_ctrl.u_sirv_Kcyc_sram_ctrl.u_eL_stage.dp_gt_M.vld_dfflr.qout_r	u_eI_cpu.u_eJ_core.u_eK_biu.u_sirv_gnrl_icb_buffer.u_sirv_gnrl_cmd_fifo.dp_gtL.vec_M_dfflr.qout_r	u_e203_cpu.u_e203_itcm_ctrl.u_sram_icb_ctrl.u_sirv_1cyc_sram_ctrl.u_e1_stage.dp_gt_0.vld_dfflr.qout_r$_DFFE_PN0P_/Q	u_e203_cpu.u_e203_core.u_e203_biu.u_sirv_gnrl_icb_buffer.u_sirv_gnrl_cmd_fifo.dp_gt0.vec_31_dfflr.qout_r$_DFFE_PN0P_/D
938	-0.1963	u_eI_cpu.u_eJ_irq_sync.master_gen.u_sft_irq_sync.sync_gen[K].i_is_not_L.sync_dffr.qout_r	u_eI_cpu.u_eJ_core.u_eK_ifu.u_eL_ifu_iftMicb.leftover_dffl.qout_r[N]	u_e203_cpu.u_e203_irq_sync.master_gen.u_sft_irq_sync.sync_gen[1].i_is_not_0.sync_dffr.qout_r$_DFF_PN0_/Q	u_e203_cpu.u_e203_core.u_e203_ifu.u_e203_ifu_ift2icb.leftover_dffl.qout_r[10]$_DFFE_PP_/D
939	-0.1962	u_eI_cpu.u_eJ_core.u_eK_exu.u_eL_exu_csr.mie_dfflr.qout_r[M]	u_eI_cpu.u_eJ_core.u_eK_ifu.u_eL_ifu_iftMicb.icb_addr_N_O_dffl.qout_r[P]	u_e203_cpu.u_e203_core.u_e203_exu.u_e203_exu_csr.mie_dfflr.qout_r[7]$_DFFE_PN0P_/Q	u_e203_cpu.u_e203_core.u_e203_ifu.u_e203_ifu_ift2icb.icb_addr_2_1_dffl.qout_r[0]$_DFFE_PP_/D
940	-0.1961	u_eI_cpu.u_eJ_core.u_eK_exu.u_eL_exu_alu.u_eM_exu_alu_lsuagu.icb_state_dfflr.qout_r[N]	u_eI_cpu.u_eJ_core.u_eK_ifu.u_eL_ifu_ifetch.out_flag_dfflr.qout_r	u_e203_cpu.u_e203_core.u_e203_exu.u_e203_exu_alu.u_e203_exu_alu_lsuagu.icb_state_dfflr.qout_r[1]$_DFFE_PN0P_/Q	u_e203_cpu.u_e203_core.u_e203_ifu.u_e203_ifu_ifetch.out_flag_dfflr.qout_r$_DFFE_PN0P_/D
941	-0.1960	u_eI_cpu.u_eJ_itcm_ctrl.u_sram_icb_ctrl.u_sirv_Kcyc_sram_ctrl.u_eL_stage.dp_gt_M.vld_dfflr.qout_r	u_eI_cpu.u_eJ_core.u_eK_ifu.u_eL_ifu_ifetch.ifu_hi_ir_dfflr.qout_r[M]	u_e203_cpu.u_e203_itcm_ctrl.u_sram_icb_ctrl.u_sirv_1cyc_sram_ctrl.u_e1_stage.dp_gt_0.vld_dfflr.qout_r$_DFFE_PN0P_/Q	u_e203_cpu.u_e203_core.u_e203_ifu.u_e203_ifu_ifetch.ifu_hi_ir_dfflr.qout_r[8]$_DFFE_PN0P_/D
942	-0.1954	u_eI_cpu.u_eJ_core.u_eK_lsu.u_eL_lsu_ctrl.u_lsu_icb_arbt.arbt_num_gt_M_gen.dp_N.u_sirv_gnrl_rspid_fifo.dp_gt_O.dat_dfflr.qout_r	u_eI_cpu.u_eJ_itcm_ctrl.u_sram_icb_ctrl.u_byp_icb_cmd_buf.u_bypbuf_fifo.dp_gtK.fifo_rf[L].fifo_rf_dffl.qout_r[M]	u_e203_cpu.u_e203_core.u_e203_lsu.u_e203_lsu_ctrl.u_lsu_icb_arbt.arbt_num_gt_1_gen.dp_1.u_sirv_gnrl_rspid_fifo.dp_gt_0.dat_dfflr.qout_r$_DFFE_PP_/Q	u_e203_cpu.u_e203_itcm_ctrl.u_sram_icb_ctrl.u_byp_icb_cmd_buf.u_bypbuf_fifo.dp_gt0.fifo_rf[0].fifo_rf_dffl.qout_r[42]$_DFFE_PP_/D
943	-0.1952	u_eI_cpu.u_eJ_core.u_eK_exu.u_eL_exu_oitf.depth_gtM.ret_ptr_dfflrs.qout_r	u_eI_cpu.u_eJ_core.u_eK_ifu.u_eL_ifu_iftMicb.icbNmem_dfflr.qout_r	u_e203_cpu.u_e203_core.u_e203_exu.u_e203_exu_oitf.depth_gt1.ret_ptr_dfflrs.qout_r$_DFFE_PN0P_/Q	u_e203_cpu.u_e203_core.u_e203_ifu.u_e203_ifu_ift2icb.icb2mem_dfflr.qout_r$_DFFE_PN0P_/D
944	-0.1946	u_eI_cpu.u_eJ_core.u_eK_exu.u_eL_exu_oitf.depth_gtM.alc_ptr_dfflrs.qout_r	u_eI_cpu.u_eJ_core.u_eK_biu.u_sirv_gnrl_icb_buffer.u_sirv_gnrl_cmd_fifo.dp_gtL.vec_M_dfflrs.qout_r	u_e203_cpu.u_e203_core.u_e203_exu.u_e203_exu_oitf.depth_gt1.alc_ptr_dfflrs.qout_r$_DFFE_PN0P_/Q	u_e203_cpu.u_e203_core.u_e203_biu.u_sirv_gnrl_icb_buffer.u_sirv_gnrl_cmd_fifo.dp_gt0.vec_0_dfflrs.qout_r$_DFFE_PN1P_/D
945	-0.1946	u_eI_cpu.u_eJ_core.u_eK_lsu.u_eL_lsu_ctrl.u_eM_lsu_splt_stage.dp_gt_N.dat_dfflr.qout_r[O]	u_eI_cpu.u_eJ_core.u_eK_biu.u_sirv_gnrl_icb_buffer.u_sirv_gnrl_cmd_fifo.dp_gtL.vec_M_dfflrs.qout_r	u_e203_cpu.u_e203_core.u_e203_lsu.u_e203_lsu_ctrl.u_e203_lsu_splt_stage.dp_gt_0.dat_dfflr.qout_r[40]$_DFFE_PP_/Q	u_e203_cpu.u_e203_core.u_e203_biu.u_sirv_gnrl_icb_buffer.u_sirv_gnrl_cmd_fifo.dp_gt0.vec_0_dfflrs.qout_r$_DFFE_PN1P_/D
946	-0.1941	u_eI_cpu.u_eJ_core.u_eK_exu.u_eL_exu_alu.u_eM_exu_alu_lsuagu.icb_state_dfflr.qout_r[N]	u_eI_srams.u_eJ_dtcm_ram.u_eK_dtcm_gnrl_ram.u_sirv_sim_ram.mem_r[L][M]	u_e203_cpu.u_e203_core.u_e203_exu.u_e203_exu_alu.u_e203_exu_alu_lsuagu.icb_state_dfflr.qout_r[1]$_DFFE_PN0P_/Q	u_e203_srams.u_e203_dtcm_ram.u_e203_dtcm_gnrl_ram.u_sirv_sim_ram.mem_r[0][0]$_DFFE_PP_/D
947	-0.1941	u_eI_cpu.u_eJ_itcm_ctrl.u_itcm_icb_arbt.arbt_num_gt_K_gen.dp_L.u_sirv_gnrl_rspid_fifo.dp_gt_M.vld_dfflr.qout_r	u_eI_cpu.u_eJ_core.u_eK_biu.u_sirv_gnrl_icb_buffer.u_sirv_gnrl_cmd_fifo.dp_gtL.vec_M_dfflr.qout_r	u_e203_cpu.u_e203_itcm_ctrl.u_itcm_icb_arbt.arbt_num_gt_1_gen.dp_1.u_sirv_gnrl_rspid_fifo.dp_gt_0.vld_dfflr.qout_r$_DFFE_PN0P_/Q	u_e203_cpu.u_e203_core.u_e203_biu.u_sirv_gnrl_icb_buffer.u_sirv_gnrl_cmd_fifo.dp_gt0.vec_31_dfflr.qout_r$_DFFE_PN0P_/D
948	-0.1936	u_eI_cpu.u_eJ_itcm_ctrl.u_itcm_icb_arbt.arbt_num_gt_K_gen.dp_L.u_sirv_gnrl_rspid_fifo.dp_gt_M.vld_dfflr.qout_r	u_eI_cpu.u_eJ_core.u_eK_ifu.u_eL_ifu_ifetch.ifu_hi_ir_dfflr.qout_r[M]	u_e203_cpu.u_e203_itcm_ctrl.u_itcm_icb_arbt.arbt_num_gt_1_gen.dp_1.u_sirv_gnrl_rspid_fifo.dp_gt_0.vld_dfflr.qout_r$_DFFE_PN0P_/Q	u_e203_cpu.u_e203_core.u_e203_ifu.u_e203_ifu_ifetch.ifu_hi_ir_dfflr.qout_r[8]$_DFFE_PN0P_/D
949	-0.1934	u_eI_cpu.u_eJ_irq_sync.master_gen.u_tmr_irq_sync.sync_gen[K].i_is_not_L.sync_dffr.qout_r	u_eI_cpu.u_eJ_core.u_eK_biu.u_sirv_gnrl_icb_buffer.u_sirv_gnrl_cmd_fifo.dp_gtL.vec_M_dfflrs.qout_r	u_e203_cpu.u_e203_irq_sync.master_gen.u_tmr_irq_sync.sync_gen[1].i_is_not_0.sync_dffr.qout_r$_DFF_PN0_/Q	u_e203_cpu.u_e203_core.u_e203_biu.u_sirv_gnrl_icb_buffer.u_sirv_gnrl_cmd_fifo.dp_gt0.vec_0_dfflrs.qout_r$_DFFE_PN1P_/D
950	-0.1933	u_eI_cpu.u_eJ_core.u_eK_exu.u_eL_exu_regfile.regfile[M].rfnoN.rf_dffl.qout_r[O]	u_eI_cpu.u_eJ_core.u_eK_ifu.u_eL_ifu_iftMicb.icb_addr_N_O_dffl.qout_r[P]	u_e203_cpu.u_e203_core.u_e203_exu.u_e203_exu_regfile.regfile[29].rfno0.rf_dffl.qout_r[31]$_DFFE_PP_/Q	u_e203_cpu.u_e203_core.u_e203_ifu.u_e203_ifu_ift2icb.icb_addr_2_1_dffl.qout_r[0]$_DFFE_PP_/D
951	-0.1931	u_eI_cpu.u_eJ_core.u_eK_ifu.u_eL_ifu_ifetch.ifu_lo_ir_dfflr.qout_r[M]	u_eI_cpu.u_eJ_core.u_eK_exu.u_eL_exu_alu.u_eM_exu_nice.u_nice_itag_fifo.dp_gtN.vec_O_dfflrs.qout_r	u_e203_cpu.u_e203_core.u_e203_ifu.u_e203_ifu_ifetch.ifu_lo_ir_dfflr.qout_r[11]$_DFFE_PN0P_/Q	u_e203_cpu.u_e203_core.u_e203_exu.u_e203_exu_alu.u_e203_exu_nice.u_nice_itag_fifo.dp_gt0.vec_0_dfflrs.qout_r$_DFFE_PN1P_/D
952	-0.1931	u_eI_cpu.u_eJ_core.u_eK_ifu.u_eL_ifu_ifetch.ir_rsMidx_dfflr.qout_r[N]	u_eI_cpu.u_eJ_core.u_eK_exu.u_eL_exu_csr.epc_dfflr.qout_r[M]	u_e203_cpu.u_e203_core.u_e203_ifu.u_e203_ifu_ifetch.ir_rs2idx_dfflr.qout_r[4]$_DFFE_PN0P_/Q	u_e203_cpu.u_e203_core.u_e203_exu.u_e203_exu_csr.epc_dfflr.qout_r[24]$_DFFE_PN0P_/D
953	-0.1931	u_eI_cpu.u_eJ_core.u_eK_exu.u_eL_exu_oitf.depth_gtM.ret_ptr_flg_dfflrs.qout_r	u_eI_cpu.u_eJ_core.u_eK_ifu.u_eL_ifu_ifetch.ifu_lo_ir_dfflr.qout_r[M]	u_e203_cpu.u_e203_core.u_e203_exu.u_e203_exu_oitf.depth_gt1.ret_ptr_flg_dfflrs.qout_r$_DFFE_PN0P_/Q	u_e203_cpu.u_e203_core.u_e203_ifu.u_e203_ifu_ifetch.ifu_lo_ir_dfflr.qout_r[8]$_DFFE_PN0P_/D
954	-0.1931	u_eI_cpu.u_eJ_core.u_eK_exu.u_eL_exu_oitf.depth_gtM.ret_ptr_flg_dfflrs.qout_r	u_eI_cpu.u_eJ_core.u_eK_ifu.u_eL_ifu_ifetch.ifu_err_dfflr.qout_r	u_e203_cpu.u_e203_core.u_e203_exu.u_e203_exu_oitf.depth_gt1.ret_ptr_flg_dfflrs.qout_r$_DFFE_PN0P_/Q	u_e203_cpu.u_e203_core.u_e203_ifu.u_e203_ifu_ifetch.ifu_err_dfflr.qout_r$_DFFE_PN0P_/D
955	-0.1931	u_eI_cpu.u_eJ_core.u_eK_exu.u_eL_exu_oitf.depth_gtM.ret_ptr_flg_dfflrs.qout_r	u_eI_cpu.u_eJ_core.u_eK_ifu.u_eL_ifu_ifetch.ifu_prdt_taken_dfflr.qout_r	u_e203_cpu.u_e203_core.u_e203_exu.u_e203_exu_oitf.depth_gt1.ret_ptr_flg_dfflrs.qout_r$_DFFE_PN0P_/Q	u_e203_cpu.u_e203_core.u_e203_ifu.u_e203_ifu_ifetch.ifu_prdt_taken_dfflr.qout_r$_DFFE_PN0P_/D
956	-0.1930	u_eI_cpu.u_eJ_core.u_eK_exu.u_eL_exu_oitf.depth_gtM.alc_ptr_flg_dfflrs.qout_r	u_eI_cpu.u_eJ_core.u_eK_ifu.u_eL_ifu_ifetch.ifu_lo_ir_dfflr.qout_r[M]	u_e203_cpu.u_e203_core.u_e203_exu.u_e203_exu_oitf.depth_gt1.alc_ptr_flg_dfflrs.qout_r$_DFFE_PN0P_/Q	u_e203_cpu.u_e203_core.u_e203_ifu.u_e203_ifu_ifetch.ifu_lo_ir_dfflr.qout_r[8]$_DFFE_PN0P_/D
957	-0.1930	u_eI_cpu.u_eJ_core.u_eK_exu.u_eL_exu_oitf.depth_gtM.alc_ptr_flg_dfflrs.qout_r	u_eI_cpu.u_eJ_core.u_eK_ifu.u_eL_ifu_ifetch.ifu_err_dfflr.qout_r	u_e203_cpu.u_e203_core.u_e203_exu.u_e203_exu_oitf.depth_gt1.alc_ptr_flg_dfflrs.qout_r$_DFFE_PN0P_/Q	u_e203_cpu.u_e203_core.u_e203_ifu.u_e203_ifu_ifetch.ifu_err_dfflr.qout_r$_DFFE_PN0P_/D
958	-0.1930	u_eI_cpu.u_eJ_core.u_eK_exu.u_eL_exu_oitf.depth_gtM.alc_ptr_flg_dfflrs.qout_r	u_eI_cpu.u_eJ_core.u_eK_ifu.u_eL_ifu_ifetch.ifu_prdt_taken_dfflr.qout_r	u_e203_cpu.u_e203_core.u_e203_exu.u_e203_exu_oitf.depth_gt1.alc_ptr_flg_dfflrs.qout_r$_DFFE_PN0P_/Q	u_e203_cpu.u_e203_core.u_e203_ifu.u_e203_ifu_ifetch.ifu_prdt_taken_dfflr.qout_r$_DFFE_PN0P_/D
959	-0.1926	u_eI_cpu.u_eJ_core.u_eK_exu.u_eL_exu_alu.u_eM_exu_alu_muldiv.muldiv_state_dfflr.qout_r[N]	u_eI_cpu.u_eJ_core.u_eK_biu.u_sirv_gnrl_icb_buffer.u_sirv_gnrl_cmd_fifo.dp_gtL.fifo_rf[M].fifo_rf_dffl.qout_r[N]	u_e203_cpu.u_e203_core.u_e203_exu.u_e203_exu_alu.u_e203_exu_alu_muldiv.muldiv_state_dfflr.qout_r[0]$_DFFE_PN0P_/Q	u_e203_cpu.u_e203_core.u_e203_biu.u_sirv_gnrl_icb_buffer.u_sirv_gnrl_cmd_fifo.dp_gt0.fifo_rf[0].fifo_rf_dffl.qout_r[0]$_DFFE_PP_/D
960	-0.1923	u_eI_cpu.u_eJ_core.u_eK_exu.u_eL_exu_alu.u_eM_exu_alu_lsuagu.icb_state_dfflr.qout_r[N]	u_eI_cpu.u_eJ_core.u_eK_ifu.u_eL_ifu_ifetch.reset_req_dfflr.qout_r	u_e203_cpu.u_e203_core.u_e203_exu.u_e203_exu_alu.u_e203_exu_alu_lsuagu.icb_state_dfflr.qout_r[1]$_DFFE_PN0P_/Q	u_e203_cpu.u_e203_core.u_e203_ifu.u_e203_ifu_ifetch.reset_req_dfflr.qout_r$_DFFE_PN0P_/D
961	-0.1922	u_eI_cpu.u_eJ_core.u_eK_ifu.u_eL_ifu_ifetch.ifu_err_dfflr.qout_r	u_eI_cpu.u_eJ_core.u_eK_ifu.u_eL_ifu_ifetch.ir_valid_dfflr.qout_r	u_e203_cpu.u_e203_core.u_e203_ifu.u_e203_ifu_ifetch.ifu_err_dfflr.qout_r$_DFFE_PN0P_/Q	u_e203_cpu.u_e203_core.u_e203_ifu.u_e203_ifu_ifetch.ir_valid_dfflr.qout_r$_DFFE_PN0P_/D
962	-0.1917	u_eI_cpu.u_eJ_core.u_eK_ifu.u_eL_ifu_ifetch.ifu_err_dfflr.qout_r	u_eI_cpu.u_eJ_core.u_eK_ifu.u_eL_ifu_ifetch.ir_muldiv_bMb_dfflr.qout_r	u_e203_cpu.u_e203_core.u_e203_ifu.u_e203_ifu_ifetch.ifu_err_dfflr.qout_r$_DFFE_PN0P_/Q	u_e203_cpu.u_e203_core.u_e203_ifu.u_e203_ifu_ifetch.ir_muldiv_b2b_dfflr.qout_r$_DFFE_PN0P_/D
963	-0.1916	u_eI_cpu.u_eJ_core.u_eK_exu.u_eL_exu_oitf.depth_gtM.alc_ptr_dfflrs.qout_r	u_eI_cpu.u_eJ_core.u_eK_biu.u_sirv_gnrl_icb_buffer.u_sirv_gnrl_cmd_fifo.dp_gtL.vec_M_dfflr.qout_r	u_e203_cpu.u_e203_core.u_e203_exu.u_e203_exu_oitf.depth_gt1.alc_ptr_dfflrs.qout_r$_DFFE_PN0P_/Q	u_e203_cpu.u_e203_core.u_e203_biu.u_sirv_gnrl_icb_buffer.u_sirv_gnrl_cmd_fifo.dp_gt0.vec_31_dfflr.qout_r$_DFFE_PN0P_/D
964	-0.1915	u_eI_cpu.u_eJ_core.u_eK_lsu.u_eL_lsu_ctrl.u_eM_lsu_splt_stage.dp_gt_N.dat_dfflr.qout_r[O]	u_eI_cpu.u_eJ_core.u_eK_biu.u_sirv_gnrl_icb_buffer.u_sirv_gnrl_cmd_fifo.dp_gtL.vec_M_dfflr.qout_r	u_e203_cpu.u_e203_core.u_e203_lsu.u_e203_lsu_ctrl.u_e203_lsu_splt_stage.dp_gt_0.dat_dfflr.qout_r[40]$_DFFE_PP_/Q	u_e203_cpu.u_e203_core.u_e203_biu.u_sirv_gnrl_icb_buffer.u_sirv_gnrl_cmd_fifo.dp_gt0.vec_31_dfflr.qout_r$_DFFE_PN0P_/D
965	-0.1915	u_eI_cpu.u_eJ_core.u_eK_lsu.u_eL_lsu_ctrl.u_eM_lsu_splt_stage.dp_gt_N.vld_dfflr.qout_r	u_eI_cpu.u_eJ_core.u_eK_ifu.u_eL_ifu_ifetch.pc_newpend_dfflr.qout_r	u_e203_cpu.u_e203_core.u_e203_lsu.u_e203_lsu_ctrl.u_e203_lsu_splt_stage.dp_gt_0.vld_dfflr.qout_r$_DFFE_PN0P_/Q	u_e203_cpu.u_e203_core.u_e203_ifu.u_e203_ifu_ifetch.pc_newpend_dfflr.qout_r$_DFFE_PN0P_/D
966	-0.1913	u_eI_cpu.u_eJ_core.u_eK_exu.u_eL_exu_csr.mie_dfflr.qout_r[M]	u_eI_cpu.u_eJ_core.u_eK_ifu.u_eL_ifu_iftMicb.req_lane_cross_dfflr.qout_r	u_e203_cpu.u_e203_core.u_e203_exu.u_e203_exu_csr.mie_dfflr.qout_r[7]$_DFFE_PN0P_/Q	u_e203_cpu.u_e203_core.u_e203_ifu.u_e203_ifu_ift2icb.req_lane_cross_dfflr.qout_r$_DFFE_PN0P_/D
967	-0.1913	u_eI_cpu.u_eJ_core.u_eK_exu.u_eL_exu_csr.mie_dfflr.qout_r[M]	u_eI_cpu.u_eJ_core.u_eK_ifu.u_eL_ifu_iftMicb.req_need_Nuop_dfflr.qout_r	u_e203_cpu.u_e203_core.u_e203_exu.u_e203_exu_csr.mie_dfflr.qout_r[7]$_DFFE_PN0P_/Q	u_e203_cpu.u_e203_core.u_e203_ifu.u_e203_ifu_ift2icb.req_need_2uop_dfflr.qout_r$_DFFE_PN0P_/D
968	-0.1913	u_eI_cpu.u_eJ_core.u_eK_exu.u_eL_exu_csr.mie_dfflr.qout_r[M]	u_eI_cpu.u_eJ_core.u_eK_ifu.u_eL_ifu_iftMicb.req_same_cross_holdup_dfflr.qout_r	u_e203_cpu.u_e203_core.u_e203_exu.u_e203_exu_csr.mie_dfflr.qout_r[7]$_DFFE_PN0P_/Q	u_e203_cpu.u_e203_core.u_e203_ifu.u_e203_ifu_ift2icb.req_same_cross_holdup_dfflr.qout_r$_DFFE_PN0P_/D
969	-0.1912	u_eI_cpu.u_eJ_irq_sync.master_gen.u_ext_irq_sync.sync_gen[K].i_is_not_L.sync_dffr.qout_r	u_eI_cpu.u_eJ_core.u_eK_ifu.u_eL_ifu_iftMicb.leftover_dffl.qout_r[N]	u_e203_cpu.u_e203_irq_sync.master_gen.u_ext_irq_sync.sync_gen[1].i_is_not_0.sync_dffr.qout_r$_DFF_PN0_/Q	u_e203_cpu.u_e203_core.u_e203_ifu.u_e203_ifu_ift2icb.leftover_dffl.qout_r[10]$_DFFE_PP_/D
970	-0.1912	u_eI_cpu.u_eJ_dtcm_ctrl.u_dtcm_icb_arbt.arbt_num_gt_K_gen.dp_L.u_sirv_gnrl_rspid_fifo.dp_gt_M.vld_dfflr.qout_r	u_eI_cpu.u_eJ_core.u_eK_biu.u_sirv_gnrl_icb_buffer.u_sirv_gnrl_cmd_fifo.dp_gtL.fifo_rf[M].fifo_rf_dffl.qout_r[N]	u_e203_cpu.u_e203_dtcm_ctrl.u_dtcm_icb_arbt.arbt_num_gt_1_gen.dp_1.u_sirv_gnrl_rspid_fifo.dp_gt_0.vld_dfflr.qout_r$_DFFE_PN0P_/Q	u_e203_cpu.u_e203_core.u_e203_biu.u_sirv_gnrl_icb_buffer.u_sirv_gnrl_cmd_fifo.dp_gt0.fifo_rf[0].fifo_rf_dffl.qout_r[0]$_DFFE_PP_/D
971	-0.1911	u_eI_cpu.u_eJ_core.u_eK_exu.u_eL_exu_oitf.depth_gtM.ret_ptr_flg_dfflrs.qout_r	u_eI_cpu.u_eJ_core.u_eK_ifu.u_eL_ifu_iftMicb.icb_state_dfflr.qout_r[N]	u_e203_cpu.u_e203_core.u_e203_exu.u_e203_exu_oitf.depth_gt1.ret_ptr_flg_dfflrs.qout_r$_DFFE_PN0P_/Q	u_e203_cpu.u_e203_core.u_e203_ifu.u_e203_ifu_ift2icb.icb_state_dfflr.qout_r[0]$_DFFE_PN0P_/D
972	-0.1910	u_eI_cpu.u_eJ_core.u_eK_exu.u_eL_exu_oitf.depth_gtM.alc_ptr_dfflrs.qout_r	u_eI_cpu.u_eJ_core.u_eK_ifu.u_eL_ifu_ifetch.ifu_hi_ir_dfflr.qout_r[M]	u_e203_cpu.u_e203_core.u_e203_exu.u_e203_exu_oitf.depth_gt1.alc_ptr_dfflrs.qout_r$_DFFE_PN0P_/Q	u_e203_cpu.u_e203_core.u_e203_ifu.u_e203_ifu_ifetch.ifu_hi_ir_dfflr.qout_r[8]$_DFFE_PN0P_/D
973	-0.1910	u_eI_cpu.u_eJ_core.u_eK_lsu.u_eL_lsu_ctrl.u_eM_lsu_splt_stage.dp_gt_N.dat_dfflr.qout_r[O]	u_eI_cpu.u_eJ_core.u_eK_ifu.u_eL_ifu_ifetch.ifu_hi_ir_dfflr.qout_r[M]	u_e203_cpu.u_e203_core.u_e203_lsu.u_e203_lsu_ctrl.u_e203_lsu_splt_stage.dp_gt_0.dat_dfflr.qout_r[40]$_DFFE_PP_/Q	u_e203_cpu.u_e203_core.u_e203_ifu.u_e203_ifu_ifetch.ifu_hi_ir_dfflr.qout_r[8]$_DFFE_PN0P_/D
974	-0.1910	u_eI_cpu.u_eJ_core.u_eK_exu.u_eL_exu_oitf.depth_gtM.alc_ptr_flg_dfflrs.qout_r	u_eI_cpu.u_eJ_core.u_eK_ifu.u_eL_ifu_iftMicb.icb_state_dfflr.qout_r[N]	u_e203_cpu.u_e203_core.u_e203_exu.u_e203_exu_oitf.depth_gt1.alc_ptr_flg_dfflrs.qout_r$_DFFE_PN0P_/Q	u_e203_cpu.u_e203_core.u_e203_ifu.u_e203_ifu_ift2icb.icb_state_dfflr.qout_r[0]$_DFFE_PN0P_/D
975	-0.1909	u_eI_cpu.u_eJ_core.u_eK_biu.u_biu_icb_arbt.arbt_num_gt_L_gen.dp_M.u_sirv_gnrl_rspid_fifo.dp_gt_N.vld_dfflr.qout_r	u_eI_cpu.u_eJ_core.u_eK_biu.u_sirv_gnrl_icb_buffer.u_sirv_gnrl_cmd_fifo.dp_gtL.fifo_rf[M].fifo_rf_dffl.qout_r[N]	u_e203_cpu.u_e203_core.u_e203_biu.u_biu_icb_arbt.arbt_num_gt_1_gen.dp_1.u_sirv_gnrl_rspid_fifo.dp_gt_0.vld_dfflr.qout_r$_DFFE_PN0P_/Q	u_e203_cpu.u_e203_core.u_e203_biu.u_sirv_gnrl_icb_buffer.u_sirv_gnrl_cmd_fifo.dp_gt0.fifo_rf[0].fifo_rf_dffl.qout_r[0]$_DFFE_PP_/D
976	-0.1907	u_eI_cpu.u_eJ_core.u_eK_lsu.u_eL_lsu_ctrl.u_lsu_icb_arbt.arbt_num_gt_M_gen.dp_N.u_sirv_gnrl_rspid_fifo.dp_gt_O.vld_dfflr.qout_r	u_eI_cpu.u_eJ_core.u_eK_biu.u_sirv_gnrl_icb_buffer.u_sirv_gnrl_cmd_fifo.dp_gtL.fifo_rf[M].fifo_rf_dffl.qout_r[N]	u_e203_cpu.u_e203_core.u_e203_lsu.u_e203_lsu_ctrl.u_lsu_icb_arbt.arbt_num_gt_1_gen.dp_1.u_sirv_gnrl_rspid_fifo.dp_gt_0.vld_dfflr.qout_r$_DFFE_PN0P_/Q	u_e203_cpu.u_e203_core.u_e203_biu.u_sirv_gnrl_icb_buffer.u_sirv_gnrl_cmd_fifo.dp_gt0.fifo_rf[0].fifo_rf_dffl.qout_r[0]$_DFFE_PP_/D
977	-0.1907	u_eI_cpu.u_eJ_itcm_ctrl.u_sram_icb_ctrl.u_sirv_Kcyc_sram_ctrl.u_eL_stage.dp_gt_M.vld_dfflr.qout_r	u_eI_cpu.u_eJ_core.u_eK_ifu.u_eL_ifu_iftMicb.u_eN_ifetch_rsp_bypbuf.u_bypbuf_fifo.dp_gtO.vec_P_dfflrs.qout_r	u_e203_cpu.u_e203_itcm_ctrl.u_sram_icb_ctrl.u_sirv_1cyc_sram_ctrl.u_e1_stage.dp_gt_0.vld_dfflr.qout_r$_DFFE_PN0P_/Q	u_e203_cpu.u_e203_core.u_e203_ifu.u_e203_ifu_ift2icb.u_e203_ifetch_rsp_bypbuf.u_bypbuf_fifo.dp_gt0.vec_0_dfflrs.qout_r$_DFFE_PN1P_/D
978	-0.1904	u_eI_cpu.u_eJ_dtcm_ctrl.u_sram_icb_ctrl.u_sirv_Kcyc_sram_ctrl.u_eL_stage.dp_gt_M.vld_dfflr.qout_r	u_eI_cpu.u_eJ_core.u_eK_biu.u_sirv_gnrl_icb_buffer.u_sirv_gnrl_cmd_fifo.dp_gtL.fifo_rf[M].fifo_rf_dffl.qout_r[N]	u_e203_cpu.u_e203_dtcm_ctrl.u_sram_icb_ctrl.u_sirv_1cyc_sram_ctrl.u_e1_stage.dp_gt_0.vld_dfflr.qout_r$_DFFE_PN0P_/Q	u_e203_cpu.u_e203_core.u_e203_biu.u_sirv_gnrl_icb_buffer.u_sirv_gnrl_cmd_fifo.dp_gt0.fifo_rf[0].fifo_rf_dffl.qout_r[0]$_DFFE_PP_/D
979	-0.1903	u_eI_cpu.u_eJ_irq_sync.master_gen.u_tmr_irq_sync.sync_gen[K].i_is_not_L.sync_dffr.qout_r	u_eI_cpu.u_eJ_core.u_eK_biu.u_sirv_gnrl_icb_buffer.u_sirv_gnrl_cmd_fifo.dp_gtL.vec_M_dfflr.qout_r	u_e203_cpu.u_e203_irq_sync.master_gen.u_tmr_irq_sync.sync_gen[1].i_is_not_0.sync_dffr.qout_r$_DFF_PN0_/Q	u_e203_cpu.u_e203_core.u_e203_biu.u_sirv_gnrl_icb_buffer.u_sirv_gnrl_cmd_fifo.dp_gt0.vec_31_dfflr.qout_r$_DFFE_PN0P_/D
980	-0.1903	u_eI_cpu.u_eJ_irq_sync.master_gen.u_sft_irq_sync.sync_gen[K].i_is_not_L.sync_dffr.qout_r	u_eI_cpu.u_eJ_core.u_eK_biu.u_sirv_gnrl_icb_buffer.u_sirv_gnrl_cmd_fifo.dp_gtL.vec_M_dfflrs.qout_r	u_e203_cpu.u_e203_irq_sync.master_gen.u_sft_irq_sync.sync_gen[1].i_is_not_0.sync_dffr.qout_r$_DFF_PN0_/Q	u_e203_cpu.u_e203_core.u_e203_biu.u_sirv_gnrl_icb_buffer.u_sirv_gnrl_cmd_fifo.dp_gt0.vec_0_dfflrs.qout_r$_DFFE_PN1P_/D
981	-0.1900	u_eI_cpu.u_eJ_core.u_eK_ifu.u_eL_ifu_ifetch.ifu_err_dfflr.qout_r	u_eI_cpu.u_eJ_core.u_eK_exu.u_eL_exu_csr.minstret_dfflr.qout_r[M]	u_e203_cpu.u_e203_core.u_e203_ifu.u_e203_ifu_ifetch.ifu_err_dfflr.qout_r$_DFFE_PN0P_/Q	u_e203_cpu.u_e203_core.u_e203_exu.u_e203_exu_csr.minstret_dfflr.qout_r[29]$_DFFE_PN0P_/D
982	-0.1898	u_eI_cpu.u_eJ_irq_sync.master_gen.u_tmr_irq_sync.sync_gen[K].i_is_not_L.sync_dffr.qout_r	u_eI_cpu.u_eJ_core.u_eK_ifu.u_eL_ifu_ifetch.ifu_hi_ir_dfflr.qout_r[M]	u_e203_cpu.u_e203_irq_sync.master_gen.u_tmr_irq_sync.sync_gen[1].i_is_not_0.sync_dffr.qout_r$_DFF_PN0_/Q	u_e203_cpu.u_e203_core.u_e203_ifu.u_e203_ifu_ifetch.ifu_hi_ir_dfflr.qout_r[8]$_DFFE_PN0P_/D
983	-0.1898	u_eI_cpu.u_eJ_core.u_eK_ifu.u_eL_ifu_ifetch.ifu_err_dfflr.qout_r	u_eI_cpu.u_eJ_itcm_ctrl.u_sram_icb_ctrl.u_byp_icb_cmd_buf.u_bypbuf_fifo.dp_gtK.vec_L_dfflrs.qout_r	u_e203_cpu.u_e203_core.u_e203_ifu.u_e203_ifu_ifetch.ifu_err_dfflr.qout_r$_DFFE_PN0P_/Q	u_e203_cpu.u_e203_itcm_ctrl.u_sram_icb_ctrl.u_byp_icb_cmd_buf.u_bypbuf_fifo.dp_gt0.vec_0_dfflrs.qout_r$_DFFE_PN1P_/D
984	-0.1897	u_eI_cpu.u_eJ_core.u_eK_exu.u_eL_exu_oitf.depth_gtM.ret_ptr_flg_dfflrs.qout_r	u_eI_cpu.u_eJ_itcm_ctrl.u_sram_icb_ctrl.u_byp_icb_cmd_buf.u_bypbuf_fifo.dp_gtK.vec_L_dfflr.qout_r	u_e203_cpu.u_e203_core.u_e203_exu.u_e203_exu_oitf.depth_gt1.ret_ptr_flg_dfflrs.qout_r$_DFFE_PN0P_/Q	u_e203_cpu.u_e203_itcm_ctrl.u_sram_icb_ctrl.u_byp_icb_cmd_buf.u_bypbuf_fifo.dp_gt0.vec_31_dfflr.qout_r$_DFFE_PN0P_/D
985	-0.1896	u_eI_cpu.u_eJ_core.u_eK_exu.u_eL_exu_oitf.depth_gtM.alc_ptr_flg_dfflrs.qout_r	u_eI_cpu.u_eJ_itcm_ctrl.u_sram_icb_ctrl.u_byp_icb_cmd_buf.u_bypbuf_fifo.dp_gtK.vec_L_dfflr.qout_r	u_e203_cpu.u_e203_core.u_e203_exu.u_e203_exu_oitf.depth_gt1.alc_ptr_flg_dfflrs.qout_r$_DFFE_PN0P_/Q	u_e203_cpu.u_e203_itcm_ctrl.u_sram_icb_ctrl.u_byp_icb_cmd_buf.u_bypbuf_fifo.dp_gt0.vec_31_dfflr.qout_r$_DFFE_PN0P_/D
986	-0.1895	u_eI_cpu.u_eJ_core.u_eK_ifu.u_eL_ifu_ifetch.ifu_err_dfflr.qout_r	u_eI_cpu.u_eJ_itcm_ctrl.ifu_holdup_dffl.qout_r	u_e203_cpu.u_e203_core.u_e203_ifu.u_e203_ifu_ifetch.ifu_err_dfflr.qout_r$_DFFE_PN0P_/Q	u_e203_cpu.u_e203_itcm_ctrl.ifu_holdup_dffl.qout_r$_DFFE_PN0P_/D
987	-0.1886	u_eI_cpu.u_eJ_core.u_eK_exu.u_eL_exu_oitf.depth_gtM.ret_ptr_dfflrs.qout_r	u_eI_cpu.u_eJ_core.u_eK_ifu.u_eL_ifu_ifetch.pc_newpend_dfflr.qout_r	u_e203_cpu.u_e203_core.u_e203_exu.u_e203_exu_oitf.depth_gt1.ret_ptr_dfflrs.qout_r$_DFFE_PN0P_/Q	u_e203_cpu.u_e203_core.u_e203_ifu.u_e203_ifu_ifetch.pc_newpend_dfflr.qout_r$_DFFE_PN0P_/D
988	-0.1884	u_eI_cpu.u_eJ_core.u_eK_exu.u_eL_exu_regfile.regfile[M].rfnoN.rf_dffl.qout_r[O]	u_eI_cpu.u_eJ_core.u_eK_ifu.u_eL_ifu_iftMicb.req_lane_cross_dfflr.qout_r	u_e203_cpu.u_e203_core.u_e203_exu.u_e203_exu_regfile.regfile[29].rfno0.rf_dffl.qout_r[31]$_DFFE_PP_/Q	u_e203_cpu.u_e203_core.u_e203_ifu.u_e203_ifu_ift2icb.req_lane_cross_dfflr.qout_r$_DFFE_PN0P_/D
989	-0.1884	u_eI_cpu.u_eJ_core.u_eK_exu.u_eL_exu_regfile.regfile[M].rfnoN.rf_dffl.qout_r[O]	u_eI_cpu.u_eJ_core.u_eK_ifu.u_eL_ifu_iftMicb.req_need_Nuop_dfflr.qout_r	u_e203_cpu.u_e203_core.u_e203_exu.u_e203_exu_regfile.regfile[29].rfno0.rf_dffl.qout_r[31]$_DFFE_PP_/Q	u_e203_cpu.u_e203_core.u_e203_ifu.u_e203_ifu_ift2icb.req_need_2uop_dfflr.qout_r$_DFFE_PN0P_/D
990	-0.1884	u_eI_cpu.u_eJ_core.u_eK_exu.u_eL_exu_regfile.regfile[M].rfnoN.rf_dffl.qout_r[O]	u_eI_cpu.u_eJ_core.u_eK_ifu.u_eL_ifu_iftMicb.req_same_cross_holdup_dfflr.qout_r	u_e203_cpu.u_e203_core.u_e203_exu.u_e203_exu_regfile.regfile[29].rfno0.rf_dffl.qout_r[31]$_DFFE_PP_/Q	u_e203_cpu.u_e203_core.u_e203_ifu.u_e203_ifu_ift2icb.req_same_cross_holdup_dfflr.qout_r$_DFFE_PN0P_/D
991	-0.1883	u_eI_cpu.u_eJ_core.u_eK_exu.u_eL_exu_alu.u_eM_exu_alu_lsuagu.icb_state_dfflr.qout_r[N]	u_eI_cpu.u_eJ_core.u_eK_ifu.u_eL_ifu_ifetch.dly_flush_dfflr.qout_r	u_e203_cpu.u_e203_core.u_e203_exu.u_e203_exu_alu.u_e203_exu_alu_lsuagu.icb_state_dfflr.qout_r[1]$_DFFE_PN0P_/Q	u_e203_cpu.u_e203_core.u_e203_ifu.u_e203_ifu_ifetch.dly_flush_dfflr.qout_r$_DFFE_PN0P_/D
992	-0.1883	u_eI_cpu.u_eJ_core.u_eK_lsu.u_eL_lsu_ctrl.u_eM_lsu_splt_stage.dp_gt_N.vld_dfflr.qout_r	u_eI_cpu.u_eJ_core.u_eK_ifu.u_eL_ifu_iftMicb.icbNitcm_dfflr.qout_r	u_e203_cpu.u_e203_core.u_e203_lsu.u_e203_lsu_ctrl.u_e203_lsu_splt_stage.dp_gt_0.vld_dfflr.qout_r$_DFFE_PN0P_/Q	u_e203_cpu.u_e203_core.u_e203_ifu.u_e203_ifu_ift2icb.icb2itcm_dfflr.qout_r$_DFFE_PN0P_/D
993	-0.1882	u_eI_cpu.u_eJ_itcm_ctrl.u_itcm_icb_arbt.arbt_num_gt_K_gen.dp_L.u_sirv_gnrl_rspid_fifo.dp_gt_M.vld_dfflr.qout_r	u_eI_cpu.u_eJ_core.u_eK_ifu.u_eL_ifu_iftMicb.u_eN_ifetch_rsp_bypbuf.u_bypbuf_fifo.dp_gtO.vec_P_dfflrs.qout_r	u_e203_cpu.u_e203_itcm_ctrl.u_itcm_icb_arbt.arbt_num_gt_1_gen.dp_1.u_sirv_gnrl_rspid_fifo.dp_gt_0.vld_dfflr.qout_r$_DFFE_PN0P_/Q	u_e203_cpu.u_e203_core.u_e203_ifu.u_e203_ifu_ift2icb.u_e203_ifetch_rsp_bypbuf.u_bypbuf_fifo.dp_gt0.vec_0_dfflrs.qout_r$_DFFE_PN1P_/D
994	-0.1876	u_eI_cpu.u_eJ_core.u_eK_ifu.u_eL_ifu_ifetch.ifu_err_dfflr.qout_r	u_eI_cpu.u_eJ_core.u_eK_exu.u_eL_exu_alu.u_eM_exu_alu_dpath.sbf_N_dffl.qout_r[O]	u_e203_cpu.u_e203_core.u_e203_ifu.u_e203_ifu_ifetch.ifu_err_dfflr.qout_r$_DFFE_PN0P_/Q	u_e203_cpu.u_e203_core.u_e203_exu.u_e203_exu_alu.u_e203_exu_alu_dpath.sbf_0_dffl.qout_r[7]$_DFFE_PP_/D
995	-0.1873	u_eI_cpu.u_eJ_irq_sync.master_gen.u_sft_irq_sync.sync_gen[K].i_is_not_L.sync_dffr.qout_r	u_eI_cpu.u_eJ_core.u_eK_biu.u_sirv_gnrl_icb_buffer.u_sirv_gnrl_cmd_fifo.dp_gtL.vec_M_dfflr.qout_r	u_e203_cpu.u_e203_irq_sync.master_gen.u_sft_irq_sync.sync_gen[1].i_is_not_0.sync_dffr.qout_r$_DFF_PN0_/Q	u_e203_cpu.u_e203_core.u_e203_biu.u_sirv_gnrl_icb_buffer.u_sirv_gnrl_cmd_fifo.dp_gt0.vec_31_dfflr.qout_r$_DFFE_PN0P_/D
996	-0.1868	u_eI_cpu.u_eJ_itcm_ctrl.u_sram_icb_ctrl.u_sirv_Kcyc_sram_ctrl.u_eL_stage.dp_gt_M.vld_dfflr.qout_r	u_eI_cpu.u_eJ_core.u_eK_biu.u_biu_icb_arbt.arbt_num_gt_L_gen.dp_M.u_sirv_gnrl_rspid_fifo.dp_gt_N.dat_dfflr.qout_r	u_e203_cpu.u_e203_itcm_ctrl.u_sram_icb_ctrl.u_sirv_1cyc_sram_ctrl.u_e1_stage.dp_gt_0.vld_dfflr.qout_r$_DFFE_PN0P_/Q	u_e203_cpu.u_e203_core.u_e203_biu.u_biu_icb_arbt.arbt_num_gt_1_gen.dp_1.u_sirv_gnrl_rspid_fifo.dp_gt_0.dat_dfflr.qout_r$_DFFE_PP_/D
997	-0.1867	u_eI_cpu.u_eJ_irq_sync.master_gen.u_sft_irq_sync.sync_gen[K].i_is_not_L.sync_dffr.qout_r	u_eI_cpu.u_eJ_core.u_eK_ifu.u_eL_ifu_ifetch.ifu_hi_ir_dfflr.qout_r[M]	u_e203_cpu.u_e203_irq_sync.master_gen.u_sft_irq_sync.sync_gen[1].i_is_not_0.sync_dffr.qout_r$_DFF_PN0_/Q	u_e203_cpu.u_e203_core.u_e203_ifu.u_e203_ifu_ifetch.ifu_hi_ir_dfflr.qout_r[8]$_DFFE_PN0P_/D
998	-0.1867	u_eI_cpu.u_eJ_core.u_eK_exu.u_eL_exu_alu.u_eM_exu_alu_lsuagu.icb_state_dfflr.qout_r[N]	u_eI_cpu.u_eJ_core.u_eK_exu.u_eL_exu_csr.minstreth_dfflr.qout_r[M]	u_e203_cpu.u_e203_core.u_e203_exu.u_e203_exu_alu.u_e203_exu_alu_lsuagu.icb_state_dfflr.qout_r[1]$_DFFE_PN0P_/Q	u_e203_cpu.u_e203_core.u_e203_exu.u_e203_exu_csr.minstreth_dfflr.qout_r[29]$_DFFE_PN0P_/D
999	-0.1867	u_eI_cpu.u_eJ_core.u_eK_ifu.u_eL_ifu_ifetch.ir_rsMidx_dfflr.qout_r[N]	u_eI_cpu.u_eJ_itcm_ctrl.u_itcm_icb_extKitcm_nLw.fifo_dp_M.u_sirv_gnrl_nNw_fifo.dp_gt_O.vld_dfflr.qout_r	u_e203_cpu.u_e203_core.u_e203_ifu.u_e203_ifu_ifetch.ir_rs2idx_dfflr.qout_r[4]$_DFFE_PN0P_/Q	u_e203_cpu.u_e203_itcm_ctrl.u_itcm_icb_ext2itcm_n2w.fifo_dp_1.u_sirv_gnrl_n2w_fifo.dp_gt_0.vld_dfflr.qout_r$_DFFE_PN0P_/D
1000	-0.1861	u_eI_cpu.u_eJ_core.u_eK_lsu.u_eL_lsu_ctrl.u_eM_lsu_splt_stage.dp_gt_N.vld_dfflr.qout_r	u_eI_cpu.u_eJ_core.u_eK_ifu.u_eL_ifu_iftMicb.leftover_err_dfflr.qout_r	u_e203_cpu.u_e203_core.u_e203_lsu.u_e203_lsu_ctrl.u_e203_lsu_splt_stage.dp_gt_0.vld_dfflr.qout_r$_DFFE_PN0P_/Q	u_e203_cpu.u_e203_core.u_e203_ifu.u_e203_ifu_ift2icb.leftover_err_dfflr.qout_r$_DFFE_PN0P_/D
