# stage	1_synth
# top_module	fpu
# top_n	1000
# kind	top_path_net_fanout
# path_idx	slack_ns	net_name	fanout
0	-0.6053	_06756_	1
0	-0.6053	_17885_	1
0	-0.6053	_17884_	1
0	-0.6053	_17883_	1
0	-0.6053	_17831_	3
0	-0.6053	_17830_	2
0	-0.6053	_17829_	2
0	-0.6053	_17828_	4
0	-0.6053	_17822_	2
0	-0.6053	_17814_	2
0	-0.6053	_17808_	2
0	-0.6053	_17807_	2
0	-0.6053	_17798_	5
0	-0.6053	_04887_	1
0	-0.6053	_43267_	1
0	-0.6053	_43264_	1
0	-0.6053	_43406_	1
0	-0.6053	_43623_	1
0	-0.6053	_43006_	1
0	-0.6053	_43003_	1
0	-0.6053	_01965_	1
0	-0.6053	_11055_	10
0	-0.6053	_10487_	9
0	-0.6053	u3.mul_a[7]	1
1	-0.5742	_10108_	1
1	-0.5742	_35118_	1
1	-0.5742	_18530_	3
1	-0.5742	_18528_	2
1	-0.5742	_18527_	1
1	-0.5742	_18526_	3
1	-0.5742	_18522_	3
1	-0.5742	_18509_	3
1	-0.5742	_18496_	1
1	-0.5742	_18488_	1
1	-0.5742	_18422_	2
1	-0.5742	_18421_	1
1	-0.5742	_18420_	5
1	-0.5742	_04599_	1
1	-0.5742	_44656_	1
1	-0.5742	_43756_	1
1	-0.5742	_41531_	1
1	-0.5742	_41528_	1
1	-0.5742	_40118_	1
1	-0.5742	_40114_	1
1	-0.5742	_01626_	1
1	-0.5742	_10682_	10
1	-0.5742	_10487_	9
1	-0.5742	u3.mul_a[7]	1
2	-0.5610	_06754_	1
2	-0.5610	_17836_	1
2	-0.5610	_17835_	1
2	-0.5610	_17832_	1
2	-0.5610	_17831_	3
2	-0.5610	_17830_	2
2	-0.5610	_17829_	2
2	-0.5610	_17828_	4
2	-0.5610	_17822_	2
2	-0.5610	_17814_	2
2	-0.5610	_17808_	2
2	-0.5610	_17807_	2
2	-0.5610	_17798_	5
2	-0.5610	_04887_	1
2	-0.5610	_43267_	1
2	-0.5610	_43264_	1
2	-0.5610	_43406_	1
2	-0.5610	_43623_	1
2	-0.5610	_43006_	1
2	-0.5610	_43003_	1
2	-0.5610	_01965_	1
2	-0.5610	_11055_	10
2	-0.5610	_10487_	9
2	-0.5610	u3.mul_a[7]	1
3	-0.5585	_06795_	1
3	-0.5585	_18212_	1
3	-0.5585	_18211_	1
3	-0.5585	_18210_	1
3	-0.5585	_18209_	1
3	-0.5585	_18208_	3
3	-0.5585	_18207_	3
3	-0.5585	_18181_	1
3	-0.5585	_18180_	2
3	-0.5585	_18089_	2
3	-0.5585	_18088_	3
3	-0.5585	_18087_	2
3	-0.5585	_18086_	5
3	-0.5585	_03781_	1
3	-0.5585	_41119_	1
3	-0.5585	_41116_	1
3	-0.5585	_41988_	1
3	-0.5585	_43350_	1
3	-0.5585	_43348_	1
3	-0.5585	_42749_	1
3	-0.5585	_01696_	1
3	-0.5585	_10553_	10
3	-0.5585	_10485_	9
3	-0.5585	u3.mul_a[8]	1
4	-0.5474	_06765_	1
4	-0.5474	_17940_	1
4	-0.5474	_17939_	1
4	-0.5474	_17938_	1
4	-0.5474	_17937_	2
4	-0.5474	_17936_	2
4	-0.5474	_17935_	1
4	-0.5474	_17933_	3
4	-0.5474	_17827_	3
4	-0.5474	_17826_	3
4	-0.5474	_17825_	1
4	-0.5474	_17824_	1
4	-0.5474	_03648_	4
4	-0.5474	_43252_	1
4	-0.5474	_43249_	1
4	-0.5474	_43397_	1
4	-0.5474	_43615_	1
4	-0.5474	_43901_	1
4	-0.5474	_44126_	1
4	-0.5474	_02928_	1
4	-0.5474	_11058_	10
4	-0.5474	_10493_	9
4	-0.5474	u3.mul_a[4]	1
5	-0.5470	_06794_	1
5	-0.5470	_18161_	1
5	-0.5470	_18160_	1
5	-0.5470	_18159_	2
5	-0.5470	_18153_	1
5	-0.5470	_18152_	4
5	-0.5470	_18141_	3
5	-0.5470	_18140_	2
5	-0.5470	_18137_	1
5	-0.5470	_18123_	2
5	-0.5470	_18122_	1
5	-0.5470	_18121_	4
5	-0.5470	_18120_	5
5	-0.5470	_03343_	1
5	-0.5470	_41145_	1
5	-0.5470	_41143_	1
5	-0.5470	_42052_	1
5	-0.5470	_42439_	1
5	-0.5470	_40962_	1
5	-0.5470	_40960_	1
5	-0.5470	_01768_	1
5	-0.5470	_10488_	10
5	-0.5470	_10487_	9
5	-0.5470	u3.mul_a[7]	1
6	-0.5431	_06798_	1
6	-0.5431	_18225_	1
6	-0.5431	_18224_	1
6	-0.5431	_18223_	1
6	-0.5431	_18222_	1
6	-0.5431	_18152_	4
6	-0.5431	_18141_	3
6	-0.5431	_18140_	2
6	-0.5431	_18137_	1
6	-0.5431	_18123_	2
6	-0.5431	_18122_	1
6	-0.5431	_18121_	4
6	-0.5431	_18120_	5
6	-0.5431	_03343_	1
6	-0.5431	_41145_	1
6	-0.5431	_41143_	1
6	-0.5431	_42052_	1
6	-0.5431	_42439_	1
6	-0.5431	_40962_	1
6	-0.5431	_40960_	1
6	-0.5431	_01768_	1
6	-0.5431	_10488_	10
6	-0.5431	_10487_	9
6	-0.5431	u3.mul_a[7]	1
7	-0.5385	_06796_	1
7	-0.5385	_18215_	1
7	-0.5385	_18214_	1
7	-0.5385	_18159_	2
7	-0.5385	_18153_	1
7	-0.5385	_18152_	4
7	-0.5385	_18141_	3
7	-0.5385	_18140_	2
7	-0.5385	_18137_	1
7	-0.5385	_18123_	2
7	-0.5385	_18122_	1
7	-0.5385	_18121_	4
7	-0.5385	_18120_	5
7	-0.5385	_03343_	1
7	-0.5385	_41145_	1
7	-0.5385	_41143_	1
7	-0.5385	_42052_	1
7	-0.5385	_42439_	1
7	-0.5385	_40962_	1
7	-0.5385	_40960_	1
7	-0.5385	_01768_	1
7	-0.5385	_10488_	10
7	-0.5385	_10487_	9
7	-0.5385	u3.mul_a[7]	1
8	-0.5367	_06901_	1
8	-0.5367	_19006_	1
8	-0.5367	_19005_	2
8	-0.5367	_18962_	2
8	-0.5367	_18957_	1
8	-0.5367	_18956_	2
8	-0.5367	_18954_	2
8	-0.5367	_18935_	1
8	-0.5367	_18934_	1
8	-0.5367	_18928_	6
8	-0.5367	_18927_	2
8	-0.5367	_18926_	5
8	-0.5367	_04563_	1
8	-0.5367	_42269_	1
8	-0.5367	_40228_	1
8	-0.5367	_40225_	1
8	-0.5367	_40336_	1
8	-0.5367	_40401_	1
8	-0.5367	_42364_	1
8	-0.5367	_01900_	1
8	-0.5367	_10790_	10
8	-0.5367	_10739_	9
8	-0.5367	u3.mul_a[30]	1
9	-0.5322	_06834_	1
9	-0.5322	_18474_	1
9	-0.5322	_18473_	2
9	-0.5322	_18469_	1
9	-0.5322	_18468_	2
9	-0.5322	_18467_	3
9	-0.5322	_18459_	3
9	-0.5322	_18458_	5
9	-0.5322	_18430_	1
9	-0.5322	_18429_	2
9	-0.5322	_18422_	2
9	-0.5322	_18421_	1
9	-0.5322	_18420_	5
9	-0.5322	_04599_	1
9	-0.5322	_44656_	1
9	-0.5322	_43756_	1
9	-0.5322	_41531_	1
9	-0.5322	_41528_	1
9	-0.5322	_40118_	1
9	-0.5322	_40114_	1
9	-0.5322	_01626_	1
9	-0.5322	_10682_	10
9	-0.5322	_10487_	9
9	-0.5322	u3.mul_a[7]	1
10	-0.5312	_06835_	1
10	-0.5312	_18531_	1
10	-0.5312	_18530_	3
10	-0.5312	_18528_	2
10	-0.5312	_18527_	1
10	-0.5312	_18526_	3
10	-0.5312	_18522_	3
10	-0.5312	_18509_	3
10	-0.5312	_18496_	1
10	-0.5312	_18488_	1
10	-0.5312	_18422_	2
10	-0.5312	_18421_	1
10	-0.5312	_18420_	5
10	-0.5312	_04599_	1
10	-0.5312	_44656_	1
10	-0.5312	_43756_	1
10	-0.5312	_41531_	1
10	-0.5312	_41528_	1
10	-0.5312	_40118_	1
10	-0.5312	_40114_	1
10	-0.5312	_01626_	1
10	-0.5312	_10682_	10
10	-0.5312	_10487_	9
10	-0.5312	u3.mul_a[7]	1
11	-0.5237	_10107_	1
11	-0.5237	_35111_	1
11	-0.5237	_35110_	1
11	-0.5237	_18208_	3
11	-0.5237	_18207_	3
11	-0.5237	_18181_	1
11	-0.5237	_18180_	2
11	-0.5237	_18089_	2
11	-0.5237	_18088_	3
11	-0.5237	_18087_	2
11	-0.5237	_18086_	5
11	-0.5237	_03781_	1
11	-0.5237	_41119_	1
11	-0.5237	_41116_	1
11	-0.5237	_41988_	1
11	-0.5237	_43350_	1
11	-0.5237	_43348_	1
11	-0.5237	_42749_	1
11	-0.5237	_01696_	1
11	-0.5237	_10553_	10
11	-0.5237	_10485_	9
11	-0.5237	u3.mul_a[8]	1
12	-0.5206	_06758_	1
12	-0.5206	_17892_	1
12	-0.5206	_17891_	1
12	-0.5206	_17831_	3
12	-0.5206	_17830_	2
12	-0.5206	_17829_	2
12	-0.5206	_17828_	4
12	-0.5206	_17822_	2
12	-0.5206	_17814_	2
12	-0.5206	_17808_	2
12	-0.5206	_17807_	2
12	-0.5206	_17798_	5
12	-0.5206	_04887_	1
12	-0.5206	_43267_	1
12	-0.5206	_43264_	1
12	-0.5206	_43406_	1
12	-0.5206	_43623_	1
12	-0.5206	_43006_	1
12	-0.5206	_43003_	1
12	-0.5206	_01965_	1
12	-0.5206	_11055_	10
12	-0.5206	_10487_	9
12	-0.5206	u3.mul_a[7]	1
13	-0.5192	_07058_	1
13	-0.5192	_20161_	1
13	-0.5192	_20160_	1
13	-0.5192	_20108_	2
13	-0.5192	_20107_	2
13	-0.5192	_20106_	2
13	-0.5192	_20105_	1
13	-0.5192	_20103_	3
13	-0.5192	_20101_	3
13	-0.5192	_20098_	3
13	-0.5192	_20092_	2
13	-0.5192	_20085_	1
13	-0.5192	_20084_	4
13	-0.5192	_04426_	1
13	-0.5192	_44028_	1
13	-0.5192	_43934_	1
13	-0.5192	_43874_	1
13	-0.5192	_43870_	1
13	-0.5192	_42351_	1
13	-0.5192	_01444_	1
13	-0.5192	_11022_	10
13	-0.5192	_10966_	9
13	-0.5192	u3.mul_a[45]	1
14	-0.5182	_06899_	1
14	-0.5182	_18966_	1
14	-0.5182	_18963_	2
14	-0.5182	_18962_	2
14	-0.5182	_18957_	1
14	-0.5182	_18956_	2
14	-0.5182	_18954_	2
14	-0.5182	_18935_	1
14	-0.5182	_18934_	1
14	-0.5182	_18928_	6
14	-0.5182	_18927_	2
14	-0.5182	_18926_	5
14	-0.5182	_04563_	1
14	-0.5182	_42269_	1
14	-0.5182	_40228_	1
14	-0.5182	_40225_	1
14	-0.5182	_40336_	1
14	-0.5182	_40401_	1
14	-0.5182	_42364_	1
14	-0.5182	_01900_	1
14	-0.5182	_10790_	10
14	-0.5182	_10739_	9
14	-0.5182	u3.mul_a[30]	1
15	-0.5160	_06836_	1
15	-0.5160	_18535_	1
15	-0.5160	_18534_	1
15	-0.5160	_18533_	1
15	-0.5160	_18468_	2
15	-0.5160	_18467_	3
15	-0.5160	_18459_	3
15	-0.5160	_18458_	5
15	-0.5160	_18430_	1
15	-0.5160	_18429_	2
15	-0.5160	_18422_	2
15	-0.5160	_18421_	1
15	-0.5160	_18420_	5
15	-0.5160	_04599_	1
15	-0.5160	_44656_	1
15	-0.5160	_43756_	1
15	-0.5160	_41531_	1
15	-0.5160	_41528_	1
15	-0.5160	_40118_	1
15	-0.5160	_40114_	1
15	-0.5160	_01626_	1
15	-0.5160	_10682_	10
15	-0.5160	_10487_	9
15	-0.5160	u3.mul_a[7]	1
16	-0.5140	_06764_	1
16	-0.5140	_17929_	1
16	-0.5140	_17928_	1
16	-0.5140	_17927_	1
16	-0.5140	_17925_	2
16	-0.5140	_17924_	2
16	-0.5140	_17923_	2
16	-0.5140	_17822_	2
16	-0.5140	_17814_	2
16	-0.5140	_17808_	2
16	-0.5140	_17807_	2
16	-0.5140	_17798_	5
16	-0.5140	_04887_	1
16	-0.5140	_43267_	1
16	-0.5140	_43264_	1
16	-0.5140	_43406_	1
16	-0.5140	_43623_	1
16	-0.5140	_43006_	1
16	-0.5140	_43003_	1
16	-0.5140	_01965_	1
16	-0.5140	_11055_	10
16	-0.5140	_10487_	9
16	-0.5140	u3.mul_a[7]	1
17	-0.5095	_06838_	1
17	-0.5095	_18547_	1
17	-0.5095	_18546_	1
17	-0.5095	_18545_	1
17	-0.5095	_18544_	1
17	-0.5095	_18467_	3
17	-0.5095	_18459_	3
17	-0.5095	_18458_	5
17	-0.5095	_18435_	1
17	-0.5095	_18434_	3
17	-0.5095	_18433_	2
17	-0.5095	_18425_	3
17	-0.5095	_18423_	4
17	-0.5095	_04853_	1
17	-0.5095	_44648_	1
17	-0.5095	_44646_	1
17	-0.5095	_42165_	1
17	-0.5095	_41740_	1
17	-0.5095	_41450_	1
17	-0.5095	_41447_	1
17	-0.5095	_01369_	1
17	-0.5095	_10687_	10
17	-0.5095	_10496_	9
17	-0.5095	u3.mul_a[3]	1
18	-0.5007	_06837_	1
18	-0.5007	_18541_	1
18	-0.5007	_18540_	1
18	-0.5007	_18539_	1
18	-0.5007	_18526_	3
18	-0.5007	_18522_	3
18	-0.5007	_18509_	3
18	-0.5007	_18496_	1
18	-0.5007	_18488_	1
18	-0.5007	_18422_	2
18	-0.5007	_18421_	1
18	-0.5007	_18420_	5
18	-0.5007	_04599_	1
18	-0.5007	_44656_	1
18	-0.5007	_43756_	1
18	-0.5007	_41531_	1
18	-0.5007	_41528_	1
18	-0.5007	_40118_	1
18	-0.5007	_40114_	1
18	-0.5007	_01626_	1
18	-0.5007	_10682_	10
18	-0.5007	_10487_	9
18	-0.5007	u3.mul_a[7]	1
19	-0.4993	_06800_	1
19	-0.4993	_18234_	1
19	-0.4993	_18233_	1
19	-0.4993	_18232_	1
19	-0.4993	_18152_	4
19	-0.4993	_18141_	3
19	-0.4993	_18140_	2
19	-0.4993	_18137_	1
19	-0.4993	_18123_	2
19	-0.4993	_18122_	1
19	-0.4993	_18121_	4
19	-0.4993	_18120_	5
19	-0.4993	_03343_	1
19	-0.4993	_41145_	1
19	-0.4993	_41143_	1
19	-0.4993	_42052_	1
19	-0.4993	_42439_	1
19	-0.4993	_40962_	1
19	-0.4993	_40960_	1
19	-0.4993	_01768_	1
19	-0.4993	_10488_	10
19	-0.4993	_10487_	9
19	-0.4993	u3.mul_a[7]	1
20	-0.4987	_10106_	1
20	-0.4987	_35099_	1
20	-0.4987	_35098_	1
20	-0.4987	_35095_	2
20	-0.4987	_17879_	3
20	-0.4987	_17877_	1
20	-0.4987	_17876_	3
20	-0.4987	_17858_	1
20	-0.4987	_17776_	3
20	-0.4987	_17761_	2
20	-0.4987	_17760_	2
20	-0.4987	_03314_	4
20	-0.4987	_43192_	1
20	-0.4987	_43189_	1
20	-0.4987	_43360_	1
20	-0.4987	_43573_	1
20	-0.4987	_43805_	1
20	-0.4987	_44086_	1
20	-0.4987	_02271_	1
20	-0.4987	_11084_	10
20	-0.4987	_10812_	9
20	-0.4987	u3.mul_b[15]	1
21	-0.4922	_06760_	1
21	-0.4922	_17902_	1
21	-0.4922	_17901_	1
21	-0.4922	_17829_	2
21	-0.4922	_17828_	4
21	-0.4922	_17822_	2
21	-0.4922	_17814_	2
21	-0.4922	_17808_	2
21	-0.4922	_17807_	2
21	-0.4922	_17798_	5
21	-0.4922	_04887_	1
21	-0.4922	_43267_	1
21	-0.4922	_43264_	1
21	-0.4922	_43406_	1
21	-0.4922	_43623_	1
21	-0.4922	_43006_	1
21	-0.4922	_43003_	1
21	-0.4922	_01965_	1
21	-0.4922	_11055_	10
21	-0.4922	_10487_	9
21	-0.4922	u3.mul_a[7]	1
22	-0.4919	_06900_	1
22	-0.4919	_19004_	1
22	-0.4919	_19003_	1
22	-0.4919	_19002_	2
22	-0.4919	_19001_	1
22	-0.4919	_19000_	2
22	-0.4919	_18996_	1
22	-0.4919	_18993_	2
22	-0.4919	_18979_	1
22	-0.4919	_18978_	2
22	-0.4919	_18973_	2
22	-0.4919	_18971_	1
22	-0.4919	_18929_	5
22	-0.4919	_04713_	1
22	-0.4919	_44618_	1
22	-0.4919	_40257_	1
22	-0.4919	_40255_	1
22	-0.4919	_40351_	1
22	-0.4919	_40420_	1
22	-0.4919	_40188_	1
22	-0.4919	_00327_	1
22	-0.4919	_10792_	10
22	-0.4919	_10743_	9
22	-0.4919	u3.mul_a[28]	1
23	-0.4901	_10110_	1
23	-0.4901	_35133_	1
23	-0.4901	_35129_	1
23	-0.4901	_19002_	2
23	-0.4901	_19001_	1
23	-0.4901	_19000_	2
23	-0.4901	_18996_	1
23	-0.4901	_18993_	2
23	-0.4901	_18979_	1
23	-0.4901	_18978_	2
23	-0.4901	_18973_	2
23	-0.4901	_18971_	1
23	-0.4901	_18929_	5
23	-0.4901	_04713_	1
23	-0.4901	_44618_	1
23	-0.4901	_40257_	1
23	-0.4901	_40255_	1
23	-0.4901	_40351_	1
23	-0.4901	_40420_	1
23	-0.4901	_40188_	1
23	-0.4901	_00327_	1
23	-0.4901	_10792_	10
23	-0.4901	_10743_	9
23	-0.4901	u3.mul_a[28]	1
24	-0.4896	_06839_	1
24	-0.4896	_18549_	1
24	-0.4896	_18548_	1
24	-0.4896	_18526_	3
24	-0.4896	_18522_	3
24	-0.4896	_18509_	3
24	-0.4896	_18497_	1
24	-0.4896	_18434_	3
24	-0.4896	_18433_	2
24	-0.4896	_18425_	3
24	-0.4896	_18423_	4
24	-0.4896	_04853_	1
24	-0.4896	_44648_	1
24	-0.4896	_44646_	1
24	-0.4896	_42165_	1
24	-0.4896	_41740_	1
24	-0.4896	_41450_	1
24	-0.4896	_41447_	1
24	-0.4896	_01369_	1
24	-0.4896	_10687_	10
24	-0.4896	_10496_	9
24	-0.4896	u3.mul_a[3]	1
25	-0.4893	_06802_	1
25	-0.4893	_18243_	1
25	-0.4893	_18242_	1
25	-0.4893	_18152_	4
25	-0.4893	_18141_	3
25	-0.4893	_18140_	2
25	-0.4893	_18137_	1
25	-0.4893	_18123_	2
25	-0.4893	_18122_	1
25	-0.4893	_18121_	4
25	-0.4893	_18120_	5
25	-0.4893	_03343_	1
25	-0.4893	_41145_	1
25	-0.4893	_41143_	1
25	-0.4893	_42052_	1
25	-0.4893	_42439_	1
25	-0.4893	_40962_	1
25	-0.4893	_40960_	1
25	-0.4893	_01768_	1
25	-0.4893	_10488_	10
25	-0.4893	_10487_	9
25	-0.4893	u3.mul_a[7]	1
26	-0.4869	_07056_	1
26	-0.4869	_20121_	1
26	-0.4869	_20109_	2
26	-0.4869	_20108_	2
26	-0.4869	_20107_	2
26	-0.4869	_20106_	2
26	-0.4869	_20105_	1
26	-0.4869	_20103_	3
26	-0.4869	_20101_	3
26	-0.4869	_20098_	3
26	-0.4869	_20092_	2
26	-0.4869	_20085_	1
26	-0.4869	_20084_	4
26	-0.4869	_04426_	1
26	-0.4869	_44028_	1
26	-0.4869	_43934_	1
26	-0.4869	_43874_	1
26	-0.4869	_43870_	1
26	-0.4869	_42351_	1
26	-0.4869	_01444_	1
26	-0.4869	_11022_	10
26	-0.4869	_10966_	9
26	-0.4869	u3.mul_a[45]	1
27	-0.4857	_06768_	1
27	-0.4857	_17952_	1
27	-0.4857	_17951_	1
27	-0.4857	_17950_	1
27	-0.4857	_17949_	1
27	-0.4857	_17828_	4
27	-0.4857	_17822_	2
27	-0.4857	_17814_	2
27	-0.4857	_17808_	2
27	-0.4857	_17807_	2
27	-0.4857	_17798_	5
27	-0.4857	_04887_	1
27	-0.4857	_43267_	1
27	-0.4857	_43264_	1
27	-0.4857	_43406_	1
27	-0.4857	_43623_	1
27	-0.4857	_43006_	1
27	-0.4857	_43003_	1
27	-0.4857	_01965_	1
27	-0.4857	_11055_	10
27	-0.4857	_10487_	9
27	-0.4857	u3.mul_a[7]	1
28	-0.4847	_06767_	1
28	-0.4847	_17945_	1
28	-0.4847	_17937_	2
28	-0.4847	_17936_	2
28	-0.4847	_17935_	1
28	-0.4847	_17933_	3
28	-0.4847	_17827_	3
28	-0.4847	_17826_	3
28	-0.4847	_17825_	1
28	-0.4847	_17824_	1
28	-0.4847	_03648_	4
28	-0.4847	_43252_	1
28	-0.4847	_43249_	1
28	-0.4847	_43397_	1
28	-0.4847	_43615_	1
28	-0.4847	_43901_	1
28	-0.4847	_44126_	1
28	-0.4847	_02928_	1
28	-0.4847	_11058_	10
28	-0.4847	_10493_	9
28	-0.4847	u3.mul_a[4]	1
29	-0.4816	_06806_	1
29	-0.4816	_18268_	1
29	-0.4816	_18267_	1
29	-0.4816	_18266_	2
29	-0.4816	_18265_	2
29	-0.4816	_18141_	3
29	-0.4816	_18140_	2
29	-0.4816	_18137_	1
29	-0.4816	_18123_	2
29	-0.4816	_18122_	1
29	-0.4816	_18121_	4
29	-0.4816	_18120_	5
29	-0.4816	_03343_	1
29	-0.4816	_41145_	1
29	-0.4816	_41143_	1
29	-0.4816	_42052_	1
29	-0.4816	_42439_	1
29	-0.4816	_40962_	1
29	-0.4816	_40960_	1
29	-0.4816	_01768_	1
29	-0.4816	_10488_	10
29	-0.4816	_10487_	9
29	-0.4816	u3.mul_a[7]	1
30	-0.4803	_06808_	1
30	-0.4803	_18273_	1
30	-0.4803	_18272_	1
30	-0.4803	_18266_	2
30	-0.4803	_18265_	2
30	-0.4803	_18141_	3
30	-0.4803	_18140_	2
30	-0.4803	_18137_	1
30	-0.4803	_18123_	2
30	-0.4803	_18122_	1
30	-0.4803	_18121_	4
30	-0.4803	_18120_	5
30	-0.4803	_03343_	1
30	-0.4803	_41145_	1
30	-0.4803	_41143_	1
30	-0.4803	_42052_	1
30	-0.4803	_42439_	1
30	-0.4803	_40962_	1
30	-0.4803	_40960_	1
30	-0.4803	_01768_	1
30	-0.4803	_10488_	10
30	-0.4803	_10487_	9
30	-0.4803	u3.mul_a[7]	1
31	-0.4658	_06755_	1
31	-0.4658	_17881_	1
31	-0.4658	_17880_	1
31	-0.4658	_17879_	3
31	-0.4658	_17877_	1
31	-0.4658	_17876_	3
31	-0.4658	_17858_	1
31	-0.4658	_17776_	3
31	-0.4658	_17761_	2
31	-0.4658	_17760_	2
31	-0.4658	_03314_	4
31	-0.4658	_43192_	1
31	-0.4658	_43189_	1
31	-0.4658	_43360_	1
31	-0.4658	_43573_	1
31	-0.4658	_43805_	1
31	-0.4658	_44086_	1
31	-0.4658	_02271_	1
31	-0.4658	_11084_	10
31	-0.4658	_10812_	9
31	-0.4658	u3.mul_b[15]	1
32	-0.4642	_06766_	1
32	-0.4642	_17943_	1
32	-0.4642	_17942_	1
32	-0.4642	_17925_	2
32	-0.4642	_17924_	2
32	-0.4642	_17923_	2
32	-0.4642	_17822_	2
32	-0.4642	_17814_	2
32	-0.4642	_17808_	2
32	-0.4642	_17807_	2
32	-0.4642	_17798_	5
32	-0.4642	_04887_	1
32	-0.4642	_43267_	1
32	-0.4642	_43264_	1
32	-0.4642	_43406_	1
32	-0.4642	_43623_	1
32	-0.4642	_43006_	1
32	-0.4642	_43003_	1
32	-0.4642	_01965_	1
32	-0.4642	_11055_	10
32	-0.4642	_10487_	9
32	-0.4642	u3.mul_a[7]	1
33	-0.4621	_06762_	1
33	-0.4621	_17911_	1
33	-0.4621	_17910_	1
33	-0.4621	_17909_	1
33	-0.4621	_17828_	4
33	-0.4621	_17822_	2
33	-0.4621	_17814_	2
33	-0.4621	_17808_	2
33	-0.4621	_17807_	2
33	-0.4621	_17798_	5
33	-0.4621	_04887_	1
33	-0.4621	_43267_	1
33	-0.4621	_43264_	1
33	-0.4621	_43406_	1
33	-0.4621	_43623_	1
33	-0.4621	_43006_	1
33	-0.4621	_43003_	1
33	-0.4621	_01965_	1
33	-0.4621	_11055_	10
33	-0.4621	_10487_	9
33	-0.4621	u3.mul_a[7]	1
34	-0.4616	_06966_	1
34	-0.4616	_19523_	1
34	-0.4616	_19522_	1
34	-0.4616	_19519_	1
34	-0.4616	_19518_	3
34	-0.4616	_19516_	1
34	-0.4616	_19511_	2
34	-0.4616	_19509_	1
34	-0.4616	_19508_	2
34	-0.4616	_19506_	1
34	-0.4616	_19505_	2
34	-0.4616	_19504_	2
34	-0.4616	_19439_	5
34	-0.4616	_04302_	1
34	-0.4616	_40574_	1
34	-0.4616	_40562_	1
34	-0.4616	_40560_	1
34	-0.4616	_42469_	1
34	-0.4616	_42466_	1
34	-0.4616	_43549_	1
34	-0.4616	_02015_	1
34	-0.4616	_10897_	10
34	-0.4616	_10739_	9
34	-0.4616	u3.mul_a[30]	1
35	-0.4598	_10112_	1
35	-0.4598	_35152_	1
35	-0.4598	_35151_	1
35	-0.4598	_35147_	1
35	-0.4598	_19518_	3
35	-0.4598	_19516_	1
35	-0.4598	_19511_	2
35	-0.4598	_19509_	1
35	-0.4598	_19508_	2
35	-0.4598	_19506_	1
35	-0.4598	_19505_	2
35	-0.4598	_19504_	2
35	-0.4598	_19439_	5
35	-0.4598	_04302_	1
35	-0.4598	_40574_	1
35	-0.4598	_40562_	1
35	-0.4598	_40560_	1
35	-0.4598	_42469_	1
35	-0.4598	_42466_	1
35	-0.4598	_43549_	1
35	-0.4598	_02015_	1
35	-0.4598	_10897_	10
35	-0.4598	_10739_	9
35	-0.4598	u3.mul_a[30]	1
36	-0.4564	_06845_	1
36	-0.4564	_18586_	1
36	-0.4564	_18585_	1
36	-0.4564	_18582_	1
36	-0.4564	_18581_	2
36	-0.4564	_18580_	2
36	-0.4564	_18579_	1
36	-0.4564	_18509_	3
36	-0.4564	_18497_	1
36	-0.4564	_18434_	3
36	-0.4564	_18433_	2
36	-0.4564	_18425_	3
36	-0.4564	_18423_	4
36	-0.4564	_04853_	1
36	-0.4564	_44648_	1
36	-0.4564	_44646_	1
36	-0.4564	_42165_	1
36	-0.4564	_41740_	1
36	-0.4564	_41450_	1
36	-0.4564	_41447_	1
36	-0.4564	_01369_	1
36	-0.4564	_10687_	10
36	-0.4564	_10496_	9
36	-0.4564	u3.mul_a[3]	1
37	-0.4523	_06841_	1
37	-0.4523	_18562_	1
37	-0.4523	_18561_	1
37	-0.4523	_18560_	1
37	-0.4523	_18559_	1
37	-0.4523	_18558_	1
37	-0.4523	_18522_	3
37	-0.4523	_18509_	3
37	-0.4523	_18496_	1
37	-0.4523	_18488_	1
37	-0.4523	_18422_	2
37	-0.4523	_18421_	1
37	-0.4523	_18420_	5
37	-0.4523	_04599_	1
37	-0.4523	_44656_	1
37	-0.4523	_43756_	1
37	-0.4523	_41531_	1
37	-0.4523	_41528_	1
37	-0.4523	_40118_	1
37	-0.4523	_40114_	1
37	-0.4523	_01626_	1
37	-0.4523	_10682_	10
37	-0.4523	_10487_	9
37	-0.4523	u3.mul_a[7]	1
38	-0.4484	_06799_	1
38	-0.4484	_18228_	1
38	-0.4484	_18227_	1
38	-0.4484	_18207_	3
38	-0.4484	_18181_	1
38	-0.4484	_18180_	2
38	-0.4484	_18089_	2
38	-0.4484	_18088_	3
38	-0.4484	_18087_	2
38	-0.4484	_18086_	5
38	-0.4484	_03781_	1
38	-0.4484	_41119_	1
38	-0.4484	_41116_	1
38	-0.4484	_41988_	1
38	-0.4484	_43350_	1
38	-0.4484	_43348_	1
38	-0.4484	_42749_	1
38	-0.4484	_01696_	1
38	-0.4484	_10553_	10
38	-0.4484	_10485_	9
38	-0.4484	u3.mul_a[8]	1
39	-0.4478	_06967_	1
39	-0.4478	_19532_	1
39	-0.4478	_19530_	1
39	-0.4478	_19526_	2
39	-0.4478	_19473_	2
39	-0.4478	_19435_	2
39	-0.4478	_19434_	1
39	-0.4478	_19433_	4
39	-0.4478	_19432_	3
39	-0.4478	_04408_	3
39	-0.4478	_44170_	1
39	-0.4478	_40611_	1
39	-0.4478	_40608_	1
39	-0.4478	_42861_	1
39	-0.4478	_42797_	1
39	-0.4478	_42728_	1
39	-0.4478	_01673_	1
39	-0.4478	_10919_	10
39	-0.4478	_10720_	9
39	-0.4478	u3.mul_a[39]	1
40	-0.4466	_06769_	1
40	-0.4466	_17956_	1
40	-0.4466	_17955_	1
40	-0.4466	_17954_	1
40	-0.4466	_17936_	2
40	-0.4466	_17935_	1
40	-0.4466	_17933_	3
40	-0.4466	_17827_	3
40	-0.4466	_17826_	3
40	-0.4466	_17825_	1
40	-0.4466	_17824_	1
40	-0.4466	_03648_	4
40	-0.4466	_43252_	1
40	-0.4466	_43249_	1
40	-0.4466	_43397_	1
40	-0.4466	_43615_	1
40	-0.4466	_43901_	1
40	-0.4466	_44126_	1
40	-0.4466	_02928_	1
40	-0.4466	_11058_	10
40	-0.4466	_10493_	9
40	-0.4466	u3.mul_a[4]	1
41	-0.4456	_06932_	1
41	-0.4456	_19218_	1
41	-0.4456	_19217_	1
41	-0.4456	_19215_	1
41	-0.4456	_19212_	3
41	-0.4456	_19211_	3
41	-0.4456	_19209_	1
41	-0.4456	_19206_	3
41	-0.4456	_19202_	1
41	-0.4456	_19201_	2
41	-0.4456	_19200_	1
41	-0.4456	_19199_	5
41	-0.4456	_04498_	1
41	-0.4456	_41222_	1
41	-0.4456	_41219_	1
41	-0.4456	_41108_	1
41	-0.4456	_41105_	1
41	-0.4456	_41932_	1
41	-0.4456	_44254_	1
41	-0.4456	_02414_	1
41	-0.4456	_10829_	10
41	-0.4456	_10732_	9
41	-0.4456	u3.mul_a[33]	1
42	-0.4438	_10111_	1
42	-0.4438	_35140_	1
42	-0.4438	_35139_	1
42	-0.4438	_35138_	1
42	-0.4438	_19266_	2
42	-0.4438	_19259_	2
42	-0.4438	_19257_	3
42	-0.4438	_19237_	1
42	-0.4438	_19236_	1
42	-0.4438	_19235_	2
42	-0.4438	_19234_	1
42	-0.4438	_19233_	1
42	-0.4438	_19193_	4
42	-0.4438	_04371_	1
42	-0.4438	_41203_	1
42	-0.4438	_41200_	1
42	-0.4438	_41254_	1
42	-0.4438	_41272_	1
42	-0.4438	_41293_	1
42	-0.4438	_41945_	1
42	-0.4438	_01170_	1
42	-0.4438	_10871_	10
42	-0.4438	_10743_	9
42	-0.4438	u3.mul_a[28]	1
43	-0.4400	_06812_	1
43	-0.4400	_18293_	1
43	-0.4400	_18292_	1
43	-0.4400	_18291_	1
43	-0.4400	_18290_	1
43	-0.4400	_18289_	2
43	-0.4400	_18140_	2
43	-0.4400	_18137_	1
43	-0.4400	_18123_	2
43	-0.4400	_18122_	1
43	-0.4400	_18121_	4
43	-0.4400	_18120_	5
43	-0.4400	_03343_	1
43	-0.4400	_41145_	1
43	-0.4400	_41143_	1
43	-0.4400	_42052_	1
43	-0.4400	_42439_	1
43	-0.4400	_40962_	1
43	-0.4400	_40960_	1
43	-0.4400	_01768_	1
43	-0.4400	_10488_	10
43	-0.4400	_10487_	9
43	-0.4400	u3.mul_a[7]	1
44	-0.4399	_06759_	1
44	-0.4399	_17899_	1
44	-0.4399	_17898_	1
44	-0.4399	_17897_	1
44	-0.4399	_17896_	1
44	-0.4399	_17895_	2
44	-0.4399	_17876_	3
44	-0.4399	_17858_	1
44	-0.4399	_17776_	3
44	-0.4399	_17761_	2
44	-0.4399	_17760_	2
44	-0.4399	_03314_	4
44	-0.4399	_43192_	1
44	-0.4399	_43189_	1
44	-0.4399	_43360_	1
44	-0.4399	_43573_	1
44	-0.4399	_43805_	1
44	-0.4399	_44086_	1
44	-0.4399	_02271_	1
44	-0.4399	_11084_	10
44	-0.4399	_10812_	9
44	-0.4399	u3.mul_b[15]	1
45	-0.4372	_06797_	1
45	-0.4372	_18220_	1
45	-0.4372	_18219_	1
45	-0.4372	_18218_	1
45	-0.4372	_18207_	3
45	-0.4372	_18181_	1
45	-0.4372	_18180_	2
45	-0.4372	_18089_	2
45	-0.4372	_18088_	3
45	-0.4372	_18087_	2
45	-0.4372	_18086_	5
45	-0.4372	_03781_	1
45	-0.4372	_41119_	1
45	-0.4372	_41116_	1
45	-0.4372	_41988_	1
45	-0.4372	_43350_	1
45	-0.4372	_43348_	1
45	-0.4372	_42749_	1
45	-0.4372	_01696_	1
45	-0.4372	_10553_	10
45	-0.4372	_10485_	9
45	-0.4372	u3.mul_a[8]	1
46	-0.4354	_06847_	1
46	-0.4354	_18593_	1
46	-0.4354	_18592_	1
46	-0.4354	_18581_	2
46	-0.4354	_18580_	2
46	-0.4354	_18579_	1
46	-0.4354	_18509_	3
46	-0.4354	_18497_	1
46	-0.4354	_18434_	3
46	-0.4354	_18433_	2
46	-0.4354	_18425_	3
46	-0.4354	_18423_	4
46	-0.4354	_04853_	1
46	-0.4354	_44648_	1
46	-0.4354	_44646_	1
46	-0.4354	_42165_	1
46	-0.4354	_41740_	1
46	-0.4354	_41450_	1
46	-0.4354	_41447_	1
46	-0.4354	_01369_	1
46	-0.4354	_10687_	10
46	-0.4354	_10496_	9
46	-0.4354	u3.mul_a[3]	1
47	-0.4350	_06972_	1
47	-0.4350	_19562_	1
47	-0.4350	_19561_	1
47	-0.4350	_19547_	2
47	-0.4350	_19545_	2
47	-0.4350	_19544_	2
47	-0.4350	_19543_	3
47	-0.4350	_19541_	3
47	-0.4350	_19508_	2
47	-0.4350	_19506_	1
47	-0.4350	_19505_	2
47	-0.4350	_19504_	2
47	-0.4350	_19439_	5
47	-0.4350	_04302_	1
47	-0.4350	_40574_	1
47	-0.4350	_40562_	1
47	-0.4350	_40560_	1
47	-0.4350	_42469_	1
47	-0.4350	_42466_	1
47	-0.4350	_43549_	1
47	-0.4350	_02015_	1
47	-0.4350	_10897_	10
47	-0.4350	_10739_	9
47	-0.4350	u3.mul_a[30]	1
48	-0.4335	_06804_	1
48	-0.4335	_18252_	1
48	-0.4335	_18251_	1
48	-0.4335	_18250_	1
48	-0.4335	_18141_	3
48	-0.4335	_18140_	2
48	-0.4335	_18137_	1
48	-0.4335	_18123_	2
48	-0.4335	_18122_	1
48	-0.4335	_18121_	4
48	-0.4335	_18120_	5
48	-0.4335	_03343_	1
48	-0.4335	_41145_	1
48	-0.4335	_41143_	1
48	-0.4335	_42052_	1
48	-0.4335	_42439_	1
48	-0.4335	_40962_	1
48	-0.4335	_40960_	1
48	-0.4335	_01768_	1
48	-0.4335	_10488_	10
48	-0.4335	_10487_	9
48	-0.4335	u3.mul_a[7]	1
49	-0.4311	_06934_	1
49	-0.4311	_19272_	1
49	-0.4311	_19271_	1
49	-0.4311	_19270_	1
49	-0.4311	_19212_	3
49	-0.4311	_19211_	3
49	-0.4311	_19209_	1
49	-0.4311	_19206_	3
49	-0.4311	_19202_	1
49	-0.4311	_19201_	2
49	-0.4311	_19200_	1
49	-0.4311	_19199_	5
49	-0.4311	_04498_	1
49	-0.4311	_41222_	1
49	-0.4311	_41219_	1
49	-0.4311	_41108_	1
49	-0.4311	_41105_	1
49	-0.4311	_41932_	1
49	-0.4311	_44254_	1
49	-0.4311	_02414_	1
49	-0.4311	_10829_	10
49	-0.4311	_10732_	9
49	-0.4311	u3.mul_a[33]	1
50	-0.4305	_06757_	1
50	-0.4305	_17887_	1
50	-0.4305	_17879_	3
50	-0.4305	_17877_	1
50	-0.4305	_17876_	3
50	-0.4305	_17858_	1
50	-0.4305	_17776_	3
50	-0.4305	_17761_	2
50	-0.4305	_17760_	2
50	-0.4305	_03314_	4
50	-0.4305	_43192_	1
50	-0.4305	_43189_	1
50	-0.4305	_43360_	1
50	-0.4305	_43573_	1
50	-0.4305	_43805_	1
50	-0.4305	_44086_	1
50	-0.4305	_02271_	1
50	-0.4305	_11084_	10
50	-0.4305	_10812_	9
50	-0.4305	u3.mul_b[15]	1
51	-0.4301	_06902_	1
51	-0.4301	_19013_	1
51	-0.4301	_19012_	1
51	-0.4301	_19000_	2
51	-0.4301	_18996_	1
51	-0.4301	_18993_	2
51	-0.4301	_18979_	1
51	-0.4301	_18978_	2
51	-0.4301	_18973_	2
51	-0.4301	_18971_	1
51	-0.4301	_18929_	5
51	-0.4301	_04713_	1
51	-0.4301	_44618_	1
51	-0.4301	_40257_	1
51	-0.4301	_40255_	1
51	-0.4301	_40351_	1
51	-0.4301	_40420_	1
51	-0.4301	_40188_	1
51	-0.4301	_00327_	1
51	-0.4301	_10792_	10
51	-0.4301	_10743_	9
51	-0.4301	u3.mul_a[28]	1
52	-0.4293	_06805_	1
52	-0.4293	_18263_	1
52	-0.4293	_18262_	1
52	-0.4293	_18261_	1
52	-0.4293	_18260_	2
52	-0.4293	_18259_	1
52	-0.4293	_18258_	1
52	-0.4293	_18206_	5
52	-0.4293	_18190_	1
52	-0.4293	_18189_	1
52	-0.4293	_18185_	2
52	-0.4293	_18184_	1
52	-0.4293	_18095_	4
52	-0.4293	_03752_	1
52	-0.4293	_42961_	1
52	-0.4293	_42492_	1
52	-0.4293	_42089_	1
52	-0.4293	_40758_	1
52	-0.4293	_40755_	1
52	-0.4293	_41185_	1
52	-0.4293	_00749_	1
52	-0.4293	_10554_	10
52	-0.4293	_10487_	9
52	-0.4293	u3.mul_a[7]	1
53	-0.4289	_07060_	1
53	-0.4289	_20167_	1
53	-0.4289	_20166_	1
53	-0.4289	_20107_	2
53	-0.4289	_20106_	2
53	-0.4289	_20105_	1
53	-0.4289	_20103_	3
53	-0.4289	_20101_	3
53	-0.4289	_20098_	3
53	-0.4289	_20092_	2
53	-0.4289	_20085_	1
53	-0.4289	_20084_	4
53	-0.4289	_04426_	1
53	-0.4289	_44028_	1
53	-0.4289	_43934_	1
53	-0.4289	_43874_	1
53	-0.4289	_43870_	1
53	-0.4289	_42351_	1
53	-0.4289	_01444_	1
53	-0.4289	_11022_	10
53	-0.4289	_10966_	9
53	-0.4289	u3.mul_a[45]	1
54	-0.4280	_06770_	1
54	-0.4280	_17959_	1
54	-0.4280	_17958_	1
54	-0.4280	_17828_	4
54	-0.4280	_17822_	2
54	-0.4280	_17814_	2
54	-0.4280	_17808_	2
54	-0.4280	_17807_	2
54	-0.4280	_17798_	5
54	-0.4280	_04887_	1
54	-0.4280	_43267_	1
54	-0.4280	_43264_	1
54	-0.4280	_43406_	1
54	-0.4280	_43623_	1
54	-0.4280	_43006_	1
54	-0.4280	_43003_	1
54	-0.4280	_01965_	1
54	-0.4280	_11055_	10
54	-0.4280	_10487_	9
54	-0.4280	u3.mul_a[7]	1
55	-0.4250	_06974_	1
55	-0.4250	_19577_	1
55	-0.4250	_19576_	1
55	-0.4250	_19575_	1
55	-0.4250	_19544_	2
55	-0.4250	_19543_	3
55	-0.4250	_19541_	3
55	-0.4250	_19508_	2
55	-0.4250	_19506_	1
55	-0.4250	_19505_	2
55	-0.4250	_19443_	3
55	-0.4250	_19441_	4
55	-0.4250	_04023_	1
55	-0.4250	_44172_	1
55	-0.4250	_40515_	1
55	-0.4250	_40512_	1
55	-0.4250	_42872_	1
55	-0.4250	_42808_	1
55	-0.4250	_42738_	1
55	-0.4250	_01688_	1
55	-0.4250	_10908_	10
55	-0.4250	_10596_	9
55	-0.4250	u3.mul_b[35]	1
56	-0.4194	_06843_	1
56	-0.4194	_18571_	1
56	-0.4194	_18570_	1
56	-0.4194	_18522_	3
56	-0.4194	_18509_	3
56	-0.4194	_18497_	1
56	-0.4194	_18434_	3
56	-0.4194	_18433_	2
56	-0.4194	_18425_	3
56	-0.4194	_18423_	4
56	-0.4194	_04853_	1
56	-0.4194	_44648_	1
56	-0.4194	_44646_	1
56	-0.4194	_42165_	1
56	-0.4194	_41740_	1
56	-0.4194	_41450_	1
56	-0.4194	_41447_	1
56	-0.4194	_01369_	1
56	-0.4194	_10687_	10
56	-0.4194	_10496_	9
56	-0.4194	u3.mul_a[3]	1
57	-0.4191	_06965_	1
57	-0.4191	_19480_	2
57	-0.4191	_19479_	1
57	-0.4191	_19477_	2
57	-0.4191	_19473_	2
57	-0.4191	_19435_	2
57	-0.4191	_19434_	1
57	-0.4191	_19433_	4
57	-0.4191	_19432_	3
57	-0.4191	_04408_	3
57	-0.4191	_44170_	1
57	-0.4191	_40611_	1
57	-0.4191	_40608_	1
57	-0.4191	_42861_	1
57	-0.4191	_42797_	1
57	-0.4191	_42728_	1
57	-0.4191	_01673_	1
57	-0.4191	_10919_	10
57	-0.4191	_10720_	9
57	-0.4191	u3.mul_a[39]	1
58	-0.4180	_06936_	1
58	-0.4180	_19281_	1
58	-0.4180	_19280_	1
58	-0.4180	_19212_	3
58	-0.4180	_19211_	3
58	-0.4180	_19209_	1
58	-0.4180	_19206_	3
58	-0.4180	_19202_	1
58	-0.4180	_19197_	3
58	-0.4180	_19196_	2
58	-0.4180	_19195_	4
58	-0.4180	_04459_	1
58	-0.4180	_40186_	1
58	-0.4180	_40183_	1
58	-0.4180	_41534_	1
58	-0.4180	_41533_	1
58	-0.4180	_41963_	1
58	-0.4180	_41326_	1
58	-0.4180	_00803_	1
58	-0.4180	_10873_	10
58	-0.4180	_10747_	9
58	-0.4180	u3.mul_a[26]	1
59	-0.4166	_06801_	1
59	-0.4166	_18240_	1
59	-0.4166	_18239_	1
59	-0.4166	_18238_	1
59	-0.4166	_18237_	1
59	-0.4166	_18236_	2
59	-0.4166	_18206_	5
59	-0.4166	_18190_	1
59	-0.4166	_18189_	1
59	-0.4166	_18185_	2
59	-0.4166	_18184_	1
59	-0.4166	_18095_	4
59	-0.4166	_03752_	1
59	-0.4166	_42961_	1
59	-0.4166	_42492_	1
59	-0.4166	_42089_	1
59	-0.4166	_40758_	1
59	-0.4166	_40755_	1
59	-0.4166	_41185_	1
59	-0.4166	_00749_	1
59	-0.4166	_10554_	10
59	-0.4166	_10487_	9
59	-0.4166	u3.mul_a[7]	1
60	-0.4164	_06903_	1
60	-0.4164	_19020_	1
60	-0.4164	_19019_	1
60	-0.4164	_19018_	1
60	-0.4164	_19017_	2
60	-0.4164	_19016_	1
60	-0.4164	_18954_	2
60	-0.4164	_18935_	1
60	-0.4164	_18934_	1
60	-0.4164	_18928_	6
60	-0.4164	_18927_	2
60	-0.4164	_18926_	5
60	-0.4164	_04563_	1
60	-0.4164	_42269_	1
60	-0.4164	_40228_	1
60	-0.4164	_40225_	1
60	-0.4164	_40336_	1
60	-0.4164	_40401_	1
60	-0.4164	_42364_	1
60	-0.4164	_01900_	1
60	-0.4164	_10790_	10
60	-0.4164	_10739_	9
60	-0.4164	u3.mul_a[30]	1
61	-0.4129	_06810_	1
61	-0.4129	_18281_	1
61	-0.4129	_18280_	1
61	-0.4129	_18265_	2
61	-0.4129	_18141_	3
61	-0.4129	_18140_	2
61	-0.4129	_18137_	1
61	-0.4129	_18123_	2
61	-0.4129	_18122_	1
61	-0.4129	_18121_	4
61	-0.4129	_18120_	5
61	-0.4129	_03343_	1
61	-0.4129	_41145_	1
61	-0.4129	_41143_	1
61	-0.4129	_42052_	1
61	-0.4129	_42439_	1
61	-0.4129	_40962_	1
61	-0.4129	_40960_	1
61	-0.4129	_01768_	1
61	-0.4129	_10488_	10
61	-0.4129	_10487_	9
61	-0.4129	u3.mul_a[7]	1
62	-0.4091	_06933_	1
62	-0.4091	_19267_	1
62	-0.4091	_19266_	2
62	-0.4091	_19259_	2
62	-0.4091	_19257_	3
62	-0.4091	_19237_	1
62	-0.4091	_19236_	1
62	-0.4091	_19235_	2
62	-0.4091	_19234_	1
62	-0.4091	_19233_	1
62	-0.4091	_19193_	4
62	-0.4091	_04371_	1
62	-0.4091	_41203_	1
62	-0.4091	_41200_	1
62	-0.4091	_41254_	1
62	-0.4091	_41272_	1
62	-0.4091	_41293_	1
62	-0.4091	_41945_	1
62	-0.4091	_01170_	1
62	-0.4091	_10871_	10
62	-0.4091	_10743_	9
62	-0.4091	u3.mul_a[28]	1
63	-0.4037	_06938_	1
63	-0.4037	_19290_	1
63	-0.4037	_19289_	1
63	-0.4037	_19288_	1
63	-0.4037	_19211_	3
63	-0.4037	_19209_	1
63	-0.4037	_19206_	3
63	-0.4037	_19202_	1
63	-0.4037	_19201_	2
63	-0.4037	_19200_	1
63	-0.4037	_19199_	5
63	-0.4037	_04498_	1
63	-0.4037	_41222_	1
63	-0.4037	_41219_	1
63	-0.4037	_41108_	1
63	-0.4037	_41105_	1
63	-0.4037	_41932_	1
63	-0.4037	_44254_	1
63	-0.4037	_02414_	1
63	-0.4037	_10829_	10
63	-0.4037	_10732_	9
63	-0.4037	u3.mul_a[33]	1
64	-0.4037	_06904_	1
64	-0.4037	_19025_	1
64	-0.4037	_19024_	1
64	-0.4037	_19022_	2
64	-0.4037	_18993_	2
64	-0.4037	_18979_	1
64	-0.4037	_18978_	2
64	-0.4037	_18973_	2
64	-0.4037	_18971_	1
64	-0.4037	_18929_	5
64	-0.4037	_04713_	1
64	-0.4037	_44618_	1
64	-0.4037	_40257_	1
64	-0.4037	_40255_	1
64	-0.4037	_40351_	1
64	-0.4037	_40420_	1
64	-0.4037	_40188_	1
64	-0.4037	_00327_	1
64	-0.4037	_10792_	10
64	-0.4037	_10743_	9
64	-0.4037	u3.mul_a[28]	1
65	-0.4003	_06968_	1
65	-0.4003	_19535_	1
65	-0.4003	_19534_	1
65	-0.4003	_19518_	3
65	-0.4003	_19516_	1
65	-0.4003	_19511_	2
65	-0.4003	_19509_	1
65	-0.4003	_19508_	2
65	-0.4003	_19506_	1
65	-0.4003	_19505_	2
65	-0.4003	_19504_	2
65	-0.4003	_19439_	5
65	-0.4003	_04302_	1
65	-0.4003	_40574_	1
65	-0.4003	_40562_	1
65	-0.4003	_40560_	1
65	-0.4003	_42469_	1
65	-0.4003	_42466_	1
65	-0.4003	_43549_	1
65	-0.4003	_02015_	1
65	-0.4003	_10897_	10
65	-0.4003	_10739_	9
65	-0.4003	u3.mul_a[30]	1
66	-0.3997	_06853_	1
66	-0.3997	_18627_	1
66	-0.3997	_18626_	1
66	-0.3997	_18625_	2
66	-0.3997	_18624_	1
66	-0.3997	_18623_	1
66	-0.3997	_18622_	2
66	-0.3997	_18621_	1
66	-0.3997	_18508_	3
66	-0.3997	_18499_	1
66	-0.3997	_18448_	3
66	-0.3997	_18438_	5
66	-0.3997	_04518_	1
66	-0.3997	_44628_	1
66	-0.3997	_44625_	1
66	-0.3997	_41588_	1
66	-0.3997	_41584_	1
66	-0.3997	_44051_	1
66	-0.3997	_44048_	1
66	-0.3997	_02477_	1
66	-0.3997	_10619_	10
66	-0.3997	_10489_	9
66	-0.3997	u3.mul_a[6]	1
67	-0.3991	_06772_	1
67	-0.3991	_17968_	1
67	-0.3991	_17967_	1
67	-0.3991	_17924_	2
67	-0.3991	_17923_	2
67	-0.3991	_17822_	2
67	-0.3991	_17814_	2
67	-0.3991	_17808_	2
67	-0.3991	_17807_	2
67	-0.3991	_17798_	5
67	-0.3991	_04887_	1
67	-0.3991	_43267_	1
67	-0.3991	_43264_	1
67	-0.3991	_43406_	1
67	-0.3991	_43623_	1
67	-0.3991	_43006_	1
67	-0.3991	_43003_	1
67	-0.3991	_01965_	1
67	-0.3991	_11055_	10
67	-0.3991	_10487_	9
67	-0.3991	u3.mul_a[7]	1
68	-0.3977	_06803_	1
68	-0.3977	_18247_	1
68	-0.3977	_18245_	1
68	-0.3977	_18236_	2
68	-0.3977	_18206_	5
68	-0.3977	_18190_	1
68	-0.3977	_18189_	1
68	-0.3977	_18185_	2
68	-0.3977	_18184_	1
68	-0.3977	_18095_	4
68	-0.3977	_03752_	1
68	-0.3977	_42961_	1
68	-0.3977	_42492_	1
68	-0.3977	_42089_	1
68	-0.3977	_40758_	1
68	-0.3977	_40755_	1
68	-0.3977	_41185_	1
68	-0.3977	_00749_	1
68	-0.3977	_10554_	10
68	-0.3977	_10487_	9
68	-0.3977	u3.mul_a[7]	1
69	-0.3967	_06814_	1
69	-0.3967	_18304_	1
69	-0.3967	_18303_	1
69	-0.3967	_18302_	1
69	-0.3967	_18289_	2
69	-0.3967	_18140_	2
69	-0.3967	_18137_	1
69	-0.3967	_18123_	2
69	-0.3967	_18122_	1
69	-0.3967	_18121_	4
69	-0.3967	_18120_	5
69	-0.3967	_03343_	1
69	-0.3967	_41145_	1
69	-0.3967	_41143_	1
69	-0.3967	_42052_	1
69	-0.3967	_42439_	1
69	-0.3967	_40962_	1
69	-0.3967	_40960_	1
69	-0.3967	_01768_	1
69	-0.3967	_10488_	10
69	-0.3967	_10487_	9
69	-0.3967	u3.mul_a[7]	1
70	-0.3959	_06848_	1
70	-0.3959	_18600_	1
70	-0.3959	_18599_	1
70	-0.3959	_18598_	1
70	-0.3959	_18597_	1
70	-0.3959	_18458_	5
70	-0.3959	_18430_	1
70	-0.3959	_18429_	2
70	-0.3959	_18422_	2
70	-0.3959	_18421_	1
70	-0.3959	_18420_	5
70	-0.3959	_04599_	1
70	-0.3959	_44656_	1
70	-0.3959	_43756_	1
70	-0.3959	_41531_	1
70	-0.3959	_41528_	1
70	-0.3959	_40118_	1
70	-0.3959	_40114_	1
70	-0.3959	_01626_	1
70	-0.3959	_10682_	10
70	-0.3959	_10487_	9
70	-0.3959	u3.mul_a[7]	1
71	-0.3949	_06937_	1
71	-0.3949	_19284_	1
71	-0.3949	_19283_	1
71	-0.3949	_19274_	2
71	-0.3949	_19257_	3
71	-0.3949	_19256_	1
71	-0.3949	_19197_	3
71	-0.3949	_19196_	2
71	-0.3949	_19195_	4
71	-0.3949	_04459_	1
71	-0.3949	_40186_	1
71	-0.3949	_40183_	1
71	-0.3949	_41534_	1
71	-0.3949	_41533_	1
71	-0.3949	_41963_	1
71	-0.3949	_41326_	1
71	-0.3949	_00803_	1
71	-0.3949	_10873_	10
71	-0.3949	_10747_	9
71	-0.3949	u3.mul_a[26]	1
72	-0.3947	_06840_	1
72	-0.3947	_18553_	1
72	-0.3947	_18467_	3
72	-0.3947	_18459_	3
72	-0.3947	_18458_	5
72	-0.3947	_18430_	1
72	-0.3947	_18429_	2
72	-0.3947	_18422_	2
72	-0.3947	_18421_	1
72	-0.3947	_18420_	5
72	-0.3947	_04599_	1
72	-0.3947	_44656_	1
72	-0.3947	_43756_	1
72	-0.3947	_41531_	1
72	-0.3947	_41528_	1
72	-0.3947	_40118_	1
72	-0.3947	_40114_	1
72	-0.3947	_01626_	1
72	-0.3947	_10682_	10
72	-0.3947	_10487_	9
72	-0.3947	u3.mul_a[7]	1
73	-0.3936	_06977_	1
73	-0.3936	_19588_	1
73	-0.3936	_19587_	1
73	-0.3936	_19586_	1
73	-0.3936	_19585_	1
73	-0.3936	_19584_	1
73	-0.3936	_19565_	3
73	-0.3936	_19462_	2
73	-0.3936	_19446_	1
73	-0.3936	_19445_	3
73	-0.3936	_19444_	4
73	-0.3936	_03215_	1
73	-0.3936	_40823_	1
73	-0.3936	_40615_	1
73	-0.3936	_40613_	1
73	-0.3936	_42869_	1
73	-0.3936	_42805_	1
73	-0.3936	_42736_	1
73	-0.3936	_01685_	1
73	-0.3936	_10907_	10
73	-0.3936	_10600_	9
73	-0.3936	u3.mul_b[36]	1
74	-0.3934	_06978_	1
74	-0.3934	_19595_	1
74	-0.3934	_19594_	1
74	-0.3934	_19593_	1
74	-0.3934	_19592_	1
74	-0.3934	_19591_	2
74	-0.3934	_19541_	3
74	-0.3934	_19508_	2
74	-0.3934	_19506_	1
74	-0.3934	_19505_	2
74	-0.3934	_19504_	2
74	-0.3934	_19439_	5
74	-0.3934	_04302_	1
74	-0.3934	_40574_	1
74	-0.3934	_40562_	1
74	-0.3934	_40560_	1
74	-0.3934	_42469_	1
74	-0.3934	_42466_	1
74	-0.3934	_43549_	1
74	-0.3934	_02015_	1
74	-0.3934	_10897_	10
74	-0.3934	_10739_	9
74	-0.3934	u3.mul_a[30]	1
75	-0.3931	_06849_	1
75	-0.3931	_18603_	1
75	-0.3931	_18602_	1
75	-0.3931	_18580_	2
75	-0.3931	_18579_	1
75	-0.3931	_18509_	3
75	-0.3931	_18496_	1
75	-0.3931	_18488_	1
75	-0.3931	_18422_	2
75	-0.3931	_18421_	1
75	-0.3931	_18420_	5
75	-0.3931	_04599_	1
75	-0.3931	_44656_	1
75	-0.3931	_43756_	1
75	-0.3931	_41531_	1
75	-0.3931	_41528_	1
75	-0.3931	_40118_	1
75	-0.3931	_40114_	1
75	-0.3931	_01626_	1
75	-0.3931	_10682_	10
75	-0.3931	_10487_	9
75	-0.3931	u3.mul_a[7]	1
76	-0.3928	_06844_	1
76	-0.3928	_18575_	1
76	-0.3928	_18574_	1
76	-0.3928	_18573_	1
76	-0.3928	_18572_	1
76	-0.3928	_18458_	5
76	-0.3928	_18435_	1
76	-0.3928	_18434_	3
76	-0.3928	_18433_	2
76	-0.3928	_18425_	3
76	-0.3928	_18423_	4
76	-0.3928	_04853_	1
76	-0.3928	_44648_	1
76	-0.3928	_44646_	1
76	-0.3928	_42165_	1
76	-0.3928	_41740_	1
76	-0.3928	_41450_	1
76	-0.3928	_41447_	1
76	-0.3928	_01369_	1
76	-0.3928	_10687_	10
76	-0.3928	_10496_	9
76	-0.3928	u3.mul_a[3]	1
77	-0.3925	_06842_	1
77	-0.3925	_18567_	1
77	-0.3925	_18566_	1
77	-0.3925	_18459_	3
77	-0.3925	_18458_	5
77	-0.3925	_18435_	1
77	-0.3925	_18434_	3
77	-0.3925	_18433_	2
77	-0.3925	_18425_	3
77	-0.3925	_18423_	4
77	-0.3925	_04853_	1
77	-0.3925	_44648_	1
77	-0.3925	_44646_	1
77	-0.3925	_42165_	1
77	-0.3925	_41740_	1
77	-0.3925	_41450_	1
77	-0.3925	_41447_	1
77	-0.3925	_01369_	1
77	-0.3925	_10687_	10
77	-0.3925	_10496_	9
77	-0.3925	u3.mul_a[3]	1
78	-0.3918	_06973_	1
78	-0.3918	_19571_	1
78	-0.3918	_19570_	1
78	-0.3918	_19569_	1
78	-0.3918	_19568_	1
78	-0.3918	_19567_	2
78	-0.3918	_19565_	3
78	-0.3918	_19462_	2
78	-0.3918	_19446_	1
78	-0.3918	_19445_	3
78	-0.3918	_19444_	4
78	-0.3918	_03215_	1
78	-0.3918	_40823_	1
78	-0.3918	_40615_	1
78	-0.3918	_40613_	1
78	-0.3918	_42869_	1
78	-0.3918	_42805_	1
78	-0.3918	_42736_	1
78	-0.3918	_01685_	1
78	-0.3918	_10907_	10
78	-0.3918	_10600_	9
78	-0.3918	u3.mul_b[36]	1
79	-0.3907	_06761_	1
79	-0.3907	_17905_	1
79	-0.3907	_17904_	1
79	-0.3907	_17895_	2
79	-0.3907	_17876_	3
79	-0.3907	_17858_	1
79	-0.3907	_17776_	3
79	-0.3907	_17761_	2
79	-0.3907	_17760_	2
79	-0.3907	_03314_	4
79	-0.3907	_43192_	1
79	-0.3907	_43189_	1
79	-0.3907	_43360_	1
79	-0.3907	_43573_	1
79	-0.3907	_43805_	1
79	-0.3907	_44086_	1
79	-0.3907	_02271_	1
79	-0.3907	_11084_	10
79	-0.3907	_10812_	9
79	-0.3907	u3.mul_b[15]	1
80	-0.3902	_06935_	1
80	-0.3902	_19278_	1
80	-0.3902	_19277_	1
80	-0.3902	_19276_	1
80	-0.3902	_19275_	2
80	-0.3902	_19274_	2
80	-0.3902	_19257_	3
80	-0.3902	_19256_	1
80	-0.3902	_19197_	3
80	-0.3902	_19196_	2
80	-0.3902	_19195_	4
80	-0.3902	_04459_	1
80	-0.3902	_40186_	1
80	-0.3902	_40183_	1
80	-0.3902	_41534_	1
80	-0.3902	_41533_	1
80	-0.3902	_41963_	1
80	-0.3902	_41326_	1
80	-0.3902	_00803_	1
80	-0.3902	_10873_	10
80	-0.3902	_10747_	9
80	-0.3902	u3.mul_a[26]	1
81	-0.3888	_06905_	1
81	-0.3888	_19029_	1
81	-0.3888	_19028_	1
81	-0.3888	_19017_	2
81	-0.3888	_19016_	1
81	-0.3888	_18954_	2
81	-0.3888	_18935_	1
81	-0.3888	_18934_	1
81	-0.3888	_18928_	6
81	-0.3888	_18927_	2
81	-0.3888	_18926_	5
81	-0.3888	_04563_	1
81	-0.3888	_42269_	1
81	-0.3888	_40228_	1
81	-0.3888	_40225_	1
81	-0.3888	_40336_	1
81	-0.3888	_40401_	1
81	-0.3888	_42364_	1
81	-0.3888	_01900_	1
81	-0.3888	_10790_	10
81	-0.3888	_10739_	9
81	-0.3888	u3.mul_a[30]	1
82	-0.3884	_07062_	1
82	-0.3884	_20176_	1
82	-0.3884	_20175_	1
82	-0.3884	_20106_	2
82	-0.3884	_20105_	1
82	-0.3884	_20103_	3
82	-0.3884	_20101_	3
82	-0.3884	_20098_	3
82	-0.3884	_20092_	2
82	-0.3884	_20085_	1
82	-0.3884	_20084_	4
82	-0.3884	_04426_	1
82	-0.3884	_44028_	1
82	-0.3884	_43934_	1
82	-0.3884	_43874_	1
82	-0.3884	_43870_	1
82	-0.3884	_42351_	1
82	-0.3884	_01444_	1
82	-0.3884	_11022_	10
82	-0.3884	_10966_	9
82	-0.3884	u3.mul_a[45]	1
83	-0.3881	_06970_	1
83	-0.3881	_19549_	1
83	-0.3881	_19547_	2
83	-0.3881	_19545_	2
83	-0.3881	_19544_	2
83	-0.3881	_19543_	3
83	-0.3881	_19541_	3
83	-0.3881	_19508_	2
83	-0.3881	_19506_	1
83	-0.3881	_19505_	2
83	-0.3881	_19504_	2
83	-0.3881	_19439_	5
83	-0.3881	_04302_	1
83	-0.3881	_40574_	1
83	-0.3881	_40562_	1
83	-0.3881	_40560_	1
83	-0.3881	_42469_	1
83	-0.3881	_42466_	1
83	-0.3881	_43549_	1
83	-0.3881	_02015_	1
83	-0.3881	_10897_	10
83	-0.3881	_10739_	9
83	-0.3881	u3.mul_a[30]	1
84	-0.3862	_06776_	1
84	-0.3862	_17992_	1
84	-0.3862	_17991_	1
84	-0.3862	_17990_	1
84	-0.3862	_17989_	1
84	-0.3862	_17988_	2
84	-0.3862	_17987_	1
84	-0.3862	_17814_	2
84	-0.3862	_17808_	2
84	-0.3862	_17807_	2
84	-0.3862	_17798_	5
84	-0.3862	_04887_	1
84	-0.3862	_43267_	1
84	-0.3862	_43264_	1
84	-0.3862	_43406_	1
84	-0.3862	_43623_	1
84	-0.3862	_43006_	1
84	-0.3862	_43003_	1
84	-0.3862	_01965_	1
84	-0.3862	_11055_	10
84	-0.3862	_10487_	9
84	-0.3862	u3.mul_a[7]	1
85	-0.3841	_06969_	1
85	-0.3841	_19539_	1
85	-0.3841	_19477_	2
85	-0.3841	_19473_	2
85	-0.3841	_19435_	2
85	-0.3841	_19434_	1
85	-0.3841	_19433_	4
85	-0.3841	_19432_	3
85	-0.3841	_04408_	3
85	-0.3841	_44170_	1
85	-0.3841	_40611_	1
85	-0.3841	_40608_	1
85	-0.3841	_42861_	1
85	-0.3841	_42797_	1
85	-0.3841	_42728_	1
85	-0.3841	_01673_	1
85	-0.3841	_10919_	10
85	-0.3841	_10720_	9
85	-0.3841	u3.mul_a[39]	1
86	-0.3832	_10114_	1
86	-0.3832	_35167_	1
86	-0.3832	_35166_	1
86	-0.3832	_35163_	1
86	-0.3832	_35162_	1
86	-0.3832	_19951_	3
86	-0.3832	_19949_	2
86	-0.3832	_19931_	1
86	-0.3832	_19885_	3
86	-0.3832	_19884_	1
86	-0.3832	_19883_	2
86	-0.3832	_19881_	1
86	-0.3832	_19880_	5
86	-0.3832	_03124_	1
86	-0.3832	_44558_	1
86	-0.3832	_44507_	1
86	-0.3832	_44419_	1
86	-0.3832	_44327_	1
86	-0.3832	_44304_	1
86	-0.3832	_02450_	1
86	-0.3832	_11012_	10
86	-0.3832	_10985_	9
86	-0.3832	u3.mul_a[51]	1
87	-0.3805	_06763_	1
87	-0.3805	_17914_	1
87	-0.3805	_17913_	1
87	-0.3805	_17876_	3
87	-0.3805	_17858_	1
87	-0.3805	_17776_	3
87	-0.3805	_17761_	2
87	-0.3805	_17760_	2
87	-0.3805	_03314_	4
87	-0.3805	_43192_	1
87	-0.3805	_43189_	1
87	-0.3805	_43360_	1
87	-0.3805	_43573_	1
87	-0.3805	_43805_	1
87	-0.3805	_44086_	1
87	-0.3805	_02271_	1
87	-0.3805	_11084_	10
87	-0.3805	_10812_	9
87	-0.3805	u3.mul_b[15]	1
88	-0.3781	_06855_	1
88	-0.3781	_18634_	1
88	-0.3781	_18625_	2
88	-0.3781	_18624_	1
88	-0.3781	_18623_	1
88	-0.3781	_18622_	2
88	-0.3781	_18621_	1
88	-0.3781	_18508_	3
88	-0.3781	_18499_	1
88	-0.3781	_18448_	3
88	-0.3781	_18438_	5
88	-0.3781	_04518_	1
88	-0.3781	_44628_	1
88	-0.3781	_44625_	1
88	-0.3781	_41588_	1
88	-0.3781	_41584_	1
88	-0.3781	_44051_	1
88	-0.3781	_44048_	1
88	-0.3781	_02477_	1
88	-0.3781	_10619_	10
88	-0.3781	_10489_	9
88	-0.3781	u3.mul_a[6]	1
89	-0.3768	_06771_	1
89	-0.3768	_17964_	1
89	-0.3768	_17963_	1
89	-0.3768	_17962_	1
89	-0.3768	_17961_	1
89	-0.3768	_17933_	3
89	-0.3768	_17827_	3
89	-0.3768	_17826_	3
89	-0.3768	_17825_	1
89	-0.3768	_17824_	1
89	-0.3768	_03648_	4
89	-0.3768	_43252_	1
89	-0.3768	_43249_	1
89	-0.3768	_43397_	1
89	-0.3768	_43615_	1
89	-0.3768	_43901_	1
89	-0.3768	_44126_	1
89	-0.3768	_02928_	1
89	-0.3768	_11058_	10
89	-0.3768	_10493_	9
89	-0.3768	u3.mul_a[4]	1
90	-0.3764	_06807_	1
90	-0.3764	_18270_	1
90	-0.3764	_18260_	2
90	-0.3764	_18259_	1
90	-0.3764	_18258_	1
90	-0.3764	_18206_	5
90	-0.3764	_18190_	1
90	-0.3764	_18189_	1
90	-0.3764	_18185_	2
90	-0.3764	_18184_	1
90	-0.3764	_18095_	4
90	-0.3764	_03752_	1
90	-0.3764	_42961_	1
90	-0.3764	_42492_	1
90	-0.3764	_42089_	1
90	-0.3764	_40758_	1
90	-0.3764	_40755_	1
90	-0.3764	_41185_	1
90	-0.3764	_00749_	1
90	-0.3764	_10554_	10
90	-0.3764	_10487_	9
90	-0.3764	u3.mul_a[7]	1
91	-0.3749	_06907_	1
91	-0.3749	_19039_	1
91	-0.3749	_19038_	1
91	-0.3749	_18956_	2
91	-0.3749	_18954_	2
91	-0.3749	_18935_	1
91	-0.3749	_18934_	1
91	-0.3749	_18928_	6
91	-0.3749	_18927_	2
91	-0.3749	_18926_	5
91	-0.3749	_04563_	1
91	-0.3749	_42269_	1
91	-0.3749	_40228_	1
91	-0.3749	_40225_	1
91	-0.3749	_40336_	1
91	-0.3749	_40401_	1
91	-0.3749	_42364_	1
91	-0.3749	_01900_	1
91	-0.3749	_10790_	10
91	-0.3749	_10739_	9
91	-0.3749	u3.mul_a[30]	1
92	-0.3740	_07064_	1
92	-0.3740	_20188_	1
92	-0.3740	_20187_	1
92	-0.3740	_20186_	1
92	-0.3740	_20185_	1
92	-0.3740	_20103_	3
92	-0.3740	_20101_	3
92	-0.3740	_20098_	3
92	-0.3740	_20092_	2
92	-0.3740	_20085_	1
92	-0.3740	_20084_	4
92	-0.3740	_04426_	1
92	-0.3740	_44028_	1
92	-0.3740	_43934_	1
92	-0.3740	_43874_	1
92	-0.3740	_43870_	1
92	-0.3740	_42351_	1
92	-0.3740	_01444_	1
92	-0.3740	_11022_	10
92	-0.3740	_10966_	9
92	-0.3740	u3.mul_a[45]	1
93	-0.3727	_06773_	1
93	-0.3727	_17973_	1
93	-0.3727	_17972_	1
93	-0.3727	_17971_	1
93	-0.3727	_17970_	1
93	-0.3727	_17933_	3
93	-0.3727	_17827_	3
93	-0.3727	_17826_	3
93	-0.3727	_17825_	1
93	-0.3727	_17824_	1
93	-0.3727	_03648_	4
93	-0.3727	_43252_	1
93	-0.3727	_43249_	1
93	-0.3727	_43397_	1
93	-0.3727	_43615_	1
93	-0.3727	_43901_	1
93	-0.3727	_44126_	1
93	-0.3727	_02928_	1
93	-0.3727	_11058_	10
93	-0.3727	_10493_	9
93	-0.3727	u3.mul_a[4]	1
94	-0.3713	_06846_	1
94	-0.3713	_18590_	1
94	-0.3713	_18589_	1
94	-0.3713	_18588_	1
94	-0.3713	_18458_	5
94	-0.3713	_18430_	1
94	-0.3713	_18429_	2
94	-0.3713	_18422_	2
94	-0.3713	_18421_	1
94	-0.3713	_18420_	5
94	-0.3713	_04599_	1
94	-0.3713	_44656_	1
94	-0.3713	_43756_	1
94	-0.3713	_41531_	1
94	-0.3713	_41528_	1
94	-0.3713	_40118_	1
94	-0.3713	_40114_	1
94	-0.3713	_01626_	1
94	-0.3713	_10682_	10
94	-0.3713	_10487_	9
94	-0.3713	u3.mul_a[7]	1
95	-0.3689	_06942_	1
95	-0.3689	_19312_	1
95	-0.3689	_19311_	1
95	-0.3689	_19310_	1
95	-0.3689	_19309_	1
95	-0.3689	_19308_	1
95	-0.3689	_19206_	3
95	-0.3689	_19202_	1
95	-0.3689	_19197_	3
95	-0.3689	_19196_	2
95	-0.3689	_19195_	4
95	-0.3689	_04459_	1
95	-0.3689	_40186_	1
95	-0.3689	_40183_	1
95	-0.3689	_41534_	1
95	-0.3689	_41533_	1
95	-0.3689	_41963_	1
95	-0.3689	_41326_	1
95	-0.3689	_00803_	1
95	-0.3689	_10873_	10
95	-0.3689	_10747_	9
95	-0.3689	u3.mul_a[26]	1
96	-0.3678	_06940_	1
96	-0.3678	_19298_	1
96	-0.3678	_19297_	1
96	-0.3678	_19211_	3
96	-0.3678	_19209_	1
96	-0.3678	_19206_	3
96	-0.3678	_19202_	1
96	-0.3678	_19201_	2
96	-0.3678	_19200_	1
96	-0.3678	_19199_	5
96	-0.3678	_04498_	1
96	-0.3678	_41222_	1
96	-0.3678	_41219_	1
96	-0.3678	_41108_	1
96	-0.3678	_41105_	1
96	-0.3678	_41932_	1
96	-0.3678	_44254_	1
96	-0.3678	_02414_	1
96	-0.3678	_10829_	10
96	-0.3678	_10732_	9
96	-0.3678	u3.mul_a[33]	1
97	-0.3650	_06809_	1
97	-0.3650	_18278_	1
97	-0.3650	_18277_	1
97	-0.3650	_18276_	1
97	-0.3650	_18206_	5
97	-0.3650	_18190_	1
97	-0.3650	_18189_	1
97	-0.3650	_18185_	2
97	-0.3650	_18184_	1
97	-0.3650	_18095_	4
97	-0.3650	_03752_	1
97	-0.3650	_42961_	1
97	-0.3650	_42492_	1
97	-0.3650	_42089_	1
97	-0.3650	_40758_	1
97	-0.3650	_40755_	1
97	-0.3650	_41185_	1
97	-0.3650	_00749_	1
97	-0.3650	_10554_	10
97	-0.3650	_10487_	9
97	-0.3650	u3.mul_a[7]	1
98	-0.3647	_06774_	1
98	-0.3647	_17977_	1
98	-0.3647	_17976_	1
98	-0.3647	_17923_	2
98	-0.3647	_17822_	2
98	-0.3647	_17814_	2
98	-0.3647	_17808_	2
98	-0.3647	_17807_	2
98	-0.3647	_17798_	5
98	-0.3647	_04887_	1
98	-0.3647	_43267_	1
98	-0.3647	_43264_	1
98	-0.3647	_43406_	1
98	-0.3647	_43623_	1
98	-0.3647	_43006_	1
98	-0.3647	_43003_	1
98	-0.3647	_01965_	1
98	-0.3647	_11055_	10
98	-0.3647	_10487_	9
98	-0.3647	u3.mul_a[7]	1
99	-0.3611	_06906_	1
99	-0.3611	_19035_	1
99	-0.3611	_19034_	1
99	-0.3611	_19033_	1
99	-0.3611	_19032_	2
99	-0.3611	_19031_	1
99	-0.3611	_18991_	4
99	-0.3611	_18990_	1
99	-0.3611	_18933_	3
99	-0.3611	_04493_	4
99	-0.3611	_40157_	1
99	-0.3611	_40154_	1
99	-0.3611	_40269_	1
99	-0.3611	_40362_	1
99	-0.3611	_40866_	1
99	-0.3611	_40865_	1
99	-0.3611	_01111_	1
99	-0.3611	_10740_	10
99	-0.3611	_10739_	9
99	-0.3611	u3.mul_a[30]	1
100	-0.3581	_07029_	1
100	-0.3581	_19955_	1
100	-0.3581	_19954_	1
100	-0.3581	_19953_	1
100	-0.3581	_19951_	3
100	-0.3581	_19949_	2
100	-0.3581	_19931_	1
100	-0.3581	_19885_	3
100	-0.3581	_19884_	1
100	-0.3581	_19883_	2
100	-0.3581	_19881_	1
100	-0.3581	_19880_	5
100	-0.3581	_03124_	1
100	-0.3581	_44558_	1
100	-0.3581	_44507_	1
100	-0.3581	_44419_	1
100	-0.3581	_44327_	1
100	-0.3581	_44304_	1
100	-0.3581	_02450_	1
100	-0.3581	_11012_	10
100	-0.3581	_10985_	9
100	-0.3581	u3.mul_a[51]	1
101	-0.3578	_06943_	1
101	-0.3578	_19317_	1
101	-0.3578	_19316_	1
101	-0.3578	_19315_	1
101	-0.3578	_19314_	1
101	-0.3578	_19302_	3
101	-0.3578	_19301_	1
101	-0.3578	_19197_	3
101	-0.3578	_19196_	2
101	-0.3578	_19195_	4
101	-0.3578	_04459_	1
101	-0.3578	_40186_	1
101	-0.3578	_40183_	1
101	-0.3578	_41534_	1
101	-0.3578	_41533_	1
101	-0.3578	_41963_	1
101	-0.3578	_41326_	1
101	-0.3578	_00803_	1
101	-0.3578	_10873_	10
101	-0.3578	_10747_	9
101	-0.3578	u3.mul_a[26]	1
102	-0.3545	_06971_	1
102	-0.3545	_19559_	1
102	-0.3545	_19558_	1
102	-0.3545	_19435_	2
102	-0.3545	_19434_	1
102	-0.3545	_19433_	4
102	-0.3545	_19432_	3
102	-0.3545	_04408_	3
102	-0.3545	_44170_	1
102	-0.3545	_40611_	1
102	-0.3545	_40608_	1
102	-0.3545	_42861_	1
102	-0.3545	_42797_	1
102	-0.3545	_42728_	1
102	-0.3545	_01673_	1
102	-0.3545	_10919_	10
102	-0.3545	_10720_	9
102	-0.3545	u3.mul_a[39]	1
103	-0.3515	_06816_	1
103	-0.3515	_18319_	1
103	-0.3515	_18318_	1
103	-0.3515	_18317_	1
103	-0.3515	_18316_	1
103	-0.3515	_18314_	2
103	-0.3515	_18313_	1
103	-0.3515	_18123_	2
103	-0.3515	_18122_	1
103	-0.3515	_18121_	4
103	-0.3515	_18120_	5
103	-0.3515	_03343_	1
103	-0.3515	_41145_	1
103	-0.3515	_41143_	1
103	-0.3515	_42052_	1
103	-0.3515	_42439_	1
103	-0.3515	_40962_	1
103	-0.3515	_40960_	1
103	-0.3515	_01768_	1
103	-0.3515	_10488_	10
103	-0.3515	_10487_	9
103	-0.3515	u3.mul_a[7]	1
104	-0.3511	_07066_	1
104	-0.3511	_20204_	1
104	-0.3511	_20203_	1
104	-0.3511	_20202_	1
104	-0.3511	_20201_	1
104	-0.3511	_20103_	3
104	-0.3511	_20101_	3
104	-0.3511	_20098_	3
104	-0.3511	_20092_	2
104	-0.3511	_20085_	1
104	-0.3511	_20084_	4
104	-0.3511	_04426_	1
104	-0.3511	_44028_	1
104	-0.3511	_43934_	1
104	-0.3511	_43874_	1
104	-0.3511	_43870_	1
104	-0.3511	_42351_	1
104	-0.3511	_01444_	1
104	-0.3511	_11022_	10
104	-0.3511	_10966_	9
104	-0.3511	u3.mul_a[45]	1
105	-0.3441	_06909_	1
105	-0.3441	_19054_	1
105	-0.3441	_19053_	1
105	-0.3441	_19052_	1
105	-0.3441	_19050_	2
105	-0.3441	_19049_	1
105	-0.3441	_19047_	1
105	-0.3441	_19045_	2
105	-0.3441	_18946_	2
105	-0.3441	_18945_	2
105	-0.3441	_18944_	1
105	-0.3441	_18943_	1
105	-0.3441	_18932_	5
105	-0.3441	_04352_	1
105	-0.3441	_40152_	1
105	-0.3441	_40149_	1
105	-0.3441	_40266_	1
105	-0.3441	_40359_	1
105	-0.3441	_40829_	1
105	-0.3441	_40837_	1
105	-0.3441	_00567_	1
105	-0.3441	_10737_	10
105	-0.3441	_10736_	9
105	-0.3441	u3.mul_a[31]	1
106	-0.3435	_07031_	1
106	-0.3435	_19964_	1
106	-0.3435	_19963_	1
106	-0.3435	_19951_	3
106	-0.3435	_19949_	2
106	-0.3435	_19931_	1
106	-0.3435	_19885_	3
106	-0.3435	_19884_	1
106	-0.3435	_19883_	2
106	-0.3435	_19881_	1
106	-0.3435	_19880_	5
106	-0.3435	_03124_	1
106	-0.3435	_44558_	1
106	-0.3435	_44507_	1
106	-0.3435	_44419_	1
106	-0.3435	_44327_	1
106	-0.3435	_44304_	1
106	-0.3435	_02450_	1
106	-0.3435	_11012_	10
106	-0.3435	_10985_	9
106	-0.3435	u3.mul_a[51]	1
107	-0.3433	_06850_	1
107	-0.3433	_18606_	1
107	-0.3433	_18605_	1
107	-0.3433	_18458_	5
107	-0.3433	_18430_	1
107	-0.3433	_18429_	2
107	-0.3433	_18422_	2
107	-0.3433	_18421_	1
107	-0.3433	_18420_	5
107	-0.3433	_04599_	1
107	-0.3433	_44656_	1
107	-0.3433	_43756_	1
107	-0.3433	_41531_	1
107	-0.3433	_41528_	1
107	-0.3433	_40118_	1
107	-0.3433	_40114_	1
107	-0.3433	_01626_	1
107	-0.3433	_10682_	10
107	-0.3433	_10487_	9
107	-0.3433	u3.mul_a[7]	1
108	-0.3408	_06813_	1
108	-0.3408	_18300_	1
108	-0.3408	_18299_	1
108	-0.3408	_18298_	1
108	-0.3408	_18296_	1
108	-0.3408	_18284_	3
108	-0.3408	_18283_	1
108	-0.3408	_18205_	2
108	-0.3408	_18199_	1
108	-0.3408	_18121_	4
108	-0.3408	_18120_	5
108	-0.3408	_03343_	1
108	-0.3408	_41145_	1
108	-0.3408	_41143_	1
108	-0.3408	_42052_	1
108	-0.3408	_42439_	1
108	-0.3408	_40962_	1
108	-0.3408	_40960_	1
108	-0.3408	_01768_	1
108	-0.3408	_10488_	10
108	-0.3408	_10487_	9
108	-0.3408	u3.mul_a[7]	1
109	-0.3384	_06856_	1
109	-0.3384	_18640_	1
109	-0.3384	_18639_	1
109	-0.3384	_18638_	1
109	-0.3384	_18637_	1
109	-0.3384	_18457_	5
109	-0.3384	_18456_	1
109	-0.3384	_18448_	3
109	-0.3384	_18438_	5
109	-0.3384	_04518_	1
109	-0.3384	_44628_	1
109	-0.3384	_44625_	1
109	-0.3384	_41588_	1
109	-0.3384	_41584_	1
109	-0.3384	_44051_	1
109	-0.3384	_44048_	1
109	-0.3384	_02477_	1
109	-0.3384	_10619_	10
109	-0.3384	_10489_	9
109	-0.3384	u3.mul_a[6]	1
110	-0.3354	_06976_	1
110	-0.3354	_19583_	1
110	-0.3354	_19582_	1
110	-0.3354	_19543_	3
110	-0.3354	_19541_	3
110	-0.3354	_19508_	2
110	-0.3354	_19506_	1
110	-0.3354	_19505_	2
110	-0.3354	_19504_	2
110	-0.3354	_19439_	5
110	-0.3354	_04302_	1
110	-0.3354	_40574_	1
110	-0.3354	_40562_	1
110	-0.3354	_40560_	1
110	-0.3354	_42469_	1
110	-0.3354	_42466_	1
110	-0.3354	_43549_	1
110	-0.3354	_02015_	1
110	-0.3354	_10897_	10
110	-0.3354	_10739_	9
110	-0.3354	u3.mul_a[30]	1
111	-0.3345	_06857_	1
111	-0.3345	_18644_	1
111	-0.3345	_18643_	1
111	-0.3345	_18622_	2
111	-0.3345	_18621_	1
111	-0.3345	_18508_	3
111	-0.3345	_18499_	1
111	-0.3345	_18448_	3
111	-0.3345	_18438_	5
111	-0.3345	_04518_	1
111	-0.3345	_44628_	1
111	-0.3345	_44625_	1
111	-0.3345	_41588_	1
111	-0.3345	_41584_	1
111	-0.3345	_44051_	1
111	-0.3345	_44048_	1
111	-0.3345	_02477_	1
111	-0.3345	_10619_	10
111	-0.3345	_10489_	9
111	-0.3345	u3.mul_a[6]	1
112	-0.3324	_07057_	1
112	-0.3324	_20158_	1
112	-0.3324	_20157_	2
112	-0.3324	_20156_	1
112	-0.3324	_20155_	3
112	-0.3324	_20154_	2
112	-0.3324	_20153_	2
112	-0.3324	_20152_	2
112	-0.3324	_20151_	1
112	-0.3324	_20150_	1
112	-0.3324	_20149_	2
112	-0.3324	_20148_	1
112	-0.3324	_20079_	6
112	-0.3324	_04559_	1
112	-0.3324	_44018_	1
112	-0.3324	_43923_	1
112	-0.3324	_43856_	1
112	-0.3324	_43748_	1
112	-0.3324	_40719_	1
112	-0.3324	_00481_	1
112	-0.3324	_11025_	10
112	-0.3324	_10976_	9
112	-0.3324	u3.mul_a[48]	1
113	-0.3314	_06910_	1
113	-0.3314	_19061_	1
113	-0.3314	_19060_	1
113	-0.3314	_19059_	1
113	-0.3314	_19058_	1
113	-0.3314	_19057_	2
113	-0.3314	_18991_	4
113	-0.3314	_18990_	1
113	-0.3314	_18933_	3
113	-0.3314	_04493_	4
113	-0.3314	_40157_	1
113	-0.3314	_40154_	1
113	-0.3314	_40269_	1
113	-0.3314	_40362_	1
113	-0.3314	_40866_	1
113	-0.3314	_40865_	1
113	-0.3314	_01111_	1
113	-0.3314	_10740_	10
113	-0.3314	_10739_	9
113	-0.3314	u3.mul_a[30]	1
114	-0.3302	_10115_	1
114	-0.3302	_35178_	1
114	-0.3302	_20157_	2
114	-0.3302	_20156_	1
114	-0.3302	_20155_	3
114	-0.3302	_20154_	2
114	-0.3302	_20153_	2
114	-0.3302	_20152_	2
114	-0.3302	_20151_	1
114	-0.3302	_20150_	1
114	-0.3302	_20149_	2
114	-0.3302	_20148_	1
114	-0.3302	_20079_	6
114	-0.3302	_04559_	1
114	-0.3302	_44018_	1
114	-0.3302	_43923_	1
114	-0.3302	_43856_	1
114	-0.3302	_43748_	1
114	-0.3302	_40719_	1
114	-0.3302	_00481_	1
114	-0.3302	_11025_	10
114	-0.3302	_10976_	9
114	-0.3302	u3.mul_a[48]	1
115	-0.3299	_06778_	1
115	-0.3299	_18000_	1
115	-0.3299	_17999_	1
115	-0.3299	_17988_	2
115	-0.3299	_17987_	1
115	-0.3299	_17814_	2
115	-0.3299	_17808_	2
115	-0.3299	_17807_	2
115	-0.3299	_17798_	5
115	-0.3299	_04887_	1
115	-0.3299	_43267_	1
115	-0.3299	_43264_	1
115	-0.3299	_43406_	1
115	-0.3299	_43623_	1
115	-0.3299	_43006_	1
115	-0.3299	_43003_	1
115	-0.3299	_01965_	1
115	-0.3299	_11055_	10
115	-0.3299	_10487_	9
115	-0.3299	u3.mul_a[7]	1
116	-0.3295	_07001_	1
116	-0.3295	_19762_	1
116	-0.3295	_19761_	1
116	-0.3295	_19760_	3
116	-0.3295	_19759_	2
116	-0.3295	_19758_	3
116	-0.3295	_19757_	2
116	-0.3295	_19742_	1
116	-0.3295	_19741_	1
116	-0.3295	_19692_	5
116	-0.3295	_04410_	1
116	-0.3295	_43151_	1
116	-0.3295	_43119_	1
116	-0.3295	_41280_	1
116	-0.3295	_41242_	1
116	-0.3295	_41030_	1
116	-0.3295	_00647_	1
116	-0.3295	_10987_	10
116	-0.3295	_10985_	9
116	-0.3295	u3.mul_a[51]	1
117	-0.3293	_06975_	1
117	-0.3293	_19580_	1
117	-0.3293	_19579_	1
117	-0.3293	_19567_	2
117	-0.3293	_19565_	3
117	-0.3293	_19462_	2
117	-0.3293	_19446_	1
117	-0.3293	_19445_	3
117	-0.3293	_19444_	4
117	-0.3293	_03215_	1
117	-0.3293	_40823_	1
117	-0.3293	_40615_	1
117	-0.3293	_40613_	1
117	-0.3293	_42869_	1
117	-0.3293	_42805_	1
117	-0.3293	_42736_	1
117	-0.3293	_01685_	1
117	-0.3293	_10907_	10
117	-0.3293	_10600_	9
117	-0.3293	u3.mul_b[36]	1
118	-0.3292	_06854_	1
118	-0.3292	_18632_	1
118	-0.3292	_18631_	1
118	-0.3292	_18630_	1
118	-0.3292	_18629_	1
118	-0.3292	_18457_	5
118	-0.3292	_18456_	1
118	-0.3292	_18448_	3
118	-0.3292	_18438_	5
118	-0.3292	_04518_	1
118	-0.3292	_44628_	1
118	-0.3292	_44625_	1
118	-0.3292	_41588_	1
118	-0.3292	_41584_	1
118	-0.3292	_44051_	1
118	-0.3292	_44048_	1
118	-0.3292	_02477_	1
118	-0.3292	_10619_	10
118	-0.3292	_10489_	9
118	-0.3292	u3.mul_a[6]	1
119	-0.3274	_06811_	1
119	-0.3274	_18287_	1
119	-0.3274	_18286_	1
119	-0.3274	_18285_	1
119	-0.3274	_18284_	3
119	-0.3274	_18283_	1
119	-0.3274	_18205_	2
119	-0.3274	_18198_	1
119	-0.3274	_18193_	1
119	-0.3274	_18192_	1
119	-0.3274	_18109_	6
119	-0.3274	_04177_	1
119	-0.3274	_41028_	1
119	-0.3274	_41025_	1
119	-0.3274	_42056_	1
119	-0.3274	_40596_	1
119	-0.3274	_40592_	1
119	-0.3274	_42122_	1
119	-0.3274	_02712_	1
119	-0.3274	_10484_	10
119	-0.3274	_10483_	9
119	-0.3274	u3.mul_a[9]	1
120	-0.3264	_06777_	1
120	-0.3264	_17997_	1
120	-0.3264	_17996_	1
120	-0.3264	_17995_	1
120	-0.3264	_17994_	1
120	-0.3264	_17874_	5
120	-0.3264	_17868_	1
120	-0.3264	_17807_	2
120	-0.3264	_17798_	5
120	-0.3264	_04887_	1
120	-0.3264	_43267_	1
120	-0.3264	_43264_	1
120	-0.3264	_43406_	1
120	-0.3264	_43623_	1
120	-0.3264	_43006_	1
120	-0.3264	_43003_	1
120	-0.3264	_01965_	1
120	-0.3264	_11055_	10
120	-0.3264	_10487_	9
120	-0.3264	u3.mul_a[7]	1
121	-0.3264	_06851_	1
121	-0.3264	_18609_	1
121	-0.3264	_18608_	1
121	-0.3264	_18509_	3
121	-0.3264	_18497_	1
121	-0.3264	_18434_	3
121	-0.3264	_18433_	2
121	-0.3264	_18425_	3
121	-0.3264	_18423_	4
121	-0.3264	_04853_	1
121	-0.3264	_44648_	1
121	-0.3264	_44646_	1
121	-0.3264	_42165_	1
121	-0.3264	_41740_	1
121	-0.3264	_41450_	1
121	-0.3264	_41447_	1
121	-0.3264	_01369_	1
121	-0.3264	_10687_	10
121	-0.3264	_10496_	9
121	-0.3264	u3.mul_a[3]	1
122	-0.3257	_06916_	1
122	-0.3257	_19094_	1
122	-0.3257	_19093_	1
122	-0.3257	_19092_	1
122	-0.3257	_19091_	1
122	-0.3257	_19090_	2
122	-0.3257	_19089_	2
122	-0.3257	_19088_	1
122	-0.3257	_19087_	2
122	-0.3257	_19086_	2
122	-0.3257	_18984_	2
122	-0.3257	_18982_	1
122	-0.3257	_18922_	5
122	-0.3257	_04605_	1
122	-0.3257	_40203_	1
122	-0.3257	_40200_	1
122	-0.3257	_40277_	1
122	-0.3257	_44740_	1
122	-0.3257	_40870_	1
122	-0.3257	_40868_	1
122	-0.3257	_01082_	1
122	-0.3257	_10748_	10
122	-0.3257	_10747_	9
122	-0.3257	u3.mul_a[26]	1
123	-0.3225	_06913_	1
123	-0.3225	_19075_	1
123	-0.3225	_19074_	1
123	-0.3225	_19073_	1
123	-0.3225	_19072_	1
123	-0.3225	_19071_	2
123	-0.3225	_19045_	2
123	-0.3225	_18946_	2
123	-0.3225	_18945_	2
123	-0.3225	_18944_	1
123	-0.3225	_18943_	1
123	-0.3225	_18932_	5
123	-0.3225	_04352_	1
123	-0.3225	_40152_	1
123	-0.3225	_40149_	1
123	-0.3225	_40266_	1
123	-0.3225	_40359_	1
123	-0.3225	_40829_	1
123	-0.3225	_40837_	1
123	-0.3225	_00567_	1
123	-0.3225	_10737_	10
123	-0.3225	_10736_	9
123	-0.3225	u3.mul_a[31]	1
124	-0.3213	_07002_	1
124	-0.3213	_19767_	1
124	-0.3213	_19766_	1
124	-0.3213	_19765_	1
124	-0.3213	_19721_	3
124	-0.3213	_19715_	4
124	-0.3213	_19713_	2
124	-0.3213	_19712_	2
124	-0.3213	_19698_	1
124	-0.3213	_19697_	2
124	-0.3213	_19695_	1
124	-0.3213	_03775_	4
124	-0.3213	_43156_	1
124	-0.3213	_43063_	1
124	-0.3213	_41060_	1
124	-0.3213	_40977_	1
124	-0.3213	_40974_	1
124	-0.3213	_00638_	1
124	-0.3213	_10987_	10
124	-0.3213	_10985_	9
124	-0.3213	u3.mul_a[51]	1
125	-0.3191	_06946_	1
125	-0.3191	_19333_	1
125	-0.3191	_19332_	1
125	-0.3191	_19331_	1
125	-0.3191	_19330_	1
125	-0.3191	_19329_	2
125	-0.3191	_19191_	2
125	-0.3191	_19189_	2
125	-0.3191	_19178_	1
125	-0.3191	_19175_	1
125	-0.3191	_04090_	4
125	-0.3191	_41207_	1
125	-0.3191	_41205_	1
125	-0.3191	_41256_	1
125	-0.3191	_41274_	1
125	-0.3191	_41744_	1
125	-0.3191	_42377_	1
125	-0.3191	_02820_	1
125	-0.3191	_10832_	10
125	-0.3191	_10739_	9
125	-0.3191	u3.mul_a[30]	1
126	-0.3188	_10113_	1
126	-0.3188	_35161_	1
126	-0.3188	_35158_	1
126	-0.3188	_19760_	3
126	-0.3188	_19759_	2
126	-0.3188	_19758_	3
126	-0.3188	_19757_	2
126	-0.3188	_19742_	1
126	-0.3188	_19741_	1
126	-0.3188	_19692_	5
126	-0.3188	_04410_	1
126	-0.3188	_43151_	1
126	-0.3188	_43119_	1
126	-0.3188	_41280_	1
126	-0.3188	_41242_	1
126	-0.3188	_41030_	1
126	-0.3188	_00647_	1
126	-0.3188	_10987_	10
126	-0.3188	_10985_	9
126	-0.3188	u3.mul_a[51]	1
127	-0.3176	_07065_	1
127	-0.3176	_20199_	1
127	-0.3176	_20198_	1
127	-0.3176	_20197_	1
127	-0.3176	_20196_	2
127	-0.3176	_20195_	1
127	-0.3176	_20194_	3
127	-0.3176	_20192_	1
127	-0.3176	_20191_	2
127	-0.3176	_20143_	2
127	-0.3176	_20142_	2
127	-0.3176	_20096_	2
127	-0.3176	_20084_	4
127	-0.3176	_04426_	1
127	-0.3176	_44028_	1
127	-0.3176	_43934_	1
127	-0.3176	_43874_	1
127	-0.3176	_43870_	1
127	-0.3176	_42351_	1
127	-0.3176	_01444_	1
127	-0.3176	_11022_	10
127	-0.3176	_10966_	9
127	-0.3176	u3.mul_a[45]	1
128	-0.3145	_06939_	1
128	-0.3145	_19295_	1
128	-0.3145	_19294_	1
128	-0.3145	_19293_	1
128	-0.3145	_19257_	3
128	-0.3145	_19237_	1
128	-0.3145	_19236_	1
128	-0.3145	_19235_	2
128	-0.3145	_19234_	1
128	-0.3145	_19233_	1
128	-0.3145	_19193_	4
128	-0.3145	_04371_	1
128	-0.3145	_41203_	1
128	-0.3145	_41200_	1
128	-0.3145	_41254_	1
128	-0.3145	_41272_	1
128	-0.3145	_41293_	1
128	-0.3145	_41945_	1
128	-0.3145	_01170_	1
128	-0.3145	_10871_	10
128	-0.3145	_10743_	9
128	-0.3145	u3.mul_a[28]	1
129	-0.3145	_06908_	1
129	-0.3145	_19042_	1
129	-0.3145	_19041_	1
129	-0.3145	_19032_	2
129	-0.3145	_19031_	1
129	-0.3145	_18991_	4
129	-0.3145	_18990_	1
129	-0.3145	_18933_	3
129	-0.3145	_04493_	4
129	-0.3145	_40157_	1
129	-0.3145	_40154_	1
129	-0.3145	_40269_	1
129	-0.3145	_40362_	1
129	-0.3145	_40866_	1
129	-0.3145	_40865_	1
129	-0.3145	_01111_	1
129	-0.3145	_10740_	10
129	-0.3145	_10739_	9
129	-0.3145	u3.mul_a[30]	1
130	-0.3125	_07059_	1
130	-0.3125	_20164_	1
130	-0.3125	_20163_	1
130	-0.3125	_20155_	3
130	-0.3125	_20154_	2
130	-0.3125	_20153_	2
130	-0.3125	_20152_	2
130	-0.3125	_20144_	1
130	-0.3125	_20134_	1
130	-0.3125	_20133_	4
130	-0.3125	_20080_	2
130	-0.3125	_20079_	6
130	-0.3125	_04559_	1
130	-0.3125	_44018_	1
130	-0.3125	_43923_	1
130	-0.3125	_43856_	1
130	-0.3125	_43748_	1
130	-0.3125	_41622_	1
130	-0.3125	_00964_	1
130	-0.3125	_11028_	10
130	-0.3125	_10985_	9
130	-0.3125	u3.mul_a[51]	1
131	-0.3123	_07007_	1
131	-0.3123	_19793_	1
131	-0.3123	_19792_	1
131	-0.3123	_19791_	2
131	-0.3123	_19790_	1
131	-0.3123	_19758_	3
131	-0.3123	_19757_	2
131	-0.3123	_19742_	1
131	-0.3123	_19741_	1
131	-0.3123	_19692_	5
131	-0.3123	_04410_	1
131	-0.3123	_43151_	1
131	-0.3123	_43119_	1
131	-0.3123	_41280_	1
131	-0.3123	_41242_	1
131	-0.3123	_41030_	1
131	-0.3123	_00647_	1
131	-0.3123	_10987_	10
131	-0.3123	_10985_	9
131	-0.3123	u3.mul_a[51]	1
132	-0.3110	_06980_	1
132	-0.3110	_19601_	1
132	-0.3110	_19591_	2
132	-0.3110	_19541_	3
132	-0.3110	_19508_	2
132	-0.3110	_19506_	1
132	-0.3110	_19505_	2
132	-0.3110	_19504_	2
132	-0.3110	_19439_	5
132	-0.3110	_04302_	1
132	-0.3110	_40574_	1
132	-0.3110	_40562_	1
132	-0.3110	_40560_	1
132	-0.3110	_42469_	1
132	-0.3110	_42466_	1
132	-0.3110	_43549_	1
132	-0.3110	_02015_	1
132	-0.3110	_10897_	10
132	-0.3110	_10739_	9
132	-0.3110	u3.mul_a[30]	1
133	-0.3078	_06815_	1
133	-0.3078	_18307_	1
133	-0.3078	_18306_	1
133	-0.3078	_18284_	3
133	-0.3078	_18283_	1
133	-0.3078	_18205_	2
133	-0.3078	_18198_	1
133	-0.3078	_18193_	1
133	-0.3078	_18192_	1
133	-0.3078	_18109_	6
133	-0.3078	_04177_	1
133	-0.3078	_41028_	1
133	-0.3078	_41025_	1
133	-0.3078	_42056_	1
133	-0.3078	_40596_	1
133	-0.3078	_40592_	1
133	-0.3078	_42122_	1
133	-0.3078	_02712_	1
133	-0.3078	_10484_	10
133	-0.3078	_10483_	9
133	-0.3078	u3.mul_a[9]	1
134	-0.3075	_06941_	1
134	-0.3075	_19305_	1
134	-0.3075	_19304_	1
134	-0.3075	_19303_	1
134	-0.3075	_19302_	3
134	-0.3075	_19254_	4
134	-0.3075	_19242_	1
134	-0.3075	_19241_	1
134	-0.3075	_19240_	1
134	-0.3075	_19239_	1
134	-0.3075	_04090_	4
134	-0.3075	_41207_	1
134	-0.3075	_41205_	1
134	-0.3075	_41256_	1
134	-0.3075	_41274_	1
134	-0.3075	_41744_	1
134	-0.3075	_42377_	1
134	-0.3075	_02820_	1
134	-0.3075	_10832_	10
134	-0.3075	_10739_	9
134	-0.3075	u3.mul_a[30]	1
135	-0.3063	_06818_	1
135	-0.3063	_18332_	1
135	-0.3063	_18331_	1
135	-0.3063	_18314_	2
135	-0.3063	_18313_	1
135	-0.3063	_18123_	2
135	-0.3063	_18122_	1
135	-0.3063	_18121_	4
135	-0.3063	_18120_	5
135	-0.3063	_03343_	1
135	-0.3063	_41145_	1
135	-0.3063	_41143_	1
135	-0.3063	_42052_	1
135	-0.3063	_42439_	1
135	-0.3063	_40962_	1
135	-0.3063	_40960_	1
135	-0.3063	_01768_	1
135	-0.3063	_10488_	10
135	-0.3063	_10487_	9
135	-0.3063	u3.mul_a[7]	1
136	-0.3041	_06914_	1
136	-0.3041	_19080_	1
136	-0.3041	_19079_	1
136	-0.3041	_19078_	1
136	-0.3041	_19077_	1
136	-0.3041	_18991_	4
136	-0.3041	_18945_	2
136	-0.3041	_18944_	1
136	-0.3041	_18943_	1
136	-0.3041	_18932_	5
136	-0.3041	_04352_	1
136	-0.3041	_40152_	1
136	-0.3041	_40149_	1
136	-0.3041	_40266_	1
136	-0.3041	_40359_	1
136	-0.3041	_40829_	1
136	-0.3041	_40837_	1
136	-0.3041	_00567_	1
136	-0.3041	_10737_	10
136	-0.3041	_10736_	9
136	-0.3041	u3.mul_a[31]	1
137	-0.3022	_06944_	1
137	-0.3022	_19320_	1
137	-0.3022	_19319_	1
137	-0.3022	_19206_	3
137	-0.3022	_19202_	1
137	-0.3022	_19201_	2
137	-0.3022	_19200_	1
137	-0.3022	_19199_	5
137	-0.3022	_04498_	1
137	-0.3022	_41222_	1
137	-0.3022	_41219_	1
137	-0.3022	_41108_	1
137	-0.3022	_41105_	1
137	-0.3022	_41932_	1
137	-0.3022	_44254_	1
137	-0.3022	_02414_	1
137	-0.3022	_10829_	10
137	-0.3022	_10732_	9
137	-0.3022	u3.mul_a[33]	1
138	-0.3009	_06981_	1
138	-0.3009	_19610_	1
138	-0.3009	_19609_	1
138	-0.3009	_19608_	1
138	-0.3009	_19607_	1
138	-0.3009	_19606_	2
138	-0.3009	_19605_	2
138	-0.3009	_19604_	1
138	-0.3009	_19461_	3
138	-0.3009	_19460_	1
138	-0.3009	_19448_	4
138	-0.3009	_05034_	1
138	-0.3009	_40294_	1
138	-0.3009	_40291_	1
138	-0.3009	_40517_	1
138	-0.3009	_42479_	1
138	-0.3009	_42475_	1
138	-0.3009	_43553_	1
138	-0.3009	_02021_	1
138	-0.3009	_10897_	10
138	-0.3009	_10739_	9
138	-0.3009	u3.mul_a[30]	1
139	-0.2997	_06775_	1
139	-0.2997	_17982_	1
139	-0.2997	_17981_	1
139	-0.2997	_17980_	1
139	-0.2997	_17979_	1
139	-0.2997	_17874_	5
139	-0.2997	_17868_	1
139	-0.2997	_17807_	2
139	-0.2997	_17798_	5
139	-0.2997	_04887_	1
139	-0.2997	_43267_	1
139	-0.2997	_43264_	1
139	-0.2997	_43406_	1
139	-0.2997	_43623_	1
139	-0.2997	_43006_	1
139	-0.2997	_43003_	1
139	-0.2997	_01965_	1
139	-0.2997	_11055_	10
139	-0.2997	_10487_	9
139	-0.2997	u3.mul_a[7]	1
140	-0.2988	_07068_	1
140	-0.2988	_20212_	1
140	-0.2988	_20211_	1
140	-0.2988	_20210_	1
140	-0.2988	_20209_	1
140	-0.2988	_20101_	3
140	-0.2988	_20098_	3
140	-0.2988	_20092_	2
140	-0.2988	_20085_	1
140	-0.2988	_20084_	4
140	-0.2988	_04426_	1
140	-0.2988	_44028_	1
140	-0.2988	_43934_	1
140	-0.2988	_43874_	1
140	-0.2988	_43870_	1
140	-0.2988	_42351_	1
140	-0.2988	_01444_	1
140	-0.2988	_11022_	10
140	-0.2988	_10966_	9
140	-0.2988	u3.mul_a[45]	1
141	-0.2962	_06911_	1
141	-0.2962	_19063_	1
141	-0.2962	_19050_	2
141	-0.2962	_19049_	1
141	-0.2962	_19047_	1
141	-0.2962	_19045_	2
141	-0.2962	_18946_	2
141	-0.2962	_18945_	2
141	-0.2962	_18944_	1
141	-0.2962	_18943_	1
141	-0.2962	_18932_	5
141	-0.2962	_04352_	1
141	-0.2962	_40152_	1
141	-0.2962	_40149_	1
141	-0.2962	_40266_	1
141	-0.2962	_40359_	1
141	-0.2962	_40829_	1
141	-0.2962	_40837_	1
141	-0.2962	_00567_	1
141	-0.2962	_10737_	10
141	-0.2962	_10736_	9
141	-0.2962	u3.mul_a[31]	1
142	-0.2947	_06858_	1
142	-0.2947	_18647_	1
142	-0.2947	_18646_	1
142	-0.2947	_18457_	5
142	-0.2947	_18456_	1
142	-0.2947	_18448_	3
142	-0.2947	_18438_	5
142	-0.2947	_04518_	1
142	-0.2947	_44628_	1
142	-0.2947	_44625_	1
142	-0.2947	_41588_	1
142	-0.2947	_41584_	1
142	-0.2947	_44051_	1
142	-0.2947	_44048_	1
142	-0.2947	_02477_	1
142	-0.2947	_10619_	10
142	-0.2947	_10489_	9
142	-0.2947	u3.mul_a[6]	1
143	-0.2934	_07003_	1
143	-0.2934	_19771_	1
143	-0.2934	_19770_	1
143	-0.2934	_19760_	3
143	-0.2934	_19759_	2
143	-0.2934	_19758_	3
143	-0.2934	_19757_	2
143	-0.2934	_19756_	1
143	-0.2934	_19755_	3
143	-0.2934	_19748_	1
143	-0.2934	_19747_	1
143	-0.2934	_03775_	4
143	-0.2934	_43156_	1
143	-0.2934	_43063_	1
143	-0.2934	_41060_	1
143	-0.2934	_40977_	1
143	-0.2934	_40973_	1
143	-0.2934	_02697_	1
143	-0.2934	_10978_	10
143	-0.2934	_10976_	9
143	-0.2934	u3.mul_a[48]	1
144	-0.2915	_06852_	1
144	-0.2915	_18614_	1
144	-0.2915	_18613_	1
144	-0.2915	_18612_	1
144	-0.2915	_18457_	5
144	-0.2915	_18456_	1
144	-0.2915	_18448_	3
144	-0.2915	_18438_	5
144	-0.2915	_04518_	1
144	-0.2915	_44628_	1
144	-0.2915	_44625_	1
144	-0.2915	_41588_	1
144	-0.2915	_41584_	1
144	-0.2915	_44051_	1
144	-0.2915	_44048_	1
144	-0.2915	_02477_	1
144	-0.2915	_10619_	10
144	-0.2915	_10489_	9
144	-0.2915	u3.mul_a[6]	1
145	-0.2914	_06915_	1
145	-0.2914	_19083_	1
145	-0.2914	_19082_	1
145	-0.2914	_19071_	2
145	-0.2914	_19045_	2
145	-0.2914	_18946_	2
145	-0.2914	_18945_	2
145	-0.2914	_18944_	1
145	-0.2914	_18943_	1
145	-0.2914	_18932_	5
145	-0.2914	_04352_	1
145	-0.2914	_40152_	1
145	-0.2914	_40149_	1
145	-0.2914	_40266_	1
145	-0.2914	_40359_	1
145	-0.2914	_40829_	1
145	-0.2914	_40837_	1
145	-0.2914	_00567_	1
145	-0.2914	_10737_	10
145	-0.2914	_10736_	9
145	-0.2914	u3.mul_a[31]	1
146	-0.2894	_06979_	1
146	-0.2894	_19598_	1
146	-0.2894	_19597_	1
146	-0.2894	_19565_	3
146	-0.2894	_19462_	2
146	-0.2894	_19446_	1
146	-0.2894	_19445_	3
146	-0.2894	_19444_	4
146	-0.2894	_03215_	1
146	-0.2894	_40823_	1
146	-0.2894	_40615_	1
146	-0.2894	_40613_	1
146	-0.2894	_42869_	1
146	-0.2894	_42805_	1
146	-0.2894	_42736_	1
146	-0.2894	_01685_	1
146	-0.2894	_10907_	10
146	-0.2894	_10600_	9
146	-0.2894	u3.mul_b[36]	1
147	-0.2882	_06983_	1
147	-0.2882	_19621_	1
147	-0.2882	_19620_	1
147	-0.2882	_19619_	1
147	-0.2882	_19606_	2
147	-0.2882	_19605_	2
147	-0.2882	_19604_	1
147	-0.2882	_19461_	3
147	-0.2882	_19449_	2
147	-0.2882	_19448_	4
147	-0.2882	_05034_	1
147	-0.2882	_40294_	1
147	-0.2882	_40291_	1
147	-0.2882	_40517_	1
147	-0.2882	_42479_	1
147	-0.2882	_42475_	1
147	-0.2882	_43553_	1
147	-0.2882	_02021_	1
147	-0.2882	_10897_	10
147	-0.2882	_10739_	9
147	-0.2882	u3.mul_a[30]	1
148	-0.2877	_06945_	1
148	-0.2877	_19324_	1
148	-0.2877	_19323_	1
148	-0.2877	_19302_	3
148	-0.2877	_19301_	1
148	-0.2877	_19197_	3
148	-0.2877	_19196_	2
148	-0.2877	_19195_	4
148	-0.2877	_04459_	1
148	-0.2877	_40186_	1
148	-0.2877	_40183_	1
148	-0.2877	_41534_	1
148	-0.2877	_41533_	1
148	-0.2877	_41963_	1
148	-0.2877	_41326_	1
148	-0.2877	_00803_	1
148	-0.2877	_10873_	10
148	-0.2877	_10747_	9
148	-0.2877	u3.mul_a[26]	1
149	-0.2868	_06912_	1
149	-0.2868	_19066_	1
149	-0.2868	_19065_	1
149	-0.2868	_19057_	2
149	-0.2868	_18991_	4
149	-0.2868	_18990_	1
149	-0.2868	_18933_	3
149	-0.2868	_04493_	4
149	-0.2868	_40157_	1
149	-0.2868	_40154_	1
149	-0.2868	_40269_	1
149	-0.2868	_40362_	1
149	-0.2868	_40866_	1
149	-0.2868	_40865_	1
149	-0.2868	_01111_	1
149	-0.2868	_10740_	10
149	-0.2868	_10739_	9
149	-0.2868	u3.mul_a[30]	1
150	-0.2862	_06947_	1
150	-0.2862	_19339_	1
150	-0.2862	_19338_	1
150	-0.2862	_19337_	1
150	-0.2862	_19336_	1
150	-0.2862	_19254_	4
150	-0.2862	_19242_	1
150	-0.2862	_19241_	1
150	-0.2862	_19240_	1
150	-0.2862	_19239_	1
150	-0.2862	_04090_	4
150	-0.2862	_41207_	1
150	-0.2862	_41205_	1
150	-0.2862	_41256_	1
150	-0.2862	_41274_	1
150	-0.2862	_41744_	1
150	-0.2862	_42377_	1
150	-0.2862	_02820_	1
150	-0.2862	_10832_	10
150	-0.2862	_10739_	9
150	-0.2862	u3.mul_a[30]	1
151	-0.2780	_06859_	1
151	-0.2780	_18651_	1
151	-0.2780	_18650_	1
151	-0.2780	_18508_	3
151	-0.2780	_18499_	1
151	-0.2780	_18448_	3
151	-0.2780	_18438_	5
151	-0.2780	_04518_	1
151	-0.2780	_44628_	1
151	-0.2780	_44625_	1
151	-0.2780	_41588_	1
151	-0.2780	_41584_	1
151	-0.2780	_44051_	1
151	-0.2780	_44048_	1
151	-0.2780	_02477_	1
151	-0.2780	_10619_	10
151	-0.2780	_10489_	9
151	-0.2780	u3.mul_a[6]	1
152	-0.2759	_06918_	1
152	-0.2759	_19107_	1
152	-0.2759	_19106_	1
152	-0.2759	_19089_	2
152	-0.2759	_19088_	1
152	-0.2759	_19087_	2
152	-0.2759	_19086_	2
152	-0.2759	_18984_	2
152	-0.2759	_18982_	1
152	-0.2759	_18922_	5
152	-0.2759	_04605_	1
152	-0.2759	_40203_	1
152	-0.2759	_40200_	1
152	-0.2759	_40277_	1
152	-0.2759	_44740_	1
152	-0.2759	_40870_	1
152	-0.2759	_40868_	1
152	-0.2759	_01082_	1
152	-0.2759	_10748_	10
152	-0.2759	_10747_	9
152	-0.2759	u3.mul_a[26]	1
153	-0.2757	_06982_	1
153	-0.2757	_19617_	1
153	-0.2757	_19616_	1
153	-0.2757	_19615_	1
153	-0.2757	_19614_	1
153	-0.2757	_19613_	1
153	-0.2757	_19495_	5
153	-0.2757	_19494_	1
153	-0.2757	_19448_	4
153	-0.2757	_05034_	1
153	-0.2757	_40294_	1
153	-0.2757	_40291_	1
153	-0.2757	_40517_	1
153	-0.2757	_42479_	1
153	-0.2757	_42475_	1
153	-0.2757	_43553_	1
153	-0.2757	_02021_	1
153	-0.2757	_10897_	10
153	-0.2757	_10739_	9
153	-0.2757	u3.mul_a[30]	1
154	-0.2713	_06948_	1
154	-0.2713	_19342_	1
154	-0.2713	_19341_	1
154	-0.2713	_19329_	2
154	-0.2713	_19191_	2
154	-0.2713	_19189_	2
154	-0.2713	_19178_	1
154	-0.2713	_19175_	1
154	-0.2713	_04090_	4
154	-0.2713	_41207_	1
154	-0.2713	_41205_	1
154	-0.2713	_41256_	1
154	-0.2713	_41274_	1
154	-0.2713	_41744_	1
154	-0.2713	_42377_	1
154	-0.2713	_02820_	1
154	-0.2713	_10832_	10
154	-0.2713	_10739_	9
154	-0.2713	u3.mul_a[30]	1
155	-0.2690	_06779_	1
155	-0.2690	_18004_	1
155	-0.2690	_18003_	1
155	-0.2690	_17874_	5
155	-0.2690	_17868_	1
155	-0.2690	_17807_	2
155	-0.2690	_17798_	5
155	-0.2690	_04887_	1
155	-0.2690	_43267_	1
155	-0.2690	_43264_	1
155	-0.2690	_43406_	1
155	-0.2690	_43623_	1
155	-0.2690	_43006_	1
155	-0.2690	_43003_	1
155	-0.2690	_01965_	1
155	-0.2690	_11055_	10
155	-0.2690	_10487_	9
155	-0.2690	u3.mul_a[7]	1
156	-0.2657	_06950_	1
156	-0.2657	_19349_	1
156	-0.2657	_19348_	1
156	-0.2657	_19347_	1
156	-0.2657	_19189_	2
156	-0.2657	_19178_	1
156	-0.2657	_19175_	1
156	-0.2657	_04090_	4
156	-0.2657	_41207_	1
156	-0.2657	_41205_	1
156	-0.2657	_41256_	1
156	-0.2657	_41274_	1
156	-0.2657	_41744_	1
156	-0.2657	_42377_	1
156	-0.2657	_02820_	1
156	-0.2657	_10832_	10
156	-0.2657	_10739_	9
156	-0.2657	u3.mul_a[30]	1
157	-0.2645	_06817_	1
157	-0.2645	_18329_	1
157	-0.2645	_18328_	1
157	-0.2645	_18327_	1
157	-0.2645	_18326_	1
157	-0.2645	_18324_	2
157	-0.2645	_18197_	2
157	-0.2645	_18195_	1
157	-0.2645	_18120_	5
157	-0.2645	_03343_	1
157	-0.2645	_41145_	1
157	-0.2645	_41143_	1
157	-0.2645	_42052_	1
157	-0.2645	_42439_	1
157	-0.2645	_40962_	1
157	-0.2645	_40960_	1
157	-0.2645	_01768_	1
157	-0.2645	_10488_	10
157	-0.2645	_10487_	9
157	-0.2645	u3.mul_a[7]	1
158	-0.2616	_07005_	1
158	-0.2616	_19781_	1
158	-0.2616	_19780_	1
158	-0.2616	_19779_	1
158	-0.2616	_19759_	2
158	-0.2616	_19758_	3
158	-0.2616	_19757_	2
158	-0.2616	_19742_	1
158	-0.2616	_19741_	1
158	-0.2616	_19692_	5
158	-0.2616	_04410_	1
158	-0.2616	_43151_	1
158	-0.2616	_43119_	1
158	-0.2616	_41280_	1
158	-0.2616	_41242_	1
158	-0.2616	_41030_	1
158	-0.2616	_00647_	1
158	-0.2616	_10987_	10
158	-0.2616	_10985_	9
158	-0.2616	u3.mul_a[51]	1
159	-0.2608	_07070_	1
159	-0.2608	_20223_	1
159	-0.2608	_20101_	3
159	-0.2608	_20098_	3
159	-0.2608	_20092_	2
159	-0.2608	_20085_	1
159	-0.2608	_20084_	4
159	-0.2608	_04426_	1
159	-0.2608	_44028_	1
159	-0.2608	_43934_	1
159	-0.2608	_43874_	1
159	-0.2608	_43870_	1
159	-0.2608	_42351_	1
159	-0.2608	_01444_	1
159	-0.2608	_11022_	10
159	-0.2608	_10966_	9
159	-0.2608	u3.mul_a[45]	1
160	-0.2607	_07035_	1
160	-0.2607	_19986_	1
160	-0.2607	_19985_	1
160	-0.2607	_19984_	1
160	-0.2607	_19983_	1
160	-0.2607	_19982_	3
160	-0.2607	_19948_	3
160	-0.2607	_19947_	3
160	-0.2607	_19939_	1
160	-0.2607	_19910_	5
160	-0.2607	_03729_	1
160	-0.2607	_44292_	1
160	-0.2607	_44289_	1
160	-0.2607	_44434_	1
160	-0.2607	_44344_	1
160	-0.2607	_41467_	1
160	-0.2607	_00891_	1
160	-0.2607	_11013_	10
160	-0.2607	_10985_	9
160	-0.2607	u3.mul_a[51]	1
161	-0.2606	_07067_	1
161	-0.2606	_20207_	1
161	-0.2606	_20206_	1
161	-0.2606	_20196_	2
161	-0.2606	_20195_	1
161	-0.2606	_20194_	3
161	-0.2606	_20192_	1
161	-0.2606	_20191_	2
161	-0.2606	_20141_	2
161	-0.2606	_20136_	1
161	-0.2606	_20095_	3
161	-0.2606	_04425_	2
161	-0.2606	_44028_	1
161	-0.2606	_43934_	1
161	-0.2606	_43874_	1
161	-0.2606	_43870_	1
161	-0.2606	_42351_	1
161	-0.2606	_01444_	1
161	-0.2606	_11022_	10
161	-0.2606	_10966_	9
161	-0.2606	u3.mul_a[45]	1
162	-0.2573	_07009_	1
162	-0.2573	_19801_	1
162	-0.2573	_19800_	1
162	-0.2573	_19791_	2
162	-0.2573	_19790_	1
162	-0.2573	_19758_	3
162	-0.2573	_19757_	2
162	-0.2573	_19756_	1
162	-0.2573	_19755_	3
162	-0.2573	_19748_	1
162	-0.2573	_19747_	1
162	-0.2573	_03775_	4
162	-0.2573	_43156_	1
162	-0.2573	_43063_	1
162	-0.2573	_41060_	1
162	-0.2573	_40977_	1
162	-0.2573	_40973_	1
162	-0.2573	_02697_	1
162	-0.2573	_10978_	10
162	-0.2573	_10976_	9
162	-0.2573	u3.mul_a[48]	1
163	-0.2556	_07037_	1
163	-0.2556	_19992_	1
163	-0.2556	_19991_	1
163	-0.2556	_19990_	1
163	-0.2556	_19982_	3
163	-0.2556	_19948_	3
163	-0.2556	_19947_	3
163	-0.2556	_19939_	1
163	-0.2556	_19910_	5
163	-0.2556	_03729_	1
163	-0.2556	_44292_	1
163	-0.2556	_44289_	1
163	-0.2556	_44434_	1
163	-0.2556	_44344_	1
163	-0.2556	_41467_	1
163	-0.2556	_00891_	1
163	-0.2556	_11013_	10
163	-0.2556	_10985_	9
163	-0.2556	u3.mul_a[51]	1
164	-0.2537	_07000_	1
164	-0.2537	_19730_	1
164	-0.2537	_19729_	1
164	-0.2537	_19722_	1
164	-0.2537	_19721_	3
164	-0.2537	_19715_	4
164	-0.2537	_19713_	2
164	-0.2537	_19712_	2
164	-0.2537	_19698_	1
164	-0.2537	_19697_	2
164	-0.2537	_19695_	1
164	-0.2537	_03775_	4
164	-0.2537	_43156_	1
164	-0.2537	_43063_	1
164	-0.2537	_41060_	1
164	-0.2537	_40977_	1
164	-0.2537	_40973_	1
164	-0.2537	_02697_	1
164	-0.2537	_10978_	10
164	-0.2537	_10976_	9
164	-0.2537	u3.mul_a[48]	1
165	-0.2534	_06984_	1
165	-0.2534	_19626_	1
165	-0.2534	_19625_	1
165	-0.2534	_19624_	1
165	-0.2534	_19623_	1
165	-0.2534	_19495_	5
165	-0.2534	_19494_	1
165	-0.2534	_19448_	4
165	-0.2534	_05034_	1
165	-0.2534	_40294_	1
165	-0.2534	_40291_	1
165	-0.2534	_40517_	1
165	-0.2534	_42479_	1
165	-0.2534	_42475_	1
165	-0.2534	_43553_	1
165	-0.2534	_02021_	1
165	-0.2534	_10897_	10
165	-0.2534	_10739_	9
165	-0.2534	u3.mul_a[30]	1
166	-0.2519	_07033_	1
166	-0.2519	_19969_	1
166	-0.2519	_19968_	1
166	-0.2519	_19949_	2
166	-0.2519	_19931_	1
166	-0.2519	_19885_	3
166	-0.2519	_19884_	1
166	-0.2519	_19883_	2
166	-0.2519	_19881_	1
166	-0.2519	_19880_	5
166	-0.2519	_03124_	1
166	-0.2519	_44558_	1
166	-0.2519	_44507_	1
166	-0.2519	_44419_	1
166	-0.2519	_44327_	1
166	-0.2519	_44304_	1
166	-0.2519	_02450_	1
166	-0.2519	_11012_	10
166	-0.2519	_10985_	9
166	-0.2519	u3.mul_a[51]	1
167	-0.2512	_07030_	1
167	-0.2512	_19961_	1
167	-0.2512	_19960_	1
167	-0.2512	_19959_	1
167	-0.2512	_19922_	3
167	-0.2512	_19921_	2
167	-0.2512	_19917_	2
167	-0.2512	_19908_	2
167	-0.2512	_19907_	3
167	-0.2512	_19906_	1
167	-0.2512	_19905_	1
167	-0.2512	_19904_	1
167	-0.2512	_19902_	4
167	-0.2512	_04889_	1
167	-0.2512	_44527_	1
167	-0.2512	_44487_	1
167	-0.2512	_41496_	1
167	-0.2512	_41494_	1
167	-0.2512	_44202_	1
167	-0.2512	_02325_	1
167	-0.2512	_11001_	10
167	-0.2512	_10966_	9
167	-0.2512	u3.mul_a[45]	1
168	-0.2433	_07028_	1
168	-0.2433	_19926_	1
168	-0.2433	_19924_	1
168	-0.2433	_19923_	2
168	-0.2433	_19922_	3
168	-0.2433	_19921_	2
168	-0.2433	_19917_	2
168	-0.2433	_19908_	2
168	-0.2433	_19907_	3
168	-0.2433	_19906_	1
168	-0.2433	_19905_	1
168	-0.2433	_19904_	1
168	-0.2433	_19902_	4
168	-0.2433	_04889_	1
168	-0.2433	_44527_	1
168	-0.2433	_44487_	1
168	-0.2433	_41496_	1
168	-0.2433	_41494_	1
168	-0.2433	_44202_	1
168	-0.2433	_02325_	1
168	-0.2433	_11001_	10
168	-0.2433	_10966_	9
168	-0.2433	u3.mul_a[45]	1
169	-0.2423	_07039_	1
169	-0.2423	_20003_	1
169	-0.2423	_20002_	1
169	-0.2423	_20001_	1
169	-0.2423	_19982_	3
169	-0.2423	_19948_	3
169	-0.2423	_19947_	3
169	-0.2423	_19939_	1
169	-0.2423	_19910_	5
169	-0.2423	_03729_	1
169	-0.2423	_44292_	1
169	-0.2423	_44289_	1
169	-0.2423	_44434_	1
169	-0.2423	_44344_	1
169	-0.2423	_41467_	1
169	-0.2423	_00891_	1
169	-0.2423	_11013_	10
169	-0.2423	_10985_	9
169	-0.2423	u3.mul_a[51]	1
170	-0.2387	_06949_	1
170	-0.2387	_19345_	1
170	-0.2387	_19344_	1
170	-0.2387	_19254_	4
170	-0.2387	_19242_	1
170	-0.2387	_19241_	1
170	-0.2387	_19240_	1
170	-0.2387	_19239_	1
170	-0.2387	_04090_	4
170	-0.2387	_41207_	1
170	-0.2387	_41205_	1
170	-0.2387	_41256_	1
170	-0.2387	_41274_	1
170	-0.2387	_41744_	1
170	-0.2387	_42377_	1
170	-0.2387	_02820_	1
170	-0.2387	_10832_	10
170	-0.2387	_10739_	9
170	-0.2387	u3.mul_a[30]	1
171	-0.2378	_07061_	1
171	-0.2378	_20172_	1
171	-0.2378	_20171_	1
171	-0.2378	_20154_	2
171	-0.2378	_20153_	2
171	-0.2378	_20152_	2
171	-0.2378	_20144_	1
171	-0.2378	_20134_	1
171	-0.2378	_20133_	4
171	-0.2378	_20080_	2
171	-0.2378	_20079_	6
171	-0.2378	_04559_	1
171	-0.2378	_44018_	1
171	-0.2378	_43923_	1
171	-0.2378	_43856_	1
171	-0.2378	_43748_	1
171	-0.2378	_41622_	1
171	-0.2378	_00964_	1
171	-0.2378	_11028_	10
171	-0.2378	_10985_	9
171	-0.2378	u3.mul_a[51]	1
172	-0.2359	_06985_	1
172	-0.2359	_19629_	1
172	-0.2359	_19605_	2
172	-0.2359	_19604_	1
172	-0.2359	_19461_	3
172	-0.2359	_19449_	2
172	-0.2359	_19448_	4
172	-0.2359	_05034_	1
172	-0.2359	_40294_	1
172	-0.2359	_40291_	1
172	-0.2359	_40517_	1
172	-0.2359	_42479_	1
172	-0.2359	_42475_	1
172	-0.2359	_43553_	1
172	-0.2359	_02021_	1
172	-0.2359	_10897_	10
172	-0.2359	_10739_	9
172	-0.2359	u3.mul_a[30]	1
173	-0.2317	_07006_	1
173	-0.2317	_19787_	1
173	-0.2317	_19786_	1
173	-0.2317	_19785_	1
173	-0.2317	_19784_	1
173	-0.2317	_19715_	4
173	-0.2317	_19713_	2
173	-0.2317	_19712_	2
173	-0.2317	_19698_	1
173	-0.2317	_19697_	2
173	-0.2317	_19695_	1
173	-0.2317	_03775_	4
173	-0.2317	_43156_	1
173	-0.2317	_43063_	1
173	-0.2317	_41060_	1
173	-0.2317	_40977_	1
173	-0.2317	_40974_	1
173	-0.2317	_00638_	1
173	-0.2317	_10987_	10
173	-0.2317	_10985_	9
173	-0.2317	u3.mul_a[51]	1
174	-0.2296	_07063_	1
174	-0.2296	_20183_	1
174	-0.2296	_20182_	1
174	-0.2296	_20181_	1
174	-0.2296	_20152_	2
174	-0.2296	_20151_	1
174	-0.2296	_20150_	1
174	-0.2296	_20149_	2
174	-0.2296	_20148_	1
174	-0.2296	_20079_	6
174	-0.2296	_04559_	1
174	-0.2296	_44018_	1
174	-0.2296	_43923_	1
174	-0.2296	_43856_	1
174	-0.2296	_43748_	1
174	-0.2296	_40719_	1
174	-0.2296	_00481_	1
174	-0.2296	_11025_	10
174	-0.2296	_10976_	9
174	-0.2296	u3.mul_a[48]	1
175	-0.2244	_07069_	1
175	-0.2244	_20218_	1
175	-0.2244	_20217_	1
175	-0.2244	_20215_	1
175	-0.2244	_20194_	3
175	-0.2244	_20192_	1
175	-0.2244	_20191_	2
175	-0.2244	_20143_	2
175	-0.2244	_20142_	2
175	-0.2244	_20096_	2
175	-0.2244	_20084_	4
175	-0.2244	_04426_	1
175	-0.2244	_44028_	1
175	-0.2244	_43934_	1
175	-0.2244	_43874_	1
175	-0.2244	_43870_	1
175	-0.2244	_42351_	1
175	-0.2244	_01444_	1
175	-0.2244	_11022_	10
175	-0.2244	_10966_	9
175	-0.2244	u3.mul_a[45]	1
176	-0.2166	_06819_	1
176	-0.2166	_18335_	1
176	-0.2166	_18334_	1
176	-0.2166	_18324_	2
176	-0.2166	_18197_	2
176	-0.2166	_18195_	1
176	-0.2166	_18120_	5
176	-0.2166	_03343_	1
176	-0.2166	_41145_	1
176	-0.2166	_41143_	1
176	-0.2166	_42052_	1
176	-0.2166	_42439_	1
176	-0.2166	_40962_	1
176	-0.2166	_40960_	1
176	-0.2166	_01768_	1
176	-0.2166	_10488_	10
176	-0.2166	_10487_	9
176	-0.2166	u3.mul_a[7]	1
177	-0.2163	_06920_	1
177	-0.2163	_19114_	1
177	-0.2163	_19087_	2
177	-0.2163	_19086_	2
177	-0.2163	_18984_	2
177	-0.2163	_18982_	1
177	-0.2163	_18922_	5
177	-0.2163	_04605_	1
177	-0.2163	_40203_	1
177	-0.2163	_40200_	1
177	-0.2163	_40277_	1
177	-0.2163	_44740_	1
177	-0.2163	_40870_	1
177	-0.2163	_40868_	1
177	-0.2163	_01082_	1
177	-0.2163	_10748_	10
177	-0.2163	_10747_	9
177	-0.2163	u3.mul_a[26]	1
178	-0.2162	_07004_	1
178	-0.2162	_19773_	1
178	-0.2162	_19721_	3
178	-0.2162	_19715_	4
178	-0.2162	_19713_	2
178	-0.2162	_19712_	2
178	-0.2162	_19698_	1
178	-0.2162	_19697_	2
178	-0.2162	_19695_	1
178	-0.2162	_03775_	4
178	-0.2162	_43156_	1
178	-0.2162	_43063_	1
178	-0.2162	_41060_	1
178	-0.2162	_40977_	1
178	-0.2162	_40974_	1
178	-0.2162	_00638_	1
178	-0.2162	_10987_	10
178	-0.2162	_10985_	9
178	-0.2162	u3.mul_a[51]	1
179	-0.2103	_06986_	1
179	-0.2103	_19634_	1
179	-0.2103	_19633_	1
179	-0.2103	_19495_	5
179	-0.2103	_19494_	1
179	-0.2103	_19448_	4
179	-0.2103	_05034_	1
179	-0.2103	_40294_	1
179	-0.2103	_40291_	1
179	-0.2103	_40517_	1
179	-0.2103	_42479_	1
179	-0.2103	_42475_	1
179	-0.2103	_43553_	1
179	-0.2103	_02021_	1
179	-0.2103	_10897_	10
179	-0.2103	_10739_	9
179	-0.2103	u3.mul_a[30]	1
180	-0.2093	_07038_	1
180	-0.2093	_19999_	1
180	-0.2093	_19998_	1
180	-0.2093	_19997_	1
180	-0.2093	_19996_	2
180	-0.2093	_19995_	3
180	-0.2093	_19908_	2
180	-0.2093	_19907_	3
180	-0.2093	_19906_	1
180	-0.2093	_19905_	1
180	-0.2093	_19904_	1
180	-0.2093	_19902_	4
180	-0.2093	_04889_	1
180	-0.2093	_44527_	1
180	-0.2093	_44487_	1
180	-0.2093	_41496_	1
180	-0.2093	_41494_	1
180	-0.2093	_44202_	1
180	-0.2093	_02325_	1
180	-0.2093	_11001_	10
180	-0.2093	_10966_	9
180	-0.2093	u3.mul_a[45]	1
181	-0.2077	_06861_	1
181	-0.2077	_18666_	1
181	-0.2077	_18665_	1
181	-0.2077	_18664_	1
181	-0.2077	_18663_	1
181	-0.2077	_18503_	3
181	-0.2077	_18455_	2
181	-0.2077	_18445_	5
181	-0.2077	_04469_	1
181	-0.2077	_44612_	1
181	-0.2077	_44609_	1
181	-0.2077	_44474_	1
181	-0.2077	_44470_	1
181	-0.2077	_44861_	1
181	-0.2077	_43320_	1
181	-0.2077	_01812_	1
181	-0.2077	_10624_	10
181	-0.2077	_10498_	9
181	-0.2077	u3.mul_a[2]	1
182	-0.2050	_07071_	1
182	-0.2050	_20226_	1
182	-0.2050	_20225_	1
182	-0.2050	_20194_	3
182	-0.2050	_20192_	1
182	-0.2050	_20191_	2
182	-0.2050	_20143_	2
182	-0.2050	_20142_	2
182	-0.2050	_20096_	2
182	-0.2050	_20084_	4
182	-0.2050	_04426_	1
182	-0.2050	_44028_	1
182	-0.2050	_43934_	1
182	-0.2050	_43874_	1
182	-0.2050	_43870_	1
182	-0.2050	_42351_	1
182	-0.2050	_01444_	1
182	-0.2050	_11022_	10
182	-0.2050	_10966_	9
182	-0.2050	u3.mul_a[45]	1
183	-0.2034	_07008_	1
183	-0.2034	_19797_	1
183	-0.2034	_19796_	1
183	-0.2034	_19795_	1
183	-0.2034	_19715_	4
183	-0.2034	_19713_	2
183	-0.2034	_19712_	2
183	-0.2034	_19698_	1
183	-0.2034	_19697_	2
183	-0.2034	_19695_	1
183	-0.2034	_03775_	4
183	-0.2034	_43156_	1
183	-0.2034	_43063_	1
183	-0.2034	_41060_	1
183	-0.2034	_40977_	1
183	-0.2034	_40974_	1
183	-0.2034	_00638_	1
183	-0.2034	_10987_	10
183	-0.2034	_10985_	9
183	-0.2034	u3.mul_a[51]	1
184	-0.2031	_07032_	1
184	-0.2031	_19966_	1
184	-0.2031	_19922_	3
184	-0.2031	_19921_	2
184	-0.2031	_19917_	2
184	-0.2031	_19908_	2
184	-0.2031	_19907_	3
184	-0.2031	_19906_	1
184	-0.2031	_19905_	1
184	-0.2031	_19904_	1
184	-0.2031	_19902_	4
184	-0.2031	_04889_	1
184	-0.2031	_44527_	1
184	-0.2031	_44487_	1
184	-0.2031	_41496_	1
184	-0.2031	_41494_	1
184	-0.2031	_44202_	1
184	-0.2031	_02325_	1
184	-0.2031	_11001_	10
184	-0.2031	_10966_	9
184	-0.2031	u3.mul_a[45]	1
185	-0.2006	_07034_	1
185	-0.2006	_19978_	1
185	-0.2006	_19977_	1
185	-0.2006	_19976_	1
185	-0.2006	_19975_	2
185	-0.2006	_19921_	2
185	-0.2006	_19917_	2
185	-0.2006	_19908_	2
185	-0.2006	_19907_	3
185	-0.2006	_19906_	1
185	-0.2006	_19905_	1
185	-0.2006	_19904_	1
185	-0.2006	_19902_	4
185	-0.2006	_04889_	1
185	-0.2006	_44527_	1
185	-0.2006	_44487_	1
185	-0.2006	_41496_	1
185	-0.2006	_41494_	1
185	-0.2006	_44202_	1
185	-0.2006	_02325_	1
185	-0.2006	_11001_	10
185	-0.2006	_10966_	9
185	-0.2006	u3.mul_a[45]	1
186	-0.1952	_07072_	1
186	-0.1952	_20229_	1
186	-0.1952	_20228_	1
186	-0.1952	_20098_	3
186	-0.1952	_20092_	2
186	-0.1952	_20085_	1
186	-0.1952	_20084_	4
186	-0.1952	_04426_	1
186	-0.1952	_44028_	1
186	-0.1952	_43934_	1
186	-0.1952	_43874_	1
186	-0.1952	_43870_	1
186	-0.1952	_42351_	1
186	-0.1952	_01444_	1
186	-0.1952	_11022_	10
186	-0.1952	_10966_	9
186	-0.1952	u3.mul_a[45]	1
187	-0.1947	_07011_	1
187	-0.1947	_19807_	1
187	-0.1947	_19806_	1
187	-0.1947	_19758_	3
187	-0.1947	_19757_	2
187	-0.1947	_19756_	1
187	-0.1947	_19755_	3
187	-0.1947	_19748_	1
187	-0.1947	_19747_	1
187	-0.1947	_03775_	4
187	-0.1947	_43156_	1
187	-0.1947	_43063_	1
187	-0.1947	_41060_	1
187	-0.1947	_40977_	1
187	-0.1947	_40973_	1
187	-0.1947	_02697_	1
187	-0.1947	_10978_	10
187	-0.1947	_10976_	9
187	-0.1947	u3.mul_a[48]	1
188	-0.1880	_07036_	1
188	-0.1880	_19988_	1
188	-0.1880	_19975_	2
188	-0.1880	_19921_	2
188	-0.1880	_19917_	2
188	-0.1880	_19908_	2
188	-0.1880	_19907_	3
188	-0.1880	_19906_	1
188	-0.1880	_19905_	1
188	-0.1880	_19904_	1
188	-0.1880	_19902_	4
188	-0.1880	_04889_	1
188	-0.1880	_44527_	1
188	-0.1880	_44487_	1
188	-0.1880	_41496_	1
188	-0.1880	_41494_	1
188	-0.1880	_44202_	1
188	-0.1880	_02325_	1
188	-0.1880	_11001_	10
188	-0.1880	_10966_	9
188	-0.1880	u3.mul_a[45]	1
189	-0.1860	_06780_	1
189	-0.1860	_18014_	1
189	-0.1860	_18013_	1
189	-0.1860	_18012_	1
189	-0.1860	_18011_	1
189	-0.1860	_18010_	2
189	-0.1860	_18009_	1
189	-0.1860	_18008_	2
189	-0.1860	_18006_	2
189	-0.1860	_04495_	4
189	-0.1860	_43287_	1
189	-0.1860	_43284_	1
189	-0.1860	_43418_	1
189	-0.1860	_44396_	1
189	-0.1860	_43051_	1
189	-0.1860	_43048_	1
189	-0.1860	_01982_	1
189	-0.1860	_11060_	10
189	-0.1860	_10498_	9
189	-0.1860	u3.mul_a[2]	1
190	-0.1818	_06951_	1
190	-0.1818	_19355_	1
190	-0.1818	_19354_	1
190	-0.1818	_19353_	1
190	-0.1818	_19351_	1
190	-0.1818	_19253_	3
190	-0.1818	_19252_	1
190	-0.1818	_19251_	1
190	-0.1818	_19250_	1
190	-0.1818	_03633_	3
190	-0.1818	_40672_	1
190	-0.1818	_40311_	1
190	-0.1818	_40307_	1
190	-0.1818	_41967_	1
190	-0.1818	_44464_	1
190	-0.1818	_44461_	1
190	-0.1818	_02574_	1
190	-0.1818	_10836_	10
190	-0.1818	_10747_	9
190	-0.1818	u3.mul_a[26]	1
191	-0.1768	_06917_	1
191	-0.1768	_19103_	1
191	-0.1768	_19102_	1
191	-0.1768	_19101_	1
191	-0.1768	_19100_	1
191	-0.1768	_19098_	2
191	-0.1768	_18924_	3
191	-0.1768	_18913_	1
191	-0.1768	_18909_	5
191	-0.1768	_04138_	1
191	-0.1768	_40162_	1
191	-0.1768	_40159_	1
191	-0.1768	_40272_	1
191	-0.1768	_42266_	1
191	-0.1768	_42264_	1
191	-0.1768	_40733_	1
191	-0.1768	_00501_	1
191	-0.1768	_10742_	10
191	-0.1768	_10741_	9
191	-0.1768	u3.mul_a[29]	1
192	-0.1764	_06952_	1
192	-0.1764	_19361_	1
192	-0.1764	_19360_	1
192	-0.1764	_19359_	1
192	-0.1764	_19357_	1
192	-0.1764	_19185_	3
192	-0.1764	_19182_	1
192	-0.1764	_03633_	3
192	-0.1764	_40672_	1
192	-0.1764	_40311_	1
192	-0.1764	_40307_	1
192	-0.1764	_41967_	1
192	-0.1764	_44464_	1
192	-0.1764	_44461_	1
192	-0.1764	_02574_	1
192	-0.1764	_10836_	10
192	-0.1764	_10747_	9
192	-0.1764	u3.mul_a[26]	1
193	-0.1694	_06821_	1
193	-0.1694	_18351_	1
193	-0.1694	_18350_	1
193	-0.1694	_18349_	1
193	-0.1694	_18348_	1
193	-0.1694	_18323_	2
193	-0.1694	_18322_	1
193	-0.1694	_18117_	6
193	-0.1694	_03734_	1
193	-0.1694	_41180_	1
193	-0.1694	_40644_	1
193	-0.1694	_40640_	1
193	-0.1694	_42845_	1
193	-0.1694	_41052_	1
193	-0.1694	_41049_	1
193	-0.1694	_01254_	1
193	-0.1694	_10499_	10
193	-0.1694	_10498_	9
193	-0.1694	u3.mul_a[2]	1
194	-0.1631	_06860_	1
194	-0.1631	_18661_	1
194	-0.1631	_18660_	1
194	-0.1631	_18659_	1
194	-0.1631	_18658_	1
194	-0.1631	_18657_	2
194	-0.1631	_18656_	1
194	-0.1631	_18655_	1
194	-0.1631	_18445_	5
194	-0.1631	_04469_	1
194	-0.1631	_44612_	1
194	-0.1631	_44609_	1
194	-0.1631	_44474_	1
194	-0.1631	_44470_	1
194	-0.1631	_44861_	1
194	-0.1631	_43320_	1
194	-0.1631	_01812_	1
194	-0.1631	_10624_	10
194	-0.1631	_10498_	9
194	-0.1631	u3.mul_a[2]	1
195	-0.1551	_06863_	1
195	-0.1551	_18672_	1
195	-0.1551	_18671_	1
195	-0.1551	_18503_	3
195	-0.1551	_18455_	2
195	-0.1551	_18445_	5
195	-0.1551	_04469_	1
195	-0.1551	_44612_	1
195	-0.1551	_44609_	1
195	-0.1551	_44474_	1
195	-0.1551	_44470_	1
195	-0.1551	_44861_	1
195	-0.1551	_43320_	1
195	-0.1551	_01812_	1
195	-0.1551	_10624_	10
195	-0.1551	_10498_	9
195	-0.1551	u3.mul_a[2]	1
196	-0.1551	_07013_	1
196	-0.1551	_19821_	1
196	-0.1551	_19820_	1
196	-0.1551	_19819_	1
196	-0.1551	_19818_	1
196	-0.1551	_19817_	1
196	-0.1551	_19755_	3
196	-0.1551	_19748_	1
196	-0.1551	_19747_	1
196	-0.1551	_03775_	4
196	-0.1551	_43156_	1
196	-0.1551	_43063_	1
196	-0.1551	_41060_	1
196	-0.1551	_40977_	1
196	-0.1551	_40973_	1
196	-0.1551	_02697_	1
196	-0.1551	_10978_	10
196	-0.1551	_10976_	9
196	-0.1551	u3.mul_a[48]	1
197	-0.1524	_07040_	1
197	-0.1524	_20008_	1
197	-0.1524	_20007_	1
197	-0.1524	_20006_	1
197	-0.1524	_19995_	3
197	-0.1524	_19908_	2
197	-0.1524	_19907_	3
197	-0.1524	_19906_	1
197	-0.1524	_19905_	1
197	-0.1524	_19904_	1
197	-0.1524	_19902_	4
197	-0.1524	_04889_	1
197	-0.1524	_44527_	1
197	-0.1524	_44487_	1
197	-0.1524	_41496_	1
197	-0.1524	_41494_	1
197	-0.1524	_44202_	1
197	-0.1524	_02325_	1
197	-0.1524	_11001_	10
197	-0.1524	_10966_	9
197	-0.1524	u3.mul_a[45]	1
198	-0.1493	_07041_	1
198	-0.1493	_20013_	1
198	-0.1493	_19948_	3
198	-0.1493	_19947_	3
198	-0.1493	_19939_	1
198	-0.1493	_19910_	5
198	-0.1493	_03729_	1
198	-0.1493	_44292_	1
198	-0.1493	_44289_	1
198	-0.1493	_44434_	1
198	-0.1493	_44344_	1
198	-0.1493	_41467_	1
198	-0.1493	_00891_	1
198	-0.1493	_11013_	10
198	-0.1493	_10985_	9
198	-0.1493	u3.mul_a[51]	1
199	-0.1490	_07012_	1
199	-0.1490	_19815_	1
199	-0.1490	_19814_	1
199	-0.1490	_19813_	1
199	-0.1490	_19812_	1
199	-0.1490	_19811_	1
199	-0.1490	_19810_	1
199	-0.1490	_19809_	1
199	-0.1490	_19699_	2
199	-0.1490	_03136_	4
199	-0.1490	_43153_	1
199	-0.1490	_43061_	1
199	-0.1490	_41298_	1
199	-0.1490	_40972_	1
199	-0.1490	_40969_	1
199	-0.1490	_00733_	1
199	-0.1490	_10987_	10
199	-0.1490	_10985_	9
199	-0.1490	u3.mul_a[51]	1
200	-0.1476	_06820_	1
200	-0.1476	_18346_	1
200	-0.1476	_18345_	1
200	-0.1476	_18344_	1
200	-0.1476	_18343_	1
200	-0.1476	_18342_	2
200	-0.1476	_18340_	1
200	-0.1476	_18117_	6
200	-0.1476	_03734_	1
200	-0.1476	_41180_	1
200	-0.1476	_40644_	1
200	-0.1476	_40640_	1
200	-0.1476	_42845_	1
200	-0.1476	_41052_	1
200	-0.1476	_41049_	1
200	-0.1476	_01254_	1
200	-0.1476	_10499_	10
200	-0.1476	_10498_	9
200	-0.1476	u3.mul_a[2]	1
201	-0.1428	_06919_	1
201	-0.1428	_19111_	1
201	-0.1428	_19110_	1
201	-0.1428	_19098_	2
201	-0.1428	_18924_	3
201	-0.1428	_18913_	1
201	-0.1428	_18909_	5
201	-0.1428	_04138_	1
201	-0.1428	_40162_	1
201	-0.1428	_40159_	1
201	-0.1428	_40272_	1
201	-0.1428	_42266_	1
201	-0.1428	_42264_	1
201	-0.1428	_40733_	1
201	-0.1428	_00501_	1
201	-0.1428	_10742_	10
201	-0.1428	_10741_	9
201	-0.1428	u3.mul_a[29]	1
202	-0.1402	_07010_	1
202	-0.1402	_19804_	1
202	-0.1402	_19803_	1
202	-0.1402	_19713_	2
202	-0.1402	_19712_	2
202	-0.1402	_19698_	1
202	-0.1402	_19697_	2
202	-0.1402	_19695_	1
202	-0.1402	_03775_	4
202	-0.1402	_43156_	1
202	-0.1402	_43063_	1
202	-0.1402	_41060_	1
202	-0.1402	_40977_	1
202	-0.1402	_40973_	1
202	-0.1402	_02697_	1
202	-0.1402	_10978_	10
202	-0.1402	_10976_	9
202	-0.1402	u3.mul_a[48]	1
203	-0.1392	_07042_	1
203	-0.1392	_20018_	1
203	-0.1392	_20017_	1
203	-0.1392	_20016_	1
203	-0.1392	_20015_	1
203	-0.1392	_20014_	1
203	-0.1392	_19907_	3
203	-0.1392	_19906_	1
203	-0.1392	_19905_	1
203	-0.1392	_19904_	1
203	-0.1392	_19902_	4
203	-0.1392	_04889_	1
203	-0.1392	_44527_	1
203	-0.1392	_44487_	1
203	-0.1392	_41496_	1
203	-0.1392	_41494_	1
203	-0.1392	_44202_	1
203	-0.1392	_02325_	1
203	-0.1392	_11001_	10
203	-0.1392	_10966_	9
203	-0.1392	u3.mul_a[45]	1
204	-0.1354	_07043_	1
204	-0.1354	_20021_	1
204	-0.1354	_20020_	1
204	-0.1354	_19947_	3
204	-0.1354	_19938_	1
204	-0.1354	_19893_	4
204	-0.1354	_03730_	1
204	-0.1354	_44292_	1
204	-0.1354	_44289_	1
204	-0.1354	_44434_	1
204	-0.1354	_44344_	1
204	-0.1354	_44236_	1
204	-0.1354	_02382_	1
204	-0.1354	_11007_	10
204	-0.1354	_10976_	9
204	-0.1354	u3.mul_a[48]	1
205	-0.1338	_06953_	1
205	-0.1338	_19364_	1
205	-0.1338	_19363_	1
205	-0.1338	_19253_	3
205	-0.1338	_19252_	1
205	-0.1338	_19251_	1
205	-0.1338	_19250_	1
205	-0.1338	_03633_	3
205	-0.1338	_40672_	1
205	-0.1338	_40311_	1
205	-0.1338	_40307_	1
205	-0.1338	_41967_	1
205	-0.1338	_44464_	1
205	-0.1338	_44461_	1
205	-0.1338	_02574_	1
205	-0.1338	_10836_	10
205	-0.1338	_10747_	9
205	-0.1338	u3.mul_a[26]	1
206	-0.1317	_07073_	1
206	-0.1317	_20233_	1
206	-0.1317	_20232_	1
206	-0.1317	_20191_	2
206	-0.1317	_20143_	2
206	-0.1317	_20142_	2
206	-0.1317	_20096_	2
206	-0.1317	_20084_	4
206	-0.1317	_04426_	1
206	-0.1317	_44028_	1
206	-0.1317	_43934_	1
206	-0.1317	_43874_	1
206	-0.1317	_43870_	1
206	-0.1317	_42351_	1
206	-0.1317	_01444_	1
206	-0.1317	_11022_	10
206	-0.1317	_10966_	9
206	-0.1317	u3.mul_a[45]	1
207	-0.1304	_06781_	1
207	-0.1304	_18022_	1
207	-0.1304	_18021_	1
207	-0.1304	_18020_	1
207	-0.1304	_18019_	1
207	-0.1304	_18018_	2
207	-0.1304	_18017_	1
207	-0.1304	_04495_	4
207	-0.1304	_43287_	1
207	-0.1304	_43284_	1
207	-0.1304	_43418_	1
207	-0.1304	_44396_	1
207	-0.1304	_43051_	1
207	-0.1304	_43048_	1
207	-0.1304	_01982_	1
207	-0.1304	_11060_	10
207	-0.1304	_10498_	9
207	-0.1304	u3.mul_a[2]	1
208	-0.1292	_06782_	1
208	-0.1292	_18026_	1
208	-0.1292	_18025_	1
208	-0.1292	_18010_	2
208	-0.1292	_18009_	1
208	-0.1292	_18008_	2
208	-0.1292	_18006_	2
208	-0.1292	_04495_	4
208	-0.1292	_43287_	1
208	-0.1292	_43284_	1
208	-0.1292	_43418_	1
208	-0.1292	_44396_	1
208	-0.1292	_43051_	1
208	-0.1292	_43048_	1
208	-0.1292	_01982_	1
208	-0.1292	_11060_	10
208	-0.1292	_10498_	9
208	-0.1292	u3.mul_a[2]	1
209	-0.1292	_06954_	1
209	-0.1292	_19367_	1
209	-0.1292	_19366_	1
209	-0.1292	_19185_	3
209	-0.1292	_19182_	1
209	-0.1292	_03633_	3
209	-0.1292	_40672_	1
209	-0.1292	_40311_	1
209	-0.1292	_40307_	1
209	-0.1292	_41967_	1
209	-0.1292	_44464_	1
209	-0.1292	_44461_	1
209	-0.1292	_02574_	1
209	-0.1292	_10836_	10
209	-0.1292	_10747_	9
209	-0.1292	u3.mul_a[26]	1
210	-0.1246	_07015_	1
210	-0.1246	_19828_	1
210	-0.1246	_19827_	1
210	-0.1246	_19755_	3
210	-0.1246	_19748_	1
210	-0.1246	_19747_	1
210	-0.1246	_03775_	4
210	-0.1246	_43156_	1
210	-0.1246	_43063_	1
210	-0.1246	_41060_	1
210	-0.1246	_40977_	1
210	-0.1246	_40973_	1
210	-0.1246	_02697_	1
210	-0.1246	_10978_	10
210	-0.1246	_10976_	9
210	-0.1246	u3.mul_a[48]	1
211	-0.1225	_06988_	1
211	-0.1225	_19644_	1
211	-0.1225	_19643_	1
211	-0.1225	_19642_	1
211	-0.1225	_19493_	2
211	-0.1225	_19487_	1
211	-0.1225	_19455_	3
211	-0.1225	_19454_	4
211	-0.1225	_03785_	1
211	-0.1225	_40496_	1
211	-0.1225	_40493_	1
211	-0.1225	_42646_	1
211	-0.1225	_42645_	1
211	-0.1225	_43659_	1
211	-0.1225	_43450_	1
211	-0.1225	_01876_	1
211	-0.1225	_10888_	10
211	-0.1225	_10745_	9
211	-0.1225	u3.mul_a[27]	1
212	-0.1202	_06990_	1
212	-0.1202	_19652_	1
212	-0.1202	_19651_	1
212	-0.1202	_19650_	1
212	-0.1202	_19492_	2
212	-0.1202	_19458_	3
212	-0.1202	_19454_	4
212	-0.1202	_03785_	1
212	-0.1202	_40496_	1
212	-0.1202	_40493_	1
212	-0.1202	_42646_	1
212	-0.1202	_42645_	1
212	-0.1202	_43659_	1
212	-0.1202	_43450_	1
212	-0.1202	_01876_	1
212	-0.1202	_10888_	10
212	-0.1202	_10745_	9
212	-0.1202	u3.mul_a[27]	1
213	-0.1185	_06987_	1
213	-0.1185	_19639_	1
213	-0.1185	_19638_	1
213	-0.1185	_19448_	4
213	-0.1185	_05034_	1
213	-0.1185	_40294_	1
213	-0.1185	_40291_	1
213	-0.1185	_40517_	1
213	-0.1185	_42479_	1
213	-0.1185	_42475_	1
213	-0.1185	_43553_	1
213	-0.1185	_02021_	1
213	-0.1185	_10897_	10
213	-0.1185	_10739_	9
213	-0.1185	u3.mul_a[30]	1
214	-0.1109	_06822_	1
214	-0.1109	_18354_	1
214	-0.1109	_18353_	1
214	-0.1109	_18342_	2
214	-0.1109	_18340_	1
214	-0.1109	_18117_	6
214	-0.1109	_03734_	1
214	-0.1109	_41180_	1
214	-0.1109	_40644_	1
214	-0.1109	_40640_	1
214	-0.1109	_42845_	1
214	-0.1109	_41052_	1
214	-0.1109	_41049_	1
214	-0.1109	_01254_	1
214	-0.1109	_10499_	10
214	-0.1109	_10498_	9
214	-0.1109	u3.mul_a[2]	1
215	-0.1105	_06862_	1
215	-0.1105	_18669_	1
215	-0.1105	_18668_	1
215	-0.1105	_18657_	2
215	-0.1105	_18656_	1
215	-0.1105	_18655_	1
215	-0.1105	_18445_	5
215	-0.1105	_04469_	1
215	-0.1105	_44612_	1
215	-0.1105	_44609_	1
215	-0.1105	_44474_	1
215	-0.1105	_44470_	1
215	-0.1105	_44861_	1
215	-0.1105	_43320_	1
215	-0.1105	_01812_	1
215	-0.1105	_10624_	10
215	-0.1105	_10498_	9
215	-0.1105	u3.mul_a[2]	1
216	-0.0996	_07014_	1
216	-0.0996	_19825_	1
216	-0.0996	_19824_	1
216	-0.0996	_19712_	2
216	-0.0996	_19698_	1
216	-0.0996	_19697_	2
216	-0.0996	_19695_	1
216	-0.0996	_03775_	4
216	-0.0996	_43156_	1
216	-0.0996	_43063_	1
216	-0.0996	_41060_	1
216	-0.0996	_40977_	1
216	-0.0996	_40974_	1
216	-0.0996	_00638_	1
216	-0.0996	_10987_	10
216	-0.0996	_10985_	9
216	-0.0996	u3.mul_a[51]	1
217	-0.0989	_07074_	1
217	-0.0989	_20238_	1
217	-0.0989	_20237_	1
217	-0.0989	_20236_	1
217	-0.0989	_20092_	2
217	-0.0989	_20085_	1
217	-0.0989	_20084_	4
217	-0.0989	_04426_	1
217	-0.0989	_44028_	1
217	-0.0989	_43934_	1
217	-0.0989	_43874_	1
217	-0.0989	_43870_	1
217	-0.0989	_42351_	1
217	-0.0989	_01444_	1
217	-0.0989	_11022_	10
217	-0.0989	_10966_	9
217	-0.0989	u3.mul_a[45]	1
218	-0.0953	_06989_	1
218	-0.0953	_19649_	1
218	-0.0953	_19648_	1
218	-0.0953	_19647_	1
218	-0.0953	_19646_	1
218	-0.0953	_19455_	3
218	-0.0953	_19454_	4
218	-0.0953	_03785_	1
218	-0.0953	_40496_	1
218	-0.0953	_40493_	1
218	-0.0953	_42646_	1
218	-0.0953	_42645_	1
218	-0.0953	_43659_	1
218	-0.0953	_43450_	1
218	-0.0953	_01876_	1
218	-0.0953	_10888_	10
218	-0.0953	_10745_	9
218	-0.0953	u3.mul_a[27]	1
219	-0.0953	_06921_	1
219	-0.0953	_19120_	1
219	-0.0953	_19119_	1
219	-0.0953	_19118_	1
219	-0.0953	_18923_	2
219	-0.0953	_18922_	5
219	-0.0953	_04605_	1
219	-0.0953	_40203_	1
219	-0.0953	_40200_	1
219	-0.0953	_40277_	1
219	-0.0953	_44740_	1
219	-0.0953	_40870_	1
219	-0.0953	_40868_	1
219	-0.0953	_01082_	1
219	-0.0953	_10748_	10
219	-0.0953	_10747_	9
219	-0.0953	u3.mul_a[26]	1
220	-0.0929	_06784_	1
220	-0.0929	_18033_	1
220	-0.0929	_18032_	1
220	-0.0929	_18006_	2
220	-0.0929	_04495_	4
220	-0.0929	_43287_	1
220	-0.0929	_43284_	1
220	-0.0929	_43418_	1
220	-0.0929	_44396_	1
220	-0.0929	_43051_	1
220	-0.0929	_43048_	1
220	-0.0929	_01982_	1
220	-0.0929	_11060_	10
220	-0.0929	_10498_	9
220	-0.0929	u3.mul_a[2]	1
221	-0.0876	_07044_	1
221	-0.0876	_20024_	1
221	-0.0876	_20023_	1
221	-0.0876	_19907_	3
221	-0.0876	_19906_	1
221	-0.0876	_19905_	1
221	-0.0876	_19904_	1
221	-0.0876	_19902_	4
221	-0.0876	_04889_	1
221	-0.0876	_44527_	1
221	-0.0876	_44487_	1
221	-0.0876	_41496_	1
221	-0.0876	_41494_	1
221	-0.0876	_44202_	1
221	-0.0876	_02325_	1
221	-0.0876	_11001_	10
221	-0.0876	_10966_	9
221	-0.0876	u3.mul_a[45]	1
222	-0.0827	_06783_	1
222	-0.0827	_18029_	1
222	-0.0827	_18028_	1
222	-0.0827	_18018_	2
222	-0.0827	_18017_	1
222	-0.0827	_04495_	4
222	-0.0827	_43287_	1
222	-0.0827	_43284_	1
222	-0.0827	_43418_	1
222	-0.0827	_44396_	1
222	-0.0827	_43051_	1
222	-0.0827	_43048_	1
222	-0.0827	_01982_	1
222	-0.0827	_11060_	10
222	-0.0827	_10498_	9
222	-0.0827	u3.mul_a[2]	1
223	-0.0790	_06823_	1
223	-0.0790	_18357_	1
223	-0.0790	_18356_	1
223	-0.0790	_18204_	2
223	-0.0790	_18117_	6
223	-0.0790	_03734_	1
223	-0.0790	_41180_	1
223	-0.0790	_40644_	1
223	-0.0790	_40640_	1
223	-0.0790	_42845_	1
223	-0.0790	_41052_	1
223	-0.0790	_41049_	1
223	-0.0790	_01254_	1
223	-0.0790	_10499_	10
223	-0.0790	_10498_	9
223	-0.0790	u3.mul_a[2]	1
224	-0.0759	_07016_	1
224	-0.0759	_19832_	1
224	-0.0759	_19831_	1
224	-0.0759	_19830_	1
224	-0.0759	_19711_	3
224	-0.0759	_19710_	1
224	-0.0759	_19709_	1
224	-0.0759	_19708_	1
224	-0.0759	_19702_	5
224	-0.0759	_04435_	1
224	-0.0759	_43164_	1
224	-0.0759	_43076_	1
224	-0.0759	_43073_	1
224	-0.0759	_44763_	1
224	-0.0759	_44724_	1
224	-0.0759	_02641_	1
224	-0.0759	_10968_	10
224	-0.0759	_10966_	9
224	-0.0759	u3.mul_a[45]	1
225	-0.0656	_06824_	1
225	-0.0656	_18361_	1
225	-0.0656	_18360_	1
225	-0.0656	_18117_	6
225	-0.0656	_03734_	1
225	-0.0656	_41180_	1
225	-0.0656	_40644_	1
225	-0.0656	_40640_	1
225	-0.0656	_42845_	1
225	-0.0656	_41052_	1
225	-0.0656	_41049_	1
225	-0.0656	_01254_	1
225	-0.0656	_10499_	10
225	-0.0656	_10498_	9
225	-0.0656	u3.mul_a[2]	1
226	-0.0567	_07076_	1
226	-0.0567	_20249_	1
226	-0.0567	_20248_	1
226	-0.0567	_20247_	1
226	-0.0567	_20089_	2
226	-0.0567	_05150_	4
226	-0.0567	_44032_	1
226	-0.0567	_43942_	1
226	-0.0567	_43939_	1
226	-0.0567	_44885_	1
226	-0.0567	_42355_	1
226	-0.0567	_01450_	1
226	-0.0567	_11022_	10
226	-0.0567	_10966_	9
226	-0.0567	u3.mul_a[45]	1
227	-0.0498	_06864_	1
227	-0.0498	_18675_	1
227	-0.0498	_18674_	1
227	-0.0498	_18445_	5
227	-0.0498	_04469_	1
227	-0.0498	_44612_	1
227	-0.0498	_44609_	1
227	-0.0498	_44474_	1
227	-0.0498	_44470_	1
227	-0.0498	_44861_	1
227	-0.0498	_43320_	1
227	-0.0498	_01812_	1
227	-0.0498	_10624_	10
227	-0.0498	_10498_	9
227	-0.0498	u3.mul_a[2]	1
228	-0.0469	_06922_	1
228	-0.0469	_19130_	1
228	-0.0469	_19129_	1
228	-0.0469	_18922_	5
228	-0.0469	_04605_	1
228	-0.0469	_40203_	1
228	-0.0469	_40200_	1
228	-0.0469	_40277_	1
228	-0.0469	_44740_	1
228	-0.0469	_40870_	1
228	-0.0469	_40868_	1
228	-0.0469	_01082_	1
228	-0.0469	_10748_	10
228	-0.0469	_10747_	9
228	-0.0469	u3.mul_a[26]	1
229	-0.0407	_06955_	1
229	-0.0407	_19375_	1
229	-0.0407	_19374_	1
229	-0.0407	_19373_	1
229	-0.0407	_19372_	1
229	-0.0407	_19181_	5
229	-0.0407	_04580_	1
229	-0.0407	_41917_	1
229	-0.0407	_41914_	1
229	-0.0407	_41971_	1
229	-0.0407	_41969_	1
229	-0.0407	_44469_	1
229	-0.0407	_44466_	1
229	-0.0407	_02824_	1
229	-0.0407	_10843_	10
229	-0.0407	_10754_	9
229	-0.0407	u3.mul_a[24]	1
230	-0.0265	_07045_	1
230	-0.0265	_20030_	1
230	-0.0265	_20029_	1
230	-0.0265	_20028_	1
230	-0.0265	_20027_	1
230	-0.0265	_20026_	1
230	-0.0265	_19943_	3
230	-0.0265	_19942_	2
230	-0.0265	_04571_	3
230	-0.0265	_44532_	1
230	-0.0265	_44495_	1
230	-0.0265	_41502_	1
230	-0.0265	_41500_	1
230	-0.0265	_43685_	1
230	-0.0265	_02055_	1
230	-0.0265	_11001_	10
230	-0.0265	_10966_	9
230	-0.0265	u3.mul_a[45]	1
231	-0.0257	_07017_	1
231	-0.0257	_19837_	1
231	-0.0257	_19835_	1
231	-0.0257	_19754_	3
231	-0.0257	_19753_	2
231	-0.0257	_19752_	2
231	-0.0257	_03765_	3
231	-0.0257	_43168_	1
231	-0.0257	_43081_	1
231	-0.0257	_43077_	1
231	-0.0257	_44874_	1
231	-0.0257	_44728_	1
231	-0.0257	_02647_	1
231	-0.0257	_10968_	10
231	-0.0257	_10966_	9
231	-0.0257	u3.mul_a[45]	1
232	-0.0251	_07075_	1
232	-0.0251	_20245_	1
232	-0.0251	_20244_	1
232	-0.0251	_20243_	1
232	-0.0251	_20242_	1
232	-0.0251	_20241_	1
232	-0.0251	_20140_	3
232	-0.0251	_20139_	1
232	-0.0251	_20087_	4
232	-0.0251	_04708_	1
232	-0.0251	_44035_	1
232	-0.0251	_43946_	1
232	-0.0251	_41539_	1
232	-0.0251	_41535_	1
232	-0.0251	_42359_	1
232	-0.0251	_01456_	1
232	-0.0251	_10936_	10
232	-0.0251	_10600_	9
232	-0.0251	u3.mul_b[36]	1
233	-0.0183	_06785_	1
233	-0.0183	_18037_	1
233	-0.0183	_18035_	1
233	-0.0183	_18016_	2
233	-0.0183	_17802_	6
233	-0.0183	_04153_	1
233	-0.0183	_43292_	1
233	-0.0183	_43289_	1
233	-0.0183	_44402_	1
233	-0.0183	_44399_	1
233	-0.0183	_43056_	1
233	-0.0183	_43053_	1
233	-0.0183	_01986_	1
233	-0.0183	_10699_	10
233	-0.0183	_10506_	9
233	-0.0183	u3.mul_a[0]	1
234	-0.0148	_06991_	1
234	-0.0148	_19657_	1
234	-0.0148	_19656_	1
234	-0.0148	_19454_	4
234	-0.0148	_03785_	1
234	-0.0148	_40496_	1
234	-0.0148	_40493_	1
234	-0.0148	_42646_	1
234	-0.0148	_42645_	1
234	-0.0148	_43659_	1
234	-0.0148	_43450_	1
234	-0.0148	_01876_	1
234	-0.0148	_10888_	10
234	-0.0148	_10745_	9
234	-0.0148	u3.mul_a[27]	1
235	-0.0044	_06923_	1
235	-0.0044	_19133_	1
235	-0.0044	_19132_	1
235	-0.0044	_18914_	5
235	-0.0044	_04202_	1
235	-0.0044	_40167_	1
235	-0.0044	_40164_	1
235	-0.0044	_40684_	1
235	-0.0044	_40681_	1
235	-0.0044	_41922_	1
235	-0.0044	_40674_	1
235	-0.0044	_00430_	1
235	-0.0044	_10755_	10
235	-0.0044	_10754_	9
235	-0.0044	u3.mul_a[24]	1
236	0.0032	_07047_	1
236	0.0032	_20041_	1
236	0.0032	_20040_	1
236	0.0032	_19943_	3
236	0.0032	_19942_	2
236	0.0032	_04571_	3
236	0.0032	_44532_	1
236	0.0032	_44495_	1
236	0.0032	_41502_	1
236	0.0032	_41500_	1
236	0.0032	_43685_	1
236	0.0032	_02055_	1
236	0.0032	_11001_	10
236	0.0032	_10966_	9
236	0.0032	u3.mul_a[45]	1
237	0.0034	_06956_	1
237	0.0034	_19384_	1
237	0.0034	_19383_	1
237	0.0034	_19181_	5
237	0.0034	_04580_	1
237	0.0034	_41917_	1
237	0.0034	_41914_	1
237	0.0034	_41971_	1
237	0.0034	_41969_	1
237	0.0034	_44469_	1
237	0.0034	_44466_	1
237	0.0034	_02824_	1
237	0.0034	_10843_	10
237	0.0034	_10754_	9
237	0.0034	u3.mul_a[24]	1
238	0.0086	_06865_	1
238	0.0086	_18678_	1
238	0.0086	_18677_	1
238	0.0086	_18502_	2
238	0.0086	_18501_	1
238	0.0086	_03527_	3
238	0.0086	_44587_	1
238	0.0086	_44584_	1
238	0.0086	_44521_	1
238	0.0086	_44519_	1
238	0.0086	_45069_	1
238	0.0086	_41640_	1
238	0.0086	_00979_	1
238	0.0086	_10623_	10
238	0.0086	_10496_	9
238	0.0086	u3.mul_a[3]	1
239	0.0100	_07046_	1
239	0.0100	_20037_	1
239	0.0100	_20036_	1
239	0.0100	_20035_	1
239	0.0100	_19903_	5
239	0.0100	_03716_	1
239	0.0100	_44529_	1
239	0.0100	_44491_	1
239	0.0100	_44488_	1
239	0.0100	_44269_	1
239	0.0100	_44202_	1
239	0.0100	_02325_	1
239	0.0100	_11001_	10
239	0.0100	_10966_	9
239	0.0100	u3.mul_a[45]	1
240	0.0104	_07018_	1
240	0.0104	_19845_	1
240	0.0104	_19844_	1
240	0.0104	_19843_	1
240	0.0104	_19702_	5
240	0.0104	_04435_	1
240	0.0104	_43164_	1
240	0.0104	_43076_	1
240	0.0104	_43073_	1
240	0.0104	_44763_	1
240	0.0104	_44724_	1
240	0.0104	_02641_	1
240	0.0104	_10968_	10
240	0.0104	_10966_	9
240	0.0104	u3.mul_a[45]	1
241	0.0116	_07077_	1
241	0.0116	_20252_	1
241	0.0116	_20251_	1
241	0.0116	_20140_	3
241	0.0116	_20139_	1
241	0.0116	_20087_	4
241	0.0116	_04708_	1
241	0.0116	_44035_	1
241	0.0116	_43946_	1
241	0.0116	_41539_	1
241	0.0116	_41535_	1
241	0.0116	_42359_	1
241	0.0116	_01456_	1
241	0.0116	_10936_	10
241	0.0116	_10600_	9
241	0.0116	u3.mul_b[36]	1
242	0.0240	_07019_	1
242	0.0240	_19848_	1
242	0.0240	_19847_	1
242	0.0240	_19753_	2
242	0.0240	_19752_	2
242	0.0240	_03765_	3
242	0.0240	_43168_	1
242	0.0240	_43081_	1
242	0.0240	_43077_	1
242	0.0240	_44874_	1
242	0.0240	_44728_	1
242	0.0240	_02647_	1
242	0.0240	_10968_	10
242	0.0240	_10966_	9
242	0.0240	u3.mul_a[45]	1
243	0.0325	_06825_	1
243	0.0325	_18368_	1
243	0.0325	_18367_	1
243	0.0325	_18116_	5
243	0.0325	_03333_	1
243	0.0325	_41912_	1
243	0.0325	_41909_	1
243	0.0325	_42762_	1
243	0.0325	_42761_	1
243	0.0325	_44858_	1
243	0.0325	_42124_	1
243	0.0325	_01249_	1
243	0.0325	_10507_	10
243	0.0325	_10506_	9
243	0.0325	u3.mul_a[0]	1
244	0.0328	_06786_	1
244	0.0328	_18042_	1
244	0.0328	_18039_	1
244	0.0328	_17820_	3
244	0.0328	_17819_	1
244	0.0328	_04655_	3
244	0.0328	_43297_	1
244	0.0328	_43294_	1
244	0.0328	_44406_	1
244	0.0328	_44403_	1
244	0.0328	_45527_	1
244	0.0328	_44147_	1
244	0.0328	_02203_	1
244	0.0328	_10687_	10
244	0.0328	_10496_	9
244	0.0328	u3.mul_a[3]	1
245	0.0647	_06957_	1
245	0.0647	_19387_	1
245	0.0647	_19386_	1
245	0.0647	_19380_	2
245	0.0647	_04891_	4
245	0.0647	_43969_	1
245	0.0647	_43966_	1
245	0.0647	_42149_	1
245	0.0647	_42147_	1
245	0.0647	_45180_	1
245	0.0647	_43920_	1
245	0.0647	_02112_	1
245	0.0647	_10835_	10
245	0.0647	_10745_	9
245	0.0647	u3.mul_a[27]	1
246	0.0652	_06826_	1
246	0.0652	_18371_	1
246	0.0652	_18370_	1
246	0.0652	_18364_	2
246	0.0652	_03720_	4
246	0.0652	_44844_	1
246	0.0652	_44841_	1
246	0.0652	_42745_	1
246	0.0652	_42744_	1
246	0.0652	_45361_	1
246	0.0652	_44345_	1
246	0.0652	_02484_	1
246	0.0652	_10497_	10
246	0.0652	_10496_	9
246	0.0652	u3.mul_a[3]	1
247	0.0657	_07048_	1
247	0.0657	_20044_	1
247	0.0657	_20043_	1
247	0.0657	_19900_	3
247	0.0657	_19899_	1
247	0.0657	_05091_	3
247	0.0657	_44537_	1
247	0.0657	_44534_	1
247	0.0657	_41505_	1
247	0.0657	_41503_	1
247	0.0657	_44193_	1
247	0.0657	_02286_	1
247	0.0657	_11001_	10
247	0.0657	_10966_	9
247	0.0657	u3.mul_a[45]	1
248	0.0688	_06992_	1
248	0.0688	_19660_	1
248	0.0688	_19659_	1
248	0.0688	_04467_	3
248	0.0688	_41833_	1
248	0.0688	_41830_	1
248	0.0688	_42648_	1
248	0.0688	_42647_	1
248	0.0688	_45437_	1
248	0.0688	_43451_	1
248	0.0688	_01879_	1
248	0.0688	_10888_	10
248	0.0688	_10745_	9
248	0.0688	u3.mul_a[27]	1
249	0.0744	_06866_	1
249	0.0744	_18684_	1
249	0.0744	_18683_	1
249	0.0744	_03527_	3
249	0.0744	_44587_	1
249	0.0744	_44584_	1
249	0.0744	_44521_	1
249	0.0744	_44519_	1
249	0.0744	_45069_	1
249	0.0744	_41640_	1
249	0.0744	_00979_	1
249	0.0744	_10623_	10
249	0.0744	_10496_	9
249	0.0744	u3.mul_a[3]	1
250	0.0750	_07020_	1
250	0.0750	_19851_	1
250	0.0750	_19850_	1
250	0.0750	_19706_	3
250	0.0750	_19705_	1
250	0.0750	_03305_	3
250	0.0750	_43173_	1
250	0.0750	_43170_	1
250	0.0750	_44852_	1
250	0.0750	_44851_	1
250	0.0750	_44730_	1
250	0.0750	_02650_	1
250	0.0750	_10968_	10
250	0.0750	_10966_	9
250	0.0750	u3.mul_a[45]	1
251	0.0761	_07078_	1
251	0.0761	_20257_	1
251	0.0761	_20256_	1
251	0.0761	_20087_	4
251	0.0761	_04708_	1
251	0.0761	_44035_	1
251	0.0761	_43946_	1
251	0.0761	_41539_	1
251	0.0761	_41535_	1
251	0.0761	_42359_	1
251	0.0761	_01456_	1
251	0.0761	_10936_	10
251	0.0761	_10600_	9
251	0.0761	u3.mul_b[36]	1
252	0.0852	_06924_	1
252	0.0852	_19137_	1
252	0.0852	_19136_	1
252	0.0852	_18918_	5
252	0.0852	_03629_	1
252	0.0852	_40172_	1
252	0.0852	_40169_	1
252	0.0852	_41866_	1
252	0.0852	_41864_	1
252	0.0852	_45082_	1
252	0.0852	_40737_	1
252	0.0852	_00507_	1
252	0.0852	_10746_	10
252	0.0852	_10745_	9
252	0.0852	u3.mul_a[27]	1
253	0.1060	_07079_	1
253	0.1060	_20261_	1
253	0.1060	_20260_	1
253	0.1060	_20088_	4
253	0.1060	_04893_	1
253	0.1060	_44040_	1
253	0.1060	_44037_	1
253	0.1060	_41609_	1
253	0.1060	_41605_	1
253	0.1060	_42361_	1
253	0.1060	_01459_	1
253	0.1060	_10937_	10
253	0.1060	_10596_	9
253	0.1060	u3.mul_b[35]	1
254	0.1100	_06827_	1
254	0.1100	_18374_	1
254	0.1100	_18373_	1
254	0.1100	_18113_	4
254	0.1100	_03316_	1
254	0.1100	_42047_	1
254	0.1100	_42044_	1
254	0.1100	_45343_	1
254	0.1100	_42081_	1
254	0.1100	_42079_	1
254	0.1100	_02426_	1
254	0.1100	_10499_	10
254	0.1100	_10498_	9
254	0.1100	u3.mul_a[2]	1
255	0.1130	_06787_	1
255	0.1130	_18045_	1
255	0.1130	_18044_	1
255	0.1130	_17818_	4
255	0.1130	_03219_	1
255	0.1130	_43302_	1
255	0.1130	_43299_	1
255	0.1130	_45585_	1
255	0.1130	_44570_	1
255	0.1130	_44148_	1
255	0.1130	_02206_	1
255	0.1130	_10688_	10
255	0.1130	_10498_	9
255	0.1130	u3.mul_a[2]	1
256	0.1133	_06867_	1
256	0.1133	_18688_	1
256	0.1133	_18687_	1
256	0.1133	_18452_	4
256	0.1133	_03625_	1
256	0.1133	_44582_	1
256	0.1133	_44579_	1
256	0.1133	_45411_	1
256	0.1133	_43884_	1
256	0.1133	_41847_	1
256	0.1133	_01049_	1
256	0.1133	_10624_	10
256	0.1133	_10498_	9
256	0.1133	u3.mul_a[2]	1
257	0.1147	_06925_	1
257	0.1147	_19140_	1
257	0.1147	_19139_	1
257	0.1147	_18916_	4
257	0.1147	_03309_	1
257	0.1147	_40177_	1
257	0.1147	_40174_	1
257	0.1147	_44942_	1
257	0.1147	_44577_	1
257	0.1147	_44576_	1
257	0.1147	_02858_	1
257	0.1147	_10748_	10
257	0.1147	_10747_	9
257	0.1147	u3.mul_a[26]	1
258	0.1164	_07021_	1
258	0.1164	_19854_	1
258	0.1164	_19853_	1
258	0.1164	_03305_	3
258	0.1164	_43173_	1
258	0.1164	_43170_	1
258	0.1164	_44852_	1
258	0.1164	_44851_	1
258	0.1164	_44730_	1
258	0.1164	_02650_	1
258	0.1164	_10968_	10
258	0.1164	_10966_	9
258	0.1164	u3.mul_a[45]	1
259	0.1164	_07049_	1
259	0.1164	_20047_	1
259	0.1164	_20046_	1
259	0.1164	_05091_	3
259	0.1164	_44537_	1
259	0.1164	_44534_	1
259	0.1164	_41505_	1
259	0.1164	_41503_	1
259	0.1164	_44193_	1
259	0.1164	_02286_	1
259	0.1164	_11001_	10
259	0.1164	_10966_	9
259	0.1164	u3.mul_a[45]	1
260	0.1177	_06958_	1
260	0.1177	_19390_	1
260	0.1177	_19389_	1
260	0.1177	_00767_	2
260	0.1177	_41212_	2
260	0.1177	_41209_	1
260	0.1177	_45426_	1
260	0.1177	_41114_	1
260	0.1177	_41112_	1
260	0.1177	_01726_	1
260	0.1177	_10837_	10
260	0.1177	_10749_	9
260	0.1177	u3.mul_a[25]	1
261	0.1206	_06993_	1
261	0.1206	_19663_	1
261	0.1206	_19662_	1
261	0.1206	_00373_	2
261	0.1206	_40519_	2
261	0.1206	_40538_	1
261	0.1206	_45039_	1
261	0.1206	_42547_	1
261	0.1206	_42545_	1
261	0.1206	_01885_	1
261	0.1206	_10599_	10
261	0.1206	_10596_	9
261	0.1206	u3.mul_b[35]	1
262	0.1212	_10135_	1
262	0.1212	_35261_	1
262	0.1212	_35260_	1
262	0.1212	_26865_	10
262	0.1212	_26864_	10
262	0.1212	_26863_	10
262	0.1212	_26840_	10
262	0.1212	_26839_	1
262	0.1212	_26835_	1
262	0.1212	_26799_	1
262	0.1212	_26772_	2
262	0.1212	_26771_	1
262	0.1212	_26769_	2
262	0.1212	_03835_	2
262	0.1212	u4.dividend_reg[20]	5
263	0.1281	_08374_	1
263	0.1281	_27907_	1
263	0.1281	_26865_	10
263	0.1281	_26864_	10
263	0.1281	_26863_	10
263	0.1281	_26840_	10
263	0.1281	_26839_	1
263	0.1281	_26835_	1
263	0.1281	_26799_	1
263	0.1281	_26772_	2
263	0.1281	_26771_	1
263	0.1281	_26769_	2
263	0.1281	_03835_	2
263	0.1281	u4.dividend_reg[20]	5
264	0.1283	_08366_	1
264	0.1283	_27843_	1
264	0.1283	_26865_	10
264	0.1283	_26864_	10
264	0.1283	_26863_	10
264	0.1283	_26840_	10
264	0.1283	_26839_	1
264	0.1283	_26835_	1
264	0.1283	_26799_	1
264	0.1283	_26772_	2
264	0.1283	_26771_	1
264	0.1283	_26769_	2
264	0.1283	_03835_	2
264	0.1283	u4.dividend_reg[20]	5
265	0.1303	_08373_	1
265	0.1303	_27895_	1
265	0.1303	_26865_	10
265	0.1303	_26864_	10
265	0.1303	_26863_	10
265	0.1303	_26840_	10
265	0.1303	_26839_	1
265	0.1303	_26835_	1
265	0.1303	_26799_	1
265	0.1303	_26772_	2
265	0.1303	_26771_	1
265	0.1303	_26769_	2
265	0.1303	_03835_	2
265	0.1303	u4.dividend_reg[20]	5
266	0.1303	_08368_	1
266	0.1303	_27858_	1
266	0.1303	_26865_	10
266	0.1303	_26864_	10
266	0.1303	_26863_	10
266	0.1303	_26840_	10
266	0.1303	_26839_	1
266	0.1303	_26835_	1
266	0.1303	_26799_	1
266	0.1303	_26772_	2
266	0.1303	_26771_	1
266	0.1303	_26769_	2
266	0.1303	_03835_	2
266	0.1303	u4.dividend_reg[20]	5
267	0.1303	_08365_	1
267	0.1303	_27826_	1
267	0.1303	_26865_	10
267	0.1303	_26864_	10
267	0.1303	_26863_	10
267	0.1303	_26840_	10
267	0.1303	_26839_	1
267	0.1303	_26835_	1
267	0.1303	_26799_	1
267	0.1303	_26772_	2
267	0.1303	_26771_	1
267	0.1303	_26769_	2
267	0.1303	_03835_	2
267	0.1303	u4.dividend_reg[20]	5
268	0.1303	_08393_	1
268	0.1303	_28076_	1
268	0.1303	_28075_	1
268	0.1303	_26877_	10
268	0.1303	_26863_	10
268	0.1303	_26840_	10
268	0.1303	_26839_	1
268	0.1303	_26835_	1
268	0.1303	_26799_	1
268	0.1303	_26772_	2
268	0.1303	_26771_	1
268	0.1303	_26769_	2
268	0.1303	_03835_	2
268	0.1303	u4.dividend_reg[20]	5
269	0.1303	_08391_	1
269	0.1303	_28057_	1
269	0.1303	_28056_	1
269	0.1303	_26877_	10
269	0.1303	_26863_	10
269	0.1303	_26840_	10
269	0.1303	_26839_	1
269	0.1303	_26835_	1
269	0.1303	_26799_	1
269	0.1303	_26772_	2
269	0.1303	_26771_	1
269	0.1303	_26769_	2
269	0.1303	_03835_	2
269	0.1303	u4.dividend_reg[20]	5
270	0.1311	_08390_	1
270	0.1311	_28048_	1
270	0.1311	_28047_	1
270	0.1311	_27919_	10
270	0.1311	_26863_	10
270	0.1311	_26840_	10
270	0.1311	_26839_	1
270	0.1311	_26835_	1
270	0.1311	_26799_	1
270	0.1311	_26772_	2
270	0.1311	_26771_	1
270	0.1311	_26769_	2
270	0.1311	_03835_	2
270	0.1311	u4.dividend_reg[20]	5
271	0.1311	_08388_	1
271	0.1311	_28034_	1
271	0.1311	_28033_	1
271	0.1311	_27919_	10
271	0.1311	_26863_	10
271	0.1311	_26840_	10
271	0.1311	_26839_	1
271	0.1311	_26835_	1
271	0.1311	_26799_	1
271	0.1311	_26772_	2
271	0.1311	_26771_	1
271	0.1311	_26769_	2
271	0.1311	_03835_	2
271	0.1311	u4.dividend_reg[20]	5
272	0.1311	_08387_	1
272	0.1311	_28025_	1
272	0.1311	_28023_	1
272	0.1311	_27919_	10
272	0.1311	_26863_	10
272	0.1311	_26840_	10
272	0.1311	_26839_	1
272	0.1311	_26835_	1
272	0.1311	_26799_	1
272	0.1311	_26772_	2
272	0.1311	_26771_	1
272	0.1311	_26769_	2
272	0.1311	_03835_	2
272	0.1311	u4.dividend_reg[20]	5
273	0.1319	_08394_	1
273	0.1319	_28088_	1
273	0.1319	_28087_	1
273	0.1319	_26877_	10
273	0.1319	_26863_	10
273	0.1319	_26840_	10
273	0.1319	_26839_	1
273	0.1319	_26835_	1
273	0.1319	_26799_	1
273	0.1319	_26772_	2
273	0.1319	_26771_	1
273	0.1319	_26769_	2
273	0.1319	_03835_	2
273	0.1319	u4.dividend_reg[20]	5
274	0.1319	_08400_	1
274	0.1319	_28137_	1
274	0.1319	_28136_	1
274	0.1319	_26877_	10
274	0.1319	_26863_	10
274	0.1319	_26840_	10
274	0.1319	_26839_	1
274	0.1319	_26835_	1
274	0.1319	_26799_	1
274	0.1319	_26772_	2
274	0.1319	_26771_	1
274	0.1319	_26769_	2
274	0.1319	_03835_	2
274	0.1319	u4.dividend_reg[20]	5
275	0.1319	_08399_	1
275	0.1319	_28130_	1
275	0.1319	_28129_	1
275	0.1319	_26877_	10
275	0.1319	_26863_	10
275	0.1319	_26840_	10
275	0.1319	_26839_	1
275	0.1319	_26835_	1
275	0.1319	_26799_	1
275	0.1319	_26772_	2
275	0.1319	_26771_	1
275	0.1319	_26769_	2
275	0.1319	_03835_	2
275	0.1319	u4.dividend_reg[20]	5
276	0.1319	_08398_	1
276	0.1319	_28123_	1
276	0.1319	_28122_	1
276	0.1319	_26877_	10
276	0.1319	_26863_	10
276	0.1319	_26840_	10
276	0.1319	_26839_	1
276	0.1319	_26835_	1
276	0.1319	_26799_	1
276	0.1319	_26772_	2
276	0.1319	_26771_	1
276	0.1319	_26769_	2
276	0.1319	_03835_	2
276	0.1319	u4.dividend_reg[20]	5
277	0.1319	_08397_	1
277	0.1319	_28114_	1
277	0.1319	_28113_	1
277	0.1319	_26877_	10
277	0.1319	_26863_	10
277	0.1319	_26840_	10
277	0.1319	_26839_	1
277	0.1319	_26835_	1
277	0.1319	_26799_	1
277	0.1319	_26772_	2
277	0.1319	_26771_	1
277	0.1319	_26769_	2
277	0.1319	_03835_	2
277	0.1319	u4.dividend_reg[20]	5
278	0.1320	_08401_	1
278	0.1320	_28144_	1
278	0.1320	_28143_	1
278	0.1320	_26877_	10
278	0.1320	_26863_	10
278	0.1320	_26840_	10
278	0.1320	_26839_	1
278	0.1320	_26835_	1
278	0.1320	_26799_	1
278	0.1320	_26772_	2
278	0.1320	_26771_	1
278	0.1320	_26769_	2
278	0.1320	_03835_	2
278	0.1320	u4.dividend_reg[20]	5
279	0.1326	_08384_	1
279	0.1326	_28001_	1
279	0.1326	_28000_	1
279	0.1326	_27919_	10
279	0.1326	_26863_	10
279	0.1326	_26840_	10
279	0.1326	_26839_	1
279	0.1326	_26835_	1
279	0.1326	_26799_	1
279	0.1326	_26772_	2
279	0.1326	_26771_	1
279	0.1326	_26769_	2
279	0.1326	_03835_	2
279	0.1326	u4.dividend_reg[20]	5
280	0.1326	_08386_	1
280	0.1326	_28019_	1
280	0.1326	_28018_	1
280	0.1326	_27919_	10
280	0.1326	_26863_	10
280	0.1326	_26840_	10
280	0.1326	_26839_	1
280	0.1326	_26835_	1
280	0.1326	_26799_	1
280	0.1326	_26772_	2
280	0.1326	_26771_	1
280	0.1326	_26769_	2
280	0.1326	_03835_	2
280	0.1326	u4.dividend_reg[20]	5
281	0.1326	_08385_	1
281	0.1326	_28012_	1
281	0.1326	_28011_	1
281	0.1326	_27919_	10
281	0.1326	_26863_	10
281	0.1326	_26840_	10
281	0.1326	_26839_	1
281	0.1326	_26835_	1
281	0.1326	_26799_	1
281	0.1326	_26772_	2
281	0.1326	_26771_	1
281	0.1326	_26769_	2
281	0.1326	_03835_	2
281	0.1326	u4.dividend_reg[20]	5
282	0.1326	_08383_	1
282	0.1326	_27994_	1
282	0.1326	_27993_	1
282	0.1326	_27919_	10
282	0.1326	_26863_	10
282	0.1326	_26840_	10
282	0.1326	_26839_	1
282	0.1326	_26835_	1
282	0.1326	_26799_	1
282	0.1326	_26772_	2
282	0.1326	_26771_	1
282	0.1326	_26769_	2
282	0.1326	_03835_	2
282	0.1326	u4.dividend_reg[20]	5
283	0.1326	_08381_	1
283	0.1326	_27977_	1
283	0.1326	_27976_	1
283	0.1326	_27919_	10
283	0.1326	_26863_	10
283	0.1326	_26840_	10
283	0.1326	_26839_	1
283	0.1326	_26835_	1
283	0.1326	_26799_	1
283	0.1326	_26772_	2
283	0.1326	_26771_	1
283	0.1326	_26769_	2
283	0.1326	_03835_	2
283	0.1326	u4.dividend_reg[20]	5
284	0.1326	_08377_	1
284	0.1326	_27938_	1
284	0.1326	_27937_	1
284	0.1326	_27919_	10
284	0.1326	_26863_	10
284	0.1326	_26840_	10
284	0.1326	_26839_	1
284	0.1326	_26835_	1
284	0.1326	_26799_	1
284	0.1326	_26772_	2
284	0.1326	_26771_	1
284	0.1326	_26769_	2
284	0.1326	_03835_	2
284	0.1326	u4.dividend_reg[20]	5
285	0.1326	_08375_	1
285	0.1326	_27921_	1
285	0.1326	_27920_	1
285	0.1326	_27919_	10
285	0.1326	_26863_	10
285	0.1326	_26840_	10
285	0.1326	_26839_	1
285	0.1326	_26835_	1
285	0.1326	_26799_	1
285	0.1326	_26772_	2
285	0.1326	_26771_	1
285	0.1326	_26769_	2
285	0.1326	_03835_	2
285	0.1326	u4.dividend_reg[20]	5
286	0.1349	_08361_	1
286	0.1349	_27778_	1
286	0.1349	_26865_	10
286	0.1349	_26864_	10
286	0.1349	_26863_	10
286	0.1349	_26840_	10
286	0.1349	_26839_	1
286	0.1349	_26835_	1
286	0.1349	_26799_	1
286	0.1349	_26772_	2
286	0.1349	_26771_	1
286	0.1349	_26769_	2
286	0.1349	_03835_	2
286	0.1349	u4.dividend_reg[20]	5
287	0.1375	_08200_	1
287	0.1375	_26875_	1
287	0.1375	_26865_	10
287	0.1375	_26864_	10
287	0.1375	_26863_	10
287	0.1375	_26840_	10
287	0.1375	_26839_	1
287	0.1375	_26835_	1
287	0.1375	_26799_	1
287	0.1375	_26772_	2
287	0.1375	_26771_	1
287	0.1375	_26769_	2
287	0.1375	_03835_	2
287	0.1375	u4.dividend_reg[20]	5
288	0.1376	_08199_	1
288	0.1376	_26871_	1
288	0.1376	_26865_	10
288	0.1376	_26864_	10
288	0.1376	_26863_	10
288	0.1376	_26840_	10
288	0.1376	_26839_	1
288	0.1376	_26835_	1
288	0.1376	_26799_	1
288	0.1376	_26772_	2
288	0.1376	_26771_	1
288	0.1376	_26769_	2
288	0.1376	_03835_	2
288	0.1376	u4.dividend_reg[20]	5
289	0.1386	_08362_	1
289	0.1386	_27787_	1
289	0.1386	_26877_	10
289	0.1386	_26863_	10
289	0.1386	_26840_	10
289	0.1386	_26839_	1
289	0.1386	_26835_	1
289	0.1386	_26799_	1
289	0.1386	_26772_	2
289	0.1386	_26771_	1
289	0.1386	_26769_	2
289	0.1386	_03835_	2
289	0.1386	u4.dividend_reg[20]	5
290	0.1387	_06875_	1
290	0.1387	_18791_	1
290	0.1387	_18790_	2
290	0.1387	_18786_	1
290	0.1387	_18782_	2
290	0.1387	_18781_	2
290	0.1387	_18779_	3
290	0.1387	_18778_	2
290	0.1387	_18777_	2
290	0.1387	_18776_	2
290	0.1387	_18775_	2
290	0.1387	_18774_	1
290	0.1387	_00307_	2
290	0.1387	_00304_	2
290	0.1387	_05156_	1
290	0.1387	_10507_	10
290	0.1387	_10506_	9
290	0.1387	u3.mul_a[0]	1
291	0.1390	_08371_	1
291	0.1390	_27879_	1
291	0.1390	_27877_	1
291	0.1390	_26864_	10
291	0.1390	_26863_	10
291	0.1390	_26840_	10
291	0.1390	_26839_	1
291	0.1390	_26835_	1
291	0.1390	_26799_	1
291	0.1390	_26772_	2
291	0.1390	_26771_	1
291	0.1390	_26769_	2
291	0.1390	_03835_	2
291	0.1390	u4.dividend_reg[20]	5
292	0.1418	_08939_	1
292	0.1418	_31573_	1
292	0.1418	_31572_	2
292	0.1418	_31514_	6
292	0.1418	_31501_	7
292	0.1418	_31500_	1
292	0.1418	_31498_	5
292	0.1418	_31494_	6
292	0.1418	_31491_	5
292	0.1418	_31490_	4
292	0.1418	_31489_	3
292	0.1418	_27638_	6
292	0.1418	u4.dividend_a[51]	1
293	0.1435	_08231_	1
293	0.1435	_26972_	1
293	0.1435	_26878_	10
293	0.1435	_26877_	10
293	0.1435	_26863_	10
293	0.1435	_26840_	10
293	0.1435	_26839_	1
293	0.1435	_26835_	1
293	0.1435	_26799_	1
293	0.1435	_26772_	2
293	0.1435	_26771_	1
293	0.1435	_26769_	2
293	0.1435	_03835_	2
293	0.1435	u4.dividend_reg[20]	5
294	0.1435	_08217_	1
294	0.1435	_26937_	1
294	0.1435	_26878_	10
294	0.1435	_26877_	10
294	0.1435	_26863_	10
294	0.1435	_26840_	10
294	0.1435	_26839_	1
294	0.1435	_26835_	1
294	0.1435	_26799_	1
294	0.1435	_26772_	2
294	0.1435	_26771_	1
294	0.1435	_26769_	2
294	0.1435	_03835_	2
294	0.1435	u4.dividend_reg[20]	5
295	0.1435	_08216_	1
295	0.1435	_26935_	1
295	0.1435	_26878_	10
295	0.1435	_26877_	10
295	0.1435	_26863_	10
295	0.1435	_26840_	10
295	0.1435	_26839_	1
295	0.1435	_26835_	1
295	0.1435	_26799_	1
295	0.1435	_26772_	2
295	0.1435	_26771_	1
295	0.1435	_26769_	2
295	0.1435	_03835_	2
295	0.1435	u4.dividend_reg[20]	5
296	0.1436	_08205_	1
296	0.1436	_26897_	1
296	0.1436	_26878_	10
296	0.1436	_26877_	10
296	0.1436	_26863_	10
296	0.1436	_26840_	10
296	0.1436	_26839_	1
296	0.1436	_26835_	1
296	0.1436	_26799_	1
296	0.1436	_26772_	2
296	0.1436	_26771_	1
296	0.1436	_26769_	2
296	0.1436	_03835_	2
296	0.1436	u4.dividend_reg[20]	5
297	0.1436	_08204_	1
297	0.1436	_26894_	1
297	0.1436	_26878_	10
297	0.1436	_26877_	10
297	0.1436	_26863_	10
297	0.1436	_26840_	10
297	0.1436	_26839_	1
297	0.1436	_26835_	1
297	0.1436	_26799_	1
297	0.1436	_26772_	2
297	0.1436	_26771_	1
297	0.1436	_26769_	2
297	0.1436	_03835_	2
297	0.1436	u4.dividend_reg[20]	5
298	0.1436	_08203_	1
298	0.1436	_26891_	1
298	0.1436	_26878_	10
298	0.1436	_26877_	10
298	0.1436	_26863_	10
298	0.1436	_26840_	10
298	0.1436	_26839_	1
298	0.1436	_26835_	1
298	0.1436	_26799_	1
298	0.1436	_26772_	2
298	0.1436	_26771_	1
298	0.1436	_26769_	2
298	0.1436	_03835_	2
298	0.1436	u4.dividend_reg[20]	5
299	0.1436	_08201_	1
299	0.1436	_26880_	1
299	0.1436	_26878_	10
299	0.1436	_26877_	10
299	0.1436	_26863_	10
299	0.1436	_26840_	10
299	0.1436	_26839_	1
299	0.1436	_26835_	1
299	0.1436	_26799_	1
299	0.1436	_26772_	2
299	0.1436	_26771_	1
299	0.1436	_26769_	2
299	0.1436	_03835_	2
299	0.1436	u4.dividend_reg[20]	5
300	0.1436	_08221_	1
300	0.1436	_26948_	1
300	0.1436	_26878_	10
300	0.1436	_26877_	10
300	0.1436	_26863_	10
300	0.1436	_26840_	10
300	0.1436	_26839_	1
300	0.1436	_26835_	1
300	0.1436	_26799_	1
300	0.1436	_26772_	2
300	0.1436	_26771_	1
300	0.1436	_26769_	2
300	0.1436	_03835_	2
300	0.1436	u4.dividend_reg[20]	5
301	0.1436	_08220_	1
301	0.1436	_26946_	1
301	0.1436	_26878_	10
301	0.1436	_26877_	10
301	0.1436	_26863_	10
301	0.1436	_26840_	10
301	0.1436	_26839_	1
301	0.1436	_26835_	1
301	0.1436	_26799_	1
301	0.1436	_26772_	2
301	0.1436	_26771_	1
301	0.1436	_26769_	2
301	0.1436	_03835_	2
301	0.1436	u4.dividend_reg[20]	5
302	0.1436	_08219_	1
302	0.1436	_26944_	1
302	0.1436	_26878_	10
302	0.1436	_26877_	10
302	0.1436	_26863_	10
302	0.1436	_26840_	10
302	0.1436	_26839_	1
302	0.1436	_26835_	1
302	0.1436	_26799_	1
302	0.1436	_26772_	2
302	0.1436	_26771_	1
302	0.1436	_26769_	2
302	0.1436	_03835_	2
302	0.1436	u4.dividend_reg[20]	5
303	0.1443	_07779_	1
303	0.1443	_25504_	1
303	0.1443	_25491_	1
303	0.1443	_25490_	1
303	0.1443	_25489_	1
303	0.1443	_25488_	1
303	0.1443	_25025_	2
303	0.1443	_25024_	1
303	0.1443	_16861_	10
303	0.1443	_16860_	10
303	0.1443	_16859_	10
303	0.1443	_16858_	9
303	0.1443	u3.exponent_2[1]	3
304	0.1488	_08369_	1
304	0.1488	_27867_	1
304	0.1488	_27866_	1
304	0.1488	_26863_	10
304	0.1488	_26840_	10
304	0.1488	_26839_	1
304	0.1488	_26835_	1
304	0.1488	_26799_	1
304	0.1488	_26772_	2
304	0.1488	_26771_	1
304	0.1488	_26769_	2
304	0.1488	_03835_	2
304	0.1488	u4.dividend_reg[20]	5
305	0.1489	_10109_	1
305	0.1489	_35124_	1
305	0.1489	_18790_	2
305	0.1489	_18786_	1
305	0.1489	_18782_	2
305	0.1489	_18781_	2
305	0.1489	_18779_	3
305	0.1489	_18778_	2
305	0.1489	_18777_	2
305	0.1489	_18776_	2
305	0.1489	_18775_	2
305	0.1489	_18774_	1
305	0.1489	_00307_	2
305	0.1489	_00304_	2
305	0.1489	_05156_	1
305	0.1489	_10507_	10
305	0.1489	_10506_	9
305	0.1489	u3.mul_a[0]	1
306	0.1518	_06788_	1
306	0.1518	_18046_	1
306	0.1518	_01751_	1
306	0.1518	_42972_	2
306	0.1518	_43304_	1
306	0.1518	_45586_	1
306	0.1518	_44572_	1
306	0.1518	_44150_	1
306	0.1518	_02209_	1
306	0.1518	_10689_	10
306	0.1518	_10500_	9
306	0.1518	u3.mul_a[1]	1
307	0.1518	_06868_	1
307	0.1518	_18689_	1
307	0.1518	_02421_	1
307	0.1518	_44257_	2
307	0.1518	_44597_	1
307	0.1518	_45392_	1
307	0.1518	_43976_	1
307	0.1518	_42765_	1
307	0.1518	_01716_	1
307	0.1518	_10625_	10
307	0.1518	_10500_	9
307	0.1518	u3.mul_a[1]	1
308	0.1518	_06959_	1
308	0.1518	_19391_	1
308	0.1518	_00768_	1
308	0.1518	_41212_	2
308	0.1518	_41209_	1
308	0.1518	_45426_	1
308	0.1518	_41114_	1
308	0.1518	_41112_	1
308	0.1518	_01726_	1
308	0.1518	_10837_	10
308	0.1518	_10749_	9
308	0.1518	u3.mul_a[25]	1
309	0.1519	_06828_	1
309	0.1519	_18375_	1
309	0.1519	_01285_	1
309	0.1519	_40453_	2
309	0.1519	_40450_	1
309	0.1519	_45345_	1
309	0.1519	_42757_	1
309	0.1519	_42755_	1
309	0.1519	_02411_	1
309	0.1519	_10501_	10
309	0.1519	_10500_	9
309	0.1519	u3.mul_a[1]	1
310	0.1519	_06926_	1
310	0.1519	_19141_	1
310	0.1519	_00325_	1
310	0.1519	_40126_	2
310	0.1519	_40179_	1
310	0.1519	_44943_	1
310	0.1519	_43706_	1
310	0.1519	_40687_	1
310	0.1519	_00435_	1
310	0.1519	_10750_	10
310	0.1519	_10749_	9
310	0.1519	u3.mul_a[25]	1
311	0.1547	_06994_	1
311	0.1547	_19664_	1
311	0.1547	_00374_	1
311	0.1547	_40519_	2
311	0.1547	_40538_	1
311	0.1547	_45039_	1
311	0.1547	_42547_	1
311	0.1547	_42545_	1
311	0.1547	_01885_	1
311	0.1547	_10599_	10
311	0.1547	_10596_	9
311	0.1547	u3.mul_b[35]	1
312	0.1551	_10164_	1
312	0.1551	_35412_	1
312	0.1551	_31517_	2
312	0.1551	_31514_	6
312	0.1551	_31501_	7
312	0.1551	_31500_	1
312	0.1551	_31498_	5
312	0.1551	_31494_	6
312	0.1551	_31491_	5
312	0.1551	_31490_	4
312	0.1551	_31489_	3
312	0.1551	_27638_	6
312	0.1551	u4.dividend_a[51]	1
313	0.1552	_08942_	1
313	0.1552	_31642_	1
313	0.1552	_31641_	1
313	0.1552	_31514_	6
313	0.1552	_31501_	7
313	0.1552	_31500_	1
313	0.1552	_31498_	5
313	0.1552	_31494_	6
313	0.1552	_31491_	5
313	0.1552	_31490_	4
313	0.1552	_31489_	3
313	0.1552	_27638_	6
313	0.1552	u4.dividend_a[51]	1
314	0.1575	_08938_	1
314	0.1575	_31543_	1
314	0.1575	_31517_	2
314	0.1575	_31514_	6
314	0.1575	_31501_	7
314	0.1575	_31500_	1
314	0.1575	_31498_	5
314	0.1575	_31494_	6
314	0.1575	_31491_	5
314	0.1575	_31490_	4
314	0.1575	_31489_	3
314	0.1575	_27638_	6
314	0.1575	u4.dividend_a[51]	1
315	0.1579	_08382_	1
315	0.1579	_27987_	1
315	0.1579	_27986_	1
315	0.1579	_27985_	1
315	0.1579	_26863_	10
315	0.1579	_26840_	10
315	0.1579	_26839_	1
315	0.1579	_26835_	1
315	0.1579	_26799_	1
315	0.1579	_26772_	2
315	0.1579	_26771_	1
315	0.1579	_26769_	2
315	0.1579	_03835_	2
315	0.1579	u4.dividend_reg[20]	5
316	0.1579	_08367_	1
316	0.1579	_27853_	1
316	0.1579	_27852_	1
316	0.1579	_27851_	1
316	0.1579	_26863_	10
316	0.1579	_26840_	10
316	0.1579	_26839_	1
316	0.1579	_26835_	1
316	0.1579	_26799_	1
316	0.1579	_26772_	2
316	0.1579	_26771_	1
316	0.1579	_26769_	2
316	0.1579	_03835_	2
316	0.1579	u4.dividend_reg[20]	5
317	0.1589	_08352_	1
317	0.1589	_27379_	1
317	0.1589	_27378_	1
317	0.1589	_27377_	1
317	0.1589	_26864_	10
317	0.1589	_26863_	10
317	0.1589	_26840_	10
317	0.1589	_26839_	1
317	0.1589	_26835_	1
317	0.1589	_26799_	1
317	0.1589	_26772_	2
317	0.1589	_26771_	1
317	0.1589	_26769_	2
317	0.1589	_03835_	2
317	0.1589	u4.dividend_reg[20]	5
318	0.1598	_09950_	1
318	0.1598	_34217_	1
318	0.1598	_34216_	3
318	0.1598	_34148_	6
318	0.1598	_34141_	2
318	0.1598	_34139_	5
318	0.1598	_34138_	4
318	0.1598	_34135_	4
318	0.1598	_34132_	4
318	0.1598	_34127_	3
318	0.1598	_34126_	3
318	0.1598	_34125_	5
318	0.1598	u2.diff[54]	1
319	0.1603	_08357_	1
319	0.1603	_26865_	10
319	0.1603	_26864_	10
319	0.1603	_26863_	10
319	0.1603	_26840_	10
319	0.1603	_26839_	1
319	0.1603	_26835_	1
319	0.1603	_26799_	1
319	0.1603	_26772_	2
319	0.1603	_26771_	1
319	0.1603	_26769_	2
319	0.1603	_03835_	2
319	0.1603	u4.dividend_reg[20]	5
320	0.1604	_08358_	1
320	0.1604	_27748_	1
320	0.1604	_27744_	1
320	0.1604	_27743_	1
320	0.1604	_26864_	10
320	0.1604	_26863_	10
320	0.1604	_26840_	10
320	0.1604	_26839_	1
320	0.1604	_26835_	1
320	0.1604	_26799_	1
320	0.1604	_26772_	2
320	0.1604	_26771_	1
320	0.1604	_26769_	2
320	0.1604	_03835_	2
320	0.1604	u4.dividend_reg[20]	5
321	0.1623	_08355_	1
321	0.1623	_27710_	1
321	0.1623	_27709_	1
321	0.1623	_27708_	1
321	0.1623	_26864_	10
321	0.1623	_26863_	10
321	0.1623	_26840_	10
321	0.1623	_26839_	1
321	0.1623	_26835_	1
321	0.1623	_26799_	1
321	0.1623	_26772_	2
321	0.1623	_26771_	1
321	0.1623	_26769_	2
321	0.1623	_03835_	2
321	0.1623	u4.dividend_reg[20]	5
322	0.1625	_07559_	1
322	0.1625	_23613_	1
322	0.1625	_23612_	1
322	0.1625	_23611_	1
322	0.1625	_23610_	1
322	0.1625	_23609_	1
322	0.1625	_23608_	1
322	0.1625	_23607_	2
322	0.1625	_23606_	2
322	0.1625	_17358_	10
322	0.1625	_17357_	10
322	0.1625	_17356_	10
322	0.1625	_17355_	10
322	0.1625	u3.exponent_under[1]	2
323	0.1628	_07558_	1
323	0.1628	_23604_	1
323	0.1628	_23603_	1
323	0.1628	_23602_	1
323	0.1628	_23601_	1
323	0.1628	_23600_	1
323	0.1628	_23599_	1
323	0.1628	_23598_	2
323	0.1628	_23588_	2
323	0.1628	_17358_	10
323	0.1628	_17357_	10
323	0.1628	_17356_	10
323	0.1628	_17355_	10
323	0.1628	u3.exponent_under[1]	2
324	0.1629	_10163_	1
324	0.1629	_35406_	1
324	0.1629	_31444_	2
324	0.1629	_31356_	2
324	0.1629	_31350_	2
324	0.1629	_31349_	3
324	0.1629	_31339_	6
324	0.1629	_31338_	2
324	0.1629	_31334_	4
324	0.1629	_31333_	3
324	0.1629	_31332_	3
324	0.1629	_27235_	8
324	0.1629	u4.divisor_b[31]	1
325	0.1636	_08364_	1
325	0.1636	_27807_	1
325	0.1636	_27806_	1
325	0.1636	_27804_	1
325	0.1636	_26864_	10
325	0.1636	_26863_	10
325	0.1636	_26840_	10
325	0.1636	_26839_	1
325	0.1636	_26835_	1
325	0.1636	_26799_	1
325	0.1636	_26772_	2
325	0.1636	_26771_	1
325	0.1636	_26769_	2
325	0.1636	_03835_	2
325	0.1636	u4.dividend_reg[20]	5
326	0.1645	_09951_	1
326	0.1645	_34245_	1
326	0.1645	_34216_	3
326	0.1645	_34148_	6
326	0.1645	_34141_	2
326	0.1645	_34139_	5
326	0.1645	_34138_	4
326	0.1645	_34135_	4
326	0.1645	_34132_	4
326	0.1645	_34127_	3
326	0.1645	_34126_	3
326	0.1645	_34125_	5
326	0.1645	u2.diff[54]	1
327	0.1716	_08940_	1
327	0.1716	_31598_	1
327	0.1716	_31590_	2
327	0.1716	_31587_	1
327	0.1716	_31514_	6
327	0.1716	_31501_	7
327	0.1716	_31500_	1
327	0.1716	_31498_	5
327	0.1716	_31494_	6
327	0.1716	_31491_	5
327	0.1716	_31490_	4
327	0.1716	_31489_	3
327	0.1716	_27638_	6
327	0.1716	u4.dividend_a[51]	1
328	0.1722	_08353_	1
328	0.1722	_27635_	1
328	0.1722	_27634_	1
328	0.1722	_27633_	1
328	0.1722	_27632_	3
328	0.1722	_27631_	1
328	0.1722	_27610_	3
328	0.1722	_27609_	2
328	0.1722	_27603_	2
328	0.1722	_27602_	2
328	0.1722	_27598_	2
328	0.1722	_27597_	2
328	0.1722	_27497_	7
328	0.1722	_03862_	1
328	0.1722	u4.dividend_reg[15]	5
329	0.1726	_08941_	1
329	0.1726	_31612_	1
329	0.1726	_31590_	2
329	0.1726	_31587_	1
329	0.1726	_31514_	6
329	0.1726	_31501_	7
329	0.1726	_31500_	1
329	0.1726	_31498_	5
329	0.1726	_31494_	6
329	0.1726	_31491_	5
329	0.1726	_31490_	4
329	0.1726	_31489_	3
329	0.1726	_27638_	6
329	0.1726	u4.dividend_a[51]	1
330	0.1744	_08392_	1
330	0.1744	_28066_	1
330	0.1744	_28065_	1
330	0.1744	_26841_	10
330	0.1744	_26840_	10
330	0.1744	_26839_	1
330	0.1744	_26835_	1
330	0.1744	_26799_	1
330	0.1744	_26772_	2
330	0.1744	_26771_	1
330	0.1744	_26769_	2
330	0.1744	_03835_	2
330	0.1744	u4.dividend_reg[20]	5
331	0.1776	_07801_	1
331	0.1776	_25791_	1
331	0.1776	_25790_	1
331	0.1776	_25789_	1
331	0.1776	_25650_	2
331	0.1776	_25300_	2
331	0.1776	_25295_	1
331	0.1776	_25294_	2
331	0.1776	_16861_	10
331	0.1776	_16860_	10
331	0.1776	_16859_	10
331	0.1776	_16858_	9
331	0.1776	u3.exponent_2[1]	3
332	0.1776	_08372_	1
332	0.1776	_27886_	1
332	0.1776	_27885_	1
332	0.1776	_26920_	10
332	0.1776	_26919_	2
332	0.1776	_26840_	10
332	0.1776	_26839_	1
332	0.1776	_26835_	1
332	0.1776	_26799_	1
332	0.1776	_26772_	2
332	0.1776	_26771_	1
332	0.1776	_26769_	2
332	0.1776	_03835_	2
332	0.1776	u4.dividend_reg[20]	5
333	0.1779	_07785_	1
333	0.1779	_25654_	1
333	0.1779	_25653_	1
333	0.1779	_25652_	1
333	0.1779	_25650_	2
333	0.1779	_25300_	2
333	0.1779	_25295_	1
333	0.1779	_25294_	2
333	0.1779	_16861_	10
333	0.1779	_16860_	10
333	0.1779	_16859_	10
333	0.1779	_16858_	9
333	0.1779	u3.exponent_2[1]	3
334	0.1779	_07793_	1
334	0.1779	_25739_	1
334	0.1779	_25737_	1
334	0.1779	_25736_	1
334	0.1779	_25309_	2
334	0.1779	_25300_	2
334	0.1779	_25295_	1
334	0.1779	_25294_	2
334	0.1779	_16861_	10
334	0.1779	_16860_	10
334	0.1779	_16859_	10
334	0.1779	_16858_	9
334	0.1779	u3.exponent_2[1]	3
335	0.1785	_05916_	1
335	0.1785	_13997_	1
335	0.1785	_13996_	1
335	0.1785	_13994_	2
335	0.1785	_13983_	3
335	0.1785	_13982_	3
335	0.1785	_13914_	1
335	0.1785	_13902_	2
335	0.1785	_13894_	1
335	0.1785	_13893_	2
335	0.1785	_13887_	2
335	0.1785	_13886_	7
335	0.1785	_03938_	1
335	0.1785	u2.minuend[24]	2
336	0.1793	_07786_	1
336	0.1793	_25669_	1
336	0.1793	_25668_	1
336	0.1793	_25664_	2
336	0.1793	_25662_	2
336	0.1793	_25377_	2
336	0.1793	_25374_	1
336	0.1793	_25373_	2
336	0.1793	_25255_	2
336	0.1793	_25017_	10
336	0.1793	_25016_	10
336	0.1793	_16858_	9
336	0.1793	u3.exponent_2[1]	3
337	0.1794	_08354_	1
337	0.1794	_27703_	1
337	0.1794	_27651_	3
337	0.1794	_26863_	10
337	0.1794	_26840_	10
337	0.1794	_26839_	1
337	0.1794	_26835_	1
337	0.1794	_26799_	1
337	0.1794	_26772_	2
337	0.1794	_26771_	1
337	0.1794	_26769_	2
337	0.1794	_03835_	2
337	0.1794	u4.dividend_reg[20]	5
338	0.1794	_07556_	1
338	0.1794	_23584_	1
338	0.1794	_23583_	1
338	0.1794	_23582_	1
338	0.1794	_23581_	1
338	0.1794	_23580_	1
338	0.1794	_23579_	2
338	0.1794	_23578_	2
338	0.1794	_23577_	2
338	0.1794	_17358_	10
338	0.1794	_17357_	10
338	0.1794	_17356_	10
338	0.1794	_17355_	10
338	0.1794	u3.exponent_under[1]	2
339	0.1801	_07528_	1
339	0.1801	_23312_	1
339	0.1801	_23311_	1
339	0.1801	_23310_	2
339	0.1801	_23309_	2
339	0.1801	_23308_	2
339	0.1801	_23307_	2
339	0.1801	_23304_	1
339	0.1801	_23296_	2
339	0.1801	_22637_	10
339	0.1801	_22607_	10
339	0.1801	_22606_	10
339	0.1801	u3.exponent_under[1]	2
340	0.1802	_07527_	1
340	0.1802	_23303_	1
340	0.1802	_23302_	1
340	0.1802	_23301_	2
340	0.1802	_23300_	2
340	0.1802	_23299_	2
340	0.1802	_23298_	2
340	0.1802	_23297_	1
340	0.1802	_23296_	2
340	0.1802	_22637_	10
340	0.1802	_22607_	10
340	0.1802	_22606_	10
340	0.1802	u3.exponent_under[1]	2
341	0.1803	_07564_	1
341	0.1803	_23663_	1
341	0.1803	_23662_	1
341	0.1803	_23661_	1
341	0.1803	_23660_	1
341	0.1803	_23655_	1
341	0.1803	_23579_	2
341	0.1803	_23578_	2
341	0.1803	_23577_	2
341	0.1803	_17358_	10
341	0.1803	_17357_	10
341	0.1803	_17356_	10
341	0.1803	_17355_	10
341	0.1803	u3.exponent_under[1]	2
342	0.1806	_07777_	1
342	0.1806	_25372_	1
342	0.1806	_25327_	1
342	0.1806	_25292_	2
342	0.1806	_25271_	2
342	0.1806	_25261_	2
342	0.1806	_25257_	1
342	0.1806	_25256_	2
342	0.1806	_25255_	2
342	0.1806	_25017_	10
342	0.1806	_25016_	10
342	0.1806	_16858_	9
342	0.1806	u3.exponent_2[1]	3
343	0.1810	_07778_	1
343	0.1810	_25475_	1
343	0.1810	_25440_	1
343	0.1810	_25401_	2
343	0.1810	_25385_	2
343	0.1810	_25377_	2
343	0.1810	_25374_	1
343	0.1810	_25373_	2
343	0.1810	_25255_	2
343	0.1810	_25017_	10
343	0.1810	_25016_	10
343	0.1810	_16858_	9
343	0.1810	u3.exponent_2[1]	3
344	0.1816	_07524_	1
344	0.1816	_23274_	1
344	0.1816	_23273_	1
344	0.1816	_23272_	2
344	0.1816	_23271_	2
344	0.1816	_23270_	2
344	0.1816	_23269_	2
344	0.1816	_23266_	1
344	0.1816	_23257_	2
344	0.1816	_22660_	10
344	0.1816	_22659_	10
344	0.1816	_22606_	10
344	0.1816	u3.exponent_under[1]	2
345	0.1817	_07548_	1
345	0.1817	_23508_	1
345	0.1817	_23507_	1
345	0.1817	_23506_	1
345	0.1817	_23505_	2
345	0.1817	_23504_	2
345	0.1817	_23500_	1
345	0.1817	_23466_	2
345	0.1817	_23465_	2
345	0.1817	_22603_	10
345	0.1817	_17356_	10
345	0.1817	_17355_	10
345	0.1817	u3.exponent_under[1]	2
346	0.1819	_07525_	1
346	0.1819	_23283_	1
346	0.1819	_23282_	1
346	0.1819	_23281_	2
346	0.1819	_23280_	2
346	0.1819	_23279_	2
346	0.1819	_23278_	2
346	0.1819	_23275_	1
346	0.1819	_23267_	2
346	0.1819	_22660_	10
346	0.1819	_22659_	10
346	0.1819	_22606_	10
346	0.1819	u3.exponent_under[1]	2
347	0.1819	_07531_	1
347	0.1819	_23341_	1
347	0.1819	_23340_	1
347	0.1819	_23339_	2
347	0.1819	_23182_	2
347	0.1819	_23181_	2
347	0.1819	_23180_	2
347	0.1819	_23179_	1
347	0.1819	_23178_	2
347	0.1819	_22660_	10
347	0.1819	_22659_	10
347	0.1819	_22606_	10
347	0.1819	u3.exponent_under[1]	2
348	0.1819	_07552_	1
348	0.1819	_23545_	1
348	0.1819	_23544_	1
348	0.1819	_23543_	1
348	0.1819	_23542_	1
348	0.1819	_23541_	2
348	0.1819	_23540_	2
348	0.1819	_22672_	10
348	0.1819	_22671_	10
348	0.1819	_22611_	10
348	0.1819	_22610_	10
348	0.1819	_22609_	4
348	0.1819	_16869_	7
348	0.1819	u3.exponent_1[0]	1
349	0.1824	_07529_	1
349	0.1824	_23321_	1
349	0.1824	_23320_	1
349	0.1824	_23319_	2
349	0.1824	_23163_	2
349	0.1824	_23162_	2
349	0.1824	_23120_	2
349	0.1824	_23117_	1
349	0.1824	_23105_	2
349	0.1824	_22637_	10
349	0.1824	_22607_	10
349	0.1824	_22606_	10
349	0.1824	u3.exponent_under[1]	2
350	0.1824	_07545_	1
350	0.1824	_23481_	1
350	0.1824	_23480_	1
350	0.1824	_23165_	2
350	0.1824	_23163_	2
350	0.1824	_23162_	2
350	0.1824	_23120_	2
350	0.1824	_23117_	1
350	0.1824	_23105_	2
350	0.1824	_22637_	10
350	0.1824	_22607_	10
350	0.1824	_22606_	10
350	0.1824	u3.exponent_under[1]	2
351	0.1826	_07543_	1
351	0.1826	_23462_	1
351	0.1826	_23461_	1
351	0.1826	_23144_	2
351	0.1826	_23143_	2
351	0.1826	_23142_	2
351	0.1826	_23096_	2
351	0.1826	_23095_	1
351	0.1826	_23094_	2
351	0.1826	_22637_	10
351	0.1826	_22607_	10
351	0.1826	_22606_	10
351	0.1826	u3.exponent_under[1]	2
352	0.1826	_07544_	1
352	0.1826	_23472_	1
352	0.1826	_23471_	1
352	0.1826	_23155_	2
352	0.1826	_23154_	2
352	0.1826	_23153_	2
352	0.1826	_23107_	2
352	0.1826	_23104_	1
352	0.1826	_23094_	2
352	0.1826	_22637_	10
352	0.1826	_22607_	10
352	0.1826	_22606_	10
352	0.1826	u3.exponent_under[1]	2
353	0.1826	_07560_	1
353	0.1826	_23623_	1
353	0.1826	_23622_	1
353	0.1826	_23621_	1
353	0.1826	_23620_	1
353	0.1826	_23619_	1
353	0.1826	_23618_	1
353	0.1826	_23617_	2
353	0.1826	_23616_	2
353	0.1826	_17358_	10
353	0.1826	_17357_	10
353	0.1826	_17356_	10
353	0.1826	_17355_	10
353	0.1826	u3.exponent_under[1]	2
354	0.1826	_07784_	1
354	0.1826	_25641_	1
354	0.1826	_25639_	1
354	0.1826	_25634_	2
354	0.1826	_25632_	2
354	0.1826	_25125_	2
354	0.1826	_25121_	1
354	0.1826	_25120_	2
354	0.1826	_24925_	2
354	0.1826	_24924_	10
354	0.1826	_16859_	10
354	0.1826	_16858_	9
354	0.1826	u3.exponent_2[1]	3
355	0.1827	_07553_	1
355	0.1827	_23554_	1
355	0.1827	_23553_	1
355	0.1827	_23240_	2
355	0.1827	_23239_	2
355	0.1827	_23162_	2
355	0.1827	_23120_	2
355	0.1827	_23117_	1
355	0.1827	_23105_	2
355	0.1827	_22637_	10
355	0.1827	_22607_	10
355	0.1827	_22606_	10
355	0.1827	u3.exponent_under[1]	2
356	0.1828	_07794_	1
356	0.1828	_25744_	1
356	0.1828	_25742_	1
356	0.1828	_25740_	2
356	0.1828	_25385_	2
356	0.1828	_25377_	2
356	0.1828	_25374_	1
356	0.1828	_25373_	2
356	0.1828	_25255_	2
356	0.1828	_25017_	10
356	0.1828	_25016_	10
356	0.1828	_16858_	9
356	0.1828	u3.exponent_2[1]	3
357	0.1829	_07551_	1
357	0.1829	_23535_	1
357	0.1829	_23534_	1
357	0.1829	_23220_	2
357	0.1829	_23219_	2
357	0.1829	_23142_	2
357	0.1829	_23096_	2
357	0.1829	_23095_	1
357	0.1829	_23094_	2
357	0.1829	_22637_	10
357	0.1829	_22607_	10
357	0.1829	_22606_	10
357	0.1829	u3.exponent_under[1]	2
358	0.1829	_08356_	1
358	0.1829	_27732_	1
358	0.1829	_27728_	1
358	0.1829	_26920_	10
358	0.1829	_26919_	2
358	0.1829	_26840_	10
358	0.1829	_26839_	1
358	0.1829	_26835_	1
358	0.1829	_26799_	1
358	0.1829	_26772_	2
358	0.1829	_26771_	1
358	0.1829	_26769_	2
358	0.1829	_03835_	2
358	0.1829	u4.dividend_reg[20]	5
359	0.1834	_07540_	1
359	0.1834	_23432_	1
359	0.1834	_23431_	1
359	0.1834	_23430_	1
359	0.1834	_23429_	2
359	0.1834	_23428_	2
359	0.1834	_23427_	1
359	0.1834	_23426_	2
359	0.1834	_23425_	2
359	0.1834	_22603_	10
359	0.1834	_17356_	10
359	0.1834	_17355_	10
359	0.1834	u3.exponent_under[1]	2
360	0.1835	_07523_	1
360	0.1835	_23265_	1
360	0.1835	_23264_	1
360	0.1835	_23262_	2
360	0.1835	_23261_	2
360	0.1835	_23260_	2
360	0.1835	_23259_	2
360	0.1835	_23258_	1
360	0.1835	_23257_	2
360	0.1835	_22660_	10
360	0.1835	_22659_	10
360	0.1835	_22606_	10
360	0.1835	u3.exponent_under[1]	2
361	0.1837	_07546_	1
361	0.1837	_23490_	1
361	0.1837	_23489_	1
361	0.1837	_23488_	1
361	0.1837	_23487_	2
361	0.1837	_23486_	2
361	0.1837	_23482_	1
361	0.1837	_23447_	2
361	0.1837	_23446_	2
361	0.1837	_22718_	10
361	0.1837	_22701_	10
361	0.1837	_22606_	10
361	0.1837	u3.exponent_under[1]	2
362	0.1837	_07547_	1
362	0.1837	_23499_	1
362	0.1837	_23498_	1
362	0.1837	_23183_	2
362	0.1837	_23182_	2
362	0.1837	_23181_	2
362	0.1837	_23180_	2
362	0.1837	_23179_	1
362	0.1837	_23178_	2
362	0.1837	_22660_	10
362	0.1837	_22659_	10
362	0.1837	_22606_	10
362	0.1837	u3.exponent_under[1]	2
363	0.1837	_07549_	1
363	0.1837	_23518_	1
363	0.1837	_23517_	1
363	0.1837	_23201_	2
363	0.1837	_23200_	2
363	0.1837	_23199_	2
363	0.1837	_23198_	2
363	0.1837	_23195_	1
363	0.1837	_23187_	2
363	0.1837	_22637_	10
363	0.1837	_22607_	10
363	0.1837	_22606_	10
363	0.1837	u3.exponent_under[1]	2
364	0.1838	_07555_	1
364	0.1838	_23574_	1
364	0.1838	_23573_	1
364	0.1838	_23262_	2
364	0.1838	_23261_	2
364	0.1838	_23260_	2
364	0.1838	_23259_	2
364	0.1838	_23258_	1
364	0.1838	_23257_	2
364	0.1838	_22660_	10
364	0.1838	_22659_	10
364	0.1838	_22606_	10
364	0.1838	u3.exponent_under[1]	2
365	0.1839	_07541_	1
365	0.1839	_23443_	1
365	0.1839	_23442_	1
365	0.1839	_23440_	1
365	0.1839	_23439_	2
365	0.1839	_23358_	2
365	0.1839	_23354_	1
365	0.1839	_23315_	2
365	0.1839	_23305_	2
365	0.1839	_22637_	10
365	0.1839	_22607_	10
365	0.1839	_22606_	10
365	0.1839	u3.exponent_under[1]	2
366	0.1840	_10138_	1
366	0.1840	_35269_	1
366	0.1840	_26864_	10
366	0.1840	_26863_	10
366	0.1840	_26840_	10
366	0.1840	_26839_	1
366	0.1840	_26835_	1
366	0.1840	_26799_	1
366	0.1840	_26772_	2
366	0.1840	_26771_	1
366	0.1840	_26769_	2
366	0.1840	_03835_	2
366	0.1840	u4.dividend_reg[20]	5
367	0.1841	_06877_	1
367	0.1841	_18799_	1
367	0.1841	_18798_	1
367	0.1841	_18797_	1
367	0.1841	_18782_	2
367	0.1841	_18781_	2
367	0.1841	_18779_	3
367	0.1841	_18778_	2
367	0.1841	_18777_	2
367	0.1841	_18776_	2
367	0.1841	_18775_	2
367	0.1841	_18774_	1
367	0.1841	_00307_	2
367	0.1841	_00304_	2
367	0.1841	_05156_	1
367	0.1841	_10507_	10
367	0.1841	_10506_	9
367	0.1841	u3.mul_a[0]	1
368	0.1849	_07787_	1
368	0.1849	_25683_	1
368	0.1849	_25682_	1
368	0.1849	_25678_	2
368	0.1849	_25677_	2
368	0.1849	_25480_	2
368	0.1849	_24959_	2
368	0.1849	_24958_	1
368	0.1849	_24957_	2
368	0.1849	_24945_	10
368	0.1849	_16859_	10
368	0.1849	_16858_	9
368	0.1849	u3.exponent_2[1]	3
369	0.1849	_07813_	1
369	0.1849	_25841_	1
369	0.1849	_25840_	1
369	0.1849	_25547_	2
369	0.1849	_25546_	2
369	0.1849	_25545_	2
369	0.1849	_25284_	2
369	0.1849	_25283_	1
369	0.1849	_25282_	2
369	0.1849	_24945_	10
369	0.1849	_16859_	10
369	0.1849	_16858_	9
369	0.1849	u3.exponent_2[1]	3
370	0.1849	_07807_	1
370	0.1849	_25819_	1
370	0.1849	_25818_	1
370	0.1849	_24985_	2
370	0.1849	_24982_	2
370	0.1849	_24980_	2
370	0.1849	_24979_	2
370	0.1849	_24978_	1
370	0.1849	_24977_	2
370	0.1849	_24945_	10
370	0.1849	_16859_	10
370	0.1849	_16858_	9
370	0.1849	u3.exponent_2[1]	3
371	0.1849	_07806_	1
371	0.1849	_25817_	1
371	0.1849	_25816_	1
371	0.1849	_25815_	2
371	0.1849	_25714_	2
371	0.1849	_25577_	2
371	0.1849	_25395_	2
371	0.1849	_25394_	1
371	0.1849	_25282_	2
371	0.1849	_24945_	10
371	0.1849	_16859_	10
371	0.1849	_16858_	9
371	0.1849	u3.exponent_2[1]	3
372	0.1849	_07789_	1
372	0.1849	_25709_	1
372	0.1849	_25708_	1
372	0.1849	_25704_	2
372	0.1849	_25703_	2
372	0.1849	_25544_	2
372	0.1849	_25275_	2
372	0.1849	_25274_	1
372	0.1849	_25273_	2
372	0.1849	_24945_	10
372	0.1849	_16859_	10
372	0.1849	_16858_	9
372	0.1849	u3.exponent_2[1]	3
373	0.1849	_07788_	1
373	0.1849	_25696_	1
373	0.1849	_25695_	1
373	0.1849	_25691_	2
373	0.1849	_25690_	2
373	0.1849	_25506_	2
373	0.1849	_25141_	2
373	0.1849	_25140_	1
373	0.1849	_25139_	2
373	0.1849	_24945_	10
373	0.1849	_16859_	10
373	0.1849	_16858_	9
373	0.1849	u3.exponent_2[1]	3
374	0.1852	_10128_	1
374	0.1852	_35231_	1
374	0.1852	_35230_	1
374	0.1852	_25815_	2
374	0.1852	_25714_	2
374	0.1852	_25577_	2
374	0.1852	_25395_	2
374	0.1852	_25394_	1
374	0.1852	_25282_	2
374	0.1852	_24945_	10
374	0.1852	_16859_	10
374	0.1852	_16858_	9
374	0.1852	u3.exponent_2[1]	3
375	0.1856	_07805_	1
375	0.1856	_25812_	1
375	0.1856	_25811_	1
375	0.1856	_25810_	1
375	0.1856	_25705_	2
375	0.1856	_25550_	2
375	0.1856	_25549_	1
375	0.1856	_25294_	2
375	0.1856	_16861_	10
375	0.1856	_16860_	10
375	0.1856	_16859_	10
375	0.1856	_16858_	9
375	0.1856	u3.exponent_2[1]	3
376	0.1858	_07790_	1
376	0.1858	_25722_	1
376	0.1858	_25717_	1
376	0.1858	_25716_	1
376	0.1858	_25715_	2
376	0.1858	_25589_	2
376	0.1858	_25409_	2
376	0.1858	_25408_	1
376	0.1858	_16861_	10
376	0.1858	_16860_	10
376	0.1858	_16859_	10
376	0.1858	_16858_	9
376	0.1858	u3.exponent_2[1]	3
377	0.1861	_07539_	1
377	0.1861	_23423_	1
377	0.1861	_23421_	1
377	0.1861	_23101_	2
377	0.1861	_23099_	2
377	0.1861	_23098_	2
377	0.1861	_23091_	1
377	0.1861	_23049_	2
377	0.1861	_23048_	2
377	0.1861	_22718_	10
377	0.1861	_22701_	10
377	0.1861	_22606_	10
377	0.1861	u3.exponent_under[1]	2
378	0.1861	_07792_	1
378	0.1861	_25734_	1
378	0.1861	_25731_	1
378	0.1861	_25729_	2
378	0.1861	_25137_	2
378	0.1861	_25125_	2
378	0.1861	_25121_	1
378	0.1861	_25120_	2
378	0.1861	_24925_	2
378	0.1861	_24924_	10
378	0.1861	_16859_	10
378	0.1861	_16858_	9
378	0.1861	u3.exponent_2[1]	3
379	0.1867	_07775_	1
379	0.1867	_25116_	1
379	0.1867	_25045_	1
379	0.1867	_24985_	2
379	0.1867	_24982_	2
379	0.1867	_24980_	2
379	0.1867	_24979_	2
379	0.1867	_24978_	1
379	0.1867	_24977_	2
379	0.1867	_24945_	10
379	0.1867	_16859_	10
379	0.1867	_16858_	9
379	0.1867	u3.exponent_2[1]	3
380	0.1867	_07781_	1
380	0.1867	_25575_	1
380	0.1867	_25561_	1
380	0.1867	_25547_	2
380	0.1867	_25546_	2
380	0.1867	_25545_	2
380	0.1867	_25284_	2
380	0.1867	_25283_	1
380	0.1867	_25282_	2
380	0.1867	_24945_	10
380	0.1867	_16859_	10
380	0.1867	_16858_	9
380	0.1867	u3.exponent_2[1]	3
381	0.1868	_07782_	1
381	0.1868	_25606_	1
381	0.1868	_25596_	1
381	0.1868	_25595_	1
381	0.1868	_25594_	1
381	0.1868	_25593_	2
381	0.1868	_25425_	2
381	0.1868	_25422_	1
381	0.1868	_25027_	2
381	0.1868	_25017_	10
381	0.1868	_25016_	10
381	0.1868	_16858_	9
381	0.1868	u3.exponent_2[1]	3
382	0.1870	_07791_	1
382	0.1870	_25728_	1
382	0.1870	_25726_	1
382	0.1870	_25724_	2
382	0.1870	_24954_	2
382	0.1870	_24951_	2
382	0.1870	_24948_	2
382	0.1870	_24947_	1
382	0.1870	_24946_	2
382	0.1870	_24945_	10
382	0.1870	_16859_	10
382	0.1870	_16858_	9
382	0.1870	u3.exponent_2[1]	3
383	0.1871	_07776_	1
383	0.1871	_25254_	1
383	0.1871	_25207_	1
383	0.1871	_25206_	1
383	0.1871	_25183_	1
383	0.1871	_25182_	1
383	0.1871	_25177_	1
383	0.1871	_25176_	2
383	0.1871	_16861_	10
383	0.1871	_16860_	10
383	0.1871	_16859_	10
383	0.1871	_16858_	9
383	0.1871	u3.exponent_2[1]	3
384	0.1873	_07798_	1
384	0.1873	_25768_	1
384	0.1873	_25766_	1
384	0.1873	_25765_	1
384	0.1873	_25590_	2
384	0.1873	_25589_	2
384	0.1873	_25409_	2
384	0.1873	_25408_	1
384	0.1873	_16861_	10
384	0.1873	_16860_	10
384	0.1873	_16859_	10
384	0.1873	_16858_	9
384	0.1873	u3.exponent_2[1]	3
385	0.1878	_07797_	1
385	0.1878	_25762_	1
385	0.1878	_25760_	1
385	0.1878	_25759_	1
385	0.1878	_25553_	2
385	0.1878	_25550_	2
385	0.1878	_25549_	1
385	0.1878	_25294_	2
385	0.1878	_16861_	10
385	0.1878	_16860_	10
385	0.1878	_16859_	10
385	0.1878	_16858_	9
385	0.1878	u3.exponent_2[1]	3
386	0.1879	_07563_	1
386	0.1879	_23652_	1
386	0.1879	_23651_	1
386	0.1879	_23650_	1
386	0.1879	_23649_	1
386	0.1879	_23648_	1
386	0.1879	_23647_	1
386	0.1879	_23607_	2
386	0.1879	_23606_	2
386	0.1879	_17358_	10
386	0.1879	_17357_	10
386	0.1879	_17356_	10
386	0.1879	_17355_	10
386	0.1879	u3.exponent_under[1]	2
387	0.1880	_07795_	1
387	0.1880	_25749_	1
387	0.1880	_25747_	1
387	0.1880	_25745_	2
387	0.1880	_25479_	2
387	0.1880	_25478_	2
387	0.1880	_24930_	2
387	0.1880	_24926_	1
387	0.1880	_24925_	2
387	0.1880	_24924_	10
387	0.1880	_16859_	10
387	0.1880	_16858_	9
387	0.1880	u3.exponent_2[1]	3
388	0.1881	_08359_	1
388	0.1881	_27756_	1
388	0.1881	_26921_	10
388	0.1881	_26920_	10
388	0.1881	_26919_	2
388	0.1881	_26840_	10
388	0.1881	_26839_	1
388	0.1881	_26835_	1
388	0.1881	_26799_	1
388	0.1881	_26772_	2
388	0.1881	_26771_	1
388	0.1881	_26769_	2
388	0.1881	_03835_	2
388	0.1881	u4.dividend_reg[20]	5
389	0.1882	_07804_	1
389	0.1882	_25808_	1
389	0.1882	_25807_	1
389	0.1882	_25806_	1
389	0.1882	_25692_	2
389	0.1882	_25507_	2
389	0.1882	_25151_	2
389	0.1882	_25150_	1
389	0.1882	_25149_	2
389	0.1882	_24924_	10
389	0.1882	_16859_	10
389	0.1882	_16858_	9
389	0.1882	u3.exponent_2[1]	3
390	0.1882	_07799_	1
390	0.1882	_25774_	1
390	0.1882	_25772_	1
390	0.1882	_25771_	1
390	0.1882	_25608_	2
390	0.1882	_24967_	2
390	0.1882	_24964_	2
390	0.1882	_24963_	1
390	0.1882	_24962_	2
390	0.1882	_24945_	10
390	0.1882	_16859_	10
390	0.1882	_16858_	9
390	0.1882	u3.exponent_2[1]	3
391	0.1882	_07796_	1
391	0.1882	_25757_	1
391	0.1882	_25754_	1
391	0.1882	_25753_	1
391	0.1882	_25508_	2
391	0.1882	_25507_	2
391	0.1882	_25151_	2
391	0.1882	_25150_	1
391	0.1882	_25149_	2
391	0.1882	_24924_	10
391	0.1882	_16859_	10
391	0.1882	_16858_	9
391	0.1882	u3.exponent_2[1]	3
392	0.1882	_07562_	1
392	0.1882	_23642_	1
392	0.1882	_23641_	1
392	0.1882	_23640_	1
392	0.1882	_23639_	1
392	0.1882	_23638_	1
392	0.1882	_23637_	1
392	0.1882	_23598_	2
392	0.1882	_23588_	2
392	0.1882	_17358_	10
392	0.1882	_17357_	10
392	0.1882	_17356_	10
392	0.1882	_17355_	10
392	0.1882	u3.exponent_under[1]	2
393	0.1887	_08402_	1
393	0.1887	_28147_	1
393	0.1887	_28146_	1
393	0.1887	_28145_	1
393	0.1887	_26863_	10
393	0.1887	_26840_	10
393	0.1887	_26839_	1
393	0.1887	_26835_	1
393	0.1887	_26799_	1
393	0.1887	_26772_	2
393	0.1887	_26771_	1
393	0.1887	_26769_	2
393	0.1887	_03835_	2
393	0.1887	u4.dividend_reg[20]	5
394	0.1889	_08403_	1
394	0.1889	_28153_	1
394	0.1889	_28152_	1
394	0.1889	_28151_	1
394	0.1889	_26863_	10
394	0.1889	_26840_	10
394	0.1889	_26839_	1
394	0.1889	_26835_	1
394	0.1889	_26799_	1
394	0.1889	_26772_	2
394	0.1889	_26771_	1
394	0.1889	_26769_	2
394	0.1889	_03835_	2
394	0.1889	u4.dividend_reg[20]	5
395	0.1901	_07780_	1
395	0.1901	_25536_	1
395	0.1901	_25525_	1
395	0.1901	_25524_	1
395	0.1901	_25519_	2
395	0.1901	_25518_	2
395	0.1901	_25197_	2
395	0.1901	_25194_	1
395	0.1901	_25006_	2
395	0.1901	_24924_	10
395	0.1901	_16859_	10
395	0.1901	_16858_	9
395	0.1901	u3.exponent_2[1]	3
396	0.1904	_07783_	1
396	0.1904	_25623_	1
396	0.1904	_25618_	1
396	0.1904	_25616_	1
396	0.1904	_25613_	2
396	0.1904	_24980_	2
396	0.1904	_24979_	2
396	0.1904	_24978_	1
396	0.1904	_24977_	2
396	0.1904	_24945_	10
396	0.1904	_16859_	10
396	0.1904	_16858_	9
396	0.1904	u3.exponent_2[1]	3
397	0.1907	_07550_	1
397	0.1907	_23527_	1
397	0.1907	_23525_	1
397	0.1907	_23524_	1
397	0.1907	_23523_	1
397	0.1907	_23449_	2
397	0.1907	_23448_	1
397	0.1907	_23447_	2
397	0.1907	_23446_	2
397	0.1907	_22718_	10
397	0.1907	_22701_	10
397	0.1907	_22606_	10
397	0.1907	u3.exponent_under[1]	2
398	0.1918	_08370_	1
398	0.1918	_27873_	1
398	0.1918	_26921_	10
398	0.1918	_26920_	10
398	0.1918	_26919_	2
398	0.1918	_26840_	10
398	0.1918	_26839_	1
398	0.1918	_26835_	1
398	0.1918	_26799_	1
398	0.1918	_26772_	2
398	0.1918	_26771_	1
398	0.1918	_26769_	2
398	0.1918	_03835_	2
398	0.1918	u4.dividend_reg[20]	5
399	0.1919	_05927_	1
399	0.1919	_14192_	1
399	0.1919	_14189_	2
399	0.1919	_14188_	1
399	0.1919	_14187_	2
399	0.1919	_14178_	1
399	0.1919	_14177_	2
399	0.1919	_14170_	1
399	0.1919	_14164_	3
399	0.1919	_14048_	5
399	0.1919	_14043_	1
399	0.1919	_13976_	3
399	0.1919	_13962_	6
399	0.1919	_03505_	1
399	0.1919	u2.minuend[7]	2
400	0.1939	_07165_	1
400	0.1939	_21003_	1
400	0.1939	_21002_	1
400	0.1939	_20994_	4
400	0.1939	_20993_	2
400	0.1939	_20985_	1
400	0.1939	_20983_	3
400	0.1939	_20978_	3
400	0.1939	_20977_	1
400	0.1939	_20927_	2
400	0.1939	_20926_	2
400	0.1939	_20925_	1
400	0.1939	_20924_	4
400	0.1939	_03813_	1
400	0.1939	u3.product_h[6]	2
401	0.1939	_07163_	1
401	0.1939	_20996_	1
401	0.1939	_20995_	1
401	0.1939	_20994_	4
401	0.1939	_20993_	2
401	0.1939	_20985_	1
401	0.1939	_20983_	3
401	0.1939	_20978_	3
401	0.1939	_20977_	1
401	0.1939	_20927_	2
401	0.1939	_20926_	2
401	0.1939	_20925_	1
401	0.1939	_20924_	4
401	0.1939	_03813_	1
401	0.1939	u3.product_h[6]	2
402	0.1948	_08360_	1
402	0.1948	_27766_	1
402	0.1948	_27765_	1
402	0.1948	_27651_	3
402	0.1948	_26863_	10
402	0.1948	_26840_	10
402	0.1948	_26839_	1
402	0.1948	_26835_	1
402	0.1948	_26799_	1
402	0.1948	_26772_	2
402	0.1948	_26771_	1
402	0.1948	_26769_	2
402	0.1948	_03835_	2
402	0.1948	u4.dividend_reg[20]	5
403	0.1962	_07554_	1
403	0.1962	_23564_	1
403	0.1962	_23563_	1
403	0.1962	_23562_	1
403	0.1962	_23561_	1
403	0.1962	_23560_	1
403	0.1962	_23559_	2
403	0.1962	_23558_	2
403	0.1962	_23547_	2
403	0.1962	_22603_	10
403	0.1962	_17356_	10
403	0.1962	_17355_	10
403	0.1962	u3.exponent_under[1]	2
404	0.1972	_07561_	1
404	0.1972	_23632_	1
404	0.1972	_23631_	1
404	0.1972	_23630_	1
404	0.1972	_23629_	1
404	0.1972	_23628_	1
404	0.1972	_23589_	2
404	0.1972	_23588_	2
404	0.1972	_17358_	10
404	0.1972	_17357_	10
404	0.1972	_17356_	10
404	0.1972	_17355_	10
404	0.1972	u3.exponent_under[1]	2
405	0.1987	_05931_	1
405	0.1987	_14217_	1
405	0.1987	_14216_	1
405	0.1987	_14187_	2
405	0.1987	_14178_	1
405	0.1987	_14177_	2
405	0.1987	_14170_	1
405	0.1987	_14164_	3
405	0.1987	_14048_	5
405	0.1987	_14043_	1
405	0.1987	_13976_	3
405	0.1987	_13962_	6
405	0.1987	_03505_	1
405	0.1987	u2.minuend[7]	2
406	0.1995	_07809_	1
406	0.1995	_25826_	1
406	0.1995	_25825_	1
406	0.1995	_25824_	1
406	0.1995	_25292_	2
406	0.1995	_25271_	2
406	0.1995	_25261_	2
406	0.1995	_25257_	1
406	0.1995	_25256_	2
406	0.1995	_25255_	2
406	0.1995	_25017_	10
406	0.1995	_25016_	10
406	0.1995	_16858_	9
406	0.1995	u3.exponent_2[1]	3
407	0.1998	_07810_	1
407	0.1998	_25829_	1
407	0.1998	_25828_	1
407	0.1998	_25827_	1
407	0.1998	_25401_	2
407	0.1998	_25385_	2
407	0.1998	_25377_	2
407	0.1998	_25374_	1
407	0.1998	_25373_	2
407	0.1998	_25255_	2
407	0.1998	_25017_	10
407	0.1998	_25016_	10
407	0.1998	_16858_	9
407	0.1998	u3.exponent_2[1]	3
408	0.2013	_07808_	1
408	0.2013	_25823_	1
408	0.2013	_25822_	1
408	0.2013	_25821_	1
408	0.2013	_25159_	2
408	0.2013	_25137_	2
408	0.2013	_25125_	2
408	0.2013	_25121_	1
408	0.2013	_25120_	2
408	0.2013	_24925_	2
408	0.2013	_24924_	10
408	0.2013	_16859_	10
408	0.2013	_16858_	9
408	0.2013	u3.exponent_2[1]	3
409	0.2019	_07022_	1
409	0.2019	_19855_	1
409	0.2019	_01803_	1
409	0.2019	_01801_	2
409	0.2019	_43183_	1
409	0.2019	_43180_	1
409	0.2019	_45537_	1
409	0.2019	_44776_	1
409	0.2019	_02749_	1
409	0.2019	_10943_	10
409	0.2019	_10941_	9
409	0.2019	u3.mul_a[42]	1
410	0.2019	_07050_	1
410	0.2019	_20048_	1
410	0.2019	_02541_	1
410	0.2019	_02539_	2
410	0.2019	_44547_	1
410	0.2019	_44544_	1
410	0.2019	_45190_	1
410	0.2019	_41478_	1
410	0.2019	_00909_	1
410	0.2019	_10994_	10
410	0.2019	_10941_	9
410	0.2019	u3.mul_a[42]	1
411	0.2019	_07080_	1
411	0.2019	_20262_	1
411	0.2019	_02142_	1
411	0.2019	_02140_	2
411	0.2019	_44001_	1
411	0.2019	_43998_	1
411	0.2019	_45220_	1
411	0.2019	_41583_	1
411	0.2019	_00949_	1
411	0.2019	_11018_	10
411	0.2019	_10941_	9
411	0.2019	u3.mul_a[42]	1
412	0.2020	_08412_	1
412	0.2020	_28755_	1
412	0.2020	_28754_	1
412	0.2020	_28753_	1
412	0.2020	_28752_	1
412	0.2020	_28751_	1
412	0.2020	_28749_	2
412	0.2020	_28615_	2
412	0.2020	_28515_	2
412	0.2020	_28290_	10
412	0.2020	_28177_	10
412	0.2020	_28174_	10
412	0.2020	u4.remainder_shift_term[1]	1
413	0.2022	_08242_	1
413	0.2022	_26998_	1
413	0.2022	_26842_	10
413	0.2022	_26841_	10
413	0.2022	_26840_	10
413	0.2022	_26839_	1
413	0.2022	_26835_	1
413	0.2022	_26799_	1
413	0.2022	_26772_	2
413	0.2022	_26771_	1
413	0.2022	_26769_	2
413	0.2022	_03835_	2
413	0.2022	u4.dividend_reg[20]	5
414	0.2022	_08246_	1
414	0.2022	_27006_	1
414	0.2022	_26842_	10
414	0.2022	_26841_	10
414	0.2022	_26840_	10
414	0.2022	_26839_	1
414	0.2022	_26835_	1
414	0.2022	_26799_	1
414	0.2022	_26772_	2
414	0.2022	_26771_	1
414	0.2022	_26769_	2
414	0.2022	_03835_	2
414	0.2022	u4.dividend_reg[20]	5
415	0.2034	_07811_	1
415	0.2034	_25834_	1
415	0.2034	_25833_	1
415	0.2034	_25831_	1
415	0.2034	_25483_	2
415	0.2034	_25482_	2
415	0.2034	_25481_	2
415	0.2034	_24972_	2
415	0.2034	_24971_	1
415	0.2034	_24970_	2
415	0.2034	_24945_	10
415	0.2034	_16859_	10
415	0.2034	_16858_	9
415	0.2034	u3.exponent_2[1]	3
416	0.2040	_10118_	1
416	0.2040	_35187_	1
416	0.2040	_35186_	1
416	0.2040	_20994_	4
416	0.2040	_20993_	2
416	0.2040	_20985_	1
416	0.2040	_20983_	3
416	0.2040	_20978_	3
416	0.2040	_20977_	1
416	0.2040	_20927_	2
416	0.2040	_20926_	2
416	0.2040	_20925_	1
416	0.2040	_20924_	4
416	0.2040	_03813_	1
416	0.2040	u3.product_h[6]	2
417	0.2041	_07536_	1
417	0.2041	_23393_	1
417	0.2041	_23392_	1
417	0.2041	_23391_	1
417	0.2041	_23390_	1
417	0.2041	_23389_	2
417	0.2041	_23388_	2
417	0.2041	_23384_	1
417	0.2041	_23346_	2
417	0.2041	_23345_	2
417	0.2041	_22603_	10
417	0.2041	_17356_	10
417	0.2041	_17355_	10
417	0.2041	u3.exponent_under[1]	2
418	0.2041	_07535_	1
418	0.2041	_23383_	1
418	0.2041	_23382_	1
418	0.2041	_23381_	1
418	0.2041	_23380_	1
418	0.2041	_23379_	2
418	0.2041	_23378_	2
418	0.2041	_23374_	1
418	0.2041	_23335_	2
418	0.2041	_23334_	2
418	0.2041	_22603_	10
418	0.2041	_17356_	10
418	0.2041	_17355_	10
418	0.2041	u3.exponent_under[1]	2
419	0.2043	_07802_	1
419	0.2043	_25797_	1
419	0.2043	_25796_	1
419	0.2043	_25793_	1
419	0.2043	_25792_	1
419	0.2043	_25665_	2
419	0.2043	_25410_	2
419	0.2043	_25409_	2
419	0.2043	_25408_	1
419	0.2043	_16861_	10
419	0.2043	_16860_	10
419	0.2043	_16859_	10
419	0.2043	_16858_	9
419	0.2043	u3.exponent_2[1]	3
420	0.2044	_07537_	1
420	0.2044	_23403_	1
420	0.2044	_23401_	1
420	0.2044	_23400_	1
420	0.2044	_23399_	1
420	0.2044	_23398_	2
420	0.2044	_23397_	2
420	0.2044	_23396_	1
420	0.2044	_23395_	2
420	0.2044	_23385_	2
420	0.2044	_22603_	10
420	0.2044	_17356_	10
420	0.2044	_17355_	10
420	0.2044	u3.exponent_under[1]	2
421	0.2044	_07533_	1
421	0.2044	_23363_	1
421	0.2044	_23362_	1
421	0.2044	_23361_	1
421	0.2044	_23360_	1
421	0.2044	_23359_	2
421	0.2044	_23358_	2
421	0.2044	_23354_	1
421	0.2044	_23315_	2
421	0.2044	_23305_	2
421	0.2044	_22637_	10
421	0.2044	_22607_	10
421	0.2044	_22606_	10
421	0.2044	u3.exponent_under[1]	2
422	0.2052	_08408_	1
422	0.2052	_28627_	1
422	0.2052	_28626_	1
422	0.2052	_28621_	1
422	0.2052	_28619_	1
422	0.2052	_28618_	1
422	0.2052	_28617_	1
422	0.2052	_28616_	2
422	0.2052	_28517_	2
422	0.2052	_28290_	10
422	0.2052	_28177_	10
422	0.2052	_28174_	10
422	0.2052	u4.remainder_shift_term[1]	1
423	0.2053	_08411_	1
423	0.2053	_28724_	1
423	0.2053	_28723_	1
423	0.2053	_28721_	1
423	0.2053	_28720_	1
423	0.2053	_28719_	1
423	0.2053	_28718_	1
423	0.2053	_28516_	2
423	0.2053	_28515_	2
423	0.2053	_28290_	10
423	0.2053	_28177_	10
423	0.2053	_28174_	10
423	0.2053	u4.remainder_shift_term[1]	1
424	0.2056	_08222_	1
424	0.2056	_26951_	1
424	0.2056	_26886_	10
424	0.2056	_26841_	10
424	0.2056	_26840_	10
424	0.2056	_26839_	1
424	0.2056	_26835_	1
424	0.2056	_26799_	1
424	0.2056	_26772_	2
424	0.2056	_26771_	1
424	0.2056	_26769_	2
424	0.2056	_03835_	2
424	0.2056	u4.dividend_reg[20]	5
425	0.2056	_08218_	1
425	0.2056	_26943_	1
425	0.2056	_26886_	10
425	0.2056	_26841_	10
425	0.2056	_26840_	10
425	0.2056	_26839_	1
425	0.2056	_26835_	1
425	0.2056	_26799_	1
425	0.2056	_26772_	2
425	0.2056	_26771_	1
425	0.2056	_26769_	2
425	0.2056	_03835_	2
425	0.2056	u4.dividend_reg[20]	5
426	0.2057	_08208_	1
426	0.2057	_26909_	1
426	0.2057	_26886_	10
426	0.2057	_26841_	10
426	0.2057	_26840_	10
426	0.2057	_26839_	1
426	0.2057	_26835_	1
426	0.2057	_26799_	1
426	0.2057	_26772_	2
426	0.2057	_26771_	1
426	0.2057	_26769_	2
426	0.2057	_03835_	2
426	0.2057	u4.dividend_reg[20]	5
427	0.2057	_08206_	1
427	0.2057	_26901_	1
427	0.2057	_26886_	10
427	0.2057	_26841_	10
427	0.2057	_26840_	10
427	0.2057	_26839_	1
427	0.2057	_26835_	1
427	0.2057	_26799_	1
427	0.2057	_26772_	2
427	0.2057	_26771_	1
427	0.2057	_26769_	2
427	0.2057	_03835_	2
427	0.2057	u4.dividend_reg[20]	5
428	0.2057	_08202_	1
428	0.2057	_26887_	1
428	0.2057	_26886_	10
428	0.2057	_26841_	10
428	0.2057	_26840_	10
428	0.2057	_26839_	1
428	0.2057	_26835_	1
428	0.2057	_26799_	1
428	0.2057	_26772_	2
428	0.2057	_26771_	1
428	0.2057	_26769_	2
428	0.2057	_03835_	2
428	0.2057	u4.dividend_reg[20]	5
429	0.2058	_08214_	1
429	0.2058	_26928_	1
429	0.2058	_26886_	10
429	0.2058	_26841_	10
429	0.2058	_26840_	10
429	0.2058	_26839_	1
429	0.2058	_26835_	1
429	0.2058	_26799_	1
429	0.2058	_26772_	2
429	0.2058	_26771_	1
429	0.2058	_26769_	2
429	0.2058	_03835_	2
429	0.2058	u4.dividend_reg[20]	5
430	0.2058	_08210_	1
430	0.2058	_26915_	1
430	0.2058	_26886_	10
430	0.2058	_26841_	10
430	0.2058	_26840_	10
430	0.2058	_26839_	1
430	0.2058	_26835_	1
430	0.2058	_26799_	1
430	0.2058	_26772_	2
430	0.2058	_26771_	1
430	0.2058	_26769_	2
430	0.2058	_03835_	2
430	0.2058	u4.dividend_reg[20]	5
431	0.2058	_08207_	1
431	0.2058	_26905_	1
431	0.2058	_26886_	10
431	0.2058	_26841_	10
431	0.2058	_26840_	10
431	0.2058	_26839_	1
431	0.2058	_26835_	1
431	0.2058	_26799_	1
431	0.2058	_26772_	2
431	0.2058	_26771_	1
431	0.2058	_26769_	2
431	0.2058	_03835_	2
431	0.2058	u4.dividend_reg[20]	5
432	0.2058	_08209_	1
432	0.2058	_26912_	1
432	0.2058	_26886_	10
432	0.2058	_26841_	10
432	0.2058	_26840_	10
432	0.2058	_26839_	1
432	0.2058	_26835_	1
432	0.2058	_26799_	1
432	0.2058	_26772_	2
432	0.2058	_26771_	1
432	0.2058	_26769_	2
432	0.2058	_03835_	2
432	0.2058	u4.dividend_reg[20]	5
433	0.2071	_07803_	1
433	0.2071	_25804_	1
433	0.2071	_25802_	1
433	0.2071	_25799_	1
433	0.2071	_25798_	1
433	0.2071	_25679_	2
433	0.2071	_25481_	2
433	0.2071	_24972_	2
433	0.2071	_24971_	1
433	0.2071	_24970_	2
433	0.2071	_24945_	10
433	0.2071	_16859_	10
433	0.2071	_16858_	9
433	0.2071	u3.exponent_2[1]	3
434	0.2081	_08234_	1
434	0.2081	_26982_	1
434	0.2081	_26953_	10
434	0.2081	_26841_	10
434	0.2081	_26840_	10
434	0.2081	_26839_	1
434	0.2081	_26835_	1
434	0.2081	_26799_	1
434	0.2081	_26772_	2
434	0.2081	_26771_	1
434	0.2081	_26769_	2
434	0.2081	_03835_	2
434	0.2081	u4.dividend_reg[20]	5
435	0.2081	_08224_	1
435	0.2081	_26956_	1
435	0.2081	_26953_	10
435	0.2081	_26841_	10
435	0.2081	_26840_	10
435	0.2081	_26839_	1
435	0.2081	_26835_	1
435	0.2081	_26799_	1
435	0.2081	_26772_	2
435	0.2081	_26771_	1
435	0.2081	_26769_	2
435	0.2081	_03835_	2
435	0.2081	u4.dividend_reg[20]	5
436	0.2081	_08240_	1
436	0.2081	_26994_	1
436	0.2081	_26953_	10
436	0.2081	_26841_	10
436	0.2081	_26840_	10
436	0.2081	_26839_	1
436	0.2081	_26835_	1
436	0.2081	_26799_	1
436	0.2081	_26772_	2
436	0.2081	_26771_	1
436	0.2081	_26769_	2
436	0.2081	_03835_	2
436	0.2081	u4.dividend_reg[20]	5
437	0.2081	_08238_	1
437	0.2081	_26990_	1
437	0.2081	_26953_	10
437	0.2081	_26841_	10
437	0.2081	_26840_	10
437	0.2081	_26839_	1
437	0.2081	_26835_	1
437	0.2081	_26799_	1
437	0.2081	_26772_	2
437	0.2081	_26771_	1
437	0.2081	_26769_	2
437	0.2081	_03835_	2
437	0.2081	u4.dividend_reg[20]	5
438	0.2083	_08226_	1
438	0.2083	_26960_	1
438	0.2083	_26953_	10
438	0.2083	_26841_	10
438	0.2083	_26840_	10
438	0.2083	_26839_	1
438	0.2083	_26835_	1
438	0.2083	_26799_	1
438	0.2083	_26772_	2
438	0.2083	_26771_	1
438	0.2083	_26769_	2
438	0.2083	_03835_	2
438	0.2083	u4.dividend_reg[20]	5
439	0.2083	_08223_	1
439	0.2083	_26954_	1
439	0.2083	_26953_	10
439	0.2083	_26841_	10
439	0.2083	_26840_	10
439	0.2083	_26839_	1
439	0.2083	_26835_	1
439	0.2083	_26799_	1
439	0.2083	_26772_	2
439	0.2083	_26771_	1
439	0.2083	_26769_	2
439	0.2083	_03835_	2
439	0.2083	u4.dividend_reg[20]	5
440	0.2083	_08239_	1
440	0.2083	_26992_	1
440	0.2083	_26953_	10
440	0.2083	_26841_	10
440	0.2083	_26840_	10
440	0.2083	_26839_	1
440	0.2083	_26835_	1
440	0.2083	_26799_	1
440	0.2083	_26772_	2
440	0.2083	_26771_	1
440	0.2083	_26769_	2
440	0.2083	_03835_	2
440	0.2083	u4.dividend_reg[20]	5
441	0.2083	_08230_	1
441	0.2083	_26968_	1
441	0.2083	_26953_	10
441	0.2083	_26841_	10
441	0.2083	_26840_	10
441	0.2083	_26839_	1
441	0.2083	_26835_	1
441	0.2083	_26799_	1
441	0.2083	_26772_	2
441	0.2083	_26771_	1
441	0.2083	_26769_	2
441	0.2083	_03835_	2
441	0.2083	u4.dividend_reg[20]	5
442	0.2083	_08241_	1
442	0.2083	_26996_	1
442	0.2083	_26953_	10
442	0.2083	_26841_	10
442	0.2083	_26840_	10
442	0.2083	_26839_	1
442	0.2083	_26835_	1
442	0.2083	_26799_	1
442	0.2083	_26772_	2
442	0.2083	_26771_	1
442	0.2083	_26769_	2
442	0.2083	_03835_	2
442	0.2083	u4.dividend_reg[20]	5
443	0.2083	_08225_	1
443	0.2083	_26958_	1
443	0.2083	_26953_	10
443	0.2083	_26841_	10
443	0.2083	_26840_	10
443	0.2083	_26839_	1
443	0.2083	_26835_	1
443	0.2083	_26799_	1
443	0.2083	_26772_	2
443	0.2083	_26771_	1
443	0.2083	_26769_	2
443	0.2083	_03835_	2
443	0.2083	u4.dividend_reg[20]	5
444	0.2086	_07167_	1
444	0.2086	_21009_	1
444	0.2086	_20994_	4
444	0.2086	_20993_	2
444	0.2086	_20985_	1
444	0.2086	_20983_	3
444	0.2086	_20978_	3
444	0.2086	_20977_	1
444	0.2086	_20927_	2
444	0.2086	_20926_	2
444	0.2086	_20925_	1
444	0.2086	_20924_	4
444	0.2086	_03813_	1
444	0.2086	u3.product_h[6]	2
445	0.2086	_08245_	1
445	0.2086	_27004_	1
445	0.2086	_26921_	10
445	0.2086	_26920_	10
445	0.2086	_26919_	2
445	0.2086	_26840_	10
445	0.2086	_26839_	1
445	0.2086	_26835_	1
445	0.2086	_26799_	1
445	0.2086	_26772_	2
445	0.2086	_26771_	1
445	0.2086	_26769_	2
445	0.2086	_03835_	2
445	0.2086	u4.dividend_reg[20]	5
446	0.2086	_08244_	1
446	0.2086	_27002_	1
446	0.2086	_26921_	10
446	0.2086	_26920_	10
446	0.2086	_26919_	2
446	0.2086	_26840_	10
446	0.2086	_26839_	1
446	0.2086	_26835_	1
446	0.2086	_26799_	1
446	0.2086	_26772_	2
446	0.2086	_26771_	1
446	0.2086	_26769_	2
446	0.2086	_03835_	2
446	0.2086	u4.dividend_reg[20]	5
447	0.2086	_08213_	1
447	0.2086	_26924_	1
447	0.2086	_26921_	10
447	0.2086	_26920_	10
447	0.2086	_26919_	2
447	0.2086	_26840_	10
447	0.2086	_26839_	1
447	0.2086	_26835_	1
447	0.2086	_26799_	1
447	0.2086	_26772_	2
447	0.2086	_26771_	1
447	0.2086	_26769_	2
447	0.2086	_03835_	2
447	0.2086	u4.dividend_reg[20]	5
448	0.2086	_08212_	1
448	0.2086	_26922_	1
448	0.2086	_26921_	10
448	0.2086	_26920_	10
448	0.2086	_26919_	2
448	0.2086	_26840_	10
448	0.2086	_26839_	1
448	0.2086	_26835_	1
448	0.2086	_26799_	1
448	0.2086	_26772_	2
448	0.2086	_26771_	1
448	0.2086	_26769_	2
448	0.2086	_03835_	2
448	0.2086	u4.dividend_reg[20]	5
449	0.2086	_08229_	1
449	0.2086	_26966_	1
449	0.2086	_26921_	10
449	0.2086	_26920_	10
449	0.2086	_26919_	2
449	0.2086	_26840_	10
449	0.2086	_26839_	1
449	0.2086	_26835_	1
449	0.2086	_26799_	1
449	0.2086	_26772_	2
449	0.2086	_26771_	1
449	0.2086	_26769_	2
449	0.2086	_03835_	2
449	0.2086	u4.dividend_reg[20]	5
450	0.2086	_08228_	1
450	0.2086	_26964_	1
450	0.2086	_26921_	10
450	0.2086	_26920_	10
450	0.2086	_26919_	2
450	0.2086	_26840_	10
450	0.2086	_26839_	1
450	0.2086	_26835_	1
450	0.2086	_26799_	1
450	0.2086	_26772_	2
450	0.2086	_26771_	1
450	0.2086	_26769_	2
450	0.2086	_03835_	2
450	0.2086	u4.dividend_reg[20]	5
451	0.2090	_07800_	1
451	0.2090	_25785_	1
451	0.2090	_25781_	1
451	0.2090	_25777_	1
451	0.2090	_25776_	1
451	0.2090	_25633_	2
451	0.2090	_25147_	2
451	0.2090	_25145_	2
451	0.2090	_25144_	1
451	0.2090	_25143_	2
451	0.2090	_24924_	10
451	0.2090	_16859_	10
451	0.2090	_16858_	9
451	0.2090	u3.exponent_2[1]	3
452	0.2107	_09948_	1
452	0.2107	_34175_	1
452	0.2107	_34150_	2
452	0.2107	_34149_	1
452	0.2107	_34148_	6
452	0.2107	_34141_	2
452	0.2107	_34139_	5
452	0.2107	_34138_	4
452	0.2107	_34135_	4
452	0.2107	_34132_	4
452	0.2107	_34127_	3
452	0.2107	_34126_	3
452	0.2107	_34125_	5
452	0.2107	u2.diff[54]	1
453	0.2107	_08247_	1
453	0.2107	_27008_	1
453	0.2107	_26858_	10
453	0.2107	_26841_	10
453	0.2107	_26840_	10
453	0.2107	_26839_	1
453	0.2107	_26835_	1
453	0.2107	_26799_	1
453	0.2107	_26772_	2
453	0.2107	_26771_	1
453	0.2107	_26769_	2
453	0.2107	_03835_	2
453	0.2107	u4.dividend_reg[20]	5
454	0.2107	_10134_	1
454	0.2107	_35259_	1
454	0.2107	_26858_	10
454	0.2107	_26841_	10
454	0.2107	_26840_	10
454	0.2107	_26839_	1
454	0.2107	_26835_	1
454	0.2107	_26799_	1
454	0.2107	_26772_	2
454	0.2107	_26771_	1
454	0.2107	_26769_	2
454	0.2107	_03835_	2
454	0.2107	u4.dividend_reg[20]	5
455	0.2107	_08215_	1
455	0.2107	_26933_	1
455	0.2107	_26858_	10
455	0.2107	_26841_	10
455	0.2107	_26840_	10
455	0.2107	_26839_	1
455	0.2107	_26835_	1
455	0.2107	_26799_	1
455	0.2107	_26772_	2
455	0.2107	_26771_	1
455	0.2107	_26769_	2
455	0.2107	_03835_	2
455	0.2107	u4.dividend_reg[20]	5
456	0.2107	_08198_	1
456	0.2107	_26862_	1
456	0.2107	_26858_	10
456	0.2107	_26841_	10
456	0.2107	_26840_	10
456	0.2107	_26839_	1
456	0.2107	_26835_	1
456	0.2107	_26799_	1
456	0.2107	_26772_	2
456	0.2107	_26771_	1
456	0.2107	_26769_	2
456	0.2107	_03835_	2
456	0.2107	u4.dividend_reg[20]	5
457	0.2110	_10250_	1
457	0.2110	_35631_	1
457	0.2110	_34150_	2
457	0.2110	_34149_	1
457	0.2110	_34148_	6
457	0.2110	_34141_	2
457	0.2110	_34139_	5
457	0.2110	_34138_	4
457	0.2110	_34135_	4
457	0.2110	_34132_	4
457	0.2110	_34127_	3
457	0.2110	_34126_	3
457	0.2110	_34125_	5
457	0.2110	u2.diff[54]	1
458	0.2119	_10059_	1
458	0.2119	_34760_	1
458	0.2119	_34759_	1
458	0.2119	_34756_	1
458	0.2119	_34755_	1
458	0.2119	_15134_	2
458	0.2119	_15133_	1
458	0.2119	_15132_	2
458	0.2119	_15131_	1
458	0.2119	_15130_	2
458	0.2119	_15129_	1
458	0.2119	_00313_	2
458	0.2119	_00312_	1
458	0.2119	_02952_	2
458	0.2119	_02951_	1
458	0.2119	_05238_	1
458	0.2119	_01040_	2
458	0.2119	u2.exponent_small[0]	2
459	0.2119	_09952_	1
459	0.2119	_34272_	1
459	0.2119	_34216_	3
459	0.2119	_34148_	6
459	0.2119	_34141_	2
459	0.2119	_34139_	5
459	0.2119	_34138_	4
459	0.2119	_34135_	4
459	0.2119	_34132_	4
459	0.2119	_34127_	3
459	0.2119	_34126_	3
459	0.2119	_34125_	5
459	0.2119	u2.diff[54]	1
460	0.2122	_08195_	1
460	0.2122	_26843_	1
460	0.2122	_26842_	10
460	0.2122	_26841_	10
460	0.2122	_26840_	10
460	0.2122	_26839_	1
460	0.2122	_26835_	1
460	0.2122	_26799_	1
460	0.2122	_26772_	2
460	0.2122	_26771_	1
460	0.2122	_26769_	2
460	0.2122	_03835_	2
460	0.2122	u4.dividend_reg[20]	5
461	0.2125	_05935_	1
461	0.2125	_14249_	1
461	0.2125	_14248_	1
461	0.2125	_14247_	1
461	0.2125	_14245_	1
461	0.2125	_14244_	2
461	0.2125	_14177_	2
461	0.2125	_14170_	1
461	0.2125	_14164_	3
461	0.2125	_14163_	1
461	0.2125	_14036_	4
461	0.2125	_14035_	2
461	0.2125	_13922_	8
461	0.2125	_05194_	1
461	0.2125	u2.minuend[17]	2
462	0.2126	_05939_	1
462	0.2126	_14269_	1
462	0.2126	_14268_	1
462	0.2126	_14267_	1
462	0.2126	_14244_	2
462	0.2126	_14177_	2
462	0.2126	_14170_	1
462	0.2126	_14164_	3
462	0.2126	_14163_	1
462	0.2126	_14036_	4
462	0.2126	_14035_	2
462	0.2126	_13922_	8
462	0.2126	_05194_	1
462	0.2126	u2.minuend[17]	2
463	0.2133	_08197_	1
463	0.2133	_26856_	1
463	0.2133	_26842_	10
463	0.2133	_26841_	10
463	0.2133	_26840_	10
463	0.2133	_26839_	1
463	0.2133	_26835_	1
463	0.2133	_26799_	1
463	0.2133	_26772_	2
463	0.2133	_26771_	1
463	0.2133	_26769_	2
463	0.2133	_03835_	2
463	0.2133	u4.dividend_reg[20]	5
464	0.2133	_08196_	1
464	0.2133	_26850_	1
464	0.2133	_26842_	10
464	0.2133	_26841_	10
464	0.2133	_26840_	10
464	0.2133	_26839_	1
464	0.2133	_26835_	1
464	0.2133	_26799_	1
464	0.2133	_26772_	2
464	0.2133	_26771_	1
464	0.2133	_26769_	2
464	0.2133	_03835_	2
464	0.2133	u4.dividend_reg[20]	5
465	0.2133	_08243_	1
465	0.2133	_26999_	1
465	0.2133	_26842_	10
465	0.2133	_26841_	10
465	0.2133	_26840_	10
465	0.2133	_26839_	1
465	0.2133	_26835_	1
465	0.2133	_26799_	1
465	0.2133	_26772_	2
465	0.2133	_26771_	1
465	0.2133	_26769_	2
465	0.2133	_03835_	2
465	0.2133	u4.dividend_reg[20]	5
466	0.2133	_08227_	1
466	0.2133	_26961_	1
466	0.2133	_26842_	10
466	0.2133	_26841_	10
466	0.2133	_26840_	10
466	0.2133	_26839_	1
466	0.2133	_26835_	1
466	0.2133	_26799_	1
466	0.2133	_26772_	2
466	0.2133	_26771_	1
466	0.2133	_26769_	2
466	0.2133	_03835_	2
466	0.2133	u4.dividend_reg[20]	5
467	0.2133	_08211_	1
467	0.2133	_26916_	1
467	0.2133	_26842_	10
467	0.2133	_26841_	10
467	0.2133	_26840_	10
467	0.2133	_26839_	1
467	0.2133	_26835_	1
467	0.2133	_26799_	1
467	0.2133	_26772_	2
467	0.2133	_26771_	1
467	0.2133	_26769_	2
467	0.2133	_03835_	2
467	0.2133	u4.dividend_reg[20]	5
468	0.2160	_05479_	1
468	0.2160	_11999_	2
468	0.2160	_11889_	3
468	0.2160	_11888_	2
468	0.2160	_11884_	1
468	0.2160	_11883_	2
468	0.2160	_11875_	4
468	0.2160	_11874_	2
468	0.2160	_11858_	1
468	0.2160	_11855_	1
468	0.2160	_11851_	1
468	0.2160	_11823_	7
468	0.2160	_05224_	1
468	0.2160	u1.large_add[17]	2
469	0.2165	_06874_	1
469	0.2165	_18760_	1
469	0.2165	_18758_	1
469	0.2165	_18757_	2
469	0.2165	_18755_	2
469	0.2165	_18754_	1
469	0.2165	_18751_	3
469	0.2165	_18738_	1
469	0.2165	_18732_	3
469	0.2165	_18731_	2
469	0.2165	_18730_	3
469	0.2165	_18729_	1
469	0.2165	_05046_	3
469	0.2165	_05044_	1
469	0.2165	_10715_	10
469	0.2165	_10712_	9
469	0.2165	u3.mul_b[52]	1
470	0.2168	_08936_	1
470	0.2168	_31450_	1
470	0.2168	_31444_	2
470	0.2168	_31356_	2
470	0.2168	_31350_	2
470	0.2168	_31349_	3
470	0.2168	_31339_	6
470	0.2168	_31338_	2
470	0.2168	_31334_	4
470	0.2168	_31333_	3
470	0.2168	_31332_	3
470	0.2168	_27235_	8
470	0.2168	u4.divisor_b[31]	1
471	0.2170	_07557_	1
471	0.2170	_23595_	1
471	0.2170	_23594_	1
471	0.2170	_23593_	1
471	0.2170	_23592_	1
471	0.2170	_23590_	1
471	0.2170	_23589_	2
471	0.2170	_23588_	2
471	0.2170	_17358_	10
471	0.2170	_17357_	10
471	0.2170	_17356_	10
471	0.2170	_17355_	10
471	0.2170	u3.exponent_under[1]	2
472	0.2171	_08237_	1
472	0.2171	_26987_	1
472	0.2171	_26858_	10
472	0.2171	_26841_	10
472	0.2171	_26840_	10
472	0.2171	_26839_	1
472	0.2171	_26835_	1
472	0.2171	_26799_	1
472	0.2171	_26772_	2
472	0.2171	_26771_	1
472	0.2171	_26769_	2
472	0.2171	_03835_	2
472	0.2171	u4.dividend_reg[20]	5
473	0.2171	_08236_	1
473	0.2171	_26985_	1
473	0.2171	_26858_	10
473	0.2171	_26841_	10
473	0.2171	_26840_	10
473	0.2171	_26839_	1
473	0.2171	_26835_	1
473	0.2171	_26799_	1
473	0.2171	_26772_	2
473	0.2171	_26771_	1
473	0.2171	_26769_	2
473	0.2171	_03835_	2
473	0.2171	u4.dividend_reg[20]	5
474	0.2171	_08235_	1
474	0.2171	_26983_	1
474	0.2171	_26858_	10
474	0.2171	_26841_	10
474	0.2171	_26840_	10
474	0.2171	_26839_	1
474	0.2171	_26835_	1
474	0.2171	_26799_	1
474	0.2171	_26772_	2
474	0.2171	_26771_	1
474	0.2171	_26769_	2
474	0.2171	_03835_	2
474	0.2171	u4.dividend_reg[20]	5
475	0.2171	_08233_	1
475	0.2171	_26976_	1
475	0.2171	_26858_	10
475	0.2171	_26841_	10
475	0.2171	_26840_	10
475	0.2171	_26839_	1
475	0.2171	_26835_	1
475	0.2171	_26799_	1
475	0.2171	_26772_	2
475	0.2171	_26771_	1
475	0.2171	_26769_	2
475	0.2171	_03835_	2
475	0.2171	u4.dividend_reg[20]	5
476	0.2171	_08232_	1
476	0.2171	_26974_	1
476	0.2171	_26858_	10
476	0.2171	_26841_	10
476	0.2171	_26840_	10
476	0.2171	_26839_	1
476	0.2171	_26835_	1
476	0.2171	_26799_	1
476	0.2171	_26772_	2
476	0.2171	_26771_	1
476	0.2171	_26769_	2
476	0.2171	_03835_	2
476	0.2171	u4.dividend_reg[20]	5
477	0.2178	_08407_	1
477	0.2178	_28557_	1
477	0.2178	_28556_	1
477	0.2178	_28523_	1
477	0.2178	_28522_	1
477	0.2178	_28521_	1
477	0.2178	_28520_	1
477	0.2178	_28519_	1
477	0.2178	_28516_	2
477	0.2178	_28515_	2
477	0.2178	_28290_	10
477	0.2178	_28177_	10
477	0.2178	_28174_	10
477	0.2178	u4.remainder_shift_term[1]	1
478	0.2192	_07818_	1
478	0.2192	_25856_	1
478	0.2192	_25855_	1
478	0.2192	_25664_	2
478	0.2192	_25662_	2
478	0.2192	_25377_	2
478	0.2192	_25374_	1
478	0.2192	_25373_	2
478	0.2192	_25255_	2
478	0.2192	_25017_	10
478	0.2192	_25016_	10
478	0.2192	_16858_	9
478	0.2192	u3.exponent_2[1]	3
479	0.2206	_07817_	1
479	0.2206	_25854_	1
479	0.2206	_25853_	1
479	0.2206	_25649_	2
479	0.2206	_25647_	2
479	0.2206	_25261_	2
479	0.2206	_25257_	1
479	0.2206	_25256_	2
479	0.2206	_25255_	2
479	0.2206	_25017_	10
479	0.2206	_25016_	10
479	0.2206	_16858_	9
479	0.2206	u3.exponent_2[1]	3
480	0.2208	_07825_	1
480	0.2208	_25873_	1
480	0.2208	_25872_	1
480	0.2208	_25735_	2
480	0.2208	_25271_	2
480	0.2208	_25261_	2
480	0.2208	_25257_	1
480	0.2208	_25256_	2
480	0.2208	_25255_	2
480	0.2208	_25017_	10
480	0.2208	_25016_	10
480	0.2208	_16858_	9
480	0.2208	u3.exponent_2[1]	3
481	0.2209	_08406_	1
481	0.2209	_28474_	1
481	0.2209	_28473_	1
481	0.2209	_28437_	1
481	0.2209	_28436_	1
481	0.2209	_28435_	1
481	0.2209	_28434_	1
481	0.2209	_28433_	1
481	0.2209	_28432_	1
481	0.2209	_28431_	2
481	0.2209	_28290_	10
481	0.2209	_28177_	10
481	0.2209	_28174_	10
481	0.2209	u4.remainder_shift_term[1]	1
482	0.2209	_08405_	1
482	0.2209	_28383_	1
482	0.2209	_28382_	1
482	0.2209	_28307_	1
482	0.2209	_28306_	1
482	0.2209	_28301_	1
482	0.2209	_28299_	1
482	0.2209	_28297_	1
482	0.2209	_28295_	1
482	0.2209	_28293_	2
482	0.2209	_28290_	10
482	0.2209	_28177_	10
482	0.2209	_28174_	10
482	0.2209	u4.remainder_shift_term[1]	1
483	0.2212	_07826_	1
483	0.2212	_25876_	1
483	0.2212	_25875_	1
483	0.2212	_25740_	2
483	0.2212	_25385_	2
483	0.2212	_25377_	2
483	0.2212	_25374_	1
483	0.2212	_25373_	2
483	0.2212	_25255_	2
483	0.2212	_25017_	10
483	0.2212	_25016_	10
483	0.2212	_16858_	9
483	0.2212	u3.exponent_2[1]	3
484	0.2217	_08378_	1
484	0.2217	_27941_	1
484	0.2217	_27940_	1
484	0.2217	_26920_	10
484	0.2217	_26919_	2
484	0.2217	_26840_	10
484	0.2217	_26839_	1
484	0.2217	_26835_	1
484	0.2217	_26799_	1
484	0.2217	_26772_	2
484	0.2217	_26771_	1
484	0.2217	_26769_	2
484	0.2217	_03835_	2
484	0.2217	u4.dividend_reg[20]	5
485	0.2217	_08376_	1
485	0.2217	_27926_	1
485	0.2217	_27925_	1
485	0.2217	_26920_	10
485	0.2217	_26919_	2
485	0.2217	_26840_	10
485	0.2217	_26839_	1
485	0.2217	_26835_	1
485	0.2217	_26799_	1
485	0.2217	_26772_	2
485	0.2217	_26771_	1
485	0.2217	_26769_	2
485	0.2217	_03835_	2
485	0.2217	u4.dividend_reg[20]	5
486	0.2220	_07815_	1
486	0.2220	_25849_	1
486	0.2220	_25848_	1
486	0.2220	_25847_	1
486	0.2220	_25612_	2
486	0.2220	_25609_	1
486	0.2220	_25608_	2
486	0.2220	_24967_	2
486	0.2220	_24964_	2
486	0.2220	_24963_	1
486	0.2220	_24962_	2
486	0.2220	_24945_	10
486	0.2220	_16859_	10
486	0.2220	_16858_	9
486	0.2220	u3.exponent_2[1]	3
487	0.2220	_07814_	1
487	0.2220	_25845_	1
487	0.2220	_25844_	1
487	0.2220	_25843_	1
487	0.2220	_25586_	2
487	0.2220	_25579_	1
487	0.2220	_25578_	2
487	0.2220	_25577_	2
487	0.2220	_25395_	2
487	0.2220	_25394_	1
487	0.2220	_25282_	2
487	0.2220	_24945_	10
487	0.2220	_16859_	10
487	0.2220	_16858_	9
487	0.2220	u3.exponent_2[1]	3
488	0.2220	_07812_	1
488	0.2220	_25839_	1
488	0.2220	_25838_	1
488	0.2220	_25837_	1
488	0.2220	_25516_	2
488	0.2220	_25509_	1
488	0.2220	_25508_	2
488	0.2220	_25507_	2
488	0.2220	_25151_	2
488	0.2220	_25150_	1
488	0.2220	_25149_	2
488	0.2220	_24924_	10
488	0.2220	_16859_	10
488	0.2220	_16858_	9
488	0.2220	u3.exponent_2[1]	3
489	0.2223	_07513_	1
489	0.2223	_23167_	1
489	0.2223	_23166_	1
489	0.2223	_23165_	2
489	0.2223	_23163_	2
489	0.2223	_23162_	2
489	0.2223	_23120_	2
489	0.2223	_23117_	1
489	0.2223	_23105_	2
489	0.2223	_22637_	10
489	0.2223	_22607_	10
489	0.2223	_22606_	10
489	0.2223	u3.exponent_under[1]	2
490	0.2225	_07511_	1
490	0.2225	_23146_	1
490	0.2225	_23145_	1
490	0.2225	_23144_	2
490	0.2225	_23143_	2
490	0.2225	_23142_	2
490	0.2225	_23096_	2
490	0.2225	_23095_	1
490	0.2225	_23094_	2
490	0.2225	_22637_	10
490	0.2225	_22607_	10
490	0.2225	_22606_	10
490	0.2225	u3.exponent_under[1]	2
491	0.2225	_07512_	1
491	0.2225	_23157_	1
491	0.2225	_23156_	1
491	0.2225	_23155_	2
491	0.2225	_23154_	2
491	0.2225	_23153_	2
491	0.2225	_23107_	2
491	0.2225	_23104_	1
491	0.2225	_23094_	2
491	0.2225	_22637_	10
491	0.2225	_22607_	10
491	0.2225	_22606_	10
491	0.2225	u3.exponent_under[1]	2
492	0.2225	_07816_	1
492	0.2225	_25852_	1
492	0.2225	_25851_	1
492	0.2225	_25634_	2
492	0.2225	_25632_	2
492	0.2225	_25125_	2
492	0.2225	_25121_	1
492	0.2225	_25120_	2
492	0.2225	_24925_	2
492	0.2225	_24924_	10
492	0.2225	_16859_	10
492	0.2225	_16858_	9
492	0.2225	u3.exponent_2[1]	3
493	0.2225	_08380_	1
493	0.2225	_27968_	1
493	0.2225	_27966_	1
493	0.2225	_26840_	10
493	0.2225	_26839_	1
493	0.2225	_26835_	1
493	0.2225	_26799_	1
493	0.2225	_26772_	2
493	0.2225	_26771_	1
493	0.2225	_26769_	2
493	0.2225	_03835_	2
493	0.2225	u4.dividend_reg[20]	5
494	0.2227	_07521_	1
494	0.2227	_23242_	1
494	0.2227	_23241_	1
494	0.2227	_23240_	2
494	0.2227	_23239_	2
494	0.2227	_23162_	2
494	0.2227	_23120_	2
494	0.2227	_23117_	1
494	0.2227	_23105_	2
494	0.2227	_22637_	10
494	0.2227	_22607_	10
494	0.2227	_22606_	10
494	0.2227	u3.exponent_under[1]	2
495	0.2228	_07516_	1
495	0.2228	_23194_	1
495	0.2228	_23193_	1
495	0.2228	_23192_	2
495	0.2228	_23014_	2
495	0.2228	_23013_	2
495	0.2228	_23012_	1
495	0.2228	_23011_	2
495	0.2228	_23010_	2
495	0.2228	_22718_	10
495	0.2228	_22701_	10
495	0.2228	_22606_	10
495	0.2228	u3.exponent_under[1]	2
496	0.2228	_07519_	1
496	0.2228	_23222_	1
496	0.2228	_23221_	1
496	0.2228	_23220_	2
496	0.2228	_23219_	2
496	0.2228	_23142_	2
496	0.2228	_23096_	2
496	0.2228	_23095_	1
496	0.2228	_23094_	2
496	0.2228	_22637_	10
496	0.2228	_22607_	10
496	0.2228	_22606_	10
496	0.2228	u3.exponent_under[1]	2
497	0.2228	_07520_	1
497	0.2228	_23233_	1
497	0.2228	_23232_	1
497	0.2228	_23231_	2
497	0.2228	_23230_	2
497	0.2228	_23153_	2
497	0.2228	_23107_	2
497	0.2228	_23104_	1
497	0.2228	_23094_	2
497	0.2228	_22637_	10
497	0.2228	_22607_	10
497	0.2228	_22606_	10
497	0.2228	u3.exponent_under[1]	2
498	0.2237	_07515_	1
498	0.2237	_23185_	1
498	0.2237	_23184_	1
498	0.2237	_23183_	2
498	0.2237	_23182_	2
498	0.2237	_23181_	2
498	0.2237	_23180_	2
498	0.2237	_23179_	1
498	0.2237	_23178_	2
498	0.2237	_22660_	10
498	0.2237	_22659_	10
498	0.2237	_22606_	10
498	0.2237	u3.exponent_under[1]	2
499	0.2237	_07517_	1
499	0.2237	_23203_	1
499	0.2237	_23202_	1
499	0.2237	_23201_	2
499	0.2237	_23200_	2
499	0.2237	_23199_	2
499	0.2237	_23198_	2
499	0.2237	_23195_	1
499	0.2237	_23187_	2
499	0.2237	_22637_	10
499	0.2237	_22607_	10
499	0.2237	_22606_	10
499	0.2237	u3.exponent_under[1]	2
500	0.2241	_07522_	1
500	0.2241	_23252_	1
500	0.2241	_23251_	1
500	0.2241	_22881_	3
500	0.2241	_22731_	4
500	0.2241	_22726_	1
500	0.2241	_22655_	5
500	0.2241	_22654_	2
500	0.2241	_22653_	1
500	0.2241	_22652_	1
500	0.2241	_22637_	10
500	0.2241	_22607_	10
500	0.2241	_22606_	10
500	0.2241	u3.exponent_under[1]	2
501	0.2241	_09949_	1
501	0.2241	_34200_	1
501	0.2241	_34199_	2
501	0.2241	_34198_	1
501	0.2241	_34192_	1
501	0.2241	_34191_	3
501	0.2241	_34139_	5
501	0.2241	_34138_	4
501	0.2241	_34135_	4
501	0.2241	_34132_	4
501	0.2241	_34127_	3
501	0.2241	_34126_	3
501	0.2241	_34125_	5
501	0.2241	u2.diff[54]	1
502	0.2241	_07507_	1
502	0.2241	_23103_	1
502	0.2241	_23102_	1
502	0.2241	_23101_	2
502	0.2241	_23099_	2
502	0.2241	_23098_	2
502	0.2241	_23091_	1
502	0.2241	_23049_	2
502	0.2241	_23048_	2
502	0.2241	_22718_	10
502	0.2241	_22701_	10
502	0.2241	_22606_	10
502	0.2241	u3.exponent_under[1]	2
503	0.2242	_05919_	1
503	0.2242	_14097_	1
503	0.2242	_14096_	1
503	0.2242	_14095_	2
503	0.2242	_14083_	2
503	0.2242	_14082_	2
503	0.2242	_14081_	3
503	0.2242	_14076_	1
503	0.2242	_14066_	2
503	0.2242	_14061_	1
503	0.2242	_14059_	1
503	0.2242	_13851_	5
503	0.2242	_03900_	1
503	0.2242	u2.minuend[37]	2
504	0.2244	_08933_	1
504	0.2244	_31386_	1
504	0.2244	_31354_	2
504	0.2244	_31351_	2
504	0.2244	_31350_	2
504	0.2244	_31349_	3
504	0.2244	_31339_	6
504	0.2244	_31338_	2
504	0.2244	_31334_	4
504	0.2244	_31333_	3
504	0.2244	_31332_	3
504	0.2244	_27235_	8
504	0.2244	u4.divisor_b[31]	1
505	0.2244	_07509_	1
505	0.2244	_23126_	1
505	0.2244	_23125_	1
505	0.2244	_23124_	2
505	0.2244	_23123_	2
505	0.2244	_23122_	2
505	0.2244	_23116_	1
505	0.2244	_23071_	2
505	0.2244	_23060_	2
505	0.2244	_22718_	10
505	0.2244	_22701_	10
505	0.2244	_22606_	10
505	0.2244	u3.exponent_under[1]	2
506	0.2244	_06354_	1
506	0.2244	_16192_	1
506	0.2244	_16168_	1
506	0.2244	_16152_	1
506	0.2244	_16141_	1
506	0.2244	_16140_	1
506	0.2244	_15966_	10
506	0.2244	_15965_	10
506	0.2244	_15964_	10
506	0.2244	_15958_	8
506	0.2244	_15957_	1
506	0.2244	_15577_	7
506	0.2244	u2.diffshift_gt_exponent	1
507	0.2244	_06353_	1
507	0.2244	_16136_	1
507	0.2244	_16109_	1
507	0.2244	_16092_	1
507	0.2244	_16080_	1
507	0.2244	_16079_	1
507	0.2244	_15966_	10
507	0.2244	_15965_	10
507	0.2244	_15964_	10
507	0.2244	_15958_	8
507	0.2244	_15957_	1
507	0.2244	_15577_	7
507	0.2244	u2.diffshift_gt_exponent	1
508	0.2244	_07508_	1
508	0.2244	_23113_	1
508	0.2244	_23112_	1
508	0.2244	_23111_	2
508	0.2244	_23110_	2
508	0.2244	_23013_	2
508	0.2244	_23012_	1
508	0.2244	_23011_	2
508	0.2244	_23010_	2
508	0.2244	_22718_	10
508	0.2244	_22701_	10
508	0.2244	_22606_	10
508	0.2244	u3.exponent_under[1]	2
509	0.2245	_10056_	1
509	0.2245	_34750_	1
509	0.2245	_34748_	1
509	0.2245	_34747_	1
509	0.2245	_14084_	2
509	0.2245	_14083_	2
509	0.2245	_14082_	2
509	0.2245	_14081_	3
509	0.2245	_14076_	1
509	0.2245	_14066_	2
509	0.2245	_14061_	1
509	0.2245	_14059_	1
509	0.2245	_13851_	5
509	0.2245	_03900_	1
509	0.2245	u2.minuend[37]	2
510	0.2245	_07824_	1
510	0.2245	_25871_	1
510	0.2245	_25870_	1
510	0.2245	_25729_	2
510	0.2245	_25137_	2
510	0.2245	_25125_	2
510	0.2245	_25121_	1
510	0.2245	_25120_	2
510	0.2245	_24925_	2
510	0.2245	_24924_	10
510	0.2245	_16859_	10
510	0.2245	_16858_	9
510	0.2245	u3.exponent_2[1]	3
511	0.2248	_07819_	1
511	0.2248	_25858_	1
511	0.2248	_25857_	1
511	0.2248	_25678_	2
511	0.2248	_25677_	2
511	0.2248	_25480_	2
511	0.2248	_24959_	2
511	0.2248	_24958_	1
511	0.2248	_24957_	2
511	0.2248	_24945_	10
511	0.2248	_16859_	10
511	0.2248	_16858_	9
511	0.2248	u3.exponent_2[1]	3
512	0.2248	_07821_	1
512	0.2248	_25863_	1
512	0.2248	_25862_	1
512	0.2248	_25704_	2
512	0.2248	_25703_	2
512	0.2248	_25544_	2
512	0.2248	_25275_	2
512	0.2248	_25274_	1
512	0.2248	_25273_	2
512	0.2248	_24945_	10
512	0.2248	_16859_	10
512	0.2248	_16858_	9
512	0.2248	u3.exponent_2[1]	3
513	0.2248	_07820_	1
513	0.2248	_25860_	1
513	0.2248	_25859_	1
513	0.2248	_25691_	2
513	0.2248	_25690_	2
513	0.2248	_25506_	2
513	0.2248	_25141_	2
513	0.2248	_25140_	1
513	0.2248	_25139_	2
513	0.2248	_24945_	10
513	0.2248	_16859_	10
513	0.2248	_16858_	9
513	0.2248	u3.exponent_2[1]	3
514	0.2251	_06360_	1
514	0.2251	_16334_	1
514	0.2251	_16331_	1
514	0.2251	_16329_	1
514	0.2251	_16328_	1
514	0.2251	_16036_	2
514	0.2251	_16028_	2
514	0.2251	_16027_	1
514	0.2251	_16026_	1
514	0.2251	_15965_	10
514	0.2251	_15964_	10
514	0.2251	_15958_	8
514	0.2251	_15957_	1
514	0.2251	_15577_	7
514	0.2251	u2.diffshift_gt_exponent	1
515	0.2251	_07822_	1
515	0.2251	_25866_	1
515	0.2251	_25865_	1
515	0.2251	_25713_	2
515	0.2251	_25712_	2
515	0.2251	_25576_	2
515	0.2251	_25388_	2
515	0.2251	_25387_	1
515	0.2251	_25273_	2
515	0.2251	_24945_	10
515	0.2251	_16859_	10
515	0.2251	_16858_	9
515	0.2251	u3.exponent_2[1]	3
516	0.2254	_07823_	1
516	0.2254	_25869_	1
516	0.2254	_25868_	1
516	0.2254	_25724_	2
516	0.2254	_24954_	2
516	0.2254	_24951_	2
516	0.2254	_24948_	2
516	0.2254	_24947_	1
516	0.2254	_24946_	2
516	0.2254	_24945_	10
516	0.2254	_16859_	10
516	0.2254	_16858_	9
516	0.2254	u3.exponent_2[1]	3
517	0.2256	_05926_	1
517	0.2256	_14144_	1
517	0.2256	_14142_	2
517	0.2256	_14141_	2
517	0.2256	_14140_	2
517	0.2256	_14139_	2
517	0.2256	_14138_	1
517	0.2256	_13981_	2
517	0.2256	_13946_	2
517	0.2256	_13921_	1
517	0.2256	_13920_	3
517	0.2256	_13919_	3
517	0.2256	_13886_	7
517	0.2256	_03938_	1
517	0.2256	u2.minuend[24]	2
518	0.2264	_07827_	1
518	0.2264	_25878_	1
518	0.2264	_25877_	1
518	0.2264	_25745_	2
518	0.2264	_25479_	2
518	0.2264	_25478_	2
518	0.2264	_24930_	2
518	0.2264	_24926_	1
518	0.2264	_24925_	2
518	0.2264	_24924_	10
518	0.2264	_16859_	10
518	0.2264	_16858_	9
518	0.2264	u3.exponent_2[1]	3
519	0.2271	_08935_	1
519	0.2271	_31440_	1
519	0.2271	_31351_	2
519	0.2271	_31350_	2
519	0.2271	_31349_	3
519	0.2271	_31339_	6
519	0.2271	_31338_	2
519	0.2271	_31334_	4
519	0.2271	_31333_	3
519	0.2271	_31332_	3
519	0.2271	_27235_	8
519	0.2271	u4.divisor_b[31]	1
520	0.2284	_05921_	1
520	0.2284	_14106_	1
520	0.2284	_14105_	1
520	0.2284	_14104_	1
520	0.2284	_14095_	2
520	0.2284	_14083_	2
520	0.2284	_14082_	2
520	0.2284	_14081_	3
520	0.2284	_14076_	1
520	0.2284	_14066_	2
520	0.2284	_14061_	1
520	0.2284	_14059_	1
520	0.2284	_13851_	5
520	0.2284	_03900_	1
520	0.2284	u2.minuend[37]	2
521	0.2286	_05918_	1
521	0.2286	_14090_	1
521	0.2286	_14089_	1
521	0.2286	_13994_	2
521	0.2286	_13983_	3
521	0.2286	_13982_	3
521	0.2286	_13914_	1
521	0.2286	_13902_	2
521	0.2286	_13894_	1
521	0.2286	_13893_	2
521	0.2286	_13887_	2
521	0.2286	_13886_	7
521	0.2286	_03938_	1
521	0.2286	u2.minuend[24]	2
522	0.2286	_10127_	1
522	0.2286	_35220_	1
522	0.2286	_35219_	1
522	0.2286	_35218_	1
522	0.2286	_35217_	1
522	0.2286	_35216_	1
522	0.2286	_35215_	1
522	0.2286	_35214_	1
522	0.2286	_17201_	10
522	0.2286	_17200_	10
522	0.2286	_17199_	10
522	0.2286	_17198_	5
522	0.2286	u3.product_shift_2[1]	1
523	0.2290	_05488_	1
523	0.2290	_12082_	1
523	0.2290	_12080_	1
523	0.2290	_12079_	2
523	0.2290	_12078_	5
523	0.2290	_11985_	4
523	0.2290	_11984_	3
523	0.2290	_11983_	1
523	0.2290	_11973_	2
523	0.2290	_11945_	2
523	0.2290	_11828_	5
523	0.2290	_04616_	1
523	0.2290	u1.large_add[21]	2
524	0.2295	_08363_	1
524	0.2295	_27800_	1
524	0.2295	_27799_	1
524	0.2295	_26841_	10
524	0.2295	_26840_	10
524	0.2295	_26839_	1
524	0.2295	_26835_	1
524	0.2295	_26799_	1
524	0.2295	_26772_	2
524	0.2295	_26771_	1
524	0.2295	_26769_	2
524	0.2295	_03835_	2
524	0.2295	u4.dividend_reg[20]	5
525	0.2303	_10069_	1
525	0.2303	_34819_	1
525	0.2303	_11702_	10
525	0.2303	_11701_	10
525	0.2303	_11117_	10
525	0.2303	_11116_	4
525	0.2303	_11115_	8
526	0.2309	_07530_	1
526	0.2309	_23331_	1
526	0.2309	_23330_	1
526	0.2309	_22990_	2
526	0.2309	_22802_	2
526	0.2309	_22730_	2
526	0.2309	_22695_	2
526	0.2309	_22694_	1
526	0.2309	_22693_	2
526	0.2309	_22660_	10
526	0.2309	_22659_	10
526	0.2309	_22606_	10
526	0.2309	u3.exponent_under[1]	2
527	0.2314	_05492_	1
527	0.2314	_12109_	1
527	0.2314	_12108_	1
527	0.2314	_12107_	1
527	0.2314	_12078_	5
527	0.2314	_11985_	4
527	0.2314	_11984_	3
527	0.2314	_11983_	1
527	0.2314	_11973_	2
527	0.2314	_11945_	2
527	0.2314	_11828_	5
527	0.2314	_04616_	1
527	0.2314	u1.large_add[21]	2
528	0.2314	_07526_	1
528	0.2314	_23293_	1
528	0.2314	_23291_	1
528	0.2314	_22941_	2
528	0.2314	_22764_	2
528	0.2314	_22763_	2
528	0.2314	_22729_	2
528	0.2314	_22728_	1
528	0.2314	_22727_	2
528	0.2314	_22718_	10
528	0.2314	_22701_	10
528	0.2314	_22606_	10
528	0.2314	u3.exponent_under[1]	2
529	0.2320	_06352_	1
529	0.2320	_16075_	1
529	0.2320	_16038_	1
529	0.2320	_16001_	1
529	0.2320	_15972_	1
529	0.2320	_15967_	1
529	0.2320	_15966_	10
529	0.2320	_15965_	10
529	0.2320	_15964_	10
529	0.2320	_15958_	8
529	0.2320	_15957_	1
529	0.2320	_15577_	7
529	0.2320	u2.diffshift_gt_exponent	1
530	0.2331	_06881_	1
530	0.2331	_18820_	1
530	0.2331	_18819_	1
530	0.2331	_18818_	1
530	0.2331	_18817_	1
530	0.2331	_18816_	2
530	0.2331	_18779_	3
530	0.2331	_18778_	2
530	0.2331	_18777_	2
530	0.2331	_18776_	2
530	0.2331	_18775_	2
530	0.2331	_18774_	1
530	0.2331	_00307_	2
530	0.2331	_00304_	2
530	0.2331	_05156_	1
530	0.2331	_10507_	10
530	0.2331	_10506_	9
530	0.2331	u3.mul_a[0]	1
531	0.2345	_06358_	1
531	0.2345	_16312_	1
531	0.2345	_16310_	1
531	0.2345	_16305_	1
531	0.2345	_16304_	1
531	0.2345	_16303_	1
531	0.2345	_16150_	2
531	0.2345	_16149_	1
531	0.2345	_16148_	1
531	0.2345	_15965_	10
531	0.2345	_15964_	10
531	0.2345	_15958_	8
531	0.2345	_15957_	1
531	0.2345	_15577_	7
531	0.2345	u2.diffshift_gt_exponent	1
532	0.2354	_05605_	1
532	0.2354	_12582_	10
532	0.2354	_12019_	10
532	0.2354	_12018_	10
532	0.2354	_11269_	10
532	0.2354	_11115_	8
533	0.2354	_05604_	1
533	0.2354	_12582_	10
533	0.2354	_12019_	10
533	0.2354	_12018_	10
533	0.2354	_11269_	10
533	0.2354	_11115_	8
534	0.2354	_05603_	1
534	0.2354	_12582_	10
534	0.2354	_12019_	10
534	0.2354	_12018_	10
534	0.2354	_11269_	10
534	0.2354	_11115_	8
535	0.2354	_05602_	1
535	0.2354	_12582_	10
535	0.2354	_12019_	10
535	0.2354	_12018_	10
535	0.2354	_11269_	10
535	0.2354	_11115_	8
536	0.2354	_05601_	1
536	0.2354	_12582_	10
536	0.2354	_12019_	10
536	0.2354	_12018_	10
536	0.2354	_11269_	10
536	0.2354	_11115_	8
537	0.2354	_05600_	1
537	0.2354	_12582_	10
537	0.2354	_12019_	10
537	0.2354	_12018_	10
537	0.2354	_11269_	10
537	0.2354	_11115_	8
538	0.2354	_05599_	1
538	0.2354	_12582_	10
538	0.2354	_12019_	10
538	0.2354	_12018_	10
538	0.2354	_11269_	10
538	0.2354	_11115_	8
539	0.2354	_05598_	1
539	0.2354	_12582_	10
539	0.2354	_12019_	10
539	0.2354	_12018_	10
539	0.2354	_11269_	10
539	0.2354	_11115_	8
540	0.2354	_05597_	1
540	0.2354	_12582_	10
540	0.2354	_12019_	10
540	0.2354	_12018_	10
540	0.2354	_11269_	10
540	0.2354	_11115_	8
541	0.2354	_05596_	1
541	0.2354	_12582_	10
541	0.2354	_12019_	10
541	0.2354	_12018_	10
541	0.2354	_11269_	10
541	0.2354	_11115_	8
542	0.2361	_10154_	1
542	0.2361	_35363_	1
542	0.2361	_11702_	10
542	0.2361	_11701_	10
542	0.2361	_11117_	10
542	0.2361	_11116_	4
542	0.2361	_11115_	8
543	0.2361	_10146_	1
543	0.2361	_35317_	1
543	0.2361	_11702_	10
543	0.2361	_11701_	10
543	0.2361	_11117_	10
543	0.2361	_11116_	4
543	0.2361	_11115_	8
544	0.2362	_07518_	1
544	0.2362	_23212_	1
544	0.2362	_23211_	1
544	0.2362	_22843_	3
544	0.2362	_22697_	4
544	0.2362	_22696_	2
544	0.2362	_22695_	2
544	0.2362	_22694_	1
544	0.2362	_22693_	2
544	0.2362	_22660_	10
544	0.2362	_22659_	10
544	0.2362	_22606_	10
544	0.2362	u3.exponent_under[1]	2
545	0.2364	_05928_	1
545	0.2364	_14202_	1
545	0.2364	_14201_	1
545	0.2364	_14141_	2
545	0.2364	_14140_	2
545	0.2364	_14139_	2
545	0.2364	_14138_	1
545	0.2364	_13981_	2
545	0.2364	_13946_	2
545	0.2364	_13921_	1
545	0.2364	_13920_	3
545	0.2364	_13919_	3
545	0.2364	_13886_	7
545	0.2364	_03938_	1
545	0.2364	u2.minuend[24]	2
546	0.2375	_10174_	1
546	0.2375	_35414_	3
546	0.2375	_11702_	10
546	0.2375	_11701_	10
546	0.2375	_11117_	10
546	0.2375	_11116_	4
546	0.2375	_11115_	8
547	0.2376	_05490_	1
547	0.2376	_12094_	1
547	0.2376	_11702_	10
547	0.2376	_11701_	10
547	0.2376	_11117_	10
547	0.2376	_11116_	4
547	0.2376	_11115_	8
548	0.2376	_07534_	1
548	0.2376	_23373_	1
548	0.2376	_23372_	1
548	0.2376	_23044_	2
548	0.2376	_23036_	1
548	0.2376	_22842_	2
548	0.2376	_22763_	2
548	0.2376	_22729_	2
548	0.2376	_22728_	1
548	0.2376	_22727_	2
548	0.2376	_22718_	10
548	0.2376	_22701_	10
548	0.2376	_22606_	10
548	0.2376	u3.exponent_under[1]	2
549	0.2377	_05934_	1
549	0.2377	_14241_	1
549	0.2377	_14240_	1
549	0.2377	_14239_	1
549	0.2377	_14238_	1
549	0.2377	_14233_	2
549	0.2377	_14232_	3
549	0.2377	_14231_	2
549	0.2377	_13946_	2
549	0.2377	_13921_	1
549	0.2377	_13920_	3
549	0.2377	_13919_	3
549	0.2377	_13886_	7
549	0.2377	_03938_	1
549	0.2377	u2.minuend[24]	2
550	0.2377	_08416_	1
550	0.2377	_28827_	1
550	0.2377	_28826_	1
550	0.2377	_28821_	2
550	0.2377	_28819_	2
550	0.2377	_28584_	2
550	0.2377	_28582_	2
550	0.2377	_28269_	10
550	0.2377	_28214_	10
550	0.2377	_28180_	3
550	0.2377	_28179_	10
550	0.2377	u4.remainder_shift_term[0]	1
551	0.2391	_07833_	1
551	0.2391	_25895_	1
551	0.2391	_25894_	1
551	0.2391	_25892_	1
551	0.2391	_25788_	2
551	0.2391	_25647_	2
551	0.2391	_25261_	2
551	0.2391	_25257_	1
551	0.2391	_25256_	2
551	0.2391	_25255_	2
551	0.2391	_25017_	10
551	0.2391	_25016_	10
551	0.2391	_16858_	9
551	0.2391	u3.exponent_2[1]	3
552	0.2405	_07166_	1
552	0.2405	_21005_	1
552	0.2405	_20878_	10
552	0.2405	_11895_	10
552	0.2405	_11117_	10
552	0.2405	_11116_	4
552	0.2405	_11115_	8
553	0.2405	_07164_	1
553	0.2405	_20997_	1
553	0.2405	_20878_	10
553	0.2405	_11895_	10
553	0.2405	_11117_	10
553	0.2405	_11116_	4
553	0.2405	_11115_	8
554	0.2405	_07162_	1
554	0.2405	_20880_	1
554	0.2405	_20878_	10
554	0.2405	_11895_	10
554	0.2405	_11117_	10
554	0.2405	_11116_	4
554	0.2405	_11115_	8
555	0.2405	_07210_	1
555	0.2405	_21347_	1
555	0.2405	_20878_	10
555	0.2405	_11895_	10
555	0.2405	_11117_	10
555	0.2405	_11116_	4
555	0.2405	_11115_	8
556	0.2405	_07197_	1
556	0.2405	_21145_	1
556	0.2405	_20878_	10
556	0.2405	_11895_	10
556	0.2405	_11117_	10
556	0.2405	_11116_	4
556	0.2405	_11115_	8
557	0.2405	_07326_	1
557	0.2405	_22209_	1
557	0.2405	_20878_	10
557	0.2405	_11895_	10
557	0.2405	_11117_	10
557	0.2405	_11116_	4
557	0.2405	_11115_	8
558	0.2407	_07127_	1
558	0.2407	_20648_	1
558	0.2407	_20647_	1
558	0.2407	_20644_	1
558	0.2407	_20643_	3
558	0.2407	_20641_	1
558	0.2407	_20634_	3
558	0.2407	_20630_	1
558	0.2407	_20605_	2
558	0.2407	_20604_	2
558	0.2407	_20600_	3
558	0.2407	_20595_	1
558	0.2407	_20593_	5
558	0.2407	_04911_	1
558	0.2407	u3.sum_0[24]	2
559	0.2408	_07500_	1
559	0.2408	_23020_	1
559	0.2408	_23019_	2
559	0.2408	_23018_	1
559	0.2408	_23017_	1
559	0.2408	_23016_	2
559	0.2408	_23014_	2
559	0.2408	_23013_	2
559	0.2408	_23012_	1
559	0.2408	_23011_	2
559	0.2408	_23010_	2
559	0.2408	_22718_	10
559	0.2408	_22701_	10
559	0.2408	_22606_	10
559	0.2408	u3.exponent_under[1]	2
560	0.2411	_06372_	1
560	0.2411	_16407_	1
560	0.2411	_16406_	1
560	0.2411	_16264_	2
560	0.2411	_16262_	2
560	0.2411	_16261_	1
560	0.2411	_16012_	2
560	0.2411	_16011_	1
560	0.2411	_15966_	10
560	0.2411	_15965_	10
560	0.2411	_15964_	10
560	0.2411	_15958_	8
560	0.2411	_15957_	1
560	0.2411	_15577_	7
560	0.2411	u2.diffshift_gt_exponent	1
561	0.2412	_07332_	1
561	0.2412	_22249_	1
561	0.2412	_20878_	10
561	0.2412	_11895_	10
561	0.2412	_11117_	10
561	0.2412	_11116_	4
561	0.2412	_11115_	8
562	0.2412	_07330_	1
562	0.2412	_22243_	1
562	0.2412	_20878_	10
562	0.2412	_11895_	10
562	0.2412	_11117_	10
562	0.2412	_11116_	4
562	0.2412	_11115_	8
563	0.2412	_07328_	1
563	0.2412	_22237_	1
563	0.2412	_20878_	10
563	0.2412	_11895_	10
563	0.2412	_11117_	10
563	0.2412	_11116_	4
563	0.2412	_11115_	8
564	0.2412	_07173_	1
564	0.2412	_21039_	1
564	0.2412	_21038_	1
564	0.2412	_21037_	1
564	0.2412	_21024_	3
564	0.2412	_21023_	2
564	0.2412	_20983_	3
564	0.2412	_20978_	3
564	0.2412	_20977_	1
564	0.2412	_20927_	2
564	0.2412	_20926_	2
564	0.2412	_20925_	1
564	0.2412	_20924_	4
564	0.2412	_03813_	1
564	0.2412	u3.product_h[6]	2
565	0.2416	_09010_	1
565	0.2416	_31805_	1
565	0.2416	_31804_	1
565	0.2416	_31803_	6
565	0.2416	_31802_	5
565	0.2416	_31801_	2
565	0.2416	_31800_	8
565	0.2416	_31773_	3
565	0.2416	_31772_	2
565	0.2416	_31771_	3
565	0.2416	_31770_	3
565	0.2416	_31769_	2
565	0.2416	_31768_	6
565	0.2416	mantissa_round[5]	1
566	0.2419	_10037_	1
566	0.2419	_34660_	1
566	0.2419	_12021_	10
566	0.2419	_11701_	10
566	0.2419	_11117_	10
566	0.2419	_11116_	4
566	0.2419	_11115_	8
567	0.2420	_06876_	1
567	0.2420	_18795_	1
567	0.2420	_18794_	1
567	0.2420	_18757_	2
567	0.2420	_18755_	2
567	0.2420	_18754_	1
567	0.2420	_18751_	3
567	0.2420	_18738_	1
567	0.2420	_18732_	3
567	0.2420	_18731_	2
567	0.2420	_18730_	3
567	0.2420	_18729_	1
567	0.2420	_05046_	3
567	0.2420	_05044_	1
567	0.2420	_10715_	10
567	0.2420	_10712_	9
567	0.2420	u3.mul_b[52]	1
568	0.2431	_07331_	1
568	0.2431	_22248_	1
568	0.2431	_22247_	1
568	0.2431	_22199_	5
568	0.2431	_22196_	1
568	0.2431	_22195_	3
568	0.2431	_22193_	2
568	0.2431	_22192_	1
568	0.2431	_22187_	3
568	0.2431	_22185_	2
568	0.2431	_22184_	1
568	0.2431	_22183_	3
568	0.2431	_03921_	3
568	0.2431	u3.sum_7[21]	2
569	0.2435	_07829_	1
569	0.2435	_25882_	1
569	0.2435	_25881_	1
569	0.2435	_25758_	2
569	0.2435	_25543_	2
569	0.2435	_25541_	1
569	0.2435	_25540_	2
569	0.2435	_25538_	1
569	0.2435	_25256_	2
569	0.2435	_25255_	2
569	0.2435	_25017_	10
569	0.2435	_25016_	10
569	0.2435	_16858_	9
569	0.2435	u3.exponent_2[1]	3
570	0.2438	_06364_	1
570	0.2438	_16367_	1
570	0.2438	_16364_	1
570	0.2438	_16362_	1
570	0.2438	_16361_	1
570	0.2438	_16360_	1
570	0.2438	_16257_	2
570	0.2438	_16028_	2
570	0.2438	_16027_	1
570	0.2438	_16026_	1
570	0.2438	_15965_	10
570	0.2438	_15964_	10
570	0.2438	_15958_	8
570	0.2438	_15957_	1
570	0.2438	_15577_	7
570	0.2438	u2.diffshift_gt_exponent	1
571	0.2443	_07503_	1
571	0.2443	_23057_	1
571	0.2443	_23056_	1
571	0.2443	_23055_	2
571	0.2443	_23054_	1
571	0.2443	_23053_	2
571	0.2443	_23051_	2
571	0.2443	_23050_	1
571	0.2443	_23049_	2
571	0.2443	_23048_	2
571	0.2443	_22718_	10
571	0.2443	_22701_	10
571	0.2443	_22606_	10
571	0.2443	u3.exponent_under[1]	2
572	0.2443	_07504_	1
572	0.2443	_23068_	1
572	0.2443	_23067_	1
572	0.2443	_23066_	2
572	0.2443	_23065_	1
572	0.2443	_23064_	2
572	0.2443	_23063_	2
572	0.2443	_23059_	1
572	0.2443	_23011_	2
572	0.2443	_23010_	2
572	0.2443	_22718_	10
572	0.2443	_22701_	10
572	0.2443	_22606_	10
572	0.2443	u3.exponent_under[1]	2
573	0.2446	_07505_	1
573	0.2446	_23078_	1
573	0.2446	_23077_	1
573	0.2446	_23076_	2
573	0.2446	_23075_	1
573	0.2446	_23074_	2
573	0.2446	_23073_	2
573	0.2446	_23072_	1
573	0.2446	_23071_	2
573	0.2446	_23060_	2
573	0.2446	_22718_	10
573	0.2446	_22701_	10
573	0.2446	_22606_	10
573	0.2446	u3.exponent_under[1]	2
574	0.2446	_08409_	1
574	0.2446	_28659_	1
574	0.2446	_28658_	1
574	0.2446	_28657_	1
574	0.2446	_28649_	2
574	0.2446	_28648_	2
574	0.2446	_28647_	2
574	0.2446	_28216_	2
574	0.2446	_28215_	10
574	0.2446	_28214_	10
574	0.2446	_28180_	3
574	0.2446	_28179_	10
574	0.2446	u4.remainder_shift_term[0]	1
575	0.2446	_07501_	1
575	0.2446	_23033_	1
575	0.2446	_23032_	1
575	0.2446	_23031_	2
575	0.2446	_23030_	1
575	0.2446	_23029_	2
575	0.2446	_23027_	2
575	0.2446	_23022_	1
575	0.2446	_22972_	2
575	0.2446	_22959_	2
575	0.2446	_22718_	10
575	0.2446	_22701_	10
575	0.2446	_22606_	10
575	0.2446	u3.exponent_under[1]	2
576	0.2449	_08421_	1
576	0.2449	_28887_	1
576	0.2449	_28885_	1
576	0.2449	_28882_	2
576	0.2449	_28379_	2
576	0.2449	_28368_	2
576	0.2449	_28367_	2
576	0.2449	_28269_	10
576	0.2449	_28214_	10
576	0.2449	_28180_	3
576	0.2449	_28179_	10
576	0.2449	u4.remainder_shift_term[0]	1
577	0.2450	_09323_	1
577	0.2450	_32487_	1
577	0.2450	_32469_	10
577	0.2450	_11701_	10
577	0.2450	_11117_	10
577	0.2450	_11116_	4
577	0.2450	_11115_	8
578	0.2450	_09322_	1
578	0.2450	_32485_	1
578	0.2450	_32469_	10
578	0.2450	_11701_	10
578	0.2450	_11117_	10
578	0.2450	_11116_	4
578	0.2450	_11115_	8
579	0.2450	_09321_	1
579	0.2450	_32482_	1
579	0.2450	_32469_	10
579	0.2450	_11701_	10
579	0.2450	_11117_	10
579	0.2450	_11116_	4
579	0.2450	_11115_	8
580	0.2450	_09303_	1
580	0.2450	_32439_	1
580	0.2450	_32418_	10
580	0.2450	_11701_	10
580	0.2450	_11117_	10
580	0.2450	_11116_	4
580	0.2450	_11115_	8
581	0.2450	_09302_	1
581	0.2450	_32435_	1
581	0.2450	_32418_	10
581	0.2450	_11701_	10
581	0.2450	_11117_	10
581	0.2450	_11116_	4
581	0.2450	_11115_	8
582	0.2450	_09301_	1
582	0.2450	_32431_	1
582	0.2450	_32418_	10
582	0.2450	_11701_	10
582	0.2450	_11117_	10
582	0.2450	_11116_	4
582	0.2450	_11115_	8
583	0.2450	_09300_	1
583	0.2450	_32429_	1
583	0.2450	_32418_	10
583	0.2450	_11701_	10
583	0.2450	_11117_	10
583	0.2450	_11116_	4
583	0.2450	_11115_	8
584	0.2450	_09299_	1
584	0.2450	_32427_	1
584	0.2450	_32418_	10
584	0.2450	_11701_	10
584	0.2450	_11117_	10
584	0.2450	_11116_	4
584	0.2450	_11115_	8
585	0.2450	_09298_	1
585	0.2450	_32425_	1
585	0.2450	_32418_	10
585	0.2450	_11701_	10
585	0.2450	_11117_	10
585	0.2450	_11116_	4
585	0.2450	_11115_	8
586	0.2450	_09297_	1
586	0.2450	_32423_	1
586	0.2450	_32418_	10
586	0.2450	_11701_	10
586	0.2450	_11117_	10
586	0.2450	_11116_	4
586	0.2450	_11115_	8
587	0.2450	_09296_	1
587	0.2450	_32421_	1
587	0.2450	_32418_	10
587	0.2450	_11701_	10
587	0.2450	_11117_	10
587	0.2450	_11116_	4
587	0.2450	_11115_	8
588	0.2450	_09295_	1
588	0.2450	_32419_	1
588	0.2450	_32418_	10
588	0.2450	_11701_	10
588	0.2450	_11117_	10
588	0.2450	_11116_	4
588	0.2450	_11115_	8
589	0.2450	_09294_	1
589	0.2450	_32416_	1
589	0.2450	_32393_	10
589	0.2450	_11701_	10
589	0.2450	_11117_	10
589	0.2450	_11116_	4
589	0.2450	_11115_	8
590	0.2450	_09320_	1
590	0.2450	_32480_	1
590	0.2450	_32469_	10
590	0.2450	_11701_	10
590	0.2450	_11117_	10
590	0.2450	_11116_	4
590	0.2450	_11115_	8
591	0.2450	_09319_	1
591	0.2450	_32478_	1
591	0.2450	_32469_	10
591	0.2450	_11701_	10
591	0.2450	_11117_	10
591	0.2450	_11116_	4
591	0.2450	_11115_	8
592	0.2450	_09318_	1
592	0.2450	_32476_	1
592	0.2450	_32469_	10
592	0.2450	_11701_	10
592	0.2450	_11117_	10
592	0.2450	_11116_	4
592	0.2450	_11115_	8
593	0.2450	_09317_	1
593	0.2450	_32474_	1
593	0.2450	_32469_	10
593	0.2450	_11701_	10
593	0.2450	_11117_	10
593	0.2450	_11116_	4
593	0.2450	_11115_	8
594	0.2450	_09316_	1
594	0.2450	_32472_	1
594	0.2450	_32469_	10
594	0.2450	_11701_	10
594	0.2450	_11117_	10
594	0.2450	_11116_	4
594	0.2450	_11115_	8
595	0.2450	_09315_	1
595	0.2450	_32470_	1
595	0.2450	_32469_	10
595	0.2450	_11701_	10
595	0.2450	_11117_	10
595	0.2450	_11116_	4
595	0.2450	_11115_	8
596	0.2450	_09314_	1
596	0.2450	_32467_	1
596	0.2450	_32444_	10
596	0.2450	_11701_	10
596	0.2450	_11117_	10
596	0.2450	_11116_	4
596	0.2450	_11115_	8
597	0.2450	_09313_	1
597	0.2450	_32464_	1
597	0.2450	_32444_	10
597	0.2450	_11701_	10
597	0.2450	_11117_	10
597	0.2450	_11116_	4
597	0.2450	_11115_	8
598	0.2450	_09312_	1
598	0.2450	_32460_	1
598	0.2450	_32444_	10
598	0.2450	_11701_	10
598	0.2450	_11117_	10
598	0.2450	_11116_	4
598	0.2450	_11115_	8
599	0.2450	_09311_	1
599	0.2450	_32457_	1
599	0.2450	_32444_	10
599	0.2450	_11701_	10
599	0.2450	_11117_	10
599	0.2450	_11116_	4
599	0.2450	_11115_	8
600	0.2450	_09310_	1
600	0.2450	_32455_	1
600	0.2450	_32444_	10
600	0.2450	_11701_	10
600	0.2450	_11117_	10
600	0.2450	_11116_	4
600	0.2450	_11115_	8
601	0.2450	_09309_	1
601	0.2450	_32453_	1
601	0.2450	_32444_	10
601	0.2450	_11701_	10
601	0.2450	_11117_	10
601	0.2450	_11116_	4
601	0.2450	_11115_	8
602	0.2450	_09308_	1
602	0.2450	_32451_	1
602	0.2450	_32444_	10
602	0.2450	_11701_	10
602	0.2450	_11117_	10
602	0.2450	_11116_	4
602	0.2450	_11115_	8
603	0.2450	_09307_	1
603	0.2450	_32449_	1
603	0.2450	_32444_	10
603	0.2450	_11701_	10
603	0.2450	_11117_	10
603	0.2450	_11116_	4
603	0.2450	_11115_	8
604	0.2450	_09306_	1
604	0.2450	_32447_	1
604	0.2450	_32444_	10
604	0.2450	_11701_	10
604	0.2450	_11117_	10
604	0.2450	_11116_	4
604	0.2450	_11115_	8
605	0.2450	_09305_	1
605	0.2450	_32445_	1
605	0.2450	_32444_	10
605	0.2450	_11701_	10
605	0.2450	_11117_	10
605	0.2450	_11116_	4
605	0.2450	_11115_	8
606	0.2450	_09304_	1
606	0.2450	_32442_	1
606	0.2450	_32418_	10
606	0.2450	_11701_	10
606	0.2450	_11117_	10
606	0.2450	_11116_	4
606	0.2450	_11115_	8
607	0.2450	_09293_	1
607	0.2450	_32413_	1
607	0.2450	_32393_	10
607	0.2450	_11701_	10
607	0.2450	_11117_	10
607	0.2450	_11116_	4
607	0.2450	_11115_	8
608	0.2450	_09292_	1
608	0.2450	_32409_	1
608	0.2450	_32393_	10
608	0.2450	_11701_	10
608	0.2450	_11117_	10
608	0.2450	_11116_	4
608	0.2450	_11115_	8
609	0.2450	_09291_	1
609	0.2450	_32406_	1
609	0.2450	_32393_	10
609	0.2450	_11701_	10
609	0.2450	_11117_	10
609	0.2450	_11116_	4
609	0.2450	_11115_	8
610	0.2451	_08417_	1
610	0.2451	_28841_	1
610	0.2451	_28840_	1
610	0.2451	_28835_	2
610	0.2451	_28833_	2
610	0.2451	_28640_	2
610	0.2451	_28367_	2
610	0.2451	_28269_	10
610	0.2451	_28214_	10
610	0.2451	_28180_	3
610	0.2451	_28179_	10
610	0.2451	u4.remainder_shift_term[0]	1
611	0.2455	_10137_	1
611	0.2455	_35264_	1
611	0.2455	_34744_	10
611	0.2455	_11701_	10
611	0.2455	_11117_	10
611	0.2455	_11116_	4
611	0.2455	_11115_	8
612	0.2455	_05631_	1
612	0.2455	_12861_	10
612	0.2455	_12670_	10
612	0.2455	_11732_	10
612	0.2455	_11269_	10
612	0.2455	_11115_	8
613	0.2455	_05630_	1
613	0.2455	_12861_	10
613	0.2455	_12670_	10
613	0.2455	_11732_	10
613	0.2455	_11269_	10
613	0.2455	_11115_	8
614	0.2455	_05629_	1
614	0.2455	_12861_	10
614	0.2455	_12670_	10
614	0.2455	_11732_	10
614	0.2455	_11269_	10
614	0.2455	_11115_	8
615	0.2455	_05628_	1
615	0.2455	_12861_	10
615	0.2455	_12670_	10
615	0.2455	_11732_	10
615	0.2455	_11269_	10
615	0.2455	_11115_	8
616	0.2455	_05626_	1
616	0.2455	_12760_	10
616	0.2455	_12670_	10
616	0.2455	_11732_	10
616	0.2455	_11269_	10
616	0.2455	_11115_	8
617	0.2455	_05625_	1
617	0.2455	_12760_	10
617	0.2455	_12670_	10
617	0.2455	_11732_	10
617	0.2455	_11269_	10
617	0.2455	_11115_	8
618	0.2455	_05624_	1
618	0.2455	_12760_	10
618	0.2455	_12670_	10
618	0.2455	_11732_	10
618	0.2455	_11269_	10
618	0.2455	_11115_	8
619	0.2455	_05623_	1
619	0.2455	_12760_	10
619	0.2455	_12670_	10
619	0.2455	_11732_	10
619	0.2455	_11269_	10
619	0.2455	_11115_	8
620	0.2455	_05621_	1
620	0.2455	_12760_	10
620	0.2455	_12670_	10
620	0.2455	_11732_	10
620	0.2455	_11269_	10
620	0.2455	_11115_	8
621	0.2455	_05620_	1
621	0.2455	_12760_	10
621	0.2455	_12670_	10
621	0.2455	_11732_	10
621	0.2455	_11269_	10
621	0.2455	_11115_	8
622	0.2455	_05619_	1
622	0.2455	_12760_	10
622	0.2455	_12670_	10
622	0.2455	_11732_	10
622	0.2455	_11269_	10
622	0.2455	_11115_	8
623	0.2455	_05632_	1
623	0.2455	_12861_	10
623	0.2455	_12670_	10
623	0.2455	_11732_	10
623	0.2455	_11269_	10
623	0.2455	_11115_	8
624	0.2455	_06056_	1
624	0.2455	_14831_	10
624	0.2455	_12670_	10
624	0.2455	_11732_	10
624	0.2455	_11269_	10
624	0.2455	_11115_	8
625	0.2455	_06055_	1
625	0.2455	_14831_	10
625	0.2455	_12670_	10
625	0.2455	_11732_	10
625	0.2455	_11269_	10
625	0.2455	_11115_	8
626	0.2455	_05627_	1
626	0.2455	_12861_	10
626	0.2455	_12670_	10
626	0.2455	_11732_	10
626	0.2455	_11269_	10
626	0.2455	_11115_	8
627	0.2455	_05637_	1
627	0.2455	_12861_	10
627	0.2455	_12670_	10
627	0.2455	_11732_	10
627	0.2455	_11269_	10
627	0.2455	_11115_	8
628	0.2455	_05635_	1
628	0.2455	_12861_	10
628	0.2455	_12670_	10
628	0.2455	_11732_	10
628	0.2455	_11269_	10
628	0.2455	_11115_	8
629	0.2455	_05634_	1
629	0.2455	_12861_	10
629	0.2455	_12670_	10
629	0.2455	_11732_	10
629	0.2455	_11269_	10
629	0.2455	_11115_	8
630	0.2455	_05633_	1
630	0.2455	_12861_	10
630	0.2455	_12670_	10
630	0.2455	_11732_	10
630	0.2455	_11269_	10
630	0.2455	_11115_	8
631	0.2455	_10149_	1
631	0.2455	_35335_	1
631	0.2455	_34744_	10
631	0.2455	_11701_	10
631	0.2455	_11117_	10
631	0.2455	_11116_	4
631	0.2455	_11115_	8
632	0.2455	_10068_	1
632	0.2455	_34800_	1
632	0.2455	_34744_	10
632	0.2455	_11701_	10
632	0.2455	_11117_	10
632	0.2455	_11116_	4
632	0.2455	_11115_	8
633	0.2456	_06960_	1
633	0.2456	_19395_	1
633	0.2456	_03646_	1
633	0.2456	_41217_	1
633	0.2456	_41214_	1
633	0.2456	_45275_	1
633	0.2456	_41925_	1
633	0.2456	_41923_	1
633	0.2456	_05027_	1
633	0.2456	_10799_	10
633	0.2456	_10754_	9
633	0.2456	u3.mul_a[24]	1
634	0.2457	_10088_	1
634	0.2457	_34987_	1
634	0.2457	_34744_	10
634	0.2457	_11701_	10
634	0.2457	_11117_	10
634	0.2457	_11116_	4
634	0.2457	_11115_	8
635	0.2457	_10089_	1
635	0.2457	_34992_	1
635	0.2457	_34744_	10
635	0.2457	_11701_	10
635	0.2457	_11117_	10
635	0.2457	_11116_	4
635	0.2457	_11115_	8
636	0.2457	_10131_	1
636	0.2457	_35238_	1
636	0.2457	_34744_	10
636	0.2457	_11701_	10
636	0.2457	_11117_	10
636	0.2457	_11116_	4
636	0.2457	_11115_	8
637	0.2457	_09290_	1
637	0.2457	_32404_	1
637	0.2457	_32393_	10
637	0.2457	_11701_	10
637	0.2457	_11117_	10
637	0.2457	_11116_	4
637	0.2457	_11115_	8
638	0.2457	_09289_	1
638	0.2457	_32402_	1
638	0.2457	_32393_	10
638	0.2457	_11701_	10
638	0.2457	_11117_	10
638	0.2457	_11116_	4
638	0.2457	_11115_	8
639	0.2457	_09288_	1
639	0.2457	_32400_	1
639	0.2457	_32393_	10
639	0.2457	_11701_	10
639	0.2457	_11117_	10
639	0.2457	_11116_	4
639	0.2457	_11115_	8
640	0.2457	_09287_	1
640	0.2457	_32398_	1
640	0.2457	_32393_	10
640	0.2457	_11701_	10
640	0.2457	_11117_	10
640	0.2457	_11116_	4
640	0.2457	_11115_	8
641	0.2457	_09286_	1
641	0.2457	_32396_	1
641	0.2457	_32393_	10
641	0.2457	_11701_	10
641	0.2457	_11117_	10
641	0.2457	_11116_	4
641	0.2457	_11115_	8
642	0.2457	_09285_	1
642	0.2457	_32394_	1
642	0.2457	_32393_	10
642	0.2457	_11701_	10
642	0.2457	_11117_	10
642	0.2457	_11116_	4
642	0.2457	_11115_	8
643	0.2457	_06789_	1
643	0.2457	_18048_	1
643	0.2457	_04527_	1
643	0.2457	_43310_	1
643	0.2457	_43308_	1
643	0.2457	_45587_	1
643	0.2457	_44575_	1
643	0.2457	_44573_	1
643	0.2457	_04809_	1
643	0.2457	_10699_	10
643	0.2457	_10506_	9
643	0.2457	u3.mul_a[0]	1
644	0.2457	_10184_	1
644	0.2457	_35436_	1
644	0.2457	_34744_	10
644	0.2457	_11701_	10
644	0.2457	_11117_	10
644	0.2457	_11116_	4
644	0.2457	_11115_	8
645	0.2458	_06927_	1
645	0.2458	_19143_	1
645	0.2458	_03615_	1
645	0.2458	_40249_	1
645	0.2458	_40247_	1
645	0.2458	_44944_	1
645	0.2458	_41836_	1
645	0.2458	_41834_	1
645	0.2458	_04607_	1
645	0.2458	_10755_	10
645	0.2458	_10754_	9
645	0.2458	u3.mul_a[24]	1
646	0.2458	_06829_	1
646	0.2458	_18377_	1
646	0.2458	_04628_	1
646	0.2458	_44850_	1
646	0.2458	_44848_	1
646	0.2458	_45051_	1
646	0.2458	_42753_	1
646	0.2458	_42751_	1
646	0.2458	_04869_	1
646	0.2458	_10507_	10
646	0.2458	_10506_	9
646	0.2458	u3.mul_a[0]	1
647	0.2459	_07238_	1
647	0.2459	_21577_	1
647	0.2459	_12021_	10
647	0.2459	_11701_	10
647	0.2459	_11117_	10
647	0.2459	_11116_	4
647	0.2459	_11115_	8
648	0.2460	_10153_	1
648	0.2460	_35354_	1
648	0.2460	_12021_	10
648	0.2460	_11701_	10
648	0.2460	_11117_	10
648	0.2460	_11116_	4
648	0.2460	_11115_	8
649	0.2460	_06869_	1
649	0.2460	_18692_	1
649	0.2460	_04516_	1
649	0.2460	_44591_	1
649	0.2460	_44589_	1
649	0.2460	_45390_	1
649	0.2460	_44162_	1
649	0.2460	_44160_	1
649	0.2460	_03171_	1
649	0.2460	_10567_	10
649	0.2460	_10506_	9
649	0.2460	u3.mul_a[0]	1
650	0.2461	_05618_	1
650	0.2461	_12760_	10
650	0.2461	_12670_	10
650	0.2461	_11732_	10
650	0.2461	_11269_	10
650	0.2461	_11115_	8
651	0.2461	_05617_	1
651	0.2461	_12760_	10
651	0.2461	_12670_	10
651	0.2461	_11732_	10
651	0.2461	_11269_	10
651	0.2461	_11115_	8
652	0.2461	_05616_	1
652	0.2461	_12760_	10
652	0.2461	_12670_	10
652	0.2461	_11732_	10
652	0.2461	_11269_	10
652	0.2461	_11115_	8
653	0.2461	_05615_	1
653	0.2461	_12671_	10
653	0.2461	_12670_	10
653	0.2461	_11732_	10
653	0.2461	_11269_	10
653	0.2461	_11115_	8
654	0.2461	_05614_	1
654	0.2461	_12671_	10
654	0.2461	_12670_	10
654	0.2461	_11732_	10
654	0.2461	_11269_	10
654	0.2461	_11115_	8
655	0.2461	_05613_	1
655	0.2461	_12671_	10
655	0.2461	_12670_	10
655	0.2461	_11732_	10
655	0.2461	_11269_	10
655	0.2461	_11115_	8
656	0.2461	_05612_	1
656	0.2461	_12671_	10
656	0.2461	_12670_	10
656	0.2461	_11732_	10
656	0.2461	_11269_	10
656	0.2461	_11115_	8
657	0.2461	_05611_	1
657	0.2461	_12671_	10
657	0.2461	_12670_	10
657	0.2461	_11732_	10
657	0.2461	_11269_	10
657	0.2461	_11115_	8
658	0.2461	_05610_	1
658	0.2461	_12671_	10
658	0.2461	_12670_	10
658	0.2461	_11732_	10
658	0.2461	_11269_	10
658	0.2461	_11115_	8
659	0.2461	_05609_	1
659	0.2461	_12671_	10
659	0.2461	_12670_	10
659	0.2461	_11732_	10
659	0.2461	_11269_	10
659	0.2461	_11115_	8
660	0.2461	_05608_	1
660	0.2461	_12671_	10
660	0.2461	_12670_	10
660	0.2461	_11732_	10
660	0.2461	_11269_	10
660	0.2461	_11115_	8
661	0.2461	_05607_	1
661	0.2461	_12671_	10
661	0.2461	_12670_	10
661	0.2461	_11732_	10
661	0.2461	_11269_	10
661	0.2461	_11115_	8
662	0.2461	_05606_	1
662	0.2461	_12671_	10
662	0.2461	_12670_	10
662	0.2461	_11732_	10
662	0.2461	_11269_	10
662	0.2461	_11115_	8
663	0.2461	_05959_	1
663	0.2461	_14300_	10
663	0.2461	_12670_	10
663	0.2461	_11732_	10
663	0.2461	_11269_	10
663	0.2461	_11115_	8
664	0.2461	_05957_	1
664	0.2461	_14300_	10
664	0.2461	_12670_	10
664	0.2461	_11732_	10
664	0.2461	_11269_	10
664	0.2461	_11115_	8
665	0.2461	_05956_	1
665	0.2461	_14300_	10
665	0.2461	_12670_	10
665	0.2461	_11732_	10
665	0.2461	_11269_	10
665	0.2461	_11115_	8
666	0.2461	_05955_	1
666	0.2461	_14300_	10
666	0.2461	_12670_	10
666	0.2461	_11732_	10
666	0.2461	_11269_	10
666	0.2461	_11115_	8
667	0.2461	_05954_	1
667	0.2461	_14300_	10
667	0.2461	_12670_	10
667	0.2461	_11732_	10
667	0.2461	_11269_	10
667	0.2461	_11115_	8
668	0.2461	_05951_	1
668	0.2461	_14300_	10
668	0.2461	_12670_	10
668	0.2461	_11732_	10
668	0.2461	_11269_	10
668	0.2461	_11115_	8
669	0.2461	_05950_	1
669	0.2461	_14300_	10
669	0.2461	_12670_	10
669	0.2461	_11732_	10
669	0.2461	_11269_	10
669	0.2461	_11115_	8
670	0.2461	_05949_	1
670	0.2461	_14300_	10
670	0.2461	_12670_	10
670	0.2461	_11732_	10
670	0.2461	_11269_	10
670	0.2461	_11115_	8
671	0.2461	_05946_	1
671	0.2461	_14300_	10
671	0.2461	_12670_	10
671	0.2461	_11732_	10
671	0.2461	_11269_	10
671	0.2461	_11115_	8
672	0.2461	_05945_	1
672	0.2461	_14300_	10
672	0.2461	_12670_	10
672	0.2461	_11732_	10
672	0.2461	_11269_	10
672	0.2461	_11115_	8
673	0.2461	_05944_	1
673	0.2461	_14120_	10
673	0.2461	_12670_	10
673	0.2461	_11732_	10
673	0.2461	_11269_	10
673	0.2461	_11115_	8
674	0.2461	_05943_	1
674	0.2461	_14120_	10
674	0.2461	_12670_	10
674	0.2461	_11732_	10
674	0.2461	_11269_	10
674	0.2461	_11115_	8
675	0.2461	_05940_	1
675	0.2461	_14120_	10
675	0.2461	_12670_	10
675	0.2461	_11732_	10
675	0.2461	_11269_	10
675	0.2461	_11115_	8
676	0.2461	_05932_	1
676	0.2461	_14120_	10
676	0.2461	_12670_	10
676	0.2461	_11732_	10
676	0.2461	_11269_	10
676	0.2461	_11115_	8
677	0.2461	_05930_	1
677	0.2461	_14120_	10
677	0.2461	_12670_	10
677	0.2461	_11732_	10
677	0.2461	_11269_	10
677	0.2461	_11115_	8
678	0.2461	_05924_	1
678	0.2461	_14120_	10
678	0.2461	_12670_	10
678	0.2461	_11732_	10
678	0.2461	_11269_	10
678	0.2461	_11115_	8
679	0.2461	_06054_	1
679	0.2461	_14831_	10
679	0.2461	_12670_	10
679	0.2461	_11732_	10
679	0.2461	_11269_	10
679	0.2461	_11115_	8
680	0.2461	_06053_	1
680	0.2461	_14831_	10
680	0.2461	_12670_	10
680	0.2461	_11732_	10
680	0.2461	_11269_	10
680	0.2461	_11115_	8
681	0.2461	_06052_	1
681	0.2461	_14831_	10
681	0.2461	_12670_	10
681	0.2461	_11732_	10
681	0.2461	_11269_	10
681	0.2461	_11115_	8
682	0.2461	_06051_	1
682	0.2461	_14831_	10
682	0.2461	_12670_	10
682	0.2461	_11732_	10
682	0.2461	_11269_	10
682	0.2461	_11115_	8
683	0.2461	_06050_	1
683	0.2461	_14831_	10
683	0.2461	_12670_	10
683	0.2461	_11732_	10
683	0.2461	_11269_	10
683	0.2461	_11115_	8
684	0.2461	_06049_	1
684	0.2461	_14831_	10
684	0.2461	_12670_	10
684	0.2461	_11732_	10
684	0.2461	_11269_	10
684	0.2461	_11115_	8
685	0.2461	_06048_	1
685	0.2461	_14831_	10
685	0.2461	_12670_	10
685	0.2461	_11732_	10
685	0.2461	_11269_	10
685	0.2461	_11115_	8
686	0.2461	_06047_	1
686	0.2461	_14831_	10
686	0.2461	_12670_	10
686	0.2461	_11732_	10
686	0.2461	_11269_	10
686	0.2461	_11115_	8
687	0.2461	_06046_	1
687	0.2461	_14729_	10
687	0.2461	_12670_	10
687	0.2461	_11732_	10
687	0.2461	_11269_	10
687	0.2461	_11115_	8
688	0.2461	_06045_	1
688	0.2461	_14729_	10
688	0.2461	_12670_	10
688	0.2461	_11732_	10
688	0.2461	_11269_	10
688	0.2461	_11115_	8
689	0.2461	_06044_	1
689	0.2461	_14729_	10
689	0.2461	_12670_	10
689	0.2461	_11732_	10
689	0.2461	_11269_	10
689	0.2461	_11115_	8
690	0.2461	_06043_	1
690	0.2461	_14729_	10
690	0.2461	_12670_	10
690	0.2461	_11732_	10
690	0.2461	_11269_	10
690	0.2461	_11115_	8
691	0.2461	_06042_	1
691	0.2461	_14729_	10
691	0.2461	_12670_	10
691	0.2461	_11732_	10
691	0.2461	_11269_	10
691	0.2461	_11115_	8
692	0.2461	_06041_	1
692	0.2461	_14729_	10
692	0.2461	_12670_	10
692	0.2461	_11732_	10
692	0.2461	_11269_	10
692	0.2461	_11115_	8
693	0.2461	_06040_	1
693	0.2461	_14729_	10
693	0.2461	_12670_	10
693	0.2461	_11732_	10
693	0.2461	_11269_	10
693	0.2461	_11115_	8
694	0.2461	_06039_	1
694	0.2461	_14729_	10
694	0.2461	_12670_	10
694	0.2461	_11732_	10
694	0.2461	_11269_	10
694	0.2461	_11115_	8
695	0.2461	_06038_	1
695	0.2461	_14729_	10
695	0.2461	_12670_	10
695	0.2461	_11732_	10
695	0.2461	_11269_	10
695	0.2461	_11115_	8
696	0.2461	_06037_	1
696	0.2461	_14729_	10
696	0.2461	_12670_	10
696	0.2461	_11732_	10
696	0.2461	_11269_	10
696	0.2461	_11115_	8
697	0.2461	_06036_	1
697	0.2461	_14639_	10
697	0.2461	_12670_	10
697	0.2461	_11732_	10
697	0.2461	_11269_	10
697	0.2461	_11115_	8
698	0.2461	_06035_	1
698	0.2461	_14639_	10
698	0.2461	_12670_	10
698	0.2461	_11732_	10
698	0.2461	_11269_	10
698	0.2461	_11115_	8
699	0.2461	_06034_	1
699	0.2461	_14639_	10
699	0.2461	_12670_	10
699	0.2461	_11732_	10
699	0.2461	_11269_	10
699	0.2461	_11115_	8
700	0.2461	_06033_	1
700	0.2461	_14639_	10
700	0.2461	_12670_	10
700	0.2461	_11732_	10
700	0.2461	_11269_	10
700	0.2461	_11115_	8
701	0.2461	_06032_	1
701	0.2461	_14639_	10
701	0.2461	_12670_	10
701	0.2461	_11732_	10
701	0.2461	_11269_	10
701	0.2461	_11115_	8
702	0.2461	_06031_	1
702	0.2461	_14639_	10
702	0.2461	_12670_	10
702	0.2461	_11732_	10
702	0.2461	_11269_	10
702	0.2461	_11115_	8
703	0.2461	_06030_	1
703	0.2461	_14639_	10
703	0.2461	_12670_	10
703	0.2461	_11732_	10
703	0.2461	_11269_	10
703	0.2461	_11115_	8
704	0.2461	_06029_	1
704	0.2461	_14639_	10
704	0.2461	_12670_	10
704	0.2461	_11732_	10
704	0.2461	_11269_	10
704	0.2461	_11115_	8
705	0.2461	_06028_	1
705	0.2461	_14639_	10
705	0.2461	_12670_	10
705	0.2461	_11732_	10
705	0.2461	_11269_	10
705	0.2461	_11115_	8
706	0.2461	_06027_	1
706	0.2461	_14639_	10
706	0.2461	_12670_	10
706	0.2461	_11732_	10
706	0.2461	_11269_	10
706	0.2461	_11115_	8
707	0.2464	_10188_	1
707	0.2464	_35446_	1
707	0.2464	_12021_	10
707	0.2464	_11701_	10
707	0.2464	_11117_	10
707	0.2464	_11116_	4
707	0.2464	_11115_	8
708	0.2464	_10193_	1
708	0.2464	_35460_	1
708	0.2464	_12021_	10
708	0.2464	_11701_	10
708	0.2464	_11117_	10
708	0.2464	_11116_	4
708	0.2464	_11115_	8
709	0.2464	_09387_	1
709	0.2464	_32575_	1
709	0.2464	_32469_	10
709	0.2464	_11701_	10
709	0.2464	_11117_	10
709	0.2464	_11116_	4
709	0.2464	_11115_	8
710	0.2466	_05595_	1
710	0.2466	_12234_	10
710	0.2466	_12019_	10
710	0.2466	_12018_	10
710	0.2466	_11269_	10
710	0.2466	_11115_	8
711	0.2466	_05594_	1
711	0.2466	_12234_	10
711	0.2466	_12019_	10
711	0.2466	_12018_	10
711	0.2466	_11269_	10
711	0.2466	_11115_	8
712	0.2466	_05593_	1
712	0.2466	_12234_	10
712	0.2466	_12019_	10
712	0.2466	_12018_	10
712	0.2466	_11269_	10
712	0.2466	_11115_	8
713	0.2466	_05592_	1
713	0.2466	_12234_	10
713	0.2466	_12019_	10
713	0.2466	_12018_	10
713	0.2466	_11269_	10
713	0.2466	_11115_	8
714	0.2466	_05591_	1
714	0.2466	_12234_	10
714	0.2466	_12019_	10
714	0.2466	_12018_	10
714	0.2466	_11269_	10
714	0.2466	_11115_	8
715	0.2466	_05590_	1
715	0.2466	_12234_	10
715	0.2466	_12019_	10
715	0.2466	_12018_	10
715	0.2466	_11269_	10
715	0.2466	_11115_	8
716	0.2466	_05589_	1
716	0.2466	_12234_	10
716	0.2466	_12019_	10
716	0.2466	_12018_	10
716	0.2466	_11269_	10
716	0.2466	_11115_	8
717	0.2466	_05588_	1
717	0.2466	_12234_	10
717	0.2466	_12019_	10
717	0.2466	_12018_	10
717	0.2466	_11269_	10
717	0.2466	_11115_	8
718	0.2466	_05587_	1
718	0.2466	_12234_	10
718	0.2466	_12019_	10
718	0.2466	_12018_	10
718	0.2466	_11269_	10
718	0.2466	_11115_	8
719	0.2466	_05514_	1
719	0.2466	_12234_	10
719	0.2466	_12019_	10
719	0.2466	_12018_	10
719	0.2466	_11269_	10
719	0.2466	_11115_	8
720	0.2468	_08432_	1
720	0.2468	_28959_	1
720	0.2468	_28956_	1
720	0.2468	_28955_	1
720	0.2468	_28953_	1
720	0.2468	_28952_	1
720	0.2468	_28819_	2
720	0.2468	_28584_	2
720	0.2468	_28582_	2
720	0.2468	_28269_	10
720	0.2468	_28214_	10
720	0.2468	_28180_	3
720	0.2468	_28179_	10
720	0.2468	u4.remainder_shift_term[0]	1
721	0.2471	_10192_	1
721	0.2471	_35457_	1
721	0.2471	_12021_	10
721	0.2471	_11701_	10
721	0.2471	_11117_	10
721	0.2471	_11116_	4
721	0.2471	_11115_	8
722	0.2475	_06361_	1
722	0.2475	_16342_	1
722	0.2475	_16339_	1
722	0.2475	_16337_	1
722	0.2475	_16336_	1
722	0.2475	_16335_	1
722	0.2475	_16091_	2
722	0.2475	_16085_	2
722	0.2475	_16084_	1
722	0.2475	_16083_	1
722	0.2475	_16082_	2
722	0.2475	_15964_	10
722	0.2475	_15958_	8
722	0.2475	_15957_	1
722	0.2475	_15577_	7
722	0.2475	u2.diffshift_gt_exponent	1
723	0.2475	_10142_	1
723	0.2475	_35295_	1
723	0.2475	_11702_	10
723	0.2475	_11701_	10
723	0.2475	_11117_	10
723	0.2475	_11116_	4
723	0.2475	_11115_	8
724	0.2482	_05474_	1
724	0.2482	_11703_	6
724	0.2482	_11702_	10
724	0.2482	_11701_	10
724	0.2482	_11117_	10
724	0.2482	_11116_	4
724	0.2482	_11115_	8
725	0.2482	_05473_	1
725	0.2482	_11703_	6
725	0.2482	_11702_	10
725	0.2482	_11701_	10
725	0.2482	_11117_	10
725	0.2482	_11116_	4
725	0.2482	_11115_	8
726	0.2482	_05472_	1
726	0.2482	_11703_	6
726	0.2482	_11702_	10
726	0.2482	_11701_	10
726	0.2482	_11117_	10
726	0.2482	_11116_	4
726	0.2482	_11115_	8
727	0.2482	_05471_	1
727	0.2482	_11703_	6
727	0.2482	_11702_	10
727	0.2482	_11701_	10
727	0.2482	_11117_	10
727	0.2482	_11116_	4
727	0.2482	_11115_	8
728	0.2482	_10031_	1
728	0.2482	_11703_	6
728	0.2482	_11702_	10
728	0.2482	_11701_	10
728	0.2482	_11117_	10
728	0.2482	_11116_	4
728	0.2482	_11115_	8
729	0.2482	_10020_	1
729	0.2482	_11703_	6
729	0.2482	_11702_	10
729	0.2482	_11701_	10
729	0.2482	_11117_	10
729	0.2482	_11116_	4
729	0.2482	_11115_	8
730	0.2483	_06879_	1
730	0.2483	_18808_	1
730	0.2483	_18807_	1
730	0.2483	_18806_	1
730	0.2483	_18781_	2
730	0.2483	_18779_	3
730	0.2483	_18778_	2
730	0.2483	_18777_	2
730	0.2483	_18776_	2
730	0.2483	_18775_	2
730	0.2483	_18774_	1
730	0.2483	_00307_	2
730	0.2483	_00304_	2
730	0.2483	_05156_	1
730	0.2483	_10507_	10
730	0.2483	_10506_	9
730	0.2483	u3.mul_a[0]	1
731	0.2493	_06362_	1
731	0.2493	_16350_	1
731	0.2493	_16347_	1
731	0.2493	_16345_	1
731	0.2493	_16344_	1
731	0.2493	_16343_	1
731	0.2493	_16151_	2
731	0.2493	_16150_	2
731	0.2493	_16149_	1
731	0.2493	_16148_	1
731	0.2493	_15965_	10
731	0.2493	_15964_	10
731	0.2493	_15958_	8
731	0.2493	_15957_	1
731	0.2493	_15577_	7
731	0.2493	u2.diffshift_gt_exponent	1
732	0.2493	_08413_	1
732	0.2493	_28773_	1
732	0.2493	_28772_	1
732	0.2493	_28771_	1
732	0.2493	_28770_	1
732	0.2493	_28768_	2
732	0.2493	_28243_	2
732	0.2493	_28241_	2
732	0.2493	_28215_	10
732	0.2493	_28214_	10
732	0.2493	_28180_	3
732	0.2493	_28179_	10
732	0.2493	u4.remainder_shift_term[0]	1
733	0.2497	_07110_	1
733	0.2497	_20420_	10
733	0.2497	_18825_	10
733	0.2497	_18824_	10
733	0.2497	_16568_	7
733	0.2497	_11116_	4
733	0.2497	_11115_	8
734	0.2497	_07106_	1
734	0.2497	_20420_	10
734	0.2497	_18825_	10
734	0.2497	_18824_	10
734	0.2497	_16568_	7
734	0.2497	_11116_	4
734	0.2497	_11115_	8
735	0.2497	_07102_	1
735	0.2497	_20420_	10
735	0.2497	_18825_	10
735	0.2497	_18824_	10
735	0.2497	_16568_	7
735	0.2497	_11116_	4
735	0.2497	_11115_	8
736	0.2497	_07101_	1
736	0.2497	_20420_	10
736	0.2497	_18825_	10
736	0.2497	_18824_	10
736	0.2497	_16568_	7
736	0.2497	_11116_	4
736	0.2497	_11115_	8
737	0.2497	_07100_	1
737	0.2497	_20420_	10
737	0.2497	_18825_	10
737	0.2497	_18824_	10
737	0.2497	_16568_	7
737	0.2497	_11116_	4
737	0.2497	_11115_	8
738	0.2497	_07099_	1
738	0.2497	_20420_	10
738	0.2497	_18825_	10
738	0.2497	_18824_	10
738	0.2497	_16568_	7
738	0.2497	_11116_	4
738	0.2497	_11115_	8
739	0.2497	_07098_	1
739	0.2497	_20420_	10
739	0.2497	_18825_	10
739	0.2497	_18824_	10
739	0.2497	_16568_	7
739	0.2497	_11116_	4
739	0.2497	_11115_	8
740	0.2497	_07097_	1
740	0.2497	_20420_	10
740	0.2497	_18825_	10
740	0.2497	_18824_	10
740	0.2497	_16568_	7
740	0.2497	_11116_	4
740	0.2497	_11115_	8
741	0.2497	_07096_	1
741	0.2497	_20420_	10
741	0.2497	_18825_	10
741	0.2497	_18824_	10
741	0.2497	_16568_	7
741	0.2497	_11116_	4
741	0.2497	_11115_	8
742	0.2497	_07095_	1
742	0.2497	_20420_	10
742	0.2497	_18825_	10
742	0.2497	_18824_	10
742	0.2497	_16568_	7
742	0.2497	_11116_	4
742	0.2497	_11115_	8
743	0.2497	_07094_	1
743	0.2497	_20168_	10
743	0.2497	_18825_	10
743	0.2497	_18824_	10
743	0.2497	_16568_	7
743	0.2497	_11116_	4
743	0.2497	_11115_	8
744	0.2497	_07092_	1
744	0.2497	_20168_	10
744	0.2497	_18825_	10
744	0.2497	_18824_	10
744	0.2497	_16568_	7
744	0.2497	_11116_	4
744	0.2497	_11115_	8
745	0.2497	_07091_	1
745	0.2497	_20168_	10
745	0.2497	_18825_	10
745	0.2497	_18824_	10
745	0.2497	_16568_	7
745	0.2497	_11116_	4
745	0.2497	_11115_	8
746	0.2497	_07090_	1
746	0.2497	_20168_	10
746	0.2497	_18825_	10
746	0.2497	_18824_	10
746	0.2497	_16568_	7
746	0.2497	_11116_	4
746	0.2497	_11115_	8
747	0.2497	_07088_	1
747	0.2497	_20168_	10
747	0.2497	_18825_	10
747	0.2497	_18824_	10
747	0.2497	_16568_	7
747	0.2497	_11116_	4
747	0.2497	_11115_	8
748	0.2497	_07087_	1
748	0.2497	_20168_	10
748	0.2497	_18825_	10
748	0.2497	_18824_	10
748	0.2497	_16568_	7
748	0.2497	_11116_	4
748	0.2497	_11115_	8
749	0.2497	_07145_	1
749	0.2497	_20712_	10
749	0.2497	_18825_	10
749	0.2497	_18824_	10
749	0.2497	_16568_	7
749	0.2497	_11116_	4
749	0.2497	_11115_	8
750	0.2497	_07142_	1
750	0.2497	_20712_	10
750	0.2497	_18825_	10
750	0.2497	_18824_	10
750	0.2497	_16568_	7
750	0.2497	_11116_	4
750	0.2497	_11115_	8
751	0.2497	_07140_	1
751	0.2497	_20712_	10
751	0.2497	_18825_	10
751	0.2497	_18824_	10
751	0.2497	_16568_	7
751	0.2497	_11116_	4
751	0.2497	_11115_	8
752	0.2497	_07136_	1
752	0.2497	_20712_	10
752	0.2497	_18825_	10
752	0.2497	_18824_	10
752	0.2497	_16568_	7
752	0.2497	_11116_	4
752	0.2497	_11115_	8
753	0.2497	_07134_	1
753	0.2497	_20712_	10
753	0.2497	_18825_	10
753	0.2497	_18824_	10
753	0.2497	_16568_	7
753	0.2497	_11116_	4
753	0.2497	_11115_	8
754	0.2497	_07131_	1
754	0.2497	_20712_	10
754	0.2497	_18825_	10
754	0.2497	_18824_	10
754	0.2497	_16568_	7
754	0.2497	_11116_	4
754	0.2497	_11115_	8
755	0.2497	_07130_	1
755	0.2497	_20712_	10
755	0.2497	_18825_	10
755	0.2497	_18824_	10
755	0.2497	_16568_	7
755	0.2497	_11116_	4
755	0.2497	_11115_	8
756	0.2497	_07129_	1
756	0.2497	_20712_	10
756	0.2497	_18825_	10
756	0.2497	_18824_	10
756	0.2497	_16568_	7
756	0.2497	_11116_	4
756	0.2497	_11115_	8
757	0.2497	_07128_	1
757	0.2497	_20712_	10
757	0.2497	_18825_	10
757	0.2497	_18824_	10
757	0.2497	_16568_	7
757	0.2497	_11116_	4
757	0.2497	_11115_	8
758	0.2497	_07184_	1
758	0.2497	_21004_	10
758	0.2497	_18825_	10
758	0.2497	_18824_	10
758	0.2497	_16568_	7
758	0.2497	_11116_	4
758	0.2497	_11115_	8
759	0.2497	_07180_	1
759	0.2497	_21004_	10
759	0.2497	_18825_	10
759	0.2497	_18824_	10
759	0.2497	_16568_	7
759	0.2497	_11116_	4
759	0.2497	_11115_	8
760	0.2497	_07172_	1
760	0.2497	_21004_	10
760	0.2497	_18825_	10
760	0.2497	_18824_	10
760	0.2497	_16568_	7
760	0.2497	_11116_	4
760	0.2497	_11115_	8
761	0.2497	_07171_	1
761	0.2497	_21004_	10
761	0.2497	_18825_	10
761	0.2497	_18824_	10
761	0.2497	_16568_	7
761	0.2497	_11116_	4
761	0.2497	_11115_	8
762	0.2497	_07169_	1
762	0.2497	_21004_	10
762	0.2497	_18825_	10
762	0.2497	_18824_	10
762	0.2497	_16568_	7
762	0.2497	_11116_	4
762	0.2497	_11115_	8
763	0.2497	_07168_	1
763	0.2497	_21004_	10
763	0.2497	_18825_	10
763	0.2497	_18824_	10
763	0.2497	_16568_	7
763	0.2497	_11116_	4
763	0.2497	_11115_	8
764	0.2497	_07199_	1
764	0.2497	_21004_	10
764	0.2497	_18825_	10
764	0.2497	_18824_	10
764	0.2497	_16568_	7
764	0.2497	_11116_	4
764	0.2497	_11115_	8
765	0.2497	_07198_	1
765	0.2497	_21004_	10
765	0.2497	_18825_	10
765	0.2497	_18824_	10
765	0.2497	_16568_	7
765	0.2497	_11116_	4
765	0.2497	_11115_	8
766	0.2497	_07247_	1
766	0.2497	_21567_	10
766	0.2497	_18825_	10
766	0.2497	_18824_	10
766	0.2497	_16568_	7
766	0.2497	_11116_	4
766	0.2497	_11115_	8
767	0.2497	_07245_	1
767	0.2497	_21567_	10
767	0.2497	_18825_	10
767	0.2497	_18824_	10
767	0.2497	_16568_	7
767	0.2497	_11116_	4
767	0.2497	_11115_	8
768	0.2497	_07244_	1
768	0.2497	_21567_	10
768	0.2497	_18825_	10
768	0.2497	_18824_	10
768	0.2497	_16568_	7
768	0.2497	_11116_	4
768	0.2497	_11115_	8
769	0.2497	_07242_	1
769	0.2497	_21567_	10
769	0.2497	_18825_	10
769	0.2497	_18824_	10
769	0.2497	_16568_	7
769	0.2497	_11116_	4
769	0.2497	_11115_	8
770	0.2497	_07240_	1
770	0.2497	_21567_	10
770	0.2497	_18825_	10
770	0.2497	_18824_	10
770	0.2497	_16568_	7
770	0.2497	_11116_	4
770	0.2497	_11115_	8
771	0.2497	_07239_	1
771	0.2497	_21567_	10
771	0.2497	_18825_	10
771	0.2497	_18824_	10
771	0.2497	_16568_	7
771	0.2497	_11116_	4
771	0.2497	_11115_	8
772	0.2497	_07237_	1
772	0.2497	_21567_	10
772	0.2497	_18825_	10
772	0.2497	_18824_	10
772	0.2497	_16568_	7
772	0.2497	_11116_	4
772	0.2497	_11115_	8
773	0.2497	_07236_	1
773	0.2497	_21567_	10
773	0.2497	_18825_	10
773	0.2497	_18824_	10
773	0.2497	_16568_	7
773	0.2497	_11116_	4
773	0.2497	_11115_	8
774	0.2497	_07263_	1
774	0.2497	_21567_	10
774	0.2497	_18825_	10
774	0.2497	_18824_	10
774	0.2497	_16568_	7
774	0.2497	_11116_	4
774	0.2497	_11115_	8
775	0.2497	_07262_	1
775	0.2497	_21567_	10
775	0.2497	_18825_	10
775	0.2497	_18824_	10
775	0.2497	_16568_	7
775	0.2497	_11116_	4
775	0.2497	_11115_	8
776	0.2498	_09200_	1
776	0.2498	_32122_	1
776	0.2498	_28115_	10
776	0.2498	_11895_	10
776	0.2498	_11117_	10
776	0.2498	_11116_	4
776	0.2498	_11115_	8
777	0.2498	_09199_	1
777	0.2498	_32120_	1
777	0.2498	_28115_	10
777	0.2498	_11895_	10
777	0.2498	_11117_	10
777	0.2498	_11116_	4
777	0.2498	_11115_	8
778	0.2498	_09198_	1
778	0.2498	_32110_	1
778	0.2498	_28115_	10
778	0.2498	_11895_	10
778	0.2498	_11117_	10
778	0.2498	_11116_	4
778	0.2498	_11115_	8
779	0.2501	_09207_	1
779	0.2501	_32138_	1
779	0.2501	_32127_	10
779	0.2501	_11895_	10
779	0.2501	_11117_	10
779	0.2501	_11116_	4
779	0.2501	_11115_	8
780	0.2501	_09206_	1
780	0.2501	_32136_	1
780	0.2501	_32127_	10
780	0.2501	_11895_	10
780	0.2501	_11117_	10
780	0.2501	_11116_	4
780	0.2501	_11115_	8
781	0.2501	_09205_	1
781	0.2501	_32134_	1
781	0.2501	_32127_	10
781	0.2501	_11895_	10
781	0.2501	_11117_	10
781	0.2501	_11116_	4
781	0.2501	_11115_	8
782	0.2501	_09204_	1
782	0.2501	_32132_	1
782	0.2501	_32127_	10
782	0.2501	_11895_	10
782	0.2501	_11117_	10
782	0.2501	_11116_	4
782	0.2501	_11115_	8
783	0.2501	_09203_	1
783	0.2501	_32130_	1
783	0.2501	_32127_	10
783	0.2501	_11895_	10
783	0.2501	_11117_	10
783	0.2501	_11116_	4
783	0.2501	_11115_	8
784	0.2501	_09202_	1
784	0.2501	_32128_	1
784	0.2501	_32127_	10
784	0.2501	_11895_	10
784	0.2501	_11117_	10
784	0.2501	_11116_	4
784	0.2501	_11115_	8
785	0.2501	_09201_	1
785	0.2501	_32125_	1
785	0.2501	_28115_	10
785	0.2501	_11895_	10
785	0.2501	_11117_	10
785	0.2501	_11116_	4
785	0.2501	_11115_	8
786	0.2506	_08517_	1
786	0.2506	_29570_	1
786	0.2506	_28115_	10
786	0.2506	_11895_	10
786	0.2506	_11117_	10
786	0.2506	_11116_	4
786	0.2506	_11115_	8
787	0.2506	_08518_	1
787	0.2506	_29594_	1
787	0.2506	_28115_	10
787	0.2506	_11895_	10
787	0.2506	_11117_	10
787	0.2506	_11116_	4
787	0.2506	_11115_	8
788	0.2507	_08379_	1
788	0.2507	_27958_	1
788	0.2507	_27957_	1
788	0.2507	_26919_	2
788	0.2507	_26840_	10
788	0.2507	_26839_	1
788	0.2507	_26835_	1
788	0.2507	_26799_	1
788	0.2507	_26772_	2
788	0.2507	_26771_	1
788	0.2507	_26769_	2
788	0.2507	_03835_	2
788	0.2507	u4.dividend_reg[20]	5
789	0.2507	_09284_	1
789	0.2507	_32391_	1
789	0.2507	_32368_	10
789	0.2507	_11895_	10
789	0.2507	_11117_	10
789	0.2507	_11116_	4
789	0.2507	_11115_	8
790	0.2507	_09283_	1
790	0.2507	_32388_	1
790	0.2507	_32368_	10
790	0.2507	_11895_	10
790	0.2507	_11117_	10
790	0.2507	_11116_	4
790	0.2507	_11115_	8
791	0.2507	_09282_	1
791	0.2507	_32384_	1
791	0.2507	_32368_	10
791	0.2507	_11895_	10
791	0.2507	_11117_	10
791	0.2507	_11116_	4
791	0.2507	_11115_	8
792	0.2507	_09281_	1
792	0.2507	_32381_	1
792	0.2507	_32368_	10
792	0.2507	_11895_	10
792	0.2507	_11117_	10
792	0.2507	_11116_	4
792	0.2507	_11115_	8
793	0.2507	_09280_	1
793	0.2507	_32379_	1
793	0.2507	_32368_	10
793	0.2507	_11895_	10
793	0.2507	_11117_	10
793	0.2507	_11116_	4
793	0.2507	_11115_	8
794	0.2507	_09279_	1
794	0.2507	_32377_	1
794	0.2507	_32368_	10
794	0.2507	_11895_	10
794	0.2507	_11117_	10
794	0.2507	_11116_	4
794	0.2507	_11115_	8
795	0.2507	_09278_	1
795	0.2507	_32375_	1
795	0.2507	_32368_	10
795	0.2507	_11895_	10
795	0.2507	_11117_	10
795	0.2507	_11116_	4
795	0.2507	_11115_	8
796	0.2507	_09277_	1
796	0.2507	_32373_	1
796	0.2507	_32368_	10
796	0.2507	_11895_	10
796	0.2507	_11117_	10
796	0.2507	_11116_	4
796	0.2507	_11115_	8
797	0.2507	_09276_	1
797	0.2507	_32371_	1
797	0.2507	_32368_	10
797	0.2507	_11895_	10
797	0.2507	_11117_	10
797	0.2507	_11116_	4
797	0.2507	_11115_	8
798	0.2507	_09275_	1
798	0.2507	_32369_	1
798	0.2507	_32368_	10
798	0.2507	_11895_	10
798	0.2507	_11117_	10
798	0.2507	_11116_	4
798	0.2507	_11115_	8
799	0.2507	_09274_	1
799	0.2507	_32366_	1
799	0.2507	_32338_	10
799	0.2507	_11895_	10
799	0.2507	_11117_	10
799	0.2507	_11116_	4
799	0.2507	_11115_	8
800	0.2507	_09273_	1
800	0.2507	_32363_	1
800	0.2507	_32338_	10
800	0.2507	_11895_	10
800	0.2507	_11117_	10
800	0.2507	_11116_	4
800	0.2507	_11115_	8
801	0.2507	_09272_	1
801	0.2507	_32357_	1
801	0.2507	_32338_	10
801	0.2507	_11895_	10
801	0.2507	_11117_	10
801	0.2507	_11116_	4
801	0.2507	_11115_	8
802	0.2507	_09270_	1
802	0.2507	_32351_	1
802	0.2507	_32338_	10
802	0.2507	_11895_	10
802	0.2507	_11117_	10
802	0.2507	_11116_	4
802	0.2507	_11115_	8
803	0.2507	_09269_	1
803	0.2507	_32349_	1
803	0.2507	_32338_	10
803	0.2507	_11895_	10
803	0.2507	_11117_	10
803	0.2507	_11116_	4
803	0.2507	_11115_	8
804	0.2507	_09268_	1
804	0.2507	_32347_	1
804	0.2507	_32338_	10
804	0.2507	_11895_	10
804	0.2507	_11117_	10
804	0.2507	_11116_	4
804	0.2507	_11115_	8
805	0.2507	_09267_	1
805	0.2507	_32345_	1
805	0.2507	_32338_	10
805	0.2507	_11895_	10
805	0.2507	_11117_	10
805	0.2507	_11116_	4
805	0.2507	_11115_	8
806	0.2507	_09266_	1
806	0.2507	_32343_	1
806	0.2507	_32338_	10
806	0.2507	_11895_	10
806	0.2507	_11117_	10
806	0.2507	_11116_	4
806	0.2507	_11115_	8
807	0.2507	_09265_	1
807	0.2507	_32341_	1
807	0.2507	_32338_	10
807	0.2507	_11895_	10
807	0.2507	_11117_	10
807	0.2507	_11116_	4
807	0.2507	_11115_	8
808	0.2507	_09264_	1
808	0.2507	_32339_	1
808	0.2507	_32338_	10
808	0.2507	_11895_	10
808	0.2507	_11117_	10
808	0.2507	_11116_	4
808	0.2507	_11115_	8
809	0.2507	_09263_	1
809	0.2507	_32336_	1
809	0.2507	_32127_	10
809	0.2507	_11895_	10
809	0.2507	_11117_	10
809	0.2507	_11116_	4
809	0.2507	_11115_	8
810	0.2507	_09262_	1
810	0.2507	_32333_	1
810	0.2507	_32127_	10
810	0.2507	_11895_	10
810	0.2507	_11117_	10
810	0.2507	_11116_	4
810	0.2507	_11115_	8
811	0.2507	_09261_	1
811	0.2507	_32325_	1
811	0.2507	_32127_	10
811	0.2507	_11895_	10
811	0.2507	_11117_	10
811	0.2507	_11116_	4
811	0.2507	_11115_	8
812	0.2507	_09208_	1
812	0.2507	_32140_	1
812	0.2507	_32127_	10
812	0.2507	_11895_	10
812	0.2507	_11117_	10
812	0.2507	_11116_	4
812	0.2507	_11115_	8
813	0.2508	_07089_	1
813	0.2508	_20395_	1
813	0.2508	_11896_	10
813	0.2508	_11895_	10
813	0.2508	_11117_	10
813	0.2508	_11116_	4
813	0.2508	_11115_	8
814	0.2508	_07086_	1
814	0.2508	_20276_	1
814	0.2508	_11896_	10
814	0.2508	_11895_	10
814	0.2508	_11117_	10
814	0.2508	_11116_	4
814	0.2508	_11115_	8
815	0.2508	_06406_	1
815	0.2508	_16475_	1
815	0.2508	_11896_	10
815	0.2508	_11895_	10
815	0.2508	_11117_	10
815	0.2508	_11116_	4
815	0.2508	_11115_	8
816	0.2509	_07542_	1
816	0.2509	_23453_	1
816	0.2509	_23452_	1
816	0.2509	_23451_	1
816	0.2509	_23450_	2
816	0.2509	_23449_	2
816	0.2509	_23448_	1
816	0.2509	_23447_	2
816	0.2509	_23446_	2
816	0.2509	_22718_	10
816	0.2509	_22701_	10
816	0.2509	_22606_	10
816	0.2509	u3.exponent_under[1]	2
817	0.2509	_10175_	1
817	0.2509	_35414_	3
817	0.2509	_11702_	10
817	0.2509	_11701_	10
817	0.2509	_11117_	10
817	0.2509	_11116_	4
817	0.2509	_11115_	8
818	0.2510	_08389_	1
818	0.2510	_28039_	1
818	0.2510	_28038_	1
818	0.2510	_26840_	10
818	0.2510	_26839_	1
818	0.2510	_26835_	1
818	0.2510	_26799_	1
818	0.2510	_26772_	2
818	0.2510	_26771_	1
818	0.2510	_26769_	2
818	0.2510	_03835_	2
818	0.2510	u4.dividend_reg[20]	5
819	0.2510	_08396_	1
819	0.2510	_28098_	1
819	0.2510	_28097_	1
819	0.2510	_26840_	10
819	0.2510	_26839_	1
819	0.2510	_26835_	1
819	0.2510	_26799_	1
819	0.2510	_26772_	2
819	0.2510	_26771_	1
819	0.2510	_26769_	2
819	0.2510	_03835_	2
819	0.2510	u4.dividend_reg[20]	5
820	0.2510	_08395_	1
820	0.2510	_28091_	1
820	0.2510	_28090_	1
820	0.2510	_26840_	10
820	0.2510	_26839_	1
820	0.2510	_26835_	1
820	0.2510	_26799_	1
820	0.2510	_26772_	2
820	0.2510	_26771_	1
820	0.2510	_26769_	2
820	0.2510	_03835_	2
820	0.2510	u4.dividend_reg[20]	5
821	0.2510	_08428_	1
821	0.2510	_28931_	1
821	0.2510	_28929_	1
821	0.2510	_28927_	1
821	0.2510	_28743_	2
821	0.2510	_28742_	2
821	0.2510	_28600_	2
821	0.2510	_28215_	10
821	0.2510	_28214_	10
821	0.2510	_28180_	3
821	0.2510	_28179_	10
821	0.2510	u4.remainder_shift_term[0]	1
822	0.2512	_10139_	1
822	0.2512	_35288_	1
822	0.2512	_35287_	1
822	0.2512	_35286_	1
822	0.2512	_35285_	1
822	0.2512	_35284_	1
822	0.2512	_28749_	2
822	0.2512	_28615_	2
822	0.2512	_28515_	2
822	0.2512	_28290_	10
822	0.2512	_28177_	10
822	0.2512	_28174_	10
822	0.2512	u4.remainder_shift_term[1]	1
823	0.2513	_08425_	1
823	0.2513	_28911_	1
823	0.2513	_28909_	1
823	0.2513	_28908_	1
823	0.2513	_28652_	2
823	0.2513	_28651_	2
823	0.2513	_28250_	2
823	0.2513	_28215_	10
823	0.2513	_28214_	10
823	0.2513	_28180_	3
823	0.2513	_28179_	10
823	0.2513	u4.remainder_shift_term[0]	1
824	0.2518	_05586_	1
824	0.2518	_12443_	1
824	0.2518	_11896_	10
824	0.2518	_11895_	10
824	0.2518	_11117_	10
824	0.2518	_11116_	4
824	0.2518	_11115_	8
825	0.2518	_09018_	1
825	0.2518	_31823_	1
825	0.2518	_31822_	1
825	0.2518	_31803_	6
825	0.2518	_31802_	5
825	0.2518	_31801_	2
825	0.2518	_31800_	8
825	0.2518	_31773_	3
825	0.2518	_31772_	2
825	0.2518	_31771_	3
825	0.2518	_31770_	3
825	0.2518	_31769_	2
825	0.2518	_31768_	6
825	0.2518	mantissa_round[5]	1
826	0.2518	_09014_	1
826	0.2518	_31815_	1
826	0.2518	_31814_	1
826	0.2518	_31803_	6
826	0.2518	_31802_	5
826	0.2518	_31801_	2
826	0.2518	_31800_	8
826	0.2518	_31773_	3
826	0.2518	_31772_	2
826	0.2518	_31771_	3
826	0.2518	_31770_	3
826	0.2518	_31769_	2
826	0.2518	_31768_	6
826	0.2518	mantissa_round[5]	1
827	0.2522	_06365_	1
827	0.2522	_16374_	1
827	0.2522	_16372_	1
827	0.2522	_16370_	1
827	0.2522	_16369_	1
827	0.2522	_16368_	1
827	0.2522	_16275_	2
827	0.2522	_16096_	2
827	0.2522	_16095_	1
827	0.2522	_16093_	1
827	0.2522	_15965_	10
827	0.2522	_15964_	10
827	0.2522	_15958_	8
827	0.2522	_15957_	1
827	0.2522	_15577_	7
827	0.2522	u2.diffshift_gt_exponent	1
828	0.2522	_05481_	1
828	0.2522	_12022_	1
828	0.2522	_12021_	10
828	0.2522	_11701_	10
828	0.2522	_11117_	10
828	0.2522	_11116_	4
828	0.2522	_11115_	8
829	0.2523	_07327_	1
829	0.2523	_22236_	1
829	0.2523	_22235_	1
829	0.2523	_22199_	5
829	0.2523	_22196_	1
829	0.2523	_22195_	3
829	0.2523	_22193_	2
829	0.2523	_22192_	1
829	0.2523	_22187_	3
829	0.2523	_22185_	2
829	0.2523	_22184_	1
829	0.2523	_22183_	3
829	0.2523	_03921_	3
829	0.2523	u3.sum_7[21]	2
830	0.2523	_07329_	1
830	0.2523	_22242_	1
830	0.2523	_22241_	1
830	0.2523	_22199_	5
830	0.2523	_22196_	1
830	0.2523	_22195_	3
830	0.2523	_22193_	2
830	0.2523	_22192_	1
830	0.2523	_22187_	3
830	0.2523	_22185_	2
830	0.2523	_22184_	1
830	0.2523	_22183_	3
830	0.2523	_03921_	3
830	0.2523	u3.sum_7[21]	2
831	0.2523	_07325_	1
831	0.2523	_22208_	1
831	0.2523	_22207_	1
831	0.2523	_22199_	5
831	0.2523	_22196_	1
831	0.2523	_22195_	3
831	0.2523	_22193_	2
831	0.2523	_22192_	1
831	0.2523	_22187_	3
831	0.2523	_22185_	2
831	0.2523	_22184_	1
831	0.2523	_22183_	3
831	0.2523	_03921_	3
831	0.2523	u3.sum_7[21]	2
832	0.2524	_07836_	1
832	0.2524	_25905_	1
832	0.2524	_25904_	1
832	0.2524	_25805_	2
832	0.2524	_25689_	2
832	0.2524	_25510_	2
832	0.2524	_25124_	2
832	0.2524	_25123_	1
832	0.2524	_25122_	2
832	0.2524	_24995_	10
832	0.2524	_24989_	10
832	0.2524	_16858_	9
832	0.2524	u3.exponent_2[1]	3
833	0.2525	_06409_	1
833	0.2525	_16630_	1
833	0.2525	_16627_	1
833	0.2525	_16626_	1
833	0.2525	_16618_	8
833	0.2525	_16617_	3
833	0.2525	_16616_	1
833	0.2525	_16610_	2
833	0.2525	_16609_	2
833	0.2525	_16605_	2
833	0.2525	_16604_	3
833	0.2525	_16603_	1
833	0.2525	_03810_	3
833	0.2525	u3.sum_1[12]	2
834	0.2528	_07175_	1
834	0.2528	_21045_	1
834	0.2528	_21044_	1
834	0.2528	_21024_	3
834	0.2528	_21023_	2
834	0.2528	_20983_	3
834	0.2528	_20978_	3
834	0.2528	_20977_	1
834	0.2528	_20927_	2
834	0.2528	_20926_	2
834	0.2528	_20925_	1
834	0.2528	_20924_	4
834	0.2528	_03813_	1
834	0.2528	u3.product_h[6]	2
835	0.2544	_07496_	1
835	0.2544	_22969_	1
835	0.2544	_22968_	2
835	0.2544	_22967_	1
835	0.2544	_22966_	2
835	0.2544	_22965_	1
835	0.2544	_22964_	2
835	0.2544	_22963_	2
835	0.2544	_22962_	2
835	0.2544	_22961_	1
835	0.2544	_22959_	2
835	0.2544	_22718_	10
835	0.2544	_22701_	10
835	0.2544	_22606_	10
835	0.2544	u3.exponent_under[1]	2
836	0.2544	_07742_	1
836	0.2544	_24856_	10
836	0.2544	_24011_	10
836	0.2544	_11270_	10
836	0.2544	_11269_	10
836	0.2544	_11115_	8
837	0.2544	_07741_	1
837	0.2544	_24856_	10
837	0.2544	_24011_	10
837	0.2544	_11270_	10
837	0.2544	_11269_	10
837	0.2544	_11115_	8
838	0.2544	_07740_	1
838	0.2544	_24832_	10
838	0.2544	_24011_	10
838	0.2544	_11270_	10
838	0.2544	_11269_	10
838	0.2544	_11115_	8
839	0.2544	_07739_	1
839	0.2544	_24832_	10
839	0.2544	_24011_	10
839	0.2544	_11270_	10
839	0.2544	_11269_	10
839	0.2544	_11115_	8
840	0.2544	_07738_	1
840	0.2544	_24832_	10
840	0.2544	_24011_	10
840	0.2544	_11270_	10
840	0.2544	_11269_	10
840	0.2544	_11115_	8
841	0.2544	_07737_	1
841	0.2544	_24832_	10
841	0.2544	_24011_	10
841	0.2544	_11270_	10
841	0.2544	_11269_	10
841	0.2544	_11115_	8
842	0.2544	_07736_	1
842	0.2544	_24832_	10
842	0.2544	_24011_	10
842	0.2544	_11270_	10
842	0.2544	_11269_	10
842	0.2544	_11115_	8
843	0.2544	_07735_	1
843	0.2544	_24832_	10
843	0.2544	_24011_	10
843	0.2544	_11270_	10
843	0.2544	_11269_	10
843	0.2544	_11115_	8
844	0.2544	_07734_	1
844	0.2544	_24832_	10
844	0.2544	_24011_	10
844	0.2544	_11270_	10
844	0.2544	_11269_	10
844	0.2544	_11115_	8
845	0.2544	_07733_	1
845	0.2544	_24832_	10
845	0.2544	_24011_	10
845	0.2544	_11270_	10
845	0.2544	_11269_	10
845	0.2544	_11115_	8
846	0.2544	_07732_	1
846	0.2544	_24832_	10
846	0.2544	_24011_	10
846	0.2544	_11270_	10
846	0.2544	_11269_	10
846	0.2544	_11115_	8
847	0.2544	_07731_	1
847	0.2544	_24832_	10
847	0.2544	_24011_	10
847	0.2544	_11270_	10
847	0.2544	_11269_	10
847	0.2544	_11115_	8
848	0.2544	_05641_	1
848	0.2544	_12965_	10
848	0.2544	_12670_	10
848	0.2544	_11732_	10
848	0.2544	_11269_	10
848	0.2544	_11115_	8
849	0.2544	_05640_	1
849	0.2544	_12965_	10
849	0.2544	_12670_	10
849	0.2544	_11732_	10
849	0.2544	_11269_	10
849	0.2544	_11115_	8
850	0.2544	_05638_	1
850	0.2544	_12965_	10
850	0.2544	_12670_	10
850	0.2544	_11732_	10
850	0.2544	_11269_	10
850	0.2544	_11115_	8
851	0.2548	_05639_	1
851	0.2548	_12965_	10
851	0.2548	_12670_	10
851	0.2548	_11732_	10
851	0.2548	_11269_	10
851	0.2548	_11115_	8
852	0.2548	_06995_	1
852	0.2548	_19666_	1
852	0.2548	_04436_	1
852	0.2548	_40583_	1
852	0.2548	_40581_	1
852	0.2548	_45004_	1
852	0.2548	_42550_	1
852	0.2548	_42548_	1
852	0.2548	_04652_	1
852	0.2548	_10599_	10
852	0.2548	_10596_	9
852	0.2548	u3.mul_b[35]	1
853	0.2550	_07569_	1
853	0.2550	_23678_	10
853	0.2550	_21410_	10
853	0.2550	_11270_	10
853	0.2550	_11269_	10
853	0.2550	_11115_	8
854	0.2550	_07658_	1
854	0.2550	_23977_	10
854	0.2550	_21410_	10
854	0.2550	_11270_	10
854	0.2550	_11269_	10
854	0.2550	_11115_	8
855	0.2550	_07657_	1
855	0.2550	_23977_	10
855	0.2550	_21410_	10
855	0.2550	_11270_	10
855	0.2550	_11269_	10
855	0.2550	_11115_	8
856	0.2550	_07656_	1
856	0.2550	_23977_	10
856	0.2550	_21410_	10
856	0.2550	_11270_	10
856	0.2550	_11269_	10
856	0.2550	_11115_	8
857	0.2550	_07655_	1
857	0.2550	_23977_	10
857	0.2550	_21410_	10
857	0.2550	_11270_	10
857	0.2550	_11269_	10
857	0.2550	_11115_	8
858	0.2550	_07654_	1
858	0.2550	_23977_	10
858	0.2550	_21410_	10
858	0.2550	_11270_	10
858	0.2550	_11269_	10
858	0.2550	_11115_	8
859	0.2550	_07653_	1
859	0.2550	_23977_	10
859	0.2550	_21410_	10
859	0.2550	_11270_	10
859	0.2550	_11269_	10
859	0.2550	_11115_	8
860	0.2550	_07652_	1
860	0.2550	_23977_	10
860	0.2550	_21410_	10
860	0.2550	_11270_	10
860	0.2550	_11269_	10
860	0.2550	_11115_	8
861	0.2550	_07651_	1
861	0.2550	_23977_	10
861	0.2550	_21410_	10
861	0.2550	_11270_	10
861	0.2550	_11269_	10
861	0.2550	_11115_	8
862	0.2550	_07650_	1
862	0.2550	_23977_	10
862	0.2550	_21410_	10
862	0.2550	_11270_	10
862	0.2550	_11269_	10
862	0.2550	_11115_	8
863	0.2550	_07649_	1
863	0.2550	_23977_	10
863	0.2550	_21410_	10
863	0.2550	_11270_	10
863	0.2550	_11269_	10
863	0.2550	_11115_	8
864	0.2550	_07648_	1
864	0.2550	_23943_	10
864	0.2550	_21410_	10
864	0.2550	_11270_	10
864	0.2550	_11269_	10
864	0.2550	_11115_	8
865	0.2550	_07647_	1
865	0.2550	_23943_	10
865	0.2550	_21410_	10
865	0.2550	_11270_	10
865	0.2550	_11269_	10
865	0.2550	_11115_	8
866	0.2550	_07646_	1
866	0.2550	_23943_	10
866	0.2550	_21410_	10
866	0.2550	_11270_	10
866	0.2550	_11269_	10
866	0.2550	_11115_	8
867	0.2550	_07645_	1
867	0.2550	_23943_	10
867	0.2550	_21410_	10
867	0.2550	_11270_	10
867	0.2550	_11269_	10
867	0.2550	_11115_	8
868	0.2550	_07644_	1
868	0.2550	_23943_	10
868	0.2550	_21410_	10
868	0.2550	_11270_	10
868	0.2550	_11269_	10
868	0.2550	_11115_	8
869	0.2550	_07643_	1
869	0.2550	_23943_	10
869	0.2550	_21410_	10
869	0.2550	_11270_	10
869	0.2550	_11269_	10
869	0.2550	_11115_	8
870	0.2550	_07642_	1
870	0.2550	_23943_	10
870	0.2550	_21410_	10
870	0.2550	_11270_	10
870	0.2550	_11269_	10
870	0.2550	_11115_	8
871	0.2550	_07641_	1
871	0.2550	_23943_	10
871	0.2550	_21410_	10
871	0.2550	_11270_	10
871	0.2550	_11269_	10
871	0.2550	_11115_	8
872	0.2550	_07640_	1
872	0.2550	_23943_	10
872	0.2550	_21410_	10
872	0.2550	_11270_	10
872	0.2550	_11269_	10
872	0.2550	_11115_	8
873	0.2550	_07639_	1
873	0.2550	_23943_	10
873	0.2550	_21410_	10
873	0.2550	_11270_	10
873	0.2550	_11269_	10
873	0.2550	_11115_	8
874	0.2550	_07618_	1
874	0.2550	_23840_	10
874	0.2550	_21410_	10
874	0.2550	_11270_	10
874	0.2550	_11269_	10
874	0.2550	_11115_	8
875	0.2550	_07617_	1
875	0.2550	_23840_	10
875	0.2550	_21410_	10
875	0.2550	_11270_	10
875	0.2550	_11269_	10
875	0.2550	_11115_	8
876	0.2550	_07616_	1
876	0.2550	_23840_	10
876	0.2550	_21410_	10
876	0.2550	_11270_	10
876	0.2550	_11269_	10
876	0.2550	_11115_	8
877	0.2550	_07615_	1
877	0.2550	_23840_	10
877	0.2550	_21410_	10
877	0.2550	_11270_	10
877	0.2550	_11269_	10
877	0.2550	_11115_	8
878	0.2550	_07614_	1
878	0.2550	_23840_	10
878	0.2550	_21410_	10
878	0.2550	_11270_	10
878	0.2550	_11269_	10
878	0.2550	_11115_	8
879	0.2550	_07613_	1
879	0.2550	_23840_	10
879	0.2550	_21410_	10
879	0.2550	_11270_	10
879	0.2550	_11269_	10
879	0.2550	_11115_	8
880	0.2550	_07612_	1
880	0.2550	_23840_	10
880	0.2550	_21410_	10
880	0.2550	_11270_	10
880	0.2550	_11269_	10
880	0.2550	_11115_	8
881	0.2550	_07611_	1
881	0.2550	_23840_	10
881	0.2550	_21410_	10
881	0.2550	_11270_	10
881	0.2550	_11269_	10
881	0.2550	_11115_	8
882	0.2550	_07610_	1
882	0.2550	_23840_	10
882	0.2550	_21410_	10
882	0.2550	_11270_	10
882	0.2550	_11269_	10
882	0.2550	_11115_	8
883	0.2550	_07609_	1
883	0.2550	_23840_	10
883	0.2550	_21410_	10
883	0.2550	_11270_	10
883	0.2550	_11269_	10
883	0.2550	_11115_	8
884	0.2550	_07608_	1
884	0.2550	_23806_	10
884	0.2550	_21410_	10
884	0.2550	_11270_	10
884	0.2550	_11269_	10
884	0.2550	_11115_	8
885	0.2550	_07607_	1
885	0.2550	_23806_	10
885	0.2550	_21410_	10
885	0.2550	_11270_	10
885	0.2550	_11269_	10
885	0.2550	_11115_	8
886	0.2550	_07606_	1
886	0.2550	_23806_	10
886	0.2550	_21410_	10
886	0.2550	_11270_	10
886	0.2550	_11269_	10
886	0.2550	_11115_	8
887	0.2550	_07605_	1
887	0.2550	_23806_	10
887	0.2550	_21410_	10
887	0.2550	_11270_	10
887	0.2550	_11269_	10
887	0.2550	_11115_	8
888	0.2550	_07604_	1
888	0.2550	_23806_	10
888	0.2550	_21410_	10
888	0.2550	_11270_	10
888	0.2550	_11269_	10
888	0.2550	_11115_	8
889	0.2550	_07603_	1
889	0.2550	_23806_	10
889	0.2550	_21410_	10
889	0.2550	_11270_	10
889	0.2550	_11269_	10
889	0.2550	_11115_	8
890	0.2550	_07602_	1
890	0.2550	_23806_	10
890	0.2550	_21410_	10
890	0.2550	_11270_	10
890	0.2550	_11269_	10
890	0.2550	_11115_	8
891	0.2550	_07601_	1
891	0.2550	_23806_	10
891	0.2550	_21410_	10
891	0.2550	_11270_	10
891	0.2550	_11269_	10
891	0.2550	_11115_	8
892	0.2550	_07600_	1
892	0.2550	_23806_	10
892	0.2550	_21410_	10
892	0.2550	_11270_	10
892	0.2550	_11269_	10
892	0.2550	_11115_	8
893	0.2550	_07599_	1
893	0.2550	_23806_	10
893	0.2550	_21410_	10
893	0.2550	_11270_	10
893	0.2550	_11269_	10
893	0.2550	_11115_	8
894	0.2550	_07588_	1
894	0.2550	_23723_	10
894	0.2550	_21410_	10
894	0.2550	_11270_	10
894	0.2550	_11269_	10
894	0.2550	_11115_	8
895	0.2550	_07587_	1
895	0.2550	_23723_	10
895	0.2550	_21410_	10
895	0.2550	_11270_	10
895	0.2550	_11269_	10
895	0.2550	_11115_	8
896	0.2550	_07586_	1
896	0.2550	_23723_	10
896	0.2550	_21410_	10
896	0.2550	_11270_	10
896	0.2550	_11269_	10
896	0.2550	_11115_	8
897	0.2550	_07585_	1
897	0.2550	_23723_	10
897	0.2550	_21410_	10
897	0.2550	_11270_	10
897	0.2550	_11269_	10
897	0.2550	_11115_	8
898	0.2550	_07584_	1
898	0.2550	_23723_	10
898	0.2550	_21410_	10
898	0.2550	_11270_	10
898	0.2550	_11269_	10
898	0.2550	_11115_	8
899	0.2550	_07583_	1
899	0.2550	_23723_	10
899	0.2550	_21410_	10
899	0.2550	_11270_	10
899	0.2550	_11269_	10
899	0.2550	_11115_	8
900	0.2550	_07582_	1
900	0.2550	_23723_	10
900	0.2550	_21410_	10
900	0.2550	_11270_	10
900	0.2550	_11269_	10
900	0.2550	_11115_	8
901	0.2550	_07581_	1
901	0.2550	_23723_	10
901	0.2550	_21410_	10
901	0.2550	_11270_	10
901	0.2550	_11269_	10
901	0.2550	_11115_	8
902	0.2550	_07580_	1
902	0.2550	_23723_	10
902	0.2550	_21410_	10
902	0.2550	_11270_	10
902	0.2550	_11269_	10
902	0.2550	_11115_	8
903	0.2550	_07579_	1
903	0.2550	_23723_	10
903	0.2550	_21410_	10
903	0.2550	_11270_	10
903	0.2550	_11269_	10
903	0.2550	_11115_	8
904	0.2550	_07578_	1
904	0.2550	_23678_	10
904	0.2550	_21410_	10
904	0.2550	_11270_	10
904	0.2550	_11269_	10
904	0.2550	_11115_	8
905	0.2550	_07577_	1
905	0.2550	_23678_	10
905	0.2550	_21410_	10
905	0.2550	_11270_	10
905	0.2550	_11269_	10
905	0.2550	_11115_	8
906	0.2550	_07576_	1
906	0.2550	_23678_	10
906	0.2550	_21410_	10
906	0.2550	_11270_	10
906	0.2550	_11269_	10
906	0.2550	_11115_	8
907	0.2550	_07575_	1
907	0.2550	_23678_	10
907	0.2550	_21410_	10
907	0.2550	_11270_	10
907	0.2550	_11269_	10
907	0.2550	_11115_	8
908	0.2550	_07574_	1
908	0.2550	_23678_	10
908	0.2550	_21410_	10
908	0.2550	_11270_	10
908	0.2550	_11269_	10
908	0.2550	_11115_	8
909	0.2550	_07573_	1
909	0.2550	_23678_	10
909	0.2550	_21410_	10
909	0.2550	_11270_	10
909	0.2550	_11269_	10
909	0.2550	_11115_	8
910	0.2550	_07572_	1
910	0.2550	_23678_	10
910	0.2550	_21410_	10
910	0.2550	_11270_	10
910	0.2550	_11269_	10
910	0.2550	_11115_	8
911	0.2550	_07571_	1
911	0.2550	_23678_	10
911	0.2550	_21410_	10
911	0.2550	_11270_	10
911	0.2550	_11269_	10
911	0.2550	_11115_	8
912	0.2550	_07570_	1
912	0.2550	_23678_	10
912	0.2550	_21410_	10
912	0.2550	_11270_	10
912	0.2550	_11269_	10
912	0.2550	_11115_	8
913	0.2550	_07884_	1
913	0.2550	_24856_	10
913	0.2550	_24011_	10
913	0.2550	_11270_	10
913	0.2550	_11269_	10
913	0.2550	_11115_	8
914	0.2550	_07883_	1
914	0.2550	_24856_	10
914	0.2550	_24011_	10
914	0.2550	_11270_	10
914	0.2550	_11269_	10
914	0.2550	_11115_	8
915	0.2550	_07882_	1
915	0.2550	_24856_	10
915	0.2550	_24011_	10
915	0.2550	_11270_	10
915	0.2550	_11269_	10
915	0.2550	_11115_	8
916	0.2550	_07881_	1
916	0.2550	_24856_	10
916	0.2550	_24011_	10
916	0.2550	_11270_	10
916	0.2550	_11269_	10
916	0.2550	_11115_	8
917	0.2550	_07880_	1
917	0.2550	_24856_	10
917	0.2550	_24011_	10
917	0.2550	_11270_	10
917	0.2550	_11269_	10
917	0.2550	_11115_	8
918	0.2550	_07937_	1
918	0.2550	_26134_	10
918	0.2550	_24011_	10
918	0.2550	_11270_	10
918	0.2550	_11269_	10
918	0.2550	_11115_	8
919	0.2550	_07936_	1
919	0.2550	_26134_	10
919	0.2550	_24011_	10
919	0.2550	_11270_	10
919	0.2550	_11269_	10
919	0.2550	_11115_	8
920	0.2550	_07935_	1
920	0.2550	_26134_	10
920	0.2550	_24011_	10
920	0.2550	_11270_	10
920	0.2550	_11269_	10
920	0.2550	_11115_	8
921	0.2550	_07934_	1
921	0.2550	_26134_	10
921	0.2550	_24011_	10
921	0.2550	_11270_	10
921	0.2550	_11269_	10
921	0.2550	_11115_	8
922	0.2550	_07933_	1
922	0.2550	_26134_	10
922	0.2550	_24011_	10
922	0.2550	_11270_	10
922	0.2550	_11269_	10
922	0.2550	_11115_	8
923	0.2550	_07932_	1
923	0.2550	_26134_	10
923	0.2550	_24011_	10
923	0.2550	_11270_	10
923	0.2550	_11269_	10
923	0.2550	_11115_	8
924	0.2550	_07931_	1
924	0.2550	_26134_	10
924	0.2550	_24011_	10
924	0.2550	_11270_	10
924	0.2550	_11269_	10
924	0.2550	_11115_	8
925	0.2550	_07930_	1
925	0.2550	_26134_	10
925	0.2550	_24011_	10
925	0.2550	_11270_	10
925	0.2550	_11269_	10
925	0.2550	_11115_	8
926	0.2550	_07929_	1
926	0.2550	_26134_	10
926	0.2550	_24011_	10
926	0.2550	_11270_	10
926	0.2550	_11269_	10
926	0.2550	_11115_	8
927	0.2550	_07928_	1
927	0.2550	_26134_	10
927	0.2550	_24011_	10
927	0.2550	_11270_	10
927	0.2550	_11269_	10
927	0.2550	_11115_	8
928	0.2550	_07927_	1
928	0.2550	_26100_	10
928	0.2550	_24011_	10
928	0.2550	_11270_	10
928	0.2550	_11269_	10
928	0.2550	_11115_	8
929	0.2550	_07926_	1
929	0.2550	_26100_	10
929	0.2550	_24011_	10
929	0.2550	_11270_	10
929	0.2550	_11269_	10
929	0.2550	_11115_	8
930	0.2550	_07925_	1
930	0.2550	_26100_	10
930	0.2550	_24011_	10
930	0.2550	_11270_	10
930	0.2550	_11269_	10
930	0.2550	_11115_	8
931	0.2550	_07924_	1
931	0.2550	_26100_	10
931	0.2550	_24011_	10
931	0.2550	_11270_	10
931	0.2550	_11269_	10
931	0.2550	_11115_	8
932	0.2550	_07923_	1
932	0.2550	_26100_	10
932	0.2550	_24011_	10
932	0.2550	_11270_	10
932	0.2550	_11269_	10
932	0.2550	_11115_	8
933	0.2550	_07922_	1
933	0.2550	_26100_	10
933	0.2550	_24011_	10
933	0.2550	_11270_	10
933	0.2550	_11269_	10
933	0.2550	_11115_	8
934	0.2550	_07921_	1
934	0.2550	_26100_	10
934	0.2550	_24011_	10
934	0.2550	_11270_	10
934	0.2550	_11269_	10
934	0.2550	_11115_	8
935	0.2550	_07920_	1
935	0.2550	_26100_	10
935	0.2550	_24011_	10
935	0.2550	_11270_	10
935	0.2550	_11269_	10
935	0.2550	_11115_	8
936	0.2550	_07919_	1
936	0.2550	_26100_	10
936	0.2550	_24011_	10
936	0.2550	_11270_	10
936	0.2550	_11269_	10
936	0.2550	_11115_	8
937	0.2550	_07918_	1
937	0.2550	_26100_	10
937	0.2550	_24011_	10
937	0.2550	_11270_	10
937	0.2550	_11269_	10
937	0.2550	_11115_	8
938	0.2550	_07917_	1
938	0.2550	_26065_	10
938	0.2550	_24011_	10
938	0.2550	_11270_	10
938	0.2550	_11269_	10
938	0.2550	_11115_	8
939	0.2550	_07916_	1
939	0.2550	_26065_	10
939	0.2550	_24011_	10
939	0.2550	_11270_	10
939	0.2550	_11269_	10
939	0.2550	_11115_	8
940	0.2550	_07915_	1
940	0.2550	_26065_	10
940	0.2550	_24011_	10
940	0.2550	_11270_	10
940	0.2550	_11269_	10
940	0.2550	_11115_	8
941	0.2550	_07914_	1
941	0.2550	_26065_	10
941	0.2550	_24011_	10
941	0.2550	_11270_	10
941	0.2550	_11269_	10
941	0.2550	_11115_	8
942	0.2550	_07913_	1
942	0.2550	_26065_	10
942	0.2550	_24011_	10
942	0.2550	_11270_	10
942	0.2550	_11269_	10
942	0.2550	_11115_	8
943	0.2550	_07912_	1
943	0.2550	_26065_	10
943	0.2550	_24011_	10
943	0.2550	_11270_	10
943	0.2550	_11269_	10
943	0.2550	_11115_	8
944	0.2550	_07911_	1
944	0.2550	_26065_	10
944	0.2550	_24011_	10
944	0.2550	_11270_	10
944	0.2550	_11269_	10
944	0.2550	_11115_	8
945	0.2550	_07910_	1
945	0.2550	_26065_	10
945	0.2550	_24011_	10
945	0.2550	_11270_	10
945	0.2550	_11269_	10
945	0.2550	_11115_	8
946	0.2550	_07909_	1
946	0.2550	_26065_	10
946	0.2550	_24011_	10
946	0.2550	_11270_	10
946	0.2550	_11269_	10
946	0.2550	_11115_	8
947	0.2550	_07908_	1
947	0.2550	_26065_	10
947	0.2550	_24011_	10
947	0.2550	_11270_	10
947	0.2550	_11269_	10
947	0.2550	_11115_	8
948	0.2550	_07897_	1
948	0.2550	_25997_	10
948	0.2550	_24011_	10
948	0.2550	_11270_	10
948	0.2550	_11269_	10
948	0.2550	_11115_	8
949	0.2550	_07896_	1
949	0.2550	_25997_	10
949	0.2550	_24011_	10
949	0.2550	_11270_	10
949	0.2550	_11269_	10
949	0.2550	_11115_	8
950	0.2550	_07895_	1
950	0.2550	_25997_	10
950	0.2550	_24011_	10
950	0.2550	_11270_	10
950	0.2550	_11269_	10
950	0.2550	_11115_	8
951	0.2550	_07894_	1
951	0.2550	_25997_	10
951	0.2550	_24011_	10
951	0.2550	_11270_	10
951	0.2550	_11269_	10
951	0.2550	_11115_	8
952	0.2550	_07893_	1
952	0.2550	_25997_	10
952	0.2550	_24011_	10
952	0.2550	_11270_	10
952	0.2550	_11269_	10
952	0.2550	_11115_	8
953	0.2550	_07892_	1
953	0.2550	_25997_	10
953	0.2550	_24011_	10
953	0.2550	_11270_	10
953	0.2550	_11269_	10
953	0.2550	_11115_	8
954	0.2550	_07891_	1
954	0.2550	_25997_	10
954	0.2550	_24011_	10
954	0.2550	_11270_	10
954	0.2550	_11269_	10
954	0.2550	_11115_	8
955	0.2550	_07890_	1
955	0.2550	_25997_	10
955	0.2550	_24011_	10
955	0.2550	_11270_	10
955	0.2550	_11269_	10
955	0.2550	_11115_	8
956	0.2550	_07889_	1
956	0.2550	_25997_	10
956	0.2550	_24011_	10
956	0.2550	_11270_	10
956	0.2550	_11269_	10
956	0.2550	_11115_	8
957	0.2550	_07888_	1
957	0.2550	_25997_	10
957	0.2550	_24011_	10
957	0.2550	_11270_	10
957	0.2550	_11269_	10
957	0.2550	_11115_	8
958	0.2550	_07887_	1
958	0.2550	_24856_	10
958	0.2550	_24011_	10
958	0.2550	_11270_	10
958	0.2550	_11269_	10
958	0.2550	_11115_	8
959	0.2550	_07886_	1
959	0.2550	_24856_	10
959	0.2550	_24011_	10
959	0.2550	_11270_	10
959	0.2550	_11269_	10
959	0.2550	_11115_	8
960	0.2550	_07885_	1
960	0.2550	_24856_	10
960	0.2550	_24011_	10
960	0.2550	_11270_	10
960	0.2550	_11269_	10
960	0.2550	_11115_	8
961	0.2551	_05650_	1
961	0.2551	_12965_	10
961	0.2551	_12670_	10
961	0.2551	_11732_	10
961	0.2551	_11269_	10
961	0.2551	_11115_	8
962	0.2551	_05649_	1
962	0.2551	_12965_	10
962	0.2551	_12670_	10
962	0.2551	_11732_	10
962	0.2551	_11269_	10
962	0.2551	_11115_	8
963	0.2551	_05648_	1
963	0.2551	_12965_	10
963	0.2551	_12670_	10
963	0.2551	_11732_	10
963	0.2551	_11269_	10
963	0.2551	_11115_	8
964	0.2551	_05647_	1
964	0.2551	_12965_	10
964	0.2551	_12670_	10
964	0.2551	_11732_	10
964	0.2551	_11269_	10
964	0.2551	_11115_	8
965	0.2551	_05645_	1
965	0.2551	_12965_	10
965	0.2551	_12670_	10
965	0.2551	_11732_	10
965	0.2551	_11269_	10
965	0.2551	_11115_	8
966	0.2551	_05967_	1
966	0.2551	_14391_	10
966	0.2551	_12670_	10
966	0.2551	_11732_	10
966	0.2551	_11269_	10
966	0.2551	_11115_	8
967	0.2551	_05966_	1
967	0.2551	_14391_	10
967	0.2551	_12670_	10
967	0.2551	_11732_	10
967	0.2551	_11269_	10
967	0.2551	_11115_	8
968	0.2551	_05923_	1
968	0.2551	_12965_	10
968	0.2551	_12670_	10
968	0.2551	_11732_	10
968	0.2551	_11269_	10
968	0.2551	_11115_	8
969	0.2551	_05965_	1
969	0.2551	_14391_	10
969	0.2551	_12670_	10
969	0.2551	_11732_	10
969	0.2551	_11269_	10
969	0.2551	_11115_	8
970	0.2551	_05963_	1
970	0.2551	_14391_	10
970	0.2551	_12670_	10
970	0.2551	_11732_	10
970	0.2551	_11269_	10
970	0.2551	_11115_	8
971	0.2551	_05962_	1
971	0.2551	_14391_	10
971	0.2551	_12670_	10
971	0.2551	_11732_	10
971	0.2551	_11269_	10
971	0.2551	_11115_	8
972	0.2551	_05961_	1
972	0.2551	_14391_	10
972	0.2551	_12670_	10
972	0.2551	_11732_	10
972	0.2551	_11269_	10
972	0.2551	_11115_	8
973	0.2551	_05960_	1
973	0.2551	_14391_	10
973	0.2551	_12670_	10
973	0.2551	_11732_	10
973	0.2551	_11269_	10
973	0.2551	_11115_	8
974	0.2551	_06026_	1
974	0.2551	_14391_	10
974	0.2551	_12670_	10
974	0.2551	_11732_	10
974	0.2551	_11269_	10
974	0.2551	_11115_	8
975	0.2551	_06025_	1
975	0.2551	_14391_	10
975	0.2551	_12670_	10
975	0.2551	_11732_	10
975	0.2551	_11269_	10
975	0.2551	_11115_	8
976	0.2551	_06024_	1
976	0.2551	_14391_	10
976	0.2551	_12670_	10
976	0.2551	_11732_	10
976	0.2551	_11269_	10
976	0.2551	_11115_	8
977	0.2552	_07308_	1
977	0.2552	_12141_	10
977	0.2552	_12140_	10
977	0.2552	_12018_	10
977	0.2552	_11269_	10
977	0.2552	_11115_	8
978	0.2552	_08562_	1
978	0.2552	_12141_	10
978	0.2552	_12140_	10
978	0.2552	_12018_	10
978	0.2552	_11269_	10
978	0.2552	_11115_	8
979	0.2558	_06368_	1
979	0.2558	_16394_	1
979	0.2558	_16393_	1
979	0.2558	_16037_	2
979	0.2558	_16021_	1
979	0.2558	_16020_	2
979	0.2558	_16012_	2
979	0.2558	_16011_	1
979	0.2558	_15966_	10
979	0.2558	_15965_	10
979	0.2558	_15964_	10
979	0.2558	_15958_	8
979	0.2558	_15957_	1
979	0.2558	_15577_	7
979	0.2558	u2.diffshift_gt_exponent	1
980	0.2563	_06883_	1
980	0.2563	_18829_	1
980	0.2563	_18828_	1
980	0.2563	_18816_	2
980	0.2563	_18779_	3
980	0.2563	_18778_	2
980	0.2563	_18777_	2
980	0.2563	_18776_	2
980	0.2563	_18775_	2
980	0.2563	_18774_	1
980	0.2563	_00307_	2
980	0.2563	_00304_	2
980	0.2563	_05156_	1
980	0.2563	_10507_	10
980	0.2563	_10506_	9
980	0.2563	u3.mul_a[0]	1
981	0.2565	_07538_	1
981	0.2565	_23322_	10
981	0.2565	_23223_	10
981	0.2565	_12018_	10
981	0.2565	_11269_	10
981	0.2565	_11115_	8
982	0.2566	_07303_	1
982	0.2566	_22063_	1
982	0.2566	_22062_	1
982	0.2566	_22061_	2
982	0.2566	_22060_	2
982	0.2566	_22059_	1
982	0.2566	_22058_	2
982	0.2566	_22056_	3
982	0.2566	_21924_	3
982	0.2566	_21910_	1
982	0.2566	_21908_	4
982	0.2566	_21897_	2
982	0.2566	_21896_	4
982	0.2566	_03069_	1
982	0.2566	u3.sum_6[10]	2
983	0.2568	_07764_	1
983	0.2568	_24885_	10
983	0.2568	_23223_	10
983	0.2568	_12018_	10
983	0.2568	_11269_	10
983	0.2568	_11115_	8
984	0.2568	_07763_	1
984	0.2568	_24885_	10
984	0.2568	_23223_	10
984	0.2568	_12018_	10
984	0.2568	_11269_	10
984	0.2568	_11115_	8
985	0.2568	_07762_	1
985	0.2568	_24885_	10
985	0.2568	_23223_	10
985	0.2568	_12018_	10
985	0.2568	_11269_	10
985	0.2568	_11115_	8
986	0.2568	_07761_	1
986	0.2568	_24885_	10
986	0.2568	_23223_	10
986	0.2568	_12018_	10
986	0.2568	_11269_	10
986	0.2568	_11115_	8
987	0.2568	_07760_	1
987	0.2568	_24871_	10
987	0.2568	_23223_	10
987	0.2568	_12018_	10
987	0.2568	_11269_	10
987	0.2568	_11115_	8
988	0.2568	_07759_	1
988	0.2568	_24871_	10
988	0.2568	_23223_	10
988	0.2568	_12018_	10
988	0.2568	_11269_	10
988	0.2568	_11115_	8
989	0.2568	_07758_	1
989	0.2568	_24871_	10
989	0.2568	_23223_	10
989	0.2568	_12018_	10
989	0.2568	_11269_	10
989	0.2568	_11115_	8
990	0.2568	_07757_	1
990	0.2568	_24871_	10
990	0.2568	_23223_	10
990	0.2568	_12018_	10
990	0.2568	_11269_	10
990	0.2568	_11115_	8
991	0.2568	_07756_	1
991	0.2568	_24871_	10
991	0.2568	_23223_	10
991	0.2568	_12018_	10
991	0.2568	_11269_	10
991	0.2568	_11115_	8
992	0.2568	_07755_	1
992	0.2568	_24871_	10
992	0.2568	_23223_	10
992	0.2568	_12018_	10
992	0.2568	_11269_	10
992	0.2568	_11115_	8
993	0.2568	_07754_	1
993	0.2568	_24871_	10
993	0.2568	_23223_	10
993	0.2568	_12018_	10
993	0.2568	_11269_	10
993	0.2568	_11115_	8
994	0.2568	_07753_	1
994	0.2568	_24871_	10
994	0.2568	_23223_	10
994	0.2568	_12018_	10
994	0.2568	_11269_	10
994	0.2568	_11115_	8
995	0.2568	_07752_	1
995	0.2568	_24871_	10
995	0.2568	_23223_	10
995	0.2568	_12018_	10
995	0.2568	_11269_	10
995	0.2568	_11115_	8
996	0.2568	_07751_	1
996	0.2568	_24871_	10
996	0.2568	_23223_	10
996	0.2568	_12018_	10
996	0.2568	_11269_	10
996	0.2568	_11115_	8
997	0.2568	_07750_	1
997	0.2568	_23653_	10
997	0.2568	_23223_	10
997	0.2568	_12018_	10
997	0.2568	_11269_	10
997	0.2568	_11115_	8
998	0.2568	_07749_	1
998	0.2568	_23653_	10
998	0.2568	_23223_	10
998	0.2568	_12018_	10
998	0.2568	_11269_	10
998	0.2568	_11115_	8
999	0.2568	_07748_	1
999	0.2568	_23653_	10
999	0.2568	_23223_	10
999	0.2568	_12018_	10
999	0.2568	_11269_	10
999	0.2568	_11115_	8
