# stage	1_synth
# top_module	e203_cpu_top
# top_n	1000
# kind	top_path_net_fanout
# path_idx	slack_ns	net_name	fanout
0	-3.0292	core_csr_clk	1386
0	-3.0292	u_e203_cpu.u_e203_clk_ctrl.u_exu_clkgate.enb	1
1	-2.5762	rst_dtcm	741
1	-2.5762	_12753_	7
2	-2.5762	rst_dtcm	741
2	-2.5762	_12753_	7
3	-2.5762	rst_dtcm	741
3	-2.5762	_12753_	7
4	-2.5762	rst_dtcm	741
4	-2.5762	_12753_	7
5	-2.5762	rst_dtcm	741
5	-2.5762	_12753_	7
6	-2.5762	rst_dtcm	741
6	-2.5762	_12753_	7
7	-2.5762	rst_dtcm	741
7	-2.5762	_12753_	7
8	-2.5762	rst_dtcm	741
8	-2.5762	_12753_	7
9	-2.5762	rst_dtcm	741
9	-2.5762	_12753_	7
10	-2.5762	rst_dtcm	741
10	-2.5762	_12753_	7
11	-2.5762	rst_dtcm	741
11	-2.5762	_12753_	7
12	-2.5762	rst_dtcm	741
12	-2.5762	_12753_	7
13	-2.5762	rst_dtcm	741
13	-2.5762	_12753_	7
14	-2.5762	rst_dtcm	741
14	-2.5762	_12753_	7
15	-2.5762	rst_dtcm	741
15	-2.5762	_12753_	7
16	-2.5762	rst_dtcm	741
16	-2.5762	_12753_	7
17	-2.5762	rst_dtcm	741
17	-2.5762	_12753_	7
18	-2.5762	rst_dtcm	741
18	-2.5762	_12753_	7
19	-2.5762	rst_dtcm	741
19	-2.5762	_12753_	7
20	-2.5762	rst_dtcm	741
20	-2.5762	_12753_	7
21	-2.5762	rst_dtcm	741
21	-2.5762	_12753_	7
22	-2.5762	rst_dtcm	741
22	-2.5762	_12753_	7
23	-2.5762	rst_dtcm	741
23	-2.5762	_12753_	7
24	-2.5762	rst_dtcm	741
24	-2.5762	_12753_	7
25	-2.5762	rst_dtcm	741
25	-2.5762	_12753_	7
26	-2.5762	rst_dtcm	741
26	-2.5762	_12753_	7
27	-2.5762	rst_dtcm	741
27	-2.5762	_12753_	7
28	-2.5762	rst_dtcm	741
28	-2.5762	_12753_	7
29	-2.5762	rst_dtcm	741
29	-2.5762	_12753_	7
30	-2.5762	rst_dtcm	741
30	-2.5762	_12753_	7
31	-2.5762	rst_dtcm	741
31	-2.5762	_12753_	7
32	-2.5762	rst_dtcm	741
32	-2.5762	_12753_	7
33	-2.5762	rst_dtcm	741
33	-2.5762	_12753_	7
34	-2.5762	rst_dtcm	741
34	-2.5762	_12753_	7
35	-2.5762	rst_dtcm	741
35	-2.5762	_12753_	7
36	-2.5762	rst_dtcm	741
36	-2.5762	_12753_	7
37	-2.5762	rst_dtcm	741
37	-2.5762	_12753_	7
38	-2.5762	rst_dtcm	741
38	-2.5762	_12753_	7
39	-2.5762	rst_dtcm	741
39	-2.5762	_12753_	7
40	-2.5762	rst_dtcm	741
40	-2.5762	_12753_	7
41	-2.5762	rst_dtcm	741
41	-2.5762	_12753_	7
42	-2.5762	rst_dtcm	741
42	-2.5762	_12753_	7
43	-2.5762	rst_dtcm	741
43	-2.5762	_12753_	7
44	-2.5762	rst_dtcm	741
44	-2.5762	_12753_	7
45	-2.5762	rst_dtcm	741
45	-2.5762	_12753_	7
46	-2.5762	rst_dtcm	741
46	-2.5762	_12753_	7
47	-2.5762	rst_dtcm	741
47	-2.5762	_12753_	7
48	-2.5762	rst_dtcm	741
48	-2.5762	_12753_	7
49	-2.5762	rst_dtcm	741
49	-2.5762	_12753_	7
50	-2.5762	rst_dtcm	741
50	-2.5762	_12753_	7
51	-2.5762	rst_dtcm	741
51	-2.5762	_12753_	7
52	-2.5762	rst_dtcm	741
52	-2.5762	_12753_	7
53	-2.5762	rst_dtcm	741
53	-2.5762	_12753_	7
54	-2.5762	rst_dtcm	741
54	-2.5762	_12753_	7
55	-2.5762	rst_dtcm	741
55	-2.5762	_12753_	7
56	-2.5762	rst_dtcm	741
56	-2.5762	_12753_	7
57	-2.5762	rst_dtcm	741
57	-2.5762	_12753_	7
58	-2.5762	rst_dtcm	741
58	-2.5762	_12753_	7
59	-2.5762	rst_dtcm	741
59	-2.5762	_12753_	7
60	-2.5762	rst_dtcm	741
60	-2.5762	_12753_	7
61	-2.5762	rst_dtcm	741
61	-2.5762	_12753_	7
62	-2.5762	rst_dtcm	741
62	-2.5762	_12753_	7
63	-2.5762	rst_dtcm	741
63	-2.5762	_12753_	7
64	-2.5762	rst_dtcm	741
64	-2.5762	_12753_	7
65	-2.5762	rst_dtcm	741
65	-2.5762	_12753_	7
66	-2.5762	rst_dtcm	741
66	-2.5762	_12753_	7
67	-2.5762	rst_dtcm	741
67	-2.5762	_12753_	7
68	-2.5762	rst_dtcm	741
68	-2.5762	_12753_	7
69	-2.5762	rst_dtcm	741
69	-2.5762	_12753_	7
70	-2.5762	rst_dtcm	741
70	-2.5762	_12753_	7
71	-2.5762	rst_dtcm	741
71	-2.5762	_12753_	7
72	-2.5762	rst_dtcm	741
72	-2.5762	_12753_	7
73	-2.5762	rst_dtcm	741
73	-2.5762	_12753_	7
74	-2.5762	rst_dtcm	741
74	-2.5762	_12753_	7
75	-2.5762	rst_dtcm	741
75	-2.5762	_12753_	7
76	-2.5762	rst_dtcm	741
76	-2.5762	_12753_	7
77	-2.5762	rst_dtcm	741
77	-2.5762	_12753_	7
78	-2.5762	rst_dtcm	741
78	-2.5762	_12753_	7
79	-2.5762	rst_dtcm	741
79	-2.5762	_12753_	7
80	-2.5762	rst_dtcm	741
80	-2.5762	_12753_	7
81	-2.5762	rst_dtcm	741
81	-2.5762	_12753_	7
82	-2.5762	rst_dtcm	741
82	-2.5762	_12753_	7
83	-2.5762	rst_dtcm	741
83	-2.5762	_12753_	7
84	-2.5762	rst_dtcm	741
84	-2.5762	_12753_	7
85	-2.5762	rst_dtcm	741
85	-2.5762	_12753_	7
86	-2.5762	rst_dtcm	741
86	-2.5762	_12753_	7
87	-2.5762	rst_dtcm	741
87	-2.5762	_12753_	7
88	-2.5762	rst_dtcm	741
88	-2.5762	_12753_	7
89	-2.5762	rst_dtcm	741
89	-2.5762	_12753_	7
90	-2.5762	rst_dtcm	741
90	-2.5762	_12753_	7
91	-2.5762	rst_dtcm	741
91	-2.5762	_12753_	7
92	-2.5762	rst_dtcm	741
92	-2.5762	_12753_	7
93	-2.5762	rst_dtcm	741
93	-2.5762	_12753_	7
94	-2.5762	rst_dtcm	741
94	-2.5762	_12753_	7
95	-2.5762	rst_dtcm	741
95	-2.5762	_12753_	7
96	-2.5762	rst_dtcm	741
96	-2.5762	_12753_	7
97	-2.5762	rst_dtcm	741
97	-2.5762	_12753_	7
98	-2.5762	rst_dtcm	741
98	-2.5762	_12753_	7
99	-2.5762	rst_dtcm	741
99	-2.5762	_12753_	7
100	-2.5762	rst_dtcm	741
100	-2.5762	_12753_	7
101	-2.5762	rst_dtcm	741
101	-2.5762	_12753_	7
102	-2.5762	rst_dtcm	741
102	-2.5762	_12753_	7
103	-2.5762	rst_dtcm	741
103	-2.5762	_12753_	7
104	-2.5762	rst_dtcm	741
104	-2.5762	_12753_	7
105	-2.5762	rst_dtcm	741
105	-2.5762	_12753_	7
106	-2.5762	rst_dtcm	741
106	-2.5762	_12753_	7
107	-2.5762	rst_dtcm	741
107	-2.5762	_12753_	7
108	-2.5762	rst_dtcm	741
108	-2.5762	_12753_	7
109	-2.5762	rst_dtcm	741
109	-2.5762	_12753_	7
110	-2.5762	rst_dtcm	741
110	-2.5762	_12753_	7
111	-2.5762	rst_dtcm	741
111	-2.5762	_12753_	7
112	-2.5762	rst_dtcm	741
112	-2.5762	_12753_	7
113	-2.5762	rst_dtcm	741
113	-2.5762	_12753_	7
114	-2.5762	rst_dtcm	741
114	-2.5762	_12753_	7
115	-2.5762	rst_dtcm	741
115	-2.5762	_12753_	7
116	-2.5762	rst_dtcm	741
116	-2.5762	_12753_	7
117	-2.5762	rst_dtcm	741
117	-2.5762	_12753_	7
118	-2.5762	rst_dtcm	741
118	-2.5762	_12753_	7
119	-2.5762	rst_dtcm	741
119	-2.5762	_12753_	7
120	-2.5762	rst_dtcm	741
120	-2.5762	_12753_	7
121	-2.5762	rst_dtcm	741
121	-2.5762	_12753_	7
122	-2.5762	rst_dtcm	741
122	-2.5762	_12753_	7
123	-2.5762	rst_dtcm	741
123	-2.5762	_12753_	7
124	-2.5762	rst_dtcm	741
124	-2.5762	_12753_	7
125	-2.5762	rst_dtcm	741
125	-2.5762	_12753_	7
126	-2.5762	rst_dtcm	741
126	-2.5762	_12753_	7
127	-2.5762	rst_dtcm	741
127	-2.5762	_12753_	7
128	-2.5762	rst_dtcm	741
128	-2.5762	_12753_	7
129	-2.5762	rst_dtcm	741
129	-2.5762	_12753_	7
130	-2.5762	rst_dtcm	741
130	-2.5762	_12753_	7
131	-2.5762	rst_dtcm	741
131	-2.5762	_12753_	7
132	-2.5762	rst_dtcm	741
132	-2.5762	_12753_	7
133	-2.5762	rst_dtcm	741
133	-2.5762	_12753_	7
134	-2.5762	rst_dtcm	741
134	-2.5762	_12753_	7
135	-2.5762	rst_dtcm	741
135	-2.5762	_12753_	7
136	-2.5762	rst_dtcm	741
136	-2.5762	_12753_	7
137	-2.5762	rst_dtcm	741
137	-2.5762	_12753_	7
138	-2.5762	rst_dtcm	741
138	-2.5762	_12753_	7
139	-2.5762	rst_dtcm	741
139	-2.5762	_12753_	7
140	-2.5762	rst_dtcm	741
140	-2.5762	_12753_	7
141	-2.5762	rst_dtcm	741
141	-2.5762	_12753_	7
142	-2.5762	rst_dtcm	741
142	-2.5762	_12753_	7
143	-2.5762	rst_dtcm	741
143	-2.5762	_12753_	7
144	-2.5762	rst_dtcm	741
144	-2.5762	_12753_	7
145	-2.5762	rst_dtcm	741
145	-2.5762	_12753_	7
146	-2.5762	rst_dtcm	741
146	-2.5762	_12753_	7
147	-2.5762	rst_dtcm	741
147	-2.5762	_12753_	7
148	-2.5762	rst_dtcm	741
148	-2.5762	_12753_	7
149	-2.5762	rst_dtcm	741
149	-2.5762	_12753_	7
150	-2.5762	rst_dtcm	741
150	-2.5762	_12753_	7
151	-2.5762	rst_dtcm	741
151	-2.5762	_12753_	7
152	-2.5762	rst_dtcm	741
152	-2.5762	_12753_	7
153	-2.5762	rst_dtcm	741
153	-2.5762	_12753_	7
154	-2.5762	rst_dtcm	741
154	-2.5762	_12753_	7
155	-2.5762	rst_dtcm	741
155	-2.5762	_12753_	7
156	-2.5762	rst_dtcm	741
156	-2.5762	_12753_	7
157	-2.5762	rst_dtcm	741
157	-2.5762	_12753_	7
158	-2.5762	rst_dtcm	741
158	-2.5762	_12753_	7
159	-2.5762	rst_dtcm	741
159	-2.5762	_12753_	7
160	-2.5762	rst_dtcm	741
160	-2.5762	_12753_	7
161	-2.5762	rst_dtcm	741
161	-2.5762	_12753_	7
162	-2.5762	rst_dtcm	741
162	-2.5762	_12753_	7
163	-2.5762	rst_dtcm	741
163	-2.5762	_12753_	7
164	-2.5762	rst_dtcm	741
164	-2.5762	_12753_	7
165	-2.5762	rst_dtcm	741
165	-2.5762	_12753_	7
166	-2.5762	rst_dtcm	741
166	-2.5762	_12753_	7
167	-2.5762	rst_dtcm	741
167	-2.5762	_12753_	7
168	-2.5762	rst_dtcm	741
168	-2.5762	_12753_	7
169	-2.5762	rst_dtcm	741
169	-2.5762	_12753_	7
170	-2.5762	rst_dtcm	741
170	-2.5762	_12753_	7
171	-2.5762	rst_dtcm	741
171	-2.5762	_12753_	7
172	-2.5762	rst_dtcm	741
172	-2.5762	_12753_	7
173	-2.5762	rst_dtcm	741
173	-2.5762	_12753_	7
174	-2.5762	rst_dtcm	741
174	-2.5762	_12753_	7
175	-2.5762	rst_dtcm	741
175	-2.5762	_12753_	7
176	-2.5762	rst_dtcm	741
176	-2.5762	_12753_	7
177	-2.5762	rst_dtcm	741
177	-2.5762	_12753_	7
178	-2.5762	rst_dtcm	741
178	-2.5762	_12753_	7
179	-2.5762	rst_dtcm	741
179	-2.5762	_12753_	7
180	-2.5762	rst_dtcm	741
180	-2.5762	_12753_	7
181	-2.5762	rst_dtcm	741
181	-2.5762	_12753_	7
182	-2.5762	rst_dtcm	741
182	-2.5762	_12753_	7
183	-2.5762	rst_dtcm	741
183	-2.5762	_12753_	7
184	-2.5762	rst_dtcm	741
184	-2.5762	_12753_	7
185	-2.5762	rst_dtcm	741
185	-2.5762	_12753_	7
186	-2.5762	rst_dtcm	741
186	-2.5762	_12753_	7
187	-2.5762	rst_dtcm	741
187	-2.5762	_12753_	7
188	-2.5762	rst_dtcm	741
188	-2.5762	_12753_	7
189	-2.5762	rst_dtcm	741
189	-2.5762	_12753_	7
190	-2.5762	rst_dtcm	741
190	-2.5762	_12753_	7
191	-2.5762	rst_dtcm	741
191	-2.5762	_12753_	7
192	-2.5762	rst_dtcm	741
192	-2.5762	_12753_	7
193	-2.5762	rst_dtcm	741
193	-2.5762	_12753_	7
194	-2.5762	rst_dtcm	741
194	-2.5762	_12753_	7
195	-2.5762	rst_dtcm	741
195	-2.5762	_12753_	7
196	-2.5762	rst_dtcm	741
196	-2.5762	_12753_	7
197	-2.5762	rst_dtcm	741
197	-2.5762	_12753_	7
198	-2.5762	rst_dtcm	741
198	-2.5762	_12753_	7
199	-2.5762	rst_dtcm	741
199	-2.5762	_12753_	7
200	-2.5762	rst_dtcm	741
200	-2.5762	_12753_	7
201	-2.5762	rst_dtcm	741
201	-2.5762	_12753_	7
202	-2.5762	rst_dtcm	741
202	-2.5762	_12753_	7
203	-2.5762	rst_dtcm	741
203	-2.5762	_12753_	7
204	-2.5762	rst_dtcm	741
204	-2.5762	_12753_	7
205	-2.5762	rst_dtcm	741
205	-2.5762	_12753_	7
206	-2.5762	rst_dtcm	741
206	-2.5762	_12753_	7
207	-2.5762	rst_dtcm	741
207	-2.5762	_12753_	7
208	-2.5762	rst_dtcm	741
208	-2.5762	_12753_	7
209	-2.5762	rst_dtcm	741
209	-2.5762	_12753_	7
210	-2.5762	rst_dtcm	741
210	-2.5762	_12753_	7
211	-2.5762	rst_dtcm	741
211	-2.5762	_12753_	7
212	-2.5762	rst_dtcm	741
212	-2.5762	_12753_	7
213	-2.5762	rst_dtcm	741
213	-2.5762	_12753_	7
214	-2.5762	rst_dtcm	741
214	-2.5762	_12753_	7
215	-2.5762	rst_dtcm	741
215	-2.5762	_12753_	7
216	-2.5762	rst_dtcm	741
216	-2.5762	_12753_	7
217	-2.5762	rst_dtcm	741
217	-2.5762	_12753_	7
218	-2.5762	rst_dtcm	741
218	-2.5762	_12753_	7
219	-2.5762	rst_dtcm	741
219	-2.5762	_12753_	7
220	-2.5762	rst_dtcm	741
220	-2.5762	_12753_	7
221	-2.5762	rst_dtcm	741
221	-2.5762	_12753_	7
222	-2.5762	rst_dtcm	741
222	-2.5762	_12753_	7
223	-2.5762	rst_dtcm	741
223	-2.5762	_12753_	7
224	-2.5762	rst_dtcm	741
224	-2.5762	_12753_	7
225	-2.5762	rst_dtcm	741
225	-2.5762	_12753_	7
226	-2.5762	rst_dtcm	741
226	-2.5762	_12753_	7
227	-2.5762	rst_dtcm	741
227	-2.5762	_12753_	7
228	-2.5762	rst_dtcm	741
228	-2.5762	_12753_	7
229	-2.5762	rst_dtcm	741
229	-2.5762	_12753_	7
230	-2.5762	rst_dtcm	741
230	-2.5762	_12753_	7
231	-2.5762	rst_dtcm	741
231	-2.5762	_12753_	7
232	-2.5762	rst_dtcm	741
232	-2.5762	_12753_	7
233	-2.5762	rst_dtcm	741
233	-2.5762	_12753_	7
234	-2.5762	rst_dtcm	741
234	-2.5762	_12753_	7
235	-2.5762	rst_dtcm	741
235	-2.5762	_12753_	7
236	-2.5762	rst_dtcm	741
236	-2.5762	_12753_	7
237	-2.5762	rst_dtcm	741
237	-2.5762	_12753_	7
238	-2.5762	rst_dtcm	741
238	-2.5762	_12753_	7
239	-2.5762	rst_dtcm	741
239	-2.5762	_12753_	7
240	-2.5762	rst_dtcm	741
240	-2.5762	_12753_	7
241	-2.5762	rst_dtcm	741
241	-2.5762	_12753_	7
242	-2.5762	rst_dtcm	741
242	-2.5762	_12753_	7
243	-2.5762	rst_dtcm	741
243	-2.5762	_12753_	7
244	-2.5762	rst_dtcm	741
244	-2.5762	_12753_	7
245	-2.5762	rst_dtcm	741
245	-2.5762	_12753_	7
246	-2.5762	rst_dtcm	741
246	-2.5762	_12753_	7
247	-2.5762	rst_dtcm	741
247	-2.5762	_12753_	7
248	-2.5762	rst_dtcm	741
248	-2.5762	_12753_	7
249	-2.5762	rst_dtcm	741
249	-2.5762	_12753_	7
250	-2.5762	rst_dtcm	741
250	-2.5762	_12753_	7
251	-2.5762	rst_dtcm	741
251	-2.5762	_12753_	7
252	-2.5762	rst_dtcm	741
252	-2.5762	_12753_	7
253	-2.5762	rst_dtcm	741
253	-2.5762	_12753_	7
254	-2.5762	rst_dtcm	741
254	-2.5762	_12753_	7
255	-2.5762	rst_dtcm	741
255	-2.5762	_12753_	7
256	-2.5762	rst_dtcm	741
256	-2.5762	_12753_	7
257	-2.5762	rst_dtcm	741
257	-2.5762	_12753_	7
258	-2.5762	rst_dtcm	741
258	-2.5762	_12753_	7
259	-2.5762	rst_dtcm	741
259	-2.5762	_12753_	7
260	-2.5762	rst_dtcm	741
260	-2.5762	_12753_	7
261	-2.5762	rst_dtcm	741
261	-2.5762	_12753_	7
262	-2.5762	rst_dtcm	741
262	-2.5762	_12753_	7
263	-2.5762	rst_dtcm	741
263	-2.5762	_12753_	7
264	-2.5762	rst_dtcm	741
264	-2.5762	_12753_	7
265	-2.5762	rst_dtcm	741
265	-2.5762	_12753_	7
266	-2.5762	rst_dtcm	741
266	-2.5762	_12753_	7
267	-2.5762	rst_dtcm	741
267	-2.5762	_12753_	7
268	-2.5762	rst_dtcm	741
268	-2.5762	_12753_	7
269	-2.5762	rst_dtcm	741
269	-2.5762	_12753_	7
270	-2.5762	rst_dtcm	741
270	-2.5762	_12753_	7
271	-2.5762	rst_dtcm	741
271	-2.5762	_12753_	7
272	-2.5762	rst_dtcm	741
272	-2.5762	_12753_	7
273	-2.5762	rst_dtcm	741
273	-2.5762	_12753_	7
274	-2.5762	rst_dtcm	741
274	-2.5762	_12753_	7
275	-2.5762	rst_dtcm	741
275	-2.5762	_12753_	7
276	-2.5762	rst_dtcm	741
276	-2.5762	_12753_	7
277	-2.5762	rst_dtcm	741
277	-2.5762	_12753_	7
278	-2.5762	rst_dtcm	741
278	-2.5762	_12753_	7
279	-2.5762	rst_dtcm	741
279	-2.5762	_12753_	7
280	-2.5762	rst_dtcm	741
280	-2.5762	_12753_	7
281	-2.5762	rst_dtcm	741
281	-2.5762	_12753_	7
282	-2.5762	rst_dtcm	741
282	-2.5762	_12753_	7
283	-2.5762	rst_dtcm	741
283	-2.5762	_12753_	7
284	-2.5762	rst_dtcm	741
284	-2.5762	_12753_	7
285	-2.5762	rst_dtcm	741
285	-2.5762	_12753_	7
286	-2.5762	rst_dtcm	741
286	-2.5762	_12753_	7
287	-2.5762	rst_dtcm	741
287	-2.5762	_12753_	7
288	-2.5762	rst_dtcm	741
288	-2.5762	_12753_	7
289	-2.5762	rst_dtcm	741
289	-2.5762	_12753_	7
290	-2.5762	rst_dtcm	741
290	-2.5762	_12753_	7
291	-2.5762	rst_dtcm	741
291	-2.5762	_12753_	7
292	-2.5762	rst_dtcm	741
292	-2.5762	_12753_	7
293	-2.5762	rst_dtcm	741
293	-2.5762	_12753_	7
294	-2.5762	rst_dtcm	741
294	-2.5762	_12753_	7
295	-2.5762	rst_dtcm	741
295	-2.5762	_12753_	7
296	-2.5762	rst_dtcm	741
296	-2.5762	_12753_	7
297	-2.5762	rst_dtcm	741
297	-2.5762	_12753_	7
298	-2.5762	rst_dtcm	741
298	-2.5762	_12753_	7
299	-2.5762	rst_dtcm	741
299	-2.5762	_12753_	7
300	-2.5762	rst_dtcm	741
300	-2.5762	_12753_	7
301	-2.5762	rst_dtcm	741
301	-2.5762	_12753_	7
302	-2.5762	rst_dtcm	741
302	-2.5762	_12753_	7
303	-2.5762	rst_dtcm	741
303	-2.5762	_12753_	7
304	-2.5762	rst_dtcm	741
304	-2.5762	_12753_	7
305	-2.5762	rst_dtcm	741
305	-2.5762	_12753_	7
306	-2.5762	rst_dtcm	741
306	-2.5762	_12753_	7
307	-2.5762	rst_dtcm	741
307	-2.5762	_12753_	7
308	-2.5762	rst_dtcm	741
308	-2.5762	_12753_	7
309	-2.5762	rst_dtcm	741
309	-2.5762	_12753_	7
310	-2.5762	rst_dtcm	741
310	-2.5762	_12753_	7
311	-2.5762	rst_dtcm	741
311	-2.5762	_12753_	7
312	-2.5762	rst_dtcm	741
312	-2.5762	_12753_	7
313	-2.5762	rst_dtcm	741
313	-2.5762	_12753_	7
314	-2.5762	rst_dtcm	741
314	-2.5762	_12753_	7
315	-2.5762	rst_dtcm	741
315	-2.5762	_12753_	7
316	-2.5762	rst_dtcm	741
316	-2.5762	_12753_	7
317	-2.5762	rst_dtcm	741
317	-2.5762	_12753_	7
318	-2.5762	rst_dtcm	741
318	-2.5762	_12753_	7
319	-2.5762	rst_dtcm	741
319	-2.5762	_12753_	7
320	-2.5762	rst_dtcm	741
320	-2.5762	_12753_	7
321	-2.5762	rst_dtcm	741
321	-2.5762	_12753_	7
322	-2.5762	rst_dtcm	741
322	-2.5762	_12753_	7
323	-2.5762	rst_dtcm	741
323	-2.5762	_12753_	7
324	-2.5762	rst_dtcm	741
324	-2.5762	_12753_	7
325	-2.5762	rst_dtcm	741
325	-2.5762	_12753_	7
326	-2.5762	rst_dtcm	741
326	-2.5762	_12753_	7
327	-2.5762	rst_dtcm	741
327	-2.5762	_12753_	7
328	-2.5762	rst_dtcm	741
328	-2.5762	_12753_	7
329	-2.5762	rst_dtcm	741
329	-2.5762	_12753_	7
330	-2.5762	rst_dtcm	741
330	-2.5762	_12753_	7
331	-2.5762	rst_dtcm	741
331	-2.5762	_12753_	7
332	-2.5762	rst_dtcm	741
332	-2.5762	_12753_	7
333	-2.5762	rst_dtcm	741
333	-2.5762	_12753_	7
334	-2.5762	rst_dtcm	741
334	-2.5762	_12753_	7
335	-2.5762	rst_dtcm	741
335	-2.5762	_12753_	7
336	-2.5762	rst_dtcm	741
336	-2.5762	_12753_	7
337	-2.5762	rst_dtcm	741
337	-2.5762	_12753_	7
338	-2.5762	rst_dtcm	741
338	-2.5762	_12753_	7
339	-2.5762	rst_dtcm	741
339	-2.5762	_12753_	7
340	-2.5762	rst_dtcm	741
340	-2.5762	_12753_	7
341	-2.5762	rst_dtcm	741
341	-2.5762	_12753_	7
342	-2.5762	rst_dtcm	741
342	-2.5762	_12753_	7
343	-2.5762	rst_dtcm	741
343	-2.5762	_12753_	7
344	-2.5762	rst_dtcm	741
344	-2.5762	_12753_	7
345	-2.5762	rst_dtcm	741
345	-2.5762	_12753_	7
346	-2.5762	rst_dtcm	741
346	-2.5762	_12753_	7
347	-2.5762	rst_dtcm	741
347	-2.5762	_12753_	7
348	-2.5762	rst_dtcm	741
348	-2.5762	_12753_	7
349	-2.5762	rst_dtcm	741
349	-2.5762	_12753_	7
350	-2.5762	rst_dtcm	741
350	-2.5762	_12753_	7
351	-2.5762	rst_dtcm	741
351	-2.5762	_12753_	7
352	-2.5762	rst_dtcm	741
352	-2.5762	_12753_	7
353	-2.5762	rst_dtcm	741
353	-2.5762	_12753_	7
354	-2.5762	rst_dtcm	741
354	-2.5762	_12753_	7
355	-2.5762	rst_dtcm	741
355	-2.5762	_12753_	7
356	-2.5762	rst_dtcm	741
356	-2.5762	_12753_	7
357	-2.5762	rst_dtcm	741
357	-2.5762	_12753_	7
358	-2.5762	rst_dtcm	741
358	-2.5762	_12753_	7
359	-2.5762	rst_dtcm	741
359	-2.5762	_12753_	7
360	-2.5762	rst_dtcm	741
360	-2.5762	_12753_	7
361	-2.5762	rst_dtcm	741
361	-2.5762	_12753_	7
362	-2.5762	rst_dtcm	741
362	-2.5762	_12753_	7
363	-2.5762	rst_dtcm	741
363	-2.5762	_12753_	7
364	-2.5762	rst_dtcm	741
364	-2.5762	_12753_	7
365	-2.5762	rst_dtcm	741
365	-2.5762	_12753_	7
366	-2.5762	rst_dtcm	741
366	-2.5762	_12753_	7
367	-2.5762	rst_dtcm	741
367	-2.5762	_12753_	7
368	-2.5762	rst_dtcm	741
368	-2.5762	_12753_	7
369	-2.5762	rst_dtcm	741
369	-2.5762	_12753_	7
370	-2.5762	rst_dtcm	741
370	-2.5762	_12753_	7
371	-2.5762	rst_dtcm	741
371	-2.5762	_12753_	7
372	-2.5762	rst_dtcm	741
372	-2.5762	_12753_	7
373	-2.5762	rst_dtcm	741
373	-2.5762	_12753_	7
374	-2.5762	rst_dtcm	741
374	-2.5762	_12753_	7
375	-2.5762	rst_dtcm	741
375	-2.5762	_12753_	7
376	-2.5762	rst_dtcm	741
376	-2.5762	_12753_	7
377	-2.5762	rst_dtcm	741
377	-2.5762	_12753_	7
378	-2.5762	rst_dtcm	741
378	-2.5762	_12753_	7
379	-2.5762	rst_dtcm	741
379	-2.5762	_12753_	7
380	-2.5762	rst_dtcm	741
380	-2.5762	_12753_	7
381	-2.5762	rst_dtcm	741
381	-2.5762	_12753_	7
382	-2.5762	rst_dtcm	741
382	-2.5762	_12753_	7
383	-2.5762	rst_dtcm	741
383	-2.5762	_12753_	7
384	-2.5762	rst_dtcm	741
384	-2.5762	_12753_	7
385	-2.5762	rst_dtcm	741
385	-2.5762	_12753_	7
386	-2.5762	rst_dtcm	741
386	-2.5762	_12753_	7
387	-2.5762	rst_dtcm	741
387	-2.5762	_12753_	7
388	-2.5762	rst_dtcm	741
388	-2.5762	_12753_	7
389	-2.5762	rst_dtcm	741
389	-2.5762	_12753_	7
390	-2.5762	rst_dtcm	741
390	-2.5762	_12753_	7
391	-2.5762	rst_dtcm	741
391	-2.5762	_12753_	7
392	-2.5762	rst_dtcm	741
392	-2.5762	_12753_	7
393	-2.5762	rst_dtcm	741
393	-2.5762	_12753_	7
394	-2.5762	rst_dtcm	741
394	-2.5762	_12753_	7
395	-2.5762	rst_dtcm	741
395	-2.5762	_12753_	7
396	-2.5762	rst_dtcm	741
396	-2.5762	_12753_	7
397	-2.5762	rst_dtcm	741
397	-2.5762	_12753_	7
398	-2.5762	rst_dtcm	741
398	-2.5762	_12753_	7
399	-2.5762	rst_dtcm	741
399	-2.5762	_12753_	7
400	-2.5762	rst_dtcm	741
400	-2.5762	_12753_	7
401	-2.5762	rst_dtcm	741
401	-2.5762	_12753_	7
402	-2.5762	rst_dtcm	741
402	-2.5762	_12753_	7
403	-2.5762	rst_dtcm	741
403	-2.5762	_12753_	7
404	-2.5762	rst_dtcm	741
404	-2.5762	_12753_	7
405	-2.5762	rst_dtcm	741
405	-2.5762	_12753_	7
406	-2.5762	rst_dtcm	741
406	-2.5762	_12753_	7
407	-2.5762	rst_dtcm	741
407	-2.5762	_12753_	7
408	-2.5762	rst_dtcm	741
408	-2.5762	_12753_	7
409	-2.5762	rst_dtcm	741
409	-2.5762	_12753_	7
410	-2.5762	rst_dtcm	741
410	-2.5762	_12753_	7
411	-2.5762	rst_dtcm	741
411	-2.5762	_12753_	7
412	-2.5762	rst_dtcm	741
412	-2.5762	_12753_	7
413	-2.5762	rst_dtcm	741
413	-2.5762	_12753_	7
414	-2.5762	rst_dtcm	741
414	-2.5762	_12753_	7
415	-2.5762	rst_dtcm	741
415	-2.5762	_12753_	7
416	-2.5762	rst_dtcm	741
416	-2.5762	_12753_	7
417	-2.5762	rst_dtcm	741
417	-2.5762	_12753_	7
418	-2.5762	rst_dtcm	741
418	-2.5762	_12753_	7
419	-2.5762	rst_dtcm	741
419	-2.5762	_12753_	7
420	-2.5762	rst_dtcm	741
420	-2.5762	_12753_	7
421	-2.5762	rst_dtcm	741
421	-2.5762	_12753_	7
422	-2.5762	rst_dtcm	741
422	-2.5762	_12753_	7
423	-2.5762	rst_dtcm	741
423	-2.5762	_12753_	7
424	-2.5762	rst_dtcm	741
424	-2.5762	_12753_	7
425	-2.5762	rst_dtcm	741
425	-2.5762	_12753_	7
426	-2.5762	rst_dtcm	741
426	-2.5762	_12753_	7
427	-2.5762	rst_dtcm	741
427	-2.5762	_12753_	7
428	-2.5762	rst_dtcm	741
428	-2.5762	_12753_	7
429	-2.5762	rst_dtcm	741
429	-2.5762	_12753_	7
430	-2.5762	rst_dtcm	741
430	-2.5762	_12753_	7
431	-2.5762	rst_dtcm	741
431	-2.5762	_12753_	7
432	-2.5762	rst_dtcm	741
432	-2.5762	_12753_	7
433	-2.5762	rst_dtcm	741
433	-2.5762	_12753_	7
434	-2.5762	rst_dtcm	741
434	-2.5762	_12753_	7
435	-2.5762	rst_dtcm	741
435	-2.5762	_12753_	7
436	-2.5762	rst_dtcm	741
436	-2.5762	_12753_	7
437	-2.5762	rst_dtcm	741
437	-2.5762	_12753_	7
438	-2.5762	rst_dtcm	741
438	-2.5762	_12753_	7
439	-2.5762	rst_dtcm	741
439	-2.5762	_12753_	7
440	-2.5762	rst_dtcm	741
440	-2.5762	_12753_	7
441	-2.5762	rst_dtcm	741
441	-2.5762	_12753_	7
442	-2.5762	rst_dtcm	741
442	-2.5762	_12753_	7
443	-2.5762	rst_dtcm	741
443	-2.5762	_12753_	7
444	-2.5762	rst_dtcm	741
444	-2.5762	_12753_	7
445	-2.5762	rst_dtcm	741
445	-2.5762	_12753_	7
446	-2.5762	rst_dtcm	741
446	-2.5762	_12753_	7
447	-2.5762	rst_dtcm	741
447	-2.5762	_12753_	7
448	-2.5762	rst_dtcm	741
448	-2.5762	_12753_	7
449	-2.5762	rst_dtcm	741
449	-2.5762	_12753_	7
450	-2.5762	rst_dtcm	741
450	-2.5762	_12753_	7
451	-2.5762	rst_dtcm	741
451	-2.5762	_12753_	7
452	-2.5762	rst_dtcm	741
452	-2.5762	_12753_	7
453	-2.5762	rst_dtcm	741
453	-2.5762	_12753_	7
454	-2.5762	rst_dtcm	741
454	-2.5762	_12753_	7
455	-2.5762	rst_dtcm	741
455	-2.5762	_12753_	7
456	-2.5762	rst_dtcm	741
456	-2.5762	_12753_	7
457	-2.5762	rst_dtcm	741
457	-2.5762	_12753_	7
458	-2.5762	rst_dtcm	741
458	-2.5762	_12753_	7
459	-2.5762	rst_dtcm	741
459	-2.5762	_12753_	7
460	-2.5762	rst_dtcm	741
460	-2.5762	_12753_	7
461	-2.5762	rst_dtcm	741
461	-2.5762	_12753_	7
462	-2.5762	rst_dtcm	741
462	-2.5762	_12753_	7
463	-2.5762	rst_dtcm	741
463	-2.5762	_12753_	7
464	-2.5762	rst_dtcm	741
464	-2.5762	_12753_	7
465	-2.5762	rst_dtcm	741
465	-2.5762	_12753_	7
466	-2.5762	rst_dtcm	741
466	-2.5762	_12753_	7
467	-2.5762	rst_dtcm	741
467	-2.5762	_12753_	7
468	-2.5762	rst_dtcm	741
468	-2.5762	_12753_	7
469	-2.5762	rst_dtcm	741
469	-2.5762	_12753_	7
470	-2.5762	rst_dtcm	741
470	-2.5762	_12753_	7
471	-2.5762	rst_dtcm	741
471	-2.5762	_12753_	7
472	-2.5762	rst_dtcm	741
472	-2.5762	_12753_	7
473	-2.5762	rst_dtcm	741
473	-2.5762	_12753_	7
474	-2.5762	rst_dtcm	741
474	-2.5762	_12753_	7
475	-2.5762	rst_dtcm	741
475	-2.5762	_12753_	7
476	-2.5762	rst_dtcm	741
476	-2.5762	_12753_	7
477	-2.5762	rst_dtcm	741
477	-2.5762	_12753_	7
478	-2.5762	rst_dtcm	741
478	-2.5762	_12753_	7
479	-2.5762	rst_dtcm	741
479	-2.5762	_12753_	7
480	-2.5762	rst_dtcm	741
480	-2.5762	_12753_	7
481	-2.5762	rst_dtcm	741
481	-2.5762	_12753_	7
482	-2.5762	rst_dtcm	741
482	-2.5762	_12753_	7
483	-2.5762	rst_dtcm	741
483	-2.5762	_12753_	7
484	-2.5762	rst_dtcm	741
484	-2.5762	_12753_	7
485	-2.5762	rst_dtcm	741
485	-2.5762	_12753_	7
486	-2.5762	rst_dtcm	741
486	-2.5762	_12753_	7
487	-2.5762	rst_dtcm	741
487	-2.5762	_12753_	7
488	-2.5762	rst_dtcm	741
488	-2.5762	_12753_	7
489	-2.5762	rst_dtcm	741
489	-2.5762	_12753_	7
490	-2.5762	rst_dtcm	741
490	-2.5762	_12753_	7
491	-2.5762	rst_dtcm	741
491	-2.5762	_12753_	7
492	-2.5762	rst_dtcm	741
492	-2.5762	_12753_	7
493	-2.5762	rst_dtcm	741
493	-2.5762	_12753_	7
494	-2.5762	rst_dtcm	741
494	-2.5762	_12753_	7
495	-2.5762	rst_dtcm	741
495	-2.5762	_12753_	7
496	-2.5762	rst_dtcm	741
496	-2.5762	_12753_	7
497	-2.5762	rst_dtcm	741
497	-2.5762	_12753_	7
498	-2.5762	rst_dtcm	741
498	-2.5762	_12753_	7
499	-2.5762	rst_dtcm	741
499	-2.5762	_12753_	7
500	-2.5762	rst_dtcm	741
500	-2.5762	_12753_	7
501	-2.5762	rst_dtcm	741
501	-2.5762	_12753_	7
502	-2.5762	rst_dtcm	741
502	-2.5762	_12753_	7
503	-2.5762	rst_dtcm	741
503	-2.5762	_12753_	7
504	-2.5762	rst_dtcm	741
504	-2.5762	_12753_	7
505	-2.5762	rst_dtcm	741
505	-2.5762	_12753_	7
506	-2.5762	rst_dtcm	741
506	-2.5762	_12753_	7
507	-2.5762	rst_dtcm	741
507	-2.5762	_12753_	7
508	-2.5762	rst_dtcm	741
508	-2.5762	_12753_	7
509	-2.5762	rst_dtcm	741
509	-2.5762	_12753_	7
510	-2.5762	rst_dtcm	741
510	-2.5762	_12753_	7
511	-2.5762	rst_dtcm	741
511	-2.5762	_12753_	7
512	-2.5762	rst_dtcm	741
512	-2.5762	_12753_	7
513	-2.5762	rst_dtcm	741
513	-2.5762	_12753_	7
514	-2.5762	rst_dtcm	741
514	-2.5762	_12753_	7
515	-2.5762	rst_dtcm	741
515	-2.5762	_12753_	7
516	-2.5762	rst_dtcm	741
516	-2.5762	_12753_	7
517	-2.5762	rst_dtcm	741
517	-2.5762	_12753_	7
518	-2.5762	rst_dtcm	741
518	-2.5762	_12753_	7
519	-2.5762	rst_dtcm	741
519	-2.5762	_12753_	7
520	-2.5762	rst_dtcm	741
520	-2.5762	_12753_	7
521	-2.5762	rst_dtcm	741
521	-2.5762	_12753_	7
522	-2.5762	rst_dtcm	741
522	-2.5762	_12753_	7
523	-2.5762	rst_dtcm	741
523	-2.5762	_12753_	7
524	-2.5762	rst_dtcm	741
524	-2.5762	_12753_	7
525	-2.5762	rst_dtcm	741
525	-2.5762	_12753_	7
526	-2.5762	rst_dtcm	741
526	-2.5762	_12753_	7
527	-2.5762	rst_dtcm	741
527	-2.5762	_12753_	7
528	-2.5762	rst_dtcm	741
528	-2.5762	_12753_	7
529	-2.5762	rst_dtcm	741
529	-2.5762	_12753_	7
530	-2.5762	rst_dtcm	741
530	-2.5762	_12753_	7
531	-2.5762	rst_dtcm	741
531	-2.5762	_12753_	7
532	-2.5762	rst_dtcm	741
532	-2.5762	_12753_	7
533	-2.5762	rst_dtcm	741
533	-2.5762	_12753_	7
534	-2.5762	rst_dtcm	741
534	-2.5762	_12753_	7
535	-2.5762	rst_dtcm	741
535	-2.5762	_12753_	7
536	-2.5762	rst_dtcm	741
536	-2.5762	_12753_	7
537	-2.5762	rst_dtcm	741
537	-2.5762	_12753_	7
538	-2.5762	rst_dtcm	741
538	-2.5762	_12753_	7
539	-2.5762	rst_dtcm	741
539	-2.5762	_12753_	7
540	-2.5762	rst_dtcm	741
540	-2.5762	_12753_	7
541	-2.5762	rst_dtcm	741
541	-2.5762	_12753_	7
542	-2.5762	rst_dtcm	741
542	-2.5762	_12753_	7
543	-2.5762	rst_dtcm	741
543	-2.5762	_12753_	7
544	-2.5762	rst_dtcm	741
544	-2.5762	_12753_	7
545	-2.5762	rst_dtcm	741
545	-2.5762	_12753_	7
546	-2.5762	rst_dtcm	741
546	-2.5762	_12753_	7
547	-2.5762	rst_dtcm	741
547	-2.5762	_12753_	7
548	-2.5762	rst_dtcm	741
548	-2.5762	_12753_	7
549	-2.5762	rst_dtcm	741
549	-2.5762	_12753_	7
550	-2.5762	rst_dtcm	741
550	-2.5762	_12753_	7
551	-2.5762	rst_dtcm	741
551	-2.5762	_12753_	7
552	-2.5762	rst_dtcm	741
552	-2.5762	_12753_	7
553	-2.5762	rst_dtcm	741
553	-2.5762	_12753_	7
554	-2.5762	rst_dtcm	741
554	-2.5762	_12753_	7
555	-2.5762	rst_dtcm	741
555	-2.5762	_12753_	7
556	-2.5762	rst_dtcm	741
556	-2.5762	_12753_	7
557	-2.5762	rst_dtcm	741
557	-2.5762	_12753_	7
558	-2.5762	rst_dtcm	741
558	-2.5762	_12753_	7
559	-2.5762	rst_dtcm	741
559	-2.5762	_12753_	7
560	-2.5762	rst_dtcm	741
560	-2.5762	_12753_	7
561	-2.5762	rst_dtcm	741
561	-2.5762	_12753_	7
562	-2.5762	rst_dtcm	741
562	-2.5762	_12753_	7
563	-2.5762	rst_dtcm	741
563	-2.5762	_12753_	7
564	-2.5762	rst_dtcm	741
564	-2.5762	_12753_	7
565	-2.5762	rst_dtcm	741
565	-2.5762	_12753_	7
566	-2.5762	rst_dtcm	741
566	-2.5762	_12753_	7
567	-2.5762	rst_dtcm	741
567	-2.5762	_12753_	7
568	-2.5762	rst_dtcm	741
568	-2.5762	_12753_	7
569	-2.5762	rst_dtcm	741
569	-2.5762	_12753_	7
570	-2.5762	rst_dtcm	741
570	-2.5762	_12753_	7
571	-2.5762	rst_dtcm	741
571	-2.5762	_12753_	7
572	-2.5762	rst_dtcm	741
572	-2.5762	_12753_	7
573	-2.5762	rst_dtcm	741
573	-2.5762	_12753_	7
574	-2.5762	rst_dtcm	741
574	-2.5762	_12753_	7
575	-2.5762	rst_dtcm	741
575	-2.5762	_12753_	7
576	-2.5762	rst_dtcm	741
576	-2.5762	_12753_	7
577	-2.5762	rst_dtcm	741
577	-2.5762	_12753_	7
578	-2.5762	rst_dtcm	741
578	-2.5762	_12753_	7
579	-2.5762	rst_dtcm	741
579	-2.5762	_12753_	7
580	-2.5762	rst_dtcm	741
580	-2.5762	_12753_	7
581	-2.5762	rst_dtcm	741
581	-2.5762	_12753_	7
582	-2.5762	rst_dtcm	741
582	-2.5762	_12753_	7
583	-2.5762	rst_dtcm	741
583	-2.5762	_12753_	7
584	-2.5762	rst_dtcm	741
584	-2.5762	_12753_	7
585	-2.5762	rst_dtcm	741
585	-2.5762	_12753_	7
586	-2.5762	rst_dtcm	741
586	-2.5762	_12753_	7
587	-2.5762	rst_dtcm	741
587	-2.5762	_12753_	7
588	-2.5762	rst_dtcm	741
588	-2.5762	_12753_	7
589	-2.5762	rst_dtcm	741
589	-2.5762	_12753_	7
590	-2.5762	rst_dtcm	741
590	-2.5762	_12753_	7
591	-2.5762	rst_dtcm	741
591	-2.5762	_12753_	7
592	-2.5762	rst_dtcm	741
592	-2.5762	_12753_	7
593	-2.5762	rst_dtcm	741
593	-2.5762	_12753_	7
594	-2.5762	rst_dtcm	741
594	-2.5762	_12753_	7
595	-2.5762	rst_dtcm	741
595	-2.5762	_12753_	7
596	-2.5762	rst_dtcm	741
596	-2.5762	_12753_	7
597	-2.5762	rst_dtcm	741
597	-2.5762	_12753_	7
598	-2.5762	rst_dtcm	741
598	-2.5762	_12753_	7
599	-2.5762	rst_dtcm	741
599	-2.5762	_12753_	7
600	-2.5762	rst_dtcm	741
600	-2.5762	_12753_	7
601	-2.5762	rst_dtcm	741
601	-2.5762	_12753_	7
602	-2.5762	rst_dtcm	741
602	-2.5762	_12753_	7
603	-2.5762	rst_dtcm	741
603	-2.5762	_12753_	7
604	-2.5762	rst_dtcm	741
604	-2.5762	_12753_	7
605	-2.5762	rst_dtcm	741
605	-2.5762	_12753_	7
606	-2.5762	rst_dtcm	741
606	-2.5762	_12753_	7
607	-2.5762	rst_dtcm	741
607	-2.5762	_12753_	7
608	-2.5762	rst_dtcm	741
608	-2.5762	_12753_	7
609	-2.5762	rst_dtcm	741
609	-2.5762	_12753_	7
610	-2.5762	rst_dtcm	741
610	-2.5762	_12753_	7
611	-2.5762	rst_dtcm	741
611	-2.5762	_12753_	7
612	-2.5762	rst_dtcm	741
612	-2.5762	_12753_	7
613	-2.5762	rst_dtcm	741
613	-2.5762	_12753_	7
614	-2.5762	rst_dtcm	741
614	-2.5762	_12753_	7
615	-2.5762	rst_dtcm	741
615	-2.5762	_12753_	7
616	-2.5762	rst_dtcm	741
616	-2.5762	_12753_	7
617	-2.5762	rst_dtcm	741
617	-2.5762	_12753_	7
618	-2.5762	rst_dtcm	741
618	-2.5762	_12753_	7
619	-2.5762	rst_dtcm	741
619	-2.5762	_12753_	7
620	-2.5762	rst_dtcm	741
620	-2.5762	_12753_	7
621	-2.5762	rst_dtcm	741
621	-2.5762	_12753_	7
622	-2.5762	rst_dtcm	741
622	-2.5762	_12753_	7
623	-2.5762	rst_dtcm	741
623	-2.5762	_12753_	7
624	-2.5762	rst_dtcm	741
624	-2.5762	_12753_	7
625	-2.5762	rst_dtcm	741
625	-2.5762	_12753_	7
626	-2.5762	rst_dtcm	741
626	-2.5762	_12753_	7
627	-2.5762	rst_dtcm	741
627	-2.5762	_12753_	7
628	-2.5762	rst_dtcm	741
628	-2.5762	_12753_	7
629	-2.5762	rst_dtcm	741
629	-2.5762	_12753_	7
630	-2.5762	rst_dtcm	741
630	-2.5762	_12753_	7
631	-2.5762	rst_dtcm	741
631	-2.5762	_12753_	7
632	-2.5762	rst_dtcm	741
632	-2.5762	_12753_	7
633	-2.5762	rst_dtcm	741
633	-2.5762	_12753_	7
634	-2.5762	rst_dtcm	741
634	-2.5762	_12753_	7
635	-2.5762	rst_dtcm	741
635	-2.5762	_12753_	7
636	-2.5762	rst_dtcm	741
636	-2.5762	_12753_	7
637	-2.5762	rst_dtcm	741
637	-2.5762	_12753_	7
638	-2.5762	rst_dtcm	741
638	-2.5762	_12753_	7
639	-2.5762	rst_dtcm	741
639	-2.5762	_12753_	7
640	-2.5762	rst_dtcm	741
640	-2.5762	_12753_	7
641	-2.5762	rst_dtcm	741
641	-2.5762	_12753_	7
642	-2.5762	rst_dtcm	741
642	-2.5762	_12753_	7
643	-2.5762	rst_dtcm	741
643	-2.5762	_12753_	7
644	-2.5762	rst_dtcm	741
644	-2.5762	_12753_	7
645	-2.5762	rst_dtcm	741
645	-2.5762	_12753_	7
646	-2.5762	rst_dtcm	741
646	-2.5762	_12753_	7
647	-2.5762	rst_dtcm	741
647	-2.5762	_12753_	7
648	-2.5762	rst_dtcm	741
648	-2.5762	_12753_	7
649	-2.5762	rst_dtcm	741
649	-2.5762	_12753_	7
650	-2.5762	rst_dtcm	741
650	-2.5762	_12753_	7
651	-2.5762	rst_dtcm	741
651	-2.5762	_12753_	7
652	-2.5762	rst_dtcm	741
652	-2.5762	_12753_	7
653	-2.5762	rst_dtcm	741
653	-2.5762	_12753_	7
654	-2.5762	rst_dtcm	741
654	-2.5762	_12753_	7
655	-2.5762	rst_dtcm	741
655	-2.5762	_12753_	7
656	-2.5762	rst_dtcm	741
656	-2.5762	_12753_	7
657	-2.5762	rst_dtcm	741
657	-2.5762	_12753_	7
658	-2.5762	rst_dtcm	741
658	-2.5762	_12753_	7
659	-2.5762	rst_dtcm	741
659	-2.5762	_12753_	7
660	-2.5762	rst_dtcm	741
660	-2.5762	_12753_	7
661	-2.5762	rst_dtcm	741
661	-2.5762	_12753_	7
662	-2.5762	rst_dtcm	741
662	-2.5762	_12753_	7
663	-2.5762	rst_dtcm	741
663	-2.5762	_12753_	7
664	-2.5762	rst_dtcm	741
664	-2.5762	_12753_	7
665	-2.5762	rst_dtcm	741
665	-2.5762	_12753_	7
666	-2.5762	rst_dtcm	741
666	-2.5762	_12753_	7
667	-2.5762	rst_dtcm	741
667	-2.5762	_12753_	7
668	-2.5762	rst_dtcm	741
668	-2.5762	_12753_	7
669	-2.5762	rst_dtcm	741
669	-2.5762	_12753_	7
670	-2.5762	rst_dtcm	741
670	-2.5762	_12753_	7
671	-2.5762	rst_dtcm	741
671	-2.5762	_12753_	7
672	-2.5762	rst_dtcm	741
672	-2.5762	_12753_	7
673	-2.5762	rst_dtcm	741
673	-2.5762	_12753_	7
674	-2.5762	rst_dtcm	741
674	-2.5762	_12753_	7
675	-2.5762	rst_dtcm	741
675	-2.5762	_12753_	7
676	-2.5762	rst_dtcm	741
676	-2.5762	_12753_	7
677	-2.5762	rst_dtcm	741
677	-2.5762	_12753_	7
678	-2.5762	rst_dtcm	741
678	-2.5762	_12753_	7
679	-2.5762	rst_dtcm	741
679	-2.5762	_12753_	7
680	-2.5762	rst_dtcm	741
680	-2.5762	_12753_	7
681	-2.5762	rst_dtcm	741
681	-2.5762	_12753_	7
682	-2.5762	rst_dtcm	741
682	-2.5762	_12753_	7
683	-2.5762	rst_dtcm	741
683	-2.5762	_12753_	7
684	-2.5762	rst_dtcm	741
684	-2.5762	_12753_	7
685	-2.5762	rst_dtcm	741
685	-2.5762	_12753_	7
686	-2.5762	rst_dtcm	741
686	-2.5762	_12753_	7
687	-2.5762	rst_dtcm	741
687	-2.5762	_12753_	7
688	-2.5762	rst_dtcm	741
688	-2.5762	_12753_	7
689	-2.5762	rst_dtcm	741
689	-2.5762	_12753_	7
690	-2.5762	rst_dtcm	741
690	-2.5762	_12753_	7
691	-2.5762	rst_dtcm	741
691	-2.5762	_12753_	7
692	-2.5762	rst_dtcm	741
692	-2.5762	_12753_	7
693	-2.5762	rst_dtcm	741
693	-2.5762	_12753_	7
694	-2.5762	rst_dtcm	741
694	-2.5762	_12753_	7
695	-2.5762	rst_dtcm	741
695	-2.5762	_12753_	7
696	-2.5762	rst_dtcm	741
696	-2.5762	_12753_	7
697	-2.5762	rst_dtcm	741
697	-2.5762	_12753_	7
698	-2.5762	rst_dtcm	741
698	-2.5762	_12753_	7
699	-2.5762	rst_dtcm	741
699	-2.5762	_12753_	7
700	-2.5762	rst_dtcm	741
700	-2.5762	_12753_	7
701	-2.5762	rst_dtcm	741
701	-2.5762	_12753_	7
702	-2.5762	rst_dtcm	741
702	-2.5762	_12753_	7
703	-2.5762	rst_dtcm	741
703	-2.5762	_12753_	7
704	-2.5762	rst_dtcm	741
704	-2.5762	_12753_	7
705	-2.5762	rst_dtcm	741
705	-2.5762	_12753_	7
706	-2.5762	rst_dtcm	741
706	-2.5762	_12753_	7
707	-2.5762	rst_dtcm	741
707	-2.5762	_12753_	7
708	-2.5762	rst_dtcm	741
708	-2.5762	_12753_	7
709	-2.5762	rst_dtcm	741
709	-2.5762	_12753_	7
710	-2.5762	rst_dtcm	741
710	-2.5762	_12753_	7
711	-2.5762	rst_dtcm	741
711	-2.5762	_12753_	7
712	-2.5762	rst_dtcm	741
712	-2.5762	_12753_	7
713	-2.5762	rst_dtcm	741
713	-2.5762	_12753_	7
714	-2.5762	rst_dtcm	741
714	-2.5762	_12753_	7
715	-2.5762	rst_dtcm	741
715	-2.5762	_12753_	7
716	-2.5762	rst_dtcm	741
716	-2.5762	_12753_	7
717	-2.5762	rst_dtcm	741
717	-2.5762	_12753_	7
718	-2.5762	rst_dtcm	741
718	-2.5762	_12753_	7
719	-2.5762	rst_dtcm	741
719	-2.5762	_12753_	7
720	-2.5762	rst_dtcm	741
720	-2.5762	_12753_	7
721	-2.5762	rst_dtcm	741
721	-2.5762	_12753_	7
722	-2.5762	rst_dtcm	741
722	-2.5762	_12753_	7
723	-2.5762	rst_dtcm	741
723	-2.5762	_12753_	7
724	-2.5762	rst_dtcm	741
724	-2.5762	_12753_	7
725	-2.5762	rst_dtcm	741
725	-2.5762	_12753_	7
726	-2.5762	rst_dtcm	741
726	-2.5762	_12753_	7
727	-2.5762	rst_dtcm	741
727	-2.5762	_12753_	7
728	-2.5762	rst_dtcm	741
728	-2.5762	_12753_	7
729	-2.5762	rst_dtcm	741
729	-2.5762	_12753_	7
730	-2.5762	rst_dtcm	741
730	-2.5762	_12753_	7
731	-2.5762	rst_dtcm	741
731	-2.5762	_12753_	7
732	-2.5762	rst_dtcm	741
732	-2.5762	_12753_	7
733	-1.7450	ext2itcm_icb_cmd_ready	0
733	-1.7450	_08396_	10
733	-1.7450	_07442_	10
733	-1.7450	_07441_	7
733	-1.7450	_06135_	5
733	-1.7450	_06121_	7
733	-1.7450	_06120_	3
733	-1.7450	_06005_	10
733	-1.7450	_05599_	2
733	-1.7450	_05598_	2
733	-1.7450	_05595_	5
733	-1.7450	_05547_	2
733	-1.7450	_05016_	2
733	-1.7450	_05015_	1
733	-1.7450	_05014_	10
733	-1.7450	_04809_	2
733	-1.7450	_04808_	2
733	-1.7450	_04545_	2
733	-1.7450	_04437_	4
733	-1.7450	_04436_	3
733	-1.7450	_04433_	2
733	-1.7450	_04432_	3
733	-1.7450	_00166_	3
733	-1.7450	_00165_	2
733	-1.7450	u_e203_cpu.u_e203_core.u_e203_exu.u_e203_exu_alu.u_e203_exu_alu_dpath.adder_in1[0]	1
733	-1.7450	_14911_	10
733	-1.7450	_14846_	7
733	-1.7450	_14845_	10
733	-1.7450	_14844_	2
733	-1.7450	_14842_	1
733	-1.7450	_14840_	1
733	-1.7450	_14839_	1
733	-1.7450	_14789_	4
733	-1.7450	_14786_	1
733	-1.7450	_14780_	7
733	-1.7450	_14492_	10
733	-1.7450	_14491_	10
733	-1.7450	_14490_	4
733	-1.7450	_14404_	10
733	-1.7450	_13821_	3
733	-1.7450	_13403_	3
733	-1.7450	_13370_	4
733	-1.7450	_13369_	10
734	-1.7102	rst_dtcm	741
734	-1.7102	_12753_	7
735	-1.7102	rst_dtcm	741
735	-1.7102	_12753_	7
736	-1.7102	rst_dtcm	741
736	-1.7102	_12753_	7
737	-1.7102	rst_dtcm	741
737	-1.7102	_12753_	7
738	-1.7102	rst_dtcm	741
738	-1.7102	_12753_	7
739	-1.7102	rst_dtcm	741
739	-1.7102	_12753_	7
740	-1.7102	rst_dtcm	741
740	-1.7102	_12753_	7
741	-1.7102	rst_dtcm	741
741	-1.7102	_12753_	7
742	-1.7102	rst_dtcm	741
742	-1.7102	_12753_	7
743	-1.6899	ext2dtcm_icb_cmd_ready	0
743	-1.6899	_06468_	10
743	-1.6899	_06137_	2
743	-1.6899	_06136_	1
743	-1.6899	_06135_	5
743	-1.6899	_06121_	7
743	-1.6899	_06120_	3
743	-1.6899	_06005_	10
743	-1.6899	_05599_	2
743	-1.6899	_05598_	2
743	-1.6899	_05595_	5
743	-1.6899	_05547_	2
743	-1.6899	_05016_	2
743	-1.6899	_05015_	1
743	-1.6899	_05014_	10
743	-1.6899	_04809_	2
743	-1.6899	_04808_	2
743	-1.6899	_04545_	2
743	-1.6899	_04437_	4
743	-1.6899	_04436_	3
743	-1.6899	_04433_	2
743	-1.6899	_04432_	3
743	-1.6899	_00166_	3
743	-1.6899	_00165_	2
743	-1.6899	u_e203_cpu.u_e203_core.u_e203_exu.u_e203_exu_alu.u_e203_exu_alu_dpath.adder_in1[0]	1
743	-1.6899	_14911_	10
743	-1.6899	_14846_	7
743	-1.6899	_14845_	10
743	-1.6899	_14844_	2
743	-1.6899	_14842_	1
743	-1.6899	_14840_	1
743	-1.6899	_14839_	1
743	-1.6899	_14789_	4
743	-1.6899	_14786_	1
743	-1.6899	_14780_	7
743	-1.6899	_14492_	10
743	-1.6899	_14491_	10
743	-1.6899	_14490_	4
743	-1.6899	_14404_	10
743	-1.6899	_13821_	3
743	-1.6899	_13403_	3
743	-1.6899	_13370_	4
743	-1.6899	_13369_	10
744	-1.5945	cmt_dcause_ena	0
744	-1.5945	_12790_	1
744	-1.5945	_10527_	10
744	-1.5945	_08001_	10
744	-1.5945	_07564_	7
744	-1.5945	_05025_	3
744	-1.5945	_04744_	3
744	-1.5945	_04741_	2
744	-1.5945	_04740_	2
744	-1.5945	_04737_	1
744	-1.5945	_04418_	9
744	-1.5945	_04417_	1
744	-1.5945	_04416_	3
744	-1.5945	_04408_	3
744	-1.5945	_04407_	6
744	-1.5945	_04401_	4
744	-1.5945	_04397_	4
744	-1.5945	_04395_	2
744	-1.5945	_04390_	2
744	-1.5945	_00165_	2
744	-1.5945	u_e203_cpu.u_e203_core.u_e203_exu.u_e203_exu_alu.u_e203_exu_alu_dpath.adder_in1[0]	1
744	-1.5945	_14911_	10
744	-1.5945	_14846_	7
744	-1.5945	_14845_	10
744	-1.5945	_14844_	2
744	-1.5945	_14842_	1
744	-1.5945	_14840_	1
744	-1.5945	_14839_	1
744	-1.5945	_14789_	4
744	-1.5945	_14786_	1
744	-1.5945	_14780_	7
744	-1.5945	_14492_	10
744	-1.5945	_14491_	10
744	-1.5945	_14490_	4
744	-1.5945	_14404_	10
744	-1.5945	_13821_	3
744	-1.5945	_13403_	3
744	-1.5945	_13370_	4
744	-1.5945	_13369_	10
745	-1.4578	cmt_dcause[2]	0
745	-1.4578	_12794_	1
745	-1.4578	_05026_	2
745	-1.4578	_05025_	3
745	-1.4578	_04744_	3
745	-1.4578	_04741_	2
745	-1.4578	_04740_	2
745	-1.4578	_04738_	1
745	-1.4578	_04602_	2
745	-1.4578	_04593_	3
745	-1.4578	_04416_	3
745	-1.4578	_04408_	3
745	-1.4578	_04407_	6
745	-1.4578	_04401_	4
745	-1.4578	_04397_	4
745	-1.4578	_04395_	2
745	-1.4578	_04390_	2
745	-1.4578	_00165_	2
745	-1.4578	u_e203_cpu.u_e203_core.u_e203_exu.u_e203_exu_alu.u_e203_exu_alu_dpath.adder_in1[0]	1
745	-1.4578	_14911_	10
745	-1.4578	_14846_	7
745	-1.4578	_14845_	10
745	-1.4578	_14844_	2
745	-1.4578	_14842_	1
745	-1.4578	_14840_	1
745	-1.4578	_14839_	1
745	-1.4578	_14789_	4
745	-1.4578	_14786_	1
745	-1.4578	_14780_	7
745	-1.4578	_14492_	10
745	-1.4578	_14491_	10
745	-1.4578	_14490_	4
745	-1.4578	_14404_	10
745	-1.4578	_13821_	3
745	-1.4578	_13403_	3
745	-1.4578	_13370_	4
745	-1.4578	_13369_	10
746	-1.4521	cmt_dcause[0]	0
746	-1.4521	_05027_	1
746	-1.4521	_05025_	3
746	-1.4521	_04744_	3
746	-1.4521	_04741_	2
746	-1.4521	_04740_	2
746	-1.4521	_04738_	1
746	-1.4521	_04602_	2
746	-1.4521	_04593_	3
746	-1.4521	_04416_	3
746	-1.4521	_04408_	3
746	-1.4521	_04407_	6
746	-1.4521	_04401_	4
746	-1.4521	_04397_	4
746	-1.4521	_04395_	2
746	-1.4521	_04390_	2
746	-1.4521	_00165_	2
746	-1.4521	u_e203_cpu.u_e203_core.u_e203_exu.u_e203_exu_alu.u_e203_exu_alu_dpath.adder_in1[0]	1
746	-1.4521	_14911_	10
746	-1.4521	_14846_	7
746	-1.4521	_14845_	10
746	-1.4521	_14844_	2
746	-1.4521	_14842_	1
746	-1.4521	_14840_	1
746	-1.4521	_14839_	1
746	-1.4521	_14789_	4
746	-1.4521	_14786_	1
746	-1.4521	_14780_	7
746	-1.4521	_14492_	10
746	-1.4521	_14491_	10
746	-1.4521	_14490_	4
746	-1.4521	_14404_	10
746	-1.4521	_13821_	3
746	-1.4521	_13403_	3
746	-1.4521	_13370_	4
746	-1.4521	_13369_	10
747	-1.4376	cmt_dcause[1]	0
747	-1.4376	_05026_	2
747	-1.4376	_05025_	3
747	-1.4376	_04744_	3
747	-1.4376	_04741_	2
747	-1.4376	_04740_	2
747	-1.4376	_04738_	1
747	-1.4376	_04602_	2
747	-1.4376	_04593_	3
747	-1.4376	_04416_	3
747	-1.4376	_04408_	3
747	-1.4376	_04407_	6
747	-1.4376	_04401_	4
747	-1.4376	_04397_	4
747	-1.4376	_04395_	2
747	-1.4376	_04390_	2
747	-1.4376	_00165_	2
747	-1.4376	u_e203_cpu.u_e203_core.u_e203_exu.u_e203_exu_alu.u_e203_exu_alu_dpath.adder_in1[0]	1
747	-1.4376	_14911_	10
747	-1.4376	_14846_	7
747	-1.4376	_14845_	10
747	-1.4376	_14844_	2
747	-1.4376	_14842_	1
747	-1.4376	_14840_	1
747	-1.4376	_14839_	1
747	-1.4376	_14789_	4
747	-1.4376	_14786_	1
747	-1.4376	_14780_	7
747	-1.4376	_14492_	10
747	-1.4376	_14491_	10
747	-1.4376	_14490_	4
747	-1.4376	_14404_	10
747	-1.4376	_13821_	3
747	-1.4376	_13403_	3
747	-1.4376	_13370_	4
747	-1.4376	_13369_	10
748	-1.4339	core_wfi	1
748	-1.4339	_07624_	2
748	-1.4339	_07623_	2
748	-1.4339	_07622_	2
748	-1.4339	_04732_	3
748	-1.4339	_04731_	1
748	-1.4339	_04603_	1
748	-1.4339	_04602_	2
748	-1.4339	_04593_	3
748	-1.4339	_04416_	3
748	-1.4339	_04408_	3
748	-1.4339	_04407_	6
748	-1.4339	_04401_	4
748	-1.4339	_04397_	4
748	-1.4339	_04395_	2
748	-1.4339	_04390_	2
748	-1.4339	_00165_	2
748	-1.4339	u_e203_cpu.u_e203_core.u_e203_exu.u_e203_exu_alu.u_e203_exu_alu_dpath.adder_in1[0]	1
748	-1.4339	_14911_	10
748	-1.4339	_14846_	7
748	-1.4339	_14845_	10
748	-1.4339	_14844_	2
748	-1.4339	_14842_	1
748	-1.4339	_14840_	1
748	-1.4339	_14839_	1
748	-1.4339	_14789_	4
748	-1.4339	_14786_	1
748	-1.4339	_14780_	7
748	-1.4339	_14492_	10
748	-1.4339	_14491_	10
748	-1.4339	_14490_	4
748	-1.4339	_14404_	10
748	-1.4339	_13821_	3
748	-1.4339	_13403_	3
748	-1.4339	_13370_	4
748	-1.4339	_13369_	10
749	-1.3561	cmt_dpc_ena	5
749	-1.3561	_04733_	4
749	-1.3561	_04732_	3
749	-1.3561	_04731_	1
749	-1.3561	_04603_	1
749	-1.3561	_04602_	2
749	-1.3561	_04593_	3
749	-1.3561	_04416_	3
749	-1.3561	_04408_	3
749	-1.3561	_04407_	6
749	-1.3561	_04401_	4
749	-1.3561	_04397_	4
749	-1.3561	_04395_	2
749	-1.3561	_04390_	2
749	-1.3561	_00165_	2
749	-1.3561	u_e203_cpu.u_e203_core.u_e203_exu.u_e203_exu_alu.u_e203_exu_alu_dpath.adder_in1[0]	1
749	-1.3561	_14911_	10
749	-1.3561	_14846_	7
749	-1.3561	_14845_	10
749	-1.3561	_14844_	2
749	-1.3561	_14842_	1
749	-1.3561	_14840_	1
749	-1.3561	_14839_	1
749	-1.3561	_14789_	4
749	-1.3561	_14786_	1
749	-1.3561	_14780_	7
749	-1.3561	_14492_	10
749	-1.3561	_14491_	10
749	-1.3561	_14490_	4
749	-1.3561	_14404_	10
749	-1.3561	_13821_	3
749	-1.3561	_13403_	3
749	-1.3561	_13370_	4
749	-1.3561	_13369_	10
750	-1.1869	_00845_	1
750	-1.1869	_08641_	10
750	-1.1869	_08632_	6
750	-1.1869	_08630_	9
750	-1.1869	_08629_	1
750	-1.1869	_08363_	9
750	-1.1869	_08362_	1
750	-1.1869	_08354_	1
750	-1.1869	_08258_	5
750	-1.1869	_08205_	2
750	-1.1869	_08166_	3
750	-1.1869	_08007_	10
750	-1.1869	_07670_	6
750	-1.1869	_07573_	9
750	-1.1869	_07571_	1
750	-1.1869	_04744_	3
750	-1.1869	_04741_	2
750	-1.1869	_04740_	2
750	-1.1869	_04738_	1
750	-1.1869	_04602_	2
750	-1.1869	_04593_	3
750	-1.1869	_04416_	3
750	-1.1869	_04408_	3
750	-1.1869	_04407_	6
750	-1.1869	_04401_	4
750	-1.1869	_04397_	4
750	-1.1869	_04395_	2
750	-1.1869	_04390_	2
750	-1.1869	_00165_	2
750	-1.1869	u_e203_cpu.u_e203_core.u_e203_exu.u_e203_exu_alu.u_e203_exu_alu_dpath.adder_in1[0]	1
750	-1.1869	_14911_	10
750	-1.1869	_14846_	7
750	-1.1869	_14845_	10
750	-1.1869	_14844_	2
750	-1.1869	_14842_	1
750	-1.1869	_14840_	1
750	-1.1869	_14839_	1
750	-1.1869	_14789_	4
750	-1.1869	_14786_	1
750	-1.1869	_14780_	7
750	-1.1869	_14492_	10
750	-1.1869	_14491_	10
750	-1.1869	_14490_	4
750	-1.1869	_14404_	10
750	-1.1869	_13821_	3
750	-1.1869	_13403_	3
750	-1.1869	_13370_	4
750	-1.1869	_13369_	10
751	-1.1869	_00844_	1
751	-1.1869	_08641_	10
751	-1.1869	_08632_	6
751	-1.1869	_08630_	9
751	-1.1869	_08629_	1
751	-1.1869	_08363_	9
751	-1.1869	_08362_	1
751	-1.1869	_08354_	1
751	-1.1869	_08258_	5
751	-1.1869	_08205_	2
751	-1.1869	_08166_	3
751	-1.1869	_08007_	10
751	-1.1869	_07670_	6
751	-1.1869	_07573_	9
751	-1.1869	_07571_	1
751	-1.1869	_04744_	3
751	-1.1869	_04741_	2
751	-1.1869	_04740_	2
751	-1.1869	_04738_	1
751	-1.1869	_04602_	2
751	-1.1869	_04593_	3
751	-1.1869	_04416_	3
751	-1.1869	_04408_	3
751	-1.1869	_04407_	6
751	-1.1869	_04401_	4
751	-1.1869	_04397_	4
751	-1.1869	_04395_	2
751	-1.1869	_04390_	2
751	-1.1869	_00165_	2
751	-1.1869	u_e203_cpu.u_e203_core.u_e203_exu.u_e203_exu_alu.u_e203_exu_alu_dpath.adder_in1[0]	1
751	-1.1869	_14911_	10
751	-1.1869	_14846_	7
751	-1.1869	_14845_	10
751	-1.1869	_14844_	2
751	-1.1869	_14842_	1
751	-1.1869	_14840_	1
751	-1.1869	_14839_	1
751	-1.1869	_14789_	4
751	-1.1869	_14786_	1
751	-1.1869	_14780_	7
751	-1.1869	_14492_	10
751	-1.1869	_14491_	10
751	-1.1869	_14490_	4
751	-1.1869	_14404_	10
751	-1.1869	_13821_	3
751	-1.1869	_13403_	3
751	-1.1869	_13370_	4
751	-1.1869	_13369_	10
752	-1.1869	_00843_	1
752	-1.1869	_08634_	10
752	-1.1869	_08632_	6
752	-1.1869	_08630_	9
752	-1.1869	_08629_	1
752	-1.1869	_08363_	9
752	-1.1869	_08362_	1
752	-1.1869	_08354_	1
752	-1.1869	_08258_	5
752	-1.1869	_08205_	2
752	-1.1869	_08166_	3
752	-1.1869	_08007_	10
752	-1.1869	_07670_	6
752	-1.1869	_07573_	9
752	-1.1869	_07571_	1
752	-1.1869	_04744_	3
752	-1.1869	_04741_	2
752	-1.1869	_04740_	2
752	-1.1869	_04738_	1
752	-1.1869	_04602_	2
752	-1.1869	_04593_	3
752	-1.1869	_04416_	3
752	-1.1869	_04408_	3
752	-1.1869	_04407_	6
752	-1.1869	_04401_	4
752	-1.1869	_04397_	4
752	-1.1869	_04395_	2
752	-1.1869	_04390_	2
752	-1.1869	_00165_	2
752	-1.1869	u_e203_cpu.u_e203_core.u_e203_exu.u_e203_exu_alu.u_e203_exu_alu_dpath.adder_in1[0]	1
752	-1.1869	_14911_	10
752	-1.1869	_14846_	7
752	-1.1869	_14845_	10
752	-1.1869	_14844_	2
752	-1.1869	_14842_	1
752	-1.1869	_14840_	1
752	-1.1869	_14839_	1
752	-1.1869	_14789_	4
752	-1.1869	_14786_	1
752	-1.1869	_14780_	7
752	-1.1869	_14492_	10
752	-1.1869	_14491_	10
752	-1.1869	_14490_	4
752	-1.1869	_14404_	10
752	-1.1869	_13821_	3
752	-1.1869	_13403_	3
752	-1.1869	_13370_	4
752	-1.1869	_13369_	10
753	-1.1869	_00842_	1
753	-1.1869	_08634_	10
753	-1.1869	_08632_	6
753	-1.1869	_08630_	9
753	-1.1869	_08629_	1
753	-1.1869	_08363_	9
753	-1.1869	_08362_	1
753	-1.1869	_08354_	1
753	-1.1869	_08258_	5
753	-1.1869	_08205_	2
753	-1.1869	_08166_	3
753	-1.1869	_08007_	10
753	-1.1869	_07670_	6
753	-1.1869	_07573_	9
753	-1.1869	_07571_	1
753	-1.1869	_04744_	3
753	-1.1869	_04741_	2
753	-1.1869	_04740_	2
753	-1.1869	_04738_	1
753	-1.1869	_04602_	2
753	-1.1869	_04593_	3
753	-1.1869	_04416_	3
753	-1.1869	_04408_	3
753	-1.1869	_04407_	6
753	-1.1869	_04401_	4
753	-1.1869	_04397_	4
753	-1.1869	_04395_	2
753	-1.1869	_04390_	2
753	-1.1869	_00165_	2
753	-1.1869	u_e203_cpu.u_e203_core.u_e203_exu.u_e203_exu_alu.u_e203_exu_alu_dpath.adder_in1[0]	1
753	-1.1869	_14911_	10
753	-1.1869	_14846_	7
753	-1.1869	_14845_	10
753	-1.1869	_14844_	2
753	-1.1869	_14842_	1
753	-1.1869	_14840_	1
753	-1.1869	_14839_	1
753	-1.1869	_14789_	4
753	-1.1869	_14786_	1
753	-1.1869	_14780_	7
753	-1.1869	_14492_	10
753	-1.1869	_14491_	10
753	-1.1869	_14490_	4
753	-1.1869	_14404_	10
753	-1.1869	_13821_	3
753	-1.1869	_13403_	3
753	-1.1869	_13370_	4
753	-1.1869	_13369_	10
754	-1.1869	_00841_	1
754	-1.1869	_08634_	10
754	-1.1869	_08632_	6
754	-1.1869	_08630_	9
754	-1.1869	_08629_	1
754	-1.1869	_08363_	9
754	-1.1869	_08362_	1
754	-1.1869	_08354_	1
754	-1.1869	_08258_	5
754	-1.1869	_08205_	2
754	-1.1869	_08166_	3
754	-1.1869	_08007_	10
754	-1.1869	_07670_	6
754	-1.1869	_07573_	9
754	-1.1869	_07571_	1
754	-1.1869	_04744_	3
754	-1.1869	_04741_	2
754	-1.1869	_04740_	2
754	-1.1869	_04738_	1
754	-1.1869	_04602_	2
754	-1.1869	_04593_	3
754	-1.1869	_04416_	3
754	-1.1869	_04408_	3
754	-1.1869	_04407_	6
754	-1.1869	_04401_	4
754	-1.1869	_04397_	4
754	-1.1869	_04395_	2
754	-1.1869	_04390_	2
754	-1.1869	_00165_	2
754	-1.1869	u_e203_cpu.u_e203_core.u_e203_exu.u_e203_exu_alu.u_e203_exu_alu_dpath.adder_in1[0]	1
754	-1.1869	_14911_	10
754	-1.1869	_14846_	7
754	-1.1869	_14845_	10
754	-1.1869	_14844_	2
754	-1.1869	_14842_	1
754	-1.1869	_14840_	1
754	-1.1869	_14839_	1
754	-1.1869	_14789_	4
754	-1.1869	_14786_	1
754	-1.1869	_14780_	7
754	-1.1869	_14492_	10
754	-1.1869	_14491_	10
754	-1.1869	_14490_	4
754	-1.1869	_14404_	10
754	-1.1869	_13821_	3
754	-1.1869	_13403_	3
754	-1.1869	_13370_	4
754	-1.1869	_13369_	10
755	-1.1869	_00840_	1
755	-1.1869	_08634_	10
755	-1.1869	_08632_	6
755	-1.1869	_08630_	9
755	-1.1869	_08629_	1
755	-1.1869	_08363_	9
755	-1.1869	_08362_	1
755	-1.1869	_08354_	1
755	-1.1869	_08258_	5
755	-1.1869	_08205_	2
755	-1.1869	_08166_	3
755	-1.1869	_08007_	10
755	-1.1869	_07670_	6
755	-1.1869	_07573_	9
755	-1.1869	_07571_	1
755	-1.1869	_04744_	3
755	-1.1869	_04741_	2
755	-1.1869	_04740_	2
755	-1.1869	_04738_	1
755	-1.1869	_04602_	2
755	-1.1869	_04593_	3
755	-1.1869	_04416_	3
755	-1.1869	_04408_	3
755	-1.1869	_04407_	6
755	-1.1869	_04401_	4
755	-1.1869	_04397_	4
755	-1.1869	_04395_	2
755	-1.1869	_04390_	2
755	-1.1869	_00165_	2
755	-1.1869	u_e203_cpu.u_e203_core.u_e203_exu.u_e203_exu_alu.u_e203_exu_alu_dpath.adder_in1[0]	1
755	-1.1869	_14911_	10
755	-1.1869	_14846_	7
755	-1.1869	_14845_	10
755	-1.1869	_14844_	2
755	-1.1869	_14842_	1
755	-1.1869	_14840_	1
755	-1.1869	_14839_	1
755	-1.1869	_14789_	4
755	-1.1869	_14786_	1
755	-1.1869	_14780_	7
755	-1.1869	_14492_	10
755	-1.1869	_14491_	10
755	-1.1869	_14490_	4
755	-1.1869	_14404_	10
755	-1.1869	_13821_	3
755	-1.1869	_13403_	3
755	-1.1869	_13370_	4
755	-1.1869	_13369_	10
756	-1.1869	_00839_	1
756	-1.1869	_08634_	10
756	-1.1869	_08632_	6
756	-1.1869	_08630_	9
756	-1.1869	_08629_	1
756	-1.1869	_08363_	9
756	-1.1869	_08362_	1
756	-1.1869	_08354_	1
756	-1.1869	_08258_	5
756	-1.1869	_08205_	2
756	-1.1869	_08166_	3
756	-1.1869	_08007_	10
756	-1.1869	_07670_	6
756	-1.1869	_07573_	9
756	-1.1869	_07571_	1
756	-1.1869	_04744_	3
756	-1.1869	_04741_	2
756	-1.1869	_04740_	2
756	-1.1869	_04738_	1
756	-1.1869	_04602_	2
756	-1.1869	_04593_	3
756	-1.1869	_04416_	3
756	-1.1869	_04408_	3
756	-1.1869	_04407_	6
756	-1.1869	_04401_	4
756	-1.1869	_04397_	4
756	-1.1869	_04395_	2
756	-1.1869	_04390_	2
756	-1.1869	_00165_	2
756	-1.1869	u_e203_cpu.u_e203_core.u_e203_exu.u_e203_exu_alu.u_e203_exu_alu_dpath.adder_in1[0]	1
756	-1.1869	_14911_	10
756	-1.1869	_14846_	7
756	-1.1869	_14845_	10
756	-1.1869	_14844_	2
756	-1.1869	_14842_	1
756	-1.1869	_14840_	1
756	-1.1869	_14839_	1
756	-1.1869	_14789_	4
756	-1.1869	_14786_	1
756	-1.1869	_14780_	7
756	-1.1869	_14492_	10
756	-1.1869	_14491_	10
756	-1.1869	_14490_	4
756	-1.1869	_14404_	10
756	-1.1869	_13821_	3
756	-1.1869	_13403_	3
756	-1.1869	_13370_	4
756	-1.1869	_13369_	10
757	-1.1869	_00838_	1
757	-1.1869	_08634_	10
757	-1.1869	_08632_	6
757	-1.1869	_08630_	9
757	-1.1869	_08629_	1
757	-1.1869	_08363_	9
757	-1.1869	_08362_	1
757	-1.1869	_08354_	1
757	-1.1869	_08258_	5
757	-1.1869	_08205_	2
757	-1.1869	_08166_	3
757	-1.1869	_08007_	10
757	-1.1869	_07670_	6
757	-1.1869	_07573_	9
757	-1.1869	_07571_	1
757	-1.1869	_04744_	3
757	-1.1869	_04741_	2
757	-1.1869	_04740_	2
757	-1.1869	_04738_	1
757	-1.1869	_04602_	2
757	-1.1869	_04593_	3
757	-1.1869	_04416_	3
757	-1.1869	_04408_	3
757	-1.1869	_04407_	6
757	-1.1869	_04401_	4
757	-1.1869	_04397_	4
757	-1.1869	_04395_	2
757	-1.1869	_04390_	2
757	-1.1869	_00165_	2
757	-1.1869	u_e203_cpu.u_e203_core.u_e203_exu.u_e203_exu_alu.u_e203_exu_alu_dpath.adder_in1[0]	1
757	-1.1869	_14911_	10
757	-1.1869	_14846_	7
757	-1.1869	_14845_	10
757	-1.1869	_14844_	2
757	-1.1869	_14842_	1
757	-1.1869	_14840_	1
757	-1.1869	_14839_	1
757	-1.1869	_14789_	4
757	-1.1869	_14786_	1
757	-1.1869	_14780_	7
757	-1.1869	_14492_	10
757	-1.1869	_14491_	10
757	-1.1869	_14490_	4
757	-1.1869	_14404_	10
757	-1.1869	_13821_	3
757	-1.1869	_13403_	3
757	-1.1869	_13370_	4
757	-1.1869	_13369_	10
758	-1.1869	_00837_	1
758	-1.1869	_08634_	10
758	-1.1869	_08632_	6
758	-1.1869	_08630_	9
758	-1.1869	_08629_	1
758	-1.1869	_08363_	9
758	-1.1869	_08362_	1
758	-1.1869	_08354_	1
758	-1.1869	_08258_	5
758	-1.1869	_08205_	2
758	-1.1869	_08166_	3
758	-1.1869	_08007_	10
758	-1.1869	_07670_	6
758	-1.1869	_07573_	9
758	-1.1869	_07571_	1
758	-1.1869	_04744_	3
758	-1.1869	_04741_	2
758	-1.1869	_04740_	2
758	-1.1869	_04738_	1
758	-1.1869	_04602_	2
758	-1.1869	_04593_	3
758	-1.1869	_04416_	3
758	-1.1869	_04408_	3
758	-1.1869	_04407_	6
758	-1.1869	_04401_	4
758	-1.1869	_04397_	4
758	-1.1869	_04395_	2
758	-1.1869	_04390_	2
758	-1.1869	_00165_	2
758	-1.1869	u_e203_cpu.u_e203_core.u_e203_exu.u_e203_exu_alu.u_e203_exu_alu_dpath.adder_in1[0]	1
758	-1.1869	_14911_	10
758	-1.1869	_14846_	7
758	-1.1869	_14845_	10
758	-1.1869	_14844_	2
758	-1.1869	_14842_	1
758	-1.1869	_14840_	1
758	-1.1869	_14839_	1
758	-1.1869	_14789_	4
758	-1.1869	_14786_	1
758	-1.1869	_14780_	7
758	-1.1869	_14492_	10
758	-1.1869	_14491_	10
758	-1.1869	_14490_	4
758	-1.1869	_14404_	10
758	-1.1869	_13821_	3
758	-1.1869	_13403_	3
758	-1.1869	_13370_	4
758	-1.1869	_13369_	10
759	-1.1869	_00836_	1
759	-1.1869	_08634_	10
759	-1.1869	_08632_	6
759	-1.1869	_08630_	9
759	-1.1869	_08629_	1
759	-1.1869	_08363_	9
759	-1.1869	_08362_	1
759	-1.1869	_08354_	1
759	-1.1869	_08258_	5
759	-1.1869	_08205_	2
759	-1.1869	_08166_	3
759	-1.1869	_08007_	10
759	-1.1869	_07670_	6
759	-1.1869	_07573_	9
759	-1.1869	_07571_	1
759	-1.1869	_04744_	3
759	-1.1869	_04741_	2
759	-1.1869	_04740_	2
759	-1.1869	_04738_	1
759	-1.1869	_04602_	2
759	-1.1869	_04593_	3
759	-1.1869	_04416_	3
759	-1.1869	_04408_	3
759	-1.1869	_04407_	6
759	-1.1869	_04401_	4
759	-1.1869	_04397_	4
759	-1.1869	_04395_	2
759	-1.1869	_04390_	2
759	-1.1869	_00165_	2
759	-1.1869	u_e203_cpu.u_e203_core.u_e203_exu.u_e203_exu_alu.u_e203_exu_alu_dpath.adder_in1[0]	1
759	-1.1869	_14911_	10
759	-1.1869	_14846_	7
759	-1.1869	_14845_	10
759	-1.1869	_14844_	2
759	-1.1869	_14842_	1
759	-1.1869	_14840_	1
759	-1.1869	_14839_	1
759	-1.1869	_14789_	4
759	-1.1869	_14786_	1
759	-1.1869	_14780_	7
759	-1.1869	_14492_	10
759	-1.1869	_14491_	10
759	-1.1869	_14490_	4
759	-1.1869	_14404_	10
759	-1.1869	_13821_	3
759	-1.1869	_13403_	3
759	-1.1869	_13370_	4
759	-1.1869	_13369_	10
760	-1.1869	_00835_	1
760	-1.1869	_08634_	10
760	-1.1869	_08632_	6
760	-1.1869	_08630_	9
760	-1.1869	_08629_	1
760	-1.1869	_08363_	9
760	-1.1869	_08362_	1
760	-1.1869	_08354_	1
760	-1.1869	_08258_	5
760	-1.1869	_08205_	2
760	-1.1869	_08166_	3
760	-1.1869	_08007_	10
760	-1.1869	_07670_	6
760	-1.1869	_07573_	9
760	-1.1869	_07571_	1
760	-1.1869	_04744_	3
760	-1.1869	_04741_	2
760	-1.1869	_04740_	2
760	-1.1869	_04738_	1
760	-1.1869	_04602_	2
760	-1.1869	_04593_	3
760	-1.1869	_04416_	3
760	-1.1869	_04408_	3
760	-1.1869	_04407_	6
760	-1.1869	_04401_	4
760	-1.1869	_04397_	4
760	-1.1869	_04395_	2
760	-1.1869	_04390_	2
760	-1.1869	_00165_	2
760	-1.1869	u_e203_cpu.u_e203_core.u_e203_exu.u_e203_exu_alu.u_e203_exu_alu_dpath.adder_in1[0]	1
760	-1.1869	_14911_	10
760	-1.1869	_14846_	7
760	-1.1869	_14845_	10
760	-1.1869	_14844_	2
760	-1.1869	_14842_	1
760	-1.1869	_14840_	1
760	-1.1869	_14839_	1
760	-1.1869	_14789_	4
760	-1.1869	_14786_	1
760	-1.1869	_14780_	7
760	-1.1869	_14492_	10
760	-1.1869	_14491_	10
760	-1.1869	_14490_	4
760	-1.1869	_14404_	10
760	-1.1869	_13821_	3
760	-1.1869	_13403_	3
760	-1.1869	_13370_	4
760	-1.1869	_13369_	10
761	-1.1869	_00834_	1
761	-1.1869	_08634_	10
761	-1.1869	_08632_	6
761	-1.1869	_08630_	9
761	-1.1869	_08629_	1
761	-1.1869	_08363_	9
761	-1.1869	_08362_	1
761	-1.1869	_08354_	1
761	-1.1869	_08258_	5
761	-1.1869	_08205_	2
761	-1.1869	_08166_	3
761	-1.1869	_08007_	10
761	-1.1869	_07670_	6
761	-1.1869	_07573_	9
761	-1.1869	_07571_	1
761	-1.1869	_04744_	3
761	-1.1869	_04741_	2
761	-1.1869	_04740_	2
761	-1.1869	_04738_	1
761	-1.1869	_04602_	2
761	-1.1869	_04593_	3
761	-1.1869	_04416_	3
761	-1.1869	_04408_	3
761	-1.1869	_04407_	6
761	-1.1869	_04401_	4
761	-1.1869	_04397_	4
761	-1.1869	_04395_	2
761	-1.1869	_04390_	2
761	-1.1869	_00165_	2
761	-1.1869	u_e203_cpu.u_e203_core.u_e203_exu.u_e203_exu_alu.u_e203_exu_alu_dpath.adder_in1[0]	1
761	-1.1869	_14911_	10
761	-1.1869	_14846_	7
761	-1.1869	_14845_	10
761	-1.1869	_14844_	2
761	-1.1869	_14842_	1
761	-1.1869	_14840_	1
761	-1.1869	_14839_	1
761	-1.1869	_14789_	4
761	-1.1869	_14786_	1
761	-1.1869	_14780_	7
761	-1.1869	_14492_	10
761	-1.1869	_14491_	10
761	-1.1869	_14490_	4
761	-1.1869	_14404_	10
761	-1.1869	_13821_	3
761	-1.1869	_13403_	3
761	-1.1869	_13370_	4
761	-1.1869	_13369_	10
762	-1.1869	_00833_	1
762	-1.1869	_08633_	10
762	-1.1869	_08632_	6
762	-1.1869	_08630_	9
762	-1.1869	_08629_	1
762	-1.1869	_08363_	9
762	-1.1869	_08362_	1
762	-1.1869	_08354_	1
762	-1.1869	_08258_	5
762	-1.1869	_08205_	2
762	-1.1869	_08166_	3
762	-1.1869	_08007_	10
762	-1.1869	_07670_	6
762	-1.1869	_07573_	9
762	-1.1869	_07571_	1
762	-1.1869	_04744_	3
762	-1.1869	_04741_	2
762	-1.1869	_04740_	2
762	-1.1869	_04738_	1
762	-1.1869	_04602_	2
762	-1.1869	_04593_	3
762	-1.1869	_04416_	3
762	-1.1869	_04408_	3
762	-1.1869	_04407_	6
762	-1.1869	_04401_	4
762	-1.1869	_04397_	4
762	-1.1869	_04395_	2
762	-1.1869	_04390_	2
762	-1.1869	_00165_	2
762	-1.1869	u_e203_cpu.u_e203_core.u_e203_exu.u_e203_exu_alu.u_e203_exu_alu_dpath.adder_in1[0]	1
762	-1.1869	_14911_	10
762	-1.1869	_14846_	7
762	-1.1869	_14845_	10
762	-1.1869	_14844_	2
762	-1.1869	_14842_	1
762	-1.1869	_14840_	1
762	-1.1869	_14839_	1
762	-1.1869	_14789_	4
762	-1.1869	_14786_	1
762	-1.1869	_14780_	7
762	-1.1869	_14492_	10
762	-1.1869	_14491_	10
762	-1.1869	_14490_	4
762	-1.1869	_14404_	10
762	-1.1869	_13821_	3
762	-1.1869	_13403_	3
762	-1.1869	_13370_	4
762	-1.1869	_13369_	10
763	-1.1869	_00832_	1
763	-1.1869	_08633_	10
763	-1.1869	_08632_	6
763	-1.1869	_08630_	9
763	-1.1869	_08629_	1
763	-1.1869	_08363_	9
763	-1.1869	_08362_	1
763	-1.1869	_08354_	1
763	-1.1869	_08258_	5
763	-1.1869	_08205_	2
763	-1.1869	_08166_	3
763	-1.1869	_08007_	10
763	-1.1869	_07670_	6
763	-1.1869	_07573_	9
763	-1.1869	_07571_	1
763	-1.1869	_04744_	3
763	-1.1869	_04741_	2
763	-1.1869	_04740_	2
763	-1.1869	_04738_	1
763	-1.1869	_04602_	2
763	-1.1869	_04593_	3
763	-1.1869	_04416_	3
763	-1.1869	_04408_	3
763	-1.1869	_04407_	6
763	-1.1869	_04401_	4
763	-1.1869	_04397_	4
763	-1.1869	_04395_	2
763	-1.1869	_04390_	2
763	-1.1869	_00165_	2
763	-1.1869	u_e203_cpu.u_e203_core.u_e203_exu.u_e203_exu_alu.u_e203_exu_alu_dpath.adder_in1[0]	1
763	-1.1869	_14911_	10
763	-1.1869	_14846_	7
763	-1.1869	_14845_	10
763	-1.1869	_14844_	2
763	-1.1869	_14842_	1
763	-1.1869	_14840_	1
763	-1.1869	_14839_	1
763	-1.1869	_14789_	4
763	-1.1869	_14786_	1
763	-1.1869	_14780_	7
763	-1.1869	_14492_	10
763	-1.1869	_14491_	10
763	-1.1869	_14490_	4
763	-1.1869	_14404_	10
763	-1.1869	_13821_	3
763	-1.1869	_13403_	3
763	-1.1869	_13370_	4
763	-1.1869	_13369_	10
764	-1.1869	_00831_	1
764	-1.1869	_08633_	10
764	-1.1869	_08632_	6
764	-1.1869	_08630_	9
764	-1.1869	_08629_	1
764	-1.1869	_08363_	9
764	-1.1869	_08362_	1
764	-1.1869	_08354_	1
764	-1.1869	_08258_	5
764	-1.1869	_08205_	2
764	-1.1869	_08166_	3
764	-1.1869	_08007_	10
764	-1.1869	_07670_	6
764	-1.1869	_07573_	9
764	-1.1869	_07571_	1
764	-1.1869	_04744_	3
764	-1.1869	_04741_	2
764	-1.1869	_04740_	2
764	-1.1869	_04738_	1
764	-1.1869	_04602_	2
764	-1.1869	_04593_	3
764	-1.1869	_04416_	3
764	-1.1869	_04408_	3
764	-1.1869	_04407_	6
764	-1.1869	_04401_	4
764	-1.1869	_04397_	4
764	-1.1869	_04395_	2
764	-1.1869	_04390_	2
764	-1.1869	_00165_	2
764	-1.1869	u_e203_cpu.u_e203_core.u_e203_exu.u_e203_exu_alu.u_e203_exu_alu_dpath.adder_in1[0]	1
764	-1.1869	_14911_	10
764	-1.1869	_14846_	7
764	-1.1869	_14845_	10
764	-1.1869	_14844_	2
764	-1.1869	_14842_	1
764	-1.1869	_14840_	1
764	-1.1869	_14839_	1
764	-1.1869	_14789_	4
764	-1.1869	_14786_	1
764	-1.1869	_14780_	7
764	-1.1869	_14492_	10
764	-1.1869	_14491_	10
764	-1.1869	_14490_	4
764	-1.1869	_14404_	10
764	-1.1869	_13821_	3
764	-1.1869	_13403_	3
764	-1.1869	_13370_	4
764	-1.1869	_13369_	10
765	-1.1869	_00830_	1
765	-1.1869	_08633_	10
765	-1.1869	_08632_	6
765	-1.1869	_08630_	9
765	-1.1869	_08629_	1
765	-1.1869	_08363_	9
765	-1.1869	_08362_	1
765	-1.1869	_08354_	1
765	-1.1869	_08258_	5
765	-1.1869	_08205_	2
765	-1.1869	_08166_	3
765	-1.1869	_08007_	10
765	-1.1869	_07670_	6
765	-1.1869	_07573_	9
765	-1.1869	_07571_	1
765	-1.1869	_04744_	3
765	-1.1869	_04741_	2
765	-1.1869	_04740_	2
765	-1.1869	_04738_	1
765	-1.1869	_04602_	2
765	-1.1869	_04593_	3
765	-1.1869	_04416_	3
765	-1.1869	_04408_	3
765	-1.1869	_04407_	6
765	-1.1869	_04401_	4
765	-1.1869	_04397_	4
765	-1.1869	_04395_	2
765	-1.1869	_04390_	2
765	-1.1869	_00165_	2
765	-1.1869	u_e203_cpu.u_e203_core.u_e203_exu.u_e203_exu_alu.u_e203_exu_alu_dpath.adder_in1[0]	1
765	-1.1869	_14911_	10
765	-1.1869	_14846_	7
765	-1.1869	_14845_	10
765	-1.1869	_14844_	2
765	-1.1869	_14842_	1
765	-1.1869	_14840_	1
765	-1.1869	_14839_	1
765	-1.1869	_14789_	4
765	-1.1869	_14786_	1
765	-1.1869	_14780_	7
765	-1.1869	_14492_	10
765	-1.1869	_14491_	10
765	-1.1869	_14490_	4
765	-1.1869	_14404_	10
765	-1.1869	_13821_	3
765	-1.1869	_13403_	3
765	-1.1869	_13370_	4
765	-1.1869	_13369_	10
766	-1.1869	_00829_	1
766	-1.1869	_08633_	10
766	-1.1869	_08632_	6
766	-1.1869	_08630_	9
766	-1.1869	_08629_	1
766	-1.1869	_08363_	9
766	-1.1869	_08362_	1
766	-1.1869	_08354_	1
766	-1.1869	_08258_	5
766	-1.1869	_08205_	2
766	-1.1869	_08166_	3
766	-1.1869	_08007_	10
766	-1.1869	_07670_	6
766	-1.1869	_07573_	9
766	-1.1869	_07571_	1
766	-1.1869	_04744_	3
766	-1.1869	_04741_	2
766	-1.1869	_04740_	2
766	-1.1869	_04738_	1
766	-1.1869	_04602_	2
766	-1.1869	_04593_	3
766	-1.1869	_04416_	3
766	-1.1869	_04408_	3
766	-1.1869	_04407_	6
766	-1.1869	_04401_	4
766	-1.1869	_04397_	4
766	-1.1869	_04395_	2
766	-1.1869	_04390_	2
766	-1.1869	_00165_	2
766	-1.1869	u_e203_cpu.u_e203_core.u_e203_exu.u_e203_exu_alu.u_e203_exu_alu_dpath.adder_in1[0]	1
766	-1.1869	_14911_	10
766	-1.1869	_14846_	7
766	-1.1869	_14845_	10
766	-1.1869	_14844_	2
766	-1.1869	_14842_	1
766	-1.1869	_14840_	1
766	-1.1869	_14839_	1
766	-1.1869	_14789_	4
766	-1.1869	_14786_	1
766	-1.1869	_14780_	7
766	-1.1869	_14492_	10
766	-1.1869	_14491_	10
766	-1.1869	_14490_	4
766	-1.1869	_14404_	10
766	-1.1869	_13821_	3
766	-1.1869	_13403_	3
766	-1.1869	_13370_	4
766	-1.1869	_13369_	10
767	-1.1869	_00828_	1
767	-1.1869	_08633_	10
767	-1.1869	_08632_	6
767	-1.1869	_08630_	9
767	-1.1869	_08629_	1
767	-1.1869	_08363_	9
767	-1.1869	_08362_	1
767	-1.1869	_08354_	1
767	-1.1869	_08258_	5
767	-1.1869	_08205_	2
767	-1.1869	_08166_	3
767	-1.1869	_08007_	10
767	-1.1869	_07670_	6
767	-1.1869	_07573_	9
767	-1.1869	_07571_	1
767	-1.1869	_04744_	3
767	-1.1869	_04741_	2
767	-1.1869	_04740_	2
767	-1.1869	_04738_	1
767	-1.1869	_04602_	2
767	-1.1869	_04593_	3
767	-1.1869	_04416_	3
767	-1.1869	_04408_	3
767	-1.1869	_04407_	6
767	-1.1869	_04401_	4
767	-1.1869	_04397_	4
767	-1.1869	_04395_	2
767	-1.1869	_04390_	2
767	-1.1869	_00165_	2
767	-1.1869	u_e203_cpu.u_e203_core.u_e203_exu.u_e203_exu_alu.u_e203_exu_alu_dpath.adder_in1[0]	1
767	-1.1869	_14911_	10
767	-1.1869	_14846_	7
767	-1.1869	_14845_	10
767	-1.1869	_14844_	2
767	-1.1869	_14842_	1
767	-1.1869	_14840_	1
767	-1.1869	_14839_	1
767	-1.1869	_14789_	4
767	-1.1869	_14786_	1
767	-1.1869	_14780_	7
767	-1.1869	_14492_	10
767	-1.1869	_14491_	10
767	-1.1869	_14490_	4
767	-1.1869	_14404_	10
767	-1.1869	_13821_	3
767	-1.1869	_13403_	3
767	-1.1869	_13370_	4
767	-1.1869	_13369_	10
768	-1.1869	_00827_	1
768	-1.1869	_08633_	10
768	-1.1869	_08632_	6
768	-1.1869	_08630_	9
768	-1.1869	_08629_	1
768	-1.1869	_08363_	9
768	-1.1869	_08362_	1
768	-1.1869	_08354_	1
768	-1.1869	_08258_	5
768	-1.1869	_08205_	2
768	-1.1869	_08166_	3
768	-1.1869	_08007_	10
768	-1.1869	_07670_	6
768	-1.1869	_07573_	9
768	-1.1869	_07571_	1
768	-1.1869	_04744_	3
768	-1.1869	_04741_	2
768	-1.1869	_04740_	2
768	-1.1869	_04738_	1
768	-1.1869	_04602_	2
768	-1.1869	_04593_	3
768	-1.1869	_04416_	3
768	-1.1869	_04408_	3
768	-1.1869	_04407_	6
768	-1.1869	_04401_	4
768	-1.1869	_04397_	4
768	-1.1869	_04395_	2
768	-1.1869	_04390_	2
768	-1.1869	_00165_	2
768	-1.1869	u_e203_cpu.u_e203_core.u_e203_exu.u_e203_exu_alu.u_e203_exu_alu_dpath.adder_in1[0]	1
768	-1.1869	_14911_	10
768	-1.1869	_14846_	7
768	-1.1869	_14845_	10
768	-1.1869	_14844_	2
768	-1.1869	_14842_	1
768	-1.1869	_14840_	1
768	-1.1869	_14839_	1
768	-1.1869	_14789_	4
768	-1.1869	_14786_	1
768	-1.1869	_14780_	7
768	-1.1869	_14492_	10
768	-1.1869	_14491_	10
768	-1.1869	_14490_	4
768	-1.1869	_14404_	10
768	-1.1869	_13821_	3
768	-1.1869	_13403_	3
768	-1.1869	_13370_	4
768	-1.1869	_13369_	10
769	-1.1869	_00826_	1
769	-1.1869	_08633_	10
769	-1.1869	_08632_	6
769	-1.1869	_08630_	9
769	-1.1869	_08629_	1
769	-1.1869	_08363_	9
769	-1.1869	_08362_	1
769	-1.1869	_08354_	1
769	-1.1869	_08258_	5
769	-1.1869	_08205_	2
769	-1.1869	_08166_	3
769	-1.1869	_08007_	10
769	-1.1869	_07670_	6
769	-1.1869	_07573_	9
769	-1.1869	_07571_	1
769	-1.1869	_04744_	3
769	-1.1869	_04741_	2
769	-1.1869	_04740_	2
769	-1.1869	_04738_	1
769	-1.1869	_04602_	2
769	-1.1869	_04593_	3
769	-1.1869	_04416_	3
769	-1.1869	_04408_	3
769	-1.1869	_04407_	6
769	-1.1869	_04401_	4
769	-1.1869	_04397_	4
769	-1.1869	_04395_	2
769	-1.1869	_04390_	2
769	-1.1869	_00165_	2
769	-1.1869	u_e203_cpu.u_e203_core.u_e203_exu.u_e203_exu_alu.u_e203_exu_alu_dpath.adder_in1[0]	1
769	-1.1869	_14911_	10
769	-1.1869	_14846_	7
769	-1.1869	_14845_	10
769	-1.1869	_14844_	2
769	-1.1869	_14842_	1
769	-1.1869	_14840_	1
769	-1.1869	_14839_	1
769	-1.1869	_14789_	4
769	-1.1869	_14786_	1
769	-1.1869	_14780_	7
769	-1.1869	_14492_	10
769	-1.1869	_14491_	10
769	-1.1869	_14490_	4
769	-1.1869	_14404_	10
769	-1.1869	_13821_	3
769	-1.1869	_13403_	3
769	-1.1869	_13370_	4
769	-1.1869	_13369_	10
770	-1.1869	_00853_	1
770	-1.1869	_08641_	10
770	-1.1869	_08632_	6
770	-1.1869	_08630_	9
770	-1.1869	_08629_	1
770	-1.1869	_08363_	9
770	-1.1869	_08362_	1
770	-1.1869	_08354_	1
770	-1.1869	_08258_	5
770	-1.1869	_08205_	2
770	-1.1869	_08166_	3
770	-1.1869	_08007_	10
770	-1.1869	_07670_	6
770	-1.1869	_07573_	9
770	-1.1869	_07571_	1
770	-1.1869	_04744_	3
770	-1.1869	_04741_	2
770	-1.1869	_04740_	2
770	-1.1869	_04738_	1
770	-1.1869	_04602_	2
770	-1.1869	_04593_	3
770	-1.1869	_04416_	3
770	-1.1869	_04408_	3
770	-1.1869	_04407_	6
770	-1.1869	_04401_	4
770	-1.1869	_04397_	4
770	-1.1869	_04395_	2
770	-1.1869	_04390_	2
770	-1.1869	_00165_	2
770	-1.1869	u_e203_cpu.u_e203_core.u_e203_exu.u_e203_exu_alu.u_e203_exu_alu_dpath.adder_in1[0]	1
770	-1.1869	_14911_	10
770	-1.1869	_14846_	7
770	-1.1869	_14845_	10
770	-1.1869	_14844_	2
770	-1.1869	_14842_	1
770	-1.1869	_14840_	1
770	-1.1869	_14839_	1
770	-1.1869	_14789_	4
770	-1.1869	_14786_	1
770	-1.1869	_14780_	7
770	-1.1869	_14492_	10
770	-1.1869	_14491_	10
770	-1.1869	_14490_	4
770	-1.1869	_14404_	10
770	-1.1869	_13821_	3
770	-1.1869	_13403_	3
770	-1.1869	_13370_	4
770	-1.1869	_13369_	10
771	-1.1869	_00825_	1
771	-1.1869	_08633_	10
771	-1.1869	_08632_	6
771	-1.1869	_08630_	9
771	-1.1869	_08629_	1
771	-1.1869	_08363_	9
771	-1.1869	_08362_	1
771	-1.1869	_08354_	1
771	-1.1869	_08258_	5
771	-1.1869	_08205_	2
771	-1.1869	_08166_	3
771	-1.1869	_08007_	10
771	-1.1869	_07670_	6
771	-1.1869	_07573_	9
771	-1.1869	_07571_	1
771	-1.1869	_04744_	3
771	-1.1869	_04741_	2
771	-1.1869	_04740_	2
771	-1.1869	_04738_	1
771	-1.1869	_04602_	2
771	-1.1869	_04593_	3
771	-1.1869	_04416_	3
771	-1.1869	_04408_	3
771	-1.1869	_04407_	6
771	-1.1869	_04401_	4
771	-1.1869	_04397_	4
771	-1.1869	_04395_	2
771	-1.1869	_04390_	2
771	-1.1869	_00165_	2
771	-1.1869	u_e203_cpu.u_e203_core.u_e203_exu.u_e203_exu_alu.u_e203_exu_alu_dpath.adder_in1[0]	1
771	-1.1869	_14911_	10
771	-1.1869	_14846_	7
771	-1.1869	_14845_	10
771	-1.1869	_14844_	2
771	-1.1869	_14842_	1
771	-1.1869	_14840_	1
771	-1.1869	_14839_	1
771	-1.1869	_14789_	4
771	-1.1869	_14786_	1
771	-1.1869	_14780_	7
771	-1.1869	_14492_	10
771	-1.1869	_14491_	10
771	-1.1869	_14490_	4
771	-1.1869	_14404_	10
771	-1.1869	_13821_	3
771	-1.1869	_13403_	3
771	-1.1869	_13370_	4
771	-1.1869	_13369_	10
772	-1.1869	_00824_	1
772	-1.1869	_08633_	10
772	-1.1869	_08632_	6
772	-1.1869	_08630_	9
772	-1.1869	_08629_	1
772	-1.1869	_08363_	9
772	-1.1869	_08362_	1
772	-1.1869	_08354_	1
772	-1.1869	_08258_	5
772	-1.1869	_08205_	2
772	-1.1869	_08166_	3
772	-1.1869	_08007_	10
772	-1.1869	_07670_	6
772	-1.1869	_07573_	9
772	-1.1869	_07571_	1
772	-1.1869	_04744_	3
772	-1.1869	_04741_	2
772	-1.1869	_04740_	2
772	-1.1869	_04738_	1
772	-1.1869	_04602_	2
772	-1.1869	_04593_	3
772	-1.1869	_04416_	3
772	-1.1869	_04408_	3
772	-1.1869	_04407_	6
772	-1.1869	_04401_	4
772	-1.1869	_04397_	4
772	-1.1869	_04395_	2
772	-1.1869	_04390_	2
772	-1.1869	_00165_	2
772	-1.1869	u_e203_cpu.u_e203_core.u_e203_exu.u_e203_exu_alu.u_e203_exu_alu_dpath.adder_in1[0]	1
772	-1.1869	_14911_	10
772	-1.1869	_14846_	7
772	-1.1869	_14845_	10
772	-1.1869	_14844_	2
772	-1.1869	_14842_	1
772	-1.1869	_14840_	1
772	-1.1869	_14839_	1
772	-1.1869	_14789_	4
772	-1.1869	_14786_	1
772	-1.1869	_14780_	7
772	-1.1869	_14492_	10
772	-1.1869	_14491_	10
772	-1.1869	_14490_	4
772	-1.1869	_14404_	10
772	-1.1869	_13821_	3
772	-1.1869	_13403_	3
772	-1.1869	_13370_	4
772	-1.1869	_13369_	10
773	-1.1869	_00852_	1
773	-1.1869	_08641_	10
773	-1.1869	_08632_	6
773	-1.1869	_08630_	9
773	-1.1869	_08629_	1
773	-1.1869	_08363_	9
773	-1.1869	_08362_	1
773	-1.1869	_08354_	1
773	-1.1869	_08258_	5
773	-1.1869	_08205_	2
773	-1.1869	_08166_	3
773	-1.1869	_08007_	10
773	-1.1869	_07670_	6
773	-1.1869	_07573_	9
773	-1.1869	_07571_	1
773	-1.1869	_04744_	3
773	-1.1869	_04741_	2
773	-1.1869	_04740_	2
773	-1.1869	_04738_	1
773	-1.1869	_04602_	2
773	-1.1869	_04593_	3
773	-1.1869	_04416_	3
773	-1.1869	_04408_	3
773	-1.1869	_04407_	6
773	-1.1869	_04401_	4
773	-1.1869	_04397_	4
773	-1.1869	_04395_	2
773	-1.1869	_04390_	2
773	-1.1869	_00165_	2
773	-1.1869	u_e203_cpu.u_e203_core.u_e203_exu.u_e203_exu_alu.u_e203_exu_alu_dpath.adder_in1[0]	1
773	-1.1869	_14911_	10
773	-1.1869	_14846_	7
773	-1.1869	_14845_	10
773	-1.1869	_14844_	2
773	-1.1869	_14842_	1
773	-1.1869	_14840_	1
773	-1.1869	_14839_	1
773	-1.1869	_14789_	4
773	-1.1869	_14786_	1
773	-1.1869	_14780_	7
773	-1.1869	_14492_	10
773	-1.1869	_14491_	10
773	-1.1869	_14490_	4
773	-1.1869	_14404_	10
773	-1.1869	_13821_	3
773	-1.1869	_13403_	3
773	-1.1869	_13370_	4
773	-1.1869	_13369_	10
774	-1.1869	_00851_	1
774	-1.1869	_08641_	10
774	-1.1869	_08632_	6
774	-1.1869	_08630_	9
774	-1.1869	_08629_	1
774	-1.1869	_08363_	9
774	-1.1869	_08362_	1
774	-1.1869	_08354_	1
774	-1.1869	_08258_	5
774	-1.1869	_08205_	2
774	-1.1869	_08166_	3
774	-1.1869	_08007_	10
774	-1.1869	_07670_	6
774	-1.1869	_07573_	9
774	-1.1869	_07571_	1
774	-1.1869	_04744_	3
774	-1.1869	_04741_	2
774	-1.1869	_04740_	2
774	-1.1869	_04738_	1
774	-1.1869	_04602_	2
774	-1.1869	_04593_	3
774	-1.1869	_04416_	3
774	-1.1869	_04408_	3
774	-1.1869	_04407_	6
774	-1.1869	_04401_	4
774	-1.1869	_04397_	4
774	-1.1869	_04395_	2
774	-1.1869	_04390_	2
774	-1.1869	_00165_	2
774	-1.1869	u_e203_cpu.u_e203_core.u_e203_exu.u_e203_exu_alu.u_e203_exu_alu_dpath.adder_in1[0]	1
774	-1.1869	_14911_	10
774	-1.1869	_14846_	7
774	-1.1869	_14845_	10
774	-1.1869	_14844_	2
774	-1.1869	_14842_	1
774	-1.1869	_14840_	1
774	-1.1869	_14839_	1
774	-1.1869	_14789_	4
774	-1.1869	_14786_	1
774	-1.1869	_14780_	7
774	-1.1869	_14492_	10
774	-1.1869	_14491_	10
774	-1.1869	_14490_	4
774	-1.1869	_14404_	10
774	-1.1869	_13821_	3
774	-1.1869	_13403_	3
774	-1.1869	_13370_	4
774	-1.1869	_13369_	10
775	-1.1869	_00850_	1
775	-1.1869	_08641_	10
775	-1.1869	_08632_	6
775	-1.1869	_08630_	9
775	-1.1869	_08629_	1
775	-1.1869	_08363_	9
775	-1.1869	_08362_	1
775	-1.1869	_08354_	1
775	-1.1869	_08258_	5
775	-1.1869	_08205_	2
775	-1.1869	_08166_	3
775	-1.1869	_08007_	10
775	-1.1869	_07670_	6
775	-1.1869	_07573_	9
775	-1.1869	_07571_	1
775	-1.1869	_04744_	3
775	-1.1869	_04741_	2
775	-1.1869	_04740_	2
775	-1.1869	_04738_	1
775	-1.1869	_04602_	2
775	-1.1869	_04593_	3
775	-1.1869	_04416_	3
775	-1.1869	_04408_	3
775	-1.1869	_04407_	6
775	-1.1869	_04401_	4
775	-1.1869	_04397_	4
775	-1.1869	_04395_	2
775	-1.1869	_04390_	2
775	-1.1869	_00165_	2
775	-1.1869	u_e203_cpu.u_e203_core.u_e203_exu.u_e203_exu_alu.u_e203_exu_alu_dpath.adder_in1[0]	1
775	-1.1869	_14911_	10
775	-1.1869	_14846_	7
775	-1.1869	_14845_	10
775	-1.1869	_14844_	2
775	-1.1869	_14842_	1
775	-1.1869	_14840_	1
775	-1.1869	_14839_	1
775	-1.1869	_14789_	4
775	-1.1869	_14786_	1
775	-1.1869	_14780_	7
775	-1.1869	_14492_	10
775	-1.1869	_14491_	10
775	-1.1869	_14490_	4
775	-1.1869	_14404_	10
775	-1.1869	_13821_	3
775	-1.1869	_13403_	3
775	-1.1869	_13370_	4
775	-1.1869	_13369_	10
776	-1.1869	_00849_	1
776	-1.1869	_08641_	10
776	-1.1869	_08632_	6
776	-1.1869	_08630_	9
776	-1.1869	_08629_	1
776	-1.1869	_08363_	9
776	-1.1869	_08362_	1
776	-1.1869	_08354_	1
776	-1.1869	_08258_	5
776	-1.1869	_08205_	2
776	-1.1869	_08166_	3
776	-1.1869	_08007_	10
776	-1.1869	_07670_	6
776	-1.1869	_07573_	9
776	-1.1869	_07571_	1
776	-1.1869	_04744_	3
776	-1.1869	_04741_	2
776	-1.1869	_04740_	2
776	-1.1869	_04738_	1
776	-1.1869	_04602_	2
776	-1.1869	_04593_	3
776	-1.1869	_04416_	3
776	-1.1869	_04408_	3
776	-1.1869	_04407_	6
776	-1.1869	_04401_	4
776	-1.1869	_04397_	4
776	-1.1869	_04395_	2
776	-1.1869	_04390_	2
776	-1.1869	_00165_	2
776	-1.1869	u_e203_cpu.u_e203_core.u_e203_exu.u_e203_exu_alu.u_e203_exu_alu_dpath.adder_in1[0]	1
776	-1.1869	_14911_	10
776	-1.1869	_14846_	7
776	-1.1869	_14845_	10
776	-1.1869	_14844_	2
776	-1.1869	_14842_	1
776	-1.1869	_14840_	1
776	-1.1869	_14839_	1
776	-1.1869	_14789_	4
776	-1.1869	_14786_	1
776	-1.1869	_14780_	7
776	-1.1869	_14492_	10
776	-1.1869	_14491_	10
776	-1.1869	_14490_	4
776	-1.1869	_14404_	10
776	-1.1869	_13821_	3
776	-1.1869	_13403_	3
776	-1.1869	_13370_	4
776	-1.1869	_13369_	10
777	-1.1869	_00848_	1
777	-1.1869	_08641_	10
777	-1.1869	_08632_	6
777	-1.1869	_08630_	9
777	-1.1869	_08629_	1
777	-1.1869	_08363_	9
777	-1.1869	_08362_	1
777	-1.1869	_08354_	1
777	-1.1869	_08258_	5
777	-1.1869	_08205_	2
777	-1.1869	_08166_	3
777	-1.1869	_08007_	10
777	-1.1869	_07670_	6
777	-1.1869	_07573_	9
777	-1.1869	_07571_	1
777	-1.1869	_04744_	3
777	-1.1869	_04741_	2
777	-1.1869	_04740_	2
777	-1.1869	_04738_	1
777	-1.1869	_04602_	2
777	-1.1869	_04593_	3
777	-1.1869	_04416_	3
777	-1.1869	_04408_	3
777	-1.1869	_04407_	6
777	-1.1869	_04401_	4
777	-1.1869	_04397_	4
777	-1.1869	_04395_	2
777	-1.1869	_04390_	2
777	-1.1869	_00165_	2
777	-1.1869	u_e203_cpu.u_e203_core.u_e203_exu.u_e203_exu_alu.u_e203_exu_alu_dpath.adder_in1[0]	1
777	-1.1869	_14911_	10
777	-1.1869	_14846_	7
777	-1.1869	_14845_	10
777	-1.1869	_14844_	2
777	-1.1869	_14842_	1
777	-1.1869	_14840_	1
777	-1.1869	_14839_	1
777	-1.1869	_14789_	4
777	-1.1869	_14786_	1
777	-1.1869	_14780_	7
777	-1.1869	_14492_	10
777	-1.1869	_14491_	10
777	-1.1869	_14490_	4
777	-1.1869	_14404_	10
777	-1.1869	_13821_	3
777	-1.1869	_13403_	3
777	-1.1869	_13370_	4
777	-1.1869	_13369_	10
778	-1.1869	_00847_	1
778	-1.1869	_08641_	10
778	-1.1869	_08632_	6
778	-1.1869	_08630_	9
778	-1.1869	_08629_	1
778	-1.1869	_08363_	9
778	-1.1869	_08362_	1
778	-1.1869	_08354_	1
778	-1.1869	_08258_	5
778	-1.1869	_08205_	2
778	-1.1869	_08166_	3
778	-1.1869	_08007_	10
778	-1.1869	_07670_	6
778	-1.1869	_07573_	9
778	-1.1869	_07571_	1
778	-1.1869	_04744_	3
778	-1.1869	_04741_	2
778	-1.1869	_04740_	2
778	-1.1869	_04738_	1
778	-1.1869	_04602_	2
778	-1.1869	_04593_	3
778	-1.1869	_04416_	3
778	-1.1869	_04408_	3
778	-1.1869	_04407_	6
778	-1.1869	_04401_	4
778	-1.1869	_04397_	4
778	-1.1869	_04395_	2
778	-1.1869	_04390_	2
778	-1.1869	_00165_	2
778	-1.1869	u_e203_cpu.u_e203_core.u_e203_exu.u_e203_exu_alu.u_e203_exu_alu_dpath.adder_in1[0]	1
778	-1.1869	_14911_	10
778	-1.1869	_14846_	7
778	-1.1869	_14845_	10
778	-1.1869	_14844_	2
778	-1.1869	_14842_	1
778	-1.1869	_14840_	1
778	-1.1869	_14839_	1
778	-1.1869	_14789_	4
778	-1.1869	_14786_	1
778	-1.1869	_14780_	7
778	-1.1869	_14492_	10
778	-1.1869	_14491_	10
778	-1.1869	_14490_	4
778	-1.1869	_14404_	10
778	-1.1869	_13821_	3
778	-1.1869	_13403_	3
778	-1.1869	_13370_	4
778	-1.1869	_13369_	10
779	-1.1869	_00846_	1
779	-1.1869	_08641_	10
779	-1.1869	_08632_	6
779	-1.1869	_08630_	9
779	-1.1869	_08629_	1
779	-1.1869	_08363_	9
779	-1.1869	_08362_	1
779	-1.1869	_08354_	1
779	-1.1869	_08258_	5
779	-1.1869	_08205_	2
779	-1.1869	_08166_	3
779	-1.1869	_08007_	10
779	-1.1869	_07670_	6
779	-1.1869	_07573_	9
779	-1.1869	_07571_	1
779	-1.1869	_04744_	3
779	-1.1869	_04741_	2
779	-1.1869	_04740_	2
779	-1.1869	_04738_	1
779	-1.1869	_04602_	2
779	-1.1869	_04593_	3
779	-1.1869	_04416_	3
779	-1.1869	_04408_	3
779	-1.1869	_04407_	6
779	-1.1869	_04401_	4
779	-1.1869	_04397_	4
779	-1.1869	_04395_	2
779	-1.1869	_04390_	2
779	-1.1869	_00165_	2
779	-1.1869	u_e203_cpu.u_e203_core.u_e203_exu.u_e203_exu_alu.u_e203_exu_alu_dpath.adder_in1[0]	1
779	-1.1869	_14911_	10
779	-1.1869	_14846_	7
779	-1.1869	_14845_	10
779	-1.1869	_14844_	2
779	-1.1869	_14842_	1
779	-1.1869	_14840_	1
779	-1.1869	_14839_	1
779	-1.1869	_14789_	4
779	-1.1869	_14786_	1
779	-1.1869	_14780_	7
779	-1.1869	_14492_	10
779	-1.1869	_14491_	10
779	-1.1869	_14490_	4
779	-1.1869	_14404_	10
779	-1.1869	_13821_	3
779	-1.1869	_13403_	3
779	-1.1869	_13370_	4
779	-1.1869	_13369_	10
780	-1.1804	_00865_	1
780	-1.1804	_08688_	10
780	-1.1804	_08687_	7
780	-1.1804	_08686_	1
780	-1.1804	_08630_	9
780	-1.1804	_08629_	1
780	-1.1804	_08363_	9
780	-1.1804	_08362_	1
780	-1.1804	_08354_	1
780	-1.1804	_08258_	5
780	-1.1804	_08205_	2
780	-1.1804	_08166_	3
780	-1.1804	_08007_	10
780	-1.1804	_07670_	6
780	-1.1804	_07573_	9
780	-1.1804	_07571_	1
780	-1.1804	_04744_	3
780	-1.1804	_04741_	2
780	-1.1804	_04740_	2
780	-1.1804	_04738_	1
780	-1.1804	_04602_	2
780	-1.1804	_04593_	3
780	-1.1804	_04416_	3
780	-1.1804	_04408_	3
780	-1.1804	_04407_	6
780	-1.1804	_04401_	4
780	-1.1804	_04397_	4
780	-1.1804	_04395_	2
780	-1.1804	_04390_	2
780	-1.1804	_00165_	2
780	-1.1804	u_e203_cpu.u_e203_core.u_e203_exu.u_e203_exu_alu.u_e203_exu_alu_dpath.adder_in1[0]	1
780	-1.1804	_14911_	10
780	-1.1804	_14846_	7
780	-1.1804	_14845_	10
780	-1.1804	_14844_	2
780	-1.1804	_14842_	1
780	-1.1804	_14840_	1
780	-1.1804	_14839_	1
780	-1.1804	_14789_	4
780	-1.1804	_14786_	1
780	-1.1804	_14780_	7
780	-1.1804	_14492_	10
780	-1.1804	_14491_	10
780	-1.1804	_14490_	4
780	-1.1804	_14404_	10
780	-1.1804	_13821_	3
780	-1.1804	_13403_	3
780	-1.1804	_13370_	4
780	-1.1804	_13369_	10
781	-1.1804	_00864_	1
781	-1.1804	_08688_	10
781	-1.1804	_08687_	7
781	-1.1804	_08686_	1
781	-1.1804	_08630_	9
781	-1.1804	_08629_	1
781	-1.1804	_08363_	9
781	-1.1804	_08362_	1
781	-1.1804	_08354_	1
781	-1.1804	_08258_	5
781	-1.1804	_08205_	2
781	-1.1804	_08166_	3
781	-1.1804	_08007_	10
781	-1.1804	_07670_	6
781	-1.1804	_07573_	9
781	-1.1804	_07571_	1
781	-1.1804	_04744_	3
781	-1.1804	_04741_	2
781	-1.1804	_04740_	2
781	-1.1804	_04738_	1
781	-1.1804	_04602_	2
781	-1.1804	_04593_	3
781	-1.1804	_04416_	3
781	-1.1804	_04408_	3
781	-1.1804	_04407_	6
781	-1.1804	_04401_	4
781	-1.1804	_04397_	4
781	-1.1804	_04395_	2
781	-1.1804	_04390_	2
781	-1.1804	_00165_	2
781	-1.1804	u_e203_cpu.u_e203_core.u_e203_exu.u_e203_exu_alu.u_e203_exu_alu_dpath.adder_in1[0]	1
781	-1.1804	_14911_	10
781	-1.1804	_14846_	7
781	-1.1804	_14845_	10
781	-1.1804	_14844_	2
781	-1.1804	_14842_	1
781	-1.1804	_14840_	1
781	-1.1804	_14839_	1
781	-1.1804	_14789_	4
781	-1.1804	_14786_	1
781	-1.1804	_14780_	7
781	-1.1804	_14492_	10
781	-1.1804	_14491_	10
781	-1.1804	_14490_	4
781	-1.1804	_14404_	10
781	-1.1804	_13821_	3
781	-1.1804	_13403_	3
781	-1.1804	_13370_	4
781	-1.1804	_13369_	10
782	-1.1804	_00863_	1
782	-1.1804	_08688_	10
782	-1.1804	_08687_	7
782	-1.1804	_08686_	1
782	-1.1804	_08630_	9
782	-1.1804	_08629_	1
782	-1.1804	_08363_	9
782	-1.1804	_08362_	1
782	-1.1804	_08354_	1
782	-1.1804	_08258_	5
782	-1.1804	_08205_	2
782	-1.1804	_08166_	3
782	-1.1804	_08007_	10
782	-1.1804	_07670_	6
782	-1.1804	_07573_	9
782	-1.1804	_07571_	1
782	-1.1804	_04744_	3
782	-1.1804	_04741_	2
782	-1.1804	_04740_	2
782	-1.1804	_04738_	1
782	-1.1804	_04602_	2
782	-1.1804	_04593_	3
782	-1.1804	_04416_	3
782	-1.1804	_04408_	3
782	-1.1804	_04407_	6
782	-1.1804	_04401_	4
782	-1.1804	_04397_	4
782	-1.1804	_04395_	2
782	-1.1804	_04390_	2
782	-1.1804	_00165_	2
782	-1.1804	u_e203_cpu.u_e203_core.u_e203_exu.u_e203_exu_alu.u_e203_exu_alu_dpath.adder_in1[0]	1
782	-1.1804	_14911_	10
782	-1.1804	_14846_	7
782	-1.1804	_14845_	10
782	-1.1804	_14844_	2
782	-1.1804	_14842_	1
782	-1.1804	_14840_	1
782	-1.1804	_14839_	1
782	-1.1804	_14789_	4
782	-1.1804	_14786_	1
782	-1.1804	_14780_	7
782	-1.1804	_14492_	10
782	-1.1804	_14491_	10
782	-1.1804	_14490_	4
782	-1.1804	_14404_	10
782	-1.1804	_13821_	3
782	-1.1804	_13403_	3
782	-1.1804	_13370_	4
782	-1.1804	_13369_	10
783	-1.1804	_00862_	1
783	-1.1804	_08688_	10
783	-1.1804	_08687_	7
783	-1.1804	_08686_	1
783	-1.1804	_08630_	9
783	-1.1804	_08629_	1
783	-1.1804	_08363_	9
783	-1.1804	_08362_	1
783	-1.1804	_08354_	1
783	-1.1804	_08258_	5
783	-1.1804	_08205_	2
783	-1.1804	_08166_	3
783	-1.1804	_08007_	10
783	-1.1804	_07670_	6
783	-1.1804	_07573_	9
783	-1.1804	_07571_	1
783	-1.1804	_04744_	3
783	-1.1804	_04741_	2
783	-1.1804	_04740_	2
783	-1.1804	_04738_	1
783	-1.1804	_04602_	2
783	-1.1804	_04593_	3
783	-1.1804	_04416_	3
783	-1.1804	_04408_	3
783	-1.1804	_04407_	6
783	-1.1804	_04401_	4
783	-1.1804	_04397_	4
783	-1.1804	_04395_	2
783	-1.1804	_04390_	2
783	-1.1804	_00165_	2
783	-1.1804	u_e203_cpu.u_e203_core.u_e203_exu.u_e203_exu_alu.u_e203_exu_alu_dpath.adder_in1[0]	1
783	-1.1804	_14911_	10
783	-1.1804	_14846_	7
783	-1.1804	_14845_	10
783	-1.1804	_14844_	2
783	-1.1804	_14842_	1
783	-1.1804	_14840_	1
783	-1.1804	_14839_	1
783	-1.1804	_14789_	4
783	-1.1804	_14786_	1
783	-1.1804	_14780_	7
783	-1.1804	_14492_	10
783	-1.1804	_14491_	10
783	-1.1804	_14490_	4
783	-1.1804	_14404_	10
783	-1.1804	_13821_	3
783	-1.1804	_13403_	3
783	-1.1804	_13370_	4
783	-1.1804	_13369_	10
784	-1.1804	_00861_	1
784	-1.1804	_08688_	10
784	-1.1804	_08687_	7
784	-1.1804	_08686_	1
784	-1.1804	_08630_	9
784	-1.1804	_08629_	1
784	-1.1804	_08363_	9
784	-1.1804	_08362_	1
784	-1.1804	_08354_	1
784	-1.1804	_08258_	5
784	-1.1804	_08205_	2
784	-1.1804	_08166_	3
784	-1.1804	_08007_	10
784	-1.1804	_07670_	6
784	-1.1804	_07573_	9
784	-1.1804	_07571_	1
784	-1.1804	_04744_	3
784	-1.1804	_04741_	2
784	-1.1804	_04740_	2
784	-1.1804	_04738_	1
784	-1.1804	_04602_	2
784	-1.1804	_04593_	3
784	-1.1804	_04416_	3
784	-1.1804	_04408_	3
784	-1.1804	_04407_	6
784	-1.1804	_04401_	4
784	-1.1804	_04397_	4
784	-1.1804	_04395_	2
784	-1.1804	_04390_	2
784	-1.1804	_00165_	2
784	-1.1804	u_e203_cpu.u_e203_core.u_e203_exu.u_e203_exu_alu.u_e203_exu_alu_dpath.adder_in1[0]	1
784	-1.1804	_14911_	10
784	-1.1804	_14846_	7
784	-1.1804	_14845_	10
784	-1.1804	_14844_	2
784	-1.1804	_14842_	1
784	-1.1804	_14840_	1
784	-1.1804	_14839_	1
784	-1.1804	_14789_	4
784	-1.1804	_14786_	1
784	-1.1804	_14780_	7
784	-1.1804	_14492_	10
784	-1.1804	_14491_	10
784	-1.1804	_14490_	4
784	-1.1804	_14404_	10
784	-1.1804	_13821_	3
784	-1.1804	_13403_	3
784	-1.1804	_13370_	4
784	-1.1804	_13369_	10
785	-1.1804	_00870_	1
785	-1.1804	_08688_	10
785	-1.1804	_08687_	7
785	-1.1804	_08686_	1
785	-1.1804	_08630_	9
785	-1.1804	_08629_	1
785	-1.1804	_08363_	9
785	-1.1804	_08362_	1
785	-1.1804	_08354_	1
785	-1.1804	_08258_	5
785	-1.1804	_08205_	2
785	-1.1804	_08166_	3
785	-1.1804	_08007_	10
785	-1.1804	_07670_	6
785	-1.1804	_07573_	9
785	-1.1804	_07571_	1
785	-1.1804	_04744_	3
785	-1.1804	_04741_	2
785	-1.1804	_04740_	2
785	-1.1804	_04738_	1
785	-1.1804	_04602_	2
785	-1.1804	_04593_	3
785	-1.1804	_04416_	3
785	-1.1804	_04408_	3
785	-1.1804	_04407_	6
785	-1.1804	_04401_	4
785	-1.1804	_04397_	4
785	-1.1804	_04395_	2
785	-1.1804	_04390_	2
785	-1.1804	_00165_	2
785	-1.1804	u_e203_cpu.u_e203_core.u_e203_exu.u_e203_exu_alu.u_e203_exu_alu_dpath.adder_in1[0]	1
785	-1.1804	_14911_	10
785	-1.1804	_14846_	7
785	-1.1804	_14845_	10
785	-1.1804	_14844_	2
785	-1.1804	_14842_	1
785	-1.1804	_14840_	1
785	-1.1804	_14839_	1
785	-1.1804	_14789_	4
785	-1.1804	_14786_	1
785	-1.1804	_14780_	7
785	-1.1804	_14492_	10
785	-1.1804	_14491_	10
785	-1.1804	_14490_	4
785	-1.1804	_14404_	10
785	-1.1804	_13821_	3
785	-1.1804	_13403_	3
785	-1.1804	_13370_	4
785	-1.1804	_13369_	10
786	-1.1804	_00869_	1
786	-1.1804	_08688_	10
786	-1.1804	_08687_	7
786	-1.1804	_08686_	1
786	-1.1804	_08630_	9
786	-1.1804	_08629_	1
786	-1.1804	_08363_	9
786	-1.1804	_08362_	1
786	-1.1804	_08354_	1
786	-1.1804	_08258_	5
786	-1.1804	_08205_	2
786	-1.1804	_08166_	3
786	-1.1804	_08007_	10
786	-1.1804	_07670_	6
786	-1.1804	_07573_	9
786	-1.1804	_07571_	1
786	-1.1804	_04744_	3
786	-1.1804	_04741_	2
786	-1.1804	_04740_	2
786	-1.1804	_04738_	1
786	-1.1804	_04602_	2
786	-1.1804	_04593_	3
786	-1.1804	_04416_	3
786	-1.1804	_04408_	3
786	-1.1804	_04407_	6
786	-1.1804	_04401_	4
786	-1.1804	_04397_	4
786	-1.1804	_04395_	2
786	-1.1804	_04390_	2
786	-1.1804	_00165_	2
786	-1.1804	u_e203_cpu.u_e203_core.u_e203_exu.u_e203_exu_alu.u_e203_exu_alu_dpath.adder_in1[0]	1
786	-1.1804	_14911_	10
786	-1.1804	_14846_	7
786	-1.1804	_14845_	10
786	-1.1804	_14844_	2
786	-1.1804	_14842_	1
786	-1.1804	_14840_	1
786	-1.1804	_14839_	1
786	-1.1804	_14789_	4
786	-1.1804	_14786_	1
786	-1.1804	_14780_	7
786	-1.1804	_14492_	10
786	-1.1804	_14491_	10
786	-1.1804	_14490_	4
786	-1.1804	_14404_	10
786	-1.1804	_13821_	3
786	-1.1804	_13403_	3
786	-1.1804	_13370_	4
786	-1.1804	_13369_	10
787	-1.1804	_00868_	1
787	-1.1804	_08688_	10
787	-1.1804	_08687_	7
787	-1.1804	_08686_	1
787	-1.1804	_08630_	9
787	-1.1804	_08629_	1
787	-1.1804	_08363_	9
787	-1.1804	_08362_	1
787	-1.1804	_08354_	1
787	-1.1804	_08258_	5
787	-1.1804	_08205_	2
787	-1.1804	_08166_	3
787	-1.1804	_08007_	10
787	-1.1804	_07670_	6
787	-1.1804	_07573_	9
787	-1.1804	_07571_	1
787	-1.1804	_04744_	3
787	-1.1804	_04741_	2
787	-1.1804	_04740_	2
787	-1.1804	_04738_	1
787	-1.1804	_04602_	2
787	-1.1804	_04593_	3
787	-1.1804	_04416_	3
787	-1.1804	_04408_	3
787	-1.1804	_04407_	6
787	-1.1804	_04401_	4
787	-1.1804	_04397_	4
787	-1.1804	_04395_	2
787	-1.1804	_04390_	2
787	-1.1804	_00165_	2
787	-1.1804	u_e203_cpu.u_e203_core.u_e203_exu.u_e203_exu_alu.u_e203_exu_alu_dpath.adder_in1[0]	1
787	-1.1804	_14911_	10
787	-1.1804	_14846_	7
787	-1.1804	_14845_	10
787	-1.1804	_14844_	2
787	-1.1804	_14842_	1
787	-1.1804	_14840_	1
787	-1.1804	_14839_	1
787	-1.1804	_14789_	4
787	-1.1804	_14786_	1
787	-1.1804	_14780_	7
787	-1.1804	_14492_	10
787	-1.1804	_14491_	10
787	-1.1804	_14490_	4
787	-1.1804	_14404_	10
787	-1.1804	_13821_	3
787	-1.1804	_13403_	3
787	-1.1804	_13370_	4
787	-1.1804	_13369_	10
788	-1.1804	_00867_	1
788	-1.1804	_08688_	10
788	-1.1804	_08687_	7
788	-1.1804	_08686_	1
788	-1.1804	_08630_	9
788	-1.1804	_08629_	1
788	-1.1804	_08363_	9
788	-1.1804	_08362_	1
788	-1.1804	_08354_	1
788	-1.1804	_08258_	5
788	-1.1804	_08205_	2
788	-1.1804	_08166_	3
788	-1.1804	_08007_	10
788	-1.1804	_07670_	6
788	-1.1804	_07573_	9
788	-1.1804	_07571_	1
788	-1.1804	_04744_	3
788	-1.1804	_04741_	2
788	-1.1804	_04740_	2
788	-1.1804	_04738_	1
788	-1.1804	_04602_	2
788	-1.1804	_04593_	3
788	-1.1804	_04416_	3
788	-1.1804	_04408_	3
788	-1.1804	_04407_	6
788	-1.1804	_04401_	4
788	-1.1804	_04397_	4
788	-1.1804	_04395_	2
788	-1.1804	_04390_	2
788	-1.1804	_00165_	2
788	-1.1804	u_e203_cpu.u_e203_core.u_e203_exu.u_e203_exu_alu.u_e203_exu_alu_dpath.adder_in1[0]	1
788	-1.1804	_14911_	10
788	-1.1804	_14846_	7
788	-1.1804	_14845_	10
788	-1.1804	_14844_	2
788	-1.1804	_14842_	1
788	-1.1804	_14840_	1
788	-1.1804	_14839_	1
788	-1.1804	_14789_	4
788	-1.1804	_14786_	1
788	-1.1804	_14780_	7
788	-1.1804	_14492_	10
788	-1.1804	_14491_	10
788	-1.1804	_14490_	4
788	-1.1804	_14404_	10
788	-1.1804	_13821_	3
788	-1.1804	_13403_	3
788	-1.1804	_13370_	4
788	-1.1804	_13369_	10
789	-1.1804	_00866_	1
789	-1.1804	_08688_	10
789	-1.1804	_08687_	7
789	-1.1804	_08686_	1
789	-1.1804	_08630_	9
789	-1.1804	_08629_	1
789	-1.1804	_08363_	9
789	-1.1804	_08362_	1
789	-1.1804	_08354_	1
789	-1.1804	_08258_	5
789	-1.1804	_08205_	2
789	-1.1804	_08166_	3
789	-1.1804	_08007_	10
789	-1.1804	_07670_	6
789	-1.1804	_07573_	9
789	-1.1804	_07571_	1
789	-1.1804	_04744_	3
789	-1.1804	_04741_	2
789	-1.1804	_04740_	2
789	-1.1804	_04738_	1
789	-1.1804	_04602_	2
789	-1.1804	_04593_	3
789	-1.1804	_04416_	3
789	-1.1804	_04408_	3
789	-1.1804	_04407_	6
789	-1.1804	_04401_	4
789	-1.1804	_04397_	4
789	-1.1804	_04395_	2
789	-1.1804	_04390_	2
789	-1.1804	_00165_	2
789	-1.1804	u_e203_cpu.u_e203_core.u_e203_exu.u_e203_exu_alu.u_e203_exu_alu_dpath.adder_in1[0]	1
789	-1.1804	_14911_	10
789	-1.1804	_14846_	7
789	-1.1804	_14845_	10
789	-1.1804	_14844_	2
789	-1.1804	_14842_	1
789	-1.1804	_14840_	1
789	-1.1804	_14839_	1
789	-1.1804	_14789_	4
789	-1.1804	_14786_	1
789	-1.1804	_14780_	7
789	-1.1804	_14492_	10
789	-1.1804	_14491_	10
789	-1.1804	_14490_	4
789	-1.1804	_14404_	10
789	-1.1804	_13821_	3
789	-1.1804	_13403_	3
789	-1.1804	_13370_	4
789	-1.1804	_13369_	10
790	-1.1781	_00882_	1
790	-1.1781	_08692_	10
790	-1.1781	_08691_	10
790	-1.1781	_08690_	1
790	-1.1781	_08630_	9
790	-1.1781	_08629_	1
790	-1.1781	_08363_	9
790	-1.1781	_08362_	1
790	-1.1781	_08354_	1
790	-1.1781	_08258_	5
790	-1.1781	_08205_	2
790	-1.1781	_08166_	3
790	-1.1781	_08007_	10
790	-1.1781	_07670_	6
790	-1.1781	_07573_	9
790	-1.1781	_07571_	1
790	-1.1781	_04744_	3
790	-1.1781	_04741_	2
790	-1.1781	_04740_	2
790	-1.1781	_04738_	1
790	-1.1781	_04602_	2
790	-1.1781	_04593_	3
790	-1.1781	_04416_	3
790	-1.1781	_04408_	3
790	-1.1781	_04407_	6
790	-1.1781	_04401_	4
790	-1.1781	_04397_	4
790	-1.1781	_04395_	2
790	-1.1781	_04390_	2
790	-1.1781	_00165_	2
790	-1.1781	u_e203_cpu.u_e203_core.u_e203_exu.u_e203_exu_alu.u_e203_exu_alu_dpath.adder_in1[0]	1
790	-1.1781	_14911_	10
790	-1.1781	_14846_	7
790	-1.1781	_14845_	10
790	-1.1781	_14844_	2
790	-1.1781	_14842_	1
790	-1.1781	_14840_	1
790	-1.1781	_14839_	1
790	-1.1781	_14789_	4
790	-1.1781	_14786_	1
790	-1.1781	_14780_	7
790	-1.1781	_14492_	10
790	-1.1781	_14491_	10
790	-1.1781	_14490_	4
790	-1.1781	_14404_	10
790	-1.1781	_13821_	3
790	-1.1781	_13403_	3
790	-1.1781	_13370_	4
790	-1.1781	_13369_	10
791	-1.1781	_00879_	1
791	-1.1781	_08692_	10
791	-1.1781	_08691_	10
791	-1.1781	_08690_	1
791	-1.1781	_08630_	9
791	-1.1781	_08629_	1
791	-1.1781	_08363_	9
791	-1.1781	_08362_	1
791	-1.1781	_08354_	1
791	-1.1781	_08258_	5
791	-1.1781	_08205_	2
791	-1.1781	_08166_	3
791	-1.1781	_08007_	10
791	-1.1781	_07670_	6
791	-1.1781	_07573_	9
791	-1.1781	_07571_	1
791	-1.1781	_04744_	3
791	-1.1781	_04741_	2
791	-1.1781	_04740_	2
791	-1.1781	_04738_	1
791	-1.1781	_04602_	2
791	-1.1781	_04593_	3
791	-1.1781	_04416_	3
791	-1.1781	_04408_	3
791	-1.1781	_04407_	6
791	-1.1781	_04401_	4
791	-1.1781	_04397_	4
791	-1.1781	_04395_	2
791	-1.1781	_04390_	2
791	-1.1781	_00165_	2
791	-1.1781	u_e203_cpu.u_e203_core.u_e203_exu.u_e203_exu_alu.u_e203_exu_alu_dpath.adder_in1[0]	1
791	-1.1781	_14911_	10
791	-1.1781	_14846_	7
791	-1.1781	_14845_	10
791	-1.1781	_14844_	2
791	-1.1781	_14842_	1
791	-1.1781	_14840_	1
791	-1.1781	_14839_	1
791	-1.1781	_14789_	4
791	-1.1781	_14786_	1
791	-1.1781	_14780_	7
791	-1.1781	_14492_	10
791	-1.1781	_14491_	10
791	-1.1781	_14490_	4
791	-1.1781	_14404_	10
791	-1.1781	_13821_	3
791	-1.1781	_13403_	3
791	-1.1781	_13370_	4
791	-1.1781	_13369_	10
792	-1.1781	_00880_	1
792	-1.1781	_08692_	10
792	-1.1781	_08691_	10
792	-1.1781	_08690_	1
792	-1.1781	_08630_	9
792	-1.1781	_08629_	1
792	-1.1781	_08363_	9
792	-1.1781	_08362_	1
792	-1.1781	_08354_	1
792	-1.1781	_08258_	5
792	-1.1781	_08205_	2
792	-1.1781	_08166_	3
792	-1.1781	_08007_	10
792	-1.1781	_07670_	6
792	-1.1781	_07573_	9
792	-1.1781	_07571_	1
792	-1.1781	_04744_	3
792	-1.1781	_04741_	2
792	-1.1781	_04740_	2
792	-1.1781	_04738_	1
792	-1.1781	_04602_	2
792	-1.1781	_04593_	3
792	-1.1781	_04416_	3
792	-1.1781	_04408_	3
792	-1.1781	_04407_	6
792	-1.1781	_04401_	4
792	-1.1781	_04397_	4
792	-1.1781	_04395_	2
792	-1.1781	_04390_	2
792	-1.1781	_00165_	2
792	-1.1781	u_e203_cpu.u_e203_core.u_e203_exu.u_e203_exu_alu.u_e203_exu_alu_dpath.adder_in1[0]	1
792	-1.1781	_14911_	10
792	-1.1781	_14846_	7
792	-1.1781	_14845_	10
792	-1.1781	_14844_	2
792	-1.1781	_14842_	1
792	-1.1781	_14840_	1
792	-1.1781	_14839_	1
792	-1.1781	_14789_	4
792	-1.1781	_14786_	1
792	-1.1781	_14780_	7
792	-1.1781	_14492_	10
792	-1.1781	_14491_	10
792	-1.1781	_14490_	4
792	-1.1781	_14404_	10
792	-1.1781	_13821_	3
792	-1.1781	_13403_	3
792	-1.1781	_13370_	4
792	-1.1781	_13369_	10
793	-1.1781	_00878_	1
793	-1.1781	_08692_	10
793	-1.1781	_08691_	10
793	-1.1781	_08690_	1
793	-1.1781	_08630_	9
793	-1.1781	_08629_	1
793	-1.1781	_08363_	9
793	-1.1781	_08362_	1
793	-1.1781	_08354_	1
793	-1.1781	_08258_	5
793	-1.1781	_08205_	2
793	-1.1781	_08166_	3
793	-1.1781	_08007_	10
793	-1.1781	_07670_	6
793	-1.1781	_07573_	9
793	-1.1781	_07571_	1
793	-1.1781	_04744_	3
793	-1.1781	_04741_	2
793	-1.1781	_04740_	2
793	-1.1781	_04738_	1
793	-1.1781	_04602_	2
793	-1.1781	_04593_	3
793	-1.1781	_04416_	3
793	-1.1781	_04408_	3
793	-1.1781	_04407_	6
793	-1.1781	_04401_	4
793	-1.1781	_04397_	4
793	-1.1781	_04395_	2
793	-1.1781	_04390_	2
793	-1.1781	_00165_	2
793	-1.1781	u_e203_cpu.u_e203_core.u_e203_exu.u_e203_exu_alu.u_e203_exu_alu_dpath.adder_in1[0]	1
793	-1.1781	_14911_	10
793	-1.1781	_14846_	7
793	-1.1781	_14845_	10
793	-1.1781	_14844_	2
793	-1.1781	_14842_	1
793	-1.1781	_14840_	1
793	-1.1781	_14839_	1
793	-1.1781	_14789_	4
793	-1.1781	_14786_	1
793	-1.1781	_14780_	7
793	-1.1781	_14492_	10
793	-1.1781	_14491_	10
793	-1.1781	_14490_	4
793	-1.1781	_14404_	10
793	-1.1781	_13821_	3
793	-1.1781	_13403_	3
793	-1.1781	_13370_	4
793	-1.1781	_13369_	10
794	-1.1781	_00877_	1
794	-1.1781	_08692_	10
794	-1.1781	_08691_	10
794	-1.1781	_08690_	1
794	-1.1781	_08630_	9
794	-1.1781	_08629_	1
794	-1.1781	_08363_	9
794	-1.1781	_08362_	1
794	-1.1781	_08354_	1
794	-1.1781	_08258_	5
794	-1.1781	_08205_	2
794	-1.1781	_08166_	3
794	-1.1781	_08007_	10
794	-1.1781	_07670_	6
794	-1.1781	_07573_	9
794	-1.1781	_07571_	1
794	-1.1781	_04744_	3
794	-1.1781	_04741_	2
794	-1.1781	_04740_	2
794	-1.1781	_04738_	1
794	-1.1781	_04602_	2
794	-1.1781	_04593_	3
794	-1.1781	_04416_	3
794	-1.1781	_04408_	3
794	-1.1781	_04407_	6
794	-1.1781	_04401_	4
794	-1.1781	_04397_	4
794	-1.1781	_04395_	2
794	-1.1781	_04390_	2
794	-1.1781	_00165_	2
794	-1.1781	u_e203_cpu.u_e203_core.u_e203_exu.u_e203_exu_alu.u_e203_exu_alu_dpath.adder_in1[0]	1
794	-1.1781	_14911_	10
794	-1.1781	_14846_	7
794	-1.1781	_14845_	10
794	-1.1781	_14844_	2
794	-1.1781	_14842_	1
794	-1.1781	_14840_	1
794	-1.1781	_14839_	1
794	-1.1781	_14789_	4
794	-1.1781	_14786_	1
794	-1.1781	_14780_	7
794	-1.1781	_14492_	10
794	-1.1781	_14491_	10
794	-1.1781	_14490_	4
794	-1.1781	_14404_	10
794	-1.1781	_13821_	3
794	-1.1781	_13403_	3
794	-1.1781	_13370_	4
794	-1.1781	_13369_	10
795	-1.1781	_00876_	1
795	-1.1781	_08692_	10
795	-1.1781	_08691_	10
795	-1.1781	_08690_	1
795	-1.1781	_08630_	9
795	-1.1781	_08629_	1
795	-1.1781	_08363_	9
795	-1.1781	_08362_	1
795	-1.1781	_08354_	1
795	-1.1781	_08258_	5
795	-1.1781	_08205_	2
795	-1.1781	_08166_	3
795	-1.1781	_08007_	10
795	-1.1781	_07670_	6
795	-1.1781	_07573_	9
795	-1.1781	_07571_	1
795	-1.1781	_04744_	3
795	-1.1781	_04741_	2
795	-1.1781	_04740_	2
795	-1.1781	_04738_	1
795	-1.1781	_04602_	2
795	-1.1781	_04593_	3
795	-1.1781	_04416_	3
795	-1.1781	_04408_	3
795	-1.1781	_04407_	6
795	-1.1781	_04401_	4
795	-1.1781	_04397_	4
795	-1.1781	_04395_	2
795	-1.1781	_04390_	2
795	-1.1781	_00165_	2
795	-1.1781	u_e203_cpu.u_e203_core.u_e203_exu.u_e203_exu_alu.u_e203_exu_alu_dpath.adder_in1[0]	1
795	-1.1781	_14911_	10
795	-1.1781	_14846_	7
795	-1.1781	_14845_	10
795	-1.1781	_14844_	2
795	-1.1781	_14842_	1
795	-1.1781	_14840_	1
795	-1.1781	_14839_	1
795	-1.1781	_14789_	4
795	-1.1781	_14786_	1
795	-1.1781	_14780_	7
795	-1.1781	_14492_	10
795	-1.1781	_14491_	10
795	-1.1781	_14490_	4
795	-1.1781	_14404_	10
795	-1.1781	_13821_	3
795	-1.1781	_13403_	3
795	-1.1781	_13370_	4
795	-1.1781	_13369_	10
796	-1.1781	_00884_	1
796	-1.1781	_08692_	10
796	-1.1781	_08691_	10
796	-1.1781	_08690_	1
796	-1.1781	_08630_	9
796	-1.1781	_08629_	1
796	-1.1781	_08363_	9
796	-1.1781	_08362_	1
796	-1.1781	_08354_	1
796	-1.1781	_08258_	5
796	-1.1781	_08205_	2
796	-1.1781	_08166_	3
796	-1.1781	_08007_	10
796	-1.1781	_07670_	6
796	-1.1781	_07573_	9
796	-1.1781	_07571_	1
796	-1.1781	_04744_	3
796	-1.1781	_04741_	2
796	-1.1781	_04740_	2
796	-1.1781	_04738_	1
796	-1.1781	_04602_	2
796	-1.1781	_04593_	3
796	-1.1781	_04416_	3
796	-1.1781	_04408_	3
796	-1.1781	_04407_	6
796	-1.1781	_04401_	4
796	-1.1781	_04397_	4
796	-1.1781	_04395_	2
796	-1.1781	_04390_	2
796	-1.1781	_00165_	2
796	-1.1781	u_e203_cpu.u_e203_core.u_e203_exu.u_e203_exu_alu.u_e203_exu_alu_dpath.adder_in1[0]	1
796	-1.1781	_14911_	10
796	-1.1781	_14846_	7
796	-1.1781	_14845_	10
796	-1.1781	_14844_	2
796	-1.1781	_14842_	1
796	-1.1781	_14840_	1
796	-1.1781	_14839_	1
796	-1.1781	_14789_	4
796	-1.1781	_14786_	1
796	-1.1781	_14780_	7
796	-1.1781	_14492_	10
796	-1.1781	_14491_	10
796	-1.1781	_14490_	4
796	-1.1781	_14404_	10
796	-1.1781	_13821_	3
796	-1.1781	_13403_	3
796	-1.1781	_13370_	4
796	-1.1781	_13369_	10
797	-1.1781	_00883_	1
797	-1.1781	_08692_	10
797	-1.1781	_08691_	10
797	-1.1781	_08690_	1
797	-1.1781	_08630_	9
797	-1.1781	_08629_	1
797	-1.1781	_08363_	9
797	-1.1781	_08362_	1
797	-1.1781	_08354_	1
797	-1.1781	_08258_	5
797	-1.1781	_08205_	2
797	-1.1781	_08166_	3
797	-1.1781	_08007_	10
797	-1.1781	_07670_	6
797	-1.1781	_07573_	9
797	-1.1781	_07571_	1
797	-1.1781	_04744_	3
797	-1.1781	_04741_	2
797	-1.1781	_04740_	2
797	-1.1781	_04738_	1
797	-1.1781	_04602_	2
797	-1.1781	_04593_	3
797	-1.1781	_04416_	3
797	-1.1781	_04408_	3
797	-1.1781	_04407_	6
797	-1.1781	_04401_	4
797	-1.1781	_04397_	4
797	-1.1781	_04395_	2
797	-1.1781	_04390_	2
797	-1.1781	_00165_	2
797	-1.1781	u_e203_cpu.u_e203_core.u_e203_exu.u_e203_exu_alu.u_e203_exu_alu_dpath.adder_in1[0]	1
797	-1.1781	_14911_	10
797	-1.1781	_14846_	7
797	-1.1781	_14845_	10
797	-1.1781	_14844_	2
797	-1.1781	_14842_	1
797	-1.1781	_14840_	1
797	-1.1781	_14839_	1
797	-1.1781	_14789_	4
797	-1.1781	_14786_	1
797	-1.1781	_14780_	7
797	-1.1781	_14492_	10
797	-1.1781	_14491_	10
797	-1.1781	_14490_	4
797	-1.1781	_14404_	10
797	-1.1781	_13821_	3
797	-1.1781	_13403_	3
797	-1.1781	_13370_	4
797	-1.1781	_13369_	10
798	-1.1781	_00881_	1
798	-1.1781	_08692_	10
798	-1.1781	_08691_	10
798	-1.1781	_08690_	1
798	-1.1781	_08630_	9
798	-1.1781	_08629_	1
798	-1.1781	_08363_	9
798	-1.1781	_08362_	1
798	-1.1781	_08354_	1
798	-1.1781	_08258_	5
798	-1.1781	_08205_	2
798	-1.1781	_08166_	3
798	-1.1781	_08007_	10
798	-1.1781	_07670_	6
798	-1.1781	_07573_	9
798	-1.1781	_07571_	1
798	-1.1781	_04744_	3
798	-1.1781	_04741_	2
798	-1.1781	_04740_	2
798	-1.1781	_04738_	1
798	-1.1781	_04602_	2
798	-1.1781	_04593_	3
798	-1.1781	_04416_	3
798	-1.1781	_04408_	3
798	-1.1781	_04407_	6
798	-1.1781	_04401_	4
798	-1.1781	_04397_	4
798	-1.1781	_04395_	2
798	-1.1781	_04390_	2
798	-1.1781	_00165_	2
798	-1.1781	u_e203_cpu.u_e203_core.u_e203_exu.u_e203_exu_alu.u_e203_exu_alu_dpath.adder_in1[0]	1
798	-1.1781	_14911_	10
798	-1.1781	_14846_	7
798	-1.1781	_14845_	10
798	-1.1781	_14844_	2
798	-1.1781	_14842_	1
798	-1.1781	_14840_	1
798	-1.1781	_14839_	1
798	-1.1781	_14789_	4
798	-1.1781	_14786_	1
798	-1.1781	_14780_	7
798	-1.1781	_14492_	10
798	-1.1781	_14491_	10
798	-1.1781	_14490_	4
798	-1.1781	_14404_	10
798	-1.1781	_13821_	3
798	-1.1781	_13403_	3
798	-1.1781	_13370_	4
798	-1.1781	_13369_	10
799	-1.1672	_02515_	1
799	-1.1672	_12420_	10
799	-1.1672	_12413_	5
799	-1.1672	_12412_	1
799	-1.1672	_08663_	7
799	-1.1672	_08363_	9
799	-1.1672	_08362_	1
799	-1.1672	_08354_	1
799	-1.1672	_08258_	5
799	-1.1672	_08205_	2
799	-1.1672	_08166_	3
799	-1.1672	_08007_	10
799	-1.1672	_07670_	6
799	-1.1672	_07573_	9
799	-1.1672	_07571_	1
799	-1.1672	_04744_	3
799	-1.1672	_04741_	2
799	-1.1672	_04740_	2
799	-1.1672	_04738_	1
799	-1.1672	_04602_	2
799	-1.1672	_04593_	3
799	-1.1672	_04416_	3
799	-1.1672	_04408_	3
799	-1.1672	_04407_	6
799	-1.1672	_04401_	4
799	-1.1672	_04397_	4
799	-1.1672	_04395_	2
799	-1.1672	_04390_	2
799	-1.1672	_00165_	2
799	-1.1672	u_e203_cpu.u_e203_core.u_e203_exu.u_e203_exu_alu.u_e203_exu_alu_dpath.adder_in1[0]	1
799	-1.1672	_14911_	10
799	-1.1672	_14846_	7
799	-1.1672	_14845_	10
799	-1.1672	_14844_	2
799	-1.1672	_14842_	1
799	-1.1672	_14840_	1
799	-1.1672	_14839_	1
799	-1.1672	_14789_	4
799	-1.1672	_14786_	1
799	-1.1672	_14780_	7
799	-1.1672	_14492_	10
799	-1.1672	_14491_	10
799	-1.1672	_14490_	4
799	-1.1672	_14404_	10
799	-1.1672	_13821_	3
799	-1.1672	_13403_	3
799	-1.1672	_13370_	4
799	-1.1672	_13369_	10
800	-1.1672	_02514_	1
800	-1.1672	_12420_	10
800	-1.1672	_12413_	5
800	-1.1672	_12412_	1
800	-1.1672	_08663_	7
800	-1.1672	_08363_	9
800	-1.1672	_08362_	1
800	-1.1672	_08354_	1
800	-1.1672	_08258_	5
800	-1.1672	_08205_	2
800	-1.1672	_08166_	3
800	-1.1672	_08007_	10
800	-1.1672	_07670_	6
800	-1.1672	_07573_	9
800	-1.1672	_07571_	1
800	-1.1672	_04744_	3
800	-1.1672	_04741_	2
800	-1.1672	_04740_	2
800	-1.1672	_04738_	1
800	-1.1672	_04602_	2
800	-1.1672	_04593_	3
800	-1.1672	_04416_	3
800	-1.1672	_04408_	3
800	-1.1672	_04407_	6
800	-1.1672	_04401_	4
800	-1.1672	_04397_	4
800	-1.1672	_04395_	2
800	-1.1672	_04390_	2
800	-1.1672	_00165_	2
800	-1.1672	u_e203_cpu.u_e203_core.u_e203_exu.u_e203_exu_alu.u_e203_exu_alu_dpath.adder_in1[0]	1
800	-1.1672	_14911_	10
800	-1.1672	_14846_	7
800	-1.1672	_14845_	10
800	-1.1672	_14844_	2
800	-1.1672	_14842_	1
800	-1.1672	_14840_	1
800	-1.1672	_14839_	1
800	-1.1672	_14789_	4
800	-1.1672	_14786_	1
800	-1.1672	_14780_	7
800	-1.1672	_14492_	10
800	-1.1672	_14491_	10
800	-1.1672	_14490_	4
800	-1.1672	_14404_	10
800	-1.1672	_13821_	3
800	-1.1672	_13403_	3
800	-1.1672	_13370_	4
800	-1.1672	_13369_	10
801	-1.1672	_02512_	1
801	-1.1672	_12420_	10
801	-1.1672	_12413_	5
801	-1.1672	_12412_	1
801	-1.1672	_08663_	7
801	-1.1672	_08363_	9
801	-1.1672	_08362_	1
801	-1.1672	_08354_	1
801	-1.1672	_08258_	5
801	-1.1672	_08205_	2
801	-1.1672	_08166_	3
801	-1.1672	_08007_	10
801	-1.1672	_07670_	6
801	-1.1672	_07573_	9
801	-1.1672	_07571_	1
801	-1.1672	_04744_	3
801	-1.1672	_04741_	2
801	-1.1672	_04740_	2
801	-1.1672	_04738_	1
801	-1.1672	_04602_	2
801	-1.1672	_04593_	3
801	-1.1672	_04416_	3
801	-1.1672	_04408_	3
801	-1.1672	_04407_	6
801	-1.1672	_04401_	4
801	-1.1672	_04397_	4
801	-1.1672	_04395_	2
801	-1.1672	_04390_	2
801	-1.1672	_00165_	2
801	-1.1672	u_e203_cpu.u_e203_core.u_e203_exu.u_e203_exu_alu.u_e203_exu_alu_dpath.adder_in1[0]	1
801	-1.1672	_14911_	10
801	-1.1672	_14846_	7
801	-1.1672	_14845_	10
801	-1.1672	_14844_	2
801	-1.1672	_14842_	1
801	-1.1672	_14840_	1
801	-1.1672	_14839_	1
801	-1.1672	_14789_	4
801	-1.1672	_14786_	1
801	-1.1672	_14780_	7
801	-1.1672	_14492_	10
801	-1.1672	_14491_	10
801	-1.1672	_14490_	4
801	-1.1672	_14404_	10
801	-1.1672	_13821_	3
801	-1.1672	_13403_	3
801	-1.1672	_13370_	4
801	-1.1672	_13369_	10
802	-1.1672	_02511_	1
802	-1.1672	_12420_	10
802	-1.1672	_12413_	5
802	-1.1672	_12412_	1
802	-1.1672	_08663_	7
802	-1.1672	_08363_	9
802	-1.1672	_08362_	1
802	-1.1672	_08354_	1
802	-1.1672	_08258_	5
802	-1.1672	_08205_	2
802	-1.1672	_08166_	3
802	-1.1672	_08007_	10
802	-1.1672	_07670_	6
802	-1.1672	_07573_	9
802	-1.1672	_07571_	1
802	-1.1672	_04744_	3
802	-1.1672	_04741_	2
802	-1.1672	_04740_	2
802	-1.1672	_04738_	1
802	-1.1672	_04602_	2
802	-1.1672	_04593_	3
802	-1.1672	_04416_	3
802	-1.1672	_04408_	3
802	-1.1672	_04407_	6
802	-1.1672	_04401_	4
802	-1.1672	_04397_	4
802	-1.1672	_04395_	2
802	-1.1672	_04390_	2
802	-1.1672	_00165_	2
802	-1.1672	u_e203_cpu.u_e203_core.u_e203_exu.u_e203_exu_alu.u_e203_exu_alu_dpath.adder_in1[0]	1
802	-1.1672	_14911_	10
802	-1.1672	_14846_	7
802	-1.1672	_14845_	10
802	-1.1672	_14844_	2
802	-1.1672	_14842_	1
802	-1.1672	_14840_	1
802	-1.1672	_14839_	1
802	-1.1672	_14789_	4
802	-1.1672	_14786_	1
802	-1.1672	_14780_	7
802	-1.1672	_14492_	10
802	-1.1672	_14491_	10
802	-1.1672	_14490_	4
802	-1.1672	_14404_	10
802	-1.1672	_13821_	3
802	-1.1672	_13403_	3
802	-1.1672	_13370_	4
802	-1.1672	_13369_	10
803	-1.1672	_02510_	1
803	-1.1672	_12415_	10
803	-1.1672	_12413_	5
803	-1.1672	_12412_	1
803	-1.1672	_08663_	7
803	-1.1672	_08363_	9
803	-1.1672	_08362_	1
803	-1.1672	_08354_	1
803	-1.1672	_08258_	5
803	-1.1672	_08205_	2
803	-1.1672	_08166_	3
803	-1.1672	_08007_	10
803	-1.1672	_07670_	6
803	-1.1672	_07573_	9
803	-1.1672	_07571_	1
803	-1.1672	_04744_	3
803	-1.1672	_04741_	2
803	-1.1672	_04740_	2
803	-1.1672	_04738_	1
803	-1.1672	_04602_	2
803	-1.1672	_04593_	3
803	-1.1672	_04416_	3
803	-1.1672	_04408_	3
803	-1.1672	_04407_	6
803	-1.1672	_04401_	4
803	-1.1672	_04397_	4
803	-1.1672	_04395_	2
803	-1.1672	_04390_	2
803	-1.1672	_00165_	2
803	-1.1672	u_e203_cpu.u_e203_core.u_e203_exu.u_e203_exu_alu.u_e203_exu_alu_dpath.adder_in1[0]	1
803	-1.1672	_14911_	10
803	-1.1672	_14846_	7
803	-1.1672	_14845_	10
803	-1.1672	_14844_	2
803	-1.1672	_14842_	1
803	-1.1672	_14840_	1
803	-1.1672	_14839_	1
803	-1.1672	_14789_	4
803	-1.1672	_14786_	1
803	-1.1672	_14780_	7
803	-1.1672	_14492_	10
803	-1.1672	_14491_	10
803	-1.1672	_14490_	4
803	-1.1672	_14404_	10
803	-1.1672	_13821_	3
803	-1.1672	_13403_	3
803	-1.1672	_13370_	4
803	-1.1672	_13369_	10
804	-1.1672	_02508_	1
804	-1.1672	_12415_	10
804	-1.1672	_12413_	5
804	-1.1672	_12412_	1
804	-1.1672	_08663_	7
804	-1.1672	_08363_	9
804	-1.1672	_08362_	1
804	-1.1672	_08354_	1
804	-1.1672	_08258_	5
804	-1.1672	_08205_	2
804	-1.1672	_08166_	3
804	-1.1672	_08007_	10
804	-1.1672	_07670_	6
804	-1.1672	_07573_	9
804	-1.1672	_07571_	1
804	-1.1672	_04744_	3
804	-1.1672	_04741_	2
804	-1.1672	_04740_	2
804	-1.1672	_04738_	1
804	-1.1672	_04602_	2
804	-1.1672	_04593_	3
804	-1.1672	_04416_	3
804	-1.1672	_04408_	3
804	-1.1672	_04407_	6
804	-1.1672	_04401_	4
804	-1.1672	_04397_	4
804	-1.1672	_04395_	2
804	-1.1672	_04390_	2
804	-1.1672	_00165_	2
804	-1.1672	u_e203_cpu.u_e203_core.u_e203_exu.u_e203_exu_alu.u_e203_exu_alu_dpath.adder_in1[0]	1
804	-1.1672	_14911_	10
804	-1.1672	_14846_	7
804	-1.1672	_14845_	10
804	-1.1672	_14844_	2
804	-1.1672	_14842_	1
804	-1.1672	_14840_	1
804	-1.1672	_14839_	1
804	-1.1672	_14789_	4
804	-1.1672	_14786_	1
804	-1.1672	_14780_	7
804	-1.1672	_14492_	10
804	-1.1672	_14491_	10
804	-1.1672	_14490_	4
804	-1.1672	_14404_	10
804	-1.1672	_13821_	3
804	-1.1672	_13403_	3
804	-1.1672	_13370_	4
804	-1.1672	_13369_	10
805	-1.1672	_02507_	1
805	-1.1672	_12415_	10
805	-1.1672	_12413_	5
805	-1.1672	_12412_	1
805	-1.1672	_08663_	7
805	-1.1672	_08363_	9
805	-1.1672	_08362_	1
805	-1.1672	_08354_	1
805	-1.1672	_08258_	5
805	-1.1672	_08205_	2
805	-1.1672	_08166_	3
805	-1.1672	_08007_	10
805	-1.1672	_07670_	6
805	-1.1672	_07573_	9
805	-1.1672	_07571_	1
805	-1.1672	_04744_	3
805	-1.1672	_04741_	2
805	-1.1672	_04740_	2
805	-1.1672	_04738_	1
805	-1.1672	_04602_	2
805	-1.1672	_04593_	3
805	-1.1672	_04416_	3
805	-1.1672	_04408_	3
805	-1.1672	_04407_	6
805	-1.1672	_04401_	4
805	-1.1672	_04397_	4
805	-1.1672	_04395_	2
805	-1.1672	_04390_	2
805	-1.1672	_00165_	2
805	-1.1672	u_e203_cpu.u_e203_core.u_e203_exu.u_e203_exu_alu.u_e203_exu_alu_dpath.adder_in1[0]	1
805	-1.1672	_14911_	10
805	-1.1672	_14846_	7
805	-1.1672	_14845_	10
805	-1.1672	_14844_	2
805	-1.1672	_14842_	1
805	-1.1672	_14840_	1
805	-1.1672	_14839_	1
805	-1.1672	_14789_	4
805	-1.1672	_14786_	1
805	-1.1672	_14780_	7
805	-1.1672	_14492_	10
805	-1.1672	_14491_	10
805	-1.1672	_14490_	4
805	-1.1672	_14404_	10
805	-1.1672	_13821_	3
805	-1.1672	_13403_	3
805	-1.1672	_13370_	4
805	-1.1672	_13369_	10
806	-1.1672	_02506_	1
806	-1.1672	_12415_	10
806	-1.1672	_12413_	5
806	-1.1672	_12412_	1
806	-1.1672	_08663_	7
806	-1.1672	_08363_	9
806	-1.1672	_08362_	1
806	-1.1672	_08354_	1
806	-1.1672	_08258_	5
806	-1.1672	_08205_	2
806	-1.1672	_08166_	3
806	-1.1672	_08007_	10
806	-1.1672	_07670_	6
806	-1.1672	_07573_	9
806	-1.1672	_07571_	1
806	-1.1672	_04744_	3
806	-1.1672	_04741_	2
806	-1.1672	_04740_	2
806	-1.1672	_04738_	1
806	-1.1672	_04602_	2
806	-1.1672	_04593_	3
806	-1.1672	_04416_	3
806	-1.1672	_04408_	3
806	-1.1672	_04407_	6
806	-1.1672	_04401_	4
806	-1.1672	_04397_	4
806	-1.1672	_04395_	2
806	-1.1672	_04390_	2
806	-1.1672	_00165_	2
806	-1.1672	u_e203_cpu.u_e203_core.u_e203_exu.u_e203_exu_alu.u_e203_exu_alu_dpath.adder_in1[0]	1
806	-1.1672	_14911_	10
806	-1.1672	_14846_	7
806	-1.1672	_14845_	10
806	-1.1672	_14844_	2
806	-1.1672	_14842_	1
806	-1.1672	_14840_	1
806	-1.1672	_14839_	1
806	-1.1672	_14789_	4
806	-1.1672	_14786_	1
806	-1.1672	_14780_	7
806	-1.1672	_14492_	10
806	-1.1672	_14491_	10
806	-1.1672	_14490_	4
806	-1.1672	_14404_	10
806	-1.1672	_13821_	3
806	-1.1672	_13403_	3
806	-1.1672	_13370_	4
806	-1.1672	_13369_	10
807	-1.1672	_02504_	1
807	-1.1672	_12415_	10
807	-1.1672	_12413_	5
807	-1.1672	_12412_	1
807	-1.1672	_08663_	7
807	-1.1672	_08363_	9
807	-1.1672	_08362_	1
807	-1.1672	_08354_	1
807	-1.1672	_08258_	5
807	-1.1672	_08205_	2
807	-1.1672	_08166_	3
807	-1.1672	_08007_	10
807	-1.1672	_07670_	6
807	-1.1672	_07573_	9
807	-1.1672	_07571_	1
807	-1.1672	_04744_	3
807	-1.1672	_04741_	2
807	-1.1672	_04740_	2
807	-1.1672	_04738_	1
807	-1.1672	_04602_	2
807	-1.1672	_04593_	3
807	-1.1672	_04416_	3
807	-1.1672	_04408_	3
807	-1.1672	_04407_	6
807	-1.1672	_04401_	4
807	-1.1672	_04397_	4
807	-1.1672	_04395_	2
807	-1.1672	_04390_	2
807	-1.1672	_00165_	2
807	-1.1672	u_e203_cpu.u_e203_core.u_e203_exu.u_e203_exu_alu.u_e203_exu_alu_dpath.adder_in1[0]	1
807	-1.1672	_14911_	10
807	-1.1672	_14846_	7
807	-1.1672	_14845_	10
807	-1.1672	_14844_	2
807	-1.1672	_14842_	1
807	-1.1672	_14840_	1
807	-1.1672	_14839_	1
807	-1.1672	_14789_	4
807	-1.1672	_14786_	1
807	-1.1672	_14780_	7
807	-1.1672	_14492_	10
807	-1.1672	_14491_	10
807	-1.1672	_14490_	4
807	-1.1672	_14404_	10
807	-1.1672	_13821_	3
807	-1.1672	_13403_	3
807	-1.1672	_13370_	4
807	-1.1672	_13369_	10
808	-1.1672	_02503_	1
808	-1.1672	_12415_	10
808	-1.1672	_12413_	5
808	-1.1672	_12412_	1
808	-1.1672	_08663_	7
808	-1.1672	_08363_	9
808	-1.1672	_08362_	1
808	-1.1672	_08354_	1
808	-1.1672	_08258_	5
808	-1.1672	_08205_	2
808	-1.1672	_08166_	3
808	-1.1672	_08007_	10
808	-1.1672	_07670_	6
808	-1.1672	_07573_	9
808	-1.1672	_07571_	1
808	-1.1672	_04744_	3
808	-1.1672	_04741_	2
808	-1.1672	_04740_	2
808	-1.1672	_04738_	1
808	-1.1672	_04602_	2
808	-1.1672	_04593_	3
808	-1.1672	_04416_	3
808	-1.1672	_04408_	3
808	-1.1672	_04407_	6
808	-1.1672	_04401_	4
808	-1.1672	_04397_	4
808	-1.1672	_04395_	2
808	-1.1672	_04390_	2
808	-1.1672	_00165_	2
808	-1.1672	u_e203_cpu.u_e203_core.u_e203_exu.u_e203_exu_alu.u_e203_exu_alu_dpath.adder_in1[0]	1
808	-1.1672	_14911_	10
808	-1.1672	_14846_	7
808	-1.1672	_14845_	10
808	-1.1672	_14844_	2
808	-1.1672	_14842_	1
808	-1.1672	_14840_	1
808	-1.1672	_14839_	1
808	-1.1672	_14789_	4
808	-1.1672	_14786_	1
808	-1.1672	_14780_	7
808	-1.1672	_14492_	10
808	-1.1672	_14491_	10
808	-1.1672	_14490_	4
808	-1.1672	_14404_	10
808	-1.1672	_13821_	3
808	-1.1672	_13403_	3
808	-1.1672	_13370_	4
808	-1.1672	_13369_	10
809	-1.1672	_02502_	1
809	-1.1672	_12415_	10
809	-1.1672	_12413_	5
809	-1.1672	_12412_	1
809	-1.1672	_08663_	7
809	-1.1672	_08363_	9
809	-1.1672	_08362_	1
809	-1.1672	_08354_	1
809	-1.1672	_08258_	5
809	-1.1672	_08205_	2
809	-1.1672	_08166_	3
809	-1.1672	_08007_	10
809	-1.1672	_07670_	6
809	-1.1672	_07573_	9
809	-1.1672	_07571_	1
809	-1.1672	_04744_	3
809	-1.1672	_04741_	2
809	-1.1672	_04740_	2
809	-1.1672	_04738_	1
809	-1.1672	_04602_	2
809	-1.1672	_04593_	3
809	-1.1672	_04416_	3
809	-1.1672	_04408_	3
809	-1.1672	_04407_	6
809	-1.1672	_04401_	4
809	-1.1672	_04397_	4
809	-1.1672	_04395_	2
809	-1.1672	_04390_	2
809	-1.1672	_00165_	2
809	-1.1672	u_e203_cpu.u_e203_core.u_e203_exu.u_e203_exu_alu.u_e203_exu_alu_dpath.adder_in1[0]	1
809	-1.1672	_14911_	10
809	-1.1672	_14846_	7
809	-1.1672	_14845_	10
809	-1.1672	_14844_	2
809	-1.1672	_14842_	1
809	-1.1672	_14840_	1
809	-1.1672	_14839_	1
809	-1.1672	_14789_	4
809	-1.1672	_14786_	1
809	-1.1672	_14780_	7
809	-1.1672	_14492_	10
809	-1.1672	_14491_	10
809	-1.1672	_14490_	4
809	-1.1672	_14404_	10
809	-1.1672	_13821_	3
809	-1.1672	_13403_	3
809	-1.1672	_13370_	4
809	-1.1672	_13369_	10
810	-1.1672	_02500_	1
810	-1.1672	_12415_	10
810	-1.1672	_12413_	5
810	-1.1672	_12412_	1
810	-1.1672	_08663_	7
810	-1.1672	_08363_	9
810	-1.1672	_08362_	1
810	-1.1672	_08354_	1
810	-1.1672	_08258_	5
810	-1.1672	_08205_	2
810	-1.1672	_08166_	3
810	-1.1672	_08007_	10
810	-1.1672	_07670_	6
810	-1.1672	_07573_	9
810	-1.1672	_07571_	1
810	-1.1672	_04744_	3
810	-1.1672	_04741_	2
810	-1.1672	_04740_	2
810	-1.1672	_04738_	1
810	-1.1672	_04602_	2
810	-1.1672	_04593_	3
810	-1.1672	_04416_	3
810	-1.1672	_04408_	3
810	-1.1672	_04407_	6
810	-1.1672	_04401_	4
810	-1.1672	_04397_	4
810	-1.1672	_04395_	2
810	-1.1672	_04390_	2
810	-1.1672	_00165_	2
810	-1.1672	u_e203_cpu.u_e203_core.u_e203_exu.u_e203_exu_alu.u_e203_exu_alu_dpath.adder_in1[0]	1
810	-1.1672	_14911_	10
810	-1.1672	_14846_	7
810	-1.1672	_14845_	10
810	-1.1672	_14844_	2
810	-1.1672	_14842_	1
810	-1.1672	_14840_	1
810	-1.1672	_14839_	1
810	-1.1672	_14789_	4
810	-1.1672	_14786_	1
810	-1.1672	_14780_	7
810	-1.1672	_14492_	10
810	-1.1672	_14491_	10
810	-1.1672	_14490_	4
810	-1.1672	_14404_	10
810	-1.1672	_13821_	3
810	-1.1672	_13403_	3
810	-1.1672	_13370_	4
810	-1.1672	_13369_	10
811	-1.1672	_02499_	1
811	-1.1672	_12415_	10
811	-1.1672	_12413_	5
811	-1.1672	_12412_	1
811	-1.1672	_08663_	7
811	-1.1672	_08363_	9
811	-1.1672	_08362_	1
811	-1.1672	_08354_	1
811	-1.1672	_08258_	5
811	-1.1672	_08205_	2
811	-1.1672	_08166_	3
811	-1.1672	_08007_	10
811	-1.1672	_07670_	6
811	-1.1672	_07573_	9
811	-1.1672	_07571_	1
811	-1.1672	_04744_	3
811	-1.1672	_04741_	2
811	-1.1672	_04740_	2
811	-1.1672	_04738_	1
811	-1.1672	_04602_	2
811	-1.1672	_04593_	3
811	-1.1672	_04416_	3
811	-1.1672	_04408_	3
811	-1.1672	_04407_	6
811	-1.1672	_04401_	4
811	-1.1672	_04397_	4
811	-1.1672	_04395_	2
811	-1.1672	_04390_	2
811	-1.1672	_00165_	2
811	-1.1672	u_e203_cpu.u_e203_core.u_e203_exu.u_e203_exu_alu.u_e203_exu_alu_dpath.adder_in1[0]	1
811	-1.1672	_14911_	10
811	-1.1672	_14846_	7
811	-1.1672	_14845_	10
811	-1.1672	_14844_	2
811	-1.1672	_14842_	1
811	-1.1672	_14840_	1
811	-1.1672	_14839_	1
811	-1.1672	_14789_	4
811	-1.1672	_14786_	1
811	-1.1672	_14780_	7
811	-1.1672	_14492_	10
811	-1.1672	_14491_	10
811	-1.1672	_14490_	4
811	-1.1672	_14404_	10
811	-1.1672	_13821_	3
811	-1.1672	_13403_	3
811	-1.1672	_13370_	4
811	-1.1672	_13369_	10
812	-1.1672	_02498_	1
812	-1.1672	_12415_	10
812	-1.1672	_12413_	5
812	-1.1672	_12412_	1
812	-1.1672	_08663_	7
812	-1.1672	_08363_	9
812	-1.1672	_08362_	1
812	-1.1672	_08354_	1
812	-1.1672	_08258_	5
812	-1.1672	_08205_	2
812	-1.1672	_08166_	3
812	-1.1672	_08007_	10
812	-1.1672	_07670_	6
812	-1.1672	_07573_	9
812	-1.1672	_07571_	1
812	-1.1672	_04744_	3
812	-1.1672	_04741_	2
812	-1.1672	_04740_	2
812	-1.1672	_04738_	1
812	-1.1672	_04602_	2
812	-1.1672	_04593_	3
812	-1.1672	_04416_	3
812	-1.1672	_04408_	3
812	-1.1672	_04407_	6
812	-1.1672	_04401_	4
812	-1.1672	_04397_	4
812	-1.1672	_04395_	2
812	-1.1672	_04390_	2
812	-1.1672	_00165_	2
812	-1.1672	u_e203_cpu.u_e203_core.u_e203_exu.u_e203_exu_alu.u_e203_exu_alu_dpath.adder_in1[0]	1
812	-1.1672	_14911_	10
812	-1.1672	_14846_	7
812	-1.1672	_14845_	10
812	-1.1672	_14844_	2
812	-1.1672	_14842_	1
812	-1.1672	_14840_	1
812	-1.1672	_14839_	1
812	-1.1672	_14789_	4
812	-1.1672	_14786_	1
812	-1.1672	_14780_	7
812	-1.1672	_14492_	10
812	-1.1672	_14491_	10
812	-1.1672	_14490_	4
812	-1.1672	_14404_	10
812	-1.1672	_13821_	3
812	-1.1672	_13403_	3
812	-1.1672	_13370_	4
812	-1.1672	_13369_	10
813	-1.1672	_02523_	1
813	-1.1672	_12420_	10
813	-1.1672	_12413_	5
813	-1.1672	_12412_	1
813	-1.1672	_08663_	7
813	-1.1672	_08363_	9
813	-1.1672	_08362_	1
813	-1.1672	_08354_	1
813	-1.1672	_08258_	5
813	-1.1672	_08205_	2
813	-1.1672	_08166_	3
813	-1.1672	_08007_	10
813	-1.1672	_07670_	6
813	-1.1672	_07573_	9
813	-1.1672	_07571_	1
813	-1.1672	_04744_	3
813	-1.1672	_04741_	2
813	-1.1672	_04740_	2
813	-1.1672	_04738_	1
813	-1.1672	_04602_	2
813	-1.1672	_04593_	3
813	-1.1672	_04416_	3
813	-1.1672	_04408_	3
813	-1.1672	_04407_	6
813	-1.1672	_04401_	4
813	-1.1672	_04397_	4
813	-1.1672	_04395_	2
813	-1.1672	_04390_	2
813	-1.1672	_00165_	2
813	-1.1672	u_e203_cpu.u_e203_core.u_e203_exu.u_e203_exu_alu.u_e203_exu_alu_dpath.adder_in1[0]	1
813	-1.1672	_14911_	10
813	-1.1672	_14846_	7
813	-1.1672	_14845_	10
813	-1.1672	_14844_	2
813	-1.1672	_14842_	1
813	-1.1672	_14840_	1
813	-1.1672	_14839_	1
813	-1.1672	_14789_	4
813	-1.1672	_14786_	1
813	-1.1672	_14780_	7
813	-1.1672	_14492_	10
813	-1.1672	_14491_	10
813	-1.1672	_14490_	4
813	-1.1672	_14404_	10
813	-1.1672	_13821_	3
813	-1.1672	_13403_	3
813	-1.1672	_13370_	4
813	-1.1672	_13369_	10
814	-1.1672	_02522_	1
814	-1.1672	_12420_	10
814	-1.1672	_12413_	5
814	-1.1672	_12412_	1
814	-1.1672	_08663_	7
814	-1.1672	_08363_	9
814	-1.1672	_08362_	1
814	-1.1672	_08354_	1
814	-1.1672	_08258_	5
814	-1.1672	_08205_	2
814	-1.1672	_08166_	3
814	-1.1672	_08007_	10
814	-1.1672	_07670_	6
814	-1.1672	_07573_	9
814	-1.1672	_07571_	1
814	-1.1672	_04744_	3
814	-1.1672	_04741_	2
814	-1.1672	_04740_	2
814	-1.1672	_04738_	1
814	-1.1672	_04602_	2
814	-1.1672	_04593_	3
814	-1.1672	_04416_	3
814	-1.1672	_04408_	3
814	-1.1672	_04407_	6
814	-1.1672	_04401_	4
814	-1.1672	_04397_	4
814	-1.1672	_04395_	2
814	-1.1672	_04390_	2
814	-1.1672	_00165_	2
814	-1.1672	u_e203_cpu.u_e203_core.u_e203_exu.u_e203_exu_alu.u_e203_exu_alu_dpath.adder_in1[0]	1
814	-1.1672	_14911_	10
814	-1.1672	_14846_	7
814	-1.1672	_14845_	10
814	-1.1672	_14844_	2
814	-1.1672	_14842_	1
814	-1.1672	_14840_	1
814	-1.1672	_14839_	1
814	-1.1672	_14789_	4
814	-1.1672	_14786_	1
814	-1.1672	_14780_	7
814	-1.1672	_14492_	10
814	-1.1672	_14491_	10
814	-1.1672	_14490_	4
814	-1.1672	_14404_	10
814	-1.1672	_13821_	3
814	-1.1672	_13403_	3
814	-1.1672	_13370_	4
814	-1.1672	_13369_	10
815	-1.1672	_02521_	1
815	-1.1672	_12420_	10
815	-1.1672	_12413_	5
815	-1.1672	_12412_	1
815	-1.1672	_08663_	7
815	-1.1672	_08363_	9
815	-1.1672	_08362_	1
815	-1.1672	_08354_	1
815	-1.1672	_08258_	5
815	-1.1672	_08205_	2
815	-1.1672	_08166_	3
815	-1.1672	_08007_	10
815	-1.1672	_07670_	6
815	-1.1672	_07573_	9
815	-1.1672	_07571_	1
815	-1.1672	_04744_	3
815	-1.1672	_04741_	2
815	-1.1672	_04740_	2
815	-1.1672	_04738_	1
815	-1.1672	_04602_	2
815	-1.1672	_04593_	3
815	-1.1672	_04416_	3
815	-1.1672	_04408_	3
815	-1.1672	_04407_	6
815	-1.1672	_04401_	4
815	-1.1672	_04397_	4
815	-1.1672	_04395_	2
815	-1.1672	_04390_	2
815	-1.1672	_00165_	2
815	-1.1672	u_e203_cpu.u_e203_core.u_e203_exu.u_e203_exu_alu.u_e203_exu_alu_dpath.adder_in1[0]	1
815	-1.1672	_14911_	10
815	-1.1672	_14846_	7
815	-1.1672	_14845_	10
815	-1.1672	_14844_	2
815	-1.1672	_14842_	1
815	-1.1672	_14840_	1
815	-1.1672	_14839_	1
815	-1.1672	_14789_	4
815	-1.1672	_14786_	1
815	-1.1672	_14780_	7
815	-1.1672	_14492_	10
815	-1.1672	_14491_	10
815	-1.1672	_14490_	4
815	-1.1672	_14404_	10
815	-1.1672	_13821_	3
815	-1.1672	_13403_	3
815	-1.1672	_13370_	4
815	-1.1672	_13369_	10
816	-1.1672	_02519_	1
816	-1.1672	_12420_	10
816	-1.1672	_12413_	5
816	-1.1672	_12412_	1
816	-1.1672	_08663_	7
816	-1.1672	_08363_	9
816	-1.1672	_08362_	1
816	-1.1672	_08354_	1
816	-1.1672	_08258_	5
816	-1.1672	_08205_	2
816	-1.1672	_08166_	3
816	-1.1672	_08007_	10
816	-1.1672	_07670_	6
816	-1.1672	_07573_	9
816	-1.1672	_07571_	1
816	-1.1672	_04744_	3
816	-1.1672	_04741_	2
816	-1.1672	_04740_	2
816	-1.1672	_04738_	1
816	-1.1672	_04602_	2
816	-1.1672	_04593_	3
816	-1.1672	_04416_	3
816	-1.1672	_04408_	3
816	-1.1672	_04407_	6
816	-1.1672	_04401_	4
816	-1.1672	_04397_	4
816	-1.1672	_04395_	2
816	-1.1672	_04390_	2
816	-1.1672	_00165_	2
816	-1.1672	u_e203_cpu.u_e203_core.u_e203_exu.u_e203_exu_alu.u_e203_exu_alu_dpath.adder_in1[0]	1
816	-1.1672	_14911_	10
816	-1.1672	_14846_	7
816	-1.1672	_14845_	10
816	-1.1672	_14844_	2
816	-1.1672	_14842_	1
816	-1.1672	_14840_	1
816	-1.1672	_14839_	1
816	-1.1672	_14789_	4
816	-1.1672	_14786_	1
816	-1.1672	_14780_	7
816	-1.1672	_14492_	10
816	-1.1672	_14491_	10
816	-1.1672	_14490_	4
816	-1.1672	_14404_	10
816	-1.1672	_13821_	3
816	-1.1672	_13403_	3
816	-1.1672	_13370_	4
816	-1.1672	_13369_	10
817	-1.1672	_02517_	1
817	-1.1672	_12420_	10
817	-1.1672	_12413_	5
817	-1.1672	_12412_	1
817	-1.1672	_08663_	7
817	-1.1672	_08363_	9
817	-1.1672	_08362_	1
817	-1.1672	_08354_	1
817	-1.1672	_08258_	5
817	-1.1672	_08205_	2
817	-1.1672	_08166_	3
817	-1.1672	_08007_	10
817	-1.1672	_07670_	6
817	-1.1672	_07573_	9
817	-1.1672	_07571_	1
817	-1.1672	_04744_	3
817	-1.1672	_04741_	2
817	-1.1672	_04740_	2
817	-1.1672	_04738_	1
817	-1.1672	_04602_	2
817	-1.1672	_04593_	3
817	-1.1672	_04416_	3
817	-1.1672	_04408_	3
817	-1.1672	_04407_	6
817	-1.1672	_04401_	4
817	-1.1672	_04397_	4
817	-1.1672	_04395_	2
817	-1.1672	_04390_	2
817	-1.1672	_00165_	2
817	-1.1672	u_e203_cpu.u_e203_core.u_e203_exu.u_e203_exu_alu.u_e203_exu_alu_dpath.adder_in1[0]	1
817	-1.1672	_14911_	10
817	-1.1672	_14846_	7
817	-1.1672	_14845_	10
817	-1.1672	_14844_	2
817	-1.1672	_14842_	1
817	-1.1672	_14840_	1
817	-1.1672	_14839_	1
817	-1.1672	_14789_	4
817	-1.1672	_14786_	1
817	-1.1672	_14780_	7
817	-1.1672	_14492_	10
817	-1.1672	_14491_	10
817	-1.1672	_14490_	4
817	-1.1672	_14404_	10
817	-1.1672	_13821_	3
817	-1.1672	_13403_	3
817	-1.1672	_13370_	4
817	-1.1672	_13369_	10
818	-1.1672	_02516_	1
818	-1.1672	_12420_	10
818	-1.1672	_12413_	5
818	-1.1672	_12412_	1
818	-1.1672	_08663_	7
818	-1.1672	_08363_	9
818	-1.1672	_08362_	1
818	-1.1672	_08354_	1
818	-1.1672	_08258_	5
818	-1.1672	_08205_	2
818	-1.1672	_08166_	3
818	-1.1672	_08007_	10
818	-1.1672	_07670_	6
818	-1.1672	_07573_	9
818	-1.1672	_07571_	1
818	-1.1672	_04744_	3
818	-1.1672	_04741_	2
818	-1.1672	_04740_	2
818	-1.1672	_04738_	1
818	-1.1672	_04602_	2
818	-1.1672	_04593_	3
818	-1.1672	_04416_	3
818	-1.1672	_04408_	3
818	-1.1672	_04407_	6
818	-1.1672	_04401_	4
818	-1.1672	_04397_	4
818	-1.1672	_04395_	2
818	-1.1672	_04390_	2
818	-1.1672	_00165_	2
818	-1.1672	u_e203_cpu.u_e203_core.u_e203_exu.u_e203_exu_alu.u_e203_exu_alu_dpath.adder_in1[0]	1
818	-1.1672	_14911_	10
818	-1.1672	_14846_	7
818	-1.1672	_14845_	10
818	-1.1672	_14844_	2
818	-1.1672	_14842_	1
818	-1.1672	_14840_	1
818	-1.1672	_14839_	1
818	-1.1672	_14789_	4
818	-1.1672	_14786_	1
818	-1.1672	_14780_	7
818	-1.1672	_14492_	10
818	-1.1672	_14491_	10
818	-1.1672	_14490_	4
818	-1.1672	_14404_	10
818	-1.1672	_13821_	3
818	-1.1672	_13403_	3
818	-1.1672	_13370_	4
818	-1.1672	_13369_	10
819	-1.1665	_02497_	1
819	-1.1665	_12414_	10
819	-1.1665	_12413_	5
819	-1.1665	_12412_	1
819	-1.1665	_08663_	7
819	-1.1665	_08363_	9
819	-1.1665	_08362_	1
819	-1.1665	_08354_	1
819	-1.1665	_08258_	5
819	-1.1665	_08205_	2
819	-1.1665	_08166_	3
819	-1.1665	_08007_	10
819	-1.1665	_07670_	6
819	-1.1665	_07573_	9
819	-1.1665	_07571_	1
819	-1.1665	_04744_	3
819	-1.1665	_04741_	2
819	-1.1665	_04740_	2
819	-1.1665	_04738_	1
819	-1.1665	_04602_	2
819	-1.1665	_04593_	3
819	-1.1665	_04416_	3
819	-1.1665	_04408_	3
819	-1.1665	_04407_	6
819	-1.1665	_04401_	4
819	-1.1665	_04397_	4
819	-1.1665	_04395_	2
819	-1.1665	_04390_	2
819	-1.1665	_00165_	2
819	-1.1665	u_e203_cpu.u_e203_core.u_e203_exu.u_e203_exu_alu.u_e203_exu_alu_dpath.adder_in1[0]	1
819	-1.1665	_14911_	10
819	-1.1665	_14846_	7
819	-1.1665	_14845_	10
819	-1.1665	_14844_	2
819	-1.1665	_14842_	1
819	-1.1665	_14840_	1
819	-1.1665	_14839_	1
819	-1.1665	_14789_	4
819	-1.1665	_14786_	1
819	-1.1665	_14780_	7
819	-1.1665	_14492_	10
819	-1.1665	_14491_	10
819	-1.1665	_14490_	4
819	-1.1665	_14404_	10
819	-1.1665	_13821_	3
819	-1.1665	_13403_	3
819	-1.1665	_13370_	4
819	-1.1665	_13369_	10
820	-1.1665	_02496_	1
820	-1.1665	_12414_	10
820	-1.1665	_12413_	5
820	-1.1665	_12412_	1
820	-1.1665	_08663_	7
820	-1.1665	_08363_	9
820	-1.1665	_08362_	1
820	-1.1665	_08354_	1
820	-1.1665	_08258_	5
820	-1.1665	_08205_	2
820	-1.1665	_08166_	3
820	-1.1665	_08007_	10
820	-1.1665	_07670_	6
820	-1.1665	_07573_	9
820	-1.1665	_07571_	1
820	-1.1665	_04744_	3
820	-1.1665	_04741_	2
820	-1.1665	_04740_	2
820	-1.1665	_04738_	1
820	-1.1665	_04602_	2
820	-1.1665	_04593_	3
820	-1.1665	_04416_	3
820	-1.1665	_04408_	3
820	-1.1665	_04407_	6
820	-1.1665	_04401_	4
820	-1.1665	_04397_	4
820	-1.1665	_04395_	2
820	-1.1665	_04390_	2
820	-1.1665	_00165_	2
820	-1.1665	u_e203_cpu.u_e203_core.u_e203_exu.u_e203_exu_alu.u_e203_exu_alu_dpath.adder_in1[0]	1
820	-1.1665	_14911_	10
820	-1.1665	_14846_	7
820	-1.1665	_14845_	10
820	-1.1665	_14844_	2
820	-1.1665	_14842_	1
820	-1.1665	_14840_	1
820	-1.1665	_14839_	1
820	-1.1665	_14789_	4
820	-1.1665	_14786_	1
820	-1.1665	_14780_	7
820	-1.1665	_14492_	10
820	-1.1665	_14491_	10
820	-1.1665	_14490_	4
820	-1.1665	_14404_	10
820	-1.1665	_13821_	3
820	-1.1665	_13403_	3
820	-1.1665	_13370_	4
820	-1.1665	_13369_	10
821	-1.1665	_02495_	1
821	-1.1665	_12414_	10
821	-1.1665	_12413_	5
821	-1.1665	_12412_	1
821	-1.1665	_08663_	7
821	-1.1665	_08363_	9
821	-1.1665	_08362_	1
821	-1.1665	_08354_	1
821	-1.1665	_08258_	5
821	-1.1665	_08205_	2
821	-1.1665	_08166_	3
821	-1.1665	_08007_	10
821	-1.1665	_07670_	6
821	-1.1665	_07573_	9
821	-1.1665	_07571_	1
821	-1.1665	_04744_	3
821	-1.1665	_04741_	2
821	-1.1665	_04740_	2
821	-1.1665	_04738_	1
821	-1.1665	_04602_	2
821	-1.1665	_04593_	3
821	-1.1665	_04416_	3
821	-1.1665	_04408_	3
821	-1.1665	_04407_	6
821	-1.1665	_04401_	4
821	-1.1665	_04397_	4
821	-1.1665	_04395_	2
821	-1.1665	_04390_	2
821	-1.1665	_00165_	2
821	-1.1665	u_e203_cpu.u_e203_core.u_e203_exu.u_e203_exu_alu.u_e203_exu_alu_dpath.adder_in1[0]	1
821	-1.1665	_14911_	10
821	-1.1665	_14846_	7
821	-1.1665	_14845_	10
821	-1.1665	_14844_	2
821	-1.1665	_14842_	1
821	-1.1665	_14840_	1
821	-1.1665	_14839_	1
821	-1.1665	_14789_	4
821	-1.1665	_14786_	1
821	-1.1665	_14780_	7
821	-1.1665	_14492_	10
821	-1.1665	_14491_	10
821	-1.1665	_14490_	4
821	-1.1665	_14404_	10
821	-1.1665	_13821_	3
821	-1.1665	_13403_	3
821	-1.1665	_13370_	4
821	-1.1665	_13369_	10
822	-1.1577	_02657_	1
822	-1.1577	_08687_	7
822	-1.1577	_08686_	1
822	-1.1577	_08630_	9
822	-1.1577	_08629_	1
822	-1.1577	_08363_	9
822	-1.1577	_08362_	1
822	-1.1577	_08354_	1
822	-1.1577	_08258_	5
822	-1.1577	_08205_	2
822	-1.1577	_08166_	3
822	-1.1577	_08007_	10
822	-1.1577	_07670_	6
822	-1.1577	_07573_	9
822	-1.1577	_07571_	1
822	-1.1577	_04744_	3
822	-1.1577	_04741_	2
822	-1.1577	_04740_	2
822	-1.1577	_04738_	1
822	-1.1577	_04602_	2
822	-1.1577	_04593_	3
822	-1.1577	_04416_	3
822	-1.1577	_04408_	3
822	-1.1577	_04407_	6
822	-1.1577	_04401_	4
822	-1.1577	_04397_	4
822	-1.1577	_04395_	2
822	-1.1577	_04390_	2
822	-1.1577	_00165_	2
822	-1.1577	u_e203_cpu.u_e203_core.u_e203_exu.u_e203_exu_alu.u_e203_exu_alu_dpath.adder_in1[0]	1
822	-1.1577	_14911_	10
822	-1.1577	_14846_	7
822	-1.1577	_14845_	10
822	-1.1577	_14844_	2
822	-1.1577	_14842_	1
822	-1.1577	_14840_	1
822	-1.1577	_14839_	1
822	-1.1577	_14789_	4
822	-1.1577	_14786_	1
822	-1.1577	_14780_	7
822	-1.1577	_14492_	10
822	-1.1577	_14491_	10
822	-1.1577	_14490_	4
822	-1.1577	_14404_	10
822	-1.1577	_13821_	3
822	-1.1577	_13403_	3
822	-1.1577	_13370_	4
822	-1.1577	_13369_	10
823	-1.1577	_00875_	1
823	-1.1577	_08687_	7
823	-1.1577	_08686_	1
823	-1.1577	_08630_	9
823	-1.1577	_08629_	1
823	-1.1577	_08363_	9
823	-1.1577	_08362_	1
823	-1.1577	_08354_	1
823	-1.1577	_08258_	5
823	-1.1577	_08205_	2
823	-1.1577	_08166_	3
823	-1.1577	_08007_	10
823	-1.1577	_07670_	6
823	-1.1577	_07573_	9
823	-1.1577	_07571_	1
823	-1.1577	_04744_	3
823	-1.1577	_04741_	2
823	-1.1577	_04740_	2
823	-1.1577	_04738_	1
823	-1.1577	_04602_	2
823	-1.1577	_04593_	3
823	-1.1577	_04416_	3
823	-1.1577	_04408_	3
823	-1.1577	_04407_	6
823	-1.1577	_04401_	4
823	-1.1577	_04397_	4
823	-1.1577	_04395_	2
823	-1.1577	_04390_	2
823	-1.1577	_00165_	2
823	-1.1577	u_e203_cpu.u_e203_core.u_e203_exu.u_e203_exu_alu.u_e203_exu_alu_dpath.adder_in1[0]	1
823	-1.1577	_14911_	10
823	-1.1577	_14846_	7
823	-1.1577	_14845_	10
823	-1.1577	_14844_	2
823	-1.1577	_14842_	1
823	-1.1577	_14840_	1
823	-1.1577	_14839_	1
823	-1.1577	_14789_	4
823	-1.1577	_14786_	1
823	-1.1577	_14780_	7
823	-1.1577	_14492_	10
823	-1.1577	_14491_	10
823	-1.1577	_14490_	4
823	-1.1577	_14404_	10
823	-1.1577	_13821_	3
823	-1.1577	_13403_	3
823	-1.1577	_13370_	4
823	-1.1577	_13369_	10
824	-1.1577	_00874_	1
824	-1.1577	_08687_	7
824	-1.1577	_08686_	1
824	-1.1577	_08630_	9
824	-1.1577	_08629_	1
824	-1.1577	_08363_	9
824	-1.1577	_08362_	1
824	-1.1577	_08354_	1
824	-1.1577	_08258_	5
824	-1.1577	_08205_	2
824	-1.1577	_08166_	3
824	-1.1577	_08007_	10
824	-1.1577	_07670_	6
824	-1.1577	_07573_	9
824	-1.1577	_07571_	1
824	-1.1577	_04744_	3
824	-1.1577	_04741_	2
824	-1.1577	_04740_	2
824	-1.1577	_04738_	1
824	-1.1577	_04602_	2
824	-1.1577	_04593_	3
824	-1.1577	_04416_	3
824	-1.1577	_04408_	3
824	-1.1577	_04407_	6
824	-1.1577	_04401_	4
824	-1.1577	_04397_	4
824	-1.1577	_04395_	2
824	-1.1577	_04390_	2
824	-1.1577	_00165_	2
824	-1.1577	u_e203_cpu.u_e203_core.u_e203_exu.u_e203_exu_alu.u_e203_exu_alu_dpath.adder_in1[0]	1
824	-1.1577	_14911_	10
824	-1.1577	_14846_	7
824	-1.1577	_14845_	10
824	-1.1577	_14844_	2
824	-1.1577	_14842_	1
824	-1.1577	_14840_	1
824	-1.1577	_14839_	1
824	-1.1577	_14789_	4
824	-1.1577	_14786_	1
824	-1.1577	_14780_	7
824	-1.1577	_14492_	10
824	-1.1577	_14491_	10
824	-1.1577	_14490_	4
824	-1.1577	_14404_	10
824	-1.1577	_13821_	3
824	-1.1577	_13403_	3
824	-1.1577	_13370_	4
824	-1.1577	_13369_	10
825	-1.1577	_00873_	1
825	-1.1577	_08687_	7
825	-1.1577	_08686_	1
825	-1.1577	_08630_	9
825	-1.1577	_08629_	1
825	-1.1577	_08363_	9
825	-1.1577	_08362_	1
825	-1.1577	_08354_	1
825	-1.1577	_08258_	5
825	-1.1577	_08205_	2
825	-1.1577	_08166_	3
825	-1.1577	_08007_	10
825	-1.1577	_07670_	6
825	-1.1577	_07573_	9
825	-1.1577	_07571_	1
825	-1.1577	_04744_	3
825	-1.1577	_04741_	2
825	-1.1577	_04740_	2
825	-1.1577	_04738_	1
825	-1.1577	_04602_	2
825	-1.1577	_04593_	3
825	-1.1577	_04416_	3
825	-1.1577	_04408_	3
825	-1.1577	_04407_	6
825	-1.1577	_04401_	4
825	-1.1577	_04397_	4
825	-1.1577	_04395_	2
825	-1.1577	_04390_	2
825	-1.1577	_00165_	2
825	-1.1577	u_e203_cpu.u_e203_core.u_e203_exu.u_e203_exu_alu.u_e203_exu_alu_dpath.adder_in1[0]	1
825	-1.1577	_14911_	10
825	-1.1577	_14846_	7
825	-1.1577	_14845_	10
825	-1.1577	_14844_	2
825	-1.1577	_14842_	1
825	-1.1577	_14840_	1
825	-1.1577	_14839_	1
825	-1.1577	_14789_	4
825	-1.1577	_14786_	1
825	-1.1577	_14780_	7
825	-1.1577	_14492_	10
825	-1.1577	_14491_	10
825	-1.1577	_14490_	4
825	-1.1577	_14404_	10
825	-1.1577	_13821_	3
825	-1.1577	_13403_	3
825	-1.1577	_13370_	4
825	-1.1577	_13369_	10
826	-1.1577	_00872_	1
826	-1.1577	_08687_	7
826	-1.1577	_08686_	1
826	-1.1577	_08630_	9
826	-1.1577	_08629_	1
826	-1.1577	_08363_	9
826	-1.1577	_08362_	1
826	-1.1577	_08354_	1
826	-1.1577	_08258_	5
826	-1.1577	_08205_	2
826	-1.1577	_08166_	3
826	-1.1577	_08007_	10
826	-1.1577	_07670_	6
826	-1.1577	_07573_	9
826	-1.1577	_07571_	1
826	-1.1577	_04744_	3
826	-1.1577	_04741_	2
826	-1.1577	_04740_	2
826	-1.1577	_04738_	1
826	-1.1577	_04602_	2
826	-1.1577	_04593_	3
826	-1.1577	_04416_	3
826	-1.1577	_04408_	3
826	-1.1577	_04407_	6
826	-1.1577	_04401_	4
826	-1.1577	_04397_	4
826	-1.1577	_04395_	2
826	-1.1577	_04390_	2
826	-1.1577	_00165_	2
826	-1.1577	u_e203_cpu.u_e203_core.u_e203_exu.u_e203_exu_alu.u_e203_exu_alu_dpath.adder_in1[0]	1
826	-1.1577	_14911_	10
826	-1.1577	_14846_	7
826	-1.1577	_14845_	10
826	-1.1577	_14844_	2
826	-1.1577	_14842_	1
826	-1.1577	_14840_	1
826	-1.1577	_14839_	1
826	-1.1577	_14789_	4
826	-1.1577	_14786_	1
826	-1.1577	_14780_	7
826	-1.1577	_14492_	10
826	-1.1577	_14491_	10
826	-1.1577	_14490_	4
826	-1.1577	_14404_	10
826	-1.1577	_13821_	3
826	-1.1577	_13403_	3
826	-1.1577	_13370_	4
826	-1.1577	_13369_	10
827	-1.1577	_00871_	1
827	-1.1577	_08687_	7
827	-1.1577	_08686_	1
827	-1.1577	_08630_	9
827	-1.1577	_08629_	1
827	-1.1577	_08363_	9
827	-1.1577	_08362_	1
827	-1.1577	_08354_	1
827	-1.1577	_08258_	5
827	-1.1577	_08205_	2
827	-1.1577	_08166_	3
827	-1.1577	_08007_	10
827	-1.1577	_07670_	6
827	-1.1577	_07573_	9
827	-1.1577	_07571_	1
827	-1.1577	_04744_	3
827	-1.1577	_04741_	2
827	-1.1577	_04740_	2
827	-1.1577	_04738_	1
827	-1.1577	_04602_	2
827	-1.1577	_04593_	3
827	-1.1577	_04416_	3
827	-1.1577	_04408_	3
827	-1.1577	_04407_	6
827	-1.1577	_04401_	4
827	-1.1577	_04397_	4
827	-1.1577	_04395_	2
827	-1.1577	_04390_	2
827	-1.1577	_00165_	2
827	-1.1577	u_e203_cpu.u_e203_core.u_e203_exu.u_e203_exu_alu.u_e203_exu_alu_dpath.adder_in1[0]	1
827	-1.1577	_14911_	10
827	-1.1577	_14846_	7
827	-1.1577	_14845_	10
827	-1.1577	_14844_	2
827	-1.1577	_14842_	1
827	-1.1577	_14840_	1
827	-1.1577	_14839_	1
827	-1.1577	_14789_	4
827	-1.1577	_14786_	1
827	-1.1577	_14780_	7
827	-1.1577	_14492_	10
827	-1.1577	_14491_	10
827	-1.1577	_14490_	4
827	-1.1577	_14404_	10
827	-1.1577	_13821_	3
827	-1.1577	_13403_	3
827	-1.1577	_13370_	4
827	-1.1577	_13369_	10
828	-1.1552	_00855_	1
828	-1.1552	_08632_	6
828	-1.1552	_08630_	9
828	-1.1552	_08629_	1
828	-1.1552	_08363_	9
828	-1.1552	_08362_	1
828	-1.1552	_08354_	1
828	-1.1552	_08258_	5
828	-1.1552	_08205_	2
828	-1.1552	_08166_	3
828	-1.1552	_08007_	10
828	-1.1552	_07670_	6
828	-1.1552	_07573_	9
828	-1.1552	_07571_	1
828	-1.1552	_04744_	3
828	-1.1552	_04741_	2
828	-1.1552	_04740_	2
828	-1.1552	_04738_	1
828	-1.1552	_04602_	2
828	-1.1552	_04593_	3
828	-1.1552	_04416_	3
828	-1.1552	_04408_	3
828	-1.1552	_04407_	6
828	-1.1552	_04401_	4
828	-1.1552	_04397_	4
828	-1.1552	_04395_	2
828	-1.1552	_04390_	2
828	-1.1552	_00165_	2
828	-1.1552	u_e203_cpu.u_e203_core.u_e203_exu.u_e203_exu_alu.u_e203_exu_alu_dpath.adder_in1[0]	1
828	-1.1552	_14911_	10
828	-1.1552	_14846_	7
828	-1.1552	_14845_	10
828	-1.1552	_14844_	2
828	-1.1552	_14842_	1
828	-1.1552	_14840_	1
828	-1.1552	_14839_	1
828	-1.1552	_14789_	4
828	-1.1552	_14786_	1
828	-1.1552	_14780_	7
828	-1.1552	_14492_	10
828	-1.1552	_14491_	10
828	-1.1552	_14490_	4
828	-1.1552	_14404_	10
828	-1.1552	_13821_	3
828	-1.1552	_13403_	3
828	-1.1552	_13370_	4
828	-1.1552	_13369_	10
829	-1.1552	_00854_	1
829	-1.1552	_08632_	6
829	-1.1552	_08630_	9
829	-1.1552	_08629_	1
829	-1.1552	_08363_	9
829	-1.1552	_08362_	1
829	-1.1552	_08354_	1
829	-1.1552	_08258_	5
829	-1.1552	_08205_	2
829	-1.1552	_08166_	3
829	-1.1552	_08007_	10
829	-1.1552	_07670_	6
829	-1.1552	_07573_	9
829	-1.1552	_07571_	1
829	-1.1552	_04744_	3
829	-1.1552	_04741_	2
829	-1.1552	_04740_	2
829	-1.1552	_04738_	1
829	-1.1552	_04602_	2
829	-1.1552	_04593_	3
829	-1.1552	_04416_	3
829	-1.1552	_04408_	3
829	-1.1552	_04407_	6
829	-1.1552	_04401_	4
829	-1.1552	_04397_	4
829	-1.1552	_04395_	2
829	-1.1552	_04390_	2
829	-1.1552	_00165_	2
829	-1.1552	u_e203_cpu.u_e203_core.u_e203_exu.u_e203_exu_alu.u_e203_exu_alu_dpath.adder_in1[0]	1
829	-1.1552	_14911_	10
829	-1.1552	_14846_	7
829	-1.1552	_14845_	10
829	-1.1552	_14844_	2
829	-1.1552	_14842_	1
829	-1.1552	_14840_	1
829	-1.1552	_14839_	1
829	-1.1552	_14789_	4
829	-1.1552	_14786_	1
829	-1.1552	_14780_	7
829	-1.1552	_14492_	10
829	-1.1552	_14491_	10
829	-1.1552	_14490_	4
829	-1.1552	_14404_	10
829	-1.1552	_13821_	3
829	-1.1552	_13403_	3
829	-1.1552	_13370_	4
829	-1.1552	_13369_	10
830	-1.1552	_02632_	1
830	-1.1552	_08632_	6
830	-1.1552	_08630_	9
830	-1.1552	_08629_	1
830	-1.1552	_08363_	9
830	-1.1552	_08362_	1
830	-1.1552	_08354_	1
830	-1.1552	_08258_	5
830	-1.1552	_08205_	2
830	-1.1552	_08166_	3
830	-1.1552	_08007_	10
830	-1.1552	_07670_	6
830	-1.1552	_07573_	9
830	-1.1552	_07571_	1
830	-1.1552	_04744_	3
830	-1.1552	_04741_	2
830	-1.1552	_04740_	2
830	-1.1552	_04738_	1
830	-1.1552	_04602_	2
830	-1.1552	_04593_	3
830	-1.1552	_04416_	3
830	-1.1552	_04408_	3
830	-1.1552	_04407_	6
830	-1.1552	_04401_	4
830	-1.1552	_04397_	4
830	-1.1552	_04395_	2
830	-1.1552	_04390_	2
830	-1.1552	_00165_	2
830	-1.1552	u_e203_cpu.u_e203_core.u_e203_exu.u_e203_exu_alu.u_e203_exu_alu_dpath.adder_in1[0]	1
830	-1.1552	_14911_	10
830	-1.1552	_14846_	7
830	-1.1552	_14845_	10
830	-1.1552	_14844_	2
830	-1.1552	_14842_	1
830	-1.1552	_14840_	1
830	-1.1552	_14839_	1
830	-1.1552	_14789_	4
830	-1.1552	_14786_	1
830	-1.1552	_14780_	7
830	-1.1552	_14492_	10
830	-1.1552	_14491_	10
830	-1.1552	_14490_	4
830	-1.1552	_14404_	10
830	-1.1552	_13821_	3
830	-1.1552	_13403_	3
830	-1.1552	_13370_	4
830	-1.1552	_13369_	10
831	-1.1532	_00886_	1
831	-1.1532	_08691_	10
831	-1.1532	_08690_	1
831	-1.1532	_08630_	9
831	-1.1532	_08629_	1
831	-1.1532	_08363_	9
831	-1.1532	_08362_	1
831	-1.1532	_08354_	1
831	-1.1532	_08258_	5
831	-1.1532	_08205_	2
831	-1.1532	_08166_	3
831	-1.1532	_08007_	10
831	-1.1532	_07670_	6
831	-1.1532	_07573_	9
831	-1.1532	_07571_	1
831	-1.1532	_04744_	3
831	-1.1532	_04741_	2
831	-1.1532	_04740_	2
831	-1.1532	_04738_	1
831	-1.1532	_04602_	2
831	-1.1532	_04593_	3
831	-1.1532	_04416_	3
831	-1.1532	_04408_	3
831	-1.1532	_04407_	6
831	-1.1532	_04401_	4
831	-1.1532	_04397_	4
831	-1.1532	_04395_	2
831	-1.1532	_04390_	2
831	-1.1532	_00165_	2
831	-1.1532	u_e203_cpu.u_e203_core.u_e203_exu.u_e203_exu_alu.u_e203_exu_alu_dpath.adder_in1[0]	1
831	-1.1532	_14911_	10
831	-1.1532	_14846_	7
831	-1.1532	_14845_	10
831	-1.1532	_14844_	2
831	-1.1532	_14842_	1
831	-1.1532	_14840_	1
831	-1.1532	_14839_	1
831	-1.1532	_14789_	4
831	-1.1532	_14786_	1
831	-1.1532	_14780_	7
831	-1.1532	_14492_	10
831	-1.1532	_14491_	10
831	-1.1532	_14490_	4
831	-1.1532	_14404_	10
831	-1.1532	_13821_	3
831	-1.1532	_13403_	3
831	-1.1532	_13370_	4
831	-1.1532	_13369_	10
832	-1.1532	_02654_	1
832	-1.1532	_08691_	10
832	-1.1532	_08690_	1
832	-1.1532	_08630_	9
832	-1.1532	_08629_	1
832	-1.1532	_08363_	9
832	-1.1532	_08362_	1
832	-1.1532	_08354_	1
832	-1.1532	_08258_	5
832	-1.1532	_08205_	2
832	-1.1532	_08166_	3
832	-1.1532	_08007_	10
832	-1.1532	_07670_	6
832	-1.1532	_07573_	9
832	-1.1532	_07571_	1
832	-1.1532	_04744_	3
832	-1.1532	_04741_	2
832	-1.1532	_04740_	2
832	-1.1532	_04738_	1
832	-1.1532	_04602_	2
832	-1.1532	_04593_	3
832	-1.1532	_04416_	3
832	-1.1532	_04408_	3
832	-1.1532	_04407_	6
832	-1.1532	_04401_	4
832	-1.1532	_04397_	4
832	-1.1532	_04395_	2
832	-1.1532	_04390_	2
832	-1.1532	_00165_	2
832	-1.1532	u_e203_cpu.u_e203_core.u_e203_exu.u_e203_exu_alu.u_e203_exu_alu_dpath.adder_in1[0]	1
832	-1.1532	_14911_	10
832	-1.1532	_14846_	7
832	-1.1532	_14845_	10
832	-1.1532	_14844_	2
832	-1.1532	_14842_	1
832	-1.1532	_14840_	1
832	-1.1532	_14839_	1
832	-1.1532	_14789_	4
832	-1.1532	_14786_	1
832	-1.1532	_14780_	7
832	-1.1532	_14492_	10
832	-1.1532	_14491_	10
832	-1.1532	_14490_	4
832	-1.1532	_14404_	10
832	-1.1532	_13821_	3
832	-1.1532	_13403_	3
832	-1.1532	_13370_	4
832	-1.1532	_13369_	10
833	-1.1532	_00890_	1
833	-1.1532	_08691_	10
833	-1.1532	_08690_	1
833	-1.1532	_08630_	9
833	-1.1532	_08629_	1
833	-1.1532	_08363_	9
833	-1.1532	_08362_	1
833	-1.1532	_08354_	1
833	-1.1532	_08258_	5
833	-1.1532	_08205_	2
833	-1.1532	_08166_	3
833	-1.1532	_08007_	10
833	-1.1532	_07670_	6
833	-1.1532	_07573_	9
833	-1.1532	_07571_	1
833	-1.1532	_04744_	3
833	-1.1532	_04741_	2
833	-1.1532	_04740_	2
833	-1.1532	_04738_	1
833	-1.1532	_04602_	2
833	-1.1532	_04593_	3
833	-1.1532	_04416_	3
833	-1.1532	_04408_	3
833	-1.1532	_04407_	6
833	-1.1532	_04401_	4
833	-1.1532	_04397_	4
833	-1.1532	_04395_	2
833	-1.1532	_04390_	2
833	-1.1532	_00165_	2
833	-1.1532	u_e203_cpu.u_e203_core.u_e203_exu.u_e203_exu_alu.u_e203_exu_alu_dpath.adder_in1[0]	1
833	-1.1532	_14911_	10
833	-1.1532	_14846_	7
833	-1.1532	_14845_	10
833	-1.1532	_14844_	2
833	-1.1532	_14842_	1
833	-1.1532	_14840_	1
833	-1.1532	_14839_	1
833	-1.1532	_14789_	4
833	-1.1532	_14786_	1
833	-1.1532	_14780_	7
833	-1.1532	_14492_	10
833	-1.1532	_14491_	10
833	-1.1532	_14490_	4
833	-1.1532	_14404_	10
833	-1.1532	_13821_	3
833	-1.1532	_13403_	3
833	-1.1532	_13370_	4
833	-1.1532	_13369_	10
834	-1.1532	_02658_	1
834	-1.1532	_08691_	10
834	-1.1532	_08690_	1
834	-1.1532	_08630_	9
834	-1.1532	_08629_	1
834	-1.1532	_08363_	9
834	-1.1532	_08362_	1
834	-1.1532	_08354_	1
834	-1.1532	_08258_	5
834	-1.1532	_08205_	2
834	-1.1532	_08166_	3
834	-1.1532	_08007_	10
834	-1.1532	_07670_	6
834	-1.1532	_07573_	9
834	-1.1532	_07571_	1
834	-1.1532	_04744_	3
834	-1.1532	_04741_	2
834	-1.1532	_04740_	2
834	-1.1532	_04738_	1
834	-1.1532	_04602_	2
834	-1.1532	_04593_	3
834	-1.1532	_04416_	3
834	-1.1532	_04408_	3
834	-1.1532	_04407_	6
834	-1.1532	_04401_	4
834	-1.1532	_04397_	4
834	-1.1532	_04395_	2
834	-1.1532	_04390_	2
834	-1.1532	_00165_	2
834	-1.1532	u_e203_cpu.u_e203_core.u_e203_exu.u_e203_exu_alu.u_e203_exu_alu_dpath.adder_in1[0]	1
834	-1.1532	_14911_	10
834	-1.1532	_14846_	7
834	-1.1532	_14845_	10
834	-1.1532	_14844_	2
834	-1.1532	_14842_	1
834	-1.1532	_14840_	1
834	-1.1532	_14839_	1
834	-1.1532	_14789_	4
834	-1.1532	_14786_	1
834	-1.1532	_14780_	7
834	-1.1532	_14492_	10
834	-1.1532	_14491_	10
834	-1.1532	_14490_	4
834	-1.1532	_14404_	10
834	-1.1532	_13821_	3
834	-1.1532	_13403_	3
834	-1.1532	_13370_	4
834	-1.1532	_13369_	10
835	-1.1532	_00889_	1
835	-1.1532	_08691_	10
835	-1.1532	_08690_	1
835	-1.1532	_08630_	9
835	-1.1532	_08629_	1
835	-1.1532	_08363_	9
835	-1.1532	_08362_	1
835	-1.1532	_08354_	1
835	-1.1532	_08258_	5
835	-1.1532	_08205_	2
835	-1.1532	_08166_	3
835	-1.1532	_08007_	10
835	-1.1532	_07670_	6
835	-1.1532	_07573_	9
835	-1.1532	_07571_	1
835	-1.1532	_04744_	3
835	-1.1532	_04741_	2
835	-1.1532	_04740_	2
835	-1.1532	_04738_	1
835	-1.1532	_04602_	2
835	-1.1532	_04593_	3
835	-1.1532	_04416_	3
835	-1.1532	_04408_	3
835	-1.1532	_04407_	6
835	-1.1532	_04401_	4
835	-1.1532	_04397_	4
835	-1.1532	_04395_	2
835	-1.1532	_04390_	2
835	-1.1532	_00165_	2
835	-1.1532	u_e203_cpu.u_e203_core.u_e203_exu.u_e203_exu_alu.u_e203_exu_alu_dpath.adder_in1[0]	1
835	-1.1532	_14911_	10
835	-1.1532	_14846_	7
835	-1.1532	_14845_	10
835	-1.1532	_14844_	2
835	-1.1532	_14842_	1
835	-1.1532	_14840_	1
835	-1.1532	_14839_	1
835	-1.1532	_14789_	4
835	-1.1532	_14786_	1
835	-1.1532	_14780_	7
835	-1.1532	_14492_	10
835	-1.1532	_14491_	10
835	-1.1532	_14490_	4
835	-1.1532	_14404_	10
835	-1.1532	_13821_	3
835	-1.1532	_13403_	3
835	-1.1532	_13370_	4
835	-1.1532	_13369_	10
836	-1.1532	_00888_	1
836	-1.1532	_08691_	10
836	-1.1532	_08690_	1
836	-1.1532	_08630_	9
836	-1.1532	_08629_	1
836	-1.1532	_08363_	9
836	-1.1532	_08362_	1
836	-1.1532	_08354_	1
836	-1.1532	_08258_	5
836	-1.1532	_08205_	2
836	-1.1532	_08166_	3
836	-1.1532	_08007_	10
836	-1.1532	_07670_	6
836	-1.1532	_07573_	9
836	-1.1532	_07571_	1
836	-1.1532	_04744_	3
836	-1.1532	_04741_	2
836	-1.1532	_04740_	2
836	-1.1532	_04738_	1
836	-1.1532	_04602_	2
836	-1.1532	_04593_	3
836	-1.1532	_04416_	3
836	-1.1532	_04408_	3
836	-1.1532	_04407_	6
836	-1.1532	_04401_	4
836	-1.1532	_04397_	4
836	-1.1532	_04395_	2
836	-1.1532	_04390_	2
836	-1.1532	_00165_	2
836	-1.1532	u_e203_cpu.u_e203_core.u_e203_exu.u_e203_exu_alu.u_e203_exu_alu_dpath.adder_in1[0]	1
836	-1.1532	_14911_	10
836	-1.1532	_14846_	7
836	-1.1532	_14845_	10
836	-1.1532	_14844_	2
836	-1.1532	_14842_	1
836	-1.1532	_14840_	1
836	-1.1532	_14839_	1
836	-1.1532	_14789_	4
836	-1.1532	_14786_	1
836	-1.1532	_14780_	7
836	-1.1532	_14492_	10
836	-1.1532	_14491_	10
836	-1.1532	_14490_	4
836	-1.1532	_14404_	10
836	-1.1532	_13821_	3
836	-1.1532	_13403_	3
836	-1.1532	_13370_	4
836	-1.1532	_13369_	10
837	-1.1532	_00887_	1
837	-1.1532	_08691_	10
837	-1.1532	_08690_	1
837	-1.1532	_08630_	9
837	-1.1532	_08629_	1
837	-1.1532	_08363_	9
837	-1.1532	_08362_	1
837	-1.1532	_08354_	1
837	-1.1532	_08258_	5
837	-1.1532	_08205_	2
837	-1.1532	_08166_	3
837	-1.1532	_08007_	10
837	-1.1532	_07670_	6
837	-1.1532	_07573_	9
837	-1.1532	_07571_	1
837	-1.1532	_04744_	3
837	-1.1532	_04741_	2
837	-1.1532	_04740_	2
837	-1.1532	_04738_	1
837	-1.1532	_04602_	2
837	-1.1532	_04593_	3
837	-1.1532	_04416_	3
837	-1.1532	_04408_	3
837	-1.1532	_04407_	6
837	-1.1532	_04401_	4
837	-1.1532	_04397_	4
837	-1.1532	_04395_	2
837	-1.1532	_04390_	2
837	-1.1532	_00165_	2
837	-1.1532	u_e203_cpu.u_e203_core.u_e203_exu.u_e203_exu_alu.u_e203_exu_alu_dpath.adder_in1[0]	1
837	-1.1532	_14911_	10
837	-1.1532	_14846_	7
837	-1.1532	_14845_	10
837	-1.1532	_14844_	2
837	-1.1532	_14842_	1
837	-1.1532	_14840_	1
837	-1.1532	_14839_	1
837	-1.1532	_14789_	4
837	-1.1532	_14786_	1
837	-1.1532	_14780_	7
837	-1.1532	_14492_	10
837	-1.1532	_14491_	10
837	-1.1532	_14490_	4
837	-1.1532	_14404_	10
837	-1.1532	_13821_	3
837	-1.1532	_13403_	3
837	-1.1532	_13370_	4
837	-1.1532	_13369_	10
838	-1.1532	_00885_	1
838	-1.1532	_08691_	10
838	-1.1532	_08690_	1
838	-1.1532	_08630_	9
838	-1.1532	_08629_	1
838	-1.1532	_08363_	9
838	-1.1532	_08362_	1
838	-1.1532	_08354_	1
838	-1.1532	_08258_	5
838	-1.1532	_08205_	2
838	-1.1532	_08166_	3
838	-1.1532	_08007_	10
838	-1.1532	_07670_	6
838	-1.1532	_07573_	9
838	-1.1532	_07571_	1
838	-1.1532	_04744_	3
838	-1.1532	_04741_	2
838	-1.1532	_04740_	2
838	-1.1532	_04738_	1
838	-1.1532	_04602_	2
838	-1.1532	_04593_	3
838	-1.1532	_04416_	3
838	-1.1532	_04408_	3
838	-1.1532	_04407_	6
838	-1.1532	_04401_	4
838	-1.1532	_04397_	4
838	-1.1532	_04395_	2
838	-1.1532	_04390_	2
838	-1.1532	_00165_	2
838	-1.1532	u_e203_cpu.u_e203_core.u_e203_exu.u_e203_exu_alu.u_e203_exu_alu_dpath.adder_in1[0]	1
838	-1.1532	_14911_	10
838	-1.1532	_14846_	7
838	-1.1532	_14845_	10
838	-1.1532	_14844_	2
838	-1.1532	_14842_	1
838	-1.1532	_14840_	1
838	-1.1532	_14839_	1
838	-1.1532	_14789_	4
838	-1.1532	_14786_	1
838	-1.1532	_14780_	7
838	-1.1532	_14492_	10
838	-1.1532	_14491_	10
838	-1.1532	_14490_	4
838	-1.1532	_14404_	10
838	-1.1532	_13821_	3
838	-1.1532	_13403_	3
838	-1.1532	_13370_	4
838	-1.1532	_13369_	10
839	-1.1532	_02656_	1
839	-1.1532	_08691_	10
839	-1.1532	_08690_	1
839	-1.1532	_08630_	9
839	-1.1532	_08629_	1
839	-1.1532	_08363_	9
839	-1.1532	_08362_	1
839	-1.1532	_08354_	1
839	-1.1532	_08258_	5
839	-1.1532	_08205_	2
839	-1.1532	_08166_	3
839	-1.1532	_08007_	10
839	-1.1532	_07670_	6
839	-1.1532	_07573_	9
839	-1.1532	_07571_	1
839	-1.1532	_04744_	3
839	-1.1532	_04741_	2
839	-1.1532	_04740_	2
839	-1.1532	_04738_	1
839	-1.1532	_04602_	2
839	-1.1532	_04593_	3
839	-1.1532	_04416_	3
839	-1.1532	_04408_	3
839	-1.1532	_04407_	6
839	-1.1532	_04401_	4
839	-1.1532	_04397_	4
839	-1.1532	_04395_	2
839	-1.1532	_04390_	2
839	-1.1532	_00165_	2
839	-1.1532	u_e203_cpu.u_e203_core.u_e203_exu.u_e203_exu_alu.u_e203_exu_alu_dpath.adder_in1[0]	1
839	-1.1532	_14911_	10
839	-1.1532	_14846_	7
839	-1.1532	_14845_	10
839	-1.1532	_14844_	2
839	-1.1532	_14842_	1
839	-1.1532	_14840_	1
839	-1.1532	_14839_	1
839	-1.1532	_14789_	4
839	-1.1532	_14786_	1
839	-1.1532	_14780_	7
839	-1.1532	_14492_	10
839	-1.1532	_14491_	10
839	-1.1532	_14490_	4
839	-1.1532	_14404_	10
839	-1.1532	_13821_	3
839	-1.1532	_13403_	3
839	-1.1532	_13370_	4
839	-1.1532	_13369_	10
840	-1.1509	_02655_	1
840	-1.1509	_08692_	10
840	-1.1509	_08691_	10
840	-1.1509	_08690_	1
840	-1.1509	_08630_	9
840	-1.1509	_08629_	1
840	-1.1509	_08363_	9
840	-1.1509	_08362_	1
840	-1.1509	_08354_	1
840	-1.1509	_08258_	5
840	-1.1509	_08205_	2
840	-1.1509	_08166_	3
840	-1.1509	_08007_	10
840	-1.1509	_07670_	6
840	-1.1509	_07573_	9
840	-1.1509	_07571_	1
840	-1.1509	_04744_	3
840	-1.1509	_04741_	2
840	-1.1509	_04740_	2
840	-1.1509	_04738_	1
840	-1.1509	_04602_	2
840	-1.1509	_04593_	3
840	-1.1509	_04416_	3
840	-1.1509	_04408_	3
840	-1.1509	_04407_	6
840	-1.1509	_04401_	4
840	-1.1509	_04397_	4
840	-1.1509	_04395_	2
840	-1.1509	_04390_	2
840	-1.1509	_00165_	2
840	-1.1509	u_e203_cpu.u_e203_core.u_e203_exu.u_e203_exu_alu.u_e203_exu_alu_dpath.adder_in1[0]	1
840	-1.1509	_14911_	10
840	-1.1509	_14846_	7
840	-1.1509	_14845_	10
840	-1.1509	_14844_	2
840	-1.1509	_14842_	1
840	-1.1509	_14840_	1
840	-1.1509	_14839_	1
840	-1.1509	_14789_	4
840	-1.1509	_14786_	1
840	-1.1509	_14780_	7
840	-1.1509	_14492_	10
840	-1.1509	_14491_	10
840	-1.1509	_14490_	4
840	-1.1509	_14404_	10
840	-1.1509	_13821_	3
840	-1.1509	_13403_	3
840	-1.1509	_13370_	4
840	-1.1509	_13369_	10
841	-1.1419	_02524_	1
841	-1.1419	_12413_	5
841	-1.1419	_12412_	1
841	-1.1419	_08663_	7
841	-1.1419	_08363_	9
841	-1.1419	_08362_	1
841	-1.1419	_08354_	1
841	-1.1419	_08258_	5
841	-1.1419	_08205_	2
841	-1.1419	_08166_	3
841	-1.1419	_08007_	10
841	-1.1419	_07670_	6
841	-1.1419	_07573_	9
841	-1.1419	_07571_	1
841	-1.1419	_04744_	3
841	-1.1419	_04741_	2
841	-1.1419	_04740_	2
841	-1.1419	_04738_	1
841	-1.1419	_04602_	2
841	-1.1419	_04593_	3
841	-1.1419	_04416_	3
841	-1.1419	_04408_	3
841	-1.1419	_04407_	6
841	-1.1419	_04401_	4
841	-1.1419	_04397_	4
841	-1.1419	_04395_	2
841	-1.1419	_04390_	2
841	-1.1419	_00165_	2
841	-1.1419	u_e203_cpu.u_e203_core.u_e203_exu.u_e203_exu_alu.u_e203_exu_alu_dpath.adder_in1[0]	1
841	-1.1419	_14911_	10
841	-1.1419	_14846_	7
841	-1.1419	_14845_	10
841	-1.1419	_14844_	2
841	-1.1419	_14842_	1
841	-1.1419	_14840_	1
841	-1.1419	_14839_	1
841	-1.1419	_14789_	4
841	-1.1419	_14786_	1
841	-1.1419	_14780_	7
841	-1.1419	_14492_	10
841	-1.1419	_14491_	10
841	-1.1419	_14490_	4
841	-1.1419	_14404_	10
841	-1.1419	_13821_	3
841	-1.1419	_13403_	3
841	-1.1419	_13370_	4
841	-1.1419	_13369_	10
842	-1.1419	_02785_	1
842	-1.1419	_12413_	5
842	-1.1419	_12412_	1
842	-1.1419	_08663_	7
842	-1.1419	_08363_	9
842	-1.1419	_08362_	1
842	-1.1419	_08354_	1
842	-1.1419	_08258_	5
842	-1.1419	_08205_	2
842	-1.1419	_08166_	3
842	-1.1419	_08007_	10
842	-1.1419	_07670_	6
842	-1.1419	_07573_	9
842	-1.1419	_07571_	1
842	-1.1419	_04744_	3
842	-1.1419	_04741_	2
842	-1.1419	_04740_	2
842	-1.1419	_04738_	1
842	-1.1419	_04602_	2
842	-1.1419	_04593_	3
842	-1.1419	_04416_	3
842	-1.1419	_04408_	3
842	-1.1419	_04407_	6
842	-1.1419	_04401_	4
842	-1.1419	_04397_	4
842	-1.1419	_04395_	2
842	-1.1419	_04390_	2
842	-1.1419	_00165_	2
842	-1.1419	u_e203_cpu.u_e203_core.u_e203_exu.u_e203_exu_alu.u_e203_exu_alu_dpath.adder_in1[0]	1
842	-1.1419	_14911_	10
842	-1.1419	_14846_	7
842	-1.1419	_14845_	10
842	-1.1419	_14844_	2
842	-1.1419	_14842_	1
842	-1.1419	_14840_	1
842	-1.1419	_14839_	1
842	-1.1419	_14789_	4
842	-1.1419	_14786_	1
842	-1.1419	_14780_	7
842	-1.1419	_14492_	10
842	-1.1419	_14491_	10
842	-1.1419	_14490_	4
842	-1.1419	_14404_	10
842	-1.1419	_13821_	3
842	-1.1419	_13403_	3
842	-1.1419	_13370_	4
842	-1.1419	_13369_	10
843	-1.1392	_02513_	1
843	-1.1392	_12414_	10
843	-1.1392	_12413_	5
843	-1.1392	_12412_	1
843	-1.1392	_08663_	7
843	-1.1392	_08363_	9
843	-1.1392	_08362_	1
843	-1.1392	_08354_	1
843	-1.1392	_08258_	5
843	-1.1392	_08205_	2
843	-1.1392	_08166_	3
843	-1.1392	_08007_	10
843	-1.1392	_07670_	6
843	-1.1392	_07573_	9
843	-1.1392	_07571_	1
843	-1.1392	_04744_	3
843	-1.1392	_04741_	2
843	-1.1392	_04740_	2
843	-1.1392	_04738_	1
843	-1.1392	_04602_	2
843	-1.1392	_04593_	3
843	-1.1392	_04416_	3
843	-1.1392	_04408_	3
843	-1.1392	_04407_	6
843	-1.1392	_04401_	4
843	-1.1392	_04397_	4
843	-1.1392	_04395_	2
843	-1.1392	_04390_	2
843	-1.1392	_00165_	2
843	-1.1392	u_e203_cpu.u_e203_core.u_e203_exu.u_e203_exu_alu.u_e203_exu_alu_dpath.adder_in1[0]	1
843	-1.1392	_14911_	10
843	-1.1392	_14846_	7
843	-1.1392	_14845_	10
843	-1.1392	_14844_	2
843	-1.1392	_14842_	1
843	-1.1392	_14840_	1
843	-1.1392	_14839_	1
843	-1.1392	_14789_	4
843	-1.1392	_14786_	1
843	-1.1392	_14780_	7
843	-1.1392	_14492_	10
843	-1.1392	_14491_	10
843	-1.1392	_14490_	4
843	-1.1392	_14404_	10
843	-1.1392	_13821_	3
843	-1.1392	_13403_	3
843	-1.1392	_13370_	4
843	-1.1392	_13369_	10
844	-1.1392	_02520_	1
844	-1.1392	_12414_	10
844	-1.1392	_12413_	5
844	-1.1392	_12412_	1
844	-1.1392	_08663_	7
844	-1.1392	_08363_	9
844	-1.1392	_08362_	1
844	-1.1392	_08354_	1
844	-1.1392	_08258_	5
844	-1.1392	_08205_	2
844	-1.1392	_08166_	3
844	-1.1392	_08007_	10
844	-1.1392	_07670_	6
844	-1.1392	_07573_	9
844	-1.1392	_07571_	1
844	-1.1392	_04744_	3
844	-1.1392	_04741_	2
844	-1.1392	_04740_	2
844	-1.1392	_04738_	1
844	-1.1392	_04602_	2
844	-1.1392	_04593_	3
844	-1.1392	_04416_	3
844	-1.1392	_04408_	3
844	-1.1392	_04407_	6
844	-1.1392	_04401_	4
844	-1.1392	_04397_	4
844	-1.1392	_04395_	2
844	-1.1392	_04390_	2
844	-1.1392	_00165_	2
844	-1.1392	u_e203_cpu.u_e203_core.u_e203_exu.u_e203_exu_alu.u_e203_exu_alu_dpath.adder_in1[0]	1
844	-1.1392	_14911_	10
844	-1.1392	_14846_	7
844	-1.1392	_14845_	10
844	-1.1392	_14844_	2
844	-1.1392	_14842_	1
844	-1.1392	_14840_	1
844	-1.1392	_14839_	1
844	-1.1392	_14789_	4
844	-1.1392	_14786_	1
844	-1.1392	_14780_	7
844	-1.1392	_14492_	10
844	-1.1392	_14491_	10
844	-1.1392	_14490_	4
844	-1.1392	_14404_	10
844	-1.1392	_13821_	3
844	-1.1392	_13403_	3
844	-1.1392	_13370_	4
844	-1.1392	_13369_	10
845	-1.1392	_02518_	1
845	-1.1392	_12414_	10
845	-1.1392	_12413_	5
845	-1.1392	_12412_	1
845	-1.1392	_08663_	7
845	-1.1392	_08363_	9
845	-1.1392	_08362_	1
845	-1.1392	_08354_	1
845	-1.1392	_08258_	5
845	-1.1392	_08205_	2
845	-1.1392	_08166_	3
845	-1.1392	_08007_	10
845	-1.1392	_07670_	6
845	-1.1392	_07573_	9
845	-1.1392	_07571_	1
845	-1.1392	_04744_	3
845	-1.1392	_04741_	2
845	-1.1392	_04740_	2
845	-1.1392	_04738_	1
845	-1.1392	_04602_	2
845	-1.1392	_04593_	3
845	-1.1392	_04416_	3
845	-1.1392	_04408_	3
845	-1.1392	_04407_	6
845	-1.1392	_04401_	4
845	-1.1392	_04397_	4
845	-1.1392	_04395_	2
845	-1.1392	_04390_	2
845	-1.1392	_00165_	2
845	-1.1392	u_e203_cpu.u_e203_core.u_e203_exu.u_e203_exu_alu.u_e203_exu_alu_dpath.adder_in1[0]	1
845	-1.1392	_14911_	10
845	-1.1392	_14846_	7
845	-1.1392	_14845_	10
845	-1.1392	_14844_	2
845	-1.1392	_14842_	1
845	-1.1392	_14840_	1
845	-1.1392	_14839_	1
845	-1.1392	_14789_	4
845	-1.1392	_14786_	1
845	-1.1392	_14780_	7
845	-1.1392	_14492_	10
845	-1.1392	_14491_	10
845	-1.1392	_14490_	4
845	-1.1392	_14404_	10
845	-1.1392	_13821_	3
845	-1.1392	_13403_	3
845	-1.1392	_13370_	4
845	-1.1392	_13369_	10
846	-1.1392	_02509_	1
846	-1.1392	_12414_	10
846	-1.1392	_12413_	5
846	-1.1392	_12412_	1
846	-1.1392	_08663_	7
846	-1.1392	_08363_	9
846	-1.1392	_08362_	1
846	-1.1392	_08354_	1
846	-1.1392	_08258_	5
846	-1.1392	_08205_	2
846	-1.1392	_08166_	3
846	-1.1392	_08007_	10
846	-1.1392	_07670_	6
846	-1.1392	_07573_	9
846	-1.1392	_07571_	1
846	-1.1392	_04744_	3
846	-1.1392	_04741_	2
846	-1.1392	_04740_	2
846	-1.1392	_04738_	1
846	-1.1392	_04602_	2
846	-1.1392	_04593_	3
846	-1.1392	_04416_	3
846	-1.1392	_04408_	3
846	-1.1392	_04407_	6
846	-1.1392	_04401_	4
846	-1.1392	_04397_	4
846	-1.1392	_04395_	2
846	-1.1392	_04390_	2
846	-1.1392	_00165_	2
846	-1.1392	u_e203_cpu.u_e203_core.u_e203_exu.u_e203_exu_alu.u_e203_exu_alu_dpath.adder_in1[0]	1
846	-1.1392	_14911_	10
846	-1.1392	_14846_	7
846	-1.1392	_14845_	10
846	-1.1392	_14844_	2
846	-1.1392	_14842_	1
846	-1.1392	_14840_	1
846	-1.1392	_14839_	1
846	-1.1392	_14789_	4
846	-1.1392	_14786_	1
846	-1.1392	_14780_	7
846	-1.1392	_14492_	10
846	-1.1392	_14491_	10
846	-1.1392	_14490_	4
846	-1.1392	_14404_	10
846	-1.1392	_13821_	3
846	-1.1392	_13403_	3
846	-1.1392	_13370_	4
846	-1.1392	_13369_	10
847	-1.1392	_02505_	1
847	-1.1392	_12414_	10
847	-1.1392	_12413_	5
847	-1.1392	_12412_	1
847	-1.1392	_08663_	7
847	-1.1392	_08363_	9
847	-1.1392	_08362_	1
847	-1.1392	_08354_	1
847	-1.1392	_08258_	5
847	-1.1392	_08205_	2
847	-1.1392	_08166_	3
847	-1.1392	_08007_	10
847	-1.1392	_07670_	6
847	-1.1392	_07573_	9
847	-1.1392	_07571_	1
847	-1.1392	_04744_	3
847	-1.1392	_04741_	2
847	-1.1392	_04740_	2
847	-1.1392	_04738_	1
847	-1.1392	_04602_	2
847	-1.1392	_04593_	3
847	-1.1392	_04416_	3
847	-1.1392	_04408_	3
847	-1.1392	_04407_	6
847	-1.1392	_04401_	4
847	-1.1392	_04397_	4
847	-1.1392	_04395_	2
847	-1.1392	_04390_	2
847	-1.1392	_00165_	2
847	-1.1392	u_e203_cpu.u_e203_core.u_e203_exu.u_e203_exu_alu.u_e203_exu_alu_dpath.adder_in1[0]	1
847	-1.1392	_14911_	10
847	-1.1392	_14846_	7
847	-1.1392	_14845_	10
847	-1.1392	_14844_	2
847	-1.1392	_14842_	1
847	-1.1392	_14840_	1
847	-1.1392	_14839_	1
847	-1.1392	_14789_	4
847	-1.1392	_14786_	1
847	-1.1392	_14780_	7
847	-1.1392	_14492_	10
847	-1.1392	_14491_	10
847	-1.1392	_14490_	4
847	-1.1392	_14404_	10
847	-1.1392	_13821_	3
847	-1.1392	_13403_	3
847	-1.1392	_13370_	4
847	-1.1392	_13369_	10
848	-1.1392	_02501_	1
848	-1.1392	_12414_	10
848	-1.1392	_12413_	5
848	-1.1392	_12412_	1
848	-1.1392	_08663_	7
848	-1.1392	_08363_	9
848	-1.1392	_08362_	1
848	-1.1392	_08354_	1
848	-1.1392	_08258_	5
848	-1.1392	_08205_	2
848	-1.1392	_08166_	3
848	-1.1392	_08007_	10
848	-1.1392	_07670_	6
848	-1.1392	_07573_	9
848	-1.1392	_07571_	1
848	-1.1392	_04744_	3
848	-1.1392	_04741_	2
848	-1.1392	_04740_	2
848	-1.1392	_04738_	1
848	-1.1392	_04602_	2
848	-1.1392	_04593_	3
848	-1.1392	_04416_	3
848	-1.1392	_04408_	3
848	-1.1392	_04407_	6
848	-1.1392	_04401_	4
848	-1.1392	_04397_	4
848	-1.1392	_04395_	2
848	-1.1392	_04390_	2
848	-1.1392	_00165_	2
848	-1.1392	u_e203_cpu.u_e203_core.u_e203_exu.u_e203_exu_alu.u_e203_exu_alu_dpath.adder_in1[0]	1
848	-1.1392	_14911_	10
848	-1.1392	_14846_	7
848	-1.1392	_14845_	10
848	-1.1392	_14844_	2
848	-1.1392	_14842_	1
848	-1.1392	_14840_	1
848	-1.1392	_14839_	1
848	-1.1392	_14789_	4
848	-1.1392	_14786_	1
848	-1.1392	_14780_	7
848	-1.1392	_14492_	10
848	-1.1392	_14491_	10
848	-1.1392	_14490_	4
848	-1.1392	_14404_	10
848	-1.1392	_13821_	3
848	-1.1392	_13403_	3
848	-1.1392	_13370_	4
848	-1.1392	_13369_	10
849	-1.1370	_00898_	1
849	-1.1370	_08779_	5
849	-1.1370	_08630_	9
849	-1.1370	_08629_	1
849	-1.1370	_08363_	9
849	-1.1370	_08362_	1
849	-1.1370	_08354_	1
849	-1.1370	_08258_	5
849	-1.1370	_08205_	2
849	-1.1370	_08166_	3
849	-1.1370	_08007_	10
849	-1.1370	_07670_	6
849	-1.1370	_07573_	9
849	-1.1370	_07571_	1
849	-1.1370	_04744_	3
849	-1.1370	_04741_	2
849	-1.1370	_04740_	2
849	-1.1370	_04738_	1
849	-1.1370	_04602_	2
849	-1.1370	_04593_	3
849	-1.1370	_04416_	3
849	-1.1370	_04408_	3
849	-1.1370	_04407_	6
849	-1.1370	_04401_	4
849	-1.1370	_04397_	4
849	-1.1370	_04395_	2
849	-1.1370	_04390_	2
849	-1.1370	_00165_	2
849	-1.1370	u_e203_cpu.u_e203_core.u_e203_exu.u_e203_exu_alu.u_e203_exu_alu_dpath.adder_in1[0]	1
849	-1.1370	_14911_	10
849	-1.1370	_14846_	7
849	-1.1370	_14845_	10
849	-1.1370	_14844_	2
849	-1.1370	_14842_	1
849	-1.1370	_14840_	1
849	-1.1370	_14839_	1
849	-1.1370	_14789_	4
849	-1.1370	_14786_	1
849	-1.1370	_14780_	7
849	-1.1370	_14492_	10
849	-1.1370	_14491_	10
849	-1.1370	_14490_	4
849	-1.1370	_14404_	10
849	-1.1370	_13821_	3
849	-1.1370	_13403_	3
849	-1.1370	_13370_	4
849	-1.1370	_13369_	10
850	-1.1370	_00897_	1
850	-1.1370	_08779_	5
850	-1.1370	_08630_	9
850	-1.1370	_08629_	1
850	-1.1370	_08363_	9
850	-1.1370	_08362_	1
850	-1.1370	_08354_	1
850	-1.1370	_08258_	5
850	-1.1370	_08205_	2
850	-1.1370	_08166_	3
850	-1.1370	_08007_	10
850	-1.1370	_07670_	6
850	-1.1370	_07573_	9
850	-1.1370	_07571_	1
850	-1.1370	_04744_	3
850	-1.1370	_04741_	2
850	-1.1370	_04740_	2
850	-1.1370	_04738_	1
850	-1.1370	_04602_	2
850	-1.1370	_04593_	3
850	-1.1370	_04416_	3
850	-1.1370	_04408_	3
850	-1.1370	_04407_	6
850	-1.1370	_04401_	4
850	-1.1370	_04397_	4
850	-1.1370	_04395_	2
850	-1.1370	_04390_	2
850	-1.1370	_00165_	2
850	-1.1370	u_e203_cpu.u_e203_core.u_e203_exu.u_e203_exu_alu.u_e203_exu_alu_dpath.adder_in1[0]	1
850	-1.1370	_14911_	10
850	-1.1370	_14846_	7
850	-1.1370	_14845_	10
850	-1.1370	_14844_	2
850	-1.1370	_14842_	1
850	-1.1370	_14840_	1
850	-1.1370	_14839_	1
850	-1.1370	_14789_	4
850	-1.1370	_14786_	1
850	-1.1370	_14780_	7
850	-1.1370	_14492_	10
850	-1.1370	_14491_	10
850	-1.1370	_14490_	4
850	-1.1370	_14404_	10
850	-1.1370	_13821_	3
850	-1.1370	_13403_	3
850	-1.1370	_13370_	4
850	-1.1370	_13369_	10
851	-1.1370	_00896_	1
851	-1.1370	_08779_	5
851	-1.1370	_08630_	9
851	-1.1370	_08629_	1
851	-1.1370	_08363_	9
851	-1.1370	_08362_	1
851	-1.1370	_08354_	1
851	-1.1370	_08258_	5
851	-1.1370	_08205_	2
851	-1.1370	_08166_	3
851	-1.1370	_08007_	10
851	-1.1370	_07670_	6
851	-1.1370	_07573_	9
851	-1.1370	_07571_	1
851	-1.1370	_04744_	3
851	-1.1370	_04741_	2
851	-1.1370	_04740_	2
851	-1.1370	_04738_	1
851	-1.1370	_04602_	2
851	-1.1370	_04593_	3
851	-1.1370	_04416_	3
851	-1.1370	_04408_	3
851	-1.1370	_04407_	6
851	-1.1370	_04401_	4
851	-1.1370	_04397_	4
851	-1.1370	_04395_	2
851	-1.1370	_04390_	2
851	-1.1370	_00165_	2
851	-1.1370	u_e203_cpu.u_e203_core.u_e203_exu.u_e203_exu_alu.u_e203_exu_alu_dpath.adder_in1[0]	1
851	-1.1370	_14911_	10
851	-1.1370	_14846_	7
851	-1.1370	_14845_	10
851	-1.1370	_14844_	2
851	-1.1370	_14842_	1
851	-1.1370	_14840_	1
851	-1.1370	_14839_	1
851	-1.1370	_14789_	4
851	-1.1370	_14786_	1
851	-1.1370	_14780_	7
851	-1.1370	_14492_	10
851	-1.1370	_14491_	10
851	-1.1370	_14490_	4
851	-1.1370	_14404_	10
851	-1.1370	_13821_	3
851	-1.1370	_13403_	3
851	-1.1370	_13370_	4
851	-1.1370	_13369_	10
852	-1.1370	_00895_	1
852	-1.1370	_08779_	5
852	-1.1370	_08630_	9
852	-1.1370	_08629_	1
852	-1.1370	_08363_	9
852	-1.1370	_08362_	1
852	-1.1370	_08354_	1
852	-1.1370	_08258_	5
852	-1.1370	_08205_	2
852	-1.1370	_08166_	3
852	-1.1370	_08007_	10
852	-1.1370	_07670_	6
852	-1.1370	_07573_	9
852	-1.1370	_07571_	1
852	-1.1370	_04744_	3
852	-1.1370	_04741_	2
852	-1.1370	_04740_	2
852	-1.1370	_04738_	1
852	-1.1370	_04602_	2
852	-1.1370	_04593_	3
852	-1.1370	_04416_	3
852	-1.1370	_04408_	3
852	-1.1370	_04407_	6
852	-1.1370	_04401_	4
852	-1.1370	_04397_	4
852	-1.1370	_04395_	2
852	-1.1370	_04390_	2
852	-1.1370	_00165_	2
852	-1.1370	u_e203_cpu.u_e203_core.u_e203_exu.u_e203_exu_alu.u_e203_exu_alu_dpath.adder_in1[0]	1
852	-1.1370	_14911_	10
852	-1.1370	_14846_	7
852	-1.1370	_14845_	10
852	-1.1370	_14844_	2
852	-1.1370	_14842_	1
852	-1.1370	_14840_	1
852	-1.1370	_14839_	1
852	-1.1370	_14789_	4
852	-1.1370	_14786_	1
852	-1.1370	_14780_	7
852	-1.1370	_14492_	10
852	-1.1370	_14491_	10
852	-1.1370	_14490_	4
852	-1.1370	_14404_	10
852	-1.1370	_13821_	3
852	-1.1370	_13403_	3
852	-1.1370	_13370_	4
852	-1.1370	_13369_	10
853	-1.1370	_02660_	1
853	-1.1370	_08779_	5
853	-1.1370	_08630_	9
853	-1.1370	_08629_	1
853	-1.1370	_08363_	9
853	-1.1370	_08362_	1
853	-1.1370	_08354_	1
853	-1.1370	_08258_	5
853	-1.1370	_08205_	2
853	-1.1370	_08166_	3
853	-1.1370	_08007_	10
853	-1.1370	_07670_	6
853	-1.1370	_07573_	9
853	-1.1370	_07571_	1
853	-1.1370	_04744_	3
853	-1.1370	_04741_	2
853	-1.1370	_04740_	2
853	-1.1370	_04738_	1
853	-1.1370	_04602_	2
853	-1.1370	_04593_	3
853	-1.1370	_04416_	3
853	-1.1370	_04408_	3
853	-1.1370	_04407_	6
853	-1.1370	_04401_	4
853	-1.1370	_04397_	4
853	-1.1370	_04395_	2
853	-1.1370	_04390_	2
853	-1.1370	_00165_	2
853	-1.1370	u_e203_cpu.u_e203_core.u_e203_exu.u_e203_exu_alu.u_e203_exu_alu_dpath.adder_in1[0]	1
853	-1.1370	_14911_	10
853	-1.1370	_14846_	7
853	-1.1370	_14845_	10
853	-1.1370	_14844_	2
853	-1.1370	_14842_	1
853	-1.1370	_14840_	1
853	-1.1370	_14839_	1
853	-1.1370	_14789_	4
853	-1.1370	_14786_	1
853	-1.1370	_14780_	7
853	-1.1370	_14492_	10
853	-1.1370	_14491_	10
853	-1.1370	_14490_	4
853	-1.1370	_14404_	10
853	-1.1370	_13821_	3
853	-1.1370	_13403_	3
853	-1.1370	_13370_	4
853	-1.1370	_13369_	10
854	-1.1356	_02417_	1
854	-1.1356	_12048_	8
854	-1.1356	_12047_	1
854	-1.1356	_06865_	2
854	-1.1356	_06840_	7
854	-1.1356	_06697_	3
854	-1.1356	_06696_	1
854	-1.1356	_06671_	1
854	-1.1356	_06670_	3
854	-1.1356	_05652_	10
854	-1.1356	_05651_	3
854	-1.1356	_05643_	3
854	-1.1356	_05642_	10
854	-1.1356	_05641_	2
854	-1.1356	_05609_	5
854	-1.1356	_05541_	2
854	-1.1356	_05017_	3
854	-1.1356	_05016_	2
854	-1.1356	_05015_	1
854	-1.1356	_05014_	10
854	-1.1356	_04809_	2
854	-1.1356	_04808_	2
854	-1.1356	_04545_	2
854	-1.1356	_04437_	4
854	-1.1356	_04436_	3
854	-1.1356	_04433_	2
854	-1.1356	_04432_	3
854	-1.1356	_00166_	3
854	-1.1356	_00165_	2
854	-1.1356	u_e203_cpu.u_e203_core.u_e203_exu.u_e203_exu_alu.u_e203_exu_alu_dpath.adder_in1[0]	1
854	-1.1356	_14911_	10
854	-1.1356	_14846_	7
854	-1.1356	_14845_	10
854	-1.1356	_14844_	2
854	-1.1356	_14842_	1
854	-1.1356	_14840_	1
854	-1.1356	_14839_	1
854	-1.1356	_14789_	4
854	-1.1356	_14786_	1
854	-1.1356	_14780_	7
854	-1.1356	_14492_	10
854	-1.1356	_14491_	10
854	-1.1356	_14490_	4
854	-1.1356	_14404_	10
854	-1.1356	_13821_	3
854	-1.1356	_13403_	3
854	-1.1356	_13370_	4
854	-1.1356	_13369_	10
855	-1.1356	_02422_	1
855	-1.1356	_12058_	8
855	-1.1356	_12057_	1
855	-1.1356	_06858_	2
855	-1.1356	_06840_	7
855	-1.1356	_06697_	3
855	-1.1356	_06696_	1
855	-1.1356	_06671_	1
855	-1.1356	_06670_	3
855	-1.1356	_05652_	10
855	-1.1356	_05651_	3
855	-1.1356	_05643_	3
855	-1.1356	_05642_	10
855	-1.1356	_05641_	2
855	-1.1356	_05609_	5
855	-1.1356	_05541_	2
855	-1.1356	_05017_	3
855	-1.1356	_05016_	2
855	-1.1356	_05015_	1
855	-1.1356	_05014_	10
855	-1.1356	_04809_	2
855	-1.1356	_04808_	2
855	-1.1356	_04545_	2
855	-1.1356	_04437_	4
855	-1.1356	_04436_	3
855	-1.1356	_04433_	2
855	-1.1356	_04432_	3
855	-1.1356	_00166_	3
855	-1.1356	_00165_	2
855	-1.1356	u_e203_cpu.u_e203_core.u_e203_exu.u_e203_exu_alu.u_e203_exu_alu_dpath.adder_in1[0]	1
855	-1.1356	_14911_	10
855	-1.1356	_14846_	7
855	-1.1356	_14845_	10
855	-1.1356	_14844_	2
855	-1.1356	_14842_	1
855	-1.1356	_14840_	1
855	-1.1356	_14839_	1
855	-1.1356	_14789_	4
855	-1.1356	_14786_	1
855	-1.1356	_14780_	7
855	-1.1356	_14492_	10
855	-1.1356	_14491_	10
855	-1.1356	_14490_	4
855	-1.1356	_14404_	10
855	-1.1356	_13821_	3
855	-1.1356	_13403_	3
855	-1.1356	_13370_	4
855	-1.1356	_13369_	10
856	-1.1356	_02421_	1
856	-1.1356	_12058_	8
856	-1.1356	_12057_	1
856	-1.1356	_06858_	2
856	-1.1356	_06840_	7
856	-1.1356	_06697_	3
856	-1.1356	_06696_	1
856	-1.1356	_06671_	1
856	-1.1356	_06670_	3
856	-1.1356	_05652_	10
856	-1.1356	_05651_	3
856	-1.1356	_05643_	3
856	-1.1356	_05642_	10
856	-1.1356	_05641_	2
856	-1.1356	_05609_	5
856	-1.1356	_05541_	2
856	-1.1356	_05017_	3
856	-1.1356	_05016_	2
856	-1.1356	_05015_	1
856	-1.1356	_05014_	10
856	-1.1356	_04809_	2
856	-1.1356	_04808_	2
856	-1.1356	_04545_	2
856	-1.1356	_04437_	4
856	-1.1356	_04436_	3
856	-1.1356	_04433_	2
856	-1.1356	_04432_	3
856	-1.1356	_00166_	3
856	-1.1356	_00165_	2
856	-1.1356	u_e203_cpu.u_e203_core.u_e203_exu.u_e203_exu_alu.u_e203_exu_alu_dpath.adder_in1[0]	1
856	-1.1356	_14911_	10
856	-1.1356	_14846_	7
856	-1.1356	_14845_	10
856	-1.1356	_14844_	2
856	-1.1356	_14842_	1
856	-1.1356	_14840_	1
856	-1.1356	_14839_	1
856	-1.1356	_14789_	4
856	-1.1356	_14786_	1
856	-1.1356	_14780_	7
856	-1.1356	_14492_	10
856	-1.1356	_14491_	10
856	-1.1356	_14490_	4
856	-1.1356	_14404_	10
856	-1.1356	_13821_	3
856	-1.1356	_13403_	3
856	-1.1356	_13370_	4
856	-1.1356	_13369_	10
857	-1.1356	_02420_	1
857	-1.1356	_12058_	8
857	-1.1356	_12057_	1
857	-1.1356	_06858_	2
857	-1.1356	_06840_	7
857	-1.1356	_06697_	3
857	-1.1356	_06696_	1
857	-1.1356	_06671_	1
857	-1.1356	_06670_	3
857	-1.1356	_05652_	10
857	-1.1356	_05651_	3
857	-1.1356	_05643_	3
857	-1.1356	_05642_	10
857	-1.1356	_05641_	2
857	-1.1356	_05609_	5
857	-1.1356	_05541_	2
857	-1.1356	_05017_	3
857	-1.1356	_05016_	2
857	-1.1356	_05015_	1
857	-1.1356	_05014_	10
857	-1.1356	_04809_	2
857	-1.1356	_04808_	2
857	-1.1356	_04545_	2
857	-1.1356	_04437_	4
857	-1.1356	_04436_	3
857	-1.1356	_04433_	2
857	-1.1356	_04432_	3
857	-1.1356	_00166_	3
857	-1.1356	_00165_	2
857	-1.1356	u_e203_cpu.u_e203_core.u_e203_exu.u_e203_exu_alu.u_e203_exu_alu_dpath.adder_in1[0]	1
857	-1.1356	_14911_	10
857	-1.1356	_14846_	7
857	-1.1356	_14845_	10
857	-1.1356	_14844_	2
857	-1.1356	_14842_	1
857	-1.1356	_14840_	1
857	-1.1356	_14839_	1
857	-1.1356	_14789_	4
857	-1.1356	_14786_	1
857	-1.1356	_14780_	7
857	-1.1356	_14492_	10
857	-1.1356	_14491_	10
857	-1.1356	_14490_	4
857	-1.1356	_14404_	10
857	-1.1356	_13821_	3
857	-1.1356	_13403_	3
857	-1.1356	_13370_	4
857	-1.1356	_13369_	10
858	-1.1356	_02419_	1
858	-1.1356	_12058_	8
858	-1.1356	_12057_	1
858	-1.1356	_06858_	2
858	-1.1356	_06840_	7
858	-1.1356	_06697_	3
858	-1.1356	_06696_	1
858	-1.1356	_06671_	1
858	-1.1356	_06670_	3
858	-1.1356	_05652_	10
858	-1.1356	_05651_	3
858	-1.1356	_05643_	3
858	-1.1356	_05642_	10
858	-1.1356	_05641_	2
858	-1.1356	_05609_	5
858	-1.1356	_05541_	2
858	-1.1356	_05017_	3
858	-1.1356	_05016_	2
858	-1.1356	_05015_	1
858	-1.1356	_05014_	10
858	-1.1356	_04809_	2
858	-1.1356	_04808_	2
858	-1.1356	_04545_	2
858	-1.1356	_04437_	4
858	-1.1356	_04436_	3
858	-1.1356	_04433_	2
858	-1.1356	_04432_	3
858	-1.1356	_00166_	3
858	-1.1356	_00165_	2
858	-1.1356	u_e203_cpu.u_e203_core.u_e203_exu.u_e203_exu_alu.u_e203_exu_alu_dpath.adder_in1[0]	1
858	-1.1356	_14911_	10
858	-1.1356	_14846_	7
858	-1.1356	_14845_	10
858	-1.1356	_14844_	2
858	-1.1356	_14842_	1
858	-1.1356	_14840_	1
858	-1.1356	_14839_	1
858	-1.1356	_14789_	4
858	-1.1356	_14786_	1
858	-1.1356	_14780_	7
858	-1.1356	_14492_	10
858	-1.1356	_14491_	10
858	-1.1356	_14490_	4
858	-1.1356	_14404_	10
858	-1.1356	_13821_	3
858	-1.1356	_13403_	3
858	-1.1356	_13370_	4
858	-1.1356	_13369_	10
859	-1.1356	_02418_	1
859	-1.1356	_12058_	8
859	-1.1356	_12057_	1
859	-1.1356	_06858_	2
859	-1.1356	_06840_	7
859	-1.1356	_06697_	3
859	-1.1356	_06696_	1
859	-1.1356	_06671_	1
859	-1.1356	_06670_	3
859	-1.1356	_05652_	10
859	-1.1356	_05651_	3
859	-1.1356	_05643_	3
859	-1.1356	_05642_	10
859	-1.1356	_05641_	2
859	-1.1356	_05609_	5
859	-1.1356	_05541_	2
859	-1.1356	_05017_	3
859	-1.1356	_05016_	2
859	-1.1356	_05015_	1
859	-1.1356	_05014_	10
859	-1.1356	_04809_	2
859	-1.1356	_04808_	2
859	-1.1356	_04545_	2
859	-1.1356	_04437_	4
859	-1.1356	_04436_	3
859	-1.1356	_04433_	2
859	-1.1356	_04432_	3
859	-1.1356	_00166_	3
859	-1.1356	_00165_	2
859	-1.1356	u_e203_cpu.u_e203_core.u_e203_exu.u_e203_exu_alu.u_e203_exu_alu_dpath.adder_in1[0]	1
859	-1.1356	_14911_	10
859	-1.1356	_14846_	7
859	-1.1356	_14845_	10
859	-1.1356	_14844_	2
859	-1.1356	_14842_	1
859	-1.1356	_14840_	1
859	-1.1356	_14839_	1
859	-1.1356	_14789_	4
859	-1.1356	_14786_	1
859	-1.1356	_14780_	7
859	-1.1356	_14492_	10
859	-1.1356	_14491_	10
859	-1.1356	_14490_	4
859	-1.1356	_14404_	10
859	-1.1356	_13821_	3
859	-1.1356	_13403_	3
859	-1.1356	_13370_	4
859	-1.1356	_13369_	10
860	-1.1356	_02780_	1
860	-1.1356	_12058_	8
860	-1.1356	_12057_	1
860	-1.1356	_06858_	2
860	-1.1356	_06840_	7
860	-1.1356	_06697_	3
860	-1.1356	_06696_	1
860	-1.1356	_06671_	1
860	-1.1356	_06670_	3
860	-1.1356	_05652_	10
860	-1.1356	_05651_	3
860	-1.1356	_05643_	3
860	-1.1356	_05642_	10
860	-1.1356	_05641_	2
860	-1.1356	_05609_	5
860	-1.1356	_05541_	2
860	-1.1356	_05017_	3
860	-1.1356	_05016_	2
860	-1.1356	_05015_	1
860	-1.1356	_05014_	10
860	-1.1356	_04809_	2
860	-1.1356	_04808_	2
860	-1.1356	_04545_	2
860	-1.1356	_04437_	4
860	-1.1356	_04436_	3
860	-1.1356	_04433_	2
860	-1.1356	_04432_	3
860	-1.1356	_00166_	3
860	-1.1356	_00165_	2
860	-1.1356	u_e203_cpu.u_e203_core.u_e203_exu.u_e203_exu_alu.u_e203_exu_alu_dpath.adder_in1[0]	1
860	-1.1356	_14911_	10
860	-1.1356	_14846_	7
860	-1.1356	_14845_	10
860	-1.1356	_14844_	2
860	-1.1356	_14842_	1
860	-1.1356	_14840_	1
860	-1.1356	_14839_	1
860	-1.1356	_14789_	4
860	-1.1356	_14786_	1
860	-1.1356	_14780_	7
860	-1.1356	_14492_	10
860	-1.1356	_14491_	10
860	-1.1356	_14490_	4
860	-1.1356	_14404_	10
860	-1.1356	_13821_	3
860	-1.1356	_13403_	3
860	-1.1356	_13370_	4
860	-1.1356	_13369_	10
861	-1.1356	_02431_	1
861	-1.1356	_12069_	8
861	-1.1356	_12068_	1
861	-1.1356	_06851_	2
861	-1.1356	_06840_	7
861	-1.1356	_06697_	3
861	-1.1356	_06696_	1
861	-1.1356	_06671_	1
861	-1.1356	_06670_	3
861	-1.1356	_05652_	10
861	-1.1356	_05651_	3
861	-1.1356	_05643_	3
861	-1.1356	_05642_	10
861	-1.1356	_05641_	2
861	-1.1356	_05609_	5
861	-1.1356	_05541_	2
861	-1.1356	_05017_	3
861	-1.1356	_05016_	2
861	-1.1356	_05015_	1
861	-1.1356	_05014_	10
861	-1.1356	_04809_	2
861	-1.1356	_04808_	2
861	-1.1356	_04545_	2
861	-1.1356	_04437_	4
861	-1.1356	_04436_	3
861	-1.1356	_04433_	2
861	-1.1356	_04432_	3
861	-1.1356	_00166_	3
861	-1.1356	_00165_	2
861	-1.1356	u_e203_cpu.u_e203_core.u_e203_exu.u_e203_exu_alu.u_e203_exu_alu_dpath.adder_in1[0]	1
861	-1.1356	_14911_	10
861	-1.1356	_14846_	7
861	-1.1356	_14845_	10
861	-1.1356	_14844_	2
861	-1.1356	_14842_	1
861	-1.1356	_14840_	1
861	-1.1356	_14839_	1
861	-1.1356	_14789_	4
861	-1.1356	_14786_	1
861	-1.1356	_14780_	7
861	-1.1356	_14492_	10
861	-1.1356	_14491_	10
861	-1.1356	_14490_	4
861	-1.1356	_14404_	10
861	-1.1356	_13821_	3
861	-1.1356	_13403_	3
861	-1.1356	_13370_	4
861	-1.1356	_13369_	10
862	-1.1356	_02430_	1
862	-1.1356	_12069_	8
862	-1.1356	_12068_	1
862	-1.1356	_06851_	2
862	-1.1356	_06840_	7
862	-1.1356	_06697_	3
862	-1.1356	_06696_	1
862	-1.1356	_06671_	1
862	-1.1356	_06670_	3
862	-1.1356	_05652_	10
862	-1.1356	_05651_	3
862	-1.1356	_05643_	3
862	-1.1356	_05642_	10
862	-1.1356	_05641_	2
862	-1.1356	_05609_	5
862	-1.1356	_05541_	2
862	-1.1356	_05017_	3
862	-1.1356	_05016_	2
862	-1.1356	_05015_	1
862	-1.1356	_05014_	10
862	-1.1356	_04809_	2
862	-1.1356	_04808_	2
862	-1.1356	_04545_	2
862	-1.1356	_04437_	4
862	-1.1356	_04436_	3
862	-1.1356	_04433_	2
862	-1.1356	_04432_	3
862	-1.1356	_00166_	3
862	-1.1356	_00165_	2
862	-1.1356	u_e203_cpu.u_e203_core.u_e203_exu.u_e203_exu_alu.u_e203_exu_alu_dpath.adder_in1[0]	1
862	-1.1356	_14911_	10
862	-1.1356	_14846_	7
862	-1.1356	_14845_	10
862	-1.1356	_14844_	2
862	-1.1356	_14842_	1
862	-1.1356	_14840_	1
862	-1.1356	_14839_	1
862	-1.1356	_14789_	4
862	-1.1356	_14786_	1
862	-1.1356	_14780_	7
862	-1.1356	_14492_	10
862	-1.1356	_14491_	10
862	-1.1356	_14490_	4
862	-1.1356	_14404_	10
862	-1.1356	_13821_	3
862	-1.1356	_13403_	3
862	-1.1356	_13370_	4
862	-1.1356	_13369_	10
863	-1.1356	_02429_	1
863	-1.1356	_12069_	8
863	-1.1356	_12068_	1
863	-1.1356	_06851_	2
863	-1.1356	_06840_	7
863	-1.1356	_06697_	3
863	-1.1356	_06696_	1
863	-1.1356	_06671_	1
863	-1.1356	_06670_	3
863	-1.1356	_05652_	10
863	-1.1356	_05651_	3
863	-1.1356	_05643_	3
863	-1.1356	_05642_	10
863	-1.1356	_05641_	2
863	-1.1356	_05609_	5
863	-1.1356	_05541_	2
863	-1.1356	_05017_	3
863	-1.1356	_05016_	2
863	-1.1356	_05015_	1
863	-1.1356	_05014_	10
863	-1.1356	_04809_	2
863	-1.1356	_04808_	2
863	-1.1356	_04545_	2
863	-1.1356	_04437_	4
863	-1.1356	_04436_	3
863	-1.1356	_04433_	2
863	-1.1356	_04432_	3
863	-1.1356	_00166_	3
863	-1.1356	_00165_	2
863	-1.1356	u_e203_cpu.u_e203_core.u_e203_exu.u_e203_exu_alu.u_e203_exu_alu_dpath.adder_in1[0]	1
863	-1.1356	_14911_	10
863	-1.1356	_14846_	7
863	-1.1356	_14845_	10
863	-1.1356	_14844_	2
863	-1.1356	_14842_	1
863	-1.1356	_14840_	1
863	-1.1356	_14839_	1
863	-1.1356	_14789_	4
863	-1.1356	_14786_	1
863	-1.1356	_14780_	7
863	-1.1356	_14492_	10
863	-1.1356	_14491_	10
863	-1.1356	_14490_	4
863	-1.1356	_14404_	10
863	-1.1356	_13821_	3
863	-1.1356	_13403_	3
863	-1.1356	_13370_	4
863	-1.1356	_13369_	10
864	-1.1356	_02428_	1
864	-1.1356	_12069_	8
864	-1.1356	_12068_	1
864	-1.1356	_06851_	2
864	-1.1356	_06840_	7
864	-1.1356	_06697_	3
864	-1.1356	_06696_	1
864	-1.1356	_06671_	1
864	-1.1356	_06670_	3
864	-1.1356	_05652_	10
864	-1.1356	_05651_	3
864	-1.1356	_05643_	3
864	-1.1356	_05642_	10
864	-1.1356	_05641_	2
864	-1.1356	_05609_	5
864	-1.1356	_05541_	2
864	-1.1356	_05017_	3
864	-1.1356	_05016_	2
864	-1.1356	_05015_	1
864	-1.1356	_05014_	10
864	-1.1356	_04809_	2
864	-1.1356	_04808_	2
864	-1.1356	_04545_	2
864	-1.1356	_04437_	4
864	-1.1356	_04436_	3
864	-1.1356	_04433_	2
864	-1.1356	_04432_	3
864	-1.1356	_00166_	3
864	-1.1356	_00165_	2
864	-1.1356	u_e203_cpu.u_e203_core.u_e203_exu.u_e203_exu_alu.u_e203_exu_alu_dpath.adder_in1[0]	1
864	-1.1356	_14911_	10
864	-1.1356	_14846_	7
864	-1.1356	_14845_	10
864	-1.1356	_14844_	2
864	-1.1356	_14842_	1
864	-1.1356	_14840_	1
864	-1.1356	_14839_	1
864	-1.1356	_14789_	4
864	-1.1356	_14786_	1
864	-1.1356	_14780_	7
864	-1.1356	_14492_	10
864	-1.1356	_14491_	10
864	-1.1356	_14490_	4
864	-1.1356	_14404_	10
864	-1.1356	_13821_	3
864	-1.1356	_13403_	3
864	-1.1356	_13370_	4
864	-1.1356	_13369_	10
865	-1.1356	_02416_	1
865	-1.1356	_12048_	8
865	-1.1356	_12047_	1
865	-1.1356	_06865_	2
865	-1.1356	_06840_	7
865	-1.1356	_06697_	3
865	-1.1356	_06696_	1
865	-1.1356	_06671_	1
865	-1.1356	_06670_	3
865	-1.1356	_05652_	10
865	-1.1356	_05651_	3
865	-1.1356	_05643_	3
865	-1.1356	_05642_	10
865	-1.1356	_05641_	2
865	-1.1356	_05609_	5
865	-1.1356	_05541_	2
865	-1.1356	_05017_	3
865	-1.1356	_05016_	2
865	-1.1356	_05015_	1
865	-1.1356	_05014_	10
865	-1.1356	_04809_	2
865	-1.1356	_04808_	2
865	-1.1356	_04545_	2
865	-1.1356	_04437_	4
865	-1.1356	_04436_	3
865	-1.1356	_04433_	2
865	-1.1356	_04432_	3
865	-1.1356	_00166_	3
865	-1.1356	_00165_	2
865	-1.1356	u_e203_cpu.u_e203_core.u_e203_exu.u_e203_exu_alu.u_e203_exu_alu_dpath.adder_in1[0]	1
865	-1.1356	_14911_	10
865	-1.1356	_14846_	7
865	-1.1356	_14845_	10
865	-1.1356	_14844_	2
865	-1.1356	_14842_	1
865	-1.1356	_14840_	1
865	-1.1356	_14839_	1
865	-1.1356	_14789_	4
865	-1.1356	_14786_	1
865	-1.1356	_14780_	7
865	-1.1356	_14492_	10
865	-1.1356	_14491_	10
865	-1.1356	_14490_	4
865	-1.1356	_14404_	10
865	-1.1356	_13821_	3
865	-1.1356	_13403_	3
865	-1.1356	_13370_	4
865	-1.1356	_13369_	10
866	-1.1356	_02427_	1
866	-1.1356	_12069_	8
866	-1.1356	_12068_	1
866	-1.1356	_06851_	2
866	-1.1356	_06840_	7
866	-1.1356	_06697_	3
866	-1.1356	_06696_	1
866	-1.1356	_06671_	1
866	-1.1356	_06670_	3
866	-1.1356	_05652_	10
866	-1.1356	_05651_	3
866	-1.1356	_05643_	3
866	-1.1356	_05642_	10
866	-1.1356	_05641_	2
866	-1.1356	_05609_	5
866	-1.1356	_05541_	2
866	-1.1356	_05017_	3
866	-1.1356	_05016_	2
866	-1.1356	_05015_	1
866	-1.1356	_05014_	10
866	-1.1356	_04809_	2
866	-1.1356	_04808_	2
866	-1.1356	_04545_	2
866	-1.1356	_04437_	4
866	-1.1356	_04436_	3
866	-1.1356	_04433_	2
866	-1.1356	_04432_	3
866	-1.1356	_00166_	3
866	-1.1356	_00165_	2
866	-1.1356	u_e203_cpu.u_e203_core.u_e203_exu.u_e203_exu_alu.u_e203_exu_alu_dpath.adder_in1[0]	1
866	-1.1356	_14911_	10
866	-1.1356	_14846_	7
866	-1.1356	_14845_	10
866	-1.1356	_14844_	2
866	-1.1356	_14842_	1
866	-1.1356	_14840_	1
866	-1.1356	_14839_	1
866	-1.1356	_14789_	4
866	-1.1356	_14786_	1
866	-1.1356	_14780_	7
866	-1.1356	_14492_	10
866	-1.1356	_14491_	10
866	-1.1356	_14490_	4
866	-1.1356	_14404_	10
866	-1.1356	_13821_	3
866	-1.1356	_13403_	3
866	-1.1356	_13370_	4
866	-1.1356	_13369_	10
867	-1.1356	_02426_	1
867	-1.1356	_12069_	8
867	-1.1356	_12068_	1
867	-1.1356	_06851_	2
867	-1.1356	_06840_	7
867	-1.1356	_06697_	3
867	-1.1356	_06696_	1
867	-1.1356	_06671_	1
867	-1.1356	_06670_	3
867	-1.1356	_05652_	10
867	-1.1356	_05651_	3
867	-1.1356	_05643_	3
867	-1.1356	_05642_	10
867	-1.1356	_05641_	2
867	-1.1356	_05609_	5
867	-1.1356	_05541_	2
867	-1.1356	_05017_	3
867	-1.1356	_05016_	2
867	-1.1356	_05015_	1
867	-1.1356	_05014_	10
867	-1.1356	_04809_	2
867	-1.1356	_04808_	2
867	-1.1356	_04545_	2
867	-1.1356	_04437_	4
867	-1.1356	_04436_	3
867	-1.1356	_04433_	2
867	-1.1356	_04432_	3
867	-1.1356	_00166_	3
867	-1.1356	_00165_	2
867	-1.1356	u_e203_cpu.u_e203_core.u_e203_exu.u_e203_exu_alu.u_e203_exu_alu_dpath.adder_in1[0]	1
867	-1.1356	_14911_	10
867	-1.1356	_14846_	7
867	-1.1356	_14845_	10
867	-1.1356	_14844_	2
867	-1.1356	_14842_	1
867	-1.1356	_14840_	1
867	-1.1356	_14839_	1
867	-1.1356	_14789_	4
867	-1.1356	_14786_	1
867	-1.1356	_14780_	7
867	-1.1356	_14492_	10
867	-1.1356	_14491_	10
867	-1.1356	_14490_	4
867	-1.1356	_14404_	10
867	-1.1356	_13821_	3
867	-1.1356	_13403_	3
867	-1.1356	_13370_	4
867	-1.1356	_13369_	10
868	-1.1356	_02425_	1
868	-1.1356	_12069_	8
868	-1.1356	_12068_	1
868	-1.1356	_06851_	2
868	-1.1356	_06840_	7
868	-1.1356	_06697_	3
868	-1.1356	_06696_	1
868	-1.1356	_06671_	1
868	-1.1356	_06670_	3
868	-1.1356	_05652_	10
868	-1.1356	_05651_	3
868	-1.1356	_05643_	3
868	-1.1356	_05642_	10
868	-1.1356	_05641_	2
868	-1.1356	_05609_	5
868	-1.1356	_05541_	2
868	-1.1356	_05017_	3
868	-1.1356	_05016_	2
868	-1.1356	_05015_	1
868	-1.1356	_05014_	10
868	-1.1356	_04809_	2
868	-1.1356	_04808_	2
868	-1.1356	_04545_	2
868	-1.1356	_04437_	4
868	-1.1356	_04436_	3
868	-1.1356	_04433_	2
868	-1.1356	_04432_	3
868	-1.1356	_00166_	3
868	-1.1356	_00165_	2
868	-1.1356	u_e203_cpu.u_e203_core.u_e203_exu.u_e203_exu_alu.u_e203_exu_alu_dpath.adder_in1[0]	1
868	-1.1356	_14911_	10
868	-1.1356	_14846_	7
868	-1.1356	_14845_	10
868	-1.1356	_14844_	2
868	-1.1356	_14842_	1
868	-1.1356	_14840_	1
868	-1.1356	_14839_	1
868	-1.1356	_14789_	4
868	-1.1356	_14786_	1
868	-1.1356	_14780_	7
868	-1.1356	_14492_	10
868	-1.1356	_14491_	10
868	-1.1356	_14490_	4
868	-1.1356	_14404_	10
868	-1.1356	_13821_	3
868	-1.1356	_13403_	3
868	-1.1356	_13370_	4
868	-1.1356	_13369_	10
869	-1.1356	_02768_	1
869	-1.1356	_12069_	8
869	-1.1356	_12068_	1
869	-1.1356	_06851_	2
869	-1.1356	_06840_	7
869	-1.1356	_06697_	3
869	-1.1356	_06696_	1
869	-1.1356	_06671_	1
869	-1.1356	_06670_	3
869	-1.1356	_05652_	10
869	-1.1356	_05651_	3
869	-1.1356	_05643_	3
869	-1.1356	_05642_	10
869	-1.1356	_05641_	2
869	-1.1356	_05609_	5
869	-1.1356	_05541_	2
869	-1.1356	_05017_	3
869	-1.1356	_05016_	2
869	-1.1356	_05015_	1
869	-1.1356	_05014_	10
869	-1.1356	_04809_	2
869	-1.1356	_04808_	2
869	-1.1356	_04545_	2
869	-1.1356	_04437_	4
869	-1.1356	_04436_	3
869	-1.1356	_04433_	2
869	-1.1356	_04432_	3
869	-1.1356	_00166_	3
869	-1.1356	_00165_	2
869	-1.1356	u_e203_cpu.u_e203_core.u_e203_exu.u_e203_exu_alu.u_e203_exu_alu_dpath.adder_in1[0]	1
869	-1.1356	_14911_	10
869	-1.1356	_14846_	7
869	-1.1356	_14845_	10
869	-1.1356	_14844_	2
869	-1.1356	_14842_	1
869	-1.1356	_14840_	1
869	-1.1356	_14839_	1
869	-1.1356	_14789_	4
869	-1.1356	_14786_	1
869	-1.1356	_14780_	7
869	-1.1356	_14492_	10
869	-1.1356	_14491_	10
869	-1.1356	_14490_	4
869	-1.1356	_14404_	10
869	-1.1356	_13821_	3
869	-1.1356	_13403_	3
869	-1.1356	_13370_	4
869	-1.1356	_13369_	10
870	-1.1356	_02438_	1
870	-1.1356	_12080_	8
870	-1.1356	_12079_	1
870	-1.1356	_06841_	2
870	-1.1356	_06840_	7
870	-1.1356	_06697_	3
870	-1.1356	_06696_	1
870	-1.1356	_06671_	1
870	-1.1356	_06670_	3
870	-1.1356	_05652_	10
870	-1.1356	_05651_	3
870	-1.1356	_05643_	3
870	-1.1356	_05642_	10
870	-1.1356	_05641_	2
870	-1.1356	_05609_	5
870	-1.1356	_05541_	2
870	-1.1356	_05017_	3
870	-1.1356	_05016_	2
870	-1.1356	_05015_	1
870	-1.1356	_05014_	10
870	-1.1356	_04809_	2
870	-1.1356	_04808_	2
870	-1.1356	_04545_	2
870	-1.1356	_04437_	4
870	-1.1356	_04436_	3
870	-1.1356	_04433_	2
870	-1.1356	_04432_	3
870	-1.1356	_00166_	3
870	-1.1356	_00165_	2
870	-1.1356	u_e203_cpu.u_e203_core.u_e203_exu.u_e203_exu_alu.u_e203_exu_alu_dpath.adder_in1[0]	1
870	-1.1356	_14911_	10
870	-1.1356	_14846_	7
870	-1.1356	_14845_	10
870	-1.1356	_14844_	2
870	-1.1356	_14842_	1
870	-1.1356	_14840_	1
870	-1.1356	_14839_	1
870	-1.1356	_14789_	4
870	-1.1356	_14786_	1
870	-1.1356	_14780_	7
870	-1.1356	_14492_	10
870	-1.1356	_14491_	10
870	-1.1356	_14490_	4
870	-1.1356	_14404_	10
870	-1.1356	_13821_	3
870	-1.1356	_13403_	3
870	-1.1356	_13370_	4
870	-1.1356	_13369_	10
871	-1.1356	_02437_	1
871	-1.1356	_12080_	8
871	-1.1356	_12079_	1
871	-1.1356	_06841_	2
871	-1.1356	_06840_	7
871	-1.1356	_06697_	3
871	-1.1356	_06696_	1
871	-1.1356	_06671_	1
871	-1.1356	_06670_	3
871	-1.1356	_05652_	10
871	-1.1356	_05651_	3
871	-1.1356	_05643_	3
871	-1.1356	_05642_	10
871	-1.1356	_05641_	2
871	-1.1356	_05609_	5
871	-1.1356	_05541_	2
871	-1.1356	_05017_	3
871	-1.1356	_05016_	2
871	-1.1356	_05015_	1
871	-1.1356	_05014_	10
871	-1.1356	_04809_	2
871	-1.1356	_04808_	2
871	-1.1356	_04545_	2
871	-1.1356	_04437_	4
871	-1.1356	_04436_	3
871	-1.1356	_04433_	2
871	-1.1356	_04432_	3
871	-1.1356	_00166_	3
871	-1.1356	_00165_	2
871	-1.1356	u_e203_cpu.u_e203_core.u_e203_exu.u_e203_exu_alu.u_e203_exu_alu_dpath.adder_in1[0]	1
871	-1.1356	_14911_	10
871	-1.1356	_14846_	7
871	-1.1356	_14845_	10
871	-1.1356	_14844_	2
871	-1.1356	_14842_	1
871	-1.1356	_14840_	1
871	-1.1356	_14839_	1
871	-1.1356	_14789_	4
871	-1.1356	_14786_	1
871	-1.1356	_14780_	7
871	-1.1356	_14492_	10
871	-1.1356	_14491_	10
871	-1.1356	_14490_	4
871	-1.1356	_14404_	10
871	-1.1356	_13821_	3
871	-1.1356	_13403_	3
871	-1.1356	_13370_	4
871	-1.1356	_13369_	10
872	-1.1356	_02436_	1
872	-1.1356	_12080_	8
872	-1.1356	_12079_	1
872	-1.1356	_06841_	2
872	-1.1356	_06840_	7
872	-1.1356	_06697_	3
872	-1.1356	_06696_	1
872	-1.1356	_06671_	1
872	-1.1356	_06670_	3
872	-1.1356	_05652_	10
872	-1.1356	_05651_	3
872	-1.1356	_05643_	3
872	-1.1356	_05642_	10
872	-1.1356	_05641_	2
872	-1.1356	_05609_	5
872	-1.1356	_05541_	2
872	-1.1356	_05017_	3
872	-1.1356	_05016_	2
872	-1.1356	_05015_	1
872	-1.1356	_05014_	10
872	-1.1356	_04809_	2
872	-1.1356	_04808_	2
872	-1.1356	_04545_	2
872	-1.1356	_04437_	4
872	-1.1356	_04436_	3
872	-1.1356	_04433_	2
872	-1.1356	_04432_	3
872	-1.1356	_00166_	3
872	-1.1356	_00165_	2
872	-1.1356	u_e203_cpu.u_e203_core.u_e203_exu.u_e203_exu_alu.u_e203_exu_alu_dpath.adder_in1[0]	1
872	-1.1356	_14911_	10
872	-1.1356	_14846_	7
872	-1.1356	_14845_	10
872	-1.1356	_14844_	2
872	-1.1356	_14842_	1
872	-1.1356	_14840_	1
872	-1.1356	_14839_	1
872	-1.1356	_14789_	4
872	-1.1356	_14786_	1
872	-1.1356	_14780_	7
872	-1.1356	_14492_	10
872	-1.1356	_14491_	10
872	-1.1356	_14490_	4
872	-1.1356	_14404_	10
872	-1.1356	_13821_	3
872	-1.1356	_13403_	3
872	-1.1356	_13370_	4
872	-1.1356	_13369_	10
873	-1.1356	_02435_	1
873	-1.1356	_12080_	8
873	-1.1356	_12079_	1
873	-1.1356	_06841_	2
873	-1.1356	_06840_	7
873	-1.1356	_06697_	3
873	-1.1356	_06696_	1
873	-1.1356	_06671_	1
873	-1.1356	_06670_	3
873	-1.1356	_05652_	10
873	-1.1356	_05651_	3
873	-1.1356	_05643_	3
873	-1.1356	_05642_	10
873	-1.1356	_05641_	2
873	-1.1356	_05609_	5
873	-1.1356	_05541_	2
873	-1.1356	_05017_	3
873	-1.1356	_05016_	2
873	-1.1356	_05015_	1
873	-1.1356	_05014_	10
873	-1.1356	_04809_	2
873	-1.1356	_04808_	2
873	-1.1356	_04545_	2
873	-1.1356	_04437_	4
873	-1.1356	_04436_	3
873	-1.1356	_04433_	2
873	-1.1356	_04432_	3
873	-1.1356	_00166_	3
873	-1.1356	_00165_	2
873	-1.1356	u_e203_cpu.u_e203_core.u_e203_exu.u_e203_exu_alu.u_e203_exu_alu_dpath.adder_in1[0]	1
873	-1.1356	_14911_	10
873	-1.1356	_14846_	7
873	-1.1356	_14845_	10
873	-1.1356	_14844_	2
873	-1.1356	_14842_	1
873	-1.1356	_14840_	1
873	-1.1356	_14839_	1
873	-1.1356	_14789_	4
873	-1.1356	_14786_	1
873	-1.1356	_14780_	7
873	-1.1356	_14492_	10
873	-1.1356	_14491_	10
873	-1.1356	_14490_	4
873	-1.1356	_14404_	10
873	-1.1356	_13821_	3
873	-1.1356	_13403_	3
873	-1.1356	_13370_	4
873	-1.1356	_13369_	10
874	-1.1356	_02434_	1
874	-1.1356	_12080_	8
874	-1.1356	_12079_	1
874	-1.1356	_06841_	2
874	-1.1356	_06840_	7
874	-1.1356	_06697_	3
874	-1.1356	_06696_	1
874	-1.1356	_06671_	1
874	-1.1356	_06670_	3
874	-1.1356	_05652_	10
874	-1.1356	_05651_	3
874	-1.1356	_05643_	3
874	-1.1356	_05642_	10
874	-1.1356	_05641_	2
874	-1.1356	_05609_	5
874	-1.1356	_05541_	2
874	-1.1356	_05017_	3
874	-1.1356	_05016_	2
874	-1.1356	_05015_	1
874	-1.1356	_05014_	10
874	-1.1356	_04809_	2
874	-1.1356	_04808_	2
874	-1.1356	_04545_	2
874	-1.1356	_04437_	4
874	-1.1356	_04436_	3
874	-1.1356	_04433_	2
874	-1.1356	_04432_	3
874	-1.1356	_00166_	3
874	-1.1356	_00165_	2
874	-1.1356	u_e203_cpu.u_e203_core.u_e203_exu.u_e203_exu_alu.u_e203_exu_alu_dpath.adder_in1[0]	1
874	-1.1356	_14911_	10
874	-1.1356	_14846_	7
874	-1.1356	_14845_	10
874	-1.1356	_14844_	2
874	-1.1356	_14842_	1
874	-1.1356	_14840_	1
874	-1.1356	_14839_	1
874	-1.1356	_14789_	4
874	-1.1356	_14786_	1
874	-1.1356	_14780_	7
874	-1.1356	_14492_	10
874	-1.1356	_14491_	10
874	-1.1356	_14490_	4
874	-1.1356	_14404_	10
874	-1.1356	_13821_	3
874	-1.1356	_13403_	3
874	-1.1356	_13370_	4
874	-1.1356	_13369_	10
875	-1.1356	_02433_	1
875	-1.1356	_12080_	8
875	-1.1356	_12079_	1
875	-1.1356	_06841_	2
875	-1.1356	_06840_	7
875	-1.1356	_06697_	3
875	-1.1356	_06696_	1
875	-1.1356	_06671_	1
875	-1.1356	_06670_	3
875	-1.1356	_05652_	10
875	-1.1356	_05651_	3
875	-1.1356	_05643_	3
875	-1.1356	_05642_	10
875	-1.1356	_05641_	2
875	-1.1356	_05609_	5
875	-1.1356	_05541_	2
875	-1.1356	_05017_	3
875	-1.1356	_05016_	2
875	-1.1356	_05015_	1
875	-1.1356	_05014_	10
875	-1.1356	_04809_	2
875	-1.1356	_04808_	2
875	-1.1356	_04545_	2
875	-1.1356	_04437_	4
875	-1.1356	_04436_	3
875	-1.1356	_04433_	2
875	-1.1356	_04432_	3
875	-1.1356	_00166_	3
875	-1.1356	_00165_	2
875	-1.1356	u_e203_cpu.u_e203_core.u_e203_exu.u_e203_exu_alu.u_e203_exu_alu_dpath.adder_in1[0]	1
875	-1.1356	_14911_	10
875	-1.1356	_14846_	7
875	-1.1356	_14845_	10
875	-1.1356	_14844_	2
875	-1.1356	_14842_	1
875	-1.1356	_14840_	1
875	-1.1356	_14839_	1
875	-1.1356	_14789_	4
875	-1.1356	_14786_	1
875	-1.1356	_14780_	7
875	-1.1356	_14492_	10
875	-1.1356	_14491_	10
875	-1.1356	_14490_	4
875	-1.1356	_14404_	10
875	-1.1356	_13821_	3
875	-1.1356	_13403_	3
875	-1.1356	_13370_	4
875	-1.1356	_13369_	10
876	-1.1356	_02415_	1
876	-1.1356	_12048_	8
876	-1.1356	_12047_	1
876	-1.1356	_06865_	2
876	-1.1356	_06840_	7
876	-1.1356	_06697_	3
876	-1.1356	_06696_	1
876	-1.1356	_06671_	1
876	-1.1356	_06670_	3
876	-1.1356	_05652_	10
876	-1.1356	_05651_	3
876	-1.1356	_05643_	3
876	-1.1356	_05642_	10
876	-1.1356	_05641_	2
876	-1.1356	_05609_	5
876	-1.1356	_05541_	2
876	-1.1356	_05017_	3
876	-1.1356	_05016_	2
876	-1.1356	_05015_	1
876	-1.1356	_05014_	10
876	-1.1356	_04809_	2
876	-1.1356	_04808_	2
876	-1.1356	_04545_	2
876	-1.1356	_04437_	4
876	-1.1356	_04436_	3
876	-1.1356	_04433_	2
876	-1.1356	_04432_	3
876	-1.1356	_00166_	3
876	-1.1356	_00165_	2
876	-1.1356	u_e203_cpu.u_e203_core.u_e203_exu.u_e203_exu_alu.u_e203_exu_alu_dpath.adder_in1[0]	1
876	-1.1356	_14911_	10
876	-1.1356	_14846_	7
876	-1.1356	_14845_	10
876	-1.1356	_14844_	2
876	-1.1356	_14842_	1
876	-1.1356	_14840_	1
876	-1.1356	_14839_	1
876	-1.1356	_14789_	4
876	-1.1356	_14786_	1
876	-1.1356	_14780_	7
876	-1.1356	_14492_	10
876	-1.1356	_14491_	10
876	-1.1356	_14490_	4
876	-1.1356	_14404_	10
876	-1.1356	_13821_	3
876	-1.1356	_13403_	3
876	-1.1356	_13370_	4
876	-1.1356	_13369_	10
877	-1.1356	_02432_	1
877	-1.1356	_12080_	8
877	-1.1356	_12079_	1
877	-1.1356	_06841_	2
877	-1.1356	_06840_	7
877	-1.1356	_06697_	3
877	-1.1356	_06696_	1
877	-1.1356	_06671_	1
877	-1.1356	_06670_	3
877	-1.1356	_05652_	10
877	-1.1356	_05651_	3
877	-1.1356	_05643_	3
877	-1.1356	_05642_	10
877	-1.1356	_05641_	2
877	-1.1356	_05609_	5
877	-1.1356	_05541_	2
877	-1.1356	_05017_	3
877	-1.1356	_05016_	2
877	-1.1356	_05015_	1
877	-1.1356	_05014_	10
877	-1.1356	_04809_	2
877	-1.1356	_04808_	2
877	-1.1356	_04545_	2
877	-1.1356	_04437_	4
877	-1.1356	_04436_	3
877	-1.1356	_04433_	2
877	-1.1356	_04432_	3
877	-1.1356	_00166_	3
877	-1.1356	_00165_	2
877	-1.1356	u_e203_cpu.u_e203_core.u_e203_exu.u_e203_exu_alu.u_e203_exu_alu_dpath.adder_in1[0]	1
877	-1.1356	_14911_	10
877	-1.1356	_14846_	7
877	-1.1356	_14845_	10
877	-1.1356	_14844_	2
877	-1.1356	_14842_	1
877	-1.1356	_14840_	1
877	-1.1356	_14839_	1
877	-1.1356	_14789_	4
877	-1.1356	_14786_	1
877	-1.1356	_14780_	7
877	-1.1356	_14492_	10
877	-1.1356	_14491_	10
877	-1.1356	_14490_	4
877	-1.1356	_14404_	10
877	-1.1356	_13821_	3
877	-1.1356	_13403_	3
877	-1.1356	_13370_	4
877	-1.1356	_13369_	10
878	-1.1356	_02784_	1
878	-1.1356	_12080_	8
878	-1.1356	_12079_	1
878	-1.1356	_06841_	2
878	-1.1356	_06840_	7
878	-1.1356	_06697_	3
878	-1.1356	_06696_	1
878	-1.1356	_06671_	1
878	-1.1356	_06670_	3
878	-1.1356	_05652_	10
878	-1.1356	_05651_	3
878	-1.1356	_05643_	3
878	-1.1356	_05642_	10
878	-1.1356	_05641_	2
878	-1.1356	_05609_	5
878	-1.1356	_05541_	2
878	-1.1356	_05017_	3
878	-1.1356	_05016_	2
878	-1.1356	_05015_	1
878	-1.1356	_05014_	10
878	-1.1356	_04809_	2
878	-1.1356	_04808_	2
878	-1.1356	_04545_	2
878	-1.1356	_04437_	4
878	-1.1356	_04436_	3
878	-1.1356	_04433_	2
878	-1.1356	_04432_	3
878	-1.1356	_00166_	3
878	-1.1356	_00165_	2
878	-1.1356	u_e203_cpu.u_e203_core.u_e203_exu.u_e203_exu_alu.u_e203_exu_alu_dpath.adder_in1[0]	1
878	-1.1356	_14911_	10
878	-1.1356	_14846_	7
878	-1.1356	_14845_	10
878	-1.1356	_14844_	2
878	-1.1356	_14842_	1
878	-1.1356	_14840_	1
878	-1.1356	_14839_	1
878	-1.1356	_14789_	4
878	-1.1356	_14786_	1
878	-1.1356	_14780_	7
878	-1.1356	_14492_	10
878	-1.1356	_14491_	10
878	-1.1356	_14490_	4
878	-1.1356	_14404_	10
878	-1.1356	_13821_	3
878	-1.1356	_13403_	3
878	-1.1356	_13370_	4
878	-1.1356	_13369_	10
879	-1.1356	_02414_	1
879	-1.1356	_12048_	8
879	-1.1356	_12047_	1
879	-1.1356	_06865_	2
879	-1.1356	_06840_	7
879	-1.1356	_06697_	3
879	-1.1356	_06696_	1
879	-1.1356	_06671_	1
879	-1.1356	_06670_	3
879	-1.1356	_05652_	10
879	-1.1356	_05651_	3
879	-1.1356	_05643_	3
879	-1.1356	_05642_	10
879	-1.1356	_05641_	2
879	-1.1356	_05609_	5
879	-1.1356	_05541_	2
879	-1.1356	_05017_	3
879	-1.1356	_05016_	2
879	-1.1356	_05015_	1
879	-1.1356	_05014_	10
879	-1.1356	_04809_	2
879	-1.1356	_04808_	2
879	-1.1356	_04545_	2
879	-1.1356	_04437_	4
879	-1.1356	_04436_	3
879	-1.1356	_04433_	2
879	-1.1356	_04432_	3
879	-1.1356	_00166_	3
879	-1.1356	_00165_	2
879	-1.1356	u_e203_cpu.u_e203_core.u_e203_exu.u_e203_exu_alu.u_e203_exu_alu_dpath.adder_in1[0]	1
879	-1.1356	_14911_	10
879	-1.1356	_14846_	7
879	-1.1356	_14845_	10
879	-1.1356	_14844_	2
879	-1.1356	_14842_	1
879	-1.1356	_14840_	1
879	-1.1356	_14839_	1
879	-1.1356	_14789_	4
879	-1.1356	_14786_	1
879	-1.1356	_14780_	7
879	-1.1356	_14492_	10
879	-1.1356	_14491_	10
879	-1.1356	_14490_	4
879	-1.1356	_14404_	10
879	-1.1356	_13821_	3
879	-1.1356	_13403_	3
879	-1.1356	_13370_	4
879	-1.1356	_13369_	10
880	-1.1356	_02413_	1
880	-1.1356	_12048_	8
880	-1.1356	_12047_	1
880	-1.1356	_06865_	2
880	-1.1356	_06840_	7
880	-1.1356	_06697_	3
880	-1.1356	_06696_	1
880	-1.1356	_06671_	1
880	-1.1356	_06670_	3
880	-1.1356	_05652_	10
880	-1.1356	_05651_	3
880	-1.1356	_05643_	3
880	-1.1356	_05642_	10
880	-1.1356	_05641_	2
880	-1.1356	_05609_	5
880	-1.1356	_05541_	2
880	-1.1356	_05017_	3
880	-1.1356	_05016_	2
880	-1.1356	_05015_	1
880	-1.1356	_05014_	10
880	-1.1356	_04809_	2
880	-1.1356	_04808_	2
880	-1.1356	_04545_	2
880	-1.1356	_04437_	4
880	-1.1356	_04436_	3
880	-1.1356	_04433_	2
880	-1.1356	_04432_	3
880	-1.1356	_00166_	3
880	-1.1356	_00165_	2
880	-1.1356	u_e203_cpu.u_e203_core.u_e203_exu.u_e203_exu_alu.u_e203_exu_alu_dpath.adder_in1[0]	1
880	-1.1356	_14911_	10
880	-1.1356	_14846_	7
880	-1.1356	_14845_	10
880	-1.1356	_14844_	2
880	-1.1356	_14842_	1
880	-1.1356	_14840_	1
880	-1.1356	_14839_	1
880	-1.1356	_14789_	4
880	-1.1356	_14786_	1
880	-1.1356	_14780_	7
880	-1.1356	_14492_	10
880	-1.1356	_14491_	10
880	-1.1356	_14490_	4
880	-1.1356	_14404_	10
880	-1.1356	_13821_	3
880	-1.1356	_13403_	3
880	-1.1356	_13370_	4
880	-1.1356	_13369_	10
881	-1.1356	_02412_	1
881	-1.1356	_12048_	8
881	-1.1356	_12047_	1
881	-1.1356	_06865_	2
881	-1.1356	_06840_	7
881	-1.1356	_06697_	3
881	-1.1356	_06696_	1
881	-1.1356	_06671_	1
881	-1.1356	_06670_	3
881	-1.1356	_05652_	10
881	-1.1356	_05651_	3
881	-1.1356	_05643_	3
881	-1.1356	_05642_	10
881	-1.1356	_05641_	2
881	-1.1356	_05609_	5
881	-1.1356	_05541_	2
881	-1.1356	_05017_	3
881	-1.1356	_05016_	2
881	-1.1356	_05015_	1
881	-1.1356	_05014_	10
881	-1.1356	_04809_	2
881	-1.1356	_04808_	2
881	-1.1356	_04545_	2
881	-1.1356	_04437_	4
881	-1.1356	_04436_	3
881	-1.1356	_04433_	2
881	-1.1356	_04432_	3
881	-1.1356	_00166_	3
881	-1.1356	_00165_	2
881	-1.1356	u_e203_cpu.u_e203_core.u_e203_exu.u_e203_exu_alu.u_e203_exu_alu_dpath.adder_in1[0]	1
881	-1.1356	_14911_	10
881	-1.1356	_14846_	7
881	-1.1356	_14845_	10
881	-1.1356	_14844_	2
881	-1.1356	_14842_	1
881	-1.1356	_14840_	1
881	-1.1356	_14839_	1
881	-1.1356	_14789_	4
881	-1.1356	_14786_	1
881	-1.1356	_14780_	7
881	-1.1356	_14492_	10
881	-1.1356	_14491_	10
881	-1.1356	_14490_	4
881	-1.1356	_14404_	10
881	-1.1356	_13821_	3
881	-1.1356	_13403_	3
881	-1.1356	_13370_	4
881	-1.1356	_13369_	10
882	-1.1356	_02411_	1
882	-1.1356	_12048_	8
882	-1.1356	_12047_	1
882	-1.1356	_06865_	2
882	-1.1356	_06840_	7
882	-1.1356	_06697_	3
882	-1.1356	_06696_	1
882	-1.1356	_06671_	1
882	-1.1356	_06670_	3
882	-1.1356	_05652_	10
882	-1.1356	_05651_	3
882	-1.1356	_05643_	3
882	-1.1356	_05642_	10
882	-1.1356	_05641_	2
882	-1.1356	_05609_	5
882	-1.1356	_05541_	2
882	-1.1356	_05017_	3
882	-1.1356	_05016_	2
882	-1.1356	_05015_	1
882	-1.1356	_05014_	10
882	-1.1356	_04809_	2
882	-1.1356	_04808_	2
882	-1.1356	_04545_	2
882	-1.1356	_04437_	4
882	-1.1356	_04436_	3
882	-1.1356	_04433_	2
882	-1.1356	_04432_	3
882	-1.1356	_00166_	3
882	-1.1356	_00165_	2
882	-1.1356	u_e203_cpu.u_e203_core.u_e203_exu.u_e203_exu_alu.u_e203_exu_alu_dpath.adder_in1[0]	1
882	-1.1356	_14911_	10
882	-1.1356	_14846_	7
882	-1.1356	_14845_	10
882	-1.1356	_14844_	2
882	-1.1356	_14842_	1
882	-1.1356	_14840_	1
882	-1.1356	_14839_	1
882	-1.1356	_14789_	4
882	-1.1356	_14786_	1
882	-1.1356	_14780_	7
882	-1.1356	_14492_	10
882	-1.1356	_14491_	10
882	-1.1356	_14490_	4
882	-1.1356	_14404_	10
882	-1.1356	_13821_	3
882	-1.1356	_13403_	3
882	-1.1356	_13370_	4
882	-1.1356	_13369_	10
883	-1.1356	_02786_	1
883	-1.1356	_12048_	8
883	-1.1356	_12047_	1
883	-1.1356	_06865_	2
883	-1.1356	_06840_	7
883	-1.1356	_06697_	3
883	-1.1356	_06696_	1
883	-1.1356	_06671_	1
883	-1.1356	_06670_	3
883	-1.1356	_05652_	10
883	-1.1356	_05651_	3
883	-1.1356	_05643_	3
883	-1.1356	_05642_	10
883	-1.1356	_05641_	2
883	-1.1356	_05609_	5
883	-1.1356	_05541_	2
883	-1.1356	_05017_	3
883	-1.1356	_05016_	2
883	-1.1356	_05015_	1
883	-1.1356	_05014_	10
883	-1.1356	_04809_	2
883	-1.1356	_04808_	2
883	-1.1356	_04545_	2
883	-1.1356	_04437_	4
883	-1.1356	_04436_	3
883	-1.1356	_04433_	2
883	-1.1356	_04432_	3
883	-1.1356	_00166_	3
883	-1.1356	_00165_	2
883	-1.1356	u_e203_cpu.u_e203_core.u_e203_exu.u_e203_exu_alu.u_e203_exu_alu_dpath.adder_in1[0]	1
883	-1.1356	_14911_	10
883	-1.1356	_14846_	7
883	-1.1356	_14845_	10
883	-1.1356	_14844_	2
883	-1.1356	_14842_	1
883	-1.1356	_14840_	1
883	-1.1356	_14839_	1
883	-1.1356	_14789_	4
883	-1.1356	_14786_	1
883	-1.1356	_14780_	7
883	-1.1356	_14492_	10
883	-1.1356	_14491_	10
883	-1.1356	_14490_	4
883	-1.1356	_14404_	10
883	-1.1356	_13821_	3
883	-1.1356	_13403_	3
883	-1.1356	_13370_	4
883	-1.1356	_13369_	10
884	-1.1356	_02424_	1
884	-1.1356	_12058_	8
884	-1.1356	_12057_	1
884	-1.1356	_06858_	2
884	-1.1356	_06840_	7
884	-1.1356	_06697_	3
884	-1.1356	_06696_	1
884	-1.1356	_06671_	1
884	-1.1356	_06670_	3
884	-1.1356	_05652_	10
884	-1.1356	_05651_	3
884	-1.1356	_05643_	3
884	-1.1356	_05642_	10
884	-1.1356	_05641_	2
884	-1.1356	_05609_	5
884	-1.1356	_05541_	2
884	-1.1356	_05017_	3
884	-1.1356	_05016_	2
884	-1.1356	_05015_	1
884	-1.1356	_05014_	10
884	-1.1356	_04809_	2
884	-1.1356	_04808_	2
884	-1.1356	_04545_	2
884	-1.1356	_04437_	4
884	-1.1356	_04436_	3
884	-1.1356	_04433_	2
884	-1.1356	_04432_	3
884	-1.1356	_00166_	3
884	-1.1356	_00165_	2
884	-1.1356	u_e203_cpu.u_e203_core.u_e203_exu.u_e203_exu_alu.u_e203_exu_alu_dpath.adder_in1[0]	1
884	-1.1356	_14911_	10
884	-1.1356	_14846_	7
884	-1.1356	_14845_	10
884	-1.1356	_14844_	2
884	-1.1356	_14842_	1
884	-1.1356	_14840_	1
884	-1.1356	_14839_	1
884	-1.1356	_14789_	4
884	-1.1356	_14786_	1
884	-1.1356	_14780_	7
884	-1.1356	_14492_	10
884	-1.1356	_14491_	10
884	-1.1356	_14490_	4
884	-1.1356	_14404_	10
884	-1.1356	_13821_	3
884	-1.1356	_13403_	3
884	-1.1356	_13370_	4
884	-1.1356	_13369_	10
885	-1.1356	_02423_	1
885	-1.1356	_12058_	8
885	-1.1356	_12057_	1
885	-1.1356	_06858_	2
885	-1.1356	_06840_	7
885	-1.1356	_06697_	3
885	-1.1356	_06696_	1
885	-1.1356	_06671_	1
885	-1.1356	_06670_	3
885	-1.1356	_05652_	10
885	-1.1356	_05651_	3
885	-1.1356	_05643_	3
885	-1.1356	_05642_	10
885	-1.1356	_05641_	2
885	-1.1356	_05609_	5
885	-1.1356	_05541_	2
885	-1.1356	_05017_	3
885	-1.1356	_05016_	2
885	-1.1356	_05015_	1
885	-1.1356	_05014_	10
885	-1.1356	_04809_	2
885	-1.1356	_04808_	2
885	-1.1356	_04545_	2
885	-1.1356	_04437_	4
885	-1.1356	_04436_	3
885	-1.1356	_04433_	2
885	-1.1356	_04432_	3
885	-1.1356	_00166_	3
885	-1.1356	_00165_	2
885	-1.1356	u_e203_cpu.u_e203_core.u_e203_exu.u_e203_exu_alu.u_e203_exu_alu_dpath.adder_in1[0]	1
885	-1.1356	_14911_	10
885	-1.1356	_14846_	7
885	-1.1356	_14845_	10
885	-1.1356	_14844_	2
885	-1.1356	_14842_	1
885	-1.1356	_14840_	1
885	-1.1356	_14839_	1
885	-1.1356	_14789_	4
885	-1.1356	_14786_	1
885	-1.1356	_14780_	7
885	-1.1356	_14492_	10
885	-1.1356	_14491_	10
885	-1.1356	_14490_	4
885	-1.1356	_14404_	10
885	-1.1356	_13821_	3
885	-1.1356	_13403_	3
885	-1.1356	_13370_	4
885	-1.1356	_13369_	10
886	-1.1340	_00807_	1
886	-1.1340	_08575_	2
886	-1.1340	_08567_	4
886	-1.1340	_08363_	9
886	-1.1340	_08362_	1
886	-1.1340	_08354_	1
886	-1.1340	_08258_	5
886	-1.1340	_08205_	2
886	-1.1340	_08166_	3
886	-1.1340	_08007_	10
886	-1.1340	_07670_	6
886	-1.1340	_07573_	9
886	-1.1340	_07571_	1
886	-1.1340	_04744_	3
886	-1.1340	_04741_	2
886	-1.1340	_04740_	2
886	-1.1340	_04738_	1
886	-1.1340	_04602_	2
886	-1.1340	_04593_	3
886	-1.1340	_04416_	3
886	-1.1340	_04408_	3
886	-1.1340	_04407_	6
886	-1.1340	_04401_	4
886	-1.1340	_04397_	4
886	-1.1340	_04395_	2
886	-1.1340	_04390_	2
886	-1.1340	_00165_	2
886	-1.1340	u_e203_cpu.u_e203_core.u_e203_exu.u_e203_exu_alu.u_e203_exu_alu_dpath.adder_in1[0]	1
886	-1.1340	_14911_	10
886	-1.1340	_14846_	7
886	-1.1340	_14845_	10
886	-1.1340	_14844_	2
886	-1.1340	_14842_	1
886	-1.1340	_14840_	1
886	-1.1340	_14839_	1
886	-1.1340	_14789_	4
886	-1.1340	_14786_	1
886	-1.1340	_14780_	7
886	-1.1340	_14492_	10
886	-1.1340	_14491_	10
886	-1.1340	_14490_	4
886	-1.1340	_14404_	10
886	-1.1340	_13821_	3
886	-1.1340	_13403_	3
886	-1.1340	_13370_	4
886	-1.1340	_13369_	10
887	-1.1340	_02629_	1
887	-1.1340	_08575_	2
887	-1.1340	_08567_	4
887	-1.1340	_08363_	9
887	-1.1340	_08362_	1
887	-1.1340	_08354_	1
887	-1.1340	_08258_	5
887	-1.1340	_08205_	2
887	-1.1340	_08166_	3
887	-1.1340	_08007_	10
887	-1.1340	_07670_	6
887	-1.1340	_07573_	9
887	-1.1340	_07571_	1
887	-1.1340	_04744_	3
887	-1.1340	_04741_	2
887	-1.1340	_04740_	2
887	-1.1340	_04738_	1
887	-1.1340	_04602_	2
887	-1.1340	_04593_	3
887	-1.1340	_04416_	3
887	-1.1340	_04408_	3
887	-1.1340	_04407_	6
887	-1.1340	_04401_	4
887	-1.1340	_04397_	4
887	-1.1340	_04395_	2
887	-1.1340	_04390_	2
887	-1.1340	_00165_	2
887	-1.1340	u_e203_cpu.u_e203_core.u_e203_exu.u_e203_exu_alu.u_e203_exu_alu_dpath.adder_in1[0]	1
887	-1.1340	_14911_	10
887	-1.1340	_14846_	7
887	-1.1340	_14845_	10
887	-1.1340	_14844_	2
887	-1.1340	_14842_	1
887	-1.1340	_14840_	1
887	-1.1340	_14839_	1
887	-1.1340	_14789_	4
887	-1.1340	_14786_	1
887	-1.1340	_14780_	7
887	-1.1340	_14492_	10
887	-1.1340	_14491_	10
887	-1.1340	_14490_	4
887	-1.1340	_14404_	10
887	-1.1340	_13821_	3
887	-1.1340	_13403_	3
887	-1.1340	_13370_	4
887	-1.1340	_13369_	10
888	-1.1338	_00812_	1
888	-1.1338	_08593_	10
888	-1.1338	_08592_	7
888	-1.1338	_08591_	1
888	-1.1338	_08585_	2
888	-1.1338	_08363_	9
888	-1.1338	_08362_	1
888	-1.1338	_08354_	1
888	-1.1338	_08258_	5
888	-1.1338	_08205_	2
888	-1.1338	_08166_	3
888	-1.1338	_08007_	10
888	-1.1338	_07670_	6
888	-1.1338	_07573_	9
888	-1.1338	_07571_	1
888	-1.1338	_04744_	3
888	-1.1338	_04741_	2
888	-1.1338	_04740_	2
888	-1.1338	_04738_	1
888	-1.1338	_04602_	2
888	-1.1338	_04593_	3
888	-1.1338	_04416_	3
888	-1.1338	_04408_	3
888	-1.1338	_04407_	6
888	-1.1338	_04401_	4
888	-1.1338	_04397_	4
888	-1.1338	_04395_	2
888	-1.1338	_04390_	2
888	-1.1338	_00165_	2
888	-1.1338	u_e203_cpu.u_e203_core.u_e203_exu.u_e203_exu_alu.u_e203_exu_alu_dpath.adder_in1[0]	1
888	-1.1338	_14911_	10
888	-1.1338	_14846_	7
888	-1.1338	_14845_	10
888	-1.1338	_14844_	2
888	-1.1338	_14842_	1
888	-1.1338	_14840_	1
888	-1.1338	_14839_	1
888	-1.1338	_14789_	4
888	-1.1338	_14786_	1
888	-1.1338	_14780_	7
888	-1.1338	_14492_	10
888	-1.1338	_14491_	10
888	-1.1338	_14490_	4
888	-1.1338	_14404_	10
888	-1.1338	_13821_	3
888	-1.1338	_13403_	3
888	-1.1338	_13370_	4
888	-1.1338	_13369_	10
889	-1.1338	_00811_	1
889	-1.1338	_08593_	10
889	-1.1338	_08592_	7
889	-1.1338	_08591_	1
889	-1.1338	_08585_	2
889	-1.1338	_08363_	9
889	-1.1338	_08362_	1
889	-1.1338	_08354_	1
889	-1.1338	_08258_	5
889	-1.1338	_08205_	2
889	-1.1338	_08166_	3
889	-1.1338	_08007_	10
889	-1.1338	_07670_	6
889	-1.1338	_07573_	9
889	-1.1338	_07571_	1
889	-1.1338	_04744_	3
889	-1.1338	_04741_	2
889	-1.1338	_04740_	2
889	-1.1338	_04738_	1
889	-1.1338	_04602_	2
889	-1.1338	_04593_	3
889	-1.1338	_04416_	3
889	-1.1338	_04408_	3
889	-1.1338	_04407_	6
889	-1.1338	_04401_	4
889	-1.1338	_04397_	4
889	-1.1338	_04395_	2
889	-1.1338	_04390_	2
889	-1.1338	_00165_	2
889	-1.1338	u_e203_cpu.u_e203_core.u_e203_exu.u_e203_exu_alu.u_e203_exu_alu_dpath.adder_in1[0]	1
889	-1.1338	_14911_	10
889	-1.1338	_14846_	7
889	-1.1338	_14845_	10
889	-1.1338	_14844_	2
889	-1.1338	_14842_	1
889	-1.1338	_14840_	1
889	-1.1338	_14839_	1
889	-1.1338	_14789_	4
889	-1.1338	_14786_	1
889	-1.1338	_14780_	7
889	-1.1338	_14492_	10
889	-1.1338	_14491_	10
889	-1.1338	_14490_	4
889	-1.1338	_14404_	10
889	-1.1338	_13821_	3
889	-1.1338	_13403_	3
889	-1.1338	_13370_	4
889	-1.1338	_13369_	10
890	-1.1338	_00810_	1
890	-1.1338	_08593_	10
890	-1.1338	_08592_	7
890	-1.1338	_08591_	1
890	-1.1338	_08585_	2
890	-1.1338	_08363_	9
890	-1.1338	_08362_	1
890	-1.1338	_08354_	1
890	-1.1338	_08258_	5
890	-1.1338	_08205_	2
890	-1.1338	_08166_	3
890	-1.1338	_08007_	10
890	-1.1338	_07670_	6
890	-1.1338	_07573_	9
890	-1.1338	_07571_	1
890	-1.1338	_04744_	3
890	-1.1338	_04741_	2
890	-1.1338	_04740_	2
890	-1.1338	_04738_	1
890	-1.1338	_04602_	2
890	-1.1338	_04593_	3
890	-1.1338	_04416_	3
890	-1.1338	_04408_	3
890	-1.1338	_04407_	6
890	-1.1338	_04401_	4
890	-1.1338	_04397_	4
890	-1.1338	_04395_	2
890	-1.1338	_04390_	2
890	-1.1338	_00165_	2
890	-1.1338	u_e203_cpu.u_e203_core.u_e203_exu.u_e203_exu_alu.u_e203_exu_alu_dpath.adder_in1[0]	1
890	-1.1338	_14911_	10
890	-1.1338	_14846_	7
890	-1.1338	_14845_	10
890	-1.1338	_14844_	2
890	-1.1338	_14842_	1
890	-1.1338	_14840_	1
890	-1.1338	_14839_	1
890	-1.1338	_14789_	4
890	-1.1338	_14786_	1
890	-1.1338	_14780_	7
890	-1.1338	_14492_	10
890	-1.1338	_14491_	10
890	-1.1338	_14490_	4
890	-1.1338	_14404_	10
890	-1.1338	_13821_	3
890	-1.1338	_13403_	3
890	-1.1338	_13370_	4
890	-1.1338	_13369_	10
891	-1.1338	_00809_	1
891	-1.1338	_08593_	10
891	-1.1338	_08592_	7
891	-1.1338	_08591_	1
891	-1.1338	_08585_	2
891	-1.1338	_08363_	9
891	-1.1338	_08362_	1
891	-1.1338	_08354_	1
891	-1.1338	_08258_	5
891	-1.1338	_08205_	2
891	-1.1338	_08166_	3
891	-1.1338	_08007_	10
891	-1.1338	_07670_	6
891	-1.1338	_07573_	9
891	-1.1338	_07571_	1
891	-1.1338	_04744_	3
891	-1.1338	_04741_	2
891	-1.1338	_04740_	2
891	-1.1338	_04738_	1
891	-1.1338	_04602_	2
891	-1.1338	_04593_	3
891	-1.1338	_04416_	3
891	-1.1338	_04408_	3
891	-1.1338	_04407_	6
891	-1.1338	_04401_	4
891	-1.1338	_04397_	4
891	-1.1338	_04395_	2
891	-1.1338	_04390_	2
891	-1.1338	_00165_	2
891	-1.1338	u_e203_cpu.u_e203_core.u_e203_exu.u_e203_exu_alu.u_e203_exu_alu_dpath.adder_in1[0]	1
891	-1.1338	_14911_	10
891	-1.1338	_14846_	7
891	-1.1338	_14845_	10
891	-1.1338	_14844_	2
891	-1.1338	_14842_	1
891	-1.1338	_14840_	1
891	-1.1338	_14839_	1
891	-1.1338	_14789_	4
891	-1.1338	_14786_	1
891	-1.1338	_14780_	7
891	-1.1338	_14492_	10
891	-1.1338	_14491_	10
891	-1.1338	_14490_	4
891	-1.1338	_14404_	10
891	-1.1338	_13821_	3
891	-1.1338	_13403_	3
891	-1.1338	_13370_	4
891	-1.1338	_13369_	10
892	-1.1338	_00817_	1
892	-1.1338	_08593_	10
892	-1.1338	_08592_	7
892	-1.1338	_08591_	1
892	-1.1338	_08585_	2
892	-1.1338	_08363_	9
892	-1.1338	_08362_	1
892	-1.1338	_08354_	1
892	-1.1338	_08258_	5
892	-1.1338	_08205_	2
892	-1.1338	_08166_	3
892	-1.1338	_08007_	10
892	-1.1338	_07670_	6
892	-1.1338	_07573_	9
892	-1.1338	_07571_	1
892	-1.1338	_04744_	3
892	-1.1338	_04741_	2
892	-1.1338	_04740_	2
892	-1.1338	_04738_	1
892	-1.1338	_04602_	2
892	-1.1338	_04593_	3
892	-1.1338	_04416_	3
892	-1.1338	_04408_	3
892	-1.1338	_04407_	6
892	-1.1338	_04401_	4
892	-1.1338	_04397_	4
892	-1.1338	_04395_	2
892	-1.1338	_04390_	2
892	-1.1338	_00165_	2
892	-1.1338	u_e203_cpu.u_e203_core.u_e203_exu.u_e203_exu_alu.u_e203_exu_alu_dpath.adder_in1[0]	1
892	-1.1338	_14911_	10
892	-1.1338	_14846_	7
892	-1.1338	_14845_	10
892	-1.1338	_14844_	2
892	-1.1338	_14842_	1
892	-1.1338	_14840_	1
892	-1.1338	_14839_	1
892	-1.1338	_14789_	4
892	-1.1338	_14786_	1
892	-1.1338	_14780_	7
892	-1.1338	_14492_	10
892	-1.1338	_14491_	10
892	-1.1338	_14490_	4
892	-1.1338	_14404_	10
892	-1.1338	_13821_	3
892	-1.1338	_13403_	3
892	-1.1338	_13370_	4
892	-1.1338	_13369_	10
893	-1.1338	_00816_	1
893	-1.1338	_08593_	10
893	-1.1338	_08592_	7
893	-1.1338	_08591_	1
893	-1.1338	_08585_	2
893	-1.1338	_08363_	9
893	-1.1338	_08362_	1
893	-1.1338	_08354_	1
893	-1.1338	_08258_	5
893	-1.1338	_08205_	2
893	-1.1338	_08166_	3
893	-1.1338	_08007_	10
893	-1.1338	_07670_	6
893	-1.1338	_07573_	9
893	-1.1338	_07571_	1
893	-1.1338	_04744_	3
893	-1.1338	_04741_	2
893	-1.1338	_04740_	2
893	-1.1338	_04738_	1
893	-1.1338	_04602_	2
893	-1.1338	_04593_	3
893	-1.1338	_04416_	3
893	-1.1338	_04408_	3
893	-1.1338	_04407_	6
893	-1.1338	_04401_	4
893	-1.1338	_04397_	4
893	-1.1338	_04395_	2
893	-1.1338	_04390_	2
893	-1.1338	_00165_	2
893	-1.1338	u_e203_cpu.u_e203_core.u_e203_exu.u_e203_exu_alu.u_e203_exu_alu_dpath.adder_in1[0]	1
893	-1.1338	_14911_	10
893	-1.1338	_14846_	7
893	-1.1338	_14845_	10
893	-1.1338	_14844_	2
893	-1.1338	_14842_	1
893	-1.1338	_14840_	1
893	-1.1338	_14839_	1
893	-1.1338	_14789_	4
893	-1.1338	_14786_	1
893	-1.1338	_14780_	7
893	-1.1338	_14492_	10
893	-1.1338	_14491_	10
893	-1.1338	_14490_	4
893	-1.1338	_14404_	10
893	-1.1338	_13821_	3
893	-1.1338	_13403_	3
893	-1.1338	_13370_	4
893	-1.1338	_13369_	10
894	-1.1338	_00815_	1
894	-1.1338	_08593_	10
894	-1.1338	_08592_	7
894	-1.1338	_08591_	1
894	-1.1338	_08585_	2
894	-1.1338	_08363_	9
894	-1.1338	_08362_	1
894	-1.1338	_08354_	1
894	-1.1338	_08258_	5
894	-1.1338	_08205_	2
894	-1.1338	_08166_	3
894	-1.1338	_08007_	10
894	-1.1338	_07670_	6
894	-1.1338	_07573_	9
894	-1.1338	_07571_	1
894	-1.1338	_04744_	3
894	-1.1338	_04741_	2
894	-1.1338	_04740_	2
894	-1.1338	_04738_	1
894	-1.1338	_04602_	2
894	-1.1338	_04593_	3
894	-1.1338	_04416_	3
894	-1.1338	_04408_	3
894	-1.1338	_04407_	6
894	-1.1338	_04401_	4
894	-1.1338	_04397_	4
894	-1.1338	_04395_	2
894	-1.1338	_04390_	2
894	-1.1338	_00165_	2
894	-1.1338	u_e203_cpu.u_e203_core.u_e203_exu.u_e203_exu_alu.u_e203_exu_alu_dpath.adder_in1[0]	1
894	-1.1338	_14911_	10
894	-1.1338	_14846_	7
894	-1.1338	_14845_	10
894	-1.1338	_14844_	2
894	-1.1338	_14842_	1
894	-1.1338	_14840_	1
894	-1.1338	_14839_	1
894	-1.1338	_14789_	4
894	-1.1338	_14786_	1
894	-1.1338	_14780_	7
894	-1.1338	_14492_	10
894	-1.1338	_14491_	10
894	-1.1338	_14490_	4
894	-1.1338	_14404_	10
894	-1.1338	_13821_	3
894	-1.1338	_13403_	3
894	-1.1338	_13370_	4
894	-1.1338	_13369_	10
895	-1.1338	_00814_	1
895	-1.1338	_08593_	10
895	-1.1338	_08592_	7
895	-1.1338	_08591_	1
895	-1.1338	_08585_	2
895	-1.1338	_08363_	9
895	-1.1338	_08362_	1
895	-1.1338	_08354_	1
895	-1.1338	_08258_	5
895	-1.1338	_08205_	2
895	-1.1338	_08166_	3
895	-1.1338	_08007_	10
895	-1.1338	_07670_	6
895	-1.1338	_07573_	9
895	-1.1338	_07571_	1
895	-1.1338	_04744_	3
895	-1.1338	_04741_	2
895	-1.1338	_04740_	2
895	-1.1338	_04738_	1
895	-1.1338	_04602_	2
895	-1.1338	_04593_	3
895	-1.1338	_04416_	3
895	-1.1338	_04408_	3
895	-1.1338	_04407_	6
895	-1.1338	_04401_	4
895	-1.1338	_04397_	4
895	-1.1338	_04395_	2
895	-1.1338	_04390_	2
895	-1.1338	_00165_	2
895	-1.1338	u_e203_cpu.u_e203_core.u_e203_exu.u_e203_exu_alu.u_e203_exu_alu_dpath.adder_in1[0]	1
895	-1.1338	_14911_	10
895	-1.1338	_14846_	7
895	-1.1338	_14845_	10
895	-1.1338	_14844_	2
895	-1.1338	_14842_	1
895	-1.1338	_14840_	1
895	-1.1338	_14839_	1
895	-1.1338	_14789_	4
895	-1.1338	_14786_	1
895	-1.1338	_14780_	7
895	-1.1338	_14492_	10
895	-1.1338	_14491_	10
895	-1.1338	_14490_	4
895	-1.1338	_14404_	10
895	-1.1338	_13821_	3
895	-1.1338	_13403_	3
895	-1.1338	_13370_	4
895	-1.1338	_13369_	10
896	-1.1338	_00813_	1
896	-1.1338	_08593_	10
896	-1.1338	_08592_	7
896	-1.1338	_08591_	1
896	-1.1338	_08585_	2
896	-1.1338	_08363_	9
896	-1.1338	_08362_	1
896	-1.1338	_08354_	1
896	-1.1338	_08258_	5
896	-1.1338	_08205_	2
896	-1.1338	_08166_	3
896	-1.1338	_08007_	10
896	-1.1338	_07670_	6
896	-1.1338	_07573_	9
896	-1.1338	_07571_	1
896	-1.1338	_04744_	3
896	-1.1338	_04741_	2
896	-1.1338	_04740_	2
896	-1.1338	_04738_	1
896	-1.1338	_04602_	2
896	-1.1338	_04593_	3
896	-1.1338	_04416_	3
896	-1.1338	_04408_	3
896	-1.1338	_04407_	6
896	-1.1338	_04401_	4
896	-1.1338	_04397_	4
896	-1.1338	_04395_	2
896	-1.1338	_04390_	2
896	-1.1338	_00165_	2
896	-1.1338	u_e203_cpu.u_e203_core.u_e203_exu.u_e203_exu_alu.u_e203_exu_alu_dpath.adder_in1[0]	1
896	-1.1338	_14911_	10
896	-1.1338	_14846_	7
896	-1.1338	_14845_	10
896	-1.1338	_14844_	2
896	-1.1338	_14842_	1
896	-1.1338	_14840_	1
896	-1.1338	_14839_	1
896	-1.1338	_14789_	4
896	-1.1338	_14786_	1
896	-1.1338	_14780_	7
896	-1.1338	_14492_	10
896	-1.1338	_14491_	10
896	-1.1338	_14490_	4
896	-1.1338	_14404_	10
896	-1.1338	_13821_	3
896	-1.1338	_13403_	3
896	-1.1338	_13370_	4
896	-1.1338	_13369_	10
897	-1.1337	_00808_	1
897	-1.1337	_08593_	10
897	-1.1337	_08592_	7
897	-1.1337	_08591_	1
897	-1.1337	_08585_	2
897	-1.1337	_08363_	9
897	-1.1337	_08362_	1
897	-1.1337	_08354_	1
897	-1.1337	_08258_	5
897	-1.1337	_08205_	2
897	-1.1337	_08166_	3
897	-1.1337	_08007_	10
897	-1.1337	_07670_	6
897	-1.1337	_07573_	9
897	-1.1337	_07571_	1
897	-1.1337	_04744_	3
897	-1.1337	_04741_	2
897	-1.1337	_04740_	2
897	-1.1337	_04738_	1
897	-1.1337	_04602_	2
897	-1.1337	_04593_	3
897	-1.1337	_04416_	3
897	-1.1337	_04408_	3
897	-1.1337	_04407_	6
897	-1.1337	_04401_	4
897	-1.1337	_04397_	4
897	-1.1337	_04395_	2
897	-1.1337	_04390_	2
897	-1.1337	_00165_	2
897	-1.1337	u_e203_cpu.u_e203_core.u_e203_exu.u_e203_exu_alu.u_e203_exu_alu_dpath.adder_in1[0]	1
897	-1.1337	_14911_	10
897	-1.1337	_14846_	7
897	-1.1337	_14845_	10
897	-1.1337	_14844_	2
897	-1.1337	_14842_	1
897	-1.1337	_14840_	1
897	-1.1337	_14839_	1
897	-1.1337	_14789_	4
897	-1.1337	_14786_	1
897	-1.1337	_14780_	7
897	-1.1337	_14492_	10
897	-1.1337	_14491_	10
897	-1.1337	_14490_	4
897	-1.1337	_14404_	10
897	-1.1337	_13821_	3
897	-1.1337	_13403_	3
897	-1.1337	_13370_	4
897	-1.1337	_13369_	10
898	-1.1311	_02647_	1
898	-1.1311	_12488_	2
898	-1.1311	_08630_	9
898	-1.1311	_08629_	1
898	-1.1311	_08363_	9
898	-1.1311	_08362_	1
898	-1.1311	_08354_	1
898	-1.1311	_08258_	5
898	-1.1311	_08205_	2
898	-1.1311	_08166_	3
898	-1.1311	_08007_	10
898	-1.1311	_07670_	6
898	-1.1311	_07573_	9
898	-1.1311	_07571_	1
898	-1.1311	_04744_	3
898	-1.1311	_04741_	2
898	-1.1311	_04740_	2
898	-1.1311	_04738_	1
898	-1.1311	_04602_	2
898	-1.1311	_04593_	3
898	-1.1311	_04416_	3
898	-1.1311	_04408_	3
898	-1.1311	_04407_	6
898	-1.1311	_04401_	4
898	-1.1311	_04397_	4
898	-1.1311	_04395_	2
898	-1.1311	_04390_	2
898	-1.1311	_00165_	2
898	-1.1311	u_e203_cpu.u_e203_core.u_e203_exu.u_e203_exu_alu.u_e203_exu_alu_dpath.adder_in1[0]	1
898	-1.1311	_14911_	10
898	-1.1311	_14846_	7
898	-1.1311	_14845_	10
898	-1.1311	_14844_	2
898	-1.1311	_14842_	1
898	-1.1311	_14840_	1
898	-1.1311	_14839_	1
898	-1.1311	_14789_	4
898	-1.1311	_14786_	1
898	-1.1311	_14780_	7
898	-1.1311	_14492_	10
898	-1.1311	_14491_	10
898	-1.1311	_14490_	4
898	-1.1311	_14404_	10
898	-1.1311	_13821_	3
898	-1.1311	_13403_	3
898	-1.1311	_13370_	4
898	-1.1311	_13369_	10
899	-1.1305	_02675_	1
899	-1.1305	_12622_	1
899	-1.1305	_12620_	1
899	-1.1305	_08520_	10
899	-1.1305	_08363_	9
899	-1.1305	_08362_	1
899	-1.1305	_08354_	1
899	-1.1305	_08258_	5
899	-1.1305	_08205_	2
899	-1.1305	_08166_	3
899	-1.1305	_08007_	10
899	-1.1305	_07670_	6
899	-1.1305	_07573_	9
899	-1.1305	_07571_	1
899	-1.1305	_04744_	3
899	-1.1305	_04741_	2
899	-1.1305	_04740_	2
899	-1.1305	_04738_	1
899	-1.1305	_04602_	2
899	-1.1305	_04593_	3
899	-1.1305	_04416_	3
899	-1.1305	_04408_	3
899	-1.1305	_04407_	6
899	-1.1305	_04401_	4
899	-1.1305	_04397_	4
899	-1.1305	_04395_	2
899	-1.1305	_04390_	2
899	-1.1305	_00165_	2
899	-1.1305	u_e203_cpu.u_e203_core.u_e203_exu.u_e203_exu_alu.u_e203_exu_alu_dpath.adder_in1[0]	1
899	-1.1305	_14911_	10
899	-1.1305	_14846_	7
899	-1.1305	_14845_	10
899	-1.1305	_14844_	2
899	-1.1305	_14842_	1
899	-1.1305	_14840_	1
899	-1.1305	_14839_	1
899	-1.1305	_14789_	4
899	-1.1305	_14786_	1
899	-1.1305	_14780_	7
899	-1.1305	_14492_	10
899	-1.1305	_14491_	10
899	-1.1305	_14490_	4
899	-1.1305	_14404_	10
899	-1.1305	_13821_	3
899	-1.1305	_13403_	3
899	-1.1305	_13370_	4
899	-1.1305	_13369_	10
900	-1.1291	_00764_	1
900	-1.1291	_08442_	10
900	-1.1291	_08365_	6
900	-1.1291	_08364_	2
900	-1.1291	_08363_	9
900	-1.1291	_08362_	1
900	-1.1291	_08354_	1
900	-1.1291	_08258_	5
900	-1.1291	_08205_	2
900	-1.1291	_08166_	3
900	-1.1291	_08007_	10
900	-1.1291	_07670_	6
900	-1.1291	_07573_	9
900	-1.1291	_07571_	1
900	-1.1291	_04744_	3
900	-1.1291	_04741_	2
900	-1.1291	_04740_	2
900	-1.1291	_04738_	1
900	-1.1291	_04602_	2
900	-1.1291	_04593_	3
900	-1.1291	_04416_	3
900	-1.1291	_04408_	3
900	-1.1291	_04407_	6
900	-1.1291	_04401_	4
900	-1.1291	_04397_	4
900	-1.1291	_04395_	2
900	-1.1291	_04390_	2
900	-1.1291	_00165_	2
900	-1.1291	u_e203_cpu.u_e203_core.u_e203_exu.u_e203_exu_alu.u_e203_exu_alu_dpath.adder_in1[0]	1
900	-1.1291	_14911_	10
900	-1.1291	_14846_	7
900	-1.1291	_14845_	10
900	-1.1291	_14844_	2
900	-1.1291	_14842_	1
900	-1.1291	_14840_	1
900	-1.1291	_14839_	1
900	-1.1291	_14789_	4
900	-1.1291	_14786_	1
900	-1.1291	_14780_	7
900	-1.1291	_14492_	10
900	-1.1291	_14491_	10
900	-1.1291	_14490_	4
900	-1.1291	_14404_	10
900	-1.1291	_13821_	3
900	-1.1291	_13403_	3
900	-1.1291	_13370_	4
900	-1.1291	_13369_	10
901	-1.1291	_00763_	1
901	-1.1291	_08442_	10
901	-1.1291	_08365_	6
901	-1.1291	_08364_	2
901	-1.1291	_08363_	9
901	-1.1291	_08362_	1
901	-1.1291	_08354_	1
901	-1.1291	_08258_	5
901	-1.1291	_08205_	2
901	-1.1291	_08166_	3
901	-1.1291	_08007_	10
901	-1.1291	_07670_	6
901	-1.1291	_07573_	9
901	-1.1291	_07571_	1
901	-1.1291	_04744_	3
901	-1.1291	_04741_	2
901	-1.1291	_04740_	2
901	-1.1291	_04738_	1
901	-1.1291	_04602_	2
901	-1.1291	_04593_	3
901	-1.1291	_04416_	3
901	-1.1291	_04408_	3
901	-1.1291	_04407_	6
901	-1.1291	_04401_	4
901	-1.1291	_04397_	4
901	-1.1291	_04395_	2
901	-1.1291	_04390_	2
901	-1.1291	_00165_	2
901	-1.1291	u_e203_cpu.u_e203_core.u_e203_exu.u_e203_exu_alu.u_e203_exu_alu_dpath.adder_in1[0]	1
901	-1.1291	_14911_	10
901	-1.1291	_14846_	7
901	-1.1291	_14845_	10
901	-1.1291	_14844_	2
901	-1.1291	_14842_	1
901	-1.1291	_14840_	1
901	-1.1291	_14839_	1
901	-1.1291	_14789_	4
901	-1.1291	_14786_	1
901	-1.1291	_14780_	7
901	-1.1291	_14492_	10
901	-1.1291	_14491_	10
901	-1.1291	_14490_	4
901	-1.1291	_14404_	10
901	-1.1291	_13821_	3
901	-1.1291	_13403_	3
901	-1.1291	_13370_	4
901	-1.1291	_13369_	10
902	-1.1291	_00762_	1
902	-1.1291	_08442_	10
902	-1.1291	_08365_	6
902	-1.1291	_08364_	2
902	-1.1291	_08363_	9
902	-1.1291	_08362_	1
902	-1.1291	_08354_	1
902	-1.1291	_08258_	5
902	-1.1291	_08205_	2
902	-1.1291	_08166_	3
902	-1.1291	_08007_	10
902	-1.1291	_07670_	6
902	-1.1291	_07573_	9
902	-1.1291	_07571_	1
902	-1.1291	_04744_	3
902	-1.1291	_04741_	2
902	-1.1291	_04740_	2
902	-1.1291	_04738_	1
902	-1.1291	_04602_	2
902	-1.1291	_04593_	3
902	-1.1291	_04416_	3
902	-1.1291	_04408_	3
902	-1.1291	_04407_	6
902	-1.1291	_04401_	4
902	-1.1291	_04397_	4
902	-1.1291	_04395_	2
902	-1.1291	_04390_	2
902	-1.1291	_00165_	2
902	-1.1291	u_e203_cpu.u_e203_core.u_e203_exu.u_e203_exu_alu.u_e203_exu_alu_dpath.adder_in1[0]	1
902	-1.1291	_14911_	10
902	-1.1291	_14846_	7
902	-1.1291	_14845_	10
902	-1.1291	_14844_	2
902	-1.1291	_14842_	1
902	-1.1291	_14840_	1
902	-1.1291	_14839_	1
902	-1.1291	_14789_	4
902	-1.1291	_14786_	1
902	-1.1291	_14780_	7
902	-1.1291	_14492_	10
902	-1.1291	_14491_	10
902	-1.1291	_14490_	4
902	-1.1291	_14404_	10
902	-1.1291	_13821_	3
902	-1.1291	_13403_	3
902	-1.1291	_13370_	4
902	-1.1291	_13369_	10
903	-1.1291	_00761_	1
903	-1.1291	_08442_	10
903	-1.1291	_08365_	6
903	-1.1291	_08364_	2
903	-1.1291	_08363_	9
903	-1.1291	_08362_	1
903	-1.1291	_08354_	1
903	-1.1291	_08258_	5
903	-1.1291	_08205_	2
903	-1.1291	_08166_	3
903	-1.1291	_08007_	10
903	-1.1291	_07670_	6
903	-1.1291	_07573_	9
903	-1.1291	_07571_	1
903	-1.1291	_04744_	3
903	-1.1291	_04741_	2
903	-1.1291	_04740_	2
903	-1.1291	_04738_	1
903	-1.1291	_04602_	2
903	-1.1291	_04593_	3
903	-1.1291	_04416_	3
903	-1.1291	_04408_	3
903	-1.1291	_04407_	6
903	-1.1291	_04401_	4
903	-1.1291	_04397_	4
903	-1.1291	_04395_	2
903	-1.1291	_04390_	2
903	-1.1291	_00165_	2
903	-1.1291	u_e203_cpu.u_e203_core.u_e203_exu.u_e203_exu_alu.u_e203_exu_alu_dpath.adder_in1[0]	1
903	-1.1291	_14911_	10
903	-1.1291	_14846_	7
903	-1.1291	_14845_	10
903	-1.1291	_14844_	2
903	-1.1291	_14842_	1
903	-1.1291	_14840_	1
903	-1.1291	_14839_	1
903	-1.1291	_14789_	4
903	-1.1291	_14786_	1
903	-1.1291	_14780_	7
903	-1.1291	_14492_	10
903	-1.1291	_14491_	10
903	-1.1291	_14490_	4
903	-1.1291	_14404_	10
903	-1.1291	_13821_	3
903	-1.1291	_13403_	3
903	-1.1291	_13370_	4
903	-1.1291	_13369_	10
904	-1.1291	_00760_	1
904	-1.1291	_08442_	10
904	-1.1291	_08365_	6
904	-1.1291	_08364_	2
904	-1.1291	_08363_	9
904	-1.1291	_08362_	1
904	-1.1291	_08354_	1
904	-1.1291	_08258_	5
904	-1.1291	_08205_	2
904	-1.1291	_08166_	3
904	-1.1291	_08007_	10
904	-1.1291	_07670_	6
904	-1.1291	_07573_	9
904	-1.1291	_07571_	1
904	-1.1291	_04744_	3
904	-1.1291	_04741_	2
904	-1.1291	_04740_	2
904	-1.1291	_04738_	1
904	-1.1291	_04602_	2
904	-1.1291	_04593_	3
904	-1.1291	_04416_	3
904	-1.1291	_04408_	3
904	-1.1291	_04407_	6
904	-1.1291	_04401_	4
904	-1.1291	_04397_	4
904	-1.1291	_04395_	2
904	-1.1291	_04390_	2
904	-1.1291	_00165_	2
904	-1.1291	u_e203_cpu.u_e203_core.u_e203_exu.u_e203_exu_alu.u_e203_exu_alu_dpath.adder_in1[0]	1
904	-1.1291	_14911_	10
904	-1.1291	_14846_	7
904	-1.1291	_14845_	10
904	-1.1291	_14844_	2
904	-1.1291	_14842_	1
904	-1.1291	_14840_	1
904	-1.1291	_14839_	1
904	-1.1291	_14789_	4
904	-1.1291	_14786_	1
904	-1.1291	_14780_	7
904	-1.1291	_14492_	10
904	-1.1291	_14491_	10
904	-1.1291	_14490_	4
904	-1.1291	_14404_	10
904	-1.1291	_13821_	3
904	-1.1291	_13403_	3
904	-1.1291	_13370_	4
904	-1.1291	_13369_	10
905	-1.1291	_00759_	1
905	-1.1291	_08442_	10
905	-1.1291	_08365_	6
905	-1.1291	_08364_	2
905	-1.1291	_08363_	9
905	-1.1291	_08362_	1
905	-1.1291	_08354_	1
905	-1.1291	_08258_	5
905	-1.1291	_08205_	2
905	-1.1291	_08166_	3
905	-1.1291	_08007_	10
905	-1.1291	_07670_	6
905	-1.1291	_07573_	9
905	-1.1291	_07571_	1
905	-1.1291	_04744_	3
905	-1.1291	_04741_	2
905	-1.1291	_04740_	2
905	-1.1291	_04738_	1
905	-1.1291	_04602_	2
905	-1.1291	_04593_	3
905	-1.1291	_04416_	3
905	-1.1291	_04408_	3
905	-1.1291	_04407_	6
905	-1.1291	_04401_	4
905	-1.1291	_04397_	4
905	-1.1291	_04395_	2
905	-1.1291	_04390_	2
905	-1.1291	_00165_	2
905	-1.1291	u_e203_cpu.u_e203_core.u_e203_exu.u_e203_exu_alu.u_e203_exu_alu_dpath.adder_in1[0]	1
905	-1.1291	_14911_	10
905	-1.1291	_14846_	7
905	-1.1291	_14845_	10
905	-1.1291	_14844_	2
905	-1.1291	_14842_	1
905	-1.1291	_14840_	1
905	-1.1291	_14839_	1
905	-1.1291	_14789_	4
905	-1.1291	_14786_	1
905	-1.1291	_14780_	7
905	-1.1291	_14492_	10
905	-1.1291	_14491_	10
905	-1.1291	_14490_	4
905	-1.1291	_14404_	10
905	-1.1291	_13821_	3
905	-1.1291	_13403_	3
905	-1.1291	_13370_	4
905	-1.1291	_13369_	10
906	-1.1291	_00758_	1
906	-1.1291	_08442_	10
906	-1.1291	_08365_	6
906	-1.1291	_08364_	2
906	-1.1291	_08363_	9
906	-1.1291	_08362_	1
906	-1.1291	_08354_	1
906	-1.1291	_08258_	5
906	-1.1291	_08205_	2
906	-1.1291	_08166_	3
906	-1.1291	_08007_	10
906	-1.1291	_07670_	6
906	-1.1291	_07573_	9
906	-1.1291	_07571_	1
906	-1.1291	_04744_	3
906	-1.1291	_04741_	2
906	-1.1291	_04740_	2
906	-1.1291	_04738_	1
906	-1.1291	_04602_	2
906	-1.1291	_04593_	3
906	-1.1291	_04416_	3
906	-1.1291	_04408_	3
906	-1.1291	_04407_	6
906	-1.1291	_04401_	4
906	-1.1291	_04397_	4
906	-1.1291	_04395_	2
906	-1.1291	_04390_	2
906	-1.1291	_00165_	2
906	-1.1291	u_e203_cpu.u_e203_core.u_e203_exu.u_e203_exu_alu.u_e203_exu_alu_dpath.adder_in1[0]	1
906	-1.1291	_14911_	10
906	-1.1291	_14846_	7
906	-1.1291	_14845_	10
906	-1.1291	_14844_	2
906	-1.1291	_14842_	1
906	-1.1291	_14840_	1
906	-1.1291	_14839_	1
906	-1.1291	_14789_	4
906	-1.1291	_14786_	1
906	-1.1291	_14780_	7
906	-1.1291	_14492_	10
906	-1.1291	_14491_	10
906	-1.1291	_14490_	4
906	-1.1291	_14404_	10
906	-1.1291	_13821_	3
906	-1.1291	_13403_	3
906	-1.1291	_13370_	4
906	-1.1291	_13369_	10
907	-1.1291	_00757_	1
907	-1.1291	_08442_	10
907	-1.1291	_08365_	6
907	-1.1291	_08364_	2
907	-1.1291	_08363_	9
907	-1.1291	_08362_	1
907	-1.1291	_08354_	1
907	-1.1291	_08258_	5
907	-1.1291	_08205_	2
907	-1.1291	_08166_	3
907	-1.1291	_08007_	10
907	-1.1291	_07670_	6
907	-1.1291	_07573_	9
907	-1.1291	_07571_	1
907	-1.1291	_04744_	3
907	-1.1291	_04741_	2
907	-1.1291	_04740_	2
907	-1.1291	_04738_	1
907	-1.1291	_04602_	2
907	-1.1291	_04593_	3
907	-1.1291	_04416_	3
907	-1.1291	_04408_	3
907	-1.1291	_04407_	6
907	-1.1291	_04401_	4
907	-1.1291	_04397_	4
907	-1.1291	_04395_	2
907	-1.1291	_04390_	2
907	-1.1291	_00165_	2
907	-1.1291	u_e203_cpu.u_e203_core.u_e203_exu.u_e203_exu_alu.u_e203_exu_alu_dpath.adder_in1[0]	1
907	-1.1291	_14911_	10
907	-1.1291	_14846_	7
907	-1.1291	_14845_	10
907	-1.1291	_14844_	2
907	-1.1291	_14842_	1
907	-1.1291	_14840_	1
907	-1.1291	_14839_	1
907	-1.1291	_14789_	4
907	-1.1291	_14786_	1
907	-1.1291	_14780_	7
907	-1.1291	_14492_	10
907	-1.1291	_14491_	10
907	-1.1291	_14490_	4
907	-1.1291	_14404_	10
907	-1.1291	_13821_	3
907	-1.1291	_13403_	3
907	-1.1291	_13370_	4
907	-1.1291	_13369_	10
908	-1.1291	_00756_	1
908	-1.1291	_08442_	10
908	-1.1291	_08365_	6
908	-1.1291	_08364_	2
908	-1.1291	_08363_	9
908	-1.1291	_08362_	1
908	-1.1291	_08354_	1
908	-1.1291	_08258_	5
908	-1.1291	_08205_	2
908	-1.1291	_08166_	3
908	-1.1291	_08007_	10
908	-1.1291	_07670_	6
908	-1.1291	_07573_	9
908	-1.1291	_07571_	1
908	-1.1291	_04744_	3
908	-1.1291	_04741_	2
908	-1.1291	_04740_	2
908	-1.1291	_04738_	1
908	-1.1291	_04602_	2
908	-1.1291	_04593_	3
908	-1.1291	_04416_	3
908	-1.1291	_04408_	3
908	-1.1291	_04407_	6
908	-1.1291	_04401_	4
908	-1.1291	_04397_	4
908	-1.1291	_04395_	2
908	-1.1291	_04390_	2
908	-1.1291	_00165_	2
908	-1.1291	u_e203_cpu.u_e203_core.u_e203_exu.u_e203_exu_alu.u_e203_exu_alu_dpath.adder_in1[0]	1
908	-1.1291	_14911_	10
908	-1.1291	_14846_	7
908	-1.1291	_14845_	10
908	-1.1291	_14844_	2
908	-1.1291	_14842_	1
908	-1.1291	_14840_	1
908	-1.1291	_14839_	1
908	-1.1291	_14789_	4
908	-1.1291	_14786_	1
908	-1.1291	_14780_	7
908	-1.1291	_14492_	10
908	-1.1291	_14491_	10
908	-1.1291	_14490_	4
908	-1.1291	_14404_	10
908	-1.1291	_13821_	3
908	-1.1291	_13403_	3
908	-1.1291	_13370_	4
908	-1.1291	_13369_	10
909	-1.1291	_00755_	1
909	-1.1291	_08442_	10
909	-1.1291	_08365_	6
909	-1.1291	_08364_	2
909	-1.1291	_08363_	9
909	-1.1291	_08362_	1
909	-1.1291	_08354_	1
909	-1.1291	_08258_	5
909	-1.1291	_08205_	2
909	-1.1291	_08166_	3
909	-1.1291	_08007_	10
909	-1.1291	_07670_	6
909	-1.1291	_07573_	9
909	-1.1291	_07571_	1
909	-1.1291	_04744_	3
909	-1.1291	_04741_	2
909	-1.1291	_04740_	2
909	-1.1291	_04738_	1
909	-1.1291	_04602_	2
909	-1.1291	_04593_	3
909	-1.1291	_04416_	3
909	-1.1291	_04408_	3
909	-1.1291	_04407_	6
909	-1.1291	_04401_	4
909	-1.1291	_04397_	4
909	-1.1291	_04395_	2
909	-1.1291	_04390_	2
909	-1.1291	_00165_	2
909	-1.1291	u_e203_cpu.u_e203_core.u_e203_exu.u_e203_exu_alu.u_e203_exu_alu_dpath.adder_in1[0]	1
909	-1.1291	_14911_	10
909	-1.1291	_14846_	7
909	-1.1291	_14845_	10
909	-1.1291	_14844_	2
909	-1.1291	_14842_	1
909	-1.1291	_14840_	1
909	-1.1291	_14839_	1
909	-1.1291	_14789_	4
909	-1.1291	_14786_	1
909	-1.1291	_14780_	7
909	-1.1291	_14492_	10
909	-1.1291	_14491_	10
909	-1.1291	_14490_	4
909	-1.1291	_14404_	10
909	-1.1291	_13821_	3
909	-1.1291	_13403_	3
909	-1.1291	_13370_	4
909	-1.1291	_13369_	10
910	-1.1291	_00754_	1
910	-1.1291	_08411_	10
910	-1.1291	_08365_	6
910	-1.1291	_08364_	2
910	-1.1291	_08363_	9
910	-1.1291	_08362_	1
910	-1.1291	_08354_	1
910	-1.1291	_08258_	5
910	-1.1291	_08205_	2
910	-1.1291	_08166_	3
910	-1.1291	_08007_	10
910	-1.1291	_07670_	6
910	-1.1291	_07573_	9
910	-1.1291	_07571_	1
910	-1.1291	_04744_	3
910	-1.1291	_04741_	2
910	-1.1291	_04740_	2
910	-1.1291	_04738_	1
910	-1.1291	_04602_	2
910	-1.1291	_04593_	3
910	-1.1291	_04416_	3
910	-1.1291	_04408_	3
910	-1.1291	_04407_	6
910	-1.1291	_04401_	4
910	-1.1291	_04397_	4
910	-1.1291	_04395_	2
910	-1.1291	_04390_	2
910	-1.1291	_00165_	2
910	-1.1291	u_e203_cpu.u_e203_core.u_e203_exu.u_e203_exu_alu.u_e203_exu_alu_dpath.adder_in1[0]	1
910	-1.1291	_14911_	10
910	-1.1291	_14846_	7
910	-1.1291	_14845_	10
910	-1.1291	_14844_	2
910	-1.1291	_14842_	1
910	-1.1291	_14840_	1
910	-1.1291	_14839_	1
910	-1.1291	_14789_	4
910	-1.1291	_14786_	1
910	-1.1291	_14780_	7
910	-1.1291	_14492_	10
910	-1.1291	_14491_	10
910	-1.1291	_14490_	4
910	-1.1291	_14404_	10
910	-1.1291	_13821_	3
910	-1.1291	_13403_	3
910	-1.1291	_13370_	4
910	-1.1291	_13369_	10
911	-1.1291	_00753_	1
911	-1.1291	_08411_	10
911	-1.1291	_08365_	6
911	-1.1291	_08364_	2
911	-1.1291	_08363_	9
911	-1.1291	_08362_	1
911	-1.1291	_08354_	1
911	-1.1291	_08258_	5
911	-1.1291	_08205_	2
911	-1.1291	_08166_	3
911	-1.1291	_08007_	10
911	-1.1291	_07670_	6
911	-1.1291	_07573_	9
911	-1.1291	_07571_	1
911	-1.1291	_04744_	3
911	-1.1291	_04741_	2
911	-1.1291	_04740_	2
911	-1.1291	_04738_	1
911	-1.1291	_04602_	2
911	-1.1291	_04593_	3
911	-1.1291	_04416_	3
911	-1.1291	_04408_	3
911	-1.1291	_04407_	6
911	-1.1291	_04401_	4
911	-1.1291	_04397_	4
911	-1.1291	_04395_	2
911	-1.1291	_04390_	2
911	-1.1291	_00165_	2
911	-1.1291	u_e203_cpu.u_e203_core.u_e203_exu.u_e203_exu_alu.u_e203_exu_alu_dpath.adder_in1[0]	1
911	-1.1291	_14911_	10
911	-1.1291	_14846_	7
911	-1.1291	_14845_	10
911	-1.1291	_14844_	2
911	-1.1291	_14842_	1
911	-1.1291	_14840_	1
911	-1.1291	_14839_	1
911	-1.1291	_14789_	4
911	-1.1291	_14786_	1
911	-1.1291	_14780_	7
911	-1.1291	_14492_	10
911	-1.1291	_14491_	10
911	-1.1291	_14490_	4
911	-1.1291	_14404_	10
911	-1.1291	_13821_	3
911	-1.1291	_13403_	3
911	-1.1291	_13370_	4
911	-1.1291	_13369_	10
912	-1.1291	_00752_	1
912	-1.1291	_08411_	10
912	-1.1291	_08365_	6
912	-1.1291	_08364_	2
912	-1.1291	_08363_	9
912	-1.1291	_08362_	1
912	-1.1291	_08354_	1
912	-1.1291	_08258_	5
912	-1.1291	_08205_	2
912	-1.1291	_08166_	3
912	-1.1291	_08007_	10
912	-1.1291	_07670_	6
912	-1.1291	_07573_	9
912	-1.1291	_07571_	1
912	-1.1291	_04744_	3
912	-1.1291	_04741_	2
912	-1.1291	_04740_	2
912	-1.1291	_04738_	1
912	-1.1291	_04602_	2
912	-1.1291	_04593_	3
912	-1.1291	_04416_	3
912	-1.1291	_04408_	3
912	-1.1291	_04407_	6
912	-1.1291	_04401_	4
912	-1.1291	_04397_	4
912	-1.1291	_04395_	2
912	-1.1291	_04390_	2
912	-1.1291	_00165_	2
912	-1.1291	u_e203_cpu.u_e203_core.u_e203_exu.u_e203_exu_alu.u_e203_exu_alu_dpath.adder_in1[0]	1
912	-1.1291	_14911_	10
912	-1.1291	_14846_	7
912	-1.1291	_14845_	10
912	-1.1291	_14844_	2
912	-1.1291	_14842_	1
912	-1.1291	_14840_	1
912	-1.1291	_14839_	1
912	-1.1291	_14789_	4
912	-1.1291	_14786_	1
912	-1.1291	_14780_	7
912	-1.1291	_14492_	10
912	-1.1291	_14491_	10
912	-1.1291	_14490_	4
912	-1.1291	_14404_	10
912	-1.1291	_13821_	3
912	-1.1291	_13403_	3
912	-1.1291	_13370_	4
912	-1.1291	_13369_	10
913	-1.1291	_00751_	1
913	-1.1291	_08411_	10
913	-1.1291	_08365_	6
913	-1.1291	_08364_	2
913	-1.1291	_08363_	9
913	-1.1291	_08362_	1
913	-1.1291	_08354_	1
913	-1.1291	_08258_	5
913	-1.1291	_08205_	2
913	-1.1291	_08166_	3
913	-1.1291	_08007_	10
913	-1.1291	_07670_	6
913	-1.1291	_07573_	9
913	-1.1291	_07571_	1
913	-1.1291	_04744_	3
913	-1.1291	_04741_	2
913	-1.1291	_04740_	2
913	-1.1291	_04738_	1
913	-1.1291	_04602_	2
913	-1.1291	_04593_	3
913	-1.1291	_04416_	3
913	-1.1291	_04408_	3
913	-1.1291	_04407_	6
913	-1.1291	_04401_	4
913	-1.1291	_04397_	4
913	-1.1291	_04395_	2
913	-1.1291	_04390_	2
913	-1.1291	_00165_	2
913	-1.1291	u_e203_cpu.u_e203_core.u_e203_exu.u_e203_exu_alu.u_e203_exu_alu_dpath.adder_in1[0]	1
913	-1.1291	_14911_	10
913	-1.1291	_14846_	7
913	-1.1291	_14845_	10
913	-1.1291	_14844_	2
913	-1.1291	_14842_	1
913	-1.1291	_14840_	1
913	-1.1291	_14839_	1
913	-1.1291	_14789_	4
913	-1.1291	_14786_	1
913	-1.1291	_14780_	7
913	-1.1291	_14492_	10
913	-1.1291	_14491_	10
913	-1.1291	_14490_	4
913	-1.1291	_14404_	10
913	-1.1291	_13821_	3
913	-1.1291	_13403_	3
913	-1.1291	_13370_	4
913	-1.1291	_13369_	10
914	-1.1291	_00750_	1
914	-1.1291	_08411_	10
914	-1.1291	_08365_	6
914	-1.1291	_08364_	2
914	-1.1291	_08363_	9
914	-1.1291	_08362_	1
914	-1.1291	_08354_	1
914	-1.1291	_08258_	5
914	-1.1291	_08205_	2
914	-1.1291	_08166_	3
914	-1.1291	_08007_	10
914	-1.1291	_07670_	6
914	-1.1291	_07573_	9
914	-1.1291	_07571_	1
914	-1.1291	_04744_	3
914	-1.1291	_04741_	2
914	-1.1291	_04740_	2
914	-1.1291	_04738_	1
914	-1.1291	_04602_	2
914	-1.1291	_04593_	3
914	-1.1291	_04416_	3
914	-1.1291	_04408_	3
914	-1.1291	_04407_	6
914	-1.1291	_04401_	4
914	-1.1291	_04397_	4
914	-1.1291	_04395_	2
914	-1.1291	_04390_	2
914	-1.1291	_00165_	2
914	-1.1291	u_e203_cpu.u_e203_core.u_e203_exu.u_e203_exu_alu.u_e203_exu_alu_dpath.adder_in1[0]	1
914	-1.1291	_14911_	10
914	-1.1291	_14846_	7
914	-1.1291	_14845_	10
914	-1.1291	_14844_	2
914	-1.1291	_14842_	1
914	-1.1291	_14840_	1
914	-1.1291	_14839_	1
914	-1.1291	_14789_	4
914	-1.1291	_14786_	1
914	-1.1291	_14780_	7
914	-1.1291	_14492_	10
914	-1.1291	_14491_	10
914	-1.1291	_14490_	4
914	-1.1291	_14404_	10
914	-1.1291	_13821_	3
914	-1.1291	_13403_	3
914	-1.1291	_13370_	4
914	-1.1291	_13369_	10
915	-1.1291	_00749_	1
915	-1.1291	_08411_	10
915	-1.1291	_08365_	6
915	-1.1291	_08364_	2
915	-1.1291	_08363_	9
915	-1.1291	_08362_	1
915	-1.1291	_08354_	1
915	-1.1291	_08258_	5
915	-1.1291	_08205_	2
915	-1.1291	_08166_	3
915	-1.1291	_08007_	10
915	-1.1291	_07670_	6
915	-1.1291	_07573_	9
915	-1.1291	_07571_	1
915	-1.1291	_04744_	3
915	-1.1291	_04741_	2
915	-1.1291	_04740_	2
915	-1.1291	_04738_	1
915	-1.1291	_04602_	2
915	-1.1291	_04593_	3
915	-1.1291	_04416_	3
915	-1.1291	_04408_	3
915	-1.1291	_04407_	6
915	-1.1291	_04401_	4
915	-1.1291	_04397_	4
915	-1.1291	_04395_	2
915	-1.1291	_04390_	2
915	-1.1291	_00165_	2
915	-1.1291	u_e203_cpu.u_e203_core.u_e203_exu.u_e203_exu_alu.u_e203_exu_alu_dpath.adder_in1[0]	1
915	-1.1291	_14911_	10
915	-1.1291	_14846_	7
915	-1.1291	_14845_	10
915	-1.1291	_14844_	2
915	-1.1291	_14842_	1
915	-1.1291	_14840_	1
915	-1.1291	_14839_	1
915	-1.1291	_14789_	4
915	-1.1291	_14786_	1
915	-1.1291	_14780_	7
915	-1.1291	_14492_	10
915	-1.1291	_14491_	10
915	-1.1291	_14490_	4
915	-1.1291	_14404_	10
915	-1.1291	_13821_	3
915	-1.1291	_13403_	3
915	-1.1291	_13370_	4
915	-1.1291	_13369_	10
916	-1.1291	_00748_	1
916	-1.1291	_08411_	10
916	-1.1291	_08365_	6
916	-1.1291	_08364_	2
916	-1.1291	_08363_	9
916	-1.1291	_08362_	1
916	-1.1291	_08354_	1
916	-1.1291	_08258_	5
916	-1.1291	_08205_	2
916	-1.1291	_08166_	3
916	-1.1291	_08007_	10
916	-1.1291	_07670_	6
916	-1.1291	_07573_	9
916	-1.1291	_07571_	1
916	-1.1291	_04744_	3
916	-1.1291	_04741_	2
916	-1.1291	_04740_	2
916	-1.1291	_04738_	1
916	-1.1291	_04602_	2
916	-1.1291	_04593_	3
916	-1.1291	_04416_	3
916	-1.1291	_04408_	3
916	-1.1291	_04407_	6
916	-1.1291	_04401_	4
916	-1.1291	_04397_	4
916	-1.1291	_04395_	2
916	-1.1291	_04390_	2
916	-1.1291	_00165_	2
916	-1.1291	u_e203_cpu.u_e203_core.u_e203_exu.u_e203_exu_alu.u_e203_exu_alu_dpath.adder_in1[0]	1
916	-1.1291	_14911_	10
916	-1.1291	_14846_	7
916	-1.1291	_14845_	10
916	-1.1291	_14844_	2
916	-1.1291	_14842_	1
916	-1.1291	_14840_	1
916	-1.1291	_14839_	1
916	-1.1291	_14789_	4
916	-1.1291	_14786_	1
916	-1.1291	_14780_	7
916	-1.1291	_14492_	10
916	-1.1291	_14491_	10
916	-1.1291	_14490_	4
916	-1.1291	_14404_	10
916	-1.1291	_13821_	3
916	-1.1291	_13403_	3
916	-1.1291	_13370_	4
916	-1.1291	_13369_	10
917	-1.1291	_00747_	1
917	-1.1291	_08411_	10
917	-1.1291	_08365_	6
917	-1.1291	_08364_	2
917	-1.1291	_08363_	9
917	-1.1291	_08362_	1
917	-1.1291	_08354_	1
917	-1.1291	_08258_	5
917	-1.1291	_08205_	2
917	-1.1291	_08166_	3
917	-1.1291	_08007_	10
917	-1.1291	_07670_	6
917	-1.1291	_07573_	9
917	-1.1291	_07571_	1
917	-1.1291	_04744_	3
917	-1.1291	_04741_	2
917	-1.1291	_04740_	2
917	-1.1291	_04738_	1
917	-1.1291	_04602_	2
917	-1.1291	_04593_	3
917	-1.1291	_04416_	3
917	-1.1291	_04408_	3
917	-1.1291	_04407_	6
917	-1.1291	_04401_	4
917	-1.1291	_04397_	4
917	-1.1291	_04395_	2
917	-1.1291	_04390_	2
917	-1.1291	_00165_	2
917	-1.1291	u_e203_cpu.u_e203_core.u_e203_exu.u_e203_exu_alu.u_e203_exu_alu_dpath.adder_in1[0]	1
917	-1.1291	_14911_	10
917	-1.1291	_14846_	7
917	-1.1291	_14845_	10
917	-1.1291	_14844_	2
917	-1.1291	_14842_	1
917	-1.1291	_14840_	1
917	-1.1291	_14839_	1
917	-1.1291	_14789_	4
917	-1.1291	_14786_	1
917	-1.1291	_14780_	7
917	-1.1291	_14492_	10
917	-1.1291	_14491_	10
917	-1.1291	_14490_	4
917	-1.1291	_14404_	10
917	-1.1291	_13821_	3
917	-1.1291	_13403_	3
917	-1.1291	_13370_	4
917	-1.1291	_13369_	10
918	-1.1291	_00746_	1
918	-1.1291	_08411_	10
918	-1.1291	_08365_	6
918	-1.1291	_08364_	2
918	-1.1291	_08363_	9
918	-1.1291	_08362_	1
918	-1.1291	_08354_	1
918	-1.1291	_08258_	5
918	-1.1291	_08205_	2
918	-1.1291	_08166_	3
918	-1.1291	_08007_	10
918	-1.1291	_07670_	6
918	-1.1291	_07573_	9
918	-1.1291	_07571_	1
918	-1.1291	_04744_	3
918	-1.1291	_04741_	2
918	-1.1291	_04740_	2
918	-1.1291	_04738_	1
918	-1.1291	_04602_	2
918	-1.1291	_04593_	3
918	-1.1291	_04416_	3
918	-1.1291	_04408_	3
918	-1.1291	_04407_	6
918	-1.1291	_04401_	4
918	-1.1291	_04397_	4
918	-1.1291	_04395_	2
918	-1.1291	_04390_	2
918	-1.1291	_00165_	2
918	-1.1291	u_e203_cpu.u_e203_core.u_e203_exu.u_e203_exu_alu.u_e203_exu_alu_dpath.adder_in1[0]	1
918	-1.1291	_14911_	10
918	-1.1291	_14846_	7
918	-1.1291	_14845_	10
918	-1.1291	_14844_	2
918	-1.1291	_14842_	1
918	-1.1291	_14840_	1
918	-1.1291	_14839_	1
918	-1.1291	_14789_	4
918	-1.1291	_14786_	1
918	-1.1291	_14780_	7
918	-1.1291	_14492_	10
918	-1.1291	_14491_	10
918	-1.1291	_14490_	4
918	-1.1291	_14404_	10
918	-1.1291	_13821_	3
918	-1.1291	_13403_	3
918	-1.1291	_13370_	4
918	-1.1291	_13369_	10
919	-1.1291	_00745_	1
919	-1.1291	_08411_	10
919	-1.1291	_08365_	6
919	-1.1291	_08364_	2
919	-1.1291	_08363_	9
919	-1.1291	_08362_	1
919	-1.1291	_08354_	1
919	-1.1291	_08258_	5
919	-1.1291	_08205_	2
919	-1.1291	_08166_	3
919	-1.1291	_08007_	10
919	-1.1291	_07670_	6
919	-1.1291	_07573_	9
919	-1.1291	_07571_	1
919	-1.1291	_04744_	3
919	-1.1291	_04741_	2
919	-1.1291	_04740_	2
919	-1.1291	_04738_	1
919	-1.1291	_04602_	2
919	-1.1291	_04593_	3
919	-1.1291	_04416_	3
919	-1.1291	_04408_	3
919	-1.1291	_04407_	6
919	-1.1291	_04401_	4
919	-1.1291	_04397_	4
919	-1.1291	_04395_	2
919	-1.1291	_04390_	2
919	-1.1291	_00165_	2
919	-1.1291	u_e203_cpu.u_e203_core.u_e203_exu.u_e203_exu_alu.u_e203_exu_alu_dpath.adder_in1[0]	1
919	-1.1291	_14911_	10
919	-1.1291	_14846_	7
919	-1.1291	_14845_	10
919	-1.1291	_14844_	2
919	-1.1291	_14842_	1
919	-1.1291	_14840_	1
919	-1.1291	_14839_	1
919	-1.1291	_14789_	4
919	-1.1291	_14786_	1
919	-1.1291	_14780_	7
919	-1.1291	_14492_	10
919	-1.1291	_14491_	10
919	-1.1291	_14490_	4
919	-1.1291	_14404_	10
919	-1.1291	_13821_	3
919	-1.1291	_13403_	3
919	-1.1291	_13370_	4
919	-1.1291	_13369_	10
920	-1.1291	_00744_	1
920	-1.1291	_08374_	10
920	-1.1291	_08365_	6
920	-1.1291	_08364_	2
920	-1.1291	_08363_	9
920	-1.1291	_08362_	1
920	-1.1291	_08354_	1
920	-1.1291	_08258_	5
920	-1.1291	_08205_	2
920	-1.1291	_08166_	3
920	-1.1291	_08007_	10
920	-1.1291	_07670_	6
920	-1.1291	_07573_	9
920	-1.1291	_07571_	1
920	-1.1291	_04744_	3
920	-1.1291	_04741_	2
920	-1.1291	_04740_	2
920	-1.1291	_04738_	1
920	-1.1291	_04602_	2
920	-1.1291	_04593_	3
920	-1.1291	_04416_	3
920	-1.1291	_04408_	3
920	-1.1291	_04407_	6
920	-1.1291	_04401_	4
920	-1.1291	_04397_	4
920	-1.1291	_04395_	2
920	-1.1291	_04390_	2
920	-1.1291	_00165_	2
920	-1.1291	u_e203_cpu.u_e203_core.u_e203_exu.u_e203_exu_alu.u_e203_exu_alu_dpath.adder_in1[0]	1
920	-1.1291	_14911_	10
920	-1.1291	_14846_	7
920	-1.1291	_14845_	10
920	-1.1291	_14844_	2
920	-1.1291	_14842_	1
920	-1.1291	_14840_	1
920	-1.1291	_14839_	1
920	-1.1291	_14789_	4
920	-1.1291	_14786_	1
920	-1.1291	_14780_	7
920	-1.1291	_14492_	10
920	-1.1291	_14491_	10
920	-1.1291	_14490_	4
920	-1.1291	_14404_	10
920	-1.1291	_13821_	3
920	-1.1291	_13403_	3
920	-1.1291	_13370_	4
920	-1.1291	_13369_	10
921	-1.1291	_00743_	1
921	-1.1291	_08374_	10
921	-1.1291	_08365_	6
921	-1.1291	_08364_	2
921	-1.1291	_08363_	9
921	-1.1291	_08362_	1
921	-1.1291	_08354_	1
921	-1.1291	_08258_	5
921	-1.1291	_08205_	2
921	-1.1291	_08166_	3
921	-1.1291	_08007_	10
921	-1.1291	_07670_	6
921	-1.1291	_07573_	9
921	-1.1291	_07571_	1
921	-1.1291	_04744_	3
921	-1.1291	_04741_	2
921	-1.1291	_04740_	2
921	-1.1291	_04738_	1
921	-1.1291	_04602_	2
921	-1.1291	_04593_	3
921	-1.1291	_04416_	3
921	-1.1291	_04408_	3
921	-1.1291	_04407_	6
921	-1.1291	_04401_	4
921	-1.1291	_04397_	4
921	-1.1291	_04395_	2
921	-1.1291	_04390_	2
921	-1.1291	_00165_	2
921	-1.1291	u_e203_cpu.u_e203_core.u_e203_exu.u_e203_exu_alu.u_e203_exu_alu_dpath.adder_in1[0]	1
921	-1.1291	_14911_	10
921	-1.1291	_14846_	7
921	-1.1291	_14845_	10
921	-1.1291	_14844_	2
921	-1.1291	_14842_	1
921	-1.1291	_14840_	1
921	-1.1291	_14839_	1
921	-1.1291	_14789_	4
921	-1.1291	_14786_	1
921	-1.1291	_14780_	7
921	-1.1291	_14492_	10
921	-1.1291	_14491_	10
921	-1.1291	_14490_	4
921	-1.1291	_14404_	10
921	-1.1291	_13821_	3
921	-1.1291	_13403_	3
921	-1.1291	_13370_	4
921	-1.1291	_13369_	10
922	-1.1291	_00742_	1
922	-1.1291	_08374_	10
922	-1.1291	_08365_	6
922	-1.1291	_08364_	2
922	-1.1291	_08363_	9
922	-1.1291	_08362_	1
922	-1.1291	_08354_	1
922	-1.1291	_08258_	5
922	-1.1291	_08205_	2
922	-1.1291	_08166_	3
922	-1.1291	_08007_	10
922	-1.1291	_07670_	6
922	-1.1291	_07573_	9
922	-1.1291	_07571_	1
922	-1.1291	_04744_	3
922	-1.1291	_04741_	2
922	-1.1291	_04740_	2
922	-1.1291	_04738_	1
922	-1.1291	_04602_	2
922	-1.1291	_04593_	3
922	-1.1291	_04416_	3
922	-1.1291	_04408_	3
922	-1.1291	_04407_	6
922	-1.1291	_04401_	4
922	-1.1291	_04397_	4
922	-1.1291	_04395_	2
922	-1.1291	_04390_	2
922	-1.1291	_00165_	2
922	-1.1291	u_e203_cpu.u_e203_core.u_e203_exu.u_e203_exu_alu.u_e203_exu_alu_dpath.adder_in1[0]	1
922	-1.1291	_14911_	10
922	-1.1291	_14846_	7
922	-1.1291	_14845_	10
922	-1.1291	_14844_	2
922	-1.1291	_14842_	1
922	-1.1291	_14840_	1
922	-1.1291	_14839_	1
922	-1.1291	_14789_	4
922	-1.1291	_14786_	1
922	-1.1291	_14780_	7
922	-1.1291	_14492_	10
922	-1.1291	_14491_	10
922	-1.1291	_14490_	4
922	-1.1291	_14404_	10
922	-1.1291	_13821_	3
922	-1.1291	_13403_	3
922	-1.1291	_13370_	4
922	-1.1291	_13369_	10
923	-1.1291	_00741_	1
923	-1.1291	_08374_	10
923	-1.1291	_08365_	6
923	-1.1291	_08364_	2
923	-1.1291	_08363_	9
923	-1.1291	_08362_	1
923	-1.1291	_08354_	1
923	-1.1291	_08258_	5
923	-1.1291	_08205_	2
923	-1.1291	_08166_	3
923	-1.1291	_08007_	10
923	-1.1291	_07670_	6
923	-1.1291	_07573_	9
923	-1.1291	_07571_	1
923	-1.1291	_04744_	3
923	-1.1291	_04741_	2
923	-1.1291	_04740_	2
923	-1.1291	_04738_	1
923	-1.1291	_04602_	2
923	-1.1291	_04593_	3
923	-1.1291	_04416_	3
923	-1.1291	_04408_	3
923	-1.1291	_04407_	6
923	-1.1291	_04401_	4
923	-1.1291	_04397_	4
923	-1.1291	_04395_	2
923	-1.1291	_04390_	2
923	-1.1291	_00165_	2
923	-1.1291	u_e203_cpu.u_e203_core.u_e203_exu.u_e203_exu_alu.u_e203_exu_alu_dpath.adder_in1[0]	1
923	-1.1291	_14911_	10
923	-1.1291	_14846_	7
923	-1.1291	_14845_	10
923	-1.1291	_14844_	2
923	-1.1291	_14842_	1
923	-1.1291	_14840_	1
923	-1.1291	_14839_	1
923	-1.1291	_14789_	4
923	-1.1291	_14786_	1
923	-1.1291	_14780_	7
923	-1.1291	_14492_	10
923	-1.1291	_14491_	10
923	-1.1291	_14490_	4
923	-1.1291	_14404_	10
923	-1.1291	_13821_	3
923	-1.1291	_13403_	3
923	-1.1291	_13370_	4
923	-1.1291	_13369_	10
924	-1.1291	_00740_	1
924	-1.1291	_08374_	10
924	-1.1291	_08365_	6
924	-1.1291	_08364_	2
924	-1.1291	_08363_	9
924	-1.1291	_08362_	1
924	-1.1291	_08354_	1
924	-1.1291	_08258_	5
924	-1.1291	_08205_	2
924	-1.1291	_08166_	3
924	-1.1291	_08007_	10
924	-1.1291	_07670_	6
924	-1.1291	_07573_	9
924	-1.1291	_07571_	1
924	-1.1291	_04744_	3
924	-1.1291	_04741_	2
924	-1.1291	_04740_	2
924	-1.1291	_04738_	1
924	-1.1291	_04602_	2
924	-1.1291	_04593_	3
924	-1.1291	_04416_	3
924	-1.1291	_04408_	3
924	-1.1291	_04407_	6
924	-1.1291	_04401_	4
924	-1.1291	_04397_	4
924	-1.1291	_04395_	2
924	-1.1291	_04390_	2
924	-1.1291	_00165_	2
924	-1.1291	u_e203_cpu.u_e203_core.u_e203_exu.u_e203_exu_alu.u_e203_exu_alu_dpath.adder_in1[0]	1
924	-1.1291	_14911_	10
924	-1.1291	_14846_	7
924	-1.1291	_14845_	10
924	-1.1291	_14844_	2
924	-1.1291	_14842_	1
924	-1.1291	_14840_	1
924	-1.1291	_14839_	1
924	-1.1291	_14789_	4
924	-1.1291	_14786_	1
924	-1.1291	_14780_	7
924	-1.1291	_14492_	10
924	-1.1291	_14491_	10
924	-1.1291	_14490_	4
924	-1.1291	_14404_	10
924	-1.1291	_13821_	3
924	-1.1291	_13403_	3
924	-1.1291	_13370_	4
924	-1.1291	_13369_	10
925	-1.1291	_00739_	1
925	-1.1291	_08374_	10
925	-1.1291	_08365_	6
925	-1.1291	_08364_	2
925	-1.1291	_08363_	9
925	-1.1291	_08362_	1
925	-1.1291	_08354_	1
925	-1.1291	_08258_	5
925	-1.1291	_08205_	2
925	-1.1291	_08166_	3
925	-1.1291	_08007_	10
925	-1.1291	_07670_	6
925	-1.1291	_07573_	9
925	-1.1291	_07571_	1
925	-1.1291	_04744_	3
925	-1.1291	_04741_	2
925	-1.1291	_04740_	2
925	-1.1291	_04738_	1
925	-1.1291	_04602_	2
925	-1.1291	_04593_	3
925	-1.1291	_04416_	3
925	-1.1291	_04408_	3
925	-1.1291	_04407_	6
925	-1.1291	_04401_	4
925	-1.1291	_04397_	4
925	-1.1291	_04395_	2
925	-1.1291	_04390_	2
925	-1.1291	_00165_	2
925	-1.1291	u_e203_cpu.u_e203_core.u_e203_exu.u_e203_exu_alu.u_e203_exu_alu_dpath.adder_in1[0]	1
925	-1.1291	_14911_	10
925	-1.1291	_14846_	7
925	-1.1291	_14845_	10
925	-1.1291	_14844_	2
925	-1.1291	_14842_	1
925	-1.1291	_14840_	1
925	-1.1291	_14839_	1
925	-1.1291	_14789_	4
925	-1.1291	_14786_	1
925	-1.1291	_14780_	7
925	-1.1291	_14492_	10
925	-1.1291	_14491_	10
925	-1.1291	_14490_	4
925	-1.1291	_14404_	10
925	-1.1291	_13821_	3
925	-1.1291	_13403_	3
925	-1.1291	_13370_	4
925	-1.1291	_13369_	10
926	-1.1291	_00738_	1
926	-1.1291	_08374_	10
926	-1.1291	_08365_	6
926	-1.1291	_08364_	2
926	-1.1291	_08363_	9
926	-1.1291	_08362_	1
926	-1.1291	_08354_	1
926	-1.1291	_08258_	5
926	-1.1291	_08205_	2
926	-1.1291	_08166_	3
926	-1.1291	_08007_	10
926	-1.1291	_07670_	6
926	-1.1291	_07573_	9
926	-1.1291	_07571_	1
926	-1.1291	_04744_	3
926	-1.1291	_04741_	2
926	-1.1291	_04740_	2
926	-1.1291	_04738_	1
926	-1.1291	_04602_	2
926	-1.1291	_04593_	3
926	-1.1291	_04416_	3
926	-1.1291	_04408_	3
926	-1.1291	_04407_	6
926	-1.1291	_04401_	4
926	-1.1291	_04397_	4
926	-1.1291	_04395_	2
926	-1.1291	_04390_	2
926	-1.1291	_00165_	2
926	-1.1291	u_e203_cpu.u_e203_core.u_e203_exu.u_e203_exu_alu.u_e203_exu_alu_dpath.adder_in1[0]	1
926	-1.1291	_14911_	10
926	-1.1291	_14846_	7
926	-1.1291	_14845_	10
926	-1.1291	_14844_	2
926	-1.1291	_14842_	1
926	-1.1291	_14840_	1
926	-1.1291	_14839_	1
926	-1.1291	_14789_	4
926	-1.1291	_14786_	1
926	-1.1291	_14780_	7
926	-1.1291	_14492_	10
926	-1.1291	_14491_	10
926	-1.1291	_14490_	4
926	-1.1291	_14404_	10
926	-1.1291	_13821_	3
926	-1.1291	_13403_	3
926	-1.1291	_13370_	4
926	-1.1291	_13369_	10
927	-1.1291	_00737_	1
927	-1.1291	_08374_	10
927	-1.1291	_08365_	6
927	-1.1291	_08364_	2
927	-1.1291	_08363_	9
927	-1.1291	_08362_	1
927	-1.1291	_08354_	1
927	-1.1291	_08258_	5
927	-1.1291	_08205_	2
927	-1.1291	_08166_	3
927	-1.1291	_08007_	10
927	-1.1291	_07670_	6
927	-1.1291	_07573_	9
927	-1.1291	_07571_	1
927	-1.1291	_04744_	3
927	-1.1291	_04741_	2
927	-1.1291	_04740_	2
927	-1.1291	_04738_	1
927	-1.1291	_04602_	2
927	-1.1291	_04593_	3
927	-1.1291	_04416_	3
927	-1.1291	_04408_	3
927	-1.1291	_04407_	6
927	-1.1291	_04401_	4
927	-1.1291	_04397_	4
927	-1.1291	_04395_	2
927	-1.1291	_04390_	2
927	-1.1291	_00165_	2
927	-1.1291	u_e203_cpu.u_e203_core.u_e203_exu.u_e203_exu_alu.u_e203_exu_alu_dpath.adder_in1[0]	1
927	-1.1291	_14911_	10
927	-1.1291	_14846_	7
927	-1.1291	_14845_	10
927	-1.1291	_14844_	2
927	-1.1291	_14842_	1
927	-1.1291	_14840_	1
927	-1.1291	_14839_	1
927	-1.1291	_14789_	4
927	-1.1291	_14786_	1
927	-1.1291	_14780_	7
927	-1.1291	_14492_	10
927	-1.1291	_14491_	10
927	-1.1291	_14490_	4
927	-1.1291	_14404_	10
927	-1.1291	_13821_	3
927	-1.1291	_13403_	3
927	-1.1291	_13370_	4
927	-1.1291	_13369_	10
928	-1.1291	_00736_	1
928	-1.1291	_08374_	10
928	-1.1291	_08365_	6
928	-1.1291	_08364_	2
928	-1.1291	_08363_	9
928	-1.1291	_08362_	1
928	-1.1291	_08354_	1
928	-1.1291	_08258_	5
928	-1.1291	_08205_	2
928	-1.1291	_08166_	3
928	-1.1291	_08007_	10
928	-1.1291	_07670_	6
928	-1.1291	_07573_	9
928	-1.1291	_07571_	1
928	-1.1291	_04744_	3
928	-1.1291	_04741_	2
928	-1.1291	_04740_	2
928	-1.1291	_04738_	1
928	-1.1291	_04602_	2
928	-1.1291	_04593_	3
928	-1.1291	_04416_	3
928	-1.1291	_04408_	3
928	-1.1291	_04407_	6
928	-1.1291	_04401_	4
928	-1.1291	_04397_	4
928	-1.1291	_04395_	2
928	-1.1291	_04390_	2
928	-1.1291	_00165_	2
928	-1.1291	u_e203_cpu.u_e203_core.u_e203_exu.u_e203_exu_alu.u_e203_exu_alu_dpath.adder_in1[0]	1
928	-1.1291	_14911_	10
928	-1.1291	_14846_	7
928	-1.1291	_14845_	10
928	-1.1291	_14844_	2
928	-1.1291	_14842_	1
928	-1.1291	_14840_	1
928	-1.1291	_14839_	1
928	-1.1291	_14789_	4
928	-1.1291	_14786_	1
928	-1.1291	_14780_	7
928	-1.1291	_14492_	10
928	-1.1291	_14491_	10
928	-1.1291	_14490_	4
928	-1.1291	_14404_	10
928	-1.1291	_13821_	3
928	-1.1291	_13403_	3
928	-1.1291	_13370_	4
928	-1.1291	_13369_	10
929	-1.1291	_00735_	1
929	-1.1291	_08374_	10
929	-1.1291	_08365_	6
929	-1.1291	_08364_	2
929	-1.1291	_08363_	9
929	-1.1291	_08362_	1
929	-1.1291	_08354_	1
929	-1.1291	_08258_	5
929	-1.1291	_08205_	2
929	-1.1291	_08166_	3
929	-1.1291	_08007_	10
929	-1.1291	_07670_	6
929	-1.1291	_07573_	9
929	-1.1291	_07571_	1
929	-1.1291	_04744_	3
929	-1.1291	_04741_	2
929	-1.1291	_04740_	2
929	-1.1291	_04738_	1
929	-1.1291	_04602_	2
929	-1.1291	_04593_	3
929	-1.1291	_04416_	3
929	-1.1291	_04408_	3
929	-1.1291	_04407_	6
929	-1.1291	_04401_	4
929	-1.1291	_04397_	4
929	-1.1291	_04395_	2
929	-1.1291	_04390_	2
929	-1.1291	_00165_	2
929	-1.1291	u_e203_cpu.u_e203_core.u_e203_exu.u_e203_exu_alu.u_e203_exu_alu_dpath.adder_in1[0]	1
929	-1.1291	_14911_	10
929	-1.1291	_14846_	7
929	-1.1291	_14845_	10
929	-1.1291	_14844_	2
929	-1.1291	_14842_	1
929	-1.1291	_14840_	1
929	-1.1291	_14839_	1
929	-1.1291	_14789_	4
929	-1.1291	_14786_	1
929	-1.1291	_14780_	7
929	-1.1291	_14492_	10
929	-1.1291	_14491_	10
929	-1.1291	_14490_	4
929	-1.1291	_14404_	10
929	-1.1291	_13821_	3
929	-1.1291	_13403_	3
929	-1.1291	_13370_	4
929	-1.1291	_13369_	10
930	-1.1290	_02634_	1
930	-1.1290	_12488_	2
930	-1.1290	_08630_	9
930	-1.1290	_08629_	1
930	-1.1290	_08363_	9
930	-1.1290	_08362_	1
930	-1.1290	_08354_	1
930	-1.1290	_08258_	5
930	-1.1290	_08205_	2
930	-1.1290	_08166_	3
930	-1.1290	_08007_	10
930	-1.1290	_07670_	6
930	-1.1290	_07573_	9
930	-1.1290	_07571_	1
930	-1.1290	_04744_	3
930	-1.1290	_04741_	2
930	-1.1290	_04740_	2
930	-1.1290	_04738_	1
930	-1.1290	_04602_	2
930	-1.1290	_04593_	3
930	-1.1290	_04416_	3
930	-1.1290	_04408_	3
930	-1.1290	_04407_	6
930	-1.1290	_04401_	4
930	-1.1290	_04397_	4
930	-1.1290	_04395_	2
930	-1.1290	_04390_	2
930	-1.1290	_00165_	2
930	-1.1290	u_e203_cpu.u_e203_core.u_e203_exu.u_e203_exu_alu.u_e203_exu_alu_dpath.adder_in1[0]	1
930	-1.1290	_14911_	10
930	-1.1290	_14846_	7
930	-1.1290	_14845_	10
930	-1.1290	_14844_	2
930	-1.1290	_14842_	1
930	-1.1290	_14840_	1
930	-1.1290	_14839_	1
930	-1.1290	_14789_	4
930	-1.1290	_14786_	1
930	-1.1290	_14780_	7
930	-1.1290	_14492_	10
930	-1.1290	_14491_	10
930	-1.1290	_14490_	4
930	-1.1290	_14404_	10
930	-1.1290	_13821_	3
930	-1.1290	_13403_	3
930	-1.1290	_13370_	4
930	-1.1290	_13369_	10
931	-1.1270	_00734_	1
931	-1.1270	_08366_	10
931	-1.1270	_08365_	6
931	-1.1270	_08364_	2
931	-1.1270	_08363_	9
931	-1.1270	_08362_	1
931	-1.1270	_08354_	1
931	-1.1270	_08258_	5
931	-1.1270	_08205_	2
931	-1.1270	_08166_	3
931	-1.1270	_08007_	10
931	-1.1270	_07670_	6
931	-1.1270	_07573_	9
931	-1.1270	_07571_	1
931	-1.1270	_04744_	3
931	-1.1270	_04741_	2
931	-1.1270	_04740_	2
931	-1.1270	_04738_	1
931	-1.1270	_04602_	2
931	-1.1270	_04593_	3
931	-1.1270	_04416_	3
931	-1.1270	_04408_	3
931	-1.1270	_04407_	6
931	-1.1270	_04401_	4
931	-1.1270	_04397_	4
931	-1.1270	_04395_	2
931	-1.1270	_04390_	2
931	-1.1270	_00165_	2
931	-1.1270	u_e203_cpu.u_e203_core.u_e203_exu.u_e203_exu_alu.u_e203_exu_alu_dpath.adder_in1[0]	1
931	-1.1270	_14911_	10
931	-1.1270	_14846_	7
931	-1.1270	_14845_	10
931	-1.1270	_14844_	2
931	-1.1270	_14842_	1
931	-1.1270	_14840_	1
931	-1.1270	_14839_	1
931	-1.1270	_14789_	4
931	-1.1270	_14786_	1
931	-1.1270	_14780_	7
931	-1.1270	_14492_	10
931	-1.1270	_14491_	10
931	-1.1270	_14490_	4
931	-1.1270	_14404_	10
931	-1.1270	_13821_	3
931	-1.1270	_13403_	3
931	-1.1270	_13370_	4
931	-1.1270	_13369_	10
932	-1.1270	_00733_	1
932	-1.1270	_08366_	10
932	-1.1270	_08365_	6
932	-1.1270	_08364_	2
932	-1.1270	_08363_	9
932	-1.1270	_08362_	1
932	-1.1270	_08354_	1
932	-1.1270	_08258_	5
932	-1.1270	_08205_	2
932	-1.1270	_08166_	3
932	-1.1270	_08007_	10
932	-1.1270	_07670_	6
932	-1.1270	_07573_	9
932	-1.1270	_07571_	1
932	-1.1270	_04744_	3
932	-1.1270	_04741_	2
932	-1.1270	_04740_	2
932	-1.1270	_04738_	1
932	-1.1270	_04602_	2
932	-1.1270	_04593_	3
932	-1.1270	_04416_	3
932	-1.1270	_04408_	3
932	-1.1270	_04407_	6
932	-1.1270	_04401_	4
932	-1.1270	_04397_	4
932	-1.1270	_04395_	2
932	-1.1270	_04390_	2
932	-1.1270	_00165_	2
932	-1.1270	u_e203_cpu.u_e203_core.u_e203_exu.u_e203_exu_alu.u_e203_exu_alu_dpath.adder_in1[0]	1
932	-1.1270	_14911_	10
932	-1.1270	_14846_	7
932	-1.1270	_14845_	10
932	-1.1270	_14844_	2
932	-1.1270	_14842_	1
932	-1.1270	_14840_	1
932	-1.1270	_14839_	1
932	-1.1270	_14789_	4
932	-1.1270	_14786_	1
932	-1.1270	_14780_	7
932	-1.1270	_14492_	10
932	-1.1270	_14491_	10
932	-1.1270	_14490_	4
932	-1.1270	_14404_	10
932	-1.1270	_13821_	3
932	-1.1270	_13403_	3
932	-1.1270	_13370_	4
932	-1.1270	_13369_	10
933	-1.1265	_02308_	1
933	-1.1265	_11236_	10
933	-1.1265	_11235_	7
933	-1.1265	_11234_	1
933	-1.1265	_08569_	5
933	-1.1265	_08259_	4
933	-1.1265	_08257_	2
933	-1.1265	_08034_	3
933	-1.1265	_08023_	5
933	-1.1265	_08022_	1
933	-1.1265	_08021_	10
933	-1.1265	_07895_	10
933	-1.1265	_07787_	8
933	-1.1265	_07786_	1
933	-1.1265	_07785_	1
933	-1.1265	_04744_	3
933	-1.1265	_04741_	2
933	-1.1265	_04740_	2
933	-1.1265	_04738_	1
933	-1.1265	_04602_	2
933	-1.1265	_04593_	3
933	-1.1265	_04416_	3
933	-1.1265	_04408_	3
933	-1.1265	_04407_	6
933	-1.1265	_04401_	4
933	-1.1265	_04397_	4
933	-1.1265	_04395_	2
933	-1.1265	_04390_	2
933	-1.1265	_00165_	2
933	-1.1265	u_e203_cpu.u_e203_core.u_e203_exu.u_e203_exu_alu.u_e203_exu_alu_dpath.adder_in1[0]	1
933	-1.1265	_14911_	10
933	-1.1265	_14846_	7
933	-1.1265	_14845_	10
933	-1.1265	_14844_	2
933	-1.1265	_14842_	1
933	-1.1265	_14840_	1
933	-1.1265	_14839_	1
933	-1.1265	_14789_	4
933	-1.1265	_14786_	1
933	-1.1265	_14780_	7
933	-1.1265	_14492_	10
933	-1.1265	_14491_	10
933	-1.1265	_14490_	4
933	-1.1265	_14404_	10
933	-1.1265	_13821_	3
933	-1.1265	_13403_	3
933	-1.1265	_13370_	4
933	-1.1265	_13369_	10
934	-1.1262	_02682_	1
934	-1.1262	_12414_	10
934	-1.1262	_12413_	5
934	-1.1262	_12412_	1
934	-1.1262	_08663_	7
934	-1.1262	_08363_	9
934	-1.1262	_08362_	1
934	-1.1262	_08354_	1
934	-1.1262	_08258_	5
934	-1.1262	_08205_	2
934	-1.1262	_08166_	3
934	-1.1262	_08007_	10
934	-1.1262	_07670_	6
934	-1.1262	_07573_	9
934	-1.1262	_07571_	1
934	-1.1262	_04744_	3
934	-1.1262	_04741_	2
934	-1.1262	_04740_	2
934	-1.1262	_04738_	1
934	-1.1262	_04602_	2
934	-1.1262	_04593_	3
934	-1.1262	_04416_	3
934	-1.1262	_04408_	3
934	-1.1262	_04407_	6
934	-1.1262	_04401_	4
934	-1.1262	_04397_	4
934	-1.1262	_04395_	2
934	-1.1262	_04390_	2
934	-1.1262	_00165_	2
934	-1.1262	u_e203_cpu.u_e203_core.u_e203_exu.u_e203_exu_alu.u_e203_exu_alu_dpath.adder_in1[0]	1
934	-1.1262	_14911_	10
934	-1.1262	_14846_	7
934	-1.1262	_14845_	10
934	-1.1262	_14844_	2
934	-1.1262	_14842_	1
934	-1.1262	_14840_	1
934	-1.1262	_14839_	1
934	-1.1262	_14789_	4
934	-1.1262	_14786_	1
934	-1.1262	_14780_	7
934	-1.1262	_14492_	10
934	-1.1262	_14491_	10
934	-1.1262	_14490_	4
934	-1.1262	_14404_	10
934	-1.1262	_13821_	3
934	-1.1262	_13403_	3
934	-1.1262	_13370_	4
934	-1.1262	_13369_	10
935	-1.1261	_02305_	1
935	-1.1261	_11301_	10
935	-1.1261	_11235_	7
935	-1.1261	_11234_	1
935	-1.1261	_08569_	5
935	-1.1261	_08259_	4
935	-1.1261	_08257_	2
935	-1.1261	_08034_	3
935	-1.1261	_08023_	5
935	-1.1261	_08022_	1
935	-1.1261	_08021_	10
935	-1.1261	_07895_	10
935	-1.1261	_07787_	8
935	-1.1261	_07786_	1
935	-1.1261	_07785_	1
935	-1.1261	_04744_	3
935	-1.1261	_04741_	2
935	-1.1261	_04740_	2
935	-1.1261	_04738_	1
935	-1.1261	_04602_	2
935	-1.1261	_04593_	3
935	-1.1261	_04416_	3
935	-1.1261	_04408_	3
935	-1.1261	_04407_	6
935	-1.1261	_04401_	4
935	-1.1261	_04397_	4
935	-1.1261	_04395_	2
935	-1.1261	_04390_	2
935	-1.1261	_00165_	2
935	-1.1261	u_e203_cpu.u_e203_core.u_e203_exu.u_e203_exu_alu.u_e203_exu_alu_dpath.adder_in1[0]	1
935	-1.1261	_14911_	10
935	-1.1261	_14846_	7
935	-1.1261	_14845_	10
935	-1.1261	_14844_	2
935	-1.1261	_14842_	1
935	-1.1261	_14840_	1
935	-1.1261	_14839_	1
935	-1.1261	_14789_	4
935	-1.1261	_14786_	1
935	-1.1261	_14780_	7
935	-1.1261	_14492_	10
935	-1.1261	_14491_	10
935	-1.1261	_14490_	4
935	-1.1261	_14404_	10
935	-1.1261	_13821_	3
935	-1.1261	_13403_	3
935	-1.1261	_13370_	4
935	-1.1261	_13369_	10
936	-1.1261	_02304_	1
936	-1.1261	_11301_	10
936	-1.1261	_11235_	7
936	-1.1261	_11234_	1
936	-1.1261	_08569_	5
936	-1.1261	_08259_	4
936	-1.1261	_08257_	2
936	-1.1261	_08034_	3
936	-1.1261	_08023_	5
936	-1.1261	_08022_	1
936	-1.1261	_08021_	10
936	-1.1261	_07895_	10
936	-1.1261	_07787_	8
936	-1.1261	_07786_	1
936	-1.1261	_07785_	1
936	-1.1261	_04744_	3
936	-1.1261	_04741_	2
936	-1.1261	_04740_	2
936	-1.1261	_04738_	1
936	-1.1261	_04602_	2
936	-1.1261	_04593_	3
936	-1.1261	_04416_	3
936	-1.1261	_04408_	3
936	-1.1261	_04407_	6
936	-1.1261	_04401_	4
936	-1.1261	_04397_	4
936	-1.1261	_04395_	2
936	-1.1261	_04390_	2
936	-1.1261	_00165_	2
936	-1.1261	u_e203_cpu.u_e203_core.u_e203_exu.u_e203_exu_alu.u_e203_exu_alu_dpath.adder_in1[0]	1
936	-1.1261	_14911_	10
936	-1.1261	_14846_	7
936	-1.1261	_14845_	10
936	-1.1261	_14844_	2
936	-1.1261	_14842_	1
936	-1.1261	_14840_	1
936	-1.1261	_14839_	1
936	-1.1261	_14789_	4
936	-1.1261	_14786_	1
936	-1.1261	_14780_	7
936	-1.1261	_14492_	10
936	-1.1261	_14491_	10
936	-1.1261	_14490_	4
936	-1.1261	_14404_	10
936	-1.1261	_13821_	3
936	-1.1261	_13403_	3
936	-1.1261	_13370_	4
936	-1.1261	_13369_	10
937	-1.1261	_02303_	1
937	-1.1261	_11301_	10
937	-1.1261	_11235_	7
937	-1.1261	_11234_	1
937	-1.1261	_08569_	5
937	-1.1261	_08259_	4
937	-1.1261	_08257_	2
937	-1.1261	_08034_	3
937	-1.1261	_08023_	5
937	-1.1261	_08022_	1
937	-1.1261	_08021_	10
937	-1.1261	_07895_	10
937	-1.1261	_07787_	8
937	-1.1261	_07786_	1
937	-1.1261	_07785_	1
937	-1.1261	_04744_	3
937	-1.1261	_04741_	2
937	-1.1261	_04740_	2
937	-1.1261	_04738_	1
937	-1.1261	_04602_	2
937	-1.1261	_04593_	3
937	-1.1261	_04416_	3
937	-1.1261	_04408_	3
937	-1.1261	_04407_	6
937	-1.1261	_04401_	4
937	-1.1261	_04397_	4
937	-1.1261	_04395_	2
937	-1.1261	_04390_	2
937	-1.1261	_00165_	2
937	-1.1261	u_e203_cpu.u_e203_core.u_e203_exu.u_e203_exu_alu.u_e203_exu_alu_dpath.adder_in1[0]	1
937	-1.1261	_14911_	10
937	-1.1261	_14846_	7
937	-1.1261	_14845_	10
937	-1.1261	_14844_	2
937	-1.1261	_14842_	1
937	-1.1261	_14840_	1
937	-1.1261	_14839_	1
937	-1.1261	_14789_	4
937	-1.1261	_14786_	1
937	-1.1261	_14780_	7
937	-1.1261	_14492_	10
937	-1.1261	_14491_	10
937	-1.1261	_14490_	4
937	-1.1261	_14404_	10
937	-1.1261	_13821_	3
937	-1.1261	_13403_	3
937	-1.1261	_13370_	4
937	-1.1261	_13369_	10
938	-1.1261	_02302_	1
938	-1.1261	_11301_	10
938	-1.1261	_11235_	7
938	-1.1261	_11234_	1
938	-1.1261	_08569_	5
938	-1.1261	_08259_	4
938	-1.1261	_08257_	2
938	-1.1261	_08034_	3
938	-1.1261	_08023_	5
938	-1.1261	_08022_	1
938	-1.1261	_08021_	10
938	-1.1261	_07895_	10
938	-1.1261	_07787_	8
938	-1.1261	_07786_	1
938	-1.1261	_07785_	1
938	-1.1261	_04744_	3
938	-1.1261	_04741_	2
938	-1.1261	_04740_	2
938	-1.1261	_04738_	1
938	-1.1261	_04602_	2
938	-1.1261	_04593_	3
938	-1.1261	_04416_	3
938	-1.1261	_04408_	3
938	-1.1261	_04407_	6
938	-1.1261	_04401_	4
938	-1.1261	_04397_	4
938	-1.1261	_04395_	2
938	-1.1261	_04390_	2
938	-1.1261	_00165_	2
938	-1.1261	u_e203_cpu.u_e203_core.u_e203_exu.u_e203_exu_alu.u_e203_exu_alu_dpath.adder_in1[0]	1
938	-1.1261	_14911_	10
938	-1.1261	_14846_	7
938	-1.1261	_14845_	10
938	-1.1261	_14844_	2
938	-1.1261	_14842_	1
938	-1.1261	_14840_	1
938	-1.1261	_14839_	1
938	-1.1261	_14789_	4
938	-1.1261	_14786_	1
938	-1.1261	_14780_	7
938	-1.1261	_14492_	10
938	-1.1261	_14491_	10
938	-1.1261	_14490_	4
938	-1.1261	_14404_	10
938	-1.1261	_13821_	3
938	-1.1261	_13403_	3
938	-1.1261	_13370_	4
938	-1.1261	_13369_	10
939	-1.1261	_02300_	1
939	-1.1261	_11301_	10
939	-1.1261	_11235_	7
939	-1.1261	_11234_	1
939	-1.1261	_08569_	5
939	-1.1261	_08259_	4
939	-1.1261	_08257_	2
939	-1.1261	_08034_	3
939	-1.1261	_08023_	5
939	-1.1261	_08022_	1
939	-1.1261	_08021_	10
939	-1.1261	_07895_	10
939	-1.1261	_07787_	8
939	-1.1261	_07786_	1
939	-1.1261	_07785_	1
939	-1.1261	_04744_	3
939	-1.1261	_04741_	2
939	-1.1261	_04740_	2
939	-1.1261	_04738_	1
939	-1.1261	_04602_	2
939	-1.1261	_04593_	3
939	-1.1261	_04416_	3
939	-1.1261	_04408_	3
939	-1.1261	_04407_	6
939	-1.1261	_04401_	4
939	-1.1261	_04397_	4
939	-1.1261	_04395_	2
939	-1.1261	_04390_	2
939	-1.1261	_00165_	2
939	-1.1261	u_e203_cpu.u_e203_core.u_e203_exu.u_e203_exu_alu.u_e203_exu_alu_dpath.adder_in1[0]	1
939	-1.1261	_14911_	10
939	-1.1261	_14846_	7
939	-1.1261	_14845_	10
939	-1.1261	_14844_	2
939	-1.1261	_14842_	1
939	-1.1261	_14840_	1
939	-1.1261	_14839_	1
939	-1.1261	_14789_	4
939	-1.1261	_14786_	1
939	-1.1261	_14780_	7
939	-1.1261	_14492_	10
939	-1.1261	_14491_	10
939	-1.1261	_14490_	4
939	-1.1261	_14404_	10
939	-1.1261	_13821_	3
939	-1.1261	_13403_	3
939	-1.1261	_13370_	4
939	-1.1261	_13369_	10
940	-1.1261	_02299_	1
940	-1.1261	_11301_	10
940	-1.1261	_11235_	7
940	-1.1261	_11234_	1
940	-1.1261	_08569_	5
940	-1.1261	_08259_	4
940	-1.1261	_08257_	2
940	-1.1261	_08034_	3
940	-1.1261	_08023_	5
940	-1.1261	_08022_	1
940	-1.1261	_08021_	10
940	-1.1261	_07895_	10
940	-1.1261	_07787_	8
940	-1.1261	_07786_	1
940	-1.1261	_07785_	1
940	-1.1261	_04744_	3
940	-1.1261	_04741_	2
940	-1.1261	_04740_	2
940	-1.1261	_04738_	1
940	-1.1261	_04602_	2
940	-1.1261	_04593_	3
940	-1.1261	_04416_	3
940	-1.1261	_04408_	3
940	-1.1261	_04407_	6
940	-1.1261	_04401_	4
940	-1.1261	_04397_	4
940	-1.1261	_04395_	2
940	-1.1261	_04390_	2
940	-1.1261	_00165_	2
940	-1.1261	u_e203_cpu.u_e203_core.u_e203_exu.u_e203_exu_alu.u_e203_exu_alu_dpath.adder_in1[0]	1
940	-1.1261	_14911_	10
940	-1.1261	_14846_	7
940	-1.1261	_14845_	10
940	-1.1261	_14844_	2
940	-1.1261	_14842_	1
940	-1.1261	_14840_	1
940	-1.1261	_14839_	1
940	-1.1261	_14789_	4
940	-1.1261	_14786_	1
940	-1.1261	_14780_	7
940	-1.1261	_14492_	10
940	-1.1261	_14491_	10
940	-1.1261	_14490_	4
940	-1.1261	_14404_	10
940	-1.1261	_13821_	3
940	-1.1261	_13403_	3
940	-1.1261	_13370_	4
940	-1.1261	_13369_	10
941	-1.1261	_02298_	1
941	-1.1261	_11301_	10
941	-1.1261	_11235_	7
941	-1.1261	_11234_	1
941	-1.1261	_08569_	5
941	-1.1261	_08259_	4
941	-1.1261	_08257_	2
941	-1.1261	_08034_	3
941	-1.1261	_08023_	5
941	-1.1261	_08022_	1
941	-1.1261	_08021_	10
941	-1.1261	_07895_	10
941	-1.1261	_07787_	8
941	-1.1261	_07786_	1
941	-1.1261	_07785_	1
941	-1.1261	_04744_	3
941	-1.1261	_04741_	2
941	-1.1261	_04740_	2
941	-1.1261	_04738_	1
941	-1.1261	_04602_	2
941	-1.1261	_04593_	3
941	-1.1261	_04416_	3
941	-1.1261	_04408_	3
941	-1.1261	_04407_	6
941	-1.1261	_04401_	4
941	-1.1261	_04397_	4
941	-1.1261	_04395_	2
941	-1.1261	_04390_	2
941	-1.1261	_00165_	2
941	-1.1261	u_e203_cpu.u_e203_core.u_e203_exu.u_e203_exu_alu.u_e203_exu_alu_dpath.adder_in1[0]	1
941	-1.1261	_14911_	10
941	-1.1261	_14846_	7
941	-1.1261	_14845_	10
941	-1.1261	_14844_	2
941	-1.1261	_14842_	1
941	-1.1261	_14840_	1
941	-1.1261	_14839_	1
941	-1.1261	_14789_	4
941	-1.1261	_14786_	1
941	-1.1261	_14780_	7
941	-1.1261	_14492_	10
941	-1.1261	_14491_	10
941	-1.1261	_14490_	4
941	-1.1261	_14404_	10
941	-1.1261	_13821_	3
941	-1.1261	_13403_	3
941	-1.1261	_13370_	4
941	-1.1261	_13369_	10
942	-1.1261	_02296_	1
942	-1.1261	_11301_	10
942	-1.1261	_11235_	7
942	-1.1261	_11234_	1
942	-1.1261	_08569_	5
942	-1.1261	_08259_	4
942	-1.1261	_08257_	2
942	-1.1261	_08034_	3
942	-1.1261	_08023_	5
942	-1.1261	_08022_	1
942	-1.1261	_08021_	10
942	-1.1261	_07895_	10
942	-1.1261	_07787_	8
942	-1.1261	_07786_	1
942	-1.1261	_07785_	1
942	-1.1261	_04744_	3
942	-1.1261	_04741_	2
942	-1.1261	_04740_	2
942	-1.1261	_04738_	1
942	-1.1261	_04602_	2
942	-1.1261	_04593_	3
942	-1.1261	_04416_	3
942	-1.1261	_04408_	3
942	-1.1261	_04407_	6
942	-1.1261	_04401_	4
942	-1.1261	_04397_	4
942	-1.1261	_04395_	2
942	-1.1261	_04390_	2
942	-1.1261	_00165_	2
942	-1.1261	u_e203_cpu.u_e203_core.u_e203_exu.u_e203_exu_alu.u_e203_exu_alu_dpath.adder_in1[0]	1
942	-1.1261	_14911_	10
942	-1.1261	_14846_	7
942	-1.1261	_14845_	10
942	-1.1261	_14844_	2
942	-1.1261	_14842_	1
942	-1.1261	_14840_	1
942	-1.1261	_14839_	1
942	-1.1261	_14789_	4
942	-1.1261	_14786_	1
942	-1.1261	_14780_	7
942	-1.1261	_14492_	10
942	-1.1261	_14491_	10
942	-1.1261	_14490_	4
942	-1.1261	_14404_	10
942	-1.1261	_13821_	3
942	-1.1261	_13403_	3
942	-1.1261	_13370_	4
942	-1.1261	_13369_	10
943	-1.1261	_02295_	1
943	-1.1261	_11301_	10
943	-1.1261	_11235_	7
943	-1.1261	_11234_	1
943	-1.1261	_08569_	5
943	-1.1261	_08259_	4
943	-1.1261	_08257_	2
943	-1.1261	_08034_	3
943	-1.1261	_08023_	5
943	-1.1261	_08022_	1
943	-1.1261	_08021_	10
943	-1.1261	_07895_	10
943	-1.1261	_07787_	8
943	-1.1261	_07786_	1
943	-1.1261	_07785_	1
943	-1.1261	_04744_	3
943	-1.1261	_04741_	2
943	-1.1261	_04740_	2
943	-1.1261	_04738_	1
943	-1.1261	_04602_	2
943	-1.1261	_04593_	3
943	-1.1261	_04416_	3
943	-1.1261	_04408_	3
943	-1.1261	_04407_	6
943	-1.1261	_04401_	4
943	-1.1261	_04397_	4
943	-1.1261	_04395_	2
943	-1.1261	_04390_	2
943	-1.1261	_00165_	2
943	-1.1261	u_e203_cpu.u_e203_core.u_e203_exu.u_e203_exu_alu.u_e203_exu_alu_dpath.adder_in1[0]	1
943	-1.1261	_14911_	10
943	-1.1261	_14846_	7
943	-1.1261	_14845_	10
943	-1.1261	_14844_	2
943	-1.1261	_14842_	1
943	-1.1261	_14840_	1
943	-1.1261	_14839_	1
943	-1.1261	_14789_	4
943	-1.1261	_14786_	1
943	-1.1261	_14780_	7
943	-1.1261	_14492_	10
943	-1.1261	_14491_	10
943	-1.1261	_14490_	4
943	-1.1261	_14404_	10
943	-1.1261	_13821_	3
943	-1.1261	_13403_	3
943	-1.1261	_13370_	4
943	-1.1261	_13369_	10
944	-1.1261	_02294_	1
944	-1.1261	_11301_	10
944	-1.1261	_11235_	7
944	-1.1261	_11234_	1
944	-1.1261	_08569_	5
944	-1.1261	_08259_	4
944	-1.1261	_08257_	2
944	-1.1261	_08034_	3
944	-1.1261	_08023_	5
944	-1.1261	_08022_	1
944	-1.1261	_08021_	10
944	-1.1261	_07895_	10
944	-1.1261	_07787_	8
944	-1.1261	_07786_	1
944	-1.1261	_07785_	1
944	-1.1261	_04744_	3
944	-1.1261	_04741_	2
944	-1.1261	_04740_	2
944	-1.1261	_04738_	1
944	-1.1261	_04602_	2
944	-1.1261	_04593_	3
944	-1.1261	_04416_	3
944	-1.1261	_04408_	3
944	-1.1261	_04407_	6
944	-1.1261	_04401_	4
944	-1.1261	_04397_	4
944	-1.1261	_04395_	2
944	-1.1261	_04390_	2
944	-1.1261	_00165_	2
944	-1.1261	u_e203_cpu.u_e203_core.u_e203_exu.u_e203_exu_alu.u_e203_exu_alu_dpath.adder_in1[0]	1
944	-1.1261	_14911_	10
944	-1.1261	_14846_	7
944	-1.1261	_14845_	10
944	-1.1261	_14844_	2
944	-1.1261	_14842_	1
944	-1.1261	_14840_	1
944	-1.1261	_14839_	1
944	-1.1261	_14789_	4
944	-1.1261	_14786_	1
944	-1.1261	_14780_	7
944	-1.1261	_14492_	10
944	-1.1261	_14491_	10
944	-1.1261	_14490_	4
944	-1.1261	_14404_	10
944	-1.1261	_13821_	3
944	-1.1261	_13403_	3
944	-1.1261	_13370_	4
944	-1.1261	_13369_	10
945	-1.1261	_02293_	1
945	-1.1261	_11255_	10
945	-1.1261	_11235_	7
945	-1.1261	_11234_	1
945	-1.1261	_08569_	5
945	-1.1261	_08259_	4
945	-1.1261	_08257_	2
945	-1.1261	_08034_	3
945	-1.1261	_08023_	5
945	-1.1261	_08022_	1
945	-1.1261	_08021_	10
945	-1.1261	_07895_	10
945	-1.1261	_07787_	8
945	-1.1261	_07786_	1
945	-1.1261	_07785_	1
945	-1.1261	_04744_	3
945	-1.1261	_04741_	2
945	-1.1261	_04740_	2
945	-1.1261	_04738_	1
945	-1.1261	_04602_	2
945	-1.1261	_04593_	3
945	-1.1261	_04416_	3
945	-1.1261	_04408_	3
945	-1.1261	_04407_	6
945	-1.1261	_04401_	4
945	-1.1261	_04397_	4
945	-1.1261	_04395_	2
945	-1.1261	_04390_	2
945	-1.1261	_00165_	2
945	-1.1261	u_e203_cpu.u_e203_core.u_e203_exu.u_e203_exu_alu.u_e203_exu_alu_dpath.adder_in1[0]	1
945	-1.1261	_14911_	10
945	-1.1261	_14846_	7
945	-1.1261	_14845_	10
945	-1.1261	_14844_	2
945	-1.1261	_14842_	1
945	-1.1261	_14840_	1
945	-1.1261	_14839_	1
945	-1.1261	_14789_	4
945	-1.1261	_14786_	1
945	-1.1261	_14780_	7
945	-1.1261	_14492_	10
945	-1.1261	_14491_	10
945	-1.1261	_14490_	4
945	-1.1261	_14404_	10
945	-1.1261	_13821_	3
945	-1.1261	_13403_	3
945	-1.1261	_13370_	4
945	-1.1261	_13369_	10
946	-1.1261	_02292_	1
946	-1.1261	_11255_	10
946	-1.1261	_11235_	7
946	-1.1261	_11234_	1
946	-1.1261	_08569_	5
946	-1.1261	_08259_	4
946	-1.1261	_08257_	2
946	-1.1261	_08034_	3
946	-1.1261	_08023_	5
946	-1.1261	_08022_	1
946	-1.1261	_08021_	10
946	-1.1261	_07895_	10
946	-1.1261	_07787_	8
946	-1.1261	_07786_	1
946	-1.1261	_07785_	1
946	-1.1261	_04744_	3
946	-1.1261	_04741_	2
946	-1.1261	_04740_	2
946	-1.1261	_04738_	1
946	-1.1261	_04602_	2
946	-1.1261	_04593_	3
946	-1.1261	_04416_	3
946	-1.1261	_04408_	3
946	-1.1261	_04407_	6
946	-1.1261	_04401_	4
946	-1.1261	_04397_	4
946	-1.1261	_04395_	2
946	-1.1261	_04390_	2
946	-1.1261	_00165_	2
946	-1.1261	u_e203_cpu.u_e203_core.u_e203_exu.u_e203_exu_alu.u_e203_exu_alu_dpath.adder_in1[0]	1
946	-1.1261	_14911_	10
946	-1.1261	_14846_	7
946	-1.1261	_14845_	10
946	-1.1261	_14844_	2
946	-1.1261	_14842_	1
946	-1.1261	_14840_	1
946	-1.1261	_14839_	1
946	-1.1261	_14789_	4
946	-1.1261	_14786_	1
946	-1.1261	_14780_	7
946	-1.1261	_14492_	10
946	-1.1261	_14491_	10
946	-1.1261	_14490_	4
946	-1.1261	_14404_	10
946	-1.1261	_13821_	3
946	-1.1261	_13403_	3
946	-1.1261	_13370_	4
946	-1.1261	_13369_	10
947	-1.1261	_02291_	1
947	-1.1261	_11255_	10
947	-1.1261	_11235_	7
947	-1.1261	_11234_	1
947	-1.1261	_08569_	5
947	-1.1261	_08259_	4
947	-1.1261	_08257_	2
947	-1.1261	_08034_	3
947	-1.1261	_08023_	5
947	-1.1261	_08022_	1
947	-1.1261	_08021_	10
947	-1.1261	_07895_	10
947	-1.1261	_07787_	8
947	-1.1261	_07786_	1
947	-1.1261	_07785_	1
947	-1.1261	_04744_	3
947	-1.1261	_04741_	2
947	-1.1261	_04740_	2
947	-1.1261	_04738_	1
947	-1.1261	_04602_	2
947	-1.1261	_04593_	3
947	-1.1261	_04416_	3
947	-1.1261	_04408_	3
947	-1.1261	_04407_	6
947	-1.1261	_04401_	4
947	-1.1261	_04397_	4
947	-1.1261	_04395_	2
947	-1.1261	_04390_	2
947	-1.1261	_00165_	2
947	-1.1261	u_e203_cpu.u_e203_core.u_e203_exu.u_e203_exu_alu.u_e203_exu_alu_dpath.adder_in1[0]	1
947	-1.1261	_14911_	10
947	-1.1261	_14846_	7
947	-1.1261	_14845_	10
947	-1.1261	_14844_	2
947	-1.1261	_14842_	1
947	-1.1261	_14840_	1
947	-1.1261	_14839_	1
947	-1.1261	_14789_	4
947	-1.1261	_14786_	1
947	-1.1261	_14780_	7
947	-1.1261	_14492_	10
947	-1.1261	_14491_	10
947	-1.1261	_14490_	4
947	-1.1261	_14404_	10
947	-1.1261	_13821_	3
947	-1.1261	_13403_	3
947	-1.1261	_13370_	4
947	-1.1261	_13369_	10
948	-1.1261	_02290_	1
948	-1.1261	_11255_	10
948	-1.1261	_11235_	7
948	-1.1261	_11234_	1
948	-1.1261	_08569_	5
948	-1.1261	_08259_	4
948	-1.1261	_08257_	2
948	-1.1261	_08034_	3
948	-1.1261	_08023_	5
948	-1.1261	_08022_	1
948	-1.1261	_08021_	10
948	-1.1261	_07895_	10
948	-1.1261	_07787_	8
948	-1.1261	_07786_	1
948	-1.1261	_07785_	1
948	-1.1261	_04744_	3
948	-1.1261	_04741_	2
948	-1.1261	_04740_	2
948	-1.1261	_04738_	1
948	-1.1261	_04602_	2
948	-1.1261	_04593_	3
948	-1.1261	_04416_	3
948	-1.1261	_04408_	3
948	-1.1261	_04407_	6
948	-1.1261	_04401_	4
948	-1.1261	_04397_	4
948	-1.1261	_04395_	2
948	-1.1261	_04390_	2
948	-1.1261	_00165_	2
948	-1.1261	u_e203_cpu.u_e203_core.u_e203_exu.u_e203_exu_alu.u_e203_exu_alu_dpath.adder_in1[0]	1
948	-1.1261	_14911_	10
948	-1.1261	_14846_	7
948	-1.1261	_14845_	10
948	-1.1261	_14844_	2
948	-1.1261	_14842_	1
948	-1.1261	_14840_	1
948	-1.1261	_14839_	1
948	-1.1261	_14789_	4
948	-1.1261	_14786_	1
948	-1.1261	_14780_	7
948	-1.1261	_14492_	10
948	-1.1261	_14491_	10
948	-1.1261	_14490_	4
948	-1.1261	_14404_	10
948	-1.1261	_13821_	3
948	-1.1261	_13403_	3
948	-1.1261	_13370_	4
948	-1.1261	_13369_	10
949	-1.1261	_02289_	1
949	-1.1261	_11255_	10
949	-1.1261	_11235_	7
949	-1.1261	_11234_	1
949	-1.1261	_08569_	5
949	-1.1261	_08259_	4
949	-1.1261	_08257_	2
949	-1.1261	_08034_	3
949	-1.1261	_08023_	5
949	-1.1261	_08022_	1
949	-1.1261	_08021_	10
949	-1.1261	_07895_	10
949	-1.1261	_07787_	8
949	-1.1261	_07786_	1
949	-1.1261	_07785_	1
949	-1.1261	_04744_	3
949	-1.1261	_04741_	2
949	-1.1261	_04740_	2
949	-1.1261	_04738_	1
949	-1.1261	_04602_	2
949	-1.1261	_04593_	3
949	-1.1261	_04416_	3
949	-1.1261	_04408_	3
949	-1.1261	_04407_	6
949	-1.1261	_04401_	4
949	-1.1261	_04397_	4
949	-1.1261	_04395_	2
949	-1.1261	_04390_	2
949	-1.1261	_00165_	2
949	-1.1261	u_e203_cpu.u_e203_core.u_e203_exu.u_e203_exu_alu.u_e203_exu_alu_dpath.adder_in1[0]	1
949	-1.1261	_14911_	10
949	-1.1261	_14846_	7
949	-1.1261	_14845_	10
949	-1.1261	_14844_	2
949	-1.1261	_14842_	1
949	-1.1261	_14840_	1
949	-1.1261	_14839_	1
949	-1.1261	_14789_	4
949	-1.1261	_14786_	1
949	-1.1261	_14780_	7
949	-1.1261	_14492_	10
949	-1.1261	_14491_	10
949	-1.1261	_14490_	4
949	-1.1261	_14404_	10
949	-1.1261	_13821_	3
949	-1.1261	_13403_	3
949	-1.1261	_13370_	4
949	-1.1261	_13369_	10
950	-1.1261	_02288_	1
950	-1.1261	_11255_	10
950	-1.1261	_11235_	7
950	-1.1261	_11234_	1
950	-1.1261	_08569_	5
950	-1.1261	_08259_	4
950	-1.1261	_08257_	2
950	-1.1261	_08034_	3
950	-1.1261	_08023_	5
950	-1.1261	_08022_	1
950	-1.1261	_08021_	10
950	-1.1261	_07895_	10
950	-1.1261	_07787_	8
950	-1.1261	_07786_	1
950	-1.1261	_07785_	1
950	-1.1261	_04744_	3
950	-1.1261	_04741_	2
950	-1.1261	_04740_	2
950	-1.1261	_04738_	1
950	-1.1261	_04602_	2
950	-1.1261	_04593_	3
950	-1.1261	_04416_	3
950	-1.1261	_04408_	3
950	-1.1261	_04407_	6
950	-1.1261	_04401_	4
950	-1.1261	_04397_	4
950	-1.1261	_04395_	2
950	-1.1261	_04390_	2
950	-1.1261	_00165_	2
950	-1.1261	u_e203_cpu.u_e203_core.u_e203_exu.u_e203_exu_alu.u_e203_exu_alu_dpath.adder_in1[0]	1
950	-1.1261	_14911_	10
950	-1.1261	_14846_	7
950	-1.1261	_14845_	10
950	-1.1261	_14844_	2
950	-1.1261	_14842_	1
950	-1.1261	_14840_	1
950	-1.1261	_14839_	1
950	-1.1261	_14789_	4
950	-1.1261	_14786_	1
950	-1.1261	_14780_	7
950	-1.1261	_14492_	10
950	-1.1261	_14491_	10
950	-1.1261	_14490_	4
950	-1.1261	_14404_	10
950	-1.1261	_13821_	3
950	-1.1261	_13403_	3
950	-1.1261	_13370_	4
950	-1.1261	_13369_	10
951	-1.1261	_02287_	1
951	-1.1261	_11255_	10
951	-1.1261	_11235_	7
951	-1.1261	_11234_	1
951	-1.1261	_08569_	5
951	-1.1261	_08259_	4
951	-1.1261	_08257_	2
951	-1.1261	_08034_	3
951	-1.1261	_08023_	5
951	-1.1261	_08022_	1
951	-1.1261	_08021_	10
951	-1.1261	_07895_	10
951	-1.1261	_07787_	8
951	-1.1261	_07786_	1
951	-1.1261	_07785_	1
951	-1.1261	_04744_	3
951	-1.1261	_04741_	2
951	-1.1261	_04740_	2
951	-1.1261	_04738_	1
951	-1.1261	_04602_	2
951	-1.1261	_04593_	3
951	-1.1261	_04416_	3
951	-1.1261	_04408_	3
951	-1.1261	_04407_	6
951	-1.1261	_04401_	4
951	-1.1261	_04397_	4
951	-1.1261	_04395_	2
951	-1.1261	_04390_	2
951	-1.1261	_00165_	2
951	-1.1261	u_e203_cpu.u_e203_core.u_e203_exu.u_e203_exu_alu.u_e203_exu_alu_dpath.adder_in1[0]	1
951	-1.1261	_14911_	10
951	-1.1261	_14846_	7
951	-1.1261	_14845_	10
951	-1.1261	_14844_	2
951	-1.1261	_14842_	1
951	-1.1261	_14840_	1
951	-1.1261	_14839_	1
951	-1.1261	_14789_	4
951	-1.1261	_14786_	1
951	-1.1261	_14780_	7
951	-1.1261	_14492_	10
951	-1.1261	_14491_	10
951	-1.1261	_14490_	4
951	-1.1261	_14404_	10
951	-1.1261	_13821_	3
951	-1.1261	_13403_	3
951	-1.1261	_13370_	4
951	-1.1261	_13369_	10
952	-1.1261	_02285_	1
952	-1.1261	_11255_	10
952	-1.1261	_11235_	7
952	-1.1261	_11234_	1
952	-1.1261	_08569_	5
952	-1.1261	_08259_	4
952	-1.1261	_08257_	2
952	-1.1261	_08034_	3
952	-1.1261	_08023_	5
952	-1.1261	_08022_	1
952	-1.1261	_08021_	10
952	-1.1261	_07895_	10
952	-1.1261	_07787_	8
952	-1.1261	_07786_	1
952	-1.1261	_07785_	1
952	-1.1261	_04744_	3
952	-1.1261	_04741_	2
952	-1.1261	_04740_	2
952	-1.1261	_04738_	1
952	-1.1261	_04602_	2
952	-1.1261	_04593_	3
952	-1.1261	_04416_	3
952	-1.1261	_04408_	3
952	-1.1261	_04407_	6
952	-1.1261	_04401_	4
952	-1.1261	_04397_	4
952	-1.1261	_04395_	2
952	-1.1261	_04390_	2
952	-1.1261	_00165_	2
952	-1.1261	u_e203_cpu.u_e203_core.u_e203_exu.u_e203_exu_alu.u_e203_exu_alu_dpath.adder_in1[0]	1
952	-1.1261	_14911_	10
952	-1.1261	_14846_	7
952	-1.1261	_14845_	10
952	-1.1261	_14844_	2
952	-1.1261	_14842_	1
952	-1.1261	_14840_	1
952	-1.1261	_14839_	1
952	-1.1261	_14789_	4
952	-1.1261	_14786_	1
952	-1.1261	_14780_	7
952	-1.1261	_14492_	10
952	-1.1261	_14491_	10
952	-1.1261	_14490_	4
952	-1.1261	_14404_	10
952	-1.1261	_13821_	3
952	-1.1261	_13403_	3
952	-1.1261	_13370_	4
952	-1.1261	_13369_	10
953	-1.1261	_02284_	1
953	-1.1261	_11255_	10
953	-1.1261	_11235_	7
953	-1.1261	_11234_	1
953	-1.1261	_08569_	5
953	-1.1261	_08259_	4
953	-1.1261	_08257_	2
953	-1.1261	_08034_	3
953	-1.1261	_08023_	5
953	-1.1261	_08022_	1
953	-1.1261	_08021_	10
953	-1.1261	_07895_	10
953	-1.1261	_07787_	8
953	-1.1261	_07786_	1
953	-1.1261	_07785_	1
953	-1.1261	_04744_	3
953	-1.1261	_04741_	2
953	-1.1261	_04740_	2
953	-1.1261	_04738_	1
953	-1.1261	_04602_	2
953	-1.1261	_04593_	3
953	-1.1261	_04416_	3
953	-1.1261	_04408_	3
953	-1.1261	_04407_	6
953	-1.1261	_04401_	4
953	-1.1261	_04397_	4
953	-1.1261	_04395_	2
953	-1.1261	_04390_	2
953	-1.1261	_00165_	2
953	-1.1261	u_e203_cpu.u_e203_core.u_e203_exu.u_e203_exu_alu.u_e203_exu_alu_dpath.adder_in1[0]	1
953	-1.1261	_14911_	10
953	-1.1261	_14846_	7
953	-1.1261	_14845_	10
953	-1.1261	_14844_	2
953	-1.1261	_14842_	1
953	-1.1261	_14840_	1
953	-1.1261	_14839_	1
953	-1.1261	_14789_	4
953	-1.1261	_14786_	1
953	-1.1261	_14780_	7
953	-1.1261	_14492_	10
953	-1.1261	_14491_	10
953	-1.1261	_14490_	4
953	-1.1261	_14404_	10
953	-1.1261	_13821_	3
953	-1.1261	_13403_	3
953	-1.1261	_13370_	4
953	-1.1261	_13369_	10
954	-1.1261	_02283_	1
954	-1.1261	_11255_	10
954	-1.1261	_11235_	7
954	-1.1261	_11234_	1
954	-1.1261	_08569_	5
954	-1.1261	_08259_	4
954	-1.1261	_08257_	2
954	-1.1261	_08034_	3
954	-1.1261	_08023_	5
954	-1.1261	_08022_	1
954	-1.1261	_08021_	10
954	-1.1261	_07895_	10
954	-1.1261	_07787_	8
954	-1.1261	_07786_	1
954	-1.1261	_07785_	1
954	-1.1261	_04744_	3
954	-1.1261	_04741_	2
954	-1.1261	_04740_	2
954	-1.1261	_04738_	1
954	-1.1261	_04602_	2
954	-1.1261	_04593_	3
954	-1.1261	_04416_	3
954	-1.1261	_04408_	3
954	-1.1261	_04407_	6
954	-1.1261	_04401_	4
954	-1.1261	_04397_	4
954	-1.1261	_04395_	2
954	-1.1261	_04390_	2
954	-1.1261	_00165_	2
954	-1.1261	u_e203_cpu.u_e203_core.u_e203_exu.u_e203_exu_alu.u_e203_exu_alu_dpath.adder_in1[0]	1
954	-1.1261	_14911_	10
954	-1.1261	_14846_	7
954	-1.1261	_14845_	10
954	-1.1261	_14844_	2
954	-1.1261	_14842_	1
954	-1.1261	_14840_	1
954	-1.1261	_14839_	1
954	-1.1261	_14789_	4
954	-1.1261	_14786_	1
954	-1.1261	_14780_	7
954	-1.1261	_14492_	10
954	-1.1261	_14491_	10
954	-1.1261	_14490_	4
954	-1.1261	_14404_	10
954	-1.1261	_13821_	3
954	-1.1261	_13403_	3
954	-1.1261	_13370_	4
954	-1.1261	_13369_	10
955	-1.1258	_02282_	1
955	-1.1258	_11236_	10
955	-1.1258	_11235_	7
955	-1.1258	_11234_	1
955	-1.1258	_08569_	5
955	-1.1258	_08259_	4
955	-1.1258	_08257_	2
955	-1.1258	_08034_	3
955	-1.1258	_08023_	5
955	-1.1258	_08022_	1
955	-1.1258	_08021_	10
955	-1.1258	_07895_	10
955	-1.1258	_07787_	8
955	-1.1258	_07786_	1
955	-1.1258	_07785_	1
955	-1.1258	_04744_	3
955	-1.1258	_04741_	2
955	-1.1258	_04740_	2
955	-1.1258	_04738_	1
955	-1.1258	_04602_	2
955	-1.1258	_04593_	3
955	-1.1258	_04416_	3
955	-1.1258	_04408_	3
955	-1.1258	_04407_	6
955	-1.1258	_04401_	4
955	-1.1258	_04397_	4
955	-1.1258	_04395_	2
955	-1.1258	_04390_	2
955	-1.1258	_00165_	2
955	-1.1258	u_e203_cpu.u_e203_core.u_e203_exu.u_e203_exu_alu.u_e203_exu_alu_dpath.adder_in1[0]	1
955	-1.1258	_14911_	10
955	-1.1258	_14846_	7
955	-1.1258	_14845_	10
955	-1.1258	_14844_	2
955	-1.1258	_14842_	1
955	-1.1258	_14840_	1
955	-1.1258	_14839_	1
955	-1.1258	_14789_	4
955	-1.1258	_14786_	1
955	-1.1258	_14780_	7
955	-1.1258	_14492_	10
955	-1.1258	_14491_	10
955	-1.1258	_14490_	4
955	-1.1258	_14404_	10
955	-1.1258	_13821_	3
955	-1.1258	_13403_	3
955	-1.1258	_13370_	4
955	-1.1258	_13369_	10
956	-1.1258	_02281_	1
956	-1.1258	_11236_	10
956	-1.1258	_11235_	7
956	-1.1258	_11234_	1
956	-1.1258	_08569_	5
956	-1.1258	_08259_	4
956	-1.1258	_08257_	2
956	-1.1258	_08034_	3
956	-1.1258	_08023_	5
956	-1.1258	_08022_	1
956	-1.1258	_08021_	10
956	-1.1258	_07895_	10
956	-1.1258	_07787_	8
956	-1.1258	_07786_	1
956	-1.1258	_07785_	1
956	-1.1258	_04744_	3
956	-1.1258	_04741_	2
956	-1.1258	_04740_	2
956	-1.1258	_04738_	1
956	-1.1258	_04602_	2
956	-1.1258	_04593_	3
956	-1.1258	_04416_	3
956	-1.1258	_04408_	3
956	-1.1258	_04407_	6
956	-1.1258	_04401_	4
956	-1.1258	_04397_	4
956	-1.1258	_04395_	2
956	-1.1258	_04390_	2
956	-1.1258	_00165_	2
956	-1.1258	u_e203_cpu.u_e203_core.u_e203_exu.u_e203_exu_alu.u_e203_exu_alu_dpath.adder_in1[0]	1
956	-1.1258	_14911_	10
956	-1.1258	_14846_	7
956	-1.1258	_14845_	10
956	-1.1258	_14844_	2
956	-1.1258	_14842_	1
956	-1.1258	_14840_	1
956	-1.1258	_14839_	1
956	-1.1258	_14789_	4
956	-1.1258	_14786_	1
956	-1.1258	_14780_	7
956	-1.1258	_14492_	10
956	-1.1258	_14491_	10
956	-1.1258	_14490_	4
956	-1.1258	_14404_	10
956	-1.1258	_13821_	3
956	-1.1258	_13403_	3
956	-1.1258	_13370_	4
956	-1.1258	_13369_	10
957	-1.1258	_02280_	1
957	-1.1258	_11236_	10
957	-1.1258	_11235_	7
957	-1.1258	_11234_	1
957	-1.1258	_08569_	5
957	-1.1258	_08259_	4
957	-1.1258	_08257_	2
957	-1.1258	_08034_	3
957	-1.1258	_08023_	5
957	-1.1258	_08022_	1
957	-1.1258	_08021_	10
957	-1.1258	_07895_	10
957	-1.1258	_07787_	8
957	-1.1258	_07786_	1
957	-1.1258	_07785_	1
957	-1.1258	_04744_	3
957	-1.1258	_04741_	2
957	-1.1258	_04740_	2
957	-1.1258	_04738_	1
957	-1.1258	_04602_	2
957	-1.1258	_04593_	3
957	-1.1258	_04416_	3
957	-1.1258	_04408_	3
957	-1.1258	_04407_	6
957	-1.1258	_04401_	4
957	-1.1258	_04397_	4
957	-1.1258	_04395_	2
957	-1.1258	_04390_	2
957	-1.1258	_00165_	2
957	-1.1258	u_e203_cpu.u_e203_core.u_e203_exu.u_e203_exu_alu.u_e203_exu_alu_dpath.adder_in1[0]	1
957	-1.1258	_14911_	10
957	-1.1258	_14846_	7
957	-1.1258	_14845_	10
957	-1.1258	_14844_	2
957	-1.1258	_14842_	1
957	-1.1258	_14840_	1
957	-1.1258	_14839_	1
957	-1.1258	_14789_	4
957	-1.1258	_14786_	1
957	-1.1258	_14780_	7
957	-1.1258	_14492_	10
957	-1.1258	_14491_	10
957	-1.1258	_14490_	4
957	-1.1258	_14404_	10
957	-1.1258	_13821_	3
957	-1.1258	_13403_	3
957	-1.1258	_13370_	4
957	-1.1258	_13369_	10
958	-1.1258	_02279_	1
958	-1.1258	_11236_	10
958	-1.1258	_11235_	7
958	-1.1258	_11234_	1
958	-1.1258	_08569_	5
958	-1.1258	_08259_	4
958	-1.1258	_08257_	2
958	-1.1258	_08034_	3
958	-1.1258	_08023_	5
958	-1.1258	_08022_	1
958	-1.1258	_08021_	10
958	-1.1258	_07895_	10
958	-1.1258	_07787_	8
958	-1.1258	_07786_	1
958	-1.1258	_07785_	1
958	-1.1258	_04744_	3
958	-1.1258	_04741_	2
958	-1.1258	_04740_	2
958	-1.1258	_04738_	1
958	-1.1258	_04602_	2
958	-1.1258	_04593_	3
958	-1.1258	_04416_	3
958	-1.1258	_04408_	3
958	-1.1258	_04407_	6
958	-1.1258	_04401_	4
958	-1.1258	_04397_	4
958	-1.1258	_04395_	2
958	-1.1258	_04390_	2
958	-1.1258	_00165_	2
958	-1.1258	u_e203_cpu.u_e203_core.u_e203_exu.u_e203_exu_alu.u_e203_exu_alu_dpath.adder_in1[0]	1
958	-1.1258	_14911_	10
958	-1.1258	_14846_	7
958	-1.1258	_14845_	10
958	-1.1258	_14844_	2
958	-1.1258	_14842_	1
958	-1.1258	_14840_	1
958	-1.1258	_14839_	1
958	-1.1258	_14789_	4
958	-1.1258	_14786_	1
958	-1.1258	_14780_	7
958	-1.1258	_14492_	10
958	-1.1258	_14491_	10
958	-1.1258	_14490_	4
958	-1.1258	_14404_	10
958	-1.1258	_13821_	3
958	-1.1258	_13403_	3
958	-1.1258	_13370_	4
958	-1.1258	_13369_	10
959	-1.1250	_00894_	1
959	-1.1250	_08752_	5
959	-1.1250	_08751_	1
959	-1.1250	_08520_	10
959	-1.1250	_08363_	9
959	-1.1250	_08362_	1
959	-1.1250	_08354_	1
959	-1.1250	_08258_	5
959	-1.1250	_08205_	2
959	-1.1250	_08166_	3
959	-1.1250	_08007_	10
959	-1.1250	_07670_	6
959	-1.1250	_07573_	9
959	-1.1250	_07571_	1
959	-1.1250	_04744_	3
959	-1.1250	_04741_	2
959	-1.1250	_04740_	2
959	-1.1250	_04738_	1
959	-1.1250	_04602_	2
959	-1.1250	_04593_	3
959	-1.1250	_04416_	3
959	-1.1250	_04408_	3
959	-1.1250	_04407_	6
959	-1.1250	_04401_	4
959	-1.1250	_04397_	4
959	-1.1250	_04395_	2
959	-1.1250	_04390_	2
959	-1.1250	_00165_	2
959	-1.1250	u_e203_cpu.u_e203_core.u_e203_exu.u_e203_exu_alu.u_e203_exu_alu_dpath.adder_in1[0]	1
959	-1.1250	_14911_	10
959	-1.1250	_14846_	7
959	-1.1250	_14845_	10
959	-1.1250	_14844_	2
959	-1.1250	_14842_	1
959	-1.1250	_14840_	1
959	-1.1250	_14839_	1
959	-1.1250	_14789_	4
959	-1.1250	_14786_	1
959	-1.1250	_14780_	7
959	-1.1250	_14492_	10
959	-1.1250	_14491_	10
959	-1.1250	_14490_	4
959	-1.1250	_14404_	10
959	-1.1250	_13821_	3
959	-1.1250	_13403_	3
959	-1.1250	_13370_	4
959	-1.1250	_13369_	10
960	-1.1250	_00893_	1
960	-1.1250	_08752_	5
960	-1.1250	_08751_	1
960	-1.1250	_08520_	10
960	-1.1250	_08363_	9
960	-1.1250	_08362_	1
960	-1.1250	_08354_	1
960	-1.1250	_08258_	5
960	-1.1250	_08205_	2
960	-1.1250	_08166_	3
960	-1.1250	_08007_	10
960	-1.1250	_07670_	6
960	-1.1250	_07573_	9
960	-1.1250	_07571_	1
960	-1.1250	_04744_	3
960	-1.1250	_04741_	2
960	-1.1250	_04740_	2
960	-1.1250	_04738_	1
960	-1.1250	_04602_	2
960	-1.1250	_04593_	3
960	-1.1250	_04416_	3
960	-1.1250	_04408_	3
960	-1.1250	_04407_	6
960	-1.1250	_04401_	4
960	-1.1250	_04397_	4
960	-1.1250	_04395_	2
960	-1.1250	_04390_	2
960	-1.1250	_00165_	2
960	-1.1250	u_e203_cpu.u_e203_core.u_e203_exu.u_e203_exu_alu.u_e203_exu_alu_dpath.adder_in1[0]	1
960	-1.1250	_14911_	10
960	-1.1250	_14846_	7
960	-1.1250	_14845_	10
960	-1.1250	_14844_	2
960	-1.1250	_14842_	1
960	-1.1250	_14840_	1
960	-1.1250	_14839_	1
960	-1.1250	_14789_	4
960	-1.1250	_14786_	1
960	-1.1250	_14780_	7
960	-1.1250	_14492_	10
960	-1.1250	_14491_	10
960	-1.1250	_14490_	4
960	-1.1250	_14404_	10
960	-1.1250	_13821_	3
960	-1.1250	_13403_	3
960	-1.1250	_13370_	4
960	-1.1250	_13369_	10
961	-1.1250	_00892_	1
961	-1.1250	_08752_	5
961	-1.1250	_08751_	1
961	-1.1250	_08520_	10
961	-1.1250	_08363_	9
961	-1.1250	_08362_	1
961	-1.1250	_08354_	1
961	-1.1250	_08258_	5
961	-1.1250	_08205_	2
961	-1.1250	_08166_	3
961	-1.1250	_08007_	10
961	-1.1250	_07670_	6
961	-1.1250	_07573_	9
961	-1.1250	_07571_	1
961	-1.1250	_04744_	3
961	-1.1250	_04741_	2
961	-1.1250	_04740_	2
961	-1.1250	_04738_	1
961	-1.1250	_04602_	2
961	-1.1250	_04593_	3
961	-1.1250	_04416_	3
961	-1.1250	_04408_	3
961	-1.1250	_04407_	6
961	-1.1250	_04401_	4
961	-1.1250	_04397_	4
961	-1.1250	_04395_	2
961	-1.1250	_04390_	2
961	-1.1250	_00165_	2
961	-1.1250	u_e203_cpu.u_e203_core.u_e203_exu.u_e203_exu_alu.u_e203_exu_alu_dpath.adder_in1[0]	1
961	-1.1250	_14911_	10
961	-1.1250	_14846_	7
961	-1.1250	_14845_	10
961	-1.1250	_14844_	2
961	-1.1250	_14842_	1
961	-1.1250	_14840_	1
961	-1.1250	_14839_	1
961	-1.1250	_14789_	4
961	-1.1250	_14786_	1
961	-1.1250	_14780_	7
961	-1.1250	_14492_	10
961	-1.1250	_14491_	10
961	-1.1250	_14490_	4
961	-1.1250	_14404_	10
961	-1.1250	_13821_	3
961	-1.1250	_13403_	3
961	-1.1250	_13370_	4
961	-1.1250	_13369_	10
962	-1.1250	_00891_	1
962	-1.1250	_08752_	5
962	-1.1250	_08751_	1
962	-1.1250	_08520_	10
962	-1.1250	_08363_	9
962	-1.1250	_08362_	1
962	-1.1250	_08354_	1
962	-1.1250	_08258_	5
962	-1.1250	_08205_	2
962	-1.1250	_08166_	3
962	-1.1250	_08007_	10
962	-1.1250	_07670_	6
962	-1.1250	_07573_	9
962	-1.1250	_07571_	1
962	-1.1250	_04744_	3
962	-1.1250	_04741_	2
962	-1.1250	_04740_	2
962	-1.1250	_04738_	1
962	-1.1250	_04602_	2
962	-1.1250	_04593_	3
962	-1.1250	_04416_	3
962	-1.1250	_04408_	3
962	-1.1250	_04407_	6
962	-1.1250	_04401_	4
962	-1.1250	_04397_	4
962	-1.1250	_04395_	2
962	-1.1250	_04390_	2
962	-1.1250	_00165_	2
962	-1.1250	u_e203_cpu.u_e203_core.u_e203_exu.u_e203_exu_alu.u_e203_exu_alu_dpath.adder_in1[0]	1
962	-1.1250	_14911_	10
962	-1.1250	_14846_	7
962	-1.1250	_14845_	10
962	-1.1250	_14844_	2
962	-1.1250	_14842_	1
962	-1.1250	_14840_	1
962	-1.1250	_14839_	1
962	-1.1250	_14789_	4
962	-1.1250	_14786_	1
962	-1.1250	_14780_	7
962	-1.1250	_14492_	10
962	-1.1250	_14491_	10
962	-1.1250	_14490_	4
962	-1.1250	_14404_	10
962	-1.1250	_13821_	3
962	-1.1250	_13403_	3
962	-1.1250	_13370_	4
962	-1.1250	_13369_	10
963	-1.1250	_02659_	1
963	-1.1250	_08752_	5
963	-1.1250	_08751_	1
963	-1.1250	_08520_	10
963	-1.1250	_08363_	9
963	-1.1250	_08362_	1
963	-1.1250	_08354_	1
963	-1.1250	_08258_	5
963	-1.1250	_08205_	2
963	-1.1250	_08166_	3
963	-1.1250	_08007_	10
963	-1.1250	_07670_	6
963	-1.1250	_07573_	9
963	-1.1250	_07571_	1
963	-1.1250	_04744_	3
963	-1.1250	_04741_	2
963	-1.1250	_04740_	2
963	-1.1250	_04738_	1
963	-1.1250	_04602_	2
963	-1.1250	_04593_	3
963	-1.1250	_04416_	3
963	-1.1250	_04408_	3
963	-1.1250	_04407_	6
963	-1.1250	_04401_	4
963	-1.1250	_04397_	4
963	-1.1250	_04395_	2
963	-1.1250	_04390_	2
963	-1.1250	_00165_	2
963	-1.1250	u_e203_cpu.u_e203_core.u_e203_exu.u_e203_exu_alu.u_e203_exu_alu_dpath.adder_in1[0]	1
963	-1.1250	_14911_	10
963	-1.1250	_14846_	7
963	-1.1250	_14845_	10
963	-1.1250	_14844_	2
963	-1.1250	_14842_	1
963	-1.1250	_14840_	1
963	-1.1250	_14839_	1
963	-1.1250	_14789_	4
963	-1.1250	_14786_	1
963	-1.1250	_14780_	7
963	-1.1250	_14492_	10
963	-1.1250	_14491_	10
963	-1.1250	_14490_	4
963	-1.1250	_14404_	10
963	-1.1250	_13821_	3
963	-1.1250	_13403_	3
963	-1.1250	_13370_	4
963	-1.1250	_13369_	10
964	-1.1182	_02635_	1
964	-1.1182	_12489_	2
964	-1.1182	_08630_	9
964	-1.1182	_08629_	1
964	-1.1182	_08363_	9
964	-1.1182	_08362_	1
964	-1.1182	_08354_	1
964	-1.1182	_08258_	5
964	-1.1182	_08205_	2
964	-1.1182	_08166_	3
964	-1.1182	_08007_	10
964	-1.1182	_07670_	6
964	-1.1182	_07573_	9
964	-1.1182	_07571_	1
964	-1.1182	_04744_	3
964	-1.1182	_04741_	2
964	-1.1182	_04740_	2
964	-1.1182	_04738_	1
964	-1.1182	_04602_	2
964	-1.1182	_04593_	3
964	-1.1182	_04416_	3
964	-1.1182	_04408_	3
964	-1.1182	_04407_	6
964	-1.1182	_04401_	4
964	-1.1182	_04397_	4
964	-1.1182	_04395_	2
964	-1.1182	_04390_	2
964	-1.1182	_00165_	2
964	-1.1182	u_e203_cpu.u_e203_core.u_e203_exu.u_e203_exu_alu.u_e203_exu_alu_dpath.adder_in1[0]	1
964	-1.1182	_14911_	10
964	-1.1182	_14846_	7
964	-1.1182	_14845_	10
964	-1.1182	_14844_	2
964	-1.1182	_14842_	1
964	-1.1182	_14840_	1
964	-1.1182	_14839_	1
964	-1.1182	_14789_	4
964	-1.1182	_14786_	1
964	-1.1182	_14780_	7
964	-1.1182	_14492_	10
964	-1.1182	_14491_	10
964	-1.1182	_14490_	4
964	-1.1182	_14404_	10
964	-1.1182	_13821_	3
964	-1.1182	_13403_	3
964	-1.1182	_13370_	4
964	-1.1182	_13369_	10
965	-1.1171	_02763_	1
965	-1.1171	_11236_	10
965	-1.1171	_11235_	7
965	-1.1171	_11234_	1
965	-1.1171	_08363_	9
965	-1.1171	_08362_	1
965	-1.1171	_08354_	1
965	-1.1171	_08258_	5
965	-1.1171	_08205_	2
965	-1.1171	_08166_	3
965	-1.1171	_08007_	10
965	-1.1171	_07670_	6
965	-1.1171	_07573_	9
965	-1.1171	_07571_	1
965	-1.1171	_04744_	3
965	-1.1171	_04741_	2
965	-1.1171	_04740_	2
965	-1.1171	_04738_	1
965	-1.1171	_04602_	2
965	-1.1171	_04593_	3
965	-1.1171	_04416_	3
965	-1.1171	_04408_	3
965	-1.1171	_04407_	6
965	-1.1171	_04401_	4
965	-1.1171	_04397_	4
965	-1.1171	_04395_	2
965	-1.1171	_04390_	2
965	-1.1171	_00165_	2
965	-1.1171	u_e203_cpu.u_e203_core.u_e203_exu.u_e203_exu_alu.u_e203_exu_alu_dpath.adder_in1[0]	1
965	-1.1171	_14911_	10
965	-1.1171	_14846_	7
965	-1.1171	_14845_	10
965	-1.1171	_14844_	2
965	-1.1171	_14842_	1
965	-1.1171	_14840_	1
965	-1.1171	_14839_	1
965	-1.1171	_14789_	4
965	-1.1171	_14786_	1
965	-1.1171	_14780_	7
965	-1.1171	_14492_	10
965	-1.1171	_14491_	10
965	-1.1171	_14490_	4
965	-1.1171	_14404_	10
965	-1.1171	_13821_	3
965	-1.1171	_13403_	3
965	-1.1171	_13370_	4
965	-1.1171	_13369_	10
966	-1.1169	_02638_	1
966	-1.1169	_12495_	1
966	-1.1169	_08664_	10
966	-1.1169	_08663_	7
966	-1.1169	_08363_	9
966	-1.1169	_08362_	1
966	-1.1169	_08354_	1
966	-1.1169	_08258_	5
966	-1.1169	_08205_	2
966	-1.1169	_08166_	3
966	-1.1169	_08007_	10
966	-1.1169	_07670_	6
966	-1.1169	_07573_	9
966	-1.1169	_07571_	1
966	-1.1169	_04744_	3
966	-1.1169	_04741_	2
966	-1.1169	_04740_	2
966	-1.1169	_04738_	1
966	-1.1169	_04602_	2
966	-1.1169	_04593_	3
966	-1.1169	_04416_	3
966	-1.1169	_04408_	3
966	-1.1169	_04407_	6
966	-1.1169	_04401_	4
966	-1.1169	_04397_	4
966	-1.1169	_04395_	2
966	-1.1169	_04390_	2
966	-1.1169	_00165_	2
966	-1.1169	u_e203_cpu.u_e203_core.u_e203_exu.u_e203_exu_alu.u_e203_exu_alu_dpath.adder_in1[0]	1
966	-1.1169	_14911_	10
966	-1.1169	_14846_	7
966	-1.1169	_14845_	10
966	-1.1169	_14844_	2
966	-1.1169	_14842_	1
966	-1.1169	_14840_	1
966	-1.1169	_14839_	1
966	-1.1169	_14789_	4
966	-1.1169	_14786_	1
966	-1.1169	_14780_	7
966	-1.1169	_14492_	10
966	-1.1169	_14491_	10
966	-1.1169	_14490_	4
966	-1.1169	_14404_	10
966	-1.1169	_13821_	3
966	-1.1169	_13403_	3
966	-1.1169	_13370_	4
966	-1.1169	_13369_	10
967	-1.1163	_02650_	1
967	-1.1163	_08664_	10
967	-1.1163	_08663_	7
967	-1.1163	_08363_	9
967	-1.1163	_08362_	1
967	-1.1163	_08354_	1
967	-1.1163	_08258_	5
967	-1.1163	_08205_	2
967	-1.1163	_08166_	3
967	-1.1163	_08007_	10
967	-1.1163	_07670_	6
967	-1.1163	_07573_	9
967	-1.1163	_07571_	1
967	-1.1163	_04744_	3
967	-1.1163	_04741_	2
967	-1.1163	_04740_	2
967	-1.1163	_04738_	1
967	-1.1163	_04602_	2
967	-1.1163	_04593_	3
967	-1.1163	_04416_	3
967	-1.1163	_04408_	3
967	-1.1163	_04407_	6
967	-1.1163	_04401_	4
967	-1.1163	_04397_	4
967	-1.1163	_04395_	2
967	-1.1163	_04390_	2
967	-1.1163	_00165_	2
967	-1.1163	u_e203_cpu.u_e203_core.u_e203_exu.u_e203_exu_alu.u_e203_exu_alu_dpath.adder_in1[0]	1
967	-1.1163	_14911_	10
967	-1.1163	_14846_	7
967	-1.1163	_14845_	10
967	-1.1163	_14844_	2
967	-1.1163	_14842_	1
967	-1.1163	_14840_	1
967	-1.1163	_14839_	1
967	-1.1163	_14789_	4
967	-1.1163	_14786_	1
967	-1.1163	_14780_	7
967	-1.1163	_14492_	10
967	-1.1163	_14491_	10
967	-1.1163	_14490_	4
967	-1.1163	_14404_	10
967	-1.1163	_13821_	3
967	-1.1163	_13403_	3
967	-1.1163	_13370_	4
967	-1.1163	_13369_	10
968	-1.1134	_02643_	1
968	-1.1134	_11236_	10
968	-1.1134	_11235_	7
968	-1.1134	_11234_	1
968	-1.1134	_08569_	5
968	-1.1134	_08259_	4
968	-1.1134	_08257_	2
968	-1.1134	_08034_	3
968	-1.1134	_08023_	5
968	-1.1134	_08022_	1
968	-1.1134	_08021_	10
968	-1.1134	_07895_	10
968	-1.1134	_07787_	8
968	-1.1134	_07786_	1
968	-1.1134	_07785_	1
968	-1.1134	_04744_	3
968	-1.1134	_04741_	2
968	-1.1134	_04740_	2
968	-1.1134	_04738_	1
968	-1.1134	_04602_	2
968	-1.1134	_04593_	3
968	-1.1134	_04416_	3
968	-1.1134	_04408_	3
968	-1.1134	_04407_	6
968	-1.1134	_04401_	4
968	-1.1134	_04397_	4
968	-1.1134	_04395_	2
968	-1.1134	_04390_	2
968	-1.1134	_00165_	2
968	-1.1134	u_e203_cpu.u_e203_core.u_e203_exu.u_e203_exu_alu.u_e203_exu_alu_dpath.adder_in1[0]	1
968	-1.1134	_14911_	10
968	-1.1134	_14846_	7
968	-1.1134	_14845_	10
968	-1.1134	_14844_	2
968	-1.1134	_14842_	1
968	-1.1134	_14840_	1
968	-1.1134	_14839_	1
968	-1.1134	_14789_	4
968	-1.1134	_14786_	1
968	-1.1134	_14780_	7
968	-1.1134	_14492_	10
968	-1.1134	_14491_	10
968	-1.1134	_14490_	4
968	-1.1134	_14404_	10
968	-1.1134	_13821_	3
968	-1.1134	_13403_	3
968	-1.1134	_13370_	4
968	-1.1134	_13369_	10
969	-1.1133	_00857_	1
969	-1.1133	_08664_	10
969	-1.1133	_08663_	7
969	-1.1133	_08363_	9
969	-1.1133	_08362_	1
969	-1.1133	_08354_	1
969	-1.1133	_08258_	5
969	-1.1133	_08205_	2
969	-1.1133	_08166_	3
969	-1.1133	_08007_	10
969	-1.1133	_07670_	6
969	-1.1133	_07573_	9
969	-1.1133	_07571_	1
969	-1.1133	_04744_	3
969	-1.1133	_04741_	2
969	-1.1133	_04740_	2
969	-1.1133	_04738_	1
969	-1.1133	_04602_	2
969	-1.1133	_04593_	3
969	-1.1133	_04416_	3
969	-1.1133	_04408_	3
969	-1.1133	_04407_	6
969	-1.1133	_04401_	4
969	-1.1133	_04397_	4
969	-1.1133	_04395_	2
969	-1.1133	_04390_	2
969	-1.1133	_00165_	2
969	-1.1133	u_e203_cpu.u_e203_core.u_e203_exu.u_e203_exu_alu.u_e203_exu_alu_dpath.adder_in1[0]	1
969	-1.1133	_14911_	10
969	-1.1133	_14846_	7
969	-1.1133	_14845_	10
969	-1.1133	_14844_	2
969	-1.1133	_14842_	1
969	-1.1133	_14840_	1
969	-1.1133	_14839_	1
969	-1.1133	_14789_	4
969	-1.1133	_14786_	1
969	-1.1133	_14780_	7
969	-1.1133	_14492_	10
969	-1.1133	_14491_	10
969	-1.1133	_14490_	4
969	-1.1133	_14404_	10
969	-1.1133	_13821_	3
969	-1.1133	_13403_	3
969	-1.1133	_13370_	4
969	-1.1133	_13369_	10
970	-1.1106	_02792_	1
970	-1.1106	u_e203_cpu.u_e203_clk_ctrl.itcm_active_dffr.dnxt[0]	2
970	-1.1106	_12458_	4
970	-1.1106	_08520_	10
970	-1.1106	_08363_	9
970	-1.1106	_08362_	1
970	-1.1106	_08354_	1
970	-1.1106	_08269_	4
970	-1.1106	_08268_	1
970	-1.1106	_08036_	3
970	-1.1106	_07574_	8
970	-1.1106	_07573_	9
970	-1.1106	_07571_	1
970	-1.1106	_04744_	3
970	-1.1106	_04741_	2
970	-1.1106	_04740_	2
970	-1.1106	_04738_	1
970	-1.1106	_04602_	2
970	-1.1106	_04593_	3
970	-1.1106	_04416_	3
970	-1.1106	_04408_	3
970	-1.1106	_04407_	6
970	-1.1106	_04401_	4
970	-1.1106	_04397_	4
970	-1.1106	_04395_	2
970	-1.1106	_04390_	2
970	-1.1106	_00165_	2
970	-1.1106	u_e203_cpu.u_e203_core.u_e203_exu.u_e203_exu_alu.u_e203_exu_alu_dpath.adder_in1[0]	1
970	-1.1106	_14911_	10
970	-1.1106	_14846_	7
970	-1.1106	_14845_	10
970	-1.1106	_14844_	2
970	-1.1106	_14842_	1
970	-1.1106	_14840_	1
970	-1.1106	_14839_	1
970	-1.1106	_14789_	4
970	-1.1106	_14786_	1
970	-1.1106	_14780_	7
970	-1.1106	_14492_	10
970	-1.1106	_14491_	10
970	-1.1106	_14490_	4
970	-1.1106	_14404_	10
970	-1.1106	_13821_	3
970	-1.1106	_13403_	3
970	-1.1106	_13370_	4
970	-1.1106	_13369_	10
971	-1.1077	_02668_	1
971	-1.1077	_11241_	10
971	-1.1077	_11229_	10
971	-1.1077	_11228_	1
971	-1.1077	_11227_	3
971	-1.1077	_11224_	6
971	-1.1077	_11223_	1
971	-1.1077	_11221_	1
971	-1.1077	_07668_	3
971	-1.1077	_07657_	4
971	-1.1077	_07656_	2
971	-1.1077	_07655_	10
971	-1.1077	_07573_	9
971	-1.1077	_07571_	1
971	-1.1077	_04744_	3
971	-1.1077	_04741_	2
971	-1.1077	_04740_	2
971	-1.1077	_04738_	1
971	-1.1077	_04602_	2
971	-1.1077	_04593_	3
971	-1.1077	_04416_	3
971	-1.1077	_04408_	3
971	-1.1077	_04407_	6
971	-1.1077	_04401_	4
971	-1.1077	_04397_	4
971	-1.1077	_04395_	2
971	-1.1077	_04390_	2
971	-1.1077	_00165_	2
971	-1.1077	u_e203_cpu.u_e203_core.u_e203_exu.u_e203_exu_alu.u_e203_exu_alu_dpath.adder_in1[0]	1
971	-1.1077	_14911_	10
971	-1.1077	_14846_	7
971	-1.1077	_14845_	10
971	-1.1077	_14844_	2
971	-1.1077	_14842_	1
971	-1.1077	_14840_	1
971	-1.1077	_14839_	1
971	-1.1077	_14789_	4
971	-1.1077	_14786_	1
971	-1.1077	_14780_	7
971	-1.1077	_14492_	10
971	-1.1077	_14491_	10
971	-1.1077	_14490_	4
971	-1.1077	_14404_	10
971	-1.1077	_13821_	3
971	-1.1077	_13403_	3
971	-1.1077	_13370_	4
971	-1.1077	_13369_	10
972	-1.1070	_02445_	1
972	-1.1070	_12150_	1
972	-1.1070	_12104_	10
972	-1.1070	_08509_	10
972	-1.1070	_08508_	10
972	-1.1070	_08507_	2
972	-1.1070	_08505_	1
972	-1.1070	_06839_	3
972	-1.1070	_06787_	1
972	-1.1070	_06760_	1
972	-1.1070	_06759_	3
972	-1.1070	_06145_	10
972	-1.1070	_06144_	5
972	-1.1070	_06006_	2
972	-1.1070	_06005_	10
972	-1.1070	_05599_	2
972	-1.1070	_05598_	2
972	-1.1070	_05595_	5
972	-1.1070	_05547_	2
972	-1.1070	_05016_	2
972	-1.1070	_05015_	1
972	-1.1070	_05014_	10
972	-1.1070	_04809_	2
972	-1.1070	_04808_	2
972	-1.1070	_04545_	2
972	-1.1070	_04437_	4
972	-1.1070	_04436_	3
972	-1.1070	_04433_	2
972	-1.1070	_04432_	3
972	-1.1070	_00166_	3
972	-1.1070	_00165_	2
972	-1.1070	u_e203_cpu.u_e203_core.u_e203_exu.u_e203_exu_alu.u_e203_exu_alu_dpath.adder_in1[0]	1
972	-1.1070	_14911_	10
972	-1.1070	_14846_	7
972	-1.1070	_14845_	10
972	-1.1070	_14844_	2
972	-1.1070	_14842_	1
972	-1.1070	_14840_	1
972	-1.1070	_14839_	1
972	-1.1070	_14789_	4
972	-1.1070	_14786_	1
972	-1.1070	_14780_	7
972	-1.1070	_14492_	10
972	-1.1070	_14491_	10
972	-1.1070	_14490_	4
972	-1.1070	_14404_	10
972	-1.1070	_13821_	3
972	-1.1070	_13403_	3
972	-1.1070	_13370_	4
972	-1.1070	_13369_	10
973	-1.1070	_02459_	1
973	-1.1070	_12247_	1
973	-1.1070	_12246_	10
973	-1.1070	_08509_	10
973	-1.1070	_08508_	10
973	-1.1070	_08507_	2
973	-1.1070	_08505_	1
973	-1.1070	_06839_	3
973	-1.1070	_06787_	1
973	-1.1070	_06760_	1
973	-1.1070	_06759_	3
973	-1.1070	_06145_	10
973	-1.1070	_06144_	5
973	-1.1070	_06006_	2
973	-1.1070	_06005_	10
973	-1.1070	_05599_	2
973	-1.1070	_05598_	2
973	-1.1070	_05595_	5
973	-1.1070	_05547_	2
973	-1.1070	_05016_	2
973	-1.1070	_05015_	1
973	-1.1070	_05014_	10
973	-1.1070	_04809_	2
973	-1.1070	_04808_	2
973	-1.1070	_04545_	2
973	-1.1070	_04437_	4
973	-1.1070	_04436_	3
973	-1.1070	_04433_	2
973	-1.1070	_04432_	3
973	-1.1070	_00166_	3
973	-1.1070	_00165_	2
973	-1.1070	u_e203_cpu.u_e203_core.u_e203_exu.u_e203_exu_alu.u_e203_exu_alu_dpath.adder_in1[0]	1
973	-1.1070	_14911_	10
973	-1.1070	_14846_	7
973	-1.1070	_14845_	10
973	-1.1070	_14844_	2
973	-1.1070	_14842_	1
973	-1.1070	_14840_	1
973	-1.1070	_14839_	1
973	-1.1070	_14789_	4
973	-1.1070	_14786_	1
973	-1.1070	_14780_	7
973	-1.1070	_14492_	10
973	-1.1070	_14491_	10
973	-1.1070	_14490_	4
973	-1.1070	_14404_	10
973	-1.1070	_13821_	3
973	-1.1070	_13403_	3
973	-1.1070	_13370_	4
973	-1.1070	_13369_	10
974	-1.1070	_02458_	1
974	-1.1070	_12241_	1
974	-1.1070	_12182_	10
974	-1.1070	_08509_	10
974	-1.1070	_08508_	10
974	-1.1070	_08507_	2
974	-1.1070	_08505_	1
974	-1.1070	_06839_	3
974	-1.1070	_06787_	1
974	-1.1070	_06760_	1
974	-1.1070	_06759_	3
974	-1.1070	_06145_	10
974	-1.1070	_06144_	5
974	-1.1070	_06006_	2
974	-1.1070	_06005_	10
974	-1.1070	_05599_	2
974	-1.1070	_05598_	2
974	-1.1070	_05595_	5
974	-1.1070	_05547_	2
974	-1.1070	_05016_	2
974	-1.1070	_05015_	1
974	-1.1070	_05014_	10
974	-1.1070	_04809_	2
974	-1.1070	_04808_	2
974	-1.1070	_04545_	2
974	-1.1070	_04437_	4
974	-1.1070	_04436_	3
974	-1.1070	_04433_	2
974	-1.1070	_04432_	3
974	-1.1070	_00166_	3
974	-1.1070	_00165_	2
974	-1.1070	u_e203_cpu.u_e203_core.u_e203_exu.u_e203_exu_alu.u_e203_exu_alu_dpath.adder_in1[0]	1
974	-1.1070	_14911_	10
974	-1.1070	_14846_	7
974	-1.1070	_14845_	10
974	-1.1070	_14844_	2
974	-1.1070	_14842_	1
974	-1.1070	_14840_	1
974	-1.1070	_14839_	1
974	-1.1070	_14789_	4
974	-1.1070	_14786_	1
974	-1.1070	_14780_	7
974	-1.1070	_14492_	10
974	-1.1070	_14491_	10
974	-1.1070	_14490_	4
974	-1.1070	_14404_	10
974	-1.1070	_13821_	3
974	-1.1070	_13403_	3
974	-1.1070	_13370_	4
974	-1.1070	_13369_	10
975	-1.1070	_02457_	1
975	-1.1070	_12236_	1
975	-1.1070	_12182_	10
975	-1.1070	_08509_	10
975	-1.1070	_08508_	10
975	-1.1070	_08507_	2
975	-1.1070	_08505_	1
975	-1.1070	_06839_	3
975	-1.1070	_06787_	1
975	-1.1070	_06760_	1
975	-1.1070	_06759_	3
975	-1.1070	_06145_	10
975	-1.1070	_06144_	5
975	-1.1070	_06006_	2
975	-1.1070	_06005_	10
975	-1.1070	_05599_	2
975	-1.1070	_05598_	2
975	-1.1070	_05595_	5
975	-1.1070	_05547_	2
975	-1.1070	_05016_	2
975	-1.1070	_05015_	1
975	-1.1070	_05014_	10
975	-1.1070	_04809_	2
975	-1.1070	_04808_	2
975	-1.1070	_04545_	2
975	-1.1070	_04437_	4
975	-1.1070	_04436_	3
975	-1.1070	_04433_	2
975	-1.1070	_04432_	3
975	-1.1070	_00166_	3
975	-1.1070	_00165_	2
975	-1.1070	u_e203_cpu.u_e203_core.u_e203_exu.u_e203_exu_alu.u_e203_exu_alu_dpath.adder_in1[0]	1
975	-1.1070	_14911_	10
975	-1.1070	_14846_	7
975	-1.1070	_14845_	10
975	-1.1070	_14844_	2
975	-1.1070	_14842_	1
975	-1.1070	_14840_	1
975	-1.1070	_14839_	1
975	-1.1070	_14789_	4
975	-1.1070	_14786_	1
975	-1.1070	_14780_	7
975	-1.1070	_14492_	10
975	-1.1070	_14491_	10
975	-1.1070	_14490_	4
975	-1.1070	_14404_	10
975	-1.1070	_13821_	3
975	-1.1070	_13403_	3
975	-1.1070	_13370_	4
975	-1.1070	_13369_	10
976	-1.1070	_02456_	1
976	-1.1070	_12231_	1
976	-1.1070	_12182_	10
976	-1.1070	_08509_	10
976	-1.1070	_08508_	10
976	-1.1070	_08507_	2
976	-1.1070	_08505_	1
976	-1.1070	_06839_	3
976	-1.1070	_06787_	1
976	-1.1070	_06760_	1
976	-1.1070	_06759_	3
976	-1.1070	_06145_	10
976	-1.1070	_06144_	5
976	-1.1070	_06006_	2
976	-1.1070	_06005_	10
976	-1.1070	_05599_	2
976	-1.1070	_05598_	2
976	-1.1070	_05595_	5
976	-1.1070	_05547_	2
976	-1.1070	_05016_	2
976	-1.1070	_05015_	1
976	-1.1070	_05014_	10
976	-1.1070	_04809_	2
976	-1.1070	_04808_	2
976	-1.1070	_04545_	2
976	-1.1070	_04437_	4
976	-1.1070	_04436_	3
976	-1.1070	_04433_	2
976	-1.1070	_04432_	3
976	-1.1070	_00166_	3
976	-1.1070	_00165_	2
976	-1.1070	u_e203_cpu.u_e203_core.u_e203_exu.u_e203_exu_alu.u_e203_exu_alu_dpath.adder_in1[0]	1
976	-1.1070	_14911_	10
976	-1.1070	_14846_	7
976	-1.1070	_14845_	10
976	-1.1070	_14844_	2
976	-1.1070	_14842_	1
976	-1.1070	_14840_	1
976	-1.1070	_14839_	1
976	-1.1070	_14789_	4
976	-1.1070	_14786_	1
976	-1.1070	_14780_	7
976	-1.1070	_14492_	10
976	-1.1070	_14491_	10
976	-1.1070	_14490_	4
976	-1.1070	_14404_	10
976	-1.1070	_13821_	3
976	-1.1070	_13403_	3
976	-1.1070	_13370_	4
976	-1.1070	_13369_	10
977	-1.1070	_02444_	1
977	-1.1070	_12144_	1
977	-1.1070	_12104_	10
977	-1.1070	_08509_	10
977	-1.1070	_08508_	10
977	-1.1070	_08507_	2
977	-1.1070	_08505_	1
977	-1.1070	_06839_	3
977	-1.1070	_06787_	1
977	-1.1070	_06760_	1
977	-1.1070	_06759_	3
977	-1.1070	_06145_	10
977	-1.1070	_06144_	5
977	-1.1070	_06006_	2
977	-1.1070	_06005_	10
977	-1.1070	_05599_	2
977	-1.1070	_05598_	2
977	-1.1070	_05595_	5
977	-1.1070	_05547_	2
977	-1.1070	_05016_	2
977	-1.1070	_05015_	1
977	-1.1070	_05014_	10
977	-1.1070	_04809_	2
977	-1.1070	_04808_	2
977	-1.1070	_04545_	2
977	-1.1070	_04437_	4
977	-1.1070	_04436_	3
977	-1.1070	_04433_	2
977	-1.1070	_04432_	3
977	-1.1070	_00166_	3
977	-1.1070	_00165_	2
977	-1.1070	u_e203_cpu.u_e203_core.u_e203_exu.u_e203_exu_alu.u_e203_exu_alu_dpath.adder_in1[0]	1
977	-1.1070	_14911_	10
977	-1.1070	_14846_	7
977	-1.1070	_14845_	10
977	-1.1070	_14844_	2
977	-1.1070	_14842_	1
977	-1.1070	_14840_	1
977	-1.1070	_14839_	1
977	-1.1070	_14789_	4
977	-1.1070	_14786_	1
977	-1.1070	_14780_	7
977	-1.1070	_14492_	10
977	-1.1070	_14491_	10
977	-1.1070	_14490_	4
977	-1.1070	_14404_	10
977	-1.1070	_13821_	3
977	-1.1070	_13403_	3
977	-1.1070	_13370_	4
977	-1.1070	_13369_	10
978	-1.1070	_02455_	1
978	-1.1070	_12226_	1
978	-1.1070	_12182_	10
978	-1.1070	_08509_	10
978	-1.1070	_08508_	10
978	-1.1070	_08507_	2
978	-1.1070	_08505_	1
978	-1.1070	_06839_	3
978	-1.1070	_06787_	1
978	-1.1070	_06760_	1
978	-1.1070	_06759_	3
978	-1.1070	_06145_	10
978	-1.1070	_06144_	5
978	-1.1070	_06006_	2
978	-1.1070	_06005_	10
978	-1.1070	_05599_	2
978	-1.1070	_05598_	2
978	-1.1070	_05595_	5
978	-1.1070	_05547_	2
978	-1.1070	_05016_	2
978	-1.1070	_05015_	1
978	-1.1070	_05014_	10
978	-1.1070	_04809_	2
978	-1.1070	_04808_	2
978	-1.1070	_04545_	2
978	-1.1070	_04437_	4
978	-1.1070	_04436_	3
978	-1.1070	_04433_	2
978	-1.1070	_04432_	3
978	-1.1070	_00166_	3
978	-1.1070	_00165_	2
978	-1.1070	u_e203_cpu.u_e203_core.u_e203_exu.u_e203_exu_alu.u_e203_exu_alu_dpath.adder_in1[0]	1
978	-1.1070	_14911_	10
978	-1.1070	_14846_	7
978	-1.1070	_14845_	10
978	-1.1070	_14844_	2
978	-1.1070	_14842_	1
978	-1.1070	_14840_	1
978	-1.1070	_14839_	1
978	-1.1070	_14789_	4
978	-1.1070	_14786_	1
978	-1.1070	_14780_	7
978	-1.1070	_14492_	10
978	-1.1070	_14491_	10
978	-1.1070	_14490_	4
978	-1.1070	_14404_	10
978	-1.1070	_13821_	3
978	-1.1070	_13403_	3
978	-1.1070	_13370_	4
978	-1.1070	_13369_	10
979	-1.1070	_02454_	1
979	-1.1070	_12221_	1
979	-1.1070	_12182_	10
979	-1.1070	_08509_	10
979	-1.1070	_08508_	10
979	-1.1070	_08507_	2
979	-1.1070	_08505_	1
979	-1.1070	_06839_	3
979	-1.1070	_06787_	1
979	-1.1070	_06760_	1
979	-1.1070	_06759_	3
979	-1.1070	_06145_	10
979	-1.1070	_06144_	5
979	-1.1070	_06006_	2
979	-1.1070	_06005_	10
979	-1.1070	_05599_	2
979	-1.1070	_05598_	2
979	-1.1070	_05595_	5
979	-1.1070	_05547_	2
979	-1.1070	_05016_	2
979	-1.1070	_05015_	1
979	-1.1070	_05014_	10
979	-1.1070	_04809_	2
979	-1.1070	_04808_	2
979	-1.1070	_04545_	2
979	-1.1070	_04437_	4
979	-1.1070	_04436_	3
979	-1.1070	_04433_	2
979	-1.1070	_04432_	3
979	-1.1070	_00166_	3
979	-1.1070	_00165_	2
979	-1.1070	u_e203_cpu.u_e203_core.u_e203_exu.u_e203_exu_alu.u_e203_exu_alu_dpath.adder_in1[0]	1
979	-1.1070	_14911_	10
979	-1.1070	_14846_	7
979	-1.1070	_14845_	10
979	-1.1070	_14844_	2
979	-1.1070	_14842_	1
979	-1.1070	_14840_	1
979	-1.1070	_14839_	1
979	-1.1070	_14789_	4
979	-1.1070	_14786_	1
979	-1.1070	_14780_	7
979	-1.1070	_14492_	10
979	-1.1070	_14491_	10
979	-1.1070	_14490_	4
979	-1.1070	_14404_	10
979	-1.1070	_13821_	3
979	-1.1070	_13403_	3
979	-1.1070	_13370_	4
979	-1.1070	_13369_	10
980	-1.1070	_02767_	1
980	-1.1070	_12759_	1
980	-1.1070	_12246_	10
980	-1.1070	_08509_	10
980	-1.1070	_08508_	10
980	-1.1070	_08507_	2
980	-1.1070	_08505_	1
980	-1.1070	_06839_	3
980	-1.1070	_06787_	1
980	-1.1070	_06760_	1
980	-1.1070	_06759_	3
980	-1.1070	_06145_	10
980	-1.1070	_06144_	5
980	-1.1070	_06006_	2
980	-1.1070	_06005_	10
980	-1.1070	_05599_	2
980	-1.1070	_05598_	2
980	-1.1070	_05595_	5
980	-1.1070	_05547_	2
980	-1.1070	_05016_	2
980	-1.1070	_05015_	1
980	-1.1070	_05014_	10
980	-1.1070	_04809_	2
980	-1.1070	_04808_	2
980	-1.1070	_04545_	2
980	-1.1070	_04437_	4
980	-1.1070	_04436_	3
980	-1.1070	_04433_	2
980	-1.1070	_04432_	3
980	-1.1070	_00166_	3
980	-1.1070	_00165_	2
980	-1.1070	u_e203_cpu.u_e203_core.u_e203_exu.u_e203_exu_alu.u_e203_exu_alu_dpath.adder_in1[0]	1
980	-1.1070	_14911_	10
980	-1.1070	_14846_	7
980	-1.1070	_14845_	10
980	-1.1070	_14844_	2
980	-1.1070	_14842_	1
980	-1.1070	_14840_	1
980	-1.1070	_14839_	1
980	-1.1070	_14789_	4
980	-1.1070	_14786_	1
980	-1.1070	_14780_	7
980	-1.1070	_14492_	10
980	-1.1070	_14491_	10
980	-1.1070	_14490_	4
980	-1.1070	_14404_	10
980	-1.1070	_13821_	3
980	-1.1070	_13403_	3
980	-1.1070	_13370_	4
980	-1.1070	_13369_	10
981	-1.1070	_02466_	1
981	-1.1070	_12297_	1
981	-1.1070	_12246_	10
981	-1.1070	_08509_	10
981	-1.1070	_08508_	10
981	-1.1070	_08507_	2
981	-1.1070	_08505_	1
981	-1.1070	_06839_	3
981	-1.1070	_06787_	1
981	-1.1070	_06760_	1
981	-1.1070	_06759_	3
981	-1.1070	_06145_	10
981	-1.1070	_06144_	5
981	-1.1070	_06006_	2
981	-1.1070	_06005_	10
981	-1.1070	_05599_	2
981	-1.1070	_05598_	2
981	-1.1070	_05595_	5
981	-1.1070	_05547_	2
981	-1.1070	_05016_	2
981	-1.1070	_05015_	1
981	-1.1070	_05014_	10
981	-1.1070	_04809_	2
981	-1.1070	_04808_	2
981	-1.1070	_04545_	2
981	-1.1070	_04437_	4
981	-1.1070	_04436_	3
981	-1.1070	_04433_	2
981	-1.1070	_04432_	3
981	-1.1070	_00166_	3
981	-1.1070	_00165_	2
981	-1.1070	u_e203_cpu.u_e203_core.u_e203_exu.u_e203_exu_alu.u_e203_exu_alu_dpath.adder_in1[0]	1
981	-1.1070	_14911_	10
981	-1.1070	_14846_	7
981	-1.1070	_14845_	10
981	-1.1070	_14844_	2
981	-1.1070	_14842_	1
981	-1.1070	_14840_	1
981	-1.1070	_14839_	1
981	-1.1070	_14789_	4
981	-1.1070	_14786_	1
981	-1.1070	_14780_	7
981	-1.1070	_14492_	10
981	-1.1070	_14491_	10
981	-1.1070	_14490_	4
981	-1.1070	_14404_	10
981	-1.1070	_13821_	3
981	-1.1070	_13403_	3
981	-1.1070	_13370_	4
981	-1.1070	_13369_	10
982	-1.1070	_02465_	1
982	-1.1070	_12291_	1
982	-1.1070	_12246_	10
982	-1.1070	_08509_	10
982	-1.1070	_08508_	10
982	-1.1070	_08507_	2
982	-1.1070	_08505_	1
982	-1.1070	_06839_	3
982	-1.1070	_06787_	1
982	-1.1070	_06760_	1
982	-1.1070	_06759_	3
982	-1.1070	_06145_	10
982	-1.1070	_06144_	5
982	-1.1070	_06006_	2
982	-1.1070	_06005_	10
982	-1.1070	_05599_	2
982	-1.1070	_05598_	2
982	-1.1070	_05595_	5
982	-1.1070	_05547_	2
982	-1.1070	_05016_	2
982	-1.1070	_05015_	1
982	-1.1070	_05014_	10
982	-1.1070	_04809_	2
982	-1.1070	_04808_	2
982	-1.1070	_04545_	2
982	-1.1070	_04437_	4
982	-1.1070	_04436_	3
982	-1.1070	_04433_	2
982	-1.1070	_04432_	3
982	-1.1070	_00166_	3
982	-1.1070	_00165_	2
982	-1.1070	u_e203_cpu.u_e203_core.u_e203_exu.u_e203_exu_alu.u_e203_exu_alu_dpath.adder_in1[0]	1
982	-1.1070	_14911_	10
982	-1.1070	_14846_	7
982	-1.1070	_14845_	10
982	-1.1070	_14844_	2
982	-1.1070	_14842_	1
982	-1.1070	_14840_	1
982	-1.1070	_14839_	1
982	-1.1070	_14789_	4
982	-1.1070	_14786_	1
982	-1.1070	_14780_	7
982	-1.1070	_14492_	10
982	-1.1070	_14491_	10
982	-1.1070	_14490_	4
982	-1.1070	_14404_	10
982	-1.1070	_13821_	3
982	-1.1070	_13403_	3
982	-1.1070	_13370_	4
982	-1.1070	_13369_	10
983	-1.1070	_02464_	1
983	-1.1070	_12285_	1
983	-1.1070	_12246_	10
983	-1.1070	_08509_	10
983	-1.1070	_08508_	10
983	-1.1070	_08507_	2
983	-1.1070	_08505_	1
983	-1.1070	_06839_	3
983	-1.1070	_06787_	1
983	-1.1070	_06760_	1
983	-1.1070	_06759_	3
983	-1.1070	_06145_	10
983	-1.1070	_06144_	5
983	-1.1070	_06006_	2
983	-1.1070	_06005_	10
983	-1.1070	_05599_	2
983	-1.1070	_05598_	2
983	-1.1070	_05595_	5
983	-1.1070	_05547_	2
983	-1.1070	_05016_	2
983	-1.1070	_05015_	1
983	-1.1070	_05014_	10
983	-1.1070	_04809_	2
983	-1.1070	_04808_	2
983	-1.1070	_04545_	2
983	-1.1070	_04437_	4
983	-1.1070	_04436_	3
983	-1.1070	_04433_	2
983	-1.1070	_04432_	3
983	-1.1070	_00166_	3
983	-1.1070	_00165_	2
983	-1.1070	u_e203_cpu.u_e203_core.u_e203_exu.u_e203_exu_alu.u_e203_exu_alu_dpath.adder_in1[0]	1
983	-1.1070	_14911_	10
983	-1.1070	_14846_	7
983	-1.1070	_14845_	10
983	-1.1070	_14844_	2
983	-1.1070	_14842_	1
983	-1.1070	_14840_	1
983	-1.1070	_14839_	1
983	-1.1070	_14789_	4
983	-1.1070	_14786_	1
983	-1.1070	_14780_	7
983	-1.1070	_14492_	10
983	-1.1070	_14491_	10
983	-1.1070	_14490_	4
983	-1.1070	_14404_	10
983	-1.1070	_13821_	3
983	-1.1070	_13403_	3
983	-1.1070	_13370_	4
983	-1.1070	_13369_	10
984	-1.1070	_02463_	1
984	-1.1070	_12279_	1
984	-1.1070	_12246_	10
984	-1.1070	_08509_	10
984	-1.1070	_08508_	10
984	-1.1070	_08507_	2
984	-1.1070	_08505_	1
984	-1.1070	_06839_	3
984	-1.1070	_06787_	1
984	-1.1070	_06760_	1
984	-1.1070	_06759_	3
984	-1.1070	_06145_	10
984	-1.1070	_06144_	5
984	-1.1070	_06006_	2
984	-1.1070	_06005_	10
984	-1.1070	_05599_	2
984	-1.1070	_05598_	2
984	-1.1070	_05595_	5
984	-1.1070	_05547_	2
984	-1.1070	_05016_	2
984	-1.1070	_05015_	1
984	-1.1070	_05014_	10
984	-1.1070	_04809_	2
984	-1.1070	_04808_	2
984	-1.1070	_04545_	2
984	-1.1070	_04437_	4
984	-1.1070	_04436_	3
984	-1.1070	_04433_	2
984	-1.1070	_04432_	3
984	-1.1070	_00166_	3
984	-1.1070	_00165_	2
984	-1.1070	u_e203_cpu.u_e203_core.u_e203_exu.u_e203_exu_alu.u_e203_exu_alu_dpath.adder_in1[0]	1
984	-1.1070	_14911_	10
984	-1.1070	_14846_	7
984	-1.1070	_14845_	10
984	-1.1070	_14844_	2
984	-1.1070	_14842_	1
984	-1.1070	_14840_	1
984	-1.1070	_14839_	1
984	-1.1070	_14789_	4
984	-1.1070	_14786_	1
984	-1.1070	_14780_	7
984	-1.1070	_14492_	10
984	-1.1070	_14491_	10
984	-1.1070	_14490_	4
984	-1.1070	_14404_	10
984	-1.1070	_13821_	3
984	-1.1070	_13403_	3
984	-1.1070	_13370_	4
984	-1.1070	_13369_	10
985	-1.1070	_02462_	1
985	-1.1070	_12273_	1
985	-1.1070	_12246_	10
985	-1.1070	_08509_	10
985	-1.1070	_08508_	10
985	-1.1070	_08507_	2
985	-1.1070	_08505_	1
985	-1.1070	_06839_	3
985	-1.1070	_06787_	1
985	-1.1070	_06760_	1
985	-1.1070	_06759_	3
985	-1.1070	_06145_	10
985	-1.1070	_06144_	5
985	-1.1070	_06006_	2
985	-1.1070	_06005_	10
985	-1.1070	_05599_	2
985	-1.1070	_05598_	2
985	-1.1070	_05595_	5
985	-1.1070	_05547_	2
985	-1.1070	_05016_	2
985	-1.1070	_05015_	1
985	-1.1070	_05014_	10
985	-1.1070	_04809_	2
985	-1.1070	_04808_	2
985	-1.1070	_04545_	2
985	-1.1070	_04437_	4
985	-1.1070	_04436_	3
985	-1.1070	_04433_	2
985	-1.1070	_04432_	3
985	-1.1070	_00166_	3
985	-1.1070	_00165_	2
985	-1.1070	u_e203_cpu.u_e203_core.u_e203_exu.u_e203_exu_alu.u_e203_exu_alu_dpath.adder_in1[0]	1
985	-1.1070	_14911_	10
985	-1.1070	_14846_	7
985	-1.1070	_14845_	10
985	-1.1070	_14844_	2
985	-1.1070	_14842_	1
985	-1.1070	_14840_	1
985	-1.1070	_14839_	1
985	-1.1070	_14789_	4
985	-1.1070	_14786_	1
985	-1.1070	_14780_	7
985	-1.1070	_14492_	10
985	-1.1070	_14491_	10
985	-1.1070	_14490_	4
985	-1.1070	_14404_	10
985	-1.1070	_13821_	3
985	-1.1070	_13403_	3
985	-1.1070	_13370_	4
985	-1.1070	_13369_	10
986	-1.1070	_02461_	1
986	-1.1070	_12267_	1
986	-1.1070	_12246_	10
986	-1.1070	_08509_	10
986	-1.1070	_08508_	10
986	-1.1070	_08507_	2
986	-1.1070	_08505_	1
986	-1.1070	_06839_	3
986	-1.1070	_06787_	1
986	-1.1070	_06760_	1
986	-1.1070	_06759_	3
986	-1.1070	_06145_	10
986	-1.1070	_06144_	5
986	-1.1070	_06006_	2
986	-1.1070	_06005_	10
986	-1.1070	_05599_	2
986	-1.1070	_05598_	2
986	-1.1070	_05595_	5
986	-1.1070	_05547_	2
986	-1.1070	_05016_	2
986	-1.1070	_05015_	1
986	-1.1070	_05014_	10
986	-1.1070	_04809_	2
986	-1.1070	_04808_	2
986	-1.1070	_04545_	2
986	-1.1070	_04437_	4
986	-1.1070	_04436_	3
986	-1.1070	_04433_	2
986	-1.1070	_04432_	3
986	-1.1070	_00166_	3
986	-1.1070	_00165_	2
986	-1.1070	u_e203_cpu.u_e203_core.u_e203_exu.u_e203_exu_alu.u_e203_exu_alu_dpath.adder_in1[0]	1
986	-1.1070	_14911_	10
986	-1.1070	_14846_	7
986	-1.1070	_14845_	10
986	-1.1070	_14844_	2
986	-1.1070	_14842_	1
986	-1.1070	_14840_	1
986	-1.1070	_14839_	1
986	-1.1070	_14789_	4
986	-1.1070	_14786_	1
986	-1.1070	_14780_	7
986	-1.1070	_14492_	10
986	-1.1070	_14491_	10
986	-1.1070	_14490_	4
986	-1.1070	_14404_	10
986	-1.1070	_13821_	3
986	-1.1070	_13403_	3
986	-1.1070	_13370_	4
986	-1.1070	_13369_	10
987	-1.1070	_02443_	1
987	-1.1070	_12137_	1
987	-1.1070	_12104_	10
987	-1.1070	_08509_	10
987	-1.1070	_08508_	10
987	-1.1070	_08507_	2
987	-1.1070	_08505_	1
987	-1.1070	_06839_	3
987	-1.1070	_06787_	1
987	-1.1070	_06760_	1
987	-1.1070	_06759_	3
987	-1.1070	_06145_	10
987	-1.1070	_06144_	5
987	-1.1070	_06006_	2
987	-1.1070	_06005_	10
987	-1.1070	_05599_	2
987	-1.1070	_05598_	2
987	-1.1070	_05595_	5
987	-1.1070	_05547_	2
987	-1.1070	_05016_	2
987	-1.1070	_05015_	1
987	-1.1070	_05014_	10
987	-1.1070	_04809_	2
987	-1.1070	_04808_	2
987	-1.1070	_04545_	2
987	-1.1070	_04437_	4
987	-1.1070	_04436_	3
987	-1.1070	_04433_	2
987	-1.1070	_04432_	3
987	-1.1070	_00166_	3
987	-1.1070	_00165_	2
987	-1.1070	u_e203_cpu.u_e203_core.u_e203_exu.u_e203_exu_alu.u_e203_exu_alu_dpath.adder_in1[0]	1
987	-1.1070	_14911_	10
987	-1.1070	_14846_	7
987	-1.1070	_14845_	10
987	-1.1070	_14844_	2
987	-1.1070	_14842_	1
987	-1.1070	_14840_	1
987	-1.1070	_14839_	1
987	-1.1070	_14789_	4
987	-1.1070	_14786_	1
987	-1.1070	_14780_	7
987	-1.1070	_14492_	10
987	-1.1070	_14491_	10
987	-1.1070	_14490_	4
987	-1.1070	_14404_	10
987	-1.1070	_13821_	3
987	-1.1070	_13403_	3
987	-1.1070	_13370_	4
987	-1.1070	_13369_	10
988	-1.1070	_02442_	1
988	-1.1070	_12131_	1
988	-1.1070	_12104_	10
988	-1.1070	_08509_	10
988	-1.1070	_08508_	10
988	-1.1070	_08507_	2
988	-1.1070	_08505_	1
988	-1.1070	_06839_	3
988	-1.1070	_06787_	1
988	-1.1070	_06760_	1
988	-1.1070	_06759_	3
988	-1.1070	_06145_	10
988	-1.1070	_06144_	5
988	-1.1070	_06006_	2
988	-1.1070	_06005_	10
988	-1.1070	_05599_	2
988	-1.1070	_05598_	2
988	-1.1070	_05595_	5
988	-1.1070	_05547_	2
988	-1.1070	_05016_	2
988	-1.1070	_05015_	1
988	-1.1070	_05014_	10
988	-1.1070	_04809_	2
988	-1.1070	_04808_	2
988	-1.1070	_04545_	2
988	-1.1070	_04437_	4
988	-1.1070	_04436_	3
988	-1.1070	_04433_	2
988	-1.1070	_04432_	3
988	-1.1070	_00166_	3
988	-1.1070	_00165_	2
988	-1.1070	u_e203_cpu.u_e203_core.u_e203_exu.u_e203_exu_alu.u_e203_exu_alu_dpath.adder_in1[0]	1
988	-1.1070	_14911_	10
988	-1.1070	_14846_	7
988	-1.1070	_14845_	10
988	-1.1070	_14844_	2
988	-1.1070	_14842_	1
988	-1.1070	_14840_	1
988	-1.1070	_14839_	1
988	-1.1070	_14789_	4
988	-1.1070	_14786_	1
988	-1.1070	_14780_	7
988	-1.1070	_14492_	10
988	-1.1070	_14491_	10
988	-1.1070	_14490_	4
988	-1.1070	_14404_	10
988	-1.1070	_13821_	3
988	-1.1070	_13403_	3
988	-1.1070	_13370_	4
988	-1.1070	_13369_	10
989	-1.1070	_02441_	1
989	-1.1070	_12125_	1
989	-1.1070	_12104_	10
989	-1.1070	_08509_	10
989	-1.1070	_08508_	10
989	-1.1070	_08507_	2
989	-1.1070	_08505_	1
989	-1.1070	_06839_	3
989	-1.1070	_06787_	1
989	-1.1070	_06760_	1
989	-1.1070	_06759_	3
989	-1.1070	_06145_	10
989	-1.1070	_06144_	5
989	-1.1070	_06006_	2
989	-1.1070	_06005_	10
989	-1.1070	_05599_	2
989	-1.1070	_05598_	2
989	-1.1070	_05595_	5
989	-1.1070	_05547_	2
989	-1.1070	_05016_	2
989	-1.1070	_05015_	1
989	-1.1070	_05014_	10
989	-1.1070	_04809_	2
989	-1.1070	_04808_	2
989	-1.1070	_04545_	2
989	-1.1070	_04437_	4
989	-1.1070	_04436_	3
989	-1.1070	_04433_	2
989	-1.1070	_04432_	3
989	-1.1070	_00166_	3
989	-1.1070	_00165_	2
989	-1.1070	u_e203_cpu.u_e203_core.u_e203_exu.u_e203_exu_alu.u_e203_exu_alu_dpath.adder_in1[0]	1
989	-1.1070	_14911_	10
989	-1.1070	_14846_	7
989	-1.1070	_14845_	10
989	-1.1070	_14844_	2
989	-1.1070	_14842_	1
989	-1.1070	_14840_	1
989	-1.1070	_14839_	1
989	-1.1070	_14789_	4
989	-1.1070	_14786_	1
989	-1.1070	_14780_	7
989	-1.1070	_14492_	10
989	-1.1070	_14491_	10
989	-1.1070	_14490_	4
989	-1.1070	_14404_	10
989	-1.1070	_13821_	3
989	-1.1070	_13403_	3
989	-1.1070	_13370_	4
989	-1.1070	_13369_	10
990	-1.1070	_02440_	1
990	-1.1070	_12119_	1
990	-1.1070	_12104_	10
990	-1.1070	_08509_	10
990	-1.1070	_08508_	10
990	-1.1070	_08507_	2
990	-1.1070	_08505_	1
990	-1.1070	_06839_	3
990	-1.1070	_06787_	1
990	-1.1070	_06760_	1
990	-1.1070	_06759_	3
990	-1.1070	_06145_	10
990	-1.1070	_06144_	5
990	-1.1070	_06006_	2
990	-1.1070	_06005_	10
990	-1.1070	_05599_	2
990	-1.1070	_05598_	2
990	-1.1070	_05595_	5
990	-1.1070	_05547_	2
990	-1.1070	_05016_	2
990	-1.1070	_05015_	1
990	-1.1070	_05014_	10
990	-1.1070	_04809_	2
990	-1.1070	_04808_	2
990	-1.1070	_04545_	2
990	-1.1070	_04437_	4
990	-1.1070	_04436_	3
990	-1.1070	_04433_	2
990	-1.1070	_04432_	3
990	-1.1070	_00166_	3
990	-1.1070	_00165_	2
990	-1.1070	u_e203_cpu.u_e203_core.u_e203_exu.u_e203_exu_alu.u_e203_exu_alu_dpath.adder_in1[0]	1
990	-1.1070	_14911_	10
990	-1.1070	_14846_	7
990	-1.1070	_14845_	10
990	-1.1070	_14844_	2
990	-1.1070	_14842_	1
990	-1.1070	_14840_	1
990	-1.1070	_14839_	1
990	-1.1070	_14789_	4
990	-1.1070	_14786_	1
990	-1.1070	_14780_	7
990	-1.1070	_14492_	10
990	-1.1070	_14491_	10
990	-1.1070	_14490_	4
990	-1.1070	_14404_	10
990	-1.1070	_13821_	3
990	-1.1070	_13403_	3
990	-1.1070	_13370_	4
990	-1.1070	_13369_	10
991	-1.1070	_02770_	1
991	-1.1070	_12772_	1
991	-1.1070	_12246_	10
991	-1.1070	_08509_	10
991	-1.1070	_08508_	10
991	-1.1070	_08507_	2
991	-1.1070	_08505_	1
991	-1.1070	_06839_	3
991	-1.1070	_06787_	1
991	-1.1070	_06760_	1
991	-1.1070	_06759_	3
991	-1.1070	_06145_	10
991	-1.1070	_06144_	5
991	-1.1070	_06006_	2
991	-1.1070	_06005_	10
991	-1.1070	_05599_	2
991	-1.1070	_05598_	2
991	-1.1070	_05595_	5
991	-1.1070	_05547_	2
991	-1.1070	_05016_	2
991	-1.1070	_05015_	1
991	-1.1070	_05014_	10
991	-1.1070	_04809_	2
991	-1.1070	_04808_	2
991	-1.1070	_04545_	2
991	-1.1070	_04437_	4
991	-1.1070	_04436_	3
991	-1.1070	_04433_	2
991	-1.1070	_04432_	3
991	-1.1070	_00166_	3
991	-1.1070	_00165_	2
991	-1.1070	u_e203_cpu.u_e203_core.u_e203_exu.u_e203_exu_alu.u_e203_exu_alu_dpath.adder_in1[0]	1
991	-1.1070	_14911_	10
991	-1.1070	_14846_	7
991	-1.1070	_14845_	10
991	-1.1070	_14844_	2
991	-1.1070	_14842_	1
991	-1.1070	_14840_	1
991	-1.1070	_14839_	1
991	-1.1070	_14789_	4
991	-1.1070	_14786_	1
991	-1.1070	_14780_	7
991	-1.1070	_14492_	10
991	-1.1070	_14491_	10
991	-1.1070	_14490_	4
991	-1.1070	_14404_	10
991	-1.1070	_13821_	3
991	-1.1070	_13403_	3
991	-1.1070	_13370_	4
991	-1.1070	_13369_	10
992	-1.1064	_02453_	1
992	-1.1064	_12210_	1
992	-1.1064	_12182_	10
992	-1.1064	_08509_	10
992	-1.1064	_08508_	10
992	-1.1064	_08507_	2
992	-1.1064	_08505_	1
992	-1.1064	_06839_	3
992	-1.1064	_06787_	1
992	-1.1064	_06760_	1
992	-1.1064	_06759_	3
992	-1.1064	_06145_	10
992	-1.1064	_06144_	5
992	-1.1064	_06006_	2
992	-1.1064	_06005_	10
992	-1.1064	_05599_	2
992	-1.1064	_05598_	2
992	-1.1064	_05595_	5
992	-1.1064	_05547_	2
992	-1.1064	_05016_	2
992	-1.1064	_05015_	1
992	-1.1064	_05014_	10
992	-1.1064	_04809_	2
992	-1.1064	_04808_	2
992	-1.1064	_04545_	2
992	-1.1064	_04437_	4
992	-1.1064	_04436_	3
992	-1.1064	_04433_	2
992	-1.1064	_04432_	3
992	-1.1064	_00166_	3
992	-1.1064	_00165_	2
992	-1.1064	u_e203_cpu.u_e203_core.u_e203_exu.u_e203_exu_alu.u_e203_exu_alu_dpath.adder_in1[0]	1
992	-1.1064	_14911_	10
992	-1.1064	_14846_	7
992	-1.1064	_14845_	10
992	-1.1064	_14844_	2
992	-1.1064	_14842_	1
992	-1.1064	_14840_	1
992	-1.1064	_14839_	1
992	-1.1064	_14789_	4
992	-1.1064	_14786_	1
992	-1.1064	_14780_	7
992	-1.1064	_14492_	10
992	-1.1064	_14491_	10
992	-1.1064	_14490_	4
992	-1.1064	_14404_	10
992	-1.1064	_13821_	3
992	-1.1064	_13403_	3
992	-1.1064	_13370_	4
992	-1.1064	_13369_	10
993	-1.1061	_02446_	1
993	-1.1061	_12159_	1
993	-1.1061	_12104_	10
993	-1.1061	_08509_	10
993	-1.1061	_08508_	10
993	-1.1061	_08507_	2
993	-1.1061	_08505_	1
993	-1.1061	_06839_	3
993	-1.1061	_06787_	1
993	-1.1061	_06760_	1
993	-1.1061	_06759_	3
993	-1.1061	_06145_	10
993	-1.1061	_06144_	5
993	-1.1061	_06006_	2
993	-1.1061	_06005_	10
993	-1.1061	_05599_	2
993	-1.1061	_05598_	2
993	-1.1061	_05595_	5
993	-1.1061	_05547_	2
993	-1.1061	_05016_	2
993	-1.1061	_05015_	1
993	-1.1061	_05014_	10
993	-1.1061	_04809_	2
993	-1.1061	_04808_	2
993	-1.1061	_04545_	2
993	-1.1061	_04437_	4
993	-1.1061	_04436_	3
993	-1.1061	_04433_	2
993	-1.1061	_04432_	3
993	-1.1061	_00166_	3
993	-1.1061	_00165_	2
993	-1.1061	u_e203_cpu.u_e203_core.u_e203_exu.u_e203_exu_alu.u_e203_exu_alu_dpath.adder_in1[0]	1
993	-1.1061	_14911_	10
993	-1.1061	_14846_	7
993	-1.1061	_14845_	10
993	-1.1061	_14844_	2
993	-1.1061	_14842_	1
993	-1.1061	_14840_	1
993	-1.1061	_14839_	1
993	-1.1061	_14789_	4
993	-1.1061	_14786_	1
993	-1.1061	_14780_	7
993	-1.1061	_14492_	10
993	-1.1061	_14491_	10
993	-1.1061	_14490_	4
993	-1.1061	_14404_	10
993	-1.1061	_13821_	3
993	-1.1061	_13403_	3
993	-1.1061	_13370_	4
993	-1.1061	_13369_	10
994	-1.1061	_02460_	1
994	-1.1061	_12256_	1
994	-1.1061	_12246_	10
994	-1.1061	_08509_	10
994	-1.1061	_08508_	10
994	-1.1061	_08507_	2
994	-1.1061	_08505_	1
994	-1.1061	_06839_	3
994	-1.1061	_06787_	1
994	-1.1061	_06760_	1
994	-1.1061	_06759_	3
994	-1.1061	_06145_	10
994	-1.1061	_06144_	5
994	-1.1061	_06006_	2
994	-1.1061	_06005_	10
994	-1.1061	_05599_	2
994	-1.1061	_05598_	2
994	-1.1061	_05595_	5
994	-1.1061	_05547_	2
994	-1.1061	_05016_	2
994	-1.1061	_05015_	1
994	-1.1061	_05014_	10
994	-1.1061	_04809_	2
994	-1.1061	_04808_	2
994	-1.1061	_04545_	2
994	-1.1061	_04437_	4
994	-1.1061	_04436_	3
994	-1.1061	_04433_	2
994	-1.1061	_04432_	3
994	-1.1061	_00166_	3
994	-1.1061	_00165_	2
994	-1.1061	u_e203_cpu.u_e203_core.u_e203_exu.u_e203_exu_alu.u_e203_exu_alu_dpath.adder_in1[0]	1
994	-1.1061	_14911_	10
994	-1.1061	_14846_	7
994	-1.1061	_14845_	10
994	-1.1061	_14844_	2
994	-1.1061	_14842_	1
994	-1.1061	_14840_	1
994	-1.1061	_14839_	1
994	-1.1061	_14789_	4
994	-1.1061	_14786_	1
994	-1.1061	_14780_	7
994	-1.1061	_14492_	10
994	-1.1061	_14491_	10
994	-1.1061	_14490_	4
994	-1.1061	_14404_	10
994	-1.1061	_13821_	3
994	-1.1061	_13403_	3
994	-1.1061	_13370_	4
994	-1.1061	_13369_	10
995	-1.1061	_02439_	1
995	-1.1061	_12105_	1
995	-1.1061	_12104_	10
995	-1.1061	_08509_	10
995	-1.1061	_08508_	10
995	-1.1061	_08507_	2
995	-1.1061	_08505_	1
995	-1.1061	_06839_	3
995	-1.1061	_06787_	1
995	-1.1061	_06760_	1
995	-1.1061	_06759_	3
995	-1.1061	_06145_	10
995	-1.1061	_06144_	5
995	-1.1061	_06006_	2
995	-1.1061	_06005_	10
995	-1.1061	_05599_	2
995	-1.1061	_05598_	2
995	-1.1061	_05595_	5
995	-1.1061	_05547_	2
995	-1.1061	_05016_	2
995	-1.1061	_05015_	1
995	-1.1061	_05014_	10
995	-1.1061	_04809_	2
995	-1.1061	_04808_	2
995	-1.1061	_04545_	2
995	-1.1061	_04437_	4
995	-1.1061	_04436_	3
995	-1.1061	_04433_	2
995	-1.1061	_04432_	3
995	-1.1061	_00166_	3
995	-1.1061	_00165_	2
995	-1.1061	u_e203_cpu.u_e203_core.u_e203_exu.u_e203_exu_alu.u_e203_exu_alu_dpath.adder_in1[0]	1
995	-1.1061	_14911_	10
995	-1.1061	_14846_	7
995	-1.1061	_14845_	10
995	-1.1061	_14844_	2
995	-1.1061	_14842_	1
995	-1.1061	_14840_	1
995	-1.1061	_14839_	1
995	-1.1061	_14789_	4
995	-1.1061	_14786_	1
995	-1.1061	_14780_	7
995	-1.1061	_14492_	10
995	-1.1061	_14491_	10
995	-1.1061	_14490_	4
995	-1.1061	_14404_	10
995	-1.1061	_13821_	3
995	-1.1061	_13403_	3
995	-1.1061	_13370_	4
995	-1.1061	_13369_	10
996	-1.1058	_02473_	1
996	-1.1058	_12326_	1
996	-1.1058	_12300_	10
996	-1.1058	_08480_	10
996	-1.1058	_08479_	10
996	-1.1058	_08478_	2
996	-1.1058	_08474_	1
996	-1.1058	_06839_	3
996	-1.1058	_06787_	1
996	-1.1058	_06760_	1
996	-1.1058	_06759_	3
996	-1.1058	_06145_	10
996	-1.1058	_06144_	5
996	-1.1058	_06006_	2
996	-1.1058	_06005_	10
996	-1.1058	_05599_	2
996	-1.1058	_05598_	2
996	-1.1058	_05595_	5
996	-1.1058	_05547_	2
996	-1.1058	_05016_	2
996	-1.1058	_05015_	1
996	-1.1058	_05014_	10
996	-1.1058	_04809_	2
996	-1.1058	_04808_	2
996	-1.1058	_04545_	2
996	-1.1058	_04437_	4
996	-1.1058	_04436_	3
996	-1.1058	_04433_	2
996	-1.1058	_04432_	3
996	-1.1058	_00166_	3
996	-1.1058	_00165_	2
996	-1.1058	u_e203_cpu.u_e203_core.u_e203_exu.u_e203_exu_alu.u_e203_exu_alu_dpath.adder_in1[0]	1
996	-1.1058	_14911_	10
996	-1.1058	_14846_	7
996	-1.1058	_14845_	10
996	-1.1058	_14844_	2
996	-1.1058	_14842_	1
996	-1.1058	_14840_	1
996	-1.1058	_14839_	1
996	-1.1058	_14789_	4
996	-1.1058	_14786_	1
996	-1.1058	_14780_	7
996	-1.1058	_14492_	10
996	-1.1058	_14491_	10
996	-1.1058	_14490_	4
996	-1.1058	_14404_	10
996	-1.1058	_13821_	3
996	-1.1058	_13403_	3
996	-1.1058	_13370_	4
996	-1.1058	_13369_	10
997	-1.1058	_02472_	1
997	-1.1058	_12323_	1
997	-1.1058	_12300_	10
997	-1.1058	_08480_	10
997	-1.1058	_08479_	10
997	-1.1058	_08478_	2
997	-1.1058	_08474_	1
997	-1.1058	_06839_	3
997	-1.1058	_06787_	1
997	-1.1058	_06760_	1
997	-1.1058	_06759_	3
997	-1.1058	_06145_	10
997	-1.1058	_06144_	5
997	-1.1058	_06006_	2
997	-1.1058	_06005_	10
997	-1.1058	_05599_	2
997	-1.1058	_05598_	2
997	-1.1058	_05595_	5
997	-1.1058	_05547_	2
997	-1.1058	_05016_	2
997	-1.1058	_05015_	1
997	-1.1058	_05014_	10
997	-1.1058	_04809_	2
997	-1.1058	_04808_	2
997	-1.1058	_04545_	2
997	-1.1058	_04437_	4
997	-1.1058	_04436_	3
997	-1.1058	_04433_	2
997	-1.1058	_04432_	3
997	-1.1058	_00166_	3
997	-1.1058	_00165_	2
997	-1.1058	u_e203_cpu.u_e203_core.u_e203_exu.u_e203_exu_alu.u_e203_exu_alu_dpath.adder_in1[0]	1
997	-1.1058	_14911_	10
997	-1.1058	_14846_	7
997	-1.1058	_14845_	10
997	-1.1058	_14844_	2
997	-1.1058	_14842_	1
997	-1.1058	_14840_	1
997	-1.1058	_14839_	1
997	-1.1058	_14789_	4
997	-1.1058	_14786_	1
997	-1.1058	_14780_	7
997	-1.1058	_14492_	10
997	-1.1058	_14491_	10
997	-1.1058	_14490_	4
997	-1.1058	_14404_	10
997	-1.1058	_13821_	3
997	-1.1058	_13403_	3
997	-1.1058	_13370_	4
997	-1.1058	_13369_	10
998	-1.1058	_02471_	1
998	-1.1058	_12319_	1
998	-1.1058	_12300_	10
998	-1.1058	_08480_	10
998	-1.1058	_08479_	10
998	-1.1058	_08478_	2
998	-1.1058	_08474_	1
998	-1.1058	_06839_	3
998	-1.1058	_06787_	1
998	-1.1058	_06760_	1
998	-1.1058	_06759_	3
998	-1.1058	_06145_	10
998	-1.1058	_06144_	5
998	-1.1058	_06006_	2
998	-1.1058	_06005_	10
998	-1.1058	_05599_	2
998	-1.1058	_05598_	2
998	-1.1058	_05595_	5
998	-1.1058	_05547_	2
998	-1.1058	_05016_	2
998	-1.1058	_05015_	1
998	-1.1058	_05014_	10
998	-1.1058	_04809_	2
998	-1.1058	_04808_	2
998	-1.1058	_04545_	2
998	-1.1058	_04437_	4
998	-1.1058	_04436_	3
998	-1.1058	_04433_	2
998	-1.1058	_04432_	3
998	-1.1058	_00166_	3
998	-1.1058	_00165_	2
998	-1.1058	u_e203_cpu.u_e203_core.u_e203_exu.u_e203_exu_alu.u_e203_exu_alu_dpath.adder_in1[0]	1
998	-1.1058	_14911_	10
998	-1.1058	_14846_	7
998	-1.1058	_14845_	10
998	-1.1058	_14844_	2
998	-1.1058	_14842_	1
998	-1.1058	_14840_	1
998	-1.1058	_14839_	1
998	-1.1058	_14789_	4
998	-1.1058	_14786_	1
998	-1.1058	_14780_	7
998	-1.1058	_14492_	10
998	-1.1058	_14491_	10
998	-1.1058	_14490_	4
998	-1.1058	_14404_	10
998	-1.1058	_13821_	3
998	-1.1058	_13403_	3
998	-1.1058	_13370_	4
998	-1.1058	_13369_	10
999	-1.1058	_02470_	1
999	-1.1058	_12316_	1
999	-1.1058	_12300_	10
999	-1.1058	_08480_	10
999	-1.1058	_08479_	10
999	-1.1058	_08478_	2
999	-1.1058	_08474_	1
999	-1.1058	_06839_	3
999	-1.1058	_06787_	1
999	-1.1058	_06760_	1
999	-1.1058	_06759_	3
999	-1.1058	_06145_	10
999	-1.1058	_06144_	5
999	-1.1058	_06006_	2
999	-1.1058	_06005_	10
999	-1.1058	_05599_	2
999	-1.1058	_05598_	2
999	-1.1058	_05595_	5
999	-1.1058	_05547_	2
999	-1.1058	_05016_	2
999	-1.1058	_05015_	1
999	-1.1058	_05014_	10
999	-1.1058	_04809_	2
999	-1.1058	_04808_	2
999	-1.1058	_04545_	2
999	-1.1058	_04437_	4
999	-1.1058	_04436_	3
999	-1.1058	_04433_	2
999	-1.1058	_04432_	3
999	-1.1058	_00166_	3
999	-1.1058	_00165_	2
999	-1.1058	u_e203_cpu.u_e203_core.u_e203_exu.u_e203_exu_alu.u_e203_exu_alu_dpath.adder_in1[0]	1
999	-1.1058	_14911_	10
999	-1.1058	_14846_	7
999	-1.1058	_14845_	10
999	-1.1058	_14844_	2
999	-1.1058	_14842_	1
999	-1.1058	_14840_	1
999	-1.1058	_14839_	1
999	-1.1058	_14789_	4
999	-1.1058	_14786_	1
999	-1.1058	_14780_	7
999	-1.1058	_14492_	10
999	-1.1058	_14491_	10
999	-1.1058	_14490_	4
999	-1.1058	_14404_	10
999	-1.1058	_13821_	3
999	-1.1058	_13403_	3
999	-1.1058	_13370_	4
999	-1.1058	_13369_	10
