# stage	1_synth
# top_module	jpeg_encoder
# top_n	1000
# kind	top_path_net_fanout
# path_idx	slack_ns	net_name	fanout
0	-1.0800	_13219_	1
0	-1.0800	_33415_	1
0	-1.0800	_33414_	2
0	-1.0800	_27605_	3
0	-1.0800	_27604_	3
0	-1.0800	_27603_	1
0	-1.0800	_27602_	2
0	-1.0800	_27600_	1
0	-1.0800	_27599_	2
0	-1.0800	_27598_	2
0	-1.0800	_07158_	2
0	-1.0800	_43338_	1
0	-1.0800	_43217_	1
0	-1.0800	_43013_	1
0	-1.0800	_42910_	4
0	-1.0800	_01156_	7
0	-1.0800	_13480_	10
0	-1.0800	_13336_	10
0	-1.0800	_13334_	10
0	-1.0800	fdct_zigzag.dct_mod.dct_block_0.dct_unit_0.ddin[8]	82
1	-1.0684	_13229_	1
1	-1.0684	_33528_	1
1	-1.0684	_33527_	2
1	-1.0684	_28510_	3
1	-1.0684	_28509_	3
1	-1.0684	_28508_	1
1	-1.0684	_28507_	2
1	-1.0684	_20383_	2
1	-1.0684	_20382_	2
1	-1.0684	_20381_	2
1	-1.0684	_06845_	2
1	-1.0684	_44950_	1
1	-1.0684	_44195_	1
1	-1.0684	_44192_	1
1	-1.0684	_40070_	4
1	-1.0684	_01159_	5
1	-1.0684	_13480_	10
1	-1.0684	_13336_	10
1	-1.0684	_13334_	10
1	-1.0684	fdct_zigzag.dct_mod.dct_block_0.dct_unit_0.ddin[8]	82
2	-1.0683	_13143_	1
2	-1.0683	_32542_	1
2	-1.0683	_32541_	2
2	-1.0683	_20388_	3
2	-1.0683	_20387_	3
2	-1.0683	_20386_	1
2	-1.0683	_20385_	2
2	-1.0683	_20383_	2
2	-1.0683	_20382_	2
2	-1.0683	_20381_	2
2	-1.0683	_06845_	2
2	-1.0683	_44950_	1
2	-1.0683	_44195_	1
2	-1.0683	_44192_	1
2	-1.0683	_40070_	4
2	-1.0683	_01159_	5
2	-1.0683	_13480_	10
2	-1.0683	_13336_	10
2	-1.0683	_13334_	10
2	-1.0683	fdct_zigzag.dct_mod.dct_block_0.dct_unit_0.ddin[8]	82
3	-1.0587	_13151_	1
3	-1.0587	_32653_	1
3	-1.0587	_32652_	2
3	-1.0587	_21309_	3
3	-1.0587	_21308_	3
3	-1.0587	_21307_	1
3	-1.0587	_21306_	2
3	-1.0587	_21305_	1
3	-1.0587	_21304_	2
3	-1.0587	_21303_	2
3	-1.0587	_03914_	2
3	-1.0587	_45260_	1
3	-1.0587	_38691_	1
3	-1.0587	_38688_	1
3	-1.0587	_42916_	4
3	-1.0587	_02108_	5
3	-1.0587	_13668_	10
3	-1.0587	_13504_	10
3	-1.0587	_13334_	10
3	-1.0587	fdct_zigzag.dct_mod.dct_block_0.dct_unit_0.ddin[8]	82
4	-1.0506	_13155_	1
4	-1.0506	_32703_	1
4	-1.0506	_32702_	2
4	-1.0506	_21760_	3
4	-1.0506	_21759_	3
4	-1.0506	_21758_	1
4	-1.0506	_21757_	2
4	-1.0506	_21755_	1
4	-1.0506	_21754_	2
4	-1.0506	_21753_	2
4	-1.0506	_05822_	2
4	-1.0506	_41853_	1
4	-1.0506	_41704_	1
4	-1.0506	_41609_	1
4	-1.0506	_41458_	1
4	-1.0506	_01552_	6
4	-1.0506	_13541_	10
4	-1.0506	_13504_	10
4	-1.0506	_13334_	10
4	-1.0506	fdct_zigzag.dct_mod.dct_block_0.dct_unit_0.ddin[8]	82
5	-1.0487	_13107_	1
5	-1.0487	_32171_	1
5	-1.0487	_32170_	2
5	-1.0487	_17701_	3
5	-1.0487	_17700_	3
5	-1.0487	_17699_	1
5	-1.0487	_17698_	2
5	-1.0487	_17696_	1
5	-1.0487	_17695_	2
5	-1.0487	_17694_	2
5	-1.0487	_08517_	2
5	-1.0487	_46238_	1
5	-1.0487	_46152_	1
5	-1.0487	_45955_	1
5	-1.0487	_45873_	1
5	-1.0487	_01602_	6
5	-1.0487	_13603_	10
5	-1.0487	_13504_	10
5	-1.0487	_13334_	10
5	-1.0487	fdct_zigzag.dct_mod.dct_block_0.dct_unit_0.ddin[8]	82
6	-1.0437	_13188_	1
6	-1.0437	_33085_	1
6	-1.0437	_33084_	2
6	-1.0437	_24979_	3
6	-1.0437	_24978_	3
6	-1.0437	_24977_	1
6	-1.0437	_24976_	2
6	-1.0437	_24974_	1
6	-1.0437	_24973_	2
6	-1.0437	_24972_	2
6	-1.0437	_06060_	2
6	-1.0437	_44530_	1
6	-1.0437	_43700_	1
6	-1.0437	_43697_	1
6	-1.0437	_46898_	1
6	-1.0437	_03045_	6
6	-1.0437	_13576_	10
6	-1.0437	_13504_	10
6	-1.0437	_13334_	10
6	-1.0437	fdct_zigzag.dct_mod.dct_block_0.dct_unit_0.ddin[8]	82
7	-1.0412	_13223_	1
7	-1.0412	_33471_	1
7	-1.0412	_33470_	2
7	-1.0412	_28067_	3
7	-1.0412	_28066_	3
7	-1.0412	_28065_	1
7	-1.0412	_28064_	2
7	-1.0412	_28062_	1
7	-1.0412	_28061_	2
7	-1.0412	_28060_	2
7	-1.0412	_06185_	2
7	-1.0412	_40054_	1
7	-1.0412	_40052_	1
7	-1.0412	_39682_	1
7	-1.0412	_39680_	2
7	-1.0412	_01055_	4
7	-1.0412	_13337_	10
7	-1.0412	_13336_	10
7	-1.0412	_13334_	10
7	-1.0412	fdct_zigzag.dct_mod.dct_block_0.dct_unit_0.ddin[8]	82
8	-1.0402	_13184_	1
8	-1.0402	_33033_	1
8	-1.0402	_33032_	2
8	-1.0402	_24511_	3
8	-1.0402	_24510_	3
8	-1.0402	_24509_	1
8	-1.0402	_24508_	2
8	-1.0402	_24506_	1
8	-1.0402	_24505_	2
8	-1.0402	_24504_	2
8	-1.0402	_08125_	2
8	-1.0402	_41527_	1
8	-1.0402	_38700_	1
8	-1.0402	_38697_	1
8	-1.0402	_41317_	5
8	-1.0402	_03421_	3
8	-1.0402	_13584_	10
8	-1.0402	_13504_	10
8	-1.0402	_13334_	10
8	-1.0402	fdct_zigzag.dct_mod.dct_block_0.dct_unit_0.ddin[8]	82
9	-1.0394	_13180_	1
9	-1.0394	_32978_	1
9	-1.0394	_32977_	2
9	-1.0394	_24056_	3
9	-1.0394	_24055_	3
9	-1.0394	_24054_	1
9	-1.0394	_24053_	2
9	-1.0394	_24051_	1
9	-1.0394	_24050_	2
9	-1.0394	_24049_	2
9	-1.0394	_07336_	2
9	-1.0394	_46772_	1
9	-1.0394	_46629_	1
9	-1.0394	_46456_	1
9	-1.0394	_45241_	2
9	-1.0394	_03039_	4
9	-1.0394	_13576_	10
9	-1.0394	_13504_	10
9	-1.0394	_13334_	10
9	-1.0394	fdct_zigzag.dct_mod.dct_block_0.dct_unit_0.ddin[8]	82
10	-1.0379	_11937_	1
10	-1.0379	_27608_	1
10	-1.0379	_27607_	1
10	-1.0379	_27605_	3
10	-1.0379	_27604_	3
10	-1.0379	_27603_	1
10	-1.0379	_27602_	2
10	-1.0379	_27600_	1
10	-1.0379	_27599_	2
10	-1.0379	_27598_	2
10	-1.0379	_07158_	2
10	-1.0379	_43338_	1
10	-1.0379	_43217_	1
10	-1.0379	_43013_	1
10	-1.0379	_42910_	4
10	-1.0379	_01156_	7
10	-1.0379	_13480_	10
10	-1.0379	_13336_	10
10	-1.0379	_13334_	10
10	-1.0379	fdct_zigzag.dct_mod.dct_block_0.dct_unit_0.ddin[8]	82
11	-1.0377	_13099_	1
11	-1.0377	_32066_	1
11	-1.0377	_32065_	2
11	-1.0377	_16911_	3
11	-1.0377	_16910_	3
11	-1.0377	_16909_	1
11	-1.0377	_16908_	2
11	-1.0377	_16906_	1
11	-1.0377	_16905_	2
11	-1.0377	_16903_	2
11	-1.0377	_07917_	2
11	-1.0377	_42135_	1
11	-1.0377	_42132_	1
11	-1.0377	_42061_	1
11	-1.0377	_42057_	2
11	-1.0377	_01586_	4
11	-1.0377	_13603_	10
11	-1.0377	_13504_	10
11	-1.0377	_13334_	10
11	-1.0377	fdct_zigzag.dct_mod.dct_block_0.dct_unit_0.ddin[8]	82
12	-1.0373	_13105_	1
12	-1.0373	_32144_	1
12	-1.0373	_32143_	2
12	-1.0373	_17471_	3
12	-1.0373	_17470_	3
12	-1.0373	_17469_	1
12	-1.0373	_17468_	2
12	-1.0373	_17466_	1
12	-1.0373	_17465_	2
12	-1.0373	_17464_	2
12	-1.0373	_06021_	2
12	-1.0373	_46383_	1
12	-1.0373	_46280_	1
12	-1.0373	_46209_	1
12	-1.0373	_46126_	1
12	-1.0373	_02114_	5
12	-1.0373	_13505_	10
12	-1.0373	_13504_	10
12	-1.0373	_13334_	10
12	-1.0373	fdct_zigzag.dct_mod.dct_block_0.dct_unit_0.ddin[8]	82
13	-1.0356	_10197_	1
13	-1.0356	_17704_	1
13	-1.0356	_17703_	1
13	-1.0356	_17701_	3
13	-1.0356	_17700_	3
13	-1.0356	_17699_	1
13	-1.0356	_17698_	2
13	-1.0356	_17696_	1
13	-1.0356	_17695_	2
13	-1.0356	_17694_	2
13	-1.0356	_08517_	2
13	-1.0356	_46238_	1
13	-1.0356	_46152_	1
13	-1.0356	_45955_	1
13	-1.0356	_45873_	1
13	-1.0356	_01602_	6
13	-1.0356	_13603_	10
13	-1.0356	_13504_	10
13	-1.0356	_13334_	10
13	-1.0356	fdct_zigzag.dct_mod.dct_block_0.dct_unit_0.ddin[8]	82
14	-1.0350	_11938_	1
14	-1.0350	_27612_	1
14	-1.0350	_27611_	1
14	-1.0350	_27584_	3
14	-1.0350	_27583_	3
14	-1.0350	_27581_	1
14	-1.0350	_27580_	2
14	-1.0350	_27578_	1
14	-1.0350	_07158_	2
14	-1.0350	_43338_	1
14	-1.0350	_43217_	1
14	-1.0350	_43013_	1
14	-1.0350	_42910_	4
14	-1.0350	_01156_	7
14	-1.0350	_13480_	10
14	-1.0350	_13336_	10
14	-1.0350	_13334_	10
14	-1.0350	fdct_zigzag.dct_mod.dct_block_0.dct_unit_0.ddin[8]	82
15	-1.0344	_13236_	1
15	-1.0344	_33589_	1
15	-1.0344	_33588_	2
15	-1.0344	_28948_	3
15	-1.0344	_28947_	3
15	-1.0344	_28946_	1
15	-1.0344	_28945_	2
15	-1.0344	_28943_	1
15	-1.0344	_28942_	2
15	-1.0344	_28941_	2
15	-1.0344	_07803_	2
15	-1.0344	_45058_	1
15	-1.0344	_42227_	1
15	-1.0344	_42224_	1
15	-1.0344	_41588_	2
15	-1.0344	_02894_	4
15	-1.0344	_13541_	10
15	-1.0344	_13504_	10
15	-1.0344	_13334_	10
15	-1.0344	fdct_zigzag.dct_mod.dct_block_0.dct_unit_0.ddin[8]	82
16	-1.0326	_10843_	1
16	-1.0326	_21312_	1
16	-1.0326	_21311_	1
16	-1.0326	_21309_	3
16	-1.0326	_21308_	3
16	-1.0326	_21307_	1
16	-1.0326	_21306_	2
16	-1.0326	_21305_	1
16	-1.0326	_21304_	2
16	-1.0326	_21303_	2
16	-1.0326	_03914_	2
16	-1.0326	_45260_	1
16	-1.0326	_38691_	1
16	-1.0326	_38688_	1
16	-1.0326	_42916_	4
16	-1.0326	_02108_	5
16	-1.0326	_13668_	10
16	-1.0326	_13504_	10
16	-1.0326	_13334_	10
16	-1.0326	fdct_zigzag.dct_mod.dct_block_0.dct_unit_0.ddin[8]	82
17	-1.0323	_13186_	1
17	-1.0323	_33059_	1
17	-1.0323	_33058_	2
17	-1.0323	_24745_	3
17	-1.0323	_24744_	3
17	-1.0323	_24743_	1
17	-1.0323	_24742_	2
17	-1.0323	_24740_	1
17	-1.0323	_24739_	2
17	-1.0323	_24738_	2
17	-1.0323	_03946_	2
17	-1.0323	_43310_	1
17	-1.0323	_39579_	1
17	-1.0323	_38028_	1
17	-1.0323	_38025_	1
17	-1.0323	_01628_	5
17	-1.0323	_13546_	10
17	-1.0323	_13504_	10
17	-1.0323	_13334_	10
17	-1.0323	fdct_zigzag.dct_mod.dct_block_0.dct_unit_0.ddin[8]	82
18	-1.0263	_11320_	1
18	-1.0263	_24059_	1
18	-1.0263	_24058_	1
18	-1.0263	_24056_	3
18	-1.0263	_24055_	3
18	-1.0263	_24054_	1
18	-1.0263	_24053_	2
18	-1.0263	_24051_	1
18	-1.0263	_24050_	2
18	-1.0263	_24049_	2
18	-1.0263	_07336_	2
18	-1.0263	_46772_	1
18	-1.0263	_46629_	1
18	-1.0263	_46456_	1
18	-1.0263	_45241_	2
18	-1.0263	_03039_	4
18	-1.0263	_13576_	10
18	-1.0263	_13504_	10
18	-1.0263	_13334_	10
18	-1.0263	fdct_zigzag.dct_mod.dct_block_0.dct_unit_0.ddin[8]	82
19	-1.0259	_12096_	1
19	-1.0259	_28513_	1
19	-1.0259	_28512_	1
19	-1.0259	_28510_	3
19	-1.0259	_28509_	3
19	-1.0259	_28508_	1
19	-1.0259	_28507_	2
19	-1.0259	_20383_	2
19	-1.0259	_20382_	2
19	-1.0259	_20381_	2
19	-1.0259	_06845_	2
19	-1.0259	_44950_	1
19	-1.0259	_44195_	1
19	-1.0259	_44192_	1
19	-1.0259	_40070_	4
19	-1.0259	_01159_	5
19	-1.0259	_13480_	10
19	-1.0259	_13336_	10
19	-1.0259	_13334_	10
19	-1.0259	fdct_zigzag.dct_mod.dct_block_0.dct_unit_0.ddin[8]	82
20	-1.0258	_10687_	1
20	-1.0258	_20391_	1
20	-1.0258	_20390_	1
20	-1.0258	_20388_	3
20	-1.0258	_20387_	3
20	-1.0258	_20386_	1
20	-1.0258	_20385_	2
20	-1.0258	_20383_	2
20	-1.0258	_20382_	2
20	-1.0258	_20381_	2
20	-1.0258	_06845_	2
20	-1.0258	_44950_	1
20	-1.0258	_44195_	1
20	-1.0258	_44192_	1
20	-1.0258	_40070_	4
20	-1.0258	_01159_	5
20	-1.0258	_13480_	10
20	-1.0258	_13336_	10
20	-1.0258	_13334_	10
20	-1.0258	fdct_zigzag.dct_mod.dct_block_0.dct_unit_0.ddin[8]	82
21	-1.0257	_10844_	1
21	-1.0257	_21315_	1
21	-1.0257	_21314_	1
21	-1.0257	_21287_	3
21	-1.0257	_21286_	3
21	-1.0257	_21284_	1
21	-1.0257	_21283_	2
21	-1.0257	_21282_	2
21	-1.0257	_06609_	2
21	-1.0257	_45253_	1
21	-1.0257	_44839_	1
21	-1.0257	_44836_	1
21	-1.0257	_42910_	4
21	-1.0257	_01156_	7
21	-1.0257	_13480_	10
21	-1.0257	_13336_	10
21	-1.0257	_13334_	10
21	-1.0257	fdct_zigzag.dct_mod.dct_block_0.dct_unit_0.ddin[8]	82
22	-1.0255	_13114_	1
22	-1.0255	_32257_	1
22	-1.0255	_32256_	2
22	-1.0255	_18254_	3
22	-1.0255	_18253_	3
22	-1.0255	_18252_	1
22	-1.0255	_18251_	2
22	-1.0255	_18249_	1
22	-1.0255	_18248_	2
22	-1.0255	_18247_	2
22	-1.0255	_05723_	2
22	-1.0255	_46090_	1
22	-1.0255	_45886_	1
22	-1.0255	_45307_	1
22	-1.0255	_45172_	1
22	-1.0255	_00850_	4
22	-1.0255	_13395_	10
22	-1.0255	_13336_	10
22	-1.0255	_13334_	10
22	-1.0255	fdct_zigzag.dct_mod.dct_block_0.dct_unit_0.ddin[8]	82
23	-1.0245	_10686_	1
23	-1.0245	_20372_	1
23	-1.0245	_20371_	1
23	-1.0245	_20367_	3
23	-1.0245	_20366_	3
23	-1.0245	_20364_	1
23	-1.0245	_20363_	4
23	-1.0245	_20361_	1
23	-1.0245	_06845_	2
23	-1.0245	_44950_	1
23	-1.0245	_44195_	1
23	-1.0245	_44192_	1
23	-1.0245	_40070_	4
23	-1.0245	_01159_	5
23	-1.0245	_13480_	10
23	-1.0245	_13336_	10
23	-1.0245	_13334_	10
23	-1.0245	fdct_zigzag.dct_mod.dct_block_0.dct_unit_0.ddin[8]	82
24	-1.0245	_12095_	1
24	-1.0245	_28499_	1
24	-1.0245	_28498_	1
24	-1.0245	_28494_	3
24	-1.0245	_28493_	3
24	-1.0245	_28491_	1
24	-1.0245	_20363_	4
24	-1.0245	_20361_	1
24	-1.0245	_06845_	2
24	-1.0245	_44950_	1
24	-1.0245	_44195_	1
24	-1.0245	_44192_	1
24	-1.0245	_40070_	4
24	-1.0245	_01159_	5
24	-1.0245	_13480_	10
24	-1.0245	_13336_	10
24	-1.0245	_13334_	10
24	-1.0245	fdct_zigzag.dct_mod.dct_block_0.dct_unit_0.ddin[8]	82
25	-1.0242	_10158_	1
25	-1.0242	_17474_	1
25	-1.0242	_17473_	1
25	-1.0242	_17471_	3
25	-1.0242	_17470_	3
25	-1.0242	_17469_	1
25	-1.0242	_17468_	2
25	-1.0242	_17466_	1
25	-1.0242	_17465_	2
25	-1.0242	_17464_	2
25	-1.0242	_06021_	2
25	-1.0242	_46383_	1
25	-1.0242	_46280_	1
25	-1.0242	_46209_	1
25	-1.0242	_46126_	1
25	-1.0242	_02114_	5
25	-1.0242	_13505_	10
25	-1.0242	_13504_	10
25	-1.0242	_13334_	10
25	-1.0242	fdct_zigzag.dct_mod.dct_block_0.dct_unit_0.ddin[8]	82
26	-1.0235	_10688_	1
26	-1.0235	_20394_	1
26	-1.0235	_20393_	1
26	-1.0235	_20367_	3
26	-1.0235	_20366_	3
26	-1.0235	_20364_	1
26	-1.0235	_20363_	4
26	-1.0235	_20361_	1
26	-1.0235	_06845_	2
26	-1.0235	_44950_	1
26	-1.0235	_44195_	1
26	-1.0235	_44192_	1
26	-1.0235	_40070_	4
26	-1.0235	_01159_	5
26	-1.0235	_13480_	10
26	-1.0235	_13336_	10
26	-1.0235	_13334_	10
26	-1.0235	fdct_zigzag.dct_mod.dct_block_0.dct_unit_0.ddin[8]	82
27	-1.0235	_12097_	1
27	-1.0235	_28517_	1
27	-1.0235	_28516_	1
27	-1.0235	_28494_	3
27	-1.0235	_28493_	3
27	-1.0235	_28491_	1
27	-1.0235	_20363_	4
27	-1.0235	_20361_	1
27	-1.0235	_06845_	2
27	-1.0235	_44950_	1
27	-1.0235	_44195_	1
27	-1.0235	_44192_	1
27	-1.0235	_40070_	4
27	-1.0235	_01159_	5
27	-1.0235	_13480_	10
27	-1.0235	_13336_	10
27	-1.0235	_13334_	10
27	-1.0235	fdct_zigzag.dct_mod.dct_block_0.dct_unit_0.ddin[8]	82
28	-1.0225	_11936_	1
28	-1.0225	_27589_	1
28	-1.0225	_27588_	1
28	-1.0225	_27584_	3
28	-1.0225	_27583_	3
28	-1.0225	_27581_	1
28	-1.0225	_27580_	2
28	-1.0225	_27578_	1
28	-1.0225	_07158_	2
28	-1.0225	_43338_	1
28	-1.0225	_43217_	1
28	-1.0225	_43013_	1
28	-1.0225	_42910_	4
28	-1.0225	_01156_	7
28	-1.0225	_13480_	10
28	-1.0225	_13336_	10
28	-1.0225	_13334_	10
28	-1.0225	fdct_zigzag.dct_mod.dct_block_0.dct_unit_0.ddin[8]	82
29	-1.0213	_13257_	1
29	-1.0213	_33780_	1
29	-1.0213	_33779_	2
29	-1.0213	_30544_	3
29	-1.0213	_30543_	3
29	-1.0213	_30542_	1
29	-1.0213	_30541_	2
29	-1.0213	_30540_	1
29	-1.0213	_30539_	2
29	-1.0213	_30537_	2
29	-1.0213	_07332_	2
29	-1.0213	_47361_	1
29	-1.0213	_43285_	1
29	-1.0213	_41806_	1
29	-1.0213	_40302_	1
29	-1.0213	_00850_	4
29	-1.0213	_13395_	10
29	-1.0213	_13336_	10
29	-1.0213	_13334_	10
29	-1.0213	fdct_zigzag.dct_mod.dct_block_0.dct_unit_0.ddin[8]	82
30	-1.0177	_10842_	1
30	-1.0177	_21292_	1
30	-1.0177	_21291_	1
30	-1.0177	_21287_	3
30	-1.0177	_21286_	3
30	-1.0177	_21284_	1
30	-1.0177	_21283_	2
30	-1.0177	_21282_	2
30	-1.0177	_06609_	2
30	-1.0177	_45253_	1
30	-1.0177	_44839_	1
30	-1.0177	_44836_	1
30	-1.0177	_42910_	4
30	-1.0177	_01156_	7
30	-1.0177	_13480_	10
30	-1.0177	_13336_	10
30	-1.0177	_13334_	10
30	-1.0177	fdct_zigzag.dct_mod.dct_block_0.dct_unit_0.ddin[8]	82
31	-1.0163	_13194_	1
31	-1.0163	_33162_	1
31	-1.0163	_33161_	2
31	-1.0163	_25545_	3
31	-1.0163	_25544_	3
31	-1.0163	_25543_	1
31	-1.0163	_25542_	2
31	-1.0163	_25540_	1
31	-1.0163	_25539_	2
31	-1.0163	_25537_	2
31	-1.0163	_07239_	2
31	-1.0163	_37979_	1
31	-1.0163	_37936_	1
31	-1.0163	_37905_	1
31	-1.0163	_37866_	1
31	-1.0163	_00436_	3
31	-1.0163	_13480_	10
31	-1.0163	_13336_	10
31	-1.0163	_13334_	10
31	-1.0163	fdct_zigzag.dct_mod.dct_block_0.dct_unit_0.ddin[8]	82
32	-1.0145	_13127_	1
32	-1.0145	_32361_	1
32	-1.0145	_32360_	2
32	-1.0145	_19157_	3
32	-1.0145	_19156_	3
32	-1.0145	_19155_	1
32	-1.0145	_19154_	2
32	-1.0145	_19153_	1
32	-1.0145	_19152_	2
32	-1.0145	_19151_	2
32	-1.0145	_05820_	2
32	-1.0145	_45845_	1
32	-1.0145	_45765_	1
32	-1.0145	_45402_	1
32	-1.0145	_45364_	1
32	-1.0145	_02827_	3
32	-1.0145	_13737_	10
32	-1.0145	_13711_	10
32	-1.0145	_13334_	10
32	-1.0145	fdct_zigzag.dct_mod.dct_block_0.dct_unit_0.ddin[8]	82
33	-1.0132	_13259_	1
33	-1.0132	_33807_	1
33	-1.0132	_33806_	2
33	-1.0132	_30773_	3
33	-1.0132	_30772_	3
33	-1.0132	_30771_	1
33	-1.0132	_30770_	2
33	-1.0132	_30768_	1
33	-1.0132	_30767_	2
33	-1.0132	_30766_	2
33	-1.0132	_08906_	2
33	-1.0132	_47203_	1
33	-1.0132	_47061_	1
33	-1.0132	_46958_	1
33	-1.0132	_46882_	1
33	-1.0132	_01572_	3
33	-1.0132	_13541_	10
33	-1.0132	_13504_	10
33	-1.0132	_13334_	10
33	-1.0132	fdct_zigzag.dct_mod.dct_block_0.dct_unit_0.ddin[8]	82
34	-1.0129	_13120_	1
34	-1.0129	_32311_	1
34	-1.0129	_32310_	2
34	-1.0129	_18716_	3
34	-1.0129	_18715_	3
34	-1.0129	_18714_	1
34	-1.0129	_18713_	2
34	-1.0129	_18711_	1
34	-1.0129	_18710_	2
34	-1.0129	_18709_	2
34	-1.0129	_05774_	2
34	-1.0129	_41069_	1
34	-1.0129	_41066_	1
34	-1.0129	_41126_	1
34	-1.0129	_43359_	1
34	-1.0129	_00419_	3
34	-1.0129	_13480_	10
34	-1.0129	_13336_	10
34	-1.0129	_13334_	10
34	-1.0129	fdct_zigzag.dct_mod.dct_block_0.dct_unit_0.ddin[8]	82
35	-1.0123	_10297_	1
35	-1.0123	_18257_	1
35	-1.0123	_18256_	1
35	-1.0123	_18254_	3
35	-1.0123	_18253_	3
35	-1.0123	_18252_	1
35	-1.0123	_18251_	2
35	-1.0123	_18249_	1
35	-1.0123	_18248_	2
35	-1.0123	_18247_	2
35	-1.0123	_05723_	2
35	-1.0123	_46090_	1
35	-1.0123	_45886_	1
35	-1.0123	_45307_	1
35	-1.0123	_45172_	1
35	-1.0123	_00850_	4
35	-1.0123	_13395_	10
35	-1.0123	_13336_	10
35	-1.0123	_13334_	10
35	-1.0123	fdct_zigzag.dct_mod.dct_block_0.dct_unit_0.ddin[8]	82
36	-1.0123	_13249_	1
36	-1.0123	_33678_	1
36	-1.0123	_33677_	2
36	-1.0123	_29637_	3
36	-1.0123	_29636_	3
36	-1.0123	_29635_	1
36	-1.0123	_29634_	2
36	-1.0123	_29632_	1
36	-1.0123	_29631_	2
36	-1.0123	_29630_	2
36	-1.0123	_07472_	2
36	-1.0123	_45715_	1
36	-1.0123	_45674_	1
36	-1.0123	_45553_	1
36	-1.0123	_45476_	1
36	-1.0123	_02827_	3
36	-1.0123	_13737_	10
36	-1.0123	_13711_	10
36	-1.0123	_13334_	10
36	-1.0123	fdct_zigzag.dct_mod.dct_block_0.dct_unit_0.ddin[8]	82
37	-1.0111	_13251_	1
37	-1.0111	_33702_	1
37	-1.0111	_33701_	2
37	-1.0111	_29858_	3
37	-1.0111	_29857_	3
37	-1.0111	_29856_	1
37	-1.0111	_29855_	2
37	-1.0111	_29854_	1
37	-1.0111	_29853_	2
37	-1.0111	_29851_	2
37	-1.0111	_08085_	2
37	-1.0111	_45652_	1
37	-1.0111	_39807_	1
37	-1.0111	_39804_	1
37	-1.0111	_43362_	1
37	-1.0111	_00739_	3
37	-1.0111	_13413_	10
37	-1.0111	_13336_	10
37	-1.0111	_13334_	10
37	-1.0111	fdct_zigzag.dct_mod.dct_block_0.dct_unit_0.ddin[8]	82
38	-1.0104	_13164_	1
38	-1.0104	_32809_	1
38	-1.0104	_32808_	2
38	-1.0104	_22676_	2
38	-1.0104	_22675_	3
38	-1.0104	_22674_	1
38	-1.0104	_22673_	2
38	-1.0104	_22672_	1
38	-1.0104	_22671_	2
38	-1.0104	_22670_	2
38	-1.0104	_07447_	2
38	-1.0104	_40780_	1
38	-1.0104	_40753_	1
38	-1.0104	_40727_	1
38	-1.0104	_40690_	1
38	-1.0104	_00728_	5
38	-1.0104	_13413_	10
38	-1.0104	_13336_	10
38	-1.0104	_13334_	10
38	-1.0104	fdct_zigzag.dct_mod.dct_block_0.dct_unit_0.ddin[8]	82
39	-1.0083	_12168_	1
39	-1.0083	_28951_	1
39	-1.0083	_28950_	1
39	-1.0083	_28948_	3
39	-1.0083	_28947_	3
39	-1.0083	_28946_	1
39	-1.0083	_28945_	2
39	-1.0083	_28943_	1
39	-1.0083	_28942_	2
39	-1.0083	_28941_	2
39	-1.0083	_07803_	2
39	-1.0083	_45058_	1
39	-1.0083	_42227_	1
39	-1.0083	_42224_	1
39	-1.0083	_41588_	2
39	-1.0083	_02894_	4
39	-1.0083	_13541_	10
39	-1.0083	_13504_	10
39	-1.0083	_13334_	10
39	-1.0083	fdct_zigzag.dct_mod.dct_block_0.dct_unit_0.ddin[8]	82
40	-1.0083	_13213_	1
40	-1.0083	_33362_	1
40	-1.0083	_33361_	2
40	-1.0083	_27138_	3
40	-1.0083	_27137_	3
40	-1.0083	_27136_	1
40	-1.0083	_27135_	2
40	-1.0083	_27134_	1
40	-1.0083	_27133_	2
40	-1.0083	_27131_	2
40	-1.0083	_08393_	2
40	-1.0083	_41886_	1
40	-1.0083	_41674_	1
40	-1.0083	_41562_	1
40	-1.0083	_41483_	1
40	-1.0083	_01573_	2
40	-1.0083	_13541_	10
40	-1.0083	_13504_	10
40	-1.0083	_13334_	10
40	-1.0083	fdct_zigzag.dct_mod.dct_block_0.dct_unit_0.ddin[8]	82
41	-1.0082	_13176_	1
41	-1.0082	_32946_	1
41	-1.0082	_32945_	2
41	-1.0082	_23824_	3
41	-1.0082	_23823_	3
41	-1.0082	_23822_	1
41	-1.0082	_23821_	2
41	-1.0082	_23819_	1
41	-1.0082	_23818_	2
41	-1.0082	_23817_	2
41	-1.0082	_05195_	2
41	-1.0082	_44804_	1
41	-1.0082	_44303_	1
41	-1.0082	_43509_	1
41	-1.0082	_43175_	1
41	-1.0082	_01619_	3
41	-1.0082	_13546_	10
41	-1.0082	_13504_	10
41	-1.0082	_13334_	10
41	-1.0082	fdct_zigzag.dct_mod.dct_block_0.dct_unit_0.ddin[8]	82
42	-1.0081	_10921_	1
42	-1.0081	_21763_	1
42	-1.0081	_21762_	1
42	-1.0081	_21760_	3
42	-1.0081	_21759_	3
42	-1.0081	_21758_	1
42	-1.0081	_21757_	2
42	-1.0081	_21755_	1
42	-1.0081	_21754_	2
42	-1.0081	_21753_	2
42	-1.0081	_05822_	2
42	-1.0081	_41853_	1
42	-1.0081	_41704_	1
42	-1.0081	_41609_	1
42	-1.0081	_41458_	1
42	-1.0081	_01552_	6
42	-1.0081	_13541_	10
42	-1.0081	_13504_	10
42	-1.0081	_13334_	10
42	-1.0081	fdct_zigzag.dct_mod.dct_block_0.dct_unit_0.ddin[8]	82
43	-1.0081	_13170_	1
43	-1.0081	_32889_	1
43	-1.0081	_32888_	2
43	-1.0081	_23366_	3
43	-1.0081	_23365_	3
43	-1.0081	_23364_	1
43	-1.0081	_23363_	2
43	-1.0081	_23361_	1
43	-1.0081	_23360_	2
43	-1.0081	_23359_	2
43	-1.0081	_07065_	2
43	-1.0081	_44017_	1
43	-1.0081	_43892_	1
43	-1.0081	_43757_	1
43	-1.0081	_43552_	1
43	-1.0081	_00436_	3
43	-1.0081	_13480_	10
43	-1.0081	_13336_	10
43	-1.0081	_13334_	10
43	-1.0081	fdct_zigzag.dct_mod.dct_block_0.dct_unit_0.ddin[8]	82
44	-1.0077	_13206_	1
44	-1.0077	_33303_	1
44	-1.0077	_33302_	2
44	-1.0077	_26685_	3
44	-1.0077	_26684_	3
44	-1.0077	_26683_	1
44	-1.0077	_26682_	2
44	-1.0077	_26681_	1
44	-1.0077	_26680_	2
44	-1.0077	_26679_	2
44	-1.0077	_03568_	2
44	-1.0077	_39423_	1
44	-1.0077	_39391_	1
44	-1.0077	_39361_	1
44	-1.0077	_39332_	1
44	-1.0077	_00955_	2
44	-1.0077	_13395_	10
44	-1.0077	_13336_	10
44	-1.0077	_13334_	10
44	-1.0077	fdct_zigzag.dct_mod.dct_block_0.dct_unit_0.ddin[8]	82
45	-1.0072	_13097_	1
45	-1.0072	_32039_	1
45	-1.0072	_32038_	2
45	-1.0072	_16650_	3
45	-1.0072	_16649_	3
45	-1.0072	_16648_	1
45	-1.0072	_16647_	2
45	-1.0072	_16646_	1
45	-1.0072	_16645_	2
45	-1.0072	_16643_	2
45	-1.0072	_07156_	2
45	-1.0072	_44535_	1
45	-1.0072	_44533_	1
45	-1.0072	_40534_	1
45	-1.0072	_40531_	1
45	-1.0072	_01931_	3
45	-1.0072	_13603_	10
45	-1.0072	_13504_	10
45	-1.0072	_13334_	10
45	-1.0072	fdct_zigzag.dct_mod.dct_block_0.dct_unit_0.ddin[8]	82
46	-1.0071	_13147_	1
46	-1.0071	_32594_	1
46	-1.0071	_32593_	2
46	-1.0071	_20833_	3
46	-1.0071	_20832_	3
46	-1.0071	_20831_	1
46	-1.0071	_20830_	2
46	-1.0071	_20828_	1
46	-1.0071	_20827_	2
46	-1.0071	_20826_	2
46	-1.0071	_03501_	2
46	-1.0071	_40282_	1
46	-1.0071	_40247_	1
46	-1.0071	_40216_	1
46	-1.0071	_40181_	1
46	-1.0071	_01057_	6
46	-1.0071	_13335_	10
46	-1.0071	_13334_	10
46	-1.0071	fdct_zigzag.dct_mod.dct_block_0.dct_unit_0.ddin[8]	82
47	-1.0056	_13221_	1
47	-1.0056	_33445_	1
47	-1.0056	_33444_	2
47	-1.0056	_27834_	3
47	-1.0056	_27833_	3
47	-1.0056	_27832_	1
47	-1.0056	_27831_	2
47	-1.0056	_27830_	1
47	-1.0056	_27829_	2
47	-1.0056	_27828_	2
47	-1.0056	_07408_	2
47	-1.0056	_42447_	1
47	-1.0056	_41409_	1
47	-1.0056	_41406_	1
47	-1.0056	_45922_	1
47	-1.0056	_00709_	2
47	-1.0056	_13689_	10
47	-1.0056	_13504_	10
47	-1.0056	_13334_	10
47	-1.0056	fdct_zigzag.dct_mod.dct_block_0.dct_unit_0.ddin[8]	82
48	-1.0049	_13101_	1
48	-1.0049	_32092_	1
48	-1.0049	_32091_	2
48	-1.0049	_17135_	3
48	-1.0049	_17134_	3
48	-1.0049	_17133_	1
48	-1.0049	_17132_	2
48	-1.0049	_17130_	1
48	-1.0049	_17129_	2
48	-1.0049	_17128_	2
48	-1.0049	_08229_	2
48	-1.0049	_43598_	1
48	-1.0049	_41096_	1
48	-1.0049	_41093_	1
48	-1.0049	_43638_	1
48	-1.0049	_02121_	2
48	-1.0049	_13603_	10
48	-1.0049	_13504_	10
48	-1.0049	_13334_	10
48	-1.0049	fdct_zigzag.dct_mod.dct_block_0.dct_unit_0.ddin[8]	82
49	-1.0016	_11476_	1
49	-1.0016	_24982_	1
49	-1.0016	_24981_	1
49	-1.0016	_24979_	3
49	-1.0016	_24978_	3
49	-1.0016	_24977_	1
49	-1.0016	_24976_	2
49	-1.0016	_24974_	1
49	-1.0016	_24973_	2
49	-1.0016	_24972_	2
49	-1.0016	_06060_	2
49	-1.0016	_44530_	1
49	-1.0016	_43700_	1
49	-1.0016	_43697_	1
49	-1.0016	_46898_	1
49	-1.0016	_03045_	6
49	-1.0016	_13576_	10
49	-1.0016	_13504_	10
49	-1.0016	_13334_	10
49	-1.0016	fdct_zigzag.dct_mod.dct_block_0.dct_unit_0.ddin[8]	82
50	-1.0010	_13233_	1
50	-1.0010	_33555_	1
50	-1.0010	_33554_	2
50	-1.0010	_28718_	3
50	-1.0010	_28717_	3
50	-1.0010	_28716_	1
50	-1.0010	_28715_	2
50	-1.0010	_28713_	1
50	-1.0010	_28712_	2
50	-1.0010	_28711_	2
50	-1.0010	_05641_	2
50	-1.0010	_45387_	1
50	-1.0010	_42759_	1
50	-1.0010	_42757_	1
50	-1.0010	_43687_	1
50	-1.0010	_02350_	2
50	-1.0010	_13668_	10
50	-1.0010	_13504_	10
50	-1.0010	_13334_	10
50	-1.0010	fdct_zigzag.dct_mod.dct_block_0.dct_unit_0.ddin[8]	82
51	-1.0008	_10922_	1
51	-1.0008	_21766_	1
51	-1.0008	_21765_	1
51	-1.0008	_21739_	3
51	-1.0008	_21738_	3
51	-1.0008	_21736_	1
51	-1.0008	_21735_	2
51	-1.0008	_21734_	1
51	-1.0008	_05822_	2
51	-1.0008	_41853_	1
51	-1.0008	_41704_	1
51	-1.0008	_41609_	1
51	-1.0008	_41458_	1
51	-1.0008	_01552_	6
51	-1.0008	_13541_	10
51	-1.0008	_13504_	10
51	-1.0008	_13334_	10
51	-1.0008	fdct_zigzag.dct_mod.dct_block_0.dct_unit_0.ddin[8]	82
52	-1.0008	_13240_	1
52	-1.0008	_33622_	1
52	-1.0008	_33621_	2
52	-1.0008	_29181_	3
52	-1.0008	_29180_	3
52	-1.0008	_29179_	1
52	-1.0008	_29178_	2
52	-1.0008	_29176_	1
52	-1.0008	_29175_	2
52	-1.0008	_29174_	2
52	-1.0008	_03512_	2
52	-1.0008	_47295_	1
52	-1.0008	_47242_	1
52	-1.0008	_47197_	1
52	-1.0008	_47137_	1
52	-1.0008	_01872_	2
52	-1.0008	_13712_	10
52	-1.0008	_13711_	10
52	-1.0008	_13334_	10
52	-1.0008	fdct_zigzag.dct_mod.dct_block_0.dct_unit_0.ddin[8]	82
53	-1.0008	_13182_	1
53	-1.0008	_33005_	1
53	-1.0008	_33004_	2
53	-1.0008	_24278_	3
53	-1.0008	_24277_	3
53	-1.0008	_24276_	1
53	-1.0008	_24275_	2
53	-1.0008	_24273_	1
53	-1.0008	_24272_	2
53	-1.0008	_24271_	2
53	-1.0008	_05956_	2
53	-1.0008	_45040_	1
53	-1.0008	_44628_	1
53	-1.0008	_43618_	1
53	-1.0008	_43242_	1
53	-1.0008	_02230_	2
53	-1.0008	_13576_	10
53	-1.0008	_13504_	10
53	-1.0008	_13334_	10
53	-1.0008	fdct_zigzag.dct_mod.dct_block_0.dct_unit_0.ddin[8]	82
54	-1.0007	_13145_	1
54	-1.0007	_32570_	1
54	-1.0007	_32569_	2
54	-1.0007	_20609_	3
54	-1.0007	_20608_	3
54	-1.0007	_20607_	1
54	-1.0007	_20606_	2
54	-1.0007	_20604_	1
54	-1.0007	_20603_	2
54	-1.0007	_20602_	2
54	-1.0007	_07204_	2
54	-1.0007	_40018_	1
54	-1.0007	_39990_	1
54	-1.0007	_39964_	1
54	-1.0007	_39938_	1
54	-1.0007	_01138_	2
54	-1.0007	_13361_	10
54	-1.0007	_13336_	10
54	-1.0007	_13334_	10
54	-1.0007	fdct_zigzag.dct_mod.dct_block_0.dct_unit_0.ddin[8]	82
55	-1.0007	_13198_	1
55	-1.0007	_33215_	1
55	-1.0007	_33214_	2
55	-1.0007	_25998_	3
55	-1.0007	_25997_	3
55	-1.0007	_25996_	1
55	-1.0007	_25995_	2
55	-1.0007	_25993_	1
55	-1.0007	_25992_	2
55	-1.0007	_25991_	2
55	-1.0007	_06264_	2
55	-1.0007	_38572_	1
55	-1.0007	_38540_	1
55	-1.0007	_38509_	1
55	-1.0007	_38470_	1
55	-1.0007	_00653_	2
55	-1.0007	_13445_	10
55	-1.0007	_13336_	10
55	-1.0007	_13334_	10
55	-1.0007	fdct_zigzag.dct_mod.dct_block_0.dct_unit_0.ddin[8]	82
56	-1.0007	_13196_	1
56	-1.0007	_33188_	1
56	-1.0007	_33187_	2
56	-1.0007	_25768_	3
56	-1.0007	_25767_	3
56	-1.0007	_25766_	1
56	-1.0007	_25765_	2
56	-1.0007	_25763_	1
56	-1.0007	_25762_	2
56	-1.0007	_25761_	2
56	-1.0007	_06229_	2
56	-1.0007	_38260_	1
56	-1.0007	_38221_	1
56	-1.0007	_38186_	1
56	-1.0007	_38141_	1
56	-1.0007	_00554_	2
56	-1.0007	_13463_	10
56	-1.0007	_13336_	10
56	-1.0007	_13334_	10
56	-1.0007	fdct_zigzag.dct_mod.dct_block_0.dct_unit_0.ddin[8]	82
57	-1.0007	_13200_	1
57	-1.0007	_33242_	1
57	-1.0007	_33241_	2
57	-1.0007	_26229_	3
57	-1.0007	_26228_	3
57	-1.0007	_26227_	1
57	-1.0007	_26226_	2
57	-1.0007	_26224_	1
57	-1.0007	_26223_	2
57	-1.0007	_26222_	2
57	-1.0007	_06316_	2
57	-1.0007	_38881_	1
57	-1.0007	_38842_	1
57	-1.0007	_38815_	1
57	-1.0007	_38775_	1
57	-1.0007	_00742_	2
57	-1.0007	_13413_	10
57	-1.0007	_13336_	10
57	-1.0007	_13334_	10
57	-1.0007	fdct_zigzag.dct_mod.dct_block_0.dct_unit_0.ddin[8]	82
58	-1.0006	_13139_	1
58	-1.0006	_32472_	1
58	-1.0006	_32471_	2
58	-1.0006	_19923_	3
58	-1.0006	_19922_	3
58	-1.0006	_19921_	1
58	-1.0006	_19920_	2
58	-1.0006	_19918_	1
58	-1.0006	_19917_	2
58	-1.0006	_19916_	2
58	-1.0006	_08170_	2
58	-1.0006	_42704_	1
58	-1.0006	_42661_	1
58	-1.0006	_42546_	1
58	-1.0006	_42501_	1
58	-1.0006	_01947_	2
58	-1.0006	_13541_	10
58	-1.0006	_13504_	10
58	-1.0006	_13334_	10
58	-1.0006	fdct_zigzag.dct_mod.dct_block_0.dct_unit_0.ddin[8]	82
59	-1.0005	_13202_	1
59	-1.0005	_33267_	1
59	-1.0005	_33266_	2
59	-1.0005	_26450_	3
59	-1.0005	_26449_	3
59	-1.0005	_26448_	1
59	-1.0005	_26447_	2
59	-1.0005	_26445_	1
59	-1.0005	_26444_	2
59	-1.0005	_26443_	2
59	-1.0005	_03530_	2
59	-1.0005	_39149_	1
59	-1.0005	_39111_	1
59	-1.0005	_39074_	1
59	-1.0005	_39034_	1
59	-1.0005	_00867_	2
59	-1.0005	_13413_	10
59	-1.0005	_13336_	10
59	-1.0005	_13334_	10
59	-1.0005	fdct_zigzag.dct_mod.dct_block_0.dct_unit_0.ddin[8]	82
60	-1.0005	_13134_	1
60	-1.0005	_32441_	1
60	-1.0005	_32440_	2
60	-1.0005	_19683_	3
60	-1.0005	_19682_	3
60	-1.0005	_19681_	1
60	-1.0005	_19680_	2
60	-1.0005	_19678_	1
60	-1.0005	_19677_	2
60	-1.0005	_19676_	2
60	-1.0005	_08837_	2
60	-1.0005	_38352_	1
60	-1.0005	_37844_	1
60	-1.0005	_37842_	1
60	-1.0005	_38046_	1
60	-1.0005	_00482_	2
60	-1.0005	_13445_	10
60	-1.0005	_13336_	10
60	-1.0005	_13334_	10
60	-1.0005	fdct_zigzag.dct_mod.dct_block_0.dct_unit_0.ddin[8]	82
61	-1.0004	_12167_	1
61	-1.0004	_28931_	1
61	-1.0004	_28928_	2
61	-1.0004	_28924_	3
61	-1.0004	_28923_	3
61	-1.0004	_28921_	1
61	-1.0004	_28920_	2
61	-1.0004	_28918_	1
61	-1.0004	_07803_	2
61	-1.0004	_45058_	1
61	-1.0004	_42227_	1
61	-1.0004	_42224_	1
61	-1.0004	_41588_	2
61	-1.0004	_02894_	4
61	-1.0004	_13541_	10
61	-1.0004	_13504_	10
61	-1.0004	_13334_	10
61	-1.0004	fdct_zigzag.dct_mod.dct_block_0.dct_unit_0.ddin[8]	82
62	-1.0000	_12487_	1
62	-1.0000	_30776_	1
62	-1.0000	_30775_	1
62	-1.0000	_30773_	3
62	-1.0000	_30772_	3
62	-1.0000	_30771_	1
62	-1.0000	_30770_	2
62	-1.0000	_30768_	1
62	-1.0000	_30767_	2
62	-1.0000	_30766_	2
62	-1.0000	_08906_	2
62	-1.0000	_47203_	1
62	-1.0000	_47061_	1
62	-1.0000	_46958_	1
62	-1.0000	_46882_	1
62	-1.0000	_01572_	3
62	-1.0000	_13541_	10
62	-1.0000	_13504_	10
62	-1.0000	_13334_	10
62	-1.0000	fdct_zigzag.dct_mod.dct_block_0.dct_unit_0.ddin[8]	82
63	-0.9993	_13117_	1
63	-0.9993	_32285_	1
63	-0.9993	_32284_	2
63	-0.9993	_18483_	3
63	-0.9993	_18482_	3
63	-0.9993	_18481_	1
63	-0.9993	_18480_	2
63	-0.9993	_18478_	1
63	-0.9993	_18477_	2
63	-0.9993	_18475_	2
63	-0.9993	_06726_	2
63	-0.9993	_45429_	1
63	-0.9993	_45426_	1
63	-0.9993	_47274_	1
63	-0.9993	_47155_	1
63	-0.9993	_03066_	2
63	-0.9993	_13636_	10
63	-0.9993	_13504_	10
63	-0.9993	_13334_	10
63	-0.9993	fdct_zigzag.dct_mod.dct_block_0.dct_unit_0.ddin[8]	82
64	-0.9991	_12294_	1
64	-0.9991	_29640_	1
64	-0.9991	_29639_	1
64	-0.9991	_29637_	3
64	-0.9991	_29636_	3
64	-0.9991	_29635_	1
64	-0.9991	_29634_	2
64	-0.9991	_29632_	1
64	-0.9991	_29631_	2
64	-0.9991	_29630_	2
64	-0.9991	_07472_	2
64	-0.9991	_45715_	1
64	-0.9991	_45674_	1
64	-0.9991	_45553_	1
64	-0.9991	_45476_	1
64	-0.9991	_02827_	3
64	-0.9991	_13737_	10
64	-0.9991	_13711_	10
64	-0.9991	_13334_	10
64	-0.9991	fdct_zigzag.dct_mod.dct_block_0.dct_unit_0.ddin[8]	82
65	-0.9987	_12015_	1
65	-0.9987	_28070_	1
65	-0.9987	_28069_	1
65	-0.9987	_28067_	3
65	-0.9987	_28066_	3
65	-0.9987	_28065_	1
65	-0.9987	_28064_	2
65	-0.9987	_28062_	1
65	-0.9987	_28061_	2
65	-0.9987	_28060_	2
65	-0.9987	_06185_	2
65	-0.9987	_40054_	1
65	-0.9987	_40052_	1
65	-0.9987	_39682_	1
65	-0.9987	_39680_	2
65	-0.9987	_01055_	4
65	-0.9987	_13337_	10
65	-0.9987	_13336_	10
65	-0.9987	_13334_	10
65	-0.9987	fdct_zigzag.dct_mod.dct_block_0.dct_unit_0.ddin[8]	82
66	-0.9987	_11477_	1
66	-0.9987	_24986_	1
66	-0.9987	_24985_	1
66	-0.9987	_24958_	3
66	-0.9987	_24957_	3
66	-0.9987	_24955_	1
66	-0.9987	_24954_	2
66	-0.9987	_24952_	1
66	-0.9987	_06060_	2
66	-0.9987	_44530_	1
66	-0.9987	_43700_	1
66	-0.9987	_43697_	1
66	-0.9987	_46898_	1
66	-0.9987	_03045_	6
66	-0.9987	_13576_	10
66	-0.9987	_13504_	10
66	-0.9987	_13334_	10
66	-0.9987	fdct_zigzag.dct_mod.dct_block_0.dct_unit_0.ddin[8]	82
67	-0.9984	_10198_	1
67	-0.9984	_17708_	1
67	-0.9984	_17707_	1
67	-0.9984	_17676_	3
67	-0.9984	_17675_	3
67	-0.9984	_17673_	1
67	-0.9984	_17672_	2
67	-0.9984	_17670_	1
67	-0.9984	_08517_	2
67	-0.9984	_46238_	1
67	-0.9984	_46152_	1
67	-0.9984	_45955_	1
67	-0.9984	_45873_	1
67	-0.9984	_01602_	6
67	-0.9984	_13603_	10
67	-0.9984	_13504_	10
67	-0.9984	_13334_	10
67	-0.9984	fdct_zigzag.dct_mod.dct_block_0.dct_unit_0.ddin[8]	82
68	-0.9981	_11398_	1
68	-0.9981	_24514_	1
68	-0.9981	_24513_	1
68	-0.9981	_24511_	3
68	-0.9981	_24510_	3
68	-0.9981	_24509_	1
68	-0.9981	_24508_	2
68	-0.9981	_24506_	1
68	-0.9981	_24505_	2
68	-0.9981	_24504_	2
68	-0.9981	_08125_	2
68	-0.9981	_41527_	1
68	-0.9981	_38700_	1
68	-0.9981	_38697_	1
68	-0.9981	_41317_	5
68	-0.9981	_03421_	3
68	-0.9981	_13584_	10
68	-0.9981	_13504_	10
68	-0.9981	_13334_	10
68	-0.9981	fdct_zigzag.dct_mod.dct_block_0.dct_unit_0.ddin[8]	82
69	-0.9978	_13153_	1
69	-0.9978	_32677_	1
69	-0.9978	_32676_	2
69	-0.9978	_21531_	3
69	-0.9978	_21530_	3
69	-0.9978	_21529_	1
69	-0.9978	_21528_	2
69	-0.9978	_21526_	1
69	-0.9978	_21525_	2
69	-0.9978	_21524_	2
69	-0.9978	_05695_	2
69	-0.9978	_43835_	1
69	-0.9978	_43832_	1
69	-0.9978	_47109_	1
69	-0.9978	_46558_	1
69	-0.9978	_03107_	2
69	-0.9978	_13486_	10
69	-0.9978	_13336_	10
69	-0.9978	_13334_	10
69	-0.9978	fdct_zigzag.dct_mod.dct_block_0.dct_unit_0.ddin[8]	82
70	-0.9973	_13172_	1
70	-0.9973	_32915_	1
70	-0.9973	_32914_	2
70	-0.9973	_23602_	2
70	-0.9973	_23601_	3
70	-0.9973	_23600_	1
70	-0.9973	_23599_	2
70	-0.9973	_23597_	1
70	-0.9973	_23596_	2
70	-0.9973	_23595_	2
70	-0.9973	_07618_	2
70	-0.9973	_42581_	1
70	-0.9973	_42579_	1
70	-0.9973	_40326_	1
70	-0.9973	_40323_	1
70	-0.9973	_01545_	5
70	-0.9973	_13541_	10
70	-0.9973	_13504_	10
70	-0.9973	_13334_	10
70	-0.9973	fdct_zigzag.dct_mod.dct_block_0.dct_unit_0.ddin[8]	82
71	-0.9959	_13255_	1
71	-0.9959	_33753_	1
71	-0.9959	_33752_	2
71	-0.9959	_30314_	3
71	-0.9959	_30313_	3
71	-0.9959	_30312_	1
71	-0.9959	_30311_	2
71	-0.9959	_30309_	1
71	-0.9959	_30308_	2
71	-0.9959	_30307_	2
71	-0.9959	_08791_	2
71	-0.9959	_47322_	1
71	-0.9959	_46420_	1
71	-0.9959	_44364_	1
71	-0.9959	_40729_	1
71	-0.9959	_01342_	1
71	-0.9959	_13860_	10
71	-0.9959	_13711_	10
71	-0.9959	_13334_	10
71	-0.9959	fdct_zigzag.dct_mod.dct_block_0.dct_unit_0.ddin[8]	82
72	-0.9958	_13109_	1
72	-0.9958	_32204_	1
72	-0.9958	_32203_	2
72	-0.9958	_17923_	3
72	-0.9958	_17922_	3
72	-0.9958	_17921_	1
72	-0.9958	_17920_	2
72	-0.9958	_17918_	1
72	-0.9958	_17917_	2
72	-0.9958	_17916_	2
72	-0.9958	_08161_	2
72	-0.9958	_44462_	1
72	-0.9958	_43945_	1
72	-0.9958	_43495_	1
72	-0.9958	_42967_	1
72	-0.9958	_02122_	2
72	-0.9958	_13505_	10
72	-0.9958	_13504_	10
72	-0.9958	_13334_	10
72	-0.9958	fdct_zigzag.dct_mod.dct_block_0.dct_unit_0.ddin[8]	82
73	-0.9953	_12449_	1
73	-0.9953	_30547_	1
73	-0.9953	_30546_	1
73	-0.9953	_30544_	3
73	-0.9953	_30543_	3
73	-0.9953	_30542_	1
73	-0.9953	_30541_	2
73	-0.9953	_30540_	1
73	-0.9953	_30539_	2
73	-0.9953	_30537_	2
73	-0.9953	_07332_	2
73	-0.9953	_47361_	1
73	-0.9953	_43285_	1
73	-0.9953	_41806_	1
73	-0.9953	_40302_	1
73	-0.9953	_00850_	4
73	-0.9953	_13395_	10
73	-0.9953	_13336_	10
73	-0.9953	_13334_	10
73	-0.9953	fdct_zigzag.dct_mod.dct_block_0.dct_unit_0.ddin[8]	82
74	-0.9953	_10057_	1
74	-0.9953	_16914_	1
74	-0.9953	_16913_	1
74	-0.9953	_16911_	3
74	-0.9953	_16910_	3
74	-0.9953	_16909_	1
74	-0.9953	_16908_	2
74	-0.9953	_16906_	1
74	-0.9953	_16905_	2
74	-0.9953	_16903_	2
74	-0.9953	_07917_	2
74	-0.9953	_42135_	1
74	-0.9953	_42132_	1
74	-0.9953	_42061_	1
74	-0.9953	_42057_	2
74	-0.9953	_01586_	4
74	-0.9953	_13603_	10
74	-0.9953	_13504_	10
74	-0.9953	_13334_	10
74	-0.9953	fdct_zigzag.dct_mod.dct_block_0.dct_unit_0.ddin[8]	82
75	-0.9951	_11399_	1
75	-0.9951	_24518_	1
75	-0.9951	_24517_	1
75	-0.9951	_24489_	3
75	-0.9951	_24488_	3
75	-0.9951	_24486_	1
75	-0.9951	_24485_	2
75	-0.9951	_24483_	1
75	-0.9951	_08125_	2
75	-0.9951	_41527_	1
75	-0.9951	_38700_	1
75	-0.9951	_38697_	1
75	-0.9951	_41317_	5
75	-0.9951	_03421_	3
75	-0.9951	_13584_	10
75	-0.9951	_13504_	10
75	-0.9951	_13334_	10
75	-0.9951	fdct_zigzag.dct_mod.dct_block_0.dct_unit_0.ddin[8]	82
76	-0.9948	_13130_	1
76	-0.9948	_32393_	1
76	-0.9948	_32392_	2
76	-0.9948	_19390_	3
76	-0.9948	_19389_	3
76	-0.9948	_19388_	1
76	-0.9948	_19387_	2
76	-0.9948	_19385_	1
76	-0.9948	_19384_	2
76	-0.9948	_19383_	2
76	-0.9948	_07547_	2
76	-0.9948	_44710_	1
76	-0.9948	_44271_	1
76	-0.9948	_44269_	1
76	-0.9948	_40610_	1
76	-0.9948	_01310_	2
76	-0.9948	_13851_	10
76	-0.9948	_13711_	10
76	-0.9948	_13334_	10
76	-0.9948	fdct_zigzag.dct_mod.dct_block_0.dct_unit_0.ddin[8]	82
77	-0.9946	_11772_	1
77	-0.9946	_26688_	1
77	-0.9946	_26687_	1
77	-0.9946	_26685_	3
77	-0.9946	_26684_	3
77	-0.9946	_26683_	1
77	-0.9946	_26682_	2
77	-0.9946	_26681_	1
77	-0.9946	_26680_	2
77	-0.9946	_26679_	2
77	-0.9946	_03568_	2
77	-0.9946	_39423_	1
77	-0.9946	_39391_	1
77	-0.9946	_39361_	1
77	-0.9946	_39332_	1
77	-0.9946	_00955_	2
77	-0.9946	_13395_	10
77	-0.9946	_13336_	10
77	-0.9946	_13334_	10
77	-0.9946	fdct_zigzag.dct_mod.dct_block_0.dct_unit_0.ddin[8]	82
78	-0.9940	_10765_	1
78	-0.9940	_20836_	1
78	-0.9940	_20835_	1
78	-0.9940	_20833_	3
78	-0.9940	_20832_	3
78	-0.9940	_20831_	1
78	-0.9940	_20830_	2
78	-0.9940	_20828_	1
78	-0.9940	_20827_	2
78	-0.9940	_20826_	2
78	-0.9940	_03501_	2
78	-0.9940	_40282_	1
78	-0.9940	_40247_	1
78	-0.9940	_40216_	1
78	-0.9940	_40181_	1
78	-0.9940	_01057_	6
78	-0.9940	_13335_	10
78	-0.9940	_13334_	10
78	-0.9940	fdct_zigzag.dct_mod.dct_block_0.dct_unit_0.ddin[8]	82
79	-0.9937	_11397_	1
79	-0.9937	_24494_	1
79	-0.9937	_24493_	1
79	-0.9937	_24489_	3
79	-0.9937	_24488_	3
79	-0.9937	_24486_	1
79	-0.9937	_24485_	2
79	-0.9937	_24484_	2
79	-0.9937	_06482_	2
79	-0.9937	_41524_	1
79	-0.9937	_38695_	1
79	-0.9937	_38645_	2
79	-0.9937	_41317_	5
79	-0.9937	_03421_	3
79	-0.9937	_13584_	10
79	-0.9937	_13504_	10
79	-0.9937	_13334_	10
79	-0.9937	fdct_zigzag.dct_mod.dct_block_0.dct_unit_0.ddin[8]	82
80	-0.9917	_13141_	1
80	-0.9917	_32508_	1
80	-0.9917	_32507_	2
80	-0.9917	_20155_	3
80	-0.9917	_20154_	3
80	-0.9917	_20153_	1
80	-0.9917	_20152_	2
80	-0.9917	_20150_	1
80	-0.9917	_20149_	2
80	-0.9917	_20147_	2
80	-0.9917	_07251_	2
80	-0.9917	_41188_	1
80	-0.9917	_41185_	1
80	-0.9917	_47007_	1
80	-0.9917	_46912_	1
80	-0.9917	_03247_	1
80	-0.9917	_13505_	10
80	-0.9917	_13504_	10
80	-0.9917	_13334_	10
80	-0.9917	fdct_zigzag.dct_mod.dct_block_0.dct_unit_0.ddin[8]	82
81	-0.9916	_10920_	1
81	-0.9916	_21744_	1
81	-0.9916	_21743_	1
81	-0.9916	_21739_	3
81	-0.9916	_21738_	3
81	-0.9916	_21736_	1
81	-0.9916	_21735_	2
81	-0.9916	_21734_	1
81	-0.9916	_05822_	2
81	-0.9916	_41853_	1
81	-0.9916	_41704_	1
81	-0.9916	_41609_	1
81	-0.9916	_41458_	1
81	-0.9916	_01552_	6
81	-0.9916	_13541_	10
81	-0.9916	_13504_	10
81	-0.9916	_13334_	10
81	-0.9916	fdct_zigzag.dct_mod.dct_block_0.dct_unit_0.ddin[8]	82
82	-0.9914	_12016_	1
82	-0.9914	_28074_	1
82	-0.9914	_28073_	1
82	-0.9914	_28046_	3
82	-0.9914	_28045_	3
82	-0.9914	_28044_	1
82	-0.9914	_28043_	2
82	-0.9914	_28041_	1
82	-0.9914	_06185_	2
82	-0.9914	_40054_	1
82	-0.9914	_40052_	1
82	-0.9914	_39682_	1
82	-0.9914	_39680_	2
82	-0.9914	_01055_	4
82	-0.9914	_13337_	10
82	-0.9914	_13336_	10
82	-0.9914	_13334_	10
82	-0.9914	fdct_zigzag.dct_mod.dct_block_0.dct_unit_0.ddin[8]	82
83	-0.9913	_13162_	1
83	-0.9913	_32783_	1
83	-0.9913	_32782_	2
83	-0.9913	_22440_	3
83	-0.9913	_22439_	3
83	-0.9913	_22438_	1
83	-0.9913	_22437_	2
83	-0.9913	_22435_	1
83	-0.9913	_22434_	2
83	-0.9913	_22432_	2
83	-0.9913	_07674_	2
83	-0.9913	_40585_	1
83	-0.9913	_40558_	1
83	-0.9913	_40529_	1
83	-0.9913	_40505_	1
83	-0.9913	_00867_	2
83	-0.9913	_13413_	10
83	-0.9913	_13336_	10
83	-0.9913	_13334_	10
83	-0.9913	fdct_zigzag.dct_mod.dct_block_0.dct_unit_0.ddin[8]	82
84	-0.9902	_11437_	1
84	-0.9902	_24748_	1
84	-0.9902	_24747_	1
84	-0.9902	_24745_	3
84	-0.9902	_24744_	3
84	-0.9902	_24743_	1
84	-0.9902	_24742_	2
84	-0.9902	_24740_	1
84	-0.9902	_24739_	2
84	-0.9902	_24738_	2
84	-0.9902	_03946_	2
84	-0.9902	_43310_	1
84	-0.9902	_39579_	1
84	-0.9902	_38028_	1
84	-0.9902	_38025_	1
84	-0.9902	_01628_	5
84	-0.9902	_13546_	10
84	-0.9902	_13504_	10
84	-0.9902	_13334_	10
84	-0.9902	fdct_zigzag.dct_mod.dct_block_0.dct_unit_0.ddin[8]	82
85	-0.9899	_13253_	1
85	-0.9899	_33727_	1
85	-0.9899	_33726_	2
85	-0.9899	_30082_	3
85	-0.9899	_30081_	3
85	-0.9899	_30080_	1
85	-0.9899	_30079_	2
85	-0.9899	_30078_	1
85	-0.9899	_30077_	2
85	-0.9899	_30075_	2
85	-0.9899	_03853_	2
85	-0.9899	_41818_	1
85	-0.9899	_41794_	1
85	-0.9899	_41791_	1
85	-0.9899	_44308_	1
85	-0.9899	_02556_	1
85	-0.9899	_13851_	10
85	-0.9899	_13711_	10
85	-0.9899	_13334_	10
85	-0.9899	fdct_zigzag.dct_mod.dct_block_0.dct_unit_0.ddin[8]	82
86	-0.9890	_13168_	1
86	-0.9890	_32862_	1
86	-0.9890	_32861_	2
86	-0.9890	_23129_	3
86	-0.9890	_23128_	3
86	-0.9890	_23127_	1
86	-0.9890	_23126_	2
86	-0.9890	_23124_	1
86	-0.9890	_23123_	2
86	-0.9890	_23122_	2
86	-0.9890	_04220_	2
86	-0.9890	_47367_	1
86	-0.9890	_45112_	1
86	-0.9890	_43791_	1
86	-0.9890	_43788_	1
86	-0.9890	_02986_	1
86	-0.9890	_13753_	10
86	-0.9890	_13711_	10
86	-0.9890	_13334_	10
86	-0.9890	fdct_zigzag.dct_mod.dct_block_0.dct_unit_0.ddin[8]	82
87	-0.9890	_11321_	1
87	-0.9890	_24063_	1
87	-0.9890	_24062_	1
87	-0.9890	_24031_	3
87	-0.9890	_24030_	3
87	-0.9890	_24028_	1
87	-0.9890	_24027_	2
87	-0.9890	_24025_	1
87	-0.9890	_07336_	2
87	-0.9890	_46772_	1
87	-0.9890	_46629_	1
87	-0.9890	_46456_	1
87	-0.9890	_45241_	2
87	-0.9890	_03039_	4
87	-0.9890	_13576_	10
87	-0.9890	_13504_	10
87	-0.9890	_13334_	10
87	-0.9890	fdct_zigzag.dct_mod.dct_block_0.dct_unit_0.ddin[8]	82
88	-0.9885	_13245_	1
88	-0.9885	_33651_	1
88	-0.9885	_33650_	2
88	-0.9885	_29405_	3
88	-0.9885	_29404_	3
88	-0.9885	_29403_	1
88	-0.9885	_29402_	2
88	-0.9885	_29400_	1
88	-0.9885	_29399_	2
88	-0.9885	_29398_	2
88	-0.9885	_06918_	2
88	-0.9885	_46540_	1
88	-0.9885	_46485_	1
88	-0.9885	_46459_	1
88	-0.9885	_46358_	1
88	-0.9885	_03081_	1
88	-0.9885	_13726_	10
88	-0.9885	_13711_	10
88	-0.9885	_13334_	10
88	-0.9885	fdct_zigzag.dct_mod.dct_block_0.dct_unit_0.ddin[8]	82
89	-0.9884	_10459_	1
89	-0.9884	_19160_	1
89	-0.9884	_19159_	1
89	-0.9884	_19157_	3
89	-0.9884	_19156_	3
89	-0.9884	_19155_	1
89	-0.9884	_19154_	2
89	-0.9884	_19153_	1
89	-0.9884	_19152_	2
89	-0.9884	_19151_	2
89	-0.9884	_05820_	2
89	-0.9884	_45845_	1
89	-0.9884	_45765_	1
89	-0.9884	_45402_	1
89	-0.9884	_45364_	1
89	-0.9884	_02827_	3
89	-0.9884	_13737_	10
89	-0.9884	_13711_	10
89	-0.9884	_13334_	10
89	-0.9884	fdct_zigzag.dct_mod.dct_block_0.dct_unit_0.ddin[8]	82
90	-0.9877	_10196_	1
90	-0.9877	_17685_	1
90	-0.9877	_17680_	2
90	-0.9877	_17676_	3
90	-0.9877	_17675_	3
90	-0.9877	_17673_	1
90	-0.9877	_17672_	2
90	-0.9877	_17670_	1
90	-0.9877	_08517_	2
90	-0.9877	_46238_	1
90	-0.9877	_46152_	1
90	-0.9877	_45955_	1
90	-0.9877	_45873_	1
90	-0.9877	_01602_	6
90	-0.9877	_13603_	10
90	-0.9877	_13504_	10
90	-0.9877	_13334_	10
90	-0.9877	fdct_zigzag.dct_mod.dct_block_0.dct_unit_0.ddin[8]	82
91	-0.9877	_12207_	1
91	-0.9877	_29184_	1
91	-0.9877	_29183_	1
91	-0.9877	_29181_	3
91	-0.9877	_29180_	3
91	-0.9877	_29179_	1
91	-0.9877	_29178_	2
91	-0.9877	_29176_	1
91	-0.9877	_29175_	2
91	-0.9877	_29174_	2
91	-0.9877	_03512_	2
91	-0.9877	_47295_	1
91	-0.9877	_47242_	1
91	-0.9877	_47197_	1
91	-0.9877	_47137_	1
91	-0.9877	_01872_	2
91	-0.9877	_13712_	10
91	-0.9877	_13711_	10
91	-0.9877	_13334_	10
91	-0.9877	fdct_zigzag.dct_mod.dct_block_0.dct_unit_0.ddin[8]	82
92	-0.9877	_11359_	1
92	-0.9877	_24281_	1
92	-0.9877	_24280_	1
92	-0.9877	_24278_	3
92	-0.9877	_24277_	3
92	-0.9877	_24276_	1
92	-0.9877	_24275_	2
92	-0.9877	_24273_	1
92	-0.9877	_24272_	2
92	-0.9877	_24271_	2
92	-0.9877	_05956_	2
92	-0.9877	_45040_	1
92	-0.9877	_44628_	1
92	-0.9877	_43618_	1
92	-0.9877	_43242_	1
92	-0.9877	_02230_	2
92	-0.9877	_13576_	10
92	-0.9877	_13504_	10
92	-0.9877	_13334_	10
92	-0.9877	fdct_zigzag.dct_mod.dct_block_0.dct_unit_0.ddin[8]	82
93	-0.9876	_10726_	1
93	-0.9876	_20612_	1
93	-0.9876	_20611_	1
93	-0.9876	_20609_	3
93	-0.9876	_20608_	3
93	-0.9876	_20607_	1
93	-0.9876	_20606_	2
93	-0.9876	_20604_	1
93	-0.9876	_20603_	2
93	-0.9876	_20602_	2
93	-0.9876	_07204_	2
93	-0.9876	_40018_	1
93	-0.9876	_39990_	1
93	-0.9876	_39964_	1
93	-0.9876	_39938_	1
93	-0.9876	_01138_	2
93	-0.9876	_13361_	10
93	-0.9876	_13336_	10
93	-0.9876	_13334_	10
93	-0.9876	fdct_zigzag.dct_mod.dct_block_0.dct_unit_0.ddin[8]	82
94	-0.9876	_11653_	1
94	-0.9876	_26001_	1
94	-0.9876	_26000_	1
94	-0.9876	_25998_	3
94	-0.9876	_25997_	3
94	-0.9876	_25996_	1
94	-0.9876	_25995_	2
94	-0.9876	_25993_	1
94	-0.9876	_25992_	2
94	-0.9876	_25991_	2
94	-0.9876	_06264_	2
94	-0.9876	_38572_	1
94	-0.9876	_38540_	1
94	-0.9876	_38509_	1
94	-0.9876	_38470_	1
94	-0.9876	_00653_	2
94	-0.9876	_13445_	10
94	-0.9876	_13336_	10
94	-0.9876	_13334_	10
94	-0.9876	fdct_zigzag.dct_mod.dct_block_0.dct_unit_0.ddin[8]	82
95	-0.9876	_11614_	1
95	-0.9876	_25771_	1
95	-0.9876	_25770_	1
95	-0.9876	_25768_	3
95	-0.9876	_25767_	3
95	-0.9876	_25766_	1
95	-0.9876	_25765_	2
95	-0.9876	_25763_	1
95	-0.9876	_25762_	2
95	-0.9876	_25761_	2
95	-0.9876	_06229_	2
95	-0.9876	_38260_	1
95	-0.9876	_38221_	1
95	-0.9876	_38186_	1
95	-0.9876	_38141_	1
95	-0.9876	_00554_	2
95	-0.9876	_13463_	10
95	-0.9876	_13336_	10
95	-0.9876	_13334_	10
95	-0.9876	fdct_zigzag.dct_mod.dct_block_0.dct_unit_0.ddin[8]	82
96	-0.9876	_11692_	1
96	-0.9876	_26232_	1
96	-0.9876	_26231_	1
96	-0.9876	_26229_	3
96	-0.9876	_26228_	3
96	-0.9876	_26227_	1
96	-0.9876	_26226_	2
96	-0.9876	_26224_	1
96	-0.9876	_26223_	2
96	-0.9876	_26222_	2
96	-0.9876	_06316_	2
96	-0.9876	_38881_	1
96	-0.9876	_38842_	1
96	-0.9876	_38815_	1
96	-0.9876	_38775_	1
96	-0.9876	_00742_	2
96	-0.9876	_13413_	10
96	-0.9876	_13336_	10
96	-0.9876	_13334_	10
96	-0.9876	fdct_zigzag.dct_mod.dct_block_0.dct_unit_0.ddin[8]	82
97	-0.9873	_11438_	1
97	-0.9873	_24752_	1
97	-0.9873	_24751_	1
97	-0.9873	_24724_	3
97	-0.9873	_24723_	3
97	-0.9873	_24721_	1
97	-0.9873	_24720_	2
97	-0.9873	_24718_	1
97	-0.9873	_03946_	2
97	-0.9873	_43310_	1
97	-0.9873	_39579_	1
97	-0.9873	_38028_	1
97	-0.9873	_38025_	1
97	-0.9873	_01628_	5
97	-0.9873	_13546_	10
97	-0.9873	_13504_	10
97	-0.9873	_13334_	10
97	-0.9873	fdct_zigzag.dct_mod.dct_block_0.dct_unit_0.ddin[8]	82
98	-0.9869	_10159_	1
98	-0.9869	_17478_	1
98	-0.9869	_17477_	1
98	-0.9869	_17446_	3
98	-0.9869	_17445_	3
98	-0.9869	_17443_	1
98	-0.9869	_17442_	2
98	-0.9869	_17440_	1
98	-0.9869	_06021_	2
98	-0.9869	_46383_	1
98	-0.9869	_46280_	1
98	-0.9869	_46209_	1
98	-0.9869	_46126_	1
98	-0.9869	_02114_	5
98	-0.9869	_13505_	10
98	-0.9869	_13504_	10
98	-0.9869	_13334_	10
98	-0.9869	fdct_zigzag.dct_mod.dct_block_0.dct_unit_0.ddin[8]	82
99	-0.9867	_13160_	1
99	-0.9867	_32755_	1
99	-0.9867	_32754_	2
99	-0.9867	_22207_	3
99	-0.9867	_22206_	3
99	-0.9867	_22205_	1
99	-0.9867	_22204_	2
99	-0.9867	_22202_	1
99	-0.9867	_22201_	2
99	-0.9867	_22199_	2
99	-0.9867	_07849_	2
99	-0.9867	_42774_	1
99	-0.9867	_42771_	1
99	-0.9867	_39458_	1
99	-0.9867	_39455_	1
99	-0.9867	_02196_	1
99	-0.9867	_13816_	10
99	-0.9867	_13711_	10
99	-0.9867	_13334_	10
99	-0.9867	fdct_zigzag.dct_mod.dct_block_0.dct_unit_0.ddin[8]	82
100	-0.9866	_13166_	1
100	-0.9866	_32838_	1
100	-0.9866	_32835_	2
100	-0.9866	_22903_	3
100	-0.9866	_22902_	3
100	-0.9866	_22901_	1
100	-0.9866	_22900_	2
100	-0.9866	_22899_	1
100	-0.9866	_22898_	2
100	-0.9866	_22896_	2
100	-0.9866	_07463_	2
100	-0.9866	_47343_	1
100	-0.9866	_42279_	1
100	-0.9866	_42277_	1
100	-0.9866	_42295_	1
100	-0.9866	_00569_	2
100	-0.9866	_13782_	10
100	-0.9866	_13711_	10
100	-0.9866	_13334_	10
100	-0.9866	fdct_zigzag.dct_mod.dct_block_0.dct_unit_0.ddin[8]	82
101	-0.9865	_12448_	1
101	-0.9865	_30528_	1
101	-0.9865	_30525_	2
101	-0.9865	_30521_	3
101	-0.9865	_30520_	3
101	-0.9865	_30518_	1
101	-0.9865	_30517_	2
101	-0.9865	_30515_	1
101	-0.9865	_07332_	2
101	-0.9865	_47361_	1
101	-0.9865	_43285_	1
101	-0.9865	_41806_	1
101	-0.9865	_40302_	1
101	-0.9865	_00850_	4
101	-0.9865	_13395_	10
101	-0.9865	_13336_	10
101	-0.9865	_13334_	10
101	-0.9865	fdct_zigzag.dct_mod.dct_block_0.dct_unit_0.ddin[8]	82
102	-0.9862	_10336_	1
102	-0.9862	_18485_	1
102	-0.9862	_18484_	1
102	-0.9862	_18483_	3
102	-0.9862	_18482_	3
102	-0.9862	_18481_	1
102	-0.9862	_18480_	2
102	-0.9862	_18478_	1
102	-0.9862	_18477_	2
102	-0.9862	_18475_	2
102	-0.9862	_06726_	2
102	-0.9862	_45429_	1
102	-0.9862	_45426_	1
102	-0.9862	_47274_	1
102	-0.9862	_47155_	1
102	-0.9862	_03066_	2
102	-0.9862	_13636_	10
102	-0.9862	_13504_	10
102	-0.9862	_13334_	10
102	-0.9862	fdct_zigzag.dct_mod.dct_block_0.dct_unit_0.ddin[8]	82
103	-0.9862	_11475_	1
103	-0.9862	_24963_	1
103	-0.9862	_24962_	1
103	-0.9862	_24958_	3
103	-0.9862	_24957_	3
103	-0.9862	_24955_	1
103	-0.9862	_24954_	2
103	-0.9862	_24952_	1
103	-0.9862	_06060_	2
103	-0.9862	_44530_	1
103	-0.9862	_43700_	1
103	-0.9862	_43697_	1
103	-0.9862	_46898_	1
103	-0.9862	_03045_	6
103	-0.9862	_13576_	10
103	-0.9862	_13504_	10
103	-0.9862	_13334_	10
103	-0.9862	fdct_zigzag.dct_mod.dct_block_0.dct_unit_0.ddin[8]	82
104	-0.9861	_10058_	1
104	-0.9861	_16917_	1
104	-0.9861	_16916_	1
104	-0.9861	_16889_	3
104	-0.9861	_16888_	3
104	-0.9861	_16886_	1
104	-0.9861	_16885_	2
104	-0.9861	_16884_	1
104	-0.9861	_07917_	2
104	-0.9861	_42135_	1
104	-0.9861	_42132_	1
104	-0.9861	_42061_	1
104	-0.9861	_42057_	2
104	-0.9861	_01586_	4
104	-0.9861	_13603_	10
104	-0.9861	_13504_	10
104	-0.9861	_13334_	10
104	-0.9861	fdct_zigzag.dct_mod.dct_block_0.dct_unit_0.ddin[8]	82
105	-0.9858	_13157_	1
105	-0.9858	_32729_	1
105	-0.9858	_32728_	2
105	-0.9858	_21980_	3
105	-0.9858	_21979_	3
105	-0.9858	_21978_	1
105	-0.9858	_21977_	2
105	-0.9858	_21976_	1
105	-0.9858	_21975_	2
105	-0.9858	_21974_	2
105	-0.9858	_08489_	2
105	-0.9858	_42239_	1
105	-0.9858	_39525_	1
105	-0.9858	_39522_	1
105	-0.9858	_40441_	1
105	-0.9858	_01809_	1
105	-0.9858	_13827_	10
105	-0.9858	_13711_	10
105	-0.9858	_13334_	10
105	-0.9858	fdct_zigzag.dct_mod.dct_block_0.dct_unit_0.ddin[8]	82
106	-0.9835	_13217_	1
106	-0.9835	_33388_	1
106	-0.9835	_33387_	2
106	-0.9835	_27372_	3
106	-0.9835	_27371_	3
106	-0.9835	_27370_	1
106	-0.9835	_27369_	2
106	-0.9835	_27367_	1
106	-0.9835	_27366_	2
106	-0.9835	_27365_	2
106	-0.9835	_07394_	2
106	-0.9835	_44399_	1
106	-0.9835	_44290_	1
106	-0.9835	_44211_	1
106	-0.9835	_44082_	1
106	-0.9835	_02476_	1
106	-0.9835	_13668_	10
106	-0.9835	_13504_	10
106	-0.9835	_13334_	10
106	-0.9835	fdct_zigzag.dct_mod.dct_block_0.dct_unit_0.ddin[8]	82
107	-0.9831	_10458_	1
107	-0.9831	_19140_	1
107	-0.9831	_19137_	2
107	-0.9831	_19133_	3
107	-0.9831	_19132_	3
107	-0.9831	_19130_	1
107	-0.9831	_19129_	2
107	-0.9831	_19127_	1
107	-0.9831	_05820_	2
107	-0.9831	_45845_	1
107	-0.9831	_45765_	1
107	-0.9831	_45402_	1
107	-0.9831	_45364_	1
107	-0.9831	_02827_	3
107	-0.9831	_13737_	10
107	-0.9831	_13711_	10
107	-0.9831	_13334_	10
107	-0.9831	fdct_zigzag.dct_mod.dct_block_0.dct_unit_0.ddin[8]	82
108	-0.9811	_12014_	1
108	-0.9811	_28051_	1
108	-0.9811	_28050_	1
108	-0.9811	_28046_	3
108	-0.9811	_28045_	3
108	-0.9811	_28044_	1
108	-0.9811	_28043_	2
108	-0.9811	_28042_	2
108	-0.9811	_07375_	2
108	-0.9811	_42853_	1
108	-0.9811	_39502_	1
108	-0.9811	_39500_	1
108	-0.9811	_38958_	1
108	-0.9811	_00812_	5
108	-0.9811	_13337_	10
108	-0.9811	_13336_	10
108	-0.9811	_13334_	10
108	-0.9811	fdct_zigzag.dct_mod.dct_block_0.dct_unit_0.ddin[8]	82
109	-0.9788	_10019_	1
109	-0.9788	_16657_	1
109	-0.9788	_16656_	1
109	-0.9788	_16627_	3
109	-0.9788	_16626_	3
109	-0.9788	_16624_	1
109	-0.9788	_16623_	2
109	-0.9788	_16622_	2
109	-0.9788	_03750_	2
109	-0.9788	_43398_	1
109	-0.9788	_43396_	1
109	-0.9788	_45141_	1
109	-0.9788	_45224_	1
109	-0.9788	_02114_	5
109	-0.9788	_13505_	10
109	-0.9788	_13504_	10
109	-0.9788	_13334_	10
109	-0.9788	fdct_zigzag.dct_mod.dct_block_0.dct_unit_0.ddin[8]	82
110	-0.9786	_10648_	1
110	-0.9786	_20157_	1
110	-0.9786	_20156_	1
110	-0.9786	_20155_	3
110	-0.9786	_20154_	3
110	-0.9786	_20153_	1
110	-0.9786	_20152_	2
110	-0.9786	_20150_	1
110	-0.9786	_20149_	2
110	-0.9786	_20147_	2
110	-0.9786	_07251_	2
110	-0.9786	_41188_	1
110	-0.9786	_41185_	1
110	-0.9786	_47007_	1
110	-0.9786	_46912_	1
110	-0.9786	_03247_	1
110	-0.9786	_13505_	10
110	-0.9786	_13504_	10
110	-0.9786	_13334_	10
110	-0.9786	fdct_zigzag.dct_mod.dct_block_0.dct_unit_0.ddin[8]	82
111	-0.9783	_11319_	1
111	-0.9783	_24041_	1
111	-0.9783	_24035_	2
111	-0.9783	_24031_	3
111	-0.9783	_24030_	3
111	-0.9783	_24028_	1
111	-0.9783	_24027_	2
111	-0.9783	_24025_	1
111	-0.9783	_07336_	2
111	-0.9783	_46772_	1
111	-0.9783	_46629_	1
111	-0.9783	_46456_	1
111	-0.9783	_45241_	2
111	-0.9783	_03039_	4
111	-0.9783	_13576_	10
111	-0.9783	_13504_	10
111	-0.9783	_13334_	10
111	-0.9783	fdct_zigzag.dct_mod.dct_block_0.dct_unit_0.ddin[8]	82
112	-0.9780	_11041_	1
112	-0.9780	_22442_	1
112	-0.9780	_22441_	1
112	-0.9780	_22440_	3
112	-0.9780	_22439_	3
112	-0.9780	_22438_	1
112	-0.9780	_22437_	2
112	-0.9780	_22435_	1
112	-0.9780	_22434_	2
112	-0.9780	_22432_	2
112	-0.9780	_07674_	2
112	-0.9780	_40585_	1
112	-0.9780	_40558_	1
112	-0.9780	_40529_	1
112	-0.9780	_40505_	1
112	-0.9780	_00867_	2
112	-0.9780	_13413_	10
112	-0.9780	_13336_	10
112	-0.9780	_13334_	10
112	-0.9780	fdct_zigzag.dct_mod.dct_block_0.dct_unit_0.ddin[8]	82
113	-0.9780	_12333_	1
113	-0.9780	_29865_	1
113	-0.9780	_29864_	1
113	-0.9780	_29837_	3
113	-0.9780	_29836_	3
113	-0.9780	_29834_	1
113	-0.9780	_29833_	2
113	-0.9780	_29832_	2
113	-0.9780	_07758_	2
113	-0.9780	_44917_	1
113	-0.9780	_44240_	1
113	-0.9780	_44239_	1
113	-0.9780	_41261_	1
113	-0.9780	_00728_	5
113	-0.9780	_13413_	10
113	-0.9780	_13336_	10
113	-0.9780	_13334_	10
113	-0.9780	fdct_zigzag.dct_mod.dct_block_0.dct_unit_0.ddin[8]	82
114	-0.9767	_11080_	1
114	-0.9767	_22678_	1
114	-0.9767	_22677_	1
114	-0.9767	_22676_	2
114	-0.9767	_22675_	3
114	-0.9767	_22674_	1
114	-0.9767	_22673_	2
114	-0.9767	_22672_	1
114	-0.9767	_22671_	2
114	-0.9767	_22670_	2
114	-0.9767	_07447_	2
114	-0.9767	_40780_	1
114	-0.9767	_40753_	1
114	-0.9767	_40727_	1
114	-0.9767	_40690_	1
114	-0.9767	_00728_	5
114	-0.9767	_13413_	10
114	-0.9767	_13336_	10
114	-0.9767	_13334_	10
114	-0.9767	fdct_zigzag.dct_mod.dct_block_0.dct_unit_0.ddin[8]	82
115	-0.9766	_11976_	1
115	-0.9766	_27837_	1
115	-0.9766	_27836_	1
115	-0.9766	_27834_	3
115	-0.9766	_27833_	3
115	-0.9766	_27832_	1
115	-0.9766	_27831_	2
115	-0.9766	_27830_	1
115	-0.9766	_27829_	2
115	-0.9766	_27828_	2
115	-0.9766	_07408_	2
115	-0.9766	_42447_	1
115	-0.9766	_41409_	1
115	-0.9766	_41406_	1
115	-0.9766	_45922_	1
115	-0.9766	_00709_	2
115	-0.9766	_13689_	10
115	-0.9766	_13504_	10
115	-0.9766	_13334_	10
115	-0.9766	fdct_zigzag.dct_mod.dct_block_0.dct_unit_0.ddin[8]	82
116	-0.9766	_12331_	1
116	-0.9766	_29842_	1
116	-0.9766	_29841_	1
116	-0.9766	_29837_	3
116	-0.9766	_29836_	3
116	-0.9766	_29834_	1
116	-0.9766	_29833_	2
116	-0.9766	_29832_	2
116	-0.9766	_07758_	2
116	-0.9766	_44917_	1
116	-0.9766	_44240_	1
116	-0.9766	_44239_	1
116	-0.9766	_41261_	1
116	-0.9766	_00728_	5
116	-0.9766	_13413_	10
116	-0.9766	_13336_	10
116	-0.9766	_13334_	10
116	-0.9766	fdct_zigzag.dct_mod.dct_block_0.dct_unit_0.ddin[8]	82
117	-0.9764	_10017_	1
117	-0.9764	_16632_	1
117	-0.9764	_16631_	1
117	-0.9764	_16627_	3
117	-0.9764	_16626_	3
117	-0.9764	_16624_	1
117	-0.9764	_16623_	2
117	-0.9764	_16622_	2
117	-0.9764	_03750_	2
117	-0.9764	_43398_	1
117	-0.9764	_43396_	1
117	-0.9764	_45141_	1
117	-0.9764	_45224_	1
117	-0.9764	_02114_	5
117	-0.9764	_13505_	10
117	-0.9764	_13504_	10
117	-0.9764	_13334_	10
117	-0.9764	fdct_zigzag.dct_mod.dct_block_0.dct_unit_0.ddin[8]	82
118	-0.9763	_10157_	1
118	-0.9763	_17456_	1
118	-0.9763	_17450_	2
118	-0.9763	_17446_	3
118	-0.9763	_17445_	3
118	-0.9763	_17443_	1
118	-0.9763	_17442_	2
118	-0.9763	_17440_	1
118	-0.9763	_06021_	2
118	-0.9763	_46383_	1
118	-0.9763	_46280_	1
118	-0.9763	_46209_	1
118	-0.9763	_46126_	1
118	-0.9763	_02114_	5
118	-0.9763	_13505_	10
118	-0.9763	_13504_	10
118	-0.9763	_13334_	10
118	-0.9763	fdct_zigzag.dct_mod.dct_block_0.dct_unit_0.ddin[8]	82
119	-0.9757	_11277_	1
119	-0.9757	_23808_	1
119	-0.9757	_23807_	1
119	-0.9757	_23803_	3
119	-0.9757	_23802_	3
119	-0.9757	_23800_	1
119	-0.9757	_23799_	2
119	-0.9757	_23798_	2
119	-0.9757	_05056_	2
119	-0.9757	_44802_	1
119	-0.9757	_44253_	1
119	-0.9757	_43506_	1
119	-0.9757	_43163_	1
119	-0.9757	_01628_	5
119	-0.9757	_13546_	10
119	-0.9757	_13504_	10
119	-0.9757	_13334_	10
119	-0.9757	fdct_zigzag.dct_mod.dct_block_0.dct_unit_0.ddin[8]	82
120	-0.9754	_12249_	1
120	-0.9754	_29408_	1
120	-0.9754	_29407_	1
120	-0.9754	_29405_	3
120	-0.9754	_29404_	3
120	-0.9754	_29403_	1
120	-0.9754	_29402_	2
120	-0.9754	_29400_	1
120	-0.9754	_29399_	2
120	-0.9754	_29398_	2
120	-0.9754	_06918_	2
120	-0.9754	_46540_	1
120	-0.9754	_46485_	1
120	-0.9754	_46459_	1
120	-0.9754	_46358_	1
120	-0.9754	_03081_	1
120	-0.9754	_13726_	10
120	-0.9754	_13711_	10
120	-0.9754	_13334_	10
120	-0.9754	fdct_zigzag.dct_mod.dct_block_0.dct_unit_0.ddin[8]	82
121	-0.9753	_11941_	1
121	-0.9753	_27623_	1
121	-0.9753	_27604_	3
121	-0.9753	_27603_	1
121	-0.9753	_27602_	2
121	-0.9753	_27600_	1
121	-0.9753	_27599_	2
121	-0.9753	_27598_	2
121	-0.9753	_07158_	2
121	-0.9753	_43338_	1
121	-0.9753	_43217_	1
121	-0.9753	_43013_	1
121	-0.9753	_42910_	4
121	-0.9753	_01156_	7
121	-0.9753	_13480_	10
121	-0.9753	_13336_	10
121	-0.9753	_13334_	10
121	-0.9753	fdct_zigzag.dct_mod.dct_block_0.dct_unit_0.ddin[8]	82
122	-0.9751	_10298_	1
122	-0.9751	_18261_	1
122	-0.9751	_18260_	1
122	-0.9751	_18229_	3
122	-0.9751	_18228_	3
122	-0.9751	_18226_	1
122	-0.9751	_18225_	2
122	-0.9751	_18223_	1
122	-0.9751	_05723_	2
122	-0.9751	_46090_	1
122	-0.9751	_45886_	1
122	-0.9751	_45307_	1
122	-0.9751	_45172_	1
122	-0.9751	_00850_	4
122	-0.9751	_13395_	10
122	-0.9751	_13336_	10
122	-0.9751	_13334_	10
122	-0.9751	fdct_zigzag.dct_mod.dct_block_0.dct_unit_0.ddin[8]	82
123	-0.9750	_13123_	1
123	-0.9750	_32333_	1
123	-0.9750	_32332_	2
123	-0.9750	_18946_	2
123	-0.9750	_18945_	3
123	-0.9750	_18944_	1
123	-0.9750	_18943_	2
123	-0.9750	_18942_	1
123	-0.9750	_18941_	2
123	-0.9750	_18940_	2
123	-0.9750	_08820_	2
123	-0.9750	_43132_	1
123	-0.9750	_43129_	1
123	-0.9750	_45109_	1
123	-0.9750	_42252_	1
123	-0.9750	_01333_	2
123	-0.9750	_13782_	10
123	-0.9750	_13711_	10
123	-0.9750	_13334_	10
123	-0.9750	fdct_zigzag.dct_mod.dct_block_0.dct_unit_0.ddin[8]	82
124	-0.9748	_11436_	1
124	-0.9748	_24729_	1
124	-0.9748	_24728_	1
124	-0.9748	_24724_	3
124	-0.9748	_24723_	3
124	-0.9748	_24721_	1
124	-0.9748	_24720_	2
124	-0.9748	_24718_	1
124	-0.9748	_03946_	2
124	-0.9748	_43310_	1
124	-0.9748	_39579_	1
124	-0.9748	_38028_	1
124	-0.9748	_38025_	1
124	-0.9748	_01628_	5
124	-0.9748	_13546_	10
124	-0.9748	_13504_	10
124	-0.9748	_13334_	10
124	-0.9748	fdct_zigzag.dct_mod.dct_block_0.dct_unit_0.ddin[8]	82
125	-0.9744	_10550_	1
125	-0.9744	_19686_	1
125	-0.9744	_19685_	1
125	-0.9744	_19683_	3
125	-0.9744	_19682_	3
125	-0.9744	_19681_	1
125	-0.9744	_19680_	2
125	-0.9744	_19678_	1
125	-0.9744	_19677_	2
125	-0.9744	_19676_	2
125	-0.9744	_08837_	2
125	-0.9744	_38352_	1
125	-0.9744	_37844_	1
125	-0.9744	_37842_	1
125	-0.9744	_38046_	1
125	-0.9744	_00482_	2
125	-0.9744	_13445_	10
125	-0.9744	_13336_	10
125	-0.9744	_13334_	10
125	-0.9744	fdct_zigzag.dct_mod.dct_block_0.dct_unit_0.ddin[8]	82
126	-0.9743	_11119_	1
126	-0.9743	_22906_	1
126	-0.9743	_22905_	1
126	-0.9743	_22903_	3
126	-0.9743	_22902_	3
126	-0.9743	_22901_	1
126	-0.9743	_22900_	2
126	-0.9743	_22899_	1
126	-0.9743	_22898_	2
126	-0.9743	_22896_	2
126	-0.9743	_07463_	2
126	-0.9743	_47343_	1
126	-0.9743	_42279_	1
126	-0.9743	_42277_	1
126	-0.9743	_42295_	1
126	-0.9743	_00569_	2
126	-0.9743	_13782_	10
126	-0.9743	_13711_	10
126	-0.9743	_13334_	10
126	-0.9743	fdct_zigzag.dct_mod.dct_block_0.dct_unit_0.ddin[8]	82
127	-0.9741	_11279_	1
127	-0.9741	_23831_	1
127	-0.9741	_23830_	1
127	-0.9741	_23803_	3
127	-0.9741	_23802_	3
127	-0.9741	_23800_	1
127	-0.9741	_23799_	2
127	-0.9741	_23798_	2
127	-0.9741	_05056_	2
127	-0.9741	_44802_	1
127	-0.9741	_44253_	1
127	-0.9741	_43506_	1
127	-0.9741	_43163_	1
127	-0.9741	_01628_	5
127	-0.9741	_13546_	10
127	-0.9741	_13504_	10
127	-0.9741	_13334_	10
127	-0.9741	fdct_zigzag.dct_mod.dct_block_0.dct_unit_0.ddin[8]	82
128	-0.9738	_11576_	1
128	-0.9738	_25548_	1
128	-0.9738	_25547_	1
128	-0.9738	_25545_	3
128	-0.9738	_25544_	3
128	-0.9738	_25543_	1
128	-0.9738	_25542_	2
128	-0.9738	_25540_	1
128	-0.9738	_25539_	2
128	-0.9738	_25537_	2
128	-0.9738	_07239_	2
128	-0.9738	_37979_	1
128	-0.9738	_37936_	1
128	-0.9738	_37905_	1
128	-0.9738	_37866_	1
128	-0.9738	_00436_	3
128	-0.9738	_13480_	10
128	-0.9738	_13336_	10
128	-0.9738	_13334_	10
128	-0.9738	fdct_zigzag.dct_mod.dct_block_0.dct_unit_0.ddin[8]	82
129	-0.9738	_12488_	1
129	-0.9738	_30780_	1
129	-0.9738	_30779_	1
129	-0.9738	_30749_	3
129	-0.9738	_30748_	3
129	-0.9738	_30746_	1
129	-0.9738	_30745_	2
129	-0.9738	_30744_	2
129	-0.9738	_08299_	2
129	-0.9738	_47201_	1
129	-0.9738	_47058_	1
129	-0.9738	_46955_	1
129	-0.9738	_46880_	1
129	-0.9738	_01545_	5
129	-0.9738	_13541_	10
129	-0.9738	_13504_	10
129	-0.9738	_13334_	10
129	-0.9738	fdct_zigzag.dct_mod.dct_block_0.dct_unit_0.ddin[8]	82
130	-0.9730	_11939_	1
130	-0.9730	_27616_	1
130	-0.9730	_27615_	1
130	-0.9730	_27614_	1
130	-0.9730	_27604_	3
130	-0.9730	_27603_	1
130	-0.9730	_27602_	2
130	-0.9730	_27600_	1
130	-0.9730	_27599_	2
130	-0.9730	_27598_	2
130	-0.9730	_07158_	2
130	-0.9730	_43338_	1
130	-0.9730	_43217_	1
130	-0.9730	_43013_	1
130	-0.9730	_42910_	4
130	-0.9730	_01156_	7
130	-0.9730	_13480_	10
130	-0.9730	_13336_	10
130	-0.9730	_13334_	10
130	-0.9730	fdct_zigzag.dct_mod.dct_block_0.dct_unit_0.ddin[8]	82
131	-0.9720	_11082_	1
131	-0.9720	_22685_	1
131	-0.9720	_22684_	1
131	-0.9720	_22683_	1
131	-0.9720	_22675_	3
131	-0.9720	_22674_	1
131	-0.9720	_22673_	2
131	-0.9720	_22672_	1
131	-0.9720	_22671_	2
131	-0.9720	_22670_	2
131	-0.9720	_07447_	2
131	-0.9720	_40780_	1
131	-0.9720	_40753_	1
131	-0.9720	_40727_	1
131	-0.9720	_40690_	1
131	-0.9720	_00728_	5
131	-0.9720	_13413_	10
131	-0.9720	_13336_	10
131	-0.9720	_13334_	10
131	-0.9720	fdct_zigzag.dct_mod.dct_block_0.dct_unit_0.ddin[8]	82
132	-0.9716	_12169_	1
132	-0.9716	_28954_	1
132	-0.9716	_28953_	1
132	-0.9716	_28924_	3
132	-0.9716	_28923_	3
132	-0.9716	_28921_	1
132	-0.9716	_28920_	2
132	-0.9716	_28918_	1
132	-0.9716	_07803_	2
132	-0.9716	_45058_	1
132	-0.9716	_42227_	1
132	-0.9716	_42224_	1
132	-0.9716	_41588_	2
132	-0.9716	_02894_	4
132	-0.9716	_13541_	10
132	-0.9716	_13504_	10
132	-0.9716	_13334_	10
132	-0.9716	fdct_zigzag.dct_mod.dct_block_0.dct_unit_0.ddin[8]	82
133	-0.9712	_12332_	1
133	-0.9712	_29861_	1
133	-0.9712	_29860_	1
133	-0.9712	_29858_	3
133	-0.9712	_29857_	3
133	-0.9712	_29856_	1
133	-0.9712	_29855_	2
133	-0.9712	_29854_	1
133	-0.9712	_29853_	2
133	-0.9712	_29851_	2
133	-0.9712	_08085_	2
133	-0.9712	_45652_	1
133	-0.9712	_39807_	1
133	-0.9712	_39804_	1
133	-0.9712	_43362_	1
133	-0.9712	_00739_	3
133	-0.9712	_13413_	10
133	-0.9712	_13336_	10
133	-0.9712	_13334_	10
133	-0.9712	fdct_zigzag.dct_mod.dct_block_0.dct_unit_0.ddin[8]	82
134	-0.9705	_10056_	1
134	-0.9705	_16894_	1
134	-0.9705	_16893_	1
134	-0.9705	_16889_	3
134	-0.9705	_16888_	3
134	-0.9705	_16886_	1
134	-0.9705	_16885_	2
134	-0.9705	_16884_	1
134	-0.9705	_07917_	2
134	-0.9705	_42135_	1
134	-0.9705	_42132_	1
134	-0.9705	_42061_	1
134	-0.9705	_42057_	2
134	-0.9705	_01586_	4
134	-0.9705	_13603_	10
134	-0.9705	_13504_	10
134	-0.9705	_13334_	10
134	-0.9705	fdct_zigzag.dct_mod.dct_block_0.dct_unit_0.ddin[8]	82
135	-0.9704	_10375_	1
135	-0.9704	_18719_	1
135	-0.9704	_18718_	1
135	-0.9704	_18716_	3
135	-0.9704	_18715_	3
135	-0.9704	_18714_	1
135	-0.9704	_18713_	2
135	-0.9704	_18711_	1
135	-0.9704	_18710_	2
135	-0.9704	_18709_	2
135	-0.9704	_05774_	2
135	-0.9704	_41069_	1
135	-0.9704	_41066_	1
135	-0.9704	_41126_	1
135	-0.9704	_43359_	1
135	-0.9704	_00419_	3
135	-0.9704	_13480_	10
135	-0.9704	_13336_	10
135	-0.9704	_13334_	10
135	-0.9704	fdct_zigzag.dct_mod.dct_block_0.dct_unit_0.ddin[8]	82
136	-0.9683	_11236_	1
136	-0.9683	_23605_	1
136	-0.9683	_23604_	1
136	-0.9683	_23602_	2
136	-0.9683	_23601_	3
136	-0.9683	_23600_	1
136	-0.9683	_23599_	2
136	-0.9683	_23597_	1
136	-0.9683	_23596_	2
136	-0.9683	_23595_	2
136	-0.9683	_07618_	2
136	-0.9683	_42581_	1
136	-0.9683	_42579_	1
136	-0.9683	_40326_	1
136	-0.9683	_40323_	1
136	-0.9683	_01545_	5
136	-0.9683	_13541_	10
136	-0.9683	_13504_	10
136	-0.9683	_13334_	10
136	-0.9683	fdct_zigzag.dct_mod.dct_block_0.dct_unit_0.ddin[8]	82
137	-0.9664	_13149_	1
137	-0.9664	_32623_	1
137	-0.9664	_32622_	2
137	-0.9664	_21066_	3
137	-0.9664	_21065_	3
137	-0.9664	_21064_	1
137	-0.9664	_21063_	2
137	-0.9664	_21062_	1
137	-0.9664	_05550_	2
137	-0.9664	_44056_	1
137	-0.9664	_44054_	1
137	-0.9664	_44745_	1
137	-0.9664	_43654_	1
137	-0.9664	_02334_	2
137	-0.9664	_13668_	10
137	-0.9664	_13504_	10
137	-0.9664	_13334_	10
137	-0.9664	fdct_zigzag.dct_mod.dct_block_0.dct_unit_0.ddin[8]	82
138	-0.9660	_11278_	1
138	-0.9660	_23827_	1
138	-0.9660	_23826_	1
138	-0.9660	_23824_	3
138	-0.9660	_23823_	3
138	-0.9660	_23822_	1
138	-0.9660	_23821_	2
138	-0.9660	_23819_	1
138	-0.9660	_23818_	2
138	-0.9660	_23817_	2
138	-0.9660	_05195_	2
138	-0.9660	_44804_	1
138	-0.9660	_44303_	1
138	-0.9660	_43509_	1
138	-0.9660	_43175_	1
138	-0.9660	_01619_	3
138	-0.9660	_13546_	10
138	-0.9660	_13504_	10
138	-0.9660	_13334_	10
138	-0.9660	fdct_zigzag.dct_mod.dct_block_0.dct_unit_0.ddin[8]	82
139	-0.9660	_11238_	1
139	-0.9660	_23611_	1
139	-0.9660	_23610_	1
139	-0.9660	_23609_	1
139	-0.9660	_23601_	3
139	-0.9660	_23600_	1
139	-0.9660	_23599_	2
139	-0.9660	_23597_	1
139	-0.9660	_23596_	2
139	-0.9660	_23595_	2
139	-0.9660	_07618_	2
139	-0.9660	_42581_	1
139	-0.9660	_42579_	1
139	-0.9660	_40326_	1
139	-0.9660	_40323_	1
139	-0.9660	_01545_	5
139	-0.9660	_13541_	10
139	-0.9660	_13504_	10
139	-0.9660	_13334_	10
139	-0.9660	fdct_zigzag.dct_mod.dct_block_0.dct_unit_0.ddin[8]	82
140	-0.9660	_11197_	1
140	-0.9660	_23369_	1
140	-0.9660	_23368_	1
140	-0.9660	_23366_	3
140	-0.9660	_23365_	3
140	-0.9660	_23364_	1
140	-0.9660	_23363_	2
140	-0.9660	_23361_	1
140	-0.9660	_23360_	2
140	-0.9660	_23359_	2
140	-0.9660	_07065_	2
140	-0.9660	_44017_	1
140	-0.9660	_43892_	1
140	-0.9660	_43757_	1
140	-0.9660	_43552_	1
140	-0.9660	_00436_	3
140	-0.9660	_13480_	10
140	-0.9660	_13336_	10
140	-0.9660	_13334_	10
140	-0.9660	fdct_zigzag.dct_mod.dct_block_0.dct_unit_0.ddin[8]	82
141	-0.9658	_11853_	1
141	-0.9658	_27140_	1
141	-0.9658	_27139_	1
141	-0.9658	_27138_	3
141	-0.9658	_27137_	3
141	-0.9658	_27136_	1
141	-0.9658	_27135_	2
141	-0.9658	_27134_	1
141	-0.9658	_27133_	2
141	-0.9658	_27131_	2
141	-0.9658	_08393_	2
141	-0.9658	_41886_	1
141	-0.9658	_41674_	1
141	-0.9658	_41562_	1
141	-0.9658	_41483_	1
141	-0.9658	_01573_	2
141	-0.9658	_13541_	10
141	-0.9658	_13504_	10
141	-0.9658	_13334_	10
141	-0.9658	fdct_zigzag.dct_mod.dct_block_0.dct_unit_0.ddin[8]	82
142	-0.9648	_10018_	1
142	-0.9648	_16653_	1
142	-0.9648	_16652_	1
142	-0.9648	_16650_	3
142	-0.9648	_16649_	3
142	-0.9648	_16648_	1
142	-0.9648	_16647_	2
142	-0.9648	_16646_	1
142	-0.9648	_16645_	2
142	-0.9648	_16643_	2
142	-0.9648	_07156_	2
142	-0.9648	_44535_	1
142	-0.9648	_44533_	1
142	-0.9648	_40534_	1
142	-0.9648	_40531_	1
142	-0.9648	_01931_	3
142	-0.9648	_13603_	10
142	-0.9648	_13504_	10
142	-0.9648	_13334_	10
142	-0.9648	fdct_zigzag.dct_mod.dct_block_0.dct_unit_0.ddin[8]	82
143	-0.9647	_11577_	1
143	-0.9647	_25551_	1
143	-0.9647	_25550_	1
143	-0.9647	_25524_	3
143	-0.9647	_25523_	3
143	-0.9647	_25521_	1
143	-0.9647	_25520_	2
143	-0.9647	_25519_	1
143	-0.9647	_07239_	2
143	-0.9647	_37979_	1
143	-0.9647	_37936_	1
143	-0.9647	_37905_	1
143	-0.9647	_37866_	1
143	-0.9647	_00436_	3
143	-0.9647	_13480_	10
143	-0.9647	_13336_	10
143	-0.9647	_13334_	10
143	-0.9647	fdct_zigzag.dct_mod.dct_block_0.dct_unit_0.ddin[8]	82
144	-0.9646	_10376_	1
144	-0.9646	_18723_	1
144	-0.9646	_18722_	1
144	-0.9646	_18693_	3
144	-0.9646	_18692_	3
144	-0.9646	_18691_	1
144	-0.9646	_18690_	2
144	-0.9646	_18688_	1
144	-0.9646	_05774_	2
144	-0.9646	_41069_	1
144	-0.9646	_41066_	1
144	-0.9646	_41126_	1
144	-0.9646	_43359_	1
144	-0.9646	_00419_	3
144	-0.9646	_13480_	10
144	-0.9646	_13336_	10
144	-0.9646	_13334_	10
144	-0.9646	fdct_zigzag.dct_mod.dct_block_0.dct_unit_0.ddin[8]	82
145	-0.9644	_10296_	1
145	-0.9644	_18239_	1
145	-0.9644	_18233_	2
145	-0.9644	_18229_	3
145	-0.9644	_18228_	3
145	-0.9644	_18226_	1
145	-0.9644	_18225_	2
145	-0.9644	_18223_	1
145	-0.9644	_05723_	2
145	-0.9644	_46090_	1
145	-0.9644	_45886_	1
145	-0.9644	_45307_	1
145	-0.9644	_45172_	1
145	-0.9644	_00850_	4
145	-0.9644	_13395_	10
145	-0.9644	_13336_	10
145	-0.9644	_13334_	10
145	-0.9644	fdct_zigzag.dct_mod.dct_block_0.dct_unit_0.ddin[8]	82
146	-0.9640	_11079_	1
146	-0.9640	_22658_	1
146	-0.9640	_22657_	1
146	-0.9640	_22654_	3
146	-0.9640	_22653_	3
146	-0.9640	_22651_	1
146	-0.9640	_22650_	2
146	-0.9640	_22648_	1
146	-0.9640	_07447_	2
146	-0.9640	_40780_	1
146	-0.9640	_40753_	1
146	-0.9640	_40727_	1
146	-0.9640	_40690_	1
146	-0.9640	_00728_	5
146	-0.9640	_13413_	10
146	-0.9640	_13336_	10
146	-0.9640	_13334_	10
146	-0.9640	fdct_zigzag.dct_mod.dct_block_0.dct_unit_0.ddin[8]	82
147	-0.9638	_12371_	1
147	-0.9638	_30085_	1
147	-0.9638	_30084_	1
147	-0.9638	_30082_	3
147	-0.9638	_30081_	3
147	-0.9638	_30080_	1
147	-0.9638	_30079_	2
147	-0.9638	_30078_	1
147	-0.9638	_30077_	2
147	-0.9638	_30075_	2
147	-0.9638	_03853_	2
147	-0.9638	_41818_	1
147	-0.9638	_41794_	1
147	-0.9638	_41791_	1
147	-0.9638	_44308_	1
147	-0.9638	_02556_	1
147	-0.9638	_13851_	10
147	-0.9638	_13711_	10
147	-0.9638	_13334_	10
147	-0.9638	fdct_zigzag.dct_mod.dct_block_0.dct_unit_0.ddin[8]	82
148	-0.9633	_11235_	1
148	-0.9633	_23583_	1
148	-0.9633	_23582_	1
148	-0.9633	_23579_	3
148	-0.9633	_23578_	3
148	-0.9633	_23576_	1
148	-0.9633	_23575_	2
148	-0.9633	_23573_	1
148	-0.9633	_07618_	2
148	-0.9633	_42581_	1
148	-0.9633	_42579_	1
148	-0.9633	_40326_	1
148	-0.9633	_40323_	1
148	-0.9633	_01545_	5
148	-0.9633	_13541_	10
148	-0.9633	_13504_	10
148	-0.9633	_13334_	10
148	-0.9633	fdct_zigzag.dct_mod.dct_block_0.dct_unit_0.ddin[8]	82
149	-0.9631	_13190_	1
149	-0.9631	_33113_	1
149	-0.9631	_33112_	2
149	-0.9631	_25213_	2
149	-0.9631	_25212_	3
149	-0.9631	_25211_	1
149	-0.9631	_25210_	2
149	-0.9631	_25208_	1
149	-0.9631	_25207_	2
149	-0.9631	_25205_	2
149	-0.9631	_06094_	2
149	-0.9631	_42093_	1
149	-0.9631	_42090_	1
149	-0.9631	_38346_	1
149	-0.9631	_38343_	1
149	-0.9631	_02829_	2
149	-0.9631	_13576_	10
149	-0.9631	_13504_	10
149	-0.9631	_13334_	10
149	-0.9631	fdct_zigzag.dct_mod.dct_block_0.dct_unit_0.ddin[8]	82
150	-0.9631	_12486_	1
150	-0.9631	_30758_	1
150	-0.9631	_30753_	2
150	-0.9631	_30749_	3
150	-0.9631	_30748_	3
150	-0.9631	_30746_	1
150	-0.9631	_30745_	2
150	-0.9631	_30744_	2
150	-0.9631	_08299_	2
150	-0.9631	_47201_	1
150	-0.9631	_47058_	1
150	-0.9631	_46955_	1
150	-0.9631	_46880_	1
150	-0.9631	_01545_	5
150	-0.9631	_13541_	10
150	-0.9631	_13504_	10
150	-0.9631	_13334_	10
150	-0.9631	fdct_zigzag.dct_mod.dct_block_0.dct_unit_0.ddin[8]	82
151	-0.9630	_11198_	1
151	-0.9630	_23373_	1
151	-0.9630	_23372_	1
151	-0.9630	_23345_	3
151	-0.9630	_23344_	3
151	-0.9630	_23342_	1
151	-0.9630	_23341_	2
151	-0.9630	_23339_	1
151	-0.9630	_07065_	2
151	-0.9630	_44017_	1
151	-0.9630	_43892_	1
151	-0.9630	_43757_	1
151	-0.9630	_43552_	1
151	-0.9630	_00436_	3
151	-0.9630	_13480_	10
151	-0.9630	_13336_	10
151	-0.9630	_13334_	10
151	-0.9630	fdct_zigzag.dct_mod.dct_block_0.dct_unit_0.ddin[8]	82
152	-0.9625	_10096_	1
152	-0.9625	_17137_	1
152	-0.9625	_17136_	1
152	-0.9625	_17135_	3
152	-0.9625	_17134_	3
152	-0.9625	_17133_	1
152	-0.9625	_17132_	2
152	-0.9625	_17130_	1
152	-0.9625	_17129_	2
152	-0.9625	_17128_	2
152	-0.9625	_08229_	2
152	-0.9625	_43598_	1
152	-0.9625	_41096_	1
152	-0.9625	_41093_	1
152	-0.9625	_43638_	1
152	-0.9625	_02121_	2
152	-0.9625	_13603_	10
152	-0.9625	_13504_	10
152	-0.9625	_13334_	10
152	-0.9625	fdct_zigzag.dct_mod.dct_block_0.dct_unit_0.ddin[8]	82
153	-0.9619	_12295_	1
153	-0.9619	_29644_	1
153	-0.9619	_29643_	1
153	-0.9619	_29613_	3
153	-0.9619	_29612_	3
153	-0.9619	_29610_	1
153	-0.9619	_29609_	2
153	-0.9619	_29607_	1
153	-0.9619	_07472_	2
153	-0.9619	_45715_	1
153	-0.9619	_45674_	1
153	-0.9619	_45553_	1
153	-0.9619	_45476_	1
153	-0.9619	_02827_	3
153	-0.9619	_13737_	10
153	-0.9619	_13711_	10
153	-0.9619	_13334_	10
153	-0.9619	fdct_zigzag.dct_mod.dct_block_0.dct_unit_0.ddin[8]	82
154	-0.9589	_10882_	1
154	-0.9589	_21534_	1
154	-0.9589	_21533_	1
154	-0.9589	_21531_	3
154	-0.9589	_21530_	3
154	-0.9589	_21529_	1
154	-0.9589	_21528_	2
154	-0.9589	_21526_	1
154	-0.9589	_21525_	2
154	-0.9589	_21524_	2
154	-0.9589	_05695_	2
154	-0.9589	_43835_	1
154	-0.9589	_43832_	1
154	-0.9589	_47109_	1
154	-0.9589	_46558_	1
154	-0.9589	_03107_	2
154	-0.9589	_13486_	10
154	-0.9589	_13336_	10
154	-0.9589	_13334_	10
154	-0.9589	fdct_zigzag.dct_mod.dct_block_0.dct_unit_0.ddin[8]	82
155	-0.9589	_12129_	1
155	-0.9589	_28721_	1
155	-0.9589	_28720_	1
155	-0.9589	_28718_	3
155	-0.9589	_28717_	3
155	-0.9589	_28716_	1
155	-0.9589	_28715_	2
155	-0.9589	_28713_	1
155	-0.9589	_28712_	2
155	-0.9589	_28711_	2
155	-0.9589	_05641_	2
155	-0.9589	_45387_	1
155	-0.9589	_42759_	1
155	-0.9589	_42757_	1
155	-0.9589	_43687_	1
155	-0.9589	_02350_	2
155	-0.9589	_13668_	10
155	-0.9589	_13504_	10
155	-0.9589	_13334_	10
155	-0.9589	fdct_zigzag.dct_mod.dct_block_0.dct_unit_0.ddin[8]	82
156	-0.9581	_10609_	1
156	-0.9581	_19926_	1
156	-0.9581	_19925_	1
156	-0.9581	_19923_	3
156	-0.9581	_19922_	3
156	-0.9581	_19921_	1
156	-0.9581	_19920_	2
156	-0.9581	_19918_	1
156	-0.9581	_19917_	2
156	-0.9581	_19916_	2
156	-0.9581	_08170_	2
156	-0.9581	_42704_	1
156	-0.9581	_42661_	1
156	-0.9581	_42546_	1
156	-0.9581	_42501_	1
156	-0.9581	_01947_	2
156	-0.9581	_13541_	10
156	-0.9581	_13504_	10
156	-0.9581	_13334_	10
156	-0.9581	fdct_zigzag.dct_mod.dct_block_0.dct_unit_0.ddin[8]	82
157	-0.9581	_10691_	1
157	-0.9581	_20406_	1
157	-0.9581	_20387_	3
157	-0.9581	_20386_	1
157	-0.9581	_20385_	2
157	-0.9581	_20383_	2
157	-0.9581	_20382_	2
157	-0.9581	_20381_	2
157	-0.9581	_06845_	2
157	-0.9581	_44950_	1
157	-0.9581	_44195_	1
157	-0.9581	_44192_	1
157	-0.9581	_40070_	4
157	-0.9581	_01159_	5
157	-0.9581	_13480_	10
157	-0.9581	_13336_	10
157	-0.9581	_13334_	10
157	-0.9581	fdct_zigzag.dct_mod.dct_block_0.dct_unit_0.ddin[8]	82
158	-0.9580	_11731_	1
158	-0.9580	_26453_	1
158	-0.9580	_26452_	1
158	-0.9580	_26450_	3
158	-0.9580	_26449_	3
158	-0.9580	_26448_	1
158	-0.9580	_26447_	2
158	-0.9580	_26445_	1
158	-0.9580	_26444_	2
158	-0.9580	_26443_	2
158	-0.9580	_03530_	2
158	-0.9580	_39149_	1
158	-0.9580	_39111_	1
158	-0.9580	_39074_	1
158	-0.9580	_39034_	1
158	-0.9580	_00867_	2
158	-0.9580	_13413_	10
158	-0.9580	_13336_	10
158	-0.9580	_13334_	10
158	-0.9580	fdct_zigzag.dct_mod.dct_block_0.dct_unit_0.ddin[8]	82
159	-0.9579	_12100_	1
159	-0.9579	_28528_	1
159	-0.9579	_28509_	3
159	-0.9579	_28508_	1
159	-0.9579	_28507_	2
159	-0.9579	_20383_	2
159	-0.9579	_20382_	2
159	-0.9579	_20381_	2
159	-0.9579	_06845_	2
159	-0.9579	_44950_	1
159	-0.9579	_44195_	1
159	-0.9579	_44192_	1
159	-0.9579	_40070_	4
159	-0.9579	_01159_	5
159	-0.9579	_13480_	10
159	-0.9579	_13336_	10
159	-0.9579	_13334_	10
159	-0.9579	fdct_zigzag.dct_mod.dct_block_0.dct_unit_0.ddin[8]	82
160	-0.9574	_11773_	1
160	-0.9574	_26693_	1
160	-0.9574	_26692_	1
160	-0.9574	_26664_	3
160	-0.9574	_26663_	3
160	-0.9574	_26661_	1
160	-0.9574	_26660_	2
160	-0.9574	_26659_	1
160	-0.9574	_03568_	2
160	-0.9574	_39423_	1
160	-0.9574	_39391_	1
160	-0.9574	_39361_	1
160	-0.9574	_39332_	1
160	-0.9574	_00955_	2
160	-0.9574	_13395_	10
160	-0.9574	_13336_	10
160	-0.9574	_13334_	10
160	-0.9574	fdct_zigzag.dct_mod.dct_block_0.dct_unit_0.ddin[8]	82
161	-0.9574	_10097_	1
161	-0.9574	_17141_	1
161	-0.9574	_17140_	1
161	-0.9574	_17114_	3
161	-0.9574	_17113_	3
161	-0.9574	_17111_	1
161	-0.9574	_17110_	2
161	-0.9574	_17109_	1
161	-0.9574	_08229_	2
161	-0.9574	_43598_	1
161	-0.9574	_41096_	1
161	-0.9574	_41093_	1
161	-0.9574	_43638_	1
161	-0.9574	_02121_	2
161	-0.9574	_13603_	10
161	-0.9574	_13504_	10
161	-0.9574	_13334_	10
161	-0.9574	fdct_zigzag.dct_mod.dct_block_0.dct_unit_0.ddin[8]	82
162	-0.9571	_11977_	1
162	-0.9571	_27841_	1
162	-0.9571	_27840_	1
162	-0.9571	_27810_	3
162	-0.9571	_27809_	3
162	-0.9571	_27807_	1
162	-0.9571	_27806_	2
162	-0.9571	_27805_	1
162	-0.9571	_07408_	2
162	-0.9571	_42447_	1
162	-0.9571	_41409_	1
162	-0.9571	_41406_	1
162	-0.9571	_45922_	1
162	-0.9571	_00709_	2
162	-0.9571	_13689_	10
162	-0.9571	_13504_	10
162	-0.9571	_13334_	10
162	-0.9571	fdct_zigzag.dct_mod.dct_block_0.dct_unit_0.ddin[8]	82
163	-0.9570	_12450_	1
163	-0.9570	_30551_	1
163	-0.9570	_30550_	1
163	-0.9570	_30521_	3
163	-0.9570	_30520_	3
163	-0.9570	_30518_	1
163	-0.9570	_30517_	2
163	-0.9570	_30515_	1
163	-0.9570	_07332_	2
163	-0.9570	_47361_	1
163	-0.9570	_43285_	1
163	-0.9570	_41806_	1
163	-0.9570	_40302_	1
163	-0.9570	_00850_	4
163	-0.9570	_13395_	10
163	-0.9570	_13336_	10
163	-0.9570	_13334_	10
163	-0.9570	fdct_zigzag.dct_mod.dct_block_0.dct_unit_0.ddin[8]	82
164	-0.9559	_12130_	1
164	-0.9559	_28725_	1
164	-0.9559	_28724_	1
164	-0.9559	_28697_	3
164	-0.9559	_28696_	3
164	-0.9559	_28694_	1
164	-0.9559	_28693_	2
164	-0.9559	_28691_	1
164	-0.9559	_05641_	2
164	-0.9559	_45387_	1
164	-0.9559	_42759_	1
164	-0.9559	_42757_	1
164	-0.9559	_43687_	1
164	-0.9559	_02350_	2
164	-0.9559	_13668_	10
164	-0.9559	_13504_	10
164	-0.9559	_13334_	10
164	-0.9559	fdct_zigzag.dct_mod.dct_block_0.dct_unit_0.ddin[8]	82
165	-0.9558	_10374_	1
165	-0.9558	_18698_	1
165	-0.9558	_18697_	1
165	-0.9558	_18693_	3
165	-0.9558	_18692_	3
165	-0.9558	_18691_	1
165	-0.9558	_18690_	2
165	-0.9558	_18688_	1
165	-0.9558	_05774_	2
165	-0.9558	_41069_	1
165	-0.9558	_41066_	1
165	-0.9558	_41126_	1
165	-0.9558	_43359_	1
165	-0.9558	_00419_	3
165	-0.9558	_13480_	10
165	-0.9558	_13336_	10
165	-0.9558	_13334_	10
165	-0.9558	fdct_zigzag.dct_mod.dct_block_0.dct_unit_0.ddin[8]	82
166	-0.9556	_12098_	1
166	-0.9556	_28521_	1
166	-0.9556	_28520_	1
166	-0.9556	_28519_	1
166	-0.9556	_28509_	3
166	-0.9556	_28508_	1
166	-0.9556	_28507_	2
166	-0.9556	_20383_	2
166	-0.9556	_20382_	2
166	-0.9556	_20381_	2
166	-0.9556	_06845_	2
166	-0.9556	_44950_	1
166	-0.9556	_44195_	1
166	-0.9556	_44192_	1
166	-0.9556	_40070_	4
166	-0.9556	_01159_	5
166	-0.9556	_13480_	10
166	-0.9556	_13336_	10
166	-0.9556	_13334_	10
166	-0.9556	fdct_zigzag.dct_mod.dct_block_0.dct_unit_0.ddin[8]	82
167	-0.9556	_10689_	1
167	-0.9556	_20399_	1
167	-0.9556	_20398_	1
167	-0.9556	_20397_	1
167	-0.9556	_20387_	3
167	-0.9556	_20386_	1
167	-0.9556	_20385_	2
167	-0.9556	_20383_	2
167	-0.9556	_20382_	2
167	-0.9556	_20381_	2
167	-0.9556	_06845_	2
167	-0.9556	_44950_	1
167	-0.9556	_44195_	1
167	-0.9556	_44192_	1
167	-0.9556	_40070_	4
167	-0.9556	_01159_	5
167	-0.9556	_13480_	10
167	-0.9556	_13336_	10
167	-0.9556	_13334_	10
167	-0.9556	fdct_zigzag.dct_mod.dct_block_0.dct_unit_0.ddin[8]	82
168	-0.9551	_13226_	1
168	-0.9551	_33502_	1
168	-0.9551	_33501_	2
168	-0.9551	_28292_	3
168	-0.9551	_28291_	3
168	-0.9551	_28290_	1
168	-0.9551	_28289_	2
168	-0.9551	_28288_	1
168	-0.9551	_28287_	2
168	-0.9551	_28286_	2
168	-0.9551	_06367_	2
168	-0.9551	_45038_	1
168	-0.9551	_39038_	1
168	-0.9551	_38946_	1
168	-0.9551	_38899_	1
168	-0.9551	_00784_	1
168	-0.9551	_13897_	10
168	-0.9551	_13334_	10
168	-0.9551	fdct_zigzag.dct_mod.dct_block_0.dct_unit_0.ddin[8]	82
169	-0.9547	_11854_	1
169	-0.9547	_27144_	1
169	-0.9547	_27143_	1
169	-0.9547	_27117_	3
169	-0.9547	_27116_	3
169	-0.9547	_27115_	1
169	-0.9547	_27114_	2
169	-0.9547	_27108_	2
169	-0.9547	_05585_	2
169	-0.9547	_41884_	1
169	-0.9547	_41671_	1
169	-0.9547	_41559_	1
169	-0.9547	_41481_	1
169	-0.9547	_01572_	3
169	-0.9547	_13541_	10
169	-0.9547	_13504_	10
169	-0.9547	_13334_	10
169	-0.9547	fdct_zigzag.dct_mod.dct_block_0.dct_unit_0.ddin[8]	82
170	-0.9543	_10766_	1
170	-0.9543	_20840_	1
170	-0.9543	_20839_	1
170	-0.9543	_20809_	3
170	-0.9543	_20808_	3
170	-0.9543	_20806_	1
170	-0.9543	_20805_	2
170	-0.9543	_20804_	1
170	-0.9543	_03501_	2
170	-0.9543	_40282_	1
170	-0.9543	_40247_	1
170	-0.9543	_40216_	1
170	-0.9543	_40181_	1
170	-0.9543	_01057_	6
170	-0.9543	_13335_	10
170	-0.9543	_13334_	10
170	-0.9543	fdct_zigzag.dct_mod.dct_block_0.dct_unit_0.ddin[8]	82
171	-0.9538	_10961_	1
171	-0.9538	_21986_	1
171	-0.9538	_21985_	1
171	-0.9538	_21959_	3
171	-0.9538	_21958_	3
171	-0.9538	_21956_	1
171	-0.9538	_21955_	2
171	-0.9538	_21954_	2
171	-0.9538	_08593_	2
171	-0.9538	_46929_	1
171	-0.9538	_46927_	1
171	-0.9538	_47396_	1
171	-0.9538	_47250_	1
171	-0.9538	_01807_	3
171	-0.9538	_13816_	10
171	-0.9538	_13711_	10
171	-0.9538	_13334_	10
171	-0.9538	fdct_zigzag.dct_mod.dct_block_0.dct_unit_0.ddin[8]	82
172	-0.9538	_12372_	1
172	-0.9538	_30088_	1
172	-0.9538	_30087_	1
172	-0.9538	_30061_	3
172	-0.9538	_30060_	3
172	-0.9538	_30058_	1
172	-0.9538	_30057_	2
172	-0.9538	_30056_	2
172	-0.9538	_07625_	2
172	-0.9538	_43254_	1
172	-0.9538	_41789_	1
172	-0.9538	_41759_	1
172	-0.9538	_41746_	1
172	-0.9538	_01675_	3
172	-0.9538	_13737_	10
172	-0.9538	_13711_	10
172	-0.9538	_13334_	10
172	-0.9538	fdct_zigzag.dct_mod.dct_block_0.dct_unit_0.ddin[8]	82
173	-0.9536	_10236_	1
173	-0.9536	_17926_	1
173	-0.9536	_17925_	1
173	-0.9536	_17923_	3
173	-0.9536	_17922_	3
173	-0.9536	_17921_	1
173	-0.9536	_17920_	2
173	-0.9536	_17918_	1
173	-0.9536	_17917_	2
173	-0.9536	_17916_	2
173	-0.9536	_08161_	2
173	-0.9536	_44462_	1
173	-0.9536	_43945_	1
173	-0.9536	_43495_	1
173	-0.9536	_42967_	1
173	-0.9536	_02122_	2
173	-0.9536	_13505_	10
173	-0.9536	_13504_	10
173	-0.9536	_13334_	10
173	-0.9536	fdct_zigzag.dct_mod.dct_block_0.dct_unit_0.ddin[8]	82
174	-0.9536	_10460_	1
174	-0.9536	_19163_	1
174	-0.9536	_19162_	1
174	-0.9536	_19133_	3
174	-0.9536	_19132_	3
174	-0.9536	_19130_	1
174	-0.9536	_19129_	2
174	-0.9536	_19127_	1
174	-0.9536	_05820_	2
174	-0.9536	_45845_	1
174	-0.9536	_45765_	1
174	-0.9536	_45402_	1
174	-0.9536	_45364_	1
174	-0.9536	_02827_	3
174	-0.9536	_13737_	10
174	-0.9536	_13711_	10
174	-0.9536	_13334_	10
174	-0.9536	fdct_zigzag.dct_mod.dct_block_0.dct_unit_0.ddin[8]	82
175	-0.9535	_12410_	1
175	-0.9535	_30317_	1
175	-0.9535	_30316_	1
175	-0.9535	_30314_	3
175	-0.9535	_30313_	3
175	-0.9535	_30312_	1
175	-0.9535	_30311_	2
175	-0.9535	_30309_	1
175	-0.9535	_30308_	2
175	-0.9535	_30307_	2
175	-0.9535	_08791_	2
175	-0.9535	_47322_	1
175	-0.9535	_46420_	1
175	-0.9535	_44364_	1
175	-0.9535	_40729_	1
175	-0.9535	_01342_	1
175	-0.9535	_13860_	10
175	-0.9535	_13711_	10
175	-0.9535	_13334_	10
175	-0.9535	fdct_zigzag.dct_mod.dct_block_0.dct_unit_0.ddin[8]	82
176	-0.9531	_10610_	1
176	-0.9531	_19930_	1
176	-0.9531	_19929_	1
176	-0.9531	_19902_	3
176	-0.9531	_19901_	3
176	-0.9531	_19899_	1
176	-0.9531	_19898_	2
176	-0.9531	_19897_	1
176	-0.9531	_08170_	2
176	-0.9531	_42704_	1
176	-0.9531	_42661_	1
176	-0.9531	_42546_	1
176	-0.9531	_42501_	1
176	-0.9531	_01947_	2
176	-0.9531	_13541_	10
176	-0.9531	_13504_	10
176	-0.9531	_13334_	10
176	-0.9531	fdct_zigzag.dct_mod.dct_block_0.dct_unit_0.ddin[8]	82
177	-0.9530	_11732_	1
177	-0.9530	_26456_	1
177	-0.9530	_26455_	1
177	-0.9530	_26429_	3
177	-0.9530	_26428_	3
177	-0.9530	_26426_	1
177	-0.9530	_26425_	2
177	-0.9530	_26424_	1
177	-0.9530	_03530_	2
177	-0.9530	_39149_	1
177	-0.9530	_39111_	1
177	-0.9530	_39074_	1
177	-0.9530	_39034_	1
177	-0.9530	_00867_	2
177	-0.9530	_13413_	10
177	-0.9530	_13336_	10
177	-0.9530	_13334_	10
177	-0.9530	fdct_zigzag.dct_mod.dct_block_0.dct_unit_0.ddin[8]	82
178	-0.9529	_10498_	1
178	-0.9529	_19393_	1
178	-0.9529	_19392_	1
178	-0.9529	_19390_	3
178	-0.9529	_19389_	3
178	-0.9529	_19388_	1
178	-0.9529	_19387_	2
178	-0.9529	_19385_	1
178	-0.9529	_19384_	2
178	-0.9529	_19383_	2
178	-0.9529	_07547_	2
178	-0.9529	_44710_	1
178	-0.9529	_44271_	1
178	-0.9529	_44269_	1
178	-0.9529	_40610_	1
178	-0.9529	_01310_	2
178	-0.9529	_13851_	10
178	-0.9529	_13711_	10
178	-0.9529	_13334_	10
178	-0.9529	fdct_zigzag.dct_mod.dct_block_0.dct_unit_0.ddin[8]	82
179	-0.9529	_10551_	1
179	-0.9529	_19689_	1
179	-0.9529	_19688_	1
179	-0.9529	_19661_	3
179	-0.9529	_19660_	3
179	-0.9529	_19659_	1
179	-0.9529	_19658_	2
179	-0.9529	_19656_	1
179	-0.9529	_08837_	2
179	-0.9529	_38352_	1
179	-0.9529	_37844_	1
179	-0.9529	_37842_	1
179	-0.9529	_38046_	1
179	-0.9529	_00482_	2
179	-0.9529	_13445_	10
179	-0.9529	_13336_	10
179	-0.9529	_13334_	10
179	-0.9529	fdct_zigzag.dct_mod.dct_block_0.dct_unit_0.ddin[8]	82
180	-0.9524	_11852_	1
180	-0.9524	_27122_	1
180	-0.9524	_27121_	1
180	-0.9524	_27117_	3
180	-0.9524	_27116_	3
180	-0.9524	_27115_	1
180	-0.9524	_27114_	2
180	-0.9524	_27108_	2
180	-0.9524	_05585_	2
180	-0.9524	_41884_	1
180	-0.9524	_41671_	1
180	-0.9524	_41559_	1
180	-0.9524	_41481_	1
180	-0.9524	_01572_	3
180	-0.9524	_13541_	10
180	-0.9524	_13504_	10
180	-0.9524	_13334_	10
180	-0.9524	fdct_zigzag.dct_mod.dct_block_0.dct_unit_0.ddin[8]	82
181	-0.9514	_10959_	1
181	-0.9514	_21964_	1
181	-0.9514	_21963_	1
181	-0.9514	_21959_	3
181	-0.9514	_21958_	3
181	-0.9514	_21956_	1
181	-0.9514	_21955_	2
181	-0.9514	_21954_	2
181	-0.9514	_08593_	2
181	-0.9514	_46929_	1
181	-0.9514	_46927_	1
181	-0.9514	_47396_	1
181	-0.9514	_47250_	1
181	-0.9514	_01807_	3
181	-0.9514	_13816_	10
181	-0.9514	_13711_	10
181	-0.9514	_13334_	10
181	-0.9514	fdct_zigzag.dct_mod.dct_block_0.dct_unit_0.ddin[8]	82
182	-0.9512	_12293_	1
182	-0.9512	_29622_	1
182	-0.9512	_29617_	2
182	-0.9512	_29613_	3
182	-0.9512	_29612_	3
182	-0.9512	_29610_	1
182	-0.9512	_29609_	2
182	-0.9512	_29607_	1
182	-0.9512	_07472_	2
182	-0.9512	_45715_	1
182	-0.9512	_45674_	1
182	-0.9512	_45553_	1
182	-0.9512	_45476_	1
182	-0.9512	_02827_	3
182	-0.9512	_13737_	10
182	-0.9512	_13711_	10
182	-0.9512	_13334_	10
182	-0.9512	fdct_zigzag.dct_mod.dct_block_0.dct_unit_0.ddin[8]	82
183	-0.9507	_10237_	1
183	-0.9507	_17930_	1
183	-0.9507	_17929_	1
183	-0.9507	_17902_	3
183	-0.9507	_17901_	3
183	-0.9507	_17899_	1
183	-0.9507	_17898_	2
183	-0.9507	_17896_	1
183	-0.9507	_08161_	2
183	-0.9507	_44462_	1
183	-0.9507	_43945_	1
183	-0.9507	_43495_	1
183	-0.9507	_42967_	1
183	-0.9507	_02122_	2
183	-0.9507	_13505_	10
183	-0.9507	_13504_	10
183	-0.9507	_13334_	10
183	-0.9507	fdct_zigzag.dct_mod.dct_block_0.dct_unit_0.ddin[8]	82
184	-0.9507	_11196_	1
184	-0.9507	_23350_	1
184	-0.9507	_23349_	1
184	-0.9507	_23345_	3
184	-0.9507	_23344_	3
184	-0.9507	_23342_	1
184	-0.9507	_23341_	2
184	-0.9507	_23340_	2
184	-0.9507	_05643_	2
184	-0.9507	_44015_	1
184	-0.9507	_43889_	1
184	-0.9507	_43754_	1
184	-0.9507	_43550_	1
184	-0.9507	_02313_	3
184	-0.9507	_13737_	10
184	-0.9507	_13711_	10
184	-0.9507	_13334_	10
184	-0.9507	fdct_zigzag.dct_mod.dct_block_0.dct_unit_0.ddin[8]	82
185	-0.9504	_10883_	1
185	-0.9504	_21538_	1
185	-0.9504	_21537_	1
185	-0.9504	_21510_	3
185	-0.9504	_21509_	3
185	-0.9504	_21507_	1
185	-0.9504	_21506_	2
185	-0.9504	_21504_	1
185	-0.9504	_05695_	2
185	-0.9504	_43835_	1
185	-0.9504	_43832_	1
185	-0.9504	_47109_	1
185	-0.9504	_46558_	1
185	-0.9504	_03107_	2
185	-0.9504	_13486_	10
185	-0.9504	_13336_	10
185	-0.9504	_13334_	10
185	-0.9504	fdct_zigzag.dct_mod.dct_block_0.dct_unit_0.ddin[8]	82
186	-0.9504	_12208_	1
186	-0.9504	_29188_	1
186	-0.9504	_29187_	1
186	-0.9504	_29157_	3
186	-0.9504	_29156_	3
186	-0.9504	_29154_	1
186	-0.9504	_29153_	2
186	-0.9504	_29151_	1
186	-0.9504	_03512_	2
186	-0.9504	_47295_	1
186	-0.9504	_47242_	1
186	-0.9504	_47197_	1
186	-0.9504	_47137_	1
186	-0.9504	_01872_	2
186	-0.9504	_13712_	10
186	-0.9504	_13711_	10
186	-0.9504	_13334_	10
186	-0.9504	fdct_zigzag.dct_mod.dct_block_0.dct_unit_0.ddin[8]	82
187	-0.9504	_11360_	1
187	-0.9504	_24285_	1
187	-0.9504	_24284_	1
187	-0.9504	_24254_	3
187	-0.9504	_24253_	3
187	-0.9504	_24251_	1
187	-0.9504	_24250_	2
187	-0.9504	_24248_	1
187	-0.9504	_05956_	2
187	-0.9504	_45040_	1
187	-0.9504	_44628_	1
187	-0.9504	_43618_	1
187	-0.9504	_43242_	1
187	-0.9504	_02230_	2
187	-0.9504	_13576_	10
187	-0.9504	_13504_	10
187	-0.9504	_13334_	10
187	-0.9504	fdct_zigzag.dct_mod.dct_block_0.dct_unit_0.ddin[8]	82
188	-0.9503	_10727_	1
188	-0.9503	_20616_	1
188	-0.9503	_20615_	1
188	-0.9503	_20585_	3
188	-0.9503	_20584_	3
188	-0.9503	_20582_	1
188	-0.9503	_20581_	2
188	-0.9503	_20579_	1
188	-0.9503	_07204_	2
188	-0.9503	_40018_	1
188	-0.9503	_39990_	1
188	-0.9503	_39964_	1
188	-0.9503	_39938_	1
188	-0.9503	_01138_	2
188	-0.9503	_13361_	10
188	-0.9503	_13336_	10
188	-0.9503	_13334_	10
188	-0.9503	fdct_zigzag.dct_mod.dct_block_0.dct_unit_0.ddin[8]	82
189	-0.9503	_11654_	1
189	-0.9503	_26005_	1
189	-0.9503	_26004_	1
189	-0.9503	_25974_	3
189	-0.9503	_25973_	3
189	-0.9503	_25971_	1
189	-0.9503	_25970_	2
189	-0.9503	_25968_	1
189	-0.9503	_06264_	2
189	-0.9503	_38572_	1
189	-0.9503	_38540_	1
189	-0.9503	_38509_	1
189	-0.9503	_38470_	1
189	-0.9503	_00653_	2
189	-0.9503	_13445_	10
189	-0.9503	_13336_	10
189	-0.9503	_13334_	10
189	-0.9503	fdct_zigzag.dct_mod.dct_block_0.dct_unit_0.ddin[8]	82
190	-0.9503	_11615_	1
190	-0.9503	_25775_	1
190	-0.9503	_25774_	1
190	-0.9503	_25744_	3
190	-0.9503	_25743_	3
190	-0.9503	_25741_	1
190	-0.9503	_25740_	2
190	-0.9503	_25738_	1
190	-0.9503	_06229_	2
190	-0.9503	_38260_	1
190	-0.9503	_38221_	1
190	-0.9503	_38186_	1
190	-0.9503	_38141_	1
190	-0.9503	_00554_	2
190	-0.9503	_13463_	10
190	-0.9503	_13336_	10
190	-0.9503	_13334_	10
190	-0.9503	fdct_zigzag.dct_mod.dct_block_0.dct_unit_0.ddin[8]	82
191	-0.9503	_11693_	1
191	-0.9503	_26236_	1
191	-0.9503	_26235_	1
191	-0.9503	_26205_	3
191	-0.9503	_26204_	3
191	-0.9503	_26202_	1
191	-0.9503	_26201_	2
191	-0.9503	_26199_	1
191	-0.9503	_06316_	2
191	-0.9503	_38881_	1
191	-0.9503	_38842_	1
191	-0.9503	_38815_	1
191	-0.9503	_38775_	1
191	-0.9503	_00742_	2
191	-0.9503	_13413_	10
191	-0.9503	_13336_	10
191	-0.9503	_13334_	10
191	-0.9503	fdct_zigzag.dct_mod.dct_block_0.dct_unit_0.ddin[8]	82
192	-0.9501	_11042_	1
192	-0.9501	_22446_	1
192	-0.9501	_22445_	1
192	-0.9501	_22419_	3
192	-0.9501	_22418_	3
192	-0.9501	_22417_	1
192	-0.9501	_22416_	2
192	-0.9501	_22415_	1
192	-0.9501	_07674_	2
192	-0.9501	_40585_	1
192	-0.9501	_40558_	1
192	-0.9501	_40529_	1
192	-0.9501	_40505_	1
192	-0.9501	_00867_	2
192	-0.9501	_13413_	10
192	-0.9501	_13336_	10
192	-0.9501	_13334_	10
192	-0.9501	fdct_zigzag.dct_mod.dct_block_0.dct_unit_0.ddin[8]	82
193	-0.9498	_11120_	1
193	-0.9498	_22910_	1
193	-0.9498	_22909_	1
193	-0.9498	_22882_	3
193	-0.9498	_22881_	3
193	-0.9498	_22879_	1
193	-0.9498	_22878_	2
193	-0.9498	_22876_	1
193	-0.9498	_07463_	2
193	-0.9498	_47343_	1
193	-0.9498	_42279_	1
193	-0.9498	_42277_	1
193	-0.9498	_42295_	1
193	-0.9498	_00569_	2
193	-0.9498	_13782_	10
193	-0.9498	_13711_	10
193	-0.9498	_13334_	10
193	-0.9498	fdct_zigzag.dct_mod.dct_block_0.dct_unit_0.ddin[8]	82
194	-0.9498	_10499_	1
194	-0.9498	_19396_	1
194	-0.9498	_19395_	1
194	-0.9498	_19367_	3
194	-0.9498	_19366_	3
194	-0.9498	_19364_	1
194	-0.9498	_19363_	2
194	-0.9498	_19361_	1
194	-0.9498	_07547_	2
194	-0.9498	_44710_	1
194	-0.9498	_44271_	1
194	-0.9498	_44269_	1
194	-0.9498	_40610_	1
194	-0.9498	_01310_	2
194	-0.9498	_13851_	10
194	-0.9498	_13711_	10
194	-0.9498	_13334_	10
194	-0.9498	fdct_zigzag.dct_mod.dct_block_0.dct_unit_0.ddin[8]	82
195	-0.9497	_10847_	1
195	-0.9497	_21326_	1
195	-0.9497	_21308_	3
195	-0.9497	_21307_	1
195	-0.9497	_21306_	2
195	-0.9497	_21305_	1
195	-0.9497	_21304_	2
195	-0.9497	_21303_	2
195	-0.9497	_03914_	2
195	-0.9497	_45260_	1
195	-0.9497	_38691_	1
195	-0.9497	_38688_	1
195	-0.9497	_42916_	4
195	-0.9497	_02108_	5
195	-0.9497	_13668_	10
195	-0.9497	_13504_	10
195	-0.9497	_13334_	10
195	-0.9497	fdct_zigzag.dct_mod.dct_block_0.dct_unit_0.ddin[8]	82
196	-0.9488	_11575_	1
196	-0.9488	_25529_	1
196	-0.9488	_25528_	1
196	-0.9488	_25524_	3
196	-0.9488	_25523_	3
196	-0.9488	_25521_	1
196	-0.9488	_25520_	2
196	-0.9488	_25519_	1
196	-0.9488	_07239_	2
196	-0.9488	_37979_	1
196	-0.9488	_37936_	1
196	-0.9488	_37905_	1
196	-0.9488	_37866_	1
196	-0.9488	_00436_	3
196	-0.9488	_13480_	10
196	-0.9488	_13336_	10
196	-0.9488	_13334_	10
196	-0.9488	fdct_zigzag.dct_mod.dct_block_0.dct_unit_0.ddin[8]	82
197	-0.9479	_11975_	1
197	-0.9479	_27816_	1
197	-0.9479	_27814_	2
197	-0.9479	_27810_	3
197	-0.9479	_27809_	3
197	-0.9479	_27807_	1
197	-0.9479	_27806_	2
197	-0.9479	_27805_	1
197	-0.9479	_07408_	2
197	-0.9479	_42447_	1
197	-0.9479	_41409_	1
197	-0.9479	_41406_	1
197	-0.9479	_45922_	1
197	-0.9479	_00709_	2
197	-0.9479	_13689_	10
197	-0.9479	_13504_	10
197	-0.9479	_13334_	10
197	-0.9479	fdct_zigzag.dct_mod.dct_block_0.dct_unit_0.ddin[8]	82
198	-0.9478	_11814_	1
198	-0.9478	_26923_	1
198	-0.9478	_26922_	1
198	-0.9478	_26921_	2
198	-0.9478	_26920_	3
198	-0.9478	_26919_	1
198	-0.9478	_26918_	2
198	-0.9478	_26916_	1
198	-0.9478	_26915_	2
198	-0.9478	_26914_	2
198	-0.9478	_06504_	2
198	-0.9478	_39752_	1
198	-0.9478	_39714_	1
198	-0.9478	_39679_	1
198	-0.9478	_39642_	1
198	-0.9478	_01053_	3
198	-0.9478	_13377_	10
198	-0.9478	_13336_	10
198	-0.9478	_13334_	10
198	-0.9478	fdct_zigzag.dct_mod.dct_block_0.dct_unit_0.ddin[8]	82
199	-0.9478	_10095_	1
199	-0.9478	_17119_	1
199	-0.9478	_17118_	1
199	-0.9478	_17114_	3
199	-0.9478	_17113_	3
199	-0.9478	_17111_	1
199	-0.9478	_17110_	2
199	-0.9478	_17109_	1
199	-0.9478	_08229_	2
199	-0.9478	_43598_	1
199	-0.9478	_41096_	1
199	-0.9478	_41093_	1
199	-0.9478	_43638_	1
199	-0.9478	_02121_	2
199	-0.9478	_13603_	10
199	-0.9478	_13504_	10
199	-0.9478	_13334_	10
199	-0.9478	fdct_zigzag.dct_mod.dct_block_0.dct_unit_0.ddin[8]	82
200	-0.9474	_10845_	1
200	-0.9474	_21319_	1
200	-0.9474	_21318_	1
200	-0.9474	_21317_	1
200	-0.9474	_21308_	3
200	-0.9474	_21307_	1
200	-0.9474	_21306_	2
200	-0.9474	_21305_	1
200	-0.9474	_21304_	2
200	-0.9474	_21303_	2
200	-0.9474	_03914_	2
200	-0.9474	_45260_	1
200	-0.9474	_38691_	1
200	-0.9474	_38688_	1
200	-0.9474	_42916_	4
200	-0.9474	_02108_	5
200	-0.9474	_13668_	10
200	-0.9474	_13504_	10
200	-0.9474	_13334_	10
200	-0.9474	fdct_zigzag.dct_mod.dct_block_0.dct_unit_0.ddin[8]	82
201	-0.9470	_11816_	1
201	-0.9470	_26930_	1
201	-0.9470	_26929_	1
201	-0.9470	_26928_	1
201	-0.9470	_26920_	3
201	-0.9470	_26919_	1
201	-0.9470	_26918_	2
201	-0.9470	_26916_	1
201	-0.9470	_26915_	2
201	-0.9470	_26914_	2
201	-0.9470	_06504_	2
201	-0.9470	_39752_	1
201	-0.9470	_39714_	1
201	-0.9470	_39679_	1
201	-0.9470	_39642_	1
201	-0.9470	_01053_	3
201	-0.9470	_13377_	10
201	-0.9470	_13336_	10
201	-0.9470	_13334_	10
201	-0.9470	fdct_zigzag.dct_mod.dct_block_0.dct_unit_0.ddin[8]	82
202	-0.9469	_11158_	1
202	-0.9469	_23132_	1
202	-0.9469	_23131_	1
202	-0.9469	_23129_	3
202	-0.9469	_23128_	3
202	-0.9469	_23127_	1
202	-0.9469	_23126_	2
202	-0.9469	_23124_	1
202	-0.9469	_23123_	2
202	-0.9469	_23122_	2
202	-0.9469	_04220_	2
202	-0.9469	_47367_	1
202	-0.9469	_45112_	1
202	-0.9469	_43791_	1
202	-0.9469	_43788_	1
202	-0.9469	_02986_	1
202	-0.9469	_13753_	10
202	-0.9469	_13711_	10
202	-0.9469	_13334_	10
202	-0.9469	fdct_zigzag.dct_mod.dct_block_0.dct_unit_0.ddin[8]	82
203	-0.9467	_10960_	1
203	-0.9467	_21983_	1
203	-0.9467	_21982_	1
203	-0.9467	_21980_	3
203	-0.9467	_21979_	3
203	-0.9467	_21978_	1
203	-0.9467	_21977_	2
203	-0.9467	_21976_	1
203	-0.9467	_21975_	2
203	-0.9467	_21974_	2
203	-0.9467	_08489_	2
203	-0.9467	_42239_	1
203	-0.9467	_39525_	1
203	-0.9467	_39522_	1
203	-0.9467	_40441_	1
203	-0.9467	_01809_	1
203	-0.9467	_13827_	10
203	-0.9467	_13711_	10
203	-0.9467	_13334_	10
203	-0.9467	fdct_zigzag.dct_mod.dct_block_0.dct_unit_0.ddin[8]	82
204	-0.9462	_12411_	1
204	-0.9462	_30320_	1
204	-0.9462	_30319_	1
204	-0.9462	_30293_	3
204	-0.9462	_30292_	3
204	-0.9462	_30290_	1
204	-0.9462	_30289_	2
204	-0.9462	_30288_	1
204	-0.9462	_08791_	2
204	-0.9462	_47322_	1
204	-0.9462	_46420_	1
204	-0.9462	_44364_	1
204	-0.9462	_40729_	1
204	-0.9462	_01342_	1
204	-0.9462	_13860_	10
204	-0.9462	_13711_	10
204	-0.9462	_13334_	10
204	-0.9462	fdct_zigzag.dct_mod.dct_block_0.dct_unit_0.ddin[8]	82
205	-0.9462	_11730_	1
205	-0.9462	_26434_	1
205	-0.9462	_26433_	1
205	-0.9462	_26429_	3
205	-0.9462	_26428_	3
205	-0.9462	_26426_	1
205	-0.9462	_26425_	2
205	-0.9462	_26419_	2
205	-0.9462	_06305_	2
205	-0.9462	_39147_	1
205	-0.9462	_39108_	1
205	-0.9462	_39071_	1
205	-0.9462	_39032_	1
205	-0.9462	_00856_	3
205	-0.9462	_13395_	10
205	-0.9462	_13336_	10
205	-0.9462	_13334_	10
205	-0.9462	fdct_zigzag.dct_mod.dct_block_0.dct_unit_0.ddin[8]	82
206	-0.9460	_10417_	1
206	-0.9460	_18949_	1
206	-0.9460	_18948_	1
206	-0.9460	_18946_	2
206	-0.9460	_18945_	3
206	-0.9460	_18944_	1
206	-0.9460	_18943_	2
206	-0.9460	_18942_	1
206	-0.9460	_18941_	2
206	-0.9460	_18940_	2
206	-0.9460	_08820_	2
206	-0.9460	_43132_	1
206	-0.9460	_43129_	1
206	-0.9460	_45109_	1
206	-0.9460	_42252_	1
206	-0.9460	_01333_	2
206	-0.9460	_13782_	10
206	-0.9460	_13711_	10
206	-0.9460	_13334_	10
206	-0.9460	fdct_zigzag.dct_mod.dct_block_0.dct_unit_0.ddin[8]	82
207	-0.9455	_10337_	1
207	-0.9455	_18490_	1
207	-0.9455	_18489_	1
207	-0.9455	_18459_	3
207	-0.9455	_18458_	3
207	-0.9455	_18456_	1
207	-0.9455	_18455_	2
207	-0.9455	_18453_	1
207	-0.9455	_06726_	2
207	-0.9455	_45429_	1
207	-0.9455	_45426_	1
207	-0.9455	_47274_	1
207	-0.9455	_47155_	1
207	-0.9455	_03066_	2
207	-0.9455	_13636_	10
207	-0.9455	_13504_	10
207	-0.9455	_13334_	10
207	-0.9455	fdct_zigzag.dct_mod.dct_block_0.dct_unit_0.ddin[8]	82
208	-0.9455	_13210_	1
208	-0.9455	_33336_	1
208	-0.9455	_33335_	2
208	-0.9455	_26921_	2
208	-0.9455	_26920_	3
208	-0.9455	_26919_	1
208	-0.9455	_26918_	2
208	-0.9455	_26916_	1
208	-0.9455	_26915_	2
208	-0.9455	_26914_	2
208	-0.9455	_06504_	2
208	-0.9455	_39752_	1
208	-0.9455	_39714_	1
208	-0.9455	_39679_	1
208	-0.9455	_39642_	1
208	-0.9455	_01053_	3
208	-0.9455	_13377_	10
208	-0.9455	_13336_	10
208	-0.9455	_13334_	10
208	-0.9455	fdct_zigzag.dct_mod.dct_block_0.dct_unit_0.ddin[8]	82
209	-0.9452	_10925_	1
209	-0.9452	_21777_	1
209	-0.9452	_21759_	3
209	-0.9452	_21758_	1
209	-0.9452	_21757_	2
209	-0.9452	_21755_	1
209	-0.9452	_21754_	2
209	-0.9452	_21753_	2
209	-0.9452	_05822_	2
209	-0.9452	_41853_	1
209	-0.9452	_41704_	1
209	-0.9452	_41609_	1
209	-0.9452	_41458_	1
209	-0.9452	_01552_	6
209	-0.9452	_13541_	10
209	-0.9452	_13504_	10
209	-0.9452	_13334_	10
209	-0.9452	fdct_zigzag.dct_mod.dct_block_0.dct_unit_0.ddin[8]	82
210	-0.9451	_10803_	1
210	-0.9451	_21050_	1
210	-0.9451	_21049_	1
210	-0.9451	_21045_	3
210	-0.9451	_21044_	3
210	-0.9451	_21043_	1
210	-0.9451	_21042_	2
210	-0.9451	_21041_	2
210	-0.9451	_05550_	2
210	-0.9451	_44056_	1
210	-0.9451	_44054_	1
210	-0.9451	_44745_	1
210	-0.9451	_43654_	1
210	-0.9451	_02334_	2
210	-0.9451	_13668_	10
210	-0.9451	_13504_	10
210	-0.9451	_13334_	10
210	-0.9451	fdct_zigzag.dct_mod.dct_block_0.dct_unit_0.ddin[8]	82
211	-0.9446	_12370_	1
211	-0.9446	_30066_	1
211	-0.9446	_30065_	1
211	-0.9446	_30061_	3
211	-0.9446	_30060_	3
211	-0.9446	_30058_	1
211	-0.9446	_30057_	2
211	-0.9446	_30056_	2
211	-0.9446	_07625_	2
211	-0.9446	_43254_	1
211	-0.9446	_41789_	1
211	-0.9446	_41759_	1
211	-0.9446	_41746_	1
211	-0.9446	_01675_	3
211	-0.9446	_13737_	10
211	-0.9446	_13711_	10
211	-0.9446	_13334_	10
211	-0.9446	fdct_zigzag.dct_mod.dct_block_0.dct_unit_0.ddin[8]	82
212	-0.9446	_10805_	1
212	-0.9446	_21073_	1
212	-0.9446	_21072_	1
212	-0.9446	_21045_	3
212	-0.9446	_21044_	3
212	-0.9446	_21043_	1
212	-0.9446	_21042_	2
212	-0.9446	_21041_	2
212	-0.9446	_05550_	2
212	-0.9446	_44056_	1
212	-0.9446	_44054_	1
212	-0.9446	_44745_	1
212	-0.9446	_43654_	1
212	-0.9446	_02334_	2
212	-0.9446	_13668_	10
212	-0.9446	_13504_	10
212	-0.9446	_13334_	10
212	-0.9446	fdct_zigzag.dct_mod.dct_block_0.dct_unit_0.ddin[8]	82
213	-0.9443	_11002_	1
213	-0.9443	_22210_	1
213	-0.9443	_22209_	1
213	-0.9443	_22207_	3
213	-0.9443	_22206_	3
213	-0.9443	_22205_	1
213	-0.9443	_22204_	2
213	-0.9443	_22202_	1
213	-0.9443	_22201_	2
213	-0.9443	_22199_	2
213	-0.9443	_07849_	2
213	-0.9443	_42774_	1
213	-0.9443	_42771_	1
213	-0.9443	_39458_	1
213	-0.9443	_39455_	1
213	-0.9443	_02196_	1
213	-0.9443	_13816_	10
213	-0.9443	_13711_	10
213	-0.9443	_13334_	10
213	-0.9443	fdct_zigzag.dct_mod.dct_block_0.dct_unit_0.ddin[8]	82
214	-0.9443	_10419_	1
214	-0.9443	_18956_	1
214	-0.9443	_18955_	1
214	-0.9443	_18954_	1
214	-0.9443	_18945_	3
214	-0.9443	_18944_	1
214	-0.9443	_18943_	2
214	-0.9443	_18942_	1
214	-0.9443	_18941_	2
214	-0.9443	_18940_	2
214	-0.9443	_08820_	2
214	-0.9443	_43132_	1
214	-0.9443	_43129_	1
214	-0.9443	_45109_	1
214	-0.9443	_42252_	1
214	-0.9443	_01333_	2
214	-0.9443	_13782_	10
214	-0.9443	_13711_	10
214	-0.9443	_13334_	10
214	-0.9443	fdct_zigzag.dct_mod.dct_block_0.dct_unit_0.ddin[8]	82
215	-0.9440	_11159_	1
215	-0.9440	_23136_	1
215	-0.9440	_23135_	1
215	-0.9440	_23107_	3
215	-0.9440	_23106_	3
215	-0.9440	_23104_	1
215	-0.9440	_23103_	2
215	-0.9440	_23101_	1
215	-0.9440	_04220_	2
215	-0.9440	_47367_	1
215	-0.9440	_45112_	1
215	-0.9440	_43791_	1
215	-0.9440	_43788_	1
215	-0.9440	_02986_	1
215	-0.9440	_13753_	10
215	-0.9440	_13711_	10
215	-0.9440	_13334_	10
215	-0.9440	fdct_zigzag.dct_mod.dct_block_0.dct_unit_0.ddin[8]	82
216	-0.9440	_11040_	1
216	-0.9440	_22424_	1
216	-0.9440	_22423_	1
216	-0.9440	_22419_	3
216	-0.9440	_22418_	3
216	-0.9440	_22417_	1
216	-0.9440	_22416_	2
216	-0.9440	_22410_	2
216	-0.9440	_03879_	2
216	-0.9440	_42620_	1
216	-0.9440	_42618_	1
216	-0.9440	_42649_	1
216	-0.9440	_42669_	1
216	-0.9440	_02019_	3
216	-0.9440	_13651_	10
216	-0.9440	_13504_	10
216	-0.9440	_13334_	10
216	-0.9440	fdct_zigzag.dct_mod.dct_block_0.dct_unit_0.ddin[8]	82
217	-0.9437	_10764_	1
217	-0.9437	_20818_	1
217	-0.9437	_20813_	2
217	-0.9437	_20809_	3
217	-0.9437	_20808_	3
217	-0.9437	_20806_	1
217	-0.9437	_20805_	2
217	-0.9437	_20804_	1
217	-0.9437	_03501_	2
217	-0.9437	_40282_	1
217	-0.9437	_40247_	1
217	-0.9437	_40216_	1
217	-0.9437	_40181_	1
217	-0.9437	_01057_	6
217	-0.9437	_13335_	10
217	-0.9437	_13334_	10
217	-0.9437	fdct_zigzag.dct_mod.dct_block_0.dct_unit_0.ddin[8]	82
218	-0.9436	_10235_	1
218	-0.9436	_17907_	1
218	-0.9436	_17906_	1
218	-0.9436	_17902_	3
218	-0.9436	_17901_	3
218	-0.9436	_17899_	1
218	-0.9436	_17898_	2
218	-0.9436	_17897_	2
218	-0.9436	_08063_	2
218	-0.9436	_44457_	1
218	-0.9436	_43942_	1
218	-0.9436	_43492_	1
218	-0.9436	_42962_	1
218	-0.9436	_02121_	2
218	-0.9436	_13603_	10
218	-0.9436	_13504_	10
218	-0.9436	_13334_	10
218	-0.9436	fdct_zigzag.dct_mod.dct_block_0.dct_unit_0.ddin[8]	82
219	-0.9434	_12128_	1
219	-0.9434	_28702_	1
219	-0.9434	_28701_	1
219	-0.9434	_28697_	3
219	-0.9434	_28696_	3
219	-0.9434	_28694_	1
219	-0.9434	_28693_	2
219	-0.9434	_28691_	1
219	-0.9434	_05641_	2
219	-0.9434	_45387_	1
219	-0.9434	_42759_	1
219	-0.9434	_42757_	1
219	-0.9434	_43687_	1
219	-0.9434	_02350_	2
219	-0.9434	_13668_	10
219	-0.9434	_13504_	10
219	-0.9434	_13334_	10
219	-0.9434	fdct_zigzag.dct_mod.dct_block_0.dct_unit_0.ddin[8]	82
220	-0.9434	_10608_	1
220	-0.9434	_19907_	1
220	-0.9434	_19906_	1
220	-0.9434	_19902_	3
220	-0.9434	_19901_	3
220	-0.9434	_19899_	1
220	-0.9434	_19898_	2
220	-0.9434	_19897_	1
220	-0.9434	_08170_	2
220	-0.9434	_42704_	1
220	-0.9434	_42661_	1
220	-0.9434	_42546_	1
220	-0.9434	_42501_	1
220	-0.9434	_01947_	2
220	-0.9434	_13541_	10
220	-0.9434	_13504_	10
220	-0.9434	_13334_	10
220	-0.9434	fdct_zigzag.dct_mod.dct_block_0.dct_unit_0.ddin[8]	82
221	-0.9426	_10923_	1
221	-0.9426	_21770_	1
221	-0.9426	_21769_	1
221	-0.9426	_21768_	1
221	-0.9426	_21759_	3
221	-0.9426	_21758_	1
221	-0.9426	_21757_	2
221	-0.9426	_21755_	1
221	-0.9426	_21754_	2
221	-0.9426	_21753_	2
221	-0.9426	_05822_	2
221	-0.9426	_41853_	1
221	-0.9426	_41704_	1
221	-0.9426	_41609_	1
221	-0.9426	_41458_	1
221	-0.9426	_01552_	6
221	-0.9426	_13541_	10
221	-0.9426	_13504_	10
221	-0.9426	_13334_	10
221	-0.9426	fdct_zigzag.dct_mod.dct_block_0.dct_unit_0.ddin[8]	82
222	-0.9421	_10690_	1
222	-0.9421	_20405_	1
222	-0.9421	_20367_	3
222	-0.9421	_20366_	3
222	-0.9421	_20364_	1
222	-0.9421	_20363_	4
222	-0.9421	_20361_	1
222	-0.9421	_06845_	2
222	-0.9421	_44950_	1
222	-0.9421	_44195_	1
222	-0.9421	_44192_	1
222	-0.9421	_40070_	4
222	-0.9421	_01159_	5
222	-0.9421	_13480_	10
222	-0.9421	_13336_	10
222	-0.9421	_13334_	10
222	-0.9421	fdct_zigzag.dct_mod.dct_block_0.dct_unit_0.ddin[8]	82
223	-0.9414	_11898_	1
223	-0.9414	_27375_	1
223	-0.9414	_27374_	1
223	-0.9414	_27372_	3
223	-0.9414	_27371_	3
223	-0.9414	_27370_	1
223	-0.9414	_27369_	2
223	-0.9414	_27367_	1
223	-0.9414	_27366_	2
223	-0.9414	_27365_	2
223	-0.9414	_07394_	2
223	-0.9414	_44399_	1
223	-0.9414	_44290_	1
223	-0.9414	_44211_	1
223	-0.9414	_44082_	1
223	-0.9414	_02476_	1
223	-0.9414	_13668_	10
223	-0.9414	_13504_	10
223	-0.9414	_13334_	10
223	-0.9414	fdct_zigzag.dct_mod.dct_block_0.dct_unit_0.ddin[8]	82
224	-0.9408	_10416_	1
224	-0.9408	_18927_	1
224	-0.9408	_18926_	1
224	-0.9408	_18923_	3
224	-0.9408	_18922_	3
224	-0.9408	_18921_	1
224	-0.9408	_18920_	2
224	-0.9408	_18919_	1
224	-0.9408	_08820_	2
224	-0.9408	_43132_	1
224	-0.9408	_43129_	1
224	-0.9408	_45109_	1
224	-0.9408	_42252_	1
224	-0.9408	_01333_	2
224	-0.9408	_13782_	10
224	-0.9408	_13711_	10
224	-0.9408	_13334_	10
224	-0.9408	fdct_zigzag.dct_mod.dct_block_0.dct_unit_0.ddin[8]	82
225	-0.9400	_10199_	1
225	-0.9400	_17714_	1
225	-0.9400	_17701_	3
225	-0.9400	_17700_	3
225	-0.9400	_17699_	1
225	-0.9400	_17698_	2
225	-0.9400	_17696_	1
225	-0.9400	_17695_	2
225	-0.9400	_17694_	2
225	-0.9400	_08517_	2
225	-0.9400	_46238_	1
225	-0.9400	_46152_	1
225	-0.9400	_45955_	1
225	-0.9400	_45873_	1
225	-0.9400	_01602_	6
225	-0.9400	_13603_	10
225	-0.9400	_13504_	10
225	-0.9400	_13334_	10
225	-0.9400	fdct_zigzag.dct_mod.dct_block_0.dct_unit_0.ddin[8]	82
226	-0.9397	_11358_	1
226	-0.9397	_24263_	1
226	-0.9397	_24258_	2
226	-0.9397	_24254_	3
226	-0.9397	_24253_	3
226	-0.9397	_24251_	1
226	-0.9397	_24250_	2
226	-0.9397	_24248_	1
226	-0.9397	_05956_	2
226	-0.9397	_45040_	1
226	-0.9397	_44628_	1
226	-0.9397	_43618_	1
226	-0.9397	_43242_	1
226	-0.9397	_02230_	2
226	-0.9397	_13576_	10
226	-0.9397	_13504_	10
226	-0.9397	_13334_	10
226	-0.9397	fdct_zigzag.dct_mod.dct_block_0.dct_unit_0.ddin[8]	82
227	-0.9397	_12206_	1
227	-0.9397	_29166_	1
227	-0.9397	_29161_	2
227	-0.9397	_29157_	3
227	-0.9397	_29156_	3
227	-0.9397	_29154_	1
227	-0.9397	_29153_	2
227	-0.9397	_29151_	1
227	-0.9397	_03512_	2
227	-0.9397	_47295_	1
227	-0.9397	_47242_	1
227	-0.9397	_47197_	1
227	-0.9397	_47137_	1
227	-0.9397	_01872_	2
227	-0.9397	_13712_	10
227	-0.9397	_13711_	10
227	-0.9397	_13334_	10
227	-0.9397	fdct_zigzag.dct_mod.dct_block_0.dct_unit_0.ddin[8]	82
228	-0.9397	_10725_	1
228	-0.9397	_20594_	1
228	-0.9397	_20589_	2
228	-0.9397	_20585_	3
228	-0.9397	_20584_	3
228	-0.9397	_20582_	1
228	-0.9397	_20581_	2
228	-0.9397	_20579_	1
228	-0.9397	_07204_	2
228	-0.9397	_40018_	1
228	-0.9397	_39990_	1
228	-0.9397	_39964_	1
228	-0.9397	_39938_	1
228	-0.9397	_01138_	2
228	-0.9397	_13361_	10
228	-0.9397	_13336_	10
228	-0.9397	_13334_	10
228	-0.9397	fdct_zigzag.dct_mod.dct_block_0.dct_unit_0.ddin[8]	82
229	-0.9397	_11652_	1
229	-0.9397	_25983_	1
229	-0.9397	_25978_	2
229	-0.9397	_25974_	3
229	-0.9397	_25973_	3
229	-0.9397	_25971_	1
229	-0.9397	_25970_	2
229	-0.9397	_25968_	1
229	-0.9397	_06264_	2
229	-0.9397	_38572_	1
229	-0.9397	_38540_	1
229	-0.9397	_38509_	1
229	-0.9397	_38470_	1
229	-0.9397	_00653_	2
229	-0.9397	_13445_	10
229	-0.9397	_13336_	10
229	-0.9397	_13334_	10
229	-0.9397	fdct_zigzag.dct_mod.dct_block_0.dct_unit_0.ddin[8]	82
230	-0.9397	_11613_	1
230	-0.9397	_25753_	1
230	-0.9397	_25748_	2
230	-0.9397	_25744_	3
230	-0.9397	_25743_	3
230	-0.9397	_25741_	1
230	-0.9397	_25740_	2
230	-0.9397	_25738_	1
230	-0.9397	_06229_	2
230	-0.9397	_38260_	1
230	-0.9397	_38221_	1
230	-0.9397	_38186_	1
230	-0.9397	_38141_	1
230	-0.9397	_00554_	2
230	-0.9397	_13463_	10
230	-0.9397	_13336_	10
230	-0.9397	_13334_	10
230	-0.9397	fdct_zigzag.dct_mod.dct_block_0.dct_unit_0.ddin[8]	82
231	-0.9397	_11691_	1
231	-0.9397	_26214_	1
231	-0.9397	_26209_	2
231	-0.9397	_26205_	3
231	-0.9397	_26204_	3
231	-0.9397	_26202_	1
231	-0.9397	_26201_	2
231	-0.9397	_26199_	1
231	-0.9397	_06316_	2
231	-0.9397	_38881_	1
231	-0.9397	_38842_	1
231	-0.9397	_38815_	1
231	-0.9397	_38775_	1
231	-0.9397	_00742_	2
231	-0.9397	_13413_	10
231	-0.9397	_13336_	10
231	-0.9397	_13334_	10
231	-0.9397	fdct_zigzag.dct_mod.dct_block_0.dct_unit_0.ddin[8]	82
232	-0.9395	_11940_	1
232	-0.9395	_27622_	1
232	-0.9395	_27584_	3
232	-0.9395	_27583_	3
232	-0.9395	_27581_	1
232	-0.9395	_27580_	2
232	-0.9395	_27578_	1
232	-0.9395	_07158_	2
232	-0.9395	_43338_	1
232	-0.9395	_43217_	1
232	-0.9395	_43013_	1
232	-0.9395	_42910_	4
232	-0.9395	_01156_	7
232	-0.9395	_13480_	10
232	-0.9395	_13336_	10
232	-0.9395	_13334_	10
232	-0.9395	fdct_zigzag.dct_mod.dct_block_0.dct_unit_0.ddin[8]	82
233	-0.9392	_11118_	1
233	-0.9392	_22887_	1
233	-0.9392	_22886_	1
233	-0.9392	_22882_	3
233	-0.9392	_22881_	3
233	-0.9392	_22879_	1
233	-0.9392	_22878_	2
233	-0.9392	_22877_	2
233	-0.9392	_07449_	2
233	-0.9392	_41462_	1
233	-0.9392	_40960_	1
233	-0.9392	_40943_	1
233	-0.9392	_40919_	1
233	-0.9392	_01383_	2
233	-0.9392	_13782_	10
233	-0.9392	_13711_	10
233	-0.9392	_13334_	10
233	-0.9392	fdct_zigzag.dct_mod.dct_block_0.dct_unit_0.ddin[8]	82
234	-0.9391	_11157_	1
234	-0.9391	_23112_	1
234	-0.9391	_23111_	1
234	-0.9391	_23107_	3
234	-0.9391	_23106_	3
234	-0.9391	_23104_	1
234	-0.9391	_23103_	2
234	-0.9391	_23102_	2
234	-0.9391	_08050_	2
234	-0.9391	_41751_	1
234	-0.9391	_41748_	1
234	-0.9391	_44641_	1
234	-0.9391	_45493_	1
234	-0.9391	_00530_	2
234	-0.9391	_13445_	10
234	-0.9391	_13336_	10
234	-0.9391	_13334_	10
234	-0.9391	fdct_zigzag.dct_mod.dct_block_0.dct_unit_0.ddin[8]	82
235	-0.9390	_11480_	1
235	-0.9390	_24997_	1
235	-0.9390	_24978_	3
235	-0.9390	_24977_	1
235	-0.9390	_24976_	2
235	-0.9390	_24974_	1
235	-0.9390	_24973_	2
235	-0.9390	_24972_	2
235	-0.9390	_06060_	2
235	-0.9390	_44530_	1
235	-0.9390	_43700_	1
235	-0.9390	_43697_	1
235	-0.9390	_46898_	1
235	-0.9390	_03045_	6
235	-0.9390	_13576_	10
235	-0.9390	_13504_	10
235	-0.9390	_13334_	10
235	-0.9390	fdct_zigzag.dct_mod.dct_block_0.dct_unit_0.ddin[8]	82
236	-0.9384	_11899_	1
236	-0.9384	_27379_	1
236	-0.9384	_27378_	1
236	-0.9384	_27351_	3
236	-0.9384	_27350_	3
236	-0.9384	_27348_	1
236	-0.9384	_27347_	2
236	-0.9384	_27345_	1
236	-0.9384	_07394_	2
236	-0.9384	_44399_	1
236	-0.9384	_44290_	1
236	-0.9384	_44211_	1
236	-0.9384	_44082_	1
236	-0.9384	_02476_	1
236	-0.9384	_13668_	10
236	-0.9384	_13504_	10
236	-0.9384	_13334_	10
236	-0.9384	fdct_zigzag.dct_mod.dct_block_0.dct_unit_0.ddin[8]	82
237	-0.9383	_10881_	1
237	-0.9383	_21515_	1
237	-0.9383	_21514_	1
237	-0.9383	_21510_	3
237	-0.9383	_21509_	3
237	-0.9383	_21507_	1
237	-0.9383	_21506_	2
237	-0.9383	_21504_	1
237	-0.9383	_05695_	2
237	-0.9383	_43835_	1
237	-0.9383	_43832_	1
237	-0.9383	_47109_	1
237	-0.9383	_46558_	1
237	-0.9383	_03107_	2
237	-0.9383	_13486_	10
237	-0.9383	_13336_	10
237	-0.9383	_13334_	10
237	-0.9383	fdct_zigzag.dct_mod.dct_block_0.dct_unit_0.ddin[8]	82
238	-0.9381	_12250_	1
238	-0.9381	_29412_	1
238	-0.9381	_29411_	1
238	-0.9381	_29381_	3
238	-0.9381	_29380_	3
238	-0.9381	_29378_	1
238	-0.9381	_29377_	2
238	-0.9381	_29375_	1
238	-0.9381	_06918_	2
238	-0.9381	_46540_	1
238	-0.9381	_46485_	1
238	-0.9381	_46459_	1
238	-0.9381	_46358_	1
238	-0.9381	_03081_	1
238	-0.9381	_13726_	10
238	-0.9381	_13711_	10
238	-0.9381	_13334_	10
238	-0.9381	fdct_zigzag.dct_mod.dct_block_0.dct_unit_0.ddin[8]	82
239	-0.9373	_11771_	1
239	-0.9373	_26669_	1
239	-0.9373	_26668_	1
239	-0.9373	_26664_	3
239	-0.9373	_26663_	3
239	-0.9373	_26661_	1
239	-0.9373	_26660_	2
239	-0.9373	_26659_	1
239	-0.9373	_03568_	2
239	-0.9373	_39423_	1
239	-0.9373	_39391_	1
239	-0.9373	_39361_	1
239	-0.9373	_39332_	1
239	-0.9373	_00955_	2
239	-0.9373	_13395_	10
239	-0.9373	_13336_	10
239	-0.9373	_13334_	10
239	-0.9373	fdct_zigzag.dct_mod.dct_block_0.dct_unit_0.ddin[8]	82
240	-0.9373	_10497_	1
240	-0.9373	_19372_	1
240	-0.9373	_19371_	1
240	-0.9373	_19367_	3
240	-0.9373	_19366_	3
240	-0.9373	_19364_	1
240	-0.9373	_19363_	2
240	-0.9373	_19361_	1
240	-0.9373	_07547_	2
240	-0.9373	_44710_	1
240	-0.9373	_44271_	1
240	-0.9373	_44269_	1
240	-0.9373	_40610_	1
240	-0.9373	_01310_	2
240	-0.9373	_13851_	10
240	-0.9373	_13711_	10
240	-0.9373	_13334_	10
240	-0.9373	fdct_zigzag.dct_mod.dct_block_0.dct_unit_0.ddin[8]	82
241	-0.9369	_12409_	1
241	-0.9369	_30298_	1
241	-0.9369	_30297_	1
241	-0.9369	_30293_	3
241	-0.9369	_30292_	3
241	-0.9369	_30290_	1
241	-0.9369	_30289_	2
241	-0.9369	_30288_	1
241	-0.9369	_08791_	2
241	-0.9369	_47322_	1
241	-0.9369	_46420_	1
241	-0.9369	_44364_	1
241	-0.9369	_40729_	1
241	-0.9369	_01342_	1
241	-0.9369	_13860_	10
241	-0.9369	_13711_	10
241	-0.9369	_13334_	10
241	-0.9369	fdct_zigzag.dct_mod.dct_block_0.dct_unit_0.ddin[8]	82
242	-0.9368	_10549_	1
242	-0.9368	_19666_	1
242	-0.9368	_19665_	1
242	-0.9368	_19661_	3
242	-0.9368	_19660_	3
242	-0.9368	_19659_	1
242	-0.9368	_19658_	2
242	-0.9368	_19656_	1
242	-0.9368	_08837_	2
242	-0.9368	_38352_	1
242	-0.9368	_37844_	1
242	-0.9368	_37842_	1
242	-0.9368	_38046_	1
242	-0.9368	_00482_	2
242	-0.9368	_13445_	10
242	-0.9368	_13336_	10
242	-0.9368	_13334_	10
242	-0.9368	fdct_zigzag.dct_mod.dct_block_0.dct_unit_0.ddin[8]	82
243	-0.9367	_11478_	1
243	-0.9367	_24990_	1
243	-0.9367	_24989_	1
243	-0.9367	_24988_	1
243	-0.9367	_24978_	3
243	-0.9367	_24977_	1
243	-0.9367	_24976_	2
243	-0.9367	_24974_	1
243	-0.9367	_24973_	2
243	-0.9367	_24972_	2
243	-0.9367	_06060_	2
243	-0.9367	_44530_	1
243	-0.9367	_43700_	1
243	-0.9367	_43697_	1
243	-0.9367	_46898_	1
243	-0.9367	_03045_	6
243	-0.9367	_13576_	10
243	-0.9367	_13504_	10
243	-0.9367	_13334_	10
243	-0.9367	fdct_zigzag.dct_mod.dct_block_0.dct_unit_0.ddin[8]	82
244	-0.9359	_11003_	1
244	-0.9359	_22214_	1
244	-0.9359	_22213_	1
244	-0.9359	_22186_	3
244	-0.9359	_22185_	3
244	-0.9359	_22184_	1
244	-0.9359	_22183_	2
244	-0.9359	_22181_	1
244	-0.9359	_07849_	2
244	-0.9359	_42774_	1
244	-0.9359	_42771_	1
244	-0.9359	_39458_	1
244	-0.9359	_39455_	1
244	-0.9359	_02196_	1
244	-0.9359	_13816_	10
244	-0.9359	_13711_	10
244	-0.9359	_13334_	10
244	-0.9359	fdct_zigzag.dct_mod.dct_block_0.dct_unit_0.ddin[8]	82
245	-0.9357	_10649_	1
245	-0.9357	_20161_	1
245	-0.9357	_20160_	1
245	-0.9357	_20133_	3
245	-0.9357	_20132_	3
245	-0.9357	_20130_	1
245	-0.9357	_20129_	2
245	-0.9357	_20123_	2
245	-0.9357	_06389_	2
245	-0.9357	_41235_	1
245	-0.9357	_41232_	1
245	-0.9357	_47004_	1
245	-0.9357	_46910_	1
245	-0.9357	_01840_	2
245	-0.9357	_13486_	10
245	-0.9357	_13336_	10
245	-0.9357	_13334_	10
245	-0.9357	fdct_zigzag.dct_mod.dct_block_0.dct_unit_0.ddin[8]	82
246	-0.9355	_11402_	1
246	-0.9355	_24530_	1
246	-0.9355	_24510_	3
246	-0.9355	_24509_	1
246	-0.9355	_24508_	2
246	-0.9355	_24506_	1
246	-0.9355	_24505_	2
246	-0.9355	_24504_	2
246	-0.9355	_08125_	2
246	-0.9355	_41527_	1
246	-0.9355	_38700_	1
246	-0.9355	_38697_	1
246	-0.9355	_41317_	5
246	-0.9355	_03421_	3
246	-0.9355	_13584_	10
246	-0.9355	_13504_	10
246	-0.9355	_13334_	10
246	-0.9355	fdct_zigzag.dct_mod.dct_block_0.dct_unit_0.ddin[8]	82
247	-0.9349	_10335_	1
247	-0.9349	_18468_	1
247	-0.9349	_18463_	2
247	-0.9349	_18459_	3
247	-0.9349	_18458_	3
247	-0.9349	_18456_	1
247	-0.9349	_18455_	2
247	-0.9349	_18453_	1
247	-0.9349	_06726_	2
247	-0.9349	_45429_	1
247	-0.9349	_45426_	1
247	-0.9349	_47274_	1
247	-0.9349	_47155_	1
247	-0.9349	_03066_	2
247	-0.9349	_13636_	10
247	-0.9349	_13504_	10
247	-0.9349	_13334_	10
247	-0.9349	fdct_zigzag.dct_mod.dct_block_0.dct_unit_0.ddin[8]	82
248	-0.9336	_12054_	1
248	-0.9336	_28295_	1
248	-0.9336	_28294_	1
248	-0.9336	_28292_	3
248	-0.9336	_28291_	3
248	-0.9336	_28290_	1
248	-0.9336	_28289_	2
248	-0.9336	_28288_	1
248	-0.9336	_28287_	2
248	-0.9336	_28286_	2
248	-0.9336	_06367_	2
248	-0.9336	_45038_	1
248	-0.9336	_39038_	1
248	-0.9336	_38946_	1
248	-0.9336	_38899_	1
248	-0.9336	_00784_	1
248	-0.9336	_13897_	10
248	-0.9336	_13334_	10
248	-0.9336	fdct_zigzag.dct_mod.dct_block_0.dct_unit_0.ddin[8]	82
249	-0.9332	_11400_	1
249	-0.9332	_24522_	1
249	-0.9332	_24521_	1
249	-0.9332	_24520_	1
249	-0.9332	_24510_	3
249	-0.9332	_24509_	1
249	-0.9332	_24508_	2
249	-0.9332	_24506_	1
249	-0.9332	_24505_	2
249	-0.9332	_24504_	2
249	-0.9332	_08125_	2
249	-0.9332	_41527_	1
249	-0.9332	_38700_	1
249	-0.9332	_38697_	1
249	-0.9332	_41317_	5
249	-0.9332	_03421_	3
249	-0.9332	_13584_	10
249	-0.9332	_13504_	10
249	-0.9332	_13334_	10
249	-0.9332	fdct_zigzag.dct_mod.dct_block_0.dct_unit_0.ddin[8]	82
250	-0.9326	_11813_	1
250	-0.9326	_26903_	1
250	-0.9326	_26902_	1
250	-0.9326	_26899_	3
250	-0.9326	_26898_	3
250	-0.9326	_26896_	1
250	-0.9326	_26895_	2
250	-0.9326	_26893_	1
250	-0.9326	_06504_	2
250	-0.9326	_39752_	1
250	-0.9326	_39714_	1
250	-0.9326	_39679_	1
250	-0.9326	_39642_	1
250	-0.9326	_01053_	3
250	-0.9326	_13377_	10
250	-0.9326	_13336_	10
250	-0.9326	_13334_	10
250	-0.9326	fdct_zigzag.dct_mod.dct_block_0.dct_unit_0.ddin[8]	82
251	-0.9324	_11897_	1
251	-0.9324	_27356_	1
251	-0.9324	_27355_	1
251	-0.9324	_27351_	3
251	-0.9324	_27350_	3
251	-0.9324	_27348_	1
251	-0.9324	_27347_	2
251	-0.9324	_27346_	2
251	-0.9324	_06451_	2
251	-0.9324	_44397_	1
251	-0.9324	_44287_	1
251	-0.9324	_44208_	1
251	-0.9324	_44080_	1
251	-0.9324	_02474_	1
251	-0.9324	_13668_	10
251	-0.9324	_13504_	10
251	-0.9324	_13334_	10
251	-0.9324	fdct_zigzag.dct_mod.dct_block_0.dct_unit_0.ddin[8]	82
252	-0.9322	_11001_	1
252	-0.9322	_22191_	1
252	-0.9322	_22190_	1
252	-0.9322	_22186_	3
252	-0.9322	_22185_	3
252	-0.9322	_22184_	1
252	-0.9322	_22183_	2
252	-0.9322	_22182_	2
252	-0.9322	_06702_	2
252	-0.9322	_40366_	1
252	-0.9322	_40337_	1
252	-0.9322	_39453_	1
252	-0.9322	_39450_	1
252	-0.9322	_02191_	1
252	-0.9322	_13816_	10
252	-0.9322	_13711_	10
252	-0.9322	_13334_	10
252	-0.9322	fdct_zigzag.dct_mod.dct_block_0.dct_unit_0.ddin[8]	82
253	-0.9315	_11081_	1
253	-0.9315	_22682_	1
253	-0.9315	_22681_	1
253	-0.9315	_22654_	3
253	-0.9315	_22653_	3
253	-0.9315	_22651_	1
253	-0.9315	_22650_	2
253	-0.9315	_22648_	1
253	-0.9315	_07447_	2
253	-0.9315	_40780_	1
253	-0.9315	_40753_	1
253	-0.9315	_40727_	1
253	-0.9315	_40690_	1
253	-0.9315	_00728_	5
253	-0.9315	_13413_	10
253	-0.9315	_13336_	10
253	-0.9315	_13334_	10
253	-0.9315	fdct_zigzag.dct_mod.dct_block_0.dct_unit_0.ddin[8]	82
254	-0.9310	_10846_	1
254	-0.9310	_21325_	1
254	-0.9310	_21287_	3
254	-0.9310	_21286_	3
254	-0.9310	_21284_	1
254	-0.9310	_21283_	2
254	-0.9310	_21282_	2
254	-0.9310	_06609_	2
254	-0.9310	_45253_	1
254	-0.9310	_44839_	1
254	-0.9310	_44836_	1
254	-0.9310	_42910_	4
254	-0.9310	_01156_	7
254	-0.9310	_13480_	10
254	-0.9310	_13336_	10
254	-0.9310	_13334_	10
254	-0.9310	fdct_zigzag.dct_mod.dct_block_0.dct_unit_0.ddin[8]	82
255	-0.9306	_11322_	1
255	-0.9306	_24068_	1
255	-0.9306	_24056_	3
255	-0.9306	_24055_	3
255	-0.9306	_24054_	1
255	-0.9306	_24053_	2
255	-0.9306	_24051_	1
255	-0.9306	_24050_	2
255	-0.9306	_24049_	2
255	-0.9306	_07336_	2
255	-0.9306	_46772_	1
255	-0.9306	_46629_	1
255	-0.9306	_46456_	1
255	-0.9306	_45241_	2
255	-0.9306	_03039_	4
255	-0.9306	_13576_	10
255	-0.9306	_13504_	10
255	-0.9306	_13334_	10
255	-0.9306	fdct_zigzag.dct_mod.dct_block_0.dct_unit_0.ddin[8]	82
256	-0.9299	_10201_	1
256	-0.9299	_17720_	1
256	-0.9299	_17700_	3
256	-0.9299	_17699_	1
256	-0.9299	_17698_	2
256	-0.9299	_17696_	1
256	-0.9299	_17695_	2
256	-0.9299	_17694_	2
256	-0.9299	_08517_	2
256	-0.9299	_46238_	1
256	-0.9299	_46152_	1
256	-0.9299	_45955_	1
256	-0.9299	_45873_	1
256	-0.9299	_01602_	6
256	-0.9299	_13603_	10
256	-0.9299	_13504_	10
256	-0.9299	_13334_	10
256	-0.9299	fdct_zigzag.dct_mod.dct_block_0.dct_unit_0.ddin[8]	82
257	-0.9295	_11515_	1
257	-0.9295	_25216_	1
257	-0.9295	_25215_	1
257	-0.9295	_25213_	2
257	-0.9295	_25212_	3
257	-0.9295	_25211_	1
257	-0.9295	_25210_	2
257	-0.9295	_25208_	1
257	-0.9295	_25207_	2
257	-0.9295	_25205_	2
257	-0.9295	_06094_	2
257	-0.9295	_42093_	1
257	-0.9295	_42090_	1
257	-0.9295	_38346_	1
257	-0.9295	_38343_	1
257	-0.9295	_02829_	2
257	-0.9295	_13576_	10
257	-0.9295	_13504_	10
257	-0.9295	_13334_	10
257	-0.9295	fdct_zigzag.dct_mod.dct_block_0.dct_unit_0.ddin[8]	82
258	-0.9285	_10160_	1
258	-0.9285	_17483_	1
258	-0.9285	_17471_	3
258	-0.9285	_17470_	3
258	-0.9285	_17469_	1
258	-0.9285	_17468_	2
258	-0.9285	_17466_	1
258	-0.9285	_17465_	2
258	-0.9285	_17464_	2
258	-0.9285	_06021_	2
258	-0.9285	_46383_	1
258	-0.9285	_46280_	1
258	-0.9285	_46209_	1
258	-0.9285	_46126_	1
258	-0.9285	_02114_	5
258	-0.9285	_13505_	10
258	-0.9285	_13504_	10
258	-0.9285	_13334_	10
258	-0.9285	fdct_zigzag.dct_mod.dct_block_0.dct_unit_0.ddin[8]	82
259	-0.9281	_12099_	1
259	-0.9281	_28527_	1
259	-0.9281	_28494_	3
259	-0.9281	_28493_	3
259	-0.9281	_28491_	1
259	-0.9281	_20363_	4
259	-0.9281	_20361_	1
259	-0.9281	_06845_	2
259	-0.9281	_44950_	1
259	-0.9281	_44195_	1
259	-0.9281	_44192_	1
259	-0.9281	_40070_	4
259	-0.9281	_01159_	5
259	-0.9281	_13480_	10
259	-0.9281	_13336_	10
259	-0.9281	_13334_	10
259	-0.9281	fdct_zigzag.dct_mod.dct_block_0.dct_unit_0.ddin[8]	82
260	-0.9278	_11514_	1
260	-0.9278	_25194_	1
260	-0.9278	_25193_	1
260	-0.9278	_25190_	3
260	-0.9278	_25189_	3
260	-0.9278	_25187_	1
260	-0.9278	_25186_	2
260	-0.9278	_25185_	2
260	-0.9278	_06324_	2
260	-0.9278	_42088_	1
260	-0.9278	_41060_	1
260	-0.9278	_38035_	1
260	-0.9278	_38032_	1
260	-0.9278	_02230_	2
260	-0.9278	_13576_	10
260	-0.9278	_13504_	10
260	-0.9278	_13334_	10
260	-0.9278	fdct_zigzag.dct_mod.dct_block_0.dct_unit_0.ddin[8]	82
261	-0.9276	_11441_	1
261	-0.9276	_24764_	1
261	-0.9276	_24744_	3
261	-0.9276	_24743_	1
261	-0.9276	_24742_	2
261	-0.9276	_24740_	1
261	-0.9276	_24739_	2
261	-0.9276	_24738_	2
261	-0.9276	_03946_	2
261	-0.9276	_43310_	1
261	-0.9276	_39579_	1
261	-0.9276	_38028_	1
261	-0.9276	_38025_	1
261	-0.9276	_01628_	5
261	-0.9276	_13546_	10
261	-0.9276	_13504_	10
261	-0.9276	_13334_	10
261	-0.9276	fdct_zigzag.dct_mod.dct_block_0.dct_unit_0.ddin[8]	82
262	-0.9275	_12248_	1
262	-0.9275	_29390_	1
262	-0.9275	_29385_	2
262	-0.9275	_29381_	3
262	-0.9275	_29380_	3
262	-0.9275	_29378_	1
262	-0.9275	_29377_	2
262	-0.9275	_29375_	1
262	-0.9275	_06918_	2
262	-0.9275	_46540_	1
262	-0.9275	_46485_	1
262	-0.9275	_46459_	1
262	-0.9275	_46358_	1
262	-0.9275	_03081_	1
262	-0.9275	_13726_	10
262	-0.9275	_13711_	10
262	-0.9275	_13334_	10
262	-0.9275	fdct_zigzag.dct_mod.dct_block_0.dct_unit_0.ddin[8]	82
263	-0.9272	_10647_	1
263	-0.9272	_20138_	1
263	-0.9272	_20137_	1
263	-0.9272	_20133_	3
263	-0.9272	_20132_	3
263	-0.9272	_20130_	1
263	-0.9272	_20129_	2
263	-0.9272	_20123_	2
263	-0.9272	_06389_	2
263	-0.9272	_41235_	1
263	-0.9272	_41232_	1
263	-0.9272	_47004_	1
263	-0.9272	_46910_	1
263	-0.9272	_01840_	2
263	-0.9272	_13486_	10
263	-0.9272	_13336_	10
263	-0.9272	_13334_	10
263	-0.9272	fdct_zigzag.dct_mod.dct_block_0.dct_unit_0.ddin[8]	82
264	-0.9262	_11237_	1
264	-0.9262	_23608_	1
264	-0.9262	_23607_	1
264	-0.9262	_23579_	3
264	-0.9262	_23578_	3
264	-0.9262	_23576_	1
264	-0.9262	_23575_	2
264	-0.9262	_23573_	1
264	-0.9262	_07618_	2
264	-0.9262	_42581_	1
264	-0.9262	_42579_	1
264	-0.9262	_40326_	1
264	-0.9262	_40323_	1
264	-0.9262	_01545_	5
264	-0.9262	_13541_	10
264	-0.9262	_13504_	10
264	-0.9262	_13334_	10
264	-0.9262	fdct_zigzag.dct_mod.dct_block_0.dct_unit_0.ddin[8]	82
265	-0.9253	_11439_	1
265	-0.9253	_24757_	1
265	-0.9253	_24756_	1
265	-0.9253	_24755_	1
265	-0.9253	_24744_	3
265	-0.9253	_24743_	1
265	-0.9253	_24742_	2
265	-0.9253	_24740_	1
265	-0.9253	_24739_	2
265	-0.9253	_24738_	2
265	-0.9253	_03946_	2
265	-0.9253	_43310_	1
265	-0.9253	_39579_	1
265	-0.9253	_38028_	1
265	-0.9253	_38025_	1
265	-0.9253	_01628_	5
265	-0.9253	_13546_	10
265	-0.9253	_13504_	10
265	-0.9253	_13334_	10
265	-0.9253	fdct_zigzag.dct_mod.dct_block_0.dct_unit_0.ddin[8]	82
266	-0.9247	_12019_	1
266	-0.9247	_28085_	1
266	-0.9247	_28066_	3
266	-0.9247	_28065_	1
266	-0.9247	_28064_	2
266	-0.9247	_28062_	1
266	-0.9247	_28061_	2
266	-0.9247	_28060_	2
266	-0.9247	_06185_	2
266	-0.9247	_40054_	1
266	-0.9247	_40052_	1
266	-0.9247	_39682_	1
266	-0.9247	_39680_	2
266	-0.9247	_01055_	4
266	-0.9247	_13337_	10
266	-0.9247	_13336_	10
266	-0.9247	_13334_	10
266	-0.9247	fdct_zigzag.dct_mod.dct_block_0.dct_unit_0.ddin[8]	82
267	-0.9242	_11084_	1
267	-0.9242	_22691_	1
267	-0.9242	_22675_	3
267	-0.9242	_22674_	1
267	-0.9242	_22673_	2
267	-0.9242	_22672_	1
267	-0.9242	_22671_	2
267	-0.9242	_22670_	2
267	-0.9242	_07447_	2
267	-0.9242	_40780_	1
267	-0.9242	_40753_	1
267	-0.9242	_40727_	1
267	-0.9242	_40690_	1
267	-0.9242	_00728_	5
267	-0.9242	_13413_	10
267	-0.9242	_13336_	10
267	-0.9242	_13334_	10
267	-0.9242	fdct_zigzag.dct_mod.dct_block_0.dct_unit_0.ddin[8]	82
268	-0.9241	_11517_	1
268	-0.9241	_25222_	1
268	-0.9241	_25221_	1
268	-0.9241	_25220_	1
268	-0.9241	_25212_	3
268	-0.9241	_25211_	1
268	-0.9241	_25210_	2
268	-0.9241	_25208_	1
268	-0.9241	_25207_	2
268	-0.9241	_25205_	2
268	-0.9241	_06094_	2
268	-0.9241	_42093_	1
268	-0.9241	_42090_	1
268	-0.9241	_38346_	1
268	-0.9241	_38343_	1
268	-0.9241	_02829_	2
268	-0.9241	_13576_	10
268	-0.9241	_13504_	10
268	-0.9241	_13334_	10
268	-0.9241	fdct_zigzag.dct_mod.dct_block_0.dct_unit_0.ddin[8]	82
269	-0.9240	_10804_	1
269	-0.9240	_21069_	1
269	-0.9240	_21068_	1
269	-0.9240	_21066_	3
269	-0.9240	_21065_	3
269	-0.9240	_21064_	1
269	-0.9240	_21063_	2
269	-0.9240	_21062_	1
269	-0.9240	_05550_	2
269	-0.9240	_44056_	1
269	-0.9240	_44054_	1
269	-0.9240	_44745_	1
269	-0.9240	_43654_	1
269	-0.9240	_02334_	2
269	-0.9240	_13668_	10
269	-0.9240	_13504_	10
269	-0.9240	_13334_	10
269	-0.9240	fdct_zigzag.dct_mod.dct_block_0.dct_unit_0.ddin[8]	82
270	-0.9224	_12017_	1
270	-0.9224	_28078_	1
270	-0.9224	_28077_	1
270	-0.9224	_28076_	1
270	-0.9224	_28066_	3
270	-0.9224	_28065_	1
270	-0.9224	_28064_	2
270	-0.9224	_28062_	1
270	-0.9224	_28061_	2
270	-0.9224	_28060_	2
270	-0.9224	_06185_	2
270	-0.9224	_40054_	1
270	-0.9224	_40052_	1
270	-0.9224	_39682_	1
270	-0.9224	_39680_	2
270	-0.9224	_01055_	4
270	-0.9224	_13337_	10
270	-0.9224	_13336_	10
270	-0.9224	_13334_	10
270	-0.9224	fdct_zigzag.dct_mod.dct_block_0.dct_unit_0.ddin[8]	82
271	-0.9188	_12172_	1
271	-0.9188	_28966_	1
271	-0.9188	_28947_	3
271	-0.9188	_28946_	1
271	-0.9188	_28945_	2
271	-0.9188	_28943_	1
271	-0.9188	_28942_	2
271	-0.9188	_28941_	2
271	-0.9188	_07803_	2
271	-0.9188	_45058_	1
271	-0.9188	_42227_	1
271	-0.9188	_42224_	1
271	-0.9188	_41588_	2
271	-0.9188	_02894_	4
271	-0.9188	_13541_	10
271	-0.9188	_13504_	10
271	-0.9188	_13334_	10
271	-0.9188	fdct_zigzag.dct_mod.dct_block_0.dct_unit_0.ddin[8]	82
272	-0.9188	_11240_	1
272	-0.9188	_23617_	1
272	-0.9188	_23601_	3
272	-0.9188	_23600_	1
272	-0.9188	_23599_	2
272	-0.9188	_23597_	1
272	-0.9188	_23596_	2
272	-0.9188	_23595_	2
272	-0.9188	_07618_	2
272	-0.9188	_42581_	1
272	-0.9188	_42579_	1
272	-0.9188	_40326_	1
272	-0.9188	_40323_	1
272	-0.9188	_01545_	5
272	-0.9188	_13541_	10
272	-0.9188	_13504_	10
272	-0.9188	_13334_	10
272	-0.9188	fdct_zigzag.dct_mod.dct_block_0.dct_unit_0.ddin[8]	82
273	-0.9185	_10162_	1
273	-0.9185	_17489_	1
273	-0.9185	_17470_	3
273	-0.9185	_17469_	1
273	-0.9185	_17468_	2
273	-0.9185	_17466_	1
273	-0.9185	_17465_	2
273	-0.9185	_17464_	2
273	-0.9185	_06021_	2
273	-0.9185	_46383_	1
273	-0.9185	_46280_	1
273	-0.9185	_46209_	1
273	-0.9185	_46126_	1
273	-0.9185	_02114_	5
273	-0.9185	_13505_	10
273	-0.9185	_13504_	10
273	-0.9185	_13334_	10
273	-0.9185	fdct_zigzag.dct_mod.dct_block_0.dct_unit_0.ddin[8]	82
274	-0.9172	_10059_	1
274	-0.9172	_16923_	1
274	-0.9172	_16911_	3
274	-0.9172	_16910_	3
274	-0.9172	_16909_	1
274	-0.9172	_16908_	2
274	-0.9172	_16906_	1
274	-0.9172	_16905_	2
274	-0.9172	_16903_	2
274	-0.9172	_07917_	2
274	-0.9172	_42135_	1
274	-0.9172	_42132_	1
274	-0.9172	_42061_	1
274	-0.9172	_42057_	2
274	-0.9172	_01586_	4
274	-0.9172	_13603_	10
274	-0.9172	_13504_	10
274	-0.9172	_13334_	10
274	-0.9172	fdct_zigzag.dct_mod.dct_block_0.dct_unit_0.ddin[8]	82
275	-0.9167	_10299_	1
275	-0.9167	_18268_	1
275	-0.9167	_18254_	3
275	-0.9167	_18253_	3
275	-0.9167	_18252_	1
275	-0.9167	_18251_	2
275	-0.9167	_18249_	1
275	-0.9167	_18248_	2
275	-0.9167	_18247_	2
275	-0.9167	_05723_	2
275	-0.9167	_46090_	1
275	-0.9167	_45886_	1
275	-0.9167	_45307_	1
275	-0.9167	_45172_	1
275	-0.9167	_00850_	4
275	-0.9167	_13395_	10
275	-0.9167	_13336_	10
275	-0.9167	_13334_	10
275	-0.9167	fdct_zigzag.dct_mod.dct_block_0.dct_unit_0.ddin[8]	82
276	-0.9165	_12170_	1
276	-0.9165	_28959_	1
276	-0.9165	_28958_	1
276	-0.9165	_28957_	1
276	-0.9165	_28947_	3
276	-0.9165	_28946_	1
276	-0.9165	_28945_	2
276	-0.9165	_28943_	1
276	-0.9165	_28942_	2
276	-0.9165	_28941_	2
276	-0.9165	_07803_	2
276	-0.9165	_45058_	1
276	-0.9165	_42227_	1
276	-0.9165	_42224_	1
276	-0.9165	_41588_	2
276	-0.9165	_02894_	4
276	-0.9165	_13541_	10
276	-0.9165	_13504_	10
276	-0.9165	_13334_	10
276	-0.9165	fdct_zigzag.dct_mod.dct_block_0.dct_unit_0.ddin[8]	82
277	-0.9157	_12453_	1
277	-0.9157	_30563_	1
277	-0.9157	_30543_	3
277	-0.9157	_30542_	1
277	-0.9157	_30541_	2
277	-0.9157	_30540_	1
277	-0.9157	_30539_	2
277	-0.9157	_30537_	2
277	-0.9157	_07332_	2
277	-0.9157	_47361_	1
277	-0.9157	_43285_	1
277	-0.9157	_41806_	1
277	-0.9157	_40302_	1
277	-0.9157	_00850_	4
277	-0.9157	_13395_	10
277	-0.9157	_13336_	10
277	-0.9157	_13334_	10
277	-0.9157	fdct_zigzag.dct_mod.dct_block_0.dct_unit_0.ddin[8]	82
278	-0.9142	_10061_	1
278	-0.9142	_16929_	1
278	-0.9142	_16910_	3
278	-0.9142	_16909_	1
278	-0.9142	_16908_	2
278	-0.9142	_16906_	1
278	-0.9142	_16905_	2
278	-0.9142	_16903_	2
278	-0.9142	_07917_	2
278	-0.9142	_42135_	1
278	-0.9142	_42132_	1
278	-0.9142	_42061_	1
278	-0.9142	_42057_	2
278	-0.9142	_01586_	4
278	-0.9142	_13603_	10
278	-0.9142	_13504_	10
278	-0.9142	_13334_	10
278	-0.9142	fdct_zigzag.dct_mod.dct_block_0.dct_unit_0.ddin[8]	82
279	-0.9134	_12451_	1
279	-0.9134	_30555_	1
279	-0.9134	_30554_	1
279	-0.9134	_30553_	1
279	-0.9134	_30543_	3
279	-0.9134	_30542_	1
279	-0.9134	_30541_	2
279	-0.9134	_30540_	1
279	-0.9134	_30539_	2
279	-0.9134	_30537_	2
279	-0.9134	_07332_	2
279	-0.9134	_47361_	1
279	-0.9134	_43285_	1
279	-0.9134	_41806_	1
279	-0.9134	_40302_	1
279	-0.9134	_00850_	4
279	-0.9134	_13395_	10
279	-0.9134	_13336_	10
279	-0.9134	_13334_	10
279	-0.9134	fdct_zigzag.dct_mod.dct_block_0.dct_unit_0.ddin[8]	82
280	-0.9129	_10463_	1
280	-0.9129	_19174_	1
280	-0.9129	_19156_	3
280	-0.9129	_19155_	1
280	-0.9129	_19154_	2
280	-0.9129	_19153_	1
280	-0.9129	_19152_	2
280	-0.9129	_19151_	2
280	-0.9129	_05820_	2
280	-0.9129	_45845_	1
280	-0.9129	_45765_	1
280	-0.9129	_45402_	1
280	-0.9129	_45364_	1
280	-0.9129	_02827_	3
280	-0.9129	_13737_	10
280	-0.9129	_13711_	10
280	-0.9129	_13334_	10
280	-0.9129	fdct_zigzag.dct_mod.dct_block_0.dct_unit_0.ddin[8]	82
281	-0.9113	_10418_	1
281	-0.9113	_18952_	1
281	-0.9113	_18951_	1
281	-0.9113	_18923_	3
281	-0.9113	_18922_	3
281	-0.9113	_18921_	1
281	-0.9113	_18920_	2
281	-0.9113	_18919_	1
281	-0.9113	_08820_	2
281	-0.9113	_43132_	1
281	-0.9113	_43129_	1
281	-0.9113	_45109_	1
281	-0.9113	_42252_	1
281	-0.9113	_01333_	2
281	-0.9113	_13782_	10
281	-0.9113	_13711_	10
281	-0.9113	_13334_	10
281	-0.9113	fdct_zigzag.dct_mod.dct_block_0.dct_unit_0.ddin[8]	82
282	-0.9104	_10461_	1
282	-0.9104	_19167_	1
282	-0.9104	_19166_	1
282	-0.9104	_19165_	1
282	-0.9104	_19156_	3
282	-0.9104	_19155_	1
282	-0.9104	_19154_	2
282	-0.9104	_19153_	1
282	-0.9104	_19152_	2
282	-0.9104	_19151_	2
282	-0.9104	_05820_	2
282	-0.9104	_45845_	1
282	-0.9104	_45765_	1
282	-0.9104	_45402_	1
282	-0.9104	_45364_	1
282	-0.9104	_02827_	3
282	-0.9104	_13737_	10
282	-0.9104	_13711_	10
282	-0.9104	_13334_	10
282	-0.9104	fdct_zigzag.dct_mod.dct_block_0.dct_unit_0.ddin[8]	82
283	-0.9097	_11324_	1
283	-0.9097	_24075_	1
283	-0.9097	_24055_	3
283	-0.9097	_24054_	1
283	-0.9097	_24053_	2
283	-0.9097	_24051_	1
283	-0.9097	_24050_	2
283	-0.9097	_24049_	2
283	-0.9097	_07336_	2
283	-0.9097	_46772_	1
283	-0.9097	_46629_	1
283	-0.9097	_46456_	1
283	-0.9097	_45241_	2
283	-0.9097	_03039_	4
283	-0.9097	_13576_	10
283	-0.9097	_13504_	10
283	-0.9097	_13334_	10
283	-0.9097	fdct_zigzag.dct_mod.dct_block_0.dct_unit_0.ddin[8]	82
284	-0.9090	_10692_	1
284	-0.9090	_20407_	1
284	-0.9090	_20366_	3
284	-0.9090	_20364_	1
284	-0.9090	_20363_	4
284	-0.9090	_20361_	1
284	-0.9090	_06845_	2
284	-0.9090	_44950_	1
284	-0.9090	_44195_	1
284	-0.9090	_44192_	1
284	-0.9090	_40070_	4
284	-0.9090	_01159_	5
284	-0.9090	_13480_	10
284	-0.9090	_13336_	10
284	-0.9090	_13334_	10
284	-0.9090	fdct_zigzag.dct_mod.dct_block_0.dct_unit_0.ddin[8]	82
285	-0.9090	_12101_	1
285	-0.9090	_28529_	1
285	-0.9090	_28493_	3
285	-0.9090	_28491_	1
285	-0.9090	_20363_	4
285	-0.9090	_20361_	1
285	-0.9090	_06845_	2
285	-0.9090	_44950_	1
285	-0.9090	_44195_	1
285	-0.9090	_44192_	1
285	-0.9090	_40070_	4
285	-0.9090	_01159_	5
285	-0.9090	_13480_	10
285	-0.9090	_13336_	10
285	-0.9090	_13334_	10
285	-0.9090	fdct_zigzag.dct_mod.dct_block_0.dct_unit_0.ddin[8]	82
286	-0.9089	_10848_	1
286	-0.9089	_21327_	1
286	-0.9089	_21286_	3
286	-0.9089	_21284_	1
286	-0.9089	_21283_	2
286	-0.9089	_21282_	2
286	-0.9089	_06609_	2
286	-0.9089	_45253_	1
286	-0.9089	_44839_	1
286	-0.9089	_44836_	1
286	-0.9089	_42910_	4
286	-0.9089	_01156_	7
286	-0.9089	_13480_	10
286	-0.9089	_13336_	10
286	-0.9089	_13334_	10
286	-0.9089	fdct_zigzag.dct_mod.dct_block_0.dct_unit_0.ddin[8]	82
287	-0.9086	_12053_	1
287	-0.9086	_28274_	1
287	-0.9086	_28271_	2
287	-0.9086	_28267_	3
287	-0.9086	_28252_	1
287	-0.9086	_28249_	3
287	-0.9086	_28248_	5
287	-0.9086	_03747_	1
287	-0.9086	_39053_	1
287	-0.9086	_38932_	1
287	-0.9086	_38930_	1
287	-0.9086	_38704_	1
287	-0.9086	_00709_	2
287	-0.9086	_13689_	10
287	-0.9086	_13504_	10
287	-0.9086	_13334_	10
287	-0.9086	fdct_zigzag.dct_mod.dct_block_0.dct_unit_0.ddin[8]	82
288	-0.9086	_12336_	1
288	-0.9086	_29876_	1
288	-0.9086	_29857_	3
288	-0.9086	_29856_	1
288	-0.9086	_29855_	2
288	-0.9086	_29854_	1
288	-0.9086	_29853_	2
288	-0.9086	_29851_	2
288	-0.9086	_08085_	2
288	-0.9086	_45652_	1
288	-0.9086	_39807_	1
288	-0.9086	_39804_	1
288	-0.9086	_43362_	1
288	-0.9086	_00739_	3
288	-0.9086	_13413_	10
288	-0.9086	_13336_	10
288	-0.9086	_13334_	10
288	-0.9086	fdct_zigzag.dct_mod.dct_block_0.dct_unit_0.ddin[8]	82
289	-0.9071	_11942_	1
289	-0.9071	_27624_	1
289	-0.9071	_27583_	3
289	-0.9071	_27581_	1
289	-0.9071	_27580_	2
289	-0.9071	_27578_	1
289	-0.9071	_07158_	2
289	-0.9071	_43338_	1
289	-0.9071	_43217_	1
289	-0.9071	_43013_	1
289	-0.9071	_42910_	4
289	-0.9071	_01156_	7
289	-0.9071	_13480_	10
289	-0.9071	_13336_	10
289	-0.9071	_13334_	10
289	-0.9071	fdct_zigzag.dct_mod.dct_block_0.dct_unit_0.ddin[8]	82
290	-0.9066	_10301_	1
290	-0.9066	_18274_	1
290	-0.9066	_18253_	3
290	-0.9066	_18252_	1
290	-0.9066	_18251_	2
290	-0.9066	_18249_	1
290	-0.9066	_18248_	2
290	-0.9066	_18247_	2
290	-0.9066	_05723_	2
290	-0.9066	_46090_	1
290	-0.9066	_45886_	1
290	-0.9066	_45307_	1
290	-0.9066	_45172_	1
290	-0.9066	_00850_	4
290	-0.9066	_13395_	10
290	-0.9066	_13336_	10
290	-0.9066	_13334_	10
290	-0.9066	fdct_zigzag.dct_mod.dct_block_0.dct_unit_0.ddin[8]	82
291	-0.9064	_12334_	1
291	-0.9064	_29869_	1
291	-0.9064	_29868_	1
291	-0.9064	_29867_	1
291	-0.9064	_29857_	3
291	-0.9064	_29856_	1
291	-0.9064	_29855_	2
291	-0.9064	_29854_	1
291	-0.9064	_29853_	2
291	-0.9064	_29851_	2
291	-0.9064	_08085_	2
291	-0.9064	_45652_	1
291	-0.9064	_39807_	1
291	-0.9064	_39804_	1
291	-0.9064	_43362_	1
291	-0.9064	_00739_	3
291	-0.9064	_13413_	10
291	-0.9064	_13336_	10
291	-0.9064	_13334_	10
291	-0.9064	fdct_zigzag.dct_mod.dct_block_0.dct_unit_0.ddin[8]	82
292	-0.9055	_10924_	1
292	-0.9055	_21776_	1
292	-0.9055	_21739_	3
292	-0.9055	_21738_	3
292	-0.9055	_21736_	1
292	-0.9055	_21735_	2
292	-0.9055	_21734_	1
292	-0.9055	_05822_	2
292	-0.9055	_41853_	1
292	-0.9055	_41704_	1
292	-0.9055	_41609_	1
292	-0.9055	_41458_	1
292	-0.9055	_01552_	6
292	-0.9055	_13541_	10
292	-0.9055	_13504_	10
292	-0.9055	_13334_	10
292	-0.9055	fdct_zigzag.dct_mod.dct_block_0.dct_unit_0.ddin[8]	82
293	-0.9044	_12489_	1
293	-0.9044	_30785_	1
293	-0.9044	_30773_	3
293	-0.9044	_30772_	3
293	-0.9044	_30771_	1
293	-0.9044	_30770_	2
293	-0.9044	_30768_	1
293	-0.9044	_30767_	2
293	-0.9044	_30766_	2
293	-0.9044	_08906_	2
293	-0.9044	_47203_	1
293	-0.9044	_47061_	1
293	-0.9044	_46958_	1
293	-0.9044	_46882_	1
293	-0.9044	_01572_	3
293	-0.9044	_13541_	10
293	-0.9044	_13504_	10
293	-0.9044	_13334_	10
293	-0.9044	fdct_zigzag.dct_mod.dct_block_0.dct_unit_0.ddin[8]	82
294	-0.9040	_10379_	1
294	-0.9040	_18734_	1
294	-0.9040	_18715_	3
294	-0.9040	_18714_	1
294	-0.9040	_18713_	2
294	-0.9040	_18711_	1
294	-0.9040	_18710_	2
294	-0.9040	_18709_	2
294	-0.9040	_05774_	2
294	-0.9040	_41069_	1
294	-0.9040	_41066_	1
294	-0.9040	_41126_	1
294	-0.9040	_43359_	1
294	-0.9040	_00419_	3
294	-0.9040	_13480_	10
294	-0.9040	_13336_	10
294	-0.9040	_13334_	10
294	-0.9040	fdct_zigzag.dct_mod.dct_block_0.dct_unit_0.ddin[8]	82
295	-0.9035	_12296_	1
295	-0.9035	_29649_	1
295	-0.9035	_29637_	3
295	-0.9035	_29636_	3
295	-0.9035	_29635_	1
295	-0.9035	_29634_	2
295	-0.9035	_29632_	1
295	-0.9035	_29631_	2
295	-0.9035	_29630_	2
295	-0.9035	_07472_	2
295	-0.9035	_45715_	1
295	-0.9035	_45674_	1
295	-0.9035	_45553_	1
295	-0.9035	_45476_	1
295	-0.9035	_02827_	3
295	-0.9035	_13737_	10
295	-0.9035	_13711_	10
295	-0.9035	_13334_	10
295	-0.9035	fdct_zigzag.dct_mod.dct_block_0.dct_unit_0.ddin[8]	82
296	-0.9034	_11282_	1
296	-0.9034	_23844_	1
296	-0.9034	_23823_	3
296	-0.9034	_23822_	1
296	-0.9034	_23821_	2
296	-0.9034	_23819_	1
296	-0.9034	_23818_	2
296	-0.9034	_23817_	2
296	-0.9034	_05195_	2
296	-0.9034	_44804_	1
296	-0.9034	_44303_	1
296	-0.9034	_43509_	1
296	-0.9034	_43175_	1
296	-0.9034	_01619_	3
296	-0.9034	_13546_	10
296	-0.9034	_13504_	10
296	-0.9034	_13334_	10
296	-0.9034	fdct_zigzag.dct_mod.dct_block_0.dct_unit_0.ddin[8]	82
297	-0.9033	_11201_	1
297	-0.9033	_23385_	1
297	-0.9033	_23365_	3
297	-0.9033	_23364_	1
297	-0.9033	_23363_	2
297	-0.9033	_23361_	1
297	-0.9033	_23360_	2
297	-0.9033	_23359_	2
297	-0.9033	_07065_	2
297	-0.9033	_44017_	1
297	-0.9033	_43892_	1
297	-0.9033	_43757_	1
297	-0.9033	_43552_	1
297	-0.9033	_00436_	3
297	-0.9033	_13480_	10
297	-0.9033	_13336_	10
297	-0.9033	_13334_	10
297	-0.9033	fdct_zigzag.dct_mod.dct_block_0.dct_unit_0.ddin[8]	82
298	-0.9033	_10611_	1
298	-0.9033	_19934_	1
298	-0.9033	_19933_	1
298	-0.9033	_19932_	1
298	-0.9033	_19922_	3
298	-0.9033	_19921_	1
298	-0.9033	_19920_	2
298	-0.9033	_19918_	1
298	-0.9033	_19917_	2
298	-0.9033	_19916_	2
298	-0.9033	_08170_	2
298	-0.9033	_42704_	1
298	-0.9033	_42661_	1
298	-0.9033	_42546_	1
298	-0.9033	_42501_	1
298	-0.9033	_01947_	2
298	-0.9033	_13541_	10
298	-0.9033	_13504_	10
298	-0.9033	_13334_	10
298	-0.9033	fdct_zigzag.dct_mod.dct_block_0.dct_unit_0.ddin[8]	82
299	-0.9033	_10200_	1
299	-0.9033	_17719_	1
299	-0.9033	_17676_	3
299	-0.9033	_17675_	3
299	-0.9033	_17673_	1
299	-0.9033	_17672_	2
299	-0.9033	_17670_	1
299	-0.9033	_08517_	2
299	-0.9033	_46238_	1
299	-0.9033	_46152_	1
299	-0.9033	_45955_	1
299	-0.9033	_45873_	1
299	-0.9033	_01602_	6
299	-0.9033	_13603_	10
299	-0.9033	_13504_	10
299	-0.9033	_13334_	10
299	-0.9033	fdct_zigzag.dct_mod.dct_block_0.dct_unit_0.ddin[8]	82
300	-0.9033	_11479_	1
300	-0.9033	_24996_	1
300	-0.9033	_24958_	3
300	-0.9033	_24957_	3
300	-0.9033	_24955_	1
300	-0.9033	_24954_	2
300	-0.9033	_24952_	1
300	-0.9033	_06060_	2
300	-0.9033	_44530_	1
300	-0.9033	_43700_	1
300	-0.9033	_43697_	1
300	-0.9033	_46898_	1
300	-0.9033	_03045_	6
300	-0.9033	_13576_	10
300	-0.9033	_13504_	10
300	-0.9033	_13334_	10
300	-0.9033	fdct_zigzag.dct_mod.dct_block_0.dct_unit_0.ddin[8]	82
301	-0.9022	_11815_	1
301	-0.9022	_26927_	1
301	-0.9022	_26926_	1
301	-0.9022	_26899_	3
301	-0.9022	_26898_	3
301	-0.9022	_26896_	1
301	-0.9022	_26895_	2
301	-0.9022	_26893_	1
301	-0.9022	_06504_	2
301	-0.9022	_39752_	1
301	-0.9022	_39714_	1
301	-0.9022	_39679_	1
301	-0.9022	_39642_	1
301	-0.9022	_01053_	3
301	-0.9022	_13377_	10
301	-0.9022	_13336_	10
301	-0.9022	_13334_	10
301	-0.9022	fdct_zigzag.dct_mod.dct_block_0.dct_unit_0.ddin[8]	82
302	-0.9018	_10377_	1
302	-0.9018	_18727_	1
302	-0.9018	_18726_	1
302	-0.9018	_18725_	1
302	-0.9018	_18715_	3
302	-0.9018	_18714_	1
302	-0.9018	_18713_	2
302	-0.9018	_18711_	1
302	-0.9018	_18710_	2
302	-0.9018	_18709_	2
302	-0.9018	_05774_	2
302	-0.9018	_41069_	1
302	-0.9018	_41066_	1
302	-0.9018	_41126_	1
302	-0.9018	_43359_	1
302	-0.9018	_00419_	3
302	-0.9018	_13480_	10
302	-0.9018	_13336_	10
302	-0.9018	_13334_	10
302	-0.9018	fdct_zigzag.dct_mod.dct_block_0.dct_unit_0.ddin[8]	82
303	-0.9016	_10022_	1
303	-0.9016	_16670_	1
303	-0.9016	_16649_	3
303	-0.9016	_16648_	1
303	-0.9016	_16647_	2
303	-0.9016	_16646_	1
303	-0.9016	_16645_	2
303	-0.9016	_16643_	2
303	-0.9016	_07156_	2
303	-0.9016	_44535_	1
303	-0.9016	_44533_	1
303	-0.9016	_40534_	1
303	-0.9016	_40531_	1
303	-0.9016	_01931_	3
303	-0.9016	_13603_	10
303	-0.9016	_13504_	10
303	-0.9016	_13334_	10
303	-0.9016	fdct_zigzag.dct_mod.dct_block_0.dct_unit_0.ddin[8]	82
304	-0.9011	_11280_	1
304	-0.9011	_23837_	1
304	-0.9011	_23836_	1
304	-0.9011	_23835_	1
304	-0.9011	_23823_	3
304	-0.9011	_23822_	1
304	-0.9011	_23821_	2
304	-0.9011	_23819_	1
304	-0.9011	_23818_	2
304	-0.9011	_23817_	2
304	-0.9011	_05195_	2
304	-0.9011	_44804_	1
304	-0.9011	_44303_	1
304	-0.9011	_43509_	1
304	-0.9011	_43175_	1
304	-0.9011	_01619_	3
304	-0.9011	_13546_	10
304	-0.9011	_13504_	10
304	-0.9011	_13334_	10
304	-0.9011	fdct_zigzag.dct_mod.dct_block_0.dct_unit_0.ddin[8]	82
305	-0.9011	_11199_	1
305	-0.9011	_23377_	1
305	-0.9011	_23376_	1
305	-0.9011	_23375_	1
305	-0.9011	_23365_	3
305	-0.9011	_23364_	1
305	-0.9011	_23363_	2
305	-0.9011	_23361_	1
305	-0.9011	_23360_	2
305	-0.9011	_23359_	2
305	-0.9011	_07065_	2
305	-0.9011	_44017_	1
305	-0.9011	_43892_	1
305	-0.9011	_43757_	1
305	-0.9011	_43552_	1
305	-0.9011	_00436_	3
305	-0.9011	_13480_	10
305	-0.9011	_13336_	10
305	-0.9011	_13334_	10
305	-0.9011	fdct_zigzag.dct_mod.dct_block_0.dct_unit_0.ddin[8]	82
306	-0.8998	_11818_	1
306	-0.8998	_26936_	1
306	-0.8998	_26920_	3
306	-0.8998	_26919_	1
306	-0.8998	_26918_	2
306	-0.8998	_26916_	1
306	-0.8998	_26915_	2
306	-0.8998	_26914_	2
306	-0.8998	_06504_	2
306	-0.8998	_39752_	1
306	-0.8998	_39714_	1
306	-0.8998	_39679_	1
306	-0.8998	_39642_	1
306	-0.8998	_01053_	3
306	-0.8998	_13377_	10
306	-0.8998	_13336_	10
306	-0.8998	_13334_	10
306	-0.8998	fdct_zigzag.dct_mod.dct_block_0.dct_unit_0.ddin[8]	82
307	-0.8997	_11401_	1
307	-0.8997	_24529_	1
307	-0.8997	_24489_	3
307	-0.8997	_24488_	3
307	-0.8997	_24486_	1
307	-0.8997	_24485_	2
307	-0.8997	_24483_	1
307	-0.8997	_08125_	2
307	-0.8997	_41527_	1
307	-0.8997	_38700_	1
307	-0.8997	_38697_	1
307	-0.8997	_41317_	5
307	-0.8997	_03421_	3
307	-0.8997	_13584_	10
307	-0.8997	_13504_	10
307	-0.8997	_13334_	10
307	-0.8997	fdct_zigzag.dct_mod.dct_block_0.dct_unit_0.ddin[8]	82
308	-0.8993	_10020_	1
308	-0.8993	_16661_	1
308	-0.8993	_16660_	1
308	-0.8993	_16659_	1
308	-0.8993	_16649_	3
308	-0.8993	_16648_	1
308	-0.8993	_16647_	2
308	-0.8993	_16646_	1
308	-0.8993	_16645_	2
308	-0.8993	_16643_	2
308	-0.8993	_07156_	2
308	-0.8993	_44535_	1
308	-0.8993	_44533_	1
308	-0.8993	_40534_	1
308	-0.8993	_40531_	1
308	-0.8993	_01931_	3
308	-0.8993	_13603_	10
308	-0.8993	_13504_	10
308	-0.8993	_13334_	10
308	-0.8993	fdct_zigzag.dct_mod.dct_block_0.dct_unit_0.ddin[8]	82
309	-0.8989	_11774_	1
309	-0.8989	_26699_	1
309	-0.8989	_26685_	3
309	-0.8989	_26684_	3
309	-0.8989	_26683_	1
309	-0.8989	_26682_	2
309	-0.8989	_26681_	1
309	-0.8989	_26680_	2
309	-0.8989	_26679_	2
309	-0.8989	_03568_	2
309	-0.8989	_39423_	1
309	-0.8989	_39391_	1
309	-0.8989	_39361_	1
309	-0.8989	_39332_	1
309	-0.8989	_00955_	2
309	-0.8989	_13395_	10
309	-0.8989	_13336_	10
309	-0.8989	_13334_	10
309	-0.8989	fdct_zigzag.dct_mod.dct_block_0.dct_unit_0.ddin[8]	82
310	-0.8983	_10767_	1
310	-0.8983	_20846_	1
310	-0.8983	_20833_	3
310	-0.8983	_20832_	3
310	-0.8983	_20831_	1
310	-0.8983	_20830_	2
310	-0.8983	_20828_	1
310	-0.8983	_20827_	2
310	-0.8983	_20826_	2
310	-0.8983	_03501_	2
310	-0.8983	_40282_	1
310	-0.8983	_40247_	1
310	-0.8983	_40216_	1
310	-0.8983	_40181_	1
310	-0.8983	_01057_	6
310	-0.8983	_13335_	10
310	-0.8983	_13334_	10
310	-0.8983	fdct_zigzag.dct_mod.dct_block_0.dct_unit_0.ddin[8]	82
311	-0.8978	_11857_	1
311	-0.8978	_27156_	1
311	-0.8978	_27137_	3
311	-0.8978	_27136_	1
311	-0.8978	_27135_	2
311	-0.8978	_27134_	1
311	-0.8978	_27133_	2
311	-0.8978	_27131_	2
311	-0.8978	_08393_	2
311	-0.8978	_41886_	1
311	-0.8978	_41674_	1
311	-0.8978	_41562_	1
311	-0.8978	_41483_	1
311	-0.8978	_01573_	2
311	-0.8978	_13541_	10
311	-0.8978	_13504_	10
311	-0.8978	_13334_	10
311	-0.8978	fdct_zigzag.dct_mod.dct_block_0.dct_unit_0.ddin[8]	82
312	-0.8976	_11943_	1
312	-0.8976	_27625_	1
312	-0.8976	_27602_	2
312	-0.8976	_27600_	1
312	-0.8976	_27599_	2
312	-0.8976	_27598_	2
312	-0.8976	_07158_	2
312	-0.8976	_43338_	1
312	-0.8976	_43217_	1
312	-0.8976	_43013_	1
312	-0.8976	_42910_	4
312	-0.8976	_01156_	7
312	-0.8976	_13480_	10
312	-0.8976	_13336_	10
312	-0.8976	_13334_	10
312	-0.8976	fdct_zigzag.dct_mod.dct_block_0.dct_unit_0.ddin[8]	82
313	-0.8970	_11980_	1
313	-0.8970	_27853_	1
313	-0.8970	_27833_	3
313	-0.8970	_27832_	1
313	-0.8970	_27831_	2
313	-0.8970	_27830_	1
313	-0.8970	_27829_	2
313	-0.8970	_27828_	2
313	-0.8970	_07408_	2
313	-0.8970	_42447_	1
313	-0.8970	_41409_	1
313	-0.8970	_41406_	1
313	-0.8970	_45922_	1
313	-0.8970	_00709_	2
313	-0.8970	_13689_	10
313	-0.8970	_13504_	10
313	-0.8970	_13334_	10
313	-0.8970	fdct_zigzag.dct_mod.dct_block_0.dct_unit_0.ddin[8]	82
314	-0.8965	_10421_	1
314	-0.8965	_18963_	1
314	-0.8965	_18945_	3
314	-0.8965	_18944_	1
314	-0.8965	_18943_	2
314	-0.8965	_18942_	1
314	-0.8965	_18941_	2
314	-0.8965	_18940_	2
314	-0.8965	_08820_	2
314	-0.8965	_43132_	1
314	-0.8965	_43129_	1
314	-0.8965	_45109_	1
314	-0.8965	_42252_	1
314	-0.8965	_01333_	2
314	-0.8965	_13782_	10
314	-0.8965	_13711_	10
314	-0.8965	_13334_	10
314	-0.8965	fdct_zigzag.dct_mod.dct_block_0.dct_unit_0.ddin[8]	82
315	-0.8963	_10886_	1
315	-0.8963	_21551_	1
315	-0.8963	_21530_	3
315	-0.8963	_21529_	1
315	-0.8963	_21528_	2
315	-0.8963	_21526_	1
315	-0.8963	_21525_	2
315	-0.8963	_21524_	2
315	-0.8963	_05695_	2
315	-0.8963	_43835_	1
315	-0.8963	_43832_	1
315	-0.8963	_47109_	1
315	-0.8963	_46558_	1
315	-0.8963	_03107_	2
315	-0.8963	_13486_	10
315	-0.8963	_13336_	10
315	-0.8963	_13334_	10
315	-0.8963	fdct_zigzag.dct_mod.dct_block_0.dct_unit_0.ddin[8]	82
316	-0.8962	_12133_	1
316	-0.8962	_28736_	1
316	-0.8962	_28717_	3
316	-0.8962	_28716_	1
316	-0.8962	_28715_	2
316	-0.8962	_28713_	1
316	-0.8962	_28712_	2
316	-0.8962	_28711_	2
316	-0.8962	_05641_	2
316	-0.8962	_45387_	1
316	-0.8962	_42759_	1
316	-0.8962	_42757_	1
316	-0.8962	_43687_	1
316	-0.8962	_02350_	2
316	-0.8962	_13668_	10
316	-0.8962	_13504_	10
316	-0.8962	_13334_	10
316	-0.8962	fdct_zigzag.dct_mod.dct_block_0.dct_unit_0.ddin[8]	82
317	-0.8961	_10100_	1
317	-0.8961	_17152_	1
317	-0.8961	_17134_	3
317	-0.8961	_17133_	1
317	-0.8961	_17132_	2
317	-0.8961	_17130_	1
317	-0.8961	_17129_	2
317	-0.8961	_17128_	2
317	-0.8961	_08229_	2
317	-0.8961	_43598_	1
317	-0.8961	_41096_	1
317	-0.8961	_41093_	1
317	-0.8961	_43638_	1
317	-0.8961	_02121_	2
317	-0.8961	_13603_	10
317	-0.8961	_13504_	10
317	-0.8961	_13334_	10
317	-0.8961	fdct_zigzag.dct_mod.dct_block_0.dct_unit_0.ddin[8]	82
318	-0.8960	_12018_	1
318	-0.8960	_28084_	1
318	-0.8960	_28046_	3
318	-0.8960	_28045_	3
318	-0.8960	_28044_	1
318	-0.8960	_28043_	2
318	-0.8960	_28041_	1
318	-0.8960	_06185_	2
318	-0.8960	_40054_	1
318	-0.8960	_40052_	1
318	-0.8960	_39682_	1
318	-0.8960	_39680_	2
318	-0.8960	_01055_	4
318	-0.8960	_13337_	10
318	-0.8960	_13336_	10
318	-0.8960	_13334_	10
318	-0.8960	fdct_zigzag.dct_mod.dct_block_0.dct_unit_0.ddin[8]	82
319	-0.8958	_11578_	1
319	-0.8958	_25557_	1
319	-0.8958	_25545_	3
319	-0.8958	_25544_	3
319	-0.8958	_25543_	1
319	-0.8958	_25542_	2
319	-0.8958	_25540_	1
319	-0.8958	_25539_	2
319	-0.8958	_25537_	2
319	-0.8958	_07239_	2
319	-0.8958	_37979_	1
319	-0.8958	_37936_	1
319	-0.8958	_37905_	1
319	-0.8958	_37866_	1
319	-0.8958	_00436_	3
319	-0.8958	_13480_	10
319	-0.8958	_13336_	10
319	-0.8958	_13334_	10
319	-0.8958	fdct_zigzag.dct_mod.dct_block_0.dct_unit_0.ddin[8]	82
320	-0.8949	_11855_	1
320	-0.8949	_27148_	1
320	-0.8949	_27147_	1
320	-0.8949	_27146_	1
320	-0.8949	_27137_	3
320	-0.8949	_27136_	1
320	-0.8949	_27135_	2
320	-0.8949	_27134_	1
320	-0.8949	_27133_	2
320	-0.8949	_27131_	2
320	-0.8949	_08393_	2
320	-0.8949	_41886_	1
320	-0.8949	_41674_	1
320	-0.8949	_41562_	1
320	-0.8949	_41483_	1
320	-0.8949	_01573_	2
320	-0.8949	_13541_	10
320	-0.8949	_13504_	10
320	-0.8949	_13334_	10
320	-0.8949	fdct_zigzag.dct_mod.dct_block_0.dct_unit_0.ddin[8]	82
321	-0.8947	_11121_	1
321	-0.8947	_22916_	1
321	-0.8947	_22903_	3
321	-0.8947	_22902_	3
321	-0.8947	_22901_	1
321	-0.8947	_22900_	2
321	-0.8947	_22899_	1
321	-0.8947	_22898_	2
321	-0.8947	_22896_	2
321	-0.8947	_07463_	2
321	-0.8947	_47343_	1
321	-0.8947	_42279_	1
321	-0.8947	_42277_	1
321	-0.8947	_42295_	1
321	-0.8947	_00569_	2
321	-0.8947	_13782_	10
321	-0.8947	_13711_	10
321	-0.8947	_13334_	10
321	-0.8947	fdct_zigzag.dct_mod.dct_block_0.dct_unit_0.ddin[8]	82
322	-0.8947	_11978_	1
322	-0.8947	_27846_	1
322	-0.8947	_27845_	1
322	-0.8947	_27844_	1
322	-0.8947	_27833_	3
322	-0.8947	_27832_	1
322	-0.8947	_27831_	2
322	-0.8947	_27830_	1
322	-0.8947	_27829_	2
322	-0.8947	_27828_	2
322	-0.8947	_07408_	2
322	-0.8947	_42447_	1
322	-0.8947	_41409_	1
322	-0.8947	_41406_	1
322	-0.8947	_45922_	1
322	-0.8947	_00709_	2
322	-0.8947	_13689_	10
322	-0.8947	_13504_	10
322	-0.8947	_13334_	10
322	-0.8947	fdct_zigzag.dct_mod.dct_block_0.dct_unit_0.ddin[8]	82
323	-0.8943	_12491_	1
323	-0.8943	_30791_	1
323	-0.8943	_30772_	3
323	-0.8943	_30771_	1
323	-0.8943	_30770_	2
323	-0.8943	_30768_	1
323	-0.8943	_30767_	2
323	-0.8943	_30766_	2
323	-0.8943	_08906_	2
323	-0.8943	_47203_	1
323	-0.8943	_47061_	1
323	-0.8943	_46958_	1
323	-0.8943	_46882_	1
323	-0.8943	_01572_	3
323	-0.8943	_13541_	10
323	-0.8943	_13504_	10
323	-0.8943	_13334_	10
323	-0.8943	fdct_zigzag.dct_mod.dct_block_0.dct_unit_0.ddin[8]	82
324	-0.8940	_12131_	1
324	-0.8940	_28729_	1
324	-0.8940	_28728_	1
324	-0.8940	_28727_	1
324	-0.8940	_28717_	3
324	-0.8940	_28716_	1
324	-0.8940	_28715_	2
324	-0.8940	_28713_	1
324	-0.8940	_28712_	2
324	-0.8940	_28711_	2
324	-0.8940	_05641_	2
324	-0.8940	_45387_	1
324	-0.8940	_42759_	1
324	-0.8940	_42757_	1
324	-0.8940	_43687_	1
324	-0.8940	_02350_	2
324	-0.8940	_13668_	10
324	-0.8940	_13504_	10
324	-0.8940	_13334_	10
324	-0.8940	fdct_zigzag.dct_mod.dct_block_0.dct_unit_0.ddin[8]	82
325	-0.8940	_10884_	1
325	-0.8940	_21543_	1
325	-0.8940	_21542_	1
325	-0.8940	_21541_	1
325	-0.8940	_21530_	3
325	-0.8940	_21529_	1
325	-0.8940	_21528_	2
325	-0.8940	_21526_	1
325	-0.8940	_21525_	2
325	-0.8940	_21524_	2
325	-0.8940	_05695_	2
325	-0.8940	_43835_	1
325	-0.8940	_43832_	1
325	-0.8940	_47109_	1
325	-0.8940	_46558_	1
325	-0.8940	_03107_	2
325	-0.8940	_13486_	10
325	-0.8940	_13336_	10
325	-0.8940	_13334_	10
325	-0.8940	fdct_zigzag.dct_mod.dct_block_0.dct_unit_0.ddin[8]	82
326	-0.8939	_11323_	1
326	-0.8939	_24074_	1
326	-0.8939	_24031_	3
326	-0.8939	_24030_	3
326	-0.8939	_24028_	1
326	-0.8939	_24027_	2
326	-0.8939	_24025_	1
326	-0.8939	_07336_	2
326	-0.8939	_46772_	1
326	-0.8939	_46629_	1
326	-0.8939	_46456_	1
326	-0.8939	_45241_	2
326	-0.8939	_03039_	4
326	-0.8939	_13576_	10
326	-0.8939	_13504_	10
326	-0.8939	_13334_	10
326	-0.8939	fdct_zigzag.dct_mod.dct_block_0.dct_unit_0.ddin[8]	82
327	-0.8939	_10098_	1
327	-0.8939	_17145_	1
327	-0.8939	_17144_	1
327	-0.8939	_17143_	1
327	-0.8939	_17134_	3
327	-0.8939	_17133_	1
327	-0.8939	_17132_	2
327	-0.8939	_17130_	1
327	-0.8939	_17129_	2
327	-0.8939	_17128_	2
327	-0.8939	_08229_	2
327	-0.8939	_43598_	1
327	-0.8939	_41096_	1
327	-0.8939	_41093_	1
327	-0.8939	_43638_	1
327	-0.8939	_02121_	2
327	-0.8939	_13603_	10
327	-0.8939	_13504_	10
327	-0.8939	_13334_	10
327	-0.8939	fdct_zigzag.dct_mod.dct_block_0.dct_unit_0.ddin[8]	82
328	-0.8934	_12298_	1
328	-0.8934	_29655_	1
328	-0.8934	_29636_	3
328	-0.8934	_29635_	1
328	-0.8934	_29634_	2
328	-0.8934	_29632_	1
328	-0.8934	_29631_	2
328	-0.8934	_29630_	2
328	-0.8934	_07472_	2
328	-0.8934	_45715_	1
328	-0.8934	_45674_	1
328	-0.8934	_45553_	1
328	-0.8934	_45476_	1
328	-0.8934	_02827_	3
328	-0.8934	_13737_	10
328	-0.8934	_13711_	10
328	-0.8934	_13334_	10
328	-0.8934	fdct_zigzag.dct_mod.dct_block_0.dct_unit_0.ddin[8]	82
329	-0.8925	_11580_	1
329	-0.8925	_25563_	1
329	-0.8925	_25544_	3
329	-0.8925	_25543_	1
329	-0.8925	_25542_	2
329	-0.8925	_25540_	1
329	-0.8925	_25539_	2
329	-0.8925	_25537_	2
329	-0.8925	_07239_	2
329	-0.8925	_37979_	1
329	-0.8925	_37936_	1
329	-0.8925	_37905_	1
329	-0.8925	_37866_	1
329	-0.8925	_00436_	3
329	-0.8925	_13480_	10
329	-0.8925	_13336_	10
329	-0.8925	_13334_	10
329	-0.8925	fdct_zigzag.dct_mod.dct_block_0.dct_unit_0.ddin[8]	82
330	-0.8920	_12209_	1
330	-0.8920	_29193_	1
330	-0.8920	_29181_	3
330	-0.8920	_29180_	3
330	-0.8920	_29179_	1
330	-0.8920	_29178_	2
330	-0.8920	_29176_	1
330	-0.8920	_29175_	2
330	-0.8920	_29174_	2
330	-0.8920	_03512_	2
330	-0.8920	_47295_	1
330	-0.8920	_47242_	1
330	-0.8920	_47197_	1
330	-0.8920	_47137_	1
330	-0.8920	_01872_	2
330	-0.8920	_13712_	10
330	-0.8920	_13711_	10
330	-0.8920	_13334_	10
330	-0.8920	fdct_zigzag.dct_mod.dct_block_0.dct_unit_0.ddin[8]	82
331	-0.8920	_11361_	1
331	-0.8920	_24290_	1
331	-0.8920	_24278_	3
331	-0.8920	_24277_	3
331	-0.8920	_24276_	1
331	-0.8920	_24275_	2
331	-0.8920	_24273_	1
331	-0.8920	_24272_	2
331	-0.8920	_24271_	2
331	-0.8920	_05956_	2
331	-0.8920	_45040_	1
331	-0.8920	_44628_	1
331	-0.8920	_43618_	1
331	-0.8920	_43242_	1
331	-0.8920	_02230_	2
331	-0.8920	_13576_	10
331	-0.8920	_13504_	10
331	-0.8920	_13334_	10
331	-0.8920	fdct_zigzag.dct_mod.dct_block_0.dct_unit_0.ddin[8]	82
332	-0.8919	_10728_	1
332	-0.8919	_20621_	1
332	-0.8919	_20609_	3
332	-0.8919	_20608_	3
332	-0.8919	_20607_	1
332	-0.8919	_20606_	2
332	-0.8919	_20604_	1
332	-0.8919	_20603_	2
332	-0.8919	_20602_	2
332	-0.8919	_07204_	2
332	-0.8919	_40018_	1
332	-0.8919	_39990_	1
332	-0.8919	_39964_	1
332	-0.8919	_39938_	1
332	-0.8919	_01138_	2
332	-0.8919	_13361_	10
332	-0.8919	_13336_	10
332	-0.8919	_13334_	10
332	-0.8919	fdct_zigzag.dct_mod.dct_block_0.dct_unit_0.ddin[8]	82
333	-0.8919	_11655_	1
333	-0.8919	_26011_	1
333	-0.8919	_25998_	3
333	-0.8919	_25997_	3
333	-0.8919	_25996_	1
333	-0.8919	_25995_	2
333	-0.8919	_25993_	1
333	-0.8919	_25992_	2
333	-0.8919	_25991_	2
333	-0.8919	_06264_	2
333	-0.8919	_38572_	1
333	-0.8919	_38540_	1
333	-0.8919	_38509_	1
333	-0.8919	_38470_	1
333	-0.8919	_00653_	2
333	-0.8919	_13445_	10
333	-0.8919	_13336_	10
333	-0.8919	_13334_	10
333	-0.8919	fdct_zigzag.dct_mod.dct_block_0.dct_unit_0.ddin[8]	82
334	-0.8919	_11616_	1
334	-0.8919	_25780_	1
334	-0.8919	_25768_	3
334	-0.8919	_25767_	3
334	-0.8919	_25766_	1
334	-0.8919	_25765_	2
334	-0.8919	_25763_	1
334	-0.8919	_25762_	2
334	-0.8919	_25761_	2
334	-0.8919	_06229_	2
334	-0.8919	_38260_	1
334	-0.8919	_38221_	1
334	-0.8919	_38186_	1
334	-0.8919	_38141_	1
334	-0.8919	_00554_	2
334	-0.8919	_13463_	10
334	-0.8919	_13336_	10
334	-0.8919	_13334_	10
334	-0.8919	fdct_zigzag.dct_mod.dct_block_0.dct_unit_0.ddin[8]	82
335	-0.8919	_11694_	1
335	-0.8919	_26241_	1
335	-0.8919	_26229_	3
335	-0.8919	_26228_	3
335	-0.8919	_26227_	1
335	-0.8919	_26226_	2
335	-0.8919	_26224_	1
335	-0.8919	_26223_	2
335	-0.8919	_26222_	2
335	-0.8919	_06316_	2
335	-0.8919	_38881_	1
335	-0.8919	_38842_	1
335	-0.8919	_38815_	1
335	-0.8919	_38775_	1
335	-0.8919	_00742_	2
335	-0.8919	_13413_	10
335	-0.8919	_13336_	10
335	-0.8919	_13334_	10
335	-0.8919	fdct_zigzag.dct_mod.dct_block_0.dct_unit_0.ddin[8]	82
336	-0.8919	_10161_	1
336	-0.8919	_17488_	1
336	-0.8919	_17446_	3
336	-0.8919	_17445_	3
336	-0.8919	_17443_	1
336	-0.8919	_17442_	2
336	-0.8919	_17440_	1
336	-0.8919	_06021_	2
336	-0.8919	_46383_	1
336	-0.8919	_46280_	1
336	-0.8919	_46209_	1
336	-0.8919	_46126_	1
336	-0.8919	_02114_	5
336	-0.8919	_13505_	10
336	-0.8919	_13504_	10
336	-0.8919	_13334_	10
336	-0.8919	fdct_zigzag.dct_mod.dct_block_0.dct_unit_0.ddin[8]	82
337	-0.8919	_11440_	1
337	-0.8919	_24763_	1
337	-0.8919	_24724_	3
337	-0.8919	_24723_	3
337	-0.8919	_24721_	1
337	-0.8919	_24720_	2
337	-0.8919	_24718_	1
337	-0.8919	_03946_	2
337	-0.8919	_43310_	1
337	-0.8919	_39579_	1
337	-0.8919	_38028_	1
337	-0.8919	_38025_	1
337	-0.8919	_01628_	5
337	-0.8919	_13546_	10
337	-0.8919	_13504_	10
337	-0.8919	_13334_	10
337	-0.8919	fdct_zigzag.dct_mod.dct_block_0.dct_unit_0.ddin[8]	82
338	-0.8917	_10613_	1
338	-0.8917	_19941_	1
338	-0.8917	_19922_	3
338	-0.8917	_19921_	1
338	-0.8917	_19920_	2
338	-0.8917	_19918_	1
338	-0.8917	_19917_	2
338	-0.8917	_19916_	2
338	-0.8917	_08170_	2
338	-0.8917	_42704_	1
338	-0.8917	_42661_	1
338	-0.8917	_42546_	1
338	-0.8917	_42501_	1
338	-0.8917	_01947_	2
338	-0.8917	_13541_	10
338	-0.8917	_13504_	10
338	-0.8917	_13334_	10
338	-0.8917	fdct_zigzag.dct_mod.dct_block_0.dct_unit_0.ddin[8]	82
339	-0.8916	_10554_	1
339	-0.8916	_19700_	1
339	-0.8916	_19682_	3
339	-0.8916	_19681_	1
339	-0.8916	_19680_	2
339	-0.8916	_19678_	1
339	-0.8916	_19677_	2
339	-0.8916	_19676_	2
339	-0.8916	_08837_	2
339	-0.8916	_38352_	1
339	-0.8916	_37844_	1
339	-0.8916	_37842_	1
339	-0.8916	_38046_	1
339	-0.8916	_00482_	2
339	-0.8916	_13445_	10
339	-0.8916	_13336_	10
339	-0.8916	_13334_	10
339	-0.8916	fdct_zigzag.dct_mod.dct_block_0.dct_unit_0.ddin[8]	82
340	-0.8916	_11735_	1
340	-0.8916	_26468_	1
340	-0.8916	_26449_	3
340	-0.8916	_26448_	1
340	-0.8916	_26447_	2
340	-0.8916	_26445_	1
340	-0.8916	_26444_	2
340	-0.8916	_26443_	2
340	-0.8916	_03530_	2
340	-0.8916	_39149_	1
340	-0.8916	_39111_	1
340	-0.8916	_39074_	1
340	-0.8916	_39034_	1
340	-0.8916	_00867_	2
340	-0.8916	_13413_	10
340	-0.8916	_13336_	10
340	-0.8916	_13334_	10
340	-0.8916	fdct_zigzag.dct_mod.dct_block_0.dct_unit_0.ddin[8]	82
341	-0.8914	_10060_	1
341	-0.8914	_16928_	1
341	-0.8914	_16889_	3
341	-0.8914	_16888_	3
341	-0.8914	_16886_	1
341	-0.8914	_16885_	2
341	-0.8914	_16884_	1
341	-0.8914	_07917_	2
341	-0.8914	_42135_	1
341	-0.8914	_42132_	1
341	-0.8914	_42061_	1
341	-0.8914	_42057_	2
341	-0.8914	_01586_	4
341	-0.8914	_13603_	10
341	-0.8914	_13504_	10
341	-0.8914	_13334_	10
341	-0.8914	fdct_zigzag.dct_mod.dct_block_0.dct_unit_0.ddin[8]	82
342	-0.8910	_10240_	1
342	-0.8910	_17941_	1
342	-0.8910	_17922_	3
342	-0.8910	_17921_	1
342	-0.8910	_17920_	2
342	-0.8910	_17918_	1
342	-0.8910	_17917_	2
342	-0.8910	_17916_	2
342	-0.8910	_08161_	2
342	-0.8910	_44462_	1
342	-0.8910	_43945_	1
342	-0.8910	_43495_	1
342	-0.8910	_42967_	1
342	-0.8910	_02122_	2
342	-0.8910	_13505_	10
342	-0.8910	_13504_	10
342	-0.8910	_13334_	10
342	-0.8910	fdct_zigzag.dct_mod.dct_block_0.dct_unit_0.ddin[8]	82
343	-0.8905	_10338_	1
343	-0.8905	_18495_	1
343	-0.8905	_18483_	3
343	-0.8905	_18482_	3
343	-0.8905	_18481_	1
343	-0.8905	_18480_	2
343	-0.8905	_18478_	1
343	-0.8905	_18477_	2
343	-0.8905	_18475_	2
343	-0.8905	_06726_	2
343	-0.8905	_45429_	1
343	-0.8905	_45426_	1
343	-0.8905	_47274_	1
343	-0.8905	_47155_	1
343	-0.8905	_03066_	2
343	-0.8905	_13636_	10
343	-0.8905	_13504_	10
343	-0.8905	_13334_	10
343	-0.8905	fdct_zigzag.dct_mod.dct_block_0.dct_unit_0.ddin[8]	82
344	-0.8903	_12414_	1
344	-0.8903	_30331_	1
344	-0.8903	_30313_	3
344	-0.8903	_30312_	1
344	-0.8903	_30311_	2
344	-0.8903	_30309_	1
344	-0.8903	_30308_	2
344	-0.8903	_30307_	2
344	-0.8903	_08791_	2
344	-0.8903	_47322_	1
344	-0.8903	_46420_	1
344	-0.8903	_44364_	1
344	-0.8903	_40729_	1
344	-0.8903	_01342_	1
344	-0.8903	_13860_	10
344	-0.8903	_13711_	10
344	-0.8903	_13334_	10
344	-0.8903	fdct_zigzag.dct_mod.dct_block_0.dct_unit_0.ddin[8]	82
345	-0.8903	_10502_	1
345	-0.8903	_19408_	1
345	-0.8903	_19389_	3
345	-0.8903	_19388_	1
345	-0.8903	_19387_	2
345	-0.8903	_19385_	1
345	-0.8903	_19384_	2
345	-0.8903	_19383_	2
345	-0.8903	_07547_	2
345	-0.8903	_44710_	1
345	-0.8903	_44271_	1
345	-0.8903	_44269_	1
345	-0.8903	_40610_	1
345	-0.8903	_01310_	2
345	-0.8903	_13851_	10
345	-0.8903	_13711_	10
345	-0.8903	_13334_	10
345	-0.8903	fdct_zigzag.dct_mod.dct_block_0.dct_unit_0.ddin[8]	82
346	-0.8894	_11733_	1
346	-0.8894	_26461_	1
346	-0.8894	_26460_	1
346	-0.8894	_26459_	1
346	-0.8894	_26449_	3
346	-0.8894	_26448_	1
346	-0.8894	_26447_	2
346	-0.8894	_26445_	1
346	-0.8894	_26444_	2
346	-0.8894	_26443_	2
346	-0.8894	_03530_	2
346	-0.8894	_39149_	1
346	-0.8894	_39111_	1
346	-0.8894	_39074_	1
346	-0.8894	_39034_	1
346	-0.8894	_00867_	2
346	-0.8894	_13413_	10
346	-0.8894	_13336_	10
346	-0.8894	_13334_	10
346	-0.8894	fdct_zigzag.dct_mod.dct_block_0.dct_unit_0.ddin[8]	82
347	-0.8894	_10552_	1
347	-0.8894	_19693_	1
347	-0.8894	_19692_	1
347	-0.8894	_19691_	1
347	-0.8894	_19682_	3
347	-0.8894	_19681_	1
347	-0.8894	_19680_	2
347	-0.8894	_19678_	1
347	-0.8894	_19677_	2
347	-0.8894	_19676_	2
347	-0.8894	_08837_	2
347	-0.8894	_38352_	1
347	-0.8894	_37844_	1
347	-0.8894	_37842_	1
347	-0.8894	_38046_	1
347	-0.8894	_00482_	2
347	-0.8894	_13445_	10
347	-0.8894	_13336_	10
347	-0.8894	_13334_	10
347	-0.8894	fdct_zigzag.dct_mod.dct_block_0.dct_unit_0.ddin[8]	82
348	-0.8887	_10238_	1
348	-0.8887	_17934_	1
348	-0.8887	_17933_	1
348	-0.8887	_17932_	1
348	-0.8887	_17922_	3
348	-0.8887	_17921_	1
348	-0.8887	_17920_	2
348	-0.8887	_17918_	1
348	-0.8887	_17917_	2
348	-0.8887	_17916_	2
348	-0.8887	_08161_	2
348	-0.8887	_44462_	1
348	-0.8887	_43945_	1
348	-0.8887	_43495_	1
348	-0.8887	_42967_	1
348	-0.8887	_02122_	2
348	-0.8887	_13505_	10
348	-0.8887	_13504_	10
348	-0.8887	_13334_	10
348	-0.8887	fdct_zigzag.dct_mod.dct_block_0.dct_unit_0.ddin[8]	82
349	-0.8880	_12412_	1
349	-0.8880	_30324_	1
349	-0.8880	_30323_	1
349	-0.8880	_30322_	1
349	-0.8880	_30313_	3
349	-0.8880	_30312_	1
349	-0.8880	_30311_	2
349	-0.8880	_30309_	1
349	-0.8880	_30308_	2
349	-0.8880	_30307_	2
349	-0.8880	_08791_	2
349	-0.8880	_47322_	1
349	-0.8880	_46420_	1
349	-0.8880	_44364_	1
349	-0.8880	_40729_	1
349	-0.8880	_01342_	1
349	-0.8880	_13860_	10
349	-0.8880	_13711_	10
349	-0.8880	_13334_	10
349	-0.8880	fdct_zigzag.dct_mod.dct_block_0.dct_unit_0.ddin[8]	82
350	-0.8880	_11776_	1
350	-0.8880	_26705_	1
350	-0.8880	_26684_	3
350	-0.8880	_26683_	1
350	-0.8880	_26682_	2
350	-0.8880	_26681_	1
350	-0.8880	_26680_	2
350	-0.8880	_26679_	2
350	-0.8880	_03568_	2
350	-0.8880	_39423_	1
350	-0.8880	_39391_	1
350	-0.8880	_39361_	1
350	-0.8880	_39332_	1
350	-0.8880	_00955_	2
350	-0.8880	_13395_	10
350	-0.8880	_13336_	10
350	-0.8880	_13334_	10
350	-0.8880	fdct_zigzag.dct_mod.dct_block_0.dct_unit_0.ddin[8]	82
351	-0.8877	_10500_	1
351	-0.8877	_19400_	1
351	-0.8877	_19399_	1
351	-0.8877	_19398_	1
351	-0.8877	_19389_	3
351	-0.8877	_19388_	1
351	-0.8877	_19387_	2
351	-0.8877	_19385_	1
351	-0.8877	_19384_	2
351	-0.8877	_19383_	2
351	-0.8877	_07547_	2
351	-0.8877	_44710_	1
351	-0.8877	_44271_	1
351	-0.8877	_44269_	1
351	-0.8877	_40610_	1
351	-0.8877	_01310_	2
351	-0.8877	_13851_	10
351	-0.8877	_13711_	10
351	-0.8877	_13334_	10
351	-0.8877	fdct_zigzag.dct_mod.dct_block_0.dct_unit_0.ddin[8]	82
352	-0.8872	_11123_	1
352	-0.8872	_22922_	1
352	-0.8872	_22902_	3
352	-0.8872	_22901_	1
352	-0.8872	_22900_	2
352	-0.8872	_22899_	1
352	-0.8872	_22898_	2
352	-0.8872	_22896_	2
352	-0.8872	_07463_	2
352	-0.8872	_47343_	1
352	-0.8872	_42279_	1
352	-0.8872	_42277_	1
352	-0.8872	_42295_	1
352	-0.8872	_00569_	2
352	-0.8872	_13782_	10
352	-0.8872	_13711_	10
352	-0.8872	_13334_	10
352	-0.8872	fdct_zigzag.dct_mod.dct_block_0.dct_unit_0.ddin[8]	82
353	-0.8870	_11045_	1
353	-0.8870	_22457_	1
353	-0.8870	_22439_	3
353	-0.8870	_22438_	1
353	-0.8870	_22437_	2
353	-0.8870	_22435_	1
353	-0.8870	_22434_	2
353	-0.8870	_22432_	2
353	-0.8870	_07674_	2
353	-0.8870	_40585_	1
353	-0.8870	_40558_	1
353	-0.8870	_40529_	1
353	-0.8870	_40505_	1
353	-0.8870	_00867_	2
353	-0.8870	_13413_	10
353	-0.8870	_13336_	10
353	-0.8870	_13334_	10
353	-0.8870	fdct_zigzag.dct_mod.dct_block_0.dct_unit_0.ddin[8]	82
354	-0.8855	_11516_	1
354	-0.8855	_25219_	1
354	-0.8855	_25218_	1
354	-0.8855	_25190_	3
354	-0.8855	_25189_	3
354	-0.8855	_25187_	1
354	-0.8855	_25186_	2
354	-0.8855	_25184_	1
354	-0.8855	_06094_	2
354	-0.8855	_42093_	1
354	-0.8855	_42090_	1
354	-0.8855	_38346_	1
354	-0.8855	_38343_	1
354	-0.8855	_02829_	2
354	-0.8855	_13576_	10
354	-0.8855	_13504_	10
354	-0.8855	_13334_	10
354	-0.8855	fdct_zigzag.dct_mod.dct_block_0.dct_unit_0.ddin[8]	82
355	-0.8848	_11043_	1
355	-0.8848	_22450_	1
355	-0.8848	_22449_	1
355	-0.8848	_22448_	1
355	-0.8848	_22439_	3
355	-0.8848	_22438_	1
355	-0.8848	_22437_	2
355	-0.8848	_22435_	1
355	-0.8848	_22434_	2
355	-0.8848	_22432_	2
355	-0.8848	_07674_	2
355	-0.8848	_40585_	1
355	-0.8848	_40558_	1
355	-0.8848	_40529_	1
355	-0.8848	_40505_	1
355	-0.8848	_00867_	2
355	-0.8848	_13413_	10
355	-0.8848	_13336_	10
355	-0.8848	_13334_	10
355	-0.8848	fdct_zigzag.dct_mod.dct_block_0.dct_unit_0.ddin[8]	82
356	-0.8844	_10769_	1
356	-0.8844	_20853_	1
356	-0.8844	_20832_	3
356	-0.8844	_20831_	1
356	-0.8844	_20830_	2
356	-0.8844	_20828_	1
356	-0.8844	_20827_	2
356	-0.8844	_20826_	2
356	-0.8844	_03501_	2
356	-0.8844	_40282_	1
356	-0.8844	_40247_	1
356	-0.8844	_40216_	1
356	-0.8844	_40181_	1
356	-0.8844	_01057_	6
356	-0.8844	_13335_	10
356	-0.8844	_13334_	10
356	-0.8844	fdct_zigzag.dct_mod.dct_block_0.dct_unit_0.ddin[8]	82
357	-0.8843	_11162_	1
357	-0.8843	_23147_	1
357	-0.8843	_23128_	3
357	-0.8843	_23127_	1
357	-0.8843	_23126_	2
357	-0.8843	_23124_	1
357	-0.8843	_23123_	2
357	-0.8843	_23122_	2
357	-0.8843	_04220_	2
357	-0.8843	_47367_	1
357	-0.8843	_45112_	1
357	-0.8843	_43791_	1
357	-0.8843	_43788_	1
357	-0.8843	_02986_	1
357	-0.8843	_13753_	10
357	-0.8843	_13711_	10
357	-0.8843	_13334_	10
357	-0.8843	fdct_zigzag.dct_mod.dct_block_0.dct_unit_0.ddin[8]	82
358	-0.8842	_12375_	1
358	-0.8842	_30100_	1
358	-0.8842	_30081_	3
358	-0.8842	_30080_	1
358	-0.8842	_30079_	2
358	-0.8842	_30078_	1
358	-0.8842	_30077_	2
358	-0.8842	_30075_	2
358	-0.8842	_03853_	2
358	-0.8842	_41818_	1
358	-0.8842	_41794_	1
358	-0.8842	_41791_	1
358	-0.8842	_44308_	1
358	-0.8842	_02556_	1
358	-0.8842	_13851_	10
358	-0.8842	_13711_	10
358	-0.8842	_13334_	10
358	-0.8842	fdct_zigzag.dct_mod.dct_block_0.dct_unit_0.ddin[8]	82
359	-0.8840	_10964_	1
359	-0.8840	_21998_	1
359	-0.8840	_21979_	3
359	-0.8840	_21978_	1
359	-0.8840	_21977_	2
359	-0.8840	_21976_	1
359	-0.8840	_21975_	2
359	-0.8840	_21974_	2
359	-0.8840	_08489_	2
359	-0.8840	_42239_	1
359	-0.8840	_39525_	1
359	-0.8840	_39522_	1
359	-0.8840	_40441_	1
359	-0.8840	_01809_	1
359	-0.8840	_13827_	10
359	-0.8840	_13711_	10
359	-0.8840	_13334_	10
359	-0.8840	fdct_zigzag.dct_mod.dct_block_0.dct_unit_0.ddin[8]	82
360	-0.8835	_10021_	1
360	-0.8835	_16669_	1
360	-0.8835	_16627_	3
360	-0.8835	_16626_	3
360	-0.8835	_16624_	1
360	-0.8835	_16623_	2
360	-0.8835	_16622_	2
360	-0.8835	_03750_	2
360	-0.8835	_43398_	1
360	-0.8835	_43396_	1
360	-0.8835	_45141_	1
360	-0.8835	_45224_	1
360	-0.8835	_02114_	5
360	-0.8835	_13505_	10
360	-0.8835	_13504_	10
360	-0.8835	_13334_	10
360	-0.8835	fdct_zigzag.dct_mod.dct_block_0.dct_unit_0.ddin[8]	82
361	-0.8833	_12335_	1
361	-0.8833	_29875_	1
361	-0.8833	_29837_	3
361	-0.8833	_29836_	3
361	-0.8833	_29834_	1
361	-0.8833	_29833_	2
361	-0.8833	_29832_	2
361	-0.8833	_07758_	2
361	-0.8833	_44917_	1
361	-0.8833	_44240_	1
361	-0.8833	_44239_	1
361	-0.8833	_41261_	1
361	-0.8833	_00728_	5
361	-0.8833	_13413_	10
361	-0.8833	_13336_	10
361	-0.8833	_13334_	10
361	-0.8833	fdct_zigzag.dct_mod.dct_block_0.dct_unit_0.ddin[8]	82
362	-0.8830	_10650_	1
362	-0.8830	_20166_	1
362	-0.8830	_20155_	3
362	-0.8830	_20154_	3
362	-0.8830	_20153_	1
362	-0.8830	_20152_	2
362	-0.8830	_20150_	1
362	-0.8830	_20149_	2
362	-0.8830	_20147_	2
362	-0.8830	_07251_	2
362	-0.8830	_41188_	1
362	-0.8830	_41185_	1
362	-0.8830	_47007_	1
362	-0.8830	_46912_	1
362	-0.8830	_03247_	1
362	-0.8830	_13505_	10
362	-0.8830	_13504_	10
362	-0.8830	_13334_	10
362	-0.8830	fdct_zigzag.dct_mod.dct_block_0.dct_unit_0.ddin[8]	82
363	-0.8820	_12373_	1
363	-0.8820	_30093_	1
363	-0.8820	_30092_	1
363	-0.8820	_30091_	1
363	-0.8820	_30081_	3
363	-0.8820	_30080_	1
363	-0.8820	_30079_	2
363	-0.8820	_30078_	1
363	-0.8820	_30077_	2
363	-0.8820	_30075_	2
363	-0.8820	_03853_	2
363	-0.8820	_41818_	1
363	-0.8820	_41794_	1
363	-0.8820	_41791_	1
363	-0.8820	_44308_	1
363	-0.8820	_02556_	1
363	-0.8820	_13851_	10
363	-0.8820	_13711_	10
363	-0.8820	_13334_	10
363	-0.8820	fdct_zigzag.dct_mod.dct_block_0.dct_unit_0.ddin[8]	82
364	-0.8820	_11160_	1
364	-0.8820	_23140_	1
364	-0.8820	_23139_	1
364	-0.8820	_23138_	1
364	-0.8820	_23128_	3
364	-0.8820	_23127_	1
364	-0.8820	_23126_	2
364	-0.8820	_23124_	1
364	-0.8820	_23123_	2
364	-0.8820	_23122_	2
364	-0.8820	_04220_	2
364	-0.8820	_47367_	1
364	-0.8820	_45112_	1
364	-0.8820	_43791_	1
364	-0.8820	_43788_	1
364	-0.8820	_02986_	1
364	-0.8820	_13753_	10
364	-0.8820	_13711_	10
364	-0.8820	_13334_	10
364	-0.8820	fdct_zigzag.dct_mod.dct_block_0.dct_unit_0.ddin[8]	82
365	-0.8819	_12211_	1
365	-0.8819	_29199_	1
365	-0.8819	_29180_	3
365	-0.8819	_29179_	1
365	-0.8819	_29178_	2
365	-0.8819	_29176_	1
365	-0.8819	_29175_	2
365	-0.8819	_29174_	2
365	-0.8819	_03512_	2
365	-0.8819	_47295_	1
365	-0.8819	_47242_	1
365	-0.8819	_47197_	1
365	-0.8819	_47137_	1
365	-0.8819	_01872_	2
365	-0.8819	_13712_	10
365	-0.8819	_13711_	10
365	-0.8819	_13334_	10
365	-0.8819	fdct_zigzag.dct_mod.dct_block_0.dct_unit_0.ddin[8]	82
366	-0.8819	_11363_	1
366	-0.8819	_24296_	1
366	-0.8819	_24277_	3
366	-0.8819	_24276_	1
366	-0.8819	_24275_	2
366	-0.8819	_24273_	1
366	-0.8819	_24272_	2
366	-0.8819	_24271_	2
366	-0.8819	_05956_	2
366	-0.8819	_45040_	1
366	-0.8819	_44628_	1
366	-0.8819	_43618_	1
366	-0.8819	_43242_	1
366	-0.8819	_02230_	2
366	-0.8819	_13576_	10
366	-0.8819	_13504_	10
366	-0.8819	_13334_	10
366	-0.8819	fdct_zigzag.dct_mod.dct_block_0.dct_unit_0.ddin[8]	82
367	-0.8818	_10730_	1
367	-0.8818	_20627_	1
367	-0.8818	_20608_	3
367	-0.8818	_20607_	1
367	-0.8818	_20606_	2
367	-0.8818	_20604_	1
367	-0.8818	_20603_	2
367	-0.8818	_20602_	2
367	-0.8818	_07204_	2
367	-0.8818	_40018_	1
367	-0.8818	_39990_	1
367	-0.8818	_39964_	1
367	-0.8818	_39938_	1
367	-0.8818	_01138_	2
367	-0.8818	_13361_	10
367	-0.8818	_13336_	10
367	-0.8818	_13334_	10
367	-0.8818	fdct_zigzag.dct_mod.dct_block_0.dct_unit_0.ddin[8]	82
368	-0.8818	_11657_	1
368	-0.8818	_26017_	1
368	-0.8818	_25997_	3
368	-0.8818	_25996_	1
368	-0.8818	_25995_	2
368	-0.8818	_25993_	1
368	-0.8818	_25992_	2
368	-0.8818	_25991_	2
368	-0.8818	_06264_	2
368	-0.8818	_38572_	1
368	-0.8818	_38540_	1
368	-0.8818	_38509_	1
368	-0.8818	_38470_	1
368	-0.8818	_00653_	2
368	-0.8818	_13445_	10
368	-0.8818	_13336_	10
368	-0.8818	_13334_	10
368	-0.8818	fdct_zigzag.dct_mod.dct_block_0.dct_unit_0.ddin[8]	82
369	-0.8818	_11618_	1
369	-0.8818	_25786_	1
369	-0.8818	_25767_	3
369	-0.8818	_25766_	1
369	-0.8818	_25765_	2
369	-0.8818	_25763_	1
369	-0.8818	_25762_	2
369	-0.8818	_25761_	2
369	-0.8818	_06229_	2
369	-0.8818	_38260_	1
369	-0.8818	_38221_	1
369	-0.8818	_38186_	1
369	-0.8818	_38141_	1
369	-0.8818	_00554_	2
369	-0.8818	_13463_	10
369	-0.8818	_13336_	10
369	-0.8818	_13334_	10
369	-0.8818	fdct_zigzag.dct_mod.dct_block_0.dct_unit_0.ddin[8]	82
370	-0.8818	_11696_	1
370	-0.8818	_26247_	1
370	-0.8818	_26228_	3
370	-0.8818	_26227_	1
370	-0.8818	_26226_	2
370	-0.8818	_26224_	1
370	-0.8818	_26223_	2
370	-0.8818	_26222_	2
370	-0.8818	_06316_	2
370	-0.8818	_38881_	1
370	-0.8818	_38842_	1
370	-0.8818	_38815_	1
370	-0.8818	_38775_	1
370	-0.8818	_00742_	2
370	-0.8818	_13413_	10
370	-0.8818	_13336_	10
370	-0.8818	_13334_	10
370	-0.8818	fdct_zigzag.dct_mod.dct_block_0.dct_unit_0.ddin[8]	82
371	-0.8818	_10962_	1
371	-0.8818	_21990_	1
371	-0.8818	_21989_	1
371	-0.8818	_21988_	1
371	-0.8818	_21979_	3
371	-0.8818	_21978_	1
371	-0.8818	_21977_	2
371	-0.8818	_21976_	1
371	-0.8818	_21975_	2
371	-0.8818	_21974_	2
371	-0.8818	_08489_	2
371	-0.8818	_42239_	1
371	-0.8818	_39525_	1
371	-0.8818	_39522_	1
371	-0.8818	_40441_	1
371	-0.8818	_01809_	1
371	-0.8818	_13827_	10
371	-0.8818	_13711_	10
371	-0.8818	_13334_	10
371	-0.8818	fdct_zigzag.dct_mod.dct_block_0.dct_unit_0.ddin[8]	82
372	-0.8802	_10693_	1
372	-0.8802	_20408_	1
372	-0.8802	_20385_	2
372	-0.8802	_20383_	2
372	-0.8802	_20382_	2
372	-0.8802	_20381_	2
372	-0.8802	_06845_	2
372	-0.8802	_44950_	1
372	-0.8802	_44195_	1
372	-0.8802	_44192_	1
372	-0.8802	_40070_	4
372	-0.8802	_01159_	5
372	-0.8802	_13480_	10
372	-0.8802	_13336_	10
372	-0.8802	_13334_	10
372	-0.8802	fdct_zigzag.dct_mod.dct_block_0.dct_unit_0.ddin[8]	82
373	-0.8802	_12102_	1
373	-0.8802	_28531_	1
373	-0.8802	_28507_	2
373	-0.8802	_20383_	2
373	-0.8802	_20382_	2
373	-0.8802	_20381_	2
373	-0.8802	_06845_	2
373	-0.8802	_44950_	1
373	-0.8802	_44195_	1
373	-0.8802	_44192_	1
373	-0.8802	_40070_	4
373	-0.8802	_01159_	5
373	-0.8802	_13480_	10
373	-0.8802	_13336_	10
373	-0.8802	_13334_	10
373	-0.8802	fdct_zigzag.dct_mod.dct_block_0.dct_unit_0.ddin[8]	82
374	-0.8800	_10300_	1
374	-0.8800	_18273_	1
374	-0.8800	_18229_	3
374	-0.8800	_18228_	3
374	-0.8800	_18226_	1
374	-0.8800	_18225_	2
374	-0.8800	_18223_	1
374	-0.8800	_05723_	2
374	-0.8800	_46090_	1
374	-0.8800	_45886_	1
374	-0.8800	_45307_	1
374	-0.8800	_45172_	1
374	-0.8800	_00850_	4
374	-0.8800	_13395_	10
374	-0.8800	_13336_	10
374	-0.8800	_13334_	10
374	-0.8800	fdct_zigzag.dct_mod.dct_block_0.dct_unit_0.ddin[8]	82
375	-0.8798	_12055_	1
375	-0.8798	_28298_	1
375	-0.8798	_28297_	1
375	-0.8798	_28267_	3
375	-0.8798	_28252_	1
375	-0.8798	_28249_	3
375	-0.8798	_28248_	5
375	-0.8798	_03747_	1
375	-0.8798	_39053_	1
375	-0.8798	_38932_	1
375	-0.8798	_38930_	1
375	-0.8798	_38704_	1
375	-0.8798	_00709_	2
375	-0.8798	_13689_	10
375	-0.8798	_13504_	10
375	-0.8798	_13334_	10
375	-0.8798	fdct_zigzag.dct_mod.dct_block_0.dct_unit_0.ddin[8]	82
376	-0.8797	_12251_	1
376	-0.8797	_29417_	1
376	-0.8797	_29405_	3
376	-0.8797	_29404_	3
376	-0.8797	_29403_	1
376	-0.8797	_29402_	2
376	-0.8797	_29400_	1
376	-0.8797	_29399_	2
376	-0.8797	_29398_	2
376	-0.8797	_06918_	2
376	-0.8797	_46540_	1
376	-0.8797	_46485_	1
376	-0.8797	_46459_	1
376	-0.8797	_46358_	1
376	-0.8797	_03081_	1
376	-0.8797	_13726_	10
376	-0.8797	_13711_	10
376	-0.8797	_13334_	10
376	-0.8797	fdct_zigzag.dct_mod.dct_block_0.dct_unit_0.ddin[8]	82
377	-0.8787	_11902_	1
377	-0.8787	_27390_	1
377	-0.8787	_27371_	3
377	-0.8787	_27370_	1
377	-0.8787	_27369_	2
377	-0.8787	_27367_	1
377	-0.8787	_27366_	2
377	-0.8787	_27365_	2
377	-0.8787	_07394_	2
377	-0.8787	_44399_	1
377	-0.8787	_44290_	1
377	-0.8787	_44211_	1
377	-0.8787	_44082_	1
377	-0.8787	_02476_	1
377	-0.8787	_13668_	10
377	-0.8787	_13504_	10
377	-0.8787	_13334_	10
377	-0.8787	fdct_zigzag.dct_mod.dct_block_0.dct_unit_0.ddin[8]	82
378	-0.8787	_11281_	1
378	-0.8787	_23843_	1
378	-0.8787	_23803_	3
378	-0.8787	_23802_	3
378	-0.8787	_23800_	1
378	-0.8787	_23799_	2
378	-0.8787	_23798_	2
378	-0.8787	_05056_	2
378	-0.8787	_44802_	1
378	-0.8787	_44253_	1
378	-0.8787	_43506_	1
378	-0.8787	_43163_	1
378	-0.8787	_01628_	5
378	-0.8787	_13546_	10
378	-0.8787	_13504_	10
378	-0.8787	_13334_	10
378	-0.8787	fdct_zigzag.dct_mod.dct_block_0.dct_unit_0.ddin[8]	82
379	-0.8787	_12490_	1
379	-0.8787	_30790_	1
379	-0.8787	_30749_	3
379	-0.8787	_30748_	3
379	-0.8787	_30746_	1
379	-0.8787	_30745_	2
379	-0.8787	_30744_	2
379	-0.8787	_08299_	2
379	-0.8787	_47201_	1
379	-0.8787	_47058_	1
379	-0.8787	_46955_	1
379	-0.8787	_46880_	1
379	-0.8787	_01545_	5
379	-0.8787	_13541_	10
379	-0.8787	_13504_	10
379	-0.8787	_13334_	10
379	-0.8787	fdct_zigzag.dct_mod.dct_block_0.dct_unit_0.ddin[8]	82
380	-0.8783	_11403_	1
380	-0.8783	_24531_	1
380	-0.8783	_24488_	3
380	-0.8783	_24486_	1
380	-0.8783	_24485_	2
380	-0.8783	_24484_	2
380	-0.8783	_06482_	2
380	-0.8783	_41524_	1
380	-0.8783	_38695_	1
380	-0.8783	_38645_	2
380	-0.8783	_41317_	5
380	-0.8783	_03421_	3
380	-0.8783	_13584_	10
380	-0.8783	_13504_	10
380	-0.8783	_13334_	10
380	-0.8783	fdct_zigzag.dct_mod.dct_block_0.dct_unit_0.ddin[8]	82
381	-0.8775	_12171_	1
381	-0.8775	_28965_	1
381	-0.8775	_28924_	3
381	-0.8775	_28923_	3
381	-0.8775	_28921_	1
381	-0.8775	_28920_	2
381	-0.8775	_28918_	1
381	-0.8775	_07803_	2
381	-0.8775	_45058_	1
381	-0.8775	_42227_	1
381	-0.8775	_42224_	1
381	-0.8775	_41588_	2
381	-0.8775	_02894_	4
381	-0.8775	_13541_	10
381	-0.8775	_13504_	10
381	-0.8775	_13334_	10
381	-0.8775	fdct_zigzag.dct_mod.dct_block_0.dct_unit_0.ddin[8]	82
382	-0.8769	_11519_	1
382	-0.8769	_25228_	1
382	-0.8769	_25212_	3
382	-0.8769	_25211_	1
382	-0.8769	_25210_	2
382	-0.8769	_25208_	1
382	-0.8769	_25207_	2
382	-0.8769	_25205_	2
382	-0.8769	_06094_	2
382	-0.8769	_42093_	1
382	-0.8769	_42090_	1
382	-0.8769	_38346_	1
382	-0.8769	_38343_	1
382	-0.8769	_02829_	2
382	-0.8769	_13576_	10
382	-0.8769	_13504_	10
382	-0.8769	_13334_	10
382	-0.8769	fdct_zigzag.dct_mod.dct_block_0.dct_unit_0.ddin[8]	82
383	-0.8766	_10340_	1
383	-0.8766	_18501_	1
383	-0.8766	_18482_	3
383	-0.8766	_18481_	1
383	-0.8766	_18480_	2
383	-0.8766	_18478_	1
383	-0.8766	_18477_	2
383	-0.8766	_18475_	2
383	-0.8766	_06726_	2
383	-0.8766	_45429_	1
383	-0.8766	_45426_	1
383	-0.8766	_47274_	1
383	-0.8766	_47155_	1
383	-0.8766	_03066_	2
383	-0.8766	_13636_	10
383	-0.8766	_13504_	10
383	-0.8766	_13334_	10
383	-0.8766	fdct_zigzag.dct_mod.dct_block_0.dct_unit_0.ddin[8]	82
384	-0.8765	_11900_	1
384	-0.8765	_27383_	1
384	-0.8765	_27382_	1
384	-0.8765	_27381_	1
384	-0.8765	_27371_	3
384	-0.8765	_27370_	1
384	-0.8765	_27369_	2
384	-0.8765	_27367_	1
384	-0.8765	_27366_	2
384	-0.8765	_27365_	2
384	-0.8765	_07394_	2
384	-0.8765	_44399_	1
384	-0.8765	_44290_	1
384	-0.8765	_44211_	1
384	-0.8765	_44082_	1
384	-0.8765	_02476_	1
384	-0.8765	_13668_	10
384	-0.8765	_13504_	10
384	-0.8765	_13334_	10
384	-0.8765	fdct_zigzag.dct_mod.dct_block_0.dct_unit_0.ddin[8]	82
385	-0.8762	_10926_	1
385	-0.8762	_21778_	1
385	-0.8762	_21738_	3
385	-0.8762	_21736_	1
385	-0.8762	_21735_	2
385	-0.8762	_21734_	1
385	-0.8762	_05822_	2
385	-0.8762	_41853_	1
385	-0.8762	_41704_	1
385	-0.8762	_41609_	1
385	-0.8762	_41458_	1
385	-0.8762	_01552_	6
385	-0.8762	_13541_	10
385	-0.8762	_13504_	10
385	-0.8762	_13334_	10
385	-0.8762	fdct_zigzag.dct_mod.dct_block_0.dct_unit_0.ddin[8]	82
386	-0.8743	_11006_	1
386	-0.8743	_22225_	1
386	-0.8743	_22206_	3
386	-0.8743	_22205_	1
386	-0.8743	_22204_	2
386	-0.8743	_22202_	1
386	-0.8743	_22201_	2
386	-0.8743	_22199_	2
386	-0.8743	_07849_	2
386	-0.8743	_42774_	1
386	-0.8743	_42771_	1
386	-0.8743	_39458_	1
386	-0.8743	_39455_	1
386	-0.8743	_02196_	1
386	-0.8743	_13816_	10
386	-0.8743	_13711_	10
386	-0.8743	_13334_	10
386	-0.8743	fdct_zigzag.dct_mod.dct_block_0.dct_unit_0.ddin[8]	82
387	-0.8718	_11004_	1
387	-0.8718	_22218_	1
387	-0.8718	_22217_	1
387	-0.8718	_22216_	1
387	-0.8718	_22206_	3
387	-0.8718	_22205_	1
387	-0.8718	_22204_	2
387	-0.8718	_22202_	1
387	-0.8718	_22201_	2
387	-0.8718	_22199_	2
387	-0.8718	_07849_	2
387	-0.8718	_42774_	1
387	-0.8718	_42771_	1
387	-0.8718	_39458_	1
387	-0.8718	_39455_	1
387	-0.8718	_02196_	1
387	-0.8718	_13816_	10
387	-0.8718	_13711_	10
387	-0.8718	_13334_	10
387	-0.8718	fdct_zigzag.dct_mod.dct_block_0.dct_unit_0.ddin[8]	82
388	-0.8707	_10202_	1
388	-0.8707	_17721_	1
388	-0.8707	_17675_	3
388	-0.8707	_17673_	1
388	-0.8707	_17672_	2
388	-0.8707	_17670_	1
388	-0.8707	_08517_	2
388	-0.8707	_46238_	1
388	-0.8707	_46152_	1
388	-0.8707	_45955_	1
388	-0.8707	_45873_	1
388	-0.8707	_01602_	6
388	-0.8707	_13603_	10
388	-0.8707	_13504_	10
388	-0.8707	_13334_	10
388	-0.8707	fdct_zigzag.dct_mod.dct_block_0.dct_unit_0.ddin[8]	82
389	-0.8707	_11481_	1
389	-0.8707	_24998_	1
389	-0.8707	_24957_	3
389	-0.8707	_24955_	1
389	-0.8707	_24954_	2
389	-0.8707	_24952_	1
389	-0.8707	_06060_	2
389	-0.8707	_44530_	1
389	-0.8707	_43700_	1
389	-0.8707	_43697_	1
389	-0.8707	_46898_	1
389	-0.8707	_03045_	6
389	-0.8707	_13576_	10
389	-0.8707	_13504_	10
389	-0.8707	_13334_	10
389	-0.8707	fdct_zigzag.dct_mod.dct_block_0.dct_unit_0.ddin[8]	82
390	-0.8700	_11579_	1
390	-0.8700	_25562_	1
390	-0.8700	_25524_	3
390	-0.8700	_25523_	3
390	-0.8700	_25521_	1
390	-0.8700	_25520_	2
390	-0.8700	_25519_	1
390	-0.8700	_07239_	2
390	-0.8700	_37979_	1
390	-0.8700	_37936_	1
390	-0.8700	_37905_	1
390	-0.8700	_37866_	1
390	-0.8700	_00436_	3
390	-0.8700	_13480_	10
390	-0.8700	_13336_	10
390	-0.8700	_13334_	10
390	-0.8700	fdct_zigzag.dct_mod.dct_block_0.dct_unit_0.ddin[8]	82
391	-0.8699	_10378_	1
391	-0.8699	_18733_	1
391	-0.8699	_18693_	3
391	-0.8699	_18692_	3
391	-0.8699	_18691_	1
391	-0.8699	_18690_	2
391	-0.8699	_18688_	1
391	-0.8699	_05774_	2
391	-0.8699	_41069_	1
391	-0.8699	_41066_	1
391	-0.8699	_41126_	1
391	-0.8699	_43359_	1
391	-0.8699	_00419_	3
391	-0.8699	_13480_	10
391	-0.8699	_13336_	10
391	-0.8699	_13334_	10
391	-0.8699	fdct_zigzag.dct_mod.dct_block_0.dct_unit_0.ddin[8]	82
392	-0.8696	_12253_	1
392	-0.8696	_29424_	1
392	-0.8696	_29404_	3
392	-0.8696	_29403_	1
392	-0.8696	_29402_	2
392	-0.8696	_29400_	1
392	-0.8696	_29399_	2
392	-0.8696	_29398_	2
392	-0.8696	_06918_	2
392	-0.8696	_46540_	1
392	-0.8696	_46485_	1
392	-0.8696	_46459_	1
392	-0.8696	_46358_	1
392	-0.8696	_03081_	1
392	-0.8696	_13726_	10
392	-0.8696	_13711_	10
392	-0.8696	_13334_	10
392	-0.8696	fdct_zigzag.dct_mod.dct_block_0.dct_unit_0.ddin[8]	82
393	-0.8694	_12173_	1
393	-0.8694	_28967_	1
393	-0.8694	_28923_	3
393	-0.8694	_28921_	1
393	-0.8694	_28920_	2
393	-0.8694	_28919_	2
393	-0.8694	_07288_	2
393	-0.8694	_45049_	1
393	-0.8694	_42222_	1
393	-0.8694	_42219_	1
393	-0.8694	_44992_	1
393	-0.8694	_01354_	5
393	-0.8694	_13541_	10
393	-0.8694	_13504_	10
393	-0.8694	_13334_	10
393	-0.8694	fdct_zigzag.dct_mod.dct_block_0.dct_unit_0.ddin[8]	82
394	-0.8676	_11200_	1
394	-0.8676	_23384_	1
394	-0.8676	_23345_	3
394	-0.8676	_23344_	3
394	-0.8676	_23342_	1
394	-0.8676	_23341_	2
394	-0.8676	_23339_	1
394	-0.8676	_07065_	2
394	-0.8676	_44017_	1
394	-0.8676	_43892_	1
394	-0.8676	_43757_	1
394	-0.8676	_43552_	1
394	-0.8676	_00436_	3
394	-0.8676	_13480_	10
394	-0.8676	_13336_	10
394	-0.8676	_13334_	10
394	-0.8676	fdct_zigzag.dct_mod.dct_block_0.dct_unit_0.ddin[8]	82
395	-0.8668	_12297_	1
395	-0.8668	_29654_	1
395	-0.8668	_29613_	3
395	-0.8668	_29612_	3
395	-0.8668	_29610_	1
395	-0.8668	_29609_	2
395	-0.8668	_29607_	1
395	-0.8668	_07472_	2
395	-0.8668	_45715_	1
395	-0.8668	_45674_	1
395	-0.8668	_45553_	1
395	-0.8668	_45476_	1
395	-0.8668	_02827_	3
395	-0.8668	_13737_	10
395	-0.8668	_13711_	10
395	-0.8668	_13334_	10
395	-0.8668	fdct_zigzag.dct_mod.dct_block_0.dct_unit_0.ddin[8]	82
396	-0.8667	_10849_	1
396	-0.8667	_21328_	1
396	-0.8667	_21306_	2
396	-0.8667	_21305_	1
396	-0.8667	_21304_	2
396	-0.8667	_21303_	2
396	-0.8667	_03914_	2
396	-0.8667	_45260_	1
396	-0.8667	_38691_	1
396	-0.8667	_38688_	1
396	-0.8667	_42916_	4
396	-0.8667	_02108_	5
396	-0.8667	_13668_	10
396	-0.8667	_13504_	10
396	-0.8667	_13334_	10
396	-0.8667	fdct_zigzag.dct_mod.dct_block_0.dct_unit_0.ddin[8]	82
397	-0.8657	_12020_	1
397	-0.8657	_28086_	1
397	-0.8657	_28045_	3
397	-0.8657	_28044_	1
397	-0.8657	_28043_	2
397	-0.8657	_28042_	2
397	-0.8657	_07375_	2
397	-0.8657	_42853_	1
397	-0.8657	_39502_	1
397	-0.8657	_39500_	1
397	-0.8657	_38958_	1
397	-0.8657	_00812_	5
397	-0.8657	_13337_	10
397	-0.8657	_13336_	10
397	-0.8657	_13334_	10
397	-0.8657	fdct_zigzag.dct_mod.dct_block_0.dct_unit_0.ddin[8]	82
398	-0.8652	_10652_	1
398	-0.8652	_20172_	1
398	-0.8652	_20154_	3
398	-0.8652	_20153_	1
398	-0.8652	_20152_	2
398	-0.8652	_20150_	1
398	-0.8652	_20149_	2
398	-0.8652	_20147_	2
398	-0.8652	_07251_	2
398	-0.8652	_41188_	1
398	-0.8652	_41185_	1
398	-0.8652	_47007_	1
398	-0.8652	_46912_	1
398	-0.8652	_03247_	1
398	-0.8652	_13505_	10
398	-0.8652	_13504_	10
398	-0.8652	_13334_	10
398	-0.8652	fdct_zigzag.dct_mod.dct_block_0.dct_unit_0.ddin[8]	82
399	-0.8635	_12452_	1
399	-0.8635	_30562_	1
399	-0.8635	_30521_	3
399	-0.8635	_30520_	3
399	-0.8635	_30518_	1
399	-0.8635	_30517_	2
399	-0.8635	_30515_	1
399	-0.8635	_07332_	2
399	-0.8635	_47361_	1
399	-0.8635	_43285_	1
399	-0.8635	_41806_	1
399	-0.8635	_40302_	1
399	-0.8635	_00850_	4
399	-0.8635	_13395_	10
399	-0.8635	_13336_	10
399	-0.8635	_13334_	10
399	-0.8635	fdct_zigzag.dct_mod.dct_block_0.dct_unit_0.ddin[8]	82
400	-0.8625	_11979_	1
400	-0.8625	_27852_	1
400	-0.8625	_27810_	3
400	-0.8625	_27809_	3
400	-0.8625	_27807_	1
400	-0.8625	_27806_	2
400	-0.8625	_27805_	1
400	-0.8625	_07408_	2
400	-0.8625	_42447_	1
400	-0.8625	_41409_	1
400	-0.8625	_41406_	1
400	-0.8625	_45922_	1
400	-0.8625	_00709_	2
400	-0.8625	_13689_	10
400	-0.8625	_13504_	10
400	-0.8625	_13334_	10
400	-0.8625	fdct_zigzag.dct_mod.dct_block_0.dct_unit_0.ddin[8]	82
401	-0.8624	_11775_	1
401	-0.8624	_26704_	1
401	-0.8624	_26664_	3
401	-0.8624	_26663_	3
401	-0.8624	_26661_	1
401	-0.8624	_26660_	2
401	-0.8624	_26659_	1
401	-0.8624	_03568_	2
401	-0.8624	_39423_	1
401	-0.8624	_39391_	1
401	-0.8624	_39361_	1
401	-0.8624	_39332_	1
401	-0.8624	_00955_	2
401	-0.8624	_13395_	10
401	-0.8624	_13336_	10
401	-0.8624	_13334_	10
401	-0.8624	fdct_zigzag.dct_mod.dct_block_0.dct_unit_0.ddin[8]	82
402	-0.8620	_10099_	1
402	-0.8620	_17151_	1
402	-0.8620	_17114_	3
402	-0.8620	_17113_	3
402	-0.8620	_17111_	1
402	-0.8620	_17110_	2
402	-0.8620	_17109_	1
402	-0.8620	_08229_	2
402	-0.8620	_43598_	1
402	-0.8620	_41096_	1
402	-0.8620	_41093_	1
402	-0.8620	_43638_	1
402	-0.8620	_02121_	2
402	-0.8620	_13603_	10
402	-0.8620	_13504_	10
402	-0.8620	_13334_	10
402	-0.8620	fdct_zigzag.dct_mod.dct_block_0.dct_unit_0.ddin[8]	82
403	-0.8620	_10927_	1
403	-0.8620	_21779_	1
403	-0.8620	_21757_	2
403	-0.8620	_21755_	1
403	-0.8620	_21754_	2
403	-0.8620	_21753_	2
403	-0.8620	_05822_	2
403	-0.8620	_41853_	1
403	-0.8620	_41704_	1
403	-0.8620	_41609_	1
403	-0.8620	_41458_	1
403	-0.8620	_01552_	6
403	-0.8620	_13541_	10
403	-0.8620	_13504_	10
403	-0.8620	_13334_	10
403	-0.8620	fdct_zigzag.dct_mod.dct_block_0.dct_unit_0.ddin[8]	82
404	-0.8613	_10203_	1
404	-0.8613	_17722_	1
404	-0.8613	_17698_	2
404	-0.8613	_17696_	1
404	-0.8613	_17695_	2
404	-0.8613	_17694_	2
404	-0.8613	_08517_	2
404	-0.8613	_46238_	1
404	-0.8613	_46152_	1
404	-0.8613	_45955_	1
404	-0.8613	_45873_	1
404	-0.8613	_01602_	6
404	-0.8613	_13603_	10
404	-0.8613	_13504_	10
404	-0.8613	_13334_	10
404	-0.8613	fdct_zigzag.dct_mod.dct_block_0.dct_unit_0.ddin[8]	82
405	-0.8613	_11482_	1
405	-0.8613	_24999_	1
405	-0.8613	_24976_	2
405	-0.8613	_24974_	1
405	-0.8613	_24973_	2
405	-0.8613	_24972_	2
405	-0.8613	_06060_	2
405	-0.8613	_44530_	1
405	-0.8613	_43700_	1
405	-0.8613	_43697_	1
405	-0.8613	_46898_	1
405	-0.8613	_03045_	6
405	-0.8613	_13576_	10
405	-0.8613	_13504_	10
405	-0.8613	_13334_	10
405	-0.8613	fdct_zigzag.dct_mod.dct_block_0.dct_unit_0.ddin[8]	82
406	-0.8611	_12337_	1
406	-0.8611	_29878_	1
406	-0.8611	_29836_	3
406	-0.8611	_29834_	1
406	-0.8611	_29833_	2
406	-0.8611	_29832_	2
406	-0.8611	_07758_	2
406	-0.8611	_44917_	1
406	-0.8611	_44240_	1
406	-0.8611	_44239_	1
406	-0.8611	_41261_	1
406	-0.8611	_00728_	5
406	-0.8611	_13413_	10
406	-0.8611	_13336_	10
406	-0.8611	_13334_	10
406	-0.8611	fdct_zigzag.dct_mod.dct_block_0.dct_unit_0.ddin[8]	82
407	-0.8610	_10023_	1
407	-0.8610	_16671_	1
407	-0.8610	_16626_	3
407	-0.8610	_16624_	1
407	-0.8610	_16623_	2
407	-0.8610	_16622_	2
407	-0.8610	_03750_	2
407	-0.8610	_43398_	1
407	-0.8610	_43396_	1
407	-0.8610	_45141_	1
407	-0.8610	_45224_	1
407	-0.8610	_02114_	5
407	-0.8610	_13505_	10
407	-0.8610	_13504_	10
407	-0.8610	_13334_	10
407	-0.8610	fdct_zigzag.dct_mod.dct_block_0.dct_unit_0.ddin[8]	82
408	-0.8605	_12132_	1
408	-0.8605	_28735_	1
408	-0.8605	_28697_	3
408	-0.8605	_28696_	3
408	-0.8605	_28694_	1
408	-0.8605	_28693_	2
408	-0.8605	_28691_	1
408	-0.8605	_05641_	2
408	-0.8605	_45387_	1
408	-0.8605	_42759_	1
408	-0.8605	_42757_	1
408	-0.8605	_43687_	1
408	-0.8605	_02350_	2
408	-0.8605	_13668_	10
408	-0.8605	_13504_	10
408	-0.8605	_13334_	10
408	-0.8605	fdct_zigzag.dct_mod.dct_block_0.dct_unit_0.ddin[8]	82
409	-0.8603	_11283_	1
409	-0.8603	_23845_	1
409	-0.8603	_23802_	3
409	-0.8603	_23800_	1
409	-0.8603	_23799_	2
409	-0.8603	_23798_	2
409	-0.8603	_05056_	2
409	-0.8603	_44802_	1
409	-0.8603	_44253_	1
409	-0.8603	_43506_	1
409	-0.8603	_43163_	1
409	-0.8603	_01628_	5
409	-0.8603	_13546_	10
409	-0.8603	_13504_	10
409	-0.8603	_13334_	10
409	-0.8603	fdct_zigzag.dct_mod.dct_block_0.dct_unit_0.ddin[8]	82
410	-0.8603	_12492_	1
410	-0.8603	_30792_	1
410	-0.8603	_30748_	3
410	-0.8603	_30746_	1
410	-0.8603	_30745_	2
410	-0.8603	_30744_	2
410	-0.8603	_08299_	2
410	-0.8603	_47201_	1
410	-0.8603	_47058_	1
410	-0.8603	_46955_	1
410	-0.8603	_46880_	1
410	-0.8603	_01545_	5
410	-0.8603	_13541_	10
410	-0.8603	_13504_	10
410	-0.8603	_13334_	10
410	-0.8603	fdct_zigzag.dct_mod.dct_block_0.dct_unit_0.ddin[8]	82
411	-0.8603	_11325_	1
411	-0.8603	_24076_	1
411	-0.8603	_24030_	3
411	-0.8603	_24028_	1
411	-0.8603	_24027_	2
411	-0.8603	_24026_	2
411	-0.8603	_06191_	2
411	-0.8603	_46756_	1
411	-0.8603	_46626_	1
411	-0.8603	_46451_	1
411	-0.8603	_46296_	1
411	-0.8603	_03054_	5
411	-0.8603	_13576_	10
411	-0.8603	_13504_	10
411	-0.8603	_13334_	10
411	-0.8603	fdct_zigzag.dct_mod.dct_block_0.dct_unit_0.ddin[8]	82
412	-0.8603	_11085_	1
412	-0.8603	_22692_	1
412	-0.8603	_22653_	3
412	-0.8603	_22651_	1
412	-0.8603	_22650_	2
412	-0.8603	_22648_	1
412	-0.8603	_07447_	2
412	-0.8603	_40780_	1
412	-0.8603	_40753_	1
412	-0.8603	_40727_	1
412	-0.8603	_40690_	1
412	-0.8603	_00728_	5
412	-0.8603	_13413_	10
412	-0.8603	_13336_	10
412	-0.8603	_13334_	10
412	-0.8603	fdct_zigzag.dct_mod.dct_block_0.dct_unit_0.ddin[8]	82
413	-0.8602	_10462_	1
413	-0.8602	_19173_	1
413	-0.8602	_19133_	3
413	-0.8602	_19132_	3
413	-0.8602	_19130_	1
413	-0.8602	_19129_	2
413	-0.8602	_19127_	1
413	-0.8602	_05820_	2
413	-0.8602	_45845_	1
413	-0.8602	_45765_	1
413	-0.8602	_45402_	1
413	-0.8602	_45364_	1
413	-0.8602	_02827_	3
413	-0.8602	_13737_	10
413	-0.8602	_13711_	10
413	-0.8602	_13334_	10
413	-0.8602	fdct_zigzag.dct_mod.dct_block_0.dct_unit_0.ddin[8]	82
414	-0.8600	_11856_	1
414	-0.8600	_27155_	1
414	-0.8600	_27117_	3
414	-0.8600	_27116_	3
414	-0.8600	_27115_	1
414	-0.8600	_27114_	2
414	-0.8600	_27108_	2
414	-0.8600	_05585_	2
414	-0.8600	_41884_	1
414	-0.8600	_41671_	1
414	-0.8600	_41559_	1
414	-0.8600	_41481_	1
414	-0.8600	_01572_	3
414	-0.8600	_13541_	10
414	-0.8600	_13504_	10
414	-0.8600	_13334_	10
414	-0.8600	fdct_zigzag.dct_mod.dct_block_0.dct_unit_0.ddin[8]	82
415	-0.8597	_11083_	1
415	-0.8597	_22689_	1
415	-0.8597	_22688_	1
415	-0.8597	_22687_	1
415	-0.8597	_22653_	3
415	-0.8597	_22651_	1
415	-0.8597	_22650_	2
415	-0.8597	_22648_	1
415	-0.8597	_07447_	2
415	-0.8597	_40780_	1
415	-0.8597	_40753_	1
415	-0.8597	_40727_	1
415	-0.8597	_40690_	1
415	-0.8597	_00728_	5
415	-0.8597	_13413_	10
415	-0.8597	_13336_	10
415	-0.8597	_13334_	10
415	-0.8597	fdct_zigzag.dct_mod.dct_block_0.dct_unit_0.ddin[8]	82
416	-0.8597	_11241_	1
416	-0.8597	_23618_	1
416	-0.8597	_23578_	3
416	-0.8597	_23576_	1
416	-0.8597	_23575_	2
416	-0.8597	_23573_	1
416	-0.8597	_07618_	2
416	-0.8597	_42581_	1
416	-0.8597	_42579_	1
416	-0.8597	_40326_	1
416	-0.8597	_40323_	1
416	-0.8597	_01545_	5
416	-0.8597	_13541_	10
416	-0.8597	_13504_	10
416	-0.8597	_13334_	10
416	-0.8597	fdct_zigzag.dct_mod.dct_block_0.dct_unit_0.ddin[8]	82
417	-0.8594	_11239_	1
417	-0.8594	_23615_	1
417	-0.8594	_23614_	1
417	-0.8594	_23613_	1
417	-0.8594	_23578_	3
417	-0.8594	_23576_	1
417	-0.8594	_23575_	2
417	-0.8594	_23573_	1
417	-0.8594	_07618_	2
417	-0.8594	_42581_	1
417	-0.8594	_42579_	1
417	-0.8594	_40326_	1
417	-0.8594	_40323_	1
417	-0.8594	_01545_	5
417	-0.8594	_13541_	10
417	-0.8594	_13504_	10
417	-0.8594	_13334_	10
417	-0.8594	fdct_zigzag.dct_mod.dct_block_0.dct_unit_0.ddin[8]	82
418	-0.8593	_10163_	1
418	-0.8593	_17490_	1
418	-0.8593	_17445_	3
418	-0.8593	_17443_	1
418	-0.8593	_17442_	2
418	-0.8593	_17440_	1
418	-0.8593	_06021_	2
418	-0.8593	_46383_	1
418	-0.8593	_46280_	1
418	-0.8593	_46209_	1
418	-0.8593	_46126_	1
418	-0.8593	_02114_	5
418	-0.8593	_13505_	10
418	-0.8593	_13504_	10
418	-0.8593	_13334_	10
418	-0.8593	fdct_zigzag.dct_mod.dct_block_0.dct_unit_0.ddin[8]	82
419	-0.8593	_11442_	1
419	-0.8593	_24765_	1
419	-0.8593	_24723_	3
419	-0.8593	_24721_	1
419	-0.8593	_24720_	2
419	-0.8593	_24718_	1
419	-0.8593	_03946_	2
419	-0.8593	_43310_	1
419	-0.8593	_39579_	1
419	-0.8593	_38028_	1
419	-0.8593	_38025_	1
419	-0.8593	_01628_	5
419	-0.8593	_13546_	10
419	-0.8593	_13504_	10
419	-0.8593	_13334_	10
419	-0.8593	fdct_zigzag.dct_mod.dct_block_0.dct_unit_0.ddin[8]	82
420	-0.8593	_10768_	1
420	-0.8593	_20852_	1
420	-0.8593	_20809_	3
420	-0.8593	_20808_	3
420	-0.8593	_20806_	1
420	-0.8593	_20805_	2
420	-0.8593	_20804_	1
420	-0.8593	_03501_	2
420	-0.8593	_40282_	1
420	-0.8593	_40247_	1
420	-0.8593	_40216_	1
420	-0.8593	_40181_	1
420	-0.8593	_01057_	6
420	-0.8593	_13335_	10
420	-0.8593	_13334_	10
420	-0.8593	fdct_zigzag.dct_mod.dct_block_0.dct_unit_0.ddin[8]	82
421	-0.8584	_10963_	1
421	-0.8584	_21997_	1
421	-0.8584	_21959_	3
421	-0.8584	_21958_	3
421	-0.8584	_21956_	1
421	-0.8584	_21955_	2
421	-0.8584	_21954_	2
421	-0.8584	_08593_	2
421	-0.8584	_46929_	1
421	-0.8584	_46927_	1
421	-0.8584	_47396_	1
421	-0.8584	_47250_	1
421	-0.8584	_01807_	3
421	-0.8584	_13816_	10
421	-0.8584	_13711_	10
421	-0.8584	_13334_	10
421	-0.8584	fdct_zigzag.dct_mod.dct_block_0.dct_unit_0.ddin[8]	82
422	-0.8584	_12374_	1
422	-0.8584	_30099_	1
422	-0.8584	_30061_	3
422	-0.8584	_30060_	3
422	-0.8584	_30058_	1
422	-0.8584	_30057_	2
422	-0.8584	_30056_	2
422	-0.8584	_07625_	2
422	-0.8584	_43254_	1
422	-0.8584	_41789_	1
422	-0.8584	_41759_	1
422	-0.8584	_41746_	1
422	-0.8584	_01675_	3
422	-0.8584	_13737_	10
422	-0.8584	_13711_	10
422	-0.8584	_13334_	10
422	-0.8584	fdct_zigzag.dct_mod.dct_block_0.dct_unit_0.ddin[8]	82
423	-0.8578	_11404_	1
423	-0.8578	_24535_	1
423	-0.8578	_24508_	2
423	-0.8578	_24506_	1
423	-0.8578	_24505_	2
423	-0.8578	_24504_	2
423	-0.8578	_08125_	2
423	-0.8578	_41527_	1
423	-0.8578	_38700_	1
423	-0.8578	_38697_	1
423	-0.8578	_41317_	5
423	-0.8578	_03421_	3
423	-0.8578	_13584_	10
423	-0.8578	_13504_	10
423	-0.8578	_13334_	10
423	-0.8578	fdct_zigzag.dct_mod.dct_block_0.dct_unit_0.ddin[8]	82
424	-0.8576	_10612_	1
424	-0.8576	_19940_	1
424	-0.8576	_19902_	3
424	-0.8576	_19901_	3
424	-0.8576	_19899_	1
424	-0.8576	_19898_	2
424	-0.8576	_19897_	1
424	-0.8576	_08170_	2
424	-0.8576	_42704_	1
424	-0.8576	_42661_	1
424	-0.8576	_42546_	1
424	-0.8576	_42501_	1
424	-0.8576	_01947_	2
424	-0.8576	_13541_	10
424	-0.8576	_13504_	10
424	-0.8576	_13334_	10
424	-0.8576	fdct_zigzag.dct_mod.dct_block_0.dct_unit_0.ddin[8]	82
425	-0.8576	_11734_	1
425	-0.8576	_26467_	1
425	-0.8576	_26429_	3
425	-0.8576	_26428_	3
425	-0.8576	_26426_	1
425	-0.8576	_26425_	2
425	-0.8576	_26424_	1
425	-0.8576	_03530_	2
425	-0.8576	_39149_	1
425	-0.8576	_39111_	1
425	-0.8576	_39074_	1
425	-0.8576	_39034_	1
425	-0.8576	_00867_	2
425	-0.8576	_13413_	10
425	-0.8576	_13336_	10
425	-0.8576	_13334_	10
425	-0.8576	fdct_zigzag.dct_mod.dct_block_0.dct_unit_0.ddin[8]	82
426	-0.8575	_10553_	1
426	-0.8575	_19699_	1
426	-0.8575	_19661_	3
426	-0.8575	_19660_	3
426	-0.8575	_19659_	1
426	-0.8575	_19658_	2
426	-0.8575	_19656_	1
426	-0.8575	_08837_	2
426	-0.8575	_38352_	1
426	-0.8575	_37844_	1
426	-0.8575	_37842_	1
426	-0.8575	_38046_	1
426	-0.8575	_00482_	2
426	-0.8575	_13445_	10
426	-0.8575	_13336_	10
426	-0.8575	_13334_	10
426	-0.8575	fdct_zigzag.dct_mod.dct_block_0.dct_unit_0.ddin[8]	82
427	-0.8565	_12454_	1
427	-0.8565	_30564_	1
427	-0.8565	_30520_	3
427	-0.8565	_30518_	1
427	-0.8565	_30517_	2
427	-0.8565	_30515_	1
427	-0.8565	_07332_	2
427	-0.8565	_47361_	1
427	-0.8565	_43285_	1
427	-0.8565	_41806_	1
427	-0.8565	_40302_	1
427	-0.8565	_00850_	4
427	-0.8565	_13395_	10
427	-0.8565	_13336_	10
427	-0.8565	_13334_	10
427	-0.8565	fdct_zigzag.dct_mod.dct_block_0.dct_unit_0.ddin[8]	82
428	-0.8553	_12210_	1
428	-0.8553	_29198_	1
428	-0.8553	_29157_	3
428	-0.8553	_29156_	3
428	-0.8553	_29154_	1
428	-0.8553	_29153_	2
428	-0.8553	_29151_	1
428	-0.8553	_03512_	2
428	-0.8553	_47295_	1
428	-0.8553	_47242_	1
428	-0.8553	_47197_	1
428	-0.8553	_47137_	1
428	-0.8553	_01872_	2
428	-0.8553	_13712_	10
428	-0.8553	_13711_	10
428	-0.8553	_13334_	10
428	-0.8553	fdct_zigzag.dct_mod.dct_block_0.dct_unit_0.ddin[8]	82
429	-0.8553	_10239_	1
429	-0.8553	_17940_	1
429	-0.8553	_17902_	3
429	-0.8553	_17901_	3
429	-0.8553	_17899_	1
429	-0.8553	_17898_	2
429	-0.8553	_17896_	1
429	-0.8553	_08161_	2
429	-0.8553	_44462_	1
429	-0.8553	_43945_	1
429	-0.8553	_43495_	1
429	-0.8553	_42967_	1
429	-0.8553	_02122_	2
429	-0.8553	_13505_	10
429	-0.8553	_13504_	10
429	-0.8553	_13334_	10
429	-0.8553	fdct_zigzag.dct_mod.dct_block_0.dct_unit_0.ddin[8]	82
430	-0.8553	_11362_	1
430	-0.8553	_24295_	1
430	-0.8553	_24254_	3
430	-0.8553	_24253_	3
430	-0.8553	_24251_	1
430	-0.8553	_24250_	2
430	-0.8553	_24248_	1
430	-0.8553	_05956_	2
430	-0.8553	_45040_	1
430	-0.8553	_44628_	1
430	-0.8553	_43618_	1
430	-0.8553	_43242_	1
430	-0.8553	_02230_	2
430	-0.8553	_13576_	10
430	-0.8553	_13504_	10
430	-0.8553	_13334_	10
430	-0.8553	fdct_zigzag.dct_mod.dct_block_0.dct_unit_0.ddin[8]	82
431	-0.8552	_10729_	1
431	-0.8552	_20626_	1
431	-0.8552	_20585_	3
431	-0.8552	_20584_	3
431	-0.8552	_20582_	1
431	-0.8552	_20581_	2
431	-0.8552	_20579_	1
431	-0.8552	_07204_	2
431	-0.8552	_40018_	1
431	-0.8552	_39990_	1
431	-0.8552	_39964_	1
431	-0.8552	_39938_	1
431	-0.8552	_01138_	2
431	-0.8552	_13361_	10
431	-0.8552	_13336_	10
431	-0.8552	_13334_	10
431	-0.8552	fdct_zigzag.dct_mod.dct_block_0.dct_unit_0.ddin[8]	82
432	-0.8552	_11656_	1
432	-0.8552	_26016_	1
432	-0.8552	_25974_	3
432	-0.8552	_25973_	3
432	-0.8552	_25971_	1
432	-0.8552	_25970_	2
432	-0.8552	_25968_	1
432	-0.8552	_06264_	2
432	-0.8552	_38572_	1
432	-0.8552	_38540_	1
432	-0.8552	_38509_	1
432	-0.8552	_38470_	1
432	-0.8552	_00653_	2
432	-0.8552	_13445_	10
432	-0.8552	_13336_	10
432	-0.8552	_13334_	10
432	-0.8552	fdct_zigzag.dct_mod.dct_block_0.dct_unit_0.ddin[8]	82
433	-0.8552	_11617_	1
433	-0.8552	_25785_	1
433	-0.8552	_25744_	3
433	-0.8552	_25743_	3
433	-0.8552	_25741_	1
433	-0.8552	_25740_	2
433	-0.8552	_25738_	1
433	-0.8552	_06229_	2
433	-0.8552	_38260_	1
433	-0.8552	_38221_	1
433	-0.8552	_38186_	1
433	-0.8552	_38141_	1
433	-0.8552	_00554_	2
433	-0.8552	_13463_	10
433	-0.8552	_13336_	10
433	-0.8552	_13334_	10
433	-0.8552	fdct_zigzag.dct_mod.dct_block_0.dct_unit_0.ddin[8]	82
434	-0.8552	_11695_	1
434	-0.8552	_26246_	1
434	-0.8552	_26205_	3
434	-0.8552	_26204_	3
434	-0.8552	_26202_	1
434	-0.8552	_26201_	2
434	-0.8552	_26199_	1
434	-0.8552	_06316_	2
434	-0.8552	_38881_	1
434	-0.8552	_38842_	1
434	-0.8552	_38815_	1
434	-0.8552	_38775_	1
434	-0.8552	_00742_	2
434	-0.8552	_13413_	10
434	-0.8552	_13336_	10
434	-0.8552	_13334_	10
434	-0.8552	fdct_zigzag.dct_mod.dct_block_0.dct_unit_0.ddin[8]	82
435	-0.8552	_11122_	1
435	-0.8552	_22921_	1
435	-0.8552	_22882_	3
435	-0.8552	_22881_	3
435	-0.8552	_22879_	1
435	-0.8552	_22878_	2
435	-0.8552	_22876_	1
435	-0.8552	_07463_	2
435	-0.8552	_47343_	1
435	-0.8552	_42279_	1
435	-0.8552	_42277_	1
435	-0.8552	_42295_	1
435	-0.8552	_00569_	2
435	-0.8552	_13782_	10
435	-0.8552	_13711_	10
435	-0.8552	_13334_	10
435	-0.8552	fdct_zigzag.dct_mod.dct_block_0.dct_unit_0.ddin[8]	82
436	-0.8551	_10885_	1
436	-0.8551	_21550_	1
436	-0.8551	_21510_	3
436	-0.8551	_21509_	3
436	-0.8551	_21507_	1
436	-0.8551	_21506_	2
436	-0.8551	_21504_	1
436	-0.8551	_05695_	2
436	-0.8551	_43835_	1
436	-0.8551	_43832_	1
436	-0.8551	_47109_	1
436	-0.8551	_46558_	1
436	-0.8551	_03107_	2
436	-0.8551	_13486_	10
436	-0.8551	_13336_	10
436	-0.8551	_13334_	10
436	-0.8551	fdct_zigzag.dct_mod.dct_block_0.dct_unit_0.ddin[8]	82
437	-0.8551	_11086_	1
437	-0.8551	_22693_	1
437	-0.8551	_22673_	2
437	-0.8551	_22672_	1
437	-0.8551	_22671_	2
437	-0.8551	_22670_	2
437	-0.8551	_07447_	2
437	-0.8551	_40780_	1
437	-0.8551	_40753_	1
437	-0.8551	_40727_	1
437	-0.8551	_40690_	1
437	-0.8551	_00728_	5
437	-0.8551	_13413_	10
437	-0.8551	_13336_	10
437	-0.8551	_13334_	10
437	-0.8551	fdct_zigzag.dct_mod.dct_block_0.dct_unit_0.ddin[8]	82
438	-0.8551	_11044_	1
438	-0.8551	_22456_	1
438	-0.8551	_22419_	3
438	-0.8551	_22418_	3
438	-0.8551	_22417_	1
438	-0.8551	_22416_	2
438	-0.8551	_22415_	1
438	-0.8551	_07674_	2
438	-0.8551	_40585_	1
438	-0.8551	_40558_	1
438	-0.8551	_40529_	1
438	-0.8551	_40505_	1
438	-0.8551	_00867_	2
438	-0.8551	_13413_	10
438	-0.8551	_13336_	10
438	-0.8551	_13334_	10
438	-0.8551	fdct_zigzag.dct_mod.dct_block_0.dct_unit_0.ddin[8]	82
439	-0.8550	_10062_	1
439	-0.8550	_16930_	1
439	-0.8550	_16888_	3
439	-0.8550	_16886_	1
439	-0.8550	_16885_	2
439	-0.8550	_16884_	1
439	-0.8550	_07917_	2
439	-0.8550	_42135_	1
439	-0.8550	_42132_	1
439	-0.8550	_42061_	1
439	-0.8550	_42057_	2
439	-0.8550	_01586_	4
439	-0.8550	_13603_	10
439	-0.8550	_13504_	10
439	-0.8550	_13334_	10
439	-0.8550	fdct_zigzag.dct_mod.dct_block_0.dct_unit_0.ddin[8]	82
440	-0.8544	_10501_	1
440	-0.8544	_19407_	1
440	-0.8544	_19367_	3
440	-0.8544	_19366_	3
440	-0.8544	_19364_	1
440	-0.8544	_19363_	2
440	-0.8544	_19361_	1
440	-0.8544	_07547_	2
440	-0.8544	_44710_	1
440	-0.8544	_44271_	1
440	-0.8544	_44269_	1
440	-0.8544	_40610_	1
440	-0.8544	_01310_	2
440	-0.8544	_13851_	10
440	-0.8544	_13711_	10
440	-0.8544	_13334_	10
440	-0.8544	fdct_zigzag.dct_mod.dct_block_0.dct_unit_0.ddin[8]	82
441	-0.8508	_12413_	1
441	-0.8508	_30330_	1
441	-0.8508	_30293_	3
441	-0.8508	_30292_	3
441	-0.8508	_30290_	1
441	-0.8508	_30289_	2
441	-0.8508	_30288_	1
441	-0.8508	_08791_	2
441	-0.8508	_47322_	1
441	-0.8508	_46420_	1
441	-0.8508	_44364_	1
441	-0.8508	_40729_	1
441	-0.8508	_01342_	1
441	-0.8508	_13860_	10
441	-0.8508	_13711_	10
441	-0.8508	_13334_	10
441	-0.8508	fdct_zigzag.dct_mod.dct_block_0.dct_unit_0.ddin[8]	82
442	-0.8505	_10339_	1
442	-0.8505	_18500_	1
442	-0.8505	_18459_	3
442	-0.8505	_18458_	3
442	-0.8505	_18456_	1
442	-0.8505	_18455_	2
442	-0.8505	_18453_	1
442	-0.8505	_06726_	2
442	-0.8505	_45429_	1
442	-0.8505	_45426_	1
442	-0.8505	_47274_	1
442	-0.8505	_47155_	1
442	-0.8505	_03066_	2
442	-0.8505	_13636_	10
442	-0.8505	_13504_	10
442	-0.8505	_13334_	10
442	-0.8505	fdct_zigzag.dct_mod.dct_block_0.dct_unit_0.ddin[8]	82
443	-0.8499	_10164_	1
443	-0.8499	_17492_	1
443	-0.8499	_17468_	2
443	-0.8499	_17466_	1
443	-0.8499	_17465_	2
443	-0.8499	_17464_	2
443	-0.8499	_06021_	2
443	-0.8499	_46383_	1
443	-0.8499	_46280_	1
443	-0.8499	_46209_	1
443	-0.8499	_46126_	1
443	-0.8499	_02114_	5
443	-0.8499	_13505_	10
443	-0.8499	_13504_	10
443	-0.8499	_13334_	10
443	-0.8499	fdct_zigzag.dct_mod.dct_block_0.dct_unit_0.ddin[8]	82
444	-0.8499	_11242_	1
444	-0.8499	_23619_	1
444	-0.8499	_23599_	2
444	-0.8499	_23597_	1
444	-0.8499	_23596_	2
444	-0.8499	_23595_	2
444	-0.8499	_07618_	2
444	-0.8499	_42581_	1
444	-0.8499	_42579_	1
444	-0.8499	_40326_	1
444	-0.8499	_40323_	1
444	-0.8499	_01545_	5
444	-0.8499	_13541_	10
444	-0.8499	_13504_	10
444	-0.8499	_13334_	10
444	-0.8499	fdct_zigzag.dct_mod.dct_block_0.dct_unit_0.ddin[8]	82
445	-0.8499	_11443_	1
445	-0.8499	_24766_	1
445	-0.8499	_24742_	2
445	-0.8499	_24740_	1
445	-0.8499	_24739_	2
445	-0.8499	_24738_	2
445	-0.8499	_03946_	2
445	-0.8499	_43310_	1
445	-0.8499	_39579_	1
445	-0.8499	_38028_	1
445	-0.8499	_38025_	1
445	-0.8499	_01628_	5
445	-0.8499	_13546_	10
445	-0.8499	_13504_	10
445	-0.8499	_13334_	10
445	-0.8499	fdct_zigzag.dct_mod.dct_block_0.dct_unit_0.ddin[8]	82
446	-0.8492	_10807_	1
446	-0.8492	_21083_	1
446	-0.8492	_21045_	3
446	-0.8492	_21044_	3
446	-0.8492	_21043_	1
446	-0.8492	_21042_	2
446	-0.8492	_21041_	2
446	-0.8492	_05550_	2
446	-0.8492	_44056_	1
446	-0.8492	_44054_	1
446	-0.8492	_44745_	1
446	-0.8492	_43654_	1
446	-0.8492	_02334_	2
446	-0.8492	_13668_	10
446	-0.8492	_13504_	10
446	-0.8492	_13334_	10
446	-0.8492	fdct_zigzag.dct_mod.dct_block_0.dct_unit_0.ddin[8]	82
447	-0.8490	_10464_	1
447	-0.8490	_19176_	1
447	-0.8490	_19132_	3
447	-0.8490	_19130_	1
447	-0.8490	_19129_	2
447	-0.8490	_19127_	1
447	-0.8490	_05820_	2
447	-0.8490	_45845_	1
447	-0.8490	_45765_	1
447	-0.8490	_45402_	1
447	-0.8490	_45364_	1
447	-0.8490	_02827_	3
447	-0.8490	_13737_	10
447	-0.8490	_13711_	10
447	-0.8490	_13334_	10
447	-0.8490	fdct_zigzag.dct_mod.dct_block_0.dct_unit_0.ddin[8]	82
448	-0.8486	_11161_	1
448	-0.8486	_23146_	1
448	-0.8486	_23107_	3
448	-0.8486	_23106_	3
448	-0.8486	_23104_	1
448	-0.8486	_23103_	2
448	-0.8486	_23101_	1
448	-0.8486	_04220_	2
448	-0.8486	_47367_	1
448	-0.8486	_45112_	1
448	-0.8486	_43791_	1
448	-0.8486	_43788_	1
448	-0.8486	_02986_	1
448	-0.8486	_13753_	10
448	-0.8486	_13711_	10
448	-0.8486	_13334_	10
448	-0.8486	fdct_zigzag.dct_mod.dct_block_0.dct_unit_0.ddin[8]	82
449	-0.8475	_10302_	1
449	-0.8475	_18275_	1
449	-0.8475	_18228_	3
449	-0.8475	_18226_	1
449	-0.8475	_18225_	2
449	-0.8475	_18223_	1
449	-0.8475	_05723_	2
449	-0.8475	_46090_	1
449	-0.8475	_45886_	1
449	-0.8475	_45307_	1
449	-0.8475	_45172_	1
449	-0.8475	_00850_	4
449	-0.8475	_13395_	10
449	-0.8475	_13336_	10
449	-0.8475	_13334_	10
449	-0.8475	fdct_zigzag.dct_mod.dct_block_0.dct_unit_0.ddin[8]	82
450	-0.8459	_10806_	1
450	-0.8459	_21078_	1
450	-0.8459	_21066_	3
450	-0.8459	_21065_	3
450	-0.8459	_21064_	1
450	-0.8459	_21063_	2
450	-0.8459	_21062_	1
450	-0.8459	_05550_	2
450	-0.8459	_44056_	1
450	-0.8459	_44054_	1
450	-0.8459	_44745_	1
450	-0.8459	_43654_	1
450	-0.8459	_02334_	2
450	-0.8459	_13668_	10
450	-0.8459	_13504_	10
450	-0.8459	_13334_	10
450	-0.8459	fdct_zigzag.dct_mod.dct_block_0.dct_unit_0.ddin[8]	82
451	-0.8430	_11901_	1
451	-0.8430	_27389_	1
451	-0.8430	_27351_	3
451	-0.8430	_27350_	3
451	-0.8430	_27348_	1
451	-0.8430	_27347_	2
451	-0.8430	_27345_	1
451	-0.8430	_07394_	2
451	-0.8430	_44399_	1
451	-0.8430	_44290_	1
451	-0.8430	_44211_	1
451	-0.8430	_44082_	1
451	-0.8430	_02476_	1
451	-0.8430	_13668_	10
451	-0.8430	_13504_	10
451	-0.8430	_13334_	10
451	-0.8430	fdct_zigzag.dct_mod.dct_block_0.dct_unit_0.ddin[8]	82
452	-0.8430	_12252_	1
452	-0.8430	_29423_	1
452	-0.8430	_29381_	3
452	-0.8430	_29380_	3
452	-0.8430	_29378_	1
452	-0.8430	_29377_	2
452	-0.8430	_29375_	1
452	-0.8430	_06918_	2
452	-0.8430	_46540_	1
452	-0.8430	_46485_	1
452	-0.8430	_46459_	1
452	-0.8430	_46358_	1
452	-0.8430	_03081_	1
452	-0.8430	_13726_	10
452	-0.8430	_13711_	10
452	-0.8430	_13334_	10
452	-0.8430	fdct_zigzag.dct_mod.dct_block_0.dct_unit_0.ddin[8]	82
453	-0.8414	_10694_	1
453	-0.8414	_20409_	1
453	-0.8414	_20363_	4
453	-0.8414	_20361_	1
453	-0.8414	_06845_	2
453	-0.8414	_44950_	1
453	-0.8414	_44195_	1
453	-0.8414	_44192_	1
453	-0.8414	_40070_	4
453	-0.8414	_01159_	5
453	-0.8414	_13480_	10
453	-0.8414	_13336_	10
453	-0.8414	_13334_	10
453	-0.8414	fdct_zigzag.dct_mod.dct_block_0.dct_unit_0.ddin[8]	82
454	-0.8414	_12103_	1
454	-0.8414	_28532_	1
454	-0.8414	_20363_	4
454	-0.8414	_20361_	1
454	-0.8414	_06845_	2
454	-0.8414	_44950_	1
454	-0.8414	_44195_	1
454	-0.8414	_44192_	1
454	-0.8414	_40070_	4
454	-0.8414	_01159_	5
454	-0.8414	_13480_	10
454	-0.8414	_13336_	10
454	-0.8414	_13334_	10
454	-0.8414	fdct_zigzag.dct_mod.dct_block_0.dct_unit_0.ddin[8]	82
455	-0.8412	_12021_	1
455	-0.8412	_28087_	1
455	-0.8412	_28064_	2
455	-0.8412	_28062_	1
455	-0.8412	_28061_	2
455	-0.8412	_28060_	2
455	-0.8412	_06185_	2
455	-0.8412	_40054_	1
455	-0.8412	_40052_	1
455	-0.8412	_39682_	1
455	-0.8412	_39680_	2
455	-0.8412	_01055_	4
455	-0.8412	_13337_	10
455	-0.8412	_13336_	10
455	-0.8412	_13334_	10
455	-0.8412	fdct_zigzag.dct_mod.dct_block_0.dct_unit_0.ddin[8]	82
456	-0.8411	_11326_	1
456	-0.8411	_24077_	1
456	-0.8411	_24053_	2
456	-0.8411	_24051_	1
456	-0.8411	_24050_	2
456	-0.8411	_24049_	2
456	-0.8411	_07336_	2
456	-0.8411	_46772_	1
456	-0.8411	_46629_	1
456	-0.8411	_46456_	1
456	-0.8411	_45241_	2
456	-0.8411	_03039_	4
456	-0.8411	_13576_	10
456	-0.8411	_13504_	10
456	-0.8411	_13334_	10
456	-0.8411	fdct_zigzag.dct_mod.dct_block_0.dct_unit_0.ddin[8]	82
457	-0.8411	_12174_	1
457	-0.8411	_28968_	1
457	-0.8411	_28945_	2
457	-0.8411	_28943_	1
457	-0.8411	_28942_	2
457	-0.8411	_28941_	2
457	-0.8411	_07803_	2
457	-0.8411	_45058_	1
457	-0.8411	_42227_	1
457	-0.8411	_42224_	1
457	-0.8411	_41588_	2
457	-0.8411	_02894_	4
457	-0.8411	_13541_	10
457	-0.8411	_13504_	10
457	-0.8411	_13334_	10
457	-0.8411	fdct_zigzag.dct_mod.dct_block_0.dct_unit_0.ddin[8]	82
458	-0.8406	_10651_	1
458	-0.8406	_20171_	1
458	-0.8406	_20133_	3
458	-0.8406	_20132_	3
458	-0.8406	_20130_	1
458	-0.8406	_20129_	2
458	-0.8406	_20123_	2
458	-0.8406	_06389_	2
458	-0.8406	_41235_	1
458	-0.8406	_41232_	1
458	-0.8406	_47004_	1
458	-0.8406	_46910_	1
458	-0.8406	_01840_	2
458	-0.8406	_13486_	10
458	-0.8406	_13336_	10
458	-0.8406	_13334_	10
458	-0.8406	fdct_zigzag.dct_mod.dct_block_0.dct_unit_0.ddin[8]	82
459	-0.8405	_11005_	1
459	-0.8405	_22224_	1
459	-0.8405	_22186_	3
459	-0.8405	_22185_	3
459	-0.8405	_22184_	1
459	-0.8405	_22183_	2
459	-0.8405	_22181_	1
459	-0.8405	_07849_	2
459	-0.8405	_42774_	1
459	-0.8405	_42771_	1
459	-0.8405	_39458_	1
459	-0.8405	_39455_	1
459	-0.8405	_02196_	1
459	-0.8405	_13816_	10
459	-0.8405	_13711_	10
459	-0.8405	_13334_	10
459	-0.8405	fdct_zigzag.dct_mod.dct_block_0.dct_unit_0.ddin[8]	82
460	-0.8404	_10380_	1
460	-0.8404	_18735_	1
460	-0.8404	_18692_	3
460	-0.8404	_18691_	1
460	-0.8404	_18690_	2
460	-0.8404	_18688_	1
460	-0.8404	_05774_	2
460	-0.8404	_41069_	1
460	-0.8404	_41066_	1
460	-0.8404	_41126_	1
460	-0.8404	_43359_	1
460	-0.8404	_00419_	3
460	-0.8404	_13480_	10
460	-0.8404	_13336_	10
460	-0.8404	_13334_	10
460	-0.8404	fdct_zigzag.dct_mod.dct_block_0.dct_unit_0.ddin[8]	82
461	-0.8396	_10850_	1
461	-0.8396	_21329_	1
461	-0.8396	_21283_	2
461	-0.8396	_21282_	2
461	-0.8396	_06609_	2
461	-0.8396	_45253_	1
461	-0.8396	_44839_	1
461	-0.8396	_44836_	1
461	-0.8396	_42910_	4
461	-0.8396	_01156_	7
461	-0.8396	_13480_	10
461	-0.8396	_13336_	10
461	-0.8396	_13334_	10
461	-0.8396	fdct_zigzag.dct_mod.dct_block_0.dct_unit_0.ddin[8]	82
462	-0.8395	_11945_	1
462	-0.8395	_27628_	1
462	-0.8395	_27599_	2
462	-0.8395	_27598_	2
462	-0.8395	_07158_	2
462	-0.8395	_43338_	1
462	-0.8395	_43217_	1
462	-0.8395	_43013_	1
462	-0.8395	_42910_	4
462	-0.8395	_01156_	7
462	-0.8395	_13480_	10
462	-0.8395	_13336_	10
462	-0.8395	_13334_	10
462	-0.8395	fdct_zigzag.dct_mod.dct_block_0.dct_unit_0.ddin[8]	82
463	-0.8387	_10808_	1
463	-0.8387	_21084_	1
463	-0.8387	_21065_	3
463	-0.8387	_21064_	1
463	-0.8387	_21063_	2
463	-0.8387	_21062_	1
463	-0.8387	_21061_	2
463	-0.8387	_21059_	2
463	-0.8387	_03948_	2
463	-0.8387	_43905_	1
463	-0.8387	_43903_	1
463	-0.8387	_43765_	1
463	-0.8387	_43763_	1
463	-0.8387	_02850_	1
463	-0.8387	_13335_	10
463	-0.8387	_13334_	10
463	-0.8387	fdct_zigzag.dct_mod.dct_block_0.dct_unit_0.ddin[8]	82
464	-0.8385	_11944_	1
464	-0.8385	_27627_	1
464	-0.8385	_27580_	2
464	-0.8385	_27578_	1
464	-0.8385	_07158_	2
464	-0.8385	_43338_	1
464	-0.8385	_43217_	1
464	-0.8385	_43013_	1
464	-0.8385	_42910_	4
464	-0.8385	_01156_	7
464	-0.8385	_13480_	10
464	-0.8385	_13336_	10
464	-0.8385	_13334_	10
464	-0.8385	fdct_zigzag.dct_mod.dct_block_0.dct_unit_0.ddin[8]	82
465	-0.8380	_10303_	1
465	-0.8380	_18277_	1
465	-0.8380	_18251_	2
465	-0.8380	_18249_	1
465	-0.8380	_18248_	2
465	-0.8380	_18247_	2
465	-0.8380	_05723_	2
465	-0.8380	_46090_	1
465	-0.8380	_45886_	1
465	-0.8380	_45307_	1
465	-0.8380	_45172_	1
465	-0.8380	_00850_	4
465	-0.8380	_13395_	10
465	-0.8380	_13336_	10
465	-0.8380	_13334_	10
465	-0.8380	fdct_zigzag.dct_mod.dct_block_0.dct_unit_0.ddin[8]	82
466	-0.8380	_12455_	1
466	-0.8380	_30565_	1
466	-0.8380	_30541_	2
466	-0.8380	_30540_	1
466	-0.8380	_30539_	2
466	-0.8380	_30537_	2
466	-0.8380	_07332_	2
466	-0.8380	_47361_	1
466	-0.8380	_43285_	1
466	-0.8380	_41806_	1
466	-0.8380	_40302_	1
466	-0.8380	_00850_	4
466	-0.8380	_13395_	10
466	-0.8380	_13336_	10
466	-0.8380	_13334_	10
466	-0.8380	fdct_zigzag.dct_mod.dct_block_0.dct_unit_0.ddin[8]	82
467	-0.8371	_12056_	1
467	-0.8371	_28303_	1
467	-0.8371	_28292_	3
467	-0.8371	_28291_	3
467	-0.8371	_28290_	1
467	-0.8371	_28289_	2
467	-0.8371	_28288_	1
467	-0.8371	_28287_	2
467	-0.8371	_28286_	2
467	-0.8371	_06367_	2
467	-0.8371	_45038_	1
467	-0.8371	_39038_	1
467	-0.8371	_38946_	1
467	-0.8371	_38899_	1
467	-0.8371	_00784_	1
467	-0.8371	_13897_	10
467	-0.8371	_13334_	10
467	-0.8371	fdct_zigzag.dct_mod.dct_block_0.dct_unit_0.ddin[8]	82
468	-0.8370	_11858_	1
468	-0.8370	_27157_	1
468	-0.8370	_27116_	3
468	-0.8370	_27115_	1
468	-0.8370	_27114_	2
468	-0.8370	_27108_	2
468	-0.8370	_05585_	2
468	-0.8370	_41884_	1
468	-0.8370	_41671_	1
468	-0.8370	_41559_	1
468	-0.8370	_41481_	1
468	-0.8370	_01572_	3
468	-0.8370	_13541_	10
468	-0.8370	_13504_	10
468	-0.8370	_13334_	10
468	-0.8370	fdct_zigzag.dct_mod.dct_block_0.dct_unit_0.ddin[8]	82
469	-0.8367	_10422_	1
469	-0.8367	_18964_	1
469	-0.8367	_18922_	3
469	-0.8367	_18921_	1
469	-0.8367	_18920_	2
469	-0.8367	_18919_	1
469	-0.8367	_08820_	2
469	-0.8367	_43132_	1
469	-0.8367	_43129_	1
469	-0.8367	_45109_	1
469	-0.8367	_42252_	1
469	-0.8367	_01333_	2
469	-0.8367	_13782_	10
469	-0.8367	_13711_	10
469	-0.8367	_13334_	10
469	-0.8367	fdct_zigzag.dct_mod.dct_block_0.dct_unit_0.ddin[8]	82
470	-0.8365	_10063_	1
470	-0.8365	_16932_	1
470	-0.8365	_16908_	2
470	-0.8365	_16906_	1
470	-0.8365	_16905_	2
470	-0.8365	_16903_	2
470	-0.8365	_07917_	2
470	-0.8365	_42135_	1
470	-0.8365	_42132_	1
470	-0.8365	_42061_	1
470	-0.8365	_42057_	2
470	-0.8365	_01586_	4
470	-0.8365	_13603_	10
470	-0.8365	_13504_	10
470	-0.8365	_13334_	10
470	-0.8365	fdct_zigzag.dct_mod.dct_block_0.dct_unit_0.ddin[8]	82
471	-0.8361	_11364_	1
471	-0.8361	_24297_	1
471	-0.8361	_24253_	3
471	-0.8361	_24251_	1
471	-0.8361	_24250_	2
471	-0.8361	_24249_	2
471	-0.8361	_05782_	2
471	-0.8361	_45003_	1
471	-0.8361	_44625_	1
471	-0.8361	_43612_	1
471	-0.8361	_43235_	1
471	-0.8361	_01619_	3
471	-0.8361	_13546_	10
471	-0.8361	_13504_	10
471	-0.8361	_13334_	10
471	-0.8361	fdct_zigzag.dct_mod.dct_block_0.dct_unit_0.ddin[8]	82
472	-0.8360	_11697_	1
472	-0.8360	_26248_	1
472	-0.8360	_26204_	3
472	-0.8360	_26202_	1
472	-0.8360	_26201_	2
472	-0.8360	_26200_	2
472	-0.8360	_03475_	2
472	-0.8360	_38879_	1
472	-0.8360	_38839_	1
472	-0.8360	_38812_	1
472	-0.8360	_38773_	1
472	-0.8360	_00739_	3
472	-0.8360	_13413_	10
472	-0.8360	_13336_	10
472	-0.8360	_13334_	10
472	-0.8360	fdct_zigzag.dct_mod.dct_block_0.dct_unit_0.ddin[8]	82
473	-0.8359	_10965_	1
473	-0.8359	_21999_	1
473	-0.8359	_21958_	3
473	-0.8359	_21956_	1
473	-0.8359	_21955_	2
473	-0.8359	_21954_	2
473	-0.8359	_08593_	2
473	-0.8359	_46929_	1
473	-0.8359	_46927_	1
473	-0.8359	_47396_	1
473	-0.8359	_47250_	1
473	-0.8359	_01807_	3
473	-0.8359	_13816_	10
473	-0.8359	_13711_	10
473	-0.8359	_13334_	10
473	-0.8359	fdct_zigzag.dct_mod.dct_block_0.dct_unit_0.ddin[8]	82
474	-0.8359	_12376_	1
474	-0.8359	_30101_	1
474	-0.8359	_30060_	3
474	-0.8359	_30058_	1
474	-0.8359	_30057_	2
474	-0.8359	_30056_	2
474	-0.8359	_07625_	2
474	-0.8359	_43254_	1
474	-0.8359	_41789_	1
474	-0.8359	_41759_	1
474	-0.8359	_41746_	1
474	-0.8359	_01675_	3
474	-0.8359	_13737_	10
474	-0.8359	_13711_	10
474	-0.8359	_13334_	10
474	-0.8359	fdct_zigzag.dct_mod.dct_block_0.dct_unit_0.ddin[8]	82
475	-0.8359	_10420_	1
475	-0.8359	_18961_	1
475	-0.8359	_18960_	1
475	-0.8359	_18959_	1
475	-0.8359	_18922_	3
475	-0.8359	_18921_	1
475	-0.8359	_18920_	2
475	-0.8359	_18919_	1
475	-0.8359	_08820_	2
475	-0.8359	_43132_	1
475	-0.8359	_43129_	1
475	-0.8359	_45109_	1
475	-0.8359	_42252_	1
475	-0.8359	_01333_	2
475	-0.8359	_13782_	10
475	-0.8359	_13711_	10
475	-0.8359	_13334_	10
475	-0.8359	fdct_zigzag.dct_mod.dct_block_0.dct_unit_0.ddin[8]	82
476	-0.8356	_11819_	1
476	-0.8356	_26937_	1
476	-0.8356	_26898_	3
476	-0.8356	_26896_	1
476	-0.8356	_26895_	2
476	-0.8356	_26893_	1
476	-0.8356	_06504_	2
476	-0.8356	_39752_	1
476	-0.8356	_39714_	1
476	-0.8356	_39679_	1
476	-0.8356	_39642_	1
476	-0.8356	_01053_	3
476	-0.8356	_13377_	10
476	-0.8356	_13336_	10
476	-0.8356	_13334_	10
476	-0.8356	fdct_zigzag.dct_mod.dct_block_0.dct_unit_0.ddin[8]	82
477	-0.8352	_11202_	1
477	-0.8352	_23386_	1
477	-0.8352	_23344_	3
477	-0.8352	_23342_	1
477	-0.8352	_23341_	2
477	-0.8352	_23340_	2
477	-0.8352	_05643_	2
477	-0.8352	_44015_	1
477	-0.8352	_43889_	1
477	-0.8352	_43754_	1
477	-0.8352	_43550_	1
477	-0.8352	_02313_	3
477	-0.8352	_13737_	10
477	-0.8352	_13711_	10
477	-0.8352	_13334_	10
477	-0.8352	fdct_zigzag.dct_mod.dct_block_0.dct_unit_0.ddin[8]	82
478	-0.8352	_11046_	1
478	-0.8352	_22458_	1
478	-0.8352	_22418_	3
478	-0.8352	_22417_	1
478	-0.8352	_22416_	2
478	-0.8352	_22410_	2
478	-0.8352	_03879_	2
478	-0.8352	_42620_	1
478	-0.8352	_42618_	1
478	-0.8352	_42649_	1
478	-0.8352	_42669_	1
478	-0.8352	_02019_	3
478	-0.8352	_13651_	10
478	-0.8352	_13504_	10
478	-0.8352	_13334_	10
478	-0.8352	fdct_zigzag.dct_mod.dct_block_0.dct_unit_0.ddin[8]	82
479	-0.8351	_10465_	1
479	-0.8351	_19177_	1
479	-0.8351	_19154_	2
479	-0.8351	_19153_	1
479	-0.8351	_19152_	2
479	-0.8351	_19151_	2
479	-0.8351	_05820_	2
479	-0.8351	_45845_	1
479	-0.8351	_45765_	1
479	-0.8351	_45402_	1
479	-0.8351	_45364_	1
479	-0.8351	_02827_	3
479	-0.8351	_13737_	10
479	-0.8351	_13711_	10
479	-0.8351	_13334_	10
479	-0.8351	fdct_zigzag.dct_mod.dct_block_0.dct_unit_0.ddin[8]	82
480	-0.8348	_11817_	1
480	-0.8348	_26934_	1
480	-0.8348	_26933_	1
480	-0.8348	_26932_	1
480	-0.8348	_26898_	3
480	-0.8348	_26896_	1
480	-0.8348	_26895_	2
480	-0.8348	_26893_	1
480	-0.8348	_06504_	2
480	-0.8348	_39752_	1
480	-0.8348	_39714_	1
480	-0.8348	_39679_	1
480	-0.8348	_39642_	1
480	-0.8348	_01053_	3
480	-0.8348	_13377_	10
480	-0.8348	_13336_	10
480	-0.8348	_13334_	10
480	-0.8348	fdct_zigzag.dct_mod.dct_block_0.dct_unit_0.ddin[8]	82
481	-0.8343	_12299_	1
481	-0.8343	_29656_	1
481	-0.8343	_29612_	3
481	-0.8343	_29610_	1
481	-0.8343	_29609_	2
481	-0.8343	_29607_	1
481	-0.8343	_07472_	2
481	-0.8343	_45715_	1
481	-0.8343	_45674_	1
481	-0.8343	_45553_	1
481	-0.8343	_45476_	1
481	-0.8343	_02827_	3
481	-0.8343	_13737_	10
481	-0.8343	_13711_	10
481	-0.8343	_13334_	10
481	-0.8343	fdct_zigzag.dct_mod.dct_block_0.dct_unit_0.ddin[8]	82
482	-0.8338	_12058_	1
482	-0.8338	_28310_	1
482	-0.8338	_28291_	3
482	-0.8338	_28290_	1
482	-0.8338	_28289_	2
482	-0.8338	_28288_	1
482	-0.8338	_28287_	2
482	-0.8338	_28286_	2
482	-0.8338	_06367_	2
482	-0.8338	_45038_	1
482	-0.8338	_39038_	1
482	-0.8338	_38946_	1
482	-0.8338	_38899_	1
482	-0.8338	_00784_	1
482	-0.8338	_13897_	10
482	-0.8338	_13334_	10
482	-0.8338	fdct_zigzag.dct_mod.dct_block_0.dct_unit_0.ddin[8]	82
483	-0.8334	_11581_	1
483	-0.8334	_25565_	1
483	-0.8334	_25523_	3
483	-0.8334	_25521_	1
483	-0.8334	_25520_	2
483	-0.8334	_25519_	1
483	-0.8334	_07239_	2
483	-0.8334	_37979_	1
483	-0.8334	_37936_	1
483	-0.8334	_37905_	1
483	-0.8334	_37866_	1
483	-0.8334	_00436_	3
483	-0.8334	_13480_	10
483	-0.8334	_13336_	10
483	-0.8334	_13334_	10
483	-0.8334	fdct_zigzag.dct_mod.dct_block_0.dct_unit_0.ddin[8]	82
484	-0.8324	_10101_	1
484	-0.8324	_17153_	1
484	-0.8324	_17113_	3
484	-0.8324	_17111_	1
484	-0.8324	_17110_	2
484	-0.8324	_17109_	1
484	-0.8324	_08229_	2
484	-0.8324	_43598_	1
484	-0.8324	_41096_	1
484	-0.8324	_41093_	1
484	-0.8324	_43638_	1
484	-0.8324	_02121_	2
484	-0.8324	_13603_	10
484	-0.8324	_13504_	10
484	-0.8324	_13334_	10
484	-0.8324	fdct_zigzag.dct_mod.dct_block_0.dct_unit_0.ddin[8]	82
485	-0.8307	_11736_	1
485	-0.8307	_26469_	1
485	-0.8307	_26428_	3
485	-0.8307	_26426_	1
485	-0.8307	_26425_	2
485	-0.8307	_26419_	2
485	-0.8307	_06305_	2
485	-0.8307	_39147_	1
485	-0.8307	_39108_	1
485	-0.8307	_39071_	1
485	-0.8307	_39032_	1
485	-0.8307	_00856_	3
485	-0.8307	_13395_	10
485	-0.8307	_13336_	10
485	-0.8307	_13334_	10
485	-0.8307	fdct_zigzag.dct_mod.dct_block_0.dct_unit_0.ddin[8]	82
486	-0.8307	_10770_	1
486	-0.8307	_20854_	1
486	-0.8307	_20808_	3
486	-0.8307	_20806_	1
486	-0.8307	_20805_	2
486	-0.8307	_20799_	2
486	-0.8307	_03628_	2
486	-0.8307	_40280_	1
486	-0.8307	_40244_	1
486	-0.8307	_40213_	1
486	-0.8307	_40179_	1
486	-0.8307	_01028_	3
486	-0.8307	_13337_	10
486	-0.8307	_13336_	10
486	-0.8307	_13334_	10
486	-0.8307	fdct_zigzag.dct_mod.dct_block_0.dct_unit_0.ddin[8]	82
487	-0.8297	_10809_	1
487	-0.8297	_21085_	1
487	-0.8297	_21044_	3
487	-0.8297	_21043_	1
487	-0.8297	_21042_	2
487	-0.8297	_21041_	2
487	-0.8297	_05550_	2
487	-0.8297	_44056_	1
487	-0.8297	_44054_	1
487	-0.8297	_44745_	1
487	-0.8297	_43654_	1
487	-0.8297	_02334_	2
487	-0.8297	_13668_	10
487	-0.8297	_13504_	10
487	-0.8297	_13334_	10
487	-0.8297	fdct_zigzag.dct_mod.dct_block_0.dct_unit_0.ddin[8]	82
488	-0.8287	_11981_	1
488	-0.8287	_27855_	1
488	-0.8287	_27809_	3
488	-0.8287	_27807_	1
488	-0.8287	_27806_	2
488	-0.8287	_27805_	1
488	-0.8287	_07408_	2
488	-0.8287	_42447_	1
488	-0.8287	_41409_	1
488	-0.8287	_41406_	1
488	-0.8287	_45922_	1
488	-0.8287	_00709_	2
488	-0.8287	_13689_	10
488	-0.8287	_13504_	10
488	-0.8287	_13334_	10
488	-0.8287	fdct_zigzag.dct_mod.dct_block_0.dct_unit_0.ddin[8]	82
489	-0.8286	_11777_	1
489	-0.8286	_26706_	1
489	-0.8286	_26663_	3
489	-0.8286	_26661_	1
489	-0.8286	_26660_	2
489	-0.8286	_26659_	1
489	-0.8286	_03568_	2
489	-0.8286	_39423_	1
489	-0.8286	_39391_	1
489	-0.8286	_39361_	1
489	-0.8286	_39332_	1
489	-0.8286	_00955_	2
489	-0.8286	_13395_	10
489	-0.8286	_13336_	10
489	-0.8286	_13334_	10
489	-0.8286	fdct_zigzag.dct_mod.dct_block_0.dct_unit_0.ddin[8]	82
490	-0.8281	_10241_	1
490	-0.8281	_17942_	1
490	-0.8281	_17901_	3
490	-0.8281	_17899_	1
490	-0.8281	_17898_	2
490	-0.8281	_17897_	2
490	-0.8281	_08063_	2
490	-0.8281	_44457_	1
490	-0.8281	_43942_	1
490	-0.8281	_43492_	1
490	-0.8281	_42962_	1
490	-0.8281	_02121_	2
490	-0.8281	_13603_	10
490	-0.8281	_13504_	10
490	-0.8281	_13334_	10
490	-0.8281	fdct_zigzag.dct_mod.dct_block_0.dct_unit_0.ddin[8]	82
491	-0.8280	_12134_	1
491	-0.8280	_28737_	1
491	-0.8280	_28696_	3
491	-0.8280	_28694_	1
491	-0.8280	_28693_	2
491	-0.8280	_28691_	1
491	-0.8280	_05641_	2
491	-0.8280	_45387_	1
491	-0.8280	_42759_	1
491	-0.8280	_42757_	1
491	-0.8280	_43687_	1
491	-0.8280	_02350_	2
491	-0.8280	_13668_	10
491	-0.8280	_13504_	10
491	-0.8280	_13334_	10
491	-0.8280	fdct_zigzag.dct_mod.dct_block_0.dct_unit_0.ddin[8]	82
492	-0.8280	_10614_	1
492	-0.8280	_19943_	1
492	-0.8280	_19901_	3
492	-0.8280	_19899_	1
492	-0.8280	_19898_	2
492	-0.8280	_19897_	1
492	-0.8280	_08170_	2
492	-0.8280	_42704_	1
492	-0.8280	_42661_	1
492	-0.8280	_42546_	1
492	-0.8280	_42501_	1
492	-0.8280	_01947_	2
492	-0.8280	_13541_	10
492	-0.8280	_13504_	10
492	-0.8280	_13334_	10
492	-0.8280	fdct_zigzag.dct_mod.dct_block_0.dct_unit_0.ddin[8]	82
493	-0.8280	_10555_	1
493	-0.8280	_19701_	1
493	-0.8280	_19660_	3
493	-0.8280	_19659_	1
493	-0.8280	_19658_	2
493	-0.8280	_19656_	1
493	-0.8280	_08837_	2
493	-0.8280	_38352_	1
493	-0.8280	_37844_	1
493	-0.8280	_37842_	1
493	-0.8280	_38046_	1
493	-0.8280	_00482_	2
493	-0.8280	_13445_	10
493	-0.8280	_13336_	10
493	-0.8280	_13334_	10
493	-0.8280	fdct_zigzag.dct_mod.dct_block_0.dct_unit_0.ddin[8]	82
494	-0.8258	_10381_	1
494	-0.8258	_18736_	1
494	-0.8258	_18713_	2
494	-0.8258	_18711_	1
494	-0.8258	_18710_	2
494	-0.8258	_18709_	2
494	-0.8258	_05774_	2
494	-0.8258	_41069_	1
494	-0.8258	_41066_	1
494	-0.8258	_41126_	1
494	-0.8258	_43359_	1
494	-0.8258	_00419_	3
494	-0.8258	_13480_	10
494	-0.8258	_13336_	10
494	-0.8258	_13334_	10
494	-0.8258	fdct_zigzag.dct_mod.dct_block_0.dct_unit_0.ddin[8]	82
495	-0.8257	_11284_	1
495	-0.8257	_23846_	1
495	-0.8257	_23821_	2
495	-0.8257	_23819_	1
495	-0.8257	_23818_	2
495	-0.8257	_23817_	2
495	-0.8257	_05195_	2
495	-0.8257	_44804_	1
495	-0.8257	_44303_	1
495	-0.8257	_43509_	1
495	-0.8257	_43175_	1
495	-0.8257	_01619_	3
495	-0.8257	_13546_	10
495	-0.8257	_13504_	10
495	-0.8257	_13334_	10
495	-0.8257	fdct_zigzag.dct_mod.dct_block_0.dct_unit_0.ddin[8]	82
496	-0.8257	_12493_	1
496	-0.8257	_30793_	1
496	-0.8257	_30770_	2
496	-0.8257	_30768_	1
496	-0.8257	_30767_	2
496	-0.8257	_30766_	2
496	-0.8257	_08906_	2
496	-0.8257	_47203_	1
496	-0.8257	_47061_	1
496	-0.8257	_46958_	1
496	-0.8257	_46882_	1
496	-0.8257	_01572_	3
496	-0.8257	_13541_	10
496	-0.8257	_13504_	10
496	-0.8257	_13334_	10
496	-0.8257	fdct_zigzag.dct_mod.dct_block_0.dct_unit_0.ddin[8]	82
497	-0.8256	_11203_	1
497	-0.8256	_23387_	1
497	-0.8256	_23363_	2
497	-0.8256	_23361_	1
497	-0.8256	_23360_	2
497	-0.8256	_23359_	2
497	-0.8256	_07065_	2
497	-0.8256	_44017_	1
497	-0.8256	_43892_	1
497	-0.8256	_43757_	1
497	-0.8256	_43552_	1
497	-0.8256	_00436_	3
497	-0.8256	_13480_	10
497	-0.8256	_13336_	10
497	-0.8256	_13334_	10
497	-0.8256	fdct_zigzag.dct_mod.dct_block_0.dct_unit_0.ddin[8]	82
498	-0.8256	_11820_	1
498	-0.8256	_26938_	1
498	-0.8256	_26918_	2
498	-0.8256	_26916_	1
498	-0.8256	_26915_	2
498	-0.8256	_26914_	2
498	-0.8256	_06504_	2
498	-0.8256	_39752_	1
498	-0.8256	_39714_	1
498	-0.8256	_39679_	1
498	-0.8256	_39642_	1
498	-0.8256	_01053_	3
498	-0.8256	_13377_	10
498	-0.8256	_13336_	10
498	-0.8256	_13334_	10
498	-0.8256	fdct_zigzag.dct_mod.dct_block_0.dct_unit_0.ddin[8]	82
499	-0.8256	_12338_	1
499	-0.8256	_29879_	1
499	-0.8256	_29855_	2
499	-0.8256	_29854_	1
499	-0.8256	_29853_	2
499	-0.8256	_29851_	2
499	-0.8256	_08085_	2
499	-0.8256	_45652_	1
499	-0.8256	_39807_	1
499	-0.8256	_39804_	1
499	-0.8256	_43362_	1
499	-0.8256	_00739_	3
499	-0.8256	_13413_	10
499	-0.8256	_13336_	10
499	-0.8256	_13334_	10
499	-0.8256	fdct_zigzag.dct_mod.dct_block_0.dct_unit_0.ddin[8]	82
500	-0.8248	_12300_	1
500	-0.8248	_29657_	1
500	-0.8248	_29634_	2
500	-0.8248	_29632_	1
500	-0.8248	_29631_	2
500	-0.8248	_29630_	2
500	-0.8248	_07472_	2
500	-0.8248	_45715_	1
500	-0.8248	_45674_	1
500	-0.8248	_45553_	1
500	-0.8248	_45476_	1
500	-0.8248	_02827_	3
500	-0.8248	_13737_	10
500	-0.8248	_13711_	10
500	-0.8248	_13334_	10
500	-0.8248	fdct_zigzag.dct_mod.dct_block_0.dct_unit_0.ddin[8]	82
501	-0.8241	_11520_	1
501	-0.8241	_25229_	1
501	-0.8241	_25189_	3
501	-0.8241	_25187_	1
501	-0.8241	_25186_	2
501	-0.8241	_25185_	2
501	-0.8241	_06324_	2
501	-0.8241	_42088_	1
501	-0.8241	_41060_	1
501	-0.8241	_38035_	1
501	-0.8241	_38032_	1
501	-0.8241	_02230_	2
501	-0.8241	_13576_	10
501	-0.8241	_13504_	10
501	-0.8241	_13334_	10
501	-0.8241	fdct_zigzag.dct_mod.dct_block_0.dct_unit_0.ddin[8]	82
502	-0.8239	_10024_	1
502	-0.8239	_16672_	1
502	-0.8239	_16647_	2
502	-0.8239	_16646_	1
502	-0.8239	_16645_	2
502	-0.8239	_16643_	2
502	-0.8239	_07156_	2
502	-0.8239	_44535_	1
502	-0.8239	_44533_	1
502	-0.8239	_40534_	1
502	-0.8239	_40531_	1
502	-0.8239	_01931_	3
502	-0.8239	_13603_	10
502	-0.8239	_13504_	10
502	-0.8239	_13334_	10
502	-0.8239	fdct_zigzag.dct_mod.dct_block_0.dct_unit_0.ddin[8]	82
503	-0.8238	_10341_	1
503	-0.8238	_18502_	1
503	-0.8238	_18458_	3
503	-0.8238	_18456_	1
503	-0.8238	_18455_	2
503	-0.8238	_18454_	2
503	-0.8238	_07383_	2
503	-0.8238	_45422_	1
503	-0.8238	_45419_	1
503	-0.8238	_47271_	1
503	-0.8238	_47153_	1
503	-0.8238	_01963_	2
503	-0.8238	_13636_	10
503	-0.8238	_13504_	10
503	-0.8238	_13334_	10
503	-0.8238	fdct_zigzag.dct_mod.dct_block_0.dct_unit_0.ddin[8]	82
504	-0.8237	_11124_	1
504	-0.8237	_22923_	1
504	-0.8237	_22881_	3
504	-0.8237	_22879_	1
504	-0.8237	_22878_	2
504	-0.8237	_22877_	2
504	-0.8237	_07449_	2
504	-0.8237	_41462_	1
504	-0.8237	_40960_	1
504	-0.8237	_40943_	1
504	-0.8237	_40919_	1
504	-0.8237	_01383_	2
504	-0.8237	_13782_	10
504	-0.8237	_13711_	10
504	-0.8237	_13334_	10
504	-0.8237	fdct_zigzag.dct_mod.dct_block_0.dct_unit_0.ddin[8]	82
505	-0.8237	_11163_	1
505	-0.8237	_23148_	1
505	-0.8237	_23106_	3
505	-0.8237	_23104_	1
505	-0.8237	_23103_	2
505	-0.8237	_23102_	2
505	-0.8237	_08050_	2
505	-0.8237	_41751_	1
505	-0.8237	_41748_	1
505	-0.8237	_44641_	1
505	-0.8237	_45493_	1
505	-0.8237	_00530_	2
505	-0.8237	_13445_	10
505	-0.8237	_13336_	10
505	-0.8237	_13334_	10
505	-0.8237	fdct_zigzag.dct_mod.dct_block_0.dct_unit_0.ddin[8]	82
506	-0.8237	_11658_	1
506	-0.8237	_26018_	1
506	-0.8237	_25973_	3
506	-0.8237	_25971_	1
506	-0.8237	_25970_	2
506	-0.8237	_25969_	2
506	-0.8237	_07231_	2
506	-0.8237	_38570_	1
506	-0.8237	_38537_	1
506	-0.8237	_38506_	1
506	-0.8237	_38468_	1
506	-0.8237	_00642_	2
506	-0.8237	_13445_	10
506	-0.8237	_13336_	10
506	-0.8237	_13334_	10
506	-0.8237	fdct_zigzag.dct_mod.dct_block_0.dct_unit_0.ddin[8]	82
507	-0.8237	_11619_	1
507	-0.8237	_25787_	1
507	-0.8237	_25743_	3
507	-0.8237	_25741_	1
507	-0.8237	_25740_	2
507	-0.8237	_25739_	2
507	-0.8237	_03936_	2
507	-0.8237	_38258_	1
507	-0.8237	_38218_	1
507	-0.8237	_38183_	1
507	-0.8237	_38139_	1
507	-0.8237	_00551_	2
507	-0.8237	_13463_	10
507	-0.8237	_13336_	10
507	-0.8237	_13334_	10
507	-0.8237	fdct_zigzag.dct_mod.dct_block_0.dct_unit_0.ddin[8]	82
508	-0.8235	_11518_	1
508	-0.8235	_25226_	1
508	-0.8235	_25225_	1
508	-0.8235	_25224_	1
508	-0.8235	_25189_	3
508	-0.8235	_25187_	1
508	-0.8235	_25186_	2
508	-0.8235	_25185_	2
508	-0.8235	_06324_	2
508	-0.8235	_42088_	1
508	-0.8235	_41060_	1
508	-0.8235	_38035_	1
508	-0.8235	_38032_	1
508	-0.8235	_02230_	2
508	-0.8235	_13576_	10
508	-0.8235	_13504_	10
508	-0.8235	_13334_	10
508	-0.8235	fdct_zigzag.dct_mod.dct_block_0.dct_unit_0.ddin[8]	82
509	-0.8229	_10887_	1
509	-0.8229	_21552_	1
509	-0.8229	_21509_	3
509	-0.8229	_21507_	1
509	-0.8229	_21506_	2
509	-0.8229	_21504_	1
509	-0.8229	_05695_	2
509	-0.8229	_43835_	1
509	-0.8229	_43832_	1
509	-0.8229	_47109_	1
509	-0.8229	_46558_	1
509	-0.8229	_03107_	2
509	-0.8229	_13486_	10
509	-0.8229	_13336_	10
509	-0.8229	_13334_	10
509	-0.8229	fdct_zigzag.dct_mod.dct_block_0.dct_unit_0.ddin[8]	82
510	-0.8228	_12212_	1
510	-0.8228	_29200_	1
510	-0.8228	_29156_	3
510	-0.8228	_29154_	1
510	-0.8228	_29153_	2
510	-0.8228	_29152_	2
510	-0.8228	_04393_	2
510	-0.8228	_47293_	1
510	-0.8228	_47239_	1
510	-0.8228	_47194_	1
510	-0.8228	_47131_	1
510	-0.8228	_03316_	2
510	-0.8228	_13712_	10
510	-0.8228	_13711_	10
510	-0.8228	_13334_	10
510	-0.8228	fdct_zigzag.dct_mod.dct_block_0.dct_unit_0.ddin[8]	82
511	-0.8227	_10731_	1
511	-0.8227	_20628_	1
511	-0.8227	_20584_	3
511	-0.8227	_20582_	1
511	-0.8227	_20581_	2
511	-0.8227	_20579_	1
511	-0.8227	_07204_	2
511	-0.8227	_40018_	1
511	-0.8227	_39990_	1
511	-0.8227	_39964_	1
511	-0.8227	_39938_	1
511	-0.8227	_01138_	2
511	-0.8227	_13361_	10
511	-0.8227	_13336_	10
511	-0.8227	_13334_	10
511	-0.8227	fdct_zigzag.dct_mod.dct_block_0.dct_unit_0.ddin[8]	82
512	-0.8219	_10503_	1
512	-0.8219	_19409_	1
512	-0.8219	_19366_	3
512	-0.8219	_19364_	1
512	-0.8219	_19363_	2
512	-0.8219	_19361_	1
512	-0.8219	_07547_	2
512	-0.8219	_44710_	1
512	-0.8219	_44271_	1
512	-0.8219	_44269_	1
512	-0.8219	_40610_	1
512	-0.8219	_01310_	2
512	-0.8219	_13851_	10
512	-0.8219	_13711_	10
512	-0.8219	_13334_	10
512	-0.8219	fdct_zigzag.dct_mod.dct_block_0.dct_unit_0.ddin[8]	82
513	-0.8217	_10423_	1
513	-0.8217	_18965_	1
513	-0.8217	_18943_	2
513	-0.8217	_18942_	1
513	-0.8217	_18941_	2
513	-0.8217	_18940_	2
513	-0.8217	_08820_	2
513	-0.8217	_43132_	1
513	-0.8217	_43129_	1
513	-0.8217	_45109_	1
513	-0.8217	_42252_	1
513	-0.8217	_01333_	2
513	-0.8217	_13782_	10
513	-0.8217	_13711_	10
513	-0.8217	_13334_	10
513	-0.8217	fdct_zigzag.dct_mod.dct_block_0.dct_unit_0.ddin[8]	82
514	-0.8215	_12415_	1
514	-0.8215	_30332_	1
514	-0.8215	_30292_	3
514	-0.8215	_30290_	1
514	-0.8215	_30289_	2
514	-0.8215	_30288_	1
514	-0.8215	_08791_	2
514	-0.8215	_47322_	1
514	-0.8215	_46420_	1
514	-0.8215	_44364_	1
514	-0.8215	_40729_	1
514	-0.8215	_01342_	1
514	-0.8215	_13860_	10
514	-0.8215	_13711_	10
514	-0.8215	_13334_	10
514	-0.8215	fdct_zigzag.dct_mod.dct_block_0.dct_unit_0.ddin[8]	82
515	-0.8193	_11982_	1
515	-0.8193	_27856_	1
515	-0.8193	_27831_	2
515	-0.8193	_27830_	1
515	-0.8193	_27829_	2
515	-0.8193	_27828_	2
515	-0.8193	_07408_	2
515	-0.8193	_42447_	1
515	-0.8193	_41409_	1
515	-0.8193	_41406_	1
515	-0.8193	_45922_	1
515	-0.8193	_00709_	2
515	-0.8193	_13689_	10
515	-0.8193	_13504_	10
515	-0.8193	_13334_	10
515	-0.8193	fdct_zigzag.dct_mod.dct_block_0.dct_unit_0.ddin[8]	82
516	-0.8192	_11778_	1
516	-0.8192	_26707_	1
516	-0.8192	_26682_	2
516	-0.8192	_26681_	1
516	-0.8192	_26680_	2
516	-0.8192	_26679_	2
516	-0.8192	_03568_	2
516	-0.8192	_39423_	1
516	-0.8192	_39391_	1
516	-0.8192	_39361_	1
516	-0.8192	_39332_	1
516	-0.8192	_00955_	2
516	-0.8192	_13395_	10
516	-0.8192	_13336_	10
516	-0.8192	_13334_	10
516	-0.8192	fdct_zigzag.dct_mod.dct_block_0.dct_unit_0.ddin[8]	82
517	-0.8186	_12135_	1
517	-0.8186	_28738_	1
517	-0.8186	_28715_	2
517	-0.8186	_28713_	1
517	-0.8186	_28712_	2
517	-0.8186	_28711_	2
517	-0.8186	_05641_	2
517	-0.8186	_45387_	1
517	-0.8186	_42759_	1
517	-0.8186	_42757_	1
517	-0.8186	_43687_	1
517	-0.8186	_02350_	2
517	-0.8186	_13668_	10
517	-0.8186	_13504_	10
517	-0.8186	_13334_	10
517	-0.8186	fdct_zigzag.dct_mod.dct_block_0.dct_unit_0.ddin[8]	82
518	-0.8184	_10102_	1
518	-0.8184	_17154_	1
518	-0.8184	_17132_	2
518	-0.8184	_17130_	1
518	-0.8184	_17129_	2
518	-0.8184	_17128_	2
518	-0.8184	_08229_	2
518	-0.8184	_43598_	1
518	-0.8184	_41096_	1
518	-0.8184	_41093_	1
518	-0.8184	_43638_	1
518	-0.8184	_02121_	2
518	-0.8184	_13603_	10
518	-0.8184	_13504_	10
518	-0.8184	_13334_	10
518	-0.8184	fdct_zigzag.dct_mod.dct_block_0.dct_unit_0.ddin[8]	82
519	-0.8184	_10653_	1
519	-0.8184	_20173_	1
519	-0.8184	_20132_	3
519	-0.8184	_20130_	1
519	-0.8184	_20129_	2
519	-0.8184	_20123_	2
519	-0.8184	_06389_	2
519	-0.8184	_41235_	1
519	-0.8184	_41232_	1
519	-0.8184	_47004_	1
519	-0.8184	_46910_	1
519	-0.8184	_01840_	2
519	-0.8184	_13486_	10
519	-0.8184	_13336_	10
519	-0.8184	_13334_	10
519	-0.8184	fdct_zigzag.dct_mod.dct_block_0.dct_unit_0.ddin[8]	82
520	-0.8170	_11903_	1
520	-0.8170	_27391_	1
520	-0.8170	_27350_	3
520	-0.8170	_27348_	1
520	-0.8170	_27347_	2
520	-0.8170	_27346_	2
520	-0.8170	_06451_	2
520	-0.8170	_44397_	1
520	-0.8170	_44287_	1
520	-0.8170	_44208_	1
520	-0.8170	_44080_	1
520	-0.8170	_02474_	1
520	-0.8170	_13668_	10
520	-0.8170	_13504_	10
520	-0.8170	_13334_	10
520	-0.8170	fdct_zigzag.dct_mod.dct_block_0.dct_unit_0.ddin[8]	82
521	-0.8170	_12254_	1
521	-0.8170	_29425_	1
521	-0.8170	_29380_	3
521	-0.8170	_29378_	1
521	-0.8170	_29377_	2
521	-0.8170	_29376_	2
521	-0.8170	_07600_	2
521	-0.8170	_46538_	1
521	-0.8170	_46482_	1
521	-0.8170	_46453_	1
521	-0.8170	_46356_	1
521	-0.8170	_03079_	1
521	-0.8170	_13726_	10
521	-0.8170	_13711_	10
521	-0.8170	_13334_	10
521	-0.8170	fdct_zigzag.dct_mod.dct_block_0.dct_unit_0.ddin[8]	82
522	-0.8168	_11007_	1
522	-0.8168	_22226_	1
522	-0.8168	_22185_	3
522	-0.8168	_22184_	1
522	-0.8168	_22183_	2
522	-0.8168	_22182_	2
522	-0.8168	_06702_	2
522	-0.8168	_40366_	1
522	-0.8168	_40337_	1
522	-0.8168	_39453_	1
522	-0.8168	_39450_	1
522	-0.8168	_02191_	1
522	-0.8168	_13816_	10
522	-0.8168	_13711_	10
522	-0.8168	_13334_	10
522	-0.8168	fdct_zigzag.dct_mod.dct_block_0.dct_unit_0.ddin[8]	82
523	-0.8167	_10695_	1
523	-0.8167	_20411_	1
523	-0.8167	_20382_	2
523	-0.8167	_20381_	2
523	-0.8167	_06845_	2
523	-0.8167	_44950_	1
523	-0.8167	_44195_	1
523	-0.8167	_44192_	1
523	-0.8167	_40070_	4
523	-0.8167	_01159_	5
523	-0.8167	_13480_	10
523	-0.8167	_13336_	10
523	-0.8167	_13334_	10
523	-0.8167	fdct_zigzag.dct_mod.dct_block_0.dct_unit_0.ddin[8]	82
524	-0.8157	_10771_	1
524	-0.8157	_20855_	1
524	-0.8157	_20830_	2
524	-0.8157	_20828_	1
524	-0.8157	_20827_	2
524	-0.8157	_20826_	2
524	-0.8157	_03501_	2
524	-0.8157	_40282_	1
524	-0.8157	_40247_	1
524	-0.8157	_40216_	1
524	-0.8157	_40181_	1
524	-0.8157	_01057_	6
524	-0.8157	_13335_	10
524	-0.8157	_13334_	10
524	-0.8157	fdct_zigzag.dct_mod.dct_block_0.dct_unit_0.ddin[8]	82
525	-0.8148	_11582_	1
525	-0.8148	_25566_	1
525	-0.8148	_25542_	2
525	-0.8148	_25540_	1
525	-0.8148	_25539_	2
525	-0.8148	_25537_	2
525	-0.8148	_07239_	2
525	-0.8148	_37979_	1
525	-0.8148	_37936_	1
525	-0.8148	_37905_	1
525	-0.8148	_37866_	1
525	-0.8148	_00436_	3
525	-0.8148	_13480_	10
525	-0.8148	_13336_	10
525	-0.8148	_13334_	10
525	-0.8148	fdct_zigzag.dct_mod.dct_block_0.dct_unit_0.ddin[8]	82
526	-0.8142	_11859_	1
526	-0.8142	_27159_	1
526	-0.8142	_27135_	2
526	-0.8142	_27134_	1
526	-0.8142	_27133_	2
526	-0.8142	_27131_	2
526	-0.8142	_08393_	2
526	-0.8142	_41886_	1
526	-0.8142	_41674_	1
526	-0.8142	_41562_	1
526	-0.8142	_41483_	1
526	-0.8142	_01573_	2
526	-0.8142	_13541_	10
526	-0.8142	_13504_	10
526	-0.8142	_13334_	10
526	-0.8142	fdct_zigzag.dct_mod.dct_block_0.dct_unit_0.ddin[8]	82
527	-0.8140	_10615_	1
527	-0.8140	_19944_	1
527	-0.8140	_19920_	2
527	-0.8140	_19918_	1
527	-0.8140	_19917_	2
527	-0.8140	_19916_	2
527	-0.8140	_08170_	2
527	-0.8140	_42704_	1
527	-0.8140	_42661_	1
527	-0.8140	_42546_	1
527	-0.8140	_42501_	1
527	-0.8140	_01947_	2
527	-0.8140	_13541_	10
527	-0.8140	_13504_	10
527	-0.8140	_13334_	10
527	-0.8140	fdct_zigzag.dct_mod.dct_block_0.dct_unit_0.ddin[8]	82
528	-0.8140	_11737_	1
528	-0.8140	_26470_	1
528	-0.8140	_26447_	2
528	-0.8140	_26445_	1
528	-0.8140	_26444_	2
528	-0.8140	_26443_	2
528	-0.8140	_03530_	2
528	-0.8140	_39149_	1
528	-0.8140	_39111_	1
528	-0.8140	_39074_	1
528	-0.8140	_39034_	1
528	-0.8140	_00867_	2
528	-0.8140	_13413_	10
528	-0.8140	_13336_	10
528	-0.8140	_13334_	10
528	-0.8140	fdct_zigzag.dct_mod.dct_block_0.dct_unit_0.ddin[8]	82
529	-0.8135	_10556_	1
529	-0.8135	_19702_	1
529	-0.8135	_19680_	2
529	-0.8135	_19678_	1
529	-0.8135	_19677_	2
529	-0.8135	_19676_	2
529	-0.8135	_08837_	2
529	-0.8135	_38352_	1
529	-0.8135	_37844_	1
529	-0.8135	_37842_	1
529	-0.8135	_38046_	1
529	-0.8135	_00482_	2
529	-0.8135	_13445_	10
529	-0.8135	_13336_	10
529	-0.8135	_13334_	10
529	-0.8135	fdct_zigzag.dct_mod.dct_block_0.dct_unit_0.ddin[8]	82
530	-0.8134	_12213_	1
530	-0.8134	_29202_	1
530	-0.8134	_29178_	2
530	-0.8134	_29176_	1
530	-0.8134	_29175_	2
530	-0.8134	_29174_	2
530	-0.8134	_03512_	2
530	-0.8134	_47295_	1
530	-0.8134	_47242_	1
530	-0.8134	_47197_	1
530	-0.8134	_47137_	1
530	-0.8134	_01872_	2
530	-0.8134	_13712_	10
530	-0.8134	_13711_	10
530	-0.8134	_13334_	10
530	-0.8134	fdct_zigzag.dct_mod.dct_block_0.dct_unit_0.ddin[8]	82
531	-0.8133	_10242_	1
531	-0.8133	_17943_	1
531	-0.8133	_17920_	2
531	-0.8133	_17918_	1
531	-0.8133	_17917_	2
531	-0.8133	_17916_	2
531	-0.8133	_08161_	2
531	-0.8133	_44462_	1
531	-0.8133	_43945_	1
531	-0.8133	_43495_	1
531	-0.8133	_42967_	1
531	-0.8133	_02122_	2
531	-0.8133	_13505_	10
531	-0.8133	_13504_	10
531	-0.8133	_13334_	10
531	-0.8133	fdct_zigzag.dct_mod.dct_block_0.dct_unit_0.ddin[8]	82
532	-0.8133	_11365_	1
532	-0.8133	_24298_	1
532	-0.8133	_24275_	2
532	-0.8133	_24273_	1
532	-0.8133	_24272_	2
532	-0.8133	_24271_	2
532	-0.8133	_05956_	2
532	-0.8133	_45040_	1
532	-0.8133	_44628_	1
532	-0.8133	_43618_	1
532	-0.8133	_43242_	1
532	-0.8133	_02230_	2
532	-0.8133	_13576_	10
532	-0.8133	_13504_	10
532	-0.8133	_13334_	10
532	-0.8133	fdct_zigzag.dct_mod.dct_block_0.dct_unit_0.ddin[8]	82
533	-0.8133	_11125_	1
533	-0.8133	_22925_	1
533	-0.8133	_22900_	2
533	-0.8133	_22899_	1
533	-0.8133	_22898_	2
533	-0.8133	_22896_	2
533	-0.8133	_07463_	2
533	-0.8133	_47343_	1
533	-0.8133	_42279_	1
533	-0.8133	_42277_	1
533	-0.8133	_42295_	1
533	-0.8133	_00569_	2
533	-0.8133	_13782_	10
533	-0.8133	_13711_	10
533	-0.8133	_13334_	10
533	-0.8133	fdct_zigzag.dct_mod.dct_block_0.dct_unit_0.ddin[8]	82
534	-0.8133	_10888_	1
534	-0.8133	_21553_	1
534	-0.8133	_21528_	2
534	-0.8133	_21526_	1
534	-0.8133	_21525_	2
534	-0.8133	_21524_	2
534	-0.8133	_05695_	2
534	-0.8133	_43835_	1
534	-0.8133	_43832_	1
534	-0.8133	_47109_	1
534	-0.8133	_46558_	1
534	-0.8133	_03107_	2
534	-0.8133	_13486_	10
534	-0.8133	_13336_	10
534	-0.8133	_13334_	10
534	-0.8133	fdct_zigzag.dct_mod.dct_block_0.dct_unit_0.ddin[8]	82
535	-0.8133	_10732_	1
535	-0.8133	_20630_	1
535	-0.8133	_20606_	2
535	-0.8133	_20604_	1
535	-0.8133	_20603_	2
535	-0.8133	_20602_	2
535	-0.8133	_07204_	2
535	-0.8133	_40018_	1
535	-0.8133	_39990_	1
535	-0.8133	_39964_	1
535	-0.8133	_39938_	1
535	-0.8133	_01138_	2
535	-0.8133	_13361_	10
535	-0.8133	_13336_	10
535	-0.8133	_13334_	10
535	-0.8133	fdct_zigzag.dct_mod.dct_block_0.dct_unit_0.ddin[8]	82
536	-0.8133	_11659_	1
536	-0.8133	_26019_	1
536	-0.8133	_25995_	2
536	-0.8133	_25993_	1
536	-0.8133	_25992_	2
536	-0.8133	_25991_	2
536	-0.8133	_06264_	2
536	-0.8133	_38572_	1
536	-0.8133	_38540_	1
536	-0.8133	_38509_	1
536	-0.8133	_38470_	1
536	-0.8133	_00653_	2
536	-0.8133	_13445_	10
536	-0.8133	_13336_	10
536	-0.8133	_13334_	10
536	-0.8133	fdct_zigzag.dct_mod.dct_block_0.dct_unit_0.ddin[8]	82
537	-0.8133	_11620_	1
537	-0.8133	_25788_	1
537	-0.8133	_25765_	2
537	-0.8133	_25763_	1
537	-0.8133	_25762_	2
537	-0.8133	_25761_	2
537	-0.8133	_06229_	2
537	-0.8133	_38260_	1
537	-0.8133	_38221_	1
537	-0.8133	_38186_	1
537	-0.8133	_38141_	1
537	-0.8133	_00554_	2
537	-0.8133	_13463_	10
537	-0.8133	_13336_	10
537	-0.8133	_13334_	10
537	-0.8133	fdct_zigzag.dct_mod.dct_block_0.dct_unit_0.ddin[8]	82
538	-0.8133	_11698_	1
538	-0.8133	_26249_	1
538	-0.8133	_26226_	2
538	-0.8133	_26224_	1
538	-0.8133	_26223_	2
538	-0.8133	_26222_	2
538	-0.8133	_06316_	2
538	-0.8133	_38881_	1
538	-0.8133	_38842_	1
538	-0.8133	_38815_	1
538	-0.8133	_38775_	1
538	-0.8133	_00742_	2
538	-0.8133	_13413_	10
538	-0.8133	_13336_	10
538	-0.8133	_13334_	10
538	-0.8133	fdct_zigzag.dct_mod.dct_block_0.dct_unit_0.ddin[8]	82
539	-0.8124	_10504_	1
539	-0.8124	_19410_	1
539	-0.8124	_19387_	2
539	-0.8124	_19385_	1
539	-0.8124	_19384_	2
539	-0.8124	_19383_	2
539	-0.8124	_07547_	2
539	-0.8124	_44710_	1
539	-0.8124	_44271_	1
539	-0.8124	_44269_	1
539	-0.8124	_40610_	1
539	-0.8124	_01310_	2
539	-0.8124	_13851_	10
539	-0.8124	_13711_	10
539	-0.8124	_13334_	10
539	-0.8124	fdct_zigzag.dct_mod.dct_block_0.dct_unit_0.ddin[8]	82
540	-0.8112	_10851_	1
540	-0.8112	_21331_	1
540	-0.8112	_21282_	2
540	-0.8112	_06609_	2
540	-0.8112	_45253_	1
540	-0.8112	_44839_	1
540	-0.8112	_44836_	1
540	-0.8112	_42910_	4
540	-0.8112	_01156_	7
540	-0.8112	_13480_	10
540	-0.8112	_13336_	10
540	-0.8112	_13334_	10
540	-0.8112	fdct_zigzag.dct_mod.dct_block_0.dct_unit_0.ddin[8]	82
541	-0.8112	_11946_	1
541	-0.8112	_27629_	1
541	-0.8112	_27598_	2
541	-0.8112	_07158_	2
541	-0.8112	_43338_	1
541	-0.8112	_43217_	1
541	-0.8112	_43013_	1
541	-0.8112	_42910_	4
541	-0.8112	_01156_	7
541	-0.8112	_13480_	10
541	-0.8112	_13336_	10
541	-0.8112	_13334_	10
541	-0.8112	fdct_zigzag.dct_mod.dct_block_0.dct_unit_0.ddin[8]	82
542	-0.8097	_11405_	1
542	-0.8097	_24536_	1
542	-0.8097	_24485_	2
542	-0.8097	_24484_	2
542	-0.8097	_06482_	2
542	-0.8097	_41524_	1
542	-0.8097	_38695_	1
542	-0.8097	_38645_	2
542	-0.8097	_41317_	5
542	-0.8097	_03421_	3
542	-0.8097	_13584_	10
542	-0.8097	_13504_	10
542	-0.8097	_13334_	10
542	-0.8097	fdct_zigzag.dct_mod.dct_block_0.dct_unit_0.ddin[8]	82
543	-0.8089	_11047_	1
543	-0.8089	_22459_	1
543	-0.8089	_22437_	2
543	-0.8089	_22435_	1
543	-0.8089	_22434_	2
543	-0.8089	_22432_	2
543	-0.8089	_07674_	2
543	-0.8089	_40585_	1
543	-0.8089	_40558_	1
543	-0.8089	_40529_	1
543	-0.8089	_40505_	1
543	-0.8089	_00867_	2
543	-0.8089	_13413_	10
543	-0.8089	_13336_	10
543	-0.8089	_13334_	10
543	-0.8089	fdct_zigzag.dct_mod.dct_block_0.dct_unit_0.ddin[8]	82
544	-0.8080	_10342_	1
544	-0.8080	_18503_	1
544	-0.8080	_18480_	2
544	-0.8080	_18478_	1
544	-0.8080	_18477_	2
544	-0.8080	_18475_	2
544	-0.8080	_06726_	2
544	-0.8080	_45429_	1
544	-0.8080	_45426_	1
544	-0.8080	_47274_	1
544	-0.8080	_47155_	1
544	-0.8080	_03066_	2
544	-0.8080	_13636_	10
544	-0.8080	_13504_	10
544	-0.8080	_13334_	10
544	-0.8080	fdct_zigzag.dct_mod.dct_block_0.dct_unit_0.ddin[8]	82
545	-0.8080	_11521_	1
545	-0.8080	_25230_	1
545	-0.8080	_25210_	2
545	-0.8080	_25208_	1
545	-0.8080	_25207_	2
545	-0.8080	_25205_	2
545	-0.8080	_06094_	2
545	-0.8080	_42093_	1
545	-0.8080	_42090_	1
545	-0.8080	_38346_	1
545	-0.8080	_38343_	1
545	-0.8080	_02829_	2
545	-0.8080	_13576_	10
545	-0.8080	_13504_	10
545	-0.8080	_13334_	10
545	-0.8080	fdct_zigzag.dct_mod.dct_block_0.dct_unit_0.ddin[8]	82
546	-0.8074	_10928_	1
546	-0.8074	_21780_	1
546	-0.8074	_21735_	2
546	-0.8074	_21734_	1
546	-0.8074	_05822_	2
546	-0.8074	_41853_	1
546	-0.8074	_41704_	1
546	-0.8074	_41609_	1
546	-0.8074	_41458_	1
546	-0.8074	_01552_	6
546	-0.8074	_13541_	10
546	-0.8074	_13504_	10
546	-0.8074	_13334_	10
546	-0.8074	fdct_zigzag.dct_mod.dct_block_0.dct_unit_0.ddin[8]	82
547	-0.8073	_12416_	1
547	-0.8073	_30333_	1
547	-0.8073	_30311_	2
547	-0.8073	_30309_	1
547	-0.8073	_30308_	2
547	-0.8073	_30307_	2
547	-0.8073	_08791_	2
547	-0.8073	_47322_	1
547	-0.8073	_46420_	1
547	-0.8073	_44364_	1
547	-0.8073	_40729_	1
547	-0.8073	_01342_	1
547	-0.8073	_13860_	10
547	-0.8073	_13711_	10
547	-0.8073	_13334_	10
547	-0.8073	fdct_zigzag.dct_mod.dct_block_0.dct_unit_0.ddin[8]	82
548	-0.8066	_11164_	1
548	-0.8066	_23149_	1
548	-0.8066	_23126_	2
548	-0.8066	_23124_	1
548	-0.8066	_23123_	2
548	-0.8066	_23122_	2
548	-0.8066	_04220_	2
548	-0.8066	_47367_	1
548	-0.8066	_45112_	1
548	-0.8066	_43791_	1
548	-0.8066	_43788_	1
548	-0.8066	_02986_	1
548	-0.8066	_13753_	10
548	-0.8066	_13711_	10
548	-0.8066	_13334_	10
548	-0.8066	fdct_zigzag.dct_mod.dct_block_0.dct_unit_0.ddin[8]	82
549	-0.8066	_12377_	1
549	-0.8066	_30102_	1
549	-0.8066	_30079_	2
549	-0.8066	_30078_	1
549	-0.8066	_30077_	2
549	-0.8066	_30075_	2
549	-0.8066	_03853_	2
549	-0.8066	_41818_	1
549	-0.8066	_41794_	1
549	-0.8066	_41791_	1
549	-0.8066	_44308_	1
549	-0.8066	_02556_	1
549	-0.8066	_13851_	10
549	-0.8066	_13711_	10
549	-0.8066	_13334_	10
549	-0.8066	fdct_zigzag.dct_mod.dct_block_0.dct_unit_0.ddin[8]	82
550	-0.8063	_10966_	1
550	-0.8063	_22001_	1
550	-0.8063	_21977_	2
550	-0.8063	_21976_	1
550	-0.8063	_21975_	2
550	-0.8063	_21974_	2
550	-0.8063	_08489_	2
550	-0.8063	_42239_	1
550	-0.8063	_39525_	1
550	-0.8063	_39522_	1
550	-0.8063	_40441_	1
550	-0.8063	_01809_	1
550	-0.8063	_13827_	10
550	-0.8063	_13711_	10
550	-0.8063	_13334_	10
550	-0.8063	fdct_zigzag.dct_mod.dct_block_0.dct_unit_0.ddin[8]	82
551	-0.8033	_10929_	1
551	-0.8033	_21781_	1
551	-0.8033	_21754_	2
551	-0.8033	_21753_	2
551	-0.8033	_05822_	2
551	-0.8033	_41853_	1
551	-0.8033	_41704_	1
551	-0.8033	_41609_	1
551	-0.8033	_41458_	1
551	-0.8033	_01552_	6
551	-0.8033	_13541_	10
551	-0.8033	_13504_	10
551	-0.8033	_13334_	10
551	-0.8033	fdct_zigzag.dct_mod.dct_block_0.dct_unit_0.ddin[8]	82
552	-0.8031	_10205_	1
552	-0.8031	_17724_	1
552	-0.8031	_17695_	2
552	-0.8031	_17694_	2
552	-0.8031	_08517_	2
552	-0.8031	_46238_	1
552	-0.8031	_46152_	1
552	-0.8031	_45955_	1
552	-0.8031	_45873_	1
552	-0.8031	_01602_	6
552	-0.8031	_13603_	10
552	-0.8031	_13504_	10
552	-0.8031	_13334_	10
552	-0.8031	fdct_zigzag.dct_mod.dct_block_0.dct_unit_0.ddin[8]	82
553	-0.8031	_11484_	1
553	-0.8031	_25001_	1
553	-0.8031	_24973_	2
553	-0.8031	_24972_	2
553	-0.8031	_06060_	2
553	-0.8031	_44530_	1
553	-0.8031	_43700_	1
553	-0.8031	_43697_	1
553	-0.8031	_46898_	1
553	-0.8031	_03045_	6
553	-0.8031	_13576_	10
553	-0.8031	_13504_	10
553	-0.8031	_13334_	10
553	-0.8031	fdct_zigzag.dct_mod.dct_block_0.dct_unit_0.ddin[8]	82
554	-0.8022	_10204_	1
554	-0.8022	_17723_	1
554	-0.8022	_17672_	2
554	-0.8022	_17670_	1
554	-0.8022	_08517_	2
554	-0.8022	_46238_	1
554	-0.8022	_46152_	1
554	-0.8022	_45955_	1
554	-0.8022	_45873_	1
554	-0.8022	_01602_	6
554	-0.8022	_13603_	10
554	-0.8022	_13504_	10
554	-0.8022	_13334_	10
554	-0.8022	fdct_zigzag.dct_mod.dct_block_0.dct_unit_0.ddin[8]	82
555	-0.8022	_11483_	1
555	-0.8022	_25000_	1
555	-0.8022	_24954_	2
555	-0.8022	_24952_	1
555	-0.8022	_06060_	2
555	-0.8022	_44530_	1
555	-0.8022	_43700_	1
555	-0.8022	_43697_	1
555	-0.8022	_46898_	1
555	-0.8022	_03045_	6
555	-0.8022	_13576_	10
555	-0.8022	_13504_	10
555	-0.8022	_13334_	10
555	-0.8022	fdct_zigzag.dct_mod.dct_block_0.dct_unit_0.ddin[8]	82
556	-0.8011	_11904_	1
556	-0.8011	_27392_	1
556	-0.8011	_27369_	2
556	-0.8011	_27367_	1
556	-0.8011	_27366_	2
556	-0.8011	_27365_	2
556	-0.8011	_07394_	2
556	-0.8011	_44399_	1
556	-0.8011	_44290_	1
556	-0.8011	_44211_	1
556	-0.8011	_44082_	1
556	-0.8011	_02476_	1
556	-0.8011	_13668_	10
556	-0.8011	_13504_	10
556	-0.8011	_13334_	10
556	-0.8011	fdct_zigzag.dct_mod.dct_block_0.dct_unit_0.ddin[8]	82
557	-0.8011	_12255_	1
557	-0.8011	_29426_	1
557	-0.8011	_29402_	2
557	-0.8011	_29400_	1
557	-0.8011	_29399_	2
557	-0.8011	_29398_	2
557	-0.8011	_06918_	2
557	-0.8011	_46540_	1
557	-0.8011	_46485_	1
557	-0.8011	_46459_	1
557	-0.8011	_46358_	1
557	-0.8011	_03081_	1
557	-0.8011	_13726_	10
557	-0.8011	_13711_	10
557	-0.8011	_13334_	10
557	-0.8011	fdct_zigzag.dct_mod.dct_block_0.dct_unit_0.ddin[8]	82
558	-0.7996	_11406_	1
558	-0.7996	_24537_	1
558	-0.7996	_24505_	2
558	-0.7996	_24504_	2
558	-0.7996	_08125_	2
558	-0.7996	_41527_	1
558	-0.7996	_38700_	1
558	-0.7996	_38697_	1
558	-0.7996	_41317_	5
558	-0.7996	_03421_	3
558	-0.7996	_13584_	10
558	-0.7996	_13504_	10
558	-0.7996	_13334_	10
558	-0.7996	fdct_zigzag.dct_mod.dct_block_0.dct_unit_0.ddin[8]	82
559	-0.7965	_10654_	1
559	-0.7965	_20174_	1
559	-0.7965	_20152_	2
559	-0.7965	_20150_	1
559	-0.7965	_20149_	2
559	-0.7965	_20147_	2
559	-0.7965	_07251_	2
559	-0.7965	_41188_	1
559	-0.7965	_41185_	1
559	-0.7965	_47007_	1
559	-0.7965	_46912_	1
559	-0.7965	_03247_	1
559	-0.7965	_13505_	10
559	-0.7965	_13504_	10
559	-0.7965	_13334_	10
559	-0.7965	fdct_zigzag.dct_mod.dct_block_0.dct_unit_0.ddin[8]	82
560	-0.7960	_11008_	1
560	-0.7960	_22227_	1
560	-0.7960	_22204_	2
560	-0.7960	_22202_	1
560	-0.7960	_22201_	2
560	-0.7960	_22199_	2
560	-0.7960	_07849_	2
560	-0.7960	_42774_	1
560	-0.7960	_42771_	1
560	-0.7960	_39458_	1
560	-0.7960	_39455_	1
560	-0.7960	_02196_	1
560	-0.7960	_13816_	10
560	-0.7960	_13711_	10
560	-0.7960	_13334_	10
560	-0.7960	fdct_zigzag.dct_mod.dct_block_0.dct_unit_0.ddin[8]	82
561	-0.7919	_10025_	1
561	-0.7919	_16673_	1
561	-0.7919	_16623_	2
561	-0.7919	_16622_	2
561	-0.7919	_03750_	2
561	-0.7919	_43398_	1
561	-0.7919	_43396_	1
561	-0.7919	_45141_	1
561	-0.7919	_45224_	1
561	-0.7919	_02114_	5
561	-0.7919	_13505_	10
561	-0.7919	_13504_	10
561	-0.7919	_13334_	10
561	-0.7919	fdct_zigzag.dct_mod.dct_block_0.dct_unit_0.ddin[8]	82
562	-0.7919	_12339_	1
562	-0.7919	_29880_	1
562	-0.7919	_29833_	2
562	-0.7919	_29832_	2
562	-0.7919	_07758_	2
562	-0.7919	_44917_	1
562	-0.7919	_44240_	1
562	-0.7919	_44239_	1
562	-0.7919	_41261_	1
562	-0.7919	_00728_	5
562	-0.7919	_13413_	10
562	-0.7919	_13336_	10
562	-0.7919	_13334_	10
562	-0.7919	fdct_zigzag.dct_mod.dct_block_0.dct_unit_0.ddin[8]	82
563	-0.7917	_11285_	1
563	-0.7917	_23847_	1
563	-0.7917	_23799_	2
563	-0.7917	_23798_	2
563	-0.7917	_05056_	2
563	-0.7917	_44802_	1
563	-0.7917	_44253_	1
563	-0.7917	_43506_	1
563	-0.7917	_43163_	1
563	-0.7917	_01628_	5
563	-0.7917	_13546_	10
563	-0.7917	_13504_	10
563	-0.7917	_13334_	10
563	-0.7917	fdct_zigzag.dct_mod.dct_block_0.dct_unit_0.ddin[8]	82
564	-0.7917	_12494_	1
564	-0.7917	_30794_	1
564	-0.7917	_30745_	2
564	-0.7917	_30744_	2
564	-0.7917	_08299_	2
564	-0.7917	_47201_	1
564	-0.7917	_47058_	1
564	-0.7917	_46955_	1
564	-0.7917	_46880_	1
564	-0.7917	_01545_	5
564	-0.7917	_13541_	10
564	-0.7917	_13504_	10
564	-0.7917	_13334_	10
564	-0.7917	fdct_zigzag.dct_mod.dct_block_0.dct_unit_0.ddin[8]	82
565	-0.7917	_10166_	1
565	-0.7917	_17494_	1
565	-0.7917	_17465_	2
565	-0.7917	_17464_	2
565	-0.7917	_06021_	2
565	-0.7917	_46383_	1
565	-0.7917	_46280_	1
565	-0.7917	_46209_	1
565	-0.7917	_46126_	1
565	-0.7917	_02114_	5
565	-0.7917	_13505_	10
565	-0.7917	_13504_	10
565	-0.7917	_13334_	10
565	-0.7917	fdct_zigzag.dct_mod.dct_block_0.dct_unit_0.ddin[8]	82
566	-0.7917	_11244_	1
566	-0.7917	_23622_	1
566	-0.7917	_23596_	2
566	-0.7917	_23595_	2
566	-0.7917	_07618_	2
566	-0.7917	_42581_	1
566	-0.7917	_42579_	1
566	-0.7917	_40326_	1
566	-0.7917	_40323_	1
566	-0.7917	_01545_	5
566	-0.7917	_13541_	10
566	-0.7917	_13504_	10
566	-0.7917	_13334_	10
566	-0.7917	fdct_zigzag.dct_mod.dct_block_0.dct_unit_0.ddin[8]	82
567	-0.7917	_11445_	1
567	-0.7917	_24768_	1
567	-0.7917	_24739_	2
567	-0.7917	_24738_	2
567	-0.7917	_03946_	2
567	-0.7917	_43310_	1
567	-0.7917	_39579_	1
567	-0.7917	_38028_	1
567	-0.7917	_38025_	1
567	-0.7917	_01628_	5
567	-0.7917	_13546_	10
567	-0.7917	_13504_	10
567	-0.7917	_13334_	10
567	-0.7917	fdct_zigzag.dct_mod.dct_block_0.dct_unit_0.ddin[8]	82
568	-0.7917	_11327_	1
568	-0.7917	_24078_	1
568	-0.7917	_24027_	2
568	-0.7917	_24026_	2
568	-0.7917	_06191_	2
568	-0.7917	_46756_	1
568	-0.7917	_46626_	1
568	-0.7917	_46451_	1
568	-0.7917	_46296_	1
568	-0.7917	_03054_	5
568	-0.7917	_13576_	10
568	-0.7917	_13504_	10
568	-0.7917	_13334_	10
568	-0.7917	fdct_zigzag.dct_mod.dct_block_0.dct_unit_0.ddin[8]	82
569	-0.7917	_12175_	1
569	-0.7917	_28969_	1
569	-0.7917	_28920_	2
569	-0.7917	_28919_	2
569	-0.7917	_07288_	2
569	-0.7917	_45049_	1
569	-0.7917	_42222_	1
569	-0.7917	_42219_	1
569	-0.7917	_44992_	1
569	-0.7917	_01354_	5
569	-0.7917	_13541_	10
569	-0.7917	_13504_	10
569	-0.7917	_13334_	10
569	-0.7917	fdct_zigzag.dct_mod.dct_block_0.dct_unit_0.ddin[8]	82
570	-0.7917	_11088_	1
570	-0.7917	_22696_	1
570	-0.7917	_22671_	2
570	-0.7917	_22670_	2
570	-0.7917	_07447_	2
570	-0.7917	_40780_	1
570	-0.7917	_40753_	1
570	-0.7917	_40727_	1
570	-0.7917	_40690_	1
570	-0.7917	_00728_	5
570	-0.7917	_13413_	10
570	-0.7917	_13336_	10
570	-0.7917	_13334_	10
570	-0.7917	fdct_zigzag.dct_mod.dct_block_0.dct_unit_0.ddin[8]	82
571	-0.7917	_12022_	1
571	-0.7917	_28088_	1
571	-0.7917	_28043_	2
571	-0.7917	_28042_	2
571	-0.7917	_07375_	2
571	-0.7917	_42853_	1
571	-0.7917	_39502_	1
571	-0.7917	_39500_	1
571	-0.7917	_38958_	1
571	-0.7917	_00812_	5
571	-0.7917	_13337_	10
571	-0.7917	_13336_	10
571	-0.7917	_13334_	10
571	-0.7917	fdct_zigzag.dct_mod.dct_block_0.dct_unit_0.ddin[8]	82
572	-0.7909	_11087_	1
572	-0.7909	_22694_	1
572	-0.7909	_22650_	2
572	-0.7909	_22648_	1
572	-0.7909	_07447_	2
572	-0.7909	_40780_	1
572	-0.7909	_40753_	1
572	-0.7909	_40727_	1
572	-0.7909	_40690_	1
572	-0.7909	_00728_	5
572	-0.7909	_13413_	10
572	-0.7909	_13336_	10
572	-0.7909	_13334_	10
572	-0.7909	fdct_zigzag.dct_mod.dct_block_0.dct_unit_0.ddin[8]	82
573	-0.7908	_10165_	1
573	-0.7908	_17493_	1
573	-0.7908	_17442_	2
573	-0.7908	_17440_	1
573	-0.7908	_06021_	2
573	-0.7908	_46383_	1
573	-0.7908	_46280_	1
573	-0.7908	_46209_	1
573	-0.7908	_46126_	1
573	-0.7908	_02114_	5
573	-0.7908	_13505_	10
573	-0.7908	_13504_	10
573	-0.7908	_13334_	10
573	-0.7908	fdct_zigzag.dct_mod.dct_block_0.dct_unit_0.ddin[8]	82
574	-0.7908	_11243_	1
574	-0.7908	_23620_	1
574	-0.7908	_23575_	2
574	-0.7908	_23573_	1
574	-0.7908	_07618_	2
574	-0.7908	_42581_	1
574	-0.7908	_42579_	1
574	-0.7908	_40326_	1
574	-0.7908	_40323_	1
574	-0.7908	_01545_	5
574	-0.7908	_13541_	10
574	-0.7908	_13504_	10
574	-0.7908	_13334_	10
574	-0.7908	fdct_zigzag.dct_mod.dct_block_0.dct_unit_0.ddin[8]	82
575	-0.7908	_11444_	1
575	-0.7908	_24767_	1
575	-0.7908	_24720_	2
575	-0.7908	_24718_	1
575	-0.7908	_03946_	2
575	-0.7908	_43310_	1
575	-0.7908	_39579_	1
575	-0.7908	_38028_	1
575	-0.7908	_38025_	1
575	-0.7908	_01628_	5
575	-0.7908	_13546_	10
575	-0.7908	_13504_	10
575	-0.7908	_13334_	10
575	-0.7908	fdct_zigzag.dct_mod.dct_block_0.dct_unit_0.ddin[8]	82
576	-0.7885	_10696_	1
576	-0.7885	_20412_	1
576	-0.7885	_20381_	2
576	-0.7885	_06845_	2
576	-0.7885	_44950_	1
576	-0.7885	_44195_	1
576	-0.7885	_44192_	1
576	-0.7885	_40070_	4
576	-0.7885	_01159_	5
576	-0.7885	_13480_	10
576	-0.7885	_13336_	10
576	-0.7885	_13334_	10
576	-0.7885	fdct_zigzag.dct_mod.dct_block_0.dct_unit_0.ddin[8]	82
577	-0.7865	_10064_	1
577	-0.7865	_16933_	1
577	-0.7865	_16885_	2
577	-0.7865	_16884_	1
577	-0.7865	_07917_	2
577	-0.7865	_42135_	1
577	-0.7865	_42132_	1
577	-0.7865	_42061_	1
577	-0.7865	_42057_	2
577	-0.7865	_01586_	4
577	-0.7865	_13603_	10
577	-0.7865	_13504_	10
577	-0.7865	_13334_	10
577	-0.7865	fdct_zigzag.dct_mod.dct_block_0.dct_unit_0.ddin[8]	82
578	-0.7857	_12057_	1
578	-0.7857	_28309_	1
578	-0.7857	_28267_	3
578	-0.7857	_28252_	1
578	-0.7857	_28249_	3
578	-0.7857	_28248_	5
578	-0.7857	_03747_	1
578	-0.7857	_39053_	1
578	-0.7857	_38932_	1
578	-0.7857	_38930_	1
578	-0.7857	_38704_	1
578	-0.7857	_00709_	2
578	-0.7857	_13689_	10
578	-0.7857	_13504_	10
578	-0.7857	_13334_	10
578	-0.7857	fdct_zigzag.dct_mod.dct_block_0.dct_unit_0.ddin[8]	82
579	-0.7830	_11328_	1
579	-0.7830	_24079_	1
579	-0.7830	_24050_	2
579	-0.7830	_24049_	2
579	-0.7830	_07336_	2
579	-0.7830	_46772_	1
579	-0.7830	_46629_	1
579	-0.7830	_46456_	1
579	-0.7830	_45241_	2
579	-0.7830	_03039_	4
579	-0.7830	_13576_	10
579	-0.7830	_13504_	10
579	-0.7830	_13334_	10
579	-0.7830	fdct_zigzag.dct_mod.dct_block_0.dct_unit_0.ddin[8]	82
580	-0.7830	_12176_	1
580	-0.7830	_28971_	1
580	-0.7830	_28942_	2
580	-0.7830	_28941_	2
580	-0.7830	_07803_	2
580	-0.7830	_45058_	1
580	-0.7830	_42227_	1
580	-0.7830	_42224_	1
580	-0.7830	_41588_	2
580	-0.7830	_02894_	4
580	-0.7830	_13541_	10
580	-0.7830	_13504_	10
580	-0.7830	_13334_	10
580	-0.7830	fdct_zigzag.dct_mod.dct_block_0.dct_unit_0.ddin[8]	82
581	-0.7829	_12023_	1
581	-0.7829	_28089_	1
581	-0.7829	_28061_	2
581	-0.7829	_28060_	2
581	-0.7829	_06185_	2
581	-0.7829	_40054_	1
581	-0.7829	_40052_	1
581	-0.7829	_39682_	1
581	-0.7829	_39680_	2
581	-0.7829	_01055_	4
581	-0.7829	_13337_	10
581	-0.7829	_13336_	10
581	-0.7829	_13334_	10
581	-0.7829	fdct_zigzag.dct_mod.dct_block_0.dct_unit_0.ddin[8]	82
582	-0.7806	_12059_	1
582	-0.7806	_28311_	1
582	-0.7806	_28266_	3
582	-0.7806	_28264_	1
582	-0.7806	_28263_	2
582	-0.7806	_28262_	2
582	-0.7806	_07555_	2
582	-0.7806	_39215_	1
582	-0.7806	_39213_	1
582	-0.7806	_38938_	1
582	-0.7806	_38901_	1
582	-0.7806	_00788_	1
582	-0.7806	_13897_	10
582	-0.7806	_13334_	10
582	-0.7806	fdct_zigzag.dct_mod.dct_block_0.dct_unit_0.ddin[8]	82
583	-0.7799	_10305_	1
583	-0.7799	_18279_	1
583	-0.7799	_18248_	2
583	-0.7799	_18247_	2
583	-0.7799	_05723_	2
583	-0.7799	_46090_	1
583	-0.7799	_45886_	1
583	-0.7799	_45307_	1
583	-0.7799	_45172_	1
583	-0.7799	_00850_	4
583	-0.7799	_13395_	10
583	-0.7799	_13336_	10
583	-0.7799	_13334_	10
583	-0.7799	fdct_zigzag.dct_mod.dct_block_0.dct_unit_0.ddin[8]	82
584	-0.7789	_10304_	1
584	-0.7789	_18278_	1
584	-0.7789	_18225_	2
584	-0.7789	_18223_	1
584	-0.7789	_05723_	2
584	-0.7789	_46090_	1
584	-0.7789	_45886_	1
584	-0.7789	_45307_	1
584	-0.7789	_45172_	1
584	-0.7789	_00850_	4
584	-0.7789	_13395_	10
584	-0.7789	_13336_	10
584	-0.7789	_13334_	10
584	-0.7789	fdct_zigzag.dct_mod.dct_block_0.dct_unit_0.ddin[8]	82
585	-0.7783	_12456_	1
585	-0.7783	_30566_	1
585	-0.7783	_30517_	2
585	-0.7783	_30515_	1
585	-0.7783	_07332_	2
585	-0.7783	_47361_	1
585	-0.7783	_43285_	1
585	-0.7783	_41806_	1
585	-0.7783	_40302_	1
585	-0.7783	_00850_	4
585	-0.7783	_13395_	10
585	-0.7783	_13336_	10
585	-0.7783	_13334_	10
585	-0.7783	fdct_zigzag.dct_mod.dct_block_0.dct_unit_0.ddin[8]	82
586	-0.7778	_10065_	1
586	-0.7778	_16934_	1
586	-0.7778	_16905_	2
586	-0.7778	_16903_	2
586	-0.7778	_07917_	2
586	-0.7778	_42135_	1
586	-0.7778	_42132_	1
586	-0.7778	_42061_	1
586	-0.7778	_42057_	2
586	-0.7778	_01586_	4
586	-0.7778	_13603_	10
586	-0.7778	_13504_	10
586	-0.7778	_13334_	10
586	-0.7778	fdct_zigzag.dct_mod.dct_block_0.dct_unit_0.ddin[8]	82
587	-0.7750	_10852_	1
587	-0.7750	_21332_	1
587	-0.7750	_21303_	2
587	-0.7750	_03914_	2
587	-0.7750	_45260_	1
587	-0.7750	_38691_	1
587	-0.7750	_38688_	1
587	-0.7750	_42916_	4
587	-0.7750	_02108_	5
587	-0.7750	_13668_	10
587	-0.7750	_13504_	10
587	-0.7750	_13334_	10
587	-0.7750	fdct_zigzag.dct_mod.dct_block_0.dct_unit_0.ddin[8]	82
588	-0.7749	_10206_	1
588	-0.7749	_17725_	1
588	-0.7749	_17694_	2
588	-0.7749	_08517_	2
588	-0.7749	_46238_	1
588	-0.7749	_46152_	1
588	-0.7749	_45955_	1
588	-0.7749	_45873_	1
588	-0.7749	_01602_	6
588	-0.7749	_13603_	10
588	-0.7749	_13504_	10
588	-0.7749	_13334_	10
588	-0.7749	fdct_zigzag.dct_mod.dct_block_0.dct_unit_0.ddin[8]	82
589	-0.7749	_10930_	1
589	-0.7749	_21782_	1
589	-0.7749	_21753_	2
589	-0.7749	_05822_	2
589	-0.7749	_41853_	1
589	-0.7749	_41704_	1
589	-0.7749	_41609_	1
589	-0.7749	_41458_	1
589	-0.7749	_01552_	6
589	-0.7749	_13541_	10
589	-0.7749	_13504_	10
589	-0.7749	_13334_	10
589	-0.7749	fdct_zigzag.dct_mod.dct_block_0.dct_unit_0.ddin[8]	82
590	-0.7749	_11485_	1
590	-0.7749	_25002_	1
590	-0.7749	_24972_	2
590	-0.7749	_06060_	2
590	-0.7749	_44530_	1
590	-0.7749	_43700_	1
590	-0.7749	_43697_	1
590	-0.7749	_46898_	1
590	-0.7749	_03045_	6
590	-0.7749	_13576_	10
590	-0.7749	_13504_	10
590	-0.7749	_13334_	10
590	-0.7749	fdct_zigzag.dct_mod.dct_block_0.dct_unit_0.ddin[8]	82
591	-0.7745	_12457_	1
591	-0.7745	_30567_	1
591	-0.7745	_30539_	2
591	-0.7745	_30537_	2
591	-0.7745	_07332_	2
591	-0.7745	_47361_	1
591	-0.7745	_43285_	1
591	-0.7745	_41806_	1
591	-0.7745	_40302_	1
591	-0.7745	_00850_	4
591	-0.7745	_13395_	10
591	-0.7745	_13336_	10
591	-0.7745	_13334_	10
591	-0.7745	fdct_zigzag.dct_mod.dct_block_0.dct_unit_0.ddin[8]	82
592	-0.7716	_10467_	1
592	-0.7716	_19179_	1
592	-0.7716	_19152_	2
592	-0.7716	_19151_	2
592	-0.7716	_05820_	2
592	-0.7716	_45845_	1
592	-0.7716	_45765_	1
592	-0.7716	_45402_	1
592	-0.7716	_45364_	1
592	-0.7716	_02827_	3
592	-0.7716	_13737_	10
592	-0.7716	_13711_	10
592	-0.7716	_13334_	10
592	-0.7716	fdct_zigzag.dct_mod.dct_block_0.dct_unit_0.ddin[8]	82
593	-0.7714	_11407_	1
593	-0.7714	_24538_	1
593	-0.7714	_24504_	2
593	-0.7714	_08125_	2
593	-0.7714	_41527_	1
593	-0.7714	_38700_	1
593	-0.7714	_38697_	1
593	-0.7714	_41317_	5
593	-0.7714	_03421_	3
593	-0.7714	_13584_	10
593	-0.7714	_13504_	10
593	-0.7714	_13334_	10
593	-0.7714	fdct_zigzag.dct_mod.dct_block_0.dct_unit_0.ddin[8]	82
594	-0.7709	_10466_	1
594	-0.7709	_19178_	1
594	-0.7709	_19129_	2
594	-0.7709	_19127_	1
594	-0.7709	_05820_	2
594	-0.7709	_45845_	1
594	-0.7709	_45765_	1
594	-0.7709	_45402_	1
594	-0.7709	_45364_	1
594	-0.7709	_02827_	3
594	-0.7709	_13737_	10
594	-0.7709	_13711_	10
594	-0.7709	_13334_	10
594	-0.7709	fdct_zigzag.dct_mod.dct_block_0.dct_unit_0.ddin[8]	82
595	-0.7676	_11286_	1
595	-0.7676	_23848_	1
595	-0.7676	_23818_	2
595	-0.7676	_23817_	2
595	-0.7676	_05195_	2
595	-0.7676	_44804_	1
595	-0.7676	_44303_	1
595	-0.7676	_43509_	1
595	-0.7676	_43175_	1
595	-0.7676	_01619_	3
595	-0.7676	_13546_	10
595	-0.7676	_13504_	10
595	-0.7676	_13334_	10
595	-0.7676	fdct_zigzag.dct_mod.dct_block_0.dct_unit_0.ddin[8]	82
596	-0.7676	_12495_	1
596	-0.7676	_30797_	1
596	-0.7676	_30767_	2
596	-0.7676	_30766_	2
596	-0.7676	_08906_	2
596	-0.7676	_47203_	1
596	-0.7676	_47061_	1
596	-0.7676	_46958_	1
596	-0.7676	_46882_	1
596	-0.7676	_01572_	3
596	-0.7676	_13541_	10
596	-0.7676	_13504_	10
596	-0.7676	_13334_	10
596	-0.7676	fdct_zigzag.dct_mod.dct_block_0.dct_unit_0.ddin[8]	82
597	-0.7676	_11366_	1
597	-0.7676	_24299_	1
597	-0.7676	_24250_	2
597	-0.7676	_24249_	2
597	-0.7676	_05782_	2
597	-0.7676	_45003_	1
597	-0.7676	_44625_	1
597	-0.7676	_43612_	1
597	-0.7676	_43235_	1
597	-0.7676	_01619_	3
597	-0.7676	_13546_	10
597	-0.7676	_13504_	10
597	-0.7676	_13334_	10
597	-0.7676	fdct_zigzag.dct_mod.dct_block_0.dct_unit_0.ddin[8]	82
598	-0.7675	_10383_	1
598	-0.7675	_18738_	1
598	-0.7675	_18710_	2
598	-0.7675	_18709_	2
598	-0.7675	_05774_	2
598	-0.7675	_41069_	1
598	-0.7675	_41066_	1
598	-0.7675	_41126_	1
598	-0.7675	_43359_	1
598	-0.7675	_00419_	3
598	-0.7675	_13480_	10
598	-0.7675	_13336_	10
598	-0.7675	_13334_	10
598	-0.7675	fdct_zigzag.dct_mod.dct_block_0.dct_unit_0.ddin[8]	82
599	-0.7675	_11205_	1
599	-0.7675	_23389_	1
599	-0.7675	_23360_	2
599	-0.7675	_23359_	2
599	-0.7675	_07065_	2
599	-0.7675	_44017_	1
599	-0.7675	_43892_	1
599	-0.7675	_43757_	1
599	-0.7675	_43552_	1
599	-0.7675	_00436_	3
599	-0.7675	_13480_	10
599	-0.7675	_13336_	10
599	-0.7675	_13334_	10
599	-0.7675	fdct_zigzag.dct_mod.dct_block_0.dct_unit_0.ddin[8]	82
600	-0.7675	_11822_	1
600	-0.7675	_26940_	1
600	-0.7675	_26915_	2
600	-0.7675	_26914_	2
600	-0.7675	_06504_	2
600	-0.7675	_39752_	1
600	-0.7675	_39714_	1
600	-0.7675	_39679_	1
600	-0.7675	_39642_	1
600	-0.7675	_01053_	3
600	-0.7675	_13377_	10
600	-0.7675	_13336_	10
600	-0.7675	_13334_	10
600	-0.7675	fdct_zigzag.dct_mod.dct_block_0.dct_unit_0.ddin[8]	82
601	-0.7675	_11699_	1
601	-0.7675	_26250_	1
601	-0.7675	_26201_	2
601	-0.7675	_26200_	2
601	-0.7675	_03475_	2
601	-0.7675	_38879_	1
601	-0.7675	_38839_	1
601	-0.7675	_38812_	1
601	-0.7675	_38773_	1
601	-0.7675	_00739_	3
601	-0.7675	_13413_	10
601	-0.7675	_13336_	10
601	-0.7675	_13334_	10
601	-0.7675	fdct_zigzag.dct_mod.dct_block_0.dct_unit_0.ddin[8]	82
602	-0.7669	_10967_	1
602	-0.7669	_22002_	1
602	-0.7669	_21955_	2
602	-0.7669	_21954_	2
602	-0.7669	_08593_	2
602	-0.7669	_46929_	1
602	-0.7669	_46927_	1
602	-0.7669	_47396_	1
602	-0.7669	_47250_	1
602	-0.7669	_01807_	3
602	-0.7669	_13816_	10
602	-0.7669	_13711_	10
602	-0.7669	_13334_	10
602	-0.7669	fdct_zigzag.dct_mod.dct_block_0.dct_unit_0.ddin[8]	82
603	-0.7669	_12378_	1
603	-0.7669	_30103_	1
603	-0.7669	_30057_	2
603	-0.7669	_30056_	2
603	-0.7669	_07625_	2
603	-0.7669	_43254_	1
603	-0.7669	_41789_	1
603	-0.7669	_41759_	1
603	-0.7669	_41746_	1
603	-0.7669	_01675_	3
603	-0.7669	_13737_	10
603	-0.7669	_13711_	10
603	-0.7669	_13334_	10
603	-0.7669	fdct_zigzag.dct_mod.dct_block_0.dct_unit_0.ddin[8]	82
604	-0.7667	_11204_	1
604	-0.7667	_23388_	1
604	-0.7667	_23341_	2
604	-0.7667	_23340_	2
604	-0.7667	_05643_	2
604	-0.7667	_44015_	1
604	-0.7667	_43889_	1
604	-0.7667	_43754_	1
604	-0.7667	_43550_	1
604	-0.7667	_02313_	3
604	-0.7667	_13737_	10
604	-0.7667	_13711_	10
604	-0.7667	_13334_	10
604	-0.7667	fdct_zigzag.dct_mod.dct_block_0.dct_unit_0.ddin[8]	82
605	-0.7667	_12302_	1
605	-0.7667	_29660_	1
605	-0.7667	_29631_	2
605	-0.7667	_29630_	2
605	-0.7667	_07472_	2
605	-0.7667	_45715_	1
605	-0.7667	_45674_	1
605	-0.7667	_45553_	1
605	-0.7667	_45476_	1
605	-0.7667	_02827_	3
605	-0.7667	_13737_	10
605	-0.7667	_13711_	10
605	-0.7667	_13334_	10
605	-0.7667	fdct_zigzag.dct_mod.dct_block_0.dct_unit_0.ddin[8]	82
606	-0.7665	_10382_	1
606	-0.7665	_18737_	1
606	-0.7665	_18690_	2
606	-0.7665	_18688_	1
606	-0.7665	_05774_	2
606	-0.7665	_41069_	1
606	-0.7665	_41066_	1
606	-0.7665	_41126_	1
606	-0.7665	_43359_	1
606	-0.7665	_00419_	3
606	-0.7665	_13480_	10
606	-0.7665	_13336_	10
606	-0.7665	_13334_	10
606	-0.7665	fdct_zigzag.dct_mod.dct_block_0.dct_unit_0.ddin[8]	82
607	-0.7665	_11821_	1
607	-0.7665	_26939_	1
607	-0.7665	_26895_	2
607	-0.7665	_26893_	1
607	-0.7665	_06504_	2
607	-0.7665	_39752_	1
607	-0.7665	_39714_	1
607	-0.7665	_39679_	1
607	-0.7665	_39642_	1
607	-0.7665	_01053_	3
607	-0.7665	_13377_	10
607	-0.7665	_13336_	10
607	-0.7665	_13334_	10
607	-0.7665	fdct_zigzag.dct_mod.dct_block_0.dct_unit_0.ddin[8]	82
608	-0.7657	_12301_	1
608	-0.7657	_29658_	1
608	-0.7657	_29609_	2
608	-0.7657	_29607_	1
608	-0.7657	_07472_	2
608	-0.7657	_45715_	1
608	-0.7657	_45674_	1
608	-0.7657	_45553_	1
608	-0.7657	_45476_	1
608	-0.7657	_02827_	3
608	-0.7657	_13737_	10
608	-0.7657	_13711_	10
608	-0.7657	_13334_	10
608	-0.7657	fdct_zigzag.dct_mod.dct_block_0.dct_unit_0.ddin[8]	82
609	-0.7648	_11583_	1
609	-0.7648	_25567_	1
609	-0.7648	_25520_	2
609	-0.7648	_25519_	1
609	-0.7648	_07239_	2
609	-0.7648	_37979_	1
609	-0.7648	_37936_	1
609	-0.7648	_37905_	1
609	-0.7648	_37866_	1
609	-0.7648	_00436_	3
609	-0.7648	_13480_	10
609	-0.7648	_13336_	10
609	-0.7648	_13334_	10
609	-0.7648	fdct_zigzag.dct_mod.dct_block_0.dct_unit_0.ddin[8]	82
610	-0.7638	_10103_	1
610	-0.7638	_17155_	1
610	-0.7638	_17110_	2
610	-0.7638	_17109_	1
610	-0.7638	_08229_	2
610	-0.7638	_43598_	1
610	-0.7638	_41096_	1
610	-0.7638	_41093_	1
610	-0.7638	_43638_	1
610	-0.7638	_02121_	2
610	-0.7638	_13603_	10
610	-0.7638	_13504_	10
610	-0.7638	_13334_	10
610	-0.7638	fdct_zigzag.dct_mod.dct_block_0.dct_unit_0.ddin[8]	82
611	-0.7635	_10026_	1
611	-0.7635	_16674_	1
611	-0.7635	_16622_	2
611	-0.7635	_03750_	2
611	-0.7635	_43398_	1
611	-0.7635	_43396_	1
611	-0.7635	_45141_	1
611	-0.7635	_45224_	1
611	-0.7635	_02114_	5
611	-0.7635	_13505_	10
611	-0.7635	_13504_	10
611	-0.7635	_13334_	10
611	-0.7635	fdct_zigzag.dct_mod.dct_block_0.dct_unit_0.ddin[8]	82
612	-0.7635	_10167_	1
612	-0.7635	_17495_	1
612	-0.7635	_17464_	2
612	-0.7635	_06021_	2
612	-0.7635	_46383_	1
612	-0.7635	_46280_	1
612	-0.7635	_46209_	1
612	-0.7635	_46126_	1
612	-0.7635	_02114_	5
612	-0.7635	_13505_	10
612	-0.7635	_13504_	10
612	-0.7635	_13334_	10
612	-0.7635	fdct_zigzag.dct_mod.dct_block_0.dct_unit_0.ddin[8]	82
613	-0.7635	_11245_	1
613	-0.7635	_23623_	1
613	-0.7635	_23595_	2
613	-0.7635	_07618_	2
613	-0.7635	_42581_	1
613	-0.7635	_42579_	1
613	-0.7635	_40326_	1
613	-0.7635	_40323_	1
613	-0.7635	_01545_	5
613	-0.7635	_13541_	10
613	-0.7635	_13504_	10
613	-0.7635	_13334_	10
613	-0.7635	fdct_zigzag.dct_mod.dct_block_0.dct_unit_0.ddin[8]	82
614	-0.7635	_11446_	1
614	-0.7635	_24769_	1
614	-0.7635	_24738_	2
614	-0.7635	_03946_	2
614	-0.7635	_43310_	1
614	-0.7635	_39579_	1
614	-0.7635	_38028_	1
614	-0.7635	_38025_	1
614	-0.7635	_01628_	5
614	-0.7635	_13546_	10
614	-0.7635	_13504_	10
614	-0.7635	_13334_	10
614	-0.7635	fdct_zigzag.dct_mod.dct_block_0.dct_unit_0.ddin[8]	82
615	-0.7634	_12340_	1
615	-0.7634	_29881_	1
615	-0.7634	_29832_	2
615	-0.7634	_07758_	2
615	-0.7634	_44917_	1
615	-0.7634	_44240_	1
615	-0.7634	_44239_	1
615	-0.7634	_41261_	1
615	-0.7634	_00728_	5
615	-0.7634	_13413_	10
615	-0.7634	_13336_	10
615	-0.7634	_13334_	10
615	-0.7634	fdct_zigzag.dct_mod.dct_block_0.dct_unit_0.ddin[8]	82
616	-0.7634	_11089_	1
616	-0.7634	_22697_	1
616	-0.7634	_22670_	2
616	-0.7634	_07447_	2
616	-0.7634	_40780_	1
616	-0.7634	_40753_	1
616	-0.7634	_40727_	1
616	-0.7634	_40690_	1
616	-0.7634	_00728_	5
616	-0.7634	_13413_	10
616	-0.7634	_13336_	10
616	-0.7634	_13334_	10
616	-0.7634	fdct_zigzag.dct_mod.dct_block_0.dct_unit_0.ddin[8]	82
617	-0.7634	_10772_	1
617	-0.7634	_20856_	1
617	-0.7634	_20829_	2
617	-0.7634	_03506_	2
617	-0.7634	_40278_	1
617	-0.7634	_40242_	1
617	-0.7634	_40211_	1
617	-0.7634	_40177_	1
617	-0.7634	_00812_	5
617	-0.7634	_13337_	10
617	-0.7634	_13336_	10
617	-0.7634	_13334_	10
617	-0.7634	fdct_zigzag.dct_mod.dct_block_0.dct_unit_0.ddin[8]	82
618	-0.7624	_11860_	1
618	-0.7624	_27160_	1
618	-0.7624	_27114_	2
618	-0.7624	_27108_	2
618	-0.7624	_05585_	2
618	-0.7624	_41884_	1
618	-0.7624	_41671_	1
618	-0.7624	_41559_	1
618	-0.7624	_41481_	1
618	-0.7624	_01572_	3
618	-0.7624	_13541_	10
618	-0.7624	_13504_	10
618	-0.7624	_13334_	10
618	-0.7624	fdct_zigzag.dct_mod.dct_block_0.dct_unit_0.ddin[8]	82
619	-0.7622	_11738_	1
619	-0.7622	_26471_	1
619	-0.7622	_26425_	2
619	-0.7622	_26419_	2
619	-0.7622	_06305_	2
619	-0.7622	_39147_	1
619	-0.7622	_39108_	1
619	-0.7622	_39071_	1
619	-0.7622	_39032_	1
619	-0.7622	_00856_	3
619	-0.7622	_13395_	10
619	-0.7622	_13336_	10
619	-0.7622	_13334_	10
619	-0.7622	fdct_zigzag.dct_mod.dct_block_0.dct_unit_0.ddin[8]	82
620	-0.7618	_10424_	1
620	-0.7618	_18966_	1
620	-0.7618	_18920_	2
620	-0.7618	_18919_	1
620	-0.7618	_08820_	2
620	-0.7618	_43132_	1
620	-0.7618	_43129_	1
620	-0.7618	_45109_	1
620	-0.7618	_42252_	1
620	-0.7618	_01333_	2
620	-0.7618	_13782_	10
620	-0.7618	_13711_	10
620	-0.7618	_13334_	10
620	-0.7618	fdct_zigzag.dct_mod.dct_block_0.dct_unit_0.ddin[8]	82
621	-0.7614	_11048_	1
621	-0.7614	_22460_	1
621	-0.7614	_22416_	2
621	-0.7614	_22410_	2
621	-0.7614	_03879_	2
621	-0.7614	_42620_	1
621	-0.7614	_42618_	1
621	-0.7614	_42649_	1
621	-0.7614	_42669_	1
621	-0.7614	_02019_	3
621	-0.7614	_13651_	10
621	-0.7614	_13504_	10
621	-0.7614	_13334_	10
621	-0.7614	fdct_zigzag.dct_mod.dct_block_0.dct_unit_0.ddin[8]	82
622	-0.7605	_10810_	1
622	-0.7605	_21086_	1
622	-0.7605	_21063_	2
622	-0.7605	_21062_	1
622	-0.7605	_21061_	2
622	-0.7605	_21059_	2
622	-0.7605	_03948_	2
622	-0.7605	_43905_	1
622	-0.7605	_43903_	1
622	-0.7605	_43765_	1
622	-0.7605	_43763_	1
622	-0.7605	_02850_	1
622	-0.7605	_13335_	10
622	-0.7605	_13334_	10
622	-0.7605	fdct_zigzag.dct_mod.dct_block_0.dct_unit_0.ddin[8]	82
623	-0.7604	_12137_	1
623	-0.7604	_28740_	1
623	-0.7604	_28712_	2
623	-0.7604	_28711_	2
623	-0.7604	_05641_	2
623	-0.7604	_45387_	1
623	-0.7604	_42759_	1
623	-0.7604	_42757_	1
623	-0.7604	_43687_	1
623	-0.7604	_02350_	2
623	-0.7604	_13668_	10
623	-0.7604	_13504_	10
623	-0.7604	_13334_	10
623	-0.7604	fdct_zigzag.dct_mod.dct_block_0.dct_unit_0.ddin[8]	82
624	-0.7599	_12060_	1
624	-0.7599	_28312_	1
624	-0.7599	_28289_	2
624	-0.7599	_28288_	1
624	-0.7599	_28287_	2
624	-0.7599	_28286_	2
624	-0.7599	_06367_	2
624	-0.7599	_45038_	1
624	-0.7599	_39038_	1
624	-0.7599	_38946_	1
624	-0.7599	_38899_	1
624	-0.7599	_00784_	1
624	-0.7599	_13897_	10
624	-0.7599	_13334_	10
624	-0.7599	fdct_zigzag.dct_mod.dct_block_0.dct_unit_0.ddin[8]	82
625	-0.7598	_10104_	1
625	-0.7598	_17156_	1
625	-0.7598	_17129_	2
625	-0.7598	_17128_	2
625	-0.7598	_08229_	2
625	-0.7598	_43598_	1
625	-0.7598	_41096_	1
625	-0.7598	_41093_	1
625	-0.7598	_43638_	1
625	-0.7598	_02121_	2
625	-0.7598	_13603_	10
625	-0.7598	_13504_	10
625	-0.7598	_13334_	10
625	-0.7598	fdct_zigzag.dct_mod.dct_block_0.dct_unit_0.ddin[8]	82
626	-0.7596	_11983_	1
626	-0.7596	_27857_	1
626	-0.7596	_27806_	2
626	-0.7596	_27805_	1
626	-0.7596	_07408_	2
626	-0.7596	_42447_	1
626	-0.7596	_41409_	1
626	-0.7596	_41406_	1
626	-0.7596	_45922_	1
626	-0.7596	_00709_	2
626	-0.7596	_13689_	10
626	-0.7596	_13504_	10
626	-0.7596	_13334_	10
626	-0.7596	fdct_zigzag.dct_mod.dct_block_0.dct_unit_0.ddin[8]	82
627	-0.7596	_10243_	1
627	-0.7596	_17944_	1
627	-0.7596	_17898_	2
627	-0.7596	_17897_	2
627	-0.7596	_08063_	2
627	-0.7596	_44457_	1
627	-0.7596	_43942_	1
627	-0.7596	_43492_	1
627	-0.7596	_42962_	1
627	-0.7596	_02121_	2
627	-0.7596	_13603_	10
627	-0.7596	_13504_	10
627	-0.7596	_13334_	10
627	-0.7596	fdct_zigzag.dct_mod.dct_block_0.dct_unit_0.ddin[8]	82
628	-0.7596	_11779_	1
628	-0.7596	_26708_	1
628	-0.7596	_26660_	2
628	-0.7596	_26659_	1
628	-0.7596	_03568_	2
628	-0.7596	_39423_	1
628	-0.7596	_39391_	1
628	-0.7596	_39361_	1
628	-0.7596	_39332_	1
628	-0.7596	_00955_	2
628	-0.7596	_13395_	10
628	-0.7596	_13336_	10
628	-0.7596	_13334_	10
628	-0.7596	fdct_zigzag.dct_mod.dct_block_0.dct_unit_0.ddin[8]	82
629	-0.7594	_12136_	1
629	-0.7594	_28739_	1
629	-0.7594	_28693_	2
629	-0.7594	_28691_	1
629	-0.7594	_05641_	2
629	-0.7594	_45387_	1
629	-0.7594	_42759_	1
629	-0.7594	_42757_	1
629	-0.7594	_43687_	1
629	-0.7594	_02350_	2
629	-0.7594	_13668_	10
629	-0.7594	_13504_	10
629	-0.7594	_13334_	10
629	-0.7594	fdct_zigzag.dct_mod.dct_block_0.dct_unit_0.ddin[8]	82
630	-0.7594	_10616_	1
630	-0.7594	_19945_	1
630	-0.7594	_19898_	2
630	-0.7594	_19897_	1
630	-0.7594	_08170_	2
630	-0.7594	_42704_	1
630	-0.7594	_42661_	1
630	-0.7594	_42546_	1
630	-0.7594	_42501_	1
630	-0.7594	_01947_	2
630	-0.7594	_13541_	10
630	-0.7594	_13504_	10
630	-0.7594	_13334_	10
630	-0.7594	fdct_zigzag.dct_mod.dct_block_0.dct_unit_0.ddin[8]	82
631	-0.7576	_10425_	1
631	-0.7576	_18967_	1
631	-0.7576	_18941_	2
631	-0.7576	_18940_	2
631	-0.7576	_08820_	2
631	-0.7576	_43132_	1
631	-0.7576	_43129_	1
631	-0.7576	_45109_	1
631	-0.7576	_42252_	1
631	-0.7576	_01333_	2
631	-0.7576	_13782_	10
631	-0.7576	_13711_	10
631	-0.7576	_13334_	10
631	-0.7576	fdct_zigzag.dct_mod.dct_block_0.dct_unit_0.ddin[8]	82
632	-0.7570	_10773_	1
632	-0.7570	_20857_	1
632	-0.7570	_20827_	2
632	-0.7570	_20826_	2
632	-0.7570	_03501_	2
632	-0.7570	_40282_	1
632	-0.7570	_40247_	1
632	-0.7570	_40216_	1
632	-0.7570	_40181_	1
632	-0.7570	_01057_	6
632	-0.7570	_13335_	10
632	-0.7570	_13334_	10
632	-0.7570	fdct_zigzag.dct_mod.dct_block_0.dct_unit_0.ddin[8]	82
633	-0.7562	_11584_	1
633	-0.7562	_25568_	1
633	-0.7562	_25539_	2
633	-0.7562	_25537_	2
633	-0.7562	_07239_	2
633	-0.7562	_37979_	1
633	-0.7562	_37936_	1
633	-0.7562	_37905_	1
633	-0.7562	_37866_	1
633	-0.7562	_00436_	3
633	-0.7562	_13480_	10
633	-0.7562	_13336_	10
633	-0.7562	_13334_	10
633	-0.7562	fdct_zigzag.dct_mod.dct_block_0.dct_unit_0.ddin[8]	82
634	-0.7554	_10811_	1
634	-0.7554	_21087_	1
634	-0.7554	_21042_	2
634	-0.7554	_21041_	2
634	-0.7554	_05550_	2
634	-0.7554	_44056_	1
634	-0.7554	_44054_	1
634	-0.7554	_44745_	1
634	-0.7554	_43654_	1
634	-0.7554	_02334_	2
634	-0.7554	_13668_	10
634	-0.7554	_13504_	10
634	-0.7554	_13334_	10
634	-0.7554	fdct_zigzag.dct_mod.dct_block_0.dct_unit_0.ddin[8]	82
635	-0.7554	_11984_	1
635	-0.7554	_27858_	1
635	-0.7554	_27829_	2
635	-0.7554	_27828_	2
635	-0.7554	_07408_	2
635	-0.7554	_42447_	1
635	-0.7554	_41409_	1
635	-0.7554	_41406_	1
635	-0.7554	_45922_	1
635	-0.7554	_00709_	2
635	-0.7554	_13689_	10
635	-0.7554	_13504_	10
635	-0.7554	_13334_	10
635	-0.7554	fdct_zigzag.dct_mod.dct_block_0.dct_unit_0.ddin[8]	82
636	-0.7554	_10617_	1
636	-0.7554	_19946_	1
636	-0.7554	_19917_	2
636	-0.7554	_19916_	2
636	-0.7554	_08170_	2
636	-0.7554	_42704_	1
636	-0.7554	_42661_	1
636	-0.7554	_42546_	1
636	-0.7554	_42501_	1
636	-0.7554	_01947_	2
636	-0.7554	_13541_	10
636	-0.7554	_13504_	10
636	-0.7554	_13334_	10
636	-0.7554	fdct_zigzag.dct_mod.dct_block_0.dct_unit_0.ddin[8]	82
637	-0.7553	_11780_	1
637	-0.7553	_26709_	1
637	-0.7553	_26680_	2
637	-0.7553	_26679_	2
637	-0.7553	_03568_	2
637	-0.7553	_39423_	1
637	-0.7553	_39391_	1
637	-0.7553	_39361_	1
637	-0.7553	_39332_	1
637	-0.7553	_00955_	2
637	-0.7553	_13395_	10
637	-0.7553	_13336_	10
637	-0.7553	_13334_	10
637	-0.7553	fdct_zigzag.dct_mod.dct_block_0.dct_unit_0.ddin[8]	82
638	-0.7553	_11739_	1
638	-0.7553	_26472_	1
638	-0.7553	_26444_	2
638	-0.7553	_26443_	2
638	-0.7553	_03530_	2
638	-0.7553	_39149_	1
638	-0.7553	_39111_	1
638	-0.7553	_39074_	1
638	-0.7553	_39034_	1
638	-0.7553	_00867_	2
638	-0.7553	_13413_	10
638	-0.7553	_13336_	10
638	-0.7553	_13334_	10
638	-0.7553	fdct_zigzag.dct_mod.dct_block_0.dct_unit_0.ddin[8]	82
639	-0.7552	_10343_	1
639	-0.7552	_18504_	1
639	-0.7552	_18455_	2
639	-0.7552	_18454_	2
639	-0.7552	_07383_	2
639	-0.7552	_45422_	1
639	-0.7552	_45419_	1
639	-0.7552	_47271_	1
639	-0.7552	_47153_	1
639	-0.7552	_01963_	2
639	-0.7552	_13636_	10
639	-0.7552	_13504_	10
639	-0.7552	_13334_	10
639	-0.7552	fdct_zigzag.dct_mod.dct_block_0.dct_unit_0.ddin[8]	82
640	-0.7552	_12215_	1
640	-0.7552	_29204_	1
640	-0.7552	_29175_	2
640	-0.7552	_29174_	2
640	-0.7552	_03512_	2
640	-0.7552	_47295_	1
640	-0.7552	_47242_	1
640	-0.7552	_47197_	1
640	-0.7552	_47137_	1
640	-0.7552	_01872_	2
640	-0.7552	_13712_	10
640	-0.7552	_13711_	10
640	-0.7552	_13334_	10
640	-0.7552	fdct_zigzag.dct_mod.dct_block_0.dct_unit_0.ddin[8]	82
641	-0.7552	_10244_	1
641	-0.7552	_17945_	1
641	-0.7552	_17917_	2
641	-0.7552	_17916_	2
641	-0.7552	_08161_	2
641	-0.7552	_44462_	1
641	-0.7552	_43945_	1
641	-0.7552	_43495_	1
641	-0.7552	_42967_	1
641	-0.7552	_02122_	2
641	-0.7552	_13505_	10
641	-0.7552	_13504_	10
641	-0.7552	_13334_	10
641	-0.7552	fdct_zigzag.dct_mod.dct_block_0.dct_unit_0.ddin[8]	82
642	-0.7552	_11522_	1
642	-0.7552	_25231_	1
642	-0.7552	_25186_	2
642	-0.7552	_25185_	2
642	-0.7552	_06324_	2
642	-0.7552	_42088_	1
642	-0.7552	_41060_	1
642	-0.7552	_38035_	1
642	-0.7552	_38032_	1
642	-0.7552	_02230_	2
642	-0.7552	_13576_	10
642	-0.7552	_13504_	10
642	-0.7552	_13334_	10
642	-0.7552	fdct_zigzag.dct_mod.dct_block_0.dct_unit_0.ddin[8]	82
643	-0.7552	_11367_	1
643	-0.7552	_24301_	1
643	-0.7552	_24272_	2
643	-0.7552	_24271_	2
643	-0.7552	_05956_	2
643	-0.7552	_45040_	1
643	-0.7552	_44628_	1
643	-0.7552	_43618_	1
643	-0.7552	_43242_	1
643	-0.7552	_02230_	2
643	-0.7552	_13576_	10
643	-0.7552	_13504_	10
643	-0.7552	_13334_	10
643	-0.7552	fdct_zigzag.dct_mod.dct_block_0.dct_unit_0.ddin[8]	82
644	-0.7551	_10558_	1
644	-0.7551	_19704_	1
644	-0.7551	_19677_	2
644	-0.7551	_19676_	2
644	-0.7551	_08837_	2
644	-0.7551	_38352_	1
644	-0.7551	_37844_	1
644	-0.7551	_37842_	1
644	-0.7551	_38046_	1
644	-0.7551	_00482_	2
644	-0.7551	_13445_	10
644	-0.7551	_13336_	10
644	-0.7551	_13334_	10
644	-0.7551	fdct_zigzag.dct_mod.dct_block_0.dct_unit_0.ddin[8]	82
645	-0.7551	_10890_	1
645	-0.7551	_21555_	1
645	-0.7551	_21525_	2
645	-0.7551	_21524_	2
645	-0.7551	_05695_	2
645	-0.7551	_43835_	1
645	-0.7551	_43832_	1
645	-0.7551	_47109_	1
645	-0.7551	_46558_	1
645	-0.7551	_03107_	2
645	-0.7551	_13486_	10
645	-0.7551	_13336_	10
645	-0.7551	_13334_	10
645	-0.7551	fdct_zigzag.dct_mod.dct_block_0.dct_unit_0.ddin[8]	82
646	-0.7551	_10734_	1
646	-0.7551	_20632_	1
646	-0.7551	_20603_	2
646	-0.7551	_20602_	2
646	-0.7551	_07204_	2
646	-0.7551	_40018_	1
646	-0.7551	_39990_	1
646	-0.7551	_39964_	1
646	-0.7551	_39938_	1
646	-0.7551	_01138_	2
646	-0.7551	_13361_	10
646	-0.7551	_13336_	10
646	-0.7551	_13334_	10
646	-0.7551	fdct_zigzag.dct_mod.dct_block_0.dct_unit_0.ddin[8]	82
647	-0.7551	_11165_	1
647	-0.7551	_23150_	1
647	-0.7551	_23103_	2
647	-0.7551	_23102_	2
647	-0.7551	_08050_	2
647	-0.7551	_41751_	1
647	-0.7551	_41748_	1
647	-0.7551	_44641_	1
647	-0.7551	_45493_	1
647	-0.7551	_00530_	2
647	-0.7551	_13445_	10
647	-0.7551	_13336_	10
647	-0.7551	_13334_	10
647	-0.7551	fdct_zigzag.dct_mod.dct_block_0.dct_unit_0.ddin[8]	82
648	-0.7551	_11661_	1
648	-0.7551	_26021_	1
648	-0.7551	_25992_	2
648	-0.7551	_25991_	2
648	-0.7551	_06264_	2
648	-0.7551	_38572_	1
648	-0.7551	_38540_	1
648	-0.7551	_38509_	1
648	-0.7551	_38470_	1
648	-0.7551	_00653_	2
648	-0.7551	_13445_	10
648	-0.7551	_13336_	10
648	-0.7551	_13334_	10
648	-0.7551	fdct_zigzag.dct_mod.dct_block_0.dct_unit_0.ddin[8]	82
649	-0.7551	_11660_	1
649	-0.7551	_26020_	1
649	-0.7551	_25970_	2
649	-0.7551	_25969_	2
649	-0.7551	_07231_	2
649	-0.7551	_38570_	1
649	-0.7551	_38537_	1
649	-0.7551	_38506_	1
649	-0.7551	_38468_	1
649	-0.7551	_00642_	2
649	-0.7551	_13445_	10
649	-0.7551	_13336_	10
649	-0.7551	_13334_	10
649	-0.7551	fdct_zigzag.dct_mod.dct_block_0.dct_unit_0.ddin[8]	82
650	-0.7551	_11622_	1
650	-0.7551	_25790_	1
650	-0.7551	_25762_	2
650	-0.7551	_25761_	2
650	-0.7551	_06229_	2
650	-0.7551	_38260_	1
650	-0.7551	_38221_	1
650	-0.7551	_38186_	1
650	-0.7551	_38141_	1
650	-0.7551	_00554_	2
650	-0.7551	_13463_	10
650	-0.7551	_13336_	10
650	-0.7551	_13334_	10
650	-0.7551	fdct_zigzag.dct_mod.dct_block_0.dct_unit_0.ddin[8]	82
651	-0.7551	_11621_	1
651	-0.7551	_25789_	1
651	-0.7551	_25740_	2
651	-0.7551	_25739_	2
651	-0.7551	_03936_	2
651	-0.7551	_38258_	1
651	-0.7551	_38218_	1
651	-0.7551	_38183_	1
651	-0.7551	_38139_	1
651	-0.7551	_00551_	2
651	-0.7551	_13463_	10
651	-0.7551	_13336_	10
651	-0.7551	_13334_	10
651	-0.7551	fdct_zigzag.dct_mod.dct_block_0.dct_unit_0.ddin[8]	82
652	-0.7551	_11700_	1
652	-0.7551	_26252_	1
652	-0.7551	_26223_	2
652	-0.7551	_26222_	2
652	-0.7551	_06316_	2
652	-0.7551	_38881_	1
652	-0.7551	_38842_	1
652	-0.7551	_38815_	1
652	-0.7551	_38775_	1
652	-0.7551	_00742_	2
652	-0.7551	_13413_	10
652	-0.7551	_13336_	10
652	-0.7551	_13334_	10
652	-0.7551	fdct_zigzag.dct_mod.dct_block_0.dct_unit_0.ddin[8]	82
653	-0.7547	_11329_	1
653	-0.7547	_24080_	1
653	-0.7547	_24049_	2
653	-0.7547	_07336_	2
653	-0.7547	_46772_	1
653	-0.7547	_46629_	1
653	-0.7547	_46456_	1
653	-0.7547	_45241_	2
653	-0.7547	_03039_	4
653	-0.7547	_13576_	10
653	-0.7547	_13504_	10
653	-0.7547	_13334_	10
653	-0.7547	fdct_zigzag.dct_mod.dct_block_0.dct_unit_0.ddin[8]	82
654	-0.7547	_12177_	1
654	-0.7547	_28972_	1
654	-0.7547	_28941_	2
654	-0.7547	_07803_	2
654	-0.7547	_45058_	1
654	-0.7547	_42227_	1
654	-0.7547	_42224_	1
654	-0.7547	_41588_	2
654	-0.7547	_02894_	4
654	-0.7547	_13541_	10
654	-0.7547	_13504_	10
654	-0.7547	_13334_	10
654	-0.7547	fdct_zigzag.dct_mod.dct_block_0.dct_unit_0.ddin[8]	82
655	-0.7546	_12024_	1
655	-0.7546	_28090_	1
655	-0.7546	_28060_	2
655	-0.7546	_06185_	2
655	-0.7546	_40054_	1
655	-0.7546	_40052_	1
655	-0.7546	_39682_	1
655	-0.7546	_39680_	2
655	-0.7546	_01055_	4
655	-0.7546	_13337_	10
655	-0.7546	_13336_	10
655	-0.7546	_13334_	10
655	-0.7546	fdct_zigzag.dct_mod.dct_block_0.dct_unit_0.ddin[8]	82
656	-0.7545	_11126_	1
656	-0.7545	_22926_	1
656	-0.7545	_22878_	2
656	-0.7545	_22877_	2
656	-0.7545	_07449_	2
656	-0.7545	_41462_	1
656	-0.7545	_40960_	1
656	-0.7545	_40943_	1
656	-0.7545	_40919_	1
656	-0.7545	_01383_	2
656	-0.7545	_13782_	10
656	-0.7545	_13711_	10
656	-0.7545	_13334_	10
656	-0.7545	fdct_zigzag.dct_mod.dct_block_0.dct_unit_0.ddin[8]	82
657	-0.7543	_10506_	1
657	-0.7543	_19412_	1
657	-0.7543	_19384_	2
657	-0.7543	_19383_	2
657	-0.7543	_07547_	2
657	-0.7543	_44710_	1
657	-0.7543	_44271_	1
657	-0.7543	_44269_	1
657	-0.7543	_40610_	1
657	-0.7543	_01310_	2
657	-0.7543	_13851_	10
657	-0.7543	_13711_	10
657	-0.7543	_13334_	10
657	-0.7543	fdct_zigzag.dct_mod.dct_block_0.dct_unit_0.ddin[8]	82
658	-0.7543	_12214_	1
658	-0.7543	_29203_	1
658	-0.7543	_29153_	2
658	-0.7543	_29152_	2
658	-0.7543	_04393_	2
658	-0.7543	_47293_	1
658	-0.7543	_47239_	1
658	-0.7543	_47194_	1
658	-0.7543	_47131_	1
658	-0.7543	_03316_	2
658	-0.7543	_13712_	10
658	-0.7543	_13711_	10
658	-0.7543	_13334_	10
658	-0.7543	fdct_zigzag.dct_mod.dct_block_0.dct_unit_0.ddin[8]	82
659	-0.7542	_10066_	1
659	-0.7542	_16935_	1
659	-0.7542	_16903_	2
659	-0.7542	_07917_	2
659	-0.7542	_42135_	1
659	-0.7542	_42132_	1
659	-0.7542	_42061_	1
659	-0.7542	_42057_	2
659	-0.7542	_01586_	4
659	-0.7542	_13603_	10
659	-0.7542	_13504_	10
659	-0.7542	_13334_	10
659	-0.7542	fdct_zigzag.dct_mod.dct_block_0.dct_unit_0.ddin[8]	82
660	-0.7541	_10557_	1
660	-0.7541	_19703_	1
660	-0.7541	_19658_	2
660	-0.7541	_19656_	1
660	-0.7541	_08837_	2
660	-0.7541	_38352_	1
660	-0.7541	_37844_	1
660	-0.7541	_37842_	1
660	-0.7541	_38046_	1
660	-0.7541	_00482_	2
660	-0.7541	_13445_	10
660	-0.7541	_13336_	10
660	-0.7541	_13334_	10
660	-0.7541	fdct_zigzag.dct_mod.dct_block_0.dct_unit_0.ddin[8]	82
661	-0.7541	_10889_	1
661	-0.7541	_21554_	1
661	-0.7541	_21506_	2
661	-0.7541	_21504_	1
661	-0.7541	_05695_	2
661	-0.7541	_43835_	1
661	-0.7541	_43832_	1
661	-0.7541	_47109_	1
661	-0.7541	_46558_	1
661	-0.7541	_03107_	2
661	-0.7541	_13486_	10
661	-0.7541	_13336_	10
661	-0.7541	_13334_	10
661	-0.7541	fdct_zigzag.dct_mod.dct_block_0.dct_unit_0.ddin[8]	82
662	-0.7541	_10733_	1
662	-0.7541	_20631_	1
662	-0.7541	_20581_	2
662	-0.7541	_20579_	1
662	-0.7541	_07204_	2
662	-0.7541	_40018_	1
662	-0.7541	_39990_	1
662	-0.7541	_39964_	1
662	-0.7541	_39938_	1
662	-0.7541	_01138_	2
662	-0.7541	_13361_	10
662	-0.7541	_13336_	10
662	-0.7541	_13334_	10
662	-0.7541	fdct_zigzag.dct_mod.dct_block_0.dct_unit_0.ddin[8]	82
663	-0.7533	_10505_	1
663	-0.7533	_19411_	1
663	-0.7533	_19363_	2
663	-0.7533	_19361_	1
663	-0.7533	_07547_	2
663	-0.7533	_44710_	1
663	-0.7533	_44271_	1
663	-0.7533	_44269_	1
663	-0.7533	_40610_	1
663	-0.7533	_01310_	2
663	-0.7533	_13851_	10
663	-0.7533	_13711_	10
663	-0.7533	_13334_	10
663	-0.7533	fdct_zigzag.dct_mod.dct_block_0.dct_unit_0.ddin[8]	82
664	-0.7529	_13192_	1
664	-0.7529	_33139_	1
664	-0.7529	_33138_	1
664	-0.7529	_33136_	1
664	-0.7529	_05581_	3
664	-0.7529	_47423_	1
664	-0.7529	_47421_	1
664	-0.7529	_44386_	1
664	-0.7529	_40406_	2
664	-0.7529	_03292_	1
664	-0.7529	_13546_	10
664	-0.7529	_13504_	10
664	-0.7529	_13334_	10
664	-0.7529	fdct_zigzag.dct_mod.dct_block_0.dct_unit_0.ddin[8]	82
665	-0.7527	_12417_	1
665	-0.7527	_30334_	1
665	-0.7527	_30289_	2
665	-0.7527	_30288_	1
665	-0.7527	_08791_	2
665	-0.7527	_47322_	1
665	-0.7527	_46420_	1
665	-0.7527	_44364_	1
665	-0.7527	_40729_	1
665	-0.7527	_01342_	1
665	-0.7527	_13860_	10
665	-0.7527	_13711_	10
665	-0.7527	_13334_	10
665	-0.7527	fdct_zigzag.dct_mod.dct_block_0.dct_unit_0.ddin[8]	82
666	-0.7516	_10306_	1
666	-0.7516	_18280_	1
666	-0.7516	_18247_	2
666	-0.7516	_05723_	2
666	-0.7516	_46090_	1
666	-0.7516	_45886_	1
666	-0.7516	_45307_	1
666	-0.7516	_45172_	1
666	-0.7516	_00850_	4
666	-0.7516	_13395_	10
666	-0.7516	_13336_	10
666	-0.7516	_13334_	10
666	-0.7516	fdct_zigzag.dct_mod.dct_block_0.dct_unit_0.ddin[8]	82
667	-0.7512	_12458_	1
667	-0.7512	_30569_	1
667	-0.7512	_30537_	2
667	-0.7512	_07332_	2
667	-0.7512	_47361_	1
667	-0.7512	_43285_	1
667	-0.7512	_41806_	1
667	-0.7512	_40302_	1
667	-0.7512	_00850_	4
667	-0.7512	_13395_	10
667	-0.7512	_13336_	10
667	-0.7512	_13334_	10
667	-0.7512	fdct_zigzag.dct_mod.dct_block_0.dct_unit_0.ddin[8]	82
668	-0.7501	_11861_	1
668	-0.7501	_27161_	1
668	-0.7501	_27133_	2
668	-0.7501	_27131_	2
668	-0.7501	_08393_	2
668	-0.7501	_41886_	1
668	-0.7501	_41674_	1
668	-0.7501	_41562_	1
668	-0.7501	_41483_	1
668	-0.7501	_01573_	2
668	-0.7501	_13541_	10
668	-0.7501	_13504_	10
668	-0.7501	_13334_	10
668	-0.7501	fdct_zigzag.dct_mod.dct_block_0.dct_unit_0.ddin[8]	82
669	-0.7500	_11049_	1
669	-0.7500	_22461_	1
669	-0.7500	_22434_	2
669	-0.7500	_22432_	2
669	-0.7500	_07674_	2
669	-0.7500	_40585_	1
669	-0.7500	_40558_	1
669	-0.7500	_40529_	1
669	-0.7500	_40505_	1
669	-0.7500	_00867_	2
669	-0.7500	_13413_	10
669	-0.7500	_13336_	10
669	-0.7500	_13334_	10
669	-0.7500	fdct_zigzag.dct_mod.dct_block_0.dct_unit_0.ddin[8]	82
670	-0.7499	_10344_	1
670	-0.7499	_18505_	1
670	-0.7499	_18477_	2
670	-0.7499	_18475_	2
670	-0.7499	_06726_	2
670	-0.7499	_45429_	1
670	-0.7499	_45426_	1
670	-0.7499	_47274_	1
670	-0.7499	_47155_	1
670	-0.7499	_03066_	2
670	-0.7499	_13636_	10
670	-0.7499	_13504_	10
670	-0.7499	_13334_	10
670	-0.7499	fdct_zigzag.dct_mod.dct_block_0.dct_unit_0.ddin[8]	82
671	-0.7499	_11127_	1
671	-0.7499	_22927_	1
671	-0.7499	_22898_	2
671	-0.7499	_22896_	2
671	-0.7499	_07463_	2
671	-0.7499	_47343_	1
671	-0.7499	_42279_	1
671	-0.7499	_42277_	1
671	-0.7499	_42295_	1
671	-0.7499	_00569_	2
671	-0.7499	_13782_	10
671	-0.7499	_13711_	10
671	-0.7499	_13334_	10
671	-0.7499	fdct_zigzag.dct_mod.dct_block_0.dct_unit_0.ddin[8]	82
672	-0.7499	_11523_	1
672	-0.7499	_25232_	1
672	-0.7499	_25207_	2
672	-0.7499	_25205_	2
672	-0.7499	_06094_	2
672	-0.7499	_42093_	1
672	-0.7499	_42090_	1
672	-0.7499	_38346_	1
672	-0.7499	_38343_	1
672	-0.7499	_02829_	2
672	-0.7499	_13576_	10
672	-0.7499	_13504_	10
672	-0.7499	_13334_	10
672	-0.7499	fdct_zigzag.dct_mod.dct_block_0.dct_unit_0.ddin[8]	82
673	-0.7498	_10655_	1
673	-0.7498	_20175_	1
673	-0.7498	_20129_	2
673	-0.7498	_20123_	2
673	-0.7498	_06389_	2
673	-0.7498	_41235_	1
673	-0.7498	_41232_	1
673	-0.7498	_47004_	1
673	-0.7498	_46910_	1
673	-0.7498	_01840_	2
673	-0.7498	_13486_	10
673	-0.7498	_13336_	10
673	-0.7498	_13334_	10
673	-0.7498	fdct_zigzag.dct_mod.dct_block_0.dct_unit_0.ddin[8]	82
674	-0.7486	_12418_	1
674	-0.7486	_30335_	1
674	-0.7486	_30308_	2
674	-0.7486	_30307_	2
674	-0.7486	_08791_	2
674	-0.7486	_47322_	1
674	-0.7486	_46420_	1
674	-0.7486	_44364_	1
674	-0.7486	_40729_	1
674	-0.7486	_01342_	1
674	-0.7486	_13860_	10
674	-0.7486	_13711_	10
674	-0.7486	_13334_	10
674	-0.7486	fdct_zigzag.dct_mod.dct_block_0.dct_unit_0.ddin[8]	82
675	-0.7484	_11166_	1
675	-0.7484	_23151_	1
675	-0.7484	_23123_	2
675	-0.7484	_23122_	2
675	-0.7484	_04220_	2
675	-0.7484	_47367_	1
675	-0.7484	_45112_	1
675	-0.7484	_43791_	1
675	-0.7484	_43788_	1
675	-0.7484	_02986_	1
675	-0.7484	_13753_	10
675	-0.7484	_13711_	10
675	-0.7484	_13334_	10
675	-0.7484	fdct_zigzag.dct_mod.dct_block_0.dct_unit_0.ddin[8]	82
676	-0.7484	_11905_	1
676	-0.7484	_27393_	1
676	-0.7484	_27347_	2
676	-0.7484	_27346_	2
676	-0.7484	_06451_	2
676	-0.7484	_44397_	1
676	-0.7484	_44287_	1
676	-0.7484	_44208_	1
676	-0.7484	_44080_	1
676	-0.7484	_02474_	1
676	-0.7484	_13668_	10
676	-0.7484	_13504_	10
676	-0.7484	_13334_	10
676	-0.7484	fdct_zigzag.dct_mod.dct_block_0.dct_unit_0.ddin[8]	82
677	-0.7484	_12256_	1
677	-0.7484	_29427_	1
677	-0.7484	_29377_	2
677	-0.7484	_29376_	2
677	-0.7484	_07600_	2
677	-0.7484	_46538_	1
677	-0.7484	_46482_	1
677	-0.7484	_46453_	1
677	-0.7484	_46356_	1
677	-0.7484	_03079_	1
677	-0.7484	_13726_	10
677	-0.7484	_13711_	10
677	-0.7484	_13334_	10
677	-0.7484	fdct_zigzag.dct_mod.dct_block_0.dct_unit_0.ddin[8]	82
678	-0.7449	_11553_	1
678	-0.7449	_25394_	1
678	-0.7449	_25393_	1
678	-0.7449	_05581_	3
678	-0.7449	_47423_	1
678	-0.7449	_47421_	1
678	-0.7449	_44386_	1
678	-0.7449	_40406_	2
678	-0.7449	_03292_	1
678	-0.7449	_13546_	10
678	-0.7449	_13504_	10
678	-0.7449	_13334_	10
678	-0.7449	fdct_zigzag.dct_mod.dct_block_0.dct_unit_0.ddin[8]	82
679	-0.7434	_10468_	1
679	-0.7434	_19180_	1
679	-0.7434	_19151_	2
679	-0.7434	_05820_	2
679	-0.7434	_45845_	1
679	-0.7434	_45765_	1
679	-0.7434	_45402_	1
679	-0.7434	_45364_	1
679	-0.7434	_02827_	3
679	-0.7434	_13737_	10
679	-0.7434	_13711_	10
679	-0.7434	_13334_	10
679	-0.7434	fdct_zigzag.dct_mod.dct_block_0.dct_unit_0.ddin[8]	82
680	-0.7431	_12379_	1
680	-0.7431	_30104_	1
680	-0.7431	_30077_	2
680	-0.7431	_30075_	2
680	-0.7431	_03853_	2
680	-0.7431	_41818_	1
680	-0.7431	_41794_	1
680	-0.7431	_41791_	1
680	-0.7431	_44308_	1
680	-0.7431	_02556_	1
680	-0.7431	_13851_	10
680	-0.7431	_13711_	10
680	-0.7431	_13334_	10
680	-0.7431	fdct_zigzag.dct_mod.dct_block_0.dct_unit_0.ddin[8]	82
681	-0.7429	_10968_	1
681	-0.7429	_22003_	1
681	-0.7429	_21975_	2
681	-0.7429	_21974_	2
681	-0.7429	_08489_	2
681	-0.7429	_42239_	1
681	-0.7429	_39525_	1
681	-0.7429	_39522_	1
681	-0.7429	_40441_	1
681	-0.7429	_01809_	1
681	-0.7429	_13827_	10
681	-0.7429	_13711_	10
681	-0.7429	_13334_	10
681	-0.7429	fdct_zigzag.dct_mod.dct_block_0.dct_unit_0.ddin[8]	82
682	-0.7429	_11906_	1
682	-0.7429	_27395_	1
682	-0.7429	_27366_	2
682	-0.7429	_27365_	2
682	-0.7429	_07394_	2
682	-0.7429	_44399_	1
682	-0.7429	_44290_	1
682	-0.7429	_44211_	1
682	-0.7429	_44082_	1
682	-0.7429	_02476_	1
682	-0.7429	_13668_	10
682	-0.7429	_13504_	10
682	-0.7429	_13334_	10
682	-0.7429	fdct_zigzag.dct_mod.dct_block_0.dct_unit_0.ddin[8]	82
683	-0.7429	_12257_	1
683	-0.7429	_29428_	1
683	-0.7429	_29399_	2
683	-0.7429	_29398_	2
683	-0.7429	_06918_	2
683	-0.7429	_46540_	1
683	-0.7429	_46485_	1
683	-0.7429	_46459_	1
683	-0.7429	_46358_	1
683	-0.7429	_03081_	1
683	-0.7429	_13726_	10
683	-0.7429	_13711_	10
683	-0.7429	_13334_	10
683	-0.7429	fdct_zigzag.dct_mod.dct_block_0.dct_unit_0.ddin[8]	82
684	-0.7429	_11009_	1
684	-0.7429	_22228_	1
684	-0.7429	_22183_	2
684	-0.7429	_22182_	2
684	-0.7429	_06702_	2
684	-0.7429	_40366_	1
684	-0.7429	_40337_	1
684	-0.7429	_39453_	1
684	-0.7429	_39450_	1
684	-0.7429	_02191_	1
684	-0.7429	_13816_	10
684	-0.7429	_13711_	10
684	-0.7429	_13334_	10
684	-0.7429	fdct_zigzag.dct_mod.dct_block_0.dct_unit_0.ddin[8]	82
685	-0.7393	_11287_	1
685	-0.7393	_23849_	1
685	-0.7393	_23817_	2
685	-0.7393	_05195_	2
685	-0.7393	_44804_	1
685	-0.7393	_44303_	1
685	-0.7393	_43509_	1
685	-0.7393	_43175_	1
685	-0.7393	_01619_	3
685	-0.7393	_13546_	10
685	-0.7393	_13504_	10
685	-0.7393	_13334_	10
685	-0.7393	fdct_zigzag.dct_mod.dct_block_0.dct_unit_0.ddin[8]	82
686	-0.7393	_12496_	1
686	-0.7393	_30798_	1
686	-0.7393	_30766_	2
686	-0.7393	_08906_	2
686	-0.7393	_47203_	1
686	-0.7393	_47061_	1
686	-0.7393	_46958_	1
686	-0.7393	_46882_	1
686	-0.7393	_01572_	3
686	-0.7393	_13541_	10
686	-0.7393	_13504_	10
686	-0.7393	_13334_	10
686	-0.7393	fdct_zigzag.dct_mod.dct_block_0.dct_unit_0.ddin[8]	82
687	-0.7392	_10384_	1
687	-0.7392	_18740_	1
687	-0.7392	_18709_	2
687	-0.7392	_05774_	2
687	-0.7392	_41069_	1
687	-0.7392	_41066_	1
687	-0.7392	_41126_	1
687	-0.7392	_43359_	1
687	-0.7392	_00419_	3
687	-0.7392	_13480_	10
687	-0.7392	_13336_	10
687	-0.7392	_13334_	10
687	-0.7392	fdct_zigzag.dct_mod.dct_block_0.dct_unit_0.ddin[8]	82
688	-0.7392	_11206_	1
688	-0.7392	_23390_	1
688	-0.7392	_23359_	2
688	-0.7392	_07065_	2
688	-0.7392	_44017_	1
688	-0.7392	_43892_	1
688	-0.7392	_43757_	1
688	-0.7392	_43552_	1
688	-0.7392	_00436_	3
688	-0.7392	_13480_	10
688	-0.7392	_13336_	10
688	-0.7392	_13334_	10
688	-0.7392	fdct_zigzag.dct_mod.dct_block_0.dct_unit_0.ddin[8]	82
689	-0.7392	_11823_	1
689	-0.7392	_26941_	1
689	-0.7392	_26914_	2
689	-0.7392	_06504_	2
689	-0.7392	_39752_	1
689	-0.7392	_39714_	1
689	-0.7392	_39679_	1
689	-0.7392	_39642_	1
689	-0.7392	_01053_	3
689	-0.7392	_13377_	10
689	-0.7392	_13336_	10
689	-0.7392	_13334_	10
689	-0.7392	fdct_zigzag.dct_mod.dct_block_0.dct_unit_0.ddin[8]	82
690	-0.7388	_12341_	1
690	-0.7388	_29882_	1
690	-0.7388	_29851_	2
690	-0.7388	_08085_	2
690	-0.7388	_45652_	1
690	-0.7388	_39807_	1
690	-0.7388	_39804_	1
690	-0.7388	_43362_	1
690	-0.7388	_00739_	3
690	-0.7388	_13413_	10
690	-0.7388	_13336_	10
690	-0.7388	_13334_	10
690	-0.7388	fdct_zigzag.dct_mod.dct_block_0.dct_unit_0.ddin[8]	82
691	-0.7384	_12303_	1
691	-0.7384	_29661_	1
691	-0.7384	_29630_	2
691	-0.7384	_07472_	2
691	-0.7384	_45715_	1
691	-0.7384	_45674_	1
691	-0.7384	_45553_	1
691	-0.7384	_45476_	1
691	-0.7384	_02827_	3
691	-0.7384	_13737_	10
691	-0.7384	_13711_	10
691	-0.7384	_13334_	10
691	-0.7384	fdct_zigzag.dct_mod.dct_block_0.dct_unit_0.ddin[8]	82
692	-0.7378	_10656_	1
692	-0.7378	_20176_	1
692	-0.7378	_20149_	2
692	-0.7378	_20147_	2
692	-0.7378	_07251_	2
692	-0.7378	_41188_	1
692	-0.7378	_41185_	1
692	-0.7378	_47007_	1
692	-0.7378	_46912_	1
692	-0.7378	_03247_	1
692	-0.7378	_13505_	10
692	-0.7378	_13504_	10
692	-0.7378	_13334_	10
692	-0.7378	fdct_zigzag.dct_mod.dct_block_0.dct_unit_0.ddin[8]	82
693	-0.7376	_11010_	1
693	-0.7376	_22229_	1
693	-0.7376	_22201_	2
693	-0.7376	_22199_	2
693	-0.7376	_07849_	2
693	-0.7376	_42774_	1
693	-0.7376	_42771_	1
693	-0.7376	_39458_	1
693	-0.7376	_39455_	1
693	-0.7376	_02196_	1
693	-0.7376	_13816_	10
693	-0.7376	_13711_	10
693	-0.7376	_13334_	10
693	-0.7376	fdct_zigzag.dct_mod.dct_block_0.dct_unit_0.ddin[8]	82
694	-0.7371	_10027_	1
694	-0.7371	_16676_	1
694	-0.7371	_16643_	2
694	-0.7371	_07156_	2
694	-0.7371	_44535_	1
694	-0.7371	_44533_	1
694	-0.7371	_40534_	1
694	-0.7371	_40531_	1
694	-0.7371	_01931_	3
694	-0.7371	_13603_	10
694	-0.7371	_13504_	10
694	-0.7371	_13334_	10
694	-0.7371	fdct_zigzag.dct_mod.dct_block_0.dct_unit_0.ddin[8]	82
695	-0.7326	_11585_	1
695	-0.7326	_25569_	1
695	-0.7326	_25537_	2
695	-0.7326	_07239_	2
695	-0.7326	_37979_	1
695	-0.7326	_37936_	1
695	-0.7326	_37905_	1
695	-0.7326	_37866_	1
695	-0.7326	_00436_	3
695	-0.7326	_13480_	10
695	-0.7326	_13336_	10
695	-0.7326	_13334_	10
695	-0.7326	fdct_zigzag.dct_mod.dct_block_0.dct_unit_0.ddin[8]	82
696	-0.7322	_12138_	1
696	-0.7322	_28741_	1
696	-0.7322	_28711_	2
696	-0.7322	_05641_	2
696	-0.7322	_45387_	1
696	-0.7322	_42759_	1
696	-0.7322	_42757_	1
696	-0.7322	_43687_	1
696	-0.7322	_02350_	2
696	-0.7322	_13668_	10
696	-0.7322	_13504_	10
696	-0.7322	_13334_	10
696	-0.7322	fdct_zigzag.dct_mod.dct_block_0.dct_unit_0.ddin[8]	82
697	-0.7313	_10105_	1
697	-0.7313	_17157_	1
697	-0.7313	_17128_	2
697	-0.7313	_08229_	2
697	-0.7313	_43598_	1
697	-0.7313	_41096_	1
697	-0.7313	_41093_	1
697	-0.7313	_43638_	1
697	-0.7313	_02121_	2
697	-0.7313	_13603_	10
697	-0.7313	_13504_	10
697	-0.7313	_13334_	10
697	-0.7313	fdct_zigzag.dct_mod.dct_block_0.dct_unit_0.ddin[8]	82
698	-0.7291	_10426_	1
698	-0.7291	_18968_	1
698	-0.7291	_18940_	2
698	-0.7291	_08820_	2
698	-0.7291	_43132_	1
698	-0.7291	_43129_	1
698	-0.7291	_45109_	1
698	-0.7291	_42252_	1
698	-0.7291	_01333_	2
698	-0.7291	_13782_	10
698	-0.7291	_13711_	10
698	-0.7291	_13334_	10
698	-0.7291	fdct_zigzag.dct_mod.dct_block_0.dct_unit_0.ddin[8]	82
699	-0.7285	_10774_	1
699	-0.7285	_20858_	1
699	-0.7285	_20826_	2
699	-0.7285	_03501_	2
699	-0.7285	_40282_	1
699	-0.7285	_40247_	1
699	-0.7285	_40216_	1
699	-0.7285	_40181_	1
699	-0.7285	_01057_	6
699	-0.7285	_13335_	10
699	-0.7285	_13334_	10
699	-0.7285	fdct_zigzag.dct_mod.dct_block_0.dct_unit_0.ddin[8]	82
700	-0.7269	_10812_	1
700	-0.7269	_21088_	1
700	-0.7269	_21041_	2
700	-0.7269	_05550_	2
700	-0.7269	_44056_	1
700	-0.7269	_44054_	1
700	-0.7269	_44745_	1
700	-0.7269	_43654_	1
700	-0.7269	_02334_	2
700	-0.7269	_13668_	10
700	-0.7269	_13504_	10
700	-0.7269	_13334_	10
700	-0.7269	fdct_zigzag.dct_mod.dct_block_0.dct_unit_0.ddin[8]	82
701	-0.7269	_11985_	1
701	-0.7269	_27859_	1
701	-0.7269	_27828_	2
701	-0.7269	_07408_	2
701	-0.7269	_42447_	1
701	-0.7269	_41409_	1
701	-0.7269	_41406_	1
701	-0.7269	_45922_	1
701	-0.7269	_00709_	2
701	-0.7269	_13689_	10
701	-0.7269	_13504_	10
701	-0.7269	_13334_	10
701	-0.7269	fdct_zigzag.dct_mod.dct_block_0.dct_unit_0.ddin[8]	82
702	-0.7269	_12216_	1
702	-0.7269	_29205_	1
702	-0.7269	_29174_	2
702	-0.7269	_03512_	2
702	-0.7269	_47295_	1
702	-0.7269	_47242_	1
702	-0.7269	_47197_	1
702	-0.7269	_47137_	1
702	-0.7269	_01872_	2
702	-0.7269	_13712_	10
702	-0.7269	_13711_	10
702	-0.7269	_13334_	10
702	-0.7269	fdct_zigzag.dct_mod.dct_block_0.dct_unit_0.ddin[8]	82
703	-0.7269	_10245_	1
703	-0.7269	_17947_	1
703	-0.7269	_17916_	2
703	-0.7269	_08161_	2
703	-0.7269	_44462_	1
703	-0.7269	_43945_	1
703	-0.7269	_43495_	1
703	-0.7269	_42967_	1
703	-0.7269	_02122_	2
703	-0.7269	_13505_	10
703	-0.7269	_13504_	10
703	-0.7269	_13334_	10
703	-0.7269	fdct_zigzag.dct_mod.dct_block_0.dct_unit_0.ddin[8]	82
704	-0.7269	_10618_	1
704	-0.7269	_19947_	1
704	-0.7269	_19916_	2
704	-0.7269	_08170_	2
704	-0.7269	_42704_	1
704	-0.7269	_42661_	1
704	-0.7269	_42546_	1
704	-0.7269	_42501_	1
704	-0.7269	_01947_	2
704	-0.7269	_13541_	10
704	-0.7269	_13504_	10
704	-0.7269	_13334_	10
704	-0.7269	fdct_zigzag.dct_mod.dct_block_0.dct_unit_0.ddin[8]	82
705	-0.7269	_11368_	1
705	-0.7269	_24302_	1
705	-0.7269	_24271_	2
705	-0.7269	_05956_	2
705	-0.7269	_45040_	1
705	-0.7269	_44628_	1
705	-0.7269	_43618_	1
705	-0.7269	_43242_	1
705	-0.7269	_02230_	2
705	-0.7269	_13576_	10
705	-0.7269	_13504_	10
705	-0.7269	_13334_	10
705	-0.7269	fdct_zigzag.dct_mod.dct_block_0.dct_unit_0.ddin[8]	82
706	-0.7269	_10559_	1
706	-0.7269	_19705_	1
706	-0.7269	_19676_	2
706	-0.7269	_08837_	2
706	-0.7269	_38352_	1
706	-0.7269	_37844_	1
706	-0.7269	_37842_	1
706	-0.7269	_38046_	1
706	-0.7269	_00482_	2
706	-0.7269	_13445_	10
706	-0.7269	_13336_	10
706	-0.7269	_13334_	10
706	-0.7269	fdct_zigzag.dct_mod.dct_block_0.dct_unit_0.ddin[8]	82
707	-0.7269	_10891_	1
707	-0.7269	_21556_	1
707	-0.7269	_21524_	2
707	-0.7269	_05695_	2
707	-0.7269	_43835_	1
707	-0.7269	_43832_	1
707	-0.7269	_47109_	1
707	-0.7269	_46558_	1
707	-0.7269	_03107_	2
707	-0.7269	_13486_	10
707	-0.7269	_13336_	10
707	-0.7269	_13334_	10
707	-0.7269	fdct_zigzag.dct_mod.dct_block_0.dct_unit_0.ddin[8]	82
708	-0.7269	_10735_	1
708	-0.7269	_20633_	1
708	-0.7269	_20602_	2
708	-0.7269	_07204_	2
708	-0.7269	_40018_	1
708	-0.7269	_39990_	1
708	-0.7269	_39964_	1
708	-0.7269	_39938_	1
708	-0.7269	_01138_	2
708	-0.7269	_13361_	10
708	-0.7269	_13336_	10
708	-0.7269	_13334_	10
708	-0.7269	fdct_zigzag.dct_mod.dct_block_0.dct_unit_0.ddin[8]	82
709	-0.7269	_11781_	1
709	-0.7269	_26710_	1
709	-0.7269	_26679_	2
709	-0.7269	_03568_	2
709	-0.7269	_39423_	1
709	-0.7269	_39391_	1
709	-0.7269	_39361_	1
709	-0.7269	_39332_	1
709	-0.7269	_00955_	2
709	-0.7269	_13395_	10
709	-0.7269	_13336_	10
709	-0.7269	_13334_	10
709	-0.7269	fdct_zigzag.dct_mod.dct_block_0.dct_unit_0.ddin[8]	82
710	-0.7269	_11740_	1
710	-0.7269	_26473_	1
710	-0.7269	_26443_	2
710	-0.7269	_03530_	2
710	-0.7269	_39149_	1
710	-0.7269	_39111_	1
710	-0.7269	_39074_	1
710	-0.7269	_39034_	1
710	-0.7269	_00867_	2
710	-0.7269	_13413_	10
710	-0.7269	_13336_	10
710	-0.7269	_13334_	10
710	-0.7269	fdct_zigzag.dct_mod.dct_block_0.dct_unit_0.ddin[8]	82
711	-0.7269	_11662_	1
711	-0.7269	_26022_	1
711	-0.7269	_25991_	2
711	-0.7269	_06264_	2
711	-0.7269	_38572_	1
711	-0.7269	_38540_	1
711	-0.7269	_38509_	1
711	-0.7269	_38470_	1
711	-0.7269	_00653_	2
711	-0.7269	_13445_	10
711	-0.7269	_13336_	10
711	-0.7269	_13334_	10
711	-0.7269	fdct_zigzag.dct_mod.dct_block_0.dct_unit_0.ddin[8]	82
712	-0.7269	_11623_	1
712	-0.7269	_25791_	1
712	-0.7269	_25761_	2
712	-0.7269	_06229_	2
712	-0.7269	_38260_	1
712	-0.7269	_38221_	1
712	-0.7269	_38186_	1
712	-0.7269	_38141_	1
712	-0.7269	_00554_	2
712	-0.7269	_13463_	10
712	-0.7269	_13336_	10
712	-0.7269	_13334_	10
712	-0.7269	fdct_zigzag.dct_mod.dct_block_0.dct_unit_0.ddin[8]	82
713	-0.7269	_11701_	1
713	-0.7269	_26253_	1
713	-0.7269	_26222_	2
713	-0.7269	_06316_	2
713	-0.7269	_38881_	1
713	-0.7269	_38842_	1
713	-0.7269	_38815_	1
713	-0.7269	_38775_	1
713	-0.7269	_00742_	2
713	-0.7269	_13413_	10
713	-0.7269	_13336_	10
713	-0.7269	_13334_	10
713	-0.7269	fdct_zigzag.dct_mod.dct_block_0.dct_unit_0.ddin[8]	82
714	-0.7265	_10345_	1
714	-0.7265	_18506_	1
714	-0.7265	_18475_	2
714	-0.7265	_06726_	2
714	-0.7265	_45429_	1
714	-0.7265	_45426_	1
714	-0.7265	_47274_	1
714	-0.7265	_47155_	1
714	-0.7265	_03066_	2
714	-0.7265	_13636_	10
714	-0.7265	_13504_	10
714	-0.7265	_13334_	10
714	-0.7265	fdct_zigzag.dct_mod.dct_block_0.dct_unit_0.ddin[8]	82
715	-0.7265	_11128_	1
715	-0.7265	_22928_	1
715	-0.7265	_22896_	2
715	-0.7265	_07463_	2
715	-0.7265	_47343_	1
715	-0.7265	_42279_	1
715	-0.7265	_42277_	1
715	-0.7265	_42295_	1
715	-0.7265	_00569_	2
715	-0.7265	_13782_	10
715	-0.7265	_13711_	10
715	-0.7265	_13334_	10
715	-0.7265	fdct_zigzag.dct_mod.dct_block_0.dct_unit_0.ddin[8]	82
716	-0.7265	_11524_	1
716	-0.7265	_25235_	1
716	-0.7265	_25205_	2
716	-0.7265	_06094_	2
716	-0.7265	_42093_	1
716	-0.7265	_42090_	1
716	-0.7265	_38346_	1
716	-0.7265	_38343_	1
716	-0.7265	_02829_	2
716	-0.7265	_13576_	10
716	-0.7265	_13504_	10
716	-0.7265	_13334_	10
716	-0.7265	fdct_zigzag.dct_mod.dct_block_0.dct_unit_0.ddin[8]	82
717	-0.7265	_11862_	1
717	-0.7265	_27162_	1
717	-0.7265	_27131_	2
717	-0.7265	_08393_	2
717	-0.7265	_41886_	1
717	-0.7265	_41674_	1
717	-0.7265	_41562_	1
717	-0.7265	_41483_	1
717	-0.7265	_01573_	2
717	-0.7265	_13541_	10
717	-0.7265	_13504_	10
717	-0.7265	_13334_	10
717	-0.7265	fdct_zigzag.dct_mod.dct_block_0.dct_unit_0.ddin[8]	82
718	-0.7264	_11050_	1
718	-0.7264	_22462_	1
718	-0.7264	_22432_	2
718	-0.7264	_07674_	2
718	-0.7264	_40585_	1
718	-0.7264	_40558_	1
718	-0.7264	_40529_	1
718	-0.7264	_40505_	1
718	-0.7264	_00867_	2
718	-0.7264	_13413_	10
718	-0.7264	_13336_	10
718	-0.7264	_13334_	10
718	-0.7264	fdct_zigzag.dct_mod.dct_block_0.dct_unit_0.ddin[8]	82
719	-0.7260	_10507_	1
719	-0.7260	_19413_	1
719	-0.7260	_19383_	2
719	-0.7260	_07547_	2
719	-0.7260	_44710_	1
719	-0.7260	_44271_	1
719	-0.7260	_44269_	1
719	-0.7260	_40610_	1
719	-0.7260	_01310_	2
719	-0.7260	_13851_	10
719	-0.7260	_13711_	10
719	-0.7260	_13334_	10
719	-0.7260	fdct_zigzag.dct_mod.dct_block_0.dct_unit_0.ddin[8]	82
720	-0.7202	_11167_	1
720	-0.7202	_23152_	1
720	-0.7202	_23122_	2
720	-0.7202	_04220_	2
720	-0.7202	_47367_	1
720	-0.7202	_45112_	1
720	-0.7202	_43791_	1
720	-0.7202	_43788_	1
720	-0.7202	_02986_	1
720	-0.7202	_13753_	10
720	-0.7202	_13711_	10
720	-0.7202	_13334_	10
720	-0.7202	fdct_zigzag.dct_mod.dct_block_0.dct_unit_0.ddin[8]	82
721	-0.7202	_12419_	1
721	-0.7202	_30336_	1
721	-0.7202	_30307_	2
721	-0.7202	_08791_	2
721	-0.7202	_47322_	1
721	-0.7202	_46420_	1
721	-0.7202	_44364_	1
721	-0.7202	_40729_	1
721	-0.7202	_01342_	1
721	-0.7202	_13860_	10
721	-0.7202	_13711_	10
721	-0.7202	_13334_	10
721	-0.7202	fdct_zigzag.dct_mod.dct_block_0.dct_unit_0.ddin[8]	82
722	-0.7197	_12380_	1
722	-0.7197	_30105_	1
722	-0.7197	_30075_	2
722	-0.7197	_03853_	2
722	-0.7197	_41818_	1
722	-0.7197	_41794_	1
722	-0.7197	_41791_	1
722	-0.7197	_44308_	1
722	-0.7197	_02556_	1
722	-0.7197	_13851_	10
722	-0.7197	_13711_	10
722	-0.7197	_13334_	10
722	-0.7197	fdct_zigzag.dct_mod.dct_block_0.dct_unit_0.ddin[8]	82
723	-0.7147	_10969_	1
723	-0.7147	_22004_	1
723	-0.7147	_21974_	2
723	-0.7147	_08489_	2
723	-0.7147	_42239_	1
723	-0.7147	_39525_	1
723	-0.7147	_39522_	1
723	-0.7147	_40441_	1
723	-0.7147	_01809_	1
723	-0.7147	_13827_	10
723	-0.7147	_13711_	10
723	-0.7147	_13334_	10
723	-0.7147	fdct_zigzag.dct_mod.dct_block_0.dct_unit_0.ddin[8]	82
724	-0.7147	_11907_	1
724	-0.7147	_27396_	1
724	-0.7147	_27365_	2
724	-0.7147	_07394_	2
724	-0.7147	_44399_	1
724	-0.7147	_44290_	1
724	-0.7147	_44211_	1
724	-0.7147	_44082_	1
724	-0.7147	_02476_	1
724	-0.7147	_13668_	10
724	-0.7147	_13504_	10
724	-0.7147	_13334_	10
724	-0.7147	fdct_zigzag.dct_mod.dct_block_0.dct_unit_0.ddin[8]	82
725	-0.7147	_12258_	1
725	-0.7147	_29429_	1
725	-0.7147	_29398_	2
725	-0.7147	_06918_	2
725	-0.7147	_46540_	1
725	-0.7147	_46485_	1
725	-0.7147	_46459_	1
725	-0.7147	_46358_	1
725	-0.7147	_03081_	1
725	-0.7147	_13726_	10
725	-0.7147	_13711_	10
725	-0.7147	_13334_	10
725	-0.7147	fdct_zigzag.dct_mod.dct_block_0.dct_unit_0.ddin[8]	82
726	-0.7142	_10657_	1
726	-0.7142	_20177_	1
726	-0.7142	_20147_	2
726	-0.7142	_07251_	2
726	-0.7142	_41188_	1
726	-0.7142	_41185_	1
726	-0.7142	_47007_	1
726	-0.7142	_46912_	1
726	-0.7142	_03247_	1
726	-0.7142	_13505_	10
726	-0.7142	_13504_	10
726	-0.7142	_13334_	10
726	-0.7142	fdct_zigzag.dct_mod.dct_block_0.dct_unit_0.ddin[8]	82
727	-0.7142	_11011_	1
727	-0.7142	_22230_	1
727	-0.7142	_22199_	2
727	-0.7142	_07849_	2
727	-0.7142	_42774_	1
727	-0.7142	_42771_	1
727	-0.7142	_39458_	1
727	-0.7142	_39455_	1
727	-0.7142	_02196_	1
727	-0.7142	_13816_	10
727	-0.7142	_13711_	10
727	-0.7142	_13334_	10
727	-0.7142	fdct_zigzag.dct_mod.dct_block_0.dct_unit_0.ddin[8]	82
728	-0.7076	_11554_	1
728	-0.7076	_25407_	1
728	-0.7076	_05581_	3
728	-0.7076	_47423_	1
728	-0.7076	_47421_	1
728	-0.7076	_44386_	1
728	-0.7076	_40406_	2
728	-0.7076	_03292_	1
728	-0.7076	_13546_	10
728	-0.7076	_13504_	10
728	-0.7076	_13334_	10
728	-0.7076	fdct_zigzag.dct_mod.dct_block_0.dct_unit_0.ddin[8]	82
729	-0.7066	_13103_	1
729	-0.7066	_32120_	1
729	-0.7066	_32119_	1
729	-0.7066	_32117_	1
729	-0.7066	_07654_	3
729	-0.7066	_47443_	1
729	-0.7066	_44343_	1
729	-0.7066	_44342_	1
729	-0.7066	_44938_	2
729	-0.7066	_02856_	1
729	-0.7066	_13950_	10
729	-0.7066	_13334_	10
729	-0.7066	fdct_zigzag.dct_mod.dct_block_0.dct_unit_0.ddin[8]	82
730	-0.7022	_12061_	1
730	-0.7022	_28313_	1
730	-0.7022	_28263_	2
730	-0.7022	_28262_	2
730	-0.7022	_07555_	2
730	-0.7022	_39215_	1
730	-0.7022	_39213_	1
730	-0.7022	_38938_	1
730	-0.7022	_38901_	1
730	-0.7022	_00788_	1
730	-0.7022	_13897_	10
730	-0.7022	_13334_	10
730	-0.7022	fdct_zigzag.dct_mod.dct_block_0.dct_unit_0.ddin[8]	82
731	-0.6975	_10134_	1
731	-0.6975	_17323_	1
731	-0.6975	_17322_	1
731	-0.6975	_07654_	3
731	-0.6975	_47443_	1
731	-0.6975	_44343_	1
731	-0.6975	_44342_	1
731	-0.6975	_44938_	2
731	-0.6975	_02856_	1
731	-0.6975	_13950_	10
731	-0.6975	_13334_	10
731	-0.6975	fdct_zigzag.dct_mod.dct_block_0.dct_unit_0.ddin[8]	82
732	-0.6965	_12062_	1
732	-0.6965	_28314_	1
732	-0.6965	_28287_	2
732	-0.6965	_28286_	2
732	-0.6965	_06367_	2
732	-0.6965	_45038_	1
732	-0.6965	_39038_	1
732	-0.6965	_38946_	1
732	-0.6965	_38899_	1
732	-0.6965	_00784_	1
732	-0.6965	_13897_	10
732	-0.6965	_13334_	10
732	-0.6965	fdct_zigzag.dct_mod.dct_block_0.dct_unit_0.ddin[8]	82
733	-0.6735	_10813_	1
733	-0.6735	_21089_	1
733	-0.6735	_21059_	2
733	-0.6735	_03948_	2
733	-0.6735	_43905_	1
733	-0.6735	_43903_	1
733	-0.6735	_43765_	1
733	-0.6735	_43763_	1
733	-0.6735	_02850_	1
733	-0.6735	_13335_	10
733	-0.6735	_13334_	10
733	-0.6735	fdct_zigzag.dct_mod.dct_block_0.dct_unit_0.ddin[8]	82
734	-0.6683	_12063_	1
734	-0.6683	_28315_	1
734	-0.6683	_28286_	2
734	-0.6683	_06367_	2
734	-0.6683	_45038_	1
734	-0.6683	_39038_	1
734	-0.6683	_38946_	1
734	-0.6683	_38899_	1
734	-0.6683	_00784_	1
734	-0.6683	_13897_	10
734	-0.6683	_13334_	10
734	-0.6683	fdct_zigzag.dct_mod.dct_block_0.dct_unit_0.ddin[8]	82
735	-0.6610	_10135_	1
735	-0.6610	_17336_	1
735	-0.6610	_07654_	3
735	-0.6610	_47443_	1
735	-0.6610	_44343_	1
735	-0.6610	_44342_	1
735	-0.6610	_44938_	2
735	-0.6610	_02856_	1
735	-0.6610	_13950_	10
735	-0.6610	_13334_	10
735	-0.6610	fdct_zigzag.dct_mod.dct_block_0.dct_unit_0.ddin[8]	82
736	-0.6108	_11555_	1
736	-0.6108	_25408_	1
736	-0.6108	_25390_	2
736	-0.6108	_25389_	2
736	-0.6108	_03848_	2
736	-0.6108	_47427_	1
736	-0.6108	_44321_	1
736	-0.6108	_44319_	1
736	-0.6108	_41680_	1
736	-0.6108	fdct_zigzag.dct_mod.dct_block_0.dct_unit_0.ddin[8]	82
737	-0.6096	_10136_	1
737	-0.6096	_17337_	1
737	-0.6096	_17319_	2
737	-0.6096	_17318_	2
737	-0.6096	_03892_	2
737	-0.6096	_46403_	1
737	-0.6096	_42113_	1
737	-0.6096	_42111_	1
737	-0.6096	_43409_	1
737	-0.6096	fdct_zigzag.dct_mod.dct_block_0.dct_unit_0.ddin[8]	82
738	-0.5824	_11556_	1
738	-0.5824	_25410_	1
738	-0.5824	_25389_	2
738	-0.5824	_03848_	2
738	-0.5824	_47427_	1
738	-0.5824	_44321_	1
738	-0.5824	_44319_	1
738	-0.5824	_41680_	1
738	-0.5824	fdct_zigzag.dct_mod.dct_block_0.dct_unit_0.ddin[8]	82
739	-0.5812	_10137_	1
739	-0.5812	_17338_	1
739	-0.5812	_17318_	2
739	-0.5812	_03892_	2
739	-0.5812	_46403_	1
739	-0.5812	_42113_	1
739	-0.5812	_42111_	1
739	-0.5812	_43409_	1
739	-0.5812	fdct_zigzag.dct_mod.dct_block_0.dct_unit_0.ddin[8]	82
740	-0.4751	_10138_	1
740	-0.4751	_17339_	1
740	-0.4751	_17332_	2
740	-0.4751	_07504_	2
740	-0.4751	_41273_	1
740	-0.4751	_41270_	1
740	-0.4751	_43414_	1
740	-0.4751	_47848_	3
740	-0.4751	fdct_zigzag.dct_mod.dct_block_0.dct_unit_0.ddin[8]	82
741	-0.4751	_11557_	1
741	-0.4751	_25411_	1
741	-0.4751	_25403_	2
741	-0.4751	_06071_	2
741	-0.4751	_47429_	1
741	-0.4751	_44325_	1
741	-0.4751	_44323_	1
741	-0.4751	_47848_	3
741	-0.4751	fdct_zigzag.dct_mod.dct_block_0.dct_unit_0.ddin[8]	82
742	-0.4504	_13112_	1
742	-0.4504	_32233_	1
742	-0.4504	_32232_	1
742	-0.4504	_32231_	1
742	-0.4504	_18121_	2
742	-0.4504	_18120_	1
742	-0.4504	_18119_	2
742	-0.4504	_18118_	1
742	-0.4504	_07900_	3
742	-0.4504	_47929_	1
742	-0.4504	_47933_	1
742	-0.4504	_47848_	3
742	-0.4504	fdct_zigzag.dct_mod.dct_block_0.dct_unit_0.ddin[8]	82
743	-0.4410	_10274_	1
743	-0.4410	_18113_	1
743	-0.4410	_18112_	1
743	-0.4410	_18111_	1
743	-0.4410	_18110_	2
743	-0.4410	_18109_	2
743	-0.4410	_07275_	2
743	-0.4410	_47864_	1
743	-0.4410	_45406_	1
743	-0.4410	_44382_	4
743	-0.4410	fdct_zigzag.dct_mod.dct_block_0.dct_unit_0.ddin[8]	82
744	-0.4324	_11558_	1
744	-0.4324	_25412_	1
744	-0.4324	_25401_	2
744	-0.4324	_25400_	1
744	-0.4324	_06003_	3
744	-0.4324	_47436_	1
744	-0.4324	_44334_	1
744	-0.4324	_44330_	3
744	-0.4324	fdct_zigzag.dct_mod.dct_block_0.dct_unit_0.ddin[8]	82
745	-0.4323	_10139_	1
745	-0.4323	_17341_	1
745	-0.4323	_17330_	2
745	-0.4323	_17329_	1
745	-0.4323	_03978_	3
745	-0.4323	_46584_	1
745	-0.4323	_46581_	1
745	-0.4323	_44330_	3
745	-0.4323	fdct_zigzag.dct_mod.dct_block_0.dct_unit_0.ddin[8]	82
746	-0.4287	_10275_	1
746	-0.4287	_18122_	1
746	-0.4287	_18121_	2
746	-0.4287	_18120_	1
746	-0.4287	_18119_	2
746	-0.4287	_18118_	1
746	-0.4287	_07900_	3
746	-0.4287	_47929_	1
746	-0.4287	_47933_	1
746	-0.4287	_47848_	3
746	-0.4287	fdct_zigzag.dct_mod.dct_block_0.dct_unit_0.ddin[8]	82
747	-0.3973	_10276_	1
747	-0.3973	_18123_	1
747	-0.3973	_18110_	2
747	-0.3973	_18109_	2
747	-0.3973	_07275_	2
747	-0.3973	_47864_	1
747	-0.3973	_45406_	1
747	-0.3973	_44382_	4
747	-0.3973	fdct_zigzag.dct_mod.dct_block_0.dct_unit_0.ddin[8]	82
748	-0.3864	_11559_	1
748	-0.3864	_25413_	1
748	-0.3864	_06003_	3
748	-0.3864	_47436_	1
748	-0.3864	_44334_	1
748	-0.3864	_44330_	3
748	-0.3864	fdct_zigzag.dct_mod.dct_block_0.dct_unit_0.ddin[8]	82
749	-0.3819	_10140_	1
749	-0.3819	_17342_	1
749	-0.3819	_03978_	3
749	-0.3819	_46584_	1
749	-0.3819	_46581_	1
749	-0.3819	_44330_	3
749	-0.3819	fdct_zigzag.dct_mod.dct_block_0.dct_unit_0.ddin[8]	82
750	-0.3597	_10277_	1
750	-0.3597	_18124_	1
750	-0.3597	_18119_	2
750	-0.3597	_18118_	1
750	-0.3597	_07900_	3
750	-0.3597	_47929_	1
750	-0.3597	_47933_	1
750	-0.3597	_47848_	3
750	-0.3597	fdct_zigzag.dct_mod.dct_block_0.dct_unit_0.ddin[8]	82
751	-0.3195	_10278_	1
751	-0.3195	_18126_	1
751	-0.3195	_18107_	2
751	-0.3195	_18106_	1
751	-0.3195	_02889_	2
751	-0.3195	_45595_	2
751	-0.3195	_47841_	3
751	-0.3195	fdct_zigzag.dct_mod.dct_block_0.dct_unit_0.ddin[8]	82
752	-0.3061	_11560_	1
752	-0.3061	_03095_	1
752	-0.3061	_46409_	2
752	-0.3061	_47842_	1
752	-0.3061	_47841_	3
752	-0.3061	fdct_zigzag.dct_mod.dct_block_0.dct_unit_0.ddin[8]	82
753	-0.3061	_10141_	1
753	-0.3061	_03197_	1
753	-0.3061	_46786_	2
753	-0.3061	_47684_	1
753	-0.3061	_47841_	3
753	-0.3061	fdct_zigzag.dct_mod.dct_block_0.dct_unit_0.ddin[8]	82
754	-0.2903	_10279_	1
754	-0.2903	_18127_	1
754	-0.2903	_18117_	2
754	-0.2903	_18115_	1
754	-0.2903	_07715_	1
754	-0.2903	_45595_	2
754	-0.2903	_47841_	3
754	-0.2903	fdct_zigzag.dct_mod.dct_block_0.dct_unit_0.ddin[8]	82
755	-0.2773	_10280_	1
755	-0.2773	_18128_	1
755	-0.2773	_02889_	2
755	-0.2773	_45595_	2
755	-0.2773	_47841_	3
755	-0.2773	fdct_zigzag.dct_mod.dct_block_0.dct_unit_0.ddin[8]	82
756	-0.2583	_10281_	1
756	-0.2583	_02890_	1
756	-0.2583	_02888_	2
756	-0.2583	_47892_	1
756	-0.2583	_47854_	3
756	-0.2583	fdct_zigzag.dct_mod.dct_block_0.dct_unit_0.ddin[8]	82
757	-0.1793	_11947_	1
757	-0.1793	_27630_	1
757	-0.1793	_08741_	3
757	-0.1793	_43341_	1
757	-0.1793	_43221_	1
757	-0.1793	_43219_	1
757	-0.1793	_42035_	4
757	-0.1793	_01715_	7
757	-0.1793	_13477_	10
757	-0.1793	_13355_	10
757	-0.1793	_13328_	9
757	-0.1793	fdct_zigzag.dct_mod.dct_block_0.dct_unit_0.ddin[5]	4
758	-0.1777	_10853_	1
758	-0.1777	_21333_	1
758	-0.1777	_06728_	3
758	-0.1777	_43514_	1
758	-0.1777	_43511_	1
758	-0.1777	_45828_	1
758	-0.1777	_42034_	4
758	-0.1777	_01715_	7
758	-0.1777	_13477_	10
758	-0.1777	_13355_	10
758	-0.1777	_13328_	9
758	-0.1777	fdct_zigzag.dct_mod.dct_block_0.dct_unit_0.ddin[5]	4
759	-0.1717	_10207_	1
759	-0.1717	_17726_	1
759	-0.1717	_03088_	2
759	-0.1717	_46245_	2
759	-0.1717	_46243_	1
759	-0.1717	_45641_	1
759	-0.1717	_43966_	6
759	-0.1717	_02323_	5
759	-0.1717	_13596_	10
759	-0.1717	_13514_	10
759	-0.1717	_13322_	9
759	-0.1717	fdct_zigzag.dct_mod.dct_block_0.dct_unit_0.ddin[2]	4
760	-0.1717	_11486_	1
760	-0.1717	_25003_	1
760	-0.1717	_02648_	2
760	-0.1717	_44550_	2
760	-0.1717	_44547_	1
760	-0.1717	_46565_	1
760	-0.1717	_46491_	6
760	-0.1717	_02881_	5
760	-0.1717	_13570_	10
760	-0.1717	_13514_	10
760	-0.1717	_13322_	9
760	-0.1717	fdct_zigzag.dct_mod.dct_block_0.dct_unit_0.ddin[2]	4
761	-0.1648	_10931_	1
761	-0.1648	_21784_	1
761	-0.1648	_01745_	2
761	-0.1648	_41860_	2
761	-0.1648	_41858_	1
761	-0.1648	_41345_	1
761	-0.1648	_41309_	6
761	-0.1648	_02933_	5
761	-0.1648	_13535_	10
761	-0.1648	_13514_	10
761	-0.1648	_13322_	9
761	-0.1648	fdct_zigzag.dct_mod.dct_block_0.dct_unit_0.ddin[2]	4
762	-0.1546	_10208_	1
762	-0.1546	_03089_	1
762	-0.1546	_46245_	2
762	-0.1546	_46243_	1
762	-0.1546	_45641_	1
762	-0.1546	_43966_	6
762	-0.1546	_02323_	5
762	-0.1546	_13596_	10
762	-0.1546	_13514_	10
762	-0.1546	_13322_	9
762	-0.1546	fdct_zigzag.dct_mod.dct_block_0.dct_unit_0.ddin[2]	4
763	-0.1546	_10932_	1
763	-0.1546	_01746_	1
763	-0.1546	_41860_	2
763	-0.1546	_41858_	1
763	-0.1546	_41345_	1
763	-0.1546	_41309_	6
763	-0.1546	_02933_	5
763	-0.1546	_13535_	10
763	-0.1546	_13514_	10
763	-0.1546	_13322_	9
763	-0.1546	fdct_zigzag.dct_mod.dct_block_0.dct_unit_0.ddin[2]	4
764	-0.1546	_11487_	1
764	-0.1546	_02649_	1
764	-0.1546	_44550_	2
764	-0.1546	_44547_	1
764	-0.1546	_46565_	1
764	-0.1546	_46491_	6
764	-0.1546	_02881_	5
764	-0.1546	_13570_	10
764	-0.1546	_13514_	10
764	-0.1546	_13322_	9
764	-0.1546	fdct_zigzag.dct_mod.dct_block_0.dct_unit_0.ddin[2]	4
765	-0.1520	_12178_	1
765	-0.1520	_28973_	1
765	-0.1520	_01992_	2
765	-0.1520	_42554_	2
765	-0.1520	_45064_	1
765	-0.1520	_46502_	1
765	-0.1520	_46411_	6
765	-0.1520	_06542_	3
765	-0.1520	_13535_	10
765	-0.1520	_13514_	10
765	-0.1520	_13322_	9
765	-0.1520	fdct_zigzag.dct_mod.dct_block_0.dct_unit_0.ddin[2]	4
766	-0.1517	_11408_	1
766	-0.1517	_24539_	1
766	-0.1517	_06125_	3
766	-0.1517	_41531_	1
766	-0.1517	_38711_	1
766	-0.1517	_38709_	2
766	-0.1517	_46864_	5
766	-0.1517	_03212_	3
766	-0.1517	_13591_	10
766	-0.1517	_13520_	10
766	-0.1517	_13328_	9
766	-0.1517	fdct_zigzag.dct_mod.dct_block_0.dct_unit_0.ddin[5]	4
767	-0.1512	_10067_	1
767	-0.1512	_16936_	1
767	-0.1512	_07490_	3
767	-0.1512	_39470_	1
767	-0.1512	_39467_	1
767	-0.1512	_44860_	1
767	-0.1512	_44682_	2
767	-0.1512	_02450_	6
767	-0.1512	_13612_	10
767	-0.1512	_13520_	10
767	-0.1512	_13328_	9
767	-0.1512	fdct_zigzag.dct_mod.dct_block_0.dct_unit_0.ddin[5]	4
768	-0.1512	_11330_	1
768	-0.1512	_24081_	1
768	-0.1512	_05807_	3
768	-0.1512	_46775_	1
768	-0.1512	_46633_	1
768	-0.1512	_46631_	1
768	-0.1512	_45735_	2
768	-0.1512	_02891_	6
768	-0.1512	_13573_	10
768	-0.1512	_13520_	10
768	-0.1512	_13328_	9
768	-0.1512	fdct_zigzag.dct_mod.dct_block_0.dct_unit_0.ddin[5]	4
769	-0.1492	_10697_	1
769	-0.1492	_20413_	1
769	-0.1492	_05760_	3
769	-0.1492	_44953_	1
769	-0.1492	_44202_	1
769	-0.1492	_44199_	1
769	-0.1492	_44504_	3
769	-0.1492	_02594_	5
769	-0.1492	_13477_	10
769	-0.1492	_13355_	10
769	-0.1492	_13328_	9
769	-0.1492	fdct_zigzag.dct_mod.dct_block_0.dct_unit_0.ddin[5]	4
770	-0.1464	_10854_	1
770	-0.1464	_02148_	1
770	-0.1464	_02146_	2
770	-0.1464	_46429_	1
770	-0.1464	_46428_	1
770	-0.1464	_46519_	1
770	-0.1464	_02089_	4
770	-0.1464	_02772_	6
770	-0.1464	_13474_	10
770	-0.1464	_13349_	10
770	-0.1464	_13322_	9
770	-0.1464	fdct_zigzag.dct_mod.dct_block_0.dct_unit_0.ddin[2]	4
771	-0.1447	_10282_	1
771	-0.1447	_07724_	1
771	-0.1447	_47892_	1
771	-0.1447	_47854_	3
771	-0.1447	fdct_zigzag.dct_mod.dct_block_0.dct_unit_0.ddin[8]	82
772	-0.1447	_11561_	1
772	-0.1447	_07293_	1
772	-0.1447	_47868_	1
772	-0.1447	_47854_	3
772	-0.1447	fdct_zigzag.dct_mod.dct_block_0.dct_unit_0.ddin[8]	82
773	-0.1447	_10142_	1
773	-0.1447	_06206_	1
773	-0.1447	_47776_	1
773	-0.1447	_47854_	3
773	-0.1447	fdct_zigzag.dct_mod.dct_block_0.dct_unit_0.ddin[8]	82
774	-0.1349	_10068_	1
774	-0.1349	_02397_	1
774	-0.1349	_39480_	2
774	-0.1349	_39477_	1
774	-0.1349	_45785_	1
774	-0.1349	_40995_	6
774	-0.1349	_07492_	3
774	-0.1349	_13609_	10
774	-0.1349	_13514_	10
774	-0.1349	_13322_	9
774	-0.1349	fdct_zigzag.dct_mod.dct_block_0.dct_unit_0.ddin[2]	4
775	-0.1349	_11331_	1
775	-0.1349	_03253_	1
775	-0.1349	_46779_	2
775	-0.1349	_46777_	1
775	-0.1349	_46034_	1
775	-0.1349	_43797_	6
775	-0.1349	_07790_	3
775	-0.1349	_13570_	10
775	-0.1349	_13514_	10
775	-0.1349	_13322_	9
775	-0.1349	fdct_zigzag.dct_mod.dct_block_0.dct_unit_0.ddin[2]	4
776	-0.1349	_12179_	1
776	-0.1349	_01993_	1
776	-0.1349	_42554_	2
776	-0.1349	_45064_	1
776	-0.1349	_46502_	1
776	-0.1349	_46411_	6
776	-0.1349	_06542_	3
776	-0.1349	_13535_	10
776	-0.1349	_13514_	10
776	-0.1349	_13322_	9
776	-0.1349	fdct_zigzag.dct_mod.dct_block_0.dct_unit_0.ddin[2]	4
777	-0.1348	_11948_	1
777	-0.1348	_02287_	1
777	-0.1348	_02285_	2
777	-0.1348	_43350_	1
777	-0.1348	_43347_	1
777	-0.1348	_42849_	1
777	-0.1348	_02091_	4
777	-0.1348	_01242_	4
777	-0.1348	_13661_	10
777	-0.1348	_13514_	10
777	-0.1348	_13322_	9
777	-0.1348	fdct_zigzag.dct_mod.dct_block_0.dct_unit_0.ddin[2]	4
778	-0.1268	_12497_	1
778	-0.1268	_30799_	1
778	-0.1268	_08226_	3
778	-0.1268	_47206_	1
778	-0.1268	_47065_	1
778	-0.1268	_46821_	1
778	-0.1268	_46687_	1
778	-0.1268	_01427_	5
778	-0.1268	_13521_	10
778	-0.1268	_13520_	10
778	-0.1268	_13328_	9
778	-0.1268	fdct_zigzag.dct_mod.dct_block_0.dct_unit_0.ddin[5]	4
779	-0.1268	_10028_	1
779	-0.1268	_16677_	1
779	-0.1268	_05778_	3
779	-0.1268	_46463_	1
779	-0.1268	_44936_	1
779	-0.1268	_41646_	1
779	-0.1268	_41643_	1
779	-0.1268	_00979_	5
779	-0.1268	_13521_	10
779	-0.1268	_13520_	10
779	-0.1268	_13328_	9
779	-0.1268	fdct_zigzag.dct_mod.dct_block_0.dct_unit_0.ddin[5]	4
780	-0.1250	_10775_	1
780	-0.1250	_20859_	1
780	-0.1250	_01223_	2
780	-0.1250	_40289_	2
780	-0.1250	_40287_	1
780	-0.1250	_40149_	1
780	-0.1250	_40126_	6
780	-0.1250	_00923_	5
780	-0.1250	_13323_	10
780	-0.1250	_13322_	9
780	-0.1250	fdct_zigzag.dct_mod.dct_block_0.dct_unit_0.ddin[2]	4
781	-0.1236	_11525_	1
781	-0.1236	_25236_	1
781	-0.1236	_07732_	3
781	-0.1236	_44216_	1
781	-0.1236	_44213_	1
781	-0.1236	_47359_	1
781	-0.1236	_43418_	1
781	-0.1236	_00514_	4
781	-0.1236	_13552_	10
781	-0.1236	_13518_	10
781	-0.1236	_13326_	9
781	-0.1236	fdct_zigzag.dct_mod.dct_block_0.dct_unit_0.ddin[4]	4
782	-0.1235	_10619_	1
782	-0.1235	_19948_	1
782	-0.1235	_07684_	3
782	-0.1235	_42707_	1
782	-0.1235	_42665_	1
782	-0.1235	_42663_	1
782	-0.1235	_42365_	1
782	-0.1235	_01823_	4
782	-0.1235	_13537_	10
782	-0.1235	_13518_	10
782	-0.1235	_13326_	9
782	-0.1235	fdct_zigzag.dct_mod.dct_block_0.dct_unit_0.ddin[4]	4
783	-0.1221	_11288_	1
783	-0.1221	_23850_	1
783	-0.1221	_05789_	3
783	-0.1221	_44815_	1
783	-0.1221	_44307_	1
783	-0.1221	_41085_	1
783	-0.1221	_38356_	1
783	-0.1221	_00438_	5
783	-0.1221	_13553_	10
783	-0.1221	_13520_	10
783	-0.1221	_13328_	9
783	-0.1221	fdct_zigzag.dct_mod.dct_block_0.dct_unit_0.ddin[5]	4
784	-0.1204	_10246_	1
784	-0.1204	_17948_	1
784	-0.1204	_07385_	3
784	-0.1204	_44465_	1
784	-0.1204	_43949_	1
784	-0.1204	_43947_	1
784	-0.1204	_39535_	1
784	-0.1204	_00994_	4
784	-0.1204	_13519_	10
784	-0.1204	_13518_	10
784	-0.1204	_13326_	9
784	-0.1204	fdct_zigzag.dct_mod.dct_block_0.dct_unit_0.ddin[4]	4
785	-0.1181	_10427_	1
785	-0.1181	_18969_	1
785	-0.1181	_08202_	3
785	-0.1181	_43138_	1
785	-0.1181	_43136_	1
785	-0.1181	_43153_	1
785	-0.1181	_46418_	1
785	-0.1181	_01318_	4
785	-0.1181	_13778_	10
785	-0.1181	_13703_	10
785	-0.1181	_13326_	9
785	-0.1181	fdct_zigzag.dct_mod.dct_block_0.dct_unit_0.ddin[4]	4
786	-0.1177	_11702_	1
786	-0.1177	_26254_	1
786	-0.1177	_03527_	3
786	-0.1177	_38884_	1
786	-0.1177	_38846_	1
786	-0.1177	_38844_	1
786	-0.1177	_38676_	1
786	-0.1177	_00699_	3
786	-0.1177	_13424_	10
786	-0.1177	_13353_	10
786	-0.1177	_13326_	9
786	-0.1177	fdct_zigzag.dct_mod.dct_block_0.dct_unit_0.ddin[4]	4
787	-0.1169	_10106_	1
787	-0.1169	_17158_	1
787	-0.1169	_04264_	3
787	-0.1169	_43610_	1
787	-0.1169	_43607_	1
787	-0.1169	_44696_	1
787	-0.1169	_40549_	1
787	-0.1169	_01294_	3
787	-0.1169	_13500_	10
787	-0.1169	_13353_	10
787	-0.1169	_13326_	9
787	-0.1169	fdct_zigzag.dct_mod.dct_block_0.dct_unit_0.ddin[4]	4
788	-0.1166	_12342_	1
788	-0.1166	_29883_	1
788	-0.1166	_07506_	3
788	-0.1166	_45689_	1
788	-0.1166	_44232_	1
788	-0.1166	_41998_	1
788	-0.1166	_41954_	1
788	-0.1166	_00689_	5
788	-0.1166	_13425_	10
788	-0.1166	_13355_	10
788	-0.1166	_13328_	9
788	-0.1166	fdct_zigzag.dct_mod.dct_block_0.dct_unit_0.ddin[5]	4
789	-0.1148	_10776_	1
789	-0.1148	_01224_	1
789	-0.1148	_40289_	2
789	-0.1148	_40287_	1
789	-0.1148	_40149_	1
789	-0.1148	_40126_	6
789	-0.1148	_00923_	5
789	-0.1148	_13323_	10
789	-0.1148	_13322_	9
789	-0.1148	fdct_zigzag.dct_mod.dct_block_0.dct_unit_0.ddin[2]	4
790	-0.1122	_12025_	1
790	-0.1122	_28091_	1
790	-0.1122	_00873_	2
790	-0.1122	_39083_	2
790	-0.1122	_39820_	1
790	-0.1122	_39231_	1
790	-0.1122	_39229_	6
790	-0.1122	_03472_	3
790	-0.1122	_13323_	10
790	-0.1122	_13322_	9
790	-0.1122	fdct_zigzag.dct_mod.dct_block_0.dct_unit_0.ddin[2]	4
791	-0.1109	_10698_	1
791	-0.1109	_02628_	1
791	-0.1109	_44672_	2
791	-0.1109	_44955_	1
791	-0.1109	_44354_	1
791	-0.1109	_44344_	4
791	-0.1109	_02594_	5
791	-0.1109	_13477_	10
791	-0.1109	_13355_	10
791	-0.1109	_13328_	9
791	-0.1109	fdct_zigzag.dct_mod.dct_block_0.dct_unit_0.ddin[5]	4
792	-0.1104	_10143_	1
792	-0.1104	_06967_	1
792	-0.1104	_06966_	1
792	-0.1104	_08584_	1
792	-0.1104	fdct_zigzag.dct_mod.dct_block_0.dct_unit_0.ddin[8]	82
793	-0.1102	_11863_	1
793	-0.1102	_27163_	1
793	-0.1102	_05860_	3
793	-0.1102	_41889_	1
793	-0.1102	_41678_	1
793	-0.1102	_41676_	1
793	-0.1102	_41048_	1
793	-0.1102	_01440_	3
793	-0.1102	_13537_	10
793	-0.1102	_13518_	10
793	-0.1102	_13326_	9
793	-0.1102	fdct_zigzag.dct_mod.dct_block_0.dct_unit_0.ddin[4]	4
794	-0.1102	_11369_	1
794	-0.1102	_24303_	1
794	-0.1102	_06500_	3
794	-0.1102	_45043_	1
794	-0.1102	_44632_	1
794	-0.1102	_44630_	1
794	-0.1102	_38074_	1
794	-0.1102	_00516_	3
794	-0.1102	_13572_	10
794	-0.1102	_13518_	10
794	-0.1102	_13326_	9
794	-0.1102	fdct_zigzag.dct_mod.dct_block_0.dct_unit_0.ddin[4]	4
795	-0.1102	_11090_	1
795	-0.1102	_22698_	1
795	-0.1102	_07461_	3
795	-0.1102	_42460_	1
795	-0.1102	_42458_	1
795	-0.1102	_42476_	1
795	-0.1102	_40650_	1
795	-0.1102	_00688_	4
795	-0.1102	_13410_	10
795	-0.1102	_13355_	10
795	-0.1102	_13328_	9
795	-0.1102	fdct_zigzag.dct_mod.dct_block_0.dct_unit_0.ddin[5]	4
796	-0.1089	_11246_	1
796	-0.1089	_23624_	1
796	-0.1089	_06058_	3
796	-0.1089	_42577_	1
796	-0.1089	_42574_	1
796	-0.1089	_42722_	1
796	-0.1089	_42210_	1
796	-0.1089	_01446_	5
796	-0.1089	_13536_	10
796	-0.1089	_13516_	10
796	-0.1089	_13324_	9
796	-0.1089	fdct_zigzag.dct_mod.dct_block_0.dct_unit_0.ddin[3]	2
797	-0.1074	_11012_	1
797	-0.1074	_22231_	1
797	-0.1074	_07486_	3
797	-0.1074	_40387_	1
797	-0.1074	_40352_	1
797	-0.1074	_40349_	1
797	-0.1074	_45770_	1
797	-0.1074	_01575_	2
797	-0.1074	_13796_	10
797	-0.1074	_13703_	10
797	-0.1074	_13326_	9
797	-0.1074	fdct_zigzag.dct_mod.dct_block_0.dct_unit_0.ddin[4]	4
798	-0.1074	_11986_	1
798	-0.1074	_27860_	1
798	-0.1074	_03971_	3
798	-0.1074	_42511_	1
798	-0.1074	_40046_	1
798	-0.1074	_40043_	1
798	-0.1074	_43782_	1
798	-0.1074	_02375_	2
798	-0.1074	_13685_	10
798	-0.1074	_13518_	10
798	-0.1074	_13326_	9
798	-0.1074	fdct_zigzag.dct_mod.dct_block_0.dct_unit_0.ddin[4]	4
799	-0.1072	_10168_	1
799	-0.1072	_17496_	1
799	-0.1072	_08024_	3
799	-0.1072	_46386_	1
799	-0.1072	_46284_	1
799	-0.1072	_46282_	1
799	-0.1072	_45916_	1
799	-0.1072	_02963_	5
799	-0.1072	_13499_	10
799	-0.1072	_13351_	10
799	-0.1072	_13324_	9
799	-0.1072	fdct_zigzag.dct_mod.dct_block_0.dct_unit_0.ddin[3]	2
800	-0.1058	_11409_	1
800	-0.1058	_02221_	1
800	-0.1058	_41616_	2
800	-0.1058	_41613_	1
800	-0.1058	_38709_	2
800	-0.1058	_46864_	5
800	-0.1058	_03212_	3
800	-0.1058	_13591_	10
800	-0.1058	_13520_	10
800	-0.1058	_13328_	9
800	-0.1058	fdct_zigzag.dct_mod.dct_block_0.dct_unit_0.ddin[5]	4
801	-0.1042	_11447_	1
801	-0.1042	_24770_	1
801	-0.1042	_05818_	3
801	-0.1042	_43370_	1
801	-0.1042	_39616_	1
801	-0.1042	_39613_	1
801	-0.1042	_46041_	1
801	-0.1042	_00526_	5
801	-0.1042	_13571_	10
801	-0.1042	_13516_	10
801	-0.1042	_13324_	9
801	-0.1042	fdct_zigzag.dct_mod.dct_block_0.dct_unit_0.ddin[3]	2
802	-0.1026	_11624_	1
802	-0.1026	_25792_	1
802	-0.1026	_08707_	3
802	-0.1026	_38263_	1
802	-0.1026	_38225_	1
802	-0.1026	_38223_	1
802	-0.1026	_38064_	1
802	-0.1026	_00505_	2
802	-0.1026	_13459_	10
802	-0.1026	_13353_	10
802	-0.1026	_13326_	9
802	-0.1026	fdct_zigzag.dct_mod.dct_block_0.dct_unit_0.ddin[4]	4
803	-0.1013	_10508_	1
803	-0.1013	_19414_	1
803	-0.1013	_06311_	3
803	-0.1013	_40975_	1
803	-0.1013	_40972_	1
803	-0.1013	_46857_	1
803	-0.1013	_47010_	1
803	-0.1013	_02500_	2
803	-0.1013	_13796_	10
803	-0.1013	_13703_	10
803	-0.1013	_13326_	9
803	-0.1013	fdct_zigzag.dct_mod.dct_block_0.dct_unit_0.ddin[4]	4
804	-0.0965	_12064_	1
804	-0.0965	_28317_	1
804	-0.0965	_06351_	3
804	-0.0965	_45035_	1
804	-0.0965	_39043_	1
804	-0.0965	_39040_	1
804	-0.0965	_38818_	1
804	-0.0965	_00762_	2
804	-0.0965	_13500_	10
804	-0.0965	_13353_	10
804	-0.0965	_13326_	9
804	-0.0965	fdct_zigzag.dct_mod.dct_block_0.dct_unit_0.ddin[4]	4
805	-0.0965	_11908_	1
805	-0.0965	_27397_	1
805	-0.0965	_07396_	3
805	-0.0965	_44402_	1
805	-0.0965	_44294_	1
805	-0.0965	_44292_	1
805	-0.0965	_43818_	1
805	-0.0965	_01092_	2
805	-0.0965	_13354_	10
805	-0.0965	_13353_	10
805	-0.0965	_13326_	9
805	-0.0965	fdct_zigzag.dct_mod.dct_block_0.dct_unit_0.ddin[4]	4
806	-0.0965	_12259_	1
806	-0.0965	_29430_	1
806	-0.0965	_08578_	3
806	-0.0965	_46543_	1
806	-0.0965	_46489_	1
806	-0.0965	_46487_	1
806	-0.0965	_46175_	1
806	-0.0965	_00903_	2
806	-0.0965	_13391_	10
806	-0.0965	_13353_	10
806	-0.0965	_13326_	9
806	-0.0965	fdct_zigzag.dct_mod.dct_block_0.dct_unit_0.ddin[4]	4
807	-0.0961	_11051_	1
807	-0.0961	_22464_	1
807	-0.0961	_06201_	3
807	-0.0961	_40573_	1
807	-0.0961	_40547_	1
807	-0.0961	_40463_	1
807	-0.0961	_40459_	1
807	-0.0961	_02031_	3
807	-0.0961	_13633_	10
807	-0.0961	_13520_	10
807	-0.0961	_13328_	9
807	-0.0961	fdct_zigzag.dct_mod.dct_block_0.dct_unit_0.ddin[5]	4
808	-0.0954	_12420_	1
808	-0.0954	_30338_	1
808	-0.0954	_03966_	3
808	-0.0954	_41638_	1
808	-0.0954	_40888_	1
808	-0.0954	_40885_	1
808	-0.0954	_40607_	1
808	-0.0954	_01306_	1
808	-0.0954	_13847_	10
808	-0.0954	_13703_	10
808	-0.0954	_13326_	9
808	-0.0954	fdct_zigzag.dct_mod.dct_block_0.dct_unit_0.ddin[4]	4
809	-0.0954	_10346_	1
809	-0.0954	_18507_	1
809	-0.0954	_07537_	3
809	-0.0954	_45437_	1
809	-0.0954	_45434_	1
809	-0.0954	_47412_	1
809	-0.0954	_46762_	1
809	-0.0954	_03190_	1
809	-0.0954	_13632_	10
809	-0.0954	_13518_	10
809	-0.0954	_13326_	9
809	-0.0954	fdct_zigzag.dct_mod.dct_block_0.dct_unit_0.ddin[4]	4
810	-0.0954	_12459_	1
810	-0.0954	_30570_	1
810	-0.0954	_08834_	3
810	-0.0954	_42018_	1
810	-0.0954	_40992_	1
810	-0.0954	_40990_	1
810	-0.0954	_40165_	1
810	-0.0954	_01184_	1
810	-0.0954	_13871_	10
810	-0.0954	_13703_	10
810	-0.0954	_13326_	9
810	-0.0954	fdct_zigzag.dct_mod.dct_block_0.dct_unit_0.ddin[4]	4
811	-0.0954	_10658_	1
811	-0.0954	_20178_	1
811	-0.0954	_03453_	3
811	-0.0954	_41193_	1
811	-0.0954	_41190_	1
811	-0.0954	_47049_	1
811	-0.0954	_46714_	1
811	-0.0954	_03167_	1
811	-0.0954	_13500_	10
811	-0.0954	_13353_	10
811	-0.0954	_13326_	9
811	-0.0954	fdct_zigzag.dct_mod.dct_block_0.dct_unit_0.ddin[4]	4
812	-0.0954	_11824_	1
812	-0.0954	_26943_	1
812	-0.0954	_06569_	3
812	-0.0954	_39755_	1
812	-0.0954	_39718_	1
812	-0.0954	_39716_	1
812	-0.0954	_39551_	1
812	-0.0954	_01015_	1
812	-0.0954	_13373_	10
812	-0.0954	_13353_	10
812	-0.0954	_13326_	9
812	-0.0954	fdct_zigzag.dct_mod.dct_block_0.dct_unit_0.ddin[4]	4
813	-0.0954	_11663_	1
813	-0.0954	_26024_	1
813	-0.0954	_04751_	3
813	-0.0954	_38575_	1
813	-0.0954	_38544_	1
813	-0.0954	_38542_	1
813	-0.0954	_38375_	1
813	-0.0954	_00618_	1
813	-0.0954	_13441_	10
813	-0.0954	_13353_	10
813	-0.0954	_13326_	9
813	-0.0954	fdct_zigzag.dct_mod.dct_block_0.dct_unit_0.ddin[4]	4
814	-0.0953	_11782_	1
814	-0.0953	_26711_	1
814	-0.0953	_03566_	3
814	-0.0953	_39426_	1
814	-0.0953	_39395_	1
814	-0.0953	_39393_	1
814	-0.0953	_39247_	1
814	-0.0953	_00915_	1
814	-0.0953	_13391_	10
814	-0.0953	_13353_	10
814	-0.0953	_13326_	9
814	-0.0953	fdct_zigzag.dct_mod.dct_block_0.dct_unit_0.ddin[4]	4
815	-0.0951	_12026_	1
815	-0.0951	_00874_	1
815	-0.0951	_39083_	2
815	-0.0951	_39820_	1
815	-0.0951	_39231_	1
815	-0.0951	_39229_	6
815	-0.0951	_03472_	3
815	-0.0951	_13323_	10
815	-0.0951	_13322_	9
815	-0.0951	fdct_zigzag.dct_mod.dct_block_0.dct_unit_0.ddin[2]	4
816	-0.0922	_10469_	1
816	-0.0922	_19181_	1
816	-0.0922	_06751_	3
816	-0.0922	_45855_	1
816	-0.0922	_45769_	1
816	-0.0922	_45524_	1
816	-0.0922	_45146_	1
816	-0.0922	_01000_	3
816	-0.0922	_13374_	10
816	-0.0922	_13355_	10
816	-0.0922	_13328_	9
816	-0.0922	fdct_zigzag.dct_mod.dct_block_0.dct_unit_0.ddin[5]	4
817	-0.0922	_11741_	1
817	-0.0922	_26474_	1
817	-0.0922	_03518_	3
817	-0.0922	_39152_	1
817	-0.0922	_39115_	1
817	-0.0922	_39003_	1
817	-0.0922	_38975_	1
817	-0.0922	_00827_	3
817	-0.0922	_13410_	10
817	-0.0922	_13355_	10
817	-0.0922	_13328_	9
817	-0.0922	fdct_zigzag.dct_mod.dct_block_0.dct_unit_0.ddin[5]	4
818	-0.0918	_11207_	1
818	-0.0918	_23391_	1
818	-0.0918	_07413_	3
818	-0.0918	_44020_	1
818	-0.0918	_43896_	1
818	-0.0918	_43894_	1
818	-0.0918	_43276_	1
818	-0.0918	_02251_	3
818	-0.0918	_13739_	10
818	-0.0918	_13701_	10
818	-0.0918	_13324_	9
818	-0.0918	fdct_zigzag.dct_mod.dct_block_0.dct_unit_0.ddin[3]	2
819	-0.0914	_10970_	1
819	-0.0914	_22005_	1
819	-0.0914	_07746_	3
819	-0.0914	_43557_	1
819	-0.0914	_43554_	1
819	-0.0914	_46976_	1
819	-0.0914	_46973_	1
819	-0.0914	_02852_	3
819	-0.0914	_13813_	10
819	-0.0914	_13705_	10
819	-0.0914	_13328_	9
819	-0.0914	fdct_zigzag.dct_mod.dct_block_0.dct_unit_0.ddin[5]	4
820	-0.0914	_12381_	1
820	-0.0914	_30106_	1
820	-0.0914	_03753_	3
820	-0.0914	_43531_	1
820	-0.0914	_41799_	1
820	-0.0914	_41797_	1
820	-0.0914	_47417_	1
820	-0.0914	_02236_	3
820	-0.0914	_13741_	10
820	-0.0914	_13705_	10
820	-0.0914	_13328_	9
820	-0.0914	fdct_zigzag.dct_mod.dct_block_0.dct_unit_0.ddin[5]	4
821	-0.0907	_11168_	1
821	-0.0907	_23153_	1
821	-0.0907	_08721_	3
821	-0.0907	_47374_	1
821	-0.0907	_40079_	1
821	-0.0907	_40076_	1
821	-0.0907	_45239_	1
821	-0.0907	_02790_	1
821	-0.0907	_13764_	10
821	-0.0907	_13703_	10
821	-0.0907	_13326_	9
821	-0.0907	fdct_zigzag.dct_mod.dct_block_0.dct_unit_0.ddin[4]	4
822	-0.0907	_12139_	1
822	-0.0907	_28742_	1
822	-0.0907	_03538_	3
822	-0.0907	_40468_	1
822	-0.0907	_40465_	1
822	-0.0907	_41315_	1
822	-0.0907	_41089_	1
822	-0.0907	_01480_	1
822	-0.0907	_13871_	10
822	-0.0907	_13703_	10
822	-0.0907	_13326_	9
822	-0.0907	fdct_zigzag.dct_mod.dct_block_0.dct_unit_0.ddin[4]	4
823	-0.0907	_10307_	1
823	-0.0907	_18281_	1
823	-0.0907	_08479_	3
823	-0.0907	_46093_	1
823	-0.0907	_45890_	1
823	-0.0907	_45888_	1
823	-0.0907	_44893_	1
823	-0.0907	_02690_	1
823	-0.0907	_13647_	10
823	-0.0907	_13518_	10
823	-0.0907	_13326_	9
823	-0.0907	fdct_zigzag.dct_mod.dct_block_0.dct_unit_0.ddin[4]	4
824	-0.0907	_11129_	1
824	-0.0907	_22929_	1
824	-0.0907	_07470_	3
824	-0.0907	_41471_	1
824	-0.0907	_40970_	1
824	-0.0907	_40968_	1
824	-0.0907	_40861_	1
824	-0.0907	_01373_	1
824	-0.0907	_13778_	10
824	-0.0907	_13703_	10
824	-0.0907	_13326_	9
824	-0.0907	fdct_zigzag.dct_mod.dct_block_0.dct_unit_0.ddin[4]	4
825	-0.0907	_12304_	1
825	-0.0907	_29662_	1
825	-0.0907	_05948_	3
825	-0.0907	_45718_	1
825	-0.0907	_45678_	1
825	-0.0907	_45676_	1
825	-0.0907	_45274_	1
825	-0.0907	_02811_	1
825	-0.0907	_13722_	10
825	-0.0907	_13703_	10
825	-0.0907	_13326_	9
825	-0.0907	fdct_zigzag.dct_mod.dct_block_0.dct_unit_0.ddin[4]	4
826	-0.0907	_12217_	1
826	-0.0907	_29206_	1
826	-0.0907	_07896_	3
826	-0.0907	_47298_	1
826	-0.0907	_47246_	1
826	-0.0907	_47244_	1
826	-0.0907	_47029_	1
826	-0.0907	_03287_	1
826	-0.0907	_13704_	10
826	-0.0907	_13703_	10
826	-0.0907	_13326_	9
826	-0.0907	fdct_zigzag.dct_mod.dct_block_0.dct_unit_0.ddin[4]	4
827	-0.0907	_10736_	1
827	-0.0907	_20634_	1
827	-0.0907	_06274_	3
827	-0.0907	_40021_	1
827	-0.0907	_39994_	1
827	-0.0907	_39992_	1
827	-0.0907	_39875_	1
827	-0.0907	_01104_	1
827	-0.0907	_13354_	10
827	-0.0907	_13353_	10
827	-0.0907	_13326_	9
827	-0.0907	fdct_zigzag.dct_mod.dct_block_0.dct_unit_0.ddin[4]	4
828	-0.0906	_11586_	1
828	-0.0906	_25570_	1
828	-0.0906	_07241_	3
828	-0.0906	_37983_	1
828	-0.0906	_37941_	1
828	-0.0906	_37938_	1
828	-0.0906	_44689_	1
828	-0.0906	_02633_	1
828	-0.0906	_13476_	10
828	-0.0906	_13353_	10
828	-0.0906	_13326_	9
828	-0.0906	fdct_zigzag.dct_mod.dct_block_0.dct_unit_0.ddin[4]	4
829	-0.0845	_10814_	1
829	-0.0845	_21091_	1
829	-0.0845	_06225_	3
829	-0.0845	_44048_	1
829	-0.0845	_41729_	1
829	-0.0845	_41727_	1
829	-0.0845	_40420_	1
829	-0.0845	_01243_	2
829	-0.0845	_13665_	10
829	-0.0845	_13520_	10
829	-0.0845	_13328_	9
829	-0.0845	fdct_zigzag.dct_mod.dct_block_0.dct_unit_0.ddin[5]	4
830	-0.0834	_10428_	1
830	-0.0834	_02847_	1
830	-0.0834	_02845_	2
830	-0.0834	_45136_	1
830	-0.0834	_45133_	1
830	-0.0834	_42386_	1
830	-0.0834	_42384_	1
830	-0.0834	_04803_	4
830	-0.0834	_13776_	10
830	-0.0834	_13699_	10
830	-0.0834	_13322_	9
830	-0.0834	fdct_zigzag.dct_mod.dct_block_0.dct_unit_0.ddin[2]	4
831	-0.0828	_10247_	1
831	-0.0828	_02655_	1
831	-0.0828	_02653_	2
831	-0.0828	_44485_	1
831	-0.0828	_44482_	1
831	-0.0828	_41974_	1
831	-0.0828	_41972_	1
831	-0.0828	_03686_	4
831	-0.0828	_13515_	10
831	-0.0828	_13514_	10
831	-0.0828	_13322_	9
831	-0.0828	fdct_zigzag.dct_mod.dct_block_0.dct_unit_0.ddin[2]	4
832	-0.0828	_10620_	1
832	-0.0828	_02061_	1
832	-0.0828	_02059_	2
832	-0.0828	_42716_	1
832	-0.0828	_42713_	1
832	-0.0828	_42444_	1
832	-0.0828	_42442_	1
832	-0.0828	_06064_	4
832	-0.0828	_13535_	10
832	-0.0828	_13514_	10
832	-0.0828	_13322_	9
832	-0.0828	fdct_zigzag.dct_mod.dct_block_0.dct_unit_0.ddin[2]	4
833	-0.0828	_11526_	1
833	-0.0828	_02047_	1
833	-0.0828	_02045_	2
833	-0.0828	_44220_	1
833	-0.0828	_44218_	1
833	-0.0828	_45353_	1
833	-0.0828	_45351_	1
833	-0.0828	_07606_	4
833	-0.0828	_13550_	10
833	-0.0828	_13514_	10
833	-0.0828	_13322_	9
833	-0.0828	fdct_zigzag.dct_mod.dct_block_0.dct_unit_0.ddin[2]	4
834	-0.0782	_11091_	1
834	-0.0782	_01352_	1
834	-0.0782	_40796_	2
834	-0.0782	_40794_	1
834	-0.0782	_40682_	1
834	-0.0782	_40629_	1
834	-0.0782	_00689_	5
834	-0.0782	_13425_	10
834	-0.0782	_13355_	10
834	-0.0782	_13328_	9
834	-0.0782	fdct_zigzag.dct_mod.dct_block_0.dct_unit_0.ddin[5]	4
835	-0.0761	_10029_	1
835	-0.0761	_01645_	1
835	-0.0761	_41710_	2
835	-0.0761	_47455_	1
835	-0.0761	_41577_	1
835	-0.0761	_40305_	1
835	-0.0761	_00980_	5
835	-0.0761	_13519_	10
835	-0.0761	_13518_	10
835	-0.0761	_13326_	9
835	-0.0761	fdct_zigzag.dct_mod.dct_block_0.dct_unit_0.ddin[4]	4
836	-0.0750	_10169_	1
836	-0.0750	_03092_	1
836	-0.0750	_03090_	2
836	-0.0750	_46395_	1
836	-0.0750	_46392_	1
836	-0.0750	_45992_	1
836	-0.0750	_45988_	1
836	-0.0750	_00980_	5
836	-0.0750	_13519_	10
836	-0.0750	_13518_	10
836	-0.0750	_13326_	9
836	-0.0750	fdct_zigzag.dct_mod.dct_block_0.dct_unit_0.ddin[4]	4
837	-0.0748	_10385_	1
837	-0.0748	_18741_	1
837	-0.0748	_03402_	2
837	-0.0748	_03401_	2
837	-0.0748	_41355_	1
837	-0.0748	_41352_	1
837	-0.0748	_44902_	1
837	-0.0748	_44899_	1
837	-0.0748	_02240_	3
837	-0.0748	_13459_	10
837	-0.0748	_13353_	10
837	-0.0748	_13326_	9
837	-0.0748	fdct_zigzag.dct_mod.dct_block_0.dct_unit_0.ddin[4]	4
838	-0.0746	_11370_	1
838	-0.0746	_02887_	1
838	-0.0746	_02885_	2
838	-0.0746	_45099_	1
838	-0.0746	_45096_	1
838	-0.0746	_41259_	1
838	-0.0746	_41257_	1
838	-0.0746	_08003_	3
838	-0.0746	_13570_	10
838	-0.0746	_13514_	10
838	-0.0746	_13322_	9
838	-0.0746	fdct_zigzag.dct_mod.dct_block_0.dct_unit_0.ddin[2]	4
839	-0.0746	_11864_	1
839	-0.0746	_01765_	1
839	-0.0746	_01763_	2
839	-0.0746	_41898_	1
839	-0.0746	_41895_	1
839	-0.0746	_41301_	1
839	-0.0746	_41299_	1
839	-0.0746	_05595_	3
839	-0.0746	_13535_	10
839	-0.0746	_13514_	10
839	-0.0746	_13322_	9
839	-0.0746	fdct_zigzag.dct_mod.dct_block_0.dct_unit_0.ddin[2]	4
840	-0.0738	_10107_	1
840	-0.0738	_01264_	1
840	-0.0738	_01262_	2
840	-0.0738	_43591_	1
840	-0.0738	_43589_	1
840	-0.0738	_41114_	1
840	-0.0738	_41112_	1
840	-0.0738	_07300_	3
840	-0.0738	_13497_	10
840	-0.0738	_13349_	10
840	-0.0738	_13322_	9
840	-0.0738	fdct_zigzag.dct_mod.dct_block_0.dct_unit_0.ddin[2]	4
841	-0.0738	_11703_	1
841	-0.0738	_00792_	1
841	-0.0738	_00790_	2
841	-0.0738	_38893_	1
841	-0.0738	_38890_	1
841	-0.0738	_38742_	1
841	-0.0738	_38740_	1
841	-0.0738	_03613_	3
841	-0.0738	_13422_	10
841	-0.0738	_13349_	10
841	-0.0738	_13322_	9
841	-0.0738	fdct_zigzag.dct_mod.dct_block_0.dct_unit_0.ddin[2]	4
842	-0.0735	_11247_	1
842	-0.0735	_01969_	1
842	-0.0735	_01967_	2
842	-0.0735	_42568_	1
842	-0.0735	_42566_	1
842	-0.0735	_42977_	1
842	-0.0735	_42974_	1
842	-0.0735	_01429_	5
842	-0.0735	_13519_	10
842	-0.0735	_13518_	10
842	-0.0735	_13326_	9
842	-0.0735	fdct_zigzag.dct_mod.dct_block_0.dct_unit_0.ddin[4]	4
843	-0.0735	_11448_	1
843	-0.0735	_02356_	1
843	-0.0735	_02354_	2
843	-0.0735	_43385_	1
843	-0.0735	_43382_	1
843	-0.0735	_46656_	1
843	-0.0735	_46653_	1
843	-0.0735	_00473_	5
843	-0.0735	_13552_	10
843	-0.0735	_13518_	10
843	-0.0735	_13326_	9
843	-0.0735	fdct_zigzag.dct_mod.dct_block_0.dct_unit_0.ddin[4]	4
844	-0.0728	_11289_	1
844	-0.0728	_02700_	1
844	-0.0728	_44819_	2
844	-0.0728	_44817_	1
844	-0.0728	_47810_	1
844	-0.0728	_38357_	1
844	-0.0728	_00438_	5
844	-0.0728	_13553_	10
844	-0.0728	_13520_	10
844	-0.0728	_13328_	9
844	-0.0728	fdct_zigzag.dct_mod.dct_block_0.dct_unit_0.ddin[5]	4
845	-0.0728	_12498_	1
845	-0.0728	_03396_	1
845	-0.0728	_47210_	2
845	-0.0728	_47208_	1
845	-0.0728	_48012_	1
845	-0.0728	_46688_	1
845	-0.0728	_01427_	5
845	-0.0728	_13521_	10
845	-0.0728	_13520_	10
845	-0.0728	_13328_	9
845	-0.0728	fdct_zigzag.dct_mod.dct_block_0.dct_unit_0.ddin[5]	4
846	-0.0727	_12343_	1
846	-0.0727	_03104_	1
846	-0.0727	_42084_	2
846	-0.0727	_42082_	1
846	-0.0727	_47727_	1
846	-0.0727	_41955_	1
846	-0.0727	_00689_	5
846	-0.0727	_13425_	10
846	-0.0727	_13355_	10
846	-0.0727	_13328_	9
846	-0.0727	fdct_zigzag.dct_mod.dct_block_0.dct_unit_0.ddin[5]	4
847	-0.0706	_10560_	1
847	-0.0706	_19706_	1
847	-0.0706	_00593_	2
847	-0.0706	_00592_	2
847	-0.0706	_42934_	1
847	-0.0706	_42932_	1
847	-0.0706	_38294_	1
847	-0.0706	_38292_	1
847	-0.0706	_05756_	2
847	-0.0706	_13901_	10
847	-0.0706	_13319_	10
847	-0.0706	_13314_	9
847	-0.0706	fdct_zigzag.dct_mod.dct_block_0.dct_unit_0.ddin[1]	2
848	-0.0683	_11742_	1
848	-0.0683	_00883_	1
848	-0.0683	_00881_	2
848	-0.0683	_39161_	1
848	-0.0683	_39158_	1
848	-0.0683	_39012_	1
848	-0.0683	_39010_	1
848	-0.0683	_01215_	3
848	-0.0683	_13398_	10
848	-0.0683	_13316_	10
848	-0.0683	_13314_	9
848	-0.0683	fdct_zigzag.dct_mod.dct_block_0.dct_unit_0.ddin[1]	2
849	-0.0672	_10470_	1
849	-0.0672	_02944_	1
849	-0.0672	_02942_	2
849	-0.0672	_43088_	1
849	-0.0672	_43085_	1
849	-0.0672	_45802_	1
849	-0.0672	_45801_	1
849	-0.0672	_00986_	3
849	-0.0672	_13346_	10
849	-0.0672	_13316_	10
849	-0.0672	_13314_	9
849	-0.0672	fdct_zigzag.dct_mod.dct_block_0.dct_unit_0.ddin[1]	2
850	-0.0649	_10509_	1
850	-0.0649	_02782_	1
850	-0.0649	_02780_	2
850	-0.0649	_45582_	1
850	-0.0649	_45580_	1
850	-0.0649	_46890_	1
850	-0.0649	_46889_	1
850	-0.0649	_06352_	2
850	-0.0649	_13794_	10
850	-0.0649	_13699_	10
850	-0.0649	_13322_	9
850	-0.0649	fdct_zigzag.dct_mod.dct_block_0.dct_unit_0.ddin[2]	4
851	-0.0649	_11013_	1
851	-0.0649	_02058_	1
851	-0.0649	_02056_	2
851	-0.0649	_42755_	1
851	-0.0649	_42753_	1
851	-0.0649	_43666_	1
851	-0.0649	_43665_	1
851	-0.0649	_04390_	2
851	-0.0649	_13794_	10
851	-0.0649	_13699_	10
851	-0.0649	_13322_	9
851	-0.0649	fdct_zigzag.dct_mod.dct_block_0.dct_unit_0.ddin[2]	4
852	-0.0649	_11987_	1
852	-0.0649	_02740_	1
852	-0.0649	_02738_	2
852	-0.0649	_42560_	1
852	-0.0649	_42557_	1
852	-0.0649	_45417_	1
852	-0.0649	_45416_	1
852	-0.0649	_07851_	2
852	-0.0649	_13683_	10
852	-0.0649	_13514_	10
852	-0.0649	_13322_	9
852	-0.0649	fdct_zigzag.dct_mod.dct_block_0.dct_unit_0.ddin[2]	4
853	-0.0649	_11625_	1
853	-0.0649	_00583_	1
853	-0.0649	_00581_	2
853	-0.0649	_38272_	1
853	-0.0649	_38269_	1
853	-0.0649	_38108_	1
853	-0.0649	_38106_	1
853	-0.0649	_03493_	2
853	-0.0649	_13457_	10
853	-0.0649	_13349_	10
853	-0.0649	_13322_	9
853	-0.0649	fdct_zigzag.dct_mod.dct_block_0.dct_unit_0.ddin[2]	4
854	-0.0649	_12065_	1
854	-0.0649	_00880_	1
854	-0.0649	_00878_	2
854	-0.0649	_38956_	1
854	-0.0649	_38953_	1
854	-0.0649	_38787_	1
854	-0.0649	_38786_	1
854	-0.0649	_03509_	2
854	-0.0649	_13497_	10
854	-0.0649	_13349_	10
854	-0.0649	_13322_	9
854	-0.0649	fdct_zigzag.dct_mod.dct_block_0.dct_unit_0.ddin[2]	4
855	-0.0649	_11909_	1
855	-0.0649	_02614_	1
855	-0.0649	_02612_	2
855	-0.0649	_44411_	1
855	-0.0649	_44408_	1
855	-0.0649	_43958_	1
855	-0.0649	_43956_	1
855	-0.0649	_03863_	2
855	-0.0649	_13350_	10
855	-0.0649	_13349_	10
855	-0.0649	_13322_	9
855	-0.0649	fdct_zigzag.dct_mod.dct_block_0.dct_unit_0.ddin[2]	4
856	-0.0649	_12260_	1
856	-0.0649	_03131_	1
856	-0.0649	_03129_	2
856	-0.0649	_46552_	1
856	-0.0649	_46549_	1
856	-0.0649	_46339_	1
856	-0.0649	_46337_	1
856	-0.0649	_03731_	2
856	-0.0649	_13389_	10
856	-0.0649	_13349_	10
856	-0.0649	_13322_	9
856	-0.0649	fdct_zigzag.dct_mod.dct_block_0.dct_unit_0.ddin[2]	4
857	-0.0631	_10892_	1
857	-0.0631	_21557_	1
857	-0.0631	_01235_	2
857	-0.0631	_01234_	2
857	-0.0631	_46727_	1
857	-0.0631	_46725_	1
857	-0.0631	_45980_	1
857	-0.0631	_45977_	1
857	-0.0631	_03159_	2
857	-0.0631	_13500_	10
857	-0.0631	_13353_	10
857	-0.0631	_13326_	9
857	-0.0631	fdct_zigzag.dct_mod.dct_block_0.dct_unit_0.ddin[4]	4
858	-0.0620	_10308_	1
858	-0.0620	_03031_	1
858	-0.0620	_03029_	2
858	-0.0620	_46108_	1
858	-0.0620	_46105_	1
858	-0.0620	_45032_	1
858	-0.0620	_45028_	1
858	-0.0620	_00825_	4
858	-0.0620	_13409_	10
858	-0.0620	_13353_	10
858	-0.0620	_13326_	9
858	-0.0620	fdct_zigzag.dct_mod.dct_block_0.dct_unit_0.ddin[4]	4
859	-0.0620	_12460_	1
859	-0.0620	_01415_	1
859	-0.0620	_01413_	2
859	-0.0620	_42009_	1
859	-0.0620	_42007_	1
859	-0.0620	_40187_	1
859	-0.0620	_40183_	1
859	-0.0620	_00825_	4
859	-0.0620	_13409_	10
859	-0.0620	_13353_	10
859	-0.0620	_13326_	9
859	-0.0620	fdct_zigzag.dct_mod.dct_block_0.dct_unit_0.ddin[4]	4
860	-0.0596	_11208_	1
860	-0.0596	_02489_	1
860	-0.0596	_02487_	2
860	-0.0596	_44029_	1
860	-0.0596	_44026_	1
860	-0.0596	_43454_	1
860	-0.0596	_43452_	1
860	-0.0596	_03052_	3
860	-0.0596	_13746_	10
860	-0.0596	_13674_	10
860	-0.0596	_13314_	9
860	-0.0596	fdct_zigzag.dct_mod.dct_block_0.dct_unit_0.ddin[1]	2
861	-0.0590	_11052_	1
861	-0.0590	_01299_	1
861	-0.0590	_01297_	2
861	-0.0590	_40590_	1
861	-0.0590	_40587_	1
861	-0.0590	_40487_	1
861	-0.0590	_40485_	1
861	-0.0590	_02675_	3
861	-0.0590	_13627_	10
861	-0.0590	_13428_	10
861	-0.0590	_13314_	9
861	-0.0590	fdct_zigzag.dct_mod.dct_block_0.dct_unit_0.ddin[1]	2
862	-0.0588	_10971_	1
862	-0.0588	_00708_	1
862	-0.0588	_00706_	2
862	-0.0588	_45600_	1
862	-0.0588	_45598_	1
862	-0.0588	_47159_	1
862	-0.0588	_47158_	1
862	-0.0588	_02883_	3
862	-0.0588	_13804_	10
862	-0.0588	_13674_	10
862	-0.0588	_13314_	9
862	-0.0588	fdct_zigzag.dct_mod.dct_block_0.dct_unit_0.ddin[1]	2
863	-0.0584	_12382_	1
863	-0.0584	_02536_	1
863	-0.0584	_02534_	2
863	-0.0584	_43519_	1
863	-0.0584	_43516_	1
863	-0.0584	_41734_	1
863	-0.0584	_41732_	1
863	-0.0584	_02142_	3
863	-0.0584	_13746_	10
863	-0.0584	_13674_	10
863	-0.0584	_13314_	9
863	-0.0584	fdct_zigzag.dct_mod.dct_block_0.dct_unit_0.ddin[1]	2
864	-0.0573	_11825_	1
864	-0.0573	_01075_	1
864	-0.0573	_01073_	2
864	-0.0573	_39764_	1
864	-0.0573	_39761_	1
864	-0.0573	_39611_	1
864	-0.0573	_39609_	1
864	-0.0573	_03809_	2
864	-0.0573	_13346_	10
864	-0.0573	_13316_	10
864	-0.0573	_13314_	9
864	-0.0573	fdct_zigzag.dct_mod.dct_block_0.dct_unit_0.ddin[1]	2
865	-0.0567	_13092_	1
865	-0.0567	_13336_	10
865	-0.0567	_13334_	10
865	-0.0567	fdct_zigzag.dct_mod.dct_block_0.dct_unit_0.ddin[8]	82
866	-0.0548	_10347_	1
866	-0.0548	_03152_	1
866	-0.0548	_03150_	2
866	-0.0548	_45484_	1
866	-0.0548	_45481_	1
866	-0.0548	_47002_	1
866	-0.0548	_47001_	1
866	-0.0548	_08466_	1
866	-0.0548	_13630_	10
866	-0.0548	_13514_	10
866	-0.0548	_13322_	9
866	-0.0548	fdct_zigzag.dct_mod.dct_block_0.dct_unit_0.ddin[2]	4
867	-0.0548	_11169_	1
867	-0.0548	_02088_	1
867	-0.0548	_02086_	2
867	-0.0548	_47371_	1
867	-0.0548	_47369_	1
867	-0.0548	_45529_	1
867	-0.0548	_45527_	1
867	-0.0548	_08407_	1
867	-0.0548	_13761_	10
867	-0.0548	_13699_	10
867	-0.0548	_13322_	9
867	-0.0548	fdct_zigzag.dct_mod.dct_block_0.dct_unit_0.ddin[2]	4
868	-0.0548	_11130_	1
868	-0.0548	_03379_	1
868	-0.0548	_03377_	2
868	-0.0548	_41503_	1
868	-0.0548	_41500_	1
868	-0.0548	_42347_	1
868	-0.0548	_42345_	1
868	-0.0548	_05253_	1
868	-0.0548	_13761_	10
868	-0.0548	_13699_	10
868	-0.0548	_13322_	9
868	-0.0548	fdct_zigzag.dct_mod.dct_block_0.dct_unit_0.ddin[2]	4
869	-0.0548	_12140_	1
869	-0.0548	_01289_	1
869	-0.0548	_01287_	2
869	-0.0548	_41382_	1
869	-0.0548	_41380_	1
869	-0.0548	_44181_	1
869	-0.0548	_44180_	1
869	-0.0548	_06034_	1
869	-0.0548	_13869_	10
869	-0.0548	_13699_	10
869	-0.0548	_13322_	9
869	-0.0548	fdct_zigzag.dct_mod.dct_block_0.dct_unit_0.ddin[2]	4
870	-0.0548	_12305_	1
870	-0.0548	_02941_	1
870	-0.0548	_02939_	2
870	-0.0548	_45727_	1
870	-0.0548	_45724_	1
870	-0.0548	_45341_	1
870	-0.0548	_45339_	1
870	-0.0548	_07766_	1
870	-0.0548	_13736_	10
870	-0.0548	_13699_	10
870	-0.0548	_13322_	9
870	-0.0548	fdct_zigzag.dct_mod.dct_block_0.dct_unit_0.ddin[2]	4
871	-0.0548	_12218_	1
871	-0.0548	_03375_	1
871	-0.0548	_03373_	2
871	-0.0548	_47307_	1
871	-0.0548	_47304_	1
871	-0.0548	_47102_	1
871	-0.0548	_47100_	1
871	-0.0548	_08674_	1
871	-0.0548	_13683_	10
871	-0.0548	_13514_	10
871	-0.0548	_13322_	9
871	-0.0548	fdct_zigzag.dct_mod.dct_block_0.dct_unit_0.ddin[2]	4
872	-0.0547	_10737_	1
872	-0.0547	_01149_	1
872	-0.0547	_01147_	2
872	-0.0547	_40030_	1
872	-0.0547	_40027_	1
872	-0.0547	_39918_	1
872	-0.0547	_39916_	1
872	-0.0547	_03869_	1
872	-0.0547	_13350_	10
872	-0.0547	_13349_	10
872	-0.0547	_13322_	9
872	-0.0547	fdct_zigzag.dct_mod.dct_block_0.dct_unit_0.ddin[2]	4
873	-0.0547	_10659_	1
873	-0.0547	_01590_	1
873	-0.0547	_01588_	2
873	-0.0547	_41203_	1
873	-0.0547	_41200_	1
873	-0.0547	_46855_	1
873	-0.0547	_46854_	1
873	-0.0547	_08535_	1
873	-0.0547	_13497_	10
873	-0.0547	_13349_	10
873	-0.0547	_13322_	9
873	-0.0547	fdct_zigzag.dct_mod.dct_block_0.dct_unit_0.ddin[2]	4
874	-0.0547	_11783_	1
874	-0.0547	_00974_	1
874	-0.0547	_00972_	2
874	-0.0547	_39435_	1
874	-0.0547	_39432_	1
874	-0.0547	_39299_	1
874	-0.0547	_39297_	1
874	-0.0547	_03737_	1
874	-0.0547	_13389_	10
874	-0.0547	_13349_	10
874	-0.0547	_13322_	9
874	-0.0547	fdct_zigzag.dct_mod.dct_block_0.dct_unit_0.ddin[2]	4
875	-0.0547	_11664_	1
875	-0.0547	_00665_	1
875	-0.0547	_00663_	2
875	-0.0547	_38584_	1
875	-0.0547	_38581_	1
875	-0.0547	_38423_	1
875	-0.0547	_38421_	1
875	-0.0547	_03553_	1
875	-0.0547	_13439_	10
875	-0.0547	_13349_	10
875	-0.0547	_13322_	9
875	-0.0547	fdct_zigzag.dct_mod.dct_block_0.dct_unit_0.ddin[2]	4
876	-0.0547	_11587_	1
876	-0.0547	_00467_	1
876	-0.0547	_00465_	2
876	-0.0547	_37993_	1
876	-0.0547	_37990_	1
876	-0.0547	_47467_	1
876	-0.0547	_47466_	1
876	-0.0547	_07829_	1
876	-0.0547	_13474_	10
876	-0.0547	_13349_	10
876	-0.0547	_13322_	9
876	-0.0547	fdct_zigzag.dct_mod.dct_block_0.dct_unit_0.ddin[2]	4
877	-0.0547	_12421_	1
877	-0.0547	_02565_	1
877	-0.0547	_02563_	2
877	-0.0547	_44913_	1
877	-0.0547	_44911_	1
877	-0.0547	_47336_	1
877	-0.0547	_47335_	1
877	-0.0547	_08824_	1
877	-0.0547	_13858_	10
877	-0.0547	_13699_	10
877	-0.0547	_13322_	9
877	-0.0547	fdct_zigzag.dct_mod.dct_block_0.dct_unit_0.ddin[2]	4
878	-0.0521	_10386_	1
878	-0.0521	_03403_	1
878	-0.0521	_03401_	2
878	-0.0521	_41355_	1
878	-0.0521	_41352_	1
878	-0.0521	_44902_	1
878	-0.0521	_44899_	1
878	-0.0521	_02240_	3
878	-0.0521	_13459_	10
878	-0.0521	_13353_	10
878	-0.0521	_13326_	9
878	-0.0521	fdct_zigzag.dct_mod.dct_block_0.dct_unit_0.ddin[4]	4
879	-0.0505	_10855_	1
879	-0.0505	_03900_	1
879	-0.0505	_46429_	1
879	-0.0505	_46428_	1
879	-0.0505	_46519_	1
879	-0.0505	_02089_	4
879	-0.0505	_02772_	6
879	-0.0505	_13474_	10
879	-0.0505	_13349_	10
879	-0.0505	_13322_	9
879	-0.0505	fdct_zigzag.dct_mod.dct_block_0.dct_unit_0.ddin[2]	4
880	-0.0478	_10561_	1
880	-0.0478	_00594_	1
880	-0.0478	_00592_	2
880	-0.0478	_42934_	1
880	-0.0478	_42932_	1
880	-0.0478	_38294_	1
880	-0.0478	_38292_	1
880	-0.0478	_05756_	2
880	-0.0478	_13901_	10
880	-0.0478	_13319_	10
880	-0.0478	_13314_	9
880	-0.0478	fdct_zigzag.dct_mod.dct_block_0.dct_unit_0.ddin[1]	2
881	-0.0469	_10815_	1
881	-0.0469	_01537_	1
881	-0.0469	_41399_	2
881	-0.0469	_43840_	1
881	-0.0469	_43018_	1
881	-0.0469	_43014_	1
881	-0.0469	_02074_	3
881	-0.0469	_13664_	10
881	-0.0469	_13518_	10
881	-0.0469	_13326_	9
881	-0.0469	fdct_zigzag.dct_mod.dct_block_0.dct_unit_0.ddin[4]	4
882	-0.0404	_10893_	1
882	-0.0404	_01236_	1
882	-0.0404	_01234_	2
882	-0.0404	_46727_	1
882	-0.0404	_46725_	1
882	-0.0404	_45980_	1
882	-0.0404	_45977_	1
882	-0.0404	_03159_	2
882	-0.0404	_13500_	10
882	-0.0404	_13353_	10
882	-0.0404	_13326_	9
882	-0.0404	fdct_zigzag.dct_mod.dct_block_0.dct_unit_0.ddin[4]	4
883	-0.0379	_11949_	1
883	-0.0379	_07342_	1
883	-0.0379	_43350_	1
883	-0.0379	_43347_	1
883	-0.0379	_42849_	1
883	-0.0379	_02091_	4
883	-0.0379	_01242_	4
883	-0.0379	_13661_	10
883	-0.0379	_13514_	10
883	-0.0379	_13322_	9
883	-0.0379	fdct_zigzag.dct_mod.dct_block_0.dct_unit_0.ddin[2]	4
884	-0.0051	_10209_	1
884	-0.0051	_06521_	1
884	-0.0051	_46250_	1
884	-0.0051	_46247_	1
884	-0.0051	_45646_	1
884	-0.0051	_45642_	1
884	-0.0051	_02537_	8
884	-0.0051	_13611_	10
884	-0.0051	_13518_	10
884	-0.0051	_13326_	9
884	-0.0051	fdct_zigzag.dct_mod.dct_block_0.dct_unit_0.ddin[4]	4
885	-0.0051	_10933_	1
885	-0.0051	_05748_	1
885	-0.0051	_41865_	1
885	-0.0051	_41862_	1
885	-0.0051	_41350_	1
885	-0.0051	_41346_	1
885	-0.0051	_01462_	8
885	-0.0051	_13537_	10
885	-0.0051	_13518_	10
885	-0.0051	_13326_	9
885	-0.0051	fdct_zigzag.dct_mod.dct_block_0.dct_unit_0.ddin[4]	4
886	-0.0051	_11488_	1
886	-0.0051	_08025_	1
886	-0.0051	_44579_	1
886	-0.0051	_44576_	1
886	-0.0051	_46568_	1
886	-0.0051	_46566_	1
886	-0.0051	_02892_	8
886	-0.0051	_13572_	10
886	-0.0051	_13518_	10
886	-0.0051	_13326_	9
886	-0.0051	fdct_zigzag.dct_mod.dct_block_0.dct_unit_0.ddin[4]	4
887	-0.0014	_10699_	1
887	-0.0014	_03885_	1
887	-0.0014	_44960_	1
887	-0.0014	_44958_	1
887	-0.0014	_44358_	1
887	-0.0014	_44356_	2
887	-0.0014	_02575_	3
887	-0.0014	_13474_	10
887	-0.0014	_13349_	10
887	-0.0014	_13322_	9
887	-0.0014	fdct_zigzag.dct_mod.dct_block_0.dct_unit_0.ddin[2]	4
888	0.0011	_10069_	1
888	0.0011	_08823_	1
888	0.0011	_44755_	1
888	0.0011	_44753_	1
888	0.0011	_44543_	1
888	0.0011	_44541_	1
888	0.0011	_02837_	4
888	0.0011	_13596_	10
888	0.0011	_13514_	10
888	0.0011	_13322_	9
888	0.0011	fdct_zigzag.dct_mod.dct_block_0.dct_unit_0.ddin[2]	4
889	0.0011	_11332_	1
889	0.0011	_06189_	1
889	0.0011	_46784_	1
889	0.0011	_46781_	1
889	0.0011	_46039_	1
889	0.0011	_46036_	1
889	0.0011	_02661_	4
889	0.0011	_13570_	10
889	0.0011	_13514_	10
889	0.0011	_13322_	9
889	0.0011	fdct_zigzag.dct_mod.dct_block_0.dct_unit_0.ddin[2]	4
890	0.0011	_12180_	1
890	0.0011	_07938_	1
890	0.0011	_45070_	1
890	0.0011	_45068_	1
890	0.0011	_46505_	1
890	0.0011	_46503_	1
890	0.0011	_01407_	4
890	0.0011	_13535_	10
890	0.0011	_13514_	10
890	0.0011	_13322_	9
890	0.0011	fdct_zigzag.dct_mod.dct_block_0.dct_unit_0.ddin[2]	4
891	0.0134	_10429_	1
891	0.0134	_06720_	1
891	0.0134	_45136_	1
891	0.0134	_45133_	1
891	0.0134	_42386_	1
891	0.0134	_42384_	1
891	0.0134	_04803_	4
891	0.0134	_13776_	10
891	0.0134	_13699_	10
891	0.0134	_13322_	9
891	0.0134	fdct_zigzag.dct_mod.dct_block_0.dct_unit_0.ddin[2]	4
892	0.0141	_10248_	1
892	0.0141	_08734_	1
892	0.0141	_44485_	1
892	0.0141	_44482_	1
892	0.0141	_41974_	1
892	0.0141	_41972_	1
892	0.0141	_03686_	4
892	0.0141	_13515_	10
892	0.0141	_13514_	10
892	0.0141	_13322_	9
892	0.0141	fdct_zigzag.dct_mod.dct_block_0.dct_unit_0.ddin[2]	4
893	0.0141	_10621_	1
893	0.0141	_07863_	1
893	0.0141	_42716_	1
893	0.0141	_42713_	1
893	0.0141	_42444_	1
893	0.0141	_42442_	1
893	0.0141	_06064_	4
893	0.0141	_13535_	10
893	0.0141	_13514_	10
893	0.0141	_13322_	9
893	0.0141	fdct_zigzag.dct_mod.dct_block_0.dct_unit_0.ddin[2]	4
894	0.0141	_11527_	1
894	0.0141	_07761_	1
894	0.0141	_44220_	1
894	0.0141	_44218_	1
894	0.0141	_45353_	1
894	0.0141	_45351_	1
894	0.0141	_07606_	4
894	0.0141	_13550_	10
894	0.0141	_13514_	10
894	0.0141	_13322_	9
894	0.0141	fdct_zigzag.dct_mod.dct_block_0.dct_unit_0.ddin[2]	4
895	0.0195	_11092_	1
895	0.0195	_08220_	1
895	0.0195	_40785_	1
895	0.0195	_40782_	1
895	0.0195	_40669_	1
895	0.0195	_40667_	1
895	0.0195	_03617_	4
895	0.0195	_13398_	10
895	0.0195	_13316_	10
895	0.0195	_13314_	9
895	0.0195	fdct_zigzag.dct_mod.dct_block_0.dct_unit_0.ddin[1]	2
896	0.0219	_10170_	1
896	0.0219	_08121_	1
896	0.0219	_46395_	1
896	0.0219	_46392_	1
896	0.0219	_45992_	1
896	0.0219	_45988_	1
896	0.0219	_00980_	5
896	0.0219	_13519_	10
896	0.0219	_13518_	10
896	0.0219	_13326_	9
896	0.0219	fdct_zigzag.dct_mod.dct_block_0.dct_unit_0.ddin[4]	4
897	0.0222	_11371_	1
897	0.0222	_03903_	1
897	0.0222	_45099_	1
897	0.0222	_45096_	1
897	0.0222	_41259_	1
897	0.0222	_41257_	1
897	0.0222	_08003_	3
897	0.0222	_13570_	10
897	0.0222	_13514_	10
897	0.0222	_13322_	9
897	0.0222	fdct_zigzag.dct_mod.dct_block_0.dct_unit_0.ddin[2]	4
898	0.0222	_11865_	1
898	0.0222	_08275_	1
898	0.0222	_41898_	1
898	0.0222	_41895_	1
898	0.0222	_41301_	1
898	0.0222	_41299_	1
898	0.0222	_05595_	3
898	0.0222	_13535_	10
898	0.0222	_13514_	10
898	0.0222	_13322_	9
898	0.0222	fdct_zigzag.dct_mod.dct_block_0.dct_unit_0.ddin[2]	4
899	0.0231	_10108_	1
899	0.0231	_05665_	1
899	0.0231	_43591_	1
899	0.0231	_43589_	1
899	0.0231	_41114_	1
899	0.0231	_41112_	1
899	0.0231	_07300_	3
899	0.0231	_13497_	10
899	0.0231	_13349_	10
899	0.0231	_13322_	9
899	0.0231	fdct_zigzag.dct_mod.dct_block_0.dct_unit_0.ddin[2]	4
900	0.0231	_11704_	1
900	0.0231	_03589_	1
900	0.0231	_38893_	1
900	0.0231	_38890_	1
900	0.0231	_38742_	1
900	0.0231	_38740_	1
900	0.0231	_03613_	3
900	0.0231	_13422_	10
900	0.0231	_13349_	10
900	0.0231	_13322_	9
900	0.0231	fdct_zigzag.dct_mod.dct_block_0.dct_unit_0.ddin[2]	4
901	0.0234	_11248_	1
901	0.0234	_06141_	1
901	0.0234	_42568_	1
901	0.0234	_42566_	1
901	0.0234	_42977_	1
901	0.0234	_42974_	1
901	0.0234	_01429_	5
901	0.0234	_13519_	10
901	0.0234	_13518_	10
901	0.0234	_13326_	9
901	0.0234	fdct_zigzag.dct_mod.dct_block_0.dct_unit_0.ddin[4]	4
902	0.0234	_11449_	1
902	0.0234	_03588_	1
902	0.0234	_43385_	1
902	0.0234	_43382_	1
902	0.0234	_46656_	1
902	0.0234	_46653_	1
902	0.0234	_00473_	5
902	0.0234	_13552_	10
902	0.0234	_13518_	10
902	0.0234	_13326_	9
902	0.0234	fdct_zigzag.dct_mod.dct_block_0.dct_unit_0.ddin[4]	4
903	0.0281	_12344_	1
903	0.0281	_07850_	1
903	0.0281	_40448_	1
903	0.0281	_40445_	1
903	0.0281	_42014_	1
903	0.0281	_42012_	1
903	0.0281	_05679_	4
903	0.0281	_13822_	10
903	0.0281	_13674_	10
903	0.0281	_13314_	9
903	0.0281	fdct_zigzag.dct_mod.dct_block_0.dct_unit_0.ddin[1]	2
904	0.0282	_10030_	1
904	0.0282	_07192_	1
904	0.0282	_44574_	1
904	0.0282	_44572_	1
904	0.0282	_41635_	1
904	0.0282	_41633_	1
904	0.0282	_03691_	4
904	0.0282	_13607_	10
904	0.0282	_13428_	10
904	0.0282	_13314_	9
904	0.0282	fdct_zigzag.dct_mod.dct_block_0.dct_unit_0.ddin[1]	2
905	0.0282	_11290_	1
905	0.0282	_03921_	1
905	0.0282	_44824_	1
905	0.0282	_44821_	1
905	0.0282	_41493_	1
905	0.0282	_41491_	1
905	0.0282	_07017_	4
905	0.0282	_13560_	10
905	0.0282	_13428_	10
905	0.0282	_13314_	9
905	0.0282	fdct_zigzag.dct_mod.dct_block_0.dct_unit_0.ddin[1]	2
906	0.0282	_12499_	1
906	0.0282	_07996_	1
906	0.0282	_47215_	1
906	0.0282	_47212_	1
906	0.0282	_46830_	1
906	0.0282	_46828_	1
906	0.0282	_06067_	4
906	0.0282	_13529_	10
906	0.0282	_13428_	10
906	0.0282	_13314_	9
906	0.0282	fdct_zigzag.dct_mod.dct_block_0.dct_unit_0.ddin[1]	2
907	0.0286	_11743_	1
907	0.0286	_03504_	1
907	0.0286	_39161_	1
907	0.0286	_39158_	1
907	0.0286	_39012_	1
907	0.0286	_39010_	1
907	0.0286	_01215_	3
907	0.0286	_13398_	10
907	0.0286	_13316_	10
907	0.0286	_13314_	9
907	0.0286	fdct_zigzag.dct_mod.dct_block_0.dct_unit_0.ddin[1]	2
908	0.0293	_11950_	1
908	0.0293	_02265_	1
908	0.0293	_43355_	1
908	0.0293	_47779_	2
908	0.0293	_02089_	4
908	0.0293	_02772_	6
908	0.0293	_13474_	10
908	0.0293	_13349_	10
908	0.0293	_13322_	9
908	0.0293	fdct_zigzag.dct_mod.dct_block_0.dct_unit_0.ddin[2]	4
909	0.0297	_10471_	1
909	0.0297	_08898_	1
909	0.0297	_43088_	1
909	0.0297	_43085_	1
909	0.0297	_45802_	1
909	0.0297	_45801_	1
909	0.0297	_00986_	3
909	0.0297	_13346_	10
909	0.0297	_13316_	10
909	0.0297	_13314_	9
909	0.0297	fdct_zigzag.dct_mod.dct_block_0.dct_unit_0.ddin[1]	2
910	0.0319	_10510_	1
910	0.0319	_07571_	1
910	0.0319	_45582_	1
910	0.0319	_45580_	1
910	0.0319	_46890_	1
910	0.0319	_46889_	1
910	0.0319	_06352_	2
910	0.0319	_13794_	10
910	0.0319	_13699_	10
910	0.0319	_13322_	9
910	0.0319	fdct_zigzag.dct_mod.dct_block_0.dct_unit_0.ddin[2]	4
911	0.0319	_11014_	1
911	0.0319	_08083_	1
911	0.0319	_42755_	1
911	0.0319	_42753_	1
911	0.0319	_43666_	1
911	0.0319	_43665_	1
911	0.0319	_04390_	2
911	0.0319	_13794_	10
911	0.0319	_13699_	10
911	0.0319	_13322_	9
911	0.0319	fdct_zigzag.dct_mod.dct_block_0.dct_unit_0.ddin[2]	4
912	0.0319	_11988_	1
912	0.0319	_08278_	1
912	0.0319	_42560_	1
912	0.0319	_42557_	1
912	0.0319	_45417_	1
912	0.0319	_45416_	1
912	0.0319	_07851_	2
912	0.0319	_13683_	10
912	0.0319	_13514_	10
912	0.0319	_13322_	9
912	0.0319	fdct_zigzag.dct_mod.dct_block_0.dct_unit_0.ddin[2]	4
913	0.0320	_11626_	1
913	0.0320	_05728_	1
913	0.0320	_38272_	1
913	0.0320	_38269_	1
913	0.0320	_38108_	1
913	0.0320	_38106_	1
913	0.0320	_03493_	2
913	0.0320	_13457_	10
913	0.0320	_13349_	10
913	0.0320	_13322_	9
913	0.0320	fdct_zigzag.dct_mod.dct_block_0.dct_unit_0.ddin[2]	4
914	0.0320	_12066_	1
914	0.0320	_06781_	1
914	0.0320	_38956_	1
914	0.0320	_38953_	1
914	0.0320	_38787_	1
914	0.0320	_38786_	1
914	0.0320	_03509_	2
914	0.0320	_13497_	10
914	0.0320	_13349_	10
914	0.0320	_13322_	9
914	0.0320	fdct_zigzag.dct_mod.dct_block_0.dct_unit_0.ddin[2]	4
915	0.0320	_11910_	1
915	0.0320	_07388_	1
915	0.0320	_44411_	1
915	0.0320	_44408_	1
915	0.0320	_43958_	1
915	0.0320	_43956_	1
915	0.0320	_03863_	2
915	0.0320	_13350_	10
915	0.0320	_13349_	10
915	0.0320	_13322_	9
915	0.0320	fdct_zigzag.dct_mod.dct_block_0.dct_unit_0.ddin[2]	4
916	0.0320	_12261_	1
916	0.0320	_08306_	1
916	0.0320	_46552_	1
916	0.0320	_46549_	1
916	0.0320	_46339_	1
916	0.0320	_46337_	1
916	0.0320	_03731_	2
916	0.0320	_13389_	10
916	0.0320	_13349_	10
916	0.0320	_13322_	9
916	0.0320	fdct_zigzag.dct_mod.dct_block_0.dct_unit_0.ddin[2]	4
917	0.0349	_10309_	1
917	0.0349	_07179_	1
917	0.0349	_46108_	1
917	0.0349	_46105_	1
917	0.0349	_45032_	1
917	0.0349	_45028_	1
917	0.0349	_00825_	4
917	0.0349	_13409_	10
917	0.0349	_13353_	10
917	0.0349	_13326_	9
917	0.0349	fdct_zigzag.dct_mod.dct_block_0.dct_unit_0.ddin[4]	4
918	0.0349	_12461_	1
918	0.0349	_08323_	1
918	0.0349	_42009_	1
918	0.0349	_42007_	1
918	0.0349	_40187_	1
918	0.0349	_40183_	1
918	0.0349	_00825_	4
918	0.0349	_13409_	10
918	0.0349	_13353_	10
918	0.0349	_13326_	9
918	0.0349	fdct_zigzag.dct_mod.dct_block_0.dct_unit_0.ddin[4]	4
919	0.0351	_12027_	1
919	0.0351	_04277_	1
919	0.0351	_39834_	1
919	0.0351	_39832_	1
919	0.0351	_39120_	1
919	0.0351	_39116_	2
919	0.0351	_03720_	3
919	0.0351	_13317_	10
919	0.0351	_13316_	10
919	0.0351	_13314_	9
919	0.0351	fdct_zigzag.dct_mod.dct_block_0.dct_unit_0.ddin[1]	2
920	0.0373	_11209_	1
920	0.0373	_06337_	1
920	0.0373	_44029_	1
920	0.0373	_44026_	1
920	0.0373	_43454_	1
920	0.0373	_43452_	1
920	0.0373	_03052_	3
920	0.0373	_13746_	10
920	0.0373	_13674_	10
920	0.0373	_13314_	9
920	0.0373	fdct_zigzag.dct_mod.dct_block_0.dct_unit_0.ddin[1]	2
921	0.0378	_11053_	1
921	0.0378	_06656_	1
921	0.0378	_40590_	1
921	0.0378	_40587_	1
921	0.0378	_40487_	1
921	0.0378	_40485_	1
921	0.0378	_02675_	3
921	0.0378	_13627_	10
921	0.0378	_13428_	10
921	0.0378	_13314_	9
921	0.0378	fdct_zigzag.dct_mod.dct_block_0.dct_unit_0.ddin[1]	2
922	0.0381	_10972_	1
922	0.0381	_03831_	1
922	0.0381	_45600_	1
922	0.0381	_45598_	1
922	0.0381	_47159_	1
922	0.0381	_47158_	1
922	0.0381	_02883_	3
922	0.0381	_13804_	10
922	0.0381	_13674_	10
922	0.0381	_13314_	9
922	0.0381	fdct_zigzag.dct_mod.dct_block_0.dct_unit_0.ddin[1]	2
923	0.0385	_12383_	1
923	0.0385	_05687_	1
923	0.0385	_43519_	1
923	0.0385	_43516_	1
923	0.0385	_41734_	1
923	0.0385	_41732_	1
923	0.0385	_02142_	3
923	0.0385	_13746_	10
923	0.0385	_13674_	10
923	0.0385	_13314_	9
923	0.0385	fdct_zigzag.dct_mod.dct_block_0.dct_unit_0.ddin[1]	2
924	0.0396	_11826_	1
924	0.0396	_03590_	1
924	0.0396	_39764_	1
924	0.0396	_39761_	1
924	0.0396	_39611_	1
924	0.0396	_39609_	1
924	0.0396	_03809_	2
924	0.0396	_13346_	10
924	0.0396	_13316_	10
924	0.0396	_13314_	9
924	0.0396	fdct_zigzag.dct_mod.dct_block_0.dct_unit_0.ddin[1]	2
925	0.0408	_10777_	1
925	0.0408	_03657_	1
925	0.0408	_40294_	1
925	0.0408	_40291_	1
925	0.0408	_40153_	1
925	0.0408	_40150_	1
925	0.0408	_00677_	8
925	0.0408	_13327_	10
925	0.0408	_13326_	9
925	0.0408	fdct_zigzag.dct_mod.dct_block_0.dct_unit_0.ddin[4]	4
926	0.0421	_10348_	1
926	0.0421	_06911_	1
926	0.0421	_45484_	1
926	0.0421	_45481_	1
926	0.0421	_47002_	1
926	0.0421	_47001_	1
926	0.0421	_08466_	1
926	0.0421	_13630_	10
926	0.0421	_13514_	10
926	0.0421	_13322_	9
926	0.0421	fdct_zigzag.dct_mod.dct_block_0.dct_unit_0.ddin[2]	4
927	0.0421	_11170_	1
927	0.0421	_06594_	1
927	0.0421	_47371_	1
927	0.0421	_47369_	1
927	0.0421	_45529_	1
927	0.0421	_45527_	1
927	0.0421	_08407_	1
927	0.0421	_13761_	10
927	0.0421	_13699_	10
927	0.0421	_13322_	9
927	0.0421	fdct_zigzag.dct_mod.dct_block_0.dct_unit_0.ddin[2]	4
928	0.0421	_11131_	1
928	0.0421	_07441_	1
928	0.0421	_41503_	1
928	0.0421	_41500_	1
928	0.0421	_42347_	1
928	0.0421	_42345_	1
928	0.0421	_05253_	1
928	0.0421	_13761_	10
928	0.0421	_13699_	10
928	0.0421	_13322_	9
928	0.0421	fdct_zigzag.dct_mod.dct_block_0.dct_unit_0.ddin[2]	4
929	0.0421	_12141_	1
929	0.0421	_07339_	1
929	0.0421	_41382_	1
929	0.0421	_41380_	1
929	0.0421	_44181_	1
929	0.0421	_44180_	1
929	0.0421	_06034_	1
929	0.0421	_13869_	10
929	0.0421	_13699_	10
929	0.0421	_13322_	9
929	0.0421	fdct_zigzag.dct_mod.dct_block_0.dct_unit_0.ddin[2]	4
930	0.0421	_12422_	1
930	0.0421	_08700_	1
930	0.0421	_44913_	1
930	0.0421	_44911_	1
930	0.0421	_47336_	1
930	0.0421	_47335_	1
930	0.0421	_08824_	1
930	0.0421	_13858_	10
930	0.0421	_13699_	10
930	0.0421	_13322_	9
930	0.0421	fdct_zigzag.dct_mod.dct_block_0.dct_unit_0.ddin[2]	4
931	0.0421	_12306_	1
931	0.0421	_08365_	1
931	0.0421	_45727_	1
931	0.0421	_45724_	1
931	0.0421	_45341_	1
931	0.0421	_45339_	1
931	0.0421	_07766_	1
931	0.0421	_13736_	10
931	0.0421	_13699_	10
931	0.0421	_13322_	9
931	0.0421	fdct_zigzag.dct_mod.dct_block_0.dct_unit_0.ddin[2]	4
932	0.0421	_12219_	1
932	0.0421	_06452_	1
932	0.0421	_47307_	1
932	0.0421	_47304_	1
932	0.0421	_47102_	1
932	0.0421	_47100_	1
932	0.0421	_08674_	1
932	0.0421	_13683_	10
932	0.0421	_13514_	10
932	0.0421	_13322_	9
932	0.0421	fdct_zigzag.dct_mod.dct_block_0.dct_unit_0.ddin[2]	4
933	0.0422	_10738_	1
933	0.0422	_03635_	1
933	0.0422	_40030_	1
933	0.0422	_40027_	1
933	0.0422	_39918_	1
933	0.0422	_39916_	1
933	0.0422	_03869_	1
933	0.0422	_13350_	10
933	0.0422	_13349_	10
933	0.0422	_13322_	9
933	0.0422	fdct_zigzag.dct_mod.dct_block_0.dct_unit_0.ddin[2]	4
934	0.0422	_10660_	1
934	0.0422	_08415_	1
934	0.0422	_41203_	1
934	0.0422	_41200_	1
934	0.0422	_46855_	1
934	0.0422	_46854_	1
934	0.0422	_08535_	1
934	0.0422	_13497_	10
934	0.0422	_13349_	10
934	0.0422	_13322_	9
934	0.0422	fdct_zigzag.dct_mod.dct_block_0.dct_unit_0.ddin[2]	4
935	0.0422	_11784_	1
935	0.0422	_03580_	1
935	0.0422	_39435_	1
935	0.0422	_39432_	1
935	0.0422	_39299_	1
935	0.0422	_39297_	1
935	0.0422	_03737_	1
935	0.0422	_13389_	10
935	0.0422	_13349_	10
935	0.0422	_13322_	9
935	0.0422	fdct_zigzag.dct_mod.dct_block_0.dct_unit_0.ddin[2]	4
936	0.0422	_11665_	1
936	0.0422	_03454_	1
936	0.0422	_38584_	1
936	0.0422	_38581_	1
936	0.0422	_38423_	1
936	0.0422	_38421_	1
936	0.0422	_03553_	1
936	0.0422	_13439_	10
936	0.0422	_13349_	10
936	0.0422	_13322_	9
936	0.0422	fdct_zigzag.dct_mod.dct_block_0.dct_unit_0.ddin[2]	4
937	0.0422	_11588_	1
937	0.0422	_07235_	1
937	0.0422	_37993_	1
937	0.0422	_37990_	1
937	0.0422	_47467_	1
937	0.0422	_47466_	1
937	0.0422	_07829_	1
937	0.0422	_13474_	10
937	0.0422	_13349_	10
937	0.0422	_13322_	9
937	0.0422	fdct_zigzag.dct_mod.dct_block_0.dct_unit_0.ddin[2]	4
938	0.0437	_11410_	1
938	0.0437	_06833_	1
938	0.0437	_41621_	1
938	0.0437	_41618_	1
938	0.0437	_41357_	5
938	0.0437	_03212_	3
938	0.0437	_13591_	10
938	0.0437	_13520_	10
938	0.0437	_13328_	9
938	0.0437	fdct_zigzag.dct_mod.dct_block_0.dct_unit_0.ddin[5]	4
939	0.0448	_10387_	1
939	0.0448	_07784_	1
939	0.0448	_41355_	1
939	0.0448	_41352_	1
939	0.0448	_44902_	1
939	0.0448	_44899_	1
939	0.0448	_02240_	3
939	0.0448	_13459_	10
939	0.0448	_13353_	10
939	0.0448	_13326_	9
939	0.0448	fdct_zigzag.dct_mod.dct_block_0.dct_unit_0.ddin[4]	4
940	0.0490	_10562_	1
940	0.0490	_07517_	1
940	0.0490	_42934_	1
940	0.0490	_42932_	1
940	0.0490	_38294_	1
940	0.0490	_38292_	1
940	0.0490	_05756_	2
940	0.0490	_13901_	10
940	0.0490	_13319_	10
940	0.0490	_13314_	9
940	0.0490	fdct_zigzag.dct_mod.dct_block_0.dct_unit_0.ddin[1]	2
941	0.0500	_10856_	1
941	0.0500	_03025_	1
941	0.0500	_46183_	1
941	0.0500	_47733_	2
941	0.0500	_02091_	4
941	0.0500	_01242_	4
941	0.0500	_13661_	10
941	0.0500	_13514_	10
941	0.0500	_13322_	9
941	0.0500	fdct_zigzag.dct_mod.dct_block_0.dct_unit_0.ddin[2]	4
942	0.0565	_10894_	1
942	0.0565	_03838_	1
942	0.0565	_46727_	1
942	0.0565	_46725_	1
942	0.0565	_45980_	1
942	0.0565	_45977_	1
942	0.0565	_03159_	2
942	0.0565	_13500_	10
942	0.0565	_13353_	10
942	0.0565	_13326_	9
942	0.0565	fdct_zigzag.dct_mod.dct_block_0.dct_unit_0.ddin[4]	4
943	0.0574	_09074_	1
943	0.0574	_14903_	10
943	0.0574	_14285_	10
943	0.0574	_14284_	10
943	0.0574	_14283_	10
943	0.0574	_13982_	10
943	0.0574	_13981_	10
943	0.0574	_13980_	4
944	0.0574	_09077_	1
944	0.0574	_14903_	10
944	0.0574	_14285_	10
944	0.0574	_14284_	10
944	0.0574	_14283_	10
944	0.0574	_13982_	10
944	0.0574	_13981_	10
944	0.0574	_13980_	4
945	0.0574	_09076_	1
945	0.0574	_14903_	10
945	0.0574	_14285_	10
945	0.0574	_14284_	10
945	0.0574	_14283_	10
945	0.0574	_13982_	10
945	0.0574	_13981_	10
945	0.0574	_13980_	4
946	0.0574	_09065_	1
946	0.0574	_14903_	10
946	0.0574	_14285_	10
946	0.0574	_14284_	10
946	0.0574	_14283_	10
946	0.0574	_13982_	10
946	0.0574	_13981_	10
946	0.0574	_13980_	4
947	0.0574	_09091_	1
947	0.0574	_14903_	10
947	0.0574	_14285_	10
947	0.0574	_14284_	10
947	0.0574	_14283_	10
947	0.0574	_13982_	10
947	0.0574	_13981_	10
947	0.0574	_13980_	4
948	0.0574	_09088_	1
948	0.0574	_14903_	10
948	0.0574	_14285_	10
948	0.0574	_14284_	10
948	0.0574	_14283_	10
948	0.0574	_13982_	10
948	0.0574	_13981_	10
948	0.0574	_13980_	4
949	0.0574	_09129_	1
949	0.0574	_14903_	10
949	0.0574	_14285_	10
949	0.0574	_14284_	10
949	0.0574	_14283_	10
949	0.0574	_13982_	10
949	0.0574	_13981_	10
949	0.0574	_13980_	4
950	0.0574	_09127_	1
950	0.0574	_14903_	10
950	0.0574	_14285_	10
950	0.0574	_14284_	10
950	0.0574	_14283_	10
950	0.0574	_13982_	10
950	0.0574	_13981_	10
950	0.0574	_13980_	4
951	0.0574	_09155_	1
951	0.0574	_14903_	10
951	0.0574	_14285_	10
951	0.0574	_14284_	10
951	0.0574	_14283_	10
951	0.0574	_13982_	10
951	0.0574	_13981_	10
951	0.0574	_13980_	4
952	0.0574	_09154_	1
952	0.0574	_14903_	10
952	0.0574	_14285_	10
952	0.0574	_14284_	10
952	0.0574	_14283_	10
952	0.0574	_13982_	10
952	0.0574	_13981_	10
952	0.0574	_13980_	4
953	0.0594	_11833_	1
953	0.0594	_17160_	10
953	0.0594	_16576_	10
953	0.0594	_14054_	10
953	0.0594	_14053_	10
953	0.0594	_14052_	10
953	0.0594	_14051_	6
953	0.0594	_13980_	4
954	0.0594	_11711_	1
954	0.0594	_17160_	10
954	0.0594	_16576_	10
954	0.0594	_14054_	10
954	0.0594	_14053_	10
954	0.0594	_14052_	10
954	0.0594	_14051_	6
954	0.0594	_13980_	4
955	0.0594	_11594_	1
955	0.0594	_17160_	10
955	0.0594	_16576_	10
955	0.0594	_14054_	10
955	0.0594	_14053_	10
955	0.0594	_14052_	10
955	0.0594	_14051_	6
955	0.0594	_13980_	4
956	0.0594	_12351_	1
956	0.0594	_17160_	10
956	0.0594	_16576_	10
956	0.0594	_14054_	10
956	0.0594	_14053_	10
956	0.0594	_14052_	10
956	0.0594	_14051_	6
956	0.0594	_13980_	4
957	0.0594	_12312_	1
957	0.0594	_17160_	10
957	0.0594	_16576_	10
957	0.0594	_14054_	10
957	0.0594	_14053_	10
957	0.0594	_14052_	10
957	0.0594	_14051_	6
957	0.0594	_13980_	4
958	0.0594	_12226_	1
958	0.0594	_17160_	10
958	0.0594	_16576_	10
958	0.0594	_14054_	10
958	0.0594	_14053_	10
958	0.0594	_14052_	10
958	0.0594	_14051_	6
958	0.0594	_13980_	4
959	0.0595	_10816_	1
959	0.0595	_03967_	1
959	0.0595	_43900_	1
959	0.0595	_43898_	1
959	0.0595	_43297_	1
959	0.0595	_43293_	1
959	0.0595	_02075_	4
959	0.0595	_13663_	10
959	0.0595	_13516_	10
959	0.0595	_13324_	9
959	0.0595	fdct_zigzag.dct_mod.dct_block_0.dct_unit_0.ddin[3]	2
960	0.0596	_10628_	1
960	0.0596	_20038_	10
960	0.0596	_14196_	10
960	0.0596	_14195_	10
960	0.0596	_14194_	10
960	0.0596	_13982_	10
960	0.0596	_13981_	10
960	0.0596	_13980_	4
961	0.0596	_10822_	1
961	0.0596	_20038_	10
961	0.0596	_14196_	10
961	0.0596	_14195_	10
961	0.0596	_14194_	10
961	0.0596	_13982_	10
961	0.0596	_13981_	10
961	0.0596	_13980_	4
962	0.0596	_10667_	1
962	0.0596	_20038_	10
962	0.0596	_14196_	10
962	0.0596	_14195_	10
962	0.0596	_14194_	10
962	0.0596	_13982_	10
962	0.0596	_13981_	10
962	0.0596	_13980_	4
963	0.0596	_11564_	1
963	0.0596	_20038_	10
963	0.0596	_14196_	10
963	0.0596	_14195_	10
963	0.0596	_14194_	10
963	0.0596	_13982_	10
963	0.0596	_13981_	10
963	0.0596	_13980_	4
964	0.0596	_12148_	1
964	0.0596	_20038_	10
964	0.0596	_14196_	10
964	0.0596	_14195_	10
964	0.0596	_14194_	10
964	0.0596	_13982_	10
964	0.0596	_13981_	10
964	0.0596	_13980_	4
965	0.0596	_12147_	1
965	0.0596	_20038_	10
965	0.0596	_14196_	10
965	0.0596	_14195_	10
965	0.0596	_14194_	10
965	0.0596	_13982_	10
965	0.0596	_13981_	10
965	0.0596	_13980_	4
966	0.0596	_12106_	1
966	0.0596	_20038_	10
966	0.0596	_14196_	10
966	0.0596	_14195_	10
966	0.0596	_14194_	10
966	0.0596	_13982_	10
966	0.0596	_13981_	10
966	0.0596	_13980_	4
967	0.0596	_12105_	1
967	0.0596	_20038_	10
967	0.0596	_14196_	10
967	0.0596	_14195_	10
967	0.0596	_14194_	10
967	0.0596	_13982_	10
967	0.0596	_13981_	10
967	0.0596	_13980_	4
968	0.0596	_12033_	1
968	0.0596	_20038_	10
968	0.0596	_14196_	10
968	0.0596	_14195_	10
968	0.0596	_14194_	10
968	0.0596	_13982_	10
968	0.0596	_13981_	10
968	0.0596	_13980_	4
969	0.0596	_11956_	1
969	0.0596	_20038_	10
969	0.0596	_14196_	10
969	0.0596	_14195_	10
969	0.0596	_14194_	10
969	0.0596	_13982_	10
969	0.0596	_13981_	10
969	0.0596	_13980_	4
970	0.0599	_10037_	1
970	0.0599	_16775_	10
970	0.0599	_16576_	10
970	0.0599	_14054_	10
970	0.0599	_14053_	10
970	0.0599	_14052_	10
970	0.0599	_14051_	6
970	0.0599	_13980_	4
971	0.0599	_10940_	1
971	0.0599	_16775_	10
971	0.0599	_16576_	10
971	0.0599	_14054_	10
971	0.0599	_14053_	10
971	0.0599	_14052_	10
971	0.0599	_14051_	6
971	0.0599	_13980_	4
972	0.0599	_10901_	1
972	0.0599	_16775_	10
972	0.0599	_16576_	10
972	0.0599	_14054_	10
972	0.0599	_14053_	10
972	0.0599	_14052_	10
972	0.0599	_14051_	6
972	0.0599	_13980_	4
973	0.0599	_10862_	1
973	0.0599	_16775_	10
973	0.0599	_16576_	10
973	0.0599	_14054_	10
973	0.0599	_14053_	10
973	0.0599	_14052_	10
973	0.0599	_14051_	6
973	0.0599	_13980_	4
974	0.0599	_11255_	1
974	0.0599	_16775_	10
974	0.0599	_16576_	10
974	0.0599	_14054_	10
974	0.0599	_14053_	10
974	0.0599	_14052_	10
974	0.0599	_14051_	6
974	0.0599	_13980_	4
975	0.0599	_11138_	1
975	0.0599	_16775_	10
975	0.0599	_16576_	10
975	0.0599	_14054_	10
975	0.0599	_14053_	10
975	0.0599	_14052_	10
975	0.0599	_14051_	6
975	0.0599	_13980_	4
976	0.0599	_11534_	1
976	0.0599	_16775_	10
976	0.0599	_16576_	10
976	0.0599	_14054_	10
976	0.0599	_14053_	10
976	0.0599	_14052_	10
976	0.0599	_14051_	6
976	0.0599	_13980_	4
977	0.0599	_11339_	1
977	0.0599	_16775_	10
977	0.0599	_16576_	10
977	0.0599	_14054_	10
977	0.0599	_14053_	10
977	0.0599	_14052_	10
977	0.0599	_14051_	6
977	0.0599	_13980_	4
978	0.0650	_10434_	1
978	0.0650	_16775_	10
978	0.0650	_16576_	10
978	0.0650	_14054_	10
978	0.0650	_14053_	10
978	0.0650	_14052_	10
978	0.0650	_14051_	6
978	0.0650	_13980_	4
979	0.0650	_10704_	1
979	0.0650	_16775_	10
979	0.0650	_16576_	10
979	0.0650	_14054_	10
979	0.0650	_14053_	10
979	0.0650	_14052_	10
979	0.0650	_14051_	6
979	0.0650	_13980_	4
980	0.0666	_13261_	1
980	0.0666	_33827_	1
980	0.0666	_14056_	10
980	0.0666	_14055_	10
980	0.0666	_14054_	10
980	0.0666	_14053_	10
980	0.0666	_14052_	10
980	0.0666	_14051_	6
980	0.0666	_13980_	4
981	0.0677	_13086_	1
981	0.0677	_31998_	1
981	0.0677	_14056_	10
981	0.0677	_14055_	10
981	0.0677	_14054_	10
981	0.0677	_14053_	10
981	0.0677	_14052_	10
981	0.0677	_14051_	6
981	0.0677	_13980_	4
982	0.0684	_09039_	1
982	0.0684	_14286_	10
982	0.0684	_14285_	10
982	0.0684	_14284_	10
982	0.0684	_14283_	10
982	0.0684	_13982_	10
982	0.0684	_13981_	10
982	0.0684	_13980_	4
983	0.0684	_09036_	1
983	0.0684	_14286_	10
983	0.0684	_14285_	10
983	0.0684	_14284_	10
983	0.0684	_14283_	10
983	0.0684	_13982_	10
983	0.0684	_13981_	10
983	0.0684	_13980_	4
984	0.0684	_09033_	1
984	0.0684	_14286_	10
984	0.0684	_14285_	10
984	0.0684	_14284_	10
984	0.0684	_14283_	10
984	0.0684	_13982_	10
984	0.0684	_13981_	10
984	0.0684	_13980_	4
985	0.0684	_08956_	1
985	0.0684	_14286_	10
985	0.0684	_14285_	10
985	0.0684	_14284_	10
985	0.0684	_14283_	10
985	0.0684	_13982_	10
985	0.0684	_13981_	10
985	0.0684	_13980_	4
986	0.0684	_08964_	1
986	0.0684	_14286_	10
986	0.0684	_14285_	10
986	0.0684	_14284_	10
986	0.0684	_14283_	10
986	0.0684	_13982_	10
986	0.0684	_13981_	10
986	0.0684	_13980_	4
987	0.0684	_08967_	1
987	0.0684	_14286_	10
987	0.0684	_14285_	10
987	0.0684	_14284_	10
987	0.0684	_14283_	10
987	0.0684	_13982_	10
987	0.0684	_13981_	10
987	0.0684	_13980_	4
988	0.0684	_08976_	1
988	0.0684	_14286_	10
988	0.0684	_14285_	10
988	0.0684	_14284_	10
988	0.0684	_14283_	10
988	0.0684	_13982_	10
988	0.0684	_13981_	10
988	0.0684	_13980_	4
989	0.0684	_09050_	1
989	0.0684	_14286_	10
989	0.0684	_14285_	10
989	0.0684	_14284_	10
989	0.0684	_14283_	10
989	0.0684	_13982_	10
989	0.0684	_13981_	10
989	0.0684	_13980_	4
990	0.0684	_09048_	1
990	0.0684	_14286_	10
990	0.0684	_14285_	10
990	0.0684	_14284_	10
990	0.0684	_14283_	10
990	0.0684	_13982_	10
990	0.0684	_13981_	10
990	0.0684	_13980_	4
991	0.0684	_09044_	1
991	0.0684	_14286_	10
991	0.0684	_14285_	10
991	0.0684	_14284_	10
991	0.0684	_14283_	10
991	0.0684	_13982_	10
991	0.0684	_13981_	10
991	0.0684	_13980_	4
992	0.0684	_09157_	1
992	0.0684	_15260_	10
992	0.0684	_14285_	10
992	0.0684	_14284_	10
992	0.0684	_14283_	10
992	0.0684	_13982_	10
992	0.0684	_13981_	10
992	0.0684	_13980_	4
993	0.0684	_09156_	1
993	0.0684	_15260_	10
993	0.0684	_14285_	10
993	0.0684	_14284_	10
993	0.0684	_14283_	10
993	0.0684	_13982_	10
993	0.0684	_13981_	10
993	0.0684	_13980_	4
994	0.0684	_09174_	1
994	0.0684	_15260_	10
994	0.0684	_14285_	10
994	0.0684	_14284_	10
994	0.0684	_14283_	10
994	0.0684	_13982_	10
994	0.0684	_13981_	10
994	0.0684	_13980_	4
995	0.0684	_09179_	1
995	0.0684	_15260_	10
995	0.0684	_14285_	10
995	0.0684	_14284_	10
995	0.0684	_14283_	10
995	0.0684	_13982_	10
995	0.0684	_13981_	10
995	0.0684	_13980_	4
996	0.0684	_09186_	1
996	0.0684	_15260_	10
996	0.0684	_14285_	10
996	0.0684	_14284_	10
996	0.0684	_14283_	10
996	0.0684	_13982_	10
996	0.0684	_13981_	10
996	0.0684	_13980_	4
997	0.0684	_09217_	1
997	0.0684	_15260_	10
997	0.0684	_14285_	10
997	0.0684	_14284_	10
997	0.0684	_14283_	10
997	0.0684	_13982_	10
997	0.0684	_13981_	10
997	0.0684	_13980_	4
998	0.0684	_09226_	1
998	0.0684	_15260_	10
998	0.0684	_14285_	10
998	0.0684	_14284_	10
998	0.0684	_14283_	10
998	0.0684	_13982_	10
998	0.0684	_13981_	10
998	0.0684	_13980_	4
999	0.0684	_09225_	1
999	0.0684	_15260_	10
999	0.0684	_14285_	10
999	0.0684	_14284_	10
999	0.0684	_14283_	10
999	0.0684	_13982_	10
999	0.0684	_13981_	10
999	0.0684	_13980_	4
