# stage	1_synth
# top_module	RsDecodeTop
# top_n	1000
# kind	top_path_net_fanout
# path_idx	slack_ns	net_name	fanout
0	-0.4836	_00674_	1
0	-0.4836	_13127_	1
0	-0.4836	_13121_	2
0	-0.4836	_13120_	2
0	-0.4836	_13119_	1
0	-0.4836	_13118_	1
0	-0.4836	_13117_	1
0	-0.4836	_00151_	1
0	-0.4836	_00149_	2
0	-0.4836	_11988_	3
0	-0.4836	_11987_	1
0	-0.4836	_11986_	1
0	-0.4836	_11985_	1
0	-0.4836	_00146_	1
0	-0.4836	RsDecodeDegree_1.winner1Step2[1]	2
0	-0.4836	_11924_	2
0	-0.4836	_11923_	1
0	-0.4836	_11908_	2
0	-0.4836	_11907_	1
0	-0.4836	_11906_	1
0	-0.4836	_00223_	1
0	-0.4836	RsDecodeDegree_1.winner2Step1[0]	1
0	-0.4836	_11904_	2
0	-0.4836	_11903_	3
0	-0.4836	_00087_	1
0	-0.4836	RsDecodeDegree_1.winner5Step0[1]	3
0	-0.4836	_00083_	3
0	-0.4836	_00167_	3
0	-0.4836	_11895_	1
0	-0.4836	_11894_	5
0	-0.4836	RsDecodeChien.omegaIn_11[5]	1
1	-0.4676	_00686_	1
1	-0.4676	_13154_	1
1	-0.4676	_13151_	2
1	-0.4676	_13144_	2
1	-0.4676	_13143_	1
1	-0.4676	_13142_	1
1	-0.4676	_13141_	1
1	-0.4676	_00221_	1
1	-0.4676	_00219_	1
1	-0.4676	_12022_	2
1	-0.4676	_12021_	1
1	-0.4676	_11832_	3
1	-0.4676	_11831_	1
1	-0.4676	_11830_	1
1	-0.4676	_11829_	1
1	-0.4676	_00370_	1
1	-0.4676	RsDecodeDegree_2.winner1Step2[1]	2
1	-0.4676	_11791_	2
1	-0.4676	_11788_	2
1	-0.4676	_00367_	3
1	-0.4676	_00365_	1
1	-0.4676	_11825_	2
1	-0.4676	_07467_	3
1	-0.4676	_00166_	1
1	-0.4676	RsDecodeDegree_2.winner4Step0[3]	2
1	-0.4676	_00163_	3
1	-0.4676	_11824_	1
1	-0.4676	_11823_	1
1	-0.4676	_11822_	4
1	-0.4676	RsDecodeChien.lambdaIn_8[5]	1
2	-0.4358	_00673_	1
2	-0.4358	_13122_	1
2	-0.4358	_13121_	2
2	-0.4358	_13120_	2
2	-0.4358	_13119_	1
2	-0.4358	_13118_	1
2	-0.4358	_13117_	1
2	-0.4358	_00151_	1
2	-0.4358	_00149_	2
2	-0.4358	_11988_	3
2	-0.4358	_11987_	1
2	-0.4358	_11986_	1
2	-0.4358	_11985_	1
2	-0.4358	_00146_	1
2	-0.4358	RsDecodeDegree_1.winner1Step2[1]	2
2	-0.4358	_11924_	2
2	-0.4358	_11923_	1
2	-0.4358	_11908_	2
2	-0.4358	_11907_	1
2	-0.4358	_11906_	1
2	-0.4358	_00223_	1
2	-0.4358	RsDecodeDegree_1.winner2Step1[0]	1
2	-0.4358	_11904_	2
2	-0.4358	_11903_	3
2	-0.4358	_00087_	1
2	-0.4358	RsDecodeDegree_1.winner5Step0[1]	3
2	-0.4358	_00083_	3
2	-0.4358	_00167_	3
2	-0.4358	_11895_	1
2	-0.4358	_11894_	5
2	-0.4358	RsDecodeChien.omegaIn_11[5]	1
3	-0.4336	_00675_	1
3	-0.4336	_13130_	1
3	-0.4336	_13129_	1
3	-0.4336	_13120_	2
3	-0.4336	_13119_	1
3	-0.4336	_13118_	1
3	-0.4336	_13117_	1
3	-0.4336	_00151_	1
3	-0.4336	_00149_	2
3	-0.4336	_11988_	3
3	-0.4336	_11987_	1
3	-0.4336	_11986_	1
3	-0.4336	_11985_	1
3	-0.4336	_00146_	1
3	-0.4336	RsDecodeDegree_1.winner1Step2[1]	2
3	-0.4336	_11924_	2
3	-0.4336	_11923_	1
3	-0.4336	_11908_	2
3	-0.4336	_11907_	1
3	-0.4336	_11906_	1
3	-0.4336	_00223_	1
3	-0.4336	RsDecodeDegree_1.winner2Step1[0]	1
3	-0.4336	_11904_	2
3	-0.4336	_11903_	3
3	-0.4336	_00087_	1
3	-0.4336	RsDecodeDegree_1.winner5Step0[1]	3
3	-0.4336	_00083_	3
3	-0.4336	_00167_	3
3	-0.4336	_11895_	1
3	-0.4336	_11894_	5
3	-0.4336	RsDecodeChien.omegaIn_11[5]	1
4	-0.4189	_00685_	1
4	-0.4189	_13152_	1
4	-0.4189	_13151_	2
4	-0.4189	_13144_	2
4	-0.4189	_13143_	1
4	-0.4189	_13142_	1
4	-0.4189	_13141_	1
4	-0.4189	_00221_	1
4	-0.4189	_00219_	1
4	-0.4189	_12022_	2
4	-0.4189	_12021_	1
4	-0.4189	_11832_	3
4	-0.4189	_11831_	1
4	-0.4189	_11830_	1
4	-0.4189	_11829_	1
4	-0.4189	_00370_	1
4	-0.4189	RsDecodeDegree_2.winner1Step2[1]	2
4	-0.4189	_11791_	2
4	-0.4189	_11788_	2
4	-0.4189	_00367_	3
4	-0.4189	_00365_	1
4	-0.4189	_11825_	2
4	-0.4189	_07467_	3
4	-0.4189	_00166_	1
4	-0.4189	RsDecodeDegree_2.winner4Step0[3]	2
4	-0.4189	_00163_	3
4	-0.4189	_11824_	1
4	-0.4189	_11823_	1
4	-0.4189	_11822_	4
4	-0.4189	RsDecodeChien.lambdaIn_8[5]	1
5	-0.4161	_00684_	1
5	-0.4161	_13148_	1
5	-0.4161	_13147_	1
5	-0.4161	_13144_	2
5	-0.4161	_13143_	1
5	-0.4161	_13142_	1
5	-0.4161	_13141_	1
5	-0.4161	_00221_	1
5	-0.4161	_00219_	1
5	-0.4161	_12022_	2
5	-0.4161	_12021_	1
5	-0.4161	_11832_	3
5	-0.4161	_11831_	1
5	-0.4161	_11830_	1
5	-0.4161	_11829_	1
5	-0.4161	_00370_	1
5	-0.4161	RsDecodeDegree_2.winner1Step2[1]	2
5	-0.4161	_11791_	2
5	-0.4161	_11788_	2
5	-0.4161	_00367_	3
5	-0.4161	_00365_	1
5	-0.4161	_11825_	2
5	-0.4161	_07467_	3
5	-0.4161	_00166_	1
5	-0.4161	RsDecodeDegree_2.winner4Step0[3]	2
5	-0.4161	_00163_	3
5	-0.4161	_11824_	1
5	-0.4161	_11823_	1
5	-0.4161	_11822_	4
5	-0.4161	RsDecodeChien.lambdaIn_8[5]	1
6	-0.2303	_00683_	1
6	-0.2303	_13137_	1
6	-0.2303	_13136_	3
6	-0.2303	_13135_	1
6	-0.2303	_07506_	7
6	-0.2303	_00251_	1
6	-0.2303	_00250_	1
6	-0.2303	RsDecodeDegree_2.winner4Step1[4]	2
6	-0.2303	_07509_	6
6	-0.2303	_00258_	1
6	-0.2303	RsDecodeDegree_2.winner9Step0[1]	4
6	-0.2303	_00254_	3
6	-0.2303	_00139_	3
6	-0.2303	_07517_	1
6	-0.2303	_07515_	5
6	-0.2303	RsDecodeChien.lambdaIn_19[3]	1
7	-0.1987	_07383_	1
7	-0.1987	_13136_	3
7	-0.1987	_13135_	1
7	-0.1987	_07506_	7
7	-0.1987	_00251_	1
7	-0.1987	_00250_	1
7	-0.1987	RsDecodeDegree_2.winner4Step1[4]	2
7	-0.1987	_07509_	6
7	-0.1987	_00258_	1
7	-0.1987	RsDecodeDegree_2.winner9Step0[1]	4
7	-0.1987	_00254_	3
7	-0.1987	_00139_	3
7	-0.1987	_07517_	1
7	-0.1987	_07515_	5
7	-0.1987	RsDecodeChien.lambdaIn_19[3]	1
8	-0.0753	_07385_	1
8	-0.0753	_39657_	1
8	-0.0753	_13113_	2
8	-0.0753	_13112_	3
8	-0.0753	_13111_	1
8	-0.0753	_12016_	2
8	-0.0753	_12015_	1
8	-0.0753	_00212_	1
8	-0.0753	_00210_	2
8	-0.0753	_11852_	4
8	-0.0753	_00228_	1
8	-0.0753	RsDecodeDegree_1.winner9Step0[1]	2
8	-0.0753	_00224_	4
8	-0.0753	_00271_	3
8	-0.0753	_11857_	1
8	-0.0753	_11856_	5
8	-0.0753	RsDecodeChien.omegaIn_19[3]	1
9	-0.0665	_00672_	1
9	-0.0665	_13113_	2
9	-0.0665	_13112_	3
9	-0.0665	_13111_	1
9	-0.0665	_12016_	2
9	-0.0665	_12015_	1
9	-0.0665	_00212_	1
9	-0.0665	_00210_	2
9	-0.0665	_11852_	4
9	-0.0665	_00228_	1
9	-0.0665	RsDecodeDegree_1.winner9Step0[1]	2
9	-0.0665	_00224_	4
9	-0.0665	_00271_	3
9	-0.0665	_11857_	1
9	-0.0665	_11856_	5
9	-0.0665	RsDecodeChien.omegaIn_19[3]	1
10	-0.0481	_02292_	1
10	-0.0481	_22925_	1
10	-0.0481	_22912_	2
10	-0.0481	_22911_	2
10	-0.0481	_22880_	3
10	-0.0481	_22878_	2
10	-0.0481	_22876_	2
10	-0.0481	_20331_	10
10	-0.0481	_20313_	4
10	-0.0481	_20283_	10
10	-0.0481	_16002_	6
10	-0.0481	_15999_	4
10	-0.0481	_00137_	1
10	-0.0481	RsDecodeSyndrome.count[1]	5
11	-0.0441	_02369_	1
11	-0.0441	_24084_	1
11	-0.0441	_24073_	2
11	-0.0441	_24072_	2
11	-0.0441	_24045_	3
11	-0.0441	_24043_	2
11	-0.0441	_24040_	2
11	-0.0441	_20331_	10
11	-0.0441	_20313_	4
11	-0.0441	_20283_	10
11	-0.0441	_16002_	6
11	-0.0441	_15999_	4
11	-0.0441	_00137_	1
11	-0.0441	RsDecodeSyndrome.count[1]	5
12	-0.0362	_02187_	1
12	-0.0362	_21262_	1
12	-0.0362	_21248_	2
12	-0.0362	_21247_	2
12	-0.0362	_21215_	3
12	-0.0362	_21213_	2
12	-0.0362	_21210_	2
12	-0.0362	_20331_	10
12	-0.0362	_20313_	4
12	-0.0362	_20283_	10
12	-0.0362	_16002_	6
12	-0.0362	_15999_	4
12	-0.0362	_00137_	1
12	-0.0362	RsDecodeSyndrome.count[1]	5
13	-0.0362	_02257_	1
13	-0.0362	_22427_	1
13	-0.0362	_22414_	2
13	-0.0362	_22413_	2
13	-0.0362	_22380_	3
13	-0.0362	_22378_	2
13	-0.0362	_22375_	2
13	-0.0362	_20331_	10
13	-0.0362	_20313_	4
13	-0.0362	_20283_	10
13	-0.0362	_16002_	6
13	-0.0362	_15999_	4
13	-0.0362	_00137_	1
13	-0.0362	RsDecodeSyndrome.count[1]	5
14	-0.0347	_02189_	1
14	-0.0347	_21284_	1
14	-0.0347	_21248_	2
14	-0.0347	_21247_	2
14	-0.0347	_21215_	3
14	-0.0347	_21213_	2
14	-0.0347	_21210_	2
14	-0.0347	_20331_	10
14	-0.0347	_20313_	4
14	-0.0347	_20283_	10
14	-0.0347	_16002_	6
14	-0.0347	_15999_	4
14	-0.0347	_00137_	1
14	-0.0347	RsDecodeSyndrome.count[1]	5
15	-0.0347	_02371_	1
15	-0.0347	_24104_	1
15	-0.0347	_24073_	2
15	-0.0347	_24072_	2
15	-0.0347	_24045_	3
15	-0.0347	_24043_	2
15	-0.0347	_24040_	2
15	-0.0347	_20331_	10
15	-0.0347	_20313_	4
15	-0.0347	_20283_	10
15	-0.0347	_16002_	6
15	-0.0347	_15999_	4
15	-0.0347	_00137_	1
15	-0.0347	RsDecodeSyndrome.count[1]	5
16	-0.0347	_02259_	1
16	-0.0347	_22449_	1
16	-0.0347	_22414_	2
16	-0.0347	_22413_	2
16	-0.0347	_22380_	3
16	-0.0347	_22378_	2
16	-0.0347	_22375_	2
16	-0.0347	_20331_	10
16	-0.0347	_20313_	4
16	-0.0347	_20283_	10
16	-0.0347	_16002_	6
16	-0.0347	_15999_	4
16	-0.0347	_00137_	1
16	-0.0347	RsDecodeSyndrome.count[1]	5
17	-0.0347	_02159_	1
17	-0.0347	_20727_	1
17	-0.0347	_20713_	2
17	-0.0347	_20712_	2
17	-0.0347	_20676_	3
17	-0.0347	_20674_	2
17	-0.0347	_20668_	2
17	-0.0347	_20331_	10
17	-0.0347	_20313_	4
17	-0.0347	_20283_	10
17	-0.0347	_16002_	6
17	-0.0347	_15999_	4
17	-0.0347	_00137_	1
17	-0.0347	RsDecodeSyndrome.count[1]	5
18	-0.0332	_02161_	1
18	-0.0332	_20749_	1
18	-0.0332	_20713_	2
18	-0.0332	_20712_	2
18	-0.0332	_20676_	3
18	-0.0332	_20674_	2
18	-0.0332	_20668_	2
18	-0.0332	_20331_	10
18	-0.0332	_20313_	4
18	-0.0332	_20283_	10
18	-0.0332	_16002_	6
18	-0.0332	_15999_	4
18	-0.0332	_00137_	1
18	-0.0332	RsDecodeSyndrome.count[1]	5
19	-0.0316	_02304_	1
19	-0.0316	_23097_	1
19	-0.0316	_23053_	1
19	-0.0316	_23033_	3
19	-0.0316	_23031_	3
19	-0.0316	_23029_	2
19	-0.0316	_23025_	2
19	-0.0316	_23016_	1
19	-0.0316	_20014_	10
19	-0.0316	_20013_	6
19	-0.0316	_20010_	5
19	-0.0316	_15999_	4
19	-0.0316	_00137_	1
19	-0.0316	RsDecodeSyndrome.count[1]	5
20	-0.0315	_02250_	1
20	-0.0315	_22265_	1
20	-0.0315	_22252_	2
20	-0.0315	_22251_	2
20	-0.0315	_22220_	3
20	-0.0315	_22218_	2
20	-0.0315	_22213_	2
20	-0.0315	_20331_	10
20	-0.0315	_20313_	4
20	-0.0315	_20283_	10
20	-0.0315	_16002_	6
20	-0.0315	_15999_	4
20	-0.0315	_00137_	1
20	-0.0315	RsDecodeSyndrome.count[1]	5
21	-0.0300	_02252_	1
21	-0.0300	_22288_	1
21	-0.0300	_22252_	2
21	-0.0300	_22251_	2
21	-0.0300	_22220_	3
21	-0.0300	_22218_	2
21	-0.0300	_22213_	2
21	-0.0300	_20331_	10
21	-0.0300	_20313_	4
21	-0.0300	_20283_	10
21	-0.0300	_16002_	6
21	-0.0300	_15999_	4
21	-0.0300	_00137_	1
21	-0.0300	RsDecodeSyndrome.count[1]	5
22	-0.0241	_02318_	1
22	-0.0241	_23428_	1
22	-0.0241	_23426_	2
22	-0.0241	_23414_	2
22	-0.0241	_23412_	3
22	-0.0241	_23411_	1
22	-0.0241	_23410_	1
22	-0.0241	_23409_	1
22	-0.0241	_22707_	10
22	-0.0241	_20014_	10
22	-0.0241	_20013_	6
22	-0.0241	_20010_	5
22	-0.0241	_15999_	4
22	-0.0241	_00137_	1
22	-0.0241	RsDecodeSyndrome.count[1]	5
23	-0.0240	_02294_	1
23	-0.0240	_22948_	1
23	-0.0240	_22912_	2
23	-0.0240	_22911_	2
23	-0.0240	_22880_	3
23	-0.0240	_22878_	2
23	-0.0240	_22876_	2
23	-0.0240	_20331_	10
23	-0.0240	_20313_	4
23	-0.0240	_20283_	10
23	-0.0240	_16002_	6
23	-0.0240	_15999_	4
23	-0.0240	_00137_	1
23	-0.0240	RsDecodeSyndrome.count[1]	5
24	-0.0231	_02283_	1
24	-0.0231	_22733_	1
24	-0.0231	_22731_	2
24	-0.0231	_22719_	2
24	-0.0231	_22714_	1
24	-0.0231	_22711_	5
24	-0.0231	_22704_	2
24	-0.0231	_20360_	6
24	-0.0231	_20359_	1
24	-0.0231	_20283_	10
24	-0.0231	_16002_	6
24	-0.0231	_15999_	4
24	-0.0231	_00137_	1
24	-0.0231	RsDecodeSyndrome.count[1]	5
25	-0.0214	_07066_	1
25	-0.0214	_37954_	1
25	-0.0214	_37953_	1
25	-0.0214	_37949_	1
25	-0.0214	_37943_	1
25	-0.0214	_37942_	1
25	-0.0214	_37941_	1
25	-0.0214	_20902_	10
25	-0.0214	_20631_	10
25	-0.0214	_20331_	10
25	-0.0214	_20313_	4
25	-0.0214	_20283_	10
25	-0.0214	_16002_	6
25	-0.0214	_15999_	4
25	-0.0214	_00137_	1
25	-0.0214	RsDecodeSyndrome.count[1]	5
26	-0.0202	_02368_	1
26	-0.0202	_24070_	1
26	-0.0202	_24061_	1
26	-0.0202	_24046_	2
26	-0.0202	_24045_	3
26	-0.0202	_24043_	2
26	-0.0202	_24040_	2
26	-0.0202	_20331_	10
26	-0.0202	_20313_	4
26	-0.0202	_20283_	10
26	-0.0202	_16002_	6
26	-0.0202	_15999_	4
26	-0.0202	_00137_	1
26	-0.0202	RsDecodeSyndrome.count[1]	5
27	-0.0201	_02183_	1
27	-0.0201	_21174_	1
27	-0.0201	_21173_	1
27	-0.0201	_21172_	1
27	-0.0201	_21171_	1
27	-0.0201	_21167_	1
27	-0.0201	_21166_	1
27	-0.0201	_20902_	10
27	-0.0201	_20631_	10
27	-0.0201	_20331_	10
27	-0.0201	_20313_	4
27	-0.0201	_20283_	10
27	-0.0201	_16002_	6
27	-0.0201	_15999_	4
27	-0.0201	_00137_	1
27	-0.0201	RsDecodeSyndrome.count[1]	5
28	-0.0201	_02246_	1
28	-0.0201	_22177_	1
28	-0.0201	_22176_	1
28	-0.0201	_22175_	1
28	-0.0201	_22174_	1
28	-0.0201	_22170_	1
28	-0.0201	_22169_	1
28	-0.0201	_20902_	10
28	-0.0201	_20631_	10
28	-0.0201	_20331_	10
28	-0.0201	_20313_	4
28	-0.0201	_20283_	10
28	-0.0201	_16002_	6
28	-0.0201	_15999_	4
28	-0.0201	_00137_	1
28	-0.0201	RsDecodeSyndrome.count[1]	5
29	-0.0198	_02232_	1
29	-0.0198	_22010_	1
29	-0.0198	_22009_	1
29	-0.0198	_22008_	1
29	-0.0198	_22007_	1
29	-0.0198	_22003_	1
29	-0.0198	_22002_	1
29	-0.0198	_20902_	10
29	-0.0198	_20631_	10
29	-0.0198	_20331_	10
29	-0.0198	_20313_	4
29	-0.0198	_20283_	10
29	-0.0198	_16002_	6
29	-0.0198	_15999_	4
29	-0.0198	_00137_	1
29	-0.0198	RsDecodeSyndrome.count[1]	5
30	-0.0198	_02176_	1
30	-0.0198	_20974_	1
30	-0.0198	_20973_	1
30	-0.0198	_20972_	1
30	-0.0198	_20971_	1
30	-0.0198	_20967_	1
30	-0.0198	_20966_	1
30	-0.0198	_20902_	10
30	-0.0198	_20631_	10
30	-0.0198	_20331_	10
30	-0.0198	_20313_	4
30	-0.0198	_20283_	10
30	-0.0198	_16002_	6
30	-0.0198	_15999_	4
30	-0.0198	_00137_	1
30	-0.0198	RsDecodeSyndrome.count[1]	5
31	-0.0194	_02367_	1
31	-0.0194	_24059_	1
31	-0.0194	_24058_	1
31	-0.0194	_24046_	2
31	-0.0194	_24045_	3
31	-0.0194	_24043_	2
31	-0.0194	_24040_	2
31	-0.0194	_20331_	10
31	-0.0194	_20313_	4
31	-0.0194	_20283_	10
31	-0.0194	_16002_	6
31	-0.0194	_15999_	4
31	-0.0194	_00137_	1
31	-0.0194	RsDecodeSyndrome.count[1]	5
32	-0.0193	_07055_	1
32	-0.0193	_37820_	1
32	-0.0193	_37819_	1
32	-0.0193	_37805_	1
32	-0.0193	_37804_	1
32	-0.0193	_37803_	1
32	-0.0193	_21737_	10
32	-0.0193	_20394_	10
32	-0.0193	_20393_	10
32	-0.0193	_20360_	6
32	-0.0193	_20359_	1
32	-0.0193	_20283_	10
32	-0.0193	_16002_	6
32	-0.0193	_15999_	4
32	-0.0193	_00137_	1
32	-0.0193	RsDecodeSyndrome.count[1]	5
33	-0.0193	_07047_	1
33	-0.0193	_37705_	1
33	-0.0193	_37704_	1
33	-0.0193	_37690_	1
33	-0.0193	_37689_	1
33	-0.0193	_37688_	1
33	-0.0193	_21737_	10
33	-0.0193	_20394_	10
33	-0.0193	_20393_	10
33	-0.0193	_20360_	6
33	-0.0193	_20359_	1
33	-0.0193	_20283_	10
33	-0.0193	_16002_	6
33	-0.0193	_15999_	4
33	-0.0193	_00137_	1
33	-0.0193	RsDecodeSyndrome.count[1]	5
34	-0.0192	_02351_	1
34	-0.0192	_23854_	1
34	-0.0192	_23853_	1
34	-0.0192	_23852_	1
34	-0.0192	_23851_	1
34	-0.0192	_23848_	1
34	-0.0192	_23847_	1
34	-0.0192	_20902_	10
34	-0.0192	_20631_	10
34	-0.0192	_20331_	10
34	-0.0192	_20313_	4
34	-0.0192	_20283_	10
34	-0.0192	_16002_	6
34	-0.0192	_15999_	4
34	-0.0192	_00137_	1
34	-0.0192	RsDecodeSyndrome.count[1]	5
35	-0.0191	_02185_	1
35	-0.0191	_21230_	1
35	-0.0191	_21229_	1
35	-0.0191	_21216_	2
35	-0.0191	_21215_	3
35	-0.0191	_21213_	2
35	-0.0191	_21210_	2
35	-0.0191	_20331_	10
35	-0.0191	_20313_	4
35	-0.0191	_20283_	10
35	-0.0191	_16002_	6
35	-0.0191	_15999_	4
35	-0.0191	_00137_	1
35	-0.0191	RsDecodeSyndrome.count[1]	5
36	-0.0191	_02255_	1
36	-0.0191	_22396_	1
36	-0.0191	_22395_	1
36	-0.0191	_22381_	2
36	-0.0191	_22380_	3
36	-0.0191	_22378_	2
36	-0.0191	_22375_	2
36	-0.0191	_20331_	10
36	-0.0191	_20313_	4
36	-0.0191	_20283_	10
36	-0.0191	_16002_	6
36	-0.0191	_15999_	4
36	-0.0191	_00137_	1
36	-0.0191	RsDecodeSyndrome.count[1]	5
37	-0.0190	_07072_	1
37	-0.0190	_38028_	1
37	-0.0190	_38027_	1
37	-0.0190	_38013_	1
37	-0.0190	_38012_	1
37	-0.0190	_38011_	1
37	-0.0190	_21737_	10
37	-0.0190	_20394_	10
37	-0.0190	_20393_	10
37	-0.0190	_20360_	6
37	-0.0190	_20359_	1
37	-0.0190	_20283_	10
37	-0.0190	_16002_	6
37	-0.0190	_15999_	4
37	-0.0190	_00137_	1
37	-0.0190	RsDecodeSyndrome.count[1]	5
38	-0.0190	_02213_	1
38	-0.0190	_21748_	1
38	-0.0190	_21747_	1
38	-0.0190	_21746_	1
38	-0.0190	_21739_	1
38	-0.0190	_21738_	1
38	-0.0190	_21737_	10
38	-0.0190	_20394_	10
38	-0.0190	_20393_	10
38	-0.0190	_20360_	6
38	-0.0190	_20359_	1
38	-0.0190	_20283_	10
38	-0.0190	_16002_	6
38	-0.0190	_15999_	4
38	-0.0190	_00137_	1
38	-0.0190	RsDecodeSyndrome.count[1]	5
39	-0.0187	_02311_	1
39	-0.0187	_23250_	1
39	-0.0187	_23249_	1
39	-0.0187	_23248_	1
39	-0.0187	_23241_	1
39	-0.0187	_23236_	1
39	-0.0187	_21737_	10
39	-0.0187	_20394_	10
39	-0.0187	_20393_	10
39	-0.0187	_20360_	6
39	-0.0187	_20359_	1
39	-0.0187	_20283_	10
39	-0.0187	_16002_	6
39	-0.0187	_15999_	4
39	-0.0187	_00137_	1
39	-0.0187	RsDecodeSyndrome.count[1]	5
40	-0.0184	_02308_	1
40	-0.0184	_23149_	1
40	-0.0184	_23148_	1
40	-0.0184	_23084_	2
40	-0.0184	_23082_	3
40	-0.0184	_23081_	1
40	-0.0184	_23080_	1
40	-0.0184	_23079_	1
40	-0.0184	_22707_	10
40	-0.0184	_20014_	10
40	-0.0184	_20013_	6
40	-0.0184	_20010_	5
40	-0.0184	_15999_	4
40	-0.0184	_00137_	1
40	-0.0184	RsDecodeSyndrome.count[1]	5
41	-0.0180	_02267_	1
41	-0.0180	_22500_	1
41	-0.0180	_22499_	1
41	-0.0180	_22498_	1
41	-0.0180	_22497_	1
41	-0.0180	_22493_	1
41	-0.0180	_22491_	1
41	-0.0180	_20839_	10
41	-0.0180	_20663_	10
41	-0.0180	_20369_	5
41	-0.0180	_20368_	1
41	-0.0180	_16002_	6
41	-0.0180	_15999_	4
41	-0.0180	_00137_	1
41	-0.0180	RsDecodeSyndrome.count[1]	5
42	-0.0179	_02224_	1
42	-0.0179	_21957_	1
42	-0.0179	_21955_	1
42	-0.0179	_21922_	2
42	-0.0179	_21890_	3
42	-0.0179	_21888_	2
42	-0.0179	_21886_	2
42	-0.0179	_20292_	10
42	-0.0179	_20291_	1
42	-0.0179	_20288_	4
42	-0.0179	_15999_	4
42	-0.0179	_00137_	1
42	-0.0179	RsDecodeSyndrome.count[1]	5
43	-0.0179	_02346_	1
43	-0.0179	_23765_	1
43	-0.0179	_23748_	1
43	-0.0179	_23719_	2
43	-0.0179	_23718_	3
43	-0.0179	_23717_	1
43	-0.0179	_23693_	3
43	-0.0179	_23689_	2
43	-0.0179	_20014_	10
43	-0.0179	_20013_	6
43	-0.0179	_20010_	5
43	-0.0179	_15999_	4
43	-0.0179	_00137_	1
43	-0.0179	RsDecodeSyndrome.count[1]	5
44	-0.0176	_02157_	1
44	-0.0176	_20695_	1
44	-0.0176	_20694_	1
44	-0.0176	_20677_	2
44	-0.0176	_20676_	3
44	-0.0176	_20674_	2
44	-0.0176	_20668_	2
44	-0.0176	_20331_	10
44	-0.0176	_20313_	4
44	-0.0176	_20283_	10
44	-0.0176	_16002_	6
44	-0.0176	_15999_	4
44	-0.0176	_00137_	1
44	-0.0176	RsDecodeSyndrome.count[1]	5
45	-0.0170	_02256_	1
45	-0.0170	_22410_	1
45	-0.0170	_22408_	1
45	-0.0170	_22381_	2
45	-0.0170	_22380_	3
45	-0.0170	_22378_	2
45	-0.0170	_22375_	2
45	-0.0170	_20331_	10
45	-0.0170	_20313_	4
45	-0.0170	_20283_	10
45	-0.0170	_16002_	6
45	-0.0170	_15999_	4
45	-0.0170	_00137_	1
45	-0.0170	RsDecodeSyndrome.count[1]	5
46	-0.0170	_02186_	1
46	-0.0170	_21243_	1
46	-0.0170	_21241_	1
46	-0.0170	_21216_	2
46	-0.0170	_21215_	3
46	-0.0170	_21213_	2
46	-0.0170	_21210_	2
46	-0.0170	_20331_	10
46	-0.0170	_20313_	4
46	-0.0170	_20283_	10
46	-0.0170	_16002_	6
46	-0.0170	_15999_	4
46	-0.0170	_00137_	1
46	-0.0170	RsDecodeSyndrome.count[1]	5
47	-0.0168	_02207_	1
47	-0.0168	_21579_	1
47	-0.0168	_21578_	1
47	-0.0168	_21462_	3
47	-0.0168	_21461_	1
47	-0.0168	_21457_	1
47	-0.0168	_21456_	10
47	-0.0168	_20769_	10
47	-0.0168	_20332_	10
47	-0.0168	_20331_	10
47	-0.0168	_20313_	4
47	-0.0168	_20283_	10
47	-0.0168	_16002_	6
47	-0.0168	_15999_	4
47	-0.0168	_00137_	1
47	-0.0168	RsDecodeSyndrome.count[1]	5
48	-0.0155	_02220_	1
48	-0.0155	_21905_	1
48	-0.0155	_21904_	1
48	-0.0155	_21903_	1
48	-0.0155	_21896_	1
48	-0.0155	_21892_	1
48	-0.0155	_21737_	10
48	-0.0155	_20394_	10
48	-0.0155	_20393_	10
48	-0.0155	_20360_	6
48	-0.0155	_20359_	1
48	-0.0155	_20283_	10
48	-0.0155	_16002_	6
48	-0.0155	_15999_	4
48	-0.0155	_00137_	1
48	-0.0155	RsDecodeSyndrome.count[1]	5
49	-0.0155	_02290_	1
49	-0.0155	_22895_	1
49	-0.0155	_22894_	1
49	-0.0155	_22893_	1
49	-0.0155	_22886_	1
49	-0.0155	_22882_	1
49	-0.0155	_21737_	10
49	-0.0155	_20394_	10
49	-0.0155	_20393_	10
49	-0.0155	_20360_	6
49	-0.0155	_20359_	1
49	-0.0155	_20283_	10
49	-0.0155	_16002_	6
49	-0.0155	_15999_	4
49	-0.0155	_00137_	1
49	-0.0155	RsDecodeSyndrome.count[1]	5
50	-0.0155	_02158_	1
50	-0.0155	_20709_	1
50	-0.0155	_20707_	1
50	-0.0155	_20677_	2
50	-0.0155	_20676_	3
50	-0.0155	_20674_	2
50	-0.0155	_20668_	2
50	-0.0155	_20331_	10
50	-0.0155	_20313_	4
50	-0.0155	_20283_	10
50	-0.0155	_16002_	6
50	-0.0155	_15999_	4
50	-0.0155	_00137_	1
50	-0.0155	RsDecodeSyndrome.count[1]	5
51	-0.0155	_02355_	1
51	-0.0155	_23936_	1
51	-0.0155	_23935_	1
51	-0.0155	_23934_	1
51	-0.0155	_23931_	1
51	-0.0155	_23929_	1
51	-0.0155	_21737_	10
51	-0.0155	_20394_	10
51	-0.0155	_20393_	10
51	-0.0155	_20360_	6
51	-0.0155	_20359_	1
51	-0.0155	_20283_	10
51	-0.0155	_16002_	6
51	-0.0155	_15999_	4
51	-0.0155	_00137_	1
51	-0.0155	RsDecodeSyndrome.count[1]	5
52	-0.0153	_02334_	1
52	-0.0153	_23613_	1
52	-0.0153	_23612_	1
52	-0.0153	_23611_	1
52	-0.0153	_23607_	1
52	-0.0153	_23603_	1
52	-0.0153	_23601_	1
52	-0.0153	_20839_	10
52	-0.0153	_20663_	10
52	-0.0153	_20369_	5
52	-0.0153	_20368_	1
52	-0.0153	_16002_	6
52	-0.0153	_15999_	4
52	-0.0153	_00137_	1
52	-0.0153	RsDecodeSyndrome.count[1]	5
53	-0.0145	_02248_	1
53	-0.0145	_22235_	1
53	-0.0145	_22234_	1
53	-0.0145	_22221_	2
53	-0.0145	_22220_	3
53	-0.0145	_22218_	2
53	-0.0145	_22213_	2
53	-0.0145	_20331_	10
53	-0.0145	_20313_	4
53	-0.0145	_20283_	10
53	-0.0145	_16002_	6
53	-0.0145	_15999_	4
53	-0.0145	_00137_	1
53	-0.0145	RsDecodeSyndrome.count[1]	5
54	-0.0143	_02347_	1
54	-0.0143	_23778_	1
54	-0.0143	_23777_	1
54	-0.0143	_23667_	3
54	-0.0143	_23666_	1
54	-0.0143	_23662_	1
54	-0.0143	_21456_	10
54	-0.0143	_20769_	10
54	-0.0143	_20332_	10
54	-0.0143	_20331_	10
54	-0.0143	_20313_	4
54	-0.0143	_20283_	10
54	-0.0143	_16002_	6
54	-0.0143	_15999_	4
54	-0.0143	_00137_	1
54	-0.0143	RsDecodeSyndrome.count[1]	5
55	-0.0133	_02286_	1
55	-0.0133	_22783_	1
55	-0.0133	_22782_	1
55	-0.0133	_22781_	1
55	-0.0133	_22778_	1
55	-0.0133	_22774_	1
55	-0.0133	_22773_	2
55	-0.0133	_20480_	10
55	-0.0133	_20479_	10
55	-0.0133	_20331_	10
55	-0.0133	_20313_	4
55	-0.0133	_20283_	10
55	-0.0133	_16002_	6
55	-0.0133	_15999_	4
55	-0.0133	_00137_	1
55	-0.0133	RsDecodeSyndrome.count[1]	5
56	-0.0132	_02215_	1
56	-0.0132	_21787_	1
56	-0.0132	_21786_	1
56	-0.0132	_21785_	1
56	-0.0132	_21781_	1
56	-0.0132	_21779_	1
56	-0.0132	_20869_	10
56	-0.0132	_20394_	10
56	-0.0132	_20393_	10
56	-0.0132	_20360_	6
56	-0.0132	_20359_	1
56	-0.0132	_20283_	10
56	-0.0132	_16002_	6
56	-0.0132	_15999_	4
56	-0.0132	_00137_	1
56	-0.0132	RsDecodeSyndrome.count[1]	5
57	-0.0125	_02194_	1
57	-0.0125	_21419_	1
57	-0.0125	_21418_	1
57	-0.0125	_21417_	1
57	-0.0125	_21413_	1
57	-0.0125	_21411_	1
57	-0.0125	_20869_	10
57	-0.0125	_20394_	10
57	-0.0125	_20393_	10
57	-0.0125	_20360_	6
57	-0.0125	_20359_	1
57	-0.0125	_20283_	10
57	-0.0125	_16002_	6
57	-0.0125	_15999_	4
57	-0.0125	_00137_	1
57	-0.0125	RsDecodeSyndrome.count[1]	5
58	-0.0123	_02249_	1
58	-0.0123	_22248_	1
58	-0.0123	_22246_	1
58	-0.0123	_22221_	2
58	-0.0123	_22220_	3
58	-0.0123	_22218_	2
58	-0.0123	_22213_	2
58	-0.0123	_20331_	10
58	-0.0123	_20313_	4
58	-0.0123	_20283_	10
58	-0.0123	_16002_	6
58	-0.0123	_15999_	4
58	-0.0123	_00137_	1
58	-0.0123	RsDecodeSyndrome.count[1]	5
59	-0.0121	_02273_	1
59	-0.0121	_22604_	1
59	-0.0121	_22573_	2
59	-0.0121	_22544_	3
59	-0.0121	_22536_	1
59	-0.0121	_22535_	1
59	-0.0121	_22534_	1
59	-0.0121	_20839_	10
59	-0.0121	_20663_	10
59	-0.0121	_20369_	5
59	-0.0121	_20368_	1
59	-0.0121	_16002_	6
59	-0.0121	_15999_	4
59	-0.0121	_00137_	1
59	-0.0121	RsDecodeSyndrome.count[1]	5
60	-0.0121	_02271_	1
60	-0.0121	_22586_	1
60	-0.0121	_22573_	2
60	-0.0121	_22544_	3
60	-0.0121	_22536_	1
60	-0.0121	_22535_	1
60	-0.0121	_22534_	1
60	-0.0121	_20839_	10
60	-0.0121	_20663_	10
60	-0.0121	_20369_	5
60	-0.0121	_20368_	1
60	-0.0121	_16002_	6
60	-0.0121	_15999_	4
60	-0.0121	_00137_	1
60	-0.0121	RsDecodeSyndrome.count[1]	5
61	-0.0120	_07042_	1
61	-0.0120	_37645_	1
61	-0.0120	_37644_	1
61	-0.0120	_37643_	1
61	-0.0120	_37642_	1
61	-0.0120	_37641_	1
61	-0.0120	_21516_	10
61	-0.0120	_20682_	10
61	-0.0120	_20410_	10
61	-0.0120	_20285_	10
61	-0.0120	_20284_	3
61	-0.0120	_20283_	10
61	-0.0120	_16002_	6
61	-0.0120	_15999_	4
61	-0.0120	_00137_	1
61	-0.0120	RsDecodeSyndrome.count[1]	5
62	-0.0118	_02235_	1
62	-0.0118	_22094_	1
62	-0.0118	_22092_	1
62	-0.0118	_22091_	1
62	-0.0118	_22087_	1
62	-0.0118	_22083_	1
62	-0.0118	_20869_	10
62	-0.0118	_20394_	10
62	-0.0118	_20393_	10
62	-0.0118	_20360_	6
62	-0.0118	_20359_	1
62	-0.0118	_20283_	10
62	-0.0118	_16002_	6
62	-0.0118	_15999_	4
62	-0.0118	_00137_	1
62	-0.0118	RsDecodeSyndrome.count[1]	5
63	-0.0118	_02179_	1
63	-0.0118	_21066_	1
63	-0.0118	_21064_	1
63	-0.0118	_21063_	1
63	-0.0118	_21059_	1
63	-0.0118	_21055_	1
63	-0.0118	_20869_	10
63	-0.0118	_20394_	10
63	-0.0118	_20393_	10
63	-0.0118	_20360_	6
63	-0.0118	_20359_	1
63	-0.0118	_20283_	10
63	-0.0118	_16002_	6
63	-0.0118	_15999_	4
63	-0.0118	_00137_	1
63	-0.0118	RsDecodeSyndrome.count[1]	5
64	-0.0117	_07065_	1
64	-0.0117	_37933_	1
64	-0.0117	_37932_	1
64	-0.0117	_37928_	1
64	-0.0117	_37927_	1
64	-0.0117	_37923_	1
64	-0.0117	_37921_	1
64	-0.0117	_20902_	10
64	-0.0117	_20631_	10
64	-0.0117	_20331_	10
64	-0.0117	_20313_	4
64	-0.0117	_20283_	10
64	-0.0117	_16002_	6
64	-0.0117	_15999_	4
64	-0.0117	_00137_	1
64	-0.0117	RsDecodeSyndrome.count[1]	5
65	-0.0116	_02320_	1
65	-0.0116	_23462_	1
65	-0.0116	_23460_	1
65	-0.0116	_23452_	3
65	-0.0116	_23449_	1
65	-0.0116	_23448_	1
65	-0.0116	_23446_	1
65	-0.0116	_20616_	10
65	-0.0116	_20561_	10
65	-0.0116	_20560_	3
65	-0.0116	_20283_	10
65	-0.0116	_16002_	6
65	-0.0116	_15999_	4
65	-0.0116	_00137_	1
65	-0.0116	RsDecodeSyndrome.count[1]	5
66	-0.0116	_02164_	1
66	-0.0116	_20867_	1
66	-0.0116	_20866_	1
66	-0.0116	_20865_	1
66	-0.0116	_20858_	1
66	-0.0116	_20853_	1
66	-0.0116	_20440_	10
66	-0.0116	_20439_	10
66	-0.0116	_20438_	10
66	-0.0116	_20349_	4
66	-0.0116	_20348_	1
66	-0.0116	_16003_	10
66	-0.0116	_16002_	6
66	-0.0116	_15999_	4
66	-0.0116	_00137_	1
66	-0.0116	RsDecodeSyndrome.count[1]	5
67	-0.0116	_02269_	1
67	-0.0116	_22558_	1
67	-0.0116	_22557_	1
67	-0.0116	_22556_	1
67	-0.0116	_22549_	1
67	-0.0116	_22545_	1
67	-0.0116	_20440_	10
67	-0.0116	_20439_	10
67	-0.0116	_20438_	10
67	-0.0116	_20349_	4
67	-0.0116	_20348_	1
67	-0.0116	_16003_	10
67	-0.0116	_16002_	6
67	-0.0116	_15999_	4
67	-0.0116	_00137_	1
67	-0.0116	RsDecodeSyndrome.count[1]	5
68	-0.0115	_02141_	1
68	-0.0115	_20377_	1
68	-0.0115	_20376_	1
68	-0.0115	_20340_	3
68	-0.0115	_20339_	2
68	-0.0115	_20335_	1
68	-0.0115	_20334_	10
68	-0.0115	_20333_	10
68	-0.0115	_20332_	10
68	-0.0115	_20331_	10
68	-0.0115	_20313_	4
68	-0.0115	_20283_	10
68	-0.0115	_16002_	6
68	-0.0115	_15999_	4
68	-0.0115	_00137_	1
68	-0.0115	RsDecodeSyndrome.count[1]	5
69	-0.0115	_07069_	1
69	-0.0115	_37991_	1
69	-0.0115	_37990_	1
69	-0.0115	_37981_	1
69	-0.0115	_37977_	1
69	-0.0115	_37975_	1
69	-0.0115	_21456_	10
69	-0.0115	_20769_	10
69	-0.0115	_20332_	10
69	-0.0115	_20331_	10
69	-0.0115	_20313_	4
69	-0.0115	_20283_	10
69	-0.0115	_16002_	6
69	-0.0115	_15999_	4
69	-0.0115	_00137_	1
69	-0.0115	RsDecodeSyndrome.count[1]	5
70	-0.0115	_07048_	1
70	-0.0115	_37723_	1
70	-0.0115	_37722_	1
70	-0.0115	_37713_	1
70	-0.0115	_37709_	1
70	-0.0115	_37707_	1
70	-0.0115	_21456_	10
70	-0.0115	_20769_	10
70	-0.0115	_20332_	10
70	-0.0115	_20331_	10
70	-0.0115	_20313_	4
70	-0.0115	_20283_	10
70	-0.0115	_16002_	6
70	-0.0115	_15999_	4
70	-0.0115	_00137_	1
70	-0.0115	RsDecodeSyndrome.count[1]	5
71	-0.0115	_07060_	1
71	-0.0115	_37878_	1
71	-0.0115	_37877_	1
71	-0.0115	_37868_	1
71	-0.0115	_37864_	1
71	-0.0115	_37862_	1
71	-0.0115	_21456_	10
71	-0.0115	_20769_	10
71	-0.0115	_20332_	10
71	-0.0115	_20331_	10
71	-0.0115	_20313_	4
71	-0.0115	_20283_	10
71	-0.0115	_16002_	6
71	-0.0115	_15999_	4
71	-0.0115	_00137_	1
71	-0.0115	RsDecodeSyndrome.count[1]	5
72	-0.0115	_07045_	1
72	-0.0115	_37685_	1
72	-0.0115	_37684_	1
72	-0.0115	_37674_	1
72	-0.0115	_37670_	1
72	-0.0115	_37668_	1
72	-0.0115	_21456_	10
72	-0.0115	_20769_	10
72	-0.0115	_20332_	10
72	-0.0115	_20331_	10
72	-0.0115	_20313_	4
72	-0.0115	_20283_	10
72	-0.0115	_16002_	6
72	-0.0115	_15999_	4
72	-0.0115	_00137_	1
72	-0.0115	RsDecodeSyndrome.count[1]	5
73	-0.0115	_07063_	1
73	-0.0115	_37915_	1
73	-0.0115	_37914_	1
73	-0.0115	_37905_	1
73	-0.0115	_37901_	1
73	-0.0115	_37899_	1
73	-0.0115	_21456_	10
73	-0.0115	_20769_	10
73	-0.0115	_20332_	10
73	-0.0115	_20331_	10
73	-0.0115	_20313_	4
73	-0.0115	_20283_	10
73	-0.0115	_16002_	6
73	-0.0115	_15999_	4
73	-0.0115	_00137_	1
73	-0.0115	RsDecodeSyndrome.count[1]	5
74	-0.0115	_07057_	1
74	-0.0115	_37838_	1
74	-0.0115	_37837_	1
74	-0.0115	_37828_	1
74	-0.0115	_37824_	1
74	-0.0115	_37822_	1
74	-0.0115	_21456_	10
74	-0.0115	_20769_	10
74	-0.0115	_20332_	10
74	-0.0115	_20331_	10
74	-0.0115	_20313_	4
74	-0.0115	_20283_	10
74	-0.0115	_16002_	6
74	-0.0115	_15999_	4
74	-0.0115	_00137_	1
74	-0.0115	RsDecodeSyndrome.count[1]	5
75	-0.0114	_02165_	1
75	-0.0114	_20881_	1
75	-0.0114	_20879_	1
75	-0.0114	_20878_	1
75	-0.0114	_20874_	1
75	-0.0114	_20870_	1
75	-0.0114	_20869_	10
75	-0.0114	_20394_	10
75	-0.0114	_20393_	10
75	-0.0114	_20360_	6
75	-0.0114	_20359_	1
75	-0.0114	_20283_	10
75	-0.0114	_16002_	6
75	-0.0114	_15999_	4
75	-0.0114	_00137_	1
75	-0.0114	RsDecodeSyndrome.count[1]	5
76	-0.0112	_02354_	1
76	-0.0112	_23922_	1
76	-0.0112	_23921_	1
76	-0.0112	_23838_	3
76	-0.0112	_23832_	2
76	-0.0112	_23831_	1
76	-0.0112	_23829_	1
76	-0.0112	_20769_	10
76	-0.0112	_20332_	10
76	-0.0112	_20331_	10
76	-0.0112	_20313_	4
76	-0.0112	_20283_	10
76	-0.0112	_16002_	6
76	-0.0112	_15999_	4
76	-0.0112	_00137_	1
76	-0.0112	RsDecodeSyndrome.count[1]	5
77	-0.0110	_02143_	1
77	-0.0110	_20459_	1
77	-0.0110	_20458_	1
77	-0.0110	_20457_	1
77	-0.0110	_20446_	1
77	-0.0110	_20441_	1
77	-0.0110	_20440_	10
77	-0.0110	_20439_	10
77	-0.0110	_20438_	10
77	-0.0110	_20349_	4
77	-0.0110	_20348_	1
77	-0.0110	_16003_	10
77	-0.0110	_16002_	6
77	-0.0110	_15999_	4
77	-0.0110	_00137_	1
77	-0.0110	RsDecodeSyndrome.count[1]	5
78	-0.0109	_02212_	1
78	-0.0109	_21710_	1
78	-0.0109	_21709_	1
78	-0.0109	_21708_	1
78	-0.0109	_21707_	1
78	-0.0109	_21703_	1
78	-0.0109	_21516_	10
78	-0.0109	_20682_	10
78	-0.0109	_20410_	10
78	-0.0109	_20285_	10
78	-0.0109	_20284_	3
78	-0.0109	_20283_	10
78	-0.0109	_16002_	6
78	-0.0109	_15999_	4
78	-0.0109	_00137_	1
78	-0.0109	RsDecodeSyndrome.count[1]	5
79	-0.0109	_02288_	1
79	-0.0109	_22836_	1
79	-0.0109	_22835_	1
79	-0.0109	_22834_	1
79	-0.0109	_22833_	1
79	-0.0109	_22832_	1
79	-0.0109	_22831_	1
79	-0.0109	_20769_	10
79	-0.0109	_20332_	10
79	-0.0109	_20331_	10
79	-0.0109	_20313_	4
79	-0.0109	_20283_	10
79	-0.0109	_16002_	6
79	-0.0109	_15999_	4
79	-0.0109	_00137_	1
79	-0.0109	RsDecodeSyndrome.count[1]	5
80	-0.0108	_07062_	1
80	-0.0108	_37897_	1
80	-0.0108	_37896_	1
80	-0.0108	_37885_	1
80	-0.0108	_37884_	1
80	-0.0108	_37883_	1
80	-0.0108	_20683_	10
80	-0.0108	_20682_	10
80	-0.0108	_20410_	10
80	-0.0108	_20285_	10
80	-0.0108	_20284_	3
80	-0.0108	_20283_	10
80	-0.0108	_16002_	6
80	-0.0108	_15999_	4
80	-0.0108	_00137_	1
80	-0.0108	RsDecodeSyndrome.count[1]	5
81	-0.0108	_02310_	1
81	-0.0108	_23221_	1
81	-0.0108	_23220_	1
81	-0.0108	_23219_	1
81	-0.0108	_23218_	1
81	-0.0108	_23214_	1
81	-0.0108	_21516_	10
81	-0.0108	_20682_	10
81	-0.0108	_20410_	10
81	-0.0108	_20285_	10
81	-0.0108	_20284_	3
81	-0.0108	_20283_	10
81	-0.0108	_16002_	6
81	-0.0108	_15999_	4
81	-0.0108	_00137_	1
81	-0.0108	RsDecodeSyndrome.count[1]	5
82	-0.0106	_02162_	1
82	-0.0106	_20802_	1
82	-0.0106	_20801_	1
82	-0.0106	_20780_	3
82	-0.0106	_20773_	2
82	-0.0106	_20772_	1
82	-0.0106	_20770_	1
82	-0.0106	_20769_	10
82	-0.0106	_20332_	10
82	-0.0106	_20331_	10
82	-0.0106	_20313_	4
82	-0.0106	_20283_	10
82	-0.0106	_16002_	6
82	-0.0106	_15999_	4
82	-0.0106	_00137_	1
82	-0.0106	RsDecodeSyndrome.count[1]	5
83	-0.0106	_02333_	1
83	-0.0106	_23598_	1
83	-0.0106	_23597_	1
83	-0.0106	_23512_	3
83	-0.0106	_23506_	2
83	-0.0106	_23505_	1
83	-0.0106	_23503_	1
83	-0.0106	_20769_	10
83	-0.0106	_20332_	10
83	-0.0106	_20331_	10
83	-0.0106	_20313_	4
83	-0.0106	_20283_	10
83	-0.0106	_16002_	6
83	-0.0106	_15999_	4
83	-0.0106	_00137_	1
83	-0.0106	RsDecodeSyndrome.count[1]	5
84	-0.0106	_02330_	1
84	-0.0106	_23529_	1
84	-0.0106	_23528_	1
84	-0.0106	_23512_	3
84	-0.0106	_23506_	2
84	-0.0106	_23505_	1
84	-0.0106	_23503_	1
84	-0.0106	_20769_	10
84	-0.0106	_20332_	10
84	-0.0106	_20331_	10
84	-0.0106	_20313_	4
84	-0.0106	_20283_	10
84	-0.0106	_16002_	6
84	-0.0106	_15999_	4
84	-0.0106	_00137_	1
84	-0.0106	RsDecodeSyndrome.count[1]	5
85	-0.0102	_02168_	1
85	-0.0102	_20921_	1
85	-0.0102	_20884_	2
85	-0.0102	_20852_	3
85	-0.0102	_20843_	1
85	-0.0102	_20842_	1
85	-0.0102	_20840_	1
85	-0.0102	_20839_	10
85	-0.0102	_20663_	10
85	-0.0102	_20369_	5
85	-0.0102	_20368_	1
85	-0.0102	_16002_	6
85	-0.0102	_15999_	4
85	-0.0102	_00137_	1
85	-0.0102	RsDecodeSyndrome.count[1]	5
86	-0.0102	_02166_	1
86	-0.0102	_20897_	1
86	-0.0102	_20884_	2
86	-0.0102	_20852_	3
86	-0.0102	_20843_	1
86	-0.0102	_20842_	1
86	-0.0102	_20840_	1
86	-0.0102	_20839_	10
86	-0.0102	_20663_	10
86	-0.0102	_20369_	5
86	-0.0102	_20368_	1
86	-0.0102	_16002_	6
86	-0.0102	_15999_	4
86	-0.0102	_00137_	1
86	-0.0102	RsDecodeSyndrome.count[1]	5
87	-0.0100	_07067_	1
87	-0.0100	_37973_	1
87	-0.0100	_37972_	1
87	-0.0100	_37968_	1
87	-0.0100	_37967_	1
87	-0.0100	_37966_	1
87	-0.0100	_20683_	10
87	-0.0100	_20682_	10
87	-0.0100	_20410_	10
87	-0.0100	_20285_	10
87	-0.0100	_20284_	3
87	-0.0100	_20283_	10
87	-0.0100	_16002_	6
87	-0.0100	_15999_	4
87	-0.0100	_00137_	1
87	-0.0100	RsDecodeSyndrome.count[1]	5
88	-0.0100	_02205_	1
88	-0.0100	_21524_	1
88	-0.0100	_21523_	1
88	-0.0100	_21522_	1
88	-0.0100	_21521_	1
88	-0.0100	_21517_	1
88	-0.0100	_21516_	10
88	-0.0100	_20682_	10
88	-0.0100	_20410_	10
88	-0.0100	_20285_	10
88	-0.0100	_20284_	3
88	-0.0100	_20283_	10
88	-0.0100	_16002_	6
88	-0.0100	_15999_	4
88	-0.0100	_00137_	1
88	-0.0100	RsDecodeSyndrome.count[1]	5
89	-0.0098	_02332_	1
89	-0.0098	_23585_	1
89	-0.0098	_23584_	1
89	-0.0098	_23583_	1
89	-0.0098	_23576_	1
89	-0.0098	_23572_	1
89	-0.0098	_20440_	10
89	-0.0098	_20439_	10
89	-0.0098	_20438_	10
89	-0.0098	_20349_	4
89	-0.0098	_20348_	1
89	-0.0098	_16003_	10
89	-0.0098	_16002_	6
89	-0.0098	_15999_	4
89	-0.0098	_00137_	1
89	-0.0098	RsDecodeSyndrome.count[1]	5
90	-0.0097	_02217_	1
90	-0.0097	_21802_	1
90	-0.0097	_21778_	2
90	-0.0097	_21733_	3
90	-0.0097	_21724_	1
90	-0.0097	_21717_	1
90	-0.0097	_21715_	1
90	-0.0097	_20836_	10
90	-0.0097	_20361_	10
90	-0.0097	_20360_	6
90	-0.0097	_20359_	1
90	-0.0097	_20283_	10
90	-0.0097	_16002_	6
90	-0.0097	_15999_	4
90	-0.0097	_00137_	1
90	-0.0097	RsDecodeSyndrome.count[1]	5
91	-0.0095	_02233_	1
91	-0.0095	_22039_	1
91	-0.0095	_22038_	1
91	-0.0095	_22037_	1
91	-0.0095	_22036_	1
91	-0.0095	_22032_	1
91	-0.0095	_21516_	10
91	-0.0095	_20682_	10
91	-0.0095	_20410_	10
91	-0.0095	_20285_	10
91	-0.0095	_20284_	3
91	-0.0095	_20283_	10
91	-0.0095	_16002_	6
91	-0.0095	_15999_	4
91	-0.0095	_00137_	1
91	-0.0095	RsDecodeSyndrome.count[1]	5
92	-0.0095	_02177_	1
92	-0.0095	_21008_	1
92	-0.0095	_21007_	1
92	-0.0095	_21006_	1
92	-0.0095	_21005_	1
92	-0.0095	_21000_	1
92	-0.0095	_20683_	10
92	-0.0095	_20682_	10
92	-0.0095	_20410_	10
92	-0.0095	_20285_	10
92	-0.0095	_20284_	3
92	-0.0095	_20283_	10
92	-0.0095	_16002_	6
92	-0.0095	_15999_	4
92	-0.0095	_00137_	1
92	-0.0095	RsDecodeSyndrome.count[1]	5
93	-0.0095	_02163_	1
93	-0.0095	_20834_	1
93	-0.0095	_20833_	1
93	-0.0095	_20832_	1
93	-0.0095	_20831_	1
93	-0.0095	_20826_	1
93	-0.0095	_20683_	10
93	-0.0095	_20682_	10
93	-0.0095	_20410_	10
93	-0.0095	_20285_	10
93	-0.0095	_20284_	3
93	-0.0095	_20283_	10
93	-0.0095	_16002_	6
93	-0.0095	_15999_	4
93	-0.0095	_00137_	1
93	-0.0095	RsDecodeSyndrome.count[1]	5
94	-0.0095	_02247_	1
94	-0.0095	_22206_	1
94	-0.0095	_22205_	1
94	-0.0095	_22204_	1
94	-0.0095	_22203_	1
94	-0.0095	_22199_	1
94	-0.0095	_21516_	10
94	-0.0095	_20682_	10
94	-0.0095	_20410_	10
94	-0.0095	_20285_	10
94	-0.0095	_20284_	3
94	-0.0095	_20283_	10
94	-0.0095	_16002_	6
94	-0.0095	_15999_	4
94	-0.0095	_00137_	1
94	-0.0095	RsDecodeSyndrome.count[1]	5
95	-0.0095	_02144_	1
95	-0.0095	_20477_	1
95	-0.0095	_20476_	1
95	-0.0095	_20340_	3
95	-0.0095	_20339_	2
95	-0.0095	_20335_	1
95	-0.0095	_20334_	10
95	-0.0095	_20333_	10
95	-0.0095	_20332_	10
95	-0.0095	_20331_	10
95	-0.0095	_20313_	4
95	-0.0095	_20283_	10
95	-0.0095	_16002_	6
95	-0.0095	_15999_	4
95	-0.0095	_00137_	1
95	-0.0095	RsDecodeSyndrome.count[1]	5
96	-0.0095	_07053_	1
96	-0.0095	_37801_	1
96	-0.0095	_37800_	1
96	-0.0095	_37799_	1
96	-0.0095	_37791_	1
96	-0.0095	_37787_	1
96	-0.0095	_20440_	10
96	-0.0095	_20439_	10
96	-0.0095	_20438_	10
96	-0.0095	_20349_	4
96	-0.0095	_20348_	1
96	-0.0095	_16003_	10
96	-0.0095	_16002_	6
96	-0.0095	_15999_	4
96	-0.0095	_00137_	1
96	-0.0095	RsDecodeSyndrome.count[1]	5
97	-0.0095	_02234_	1
97	-0.0095	_22081_	1
97	-0.0095	_22024_	2
97	-0.0095	_21980_	3
97	-0.0095	_21979_	1
97	-0.0095	_21977_	1
97	-0.0095	_20480_	10
97	-0.0095	_20479_	10
97	-0.0095	_20331_	10
97	-0.0095	_20313_	4
97	-0.0095	_20283_	10
97	-0.0095	_16002_	6
97	-0.0095	_15999_	4
97	-0.0095	_00137_	1
97	-0.0095	RsDecodeSyndrome.count[1]	5
98	-0.0095	_02206_	1
98	-0.0095	_21565_	1
98	-0.0095	_21508_	2
98	-0.0095	_21474_	3
98	-0.0095	_21473_	1
98	-0.0095	_21469_	1
98	-0.0095	_20480_	10
98	-0.0095	_20479_	10
98	-0.0095	_20331_	10
98	-0.0095	_20313_	4
98	-0.0095	_20283_	10
98	-0.0095	_16002_	6
98	-0.0095	_15999_	4
98	-0.0095	_00137_	1
98	-0.0095	RsDecodeSyndrome.count[1]	5
99	-0.0094	_02352_	1
99	-0.0094	_23881_	1
99	-0.0094	_23880_	1
99	-0.0094	_23879_	1
99	-0.0094	_23878_	1
99	-0.0094	_23874_	1
99	-0.0094	_21516_	10
99	-0.0094	_20682_	10
99	-0.0094	_20410_	10
99	-0.0094	_20285_	10
99	-0.0094	_20284_	3
99	-0.0094	_20283_	10
99	-0.0094	_16002_	6
99	-0.0094	_15999_	4
99	-0.0094	_00137_	1
99	-0.0094	RsDecodeSyndrome.count[1]	5
100	-0.0094	_02254_	1
100	-0.0094	_22365_	1
100	-0.0094	_22364_	1
100	-0.0094	_22363_	1
100	-0.0094	_22362_	1
100	-0.0094	_22358_	1
100	-0.0094	_21516_	10
100	-0.0094	_20682_	10
100	-0.0094	_20410_	10
100	-0.0094	_20285_	10
100	-0.0094	_20284_	3
100	-0.0094	_20283_	10
100	-0.0094	_16002_	6
100	-0.0094	_15999_	4
100	-0.0094	_00137_	1
100	-0.0094	RsDecodeSyndrome.count[1]	5
101	-0.0093	_02303_	1
101	-0.0093	_23050_	1
101	-0.0093	_23049_	1
101	-0.0093	_23048_	1
101	-0.0093	_23047_	1
101	-0.0093	_23043_	1
101	-0.0093	_21516_	10
101	-0.0093	_20682_	10
101	-0.0093	_20410_	10
101	-0.0093	_20285_	10
101	-0.0093	_20284_	3
101	-0.0093	_20283_	10
101	-0.0093	_16002_	6
101	-0.0093	_15999_	4
101	-0.0093	_00137_	1
101	-0.0093	RsDecodeSyndrome.count[1]	5
102	-0.0089	_02357_	1
102	-0.0089	_23951_	1
102	-0.0089	_23928_	2
102	-0.0089	_23895_	3
102	-0.0089	_23887_	1
102	-0.0089	_23886_	1
102	-0.0089	_23884_	1
102	-0.0089	_20839_	10
102	-0.0089	_20663_	10
102	-0.0089	_20369_	5
102	-0.0089	_20368_	1
102	-0.0089	_16002_	6
102	-0.0089	_15999_	4
102	-0.0089	_00137_	1
102	-0.0089	RsDecodeSyndrome.count[1]	5
103	-0.0089	_02196_	1
103	-0.0089	_21434_	1
103	-0.0089	_21410_	2
103	-0.0089	_21377_	3
103	-0.0089	_21369_	1
103	-0.0089	_21368_	1
103	-0.0089	_21366_	1
103	-0.0089	_20839_	10
103	-0.0089	_20663_	10
103	-0.0089	_20369_	5
103	-0.0089	_20368_	1
103	-0.0089	_16002_	6
103	-0.0089	_15999_	4
103	-0.0089	_00137_	1
103	-0.0089	RsDecodeSyndrome.count[1]	5
104	-0.0087	_02291_	1
104	-0.0087	_22908_	1
104	-0.0087	_22906_	1
104	-0.0087	_22905_	1
104	-0.0087	_22901_	1
104	-0.0087	_22897_	1
104	-0.0087	_20869_	10
104	-0.0087	_20394_	10
104	-0.0087	_20393_	10
104	-0.0087	_20360_	6
104	-0.0087	_20359_	1
104	-0.0087	_20283_	10
104	-0.0087	_16002_	6
104	-0.0087	_15999_	4
104	-0.0087	_00137_	1
104	-0.0087	RsDecodeSyndrome.count[1]	5
105	-0.0084	_02214_	1
105	-0.0084	_21763_	1
105	-0.0084	_21761_	1
105	-0.0084	_21760_	1
105	-0.0084	_21759_	1
105	-0.0084	_21758_	1
105	-0.0084	_20471_	10
105	-0.0084	_20470_	10
105	-0.0084	_20407_	10
105	-0.0084	_20369_	5
105	-0.0084	_20368_	1
105	-0.0084	_16002_	6
105	-0.0084	_15999_	4
105	-0.0084	_00137_	1
105	-0.0084	RsDecodeSyndrome.count[1]	5
106	-0.0084	_02270_	1
106	-0.0084	_22571_	1
106	-0.0084	_22569_	1
106	-0.0084	_22568_	1
106	-0.0084	_22567_	1
106	-0.0084	_22566_	1
106	-0.0084	_20471_	10
106	-0.0084	_20470_	10
106	-0.0084	_20407_	10
106	-0.0084	_20369_	5
106	-0.0084	_20368_	1
106	-0.0084	_16002_	6
106	-0.0084	_15999_	4
106	-0.0084	_00137_	1
106	-0.0084	RsDecodeSyndrome.count[1]	5
107	-0.0083	_02289_	1
107	-0.0083	_22865_	1
107	-0.0083	_22850_	2
107	-0.0083	_22849_	3
107	-0.0083	_22848_	1
107	-0.0083	_22847_	1
107	-0.0083	_22846_	1
107	-0.0083	_20387_	10
107	-0.0083	_20320_	10
107	-0.0083	_20307_	5
107	-0.0083	_20306_	1
107	-0.0083	_20283_	10
107	-0.0083	_16002_	6
107	-0.0083	_15999_	4
107	-0.0083	_00137_	1
107	-0.0083	RsDecodeSyndrome.count[1]	5
108	-0.0080	_02312_	1
108	-0.0080	_23263_	1
108	-0.0080	_23261_	1
108	-0.0080	_23260_	1
108	-0.0080	_23259_	1
108	-0.0080	_23258_	1
108	-0.0080	_20471_	10
108	-0.0080	_20470_	10
108	-0.0080	_20407_	10
108	-0.0080	_20369_	5
108	-0.0080	_20368_	1
108	-0.0080	_16002_	6
108	-0.0080	_15999_	4
108	-0.0080	_00137_	1
108	-0.0080	RsDecodeSyndrome.count[1]	5
109	-0.0080	_02193_	1
109	-0.0080	_21404_	1
109	-0.0080	_21402_	1
109	-0.0080	_21401_	1
109	-0.0080	_21400_	1
109	-0.0080	_21399_	1
109	-0.0080	_20471_	10
109	-0.0080	_20470_	10
109	-0.0080	_20407_	10
109	-0.0080	_20369_	5
109	-0.0080	_20368_	1
109	-0.0080	_16002_	6
109	-0.0080	_15999_	4
109	-0.0080	_00137_	1
109	-0.0080	RsDecodeSyndrome.count[1]	5
110	-0.0080	_02236_	1
110	-0.0080	_22114_	1
110	-0.0080	_22113_	1
110	-0.0080	_22112_	1
110	-0.0080	_22111_	1
110	-0.0080	_22110_	1
110	-0.0080	_22108_	1
110	-0.0080	_20839_	10
110	-0.0080	_20663_	10
110	-0.0080	_20369_	5
110	-0.0080	_20368_	1
110	-0.0080	_16002_	6
110	-0.0080	_15999_	4
110	-0.0080	_00137_	1
110	-0.0080	RsDecodeSyndrome.count[1]	5
111	-0.0080	_02208_	1
111	-0.0080	_21599_	1
111	-0.0080	_21598_	1
111	-0.0080	_21597_	1
111	-0.0080	_21596_	1
111	-0.0080	_21595_	1
111	-0.0080	_21593_	1
111	-0.0080	_20839_	10
111	-0.0080	_20663_	10
111	-0.0080	_20369_	5
111	-0.0080	_20368_	1
111	-0.0080	_16002_	6
111	-0.0080	_15999_	4
111	-0.0080	_00137_	1
111	-0.0080	RsDecodeSyndrome.count[1]	5
112	-0.0080	_02180_	1
112	-0.0080	_21104_	1
112	-0.0080	_21103_	1
112	-0.0080	_21102_	1
112	-0.0080	_21101_	1
112	-0.0080	_21100_	1
112	-0.0080	_21098_	1
112	-0.0080	_20839_	10
112	-0.0080	_20663_	10
112	-0.0080	_20369_	5
112	-0.0080	_20368_	1
112	-0.0080	_16002_	6
112	-0.0080	_15999_	4
112	-0.0080	_00137_	1
112	-0.0080	RsDecodeSyndrome.count[1]	5
113	-0.0079	_02142_	1
113	-0.0079	_20417_	1
113	-0.0079	_20392_	2
113	-0.0079	_20391_	3
113	-0.0079	_20390_	1
113	-0.0079	_20389_	1
113	-0.0079	_20388_	1
113	-0.0079	_20387_	10
113	-0.0079	_20320_	10
113	-0.0079	_20307_	5
113	-0.0079	_20306_	1
113	-0.0079	_20283_	10
113	-0.0079	_16002_	6
113	-0.0079	_15999_	4
113	-0.0079	_00137_	1
113	-0.0079	RsDecodeSyndrome.count[1]	5
114	-0.0078	_02331_	1
114	-0.0078	_23557_	1
114	-0.0078	_23542_	2
114	-0.0078	_23541_	3
114	-0.0078	_23540_	1
114	-0.0078	_23539_	1
114	-0.0078	_23538_	1
114	-0.0078	_20387_	10
114	-0.0078	_20320_	10
114	-0.0078	_20307_	5
114	-0.0078	_20306_	1
114	-0.0078	_20283_	10
114	-0.0078	_16002_	6
114	-0.0078	_15999_	4
114	-0.0078	_00137_	1
114	-0.0078	RsDecodeSyndrome.count[1]	5
115	-0.0077	_02284_	1
115	-0.0077	_22748_	1
115	-0.0077	_22747_	1
115	-0.0077	_22631_	3
115	-0.0077	_22625_	2
115	-0.0077	_22621_	1
115	-0.0077	_22620_	1
115	-0.0077	_20332_	10
115	-0.0077	_20331_	10
115	-0.0077	_20313_	4
115	-0.0077	_20283_	10
115	-0.0077	_16002_	6
115	-0.0077	_15999_	4
115	-0.0077	_00137_	1
115	-0.0077	RsDecodeSyndrome.count[1]	5
116	-0.0075	_07071_	1
116	-0.0075	_38009_	1
116	-0.0075	_38008_	1
116	-0.0075	_37998_	1
116	-0.0075	_37997_	1
116	-0.0075	_37995_	1
116	-0.0075	_20683_	10
116	-0.0075	_20682_	10
116	-0.0075	_20410_	10
116	-0.0075	_20285_	10
116	-0.0075	_20284_	3
116	-0.0075	_20283_	10
116	-0.0075	_16002_	6
116	-0.0075	_15999_	4
116	-0.0075	_00137_	1
116	-0.0075	RsDecodeSyndrome.count[1]	5
117	-0.0074	_02184_	1
117	-0.0074	_21201_	1
117	-0.0074	_21187_	2
117	-0.0074	_21186_	3
117	-0.0074	_21185_	1
117	-0.0074	_21184_	1
117	-0.0074	_21183_	1
117	-0.0074	_20387_	10
117	-0.0074	_20320_	10
117	-0.0074	_20307_	5
117	-0.0074	_20306_	1
117	-0.0074	_20283_	10
117	-0.0074	_16002_	6
117	-0.0074	_15999_	4
117	-0.0074	_00137_	1
117	-0.0074	RsDecodeSyndrome.count[1]	5
118	-0.0066	_02319_	1
118	-0.0066	_23441_	1
118	-0.0066	_23440_	1
118	-0.0066	_23331_	2
118	-0.0066	_23330_	1
118	-0.0066	_23326_	1
118	-0.0066	_20334_	10
118	-0.0066	_20333_	10
118	-0.0066	_20332_	10
118	-0.0066	_20331_	10
118	-0.0066	_20313_	4
118	-0.0066	_20283_	10
118	-0.0066	_16002_	6
118	-0.0066	_15999_	4
118	-0.0066	_00137_	1
118	-0.0066	RsDecodeSyndrome.count[1]	5
119	-0.0060	_02192_	1
119	-0.0060	_21391_	1
119	-0.0060	_21346_	2
119	-0.0060	_21345_	3
119	-0.0060	_21344_	1
119	-0.0060	_21343_	1
119	-0.0060	_21341_	1
119	-0.0060	_20387_	10
119	-0.0060	_20320_	10
119	-0.0060	_20307_	5
119	-0.0060	_20306_	1
119	-0.0060	_20283_	10
119	-0.0060	_16002_	6
119	-0.0060	_15999_	4
119	-0.0060	_00137_	1
119	-0.0060	RsDecodeSyndrome.count[1]	5
120	-0.0060	_02191_	1
120	-0.0060	_21361_	1
120	-0.0060	_21346_	2
120	-0.0060	_21345_	3
120	-0.0060	_21344_	1
120	-0.0060	_21343_	1
120	-0.0060	_21341_	1
120	-0.0060	_20387_	10
120	-0.0060	_20320_	10
120	-0.0060	_20307_	5
120	-0.0060	_20306_	1
120	-0.0060	_20283_	10
120	-0.0060	_16002_	6
120	-0.0060	_15999_	4
120	-0.0060	_00137_	1
120	-0.0060	RsDecodeSyndrome.count[1]	5
121	-0.0060	_02268_	1
121	-0.0060	_22530_	1
121	-0.0060	_22514_	2
121	-0.0060	_22513_	3
121	-0.0060	_22512_	1
121	-0.0060	_22511_	1
121	-0.0060	_22509_	1
121	-0.0060	_20387_	10
121	-0.0060	_20320_	10
121	-0.0060	_20307_	5
121	-0.0060	_20306_	1
121	-0.0060	_20283_	10
121	-0.0060	_16002_	6
121	-0.0060	_15999_	4
121	-0.0060	_00137_	1
121	-0.0060	RsDecodeSyndrome.count[1]	5
122	-0.0057	_02305_	1
122	-0.0057	_23111_	1
122	-0.0057	_23110_	1
122	-0.0057	_23109_	2
122	-0.0057	_23031_	3
122	-0.0057	_23029_	2
122	-0.0057	_23025_	2
122	-0.0057	_23016_	1
122	-0.0057	_20014_	10
122	-0.0057	_20013_	6
122	-0.0057	_20010_	5
122	-0.0057	_15999_	4
122	-0.0057	_00137_	1
122	-0.0057	RsDecodeSyndrome.count[1]	5
123	-0.0057	_02219_	1
123	-0.0057	_21875_	1
123	-0.0057	_21860_	2
123	-0.0057	_21859_	3
123	-0.0057	_21858_	1
123	-0.0057	_21857_	1
123	-0.0057	_21856_	1
123	-0.0057	_20387_	10
123	-0.0057	_20320_	10
123	-0.0057	_20307_	5
123	-0.0057	_20306_	1
123	-0.0057	_20283_	10
123	-0.0057	_16002_	6
123	-0.0057	_15999_	4
123	-0.0057	_00137_	1
123	-0.0057	RsDecodeSyndrome.count[1]	5
124	-0.0052	_02348_	1
124	-0.0052	_23799_	1
124	-0.0052	_23798_	1
124	-0.0052	_23797_	1
124	-0.0052	_23793_	1
124	-0.0052	_23791_	1
124	-0.0052	_20471_	10
124	-0.0052	_20470_	10
124	-0.0052	_20407_	10
124	-0.0052	_20369_	5
124	-0.0052	_20368_	1
124	-0.0052	_16002_	6
124	-0.0052	_15999_	4
124	-0.0052	_00137_	1
124	-0.0052	RsDecodeSyndrome.count[1]	5
125	-0.0047	_02156_	1
125	-0.0047	_20657_	1
125	-0.0047	_20641_	2
125	-0.0047	_20640_	3
125	-0.0047	_20639_	1
125	-0.0047	_20635_	1
125	-0.0047	_20632_	1
125	-0.0047	_20631_	10
125	-0.0047	_20331_	10
125	-0.0047	_20313_	4
125	-0.0047	_20283_	10
125	-0.0047	_16002_	6
125	-0.0047	_15999_	4
125	-0.0047	_00137_	1
125	-0.0047	RsDecodeSyndrome.count[1]	5
126	-0.0046	_03870_	1
126	-0.0046	_35797_	9
126	-0.0046	_35796_	10
126	-0.0046	_35795_	2
126	-0.0046	_35739_	8
126	-0.0046	_07699_	10
126	-0.0046	_07698_	7
127	-0.0046	_03869_	1
127	-0.0046	_35797_	9
127	-0.0046	_35796_	10
127	-0.0046	_35795_	2
127	-0.0046	_35739_	8
127	-0.0046	_07699_	10
127	-0.0046	_07698_	7
128	-0.0046	_03868_	1
128	-0.0046	_35797_	9
128	-0.0046	_35796_	10
128	-0.0046	_35795_	2
128	-0.0046	_35739_	8
128	-0.0046	_07699_	10
128	-0.0046	_07698_	7
129	-0.0046	_03867_	1
129	-0.0046	_35797_	9
129	-0.0046	_35796_	10
129	-0.0046	_35795_	2
129	-0.0046	_35739_	8
129	-0.0046	_07699_	10
129	-0.0046	_07698_	7
130	-0.0046	_03866_	1
130	-0.0046	_35797_	9
130	-0.0046	_35796_	10
130	-0.0046	_35795_	2
130	-0.0046	_35739_	8
130	-0.0046	_07699_	10
130	-0.0046	_07698_	7
131	-0.0046	_03865_	1
131	-0.0046	_35797_	9
131	-0.0046	_35796_	10
131	-0.0046	_35795_	2
131	-0.0046	_35739_	8
131	-0.0046	_07699_	10
131	-0.0046	_07698_	7
132	-0.0046	_03864_	1
132	-0.0046	_35797_	9
132	-0.0046	_35796_	10
132	-0.0046	_35795_	2
132	-0.0046	_35739_	8
132	-0.0046	_07699_	10
132	-0.0046	_07698_	7
133	-0.0046	_03863_	1
133	-0.0046	_35797_	9
133	-0.0046	_35796_	10
133	-0.0046	_35795_	2
133	-0.0046	_35739_	8
133	-0.0046	_07699_	10
133	-0.0046	_07698_	7
134	-0.0046	_06923_	1
134	-0.0046	_35797_	9
134	-0.0046	_35796_	10
134	-0.0046	_35795_	2
134	-0.0046	_35739_	8
134	-0.0046	_07699_	10
134	-0.0046	_07698_	7
135	-0.0046	_03774_	1
135	-0.0046	_35742_	9
135	-0.0046	_35741_	10
135	-0.0046	_35740_	2
135	-0.0046	_35739_	8
135	-0.0046	_07699_	10
135	-0.0046	_07698_	7
136	-0.0046	_03773_	1
136	-0.0046	_35742_	9
136	-0.0046	_35741_	10
136	-0.0046	_35740_	2
136	-0.0046	_35739_	8
136	-0.0046	_07699_	10
136	-0.0046	_07698_	7
137	-0.0046	_03772_	1
137	-0.0046	_35742_	9
137	-0.0046	_35741_	10
137	-0.0046	_35740_	2
137	-0.0046	_35739_	8
137	-0.0046	_07699_	10
137	-0.0046	_07698_	7
138	-0.0046	_03771_	1
138	-0.0046	_35742_	9
138	-0.0046	_35741_	10
138	-0.0046	_35740_	2
138	-0.0046	_35739_	8
138	-0.0046	_07699_	10
138	-0.0046	_07698_	7
139	-0.0046	_03770_	1
139	-0.0046	_35742_	9
139	-0.0046	_35741_	10
139	-0.0046	_35740_	2
139	-0.0046	_35739_	8
139	-0.0046	_07699_	10
139	-0.0046	_07698_	7
140	-0.0046	_03769_	1
140	-0.0046	_35742_	9
140	-0.0046	_35741_	10
140	-0.0046	_35740_	2
140	-0.0046	_35739_	8
140	-0.0046	_07699_	10
140	-0.0046	_07698_	7
141	-0.0046	_03768_	1
141	-0.0046	_35742_	9
141	-0.0046	_35741_	10
141	-0.0046	_35740_	2
141	-0.0046	_35739_	8
141	-0.0046	_07699_	10
141	-0.0046	_07698_	7
142	-0.0046	_03767_	1
142	-0.0046	_35742_	9
142	-0.0046	_35741_	10
142	-0.0046	_35740_	2
142	-0.0046	_35739_	8
142	-0.0046	_07699_	10
142	-0.0046	_07698_	7
143	-0.0046	_06935_	1
143	-0.0046	_35742_	9
143	-0.0046	_35741_	10
143	-0.0046	_35740_	2
143	-0.0046	_35739_	8
143	-0.0046	_07699_	10
143	-0.0046	_07698_	7
144	-0.0040	_02178_	1
144	-0.0040	_21053_	1
144	-0.0040	_20991_	2
144	-0.0040	_20990_	3
144	-0.0040	_20989_	1
144	-0.0040	_20988_	1
144	-0.0040	_20986_	1
144	-0.0040	_20332_	10
144	-0.0040	_20331_	10
144	-0.0040	_20313_	4
144	-0.0040	_20283_	10
144	-0.0040	_16002_	6
144	-0.0040	_15999_	4
144	-0.0040	_00137_	1
144	-0.0040	RsDecodeSyndrome.count[1]	5
145	-0.0036	_02366_	1
145	-0.0036	_24031_	1
145	-0.0036	_24030_	1
145	-0.0036	_24029_	1
145	-0.0036	_24028_	1
145	-0.0036	_24024_	1
145	-0.0036	_24023_	1
145	-0.0036	_20790_	10
145	-0.0036	_20341_	10
145	-0.0036	_20320_	10
145	-0.0036	_20307_	5
145	-0.0036	_20306_	1
145	-0.0036	_20283_	10
145	-0.0036	_16002_	6
145	-0.0036	_15999_	4
145	-0.0036	_00137_	1
145	-0.0036	RsDecodeSyndrome.count[1]	5
146	-0.0035	_02281_	1
146	-0.0035	_22648_	1
146	-0.0035	_22647_	1
146	-0.0035	_22646_	1
146	-0.0035	_22638_	1
146	-0.0035	_22634_	1
146	-0.0035	_22633_	1
146	-0.0035	_20465_	10
146	-0.0035	_20301_	10
146	-0.0035	_20300_	10
146	-0.0035	_20299_	10
146	-0.0035	_20298_	1
146	-0.0035	_20283_	10
146	-0.0035	_16002_	6
146	-0.0035	_15999_	4
146	-0.0035	_00137_	1
146	-0.0035	RsDecodeSyndrome.count[1]	5
147	-0.0033	_02309_	1
147	-0.0033	_23192_	1
147	-0.0033	_23191_	1
147	-0.0033	_23190_	1
147	-0.0033	_23182_	1
147	-0.0033	_23178_	1
147	-0.0033	_23177_	1
147	-0.0033	_20465_	10
147	-0.0033	_20301_	10
147	-0.0033	_20300_	10
147	-0.0033	_20299_	10
147	-0.0033	_20298_	1
147	-0.0033	_20283_	10
147	-0.0033	_16002_	6
147	-0.0033	_15999_	4
147	-0.0033	_00137_	1
147	-0.0033	RsDecodeSyndrome.count[1]	5
148	-0.0033	_02190_	1
148	-0.0033	_21333_	1
148	-0.0033	_21332_	1
148	-0.0033	_21313_	3
148	-0.0033	_21305_	2
148	-0.0033	_21301_	1
148	-0.0033	_20334_	10
148	-0.0033	_20333_	10
148	-0.0033	_20332_	10
148	-0.0033	_20331_	10
148	-0.0033	_20313_	4
148	-0.0033	_20283_	10
148	-0.0033	_16002_	6
148	-0.0033	_15999_	4
148	-0.0033	_00137_	1
148	-0.0033	RsDecodeSyndrome.count[1]	5
149	-0.0028	_02344_	1
149	-0.0028	_23685_	1
149	-0.0028	_23684_	1
149	-0.0028	_23667_	3
149	-0.0028	_23666_	1
149	-0.0028	_23662_	1
149	-0.0028	_21456_	10
149	-0.0028	_20769_	10
149	-0.0028	_20332_	10
149	-0.0028	_20331_	10
149	-0.0028	_20313_	4
149	-0.0028	_20283_	10
149	-0.0028	_16002_	6
149	-0.0028	_15999_	4
149	-0.0028	_00137_	1
149	-0.0028	RsDecodeSyndrome.count[1]	5
150	-0.0028	_02282_	1
150	-0.0028	_22679_	1
150	-0.0028	_22678_	1
150	-0.0028	_22677_	1
150	-0.0028	_22671_	1
150	-0.0028	_22667_	1
150	-0.0028	_22666_	1
150	-0.0028	_20790_	10
150	-0.0028	_20341_	10
150	-0.0028	_20320_	10
150	-0.0028	_20307_	5
150	-0.0028	_20306_	1
150	-0.0028	_20283_	10
150	-0.0028	_16002_	6
150	-0.0028	_15999_	4
150	-0.0028	_00137_	1
150	-0.0028	RsDecodeSyndrome.count[1]	5
151	-0.0025	_02353_	1
151	-0.0025	_23909_	1
151	-0.0025	_23908_	1
151	-0.0025	_23895_	3
151	-0.0025	_23887_	1
151	-0.0025	_23886_	1
151	-0.0025	_23884_	1
151	-0.0025	_20839_	10
151	-0.0025	_20663_	10
151	-0.0025	_20369_	5
151	-0.0025	_20368_	1
151	-0.0025	_16002_	6
151	-0.0025	_15999_	4
151	-0.0025	_00137_	1
151	-0.0025	RsDecodeSyndrome.count[1]	5
152	-0.0024	_02285_	1
152	-0.0024	_22770_	1
152	-0.0024	_22757_	1
152	-0.0024	_22756_	1
152	-0.0024	_22752_	1
152	-0.0024	_22750_	1
152	-0.0024	_20471_	10
152	-0.0024	_20470_	10
152	-0.0024	_20407_	10
152	-0.0024	_20369_	5
152	-0.0024	_20368_	1
152	-0.0024	_16002_	6
152	-0.0024	_15999_	4
152	-0.0024	_00137_	1
152	-0.0024	RsDecodeSyndrome.count[1]	5
153	-0.0015	_07049_	1
153	-0.0015	_37742_	1
153	-0.0015	_37741_	1
153	-0.0015	_37727_	1
153	-0.0015	_37726_	1
153	-0.0015	_37725_	1
153	-0.0015	_21041_	10
153	-0.0015	_20404_	10
153	-0.0015	_20350_	10
153	-0.0015	_20349_	4
153	-0.0015	_20348_	1
153	-0.0015	_16003_	10
153	-0.0015	_16002_	6
153	-0.0015	_15999_	4
153	-0.0015	_00137_	1
153	-0.0015	RsDecodeSyndrome.count[1]	5
154	-0.0012	_07058_	1
154	-0.0012	_37859_	1
154	-0.0012	_37858_	1
154	-0.0012	_37857_	1
154	-0.0012	_37856_	1
154	-0.0012	_37855_	1
154	-0.0012	_37854_	1
154	-0.0012	_20617_	10
154	-0.0012	_20616_	10
154	-0.0012	_20561_	10
154	-0.0012	_20560_	3
154	-0.0012	_20283_	10
154	-0.0012	_16002_	6
154	-0.0012	_15999_	4
154	-0.0012	_00137_	1
154	-0.0012	RsDecodeSyndrome.count[1]	5
155	-0.0011	_07051_	1
155	-0.0011	_37762_	1
155	-0.0011	_37761_	1
155	-0.0011	_37747_	1
155	-0.0011	_37746_	1
155	-0.0011	_37745_	1
155	-0.0011	_21041_	10
155	-0.0011	_20404_	10
155	-0.0011	_20350_	10
155	-0.0011	_20349_	4
155	-0.0011	_20348_	1
155	-0.0011	_16003_	10
155	-0.0011	_16002_	6
155	-0.0011	_15999_	4
155	-0.0011	_00137_	1
155	-0.0011	RsDecodeSyndrome.count[1]	5
156	-0.0007	_02313_	1
156	-0.0007	_23285_	1
156	-0.0007	_23284_	1
156	-0.0007	_23161_	3
156	-0.0007	_23160_	1
156	-0.0007	_23159_	1
156	-0.0007	_20480_	10
156	-0.0007	_20479_	10
156	-0.0007	_20331_	10
156	-0.0007	_20313_	4
156	-0.0007	_20283_	10
156	-0.0007	_16002_	6
156	-0.0007	_15999_	4
156	-0.0007	_00137_	1
156	-0.0007	RsDecodeSyndrome.count[1]	5
157	-0.0007	_02315_	1
157	-0.0007	_23302_	1
157	-0.0007	_23301_	1
157	-0.0007	_23300_	1
157	-0.0007	_23299_	1
157	-0.0007	_23298_	1
157	-0.0007	_21573_	10
157	-0.0007	_20438_	10
157	-0.0007	_20349_	4
157	-0.0007	_20348_	1
157	-0.0007	_16003_	10
157	-0.0007	_16002_	6
157	-0.0007	_15999_	4
157	-0.0007	_00137_	1
157	-0.0007	RsDecodeSyndrome.count[1]	5
158	-0.0005	_02345_	1
158	-0.0005	_23734_	1
158	-0.0005	_23733_	1
158	-0.0005	_23732_	1
158	-0.0005	_23731_	1
158	-0.0005	_23727_	1
158	-0.0005	_20405_	10
158	-0.0005	_20404_	10
158	-0.0005	_20350_	10
158	-0.0005	_20349_	4
158	-0.0005	_20348_	1
158	-0.0005	_16003_	10
158	-0.0005	_16002_	6
158	-0.0005	_15999_	4
158	-0.0005	_00137_	1
158	-0.0005	RsDecodeSyndrome.count[1]	5
159	-0.0004	_03806_	1
159	-0.0004	_35764_	9
159	-0.0004	_35763_	10
159	-0.0004	_35762_	2
159	-0.0004	_35739_	8
159	-0.0004	_07699_	10
159	-0.0004	_07698_	7
160	-0.0004	_03805_	1
160	-0.0004	_35764_	9
160	-0.0004	_35763_	10
160	-0.0004	_35762_	2
160	-0.0004	_35739_	8
160	-0.0004	_07699_	10
160	-0.0004	_07698_	7
161	-0.0004	_03804_	1
161	-0.0004	_35764_	9
161	-0.0004	_35763_	10
161	-0.0004	_35762_	2
161	-0.0004	_35739_	8
161	-0.0004	_07699_	10
161	-0.0004	_07698_	7
162	-0.0004	_03803_	1
162	-0.0004	_35764_	9
162	-0.0004	_35763_	10
162	-0.0004	_35762_	2
162	-0.0004	_35739_	8
162	-0.0004	_07699_	10
162	-0.0004	_07698_	7
163	-0.0004	_03802_	1
163	-0.0004	_35764_	9
163	-0.0004	_35763_	10
163	-0.0004	_35762_	2
163	-0.0004	_35739_	8
163	-0.0004	_07699_	10
163	-0.0004	_07698_	7
164	-0.0004	_03801_	1
164	-0.0004	_35764_	9
164	-0.0004	_35763_	10
164	-0.0004	_35762_	2
164	-0.0004	_35739_	8
164	-0.0004	_07699_	10
164	-0.0004	_07698_	7
165	-0.0004	_03800_	1
165	-0.0004	_35764_	9
165	-0.0004	_35763_	10
165	-0.0004	_35762_	2
165	-0.0004	_35739_	8
165	-0.0004	_07699_	10
165	-0.0004	_07698_	7
166	-0.0004	_03799_	1
166	-0.0004	_35764_	9
166	-0.0004	_35763_	10
166	-0.0004	_35762_	2
166	-0.0004	_35739_	8
166	-0.0004	_07699_	10
166	-0.0004	_07698_	7
167	-0.0004	_06931_	1
167	-0.0004	_35764_	9
167	-0.0004	_35763_	10
167	-0.0004	_35762_	2
167	-0.0004	_35739_	8
167	-0.0004	_07699_	10
167	-0.0004	_07698_	7
168	-0.0004	_03838_	1
168	-0.0004	_35777_	9
168	-0.0004	_35776_	10
168	-0.0004	_35775_	2
168	-0.0004	_35739_	8
168	-0.0004	_07699_	10
168	-0.0004	_07698_	7
169	-0.0004	_03837_	1
169	-0.0004	_35777_	9
169	-0.0004	_35776_	10
169	-0.0004	_35775_	2
169	-0.0004	_35739_	8
169	-0.0004	_07699_	10
169	-0.0004	_07698_	7
170	-0.0004	_03836_	1
170	-0.0004	_35777_	9
170	-0.0004	_35776_	10
170	-0.0004	_35775_	2
170	-0.0004	_35739_	8
170	-0.0004	_07699_	10
170	-0.0004	_07698_	7
171	-0.0004	_03835_	1
171	-0.0004	_35777_	9
171	-0.0004	_35776_	10
171	-0.0004	_35775_	2
171	-0.0004	_35739_	8
171	-0.0004	_07699_	10
171	-0.0004	_07698_	7
172	-0.0004	_03834_	1
172	-0.0004	_35777_	9
172	-0.0004	_35776_	10
172	-0.0004	_35775_	2
172	-0.0004	_35739_	8
172	-0.0004	_07699_	10
172	-0.0004	_07698_	7
173	-0.0004	_03833_	1
173	-0.0004	_35777_	9
173	-0.0004	_35776_	10
173	-0.0004	_35775_	2
173	-0.0004	_35739_	8
173	-0.0004	_07699_	10
173	-0.0004	_07698_	7
174	-0.0004	_03832_	1
174	-0.0004	_35777_	9
174	-0.0004	_35776_	10
174	-0.0004	_35775_	2
174	-0.0004	_35739_	8
174	-0.0004	_07699_	10
174	-0.0004	_07698_	7
175	-0.0004	_03831_	1
175	-0.0004	_35777_	9
175	-0.0004	_35776_	10
175	-0.0004	_35775_	2
175	-0.0004	_35739_	8
175	-0.0004	_07699_	10
175	-0.0004	_07698_	7
176	-0.0004	_06927_	1
176	-0.0004	_35777_	9
176	-0.0004	_35776_	10
176	-0.0004	_35775_	2
176	-0.0004	_35739_	8
176	-0.0004	_07699_	10
176	-0.0004	_07698_	7
177	0.0001	_02317_	1
177	0.0001	_23383_	1
177	0.0001	_23382_	1
177	0.0001	_23381_	1
177	0.0001	_23380_	1
177	0.0001	_23375_	1
177	0.0001	_20405_	10
177	0.0001	_20404_	10
177	0.0001	_20350_	10
177	0.0001	_20349_	4
177	0.0001	_20348_	1
177	0.0001	_16003_	10
177	0.0001	_16002_	6
177	0.0001	_15999_	4
177	0.0001	_00137_	1
177	0.0001	RsDecodeSyndrome.count[1]	5
178	0.0006	_05278_	1
178	0.0006	_36183_	9
178	0.0006	_35796_	10
178	0.0006	_35795_	2
178	0.0006	_35739_	8
178	0.0006	_07699_	10
178	0.0006	_07698_	7
179	0.0006	_05277_	1
179	0.0006	_36183_	9
179	0.0006	_35796_	10
179	0.0006	_35795_	2
179	0.0006	_35739_	8
179	0.0006	_07699_	10
179	0.0006	_07698_	7
180	0.0006	_05276_	1
180	0.0006	_36183_	9
180	0.0006	_35796_	10
180	0.0006	_35795_	2
180	0.0006	_35739_	8
180	0.0006	_07699_	10
180	0.0006	_07698_	7
181	0.0006	_05275_	1
181	0.0006	_36183_	9
181	0.0006	_35796_	10
181	0.0006	_35795_	2
181	0.0006	_35739_	8
181	0.0006	_07699_	10
181	0.0006	_07698_	7
182	0.0006	_05274_	1
182	0.0006	_36183_	9
182	0.0006	_35796_	10
182	0.0006	_35795_	2
182	0.0006	_35739_	8
182	0.0006	_07699_	10
182	0.0006	_07698_	7
183	0.0006	_05273_	1
183	0.0006	_36183_	9
183	0.0006	_35796_	10
183	0.0006	_35795_	2
183	0.0006	_35739_	8
183	0.0006	_07699_	10
183	0.0006	_07698_	7
184	0.0006	_05272_	1
184	0.0006	_36183_	9
184	0.0006	_35796_	10
184	0.0006	_35795_	2
184	0.0006	_35739_	8
184	0.0006	_07699_	10
184	0.0006	_07698_	7
185	0.0006	_05271_	1
185	0.0006	_36183_	9
185	0.0006	_35796_	10
185	0.0006	_35795_	2
185	0.0006	_35739_	8
185	0.0006	_07699_	10
185	0.0006	_07698_	7
186	0.0006	_06747_	1
186	0.0006	_36183_	9
186	0.0006	_35796_	10
186	0.0006	_35795_	2
186	0.0006	_35739_	8
186	0.0006	_07699_	10
186	0.0006	_07698_	7
187	0.0006	_05406_	1
187	0.0006	_36220_	9
187	0.0006	_35796_	10
187	0.0006	_35795_	2
187	0.0006	_35739_	8
187	0.0006	_07699_	10
187	0.0006	_07698_	7
188	0.0006	_05405_	1
188	0.0006	_36220_	9
188	0.0006	_35796_	10
188	0.0006	_35795_	2
188	0.0006	_35739_	8
188	0.0006	_07699_	10
188	0.0006	_07698_	7
189	0.0006	_05404_	1
189	0.0006	_36220_	9
189	0.0006	_35796_	10
189	0.0006	_35795_	2
189	0.0006	_35739_	8
189	0.0006	_07699_	10
189	0.0006	_07698_	7
190	0.0006	_05403_	1
190	0.0006	_36220_	9
190	0.0006	_35796_	10
190	0.0006	_35795_	2
190	0.0006	_35739_	8
190	0.0006	_07699_	10
190	0.0006	_07698_	7
191	0.0006	_05402_	1
191	0.0006	_36220_	9
191	0.0006	_35796_	10
191	0.0006	_35795_	2
191	0.0006	_35739_	8
191	0.0006	_07699_	10
191	0.0006	_07698_	7
192	0.0006	_05401_	1
192	0.0006	_36220_	9
192	0.0006	_35796_	10
192	0.0006	_35795_	2
192	0.0006	_35739_	8
192	0.0006	_07699_	10
192	0.0006	_07698_	7
193	0.0006	_05400_	1
193	0.0006	_36220_	9
193	0.0006	_35796_	10
193	0.0006	_35795_	2
193	0.0006	_35739_	8
193	0.0006	_07699_	10
193	0.0006	_07698_	7
194	0.0006	_05399_	1
194	0.0006	_36220_	9
194	0.0006	_35796_	10
194	0.0006	_35795_	2
194	0.0006	_35739_	8
194	0.0006	_07699_	10
194	0.0006	_07698_	7
195	0.0006	_06731_	1
195	0.0006	_36220_	9
195	0.0006	_35796_	10
195	0.0006	_35795_	2
195	0.0006	_35739_	8
195	0.0006	_07699_	10
195	0.0006	_07698_	7
196	0.0006	_05534_	1
196	0.0006	_36248_	9
196	0.0006	_35796_	10
196	0.0006	_35795_	2
196	0.0006	_35739_	8
196	0.0006	_07699_	10
196	0.0006	_07698_	7
197	0.0006	_05533_	1
197	0.0006	_36248_	9
197	0.0006	_35796_	10
197	0.0006	_35795_	2
197	0.0006	_35739_	8
197	0.0006	_07699_	10
197	0.0006	_07698_	7
198	0.0006	_05532_	1
198	0.0006	_36248_	9
198	0.0006	_35796_	10
198	0.0006	_35795_	2
198	0.0006	_35739_	8
198	0.0006	_07699_	10
198	0.0006	_07698_	7
199	0.0006	_05531_	1
199	0.0006	_36248_	9
199	0.0006	_35796_	10
199	0.0006	_35795_	2
199	0.0006	_35739_	8
199	0.0006	_07699_	10
199	0.0006	_07698_	7
200	0.0006	_05530_	1
200	0.0006	_36248_	9
200	0.0006	_35796_	10
200	0.0006	_35795_	2
200	0.0006	_35739_	8
200	0.0006	_07699_	10
200	0.0006	_07698_	7
201	0.0006	_05529_	1
201	0.0006	_36248_	9
201	0.0006	_35796_	10
201	0.0006	_35795_	2
201	0.0006	_35739_	8
201	0.0006	_07699_	10
201	0.0006	_07698_	7
202	0.0006	_05528_	1
202	0.0006	_36248_	9
202	0.0006	_35796_	10
202	0.0006	_35795_	2
202	0.0006	_35739_	8
202	0.0006	_07699_	10
202	0.0006	_07698_	7
203	0.0006	_05527_	1
203	0.0006	_36248_	9
203	0.0006	_35796_	10
203	0.0006	_35795_	2
203	0.0006	_35739_	8
203	0.0006	_07699_	10
203	0.0006	_07698_	7
204	0.0006	_06715_	1
204	0.0006	_36248_	9
204	0.0006	_35796_	10
204	0.0006	_35795_	2
204	0.0006	_35739_	8
204	0.0006	_07699_	10
204	0.0006	_07698_	7
205	0.0006	_05662_	1
205	0.0006	_36282_	9
205	0.0006	_35796_	10
205	0.0006	_35795_	2
205	0.0006	_35739_	8
205	0.0006	_07699_	10
205	0.0006	_07698_	7
206	0.0006	_05661_	1
206	0.0006	_36282_	9
206	0.0006	_35796_	10
206	0.0006	_35795_	2
206	0.0006	_35739_	8
206	0.0006	_07699_	10
206	0.0006	_07698_	7
207	0.0006	_05660_	1
207	0.0006	_36282_	9
207	0.0006	_35796_	10
207	0.0006	_35795_	2
207	0.0006	_35739_	8
207	0.0006	_07699_	10
207	0.0006	_07698_	7
208	0.0006	_05659_	1
208	0.0006	_36282_	9
208	0.0006	_35796_	10
208	0.0006	_35795_	2
208	0.0006	_35739_	8
208	0.0006	_07699_	10
208	0.0006	_07698_	7
209	0.0006	_05658_	1
209	0.0006	_36282_	9
209	0.0006	_35796_	10
209	0.0006	_35795_	2
209	0.0006	_35739_	8
209	0.0006	_07699_	10
209	0.0006	_07698_	7
210	0.0006	_05657_	1
210	0.0006	_36282_	9
210	0.0006	_35796_	10
210	0.0006	_35795_	2
210	0.0006	_35739_	8
210	0.0006	_07699_	10
210	0.0006	_07698_	7
211	0.0006	_05656_	1
211	0.0006	_36282_	9
211	0.0006	_35796_	10
211	0.0006	_35795_	2
211	0.0006	_35739_	8
211	0.0006	_07699_	10
211	0.0006	_07698_	7
212	0.0006	_05655_	1
212	0.0006	_36282_	9
212	0.0006	_35796_	10
212	0.0006	_35795_	2
212	0.0006	_35739_	8
212	0.0006	_07699_	10
212	0.0006	_07698_	7
213	0.0006	_06699_	1
213	0.0006	_36282_	9
213	0.0006	_35796_	10
213	0.0006	_35795_	2
213	0.0006	_35739_	8
213	0.0006	_07699_	10
213	0.0006	_07698_	7
214	0.0006	_05790_	1
214	0.0006	_36318_	9
214	0.0006	_35796_	10
214	0.0006	_35795_	2
214	0.0006	_35739_	8
214	0.0006	_07699_	10
214	0.0006	_07698_	7
215	0.0006	_05789_	1
215	0.0006	_36318_	9
215	0.0006	_35796_	10
215	0.0006	_35795_	2
215	0.0006	_35739_	8
215	0.0006	_07699_	10
215	0.0006	_07698_	7
216	0.0006	_05788_	1
216	0.0006	_36318_	9
216	0.0006	_35796_	10
216	0.0006	_35795_	2
216	0.0006	_35739_	8
216	0.0006	_07699_	10
216	0.0006	_07698_	7
217	0.0006	_05787_	1
217	0.0006	_36318_	9
217	0.0006	_35796_	10
217	0.0006	_35795_	2
217	0.0006	_35739_	8
217	0.0006	_07699_	10
217	0.0006	_07698_	7
218	0.0006	_05786_	1
218	0.0006	_36318_	9
218	0.0006	_35796_	10
218	0.0006	_35795_	2
218	0.0006	_35739_	8
218	0.0006	_07699_	10
218	0.0006	_07698_	7
219	0.0006	_05785_	1
219	0.0006	_36318_	9
219	0.0006	_35796_	10
219	0.0006	_35795_	2
219	0.0006	_35739_	8
219	0.0006	_07699_	10
219	0.0006	_07698_	7
220	0.0006	_05784_	1
220	0.0006	_36318_	9
220	0.0006	_35796_	10
220	0.0006	_35795_	2
220	0.0006	_35739_	8
220	0.0006	_07699_	10
220	0.0006	_07698_	7
221	0.0006	_05783_	1
221	0.0006	_36318_	9
221	0.0006	_35796_	10
221	0.0006	_35795_	2
221	0.0006	_35739_	8
221	0.0006	_07699_	10
221	0.0006	_07698_	7
222	0.0006	_06683_	1
222	0.0006	_36318_	9
222	0.0006	_35796_	10
222	0.0006	_35795_	2
222	0.0006	_35739_	8
222	0.0006	_07699_	10
222	0.0006	_07698_	7
223	0.0006	_05918_	1
223	0.0006	_36347_	9
223	0.0006	_35796_	10
223	0.0006	_35795_	2
223	0.0006	_35739_	8
223	0.0006	_07699_	10
223	0.0006	_07698_	7
224	0.0006	_05917_	1
224	0.0006	_36347_	9
224	0.0006	_35796_	10
224	0.0006	_35795_	2
224	0.0006	_35739_	8
224	0.0006	_07699_	10
224	0.0006	_07698_	7
225	0.0006	_05916_	1
225	0.0006	_36347_	9
225	0.0006	_35796_	10
225	0.0006	_35795_	2
225	0.0006	_35739_	8
225	0.0006	_07699_	10
225	0.0006	_07698_	7
226	0.0006	_05915_	1
226	0.0006	_36347_	9
226	0.0006	_35796_	10
226	0.0006	_35795_	2
226	0.0006	_35739_	8
226	0.0006	_07699_	10
226	0.0006	_07698_	7
227	0.0006	_05914_	1
227	0.0006	_36347_	9
227	0.0006	_35796_	10
227	0.0006	_35795_	2
227	0.0006	_35739_	8
227	0.0006	_07699_	10
227	0.0006	_07698_	7
228	0.0006	_05913_	1
228	0.0006	_36347_	9
228	0.0006	_35796_	10
228	0.0006	_35795_	2
228	0.0006	_35739_	8
228	0.0006	_07699_	10
228	0.0006	_07698_	7
229	0.0006	_05912_	1
229	0.0006	_36347_	9
229	0.0006	_35796_	10
229	0.0006	_35795_	2
229	0.0006	_35739_	8
229	0.0006	_07699_	10
229	0.0006	_07698_	7
230	0.0006	_05911_	1
230	0.0006	_36347_	9
230	0.0006	_35796_	10
230	0.0006	_35795_	2
230	0.0006	_35739_	8
230	0.0006	_07699_	10
230	0.0006	_07698_	7
231	0.0006	_06667_	1
231	0.0006	_36347_	9
231	0.0006	_35796_	10
231	0.0006	_35795_	2
231	0.0006	_35739_	8
231	0.0006	_07699_	10
231	0.0006	_07698_	7
232	0.0006	_06046_	1
232	0.0006	_36382_	9
232	0.0006	_35796_	10
232	0.0006	_35795_	2
232	0.0006	_35739_	8
232	0.0006	_07699_	10
232	0.0006	_07698_	7
233	0.0006	_06045_	1
233	0.0006	_36382_	9
233	0.0006	_35796_	10
233	0.0006	_35795_	2
233	0.0006	_35739_	8
233	0.0006	_07699_	10
233	0.0006	_07698_	7
234	0.0006	_06044_	1
234	0.0006	_36382_	9
234	0.0006	_35796_	10
234	0.0006	_35795_	2
234	0.0006	_35739_	8
234	0.0006	_07699_	10
234	0.0006	_07698_	7
235	0.0006	_06043_	1
235	0.0006	_36382_	9
235	0.0006	_35796_	10
235	0.0006	_35795_	2
235	0.0006	_35739_	8
235	0.0006	_07699_	10
235	0.0006	_07698_	7
236	0.0006	_06042_	1
236	0.0006	_36382_	9
236	0.0006	_35796_	10
236	0.0006	_35795_	2
236	0.0006	_35739_	8
236	0.0006	_07699_	10
236	0.0006	_07698_	7
237	0.0006	_06041_	1
237	0.0006	_36382_	9
237	0.0006	_35796_	10
237	0.0006	_35795_	2
237	0.0006	_35739_	8
237	0.0006	_07699_	10
237	0.0006	_07698_	7
238	0.0006	_06040_	1
238	0.0006	_36382_	9
238	0.0006	_35796_	10
238	0.0006	_35795_	2
238	0.0006	_35739_	8
238	0.0006	_07699_	10
238	0.0006	_07698_	7
239	0.0006	_06039_	1
239	0.0006	_36382_	9
239	0.0006	_35796_	10
239	0.0006	_35795_	2
239	0.0006	_35739_	8
239	0.0006	_07699_	10
239	0.0006	_07698_	7
240	0.0006	_06651_	1
240	0.0006	_36382_	9
240	0.0006	_35796_	10
240	0.0006	_35795_	2
240	0.0006	_35739_	8
240	0.0006	_07699_	10
240	0.0006	_07698_	7
241	0.0006	_06174_	1
241	0.0006	_36410_	9
241	0.0006	_35796_	10
241	0.0006	_35795_	2
241	0.0006	_35739_	8
241	0.0006	_07699_	10
241	0.0006	_07698_	7
242	0.0006	_06173_	1
242	0.0006	_36410_	9
242	0.0006	_35796_	10
242	0.0006	_35795_	2
242	0.0006	_35739_	8
242	0.0006	_07699_	10
242	0.0006	_07698_	7
243	0.0006	_06172_	1
243	0.0006	_36410_	9
243	0.0006	_35796_	10
243	0.0006	_35795_	2
243	0.0006	_35739_	8
243	0.0006	_07699_	10
243	0.0006	_07698_	7
244	0.0006	_06171_	1
244	0.0006	_36410_	9
244	0.0006	_35796_	10
244	0.0006	_35795_	2
244	0.0006	_35739_	8
244	0.0006	_07699_	10
244	0.0006	_07698_	7
245	0.0006	_06170_	1
245	0.0006	_36410_	9
245	0.0006	_35796_	10
245	0.0006	_35795_	2
245	0.0006	_35739_	8
245	0.0006	_07699_	10
245	0.0006	_07698_	7
246	0.0006	_06169_	1
246	0.0006	_36410_	9
246	0.0006	_35796_	10
246	0.0006	_35795_	2
246	0.0006	_35739_	8
246	0.0006	_07699_	10
246	0.0006	_07698_	7
247	0.0006	_06168_	1
247	0.0006	_36410_	9
247	0.0006	_35796_	10
247	0.0006	_35795_	2
247	0.0006	_35739_	8
247	0.0006	_07699_	10
247	0.0006	_07698_	7
248	0.0006	_06167_	1
248	0.0006	_36410_	9
248	0.0006	_35796_	10
248	0.0006	_35795_	2
248	0.0006	_35739_	8
248	0.0006	_07699_	10
248	0.0006	_07698_	7
249	0.0006	_06635_	1
249	0.0006	_36410_	9
249	0.0006	_35796_	10
249	0.0006	_35795_	2
249	0.0006	_35739_	8
249	0.0006	_07699_	10
249	0.0006	_07698_	7
250	0.0006	_06302_	1
250	0.0006	_36443_	9
250	0.0006	_35796_	10
250	0.0006	_35795_	2
250	0.0006	_35739_	8
250	0.0006	_07699_	10
250	0.0006	_07698_	7
251	0.0006	_06301_	1
251	0.0006	_36443_	9
251	0.0006	_35796_	10
251	0.0006	_35795_	2
251	0.0006	_35739_	8
251	0.0006	_07699_	10
251	0.0006	_07698_	7
252	0.0006	_06300_	1
252	0.0006	_36443_	9
252	0.0006	_35796_	10
252	0.0006	_35795_	2
252	0.0006	_35739_	8
252	0.0006	_07699_	10
252	0.0006	_07698_	7
253	0.0006	_06299_	1
253	0.0006	_36443_	9
253	0.0006	_35796_	10
253	0.0006	_35795_	2
253	0.0006	_35739_	8
253	0.0006	_07699_	10
253	0.0006	_07698_	7
254	0.0006	_06298_	1
254	0.0006	_36443_	9
254	0.0006	_35796_	10
254	0.0006	_35795_	2
254	0.0006	_35739_	8
254	0.0006	_07699_	10
254	0.0006	_07698_	7
255	0.0006	_06297_	1
255	0.0006	_36443_	9
255	0.0006	_35796_	10
255	0.0006	_35795_	2
255	0.0006	_35739_	8
255	0.0006	_07699_	10
255	0.0006	_07698_	7
256	0.0006	_06296_	1
256	0.0006	_36443_	9
256	0.0006	_35796_	10
256	0.0006	_35795_	2
256	0.0006	_35739_	8
256	0.0006	_07699_	10
256	0.0006	_07698_	7
257	0.0006	_06295_	1
257	0.0006	_36443_	9
257	0.0006	_35796_	10
257	0.0006	_35795_	2
257	0.0006	_35739_	8
257	0.0006	_07699_	10
257	0.0006	_07698_	7
258	0.0006	_06619_	1
258	0.0006	_36443_	9
258	0.0006	_35796_	10
258	0.0006	_35795_	2
258	0.0006	_35739_	8
258	0.0006	_07699_	10
258	0.0006	_07698_	7
259	0.0006	_05182_	1
259	0.0006	_36163_	9
259	0.0006	_35741_	10
259	0.0006	_35740_	2
259	0.0006	_35739_	8
259	0.0006	_07699_	10
259	0.0006	_07698_	7
260	0.0006	_05181_	1
260	0.0006	_36163_	9
260	0.0006	_35741_	10
260	0.0006	_35740_	2
260	0.0006	_35739_	8
260	0.0006	_07699_	10
260	0.0006	_07698_	7
261	0.0006	_05180_	1
261	0.0006	_36163_	9
261	0.0006	_35741_	10
261	0.0006	_35740_	2
261	0.0006	_35739_	8
261	0.0006	_07699_	10
261	0.0006	_07698_	7
262	0.0006	_05179_	1
262	0.0006	_36163_	9
262	0.0006	_35741_	10
262	0.0006	_35740_	2
262	0.0006	_35739_	8
262	0.0006	_07699_	10
262	0.0006	_07698_	7
263	0.0006	_05178_	1
263	0.0006	_36163_	9
263	0.0006	_35741_	10
263	0.0006	_35740_	2
263	0.0006	_35739_	8
263	0.0006	_07699_	10
263	0.0006	_07698_	7
264	0.0006	_05177_	1
264	0.0006	_36163_	9
264	0.0006	_35741_	10
264	0.0006	_35740_	2
264	0.0006	_35739_	8
264	0.0006	_07699_	10
264	0.0006	_07698_	7
265	0.0006	_05176_	1
265	0.0006	_36163_	9
265	0.0006	_35741_	10
265	0.0006	_35740_	2
265	0.0006	_35739_	8
265	0.0006	_07699_	10
265	0.0006	_07698_	7
266	0.0006	_05175_	1
266	0.0006	_36163_	9
266	0.0006	_35741_	10
266	0.0006	_35740_	2
266	0.0006	_35739_	8
266	0.0006	_07699_	10
266	0.0006	_07698_	7
267	0.0006	_06759_	1
267	0.0006	_36163_	9
267	0.0006	_35741_	10
267	0.0006	_35740_	2
267	0.0006	_35739_	8
267	0.0006	_07699_	10
267	0.0006	_07698_	7
268	0.0006	_05310_	1
268	0.0006	_36200_	9
268	0.0006	_35741_	10
268	0.0006	_35740_	2
268	0.0006	_35739_	8
268	0.0006	_07699_	10
268	0.0006	_07698_	7
269	0.0006	_05309_	1
269	0.0006	_36200_	9
269	0.0006	_35741_	10
269	0.0006	_35740_	2
269	0.0006	_35739_	8
269	0.0006	_07699_	10
269	0.0006	_07698_	7
270	0.0006	_05308_	1
270	0.0006	_36200_	9
270	0.0006	_35741_	10
270	0.0006	_35740_	2
270	0.0006	_35739_	8
270	0.0006	_07699_	10
270	0.0006	_07698_	7
271	0.0006	_05307_	1
271	0.0006	_36200_	9
271	0.0006	_35741_	10
271	0.0006	_35740_	2
271	0.0006	_35739_	8
271	0.0006	_07699_	10
271	0.0006	_07698_	7
272	0.0006	_05306_	1
272	0.0006	_36200_	9
272	0.0006	_35741_	10
272	0.0006	_35740_	2
272	0.0006	_35739_	8
272	0.0006	_07699_	10
272	0.0006	_07698_	7
273	0.0006	_05305_	1
273	0.0006	_36200_	9
273	0.0006	_35741_	10
273	0.0006	_35740_	2
273	0.0006	_35739_	8
273	0.0006	_07699_	10
273	0.0006	_07698_	7
274	0.0006	_05304_	1
274	0.0006	_36200_	9
274	0.0006	_35741_	10
274	0.0006	_35740_	2
274	0.0006	_35739_	8
274	0.0006	_07699_	10
274	0.0006	_07698_	7
275	0.0006	_05303_	1
275	0.0006	_36200_	9
275	0.0006	_35741_	10
275	0.0006	_35740_	2
275	0.0006	_35739_	8
275	0.0006	_07699_	10
275	0.0006	_07698_	7
276	0.0006	_06743_	1
276	0.0006	_36200_	9
276	0.0006	_35741_	10
276	0.0006	_35740_	2
276	0.0006	_35739_	8
276	0.0006	_07699_	10
276	0.0006	_07698_	7
277	0.0006	_05438_	1
277	0.0006	_36227_	9
277	0.0006	_35741_	10
277	0.0006	_35740_	2
277	0.0006	_35739_	8
277	0.0006	_07699_	10
277	0.0006	_07698_	7
278	0.0006	_05437_	1
278	0.0006	_36227_	9
278	0.0006	_35741_	10
278	0.0006	_35740_	2
278	0.0006	_35739_	8
278	0.0006	_07699_	10
278	0.0006	_07698_	7
279	0.0006	_05436_	1
279	0.0006	_36227_	9
279	0.0006	_35741_	10
279	0.0006	_35740_	2
279	0.0006	_35739_	8
279	0.0006	_07699_	10
279	0.0006	_07698_	7
280	0.0006	_05435_	1
280	0.0006	_36227_	9
280	0.0006	_35741_	10
280	0.0006	_35740_	2
280	0.0006	_35739_	8
280	0.0006	_07699_	10
280	0.0006	_07698_	7
281	0.0006	_05434_	1
281	0.0006	_36227_	9
281	0.0006	_35741_	10
281	0.0006	_35740_	2
281	0.0006	_35739_	8
281	0.0006	_07699_	10
281	0.0006	_07698_	7
282	0.0006	_05433_	1
282	0.0006	_36227_	9
282	0.0006	_35741_	10
282	0.0006	_35740_	2
282	0.0006	_35739_	8
282	0.0006	_07699_	10
282	0.0006	_07698_	7
283	0.0006	_05432_	1
283	0.0006	_36227_	9
283	0.0006	_35741_	10
283	0.0006	_35740_	2
283	0.0006	_35739_	8
283	0.0006	_07699_	10
283	0.0006	_07698_	7
284	0.0006	_05431_	1
284	0.0006	_36227_	9
284	0.0006	_35741_	10
284	0.0006	_35740_	2
284	0.0006	_35739_	8
284	0.0006	_07699_	10
284	0.0006	_07698_	7
285	0.0006	_06727_	1
285	0.0006	_36227_	9
285	0.0006	_35741_	10
285	0.0006	_35740_	2
285	0.0006	_35739_	8
285	0.0006	_07699_	10
285	0.0006	_07698_	7
286	0.0006	_05566_	1
286	0.0006	_36262_	9
286	0.0006	_35741_	10
286	0.0006	_35740_	2
286	0.0006	_35739_	8
286	0.0006	_07699_	10
286	0.0006	_07698_	7
287	0.0006	_05565_	1
287	0.0006	_36262_	9
287	0.0006	_35741_	10
287	0.0006	_35740_	2
287	0.0006	_35739_	8
287	0.0006	_07699_	10
287	0.0006	_07698_	7
288	0.0006	_05564_	1
288	0.0006	_36262_	9
288	0.0006	_35741_	10
288	0.0006	_35740_	2
288	0.0006	_35739_	8
288	0.0006	_07699_	10
288	0.0006	_07698_	7
289	0.0006	_05563_	1
289	0.0006	_36262_	9
289	0.0006	_35741_	10
289	0.0006	_35740_	2
289	0.0006	_35739_	8
289	0.0006	_07699_	10
289	0.0006	_07698_	7
290	0.0006	_05562_	1
290	0.0006	_36262_	9
290	0.0006	_35741_	10
290	0.0006	_35740_	2
290	0.0006	_35739_	8
290	0.0006	_07699_	10
290	0.0006	_07698_	7
291	0.0006	_05561_	1
291	0.0006	_36262_	9
291	0.0006	_35741_	10
291	0.0006	_35740_	2
291	0.0006	_35739_	8
291	0.0006	_07699_	10
291	0.0006	_07698_	7
292	0.0006	_05560_	1
292	0.0006	_36262_	9
292	0.0006	_35741_	10
292	0.0006	_35740_	2
292	0.0006	_35739_	8
292	0.0006	_07699_	10
292	0.0006	_07698_	7
293	0.0006	_05559_	1
293	0.0006	_36262_	9
293	0.0006	_35741_	10
293	0.0006	_35740_	2
293	0.0006	_35739_	8
293	0.0006	_07699_	10
293	0.0006	_07698_	7
294	0.0006	_06711_	1
294	0.0006	_36262_	9
294	0.0006	_35741_	10
294	0.0006	_35740_	2
294	0.0006	_35739_	8
294	0.0006	_07699_	10
294	0.0006	_07698_	7
295	0.0006	_05694_	1
295	0.0006	_36289_	9
295	0.0006	_35741_	10
295	0.0006	_35740_	2
295	0.0006	_35739_	8
295	0.0006	_07699_	10
295	0.0006	_07698_	7
296	0.0006	_05693_	1
296	0.0006	_36289_	9
296	0.0006	_35741_	10
296	0.0006	_35740_	2
296	0.0006	_35739_	8
296	0.0006	_07699_	10
296	0.0006	_07698_	7
297	0.0006	_05692_	1
297	0.0006	_36289_	9
297	0.0006	_35741_	10
297	0.0006	_35740_	2
297	0.0006	_35739_	8
297	0.0006	_07699_	10
297	0.0006	_07698_	7
298	0.0006	_05691_	1
298	0.0006	_36289_	9
298	0.0006	_35741_	10
298	0.0006	_35740_	2
298	0.0006	_35739_	8
298	0.0006	_07699_	10
298	0.0006	_07698_	7
299	0.0006	_05690_	1
299	0.0006	_36289_	9
299	0.0006	_35741_	10
299	0.0006	_35740_	2
299	0.0006	_35739_	8
299	0.0006	_07699_	10
299	0.0006	_07698_	7
300	0.0006	_05689_	1
300	0.0006	_36289_	9
300	0.0006	_35741_	10
300	0.0006	_35740_	2
300	0.0006	_35739_	8
300	0.0006	_07699_	10
300	0.0006	_07698_	7
301	0.0006	_05688_	1
301	0.0006	_36289_	9
301	0.0006	_35741_	10
301	0.0006	_35740_	2
301	0.0006	_35739_	8
301	0.0006	_07699_	10
301	0.0006	_07698_	7
302	0.0006	_05687_	1
302	0.0006	_36289_	9
302	0.0006	_35741_	10
302	0.0006	_35740_	2
302	0.0006	_35739_	8
302	0.0006	_07699_	10
302	0.0006	_07698_	7
303	0.0006	_06695_	1
303	0.0006	_36289_	9
303	0.0006	_35741_	10
303	0.0006	_35740_	2
303	0.0006	_35739_	8
303	0.0006	_07699_	10
303	0.0006	_07698_	7
304	0.0006	_05822_	1
304	0.0006	_36327_	9
304	0.0006	_35741_	10
304	0.0006	_35740_	2
304	0.0006	_35739_	8
304	0.0006	_07699_	10
304	0.0006	_07698_	7
305	0.0006	_05821_	1
305	0.0006	_36327_	9
305	0.0006	_35741_	10
305	0.0006	_35740_	2
305	0.0006	_35739_	8
305	0.0006	_07699_	10
305	0.0006	_07698_	7
306	0.0006	_05820_	1
306	0.0006	_36327_	9
306	0.0006	_35741_	10
306	0.0006	_35740_	2
306	0.0006	_35739_	8
306	0.0006	_07699_	10
306	0.0006	_07698_	7
307	0.0006	_05819_	1
307	0.0006	_36327_	9
307	0.0006	_35741_	10
307	0.0006	_35740_	2
307	0.0006	_35739_	8
307	0.0006	_07699_	10
307	0.0006	_07698_	7
308	0.0006	_05818_	1
308	0.0006	_36327_	9
308	0.0006	_35741_	10
308	0.0006	_35740_	2
308	0.0006	_35739_	8
308	0.0006	_07699_	10
308	0.0006	_07698_	7
309	0.0006	_05817_	1
309	0.0006	_36327_	9
309	0.0006	_35741_	10
309	0.0006	_35740_	2
309	0.0006	_35739_	8
309	0.0006	_07699_	10
309	0.0006	_07698_	7
310	0.0006	_05816_	1
310	0.0006	_36327_	9
310	0.0006	_35741_	10
310	0.0006	_35740_	2
310	0.0006	_35739_	8
310	0.0006	_07699_	10
310	0.0006	_07698_	7
311	0.0006	_05815_	1
311	0.0006	_36327_	9
311	0.0006	_35741_	10
311	0.0006	_35740_	2
311	0.0006	_35739_	8
311	0.0006	_07699_	10
311	0.0006	_07698_	7
312	0.0006	_06679_	1
312	0.0006	_36327_	9
312	0.0006	_35741_	10
312	0.0006	_35740_	2
312	0.0006	_35739_	8
312	0.0006	_07699_	10
312	0.0006	_07698_	7
313	0.0006	_05950_	1
313	0.0006	_36362_	9
313	0.0006	_35741_	10
313	0.0006	_35740_	2
313	0.0006	_35739_	8
313	0.0006	_07699_	10
313	0.0006	_07698_	7
314	0.0006	_05949_	1
314	0.0006	_36362_	9
314	0.0006	_35741_	10
314	0.0006	_35740_	2
314	0.0006	_35739_	8
314	0.0006	_07699_	10
314	0.0006	_07698_	7
315	0.0006	_05948_	1
315	0.0006	_36362_	9
315	0.0006	_35741_	10
315	0.0006	_35740_	2
315	0.0006	_35739_	8
315	0.0006	_07699_	10
315	0.0006	_07698_	7
316	0.0006	_05947_	1
316	0.0006	_36362_	9
316	0.0006	_35741_	10
316	0.0006	_35740_	2
316	0.0006	_35739_	8
316	0.0006	_07699_	10
316	0.0006	_07698_	7
317	0.0006	_05946_	1
317	0.0006	_36362_	9
317	0.0006	_35741_	10
317	0.0006	_35740_	2
317	0.0006	_35739_	8
317	0.0006	_07699_	10
317	0.0006	_07698_	7
318	0.0006	_05945_	1
318	0.0006	_36362_	9
318	0.0006	_35741_	10
318	0.0006	_35740_	2
318	0.0006	_35739_	8
318	0.0006	_07699_	10
318	0.0006	_07698_	7
319	0.0006	_05944_	1
319	0.0006	_36362_	9
319	0.0006	_35741_	10
319	0.0006	_35740_	2
319	0.0006	_35739_	8
319	0.0006	_07699_	10
319	0.0006	_07698_	7
320	0.0006	_05943_	1
320	0.0006	_36362_	9
320	0.0006	_35741_	10
320	0.0006	_35740_	2
320	0.0006	_35739_	8
320	0.0006	_07699_	10
320	0.0006	_07698_	7
321	0.0006	_06663_	1
321	0.0006	_36362_	9
321	0.0006	_35741_	10
321	0.0006	_35740_	2
321	0.0006	_35739_	8
321	0.0006	_07699_	10
321	0.0006	_07698_	7
322	0.0006	_06078_	1
322	0.0006	_36389_	9
322	0.0006	_35741_	10
322	0.0006	_35740_	2
322	0.0006	_35739_	8
322	0.0006	_07699_	10
322	0.0006	_07698_	7
323	0.0006	_06077_	1
323	0.0006	_36389_	9
323	0.0006	_35741_	10
323	0.0006	_35740_	2
323	0.0006	_35739_	8
323	0.0006	_07699_	10
323	0.0006	_07698_	7
324	0.0006	_06076_	1
324	0.0006	_36389_	9
324	0.0006	_35741_	10
324	0.0006	_35740_	2
324	0.0006	_35739_	8
324	0.0006	_07699_	10
324	0.0006	_07698_	7
325	0.0006	_06075_	1
325	0.0006	_36389_	9
325	0.0006	_35741_	10
325	0.0006	_35740_	2
325	0.0006	_35739_	8
325	0.0006	_07699_	10
325	0.0006	_07698_	7
326	0.0006	_06074_	1
326	0.0006	_36389_	9
326	0.0006	_35741_	10
326	0.0006	_35740_	2
326	0.0006	_35739_	8
326	0.0006	_07699_	10
326	0.0006	_07698_	7
327	0.0006	_06073_	1
327	0.0006	_36389_	9
327	0.0006	_35741_	10
327	0.0006	_35740_	2
327	0.0006	_35739_	8
327	0.0006	_07699_	10
327	0.0006	_07698_	7
328	0.0006	_06072_	1
328	0.0006	_36389_	9
328	0.0006	_35741_	10
328	0.0006	_35740_	2
328	0.0006	_35739_	8
328	0.0006	_07699_	10
328	0.0006	_07698_	7
329	0.0006	_06071_	1
329	0.0006	_36389_	9
329	0.0006	_35741_	10
329	0.0006	_35740_	2
329	0.0006	_35739_	8
329	0.0006	_07699_	10
329	0.0006	_07698_	7
330	0.0006	_06647_	1
330	0.0006	_36389_	9
330	0.0006	_35741_	10
330	0.0006	_35740_	2
330	0.0006	_35739_	8
330	0.0006	_07699_	10
330	0.0006	_07698_	7
331	0.0006	_06206_	1
331	0.0006	_36423_	9
331	0.0006	_35741_	10
331	0.0006	_35740_	2
331	0.0006	_35739_	8
331	0.0006	_07699_	10
331	0.0006	_07698_	7
332	0.0006	_06205_	1
332	0.0006	_36423_	9
332	0.0006	_35741_	10
332	0.0006	_35740_	2
332	0.0006	_35739_	8
332	0.0006	_07699_	10
332	0.0006	_07698_	7
333	0.0006	_06204_	1
333	0.0006	_36423_	9
333	0.0006	_35741_	10
333	0.0006	_35740_	2
333	0.0006	_35739_	8
333	0.0006	_07699_	10
333	0.0006	_07698_	7
334	0.0006	_06203_	1
334	0.0006	_36423_	9
334	0.0006	_35741_	10
334	0.0006	_35740_	2
334	0.0006	_35739_	8
334	0.0006	_07699_	10
334	0.0006	_07698_	7
335	0.0006	_06202_	1
335	0.0006	_36423_	9
335	0.0006	_35741_	10
335	0.0006	_35740_	2
335	0.0006	_35739_	8
335	0.0006	_07699_	10
335	0.0006	_07698_	7
336	0.0006	_06201_	1
336	0.0006	_36423_	9
336	0.0006	_35741_	10
336	0.0006	_35740_	2
336	0.0006	_35739_	8
336	0.0006	_07699_	10
336	0.0006	_07698_	7
337	0.0006	_06200_	1
337	0.0006	_36423_	9
337	0.0006	_35741_	10
337	0.0006	_35740_	2
337	0.0006	_35739_	8
337	0.0006	_07699_	10
337	0.0006	_07698_	7
338	0.0006	_06199_	1
338	0.0006	_36423_	9
338	0.0006	_35741_	10
338	0.0006	_35740_	2
338	0.0006	_35739_	8
338	0.0006	_07699_	10
338	0.0006	_07698_	7
339	0.0006	_06631_	1
339	0.0006	_36423_	9
339	0.0006	_35741_	10
339	0.0006	_35740_	2
339	0.0006	_35739_	8
339	0.0006	_07699_	10
339	0.0006	_07698_	7
340	0.0007	_02350_	1
340	0.0007	_23814_	1
340	0.0007	_23764_	2
340	0.0007	_23763_	3
340	0.0007	_23762_	1
340	0.0007	_23760_	1
340	0.0007	_20651_	10
340	0.0007	_20579_	10
340	0.0007	_20578_	9
340	0.0007	_20577_	1
340	0.0007	_16003_	10
340	0.0007	_16002_	6
340	0.0007	_15999_	4
340	0.0007	_00137_	1
340	0.0007	RsDecodeSyndrome.count[1]	5
341	0.0008	_04638_	1
341	0.0008	_36016_	9
341	0.0008	_35844_	10
341	0.0008	_35795_	2
341	0.0008	_35739_	8
341	0.0008	_07699_	10
341	0.0008	_07698_	7
342	0.0008	_04637_	1
342	0.0008	_36016_	9
342	0.0008	_35844_	10
342	0.0008	_35795_	2
342	0.0008	_35739_	8
342	0.0008	_07699_	10
342	0.0008	_07698_	7
343	0.0008	_04636_	1
343	0.0008	_36016_	9
343	0.0008	_35844_	10
343	0.0008	_35795_	2
343	0.0008	_35739_	8
343	0.0008	_07699_	10
343	0.0008	_07698_	7
344	0.0008	_04635_	1
344	0.0008	_36016_	9
344	0.0008	_35844_	10
344	0.0008	_35795_	2
344	0.0008	_35739_	8
344	0.0008	_07699_	10
344	0.0008	_07698_	7
345	0.0008	_04634_	1
345	0.0008	_36016_	9
345	0.0008	_35844_	10
345	0.0008	_35795_	2
345	0.0008	_35739_	8
345	0.0008	_07699_	10
345	0.0008	_07698_	7
346	0.0008	_04633_	1
346	0.0008	_36016_	9
346	0.0008	_35844_	10
346	0.0008	_35795_	2
346	0.0008	_35739_	8
346	0.0008	_07699_	10
346	0.0008	_07698_	7
347	0.0008	_04632_	1
347	0.0008	_36016_	9
347	0.0008	_35844_	10
347	0.0008	_35795_	2
347	0.0008	_35739_	8
347	0.0008	_07699_	10
347	0.0008	_07698_	7
348	0.0008	_04631_	1
348	0.0008	_36016_	9
348	0.0008	_35844_	10
348	0.0008	_35795_	2
348	0.0008	_35739_	8
348	0.0008	_07699_	10
348	0.0008	_07698_	7
349	0.0008	_06827_	1
349	0.0008	_36016_	9
349	0.0008	_35844_	10
349	0.0008	_35795_	2
349	0.0008	_35739_	8
349	0.0008	_07699_	10
349	0.0008	_07698_	7
350	0.0008	_04766_	1
350	0.0008	_36050_	9
350	0.0008	_35844_	10
350	0.0008	_35795_	2
350	0.0008	_35739_	8
350	0.0008	_07699_	10
350	0.0008	_07698_	7
351	0.0008	_04765_	1
351	0.0008	_36050_	9
351	0.0008	_35844_	10
351	0.0008	_35795_	2
351	0.0008	_35739_	8
351	0.0008	_07699_	10
351	0.0008	_07698_	7
352	0.0008	_04764_	1
352	0.0008	_36050_	9
352	0.0008	_35844_	10
352	0.0008	_35795_	2
352	0.0008	_35739_	8
352	0.0008	_07699_	10
352	0.0008	_07698_	7
353	0.0008	_04763_	1
353	0.0008	_36050_	9
353	0.0008	_35844_	10
353	0.0008	_35795_	2
353	0.0008	_35739_	8
353	0.0008	_07699_	10
353	0.0008	_07698_	7
354	0.0008	_04762_	1
354	0.0008	_36050_	9
354	0.0008	_35844_	10
354	0.0008	_35795_	2
354	0.0008	_35739_	8
354	0.0008	_07699_	10
354	0.0008	_07698_	7
355	0.0008	_04761_	1
355	0.0008	_36050_	9
355	0.0008	_35844_	10
355	0.0008	_35795_	2
355	0.0008	_35739_	8
355	0.0008	_07699_	10
355	0.0008	_07698_	7
356	0.0008	_04760_	1
356	0.0008	_36050_	9
356	0.0008	_35844_	10
356	0.0008	_35795_	2
356	0.0008	_35739_	8
356	0.0008	_07699_	10
356	0.0008	_07698_	7
357	0.0008	_04759_	1
357	0.0008	_36050_	9
357	0.0008	_35844_	10
357	0.0008	_35795_	2
357	0.0008	_35739_	8
357	0.0008	_07699_	10
357	0.0008	_07698_	7
358	0.0008	_06811_	1
358	0.0008	_36050_	9
358	0.0008	_35844_	10
358	0.0008	_35795_	2
358	0.0008	_35739_	8
358	0.0008	_07699_	10
358	0.0008	_07698_	7
359	0.0008	_04894_	1
359	0.0008	_36080_	9
359	0.0008	_35844_	10
359	0.0008	_35795_	2
359	0.0008	_35739_	8
359	0.0008	_07699_	10
359	0.0008	_07698_	7
360	0.0008	_04893_	1
360	0.0008	_36080_	9
360	0.0008	_35844_	10
360	0.0008	_35795_	2
360	0.0008	_35739_	8
360	0.0008	_07699_	10
360	0.0008	_07698_	7
361	0.0008	_04892_	1
361	0.0008	_36080_	9
361	0.0008	_35844_	10
361	0.0008	_35795_	2
361	0.0008	_35739_	8
361	0.0008	_07699_	10
361	0.0008	_07698_	7
362	0.0008	_04891_	1
362	0.0008	_36080_	9
362	0.0008	_35844_	10
362	0.0008	_35795_	2
362	0.0008	_35739_	8
362	0.0008	_07699_	10
362	0.0008	_07698_	7
363	0.0008	_04890_	1
363	0.0008	_36080_	9
363	0.0008	_35844_	10
363	0.0008	_35795_	2
363	0.0008	_35739_	8
363	0.0008	_07699_	10
363	0.0008	_07698_	7
364	0.0008	_04889_	1
364	0.0008	_36080_	9
364	0.0008	_35844_	10
364	0.0008	_35795_	2
364	0.0008	_35739_	8
364	0.0008	_07699_	10
364	0.0008	_07698_	7
365	0.0008	_04888_	1
365	0.0008	_36080_	9
365	0.0008	_35844_	10
365	0.0008	_35795_	2
365	0.0008	_35739_	8
365	0.0008	_07699_	10
365	0.0008	_07698_	7
366	0.0008	_04887_	1
366	0.0008	_36080_	9
366	0.0008	_35844_	10
366	0.0008	_35795_	2
366	0.0008	_35739_	8
366	0.0008	_07699_	10
366	0.0008	_07698_	7
367	0.0008	_06795_	1
367	0.0008	_36080_	9
367	0.0008	_35844_	10
367	0.0008	_35795_	2
367	0.0008	_35739_	8
367	0.0008	_07699_	10
367	0.0008	_07698_	7
368	0.0008	_05022_	1
368	0.0008	_36116_	9
368	0.0008	_35844_	10
368	0.0008	_35795_	2
368	0.0008	_35739_	8
368	0.0008	_07699_	10
368	0.0008	_07698_	7
369	0.0008	_05021_	1
369	0.0008	_36116_	9
369	0.0008	_35844_	10
369	0.0008	_35795_	2
369	0.0008	_35739_	8
369	0.0008	_07699_	10
369	0.0008	_07698_	7
370	0.0008	_05020_	1
370	0.0008	_36116_	9
370	0.0008	_35844_	10
370	0.0008	_35795_	2
370	0.0008	_35739_	8
370	0.0008	_07699_	10
370	0.0008	_07698_	7
371	0.0008	_05019_	1
371	0.0008	_36116_	9
371	0.0008	_35844_	10
371	0.0008	_35795_	2
371	0.0008	_35739_	8
371	0.0008	_07699_	10
371	0.0008	_07698_	7
372	0.0008	_05018_	1
372	0.0008	_36116_	9
372	0.0008	_35844_	10
372	0.0008	_35795_	2
372	0.0008	_35739_	8
372	0.0008	_07699_	10
372	0.0008	_07698_	7
373	0.0008	_05017_	1
373	0.0008	_36116_	9
373	0.0008	_35844_	10
373	0.0008	_35795_	2
373	0.0008	_35739_	8
373	0.0008	_07699_	10
373	0.0008	_07698_	7
374	0.0008	_05016_	1
374	0.0008	_36116_	9
374	0.0008	_35844_	10
374	0.0008	_35795_	2
374	0.0008	_35739_	8
374	0.0008	_07699_	10
374	0.0008	_07698_	7
375	0.0008	_05015_	1
375	0.0008	_36116_	9
375	0.0008	_35844_	10
375	0.0008	_35795_	2
375	0.0008	_35739_	8
375	0.0008	_07699_	10
375	0.0008	_07698_	7
376	0.0008	_06779_	1
376	0.0008	_36116_	9
376	0.0008	_35844_	10
376	0.0008	_35795_	2
376	0.0008	_35739_	8
376	0.0008	_07699_	10
376	0.0008	_07698_	7
377	0.0008	_05150_	1
377	0.0008	_36157_	9
377	0.0008	_35844_	10
377	0.0008	_35795_	2
377	0.0008	_35739_	8
377	0.0008	_07699_	10
377	0.0008	_07698_	7
378	0.0008	_05149_	1
378	0.0008	_36157_	9
378	0.0008	_35844_	10
378	0.0008	_35795_	2
378	0.0008	_35739_	8
378	0.0008	_07699_	10
378	0.0008	_07698_	7
379	0.0008	_05148_	1
379	0.0008	_36157_	9
379	0.0008	_35844_	10
379	0.0008	_35795_	2
379	0.0008	_35739_	8
379	0.0008	_07699_	10
379	0.0008	_07698_	7
380	0.0008	_05147_	1
380	0.0008	_36157_	9
380	0.0008	_35844_	10
380	0.0008	_35795_	2
380	0.0008	_35739_	8
380	0.0008	_07699_	10
380	0.0008	_07698_	7
381	0.0008	_05146_	1
381	0.0008	_36157_	9
381	0.0008	_35844_	10
381	0.0008	_35795_	2
381	0.0008	_35739_	8
381	0.0008	_07699_	10
381	0.0008	_07698_	7
382	0.0008	_05145_	1
382	0.0008	_36157_	9
382	0.0008	_35844_	10
382	0.0008	_35795_	2
382	0.0008	_35739_	8
382	0.0008	_07699_	10
382	0.0008	_07698_	7
383	0.0008	_05144_	1
383	0.0008	_36157_	9
383	0.0008	_35844_	10
383	0.0008	_35795_	2
383	0.0008	_35739_	8
383	0.0008	_07699_	10
383	0.0008	_07698_	7
384	0.0008	_05143_	1
384	0.0008	_36157_	9
384	0.0008	_35844_	10
384	0.0008	_35795_	2
384	0.0008	_35739_	8
384	0.0008	_07699_	10
384	0.0008	_07698_	7
385	0.0008	_06763_	1
385	0.0008	_36157_	9
385	0.0008	_35844_	10
385	0.0008	_35795_	2
385	0.0008	_35739_	8
385	0.0008	_07699_	10
385	0.0008	_07698_	7
386	0.0008	_03998_	1
386	0.0008	_35845_	9
386	0.0008	_35844_	10
386	0.0008	_35795_	2
386	0.0008	_35739_	8
386	0.0008	_07699_	10
386	0.0008	_07698_	7
387	0.0008	_03997_	1
387	0.0008	_35845_	9
387	0.0008	_35844_	10
387	0.0008	_35795_	2
387	0.0008	_35739_	8
387	0.0008	_07699_	10
387	0.0008	_07698_	7
388	0.0008	_03996_	1
388	0.0008	_35845_	9
388	0.0008	_35844_	10
388	0.0008	_35795_	2
388	0.0008	_35739_	8
388	0.0008	_07699_	10
388	0.0008	_07698_	7
389	0.0008	_03995_	1
389	0.0008	_35845_	9
389	0.0008	_35844_	10
389	0.0008	_35795_	2
389	0.0008	_35739_	8
389	0.0008	_07699_	10
389	0.0008	_07698_	7
390	0.0008	_03994_	1
390	0.0008	_35845_	9
390	0.0008	_35844_	10
390	0.0008	_35795_	2
390	0.0008	_35739_	8
390	0.0008	_07699_	10
390	0.0008	_07698_	7
391	0.0008	_03993_	1
391	0.0008	_35845_	9
391	0.0008	_35844_	10
391	0.0008	_35795_	2
391	0.0008	_35739_	8
391	0.0008	_07699_	10
391	0.0008	_07698_	7
392	0.0008	_03992_	1
392	0.0008	_35845_	9
392	0.0008	_35844_	10
392	0.0008	_35795_	2
392	0.0008	_35739_	8
392	0.0008	_07699_	10
392	0.0008	_07698_	7
393	0.0008	_03991_	1
393	0.0008	_35845_	9
393	0.0008	_35844_	10
393	0.0008	_35795_	2
393	0.0008	_35739_	8
393	0.0008	_07699_	10
393	0.0008	_07698_	7
394	0.0008	_06907_	1
394	0.0008	_35845_	9
394	0.0008	_35844_	10
394	0.0008	_35795_	2
394	0.0008	_35739_	8
394	0.0008	_07699_	10
394	0.0008	_07698_	7
395	0.0008	_04126_	1
395	0.0008	_35883_	9
395	0.0008	_35844_	10
395	0.0008	_35795_	2
395	0.0008	_35739_	8
395	0.0008	_07699_	10
395	0.0008	_07698_	7
396	0.0008	_04125_	1
396	0.0008	_35883_	9
396	0.0008	_35844_	10
396	0.0008	_35795_	2
396	0.0008	_35739_	8
396	0.0008	_07699_	10
396	0.0008	_07698_	7
397	0.0008	_04124_	1
397	0.0008	_35883_	9
397	0.0008	_35844_	10
397	0.0008	_35795_	2
397	0.0008	_35739_	8
397	0.0008	_07699_	10
397	0.0008	_07698_	7
398	0.0008	_04123_	1
398	0.0008	_35883_	9
398	0.0008	_35844_	10
398	0.0008	_35795_	2
398	0.0008	_35739_	8
398	0.0008	_07699_	10
398	0.0008	_07698_	7
399	0.0008	_04122_	1
399	0.0008	_35883_	9
399	0.0008	_35844_	10
399	0.0008	_35795_	2
399	0.0008	_35739_	8
399	0.0008	_07699_	10
399	0.0008	_07698_	7
400	0.0008	_04121_	1
400	0.0008	_35883_	9
400	0.0008	_35844_	10
400	0.0008	_35795_	2
400	0.0008	_35739_	8
400	0.0008	_07699_	10
400	0.0008	_07698_	7
401	0.0008	_04120_	1
401	0.0008	_35883_	9
401	0.0008	_35844_	10
401	0.0008	_35795_	2
401	0.0008	_35739_	8
401	0.0008	_07699_	10
401	0.0008	_07698_	7
402	0.0008	_04119_	1
402	0.0008	_35883_	9
402	0.0008	_35844_	10
402	0.0008	_35795_	2
402	0.0008	_35739_	8
402	0.0008	_07699_	10
402	0.0008	_07698_	7
403	0.0008	_06891_	1
403	0.0008	_35883_	9
403	0.0008	_35844_	10
403	0.0008	_35795_	2
403	0.0008	_35739_	8
403	0.0008	_07699_	10
403	0.0008	_07698_	7
404	0.0008	_04254_	1
404	0.0008	_35912_	9
404	0.0008	_35844_	10
404	0.0008	_35795_	2
404	0.0008	_35739_	8
404	0.0008	_07699_	10
404	0.0008	_07698_	7
405	0.0008	_04253_	1
405	0.0008	_35912_	9
405	0.0008	_35844_	10
405	0.0008	_35795_	2
405	0.0008	_35739_	8
405	0.0008	_07699_	10
405	0.0008	_07698_	7
406	0.0008	_04252_	1
406	0.0008	_35912_	9
406	0.0008	_35844_	10
406	0.0008	_35795_	2
406	0.0008	_35739_	8
406	0.0008	_07699_	10
406	0.0008	_07698_	7
407	0.0008	_04251_	1
407	0.0008	_35912_	9
407	0.0008	_35844_	10
407	0.0008	_35795_	2
407	0.0008	_35739_	8
407	0.0008	_07699_	10
407	0.0008	_07698_	7
408	0.0008	_04250_	1
408	0.0008	_35912_	9
408	0.0008	_35844_	10
408	0.0008	_35795_	2
408	0.0008	_35739_	8
408	0.0008	_07699_	10
408	0.0008	_07698_	7
409	0.0008	_04249_	1
409	0.0008	_35912_	9
409	0.0008	_35844_	10
409	0.0008	_35795_	2
409	0.0008	_35739_	8
409	0.0008	_07699_	10
409	0.0008	_07698_	7
410	0.0008	_04248_	1
410	0.0008	_35912_	9
410	0.0008	_35844_	10
410	0.0008	_35795_	2
410	0.0008	_35739_	8
410	0.0008	_07699_	10
410	0.0008	_07698_	7
411	0.0008	_04247_	1
411	0.0008	_35912_	9
411	0.0008	_35844_	10
411	0.0008	_35795_	2
411	0.0008	_35739_	8
411	0.0008	_07699_	10
411	0.0008	_07698_	7
412	0.0008	_06875_	1
412	0.0008	_35912_	9
412	0.0008	_35844_	10
412	0.0008	_35795_	2
412	0.0008	_35739_	8
412	0.0008	_07699_	10
412	0.0008	_07698_	7
413	0.0008	_04382_	1
413	0.0008	_35954_	9
413	0.0008	_35844_	10
413	0.0008	_35795_	2
413	0.0008	_35739_	8
413	0.0008	_07699_	10
413	0.0008	_07698_	7
414	0.0008	_04381_	1
414	0.0008	_35954_	9
414	0.0008	_35844_	10
414	0.0008	_35795_	2
414	0.0008	_35739_	8
414	0.0008	_07699_	10
414	0.0008	_07698_	7
415	0.0008	_04380_	1
415	0.0008	_35954_	9
415	0.0008	_35844_	10
415	0.0008	_35795_	2
415	0.0008	_35739_	8
415	0.0008	_07699_	10
415	0.0008	_07698_	7
416	0.0008	_04379_	1
416	0.0008	_35954_	9
416	0.0008	_35844_	10
416	0.0008	_35795_	2
416	0.0008	_35739_	8
416	0.0008	_07699_	10
416	0.0008	_07698_	7
417	0.0008	_04378_	1
417	0.0008	_35954_	9
417	0.0008	_35844_	10
417	0.0008	_35795_	2
417	0.0008	_35739_	8
417	0.0008	_07699_	10
417	0.0008	_07698_	7
418	0.0008	_04377_	1
418	0.0008	_35954_	9
418	0.0008	_35844_	10
418	0.0008	_35795_	2
418	0.0008	_35739_	8
418	0.0008	_07699_	10
418	0.0008	_07698_	7
419	0.0008	_04376_	1
419	0.0008	_35954_	9
419	0.0008	_35844_	10
419	0.0008	_35795_	2
419	0.0008	_35739_	8
419	0.0008	_07699_	10
419	0.0008	_07698_	7
420	0.0008	_04375_	1
420	0.0008	_35954_	9
420	0.0008	_35844_	10
420	0.0008	_35795_	2
420	0.0008	_35739_	8
420	0.0008	_07699_	10
420	0.0008	_07698_	7
421	0.0008	_06859_	1
421	0.0008	_35954_	9
421	0.0008	_35844_	10
421	0.0008	_35795_	2
421	0.0008	_35739_	8
421	0.0008	_07699_	10
421	0.0008	_07698_	7
422	0.0008	_04510_	1
422	0.0008	_35989_	9
422	0.0008	_35844_	10
422	0.0008	_35795_	2
422	0.0008	_35739_	8
422	0.0008	_07699_	10
422	0.0008	_07698_	7
423	0.0008	_04509_	1
423	0.0008	_35989_	9
423	0.0008	_35844_	10
423	0.0008	_35795_	2
423	0.0008	_35739_	8
423	0.0008	_07699_	10
423	0.0008	_07698_	7
424	0.0008	_04508_	1
424	0.0008	_35989_	9
424	0.0008	_35844_	10
424	0.0008	_35795_	2
424	0.0008	_35739_	8
424	0.0008	_07699_	10
424	0.0008	_07698_	7
425	0.0008	_04507_	1
425	0.0008	_35989_	9
425	0.0008	_35844_	10
425	0.0008	_35795_	2
425	0.0008	_35739_	8
425	0.0008	_07699_	10
425	0.0008	_07698_	7
426	0.0008	_04506_	1
426	0.0008	_35989_	9
426	0.0008	_35844_	10
426	0.0008	_35795_	2
426	0.0008	_35739_	8
426	0.0008	_07699_	10
426	0.0008	_07698_	7
427	0.0008	_04505_	1
427	0.0008	_35989_	9
427	0.0008	_35844_	10
427	0.0008	_35795_	2
427	0.0008	_35739_	8
427	0.0008	_07699_	10
427	0.0008	_07698_	7
428	0.0008	_04504_	1
428	0.0008	_35989_	9
428	0.0008	_35844_	10
428	0.0008	_35795_	2
428	0.0008	_35739_	8
428	0.0008	_07699_	10
428	0.0008	_07698_	7
429	0.0008	_04503_	1
429	0.0008	_35989_	9
429	0.0008	_35844_	10
429	0.0008	_35795_	2
429	0.0008	_35739_	8
429	0.0008	_07699_	10
429	0.0008	_07698_	7
430	0.0008	_06843_	1
430	0.0008	_35989_	9
430	0.0008	_35844_	10
430	0.0008	_35795_	2
430	0.0008	_35739_	8
430	0.0008	_07699_	10
430	0.0008	_07698_	7
431	0.0008	_04670_	1
431	0.0008	_36030_	9
431	0.0008	_35808_	10
431	0.0008	_35740_	2
431	0.0008	_35739_	8
431	0.0008	_07699_	10
431	0.0008	_07698_	7
432	0.0008	_04669_	1
432	0.0008	_36030_	9
432	0.0008	_35808_	10
432	0.0008	_35740_	2
432	0.0008	_35739_	8
432	0.0008	_07699_	10
432	0.0008	_07698_	7
433	0.0008	_04668_	1
433	0.0008	_36030_	9
433	0.0008	_35808_	10
433	0.0008	_35740_	2
433	0.0008	_35739_	8
433	0.0008	_07699_	10
433	0.0008	_07698_	7
434	0.0008	_04667_	1
434	0.0008	_36030_	9
434	0.0008	_35808_	10
434	0.0008	_35740_	2
434	0.0008	_35739_	8
434	0.0008	_07699_	10
434	0.0008	_07698_	7
435	0.0008	_04666_	1
435	0.0008	_36030_	9
435	0.0008	_35808_	10
435	0.0008	_35740_	2
435	0.0008	_35739_	8
435	0.0008	_07699_	10
435	0.0008	_07698_	7
436	0.0008	_04665_	1
436	0.0008	_36030_	9
436	0.0008	_35808_	10
436	0.0008	_35740_	2
436	0.0008	_35739_	8
436	0.0008	_07699_	10
436	0.0008	_07698_	7
437	0.0008	_04664_	1
437	0.0008	_36030_	9
437	0.0008	_35808_	10
437	0.0008	_35740_	2
437	0.0008	_35739_	8
437	0.0008	_07699_	10
437	0.0008	_07698_	7
438	0.0008	_04663_	1
438	0.0008	_36030_	9
438	0.0008	_35808_	10
438	0.0008	_35740_	2
438	0.0008	_35739_	8
438	0.0008	_07699_	10
438	0.0008	_07698_	7
439	0.0008	_06823_	1
439	0.0008	_36030_	9
439	0.0008	_35808_	10
439	0.0008	_35740_	2
439	0.0008	_35739_	8
439	0.0008	_07699_	10
439	0.0008	_07698_	7
440	0.0008	_04798_	1
440	0.0008	_36059_	9
440	0.0008	_35808_	10
440	0.0008	_35740_	2
440	0.0008	_35739_	8
440	0.0008	_07699_	10
440	0.0008	_07698_	7
441	0.0008	_04797_	1
441	0.0008	_36059_	9
441	0.0008	_35808_	10
441	0.0008	_35740_	2
441	0.0008	_35739_	8
441	0.0008	_07699_	10
441	0.0008	_07698_	7
442	0.0008	_04796_	1
442	0.0008	_36059_	9
442	0.0008	_35808_	10
442	0.0008	_35740_	2
442	0.0008	_35739_	8
442	0.0008	_07699_	10
442	0.0008	_07698_	7
443	0.0008	_04795_	1
443	0.0008	_36059_	9
443	0.0008	_35808_	10
443	0.0008	_35740_	2
443	0.0008	_35739_	8
443	0.0008	_07699_	10
443	0.0008	_07698_	7
444	0.0008	_04794_	1
444	0.0008	_36059_	9
444	0.0008	_35808_	10
444	0.0008	_35740_	2
444	0.0008	_35739_	8
444	0.0008	_07699_	10
444	0.0008	_07698_	7
445	0.0008	_04793_	1
445	0.0008	_36059_	9
445	0.0008	_35808_	10
445	0.0008	_35740_	2
445	0.0008	_35739_	8
445	0.0008	_07699_	10
445	0.0008	_07698_	7
446	0.0008	_04792_	1
446	0.0008	_36059_	9
446	0.0008	_35808_	10
446	0.0008	_35740_	2
446	0.0008	_35739_	8
446	0.0008	_07699_	10
446	0.0008	_07698_	7
447	0.0008	_04791_	1
447	0.0008	_36059_	9
447	0.0008	_35808_	10
447	0.0008	_35740_	2
447	0.0008	_35739_	8
447	0.0008	_07699_	10
447	0.0008	_07698_	7
448	0.0008	_06807_	1
448	0.0008	_36059_	9
448	0.0008	_35808_	10
448	0.0008	_35740_	2
448	0.0008	_35739_	8
448	0.0008	_07699_	10
448	0.0008	_07698_	7
449	0.0008	_04926_	1
449	0.0008	_36094_	9
449	0.0008	_35808_	10
449	0.0008	_35740_	2
449	0.0008	_35739_	8
449	0.0008	_07699_	10
449	0.0008	_07698_	7
450	0.0008	_04925_	1
450	0.0008	_36094_	9
450	0.0008	_35808_	10
450	0.0008	_35740_	2
450	0.0008	_35739_	8
450	0.0008	_07699_	10
450	0.0008	_07698_	7
451	0.0008	_04924_	1
451	0.0008	_36094_	9
451	0.0008	_35808_	10
451	0.0008	_35740_	2
451	0.0008	_35739_	8
451	0.0008	_07699_	10
451	0.0008	_07698_	7
452	0.0008	_04923_	1
452	0.0008	_36094_	9
452	0.0008	_35808_	10
452	0.0008	_35740_	2
452	0.0008	_35739_	8
452	0.0008	_07699_	10
452	0.0008	_07698_	7
453	0.0008	_04922_	1
453	0.0008	_36094_	9
453	0.0008	_35808_	10
453	0.0008	_35740_	2
453	0.0008	_35739_	8
453	0.0008	_07699_	10
453	0.0008	_07698_	7
454	0.0008	_04921_	1
454	0.0008	_36094_	9
454	0.0008	_35808_	10
454	0.0008	_35740_	2
454	0.0008	_35739_	8
454	0.0008	_07699_	10
454	0.0008	_07698_	7
455	0.0008	_04920_	1
455	0.0008	_36094_	9
455	0.0008	_35808_	10
455	0.0008	_35740_	2
455	0.0008	_35739_	8
455	0.0008	_07699_	10
455	0.0008	_07698_	7
456	0.0008	_04919_	1
456	0.0008	_36094_	9
456	0.0008	_35808_	10
456	0.0008	_35740_	2
456	0.0008	_35739_	8
456	0.0008	_07699_	10
456	0.0008	_07698_	7
457	0.0008	_06791_	1
457	0.0008	_36094_	9
457	0.0008	_35808_	10
457	0.0008	_35740_	2
457	0.0008	_35739_	8
457	0.0008	_07699_	10
457	0.0008	_07698_	7
458	0.0008	_05054_	1
458	0.0008	_36124_	9
458	0.0008	_35808_	10
458	0.0008	_35740_	2
458	0.0008	_35739_	8
458	0.0008	_07699_	10
458	0.0008	_07698_	7
459	0.0008	_05053_	1
459	0.0008	_36124_	9
459	0.0008	_35808_	10
459	0.0008	_35740_	2
459	0.0008	_35739_	8
459	0.0008	_07699_	10
459	0.0008	_07698_	7
460	0.0008	_05052_	1
460	0.0008	_36124_	9
460	0.0008	_35808_	10
460	0.0008	_35740_	2
460	0.0008	_35739_	8
460	0.0008	_07699_	10
460	0.0008	_07698_	7
461	0.0008	_05051_	1
461	0.0008	_36124_	9
461	0.0008	_35808_	10
461	0.0008	_35740_	2
461	0.0008	_35739_	8
461	0.0008	_07699_	10
461	0.0008	_07698_	7
462	0.0008	_05050_	1
462	0.0008	_36124_	9
462	0.0008	_35808_	10
462	0.0008	_35740_	2
462	0.0008	_35739_	8
462	0.0008	_07699_	10
462	0.0008	_07698_	7
463	0.0008	_05049_	1
463	0.0008	_36124_	9
463	0.0008	_35808_	10
463	0.0008	_35740_	2
463	0.0008	_35739_	8
463	0.0008	_07699_	10
463	0.0008	_07698_	7
464	0.0008	_05048_	1
464	0.0008	_36124_	9
464	0.0008	_35808_	10
464	0.0008	_35740_	2
464	0.0008	_35739_	8
464	0.0008	_07699_	10
464	0.0008	_07698_	7
465	0.0008	_05047_	1
465	0.0008	_36124_	9
465	0.0008	_35808_	10
465	0.0008	_35740_	2
465	0.0008	_35739_	8
465	0.0008	_07699_	10
465	0.0008	_07698_	7
466	0.0008	_06775_	1
466	0.0008	_36124_	9
466	0.0008	_35808_	10
466	0.0008	_35740_	2
466	0.0008	_35739_	8
466	0.0008	_07699_	10
466	0.0008	_07698_	7
467	0.0008	_03902_	1
467	0.0008	_35813_	9
467	0.0008	_35808_	10
467	0.0008	_35740_	2
467	0.0008	_35739_	8
467	0.0008	_07699_	10
467	0.0008	_07698_	7
468	0.0008	_03901_	1
468	0.0008	_35813_	9
468	0.0008	_35808_	10
468	0.0008	_35740_	2
468	0.0008	_35739_	8
468	0.0008	_07699_	10
468	0.0008	_07698_	7
469	0.0008	_03900_	1
469	0.0008	_35813_	9
469	0.0008	_35808_	10
469	0.0008	_35740_	2
469	0.0008	_35739_	8
469	0.0008	_07699_	10
469	0.0008	_07698_	7
470	0.0008	_03899_	1
470	0.0008	_35813_	9
470	0.0008	_35808_	10
470	0.0008	_35740_	2
470	0.0008	_35739_	8
470	0.0008	_07699_	10
470	0.0008	_07698_	7
471	0.0008	_03898_	1
471	0.0008	_35813_	9
471	0.0008	_35808_	10
471	0.0008	_35740_	2
471	0.0008	_35739_	8
471	0.0008	_07699_	10
471	0.0008	_07698_	7
472	0.0008	_03897_	1
472	0.0008	_35813_	9
472	0.0008	_35808_	10
472	0.0008	_35740_	2
472	0.0008	_35739_	8
472	0.0008	_07699_	10
472	0.0008	_07698_	7
473	0.0008	_03896_	1
473	0.0008	_35813_	9
473	0.0008	_35808_	10
473	0.0008	_35740_	2
473	0.0008	_35739_	8
473	0.0008	_07699_	10
473	0.0008	_07698_	7
474	0.0008	_03895_	1
474	0.0008	_35813_	9
474	0.0008	_35808_	10
474	0.0008	_35740_	2
474	0.0008	_35739_	8
474	0.0008	_07699_	10
474	0.0008	_07698_	7
475	0.0008	_06919_	1
475	0.0008	_35813_	9
475	0.0008	_35808_	10
475	0.0008	_35740_	2
475	0.0008	_35739_	8
475	0.0008	_07699_	10
475	0.0008	_07698_	7
476	0.0008	_04030_	1
476	0.0008	_35863_	9
476	0.0008	_35808_	10
476	0.0008	_35740_	2
476	0.0008	_35739_	8
476	0.0008	_07699_	10
476	0.0008	_07698_	7
477	0.0008	_04029_	1
477	0.0008	_35863_	9
477	0.0008	_35808_	10
477	0.0008	_35740_	2
477	0.0008	_35739_	8
477	0.0008	_07699_	10
477	0.0008	_07698_	7
478	0.0008	_04028_	1
478	0.0008	_35863_	9
478	0.0008	_35808_	10
478	0.0008	_35740_	2
478	0.0008	_35739_	8
478	0.0008	_07699_	10
478	0.0008	_07698_	7
479	0.0008	_04027_	1
479	0.0008	_35863_	9
479	0.0008	_35808_	10
479	0.0008	_35740_	2
479	0.0008	_35739_	8
479	0.0008	_07699_	10
479	0.0008	_07698_	7
480	0.0008	_04026_	1
480	0.0008	_35863_	9
480	0.0008	_35808_	10
480	0.0008	_35740_	2
480	0.0008	_35739_	8
480	0.0008	_07699_	10
480	0.0008	_07698_	7
481	0.0008	_04025_	1
481	0.0008	_35863_	9
481	0.0008	_35808_	10
481	0.0008	_35740_	2
481	0.0008	_35739_	8
481	0.0008	_07699_	10
481	0.0008	_07698_	7
482	0.0008	_04024_	1
482	0.0008	_35863_	9
482	0.0008	_35808_	10
482	0.0008	_35740_	2
482	0.0008	_35739_	8
482	0.0008	_07699_	10
482	0.0008	_07698_	7
483	0.0008	_04023_	1
483	0.0008	_35863_	9
483	0.0008	_35808_	10
483	0.0008	_35740_	2
483	0.0008	_35739_	8
483	0.0008	_07699_	10
483	0.0008	_07698_	7
484	0.0008	_06903_	1
484	0.0008	_35863_	9
484	0.0008	_35808_	10
484	0.0008	_35740_	2
484	0.0008	_35739_	8
484	0.0008	_07699_	10
484	0.0008	_07698_	7
485	0.0008	_04158_	1
485	0.0008	_35889_	9
485	0.0008	_35808_	10
485	0.0008	_35740_	2
485	0.0008	_35739_	8
485	0.0008	_07699_	10
485	0.0008	_07698_	7
486	0.0008	_04157_	1
486	0.0008	_35889_	9
486	0.0008	_35808_	10
486	0.0008	_35740_	2
486	0.0008	_35739_	8
486	0.0008	_07699_	10
486	0.0008	_07698_	7
487	0.0008	_04156_	1
487	0.0008	_35889_	9
487	0.0008	_35808_	10
487	0.0008	_35740_	2
487	0.0008	_35739_	8
487	0.0008	_07699_	10
487	0.0008	_07698_	7
488	0.0008	_04155_	1
488	0.0008	_35889_	9
488	0.0008	_35808_	10
488	0.0008	_35740_	2
488	0.0008	_35739_	8
488	0.0008	_07699_	10
488	0.0008	_07698_	7
489	0.0008	_04154_	1
489	0.0008	_35889_	9
489	0.0008	_35808_	10
489	0.0008	_35740_	2
489	0.0008	_35739_	8
489	0.0008	_07699_	10
489	0.0008	_07698_	7
490	0.0008	_04153_	1
490	0.0008	_35889_	9
490	0.0008	_35808_	10
490	0.0008	_35740_	2
490	0.0008	_35739_	8
490	0.0008	_07699_	10
490	0.0008	_07698_	7
491	0.0008	_04152_	1
491	0.0008	_35889_	9
491	0.0008	_35808_	10
491	0.0008	_35740_	2
491	0.0008	_35739_	8
491	0.0008	_07699_	10
491	0.0008	_07698_	7
492	0.0008	_04151_	1
492	0.0008	_35889_	9
492	0.0008	_35808_	10
492	0.0008	_35740_	2
492	0.0008	_35739_	8
492	0.0008	_07699_	10
492	0.0008	_07698_	7
493	0.0008	_06887_	1
493	0.0008	_35889_	9
493	0.0008	_35808_	10
493	0.0008	_35740_	2
493	0.0008	_35739_	8
493	0.0008	_07699_	10
493	0.0008	_07698_	7
494	0.0008	_04286_	1
494	0.0008	_35930_	9
494	0.0008	_35808_	10
494	0.0008	_35740_	2
494	0.0008	_35739_	8
494	0.0008	_07699_	10
494	0.0008	_07698_	7
495	0.0008	_04285_	1
495	0.0008	_35930_	9
495	0.0008	_35808_	10
495	0.0008	_35740_	2
495	0.0008	_35739_	8
495	0.0008	_07699_	10
495	0.0008	_07698_	7
496	0.0008	_04284_	1
496	0.0008	_35930_	9
496	0.0008	_35808_	10
496	0.0008	_35740_	2
496	0.0008	_35739_	8
496	0.0008	_07699_	10
496	0.0008	_07698_	7
497	0.0008	_04283_	1
497	0.0008	_35930_	9
497	0.0008	_35808_	10
497	0.0008	_35740_	2
497	0.0008	_35739_	8
497	0.0008	_07699_	10
497	0.0008	_07698_	7
498	0.0008	_04282_	1
498	0.0008	_35930_	9
498	0.0008	_35808_	10
498	0.0008	_35740_	2
498	0.0008	_35739_	8
498	0.0008	_07699_	10
498	0.0008	_07698_	7
499	0.0008	_04281_	1
499	0.0008	_35930_	9
499	0.0008	_35808_	10
499	0.0008	_35740_	2
499	0.0008	_35739_	8
499	0.0008	_07699_	10
499	0.0008	_07698_	7
500	0.0008	_04280_	1
500	0.0008	_35930_	9
500	0.0008	_35808_	10
500	0.0008	_35740_	2
500	0.0008	_35739_	8
500	0.0008	_07699_	10
500	0.0008	_07698_	7
501	0.0008	_04279_	1
501	0.0008	_35930_	9
501	0.0008	_35808_	10
501	0.0008	_35740_	2
501	0.0008	_35739_	8
501	0.0008	_07699_	10
501	0.0008	_07698_	7
502	0.0008	_06871_	1
502	0.0008	_35930_	9
502	0.0008	_35808_	10
502	0.0008	_35740_	2
502	0.0008	_35739_	8
502	0.0008	_07699_	10
502	0.0008	_07698_	7
503	0.0008	_04414_	1
503	0.0008	_35962_	9
503	0.0008	_35808_	10
503	0.0008	_35740_	2
503	0.0008	_35739_	8
503	0.0008	_07699_	10
503	0.0008	_07698_	7
504	0.0008	_04413_	1
504	0.0008	_35962_	9
504	0.0008	_35808_	10
504	0.0008	_35740_	2
504	0.0008	_35739_	8
504	0.0008	_07699_	10
504	0.0008	_07698_	7
505	0.0008	_04412_	1
505	0.0008	_35962_	9
505	0.0008	_35808_	10
505	0.0008	_35740_	2
505	0.0008	_35739_	8
505	0.0008	_07699_	10
505	0.0008	_07698_	7
506	0.0008	_04411_	1
506	0.0008	_35962_	9
506	0.0008	_35808_	10
506	0.0008	_35740_	2
506	0.0008	_35739_	8
506	0.0008	_07699_	10
506	0.0008	_07698_	7
507	0.0008	_04410_	1
507	0.0008	_35962_	9
507	0.0008	_35808_	10
507	0.0008	_35740_	2
507	0.0008	_35739_	8
507	0.0008	_07699_	10
507	0.0008	_07698_	7
508	0.0008	_04409_	1
508	0.0008	_35962_	9
508	0.0008	_35808_	10
508	0.0008	_35740_	2
508	0.0008	_35739_	8
508	0.0008	_07699_	10
508	0.0008	_07698_	7
509	0.0008	_04408_	1
509	0.0008	_35962_	9
509	0.0008	_35808_	10
509	0.0008	_35740_	2
509	0.0008	_35739_	8
509	0.0008	_07699_	10
509	0.0008	_07698_	7
510	0.0008	_04407_	1
510	0.0008	_35962_	9
510	0.0008	_35808_	10
510	0.0008	_35740_	2
510	0.0008	_35739_	8
510	0.0008	_07699_	10
510	0.0008	_07698_	7
511	0.0008	_06855_	1
511	0.0008	_35962_	9
511	0.0008	_35808_	10
511	0.0008	_35740_	2
511	0.0008	_35739_	8
511	0.0008	_07699_	10
511	0.0008	_07698_	7
512	0.0008	_04542_	1
512	0.0008	_35996_	9
512	0.0008	_35808_	10
512	0.0008	_35740_	2
512	0.0008	_35739_	8
512	0.0008	_07699_	10
512	0.0008	_07698_	7
513	0.0008	_04541_	1
513	0.0008	_35996_	9
513	0.0008	_35808_	10
513	0.0008	_35740_	2
513	0.0008	_35739_	8
513	0.0008	_07699_	10
513	0.0008	_07698_	7
514	0.0008	_04540_	1
514	0.0008	_35996_	9
514	0.0008	_35808_	10
514	0.0008	_35740_	2
514	0.0008	_35739_	8
514	0.0008	_07699_	10
514	0.0008	_07698_	7
515	0.0008	_04539_	1
515	0.0008	_35996_	9
515	0.0008	_35808_	10
515	0.0008	_35740_	2
515	0.0008	_35739_	8
515	0.0008	_07699_	10
515	0.0008	_07698_	7
516	0.0008	_04538_	1
516	0.0008	_35996_	9
516	0.0008	_35808_	10
516	0.0008	_35740_	2
516	0.0008	_35739_	8
516	0.0008	_07699_	10
516	0.0008	_07698_	7
517	0.0008	_04537_	1
517	0.0008	_35996_	9
517	0.0008	_35808_	10
517	0.0008	_35740_	2
517	0.0008	_35739_	8
517	0.0008	_07699_	10
517	0.0008	_07698_	7
518	0.0008	_04536_	1
518	0.0008	_35996_	9
518	0.0008	_35808_	10
518	0.0008	_35740_	2
518	0.0008	_35739_	8
518	0.0008	_07699_	10
518	0.0008	_07698_	7
519	0.0008	_04535_	1
519	0.0008	_35996_	9
519	0.0008	_35808_	10
519	0.0008	_35740_	2
519	0.0008	_35739_	8
519	0.0008	_07699_	10
519	0.0008	_07698_	7
520	0.0008	_06839_	1
520	0.0008	_35996_	9
520	0.0008	_35808_	10
520	0.0008	_35740_	2
520	0.0008	_35739_	8
520	0.0008	_07699_	10
520	0.0008	_07698_	7
521	0.0010	_02302_	1
521	0.0010	_23009_	1
521	0.0010	_23008_	1
521	0.0010	_23007_	1
521	0.0010	_23006_	1
521	0.0010	_23005_	1
521	0.0010	_23004_	1
521	0.0010	_20480_	10
521	0.0010	_20479_	10
521	0.0010	_20331_	10
521	0.0010	_20313_	4
521	0.0010	_20283_	10
521	0.0010	_16002_	6
521	0.0010	_15999_	4
521	0.0010	_00137_	1
521	0.0010	RsDecodeSyndrome.count[1]	5
522	0.0011	_06583_	1
522	0.0011	_36622_	1
522	0.0011	_36621_	1
522	0.0011	_36589_	1
522	0.0011	_36557_	1
522	0.0011	_36541_	1
522	0.0011	_36540_	1
522	0.0011	_36539_	1
522	0.0011	_36538_	1
522	0.0011	_08100_	10
522	0.0011	_08088_	10
522	0.0011	_08087_	10
522	0.0011	_08074_	9
522	0.0011	RsDecodeDelay.RsDecodeDpRam.rRdAddr[0]	1
523	0.0012	_00399_	1
523	0.0012	_10992_	1
523	0.0012	_10991_	1
523	0.0012	_10959_	1
523	0.0012	_10927_	1
523	0.0012	_10911_	1
523	0.0012	_10910_	1
523	0.0012	_10909_	1
523	0.0012	_10908_	1
523	0.0012	_08100_	10
523	0.0012	_08088_	10
523	0.0012	_08087_	10
523	0.0012	_08074_	9
523	0.0012	RsDecodeDelay.RsDecodeDpRam.rRdAddr[0]	1
524	0.0012	_00398_	1
524	0.0012	_10640_	1
524	0.0012	_10639_	1
524	0.0012	_10606_	1
524	0.0012	_10574_	1
524	0.0012	_10558_	1
524	0.0012	_10557_	1
524	0.0012	_10556_	1
524	0.0012	_10555_	1
524	0.0012	_08100_	10
524	0.0012	_08088_	10
524	0.0012	_08087_	10
524	0.0012	_08074_	9
524	0.0012	RsDecodeDelay.RsDecodeDpRam.rRdAddr[0]	1
525	0.0012	_00397_	1
525	0.0012	_10287_	1
525	0.0012	_10286_	1
525	0.0012	_10254_	1
525	0.0012	_10222_	1
525	0.0012	_10206_	1
525	0.0012	_10205_	1
525	0.0012	_10204_	1
525	0.0012	_10203_	1
525	0.0012	_08100_	10
525	0.0012	_08088_	10
525	0.0012	_08087_	10
525	0.0012	_08074_	9
525	0.0012	RsDecodeDelay.RsDecodeDpRam.rRdAddr[0]	1
526	0.0012	_00396_	1
526	0.0012	_09931_	1
526	0.0012	_09930_	1
526	0.0012	_09896_	1
526	0.0012	_09864_	1
526	0.0012	_09848_	1
526	0.0012	_09847_	1
526	0.0012	_09846_	1
526	0.0012	_09845_	1
526	0.0012	_08100_	10
526	0.0012	_08088_	10
526	0.0012	_08087_	10
526	0.0012	_08074_	9
526	0.0012	RsDecodeDelay.RsDecodeDpRam.rRdAddr[0]	1
527	0.0012	_00395_	1
527	0.0012	_09574_	1
527	0.0012	_09573_	1
527	0.0012	_09539_	1
527	0.0012	_09507_	1
527	0.0012	_09491_	1
527	0.0012	_09490_	1
527	0.0012	_09489_	1
527	0.0012	_09488_	1
527	0.0012	_08100_	10
527	0.0012	_08088_	10
527	0.0012	_08087_	10
527	0.0012	_08074_	9
527	0.0012	RsDecodeDelay.RsDecodeDpRam.rRdAddr[0]	1
528	0.0012	_00394_	1
528	0.0012	_09215_	1
528	0.0012	_09214_	1
528	0.0012	_09180_	1
528	0.0012	_09147_	1
528	0.0012	_09131_	1
528	0.0012	_09130_	1
528	0.0012	_09129_	1
528	0.0012	_09128_	1
528	0.0012	_08100_	10
528	0.0012	_08088_	10
528	0.0012	_08087_	10
528	0.0012	_08074_	9
528	0.0012	RsDecodeDelay.RsDecodeDpRam.rRdAddr[0]	1
529	0.0012	_00393_	1
529	0.0012	_08735_	1
529	0.0012	_08734_	1
529	0.0012	_08700_	1
529	0.0012	_08667_	1
529	0.0012	_08651_	1
529	0.0012	_08650_	1
529	0.0012	_08649_	1
529	0.0012	_08648_	1
529	0.0012	_08107_	10
529	0.0012	_08088_	10
529	0.0012	_08087_	10
529	0.0012	_08074_	9
529	0.0012	RsDecodeDelay.RsDecodeDpRam.rRdAddr[0]	1
530	0.0012	_00392_	1
530	0.0012	_08272_	1
530	0.0012	_08271_	1
530	0.0012	_08219_	1
530	0.0012	_08155_	1
530	0.0012	_08116_	1
530	0.0012	_08112_	1
530	0.0012	_08110_	1
530	0.0012	_08108_	1
530	0.0012	_08107_	10
530	0.0012	_08088_	10
530	0.0012	_08087_	10
530	0.0012	_08074_	9
530	0.0012	RsDecodeDelay.RsDecodeDpRam.rRdAddr[0]	1
531	0.0017	_02322_	1
531	0.0017	_23479_	1
531	0.0017	_23478_	1
531	0.0017	_23452_	3
531	0.0017	_23449_	1
531	0.0017	_23448_	1
531	0.0017	_23446_	1
531	0.0017	_20616_	10
531	0.0017	_20561_	10
531	0.0017	_20560_	3
531	0.0017	_20283_	10
531	0.0017	_16002_	6
531	0.0017	_15999_	4
531	0.0017	_00137_	1
531	0.0017	RsDecodeSyndrome.count[1]	5
532	0.0018	_02287_	1
532	0.0018	_22790_	1
532	0.0018	_22789_	1
532	0.0018	_22719_	2
532	0.0018	_22714_	1
532	0.0018	_22711_	5
532	0.0018	_22704_	2
532	0.0018	_20360_	6
532	0.0018	_20359_	1
532	0.0018	_20283_	10
532	0.0018	_16002_	6
532	0.0018	_15999_	4
532	0.0018	_00137_	1
532	0.0018	RsDecodeSyndrome.count[1]	5
533	0.0021	_02316_	1
533	0.0021	_23348_	1
533	0.0021	_23347_	1
533	0.0021	_23346_	1
533	0.0021	_23338_	1
533	0.0021	_23337_	1
533	0.0021	_23335_	1
533	0.0021	_20698_	10
533	0.0021	_20393_	10
533	0.0021	_20360_	6
533	0.0021	_20359_	1
533	0.0021	_20283_	10
533	0.0021	_16002_	6
533	0.0021	_15999_	4
533	0.0021	_00137_	1
533	0.0021	RsDecodeSyndrome.count[1]	5
534	0.0026	_02147_	1
534	0.0026	_20532_	1
534	0.0026	_20487_	2
534	0.0026	_20437_	3
534	0.0026	_20426_	1
534	0.0026	_20425_	1
534	0.0026	_20424_	1
534	0.0026	_20423_	10
534	0.0026	_20300_	10
534	0.0026	_20299_	10
534	0.0026	_20298_	1
534	0.0026	_20283_	10
534	0.0026	_16002_	6
534	0.0026	_15999_	4
534	0.0026	_00137_	1
534	0.0026	RsDecodeSyndrome.count[1]	5
535	0.0026	_02145_	1
535	0.0026	_20499_	1
535	0.0026	_20487_	2
535	0.0026	_20437_	3
535	0.0026	_20426_	1
535	0.0026	_20425_	1
535	0.0026	_20424_	1
535	0.0026	_20423_	10
535	0.0026	_20300_	10
535	0.0026	_20299_	10
535	0.0026	_20298_	1
535	0.0026	_20283_	10
535	0.0026	_16002_	6
535	0.0026	_15999_	4
535	0.0026	_00137_	1
535	0.0026	RsDecodeSyndrome.count[1]	5
536	0.0032	_02336_	1
536	0.0032	_23632_	1
536	0.0032	_23631_	1
536	0.0032	_23630_	1
536	0.0032	_23629_	1
536	0.0032	_20528_	10
536	0.0032	_20494_	10
536	0.0032	_20351_	10
536	0.0032	_20350_	10
536	0.0032	_20349_	4
536	0.0032	_20348_	1
536	0.0032	_16003_	10
536	0.0032	_16002_	6
536	0.0032	_15999_	4
536	0.0032	_00137_	1
536	0.0032	RsDecodeSyndrome.count[1]	5
537	0.0033	_02195_	1
537	0.0033	_21429_	1
537	0.0033	_21427_	1
537	0.0033	_21426_	1
537	0.0033	_21425_	1
537	0.0033	_21424_	1
537	0.0033	_21423_	1
537	0.0033	_20910_	10
537	0.0033	_20361_	10
537	0.0033	_20360_	6
537	0.0033	_20359_	1
537	0.0033	_20283_	10
537	0.0033	_16002_	6
537	0.0033	_15999_	4
537	0.0033	_00137_	1
537	0.0033	RsDecodeSyndrome.count[1]	5
538	0.0033	_00406_	1
538	0.0033	_11537_	10
538	0.0033	_07702_	10
538	0.0033	_07701_	10
538	0.0033	_07700_	10
538	0.0033	_07699_	10
538	0.0033	_07698_	7
539	0.0033	_00405_	1
539	0.0033	_11537_	10
539	0.0033	_07702_	10
539	0.0033	_07701_	10
539	0.0033	_07700_	10
539	0.0033	_07699_	10
539	0.0033	_07698_	7
540	0.0033	_00404_	1
540	0.0033	_11537_	10
540	0.0033	_07702_	10
540	0.0033	_07701_	10
540	0.0033	_07700_	10
540	0.0033	_07699_	10
540	0.0033	_07698_	7
541	0.0033	_00403_	1
541	0.0033	_11537_	10
541	0.0033	_07702_	10
541	0.0033	_07701_	10
541	0.0033	_07700_	10
541	0.0033	_07699_	10
541	0.0033	_07698_	7
542	0.0033	_00402_	1
542	0.0033	_11537_	10
542	0.0033	_07702_	10
542	0.0033	_07701_	10
542	0.0033	_07700_	10
542	0.0033	_07699_	10
542	0.0033	_07698_	7
543	0.0033	_00419_	1
543	0.0033	_11537_	10
543	0.0033	_07702_	10
543	0.0033	_07701_	10
543	0.0033	_07700_	10
543	0.0033	_07699_	10
543	0.0033	_07698_	7
544	0.0033	_00418_	1
544	0.0033	_11537_	10
544	0.0033	_07702_	10
544	0.0033	_07701_	10
544	0.0033	_07700_	10
544	0.0033	_07699_	10
544	0.0033	_07698_	7
545	0.0033	_00417_	1
545	0.0033	_11537_	10
545	0.0033	_07702_	10
545	0.0033	_07701_	10
545	0.0033	_07700_	10
545	0.0033	_07699_	10
545	0.0033	_07698_	7
546	0.0033	_00416_	1
546	0.0033	_11537_	10
546	0.0033	_07702_	10
546	0.0033	_07701_	10
546	0.0033	_07700_	10
546	0.0033	_07699_	10
546	0.0033	_07698_	7
547	0.0033	_00414_	1
547	0.0033	_11537_	10
547	0.0033	_07702_	10
547	0.0033	_07701_	10
547	0.0033	_07700_	10
547	0.0033	_07699_	10
547	0.0033	_07698_	7
548	0.0035	_02539_	1
548	0.0035	_25612_	1
548	0.0035	_25447_	10
548	0.0035	_24894_	10
548	0.0035	_24705_	10
548	0.0035	_24704_	1
548	0.0035	_24703_	9
548	0.0035	_24297_	3
548	0.0035	_24152_	2
548	0.0035	_07698_	7
549	0.0035	_02538_	1
549	0.0035	_25611_	1
549	0.0035	_25447_	10
549	0.0035	_24894_	10
549	0.0035	_24705_	10
549	0.0035	_24704_	1
549	0.0035	_24703_	9
549	0.0035	_24297_	3
549	0.0035	_24152_	2
549	0.0035	_07698_	7
550	0.0035	_02537_	1
550	0.0035	_25610_	1
550	0.0035	_25447_	10
550	0.0035	_24894_	10
550	0.0035	_24705_	10
550	0.0035	_24704_	1
550	0.0035	_24703_	9
550	0.0035	_24297_	3
550	0.0035	_24152_	2
550	0.0035	_07698_	7
551	0.0035	_02536_	1
551	0.0035	_25609_	1
551	0.0035	_25447_	10
551	0.0035	_24894_	10
551	0.0035	_24705_	10
551	0.0035	_24704_	1
551	0.0035	_24703_	9
551	0.0035	_24297_	3
551	0.0035	_24152_	2
551	0.0035	_07698_	7
552	0.0035	_02535_	1
552	0.0035	_25608_	1
552	0.0035	_25447_	10
552	0.0035	_24894_	10
552	0.0035	_24705_	10
552	0.0035	_24704_	1
552	0.0035	_24703_	9
552	0.0035	_24297_	3
552	0.0035	_24152_	2
552	0.0035	_07698_	7
553	0.0035	_02534_	1
553	0.0035	_25606_	1
553	0.0035	_25447_	10
553	0.0035	_24894_	10
553	0.0035	_24705_	10
553	0.0035	_24704_	1
553	0.0035	_24703_	9
553	0.0035	_24297_	3
553	0.0035	_24152_	2
553	0.0035	_07698_	7
554	0.0035	_02533_	1
554	0.0035	_25605_	1
554	0.0035	_25447_	10
554	0.0035	_24894_	10
554	0.0035	_24705_	10
554	0.0035	_24704_	1
554	0.0035	_24703_	9
554	0.0035	_24297_	3
554	0.0035	_24152_	2
554	0.0035	_07698_	7
555	0.0035	_02525_	1
555	0.0035	_25450_	1
555	0.0035	_25447_	10
555	0.0035	_24894_	10
555	0.0035	_24705_	10
555	0.0035	_24704_	1
555	0.0035	_24703_	9
555	0.0035	_24297_	3
555	0.0035	_24152_	2
555	0.0035	_07698_	7
556	0.0035	_02524_	1
556	0.0035	_25449_	1
556	0.0035	_25447_	10
556	0.0035	_24894_	10
556	0.0035	_24705_	10
556	0.0035	_24704_	1
556	0.0035	_24703_	9
556	0.0035	_24297_	3
556	0.0035	_24152_	2
556	0.0035	_07698_	7
557	0.0035	_02523_	1
557	0.0035	_25448_	1
557	0.0035	_25447_	10
557	0.0035	_24894_	10
557	0.0035	_24705_	10
557	0.0035	_24704_	1
557	0.0035	_24703_	9
557	0.0035	_24297_	3
557	0.0035	_24152_	2
557	0.0035	_07698_	7
558	0.0035	_02522_	1
558	0.0035	_25446_	1
558	0.0035	_25435_	10
558	0.0035	_24894_	10
558	0.0035	_24705_	10
558	0.0035	_24704_	1
558	0.0035	_24703_	9
558	0.0035	_24297_	3
558	0.0035	_24152_	2
558	0.0035	_07698_	7
559	0.0035	_02521_	1
559	0.0035	_25445_	1
559	0.0035	_25435_	10
559	0.0035	_24894_	10
559	0.0035	_24705_	10
559	0.0035	_24704_	1
559	0.0035	_24703_	9
559	0.0035	_24297_	3
559	0.0035	_24152_	2
559	0.0035	_07698_	7
560	0.0035	_02520_	1
560	0.0035	_25444_	1
560	0.0035	_25435_	10
560	0.0035	_24894_	10
560	0.0035	_24705_	10
560	0.0035	_24704_	1
560	0.0035	_24703_	9
560	0.0035	_24297_	3
560	0.0035	_24152_	2
560	0.0035	_07698_	7
561	0.0035	_02519_	1
561	0.0035	_25443_	1
561	0.0035	_25435_	10
561	0.0035	_24894_	10
561	0.0035	_24705_	10
561	0.0035	_24704_	1
561	0.0035	_24703_	9
561	0.0035	_24297_	3
561	0.0035	_24152_	2
561	0.0035	_07698_	7
562	0.0035	_02518_	1
562	0.0035	_25442_	1
562	0.0035	_25435_	10
562	0.0035	_24894_	10
562	0.0035	_24705_	10
562	0.0035	_24704_	1
562	0.0035	_24703_	9
562	0.0035	_24297_	3
562	0.0035	_24152_	2
562	0.0035	_07698_	7
563	0.0035	_02517_	1
563	0.0035	_25440_	1
563	0.0035	_25435_	10
563	0.0035	_24894_	10
563	0.0035	_24705_	10
563	0.0035	_24704_	1
563	0.0035	_24703_	9
563	0.0035	_24297_	3
563	0.0035	_24152_	2
563	0.0035	_07698_	7
564	0.0035	_02516_	1
564	0.0035	_25439_	1
564	0.0035	_25435_	10
564	0.0035	_24894_	10
564	0.0035	_24705_	10
564	0.0035	_24704_	1
564	0.0035	_24703_	9
564	0.0035	_24297_	3
564	0.0035	_24152_	2
564	0.0035	_07698_	7
565	0.0035	_02515_	1
565	0.0035	_25438_	1
565	0.0035	_25435_	10
565	0.0035	_24894_	10
565	0.0035	_24705_	10
565	0.0035	_24704_	1
565	0.0035	_24703_	9
565	0.0035	_24297_	3
565	0.0035	_24152_	2
565	0.0035	_07698_	7
566	0.0035	_02514_	1
566	0.0035	_25437_	1
566	0.0035	_25435_	10
566	0.0035	_24894_	10
566	0.0035	_24705_	10
566	0.0035	_24704_	1
566	0.0035	_24703_	9
566	0.0035	_24297_	3
566	0.0035	_24152_	2
566	0.0035	_07698_	7
567	0.0035	_02513_	1
567	0.0035	_25436_	1
567	0.0035	_25435_	10
567	0.0035	_24894_	10
567	0.0035	_24705_	10
567	0.0035	_24704_	1
567	0.0035	_24703_	9
567	0.0035	_24297_	3
567	0.0035	_24152_	2
567	0.0035	_07698_	7
568	0.0035	_02512_	1
568	0.0035	_25434_	1
568	0.0035	_25257_	10
568	0.0035	_24894_	10
568	0.0035	_24705_	10
568	0.0035	_24704_	1
568	0.0035	_24703_	9
568	0.0035	_24297_	3
568	0.0035	_24152_	2
568	0.0035	_07698_	7
569	0.0035	_02511_	1
569	0.0035	_25433_	1
569	0.0035	_25257_	10
569	0.0035	_24894_	10
569	0.0035	_24705_	10
569	0.0035	_24704_	1
569	0.0035	_24703_	9
569	0.0035	_24297_	3
569	0.0035	_24152_	2
569	0.0035	_07698_	7
570	0.0035	_02510_	1
570	0.0035	_25432_	1
570	0.0035	_25257_	10
570	0.0035	_24894_	10
570	0.0035	_24705_	10
570	0.0035	_24704_	1
570	0.0035	_24703_	9
570	0.0035	_24297_	3
570	0.0035	_24152_	2
570	0.0035	_07698_	7
571	0.0035	_02509_	1
571	0.0035	_25431_	1
571	0.0035	_25257_	10
571	0.0035	_24894_	10
571	0.0035	_24705_	10
571	0.0035	_24704_	1
571	0.0035	_24703_	9
571	0.0035	_24297_	3
571	0.0035	_24152_	2
571	0.0035	_07698_	7
572	0.0035	_02508_	1
572	0.0035	_25430_	1
572	0.0035	_25257_	10
572	0.0035	_24894_	10
572	0.0035	_24705_	10
572	0.0035	_24704_	1
572	0.0035	_24703_	9
572	0.0035	_24297_	3
572	0.0035	_24152_	2
572	0.0035	_07698_	7
573	0.0035	_02507_	1
573	0.0035	_25427_	1
573	0.0035	_25257_	10
573	0.0035	_24894_	10
573	0.0035	_24705_	10
573	0.0035	_24704_	1
573	0.0035	_24703_	9
573	0.0035	_24297_	3
573	0.0035	_24152_	2
573	0.0035	_07698_	7
574	0.0035	_02506_	1
574	0.0035	_25426_	1
574	0.0035	_25257_	10
574	0.0035	_24894_	10
574	0.0035	_24705_	10
574	0.0035	_24704_	1
574	0.0035	_24703_	9
574	0.0035	_24297_	3
574	0.0035	_24152_	2
574	0.0035	_07698_	7
575	0.0035	_02505_	1
575	0.0035	_25425_	1
575	0.0035	_25257_	10
575	0.0035	_24894_	10
575	0.0035	_24705_	10
575	0.0035	_24704_	1
575	0.0035	_24703_	9
575	0.0035	_24297_	3
575	0.0035	_24152_	2
575	0.0035	_07698_	7
576	0.0035	_02497_	1
576	0.0035	_25259_	1
576	0.0035	_25257_	10
576	0.0035	_24894_	10
576	0.0035	_24705_	10
576	0.0035	_24704_	1
576	0.0035	_24703_	9
576	0.0035	_24297_	3
576	0.0035	_24152_	2
576	0.0035	_07698_	7
577	0.0035	_02496_	1
577	0.0035	_25258_	1
577	0.0035	_25257_	10
577	0.0035	_24894_	10
577	0.0035	_24705_	10
577	0.0035	_24704_	1
577	0.0035	_24703_	9
577	0.0035	_24297_	3
577	0.0035	_24152_	2
577	0.0035	_07698_	7
578	0.0035	_02495_	1
578	0.0035	_25256_	1
578	0.0035	_25245_	10
578	0.0035	_24894_	10
578	0.0035	_24705_	10
578	0.0035	_24704_	1
578	0.0035	_24703_	9
578	0.0035	_24297_	3
578	0.0035	_24152_	2
578	0.0035	_07698_	7
579	0.0035	_02494_	1
579	0.0035	_25255_	1
579	0.0035	_25245_	10
579	0.0035	_24894_	10
579	0.0035	_24705_	10
579	0.0035	_24704_	1
579	0.0035	_24703_	9
579	0.0035	_24297_	3
579	0.0035	_24152_	2
579	0.0035	_07698_	7
580	0.0035	_02493_	1
580	0.0035	_25254_	1
580	0.0035	_25245_	10
580	0.0035	_24894_	10
580	0.0035	_24705_	10
580	0.0035	_24704_	1
580	0.0035	_24703_	9
580	0.0035	_24297_	3
580	0.0035	_24152_	2
580	0.0035	_07698_	7
581	0.0035	_02492_	1
581	0.0035	_25253_	1
581	0.0035	_25245_	10
581	0.0035	_24894_	10
581	0.0035	_24705_	10
581	0.0035	_24704_	1
581	0.0035	_24703_	9
581	0.0035	_24297_	3
581	0.0035	_24152_	2
581	0.0035	_07698_	7
582	0.0035	_02491_	1
582	0.0035	_25252_	1
582	0.0035	_25245_	10
582	0.0035	_24894_	10
582	0.0035	_24705_	10
582	0.0035	_24704_	1
582	0.0035	_24703_	9
582	0.0035	_24297_	3
582	0.0035	_24152_	2
582	0.0035	_07698_	7
583	0.0035	_02490_	1
583	0.0035	_25250_	1
583	0.0035	_25245_	10
583	0.0035	_24894_	10
583	0.0035	_24705_	10
583	0.0035	_24704_	1
583	0.0035	_24703_	9
583	0.0035	_24297_	3
583	0.0035	_24152_	2
583	0.0035	_07698_	7
584	0.0035	_02489_	1
584	0.0035	_25249_	1
584	0.0035	_25245_	10
584	0.0035	_24894_	10
584	0.0035	_24705_	10
584	0.0035	_24704_	1
584	0.0035	_24703_	9
584	0.0035	_24297_	3
584	0.0035	_24152_	2
584	0.0035	_07698_	7
585	0.0035	_02488_	1
585	0.0035	_25248_	1
585	0.0035	_25245_	10
585	0.0035	_24894_	10
585	0.0035	_24705_	10
585	0.0035	_24704_	1
585	0.0035	_24703_	9
585	0.0035	_24297_	3
585	0.0035	_24152_	2
585	0.0035	_07698_	7
586	0.0035	_02487_	1
586	0.0035	_25247_	1
586	0.0035	_25245_	10
586	0.0035	_24894_	10
586	0.0035	_24705_	10
586	0.0035	_24704_	1
586	0.0035	_24703_	9
586	0.0035	_24297_	3
586	0.0035	_24152_	2
586	0.0035	_07698_	7
587	0.0035	_02486_	1
587	0.0035	_25246_	1
587	0.0035	_25245_	10
587	0.0035	_24894_	10
587	0.0035	_24705_	10
587	0.0035	_24704_	1
587	0.0035	_24703_	9
587	0.0035	_24297_	3
587	0.0035	_24152_	2
587	0.0035	_07698_	7
588	0.0035	_02485_	1
588	0.0035	_25244_	1
588	0.0035	_24919_	10
588	0.0035	_24894_	10
588	0.0035	_24705_	10
588	0.0035	_24704_	1
588	0.0035	_24703_	9
588	0.0035	_24297_	3
588	0.0035	_24152_	2
588	0.0035	_07698_	7
589	0.0035	_02484_	1
589	0.0035	_25243_	1
589	0.0035	_24919_	10
589	0.0035	_24894_	10
589	0.0035	_24705_	10
589	0.0035	_24704_	1
589	0.0035	_24703_	9
589	0.0035	_24297_	3
589	0.0035	_24152_	2
589	0.0035	_07698_	7
590	0.0035	_02476_	1
590	0.0035	_25086_	1
590	0.0035	_24919_	10
590	0.0035	_24894_	10
590	0.0035	_24705_	10
590	0.0035	_24704_	1
590	0.0035	_24703_	9
590	0.0035	_24297_	3
590	0.0035	_24152_	2
590	0.0035	_07698_	7
591	0.0035	_02475_	1
591	0.0035	_25085_	1
591	0.0035	_24919_	10
591	0.0035	_24894_	10
591	0.0035	_24705_	10
591	0.0035	_24704_	1
591	0.0035	_24703_	9
591	0.0035	_24297_	3
591	0.0035	_24152_	2
591	0.0035	_07698_	7
592	0.0035	_02474_	1
592	0.0035	_25084_	1
592	0.0035	_24919_	10
592	0.0035	_24894_	10
592	0.0035	_24705_	10
592	0.0035	_24704_	1
592	0.0035	_24703_	9
592	0.0035	_24297_	3
592	0.0035	_24152_	2
592	0.0035	_07698_	7
593	0.0035	_02473_	1
593	0.0035	_25082_	1
593	0.0035	_24919_	10
593	0.0035	_24894_	10
593	0.0035	_24705_	10
593	0.0035	_24704_	1
593	0.0035	_24703_	9
593	0.0035	_24297_	3
593	0.0035	_24152_	2
593	0.0035	_07698_	7
594	0.0035	_02472_	1
594	0.0035	_25081_	1
594	0.0035	_24919_	10
594	0.0035	_24894_	10
594	0.0035	_24705_	10
594	0.0035	_24704_	1
594	0.0035	_24703_	9
594	0.0035	_24297_	3
594	0.0035	_24152_	2
594	0.0035	_07698_	7
595	0.0035	_02471_	1
595	0.0035	_25080_	1
595	0.0035	_24919_	10
595	0.0035	_24894_	10
595	0.0035	_24705_	10
595	0.0035	_24704_	1
595	0.0035	_24703_	9
595	0.0035	_24297_	3
595	0.0035	_24152_	2
595	0.0035	_07698_	7
596	0.0035	_02470_	1
596	0.0035	_25079_	1
596	0.0035	_24919_	10
596	0.0035	_24894_	10
596	0.0035	_24705_	10
596	0.0035	_24704_	1
596	0.0035	_24703_	9
596	0.0035	_24297_	3
596	0.0035	_24152_	2
596	0.0035	_07698_	7
597	0.0035	_02462_	1
597	0.0035	_24920_	1
597	0.0035	_24919_	10
597	0.0035	_24894_	10
597	0.0035	_24705_	10
597	0.0035	_24704_	1
597	0.0035	_24703_	9
597	0.0035	_24297_	3
597	0.0035	_24152_	2
597	0.0035	_07698_	7
598	0.0035	_02461_	1
598	0.0035	_24918_	1
598	0.0035	_24907_	10
598	0.0035	_24894_	10
598	0.0035	_24705_	10
598	0.0035	_24704_	1
598	0.0035	_24703_	9
598	0.0035	_24297_	3
598	0.0035	_24152_	2
598	0.0035	_07698_	7
599	0.0035	_02460_	1
599	0.0035	_24917_	1
599	0.0035	_24907_	10
599	0.0035	_24894_	10
599	0.0035	_24705_	10
599	0.0035	_24704_	1
599	0.0035	_24703_	9
599	0.0035	_24297_	3
599	0.0035	_24152_	2
599	0.0035	_07698_	7
600	0.0035	_02459_	1
600	0.0035	_24916_	1
600	0.0035	_24907_	10
600	0.0035	_24894_	10
600	0.0035	_24705_	10
600	0.0035	_24704_	1
600	0.0035	_24703_	9
600	0.0035	_24297_	3
600	0.0035	_24152_	2
600	0.0035	_07698_	7
601	0.0035	_02458_	1
601	0.0035	_24915_	1
601	0.0035	_24907_	10
601	0.0035	_24894_	10
601	0.0035	_24705_	10
601	0.0035	_24704_	1
601	0.0035	_24703_	9
601	0.0035	_24297_	3
601	0.0035	_24152_	2
601	0.0035	_07698_	7
602	0.0035	_02457_	1
602	0.0035	_24914_	1
602	0.0035	_24907_	10
602	0.0035	_24894_	10
602	0.0035	_24705_	10
602	0.0035	_24704_	1
602	0.0035	_24703_	9
602	0.0035	_24297_	3
602	0.0035	_24152_	2
602	0.0035	_07698_	7
603	0.0035	_02456_	1
603	0.0035	_24912_	1
603	0.0035	_24907_	10
603	0.0035	_24894_	10
603	0.0035	_24705_	10
603	0.0035	_24704_	1
603	0.0035	_24703_	9
603	0.0035	_24297_	3
603	0.0035	_24152_	2
603	0.0035	_07698_	7
604	0.0035	_02455_	1
604	0.0035	_24911_	1
604	0.0035	_24907_	10
604	0.0035	_24894_	10
604	0.0035	_24705_	10
604	0.0035	_24704_	1
604	0.0035	_24703_	9
604	0.0035	_24297_	3
604	0.0035	_24152_	2
604	0.0035	_07698_	7
605	0.0035	_02454_	1
605	0.0035	_24910_	1
605	0.0035	_24907_	10
605	0.0035	_24894_	10
605	0.0035	_24705_	10
605	0.0035	_24704_	1
605	0.0035	_24703_	9
605	0.0035	_24297_	3
605	0.0035	_24152_	2
605	0.0035	_07698_	7
606	0.0035	_02453_	1
606	0.0035	_24909_	1
606	0.0035	_24907_	10
606	0.0035	_24894_	10
606	0.0035	_24705_	10
606	0.0035	_24704_	1
606	0.0035	_24703_	9
606	0.0035	_24297_	3
606	0.0035	_24152_	2
606	0.0035	_07698_	7
607	0.0035	_02452_	1
607	0.0035	_24908_	1
607	0.0035	_24907_	10
607	0.0035	_24894_	10
607	0.0035	_24705_	10
607	0.0035	_24704_	1
607	0.0035	_24703_	9
607	0.0035	_24297_	3
607	0.0035	_24152_	2
607	0.0035	_07698_	7
608	0.0035	_02451_	1
608	0.0035	_24906_	1
608	0.0035	_24895_	10
608	0.0035	_24894_	10
608	0.0035	_24705_	10
608	0.0035	_24704_	1
608	0.0035	_24703_	9
608	0.0035	_24297_	3
608	0.0035	_24152_	2
608	0.0035	_07698_	7
609	0.0035	_02450_	1
609	0.0035	_24905_	1
609	0.0035	_24895_	10
609	0.0035	_24894_	10
609	0.0035	_24705_	10
609	0.0035	_24704_	1
609	0.0035	_24703_	9
609	0.0035	_24297_	3
609	0.0035	_24152_	2
609	0.0035	_07698_	7
610	0.0035	_02449_	1
610	0.0035	_24904_	1
610	0.0035	_24895_	10
610	0.0035	_24894_	10
610	0.0035	_24705_	10
610	0.0035	_24704_	1
610	0.0035	_24703_	9
610	0.0035	_24297_	3
610	0.0035	_24152_	2
610	0.0035	_07698_	7
611	0.0035	_02448_	1
611	0.0035	_24903_	1
611	0.0035	_24895_	10
611	0.0035	_24894_	10
611	0.0035	_24705_	10
611	0.0035	_24704_	1
611	0.0035	_24703_	9
611	0.0035	_24297_	3
611	0.0035	_24152_	2
611	0.0035	_07698_	7
612	0.0035	_02447_	1
612	0.0035	_24902_	1
612	0.0035	_24895_	10
612	0.0035	_24894_	10
612	0.0035	_24705_	10
612	0.0035	_24704_	1
612	0.0035	_24703_	9
612	0.0035	_24297_	3
612	0.0035	_24152_	2
612	0.0035	_07698_	7
613	0.0035	_02446_	1
613	0.0035	_24900_	1
613	0.0035	_24895_	10
613	0.0035	_24894_	10
613	0.0035	_24705_	10
613	0.0035	_24704_	1
613	0.0035	_24703_	9
613	0.0035	_24297_	3
613	0.0035	_24152_	2
613	0.0035	_07698_	7
614	0.0035	_02445_	1
614	0.0035	_24899_	1
614	0.0035	_24895_	10
614	0.0035	_24894_	10
614	0.0035	_24705_	10
614	0.0035	_24704_	1
614	0.0035	_24703_	9
614	0.0035	_24297_	3
614	0.0035	_24152_	2
614	0.0035	_07698_	7
615	0.0035	_02444_	1
615	0.0035	_24898_	1
615	0.0035	_24895_	10
615	0.0035	_24894_	10
615	0.0035	_24705_	10
615	0.0035	_24704_	1
615	0.0035	_24703_	9
615	0.0035	_24297_	3
615	0.0035	_24152_	2
615	0.0035	_07698_	7
616	0.0035	_02443_	1
616	0.0035	_24897_	1
616	0.0035	_24895_	10
616	0.0035	_24894_	10
616	0.0035	_24705_	10
616	0.0035	_24704_	1
616	0.0035	_24703_	9
616	0.0035	_24297_	3
616	0.0035	_24152_	2
616	0.0035	_07698_	7
617	0.0035	_02442_	1
617	0.0035	_24896_	1
617	0.0035	_24895_	10
617	0.0035	_24894_	10
617	0.0035	_24705_	10
617	0.0035	_24704_	1
617	0.0035	_24703_	9
617	0.0035	_24297_	3
617	0.0035	_24152_	2
617	0.0035	_07698_	7
618	0.0035	_02434_	1
618	0.0035	_24724_	1
618	0.0035	_24712_	10
618	0.0035	_24711_	10
618	0.0035	_24705_	10
618	0.0035	_24704_	1
618	0.0035	_24703_	9
618	0.0035	_24297_	3
618	0.0035	_24152_	2
618	0.0035	_07698_	7
619	0.0035	_02433_	1
619	0.0035	_24723_	1
619	0.0035	_24712_	10
619	0.0035	_24711_	10
619	0.0035	_24705_	10
619	0.0035	_24704_	1
619	0.0035	_24703_	9
619	0.0035	_24297_	3
619	0.0035	_24152_	2
619	0.0035	_07698_	7
620	0.0035	_02432_	1
620	0.0035	_24722_	1
620	0.0035	_24712_	10
620	0.0035	_24711_	10
620	0.0035	_24705_	10
620	0.0035	_24704_	1
620	0.0035	_24703_	9
620	0.0035	_24297_	3
620	0.0035	_24152_	2
620	0.0035	_07698_	7
621	0.0035	_02431_	1
621	0.0035	_24721_	1
621	0.0035	_24712_	10
621	0.0035	_24711_	10
621	0.0035	_24705_	10
621	0.0035	_24704_	1
621	0.0035	_24703_	9
621	0.0035	_24297_	3
621	0.0035	_24152_	2
621	0.0035	_07698_	7
622	0.0035	_02430_	1
622	0.0035	_24720_	1
622	0.0035	_24712_	10
622	0.0035	_24711_	10
622	0.0035	_24705_	10
622	0.0035	_24704_	1
622	0.0035	_24703_	9
622	0.0035	_24297_	3
622	0.0035	_24152_	2
622	0.0035	_07698_	7
623	0.0035	_02429_	1
623	0.0035	_24717_	1
623	0.0035	_24712_	10
623	0.0035	_24711_	10
623	0.0035	_24705_	10
623	0.0035	_24704_	1
623	0.0035	_24703_	9
623	0.0035	_24297_	3
623	0.0035	_24152_	2
623	0.0035	_07698_	7
624	0.0035	_02428_	1
624	0.0035	_24716_	1
624	0.0035	_24712_	10
624	0.0035	_24711_	10
624	0.0035	_24705_	10
624	0.0035	_24704_	1
624	0.0035	_24703_	9
624	0.0035	_24297_	3
624	0.0035	_24152_	2
624	0.0035	_07698_	7
625	0.0035	_02427_	1
625	0.0035	_24715_	1
625	0.0035	_24712_	10
625	0.0035	_24711_	10
625	0.0035	_24705_	10
625	0.0035	_24704_	1
625	0.0035	_24703_	9
625	0.0035	_24297_	3
625	0.0035	_24152_	2
625	0.0035	_07698_	7
626	0.0035	_02426_	1
626	0.0035	_24714_	1
626	0.0035	_24712_	10
626	0.0035	_24711_	10
626	0.0035	_24705_	10
626	0.0035	_24704_	1
626	0.0035	_24703_	9
626	0.0035	_24297_	3
626	0.0035	_24152_	2
626	0.0035	_07698_	7
627	0.0035	_02425_	1
627	0.0035	_24713_	1
627	0.0035	_24712_	10
627	0.0035	_24711_	10
627	0.0035	_24705_	10
627	0.0035	_24704_	1
627	0.0035	_24703_	9
627	0.0035	_24297_	3
627	0.0035	_24152_	2
627	0.0035	_07698_	7
628	0.0035	_02583_	1
628	0.0035	_25950_	1
628	0.0035	_25788_	10
628	0.0035	_24894_	10
628	0.0035	_24705_	10
628	0.0035	_24704_	1
628	0.0035	_24703_	9
628	0.0035	_24297_	3
628	0.0035	_24152_	2
628	0.0035	_07698_	7
629	0.0035	_02582_	1
629	0.0035	_25949_	1
629	0.0035	_25788_	10
629	0.0035	_24894_	10
629	0.0035	_24705_	10
629	0.0035	_24704_	1
629	0.0035	_24703_	9
629	0.0035	_24297_	3
629	0.0035	_24152_	2
629	0.0035	_07698_	7
630	0.0035	_02581_	1
630	0.0035	_25948_	1
630	0.0035	_25788_	10
630	0.0035	_24894_	10
630	0.0035	_24705_	10
630	0.0035	_24704_	1
630	0.0035	_24703_	9
630	0.0035	_24297_	3
630	0.0035	_24152_	2
630	0.0035	_07698_	7
631	0.0035	_02580_	1
631	0.0035	_25947_	1
631	0.0035	_25788_	10
631	0.0035	_24894_	10
631	0.0035	_24705_	10
631	0.0035	_24704_	1
631	0.0035	_24703_	9
631	0.0035	_24297_	3
631	0.0035	_24152_	2
631	0.0035	_07698_	7
632	0.0035	_02579_	1
632	0.0035	_25946_	1
632	0.0035	_25788_	10
632	0.0035	_24894_	10
632	0.0035	_24705_	10
632	0.0035	_24704_	1
632	0.0035	_24703_	9
632	0.0035	_24297_	3
632	0.0035	_24152_	2
632	0.0035	_07698_	7
633	0.0035	_02578_	1
633	0.0035	_25944_	1
633	0.0035	_25788_	10
633	0.0035	_24894_	10
633	0.0035	_24705_	10
633	0.0035	_24704_	1
633	0.0035	_24703_	9
633	0.0035	_24297_	3
633	0.0035	_24152_	2
633	0.0035	_07698_	7
634	0.0035	_02577_	1
634	0.0035	_25943_	1
634	0.0035	_25788_	10
634	0.0035	_24894_	10
634	0.0035	_24705_	10
634	0.0035	_24704_	1
634	0.0035	_24703_	9
634	0.0035	_24297_	3
634	0.0035	_24152_	2
634	0.0035	_07698_	7
635	0.0035	_02576_	1
635	0.0035	_25942_	1
635	0.0035	_25788_	10
635	0.0035	_24894_	10
635	0.0035	_24705_	10
635	0.0035	_24704_	1
635	0.0035	_24703_	9
635	0.0035	_24297_	3
635	0.0035	_24152_	2
635	0.0035	_07698_	7
636	0.0035	_02575_	1
636	0.0035	_25941_	1
636	0.0035	_25788_	10
636	0.0035	_24894_	10
636	0.0035	_24705_	10
636	0.0035	_24704_	1
636	0.0035	_24703_	9
636	0.0035	_24297_	3
636	0.0035	_24152_	2
636	0.0035	_07698_	7
637	0.0035	_02567_	1
637	0.0035	_25789_	1
637	0.0035	_25788_	10
637	0.0035	_24894_	10
637	0.0035	_24705_	10
637	0.0035	_24704_	1
637	0.0035	_24703_	9
637	0.0035	_24297_	3
637	0.0035	_24152_	2
637	0.0035	_07698_	7
638	0.0035	_02566_	1
638	0.0035	_25787_	1
638	0.0035	_25625_	10
638	0.0035	_24894_	10
638	0.0035	_24705_	10
638	0.0035	_24704_	1
638	0.0035	_24703_	9
638	0.0035	_24297_	3
638	0.0035	_24152_	2
638	0.0035	_07698_	7
639	0.0035	_02565_	1
639	0.0035	_25786_	1
639	0.0035	_25625_	10
639	0.0035	_24894_	10
639	0.0035	_24705_	10
639	0.0035	_24704_	1
639	0.0035	_24703_	9
639	0.0035	_24297_	3
639	0.0035	_24152_	2
639	0.0035	_07698_	7
640	0.0035	_02564_	1
640	0.0035	_25785_	1
640	0.0035	_25625_	10
640	0.0035	_24894_	10
640	0.0035	_24705_	10
640	0.0035	_24704_	1
640	0.0035	_24703_	9
640	0.0035	_24297_	3
640	0.0035	_24152_	2
640	0.0035	_07698_	7
641	0.0035	_02563_	1
641	0.0035	_25784_	1
641	0.0035	_25625_	10
641	0.0035	_24894_	10
641	0.0035	_24705_	10
641	0.0035	_24704_	1
641	0.0035	_24703_	9
641	0.0035	_24297_	3
641	0.0035	_24152_	2
641	0.0035	_07698_	7
642	0.0035	_02562_	1
642	0.0035	_25783_	1
642	0.0035	_25625_	10
642	0.0035	_24894_	10
642	0.0035	_24705_	10
642	0.0035	_24704_	1
642	0.0035	_24703_	9
642	0.0035	_24297_	3
642	0.0035	_24152_	2
642	0.0035	_07698_	7
643	0.0035	_02561_	1
643	0.0035	_25781_	1
643	0.0035	_25625_	10
643	0.0035	_24894_	10
643	0.0035	_24705_	10
643	0.0035	_24704_	1
643	0.0035	_24703_	9
643	0.0035	_24297_	3
643	0.0035	_24152_	2
643	0.0035	_07698_	7
644	0.0035	_02553_	1
644	0.0035	_25629_	1
644	0.0035	_25625_	10
644	0.0035	_24894_	10
644	0.0035	_24705_	10
644	0.0035	_24704_	1
644	0.0035	_24703_	9
644	0.0035	_24297_	3
644	0.0035	_24152_	2
644	0.0035	_07698_	7
645	0.0035	_02552_	1
645	0.0035	_25628_	1
645	0.0035	_25625_	10
645	0.0035	_24894_	10
645	0.0035	_24705_	10
645	0.0035	_24704_	1
645	0.0035	_24703_	9
645	0.0035	_24297_	3
645	0.0035	_24152_	2
645	0.0035	_07698_	7
646	0.0035	_02551_	1
646	0.0035	_25627_	1
646	0.0035	_25625_	10
646	0.0035	_24894_	10
646	0.0035	_24705_	10
646	0.0035	_24704_	1
646	0.0035	_24703_	9
646	0.0035	_24297_	3
646	0.0035	_24152_	2
646	0.0035	_07698_	7
647	0.0035	_02550_	1
647	0.0035	_25626_	1
647	0.0035	_25625_	10
647	0.0035	_24894_	10
647	0.0035	_24705_	10
647	0.0035	_24704_	1
647	0.0035	_24703_	9
647	0.0035	_24297_	3
647	0.0035	_24152_	2
647	0.0035	_07698_	7
648	0.0035	_02549_	1
648	0.0035	_25624_	1
648	0.0035	_25613_	10
648	0.0035	_24894_	10
648	0.0035	_24705_	10
648	0.0035	_24704_	1
648	0.0035	_24703_	9
648	0.0035	_24297_	3
648	0.0035	_24152_	2
648	0.0035	_07698_	7
649	0.0035	_02548_	1
649	0.0035	_25623_	1
649	0.0035	_25613_	10
649	0.0035	_24894_	10
649	0.0035	_24705_	10
649	0.0035	_24704_	1
649	0.0035	_24703_	9
649	0.0035	_24297_	3
649	0.0035	_24152_	2
649	0.0035	_07698_	7
650	0.0035	_02547_	1
650	0.0035	_25622_	1
650	0.0035	_25613_	10
650	0.0035	_24894_	10
650	0.0035	_24705_	10
650	0.0035	_24704_	1
650	0.0035	_24703_	9
650	0.0035	_24297_	3
650	0.0035	_24152_	2
650	0.0035	_07698_	7
651	0.0035	_02546_	1
651	0.0035	_25621_	1
651	0.0035	_25613_	10
651	0.0035	_24894_	10
651	0.0035	_24705_	10
651	0.0035	_24704_	1
651	0.0035	_24703_	9
651	0.0035	_24297_	3
651	0.0035	_24152_	2
651	0.0035	_07698_	7
652	0.0035	_02545_	1
652	0.0035	_25620_	1
652	0.0035	_25613_	10
652	0.0035	_24894_	10
652	0.0035	_24705_	10
652	0.0035	_24704_	1
652	0.0035	_24703_	9
652	0.0035	_24297_	3
652	0.0035	_24152_	2
652	0.0035	_07698_	7
653	0.0035	_02544_	1
653	0.0035	_25618_	1
653	0.0035	_25613_	10
653	0.0035	_24894_	10
653	0.0035	_24705_	10
653	0.0035	_24704_	1
653	0.0035	_24703_	9
653	0.0035	_24297_	3
653	0.0035	_24152_	2
653	0.0035	_07698_	7
654	0.0035	_02543_	1
654	0.0035	_25617_	1
654	0.0035	_25613_	10
654	0.0035	_24894_	10
654	0.0035	_24705_	10
654	0.0035	_24704_	1
654	0.0035	_24703_	9
654	0.0035	_24297_	3
654	0.0035	_24152_	2
654	0.0035	_07698_	7
655	0.0035	_02542_	1
655	0.0035	_25616_	1
655	0.0035	_25613_	10
655	0.0035	_24894_	10
655	0.0035	_24705_	10
655	0.0035	_24704_	1
655	0.0035	_24703_	9
655	0.0035	_24297_	3
655	0.0035	_24152_	2
655	0.0035	_07698_	7
656	0.0035	_02541_	1
656	0.0035	_25615_	1
656	0.0035	_25613_	10
656	0.0035	_24894_	10
656	0.0035	_24705_	10
656	0.0035	_24704_	1
656	0.0035	_24703_	9
656	0.0035	_24297_	3
656	0.0035	_24152_	2
656	0.0035	_07698_	7
657	0.0035	_02540_	1
657	0.0035	_25614_	1
657	0.0035	_25613_	10
657	0.0035	_24894_	10
657	0.0035	_24705_	10
657	0.0035	_24704_	1
657	0.0035	_24703_	9
657	0.0035	_24297_	3
657	0.0035	_24152_	2
657	0.0035	_07698_	7
658	0.0036	_02221_	1
658	0.0036	_21924_	1
658	0.0036	_21923_	3
658	0.0036	_21922_	2
658	0.0036	_21890_	3
658	0.0036	_21888_	2
658	0.0036	_21886_	2
658	0.0036	_20292_	10
658	0.0036	_20291_	1
658	0.0036	_20288_	4
658	0.0036	_15999_	4
658	0.0036	_00137_	1
658	0.0036	RsDecodeSyndrome.count[1]	5
659	0.0036	_02222_	1
659	0.0036	_21939_	1
659	0.0036	_21923_	3
659	0.0036	_21922_	2
659	0.0036	_21890_	3
659	0.0036	_21888_	2
659	0.0036	_21886_	2
659	0.0036	_20292_	10
659	0.0036	_20291_	1
659	0.0036	_20288_	4
659	0.0036	_15999_	4
659	0.0036	_00137_	1
659	0.0036	RsDecodeSyndrome.count[1]	5
660	0.0046	_02167_	1
660	0.0046	_20916_	1
660	0.0046	_20915_	1
660	0.0046	_20914_	1
660	0.0046	_20913_	1
660	0.0046	_20912_	1
660	0.0046	_20911_	1
660	0.0046	_20910_	10
660	0.0046	_20361_	10
660	0.0046	_20360_	6
660	0.0046	_20359_	1
660	0.0046	_20283_	10
660	0.0046	_16002_	6
660	0.0046	_15999_	4
660	0.0046	_00137_	1
660	0.0046	RsDecodeSyndrome.count[1]	5
661	0.0046	_02223_	1
661	0.0046	_21948_	1
661	0.0046	_21947_	1
661	0.0046	_21946_	1
661	0.0046	_21945_	1
661	0.0046	_21944_	1
661	0.0046	_21943_	1
661	0.0046	_20910_	10
661	0.0046	_20361_	10
661	0.0046	_20360_	6
661	0.0046	_20359_	1
661	0.0046	_20283_	10
661	0.0046	_16002_	6
661	0.0046	_15999_	4
661	0.0046	_00137_	1
661	0.0046	RsDecodeSyndrome.count[1]	5
662	0.0048	_05214_	1
662	0.0048	_36168_	9
662	0.0048	_35763_	10
662	0.0048	_35762_	2
662	0.0048	_35739_	8
662	0.0048	_07699_	10
662	0.0048	_07698_	7
663	0.0048	_05213_	1
663	0.0048	_36168_	9
663	0.0048	_35763_	10
663	0.0048	_35762_	2
663	0.0048	_35739_	8
663	0.0048	_07699_	10
663	0.0048	_07698_	7
664	0.0048	_05212_	1
664	0.0048	_36168_	9
664	0.0048	_35763_	10
664	0.0048	_35762_	2
664	0.0048	_35739_	8
664	0.0048	_07699_	10
664	0.0048	_07698_	7
665	0.0048	_05211_	1
665	0.0048	_36168_	9
665	0.0048	_35763_	10
665	0.0048	_35762_	2
665	0.0048	_35739_	8
665	0.0048	_07699_	10
665	0.0048	_07698_	7
666	0.0048	_05210_	1
666	0.0048	_36168_	9
666	0.0048	_35763_	10
666	0.0048	_35762_	2
666	0.0048	_35739_	8
666	0.0048	_07699_	10
666	0.0048	_07698_	7
667	0.0048	_05209_	1
667	0.0048	_36168_	9
667	0.0048	_35763_	10
667	0.0048	_35762_	2
667	0.0048	_35739_	8
667	0.0048	_07699_	10
667	0.0048	_07698_	7
668	0.0048	_05208_	1
668	0.0048	_36168_	9
668	0.0048	_35763_	10
668	0.0048	_35762_	2
668	0.0048	_35739_	8
668	0.0048	_07699_	10
668	0.0048	_07698_	7
669	0.0048	_05207_	1
669	0.0048	_36168_	9
669	0.0048	_35763_	10
669	0.0048	_35762_	2
669	0.0048	_35739_	8
669	0.0048	_07699_	10
669	0.0048	_07698_	7
670	0.0048	_06755_	1
670	0.0048	_36168_	9
670	0.0048	_35763_	10
670	0.0048	_35762_	2
670	0.0048	_35739_	8
670	0.0048	_07699_	10
670	0.0048	_07698_	7
671	0.0048	_05246_	1
671	0.0048	_36179_	9
671	0.0048	_35776_	10
671	0.0048	_35775_	2
671	0.0048	_35739_	8
671	0.0048	_07699_	10
671	0.0048	_07698_	7
672	0.0048	_05245_	1
672	0.0048	_36179_	9
672	0.0048	_35776_	10
672	0.0048	_35775_	2
672	0.0048	_35739_	8
672	0.0048	_07699_	10
672	0.0048	_07698_	7
673	0.0048	_05244_	1
673	0.0048	_36179_	9
673	0.0048	_35776_	10
673	0.0048	_35775_	2
673	0.0048	_35739_	8
673	0.0048	_07699_	10
673	0.0048	_07698_	7
674	0.0048	_05243_	1
674	0.0048	_36179_	9
674	0.0048	_35776_	10
674	0.0048	_35775_	2
674	0.0048	_35739_	8
674	0.0048	_07699_	10
674	0.0048	_07698_	7
675	0.0048	_05242_	1
675	0.0048	_36179_	9
675	0.0048	_35776_	10
675	0.0048	_35775_	2
675	0.0048	_35739_	8
675	0.0048	_07699_	10
675	0.0048	_07698_	7
676	0.0048	_05241_	1
676	0.0048	_36179_	9
676	0.0048	_35776_	10
676	0.0048	_35775_	2
676	0.0048	_35739_	8
676	0.0048	_07699_	10
676	0.0048	_07698_	7
677	0.0048	_05240_	1
677	0.0048	_36179_	9
677	0.0048	_35776_	10
677	0.0048	_35775_	2
677	0.0048	_35739_	8
677	0.0048	_07699_	10
677	0.0048	_07698_	7
678	0.0048	_05239_	1
678	0.0048	_36179_	9
678	0.0048	_35776_	10
678	0.0048	_35775_	2
678	0.0048	_35739_	8
678	0.0048	_07699_	10
678	0.0048	_07698_	7
679	0.0048	_06751_	1
679	0.0048	_36179_	9
679	0.0048	_35776_	10
679	0.0048	_35775_	2
679	0.0048	_35739_	8
679	0.0048	_07699_	10
679	0.0048	_07698_	7
680	0.0048	_05342_	1
680	0.0048	_36204_	9
680	0.0048	_35763_	10
680	0.0048	_35762_	2
680	0.0048	_35739_	8
680	0.0048	_07699_	10
680	0.0048	_07698_	7
681	0.0048	_05341_	1
681	0.0048	_36204_	9
681	0.0048	_35763_	10
681	0.0048	_35762_	2
681	0.0048	_35739_	8
681	0.0048	_07699_	10
681	0.0048	_07698_	7
682	0.0048	_05340_	1
682	0.0048	_36204_	9
682	0.0048	_35763_	10
682	0.0048	_35762_	2
682	0.0048	_35739_	8
682	0.0048	_07699_	10
682	0.0048	_07698_	7
683	0.0048	_05339_	1
683	0.0048	_36204_	9
683	0.0048	_35763_	10
683	0.0048	_35762_	2
683	0.0048	_35739_	8
683	0.0048	_07699_	10
683	0.0048	_07698_	7
684	0.0048	_05338_	1
684	0.0048	_36204_	9
684	0.0048	_35763_	10
684	0.0048	_35762_	2
684	0.0048	_35739_	8
684	0.0048	_07699_	10
684	0.0048	_07698_	7
685	0.0048	_05337_	1
685	0.0048	_36204_	9
685	0.0048	_35763_	10
685	0.0048	_35762_	2
685	0.0048	_35739_	8
685	0.0048	_07699_	10
685	0.0048	_07698_	7
686	0.0048	_05336_	1
686	0.0048	_36204_	9
686	0.0048	_35763_	10
686	0.0048	_35762_	2
686	0.0048	_35739_	8
686	0.0048	_07699_	10
686	0.0048	_07698_	7
687	0.0048	_05335_	1
687	0.0048	_36204_	9
687	0.0048	_35763_	10
687	0.0048	_35762_	2
687	0.0048	_35739_	8
687	0.0048	_07699_	10
687	0.0048	_07698_	7
688	0.0048	_06739_	1
688	0.0048	_36204_	9
688	0.0048	_35763_	10
688	0.0048	_35762_	2
688	0.0048	_35739_	8
688	0.0048	_07699_	10
688	0.0048	_07698_	7
689	0.0048	_05374_	1
689	0.0048	_36209_	9
689	0.0048	_35776_	10
689	0.0048	_35775_	2
689	0.0048	_35739_	8
689	0.0048	_07699_	10
689	0.0048	_07698_	7
690	0.0048	_05373_	1
690	0.0048	_36209_	9
690	0.0048	_35776_	10
690	0.0048	_35775_	2
690	0.0048	_35739_	8
690	0.0048	_07699_	10
690	0.0048	_07698_	7
691	0.0048	_05372_	1
691	0.0048	_36209_	9
691	0.0048	_35776_	10
691	0.0048	_35775_	2
691	0.0048	_35739_	8
691	0.0048	_07699_	10
691	0.0048	_07698_	7
692	0.0048	_05371_	1
692	0.0048	_36209_	9
692	0.0048	_35776_	10
692	0.0048	_35775_	2
692	0.0048	_35739_	8
692	0.0048	_07699_	10
692	0.0048	_07698_	7
693	0.0048	_05370_	1
693	0.0048	_36209_	9
693	0.0048	_35776_	10
693	0.0048	_35775_	2
693	0.0048	_35739_	8
693	0.0048	_07699_	10
693	0.0048	_07698_	7
694	0.0048	_05369_	1
694	0.0048	_36209_	9
694	0.0048	_35776_	10
694	0.0048	_35775_	2
694	0.0048	_35739_	8
694	0.0048	_07699_	10
694	0.0048	_07698_	7
695	0.0048	_05368_	1
695	0.0048	_36209_	9
695	0.0048	_35776_	10
695	0.0048	_35775_	2
695	0.0048	_35739_	8
695	0.0048	_07699_	10
695	0.0048	_07698_	7
696	0.0048	_05367_	1
696	0.0048	_36209_	9
696	0.0048	_35776_	10
696	0.0048	_35775_	2
696	0.0048	_35739_	8
696	0.0048	_07699_	10
696	0.0048	_07698_	7
697	0.0048	_06735_	1
697	0.0048	_36209_	9
697	0.0048	_35776_	10
697	0.0048	_35775_	2
697	0.0048	_35739_	8
697	0.0048	_07699_	10
697	0.0048	_07698_	7
698	0.0048	_05470_	1
698	0.0048	_36239_	9
698	0.0048	_35763_	10
698	0.0048	_35762_	2
698	0.0048	_35739_	8
698	0.0048	_07699_	10
698	0.0048	_07698_	7
699	0.0048	_05469_	1
699	0.0048	_36239_	9
699	0.0048	_35763_	10
699	0.0048	_35762_	2
699	0.0048	_35739_	8
699	0.0048	_07699_	10
699	0.0048	_07698_	7
700	0.0048	_05468_	1
700	0.0048	_36239_	9
700	0.0048	_35763_	10
700	0.0048	_35762_	2
700	0.0048	_35739_	8
700	0.0048	_07699_	10
700	0.0048	_07698_	7
701	0.0048	_05467_	1
701	0.0048	_36239_	9
701	0.0048	_35763_	10
701	0.0048	_35762_	2
701	0.0048	_35739_	8
701	0.0048	_07699_	10
701	0.0048	_07698_	7
702	0.0048	_05466_	1
702	0.0048	_36239_	9
702	0.0048	_35763_	10
702	0.0048	_35762_	2
702	0.0048	_35739_	8
702	0.0048	_07699_	10
702	0.0048	_07698_	7
703	0.0048	_05465_	1
703	0.0048	_36239_	9
703	0.0048	_35763_	10
703	0.0048	_35762_	2
703	0.0048	_35739_	8
703	0.0048	_07699_	10
703	0.0048	_07698_	7
704	0.0048	_05464_	1
704	0.0048	_36239_	9
704	0.0048	_35763_	10
704	0.0048	_35762_	2
704	0.0048	_35739_	8
704	0.0048	_07699_	10
704	0.0048	_07698_	7
705	0.0048	_05463_	1
705	0.0048	_36239_	9
705	0.0048	_35763_	10
705	0.0048	_35762_	2
705	0.0048	_35739_	8
705	0.0048	_07699_	10
705	0.0048	_07698_	7
706	0.0048	_06723_	1
706	0.0048	_36239_	9
706	0.0048	_35763_	10
706	0.0048	_35762_	2
706	0.0048	_35739_	8
706	0.0048	_07699_	10
706	0.0048	_07698_	7
707	0.0048	_05502_	1
707	0.0048	_36243_	9
707	0.0048	_35776_	10
707	0.0048	_35775_	2
707	0.0048	_35739_	8
707	0.0048	_07699_	10
707	0.0048	_07698_	7
708	0.0048	_05501_	1
708	0.0048	_36243_	9
708	0.0048	_35776_	10
708	0.0048	_35775_	2
708	0.0048	_35739_	8
708	0.0048	_07699_	10
708	0.0048	_07698_	7
709	0.0048	_05500_	1
709	0.0048	_36243_	9
709	0.0048	_35776_	10
709	0.0048	_35775_	2
709	0.0048	_35739_	8
709	0.0048	_07699_	10
709	0.0048	_07698_	7
710	0.0048	_05499_	1
710	0.0048	_36243_	9
710	0.0048	_35776_	10
710	0.0048	_35775_	2
710	0.0048	_35739_	8
710	0.0048	_07699_	10
710	0.0048	_07698_	7
711	0.0048	_05498_	1
711	0.0048	_36243_	9
711	0.0048	_35776_	10
711	0.0048	_35775_	2
711	0.0048	_35739_	8
711	0.0048	_07699_	10
711	0.0048	_07698_	7
712	0.0048	_05497_	1
712	0.0048	_36243_	9
712	0.0048	_35776_	10
712	0.0048	_35775_	2
712	0.0048	_35739_	8
712	0.0048	_07699_	10
712	0.0048	_07698_	7
713	0.0048	_05496_	1
713	0.0048	_36243_	9
713	0.0048	_35776_	10
713	0.0048	_35775_	2
713	0.0048	_35739_	8
713	0.0048	_07699_	10
713	0.0048	_07698_	7
714	0.0048	_05495_	1
714	0.0048	_36243_	9
714	0.0048	_35776_	10
714	0.0048	_35775_	2
714	0.0048	_35739_	8
714	0.0048	_07699_	10
714	0.0048	_07698_	7
715	0.0048	_06719_	1
715	0.0048	_36243_	9
715	0.0048	_35776_	10
715	0.0048	_35775_	2
715	0.0048	_35739_	8
715	0.0048	_07699_	10
715	0.0048	_07698_	7
716	0.0048	_05598_	1
716	0.0048	_36266_	9
716	0.0048	_35763_	10
716	0.0048	_35762_	2
716	0.0048	_35739_	8
716	0.0048	_07699_	10
716	0.0048	_07698_	7
717	0.0048	_05597_	1
717	0.0048	_36266_	9
717	0.0048	_35763_	10
717	0.0048	_35762_	2
717	0.0048	_35739_	8
717	0.0048	_07699_	10
717	0.0048	_07698_	7
718	0.0048	_05596_	1
718	0.0048	_36266_	9
718	0.0048	_35763_	10
718	0.0048	_35762_	2
718	0.0048	_35739_	8
718	0.0048	_07699_	10
718	0.0048	_07698_	7
719	0.0048	_05595_	1
719	0.0048	_36266_	9
719	0.0048	_35763_	10
719	0.0048	_35762_	2
719	0.0048	_35739_	8
719	0.0048	_07699_	10
719	0.0048	_07698_	7
720	0.0048	_05594_	1
720	0.0048	_36266_	9
720	0.0048	_35763_	10
720	0.0048	_35762_	2
720	0.0048	_35739_	8
720	0.0048	_07699_	10
720	0.0048	_07698_	7
721	0.0048	_05593_	1
721	0.0048	_36266_	9
721	0.0048	_35763_	10
721	0.0048	_35762_	2
721	0.0048	_35739_	8
721	0.0048	_07699_	10
721	0.0048	_07698_	7
722	0.0048	_05592_	1
722	0.0048	_36266_	9
722	0.0048	_35763_	10
722	0.0048	_35762_	2
722	0.0048	_35739_	8
722	0.0048	_07699_	10
722	0.0048	_07698_	7
723	0.0048	_05591_	1
723	0.0048	_36266_	9
723	0.0048	_35763_	10
723	0.0048	_35762_	2
723	0.0048	_35739_	8
723	0.0048	_07699_	10
723	0.0048	_07698_	7
724	0.0048	_06707_	1
724	0.0048	_36266_	9
724	0.0048	_35763_	10
724	0.0048	_35762_	2
724	0.0048	_35739_	8
724	0.0048	_07699_	10
724	0.0048	_07698_	7
725	0.0048	_05630_	1
725	0.0048	_36278_	9
725	0.0048	_35776_	10
725	0.0048	_35775_	2
725	0.0048	_35739_	8
725	0.0048	_07699_	10
725	0.0048	_07698_	7
726	0.0048	_05629_	1
726	0.0048	_36278_	9
726	0.0048	_35776_	10
726	0.0048	_35775_	2
726	0.0048	_35739_	8
726	0.0048	_07699_	10
726	0.0048	_07698_	7
727	0.0048	_05628_	1
727	0.0048	_36278_	9
727	0.0048	_35776_	10
727	0.0048	_35775_	2
727	0.0048	_35739_	8
727	0.0048	_07699_	10
727	0.0048	_07698_	7
728	0.0048	_05627_	1
728	0.0048	_36278_	9
728	0.0048	_35776_	10
728	0.0048	_35775_	2
728	0.0048	_35739_	8
728	0.0048	_07699_	10
728	0.0048	_07698_	7
729	0.0048	_05626_	1
729	0.0048	_36278_	9
729	0.0048	_35776_	10
729	0.0048	_35775_	2
729	0.0048	_35739_	8
729	0.0048	_07699_	10
729	0.0048	_07698_	7
730	0.0048	_05625_	1
730	0.0048	_36278_	9
730	0.0048	_35776_	10
730	0.0048	_35775_	2
730	0.0048	_35739_	8
730	0.0048	_07699_	10
730	0.0048	_07698_	7
731	0.0048	_05624_	1
731	0.0048	_36278_	9
731	0.0048	_35776_	10
731	0.0048	_35775_	2
731	0.0048	_35739_	8
731	0.0048	_07699_	10
731	0.0048	_07698_	7
732	0.0048	_05623_	1
732	0.0048	_36278_	9
732	0.0048	_35776_	10
732	0.0048	_35775_	2
732	0.0048	_35739_	8
732	0.0048	_07699_	10
732	0.0048	_07698_	7
733	0.0048	_06703_	1
733	0.0048	_36278_	9
733	0.0048	_35776_	10
733	0.0048	_35775_	2
733	0.0048	_35739_	8
733	0.0048	_07699_	10
733	0.0048	_07698_	7
734	0.0048	_05726_	1
734	0.0048	_36300_	9
734	0.0048	_35763_	10
734	0.0048	_35762_	2
734	0.0048	_35739_	8
734	0.0048	_07699_	10
734	0.0048	_07698_	7
735	0.0048	_05725_	1
735	0.0048	_36300_	9
735	0.0048	_35763_	10
735	0.0048	_35762_	2
735	0.0048	_35739_	8
735	0.0048	_07699_	10
735	0.0048	_07698_	7
736	0.0048	_05724_	1
736	0.0048	_36300_	9
736	0.0048	_35763_	10
736	0.0048	_35762_	2
736	0.0048	_35739_	8
736	0.0048	_07699_	10
736	0.0048	_07698_	7
737	0.0048	_05723_	1
737	0.0048	_36300_	9
737	0.0048	_35763_	10
737	0.0048	_35762_	2
737	0.0048	_35739_	8
737	0.0048	_07699_	10
737	0.0048	_07698_	7
738	0.0048	_05722_	1
738	0.0048	_36300_	9
738	0.0048	_35763_	10
738	0.0048	_35762_	2
738	0.0048	_35739_	8
738	0.0048	_07699_	10
738	0.0048	_07698_	7
739	0.0048	_05721_	1
739	0.0048	_36300_	9
739	0.0048	_35763_	10
739	0.0048	_35762_	2
739	0.0048	_35739_	8
739	0.0048	_07699_	10
739	0.0048	_07698_	7
740	0.0048	_05720_	1
740	0.0048	_36300_	9
740	0.0048	_35763_	10
740	0.0048	_35762_	2
740	0.0048	_35739_	8
740	0.0048	_07699_	10
740	0.0048	_07698_	7
741	0.0048	_05719_	1
741	0.0048	_36300_	9
741	0.0048	_35763_	10
741	0.0048	_35762_	2
741	0.0048	_35739_	8
741	0.0048	_07699_	10
741	0.0048	_07698_	7
742	0.0048	_06691_	1
742	0.0048	_36300_	9
742	0.0048	_35763_	10
742	0.0048	_35762_	2
742	0.0048	_35739_	8
742	0.0048	_07699_	10
742	0.0048	_07698_	7
743	0.0048	_05758_	1
743	0.0048	_36304_	9
743	0.0048	_35776_	10
743	0.0048	_35775_	2
743	0.0048	_35739_	8
743	0.0048	_07699_	10
743	0.0048	_07698_	7
744	0.0048	_05757_	1
744	0.0048	_36304_	9
744	0.0048	_35776_	10
744	0.0048	_35775_	2
744	0.0048	_35739_	8
744	0.0048	_07699_	10
744	0.0048	_07698_	7
745	0.0048	_05756_	1
745	0.0048	_36304_	9
745	0.0048	_35776_	10
745	0.0048	_35775_	2
745	0.0048	_35739_	8
745	0.0048	_07699_	10
745	0.0048	_07698_	7
746	0.0048	_05755_	1
746	0.0048	_36304_	9
746	0.0048	_35776_	10
746	0.0048	_35775_	2
746	0.0048	_35739_	8
746	0.0048	_07699_	10
746	0.0048	_07698_	7
747	0.0048	_05754_	1
747	0.0048	_36304_	9
747	0.0048	_35776_	10
747	0.0048	_35775_	2
747	0.0048	_35739_	8
747	0.0048	_07699_	10
747	0.0048	_07698_	7
748	0.0048	_05753_	1
748	0.0048	_36304_	9
748	0.0048	_35776_	10
748	0.0048	_35775_	2
748	0.0048	_35739_	8
748	0.0048	_07699_	10
748	0.0048	_07698_	7
749	0.0048	_05752_	1
749	0.0048	_36304_	9
749	0.0048	_35776_	10
749	0.0048	_35775_	2
749	0.0048	_35739_	8
749	0.0048	_07699_	10
749	0.0048	_07698_	7
750	0.0048	_05751_	1
750	0.0048	_36304_	9
750	0.0048	_35776_	10
750	0.0048	_35775_	2
750	0.0048	_35739_	8
750	0.0048	_07699_	10
750	0.0048	_07698_	7
751	0.0048	_06687_	1
751	0.0048	_36304_	9
751	0.0048	_35776_	10
751	0.0048	_35775_	2
751	0.0048	_35739_	8
751	0.0048	_07699_	10
751	0.0048	_07698_	7
752	0.0048	_05854_	1
752	0.0048	_36332_	9
752	0.0048	_35763_	10
752	0.0048	_35762_	2
752	0.0048	_35739_	8
752	0.0048	_07699_	10
752	0.0048	_07698_	7
753	0.0048	_05853_	1
753	0.0048	_36332_	9
753	0.0048	_35763_	10
753	0.0048	_35762_	2
753	0.0048	_35739_	8
753	0.0048	_07699_	10
753	0.0048	_07698_	7
754	0.0048	_05852_	1
754	0.0048	_36332_	9
754	0.0048	_35763_	10
754	0.0048	_35762_	2
754	0.0048	_35739_	8
754	0.0048	_07699_	10
754	0.0048	_07698_	7
755	0.0048	_05851_	1
755	0.0048	_36332_	9
755	0.0048	_35763_	10
755	0.0048	_35762_	2
755	0.0048	_35739_	8
755	0.0048	_07699_	10
755	0.0048	_07698_	7
756	0.0048	_05850_	1
756	0.0048	_36332_	9
756	0.0048	_35763_	10
756	0.0048	_35762_	2
756	0.0048	_35739_	8
756	0.0048	_07699_	10
756	0.0048	_07698_	7
757	0.0048	_05849_	1
757	0.0048	_36332_	9
757	0.0048	_35763_	10
757	0.0048	_35762_	2
757	0.0048	_35739_	8
757	0.0048	_07699_	10
757	0.0048	_07698_	7
758	0.0048	_05848_	1
758	0.0048	_36332_	9
758	0.0048	_35763_	10
758	0.0048	_35762_	2
758	0.0048	_35739_	8
758	0.0048	_07699_	10
758	0.0048	_07698_	7
759	0.0048	_05847_	1
759	0.0048	_36332_	9
759	0.0048	_35763_	10
759	0.0048	_35762_	2
759	0.0048	_35739_	8
759	0.0048	_07699_	10
759	0.0048	_07698_	7
760	0.0048	_06675_	1
760	0.0048	_36332_	9
760	0.0048	_35763_	10
760	0.0048	_35762_	2
760	0.0048	_35739_	8
760	0.0048	_07699_	10
760	0.0048	_07698_	7
761	0.0048	_05886_	1
761	0.0048	_36343_	9
761	0.0048	_35776_	10
761	0.0048	_35775_	2
761	0.0048	_35739_	8
761	0.0048	_07699_	10
761	0.0048	_07698_	7
762	0.0048	_05885_	1
762	0.0048	_36343_	9
762	0.0048	_35776_	10
762	0.0048	_35775_	2
762	0.0048	_35739_	8
762	0.0048	_07699_	10
762	0.0048	_07698_	7
763	0.0048	_05884_	1
763	0.0048	_36343_	9
763	0.0048	_35776_	10
763	0.0048	_35775_	2
763	0.0048	_35739_	8
763	0.0048	_07699_	10
763	0.0048	_07698_	7
764	0.0048	_05883_	1
764	0.0048	_36343_	9
764	0.0048	_35776_	10
764	0.0048	_35775_	2
764	0.0048	_35739_	8
764	0.0048	_07699_	10
764	0.0048	_07698_	7
765	0.0048	_05882_	1
765	0.0048	_36343_	9
765	0.0048	_35776_	10
765	0.0048	_35775_	2
765	0.0048	_35739_	8
765	0.0048	_07699_	10
765	0.0048	_07698_	7
766	0.0048	_05881_	1
766	0.0048	_36343_	9
766	0.0048	_35776_	10
766	0.0048	_35775_	2
766	0.0048	_35739_	8
766	0.0048	_07699_	10
766	0.0048	_07698_	7
767	0.0048	_05880_	1
767	0.0048	_36343_	9
767	0.0048	_35776_	10
767	0.0048	_35775_	2
767	0.0048	_35739_	8
767	0.0048	_07699_	10
767	0.0048	_07698_	7
768	0.0048	_05879_	1
768	0.0048	_36343_	9
768	0.0048	_35776_	10
768	0.0048	_35775_	2
768	0.0048	_35739_	8
768	0.0048	_07699_	10
768	0.0048	_07698_	7
769	0.0048	_06671_	1
769	0.0048	_36343_	9
769	0.0048	_35776_	10
769	0.0048	_35775_	2
769	0.0048	_35739_	8
769	0.0048	_07699_	10
769	0.0048	_07698_	7
770	0.0048	_05982_	1
770	0.0048	_36366_	9
770	0.0048	_35763_	10
770	0.0048	_35762_	2
770	0.0048	_35739_	8
770	0.0048	_07699_	10
770	0.0048	_07698_	7
771	0.0048	_05981_	1
771	0.0048	_36366_	9
771	0.0048	_35763_	10
771	0.0048	_35762_	2
771	0.0048	_35739_	8
771	0.0048	_07699_	10
771	0.0048	_07698_	7
772	0.0048	_05980_	1
772	0.0048	_36366_	9
772	0.0048	_35763_	10
772	0.0048	_35762_	2
772	0.0048	_35739_	8
772	0.0048	_07699_	10
772	0.0048	_07698_	7
773	0.0048	_05979_	1
773	0.0048	_36366_	9
773	0.0048	_35763_	10
773	0.0048	_35762_	2
773	0.0048	_35739_	8
773	0.0048	_07699_	10
773	0.0048	_07698_	7
774	0.0048	_05978_	1
774	0.0048	_36366_	9
774	0.0048	_35763_	10
774	0.0048	_35762_	2
774	0.0048	_35739_	8
774	0.0048	_07699_	10
774	0.0048	_07698_	7
775	0.0048	_05977_	1
775	0.0048	_36366_	9
775	0.0048	_35763_	10
775	0.0048	_35762_	2
775	0.0048	_35739_	8
775	0.0048	_07699_	10
775	0.0048	_07698_	7
776	0.0048	_05976_	1
776	0.0048	_36366_	9
776	0.0048	_35763_	10
776	0.0048	_35762_	2
776	0.0048	_35739_	8
776	0.0048	_07699_	10
776	0.0048	_07698_	7
777	0.0048	_05975_	1
777	0.0048	_36366_	9
777	0.0048	_35763_	10
777	0.0048	_35762_	2
777	0.0048	_35739_	8
777	0.0048	_07699_	10
777	0.0048	_07698_	7
778	0.0048	_06659_	1
778	0.0048	_36366_	9
778	0.0048	_35763_	10
778	0.0048	_35762_	2
778	0.0048	_35739_	8
778	0.0048	_07699_	10
778	0.0048	_07698_	7
779	0.0048	_06014_	1
779	0.0048	_36371_	9
779	0.0048	_35776_	10
779	0.0048	_35775_	2
779	0.0048	_35739_	8
779	0.0048	_07699_	10
779	0.0048	_07698_	7
780	0.0048	_06013_	1
780	0.0048	_36371_	9
780	0.0048	_35776_	10
780	0.0048	_35775_	2
780	0.0048	_35739_	8
780	0.0048	_07699_	10
780	0.0048	_07698_	7
781	0.0048	_06012_	1
781	0.0048	_36371_	9
781	0.0048	_35776_	10
781	0.0048	_35775_	2
781	0.0048	_35739_	8
781	0.0048	_07699_	10
781	0.0048	_07698_	7
782	0.0048	_06011_	1
782	0.0048	_36371_	9
782	0.0048	_35776_	10
782	0.0048	_35775_	2
782	0.0048	_35739_	8
782	0.0048	_07699_	10
782	0.0048	_07698_	7
783	0.0048	_06010_	1
783	0.0048	_36371_	9
783	0.0048	_35776_	10
783	0.0048	_35775_	2
783	0.0048	_35739_	8
783	0.0048	_07699_	10
783	0.0048	_07698_	7
784	0.0048	_06009_	1
784	0.0048	_36371_	9
784	0.0048	_35776_	10
784	0.0048	_35775_	2
784	0.0048	_35739_	8
784	0.0048	_07699_	10
784	0.0048	_07698_	7
785	0.0048	_06008_	1
785	0.0048	_36371_	9
785	0.0048	_35776_	10
785	0.0048	_35775_	2
785	0.0048	_35739_	8
785	0.0048	_07699_	10
785	0.0048	_07698_	7
786	0.0048	_06007_	1
786	0.0048	_36371_	9
786	0.0048	_35776_	10
786	0.0048	_35775_	2
786	0.0048	_35739_	8
786	0.0048	_07699_	10
786	0.0048	_07698_	7
787	0.0048	_06655_	1
787	0.0048	_36371_	9
787	0.0048	_35776_	10
787	0.0048	_35775_	2
787	0.0048	_35739_	8
787	0.0048	_07699_	10
787	0.0048	_07698_	7
788	0.0048	_06110_	1
788	0.0048	_36401_	9
788	0.0048	_35763_	10
788	0.0048	_35762_	2
788	0.0048	_35739_	8
788	0.0048	_07699_	10
788	0.0048	_07698_	7
789	0.0048	_06109_	1
789	0.0048	_36401_	9
789	0.0048	_35763_	10
789	0.0048	_35762_	2
789	0.0048	_35739_	8
789	0.0048	_07699_	10
789	0.0048	_07698_	7
790	0.0048	_06108_	1
790	0.0048	_36401_	9
790	0.0048	_35763_	10
790	0.0048	_35762_	2
790	0.0048	_35739_	8
790	0.0048	_07699_	10
790	0.0048	_07698_	7
791	0.0048	_06107_	1
791	0.0048	_36401_	9
791	0.0048	_35763_	10
791	0.0048	_35762_	2
791	0.0048	_35739_	8
791	0.0048	_07699_	10
791	0.0048	_07698_	7
792	0.0048	_06106_	1
792	0.0048	_36401_	9
792	0.0048	_35763_	10
792	0.0048	_35762_	2
792	0.0048	_35739_	8
792	0.0048	_07699_	10
792	0.0048	_07698_	7
793	0.0048	_06105_	1
793	0.0048	_36401_	9
793	0.0048	_35763_	10
793	0.0048	_35762_	2
793	0.0048	_35739_	8
793	0.0048	_07699_	10
793	0.0048	_07698_	7
794	0.0048	_06104_	1
794	0.0048	_36401_	9
794	0.0048	_35763_	10
794	0.0048	_35762_	2
794	0.0048	_35739_	8
794	0.0048	_07699_	10
794	0.0048	_07698_	7
795	0.0048	_06103_	1
795	0.0048	_36401_	9
795	0.0048	_35763_	10
795	0.0048	_35762_	2
795	0.0048	_35739_	8
795	0.0048	_07699_	10
795	0.0048	_07698_	7
796	0.0048	_06643_	1
796	0.0048	_36401_	9
796	0.0048	_35763_	10
796	0.0048	_35762_	2
796	0.0048	_35739_	8
796	0.0048	_07699_	10
796	0.0048	_07698_	7
797	0.0048	_06142_	1
797	0.0048	_36405_	9
797	0.0048	_35776_	10
797	0.0048	_35775_	2
797	0.0048	_35739_	8
797	0.0048	_07699_	10
797	0.0048	_07698_	7
798	0.0048	_06141_	1
798	0.0048	_36405_	9
798	0.0048	_35776_	10
798	0.0048	_35775_	2
798	0.0048	_35739_	8
798	0.0048	_07699_	10
798	0.0048	_07698_	7
799	0.0048	_06140_	1
799	0.0048	_36405_	9
799	0.0048	_35776_	10
799	0.0048	_35775_	2
799	0.0048	_35739_	8
799	0.0048	_07699_	10
799	0.0048	_07698_	7
800	0.0048	_06139_	1
800	0.0048	_36405_	9
800	0.0048	_35776_	10
800	0.0048	_35775_	2
800	0.0048	_35739_	8
800	0.0048	_07699_	10
800	0.0048	_07698_	7
801	0.0048	_06138_	1
801	0.0048	_36405_	9
801	0.0048	_35776_	10
801	0.0048	_35775_	2
801	0.0048	_35739_	8
801	0.0048	_07699_	10
801	0.0048	_07698_	7
802	0.0048	_06137_	1
802	0.0048	_36405_	9
802	0.0048	_35776_	10
802	0.0048	_35775_	2
802	0.0048	_35739_	8
802	0.0048	_07699_	10
802	0.0048	_07698_	7
803	0.0048	_06136_	1
803	0.0048	_36405_	9
803	0.0048	_35776_	10
803	0.0048	_35775_	2
803	0.0048	_35739_	8
803	0.0048	_07699_	10
803	0.0048	_07698_	7
804	0.0048	_06135_	1
804	0.0048	_36405_	9
804	0.0048	_35776_	10
804	0.0048	_35775_	2
804	0.0048	_35739_	8
804	0.0048	_07699_	10
804	0.0048	_07698_	7
805	0.0048	_06639_	1
805	0.0048	_36405_	9
805	0.0048	_35776_	10
805	0.0048	_35775_	2
805	0.0048	_35739_	8
805	0.0048	_07699_	10
805	0.0048	_07698_	7
806	0.0048	_06238_	1
806	0.0048	_36427_	9
806	0.0048	_35763_	10
806	0.0048	_35762_	2
806	0.0048	_35739_	8
806	0.0048	_07699_	10
806	0.0048	_07698_	7
807	0.0048	_06237_	1
807	0.0048	_36427_	9
807	0.0048	_35763_	10
807	0.0048	_35762_	2
807	0.0048	_35739_	8
807	0.0048	_07699_	10
807	0.0048	_07698_	7
808	0.0048	_06236_	1
808	0.0048	_36427_	9
808	0.0048	_35763_	10
808	0.0048	_35762_	2
808	0.0048	_35739_	8
808	0.0048	_07699_	10
808	0.0048	_07698_	7
809	0.0048	_06235_	1
809	0.0048	_36427_	9
809	0.0048	_35763_	10
809	0.0048	_35762_	2
809	0.0048	_35739_	8
809	0.0048	_07699_	10
809	0.0048	_07698_	7
810	0.0048	_06234_	1
810	0.0048	_36427_	9
810	0.0048	_35763_	10
810	0.0048	_35762_	2
810	0.0048	_35739_	8
810	0.0048	_07699_	10
810	0.0048	_07698_	7
811	0.0048	_06233_	1
811	0.0048	_36427_	9
811	0.0048	_35763_	10
811	0.0048	_35762_	2
811	0.0048	_35739_	8
811	0.0048	_07699_	10
811	0.0048	_07698_	7
812	0.0048	_06232_	1
812	0.0048	_36427_	9
812	0.0048	_35763_	10
812	0.0048	_35762_	2
812	0.0048	_35739_	8
812	0.0048	_07699_	10
812	0.0048	_07698_	7
813	0.0048	_06231_	1
813	0.0048	_36427_	9
813	0.0048	_35763_	10
813	0.0048	_35762_	2
813	0.0048	_35739_	8
813	0.0048	_07699_	10
813	0.0048	_07698_	7
814	0.0048	_06627_	1
814	0.0048	_36427_	9
814	0.0048	_35763_	10
814	0.0048	_35762_	2
814	0.0048	_35739_	8
814	0.0048	_07699_	10
814	0.0048	_07698_	7
815	0.0048	_06270_	1
815	0.0048	_36439_	9
815	0.0048	_35776_	10
815	0.0048	_35775_	2
815	0.0048	_35739_	8
815	0.0048	_07699_	10
815	0.0048	_07698_	7
816	0.0048	_06269_	1
816	0.0048	_36439_	9
816	0.0048	_35776_	10
816	0.0048	_35775_	2
816	0.0048	_35739_	8
816	0.0048	_07699_	10
816	0.0048	_07698_	7
817	0.0048	_06268_	1
817	0.0048	_36439_	9
817	0.0048	_35776_	10
817	0.0048	_35775_	2
817	0.0048	_35739_	8
817	0.0048	_07699_	10
817	0.0048	_07698_	7
818	0.0048	_06267_	1
818	0.0048	_36439_	9
818	0.0048	_35776_	10
818	0.0048	_35775_	2
818	0.0048	_35739_	8
818	0.0048	_07699_	10
818	0.0048	_07698_	7
819	0.0048	_06266_	1
819	0.0048	_36439_	9
819	0.0048	_35776_	10
819	0.0048	_35775_	2
819	0.0048	_35739_	8
819	0.0048	_07699_	10
819	0.0048	_07698_	7
820	0.0048	_06265_	1
820	0.0048	_36439_	9
820	0.0048	_35776_	10
820	0.0048	_35775_	2
820	0.0048	_35739_	8
820	0.0048	_07699_	10
820	0.0048	_07698_	7
821	0.0048	_06264_	1
821	0.0048	_36439_	9
821	0.0048	_35776_	10
821	0.0048	_35775_	2
821	0.0048	_35739_	8
821	0.0048	_07699_	10
821	0.0048	_07698_	7
822	0.0048	_06263_	1
822	0.0048	_36439_	9
822	0.0048	_35776_	10
822	0.0048	_35775_	2
822	0.0048	_35739_	8
822	0.0048	_07699_	10
822	0.0048	_07698_	7
823	0.0048	_06623_	1
823	0.0048	_36439_	9
823	0.0048	_35776_	10
823	0.0048	_35775_	2
823	0.0048	_35739_	8
823	0.0048	_07699_	10
823	0.0048	_07698_	7
824	0.0049	_02237_	1
824	0.0049	_22126_	1
824	0.0049	_22125_	1
824	0.0049	_22124_	1
824	0.0049	_22123_	1
824	0.0049	_22122_	1
824	0.0049	_22121_	1
824	0.0049	_20910_	10
824	0.0049	_20361_	10
824	0.0049	_20360_	6
824	0.0049	_20359_	1
824	0.0049	_20283_	10
824	0.0049	_16002_	6
824	0.0049	_15999_	4
824	0.0049	_00137_	1
824	0.0049	RsDecodeSyndrome.count[1]	5
825	0.0049	_02181_	1
825	0.0049	_21119_	1
825	0.0049	_21118_	1
825	0.0049	_21117_	1
825	0.0049	_21116_	1
825	0.0049	_21115_	1
825	0.0049	_21114_	1
825	0.0049	_20910_	10
825	0.0049	_20361_	10
825	0.0049	_20360_	6
825	0.0049	_20359_	1
825	0.0049	_20283_	10
825	0.0049	_16002_	6
825	0.0049	_15999_	4
825	0.0049	_00137_	1
825	0.0049	RsDecodeSyndrome.count[1]	5
826	0.0049	_02209_	1
826	0.0049	_21611_	1
826	0.0049	_21610_	1
826	0.0049	_21609_	1
826	0.0049	_21608_	1
826	0.0049	_21607_	1
826	0.0049	_21606_	1
826	0.0049	_20910_	10
826	0.0049	_20361_	10
826	0.0049	_20360_	6
826	0.0049	_20359_	1
826	0.0049	_20283_	10
826	0.0049	_16002_	6
826	0.0049	_15999_	4
826	0.0049	_00137_	1
826	0.0049	RsDecodeSyndrome.count[1]	5
827	0.0050	_02293_	1
827	0.0050	_22938_	1
827	0.0050	_22937_	1
827	0.0050	_22936_	1
827	0.0050	_22935_	1
827	0.0050	_22934_	1
827	0.0050	_22933_	1
827	0.0050	_20910_	10
827	0.0050	_20361_	10
827	0.0050	_20360_	6
827	0.0050	_20359_	1
827	0.0050	_20283_	10
827	0.0050	_16002_	6
827	0.0050	_15999_	4
827	0.0050	_00137_	1
827	0.0050	RsDecodeSyndrome.count[1]	5
828	0.0050	_02251_	1
828	0.0050	_22279_	1
828	0.0050	_22278_	1
828	0.0050	_22277_	1
828	0.0050	_22276_	1
828	0.0050	_22275_	1
828	0.0050	_22274_	1
828	0.0050	_20910_	10
828	0.0050	_20361_	10
828	0.0050	_20360_	6
828	0.0050	_20359_	1
828	0.0050	_20283_	10
828	0.0050	_16002_	6
828	0.0050	_15999_	4
828	0.0050	_00137_	1
828	0.0050	RsDecodeSyndrome.count[1]	5
829	0.0050	_02188_	1
829	0.0050	_21275_	1
829	0.0050	_21274_	1
829	0.0050	_21273_	1
829	0.0050	_21272_	1
829	0.0050	_21271_	1
829	0.0050	_21270_	1
829	0.0050	_20910_	10
829	0.0050	_20361_	10
829	0.0050	_20360_	6
829	0.0050	_20359_	1
829	0.0050	_20283_	10
829	0.0050	_16002_	6
829	0.0050	_15999_	4
829	0.0050	_00137_	1
829	0.0050	RsDecodeSyndrome.count[1]	5
830	0.0051	_04574_	1
830	0.0051	_36001_	9
830	0.0051	_35821_	10
830	0.0051	_35762_	2
830	0.0051	_35739_	8
830	0.0051	_07699_	10
830	0.0051	_07698_	7
831	0.0051	_04573_	1
831	0.0051	_36001_	9
831	0.0051	_35821_	10
831	0.0051	_35762_	2
831	0.0051	_35739_	8
831	0.0051	_07699_	10
831	0.0051	_07698_	7
832	0.0051	_04572_	1
832	0.0051	_36001_	9
832	0.0051	_35821_	10
832	0.0051	_35762_	2
832	0.0051	_35739_	8
832	0.0051	_07699_	10
832	0.0051	_07698_	7
833	0.0051	_04571_	1
833	0.0051	_36001_	9
833	0.0051	_35821_	10
833	0.0051	_35762_	2
833	0.0051	_35739_	8
833	0.0051	_07699_	10
833	0.0051	_07698_	7
834	0.0051	_04570_	1
834	0.0051	_36001_	9
834	0.0051	_35821_	10
834	0.0051	_35762_	2
834	0.0051	_35739_	8
834	0.0051	_07699_	10
834	0.0051	_07698_	7
835	0.0051	_04569_	1
835	0.0051	_36001_	9
835	0.0051	_35821_	10
835	0.0051	_35762_	2
835	0.0051	_35739_	8
835	0.0051	_07699_	10
835	0.0051	_07698_	7
836	0.0051	_04568_	1
836	0.0051	_36001_	9
836	0.0051	_35821_	10
836	0.0051	_35762_	2
836	0.0051	_35739_	8
836	0.0051	_07699_	10
836	0.0051	_07698_	7
837	0.0051	_04567_	1
837	0.0051	_36001_	9
837	0.0051	_35821_	10
837	0.0051	_35762_	2
837	0.0051	_35739_	8
837	0.0051	_07699_	10
837	0.0051	_07698_	7
838	0.0051	_06835_	1
838	0.0051	_36001_	9
838	0.0051	_35821_	10
838	0.0051	_35762_	2
838	0.0051	_35739_	8
838	0.0051	_07699_	10
838	0.0051	_07698_	7
839	0.0051	_04606_	1
839	0.0051	_36012_	9
839	0.0051	_35836_	10
839	0.0051	_35775_	2
839	0.0051	_35739_	8
839	0.0051	_07699_	10
839	0.0051	_07698_	7
840	0.0051	_04605_	1
840	0.0051	_36012_	9
840	0.0051	_35836_	10
840	0.0051	_35775_	2
840	0.0051	_35739_	8
840	0.0051	_07699_	10
840	0.0051	_07698_	7
841	0.0051	_04604_	1
841	0.0051	_36012_	9
841	0.0051	_35836_	10
841	0.0051	_35775_	2
841	0.0051	_35739_	8
841	0.0051	_07699_	10
841	0.0051	_07698_	7
842	0.0051	_04603_	1
842	0.0051	_36012_	9
842	0.0051	_35836_	10
842	0.0051	_35775_	2
842	0.0051	_35739_	8
842	0.0051	_07699_	10
842	0.0051	_07698_	7
843	0.0051	_04602_	1
843	0.0051	_36012_	9
843	0.0051	_35836_	10
843	0.0051	_35775_	2
843	0.0051	_35739_	8
843	0.0051	_07699_	10
843	0.0051	_07698_	7
844	0.0051	_04601_	1
844	0.0051	_36012_	9
844	0.0051	_35836_	10
844	0.0051	_35775_	2
844	0.0051	_35739_	8
844	0.0051	_07699_	10
844	0.0051	_07698_	7
845	0.0051	_04600_	1
845	0.0051	_36012_	9
845	0.0051	_35836_	10
845	0.0051	_35775_	2
845	0.0051	_35739_	8
845	0.0051	_07699_	10
845	0.0051	_07698_	7
846	0.0051	_04599_	1
846	0.0051	_36012_	9
846	0.0051	_35836_	10
846	0.0051	_35775_	2
846	0.0051	_35739_	8
846	0.0051	_07699_	10
846	0.0051	_07698_	7
847	0.0051	_06831_	1
847	0.0051	_36012_	9
847	0.0051	_35836_	10
847	0.0051	_35775_	2
847	0.0051	_35739_	8
847	0.0051	_07699_	10
847	0.0051	_07698_	7
848	0.0051	_04702_	1
848	0.0051	_36034_	9
848	0.0051	_35821_	10
848	0.0051	_35762_	2
848	0.0051	_35739_	8
848	0.0051	_07699_	10
848	0.0051	_07698_	7
849	0.0051	_04701_	1
849	0.0051	_36034_	9
849	0.0051	_35821_	10
849	0.0051	_35762_	2
849	0.0051	_35739_	8
849	0.0051	_07699_	10
849	0.0051	_07698_	7
850	0.0051	_04700_	1
850	0.0051	_36034_	9
850	0.0051	_35821_	10
850	0.0051	_35762_	2
850	0.0051	_35739_	8
850	0.0051	_07699_	10
850	0.0051	_07698_	7
851	0.0051	_04699_	1
851	0.0051	_36034_	9
851	0.0051	_35821_	10
851	0.0051	_35762_	2
851	0.0051	_35739_	8
851	0.0051	_07699_	10
851	0.0051	_07698_	7
852	0.0051	_04698_	1
852	0.0051	_36034_	9
852	0.0051	_35821_	10
852	0.0051	_35762_	2
852	0.0051	_35739_	8
852	0.0051	_07699_	10
852	0.0051	_07698_	7
853	0.0051	_04697_	1
853	0.0051	_36034_	9
853	0.0051	_35821_	10
853	0.0051	_35762_	2
853	0.0051	_35739_	8
853	0.0051	_07699_	10
853	0.0051	_07698_	7
854	0.0051	_04696_	1
854	0.0051	_36034_	9
854	0.0051	_35821_	10
854	0.0051	_35762_	2
854	0.0051	_35739_	8
854	0.0051	_07699_	10
854	0.0051	_07698_	7
855	0.0051	_04695_	1
855	0.0051	_36034_	9
855	0.0051	_35821_	10
855	0.0051	_35762_	2
855	0.0051	_35739_	8
855	0.0051	_07699_	10
855	0.0051	_07698_	7
856	0.0051	_06819_	1
856	0.0051	_36034_	9
856	0.0051	_35821_	10
856	0.0051	_35762_	2
856	0.0051	_35739_	8
856	0.0051	_07699_	10
856	0.0051	_07698_	7
857	0.0051	_04734_	1
857	0.0051	_36039_	9
857	0.0051	_35836_	10
857	0.0051	_35775_	2
857	0.0051	_35739_	8
857	0.0051	_07699_	10
857	0.0051	_07698_	7
858	0.0051	_04733_	1
858	0.0051	_36039_	9
858	0.0051	_35836_	10
858	0.0051	_35775_	2
858	0.0051	_35739_	8
858	0.0051	_07699_	10
858	0.0051	_07698_	7
859	0.0051	_04732_	1
859	0.0051	_36039_	9
859	0.0051	_35836_	10
859	0.0051	_35775_	2
859	0.0051	_35739_	8
859	0.0051	_07699_	10
859	0.0051	_07698_	7
860	0.0051	_04731_	1
860	0.0051	_36039_	9
860	0.0051	_35836_	10
860	0.0051	_35775_	2
860	0.0051	_35739_	8
860	0.0051	_07699_	10
860	0.0051	_07698_	7
861	0.0051	_04730_	1
861	0.0051	_36039_	9
861	0.0051	_35836_	10
861	0.0051	_35775_	2
861	0.0051	_35739_	8
861	0.0051	_07699_	10
861	0.0051	_07698_	7
862	0.0051	_04729_	1
862	0.0051	_36039_	9
862	0.0051	_35836_	10
862	0.0051	_35775_	2
862	0.0051	_35739_	8
862	0.0051	_07699_	10
862	0.0051	_07698_	7
863	0.0051	_04728_	1
863	0.0051	_36039_	9
863	0.0051	_35836_	10
863	0.0051	_35775_	2
863	0.0051	_35739_	8
863	0.0051	_07699_	10
863	0.0051	_07698_	7
864	0.0051	_04727_	1
864	0.0051	_36039_	9
864	0.0051	_35836_	10
864	0.0051	_35775_	2
864	0.0051	_35739_	8
864	0.0051	_07699_	10
864	0.0051	_07698_	7
865	0.0051	_06815_	1
865	0.0051	_36039_	9
865	0.0051	_35836_	10
865	0.0051	_35775_	2
865	0.0051	_35739_	8
865	0.0051	_07699_	10
865	0.0051	_07698_	7
866	0.0051	_04830_	1
866	0.0051	_36071_	9
866	0.0051	_35821_	10
866	0.0051	_35762_	2
866	0.0051	_35739_	8
866	0.0051	_07699_	10
866	0.0051	_07698_	7
867	0.0051	_04829_	1
867	0.0051	_36071_	9
867	0.0051	_35821_	10
867	0.0051	_35762_	2
867	0.0051	_35739_	8
867	0.0051	_07699_	10
867	0.0051	_07698_	7
868	0.0051	_04828_	1
868	0.0051	_36071_	9
868	0.0051	_35821_	10
868	0.0051	_35762_	2
868	0.0051	_35739_	8
868	0.0051	_07699_	10
868	0.0051	_07698_	7
869	0.0051	_04827_	1
869	0.0051	_36071_	9
869	0.0051	_35821_	10
869	0.0051	_35762_	2
869	0.0051	_35739_	8
869	0.0051	_07699_	10
869	0.0051	_07698_	7
870	0.0051	_04826_	1
870	0.0051	_36071_	9
870	0.0051	_35821_	10
870	0.0051	_35762_	2
870	0.0051	_35739_	8
870	0.0051	_07699_	10
870	0.0051	_07698_	7
871	0.0051	_04825_	1
871	0.0051	_36071_	9
871	0.0051	_35821_	10
871	0.0051	_35762_	2
871	0.0051	_35739_	8
871	0.0051	_07699_	10
871	0.0051	_07698_	7
872	0.0051	_04824_	1
872	0.0051	_36071_	9
872	0.0051	_35821_	10
872	0.0051	_35762_	2
872	0.0051	_35739_	8
872	0.0051	_07699_	10
872	0.0051	_07698_	7
873	0.0051	_04823_	1
873	0.0051	_36071_	9
873	0.0051	_35821_	10
873	0.0051	_35762_	2
873	0.0051	_35739_	8
873	0.0051	_07699_	10
873	0.0051	_07698_	7
874	0.0051	_06803_	1
874	0.0051	_36071_	9
874	0.0051	_35821_	10
874	0.0051	_35762_	2
874	0.0051	_35739_	8
874	0.0051	_07699_	10
874	0.0051	_07698_	7
875	0.0051	_04862_	1
875	0.0051	_36075_	9
875	0.0051	_35836_	10
875	0.0051	_35775_	2
875	0.0051	_35739_	8
875	0.0051	_07699_	10
875	0.0051	_07698_	7
876	0.0051	_04861_	1
876	0.0051	_36075_	9
876	0.0051	_35836_	10
876	0.0051	_35775_	2
876	0.0051	_35739_	8
876	0.0051	_07699_	10
876	0.0051	_07698_	7
877	0.0051	_04860_	1
877	0.0051	_36075_	9
877	0.0051	_35836_	10
877	0.0051	_35775_	2
877	0.0051	_35739_	8
877	0.0051	_07699_	10
877	0.0051	_07698_	7
878	0.0051	_04859_	1
878	0.0051	_36075_	9
878	0.0051	_35836_	10
878	0.0051	_35775_	2
878	0.0051	_35739_	8
878	0.0051	_07699_	10
878	0.0051	_07698_	7
879	0.0051	_04858_	1
879	0.0051	_36075_	9
879	0.0051	_35836_	10
879	0.0051	_35775_	2
879	0.0051	_35739_	8
879	0.0051	_07699_	10
879	0.0051	_07698_	7
880	0.0051	_04857_	1
880	0.0051	_36075_	9
880	0.0051	_35836_	10
880	0.0051	_35775_	2
880	0.0051	_35739_	8
880	0.0051	_07699_	10
880	0.0051	_07698_	7
881	0.0051	_04856_	1
881	0.0051	_36075_	9
881	0.0051	_35836_	10
881	0.0051	_35775_	2
881	0.0051	_35739_	8
881	0.0051	_07699_	10
881	0.0051	_07698_	7
882	0.0051	_04855_	1
882	0.0051	_36075_	9
882	0.0051	_35836_	10
882	0.0051	_35775_	2
882	0.0051	_35739_	8
882	0.0051	_07699_	10
882	0.0051	_07698_	7
883	0.0051	_06799_	1
883	0.0051	_36075_	9
883	0.0051	_35836_	10
883	0.0051	_35775_	2
883	0.0051	_35739_	8
883	0.0051	_07699_	10
883	0.0051	_07698_	7
884	0.0051	_04958_	1
884	0.0051	_36098_	9
884	0.0051	_35821_	10
884	0.0051	_35762_	2
884	0.0051	_35739_	8
884	0.0051	_07699_	10
884	0.0051	_07698_	7
885	0.0051	_04957_	1
885	0.0051	_36098_	9
885	0.0051	_35821_	10
885	0.0051	_35762_	2
885	0.0051	_35739_	8
885	0.0051	_07699_	10
885	0.0051	_07698_	7
886	0.0051	_04956_	1
886	0.0051	_36098_	9
886	0.0051	_35821_	10
886	0.0051	_35762_	2
886	0.0051	_35739_	8
886	0.0051	_07699_	10
886	0.0051	_07698_	7
887	0.0051	_04955_	1
887	0.0051	_36098_	9
887	0.0051	_35821_	10
887	0.0051	_35762_	2
887	0.0051	_35739_	8
887	0.0051	_07699_	10
887	0.0051	_07698_	7
888	0.0051	_04954_	1
888	0.0051	_36098_	9
888	0.0051	_35821_	10
888	0.0051	_35762_	2
888	0.0051	_35739_	8
888	0.0051	_07699_	10
888	0.0051	_07698_	7
889	0.0051	_04953_	1
889	0.0051	_36098_	9
889	0.0051	_35821_	10
889	0.0051	_35762_	2
889	0.0051	_35739_	8
889	0.0051	_07699_	10
889	0.0051	_07698_	7
890	0.0051	_04952_	1
890	0.0051	_36098_	9
890	0.0051	_35821_	10
890	0.0051	_35762_	2
890	0.0051	_35739_	8
890	0.0051	_07699_	10
890	0.0051	_07698_	7
891	0.0051	_04951_	1
891	0.0051	_36098_	9
891	0.0051	_35821_	10
891	0.0051	_35762_	2
891	0.0051	_35739_	8
891	0.0051	_07699_	10
891	0.0051	_07698_	7
892	0.0051	_06787_	1
892	0.0051	_36098_	9
892	0.0051	_35821_	10
892	0.0051	_35762_	2
892	0.0051	_35739_	8
892	0.0051	_07699_	10
892	0.0051	_07698_	7
893	0.0051	_04990_	1
893	0.0051	_36112_	9
893	0.0051	_35836_	10
893	0.0051	_35775_	2
893	0.0051	_35739_	8
893	0.0051	_07699_	10
893	0.0051	_07698_	7
894	0.0051	_04989_	1
894	0.0051	_36112_	9
894	0.0051	_35836_	10
894	0.0051	_35775_	2
894	0.0051	_35739_	8
894	0.0051	_07699_	10
894	0.0051	_07698_	7
895	0.0051	_04988_	1
895	0.0051	_36112_	9
895	0.0051	_35836_	10
895	0.0051	_35775_	2
895	0.0051	_35739_	8
895	0.0051	_07699_	10
895	0.0051	_07698_	7
896	0.0051	_04987_	1
896	0.0051	_36112_	9
896	0.0051	_35836_	10
896	0.0051	_35775_	2
896	0.0051	_35739_	8
896	0.0051	_07699_	10
896	0.0051	_07698_	7
897	0.0051	_04986_	1
897	0.0051	_36112_	9
897	0.0051	_35836_	10
897	0.0051	_35775_	2
897	0.0051	_35739_	8
897	0.0051	_07699_	10
897	0.0051	_07698_	7
898	0.0051	_04985_	1
898	0.0051	_36112_	9
898	0.0051	_35836_	10
898	0.0051	_35775_	2
898	0.0051	_35739_	8
898	0.0051	_07699_	10
898	0.0051	_07698_	7
899	0.0051	_04984_	1
899	0.0051	_36112_	9
899	0.0051	_35836_	10
899	0.0051	_35775_	2
899	0.0051	_35739_	8
899	0.0051	_07699_	10
899	0.0051	_07698_	7
900	0.0051	_04983_	1
900	0.0051	_36112_	9
900	0.0051	_35836_	10
900	0.0051	_35775_	2
900	0.0051	_35739_	8
900	0.0051	_07699_	10
900	0.0051	_07698_	7
901	0.0051	_06783_	1
901	0.0051	_36112_	9
901	0.0051	_35836_	10
901	0.0051	_35775_	2
901	0.0051	_35739_	8
901	0.0051	_07699_	10
901	0.0051	_07698_	7
902	0.0051	_05086_	1
902	0.0051	_36137_	9
902	0.0051	_35821_	10
902	0.0051	_35762_	2
902	0.0051	_35739_	8
902	0.0051	_07699_	10
902	0.0051	_07698_	7
903	0.0051	_05085_	1
903	0.0051	_36137_	9
903	0.0051	_35821_	10
903	0.0051	_35762_	2
903	0.0051	_35739_	8
903	0.0051	_07699_	10
903	0.0051	_07698_	7
904	0.0051	_05084_	1
904	0.0051	_36137_	9
904	0.0051	_35821_	10
904	0.0051	_35762_	2
904	0.0051	_35739_	8
904	0.0051	_07699_	10
904	0.0051	_07698_	7
905	0.0051	_05083_	1
905	0.0051	_36137_	9
905	0.0051	_35821_	10
905	0.0051	_35762_	2
905	0.0051	_35739_	8
905	0.0051	_07699_	10
905	0.0051	_07698_	7
906	0.0051	_05082_	1
906	0.0051	_36137_	9
906	0.0051	_35821_	10
906	0.0051	_35762_	2
906	0.0051	_35739_	8
906	0.0051	_07699_	10
906	0.0051	_07698_	7
907	0.0051	_05081_	1
907	0.0051	_36137_	9
907	0.0051	_35821_	10
907	0.0051	_35762_	2
907	0.0051	_35739_	8
907	0.0051	_07699_	10
907	0.0051	_07698_	7
908	0.0051	_05080_	1
908	0.0051	_36137_	9
908	0.0051	_35821_	10
908	0.0051	_35762_	2
908	0.0051	_35739_	8
908	0.0051	_07699_	10
908	0.0051	_07698_	7
909	0.0051	_05079_	1
909	0.0051	_36137_	9
909	0.0051	_35821_	10
909	0.0051	_35762_	2
909	0.0051	_35739_	8
909	0.0051	_07699_	10
909	0.0051	_07698_	7
910	0.0051	_06771_	1
910	0.0051	_36137_	9
910	0.0051	_35821_	10
910	0.0051	_35762_	2
910	0.0051	_35739_	8
910	0.0051	_07699_	10
910	0.0051	_07698_	7
911	0.0051	_05118_	1
911	0.0051	_36141_	9
911	0.0051	_35836_	10
911	0.0051	_35775_	2
911	0.0051	_35739_	8
911	0.0051	_07699_	10
911	0.0051	_07698_	7
912	0.0051	_05117_	1
912	0.0051	_36141_	9
912	0.0051	_35836_	10
912	0.0051	_35775_	2
912	0.0051	_35739_	8
912	0.0051	_07699_	10
912	0.0051	_07698_	7
913	0.0051	_05116_	1
913	0.0051	_36141_	9
913	0.0051	_35836_	10
913	0.0051	_35775_	2
913	0.0051	_35739_	8
913	0.0051	_07699_	10
913	0.0051	_07698_	7
914	0.0051	_05115_	1
914	0.0051	_36141_	9
914	0.0051	_35836_	10
914	0.0051	_35775_	2
914	0.0051	_35739_	8
914	0.0051	_07699_	10
914	0.0051	_07698_	7
915	0.0051	_05114_	1
915	0.0051	_36141_	9
915	0.0051	_35836_	10
915	0.0051	_35775_	2
915	0.0051	_35739_	8
915	0.0051	_07699_	10
915	0.0051	_07698_	7
916	0.0051	_05113_	1
916	0.0051	_36141_	9
916	0.0051	_35836_	10
916	0.0051	_35775_	2
916	0.0051	_35739_	8
916	0.0051	_07699_	10
916	0.0051	_07698_	7
917	0.0051	_05112_	1
917	0.0051	_36141_	9
917	0.0051	_35836_	10
917	0.0051	_35775_	2
917	0.0051	_35739_	8
917	0.0051	_07699_	10
917	0.0051	_07698_	7
918	0.0051	_05111_	1
918	0.0051	_36141_	9
918	0.0051	_35836_	10
918	0.0051	_35775_	2
918	0.0051	_35739_	8
918	0.0051	_07699_	10
918	0.0051	_07698_	7
919	0.0051	_06767_	1
919	0.0051	_36141_	9
919	0.0051	_35836_	10
919	0.0051	_35775_	2
919	0.0051	_35739_	8
919	0.0051	_07699_	10
919	0.0051	_07698_	7
920	0.0051	_03934_	1
920	0.0051	_35822_	9
920	0.0051	_35821_	10
920	0.0051	_35762_	2
920	0.0051	_35739_	8
920	0.0051	_07699_	10
920	0.0051	_07698_	7
921	0.0051	_03933_	1
921	0.0051	_35822_	9
921	0.0051	_35821_	10
921	0.0051	_35762_	2
921	0.0051	_35739_	8
921	0.0051	_07699_	10
921	0.0051	_07698_	7
922	0.0051	_03932_	1
922	0.0051	_35822_	9
922	0.0051	_35821_	10
922	0.0051	_35762_	2
922	0.0051	_35739_	8
922	0.0051	_07699_	10
922	0.0051	_07698_	7
923	0.0051	_03931_	1
923	0.0051	_35822_	9
923	0.0051	_35821_	10
923	0.0051	_35762_	2
923	0.0051	_35739_	8
923	0.0051	_07699_	10
923	0.0051	_07698_	7
924	0.0051	_03930_	1
924	0.0051	_35822_	9
924	0.0051	_35821_	10
924	0.0051	_35762_	2
924	0.0051	_35739_	8
924	0.0051	_07699_	10
924	0.0051	_07698_	7
925	0.0051	_03929_	1
925	0.0051	_35822_	9
925	0.0051	_35821_	10
925	0.0051	_35762_	2
925	0.0051	_35739_	8
925	0.0051	_07699_	10
925	0.0051	_07698_	7
926	0.0051	_03928_	1
926	0.0051	_35822_	9
926	0.0051	_35821_	10
926	0.0051	_35762_	2
926	0.0051	_35739_	8
926	0.0051	_07699_	10
926	0.0051	_07698_	7
927	0.0051	_03927_	1
927	0.0051	_35822_	9
927	0.0051	_35821_	10
927	0.0051	_35762_	2
927	0.0051	_35739_	8
927	0.0051	_07699_	10
927	0.0051	_07698_	7
928	0.0051	_06915_	1
928	0.0051	_35822_	9
928	0.0051	_35821_	10
928	0.0051	_35762_	2
928	0.0051	_35739_	8
928	0.0051	_07699_	10
928	0.0051	_07698_	7
929	0.0051	_03966_	1
929	0.0051	_35837_	9
929	0.0051	_35836_	10
929	0.0051	_35775_	2
929	0.0051	_35739_	8
929	0.0051	_07699_	10
929	0.0051	_07698_	7
930	0.0051	_03965_	1
930	0.0051	_35837_	9
930	0.0051	_35836_	10
930	0.0051	_35775_	2
930	0.0051	_35739_	8
930	0.0051	_07699_	10
930	0.0051	_07698_	7
931	0.0051	_03964_	1
931	0.0051	_35837_	9
931	0.0051	_35836_	10
931	0.0051	_35775_	2
931	0.0051	_35739_	8
931	0.0051	_07699_	10
931	0.0051	_07698_	7
932	0.0051	_03963_	1
932	0.0051	_35837_	9
932	0.0051	_35836_	10
932	0.0051	_35775_	2
932	0.0051	_35739_	8
932	0.0051	_07699_	10
932	0.0051	_07698_	7
933	0.0051	_03962_	1
933	0.0051	_35837_	9
933	0.0051	_35836_	10
933	0.0051	_35775_	2
933	0.0051	_35739_	8
933	0.0051	_07699_	10
933	0.0051	_07698_	7
934	0.0051	_03961_	1
934	0.0051	_35837_	9
934	0.0051	_35836_	10
934	0.0051	_35775_	2
934	0.0051	_35739_	8
934	0.0051	_07699_	10
934	0.0051	_07698_	7
935	0.0051	_03960_	1
935	0.0051	_35837_	9
935	0.0051	_35836_	10
935	0.0051	_35775_	2
935	0.0051	_35739_	8
935	0.0051	_07699_	10
935	0.0051	_07698_	7
936	0.0051	_03959_	1
936	0.0051	_35837_	9
936	0.0051	_35836_	10
936	0.0051	_35775_	2
936	0.0051	_35739_	8
936	0.0051	_07699_	10
936	0.0051	_07698_	7
937	0.0051	_06911_	1
937	0.0051	_35837_	9
937	0.0051	_35836_	10
937	0.0051	_35775_	2
937	0.0051	_35739_	8
937	0.0051	_07699_	10
937	0.0051	_07698_	7
938	0.0051	_04062_	1
938	0.0051	_35867_	9
938	0.0051	_35821_	10
938	0.0051	_35762_	2
938	0.0051	_35739_	8
938	0.0051	_07699_	10
938	0.0051	_07698_	7
939	0.0051	_04061_	1
939	0.0051	_35867_	9
939	0.0051	_35821_	10
939	0.0051	_35762_	2
939	0.0051	_35739_	8
939	0.0051	_07699_	10
939	0.0051	_07698_	7
940	0.0051	_04060_	1
940	0.0051	_35867_	9
940	0.0051	_35821_	10
940	0.0051	_35762_	2
940	0.0051	_35739_	8
940	0.0051	_07699_	10
940	0.0051	_07698_	7
941	0.0051	_04059_	1
941	0.0051	_35867_	9
941	0.0051	_35821_	10
941	0.0051	_35762_	2
941	0.0051	_35739_	8
941	0.0051	_07699_	10
941	0.0051	_07698_	7
942	0.0051	_04058_	1
942	0.0051	_35867_	9
942	0.0051	_35821_	10
942	0.0051	_35762_	2
942	0.0051	_35739_	8
942	0.0051	_07699_	10
942	0.0051	_07698_	7
943	0.0051	_04057_	1
943	0.0051	_35867_	9
943	0.0051	_35821_	10
943	0.0051	_35762_	2
943	0.0051	_35739_	8
943	0.0051	_07699_	10
943	0.0051	_07698_	7
944	0.0051	_04056_	1
944	0.0051	_35867_	9
944	0.0051	_35821_	10
944	0.0051	_35762_	2
944	0.0051	_35739_	8
944	0.0051	_07699_	10
944	0.0051	_07698_	7
945	0.0051	_04055_	1
945	0.0051	_35867_	9
945	0.0051	_35821_	10
945	0.0051	_35762_	2
945	0.0051	_35739_	8
945	0.0051	_07699_	10
945	0.0051	_07698_	7
946	0.0051	_06899_	1
946	0.0051	_35867_	9
946	0.0051	_35821_	10
946	0.0051	_35762_	2
946	0.0051	_35739_	8
946	0.0051	_07699_	10
946	0.0051	_07698_	7
947	0.0051	_04094_	1
947	0.0051	_35872_	9
947	0.0051	_35836_	10
947	0.0051	_35775_	2
947	0.0051	_35739_	8
947	0.0051	_07699_	10
947	0.0051	_07698_	7
948	0.0051	_04093_	1
948	0.0051	_35872_	9
948	0.0051	_35836_	10
948	0.0051	_35775_	2
948	0.0051	_35739_	8
948	0.0051	_07699_	10
948	0.0051	_07698_	7
949	0.0051	_04092_	1
949	0.0051	_35872_	9
949	0.0051	_35836_	10
949	0.0051	_35775_	2
949	0.0051	_35739_	8
949	0.0051	_07699_	10
949	0.0051	_07698_	7
950	0.0051	_04091_	1
950	0.0051	_35872_	9
950	0.0051	_35836_	10
950	0.0051	_35775_	2
950	0.0051	_35739_	8
950	0.0051	_07699_	10
950	0.0051	_07698_	7
951	0.0051	_04090_	1
951	0.0051	_35872_	9
951	0.0051	_35836_	10
951	0.0051	_35775_	2
951	0.0051	_35739_	8
951	0.0051	_07699_	10
951	0.0051	_07698_	7
952	0.0051	_04089_	1
952	0.0051	_35872_	9
952	0.0051	_35836_	10
952	0.0051	_35775_	2
952	0.0051	_35739_	8
952	0.0051	_07699_	10
952	0.0051	_07698_	7
953	0.0051	_04088_	1
953	0.0051	_35872_	9
953	0.0051	_35836_	10
953	0.0051	_35775_	2
953	0.0051	_35739_	8
953	0.0051	_07699_	10
953	0.0051	_07698_	7
954	0.0051	_04087_	1
954	0.0051	_35872_	9
954	0.0051	_35836_	10
954	0.0051	_35775_	2
954	0.0051	_35739_	8
954	0.0051	_07699_	10
954	0.0051	_07698_	7
955	0.0051	_06895_	1
955	0.0051	_35872_	9
955	0.0051	_35836_	10
955	0.0051	_35775_	2
955	0.0051	_35739_	8
955	0.0051	_07699_	10
955	0.0051	_07698_	7
956	0.0051	_04190_	1
956	0.0051	_35903_	9
956	0.0051	_35821_	10
956	0.0051	_35762_	2
956	0.0051	_35739_	8
956	0.0051	_07699_	10
956	0.0051	_07698_	7
957	0.0051	_04189_	1
957	0.0051	_35903_	9
957	0.0051	_35821_	10
957	0.0051	_35762_	2
957	0.0051	_35739_	8
957	0.0051	_07699_	10
957	0.0051	_07698_	7
958	0.0051	_04188_	1
958	0.0051	_35903_	9
958	0.0051	_35821_	10
958	0.0051	_35762_	2
958	0.0051	_35739_	8
958	0.0051	_07699_	10
958	0.0051	_07698_	7
959	0.0051	_04187_	1
959	0.0051	_35903_	9
959	0.0051	_35821_	10
959	0.0051	_35762_	2
959	0.0051	_35739_	8
959	0.0051	_07699_	10
959	0.0051	_07698_	7
960	0.0051	_04186_	1
960	0.0051	_35903_	9
960	0.0051	_35821_	10
960	0.0051	_35762_	2
960	0.0051	_35739_	8
960	0.0051	_07699_	10
960	0.0051	_07698_	7
961	0.0051	_04185_	1
961	0.0051	_35903_	9
961	0.0051	_35821_	10
961	0.0051	_35762_	2
961	0.0051	_35739_	8
961	0.0051	_07699_	10
961	0.0051	_07698_	7
962	0.0051	_04184_	1
962	0.0051	_35903_	9
962	0.0051	_35821_	10
962	0.0051	_35762_	2
962	0.0051	_35739_	8
962	0.0051	_07699_	10
962	0.0051	_07698_	7
963	0.0051	_04183_	1
963	0.0051	_35903_	9
963	0.0051	_35821_	10
963	0.0051	_35762_	2
963	0.0051	_35739_	8
963	0.0051	_07699_	10
963	0.0051	_07698_	7
964	0.0051	_06883_	1
964	0.0051	_35903_	9
964	0.0051	_35821_	10
964	0.0051	_35762_	2
964	0.0051	_35739_	8
964	0.0051	_07699_	10
964	0.0051	_07698_	7
965	0.0051	_04222_	1
965	0.0051	_35907_	9
965	0.0051	_35836_	10
965	0.0051	_35775_	2
965	0.0051	_35739_	8
965	0.0051	_07699_	10
965	0.0051	_07698_	7
966	0.0051	_04221_	1
966	0.0051	_35907_	9
966	0.0051	_35836_	10
966	0.0051	_35775_	2
966	0.0051	_35739_	8
966	0.0051	_07699_	10
966	0.0051	_07698_	7
967	0.0051	_04220_	1
967	0.0051	_35907_	9
967	0.0051	_35836_	10
967	0.0051	_35775_	2
967	0.0051	_35739_	8
967	0.0051	_07699_	10
967	0.0051	_07698_	7
968	0.0051	_04219_	1
968	0.0051	_35907_	9
968	0.0051	_35836_	10
968	0.0051	_35775_	2
968	0.0051	_35739_	8
968	0.0051	_07699_	10
968	0.0051	_07698_	7
969	0.0051	_04218_	1
969	0.0051	_35907_	9
969	0.0051	_35836_	10
969	0.0051	_35775_	2
969	0.0051	_35739_	8
969	0.0051	_07699_	10
969	0.0051	_07698_	7
970	0.0051	_04217_	1
970	0.0051	_35907_	9
970	0.0051	_35836_	10
970	0.0051	_35775_	2
970	0.0051	_35739_	8
970	0.0051	_07699_	10
970	0.0051	_07698_	7
971	0.0051	_04216_	1
971	0.0051	_35907_	9
971	0.0051	_35836_	10
971	0.0051	_35775_	2
971	0.0051	_35739_	8
971	0.0051	_07699_	10
971	0.0051	_07698_	7
972	0.0051	_04215_	1
972	0.0051	_35907_	9
972	0.0051	_35836_	10
972	0.0051	_35775_	2
972	0.0051	_35739_	8
972	0.0051	_07699_	10
972	0.0051	_07698_	7
973	0.0051	_06879_	1
973	0.0051	_35907_	9
973	0.0051	_35836_	10
973	0.0051	_35775_	2
973	0.0051	_35739_	8
973	0.0051	_07699_	10
973	0.0051	_07698_	7
974	0.0051	_04318_	1
974	0.0051	_35934_	9
974	0.0051	_35821_	10
974	0.0051	_35762_	2
974	0.0051	_35739_	8
974	0.0051	_07699_	10
974	0.0051	_07698_	7
975	0.0051	_04317_	1
975	0.0051	_35934_	9
975	0.0051	_35821_	10
975	0.0051	_35762_	2
975	0.0051	_35739_	8
975	0.0051	_07699_	10
975	0.0051	_07698_	7
976	0.0051	_04316_	1
976	0.0051	_35934_	9
976	0.0051	_35821_	10
976	0.0051	_35762_	2
976	0.0051	_35739_	8
976	0.0051	_07699_	10
976	0.0051	_07698_	7
977	0.0051	_04315_	1
977	0.0051	_35934_	9
977	0.0051	_35821_	10
977	0.0051	_35762_	2
977	0.0051	_35739_	8
977	0.0051	_07699_	10
977	0.0051	_07698_	7
978	0.0051	_04314_	1
978	0.0051	_35934_	9
978	0.0051	_35821_	10
978	0.0051	_35762_	2
978	0.0051	_35739_	8
978	0.0051	_07699_	10
978	0.0051	_07698_	7
979	0.0051	_04313_	1
979	0.0051	_35934_	9
979	0.0051	_35821_	10
979	0.0051	_35762_	2
979	0.0051	_35739_	8
979	0.0051	_07699_	10
979	0.0051	_07698_	7
980	0.0051	_04312_	1
980	0.0051	_35934_	9
980	0.0051	_35821_	10
980	0.0051	_35762_	2
980	0.0051	_35739_	8
980	0.0051	_07699_	10
980	0.0051	_07698_	7
981	0.0051	_04311_	1
981	0.0051	_35934_	9
981	0.0051	_35821_	10
981	0.0051	_35762_	2
981	0.0051	_35739_	8
981	0.0051	_07699_	10
981	0.0051	_07698_	7
982	0.0051	_06867_	1
982	0.0051	_35934_	9
982	0.0051	_35821_	10
982	0.0051	_35762_	2
982	0.0051	_35739_	8
982	0.0051	_07699_	10
982	0.0051	_07698_	7
983	0.0051	_04350_	1
983	0.0051	_35950_	9
983	0.0051	_35836_	10
983	0.0051	_35775_	2
983	0.0051	_35739_	8
983	0.0051	_07699_	10
983	0.0051	_07698_	7
984	0.0051	_04349_	1
984	0.0051	_35950_	9
984	0.0051	_35836_	10
984	0.0051	_35775_	2
984	0.0051	_35739_	8
984	0.0051	_07699_	10
984	0.0051	_07698_	7
985	0.0051	_04348_	1
985	0.0051	_35950_	9
985	0.0051	_35836_	10
985	0.0051	_35775_	2
985	0.0051	_35739_	8
985	0.0051	_07699_	10
985	0.0051	_07698_	7
986	0.0051	_04347_	1
986	0.0051	_35950_	9
986	0.0051	_35836_	10
986	0.0051	_35775_	2
986	0.0051	_35739_	8
986	0.0051	_07699_	10
986	0.0051	_07698_	7
987	0.0051	_04346_	1
987	0.0051	_35950_	9
987	0.0051	_35836_	10
987	0.0051	_35775_	2
987	0.0051	_35739_	8
987	0.0051	_07699_	10
987	0.0051	_07698_	7
988	0.0051	_04345_	1
988	0.0051	_35950_	9
988	0.0051	_35836_	10
988	0.0051	_35775_	2
988	0.0051	_35739_	8
988	0.0051	_07699_	10
988	0.0051	_07698_	7
989	0.0051	_04344_	1
989	0.0051	_35950_	9
989	0.0051	_35836_	10
989	0.0051	_35775_	2
989	0.0051	_35739_	8
989	0.0051	_07699_	10
989	0.0051	_07698_	7
990	0.0051	_04343_	1
990	0.0051	_35950_	9
990	0.0051	_35836_	10
990	0.0051	_35775_	2
990	0.0051	_35739_	8
990	0.0051	_07699_	10
990	0.0051	_07698_	7
991	0.0051	_06863_	1
991	0.0051	_35950_	9
991	0.0051	_35836_	10
991	0.0051	_35775_	2
991	0.0051	_35739_	8
991	0.0051	_07699_	10
991	0.0051	_07698_	7
992	0.0051	_04446_	1
992	0.0051	_35973_	9
992	0.0051	_35821_	10
992	0.0051	_35762_	2
992	0.0051	_35739_	8
992	0.0051	_07699_	10
992	0.0051	_07698_	7
993	0.0051	_04445_	1
993	0.0051	_35973_	9
993	0.0051	_35821_	10
993	0.0051	_35762_	2
993	0.0051	_35739_	8
993	0.0051	_07699_	10
993	0.0051	_07698_	7
994	0.0051	_04444_	1
994	0.0051	_35973_	9
994	0.0051	_35821_	10
994	0.0051	_35762_	2
994	0.0051	_35739_	8
994	0.0051	_07699_	10
994	0.0051	_07698_	7
995	0.0051	_04443_	1
995	0.0051	_35973_	9
995	0.0051	_35821_	10
995	0.0051	_35762_	2
995	0.0051	_35739_	8
995	0.0051	_07699_	10
995	0.0051	_07698_	7
996	0.0051	_04442_	1
996	0.0051	_35973_	9
996	0.0051	_35821_	10
996	0.0051	_35762_	2
996	0.0051	_35739_	8
996	0.0051	_07699_	10
996	0.0051	_07698_	7
997	0.0051	_04441_	1
997	0.0051	_35973_	9
997	0.0051	_35821_	10
997	0.0051	_35762_	2
997	0.0051	_35739_	8
997	0.0051	_07699_	10
997	0.0051	_07698_	7
998	0.0051	_04440_	1
998	0.0051	_35973_	9
998	0.0051	_35821_	10
998	0.0051	_35762_	2
998	0.0051	_35739_	8
998	0.0051	_07699_	10
998	0.0051	_07698_	7
999	0.0051	_04439_	1
999	0.0051	_35973_	9
999	0.0051	_35821_	10
999	0.0051	_35762_	2
999	0.0051	_35739_	8
999	0.0051	_07699_	10
999	0.0051	_07698_	7
