# stage	1_synth
# top_module	tpu_top
# top_n	1000
# kind	top_path_net_fanout
# path_idx	slack_ns	net_name	fanout
0	-0.6451	_13033_	1
0	-0.6451	_36765_	1
0	-0.6451	_36764_	1
0	-0.6451	_36759_	4
0	-0.6451	_19348_	2
0	-0.6451	_19347_	1
0	-0.6451	_19346_	2
0	-0.6451	_19345_	2
0	-0.6451	_19342_	1
0	-0.6451	_19341_	1
0	-0.6451	_19304_	4
0	-0.6451	_05190_	1
0	-0.6451	_04935_	8
0	-0.6451	_13310_	4
0	-0.6451	_13309_	1
0	-0.6451	_13308_	2
0	-0.6451	_13307_	1
0	-0.6451	_13305_	2
0	-0.6451	_13304_	1
0	-0.6451	_13301_	1
0	-0.6451	_13300_	3
0	-0.6451	_13299_	1
0	-0.6451	_08884_	3
0	-0.6451	_42951_	1
0	-0.6451	_42900_	1
0	-0.6451	_42898_	1
0	-0.6451	_45990_	1
0	-0.6451	_03465_	1
0	-0.6451	_15522_	8
0	-0.6451	systolic.weight_queue[63][2]	1
1	-0.5929	_11316_	1
1	-0.5929	_20606_	1
1	-0.5929	_20603_	1
1	-0.5929	_20602_	1
1	-0.5929	_20601_	1
1	-0.5929	_20600_	2
1	-0.5929	_20597_	1
1	-0.5929	_20593_	2
1	-0.5929	_20592_	1
1	-0.5929	_20553_	6
1	-0.5929	_07933_	1
1	-0.5929	_07923_	11
1	-0.5929	_13233_	1
1	-0.5929	_13232_	2
1	-0.5929	_13231_	1
1	-0.5929	_13214_	2
1	-0.5929	_13213_	1
1	-0.5929	_13210_	1
1	-0.5929	_13209_	4
1	-0.5929	_10134_	1
1	-0.5929	_42178_	1
1	-0.5929	_42176_	1
1	-0.5929	_40464_	1
1	-0.5929	_40128_	5
1	-0.5929	_03093_	2
1	-0.5929	_15750_	10
1	-0.5929	systolic.data_queue[57][0]	1
2	-0.5921	_13039_	1
2	-0.5921	_36835_	1
2	-0.5921	_36825_	2
2	-0.5921	_36824_	1
2	-0.5921	_20600_	2
2	-0.5921	_20597_	1
2	-0.5921	_20593_	2
2	-0.5921	_20592_	1
2	-0.5921	_20553_	6
2	-0.5921	_07933_	1
2	-0.5921	_07923_	11
2	-0.5921	_13233_	1
2	-0.5921	_13232_	2
2	-0.5921	_13231_	1
2	-0.5921	_13214_	2
2	-0.5921	_13213_	1
2	-0.5921	_13210_	1
2	-0.5921	_13209_	4
2	-0.5921	_10134_	1
2	-0.5921	_42178_	1
2	-0.5921	_42176_	1
2	-0.5921	_40464_	1
2	-0.5921	_40128_	5
2	-0.5921	_03093_	2
2	-0.5921	_15750_	10
2	-0.5921	systolic.data_queue[57][0]	1
3	-0.5885	_13096_	1
3	-0.5885	_37514_	1
3	-0.5885	_37513_	1
3	-0.5885	_37512_	1
3	-0.5885	_37507_	3
3	-0.5885	_31316_	2
3	-0.5885	_31313_	1
3	-0.5885	_31312_	2
3	-0.5885	_31309_	1
3	-0.5885	_31308_	1
3	-0.5885	_31246_	5
3	-0.5885	_10207_	1
3	-0.5885	_06082_	5
3	-0.5885	_17042_	6
3	-0.5885	_17041_	1
3	-0.5885	_17040_	2
3	-0.5885	_17039_	1
3	-0.5885	_17038_	2
3	-0.5885	_17034_	2
3	-0.5885	_17033_	2
3	-0.5885	_17032_	1
3	-0.5885	_09356_	3
3	-0.5885	_47550_	1
3	-0.5885	_47548_	1
3	-0.5885	_46157_	1
3	-0.5885	_46153_	1
3	-0.5885	_03432_	1
3	-0.5885	_15454_	10
3	-0.5885	systolic.data_queue[0][3]	1
4	-0.5871	_13081_	1
4	-0.5871	_37338_	1
4	-0.5871	_37335_	1
4	-0.5871	_37334_	1
4	-0.5871	_37333_	2
4	-0.5871	_28549_	2
4	-0.5871	_28546_	2
4	-0.5871	_28526_	1
4	-0.5871	_28509_	6
4	-0.5871	_08677_	1
4	-0.5871	_04422_	9
4	-0.5871	_13400_	1
4	-0.5871	_13399_	2
4	-0.5871	_13398_	2
4	-0.5871	_13390_	1
4	-0.5871	_13389_	4
4	-0.5871	_05601_	1
4	-0.5871	_43135_	1
4	-0.5871	_42434_	1
4	-0.5871	_41447_	1
4	-0.5871	_41441_	5
4	-0.5871	_03237_	2
4	-0.5871	_15406_	9
4	-0.5871	systolic.weight_queue[15][7]	1
5	-0.5822	_11736_	1
5	-0.5822	_24630_	1
5	-0.5822	_24629_	1
5	-0.5822	_24628_	1
5	-0.5822	_24627_	1
5	-0.5822	_24626_	2
5	-0.5822	_24623_	1
5	-0.5822	_24619_	2
5	-0.5822	_24618_	1
5	-0.5822	_24584_	6
5	-0.5822	_05472_	1
5	-0.5822	_05462_	11
5	-0.5822	_14952_	1
5	-0.5822	_14951_	2
5	-0.5822	_14950_	1
5	-0.5822	_14948_	2
5	-0.5822	_14947_	1
5	-0.5822	_14939_	1
5	-0.5822	_14938_	4
5	-0.5822	_07858_	1
5	-0.5822	_47724_	1
5	-0.5822	_44783_	1
5	-0.5822	_44781_	1
5	-0.5822	_42323_	5
5	-0.5822	_00783_	2
5	-0.5822	_16310_	10
5	-0.5822	systolic.data_queue[36][0]	1
6	-0.5814	_13060_	1
6	-0.5814	_37080_	1
6	-0.5814	_37070_	2
6	-0.5814	_37069_	1
6	-0.5814	_24626_	2
6	-0.5814	_24623_	1
6	-0.5814	_24619_	2
6	-0.5814	_24618_	1
6	-0.5814	_24584_	6
6	-0.5814	_05472_	1
6	-0.5814	_05462_	11
6	-0.5814	_14952_	1
6	-0.5814	_14951_	2
6	-0.5814	_14950_	1
6	-0.5814	_14948_	2
6	-0.5814	_14947_	1
6	-0.5814	_14939_	1
6	-0.5814	_14938_	4
6	-0.5814	_07858_	1
6	-0.5814	_47724_	1
6	-0.5814	_44783_	1
6	-0.5814	_44781_	1
6	-0.5814	_42323_	5
6	-0.5814	_00783_	2
6	-0.5814	_16310_	10
6	-0.5814	systolic.data_queue[36][0]	1
7	-0.5786	_13066_	1
7	-0.5786	_37157_	1
7	-0.5786	_37154_	1
7	-0.5786	_37153_	1
7	-0.5786	_37152_	2
7	-0.5786	_25768_	2
7	-0.5786	_25767_	2
7	-0.5786	_25744_	1
7	-0.5786	_25726_	5
7	-0.5786	_10185_	1
7	-0.5786	_10153_	9
7	-0.5786	_16855_	1
7	-0.5786	_16854_	2
7	-0.5786	_16853_	2
7	-0.5786	_16844_	1
7	-0.5786	_16843_	4
7	-0.5786	_07618_	1
7	-0.5786	_47662_	1
7	-0.5786	_47546_	1
7	-0.5786	_47444_	1
7	-0.5786	_46477_	5
7	-0.5786	_04118_	2
7	-0.5786	_15271_	10
7	-0.5786	systolic.data_queue[30][0]	1
8	-0.5713	_13086_	1
8	-0.5713	_37400_	1
8	-0.5713	_37394_	1
8	-0.5713	_37393_	1
8	-0.5713	_37392_	3
8	-0.5713	_29455_	2
8	-0.5713	_29454_	1
8	-0.5713	_29453_	1
8	-0.5713	_29452_	1
8	-0.5713	_29417_	2
8	-0.5713	_08613_	4
8	-0.5713	_04417_	7
8	-0.5713	_14822_	5
8	-0.5713	_14821_	1
8	-0.5713	_14820_	1
8	-0.5713	_14819_	1
8	-0.5713	_14818_	2
8	-0.5713	_13372_	2
8	-0.5713	_13370_	1
8	-0.5713	_13365_	4
8	-0.5713	_06278_	1
8	-0.5713	_41894_	1
8	-0.5713	_41609_	1
8	-0.5713	_41085_	1
8	-0.5713	_40912_	5
8	-0.5713	_02611_	2
8	-0.5713	_15499_	10
8	-0.5713	systolic.data_queue[10][0]	1
9	-0.5655	_13038_	1
9	-0.5655	_36823_	1
9	-0.5655	_36820_	1
9	-0.5655	_36819_	1
9	-0.5655	_36818_	2
9	-0.5655	_20378_	2
9	-0.5655	_20377_	2
9	-0.5655	_20357_	1
9	-0.5655	_20337_	5
9	-0.5655	_08413_	1
9	-0.5655	_08197_	9
9	-0.5655	_14222_	1
9	-0.5655	_14221_	2
9	-0.5655	_14220_	2
9	-0.5655	_14211_	1
9	-0.5655	_14210_	4
9	-0.5655	_08505_	1
9	-0.5655	_44142_	1
9	-0.5655	_43429_	1
9	-0.5655	_43182_	1
9	-0.5655	_40065_	5
9	-0.5655	_02291_	2
9	-0.5655	_16033_	10
9	-0.5655	systolic.data_queue[58][0]	1
10	-0.5649	_13091_	1
10	-0.5649	_37457_	1
10	-0.5649	_37456_	1
10	-0.5649	_37455_	3
10	-0.5649	_30396_	2
10	-0.5649	_30395_	1
10	-0.5649	_30393_	2
10	-0.5649	_30392_	2
10	-0.5649	_30390_	2
10	-0.5649	_30387_	1
10	-0.5649	_30378_	1
10	-0.5649	_30353_	5
10	-0.5649	_05067_	1
10	-0.5649	_05065_	2
10	-0.5649	_15248_	2
10	-0.5649	_15247_	1
10	-0.5649	_15217_	2
10	-0.5649	_14625_	2
10	-0.5649	_08100_	2
10	-0.5649	_46366_	1
10	-0.5649	_46330_	1
10	-0.5649	_42995_	1
10	-0.5649	_42992_	1
10	-0.5649	_04284_	1
10	-0.5649	_15942_	10
10	-0.5649	systolic.data_queue[5][7]	2
11	-0.5609	_13056_	1
11	-0.5609	_37037_	1
11	-0.5609	_37036_	1
11	-0.5609	_37035_	3
11	-0.5609	_23876_	2
11	-0.5609	_23875_	1
11	-0.5609	_23874_	2
11	-0.5609	_23873_	2
11	-0.5609	_23870_	2
11	-0.5609	_23867_	1
11	-0.5609	_23855_	1
11	-0.5609	_23807_	5
11	-0.5609	_04819_	1
11	-0.5609	_04817_	2
11	-0.5609	_16794_	2
11	-0.5609	_16792_	1
11	-0.5609	_16791_	2
11	-0.5609	_16790_	2
11	-0.5609	_07325_	2
11	-0.5609	_47377_	1
11	-0.5609	_47335_	1
11	-0.5609	_47301_	1
11	-0.5609	_47270_	1
11	-0.5609	_04073_	1
11	-0.5609	_15337_	10
11	-0.5609	systolic.data_queue[40][7]	2
12	-0.5603	_13041_	1
12	-0.5603	_36860_	1
12	-0.5603	_36859_	1
12	-0.5603	_36855_	2
12	-0.5603	_36853_	3
12	-0.5603	_21040_	2
12	-0.5603	_21039_	2
12	-0.5603	_21018_	1
12	-0.5603	_08393_	4
12	-0.5603	_08303_	9
12	-0.5603	_14899_	1
12	-0.5603	_14898_	2
12	-0.5603	_14897_	1
12	-0.5603	_14896_	2
12	-0.5603	_14895_	1
12	-0.5603	_14894_	1
12	-0.5603	_13758_	3
12	-0.5603	_13757_	1
12	-0.5603	_09620_	3
12	-0.5603	_45902_	1
12	-0.5603	_41079_	1
12	-0.5603	_40212_	1
12	-0.5603	_40208_	1
12	-0.5603	_04077_	1
12	-0.5603	_16210_	9
12	-0.5603	systolic.data_queue[55][3]	1
13	-0.5586	_13084_	1
13	-0.5586	_37374_	1
13	-0.5586	_37373_	1
13	-0.5586	_37372_	3
13	-0.5586	_29098_	2
13	-0.5586	_29097_	1
13	-0.5586	_29095_	2
13	-0.5586	_29094_	2
13	-0.5586	_29092_	2
13	-0.5586	_29089_	1
13	-0.5586	_29080_	1
13	-0.5586	_29056_	5
13	-0.5586	_07765_	1
13	-0.5586	_07763_	2
13	-0.5586	_14161_	2
13	-0.5586	_14159_	1
13	-0.5586	_14158_	2
13	-0.5586	_14156_	2
13	-0.5586	_08993_	2
13	-0.5586	_41681_	1
13	-0.5586	_41679_	1
13	-0.5586	_47112_	1
13	-0.5586	_47540_	1
13	-0.5586	_04219_	1
13	-0.5586	_16559_	10
13	-0.5586	systolic.data_queue[12][7]	2
14	-0.5555	_13045_	1
14	-0.5555	_36900_	1
14	-0.5555	_36897_	1
14	-0.5555	_36896_	1
14	-0.5555	_36895_	2
14	-0.5555	_21778_	2
14	-0.5555	_21775_	1
14	-0.5555	_21770_	2
14	-0.5555	_21769_	1
14	-0.5555	_08801_	3
14	-0.5555	_08764_	9
14	-0.5555	_14668_	1
14	-0.5555	_14666_	1
14	-0.5555	_14662_	2
14	-0.5555	_14661_	1
14	-0.5555	_14246_	4
14	-0.5555	_05338_	1
14	-0.5555	_45119_	1
14	-0.5555	_45116_	1
14	-0.5555	_46254_	1
14	-0.5555	_03393_	5
14	-0.5555	_03392_	3
14	-0.5555	_15550_	10
14	-0.5555	systolic.data_queue[51][2]	1
15	-0.5554	_13040_	1
15	-0.5554	_36850_	1
15	-0.5554	_36845_	1
15	-0.5554	_36844_	1
15	-0.5554	_36843_	3
15	-0.5554	_36842_	1
15	-0.5554	_20826_	2
15	-0.5554	_20825_	1
15	-0.5554	_20822_	3
15	-0.5554	_20821_	1
15	-0.5554	_20818_	2
15	-0.5554	_20757_	5
15	-0.5554	_06393_	1
15	-0.5554	_06391_	2
15	-0.5554	_15741_	1
15	-0.5554	_15724_	2
15	-0.5554	_15723_	2
15	-0.5554	_15715_	1
15	-0.5554	_15714_	4
15	-0.5554	_05301_	1
15	-0.5554	_46752_	1
15	-0.5554	_46705_	1
15	-0.5554	_46580_	1
15	-0.5554	_46535_	5
15	-0.5554	_03631_	2
15	-0.5554	_15378_	10
15	-0.5554	systolic.data_queue[56][0]	1
16	-0.5532	_13059_	1
16	-0.5532	_37068_	1
16	-0.5532	_37065_	1
16	-0.5532	_37064_	1
16	-0.5532	_37063_	2
16	-0.5532	_24438_	2
16	-0.5532	_24436_	1
16	-0.5532	_24433_	2
16	-0.5532	_24432_	2
16	-0.5532	_05751_	4
16	-0.5532	_05749_	9
16	-0.5532	_13571_	1
16	-0.5532	_13570_	2
16	-0.5532	_13569_	2
16	-0.5532	_13560_	1
16	-0.5532	_13559_	4
16	-0.5532	_04626_	1
16	-0.5532	_40015_	1
16	-0.5532	_39962_	1
16	-0.5532	_39960_	1
16	-0.5532	_39942_	5
16	-0.5532	_04330_	2
16	-0.5532	_15898_	10
16	-0.5532	systolic.data_queue[37][0]	1
17	-0.5497	_11196_	1
17	-0.5497	_19350_	1
17	-0.5497	_19349_	1
17	-0.5497	_19348_	2
17	-0.5497	_19347_	1
17	-0.5497	_19346_	2
17	-0.5497	_19345_	2
17	-0.5497	_19342_	1
17	-0.5497	_19341_	1
17	-0.5497	_19304_	4
17	-0.5497	_05190_	1
17	-0.5497	_04935_	8
17	-0.5497	_13310_	4
17	-0.5497	_13309_	1
17	-0.5497	_13308_	2
17	-0.5497	_13307_	1
17	-0.5497	_13305_	2
17	-0.5497	_13304_	1
17	-0.5497	_13301_	1
17	-0.5497	_13300_	3
17	-0.5497	_13299_	1
17	-0.5497	_08884_	3
17	-0.5497	_42951_	1
17	-0.5497	_42900_	1
17	-0.5497	_42898_	1
17	-0.5497	_45990_	1
17	-0.5497	_03465_	1
17	-0.5497	_15522_	8
17	-0.5497	systolic.weight_queue[63][2]	1
18	-0.5495	_13079_	1
18	-0.5495	_37316_	1
18	-0.5495	_37314_	1
18	-0.5495	_37311_	3
18	-0.5495	_28167_	2
18	-0.5495	_28165_	1
18	-0.5495	_28164_	3
18	-0.5495	_28160_	1
18	-0.5495	_28159_	2
18	-0.5495	_05394_	4
18	-0.5495	_05392_	2
18	-0.5495	_16459_	1
18	-0.5495	_16458_	1
18	-0.5495	_16457_	1
18	-0.5495	_16456_	2
18	-0.5495	_16454_	1
18	-0.5495	_16453_	2
18	-0.5495	_16451_	1
18	-0.5495	_16450_	2
18	-0.5495	_16449_	2
18	-0.5495	_07285_	2
18	-0.5495	_47182_	1
18	-0.5495	_42810_	1
18	-0.5495	_42808_	1
18	-0.5495	_45897_	1
18	-0.5495	_03175_	1
18	-0.5495	_15749_	10
18	-0.5495	systolic.data_queue[17][7]	2
19	-0.5457	_13073_	1
19	-0.5457	_37241_	1
19	-0.5457	_37237_	1
19	-0.5457	_37236_	1
19	-0.5457	_37235_	2
19	-0.5457	_27070_	2
19	-0.5457	_27069_	2
19	-0.5457	_27067_	1
19	-0.5457	_27066_	2
19	-0.5457	_07138_	4
19	-0.5457	_06662_	9
19	-0.5457	_16268_	1
19	-0.5457	_16267_	2
19	-0.5457	_16266_	2
19	-0.5457	_16257_	1
19	-0.5457	_16256_	4
19	-0.5457	_09203_	1
19	-0.5457	_47065_	1
19	-0.5457	_47040_	1
19	-0.5457	_46934_	1
19	-0.5457	_46514_	5
19	-0.5457	_03830_	2
19	-0.5457	_15351_	9
19	-0.5457	systolic.weight_queue[23][7]	1
20	-0.5446	_11375_	1
20	-0.5446	_21199_	1
20	-0.5446	_21197_	1
20	-0.5446	_21196_	1
20	-0.5446	_21195_	1
20	-0.5446	_21194_	2
20	-0.5446	_21160_	1
20	-0.5446	_21159_	1
20	-0.5446	_21158_	4
20	-0.5446	_07965_	1
20	-0.5446	_04887_	8
20	-0.5446	_13190_	1
20	-0.5446	_13189_	2
20	-0.5446	_13188_	1
20	-0.5446	_13187_	2
20	-0.5446	_13186_	1
20	-0.5446	_13178_	1
20	-0.5446	_13177_	4
20	-0.5446	_08958_	1
20	-0.5446	_43498_	1
20	-0.5446	_43386_	1
20	-0.5446	_43048_	1
20	-0.5446	_43041_	5
20	-0.5446	_01792_	2
20	-0.5446	_16084_	10
20	-0.5446	systolic.data_queue[54][0]	1
21	-0.5419	_13044_	1
21	-0.5419	_36892_	1
21	-0.5419	_36889_	1
21	-0.5419	_36888_	1
21	-0.5419	_36887_	2
21	-0.5419	_21593_	2
21	-0.5419	_21590_	1
21	-0.5419	_21586_	2
21	-0.5419	_21585_	1
21	-0.5419	_21550_	5
21	-0.5419	_09141_	1
21	-0.5419	_04942_	6
21	-0.5419	_15336_	4
21	-0.5419	_15335_	1
21	-0.5419	_15334_	2
21	-0.5419	_15333_	2
21	-0.5419	_15326_	1
21	-0.5419	_15122_	4
21	-0.5419	_04670_	1
21	-0.5419	_46694_	1
21	-0.5419	_46520_	1
21	-0.5419	_42065_	1
21	-0.5419	_41439_	5
21	-0.5419	_01432_	2
21	-0.5419	_16528_	10
21	-0.5419	systolic.data_queue[52][0]	1
22	-0.5418	_13050_	1
22	-0.5418	_36970_	1
22	-0.5418	_36967_	1
22	-0.5418	_36966_	1
22	-0.5418	_36965_	2
22	-0.5418	_22744_	2
22	-0.5418	_22742_	1
22	-0.5418	_22738_	2
22	-0.5418	_22737_	2
22	-0.5418	_22706_	5
22	-0.5418	_06018_	1
22	-0.5418	_05545_	8
22	-0.5418	_16684_	1
22	-0.5418	_13771_	2
22	-0.5418	_13770_	2
22	-0.5418	_13766_	1
22	-0.5418	_13713_	4
22	-0.5418	_05225_	1
22	-0.5418	_47346_	1
22	-0.5418	_46184_	1
22	-0.5418	_46083_	1
22	-0.5418	_43005_	5
22	-0.5418	_03273_	2
22	-0.5418	_15943_	10
22	-0.5418	systolic.data_queue[46][0]	1
23	-0.5369	_13043_	1
23	-0.5369	_36884_	1
23	-0.5369	_36881_	1
23	-0.5369	_36880_	1
23	-0.5369	_36879_	2
23	-0.5369	_21403_	2
23	-0.5369	_21401_	1
23	-0.5369	_21397_	2
23	-0.5369	_21396_	2
23	-0.5369	_21364_	5
23	-0.5369	_04656_	1
23	-0.5369	_04644_	8
23	-0.5369	_16400_	1
23	-0.5369	_15243_	2
23	-0.5369	_13259_	2
23	-0.5369	_13256_	1
23	-0.5369	_13147_	4
23	-0.5369	_09209_	1
23	-0.5369	_43342_	1
23	-0.5369	_43186_	1
23	-0.5369	_42342_	1
23	-0.5369	_42000_	5
23	-0.5369	_01411_	2
23	-0.5369	_15637_	10
23	-0.5369	systolic.data_queue[53][0]	1
24	-0.5305	_13088_	1
24	-0.5305	_37418_	1
24	-0.5305	_37417_	1
24	-0.5305	_37416_	3
24	-0.5305	_29841_	2
24	-0.5305	_29840_	1
24	-0.5305	_29837_	1
24	-0.5305	_29833_	2
24	-0.5305	_29832_	1
24	-0.5305	_09850_	3
24	-0.5305	_09848_	2
24	-0.5305	_14121_	1
24	-0.5305	_14120_	1
24	-0.5305	_14119_	1
24	-0.5305	_14118_	2
24	-0.5305	_14117_	1
24	-0.5305	_14103_	2
24	-0.5305	_14102_	1
24	-0.5305	_13537_	2
24	-0.5305	_13535_	2
24	-0.5305	_09914_	2
24	-0.5305	_46995_	1
24	-0.5305	_43833_	1
24	-0.5305	_43830_	1
24	-0.5305	_45846_	1
24	-0.5305	_03151_	1
24	-0.5305	_16373_	10
24	-0.5305	systolic.data_queue[8][7]	2
25	-0.5301	_13083_	1
25	-0.5301	_37368_	1
25	-0.5301	_37365_	1
25	-0.5301	_37360_	3
25	-0.5301	_37359_	1
25	-0.5301	_37355_	1
25	-0.5301	_28917_	2
25	-0.5301	_28913_	3
25	-0.5301	_28912_	1
25	-0.5301	_28887_	5
25	-0.5301	_04932_	1
25	-0.5301	_04930_	2
25	-0.5301	_15177_	1
25	-0.5301	_15176_	1
25	-0.5301	_15175_	2
25	-0.5301	_15174_	1
25	-0.5301	_15173_	2
25	-0.5301	_15172_	1
25	-0.5301	_15171_	2
25	-0.5301	_15170_	2
25	-0.5301	_08021_	2
25	-0.5301	_45206_	1
25	-0.5301	_45204_	1
25	-0.5301	_41335_	1
25	-0.5301	_41333_	1
25	-0.5301	_02401_	1
25	-0.5301	_16490_	10
25	-0.5301	systolic.data_queue[13][7]	2
26	-0.5298	_13063_	1
26	-0.5298	_37121_	1
26	-0.5298	_37120_	1
26	-0.5298	_37119_	3
26	-0.5298	_25198_	2
26	-0.5298	_25197_	1
26	-0.5298	_25195_	2
26	-0.5298	_25191_	1
26	-0.5298	_25190_	1
26	-0.5298	_25163_	5
26	-0.5298	_09893_	1
26	-0.5298	_06371_	6
26	-0.5298	_16129_	4
26	-0.5298	_16128_	1
26	-0.5298	_15199_	2
26	-0.5298	_15198_	1
26	-0.5298	_15197_	2
26	-0.5298	_15196_	1
26	-0.5298	_15193_	1
26	-0.5298	_13503_	4
26	-0.5298	_06318_	1
26	-0.5298	_42552_	1
26	-0.5298	_42549_	1
26	-0.5298	_43228_	1
26	-0.5298	_41564_	5
26	-0.5298	_01291_	2
26	-0.5298	_16430_	10
26	-0.5298	systolic.data_queue[33][0]	1
27	-0.5285	_13094_	1
27	-0.5285	_37496_	1
27	-0.5285	_37494_	1
27	-0.5285	_37493_	1
27	-0.5285	_37488_	4
27	-0.5285	_37486_	1
27	-0.5285	_30936_	2
27	-0.5285	_30934_	1
27	-0.5285	_30929_	2
27	-0.5285	_30917_	1
27	-0.5285	_30902_	7
27	-0.5285	_04482_	1
27	-0.5285	_04480_	2
27	-0.5285	_16165_	1
27	-0.5285	_16163_	1
27	-0.5285	_15189_	2
27	-0.5285	_15187_	1
27	-0.5285	_13754_	2
27	-0.5285	_13753_	1
27	-0.5285	_13486_	2
27	-0.5285	_13485_	2
27	-0.5285	_09612_	2
27	-0.5285	_44414_	1
27	-0.5285	_42694_	1
27	-0.5285	_40231_	1
27	-0.5285	_40228_	1
27	-0.5285	_02473_	1
27	-0.5285	_15687_	10
27	-0.5285	systolic.data_queue[2][7]	2
28	-0.5276	_13076_	1
28	-0.5276	_37283_	1
28	-0.5276	_37280_	1
28	-0.5276	_37275_	3
28	-0.5276	_37274_	1
28	-0.5276	_37270_	1
28	-0.5276	_27615_	2
28	-0.5276	_27610_	3
28	-0.5276	_27609_	1
28	-0.5276	_27575_	5
28	-0.5276	_08928_	1
28	-0.5276	_08926_	2
28	-0.5276	_15237_	1
28	-0.5276	_15236_	1
28	-0.5276	_15235_	2
28	-0.5276	_15234_	1
28	-0.5276	_15233_	2
28	-0.5276	_15232_	1
28	-0.5276	_14622_	2
28	-0.5276	_14620_	2
28	-0.5276	_09556_	2
28	-0.5276	_45768_	1
28	-0.5276	_44948_	1
28	-0.5276	_44923_	1
28	-0.5276	_44920_	1
28	-0.5276	_03817_	1
28	-0.5276	_16231_	10
28	-0.5276	systolic.data_queue[20][7]	2
29	-0.5269	_11555_	1
29	-0.5269	_22902_	1
29	-0.5269	_22901_	1
29	-0.5269	_22900_	1
29	-0.5269	_22899_	2
29	-0.5269	_22898_	1
29	-0.5269	_22897_	3
29	-0.5269	_22895_	3
29	-0.5269	_22891_	1
29	-0.5269	_22887_	2
29	-0.5269	_22886_	1
29	-0.5269	_22884_	6
29	-0.5269	_09660_	1
29	-0.5269	_09658_	2
29	-0.5269	_14355_	2
29	-0.5269	_14354_	2
29	-0.5269	_06963_	2
29	-0.5269	_43952_	1
29	-0.5269	_43160_	1
29	-0.5269	_43157_	1
29	-0.5269	_39836_	1
29	-0.5269	_00534_	1
29	-0.5269	_15440_	10
29	-0.5269	systolic.data_queue[45][7]	2
30	-0.5256	_13051_	1
30	-0.5256	_36978_	1
30	-0.5256	_36975_	1
30	-0.5256	_36974_	1
30	-0.5256	_36973_	2
30	-0.5256	_22932_	2
30	-0.5256	_22929_	1
30	-0.5256	_22925_	2
30	-0.5256	_22924_	1
30	-0.5256	_22861_	5
30	-0.5256	_09633_	1
30	-0.5256	_09623_	8
30	-0.5256	_14349_	4
30	-0.5256	_14348_	1
30	-0.5256	_14347_	2
30	-0.5256	_14346_	2
30	-0.5256	_14338_	1
30	-0.5256	_14337_	4
30	-0.5256	_05008_	1
30	-0.5256	_43946_	1
30	-0.5256	_43115_	1
30	-0.5256	_43113_	1
30	-0.5256	_46566_	5
30	-0.5256	_04235_	2
30	-0.5256	_15425_	10
30	-0.5256	systolic.data_queue[45][0]	1
31	-0.5255	_12116_	1
31	-0.5255	_28169_	1
31	-0.5255	_28168_	1
31	-0.5255	_28167_	2
31	-0.5255	_28165_	1
31	-0.5255	_28164_	3
31	-0.5255	_28160_	1
31	-0.5255	_28159_	2
31	-0.5255	_05394_	4
31	-0.5255	_05392_	2
31	-0.5255	_16459_	1
31	-0.5255	_16458_	1
31	-0.5255	_16457_	1
31	-0.5255	_16456_	2
31	-0.5255	_16454_	1
31	-0.5255	_16453_	2
31	-0.5255	_16451_	1
31	-0.5255	_16450_	2
31	-0.5255	_16449_	2
31	-0.5255	_07285_	2
31	-0.5255	_47182_	1
31	-0.5255	_42810_	1
31	-0.5255	_42808_	1
31	-0.5255	_45897_	1
31	-0.5255	_03175_	1
31	-0.5255	_15749_	10
31	-0.5255	systolic.data_queue[17][7]	2
32	-0.5239	_13062_	1
32	-0.5239	_37115_	1
32	-0.5239	_37112_	1
32	-0.5239	_37107_	3
32	-0.5239	_37106_	1
32	-0.5239	_37102_	1
32	-0.5239	_25019_	2
32	-0.5239	_25015_	2
32	-0.5239	_25014_	1
32	-0.5239	_24981_	6
32	-0.5239	_08668_	1
32	-0.5239	_08666_	2
32	-0.5239	_14317_	1
32	-0.5239	_14316_	1
32	-0.5239	_14315_	1
32	-0.5239	_14314_	2
32	-0.5239	_14313_	1
32	-0.5239	_14312_	2
32	-0.5239	_14310_	1
32	-0.5239	_14309_	2
32	-0.5239	_14308_	2
32	-0.5239	_06269_	2
32	-0.5239	_44317_	1
32	-0.5239	_44255_	1
32	-0.5239	_44080_	1
32	-0.5239	_43917_	1
32	-0.5239	_02265_	1
32	-0.5239	_15615_	10
32	-0.5239	systolic.data_queue[34][7]	2
33	-0.5238	_11356_	1
33	-0.5238	_21042_	1
33	-0.5238	_21041_	1
33	-0.5238	_21040_	2
33	-0.5238	_21039_	2
33	-0.5238	_21018_	1
33	-0.5238	_08393_	4
33	-0.5238	_08303_	9
33	-0.5238	_14899_	1
33	-0.5238	_14898_	2
33	-0.5238	_14897_	1
33	-0.5238	_14896_	2
33	-0.5238	_14895_	1
33	-0.5238	_14894_	1
33	-0.5238	_13758_	3
33	-0.5238	_13757_	1
33	-0.5238	_09620_	3
33	-0.5238	_45902_	1
33	-0.5238	_41079_	1
33	-0.5238	_40212_	1
33	-0.5238	_40208_	1
33	-0.5238	_04077_	1
33	-0.5238	_16210_	9
33	-0.5238	systolic.data_queue[55][3]	1
34	-0.5235	_12255_	1
34	-0.5235	_29430_	1
34	-0.5235	_29429_	1
34	-0.5235	_29428_	1
34	-0.5235	_29423_	1
34	-0.5235	_29416_	2
34	-0.5235	_29415_	2
34	-0.5235	_08612_	4
34	-0.5235	_04417_	7
34	-0.5235	_14822_	5
34	-0.5235	_14821_	1
34	-0.5235	_14820_	1
34	-0.5235	_14819_	1
34	-0.5235	_14818_	2
34	-0.5235	_13372_	2
34	-0.5235	_13370_	1
34	-0.5235	_13365_	4
34	-0.5235	_06278_	1
34	-0.5235	_41894_	1
34	-0.5235	_41609_	1
34	-0.5235	_41085_	1
34	-0.5235	_40912_	5
34	-0.5235	_02611_	2
34	-0.5235	_15499_	10
34	-0.5235	systolic.data_queue[10][0]	1
35	-0.5226	_11416_	1
35	-0.5226	_21595_	1
35	-0.5226	_21594_	1
35	-0.5226	_21593_	2
35	-0.5226	_21590_	1
35	-0.5226	_21586_	2
35	-0.5226	_21585_	1
35	-0.5226	_21550_	5
35	-0.5226	_09141_	1
35	-0.5226	_04942_	6
35	-0.5226	_15336_	4
35	-0.5226	_15335_	1
35	-0.5226	_15334_	2
35	-0.5226	_15333_	2
35	-0.5226	_15326_	1
35	-0.5226	_15122_	4
35	-0.5226	_04670_	1
35	-0.5226	_46694_	1
35	-0.5226	_46520_	1
35	-0.5226	_42065_	1
35	-0.5226	_41439_	5
35	-0.5226	_01432_	2
35	-0.5226	_16528_	10
35	-0.5226	systolic.data_queue[52][0]	1
36	-0.5221	_13090_	1
36	-0.5221	_37451_	1
36	-0.5221	_37448_	1
36	-0.5221	_37443_	3
36	-0.5221	_37442_	1
36	-0.5221	_37438_	1
36	-0.5221	_30217_	2
36	-0.5221	_30213_	3
36	-0.5221	_30212_	1
36	-0.5221	_30187_	5
36	-0.5221	_05765_	1
36	-0.5221	_05763_	2
36	-0.5221	_14116_	1
36	-0.5221	_14114_	1
36	-0.5221	_14113_	2
36	-0.5221	_14112_	1
36	-0.5221	_14111_	2
36	-0.5221	_14109_	1
36	-0.5221	_14014_	2
36	-0.5221	_14012_	2
36	-0.5221	_08852_	2
36	-0.5221	_47597_	1
36	-0.5221	_43858_	1
36	-0.5221	_43793_	1
36	-0.5221	_43777_	1
36	-0.5221	_02188_	1
36	-0.5221	_16064_	10
36	-0.5221	systolic.data_queue[6][7]	2
37	-0.5218	_13095_	1
37	-0.5218	_37501_	1
37	-0.5218	_37500_	1
37	-0.5218	_37499_	1
37	-0.5218	_37498_	4
37	-0.5218	_31129_	2
37	-0.5218	_31127_	1
37	-0.5218	_31126_	2
37	-0.5218	_31125_	2
37	-0.5218	_31124_	1
37	-0.5218	_31055_	4
37	-0.5218	_31054_	4
37	-0.5218	_05145_	1
37	-0.5218	_05143_	2
37	-0.5218	_15202_	1
37	-0.5218	_15085_	2
37	-0.5218	_15084_	1
37	-0.5218	_15082_	2
37	-0.5218	_15081_	1
37	-0.5218	_15073_	1
37	-0.5218	_15072_	4
37	-0.5218	_09188_	1
37	-0.5218	_45873_	1
37	-0.5218	_45579_	1
37	-0.5218	_45503_	1
37	-0.5218	_45497_	5
37	-0.5218	_02838_	2
37	-0.5218	_15563_	10
37	-0.5218	systolic.data_queue[1][0]	1
38	-0.5205	_13093_	1
38	-0.5205	_37484_	1
38	-0.5205	_37480_	1
38	-0.5205	_37479_	2
38	-0.5205	_37476_	2
38	-0.5205	_30753_	2
38	-0.5205	_30751_	1
38	-0.5205	_30750_	2
38	-0.5205	_30749_	2
38	-0.5205	_30748_	1
38	-0.5205	_30675_	5
38	-0.5205	_07274_	1
38	-0.5205	_07272_	2
38	-0.5205	_16510_	1
38	-0.5205	_16509_	1
38	-0.5205	_16508_	1
38	-0.5205	_16507_	2
38	-0.5205	_16506_	1
38	-0.5205	_15490_	2
38	-0.5205	_15488_	1
38	-0.5205	_13424_	2
38	-0.5205	_13423_	2
38	-0.5205	_09289_	2
38	-0.5205	_42572_	1
38	-0.5205	_42531_	1
38	-0.5205	_40904_	1
38	-0.5205	_40901_	1
38	-0.5205	_02718_	1
38	-0.5205	_15801_	10
38	-0.5205	systolic.data_queue[3][7]	2
39	-0.5202	_13055_	1
39	-0.5202	_37031_	1
39	-0.5202	_37028_	1
39	-0.5202	_37023_	3
39	-0.5202	_37022_	1
39	-0.5202	_37018_	1
39	-0.5202	_23675_	2
39	-0.5202	_23671_	2
39	-0.5202	_23670_	1
39	-0.5202	_23606_	6
39	-0.5202	_08735_	1
39	-0.5202	_08733_	2
39	-0.5202	_16755_	1
39	-0.5202	_16754_	1
39	-0.5202	_16753_	1
39	-0.5202	_16752_	2
39	-0.5202	_16751_	1
39	-0.5202	_13545_	2
39	-0.5202	_13543_	1
39	-0.5202	_13542_	2
39	-0.5202	_13540_	2
39	-0.5202	_06944_	2
39	-0.5202	_41767_	1
39	-0.5202	_41653_	1
39	-0.5202	_41430_	1
39	-0.5202	_41205_	1
39	-0.5202	_01110_	1
39	-0.5202	_15669_	10
39	-0.5202	systolic.data_queue[41][7]	2
40	-0.5195	_13057_	1
40	-0.5195	_37050_	1
40	-0.5195	_37047_	1
40	-0.5195	_37046_	1
40	-0.5195	_37045_	2
40	-0.5195	_24082_	2
40	-0.5195	_24081_	1
40	-0.5195	_24076_	2
40	-0.5195	_24061_	1
40	-0.5195	_06641_	4
40	-0.5195	_06629_	8
40	-0.5195	_13336_	1
40	-0.5195	_13335_	2
40	-0.5195	_13334_	2
40	-0.5195	_13325_	1
40	-0.5195	_13324_	4
40	-0.5195	_07886_	1
40	-0.5195	_40634_	1
40	-0.5195	_40631_	1
40	-0.5195	_44384_	1
40	-0.5195	_40346_	5
40	-0.5195	_02604_	2
40	-0.5195	_16627_	9
40	-0.5195	systolic.weight_queue[39][7]	1
41	-0.5190	_13053_	1
41	-0.5190	_37000_	1
41	-0.5190	_36999_	1
41	-0.5190	_36990_	3
41	-0.5190	_23301_	2
41	-0.5190	_23300_	1
41	-0.5190	_23299_	2
41	-0.5190	_23295_	1
41	-0.5190	_23294_	1
41	-0.5190	_23234_	5
41	-0.5190	_09704_	1
41	-0.5190	_05799_	11
41	-0.5190	_14488_	1
41	-0.5190	_14487_	2
41	-0.5190	_14486_	1
41	-0.5190	_14484_	2
41	-0.5190	_14483_	1
41	-0.5190	_14475_	1
41	-0.5190	_14474_	4
41	-0.5190	_07225_	1
41	-0.5190	_44516_	1
41	-0.5190	_44036_	1
41	-0.5190	_43481_	1
41	-0.5190	_43424_	5
41	-0.5190	_01939_	2
41	-0.5190	_15475_	10
41	-0.5190	systolic.data_queue[43][0]	1
42	-0.5158	_13070_	1
42	-0.5158	_37204_	1
42	-0.5158	_37203_	1
42	-0.5158	_37202_	3
42	-0.5158	_26507_	2
42	-0.5158	_26506_	2
42	-0.5158	_26505_	1
42	-0.5158	_26501_	2
42	-0.5158	_26500_	1
42	-0.5158	_06256_	3
42	-0.5158	_06255_	2
42	-0.5158	_15498_	2
42	-0.5158	_15496_	1
42	-0.5158	_14806_	2
42	-0.5158	_14804_	1
42	-0.5158	_13481_	2
42	-0.5158	_13480_	2
42	-0.5158	_07633_	2
42	-0.5158	_47130_	1
42	-0.5158	_40853_	1
42	-0.5158	_40850_	1
42	-0.5158	_43356_	1
42	-0.5158	_01967_	1
42	-0.5158	_16511_	10
42	-0.5158	systolic.data_queue[26][7]	2
43	-0.5149	_13067_	1
43	-0.5149	_37166_	1
43	-0.5149	_37163_	1
43	-0.5149	_37162_	1
43	-0.5149	_37161_	2
43	-0.5149	_25951_	2
43	-0.5149	_25950_	2
43	-0.5149	_25931_	1
43	-0.5149	_25914_	5
43	-0.5149	_05698_	1
43	-0.5149	_05445_	9
43	-0.5149	_16902_	1
43	-0.5149	_16899_	1
43	-0.5149	_16895_	1
43	-0.5149	_16894_	2
43	-0.5149	_16886_	1
43	-0.5149	_16885_	4
43	-0.5149	_09396_	1
43	-0.5149	_41803_	1
43	-0.5149	_41800_	1
43	-0.5149	_41717_	1
43	-0.5149	_41715_	5
43	-0.5149	_01227_	2
43	-0.5149	_16130_	10
43	-0.5149	systolic.data_queue[29][0]	1
44	-0.5149	_13035_	1
44	-0.5149	_36794_	1
44	-0.5149	_36791_	1
44	-0.5149	_36790_	1
44	-0.5149	_36787_	3
44	-0.5149	_36786_	1
44	-0.5149	_36785_	1
44	-0.5149	_19746_	2
44	-0.5149	_19707_	2
44	-0.5149	_06987_	3
44	-0.5149	_06977_	11
44	-0.5149	_14617_	1
44	-0.5149	_14603_	2
44	-0.5149	_14602_	1
44	-0.5149	_14601_	2
44	-0.5149	_14600_	1
44	-0.5149	_14593_	1
44	-0.5149	_14583_	4
44	-0.5149	_07208_	1
44	-0.5149	_44918_	1
44	-0.5149	_44916_	1
44	-0.5149	_40766_	1
44	-0.5149	_40763_	5
44	-0.5149	_03779_	2
44	-0.5149	_16560_	10
44	-0.5149	systolic.data_queue[61][0]	1
45	-0.5134	_13042_	1
45	-0.5134	_36874_	1
45	-0.5134	_36872_	1
45	-0.5134	_36871_	1
45	-0.5134	_36866_	4
45	-0.5134	_36864_	1
45	-0.5134	_21223_	2
45	-0.5134	_21221_	1
45	-0.5134	_21217_	2
45	-0.5134	_21216_	1
45	-0.5134	_21154_	6
45	-0.5134	_05591_	1
45	-0.5134	_05589_	2
45	-0.5134	_13709_	1
45	-0.5134	_13708_	1
45	-0.5134	_13707_	2
45	-0.5134	_13706_	1
45	-0.5134	_13705_	2
45	-0.5134	_13703_	1
45	-0.5134	_13577_	2
45	-0.5134	_13575_	2
45	-0.5134	_08110_	2
45	-0.5134	_47719_	1
45	-0.5134	_46571_	1
45	-0.5134	_46470_	1
45	-0.5134	_43106_	1
45	-0.5134	_01901_	1
45	-0.5134	_16099_	10
45	-0.5134	systolic.data_queue[54][7]	2
46	-0.5132	_13048_	1
46	-0.5132	_36948_	1
46	-0.5132	_36944_	1
46	-0.5132	_36938_	3
46	-0.5132	_36937_	1
46	-0.5132	_36933_	1
46	-0.5132	_22359_	2
46	-0.5132	_22355_	3
46	-0.5132	_22354_	1
46	-0.5132	_22323_	5
46	-0.5132	_06191_	1
46	-0.5132	_06189_	2
46	-0.5132	_15836_	1
46	-0.5132	_15835_	1
46	-0.5132	_14836_	2
46	-0.5132	_14834_	1
46	-0.5132	_14573_	2
46	-0.5132	_14572_	1
46	-0.5132	_14570_	2
46	-0.5132	_14569_	2
46	-0.5132	_10117_	2
46	-0.5132	_40712_	1
46	-0.5132	_40709_	1
46	-0.5132	_45012_	1
46	-0.5132	_45010_	1
46	-0.5132	_02796_	1
46	-0.5132	_16625_	10
46	-0.5132	systolic.data_queue[48][7]	2
47	-0.5106	_13069_	1
47	-0.5106	_37198_	1
47	-0.5106	_37195_	1
47	-0.5106	_37190_	3
47	-0.5106	_37189_	1
47	-0.5106	_37185_	1
47	-0.5106	_26328_	2
47	-0.5106	_26324_	2
47	-0.5106	_26323_	1
47	-0.5106	_26299_	5
47	-0.5106	_04947_	1
47	-0.5106	_04945_	2
47	-0.5106	_15020_	1
47	-0.5106	_15019_	1
47	-0.5106	_15018_	2
47	-0.5106	_15017_	1
47	-0.5106	_15016_	2
47	-0.5106	_15014_	1
47	-0.5106	_15013_	2
47	-0.5106	_14987_	2
47	-0.5106	_07421_	2
47	-0.5106	_45620_	1
47	-0.5106	_45562_	1
47	-0.5106	_45549_	1
47	-0.5106	_45283_	1
47	-0.5106	_02903_	1
47	-0.5106	_15474_	10
47	-0.5106	systolic.data_queue[27][7]	2
48	-0.5088	_13046_	1
48	-0.5088	_36912_	1
48	-0.5088	_36902_	2
48	-0.5088	_21966_	2
48	-0.5088	_21964_	2
48	-0.5088	_21961_	2
48	-0.5088	_21942_	1
48	-0.5088	_21901_	5
48	-0.5088	_07895_	1
48	-0.5088	_07760_	11
48	-0.5088	_15404_	1
48	-0.5088	_15376_	2
48	-0.5088	_15375_	1
48	-0.5088	_15345_	2
48	-0.5088	_15344_	1
48	-0.5088	_15342_	1
48	-0.5088	_15338_	4
48	-0.5088	_05358_	1
48	-0.5088	_46741_	1
48	-0.5088	_46739_	1
48	-0.5088	_46928_	1
48	-0.5088	_42613_	5
48	-0.5088	_01625_	2
48	-0.5088	_15766_	10
48	-0.5088	systolic.data_queue[50][0]	1
49	-0.5083	_12096_	1
49	-0.5083	_27981_	1
49	-0.5083	_27980_	1
49	-0.5083	_27979_	2
49	-0.5083	_27977_	1
49	-0.5083	_27972_	2
49	-0.5083	_27958_	1
49	-0.5083	_09084_	4
49	-0.5083	_05956_	10
49	-0.5083	_16953_	1
49	-0.5083	_16952_	1
49	-0.5083	_14443_	2
49	-0.5083	_14442_	2
49	-0.5083	_14441_	1
49	-0.5083	_14440_	2
49	-0.5083	_14439_	2
49	-0.5083	_13199_	2
49	-0.5083	_13198_	1
49	-0.5083	_04777_	3
49	-0.5083	_43340_	1
49	-0.5083	_41688_	1
49	-0.5083	_40106_	1
49	-0.5083	_40102_	1
49	-0.5083	_02636_	1
49	-0.5083	_15893_	10
49	-0.5083	systolic.data_queue[18][3]	1
50	-0.5076	_13072_	1
50	-0.5076	_37231_	1
50	-0.5076	_37227_	1
50	-0.5076	_37226_	2
50	-0.5076	_37223_	2
50	-0.5076	_26880_	2
50	-0.5076	_26878_	1
50	-0.5076	_26857_	1
50	-0.5076	_26801_	6
50	-0.5076	_05566_	1
50	-0.5076	_05565_	5
50	-0.5076	_14695_	6
50	-0.5076	_14694_	1
50	-0.5076	_14693_	2
50	-0.5076	_14692_	1
50	-0.5076	_14690_	2
50	-0.5076	_14689_	1
50	-0.5076	_14681_	1
50	-0.5076	_14680_	4
50	-0.5076	_07150_	1
50	-0.5076	_45072_	1
50	-0.5076	_44833_	1
50	-0.5076	_44651_	1
50	-0.5076	_44645_	5
50	-0.5076	_02472_	2
50	-0.5076	_15579_	10
50	-0.5076	systolic.data_queue[24][0]	1
51	-0.5051	_12456_	1
51	-0.5051	_31319_	1
51	-0.5051	_31317_	1
51	-0.5051	_31316_	2
51	-0.5051	_31313_	1
51	-0.5051	_31312_	2
51	-0.5051	_31309_	1
51	-0.5051	_31308_	1
51	-0.5051	_31246_	5
51	-0.5051	_10207_	1
51	-0.5051	_06082_	5
51	-0.5051	_17042_	6
51	-0.5051	_17041_	1
51	-0.5051	_17040_	2
51	-0.5051	_17039_	1
51	-0.5051	_17038_	2
51	-0.5051	_17034_	2
51	-0.5051	_17033_	2
51	-0.5051	_17032_	1
51	-0.5051	_09356_	3
51	-0.5051	_47550_	1
51	-0.5051	_47548_	1
51	-0.5051	_46157_	1
51	-0.5051	_46153_	1
51	-0.5051	_03432_	1
51	-0.5051	_15454_	10
51	-0.5051	systolic.data_queue[0][3]	1
52	-0.5041	_13037_	1
52	-0.5041	_36814_	1
52	-0.5041	_36811_	1
52	-0.5041	_36810_	1
52	-0.5041	_36809_	2
52	-0.5041	_20166_	2
52	-0.5041	_20165_	1
52	-0.5041	_20160_	2
52	-0.5041	_20159_	1
52	-0.5041	_20093_	5
52	-0.5041	_09743_	1
52	-0.5041	_09729_	6
52	-0.5041	_16668_	4
52	-0.5041	_16667_	1
52	-0.5041	_15848_	2
52	-0.5041	_15847_	2
52	-0.5041	_15840_	1
52	-0.5041	_14904_	4
52	-0.5041	_09447_	1
52	-0.5041	_40972_	1
52	-0.5041	_40335_	1
52	-0.5041	_40333_	1
52	-0.5041	_45324_	5
52	-0.5041	_02364_	2
52	-0.5041	_16326_	10
52	-0.5041	systolic.data_queue[59][0]	1
53	-0.5039	_11336_	1
53	-0.5039	_20831_	1
53	-0.5039	_20830_	1
53	-0.5039	_20829_	1
53	-0.5039	_20828_	1
53	-0.5039	_20827_	1
53	-0.5039	_20826_	2
53	-0.5039	_20825_	1
53	-0.5039	_20822_	3
53	-0.5039	_20821_	1
53	-0.5039	_20818_	2
53	-0.5039	_20757_	5
53	-0.5039	_06393_	1
53	-0.5039	_06391_	2
53	-0.5039	_15741_	1
53	-0.5039	_15724_	2
53	-0.5039	_15723_	2
53	-0.5039	_15715_	1
53	-0.5039	_15714_	4
53	-0.5039	_05301_	1
53	-0.5039	_46752_	1
53	-0.5039	_46705_	1
53	-0.5039	_46580_	1
53	-0.5039	_46535_	5
53	-0.5039	_03631_	2
53	-0.5039	_15378_	10
53	-0.5039	systolic.data_queue[56][0]	1
54	-0.5028	_13064_	1
54	-0.5028	_37138_	1
54	-0.5028	_37134_	1
54	-0.5028	_37127_	2
54	-0.5028	_25403_	2
54	-0.5028	_25401_	2
54	-0.5028	_25400_	1
54	-0.5028	_25396_	2
54	-0.5028	_25395_	1
54	-0.5028	_25364_	4
54	-0.5028	_06122_	1
54	-0.5028	_06120_	10
54	-0.5028	_14395_	1
54	-0.5028	_14394_	1
54	-0.5028	_14393_	2
54	-0.5028	_14392_	2
54	-0.5028	_14391_	1
54	-0.5028	_14390_	2
54	-0.5028	_14389_	2
54	-0.5028	_14388_	2
54	-0.5028	_14387_	1
54	-0.5028	_09374_	3
54	-0.5028	_44162_	1
54	-0.5028	_44159_	1
54	-0.5028	_44277_	1
54	-0.5028	_43018_	1
54	-0.5028	_01830_	1
54	-0.5028	_16028_	10
54	-0.5028	systolic.data_queue[32][3]	1
55	-0.5019	_11355_	1
55	-0.5019	_21012_	1
55	-0.5019	_21011_	1
55	-0.5019	_21010_	1
55	-0.5019	_20969_	1
55	-0.5019	_20968_	1
55	-0.5019	_20967_	5
55	-0.5019	_08307_	1
55	-0.5019	_08303_	9
55	-0.5019	_14899_	1
55	-0.5019	_14898_	2
55	-0.5019	_14897_	1
55	-0.5019	_14896_	2
55	-0.5019	_14895_	1
55	-0.5019	_14894_	1
55	-0.5019	_13758_	3
55	-0.5019	_13757_	1
55	-0.5019	_09620_	3
55	-0.5019	_45902_	1
55	-0.5019	_41079_	1
55	-0.5019	_40212_	1
55	-0.5019	_40208_	1
55	-0.5019	_04077_	1
55	-0.5019	_16210_	9
55	-0.5019	systolic.data_queue[55][3]	1
56	-0.5016	_13080_	1
56	-0.5016	_37330_	1
56	-0.5016	_37328_	1
56	-0.5016	_37327_	1
56	-0.5016	_37322_	4
56	-0.5016	_37320_	1
56	-0.5016	_28354_	3
56	-0.5016	_28353_	3
56	-0.5016	_28336_	1
56	-0.5016	_28287_	6
56	-0.5016	_04442_	1
56	-0.5016	_04440_	2
56	-0.5016	_16471_	1
56	-0.5016	_16470_	1
56	-0.5016	_16469_	2
56	-0.5016	_16468_	1
56	-0.5016	_16467_	2
56	-0.5016	_16465_	1
56	-0.5016	_16464_	2
56	-0.5016	_15292_	2
56	-0.5016	_06547_	2
56	-0.5016	_47404_	1
56	-0.5016	_47307_	1
56	-0.5016	_46493_	1
56	-0.5016	_46490_	1
56	-0.5016	_04107_	1
56	-0.5016	_16527_	10
56	-0.5016	systolic.data_queue[16][7]	2
57	-0.5002	_13068_	1
57	-0.5002	_37182_	1
57	-0.5002	_37179_	1
57	-0.5002	_37178_	1
57	-0.5002	_37175_	3
57	-0.5002	_37174_	1
57	-0.5002	_37170_	1
57	-0.5002	_26139_	3
57	-0.5002	_26135_	2
57	-0.5002	_26134_	1
57	-0.5002	_26070_	5
57	-0.5002	_08912_	1
57	-0.5002	_08910_	2
57	-0.5002	_16937_	1
57	-0.5002	_16936_	1
57	-0.5002	_14099_	2
57	-0.5002	_14098_	1
57	-0.5002	_13590_	2
57	-0.5002	_13589_	1
57	-0.5002	_13588_	2
57	-0.5002	_13587_	2
57	-0.5002	_05015_	2
57	-0.5002	_42499_	1
57	-0.5002	_42497_	1
57	-0.5002	_46898_	1
57	-0.5002	_46092_	1
57	-0.5002	_03356_	1
57	-0.5002	_16117_	10
57	-0.5002	systolic.data_queue[28][7]	2
58	-0.4999	_13036_	1
58	-0.4999	_36804_	1
58	-0.4999	_36801_	1
58	-0.4999	_36800_	1
58	-0.4999	_36799_	2
58	-0.4999	_19957_	2
58	-0.4999	_19956_	2
58	-0.4999	_19953_	2
58	-0.4999	_19950_	1
58	-0.4999	_19946_	1
58	-0.4999	_19945_	1
58	-0.4999	_19908_	5
58	-0.4999	_09983_	1
58	-0.4999	_09981_	2
58	-0.4999	_13868_	2
58	-0.4999	_13866_	1
58	-0.4999	_13865_	2
58	-0.4999	_13864_	2
58	-0.4999	_08857_	2
58	-0.4999	_40654_	1
58	-0.4999	_40651_	1
58	-0.4999	_40786_	1
58	-0.4999	_40783_	1
58	-0.4999	_04176_	1
58	-0.4999	_16389_	10
58	-0.4999	systolic.data_queue[60][7]	2
59	-0.4998	_13071_	1
59	-0.4998	_37220_	1
59	-0.4998	_37209_	2
59	-0.4998	_26689_	2
59	-0.4998	_26688_	1
59	-0.4998	_26687_	2
59	-0.4998	_26682_	1
59	-0.4998	_26681_	1
59	-0.4998	_26654_	4
59	-0.4998	_08056_	1
59	-0.4998	_04769_	10
59	-0.4998	_15054_	1
59	-0.4998	_15053_	1
59	-0.4998	_14800_	2
59	-0.4998	_14799_	2
59	-0.4998	_14798_	1
59	-0.4998	_14797_	2
59	-0.4998	_14796_	1
59	-0.4998	_14514_	4
59	-0.4998	_08148_	1
59	-0.4998	_40476_	1
59	-0.4998	_40473_	1
59	-0.4998	_40780_	1
59	-0.4998	_40691_	5
59	-0.4998	_03051_	2
59	-0.4998	_15818_	10
59	-0.4998	systolic.data_queue[25][0]	1
60	-0.4993	_12376_	1
60	-0.4993	_30574_	1
60	-0.4993	_30573_	1
60	-0.4993	_30572_	2
60	-0.4993	_30571_	1
60	-0.4993	_30567_	2
60	-0.4993	_30553_	1
60	-0.4993	_08262_	4
60	-0.4993	_08252_	10
60	-0.4993	_14184_	1
60	-0.4993	_14183_	1
60	-0.4993	_14182_	2
60	-0.4993	_14181_	2
60	-0.4993	_14180_	1
60	-0.4993	_14179_	2
60	-0.4993	_14178_	2
60	-0.4993	_13976_	2
60	-0.4993	_13975_	1
60	-0.4993	_06560_	3
60	-0.4993	_40361_	1
60	-0.4993	_40343_	1
60	-0.4993	_40263_	1
60	-0.4993	_40259_	1
60	-0.4993	_00755_	1
60	-0.4993	_15877_	10
60	-0.4993	systolic.data_queue[4][3]	1
61	-0.4989	_13065_	1
61	-0.4989	_37149_	1
61	-0.4989	_37146_	1
61	-0.4989	_37145_	1
61	-0.4989	_37144_	2
61	-0.4989	_25587_	2
61	-0.4989	_25586_	2
61	-0.4989	_25584_	2
61	-0.4989	_25581_	1
61	-0.4989	_25577_	3
61	-0.4989	_25576_	1
61	-0.4989	_06947_	4
61	-0.4989	_06945_	2
61	-0.4989	_15539_	2
61	-0.4989	_15538_	1
61	-0.4989	_15533_	2
61	-0.4989	_15531_	2
61	-0.4989	_06149_	2
61	-0.4989	_42585_	1
61	-0.4989	_41023_	1
61	-0.4989	_41020_	1
61	-0.4989	_41485_	1
61	-0.4989	_03198_	1
61	-0.4989	_15809_	9
61	-0.4989	systolic.weight_queue[31][1]	1
62	-0.4982	_13058_	1
62	-0.4982	_37059_	1
62	-0.4982	_37056_	1
62	-0.4982	_37055_	1
62	-0.4982	_37054_	2
62	-0.4982	_24258_	2
62	-0.4982	_24257_	1
62	-0.4982	_24252_	2
62	-0.4982	_24251_	1
62	-0.4982	_06543_	4
62	-0.4982	_05486_	8
62	-0.4982	_13364_	4
62	-0.4982	_13363_	1
62	-0.4982	_13362_	2
62	-0.4982	_13361_	2
62	-0.4982	_13353_	1
62	-0.4982	_13352_	4
62	-0.4982	_10249_	1
62	-0.4982	_46062_	1
62	-0.4982	_46059_	1
62	-0.4982	_45999_	1
62	-0.4982	_45355_	5
62	-0.4982	_03130_	2
62	-0.4982	_15959_	10
62	-0.4982	systolic.data_queue[38][0]	1
63	-0.4981	_13054_	1
63	-0.4981	_37014_	1
63	-0.4981	_37011_	1
63	-0.4981	_37010_	1
63	-0.4981	_37007_	3
63	-0.4981	_37005_	1
63	-0.4981	_23489_	2
63	-0.4981	_23487_	2
63	-0.4981	_23486_	1
63	-0.4981	_23452_	4
63	-0.4981	_04869_	4
63	-0.4981	_04867_	2
63	-0.4981	_15599_	1
63	-0.4981	_15598_	1
63	-0.4981	_14508_	2
63	-0.4981	_14506_	1
63	-0.4981	_13628_	2
63	-0.4981	_13625_	1
63	-0.4981	_13623_	2
63	-0.4981	_13622_	2
63	-0.4981	_10258_	2
63	-0.4981	_40626_	1
63	-0.4981	_40566_	1
63	-0.4981	_40563_	1
63	-0.4981	_40523_	1
63	-0.4981	_00809_	1
63	-0.4981	_15865_	10
63	-0.4981	systolic.data_queue[42][7]	2
64	-0.4980	_11596_	1
64	-0.4980	_23304_	1
64	-0.4980	_23303_	1
64	-0.4980	_23302_	1
64	-0.4980	_23301_	2
64	-0.4980	_23300_	1
64	-0.4980	_23299_	2
64	-0.4980	_23295_	1
64	-0.4980	_23294_	1
64	-0.4980	_23234_	5
64	-0.4980	_09704_	1
64	-0.4980	_05799_	11
64	-0.4980	_14488_	1
64	-0.4980	_14487_	2
64	-0.4980	_14486_	1
64	-0.4980	_14484_	2
64	-0.4980	_14483_	1
64	-0.4980	_14475_	1
64	-0.4980	_14474_	4
64	-0.4980	_07225_	1
64	-0.4980	_44516_	1
64	-0.4980	_44036_	1
64	-0.4980	_43481_	1
64	-0.4980	_43424_	5
64	-0.4980	_01939_	2
64	-0.4980	_15475_	10
64	-0.4980	systolic.data_queue[43][0]	1
65	-0.4968	_11415_	1
65	-0.4968	_21561_	1
65	-0.4968	_21560_	1
65	-0.4968	_21559_	1
65	-0.4968	_21556_	1
65	-0.4968	_21547_	2
65	-0.4968	_21546_	3
65	-0.4968	_21545_	3
65	-0.4968	_21544_	2
65	-0.4968	_21541_	1
65	-0.4968	_21540_	1
65	-0.4968	_21539_	5
65	-0.4968	_05188_	1
65	-0.4968	_05186_	2
65	-0.4968	_15119_	2
65	-0.4968	_15118_	2
65	-0.4968	_07141_	2
65	-0.4968	_47104_	1
65	-0.4968	_46658_	1
65	-0.4968	_46528_	1
65	-0.4968	_46467_	1
65	-0.4968	_03606_	1
65	-0.4968	_16543_	10
65	-0.4968	systolic.data_queue[52][7]	2
66	-0.4947	_11456_	1
66	-0.4947	_21967_	1
66	-0.4947	_21965_	1
66	-0.4947	_21964_	2
66	-0.4947	_21961_	2
66	-0.4947	_21942_	1
66	-0.4947	_21901_	5
66	-0.4947	_07895_	1
66	-0.4947	_07760_	11
66	-0.4947	_15404_	1
66	-0.4947	_15376_	2
66	-0.4947	_15375_	1
66	-0.4947	_15345_	2
66	-0.4947	_15344_	1
66	-0.4947	_15342_	1
66	-0.4947	_15338_	4
66	-0.4947	_05358_	1
66	-0.4947	_46741_	1
66	-0.4947	_46739_	1
66	-0.4947	_46928_	1
66	-0.4947	_42613_	5
66	-0.4947	_01625_	2
66	-0.4947	_15766_	10
66	-0.4947	systolic.data_queue[50][0]	1
67	-0.4944	_12156_	1
67	-0.4944	_28551_	1
67	-0.4944	_28550_	1
67	-0.4944	_28549_	2
67	-0.4944	_28546_	2
67	-0.4944	_28527_	1
67	-0.4944	_28509_	6
67	-0.4944	_08677_	1
67	-0.4944	_04422_	9
67	-0.4944	_13400_	1
67	-0.4944	_13399_	2
67	-0.4944	_13398_	2
67	-0.4944	_13390_	1
67	-0.4944	_13389_	4
67	-0.4944	_05601_	1
67	-0.4944	_43135_	1
67	-0.4944	_42434_	1
67	-0.4944	_41447_	1
67	-0.4944	_41441_	5
67	-0.4944	_03237_	2
67	-0.4944	_15406_	9
67	-0.4944	systolic.weight_queue[15][7]	1
68	-0.4940	_11956_	1
68	-0.4940	_26691_	1
68	-0.4940	_26690_	1
68	-0.4940	_26689_	2
68	-0.4940	_26688_	1
68	-0.4940	_26687_	2
68	-0.4940	_26682_	1
68	-0.4940	_26681_	1
68	-0.4940	_26654_	4
68	-0.4940	_08056_	1
68	-0.4940	_04769_	10
68	-0.4940	_15054_	1
68	-0.4940	_15053_	1
68	-0.4940	_14800_	2
68	-0.4940	_14799_	2
68	-0.4940	_14798_	1
68	-0.4940	_14797_	2
68	-0.4940	_14796_	1
68	-0.4940	_14514_	4
68	-0.4940	_08148_	1
68	-0.4940	_40476_	1
68	-0.4940	_40473_	1
68	-0.4940	_40780_	1
68	-0.4940	_40691_	5
68	-0.4940	_03051_	2
68	-0.4940	_15818_	10
68	-0.4940	systolic.data_queue[25][0]	1
69	-0.4936	_13049_	1
69	-0.4936	_36960_	1
69	-0.4936	_36958_	1
69	-0.4936	_36952_	3
69	-0.4936	_36950_	1
69	-0.4936	_22567_	2
69	-0.4936	_22565_	1
69	-0.4936	_22561_	2
69	-0.4936	_22560_	1
69	-0.4936	_22527_	6
69	-0.4936	_05379_	1
69	-0.4936	_05377_	2
69	-0.4936	_14276_	1
69	-0.4936	_14274_	1
69	-0.4936	_14273_	2
69	-0.4936	_14271_	1
69	-0.4936	_14270_	2
69	-0.4936	_14269_	1
69	-0.4936	_14268_	2
69	-0.4936	_14266_	2
69	-0.4936	_07315_	2
69	-0.4936	_46847_	1
69	-0.4936	_45344_	1
69	-0.4936	_45183_	1
69	-0.4936	_45182_	1
69	-0.4936	_03509_	1
69	-0.4936	_16293_	9
69	-0.4936	systolic.data_queue[47][7]	2
70	-0.4934	_11536_	1
70	-0.4934	_22746_	1
70	-0.4934	_22745_	1
70	-0.4934	_22744_	2
70	-0.4934	_22742_	1
70	-0.4934	_22738_	2
70	-0.4934	_22737_	2
70	-0.4934	_22706_	5
70	-0.4934	_06018_	1
70	-0.4934	_05545_	8
70	-0.4934	_16684_	1
70	-0.4934	_13771_	2
70	-0.4934	_13770_	2
70	-0.4934	_13766_	1
70	-0.4934	_13713_	4
70	-0.4934	_05225_	1
70	-0.4934	_47346_	1
70	-0.4934	_46184_	1
70	-0.4934	_46083_	1
70	-0.4934	_43005_	5
70	-0.4934	_03273_	2
70	-0.4934	_15943_	10
70	-0.4934	systolic.data_queue[46][0]	1
71	-0.4928	_13085_	1
71	-0.4928	_37389_	1
71	-0.4928	_37379_	2
71	-0.4928	_29280_	2
71	-0.4928	_29279_	1
71	-0.4928	_29278_	2
71	-0.4928	_29274_	1
71	-0.4928	_29260_	1
71	-0.4928	_08727_	4
71	-0.4928	_08312_	10
71	-0.4928	_14558_	1
71	-0.4928	_14557_	2
71	-0.4928	_14556_	1
71	-0.4928	_14555_	2
71	-0.4928	_14554_	1
71	-0.4928	_14553_	2
71	-0.4928	_14552_	2
71	-0.4928	_14551_	1
71	-0.4928	_08991_	3
71	-0.4928	_45458_	1
71	-0.4928	_45434_	1
71	-0.4928	_45432_	1
71	-0.4928	_46646_	1
71	-0.4928	_03824_	1
71	-0.4928	_16012_	10
71	-0.4928	systolic.data_queue[11][3]	1
72	-0.4927	_11357_	1
72	-0.4927	_21054_	1
72	-0.4927	_21053_	1
72	-0.4927	_21052_	1
72	-0.4927	_21051_	1
72	-0.4927	_21050_	1
72	-0.4927	_21046_	1
72	-0.4927	_20971_	6
72	-0.4927	_08392_	1
72	-0.4927	_08303_	9
72	-0.4927	_14899_	1
72	-0.4927	_14898_	2
72	-0.4927	_14897_	1
72	-0.4927	_14896_	2
72	-0.4927	_14895_	1
72	-0.4927	_14894_	1
72	-0.4927	_13758_	3
72	-0.4927	_13757_	1
72	-0.4927	_09620_	3
72	-0.4927	_45902_	1
72	-0.4927	_41079_	1
72	-0.4927	_40212_	1
72	-0.4927	_40208_	1
72	-0.4927	_04077_	1
72	-0.4927	_16210_	9
72	-0.4927	systolic.data_queue[55][3]	1
73	-0.4899	_12217_	1
73	-0.4899	_29104_	1
73	-0.4899	_29103_	1
73	-0.4899	_29102_	1
73	-0.4899	_29063_	2
73	-0.4899	_29062_	2
73	-0.4899	_29059_	2
73	-0.4899	_29058_	2
73	-0.4899	_29053_	2
73	-0.4899	_29040_	1
73	-0.4899	_07764_	4
73	-0.4899	_07763_	2
73	-0.4899	_14161_	2
73	-0.4899	_14159_	1
73	-0.4899	_13593_	4
73	-0.4899	_09498_	1
73	-0.4899	_41098_	1
73	-0.4899	_41095_	1
73	-0.4899	_45527_	1
73	-0.4899	_46026_	5
73	-0.4899	_04224_	2
73	-0.4899	_16544_	10
73	-0.4899	systolic.data_queue[12][0]	1
74	-0.4896	_12215_	1
74	-0.4896	_29072_	1
74	-0.4896	_29071_	1
74	-0.4896	_29070_	1
74	-0.4896	_29063_	2
74	-0.4896	_29062_	2
74	-0.4896	_29059_	2
74	-0.4896	_29058_	2
74	-0.4896	_29053_	2
74	-0.4896	_29040_	1
74	-0.4896	_07764_	4
74	-0.4896	_07763_	2
74	-0.4896	_14161_	2
74	-0.4896	_14159_	1
74	-0.4896	_13593_	4
74	-0.4896	_09498_	1
74	-0.4896	_41098_	1
74	-0.4896	_41095_	1
74	-0.4896	_45527_	1
74	-0.4896	_46026_	5
74	-0.4896	_04224_	2
74	-0.4896	_16544_	10
74	-0.4896	systolic.data_queue[12][0]	1
75	-0.4890	_11275_	1
75	-0.4890	_20137_	1
75	-0.4890	_20136_	1
75	-0.4890	_20135_	2
75	-0.4890	_20134_	1
75	-0.4890	_20133_	2
75	-0.4890	_20132_	1
75	-0.4890	_20131_	1
75	-0.4890	_20128_	1
75	-0.4890	_20123_	5
75	-0.4890	_09749_	1
75	-0.4890	_09747_	2
75	-0.4890	_15849_	1
75	-0.4890	_15848_	2
75	-0.4890	_15847_	2
75	-0.4890	_15840_	1
75	-0.4890	_14904_	4
75	-0.4890	_09447_	1
75	-0.4890	_40972_	1
75	-0.4890	_40335_	1
75	-0.4890	_40333_	1
75	-0.4890	_45324_	5
75	-0.4890	_02364_	2
75	-0.4890	_16326_	10
75	-0.4890	systolic.data_queue[59][0]	1
76	-0.4887	_13087_	1
76	-0.4887	_37412_	1
76	-0.4887	_37410_	1
76	-0.4887	_37409_	1
76	-0.4887	_37404_	4
76	-0.4887	_37402_	1
76	-0.4887	_29646_	2
76	-0.4887	_29644_	1
76	-0.4887	_29639_	2
76	-0.4887	_29638_	1
76	-0.4887	_29611_	5
76	-0.4887	_07670_	1
76	-0.4887	_07668_	2
76	-0.4887	_13910_	1
76	-0.4887	_13909_	1
76	-0.4887	_13908_	1
76	-0.4887	_13255_	2
76	-0.4887	_13254_	1
76	-0.4887	_13253_	2
76	-0.4887	_13250_	1
76	-0.4887	_13248_	2
76	-0.4887	_13135_	2
76	-0.4887	_09346_	2
76	-0.4887	_46834_	1
76	-0.4887	_46832_	1
76	-0.4887	_45269_	1
76	-0.4887	_40848_	1
76	-0.4887	_00968_	1
76	-0.4887	_16609_	10
76	-0.4887	systolic.data_queue[9][7]	2
77	-0.4882	_13061_	1
77	-0.4882	_37098_	1
77	-0.4882	_37095_	1
77	-0.4882	_37094_	1
77	-0.4882	_37091_	3
77	-0.4882	_37090_	1
77	-0.4882	_37086_	1
77	-0.4882	_24822_	2
77	-0.4882	_24817_	2
77	-0.4882	_24816_	1
77	-0.4882	_24753_	5
77	-0.4882	_05804_	1
77	-0.4882	_05802_	2
77	-0.4882	_16807_	1
77	-0.4882	_16806_	1
77	-0.4882	_16002_	2
77	-0.4882	_16001_	1
77	-0.4882	_15043_	2
77	-0.4882	_15042_	1
77	-0.4882	_15041_	2
77	-0.4882	_15039_	2
77	-0.4882	_05121_	2
77	-0.4882	_47712_	1
77	-0.4882	_45749_	1
77	-0.4882	_45727_	1
77	-0.4882	_45725_	1
77	-0.4882	_04303_	1
77	-0.4882	_15998_	10
77	-0.4882	systolic.data_queue[35][7]	2
78	-0.4877	_13078_	1
78	-0.4877	_37306_	1
78	-0.4877	_37302_	1
78	-0.4877	_37296_	2
78	-0.4877	_37295_	1
78	-0.4877	_27979_	2
78	-0.4877	_27977_	1
78	-0.4877	_27972_	2
78	-0.4877	_27958_	1
78	-0.4877	_09084_	4
78	-0.4877	_05956_	10
78	-0.4877	_16953_	1
78	-0.4877	_16952_	1
78	-0.4877	_14443_	2
78	-0.4877	_14442_	2
78	-0.4877	_14441_	1
78	-0.4877	_14440_	2
78	-0.4877	_14439_	2
78	-0.4877	_13199_	2
78	-0.4877	_13198_	1
78	-0.4877	_04777_	3
78	-0.4877	_43340_	1
78	-0.4877	_41688_	1
78	-0.4877	_40106_	1
78	-0.4877	_40102_	1
78	-0.4877	_02636_	1
78	-0.4877	_15893_	10
78	-0.4877	systolic.data_queue[18][3]	1
79	-0.4870	_12236_	1
79	-0.4870	_29282_	1
79	-0.4870	_29281_	1
79	-0.4870	_29280_	2
79	-0.4870	_29279_	1
79	-0.4870	_29278_	2
79	-0.4870	_29274_	1
79	-0.4870	_29260_	1
79	-0.4870	_08727_	4
79	-0.4870	_08312_	10
79	-0.4870	_14558_	1
79	-0.4870	_14557_	2
79	-0.4870	_14556_	1
79	-0.4870	_14555_	2
79	-0.4870	_14554_	1
79	-0.4870	_14553_	2
79	-0.4870	_14552_	2
79	-0.4870	_14551_	1
79	-0.4870	_08991_	3
79	-0.4870	_45458_	1
79	-0.4870	_45434_	1
79	-0.4870	_45432_	1
79	-0.4870	_46646_	1
79	-0.4870	_03824_	1
79	-0.4870	_16012_	10
79	-0.4870	systolic.data_queue[11][3]	1
80	-0.4852	_11198_	1
80	-0.4852	_19360_	1
80	-0.4852	_19359_	1
80	-0.4852	_19345_	2
80	-0.4852	_19342_	1
80	-0.4852	_19341_	1
80	-0.4852	_19304_	4
80	-0.4852	_05190_	1
80	-0.4852	_04935_	8
80	-0.4852	_13310_	4
80	-0.4852	_13309_	1
80	-0.4852	_13308_	2
80	-0.4852	_13307_	1
80	-0.4852	_13305_	2
80	-0.4852	_13304_	1
80	-0.4852	_13301_	1
80	-0.4852	_13300_	3
80	-0.4852	_13299_	1
80	-0.4852	_08884_	3
80	-0.4852	_42951_	1
80	-0.4852	_42900_	1
80	-0.4852	_42898_	1
80	-0.4852	_45990_	1
80	-0.4852	_03465_	1
80	-0.4852	_15522_	8
80	-0.4852	systolic.weight_queue[63][2]	1
81	-0.4852	_11318_	1
81	-0.4852	_20624_	1
81	-0.4852	_20623_	1
81	-0.4852	_20622_	1
81	-0.4852	_20621_	1
81	-0.4852	_20620_	1
81	-0.4852	_20593_	2
81	-0.4852	_20592_	1
81	-0.4852	_20553_	6
81	-0.4852	_07933_	1
81	-0.4852	_07923_	11
81	-0.4852	_13233_	1
81	-0.4852	_13232_	2
81	-0.4852	_13231_	1
81	-0.4852	_13214_	2
81	-0.4852	_13213_	1
81	-0.4852	_13210_	1
81	-0.4852	_13209_	4
81	-0.4852	_10134_	1
81	-0.4852	_42178_	1
81	-0.4852	_42176_	1
81	-0.4852	_40464_	1
81	-0.4852	_40128_	5
81	-0.4852	_03093_	2
81	-0.4852	_15750_	10
81	-0.4852	systolic.data_queue[57][0]	1
82	-0.4851	_11755_	1
82	-0.4851	_24798_	1
82	-0.4851	_24797_	1
82	-0.4851	_24794_	1
82	-0.4851	_24793_	2
82	-0.4851	_24790_	2
82	-0.4851	_24789_	3
82	-0.4851	_24786_	1
82	-0.4851	_24785_	2
82	-0.4851	_24781_	1
82	-0.4851	_24780_	1
82	-0.4851	_24777_	5
82	-0.4851	_09898_	1
82	-0.4851	_09896_	2
82	-0.4851	_15041_	2
82	-0.4851	_15039_	2
82	-0.4851	_05121_	2
82	-0.4851	_47712_	1
82	-0.4851	_45749_	1
82	-0.4851	_45727_	1
82	-0.4851	_45725_	1
82	-0.4851	_04303_	1
82	-0.4851	_15998_	10
82	-0.4851	systolic.data_queue[35][7]	2
83	-0.4845	_13077_	1
83	-0.4845	_37294_	1
83	-0.4845	_37291_	1
83	-0.4845	_37290_	1
83	-0.4845	_37287_	3
83	-0.4845	_27798_	2
83	-0.4845	_27797_	2
83	-0.4845	_27795_	2
83	-0.4845	_27794_	2
83	-0.4845	_27793_	2
83	-0.4845	_27790_	1
83	-0.4845	_27780_	1
83	-0.4845	_27756_	5
83	-0.4845	_06464_	1
83	-0.4845	_06462_	2
83	-0.4845	_13905_	2
83	-0.4845	_13904_	1
83	-0.4845	_13903_	2
83	-0.4845	_13901_	2
83	-0.4845	_08490_	2
83	-0.4845	_39980_	1
83	-0.4845	_39977_	1
83	-0.4845	_43615_	1
83	-0.4845	_43582_	1
83	-0.4845	_02097_	1
83	-0.4845	_16080_	10
83	-0.4845	systolic.data_queue[19][7]	2
84	-0.4831	_12256_	1
84	-0.4831	_29457_	1
84	-0.4831	_29456_	1
84	-0.4831	_29455_	2
84	-0.4831	_29454_	1
84	-0.4831	_29453_	1
84	-0.4831	_29452_	1
84	-0.4831	_29417_	2
84	-0.4831	_08613_	4
84	-0.4831	_04417_	7
84	-0.4831	_14822_	5
84	-0.4831	_14821_	1
84	-0.4831	_14820_	1
84	-0.4831	_14819_	1
84	-0.4831	_14818_	2
84	-0.4831	_13372_	2
84	-0.4831	_13370_	1
84	-0.4831	_13365_	4
84	-0.4831	_06278_	1
84	-0.4831	_41894_	1
84	-0.4831	_41609_	1
84	-0.4831	_41085_	1
84	-0.4831	_40912_	5
84	-0.4831	_02611_	2
84	-0.4831	_15499_	10
84	-0.4831	systolic.data_queue[10][0]	1
85	-0.4827	_13075_	1
85	-0.4827	_37266_	1
85	-0.4827	_37263_	1
85	-0.4827	_37262_	1
85	-0.4827	_37259_	3
85	-0.4827	_37257_	1
85	-0.4827	_27431_	2
85	-0.4827	_27430_	2
85	-0.4827	_06816_	4
85	-0.4827	_05964_	11
85	-0.4827	_13804_	1
85	-0.4827	_13803_	2
85	-0.4827	_13802_	1
85	-0.4827	_13800_	2
85	-0.4827	_13799_	1
85	-0.4827	_13791_	1
85	-0.4827	_13790_	4
85	-0.4827	_09458_	1
85	-0.4827	_42753_	1
85	-0.4827	_41663_	1
85	-0.4827	_41661_	1
85	-0.4827	_42112_	5
85	-0.4827	_04322_	2
85	-0.4827	_16342_	10
85	-0.4827	systolic.data_queue[21][0]	1
86	-0.4812	_12355_	1
86	-0.4812	_30369_	1
86	-0.4812	_30368_	1
86	-0.4812	_30367_	1
86	-0.4812	_30360_	2
86	-0.4812	_30359_	2
86	-0.4812	_30356_	2
86	-0.4812	_30355_	1
86	-0.4812	_30350_	2
86	-0.4812	_30338_	1
86	-0.4812	_30337_	5
86	-0.4812	_05066_	1
86	-0.4812	_05065_	2
86	-0.4812	_15248_	2
86	-0.4812	_15247_	1
86	-0.4812	_13607_	4
86	-0.4812	_06031_	1
86	-0.4812	_46363_	1
86	-0.4812	_46327_	1
86	-0.4812	_46325_	1
86	-0.4812	_46266_	5
86	-0.4812	_03438_	2
86	-0.4812	_15927_	10
86	-0.4812	systolic.data_queue[5][0]	1
87	-0.4811	_11916_	1
87	-0.4811	_26334_	1
87	-0.4811	_26333_	1
87	-0.4811	_26332_	1
87	-0.4811	_26331_	1
87	-0.4811	_26330_	2
87	-0.4811	_26328_	2
87	-0.4811	_26324_	2
87	-0.4811	_26323_	1
87	-0.4811	_26299_	5
87	-0.4811	_04947_	1
87	-0.4811	_04945_	2
87	-0.4811	_15020_	1
87	-0.4811	_15019_	1
87	-0.4811	_15018_	2
87	-0.4811	_15017_	1
87	-0.4811	_15016_	2
87	-0.4811	_15014_	1
87	-0.4811	_15013_	2
87	-0.4811	_14987_	2
87	-0.4811	_07421_	2
87	-0.4811	_45620_	1
87	-0.4811	_45562_	1
87	-0.4811	_45549_	1
87	-0.4811	_45283_	1
87	-0.4811	_02903_	1
87	-0.4811	_15474_	10
87	-0.4811	systolic.data_queue[27][7]	2
88	-0.4791	_11835_	1
88	-0.4791	_25562_	1
88	-0.4791	_25561_	1
88	-0.4791	_25560_	1
88	-0.4791	_25559_	1
88	-0.4791	_25558_	2
88	-0.4791	_25522_	1
88	-0.4791	_06913_	4
88	-0.4791	_06911_	6
88	-0.4791	_16820_	5
88	-0.4791	_16819_	1
88	-0.4791	_14783_	2
88	-0.4791	_14782_	2
88	-0.4791	_14774_	1
88	-0.4791	_14773_	4
88	-0.4791	_09452_	1
88	-0.4791	_42390_	1
88	-0.4791	_42367_	1
88	-0.4791	_42366_	1
88	-0.4791	_40980_	5
88	-0.4791	_03101_	2
88	-0.4791	_15803_	9
88	-0.4791	systolic.weight_queue[31][7]	1
89	-0.4787	_13092_	1
89	-0.4787	_37473_	1
89	-0.4787	_37469_	1
89	-0.4787	_37463_	2
89	-0.4787	_37462_	1
89	-0.4787	_30572_	2
89	-0.4787	_30571_	1
89	-0.4787	_30567_	2
89	-0.4787	_30553_	1
89	-0.4787	_08262_	4
89	-0.4787	_08252_	10
89	-0.4787	_14184_	1
89	-0.4787	_14183_	1
89	-0.4787	_14182_	2
89	-0.4787	_14181_	2
89	-0.4787	_14180_	1
89	-0.4787	_14179_	2
89	-0.4787	_14178_	2
89	-0.4787	_13976_	2
89	-0.4787	_13975_	1
89	-0.4787	_06560_	3
89	-0.4787	_40361_	1
89	-0.4787	_40343_	1
89	-0.4787	_40263_	1
89	-0.4787	_40259_	1
89	-0.4787	_00755_	1
89	-0.4787	_15877_	10
89	-0.4787	systolic.data_queue[4][3]	1
90	-0.4781	_12118_	1
90	-0.4781	_28178_	1
90	-0.4781	_28177_	1
90	-0.4781	_28176_	1
90	-0.4781	_28175_	1
90	-0.4781	_28164_	3
90	-0.4781	_28160_	1
90	-0.4781	_28159_	2
90	-0.4781	_05394_	4
90	-0.4781	_05392_	2
90	-0.4781	_16459_	1
90	-0.4781	_16458_	1
90	-0.4781	_16457_	1
90	-0.4781	_16456_	2
90	-0.4781	_16454_	1
90	-0.4781	_16453_	2
90	-0.4781	_16451_	1
90	-0.4781	_16450_	2
90	-0.4781	_16449_	2
90	-0.4781	_07285_	2
90	-0.4781	_47182_	1
90	-0.4781	_42810_	1
90	-0.4781	_42808_	1
90	-0.4781	_45897_	1
90	-0.4781	_03175_	1
90	-0.4781	_15749_	10
90	-0.4781	systolic.data_queue[17][7]	2
91	-0.4778	_13052_	1
91	-0.4778	_36987_	1
91	-0.4778	_36984_	1
91	-0.4778	_36983_	1
91	-0.4778	_36982_	2
91	-0.4778	_23115_	2
91	-0.4778	_23113_	1
91	-0.4778	_23110_	2
91	-0.4778	_23109_	2
91	-0.4778	_07640_	4
91	-0.4778	_07625_	9
91	-0.4778	_16720_	1
91	-0.4778	_16706_	1
91	-0.4778	_16705_	1
91	-0.4778	_08687_	3
91	-0.4778	_42717_	1
91	-0.4778	_42715_	1
91	-0.4778	_01711_	4
91	-0.4778	_40454_	5
91	-0.4778	_01979_	2
91	-0.4778	_16294_	10
91	-0.4778	systolic.data_queue[44][0]	1
92	-0.4769	_12176_	1
92	-0.4769	_28734_	1
92	-0.4769	_28733_	1
92	-0.4769	_28732_	1
92	-0.4769	_28731_	1
92	-0.4769	_28730_	1
92	-0.4769	_28729_	2
92	-0.4769	_28727_	1
92	-0.4769	_28723_	2
92	-0.4769	_28722_	1
92	-0.4769	_28695_	5
92	-0.4769	_09047_	1
92	-0.4769	_09045_	2
92	-0.4769	_13966_	1
92	-0.4769	_13965_	1
92	-0.4769	_13964_	2
92	-0.4769	_13963_	1
92	-0.4769	_13962_	2
92	-0.4769	_13960_	1
92	-0.4769	_13959_	2
92	-0.4769	_13958_	2
92	-0.4769	_07913_	2
92	-0.4769	_43599_	1
92	-0.4769	_42312_	1
92	-0.4769	_41171_	1
92	-0.4769	_41168_	1
92	-0.4769	_03333_	1
92	-0.4769	_15269_	10
92	-0.4769	systolic.data_queue[14][7]	2
93	-0.4751	_11995_	1
93	-0.4751	_27045_	1
93	-0.4751	_27044_	1
93	-0.4751	_27043_	1
93	-0.4751	_27042_	1
93	-0.4751	_27038_	1
93	-0.4751	_27037_	1
93	-0.4751	_27036_	4
93	-0.4751	_07874_	1
93	-0.4751	_06662_	9
93	-0.4751	_16268_	1
93	-0.4751	_16267_	2
93	-0.4751	_16266_	2
93	-0.4751	_16257_	1
93	-0.4751	_16256_	4
93	-0.4751	_09203_	1
93	-0.4751	_47065_	1
93	-0.4751	_47040_	1
93	-0.4751	_46934_	1
93	-0.4751	_46514_	5
93	-0.4751	_03830_	2
93	-0.4751	_15351_	9
93	-0.4751	systolic.weight_queue[23][7]	1
94	-0.4749	_12155_	1
94	-0.4749	_28521_	1
94	-0.4749	_28520_	1
94	-0.4749	_28519_	1
94	-0.4749	_28518_	1
94	-0.4749	_28514_	1
94	-0.4749	_28513_	1
94	-0.4749	_28511_	5
94	-0.4749	_04424_	1
94	-0.4749	_04422_	9
94	-0.4749	_13400_	1
94	-0.4749	_13399_	2
94	-0.4749	_13398_	2
94	-0.4749	_13390_	1
94	-0.4749	_13389_	4
94	-0.4749	_05601_	1
94	-0.4749	_43135_	1
94	-0.4749	_42434_	1
94	-0.4749	_41447_	1
94	-0.4749	_41441_	5
94	-0.4749	_03237_	2
94	-0.4749	_15406_	9
94	-0.4749	systolic.weight_queue[15][7]	1
95	-0.4745	_11738_	1
95	-0.4745	_24646_	1
95	-0.4745	_24645_	1
95	-0.4745	_24644_	1
95	-0.4745	_24643_	1
95	-0.4745	_24642_	1
95	-0.4745	_24619_	2
95	-0.4745	_24618_	1
95	-0.4745	_24584_	6
95	-0.4745	_05472_	1
95	-0.4745	_05462_	11
95	-0.4745	_14952_	1
95	-0.4745	_14951_	2
95	-0.4745	_14950_	1
95	-0.4745	_14948_	2
95	-0.4745	_14947_	1
95	-0.4745	_14939_	1
95	-0.4745	_14938_	4
95	-0.4745	_07858_	1
95	-0.4745	_47724_	1
95	-0.4745	_44783_	1
95	-0.4745	_44781_	1
95	-0.4745	_42323_	5
95	-0.4745	_00783_	2
95	-0.4745	_16310_	10
95	-0.4745	systolic.data_queue[36][0]	1
96	-0.4739	_11695_	1
96	-0.4739	_24230_	1
96	-0.4739	_24229_	1
96	-0.4739	_24228_	1
96	-0.4739	_24227_	2
96	-0.4739	_24226_	1
96	-0.4739	_24192_	1
96	-0.4739	_24190_	2
96	-0.4739	_06543_	4
96	-0.4739	_05486_	8
96	-0.4739	_13364_	4
96	-0.4739	_13363_	1
96	-0.4739	_13362_	2
96	-0.4739	_13361_	2
96	-0.4739	_13353_	1
96	-0.4739	_13352_	4
96	-0.4739	_10249_	1
96	-0.4739	_46062_	1
96	-0.4739	_46059_	1
96	-0.4739	_45999_	1
96	-0.4739	_45355_	5
96	-0.4739	_03130_	2
96	-0.4739	_15959_	10
96	-0.4739	systolic.data_queue[38][0]	1
97	-0.4737	_11656_	1
97	-0.4737	_23878_	1
97	-0.4737	_23877_	1
97	-0.4737	_23876_	2
97	-0.4737	_23875_	1
97	-0.4737	_23874_	2
97	-0.4737	_23873_	2
97	-0.4737	_23870_	2
97	-0.4737	_23867_	1
97	-0.4737	_23855_	1
97	-0.4737	_23807_	5
97	-0.4737	_04819_	1
97	-0.4737	_04817_	2
97	-0.4737	_16794_	2
97	-0.4737	_16792_	1
97	-0.4737	_16791_	2
97	-0.4737	_16790_	2
97	-0.4737	_07325_	2
97	-0.4737	_47377_	1
97	-0.4737	_47335_	1
97	-0.4737	_47301_	1
97	-0.4737	_47270_	1
97	-0.4737	_04073_	1
97	-0.4737	_15337_	10
97	-0.4737	systolic.data_queue[40][7]	2
98	-0.4736	_11895_	1
98	-0.4736	_26116_	1
98	-0.4736	_26115_	1
98	-0.4736	_26114_	1
98	-0.4736	_26113_	1
98	-0.4736	_26112_	2
98	-0.4736	_26072_	1
98	-0.4736	_26069_	6
98	-0.4736	_06477_	1
98	-0.4736	_06476_	11
98	-0.4736	_16935_	1
98	-0.4736	_13282_	2
98	-0.4736	_13281_	1
98	-0.4736	_13280_	2
98	-0.4736	_13279_	1
98	-0.4736	_13271_	1
98	-0.4736	_13270_	4
98	-0.4736	_09409_	1
98	-0.4736	_42491_	1
98	-0.4736	_42489_	1
98	-0.4736	_42083_	1
98	-0.4736	_42077_	5
98	-0.4736	_03976_	2
98	-0.4736	_16100_	10
98	-0.4736	systolic.data_queue[28][0]	1
99	-0.4736	_13047_	1
99	-0.4736	_36929_	1
99	-0.4736	_36926_	1
99	-0.4736	_36925_	1
99	-0.4736	_36922_	3
99	-0.4736	_36921_	1
99	-0.4736	_36917_	1
99	-0.4736	_22146_	2
99	-0.4736	_22145_	3
99	-0.4736	_22083_	3
99	-0.4736	_08715_	4
99	-0.4736	_08713_	2
99	-0.4736	_13668_	1
99	-0.4736	_13667_	1
99	-0.4736	_13666_	2
99	-0.4736	_13665_	1
99	-0.4736	_13664_	2
99	-0.4736	_13662_	1
99	-0.4736	_13661_	2
99	-0.4736	_13660_	2
99	-0.4736	_07017_	2
99	-0.4736	_43348_	1
99	-0.4736	_43332_	1
99	-0.4736	_43330_	1
99	-0.4736	_42351_	1
99	-0.4736	_01536_	1
99	-0.4736	_15631_	10
99	-0.4736	systolic.data_queue[49][7]	2
100	-0.4728	_11975_	1
100	-0.4728	_26845_	1
100	-0.4728	_26844_	1
100	-0.4728	_26843_	1
100	-0.4728	_26839_	1
100	-0.4728	_26838_	2
100	-0.4728	_26837_	3
100	-0.4728	_26807_	1
100	-0.4728	_26805_	7
100	-0.4728	_05963_	1
100	-0.4728	_05961_	2
100	-0.4728	_14710_	1
100	-0.4728	_14693_	2
100	-0.4728	_14692_	1
100	-0.4728	_14690_	2
100	-0.4728	_14689_	1
100	-0.4728	_14681_	1
100	-0.4728	_14680_	4
100	-0.4728	_07150_	1
100	-0.4728	_45072_	1
100	-0.4728	_44833_	1
100	-0.4728	_44651_	1
100	-0.4728	_44645_	5
100	-0.4728	_02472_	2
100	-0.4728	_15579_	10
100	-0.4728	systolic.data_queue[24][0]	1
101	-0.4727	_11195_	1
101	-0.4727	_19314_	1
101	-0.4727	_19313_	1
101	-0.4727	_19312_	1
101	-0.4727	_19311_	1
101	-0.4727	_19309_	2
101	-0.4727	_19308_	1
101	-0.4727	_19305_	1
101	-0.4727	_19304_	4
101	-0.4727	_05190_	1
101	-0.4727	_04935_	8
101	-0.4727	_13310_	4
101	-0.4727	_13309_	1
101	-0.4727	_13308_	2
101	-0.4727	_13307_	1
101	-0.4727	_13305_	2
101	-0.4727	_13304_	1
101	-0.4727	_13301_	1
101	-0.4727	_13300_	3
101	-0.4727	_13299_	1
101	-0.4727	_08884_	3
101	-0.4727	_42951_	1
101	-0.4727	_42900_	1
101	-0.4727	_42898_	1
101	-0.4727	_45990_	1
101	-0.4727	_03465_	1
101	-0.4727	_15522_	8
101	-0.4727	systolic.weight_queue[63][2]	1
102	-0.4725	_12077_	1
102	-0.4725	_27804_	1
102	-0.4725	_27803_	1
102	-0.4725	_27802_	1
102	-0.4725	_27764_	2
102	-0.4725	_27763_	2
102	-0.4725	_27760_	1
102	-0.4725	_27732_	1
102	-0.4725	_27731_	5
102	-0.4725	_08237_	1
102	-0.4725	_08235_	2
102	-0.4725	_15214_	1
102	-0.4725	_15212_	1
102	-0.4725	_15211_	2
102	-0.4725	_15209_	1
102	-0.4725	_13905_	2
102	-0.4725	_13904_	1
102	-0.4725	_13903_	2
102	-0.4725	_13901_	2
102	-0.4725	_08490_	2
102	-0.4725	_39980_	1
102	-0.4725	_39977_	1
102	-0.4725	_43615_	1
102	-0.4725	_43582_	1
102	-0.4725	_02097_	1
102	-0.4725	_16080_	10
102	-0.4725	systolic.data_queue[19][7]	2
103	-0.4722	_11816_	1
103	-0.4722	_25404_	1
103	-0.4722	_25402_	1
103	-0.4722	_25401_	2
103	-0.4722	_25400_	1
103	-0.4722	_25396_	2
103	-0.4722	_25395_	1
103	-0.4722	_25364_	4
103	-0.4722	_06122_	1
103	-0.4722	_06120_	10
103	-0.4722	_14395_	1
103	-0.4722	_14394_	1
103	-0.4722	_14393_	2
103	-0.4722	_14392_	2
103	-0.4722	_14391_	1
103	-0.4722	_14390_	2
103	-0.4722	_14389_	2
103	-0.4722	_14388_	2
103	-0.4722	_14387_	1
103	-0.4722	_09374_	3
103	-0.4722	_44162_	1
103	-0.4722	_44159_	1
103	-0.4722	_44277_	1
103	-0.4722	_43018_	1
103	-0.4722	_01830_	1
103	-0.4722	_16028_	10
103	-0.4722	systolic.data_queue[32][3]	1
104	-0.4722	_12075_	1
104	-0.4722	_27772_	1
104	-0.4722	_27771_	1
104	-0.4722	_27770_	1
104	-0.4722	_27764_	2
104	-0.4722	_27763_	2
104	-0.4722	_27760_	1
104	-0.4722	_27732_	1
104	-0.4722	_27731_	5
104	-0.4722	_08237_	1
104	-0.4722	_08235_	2
104	-0.4722	_15214_	1
104	-0.4722	_15212_	1
104	-0.4722	_15211_	2
104	-0.4722	_15209_	1
104	-0.4722	_13905_	2
104	-0.4722	_13904_	1
104	-0.4722	_13903_	2
104	-0.4722	_13901_	2
104	-0.4722	_08490_	2
104	-0.4722	_39980_	1
104	-0.4722	_39977_	1
104	-0.4722	_43615_	1
104	-0.4722	_43582_	1
104	-0.4722	_02097_	1
104	-0.4722	_16080_	10
104	-0.4722	systolic.data_queue[19][7]	2
105	-0.4721	_11315_	1
105	-0.4721	_20568_	1
105	-0.4721	_20567_	1
105	-0.4721	_20564_	1
105	-0.4721	_20563_	1
105	-0.4721	_20559_	1
105	-0.4721	_20558_	1
105	-0.4721	_20555_	5
105	-0.4721	_07927_	1
105	-0.4721	_07923_	11
105	-0.4721	_13233_	1
105	-0.4721	_13232_	2
105	-0.4721	_13231_	1
105	-0.4721	_13214_	2
105	-0.4721	_13213_	1
105	-0.4721	_13210_	1
105	-0.4721	_13209_	4
105	-0.4721	_10134_	1
105	-0.4721	_42178_	1
105	-0.4721	_42176_	1
105	-0.4721	_40464_	1
105	-0.4721	_40128_	5
105	-0.4721	_03093_	2
105	-0.4721	_15750_	10
105	-0.4721	systolic.data_queue[57][0]	1
106	-0.4719	_13034_	1
106	-0.4719	_36778_	1
106	-0.4719	_36773_	1
106	-0.4719	_36770_	3
106	-0.4719	_36769_	1
106	-0.4719	_19552_	2
106	-0.4719	_19529_	1
106	-0.4719	_19528_	1
106	-0.4719	_06673_	4
106	-0.4719	_06471_	7
106	-0.4719	_14079_	4
106	-0.4719	_14078_	1
106	-0.4719	_14077_	2
106	-0.4719	_14076_	1
106	-0.4719	_14075_	2
106	-0.4719	_14074_	1
106	-0.4719	_14071_	1
106	-0.4719	_14070_	3
106	-0.4719	_14069_	1
106	-0.4719	_07393_	3
106	-0.4719	_40324_	1
106	-0.4719	_40321_	1
106	-0.4719	_40062_	1
106	-0.4719	_40008_	1
106	-0.4719	_00618_	1
106	-0.4719	_16653_	10
106	-0.4719	systolic.data_queue[62][3]	1
107	-0.4715	_12216_	1
107	-0.4715	_29100_	1
107	-0.4715	_29099_	1
107	-0.4715	_29098_	2
107	-0.4715	_29097_	1
107	-0.4715	_29095_	2
107	-0.4715	_29094_	2
107	-0.4715	_29092_	2
107	-0.4715	_29089_	1
107	-0.4715	_29080_	1
107	-0.4715	_29056_	5
107	-0.4715	_07765_	1
107	-0.4715	_07763_	2
107	-0.4715	_14161_	2
107	-0.4715	_14159_	1
107	-0.4715	_14158_	2
107	-0.4715	_14156_	2
107	-0.4715	_08993_	2
107	-0.4715	_41681_	1
107	-0.4715	_41679_	1
107	-0.4715	_47112_	1
107	-0.4715	_47540_	1
107	-0.4715	_04219_	1
107	-0.4715	_16559_	10
107	-0.4715	systolic.data_queue[12][7]	2
108	-0.4692	_13089_	1
108	-0.4692	_37435_	1
108	-0.4692	_37432_	1
108	-0.4692	_37431_	1
108	-0.4692	_37428_	3
108	-0.4692	_37426_	1
108	-0.4692	_30031_	2
108	-0.4692	_30029_	2
108	-0.4692	_30028_	4
108	-0.4692	_30025_	2
108	-0.4692	_30016_	1
108	-0.4692	_29970_	5
108	-0.4692	_09155_	1
108	-0.4692	_09153_	2
108	-0.4692	_15226_	2
108	-0.4692	_15005_	2
108	-0.4692	_04746_	2
108	-0.4692	_45569_	1
108	-0.4692	_41386_	1
108	-0.4692	_41256_	1
108	-0.4692	_41161_	1
108	-0.4692	_01095_	1
108	-0.4692	_16198_	9
108	-0.4692	systolic.data_queue[7][7]	2
109	-0.4686	_11236_	1
109	-0.4686	_19751_	1
109	-0.4686	_19750_	1
109	-0.4686	_19749_	1
109	-0.4686	_19748_	1
109	-0.4686	_19747_	1
109	-0.4686	_19746_	2
109	-0.4686	_19707_	2
109	-0.4686	_06987_	3
109	-0.4686	_06977_	11
109	-0.4686	_14617_	1
109	-0.4686	_14603_	2
109	-0.4686	_14602_	1
109	-0.4686	_14601_	2
109	-0.4686	_14600_	1
109	-0.4686	_14593_	1
109	-0.4686	_14583_	4
109	-0.4686	_07208_	1
109	-0.4686	_44918_	1
109	-0.4686	_44916_	1
109	-0.4686	_40766_	1
109	-0.4686	_40763_	5
109	-0.4686	_03779_	2
109	-0.4686	_16560_	10
109	-0.4686	systolic.data_queue[61][0]	1
110	-0.4676	_11795_	1
110	-0.4676	_25171_	1
110	-0.4676	_25170_	1
110	-0.4676	_25169_	1
110	-0.4676	_25162_	2
110	-0.4676	_25161_	2
110	-0.4676	_25158_	2
110	-0.4676	_25157_	1
110	-0.4676	_25152_	2
110	-0.4676	_25140_	1
110	-0.4676	_07506_	4
110	-0.4676	_07505_	2
110	-0.4676	_13505_	2
110	-0.4676	_13502_	1
110	-0.4676	_13497_	4
110	-0.4676	_09464_	1
110	-0.4676	_46009_	1
110	-0.4676	_46007_	1
110	-0.4676	_43455_	1
110	-0.4676	_41564_	5
110	-0.4676	_01291_	2
110	-0.4676	_16430_	10
110	-0.4676	systolic.data_queue[33][0]	1
111	-0.4674	_11875_	1
111	-0.4674	_25925_	1
111	-0.4674	_25924_	1
111	-0.4674	_25923_	1
111	-0.4674	_25922_	1
111	-0.4674	_25919_	1
111	-0.4674	_25918_	1
111	-0.4674	_25917_	5
111	-0.4674	_10253_	1
111	-0.4674	_05445_	9
111	-0.4674	_16902_	1
111	-0.4674	_16899_	1
111	-0.4674	_16895_	1
111	-0.4674	_16894_	2
111	-0.4674	_16886_	1
111	-0.4674	_16885_	4
111	-0.4674	_09396_	1
111	-0.4674	_41803_	1
111	-0.4674	_41800_	1
111	-0.4674	_41717_	1
111	-0.4674	_41715_	5
111	-0.4674	_01227_	2
111	-0.4674	_16130_	10
111	-0.4674	systolic.data_queue[29][0]	1
112	-0.4666	_13082_	1
112	-0.4666	_37348_	1
112	-0.4666	_37347_	1
112	-0.4666	_37344_	4
112	-0.4666	_37343_	1
112	-0.4666	_28729_	2
112	-0.4666	_28727_	1
112	-0.4666	_28723_	2
112	-0.4666	_28722_	1
112	-0.4666	_28695_	5
112	-0.4666	_09047_	1
112	-0.4666	_09045_	2
112	-0.4666	_13966_	1
112	-0.4666	_13965_	1
112	-0.4666	_13964_	2
112	-0.4666	_13963_	1
112	-0.4666	_13962_	2
112	-0.4666	_13960_	1
112	-0.4666	_13959_	2
112	-0.4666	_13958_	2
112	-0.4666	_07913_	2
112	-0.4666	_43599_	1
112	-0.4666	_42312_	1
112	-0.4666	_41171_	1
112	-0.4666	_41168_	1
112	-0.4666	_03333_	1
112	-0.4666	_15269_	10
112	-0.4666	systolic.data_queue[14][7]	2
113	-0.4660	_11896_	1
113	-0.4660	_26145_	1
113	-0.4660	_26144_	1
113	-0.4660	_26143_	1
113	-0.4660	_26142_	1
113	-0.4660	_26141_	1
113	-0.4660	_26139_	3
113	-0.4660	_26135_	2
113	-0.4660	_26134_	1
113	-0.4660	_26070_	5
113	-0.4660	_08912_	1
113	-0.4660	_08910_	2
113	-0.4660	_16937_	1
113	-0.4660	_16936_	1
113	-0.4660	_14099_	2
113	-0.4660	_14098_	1
113	-0.4660	_13590_	2
113	-0.4660	_13589_	1
113	-0.4660	_13588_	2
113	-0.4660	_13587_	2
113	-0.4660	_05015_	2
113	-0.4660	_42499_	1
113	-0.4660	_42497_	1
113	-0.4660	_46898_	1
113	-0.4660	_46092_	1
113	-0.4660	_03356_	1
113	-0.4660	_16117_	10
113	-0.4660	systolic.data_queue[28][7]	2
114	-0.4658	_11235_	1
114	-0.4658	_19720_	1
114	-0.4658	_19719_	1
114	-0.4658	_19718_	1
114	-0.4658	_19714_	1
114	-0.4658	_19706_	2
114	-0.4658	_19705_	3
114	-0.4658	_19673_	1
114	-0.4658	_19668_	6
114	-0.4658	_06995_	1
114	-0.4658	_06993_	2
114	-0.4658	_14604_	1
114	-0.4658	_14603_	2
114	-0.4658	_14602_	1
114	-0.4658	_14601_	2
114	-0.4658	_14600_	1
114	-0.4658	_14593_	1
114	-0.4658	_14583_	4
114	-0.4658	_07208_	1
114	-0.4658	_44918_	1
114	-0.4658	_44916_	1
114	-0.4658	_40766_	1
114	-0.4658	_40763_	5
114	-0.4658	_03779_	2
114	-0.4658	_16560_	10
114	-0.4658	systolic.data_queue[61][0]	1
115	-0.4650	_11376_	1
115	-0.4650	_21226_	1
115	-0.4650	_21225_	1
115	-0.4650	_21224_	1
115	-0.4650	_21223_	2
115	-0.4650	_21221_	1
115	-0.4650	_21217_	2
115	-0.4650	_21216_	1
115	-0.4650	_21154_	6
115	-0.4650	_05591_	1
115	-0.4650	_05589_	2
115	-0.4650	_13709_	1
115	-0.4650	_13708_	1
115	-0.4650	_13707_	2
115	-0.4650	_13706_	1
115	-0.4650	_13705_	2
115	-0.4650	_13703_	1
115	-0.4650	_13577_	2
115	-0.4650	_13575_	2
115	-0.4650	_08110_	2
115	-0.4650	_47719_	1
115	-0.4650	_46571_	1
115	-0.4650	_46470_	1
115	-0.4650	_43106_	1
115	-0.4650	_01901_	1
115	-0.4650	_16099_	10
115	-0.4650	systolic.data_queue[54][7]	2
116	-0.4625	_11615_	1
116	-0.4625	_23465_	1
116	-0.4625	_23464_	1
116	-0.4625	_23463_	1
116	-0.4625	_23462_	1
116	-0.4625	_23459_	1
116	-0.4625	_23450_	2
116	-0.4625	_23448_	4
116	-0.4625	_23444_	1
116	-0.4625	_23440_	2
116	-0.4625	_23439_	1
116	-0.4625	_23437_	6
116	-0.4625	_06679_	1
116	-0.4625	_06677_	2
116	-0.4625	_13623_	2
116	-0.4625	_13622_	2
116	-0.4625	_10258_	2
116	-0.4625	_40626_	1
116	-0.4625	_40566_	1
116	-0.4625	_40563_	1
116	-0.4625	_40523_	1
116	-0.4625	_00809_	1
116	-0.4625	_15865_	10
116	-0.4625	systolic.data_queue[42][7]	2
117	-0.4624	_12257_	1
117	-0.4624	_29462_	1
117	-0.4624	_29461_	1
117	-0.4624	_29460_	1
117	-0.4624	_29419_	2
117	-0.4624	_29417_	2
117	-0.4624	_08613_	4
117	-0.4624	_04417_	7
117	-0.4624	_14822_	5
117	-0.4624	_14821_	1
117	-0.4624	_14820_	1
117	-0.4624	_14819_	1
117	-0.4624	_14818_	2
117	-0.4624	_13372_	2
117	-0.4624	_13370_	1
117	-0.4624	_13365_	4
117	-0.4624	_06278_	1
117	-0.4624	_41894_	1
117	-0.4624	_41609_	1
117	-0.4624	_41085_	1
117	-0.4624	_40912_	5
117	-0.4624	_02611_	2
117	-0.4624	_15499_	10
117	-0.4624	systolic.data_queue[10][0]	1
118	-0.4624	_11436_	1
118	-0.4624	_21780_	1
118	-0.4624	_21779_	1
118	-0.4624	_21778_	2
118	-0.4624	_21775_	1
118	-0.4624	_21770_	2
118	-0.4624	_21769_	1
118	-0.4624	_08801_	3
118	-0.4624	_08764_	9
118	-0.4624	_14668_	1
118	-0.4624	_14666_	1
118	-0.4624	_14662_	2
118	-0.4624	_14661_	1
118	-0.4624	_14246_	4
118	-0.4624	_05338_	1
118	-0.4624	_45119_	1
118	-0.4624	_45116_	1
118	-0.4624	_46254_	1
118	-0.4624	_03393_	5
118	-0.4624	_03392_	3
118	-0.4624	_15550_	10
118	-0.4624	systolic.data_queue[51][2]	1
119	-0.4614	_11735_	1
119	-0.4614	_24597_	1
119	-0.4614	_24596_	1
119	-0.4614	_24595_	1
119	-0.4614	_24594_	1
119	-0.4614	_24590_	1
119	-0.4614	_24589_	1
119	-0.4614	_24586_	5
119	-0.4614	_05466_	1
119	-0.4614	_05462_	11
119	-0.4614	_14952_	1
119	-0.4614	_14951_	2
119	-0.4614	_14950_	1
119	-0.4614	_14948_	2
119	-0.4614	_14947_	1
119	-0.4614	_14939_	1
119	-0.4614	_14938_	4
119	-0.4614	_07858_	1
119	-0.4614	_47724_	1
119	-0.4614	_44783_	1
119	-0.4614	_44781_	1
119	-0.4614	_42323_	5
119	-0.4614	_00783_	2
119	-0.4614	_16310_	10
119	-0.4614	systolic.data_queue[36][0]	1
120	-0.4611	_11917_	1
120	-0.4611	_26340_	1
120	-0.4611	_26339_	1
120	-0.4611	_26338_	1
120	-0.4611	_26301_	2
120	-0.4611	_26300_	2
120	-0.4611	_26298_	1
120	-0.4611	_26297_	2
120	-0.4611	_26294_	1
120	-0.4611	_26290_	7
120	-0.4611	_07039_	1
120	-0.4611	_07037_	2
120	-0.4611	_14984_	1
120	-0.4611	_14983_	1
120	-0.4611	_14974_	2
120	-0.4611	_14972_	2
120	-0.4611	_14971_	1
120	-0.4611	_14963_	1
120	-0.4611	_14962_	4
120	-0.4611	_04742_	1
120	-0.4611	_45614_	1
120	-0.4611	_45559_	1
120	-0.4611	_45044_	1
120	-0.4611	_45019_	5
120	-0.4611	_02714_	2
120	-0.4611	_15459_	10
120	-0.4611	systolic.data_queue[27][0]	1
121	-0.4609	_12417_	1
121	-0.4609	_30945_	1
121	-0.4609	_30944_	1
121	-0.4609	_30943_	1
121	-0.4609	_30942_	1
121	-0.4609	_30906_	2
121	-0.4609	_30901_	1
121	-0.4609	_30900_	1
121	-0.4609	_30898_	6
121	-0.4609	_04531_	1
121	-0.4609	_04454_	8
121	-0.4609	_17013_	1
121	-0.4609	_17011_	1
121	-0.4609	_17010_	2
121	-0.4609	_17009_	2
121	-0.4609	_17008_	1
121	-0.4609	_17007_	2
121	-0.4609	_17006_	2
121	-0.4609	_17005_	1
121	-0.4609	_09584_	3
121	-0.4609	_44186_	1
121	-0.4609	_43822_	1
121	-0.4609	_43820_	1
121	-0.4609	_42736_	1
121	-0.4609	_01699_	1
121	-0.4609	_15681_	10
121	-0.4609	systolic.data_queue[2][3]	1
122	-0.4596	_11595_	1
122	-0.4596	_23273_	1
122	-0.4596	_23272_	1
122	-0.4596	_23271_	1
122	-0.4596	_23270_	1
122	-0.4596	_23269_	2
122	-0.4596	_23235_	1
122	-0.4596	_23234_	5
122	-0.4596	_09704_	1
122	-0.4596	_05799_	11
122	-0.4596	_14488_	1
122	-0.4596	_14487_	2
122	-0.4596	_14486_	1
122	-0.4596	_14484_	2
122	-0.4596	_14483_	1
122	-0.4596	_14475_	1
122	-0.4596	_14474_	4
122	-0.4596	_07225_	1
122	-0.4596	_44516_	1
122	-0.4596	_44036_	1
122	-0.4596	_43481_	1
122	-0.4596	_43424_	5
122	-0.4596	_01939_	2
122	-0.4596	_15475_	10
122	-0.4596	systolic.data_queue[43][0]	1
123	-0.4595	_12418_	1
123	-0.4595	_30952_	1
123	-0.4595	_30951_	1
123	-0.4595	_30950_	1
123	-0.4595	_30949_	1
123	-0.4595	_30948_	1
123	-0.4595	_30929_	2
123	-0.4595	_30917_	1
123	-0.4595	_30902_	7
123	-0.4595	_04482_	1
123	-0.4595	_04480_	2
123	-0.4595	_16165_	1
123	-0.4595	_16163_	1
123	-0.4595	_15189_	2
123	-0.4595	_15187_	1
123	-0.4595	_13754_	2
123	-0.4595	_13753_	1
123	-0.4595	_13486_	2
123	-0.4595	_13485_	2
123	-0.4595	_09612_	2
123	-0.4595	_44414_	1
123	-0.4595	_42694_	1
123	-0.4595	_40231_	1
123	-0.4595	_40228_	1
123	-0.4595	_02473_	1
123	-0.4595	_15687_	10
123	-0.4595	systolic.data_queue[2][7]	2
124	-0.4584	_11775_	1
124	-0.4584	_24996_	1
124	-0.4584	_24995_	1
124	-0.4584	_24994_	1
124	-0.4584	_24993_	1
124	-0.4584	_24989_	1
124	-0.4584	_24984_	2
124	-0.4584	_24982_	1
124	-0.4584	_24978_	6
124	-0.4584	_09546_	1
124	-0.4584	_05892_	11
124	-0.4584	_14304_	1
124	-0.4584	_14303_	2
124	-0.4584	_14302_	1
124	-0.4584	_14300_	2
124	-0.4584	_14299_	1
124	-0.4584	_14291_	1
124	-0.4584	_14290_	4
124	-0.4584	_08463_	1
124	-0.4584	_44313_	1
124	-0.4584	_44252_	1
124	-0.4584	_43879_	1
124	-0.4584	_43873_	5
124	-0.4584	_02116_	2
124	-0.4584	_15600_	10
124	-0.4584	systolic.data_queue[34][0]	1
125	-0.4580	_12277_	1
125	-0.4580	_29655_	1
125	-0.4580	_29654_	1
125	-0.4580	_29653_	1
125	-0.4580	_29652_	1
125	-0.4580	_29615_	2
125	-0.4580	_29610_	1
125	-0.4580	_29609_	1
125	-0.4580	_29607_	6
125	-0.4580	_07663_	1
125	-0.4580	_07546_	8
125	-0.4580	_13457_	1
125	-0.4580	_13456_	2
125	-0.4580	_13455_	1
125	-0.4580	_13454_	2
125	-0.4580	_13453_	1
125	-0.4580	_13450_	1
125	-0.4580	_13251_	4
125	-0.4580	_06322_	1
125	-0.4580	_45368_	1
125	-0.4580	_45366_	1
125	-0.4580	_40863_	1
125	-0.4580	_40705_	5
125	-0.4580	_02828_	2
125	-0.4580	_16594_	10
125	-0.4580	systolic.data_queue[9][0]	1
126	-0.4575	_11335_	1
126	-0.4575	_20797_	1
126	-0.4575	_20796_	1
126	-0.4575	_20795_	1
126	-0.4575	_20793_	2
126	-0.4575	_20792_	1
126	-0.4575	_20755_	1
126	-0.4575	_20752_	2
126	-0.4575	_04673_	3
126	-0.4575	_04671_	8
126	-0.4575	_15725_	1
126	-0.4575	_15724_	2
126	-0.4575	_15723_	2
126	-0.4575	_15715_	1
126	-0.4575	_15714_	4
126	-0.4575	_05301_	1
126	-0.4575	_46752_	1
126	-0.4575	_46705_	1
126	-0.4575	_46580_	1
126	-0.4575	_46535_	5
126	-0.4575	_03631_	2
126	-0.4575	_15378_	10
126	-0.4575	systolic.data_queue[56][0]	1
127	-0.4571	_12098_	1
127	-0.4571	_27989_	1
127	-0.4571	_27988_	1
127	-0.4571	_27987_	1
127	-0.4571	_27972_	2
127	-0.4571	_27958_	1
127	-0.4571	_09084_	4
127	-0.4571	_05956_	10
127	-0.4571	_16953_	1
127	-0.4571	_16952_	1
127	-0.4571	_14443_	2
127	-0.4571	_14442_	2
127	-0.4571	_14441_	1
127	-0.4571	_14440_	2
127	-0.4571	_14439_	2
127	-0.4571	_13199_	2
127	-0.4571	_13198_	1
127	-0.4571	_04777_	3
127	-0.4571	_43340_	1
127	-0.4571	_41688_	1
127	-0.4571	_40106_	1
127	-0.4571	_40102_	1
127	-0.4571	_02636_	1
127	-0.4571	_15893_	10
127	-0.4571	systolic.data_queue[18][3]	1
128	-0.4568	_11757_	1
128	-0.4568	_24831_	1
128	-0.4568	_24830_	1
128	-0.4568	_24793_	2
128	-0.4568	_24790_	2
128	-0.4568	_24789_	3
128	-0.4568	_24786_	1
128	-0.4568	_24785_	2
128	-0.4568	_24781_	1
128	-0.4568	_24780_	1
128	-0.4568	_24777_	5
128	-0.4568	_09898_	1
128	-0.4568	_09896_	2
128	-0.4568	_15041_	2
128	-0.4568	_15039_	2
128	-0.4568	_05121_	2
128	-0.4568	_47712_	1
128	-0.4568	_45749_	1
128	-0.4568	_45727_	1
128	-0.4568	_45725_	1
128	-0.4568	_04303_	1
128	-0.4568	_15998_	10
128	-0.4568	systolic.data_queue[35][7]	2
129	-0.4566	_12317_	1
129	-0.4566	_30042_	1
129	-0.4566	_30041_	1
129	-0.4566	_30040_	1
129	-0.4566	_30039_	1
129	-0.4566	_30038_	1
129	-0.4566	_29991_	2
129	-0.4566	_29990_	1
129	-0.4566	_29989_	2
129	-0.4566	_09108_	4
129	-0.4566	_09075_	10
129	-0.4566	_15004_	1
129	-0.4566	_15003_	1
129	-0.4566	_15002_	2
129	-0.4566	_14999_	1
129	-0.4566	_14152_	2
129	-0.4566	_14144_	1
129	-0.4566	_14143_	4
129	-0.4566	_07587_	1
129	-0.4566	_41671_	1
129	-0.4566	_41379_	1
129	-0.4566	_41377_	1
129	-0.4566	_41141_	5
129	-0.4566	_01056_	2
129	-0.4566	_16184_	9
129	-0.4566	systolic.weight_queue[7][7]	1
130	-0.4566	_13074_	1
130	-0.4566	_37248_	1
130	-0.4566	_37244_	1
130	-0.4566	_37243_	2
130	-0.4566	_37242_	1
130	-0.4566	_27251_	2
130	-0.4566	_27250_	2
130	-0.4566	_27230_	1
130	-0.4566	_27213_	5
130	-0.4566	_09262_	1
130	-0.4566	_06175_	8
130	-0.4566	_13701_	1
130	-0.4566	_13698_	1
130	-0.4566	_13694_	1
130	-0.4566	_13693_	2
130	-0.4566	_13689_	1
130	-0.4566	_13688_	4
130	-0.4566	_07276_	1
130	-0.4566	_40123_	1
130	-0.4566	_40007_	1
130	-0.4566	_40005_	1
130	-0.4566	_46169_	5
130	-0.4566	_01906_	2
130	-0.4566	_16578_	10
130	-0.4566	systolic.data_queue[22][0]	1
131	-0.4562	_11395_	1
131	-0.4562	_21375_	1
131	-0.4562	_21374_	1
131	-0.4562	_21373_	1
131	-0.4562	_21369_	1
131	-0.4562	_21362_	2
131	-0.4562	_21361_	3
131	-0.4562	_21333_	1
131	-0.4562	_21331_	5
131	-0.4562	_04664_	1
131	-0.4562	_04662_	2
131	-0.4562	_15244_	1
131	-0.4562	_15243_	2
131	-0.4562	_13259_	2
131	-0.4562	_13256_	1
131	-0.4562	_13147_	4
131	-0.4562	_09209_	1
131	-0.4562	_43342_	1
131	-0.4562	_43186_	1
131	-0.4562	_42342_	1
131	-0.4562	_42000_	5
131	-0.4562	_01411_	2
131	-0.4562	_15637_	10
131	-0.4562	systolic.data_queue[53][0]	1
132	-0.4562	_11535_	1
132	-0.4562	_22717_	1
132	-0.4562	_22716_	1
132	-0.4562	_22715_	1
132	-0.4562	_22711_	1
132	-0.4562	_22704_	2
132	-0.4562	_22703_	3
132	-0.4562	_22675_	1
132	-0.4562	_22673_	5
132	-0.4562	_09597_	1
132	-0.4562	_09595_	2
132	-0.4562	_13772_	1
132	-0.4562	_13771_	2
132	-0.4562	_13770_	2
132	-0.4562	_13766_	1
132	-0.4562	_13713_	4
132	-0.4562	_05225_	1
132	-0.4562	_47346_	1
132	-0.4562	_46184_	1
132	-0.4562	_46083_	1
132	-0.4562	_43005_	5
132	-0.4562	_03273_	2
132	-0.4562	_15943_	10
132	-0.4562	systolic.data_queue[46][0]	1
133	-0.4557	_11897_	1
133	-0.4557	_26148_	1
133	-0.4557	_26147_	1
133	-0.4557	_26112_	2
133	-0.4557	_26072_	1
133	-0.4557	_26069_	6
133	-0.4557	_06477_	1
133	-0.4557	_06476_	11
133	-0.4557	_16935_	1
133	-0.4557	_13282_	2
133	-0.4557	_13281_	1
133	-0.4557	_13280_	2
133	-0.4557	_13279_	1
133	-0.4557	_13271_	1
133	-0.4557	_13270_	4
133	-0.4557	_09409_	1
133	-0.4557	_42491_	1
133	-0.4557	_42489_	1
133	-0.4557	_42083_	1
133	-0.4557	_42077_	5
133	-0.4557	_03976_	2
133	-0.4557	_16100_	10
133	-0.4557	systolic.data_queue[28][0]	1
134	-0.4551	_12015_	1
134	-0.4551	_27225_	1
134	-0.4551	_27224_	1
134	-0.4551	_27223_	1
134	-0.4551	_27222_	1
134	-0.4551	_27218_	1
134	-0.4551	_27217_	1
134	-0.4551	_27215_	5
134	-0.4551	_06177_	1
134	-0.4551	_06175_	8
134	-0.4551	_13701_	1
134	-0.4551	_13698_	1
134	-0.4551	_13694_	1
134	-0.4551	_13693_	2
134	-0.4551	_13689_	1
134	-0.4551	_13688_	4
134	-0.4551	_07276_	1
134	-0.4551	_40123_	1
134	-0.4551	_40007_	1
134	-0.4551	_40005_	1
134	-0.4551	_46169_	5
134	-0.4551	_01906_	2
134	-0.4551	_16578_	10
134	-0.4551	systolic.data_queue[22][0]	1
135	-0.4542	_12197_	1
135	-0.4542	_28928_	1
135	-0.4542	_28927_	1
135	-0.4542	_28926_	1
135	-0.4542	_28889_	2
135	-0.4542	_28888_	2
135	-0.4542	_28886_	1
135	-0.4542	_28885_	2
135	-0.4542	_28882_	1
135	-0.4542	_28877_	7
135	-0.4542	_06908_	1
135	-0.4542	_06906_	2
135	-0.4542	_15180_	1
135	-0.4542	_15179_	1
135	-0.4542	_15158_	2
135	-0.4542	_15156_	2
135	-0.4542	_15155_	1
135	-0.4542	_15147_	1
135	-0.4542	_15146_	4
135	-0.4542	_06165_	1
135	-0.4542	_45198_	1
135	-0.4542	_41528_	1
135	-0.4542	_41526_	1
135	-0.4542	_41133_	5
135	-0.4542	_04173_	2
135	-0.4542	_16472_	10
135	-0.4542	systolic.data_queue[13][0]	1
136	-0.4541	_11637_	1
136	-0.4541	_23686_	1
136	-0.4541	_23685_	1
136	-0.4541	_23684_	1
136	-0.4541	_23683_	1
136	-0.4541	_23647_	2
136	-0.4541	_23609_	1
136	-0.4541	_23608_	4
136	-0.4541	_08665_	1
136	-0.4541	_05489_	10
136	-0.4541	_13925_	1
136	-0.4541	_13924_	2
136	-0.4541	_13923_	1
136	-0.4541	_13532_	2
136	-0.4541	_13531_	1
136	-0.4541	_13523_	1
136	-0.4541	_13522_	4
136	-0.4541	_07474_	1
136	-0.4541	_41637_	1
136	-0.4541	_41635_	1
136	-0.4541	_41041_	1
136	-0.4541	_41003_	5
136	-0.4541	_00990_	2
136	-0.4541	_15653_	10
136	-0.4541	systolic.data_queue[41][0]	1
137	-0.4528	_11337_	1
137	-0.4528	_20841_	1
137	-0.4528	_20840_	1
137	-0.4528	_20837_	1
137	-0.4528	_20793_	2
137	-0.4528	_20792_	1
137	-0.4528	_20755_	1
137	-0.4528	_20752_	2
137	-0.4528	_04673_	3
137	-0.4528	_04671_	8
137	-0.4528	_15725_	1
137	-0.4528	_15724_	2
137	-0.4528	_15723_	2
137	-0.4528	_15715_	1
137	-0.4528	_15714_	4
137	-0.4528	_05301_	1
137	-0.4528	_46752_	1
137	-0.4528	_46705_	1
137	-0.4528	_46580_	1
137	-0.4528	_46535_	5
137	-0.4528	_03631_	2
137	-0.4528	_15378_	10
137	-0.4528	systolic.data_queue[56][0]	1
138	-0.4527	_11655_	1
138	-0.4527	_23844_	1
138	-0.4527	_23843_	1
138	-0.4527	_23842_	1
138	-0.4527	_23834_	2
138	-0.4527	_23832_	2
138	-0.4527	_23831_	1
138	-0.4527	_23804_	6
138	-0.4527	_07515_	1
138	-0.4527	_07513_	2
138	-0.4527	_16801_	1
138	-0.4527	_16784_	2
138	-0.4527	_16783_	1
138	-0.4527	_16781_	2
138	-0.4527	_16780_	1
138	-0.4527	_16772_	1
138	-0.4527	_16771_	4
138	-0.4527	_07550_	1
138	-0.4527	_47373_	1
138	-0.4527	_47330_	1
138	-0.4527	_47228_	1
138	-0.4527	_46501_	5
138	-0.4527	_03993_	2
138	-0.4527	_15297_	10
138	-0.4527	systolic.data_queue[40][0]	1
139	-0.4521	_11855_	1
139	-0.4521	_25738_	1
139	-0.4521	_25735_	1
139	-0.4521	_25734_	1
139	-0.4521	_25730_	1
139	-0.4521	_25729_	2
139	-0.4521	_25728_	1
139	-0.4521	_25727_	1
139	-0.4521	_25726_	5
139	-0.4521	_10185_	1
139	-0.4521	_10153_	9
139	-0.4521	_16855_	1
139	-0.4521	_16854_	2
139	-0.4521	_16853_	2
139	-0.4521	_16844_	1
139	-0.4521	_16843_	4
139	-0.4521	_07618_	1
139	-0.4521	_47662_	1
139	-0.4521	_47546_	1
139	-0.4521	_47444_	1
139	-0.4521	_46477_	5
139	-0.4521	_04118_	2
139	-0.4521	_15271_	10
139	-0.4521	systolic.data_queue[30][0]	1
140	-0.4518	_12076_	1
140	-0.4518	_27800_	1
140	-0.4518	_27799_	1
140	-0.4518	_27798_	2
140	-0.4518	_27797_	2
140	-0.4518	_27795_	2
140	-0.4518	_27794_	2
140	-0.4518	_27793_	2
140	-0.4518	_27790_	1
140	-0.4518	_27780_	1
140	-0.4518	_27756_	5
140	-0.4518	_06464_	1
140	-0.4518	_06462_	2
140	-0.4518	_13905_	2
140	-0.4518	_13904_	1
140	-0.4518	_13903_	2
140	-0.4518	_13901_	2
140	-0.4518	_08490_	2
140	-0.4518	_39980_	1
140	-0.4518	_39977_	1
140	-0.4518	_43615_	1
140	-0.4518	_43582_	1
140	-0.4518	_02097_	1
140	-0.4518	_16080_	10
140	-0.4518	systolic.data_queue[19][7]	2
141	-0.4514	_11537_	1
141	-0.4514	_22752_	1
141	-0.4514	_22751_	1
141	-0.4514	_22750_	1
141	-0.4514	_22749_	1
141	-0.4514	_22704_	2
141	-0.4514	_22703_	3
141	-0.4514	_22675_	1
141	-0.4514	_22673_	5
141	-0.4514	_09597_	1
141	-0.4514	_09595_	2
141	-0.4514	_13772_	1
141	-0.4514	_13771_	2
141	-0.4514	_13770_	2
141	-0.4514	_13766_	1
141	-0.4514	_13713_	4
141	-0.4514	_05225_	1
141	-0.4514	_47346_	1
141	-0.4514	_46184_	1
141	-0.4514	_46083_	1
141	-0.4514	_43005_	5
141	-0.4514	_03273_	2
141	-0.4514	_15943_	10
141	-0.4514	systolic.data_queue[46][0]	1
142	-0.4514	_11397_	1
142	-0.4514	_21410_	1
142	-0.4514	_21409_	1
142	-0.4514	_21408_	1
142	-0.4514	_21407_	1
142	-0.4514	_21362_	2
142	-0.4514	_21361_	3
142	-0.4514	_21333_	1
142	-0.4514	_21331_	5
142	-0.4514	_04664_	1
142	-0.4514	_04662_	2
142	-0.4514	_15244_	1
142	-0.4514	_15243_	2
142	-0.4514	_13259_	2
142	-0.4514	_13256_	1
142	-0.4514	_13147_	4
142	-0.4514	_09209_	1
142	-0.4514	_43342_	1
142	-0.4514	_43186_	1
142	-0.4514	_42342_	1
142	-0.4514	_42000_	5
142	-0.4514	_01411_	2
142	-0.4514	_15637_	10
142	-0.4514	systolic.data_queue[53][0]	1
143	-0.4508	_11478_	1
143	-0.4508	_22168_	1
143	-0.4508	_22167_	1
143	-0.4508	_22166_	1
143	-0.4508	_22148_	2
143	-0.4508	_22146_	2
143	-0.4508	_22142_	3
143	-0.4508	_22141_	1
143	-0.4508	_08715_	4
143	-0.4508	_08713_	2
143	-0.4508	_13668_	1
143	-0.4508	_13667_	1
143	-0.4508	_13666_	2
143	-0.4508	_13665_	1
143	-0.4508	_13664_	2
143	-0.4508	_13662_	1
143	-0.4508	_13661_	2
143	-0.4508	_13660_	2
143	-0.4508	_07017_	2
143	-0.4508	_43348_	1
143	-0.4508	_43332_	1
143	-0.4508	_43330_	1
143	-0.4508	_42351_	1
143	-0.4508	_01536_	1
143	-0.4508	_15631_	10
143	-0.4508	systolic.data_queue[49][7]	2
144	-0.4504	_11979_	1
144	-0.4504	_26896_	1
144	-0.4504	_26895_	1
144	-0.4504	_26894_	1
144	-0.4504	_26893_	1
144	-0.4504	_26837_	3
144	-0.4504	_26807_	1
144	-0.4504	_26805_	7
144	-0.4504	_05963_	1
144	-0.4504	_05961_	2
144	-0.4504	_14710_	1
144	-0.4504	_14693_	2
144	-0.4504	_14692_	1
144	-0.4504	_14690_	2
144	-0.4504	_14689_	1
144	-0.4504	_14681_	1
144	-0.4504	_14680_	4
144	-0.4504	_07150_	1
144	-0.4504	_45072_	1
144	-0.4504	_44833_	1
144	-0.4504	_44651_	1
144	-0.4504	_44645_	5
144	-0.4504	_02472_	2
144	-0.4504	_15579_	10
144	-0.4504	systolic.data_queue[24][0]	1
145	-0.4503	_12196_	1
145	-0.4503	_28923_	1
145	-0.4503	_28922_	1
145	-0.4503	_28921_	1
145	-0.4503	_28920_	1
145	-0.4503	_28919_	2
145	-0.4503	_28917_	2
145	-0.4503	_28913_	3
145	-0.4503	_28912_	1
145	-0.4503	_28887_	5
145	-0.4503	_04932_	1
145	-0.4503	_04930_	2
145	-0.4503	_15177_	1
145	-0.4503	_15176_	1
145	-0.4503	_15175_	2
145	-0.4503	_15174_	1
145	-0.4503	_15173_	2
145	-0.4503	_15172_	1
145	-0.4503	_15171_	2
145	-0.4503	_15170_	2
145	-0.4503	_08021_	2
145	-0.4503	_45206_	1
145	-0.4503	_45204_	1
145	-0.4503	_41335_	1
145	-0.4503	_41333_	1
145	-0.4503	_02401_	1
145	-0.4503	_16490_	10
145	-0.4503	systolic.data_queue[13][7]	2
146	-0.4502	_12115_	1
146	-0.4502	_28137_	1
146	-0.4502	_28136_	1
146	-0.4502	_28135_	1
146	-0.4502	_28131_	1
146	-0.4502	_28130_	2
146	-0.4502	_28129_	3
146	-0.4502	_28128_	3
146	-0.4502	_28125_	1
146	-0.4502	_28120_	2
146	-0.4502	_28119_	1
146	-0.4502	_28116_	6
146	-0.4502	_05402_	1
146	-0.4502	_05400_	2
146	-0.4502	_16450_	2
146	-0.4502	_16449_	2
146	-0.4502	_07285_	2
146	-0.4502	_47182_	1
146	-0.4502	_42810_	1
146	-0.4502	_42808_	1
146	-0.4502	_45897_	1
146	-0.4502	_03175_	1
146	-0.4502	_15749_	10
146	-0.4502	systolic.data_queue[17][7]	2
147	-0.4501	_12337_	1
147	-0.4501	_30228_	1
147	-0.4501	_30227_	1
147	-0.4501	_30226_	1
147	-0.4501	_30189_	2
147	-0.4501	_30188_	2
147	-0.4501	_30186_	1
147	-0.4501	_30185_	2
147	-0.4501	_30182_	1
147	-0.4501	_30176_	7
147	-0.4501	_05772_	1
147	-0.4501	_05770_	2
147	-0.4501	_15059_	1
147	-0.4501	_15058_	1
147	-0.4501	_15057_	2
147	-0.4501	_14763_	2
147	-0.4501	_14762_	1
147	-0.4501	_14760_	1
147	-0.4501	_14002_	4
147	-0.4501	_04891_	1
147	-0.4501	_43997_	1
147	-0.4501	_43850_	1
147	-0.4501	_39923_	1
147	-0.4501	_39885_	5
147	-0.4501	_02160_	2
147	-0.4501	_16049_	10
147	-0.4501	systolic.data_queue[6][0]	1
148	-0.4498	_11297_	1
148	-0.4498	_20394_	1
148	-0.4498	_20393_	1
148	-0.4498	_20392_	1
148	-0.4498	_20339_	2
148	-0.4498	_20334_	1
148	-0.4498	_20333_	1
148	-0.4498	_08412_	4
148	-0.4498	_08197_	9
148	-0.4498	_14222_	1
148	-0.4498	_14221_	2
148	-0.4498	_14220_	2
148	-0.4498	_14211_	1
148	-0.4498	_14210_	4
148	-0.4498	_08505_	1
148	-0.4498	_44142_	1
148	-0.4498	_43429_	1
148	-0.4498	_43182_	1
148	-0.4498	_40065_	5
148	-0.4498	_02291_	2
148	-0.4498	_16033_	10
148	-0.4498	systolic.data_queue[58][0]	1
149	-0.4490	_12056_	1
149	-0.4490	_27621_	1
149	-0.4490	_27620_	1
149	-0.4490	_27619_	1
149	-0.4490	_27618_	1
149	-0.4490	_27617_	1
149	-0.4490	_27615_	2
149	-0.4490	_27610_	3
149	-0.4490	_27609_	1
149	-0.4490	_27575_	5
149	-0.4490	_08928_	1
149	-0.4490	_08926_	2
149	-0.4490	_15237_	1
149	-0.4490	_15236_	1
149	-0.4490	_15235_	2
149	-0.4490	_15234_	1
149	-0.4490	_15233_	2
149	-0.4490	_15232_	1
149	-0.4490	_14622_	2
149	-0.4490	_14620_	2
149	-0.4490	_09556_	2
149	-0.4490	_45768_	1
149	-0.4490	_44948_	1
149	-0.4490	_44923_	1
149	-0.4490	_44920_	1
149	-0.4490	_03817_	1
149	-0.4490	_16231_	10
149	-0.4490	systolic.data_queue[20][7]	2
150	-0.4487	_11675_	1
150	-0.4487	_24052_	1
150	-0.4487	_24051_	1
150	-0.4487	_24050_	1
150	-0.4487	_24046_	1
150	-0.4487	_24041_	2
150	-0.4487	_24040_	2
150	-0.4487	_24010_	1
150	-0.4487	_24009_	6
150	-0.4487	_06696_	1
150	-0.4487	_06694_	2
150	-0.4487	_14606_	1
150	-0.4487	_13335_	2
150	-0.4487	_13334_	2
150	-0.4487	_13325_	1
150	-0.4487	_13324_	4
150	-0.4487	_07886_	1
150	-0.4487	_40634_	1
150	-0.4487	_40631_	1
150	-0.4487	_44384_	1
150	-0.4487	_40346_	5
150	-0.4487	_02604_	2
150	-0.4487	_16627_	9
150	-0.4487	systolic.weight_queue[39][7]	1
151	-0.4487	_11676_	1
151	-0.4487	_24084_	1
151	-0.4487	_24083_	1
151	-0.4487	_24082_	2
151	-0.4487	_24081_	1
151	-0.4487	_24076_	2
151	-0.4487	_24061_	1
151	-0.4487	_06641_	4
151	-0.4487	_06629_	8
151	-0.4487	_13336_	1
151	-0.4487	_13335_	2
151	-0.4487	_13334_	2
151	-0.4487	_13325_	1
151	-0.4487	_13324_	4
151	-0.4487	_07886_	1
151	-0.4487	_40634_	1
151	-0.4487	_40631_	1
151	-0.4487	_44384_	1
151	-0.4487	_40346_	5
151	-0.4487	_02604_	2
151	-0.4487	_16627_	9
151	-0.4487	systolic.weight_queue[39][7]	1
152	-0.4468	_11197_	1
152	-0.4468	_19357_	1
152	-0.4468	_19355_	1
152	-0.4468	_19354_	1
152	-0.4468	_19353_	1
152	-0.4468	_19309_	2
152	-0.4468	_19308_	1
152	-0.4468	_19305_	1
152	-0.4468	_19304_	4
152	-0.4468	_05190_	1
152	-0.4468	_04935_	8
152	-0.4468	_13310_	4
152	-0.4468	_13309_	1
152	-0.4468	_13308_	2
152	-0.4468	_13307_	1
152	-0.4468	_13305_	2
152	-0.4468	_13304_	1
152	-0.4468	_13301_	1
152	-0.4468	_13300_	3
152	-0.4468	_13299_	1
152	-0.4468	_08884_	3
152	-0.4468	_42951_	1
152	-0.4468	_42900_	1
152	-0.4468	_42898_	1
152	-0.4468	_45990_	1
152	-0.4468	_03465_	1
152	-0.4468	_15522_	8
152	-0.4468	systolic.weight_queue[63][2]	1
153	-0.4461	_11598_	1
153	-0.4461	_23316_	1
153	-0.4461	_23315_	1
153	-0.4461	_23314_	1
153	-0.4461	_23313_	1
153	-0.4461	_23299_	2
153	-0.4461	_23295_	1
153	-0.4461	_23294_	1
153	-0.4461	_23234_	5
153	-0.4461	_09704_	1
153	-0.4461	_05799_	11
153	-0.4461	_14488_	1
153	-0.4461	_14487_	2
153	-0.4461	_14486_	1
153	-0.4461	_14484_	2
153	-0.4461	_14483_	1
153	-0.4461	_14475_	1
153	-0.4461	_14474_	4
153	-0.4461	_07225_	1
153	-0.4461	_44516_	1
153	-0.4461	_44036_	1
153	-0.4461	_43481_	1
153	-0.4461	_43424_	5
153	-0.4461	_01939_	2
153	-0.4461	_15475_	10
153	-0.4461	systolic.data_queue[43][0]	1
154	-0.4453	_11559_	1
154	-0.4453	_22950_	1
154	-0.4453	_22949_	1
154	-0.4453	_22948_	1
154	-0.4453	_22947_	1
154	-0.4453	_22946_	1
154	-0.4453	_22897_	3
154	-0.4453	_22895_	3
154	-0.4453	_22891_	1
154	-0.4453	_22887_	2
154	-0.4453	_22886_	1
154	-0.4453	_22884_	6
154	-0.4453	_09660_	1
154	-0.4453	_09658_	2
154	-0.4453	_14355_	2
154	-0.4453	_14354_	2
154	-0.4453	_06963_	2
154	-0.4453	_43952_	1
154	-0.4453	_43160_	1
154	-0.4453	_43157_	1
154	-0.4453	_39836_	1
154	-0.4453	_00534_	1
154	-0.4453	_15440_	10
154	-0.4453	systolic.data_queue[45][7]	2
155	-0.4444	_12055_	1
155	-0.4444	_27590_	1
155	-0.4444	_27589_	1
155	-0.4444	_27588_	1
155	-0.4444	_27587_	1
155	-0.4444	_27583_	1
155	-0.4444	_27582_	1
155	-0.4444	_27580_	5
155	-0.4444	_08971_	1
155	-0.4444	_06172_	11
155	-0.4444	_14882_	1
155	-0.4444	_14881_	2
155	-0.4444	_14880_	1
155	-0.4444	_14878_	2
155	-0.4444	_14877_	1
155	-0.4444	_14870_	1
155	-0.4444	_14869_	4
155	-0.4444	_09425_	1
155	-0.4444	_45711_	1
155	-0.4444	_44942_	1
155	-0.4444	_42223_	1
155	-0.4444	_42221_	5
155	-0.4444	_02168_	2
155	-0.4444	_16216_	10
155	-0.4444	systolic.data_queue[20][0]	1
156	-0.4442	_12136_	1
156	-0.4442	_28358_	1
156	-0.4442	_28357_	1
156	-0.4442	_28356_	1
156	-0.4442	_28355_	1
156	-0.4442	_28354_	3
156	-0.4442	_28353_	3
156	-0.4442	_28335_	1
156	-0.4442	_28287_	6
156	-0.4442	_04442_	1
156	-0.4442	_04440_	2
156	-0.4442	_16471_	1
156	-0.4442	_16470_	1
156	-0.4442	_16469_	2
156	-0.4442	_16468_	1
156	-0.4442	_16467_	2
156	-0.4442	_16465_	1
156	-0.4442	_16464_	2
156	-0.4442	_15292_	2
156	-0.4442	_06547_	2
156	-0.4442	_47404_	1
156	-0.4442	_47307_	1
156	-0.4442	_46493_	1
156	-0.4442	_46490_	1
156	-0.4442	_04107_	1
156	-0.4442	_16527_	10
156	-0.4442	systolic.data_queue[16][7]	2
157	-0.4437	_12458_	1
157	-0.4437	_31331_	1
157	-0.4437	_31330_	1
157	-0.4437	_31329_	1
157	-0.4437	_31312_	2
157	-0.4437	_31309_	1
157	-0.4437	_31308_	1
157	-0.4437	_31246_	5
157	-0.4437	_10207_	1
157	-0.4437	_06082_	5
157	-0.4437	_17042_	6
157	-0.4437	_17041_	1
157	-0.4437	_17040_	2
157	-0.4437	_17039_	1
157	-0.4437	_17038_	2
157	-0.4437	_17034_	2
157	-0.4437	_17033_	2
157	-0.4437	_17032_	1
157	-0.4437	_09356_	3
157	-0.4437	_47550_	1
157	-0.4437	_47548_	1
157	-0.4437	_46157_	1
157	-0.4437	_46153_	1
157	-0.4437	_03432_	1
157	-0.4437	_15454_	10
157	-0.4437	systolic.data_queue[0][3]	1
158	-0.4429	_11217_	1
158	-0.4429	_19561_	1
158	-0.4429	_19560_	1
158	-0.4429	_19559_	1
158	-0.4429	_19558_	1
158	-0.4429	_19517_	2
158	-0.4429	_19513_	1
158	-0.4429	_19504_	2
158	-0.4429	_19503_	1
158	-0.4429	_19502_	5
158	-0.4429	_07119_	1
158	-0.4429	_07117_	2
158	-0.4429	_14501_	1
158	-0.4429	_14077_	2
158	-0.4429	_14076_	1
158	-0.4429	_14075_	2
158	-0.4429	_14074_	1
158	-0.4429	_14071_	1
158	-0.4429	_14070_	3
158	-0.4429	_14069_	1
158	-0.4429	_07393_	3
158	-0.4429	_40324_	1
158	-0.4429	_40321_	1
158	-0.4429	_40062_	1
158	-0.4429	_40008_	1
158	-0.4429	_00618_	1
158	-0.4429	_16653_	10
158	-0.4429	systolic.data_queue[62][3]	1
159	-0.4422	_11476_	1
159	-0.4422	_22152_	1
159	-0.4422	_22151_	1
159	-0.4422	_22150_	1
159	-0.4422	_22149_	1
159	-0.4422	_22148_	2
159	-0.4422	_22146_	2
159	-0.4422	_22142_	3
159	-0.4422	_22141_	1
159	-0.4422	_08715_	4
159	-0.4422	_08713_	2
159	-0.4422	_13668_	1
159	-0.4422	_13667_	1
159	-0.4422	_13666_	2
159	-0.4422	_13665_	1
159	-0.4422	_13664_	2
159	-0.4422	_13662_	1
159	-0.4422	_13661_	2
159	-0.4422	_13660_	2
159	-0.4422	_07017_	2
159	-0.4422	_43348_	1
159	-0.4422	_43332_	1
159	-0.4422	_43330_	1
159	-0.4422	_42351_	1
159	-0.4422	_01536_	1
159	-0.4422	_15631_	10
159	-0.4422	systolic.data_queue[49][7]	2
160	-0.4419	_11338_	1
160	-0.4419	_20847_	1
160	-0.4419	_20846_	1
160	-0.4419	_20845_	1
160	-0.4419	_20844_	1
160	-0.4419	_20843_	1
160	-0.4419	_20822_	3
160	-0.4419	_20821_	1
160	-0.4419	_20820_	3
160	-0.4419	_09039_	3
160	-0.4419	_09037_	2
160	-0.4419	_15739_	1
160	-0.4419	_15738_	1
160	-0.4419	_15737_	2
160	-0.4419	_15735_	1
160	-0.4419	_15734_	2
160	-0.4419	_15732_	1
160	-0.4419	_15731_	2
160	-0.4419	_15730_	2
160	-0.4419	_05197_	2
160	-0.4419	_46756_	1
160	-0.4419	_46710_	1
160	-0.4419	_46683_	1
160	-0.4419	_46633_	1
160	-0.4419	_03751_	1
160	-0.4419	_15393_	10
160	-0.4419	systolic.data_queue[56][7]	2
161	-0.4415	_12336_	1
161	-0.4415	_30223_	1
161	-0.4415	_30222_	1
161	-0.4415	_30221_	1
161	-0.4415	_30220_	1
161	-0.4415	_30219_	2
161	-0.4415	_30217_	2
161	-0.4415	_30213_	3
161	-0.4415	_30212_	1
161	-0.4415	_30187_	5
161	-0.4415	_05765_	1
161	-0.4415	_05763_	2
161	-0.4415	_14116_	1
161	-0.4415	_14114_	1
161	-0.4415	_14113_	2
161	-0.4415	_14112_	1
161	-0.4415	_14111_	2
161	-0.4415	_14109_	1
161	-0.4415	_14014_	2
161	-0.4415	_14012_	2
161	-0.4415	_08852_	2
161	-0.4415	_47597_	1
161	-0.4415	_43858_	1
161	-0.4415	_43793_	1
161	-0.4415	_43777_	1
161	-0.4415	_02188_	1
161	-0.4415	_16064_	10
161	-0.4415	systolic.data_queue[6][7]	2
162	-0.4413	_11557_	1
162	-0.4413	_22936_	1
162	-0.4413	_22899_	2
162	-0.4413	_22898_	1
162	-0.4413	_22897_	3
162	-0.4413	_22895_	3
162	-0.4413	_22891_	1
162	-0.4413	_22887_	2
162	-0.4413	_22886_	1
162	-0.4413	_22884_	6
162	-0.4413	_09660_	1
162	-0.4413	_09658_	2
162	-0.4413	_14355_	2
162	-0.4413	_14354_	2
162	-0.4413	_06963_	2
162	-0.4413	_43952_	1
162	-0.4413	_43160_	1
162	-0.4413	_43157_	1
162	-0.4413	_39836_	1
162	-0.4413	_00534_	1
162	-0.4413	_15440_	10
162	-0.4413	systolic.data_queue[45][7]	2
163	-0.4409	_11716_	1
163	-0.4409	_24440_	1
163	-0.4409	_24439_	1
163	-0.4409	_24438_	2
163	-0.4409	_24436_	1
163	-0.4409	_24433_	2
163	-0.4409	_24432_	2
163	-0.4409	_05751_	4
163	-0.4409	_05749_	9
163	-0.4409	_13571_	1
163	-0.4409	_13570_	2
163	-0.4409	_13569_	2
163	-0.4409	_13560_	1
163	-0.4409	_13559_	4
163	-0.4409	_04626_	1
163	-0.4409	_40015_	1
163	-0.4409	_39962_	1
163	-0.4409	_39960_	1
163	-0.4409	_39942_	5
163	-0.4409	_04330_	2
163	-0.4409	_15898_	10
163	-0.4409	systolic.data_queue[37][0]	1
164	-0.4403	_12275_	1
164	-0.4403	_29619_	1
164	-0.4403	_29618_	1
164	-0.4403	_29617_	1
164	-0.4403	_29616_	1
164	-0.4403	_29615_	2
164	-0.4403	_29610_	1
164	-0.4403	_29604_	3
164	-0.4403	_29603_	1
164	-0.4403	_29602_	5
164	-0.4403	_07673_	1
164	-0.4403	_07671_	2
164	-0.4403	_15129_	1
164	-0.4403	_13456_	2
164	-0.4403	_13455_	1
164	-0.4403	_13454_	2
164	-0.4403	_13453_	1
164	-0.4403	_13450_	1
164	-0.4403	_13251_	4
164	-0.4403	_06322_	1
164	-0.4403	_45368_	1
164	-0.4403	_45366_	1
164	-0.4403	_40863_	1
164	-0.4403	_40705_	5
164	-0.4403	_02828_	2
164	-0.4403	_16594_	10
164	-0.4403	systolic.data_queue[9][0]	1
165	-0.4401	_11358_	1
165	-0.4401	_21058_	1
165	-0.4401	_21057_	1
165	-0.4401	_21056_	1
165	-0.4401	_21039_	2
165	-0.4401	_21018_	1
165	-0.4401	_08393_	4
165	-0.4401	_08303_	9
165	-0.4401	_14899_	1
165	-0.4401	_14898_	2
165	-0.4401	_14897_	1
165	-0.4401	_14896_	2
165	-0.4401	_14895_	1
165	-0.4401	_14894_	1
165	-0.4401	_13758_	3
165	-0.4401	_13757_	1
165	-0.4401	_09620_	3
165	-0.4401	_45902_	1
165	-0.4401	_41079_	1
165	-0.4401	_40212_	1
165	-0.4401	_40208_	1
165	-0.4401	_04077_	1
165	-0.4401	_16210_	9
165	-0.4401	systolic.data_queue[55][3]	1
166	-0.4399	_11396_	1
166	-0.4399	_21405_	1
166	-0.4399	_21404_	1
166	-0.4399	_21403_	2
166	-0.4399	_21401_	1
166	-0.4399	_21397_	2
166	-0.4399	_21396_	2
166	-0.4399	_21364_	5
166	-0.4399	_04656_	1
166	-0.4399	_04644_	8
166	-0.4399	_16400_	1
166	-0.4399	_15243_	2
166	-0.4399	_13259_	2
166	-0.4399	_13256_	1
166	-0.4399	_13147_	4
166	-0.4399	_09209_	1
166	-0.4399	_43342_	1
166	-0.4399	_43186_	1
166	-0.4399	_42342_	1
166	-0.4399	_42000_	5
166	-0.4399	_01411_	2
166	-0.4399	_15637_	10
166	-0.4399	systolic.data_queue[53][0]	1
167	-0.4399	_11237_	1
167	-0.4399	_19759_	1
167	-0.4399	_19758_	1
167	-0.4399	_19757_	1
167	-0.4399	_19710_	2
167	-0.4399	_19707_	2
167	-0.4399	_06987_	3
167	-0.4399	_06977_	11
167	-0.4399	_14617_	1
167	-0.4399	_14603_	2
167	-0.4399	_14602_	1
167	-0.4399	_14601_	2
167	-0.4399	_14600_	1
167	-0.4399	_14593_	1
167	-0.4399	_14583_	4
167	-0.4399	_07208_	1
167	-0.4399	_44918_	1
167	-0.4399	_44916_	1
167	-0.4399	_40766_	1
167	-0.4399	_40763_	5
167	-0.4399	_03779_	2
167	-0.4399	_16560_	10
167	-0.4399	systolic.data_queue[61][0]	1
168	-0.4390	_11617_	1
168	-0.4390	_23498_	1
168	-0.4390	_23497_	1
168	-0.4390	_23496_	1
168	-0.4390	_23450_	2
168	-0.4390	_23448_	4
168	-0.4390	_23444_	1
168	-0.4390	_23440_	2
168	-0.4390	_23439_	1
168	-0.4390	_23437_	6
168	-0.4390	_06679_	1
168	-0.4390	_06677_	2
168	-0.4390	_13623_	2
168	-0.4390	_13622_	2
168	-0.4390	_10258_	2
168	-0.4390	_40626_	1
168	-0.4390	_40566_	1
168	-0.4390	_40563_	1
168	-0.4390	_40523_	1
168	-0.4390	_00809_	1
168	-0.4390	_15865_	10
168	-0.4390	systolic.data_queue[42][7]	2
169	-0.4382	_11756_	1
169	-0.4382	_24828_	1
169	-0.4382	_24827_	1
169	-0.4382	_24826_	1
169	-0.4382	_24825_	1
169	-0.4382	_24824_	2
169	-0.4382	_24822_	2
169	-0.4382	_24817_	2
169	-0.4382	_24816_	1
169	-0.4382	_24753_	5
169	-0.4382	_05804_	1
169	-0.4382	_05802_	2
169	-0.4382	_16807_	1
169	-0.4382	_16806_	1
169	-0.4382	_16002_	2
169	-0.4382	_16001_	1
169	-0.4382	_15043_	2
169	-0.4382	_15042_	1
169	-0.4382	_15041_	2
169	-0.4382	_15039_	2
169	-0.4382	_05121_	2
169	-0.4382	_47712_	1
169	-0.4382	_45749_	1
169	-0.4382	_45727_	1
169	-0.4382	_45725_	1
169	-0.4382	_04303_	1
169	-0.4382	_15998_	10
169	-0.4382	systolic.data_queue[35][7]	2
170	-0.4376	_11938_	1
170	-0.4376	_26516_	1
170	-0.4376	_26515_	1
170	-0.4376	_26514_	1
170	-0.4376	_26506_	2
170	-0.4376	_26505_	1
170	-0.4376	_26501_	2
170	-0.4376	_26500_	1
170	-0.4376	_06256_	3
170	-0.4376	_06255_	2
170	-0.4376	_15498_	2
170	-0.4376	_15496_	1
170	-0.4376	_14806_	2
170	-0.4376	_14804_	1
170	-0.4376	_13481_	2
170	-0.4376	_13480_	2
170	-0.4376	_07633_	2
170	-0.4376	_47130_	1
170	-0.4376	_40853_	1
170	-0.4376	_40850_	1
170	-0.4376	_43356_	1
170	-0.4376	_01967_	1
170	-0.4376	_16511_	10
170	-0.4376	systolic.data_queue[26][7]	2
171	-0.4375	_12119_	1
171	-0.4375	_28183_	1
171	-0.4375	_28182_	1
171	-0.4375	_28181_	1
171	-0.4375	_28180_	1
171	-0.4375	_28129_	3
171	-0.4375	_28128_	3
171	-0.4375	_28125_	1
171	-0.4375	_28120_	2
171	-0.4375	_28119_	1
171	-0.4375	_28116_	6
171	-0.4375	_05402_	1
171	-0.4375	_05400_	2
171	-0.4375	_16450_	2
171	-0.4375	_16449_	2
171	-0.4375	_07285_	2
171	-0.4375	_47182_	1
171	-0.4375	_42810_	1
171	-0.4375	_42808_	1
171	-0.4375	_45897_	1
171	-0.4375	_03175_	1
171	-0.4375	_15749_	10
171	-0.4375	systolic.data_queue[17][7]	2
172	-0.4373	_11856_	1
172	-0.4373	_25770_	1
172	-0.4373	_25769_	1
172	-0.4373	_25768_	2
172	-0.4373	_25767_	2
172	-0.4373	_25744_	1
172	-0.4373	_25726_	5
172	-0.4373	_10185_	1
172	-0.4373	_10153_	9
172	-0.4373	_16855_	1
172	-0.4373	_16854_	2
172	-0.4373	_16853_	2
172	-0.4373	_16844_	1
172	-0.4373	_16843_	4
172	-0.4373	_07618_	1
172	-0.4373	_47662_	1
172	-0.4373	_47546_	1
172	-0.4373	_47444_	1
172	-0.4373	_46477_	5
172	-0.4373	_04118_	2
172	-0.4373	_15271_	10
172	-0.4373	systolic.data_queue[30][0]	1
173	-0.4373	_11996_	1
173	-0.4373	_27072_	1
173	-0.4373	_27071_	1
173	-0.4373	_27070_	2
173	-0.4373	_27069_	2
173	-0.4373	_27067_	1
173	-0.4373	_27066_	2
173	-0.4373	_07138_	4
173	-0.4373	_06662_	9
173	-0.4373	_16268_	1
173	-0.4373	_16267_	2
173	-0.4373	_16266_	2
173	-0.4373	_16257_	1
173	-0.4373	_16256_	4
173	-0.4373	_09203_	1
173	-0.4373	_47065_	1
173	-0.4373	_47040_	1
173	-0.4373	_46934_	1
173	-0.4373	_46514_	5
173	-0.4373	_03830_	2
173	-0.4373	_15351_	9
173	-0.4373	systolic.weight_queue[23][7]	1
174	-0.4370	_11635_	1
174	-0.4370	_23651_	1
174	-0.4370	_23650_	1
174	-0.4370	_23649_	1
174	-0.4370	_23648_	1
174	-0.4370	_23647_	2
174	-0.4370	_23609_	1
174	-0.4370	_23608_	4
174	-0.4370	_08665_	1
174	-0.4370	_05489_	10
174	-0.4370	_13925_	1
174	-0.4370	_13924_	2
174	-0.4370	_13923_	1
174	-0.4370	_13532_	2
174	-0.4370	_13531_	1
174	-0.4370	_13523_	1
174	-0.4370	_13522_	4
174	-0.4370	_07474_	1
174	-0.4370	_41637_	1
174	-0.4370	_41635_	1
174	-0.4370	_41041_	1
174	-0.4370	_41003_	5
174	-0.4370	_00990_	2
174	-0.4370	_15653_	10
174	-0.4370	systolic.data_queue[41][0]	1
175	-0.4368	_12117_	1
175	-0.4368	_28173_	1
175	-0.4368	_28172_	1
175	-0.4368	_28130_	2
175	-0.4368	_28129_	3
175	-0.4368	_28128_	3
175	-0.4368	_28125_	1
175	-0.4368	_28120_	2
175	-0.4368	_28119_	1
175	-0.4368	_28116_	6
175	-0.4368	_05402_	1
175	-0.4368	_05400_	2
175	-0.4368	_16450_	2
175	-0.4368	_16449_	2
175	-0.4368	_07285_	2
175	-0.4368	_47182_	1
175	-0.4368	_42810_	1
175	-0.4368	_42808_	1
175	-0.4368	_45897_	1
175	-0.4368	_03175_	1
175	-0.4368	_15749_	10
175	-0.4368	systolic.data_queue[17][7]	2
176	-0.4368	_12415_	1
176	-0.4368	_30912_	1
176	-0.4368	_30911_	1
176	-0.4368	_30910_	1
176	-0.4368	_30907_	1
176	-0.4368	_30906_	2
176	-0.4368	_30901_	1
176	-0.4368	_30900_	1
176	-0.4368	_30898_	6
176	-0.4368	_04531_	1
176	-0.4368	_04454_	8
176	-0.4368	_17013_	1
176	-0.4368	_17011_	1
176	-0.4368	_17010_	2
176	-0.4368	_17009_	2
176	-0.4368	_17008_	1
176	-0.4368	_17007_	2
176	-0.4368	_17006_	2
176	-0.4368	_17005_	1
176	-0.4368	_09584_	3
176	-0.4368	_44186_	1
176	-0.4368	_43822_	1
176	-0.4368	_43820_	1
176	-0.4368	_42736_	1
176	-0.4368	_01699_	1
176	-0.4368	_15681_	10
176	-0.4368	systolic.data_queue[2][3]	1
177	-0.4367	_12439_	1
177	-0.4367	_31145_	1
177	-0.4367	_31144_	1
177	-0.4367	_31143_	1
177	-0.4367	_31142_	1
177	-0.4367	_31090_	2
177	-0.4367	_31058_	1
177	-0.4367	_31055_	4
177	-0.4367	_31054_	4
177	-0.4367	_05145_	1
177	-0.4367	_05143_	2
177	-0.4367	_15202_	1
177	-0.4367	_15085_	2
177	-0.4367	_15084_	1
177	-0.4367	_15082_	2
177	-0.4367	_15081_	1
177	-0.4367	_15073_	1
177	-0.4367	_15072_	4
177	-0.4367	_09188_	1
177	-0.4367	_45873_	1
177	-0.4367	_45579_	1
177	-0.4367	_45503_	1
177	-0.4367	_45497_	5
177	-0.4367	_02838_	2
177	-0.4367	_15563_	10
177	-0.4367	systolic.data_queue[1][0]	1
178	-0.4352	_12198_	1
178	-0.4352	_28934_	1
178	-0.4352	_28933_	1
178	-0.4352	_28932_	1
178	-0.4352	_28919_	2
178	-0.4352	_28917_	2
178	-0.4352	_28913_	3
178	-0.4352	_28912_	1
178	-0.4352	_28887_	5
178	-0.4352	_04932_	1
178	-0.4352	_04930_	2
178	-0.4352	_15177_	1
178	-0.4352	_15176_	1
178	-0.4352	_15175_	2
178	-0.4352	_15174_	1
178	-0.4352	_15173_	2
178	-0.4352	_15172_	1
178	-0.4352	_15171_	2
178	-0.4352	_15170_	2
178	-0.4352	_08021_	2
178	-0.4352	_45206_	1
178	-0.4352	_45204_	1
178	-0.4352	_41335_	1
178	-0.4352	_41333_	1
178	-0.4352	_02401_	1
178	-0.4352	_16490_	10
178	-0.4352	systolic.data_queue[13][7]	2
179	-0.4350	_11378_	1
179	-0.4350	_21238_	1
179	-0.4350	_21237_	1
179	-0.4350	_21236_	1
179	-0.4350	_21235_	1
179	-0.4350	_21234_	1
179	-0.4350	_21233_	1
179	-0.4350	_21217_	2
179	-0.4350	_21216_	1
179	-0.4350	_21154_	6
179	-0.4350	_05591_	1
179	-0.4350	_05589_	2
179	-0.4350	_13709_	1
179	-0.4350	_13708_	1
179	-0.4350	_13707_	2
179	-0.4350	_13706_	1
179	-0.4350	_13705_	2
179	-0.4350	_13703_	1
179	-0.4350	_13577_	2
179	-0.4350	_13575_	2
179	-0.4350	_08110_	2
179	-0.4350	_47719_	1
179	-0.4350	_46571_	1
179	-0.4350	_46470_	1
179	-0.4350	_43106_	1
179	-0.4350	_01901_	1
179	-0.4350	_16099_	10
179	-0.4350	systolic.data_queue[54][7]	2
180	-0.4348	_12177_	1
180	-0.4348	_28739_	1
180	-0.4348	_28738_	1
180	-0.4348	_28737_	1
180	-0.4348	_28698_	2
180	-0.4348	_28696_	2
180	-0.4348	_28694_	1
180	-0.4348	_28691_	2
180	-0.4348	_28690_	1
180	-0.4348	_28689_	6
180	-0.4348	_09069_	1
180	-0.4348	_09067_	2
180	-0.4348	_13964_	2
180	-0.4348	_13963_	1
180	-0.4348	_13962_	2
180	-0.4348	_13960_	1
180	-0.4348	_13959_	2
180	-0.4348	_13958_	2
180	-0.4348	_07913_	2
180	-0.4348	_43599_	1
180	-0.4348	_42312_	1
180	-0.4348	_41171_	1
180	-0.4348	_41168_	1
180	-0.4348	_03333_	1
180	-0.4348	_15269_	10
180	-0.4348	systolic.data_queue[14][7]	2
181	-0.4338	_12455_	1
181	-0.4338	_31290_	1
181	-0.4338	_31289_	1
181	-0.4338	_31288_	1
181	-0.4338	_31285_	1
181	-0.4338	_31284_	2
181	-0.4338	_31247_	1
181	-0.4338	_31245_	1
181	-0.4338	_31244_	5
181	-0.4338	_10206_	1
181	-0.4338	_06082_	5
181	-0.4338	_17042_	6
181	-0.4338	_17041_	1
181	-0.4338	_17040_	2
181	-0.4338	_17039_	1
181	-0.4338	_17038_	2
181	-0.4338	_17034_	2
181	-0.4338	_17033_	2
181	-0.4338	_17032_	1
181	-0.4338	_09356_	3
181	-0.4338	_47550_	1
181	-0.4338	_47548_	1
181	-0.4338	_46157_	1
181	-0.4338	_46153_	1
181	-0.4338	_03432_	1
181	-0.4338	_15454_	10
181	-0.4338	systolic.data_queue[0][3]	1
182	-0.4332	_11255_	1
182	-0.4332	_19928_	1
182	-0.4332	_19924_	1
182	-0.4332	_19923_	1
182	-0.4332	_19919_	1
182	-0.4332	_19913_	2
182	-0.4332	_19912_	2
182	-0.4332	_19909_	3
182	-0.4332	_19887_	1
182	-0.4332	_19884_	5
182	-0.4332	_09982_	1
182	-0.4332	_09981_	2
182	-0.4332	_13868_	2
182	-0.4332	_13866_	1
182	-0.4332	_13865_	2
182	-0.4332	_13864_	2
182	-0.4332	_08857_	2
182	-0.4332	_40654_	1
182	-0.4332	_40651_	1
182	-0.4332	_40786_	1
182	-0.4332	_40783_	1
182	-0.4332	_04176_	1
182	-0.4332	_16389_	10
182	-0.4332	systolic.data_queue[60][7]	2
183	-0.4330	_12315_	1
183	-0.4330	_30006_	1
183	-0.4330	_30005_	1
183	-0.4330	_30004_	1
183	-0.4330	_30003_	1
183	-0.4330	_29999_	1
183	-0.4330	_29991_	2
183	-0.4330	_29990_	1
183	-0.4330	_29989_	2
183	-0.4330	_09108_	4
183	-0.4330	_09075_	10
183	-0.4330	_15004_	1
183	-0.4330	_15003_	1
183	-0.4330	_15002_	2
183	-0.4330	_14999_	1
183	-0.4330	_14152_	2
183	-0.4330	_14144_	1
183	-0.4330	_14143_	4
183	-0.4330	_07587_	1
183	-0.4330	_41671_	1
183	-0.4330	_41379_	1
183	-0.4330	_41377_	1
183	-0.4330	_41141_	5
183	-0.4330	_01056_	2
183	-0.4330	_16184_	9
183	-0.4330	systolic.weight_queue[7][7]	1
184	-0.4328	_12295_	1
184	-0.4328	_29810_	1
184	-0.4328	_29809_	1
184	-0.4328	_29808_	1
184	-0.4328	_29807_	2
184	-0.4328	_29806_	2
184	-0.4328	_29804_	1
184	-0.4328	_29803_	2
184	-0.4328	_29771_	6
184	-0.4328	_09853_	1
184	-0.4328	_09851_	2
184	-0.4328	_16160_	1
184	-0.4328	_16159_	1
184	-0.4328	_14035_	2
184	-0.4328	_14033_	2
184	-0.4328	_14032_	1
184	-0.4328	_14025_	1
184	-0.4328	_14024_	4
184	-0.4328	_06400_	1
184	-0.4328	_45553_	1
184	-0.4328	_43920_	1
184	-0.4328	_43757_	1
184	-0.4328	_43440_	5
184	-0.4328	_01927_	2
184	-0.4328	_16358_	10
184	-0.4328	systolic.data_queue[8][0]	1
185	-0.4321	_12416_	1
185	-0.4321	_30939_	1
185	-0.4321	_30938_	1
185	-0.4321	_30937_	1
185	-0.4321	_30936_	2
185	-0.4321	_30934_	1
185	-0.4321	_30929_	2
185	-0.4321	_30917_	1
185	-0.4321	_30902_	7
185	-0.4321	_04482_	1
185	-0.4321	_04480_	2
185	-0.4321	_16165_	1
185	-0.4321	_16163_	1
185	-0.4321	_15189_	2
185	-0.4321	_15187_	1
185	-0.4321	_13754_	2
185	-0.4321	_13753_	1
185	-0.4321	_13486_	2
185	-0.4321	_13485_	2
185	-0.4321	_09612_	2
185	-0.4321	_44414_	1
185	-0.4321	_42694_	1
185	-0.4321	_40231_	1
185	-0.4321	_40228_	1
185	-0.4321	_02473_	1
185	-0.4321	_15687_	10
185	-0.4321	systolic.data_queue[2][7]	2
186	-0.4312	_11359_	1
186	-0.4312	_21061_	1
186	-0.4312	_21060_	1
186	-0.4312	_21008_	2
186	-0.4312	_21005_	1
186	-0.4312	_21000_	2
186	-0.4312	_20999_	1
186	-0.4312	_20996_	5
186	-0.4312	_08302_	1
186	-0.4312	_08300_	2
186	-0.4312	_15270_	1
186	-0.4312	_14898_	2
186	-0.4312	_14897_	1
186	-0.4312	_14896_	2
186	-0.4312	_14895_	1
186	-0.4312	_14894_	1
186	-0.4312	_13758_	3
186	-0.4312	_13757_	1
186	-0.4312	_09620_	3
186	-0.4312	_45902_	1
186	-0.4312	_41079_	1
186	-0.4312	_40212_	1
186	-0.4312	_40208_	1
186	-0.4312	_04077_	1
186	-0.4312	_16210_	9
186	-0.4312	systolic.data_queue[55][3]	1
187	-0.4311	_11215_	1
187	-0.4311	_19523_	1
187	-0.4311	_19522_	1
187	-0.4311	_19521_	1
187	-0.4311	_19518_	1
187	-0.4311	_19517_	2
187	-0.4311	_19513_	1
187	-0.4311	_19504_	2
187	-0.4311	_19503_	1
187	-0.4311	_19502_	5
187	-0.4311	_07119_	1
187	-0.4311	_07117_	2
187	-0.4311	_14501_	1
187	-0.4311	_14077_	2
187	-0.4311	_14076_	1
187	-0.4311	_14075_	2
187	-0.4311	_14074_	1
187	-0.4311	_14071_	1
187	-0.4311	_14070_	3
187	-0.4311	_14069_	1
187	-0.4311	_07393_	3
187	-0.4311	_40324_	1
187	-0.4311	_40321_	1
187	-0.4311	_40062_	1
187	-0.4311	_40008_	1
187	-0.4311	_00618_	1
187	-0.4311	_16653_	10
187	-0.4311	systolic.data_queue[62][3]	1
188	-0.4310	_11715_	1
188	-0.4310	_24412_	1
188	-0.4310	_24411_	1
188	-0.4310	_24410_	1
188	-0.4310	_24407_	2
188	-0.4310	_24373_	1
188	-0.4310	_24372_	5
188	-0.4310	_05750_	1
188	-0.4310	_05749_	9
188	-0.4310	_13571_	1
188	-0.4310	_13570_	2
188	-0.4310	_13569_	2
188	-0.4310	_13560_	1
188	-0.4310	_13559_	4
188	-0.4310	_04626_	1
188	-0.4310	_40015_	1
188	-0.4310	_39962_	1
188	-0.4310	_39960_	1
188	-0.4310	_39942_	5
188	-0.4310	_04330_	2
188	-0.4310	_15898_	10
188	-0.4310	systolic.data_queue[37][0]	1
189	-0.4309	_11958_	1
189	-0.4309	_26698_	1
189	-0.4309	_26697_	1
189	-0.4309	_26687_	2
189	-0.4309	_26682_	1
189	-0.4309	_26681_	1
189	-0.4309	_26654_	4
189	-0.4309	_08056_	1
189	-0.4309	_04769_	10
189	-0.4309	_15054_	1
189	-0.4309	_15053_	1
189	-0.4309	_14800_	2
189	-0.4309	_14799_	2
189	-0.4309	_14798_	1
189	-0.4309	_14797_	2
189	-0.4309	_14796_	1
189	-0.4309	_14514_	4
189	-0.4309	_08148_	1
189	-0.4309	_40476_	1
189	-0.4309	_40473_	1
189	-0.4309	_40780_	1
189	-0.4309	_40691_	5
189	-0.4309	_03051_	2
189	-0.4309	_15818_	10
189	-0.4309	systolic.data_queue[25][0]	1
190	-0.4308	_11858_	1
190	-0.4308	_25779_	1
190	-0.4308	_25778_	1
190	-0.4308	_25777_	1
190	-0.4308	_25767_	2
190	-0.4308	_25744_	1
190	-0.4308	_25726_	5
190	-0.4308	_10185_	1
190	-0.4308	_10153_	9
190	-0.4308	_16855_	1
190	-0.4308	_16854_	2
190	-0.4308	_16853_	2
190	-0.4308	_16844_	1
190	-0.4308	_16843_	4
190	-0.4308	_07618_	1
190	-0.4308	_47662_	1
190	-0.4308	_47546_	1
190	-0.4308	_47444_	1
190	-0.4308	_46477_	5
190	-0.4308	_04118_	2
190	-0.4308	_15271_	10
190	-0.4308	systolic.data_queue[30][0]	1
191	-0.4306	_11619_	1
191	-0.4306	_23514_	1
191	-0.4306	_23513_	1
191	-0.4306	_23512_	1
191	-0.4306	_23511_	1
191	-0.4306	_23510_	1
191	-0.4306	_23448_	4
191	-0.4306	_23444_	1
191	-0.4306	_23440_	2
191	-0.4306	_23439_	1
191	-0.4306	_23437_	6
191	-0.4306	_06679_	1
191	-0.4306	_06677_	2
191	-0.4306	_13623_	2
191	-0.4306	_13622_	2
191	-0.4306	_10258_	2
191	-0.4306	_40626_	1
191	-0.4306	_40566_	1
191	-0.4306	_40563_	1
191	-0.4306	_40523_	1
191	-0.4306	_00809_	1
191	-0.4306	_15865_	10
191	-0.4306	systolic.data_queue[42][7]	2
192	-0.4304	_12358_	1
192	-0.4304	_30404_	1
192	-0.4304	_30403_	1
192	-0.4304	_30393_	2
192	-0.4304	_30392_	2
192	-0.4304	_30390_	2
192	-0.4304	_30387_	1
192	-0.4304	_30378_	1
192	-0.4304	_30353_	5
192	-0.4304	_05067_	1
192	-0.4304	_05065_	2
192	-0.4304	_15248_	2
192	-0.4304	_15247_	1
192	-0.4304	_15217_	2
192	-0.4304	_14625_	2
192	-0.4304	_08100_	2
192	-0.4304	_46366_	1
192	-0.4304	_46330_	1
192	-0.4304	_42995_	1
192	-0.4304	_42992_	1
192	-0.4304	_04284_	1
192	-0.4304	_15942_	10
192	-0.4304	systolic.data_queue[5][7]	2
193	-0.4302	_12097_	1
193	-0.4302	_27986_	1
193	-0.4302	_27985_	1
193	-0.4302	_27950_	2
193	-0.4302	_27949_	1
193	-0.4302	_27948_	2
193	-0.4302	_27946_	1
193	-0.4302	_27945_	1
193	-0.4302	_27942_	1
193	-0.4302	_27938_	5
193	-0.4302	_05242_	1
193	-0.4302	_05240_	2
193	-0.4302	_14444_	1
193	-0.4302	_14442_	2
193	-0.4302	_14441_	1
193	-0.4302	_14440_	2
193	-0.4302	_14437_	1
193	-0.4302	_13515_	4
193	-0.4302	_09311_	1
193	-0.4302	_40239_	1
193	-0.4302	_40236_	1
193	-0.4302	_41694_	1
193	-0.4302	_40109_	5
193	-0.4302	_00636_	2
193	-0.4302	_15882_	10
193	-0.4302	systolic.data_queue[18][0]	1
194	-0.4292	_11597_	1
194	-0.4292	_23312_	1
194	-0.4292	_23311_	1
194	-0.4292	_23269_	2
194	-0.4292	_23235_	1
194	-0.4292	_23234_	5
194	-0.4292	_09704_	1
194	-0.4292	_05799_	11
194	-0.4292	_14488_	1
194	-0.4292	_14487_	2
194	-0.4292	_14486_	1
194	-0.4292	_14484_	2
194	-0.4292	_14483_	1
194	-0.4292	_14475_	1
194	-0.4292	_14474_	4
194	-0.4292	_07225_	1
194	-0.4292	_44516_	1
194	-0.4292	_44036_	1
194	-0.4292	_43481_	1
194	-0.4292	_43424_	5
194	-0.4292	_01939_	2
194	-0.4292	_15475_	10
194	-0.4292	systolic.data_queue[43][0]	1
195	-0.4286	_11295_	1
195	-0.4286	_20345_	1
195	-0.4286	_20341_	2
195	-0.4286	_20340_	2
195	-0.4286	_20339_	2
195	-0.4286	_20338_	1
195	-0.4286	_20337_	5
195	-0.4286	_08413_	1
195	-0.4286	_08197_	9
195	-0.4286	_14222_	1
195	-0.4286	_14221_	2
195	-0.4286	_14220_	2
195	-0.4286	_14211_	1
195	-0.4286	_14210_	4
195	-0.4286	_08505_	1
195	-0.4286	_44142_	1
195	-0.4286	_43429_	1
195	-0.4286	_43182_	1
195	-0.4286	_40065_	5
195	-0.4286	_02291_	2
195	-0.4286	_16033_	10
195	-0.4286	systolic.data_queue[58][0]	1
196	-0.4286	_12356_	1
196	-0.4286	_30398_	1
196	-0.4286	_30397_	1
196	-0.4286	_30396_	2
196	-0.4286	_30395_	1
196	-0.4286	_30393_	2
196	-0.4286	_30392_	2
196	-0.4286	_30390_	2
196	-0.4286	_30387_	1
196	-0.4286	_30378_	1
196	-0.4286	_30353_	5
196	-0.4286	_05067_	1
196	-0.4286	_05065_	2
196	-0.4286	_15248_	2
196	-0.4286	_15247_	1
196	-0.4286	_15217_	2
196	-0.4286	_14625_	2
196	-0.4286	_08100_	2
196	-0.4286	_46366_	1
196	-0.4286	_46330_	1
196	-0.4286	_42995_	1
196	-0.4286	_42992_	1
196	-0.4286	_04284_	1
196	-0.4286	_15942_	10
196	-0.4286	systolic.data_queue[5][7]	2
197	-0.4286	_12395_	1
197	-0.4286	_30723_	1
197	-0.4286	_30722_	1
197	-0.4286	_30721_	1
197	-0.4286	_30717_	1
197	-0.4286	_30716_	2
197	-0.4286	_30678_	1
197	-0.4286	_30677_	1
197	-0.4286	_30676_	6
197	-0.4286	_07268_	1
197	-0.4286	_07245_	5
197	-0.4286	_16155_	6
197	-0.4286	_16154_	1
197	-0.4286	_16153_	2
197	-0.4286	_16152_	1
197	-0.4286	_13989_	2
197	-0.4286	_13988_	1
197	-0.4286	_13986_	1
197	-0.4286	_13487_	4
197	-0.4286	_09294_	1
197	-0.4286	_41928_	1
197	-0.4286	_41925_	1
197	-0.4286	_42443_	1
197	-0.4286	_41508_	5
197	-0.4286	_01582_	2
197	-0.4286	_15786_	10
197	-0.4286	systolic.data_queue[3][0]	1
198	-0.4279	_11915_	1
198	-0.4279	_26304_	1
198	-0.4279	_26303_	1
198	-0.4279	_26302_	1
198	-0.4279	_26301_	2
198	-0.4279	_26300_	2
198	-0.4279	_26298_	1
198	-0.4279	_26297_	2
198	-0.4279	_26294_	1
198	-0.4279	_26290_	7
198	-0.4279	_07039_	1
198	-0.4279	_07037_	2
198	-0.4279	_14984_	1
198	-0.4279	_14983_	1
198	-0.4279	_14974_	2
198	-0.4279	_14972_	2
198	-0.4279	_14971_	1
198	-0.4279	_14963_	1
198	-0.4279	_14962_	4
198	-0.4279	_04742_	1
198	-0.4279	_45614_	1
198	-0.4279	_45559_	1
198	-0.4279	_45044_	1
198	-0.4279	_45019_	5
198	-0.4279	_02714_	2
198	-0.4279	_15459_	10
198	-0.4279	systolic.data_queue[27][0]	1
199	-0.4274	_11817_	1
199	-0.4274	_25411_	1
199	-0.4274	_25410_	1
199	-0.4274	_25366_	2
199	-0.4274	_25363_	2
199	-0.4274	_25361_	1
199	-0.4274	_25360_	1
199	-0.4274	_25359_	1
199	-0.4274	_25354_	6
199	-0.4274	_06254_	1
199	-0.4274	_06252_	2
199	-0.4274	_14411_	1
199	-0.4274	_14392_	2
199	-0.4274	_14391_	1
199	-0.4274	_14390_	2
199	-0.4274	_14382_	1
199	-0.4274	_14381_	4
199	-0.4274	_09327_	1
199	-0.4274	_39998_	1
199	-0.4274	_39995_	1
199	-0.4274	_44268_	1
199	-0.4274	_44261_	5
199	-0.4274	_04057_	2
199	-0.4274	_16017_	10
199	-0.4274	systolic.data_queue[32][0]	1
200	-0.4274	_12338_	1
200	-0.4274	_30234_	1
200	-0.4274	_30233_	1
200	-0.4274	_30232_	1
200	-0.4274	_30219_	2
200	-0.4274	_30217_	2
200	-0.4274	_30213_	3
200	-0.4274	_30212_	1
200	-0.4274	_30187_	5
200	-0.4274	_05765_	1
200	-0.4274	_05763_	2
200	-0.4274	_14116_	1
200	-0.4274	_14114_	1
200	-0.4274	_14113_	2
200	-0.4274	_14112_	1
200	-0.4274	_14111_	2
200	-0.4274	_14109_	1
200	-0.4274	_14014_	2
200	-0.4274	_14012_	2
200	-0.4274	_08852_	2
200	-0.4274	_47597_	1
200	-0.4274	_43858_	1
200	-0.4274	_43793_	1
200	-0.4274	_43777_	1
200	-0.4274	_02188_	1
200	-0.4274	_16064_	10
200	-0.4274	systolic.data_queue[6][7]	2
201	-0.4271	_12235_	1
201	-0.4271	_29251_	1
201	-0.4271	_29250_	1
201	-0.4271	_29249_	2
201	-0.4271	_29248_	1
201	-0.4271	_29247_	2
201	-0.4271	_29246_	1
201	-0.4271	_29241_	1
201	-0.4271	_29240_	1
201	-0.4271	_29238_	5
201	-0.4271	_09201_	1
201	-0.4271	_09199_	2
201	-0.4271	_14840_	1
201	-0.4271	_14557_	2
201	-0.4271	_14556_	1
201	-0.4271	_14555_	2
201	-0.4271	_14554_	1
201	-0.4271	_14547_	1
201	-0.4271	_14134_	4
201	-0.4271	_06881_	1
201	-0.4271	_45450_	1
201	-0.4271	_45423_	1
201	-0.4271	_45403_	1
201	-0.4271	_40827_	5
201	-0.4271	_00708_	2
201	-0.4271	_15999_	10
201	-0.4271	systolic.data_queue[11][0]	1
202	-0.4261	_12357_	1
202	-0.4261	_30402_	1
202	-0.4261	_30401_	1
202	-0.4261	_30400_	1
202	-0.4261	_30360_	2
202	-0.4261	_30359_	2
202	-0.4261	_30356_	2
202	-0.4261	_30355_	1
202	-0.4261	_30350_	2
202	-0.4261	_30338_	1
202	-0.4261	_30337_	5
202	-0.4261	_05066_	1
202	-0.4261	_05065_	2
202	-0.4261	_15248_	2
202	-0.4261	_15247_	1
202	-0.4261	_13607_	4
202	-0.4261	_06031_	1
202	-0.4261	_46363_	1
202	-0.4261	_46327_	1
202	-0.4261	_46325_	1
202	-0.4261	_46266_	5
202	-0.4261	_03438_	2
202	-0.4261	_15927_	10
202	-0.4261	systolic.data_queue[5][0]	1
203	-0.4255	_11417_	1
203	-0.4255	_21603_	1
203	-0.4255	_21602_	1
203	-0.4255	_21601_	1
203	-0.4255	_21547_	2
203	-0.4255	_21546_	3
203	-0.4255	_21545_	3
203	-0.4255	_21544_	2
203	-0.4255	_21541_	1
203	-0.4255	_21540_	1
203	-0.4255	_21539_	5
203	-0.4255	_05188_	1
203	-0.4255	_05186_	2
203	-0.4255	_15119_	2
203	-0.4255	_15118_	2
203	-0.4255	_07141_	2
203	-0.4255	_47104_	1
203	-0.4255	_46658_	1
203	-0.4255	_46528_	1
203	-0.4255	_46467_	1
203	-0.4255	_03606_	1
203	-0.4255	_16543_	10
203	-0.4255	systolic.data_queue[52][7]	2
204	-0.4252	_12377_	1
204	-0.4252	_30579_	1
204	-0.4252	_30578_	1
204	-0.4252	_30542_	2
204	-0.4252	_30541_	1
204	-0.4252	_30540_	2
204	-0.4252	_30538_	1
204	-0.4252	_30537_	1
204	-0.4252	_30534_	1
204	-0.4252	_30530_	5
204	-0.4252	_08325_	1
204	-0.4252	_08323_	2
204	-0.4252	_14429_	1
204	-0.4252	_14181_	2
204	-0.4252	_14180_	1
204	-0.4252	_14179_	2
204	-0.4252	_14175_	1
204	-0.4252	_14174_	4
204	-0.4252	_08554_	1
204	-0.4252	_40356_	1
204	-0.4252	_40354_	1
204	-0.4252	_40293_	1
204	-0.4252	_40277_	5
204	-0.4252	_03648_	2
204	-0.4252	_15866_	10
204	-0.4252	systolic.data_queue[4][0]	1
205	-0.4249	_12457_	1
205	-0.4249	_31327_	1
205	-0.4249	_31326_	1
205	-0.4249	_31325_	1
205	-0.4249	_31324_	1
205	-0.4249	_31284_	2
205	-0.4249	_31247_	1
205	-0.4249	_31245_	1
205	-0.4249	_31244_	5
205	-0.4249	_10206_	1
205	-0.4249	_06082_	5
205	-0.4249	_17042_	6
205	-0.4249	_17041_	1
205	-0.4249	_17040_	2
205	-0.4249	_17039_	1
205	-0.4249	_17038_	2
205	-0.4249	_17034_	2
205	-0.4249	_17033_	2
205	-0.4249	_17032_	1
205	-0.4249	_09356_	3
205	-0.4249	_47550_	1
205	-0.4249	_47548_	1
205	-0.4249	_46157_	1
205	-0.4249	_46153_	1
205	-0.4249	_03432_	1
205	-0.4249	_15454_	10
205	-0.4249	systolic.data_queue[0][3]	1
206	-0.4247	_12237_	1
206	-0.4247	_29286_	1
206	-0.4247	_29285_	1
206	-0.4247	_29249_	2
206	-0.4247	_29248_	1
206	-0.4247	_29247_	2
206	-0.4247	_29246_	1
206	-0.4247	_29245_	1
206	-0.4247	_29242_	1
206	-0.4247	_29238_	5
206	-0.4247	_09201_	1
206	-0.4247	_09199_	2
206	-0.4247	_14840_	1
206	-0.4247	_14557_	2
206	-0.4247	_14556_	1
206	-0.4247	_14555_	2
206	-0.4247	_14554_	1
206	-0.4247	_14547_	1
206	-0.4247	_14134_	4
206	-0.4247	_06881_	1
206	-0.4247	_45450_	1
206	-0.4247	_45423_	1
206	-0.4247	_45403_	1
206	-0.4247	_40827_	5
206	-0.4247	_00708_	2
206	-0.4247	_15999_	10
206	-0.4247	systolic.data_queue[11][0]	1
207	-0.4246	_12360_	1
207	-0.4246	_30414_	1
207	-0.4246	_30413_	1
207	-0.4246	_30412_	1
207	-0.4246	_30411_	1
207	-0.4246	_30392_	2
207	-0.4246	_30390_	2
207	-0.4246	_30387_	1
207	-0.4246	_30378_	1
207	-0.4246	_30353_	5
207	-0.4246	_05067_	1
207	-0.4246	_05065_	2
207	-0.4246	_15248_	2
207	-0.4246	_15247_	1
207	-0.4246	_15217_	2
207	-0.4246	_14625_	2
207	-0.4246	_08100_	2
207	-0.4246	_46366_	1
207	-0.4246	_46330_	1
207	-0.4246	_42995_	1
207	-0.4246	_42992_	1
207	-0.4246	_04284_	1
207	-0.4246	_15942_	10
207	-0.4246	systolic.data_queue[5][7]	2
208	-0.4243	_12435_	1
208	-0.4243	_31098_	1
208	-0.4243	_31097_	1
208	-0.4243	_31096_	1
208	-0.4243	_31092_	1
208	-0.4243	_31091_	2
208	-0.4243	_31090_	2
208	-0.4243	_31058_	1
208	-0.4243	_31055_	4
208	-0.4243	_31054_	4
208	-0.4243	_05145_	1
208	-0.4243	_05143_	2
208	-0.4243	_15202_	1
208	-0.4243	_15085_	2
208	-0.4243	_15084_	1
208	-0.4243	_15082_	2
208	-0.4243	_15081_	1
208	-0.4243	_15073_	1
208	-0.4243	_15072_	4
208	-0.4243	_09188_	1
208	-0.4243	_45873_	1
208	-0.4243	_45579_	1
208	-0.4243	_45503_	1
208	-0.4243	_45497_	5
208	-0.4243	_02838_	2
208	-0.4243	_15563_	10
208	-0.4243	systolic.data_queue[1][0]	1
209	-0.4241	_12218_	1
209	-0.4241	_29107_	1
209	-0.4241	_29106_	1
209	-0.4241	_29095_	2
209	-0.4241	_29094_	2
209	-0.4241	_29092_	2
209	-0.4241	_29089_	1
209	-0.4241	_29080_	1
209	-0.4241	_29056_	5
209	-0.4241	_07765_	1
209	-0.4241	_07763_	2
209	-0.4241	_14161_	2
209	-0.4241	_14159_	1
209	-0.4241	_14158_	2
209	-0.4241	_14156_	2
209	-0.4241	_08993_	2
209	-0.4241	_41681_	1
209	-0.4241	_41679_	1
209	-0.4241	_47112_	1
209	-0.4241	_47540_	1
209	-0.4241	_04219_	1
209	-0.4241	_16559_	10
209	-0.4241	systolic.data_queue[12][7]	2
210	-0.4233	_11556_	1
210	-0.4233	_22934_	1
210	-0.4233	_22933_	1
210	-0.4233	_22932_	2
210	-0.4233	_22929_	1
210	-0.4233	_22925_	2
210	-0.4233	_22924_	1
210	-0.4233	_22861_	5
210	-0.4233	_09633_	1
210	-0.4233	_09623_	8
210	-0.4233	_14349_	4
210	-0.4233	_14348_	1
210	-0.4233	_14347_	2
210	-0.4233	_14346_	2
210	-0.4233	_14338_	1
210	-0.4233	_14337_	4
210	-0.4233	_05008_	1
210	-0.4233	_43946_	1
210	-0.4233	_43115_	1
210	-0.4233	_43113_	1
210	-0.4233	_46566_	5
210	-0.4233	_04235_	2
210	-0.4233	_15425_	10
210	-0.4233	systolic.data_queue[45][0]	1
211	-0.4232	_11561_	1
211	-0.4232	_22961_	1
211	-0.4232	_22960_	1
211	-0.4232	_22897_	3
211	-0.4232	_22895_	3
211	-0.4232	_22891_	1
211	-0.4232	_22887_	2
211	-0.4232	_22886_	1
211	-0.4232	_22884_	6
211	-0.4232	_09660_	1
211	-0.4232	_09658_	2
211	-0.4232	_14355_	2
211	-0.4232	_14354_	2
211	-0.4232	_06963_	2
211	-0.4232	_43952_	1
211	-0.4232	_43160_	1
211	-0.4232	_43157_	1
211	-0.4232	_39836_	1
211	-0.4232	_00534_	1
211	-0.4232	_15440_	10
211	-0.4232	systolic.data_queue[45][7]	2
212	-0.4229	_12296_	1
212	-0.4229	_29843_	1
212	-0.4229	_29842_	1
212	-0.4229	_29841_	2
212	-0.4229	_29840_	1
212	-0.4229	_29837_	1
212	-0.4229	_29836_	1
212	-0.4229	_29761_	5
212	-0.4229	_09844_	1
212	-0.4229	_09837_	5
212	-0.4229	_14041_	5
212	-0.4229	_14040_	1
212	-0.4229	_14037_	1
212	-0.4229	_14035_	2
212	-0.4229	_14033_	2
212	-0.4229	_14032_	1
212	-0.4229	_14031_	2
212	-0.4229	_14030_	2
212	-0.4229	_14029_	1
212	-0.4229	_06475_	3
212	-0.4229	_47698_	1
212	-0.4229	_44122_	1
212	-0.4229	_44120_	1
212	-0.4229	_41921_	1
212	-0.4229	_01343_	1
212	-0.4229	_16369_	10
212	-0.4229	systolic.data_queue[8][3]	1
213	-0.4224	_11936_	1
213	-0.4224	_26509_	1
213	-0.4224	_26508_	1
213	-0.4224	_26507_	2
213	-0.4224	_26506_	2
213	-0.4224	_26505_	1
213	-0.4224	_26501_	2
213	-0.4224	_26500_	1
213	-0.4224	_06256_	3
213	-0.4224	_06255_	2
213	-0.4224	_15498_	2
213	-0.4224	_15496_	1
213	-0.4224	_14806_	2
213	-0.4224	_14804_	1
213	-0.4224	_13481_	2
213	-0.4224	_13480_	2
213	-0.4224	_07633_	2
213	-0.4224	_47130_	1
213	-0.4224	_40853_	1
213	-0.4224	_40850_	1
213	-0.4224	_43356_	1
213	-0.4224	_01967_	1
213	-0.4224	_16511_	10
213	-0.4224	systolic.data_queue[26][7]	2
214	-0.4221	_12297_	1
214	-0.4221	_29849_	1
214	-0.4221	_29848_	1
214	-0.4221	_29847_	1
214	-0.4221	_29807_	2
214	-0.4221	_29806_	2
214	-0.4221	_29804_	1
214	-0.4221	_29803_	2
214	-0.4221	_29771_	6
214	-0.4221	_09853_	1
214	-0.4221	_09851_	2
214	-0.4221	_16160_	1
214	-0.4221	_16159_	1
214	-0.4221	_14035_	2
214	-0.4221	_14033_	2
214	-0.4221	_14032_	1
214	-0.4221	_14025_	1
214	-0.4221	_14024_	4
214	-0.4221	_06400_	1
214	-0.4221	_45553_	1
214	-0.4221	_43920_	1
214	-0.4221	_43757_	1
214	-0.4221	_43440_	5
214	-0.4221	_01927_	2
214	-0.4221	_16358_	10
214	-0.4221	systolic.data_queue[8][0]	1
215	-0.4220	_11719_	1
215	-0.4220	_24454_	1
215	-0.4220	_24453_	1
215	-0.4220	_24452_	1
215	-0.4220	_24451_	1
215	-0.4220	_24406_	3
215	-0.4220	_24379_	1
215	-0.4220	_24375_	5
215	-0.4220	_09910_	1
215	-0.4220	_09908_	2
215	-0.4220	_15206_	1
215	-0.4220	_13570_	2
215	-0.4220	_13569_	2
215	-0.4220	_13560_	1
215	-0.4220	_13559_	4
215	-0.4220	_04626_	1
215	-0.4220	_40015_	1
215	-0.4220	_39962_	1
215	-0.4220	_39960_	1
215	-0.4220	_39942_	5
215	-0.4220	_04330_	2
215	-0.4220	_15898_	10
215	-0.4220	systolic.data_queue[37][0]	1
216	-0.4218	_11759_	1
216	-0.4218	_24844_	1
216	-0.4218	_24843_	1
216	-0.4218	_24842_	1
216	-0.4218	_24841_	1
216	-0.4218	_24790_	2
216	-0.4218	_24789_	3
216	-0.4218	_24786_	1
216	-0.4218	_24785_	2
216	-0.4218	_24781_	1
216	-0.4218	_24780_	1
216	-0.4218	_24777_	5
216	-0.4218	_09898_	1
216	-0.4218	_09896_	2
216	-0.4218	_14085_	4
216	-0.4218	_06025_	1
216	-0.4218	_46827_	1
216	-0.4218	_45746_	1
216	-0.4218	_45645_	1
216	-0.4218	_45639_	5
216	-0.4218	_01571_	2
216	-0.4218	_15983_	10
216	-0.4218	systolic.data_queue[35][0]	1
217	-0.4217	_11935_	1
217	-0.4217	_26481_	1
217	-0.4217	_26480_	1
217	-0.4217	_26479_	1
217	-0.4217	_26478_	1
217	-0.4217	_26477_	2
217	-0.4217	_26476_	1
217	-0.4217	_06167_	4
217	-0.4217	_06113_	6
217	-0.4217	_13749_	4
217	-0.4217	_13748_	1
217	-0.4217	_13746_	1
217	-0.4217	_13477_	2
217	-0.4217	_13474_	1
217	-0.4217	_13473_	2
217	-0.4217	_13471_	1
217	-0.4217	_13458_	4
217	-0.4217	_07571_	1
217	-0.4217	_40811_	1
217	-0.4217	_40809_	1
217	-0.4217	_42409_	1
217	-0.4217	_39872_	5
217	-0.4217	_04146_	2
217	-0.4217	_16491_	10
217	-0.4217	systolic.data_queue[26][0]	1
218	-0.4216	_12238_	1
218	-0.4216	_29289_	1
218	-0.4216	_29288_	1
218	-0.4216	_29278_	2
218	-0.4216	_29274_	1
218	-0.4216	_29260_	1
218	-0.4216	_08727_	4
218	-0.4216	_08312_	10
218	-0.4216	_14558_	1
218	-0.4216	_14557_	2
218	-0.4216	_14556_	1
218	-0.4216	_14555_	2
218	-0.4216	_14554_	1
218	-0.4216	_14553_	2
218	-0.4216	_14552_	2
218	-0.4216	_14551_	1
218	-0.4216	_08991_	3
218	-0.4216	_45458_	1
218	-0.4216	_45434_	1
218	-0.4216	_45432_	1
218	-0.4216	_46646_	1
218	-0.4216	_03824_	1
218	-0.4216	_16012_	10
218	-0.4216	systolic.data_queue[11][3]	1
219	-0.4210	_12078_	1
219	-0.4210	_27808_	1
219	-0.4210	_27807_	1
219	-0.4210	_27806_	1
219	-0.4210	_27797_	2
219	-0.4210	_27795_	2
219	-0.4210	_27794_	2
219	-0.4210	_27793_	2
219	-0.4210	_27790_	1
219	-0.4210	_27780_	1
219	-0.4210	_27756_	5
219	-0.4210	_06464_	1
219	-0.4210	_06462_	2
219	-0.4210	_13905_	2
219	-0.4210	_13904_	1
219	-0.4210	_13903_	2
219	-0.4210	_13901_	2
219	-0.4210	_08490_	2
219	-0.4210	_39980_	1
219	-0.4210	_39977_	1
219	-0.4210	_43615_	1
219	-0.4210	_43582_	1
219	-0.4210	_02097_	1
219	-0.4210	_16080_	10
219	-0.4210	systolic.data_queue[19][7]	2
220	-0.4210	_12195_	1
220	-0.4210	_28892_	1
220	-0.4210	_28891_	1
220	-0.4210	_28890_	1
220	-0.4210	_28889_	2
220	-0.4210	_28888_	2
220	-0.4210	_28886_	1
220	-0.4210	_28885_	2
220	-0.4210	_28882_	1
220	-0.4210	_28877_	7
220	-0.4210	_06908_	1
220	-0.4210	_06906_	2
220	-0.4210	_15180_	1
220	-0.4210	_15179_	1
220	-0.4210	_15158_	2
220	-0.4210	_15156_	2
220	-0.4210	_15155_	1
220	-0.4210	_15147_	1
220	-0.4210	_15146_	4
220	-0.4210	_06165_	1
220	-0.4210	_45198_	1
220	-0.4210	_41528_	1
220	-0.4210	_41526_	1
220	-0.4210	_41133_	5
220	-0.4210	_04173_	2
220	-0.4210	_16472_	10
220	-0.4210	systolic.data_queue[13][0]	1
221	-0.4207	_11277_	1
221	-0.4207	_20180_	1
221	-0.4207	_20179_	1
221	-0.4207	_20135_	2
221	-0.4207	_20134_	1
221	-0.4207	_20133_	2
221	-0.4207	_20132_	1
221	-0.4207	_20126_	1
221	-0.4207	_20125_	1
221	-0.4207	_20123_	5
221	-0.4207	_09749_	1
221	-0.4207	_09747_	2
221	-0.4207	_15849_	1
221	-0.4207	_15848_	2
221	-0.4207	_15847_	2
221	-0.4207	_15840_	1
221	-0.4207	_14904_	4
221	-0.4207	_09447_	1
221	-0.4207	_40972_	1
221	-0.4207	_40335_	1
221	-0.4207	_40333_	1
221	-0.4207	_45324_	5
221	-0.4207	_02364_	2
221	-0.4207	_16326_	10
221	-0.4207	systolic.data_queue[59][0]	1
222	-0.4204	_12095_	1
222	-0.4204	_27952_	1
222	-0.4204	_27951_	1
222	-0.4204	_27950_	2
222	-0.4204	_27949_	1
222	-0.4204	_27948_	2
222	-0.4204	_27946_	1
222	-0.4204	_27945_	1
222	-0.4204	_27942_	1
222	-0.4204	_27938_	5
222	-0.4204	_05242_	1
222	-0.4204	_05240_	2
222	-0.4204	_14444_	1
222	-0.4204	_14442_	2
222	-0.4204	_14441_	1
222	-0.4204	_14440_	2
222	-0.4204	_14437_	1
222	-0.4204	_13515_	4
222	-0.4204	_09311_	1
222	-0.4204	_40239_	1
222	-0.4204	_40236_	1
222	-0.4204	_41694_	1
222	-0.4204	_40109_	5
222	-0.4204	_00636_	2
222	-0.4204	_15882_	10
222	-0.4204	systolic.data_queue[18][0]	1
223	-0.4203	_12178_	1
223	-0.4203	_28745_	1
223	-0.4203	_28744_	1
223	-0.4203	_28743_	1
223	-0.4203	_28742_	1
223	-0.4203	_28741_	1
223	-0.4203	_28723_	2
223	-0.4203	_28722_	1
223	-0.4203	_28695_	5
223	-0.4203	_09047_	1
223	-0.4203	_09045_	2
223	-0.4203	_13966_	1
223	-0.4203	_13965_	1
223	-0.4203	_13964_	2
223	-0.4203	_13963_	1
223	-0.4203	_13962_	2
223	-0.4203	_13960_	1
223	-0.4203	_13959_	2
223	-0.4203	_13958_	2
223	-0.4203	_07913_	2
223	-0.4203	_43599_	1
223	-0.4203	_42312_	1
223	-0.4203	_41171_	1
223	-0.4203	_41168_	1
223	-0.4203	_03333_	1
223	-0.4203	_15269_	10
223	-0.4203	systolic.data_queue[14][7]	2
224	-0.4203	_12396_	1
224	-0.4203	_30755_	1
224	-0.4203	_30754_	1
224	-0.4203	_30753_	2
224	-0.4203	_30751_	1
224	-0.4203	_30750_	2
224	-0.4203	_30747_	2
224	-0.4203	_30733_	1
224	-0.4203	_30732_	2
224	-0.4203	_30675_	5
224	-0.4203	_07274_	1
224	-0.4203	_07272_	2
224	-0.4203	_16510_	1
224	-0.4203	_16509_	1
224	-0.4203	_16508_	1
224	-0.4203	_16507_	2
224	-0.4203	_16506_	1
224	-0.4203	_15490_	2
224	-0.4203	_15488_	1
224	-0.4203	_13424_	2
224	-0.4203	_13423_	2
224	-0.4203	_09289_	2
224	-0.4203	_42572_	1
224	-0.4203	_42531_	1
224	-0.4203	_40904_	1
224	-0.4203	_40901_	1
224	-0.4203	_02718_	1
224	-0.4203	_15801_	10
224	-0.4203	systolic.data_queue[3][7]	2
225	-0.4202	_12175_	1
225	-0.4202	_28703_	1
225	-0.4202	_28700_	1
225	-0.4202	_28699_	1
225	-0.4202	_28698_	2
225	-0.4202	_28696_	2
225	-0.4202	_28694_	1
225	-0.4202	_28693_	2
225	-0.4202	_28692_	1
225	-0.4202	_28688_	6
225	-0.4202	_08211_	1
225	-0.4202	_08209_	2
225	-0.4202	_13969_	1
225	-0.4202	_13968_	1
225	-0.4202	_13947_	2
225	-0.4202	_13945_	2
225	-0.4202	_13944_	1
225	-0.4202	_13936_	1
225	-0.4202	_13935_	4
225	-0.4202	_09790_	1
225	-0.4202	_43565_	1
225	-0.4202	_41977_	1
225	-0.4202	_39826_	1
225	-0.4202	_39819_	5
225	-0.4202	_01966_	2
225	-0.4202	_15254_	10
225	-0.4202	systolic.data_queue[14][0]	1
226	-0.4196	_12375_	1
226	-0.4196	_30544_	1
226	-0.4196	_30543_	1
226	-0.4196	_30542_	2
226	-0.4196	_30541_	1
226	-0.4196	_30540_	2
226	-0.4196	_30538_	1
226	-0.4196	_30537_	1
226	-0.4196	_30534_	1
226	-0.4196	_30530_	5
226	-0.4196	_08325_	1
226	-0.4196	_08323_	2
226	-0.4196	_14429_	1
226	-0.4196	_14181_	2
226	-0.4196	_14180_	1
226	-0.4196	_14179_	2
226	-0.4196	_14175_	1
226	-0.4196	_14174_	4
226	-0.4196	_08554_	1
226	-0.4196	_40356_	1
226	-0.4196	_40354_	1
226	-0.4196	_40293_	1
226	-0.4196	_40277_	5
226	-0.4196	_03648_	2
226	-0.4196	_15866_	10
226	-0.4196	systolic.data_queue[4][0]	1
227	-0.4193	_11998_	1
227	-0.4193	_27082_	1
227	-0.4193	_27081_	1
227	-0.4193	_27080_	1
227	-0.4193	_27069_	2
227	-0.4193	_27068_	1
227	-0.4193	_27066_	2
227	-0.4193	_07138_	4
227	-0.4193	_06662_	9
227	-0.4193	_16268_	1
227	-0.4193	_16267_	2
227	-0.4193	_16266_	2
227	-0.4193	_16257_	1
227	-0.4193	_16256_	4
227	-0.4193	_09203_	1
227	-0.4193	_47065_	1
227	-0.4193	_47040_	1
227	-0.4193	_46934_	1
227	-0.4193	_46514_	5
227	-0.4193	_03830_	2
227	-0.4193	_15351_	9
227	-0.4193	systolic.weight_queue[23][7]	1
228	-0.4188	_11940_	1
228	-0.4188	_26528_	1
228	-0.4188	_26527_	1
228	-0.4188	_26526_	1
228	-0.4188	_26525_	1
228	-0.4188	_26501_	2
228	-0.4188	_26500_	1
228	-0.4188	_06256_	3
228	-0.4188	_06255_	2
228	-0.4188	_15498_	2
228	-0.4188	_15496_	1
228	-0.4188	_14806_	2
228	-0.4188	_14804_	1
228	-0.4188	_13481_	2
228	-0.4188	_13480_	2
228	-0.4188	_07633_	2
228	-0.4188	_47130_	1
228	-0.4188	_40853_	1
228	-0.4188	_40850_	1
228	-0.4188	_43356_	1
228	-0.4188	_01967_	1
228	-0.4188	_16511_	10
228	-0.4188	systolic.data_queue[26][7]	2
229	-0.4183	_11538_	1
229	-0.4183	_22757_	1
229	-0.4183	_22756_	1
229	-0.4183	_22755_	1
229	-0.4183	_22738_	2
229	-0.4183	_22737_	2
229	-0.4183	_22706_	5
229	-0.4183	_06018_	1
229	-0.4183	_05545_	8
229	-0.4183	_16684_	1
229	-0.4183	_13771_	2
229	-0.4183	_13770_	2
229	-0.4183	_13766_	1
229	-0.4183	_13713_	4
229	-0.4183	_05225_	1
229	-0.4183	_47346_	1
229	-0.4183	_46184_	1
229	-0.4183	_46083_	1
229	-0.4183	_43005_	5
229	-0.4183	_03273_	2
229	-0.4183	_15943_	10
229	-0.4183	systolic.data_queue[46][0]	1
230	-0.4180	_11815_	1
230	-0.4180	_25368_	1
230	-0.4180	_25367_	1
230	-0.4180	_25366_	2
230	-0.4180	_25363_	2
230	-0.4180	_25361_	1
230	-0.4180	_25360_	1
230	-0.4180	_25359_	1
230	-0.4180	_25354_	6
230	-0.4180	_06254_	1
230	-0.4180	_06252_	2
230	-0.4180	_14411_	1
230	-0.4180	_14392_	2
230	-0.4180	_14391_	1
230	-0.4180	_14390_	2
230	-0.4180	_14382_	1
230	-0.4180	_14381_	4
230	-0.4180	_09327_	1
230	-0.4180	_39998_	1
230	-0.4180	_39995_	1
230	-0.4180	_44268_	1
230	-0.4180	_44261_	5
230	-0.4180	_04057_	2
230	-0.4180	_16017_	10
230	-0.4180	systolic.data_queue[32][0]	1
231	-0.4171	_11777_	1
231	-0.4171	_25030_	1
231	-0.4171	_25029_	1
231	-0.4171	_25028_	1
231	-0.4171	_24980_	2
231	-0.4171	_24979_	1
231	-0.4171	_24978_	6
231	-0.4171	_09546_	1
231	-0.4171	_05892_	11
231	-0.4171	_14304_	1
231	-0.4171	_14303_	2
231	-0.4171	_14302_	1
231	-0.4171	_14300_	2
231	-0.4171	_14299_	1
231	-0.4171	_14291_	1
231	-0.4171	_14290_	4
231	-0.4171	_08463_	1
231	-0.4171	_44313_	1
231	-0.4171	_44252_	1
231	-0.4171	_43879_	1
231	-0.4171	_43873_	5
231	-0.4171	_02116_	2
231	-0.4171	_15600_	10
231	-0.4171	systolic.data_queue[34][0]	1
232	-0.4171	_12220_	1
232	-0.4171	_29117_	1
232	-0.4171	_29116_	1
232	-0.4171	_29115_	1
232	-0.4171	_29114_	1
232	-0.4171	_29094_	2
232	-0.4171	_29092_	2
232	-0.4171	_29089_	1
232	-0.4171	_29080_	1
232	-0.4171	_29056_	5
232	-0.4171	_07765_	1
232	-0.4171	_07763_	2
232	-0.4171	_14161_	2
232	-0.4171	_14159_	1
232	-0.4171	_14158_	2
232	-0.4171	_14156_	2
232	-0.4171	_08993_	2
232	-0.4171	_41681_	1
232	-0.4171	_41679_	1
232	-0.4171	_47112_	1
232	-0.4171	_47540_	1
232	-0.4171	_04219_	1
232	-0.4171	_16559_	10
232	-0.4171	systolic.data_queue[12][7]	2
233	-0.4169	_11377_	1
233	-0.4169	_21232_	1
233	-0.4169	_21231_	1
233	-0.4169	_21230_	1
233	-0.4169	_21229_	1
233	-0.4169	_21194_	2
233	-0.4169	_21160_	1
233	-0.4169	_21159_	1
233	-0.4169	_21158_	4
233	-0.4169	_07965_	1
233	-0.4169	_04887_	8
233	-0.4169	_13190_	1
233	-0.4169	_13189_	2
233	-0.4169	_13188_	1
233	-0.4169	_13187_	2
233	-0.4169	_13186_	1
233	-0.4169	_13178_	1
233	-0.4169	_13177_	4
233	-0.4169	_08958_	1
233	-0.4169	_43498_	1
233	-0.4169	_43386_	1
233	-0.4169	_43048_	1
233	-0.4169	_43041_	5
233	-0.4169	_01792_	2
233	-0.4169	_16084_	10
233	-0.4169	systolic.data_queue[54][0]	1
234	-0.4165	_12335_	1
234	-0.4165	_30192_	1
234	-0.4165	_30191_	1
234	-0.4165	_30190_	1
234	-0.4165	_30189_	2
234	-0.4165	_30188_	2
234	-0.4165	_30186_	1
234	-0.4165	_30185_	2
234	-0.4165	_30182_	1
234	-0.4165	_30176_	7
234	-0.4165	_05772_	1
234	-0.4165	_05770_	2
234	-0.4165	_15059_	1
234	-0.4165	_15058_	1
234	-0.4165	_15057_	2
234	-0.4165	_14763_	2
234	-0.4165	_14762_	1
234	-0.4165	_14760_	1
234	-0.4165	_14002_	4
234	-0.4165	_04891_	1
234	-0.4165	_43997_	1
234	-0.4165	_43850_	1
234	-0.4165	_39923_	1
234	-0.4165	_39885_	5
234	-0.4165	_02160_	2
234	-0.4165	_16049_	10
234	-0.4165	systolic.data_queue[6][0]	1
235	-0.4162	_11677_	1
235	-0.4162	_24089_	1
235	-0.4162	_24088_	1
235	-0.4162	_24087_	1
235	-0.4162	_24041_	2
235	-0.4162	_24040_	2
235	-0.4162	_24010_	1
235	-0.4162	_24009_	6
235	-0.4162	_06696_	1
235	-0.4162	_06694_	2
235	-0.4162	_14606_	1
235	-0.4162	_13335_	2
235	-0.4162	_13334_	2
235	-0.4162	_13325_	1
235	-0.4162	_13324_	4
235	-0.4162	_07886_	1
235	-0.4162	_40634_	1
235	-0.4162	_40631_	1
235	-0.4162	_44384_	1
235	-0.4162	_40346_	5
235	-0.4162	_02604_	2
235	-0.4162	_16627_	9
235	-0.4162	systolic.weight_queue[39][7]	1
236	-0.4159	_12137_	1
236	-0.4159	_28372_	1
236	-0.4159	_28371_	1
236	-0.4159	_28369_	1
236	-0.4159	_28368_	1
236	-0.4159	_28324_	2
236	-0.4159	_28290_	1
236	-0.4159	_28288_	6
236	-0.4159	_07243_	1
236	-0.4159	_04922_	9
236	-0.4159	_14742_	1
236	-0.4159	_14741_	1
236	-0.4159	_14740_	2
236	-0.4159	_14738_	2
236	-0.4159	_14737_	1
236	-0.4159	_14729_	1
236	-0.4159	_14728_	4
236	-0.4159	_04593_	1
236	-0.4159	_47402_	1
236	-0.4159	_47316_	1
236	-0.4159	_47140_	1
236	-0.4159	_47132_	5
236	-0.4159	_03964_	2
236	-0.4159	_16512_	10
236	-0.4159	systolic.data_queue[16][0]	1
237	-0.4156	_11918_	1
237	-0.4156	_26346_	1
237	-0.4156	_26345_	1
237	-0.4156	_26344_	1
237	-0.4156	_26330_	2
237	-0.4156	_26328_	2
237	-0.4156	_26324_	2
237	-0.4156	_26323_	1
237	-0.4156	_26299_	5
237	-0.4156	_04947_	1
237	-0.4156	_04945_	2
237	-0.4156	_15020_	1
237	-0.4156	_15019_	1
237	-0.4156	_15018_	2
237	-0.4156	_15017_	1
237	-0.4156	_15016_	2
237	-0.4156	_15014_	1
237	-0.4156	_15013_	2
237	-0.4156	_14987_	2
237	-0.4156	_07421_	2
237	-0.4156	_45620_	1
237	-0.4156	_45562_	1
237	-0.4156	_45549_	1
237	-0.4156	_45283_	1
237	-0.4156	_02903_	1
237	-0.4156	_15474_	10
237	-0.4156	systolic.data_queue[27][7]	2
238	-0.4156	_11658_	1
238	-0.4156	_23895_	1
238	-0.4156	_23893_	1
238	-0.4156	_23892_	1
238	-0.4156	_23891_	1
238	-0.4156	_23874_	2
238	-0.4156	_23873_	2
238	-0.4156	_23870_	2
238	-0.4156	_23867_	1
238	-0.4156	_23855_	1
238	-0.4156	_23807_	5
238	-0.4156	_04819_	1
238	-0.4156	_04817_	2
238	-0.4156	_16794_	2
238	-0.4156	_16792_	1
238	-0.4156	_16791_	2
238	-0.4156	_16790_	2
238	-0.4156	_07325_	2
238	-0.4156	_47377_	1
238	-0.4156	_47335_	1
238	-0.4156	_47301_	1
238	-0.4156	_47270_	1
238	-0.4156	_04073_	1
238	-0.4156	_15337_	10
238	-0.4156	systolic.data_queue[40][7]	2
239	-0.4150	_12158_	1
239	-0.4150	_28566_	1
239	-0.4150	_28565_	1
239	-0.4150	_28564_	1
239	-0.4150	_28546_	2
239	-0.4150	_28526_	1
239	-0.4150	_28509_	6
239	-0.4150	_08677_	1
239	-0.4150	_04422_	9
239	-0.4150	_13400_	1
239	-0.4150	_13399_	2
239	-0.4150	_13398_	2
239	-0.4150	_13390_	1
239	-0.4150	_13389_	4
239	-0.4150	_05601_	1
239	-0.4150	_43135_	1
239	-0.4150	_42434_	1
239	-0.4150	_41447_	1
239	-0.4150	_41441_	5
239	-0.4150	_03237_	2
239	-0.4150	_15406_	9
239	-0.4150	systolic.weight_queue[15][7]	1
240	-0.4147	_11937_	1
240	-0.4147	_26512_	1
240	-0.4147	_26511_	1
240	-0.4147	_26510_	1
240	-0.4147	_26475_	2
240	-0.4147	_26474_	2
240	-0.4147	_26473_	2
240	-0.4147	_26472_	3
240	-0.4147	_26468_	1
240	-0.4147	_26455_	1
240	-0.4147	_04813_	4
240	-0.4147	_04812_	2
240	-0.4147	_14806_	2
240	-0.4147	_14804_	1
240	-0.4147	_13465_	4
240	-0.4147	_07768_	1
240	-0.4147	_41780_	1
240	-0.4147	_41777_	1
240	-0.4147	_39874_	1
240	-0.4147	_39872_	5
240	-0.4147	_04146_	2
240	-0.4147	_16491_	10
240	-0.4147	systolic.data_queue[26][0]	1
241	-0.4145	_11836_	1
241	-0.4145	_25589_	1
241	-0.4145	_25588_	1
241	-0.4145	_25587_	2
241	-0.4145	_25586_	2
241	-0.4145	_25584_	2
241	-0.4145	_25581_	1
241	-0.4145	_25577_	3
241	-0.4145	_25576_	1
241	-0.4145	_06947_	4
241	-0.4145	_06945_	2
241	-0.4145	_15539_	2
241	-0.4145	_15538_	1
241	-0.4145	_15533_	2
241	-0.4145	_15531_	2
241	-0.4145	_06149_	2
241	-0.4145	_42585_	1
241	-0.4145	_41023_	1
241	-0.4145	_41020_	1
241	-0.4145	_41485_	1
241	-0.4145	_03198_	1
241	-0.4145	_15809_	9
241	-0.4145	systolic.weight_queue[31][1]	1
242	-0.4137	_11876_	1
242	-0.4137	_25953_	1
242	-0.4137	_25952_	1
242	-0.4137	_25951_	2
242	-0.4137	_25950_	2
242	-0.4137	_25931_	1
242	-0.4137	_25914_	5
242	-0.4137	_05698_	1
242	-0.4137	_05445_	9
242	-0.4137	_16902_	1
242	-0.4137	_16899_	1
242	-0.4137	_16895_	1
242	-0.4137	_16894_	2
242	-0.4137	_16886_	1
242	-0.4137	_16885_	4
242	-0.4137	_09396_	1
242	-0.4137	_41803_	1
242	-0.4137	_41800_	1
242	-0.4137	_41717_	1
242	-0.4137	_41715_	5
242	-0.4137	_01227_	2
242	-0.4137	_16130_	10
242	-0.4137	systolic.data_queue[29][0]	1
243	-0.4134	_11398_	1
243	-0.4134	_21415_	1
243	-0.4134	_21414_	1
243	-0.4134	_21413_	1
243	-0.4134	_21397_	2
243	-0.4134	_21396_	2
243	-0.4134	_21364_	5
243	-0.4134	_04656_	1
243	-0.4134	_04644_	8
243	-0.4134	_16400_	1
243	-0.4134	_15243_	2
243	-0.4134	_13259_	2
243	-0.4134	_13256_	1
243	-0.4134	_13147_	4
243	-0.4134	_09209_	1
243	-0.4134	_43342_	1
243	-0.4134	_43186_	1
243	-0.4134	_42342_	1
243	-0.4134	_42000_	5
243	-0.4134	_01411_	2
243	-0.4134	_15637_	10
243	-0.4134	systolic.data_queue[53][0]	1
244	-0.4129	_11477_	1
244	-0.4129	_22157_	1
244	-0.4129	_22156_	1
244	-0.4129	_22122_	2
244	-0.4129	_22085_	1
244	-0.4129	_22081_	5
244	-0.4129	_07067_	1
244	-0.4129	_07002_	11
244	-0.4129	_13656_	1
244	-0.4129	_13655_	2
244	-0.4129	_13654_	1
244	-0.4129	_13652_	2
244	-0.4129	_13651_	1
244	-0.4129	_13643_	1
244	-0.4129	_13642_	4
244	-0.4129	_07041_	1
244	-0.4129	_43276_	1
244	-0.4129	_43274_	1
244	-0.4129	_42119_	1
244	-0.4129	_42115_	5
244	-0.4129	_01271_	2
244	-0.4129	_15616_	10
244	-0.4129	systolic.data_queue[49][0]	1
245	-0.4128	_11776_	1
245	-0.4128	_25024_	1
245	-0.4128	_25023_	1
245	-0.4128	_25022_	1
245	-0.4128	_25021_	1
245	-0.4128	_25019_	2
245	-0.4128	_25018_	2
245	-0.4128	_25016_	1
245	-0.4128	_24981_	6
245	-0.4128	_08668_	1
245	-0.4128	_08666_	2
245	-0.4128	_14317_	1
245	-0.4128	_14316_	1
245	-0.4128	_14315_	1
245	-0.4128	_14314_	2
245	-0.4128	_14313_	1
245	-0.4128	_14312_	2
245	-0.4128	_14310_	1
245	-0.4128	_14309_	2
245	-0.4128	_14308_	2
245	-0.4128	_06269_	2
245	-0.4128	_44317_	1
245	-0.4128	_44255_	1
245	-0.4128	_44080_	1
245	-0.4128	_43917_	1
245	-0.4128	_02265_	1
245	-0.4128	_15615_	10
245	-0.4128	systolic.data_queue[34][7]	2
246	-0.4126	_11779_	1
246	-0.4126	_25041_	1
246	-0.4126	_25040_	1
246	-0.4126	_25039_	1
246	-0.4126	_25038_	1
246	-0.4126	_25037_	1
246	-0.4126	_25036_	1
246	-0.4126	_24977_	3
246	-0.4126	_24974_	1
246	-0.4126	_24944_	7
246	-0.4126	_05499_	1
246	-0.4126	_05497_	2
246	-0.4126	_14319_	1
246	-0.4126	_14303_	2
246	-0.4126	_14302_	1
246	-0.4126	_14300_	2
246	-0.4126	_14299_	1
246	-0.4126	_14291_	1
246	-0.4126	_14290_	4
246	-0.4126	_08463_	1
246	-0.4126	_44313_	1
246	-0.4126	_44252_	1
246	-0.4126	_43879_	1
246	-0.4126	_43873_	5
246	-0.4126	_02116_	2
246	-0.4126	_15600_	10
246	-0.4126	systolic.data_queue[34][0]	1
247	-0.4126	_11797_	1
247	-0.4126	_25206_	1
247	-0.4126	_25205_	1
247	-0.4126	_25204_	1
247	-0.4126	_25162_	2
247	-0.4126	_25161_	2
247	-0.4126	_25158_	2
247	-0.4126	_25157_	1
247	-0.4126	_25152_	2
247	-0.4126	_25140_	1
247	-0.4126	_07506_	4
247	-0.4126	_07505_	2
247	-0.4126	_13505_	2
247	-0.4126	_13502_	1
247	-0.4126	_13497_	4
247	-0.4126	_09464_	1
247	-0.4126	_46009_	1
247	-0.4126	_46007_	1
247	-0.4126	_43455_	1
247	-0.4126	_41564_	5
247	-0.4126	_01291_	2
247	-0.4126	_16430_	10
247	-0.4126	systolic.data_queue[33][0]	1
248	-0.4124	_11796_	1
248	-0.4124	_25200_	1
248	-0.4124	_25199_	1
248	-0.4124	_25198_	2
248	-0.4124	_25197_	1
248	-0.4124	_25195_	2
248	-0.4124	_25194_	1
248	-0.4124	_25193_	1
248	-0.4124	_25163_	5
248	-0.4124	_09893_	1
248	-0.4124	_06371_	6
248	-0.4124	_16129_	4
248	-0.4124	_16128_	1
248	-0.4124	_15199_	2
248	-0.4124	_15198_	1
248	-0.4124	_15197_	2
248	-0.4124	_15196_	1
248	-0.4124	_15193_	1
248	-0.4124	_13503_	4
248	-0.4124	_06318_	1
248	-0.4124	_42552_	1
248	-0.4124	_42549_	1
248	-0.4124	_43228_	1
248	-0.4124	_41564_	5
248	-0.4124	_01291_	2
248	-0.4124	_16430_	10
248	-0.4124	systolic.data_queue[33][0]	1
249	-0.4123	_11857_	1
249	-0.4123	_25776_	1
249	-0.4123	_25775_	1
249	-0.4123	_25729_	2
249	-0.4123	_25728_	1
249	-0.4123	_25727_	1
249	-0.4123	_25726_	5
249	-0.4123	_10185_	1
249	-0.4123	_10153_	9
249	-0.4123	_16855_	1
249	-0.4123	_16854_	2
249	-0.4123	_16853_	2
249	-0.4123	_16844_	1
249	-0.4123	_16843_	4
249	-0.4123	_07618_	1
249	-0.4123	_47662_	1
249	-0.4123	_47546_	1
249	-0.4123	_47444_	1
249	-0.4123	_46477_	5
249	-0.4123	_04118_	2
249	-0.4123	_15271_	10
249	-0.4123	systolic.data_queue[30][0]	1
250	-0.4117	_11898_	1
250	-0.4117	_26156_	1
250	-0.4117	_26155_	1
250	-0.4117	_26154_	1
250	-0.4117	_26153_	1
250	-0.4117	_26152_	2
250	-0.4117	_26135_	2
250	-0.4117	_26134_	1
250	-0.4117	_26070_	5
250	-0.4117	_08912_	1
250	-0.4117	_08910_	2
250	-0.4117	_16937_	1
250	-0.4117	_16936_	1
250	-0.4117	_14099_	2
250	-0.4117	_14098_	1
250	-0.4117	_13590_	2
250	-0.4117	_13589_	1
250	-0.4117	_13588_	2
250	-0.4117	_13587_	2
250	-0.4117	_05015_	2
250	-0.4117	_42499_	1
250	-0.4117	_42497_	1
250	-0.4117	_46898_	1
250	-0.4117	_46092_	1
250	-0.4117	_03356_	1
250	-0.4117	_16117_	10
250	-0.4117	systolic.data_queue[28][7]	2
251	-0.4115	_12258_	1
251	-0.4115	_29469_	1
251	-0.4115	_29468_	1
251	-0.4115	_29467_	1
251	-0.4115	_29466_	1
251	-0.4115	_29465_	2
251	-0.4115	_29449_	2
251	-0.4115	_29381_	2
251	-0.4115	_04693_	5
251	-0.4115	_04691_	2
251	-0.4115	_15501_	1
251	-0.4115	_14818_	2
251	-0.4115	_13372_	2
251	-0.4115	_13370_	1
251	-0.4115	_13365_	4
251	-0.4115	_06278_	1
251	-0.4115	_41894_	1
251	-0.4115	_41609_	1
251	-0.4115	_41085_	1
251	-0.4115	_40912_	5
251	-0.4115	_02611_	2
251	-0.4115	_15499_	10
251	-0.4115	systolic.data_queue[10][0]	1
252	-0.4115	_11276_	1
252	-0.4115	_20171_	1
252	-0.4115	_20167_	1
252	-0.4115	_20166_	2
252	-0.4115	_20165_	1
252	-0.4115	_20160_	2
252	-0.4115	_20159_	1
252	-0.4115	_20093_	5
252	-0.4115	_09743_	1
252	-0.4115	_09729_	6
252	-0.4115	_16668_	4
252	-0.4115	_16667_	1
252	-0.4115	_15848_	2
252	-0.4115	_15847_	2
252	-0.4115	_15840_	1
252	-0.4115	_14904_	4
252	-0.4115	_09447_	1
252	-0.4115	_40972_	1
252	-0.4115	_40335_	1
252	-0.4115	_40333_	1
252	-0.4115	_45324_	5
252	-0.4115	_02364_	2
252	-0.4115	_16326_	10
252	-0.4115	systolic.data_queue[59][0]	1
253	-0.4115	_11379_	1
253	-0.4115	_21243_	1
253	-0.4115	_21242_	1
253	-0.4115	_21241_	1
253	-0.4115	_21240_	1
253	-0.4115	_21239_	1
253	-0.4115	_21193_	3
253	-0.4115	_21190_	3
253	-0.4115	_21189_	2
253	-0.4115	_21185_	1
253	-0.4115	_21184_	1
253	-0.4115	_21181_	6
253	-0.4115	_05159_	1
253	-0.4115	_05157_	2
253	-0.4115	_13577_	2
253	-0.4115	_13575_	2
253	-0.4115	_08110_	2
253	-0.4115	_47719_	1
253	-0.4115	_46571_	1
253	-0.4115	_46470_	1
253	-0.4115	_43106_	1
253	-0.4115	_01901_	1
253	-0.4115	_16099_	10
253	-0.4115	systolic.data_queue[54][7]	2
254	-0.4110	_11296_	1
254	-0.4110	_20384_	1
254	-0.4110	_20379_	1
254	-0.4110	_20378_	2
254	-0.4110	_20377_	2
254	-0.4110	_20358_	1
254	-0.4110	_20337_	5
254	-0.4110	_08413_	1
254	-0.4110	_08197_	9
254	-0.4110	_14222_	1
254	-0.4110	_14221_	2
254	-0.4110	_14220_	2
254	-0.4110	_14211_	1
254	-0.4110	_14210_	4
254	-0.4110	_08505_	1
254	-0.4110	_44142_	1
254	-0.4110	_43429_	1
254	-0.4110	_43182_	1
254	-0.4110	_40065_	5
254	-0.4110	_02291_	2
254	-0.4110	_16033_	10
254	-0.4110	systolic.data_queue[58][0]	1
255	-0.4109	_11758_	1
255	-0.4109	_24840_	1
255	-0.4109	_24839_	1
255	-0.4109	_24838_	1
255	-0.4109	_24824_	2
255	-0.4109	_24822_	2
255	-0.4109	_24821_	2
255	-0.4109	_24818_	1
255	-0.4109	_24753_	5
255	-0.4109	_05804_	1
255	-0.4109	_05802_	2
255	-0.4109	_16807_	1
255	-0.4109	_16806_	1
255	-0.4109	_16002_	2
255	-0.4109	_16001_	1
255	-0.4109	_15043_	2
255	-0.4109	_15042_	1
255	-0.4109	_14085_	4
255	-0.4109	_06025_	1
255	-0.4109	_46827_	1
255	-0.4109	_45746_	1
255	-0.4109	_45645_	1
255	-0.4109	_45639_	5
255	-0.4109	_01571_	2
255	-0.4109	_15983_	10
255	-0.4109	systolic.data_queue[35][0]	1
256	-0.4100	_11818_	1
256	-0.4100	_25418_	1
256	-0.4100	_25417_	1
256	-0.4100	_25416_	1
256	-0.4100	_25396_	2
256	-0.4100	_25395_	1
256	-0.4100	_25364_	4
256	-0.4100	_06122_	1
256	-0.4100	_06120_	10
256	-0.4100	_14395_	1
256	-0.4100	_14394_	1
256	-0.4100	_14393_	2
256	-0.4100	_14392_	2
256	-0.4100	_14391_	1
256	-0.4100	_14390_	2
256	-0.4100	_14389_	2
256	-0.4100	_14388_	2
256	-0.4100	_14387_	1
256	-0.4100	_09374_	3
256	-0.4100	_44162_	1
256	-0.4100	_44159_	1
256	-0.4100	_44277_	1
256	-0.4100	_43018_	1
256	-0.4100	_01830_	1
256	-0.4100	_16028_	10
256	-0.4100	systolic.data_queue[32][3]	1
257	-0.4100	_11497_	1
257	-0.4100	_22376_	1
257	-0.4100	_22375_	1
257	-0.4100	_22374_	1
257	-0.4100	_22324_	3
257	-0.4100	_22322_	1
257	-0.4100	_22316_	2
257	-0.4100	_22315_	1
257	-0.4100	_22313_	5
257	-0.4100	_06197_	1
257	-0.4100	_06195_	2
257	-0.4100	_14836_	2
257	-0.4100	_14834_	1
257	-0.4100	_14573_	2
257	-0.4100	_14572_	1
257	-0.4100	_14570_	2
257	-0.4100	_14569_	2
257	-0.4100	_10117_	2
257	-0.4100	_40712_	1
257	-0.4100	_40709_	1
257	-0.4100	_45012_	1
257	-0.4100	_45010_	1
257	-0.4100	_02796_	1
257	-0.4100	_16625_	10
257	-0.4100	systolic.data_queue[48][7]	2
258	-0.4099	_11977_	1
258	-0.4099	_26885_	1
258	-0.4099	_26884_	1
258	-0.4099	_26838_	2
258	-0.4099	_26837_	3
258	-0.4099	_26807_	1
258	-0.4099	_26805_	7
258	-0.4099	_05963_	1
258	-0.4099	_05961_	2
258	-0.4099	_14710_	1
258	-0.4099	_14693_	2
258	-0.4099	_14692_	1
258	-0.4099	_14690_	2
258	-0.4099	_14689_	1
258	-0.4099	_14681_	1
258	-0.4099	_14680_	4
258	-0.4099	_07150_	1
258	-0.4099	_45072_	1
258	-0.4099	_44833_	1
258	-0.4099	_44651_	1
258	-0.4099	_44645_	5
258	-0.4099	_02472_	2
258	-0.4099	_15579_	10
258	-0.4099	systolic.data_queue[24][0]	1
259	-0.4095	_12276_	1
259	-0.4095	_29649_	1
259	-0.4095	_29648_	1
259	-0.4095	_29647_	1
259	-0.4095	_29646_	2
259	-0.4095	_29644_	1
259	-0.4095	_29643_	2
259	-0.4095	_29642_	2
259	-0.4095	_29611_	5
259	-0.4095	_07670_	1
259	-0.4095	_07668_	2
259	-0.4095	_13910_	1
259	-0.4095	_13909_	1
259	-0.4095	_13908_	1
259	-0.4095	_13255_	2
259	-0.4095	_13254_	1
259	-0.4095	_13253_	2
259	-0.4095	_13250_	1
259	-0.4095	_13248_	2
259	-0.4095	_13135_	2
259	-0.4095	_09346_	2
259	-0.4095	_46834_	1
259	-0.4095	_46832_	1
259	-0.4095	_45269_	1
259	-0.4095	_40848_	1
259	-0.4095	_00968_	1
259	-0.4095	_16609_	10
259	-0.4095	systolic.data_queue[9][7]	2
260	-0.4090	_11616_	1
260	-0.4090	_23492_	1
260	-0.4090	_23491_	1
260	-0.4090	_23490_	1
260	-0.4090	_23489_	2
260	-0.4090	_23487_	2
260	-0.4090	_23486_	1
260	-0.4090	_23452_	4
260	-0.4090	_04869_	4
260	-0.4090	_04867_	2
260	-0.4090	_15599_	1
260	-0.4090	_15598_	1
260	-0.4090	_14508_	2
260	-0.4090	_14506_	1
260	-0.4090	_13628_	2
260	-0.4090	_13625_	1
260	-0.4090	_13623_	2
260	-0.4090	_13622_	2
260	-0.4090	_10258_	2
260	-0.4090	_40626_	1
260	-0.4090	_40566_	1
260	-0.4090	_40563_	1
260	-0.4090	_40523_	1
260	-0.4090	_00809_	1
260	-0.4090	_15865_	10
260	-0.4090	systolic.data_queue[42][7]	2
261	-0.4090	_11515_	1
261	-0.4090	_22540_	1
261	-0.4090	_22539_	1
261	-0.4090	_22538_	1
261	-0.4090	_22535_	1
261	-0.4090	_22526_	2
261	-0.4090	_22525_	3
261	-0.4090	_22495_	1
261	-0.4090	_22494_	1
261	-0.4090	_22492_	3
261	-0.4090	_08738_	4
261	-0.4090	_08736_	2
261	-0.4090	_14273_	2
261	-0.4090	_14271_	1
261	-0.4090	_14270_	2
261	-0.4090	_14269_	1
261	-0.4090	_14268_	2
261	-0.4090	_14266_	2
261	-0.4090	_07315_	2
261	-0.4090	_46847_	1
261	-0.4090	_45344_	1
261	-0.4090	_45183_	1
261	-0.4090	_45182_	1
261	-0.4090	_03509_	1
261	-0.4090	_16293_	9
261	-0.4090	systolic.data_queue[47][7]	2
262	-0.4089	_12436_	1
262	-0.4089	_31131_	1
262	-0.4089	_31130_	1
262	-0.4089	_31129_	2
262	-0.4089	_31127_	1
262	-0.4089	_31126_	2
262	-0.4089	_31122_	2
262	-0.4089	_31108_	1
262	-0.4089	_31107_	3
262	-0.4089	_05166_	4
262	-0.4089	_05164_	2
262	-0.4089	_15100_	1
262	-0.4089	_15099_	1
262	-0.4089	_15098_	1
262	-0.4089	_15097_	2
262	-0.4089	_15096_	1
262	-0.4089	_15095_	2
262	-0.4089	_15093_	1
262	-0.4089	_15092_	2
262	-0.4089	_15091_	2
262	-0.4089	_10126_	2
262	-0.4089	_45877_	1
262	-0.4089	_45695_	1
262	-0.4089	_45686_	1
262	-0.4089	_45684_	1
262	-0.4089	_03109_	1
262	-0.4089	_15578_	10
262	-0.4089	systolic.data_queue[1][7]	2
263	-0.4087	_11516_	1
263	-0.4087	_22570_	1
263	-0.4087	_22569_	1
263	-0.4087	_22568_	1
263	-0.4087	_22567_	2
263	-0.4087	_22565_	1
263	-0.4087	_22561_	2
263	-0.4087	_22560_	1
263	-0.4087	_22527_	6
263	-0.4087	_05379_	1
263	-0.4087	_05377_	2
263	-0.4087	_14276_	1
263	-0.4087	_14274_	1
263	-0.4087	_14273_	2
263	-0.4087	_14271_	1
263	-0.4087	_14270_	2
263	-0.4087	_14269_	1
263	-0.4087	_14268_	2
263	-0.4087	_14266_	2
263	-0.4087	_07315_	2
263	-0.4087	_46847_	1
263	-0.4087	_45344_	1
263	-0.4087	_45183_	1
263	-0.4087	_45182_	1
263	-0.4087	_03509_	1
263	-0.4087	_16293_	9
263	-0.4087	systolic.data_queue[47][7]	2
264	-0.4084	_11639_	1
264	-0.4084	_23697_	1
264	-0.4084	_23696_	1
264	-0.4084	_23695_	1
264	-0.4084	_23694_	1
264	-0.4084	_23693_	1
264	-0.4084	_23692_	1
264	-0.4084	_23645_	2
264	-0.4084	_23642_	1
264	-0.4084	_23636_	7
264	-0.4084	_08648_	1
264	-0.4084	_08646_	2
264	-0.4084	_16757_	1
264	-0.4084	_13924_	2
264	-0.4084	_13923_	1
264	-0.4084	_13532_	2
264	-0.4084	_13531_	1
264	-0.4084	_13523_	1
264	-0.4084	_13522_	4
264	-0.4084	_07474_	1
264	-0.4084	_41637_	1
264	-0.4084	_41635_	1
264	-0.4084	_41041_	1
264	-0.4084	_41003_	5
264	-0.4084	_00990_	2
264	-0.4084	_15653_	10
264	-0.4084	systolic.data_queue[41][0]	1
265	-0.4081	_11636_	1
265	-0.4081	_23680_	1
265	-0.4081	_23679_	1
265	-0.4081	_23678_	1
265	-0.4081	_23677_	1
265	-0.4081	_23675_	2
265	-0.4081	_23671_	2
265	-0.4081	_23670_	1
265	-0.4081	_23606_	6
265	-0.4081	_08735_	1
265	-0.4081	_08733_	2
265	-0.4081	_16755_	1
265	-0.4081	_16754_	1
265	-0.4081	_16753_	1
265	-0.4081	_16752_	2
265	-0.4081	_16751_	1
265	-0.4081	_13545_	2
265	-0.4081	_13543_	1
265	-0.4081	_13542_	2
265	-0.4081	_13540_	2
265	-0.4081	_06944_	2
265	-0.4081	_41767_	1
265	-0.4081	_41653_	1
265	-0.4081	_41430_	1
265	-0.4081	_41205_	1
265	-0.4081	_01110_	1
265	-0.4081	_15669_	10
265	-0.4081	systolic.data_queue[41][7]	2
266	-0.4081	_12278_	1
266	-0.4081	_29661_	1
266	-0.4081	_29660_	1
266	-0.4081	_29659_	1
266	-0.4081	_29658_	1
266	-0.4081	_29657_	1
266	-0.4081	_29643_	2
266	-0.4081	_29642_	2
266	-0.4081	_29611_	5
266	-0.4081	_07670_	1
266	-0.4081	_07668_	2
266	-0.4081	_13910_	1
266	-0.4081	_13909_	1
266	-0.4081	_13908_	1
266	-0.4081	_13255_	2
266	-0.4081	_13254_	1
266	-0.4081	_13253_	2
266	-0.4081	_13250_	1
266	-0.4081	_13248_	2
266	-0.4081	_13135_	2
266	-0.4081	_09346_	2
266	-0.4081	_46834_	1
266	-0.4081	_46832_	1
266	-0.4081	_45269_	1
266	-0.4081	_40848_	1
266	-0.4081	_00968_	1
266	-0.4081	_16609_	10
266	-0.4081	systolic.data_queue[9][7]	2
267	-0.4071	_11360_	1
267	-0.4071	_21068_	1
267	-0.4071	_21067_	1
267	-0.4071	_21066_	1
267	-0.4071	_21065_	1
267	-0.4071	_21037_	2
267	-0.4071	_21036_	2
267	-0.4071	_21033_	1
267	-0.4071	_21032_	1
267	-0.4071	_20994_	5
267	-0.4071	_08228_	1
267	-0.4071	_08226_	2
267	-0.4071	_14789_	2
267	-0.4071	_14787_	1
267	-0.4071	_13776_	2
267	-0.4071	_13774_	2
267	-0.4071	_09427_	3
267	-0.4071	_45910_	1
267	-0.4071	_45718_	1
267	-0.4071	_45213_	1
267	-0.4071	_40658_	1
267	-0.4071	_00874_	1
267	-0.4071	_16215_	9
267	-0.4071	systolic.data_queue[55][7]	2
268	-0.4069	_12016_	1
268	-0.4069	_27253_	1
268	-0.4069	_27252_	1
268	-0.4069	_27251_	2
268	-0.4069	_27250_	2
268	-0.4069	_27230_	1
268	-0.4069	_27213_	5
268	-0.4069	_09262_	1
268	-0.4069	_06175_	8
268	-0.4069	_13701_	1
268	-0.4069	_13698_	1
268	-0.4069	_13694_	1
268	-0.4069	_13693_	2
268	-0.4069	_13689_	1
268	-0.4069	_13688_	4
268	-0.4069	_07276_	1
268	-0.4069	_40123_	1
268	-0.4069	_40007_	1
268	-0.4069	_40005_	1
268	-0.4069	_46169_	5
268	-0.4069	_01906_	2
268	-0.4069	_16578_	10
268	-0.4069	systolic.data_queue[22][0]	1
269	-0.4067	_12138_	1
269	-0.4067	_28379_	1
269	-0.4067	_28377_	1
269	-0.4067	_28376_	1
269	-0.4067	_28375_	1
269	-0.4067	_28353_	3
269	-0.4067	_28335_	1
269	-0.4067	_28287_	6
269	-0.4067	_04442_	1
269	-0.4067	_04440_	2
269	-0.4067	_16471_	1
269	-0.4067	_16470_	1
269	-0.4067	_16469_	2
269	-0.4067	_16468_	1
269	-0.4067	_16467_	2
269	-0.4067	_16465_	1
269	-0.4067	_16464_	2
269	-0.4067	_15292_	2
269	-0.4067	_06547_	2
269	-0.4067	_47404_	1
269	-0.4067	_47307_	1
269	-0.4067	_46493_	1
269	-0.4067	_46490_	1
269	-0.4067	_04107_	1
269	-0.4067	_16527_	10
269	-0.4067	systolic.data_queue[16][7]	2
270	-0.4051	_11257_	1
270	-0.4051	_19967_	1
270	-0.4051	_19966_	1
270	-0.4051	_19965_	1
270	-0.4051	_19913_	2
270	-0.4051	_19912_	2
270	-0.4051	_19909_	3
270	-0.4051	_19887_	1
270	-0.4051	_19884_	5
270	-0.4051	_09982_	1
270	-0.4051	_09981_	2
270	-0.4051	_13868_	2
270	-0.4051	_13866_	1
270	-0.4051	_13865_	2
270	-0.4051	_13864_	2
270	-0.4051	_08857_	2
270	-0.4051	_40654_	1
270	-0.4051	_40651_	1
270	-0.4051	_40786_	1
270	-0.4051	_40783_	1
270	-0.4051	_04176_	1
270	-0.4051	_16389_	10
270	-0.4051	systolic.data_queue[60][7]	2
271	-0.4048	_11660_	1
271	-0.4048	_23909_	1
271	-0.4048	_23906_	1
271	-0.4048	_23905_	1
271	-0.4048	_23904_	1
271	-0.4048	_23873_	2
271	-0.4048	_23870_	2
271	-0.4048	_23867_	1
271	-0.4048	_23855_	1
271	-0.4048	_23807_	5
271	-0.4048	_04819_	1
271	-0.4048	_04817_	2
271	-0.4048	_16794_	2
271	-0.4048	_16792_	1
271	-0.4048	_16791_	2
271	-0.4048	_16790_	2
271	-0.4048	_07325_	2
271	-0.4048	_47377_	1
271	-0.4048	_47335_	1
271	-0.4048	_47301_	1
271	-0.4048	_47270_	1
271	-0.4048	_04073_	1
271	-0.4048	_15337_	10
271	-0.4048	systolic.data_queue[40][7]	2
272	-0.4043	_11718_	1
272	-0.4043	_24450_	1
272	-0.4043	_24449_	1
272	-0.4043	_24448_	1
272	-0.4043	_24433_	2
272	-0.4043	_24432_	2
272	-0.4043	_05751_	4
272	-0.4043	_05749_	9
272	-0.4043	_13571_	1
272	-0.4043	_13570_	2
272	-0.4043	_13569_	2
272	-0.4043	_13560_	1
272	-0.4043	_13559_	4
272	-0.4043	_04626_	1
272	-0.4043	_40015_	1
272	-0.4043	_39962_	1
272	-0.4043	_39960_	1
272	-0.4043	_39942_	5
272	-0.4043	_04330_	2
272	-0.4043	_15898_	10
272	-0.4043	systolic.data_queue[37][0]	1
273	-0.4040	_11256_	1
273	-0.4040	_19959_	1
273	-0.4040	_19958_	1
273	-0.4040	_19957_	2
273	-0.4040	_19956_	2
273	-0.4040	_19953_	2
273	-0.4040	_19950_	1
273	-0.4040	_19946_	1
273	-0.4040	_19945_	1
273	-0.4040	_19908_	5
273	-0.4040	_09983_	1
273	-0.4040	_09981_	2
273	-0.4040	_13868_	2
273	-0.4040	_13866_	1
273	-0.4040	_13865_	2
273	-0.4040	_13864_	2
273	-0.4040	_08857_	2
273	-0.4040	_40654_	1
273	-0.4040	_40651_	1
273	-0.4040	_40786_	1
273	-0.4040	_40783_	1
273	-0.4040	_04176_	1
273	-0.4040	_16389_	10
273	-0.4040	systolic.data_queue[60][7]	2
274	-0.4037	_11678_	1
274	-0.4037	_24092_	1
274	-0.4037	_24091_	1
274	-0.4037	_24090_	1
274	-0.4037	_24076_	2
274	-0.4037	_24061_	1
274	-0.4037	_06641_	4
274	-0.4037	_06629_	8
274	-0.4037	_13336_	1
274	-0.4037	_13335_	2
274	-0.4037	_13334_	2
274	-0.4037	_13325_	1
274	-0.4037	_13324_	4
274	-0.4037	_07886_	1
274	-0.4037	_40634_	1
274	-0.4037	_40631_	1
274	-0.4037	_44384_	1
274	-0.4037	_40346_	5
274	-0.4037	_02604_	2
274	-0.4037	_16627_	9
274	-0.4037	systolic.weight_queue[39][7]	1
275	-0.4026	_11739_	1
275	-0.4026	_24650_	1
275	-0.4026	_24649_	1
275	-0.4026	_24648_	1
275	-0.4026	_24647_	1
275	-0.4026	_24637_	2
275	-0.4026	_24635_	1
275	-0.4026	_24574_	2
275	-0.4026	_24573_	1
275	-0.4026	_24572_	6
275	-0.4026	_05507_	1
275	-0.4026	_05505_	2
275	-0.4026	_15030_	2
275	-0.4026	_15029_	1
275	-0.4026	_15028_	2
275	-0.4026	_15027_	1
275	-0.4026	_15026_	2
275	-0.4026	_15025_	2
275	-0.4026	_07975_	2
275	-0.4026	_42596_	1
275	-0.4026	_42593_	1
275	-0.4026	_44901_	1
275	-0.4026	_43799_	1
275	-0.4026	_02200_	1
275	-0.4026	_16325_	10
275	-0.4026	systolic.data_queue[36][7]	2
276	-0.4026	_12135_	1
276	-0.4026	_28330_	1
276	-0.4026	_28327_	1
276	-0.4026	_28326_	1
276	-0.4026	_28325_	1
276	-0.4026	_28324_	2
276	-0.4026	_28290_	1
276	-0.4026	_28288_	6
276	-0.4026	_07243_	1
276	-0.4026	_04922_	9
276	-0.4026	_14742_	1
276	-0.4026	_14741_	1
276	-0.4026	_14740_	2
276	-0.4026	_14738_	2
276	-0.4026	_14737_	1
276	-0.4026	_14729_	1
276	-0.4026	_14728_	4
276	-0.4026	_04593_	1
276	-0.4026	_47402_	1
276	-0.4026	_47316_	1
276	-0.4026	_47140_	1
276	-0.4026	_47132_	5
276	-0.4026	_03964_	2
276	-0.4026	_16512_	10
276	-0.4026	systolic.data_queue[16][0]	1
277	-0.4025	_12157_	1
277	-0.4025	_28561_	1
277	-0.4025	_28560_	1
277	-0.4025	_28558_	1
277	-0.4025	_28557_	2
277	-0.4025	_28556_	1
277	-0.4025	_28555_	2
277	-0.4025	_28503_	2
277	-0.4025	_28499_	2
277	-0.4025	_28498_	5
277	-0.4025	_06334_	1
277	-0.4025	_06332_	2
277	-0.4025	_13416_	1
277	-0.4025	_13399_	2
277	-0.4025	_13398_	2
277	-0.4025	_13390_	1
277	-0.4025	_13389_	4
277	-0.4025	_05601_	1
277	-0.4025	_43135_	1
277	-0.4025	_42434_	1
277	-0.4025	_41447_	1
277	-0.4025	_41441_	5
277	-0.4025	_03237_	2
277	-0.4025	_15406_	9
277	-0.4025	systolic.weight_queue[15][7]	1
278	-0.4021	_11621_	1
278	-0.4021	_23522_	1
278	-0.4021	_23520_	2
278	-0.4021	_23519_	1
278	-0.4021	_23448_	4
278	-0.4021	_23444_	1
278	-0.4021	_23440_	2
278	-0.4021	_23439_	1
278	-0.4021	_23437_	6
278	-0.4021	_06679_	1
278	-0.4021	_06677_	2
278	-0.4021	_13623_	2
278	-0.4021	_13622_	2
278	-0.4021	_10258_	2
278	-0.4021	_40626_	1
278	-0.4021	_40566_	1
278	-0.4021	_40563_	1
278	-0.4021	_40523_	1
278	-0.4021	_00809_	1
278	-0.4021	_15865_	10
278	-0.4021	systolic.data_queue[42][7]	2
279	-0.4015	_12398_	1
279	-0.4015	_30764_	1
279	-0.4015	_30763_	1
279	-0.4015	_30762_	1
279	-0.4015	_30761_	1
279	-0.4015	_30750_	2
279	-0.4015	_30749_	2
279	-0.4015	_30748_	1
279	-0.4015	_30675_	5
279	-0.4015	_07274_	1
279	-0.4015	_07272_	2
279	-0.4015	_16510_	1
279	-0.4015	_16509_	1
279	-0.4015	_16508_	1
279	-0.4015	_16507_	2
279	-0.4015	_16506_	1
279	-0.4015	_15490_	2
279	-0.4015	_15488_	1
279	-0.4015	_13424_	2
279	-0.4015	_13423_	2
279	-0.4015	_09289_	2
279	-0.4015	_42572_	1
279	-0.4015	_42531_	1
279	-0.4015	_40904_	1
279	-0.4015	_40901_	1
279	-0.4015	_02718_	1
279	-0.4015	_15801_	10
279	-0.4015	systolic.data_queue[3][7]	2
280	-0.4015	_12058_	1
280	-0.4015	_27634_	1
280	-0.4015	_27633_	1
280	-0.4015	_27632_	1
280	-0.4015	_27630_	1
280	-0.4015	_27610_	3
280	-0.4015	_27609_	1
280	-0.4015	_27575_	5
280	-0.4015	_08928_	1
280	-0.4015	_08926_	2
280	-0.4015	_15237_	1
280	-0.4015	_15236_	1
280	-0.4015	_15235_	2
280	-0.4015	_15234_	1
280	-0.4015	_15233_	2
280	-0.4015	_15232_	1
280	-0.4015	_14622_	2
280	-0.4015	_14620_	2
280	-0.4015	_09556_	2
280	-0.4015	_45768_	1
280	-0.4015	_44948_	1
280	-0.4015	_44923_	1
280	-0.4015	_44920_	1
280	-0.4015	_03817_	1
280	-0.4015	_16231_	10
280	-0.4015	systolic.data_queue[20][7]	2
281	-0.4013	_11696_	1
281	-0.4013	_24260_	1
281	-0.4013	_24259_	1
281	-0.4013	_24258_	2
281	-0.4013	_24257_	1
281	-0.4013	_24252_	2
281	-0.4013	_24251_	1
281	-0.4013	_06543_	4
281	-0.4013	_05486_	8
281	-0.4013	_13364_	4
281	-0.4013	_13363_	1
281	-0.4013	_13362_	2
281	-0.4013	_13361_	2
281	-0.4013	_13353_	1
281	-0.4013	_13352_	4
281	-0.4013	_10249_	1
281	-0.4013	_46062_	1
281	-0.4013	_46059_	1
281	-0.4013	_45999_	1
281	-0.4013	_45355_	5
281	-0.4013	_03130_	2
281	-0.4013	_15959_	10
281	-0.4013	systolic.data_queue[38][0]	1
282	-0.4011	_12018_	1
282	-0.4011	_27264_	1
282	-0.4011	_27263_	1
282	-0.4011	_27262_	1
282	-0.4011	_27250_	2
282	-0.4011	_27230_	1
282	-0.4011	_27213_	5
282	-0.4011	_09262_	1
282	-0.4011	_06175_	8
282	-0.4011	_13701_	1
282	-0.4011	_13698_	1
282	-0.4011	_13694_	1
282	-0.4011	_13693_	2
282	-0.4011	_13689_	1
282	-0.4011	_13688_	4
282	-0.4011	_07276_	1
282	-0.4011	_40123_	1
282	-0.4011	_40007_	1
282	-0.4011	_40005_	1
282	-0.4011	_46169_	5
282	-0.4011	_01906_	2
282	-0.4011	_16578_	10
282	-0.4011	systolic.data_queue[22][0]	1
283	-0.4010	_12037_	1
283	-0.4010	_27440_	1
283	-0.4010	_27439_	1
283	-0.4010	_27406_	2
283	-0.4010	_27405_	2
283	-0.4010	_27403_	2
283	-0.4010	_27402_	2
283	-0.4010	_27399_	1
283	-0.4010	_27395_	2
283	-0.4010	_27379_	1
283	-0.4010	_06829_	4
283	-0.4010	_06828_	2
283	-0.4010	_13812_	2
283	-0.4010	_13810_	1
283	-0.4010	_13792_	4
283	-0.4010	_06596_	1
283	-0.4010	_42757_	1
283	-0.4010	_41668_	1
283	-0.4010	_41666_	1
283	-0.4010	_42112_	5
283	-0.4010	_04322_	2
283	-0.4010	_16342_	10
283	-0.4010	systolic.data_queue[21][0]	1
284	-0.4010	_11955_	1
284	-0.4010	_26658_	1
284	-0.4010	_26657_	1
284	-0.4010	_26656_	2
284	-0.4010	_26653_	2
284	-0.4010	_26652_	1
284	-0.4010	_26651_	1
284	-0.4010	_26629_	1
284	-0.4010	_26628_	1
284	-0.4010	_26627_	5
284	-0.4010	_05769_	1
284	-0.4010	_05767_	2
284	-0.4010	_14923_	2
284	-0.4010	_14922_	1
284	-0.4010	_14517_	2
284	-0.4010	_14516_	1
284	-0.4010	_14430_	4
284	-0.4010	_08892_	1
284	-0.4010	_40790_	1
284	-0.4010	_40779_	1
284	-0.4010	_40778_	1
284	-0.4010	_40691_	5
284	-0.4010	_03051_	2
284	-0.4010	_15818_	10
284	-0.4010	systolic.data_queue[25][0]	1
285	-0.4009	_11418_	1
285	-0.4009	_21609_	1
285	-0.4009	_21608_	1
285	-0.4009	_21607_	1
285	-0.4009	_21586_	2
285	-0.4009	_21585_	1
285	-0.4009	_21550_	5
285	-0.4009	_09141_	1
285	-0.4009	_04942_	6
285	-0.4009	_15336_	4
285	-0.4009	_15335_	1
285	-0.4009	_15334_	2
285	-0.4009	_15333_	2
285	-0.4009	_15326_	1
285	-0.4009	_15122_	4
285	-0.4009	_04670_	1
285	-0.4009	_46694_	1
285	-0.4009	_46520_	1
285	-0.4009	_42065_	1
285	-0.4009	_41439_	5
285	-0.4009	_01432_	2
285	-0.4009	_16528_	10
285	-0.4009	systolic.data_queue[52][0]	1
286	-0.4008	_11458_	1
286	-0.4008	_21980_	1
286	-0.4008	_21979_	1
286	-0.4008	_21978_	1
286	-0.4008	_21961_	2
286	-0.4008	_21941_	1
286	-0.4008	_21901_	5
286	-0.4008	_07895_	1
286	-0.4008	_07760_	11
286	-0.4008	_15404_	1
286	-0.4008	_15376_	2
286	-0.4008	_15375_	1
286	-0.4008	_15345_	2
286	-0.4008	_15344_	1
286	-0.4008	_15342_	1
286	-0.4008	_15338_	4
286	-0.4008	_05358_	1
286	-0.4008	_46741_	1
286	-0.4008	_46739_	1
286	-0.4008	_46928_	1
286	-0.4008	_42613_	5
286	-0.4008	_01625_	2
286	-0.4008	_15766_	10
286	-0.4008	systolic.data_queue[50][0]	1
287	-0.4001	_11219_	1
287	-0.4001	_19571_	1
287	-0.4001	_19570_	1
287	-0.4001	_19569_	1
287	-0.4001	_19568_	1
287	-0.4001	_19567_	2
287	-0.4001	_19504_	2
287	-0.4001	_19503_	1
287	-0.4001	_19502_	5
287	-0.4001	_07119_	1
287	-0.4001	_07117_	2
287	-0.4001	_14501_	1
287	-0.4001	_14077_	2
287	-0.4001	_14076_	1
287	-0.4001	_14075_	2
287	-0.4001	_14074_	1
287	-0.4001	_14071_	1
287	-0.4001	_14070_	3
287	-0.4001	_14069_	1
287	-0.4001	_07393_	3
287	-0.4001	_40324_	1
287	-0.4001	_40321_	1
287	-0.4001	_40062_	1
287	-0.4001	_40008_	1
287	-0.4001	_00618_	1
287	-0.4001	_16653_	10
287	-0.4001	systolic.data_queue[62][3]	1
288	-0.3995	_11778_	1
288	-0.3995	_25035_	1
288	-0.3995	_25034_	1
288	-0.3995	_25033_	1
288	-0.3995	_25032_	1
288	-0.3995	_25015_	2
288	-0.3995	_25014_	1
288	-0.3995	_24981_	6
288	-0.3995	_08668_	1
288	-0.3995	_08666_	2
288	-0.3995	_14317_	1
288	-0.3995	_14316_	1
288	-0.3995	_14315_	1
288	-0.3995	_14314_	2
288	-0.3995	_14313_	1
288	-0.3995	_14312_	2
288	-0.3995	_14310_	1
288	-0.3995	_14309_	2
288	-0.3995	_14308_	2
288	-0.3995	_06269_	2
288	-0.3995	_44317_	1
288	-0.3995	_44255_	1
288	-0.3995	_44080_	1
288	-0.3995	_43917_	1
288	-0.3995	_02265_	1
288	-0.3995	_15615_	10
288	-0.3995	systolic.data_queue[34][7]	2
289	-0.3994	_11298_	1
289	-0.3994	_20398_	1
289	-0.3994	_20397_	1
289	-0.3994	_20396_	1
289	-0.3994	_20377_	2
289	-0.3994	_20357_	1
289	-0.3994	_20337_	5
289	-0.3994	_08413_	1
289	-0.3994	_08197_	9
289	-0.3994	_14222_	1
289	-0.3994	_14221_	2
289	-0.3994	_14220_	2
289	-0.3994	_14211_	1
289	-0.3994	_14210_	4
289	-0.3994	_08505_	1
289	-0.3994	_44142_	1
289	-0.3994	_43429_	1
289	-0.3994	_43182_	1
289	-0.3994	_40065_	5
289	-0.3994	_02291_	2
289	-0.3994	_16033_	10
289	-0.3994	systolic.data_queue[58][0]	1
290	-0.3990	_11976_	1
290	-0.3990	_26882_	1
290	-0.3990	_26881_	1
290	-0.3990	_26880_	2
290	-0.3990	_26878_	1
290	-0.3990	_26857_	1
290	-0.3990	_26801_	6
290	-0.3990	_05566_	1
290	-0.3990	_05565_	5
290	-0.3990	_14695_	6
290	-0.3990	_14694_	1
290	-0.3990	_14693_	2
290	-0.3990	_14692_	1
290	-0.3990	_14690_	2
290	-0.3990	_14689_	1
290	-0.3990	_14681_	1
290	-0.3990	_14680_	4
290	-0.3990	_07150_	1
290	-0.3990	_45072_	1
290	-0.3990	_44833_	1
290	-0.3990	_44651_	1
290	-0.3990	_44645_	5
290	-0.3990	_02472_	2
290	-0.3990	_15579_	10
290	-0.3990	systolic.data_queue[24][0]	1
291	-0.3986	_11496_	1
291	-0.3986	_22364_	1
291	-0.3986	_22363_	1
291	-0.3986	_22362_	1
291	-0.3986	_22361_	1
291	-0.3986	_22359_	2
291	-0.3986	_22358_	3
291	-0.3986	_22356_	1
291	-0.3986	_22323_	5
291	-0.3986	_06191_	1
291	-0.3986	_06189_	2
291	-0.3986	_15836_	1
291	-0.3986	_15835_	1
291	-0.3986	_14836_	2
291	-0.3986	_14834_	1
291	-0.3986	_14573_	2
291	-0.3986	_14572_	1
291	-0.3986	_14570_	2
291	-0.3986	_14569_	2
291	-0.3986	_10117_	2
291	-0.3986	_40712_	1
291	-0.3986	_40709_	1
291	-0.3986	_45012_	1
291	-0.3986	_45010_	1
291	-0.3986	_02796_	1
291	-0.3986	_16625_	10
291	-0.3986	systolic.data_queue[48][7]	2
292	-0.3982	_12397_	1
292	-0.3982	_30758_	1
292	-0.3982	_30757_	1
292	-0.3982	_30716_	2
292	-0.3982	_30678_	1
292	-0.3982	_30677_	1
292	-0.3982	_30676_	6
292	-0.3982	_07268_	1
292	-0.3982	_07245_	5
292	-0.3982	_16155_	6
292	-0.3982	_16154_	1
292	-0.3982	_16153_	2
292	-0.3982	_16152_	1
292	-0.3982	_13989_	2
292	-0.3982	_13988_	1
292	-0.3982	_13986_	1
292	-0.3982	_13487_	4
292	-0.3982	_09294_	1
292	-0.3982	_41928_	1
292	-0.3982	_41925_	1
292	-0.3982	_42443_	1
292	-0.3982	_41508_	5
292	-0.3982	_01582_	2
292	-0.3982	_15786_	10
292	-0.3982	systolic.data_queue[3][0]	1
293	-0.3982	_11495_	1
293	-0.3982	_22328_	1
293	-0.3982	_22327_	1
293	-0.3982	_22326_	1
293	-0.3982	_22325_	1
293	-0.3982	_22324_	3
293	-0.3982	_22322_	1
293	-0.3982	_22321_	2
293	-0.3982	_22318_	1
293	-0.3982	_22313_	5
293	-0.3982	_06197_	1
293	-0.3982	_06195_	2
293	-0.3982	_14836_	2
293	-0.3982	_14834_	1
293	-0.3982	_14573_	2
293	-0.3982	_14572_	1
293	-0.3982	_14570_	2
293	-0.3982	_14569_	2
293	-0.3982	_10117_	2
293	-0.3982	_40712_	1
293	-0.3982	_40709_	1
293	-0.3982	_45012_	1
293	-0.3982	_45010_	1
293	-0.3982	_02796_	1
293	-0.3982	_16625_	10
293	-0.3982	systolic.data_queue[48][7]	2
294	-0.3978	_11657_	1
294	-0.3978	_23889_	1
294	-0.3978	_23888_	1
294	-0.3978	_23887_	1
294	-0.3978	_23834_	2
294	-0.3978	_23832_	2
294	-0.3978	_23831_	1
294	-0.3978	_23804_	6
294	-0.3978	_07515_	1
294	-0.3978	_07513_	2
294	-0.3978	_16801_	1
294	-0.3978	_16784_	2
294	-0.3978	_16783_	1
294	-0.3978	_16781_	2
294	-0.3978	_16780_	1
294	-0.3978	_16772_	1
294	-0.3978	_16771_	4
294	-0.3978	_07550_	1
294	-0.3978	_47373_	1
294	-0.3978	_47330_	1
294	-0.3978	_47228_	1
294	-0.3978	_46501_	5
294	-0.3978	_03993_	2
294	-0.3978	_15297_	10
294	-0.3978	systolic.data_queue[40][0]	1
295	-0.3971	_11216_	1
295	-0.3971	_19554_	1
295	-0.3971	_19553_	1
295	-0.3971	_19552_	2
295	-0.3971	_19529_	1
295	-0.3971	_19528_	1
295	-0.3971	_06673_	4
295	-0.3971	_06471_	7
295	-0.3971	_14079_	4
295	-0.3971	_14078_	1
295	-0.3971	_14077_	2
295	-0.3971	_14076_	1
295	-0.3971	_14075_	2
295	-0.3971	_14074_	1
295	-0.3971	_14071_	1
295	-0.3971	_14070_	3
295	-0.3971	_14069_	1
295	-0.3971	_07393_	3
295	-0.3971	_40324_	1
295	-0.3971	_40321_	1
295	-0.3971	_40062_	1
295	-0.3971	_40008_	1
295	-0.3971	_00618_	1
295	-0.3971	_16653_	10
295	-0.3971	systolic.data_queue[62][3]	1
296	-0.3970	_11638_	1
296	-0.3970	_23691_	1
296	-0.3970	_23690_	1
296	-0.3970	_23689_	1
296	-0.3970	_23688_	1
296	-0.3970	_23671_	2
296	-0.3970	_23670_	1
296	-0.3970	_23606_	6
296	-0.3970	_08735_	1
296	-0.3970	_08733_	2
296	-0.3970	_16755_	1
296	-0.3970	_16754_	1
296	-0.3970	_16753_	1
296	-0.3970	_16752_	2
296	-0.3970	_16751_	1
296	-0.3970	_13545_	2
296	-0.3970	_13543_	1
296	-0.3970	_13542_	2
296	-0.3970	_13540_	2
296	-0.3970	_06944_	2
296	-0.3970	_41767_	1
296	-0.3970	_41653_	1
296	-0.3970	_41430_	1
296	-0.3970	_41205_	1
296	-0.3970	_01110_	1
296	-0.3970	_15669_	10
296	-0.3970	systolic.data_queue[41][7]	2
297	-0.3966	_11997_	1
297	-0.3966	_27079_	1
297	-0.3966	_27078_	1
297	-0.3966	_27077_	1
297	-0.3966	_27033_	2
297	-0.3966	_27032_	1
297	-0.3966	_07137_	5
297	-0.3966	_06662_	9
297	-0.3966	_16268_	1
297	-0.3966	_16267_	2
297	-0.3966	_16266_	2
297	-0.3966	_16257_	1
297	-0.3966	_16256_	4
297	-0.3966	_09203_	1
297	-0.3966	_47065_	1
297	-0.3966	_47040_	1
297	-0.3966	_46934_	1
297	-0.3966	_46514_	5
297	-0.3966	_03830_	2
297	-0.3966	_15351_	9
297	-0.3966	systolic.weight_queue[23][7]	1
298	-0.3966	_12057_	1
298	-0.3966	_27627_	1
298	-0.3966	_27626_	1
298	-0.3966	_27625_	1
298	-0.3966	_27574_	2
298	-0.3966	_27573_	1
298	-0.3966	_27572_	5
298	-0.3966	_06774_	1
298	-0.3966	_06172_	11
298	-0.3966	_14882_	1
298	-0.3966	_14881_	2
298	-0.3966	_14880_	1
298	-0.3966	_14878_	2
298	-0.3966	_14877_	1
298	-0.3966	_14870_	1
298	-0.3966	_14869_	4
298	-0.3966	_09425_	1
298	-0.3966	_45711_	1
298	-0.3966	_44942_	1
298	-0.3966	_42223_	1
298	-0.3966	_42221_	5
298	-0.3966	_02168_	2
298	-0.3966	_16216_	10
298	-0.3966	systolic.data_queue[20][0]	1
299	-0.3965	_11737_	1
299	-0.3965	_24641_	1
299	-0.3965	_24640_	1
299	-0.3965	_24638_	1
299	-0.3965	_24637_	2
299	-0.3965	_24635_	1
299	-0.3965	_24574_	2
299	-0.3965	_24573_	1
299	-0.3965	_24572_	6
299	-0.3965	_05507_	1
299	-0.3965	_05505_	2
299	-0.3965	_15030_	2
299	-0.3965	_15029_	1
299	-0.3965	_15028_	2
299	-0.3965	_15027_	1
299	-0.3965	_15026_	2
299	-0.3965	_15025_	2
299	-0.3965	_07975_	2
299	-0.3965	_42596_	1
299	-0.3965	_42593_	1
299	-0.3965	_44901_	1
299	-0.3965	_43799_	1
299	-0.3965	_02200_	1
299	-0.3965	_16325_	10
299	-0.3965	systolic.data_queue[36][7]	2
300	-0.3959	_12359_	1
300	-0.3959	_30408_	1
300	-0.3959	_30407_	1
300	-0.3959	_30406_	1
300	-0.3959	_30359_	2
300	-0.3959	_30356_	2
300	-0.3959	_30355_	1
300	-0.3959	_30350_	2
300	-0.3959	_30338_	1
300	-0.3959	_30337_	5
300	-0.3959	_05066_	1
300	-0.3959	_05065_	2
300	-0.3959	_15248_	2
300	-0.3959	_15247_	1
300	-0.3959	_13607_	4
300	-0.3959	_06031_	1
300	-0.3959	_46363_	1
300	-0.3959	_46327_	1
300	-0.3959	_46325_	1
300	-0.3959	_46266_	5
300	-0.3959	_03438_	2
300	-0.3959	_15927_	10
300	-0.3959	systolic.data_queue[5][0]	1
301	-0.3953	_12378_	1
301	-0.3953	_30583_	1
301	-0.3953	_30582_	1
301	-0.3953	_30581_	1
301	-0.3953	_30567_	2
301	-0.3953	_30553_	1
301	-0.3953	_08262_	4
301	-0.3953	_08252_	10
301	-0.3953	_14184_	1
301	-0.3953	_14183_	1
301	-0.3953	_14182_	2
301	-0.3953	_14181_	2
301	-0.3953	_14180_	1
301	-0.3953	_14179_	2
301	-0.3953	_14178_	2
301	-0.3953	_13976_	2
301	-0.3953	_13975_	1
301	-0.3953	_06560_	3
301	-0.3953	_40361_	1
301	-0.3953	_40343_	1
301	-0.3953	_40263_	1
301	-0.3953	_40259_	1
301	-0.3953	_00755_	1
301	-0.3953	_15877_	10
301	-0.3953	systolic.data_queue[4][3]	1
302	-0.3952	_11319_	1
302	-0.3952	_20629_	1
302	-0.3952	_20628_	1
302	-0.3952	_20627_	1
302	-0.3952	_20626_	1
302	-0.3952	_20614_	2
302	-0.3952	_20612_	1
302	-0.3952	_20543_	2
302	-0.3952	_20542_	1
302	-0.3952	_20540_	6
302	-0.3952	_07970_	1
302	-0.3952	_07968_	2
302	-0.3952	_13235_	2
302	-0.3952	_13234_	1
302	-0.3952	_13218_	2
302	-0.3952	_13216_	1
302	-0.3952	_13204_	2
302	-0.3952	_13202_	2
302	-0.3952	_06023_	2
302	-0.3952	_42187_	1
302	-0.3952	_42185_	1
302	-0.3952	_42212_	1
302	-0.3952	_41316_	1
302	-0.3952	_01135_	1
302	-0.3952	_15765_	10
302	-0.3952	systolic.data_queue[57][7]	2
303	-0.3949	_11957_	1
303	-0.3949	_26695_	1
303	-0.3949	_26694_	1
303	-0.3949	_26656_	2
303	-0.3949	_26653_	2
303	-0.3949	_26652_	1
303	-0.3949	_26651_	1
303	-0.3949	_26629_	1
303	-0.3949	_26628_	1
303	-0.3949	_26627_	5
303	-0.3949	_05769_	1
303	-0.3949	_05767_	2
303	-0.3949	_14923_	2
303	-0.3949	_14922_	1
303	-0.3949	_14517_	2
303	-0.3949	_14516_	1
303	-0.3949	_14430_	4
303	-0.3949	_08892_	1
303	-0.3949	_40790_	1
303	-0.3949	_40779_	1
303	-0.3949	_40778_	1
303	-0.3949	_40691_	5
303	-0.3949	_03051_	2
303	-0.3949	_15818_	10
303	-0.3949	systolic.data_queue[25][0]	1
304	-0.3945	_11339_	1
304	-0.3945	_20856_	1
304	-0.3945	_20853_	1
304	-0.3945	_20852_	1
304	-0.3945	_20851_	1
304	-0.3945	_20850_	1
304	-0.3945	_20791_	3
304	-0.3945	_20762_	1
304	-0.3945	_20761_	2
304	-0.3945	_20757_	5
304	-0.3945	_06393_	1
304	-0.3945	_06391_	2
304	-0.3945	_15741_	1
304	-0.3945	_15724_	2
304	-0.3945	_15723_	2
304	-0.3945	_15715_	1
304	-0.3945	_15714_	4
304	-0.3945	_05301_	1
304	-0.3945	_46752_	1
304	-0.3945	_46705_	1
304	-0.3945	_46580_	1
304	-0.3945	_46535_	5
304	-0.3945	_03631_	2
304	-0.3945	_15378_	10
304	-0.3945	systolic.data_queue[56][0]	1
305	-0.3942	_11317_	1
305	-0.3942	_20618_	1
305	-0.3942	_20617_	1
305	-0.3942	_20615_	1
305	-0.3942	_20614_	2
305	-0.3942	_20612_	1
305	-0.3942	_20543_	2
305	-0.3942	_20542_	1
305	-0.3942	_20540_	6
305	-0.3942	_07970_	1
305	-0.3942	_07968_	2
305	-0.3942	_13235_	2
305	-0.3942	_13234_	1
305	-0.3942	_13218_	2
305	-0.3942	_13216_	1
305	-0.3942	_13204_	2
305	-0.3942	_13202_	2
305	-0.3942	_06023_	2
305	-0.3942	_42187_	1
305	-0.3942	_42185_	1
305	-0.3942	_42212_	1
305	-0.3942	_41316_	1
305	-0.3942	_01135_	1
305	-0.3942	_15765_	10
305	-0.3942	systolic.data_queue[57][7]	2
306	-0.3937	_12036_	1
306	-0.3937	_27434_	1
306	-0.3937	_27433_	1
306	-0.3937	_27432_	1
306	-0.3937	_27431_	2
306	-0.3937	_27430_	2
306	-0.3937	_06816_	4
306	-0.3937	_05964_	11
306	-0.3937	_13804_	1
306	-0.3937	_13803_	2
306	-0.3937	_13802_	1
306	-0.3937	_13800_	2
306	-0.3937	_13799_	1
306	-0.3937	_13791_	1
306	-0.3937	_13790_	4
306	-0.3937	_09458_	1
306	-0.3937	_42753_	1
306	-0.3937	_41663_	1
306	-0.3937	_41661_	1
306	-0.3937	_42112_	5
306	-0.3937	_04322_	2
306	-0.3937	_16342_	10
306	-0.3937	systolic.data_queue[21][0]	1
307	-0.3932	_11419_	1
307	-0.3932	_21614_	1
307	-0.3932	_21613_	1
307	-0.3932	_21612_	1
307	-0.3932	_21611_	1
307	-0.3932	_21546_	3
307	-0.3932	_21545_	3
307	-0.3932	_21544_	2
307	-0.3932	_21541_	1
307	-0.3932	_21540_	1
307	-0.3932	_21539_	5
307	-0.3932	_05188_	1
307	-0.3932	_05186_	2
307	-0.3932	_15119_	2
307	-0.3932	_15118_	2
307	-0.3932	_07141_	2
307	-0.3932	_47104_	1
307	-0.3932	_46658_	1
307	-0.3932	_46528_	1
307	-0.3932	_46467_	1
307	-0.3932	_03606_	1
307	-0.3932	_16543_	10
307	-0.3932	systolic.data_queue[52][7]	2
308	-0.3927	_11563_	1
308	-0.3927	_22979_	1
308	-0.3927	_22978_	1
308	-0.3927	_22977_	1
308	-0.3927	_22895_	3
308	-0.3927	_22891_	1
308	-0.3927	_22887_	2
308	-0.3927	_22886_	1
308	-0.3927	_22884_	6
308	-0.3927	_09660_	1
308	-0.3927	_09658_	2
308	-0.3927	_14355_	2
308	-0.3927	_14354_	2
308	-0.3927	_06963_	2
308	-0.3927	_43952_	1
308	-0.3927	_43160_	1
308	-0.3927	_43157_	1
308	-0.3927	_39836_	1
308	-0.3927	_00534_	1
308	-0.3927	_15440_	10
308	-0.3927	systolic.data_queue[45][7]	2
309	-0.3906	_11475_	1
309	-0.3906	_22124_	1
309	-0.3906	_22123_	1
309	-0.3906	_22122_	2
309	-0.3906	_22085_	1
309	-0.3906	_22081_	5
309	-0.3906	_07067_	1
309	-0.3906	_07002_	11
309	-0.3906	_13656_	1
309	-0.3906	_13655_	2
309	-0.3906	_13654_	1
309	-0.3906	_13652_	2
309	-0.3906	_13651_	1
309	-0.3906	_13643_	1
309	-0.3906	_13642_	4
309	-0.3906	_07041_	1
309	-0.3906	_43276_	1
309	-0.3906	_43274_	1
309	-0.3906	_42119_	1
309	-0.3906	_42115_	5
309	-0.3906	_01271_	2
309	-0.3906	_15616_	10
309	-0.3906	systolic.data_queue[49][0]	1
310	-0.3904	_11362_	1
310	-0.3904	_21084_	1
310	-0.3904	_21083_	1
310	-0.3904	_21081_	1
310	-0.3904	_21080_	1
310	-0.3904	_21079_	1
310	-0.3904	_21036_	2
310	-0.3904	_21033_	1
310	-0.3904	_21032_	1
310	-0.3904	_20994_	5
310	-0.3904	_08228_	1
310	-0.3904	_08226_	2
310	-0.3904	_14789_	2
310	-0.3904	_14787_	1
310	-0.3904	_13776_	2
310	-0.3904	_13774_	2
310	-0.3904	_09427_	3
310	-0.3904	_45910_	1
310	-0.3904	_45718_	1
310	-0.3904	_45213_	1
310	-0.3904	_40658_	1
310	-0.3904	_00874_	1
310	-0.3904	_16215_	9
310	-0.3904	systolic.data_queue[55][7]	2
311	-0.3899	_11457_	1
311	-0.3899	_21975_	1
311	-0.3899	_21974_	1
311	-0.3899	_21935_	2
311	-0.3899	_21934_	2
311	-0.3899	_21933_	1
311	-0.3899	_21932_	2
311	-0.3899	_21931_	3
311	-0.3899	_21929_	2
311	-0.3899	_21926_	1
311	-0.3899	_21925_	1
311	-0.3899	_21923_	6
311	-0.3899	_07438_	1
311	-0.3899	_07436_	2
311	-0.3899	_15291_	2
311	-0.3899	_15289_	2
311	-0.3899	_05274_	2
311	-0.3899	_47722_	1
311	-0.3899	_47256_	1
311	-0.3899	_47054_	1
311	-0.3899	_45300_	1
311	-0.3899	_02907_	1
311	-0.3899	_15785_	10
311	-0.3899	systolic.data_queue[50][7]	2
312	-0.3898	_11258_	1
312	-0.3898	_19970_	1
312	-0.3898	_19969_	1
312	-0.3898	_19968_	1
312	-0.3898	_19956_	2
312	-0.3898	_19953_	2
312	-0.3898	_19950_	1
312	-0.3898	_19946_	1
312	-0.3898	_19945_	1
312	-0.3898	_19908_	5
312	-0.3898	_09983_	1
312	-0.3898	_09981_	2
312	-0.3898	_13868_	2
312	-0.3898	_13866_	1
312	-0.3898	_13865_	2
312	-0.3898	_13864_	2
312	-0.3898	_08857_	2
312	-0.3898	_40654_	1
312	-0.3898	_40651_	1
312	-0.3898	_40786_	1
312	-0.3898	_40783_	1
312	-0.3898	_04176_	1
312	-0.3898	_16389_	10
312	-0.3898	systolic.data_queue[60][7]	2
313	-0.3890	_11717_	1
313	-0.3890	_24445_	1
313	-0.3890	_24444_	1
313	-0.3890	_24407_	2
313	-0.3890	_24373_	1
313	-0.3890	_24372_	5
313	-0.3890	_05750_	1
313	-0.3890	_05749_	9
313	-0.3890	_13571_	1
313	-0.3890	_13570_	2
313	-0.3890	_13569_	2
313	-0.3890	_13560_	1
313	-0.3890	_13559_	4
313	-0.3890	_04626_	1
313	-0.3890	_40015_	1
313	-0.3890	_39962_	1
313	-0.3890	_39960_	1
313	-0.3890	_39942_	5
313	-0.3890	_04330_	2
313	-0.3890	_15898_	10
313	-0.3890	systolic.data_queue[37][0]	1
314	-0.3885	_12438_	1
314	-0.3885	_31140_	1
314	-0.3885	_31139_	1
314	-0.3885	_31138_	1
314	-0.3885	_31137_	1
314	-0.3885	_31126_	2
314	-0.3885	_31125_	2
314	-0.3885	_31124_	1
314	-0.3885	_31055_	4
314	-0.3885	_31054_	4
314	-0.3885	_05145_	1
314	-0.3885	_05143_	2
314	-0.3885	_15202_	1
314	-0.3885	_15085_	2
314	-0.3885	_15084_	1
314	-0.3885	_15082_	2
314	-0.3885	_15081_	1
314	-0.3885	_15073_	1
314	-0.3885	_15072_	4
314	-0.3885	_09188_	1
314	-0.3885	_45873_	1
314	-0.3885	_45579_	1
314	-0.3885	_45503_	1
314	-0.3885	_45497_	5
314	-0.3885	_02838_	2
314	-0.3885	_15563_	10
314	-0.3885	systolic.data_queue[1][0]	1
315	-0.3882	_12035_	1
315	-0.3882	_27408_	1
315	-0.3882	_27407_	1
315	-0.3882	_27406_	2
315	-0.3882	_27405_	2
315	-0.3882	_27403_	2
315	-0.3882	_27402_	2
315	-0.3882	_27399_	1
315	-0.3882	_27395_	2
315	-0.3882	_27379_	1
315	-0.3882	_06829_	4
315	-0.3882	_06828_	2
315	-0.3882	_13812_	2
315	-0.3882	_13810_	1
315	-0.3882	_13792_	4
315	-0.3882	_06596_	1
315	-0.3882	_42757_	1
315	-0.3882	_41668_	1
315	-0.3882	_41666_	1
315	-0.3882	_42112_	5
315	-0.3882	_04322_	2
315	-0.3882	_16342_	10
315	-0.3882	systolic.data_queue[21][0]	1
316	-0.3873	_11498_	1
316	-0.3873	_22385_	1
316	-0.3873	_22384_	1
316	-0.3873	_22383_	1
316	-0.3873	_22382_	1
316	-0.3873	_22355_	3
316	-0.3873	_22354_	1
316	-0.3873	_22323_	5
316	-0.3873	_06191_	1
316	-0.3873	_06189_	2
316	-0.3873	_15836_	1
316	-0.3873	_15835_	1
316	-0.3873	_14836_	2
316	-0.3873	_14834_	1
316	-0.3873	_14573_	2
316	-0.3873	_14572_	1
316	-0.3873	_14570_	2
316	-0.3873	_14569_	2
316	-0.3873	_10117_	2
316	-0.3873	_40712_	1
316	-0.3873	_40709_	1
316	-0.3873	_45012_	1
316	-0.3873	_45010_	1
316	-0.3873	_02796_	1
316	-0.3873	_16625_	10
316	-0.3873	systolic.data_queue[48][7]	2
317	-0.3872	_11699_	1
317	-0.3872	_24272_	1
317	-0.3872	_24271_	1
317	-0.3872	_24270_	1
317	-0.3872	_24269_	1
317	-0.3872	_24268_	1
317	-0.3872	_24225_	2
317	-0.3872	_24222_	3
317	-0.3872	_24203_	1
317	-0.3872	_24200_	5
317	-0.3872	_06573_	1
317	-0.3872	_06572_	2
317	-0.3872	_14457_	2
317	-0.3872	_14455_	1
317	-0.3872	_13354_	4
317	-0.3872	_08071_	1
317	-0.3872	_47522_	1
317	-0.3872	_45973_	1
317	-0.3872	_45971_	1
317	-0.3872	_45355_	5
317	-0.3872	_03130_	2
317	-0.3872	_15959_	10
317	-0.3872	systolic.data_queue[38][0]	1
318	-0.3870	_11878_	1
318	-0.3870	_25967_	1
318	-0.3870	_25966_	1
318	-0.3870	_25965_	1
318	-0.3870	_25964_	1
318	-0.3870	_25950_	2
318	-0.3870	_25931_	1
318	-0.3870	_25914_	5
318	-0.3870	_05698_	1
318	-0.3870	_05445_	9
318	-0.3870	_16902_	1
318	-0.3870	_16899_	1
318	-0.3870	_16895_	1
318	-0.3870	_16894_	2
318	-0.3870	_16886_	1
318	-0.3870	_16885_	4
318	-0.3870	_09396_	1
318	-0.3870	_41803_	1
318	-0.3870	_41800_	1
318	-0.3870	_41717_	1
318	-0.3870	_41715_	5
318	-0.3870	_01227_	2
318	-0.3870	_16130_	10
318	-0.3870	systolic.data_queue[29][0]	1
319	-0.3835	_11278_	1
319	-0.3835	_20186_	1
319	-0.3835	_20185_	1
319	-0.3835	_20184_	1
319	-0.3835	_20160_	2
319	-0.3835	_20159_	1
319	-0.3835	_20093_	5
319	-0.3835	_09743_	1
319	-0.3835	_09729_	6
319	-0.3835	_16668_	4
319	-0.3835	_16667_	1
319	-0.3835	_15848_	2
319	-0.3835	_15847_	2
319	-0.3835	_15840_	1
319	-0.3835	_14904_	4
319	-0.3835	_09447_	1
319	-0.3835	_40972_	1
319	-0.3835	_40335_	1
319	-0.3835	_40333_	1
319	-0.3835	_45324_	5
319	-0.3835	_02364_	2
319	-0.3835	_16326_	10
319	-0.3835	systolic.data_queue[59][0]	1
320	-0.3828	_12179_	1
320	-0.3828	_28748_	1
320	-0.3828	_28747_	1
320	-0.3828	_28746_	1
320	-0.3828	_28696_	2
320	-0.3828	_28694_	1
320	-0.3828	_28691_	2
320	-0.3828	_28690_	1
320	-0.3828	_28689_	6
320	-0.3828	_09069_	1
320	-0.3828	_09067_	2
320	-0.3828	_13964_	2
320	-0.3828	_13963_	1
320	-0.3828	_13962_	2
320	-0.3828	_13960_	1
320	-0.3828	_13959_	2
320	-0.3828	_13958_	2
320	-0.3828	_07913_	2
320	-0.3828	_43599_	1
320	-0.3828	_42312_	1
320	-0.3828	_41171_	1
320	-0.3828	_41168_	1
320	-0.3828	_03333_	1
320	-0.3828	_15269_	10
320	-0.3828	systolic.data_queue[14][7]	2
321	-0.3828	_11435_	1
321	-0.3828	_21748_	1
321	-0.3828	_21747_	1
321	-0.3828	_21746_	1
321	-0.3828	_21745_	1
321	-0.3828	_21742_	1
321	-0.3828	_21741_	1
321	-0.3828	_21740_	5
321	-0.3828	_08777_	1
321	-0.3828	_08764_	9
321	-0.3828	_14668_	1
321	-0.3828	_14666_	1
321	-0.3828	_14662_	2
321	-0.3828	_14661_	1
321	-0.3828	_14246_	4
321	-0.3828	_05338_	1
321	-0.3828	_45119_	1
321	-0.3828	_45116_	1
321	-0.3828	_46254_	1
321	-0.3828	_03393_	5
321	-0.3828	_03392_	3
321	-0.3828	_15550_	10
321	-0.3828	systolic.data_queue[51][2]	1
322	-0.3825	_11799_	1
322	-0.3825	_25212_	1
322	-0.3825	_25211_	1
322	-0.3825	_25210_	1
322	-0.3825	_25161_	2
322	-0.3825	_25158_	2
322	-0.3825	_25157_	1
322	-0.3825	_25152_	2
322	-0.3825	_25140_	1
322	-0.3825	_07506_	4
322	-0.3825	_07505_	2
322	-0.3825	_13505_	2
322	-0.3825	_13502_	1
322	-0.3825	_13497_	4
322	-0.3825	_09464_	1
322	-0.3825	_46009_	1
322	-0.3825	_46007_	1
322	-0.3825	_43455_	1
322	-0.3825	_41564_	5
322	-0.3825	_01291_	2
322	-0.3825	_16430_	10
322	-0.3825	systolic.data_queue[33][0]	1
323	-0.3824	_11499_	1
323	-0.3824	_22391_	1
323	-0.3824	_22389_	1
323	-0.3824	_22388_	1
323	-0.3824	_22387_	1
323	-0.3824	_22324_	3
323	-0.3824	_22322_	1
323	-0.3824	_22321_	2
323	-0.3824	_22318_	1
323	-0.3824	_22313_	5
323	-0.3824	_06197_	1
323	-0.3824	_06195_	2
323	-0.3824	_14836_	2
323	-0.3824	_14834_	1
323	-0.3824	_14573_	2
323	-0.3824	_14572_	1
323	-0.3824	_14570_	2
323	-0.3824	_14569_	2
323	-0.3824	_10117_	2
323	-0.3824	_40712_	1
323	-0.3824	_40709_	1
323	-0.3824	_45012_	1
323	-0.3824	_45010_	1
323	-0.3824	_02796_	1
323	-0.3824	_16625_	10
323	-0.3824	systolic.data_queue[48][7]	2
324	-0.3824	_12437_	1
324	-0.3824	_31135_	1
324	-0.3824	_31134_	1
324	-0.3824	_31091_	2
324	-0.3824	_31090_	2
324	-0.3824	_31058_	1
324	-0.3824	_31055_	4
324	-0.3824	_31054_	4
324	-0.3824	_05145_	1
324	-0.3824	_05143_	2
324	-0.3824	_15202_	1
324	-0.3824	_15085_	2
324	-0.3824	_15084_	1
324	-0.3824	_15082_	2
324	-0.3824	_15081_	1
324	-0.3824	_15073_	1
324	-0.3824	_15072_	4
324	-0.3824	_09188_	1
324	-0.3824	_45873_	1
324	-0.3824	_45579_	1
324	-0.3824	_45503_	1
324	-0.3824	_45497_	5
324	-0.3824	_02838_	2
324	-0.3824	_15563_	10
324	-0.3824	systolic.data_queue[1][0]	1
325	-0.3818	_12017_	1
325	-0.3818	_27259_	1
325	-0.3818	_27258_	1
325	-0.3818	_27257_	1
325	-0.3818	_27210_	2
325	-0.3818	_27209_	1
325	-0.3818	_27208_	5
325	-0.3818	_09261_	1
325	-0.3818	_06175_	8
325	-0.3818	_13701_	1
325	-0.3818	_13698_	1
325	-0.3818	_13694_	1
325	-0.3818	_13693_	2
325	-0.3818	_13689_	1
325	-0.3818	_13688_	4
325	-0.3818	_07276_	1
325	-0.3818	_40123_	1
325	-0.3818	_40007_	1
325	-0.3818	_40005_	1
325	-0.3818	_46169_	5
325	-0.3818	_01906_	2
325	-0.3818	_16578_	10
325	-0.3818	systolic.data_queue[22][0]	1
326	-0.3814	_12316_	1
326	-0.3814	_30034_	1
326	-0.3814	_30033_	1
326	-0.3814	_30032_	1
326	-0.3814	_30031_	2
326	-0.3814	_30029_	2
326	-0.3814	_30028_	4
326	-0.3814	_30025_	2
326	-0.3814	_30016_	1
326	-0.3814	_29970_	5
326	-0.3814	_09155_	1
326	-0.3814	_09153_	2
326	-0.3814	_15226_	2
326	-0.3814	_15005_	2
326	-0.3814	_04746_	2
326	-0.3814	_45569_	1
326	-0.3814	_41386_	1
326	-0.3814	_41256_	1
326	-0.3814	_41161_	1
326	-0.3814	_01095_	1
326	-0.3814	_16198_	9
326	-0.3814	systolic.data_queue[7][7]	2
327	-0.3810	_11659_	1
327	-0.3810	_23900_	1
327	-0.3810	_23899_	1
327	-0.3810	_23898_	1
327	-0.3810	_23832_	2
327	-0.3810	_23831_	1
327	-0.3810	_23804_	6
327	-0.3810	_07515_	1
327	-0.3810	_07513_	2
327	-0.3810	_16801_	1
327	-0.3810	_16784_	2
327	-0.3810	_16783_	1
327	-0.3810	_16781_	2
327	-0.3810	_16780_	1
327	-0.3810	_16772_	1
327	-0.3810	_16771_	4
327	-0.3810	_07550_	1
327	-0.3810	_47373_	1
327	-0.3810	_47330_	1
327	-0.3810	_47228_	1
327	-0.3810	_46501_	5
327	-0.3810	_03993_	2
327	-0.3810	_15297_	10
327	-0.3810	systolic.data_queue[40][0]	1
328	-0.3801	_11978_	1
328	-0.3801	_26892_	1
328	-0.3801	_26891_	1
328	-0.3801	_26890_	1
328	-0.3801	_26889_	1
328	-0.3801	_26877_	3
328	-0.3801	_26874_	3
328	-0.3801	_26873_	2
328	-0.3801	_26863_	1
328	-0.3801	_26862_	1
328	-0.3801	_26809_	5
328	-0.3801	_08793_	1
328	-0.3801	_08791_	2
328	-0.3801	_14712_	1
328	-0.3801	_14711_	1
328	-0.3801	_14688_	2
328	-0.3801	_14687_	2
328	-0.3801	_14686_	1
328	-0.3801	_07164_	3
328	-0.3801	_45079_	1
328	-0.3801	_44837_	1
328	-0.3801	_44660_	1
328	-0.3801	_44639_	1
328	-0.3801	_02583_	1
328	-0.3801	_15591_	10
328	-0.3801	systolic.data_queue[24][3]	1
329	-0.3791	_11838_	1
329	-0.3791	_25597_	1
329	-0.3791	_25596_	1
329	-0.3791	_25595_	1
329	-0.3791	_25586_	2
329	-0.3791	_25584_	2
329	-0.3791	_25581_	1
329	-0.3791	_25577_	3
329	-0.3791	_25576_	1
329	-0.3791	_06947_	4
329	-0.3791	_06945_	2
329	-0.3791	_15539_	2
329	-0.3791	_15538_	1
329	-0.3791	_15533_	2
329	-0.3791	_15531_	2
329	-0.3791	_06149_	2
329	-0.3791	_42585_	1
329	-0.3791	_41023_	1
329	-0.3791	_41020_	1
329	-0.3791	_41485_	1
329	-0.3791	_03198_	1
329	-0.3791	_15809_	9
329	-0.3791	systolic.weight_queue[31][1]	1
330	-0.3786	_12159_	1
330	-0.3786	_28569_	1
330	-0.3786	_28568_	1
330	-0.3786	_28567_	1
330	-0.3786	_28557_	2
330	-0.3786	_28556_	1
330	-0.3786	_28555_	2
330	-0.3786	_28503_	2
330	-0.3786	_28499_	2
330	-0.3786	_28498_	5
330	-0.3786	_06334_	1
330	-0.3786	_06332_	2
330	-0.3786	_13416_	1
330	-0.3786	_13399_	2
330	-0.3786	_13398_	2
330	-0.3786	_13390_	1
330	-0.3786	_13389_	4
330	-0.3786	_05601_	1
330	-0.3786	_43135_	1
330	-0.3786	_42434_	1
330	-0.3786	_41447_	1
330	-0.3786	_41441_	5
330	-0.3786	_03237_	2
330	-0.3786	_15406_	9
330	-0.3786	systolic.weight_queue[15][7]	1
331	-0.3772	_11518_	1
331	-0.3772	_22581_	1
331	-0.3772	_22580_	1
331	-0.3772	_22579_	1
331	-0.3772	_22578_	1
331	-0.3772	_22561_	2
331	-0.3772	_22560_	1
331	-0.3772	_22527_	6
331	-0.3772	_05379_	1
331	-0.3772	_05377_	2
331	-0.3772	_14276_	1
331	-0.3772	_14274_	1
331	-0.3772	_14273_	2
331	-0.3772	_14271_	1
331	-0.3772	_14270_	2
331	-0.3772	_14269_	1
331	-0.3772	_14268_	2
331	-0.3772	_14266_	2
331	-0.3772	_07315_	2
331	-0.3772	_46847_	1
331	-0.3772	_45344_	1
331	-0.3772	_45183_	1
331	-0.3772	_45182_	1
331	-0.3772	_03509_	1
331	-0.3772	_16293_	9
331	-0.3772	systolic.data_queue[47][7]	2
332	-0.3768	_11455_	1
332	-0.3768	_21937_	1
332	-0.3768	_21936_	1
332	-0.3768	_21935_	2
332	-0.3768	_21934_	2
332	-0.3768	_21933_	1
332	-0.3768	_21932_	2
332	-0.3768	_21931_	3
332	-0.3768	_21929_	2
332	-0.3768	_21926_	1
332	-0.3768	_21925_	1
332	-0.3768	_21923_	6
332	-0.3768	_07438_	1
332	-0.3768	_07436_	2
332	-0.3768	_15291_	2
332	-0.3768	_15289_	2
332	-0.3768	_05274_	2
332	-0.3768	_47722_	1
332	-0.3768	_47256_	1
332	-0.3768	_47054_	1
332	-0.3768	_45300_	1
332	-0.3768	_02907_	1
332	-0.3768	_15785_	10
332	-0.3768	systolic.data_queue[50][7]	2
333	-0.3765	_11558_	1
333	-0.3765	_22942_	1
333	-0.3765	_22941_	1
333	-0.3765	_22940_	1
333	-0.3765	_22925_	2
333	-0.3765	_22924_	1
333	-0.3765	_22861_	5
333	-0.3765	_09633_	1
333	-0.3765	_09623_	8
333	-0.3765	_14349_	4
333	-0.3765	_14348_	1
333	-0.3765	_14347_	2
333	-0.3765	_14346_	2
333	-0.3765	_14338_	1
333	-0.3765	_14337_	4
333	-0.3765	_05008_	1
333	-0.3765	_43946_	1
333	-0.3765	_43115_	1
333	-0.3765	_43113_	1
333	-0.3765	_46566_	5
333	-0.3765	_04235_	2
333	-0.3765	_15425_	10
333	-0.3765	systolic.data_queue[45][0]	1
334	-0.3758	_12399_	1
334	-0.3758	_30770_	1
334	-0.3758	_30769_	1
334	-0.3758	_30768_	1
334	-0.3758	_30767_	1
334	-0.3758	_30715_	3
334	-0.3758	_30683_	1
334	-0.3758	_30680_	4
334	-0.3758	_07288_	4
334	-0.3758	_07286_	2
334	-0.3758	_16991_	1
334	-0.3758	_16153_	2
334	-0.3758	_16152_	1
334	-0.3758	_13989_	2
334	-0.3758	_13988_	1
334	-0.3758	_13986_	1
334	-0.3758	_13487_	4
334	-0.3758	_09294_	1
334	-0.3758	_41928_	1
334	-0.3758	_41925_	1
334	-0.3758	_42443_	1
334	-0.3758	_41508_	5
334	-0.3758	_01582_	2
334	-0.3758	_15786_	10
334	-0.3758	systolic.data_queue[3][0]	1
335	-0.3753	_11877_	1
335	-0.3753	_25963_	1
335	-0.3753	_25962_	1
335	-0.3753	_25960_	1
335	-0.3753	_25959_	2
335	-0.3753	_25958_	1
335	-0.3753	_25957_	2
335	-0.3753	_25903_	2
335	-0.3753	_25894_	3
335	-0.3753	_25889_	2
335	-0.3753	_25888_	1
335	-0.3753	_25887_	5
335	-0.3753	_06062_	1
335	-0.3753	_06060_	2
335	-0.3753	_16910_	2
335	-0.3753	_16908_	2
335	-0.3753	_09407_	2
335	-0.3753	_41813_	1
335	-0.3753	_41810_	1
335	-0.3753	_41738_	1
335	-0.3753	_41523_	1
335	-0.3753	_01215_	1
335	-0.3753	_16168_	10
335	-0.3753	systolic.data_queue[29][7]	2
336	-0.3750	_11599_	1
336	-0.3750	_23321_	1
336	-0.3750	_23320_	1
336	-0.3750	_23319_	1
336	-0.3750	_23318_	1
336	-0.3750	_23317_	1
336	-0.3750	_23267_	2
336	-0.3750	_23266_	3
336	-0.3750	_09797_	4
336	-0.3750	_09795_	2
336	-0.3750	_14490_	1
336	-0.3750	_14487_	2
336	-0.3750	_14486_	1
336	-0.3750	_14484_	2
336	-0.3750	_14483_	1
336	-0.3750	_14475_	1
336	-0.3750	_14474_	4
336	-0.3750	_07225_	1
336	-0.3750	_44516_	1
336	-0.3750	_44036_	1
336	-0.3750	_43481_	1
336	-0.3750	_43424_	5
336	-0.3750	_01939_	2
336	-0.3750	_15475_	10
336	-0.3750	systolic.data_queue[43][0]	1
337	-0.3733	_11698_	1
337	-0.3733	_24267_	1
337	-0.3733	_24266_	1
337	-0.3733	_24265_	1
337	-0.3733	_24252_	2
337	-0.3733	_24251_	1
337	-0.3733	_06543_	4
337	-0.3733	_05486_	8
337	-0.3733	_13364_	4
337	-0.3733	_13363_	1
337	-0.3733	_13362_	2
337	-0.3733	_13361_	2
337	-0.3733	_13353_	1
337	-0.3733	_13352_	4
337	-0.3733	_10249_	1
337	-0.3733	_46062_	1
337	-0.3733	_46059_	1
337	-0.3733	_45999_	1
337	-0.3733	_45355_	5
337	-0.3733	_03130_	2
337	-0.3733	_15959_	10
337	-0.3733	systolic.data_queue[38][0]	1
338	-0.3730	_11837_	1
338	-0.3730	_25593_	1
338	-0.3730	_25592_	1
338	-0.3730	_25558_	2
338	-0.3730	_25557_	2
338	-0.3730	_25551_	2
338	-0.3730	_25550_	1
338	-0.3730	_10030_	4
338	-0.3730	_10028_	2
338	-0.3730	_14784_	1
338	-0.3730	_14783_	2
338	-0.3730	_14782_	2
338	-0.3730	_14774_	1
338	-0.3730	_14773_	4
338	-0.3730	_09452_	1
338	-0.3730	_42390_	1
338	-0.3730	_42367_	1
338	-0.3730	_42366_	1
338	-0.3730	_40980_	5
338	-0.3730	_03101_	2
338	-0.3730	_15803_	9
338	-0.3730	systolic.weight_queue[31][7]	1
339	-0.3715	_11623_	1
339	-0.3715	_23533_	1
339	-0.3715	_23531_	1
339	-0.3715	_23530_	1
339	-0.3715	_23448_	4
339	-0.3715	_23444_	1
339	-0.3715	_23440_	2
339	-0.3715	_23439_	1
339	-0.3715	_23437_	6
339	-0.3715	_06679_	1
339	-0.3715	_06677_	2
339	-0.3715	_13623_	2
339	-0.3715	_13622_	2
339	-0.3715	_10258_	2
339	-0.3715	_40626_	1
339	-0.3715	_40566_	1
339	-0.3715	_40563_	1
339	-0.3715	_40523_	1
339	-0.3715	_00809_	1
339	-0.3715	_15865_	10
339	-0.3715	systolic.data_queue[42][7]	2
340	-0.3714	_12082_	1
340	-0.3714	_27832_	1
340	-0.3714	_27831_	1
340	-0.3714	_27830_	1
340	-0.3714	_27829_	1
340	-0.3714	_27828_	1
340	-0.3714	_27827_	1
340	-0.3714	_27826_	1
340	-0.3714	_27793_	2
340	-0.3714	_27790_	1
340	-0.3714	_27780_	1
340	-0.3714	_27756_	5
340	-0.3714	_06464_	1
340	-0.3714	_06462_	2
340	-0.3714	_13905_	2
340	-0.3714	_13904_	1
340	-0.3714	_13903_	2
340	-0.3714	_13901_	2
340	-0.3714	_08490_	2
340	-0.3714	_39980_	1
340	-0.3714	_39977_	1
340	-0.3714	_43615_	1
340	-0.3714	_43582_	1
340	-0.3714	_02097_	1
340	-0.3714	_16080_	10
340	-0.3714	systolic.data_queue[19][7]	2
341	-0.3714	_11575_	1
341	-0.3714	_23089_	1
341	-0.3714	_23088_	1
341	-0.3714	_23087_	1
341	-0.3714	_23086_	1
341	-0.3714	_23083_	1
341	-0.3714	_23076_	2
341	-0.3714	_23071_	2
341	-0.3714	_23070_	1
341	-0.3714	_23068_	5
341	-0.3714	_07649_	1
341	-0.3714	_07647_	2
341	-0.3714	_16730_	2
341	-0.3714	_16728_	1
341	-0.3714	_16727_	2
341	-0.3714	_16725_	1
341	-0.3714	_16724_	2
341	-0.3714	_14190_	2
341	-0.3714	_08995_	2
341	-0.3714	_42681_	1
341	-0.3714	_42678_	1
341	-0.3714	_44864_	1
341	-0.3714	_42966_	1
341	-0.3714	_01785_	1
341	-0.3714	_16309_	10
341	-0.3714	systolic.data_queue[44][7]	2
342	-0.3713	_11260_	1
342	-0.3713	_19985_	1
342	-0.3713	_19983_	1
342	-0.3713	_19982_	1
342	-0.3713	_19981_	1
342	-0.3713	_19953_	2
342	-0.3713	_19950_	1
342	-0.3713	_19946_	1
342	-0.3713	_19945_	1
342	-0.3713	_19908_	5
342	-0.3713	_09983_	1
342	-0.3713	_09981_	2
342	-0.3713	_13868_	2
342	-0.3713	_13866_	1
342	-0.3713	_13865_	2
342	-0.3713	_13864_	2
342	-0.3713	_08857_	2
342	-0.3713	_40654_	1
342	-0.3713	_40651_	1
342	-0.3713	_40786_	1
342	-0.3713	_40783_	1
342	-0.3713	_04176_	1
342	-0.3713	_16389_	10
342	-0.3713	systolic.data_queue[60][7]	2
343	-0.3707	_11618_	1
343	-0.3707	_23509_	1
343	-0.3707	_23508_	1
343	-0.3707	_23507_	1
343	-0.3707	_23506_	1
343	-0.3707	_23502_	1
343	-0.3707	_23454_	4
343	-0.3707	_04861_	1
343	-0.3707	_04855_	11
343	-0.3707	_16750_	1
343	-0.3707	_14831_	2
343	-0.3707	_14830_	1
343	-0.3707	_14829_	2
343	-0.3707	_14828_	1
343	-0.3707	_14826_	1
343	-0.3707	_13626_	4
343	-0.3707	_09011_	1
343	-0.3707	_40629_	1
343	-0.3707	_40556_	1
343	-0.3707	_40554_	1
343	-0.3707	_40497_	5
343	-0.3707	_00773_	2
343	-0.3707	_15850_	10
343	-0.3707	systolic.data_queue[42][0]	1
344	-0.3706	_12319_	1
344	-0.3706	_30055_	1
344	-0.3706	_30054_	1
344	-0.3706	_30053_	1
344	-0.3706	_30052_	1
344	-0.3706	_30051_	1
344	-0.3706	_29986_	2
344	-0.3706	_29985_	1
344	-0.3706	_29984_	6
344	-0.3706	_09118_	1
344	-0.3706	_09116_	2
344	-0.3706	_15976_	2
344	-0.3706	_15974_	1
344	-0.3706	_15229_	2
344	-0.3706	_15227_	1
344	-0.3706	_15226_	2
344	-0.3706	_15005_	2
344	-0.3706	_04746_	2
344	-0.3706	_45569_	1
344	-0.3706	_41386_	1
344	-0.3706	_41256_	1
344	-0.3706	_41161_	1
344	-0.3706	_01095_	1
344	-0.3706	_16198_	9
344	-0.3706	systolic.data_queue[7][7]	2
345	-0.3703	_12123_	1
345	-0.3703	_28209_	1
345	-0.3703	_28208_	1
345	-0.3703	_28207_	1
345	-0.3703	_28128_	3
345	-0.3703	_28125_	1
345	-0.3703	_28120_	2
345	-0.3703	_28119_	1
345	-0.3703	_28116_	6
345	-0.3703	_05402_	1
345	-0.3703	_05400_	2
345	-0.3703	_16450_	2
345	-0.3703	_16449_	2
345	-0.3703	_07285_	2
345	-0.3703	_47182_	1
345	-0.3703	_42810_	1
345	-0.3703	_42808_	1
345	-0.3703	_45897_	1
345	-0.3703	_03175_	1
345	-0.3703	_15749_	10
345	-0.3703	systolic.data_queue[17][7]	2
346	-0.3702	_11199_	1
346	-0.3702	_19366_	1
346	-0.3702	_19365_	1
346	-0.3702	_19364_	1
346	-0.3702	_19363_	1
346	-0.3702	_19300_	3
346	-0.3702	_19298_	1
346	-0.3702	_19292_	6
346	-0.3702	_05200_	1
346	-0.3702	_05198_	2
346	-0.3702	_16685_	1
346	-0.3702	_13308_	2
346	-0.3702	_13307_	1
346	-0.3702	_13305_	2
346	-0.3702	_13304_	1
346	-0.3702	_13301_	1
346	-0.3702	_13300_	3
346	-0.3702	_13299_	1
346	-0.3702	_08884_	3
346	-0.3702	_42951_	1
346	-0.3702	_42900_	1
346	-0.3702	_42898_	1
346	-0.3702	_45990_	1
346	-0.3702	_03465_	1
346	-0.3702	_15522_	8
346	-0.3702	systolic.weight_queue[63][2]	1
347	-0.3698	_12318_	1
347	-0.3698	_30050_	1
347	-0.3698	_30049_	1
347	-0.3698	_30048_	1
347	-0.3698	_30047_	1
347	-0.3698	_30046_	2
347	-0.3698	_30028_	4
347	-0.3698	_30025_	2
347	-0.3698	_30016_	1
347	-0.3698	_29970_	5
347	-0.3698	_09155_	1
347	-0.3698	_09153_	2
347	-0.3698	_15226_	2
347	-0.3698	_15005_	2
347	-0.3698	_04746_	2
347	-0.3698	_45569_	1
347	-0.3698	_41386_	1
347	-0.3698	_41256_	1
347	-0.3698	_41161_	1
347	-0.3698	_01095_	1
347	-0.3698	_16198_	9
347	-0.3698	systolic.data_queue[7][7]	2
348	-0.3697	_12242_	1
348	-0.3697	_29315_	1
348	-0.3697	_29314_	1
348	-0.3697	_29313_	1
348	-0.3697	_29312_	1
348	-0.3697	_29311_	1
348	-0.3697	_29272_	4
348	-0.3697	_29262_	1
348	-0.3697	_29235_	5
348	-0.3697	_08169_	1
348	-0.3697	_08167_	2
348	-0.3697	_14136_	2
348	-0.3697	_14133_	1
348	-0.3697	_14132_	4
348	-0.3697	_08184_	1
348	-0.3697	_45452_	1
348	-0.3697	_45426_	1
348	-0.3697	_45126_	1
348	-0.3697	_40827_	5
348	-0.3697	_00708_	2
348	-0.3697	_15999_	10
348	-0.3697	systolic.data_queue[11][0]	1
349	-0.3696	_11576_	1
349	-0.3696	_23117_	1
349	-0.3696	_23116_	1
349	-0.3696	_23115_	2
349	-0.3696	_23113_	1
349	-0.3696	_23110_	2
349	-0.3696	_23109_	2
349	-0.3696	_07640_	4
349	-0.3696	_07625_	9
349	-0.3696	_16720_	1
349	-0.3696	_16706_	1
349	-0.3696	_16705_	1
349	-0.3696	_08687_	3
349	-0.3696	_42717_	1
349	-0.3696	_42715_	1
349	-0.3696	_01711_	4
349	-0.3696	_40454_	5
349	-0.3696	_01979_	2
349	-0.3696	_16294_	10
349	-0.3696	systolic.data_queue[44][0]	1
350	-0.3695	_11517_	1
350	-0.3695	_22575_	1
350	-0.3695	_22574_	1
350	-0.3695	_22573_	1
350	-0.3695	_22526_	2
350	-0.3695	_22525_	3
350	-0.3695	_22524_	2
350	-0.3695	_22520_	2
350	-0.3695	_22514_	2
350	-0.3695	_22513_	1
350	-0.3695	_22512_	5
350	-0.3695	_09105_	1
350	-0.3695	_09103_	2
350	-0.3695	_14268_	2
350	-0.3695	_14266_	2
350	-0.3695	_07315_	2
350	-0.3695	_46847_	1
350	-0.3695	_45344_	1
350	-0.3695	_45183_	1
350	-0.3695	_45182_	1
350	-0.3695	_03509_	1
350	-0.3695	_16293_	9
350	-0.3695	systolic.data_queue[47][7]	2
351	-0.3688	_11697_	1
351	-0.3688	_24262_	1
351	-0.3688	_24227_	2
351	-0.3688	_24226_	1
351	-0.3688	_24192_	1
351	-0.3688	_24190_	2
351	-0.3688	_06543_	4
351	-0.3688	_05486_	8
351	-0.3688	_13364_	4
351	-0.3688	_13363_	1
351	-0.3688	_13362_	2
351	-0.3688	_13361_	2
351	-0.3688	_13353_	1
351	-0.3688	_13352_	4
351	-0.3688	_10249_	1
351	-0.3688	_46062_	1
351	-0.3688	_46059_	1
351	-0.3688	_45999_	1
351	-0.3688	_45355_	5
351	-0.3688	_03130_	2
351	-0.3688	_15959_	10
351	-0.3688	systolic.data_queue[38][0]	1
352	-0.3670	_11900_	1
352	-0.3670	_26168_	1
352	-0.3670	_26152_	2
352	-0.3670	_26135_	2
352	-0.3670	_26134_	1
352	-0.3670	_26070_	5
352	-0.3670	_08912_	1
352	-0.3670	_08910_	2
352	-0.3670	_16937_	1
352	-0.3670	_16936_	1
352	-0.3670	_14099_	2
352	-0.3670	_14098_	1
352	-0.3670	_13590_	2
352	-0.3670	_13589_	1
352	-0.3670	_13588_	2
352	-0.3670	_13587_	2
352	-0.3670	_05015_	2
352	-0.3670	_42499_	1
352	-0.3670	_42497_	1
352	-0.3670	_46898_	1
352	-0.3670	_46092_	1
352	-0.3670	_03356_	1
352	-0.3670	_16117_	10
352	-0.3670	systolic.data_queue[28][7]	2
353	-0.3668	_11218_	1
353	-0.3668	_19565_	1
353	-0.3668	_19564_	1
353	-0.3668	_19563_	1
353	-0.3668	_19551_	2
353	-0.3668	_06976_	3
353	-0.3668	_06471_	7
353	-0.3668	_14079_	4
353	-0.3668	_14078_	1
353	-0.3668	_14077_	2
353	-0.3668	_14076_	1
353	-0.3668	_14075_	2
353	-0.3668	_14074_	1
353	-0.3668	_14071_	1
353	-0.3668	_14070_	3
353	-0.3668	_14069_	1
353	-0.3668	_07393_	3
353	-0.3668	_40324_	1
353	-0.3668	_40321_	1
353	-0.3668	_40062_	1
353	-0.3668	_40008_	1
353	-0.3668	_00618_	1
353	-0.3668	_16653_	10
353	-0.3668	systolic.data_queue[62][3]	1
354	-0.3668	_11919_	1
354	-0.3668	_26349_	1
354	-0.3668	_26348_	1
354	-0.3668	_26300_	2
354	-0.3668	_26298_	1
354	-0.3668	_26297_	2
354	-0.3668	_26294_	1
354	-0.3668	_26290_	7
354	-0.3668	_07039_	1
354	-0.3668	_07037_	2
354	-0.3668	_14984_	1
354	-0.3668	_14983_	1
354	-0.3668	_14974_	2
354	-0.3668	_14972_	2
354	-0.3668	_14971_	1
354	-0.3668	_14963_	1
354	-0.3668	_14962_	4
354	-0.3668	_04742_	1
354	-0.3668	_45614_	1
354	-0.3668	_45559_	1
354	-0.3668	_45044_	1
354	-0.3668	_45019_	5
354	-0.3668	_02714_	2
354	-0.3668	_15459_	10
354	-0.3668	systolic.data_queue[27][0]	1
355	-0.3664	_12298_	1
355	-0.3664	_29858_	1
355	-0.3664	_29857_	1
355	-0.3664	_29856_	1
355	-0.3664	_29855_	1
355	-0.3664	_29854_	2
355	-0.3664	_29835_	2
355	-0.3664	_29834_	1
355	-0.3664	_29803_	2
355	-0.3664	_29771_	6
355	-0.3664	_09853_	1
355	-0.3664	_09851_	2
355	-0.3664	_16160_	1
355	-0.3664	_16159_	1
355	-0.3664	_14035_	2
355	-0.3664	_14033_	2
355	-0.3664	_14032_	1
355	-0.3664	_14025_	1
355	-0.3664	_14024_	4
355	-0.3664	_06400_	1
355	-0.3664	_45553_	1
355	-0.3664	_43920_	1
355	-0.3664	_43757_	1
355	-0.3664	_43440_	5
355	-0.3664	_01927_	2
355	-0.3664	_16358_	10
355	-0.3664	systolic.data_queue[8][0]	1
356	-0.3662	_12059_	1
356	-0.3662	_27640_	1
356	-0.3662	_27639_	1
356	-0.3662	_27638_	1
356	-0.3662	_27637_	1
356	-0.3662	_27636_	1
356	-0.3662	_27635_	1
356	-0.3662	_27570_	2
356	-0.3662	_27569_	1
356	-0.3662	_27565_	7
356	-0.3662	_08977_	1
356	-0.3662	_08975_	2
356	-0.3662	_15239_	1
356	-0.3662	_14881_	2
356	-0.3662	_14880_	1
356	-0.3662	_14878_	2
356	-0.3662	_14877_	1
356	-0.3662	_14870_	1
356	-0.3662	_14869_	4
356	-0.3662	_09425_	1
356	-0.3662	_45711_	1
356	-0.3662	_44942_	1
356	-0.3662	_42223_	1
356	-0.3662	_42221_	5
356	-0.3662	_02168_	2
356	-0.3662	_16216_	10
356	-0.3662	systolic.data_queue[20][0]	1
357	-0.3657	_12120_	1
357	-0.3657	_28192_	1
357	-0.3657	_28191_	1
357	-0.3657	_28164_	3
357	-0.3657	_28160_	1
357	-0.3657	_28159_	2
357	-0.3657	_05394_	4
357	-0.3657	_05392_	2
357	-0.3657	_16459_	1
357	-0.3657	_16458_	1
357	-0.3657	_16457_	1
357	-0.3657	_16456_	2
357	-0.3657	_16454_	1
357	-0.3657	_16453_	2
357	-0.3657	_16451_	1
357	-0.3657	_16450_	2
357	-0.3657	_16449_	2
357	-0.3657	_07285_	2
357	-0.3657	_47182_	1
357	-0.3657	_42810_	1
357	-0.3657	_42808_	1
357	-0.3657	_45897_	1
357	-0.3657	_03175_	1
357	-0.3657	_15749_	10
357	-0.3657	systolic.data_queue[17][7]	2
358	-0.3654	_11682_	1
358	-0.3654	_24118_	1
358	-0.3654	_24117_	1
358	-0.3654	_24116_	1
358	-0.3654	_24115_	1
358	-0.3654	_24114_	1
358	-0.3654	_24074_	4
358	-0.3654	_24062_	1
358	-0.3654	_24036_	5
358	-0.3654	_06705_	1
358	-0.3654	_06703_	2
358	-0.3654	_13434_	2
358	-0.3654	_13432_	1
358	-0.3654	_13326_	4
358	-0.3654	_10094_	1
358	-0.3654	_44904_	1
358	-0.3654	_44794_	1
358	-0.3654	_44714_	1
358	-0.3654	_40346_	5
358	-0.3654	_02604_	2
358	-0.3654	_16627_	9
358	-0.3654	systolic.weight_queue[39][7]	1
359	-0.3649	_11859_	1
359	-0.3649	_25786_	1
359	-0.3649	_25785_	1
359	-0.3649	_25784_	1
359	-0.3649	_25783_	1
359	-0.3649	_25718_	2
359	-0.3649	_25717_	1
359	-0.3649	_25715_	6
359	-0.3649	_10193_	1
359	-0.3649	_10191_	2
359	-0.3649	_16871_	1
359	-0.3649	_16854_	2
359	-0.3649	_16853_	2
359	-0.3649	_16844_	1
359	-0.3649	_16843_	4
359	-0.3649	_07618_	1
359	-0.3649	_47662_	1
359	-0.3649	_47546_	1
359	-0.3649	_47444_	1
359	-0.3649	_46477_	5
359	-0.3649	_04118_	2
359	-0.3649	_15271_	10
359	-0.3649	systolic.data_queue[30][0]	1
360	-0.3648	_12038_	1
360	-0.3648	_27448_	1
360	-0.3648	_27447_	1
360	-0.3648	_27446_	1
360	-0.3648	_27445_	1
360	-0.3648	_27444_	2
360	-0.3648	_27428_	2
360	-0.3648	_27367_	5
360	-0.3648	_05234_	1
360	-0.3648	_05232_	2
360	-0.3648	_13816_	1
360	-0.3648	_13815_	1
360	-0.3648	_13814_	2
360	-0.3648	_13813_	1
360	-0.3648	_13812_	2
360	-0.3648	_13810_	1
360	-0.3648	_13809_	2
360	-0.3648	_13808_	2
360	-0.3648	_04591_	2
360	-0.3648	_42769_	1
360	-0.3648	_42767_	1
360	-0.3648	_44012_	1
360	-0.3648	_40997_	1
360	-0.3648	_01044_	1
360	-0.3648	_16357_	10
360	-0.3648	systolic.data_queue[21][7]	2
361	-0.3647	_11438_	1
361	-0.3647	_21794_	1
361	-0.3647	_21793_	1
361	-0.3647	_21792_	1
361	-0.3647	_21770_	2
361	-0.3647	_21769_	1
361	-0.3647	_08801_	3
361	-0.3647	_08764_	9
361	-0.3647	_14668_	1
361	-0.3647	_14666_	1
361	-0.3647	_14662_	2
361	-0.3647	_14661_	1
361	-0.3647	_14246_	4
361	-0.3647	_05338_	1
361	-0.3647	_45119_	1
361	-0.3647	_45116_	1
361	-0.3647	_46254_	1
361	-0.3647	_03393_	5
361	-0.3647	_03392_	3
361	-0.3647	_15550_	10
361	-0.3647	systolic.data_queue[51][2]	1
362	-0.3645	_11238_	1
362	-0.3645	_19770_	1
362	-0.3645	_19769_	1
362	-0.3645	_19768_	1
362	-0.3645	_19767_	1
362	-0.3645	_19766_	2
362	-0.3645	_19741_	2
362	-0.3645	_19740_	1
362	-0.3645	_19708_	6
362	-0.3645	_06990_	1
362	-0.3645	_06988_	2
362	-0.3645	_14591_	1
362	-0.3645	_14589_	1
362	-0.3645	_14588_	2
362	-0.3645	_14586_	1
362	-0.3645	_14585_	2
362	-0.3645	_14582_	1
362	-0.3645	_14581_	2
362	-0.3645	_14579_	2
362	-0.3645	_09483_	2
362	-0.3645	_46604_	1
362	-0.3645	_44963_	1
362	-0.3645	_44764_	1
362	-0.3645	_44761_	1
362	-0.3645	_03729_	1
362	-0.3645	_16577_	10
362	-0.3645	systolic.data_queue[61][7]	2
363	-0.3641	_11899_	1
363	-0.3641	_26161_	1
363	-0.3641	_26160_	1
363	-0.3641	_26159_	1
363	-0.3641	_26158_	1
363	-0.3641	_26157_	1
363	-0.3641	_26109_	2
363	-0.3641	_26079_	1
363	-0.3641	_26074_	6
363	-0.3641	_09941_	1
363	-0.3641	_09939_	2
363	-0.3641	_14099_	2
363	-0.3641	_14098_	1
363	-0.3641	_13590_	2
363	-0.3641	_13589_	1
363	-0.3641	_13588_	2
363	-0.3641	_13587_	2
363	-0.3641	_05015_	2
363	-0.3641	_42499_	1
363	-0.3641	_42497_	1
363	-0.3641	_46898_	1
363	-0.3641	_46092_	1
363	-0.3641	_03356_	1
363	-0.3641	_16117_	10
363	-0.3641	systolic.data_queue[28][7]	2
364	-0.3639	_11259_	1
364	-0.3639	_19976_	1
364	-0.3639	_19975_	1
364	-0.3639	_19974_	1
364	-0.3639	_19973_	1
364	-0.3639	_19912_	2
364	-0.3639	_19909_	3
364	-0.3639	_19907_	2
364	-0.3639	_19904_	1
364	-0.3639	_19903_	1
364	-0.3639	_19901_	6
364	-0.3639	_09997_	1
364	-0.3639	_09995_	2
364	-0.3639	_13865_	2
364	-0.3639	_13864_	2
364	-0.3639	_08857_	2
364	-0.3639	_40654_	1
364	-0.3639	_40651_	1
364	-0.3639	_40786_	1
364	-0.3639	_40783_	1
364	-0.3639	_04176_	1
364	-0.3639	_16389_	10
364	-0.3639	systolic.data_queue[60][7]	2
365	-0.3629	_11361_	1
365	-0.3629	_21073_	1
365	-0.3629	_21072_	1
365	-0.3629	_21071_	1
365	-0.3629	_21070_	1
365	-0.3629	_21069_	2
365	-0.3629	_20992_	2
365	-0.3629	_20987_	2
365	-0.3629	_20986_	1
365	-0.3629	_20984_	6
365	-0.3629	_09678_	1
365	-0.3629	_09676_	2
365	-0.3629	_13776_	2
365	-0.3629	_13774_	2
365	-0.3629	_09427_	3
365	-0.3629	_45910_	1
365	-0.3629	_45718_	1
365	-0.3629	_45213_	1
365	-0.3629	_40658_	1
365	-0.3629	_00874_	1
365	-0.3629	_16215_	9
365	-0.3629	systolic.data_queue[55][7]	2
366	-0.3624	_11423_	1
366	-0.3624	_21637_	1
366	-0.3624	_21636_	1
366	-0.3624	_21635_	1
366	-0.3624	_21545_	3
366	-0.3624	_21544_	2
366	-0.3624	_21541_	1
366	-0.3624	_21540_	1
366	-0.3624	_21539_	5
366	-0.3624	_05188_	1
366	-0.3624	_05186_	2
366	-0.3624	_15119_	2
366	-0.3624	_15118_	2
366	-0.3624	_07141_	2
366	-0.3624	_47104_	1
366	-0.3624	_46658_	1
366	-0.3624	_46528_	1
366	-0.3624	_46467_	1
366	-0.3624	_03606_	1
366	-0.3624	_16543_	10
366	-0.3624	systolic.data_queue[52][7]	2
367	-0.3617	_11840_	1
367	-0.3617	_25608_	1
367	-0.3617	_25607_	1
367	-0.3617	_25606_	1
367	-0.3617	_25605_	1
367	-0.3617	_25584_	2
367	-0.3617	_25581_	1
367	-0.3617	_25577_	3
367	-0.3617	_25576_	1
367	-0.3617	_06947_	4
367	-0.3617	_06945_	2
367	-0.3617	_15539_	2
367	-0.3617	_15538_	1
367	-0.3617	_15533_	2
367	-0.3617	_15531_	2
367	-0.3617	_06149_	2
367	-0.3617	_42585_	1
367	-0.3617	_41023_	1
367	-0.3617	_41020_	1
367	-0.3617	_41485_	1
367	-0.3617	_03198_	1
367	-0.3617	_15809_	9
367	-0.3617	systolic.weight_queue[31][1]	1
368	-0.3617	_11742_	1
368	-0.3617	_24672_	1
368	-0.3617	_24671_	1
368	-0.3617	_24670_	1
368	-0.3617	_24655_	2
368	-0.3617	_24653_	1
368	-0.3617	_24609_	3
368	-0.3617	_24608_	1
368	-0.3617	_24569_	5
368	-0.3617	_05515_	1
368	-0.3617	_05513_	2
368	-0.3617	_15028_	2
368	-0.3617	_15027_	1
368	-0.3617	_15026_	2
368	-0.3617	_15025_	2
368	-0.3617	_07975_	2
368	-0.3617	_42596_	1
368	-0.3617	_42593_	1
368	-0.3617	_44901_	1
368	-0.3617	_43799_	1
368	-0.3617	_02200_	1
368	-0.3617	_16325_	10
368	-0.3617	systolic.data_queue[36][7]	2
369	-0.3614	_12102_	1
369	-0.3614	_28017_	1
369	-0.3614	_28016_	1
369	-0.3614	_28015_	1
369	-0.3614	_28014_	1
369	-0.3614	_28013_	1
369	-0.3614	_27970_	4
369	-0.3614	_27959_	1
369	-0.3614	_27936_	5
369	-0.3614	_08934_	1
369	-0.3614	_08932_	2
369	-0.3614	_13517_	2
369	-0.3614	_13514_	1
369	-0.3614	_13191_	4
369	-0.3614	_06145_	1
369	-0.3614	_40197_	1
369	-0.3614	_40150_	1
369	-0.3614	_40148_	1
369	-0.3614	_40109_	5
369	-0.3614	_00636_	2
369	-0.3614	_15882_	10
369	-0.3614	systolic.data_queue[18][0]	1
370	-0.3611	_12382_	1
370	-0.3611	_30608_	1
370	-0.3611	_30607_	1
370	-0.3611	_30606_	1
370	-0.3611	_30605_	1
370	-0.3611	_30604_	1
370	-0.3611	_30565_	4
370	-0.3611	_30554_	1
370	-0.3611	_30528_	5
370	-0.3611	_08340_	1
370	-0.3611	_08338_	2
370	-0.3611	_14423_	2
370	-0.3611	_14421_	1
370	-0.3611	_14176_	4
370	-0.3611	_04460_	1
370	-0.3611	_43358_	1
370	-0.3611	_42229_	1
370	-0.3611	_40311_	1
370	-0.3611	_40277_	5
370	-0.3611	_03648_	2
370	-0.3611	_15866_	10
370	-0.3611	systolic.data_queue[4][0]	1
371	-0.3608	_12201_	1
371	-0.3608	_28952_	1
371	-0.3608	_28951_	1
371	-0.3608	_28950_	1
371	-0.3608	_28949_	1
371	-0.3608	_28948_	1
371	-0.3608	_28947_	2
371	-0.3608	_28872_	2
371	-0.3608	_28867_	2
371	-0.3608	_28866_	1
371	-0.3608	_28863_	6
371	-0.3608	_09242_	1
371	-0.3608	_09240_	2
371	-0.3608	_15171_	2
371	-0.3608	_15170_	2
371	-0.3608	_08021_	2
371	-0.3608	_45206_	1
371	-0.3608	_45204_	1
371	-0.3608	_41335_	1
371	-0.3608	_41333_	1
371	-0.3608	_02401_	1
371	-0.3608	_16490_	10
371	-0.3608	systolic.data_queue[13][7]	2
372	-0.3607	_11981_	1
372	-0.3607	_26920_	1
372	-0.3607	_26914_	1
372	-0.3607	_26909_	1
372	-0.3607	_26837_	3
372	-0.3607	_26807_	1
372	-0.3607	_26805_	7
372	-0.3607	_05963_	1
372	-0.3607	_05961_	2
372	-0.3607	_14710_	1
372	-0.3607	_14693_	2
372	-0.3607	_14692_	1
372	-0.3607	_14690_	2
372	-0.3607	_14689_	1
372	-0.3607	_14681_	1
372	-0.3607	_14680_	4
372	-0.3607	_07150_	1
372	-0.3607	_45072_	1
372	-0.3607	_44833_	1
372	-0.3607	_44651_	1
372	-0.3607	_44645_	5
372	-0.3607	_02472_	2
372	-0.3607	_15579_	10
372	-0.3607	systolic.data_queue[24][0]	1
373	-0.3604	_11760_	1
373	-0.3604	_24851_	1
373	-0.3604	_24835_	2
373	-0.3604	_24817_	2
373	-0.3604	_24816_	1
373	-0.3604	_24753_	5
373	-0.3604	_05804_	1
373	-0.3604	_05802_	2
373	-0.3604	_16807_	1
373	-0.3604	_16806_	1
373	-0.3604	_16002_	2
373	-0.3604	_16001_	1
373	-0.3604	_15043_	2
373	-0.3604	_15042_	1
373	-0.3604	_15041_	2
373	-0.3604	_15039_	2
373	-0.3604	_05121_	2
373	-0.3604	_47712_	1
373	-0.3604	_45749_	1
373	-0.3604	_45727_	1
373	-0.3604	_45725_	1
373	-0.3604	_04303_	1
373	-0.3604	_15998_	10
373	-0.3604	systolic.data_queue[35][7]	2
374	-0.3600	_12361_	1
374	-0.3600	_30418_	1
374	-0.3600	_30417_	1
374	-0.3600	_30416_	1
374	-0.3600	_30415_	1
374	-0.3600	_30356_	2
374	-0.3600	_30355_	1
374	-0.3600	_30350_	2
374	-0.3600	_30338_	1
374	-0.3600	_30337_	5
374	-0.3600	_05066_	1
374	-0.3600	_05065_	2
374	-0.3600	_15248_	2
374	-0.3600	_15247_	1
374	-0.3600	_13607_	4
374	-0.3600	_06031_	1
374	-0.3600	_46363_	1
374	-0.3600	_46327_	1
374	-0.3600	_46325_	1
374	-0.3600	_46266_	5
374	-0.3600	_03438_	2
374	-0.3600	_15927_	10
374	-0.3600	systolic.data_queue[5][0]	1
375	-0.3599	_12199_	1
375	-0.3599	_28937_	1
375	-0.3599	_28936_	1
375	-0.3599	_28888_	2
375	-0.3599	_28886_	1
375	-0.3599	_28885_	2
375	-0.3599	_28882_	1
375	-0.3599	_28877_	7
375	-0.3599	_06908_	1
375	-0.3599	_06906_	2
375	-0.3599	_15180_	1
375	-0.3599	_15179_	1
375	-0.3599	_15158_	2
375	-0.3599	_15156_	2
375	-0.3599	_15155_	1
375	-0.3599	_15147_	1
375	-0.3599	_15146_	4
375	-0.3599	_06165_	1
375	-0.3599	_45198_	1
375	-0.3599	_41528_	1
375	-0.3599	_41526_	1
375	-0.3599	_41133_	5
375	-0.3599	_04173_	2
375	-0.3599	_16472_	10
375	-0.3599	systolic.data_queue[13][0]	1
376	-0.3596	_11722_	1
376	-0.3596	_24477_	1
376	-0.3596	_24476_	1
376	-0.3596	_24475_	1
376	-0.3596	_24474_	1
376	-0.3596	_24473_	1
376	-0.3596	_24472_	2
376	-0.3596	_24424_	2
376	-0.3596	_24423_	1
376	-0.3596	_24404_	5
376	-0.3596	_10050_	1
376	-0.3596	_10048_	2
376	-0.3596	_15009_	2
376	-0.3596	_15008_	1
376	-0.3596	_14562_	2
376	-0.3596	_14560_	2
376	-0.3596	_09120_	2
376	-0.3596	_41198_	1
376	-0.3596	_41195_	1
376	-0.3596	_39920_	1
376	-0.3596	_39917_	1
376	-0.3596	_00575_	1
376	-0.3596	_15913_	10
376	-0.3596	systolic.data_queue[37][7]	2
377	-0.3588	_11741_	1
377	-0.3588	_24666_	1
377	-0.3588	_24665_	1
377	-0.3588	_24664_	1
377	-0.3588	_24663_	1
377	-0.3588	_24662_	2
377	-0.3588	_24566_	2
377	-0.3588	_24561_	2
377	-0.3588	_24560_	1
377	-0.3588	_24558_	6
377	-0.3588	_05521_	1
377	-0.3588	_05519_	2
377	-0.3588	_15026_	2
377	-0.3588	_15025_	2
377	-0.3588	_07975_	2
377	-0.3588	_42596_	1
377	-0.3588	_42593_	1
377	-0.3588	_44901_	1
377	-0.3588	_43799_	1
377	-0.3588	_02200_	1
377	-0.3588	_16325_	10
377	-0.3588	systolic.data_queue[36][7]	2
378	-0.3585	_11201_	1
378	-0.3585	_19381_	1
378	-0.3585	_19380_	1
378	-0.3585	_19296_	3
378	-0.3585	_19295_	1
378	-0.3585	_19292_	6
378	-0.3585	_05200_	1
378	-0.3585	_05198_	2
378	-0.3585	_16685_	1
378	-0.3585	_13308_	2
378	-0.3585	_13307_	1
378	-0.3585	_13305_	2
378	-0.3585	_13304_	1
378	-0.3585	_13301_	1
378	-0.3585	_13300_	3
378	-0.3585	_13299_	1
378	-0.3585	_08884_	3
378	-0.3585	_42951_	1
378	-0.3585	_42900_	1
378	-0.3585	_42898_	1
378	-0.3585	_45990_	1
378	-0.3585	_03465_	1
378	-0.3585	_15522_	8
378	-0.3585	systolic.weight_queue[63][2]	1
379	-0.3585	_11743_	1
379	-0.3585	_24677_	1
379	-0.3585	_24676_	1
379	-0.3585	_24675_	1
379	-0.3585	_24674_	1
379	-0.3585	_24662_	2
379	-0.3585	_24566_	2
379	-0.3585	_24561_	2
379	-0.3585	_24560_	1
379	-0.3585	_24558_	6
379	-0.3585	_05521_	1
379	-0.3585	_05519_	2
379	-0.3585	_15026_	2
379	-0.3585	_15025_	2
379	-0.3585	_07975_	2
379	-0.3585	_42596_	1
379	-0.3585	_42593_	1
379	-0.3585	_44901_	1
379	-0.3585	_43799_	1
379	-0.3585	_02200_	1
379	-0.3585	_16325_	10
379	-0.3585	systolic.data_queue[36][7]	2
380	-0.3583	_12039_	1
380	-0.3583	_27451_	1
380	-0.3583	_27450_	1
380	-0.3583	_27449_	1
380	-0.3583	_27403_	2
380	-0.3583	_27402_	2
380	-0.3583	_27372_	1
380	-0.3583	_27370_	6
380	-0.3583	_08049_	1
380	-0.3583	_08047_	2
380	-0.3583	_13814_	2
380	-0.3583	_13813_	1
380	-0.3583	_13812_	2
380	-0.3583	_13810_	1
380	-0.3583	_13809_	2
380	-0.3583	_13808_	2
380	-0.3583	_04591_	2
380	-0.3583	_42769_	1
380	-0.3583	_42767_	1
380	-0.3583	_44012_	1
380	-0.3583	_40997_	1
380	-0.3583	_01044_	1
380	-0.3583	_16357_	10
380	-0.3583	systolic.data_queue[21][7]	2
381	-0.3582	_11920_	1
381	-0.3582	_26356_	1
381	-0.3582	_26355_	1
381	-0.3582	_26354_	1
381	-0.3582	_26353_	1
381	-0.3582	_26351_	2
381	-0.3582	_26320_	2
381	-0.3582	_26319_	1
381	-0.3582	_26293_	5
381	-0.3582	_06868_	1
381	-0.3582	_06867_	2
381	-0.3582	_14972_	2
381	-0.3582	_14971_	1
381	-0.3582	_14963_	1
381	-0.3582	_14962_	4
381	-0.3582	_04742_	1
381	-0.3582	_45614_	1
381	-0.3582	_45559_	1
381	-0.3582	_45044_	1
381	-0.3582	_45019_	5
381	-0.3582	_02714_	2
381	-0.3582	_15459_	10
381	-0.3582	systolic.data_queue[27][0]	1
382	-0.3581	_11921_	1
382	-0.3581	_26364_	1
382	-0.3581	_26363_	1
382	-0.3581	_26362_	1
382	-0.3581	_26361_	1
382	-0.3581	_26360_	1
382	-0.3581	_26359_	2
382	-0.3581	_26284_	2
382	-0.3581	_26279_	2
382	-0.3581	_26278_	1
382	-0.3581	_26275_	6
382	-0.3581	_07191_	1
382	-0.3581	_07189_	2
382	-0.3581	_15013_	2
382	-0.3581	_14987_	2
382	-0.3581	_07421_	2
382	-0.3581	_45620_	1
382	-0.3581	_45562_	1
382	-0.3581	_45549_	1
382	-0.3581	_45283_	1
382	-0.3581	_02903_	1
382	-0.3581	_15474_	10
382	-0.3581	systolic.data_queue[27][7]	2
383	-0.3574	_11819_	1
383	-0.3574	_25421_	1
383	-0.3574	_25420_	1
383	-0.3574	_25363_	2
383	-0.3574	_25361_	1
383	-0.3574	_25360_	1
383	-0.3574	_25359_	1
383	-0.3574	_25354_	6
383	-0.3574	_06254_	1
383	-0.3574	_06252_	2
383	-0.3574	_14411_	1
383	-0.3574	_14392_	2
383	-0.3574	_14391_	1
383	-0.3574	_14390_	2
383	-0.3574	_14382_	1
383	-0.3574	_14381_	4
383	-0.3574	_09327_	1
383	-0.3574	_39998_	1
383	-0.3574	_39995_	1
383	-0.3574	_44268_	1
383	-0.3574	_44261_	5
383	-0.3574	_04057_	2
383	-0.3574	_16017_	10
383	-0.3574	systolic.data_queue[32][0]	1
384	-0.3574	_12459_	1
384	-0.3574	_31337_	1
384	-0.3574	_31336_	1
384	-0.3574	_31335_	1
384	-0.3574	_31334_	1
384	-0.3574	_31283_	3
384	-0.3574	_31281_	3
384	-0.3574	_31274_	1
384	-0.3574	_31272_	2
384	-0.3574	_31271_	1
384	-0.3574	_31267_	6
384	-0.3574	_08289_	1
384	-0.3574	_08287_	2
384	-0.3574	_17048_	2
384	-0.3574	_17047_	2
384	-0.3574	_08965_	2
384	-0.3574	_47558_	1
384	-0.3574	_47556_	1
384	-0.3574	_47222_	1
384	-0.3574	_40585_	1
384	-0.3574	_00836_	1
384	-0.3574	_15458_	10
384	-0.3574	systolic.data_queue[0][7]	2
385	-0.3572	_11540_	1
385	-0.3572	_22769_	1
385	-0.3572	_22768_	1
385	-0.3572	_22767_	1
385	-0.3572	_22766_	1
385	-0.3572	_22765_	1
385	-0.3572	_22733_	2
385	-0.3572	_22729_	1
385	-0.3572	_22728_	1
385	-0.3572	_22698_	6
385	-0.3572	_07283_	1
385	-0.3572	_07281_	2
385	-0.3572	_13721_	2
385	-0.3572	_13720_	1
385	-0.3572	_13718_	2
385	-0.3572	_13717_	2
385	-0.3572	_08877_	2
385	-0.3572	_47350_	1
385	-0.3572	_46121_	1
385	-0.3572	_46098_	1
385	-0.3572	_43031_	1
385	-0.3572	_01837_	1
385	-0.3572	_15958_	10
385	-0.3572	systolic.data_queue[46][7]	2
386	-0.3569	_11539_	1
386	-0.3569	_22763_	1
386	-0.3569	_22762_	1
386	-0.3569	_22760_	2
386	-0.3569	_22703_	3
386	-0.3569	_22699_	3
386	-0.3569	_22696_	1
386	-0.3569	_22691_	2
386	-0.3569	_22690_	1
386	-0.3569	_22689_	6
386	-0.3569	_06021_	1
386	-0.3569	_06019_	2
386	-0.3569	_13718_	2
386	-0.3569	_13717_	2
386	-0.3569	_08877_	2
386	-0.3569	_47350_	1
386	-0.3569	_46121_	1
386	-0.3569	_46098_	1
386	-0.3569	_43031_	1
386	-0.3569	_01837_	1
386	-0.3569	_15958_	10
386	-0.3569	systolic.data_queue[46][7]	2
387	-0.3566	_11798_	1
387	-0.3566	_25209_	1
387	-0.3566	_25208_	1
387	-0.3566	_25195_	2
387	-0.3566	_25194_	1
387	-0.3566	_25193_	1
387	-0.3566	_25163_	5
387	-0.3566	_09893_	1
387	-0.3566	_06371_	6
387	-0.3566	_16129_	4
387	-0.3566	_16128_	1
387	-0.3566	_15199_	2
387	-0.3566	_15198_	1
387	-0.3566	_15197_	2
387	-0.3566	_15196_	1
387	-0.3566	_15193_	1
387	-0.3566	_13503_	4
387	-0.3566	_06318_	1
387	-0.3566	_42552_	1
387	-0.3566	_42549_	1
387	-0.3566	_43228_	1
387	-0.3566	_41564_	5
387	-0.3566	_01291_	2
387	-0.3566	_16430_	10
387	-0.3566	systolic.data_queue[33][0]	1
388	-0.3564	_12100_	1
388	-0.3564	_28001_	1
388	-0.3564	_28000_	1
388	-0.3564	_27999_	1
388	-0.3564	_27998_	1
388	-0.3564	_27997_	1
388	-0.3564	_27970_	4
388	-0.3564	_27959_	1
388	-0.3564	_27936_	5
388	-0.3564	_08934_	1
388	-0.3564	_08932_	2
388	-0.3564	_13517_	2
388	-0.3564	_13514_	1
388	-0.3564	_13191_	4
388	-0.3564	_06145_	1
388	-0.3564	_40197_	1
388	-0.3564	_40150_	1
388	-0.3564	_40148_	1
388	-0.3564	_40109_	5
388	-0.3564	_00636_	2
388	-0.3564	_15882_	10
388	-0.3564	systolic.data_queue[18][0]	1
389	-0.3560	_12380_	1
389	-0.3560	_30593_	1
389	-0.3560	_30592_	1
389	-0.3560	_30591_	1
389	-0.3560	_30590_	1
389	-0.3560	_30589_	1
389	-0.3560	_30565_	4
389	-0.3560	_30554_	1
389	-0.3560	_30528_	5
389	-0.3560	_08340_	1
389	-0.3560	_08338_	2
389	-0.3560	_14423_	2
389	-0.3560	_14421_	1
389	-0.3560	_14176_	4
389	-0.3560	_04460_	1
389	-0.3560	_43358_	1
389	-0.3560	_42229_	1
389	-0.3560	_40311_	1
389	-0.3560	_40277_	5
389	-0.3560	_03648_	2
389	-0.3560	_15866_	10
389	-0.3560	systolic.data_queue[4][0]	1
390	-0.3560	_11399_	1
390	-0.3560	_21421_	1
390	-0.3560	_21420_	1
390	-0.3560	_21418_	2
390	-0.3560	_21361_	3
390	-0.3560	_21357_	3
390	-0.3560	_21354_	1
390	-0.3560	_21349_	2
390	-0.3560	_21348_	1
390	-0.3560	_21347_	6
390	-0.3560	_04706_	1
390	-0.3560	_04704_	2
390	-0.3560	_13144_	2
390	-0.3560	_13143_	2
390	-0.3560	_08660_	2
390	-0.3560	_43426_	1
390	-0.3560	_43319_	1
390	-0.3560	_43209_	1
390	-0.3560	_42255_	1
390	-0.3560	_01487_	1
390	-0.3560	_15652_	10
390	-0.3560	systolic.data_queue[53][7]	2
391	-0.3559	_12339_	1
391	-0.3559	_30238_	1
391	-0.3559	_30237_	1
391	-0.3559	_30188_	2
391	-0.3559	_30186_	1
391	-0.3559	_30185_	2
391	-0.3559	_30182_	1
391	-0.3559	_30176_	7
391	-0.3559	_05772_	1
391	-0.3559	_05770_	2
391	-0.3559	_15059_	1
391	-0.3559	_15058_	1
391	-0.3559	_15057_	2
391	-0.3559	_14763_	2
391	-0.3559	_14762_	1
391	-0.3559	_14760_	1
391	-0.3559	_14002_	4
391	-0.3559	_04891_	1
391	-0.3559	_43997_	1
391	-0.3559	_43850_	1
391	-0.3559	_39923_	1
391	-0.3559	_39885_	5
391	-0.3559	_02160_	2
391	-0.3559	_16049_	10
391	-0.3559	systolic.data_queue[6][0]	1
392	-0.3553	_11299_	1
392	-0.3553	_20404_	1
392	-0.3553	_20403_	1
392	-0.3553	_20402_	1
392	-0.3553	_20401_	1
392	-0.3553	_20332_	3
392	-0.3553	_20331_	1
392	-0.3553	_20327_	6
392	-0.3553	_08419_	1
392	-0.3553	_08417_	2
392	-0.3553	_14238_	1
392	-0.3553	_14221_	2
392	-0.3553	_14220_	2
392	-0.3553	_14211_	1
392	-0.3553	_14210_	4
392	-0.3553	_08505_	1
392	-0.3553	_44142_	1
392	-0.3553	_43429_	1
392	-0.3553	_43182_	1
392	-0.3553	_40065_	5
392	-0.3553	_02291_	2
392	-0.3553	_16033_	10
392	-0.3553	systolic.data_queue[58][0]	1
393	-0.3548	_12321_	1
393	-0.3548	_30066_	1
393	-0.3548	_30065_	1
393	-0.3548	_30064_	1
393	-0.3548	_30063_	1
393	-0.3548	_30062_	2
393	-0.3548	_29979_	2
393	-0.3548	_29973_	2
393	-0.3548	_29972_	1
393	-0.3548	_29970_	5
393	-0.3548	_09155_	1
393	-0.3548	_09153_	2
393	-0.3548	_15226_	2
393	-0.3548	_15005_	2
393	-0.3548	_04746_	2
393	-0.3548	_45569_	1
393	-0.3548	_41386_	1
393	-0.3548	_41256_	1
393	-0.3548	_41161_	1
393	-0.3548	_01095_	1
393	-0.3548	_16198_	9
393	-0.3548	systolic.data_queue[7][7]	2
394	-0.3548	_12121_	1
394	-0.3548	_28201_	1
394	-0.3548	_28198_	1
394	-0.3548	_28194_	1
394	-0.3548	_28129_	3
394	-0.3548	_28128_	3
394	-0.3548	_28125_	1
394	-0.3548	_28120_	2
394	-0.3548	_28119_	1
394	-0.3548	_28116_	6
394	-0.3548	_05402_	1
394	-0.3548	_05400_	2
394	-0.3548	_16450_	2
394	-0.3548	_16449_	2
394	-0.3548	_07285_	2
394	-0.3548	_47182_	1
394	-0.3548	_42810_	1
394	-0.3548	_42808_	1
394	-0.3548	_45897_	1
394	-0.3548	_03175_	1
394	-0.3548	_15749_	10
394	-0.3548	systolic.data_queue[17][7]	2
395	-0.3548	_11321_	1
395	-0.3548	_20654_	1
395	-0.3548	_20653_	1
395	-0.3548	_20652_	1
395	-0.3548	_20651_	1
395	-0.3548	_20650_	1
395	-0.3548	_20649_	2
395	-0.3548	_20535_	2
395	-0.3548	_20530_	2
395	-0.3548	_20529_	1
395	-0.3548	_20527_	6
395	-0.3548	_08006_	1
395	-0.3548	_08004_	2
395	-0.3548	_13204_	2
395	-0.3548	_13202_	2
395	-0.3548	_06023_	2
395	-0.3548	_42187_	1
395	-0.3548	_42185_	1
395	-0.3548	_42212_	1
395	-0.3548	_41316_	1
395	-0.3548	_01135_	1
395	-0.3548	_15765_	10
395	-0.3548	systolic.data_queue[57][7]	2
396	-0.3544	_12400_	1
396	-0.3544	_30777_	1
396	-0.3544	_30771_	1
396	-0.3544	_30747_	2
396	-0.3544	_30733_	1
396	-0.3544	_30732_	2
396	-0.3544	_30675_	5
396	-0.3544	_07274_	1
396	-0.3544	_07272_	2
396	-0.3544	_16510_	1
396	-0.3544	_16509_	1
396	-0.3544	_16508_	1
396	-0.3544	_16507_	2
396	-0.3544	_16506_	1
396	-0.3544	_15490_	2
396	-0.3544	_15488_	1
396	-0.3544	_13424_	2
396	-0.3544	_13423_	2
396	-0.3544	_09289_	2
396	-0.3544	_42572_	1
396	-0.3544	_42531_	1
396	-0.3544	_40904_	1
396	-0.3544	_40901_	1
396	-0.3544	_02718_	1
396	-0.3544	_15801_	10
396	-0.3544	systolic.data_queue[3][7]	2
397	-0.3544	_12341_	1
397	-0.3544	_30253_	1
397	-0.3544	_30252_	1
397	-0.3544	_30251_	1
397	-0.3544	_30250_	1
397	-0.3544	_30249_	1
397	-0.3544	_30248_	2
397	-0.3544	_30172_	2
397	-0.3544	_30167_	2
397	-0.3544	_30166_	1
397	-0.3544	_30163_	6
397	-0.3544	_05876_	1
397	-0.3544	_05874_	2
397	-0.3544	_14014_	2
397	-0.3544	_14012_	2
397	-0.3544	_08852_	2
397	-0.3544	_47597_	1
397	-0.3544	_43858_	1
397	-0.3544	_43793_	1
397	-0.3544	_43777_	1
397	-0.3544	_02188_	1
397	-0.3544	_16064_	10
397	-0.3544	systolic.data_queue[6][7]	2
398	-0.3539	_11980_	1
398	-0.3539	_26906_	1
398	-0.3539	_26905_	1
398	-0.3539	_26877_	3
398	-0.3539	_26874_	3
398	-0.3539	_26873_	2
398	-0.3539	_26863_	1
398	-0.3539	_26862_	1
398	-0.3539	_26809_	5
398	-0.3539	_08793_	1
398	-0.3539	_08791_	2
398	-0.3539	_14712_	1
398	-0.3539	_14711_	1
398	-0.3539	_14688_	2
398	-0.3539	_14687_	2
398	-0.3539	_14686_	1
398	-0.3539	_07164_	3
398	-0.3539	_45079_	1
398	-0.3539	_44837_	1
398	-0.3539	_44660_	1
398	-0.3539	_44639_	1
398	-0.3539	_02583_	1
398	-0.3539	_15591_	10
398	-0.3539	systolic.data_queue[24][3]	1
399	-0.3537	_12381_	1
399	-0.3537	_30599_	1
399	-0.3537	_30598_	1
399	-0.3537	_30597_	1
399	-0.3537	_30596_	1
399	-0.3537	_30595_	2
399	-0.3537	_30525_	2
399	-0.3537	_30519_	2
399	-0.3537	_30518_	1
399	-0.3537	_30516_	6
399	-0.3537	_08348_	1
399	-0.3537	_08346_	2
399	-0.3537	_14420_	2
399	-0.3537	_13972_	2
399	-0.3537	_08509_	2
399	-0.3537	_40358_	1
399	-0.3537	_40339_	1
399	-0.3537	_40337_	1
399	-0.3537	_40307_	1
399	-0.3537	_00733_	1
399	-0.3537	_15881_	10
399	-0.3537	systolic.data_queue[4][7]	2
400	-0.3537	_11740_	1
400	-0.3537	_24660_	1
400	-0.3537	_24659_	1
400	-0.3537	_24658_	1
400	-0.3537	_24657_	1
400	-0.3537	_24656_	1
400	-0.3537	_24655_	2
400	-0.3537	_24653_	1
400	-0.3537	_24609_	3
400	-0.3537	_24608_	1
400	-0.3537	_24569_	5
400	-0.3537	_05515_	1
400	-0.3537	_05513_	2
400	-0.3537	_15028_	2
400	-0.3537	_15027_	1
400	-0.3537	_15026_	2
400	-0.3537	_15025_	2
400	-0.3537	_07975_	2
400	-0.3537	_42596_	1
400	-0.3537	_42593_	1
400	-0.3537	_44901_	1
400	-0.3537	_43799_	1
400	-0.3537	_02200_	1
400	-0.3537	_16325_	10
400	-0.3537	systolic.data_queue[36][7]	2
401	-0.3523	_11221_	1
401	-0.3523	_19584_	1
401	-0.3523	_19583_	1
401	-0.3523	_19567_	2
401	-0.3523	_19504_	2
401	-0.3523	_19503_	1
401	-0.3523	_19502_	5
401	-0.3523	_07119_	1
401	-0.3523	_07117_	2
401	-0.3523	_14501_	1
401	-0.3523	_14077_	2
401	-0.3523	_14076_	1
401	-0.3523	_14075_	2
401	-0.3523	_14074_	1
401	-0.3523	_14071_	1
401	-0.3523	_14070_	3
401	-0.3523	_14069_	1
401	-0.3523	_07393_	3
401	-0.3523	_40324_	1
401	-0.3523	_40321_	1
401	-0.3523	_40062_	1
401	-0.3523	_40008_	1
401	-0.3523	_00618_	1
401	-0.3523	_16653_	10
401	-0.3523	systolic.data_queue[62][3]	1
402	-0.3521	_11999_	1
402	-0.3521	_27089_	1
402	-0.3521	_27088_	1
402	-0.3521	_27087_	1
402	-0.3521	_27085_	1
402	-0.3521	_27031_	2
402	-0.3521	_27030_	2
402	-0.3521	_27001_	5
402	-0.3521	_09568_	1
402	-0.3521	_09566_	2
402	-0.3521	_16286_	1
402	-0.3521	_16267_	2
402	-0.3521	_16266_	2
402	-0.3521	_16257_	1
402	-0.3521	_16256_	4
402	-0.3521	_09203_	1
402	-0.3521	_47065_	1
402	-0.3521	_47040_	1
402	-0.3521	_46934_	1
402	-0.3521	_46514_	5
402	-0.3521	_03830_	2
402	-0.3521	_15351_	9
402	-0.3521	systolic.weight_queue[23][7]	1
403	-0.3511	_11400_	1
403	-0.3511	_21429_	1
403	-0.3511	_21428_	1
403	-0.3511	_21427_	1
403	-0.3511	_21426_	1
403	-0.3511	_21425_	1
403	-0.3511	_21392_	2
403	-0.3511	_21388_	1
403	-0.3511	_21387_	1
403	-0.3511	_21356_	6
403	-0.3511	_04683_	1
403	-0.3511	_04681_	2
403	-0.3511	_13149_	2
403	-0.3511	_13146_	1
403	-0.3511	_13144_	2
403	-0.3511	_13143_	2
403	-0.3511	_08660_	2
403	-0.3511	_43426_	1
403	-0.3511	_43319_	1
403	-0.3511	_43209_	1
403	-0.3511	_42255_	1
403	-0.3511	_01487_	1
403	-0.3511	_15652_	10
403	-0.3511	systolic.data_queue[53][7]	2
404	-0.3507	_11577_	1
404	-0.3507	_23125_	1
404	-0.3507	_23124_	1
404	-0.3507	_23123_	1
404	-0.3507	_23076_	2
404	-0.3507	_23071_	2
404	-0.3507	_23070_	1
404	-0.3507	_23068_	5
404	-0.3507	_07649_	1
404	-0.3507	_07647_	2
404	-0.3507	_16730_	2
404	-0.3507	_16728_	1
404	-0.3507	_16727_	2
404	-0.3507	_16725_	1
404	-0.3507	_16724_	2
404	-0.3507	_14190_	2
404	-0.3507	_08995_	2
404	-0.3507	_42681_	1
404	-0.3507	_42678_	1
404	-0.3507	_44864_	1
404	-0.3507	_42966_	1
404	-0.3507	_01785_	1
404	-0.3507	_16309_	10
404	-0.3507	systolic.data_queue[44][7]	2
405	-0.3506	_11680_	1
405	-0.3506	_24104_	1
405	-0.3506	_24103_	1
405	-0.3506	_24102_	1
405	-0.3506	_24101_	1
405	-0.3506	_24100_	1
405	-0.3506	_24074_	4
405	-0.3506	_24062_	1
405	-0.3506	_24036_	5
405	-0.3506	_06705_	1
405	-0.3506	_06703_	2
405	-0.3506	_13434_	2
405	-0.3506	_13432_	1
405	-0.3506	_13326_	4
405	-0.3506	_10094_	1
405	-0.3506	_44904_	1
405	-0.3506	_44794_	1
405	-0.3506	_44714_	1
405	-0.3506	_40346_	5
405	-0.3506	_02604_	2
405	-0.3506	_16627_	9
405	-0.3506	systolic.weight_queue[39][7]	1
406	-0.3505	_11261_	1
406	-0.3505	_19991_	1
406	-0.3505	_19990_	1
406	-0.3505	_19989_	1
406	-0.3505	_19988_	1
406	-0.3505	_19909_	3
406	-0.3505	_19907_	2
406	-0.3505	_19904_	1
406	-0.3505	_19903_	1
406	-0.3505	_19901_	6
406	-0.3505	_09997_	1
406	-0.3505	_09995_	2
406	-0.3505	_13865_	2
406	-0.3505	_13864_	2
406	-0.3505	_08857_	2
406	-0.3505	_40654_	1
406	-0.3505	_40651_	1
406	-0.3505	_40786_	1
406	-0.3505	_40783_	1
406	-0.3505	_04176_	1
406	-0.3505	_16389_	10
406	-0.3505	systolic.data_queue[60][7]	2
407	-0.3503	_11421_	1
407	-0.3503	_21626_	1
407	-0.3503	_21625_	1
407	-0.3503	_21624_	1
407	-0.3503	_21623_	1
407	-0.3503	_21545_	3
407	-0.3503	_21544_	2
407	-0.3503	_21541_	1
407	-0.3503	_21540_	1
407	-0.3503	_21539_	5
407	-0.3503	_05188_	1
407	-0.3503	_05186_	2
407	-0.3503	_15119_	2
407	-0.3503	_15118_	2
407	-0.3503	_07141_	2
407	-0.3503	_47104_	1
407	-0.3503	_46658_	1
407	-0.3503	_46528_	1
407	-0.3503	_46467_	1
407	-0.3503	_03606_	1
407	-0.3503	_16543_	10
407	-0.3503	systolic.data_queue[52][7]	2
408	-0.3491	_12219_	1
408	-0.3491	_29112_	1
408	-0.3491	_29111_	1
408	-0.3491	_29110_	1
408	-0.3491	_29062_	2
408	-0.3491	_29059_	2
408	-0.3491	_29058_	2
408	-0.3491	_29053_	2
408	-0.3491	_29040_	1
408	-0.3491	_07764_	4
408	-0.3491	_07763_	2
408	-0.3491	_14161_	2
408	-0.3491	_14159_	1
408	-0.3491	_13593_	4
408	-0.3491	_09498_	1
408	-0.3491	_41098_	1
408	-0.3491	_41095_	1
408	-0.3491	_45527_	1
408	-0.3491	_46026_	5
408	-0.3491	_04224_	2
408	-0.3491	_16544_	10
408	-0.3491	systolic.data_queue[12][0]	1
409	-0.3491	_11581_	1
409	-0.3491	_23149_	1
409	-0.3491	_23148_	1
409	-0.3491	_23147_	1
409	-0.3491	_23146_	1
409	-0.3491	_23144_	2
409	-0.3491	_23062_	2
409	-0.3491	_23056_	2
409	-0.3491	_23055_	1
409	-0.3491	_23053_	6
409	-0.3491	_07662_	1
409	-0.3491	_07660_	2
409	-0.3491	_16724_	2
409	-0.3491	_14190_	2
409	-0.3491	_08995_	2
409	-0.3491	_42681_	1
409	-0.3491	_42678_	1
409	-0.3491	_44864_	1
409	-0.3491	_42966_	1
409	-0.3491	_01785_	1
409	-0.3491	_16309_	10
409	-0.3491	systolic.data_queue[44][7]	2
410	-0.3490	_12200_	1
410	-0.3490	_28945_	1
410	-0.3490	_28944_	1
410	-0.3490	_28913_	3
410	-0.3490	_28912_	1
410	-0.3490	_28887_	5
410	-0.3490	_04932_	1
410	-0.3490	_04930_	2
410	-0.3490	_15177_	1
410	-0.3490	_15176_	1
410	-0.3490	_15175_	2
410	-0.3490	_15174_	1
410	-0.3490	_15173_	2
410	-0.3490	_15172_	1
410	-0.3490	_15171_	2
410	-0.3490	_15170_	2
410	-0.3490	_08021_	2
410	-0.3490	_45206_	1
410	-0.3490	_45204_	1
410	-0.3490	_41335_	1
410	-0.3490	_41333_	1
410	-0.3490	_02401_	1
410	-0.3490	_16490_	10
410	-0.3490	systolic.data_queue[13][7]	2
411	-0.3486	_11420_	1
411	-0.3486	_21619_	1
411	-0.3486	_21618_	1
411	-0.3486	_21617_	1
411	-0.3486	_21616_	1
411	-0.3486	_21580_	2
411	-0.3486	_21579_	1
411	-0.3486	_09133_	4
411	-0.3486	_09132_	2
411	-0.3486	_15127_	2
411	-0.3486	_15125_	1
411	-0.3486	_15124_	2
411	-0.3486	_15121_	1
411	-0.3486	_15119_	2
411	-0.3486	_15118_	2
411	-0.3486	_07141_	2
411	-0.3486	_47104_	1
411	-0.3486	_46658_	1
411	-0.3486	_46528_	1
411	-0.3486	_46467_	1
411	-0.3486	_03606_	1
411	-0.3486	_16543_	10
411	-0.3486	systolic.data_queue[52][7]	2
412	-0.3473	_11582_	1
412	-0.3473	_23158_	1
412	-0.3473	_23157_	1
412	-0.3473	_23156_	1
412	-0.3473	_23155_	1
412	-0.3473	_23154_	1
412	-0.3473	_23153_	2
412	-0.3473	_23101_	2
412	-0.3473	_23100_	1
412	-0.3473	_23065_	5
412	-0.3473	_07656_	1
412	-0.3473	_07654_	2
412	-0.3473	_16727_	2
412	-0.3473	_16725_	1
412	-0.3473	_16724_	2
412	-0.3473	_14190_	2
412	-0.3473	_08995_	2
412	-0.3473	_42681_	1
412	-0.3473	_42678_	1
412	-0.3473	_44864_	1
412	-0.3473	_42966_	1
412	-0.3473	_01785_	1
412	-0.3473	_16309_	10
412	-0.3473	systolic.data_queue[44][7]	2
413	-0.3470	_11679_	1
413	-0.3470	_24098_	1
413	-0.3470	_24097_	1
413	-0.3470	_24096_	1
413	-0.3470	_24095_	1
413	-0.3470	_24040_	2
413	-0.3470	_24037_	3
413	-0.3470	_24035_	2
413	-0.3470	_24032_	1
413	-0.3470	_24031_	1
413	-0.3470	_24029_	6
413	-0.3470	_06711_	1
413	-0.3470	_06709_	2
413	-0.3470	_13431_	2
413	-0.3470	_13429_	2
413	-0.3470	_05577_	2
413	-0.3470	_47744_	1
413	-0.3470	_44797_	1
413	-0.3470	_44759_	1
413	-0.3470	_44237_	1
413	-0.3470	_02380_	1
413	-0.3470	_16633_	9
413	-0.3470	systolic.weight_queue[39][1]	1
414	-0.3467	_11662_	1
414	-0.3467	_23930_	1
414	-0.3467	_23929_	1
414	-0.3467	_23928_	1
414	-0.3467	_23926_	1
414	-0.3467	_23925_	1
414	-0.3467	_23924_	1
414	-0.3467	_23923_	1
414	-0.3467	_23870_	2
414	-0.3467	_23867_	1
414	-0.3467	_23855_	1
414	-0.3467	_23807_	5
414	-0.3467	_04819_	1
414	-0.3467	_04817_	2
414	-0.3467	_16794_	2
414	-0.3467	_16792_	1
414	-0.3467	_16791_	2
414	-0.3467	_16790_	2
414	-0.3467	_07325_	2
414	-0.3467	_47377_	1
414	-0.3467	_47335_	1
414	-0.3467	_47301_	1
414	-0.3467	_47270_	1
414	-0.3467	_04073_	1
414	-0.3467	_15337_	10
414	-0.3467	systolic.data_queue[40][7]	2
415	-0.3463	_12259_	1
415	-0.3463	_29475_	1
415	-0.3463	_29474_	1
415	-0.3463	_29472_	2
415	-0.3463	_29414_	3
415	-0.3463	_29384_	1
415	-0.3463	_29381_	2
415	-0.3463	_04693_	5
415	-0.3463	_04691_	2
415	-0.3463	_15501_	1
415	-0.3463	_14818_	2
415	-0.3463	_13372_	2
415	-0.3463	_13370_	1
415	-0.3463	_13365_	4
415	-0.3463	_06278_	1
415	-0.3463	_41894_	1
415	-0.3463	_41609_	1
415	-0.3463	_41085_	1
415	-0.3463	_40912_	5
415	-0.3463	_02611_	2
415	-0.3463	_15499_	10
415	-0.3463	systolic.data_queue[10][0]	1
416	-0.3453	_11881_	1
416	-0.3453	_25983_	1
416	-0.3453	_25982_	1
416	-0.3453	_25981_	1
416	-0.3453	_25980_	1
416	-0.3453	_25894_	3
416	-0.3453	_25889_	2
416	-0.3453	_25888_	1
416	-0.3453	_25887_	5
416	-0.3453	_06062_	1
416	-0.3453	_06060_	2
416	-0.3453	_16910_	2
416	-0.3453	_16908_	2
416	-0.3453	_09407_	2
416	-0.3453	_41813_	1
416	-0.3453	_41810_	1
416	-0.3453	_41738_	1
416	-0.3453	_41523_	1
416	-0.3453	_01215_	1
416	-0.3453	_16168_	10
416	-0.3453	systolic.data_queue[29][7]	2
417	-0.3453	_11341_	1
417	-0.3453	_20873_	1
417	-0.3453	_20869_	1
417	-0.3453	_20791_	3
417	-0.3453	_20762_	1
417	-0.3453	_20761_	2
417	-0.3453	_20757_	5
417	-0.3453	_06393_	1
417	-0.3453	_06391_	2
417	-0.3453	_15741_	1
417	-0.3453	_15724_	2
417	-0.3453	_15723_	2
417	-0.3453	_15715_	1
417	-0.3453	_15714_	4
417	-0.3453	_05301_	1
417	-0.3453	_46752_	1
417	-0.3453	_46705_	1
417	-0.3453	_46580_	1
417	-0.3453	_46535_	5
417	-0.3453	_03631_	2
417	-0.3453	_15378_	10
417	-0.3453	systolic.data_queue[56][0]	1
418	-0.3450	_11279_	1
418	-0.3450	_20190_	1
418	-0.3450	_20189_	1
418	-0.3450	_20133_	2
418	-0.3450	_20132_	1
418	-0.3450	_20126_	1
418	-0.3450	_20125_	1
418	-0.3450	_20123_	5
418	-0.3450	_09749_	1
418	-0.3450	_09747_	2
418	-0.3450	_15849_	1
418	-0.3450	_15848_	2
418	-0.3450	_15847_	2
418	-0.3450	_15840_	1
418	-0.3450	_14904_	4
418	-0.3450	_09447_	1
418	-0.3450	_40972_	1
418	-0.3450	_40335_	1
418	-0.3450	_40333_	1
418	-0.3450	_45324_	5
418	-0.3450	_02364_	2
418	-0.3450	_16326_	10
418	-0.3450	systolic.data_queue[59][0]	1
419	-0.3443	_12060_	1
419	-0.3443	_27649_	1
419	-0.3443	_27648_	1
419	-0.3443	_27610_	3
419	-0.3443	_27609_	1
419	-0.3443	_27575_	5
419	-0.3443	_08928_	1
419	-0.3443	_08926_	2
419	-0.3443	_15237_	1
419	-0.3443	_15236_	1
419	-0.3443	_15235_	2
419	-0.3443	_15234_	1
419	-0.3443	_15233_	2
419	-0.3443	_15232_	1
419	-0.3443	_14622_	2
419	-0.3443	_14620_	2
419	-0.3443	_09556_	2
419	-0.3443	_45768_	1
419	-0.3443	_44948_	1
419	-0.3443	_44923_	1
419	-0.3443	_44920_	1
419	-0.3443	_03817_	1
419	-0.3443	_16231_	10
419	-0.3443	systolic.data_queue[20][7]	2
420	-0.3438	_11720_	1
420	-0.3438	_24461_	1
420	-0.3438	_24460_	1
420	-0.3438	_24459_	1
420	-0.3438	_24458_	1
420	-0.3438	_24457_	1
420	-0.3438	_24428_	2
420	-0.3438	_24424_	2
420	-0.3438	_24423_	1
420	-0.3438	_24404_	5
420	-0.3438	_10050_	1
420	-0.3438	_10048_	2
420	-0.3438	_15009_	2
420	-0.3438	_15008_	1
420	-0.3438	_14562_	2
420	-0.3438	_14560_	2
420	-0.3438	_09120_	2
420	-0.3438	_41198_	1
420	-0.3438	_41195_	1
420	-0.3438	_39920_	1
420	-0.3438	_39917_	1
420	-0.3438	_00575_	1
420	-0.3438	_15913_	10
420	-0.3438	systolic.data_queue[37][7]	2
421	-0.3434	_11960_	1
421	-0.3434	_26707_	1
421	-0.3434	_26706_	1
421	-0.3434	_26705_	1
421	-0.3434	_26704_	1
421	-0.3434	_26703_	1
421	-0.3434	_26676_	2
421	-0.3434	_26665_	1
421	-0.3434	_05768_	4
421	-0.3434	_05767_	2
421	-0.3434	_14923_	2
421	-0.3434	_14922_	1
421	-0.3434	_14517_	2
421	-0.3434	_14516_	1
421	-0.3434	_14430_	4
421	-0.3434	_08892_	1
421	-0.3434	_40790_	1
421	-0.3434	_40779_	1
421	-0.3434	_40778_	1
421	-0.3434	_40691_	5
421	-0.3434	_03051_	2
421	-0.3434	_15818_	10
421	-0.3434	systolic.data_queue[25][0]	1
422	-0.3430	_12079_	1
422	-0.3430	_27813_	1
422	-0.3430	_27812_	1
422	-0.3430	_27811_	1
422	-0.3430	_27763_	2
422	-0.3430	_27760_	1
422	-0.3430	_27732_	1
422	-0.3430	_27731_	5
422	-0.3430	_08237_	1
422	-0.3430	_08235_	2
422	-0.3430	_15214_	1
422	-0.3430	_15212_	1
422	-0.3430	_15211_	2
422	-0.3430	_15209_	1
422	-0.3430	_13905_	2
422	-0.3430	_13904_	1
422	-0.3430	_13903_	2
422	-0.3430	_13901_	2
422	-0.3430	_08490_	2
422	-0.3430	_39980_	1
422	-0.3430	_39977_	1
422	-0.3430	_43615_	1
422	-0.3430	_43582_	1
422	-0.3430	_02097_	1
422	-0.3430	_16080_	10
422	-0.3430	systolic.data_queue[19][7]	2
423	-0.3430	_11603_	1
423	-0.3430	_23349_	1
423	-0.3430	_23348_	1
423	-0.3430	_23346_	1
423	-0.3430	_23331_	2
423	-0.3430	_23257_	2
423	-0.3430	_23252_	2
423	-0.3430	_23251_	1
423	-0.3430	_23249_	6
423	-0.3430	_09721_	1
423	-0.3430	_09719_	2
423	-0.3430	_14521_	2
423	-0.3430	_14502_	2
423	-0.3430	_05713_	2
423	-0.3430	_44520_	1
423	-0.3430	_44046_	1
423	-0.3430	_43992_	1
423	-0.3430	_43531_	1
423	-0.3430	_02059_	1
423	-0.3430	_15494_	10
423	-0.3430	systolic.data_queue[43][7]	2
424	-0.3424	_11841_	1
424	-0.3424	_25613_	1
424	-0.3424	_25612_	1
424	-0.3424	_25557_	2
424	-0.3424	_25551_	2
424	-0.3424	_25550_	1
424	-0.3424	_10030_	4
424	-0.3424	_10028_	2
424	-0.3424	_14784_	1
424	-0.3424	_14783_	2
424	-0.3424	_14782_	2
424	-0.3424	_14774_	1
424	-0.3424	_14773_	4
424	-0.3424	_09452_	1
424	-0.3424	_42390_	1
424	-0.3424	_42367_	1
424	-0.3424	_42366_	1
424	-0.3424	_40980_	5
424	-0.3424	_03101_	2
424	-0.3424	_15803_	9
424	-0.3424	systolic.weight_queue[31][7]	1
425	-0.3422	_11437_	1
425	-0.3422	_21791_	1
425	-0.3422	_21790_	1
425	-0.3422	_21789_	1
425	-0.3422	_21739_	2
425	-0.3422	_21738_	1
425	-0.3422	_21737_	1
425	-0.3422	_21736_	5
425	-0.3422	_08804_	1
425	-0.3422	_08802_	2
425	-0.3422	_14259_	1
425	-0.3422	_14257_	1
425	-0.3422	_14256_	2
425	-0.3422	_14255_	1
425	-0.3422	_14254_	2
425	-0.3422	_14252_	1
425	-0.3422	_14251_	2
425	-0.3422	_13977_	2
425	-0.3422	_06283_	2
425	-0.3422	_43240_	1
425	-0.3422	_43237_	1
425	-0.3422	_46224_	1
425	-0.3422	_46222_	1
425	-0.3422	_03540_	1
425	-0.3422	_15562_	10
425	-0.3422	systolic.data_queue[51][7]	2
426	-0.3421	_12240_	1
426	-0.3421	_29299_	1
426	-0.3421	_29298_	1
426	-0.3421	_29297_	1
426	-0.3421	_29296_	1
426	-0.3421	_29295_	1
426	-0.3421	_29294_	1
426	-0.3421	_29272_	4
426	-0.3421	_29262_	1
426	-0.3421	_29235_	5
426	-0.3421	_08169_	1
426	-0.3421	_08167_	2
426	-0.3421	_14136_	2
426	-0.3421	_14133_	1
426	-0.3421	_14132_	4
426	-0.3421	_08184_	1
426	-0.3421	_45452_	1
426	-0.3421	_45426_	1
426	-0.3421	_45126_	1
426	-0.3421	_40827_	5
426	-0.3421	_00708_	2
426	-0.3421	_15999_	10
426	-0.3421	systolic.data_queue[11][0]	1
427	-0.3421	_12239_	1
427	-0.3421	_29292_	1
427	-0.3421	_29291_	1
427	-0.3421	_29247_	2
427	-0.3421	_29246_	1
427	-0.3421	_29241_	1
427	-0.3421	_29240_	1
427	-0.3421	_29238_	5
427	-0.3421	_09201_	1
427	-0.3421	_09199_	2
427	-0.3421	_14840_	1
427	-0.3421	_14557_	2
427	-0.3421	_14556_	1
427	-0.3421	_14555_	2
427	-0.3421	_14554_	1
427	-0.3421	_14547_	1
427	-0.3421	_14134_	4
427	-0.3421	_06881_	1
427	-0.3421	_45450_	1
427	-0.3421	_45423_	1
427	-0.3421	_45403_	1
427	-0.3421	_40827_	5
427	-0.3421	_00708_	2
427	-0.3421	_15999_	10
427	-0.3421	systolic.data_queue[11][0]	1
428	-0.3417	_11459_	1
428	-0.3417	_21983_	1
428	-0.3417	_21982_	1
428	-0.3417	_21934_	2
428	-0.3417	_21933_	1
428	-0.3417	_21932_	2
428	-0.3417	_21931_	3
428	-0.3417	_21929_	2
428	-0.3417	_21926_	1
428	-0.3417	_21925_	1
428	-0.3417	_21923_	6
428	-0.3417	_07438_	1
428	-0.3417	_07436_	2
428	-0.3417	_15291_	2
428	-0.3417	_15289_	2
428	-0.3417	_05274_	2
428	-0.3417	_47722_	1
428	-0.3417	_47256_	1
428	-0.3417	_47054_	1
428	-0.3417	_45300_	1
428	-0.3417	_02907_	1
428	-0.3417	_15785_	10
428	-0.3417	systolic.data_queue[50][7]	2
429	-0.3416	_12299_	1
429	-0.3416	_29861_	1
429	-0.3416	_29860_	1
429	-0.3416	_29806_	2
429	-0.3416	_29804_	1
429	-0.3416	_29803_	2
429	-0.3416	_29771_	6
429	-0.3416	_09853_	1
429	-0.3416	_09851_	2
429	-0.3416	_16160_	1
429	-0.3416	_16159_	1
429	-0.3416	_14035_	2
429	-0.3416	_14033_	2
429	-0.3416	_14032_	1
429	-0.3416	_14025_	1
429	-0.3416	_14024_	4
429	-0.3416	_06400_	1
429	-0.3416	_45553_	1
429	-0.3416	_43920_	1
429	-0.3416	_43757_	1
429	-0.3416	_43440_	5
429	-0.3416	_01927_	2
429	-0.3416	_16358_	10
429	-0.3416	systolic.data_queue[8][0]	1
430	-0.3414	_12122_	1
430	-0.3414	_28205_	1
430	-0.3414	_28204_	1
430	-0.3414	_28203_	1
430	-0.3414	_28187_	2
430	-0.3414	_28186_	2
430	-0.3414	_28155_	3
430	-0.3414	_28152_	1
430	-0.3414	_28146_	1
430	-0.3414	_28099_	5
430	-0.3414	_09973_	1
430	-0.3414	_09971_	2
430	-0.3414	_16486_	1
430	-0.3414	_16485_	1
430	-0.3414	_16420_	2
430	-0.3414	_16419_	2
430	-0.3414	_16417_	1
430	-0.3414	_09283_	3
430	-0.3414	_47122_	1
430	-0.3414	_46920_	1
430	-0.3414	_43294_	1
430	-0.3414	_42344_	1
430	-0.3414	_01530_	1
430	-0.3414	_15742_	10
430	-0.3414	systolic.data_queue[17][3]	1
431	-0.3413	_11839_	1
431	-0.3413	_25602_	1
431	-0.3413	_25601_	1
431	-0.3413	_25600_	1
431	-0.3413	_25599_	1
431	-0.3413	_25551_	2
431	-0.3413	_25550_	1
431	-0.3413	_10030_	4
431	-0.3413	_10028_	2
431	-0.3413	_14784_	1
431	-0.3413	_14783_	2
431	-0.3413	_14782_	2
431	-0.3413	_14774_	1
431	-0.3413	_14773_	4
431	-0.3413	_09452_	1
431	-0.3413	_42390_	1
431	-0.3413	_42367_	1
431	-0.3413	_42366_	1
431	-0.3413	_40980_	5
431	-0.3413	_03101_	2
431	-0.3413	_15803_	9
431	-0.3413	systolic.weight_queue[31][7]	1
432	-0.3412	_12340_	1
432	-0.3412	_30246_	1
432	-0.3412	_30245_	1
432	-0.3412	_30213_	3
432	-0.3412	_30212_	1
432	-0.3412	_30187_	5
432	-0.3412	_05765_	1
432	-0.3412	_05763_	2
432	-0.3412	_14116_	1
432	-0.3412	_14114_	1
432	-0.3412	_14113_	2
432	-0.3412	_14112_	1
432	-0.3412	_14111_	2
432	-0.3412	_14109_	1
432	-0.3412	_14014_	2
432	-0.3412	_14012_	2
432	-0.3412	_08852_	2
432	-0.3412	_47597_	1
432	-0.3412	_43858_	1
432	-0.3412	_43793_	1
432	-0.3412	_43777_	1
432	-0.3412	_02188_	1
432	-0.3412	_16064_	10
432	-0.3412	systolic.data_queue[6][7]	2
433	-0.3412	_12401_	1
433	-0.3412	_30786_	1
433	-0.3412	_30783_	1
433	-0.3412	_30779_	1
433	-0.3412	_30715_	3
433	-0.3412	_30683_	1
433	-0.3412	_30680_	4
433	-0.3412	_07288_	4
433	-0.3412	_07286_	2
433	-0.3412	_16991_	1
433	-0.3412	_16153_	2
433	-0.3412	_16152_	1
433	-0.3412	_13989_	2
433	-0.3412	_13988_	1
433	-0.3412	_13986_	1
433	-0.3412	_13487_	4
433	-0.3412	_09294_	1
433	-0.3412	_41928_	1
433	-0.3412	_41925_	1
433	-0.3412	_42443_	1
433	-0.3412	_41508_	5
433	-0.3412	_01582_	2
433	-0.3412	_15786_	10
433	-0.3412	systolic.data_queue[3][0]	1
434	-0.3410	_11700_	1
434	-0.3410	_24280_	1
434	-0.3410	_24279_	1
434	-0.3410	_24278_	1
434	-0.3410	_24277_	1
434	-0.3410	_24276_	1
434	-0.3410	_24247_	2
434	-0.3410	_24243_	1
434	-0.3410	_24242_	1
434	-0.3410	_24221_	6
434	-0.3410	_06574_	1
434	-0.3410	_06572_	2
434	-0.3410	_14457_	2
434	-0.3410	_14455_	1
434	-0.3410	_14125_	2
434	-0.3410	_14124_	2
434	-0.3410	_06153_	2
434	-0.3410	_41973_	1
434	-0.3410	_41970_	1
434	-0.3410	_45947_	1
434	-0.3410	_45945_	1
434	-0.3410	_04035_	1
434	-0.3410	_15982_	10
434	-0.3410	systolic.data_queue[38][7]	2
435	-0.3406	_12420_	1
435	-0.3406	_30966_	1
435	-0.3406	_30965_	1
435	-0.3406	_30964_	1
435	-0.3406	_30963_	2
435	-0.3406	_30962_	1
435	-0.3406	_30961_	2
435	-0.3406	_30927_	3
435	-0.3406	_30926_	1
435	-0.3406	_30925_	2
435	-0.3406	_30874_	5
435	-0.3406	_07561_	1
435	-0.3406	_07559_	2
435	-0.3406	_13482_	4
435	-0.3406	_04556_	1
435	-0.3406	_42642_	1
435	-0.3406	_42639_	1
435	-0.3406	_43585_	1
435	-0.3406	_46800_	5
435	-0.3406	_04148_	2
435	-0.3406	_15670_	10
435	-0.3406	systolic.data_queue[2][0]	1
436	-0.3402	_11959_	1
436	-0.3402	_26701_	1
436	-0.3402	_26700_	1
436	-0.3402	_26653_	2
436	-0.3402	_26652_	1
436	-0.3402	_26651_	1
436	-0.3402	_26629_	1
436	-0.3402	_26628_	1
436	-0.3402	_26627_	5
436	-0.3402	_05769_	1
436	-0.3402	_05767_	2
436	-0.3402	_14923_	2
436	-0.3402	_14922_	1
436	-0.3402	_14517_	2
436	-0.3402	_14516_	1
436	-0.3402	_14430_	4
436	-0.3402	_08892_	1
436	-0.3402	_40790_	1
436	-0.3402	_40779_	1
436	-0.3402	_40778_	1
436	-0.3402	_40691_	5
436	-0.3402	_03051_	2
436	-0.3402	_15818_	10
436	-0.3402	systolic.data_queue[25][0]	1
437	-0.3402	_11560_	1
437	-0.3402	_22956_	1
437	-0.3402	_22955_	1
437	-0.3402	_22954_	1
437	-0.3402	_22953_	1
437	-0.3402	_22952_	1
437	-0.3402	_22919_	2
437	-0.3402	_22915_	1
437	-0.3402	_22914_	1
437	-0.3402	_22868_	6
437	-0.3402	_09654_	1
437	-0.3402	_09652_	2
437	-0.3402	_14358_	2
437	-0.3402	_14356_	1
437	-0.3402	_14355_	2
437	-0.3402	_14354_	2
437	-0.3402	_06963_	2
437	-0.3402	_43952_	1
437	-0.3402	_43160_	1
437	-0.3402	_43157_	1
437	-0.3402	_39836_	1
437	-0.3402	_00534_	1
437	-0.3402	_15440_	10
437	-0.3402	systolic.data_queue[45][7]	2
438	-0.3399	_11440_	1
438	-0.3399	_21807_	1
438	-0.3399	_21806_	1
438	-0.3399	_21805_	1
438	-0.3399	_21804_	1
438	-0.3399	_21803_	1
438	-0.3399	_21765_	2
438	-0.3399	_21764_	1
438	-0.3399	_08811_	4
438	-0.3399	_08810_	2
438	-0.3399	_14256_	2
438	-0.3399	_14255_	1
438	-0.3399	_14254_	2
438	-0.3399	_14252_	1
438	-0.3399	_14251_	2
438	-0.3399	_13977_	2
438	-0.3399	_06283_	2
438	-0.3399	_43240_	1
438	-0.3399	_43237_	1
438	-0.3399	_46224_	1
438	-0.3399	_46222_	1
438	-0.3399	_03540_	1
438	-0.3399	_15562_	10
438	-0.3399	systolic.data_queue[51][7]	2
439	-0.3399	_11301_	1
439	-0.3399	_20420_	1
439	-0.3399	_20419_	1
439	-0.3399	_20418_	1
439	-0.3399	_20417_	1
439	-0.3399	_20416_	1
439	-0.3399	_20325_	3
439	-0.3399	_20319_	1
439	-0.3399	_20314_	2
439	-0.3399	_20313_	1
439	-0.3399	_20312_	6
439	-0.3399	_08437_	1
439	-0.3399	_08435_	2
439	-0.3399	_14228_	2
439	-0.3399	_14227_	2
439	-0.3399	_10219_	2
439	-0.3399	_44148_	1
439	-0.3399	_42011_	1
439	-0.3399	_42008_	1
439	-0.3399	_40033_	1
439	-0.3399	_00632_	1
439	-0.3399	_16048_	10
439	-0.3399	systolic.data_queue[58][7]	2
440	-0.3397	_11880_	1
440	-0.3397	_25977_	1
440	-0.3397	_25976_	1
440	-0.3397	_25975_	1
440	-0.3397	_25974_	1
440	-0.3397	_25973_	1
440	-0.3397	_25947_	2
440	-0.3397	_25933_	1
440	-0.3397	_25907_	5
440	-0.3397	_05706_	1
440	-0.3397	_05705_	2
440	-0.3397	_16915_	2
440	-0.3397	_16913_	1
440	-0.3397	_16912_	2
440	-0.3397	_16911_	1
440	-0.3397	_16910_	2
440	-0.3397	_16908_	2
440	-0.3397	_09407_	2
440	-0.3397	_41813_	1
440	-0.3397	_41810_	1
440	-0.3397	_41738_	1
440	-0.3397	_41523_	1
440	-0.3397	_01215_	1
440	-0.3397	_16168_	10
440	-0.3397	systolic.data_queue[29][7]	2
441	-0.3394	_11363_	1
441	-0.3394	_21088_	1
441	-0.3394	_21087_	1
441	-0.3394	_21086_	1
441	-0.3394	_21069_	2
441	-0.3394	_20992_	2
441	-0.3394	_20987_	2
441	-0.3394	_20986_	1
441	-0.3394	_20984_	6
441	-0.3394	_09678_	1
441	-0.3394	_09676_	2
441	-0.3394	_13776_	2
441	-0.3394	_13774_	2
441	-0.3394	_09427_	3
441	-0.3394	_45910_	1
441	-0.3394	_45718_	1
441	-0.3394	_45213_	1
441	-0.3394	_40658_	1
441	-0.3394	_00874_	1
441	-0.3394	_16215_	9
441	-0.3394	systolic.data_queue[55][7]	2
442	-0.3393	_11280_	1
442	-0.3393	_20202_	1
442	-0.3393	_20199_	1
442	-0.3393	_20198_	1
442	-0.3393	_20197_	1
442	-0.3393	_20196_	1
442	-0.3393	_20155_	2
442	-0.3393	_20151_	1
442	-0.3393	_20150_	1
442	-0.3393	_20121_	6
442	-0.3393	_09758_	1
442	-0.3393	_09756_	2
442	-0.3393	_14906_	2
442	-0.3393	_14903_	1
442	-0.3393	_14189_	2
442	-0.3393	_14187_	2
442	-0.3393	_08513_	2
442	-0.3393	_43643_	1
442	-0.3393	_43640_	1
442	-0.3393	_44355_	1
442	-0.3393	_44557_	1
442	-0.3393	_03305_	1
442	-0.3393	_16341_	10
442	-0.3393	systolic.data_queue[59][7]	2
443	-0.3386	_12362_	1
443	-0.3386	_30425_	1
443	-0.3386	_30424_	1
443	-0.3386	_30423_	1
443	-0.3386	_30422_	1
443	-0.3386	_30421_	1
443	-0.3386	_30390_	2
443	-0.3386	_30387_	1
443	-0.3386	_30378_	1
443	-0.3386	_30353_	5
443	-0.3386	_05067_	1
443	-0.3386	_05065_	2
443	-0.3386	_15248_	2
443	-0.3386	_15247_	1
443	-0.3386	_15217_	2
443	-0.3386	_14625_	2
443	-0.3386	_08100_	2
443	-0.3386	_46366_	1
443	-0.3386	_46330_	1
443	-0.3386	_42995_	1
443	-0.3386	_42992_	1
443	-0.3386	_04284_	1
443	-0.3386	_15942_	10
443	-0.3386	systolic.data_queue[5][7]	2
444	-0.3379	_12302_	1
444	-0.3379	_29884_	1
444	-0.3379	_29881_	1
444	-0.3379	_29880_	1
444	-0.3379	_29865_	2
444	-0.3379	_29829_	2
444	-0.3379	_29825_	2
444	-0.3379	_29824_	1
444	-0.3379	_29767_	5
444	-0.3379	_09865_	1
444	-0.3379	_09863_	2
444	-0.3379	_14044_	1
444	-0.3379	_14043_	1
444	-0.3379	_14031_	2
444	-0.3379	_14030_	2
444	-0.3379	_14029_	1
444	-0.3379	_06475_	3
444	-0.3379	_47698_	1
444	-0.3379	_44122_	1
444	-0.3379	_44120_	1
444	-0.3379	_41921_	1
444	-0.3379	_01343_	1
444	-0.3379	_16369_	10
444	-0.3379	systolic.data_queue[8][3]	1
445	-0.3378	_11600_	1
445	-0.3378	_23328_	1
445	-0.3378	_23327_	1
445	-0.3378	_23326_	1
445	-0.3378	_23325_	1
445	-0.3378	_23324_	1
445	-0.3378	_23292_	2
445	-0.3378	_23285_	2
445	-0.3378	_23284_	1
445	-0.3378	_09707_	4
445	-0.3378	_09705_	2
445	-0.3378	_14524_	2
445	-0.3378	_14522_	1
445	-0.3378	_14521_	2
445	-0.3378	_14502_	2
445	-0.3378	_05713_	2
445	-0.3378	_44520_	1
445	-0.3378	_44046_	1
445	-0.3378	_43992_	1
445	-0.3378	_43531_	1
445	-0.3378	_02059_	1
445	-0.3378	_15494_	10
445	-0.3378	systolic.data_queue[43][7]	2
446	-0.3377	_11200_	1
446	-0.3377	_19372_	1
446	-0.3377	_19371_	1
446	-0.3377	_19370_	1
446	-0.3377	_19369_	1
446	-0.3377	_19368_	1
446	-0.3377	_19338_	2
446	-0.3377	_19334_	2
446	-0.3377	_19326_	1
446	-0.3377	_19290_	5
446	-0.3377	_05934_	1
446	-0.3377	_05932_	2
446	-0.3377	_14050_	2
446	-0.3377	_14049_	1
446	-0.3377	_14048_	2
446	-0.3377	_14046_	2
446	-0.3377	_07426_	3
446	-0.3377	_42919_	1
446	-0.3377	_42895_	1
446	-0.3377	_42858_	1
446	-0.3377	_42855_	1
446	-0.3377	_03713_	1
446	-0.3377	_15535_	9
446	-0.3377	systolic.data_queue[63][7]	2
447	-0.3376	_11520_	1
447	-0.3376	_22594_	1
447	-0.3376	_22593_	1
447	-0.3376	_22592_	1
447	-0.3376	_22591_	1
447	-0.3376	_22590_	1
447	-0.3376	_22589_	2
447	-0.3376	_22557_	2
447	-0.3376	_22556_	2
447	-0.3376	_22553_	1
447	-0.3376	_09472_	4
447	-0.3376	_09470_	2
447	-0.3376	_14767_	1
447	-0.3376	_14766_	1
447	-0.3376	_13883_	2
447	-0.3376	_13882_	2
447	-0.3376	_13881_	1
447	-0.3376	_09803_	3
447	-0.3376	_43515_	1
447	-0.3376	_43513_	1
447	-0.3376	_41275_	1
447	-0.3376	_41271_	1
447	-0.3376	_04121_	1
447	-0.3376	_16284_	9
447	-0.3376	systolic.data_queue[47][3]	1
448	-0.3373	_11519_	1
448	-0.3373	_22587_	1
448	-0.3373	_22586_	1
448	-0.3373	_22584_	2
448	-0.3373	_22525_	3
448	-0.3373	_22524_	2
448	-0.3373	_22520_	2
448	-0.3373	_22514_	2
448	-0.3373	_22513_	1
448	-0.3373	_22512_	5
448	-0.3373	_09105_	1
448	-0.3373	_09103_	2
448	-0.3373	_14268_	2
448	-0.3373	_14266_	2
448	-0.3373	_07315_	2
448	-0.3373	_46847_	1
448	-0.3373	_45344_	1
448	-0.3373	_45183_	1
448	-0.3373	_45182_	1
448	-0.3373	_03509_	1
448	-0.3373	_16293_	9
448	-0.3373	systolic.data_queue[47][7]	2
449	-0.3373	_11480_	1
449	-0.3373	_22181_	1
449	-0.3373	_22180_	1
449	-0.3373	_22142_	3
449	-0.3373	_22141_	1
449	-0.3373	_08715_	4
449	-0.3373	_08713_	2
449	-0.3373	_13668_	1
449	-0.3373	_13667_	1
449	-0.3373	_13666_	2
449	-0.3373	_13665_	1
449	-0.3373	_13664_	2
449	-0.3373	_13662_	1
449	-0.3373	_13661_	2
449	-0.3373	_13660_	2
449	-0.3373	_07017_	2
449	-0.3373	_43348_	1
449	-0.3373	_43332_	1
449	-0.3373	_43330_	1
449	-0.3373	_42351_	1
449	-0.3373	_01536_	1
449	-0.3373	_15631_	10
449	-0.3373	systolic.data_queue[49][7]	2
450	-0.3371	_12002_	1
450	-0.3371	_27110_	1
450	-0.3371	_27109_	1
450	-0.3371	_27108_	1
450	-0.3371	_27107_	1
450	-0.3371	_27106_	1
450	-0.3371	_27058_	2
450	-0.3371	_27057_	1
450	-0.3371	_26999_	4
450	-0.3371	_04577_	1
450	-0.3371	_04575_	2
450	-0.3371	_16277_	2
450	-0.3371	_16275_	1
450	-0.3371	_16274_	2
450	-0.3371	_16273_	2
450	-0.3371	_09512_	2
450	-0.3371	_47069_	1
450	-0.3371	_47045_	1
450	-0.3371	_47015_	1
450	-0.3371	_46992_	1
450	-0.3371	_03933_	1
450	-0.3371	_15357_	9
450	-0.3371	systolic.weight_queue[23][1]	1
451	-0.3368	_12440_	1
451	-0.3368	_31154_	1
451	-0.3368	_31148_	1
451	-0.3368	_31125_	2
451	-0.3368	_31124_	1
451	-0.3368	_31055_	4
451	-0.3368	_31054_	4
451	-0.3368	_05145_	1
451	-0.3368	_05143_	2
451	-0.3368	_15202_	1
451	-0.3368	_15085_	2
451	-0.3368	_15084_	1
451	-0.3368	_15082_	2
451	-0.3368	_15081_	1
451	-0.3368	_15073_	1
451	-0.3368	_15072_	4
451	-0.3368	_09188_	1
451	-0.3368	_45873_	1
451	-0.3368	_45579_	1
451	-0.3368	_45503_	1
451	-0.3368	_45497_	5
451	-0.3368	_02838_	2
451	-0.3368	_15563_	10
451	-0.3368	systolic.data_queue[1][0]	1
452	-0.3368	_12139_	1
452	-0.3368	_28383_	1
452	-0.3368	_28382_	1
452	-0.3368	_28381_	1
452	-0.3368	_28380_	1
452	-0.3368	_28322_	3
452	-0.3368	_28321_	3
452	-0.3368	_28320_	2
452	-0.3368	_28317_	1
452	-0.3368	_28316_	1
452	-0.3368	_28313_	5
452	-0.3368	_07479_	1
452	-0.3368	_07477_	2
452	-0.3368	_16464_	2
452	-0.3368	_15292_	2
452	-0.3368	_06547_	2
452	-0.3368	_47404_	1
452	-0.3368	_47307_	1
452	-0.3368	_46493_	1
452	-0.3368	_46490_	1
452	-0.3368	_04107_	1
452	-0.3368	_16527_	10
452	-0.3368	systolic.data_queue[16][7]	2
453	-0.3365	_11842_	1
453	-0.3365	_25621_	1
453	-0.3365	_25620_	1
453	-0.3365	_25619_	1
453	-0.3365	_25618_	1
453	-0.3365	_25617_	1
453	-0.3365	_25577_	3
453	-0.3365	_25576_	1
453	-0.3365	_06947_	4
453	-0.3365	_06945_	2
453	-0.3365	_15539_	2
453	-0.3365	_15538_	1
453	-0.3365	_15533_	2
453	-0.3365	_15531_	2
453	-0.3365	_06149_	2
453	-0.3365	_42585_	1
453	-0.3365	_41023_	1
453	-0.3365	_41020_	1
453	-0.3365	_41485_	1
453	-0.3365	_03198_	1
453	-0.3365	_15809_	9
453	-0.3365	systolic.weight_queue[31][1]	1
454	-0.3364	_11800_	1
454	-0.3364	_25219_	1
454	-0.3364	_25218_	1
454	-0.3364	_25217_	1
454	-0.3364	_25216_	1
454	-0.3364	_25215_	1
454	-0.3364	_25187_	2
454	-0.3364	_25183_	2
454	-0.3364	_25174_	1
454	-0.3364	_25155_	5
454	-0.3364	_07507_	1
454	-0.3364	_07505_	2
454	-0.3364	_13505_	2
454	-0.3364	_13502_	1
454	-0.3364	_13501_	2
454	-0.3364	_13499_	2
454	-0.3364	_05123_	2
454	-0.3364	_47280_	1
454	-0.3364	_42321_	1
454	-0.3364	_42319_	1
454	-0.3364	_46105_	1
454	-0.3364	_03374_	1
454	-0.3364	_16460_	10
454	-0.3364	systolic.data_queue[33][7]	2
455	-0.3364	_11479_	1
455	-0.3364	_22172_	1
455	-0.3364	_22171_	1
455	-0.3364	_22170_	1
455	-0.3364	_22169_	1
455	-0.3364	_22120_	3
455	-0.3364	_22117_	1
455	-0.3364	_22116_	2
455	-0.3364	_22115_	1
455	-0.3364	_22109_	2
455	-0.3364	_22108_	1
455	-0.3364	_22105_	5
455	-0.3364	_04544_	1
455	-0.3364	_04542_	2
455	-0.3364	_13661_	2
455	-0.3364	_13660_	2
455	-0.3364	_07017_	2
455	-0.3364	_43348_	1
455	-0.3364	_43332_	1
455	-0.3364	_43330_	1
455	-0.3364	_42351_	1
455	-0.3364	_01536_	1
455	-0.3364	_15631_	10
455	-0.3364	systolic.data_queue[49][7]	2
456	-0.3352	_11861_	1
456	-0.3352	_25800_	1
456	-0.3352	_25799_	1
456	-0.3352	_25798_	1
456	-0.3352	_25796_	2
456	-0.3352	_25795_	1
456	-0.3352	_25794_	2
456	-0.3352	_25711_	2
456	-0.3352	_25706_	2
456	-0.3352	_25705_	1
456	-0.3352	_25703_	6
456	-0.3352	_10240_	1
456	-0.3352	_10238_	2
456	-0.3352	_16861_	2
456	-0.3352	_16860_	2
456	-0.3352	_08011_	2
456	-0.3352	_47671_	1
456	-0.3352	_47584_	1
456	-0.3352	_47506_	1
456	-0.3352	_47478_	1
456	-0.3352	_04165_	1
456	-0.3352	_15286_	10
456	-0.3352	systolic.data_queue[30][7]	2
457	-0.3348	_12161_	1
457	-0.3348	_28583_	1
457	-0.3348	_28555_	2
457	-0.3348	_28503_	2
457	-0.3348	_28499_	2
457	-0.3348	_28498_	5
457	-0.3348	_06334_	1
457	-0.3348	_06332_	2
457	-0.3348	_13416_	1
457	-0.3348	_13399_	2
457	-0.3348	_13398_	2
457	-0.3348	_13390_	1
457	-0.3348	_13389_	4
457	-0.3348	_05601_	1
457	-0.3348	_43135_	1
457	-0.3348	_42434_	1
457	-0.3348	_41447_	1
457	-0.3348	_41441_	5
457	-0.3348	_03237_	2
457	-0.3348	_15406_	9
457	-0.3348	systolic.weight_queue[15][7]	1
458	-0.3345	_11579_	1
458	-0.3345	_23136_	1
458	-0.3345	_23135_	1
458	-0.3345	_23134_	1
458	-0.3345	_23133_	1
458	-0.3345	_23071_	2
458	-0.3345	_23070_	1
458	-0.3345	_23068_	5
458	-0.3345	_07649_	1
458	-0.3345	_07647_	2
458	-0.3345	_16730_	2
458	-0.3345	_16728_	1
458	-0.3345	_16727_	2
458	-0.3345	_16725_	1
458	-0.3345	_16724_	2
458	-0.3345	_14190_	2
458	-0.3345	_08995_	2
458	-0.3345	_42681_	1
458	-0.3345	_42678_	1
458	-0.3345	_44864_	1
458	-0.3345	_42966_	1
458	-0.3345	_01785_	1
458	-0.3345	_16309_	10
458	-0.3345	systolic.data_queue[44][7]	2
459	-0.3340	_12320_	1
459	-0.3340	_30060_	1
459	-0.3340	_30059_	1
459	-0.3340	_30058_	1
459	-0.3340	_30057_	1
459	-0.3340	_30056_	1
459	-0.3340	_30028_	4
459	-0.3340	_30025_	2
459	-0.3340	_30016_	1
459	-0.3340	_29970_	5
459	-0.3340	_09155_	1
459	-0.3340	_09153_	2
459	-0.3340	_15226_	2
459	-0.3340	_15005_	2
459	-0.3340	_04746_	2
459	-0.3340	_45569_	1
459	-0.3340	_41386_	1
459	-0.3340	_41256_	1
459	-0.3340	_41161_	1
459	-0.3340	_01095_	1
459	-0.3340	_16198_	9
459	-0.3340	systolic.data_queue[7][7]	2
460	-0.3334	_12424_	1
460	-0.3334	_30991_	1
460	-0.3334	_30990_	1
460	-0.3334	_30989_	1
460	-0.3334	_30988_	1
460	-0.3334	_30927_	3
460	-0.3334	_30926_	1
460	-0.3334	_30925_	2
460	-0.3334	_30874_	5
460	-0.3334	_07561_	1
460	-0.3334	_07559_	2
460	-0.3334	_13482_	4
460	-0.3334	_04556_	1
460	-0.3334	_42642_	1
460	-0.3334	_42639_	1
460	-0.3334	_43585_	1
460	-0.3334	_46800_	5
460	-0.3334	_04148_	2
460	-0.3334	_15670_	10
460	-0.3334	systolic.data_queue[2][0]	1
461	-0.3331	_11462_	1
461	-0.3331	_22004_	1
461	-0.3331	_22003_	1
461	-0.3331	_22001_	1
461	-0.3331	_22000_	1
461	-0.3331	_21999_	1
461	-0.3331	_21959_	2
461	-0.3331	_21948_	1
461	-0.3331	_21930_	5
461	-0.3331	_05940_	1
461	-0.3331	_05938_	2
461	-0.3331	_15349_	2
461	-0.3331	_15348_	1
461	-0.3331	_15287_	4
461	-0.3331	_05797_	1
461	-0.3331	_46728_	1
461	-0.3331	_46725_	1
461	-0.3331	_45164_	1
461	-0.3331	_42613_	5
461	-0.3331	_01625_	2
461	-0.3331	_15766_	10
461	-0.3331	systolic.data_queue[50][0]	1
462	-0.3326	_11578_	1
462	-0.3326	_23128_	1
462	-0.3326	_23127_	1
462	-0.3326	_23126_	1
462	-0.3326	_23111_	2
462	-0.3326	_23109_	2
462	-0.3326	_07643_	4
462	-0.3326	_07641_	2
462	-0.3326	_16733_	1
462	-0.3326	_16732_	1
462	-0.3326	_16731_	1
462	-0.3326	_16730_	2
462	-0.3326	_16728_	1
462	-0.3326	_16727_	2
462	-0.3326	_16725_	1
462	-0.3326	_16724_	2
462	-0.3326	_14190_	2
462	-0.3326	_08995_	2
462	-0.3326	_42681_	1
462	-0.3326	_42678_	1
462	-0.3326	_44864_	1
462	-0.3326	_42966_	1
462	-0.3326	_01785_	1
462	-0.3326	_16309_	10
462	-0.3326	systolic.data_queue[44][7]	2
463	-0.3320	_12222_	1
463	-0.3320	_29128_	1
463	-0.3320	_29127_	1
463	-0.3320	_29126_	1
463	-0.3320	_29125_	1
463	-0.3320	_29124_	1
463	-0.3320	_29092_	2
463	-0.3320	_29089_	1
463	-0.3320	_29080_	1
463	-0.3320	_29056_	5
463	-0.3320	_07765_	1
463	-0.3320	_07763_	2
463	-0.3320	_14161_	2
463	-0.3320	_14159_	1
463	-0.3320	_14158_	2
463	-0.3320	_14156_	2
463	-0.3320	_08993_	2
463	-0.3320	_41681_	1
463	-0.3320	_41679_	1
463	-0.3320	_47112_	1
463	-0.3320	_47540_	1
463	-0.3320	_04219_	1
463	-0.3320	_16559_	10
463	-0.3320	systolic.data_queue[12][7]	2
464	-0.3320	_12000_	1
464	-0.3320	_27096_	1
464	-0.3320	_27095_	1
464	-0.3320	_27094_	1
464	-0.3320	_27093_	1
464	-0.3320	_27092_	1
464	-0.3320	_27062_	2
464	-0.3320	_27058_	2
464	-0.3320	_27057_	1
464	-0.3320	_26999_	4
464	-0.3320	_04577_	1
464	-0.3320	_04575_	2
464	-0.3320	_16277_	2
464	-0.3320	_16275_	1
464	-0.3320	_16274_	2
464	-0.3320	_16273_	2
464	-0.3320	_09512_	2
464	-0.3320	_47069_	1
464	-0.3320	_47045_	1
464	-0.3320	_47015_	1
464	-0.3320	_46992_	1
464	-0.3320	_03933_	1
464	-0.3320	_15357_	9
464	-0.3320	systolic.weight_queue[23][1]	1
465	-0.3320	_12019_	1
465	-0.3320	_27269_	1
465	-0.3320	_27268_	1
465	-0.3320	_27267_	1
465	-0.3320	_27266_	1
465	-0.3320	_27202_	2
465	-0.3320	_27201_	1
465	-0.3320	_27198_	7
465	-0.3320	_05117_	1
465	-0.3320	_05115_	2
465	-0.3320	_14511_	1
465	-0.3320	_14510_	1
465	-0.3320	_14509_	2
465	-0.3320	_13693_	2
465	-0.3320	_13689_	1
465	-0.3320	_13688_	4
465	-0.3320	_07276_	1
465	-0.3320	_40123_	1
465	-0.3320	_40007_	1
465	-0.3320	_40005_	1
465	-0.3320	_46169_	5
465	-0.3320	_01906_	2
465	-0.3320	_16578_	10
465	-0.3320	systolic.data_queue[22][0]	1
466	-0.3319	_12081_	1
466	-0.3319	_27824_	1
466	-0.3319	_27823_	1
466	-0.3319	_27822_	1
466	-0.3319	_27821_	2
466	-0.3319	_27820_	1
466	-0.3319	_27758_	3
466	-0.3319	_27753_	2
466	-0.3319	_27740_	1
466	-0.3319	_06463_	4
466	-0.3319	_06462_	2
466	-0.3319	_13905_	2
466	-0.3319	_13904_	1
466	-0.3319	_13889_	4
466	-0.3319	_08484_	1
466	-0.3319	_43469_	1
466	-0.3319	_43467_	1
466	-0.3319	_43696_	1
466	-0.3319	_43543_	5
466	-0.3319	_02466_	2
466	-0.3319	_16065_	10
466	-0.3319	systolic.data_queue[19][0]	1
467	-0.3315	_11763_	1
467	-0.3315	_24867_	1
467	-0.3315	_24866_	1
467	-0.3315	_24865_	1
467	-0.3315	_24789_	3
467	-0.3315	_24786_	1
467	-0.3315	_24785_	2
467	-0.3315	_24781_	1
467	-0.3315	_24780_	1
467	-0.3315	_24777_	5
467	-0.3315	_09898_	1
467	-0.3315	_09896_	2
467	-0.3315	_15041_	2
467	-0.3315	_15039_	2
467	-0.3315	_05121_	2
467	-0.3315	_47712_	1
467	-0.3315	_45749_	1
467	-0.3315	_45727_	1
467	-0.3315	_45725_	1
467	-0.3315	_04303_	1
467	-0.3315	_15998_	10
467	-0.3315	systolic.data_queue[35][7]	2
468	-0.3314	_12419_	1
468	-0.3314	_30958_	1
468	-0.3314	_30957_	1
468	-0.3314	_30956_	1
468	-0.3314	_30955_	1
468	-0.3314	_30954_	1
468	-0.3314	_30891_	2
468	-0.3314	_30890_	1
468	-0.3314	_30889_	1
468	-0.3314	_30887_	6
468	-0.3314	_10084_	1
468	-0.3314	_10082_	2
468	-0.3314	_15189_	2
468	-0.3314	_15187_	1
468	-0.3314	_13754_	2
468	-0.3314	_13753_	1
468	-0.3314	_13486_	2
468	-0.3314	_13485_	2
468	-0.3314	_09612_	2
468	-0.3314	_44414_	1
468	-0.3314	_42694_	1
468	-0.3314	_40231_	1
468	-0.3314	_40228_	1
468	-0.3314	_02473_	1
468	-0.3314	_15687_	10
468	-0.3314	systolic.data_queue[2][7]	2
469	-0.3314	_11580_	1
469	-0.3314	_23141_	1
469	-0.3314	_23140_	1
469	-0.3314	_23139_	1
469	-0.3314	_23138_	1
469	-0.3314	_23137_	1
469	-0.3314	_23105_	2
469	-0.3314	_23101_	2
469	-0.3314	_23100_	1
469	-0.3314	_23065_	5
469	-0.3314	_07656_	1
469	-0.3314	_07654_	2
469	-0.3314	_16727_	2
469	-0.3314	_16725_	1
469	-0.3314	_16724_	2
469	-0.3314	_14190_	2
469	-0.3314	_08995_	2
469	-0.3314	_42681_	1
469	-0.3314	_42678_	1
469	-0.3314	_44864_	1
469	-0.3314	_42966_	1
469	-0.3314	_01785_	1
469	-0.3314	_16309_	10
469	-0.3314	systolic.data_queue[44][7]	2
470	-0.3311	_11263_	1
470	-0.3311	_20015_	1
470	-0.3311	_20014_	1
470	-0.3311	_20013_	1
470	-0.3311	_19909_	3
470	-0.3311	_19907_	2
470	-0.3311	_19904_	1
470	-0.3311	_19903_	1
470	-0.3311	_19901_	6
470	-0.3311	_09997_	1
470	-0.3311	_09995_	2
470	-0.3311	_13865_	2
470	-0.3311	_13864_	2
470	-0.3311	_08857_	2
470	-0.3311	_40654_	1
470	-0.3311	_40651_	1
470	-0.3311	_40786_	1
470	-0.3311	_40783_	1
470	-0.3311	_04176_	1
470	-0.3311	_16389_	10
470	-0.3311	systolic.data_queue[60][7]	2
471	-0.3307	_11879_	1
471	-0.3307	_25971_	1
471	-0.3307	_25970_	1
471	-0.3307	_25959_	2
471	-0.3307	_25958_	1
471	-0.3307	_25957_	2
471	-0.3307	_25903_	2
471	-0.3307	_25894_	3
471	-0.3307	_25889_	2
471	-0.3307	_25888_	1
471	-0.3307	_25887_	5
471	-0.3307	_06062_	1
471	-0.3307	_06060_	2
471	-0.3307	_16910_	2
471	-0.3307	_16908_	2
471	-0.3307	_09407_	2
471	-0.3307	_41813_	1
471	-0.3307	_41810_	1
471	-0.3307	_41738_	1
471	-0.3307	_41523_	1
471	-0.3307	_01215_	1
471	-0.3307	_16168_	10
471	-0.3307	systolic.data_queue[29][7]	2
472	-0.3303	_11939_	1
472	-0.3303	_26521_	1
472	-0.3303	_26520_	1
472	-0.3303	_26519_	1
472	-0.3303	_26474_	2
472	-0.3303	_26473_	2
472	-0.3303	_26472_	3
472	-0.3303	_26468_	1
472	-0.3303	_26455_	1
472	-0.3303	_04813_	4
472	-0.3303	_04812_	2
472	-0.3303	_14806_	2
472	-0.3303	_14804_	1
472	-0.3303	_13465_	4
472	-0.3303	_07768_	1
472	-0.3303	_41780_	1
472	-0.3303	_41777_	1
472	-0.3303	_39874_	1
472	-0.3303	_39872_	5
472	-0.3303	_04146_	2
472	-0.3303	_16491_	10
472	-0.3303	systolic.data_queue[26][0]	1
473	-0.3302	_11500_	1
473	-0.3302	_22400_	1
473	-0.3302	_22398_	1
473	-0.3302	_22355_	3
473	-0.3302	_22354_	1
473	-0.3302	_22323_	5
473	-0.3302	_06191_	1
473	-0.3302	_06189_	2
473	-0.3302	_15836_	1
473	-0.3302	_15835_	1
473	-0.3302	_14836_	2
473	-0.3302	_14834_	1
473	-0.3302	_14573_	2
473	-0.3302	_14572_	1
473	-0.3302	_14570_	2
473	-0.3302	_14569_	2
473	-0.3302	_10117_	2
473	-0.3302	_40712_	1
473	-0.3302	_40709_	1
473	-0.3302	_45012_	1
473	-0.3302	_45010_	1
473	-0.3302	_02796_	1
473	-0.3302	_16625_	10
473	-0.3302	systolic.data_queue[48][7]	2
474	-0.3293	_11883_	1
474	-0.3293	_25995_	1
474	-0.3293	_25994_	1
474	-0.3293	_25993_	1
474	-0.3293	_25992_	1
474	-0.3293	_25894_	3
474	-0.3293	_25889_	2
474	-0.3293	_25888_	1
474	-0.3293	_25887_	5
474	-0.3293	_06062_	1
474	-0.3293	_06060_	2
474	-0.3293	_16910_	2
474	-0.3293	_16908_	2
474	-0.3293	_09407_	2
474	-0.3293	_41813_	1
474	-0.3293	_41810_	1
474	-0.3293	_41738_	1
474	-0.3293	_41523_	1
474	-0.3293	_01215_	1
474	-0.3293	_16168_	10
474	-0.3293	systolic.data_queue[29][7]	2
475	-0.3292	_11681_	1
475	-0.3292	_24108_	1
475	-0.3292	_24107_	1
475	-0.3292	_24106_	1
475	-0.3292	_24105_	1
475	-0.3292	_24037_	3
475	-0.3292	_24035_	2
475	-0.3292	_24032_	1
475	-0.3292	_24031_	1
475	-0.3292	_24029_	6
475	-0.3292	_06711_	1
475	-0.3292	_06709_	2
475	-0.3292	_13431_	2
475	-0.3292	_13429_	2
475	-0.3292	_05577_	2
475	-0.3292	_47744_	1
475	-0.3292	_44797_	1
475	-0.3292	_44759_	1
475	-0.3292	_44237_	1
475	-0.3292	_02380_	1
475	-0.3292	_16633_	9
475	-0.3292	systolic.weight_queue[39][1]	1
476	-0.3279	_11323_	1
476	-0.3279	_20667_	1
476	-0.3279	_20666_	1
476	-0.3279	_20665_	1
476	-0.3279	_20649_	2
476	-0.3279	_20535_	2
476	-0.3279	_20530_	2
476	-0.3279	_20529_	1
476	-0.3279	_20527_	6
476	-0.3279	_08006_	1
476	-0.3279	_08004_	2
476	-0.3279	_13204_	2
476	-0.3279	_13202_	2
476	-0.3279	_06023_	2
476	-0.3279	_42187_	1
476	-0.3279	_42185_	1
476	-0.3279	_42212_	1
476	-0.3279	_41316_	1
476	-0.3279	_01135_	1
476	-0.3279	_15765_	10
476	-0.3279	systolic.data_queue[57][7]	2
477	-0.3276	_11222_	1
477	-0.3276	_19594_	1
477	-0.3276	_19593_	1
477	-0.3276	_19591_	1
477	-0.3276	_19590_	1
477	-0.3276	_19589_	1
477	-0.3276	_19588_	1
477	-0.3276	_19541_	2
477	-0.3276	_19534_	1
477	-0.3276	_19498_	5
477	-0.3276	_07158_	1
477	-0.3276	_07156_	2
477	-0.3276	_14494_	2
477	-0.3276	_14493_	1
477	-0.3276	_13677_	2
477	-0.3276	_13676_	2
477	-0.3276	_06839_	3
477	-0.3276	_43302_	1
477	-0.3276	_43300_	1
477	-0.3276	_44553_	1
477	-0.3276	_44514_	1
477	-0.3276	_02525_	1
477	-0.3276	_16669_	10
477	-0.3276	systolic.data_queue[62][7]	2
478	-0.3275	_11863_	1
478	-0.3275	_25811_	1
478	-0.3275	_25810_	1
478	-0.3275	_25809_	1
478	-0.3275	_25794_	2
478	-0.3275	_25711_	2
478	-0.3275	_25706_	2
478	-0.3275	_25705_	1
478	-0.3275	_25703_	6
478	-0.3275	_10240_	1
478	-0.3275	_10238_	2
478	-0.3275	_16861_	2
478	-0.3275	_16860_	2
478	-0.3275	_08011_	2
478	-0.3275	_47671_	1
478	-0.3275	_47584_	1
478	-0.3275	_47506_	1
478	-0.3275	_47478_	1
478	-0.3275	_04165_	1
478	-0.3275	_15286_	10
478	-0.3275	systolic.data_queue[30][7]	2
479	-0.3274	_12080_	1
479	-0.3274	_27817_	1
479	-0.3274	_27816_	1
479	-0.3274	_27815_	1
479	-0.3274	_27814_	1
479	-0.3274	_27794_	2
479	-0.3274	_27793_	2
479	-0.3274	_27790_	1
479	-0.3274	_27780_	1
479	-0.3274	_27756_	5
479	-0.3274	_06464_	1
479	-0.3274	_06462_	2
479	-0.3274	_13905_	2
479	-0.3274	_13904_	1
479	-0.3274	_13889_	4
479	-0.3274	_08484_	1
479	-0.3274	_43469_	1
479	-0.3274	_43467_	1
479	-0.3274	_43696_	1
479	-0.3274	_43543_	5
479	-0.3274	_02466_	2
479	-0.3274	_16065_	10
479	-0.3274	systolic.data_queue[19][0]	1
480	-0.3269	_12322_	1
480	-0.3269	_30071_	1
480	-0.3269	_30070_	1
480	-0.3269	_30069_	1
480	-0.3269	_30028_	4
480	-0.3269	_30025_	2
480	-0.3269	_30016_	1
480	-0.3269	_29970_	5
480	-0.3269	_09155_	1
480	-0.3269	_09153_	2
480	-0.3269	_15226_	2
480	-0.3269	_15005_	2
480	-0.3269	_04746_	2
480	-0.3269	_45569_	1
480	-0.3269	_41386_	1
480	-0.3269	_41256_	1
480	-0.3269	_41161_	1
480	-0.3269	_01095_	1
480	-0.3269	_16198_	9
480	-0.3269	systolic.data_queue[7][7]	2
481	-0.3268	_12261_	1
481	-0.3268	_29489_	1
481	-0.3268	_29487_	1
481	-0.3268	_29486_	1
481	-0.3268	_29485_	1
481	-0.3268	_29484_	1
481	-0.3268	_29408_	2
481	-0.3268	_29406_	2
481	-0.3268	_29405_	1
481	-0.3268	_29399_	6
481	-0.3268	_05022_	1
481	-0.3268	_05020_	2
481	-0.3268	_13366_	4
481	-0.3268	_09233_	1
481	-0.3268	_41732_	1
481	-0.3268	_41532_	1
481	-0.3268	_40917_	1
481	-0.3268	_40912_	5
481	-0.3268	_02611_	2
481	-0.3268	_15499_	10
481	-0.3268	systolic.data_queue[10][0]	1
482	-0.3265	_11203_	1
482	-0.3265	_19396_	1
482	-0.3265	_19395_	1
482	-0.3265	_19394_	1
482	-0.3265	_19376_	2
482	-0.3265	_19287_	2
482	-0.3265	_19286_	1
482	-0.3265	_05933_	4
482	-0.3265	_05932_	2
482	-0.3265	_14050_	2
482	-0.3265	_14049_	1
482	-0.3265	_13294_	4
482	-0.3265	_07430_	1
482	-0.3265	_42934_	1
482	-0.3265	_42904_	1
482	-0.3265	_42902_	1
482	-0.3265	_45760_	5
482	-0.3265	_01252_	2
482	-0.3265	_15516_	9
482	-0.3265	systolic.data_queue[63][0]	1
483	-0.3257	_11583_	1
483	-0.3257	_23162_	1
483	-0.3257	_23161_	1
483	-0.3257	_23160_	1
483	-0.3257	_23144_	2
483	-0.3257	_23062_	2
483	-0.3257	_23056_	2
483	-0.3257	_23055_	1
483	-0.3257	_23053_	6
483	-0.3257	_07662_	1
483	-0.3257	_07660_	2
483	-0.3257	_16724_	2
483	-0.3257	_14190_	2
483	-0.3257	_08995_	2
483	-0.3257	_42681_	1
483	-0.3257	_42678_	1
483	-0.3257	_44864_	1
483	-0.3257	_42966_	1
483	-0.3257	_01785_	1
483	-0.3257	_16309_	10
483	-0.3257	systolic.data_queue[44][7]	2
484	-0.3256	_11381_	1
484	-0.3256	_21258_	1
484	-0.3256	_21257_	1
484	-0.3256	_21193_	3
484	-0.3256	_21190_	3
484	-0.3256	_21189_	2
484	-0.3256	_21185_	1
484	-0.3256	_21184_	1
484	-0.3256	_21181_	6
484	-0.3256	_05159_	1
484	-0.3256	_05157_	2
484	-0.3256	_13577_	2
484	-0.3256	_13575_	2
484	-0.3256	_08110_	2
484	-0.3256	_47719_	1
484	-0.3256	_46571_	1
484	-0.3256	_46470_	1
484	-0.3256	_43106_	1
484	-0.3256	_01901_	1
484	-0.3256	_16099_	10
484	-0.3256	systolic.data_queue[54][7]	2
485	-0.3252	_11220_	1
485	-0.3252	_19576_	1
485	-0.3252	_19575_	1
485	-0.3252	_19574_	1
485	-0.3252	_19573_	1
485	-0.3252	_19549_	2
485	-0.3252	_19545_	1
485	-0.3252	_19541_	2
485	-0.3252	_19534_	1
485	-0.3252	_19498_	5
485	-0.3252	_07158_	1
485	-0.3252	_07156_	2
485	-0.3252	_14494_	2
485	-0.3252	_14493_	1
485	-0.3252	_13677_	2
485	-0.3252	_13676_	2
485	-0.3252	_06839_	3
485	-0.3252	_43302_	1
485	-0.3252	_43300_	1
485	-0.3252	_44553_	1
485	-0.3252	_44514_	1
485	-0.3252	_02525_	1
485	-0.3252	_16669_	10
485	-0.3252	systolic.data_queue[62][7]	2
486	-0.3246	_12020_	1
486	-0.3246	_27273_	1
486	-0.3246	_27272_	1
486	-0.3246	_27271_	1
486	-0.3246	_27249_	2
486	-0.3246	_27247_	2
486	-0.3246	_27237_	1
486	-0.3246	_06886_	4
486	-0.3246	_06884_	2
486	-0.3246	_13845_	2
486	-0.3246	_13843_	1
486	-0.3246	_13842_	2
486	-0.3246	_13578_	2
486	-0.3246	_10285_	2
486	-0.3246	_46723_	1
486	-0.3246	_41847_	1
486	-0.3246	_39862_	1
486	-0.3246	_39859_	1
486	-0.3246	_04032_	1
486	-0.3246	_16593_	10
486	-0.3246	systolic.data_queue[22][7]	2
487	-0.3243	_11761_	1
487	-0.3243	_24860_	1
487	-0.3243	_24859_	1
487	-0.3243	_24858_	1
487	-0.3243	_24857_	1
487	-0.3243	_24856_	1
487	-0.3243	_24789_	3
487	-0.3243	_24786_	1
487	-0.3243	_24785_	2
487	-0.3243	_24781_	1
487	-0.3243	_24780_	1
487	-0.3243	_24777_	5
487	-0.3243	_09898_	1
487	-0.3243	_09896_	2
487	-0.3243	_15041_	2
487	-0.3243	_15039_	2
487	-0.3243	_05121_	2
487	-0.3243	_47712_	1
487	-0.3243	_45749_	1
487	-0.3243	_45727_	1
487	-0.3243	_45725_	1
487	-0.3243	_04303_	1
487	-0.3243	_15998_	10
487	-0.3243	systolic.data_queue[35][7]	2
488	-0.3240	_12181_	1
488	-0.3240	_28765_	1
488	-0.3240	_28764_	1
488	-0.3240	_28758_	1
488	-0.3240	_28691_	2
488	-0.3240	_28690_	1
488	-0.3240	_28689_	6
488	-0.3240	_09069_	1
488	-0.3240	_09067_	2
488	-0.3240	_13964_	2
488	-0.3240	_13963_	1
488	-0.3240	_13962_	2
488	-0.3240	_13960_	1
488	-0.3240	_13959_	2
488	-0.3240	_13958_	2
488	-0.3240	_07913_	2
488	-0.3240	_43599_	1
488	-0.3240	_42312_	1
488	-0.3240	_41171_	1
488	-0.3240	_41168_	1
488	-0.3240	_03333_	1
488	-0.3240	_15269_	10
488	-0.3240	systolic.data_queue[14][7]	2
489	-0.3240	_11602_	1
489	-0.3240	_23343_	1
489	-0.3240	_23342_	1
489	-0.3240	_23341_	1
489	-0.3240	_23340_	1
489	-0.3240	_23339_	1
489	-0.3240	_23285_	2
489	-0.3240	_23284_	1
489	-0.3240	_09707_	4
489	-0.3240	_09705_	2
489	-0.3240	_14524_	2
489	-0.3240	_14522_	1
489	-0.3240	_14521_	2
489	-0.3240	_14502_	2
489	-0.3240	_05713_	2
489	-0.3240	_44520_	1
489	-0.3240	_44046_	1
489	-0.3240	_43992_	1
489	-0.3240	_43531_	1
489	-0.3240	_02059_	1
489	-0.3240	_15494_	10
489	-0.3240	systolic.data_queue[43][7]	2
490	-0.3234	_12379_	1
490	-0.3234	_30586_	1
490	-0.3234	_30585_	1
490	-0.3234	_30540_	2
490	-0.3234	_30538_	1
490	-0.3234	_30533_	1
490	-0.3234	_30532_	1
490	-0.3234	_30531_	5
490	-0.3234	_08334_	1
490	-0.3234	_08332_	2
490	-0.3234	_14425_	2
490	-0.3234	_14424_	1
490	-0.3234	_14423_	2
490	-0.3234	_14421_	1
490	-0.3234	_14420_	2
490	-0.3234	_13972_	2
490	-0.3234	_08509_	2
490	-0.3234	_40358_	1
490	-0.3234	_40339_	1
490	-0.3234	_40337_	1
490	-0.3234	_40307_	1
490	-0.3234	_00733_	1
490	-0.3234	_15881_	10
490	-0.3234	systolic.data_queue[4][7]	2
491	-0.3233	_11322_	1
491	-0.3233	_20663_	1
491	-0.3233	_20662_	1
491	-0.3233	_20660_	1
491	-0.3233	_20636_	2
491	-0.3233	_20634_	1
491	-0.3233	_20583_	2
491	-0.3233	_20582_	1
491	-0.3233	_07996_	4
491	-0.3233	_07994_	2
491	-0.3233	_13218_	2
491	-0.3233	_13216_	1
491	-0.3233	_13204_	2
491	-0.3233	_13202_	2
491	-0.3233	_06023_	2
491	-0.3233	_42187_	1
491	-0.3233	_42185_	1
491	-0.3233	_42212_	1
491	-0.3233	_41316_	1
491	-0.3233	_01135_	1
491	-0.3233	_15765_	10
491	-0.3233	systolic.data_queue[57][7]	2
492	-0.3227	_11541_	1
492	-0.3227	_22777_	1
492	-0.3227	_22776_	1
492	-0.3227	_22703_	3
492	-0.3227	_22699_	3
492	-0.3227	_22696_	1
492	-0.3227	_22691_	2
492	-0.3227	_22690_	1
492	-0.3227	_22689_	6
492	-0.3227	_06021_	1
492	-0.3227	_06019_	2
492	-0.3227	_13718_	2
492	-0.3227	_13717_	2
492	-0.3227	_08877_	2
492	-0.3227	_47350_	1
492	-0.3227	_46121_	1
492	-0.3227	_46098_	1
492	-0.3227	_43031_	1
492	-0.3227	_01837_	1
492	-0.3227	_15958_	10
492	-0.3227	systolic.data_queue[46][7]	2
493	-0.3227	_12203_	1
493	-0.3227	_28960_	1
493	-0.3227	_28959_	1
493	-0.3227	_28958_	1
493	-0.3227	_28947_	2
493	-0.3227	_28872_	2
493	-0.3227	_28867_	2
493	-0.3227	_28866_	1
493	-0.3227	_28863_	6
493	-0.3227	_09242_	1
493	-0.3227	_09240_	2
493	-0.3227	_15171_	2
493	-0.3227	_15170_	2
493	-0.3227	_08021_	2
493	-0.3227	_45206_	1
493	-0.3227	_45204_	1
493	-0.3227	_41335_	1
493	-0.3227	_41333_	1
493	-0.3227	_02401_	1
493	-0.3227	_16490_	10
493	-0.3227	systolic.data_queue[13][7]	2
494	-0.3222	_11523_	1
494	-0.3222	_22609_	1
494	-0.3222	_22608_	1
494	-0.3222	_22607_	1
494	-0.3222	_22524_	2
494	-0.3222	_22520_	2
494	-0.3222	_22514_	2
494	-0.3222	_22513_	1
494	-0.3222	_22512_	5
494	-0.3222	_09105_	1
494	-0.3222	_09103_	2
494	-0.3222	_14268_	2
494	-0.3222	_14266_	2
494	-0.3222	_07315_	2
494	-0.3222	_46847_	1
494	-0.3222	_45344_	1
494	-0.3222	_45183_	1
494	-0.3222	_45182_	1
494	-0.3222	_03509_	1
494	-0.3222	_16293_	9
494	-0.3222	systolic.data_queue[47][7]	2
495	-0.3221	_11422_	1
495	-0.3221	_21632_	1
495	-0.3221	_21631_	1
495	-0.3221	_21630_	1
495	-0.3221	_21629_	1
495	-0.3221	_21628_	1
495	-0.3221	_21574_	2
495	-0.3221	_21573_	1
495	-0.3221	_05002_	4
495	-0.3221	_05000_	2
495	-0.3221	_15124_	2
495	-0.3221	_15121_	1
495	-0.3221	_15119_	2
495	-0.3221	_15118_	2
495	-0.3221	_07141_	2
495	-0.3221	_47104_	1
495	-0.3221	_46658_	1
495	-0.3221	_46528_	1
495	-0.3221	_46467_	1
495	-0.3221	_03606_	1
495	-0.3221	_16543_	10
495	-0.3221	systolic.data_queue[52][7]	2
496	-0.3218	_11401_	1
496	-0.3218	_21437_	1
496	-0.3218	_21436_	1
496	-0.3218	_21361_	3
496	-0.3218	_21357_	3
496	-0.3218	_21354_	1
496	-0.3218	_21349_	2
496	-0.3218	_21348_	1
496	-0.3218	_21347_	6
496	-0.3218	_04706_	1
496	-0.3218	_04704_	2
496	-0.3218	_13144_	2
496	-0.3218	_13143_	2
496	-0.3218	_08660_	2
496	-0.3218	_43426_	1
496	-0.3218	_43319_	1
496	-0.3218	_43209_	1
496	-0.3218	_42255_	1
496	-0.3218	_01487_	1
496	-0.3218	_15652_	10
496	-0.3218	systolic.data_queue[53][7]	2
497	-0.3218	_11383_	1
497	-0.3218	_21266_	1
497	-0.3218	_21265_	1
497	-0.3218	_21264_	1
497	-0.3218	_21190_	3
497	-0.3218	_21189_	2
497	-0.3218	_21185_	1
497	-0.3218	_21184_	1
497	-0.3218	_21181_	6
497	-0.3218	_05159_	1
497	-0.3218	_05157_	2
497	-0.3218	_13577_	2
497	-0.3218	_13575_	2
497	-0.3218	_08110_	2
497	-0.3218	_47719_	1
497	-0.3218	_46571_	1
497	-0.3218	_46470_	1
497	-0.3218	_43106_	1
497	-0.3218	_01901_	1
497	-0.3218	_16099_	10
497	-0.3218	systolic.data_queue[54][7]	2
498	-0.3217	_11901_	1
498	-0.3217	_26176_	1
498	-0.3217	_26175_	1
498	-0.3217	_26174_	1
498	-0.3217	_26173_	1
498	-0.3217	_26172_	1
498	-0.3217	_26171_	1
498	-0.3217	_26108_	3
498	-0.3217	_26107_	1
498	-0.3217	_26102_	2
498	-0.3217	_26092_	1
498	-0.3217	_26089_	6
498	-0.3217	_06522_	1
498	-0.3217	_06520_	2
498	-0.3217	_13588_	2
498	-0.3217	_13587_	2
498	-0.3217	_05015_	2
498	-0.3217	_42499_	1
498	-0.3217	_42497_	1
498	-0.3217	_46898_	1
498	-0.3217	_46092_	1
498	-0.3217	_03356_	1
498	-0.3217	_16117_	10
498	-0.3217	systolic.data_queue[28][7]	2
499	-0.3214	_11380_	1
499	-0.3214	_21252_	1
499	-0.3214	_21251_	1
499	-0.3214	_21250_	1
499	-0.3214	_21249_	1
499	-0.3214	_21248_	1
499	-0.3214	_21247_	1
499	-0.3214	_21246_	2
499	-0.3214	_21213_	2
499	-0.3214	_21212_	1
499	-0.3214	_05581_	5
499	-0.3214	_05580_	2
499	-0.3214	_13705_	2
499	-0.3214	_13703_	1
499	-0.3214	_13179_	4
499	-0.3214	_05010_	1
499	-0.3214	_45829_	1
499	-0.3214	_43389_	1
499	-0.3214	_43051_	1
499	-0.3214	_43041_	5
499	-0.3214	_01792_	2
499	-0.3214	_16084_	10
499	-0.3214	systolic.data_queue[54][0]	1
500	-0.3211	_12279_	1
500	-0.3211	_29665_	1
500	-0.3211	_29664_	1
500	-0.3211	_29663_	1
500	-0.3211	_29662_	1
500	-0.3211	_29604_	3
500	-0.3211	_29603_	1
500	-0.3211	_29602_	5
500	-0.3211	_07673_	1
500	-0.3211	_07671_	2
500	-0.3211	_15129_	1
500	-0.3211	_13456_	2
500	-0.3211	_13455_	1
500	-0.3211	_13454_	2
500	-0.3211	_13453_	1
500	-0.3211	_13450_	1
500	-0.3211	_13251_	4
500	-0.3211	_06322_	1
500	-0.3211	_45368_	1
500	-0.3211	_45366_	1
500	-0.3211	_40863_	1
500	-0.3211	_40705_	5
500	-0.3211	_02828_	2
500	-0.3211	_16594_	10
500	-0.3211	systolic.data_queue[9][0]	1
501	-0.3210	_11481_	1
501	-0.3210	_22185_	1
501	-0.3210	_22184_	1
501	-0.3210	_22183_	1
501	-0.3210	_22120_	3
501	-0.3210	_22117_	1
501	-0.3210	_22116_	2
501	-0.3210	_22115_	1
501	-0.3210	_22109_	2
501	-0.3210	_22108_	1
501	-0.3210	_22105_	5
501	-0.3210	_04544_	1
501	-0.3210	_04542_	2
501	-0.3210	_13661_	2
501	-0.3210	_13660_	2
501	-0.3210	_07017_	2
501	-0.3210	_43348_	1
501	-0.3210	_43332_	1
501	-0.3210	_43330_	1
501	-0.3210	_42351_	1
501	-0.3210	_01536_	1
501	-0.3210	_15631_	10
501	-0.3210	systolic.data_queue[49][7]	2
502	-0.3209	_11441_	1
502	-0.3209	_21814_	1
502	-0.3209	_21813_	1
502	-0.3209	_21812_	1
502	-0.3209	_21811_	1
502	-0.3209	_21810_	2
502	-0.3209	_21722_	2
502	-0.3209	_21718_	2
502	-0.3209	_21717_	1
502	-0.3209	_21716_	6
502	-0.3209	_08836_	1
502	-0.3209	_08834_	2
502	-0.3209	_14251_	2
502	-0.3209	_13977_	2
502	-0.3209	_06283_	2
502	-0.3209	_43240_	1
502	-0.3209	_43237_	1
502	-0.3209	_46224_	1
502	-0.3209	_46222_	1
502	-0.3209	_03540_	1
502	-0.3209	_15562_	10
502	-0.3209	systolic.data_queue[51][7]	2
503	-0.3206	_11463_	1
503	-0.3206	_22009_	1
503	-0.3206	_22008_	1
503	-0.3206	_22007_	1
503	-0.3206	_21931_	3
503	-0.3206	_21929_	2
503	-0.3206	_21926_	1
503	-0.3206	_21925_	1
503	-0.3206	_21923_	6
503	-0.3206	_07438_	1
503	-0.3206	_07436_	2
503	-0.3206	_15291_	2
503	-0.3206	_15289_	2
503	-0.3206	_05274_	2
503	-0.3206	_47722_	1
503	-0.3206	_47256_	1
503	-0.3206	_47054_	1
503	-0.3206	_45300_	1
503	-0.3206	_02907_	1
503	-0.3206	_15785_	10
503	-0.3206	systolic.data_queue[50][7]	2
504	-0.3204	_12300_	1
504	-0.3204	_29870_	1
504	-0.3204	_29869_	1
504	-0.3204	_29868_	1
504	-0.3204	_29867_	1
504	-0.3204	_29865_	2
504	-0.3204	_29829_	2
504	-0.3204	_29825_	2
504	-0.3204	_29824_	1
504	-0.3204	_29767_	5
504	-0.3204	_09865_	1
504	-0.3204	_09863_	2
504	-0.3204	_14044_	1
504	-0.3204	_14043_	1
504	-0.3204	_14031_	2
504	-0.3204	_14030_	2
504	-0.3204	_14029_	1
504	-0.3204	_06475_	3
504	-0.3204	_47698_	1
504	-0.3204	_44122_	1
504	-0.3204	_44120_	1
504	-0.3204	_41921_	1
504	-0.3204	_01343_	1
504	-0.3204	_16369_	10
504	-0.3204	systolic.data_queue[8][3]	1
505	-0.3203	_11202_	1
505	-0.3203	_19393_	1
505	-0.3203	_19392_	1
505	-0.3203	_19391_	1
505	-0.3203	_19390_	1
505	-0.3203	_19389_	1
505	-0.3203	_19388_	1
505	-0.3203	_19387_	1
505	-0.3203	_19386_	2
505	-0.3203	_19334_	2
505	-0.3203	_19326_	1
505	-0.3203	_19290_	5
505	-0.3203	_05934_	1
505	-0.3203	_05932_	2
505	-0.3203	_14050_	2
505	-0.3203	_14049_	1
505	-0.3203	_14048_	2
505	-0.3203	_14046_	2
505	-0.3203	_07426_	3
505	-0.3203	_42919_	1
505	-0.3203	_42895_	1
505	-0.3203	_42858_	1
505	-0.3203	_42855_	1
505	-0.3203	_03713_	1
505	-0.3203	_15535_	9
505	-0.3203	systolic.data_queue[63][7]	2
506	-0.3199	_12301_	1
506	-0.3199	_29877_	1
506	-0.3199	_29876_	1
506	-0.3199	_29875_	1
506	-0.3199	_29874_	1
506	-0.3199	_29873_	1
506	-0.3199	_29872_	2
506	-0.3199	_29798_	2
506	-0.3199	_29793_	2
506	-0.3199	_29792_	1
506	-0.3199	_29790_	6
506	-0.3199	_09868_	1
506	-0.3199	_09866_	2
506	-0.3199	_13537_	2
506	-0.3199	_13535_	2
506	-0.3199	_09914_	2
506	-0.3199	_46995_	1
506	-0.3199	_43833_	1
506	-0.3199	_43830_	1
506	-0.3199	_45846_	1
506	-0.3199	_03151_	1
506	-0.3199	_16373_	10
506	-0.3199	systolic.data_queue[8][7]	2
507	-0.3199	_11923_	1
507	-0.3199	_26372_	1
507	-0.3199	_26371_	1
507	-0.3199	_26370_	1
507	-0.3199	_26359_	2
507	-0.3199	_26284_	2
507	-0.3199	_26279_	2
507	-0.3199	_26278_	1
507	-0.3199	_26275_	6
507	-0.3199	_07191_	1
507	-0.3199	_07189_	2
507	-0.3199	_15013_	2
507	-0.3199	_14987_	2
507	-0.3199	_07421_	2
507	-0.3199	_45620_	1
507	-0.3199	_45562_	1
507	-0.3199	_45549_	1
507	-0.3199	_45283_	1
507	-0.3199	_02903_	1
507	-0.3199	_15474_	10
507	-0.3199	systolic.data_queue[27][7]	2
508	-0.3188	_12099_	1
508	-0.3188	_27994_	1
508	-0.3188	_27993_	1
508	-0.3188	_27948_	2
508	-0.3188	_27946_	1
508	-0.3188	_27941_	1
508	-0.3188	_27940_	1
508	-0.3188	_27939_	5
508	-0.3188	_06484_	1
508	-0.3188	_06482_	2
508	-0.3188	_13521_	2
508	-0.3188	_13519_	1
508	-0.3188	_13517_	2
508	-0.3188	_13514_	1
508	-0.3188	_13195_	2
508	-0.3188	_13194_	2
508	-0.3188	_09303_	2
508	-0.3188	_41685_	1
508	-0.3188	_40155_	1
508	-0.3188	_40097_	1
508	-0.3188	_40094_	1
508	-0.3188	_01961_	1
508	-0.3188	_15897_	10
508	-0.3188	systolic.data_queue[18][7]	2
509	-0.3186	_11503_	1
509	-0.3186	_22420_	1
509	-0.3186	_22419_	1
509	-0.3186	_22418_	1
509	-0.3186	_22404_	2
509	-0.3186	_22308_	2
509	-0.3186	_22303_	2
509	-0.3186	_22302_	1
509	-0.3186	_22299_	6
509	-0.3186	_06209_	1
509	-0.3186	_06207_	2
509	-0.3186	_14570_	2
509	-0.3186	_14569_	2
509	-0.3186	_10117_	2
509	-0.3186	_40712_	1
509	-0.3186	_40709_	1
509	-0.3186	_45012_	1
509	-0.3186	_45010_	1
509	-0.3186	_02796_	1
509	-0.3186	_16625_	10
509	-0.3186	systolic.data_queue[48][7]	2
510	-0.3182	_11543_	1
510	-0.3182	_22793_	1
510	-0.3182	_22792_	1
510	-0.3182	_22791_	1
510	-0.3182	_22699_	3
510	-0.3182	_22696_	1
510	-0.3182	_22691_	2
510	-0.3182	_22690_	1
510	-0.3182	_22689_	6
510	-0.3182	_06021_	1
510	-0.3182	_06019_	2
510	-0.3182	_13718_	2
510	-0.3182	_13717_	2
510	-0.3182	_08877_	2
510	-0.3182	_47350_	1
510	-0.3182	_46121_	1
510	-0.3182	_46098_	1
510	-0.3182	_43031_	1
510	-0.3182	_01837_	1
510	-0.3182	_15958_	10
510	-0.3182	systolic.data_queue[46][7]	2
511	-0.3179	_12042_	1
511	-0.3179	_27470_	1
511	-0.3179	_27469_	1
511	-0.3179	_27468_	1
511	-0.3179	_27467_	1
511	-0.3179	_27427_	4
511	-0.3179	_27426_	2
511	-0.3179	_27418_	1
511	-0.3179	_27396_	5
511	-0.3179	_04373_	1
511	-0.3179	_04371_	2
511	-0.3179	_13985_	1
511	-0.3179	_13984_	1
511	-0.3179	_13798_	2
511	-0.3179	_13797_	2
511	-0.3179	_13796_	1
511	-0.3179	_09044_	3
511	-0.3179	_42774_	1
511	-0.3179	_42771_	1
511	-0.3179	_41018_	1
511	-0.3179	_41014_	1
511	-0.3179	_03616_	1
511	-0.3179	_16353_	10
511	-0.3179	systolic.data_queue[21][3]	1
512	-0.3178	_12180_	1
512	-0.3178	_28756_	1
512	-0.3178	_28755_	1
512	-0.3178	_28754_	1
512	-0.3178	_28753_	1
512	-0.3178	_28751_	1
512	-0.3178	_28750_	2
512	-0.3178	_28720_	2
512	-0.3178	_28716_	2
512	-0.3178	_28715_	1
512	-0.3178	_28676_	5
512	-0.3178	_06105_	1
512	-0.3178	_06103_	2
512	-0.3178	_13959_	2
512	-0.3178	_13958_	2
512	-0.3178	_07913_	2
512	-0.3178	_43599_	1
512	-0.3178	_42312_	1
512	-0.3178	_41171_	1
512	-0.3178	_41168_	1
512	-0.3178	_03333_	1
512	-0.3178	_15269_	10
512	-0.3178	systolic.data_queue[14][7]	2
513	-0.3176	_12422_	1
513	-0.3176	_30981_	1
513	-0.3176	_30980_	1
513	-0.3176	_30979_	1
513	-0.3176	_30961_	2
513	-0.3176	_30927_	3
513	-0.3176	_30926_	1
513	-0.3176	_30925_	2
513	-0.3176	_30874_	5
513	-0.3176	_07561_	1
513	-0.3176	_07559_	2
513	-0.3176	_13482_	4
513	-0.3176	_04556_	1
513	-0.3176	_42642_	1
513	-0.3176	_42639_	1
513	-0.3176	_43585_	1
513	-0.3176	_46800_	5
513	-0.3176	_04148_	2
513	-0.3176	_15670_	10
513	-0.3176	systolic.data_queue[2][0]	1
514	-0.3175	_11281_	1
514	-0.3175	_20209_	1
514	-0.3175	_20208_	1
514	-0.3175	_20207_	1
514	-0.3175	_20206_	1
514	-0.3175	_20205_	2
514	-0.3175	_20116_	2
514	-0.3175	_20112_	2
514	-0.3175	_20111_	1
514	-0.3175	_20109_	6
514	-0.3175	_09764_	1
514	-0.3175	_09762_	2
514	-0.3175	_14189_	2
514	-0.3175	_14187_	2
514	-0.3175	_08513_	2
514	-0.3175	_43643_	1
514	-0.3175	_43640_	1
514	-0.3175	_44355_	1
514	-0.3175	_44557_	1
514	-0.3175	_03305_	1
514	-0.3175	_16341_	10
514	-0.3175	systolic.data_queue[59][7]	2
515	-0.3173	_11223_	1
515	-0.3173	_19599_	1
515	-0.3173	_19598_	1
515	-0.3173	_19597_	1
515	-0.3173	_19596_	1
515	-0.3173	_19495_	3
515	-0.3173	_19494_	1
515	-0.3173	_19493_	5
515	-0.3173	_07157_	1
515	-0.3173	_07156_	2
515	-0.3173	_14494_	2
515	-0.3173	_14493_	1
515	-0.3173	_13677_	2
515	-0.3173	_13676_	2
515	-0.3173	_06839_	3
515	-0.3173	_43302_	1
515	-0.3173	_43300_	1
515	-0.3173	_44553_	1
515	-0.3173	_44514_	1
515	-0.3173	_02525_	1
515	-0.3173	_16669_	10
515	-0.3173	systolic.data_queue[62][7]	2
516	-0.3173	_11403_	1
516	-0.3173	_21452_	1
516	-0.3173	_21451_	1
516	-0.3173	_21450_	1
516	-0.3173	_21357_	3
516	-0.3173	_21354_	1
516	-0.3173	_21349_	2
516	-0.3173	_21348_	1
516	-0.3173	_21347_	6
516	-0.3173	_04706_	1
516	-0.3173	_04704_	2
516	-0.3173	_13144_	2
516	-0.3173	_13143_	2
516	-0.3173	_08660_	2
516	-0.3173	_43426_	1
516	-0.3173	_43319_	1
516	-0.3173	_43209_	1
516	-0.3173	_42255_	1
516	-0.3173	_01487_	1
516	-0.3173	_15652_	10
516	-0.3173	systolic.data_queue[53][7]	2
517	-0.3173	_12221_	1
517	-0.3173	_29122_	1
517	-0.3173	_29121_	1
517	-0.3173	_29120_	1
517	-0.3173	_29059_	2
517	-0.3173	_29058_	2
517	-0.3173	_29053_	2
517	-0.3173	_29040_	1
517	-0.3173	_07764_	4
517	-0.3173	_07763_	2
517	-0.3173	_14161_	2
517	-0.3173	_14159_	1
517	-0.3173	_13593_	4
517	-0.3173	_09498_	1
517	-0.3173	_41098_	1
517	-0.3173	_41095_	1
517	-0.3173	_45527_	1
517	-0.3173	_46026_	5
517	-0.3173	_04224_	2
517	-0.3173	_16544_	10
517	-0.3173	systolic.data_queue[12][0]	1
518	-0.3172	_11782_	1
518	-0.3172	_25061_	1
518	-0.3172	_25060_	1
518	-0.3172	_25059_	1
518	-0.3172	_25043_	2
518	-0.3172	_25011_	2
518	-0.3172	_25007_	2
518	-0.3172	_25006_	1
518	-0.3172	_24947_	5
518	-0.3172	_07472_	1
518	-0.3172	_07470_	2
518	-0.3172	_14309_	2
518	-0.3172	_14308_	2
518	-0.3172	_06269_	2
518	-0.3172	_44317_	1
518	-0.3172	_44255_	1
518	-0.3172	_44080_	1
518	-0.3172	_43917_	1
518	-0.3172	_02265_	1
518	-0.3172	_15615_	10
518	-0.3172	systolic.data_queue[34][7]	2
519	-0.3168	_11425_	1
519	-0.3168	_21650_	1
519	-0.3168	_21649_	1
519	-0.3168	_21648_	1
519	-0.3168	_21647_	1
519	-0.3168	_21544_	2
519	-0.3168	_21541_	1
519	-0.3168	_21540_	1
519	-0.3168	_21539_	5
519	-0.3168	_05188_	1
519	-0.3168	_05186_	2
519	-0.3168	_15119_	2
519	-0.3168	_15118_	2
519	-0.3168	_07141_	2
519	-0.3168	_47104_	1
519	-0.3168	_46658_	1
519	-0.3168	_46528_	1
519	-0.3168	_46467_	1
519	-0.3168	_03606_	1
519	-0.3168	_16543_	10
519	-0.3168	systolic.data_queue[52][7]	2
520	-0.3164	_11962_	1
520	-0.3164	_26719_	1
520	-0.3164	_26718_	1
520	-0.3164	_26717_	1
520	-0.3164	_26716_	1
520	-0.3164	_26715_	1
520	-0.3164	_26664_	2
520	-0.3164	_26662_	1
520	-0.3164	_26649_	5
520	-0.3164	_08775_	1
520	-0.3164	_08773_	2
520	-0.3164	_14517_	2
520	-0.3164	_14516_	1
520	-0.3164	_14430_	4
520	-0.3164	_08892_	1
520	-0.3164	_40790_	1
520	-0.3164	_40779_	1
520	-0.3164	_40778_	1
520	-0.3164	_40691_	5
520	-0.3164	_03051_	2
520	-0.3164	_15818_	10
520	-0.3164	systolic.data_queue[25][0]	1
521	-0.3162	_12343_	1
521	-0.3162	_30261_	1
521	-0.3162	_30260_	1
521	-0.3162	_30259_	1
521	-0.3162	_30248_	2
521	-0.3162	_30172_	2
521	-0.3162	_30167_	2
521	-0.3162	_30166_	1
521	-0.3162	_30163_	6
521	-0.3162	_05876_	1
521	-0.3162	_05874_	2
521	-0.3162	_14014_	2
521	-0.3162	_14012_	2
521	-0.3162	_08852_	2
521	-0.3162	_47597_	1
521	-0.3162	_43858_	1
521	-0.3162	_43793_	1
521	-0.3162	_43777_	1
521	-0.3162	_02188_	1
521	-0.3162	_16064_	10
521	-0.3162	systolic.data_queue[6][7]	2
522	-0.3160	_11862_	1
522	-0.3160	_25806_	1
522	-0.3160	_25805_	1
522	-0.3160	_25804_	1
522	-0.3160	_25803_	1
522	-0.3160	_25802_	1
522	-0.3160	_25755_	2
522	-0.3160	_25754_	1
522	-0.3160	_10228_	4
522	-0.3160	_10226_	2
522	-0.3160	_16864_	2
522	-0.3160	_16862_	1
522	-0.3160	_16861_	2
522	-0.3160	_16860_	2
522	-0.3160	_08011_	2
522	-0.3160	_47671_	1
522	-0.3160	_47584_	1
522	-0.3160	_47506_	1
522	-0.3160	_47478_	1
522	-0.3160	_04165_	1
522	-0.3160	_15286_	10
522	-0.3160	systolic.data_queue[30][7]	2
523	-0.3160	_11521_	1
523	-0.3160	_22601_	1
523	-0.3160	_22600_	1
523	-0.3160	_22599_	1
523	-0.3160	_22598_	1
523	-0.3160	_22597_	1
523	-0.3160	_22520_	2
523	-0.3160	_22514_	2
523	-0.3160	_22513_	1
523	-0.3160	_22512_	5
523	-0.3160	_09105_	1
523	-0.3160	_09103_	2
523	-0.3160	_14268_	2
523	-0.3160	_14266_	2
523	-0.3160	_07315_	2
523	-0.3160	_46847_	1
523	-0.3160	_45344_	1
523	-0.3160	_45183_	1
523	-0.3160	_45182_	1
523	-0.3160	_03509_	1
523	-0.3160	_16293_	9
523	-0.3160	systolic.data_queue[47][7]	2
524	-0.3158	_12143_	1
524	-0.3158	_28406_	1
524	-0.3158	_28405_	1
524	-0.3158	_28404_	1
524	-0.3158	_28321_	3
524	-0.3158	_28320_	2
524	-0.3158	_28317_	1
524	-0.3158	_28316_	1
524	-0.3158	_28313_	5
524	-0.3158	_07479_	1
524	-0.3158	_07477_	2
524	-0.3158	_16464_	2
524	-0.3158	_15292_	2
524	-0.3158	_06547_	2
524	-0.3158	_47404_	1
524	-0.3158	_47307_	1
524	-0.3158	_46493_	1
524	-0.3158	_46490_	1
524	-0.3158	_04107_	1
524	-0.3158	_16527_	10
524	-0.3158	systolic.data_queue[16][7]	2
525	-0.3156	_11642_	1
525	-0.3156	_23716_	1
525	-0.3156	_23715_	1
525	-0.3156	_23714_	1
525	-0.3156	_23699_	2
525	-0.3156	_23667_	2
525	-0.3156	_23666_	1
525	-0.3156	_23641_	5
525	-0.3156	_07544_	1
525	-0.3156	_07543_	2
525	-0.3156	_13532_	2
525	-0.3156	_13531_	1
525	-0.3156	_13523_	1
525	-0.3156	_13522_	4
525	-0.3156	_07474_	1
525	-0.3156	_41637_	1
525	-0.3156	_41635_	1
525	-0.3156	_41041_	1
525	-0.3156	_41003_	5
525	-0.3156	_00990_	2
525	-0.3156	_15653_	10
525	-0.3156	systolic.data_queue[41][0]	1
526	-0.3151	_11320_	1
526	-0.3151	_20642_	1
526	-0.3151	_20640_	1
526	-0.3151	_20639_	1
526	-0.3151	_20638_	1
526	-0.3151	_20637_	1
526	-0.3151	_20636_	2
526	-0.3151	_20634_	1
526	-0.3151	_20583_	2
526	-0.3151	_20582_	1
526	-0.3151	_07996_	4
526	-0.3151	_07994_	2
526	-0.3151	_13218_	2
526	-0.3151	_13216_	1
526	-0.3151	_13204_	2
526	-0.3151	_13202_	2
526	-0.3151	_06023_	2
526	-0.3151	_42187_	1
526	-0.3151	_42185_	1
526	-0.3151	_42212_	1
526	-0.3151	_41316_	1
526	-0.3151	_01135_	1
526	-0.3151	_15765_	10
526	-0.3151	systolic.data_queue[57][7]	2
527	-0.3147	_11240_	1
527	-0.3147	_19785_	1
527	-0.3147	_19766_	2
527	-0.3147	_19741_	2
527	-0.3147	_19740_	1
527	-0.3147	_19708_	6
527	-0.3147	_06990_	1
527	-0.3147	_06988_	2
527	-0.3147	_14591_	1
527	-0.3147	_14589_	1
527	-0.3147	_14588_	2
527	-0.3147	_14586_	1
527	-0.3147	_14585_	2
527	-0.3147	_14582_	1
527	-0.3147	_14581_	2
527	-0.3147	_14579_	2
527	-0.3147	_09483_	2
527	-0.3147	_46604_	1
527	-0.3147	_44963_	1
527	-0.3147	_44764_	1
527	-0.3147	_44761_	1
527	-0.3147	_03729_	1
527	-0.3147	_16577_	10
527	-0.3147	systolic.data_queue[61][7]	2
528	-0.3146	_12241_	1
528	-0.3146	_29308_	1
528	-0.3146	_29307_	1
528	-0.3146	_29306_	1
528	-0.3146	_29305_	1
528	-0.3146	_29304_	2
528	-0.3146	_29234_	2
528	-0.3146	_29229_	2
528	-0.3146	_29228_	1
528	-0.3146	_29227_	6
528	-0.3146	_07941_	1
528	-0.3146	_07939_	2
528	-0.3146	_14131_	2
528	-0.3146	_14129_	2
528	-0.3146	_10217_	2
528	-0.3146	_45455_	1
528	-0.3146	_45429_	1
528	-0.3146	_44200_	1
528	-0.3146	_44198_	1
528	-0.3146	_02931_	1
528	-0.3146	_16016_	10
528	-0.3146	systolic.data_queue[11][7]	2
529	-0.3143	_11283_	1
529	-0.3143	_20227_	1
529	-0.3143	_20226_	1
529	-0.3143	_20225_	1
529	-0.3143	_20205_	2
529	-0.3143	_20116_	2
529	-0.3143	_20112_	2
529	-0.3143	_20111_	1
529	-0.3143	_20109_	6
529	-0.3143	_09764_	1
529	-0.3143	_09762_	2
529	-0.3143	_14189_	2
529	-0.3143	_14187_	2
529	-0.3143	_08513_	2
529	-0.3143	_43643_	1
529	-0.3143	_43640_	1
529	-0.3143	_44355_	1
529	-0.3143	_44557_	1
529	-0.3143	_03305_	1
529	-0.3143	_16341_	10
529	-0.3143	systolic.data_queue[59][7]	2
530	-0.3140	_12140_	1
530	-0.3140	_28392_	1
530	-0.3140	_28353_	3
530	-0.3140	_28335_	1
530	-0.3140	_28287_	6
530	-0.3140	_04442_	1
530	-0.3140	_04440_	2
530	-0.3140	_16471_	1
530	-0.3140	_16470_	1
530	-0.3140	_16469_	2
530	-0.3140	_16468_	1
530	-0.3140	_16467_	2
530	-0.3140	_16465_	1
530	-0.3140	_16464_	2
530	-0.3140	_15292_	2
530	-0.3140	_06547_	2
530	-0.3140	_47404_	1
530	-0.3140	_47307_	1
530	-0.3140	_46493_	1
530	-0.3140	_46490_	1
530	-0.3140	_04107_	1
530	-0.3140	_16527_	10
530	-0.3140	systolic.data_queue[16][7]	2
531	-0.3134	_11802_	1
531	-0.3134	_25233_	1
531	-0.3134	_25232_	1
531	-0.3134	_25231_	1
531	-0.3134	_25230_	1
531	-0.3134	_25229_	1
531	-0.3134	_25228_	1
531	-0.3134	_25227_	1
531	-0.3134	_25183_	2
531	-0.3134	_25174_	1
531	-0.3134	_25155_	5
531	-0.3134	_07507_	1
531	-0.3134	_07505_	2
531	-0.3134	_13505_	2
531	-0.3134	_13502_	1
531	-0.3134	_13501_	2
531	-0.3134	_13499_	2
531	-0.3134	_05123_	2
531	-0.3134	_47280_	1
531	-0.3134	_42321_	1
531	-0.3134	_42319_	1
531	-0.3134	_46105_	1
531	-0.3134	_03374_	1
531	-0.3134	_16460_	10
531	-0.3134	systolic.data_queue[33][7]	2
532	-0.3130	_11640_	1
532	-0.3130	_23704_	1
532	-0.3130	_23703_	1
532	-0.3130	_23702_	1
532	-0.3130	_23701_	1
532	-0.3130	_23699_	2
532	-0.3130	_23667_	2
532	-0.3130	_23666_	1
532	-0.3130	_23641_	5
532	-0.3130	_07544_	1
532	-0.3130	_07543_	2
532	-0.3130	_13532_	2
532	-0.3130	_13531_	1
532	-0.3130	_13523_	1
532	-0.3130	_13522_	4
532	-0.3130	_07474_	1
532	-0.3130	_41637_	1
532	-0.3130	_41635_	1
532	-0.3130	_41041_	1
532	-0.3130	_41003_	5
532	-0.3130	_00990_	2
532	-0.3130	_15653_	10
532	-0.3130	systolic.data_queue[41][0]	1
533	-0.3125	_12101_	1
533	-0.3125	_28009_	1
533	-0.3125	_28008_	1
533	-0.3125	_28007_	1
533	-0.3125	_28006_	1
533	-0.3125	_28005_	2
533	-0.3125	_27933_	2
533	-0.3125	_27927_	2
533	-0.3125	_27926_	1
533	-0.3125	_27924_	6
533	-0.3125	_07424_	1
533	-0.3125	_07422_	2
533	-0.3125	_13195_	2
533	-0.3125	_13194_	2
533	-0.3125	_09303_	2
533	-0.3125	_41685_	1
533	-0.3125	_40155_	1
533	-0.3125	_40097_	1
533	-0.3125	_40094_	1
533	-0.3125	_01961_	1
533	-0.3125	_15897_	10
533	-0.3125	systolic.data_queue[18][7]	2
534	-0.3124	_11982_	1
534	-0.3124	_26927_	1
534	-0.3124	_26924_	1
534	-0.3124	_26923_	1
534	-0.3124	_26874_	3
534	-0.3124	_26873_	2
534	-0.3124	_26863_	1
534	-0.3124	_26862_	1
534	-0.3124	_26809_	5
534	-0.3124	_08793_	1
534	-0.3124	_08791_	2
534	-0.3124	_14712_	1
534	-0.3124	_14711_	1
534	-0.3124	_14688_	2
534	-0.3124	_14687_	2
534	-0.3124	_14686_	1
534	-0.3124	_07164_	3
534	-0.3124	_45079_	1
534	-0.3124	_44837_	1
534	-0.3124	_44660_	1
534	-0.3124	_44639_	1
534	-0.3124	_02583_	1
534	-0.3124	_15591_	10
534	-0.3124	systolic.data_queue[24][3]	1
535	-0.3124	_12141_	1
535	-0.3124	_28397_	1
535	-0.3124	_28396_	1
535	-0.3124	_28395_	1
535	-0.3124	_28394_	1
535	-0.3124	_28321_	3
535	-0.3124	_28320_	2
535	-0.3124	_28317_	1
535	-0.3124	_28316_	1
535	-0.3124	_28313_	5
535	-0.3124	_07479_	1
535	-0.3124	_07477_	2
535	-0.3124	_16464_	2
535	-0.3124	_15292_	2
535	-0.3124	_06547_	2
535	-0.3124	_47404_	1
535	-0.3124	_47307_	1
535	-0.3124	_46493_	1
535	-0.3124	_46490_	1
535	-0.3124	_04107_	1
535	-0.3124	_16527_	10
535	-0.3124	systolic.data_queue[16][7]	2
536	-0.3123	_11643_	1
536	-0.3123	_23720_	1
536	-0.3123	_23719_	1
536	-0.3123	_23718_	1
536	-0.3123	_23709_	2
536	-0.3123	_23633_	2
536	-0.3123	_23627_	2
536	-0.3123	_23626_	1
536	-0.3123	_23623_	5
536	-0.3123	_08658_	1
536	-0.3123	_08656_	2
536	-0.3123	_13542_	2
536	-0.3123	_13540_	2
536	-0.3123	_06944_	2
536	-0.3123	_41767_	1
536	-0.3123	_41653_	1
536	-0.3123	_41430_	1
536	-0.3123	_41205_	1
536	-0.3123	_01110_	1
536	-0.3123	_15669_	10
536	-0.3123	systolic.data_queue[41][7]	2
537	-0.3122	_12460_	1
537	-0.3122	_31343_	1
537	-0.3122	_31342_	1
537	-0.3122	_31341_	1
537	-0.3122	_31340_	1
537	-0.3122	_31305_	2
537	-0.3122	_31301_	1
537	-0.3122	_31294_	1
537	-0.3122	_31278_	5
537	-0.3122	_10281_	1
537	-0.3122	_10279_	2
537	-0.3122	_17050_	2
537	-0.3122	_17049_	1
537	-0.3122	_17048_	2
537	-0.3122	_17047_	2
537	-0.3122	_08965_	2
537	-0.3122	_47558_	1
537	-0.3122	_47556_	1
537	-0.3122	_47222_	1
537	-0.3122	_40585_	1
537	-0.3122	_00836_	1
537	-0.3122	_15458_	10
537	-0.3122	systolic.data_queue[0][7]	2
538	-0.3121	_12421_	1
538	-0.3121	_30975_	1
538	-0.3121	_30974_	1
538	-0.3121	_30973_	1
538	-0.3121	_30972_	1
538	-0.3121	_30971_	1
538	-0.3121	_30969_	2
538	-0.3121	_30883_	2
538	-0.3121	_30878_	2
538	-0.3121	_30877_	1
538	-0.3121	_30874_	5
538	-0.3121	_07561_	1
538	-0.3121	_07559_	2
538	-0.3121	_13486_	2
538	-0.3121	_13485_	2
538	-0.3121	_09612_	2
538	-0.3121	_44414_	1
538	-0.3121	_42694_	1
538	-0.3121	_40231_	1
538	-0.3121	_40228_	1
538	-0.3121	_02473_	1
538	-0.3121	_15687_	10
538	-0.3121	systolic.data_queue[2][7]	2
539	-0.3119	_11340_	1
539	-0.3119	_20866_	1
539	-0.3119	_20862_	1
539	-0.3119	_20822_	3
539	-0.3119	_20821_	1
539	-0.3119	_20820_	3
539	-0.3119	_09039_	3
539	-0.3119	_09037_	2
539	-0.3119	_15739_	1
539	-0.3119	_15738_	1
539	-0.3119	_15737_	2
539	-0.3119	_15735_	1
539	-0.3119	_15734_	2
539	-0.3119	_15732_	1
539	-0.3119	_15731_	2
539	-0.3119	_15730_	2
539	-0.3119	_05197_	2
539	-0.3119	_46756_	1
539	-0.3119	_46710_	1
539	-0.3119	_46683_	1
539	-0.3119	_46633_	1
539	-0.3119	_03751_	1
539	-0.3119	_15393_	10
539	-0.3119	systolic.data_queue[56][7]	2
540	-0.3115	_11601_	1
540	-0.3115	_23337_	1
540	-0.3115	_23334_	1
540	-0.3115	_23333_	1
540	-0.3115	_23332_	1
540	-0.3115	_23331_	2
540	-0.3115	_23257_	2
540	-0.3115	_23252_	2
540	-0.3115	_23251_	1
540	-0.3115	_23249_	6
540	-0.3115	_09721_	1
540	-0.3115	_09719_	2
540	-0.3115	_14521_	2
540	-0.3115	_14502_	2
540	-0.3115	_05713_	2
540	-0.3115	_44520_	1
540	-0.3115	_44046_	1
540	-0.3115	_43992_	1
540	-0.3115	_43531_	1
540	-0.3115	_02059_	1
540	-0.3115	_15494_	10
540	-0.3115	systolic.data_queue[43][7]	2
541	-0.3111	_11684_	1
541	-0.3111	_24130_	1
541	-0.3111	_24129_	1
541	-0.3111	_24128_	1
541	-0.3111	_24074_	4
541	-0.3111	_24062_	1
541	-0.3111	_24036_	5
541	-0.3111	_06705_	1
541	-0.3111	_06703_	2
541	-0.3111	_13434_	2
541	-0.3111	_13432_	1
541	-0.3111	_13326_	4
541	-0.3111	_10094_	1
541	-0.3111	_44904_	1
541	-0.3111	_44794_	1
541	-0.3111	_44714_	1
541	-0.3111	_40346_	5
541	-0.3111	_02604_	2
541	-0.3111	_16627_	9
541	-0.3111	systolic.weight_queue[39][7]	1
542	-0.3111	_12282_	1
542	-0.3111	_29687_	1
542	-0.3111	_29686_	1
542	-0.3111	_29685_	1
542	-0.3111	_29669_	2
542	-0.3111	_29636_	2
542	-0.3111	_29635_	2
542	-0.3111	_07680_	4
542	-0.3111	_07679_	2
542	-0.3111	_13454_	2
542	-0.3111	_13453_	1
542	-0.3111	_13450_	1
542	-0.3111	_13251_	4
542	-0.3111	_06322_	1
542	-0.3111	_45368_	1
542	-0.3111	_45366_	1
542	-0.3111	_40863_	1
542	-0.3111	_40705_	5
542	-0.3111	_02828_	2
542	-0.3111	_16594_	10
542	-0.3111	systolic.data_queue[9][0]	1
543	-0.3107	_11903_	1
543	-0.3107	_26185_	1
543	-0.3107	_26184_	1
543	-0.3107	_26183_	1
543	-0.3107	_26182_	1
543	-0.3107	_26108_	3
543	-0.3107	_26107_	1
543	-0.3107	_26102_	2
543	-0.3107	_26092_	1
543	-0.3107	_26089_	6
543	-0.3107	_06522_	1
543	-0.3107	_06520_	2
543	-0.3107	_13588_	2
543	-0.3107	_13587_	2
543	-0.3107	_05015_	2
543	-0.3107	_42499_	1
543	-0.3107	_42497_	1
543	-0.3107	_46898_	1
543	-0.3107	_46092_	1
543	-0.3107	_03356_	1
543	-0.3107	_16117_	10
543	-0.3107	systolic.data_queue[28][7]	2
544	-0.3106	_12461_	1
544	-0.3106	_31352_	1
544	-0.3106	_31347_	1
544	-0.3106	_31283_	3
544	-0.3106	_31281_	3
544	-0.3106	_31274_	1
544	-0.3106	_31272_	2
544	-0.3106	_31271_	1
544	-0.3106	_31267_	6
544	-0.3106	_08289_	1
544	-0.3106	_08287_	2
544	-0.3106	_17048_	2
544	-0.3106	_17047_	2
544	-0.3106	_08965_	2
544	-0.3106	_47558_	1
544	-0.3106	_47556_	1
544	-0.3106	_47222_	1
544	-0.3106	_40585_	1
544	-0.3106	_00836_	1
544	-0.3106	_15458_	10
544	-0.3106	systolic.data_queue[0][7]	2
545	-0.3106	_11822_	1
545	-0.3106	_25448_	1
545	-0.3106	_25447_	1
545	-0.3106	_25445_	1
545	-0.3106	_25444_	1
545	-0.3106	_25443_	1
545	-0.3106	_25378_	2
545	-0.3106	_25376_	1
545	-0.3106	_25352_	5
545	-0.3106	_05370_	1
545	-0.3106	_05368_	2
545	-0.3106	_14404_	2
545	-0.3106	_14402_	1
545	-0.3106	_14383_	4
545	-0.3106	_08828_	1
545	-0.3106	_47250_	1
545	-0.3106	_47248_	1
545	-0.3106	_44270_	1
545	-0.3106	_44261_	5
545	-0.3106	_04057_	2
545	-0.3106	_16017_	10
545	-0.3106	systolic.data_queue[32][0]	1
546	-0.3097	_11683_	1
546	-0.3097	_24122_	1
546	-0.3097	_24121_	1
546	-0.3097	_24120_	1
546	-0.3097	_24037_	3
546	-0.3097	_24035_	2
546	-0.3097	_24032_	1
546	-0.3097	_24031_	1
546	-0.3097	_24029_	6
546	-0.3097	_06711_	1
546	-0.3097	_06709_	2
546	-0.3097	_13431_	2
546	-0.3097	_13429_	2
546	-0.3097	_05577_	2
546	-0.3097	_47744_	1
546	-0.3097	_44797_	1
546	-0.3097	_44759_	1
546	-0.3097	_44237_	1
546	-0.3097	_02380_	1
546	-0.3097	_16633_	9
546	-0.3097	systolic.weight_queue[39][1]	1
547	-0.3097	_12183_	1
547	-0.3097	_28774_	1
547	-0.3097	_28772_	1
547	-0.3097	_28771_	1
547	-0.3097	_28760_	2
547	-0.3097	_28684_	2
547	-0.3097	_28678_	2
547	-0.3097	_28677_	1
547	-0.3097	_28676_	5
547	-0.3097	_06105_	1
547	-0.3097	_06103_	2
547	-0.3097	_13959_	2
547	-0.3097	_13958_	2
547	-0.3097	_07913_	2
547	-0.3097	_43599_	1
547	-0.3097	_42312_	1
547	-0.3097	_41171_	1
547	-0.3097	_41168_	1
547	-0.3097	_03333_	1
547	-0.3097	_15269_	10
547	-0.3097	systolic.data_queue[14][7]	2
548	-0.3097	_12103_	1
548	-0.3097	_28020_	1
548	-0.3097	_28019_	1
548	-0.3097	_28005_	2
548	-0.3097	_27933_	2
548	-0.3097	_27927_	2
548	-0.3097	_27926_	1
548	-0.3097	_27924_	6
548	-0.3097	_07424_	1
548	-0.3097	_07422_	2
548	-0.3097	_13195_	2
548	-0.3097	_13194_	2
548	-0.3097	_09303_	2
548	-0.3097	_41685_	1
548	-0.3097	_40155_	1
548	-0.3097	_40097_	1
548	-0.3097	_40094_	1
548	-0.3097	_01961_	1
548	-0.3097	_15897_	10
548	-0.3097	systolic.data_queue[18][7]	2
549	-0.3089	_12160_	1
549	-0.3089	_28574_	1
549	-0.3089	_28573_	1
549	-0.3089	_28572_	1
549	-0.3089	_28545_	2
549	-0.3089	_28542_	2
549	-0.3089	_28533_	1
549	-0.3089	_09177_	3
549	-0.3089	_09175_	2
549	-0.3089	_13409_	2
549	-0.3089	_13407_	1
549	-0.3089	_13406_	2
549	-0.3089	_13405_	2
549	-0.3089	_09960_	2
549	-0.3089	_43139_	1
549	-0.3089	_42441_	1
549	-0.3089	_42055_	1
549	-0.3089	_41966_	1
549	-0.3089	_01393_	1
549	-0.3089	_15412_	9
549	-0.3089	systolic.weight_queue[15][1]	1
550	-0.3086	_11780_	1
550	-0.3086	_25048_	1
550	-0.3086	_25047_	1
550	-0.3086	_25046_	1
550	-0.3086	_25045_	1
550	-0.3086	_25043_	2
550	-0.3086	_25011_	2
550	-0.3086	_25007_	2
550	-0.3086	_25006_	1
550	-0.3086	_24947_	5
550	-0.3086	_07472_	1
550	-0.3086	_07470_	2
550	-0.3086	_14309_	2
550	-0.3086	_14308_	2
550	-0.3086	_06269_	2
550	-0.3086	_44317_	1
550	-0.3086	_44255_	1
550	-0.3086	_44080_	1
550	-0.3086	_43917_	1
550	-0.3086	_02265_	1
550	-0.3086	_15615_	10
550	-0.3086	systolic.data_queue[34][7]	2
551	-0.3086	_12383_	1
551	-0.3086	_30610_	1
551	-0.3086	_30609_	1
551	-0.3086	_30595_	2
551	-0.3086	_30525_	2
551	-0.3086	_30519_	2
551	-0.3086	_30518_	1
551	-0.3086	_30516_	6
551	-0.3086	_08348_	1
551	-0.3086	_08346_	2
551	-0.3086	_14420_	2
551	-0.3086	_13972_	2
551	-0.3086	_08509_	2
551	-0.3086	_40358_	1
551	-0.3086	_40339_	1
551	-0.3086	_40337_	1
551	-0.3086	_40307_	1
551	-0.3086	_00733_	1
551	-0.3086	_15881_	10
551	-0.3086	systolic.data_queue[4][7]	2
552	-0.3074	_11620_	1
552	-0.3074	_23518_	1
552	-0.3074	_23517_	1
552	-0.3074	_23516_	1
552	-0.3074	_23504_	2
552	-0.3074	_23503_	1
552	-0.3074	_23484_	3
552	-0.3074	_23483_	2
552	-0.3074	_23475_	1
552	-0.3074	_23446_	5
552	-0.3074	_06676_	1
552	-0.3074	_06674_	2
552	-0.3074	_13858_	1
552	-0.3074	_13857_	1
552	-0.3074	_13856_	2
552	-0.3074	_13855_	2
552	-0.3074	_13854_	1
552	-0.3074	_08830_	3
552	-0.3074	_40607_	1
552	-0.3074	_40571_	1
552	-0.3074	_40569_	1
552	-0.3074	_43800_	1
552	-0.3074	_02204_	1
552	-0.3074	_15861_	10
552	-0.3074	systolic.data_queue[42][3]	1
553	-0.3072	_12442_	1
553	-0.3072	_31166_	1
553	-0.3072	_31165_	1
553	-0.3072	_31164_	1
553	-0.3072	_31149_	2
553	-0.3072	_31106_	2
553	-0.3072	_31105_	1
553	-0.3072	_05231_	3
553	-0.3072	_05229_	2
553	-0.3072	_15095_	2
553	-0.3072	_15093_	1
553	-0.3072	_15092_	2
553	-0.3072	_15091_	2
553	-0.3072	_10126_	2
553	-0.3072	_45877_	1
553	-0.3072	_45695_	1
553	-0.3072	_45686_	1
553	-0.3072	_45684_	1
553	-0.3072	_03109_	1
553	-0.3072	_15578_	10
553	-0.3072	systolic.data_queue[1][7]	2
554	-0.3072	_11344_	1
554	-0.3072	_20900_	1
554	-0.3072	_20899_	1
554	-0.3072	_20898_	1
554	-0.3072	_20897_	1
554	-0.3072	_20810_	2
554	-0.3072	_20804_	1
554	-0.3072	_20769_	6
554	-0.3072	_08248_	1
554	-0.3072	_08246_	2
554	-0.3072	_15731_	2
554	-0.3072	_15730_	2
554	-0.3072	_05197_	2
554	-0.3072	_46756_	1
554	-0.3072	_46710_	1
554	-0.3072	_46683_	1
554	-0.3072	_46633_	1
554	-0.3072	_03751_	1
554	-0.3072	_15393_	10
554	-0.3072	systolic.data_queue[56][7]	2
555	-0.3071	_12443_	1
555	-0.3071	_31170_	1
555	-0.3071	_31169_	1
555	-0.3071	_31168_	1
555	-0.3071	_31089_	3
555	-0.3071	_31088_	1
555	-0.3071	_31083_	2
555	-0.3071	_31082_	1
555	-0.3071	_31079_	6
555	-0.3071	_09724_	1
555	-0.3071	_09722_	2
555	-0.3071	_15092_	2
555	-0.3071	_15091_	2
555	-0.3071	_10126_	2
555	-0.3071	_45877_	1
555	-0.3071	_45695_	1
555	-0.3071	_45686_	1
555	-0.3071	_45684_	1
555	-0.3071	_03109_	1
555	-0.3071	_15578_	10
555	-0.3071	systolic.data_queue[1][7]	2
556	-0.3068	_11983_	1
556	-0.3068	_26931_	1
556	-0.3068	_26930_	1
556	-0.3068	_26929_	1
556	-0.3068	_26836_	3
556	-0.3068	_26835_	1
556	-0.3068	_26830_	2
556	-0.3068	_26829_	1
556	-0.3068	_26826_	6
556	-0.3068	_10160_	1
556	-0.3068	_10158_	2
556	-0.3068	_14700_	2
556	-0.3068	_14699_	2
556	-0.3068	_07309_	2
556	-0.3068	_45076_	1
556	-0.3068	_44986_	1
556	-0.3068	_44821_	1
556	-0.3068	_44820_	1
556	-0.3068	_02763_	1
556	-0.3068	_15596_	10
556	-0.3068	systolic.data_queue[24][7]	2
557	-0.3067	_12402_	1
557	-0.3067	_30790_	1
557	-0.3067	_30789_	1
557	-0.3067	_30788_	1
557	-0.3067	_30772_	2
557	-0.3067	_30731_	2
557	-0.3067	_30730_	1
557	-0.3067	_07299_	3
557	-0.3067	_07297_	2
557	-0.3067	_15490_	2
557	-0.3067	_15488_	1
557	-0.3067	_13424_	2
557	-0.3067	_13423_	2
557	-0.3067	_09289_	2
557	-0.3067	_42572_	1
557	-0.3067	_42531_	1
557	-0.3067	_40904_	1
557	-0.3067	_40901_	1
557	-0.3067	_02718_	1
557	-0.3067	_15801_	10
557	-0.3067	systolic.data_queue[3][7]	2
558	-0.3064	_11922_	1
558	-0.3064	_26368_	1
558	-0.3064	_26367_	1
558	-0.3064	_26366_	1
558	-0.3064	_26351_	2
558	-0.3064	_26320_	2
558	-0.3064	_26319_	1
558	-0.3064	_26293_	5
558	-0.3064	_06868_	1
558	-0.3064	_06867_	2
558	-0.3064	_14972_	2
558	-0.3064	_14971_	1
558	-0.3064	_14963_	1
558	-0.3064	_14962_	4
558	-0.3064	_04742_	1
558	-0.3064	_45614_	1
558	-0.3064	_45559_	1
558	-0.3064	_45044_	1
558	-0.3064	_45019_	5
558	-0.3064	_02714_	2
558	-0.3064	_15459_	10
558	-0.3064	systolic.data_queue[27][0]	1
559	-0.3063	_11239_	1
559	-0.3063	_19776_	1
559	-0.3063	_19775_	1
559	-0.3063	_19774_	1
559	-0.3063	_19773_	1
559	-0.3063	_19705_	3
559	-0.3063	_19675_	1
559	-0.3063	_19668_	6
559	-0.3063	_06995_	1
559	-0.3063	_06993_	2
559	-0.3063	_14604_	1
559	-0.3063	_14603_	2
559	-0.3063	_14602_	1
559	-0.3063	_14601_	2
559	-0.3063	_14600_	1
559	-0.3063	_14593_	1
559	-0.3063	_14583_	4
559	-0.3063	_07208_	1
559	-0.3063	_44918_	1
559	-0.3063	_44916_	1
559	-0.3063	_40766_	1
559	-0.3063	_40763_	5
559	-0.3063	_03779_	2
559	-0.3063	_16560_	10
559	-0.3063	systolic.data_queue[61][0]	1
560	-0.3061	_12062_	1
560	-0.3061	_27662_	1
560	-0.3061	_27661_	1
560	-0.3061	_27660_	1
560	-0.3061	_27644_	2
560	-0.3061	_27606_	2
560	-0.3061	_27605_	1
560	-0.3061	_27558_	5
560	-0.3061	_08973_	1
560	-0.3061	_08972_	2
560	-0.3061	_15233_	2
560	-0.3061	_15232_	1
560	-0.3061	_14618_	4
560	-0.3061	_09534_	1
560	-0.3061	_45766_	1
560	-0.3061	_44945_	1
560	-0.3061	_44360_	1
560	-0.3061	_42221_	5
560	-0.3061	_02168_	2
560	-0.3061	_16216_	10
560	-0.3061	systolic.data_queue[20][0]	1
561	-0.3061	_12040_	1
561	-0.3061	_27458_	1
561	-0.3061	_27444_	2
561	-0.3061	_27428_	2
561	-0.3061	_27367_	5
561	-0.3061	_05234_	1
561	-0.3061	_05232_	2
561	-0.3061	_13816_	1
561	-0.3061	_13815_	1
561	-0.3061	_13814_	2
561	-0.3061	_13813_	1
561	-0.3061	_13812_	2
561	-0.3061	_13810_	1
561	-0.3061	_13809_	2
561	-0.3061	_13808_	2
561	-0.3061	_04591_	2
561	-0.3061	_42769_	1
561	-0.3061	_42767_	1
561	-0.3061	_44012_	1
561	-0.3061	_40997_	1
561	-0.3061	_01044_	1
561	-0.3061	_16357_	10
561	-0.3061	systolic.data_queue[21][7]	2
562	-0.3059	_12403_	1
562	-0.3059	_30794_	1
562	-0.3059	_30793_	1
562	-0.3059	_30792_	1
562	-0.3059	_30714_	3
562	-0.3059	_30713_	1
562	-0.3059	_30708_	2
562	-0.3059	_30707_	1
562	-0.3059	_30704_	6
562	-0.3059	_07307_	1
562	-0.3059	_07305_	2
562	-0.3059	_13424_	2
562	-0.3059	_13423_	2
562	-0.3059	_09289_	2
562	-0.3059	_42572_	1
562	-0.3059	_42531_	1
562	-0.3059	_40904_	1
562	-0.3059	_40901_	1
562	-0.3059	_02718_	1
562	-0.3059	_15801_	10
562	-0.3059	systolic.data_queue[3][7]	2
563	-0.3052	_11724_	1
563	-0.3052	_24489_	1
563	-0.3052	_24488_	1
563	-0.3052	_24487_	1
563	-0.3052	_24472_	2
563	-0.3052	_24424_	2
563	-0.3052	_24423_	1
563	-0.3052	_24404_	5
563	-0.3052	_10050_	1
563	-0.3052	_10048_	2
563	-0.3052	_15009_	2
563	-0.3052	_15008_	1
563	-0.3052	_14562_	2
563	-0.3052	_14560_	2
563	-0.3052	_09120_	2
563	-0.3052	_41198_	1
563	-0.3052	_41195_	1
563	-0.3052	_39920_	1
563	-0.3052	_39917_	1
563	-0.3052	_00575_	1
563	-0.3052	_15913_	10
563	-0.3052	systolic.data_queue[37][7]	2
564	-0.3051	_11941_	1
564	-0.3051	_26538_	1
564	-0.3051	_26537_	1
564	-0.3051	_26536_	1
564	-0.3051	_26535_	1
564	-0.3051	_26534_	1
564	-0.3051	_26533_	1
564	-0.3051	_26472_	3
564	-0.3051	_26468_	1
564	-0.3051	_26455_	1
564	-0.3051	_04813_	4
564	-0.3051	_04812_	2
564	-0.3051	_14806_	2
564	-0.3051	_14804_	1
564	-0.3051	_13465_	4
564	-0.3051	_07768_	1
564	-0.3051	_41780_	1
564	-0.3051	_41777_	1
564	-0.3051	_39874_	1
564	-0.3051	_39872_	5
564	-0.3051	_04146_	2
564	-0.3051	_16491_	10
564	-0.3051	systolic.data_queue[26][0]	1
565	-0.3047	_12202_	1
565	-0.3047	_28956_	1
565	-0.3047	_28955_	1
565	-0.3047	_28954_	1
565	-0.3047	_28940_	2
565	-0.3047	_28909_	2
565	-0.3047	_28903_	2
565	-0.3047	_28902_	1
565	-0.3047	_28863_	6
565	-0.3047	_09242_	1
565	-0.3047	_09240_	2
565	-0.3047	_15171_	2
565	-0.3047	_15170_	2
565	-0.3047	_08021_	2
565	-0.3047	_45206_	1
565	-0.3047	_45204_	1
565	-0.3047	_41335_	1
565	-0.3047	_41333_	1
565	-0.3047	_02401_	1
565	-0.3047	_16490_	10
565	-0.3047	systolic.data_queue[13][7]	2
566	-0.3046	_12303_	1
566	-0.3046	_29889_	1
566	-0.3046	_29888_	1
566	-0.3046	_29887_	1
566	-0.3046	_29872_	2
566	-0.3046	_29798_	2
566	-0.3046	_29793_	2
566	-0.3046	_29792_	1
566	-0.3046	_29790_	6
566	-0.3046	_09868_	1
566	-0.3046	_09866_	2
566	-0.3046	_13537_	2
566	-0.3046	_13535_	2
566	-0.3046	_09914_	2
566	-0.3046	_46995_	1
566	-0.3046	_43833_	1
566	-0.3046	_43830_	1
566	-0.3046	_45846_	1
566	-0.3046	_03151_	1
566	-0.3046	_16373_	10
566	-0.3046	systolic.data_queue[8][7]	2
567	-0.3042	_11961_	1
567	-0.3042	_26713_	1
567	-0.3042	_26712_	1
567	-0.3042	_26711_	1
567	-0.3042	_26710_	1
567	-0.3042	_26650_	3
567	-0.3042	_26647_	1
567	-0.3042	_26642_	2
567	-0.3042	_26641_	1
567	-0.3042	_26640_	5
567	-0.3042	_05228_	1
567	-0.3042	_05226_	2
567	-0.3042	_14434_	2
567	-0.3042	_14432_	2
567	-0.3042	_07416_	2
567	-0.3042	_40795_	1
567	-0.3042	_40792_	1
567	-0.3042	_40742_	1
567	-0.3042	_40726_	1
567	-0.3042	_00926_	1
567	-0.3042	_15833_	10
567	-0.3042	systolic.data_queue[25][7]	2
568	-0.3037	_11885_	1
568	-0.3037	_26010_	1
568	-0.3037	_26009_	1
568	-0.3037	_26008_	1
568	-0.3037	_26007_	1
568	-0.3037	_25889_	2
568	-0.3037	_25888_	1
568	-0.3037	_25887_	5
568	-0.3037	_06062_	1
568	-0.3037	_06060_	2
568	-0.3037	_16910_	2
568	-0.3037	_16908_	2
568	-0.3037	_09407_	2
568	-0.3037	_41813_	1
568	-0.3037	_41810_	1
568	-0.3037	_41738_	1
568	-0.3037	_41523_	1
568	-0.3037	_01215_	1
568	-0.3037	_16168_	10
568	-0.3037	systolic.data_queue[29][7]	2
569	-0.3035	_11843_	1
569	-0.3035	_25626_	1
569	-0.3035	_25625_	1
569	-0.3035	_25624_	1
569	-0.3035	_25623_	1
569	-0.3035	_25545_	3
569	-0.3035	_25539_	2
569	-0.3035	_25538_	1
569	-0.3035	_25536_	6
569	-0.3035	_07012_	1
569	-0.3035	_07010_	2
569	-0.3035	_15533_	2
569	-0.3035	_15531_	2
569	-0.3035	_06149_	2
569	-0.3035	_42585_	1
569	-0.3035	_41023_	1
569	-0.3035	_41020_	1
569	-0.3035	_41485_	1
569	-0.3035	_03198_	1
569	-0.3035	_15809_	9
569	-0.3035	systolic.weight_queue[31][1]	1
570	-0.3026	_11502_	1
570	-0.3026	_22416_	1
570	-0.3026	_22415_	1
570	-0.3026	_22413_	1
570	-0.3026	_22394_	2
570	-0.3026	_22351_	2
570	-0.3026	_22345_	2
570	-0.3026	_22344_	1
570	-0.3026	_22299_	6
570	-0.3026	_06209_	1
570	-0.3026	_06207_	2
570	-0.3026	_14570_	2
570	-0.3026	_14569_	2
570	-0.3026	_10117_	2
570	-0.3026	_40712_	1
570	-0.3026	_40709_	1
570	-0.3026	_45012_	1
570	-0.3026	_45010_	1
570	-0.3026	_02796_	1
570	-0.3026	_16625_	10
570	-0.3026	systolic.data_queue[48][7]	2
571	-0.3019	_11820_	1
571	-0.3019	_25430_	1
571	-0.3019	_25429_	1
571	-0.3019	_25428_	1
571	-0.3019	_25427_	1
571	-0.3019	_25390_	2
571	-0.3019	_25379_	1
571	-0.3019	_04804_	4
571	-0.3019	_04803_	2
571	-0.3019	_14407_	2
571	-0.3019	_14405_	1
571	-0.3019	_14404_	2
571	-0.3019	_14402_	1
571	-0.3019	_14383_	4
571	-0.3019	_08828_	1
571	-0.3019	_47250_	1
571	-0.3019	_47248_	1
571	-0.3019	_44270_	1
571	-0.3019	_44261_	5
571	-0.3019	_04057_	2
571	-0.3019	_16017_	10
571	-0.3019	systolic.data_queue[32][0]	1
572	-0.3019	_12022_	1
572	-0.3019	_27288_	1
572	-0.3019	_27287_	1
572	-0.3019	_27286_	1
572	-0.3019	_27285_	1
572	-0.3019	_27284_	1
572	-0.3019	_27247_	2
572	-0.3019	_27237_	1
572	-0.3019	_06886_	4
572	-0.3019	_06884_	2
572	-0.3019	_13845_	2
572	-0.3019	_13843_	1
572	-0.3019	_13690_	4
572	-0.3019	_07818_	1
572	-0.3019	_40119_	1
572	-0.3019	_40116_	1
572	-0.3019	_41427_	1
572	-0.3019	_46169_	5
572	-0.3019	_01906_	2
572	-0.3019	_16578_	10
572	-0.3019	systolic.data_queue[22][0]	1
573	-0.3011	_12423_	1
573	-0.3011	_30985_	1
573	-0.3011	_30984_	1
573	-0.3011	_30983_	1
573	-0.3011	_30969_	2
573	-0.3011	_30883_	2
573	-0.3011	_30878_	2
573	-0.3011	_30877_	1
573	-0.3011	_30874_	5
573	-0.3011	_07561_	1
573	-0.3011	_07559_	2
573	-0.3011	_13486_	2
573	-0.3011	_13485_	2
573	-0.3011	_09612_	2
573	-0.3011	_44414_	1
573	-0.3011	_42694_	1
573	-0.3011	_40231_	1
573	-0.3011	_40228_	1
573	-0.3011	_02473_	1
573	-0.3011	_15687_	10
573	-0.3011	systolic.data_queue[2][7]	2
574	-0.3002	_12342_	1
574	-0.3002	_30257_	1
574	-0.3002	_30256_	1
574	-0.3002	_30255_	1
574	-0.3002	_30241_	2
574	-0.3002	_30209_	2
574	-0.3002	_30203_	2
574	-0.3002	_30202_	1
574	-0.3002	_30163_	6
574	-0.3002	_05876_	1
574	-0.3002	_05874_	2
574	-0.3002	_14014_	2
574	-0.3002	_14012_	2
574	-0.3002	_08852_	2
574	-0.3002	_47597_	1
574	-0.3002	_43858_	1
574	-0.3002	_43793_	1
574	-0.3002	_43777_	1
574	-0.3002	_02188_	1
574	-0.3002	_16064_	10
574	-0.3002	systolic.data_queue[6][7]	2
575	-0.2995	_11942_	1
575	-0.2995	_26544_	1
575	-0.2995	_26543_	1
575	-0.2995	_26542_	1
575	-0.2995	_26541_	1
575	-0.2995	_26540_	1
575	-0.2995	_26539_	2
575	-0.2995	_26499_	2
575	-0.2995	_04814_	5
575	-0.2995	_04812_	2
575	-0.2995	_14806_	2
575	-0.2995	_14804_	1
575	-0.2995	_13481_	2
575	-0.2995	_13480_	2
575	-0.2995	_07633_	2
575	-0.2995	_47130_	1
575	-0.2995	_40853_	1
575	-0.2995	_40850_	1
575	-0.2995	_43356_	1
575	-0.2995	_01967_	1
575	-0.2995	_16511_	10
575	-0.2995	systolic.data_queue[26][7]	2
576	-0.2994	_11821_	1
576	-0.2994	_25439_	1
576	-0.2994	_25438_	1
576	-0.2994	_25437_	1
576	-0.2994	_25436_	1
576	-0.2994	_25353_	3
576	-0.2994	_25351_	2
576	-0.2994	_25348_	1
576	-0.2994	_25347_	1
576	-0.2994	_25345_	6
576	-0.2994	_10027_	1
576	-0.2994	_10025_	2
576	-0.2994	_14401_	2
576	-0.2994	_14400_	2
576	-0.2994	_09372_	2
576	-0.2994	_41436_	1
576	-0.2994	_41433_	1
576	-0.2994	_44373_	1
576	-0.2994	_44305_	1
576	-0.2994	_02421_	1
576	-0.2994	_16032_	10
576	-0.2994	systolic.data_queue[32][7]	2
577	-0.2992	_12363_	1
577	-0.2992	_30432_	1
577	-0.2992	_30431_	1
577	-0.2992	_30430_	1
577	-0.2992	_30429_	1
577	-0.2992	_30428_	1
577	-0.2992	_30350_	2
577	-0.2992	_30338_	1
577	-0.2992	_30337_	5
577	-0.2992	_05066_	1
577	-0.2992	_05065_	2
577	-0.2992	_15248_	2
577	-0.2992	_15247_	1
577	-0.2992	_13607_	4
577	-0.2992	_06031_	1
577	-0.2992	_46363_	1
577	-0.2992	_46327_	1
577	-0.2992	_46325_	1
577	-0.2992	_46266_	5
577	-0.2992	_03438_	2
577	-0.2992	_15927_	10
577	-0.2992	systolic.data_queue[5][0]	1
578	-0.2992	_12441_	1
578	-0.2992	_31160_	1
578	-0.2992	_31159_	1
578	-0.2992	_31158_	1
578	-0.2992	_31157_	1
578	-0.2992	_31089_	3
578	-0.2992	_31088_	1
578	-0.2992	_31083_	2
578	-0.2992	_31082_	1
578	-0.2992	_31079_	6
578	-0.2992	_09724_	1
578	-0.2992	_09722_	2
578	-0.2992	_15092_	2
578	-0.2992	_15091_	2
578	-0.2992	_10126_	2
578	-0.2992	_45877_	1
578	-0.2992	_45695_	1
578	-0.2992	_45686_	1
578	-0.2992	_45684_	1
578	-0.2992	_03109_	1
578	-0.2992	_15578_	10
578	-0.2992	systolic.data_queue[1][7]	2
579	-0.2991	_11801_	1
579	-0.2991	_25225_	1
579	-0.2991	_25224_	1
579	-0.2991	_25223_	1
579	-0.2991	_25158_	2
579	-0.2991	_25157_	1
579	-0.2991	_25152_	2
579	-0.2991	_25140_	1
579	-0.2991	_07506_	4
579	-0.2991	_07505_	2
579	-0.2991	_13505_	2
579	-0.2991	_13502_	1
579	-0.2991	_13497_	4
579	-0.2991	_09464_	1
579	-0.2991	_46009_	1
579	-0.2991	_46007_	1
579	-0.2991	_43455_	1
579	-0.2991	_41564_	5
579	-0.2991	_01291_	2
579	-0.2991	_16430_	10
579	-0.2991	systolic.data_queue[33][0]	1
580	-0.2974	_12323_	1
580	-0.2974	_30075_	1
580	-0.2974	_30074_	1
580	-0.2974	_30073_	1
580	-0.2974	_30062_	2
580	-0.2974	_29979_	2
580	-0.2974	_29973_	2
580	-0.2974	_29972_	1
580	-0.2974	_29970_	5
580	-0.2974	_09155_	1
580	-0.2974	_09153_	2
580	-0.2974	_15226_	2
580	-0.2974	_15005_	2
580	-0.2974	_04746_	2
580	-0.2974	_45569_	1
580	-0.2974	_41386_	1
580	-0.2974	_41256_	1
580	-0.2974	_41161_	1
580	-0.2974	_01095_	1
580	-0.2974	_16198_	9
580	-0.2974	systolic.data_queue[7][7]	2
581	-0.2974	_12243_	1
581	-0.2974	_29320_	1
581	-0.2974	_29319_	1
581	-0.2974	_29318_	1
581	-0.2974	_29304_	2
581	-0.2974	_29234_	2
581	-0.2974	_29229_	2
581	-0.2974	_29228_	1
581	-0.2974	_29227_	6
581	-0.2974	_07941_	1
581	-0.2974	_07939_	2
581	-0.2974	_14131_	2
581	-0.2974	_14129_	2
581	-0.2974	_10217_	2
581	-0.2974	_45455_	1
581	-0.2974	_45429_	1
581	-0.2974	_44200_	1
581	-0.2974	_44198_	1
581	-0.2974	_02931_	1
581	-0.2974	_16016_	10
581	-0.2974	systolic.data_queue[11][7]	2
582	-0.2968	_12463_	1
582	-0.2968	_31367_	1
582	-0.2968	_31366_	1
582	-0.2968	_31365_	1
582	-0.2968	_31281_	3
582	-0.2968	_31274_	1
582	-0.2968	_31270_	2
582	-0.2968	_31269_	1
582	-0.2968	_31267_	6
582	-0.2968	_08289_	1
582	-0.2968	_08287_	2
582	-0.2968	_17048_	2
582	-0.2968	_17047_	2
582	-0.2968	_08965_	2
582	-0.2968	_47558_	1
582	-0.2968	_47556_	1
582	-0.2968	_47222_	1
582	-0.2968	_40585_	1
582	-0.2968	_00836_	1
582	-0.2968	_15458_	10
582	-0.2968	systolic.data_queue[0][7]	2
583	-0.2963	_11262_	1
583	-0.2963	_20011_	1
583	-0.2963	_20010_	1
583	-0.2963	_20008_	1
583	-0.2963	_20007_	1
583	-0.2963	_20006_	1
583	-0.2963	_20005_	2
583	-0.2963	_20004_	1
583	-0.2963	_20003_	2
583	-0.2963	_19942_	2
583	-0.2963	_19938_	1
583	-0.2963	_10001_	3
583	-0.2963	_10000_	2
583	-0.2963	_13864_	2
583	-0.2963	_08857_	2
583	-0.2963	_40654_	1
583	-0.2963	_40651_	1
583	-0.2963	_40786_	1
583	-0.2963	_40783_	1
583	-0.2963	_04176_	1
583	-0.2963	_16389_	10
583	-0.2963	systolic.data_queue[60][7]	2
584	-0.2956	_12142_	1
584	-0.2956	_28402_	1
584	-0.2956	_28401_	1
584	-0.2956	_28400_	1
584	-0.2956	_28399_	1
584	-0.2956	_28293_	3
584	-0.2956	_04436_	4
584	-0.2956	_04434_	2
584	-0.2956	_16469_	2
584	-0.2956	_16468_	1
584	-0.2956	_16467_	2
584	-0.2956	_16465_	1
584	-0.2956	_16464_	2
584	-0.2956	_15292_	2
584	-0.2956	_06547_	2
584	-0.2956	_47404_	1
584	-0.2956	_47307_	1
584	-0.2956	_46493_	1
584	-0.2956	_46490_	1
584	-0.2956	_04107_	1
584	-0.2956	_16527_	10
584	-0.2956	systolic.data_queue[16][7]	2
585	-0.2956	_11461_	1
585	-0.2956	_21997_	1
585	-0.2956	_21996_	1
585	-0.2956	_21932_	2
585	-0.2956	_21931_	3
585	-0.2956	_21929_	2
585	-0.2956	_21926_	1
585	-0.2956	_21925_	1
585	-0.2956	_21923_	6
585	-0.2956	_07438_	1
585	-0.2956	_07436_	2
585	-0.2956	_15291_	2
585	-0.2956	_15289_	2
585	-0.2956	_05274_	2
585	-0.2956	_47722_	1
585	-0.2956	_47256_	1
585	-0.2956	_47054_	1
585	-0.2956	_45300_	1
585	-0.2956	_02907_	1
585	-0.2956	_15785_	10
585	-0.2956	systolic.data_queue[50][7]	2
586	-0.2953	_11303_	1
586	-0.2953	_20438_	1
586	-0.2953	_20437_	1
586	-0.2953	_20436_	1
586	-0.2953	_20325_	3
586	-0.2953	_20319_	1
586	-0.2953	_20314_	2
586	-0.2953	_20313_	1
586	-0.2953	_20312_	6
586	-0.2953	_08437_	1
586	-0.2953	_08435_	2
586	-0.2953	_14228_	2
586	-0.2953	_14227_	2
586	-0.2953	_10219_	2
586	-0.2953	_44148_	1
586	-0.2953	_42011_	1
586	-0.2953	_42008_	1
586	-0.2953	_40033_	1
586	-0.2953	_00632_	1
586	-0.2953	_16048_	10
586	-0.2953	systolic.data_queue[58][7]	2
587	-0.2952	_12263_	1
587	-0.2952	_29499_	1
587	-0.2952	_29498_	1
587	-0.2952	_29497_	1
587	-0.2952	_29413_	2
587	-0.2952	_29408_	2
587	-0.2952	_29403_	2
587	-0.2952	_29402_	1
587	-0.2952	_29399_	6
587	-0.2952	_05022_	1
587	-0.2952	_05020_	2
587	-0.2952	_13995_	2
587	-0.2952	_13261_	2
587	-0.2952	_09235_	2
587	-0.2952	_41896_	1
587	-0.2952	_41535_	1
587	-0.2952	_41360_	1
587	-0.2952	_41358_	1
587	-0.2952	_01206_	1
587	-0.2952	_15515_	10
587	-0.2952	systolic.data_queue[10][7]	2
588	-0.2949	_12281_	1
588	-0.2949	_29683_	1
588	-0.2949	_29682_	1
588	-0.2949	_29676_	1
588	-0.2949	_29604_	3
588	-0.2949	_29603_	1
588	-0.2949	_29602_	5
588	-0.2949	_07673_	1
588	-0.2949	_07671_	2
588	-0.2949	_15129_	1
588	-0.2949	_13456_	2
588	-0.2949	_13455_	1
588	-0.2949	_13454_	2
588	-0.2949	_13453_	1
588	-0.2949	_13450_	1
588	-0.2949	_13251_	4
588	-0.2949	_06322_	1
588	-0.2949	_45368_	1
588	-0.2949	_45366_	1
588	-0.2949	_40863_	1
588	-0.2949	_40705_	5
588	-0.2949	_02828_	2
588	-0.2949	_16594_	10
588	-0.2949	systolic.data_queue[9][0]	1
589	-0.2949	_11624_	1
589	-0.2949	_23539_	1
589	-0.2949	_23538_	1
589	-0.2949	_23537_	1
589	-0.2949	_23536_	1
589	-0.2949	_23483_	2
589	-0.2949	_23475_	1
589	-0.2949	_23446_	5
589	-0.2949	_06676_	1
589	-0.2949	_06674_	2
589	-0.2949	_13858_	1
589	-0.2949	_13857_	1
589	-0.2949	_13856_	2
589	-0.2949	_13855_	2
589	-0.2949	_13854_	1
589	-0.2949	_08830_	3
589	-0.2949	_40607_	1
589	-0.2949	_40571_	1
589	-0.2949	_40569_	1
589	-0.2949	_43800_	1
589	-0.2949	_02204_	1
589	-0.2949	_15861_	10
589	-0.2949	systolic.data_queue[42][3]	1
590	-0.2948	_12044_	1
590	-0.2948	_27480_	1
590	-0.2948	_27479_	1
590	-0.2948	_27478_	1
590	-0.2948	_27477_	1
590	-0.2948	_27426_	2
590	-0.2948	_27418_	1
590	-0.2948	_27396_	5
590	-0.2948	_04373_	1
590	-0.2948	_04371_	2
590	-0.2948	_13985_	1
590	-0.2948	_13984_	1
590	-0.2948	_13798_	2
590	-0.2948	_13797_	2
590	-0.2948	_13796_	1
590	-0.2948	_09044_	3
590	-0.2948	_42774_	1
590	-0.2948	_42771_	1
590	-0.2948	_41018_	1
590	-0.2948	_41014_	1
590	-0.2948	_03616_	1
590	-0.2948	_16353_	10
590	-0.2948	systolic.data_queue[21][3]	1
591	-0.2948	_11382_	1
591	-0.2948	_21262_	1
591	-0.2948	_21261_	1
591	-0.2948	_21260_	1
591	-0.2948	_21246_	2
591	-0.2948	_21213_	2
591	-0.2948	_21212_	1
591	-0.2948	_05581_	5
591	-0.2948	_05580_	2
591	-0.2948	_13705_	2
591	-0.2948	_13703_	1
591	-0.2948	_13179_	4
591	-0.2948	_05010_	1
591	-0.2948	_45829_	1
591	-0.2948	_43389_	1
591	-0.2948	_43051_	1
591	-0.2948	_43041_	5
591	-0.2948	_01792_	2
591	-0.2948	_16084_	10
591	-0.2948	systolic.data_queue[54][0]	1
592	-0.2948	_11439_	1
592	-0.2948	_21800_	1
592	-0.2948	_21799_	1
592	-0.2948	_21798_	1
592	-0.2948	_21797_	1
592	-0.2948	_21796_	2
592	-0.2948	_21729_	2
592	-0.2948	_21728_	1
592	-0.2948	_08812_	4
592	-0.2948	_08810_	2
592	-0.2948	_14256_	2
592	-0.2948	_14255_	1
592	-0.2948	_14254_	2
592	-0.2948	_14252_	1
592	-0.2948	_14251_	2
592	-0.2948	_13977_	2
592	-0.2948	_06283_	2
592	-0.2948	_43240_	1
592	-0.2948	_43237_	1
592	-0.2948	_46224_	1
592	-0.2948	_46222_	1
592	-0.2948	_03540_	1
592	-0.2948	_15562_	10
592	-0.2948	systolic.data_queue[51][7]	2
593	-0.2939	_11460_	1
593	-0.2939	_21988_	1
593	-0.2939	_21987_	1
593	-0.2939	_21986_	1
593	-0.2939	_21960_	2
593	-0.2939	_21946_	1
593	-0.2939	_21904_	5
593	-0.2939	_08495_	1
593	-0.2939	_08493_	2
593	-0.2939	_15369_	2
593	-0.2939	_15368_	1
593	-0.2939	_15349_	2
593	-0.2939	_15348_	1
593	-0.2939	_15291_	2
593	-0.2939	_15289_	2
593	-0.2939	_05274_	2
593	-0.2939	_47722_	1
593	-0.2939	_47256_	1
593	-0.2939	_47054_	1
593	-0.2939	_45300_	1
593	-0.2939	_02907_	1
593	-0.2939	_15785_	10
593	-0.2939	systolic.data_queue[50][7]	2
594	-0.2934	_11943_	1
594	-0.2934	_26550_	1
594	-0.2934	_26549_	1
594	-0.2934	_26548_	1
594	-0.2934	_26547_	1
594	-0.2934	_26472_	3
594	-0.2934	_26468_	1
594	-0.2934	_26454_	1
594	-0.2934	_26450_	3
594	-0.2934	_26449_	5
594	-0.2934	_06127_	1
594	-0.2934	_06125_	2
594	-0.2934	_13481_	2
594	-0.2934	_13480_	2
594	-0.2934	_07633_	2
594	-0.2934	_47130_	1
594	-0.2934	_40853_	1
594	-0.2934	_40850_	1
594	-0.2934	_43356_	1
594	-0.2934	_01967_	1
594	-0.2934	_16511_	10
594	-0.2934	systolic.data_queue[26][7]	2
595	-0.2933	_12083_	1
595	-0.2933	_27839_	1
595	-0.2933	_27838_	1
595	-0.2933	_27837_	1
595	-0.2933	_27758_	3
595	-0.2933	_27753_	2
595	-0.2933	_27740_	1
595	-0.2933	_06463_	4
595	-0.2933	_06462_	2
595	-0.2933	_13905_	2
595	-0.2933	_13904_	1
595	-0.2933	_13889_	4
595	-0.2933	_08484_	1
595	-0.2933	_43469_	1
595	-0.2933	_43467_	1
595	-0.2933	_43696_	1
595	-0.2933	_43543_	5
595	-0.2933	_02466_	2
595	-0.2933	_16065_	10
595	-0.2933	systolic.data_queue[19][0]	1
596	-0.2930	_11525_	1
596	-0.2930	_22619_	1
596	-0.2930	_22618_	1
596	-0.2930	_22617_	1
596	-0.2930	_22616_	1
596	-0.2930	_22514_	2
596	-0.2930	_22513_	1
596	-0.2930	_22512_	5
596	-0.2930	_09105_	1
596	-0.2930	_09103_	2
596	-0.2930	_14268_	2
596	-0.2930	_14266_	2
596	-0.2930	_07315_	2
596	-0.2930	_46847_	1
596	-0.2930	_45344_	1
596	-0.2930	_45183_	1
596	-0.2930	_45182_	1
596	-0.2930	_03509_	1
596	-0.2930	_16293_	9
596	-0.2930	systolic.data_queue[47][7]	2
597	-0.2928	_11605_	1
597	-0.2928	_23363_	1
597	-0.2928	_23362_	1
597	-0.2928	_23361_	1
597	-0.2928	_23360_	1
597	-0.2928	_23252_	2
597	-0.2928	_23251_	1
597	-0.2928	_23249_	6
597	-0.2928	_09721_	1
597	-0.2928	_09719_	2
597	-0.2928	_14521_	2
597	-0.2928	_14502_	2
597	-0.2928	_05713_	2
597	-0.2928	_44520_	1
597	-0.2928	_44046_	1
597	-0.2928	_43992_	1
597	-0.2928	_43531_	1
597	-0.2928	_02059_	1
597	-0.2928	_15494_	10
597	-0.2928	systolic.data_queue[43][7]	2
598	-0.2928	_11584_	1
598	-0.2928	_23170_	1
598	-0.2928	_23169_	1
598	-0.2928	_23168_	1
598	-0.2928	_23153_	2
598	-0.2928	_23101_	2
598	-0.2928	_23100_	1
598	-0.2928	_23065_	5
598	-0.2928	_07656_	1
598	-0.2928	_07654_	2
598	-0.2928	_16727_	2
598	-0.2928	_16725_	1
598	-0.2928	_16724_	2
598	-0.2928	_14190_	2
598	-0.2928	_08995_	2
598	-0.2928	_42681_	1
598	-0.2928	_42678_	1
598	-0.2928	_44864_	1
598	-0.2928	_42966_	1
598	-0.2928	_01785_	1
598	-0.2928	_16309_	10
598	-0.2928	systolic.data_queue[44][7]	2
599	-0.2920	_11860_	1
599	-0.2920	_25790_	1
599	-0.2920	_25789_	1
599	-0.2920	_25788_	1
599	-0.2920	_25766_	2
599	-0.2920	_25761_	1
599	-0.2920	_25760_	1
599	-0.2920	_10195_	4
599	-0.2920	_10194_	2
599	-0.2920	_16867_	2
599	-0.2920	_16865_	1
599	-0.2920	_16864_	2
599	-0.2920	_16862_	1
599	-0.2920	_16845_	4
599	-0.2920	_08119_	1
599	-0.2920	_47669_	1
599	-0.2920	_47581_	1
599	-0.2920	_47446_	1
599	-0.2920	_46477_	5
599	-0.2920	_04118_	2
599	-0.2920	_15271_	10
599	-0.2920	systolic.data_queue[30][0]	1
600	-0.2916	_12283_	1
600	-0.2916	_29691_	1
600	-0.2916	_29690_	1
600	-0.2916	_29689_	1
600	-0.2916	_29679_	2
600	-0.2916	_29597_	2
600	-0.2916	_29592_	2
600	-0.2916	_29591_	1
600	-0.2916	_29590_	5
600	-0.2916	_07709_	1
600	-0.2916	_07707_	2
600	-0.2916	_13248_	2
600	-0.2916	_13135_	2
600	-0.2916	_09346_	2
600	-0.2916	_46834_	1
600	-0.2916	_46832_	1
600	-0.2916	_45269_	1
600	-0.2916	_40848_	1
600	-0.2916	_00968_	1
600	-0.2916	_16609_	10
600	-0.2916	systolic.data_queue[9][7]	2
601	-0.2913	_11745_	1
601	-0.2913	_24692_	1
601	-0.2913	_24691_	1
601	-0.2913	_24690_	1
601	-0.2913	_24689_	1
601	-0.2913	_24561_	2
601	-0.2913	_24560_	1
601	-0.2913	_24558_	6
601	-0.2913	_05521_	1
601	-0.2913	_05519_	2
601	-0.2913	_15026_	2
601	-0.2913	_15025_	2
601	-0.2913	_07975_	2
601	-0.2913	_42596_	1
601	-0.2913	_42593_	1
601	-0.2913	_44901_	1
601	-0.2913	_43799_	1
601	-0.2913	_02200_	1
601	-0.2913	_16325_	10
601	-0.2913	systolic.data_queue[36][7]	2
602	-0.2912	_11565_	1
602	-0.2912	_22989_	1
602	-0.2912	_22988_	1
602	-0.2912	_22987_	1
602	-0.2912	_22986_	1
602	-0.2912	_22887_	2
602	-0.2912	_22886_	1
602	-0.2912	_22884_	6
602	-0.2912	_09660_	1
602	-0.2912	_09658_	2
602	-0.2912	_14355_	2
602	-0.2912	_14354_	2
602	-0.2912	_06963_	2
602	-0.2912	_43952_	1
602	-0.2912	_43160_	1
602	-0.2912	_43157_	1
602	-0.2912	_39836_	1
602	-0.2912	_00534_	1
602	-0.2912	_15440_	10
602	-0.2912	systolic.data_queue[45][7]	2
603	-0.2908	_12021_	1
603	-0.2908	_27281_	1
603	-0.2908	_27280_	1
603	-0.2908	_27279_	2
603	-0.2908	_27278_	1
603	-0.2908	_27277_	2
603	-0.2908	_27193_	2
603	-0.2908	_27189_	2
603	-0.2908	_27188_	1
603	-0.2908	_27187_	6
603	-0.2908	_06905_	1
603	-0.2908	_06903_	2
603	-0.2908	_13842_	2
603	-0.2908	_13578_	2
603	-0.2908	_10285_	2
603	-0.2908	_46723_	1
603	-0.2908	_41847_	1
603	-0.2908	_39862_	1
603	-0.2908	_39859_	1
603	-0.2908	_04032_	1
603	-0.2908	_16593_	10
603	-0.2908	systolic.data_queue[22][7]	2
604	-0.2903	_11442_	1
604	-0.2903	_21821_	1
604	-0.2903	_21820_	1
604	-0.2903	_21819_	1
604	-0.2903	_21818_	1
604	-0.2903	_21817_	1
604	-0.2903	_21760_	2
604	-0.2903	_21759_	1
604	-0.2903	_08824_	3
604	-0.2903	_08822_	2
604	-0.2903	_14254_	2
604	-0.2903	_14252_	1
604	-0.2903	_14251_	2
604	-0.2903	_13977_	2
604	-0.2903	_06283_	2
604	-0.2903	_43240_	1
604	-0.2903	_43237_	1
604	-0.2903	_46224_	1
604	-0.2903	_46222_	1
604	-0.2903	_03540_	1
604	-0.2903	_15562_	10
604	-0.2903	systolic.data_queue[51][7]	2
605	-0.2902	_11443_	1
605	-0.2902	_21825_	1
605	-0.2902	_21824_	1
605	-0.2902	_21823_	1
605	-0.2902	_21810_	2
605	-0.2902	_21722_	2
605	-0.2902	_21718_	2
605	-0.2902	_21717_	1
605	-0.2902	_21716_	6
605	-0.2902	_08836_	1
605	-0.2902	_08834_	2
605	-0.2902	_14251_	2
605	-0.2902	_13977_	2
605	-0.2902	_06283_	2
605	-0.2902	_43240_	1
605	-0.2902	_43237_	1
605	-0.2902	_46224_	1
605	-0.2902	_46222_	1
605	-0.2902	_03540_	1
605	-0.2902	_15562_	10
605	-0.2902	systolic.data_queue[51][7]	2
606	-0.2901	_11721_	1
606	-0.2901	_24469_	1
606	-0.2901	_24468_	1
606	-0.2901	_24406_	3
606	-0.2901	_24379_	1
606	-0.2901	_24375_	5
606	-0.2901	_09910_	1
606	-0.2901	_09908_	2
606	-0.2901	_15206_	1
606	-0.2901	_13570_	2
606	-0.2901	_13569_	2
606	-0.2901	_13560_	1
606	-0.2901	_13559_	4
606	-0.2901	_04626_	1
606	-0.2901	_40015_	1
606	-0.2901	_39962_	1
606	-0.2901	_39960_	1
606	-0.2901	_39942_	5
606	-0.2901	_04330_	2
606	-0.2901	_15898_	10
606	-0.2901	systolic.data_queue[37][0]	1
607	-0.2901	_11703_	1
607	-0.2901	_24304_	1
607	-0.2901	_24303_	1
607	-0.2901	_24302_	1
607	-0.2901	_24222_	3
607	-0.2901	_24203_	1
607	-0.2901	_24200_	5
607	-0.2901	_06573_	1
607	-0.2901	_06572_	2
607	-0.2901	_14457_	2
607	-0.2901	_14455_	1
607	-0.2901	_13354_	4
607	-0.2901	_08071_	1
607	-0.2901	_47522_	1
607	-0.2901	_45973_	1
607	-0.2901	_45971_	1
607	-0.2901	_45355_	5
607	-0.2901	_03130_	2
607	-0.2901	_15959_	10
607	-0.2901	systolic.data_queue[38][0]	1
608	-0.2897	_12260_	1
608	-0.2897	_29482_	1
608	-0.2897	_29465_	2
608	-0.2897	_29448_	2
608	-0.2897	_29383_	2
608	-0.2897	_04693_	5
608	-0.2897	_04691_	2
608	-0.2897	_15501_	1
608	-0.2897	_14818_	2
608	-0.2897	_13372_	2
608	-0.2897	_13370_	1
608	-0.2897	_13365_	4
608	-0.2897	_06278_	1
608	-0.2897	_41894_	1
608	-0.2897	_41609_	1
608	-0.2897	_41085_	1
608	-0.2897	_40912_	5
608	-0.2897	_02611_	2
608	-0.2897	_15499_	10
608	-0.2897	systolic.data_queue[10][0]	1
609	-0.2896	_12667_	1
609	-0.2896	_36137_	1
609	-0.2896	_36135_	1
609	-0.2896	_36097_	8
609	-0.2896	_36096_	1
609	-0.2896	_36095_	2
609	-0.2896	_36075_	4
609	-0.2896	_36073_	4
609	-0.2896	_35927_	5
609	-0.2896	_35926_	1
609	-0.2896	_35925_	1
609	-0.2896	_35923_	1
609	-0.2896	_05836_	1
609	-0.2896	_05835_	2
609	-0.2896	_05831_	18
609	-0.2896	_13118_	3
609	-0.2896	_13117_	8
609	-0.2896	_06314_	1
609	-0.2896	matrix_index[3]	7
610	-0.2895	_12205_	1
610	-0.2895	_28971_	1
610	-0.2895	_28970_	1
610	-0.2895	_28969_	1
610	-0.2895	_28968_	1
610	-0.2895	_28867_	2
610	-0.2895	_28866_	1
610	-0.2895	_28863_	6
610	-0.2895	_09242_	1
610	-0.2895	_09240_	2
610	-0.2895	_15171_	2
610	-0.2895	_15170_	2
610	-0.2895	_08021_	2
610	-0.2895	_45206_	1
610	-0.2895	_45204_	1
610	-0.2895	_41335_	1
610	-0.2895	_41333_	1
610	-0.2895	_02401_	1
610	-0.2895	_16490_	10
610	-0.2895	systolic.data_queue[13][7]	2
611	-0.2892	_11501_	1
611	-0.2892	_22409_	1
611	-0.2892	_22407_	1
611	-0.2892	_22406_	1
611	-0.2892	_22405_	1
611	-0.2892	_22404_	2
611	-0.2892	_22308_	2
611	-0.2892	_22303_	2
611	-0.2892	_22302_	1
611	-0.2892	_22299_	6
611	-0.2892	_06209_	1
611	-0.2892	_06207_	2
611	-0.2892	_14570_	2
611	-0.2892	_14569_	2
611	-0.2892	_10117_	2
611	-0.2892	_40712_	1
611	-0.2892	_40709_	1
611	-0.2892	_45012_	1
611	-0.2892	_45010_	1
611	-0.2892	_02796_	1
611	-0.2892	_16625_	10
611	-0.2892	systolic.data_queue[48][7]	2
612	-0.2887	_12063_	1
612	-0.2887	_27666_	1
612	-0.2887	_27665_	1
612	-0.2887	_27664_	1
612	-0.2887	_27653_	2
612	-0.2887	_27560_	2
612	-0.2887	_27554_	2
612	-0.2887	_27553_	1
612	-0.2887	_27552_	5
612	-0.2887	_06801_	1
612	-0.2887	_06799_	2
612	-0.2887	_14622_	2
612	-0.2887	_14620_	2
612	-0.2887	_09556_	2
612	-0.2887	_45768_	1
612	-0.2887	_44948_	1
612	-0.2887	_44923_	1
612	-0.2887	_44920_	1
612	-0.2887	_03817_	1
612	-0.2887	_16231_	10
612	-0.2887	systolic.data_queue[20][7]	2
613	-0.2886	_12163_	1
613	-0.2886	_28596_	1
613	-0.2886	_28595_	1
613	-0.2886	_28594_	1
613	-0.2886	_28593_	1
613	-0.2886	_28493_	3
613	-0.2886	_28489_	2
613	-0.2886	_28488_	1
613	-0.2886	_28487_	5
613	-0.2886	_04439_	1
613	-0.2886	_04437_	2
613	-0.2886	_13406_	2
613	-0.2886	_13405_	2
613	-0.2886	_09960_	2
613	-0.2886	_43139_	1
613	-0.2886	_42441_	1
613	-0.2886	_42055_	1
613	-0.2886	_41966_	1
613	-0.2886	_01393_	1
613	-0.2886	_15412_	9
613	-0.2886	systolic.weight_queue[15][1]	1
614	-0.2880	_11963_	1
614	-0.2880	_26724_	1
614	-0.2880	_26722_	1
614	-0.2880	_26721_	1
614	-0.2880	_26650_	3
614	-0.2880	_26647_	1
614	-0.2880	_26642_	2
614	-0.2880	_26641_	1
614	-0.2880	_26640_	5
614	-0.2880	_05228_	1
614	-0.2880	_05226_	2
614	-0.2880	_14434_	2
614	-0.2880	_14432_	2
614	-0.2880	_07416_	2
614	-0.2880	_40795_	1
614	-0.2880	_40792_	1
614	-0.2880	_40742_	1
614	-0.2880	_40726_	1
614	-0.2880	_00926_	1
614	-0.2880	_15833_	10
614	-0.2880	systolic.data_queue[25][7]	2
615	-0.2878	_12003_	1
615	-0.2878	_27114_	1
615	-0.2878	_27113_	1
615	-0.2878	_27112_	1
615	-0.2878	_27099_	2
615	-0.2878	_27000_	2
615	-0.2878	_26998_	1
615	-0.2878	_26997_	5
615	-0.2878	_09576_	1
615	-0.2878	_09574_	2
615	-0.2878	_16290_	1
615	-0.2878	_16289_	1
615	-0.2878	_16264_	2
615	-0.2878	_16263_	2
615	-0.2878	_16262_	1
615	-0.2878	_09431_	3
615	-0.2878	_47072_	1
615	-0.2878	_47049_	1
615	-0.2878	_46943_	1
615	-0.2878	_46888_	1
615	-0.2878	_03866_	1
615	-0.2878	_15361_	9
615	-0.2878	systolic.data_queue[23][3]	1
616	-0.2877	_11300_	1
616	-0.2877	_20412_	1
616	-0.2877	_20410_	1
616	-0.2877	_20409_	1
616	-0.2877	_20376_	2
616	-0.2877	_20362_	1
616	-0.2877	_20326_	5
616	-0.2877	_08423_	1
616	-0.2877	_08421_	2
616	-0.2877	_14234_	2
616	-0.2877	_14232_	1
616	-0.2877	_14231_	2
616	-0.2877	_14229_	1
616	-0.2877	_14228_	2
616	-0.2877	_14227_	2
616	-0.2877	_10219_	2
616	-0.2877	_44148_	1
616	-0.2877	_42011_	1
616	-0.2877	_42008_	1
616	-0.2877	_40033_	1
616	-0.2877	_00632_	1
616	-0.2877	_16048_	10
616	-0.2877	systolic.data_queue[58][7]	2
617	-0.2873	_12105_	1
617	-0.2873	_28035_	1
617	-0.2873	_28034_	1
617	-0.2873	_28032_	1
617	-0.2873	_28031_	1
617	-0.2873	_27927_	2
617	-0.2873	_27926_	1
617	-0.2873	_27924_	6
617	-0.2873	_07424_	1
617	-0.2873	_07422_	2
617	-0.2873	_13195_	2
617	-0.2873	_13194_	2
617	-0.2873	_09303_	2
617	-0.2873	_41685_	1
617	-0.2873	_40155_	1
617	-0.2873	_40097_	1
617	-0.2873	_40094_	1
617	-0.2873	_01961_	1
617	-0.2873	_15897_	10
617	-0.2873	systolic.data_queue[18][7]	2
618	-0.2871	_12041_	1
618	-0.2871	_27465_	1
618	-0.2871	_27464_	1
618	-0.2871	_27402_	2
618	-0.2871	_27372_	1
618	-0.2871	_27370_	6
618	-0.2871	_08049_	1
618	-0.2871	_08047_	2
618	-0.2871	_13814_	2
618	-0.2871	_13813_	1
618	-0.2871	_13812_	2
618	-0.2871	_13810_	1
618	-0.2871	_13809_	2
618	-0.2871	_13808_	2
618	-0.2871	_04591_	2
618	-0.2871	_42769_	1
618	-0.2871	_42767_	1
618	-0.2871	_44012_	1
618	-0.2871	_40997_	1
618	-0.2871	_01044_	1
618	-0.2871	_16357_	10
618	-0.2871	systolic.data_queue[21][7]	2
619	-0.2869	_11823_	1
619	-0.2869	_25452_	1
619	-0.2869	_25451_	1
619	-0.2869	_25450_	1
619	-0.2869	_25353_	3
619	-0.2869	_25351_	2
619	-0.2869	_25348_	1
619	-0.2869	_25347_	1
619	-0.2869	_25345_	6
619	-0.2869	_10027_	1
619	-0.2869	_10025_	2
619	-0.2869	_14401_	2
619	-0.2869	_14400_	2
619	-0.2869	_09372_	2
619	-0.2869	_41436_	1
619	-0.2869	_41433_	1
619	-0.2869	_44373_	1
619	-0.2869	_44305_	1
619	-0.2869	_02421_	1
619	-0.2869	_16032_	10
619	-0.2869	systolic.data_queue[32][7]	2
620	-0.2868	_11265_	1
620	-0.2868	_20024_	1
620	-0.2868	_20023_	1
620	-0.2868	_20022_	1
620	-0.2868	_20021_	1
620	-0.2868	_19907_	2
620	-0.2868	_19904_	1
620	-0.2868	_19903_	1
620	-0.2868	_19901_	6
620	-0.2868	_09997_	1
620	-0.2868	_09995_	2
620	-0.2868	_13865_	2
620	-0.2868	_13864_	2
620	-0.2868	_08857_	2
620	-0.2868	_40654_	1
620	-0.2868	_40651_	1
620	-0.2868	_40786_	1
620	-0.2868	_40783_	1
620	-0.2868	_04176_	1
620	-0.2868	_16389_	10
620	-0.2868	systolic.data_queue[60][7]	2
621	-0.2868	_11925_	1
621	-0.2868	_26382_	1
621	-0.2868	_26381_	1
621	-0.2868	_26380_	1
621	-0.2868	_26379_	1
621	-0.2868	_26279_	2
621	-0.2868	_26278_	1
621	-0.2868	_26275_	6
621	-0.2868	_07191_	1
621	-0.2868	_07189_	2
621	-0.2868	_15013_	2
621	-0.2868	_14987_	2
621	-0.2868	_07421_	2
621	-0.2868	_45620_	1
621	-0.2868	_45562_	1
621	-0.2868	_45549_	1
621	-0.2868	_45283_	1
621	-0.2868	_02903_	1
621	-0.2868	_15474_	10
621	-0.2868	systolic.data_queue[27][7]	2
622	-0.2867	_11701_	1
622	-0.2867	_24287_	1
622	-0.2867	_24286_	1
622	-0.2867	_24285_	1
622	-0.2867	_24284_	1
622	-0.2867	_24222_	3
622	-0.2867	_24203_	1
622	-0.2867	_24200_	5
622	-0.2867	_06573_	1
622	-0.2867	_06572_	2
622	-0.2867	_14457_	2
622	-0.2867	_14455_	1
622	-0.2867	_13354_	4
622	-0.2867	_08071_	1
622	-0.2867	_47522_	1
622	-0.2867	_45973_	1
622	-0.2867	_45971_	1
622	-0.2867	_45355_	5
622	-0.2867	_03130_	2
622	-0.2867	_15959_	10
622	-0.2867	systolic.data_queue[38][0]	1
623	-0.2864	_12280_	1
623	-0.2864	_29673_	1
623	-0.2864	_29672_	1
623	-0.2864	_29671_	1
623	-0.2864	_29670_	1
623	-0.2864	_29669_	2
623	-0.2864	_29636_	2
623	-0.2864	_29635_	2
623	-0.2864	_07680_	4
623	-0.2864	_07679_	2
623	-0.2864	_13454_	2
623	-0.2864	_13453_	1
623	-0.2864	_13450_	1
623	-0.2864	_13251_	4
623	-0.2864	_06322_	1
623	-0.2864	_45368_	1
623	-0.2864	_45366_	1
623	-0.2864	_40863_	1
623	-0.2864	_40705_	5
623	-0.2864	_02828_	2
623	-0.2864	_16594_	10
623	-0.2864	systolic.data_queue[9][0]	1
624	-0.2863	_12385_	1
624	-0.2863	_30624_	1
624	-0.2863	_30623_	1
624	-0.2863	_30622_	1
624	-0.2863	_30621_	1
624	-0.2863	_30519_	2
624	-0.2863	_30518_	1
624	-0.2863	_30516_	6
624	-0.2863	_08348_	1
624	-0.2863	_08346_	2
624	-0.2863	_14420_	2
624	-0.2863	_13972_	2
624	-0.2863	_08509_	2
624	-0.2863	_40358_	1
624	-0.2863	_40339_	1
624	-0.2863	_40337_	1
624	-0.2863	_40307_	1
624	-0.2863	_00733_	1
624	-0.2863	_15881_	10
624	-0.2863	systolic.data_queue[4][7]	2
625	-0.2858	_12265_	1
625	-0.2858	_29511_	1
625	-0.2858	_29510_	1
625	-0.2858	_29509_	1
625	-0.2858	_29508_	1
625	-0.2858	_29403_	2
625	-0.2858	_29402_	1
625	-0.2858	_29399_	6
625	-0.2858	_05022_	1
625	-0.2858	_05020_	2
625	-0.2858	_13995_	2
625	-0.2858	_13261_	2
625	-0.2858	_09235_	2
625	-0.2858	_41896_	1
625	-0.2858	_41535_	1
625	-0.2858	_41360_	1
625	-0.2858	_41358_	1
625	-0.2858	_01206_	1
625	-0.2858	_15515_	10
625	-0.2858	systolic.data_queue[10][7]	2
626	-0.2857	_11723_	1
626	-0.2857	_24481_	1
626	-0.2857	_24480_	1
626	-0.2857	_24479_	1
626	-0.2857	_24405_	3
626	-0.2857	_24385_	1
626	-0.2857	_24383_	5
626	-0.2857	_10049_	1
626	-0.2857	_10048_	2
626	-0.2857	_15009_	2
626	-0.2857	_15008_	1
626	-0.2857	_13561_	4
626	-0.2857	_09474_	1
626	-0.2857	_44472_	1
626	-0.2857	_44470_	1
626	-0.2857	_43335_	1
626	-0.2857	_39942_	5
626	-0.2857	_04330_	2
626	-0.2857	_15898_	10
626	-0.2857	systolic.data_queue[37][0]	1
627	-0.2856	_11505_	1
627	-0.2856	_22431_	1
627	-0.2856	_22430_	1
627	-0.2856	_22429_	1
627	-0.2856	_22428_	1
627	-0.2856	_22303_	2
627	-0.2856	_22302_	1
627	-0.2856	_22299_	6
627	-0.2856	_06209_	1
627	-0.2856	_06207_	2
627	-0.2856	_14570_	2
627	-0.2856	_14569_	2
627	-0.2856	_10117_	2
627	-0.2856	_40712_	1
627	-0.2856	_40709_	1
627	-0.2856	_45012_	1
627	-0.2856	_45010_	1
627	-0.2856	_02796_	1
627	-0.2856	_16625_	10
627	-0.2856	systolic.data_queue[48][7]	2
628	-0.2853	_12124_	1
628	-0.2853	_28213_	1
628	-0.2853	_28212_	1
628	-0.2853	_28211_	1
628	-0.2853	_28155_	3
628	-0.2853	_28152_	1
628	-0.2853	_28146_	1
628	-0.2853	_28099_	5
628	-0.2853	_09973_	1
628	-0.2853	_09971_	2
628	-0.2853	_16486_	1
628	-0.2853	_16485_	1
628	-0.2853	_16420_	2
628	-0.2853	_16419_	2
628	-0.2853	_16417_	1
628	-0.2853	_09283_	3
628	-0.2853	_47122_	1
628	-0.2853	_46920_	1
628	-0.2853	_43294_	1
628	-0.2853	_42344_	1
628	-0.2853	_01530_	1
628	-0.2853	_15742_	10
628	-0.2853	systolic.data_queue[17][3]	1
629	-0.2853	_11285_	1
629	-0.2853	_20239_	1
629	-0.2853	_20238_	1
629	-0.2853	_20237_	1
629	-0.2853	_20236_	1
629	-0.2853	_20112_	2
629	-0.2853	_20111_	1
629	-0.2853	_20109_	6
629	-0.2853	_09764_	1
629	-0.2853	_09762_	2
629	-0.2853	_14189_	2
629	-0.2853	_14187_	2
629	-0.2853	_08513_	2
629	-0.2853	_43643_	1
629	-0.2853	_43640_	1
629	-0.2853	_44355_	1
629	-0.2853	_44557_	1
629	-0.2853	_03305_	1
629	-0.2853	_16341_	10
629	-0.2853	systolic.data_queue[59][7]	2
630	-0.2849	_12023_	1
630	-0.2849	_27293_	1
630	-0.2849	_27292_	1
630	-0.2849	_27291_	1
630	-0.2849	_27277_	2
630	-0.2849	_27193_	2
630	-0.2849	_27189_	2
630	-0.2849	_27188_	1
630	-0.2849	_27187_	6
630	-0.2849	_06905_	1
630	-0.2849	_06903_	2
630	-0.2849	_13842_	2
630	-0.2849	_13578_	2
630	-0.2849	_10285_	2
630	-0.2849	_46723_	1
630	-0.2849	_41847_	1
630	-0.2849	_39862_	1
630	-0.2849	_39859_	1
630	-0.2849	_04032_	1
630	-0.2849	_16593_	10
630	-0.2849	systolic.data_queue[22][7]	2
631	-0.2845	_11865_	1
631	-0.2845	_25825_	1
631	-0.2845	_25824_	1
631	-0.2845	_25823_	1
631	-0.2845	_25822_	1
631	-0.2845	_25706_	2
631	-0.2845	_25705_	1
631	-0.2845	_25703_	6
631	-0.2845	_10240_	1
631	-0.2845	_10238_	2
631	-0.2845	_16861_	2
631	-0.2845	_16860_	2
631	-0.2845	_08011_	2
631	-0.2845	_47671_	1
631	-0.2845	_47584_	1
631	-0.2845	_47506_	1
631	-0.2845	_47478_	1
631	-0.2845	_04165_	1
631	-0.2845	_15286_	10
631	-0.2845	systolic.data_queue[30][7]	2
632	-0.2841	_11585_	1
632	-0.2841	_23175_	1
632	-0.2841	_23174_	1
632	-0.2841	_23173_	1
632	-0.2841	_23172_	1
632	-0.2841	_23056_	2
632	-0.2841	_23055_	1
632	-0.2841	_23053_	6
632	-0.2841	_07662_	1
632	-0.2841	_07660_	2
632	-0.2841	_16724_	2
632	-0.2841	_14190_	2
632	-0.2841	_08995_	2
632	-0.2841	_42681_	1
632	-0.2841	_42678_	1
632	-0.2841	_44864_	1
632	-0.2841	_42966_	1
632	-0.2841	_01785_	1
632	-0.2841	_16309_	10
632	-0.2841	systolic.data_queue[44][7]	2
633	-0.2840	_11325_	1
633	-0.2840	_20681_	1
633	-0.2840	_20680_	1
633	-0.2840	_20679_	1
633	-0.2840	_20678_	1
633	-0.2840	_20530_	2
633	-0.2840	_20529_	1
633	-0.2840	_20527_	6
633	-0.2840	_08006_	1
633	-0.2840	_08004_	2
633	-0.2840	_13204_	2
633	-0.2840	_13202_	2
633	-0.2840	_06023_	2
633	-0.2840	_42187_	1
633	-0.2840	_42185_	1
633	-0.2840	_42212_	1
633	-0.2840	_41316_	1
633	-0.2840	_01135_	1
633	-0.2840	_15765_	10
633	-0.2840	systolic.data_queue[57][7]	2
634	-0.2832	_11882_	1
634	-0.2832	_25990_	1
634	-0.2832	_25989_	1
634	-0.2832	_25988_	1
634	-0.2832	_25987_	1
634	-0.2832	_25986_	1
634	-0.2832	_25946_	2
634	-0.2832	_25936_	1
634	-0.2832	_25897_	4
634	-0.2832	_06056_	1
634	-0.2832	_06054_	2
634	-0.2832	_16912_	2
634	-0.2832	_16911_	1
634	-0.2832	_16910_	2
634	-0.2832	_16908_	2
634	-0.2832	_09407_	2
634	-0.2832	_41813_	1
634	-0.2832	_41810_	1
634	-0.2832	_41738_	1
634	-0.2832	_41523_	1
634	-0.2832	_01215_	1
634	-0.2832	_16168_	10
634	-0.2832	systolic.data_queue[29][7]	2
635	-0.2832	_11661_	1
635	-0.2832	_23917_	1
635	-0.2832	_23916_	1
635	-0.2832	_23915_	1
635	-0.2832	_23914_	1
635	-0.2832	_23913_	1
635	-0.2832	_23827_	3
635	-0.2832	_23808_	1
635	-0.2832	_23807_	5
635	-0.2832	_04819_	1
635	-0.2832	_04817_	2
635	-0.2832	_16794_	2
635	-0.2832	_16792_	1
635	-0.2832	_16791_	2
635	-0.2832	_16790_	2
635	-0.2832	_07325_	2
635	-0.2832	_47377_	1
635	-0.2832	_47335_	1
635	-0.2832	_47301_	1
635	-0.2832	_47270_	1
635	-0.2832	_04073_	1
635	-0.2832	_15337_	10
635	-0.2832	systolic.data_queue[40][7]	2
636	-0.2831	_12345_	1
636	-0.2831	_30271_	1
636	-0.2831	_30270_	1
636	-0.2831	_30269_	1
636	-0.2831	_30268_	1
636	-0.2831	_30167_	2
636	-0.2831	_30166_	1
636	-0.2831	_30163_	6
636	-0.2831	_05876_	1
636	-0.2831	_05874_	2
636	-0.2831	_14014_	2
636	-0.2831	_14012_	2
636	-0.2831	_08852_	2
636	-0.2831	_47597_	1
636	-0.2831	_43858_	1
636	-0.2831	_43793_	1
636	-0.2831	_43777_	1
636	-0.2831	_02188_	1
636	-0.2831	_16064_	10
636	-0.2831	systolic.data_queue[6][7]	2
637	-0.2827	_12245_	1
637	-0.2827	_29332_	1
637	-0.2827	_29331_	1
637	-0.2827	_29330_	1
637	-0.2827	_29329_	1
637	-0.2827	_29229_	2
637	-0.2827	_29228_	1
637	-0.2827	_29227_	6
637	-0.2827	_07941_	1
637	-0.2827	_07939_	2
637	-0.2827	_14131_	2
637	-0.2827	_14129_	2
637	-0.2827	_10217_	2
637	-0.2827	_45455_	1
637	-0.2827	_45429_	1
637	-0.2827	_44200_	1
637	-0.2827	_44198_	1
637	-0.2827	_02931_	1
637	-0.2827	_16016_	10
637	-0.2827	systolic.data_queue[11][7]	2
638	-0.2824	_11845_	1
638	-0.2824	_25642_	1
638	-0.2824	_25641_	1
638	-0.2824	_25640_	1
638	-0.2824	_25639_	1
638	-0.2824	_25539_	2
638	-0.2824	_25538_	1
638	-0.2824	_25536_	6
638	-0.2824	_07012_	1
638	-0.2824	_07010_	2
638	-0.2824	_15533_	2
638	-0.2824	_15531_	2
638	-0.2824	_06149_	2
638	-0.2824	_42585_	1
638	-0.2824	_41023_	1
638	-0.2824	_41020_	1
638	-0.2824	_41485_	1
638	-0.2824	_03198_	1
638	-0.2824	_15809_	9
638	-0.2824	systolic.weight_queue[31][1]	1
639	-0.2817	_11522_	1
639	-0.2817	_22605_	1
639	-0.2817	_22604_	1
639	-0.2817	_22603_	1
639	-0.2817	_22589_	2
639	-0.2817	_22557_	2
639	-0.2817	_22552_	2
639	-0.2817	_22547_	1
639	-0.2817	_22512_	5
639	-0.2817	_09105_	1
639	-0.2817	_09103_	2
639	-0.2817	_14268_	2
639	-0.2817	_14266_	2
639	-0.2817	_07315_	2
639	-0.2817	_46847_	1
639	-0.2817	_45344_	1
639	-0.2817	_45183_	1
639	-0.2817	_45182_	1
639	-0.2817	_03509_	1
639	-0.2817	_16293_	9
639	-0.2817	systolic.data_queue[47][7]	2
640	-0.2816	_11702_	1
640	-0.2816	_24299_	1
640	-0.2816	_24298_	1
640	-0.2816	_24297_	1
640	-0.2816	_24296_	1
640	-0.2816	_24295_	1
640	-0.2816	_24294_	2
640	-0.2816	_24292_	1
640	-0.2816	_24291_	2
640	-0.2816	_24239_	2
640	-0.2816	_24234_	1
640	-0.2816	_06583_	3
640	-0.2816	_06582_	2
640	-0.2816	_14124_	2
640	-0.2816	_06153_	2
640	-0.2816	_41973_	1
640	-0.2816	_41970_	1
640	-0.2816	_45947_	1
640	-0.2816	_45945_	1
640	-0.2816	_04035_	1
640	-0.2816	_15982_	10
640	-0.2816	systolic.data_queue[38][7]	2
641	-0.2813	_11205_	1
641	-0.2813	_19412_	1
641	-0.2813	_19411_	1
641	-0.2813	_19410_	1
641	-0.2813	_19409_	1
641	-0.2813	_19408_	1
641	-0.2813	_19281_	2
641	-0.2813	_19280_	1
641	-0.2813	_19279_	5
641	-0.2813	_07378_	1
641	-0.2813	_07376_	2
641	-0.2813	_14048_	2
641	-0.2813	_14046_	2
641	-0.2813	_07426_	3
641	-0.2813	_42919_	1
641	-0.2813	_42895_	1
641	-0.2813	_42858_	1
641	-0.2813	_42855_	1
641	-0.2813	_03713_	1
641	-0.2813	_15535_	9
641	-0.2813	systolic.data_queue[63][7]	2
642	-0.2813	_12001_	1
642	-0.2813	_27103_	1
642	-0.2813	_27102_	1
642	-0.2813	_27101_	1
642	-0.2813	_27100_	1
642	-0.2813	_27099_	2
642	-0.2813	_27024_	2
642	-0.2813	_27020_	2
642	-0.2813	_27019_	1
642	-0.2813	_27017_	6
642	-0.2813	_09582_	1
642	-0.2813	_09580_	2
642	-0.2813	_16274_	2
642	-0.2813	_16273_	2
642	-0.2813	_09512_	2
642	-0.2813	_47069_	1
642	-0.2813	_47045_	1
642	-0.2813	_47015_	1
642	-0.2813	_46992_	1
642	-0.2813	_03933_	1
642	-0.2813	_15357_	9
642	-0.2813	systolic.weight_queue[23][1]	1
643	-0.2810	_12444_	1
643	-0.2810	_31175_	1
643	-0.2810	_31174_	1
643	-0.2810	_31173_	1
643	-0.2810	_31172_	1
643	-0.2810	_31120_	3
643	-0.2810	_31110_	1
643	-0.2810	_31109_	1
643	-0.2810	_31061_	5
643	-0.2810	_05281_	1
643	-0.2810	_05279_	2
643	-0.2810	_15204_	1
643	-0.2810	_15203_	1
643	-0.2810	_15080_	2
643	-0.2810	_15079_	2
643	-0.2810	_15077_	1
643	-0.2810	_07179_	3
643	-0.2810	_45880_	1
643	-0.2810	_45583_	1
643	-0.2810	_45512_	1
643	-0.2810	_45487_	1
643	-0.2810	_02977_	1
643	-0.2810	_15574_	10
643	-0.2810	systolic.data_queue[1][3]	1
644	-0.2802	_11641_	1
644	-0.2802	_23712_	1
644	-0.2802	_23708_	1
644	-0.2802	_23646_	2
644	-0.2802	_23645_	2
644	-0.2802	_23642_	1
644	-0.2802	_23636_	7
644	-0.2802	_08648_	1
644	-0.2802	_08646_	2
644	-0.2802	_16757_	1
644	-0.2802	_13924_	2
644	-0.2802	_13923_	1
644	-0.2802	_13532_	2
644	-0.2802	_13531_	1
644	-0.2802	_13523_	1
644	-0.2802	_13522_	4
644	-0.2802	_07474_	1
644	-0.2802	_41637_	1
644	-0.2802	_41635_	1
644	-0.2802	_41041_	1
644	-0.2802	_41003_	5
644	-0.2802	_00990_	2
644	-0.2802	_15653_	10
644	-0.2802	systolic.data_queue[41][0]	1
645	-0.2798	_11803_	1
645	-0.2798	_25242_	1
645	-0.2798	_25241_	1
645	-0.2798	_25239_	1
645	-0.2798	_25238_	1
645	-0.2798	_25237_	1
645	-0.2798	_25152_	2
645	-0.2798	_25140_	1
645	-0.2798	_07506_	4
645	-0.2798	_07505_	2
645	-0.2798	_13505_	2
645	-0.2798	_13502_	1
645	-0.2798	_13497_	4
645	-0.2798	_09464_	1
645	-0.2798	_46009_	1
645	-0.2798	_46007_	1
645	-0.2798	_43455_	1
645	-0.2798	_41564_	5
645	-0.2798	_01291_	2
645	-0.2798	_16430_	10
645	-0.2798	systolic.data_queue[33][0]	1
646	-0.2795	_12716_	1
646	-0.2795	_36286_	1
646	-0.2795	_36273_	10
646	-0.2795	_36272_	2
646	-0.2795	_36255_	4
646	-0.2795	_36073_	4
646	-0.2795	_35927_	5
646	-0.2795	_35926_	1
646	-0.2795	_35925_	1
646	-0.2795	_35923_	1
646	-0.2795	_05836_	1
646	-0.2795	_05835_	2
646	-0.2795	_05831_	18
646	-0.2795	_13118_	3
646	-0.2795	_13117_	8
646	-0.2795	_06314_	1
646	-0.2795	matrix_index[3]	7
647	-0.2794	_11783_	1
647	-0.2794	_25065_	1
647	-0.2794	_25064_	1
647	-0.2794	_25063_	1
647	-0.2794	_25054_	2
647	-0.2794	_24942_	2
647	-0.2794	_24941_	3
647	-0.2794	_05271_	3
647	-0.2794	_05270_	2
647	-0.2794	_14312_	2
647	-0.2794	_14310_	1
647	-0.2794	_14292_	4
647	-0.2794	_07143_	1
647	-0.2794	_44315_	1
647	-0.2794	_44092_	1
647	-0.2794	_43881_	1
647	-0.2794	_43873_	5
647	-0.2794	_02116_	2
647	-0.2794	_15600_	10
647	-0.2794	systolic.data_queue[34][0]	1
648	-0.2792	_12324_	1
648	-0.2792	_30082_	1
648	-0.2792	_30081_	1
648	-0.2792	_30080_	1
648	-0.2792	_30079_	1
648	-0.2792	_30025_	2
648	-0.2792	_30015_	1
648	-0.2792	_29980_	5
648	-0.2792	_09139_	1
648	-0.2792	_09137_	2
648	-0.2792	_14915_	1
648	-0.2792	_14914_	1
648	-0.2792	_14151_	2
648	-0.2792	_14150_	2
648	-0.2792	_14148_	1
648	-0.2792	_06540_	3
648	-0.2792	_46957_	1
648	-0.2792	_41390_	1
648	-0.2792	_41154_	1
648	-0.2792	_41150_	1
648	-0.2792	_01771_	1
648	-0.2792	_16194_	9
648	-0.2792	systolic.data_queue[7][3]	1
649	-0.2785	_11241_	1
649	-0.2785	_19793_	1
649	-0.2785	_19792_	1
649	-0.2785	_19791_	1
649	-0.2785	_19790_	1
649	-0.2785	_19700_	2
649	-0.2785	_19694_	2
649	-0.2785	_19693_	1
649	-0.2785	_19692_	5
649	-0.2785	_07049_	1
649	-0.2785	_07047_	2
649	-0.2785	_14581_	2
649	-0.2785	_14579_	2
649	-0.2785	_09483_	2
649	-0.2785	_46604_	1
649	-0.2785	_44963_	1
649	-0.2785	_44764_	1
649	-0.2785	_44761_	1
649	-0.2785	_03729_	1
649	-0.2785	_16577_	10
649	-0.2785	systolic.data_queue[61][7]	2
650	-0.2783	_11825_	1
650	-0.2783	_25466_	1
650	-0.2783	_25465_	1
650	-0.2783	_25463_	1
650	-0.2783	_25462_	1
650	-0.2783	_25351_	2
650	-0.2783	_25348_	1
650	-0.2783	_25347_	1
650	-0.2783	_25345_	6
650	-0.2783	_10027_	1
650	-0.2783	_10025_	2
650	-0.2783	_14401_	2
650	-0.2783	_14400_	2
650	-0.2783	_09372_	2
650	-0.2783	_41436_	1
650	-0.2783	_41433_	1
650	-0.2783	_44373_	1
650	-0.2783	_44305_	1
650	-0.2783	_02421_	1
650	-0.2783	_16032_	10
650	-0.2783	systolic.data_queue[32][7]	2
651	-0.2778	_12244_	1
651	-0.2778	_29327_	1
651	-0.2778	_29326_	1
651	-0.2778	_29272_	4
651	-0.2778	_29262_	1
651	-0.2778	_29235_	5
651	-0.2778	_08169_	1
651	-0.2778	_08167_	2
651	-0.2778	_14136_	2
651	-0.2778	_14133_	1
651	-0.2778	_14132_	4
651	-0.2778	_08184_	1
651	-0.2778	_45452_	1
651	-0.2778	_45426_	1
651	-0.2778	_45126_	1
651	-0.2778	_40827_	5
651	-0.2778	_00708_	2
651	-0.2778	_15999_	10
651	-0.2778	systolic.data_queue[11][0]	1
652	-0.2777	_12425_	1
652	-0.2777	_30997_	1
652	-0.2777	_30996_	1
652	-0.2777	_30995_	1
652	-0.2777	_30994_	1
652	-0.2777	_30993_	1
652	-0.2777	_30878_	2
652	-0.2777	_30877_	1
652	-0.2777	_30874_	5
652	-0.2777	_07561_	1
652	-0.2777	_07559_	2
652	-0.2777	_13486_	2
652	-0.2777	_13485_	2
652	-0.2777	_09612_	2
652	-0.2777	_44414_	1
652	-0.2777	_42694_	1
652	-0.2777	_40231_	1
652	-0.2777	_40228_	1
652	-0.2777	_02473_	1
652	-0.2777	_15687_	10
652	-0.2777	systolic.data_queue[2][7]	2
653	-0.2777	_11385_	1
653	-0.2777	_21277_	1
653	-0.2777	_21276_	1
653	-0.2777	_21275_	1
653	-0.2777	_21274_	1
653	-0.2777	_21189_	2
653	-0.2777	_21185_	1
653	-0.2777	_21184_	1
653	-0.2777	_21181_	6
653	-0.2777	_05159_	1
653	-0.2777	_05157_	2
653	-0.2777	_13577_	2
653	-0.2777	_13575_	2
653	-0.2777	_08110_	2
653	-0.2777	_47719_	1
653	-0.2777	_46571_	1
653	-0.2777	_46470_	1
653	-0.2777	_43106_	1
653	-0.2777	_01901_	1
653	-0.2777	_16099_	10
653	-0.2777	systolic.data_queue[54][7]	2
654	-0.2774	_11465_	1
654	-0.2774	_22021_	1
654	-0.2774	_22020_	1
654	-0.2774	_22019_	1
654	-0.2774	_22018_	1
654	-0.2774	_21929_	2
654	-0.2774	_21926_	1
654	-0.2774	_21925_	1
654	-0.2774	_21923_	6
654	-0.2774	_07438_	1
654	-0.2774	_07436_	2
654	-0.2774	_15291_	2
654	-0.2774	_15289_	2
654	-0.2774	_05274_	2
654	-0.2774	_47722_	1
654	-0.2774	_47256_	1
654	-0.2774	_47054_	1
654	-0.2774	_45300_	1
654	-0.2774	_02907_	1
654	-0.2774	_15785_	10
654	-0.2774	systolic.data_queue[50][7]	2
655	-0.2766	_11984_	1
655	-0.2766	_26936_	1
655	-0.2766	_26935_	1
655	-0.2766	_26934_	1
655	-0.2766	_26933_	1
655	-0.2766	_26873_	2
655	-0.2766	_26863_	1
655	-0.2766	_26862_	1
655	-0.2766	_26809_	5
655	-0.2766	_08793_	1
655	-0.2766	_08791_	2
655	-0.2766	_14712_	1
655	-0.2766	_14711_	1
655	-0.2766	_14688_	2
655	-0.2766	_14687_	2
655	-0.2766	_14686_	1
655	-0.2766	_07164_	3
655	-0.2766	_45079_	1
655	-0.2766	_44837_	1
655	-0.2766	_44660_	1
655	-0.2766	_44639_	1
655	-0.2766	_02583_	1
655	-0.2766	_15591_	10
655	-0.2766	systolic.data_queue[24][3]	1
656	-0.2758	_11781_	1
656	-0.2758	_25057_	1
656	-0.2758	_25053_	1
656	-0.2758	_24972_	3
656	-0.2758	_24946_	1
656	-0.2758	_24944_	7
656	-0.2758	_05499_	1
656	-0.2758	_05497_	2
656	-0.2758	_14319_	1
656	-0.2758	_14303_	2
656	-0.2758	_14302_	1
656	-0.2758	_14300_	2
656	-0.2758	_14299_	1
656	-0.2758	_14291_	1
656	-0.2758	_14290_	4
656	-0.2758	_08463_	1
656	-0.2758	_44313_	1
656	-0.2758	_44252_	1
656	-0.2758	_43879_	1
656	-0.2758	_43873_	5
656	-0.2758	_02116_	2
656	-0.2758	_15600_	10
656	-0.2758	systolic.data_queue[34][0]	1
657	-0.2749	_12304_	1
657	-0.2749	_29894_	1
657	-0.2749	_29893_	1
657	-0.2749	_29892_	1
657	-0.2749	_29891_	1
657	-0.2749	_29825_	2
657	-0.2749	_29824_	1
657	-0.2749	_29767_	5
657	-0.2749	_09865_	1
657	-0.2749	_09863_	2
657	-0.2749	_14044_	1
657	-0.2749	_14043_	1
657	-0.2749	_14031_	2
657	-0.2749	_14030_	2
657	-0.2749	_14029_	1
657	-0.2749	_06475_	3
657	-0.2749	_47698_	1
657	-0.2749	_44122_	1
657	-0.2749	_44120_	1
657	-0.2749	_41921_	1
657	-0.2749	_01343_	1
657	-0.2749	_16369_	10
657	-0.2749	systolic.data_queue[8][3]	1
658	-0.2749	_12668_	1
658	-0.2749	_36097_	8
658	-0.2749	_36096_	1
658	-0.2749	_36095_	2
658	-0.2749	_36075_	4
658	-0.2749	_36073_	4
658	-0.2749	_35927_	5
658	-0.2749	_35926_	1
658	-0.2749	_35925_	1
658	-0.2749	_35923_	1
658	-0.2749	_05836_	1
658	-0.2749	_05835_	2
658	-0.2749	_05831_	18
658	-0.2749	_13118_	3
658	-0.2749	_13117_	8
658	-0.2749	_06314_	1
658	-0.2749	matrix_index[3]	7
659	-0.2744	_12162_	1
659	-0.2744	_28590_	1
659	-0.2744	_28589_	1
659	-0.2744	_28588_	1
659	-0.2744	_28587_	1
659	-0.2744	_28586_	1
659	-0.2744	_28542_	2
659	-0.2744	_28532_	1
659	-0.2744	_28496_	3
659	-0.2744	_09177_	3
659	-0.2744	_09175_	2
659	-0.2744	_13409_	2
659	-0.2744	_13407_	1
659	-0.2744	_13391_	4
659	-0.2744	_07271_	1
659	-0.2744	_43137_	1
659	-0.2744	_42436_	1
659	-0.2744	_41450_	1
659	-0.2744	_41441_	5
659	-0.2744	_03237_	2
659	-0.2744	_15406_	9
659	-0.2744	systolic.weight_queue[15][7]	1
660	-0.2741	_11744_	1
660	-0.2741	_24686_	1
660	-0.2741	_24685_	1
660	-0.2741	_24684_	1
660	-0.2741	_24609_	3
660	-0.2741	_24608_	1
660	-0.2741	_24569_	5
660	-0.2741	_05515_	1
660	-0.2741	_05513_	2
660	-0.2741	_15028_	2
660	-0.2741	_15027_	1
660	-0.2741	_15026_	2
660	-0.2741	_15025_	2
660	-0.2741	_07975_	2
660	-0.2741	_42596_	1
660	-0.2741	_42593_	1
660	-0.2741	_44901_	1
660	-0.2741	_43799_	1
660	-0.2741	_02200_	1
660	-0.2741	_16325_	10
660	-0.2741	systolic.data_queue[36][7]	2
661	-0.2739	_12670_	1
661	-0.2739	_36097_	8
661	-0.2739	_36096_	1
661	-0.2739	_36095_	2
661	-0.2739	_36075_	4
661	-0.2739	_36073_	4
661	-0.2739	_35927_	5
661	-0.2739	_35926_	1
661	-0.2739	_35925_	1
661	-0.2739	_35923_	1
661	-0.2739	_05836_	1
661	-0.2739	_05835_	2
661	-0.2739	_05831_	18
661	-0.2739	_13118_	3
661	-0.2739	_13117_	8
661	-0.2739	_06314_	1
661	-0.2739	matrix_index[3]	7
662	-0.2738	_12404_	1
662	-0.2738	_30800_	1
662	-0.2738	_30798_	1
662	-0.2738	_30797_	1
662	-0.2738	_30796_	1
662	-0.2738	_30745_	3
662	-0.2738	_30735_	1
662	-0.2738	_30734_	1
662	-0.2738	_30686_	5
662	-0.2738	_07304_	1
662	-0.2738	_07302_	2
662	-0.2738	_13494_	1
662	-0.2738	_13493_	1
662	-0.2738	_13492_	2
662	-0.2738	_13491_	2
662	-0.2738	_13489_	1
662	-0.2738	_04963_	3
662	-0.2738	_41364_	1
662	-0.2738	_41362_	1
662	-0.2738	_41887_	1
662	-0.2738	_42469_	1
662	-0.2738	_02165_	1
662	-0.2738	_15797_	10
662	-0.2738	systolic.data_queue[3][3]	1
663	-0.2733	_11804_	1
663	-0.2733	_25254_	1
663	-0.2733	_25251_	1
663	-0.2733	_25250_	1
663	-0.2733	_25249_	1
663	-0.2733	_25248_	1
663	-0.2733	_25247_	1
663	-0.2733	_25246_	1
663	-0.2733	_25244_	2
663	-0.2733	_25175_	2
663	-0.2733	_25135_	5
663	-0.2733	_06088_	1
663	-0.2733	_06087_	2
663	-0.2733	_13499_	2
663	-0.2733	_05123_	2
663	-0.2733	_47280_	1
663	-0.2733	_42321_	1
663	-0.2733	_42319_	1
663	-0.2733	_46105_	1
663	-0.2733	_03374_	1
663	-0.2733	_16460_	10
663	-0.2733	systolic.data_queue[33][7]	2
664	-0.2732	_12675_	1
664	-0.2732	_36097_	8
664	-0.2732	_36096_	1
664	-0.2732	_36095_	2
664	-0.2732	_36075_	4
664	-0.2732	_36073_	4
664	-0.2732	_35927_	5
664	-0.2732	_35926_	1
664	-0.2732	_35925_	1
664	-0.2732	_35923_	1
664	-0.2732	_05836_	1
664	-0.2732	_05835_	2
664	-0.2732	_05831_	18
664	-0.2732	_13118_	3
664	-0.2732	_13117_	8
664	-0.2732	_06314_	1
664	-0.2732	matrix_index[3]	7
665	-0.2732	_12673_	1
665	-0.2732	_36097_	8
665	-0.2732	_36096_	1
665	-0.2732	_36095_	2
665	-0.2732	_36075_	4
665	-0.2732	_36073_	4
665	-0.2732	_35927_	5
665	-0.2732	_35926_	1
665	-0.2732	_35925_	1
665	-0.2732	_35923_	1
665	-0.2732	_05836_	1
665	-0.2732	_05835_	2
665	-0.2732	_05831_	18
665	-0.2732	_13118_	3
665	-0.2732	_13117_	8
665	-0.2732	_06314_	1
665	-0.2732	matrix_index[3]	7
666	-0.2732	_12672_	1
666	-0.2732	_36097_	8
666	-0.2732	_36096_	1
666	-0.2732	_36095_	2
666	-0.2732	_36075_	4
666	-0.2732	_36073_	4
666	-0.2732	_35927_	5
666	-0.2732	_35926_	1
666	-0.2732	_35925_	1
666	-0.2732	_35923_	1
666	-0.2732	_05836_	1
666	-0.2732	_05835_	2
666	-0.2732	_05831_	18
666	-0.2732	_13118_	3
666	-0.2732	_13117_	8
666	-0.2732	_06314_	1
666	-0.2732	matrix_index[3]	7
667	-0.2728	_12676_	1
667	-0.2728	_36097_	8
667	-0.2728	_36096_	1
667	-0.2728	_36095_	2
667	-0.2728	_36075_	4
667	-0.2728	_36073_	4
667	-0.2728	_35927_	5
667	-0.2728	_35926_	1
667	-0.2728	_35925_	1
667	-0.2728	_35923_	1
667	-0.2728	_05836_	1
667	-0.2728	_05835_	2
667	-0.2728	_05831_	18
667	-0.2728	_13118_	3
667	-0.2728	_13117_	8
667	-0.2728	_06314_	1
667	-0.2728	matrix_index[3]	7
668	-0.2728	_12264_	1
668	-0.2728	_29505_	1
668	-0.2728	_29504_	1
668	-0.2728	_29503_	1
668	-0.2728	_29502_	1
668	-0.2728	_29440_	2
668	-0.2728	_29439_	1
668	-0.2728	_29399_	6
668	-0.2728	_05022_	1
668	-0.2728	_05020_	2
668	-0.2728	_13995_	2
668	-0.2728	_13261_	2
668	-0.2728	_09235_	2
668	-0.2728	_41896_	1
668	-0.2728	_41535_	1
668	-0.2728	_41360_	1
668	-0.2728	_41358_	1
668	-0.2728	_01206_	1
668	-0.2728	_15515_	10
668	-0.2728	systolic.data_queue[10][7]	2
669	-0.2722	_12145_	1
669	-0.2722	_28417_	1
669	-0.2722	_28416_	1
669	-0.2722	_28415_	1
669	-0.2722	_28414_	1
669	-0.2722	_28320_	2
669	-0.2722	_28317_	1
669	-0.2722	_28316_	1
669	-0.2722	_28313_	5
669	-0.2722	_07479_	1
669	-0.2722	_07477_	2
669	-0.2722	_16464_	2
669	-0.2722	_15292_	2
669	-0.2722	_06547_	2
669	-0.2722	_47404_	1
669	-0.2722	_47307_	1
669	-0.2722	_46493_	1
669	-0.2722	_46490_	1
669	-0.2722	_04107_	1
669	-0.2722	_16527_	10
669	-0.2722	systolic.data_queue[16][7]	2
670	-0.2721	_12671_	1
670	-0.2721	_36104_	8
670	-0.2721	_36103_	4
670	-0.2721	_36076_	3
670	-0.2721	_36075_	4
670	-0.2721	_36073_	4
670	-0.2721	_35927_	5
670	-0.2721	_35926_	1
670	-0.2721	_35925_	1
670	-0.2721	_35923_	1
670	-0.2721	_05836_	1
670	-0.2721	_05835_	2
670	-0.2721	_05831_	18
670	-0.2721	_13118_	3
670	-0.2721	_13117_	8
670	-0.2721	_06314_	1
670	-0.2721	matrix_index[3]	7
671	-0.2696	_11622_	1
671	-0.2696	_23528_	1
671	-0.2696	_23526_	1
671	-0.2696	_23525_	1
671	-0.2696	_23484_	3
671	-0.2696	_23473_	1
671	-0.2696	_23472_	1
671	-0.2696	_06613_	3
671	-0.2696	_06611_	2
671	-0.2696	_13628_	2
671	-0.2696	_13625_	1
671	-0.2696	_13623_	2
671	-0.2696	_13622_	2
671	-0.2696	_10258_	2
671	-0.2696	_40626_	1
671	-0.2696	_40566_	1
671	-0.2696	_40563_	1
671	-0.2696	_40523_	1
671	-0.2696	_00809_	1
671	-0.2696	_15865_	10
671	-0.2696	systolic.data_queue[42][7]	2
672	-0.2695	_12104_	1
672	-0.2695	_28029_	1
672	-0.2695	_28028_	1
672	-0.2695	_27970_	4
672	-0.2695	_27959_	1
672	-0.2695	_27936_	5
672	-0.2695	_08934_	1
672	-0.2695	_08932_	2
672	-0.2695	_13517_	2
672	-0.2695	_13514_	1
672	-0.2695	_13191_	4
672	-0.2695	_06145_	1
672	-0.2695	_40197_	1
672	-0.2695	_40150_	1
672	-0.2695	_40148_	1
672	-0.2695	_40109_	5
672	-0.2695	_00636_	2
672	-0.2695	_15882_	10
672	-0.2695	systolic.data_queue[18][0]	1
673	-0.2692	_12384_	1
673	-0.2692	_30619_	1
673	-0.2692	_30618_	1
673	-0.2692	_30565_	4
673	-0.2692	_30554_	1
673	-0.2692	_30528_	5
673	-0.2692	_08340_	1
673	-0.2692	_08338_	2
673	-0.2692	_14423_	2
673	-0.2692	_14421_	1
673	-0.2692	_14176_	4
673	-0.2692	_04460_	1
673	-0.2692	_43358_	1
673	-0.2692	_42229_	1
673	-0.2692	_40311_	1
673	-0.2692	_40277_	5
673	-0.2692	_03648_	2
673	-0.2692	_15866_	10
673	-0.2692	systolic.data_queue[4][0]	1
674	-0.2691	_11365_	1
674	-0.2691	_21103_	1
674	-0.2691	_21102_	1
674	-0.2691	_21101_	1
674	-0.2691	_21100_	1
674	-0.2691	_20987_	2
674	-0.2691	_20986_	1
674	-0.2691	_20984_	6
674	-0.2691	_09678_	1
674	-0.2691	_09676_	2
674	-0.2691	_13776_	2
674	-0.2691	_13774_	2
674	-0.2691	_09427_	3
674	-0.2691	_45910_	1
674	-0.2691	_45718_	1
674	-0.2691	_45213_	1
674	-0.2691	_40658_	1
674	-0.2691	_00874_	1
674	-0.2691	_16215_	9
674	-0.2691	systolic.data_queue[55][7]	2
675	-0.2690	_11663_	1
675	-0.2690	_23935_	1
675	-0.2690	_23934_	1
675	-0.2690	_23933_	1
675	-0.2690	_23932_	1
675	-0.2690	_23931_	1
675	-0.2690	_23827_	3
675	-0.2690	_23808_	1
675	-0.2690	_23807_	5
675	-0.2690	_04819_	1
675	-0.2690	_04817_	2
675	-0.2690	_16794_	2
675	-0.2690	_16792_	1
675	-0.2690	_16791_	2
675	-0.2690	_16790_	2
675	-0.2690	_07325_	2
675	-0.2690	_47377_	1
675	-0.2690	_47335_	1
675	-0.2690	_47301_	1
675	-0.2690	_47270_	1
675	-0.2690	_04073_	1
675	-0.2690	_15337_	10
675	-0.2690	systolic.data_queue[40][7]	2
676	-0.2685	_11242_	1
676	-0.2685	_19799_	1
676	-0.2685	_19798_	1
676	-0.2685	_19797_	1
676	-0.2685	_19781_	2
676	-0.2685	_19739_	3
676	-0.2685	_19738_	1
676	-0.2685	_19674_	4
676	-0.2685	_07001_	1
676	-0.2685	_06999_	2
676	-0.2685	_14601_	2
676	-0.2685	_14600_	1
676	-0.2685	_14593_	1
676	-0.2685	_14583_	4
676	-0.2685	_07208_	1
676	-0.2685	_44918_	1
676	-0.2685	_44916_	1
676	-0.2685	_40766_	1
676	-0.2685	_40763_	5
676	-0.2685	_03779_	2
676	-0.2685	_16560_	10
676	-0.2685	systolic.data_queue[61][0]	1
677	-0.2683	_12084_	1
677	-0.2683	_27846_	1
677	-0.2683	_27845_	1
677	-0.2683	_27844_	1
677	-0.2683	_27843_	1
677	-0.2683	_27842_	1
677	-0.2683	_27841_	2
677	-0.2683	_27781_	2
677	-0.2683	_27736_	5
677	-0.2683	_09023_	1
677	-0.2683	_09022_	2
677	-0.2683	_13901_	2
677	-0.2683	_08490_	2
677	-0.2683	_39980_	1
677	-0.2683	_39977_	1
677	-0.2683	_43615_	1
677	-0.2683	_43582_	1
677	-0.2683	_02097_	1
677	-0.2683	_16080_	10
677	-0.2683	systolic.data_queue[19][7]	2
678	-0.2683	_11965_	1
678	-0.2683	_26737_	1
678	-0.2683	_26736_	1
678	-0.2683	_26735_	1
678	-0.2683	_26734_	1
678	-0.2683	_26642_	2
678	-0.2683	_26641_	1
678	-0.2683	_26640_	5
678	-0.2683	_05228_	1
678	-0.2683	_05226_	2
678	-0.2683	_14434_	2
678	-0.2683	_14432_	2
678	-0.2683	_07416_	2
678	-0.2683	_40795_	1
678	-0.2683	_40792_	1
678	-0.2683	_40742_	1
678	-0.2683	_40726_	1
678	-0.2683	_00926_	1
678	-0.2683	_15833_	10
678	-0.2683	systolic.data_queue[25][7]	2
679	-0.2678	_12061_	1
679	-0.2678	_27658_	1
679	-0.2678	_27657_	1
679	-0.2678	_27656_	1
679	-0.2678	_27655_	1
679	-0.2678	_27653_	2
679	-0.2678	_27560_	2
679	-0.2678	_27554_	2
679	-0.2678	_27553_	1
679	-0.2678	_27552_	5
679	-0.2678	_06801_	1
679	-0.2678	_06799_	2
679	-0.2678	_14622_	2
679	-0.2678	_14620_	2
679	-0.2678	_09556_	2
679	-0.2678	_45768_	1
679	-0.2678	_44948_	1
679	-0.2678	_44923_	1
679	-0.2678	_44920_	1
679	-0.2678	_03817_	1
679	-0.2678	_16231_	10
679	-0.2678	systolic.data_queue[20][7]	2
680	-0.2674	_12663_	1
680	-0.2674	_36104_	8
680	-0.2674	_36103_	4
680	-0.2674	_36076_	3
680	-0.2674	_36075_	4
680	-0.2674	_36073_	4
680	-0.2674	_35927_	5
680	-0.2674	_35926_	1
680	-0.2674	_35925_	1
680	-0.2674	_35923_	1
680	-0.2674	_05836_	1
680	-0.2674	_05835_	2
680	-0.2674	_05831_	18
680	-0.2674	_13118_	3
680	-0.2674	_13117_	8
680	-0.2674	_06314_	1
680	-0.2674	matrix_index[3]	7
681	-0.2671	_11243_	1
681	-0.2671	_19804_	1
681	-0.2671	_19803_	1
681	-0.2671	_19802_	1
681	-0.2671	_19704_	2
681	-0.2671	_19700_	2
681	-0.2671	_19694_	2
681	-0.2671	_19693_	1
681	-0.2671	_19692_	5
681	-0.2671	_07049_	1
681	-0.2671	_07047_	2
681	-0.2671	_14581_	2
681	-0.2671	_14579_	2
681	-0.2671	_09483_	2
681	-0.2671	_46604_	1
681	-0.2671	_44963_	1
681	-0.2671	_44764_	1
681	-0.2671	_44761_	1
681	-0.2671	_03729_	1
681	-0.2671	_16577_	10
681	-0.2671	systolic.data_queue[61][7]	2
682	-0.2659	_11282_	1
682	-0.2659	_20223_	1
682	-0.2659	_20222_	1
682	-0.2659	_20220_	1
682	-0.2659	_20219_	1
682	-0.2659	_20217_	1
682	-0.2659	_20216_	2
682	-0.2659	_20215_	1
682	-0.2659	_20214_	2
682	-0.2659	_20147_	2
682	-0.2659	_20143_	1
682	-0.2659	_09766_	4
682	-0.2659	_09765_	2
682	-0.2659	_14187_	2
682	-0.2659	_08513_	2
682	-0.2659	_43643_	1
682	-0.2659	_43640_	1
682	-0.2659	_44355_	1
682	-0.2659	_44557_	1
682	-0.2659	_03305_	1
682	-0.2659	_16341_	10
682	-0.2659	systolic.data_queue[59][7]	2
683	-0.2656	_11562_	1
683	-0.2656	_22974_	1
683	-0.2656	_22973_	1
683	-0.2656	_22972_	1
683	-0.2656	_22971_	1
683	-0.2656	_22969_	1
683	-0.2656	_22968_	2
683	-0.2656	_22966_	1
683	-0.2656	_22965_	2
683	-0.2656	_22911_	2
683	-0.2656	_22906_	1
683	-0.2656	_09662_	3
683	-0.2656	_09661_	2
683	-0.2656	_14354_	2
683	-0.2656	_06963_	2
683	-0.2656	_43952_	1
683	-0.2656	_43160_	1
683	-0.2656	_43157_	1
683	-0.2656	_39836_	1
683	-0.2656	_00534_	1
683	-0.2656	_15440_	10
683	-0.2656	systolic.data_queue[45][7]	2
684	-0.2656	_11685_	1
684	-0.2656	_24136_	1
684	-0.2656	_24135_	1
684	-0.2656	_24134_	1
684	-0.2656	_24133_	1
684	-0.2656	_24035_	2
684	-0.2656	_24032_	1
684	-0.2656	_24031_	1
684	-0.2656	_24029_	6
684	-0.2656	_06711_	1
684	-0.2656	_06709_	2
684	-0.2656	_13431_	2
684	-0.2656	_13429_	2
684	-0.2656	_05577_	2
684	-0.2656	_47744_	1
684	-0.2656	_44797_	1
684	-0.2656	_44759_	1
684	-0.2656	_44237_	1
684	-0.2656	_02380_	1
684	-0.2656	_16633_	9
684	-0.2656	systolic.weight_queue[39][1]	1
685	-0.2633	_12185_	1
685	-0.2633	_28786_	1
685	-0.2633	_28785_	1
685	-0.2633	_28784_	1
685	-0.2633	_28783_	1
685	-0.2633	_28678_	2
685	-0.2633	_28677_	1
685	-0.2633	_28676_	5
685	-0.2633	_06105_	1
685	-0.2633	_06103_	2
685	-0.2633	_13959_	2
685	-0.2633	_13958_	2
685	-0.2633	_07913_	2
685	-0.2633	_43599_	1
685	-0.2633	_42312_	1
685	-0.2633	_41171_	1
685	-0.2633	_41168_	1
685	-0.2633	_03333_	1
685	-0.2633	_15269_	10
685	-0.2633	systolic.data_queue[14][7]	2
686	-0.2627	_11765_	1
686	-0.2627	_24881_	1
686	-0.2627	_24880_	1
686	-0.2627	_24879_	1
686	-0.2627	_24878_	1
686	-0.2627	_24785_	2
686	-0.2627	_24781_	1
686	-0.2627	_24780_	1
686	-0.2627	_24777_	5
686	-0.2627	_09898_	1
686	-0.2627	_09896_	2
686	-0.2627	_15041_	2
686	-0.2627	_15039_	2
686	-0.2627	_05121_	2
686	-0.2627	_47712_	1
686	-0.2627	_45749_	1
686	-0.2627	_45727_	1
686	-0.2627	_45725_	1
686	-0.2627	_04303_	1
686	-0.2627	_15998_	10
686	-0.2627	systolic.data_queue[35][7]	2
687	-0.2621	_12445_	1
687	-0.2621	_31180_	1
687	-0.2621	_31179_	1
687	-0.2621	_31178_	1
687	-0.2621	_31177_	1
687	-0.2621	_31083_	2
687	-0.2621	_31082_	1
687	-0.2621	_31079_	6
687	-0.2621	_09724_	1
687	-0.2621	_09722_	2
687	-0.2621	_15092_	2
687	-0.2621	_15091_	2
687	-0.2621	_10126_	2
687	-0.2621	_45877_	1
687	-0.2621	_45695_	1
687	-0.2621	_45686_	1
687	-0.2621	_45684_	1
687	-0.2621	_03109_	1
687	-0.2621	_15578_	10
687	-0.2621	systolic.data_queue[1][7]	2
688	-0.2621	_12125_	1
688	-0.2621	_28218_	1
688	-0.2621	_28217_	1
688	-0.2621	_28216_	1
688	-0.2621	_28215_	1
688	-0.2621	_28120_	2
688	-0.2621	_28119_	1
688	-0.2621	_28116_	6
688	-0.2621	_05402_	1
688	-0.2621	_05400_	2
688	-0.2621	_16450_	2
688	-0.2621	_16449_	2
688	-0.2621	_07285_	2
688	-0.2621	_47182_	1
688	-0.2621	_42810_	1
688	-0.2621	_42808_	1
688	-0.2621	_45897_	1
688	-0.2621	_03175_	1
688	-0.2621	_15749_	10
688	-0.2621	systolic.data_queue[17][7]	2
689	-0.2621	_12462_	1
689	-0.2621	_31363_	1
689	-0.2621	_31362_	1
689	-0.2621	_31361_	1
689	-0.2621	_31360_	1
689	-0.2621	_31359_	1
689	-0.2621	_31279_	2
689	-0.2621	_31278_	5
689	-0.2621	_10281_	1
689	-0.2621	_10279_	2
689	-0.2621	_17050_	2
689	-0.2621	_17049_	1
689	-0.2621	_17048_	2
689	-0.2621	_17047_	2
689	-0.2621	_08965_	2
689	-0.2621	_47558_	1
689	-0.2621	_47556_	1
689	-0.2621	_47222_	1
689	-0.2621	_40585_	1
689	-0.2621	_00836_	1
689	-0.2621	_15458_	10
689	-0.2621	systolic.data_queue[0][7]	2
690	-0.2620	_11542_	1
690	-0.2620	_22788_	1
690	-0.2620	_22787_	1
690	-0.2620	_22786_	1
690	-0.2620	_22785_	1
690	-0.2620	_22784_	1
690	-0.2620	_22783_	2
690	-0.2620	_22781_	1
690	-0.2620	_22780_	2
690	-0.2620	_22725_	2
690	-0.2620	_22720_	1
690	-0.2620	_08517_	4
690	-0.2620	_08516_	2
690	-0.2620	_13717_	2
690	-0.2620	_08877_	2
690	-0.2620	_47350_	1
690	-0.2620	_46121_	1
690	-0.2620	_46098_	1
690	-0.2620	_43031_	1
690	-0.2620	_01837_	1
690	-0.2620	_15958_	10
690	-0.2620	systolic.data_queue[46][7]	2
691	-0.2619	_12065_	1
691	-0.2619	_27676_	1
691	-0.2619	_27675_	1
691	-0.2619	_27674_	1
691	-0.2619	_27673_	1
691	-0.2619	_27554_	2
691	-0.2619	_27553_	1
691	-0.2619	_27552_	5
691	-0.2619	_06801_	1
691	-0.2619	_06799_	2
691	-0.2619	_14622_	2
691	-0.2619	_14620_	2
691	-0.2619	_09556_	2
691	-0.2619	_45768_	1
691	-0.2619	_44948_	1
691	-0.2619	_44923_	1
691	-0.2619	_44920_	1
691	-0.2619	_03817_	1
691	-0.2619	_16231_	10
691	-0.2619	systolic.data_queue[20][7]	2
692	-0.2614	_12262_	1
692	-0.2614	_29495_	1
692	-0.2614	_29494_	1
692	-0.2614	_29478_	2
692	-0.2614	_29444_	3
692	-0.2614	_29440_	2
692	-0.2614	_29439_	1
692	-0.2614	_29399_	6
692	-0.2614	_05022_	1
692	-0.2614	_05020_	2
692	-0.2614	_13995_	2
692	-0.2614	_13261_	2
692	-0.2614	_09235_	2
692	-0.2614	_41896_	1
692	-0.2614	_41535_	1
692	-0.2614	_41360_	1
692	-0.2614	_41358_	1
692	-0.2614	_01206_	1
692	-0.2614	_15515_	10
692	-0.2614	systolic.data_queue[10][7]	2
693	-0.2609	_11985_	1
693	-0.2609	_26941_	1
693	-0.2609	_26940_	1
693	-0.2609	_26939_	1
693	-0.2609	_26938_	1
693	-0.2609	_26830_	2
693	-0.2609	_26829_	1
693	-0.2609	_26826_	6
693	-0.2609	_10160_	1
693	-0.2609	_10158_	2
693	-0.2609	_14700_	2
693	-0.2609	_14699_	2
693	-0.2609	_07309_	2
693	-0.2609	_45076_	1
693	-0.2609	_44986_	1
693	-0.2609	_44821_	1
693	-0.2609	_44820_	1
693	-0.2609	_02763_	1
693	-0.2609	_15596_	10
693	-0.2609	systolic.data_queue[24][7]	2
694	-0.2608	_12405_	1
694	-0.2608	_30805_	1
694	-0.2608	_30804_	1
694	-0.2608	_30803_	1
694	-0.2608	_30802_	1
694	-0.2608	_30708_	2
694	-0.2608	_30707_	1
694	-0.2608	_30704_	6
694	-0.2608	_07307_	1
694	-0.2608	_07305_	2
694	-0.2608	_13424_	2
694	-0.2608	_13423_	2
694	-0.2608	_09289_	2
694	-0.2608	_42572_	1
694	-0.2608	_42531_	1
694	-0.2608	_40904_	1
694	-0.2608	_40901_	1
694	-0.2608	_02718_	1
694	-0.2608	_15801_	10
694	-0.2608	systolic.data_queue[3][7]	2
695	-0.2604	_12465_	1
695	-0.2604	_31376_	1
695	-0.2604	_31375_	1
695	-0.2604	_31374_	1
695	-0.2604	_31373_	1
695	-0.2604	_31270_	2
695	-0.2604	_31269_	1
695	-0.2604	_31267_	6
695	-0.2604	_08289_	1
695	-0.2604	_08287_	2
695	-0.2604	_17048_	2
695	-0.2604	_17047_	2
695	-0.2604	_08965_	2
695	-0.2604	_47558_	1
695	-0.2604	_47556_	1
695	-0.2604	_47222_	1
695	-0.2604	_40585_	1
695	-0.2604	_00836_	1
695	-0.2604	_15458_	10
695	-0.2604	systolic.data_queue[0][7]	2
696	-0.2603	_12285_	1
696	-0.2603	_29703_	1
696	-0.2603	_29702_	1
696	-0.2603	_29701_	1
696	-0.2603	_29700_	1
696	-0.2603	_29592_	2
696	-0.2603	_29591_	1
696	-0.2603	_29590_	5
696	-0.2603	_07709_	1
696	-0.2603	_07707_	2
696	-0.2603	_13248_	2
696	-0.2603	_13135_	2
696	-0.2603	_09346_	2
696	-0.2603	_46834_	1
696	-0.2603	_46832_	1
696	-0.2603	_45269_	1
696	-0.2603	_40848_	1
696	-0.2603	_00968_	1
696	-0.2603	_16609_	10
696	-0.2603	systolic.data_queue[9][7]	2
697	-0.2601	_12305_	1
697	-0.2601	_29900_	1
697	-0.2601	_29898_	1
697	-0.2601	_29897_	1
697	-0.2601	_29896_	1
697	-0.2601	_29793_	2
697	-0.2601	_29792_	1
697	-0.2601	_29790_	6
697	-0.2601	_09868_	1
697	-0.2601	_09866_	2
697	-0.2601	_13537_	2
697	-0.2601	_13535_	2
697	-0.2601	_09914_	2
697	-0.2601	_46995_	1
697	-0.2601	_43833_	1
697	-0.2601	_43830_	1
697	-0.2601	_45846_	1
697	-0.2601	_03151_	1
697	-0.2601	_16373_	10
697	-0.2601	systolic.data_queue[8][7]	2
698	-0.2600	_12182_	1
698	-0.2600	_28769_	1
698	-0.2600	_28767_	1
698	-0.2600	_28766_	1
698	-0.2600	_28750_	2
698	-0.2600	_28720_	2
698	-0.2600	_28716_	2
698	-0.2600	_28715_	1
698	-0.2600	_28676_	5
698	-0.2600	_06105_	1
698	-0.2600	_06103_	2
698	-0.2600	_13959_	2
698	-0.2600	_13958_	2
698	-0.2600	_07913_	2
698	-0.2600	_43599_	1
698	-0.2600	_42312_	1
698	-0.2600	_41171_	1
698	-0.2600	_41168_	1
698	-0.2600	_03333_	1
698	-0.2600	_15269_	10
698	-0.2600	systolic.data_queue[14][7]	2
699	-0.2595	_12025_	1
699	-0.2595	_27305_	1
699	-0.2595	_27304_	1
699	-0.2595	_27303_	1
699	-0.2595	_27302_	1
699	-0.2595	_27189_	2
699	-0.2595	_27188_	1
699	-0.2595	_27187_	6
699	-0.2595	_06905_	1
699	-0.2595	_06903_	2
699	-0.2595	_13842_	2
699	-0.2595	_13578_	2
699	-0.2595	_10285_	2
699	-0.2595	_46723_	1
699	-0.2595	_41847_	1
699	-0.2595	_39862_	1
699	-0.2595	_39859_	1
699	-0.2595	_04032_	1
699	-0.2595	_16593_	10
699	-0.2595	systolic.data_queue[22][7]	2
700	-0.2595	_11545_	1
700	-0.2595	_22804_	1
700	-0.2595	_22803_	1
700	-0.2595	_22802_	1
700	-0.2595	_22801_	1
700	-0.2595	_22691_	2
700	-0.2595	_22690_	1
700	-0.2595	_22689_	6
700	-0.2595	_06021_	1
700	-0.2595	_06019_	2
700	-0.2595	_13718_	2
700	-0.2595	_13717_	2
700	-0.2595	_08877_	2
700	-0.2595	_47350_	1
700	-0.2595	_46121_	1
700	-0.2595	_46098_	1
700	-0.2595	_43031_	1
700	-0.2595	_01837_	1
700	-0.2595	_15958_	10
700	-0.2595	systolic.data_queue[46][7]	2
701	-0.2592	_11902_	1
701	-0.2592	_26179_	1
701	-0.2592	_26178_	1
701	-0.2592	_26177_	1
701	-0.2592	_26162_	2
701	-0.2592	_26132_	2
701	-0.2592	_26131_	1
701	-0.2592	_06526_	4
701	-0.2592	_06525_	2
701	-0.2592	_13280_	2
701	-0.2592	_13279_	1
701	-0.2592	_13271_	1
701	-0.2592	_13270_	4
701	-0.2592	_09409_	1
701	-0.2592	_42491_	1
701	-0.2592	_42489_	1
701	-0.2592	_42083_	1
701	-0.2592	_42077_	5
701	-0.2592	_03976_	2
701	-0.2592	_16100_	10
701	-0.2592	systolic.data_queue[28][0]	1
702	-0.2586	_11405_	1
702	-0.2586	_21463_	1
702	-0.2586	_21462_	1
702	-0.2586	_21461_	1
702	-0.2586	_21460_	1
702	-0.2586	_21349_	2
702	-0.2586	_21348_	1
702	-0.2586	_21347_	6
702	-0.2586	_04706_	1
702	-0.2586	_04704_	2
702	-0.2586	_13144_	2
702	-0.2586	_13143_	2
702	-0.2586	_08660_	2
702	-0.2586	_43426_	1
702	-0.2586	_43319_	1
702	-0.2586	_43209_	1
702	-0.2586	_42255_	1
702	-0.2586	_01487_	1
702	-0.2586	_15652_	10
702	-0.2586	systolic.data_queue[53][7]	2
703	-0.2585	_11402_	1
703	-0.2585	_21448_	1
703	-0.2585	_21447_	1
703	-0.2585	_21446_	1
703	-0.2585	_21445_	1
703	-0.2585	_21444_	1
703	-0.2585	_21443_	2
703	-0.2585	_21441_	1
703	-0.2585	_21440_	2
703	-0.2585	_21384_	2
703	-0.2585	_21379_	1
703	-0.2585	_04714_	4
703	-0.2585	_04713_	2
703	-0.2585	_13143_	2
703	-0.2585	_08660_	2
703	-0.2585	_43426_	1
703	-0.2585	_43319_	1
703	-0.2585	_43209_	1
703	-0.2585	_42255_	1
703	-0.2585	_01487_	1
703	-0.2585	_15652_	10
703	-0.2585	systolic.data_queue[53][7]	2
704	-0.2585	_11904_	1
704	-0.2585	_26190_	1
704	-0.2585	_26189_	1
704	-0.2585	_26188_	1
704	-0.2585	_26187_	1
704	-0.2585	_26127_	2
704	-0.2585	_26126_	1
704	-0.2585	_26089_	6
704	-0.2585	_06522_	1
704	-0.2585	_06520_	2
704	-0.2585	_13588_	2
704	-0.2585	_13587_	2
704	-0.2585	_05015_	2
704	-0.2585	_42499_	1
704	-0.2585	_42497_	1
704	-0.2585	_46898_	1
704	-0.2585	_46092_	1
704	-0.2585	_03356_	1
704	-0.2585	_16117_	10
704	-0.2585	systolic.data_queue[28][7]	2
705	-0.2581	_11384_	1
705	-0.2581	_21271_	1
705	-0.2581	_21270_	1
705	-0.2581	_21269_	1
705	-0.2581	_21268_	1
705	-0.2581	_21208_	2
705	-0.2581	_21203_	1
705	-0.2581	_21181_	6
705	-0.2581	_05159_	1
705	-0.2581	_05157_	2
705	-0.2581	_13577_	2
705	-0.2581	_13575_	2
705	-0.2581	_08110_	2
705	-0.2581	_47719_	1
705	-0.2581	_46571_	1
705	-0.2581	_46470_	1
705	-0.2581	_43106_	1
705	-0.2581	_01901_	1
705	-0.2581	_16099_	10
705	-0.2581	systolic.data_queue[54][7]	2
706	-0.2576	_12204_	1
706	-0.2576	_28965_	1
706	-0.2576	_28964_	1
706	-0.2576	_28963_	1
706	-0.2576	_28962_	1
706	-0.2576	_28903_	2
706	-0.2576	_28902_	1
706	-0.2576	_28863_	6
706	-0.2576	_09242_	1
706	-0.2576	_09240_	2
706	-0.2576	_15171_	2
706	-0.2576	_15170_	2
706	-0.2576	_08021_	2
706	-0.2576	_45206_	1
706	-0.2576	_45204_	1
706	-0.2576	_41335_	1
706	-0.2576	_41333_	1
706	-0.2576	_02401_	1
706	-0.2576	_16490_	10
706	-0.2576	systolic.data_queue[13][7]	2
707	-0.2574	_12165_	1
707	-0.2574	_28608_	1
707	-0.2574	_28607_	1
707	-0.2574	_28606_	1
707	-0.2574	_28605_	1
707	-0.2574	_28489_	2
707	-0.2574	_28488_	1
707	-0.2574	_28487_	5
707	-0.2574	_04439_	1
707	-0.2574	_04437_	2
707	-0.2574	_13406_	2
707	-0.2574	_13405_	2
707	-0.2574	_09960_	2
707	-0.2574	_43139_	1
707	-0.2574	_42441_	1
707	-0.2574	_42055_	1
707	-0.2574	_41966_	1
707	-0.2574	_01393_	1
707	-0.2574	_15412_	9
707	-0.2574	systolic.weight_queue[15][1]	1
708	-0.2568	_11645_	1
708	-0.2568	_23731_	1
708	-0.2568	_23730_	1
708	-0.2568	_23728_	1
708	-0.2568	_23727_	1
708	-0.2568	_23627_	2
708	-0.2568	_23626_	1
708	-0.2568	_23623_	5
708	-0.2568	_08658_	1
708	-0.2568	_08656_	2
708	-0.2568	_13542_	2
708	-0.2568	_13540_	2
708	-0.2568	_06944_	2
708	-0.2568	_41767_	1
708	-0.2568	_41653_	1
708	-0.2568	_41430_	1
708	-0.2568	_41205_	1
708	-0.2568	_01110_	1
708	-0.2568	_15669_	10
708	-0.2568	systolic.data_queue[41][7]	2
709	-0.2565	_11484_	1
709	-0.2565	_22200_	1
709	-0.2565	_22199_	1
709	-0.2565	_22198_	1
709	-0.2565	_22197_	1
709	-0.2565	_22136_	2
709	-0.2565	_22135_	1
709	-0.2565	_22089_	5
709	-0.2565	_05332_	1
709	-0.2565	_05330_	2
709	-0.2565	_13672_	1
709	-0.2565	_13671_	1
709	-0.2565	_13650_	2
709	-0.2565	_13649_	2
709	-0.2565	_13648_	1
709	-0.2565	_09266_	3
709	-0.2565	_43279_	1
709	-0.2565	_43265_	1
709	-0.2565	_42128_	1
709	-0.2565	_41710_	1
709	-0.2565	_01280_	1
709	-0.2565	_15627_	10
709	-0.2565	systolic.data_queue[49][3]	1
710	-0.2555	_11504_	1
710	-0.2555	_22426_	1
710	-0.2555	_22425_	1
710	-0.2555	_22423_	1
710	-0.2555	_22422_	1
710	-0.2555	_22345_	2
710	-0.2555	_22344_	1
710	-0.2555	_22299_	6
710	-0.2555	_06209_	1
710	-0.2555	_06207_	2
710	-0.2555	_14570_	2
710	-0.2555	_14569_	2
710	-0.2555	_10117_	2
710	-0.2555	_40712_	1
710	-0.2555	_40709_	1
710	-0.2555	_45012_	1
710	-0.2555	_45010_	1
710	-0.2555	_02796_	1
710	-0.2555	_16625_	10
710	-0.2555	systolic.data_queue[48][7]	2
711	-0.2551	_12043_	1
711	-0.2551	_27473_	1
711	-0.2551	_27472_	1
711	-0.2551	_27471_	1
711	-0.2551	_27460_	2
711	-0.2551	_27395_	2
711	-0.2551	_27379_	1
711	-0.2551	_06829_	4
711	-0.2551	_06828_	2
711	-0.2551	_13812_	2
711	-0.2551	_13810_	1
711	-0.2551	_13792_	4
711	-0.2551	_06596_	1
711	-0.2551	_42757_	1
711	-0.2551	_41668_	1
711	-0.2551	_41666_	1
711	-0.2551	_42112_	5
711	-0.2551	_04322_	2
711	-0.2551	_16342_	10
711	-0.2551	systolic.data_queue[21][0]	1
712	-0.2549	_11924_	1
712	-0.2549	_26377_	1
712	-0.2549	_26376_	1
712	-0.2549	_26375_	1
712	-0.2549	_26374_	1
712	-0.2549	_26314_	2
712	-0.2549	_26313_	1
712	-0.2549	_26275_	6
712	-0.2549	_07191_	1
712	-0.2549	_07189_	2
712	-0.2549	_15013_	2
712	-0.2549	_14987_	2
712	-0.2549	_07421_	2
712	-0.2549	_45620_	1
712	-0.2549	_45562_	1
712	-0.2549	_45549_	1
712	-0.2549	_45283_	1
712	-0.2549	_02903_	1
712	-0.2549	_15474_	10
712	-0.2549	systolic.data_queue[27][7]	2
713	-0.2549	_11342_	1
713	-0.2549	_20886_	1
713	-0.2549	_20883_	1
713	-0.2549	_20882_	1
713	-0.2549	_20858_	2
713	-0.2549	_20814_	2
713	-0.2549	_20810_	2
713	-0.2549	_20804_	1
713	-0.2549	_20769_	6
713	-0.2549	_08248_	1
713	-0.2549	_08246_	2
713	-0.2549	_15731_	2
713	-0.2549	_15730_	2
713	-0.2549	_05197_	2
713	-0.2549	_46756_	1
713	-0.2549	_46710_	1
713	-0.2549	_46683_	1
713	-0.2549	_46633_	1
713	-0.2549	_03751_	1
713	-0.2549	_15393_	10
713	-0.2549	systolic.data_queue[56][7]	2
714	-0.2539	_12064_	1
714	-0.2539	_27671_	1
714	-0.2539	_27670_	1
714	-0.2539	_27669_	1
714	-0.2539	_27668_	1
714	-0.2539	_27600_	2
714	-0.2539	_27599_	1
714	-0.2539	_27561_	5
714	-0.2539	_06798_	1
714	-0.2539	_06796_	2
714	-0.2539	_14917_	1
714	-0.2539	_14916_	1
714	-0.2539	_14876_	2
714	-0.2539	_14875_	2
714	-0.2539	_14874_	1
714	-0.2539	_07327_	3
714	-0.2539	_47752_	1
714	-0.2539	_45124_	1
714	-0.2539	_45122_	1
714	-0.2539	_45696_	1
714	-0.2539	_04243_	1
714	-0.2539	_16227_	10
714	-0.2539	systolic.data_queue[20][3]	1
715	-0.2536	_11445_	1
715	-0.2536	_21840_	1
715	-0.2536	_21839_	1
715	-0.2536	_21838_	1
715	-0.2536	_21837_	1
715	-0.2536	_21718_	2
715	-0.2536	_21717_	1
715	-0.2536	_21716_	6
715	-0.2536	_08836_	1
715	-0.2536	_08834_	2
715	-0.2536	_14251_	2
715	-0.2536	_13977_	2
715	-0.2536	_06283_	2
715	-0.2536	_43240_	1
715	-0.2536	_43237_	1
715	-0.2536	_46224_	1
715	-0.2536	_46222_	1
715	-0.2536	_03540_	1
715	-0.2536	_15562_	10
715	-0.2536	systolic.data_queue[51][7]	2
716	-0.2530	_12344_	1
716	-0.2530	_30266_	1
716	-0.2530	_30265_	1
716	-0.2530	_30264_	1
716	-0.2530	_30263_	1
716	-0.2530	_30203_	2
716	-0.2530	_30202_	1
716	-0.2530	_30163_	6
716	-0.2530	_05876_	1
716	-0.2530	_05874_	2
716	-0.2530	_14014_	2
716	-0.2530	_14012_	2
716	-0.2530	_08852_	2
716	-0.2530	_47597_	1
716	-0.2530	_43858_	1
716	-0.2530	_43793_	1
716	-0.2530	_43777_	1
716	-0.2530	_02188_	1
716	-0.2530	_16064_	10
716	-0.2530	systolic.data_queue[6][7]	2
717	-0.2530	_11482_	1
717	-0.2530	_22188_	1
717	-0.2530	_22187_	1
717	-0.2530	_22186_	1
717	-0.2530	_22175_	2
717	-0.2530	_22138_	2
717	-0.2530	_22136_	2
717	-0.2530	_22135_	1
717	-0.2530	_22089_	5
717	-0.2530	_05332_	1
717	-0.2530	_05330_	2
717	-0.2530	_13672_	1
717	-0.2530	_13671_	1
717	-0.2530	_13650_	2
717	-0.2530	_13649_	2
717	-0.2530	_13648_	1
717	-0.2530	_09266_	3
717	-0.2530	_43279_	1
717	-0.2530	_43265_	1
717	-0.2530	_42128_	1
717	-0.2530	_41710_	1
717	-0.2530	_01280_	1
717	-0.2530	_15627_	10
717	-0.2530	systolic.data_queue[49][3]	1
718	-0.2512	_11905_	1
718	-0.2512	_26194_	1
718	-0.2512	_26193_	1
718	-0.2512	_26192_	1
718	-0.2512	_26191_	1
718	-0.2512	_26102_	2
718	-0.2512	_26092_	1
718	-0.2512	_26089_	6
718	-0.2512	_06522_	1
718	-0.2512	_06520_	2
718	-0.2512	_13588_	2
718	-0.2512	_13587_	2
718	-0.2512	_05015_	2
718	-0.2512	_42499_	1
718	-0.2512	_42497_	1
718	-0.2512	_46898_	1
718	-0.2512	_46092_	1
718	-0.2512	_03356_	1
718	-0.2512	_16117_	10
718	-0.2512	systolic.data_queue[28][7]	2
719	-0.2508	_12661_	1
719	-0.2508	_36091_	1
719	-0.2508	_36079_	1
719	-0.2508	_36078_	1
719	-0.2508	_36076_	3
719	-0.2508	_36075_	4
719	-0.2508	_36073_	4
719	-0.2508	_35927_	5
719	-0.2508	_35926_	1
719	-0.2508	_35925_	1
719	-0.2508	_35923_	1
719	-0.2508	_05836_	1
719	-0.2508	_05835_	2
719	-0.2508	_05831_	18
719	-0.2508	_13118_	3
719	-0.2508	_13117_	8
719	-0.2508	_06314_	1
719	-0.2508	matrix_index[3]	7
720	-0.2503	_11305_	1
720	-0.2503	_20447_	1
720	-0.2503	_20446_	1
720	-0.2503	_20445_	1
720	-0.2503	_20444_	1
720	-0.2503	_20314_	2
720	-0.2503	_20313_	1
720	-0.2503	_20312_	6
720	-0.2503	_08437_	1
720	-0.2503	_08435_	2
720	-0.2503	_14228_	2
720	-0.2503	_14227_	2
720	-0.2503	_10219_	2
720	-0.2503	_44148_	1
720	-0.2503	_42011_	1
720	-0.2503	_42008_	1
720	-0.2503	_40033_	1
720	-0.2503	_00632_	1
720	-0.2503	_16048_	10
720	-0.2503	systolic.data_queue[58][7]	2
721	-0.2500	_11762_	1
721	-0.2500	_24863_	1
721	-0.2500	_24862_	1
721	-0.2500	_24861_	1
721	-0.2500	_24846_	2
721	-0.2500	_24813_	2
721	-0.2500	_24809_	2
721	-0.2500	_24808_	2
721	-0.2500	_24777_	5
721	-0.2500	_09898_	1
721	-0.2500	_09896_	2
721	-0.2500	_15041_	2
721	-0.2500	_15039_	2
721	-0.2500	_05121_	2
721	-0.2500	_47712_	1
721	-0.2500	_45749_	1
721	-0.2500	_45727_	1
721	-0.2500	_45725_	1
721	-0.2500	_04303_	1
721	-0.2500	_15998_	10
721	-0.2500	systolic.data_queue[35][7]	2
722	-0.2496	_11483_	1
722	-0.2496	_22194_	1
722	-0.2496	_22192_	1
722	-0.2496	_22191_	1
722	-0.2496	_22116_	2
722	-0.2496	_22115_	1
722	-0.2496	_22109_	2
722	-0.2496	_22108_	1
722	-0.2496	_22105_	5
722	-0.2496	_04544_	1
722	-0.2496	_04542_	2
722	-0.2496	_13661_	2
722	-0.2496	_13660_	2
722	-0.2496	_07017_	2
722	-0.2496	_43348_	1
722	-0.2496	_43332_	1
722	-0.2496	_43330_	1
722	-0.2496	_42351_	1
722	-0.2496	_01536_	1
722	-0.2496	_15631_	10
722	-0.2496	systolic.data_queue[49][7]	2
723	-0.2494	_12657_	1
723	-0.2494	_36045_	1
723	-0.2494	_36044_	1
723	-0.2494	_35967_	4
723	-0.2494	_35929_	8
723	-0.2494	_35928_	2
723	-0.2494	_35927_	5
723	-0.2494	_35926_	1
723	-0.2494	_35925_	1
723	-0.2494	_35923_	1
723	-0.2494	_05836_	1
723	-0.2494	_05835_	2
723	-0.2494	_05831_	18
723	-0.2494	_13118_	3
723	-0.2494	_13117_	8
723	-0.2494	_06314_	1
723	-0.2494	matrix_index[3]	7
724	-0.2493	_12223_	1
724	-0.2493	_29134_	1
724	-0.2493	_29133_	1
724	-0.2493	_29132_	1
724	-0.2493	_29058_	2
724	-0.2493	_29053_	2
724	-0.2493	_29040_	1
724	-0.2493	_07764_	4
724	-0.2493	_07763_	2
724	-0.2493	_14161_	2
724	-0.2493	_14159_	1
724	-0.2493	_13593_	4
724	-0.2493	_09498_	1
724	-0.2493	_41098_	1
724	-0.2493	_41095_	1
724	-0.2493	_45527_	1
724	-0.2493	_46026_	5
724	-0.2493	_04224_	2
724	-0.2493	_16544_	10
724	-0.2493	systolic.data_queue[12][0]	1
725	-0.2489	_11524_	1
725	-0.2489	_22614_	1
725	-0.2489	_22613_	1
725	-0.2489	_22612_	1
725	-0.2489	_22611_	1
725	-0.2489	_22552_	2
725	-0.2489	_22547_	1
725	-0.2489	_22512_	5
725	-0.2489	_09105_	1
725	-0.2489	_09103_	2
725	-0.2489	_14268_	2
725	-0.2489	_14266_	2
725	-0.2489	_07315_	2
725	-0.2489	_46847_	1
725	-0.2489	_45344_	1
725	-0.2489	_45183_	1
725	-0.2489	_45182_	1
725	-0.2489	_03509_	1
725	-0.2489	_16293_	9
725	-0.2489	systolic.data_queue[47][7]	2
726	-0.2486	_11785_	1
726	-0.2486	_25075_	1
726	-0.2486	_25074_	1
726	-0.2486	_25073_	1
726	-0.2486	_25072_	1
726	-0.2486	_24970_	3
726	-0.2486	_24952_	1
726	-0.2486	_24948_	2
726	-0.2486	_24947_	5
726	-0.2486	_07472_	1
726	-0.2486	_07470_	2
726	-0.2486	_14292_	4
726	-0.2486	_07143_	1
726	-0.2486	_44315_	1
726	-0.2486	_44092_	1
726	-0.2486	_43881_	1
726	-0.2486	_43873_	5
726	-0.2486	_02116_	2
726	-0.2486	_15600_	10
726	-0.2486	systolic.data_queue[34][0]	1
727	-0.2476	_12284_	1
727	-0.2476	_29697_	1
727	-0.2476	_29696_	1
727	-0.2476	_29695_	1
727	-0.2476	_29694_	1
727	-0.2476	_29630_	2
727	-0.2476	_29629_	1
727	-0.2476	_29590_	5
727	-0.2476	_07709_	1
727	-0.2476	_07707_	2
727	-0.2476	_13248_	2
727	-0.2476	_13135_	2
727	-0.2476	_09346_	2
727	-0.2476	_46834_	1
727	-0.2476	_46832_	1
727	-0.2476	_45269_	1
727	-0.2476	_40848_	1
727	-0.2476	_00968_	1
727	-0.2476	_16609_	10
727	-0.2476	systolic.data_queue[9][7]	2
728	-0.2471	_11225_	1
728	-0.2471	_19613_	1
728	-0.2471	_19612_	1
728	-0.2471	_19611_	1
728	-0.2471	_19610_	1
728	-0.2471	_19488_	2
728	-0.2471	_19487_	1
728	-0.2471	_19484_	5
728	-0.2471	_06793_	1
728	-0.2471	_06791_	2
728	-0.2471	_13677_	2
728	-0.2471	_13676_	2
728	-0.2471	_06839_	3
728	-0.2471	_43302_	1
728	-0.2471	_43300_	1
728	-0.2471	_44553_	1
728	-0.2471	_44514_	1
728	-0.2471	_02525_	1
728	-0.2471	_16669_	10
728	-0.2471	systolic.data_queue[62][7]	2
729	-0.2469	_12184_	1
729	-0.2469	_28781_	1
729	-0.2469	_28780_	1
729	-0.2469	_28779_	1
729	-0.2469	_28778_	1
729	-0.2469	_28716_	2
729	-0.2469	_28715_	1
729	-0.2469	_28686_	5
729	-0.2469	_09058_	1
729	-0.2469	_09056_	2
729	-0.2469	_13971_	1
729	-0.2469	_13970_	1
729	-0.2469	_13943_	2
729	-0.2469	_13942_	2
729	-0.2469	_13941_	1
729	-0.2469	_08329_	3
729	-0.2469	_43633_	1
729	-0.2469	_42317_	1
729	-0.2469	_42315_	1
729	-0.2469	_45234_	1
729	-0.2469	_02846_	1
729	-0.2469	_15265_	10
729	-0.2469	systolic.data_queue[14][3]	1
730	-0.2467	_11204_	1
730	-0.2467	_19406_	1
730	-0.2467	_19405_	1
730	-0.2467	_19404_	1
730	-0.2467	_19403_	1
730	-0.2467	_19386_	2
730	-0.2467	_19334_	2
730	-0.2467	_19326_	1
730	-0.2467	_19290_	5
730	-0.2467	_05934_	1
730	-0.2467	_05932_	2
730	-0.2467	_14050_	2
730	-0.2467	_14049_	1
730	-0.2467	_14048_	2
730	-0.2467	_14046_	2
730	-0.2467	_07426_	3
730	-0.2467	_42919_	1
730	-0.2467	_42895_	1
730	-0.2467	_42858_	1
730	-0.2467	_42855_	1
730	-0.2467	_03713_	1
730	-0.2467	_15535_	9
730	-0.2467	systolic.data_queue[63][7]	2
731	-0.2461	_11264_	1
731	-0.2461	_20019_	1
731	-0.2461	_20018_	1
731	-0.2461	_20017_	1
731	-0.2461	_20005_	2
731	-0.2461	_20004_	1
731	-0.2461	_20003_	2
731	-0.2461	_19942_	2
731	-0.2461	_19938_	1
731	-0.2461	_10001_	3
731	-0.2461	_10000_	2
731	-0.2461	_13864_	2
731	-0.2461	_08857_	2
731	-0.2461	_40654_	1
731	-0.2461	_40651_	1
731	-0.2461	_40786_	1
731	-0.2461	_40783_	1
731	-0.2461	_04176_	1
731	-0.2461	_16389_	10
731	-0.2461	systolic.data_queue[60][7]	2
732	-0.2458	_12685_	1
732	-0.2458	_36223_	1
732	-0.2458	_36219_	1
732	-0.2458	_36186_	6
732	-0.2458	_36185_	6
732	-0.2458	_36170_	2
732	-0.2458	_36073_	4
732	-0.2458	_35927_	5
732	-0.2458	_35926_	1
732	-0.2458	_35925_	1
732	-0.2458	_35924_	1
732	-0.2458	_05834_	1
732	-0.2458	_05833_	1
732	-0.2458	_05830_	2
732	-0.2458	_05831_	18
732	-0.2458	_13118_	3
732	-0.2458	_13117_	8
732	-0.2458	_06314_	1
732	-0.2458	matrix_index[3]	7
733	-0.2449	_11644_	1
733	-0.2449	_23725_	1
733	-0.2449	_23724_	1
733	-0.2449	_23723_	1
733	-0.2449	_23722_	1
733	-0.2449	_23662_	2
733	-0.2449	_23661_	1
733	-0.2449	_23623_	5
733	-0.2449	_08658_	1
733	-0.2449	_08656_	2
733	-0.2449	_13542_	2
733	-0.2449	_13540_	2
733	-0.2449	_06944_	2
733	-0.2449	_41767_	1
733	-0.2449	_41653_	1
733	-0.2449	_41430_	1
733	-0.2449	_41205_	1
733	-0.2449	_01110_	1
733	-0.2449	_15669_	10
733	-0.2449	systolic.data_queue[41][7]	2
734	-0.2434	_11784_	1
734	-0.2434	_25070_	1
734	-0.2434	_25069_	1
734	-0.2434	_25068_	1
734	-0.2434	_25067_	1
734	-0.2434	_25007_	2
734	-0.2434	_25006_	1
734	-0.2434	_24947_	5
734	-0.2434	_07472_	1
734	-0.2434	_07470_	2
734	-0.2434	_14309_	2
734	-0.2434	_14308_	2
734	-0.2434	_06269_	2
734	-0.2434	_44317_	1
734	-0.2434	_44255_	1
734	-0.2434	_44080_	1
734	-0.2434	_43917_	1
734	-0.2434	_02265_	1
734	-0.2434	_15615_	10
734	-0.2434	systolic.data_queue[34][7]	2
735	-0.2430	_12652_	1
735	-0.2430	_35998_	1
735	-0.2430	_35993_	3
735	-0.2430	_35967_	4
735	-0.2430	_35929_	8
735	-0.2430	_35928_	2
735	-0.2430	_35927_	5
735	-0.2430	_35926_	1
735	-0.2430	_35925_	1
735	-0.2430	_35923_	1
735	-0.2430	_05836_	1
735	-0.2430	_05835_	2
735	-0.2430	_05831_	18
735	-0.2430	_13118_	3
735	-0.2430	_13117_	8
735	-0.2430	_06314_	1
735	-0.2430	matrix_index[3]	7
736	-0.2428	_12005_	1
736	-0.2428	_27127_	1
736	-0.2428	_27126_	1
736	-0.2428	_27125_	1
736	-0.2428	_27124_	1
736	-0.2428	_27020_	2
736	-0.2428	_27019_	1
736	-0.2428	_27017_	6
736	-0.2428	_09582_	1
736	-0.2428	_09580_	2
736	-0.2428	_16274_	2
736	-0.2428	_16273_	2
736	-0.2428	_09512_	2
736	-0.2428	_47069_	1
736	-0.2428	_47045_	1
736	-0.2428	_47015_	1
736	-0.2428	_46992_	1
736	-0.2428	_03933_	1
736	-0.2428	_15357_	9
736	-0.2428	systolic.weight_queue[23][1]	1
737	-0.2417	_11245_	1
737	-0.2417	_19818_	1
737	-0.2417	_19817_	1
737	-0.2417	_19816_	1
737	-0.2417	_19815_	1
737	-0.2417	_19694_	2
737	-0.2417	_19693_	1
737	-0.2417	_19692_	5
737	-0.2417	_07049_	1
737	-0.2417	_07047_	2
737	-0.2417	_14581_	2
737	-0.2417	_14579_	2
737	-0.2417	_09483_	2
737	-0.2417	_46604_	1
737	-0.2417	_44963_	1
737	-0.2417	_44764_	1
737	-0.2417	_44761_	1
737	-0.2417	_03729_	1
737	-0.2417	_16577_	10
737	-0.2417	systolic.data_queue[61][7]	2
738	-0.2411	_11364_	1
738	-0.2411	_21097_	1
738	-0.2411	_21096_	1
738	-0.2411	_21095_	1
738	-0.2411	_21094_	1
738	-0.2411	_21093_	1
738	-0.2411	_21092_	1
738	-0.2411	_21091_	2
738	-0.2411	_21031_	2
738	-0.2411	_20985_	4
738	-0.2411	_09671_	1
738	-0.2411	_09669_	2
738	-0.2411	_13758_	3
738	-0.2411	_13757_	1
738	-0.2411	_09620_	3
738	-0.2411	_45902_	1
738	-0.2411	_41079_	1
738	-0.2411	_40212_	1
738	-0.2411	_40208_	1
738	-0.2411	_04077_	1
738	-0.2411	_16210_	9
738	-0.2411	systolic.data_queue[55][3]	1
739	-0.2409	_11944_	1
739	-0.2409	_26559_	1
739	-0.2409	_26558_	1
739	-0.2409	_26557_	1
739	-0.2409	_26556_	1
739	-0.2409	_26539_	2
739	-0.2409	_26497_	2
739	-0.2409	_26488_	1
739	-0.2409	_04814_	5
739	-0.2409	_04812_	2
739	-0.2409	_14806_	2
739	-0.2409	_14804_	1
739	-0.2409	_13481_	2
739	-0.2409	_13480_	2
739	-0.2409	_07633_	2
739	-0.2409	_47130_	1
739	-0.2409	_40853_	1
739	-0.2409	_40850_	1
739	-0.2409	_43356_	1
739	-0.2409	_01967_	1
739	-0.2409	_16511_	10
739	-0.2409	systolic.data_queue[26][7]	2
740	-0.2409	_11625_	1
740	-0.2409	_23543_	1
740	-0.2409	_23542_	1
740	-0.2409	_23541_	1
740	-0.2409	_23540_	1
740	-0.2409	_23440_	2
740	-0.2409	_23439_	1
740	-0.2409	_23437_	6
740	-0.2409	_06679_	1
740	-0.2409	_06677_	2
740	-0.2409	_13623_	2
740	-0.2409	_13622_	2
740	-0.2409	_10258_	2
740	-0.2409	_40626_	1
740	-0.2409	_40566_	1
740	-0.2409	_40563_	1
740	-0.2409	_40523_	1
740	-0.2409	_00809_	1
740	-0.2409	_15865_	10
740	-0.2409	systolic.data_queue[42][7]	2
741	-0.2407	_12692_	1
741	-0.2407	_36247_	1
741	-0.2407	_36246_	1
741	-0.2407	_36182_	5
741	-0.2407	_36171_	3
741	-0.2407	_36170_	2
741	-0.2407	_36073_	4
741	-0.2407	_35927_	5
741	-0.2407	_35926_	1
741	-0.2407	_35925_	1
741	-0.2407	_35923_	1
741	-0.2407	_05836_	1
741	-0.2407	_05835_	2
741	-0.2407	_05831_	18
741	-0.2407	_13118_	3
741	-0.2407	_13117_	8
741	-0.2407	_06314_	1
741	-0.2407	matrix_index[3]	7
742	-0.2399	_12224_	1
742	-0.2399	_29142_	1
742	-0.2399	_29141_	1
742	-0.2399	_29140_	1
742	-0.2399	_29139_	1
742	-0.2399	_29138_	1
742	-0.2399	_29137_	2
742	-0.2399	_29081_	2
742	-0.2399	_29034_	5
742	-0.2399	_07751_	1
742	-0.2399	_07750_	2
742	-0.2399	_14156_	2
742	-0.2399	_08993_	2
742	-0.2399	_41681_	1
742	-0.2399	_41679_	1
742	-0.2399	_47112_	1
742	-0.2399	_47540_	1
742	-0.2399	_04219_	1
742	-0.2399	_16559_	10
742	-0.2399	systolic.data_queue[12][7]	2
743	-0.2383	_11844_	1
743	-0.2383	_25636_	1
743	-0.2383	_25635_	1
743	-0.2383	_25634_	1
743	-0.2383	_25577_	3
743	-0.2383	_25576_	1
743	-0.2383	_06947_	4
743	-0.2383	_06945_	2
743	-0.2383	_15539_	2
743	-0.2383	_15538_	1
743	-0.2383	_15533_	2
743	-0.2383	_15531_	2
743	-0.2383	_06149_	2
743	-0.2383	_42585_	1
743	-0.2383	_41023_	1
743	-0.2383	_41020_	1
743	-0.2383	_41485_	1
743	-0.2383	_03198_	1
743	-0.2383	_15809_	9
743	-0.2383	systolic.weight_queue[31][1]	1
744	-0.2376	_11343_	1
744	-0.2376	_20894_	1
744	-0.2376	_20890_	1
744	-0.2376	_20889_	1
744	-0.2376	_20790_	3
744	-0.2376	_20789_	2
744	-0.2376	_20773_	1
744	-0.2376	_20769_	6
744	-0.2376	_08248_	1
744	-0.2376	_08246_	2
744	-0.2376	_15731_	2
744	-0.2376	_15730_	2
744	-0.2376	_05197_	2
744	-0.2376	_46756_	1
744	-0.2376	_46710_	1
744	-0.2376	_46683_	1
744	-0.2376	_46633_	1
744	-0.2376	_03751_	1
744	-0.2376	_15393_	10
744	-0.2376	systolic.data_queue[56][7]	2
745	-0.2375	_11564_	1
745	-0.2375	_22983_	1
745	-0.2375	_22982_	1
745	-0.2375	_22981_	1
745	-0.2375	_22968_	2
745	-0.2375	_22966_	1
745	-0.2375	_22965_	2
745	-0.2375	_22911_	2
745	-0.2375	_22906_	1
745	-0.2375	_09662_	3
745	-0.2375	_09661_	2
745	-0.2375	_14354_	2
745	-0.2375	_06963_	2
745	-0.2375	_43952_	1
745	-0.2375	_43160_	1
745	-0.2375	_43157_	1
745	-0.2375	_39836_	1
745	-0.2375	_00534_	1
745	-0.2375	_15440_	10
745	-0.2375	systolic.data_queue[45][7]	2
746	-0.2363	_11704_	1
746	-0.2363	_24309_	1
746	-0.2363	_24308_	1
746	-0.2363	_24307_	1
746	-0.2363	_24294_	2
746	-0.2363	_24292_	1
746	-0.2363	_24291_	2
746	-0.2363	_24239_	2
746	-0.2363	_24234_	1
746	-0.2363	_06583_	3
746	-0.2363	_06582_	2
746	-0.2363	_14124_	2
746	-0.2363	_06153_	2
746	-0.2363	_41973_	1
746	-0.2363	_41970_	1
746	-0.2363	_45947_	1
746	-0.2363	_45945_	1
746	-0.2363	_04035_	1
746	-0.2363	_15982_	10
746	-0.2363	systolic.data_queue[38][7]	2
747	-0.2361	_12686_	1
747	-0.2361	_36227_	1
747	-0.2361	_36226_	1
747	-0.2361	_36218_	3
747	-0.2361	_36185_	6
747	-0.2361	_36170_	2
747	-0.2361	_36073_	4
747	-0.2361	_35927_	5
747	-0.2361	_35926_	1
747	-0.2361	_35925_	1
747	-0.2361	_35923_	1
747	-0.2361	_05836_	1
747	-0.2361	_05835_	2
747	-0.2361	_05831_	18
747	-0.2361	_13118_	3
747	-0.2361	_13117_	8
747	-0.2361	_06314_	1
747	-0.2361	matrix_index[3]	7
748	-0.2357	_12654_	1
748	-0.2357	_36013_	1
748	-0.2357	_35993_	3
748	-0.2357	_35967_	4
748	-0.2357	_35929_	8
748	-0.2357	_35928_	2
748	-0.2357	_35927_	5
748	-0.2357	_35926_	1
748	-0.2357	_35925_	1
748	-0.2357	_35923_	1
748	-0.2357	_05836_	1
748	-0.2357	_05835_	2
748	-0.2357	_05831_	18
748	-0.2357	_13118_	3
748	-0.2357	_13117_	8
748	-0.2357	_06314_	1
748	-0.2357	matrix_index[3]	7
749	-0.2352	_11764_	1
749	-0.2352	_24877_	1
749	-0.2352	_24876_	1
749	-0.2352	_24874_	1
749	-0.2352	_24873_	1
749	-0.2352	_24809_	2
749	-0.2352	_24808_	2
749	-0.2352	_24777_	5
749	-0.2352	_09898_	1
749	-0.2352	_09896_	2
749	-0.2352	_15041_	2
749	-0.2352	_15039_	2
749	-0.2352	_05121_	2
749	-0.2352	_47712_	1
749	-0.2352	_45749_	1
749	-0.2352	_45727_	1
749	-0.2352	_45725_	1
749	-0.2352	_04303_	1
749	-0.2352	_15998_	10
749	-0.2352	systolic.data_queue[35][7]	2
750	-0.2336	_12665_	1
750	-0.2336	_36122_	2
750	-0.2336	_36103_	4
750	-0.2336	_36076_	3
750	-0.2336	_36075_	4
750	-0.2336	_36073_	4
750	-0.2336	_35927_	5
750	-0.2336	_35926_	1
750	-0.2336	_35925_	1
750	-0.2336	_35923_	1
750	-0.2336	_05836_	1
750	-0.2336	_05835_	2
750	-0.2336	_05831_	18
750	-0.2336	_13118_	3
750	-0.2336	_13117_	8
750	-0.2336	_06314_	1
750	-0.2336	matrix_index[3]	7
751	-0.2321	_12660_	1
751	-0.2321	_36072_	1
751	-0.2321	_36067_	1
751	-0.2321	_35961_	6
751	-0.2321	_35929_	8
751	-0.2321	_35928_	2
751	-0.2321	_35927_	5
751	-0.2321	_35926_	1
751	-0.2321	_35925_	1
751	-0.2321	_35923_	1
751	-0.2321	_05836_	1
751	-0.2321	_05835_	2
751	-0.2321	_05831_	18
751	-0.2321	_13118_	3
751	-0.2321	_13117_	8
751	-0.2321	_06314_	1
751	-0.2321	matrix_index[3]	7
752	-0.2306	_12691_	1
752	-0.2306	_36186_	6
752	-0.2306	_36185_	6
752	-0.2306	_36170_	2
752	-0.2306	_36073_	4
752	-0.2306	_35927_	5
752	-0.2306	_35926_	1
752	-0.2306	_35925_	1
752	-0.2306	_35923_	1
752	-0.2306	_05836_	1
752	-0.2306	_05835_	2
752	-0.2306	_05831_	18
752	-0.2306	_13118_	3
752	-0.2306	_13117_	8
752	-0.2306	_06314_	1
752	-0.2306	matrix_index[3]	7
753	-0.2301	_11485_	1
753	-0.2301	_22204_	1
753	-0.2301	_22203_	1
753	-0.2301	_22202_	1
753	-0.2301	_22201_	1
753	-0.2301	_22109_	2
753	-0.2301	_22108_	1
753	-0.2301	_22105_	5
753	-0.2301	_04544_	1
753	-0.2301	_04542_	2
753	-0.2301	_13661_	2
753	-0.2301	_13660_	2
753	-0.2301	_07017_	2
753	-0.2301	_43348_	1
753	-0.2301	_43332_	1
753	-0.2301	_43330_	1
753	-0.2301	_42351_	1
753	-0.2301	_01536_	1
753	-0.2301	_15631_	10
753	-0.2301	systolic.data_queue[49][7]	2
754	-0.2299	_12722_	1
754	-0.2299	_36273_	10
754	-0.2299	_36272_	2
754	-0.2299	_36255_	4
754	-0.2299	_36073_	4
754	-0.2299	_35927_	5
754	-0.2299	_35926_	1
754	-0.2299	_35925_	1
754	-0.2299	_35923_	1
754	-0.2299	_05836_	1
754	-0.2299	_05835_	2
754	-0.2299	_05831_	18
754	-0.2299	_13118_	3
754	-0.2299	_13117_	8
754	-0.2299	_06314_	1
754	-0.2299	matrix_index[3]	7
755	-0.2298	_11424_	1
755	-0.2298	_21645_	1
755	-0.2298	_21644_	1
755	-0.2298	_21643_	1
755	-0.2298	_21642_	1
755	-0.2298	_21641_	1
755	-0.2298	_21640_	2
755	-0.2298	_21570_	2
755	-0.2298	_21565_	1
755	-0.2298	_09609_	3
755	-0.2298	_09608_	2
755	-0.2298	_15118_	2
755	-0.2298	_07141_	2
755	-0.2298	_47104_	1
755	-0.2298	_46658_	1
755	-0.2298	_46528_	1
755	-0.2298	_46467_	1
755	-0.2298	_03606_	1
755	-0.2298	_16543_	10
755	-0.2298	systolic.data_queue[52][7]	2
756	-0.2292	_12724_	1
756	-0.2292	_36273_	10
756	-0.2292	_36272_	2
756	-0.2292	_36255_	4
756	-0.2292	_36073_	4
756	-0.2292	_35927_	5
756	-0.2292	_35926_	1
756	-0.2292	_35925_	1
756	-0.2292	_35923_	1
756	-0.2292	_05836_	1
756	-0.2292	_05835_	2
756	-0.2292	_05831_	18
756	-0.2292	_13118_	3
756	-0.2292	_13117_	8
756	-0.2292	_06314_	1
756	-0.2292	matrix_index[3]	7
757	-0.2292	_12718_	1
757	-0.2292	_36273_	10
757	-0.2292	_36272_	2
757	-0.2292	_36255_	4
757	-0.2292	_36073_	4
757	-0.2292	_35927_	5
757	-0.2292	_35926_	1
757	-0.2292	_35925_	1
757	-0.2292	_35923_	1
757	-0.2292	_05836_	1
757	-0.2292	_05835_	2
757	-0.2292	_05831_	18
757	-0.2292	_13118_	3
757	-0.2292	_13117_	8
757	-0.2292	_06314_	1
757	-0.2292	matrix_index[3]	7
758	-0.2292	_12717_	1
758	-0.2292	_36273_	10
758	-0.2292	_36272_	2
758	-0.2292	_36255_	4
758	-0.2292	_36073_	4
758	-0.2292	_35927_	5
758	-0.2292	_35926_	1
758	-0.2292	_35925_	1
758	-0.2292	_35923_	1
758	-0.2292	_05836_	1
758	-0.2292	_05835_	2
758	-0.2292	_05831_	18
758	-0.2292	_13118_	3
758	-0.2292	_13117_	8
758	-0.2292	_06314_	1
758	-0.2292	matrix_index[3]	7
759	-0.2292	_12713_	1
759	-0.2292	_36273_	10
759	-0.2292	_36272_	2
759	-0.2292	_36255_	4
759	-0.2292	_36073_	4
759	-0.2292	_35927_	5
759	-0.2292	_35926_	1
759	-0.2292	_35925_	1
759	-0.2292	_35923_	1
759	-0.2292	_05836_	1
759	-0.2292	_05835_	2
759	-0.2292	_05831_	18
759	-0.2292	_13118_	3
759	-0.2292	_13117_	8
759	-0.2292	_06314_	1
759	-0.2292	matrix_index[3]	7
760	-0.2290	_12684_	1
760	-0.2290	_36186_	6
760	-0.2290	_36185_	6
760	-0.2290	_36170_	2
760	-0.2290	_36073_	4
760	-0.2290	_35927_	5
760	-0.2290	_35926_	1
760	-0.2290	_35925_	1
760	-0.2290	_35923_	1
760	-0.2290	_05836_	1
760	-0.2290	_05835_	2
760	-0.2290	_05831_	18
760	-0.2290	_13118_	3
760	-0.2290	_13117_	8
760	-0.2290	_06314_	1
760	-0.2290	matrix_index[3]	7
761	-0.2285	_12325_	1
761	-0.2285	_30087_	1
761	-0.2285	_30086_	1
761	-0.2285	_30085_	1
761	-0.2285	_30084_	1
761	-0.2285	_29973_	2
761	-0.2285	_29972_	1
761	-0.2285	_29970_	5
761	-0.2285	_09155_	1
761	-0.2285	_09153_	2
761	-0.2285	_15226_	2
761	-0.2285	_15005_	2
761	-0.2285	_04746_	2
761	-0.2285	_45569_	1
761	-0.2285	_41386_	1
761	-0.2285	_41256_	1
761	-0.2285	_41161_	1
761	-0.2285	_01095_	1
761	-0.2285	_16198_	9
761	-0.2285	systolic.data_queue[7][7]	2
762	-0.2283	_12715_	1
762	-0.2283	_36273_	10
762	-0.2283	_36272_	2
762	-0.2283	_36255_	4
762	-0.2283	_36073_	4
762	-0.2283	_35927_	5
762	-0.2283	_35926_	1
762	-0.2283	_35925_	1
762	-0.2283	_35923_	1
762	-0.2283	_05836_	1
762	-0.2283	_05835_	2
762	-0.2283	_05831_	18
762	-0.2283	_13118_	3
762	-0.2283	_13117_	8
762	-0.2283	_06314_	1
762	-0.2283	matrix_index[3]	7
763	-0.2282	_12680_	1
763	-0.2282	_36195_	1
763	-0.2282	_36194_	1
763	-0.2282	_36182_	5
763	-0.2282	_36171_	3
763	-0.2282	_36170_	2
763	-0.2282	_36073_	4
763	-0.2282	_35927_	5
763	-0.2282	_35926_	1
763	-0.2282	_35925_	1
763	-0.2282	_35923_	1
763	-0.2282	_05836_	1
763	-0.2282	_05835_	2
763	-0.2282	_05831_	18
763	-0.2282	_13118_	3
763	-0.2282	_13117_	8
763	-0.2282	_06314_	1
763	-0.2282	matrix_index[3]	7
764	-0.2281	_12669_	1
764	-0.2281	_36143_	1
764	-0.2281	_36103_	4
764	-0.2281	_36076_	3
764	-0.2281	_36075_	4
764	-0.2281	_36073_	4
764	-0.2281	_35927_	5
764	-0.2281	_35926_	1
764	-0.2281	_35925_	1
764	-0.2281	_35923_	1
764	-0.2281	_05836_	1
764	-0.2281	_05835_	2
764	-0.2281	_05831_	18
764	-0.2281	_13118_	3
764	-0.2281	_13117_	8
764	-0.2281	_06314_	1
764	-0.2281	matrix_index[3]	7
765	-0.2279	_12679_	1
765	-0.2279	_36189_	1
765	-0.2279	_36188_	1
765	-0.2279	_36182_	5
765	-0.2279	_36171_	3
765	-0.2279	_36170_	2
765	-0.2279	_36073_	4
765	-0.2279	_35927_	5
765	-0.2279	_35926_	1
765	-0.2279	_35925_	1
765	-0.2279	_35923_	1
765	-0.2279	_05836_	1
765	-0.2279	_05835_	2
765	-0.2279	_05831_	18
765	-0.2279	_13118_	3
765	-0.2279	_13117_	8
765	-0.2279	_06314_	1
765	-0.2279	matrix_index[3]	7
766	-0.2278	_12719_	1
766	-0.2278	_36273_	10
766	-0.2278	_36272_	2
766	-0.2278	_36255_	4
766	-0.2278	_36073_	4
766	-0.2278	_35927_	5
766	-0.2278	_35926_	1
766	-0.2278	_35925_	1
766	-0.2278	_35923_	1
766	-0.2278	_05836_	1
766	-0.2278	_05835_	2
766	-0.2278	_05831_	18
766	-0.2278	_13118_	3
766	-0.2278	_13117_	8
766	-0.2278	_06314_	1
766	-0.2278	matrix_index[3]	7
767	-0.2278	_12712_	1
767	-0.2278	_36273_	10
767	-0.2278	_36272_	2
767	-0.2278	_36255_	4
767	-0.2278	_36073_	4
767	-0.2278	_35927_	5
767	-0.2278	_35926_	1
767	-0.2278	_35925_	1
767	-0.2278	_35923_	1
767	-0.2278	_05836_	1
767	-0.2278	_05835_	2
767	-0.2278	_05831_	18
767	-0.2278	_13118_	3
767	-0.2278	_13117_	8
767	-0.2278	_06314_	1
767	-0.2278	matrix_index[3]	7
768	-0.2278	_12710_	1
768	-0.2278	_36273_	10
768	-0.2278	_36272_	2
768	-0.2278	_36255_	4
768	-0.2278	_36073_	4
768	-0.2278	_35927_	5
768	-0.2278	_35926_	1
768	-0.2278	_35925_	1
768	-0.2278	_35923_	1
768	-0.2278	_05836_	1
768	-0.2278	_05835_	2
768	-0.2278	_05831_	18
768	-0.2278	_13118_	3
768	-0.2278	_13117_	8
768	-0.2278	_06314_	1
768	-0.2278	matrix_index[3]	7
769	-0.2274	_12678_	1
769	-0.2274	_36184_	1
769	-0.2274	_36183_	1
769	-0.2274	_36182_	5
769	-0.2274	_36171_	3
769	-0.2274	_36170_	2
769	-0.2274	_36073_	4
769	-0.2274	_35927_	5
769	-0.2274	_35926_	1
769	-0.2274	_35925_	1
769	-0.2274	_35923_	1
769	-0.2274	_05836_	1
769	-0.2274	_05835_	2
769	-0.2274	_05831_	18
769	-0.2274	_13118_	3
769	-0.2274	_13117_	8
769	-0.2274	_06314_	1
769	-0.2274	matrix_index[3]	7
770	-0.2273	_11345_	1
770	-0.2273	_20906_	1
770	-0.2273	_20905_	1
770	-0.2273	_20904_	1
770	-0.2273	_20903_	1
770	-0.2273	_20789_	2
770	-0.2273	_20772_	1
770	-0.2273	_20769_	6
770	-0.2273	_08248_	1
770	-0.2273	_08246_	2
770	-0.2273	_15716_	4
770	-0.2273	_05399_	1
770	-0.2273	_46754_	1
770	-0.2273	_46707_	1
770	-0.2273	_46582_	1
770	-0.2273	_46535_	5
770	-0.2273	_03631_	2
770	-0.2273	_15378_	10
770	-0.2273	systolic.data_queue[56][0]	1
771	-0.2272	_11665_	1
771	-0.2272	_23953_	1
771	-0.2272	_23952_	1
771	-0.2272	_23951_	1
771	-0.2272	_23950_	1
771	-0.2272	_23949_	1
771	-0.2272	_23948_	1
771	-0.2272	_23815_	2
771	-0.2272	_23810_	6
771	-0.2272	_08758_	1
771	-0.2272	_08756_	2
771	-0.2272	_16791_	2
771	-0.2272	_16790_	2
771	-0.2272	_07325_	2
771	-0.2272	_47377_	1
771	-0.2272	_47335_	1
771	-0.2272	_47301_	1
771	-0.2272	_47270_	1
771	-0.2272	_04073_	1
771	-0.2272	_15337_	10
771	-0.2272	systolic.data_queue[40][7]	2
772	-0.2271	_11884_	1
772	-0.2271	_26003_	1
772	-0.2271	_26002_	1
772	-0.2271	_26001_	1
772	-0.2271	_26000_	1
772	-0.2271	_25999_	1
772	-0.2271	_25998_	1
772	-0.2271	_25997_	1
772	-0.2271	_25942_	2
772	-0.2271	_25937_	1
772	-0.2271	_06064_	3
772	-0.2271	_06063_	2
772	-0.2271	_16908_	2
772	-0.2271	_09407_	2
772	-0.2271	_41813_	1
772	-0.2271	_41810_	1
772	-0.2271	_41738_	1
772	-0.2271	_41523_	1
772	-0.2271	_01215_	1
772	-0.2271	_16168_	10
772	-0.2271	systolic.data_queue[29][7]	2
773	-0.2257	_12698_	1
773	-0.2257	_36257_	10
773	-0.2257	_36256_	2
773	-0.2257	_36255_	4
773	-0.2257	_36073_	4
773	-0.2257	_35927_	5
773	-0.2257	_35926_	1
773	-0.2257	_35925_	1
773	-0.2257	_35923_	1
773	-0.2257	_05836_	1
773	-0.2257	_05835_	2
773	-0.2257	_05831_	18
773	-0.2257	_13118_	3
773	-0.2257	_13117_	8
773	-0.2257	_06314_	1
773	-0.2257	matrix_index[3]	7
774	-0.2252	_12364_	1
774	-0.2252	_30440_	1
774	-0.2252	_30439_	1
774	-0.2252	_30438_	1
774	-0.2252	_30437_	1
774	-0.2252	_30436_	1
774	-0.2252	_30434_	2
774	-0.2252	_30379_	2
774	-0.2252	_30332_	5
774	-0.2252	_05075_	1
774	-0.2252	_05074_	2
774	-0.2252	_14625_	2
774	-0.2252	_08100_	2
774	-0.2252	_46366_	1
774	-0.2252	_46330_	1
774	-0.2252	_42995_	1
774	-0.2252	_42992_	1
774	-0.2252	_04284_	1
774	-0.2252	_15942_	10
774	-0.2252	systolic.data_queue[5][7]	2
775	-0.2252	_12706_	1
775	-0.2252	_36257_	10
775	-0.2252	_36256_	2
775	-0.2252	_36255_	4
775	-0.2252	_36073_	4
775	-0.2252	_35927_	5
775	-0.2252	_35926_	1
775	-0.2252	_35925_	1
775	-0.2252	_35923_	1
775	-0.2252	_05836_	1
775	-0.2252	_05835_	2
775	-0.2252	_05831_	18
775	-0.2252	_13118_	3
775	-0.2252	_13117_	8
775	-0.2252	_06314_	1
775	-0.2252	matrix_index[3]	7
776	-0.2250	_12682_	1
776	-0.2250	_36208_	1
776	-0.2250	_36199_	3
776	-0.2250	_36198_	4
776	-0.2250	_36171_	3
776	-0.2250	_36170_	2
776	-0.2250	_36073_	4
776	-0.2250	_35927_	5
776	-0.2250	_35926_	1
776	-0.2250	_35925_	1
776	-0.2250	_35923_	1
776	-0.2250	_05836_	1
776	-0.2250	_05835_	2
776	-0.2250	_05831_	18
776	-0.2250	_13118_	3
776	-0.2250	_13117_	8
776	-0.2250	_06314_	1
776	-0.2250	matrix_index[3]	7
777	-0.2247	_11224_	1
777	-0.2247	_19607_	1
777	-0.2247	_19606_	1
777	-0.2247	_19605_	1
777	-0.2247	_19604_	1
777	-0.2247	_19603_	1
777	-0.2247	_19602_	2
777	-0.2247	_19533_	2
777	-0.2247	_19532_	1
777	-0.2247	_19485_	4
777	-0.2247	_08602_	1
777	-0.2247	_08600_	2
777	-0.2247	_14070_	3
777	-0.2247	_14069_	1
777	-0.2247	_07393_	3
777	-0.2247	_40324_	1
777	-0.2247	_40321_	1
777	-0.2247	_40062_	1
777	-0.2247	_40008_	1
777	-0.2247	_00618_	1
777	-0.2247	_16653_	10
777	-0.2247	systolic.data_queue[62][3]	1
778	-0.2245	_12688_	1
778	-0.2245	_36236_	1
778	-0.2245	_36199_	3
778	-0.2245	_36198_	4
778	-0.2245	_36171_	3
778	-0.2245	_36170_	2
778	-0.2245	_36073_	4
778	-0.2245	_35927_	5
778	-0.2245	_35926_	1
778	-0.2245	_35925_	1
778	-0.2245	_35923_	1
778	-0.2245	_05836_	1
778	-0.2245	_05835_	2
778	-0.2245	_05831_	18
778	-0.2245	_13118_	3
778	-0.2245	_13117_	8
778	-0.2245	_06314_	1
778	-0.2245	matrix_index[3]	7
779	-0.2245	_11302_	1
779	-0.2245	_20433_	1
779	-0.2245	_20432_	1
779	-0.2245	_20429_	1
779	-0.2245	_20428_	1
779	-0.2245	_20427_	1
779	-0.2245	_20426_	2
779	-0.2245	_20425_	1
779	-0.2245	_20374_	3
779	-0.2245	_20367_	1
779	-0.2245	_20311_	4
779	-0.2245	_08450_	1
779	-0.2245	_08448_	2
779	-0.2245	_14217_	2
779	-0.2245	_14216_	1
779	-0.2245	_10119_	3
779	-0.2245	_44152_	1
779	-0.2245	_43317_	1
779	-0.2245	_43315_	1
779	-0.2245	_44037_	1
779	-0.2245	_02314_	1
779	-0.2245	_16044_	10
779	-0.2245	systolic.data_queue[58][3]	1
780	-0.2244	_12681_	1
780	-0.2244	_36201_	1
780	-0.2244	_36199_	3
780	-0.2244	_36198_	4
780	-0.2244	_36171_	3
780	-0.2244	_36170_	2
780	-0.2244	_36073_	4
780	-0.2244	_35927_	5
780	-0.2244	_35926_	1
780	-0.2244	_35925_	1
780	-0.2244	_35923_	1
780	-0.2244	_05836_	1
780	-0.2244	_05835_	2
780	-0.2244	_05831_	18
780	-0.2244	_13118_	3
780	-0.2244	_13117_	8
780	-0.2244	_06314_	1
780	-0.2244	matrix_index[3]	7
781	-0.2244	_12705_	1
781	-0.2244	_36257_	10
781	-0.2244	_36256_	2
781	-0.2244	_36255_	4
781	-0.2244	_36073_	4
781	-0.2244	_35927_	5
781	-0.2244	_35926_	1
781	-0.2244	_35925_	1
781	-0.2244	_35923_	1
781	-0.2244	_05836_	1
781	-0.2244	_05835_	2
781	-0.2244	_05831_	18
781	-0.2244	_13118_	3
781	-0.2244	_13117_	8
781	-0.2244	_06314_	1
781	-0.2244	matrix_index[3]	7
782	-0.2244	_12703_	1
782	-0.2244	_36257_	10
782	-0.2244	_36256_	2
782	-0.2244	_36255_	4
782	-0.2244	_36073_	4
782	-0.2244	_35927_	5
782	-0.2244	_35926_	1
782	-0.2244	_35925_	1
782	-0.2244	_35923_	1
782	-0.2244	_05836_	1
782	-0.2244	_05835_	2
782	-0.2244	_05831_	18
782	-0.2244	_13118_	3
782	-0.2244	_13117_	8
782	-0.2244	_06314_	1
782	-0.2244	matrix_index[3]	7
783	-0.2242	_12702_	1
783	-0.2242	_36257_	10
783	-0.2242	_36256_	2
783	-0.2242	_36255_	4
783	-0.2242	_36073_	4
783	-0.2242	_35927_	5
783	-0.2242	_35926_	1
783	-0.2242	_35925_	1
783	-0.2242	_35923_	1
783	-0.2242	_05836_	1
783	-0.2242	_05835_	2
783	-0.2242	_05831_	18
783	-0.2242	_13118_	3
783	-0.2242	_13117_	8
783	-0.2242	_06314_	1
783	-0.2242	matrix_index[3]	7
784	-0.2242	_12704_	1
784	-0.2242	_36257_	10
784	-0.2242	_36256_	2
784	-0.2242	_36255_	4
784	-0.2242	_36073_	4
784	-0.2242	_35927_	5
784	-0.2242	_35926_	1
784	-0.2242	_35925_	1
784	-0.2242	_35923_	1
784	-0.2242	_05836_	1
784	-0.2242	_05835_	2
784	-0.2242	_05831_	18
784	-0.2242	_13118_	3
784	-0.2242	_13117_	8
784	-0.2242	_06314_	1
784	-0.2242	matrix_index[3]	7
785	-0.2242	_12701_	1
785	-0.2242	_36257_	10
785	-0.2242	_36256_	2
785	-0.2242	_36255_	4
785	-0.2242	_36073_	4
785	-0.2242	_35927_	5
785	-0.2242	_35926_	1
785	-0.2242	_35925_	1
785	-0.2242	_35923_	1
785	-0.2242	_05836_	1
785	-0.2242	_05835_	2
785	-0.2242	_05831_	18
785	-0.2242	_13118_	3
785	-0.2242	_13117_	8
785	-0.2242	_06314_	1
785	-0.2242	matrix_index[3]	7
786	-0.2242	_12697_	1
786	-0.2242	_36257_	10
786	-0.2242	_36256_	2
786	-0.2242	_36255_	4
786	-0.2242	_36073_	4
786	-0.2242	_35927_	5
786	-0.2242	_35926_	1
786	-0.2242	_35925_	1
786	-0.2242	_35923_	1
786	-0.2242	_05836_	1
786	-0.2242	_05835_	2
786	-0.2242	_05831_	18
786	-0.2242	_13118_	3
786	-0.2242	_13117_	8
786	-0.2242	_06314_	1
786	-0.2242	matrix_index[3]	7
787	-0.2242	_12696_	1
787	-0.2242	_36257_	10
787	-0.2242	_36256_	2
787	-0.2242	_36255_	4
787	-0.2242	_36073_	4
787	-0.2242	_35927_	5
787	-0.2242	_35926_	1
787	-0.2242	_35925_	1
787	-0.2242	_35923_	1
787	-0.2242	_05836_	1
787	-0.2242	_05835_	2
787	-0.2242	_05831_	18
787	-0.2242	_13118_	3
787	-0.2242	_13117_	8
787	-0.2242	_06314_	1
787	-0.2242	matrix_index[3]	7
788	-0.2242	_12695_	1
788	-0.2242	_36257_	10
788	-0.2242	_36256_	2
788	-0.2242	_36255_	4
788	-0.2242	_36073_	4
788	-0.2242	_35927_	5
788	-0.2242	_35926_	1
788	-0.2242	_35925_	1
788	-0.2242	_35923_	1
788	-0.2242	_05836_	1
788	-0.2242	_05835_	2
788	-0.2242	_05831_	18
788	-0.2242	_13118_	3
788	-0.2242	_13117_	8
788	-0.2242	_06314_	1
788	-0.2242	matrix_index[3]	7
789	-0.2239	_11464_	1
789	-0.2239	_22016_	1
789	-0.2239	_22015_	1
789	-0.2239	_22014_	1
789	-0.2239	_22013_	1
789	-0.2239	_22012_	1
789	-0.2239	_21958_	3
789	-0.2239	_21951_	1
789	-0.2239	_21950_	1
789	-0.2239	_07483_	4
789	-0.2239	_07482_	2
789	-0.2239	_15289_	2
789	-0.2239	_05274_	2
789	-0.2239	_47722_	1
789	-0.2239	_47256_	1
789	-0.2239	_47054_	1
789	-0.2239	_45300_	1
789	-0.2239	_02907_	1
789	-0.2239	_15785_	10
789	-0.2239	systolic.data_queue[50][7]	2
790	-0.2222	_12674_	1
790	-0.2222	_36165_	1
790	-0.2222	_36164_	1
790	-0.2222	_36095_	2
790	-0.2222	_36075_	4
790	-0.2222	_36073_	4
790	-0.2222	_35927_	5
790	-0.2222	_35926_	1
790	-0.2222	_35925_	1
790	-0.2222	_35923_	1
790	-0.2222	_05836_	1
790	-0.2222	_05835_	2
790	-0.2222	_05831_	18
790	-0.2222	_13118_	3
790	-0.2222	_13117_	8
790	-0.2222	_06314_	1
790	-0.2222	matrix_index[3]	7
791	-0.2220	_11824_	1
791	-0.2220	_25460_	1
791	-0.2220	_25459_	1
791	-0.2220	_25458_	1
791	-0.2220	_25457_	1
791	-0.2220	_25456_	1
791	-0.2220	_25455_	1
791	-0.2220	_25388_	4
791	-0.2220	_25381_	1
791	-0.2220	_25346_	4
791	-0.2220	_09258_	1
791	-0.2220	_09256_	2
791	-0.2220	_14388_	2
791	-0.2220	_14387_	1
791	-0.2220	_09374_	3
791	-0.2220	_44162_	1
791	-0.2220	_44159_	1
791	-0.2220	_44277_	1
791	-0.2220	_43018_	1
791	-0.2220	_01830_	1
791	-0.2220	_16028_	10
791	-0.2220	systolic.data_queue[32][3]	1
792	-0.2205	_11284_	1
792	-0.2205	_20233_	1
792	-0.2205	_20232_	1
792	-0.2205	_20231_	1
792	-0.2205	_20216_	2
792	-0.2205	_20215_	1
792	-0.2205	_20214_	2
792	-0.2205	_20147_	2
792	-0.2205	_20143_	1
792	-0.2205	_09766_	4
792	-0.2205	_09765_	2
792	-0.2205	_14187_	2
792	-0.2205	_08513_	2
792	-0.2205	_43643_	1
792	-0.2205	_43640_	1
792	-0.2205	_44355_	1
792	-0.2205	_44557_	1
792	-0.2205	_03305_	1
792	-0.2205	_16341_	10
792	-0.2205	systolic.data_queue[59][7]	2
793	-0.2205	_12086_	1
793	-0.2205	_27858_	1
793	-0.2205	_27857_	1
793	-0.2205	_27856_	1
793	-0.2205	_27841_	2
793	-0.2205	_27781_	2
793	-0.2205	_27736_	5
793	-0.2205	_09023_	1
793	-0.2205	_09022_	2
793	-0.2205	_13901_	2
793	-0.2205	_08490_	2
793	-0.2205	_39980_	1
793	-0.2205	_39977_	1
793	-0.2205	_43615_	1
793	-0.2205	_43582_	1
793	-0.2205	_02097_	1
793	-0.2205	_16080_	10
793	-0.2205	systolic.data_queue[19][7]	2
794	-0.2202	_12664_	1
794	-0.2202	_36109_	1
794	-0.2202	_36103_	4
794	-0.2202	_36076_	3
794	-0.2202	_36075_	4
794	-0.2202	_36073_	4
794	-0.2202	_35927_	5
794	-0.2202	_35926_	1
794	-0.2202	_35925_	1
794	-0.2202	_35923_	1
794	-0.2202	_05836_	1
794	-0.2202	_05835_	2
794	-0.2202	_05831_	18
794	-0.2202	_13118_	3
794	-0.2202	_13117_	8
794	-0.2202	_06314_	1
794	-0.2202	matrix_index[3]	7
795	-0.2201	_12144_	1
795	-0.2201	_28412_	1
795	-0.2201	_28411_	1
795	-0.2201	_28410_	1
795	-0.2201	_28409_	1
795	-0.2201	_28345_	2
795	-0.2201	_28344_	1
795	-0.2201	_28313_	5
795	-0.2201	_07479_	1
795	-0.2201	_07477_	2
795	-0.2201	_16464_	2
795	-0.2201	_15292_	2
795	-0.2201	_06547_	2
795	-0.2201	_47404_	1
795	-0.2201	_47307_	1
795	-0.2201	_46493_	1
795	-0.2201	_46490_	1
795	-0.2201	_04107_	1
795	-0.2201	_16527_	10
795	-0.2201	systolic.data_queue[16][7]	2
796	-0.2187	_12683_	1
796	-0.2187	_36213_	1
796	-0.2187	_36198_	4
796	-0.2187	_36171_	3
796	-0.2187	_36170_	2
796	-0.2187	_36073_	4
796	-0.2187	_35927_	5
796	-0.2187	_35926_	1
796	-0.2187	_35925_	1
796	-0.2187	_35923_	1
796	-0.2187	_05836_	1
796	-0.2187	_05835_	2
796	-0.2187	_05831_	18
796	-0.2187	_13118_	3
796	-0.2187	_13117_	8
796	-0.2187	_06314_	1
796	-0.2187	matrix_index[3]	7
797	-0.2185	_11864_	1
797	-0.2185	_25819_	1
797	-0.2185	_25818_	1
797	-0.2185	_25817_	1
797	-0.2185	_25816_	1
797	-0.2185	_25815_	1
797	-0.2185	_25814_	2
797	-0.2185	_25751_	2
797	-0.2185	_25746_	1
797	-0.2185	_10246_	4
797	-0.2185	_10245_	2
797	-0.2185	_16860_	2
797	-0.2185	_08011_	2
797	-0.2185	_47671_	1
797	-0.2185	_47584_	1
797	-0.2185	_47506_	1
797	-0.2185	_47478_	1
797	-0.2185	_04165_	1
797	-0.2185	_15286_	10
797	-0.2185	systolic.data_queue[30][7]	2
798	-0.2177	_11705_	1
798	-0.2177	_24315_	1
798	-0.2177	_24314_	1
798	-0.2177	_24313_	1
798	-0.2177	_24312_	1
798	-0.2177	_24220_	2
798	-0.2177	_24207_	1
798	-0.2177	_24204_	5
798	-0.2177	_06603_	1
798	-0.2177	_06601_	2
798	-0.2177	_14125_	2
798	-0.2177	_14124_	2
798	-0.2177	_06153_	2
798	-0.2177	_41973_	1
798	-0.2177	_41970_	1
798	-0.2177	_45947_	1
798	-0.2177	_45945_	1
798	-0.2177	_04035_	1
798	-0.2177	_15982_	10
798	-0.2177	systolic.data_queue[38][7]	2
799	-0.2167	_11544_	1
799	-0.2167	_22798_	1
799	-0.2167	_22797_	1
799	-0.2167	_22796_	1
799	-0.2167	_22783_	2
799	-0.2167	_22781_	1
799	-0.2167	_22780_	2
799	-0.2167	_22725_	2
799	-0.2167	_22720_	1
799	-0.2167	_08517_	4
799	-0.2167	_08516_	2
799	-0.2167	_13717_	2
799	-0.2167	_08877_	2
799	-0.2167	_47350_	1
799	-0.2167	_46121_	1
799	-0.2167	_46098_	1
799	-0.2167	_43031_	1
799	-0.2167	_01837_	1
799	-0.2167	_15958_	10
799	-0.2167	systolic.data_queue[46][7]	2
800	-0.2166	_12085_	1
800	-0.2166	_27854_	1
800	-0.2166	_27853_	1
800	-0.2166	_27852_	1
800	-0.2166	_27851_	1
800	-0.2166	_27752_	2
800	-0.2166	_27734_	6
800	-0.2166	_08372_	1
800	-0.2166	_08370_	2
800	-0.2166	_13903_	2
800	-0.2166	_13901_	2
800	-0.2166	_08490_	2
800	-0.2166	_39980_	1
800	-0.2166	_39977_	1
800	-0.2166	_43615_	1
800	-0.2166	_43582_	1
800	-0.2166	_02097_	1
800	-0.2166	_16080_	10
800	-0.2166	systolic.data_queue[19][7]	2
801	-0.2162	_11304_	1
801	-0.2162	_20442_	1
801	-0.2162	_20441_	1
801	-0.2162	_20440_	1
801	-0.2162	_20426_	2
801	-0.2162	_20425_	1
801	-0.2162	_20374_	3
801	-0.2162	_20367_	1
801	-0.2162	_20311_	4
801	-0.2162	_08450_	1
801	-0.2162	_08448_	2
801	-0.2162	_14217_	2
801	-0.2162	_14216_	1
801	-0.2162	_10119_	3
801	-0.2162	_44152_	1
801	-0.2162	_43317_	1
801	-0.2162	_43315_	1
801	-0.2162	_44037_	1
801	-0.2162	_02314_	1
801	-0.2162	_16044_	10
801	-0.2162	systolic.data_queue[58][3]	1
802	-0.2159	_12045_	1
802	-0.2159	_27484_	1
802	-0.2159	_27483_	1
802	-0.2159	_27482_	1
802	-0.2159	_27481_	1
802	-0.2159	_27394_	2
802	-0.2159	_27374_	6
802	-0.2159	_06825_	1
802	-0.2159	_06823_	2
802	-0.2159	_13809_	2
802	-0.2159	_13808_	2
802	-0.2159	_04591_	2
802	-0.2159	_42769_	1
802	-0.2159	_42767_	1
802	-0.2159	_44012_	1
802	-0.2159	_40997_	1
802	-0.2159	_01044_	1
802	-0.2159	_16357_	10
802	-0.2159	systolic.data_queue[21][7]	2
803	-0.2132	_11404_	1
803	-0.2132	_21456_	1
803	-0.2132	_21455_	1
803	-0.2132	_21454_	1
803	-0.2132	_21443_	2
803	-0.2132	_21441_	1
803	-0.2132	_21440_	2
803	-0.2132	_21384_	2
803	-0.2132	_21379_	1
803	-0.2132	_04714_	4
803	-0.2132	_04713_	2
803	-0.2132	_13143_	2
803	-0.2132	_08660_	2
803	-0.2132	_43426_	1
803	-0.2132	_43319_	1
803	-0.2132	_43209_	1
803	-0.2132	_42255_	1
803	-0.2132	_01487_	1
803	-0.2132	_15652_	10
803	-0.2132	systolic.data_queue[53][7]	2
804	-0.2130	_12164_	1
804	-0.2130	_28603_	1
804	-0.2130	_28602_	1
804	-0.2130	_28601_	1
804	-0.2130	_28600_	1
804	-0.2130	_28599_	1
804	-0.2130	_28541_	3
804	-0.2130	_28540_	1
804	-0.2130	_07518_	4
804	-0.2130	_07516_	2
804	-0.2130	_13396_	2
804	-0.2130	_13395_	1
804	-0.2130	_09907_	3
804	-0.2130	_43142_	1
804	-0.2130	_42520_	1
804	-0.2130	_41458_	1
804	-0.2130	_40701_	1
804	-0.2130	_00904_	1
804	-0.2130	_15416_	9
804	-0.2130	systolic.data_queue[15][3]	1
805	-0.2130	_12727_	1
805	-0.2130	_36313_	1
805	-0.2130	_36307_	10
805	-0.2130	_36306_	4
805	-0.2130	_36305_	2
805	-0.2130	_36304_	1
805	-0.2130	_35927_	5
805	-0.2130	_35926_	1
805	-0.2130	_35925_	1
805	-0.2130	_35923_	1
805	-0.2130	_05836_	1
805	-0.2130	_05835_	2
805	-0.2130	_05831_	18
805	-0.2130	_13118_	3
805	-0.2130	_13117_	8
805	-0.2130	_06314_	1
805	-0.2130	matrix_index[3]	7
806	-0.2130	_12731_	1
806	-0.2130	_36322_	1
806	-0.2130	_36307_	10
806	-0.2130	_36306_	4
806	-0.2130	_36305_	2
806	-0.2130	_36304_	1
806	-0.2130	_35927_	5
806	-0.2130	_35926_	1
806	-0.2130	_35925_	1
806	-0.2130	_35923_	1
806	-0.2130	_05836_	1
806	-0.2130	_05835_	2
806	-0.2130	_05831_	18
806	-0.2130	_13118_	3
806	-0.2130	_13117_	8
806	-0.2130	_06314_	1
806	-0.2130	matrix_index[3]	7
807	-0.2130	_12726_	1
807	-0.2130	_36312_	1
807	-0.2130	_36307_	10
807	-0.2130	_36306_	4
807	-0.2130	_36305_	2
807	-0.2130	_36304_	1
807	-0.2130	_35927_	5
807	-0.2130	_35926_	1
807	-0.2130	_35925_	1
807	-0.2130	_35923_	1
807	-0.2130	_05836_	1
807	-0.2130	_05835_	2
807	-0.2130	_05831_	18
807	-0.2130	_13118_	3
807	-0.2130	_13117_	8
807	-0.2130	_06314_	1
807	-0.2130	matrix_index[3]	7
808	-0.2130	_12725_	1
808	-0.2130	_36311_	1
808	-0.2130	_36307_	10
808	-0.2130	_36306_	4
808	-0.2130	_36305_	2
808	-0.2130	_36304_	1
808	-0.2130	_35927_	5
808	-0.2130	_35926_	1
808	-0.2130	_35925_	1
808	-0.2130	_35923_	1
808	-0.2130	_05836_	1
808	-0.2130	_05835_	2
808	-0.2130	_05831_	18
808	-0.2130	_13118_	3
808	-0.2130	_13117_	8
808	-0.2130	_06314_	1
808	-0.2130	matrix_index[3]	7
809	-0.2130	_12732_	1
809	-0.2130	_36324_	1
809	-0.2130	_36307_	10
809	-0.2130	_36306_	4
809	-0.2130	_36305_	2
809	-0.2130	_36304_	1
809	-0.2130	_35927_	5
809	-0.2130	_35926_	1
809	-0.2130	_35925_	1
809	-0.2130	_35923_	1
809	-0.2130	_05836_	1
809	-0.2130	_05835_	2
809	-0.2130	_05831_	18
809	-0.2130	_13118_	3
809	-0.2130	_13117_	8
809	-0.2130	_06314_	1
809	-0.2130	matrix_index[3]	7
810	-0.2128	_11945_	1
810	-0.2128	_26567_	1
810	-0.2128	_26566_	1
810	-0.2128	_26565_	1
810	-0.2128	_26564_	1
810	-0.2128	_26563_	1
810	-0.2128	_26561_	1
810	-0.2128	_26449_	5
810	-0.2128	_06127_	1
810	-0.2128	_06125_	2
810	-0.2128	_13481_	2
810	-0.2128	_13480_	2
810	-0.2128	_07633_	2
810	-0.2128	_47130_	1
810	-0.2128	_40853_	1
810	-0.2128	_40850_	1
810	-0.2128	_43356_	1
810	-0.2128	_01967_	1
810	-0.2128	_16511_	10
810	-0.2128	systolic.data_queue[26][7]	2
811	-0.2126	_11604_	1
811	-0.2126	_23357_	1
811	-0.2126	_23356_	1
811	-0.2126	_23355_	1
811	-0.2126	_23354_	1
811	-0.2126	_23353_	1
811	-0.2126	_23352_	2
811	-0.2126	_23281_	2
811	-0.2126	_23276_	1
811	-0.2126	_09712_	4
811	-0.2126	_09711_	2
811	-0.2126	_14502_	2
811	-0.2126	_05713_	2
811	-0.2126	_44520_	1
811	-0.2126	_44046_	1
811	-0.2126	_43992_	1
811	-0.2126	_43531_	1
811	-0.2126	_02059_	1
811	-0.2126	_15494_	10
811	-0.2126	systolic.data_queue[43][7]	2
812	-0.2112	_12648_	1
812	-0.2112	_35963_	2
812	-0.2112	_35961_	6
812	-0.2112	_35929_	8
812	-0.2112	_35928_	2
812	-0.2112	_35927_	5
812	-0.2112	_35926_	1
812	-0.2112	_35925_	1
812	-0.2112	_35923_	1
812	-0.2112	_05836_	1
812	-0.2112	_05835_	2
812	-0.2112	_05831_	18
812	-0.2112	_13118_	3
812	-0.2112	_13117_	8
812	-0.2112	_06314_	1
812	-0.2112	matrix_index[3]	7
813	-0.2105	_12689_	1
813	-0.2105	_36239_	1
813	-0.2105	_36185_	6
813	-0.2105	_36170_	2
813	-0.2105	_36073_	4
813	-0.2105	_35927_	5
813	-0.2105	_35926_	1
813	-0.2105	_35925_	1
813	-0.2105	_35923_	1
813	-0.2105	_05836_	1
813	-0.2105	_05835_	2
813	-0.2105	_05831_	18
813	-0.2105	_13118_	3
813	-0.2105	_13117_	8
813	-0.2105	_06314_	1
813	-0.2105	matrix_index[3]	7
814	-0.2102	_11964_	1
814	-0.2102	_26731_	1
814	-0.2102	_26730_	1
814	-0.2102	_26729_	1
814	-0.2102	_26728_	1
814	-0.2102	_26727_	1
814	-0.2102	_26726_	1
814	-0.2102	_26674_	4
814	-0.2102	_26667_	1
814	-0.2102	_08557_	4
814	-0.2102	_08555_	2
814	-0.2102	_14636_	2
814	-0.2102	_14634_	1
814	-0.2102	_08207_	3
814	-0.2102	_44990_	1
814	-0.2102	_44808_	1
814	-0.2102	_44807_	1
814	-0.2102	_40683_	1
814	-0.2102	_00890_	1
814	-0.2102	_15829_	10
814	-0.2102	systolic.data_queue[25][3]	1
815	-0.2088	_12651_	1
815	-0.2088	_35963_	2
815	-0.2088	_35961_	6
815	-0.2088	_35929_	8
815	-0.2088	_35928_	2
815	-0.2088	_35927_	5
815	-0.2088	_35926_	1
815	-0.2088	_35925_	1
815	-0.2088	_35923_	1
815	-0.2088	_05836_	1
815	-0.2088	_05835_	2
815	-0.2088	_05831_	18
815	-0.2088	_13118_	3
815	-0.2088	_13117_	8
815	-0.2088	_06314_	1
815	-0.2088	matrix_index[3]	7
816	-0.2065	_11444_	1
816	-0.2065	_21833_	1
816	-0.2065	_21832_	1
816	-0.2065	_21831_	1
816	-0.2065	_21830_	1
816	-0.2065	_21828_	1
816	-0.2065	_21827_	2
816	-0.2065	_21756_	2
816	-0.2065	_21752_	1
816	-0.2065	_08840_	3
816	-0.2065	_08839_	2
816	-0.2065	_13977_	2
816	-0.2065	_06283_	2
816	-0.2065	_43240_	1
816	-0.2065	_43237_	1
816	-0.2065	_46224_	1
816	-0.2065	_46222_	1
816	-0.2065	_03540_	1
816	-0.2065	_15562_	10
816	-0.2065	systolic.data_queue[51][7]	2
817	-0.2061	_11806_	1
817	-0.2061	_25266_	1
817	-0.2061	_25265_	1
817	-0.2061	_25264_	1
817	-0.2061	_25244_	2
817	-0.2061	_25175_	2
817	-0.2061	_25135_	5
817	-0.2061	_06088_	1
817	-0.2061	_06087_	2
817	-0.2061	_13499_	2
817	-0.2061	_05123_	2
817	-0.2061	_47280_	1
817	-0.2061	_42321_	1
817	-0.2061	_42319_	1
817	-0.2061	_46105_	1
817	-0.2061	_03374_	1
817	-0.2061	_16460_	10
817	-0.2061	systolic.data_queue[33][7]	2
818	-0.2047	_12714_	1
818	-0.2047	_36281_	1
818	-0.2047	_36276_	6
818	-0.2047	_36272_	2
818	-0.2047	_36255_	4
818	-0.2047	_36073_	4
818	-0.2047	_35927_	5
818	-0.2047	_35926_	1
818	-0.2047	_35925_	1
818	-0.2047	_35923_	1
818	-0.2047	_05836_	1
818	-0.2047	_05835_	2
818	-0.2047	_05831_	18
818	-0.2047	_13118_	3
818	-0.2047	_13117_	8
818	-0.2047	_06314_	1
818	-0.2047	matrix_index[3]	7
819	-0.2029	_12728_	1
819	-0.2029	_36316_	1
819	-0.2029	_36307_	10
819	-0.2029	_36306_	4
819	-0.2029	_36305_	2
819	-0.2029	_36304_	1
819	-0.2029	_35927_	5
819	-0.2029	_35926_	1
819	-0.2029	_35925_	1
819	-0.2029	_35923_	1
819	-0.2029	_05836_	1
819	-0.2029	_05835_	2
819	-0.2029	_05831_	18
819	-0.2029	_13118_	3
819	-0.2029	_13117_	8
819	-0.2029	_06314_	1
819	-0.2029	matrix_index[3]	7
820	-0.2029	_12737_	1
820	-0.2029	_36331_	1
820	-0.2029	_36307_	10
820	-0.2029	_36306_	4
820	-0.2029	_36305_	2
820	-0.2029	_36304_	1
820	-0.2029	_35927_	5
820	-0.2029	_35926_	1
820	-0.2029	_35925_	1
820	-0.2029	_35923_	1
820	-0.2029	_05836_	1
820	-0.2029	_05835_	2
820	-0.2029	_05831_	18
820	-0.2029	_13118_	3
820	-0.2029	_13117_	8
820	-0.2029	_06314_	1
820	-0.2029	matrix_index[3]	7
821	-0.2028	_12740_	1
821	-0.2028	_36337_	1
821	-0.2028	_36307_	10
821	-0.2028	_36306_	4
821	-0.2028	_36305_	2
821	-0.2028	_36304_	1
821	-0.2028	_35927_	5
821	-0.2028	_35926_	1
821	-0.2028	_35925_	1
821	-0.2028	_35923_	1
821	-0.2028	_05836_	1
821	-0.2028	_05835_	2
821	-0.2028	_05831_	18
821	-0.2028	_13118_	3
821	-0.2028	_13117_	8
821	-0.2028	_06314_	1
821	-0.2028	matrix_index[3]	7
822	-0.2028	_12739_	1
822	-0.2028	_36335_	1
822	-0.2028	_36307_	10
822	-0.2028	_36306_	4
822	-0.2028	_36305_	2
822	-0.2028	_36304_	1
822	-0.2028	_35927_	5
822	-0.2028	_35926_	1
822	-0.2028	_35925_	1
822	-0.2028	_35923_	1
822	-0.2028	_05836_	1
822	-0.2028	_05835_	2
822	-0.2028	_05831_	18
822	-0.2028	_13118_	3
822	-0.2028	_13117_	8
822	-0.2028	_06314_	1
822	-0.2028	matrix_index[3]	7
823	-0.2021	_11324_	1
823	-0.2021	_20676_	1
823	-0.2021	_20675_	1
823	-0.2021	_20674_	1
823	-0.2021	_20673_	1
823	-0.2021	_20671_	1
823	-0.2021	_20670_	2
823	-0.2021	_20579_	2
823	-0.2021	_20574_	1
823	-0.2021	_08008_	4
823	-0.2021	_08007_	2
823	-0.2021	_13202_	2
823	-0.2021	_06023_	2
823	-0.2021	_42187_	1
823	-0.2021	_42185_	1
823	-0.2021	_42212_	1
823	-0.2021	_41316_	1
823	-0.2021	_01135_	1
823	-0.2021	_15765_	10
823	-0.2021	systolic.data_queue[57][7]	2
824	-0.2017	_12464_	1
824	-0.2017	_31371_	1
824	-0.2017	_31370_	1
824	-0.2017	_31369_	1
824	-0.2017	_31358_	2
824	-0.2017	_31357_	1
824	-0.2017	_31355_	2
824	-0.2017	_31293_	2
824	-0.2017	_31292_	1
824	-0.2017	_09063_	4
824	-0.2017	_09061_	2
824	-0.2017	_17033_	2
824	-0.2017	_17032_	1
824	-0.2017	_09356_	3
824	-0.2017	_47550_	1
824	-0.2017	_47548_	1
824	-0.2017	_46157_	1
824	-0.2017	_46153_	1
824	-0.2017	_03432_	1
824	-0.2017	_15454_	10
824	-0.2017	systolic.data_queue[0][3]	1
825	-0.2012	_11664_	1
825	-0.2012	_23943_	1
825	-0.2012	_23942_	1
825	-0.2012	_23940_	1
825	-0.2012	_23939_	1
825	-0.2012	_23938_	1
825	-0.2012	_23937_	2
825	-0.2012	_23866_	2
825	-0.2012	_23864_	1
825	-0.2012	_08761_	4
825	-0.2012	_08759_	2
825	-0.2012	_16778_	2
825	-0.2012	_16777_	1
825	-0.2012	_04421_	3
825	-0.2012	_47380_	1
825	-0.2012	_47339_	1
825	-0.2012	_47237_	1
825	-0.2012	_47202_	1
825	-0.2012	_04024_	1
825	-0.2012	_15308_	10
825	-0.2012	systolic.data_queue[40][3]	1
826	-0.2008	_12662_	1
826	-0.2008	_36092_	1
826	-0.2008	_36081_	5
826	-0.2008	_36075_	4
826	-0.2008	_36073_	4
826	-0.2008	_35927_	5
826	-0.2008	_35926_	1
826	-0.2008	_35925_	1
826	-0.2008	_35923_	1
826	-0.2008	_05836_	1
826	-0.2008	_05835_	2
826	-0.2008	_05831_	18
826	-0.2008	_13118_	3
826	-0.2008	_13117_	8
826	-0.2008	_06314_	1
826	-0.2008	matrix_index[3]	7
827	-0.2004	_12690_	1
827	-0.2004	_36198_	4
827	-0.2004	_36171_	3
827	-0.2004	_36170_	2
827	-0.2004	_36073_	4
827	-0.2004	_35927_	5
827	-0.2004	_35926_	1
827	-0.2004	_35925_	1
827	-0.2004	_35923_	1
827	-0.2004	_05836_	1
827	-0.2004	_05835_	2
827	-0.2004	_05831_	18
827	-0.2004	_13118_	3
827	-0.2004	_13117_	8
827	-0.2004	_06314_	1
827	-0.2004	matrix_index[3]	7
828	-0.2003	_12024_	1
828	-0.2003	_27300_	1
828	-0.2003	_27299_	1
828	-0.2003	_27298_	1
828	-0.2003	_27297_	1
828	-0.2003	_27296_	1
828	-0.2003	_27246_	3
828	-0.2003	_27239_	1
828	-0.2003	_08882_	4
828	-0.2003	_08880_	2
828	-0.2003	_13582_	2
828	-0.2003	_13581_	1
828	-0.2003	_09737_	3
828	-0.2003	_42105_	1
828	-0.2003	_41203_	1
828	-0.2003	_41201_	1
828	-0.2003	_46029_	1
828	-0.2003	_03256_	1
828	-0.2003	_16589_	10
828	-0.2003	systolic.data_queue[22][3]	1
829	-0.2002	_12004_	1
829	-0.2002	_27122_	1
829	-0.2002	_27121_	1
829	-0.2002	_27120_	1
829	-0.2002	_27119_	1
829	-0.2002	_27118_	1
829	-0.2002	_27117_	1
829	-0.2002	_27116_	2
829	-0.2002	_27054_	2
829	-0.2002	_27049_	1
829	-0.2002	_07145_	4
829	-0.2002	_07144_	2
829	-0.2002	_16273_	2
829	-0.2002	_09512_	2
829	-0.2002	_47069_	1
829	-0.2002	_47045_	1
829	-0.2002	_47015_	1
829	-0.2002	_46992_	1
829	-0.2002	_03933_	1
829	-0.2002	_15357_	9
829	-0.2002	systolic.weight_queue[23][1]	1
830	-0.1979	_11244_	1
830	-0.1979	_19812_	1
830	-0.1979	_19811_	1
830	-0.1979	_19810_	1
830	-0.1979	_19809_	1
830	-0.1979	_19732_	2
830	-0.1979	_19731_	1
830	-0.1979	_07046_	4
830	-0.1979	_07044_	2
830	-0.1979	_14624_	1
830	-0.1979	_14577_	4
830	-0.1979	_09479_	1
830	-0.1979	_44911_	1
830	-0.1979	_44909_	1
830	-0.1979	_46416_	1
830	-0.1979	_40763_	5
830	-0.1979	_03779_	2
830	-0.1979	_16560_	10
830	-0.1979	systolic.data_queue[61][0]	1
831	-0.1969	_12729_	1
831	-0.1969	_36317_	1
831	-0.1969	_36307_	10
831	-0.1969	_36306_	4
831	-0.1969	_36305_	2
831	-0.1969	_36304_	1
831	-0.1969	_35927_	5
831	-0.1969	_35926_	1
831	-0.1969	_35925_	1
831	-0.1969	_35923_	1
831	-0.1969	_05836_	1
831	-0.1969	_05835_	2
831	-0.1969	_05831_	18
831	-0.1969	_13118_	3
831	-0.1969	_13117_	8
831	-0.1969	_06314_	1
831	-0.1969	matrix_index[3]	7
832	-0.1961	_12365_	1
832	-0.1961	_30448_	1
832	-0.1961	_30447_	1
832	-0.1961	_30446_	1
832	-0.1961	_30445_	1
832	-0.1961	_30334_	2
832	-0.1961	_30331_	7
832	-0.1961	_05073_	1
832	-0.1961	_05071_	2
832	-0.1961	_15217_	2
832	-0.1961	_14625_	2
832	-0.1961	_08100_	2
832	-0.1961	_46366_	1
832	-0.1961	_46330_	1
832	-0.1961	_42995_	1
832	-0.1961	_42992_	1
832	-0.1961	_04284_	1
832	-0.1961	_15942_	10
832	-0.1961	systolic.data_queue[5][7]	2
833	-0.1957	_12225_	1
833	-0.1957	_29152_	1
833	-0.1957	_29151_	1
833	-0.1957	_29150_	1
833	-0.1957	_29149_	1
833	-0.1957	_29148_	1
833	-0.1957	_29037_	2
833	-0.1957	_29035_	7
833	-0.1957	_07759_	1
833	-0.1957	_07757_	2
833	-0.1957	_14158_	2
833	-0.1957	_14156_	2
833	-0.1957	_08993_	2
833	-0.1957	_41681_	1
833	-0.1957	_41679_	1
833	-0.1957	_47112_	1
833	-0.1957	_47540_	1
833	-0.1957	_04219_	1
833	-0.1957	_16559_	10
833	-0.1957	systolic.data_queue[12][7]	2
834	-0.1954	_11805_	1
834	-0.1954	_25262_	1
834	-0.1954	_25261_	1
834	-0.1954	_25260_	1
834	-0.1954	_25259_	1
834	-0.1954	_25258_	1
834	-0.1954	_25137_	2
834	-0.1954	_25134_	7
834	-0.1954	_06053_	1
834	-0.1954	_06051_	2
834	-0.1954	_13501_	2
834	-0.1954	_13499_	2
834	-0.1954	_05123_	2
834	-0.1954	_47280_	1
834	-0.1954	_42321_	1
834	-0.1954	_42319_	1
834	-0.1954	_46105_	1
834	-0.1954	_03374_	1
834	-0.1954	_16460_	10
834	-0.1954	systolic.data_queue[33][7]	2
835	-0.1941	_11426_	1
835	-0.1941	_21656_	1
835	-0.1941	_21655_	1
835	-0.1941	_21654_	1
835	-0.1941	_21640_	2
835	-0.1941	_21570_	2
835	-0.1941	_21565_	1
835	-0.1941	_09609_	3
835	-0.1941	_09608_	2
835	-0.1941	_15118_	2
835	-0.1941	_07141_	2
835	-0.1941	_47104_	1
835	-0.1941	_46658_	1
835	-0.1941	_46528_	1
835	-0.1941	_46467_	1
835	-0.1941	_03606_	1
835	-0.1941	_16543_	10
835	-0.1941	systolic.data_queue[52][7]	2
836	-0.1917	_11826_	1
836	-0.1917	_25470_	1
836	-0.1917	_25469_	1
836	-0.1917	_25468_	1
836	-0.1917	_25388_	4
836	-0.1917	_25381_	1
836	-0.1917	_25346_	4
836	-0.1917	_09258_	1
836	-0.1917	_09256_	2
836	-0.1917	_14388_	2
836	-0.1917	_14387_	1
836	-0.1917	_09374_	3
836	-0.1917	_44162_	1
836	-0.1917	_44159_	1
836	-0.1917	_44277_	1
836	-0.1917	_43018_	1
836	-0.1917	_01830_	1
836	-0.1917	_16028_	10
836	-0.1917	systolic.data_queue[32][3]	1
837	-0.1916	_12653_	1
837	-0.1916	_36010_	1
837	-0.1916	_35961_	6
837	-0.1916	_35929_	8
837	-0.1916	_35928_	2
837	-0.1916	_35927_	5
837	-0.1916	_35926_	1
837	-0.1916	_35925_	1
837	-0.1916	_35923_	1
837	-0.1916	_05836_	1
837	-0.1916	_05835_	2
837	-0.1916	_05831_	18
837	-0.1916	_13118_	3
837	-0.1916	_13117_	8
837	-0.1916	_06314_	1
837	-0.1916	matrix_index[3]	7
838	-0.1916	_11725_	1
838	-0.1916	_24494_	1
838	-0.1916	_24493_	1
838	-0.1916	_24492_	1
838	-0.1916	_24491_	1
838	-0.1916	_24403_	2
838	-0.1916	_24386_	1
838	-0.1916	_10170_	4
838	-0.1916	_10168_	2
838	-0.1916	_14562_	2
838	-0.1916	_14560_	2
838	-0.1916	_09120_	2
838	-0.1916	_41198_	1
838	-0.1916	_41195_	1
838	-0.1916	_39920_	1
838	-0.1916	_39917_	1
838	-0.1916	_00575_	1
838	-0.1916	_15913_	10
838	-0.1916	systolic.data_queue[37][7]	2
839	-0.1911	_12649_	1
839	-0.1911	_35967_	4
839	-0.1911	_35929_	8
839	-0.1911	_35928_	2
839	-0.1911	_35927_	5
839	-0.1911	_35926_	1
839	-0.1911	_35925_	1
839	-0.1911	_35923_	1
839	-0.1911	_05836_	1
839	-0.1911	_05835_	2
839	-0.1911	_05831_	18
839	-0.1911	_13118_	3
839	-0.1911	_13117_	8
839	-0.1911	_06314_	1
839	-0.1911	matrix_index[3]	7
840	-0.1896	_12742_	1
840	-0.1896	_36346_	1
840	-0.1896	_36340_	8
840	-0.1896	_36339_	1
840	-0.1896	_36338_	2
840	-0.1896	_35927_	5
840	-0.1896	_35926_	1
840	-0.1896	_35925_	1
840	-0.1896	_35923_	1
840	-0.1896	_05836_	1
840	-0.1896	_05835_	2
840	-0.1896	_05831_	18
840	-0.1896	_13118_	3
840	-0.1896	_13117_	8
840	-0.1896	_06314_	1
840	-0.1896	matrix_index[3]	7
841	-0.1896	_12756_	1
841	-0.1896	_36366_	1
841	-0.1896	_36340_	8
841	-0.1896	_36339_	1
841	-0.1896	_36338_	2
841	-0.1896	_35927_	5
841	-0.1896	_35926_	1
841	-0.1896	_35925_	1
841	-0.1896	_35923_	1
841	-0.1896	_05836_	1
841	-0.1896	_05835_	2
841	-0.1896	_05831_	18
841	-0.1896	_13118_	3
841	-0.1896	_13117_	8
841	-0.1896	_06314_	1
841	-0.1896	matrix_index[3]	7
842	-0.1895	_12747_	1
842	-0.1895	_36355_	1
842	-0.1895	_36340_	8
842	-0.1895	_36339_	1
842	-0.1895	_36338_	2
842	-0.1895	_35927_	5
842	-0.1895	_35926_	1
842	-0.1895	_35925_	1
842	-0.1895	_35923_	1
842	-0.1895	_05836_	1
842	-0.1895	_05835_	2
842	-0.1895	_05831_	18
842	-0.1895	_13118_	3
842	-0.1895	_13117_	8
842	-0.1895	_06314_	1
842	-0.1895	matrix_index[3]	7
843	-0.1895	_12745_	1
843	-0.1895	_36352_	1
843	-0.1895	_36340_	8
843	-0.1895	_36339_	1
843	-0.1895	_36338_	2
843	-0.1895	_35927_	5
843	-0.1895	_35926_	1
843	-0.1895	_35925_	1
843	-0.1895	_35923_	1
843	-0.1895	_05836_	1
843	-0.1895	_05835_	2
843	-0.1895	_05831_	18
843	-0.1895	_13118_	3
843	-0.1895	_13117_	8
843	-0.1895	_06314_	1
843	-0.1895	matrix_index[3]	7
844	-0.1895	_12754_	1
844	-0.1895	_36364_	1
844	-0.1895	_36340_	8
844	-0.1895	_36339_	1
844	-0.1895	_36338_	2
844	-0.1895	_35927_	5
844	-0.1895	_35926_	1
844	-0.1895	_35925_	1
844	-0.1895	_35923_	1
844	-0.1895	_05836_	1
844	-0.1895	_05835_	2
844	-0.1895	_05831_	18
844	-0.1895	_13118_	3
844	-0.1895	_13117_	8
844	-0.1895	_06314_	1
844	-0.1895	matrix_index[3]	7
845	-0.1895	_12741_	1
845	-0.1895	_36345_	1
845	-0.1895	_36340_	8
845	-0.1895	_36339_	1
845	-0.1895	_36338_	2
845	-0.1895	_35927_	5
845	-0.1895	_35926_	1
845	-0.1895	_35925_	1
845	-0.1895	_35923_	1
845	-0.1895	_05836_	1
845	-0.1895	_05835_	2
845	-0.1895	_05831_	18
845	-0.1895	_13118_	3
845	-0.1895	_13117_	8
845	-0.1895	_06314_	1
845	-0.1895	matrix_index[3]	7
846	-0.1895	_12748_	1
846	-0.1895	_36356_	1
846	-0.1895	_36340_	8
846	-0.1895	_36339_	1
846	-0.1895	_36338_	2
846	-0.1895	_35927_	5
846	-0.1895	_35926_	1
846	-0.1895	_35925_	1
846	-0.1895	_35923_	1
846	-0.1895	_05836_	1
846	-0.1895	_05835_	2
846	-0.1895	_05831_	18
846	-0.1895	_13118_	3
846	-0.1895	_13117_	8
846	-0.1895	_06314_	1
846	-0.1895	matrix_index[3]	7
847	-0.1895	_12755_	1
847	-0.1895	_36365_	1
847	-0.1895	_36340_	8
847	-0.1895	_36339_	1
847	-0.1895	_36338_	2
847	-0.1895	_35927_	5
847	-0.1895	_35926_	1
847	-0.1895	_35925_	1
847	-0.1895	_35923_	1
847	-0.1895	_05836_	1
847	-0.1895	_05835_	2
847	-0.1895	_05831_	18
847	-0.1895	_13118_	3
847	-0.1895	_13117_	8
847	-0.1895	_06314_	1
847	-0.1895	matrix_index[3]	7
848	-0.1892	_12723_	1
848	-0.1892	_36300_	1
848	-0.1892	_36276_	6
848	-0.1892	_36272_	2
848	-0.1892	_36255_	4
848	-0.1892	_36073_	4
848	-0.1892	_35927_	5
848	-0.1892	_35926_	1
848	-0.1892	_35925_	1
848	-0.1892	_35923_	1
848	-0.1892	_05836_	1
848	-0.1892	_05835_	2
848	-0.1892	_05831_	18
848	-0.1892	_13118_	3
848	-0.1892	_13117_	8
848	-0.1892	_06314_	1
848	-0.1892	matrix_index[3]	7
849	-0.1891	_11266_	1
849	-0.1891	_20028_	1
849	-0.1891	_20027_	1
849	-0.1891	_20026_	1
849	-0.1891	_20003_	2
849	-0.1891	_19942_	2
849	-0.1891	_19938_	1
849	-0.1891	_10001_	3
849	-0.1891	_10000_	2
849	-0.1891	_13864_	2
849	-0.1891	_08857_	2
849	-0.1891	_40654_	1
849	-0.1891	_40651_	1
849	-0.1891	_40786_	1
849	-0.1891	_40783_	1
849	-0.1891	_04176_	1
849	-0.1891	_16389_	10
849	-0.1891	systolic.data_queue[60][7]	2
850	-0.1883	_12721_	1
850	-0.1883	_36297_	1
850	-0.1883	_36276_	6
850	-0.1883	_36272_	2
850	-0.1883	_36255_	4
850	-0.1883	_36073_	4
850	-0.1883	_35927_	5
850	-0.1883	_35926_	1
850	-0.1883	_35925_	1
850	-0.1883	_35923_	1
850	-0.1883	_05836_	1
850	-0.1883	_05835_	2
850	-0.1883	_05831_	18
850	-0.1883	_13118_	3
850	-0.1883	_13117_	8
850	-0.1883	_06314_	1
850	-0.1883	matrix_index[3]	7
851	-0.1876	_11866_	1
851	-0.1876	_25829_	1
851	-0.1876	_25828_	1
851	-0.1876	_25827_	1
851	-0.1876	_25814_	2
851	-0.1876	_25751_	2
851	-0.1876	_25746_	1
851	-0.1876	_10246_	4
851	-0.1876	_10245_	2
851	-0.1876	_16860_	2
851	-0.1876	_08011_	2
851	-0.1876	_47671_	1
851	-0.1876	_47584_	1
851	-0.1876	_47506_	1
851	-0.1876	_47478_	1
851	-0.1876	_04165_	1
851	-0.1876	_15286_	10
851	-0.1876	systolic.data_queue[30][7]	2
852	-0.1873	_12226_	1
852	-0.1873	_29156_	1
852	-0.1873	_29155_	1
852	-0.1873	_29154_	1
852	-0.1873	_29137_	2
852	-0.1873	_29081_	2
852	-0.1873	_29034_	5
852	-0.1873	_07751_	1
852	-0.1873	_07750_	2
852	-0.1873	_14156_	2
852	-0.1873	_08993_	2
852	-0.1873	_41681_	1
852	-0.1873	_41679_	1
852	-0.1873	_47112_	1
852	-0.1873	_47540_	1
852	-0.1873	_04219_	1
852	-0.1873	_16559_	10
852	-0.1873	systolic.data_queue[12][7]	2
853	-0.1872	_12720_	1
853	-0.1872	_36294_	1
853	-0.1872	_36276_	6
853	-0.1872	_36272_	2
853	-0.1872	_36255_	4
853	-0.1872	_36073_	4
853	-0.1872	_35927_	5
853	-0.1872	_35926_	1
853	-0.1872	_35925_	1
853	-0.1872	_35923_	1
853	-0.1872	_05836_	1
853	-0.1872	_05835_	2
853	-0.1872	_05831_	18
853	-0.1872	_13118_	3
853	-0.1872	_13117_	8
853	-0.1872	_06314_	1
853	-0.1872	matrix_index[3]	7
854	-0.1865	_11706_	1
854	-0.1865	_24319_	1
854	-0.1865	_24318_	1
854	-0.1865	_24317_	1
854	-0.1865	_24291_	2
854	-0.1865	_24239_	2
854	-0.1865	_24234_	1
854	-0.1865	_06583_	3
854	-0.1865	_06582_	2
854	-0.1865	_14124_	2
854	-0.1865	_06153_	2
854	-0.1865	_41973_	1
854	-0.1865	_41970_	1
854	-0.1865	_45947_	1
854	-0.1865	_45945_	1
854	-0.1865	_04035_	1
854	-0.1865	_15982_	10
854	-0.1865	systolic.data_queue[38][7]	2
855	-0.1865	_12711_	1
855	-0.1865	_36278_	1
855	-0.1865	_36276_	6
855	-0.1865	_36272_	2
855	-0.1865	_36255_	4
855	-0.1865	_36073_	4
855	-0.1865	_35927_	5
855	-0.1865	_35926_	1
855	-0.1865	_35925_	1
855	-0.1865	_35923_	1
855	-0.1865	_05836_	1
855	-0.1865	_05835_	2
855	-0.1865	_05831_	18
855	-0.1865	_13118_	3
855	-0.1865	_13117_	8
855	-0.1865	_06314_	1
855	-0.1865	matrix_index[3]	7
856	-0.1862	_12687_	1
856	-0.1862	_36198_	4
856	-0.1862	_36171_	3
856	-0.1862	_36170_	2
856	-0.1862	_36073_	4
856	-0.1862	_35927_	5
856	-0.1862	_35926_	1
856	-0.1862	_35925_	1
856	-0.1862	_35923_	1
856	-0.1862	_05836_	1
856	-0.1862	_05835_	2
856	-0.1862	_05831_	18
856	-0.1862	_13118_	3
856	-0.1862	_13117_	8
856	-0.1862	_06314_	1
856	-0.1862	matrix_index[3]	7
857	-0.1860	_12736_	1
857	-0.1860	_36329_	1
857	-0.1860	_36326_	3
857	-0.1860	_36306_	4
857	-0.1860	_36305_	2
857	-0.1860	_36304_	1
857	-0.1860	_35927_	5
857	-0.1860	_35926_	1
857	-0.1860	_35925_	1
857	-0.1860	_35923_	1
857	-0.1860	_05836_	1
857	-0.1860	_05835_	2
857	-0.1860	_05831_	18
857	-0.1860	_13118_	3
857	-0.1860	_13117_	8
857	-0.1860	_06314_	1
857	-0.1860	matrix_index[3]	7
858	-0.1854	_12655_	1
858	-0.1854	_36028_	1
858	-0.1854	_36023_	1
858	-0.1854	_35929_	8
858	-0.1854	_35928_	2
858	-0.1854	_35927_	5
858	-0.1854	_35926_	1
858	-0.1854	_35925_	1
858	-0.1854	_35923_	1
858	-0.1854	_05836_	1
858	-0.1854	_05835_	2
858	-0.1854	_05831_	18
858	-0.1854	_13118_	3
858	-0.1854	_13117_	8
858	-0.1854	_06314_	1
858	-0.1854	matrix_index[3]	7
859	-0.1851	_12734_	1
859	-0.1851	_36327_	1
859	-0.1851	_36326_	3
859	-0.1851	_36306_	4
859	-0.1851	_36305_	2
859	-0.1851	_36304_	1
859	-0.1851	_35927_	5
859	-0.1851	_35926_	1
859	-0.1851	_35925_	1
859	-0.1851	_35923_	1
859	-0.1851	_05836_	1
859	-0.1851	_05835_	2
859	-0.1851	_05831_	18
859	-0.1851	_13118_	3
859	-0.1851	_13117_	8
859	-0.1851	_06314_	1
859	-0.1851	matrix_index[3]	7
860	-0.1848	_12735_	1
860	-0.1848	_36328_	1
860	-0.1848	_36326_	3
860	-0.1848	_36306_	4
860	-0.1848	_36305_	2
860	-0.1848	_36304_	1
860	-0.1848	_35927_	5
860	-0.1848	_35926_	1
860	-0.1848	_35925_	1
860	-0.1848	_35923_	1
860	-0.1848	_05836_	1
860	-0.1848	_05835_	2
860	-0.1848	_05831_	18
860	-0.1848	_13118_	3
860	-0.1848	_13117_	8
860	-0.1848	_06314_	1
860	-0.1848	matrix_index[3]	7
861	-0.1835	_11606_	1
861	-0.1835	_23368_	1
861	-0.1835	_23367_	1
861	-0.1835	_23366_	1
861	-0.1835	_23365_	1
861	-0.1835	_23352_	2
861	-0.1835	_23281_	2
861	-0.1835	_23276_	1
861	-0.1835	_09712_	4
861	-0.1835	_09711_	2
861	-0.1835	_14502_	2
861	-0.1835	_05713_	2
861	-0.1835	_44520_	1
861	-0.1835	_44046_	1
861	-0.1835	_43992_	1
861	-0.1835	_43531_	1
861	-0.1835	_02059_	1
861	-0.1835	_15494_	10
861	-0.1835	systolic.data_queue[43][7]	2
862	-0.1828	_11566_	1
862	-0.1828	_22994_	1
862	-0.1828	_22993_	1
862	-0.1828	_22992_	1
862	-0.1828	_22965_	2
862	-0.1828	_22911_	2
862	-0.1828	_22906_	1
862	-0.1828	_09662_	3
862	-0.1828	_09661_	2
862	-0.1828	_14354_	2
862	-0.1828	_06963_	2
862	-0.1828	_43952_	1
862	-0.1828	_43160_	1
862	-0.1828	_43157_	1
862	-0.1828	_39836_	1
862	-0.1828	_00534_	1
862	-0.1828	_15440_	10
862	-0.1828	systolic.data_queue[45][7]	2
863	-0.1822	_12366_	1
863	-0.1822	_30452_	1
863	-0.1822	_30451_	1
863	-0.1822	_30450_	1
863	-0.1822	_30434_	2
863	-0.1822	_30379_	2
863	-0.1822	_30332_	5
863	-0.1822	_05075_	1
863	-0.1822	_05074_	2
863	-0.1822	_14625_	2
863	-0.1822	_08100_	2
863	-0.1822	_46366_	1
863	-0.1822	_46330_	1
863	-0.1822	_42995_	1
863	-0.1822	_42992_	1
863	-0.1822	_04284_	1
863	-0.1822	_15942_	10
863	-0.1822	systolic.data_queue[5][7]	2
864	-0.1821	_11366_	1
864	-0.1821	_21107_	1
864	-0.1821	_21106_	1
864	-0.1821	_21105_	1
864	-0.1821	_21091_	2
864	-0.1821	_21031_	2
864	-0.1821	_20985_	4
864	-0.1821	_09671_	1
864	-0.1821	_09669_	2
864	-0.1821	_13758_	3
864	-0.1821	_13757_	1
864	-0.1821	_09620_	3
864	-0.1821	_45902_	1
864	-0.1821	_41079_	1
864	-0.1821	_40212_	1
864	-0.1821	_40208_	1
864	-0.1821	_04077_	1
864	-0.1821	_16210_	9
864	-0.1821	systolic.data_queue[55][3]	1
865	-0.1817	_12751_	1
865	-0.1817	_36360_	1
865	-0.1817	_36359_	1
865	-0.1817	_36347_	8
865	-0.1817	_36338_	2
865	-0.1817	_35927_	5
865	-0.1817	_35926_	1
865	-0.1817	_35925_	1
865	-0.1817	_35923_	1
865	-0.1817	_05836_	1
865	-0.1817	_05835_	2
865	-0.1817	_05831_	18
865	-0.1817	_13118_	3
865	-0.1817	_13117_	8
865	-0.1817	_06314_	1
865	-0.1817	matrix_index[3]	7
866	-0.1809	_11966_	1
866	-0.1809	_26742_	1
866	-0.1809	_26741_	1
866	-0.1809	_26740_	1
866	-0.1809	_26674_	4
866	-0.1809	_26667_	1
866	-0.1809	_08557_	4
866	-0.1809	_08555_	2
866	-0.1809	_14636_	2
866	-0.1809	_14634_	1
866	-0.1809	_08207_	3
866	-0.1809	_44990_	1
866	-0.1809	_44808_	1
866	-0.1809	_44807_	1
866	-0.1809	_40683_	1
866	-0.1809	_00890_	1
866	-0.1809	_15829_	10
866	-0.1809	systolic.data_queue[25][3]	1
867	-0.1808	_11846_	1
867	-0.1808	_25646_	1
867	-0.1808	_25645_	1
867	-0.1808	_25644_	1
867	-0.1808	_25630_	2
867	-0.1808	_25573_	2
867	-0.1808	_25568_	1
867	-0.1808	_04584_	3
867	-0.1808	_04583_	2
867	-0.1808	_15531_	2
867	-0.1808	_06149_	2
867	-0.1808	_42585_	1
867	-0.1808	_41023_	1
867	-0.1808	_41020_	1
867	-0.1808	_41485_	1
867	-0.1808	_03198_	1
867	-0.1808	_15809_	9
867	-0.1808	systolic.weight_queue[31][1]	1
868	-0.1808	_11226_	1
868	-0.1808	_19617_	1
868	-0.1808	_19616_	1
868	-0.1808	_19615_	1
868	-0.1808	_19602_	2
868	-0.1808	_19533_	2
868	-0.1808	_19532_	1
868	-0.1808	_19485_	4
868	-0.1808	_08602_	1
868	-0.1808	_08600_	2
868	-0.1808	_14070_	3
868	-0.1808	_14069_	1
868	-0.1808	_07393_	3
868	-0.1808	_40324_	1
868	-0.1808	_40321_	1
868	-0.1808	_40062_	1
868	-0.1808	_40008_	1
868	-0.1808	_00618_	1
868	-0.1808	_16653_	10
868	-0.1808	systolic.data_queue[62][3]	1
869	-0.1795	_11886_	1
869	-0.1795	_26014_	1
869	-0.1795	_26013_	1
869	-0.1795	_26012_	1
869	-0.1795	_25945_	2
869	-0.1795	_25942_	2
869	-0.1795	_25937_	1
869	-0.1795	_06064_	3
869	-0.1795	_06063_	2
869	-0.1795	_16908_	2
869	-0.1795	_09407_	2
869	-0.1795	_41813_	1
869	-0.1795	_41810_	1
869	-0.1795	_41738_	1
869	-0.1795	_41523_	1
869	-0.1795	_01215_	1
869	-0.1795	_16168_	10
869	-0.1795	systolic.data_queue[29][7]	2
870	-0.1794	_12753_	1
870	-0.1794	_36363_	1
870	-0.1794	_36362_	1
870	-0.1794	_36347_	8
870	-0.1794	_36338_	2
870	-0.1794	_35927_	5
870	-0.1794	_35926_	1
870	-0.1794	_35925_	1
870	-0.1794	_35923_	1
870	-0.1794	_05836_	1
870	-0.1794	_05835_	2
870	-0.1794	_05831_	18
870	-0.1794	_13118_	3
870	-0.1794	_13117_	8
870	-0.1794	_06314_	1
870	-0.1794	matrix_index[3]	7
871	-0.1794	_12743_	1
871	-0.1794	_36349_	1
871	-0.1794	_36348_	1
871	-0.1794	_36347_	8
871	-0.1794	_36338_	2
871	-0.1794	_35927_	5
871	-0.1794	_35926_	1
871	-0.1794	_35925_	1
871	-0.1794	_35923_	1
871	-0.1794	_05836_	1
871	-0.1794	_05835_	2
871	-0.1794	_05831_	18
871	-0.1794	_13118_	3
871	-0.1794	_13117_	8
871	-0.1794	_06314_	1
871	-0.1794	matrix_index[3]	7
872	-0.1793	_12746_	1
872	-0.1793	_36354_	1
872	-0.1793	_36353_	1
872	-0.1793	_36347_	8
872	-0.1793	_36338_	2
872	-0.1793	_35927_	5
872	-0.1793	_35926_	1
872	-0.1793	_35925_	1
872	-0.1793	_35923_	1
872	-0.1793	_05836_	1
872	-0.1793	_05835_	2
872	-0.1793	_05831_	18
872	-0.1793	_13118_	3
872	-0.1793	_13117_	8
872	-0.1793	_06314_	1
872	-0.1793	matrix_index[3]	7
873	-0.1783	_11446_	1
873	-0.1783	_21844_	1
873	-0.1783	_21843_	1
873	-0.1783	_21842_	1
873	-0.1783	_21827_	2
873	-0.1783	_21756_	2
873	-0.1783	_21752_	1
873	-0.1783	_08840_	3
873	-0.1783	_08839_	2
873	-0.1783	_13977_	2
873	-0.1783	_06283_	2
873	-0.1783	_43240_	1
873	-0.1783	_43237_	1
873	-0.1783	_46224_	1
873	-0.1783	_46222_	1
873	-0.1783	_03540_	1
873	-0.1783	_15562_	10
873	-0.1783	systolic.data_queue[51][7]	2
874	-0.1762	_11746_	1
874	-0.1762	_24696_	1
874	-0.1762	_24695_	1
874	-0.1762	_24694_	1
874	-0.1762	_24679_	2
874	-0.1762	_24605_	2
874	-0.1762	_24600_	1
874	-0.1762	_05523_	4
874	-0.1762	_05522_	2
874	-0.1762	_15025_	2
874	-0.1762	_07975_	2
874	-0.1762	_42596_	1
874	-0.1762	_42593_	1
874	-0.1762	_44901_	1
874	-0.1762	_43799_	1
874	-0.1762	_02200_	1
874	-0.1762	_16325_	10
874	-0.1762	systolic.data_queue[36][7]	2
875	-0.1759	_12666_	1
875	-0.1759	_36134_	2
875	-0.1759	_36075_	4
875	-0.1759	_36073_	4
875	-0.1759	_35927_	5
875	-0.1759	_35926_	1
875	-0.1759	_35925_	1
875	-0.1759	_35923_	1
875	-0.1759	_05836_	1
875	-0.1759	_05835_	2
875	-0.1759	_05831_	18
875	-0.1759	_13118_	3
875	-0.1759	_13117_	8
875	-0.1759	_06314_	1
875	-0.1759	matrix_index[3]	7
876	-0.1748	_12677_	1
876	-0.1748	_36180_	1
876	-0.1748	_36171_	3
876	-0.1748	_36170_	2
876	-0.1748	_36073_	4
876	-0.1748	_35927_	5
876	-0.1748	_35926_	1
876	-0.1748	_35925_	1
876	-0.1748	_35923_	1
876	-0.1748	_05836_	1
876	-0.1748	_05835_	2
876	-0.1748	_05831_	18
876	-0.1748	_13118_	3
876	-0.1748	_13117_	8
876	-0.1748	_06314_	1
876	-0.1748	matrix_index[3]	7
877	-0.1738	_11466_	1
877	-0.1738	_22026_	1
877	-0.1738	_22025_	1
877	-0.1738	_22024_	1
877	-0.1738	_21958_	3
877	-0.1738	_21951_	1
877	-0.1738	_21950_	1
877	-0.1738	_07483_	4
877	-0.1738	_07482_	2
877	-0.1738	_15289_	2
877	-0.1738	_05274_	2
877	-0.1738	_47722_	1
877	-0.1738	_47256_	1
877	-0.1738	_47054_	1
877	-0.1738	_45300_	1
877	-0.1738	_02907_	1
877	-0.1738	_15785_	10
877	-0.1738	systolic.data_queue[50][7]	2
878	-0.1735	_12006_	1
878	-0.1735	_27131_	1
878	-0.1735	_27130_	1
878	-0.1735	_27129_	1
878	-0.1735	_27116_	2
878	-0.1735	_27054_	2
878	-0.1735	_27049_	1
878	-0.1735	_07145_	4
878	-0.1735	_07144_	2
878	-0.1735	_16273_	2
878	-0.1735	_09512_	2
878	-0.1735	_47069_	1
878	-0.1735	_47045_	1
878	-0.1735	_47015_	1
878	-0.1735	_46992_	1
878	-0.1735	_03933_	1
878	-0.1735	_15357_	9
878	-0.1735	systolic.weight_queue[23][1]	1
879	-0.1733	_12730_	1
879	-0.1733	_36321_	1
879	-0.1733	_36306_	4
879	-0.1733	_36305_	2
879	-0.1733	_36304_	1
879	-0.1733	_35927_	5
879	-0.1733	_35926_	1
879	-0.1733	_35925_	1
879	-0.1733	_35923_	1
879	-0.1733	_05836_	1
879	-0.1733	_05835_	2
879	-0.1733	_05831_	18
879	-0.1733	_13118_	3
879	-0.1733	_13117_	8
879	-0.1733	_06314_	1
879	-0.1733	matrix_index[3]	7
880	-0.1730	_11326_	1
880	-0.1730	_20686_	1
880	-0.1730	_20685_	1
880	-0.1730	_20684_	1
880	-0.1730	_20670_	2
880	-0.1730	_20579_	2
880	-0.1730	_20574_	1
880	-0.1730	_08008_	4
880	-0.1730	_08007_	2
880	-0.1730	_13202_	2
880	-0.1730	_06023_	2
880	-0.1730	_42187_	1
880	-0.1730	_42185_	1
880	-0.1730	_42212_	1
880	-0.1730	_41316_	1
880	-0.1730	_01135_	1
880	-0.1730	_15765_	10
880	-0.1730	systolic.data_queue[57][7]	2
881	-0.1726	_12744_	1
881	-0.1726	_36351_	1
881	-0.1726	_36347_	8
881	-0.1726	_36338_	2
881	-0.1726	_35927_	5
881	-0.1726	_35926_	1
881	-0.1726	_35925_	1
881	-0.1726	_35923_	1
881	-0.1726	_05836_	1
881	-0.1726	_05835_	2
881	-0.1726	_05831_	18
881	-0.1726	_13118_	3
881	-0.1726	_13117_	8
881	-0.1726	_06314_	1
881	-0.1726	matrix_index[3]	7
882	-0.1724	_12126_	1
882	-0.1724	_28226_	1
882	-0.1724	_28224_	1
882	-0.1724	_28223_	1
882	-0.1724	_28222_	1
882	-0.1724	_28221_	1
882	-0.1724	_28220_	1
882	-0.1724	_28151_	2
882	-0.1724	_28121_	5
882	-0.1724	_04837_	1
882	-0.1724	_04836_	2
882	-0.1724	_09283_	3
882	-0.1724	_47122_	1
882	-0.1724	_46920_	1
882	-0.1724	_46918_	1
882	-0.1724	_42292_	1
882	-0.1724	_01504_	1
882	-0.1724	_15742_	10
882	-0.1724	systolic.data_queue[17][3]	1
883	-0.1714	_12709_	1
883	-0.1714	_36269_	1
883	-0.1714	_36265_	1
883	-0.1714	_36255_	4
883	-0.1714	_36073_	4
883	-0.1714	_35927_	5
883	-0.1714	_35926_	1
883	-0.1714	_35925_	1
883	-0.1714	_35923_	1
883	-0.1714	_05836_	1
883	-0.1714	_05835_	2
883	-0.1714	_05831_	18
883	-0.1714	_13118_	3
883	-0.1714	_13117_	8
883	-0.1714	_06314_	1
883	-0.1714	matrix_index[3]	7
884	-0.1707	_11286_	1
884	-0.1707	_20243_	1
884	-0.1707	_20242_	1
884	-0.1707	_20241_	1
884	-0.1707	_20214_	2
884	-0.1707	_20147_	2
884	-0.1707	_20143_	1
884	-0.1707	_09766_	4
884	-0.1707	_09765_	2
884	-0.1707	_14187_	2
884	-0.1707	_08513_	2
884	-0.1707	_43643_	1
884	-0.1707	_43640_	1
884	-0.1707	_44355_	1
884	-0.1707	_44557_	1
884	-0.1707	_03305_	1
884	-0.1707	_16341_	10
884	-0.1707	systolic.data_queue[59][7]	2
885	-0.1706	_12166_	1
885	-0.1706	_28613_	1
885	-0.1706	_28612_	1
885	-0.1706	_28611_	1
885	-0.1706	_28541_	3
885	-0.1706	_28540_	1
885	-0.1706	_07518_	4
885	-0.1706	_07516_	2
885	-0.1706	_13396_	2
885	-0.1706	_13395_	1
885	-0.1706	_09907_	3
885	-0.1706	_43142_	1
885	-0.1706	_42520_	1
885	-0.1706	_41458_	1
885	-0.1706	_40701_	1
885	-0.1706	_00904_	1
885	-0.1706	_15416_	9
885	-0.1706	systolic.data_queue[15][3]	1
886	-0.1703	_12752_	1
886	-0.1703	_36361_	1
886	-0.1703	_36347_	8
886	-0.1703	_36338_	2
886	-0.1703	_35927_	5
886	-0.1703	_35926_	1
886	-0.1703	_35925_	1
886	-0.1703	_35923_	1
886	-0.1703	_05836_	1
886	-0.1703	_05835_	2
886	-0.1703	_05831_	18
886	-0.1703	_13118_	3
886	-0.1703	_13117_	8
886	-0.1703	_06314_	1
886	-0.1703	matrix_index[3]	7
887	-0.1701	_12749_	1
887	-0.1701	_36357_	1
887	-0.1701	_36347_	8
887	-0.1701	_36338_	2
887	-0.1701	_35927_	5
887	-0.1701	_35926_	1
887	-0.1701	_35925_	1
887	-0.1701	_35923_	1
887	-0.1701	_05836_	1
887	-0.1701	_05835_	2
887	-0.1701	_05831_	18
887	-0.1701	_13118_	3
887	-0.1701	_13117_	8
887	-0.1701	_06314_	1
887	-0.1701	matrix_index[3]	7
888	-0.1700	_12750_	1
888	-0.1700	_36358_	1
888	-0.1700	_36347_	8
888	-0.1700	_36338_	2
888	-0.1700	_35927_	5
888	-0.1700	_35926_	1
888	-0.1700	_35925_	1
888	-0.1700	_35923_	1
888	-0.1700	_05836_	1
888	-0.1700	_05835_	2
888	-0.1700	_05831_	18
888	-0.1700	_13118_	3
888	-0.1700	_13117_	8
888	-0.1700	_06314_	1
888	-0.1700	matrix_index[3]	7
889	-0.1692	_12582_	1
889	-0.1692	_35751_	2
889	-0.1692	_34556_	3
889	-0.1692	_34555_	1
889	-0.1692	_34537_	9
889	-0.1692	_34050_	10
889	-0.1692	_34049_	7
889	-0.1692	_34048_	1
889	-0.1692	_34046_	1
889	-0.1692	_34045_	1
889	-0.1692	_32658_	2
889	-0.1692	_32655_	1
889	-0.1692	_32627_	10
889	-0.1692	_31741_	7
889	-0.1692	_31539_	7
889	-0.1692	_31538_	5
889	-0.1692	_08400_	1
889	-0.1692	_07552_	2
889	-0.1692	_07551_	6
890	-0.1689	_12266_	1
890	-0.1689	_29519_	1
890	-0.1689	_29517_	1
890	-0.1689	_29516_	1
890	-0.1689	_29399_	6
890	-0.1689	_05022_	1
890	-0.1689	_05020_	2
890	-0.1689	_13995_	2
890	-0.1689	_13261_	2
890	-0.1689	_09235_	2
890	-0.1689	_41896_	1
890	-0.1689	_41535_	1
890	-0.1689	_41360_	1
890	-0.1689	_41358_	1
890	-0.1689	_01206_	1
890	-0.1689	_15515_	10
890	-0.1689	systolic.data_queue[10][7]	2
891	-0.1683	_12106_	1
891	-0.1683	_28039_	1
891	-0.1683	_28038_	1
891	-0.1683	_28037_	1
891	-0.1683	_27969_	3
891	-0.1683	_27962_	1
891	-0.1683	_27961_	1
891	-0.1683	_07956_	4
891	-0.1683	_07955_	2
891	-0.1683	_13194_	2
891	-0.1683	_09303_	2
891	-0.1683	_41685_	1
891	-0.1683	_40155_	1
891	-0.1683	_40097_	1
891	-0.1683	_40094_	1
891	-0.1683	_01961_	1
891	-0.1683	_15897_	10
891	-0.1683	systolic.data_queue[18][7]	2
892	-0.1682	_12466_	1
892	-0.1682	_31380_	1
892	-0.1682	_31379_	1
892	-0.1682	_31378_	1
892	-0.1682	_31355_	2
892	-0.1682	_31293_	2
892	-0.1682	_31292_	1
892	-0.1682	_09063_	4
892	-0.1682	_09061_	2
892	-0.1682	_17033_	2
892	-0.1682	_17032_	1
892	-0.1682	_09356_	3
892	-0.1682	_47550_	1
892	-0.1682	_47548_	1
892	-0.1682	_46157_	1
892	-0.1682	_46153_	1
892	-0.1682	_03432_	1
892	-0.1682	_15454_	10
892	-0.1682	systolic.data_queue[0][3]	1
893	-0.1679	_12246_	1
893	-0.1679	_29336_	1
893	-0.1679	_29335_	1
893	-0.1679	_29334_	1
893	-0.1679	_29271_	3
893	-0.1679	_29264_	1
893	-0.1679	_29263_	1
893	-0.1679	_08192_	4
893	-0.1679	_08191_	2
893	-0.1679	_14129_	2
893	-0.1679	_10217_	2
893	-0.1679	_45455_	1
893	-0.1679	_45429_	1
893	-0.1679	_44200_	1
893	-0.1679	_44198_	1
893	-0.1679	_02931_	1
893	-0.1679	_16016_	10
893	-0.1679	systolic.data_queue[11][7]	2
894	-0.1670	_11726_	1
894	-0.1670	_24499_	1
894	-0.1670	_24498_	1
894	-0.1670	_24497_	1
894	-0.1670	_24484_	2
894	-0.1670	_24420_	2
894	-0.1670	_24415_	1
894	-0.1670	_05724_	4
894	-0.1670	_05723_	2
894	-0.1670	_14560_	2
894	-0.1670	_09120_	2
894	-0.1670	_41198_	1
894	-0.1670	_41195_	1
894	-0.1670	_39920_	1
894	-0.1670	_39917_	1
894	-0.1670	_00575_	1
894	-0.1670	_15913_	10
894	-0.1670	systolic.data_queue[37][7]	2
895	-0.1669	_11546_	1
895	-0.1669	_22808_	1
895	-0.1669	_22807_	1
895	-0.1669	_22806_	1
895	-0.1669	_22780_	2
895	-0.1669	_22725_	2
895	-0.1669	_22720_	1
895	-0.1669	_08517_	4
895	-0.1669	_08516_	2
895	-0.1669	_13717_	2
895	-0.1669	_08877_	2
895	-0.1669	_47350_	1
895	-0.1669	_46121_	1
895	-0.1669	_46098_	1
895	-0.1669	_43031_	1
895	-0.1669	_01837_	1
895	-0.1669	_15958_	10
895	-0.1669	systolic.data_queue[46][7]	2
896	-0.1657	_12386_	1
896	-0.1657	_30628_	1
896	-0.1657	_30627_	1
896	-0.1657	_30626_	1
896	-0.1657	_30564_	3
896	-0.1657	_30557_	1
896	-0.1657	_30517_	4
896	-0.1657	_08351_	1
896	-0.1657	_08349_	2
896	-0.1657	_13976_	2
896	-0.1657	_13975_	1
896	-0.1657	_06560_	3
896	-0.1657	_40361_	1
896	-0.1657	_40343_	1
896	-0.1657	_40263_	1
896	-0.1657	_40259_	1
896	-0.1657	_00755_	1
896	-0.1657	_15877_	10
896	-0.1657	systolic.data_queue[4][3]	1
897	-0.1649	_11586_	1
897	-0.1649	_23180_	1
897	-0.1649	_23179_	1
897	-0.1649	_23178_	1
897	-0.1649	_23165_	2
897	-0.1649	_23097_	2
897	-0.1649	_23092_	1
897	-0.1649	_07697_	4
897	-0.1649	_07696_	2
897	-0.1649	_14190_	2
897	-0.1649	_08995_	2
897	-0.1649	_42681_	1
897	-0.1649	_42678_	1
897	-0.1649	_44864_	1
897	-0.1649	_42966_	1
897	-0.1649	_01785_	1
897	-0.1649	_16309_	10
897	-0.1649	systolic.data_queue[44][7]	2
898	-0.1635	_12446_	1
898	-0.1635	_31187_	1
898	-0.1635	_31186_	1
898	-0.1635	_31185_	1
898	-0.1635	_31079_	6
898	-0.1635	_09724_	1
898	-0.1635	_09722_	2
898	-0.1635	_15092_	2
898	-0.1635	_15091_	2
898	-0.1635	_10126_	2
898	-0.1635	_45877_	1
898	-0.1635	_45695_	1
898	-0.1635	_45686_	1
898	-0.1635	_45684_	1
898	-0.1635	_03109_	1
898	-0.1635	_15578_	10
898	-0.1635	systolic.data_queue[1][7]	2
899	-0.1634	_11406_	1
899	-0.1634	_21468_	1
899	-0.1634	_21467_	1
899	-0.1634	_21466_	1
899	-0.1634	_21440_	2
899	-0.1634	_21384_	2
899	-0.1634	_21379_	1
899	-0.1634	_04714_	4
899	-0.1634	_04713_	2
899	-0.1634	_13143_	2
899	-0.1634	_08660_	2
899	-0.1634	_43426_	1
899	-0.1634	_43319_	1
899	-0.1634	_43209_	1
899	-0.1634	_42255_	1
899	-0.1634	_01487_	1
899	-0.1634	_15652_	10
899	-0.1634	systolic.data_queue[53][7]	2
900	-0.1634	_11986_	1
900	-0.1634	_26948_	1
900	-0.1634	_26947_	1
900	-0.1634	_26946_	1
900	-0.1634	_26826_	6
900	-0.1634	_10160_	1
900	-0.1634	_10158_	2
900	-0.1634	_14700_	2
900	-0.1634	_14699_	2
900	-0.1634	_07309_	2
900	-0.1634	_45076_	1
900	-0.1634	_44986_	1
900	-0.1634	_44821_	1
900	-0.1634	_44820_	1
900	-0.1634	_02763_	1
900	-0.1634	_15596_	10
900	-0.1634	systolic.data_queue[24][7]	2
901	-0.1632	_12579_	1
901	-0.1632	_35739_	2
901	-0.1632	_34101_	3
901	-0.1632	_34072_	1
901	-0.1632	_34053_	9
901	-0.1632	_34050_	10
901	-0.1632	_34049_	7
901	-0.1632	_34048_	1
901	-0.1632	_34046_	1
901	-0.1632	_34045_	1
901	-0.1632	_32658_	2
901	-0.1632	_32655_	1
901	-0.1632	_32627_	10
901	-0.1632	_31741_	7
901	-0.1632	_31539_	7
901	-0.1632	_31538_	5
901	-0.1632	_08400_	1
901	-0.1632	_07552_	2
901	-0.1632	_07551_	6
902	-0.1632	_12733_	1
902	-0.1632	_36325_	1
902	-0.1632	_36306_	4
902	-0.1632	_36305_	2
902	-0.1632	_36304_	1
902	-0.1632	_35927_	5
902	-0.1632	_35926_	1
902	-0.1632	_35925_	1
902	-0.1632	_35923_	1
902	-0.1632	_05836_	1
902	-0.1632	_05835_	2
902	-0.1632	_05831_	18
902	-0.1632	_13118_	3
902	-0.1632	_13117_	8
902	-0.1632	_06314_	1
902	-0.1632	matrix_index[3]	7
903	-0.1623	_12406_	1
903	-0.1623	_30811_	1
903	-0.1623	_30810_	1
903	-0.1623	_30809_	1
903	-0.1623	_30704_	6
903	-0.1623	_07307_	1
903	-0.1623	_07305_	2
903	-0.1623	_13424_	2
903	-0.1623	_13423_	2
903	-0.1623	_09289_	2
903	-0.1623	_42572_	1
903	-0.1623	_42531_	1
903	-0.1623	_40904_	1
903	-0.1623	_40901_	1
903	-0.1623	_02718_	1
903	-0.1623	_15801_	10
903	-0.1623	systolic.data_queue[3][7]	2
904	-0.1622	_11206_	1
904	-0.1622	_19417_	1
904	-0.1622	_19416_	1
904	-0.1622	_19415_	1
904	-0.1622	_19414_	1
904	-0.1622	_19400_	2
904	-0.1622	_19325_	2
904	-0.1622	_19324_	1
904	-0.1622	_19277_	4
904	-0.1622	_07775_	1
904	-0.1622	_07773_	2
904	-0.1622	_13300_	3
904	-0.1622	_13299_	1
904	-0.1622	_08884_	3
904	-0.1622	_42951_	1
904	-0.1622	_42900_	1
904	-0.1622	_42898_	1
904	-0.1622	_45990_	1
904	-0.1622	_03465_	1
904	-0.1622	_15522_	8
904	-0.1622	systolic.weight_queue[63][2]	1
905	-0.1618	_12846_	1
905	-0.1618	_35751_	2
905	-0.1618	_34556_	3
905	-0.1618	_34555_	1
905	-0.1618	_34537_	9
905	-0.1618	_34050_	10
905	-0.1618	_34049_	7
905	-0.1618	_34048_	1
905	-0.1618	_34046_	1
905	-0.1618	_34045_	1
905	-0.1618	_32658_	2
905	-0.1618	_32655_	1
905	-0.1618	_32627_	10
905	-0.1618	_31741_	7
905	-0.1618	_31539_	7
905	-0.1618	_31538_	5
905	-0.1618	_08400_	1
905	-0.1618	_07552_	2
905	-0.1618	_07551_	6
906	-0.1613	_12883_	1
906	-0.1613	_35873_	2
906	-0.1613	_35544_	3
906	-0.1613	_35334_	10
906	-0.1613	_34949_	2
906	-0.1613	_34050_	10
906	-0.1613	_34049_	7
906	-0.1613	_34048_	1
906	-0.1613	_34046_	1
906	-0.1613	_34045_	1
906	-0.1613	_32658_	2
906	-0.1613	_32655_	1
906	-0.1613	_32627_	10
906	-0.1613	_31741_	7
906	-0.1613	_31539_	7
906	-0.1613	_31538_	5
906	-0.1613	_08400_	1
906	-0.1613	_07552_	2
906	-0.1613	_07551_	6
907	-0.1608	_12306_	1
907	-0.1608	_29906_	1
907	-0.1608	_29905_	1
907	-0.1608	_29904_	1
907	-0.1608	_29790_	6
907	-0.1608	_09868_	1
907	-0.1608	_09866_	2
907	-0.1608	_13537_	2
907	-0.1608	_13535_	2
907	-0.1608	_09914_	2
907	-0.1608	_46995_	1
907	-0.1608	_43833_	1
907	-0.1608	_43830_	1
907	-0.1608	_45846_	1
907	-0.1608	_03151_	1
907	-0.1608	_16373_	10
907	-0.1608	systolic.data_queue[8][7]	2
908	-0.1596	_11666_	1
908	-0.1596	_23960_	1
908	-0.1596	_23959_	1
908	-0.1596	_23958_	1
908	-0.1596	_23937_	2
908	-0.1596	_23866_	2
908	-0.1596	_23864_	1
908	-0.1596	_08761_	4
908	-0.1596	_08759_	2
908	-0.1596	_16778_	2
908	-0.1596	_16777_	1
908	-0.1596	_04421_	3
908	-0.1596	_47380_	1
908	-0.1596	_47339_	1
908	-0.1596	_47237_	1
908	-0.1596	_47202_	1
908	-0.1596	_04024_	1
908	-0.1596	_15308_	10
908	-0.1596	systolic.data_queue[40][3]	1
909	-0.1595	_11306_	1
909	-0.1595	_20451_	1
909	-0.1595	_20450_	1
909	-0.1595	_20449_	1
909	-0.1595	_20374_	3
909	-0.1595	_20367_	1
909	-0.1595	_20311_	4
909	-0.1595	_08450_	1
909	-0.1595	_08448_	2
909	-0.1595	_14217_	2
909	-0.1595	_14216_	1
909	-0.1595	_10119_	3
909	-0.1595	_44152_	1
909	-0.1595	_43317_	1
909	-0.1595	_43315_	1
909	-0.1595	_44037_	1
909	-0.1595	_02314_	1
909	-0.1595	_16044_	10
909	-0.1595	systolic.data_queue[58][3]	1
910	-0.1590	_11686_	1
910	-0.1590	_24140_	1
910	-0.1590	_24139_	1
910	-0.1590	_24138_	1
910	-0.1590	_24073_	3
910	-0.1590	_24066_	1
910	-0.1590	_24030_	4
910	-0.1590	_06714_	1
910	-0.1590	_06712_	2
910	-0.1590	_13331_	2
910	-0.1590	_13330_	1
910	-0.1590	_10221_	3
910	-0.1590	_44242_	1
910	-0.1590	_44239_	1
910	-0.1590	_40448_	1
910	-0.1590	_40444_	1
910	-0.1590	_02620_	1
910	-0.1590	_16637_	9
910	-0.1590	systolic.data_queue[39][3]	1
911	-0.1576	_12026_	1
911	-0.1576	_27310_	1
911	-0.1576	_27309_	1
911	-0.1576	_27308_	1
911	-0.1576	_27246_	3
911	-0.1576	_27239_	1
911	-0.1576	_08882_	4
911	-0.1576	_08880_	2
911	-0.1576	_13582_	2
911	-0.1576	_13581_	1
911	-0.1576	_09737_	3
911	-0.1576	_42105_	1
911	-0.1576	_41203_	1
911	-0.1576	_41201_	1
911	-0.1576	_46029_	1
911	-0.1576	_03256_	1
911	-0.1576	_16589_	10
911	-0.1576	systolic.data_queue[22][3]	1
912	-0.1567	_12542_	1
912	-0.1567	_35381_	2
912	-0.1567	_35380_	2
912	-0.1567	_35379_	1
912	-0.1567	_35069_	7
912	-0.1567	_34049_	7
912	-0.1567	_34048_	1
912	-0.1567	_34046_	1
912	-0.1567	_34045_	1
912	-0.1567	_32658_	2
912	-0.1567	_32655_	1
912	-0.1567	_32627_	10
912	-0.1567	_31741_	7
912	-0.1567	_31539_	7
912	-0.1567	_31538_	5
912	-0.1567	_08400_	1
912	-0.1567	_07552_	2
912	-0.1567	_07551_	6
913	-0.1567	_12806_	1
913	-0.1567	_35381_	2
913	-0.1567	_35380_	2
913	-0.1567	_35379_	1
913	-0.1567	_35069_	7
913	-0.1567	_34049_	7
913	-0.1567	_34048_	1
913	-0.1567	_34046_	1
913	-0.1567	_34045_	1
913	-0.1567	_32658_	2
913	-0.1567	_32655_	1
913	-0.1567	_32627_	10
913	-0.1567	_31741_	7
913	-0.1567	_31539_	7
913	-0.1567	_31538_	5
913	-0.1567	_08400_	1
913	-0.1567	_07552_	2
913	-0.1567	_07551_	6
914	-0.1563	_12619_	1
914	-0.1563	_35873_	2
914	-0.1563	_35544_	3
914	-0.1563	_35334_	10
914	-0.1563	_34949_	2
914	-0.1563	_34050_	10
914	-0.1563	_34049_	7
914	-0.1563	_34048_	1
914	-0.1563	_34046_	1
914	-0.1563	_34045_	1
914	-0.1563	_32658_	2
914	-0.1563	_32655_	1
914	-0.1563	_32627_	10
914	-0.1563	_31741_	7
914	-0.1563	_31539_	7
914	-0.1563	_31538_	5
914	-0.1563	_08400_	1
914	-0.1563	_07552_	2
914	-0.1563	_07551_	6
915	-0.1560	_12647_	1
915	-0.1560	_35950_	1
915	-0.1560	_35946_	1
915	-0.1560	_35617_	2
915	-0.1560	_34053_	9
915	-0.1560	_34050_	10
915	-0.1560	_34049_	7
915	-0.1560	_34048_	1
915	-0.1560	_34046_	1
915	-0.1560	_34045_	1
915	-0.1560	_32658_	2
915	-0.1560	_32655_	1
915	-0.1560	_32627_	10
915	-0.1560	_31741_	7
915	-0.1560	_31539_	7
915	-0.1560	_31538_	5
915	-0.1560	_08400_	1
915	-0.1560	_07552_	2
915	-0.1560	_07551_	6
916	-0.1558	_12843_	1
916	-0.1558	_35739_	2
916	-0.1558	_34101_	3
916	-0.1558	_34072_	1
916	-0.1558	_34053_	9
916	-0.1558	_34050_	10
916	-0.1558	_34049_	7
916	-0.1558	_34048_	1
916	-0.1558	_34046_	1
916	-0.1558	_34045_	1
916	-0.1558	_32658_	2
916	-0.1558	_32655_	1
916	-0.1558	_32627_	10
916	-0.1558	_31741_	7
916	-0.1558	_31539_	7
916	-0.1558	_31538_	5
916	-0.1558	_08400_	1
916	-0.1558	_07552_	2
916	-0.1558	_07551_	6
917	-0.1553	_11946_	1
917	-0.1553	_26571_	1
917	-0.1553	_26570_	1
917	-0.1553	_26569_	1
917	-0.1553	_26553_	2
917	-0.1553	_26496_	2
917	-0.1553	_26451_	5
917	-0.1553	_05367_	1
917	-0.1553	_05365_	2
917	-0.1553	_13462_	2
917	-0.1553	_13461_	1
917	-0.1553	_07780_	3
917	-0.1553	_47646_	1
917	-0.1553	_46498_	1
917	-0.1553	_46496_	1
917	-0.1553	_47276_	1
917	-0.1553	_04360_	1
917	-0.1553	_16502_	10
917	-0.1553	systolic.data_queue[26][3]	1
918	-0.1546	_12708_	1
918	-0.1546	_36263_	1
918	-0.1546	_36252_	4
918	-0.1546	_36073_	4
918	-0.1546	_35927_	5
918	-0.1546	_35926_	1
918	-0.1546	_35925_	1
918	-0.1546	_35923_	1
918	-0.1546	_05836_	1
918	-0.1546	_05835_	2
918	-0.1546	_05831_	18
918	-0.1546	_13118_	3
918	-0.1546	_13117_	8
918	-0.1546	_06314_	1
918	-0.1546	matrix_index[3]	7
919	-0.1546	_12700_	1
919	-0.1546	_36262_	1
919	-0.1546	_36252_	4
919	-0.1546	_36073_	4
919	-0.1546	_35927_	5
919	-0.1546	_35926_	1
919	-0.1546	_35925_	1
919	-0.1546	_35923_	1
919	-0.1546	_05836_	1
919	-0.1546	_05835_	2
919	-0.1546	_05831_	18
919	-0.1546	_13118_	3
919	-0.1546	_13117_	8
919	-0.1546	_06314_	1
919	-0.1546	matrix_index[3]	7
920	-0.1546	_12694_	1
920	-0.1546	_36254_	1
920	-0.1546	_36252_	4
920	-0.1546	_36073_	4
920	-0.1546	_35927_	5
920	-0.1546	_35926_	1
920	-0.1546	_35925_	1
920	-0.1546	_35923_	1
920	-0.1546	_05836_	1
920	-0.1546	_05835_	2
920	-0.1546	_05831_	18
920	-0.1546	_13118_	3
920	-0.1546	_13117_	8
920	-0.1546	_06314_	1
920	-0.1546	matrix_index[3]	7
921	-0.1546	_12693_	1
921	-0.1546	_36253_	1
921	-0.1546	_36252_	4
921	-0.1546	_36073_	4
921	-0.1546	_35927_	5
921	-0.1546	_35926_	1
921	-0.1546	_35925_	1
921	-0.1546	_35923_	1
921	-0.1546	_05836_	1
921	-0.1546	_05835_	2
921	-0.1546	_05831_	18
921	-0.1546	_13118_	3
921	-0.1546	_13117_	8
921	-0.1546	_06314_	1
921	-0.1546	matrix_index[3]	7
922	-0.1545	_12646_	1
922	-0.1545	_35929_	8
922	-0.1545	_35928_	2
922	-0.1545	_35927_	5
922	-0.1545	_35926_	1
922	-0.1545	_35925_	1
922	-0.1545	_35923_	1
922	-0.1545	_05836_	1
922	-0.1545	_05835_	2
922	-0.1545	_05831_	18
922	-0.1545	_13118_	3
922	-0.1545	_13117_	8
922	-0.1545	_06314_	1
922	-0.1545	matrix_index[3]	7
923	-0.1540	_11247_	1
923	-0.1540	_19832_	1
923	-0.1540	_19831_	1
923	-0.1540	_19830_	1
923	-0.1540	_19829_	1
923	-0.1540	_19828_	1
923	-0.1540	_19685_	2
923	-0.1540	_19678_	1
923	-0.1540	_19676_	5
923	-0.1540	_07056_	1
923	-0.1540	_03725_	2
923	-0.1540	_03723_	2
923	-0.1540	_45298_	1
923	-0.1540	_45296_	1
923	-0.1540	_41292_	1
923	-0.1540	_41290_	1
923	-0.1540	_04635_	1
923	-0.1540	_16569_	10
923	-0.1540	systolic.data_queue[61][1]	1
924	-0.1529	_12206_	1
924	-0.1529	_28978_	1
924	-0.1529	_28977_	1
924	-0.1529	_28976_	1
924	-0.1529	_28975_	1
924	-0.1529	_28974_	1
924	-0.1529	_28863_	6
924	-0.1529	_09242_	1
924	-0.1529	_09240_	2
924	-0.1529	_15171_	2
924	-0.1529	_15170_	2
924	-0.1529	_08021_	2
924	-0.1529	_45206_	1
924	-0.1529	_45204_	1
924	-0.1529	_41335_	1
924	-0.1529	_41333_	1
924	-0.1529	_02401_	1
924	-0.1529	_16490_	10
924	-0.1529	systolic.data_queue[13][7]	2
925	-0.1523	_11386_	1
925	-0.1523	_21283_	1
925	-0.1523	_21282_	1
925	-0.1523	_21281_	1
925	-0.1523	_21280_	1
925	-0.1523	_21279_	1
925	-0.1523	_21202_	2
925	-0.1523	_21201_	1
925	-0.1523	_21186_	5
925	-0.1523	_05584_	1
925	-0.1523	_05583_	2
925	-0.1523	_09476_	3
925	-0.1523	_46237_	1
925	-0.1523	_43492_	1
925	-0.1523	_43060_	1
925	-0.1523	_43056_	1
925	-0.1523	_03420_	1
925	-0.1523	_16095_	10
925	-0.1523	systolic.data_queue[54][3]	1
926	-0.1519	_12580_	1
926	-0.1519	_35748_	2
926	-0.1519	_35744_	1
926	-0.1519	_35742_	1
926	-0.1519	_34436_	10
926	-0.1519	_32875_	9
926	-0.1519	_32705_	2
926	-0.1519	_32704_	1
926	-0.1519	_32703_	2
926	-0.1519	_32699_	1
926	-0.1519	_32069_	10
926	-0.1519	_32068_	7
926	-0.1519	_31541_	7
926	-0.1519	_31540_	1
926	-0.1519	_31539_	7
926	-0.1519	_31538_	5
926	-0.1519	_08400_	1
926	-0.1519	_07552_	2
926	-0.1519	_07551_	6
927	-0.1512	_11526_	1
927	-0.1512	_22625_	1
927	-0.1512	_22624_	1
927	-0.1512	_22623_	1
927	-0.1512	_22622_	1
927	-0.1512	_22621_	1
927	-0.1512	_22546_	2
927	-0.1512	_22545_	1
927	-0.1512	_22515_	5
927	-0.1512	_09125_	1
927	-0.1512	_09124_	2
927	-0.1512	_09803_	3
927	-0.1512	_43515_	1
927	-0.1512	_43513_	1
927	-0.1512	_44680_	1
927	-0.1512	_40514_	1
927	-0.1512	_00804_	1
927	-0.1512	_16237_	9
927	-0.1512	systolic.weight_queue[47][3]	1
928	-0.1511	_12707_	1
928	-0.1511	_36256_	2
928	-0.1511	_36255_	4
928	-0.1511	_36073_	4
928	-0.1511	_35927_	5
928	-0.1511	_35926_	1
928	-0.1511	_35925_	1
928	-0.1511	_35923_	1
928	-0.1511	_05836_	1
928	-0.1511	_05835_	2
928	-0.1511	_05831_	18
928	-0.1511	_13118_	3
928	-0.1511	_13117_	8
928	-0.1511	_06314_	1
928	-0.1511	matrix_index[3]	7
929	-0.1511	_12650_	1
929	-0.1511	_35929_	8
929	-0.1511	_35928_	2
929	-0.1511	_35927_	5
929	-0.1511	_35926_	1
929	-0.1511	_35925_	1
929	-0.1511	_35923_	1
929	-0.1511	_05836_	1
929	-0.1511	_05835_	2
929	-0.1511	_05831_	18
929	-0.1511	_13118_	3
929	-0.1511	_13117_	8
929	-0.1511	_06314_	1
929	-0.1511	matrix_index[3]	7
930	-0.1509	_12606_	1
930	-0.1509	_35834_	2
930	-0.1509	_35380_	2
930	-0.1509	_35379_	1
930	-0.1509	_35069_	7
930	-0.1509	_34049_	7
930	-0.1509	_34048_	1
930	-0.1509	_34046_	1
930	-0.1509	_34045_	1
930	-0.1509	_32658_	2
930	-0.1509	_32655_	1
930	-0.1509	_32627_	10
930	-0.1509	_31741_	7
930	-0.1509	_31539_	7
930	-0.1509	_31538_	5
930	-0.1509	_08400_	1
930	-0.1509	_07552_	2
930	-0.1509	_07551_	6
931	-0.1505	_11926_	1
931	-0.1505	_26389_	1
931	-0.1505	_26388_	1
931	-0.1505	_26387_	1
931	-0.1505	_26386_	1
931	-0.1505	_26385_	1
931	-0.1505	_26275_	6
931	-0.1505	_07191_	1
931	-0.1505	_07189_	2
931	-0.1505	_15013_	2
931	-0.1505	_14987_	2
931	-0.1505	_07421_	2
931	-0.1505	_45620_	1
931	-0.1505	_45562_	1
931	-0.1505	_45549_	1
931	-0.1505	_45283_	1
931	-0.1505	_02903_	1
931	-0.1505	_15474_	10
931	-0.1505	systolic.data_queue[27][7]	2
932	-0.1503	_11646_	1
932	-0.1503	_23739_	1
932	-0.1503	_23737_	1
932	-0.1503	_23736_	1
932	-0.1503	_23735_	1
932	-0.1503	_23734_	1
932	-0.1503	_23733_	1
932	-0.1503	_23732_	1
932	-0.1503	_23660_	2
932	-0.1503	_23659_	1
932	-0.1503	_23624_	4
932	-0.1503	_05905_	1
932	-0.1503	_05903_	2
932	-0.1503	_07906_	3
932	-0.1503	_41651_	1
932	-0.1503	_41619_	1
932	-0.1503	_41063_	1
932	-0.1503	_40931_	1
932	-0.1503	_01006_	1
932	-0.1503	_15664_	10
932	-0.1503	systolic.data_queue[41][3]	1
933	-0.1499	_12699_	1
933	-0.1499	_36261_	1
933	-0.1499	_36255_	4
933	-0.1499	_36073_	4
933	-0.1499	_35927_	5
933	-0.1499	_35926_	1
933	-0.1499	_35925_	1
933	-0.1499	_35923_	1
933	-0.1499	_05836_	1
933	-0.1499	_05835_	2
933	-0.1499	_05831_	18
933	-0.1499	_13118_	3
933	-0.1499	_13117_	8
933	-0.1499	_06314_	1
933	-0.1499	matrix_index[3]	7
934	-0.1499	_12659_	1
934	-0.1499	_35929_	8
934	-0.1499	_35928_	2
934	-0.1499	_35927_	5
934	-0.1499	_35926_	1
934	-0.1499	_35925_	1
934	-0.1499	_35923_	1
934	-0.1499	_05836_	1
934	-0.1499	_05835_	2
934	-0.1499	_05831_	18
934	-0.1499	_13118_	3
934	-0.1499	_13117_	8
934	-0.1499	_06314_	1
934	-0.1499	matrix_index[3]	7
935	-0.1496	_11506_	1
935	-0.1496	_22439_	1
935	-0.1496	_22438_	1
935	-0.1496	_22437_	1
935	-0.1496	_22436_	1
935	-0.1496	_22435_	1
935	-0.1496	_22299_	6
935	-0.1496	_06209_	1
935	-0.1496	_06207_	2
935	-0.1496	_14570_	2
935	-0.1496	_14569_	2
935	-0.1496	_10117_	2
935	-0.1496	_40712_	1
935	-0.1496	_40709_	1
935	-0.1496	_45012_	1
935	-0.1496	_45010_	1
935	-0.1496	_02796_	1
935	-0.1496	_16625_	10
935	-0.1496	systolic.data_queue[48][7]	2
936	-0.1496	_12738_	1
936	-0.1496	_36333_	1
936	-0.1496	_36332_	1
936	-0.1496	_36305_	2
936	-0.1496	_36304_	1
936	-0.1496	_35927_	5
936	-0.1496	_35926_	1
936	-0.1496	_35925_	1
936	-0.1496	_35923_	1
936	-0.1496	_05836_	1
936	-0.1496	_05835_	2
936	-0.1496	_05831_	18
936	-0.1496	_13118_	3
936	-0.1496	_13117_	8
936	-0.1496	_06314_	1
936	-0.1496	matrix_index[3]	7
937	-0.1489	_12588_	1
937	-0.1489	_35759_	2
937	-0.1489	_34999_	3
937	-0.1489	_34989_	1
937	-0.1489	_34974_	9
937	-0.1489	_34049_	7
937	-0.1489	_34048_	1
937	-0.1489	_34046_	1
937	-0.1489	_34045_	1
937	-0.1489	_32658_	2
937	-0.1489	_32655_	1
937	-0.1489	_32627_	10
937	-0.1489	_31741_	7
937	-0.1489	_31539_	7
937	-0.1489	_31538_	5
937	-0.1489	_08400_	1
937	-0.1489	_07552_	2
937	-0.1489	_07551_	6
938	-0.1487	_12844_	1
938	-0.1487	_35748_	2
938	-0.1487	_35744_	1
938	-0.1487	_35742_	1
938	-0.1487	_34436_	10
938	-0.1487	_32875_	9
938	-0.1487	_32705_	2
938	-0.1487	_32704_	1
938	-0.1487	_32703_	2
938	-0.1487	_32699_	1
938	-0.1487	_32069_	10
938	-0.1487	_32068_	7
938	-0.1487	_31541_	7
938	-0.1487	_31540_	1
938	-0.1487	_31539_	7
938	-0.1487	_31538_	5
938	-0.1487	_08400_	1
938	-0.1487	_07552_	2
938	-0.1487	_07551_	6
939	-0.1467	_12603_	1
939	-0.1467	_35826_	2
939	-0.1467	_35824_	1
939	-0.1467	_35823_	1
939	-0.1467	_35334_	10
939	-0.1467	_34949_	2
939	-0.1467	_34050_	10
939	-0.1467	_34049_	7
939	-0.1467	_34048_	1
939	-0.1467	_34046_	1
939	-0.1467	_34045_	1
939	-0.1467	_32658_	2
939	-0.1467	_32655_	1
939	-0.1467	_32627_	10
939	-0.1467	_31741_	7
939	-0.1467	_31539_	7
939	-0.1467	_31538_	5
939	-0.1467	_08400_	1
939	-0.1467	_07552_	2
939	-0.1467	_07551_	6
940	-0.1466	_12346_	1
940	-0.1466	_30279_	1
940	-0.1466	_30278_	1
940	-0.1466	_30277_	1
940	-0.1466	_30276_	1
940	-0.1466	_30275_	1
940	-0.1466	_30274_	1
940	-0.1466	_30273_	1
940	-0.1466	_30201_	2
940	-0.1466	_30200_	1
940	-0.1466	_30165_	4
940	-0.1466	_05888_	1
940	-0.1466	_05886_	2
940	-0.1466	_04970_	3
940	-0.1466	_47604_	1
940	-0.1466	_43864_	1
940	-0.1466	_41039_	1
940	-0.1466	_41035_	1
940	-0.1466	_01681_	1
940	-0.1466	_16060_	10
940	-0.1466	systolic.data_queue[6][3]	1
941	-0.1462	_12827_	1
941	-0.1462	_35619_	4
941	-0.1462	_35617_	2
941	-0.1462	_34053_	9
941	-0.1462	_34050_	10
941	-0.1462	_34049_	7
941	-0.1462	_34048_	1
941	-0.1462	_34046_	1
941	-0.1462	_34045_	1
941	-0.1462	_32658_	2
941	-0.1462	_32655_	1
941	-0.1462	_32627_	10
941	-0.1462	_31741_	7
941	-0.1462	_31539_	7
941	-0.1462	_31538_	5
941	-0.1462	_08400_	1
941	-0.1462	_07552_	2
941	-0.1462	_07551_	6
942	-0.1452	_12564_	1
942	-0.1452	_35630_	5
942	-0.1452	_35628_	2
942	-0.1452	_34389_	9
942	-0.1452	_34386_	4
942	-0.1452	_34385_	1
942	-0.1452	_34384_	2
942	-0.1452	_34356_	4
942	-0.1452	_34355_	1
942	-0.1452	_34352_	1
942	-0.1452	_31743_	10
942	-0.1452	_31611_	10
942	-0.1452	_31571_	10
942	-0.1452	_31570_	7
942	-0.1452	_31569_	1
942	-0.1452	_31568_	7
942	-0.1452	_31544_	10
942	-0.1452	_06776_	2
942	-0.1452	_07551_	6
943	-0.1436	_12818_	1
943	-0.1436	_35532_	4
943	-0.1436	_35530_	1
943	-0.1436	_34893_	10
943	-0.1436	_34892_	1
943	-0.1436	_34891_	1
943	-0.1436	_32228_	10
943	-0.1436	_32227_	1
943	-0.1436	_32226_	6
943	-0.1436	_32225_	1
943	-0.1436	_32224_	2
943	-0.1436	_32218_	1
943	-0.1436	_32217_	1
943	-0.1436	_32197_	6
943	-0.1436	_31628_	10
943	-0.1436	_31539_	7
943	-0.1436	_31538_	5
943	-0.1436	_08400_	1
943	-0.1436	_07552_	2
943	-0.1436	_07551_	6
944	-0.1436	_12618_	1
944	-0.1436	_35532_	4
944	-0.1436	_35530_	1
944	-0.1436	_34893_	10
944	-0.1436	_34892_	1
944	-0.1436	_34891_	1
944	-0.1436	_32228_	10
944	-0.1436	_32227_	1
944	-0.1436	_32226_	6
944	-0.1436	_32225_	1
944	-0.1436	_32224_	2
944	-0.1436	_32218_	1
944	-0.1436	_32217_	1
944	-0.1436	_32197_	6
944	-0.1436	_31628_	10
944	-0.1436	_31539_	7
944	-0.1436	_31538_	5
944	-0.1436	_08400_	1
944	-0.1436	_07552_	2
944	-0.1436	_07551_	6
945	-0.1436	_12882_	1
945	-0.1436	_35532_	4
945	-0.1436	_35530_	1
945	-0.1436	_34893_	10
945	-0.1436	_34892_	1
945	-0.1436	_34891_	1
945	-0.1436	_32228_	10
945	-0.1436	_32227_	1
945	-0.1436	_32226_	6
945	-0.1436	_32225_	1
945	-0.1436	_32224_	2
945	-0.1436	_32218_	1
945	-0.1436	_32217_	1
945	-0.1436	_32197_	6
945	-0.1436	_31628_	10
945	-0.1436	_31539_	7
945	-0.1436	_31538_	5
945	-0.1436	_08400_	1
945	-0.1436	_07552_	2
945	-0.1436	_07551_	6
946	-0.1429	_13108_	1
946	-0.1429	_37535_	1
946	-0.1429	_36046_	2
946	-0.1429	_35928_	2
946	-0.1429	_35927_	5
946	-0.1429	_35926_	1
946	-0.1429	_35925_	1
946	-0.1429	_35923_	1
946	-0.1429	_05836_	1
946	-0.1429	_05835_	2
946	-0.1429	_05831_	18
946	-0.1429	_13118_	3
946	-0.1429	_13117_	8
946	-0.1429	_06314_	1
946	-0.1429	matrix_index[3]	7
947	-0.1425	_12146_	1
947	-0.1425	_28424_	1
947	-0.1425	_28423_	1
947	-0.1425	_28422_	1
947	-0.1425	_28421_	1
947	-0.1425	_28420_	1
947	-0.1425	_28343_	2
947	-0.1425	_28342_	1
947	-0.1425	_28314_	4
947	-0.1425	_09174_	1
947	-0.1425	_09172_	2
947	-0.1425	_04630_	3
947	-0.1425	_47407_	1
947	-0.1425	_47362_	1
947	-0.1425	_47146_	1
947	-0.1425	_47023_	1
947	-0.1425	_03946_	1
947	-0.1425	_16523_	10
947	-0.1425	systolic.data_queue[16][3]	1
948	-0.1422	_12631_	1
948	-0.1422	_35656_	4
948	-0.1422	_35655_	2
948	-0.1422	_34755_	8
948	-0.1422	_34050_	10
948	-0.1422	_34049_	7
948	-0.1422	_34048_	1
948	-0.1422	_34046_	1
948	-0.1422	_34045_	1
948	-0.1422	_32658_	2
948	-0.1422	_32655_	1
948	-0.1422	_32627_	10
948	-0.1422	_31741_	7
948	-0.1422	_31539_	7
948	-0.1422	_31538_	5
948	-0.1422	_08400_	1
948	-0.1422	_07552_	2
948	-0.1422	_07551_	6
949	-0.1422	_12895_	1
949	-0.1422	_35656_	4
949	-0.1422	_35655_	2
949	-0.1422	_34755_	8
949	-0.1422	_34050_	10
949	-0.1422	_34049_	7
949	-0.1422	_34048_	1
949	-0.1422	_34046_	1
949	-0.1422	_34045_	1
949	-0.1422	_32658_	2
949	-0.1422	_32655_	1
949	-0.1422	_32627_	10
949	-0.1422	_31741_	7
949	-0.1422	_31539_	7
949	-0.1422	_31538_	5
949	-0.1422	_08400_	1
949	-0.1422	_07552_	2
949	-0.1422	_07551_	6
950	-0.1419	_12814_	1
950	-0.1419	_35493_	4
950	-0.1419	_35492_	1
950	-0.1419	_34737_	7
950	-0.1419	_33527_	10
950	-0.1419	_33526_	5
950	-0.1419	_33412_	1
950	-0.1419	_33411_	1
950	-0.1419	_33375_	3
950	-0.1419	_33367_	1
950	-0.1419	_33366_	1
950	-0.1419	_31543_	10
950	-0.1419	_31542_	10
950	-0.1419	_31541_	7
950	-0.1419	_31540_	1
950	-0.1419	_31539_	7
950	-0.1419	_31538_	5
950	-0.1419	_08400_	1
950	-0.1419	_07552_	2
950	-0.1419	_07551_	6
951	-0.1416	_12427_	1
951	-0.1416	_31011_	1
951	-0.1416	_31010_	1
951	-0.1416	_31009_	1
951	-0.1416	_31008_	1
951	-0.1416	_31007_	1
951	-0.1416	_31006_	1
951	-0.1416	_31005_	1
951	-0.1416	_30870_	2
951	-0.1416	_30863_	1
951	-0.1416	_30861_	6
951	-0.1416	_04870_	1
951	-0.1416	_04275_	2
951	-0.1416	_04273_	2
951	-0.1416	_44419_	1
951	-0.1416	_44416_	1
951	-0.1416	_47634_	1
951	-0.1416	_47633_	1
951	-0.1416	_09899_	1
951	-0.1416	_15679_	10
951	-0.1416	systolic.data_queue[2][1]	1
952	-0.1412	_12811_	1
952	-0.1412	_35460_	4
952	-0.1412	_35456_	1
952	-0.1412	_34053_	9
952	-0.1412	_34050_	10
952	-0.1412	_34049_	7
952	-0.1412	_34048_	1
952	-0.1412	_34046_	1
952	-0.1412	_34045_	1
952	-0.1412	_32658_	2
952	-0.1412	_32655_	1
952	-0.1412	_32627_	10
952	-0.1412	_31741_	7
952	-0.1412	_31539_	7
952	-0.1412	_31538_	5
952	-0.1412	_08400_	1
952	-0.1412	_07552_	2
952	-0.1412	_07551_	6
953	-0.1411	_12892_	1
953	-0.1411	_35630_	5
953	-0.1411	_35628_	2
953	-0.1411	_34389_	9
953	-0.1411	_34386_	4
953	-0.1411	_34385_	1
953	-0.1411	_34384_	2
953	-0.1411	_34356_	4
953	-0.1411	_34355_	1
953	-0.1411	_34352_	1
953	-0.1411	_31743_	10
953	-0.1411	_31611_	10
953	-0.1411	_31571_	10
953	-0.1411	_31570_	7
953	-0.1411	_31569_	1
953	-0.1411	_31568_	7
953	-0.1411	_31544_	10
953	-0.1411	_06776_	2
953	-0.1411	_07551_	6
954	-0.1411	_12628_	1
954	-0.1411	_35630_	5
954	-0.1411	_35628_	2
954	-0.1411	_34389_	9
954	-0.1411	_34386_	4
954	-0.1411	_34385_	1
954	-0.1411	_34384_	2
954	-0.1411	_34356_	4
954	-0.1411	_34355_	1
954	-0.1411	_34352_	1
954	-0.1411	_31743_	10
954	-0.1411	_31611_	10
954	-0.1411	_31571_	10
954	-0.1411	_31570_	7
954	-0.1411	_31569_	1
954	-0.1411	_31568_	7
954	-0.1411	_31544_	10
954	-0.1411	_06776_	2
954	-0.1411	_07551_	6
955	-0.1411	_12828_	1
955	-0.1411	_35630_	5
955	-0.1411	_35628_	2
955	-0.1411	_34389_	9
955	-0.1411	_34386_	4
955	-0.1411	_34385_	1
955	-0.1411	_34384_	2
955	-0.1411	_34356_	4
955	-0.1411	_34355_	1
955	-0.1411	_34352_	1
955	-0.1411	_31743_	10
955	-0.1411	_31611_	10
955	-0.1411	_31571_	10
955	-0.1411	_31570_	7
955	-0.1411	_31569_	1
955	-0.1411	_31568_	7
955	-0.1411	_31544_	10
955	-0.1411	_06776_	2
955	-0.1411	_07551_	6
956	-0.1411	_12627_	1
956	-0.1411	_35619_	4
956	-0.1411	_35617_	2
956	-0.1411	_34053_	9
956	-0.1411	_34050_	10
956	-0.1411	_34049_	7
956	-0.1411	_34048_	1
956	-0.1411	_34046_	1
956	-0.1411	_34045_	1
956	-0.1411	_32658_	2
956	-0.1411	_32655_	1
956	-0.1411	_32627_	10
956	-0.1411	_31741_	7
956	-0.1411	_31539_	7
956	-0.1411	_31538_	5
956	-0.1411	_08400_	1
956	-0.1411	_07552_	2
956	-0.1411	_07551_	6
957	-0.1411	_12891_	1
957	-0.1411	_35619_	4
957	-0.1411	_35617_	2
957	-0.1411	_34053_	9
957	-0.1411	_34050_	10
957	-0.1411	_34049_	7
957	-0.1411	_34048_	1
957	-0.1411	_34046_	1
957	-0.1411	_34045_	1
957	-0.1411	_32658_	2
957	-0.1411	_32655_	1
957	-0.1411	_32627_	10
957	-0.1411	_31741_	7
957	-0.1411	_31539_	7
957	-0.1411	_31538_	5
957	-0.1411	_08400_	1
957	-0.1411	_07552_	2
957	-0.1411	_07551_	6
958	-0.1403	_12870_	1
958	-0.1403	_35834_	2
958	-0.1403	_35380_	2
958	-0.1403	_35379_	1
958	-0.1403	_35069_	7
958	-0.1403	_34049_	7
958	-0.1403	_34048_	1
958	-0.1403	_34046_	1
958	-0.1403	_34045_	1
958	-0.1403	_32658_	2
958	-0.1403	_32655_	1
958	-0.1403	_32627_	10
958	-0.1403	_31741_	7
958	-0.1403	_31539_	7
958	-0.1403	_31538_	5
958	-0.1403	_08400_	1
958	-0.1403	_07552_	2
958	-0.1403	_07551_	6
959	-0.1400	_12572_	1
959	-0.1400	_35690_	5
959	-0.1400	_35688_	1
959	-0.1400	_35008_	9
959	-0.1400	_34386_	4
959	-0.1400	_34385_	1
959	-0.1400	_34384_	2
959	-0.1400	_34356_	4
959	-0.1400	_34355_	1
959	-0.1400	_34352_	1
959	-0.1400	_31743_	10
959	-0.1400	_31611_	10
959	-0.1400	_31571_	10
959	-0.1400	_31570_	7
959	-0.1400	_31569_	1
959	-0.1400	_31568_	7
959	-0.1400	_31544_	10
959	-0.1400	_06776_	2
959	-0.1400	_07551_	6
960	-0.1399	_12046_	1
960	-0.1399	_27489_	1
960	-0.1399	_27488_	1
960	-0.1399	_27487_	1
960	-0.1399	_27486_	1
960	-0.1399	_27425_	2
960	-0.1399	_27420_	1
960	-0.1399	_27419_	1
960	-0.1399	_27375_	5
960	-0.1399	_09922_	1
960	-0.1399	_09921_	2
960	-0.1399	_09044_	3
960	-0.1399	_42774_	1
960	-0.1399	_42771_	1
960	-0.1399	_41018_	1
960	-0.1399	_41014_	1
960	-0.1399	_03616_	1
960	-0.1399	_16353_	10
960	-0.1399	systolic.data_queue[21][3]	1
961	-0.1397	_12656_	1
961	-0.1397	_35929_	8
961	-0.1397	_35928_	2
961	-0.1397	_35927_	5
961	-0.1397	_35926_	1
961	-0.1397	_35925_	1
961	-0.1397	_35923_	1
961	-0.1397	_05836_	1
961	-0.1397	_05835_	2
961	-0.1397	_05831_	18
961	-0.1397	_13118_	3
961	-0.1397	_13117_	8
961	-0.1397	_06314_	1
961	-0.1397	matrix_index[3]	7
962	-0.1390	_12578_	1
962	-0.1390	_35736_	2
962	-0.1390	_33003_	3
962	-0.1390	_33002_	1
962	-0.1390	_32882_	3
962	-0.1390	_32875_	9
962	-0.1390	_32705_	2
962	-0.1390	_32704_	1
962	-0.1390	_32703_	2
962	-0.1390	_32699_	1
962	-0.1390	_32069_	10
962	-0.1390	_32068_	7
962	-0.1390	_31541_	7
962	-0.1390	_31540_	1
962	-0.1390	_31539_	7
962	-0.1390	_31538_	5
962	-0.1390	_08400_	1
962	-0.1390	_07552_	2
962	-0.1390	_07551_	6
963	-0.1389	_12831_	1
963	-0.1389	_35656_	4
963	-0.1389	_35655_	2
963	-0.1389	_34755_	8
963	-0.1389	_34050_	10
963	-0.1389	_34049_	7
963	-0.1389	_34048_	1
963	-0.1389	_34046_	1
963	-0.1389	_34045_	1
963	-0.1389	_32658_	2
963	-0.1389	_32655_	1
963	-0.1389	_32627_	10
963	-0.1389	_31741_	7
963	-0.1389	_31539_	7
963	-0.1389	_31538_	5
963	-0.1389	_08400_	1
963	-0.1389	_07552_	2
963	-0.1389	_07551_	6
964	-0.1388	_12426_	1
964	-0.1388	_31004_	1
964	-0.1388	_31003_	1
964	-0.1388	_31002_	1
964	-0.1388	_30874_	5
964	-0.1388	_07561_	1
964	-0.1388	_07559_	2
964	-0.1388	_13486_	2
964	-0.1388	_13485_	2
964	-0.1388	_09612_	2
964	-0.1388	_44414_	1
964	-0.1388	_42694_	1
964	-0.1388	_40231_	1
964	-0.1388	_40228_	1
964	-0.1388	_02473_	1
964	-0.1388	_15687_	10
964	-0.1388	systolic.data_queue[2][7]	2
965	-0.1387	_12267_	1
965	-0.1387	_29525_	1
965	-0.1387	_29524_	1
965	-0.1387	_29523_	1
965	-0.1387	_29522_	1
965	-0.1387	_29521_	1
965	-0.1387	_29395_	2
965	-0.1387	_29388_	1
965	-0.1387	_29387_	6
965	-0.1387	_05202_	1
965	-0.1387	_01513_	2
965	-0.1387	_01511_	2
965	-0.1387	_41746_	1
965	-0.1387	_41743_	1
965	-0.1387	_40926_	1
965	-0.1387	_40924_	1
965	-0.1387	_04398_	1
965	-0.1387	_15509_	10
965	-0.1387	systolic.data_queue[10][1]	1
966	-0.1384	_12852_	1
966	-0.1384	_35759_	2
966	-0.1384	_34999_	3
966	-0.1384	_34989_	1
966	-0.1384	_34974_	9
966	-0.1384	_34049_	7
966	-0.1384	_34048_	1
966	-0.1384	_34046_	1
966	-0.1384	_34045_	1
966	-0.1384	_32658_	2
966	-0.1384	_32655_	1
966	-0.1384	_32627_	10
966	-0.1384	_31741_	7
966	-0.1384	_31539_	7
966	-0.1384	_31538_	5
966	-0.1384	_08400_	1
966	-0.1384	_07552_	2
966	-0.1384	_07551_	6
967	-0.1372	_12551_	1
967	-0.1372	_35496_	3
967	-0.1372	_35495_	2
967	-0.1372	_34755_	8
967	-0.1372	_34050_	10
967	-0.1372	_34049_	7
967	-0.1372	_34048_	1
967	-0.1372	_34046_	1
967	-0.1372	_34045_	1
967	-0.1372	_32658_	2
967	-0.1372	_32655_	1
967	-0.1372	_32627_	10
967	-0.1372	_31741_	7
967	-0.1372	_31539_	7
967	-0.1372	_31538_	5
967	-0.1372	_08400_	1
967	-0.1372	_07552_	2
967	-0.1372	_07551_	6
968	-0.1371	_12066_	1
968	-0.1371	_27683_	1
968	-0.1371	_27682_	1
968	-0.1371	_27681_	1
968	-0.1371	_27680_	1
968	-0.1371	_27679_	1
968	-0.1371	_27598_	2
968	-0.1371	_27597_	1
968	-0.1371	_27551_	4
968	-0.1371	_06790_	1
968	-0.1371	_06788_	2
968	-0.1371	_07327_	3
968	-0.1371	_47752_	1
968	-0.1371	_45124_	1
968	-0.1371	_45122_	1
968	-0.1371	_45696_	1
968	-0.1371	_04243_	1
968	-0.1371	_16227_	10
968	-0.1371	systolic.data_queue[20][3]	1
969	-0.1370	_12800_	1
969	-0.1370	_35304_	2
969	-0.1370	_35298_	1
969	-0.1370	_35297_	2
969	-0.1370	_34827_	8
969	-0.1370	_34386_	4
969	-0.1370	_34385_	1
969	-0.1370	_34384_	2
969	-0.1370	_34356_	4
969	-0.1370	_34355_	1
969	-0.1370	_34352_	1
969	-0.1370	_31743_	10
969	-0.1370	_31611_	10
969	-0.1370	_31571_	10
969	-0.1370	_31570_	7
969	-0.1370	_31569_	1
969	-0.1370	_31568_	7
969	-0.1370	_31544_	10
969	-0.1370	_06776_	2
969	-0.1370	_07551_	6
970	-0.1370	_12563_	1
970	-0.1370	_35619_	4
970	-0.1370	_35617_	2
970	-0.1370	_34053_	9
970	-0.1370	_34050_	10
970	-0.1370	_34049_	7
970	-0.1370	_34048_	1
970	-0.1370	_34046_	1
970	-0.1370	_34045_	1
970	-0.1370	_32658_	2
970	-0.1370	_32655_	1
970	-0.1370	_32627_	10
970	-0.1370	_31741_	7
970	-0.1370	_31539_	7
970	-0.1370	_31538_	5
970	-0.1370	_08400_	1
970	-0.1370	_07552_	2
970	-0.1370	_07551_	6
971	-0.1368	_12829_	1
971	-0.1368	_35633_	4
971	-0.1368	_35632_	1
971	-0.1368	_34446_	9
971	-0.1368	_34050_	10
971	-0.1368	_34049_	7
971	-0.1368	_34048_	1
971	-0.1368	_34046_	1
971	-0.1368	_34045_	1
971	-0.1368	_32658_	2
971	-0.1368	_32655_	1
971	-0.1368	_32627_	10
971	-0.1368	_31741_	7
971	-0.1368	_31539_	7
971	-0.1368	_31538_	5
971	-0.1368	_08400_	1
971	-0.1368	_07552_	2
971	-0.1368	_07551_	6
972	-0.1365	_12600_	1
972	-0.1365	_35807_	2
972	-0.1365	_35802_	2
972	-0.1365	_35801_	2
972	-0.1365	_33899_	10
972	-0.1365	_33898_	5
972	-0.1365	_33897_	1
972	-0.1365	_33896_	1
972	-0.1365	_33863_	6
972	-0.1365	_33555_	2
972	-0.1365	_31644_	10
972	-0.1365	_31643_	5
972	-0.1365	_31541_	7
972	-0.1365	_31540_	1
972	-0.1365	_31539_	7
972	-0.1365	_31538_	5
972	-0.1365	_08400_	1
972	-0.1365	_07552_	2
972	-0.1365	_07551_	6
973	-0.1364	_12842_	1
973	-0.1364	_35736_	2
973	-0.1364	_33003_	3
973	-0.1364	_33002_	1
973	-0.1364	_32882_	3
973	-0.1364	_32875_	9
973	-0.1364	_32705_	2
973	-0.1364	_32704_	1
973	-0.1364	_32703_	2
973	-0.1364	_32699_	1
973	-0.1364	_32069_	10
973	-0.1364	_32068_	7
973	-0.1364	_31541_	7
973	-0.1364	_31540_	1
973	-0.1364	_31539_	7
973	-0.1364	_31538_	5
973	-0.1364	_08400_	1
973	-0.1364	_07552_	2
973	-0.1364	_07551_	6
974	-0.1364	_12867_	1
974	-0.1364	_35826_	2
974	-0.1364	_35824_	1
974	-0.1364	_35823_	1
974	-0.1364	_35334_	10
974	-0.1364	_34949_	2
974	-0.1364	_34050_	10
974	-0.1364	_34049_	7
974	-0.1364	_34048_	1
974	-0.1364	_34046_	1
974	-0.1364	_34045_	1
974	-0.1364	_32658_	2
974	-0.1364	_32655_	1
974	-0.1364	_32627_	10
974	-0.1364	_31741_	7
974	-0.1364	_31539_	7
974	-0.1364	_31538_	5
974	-0.1364	_08400_	1
974	-0.1364	_07552_	2
974	-0.1364	_07551_	6
975	-0.1359	_12537_	1
975	-0.1359	_35313_	2
975	-0.1359	_35312_	2
975	-0.1359	_35310_	3
975	-0.1359	_34864_	7
975	-0.1359	_32875_	9
975	-0.1359	_32591_	4
975	-0.1359	_32564_	2
975	-0.1359	_32563_	1
975	-0.1359	_32558_	1
975	-0.1359	_32543_	3
975	-0.1359	_31606_	10
975	-0.1359	_31605_	1
975	-0.1359	_31539_	7
975	-0.1359	_31538_	5
975	-0.1359	_08400_	1
975	-0.1359	_07552_	2
975	-0.1359	_07551_	6
976	-0.1359	_12801_	1
976	-0.1359	_35313_	2
976	-0.1359	_35312_	2
976	-0.1359	_35310_	3
976	-0.1359	_34864_	7
976	-0.1359	_32875_	9
976	-0.1359	_32591_	4
976	-0.1359	_32564_	2
976	-0.1359	_32563_	1
976	-0.1359	_32558_	1
976	-0.1359	_32543_	3
976	-0.1359	_31606_	10
976	-0.1359	_31605_	1
976	-0.1359	_31539_	7
976	-0.1359	_31538_	5
976	-0.1359	_08400_	1
976	-0.1359	_07552_	2
976	-0.1359	_07551_	6
977	-0.1359	_12900_	1
977	-0.1359	_35690_	5
977	-0.1359	_35688_	1
977	-0.1359	_35008_	9
977	-0.1359	_34386_	4
977	-0.1359	_34385_	1
977	-0.1359	_34384_	2
977	-0.1359	_34356_	4
977	-0.1359	_34355_	1
977	-0.1359	_34352_	1
977	-0.1359	_31743_	10
977	-0.1359	_31611_	10
977	-0.1359	_31571_	10
977	-0.1359	_31570_	7
977	-0.1359	_31569_	1
977	-0.1359	_31568_	7
977	-0.1359	_31544_	10
977	-0.1359	_06776_	2
977	-0.1359	_07551_	6
978	-0.1359	_12636_	1
978	-0.1359	_35690_	5
978	-0.1359	_35688_	1
978	-0.1359	_35008_	9
978	-0.1359	_34386_	4
978	-0.1359	_34385_	1
978	-0.1359	_34384_	2
978	-0.1359	_34356_	4
978	-0.1359	_34355_	1
978	-0.1359	_34352_	1
978	-0.1359	_31743_	10
978	-0.1359	_31611_	10
978	-0.1359	_31571_	10
978	-0.1359	_31570_	7
978	-0.1359	_31569_	1
978	-0.1359	_31568_	7
978	-0.1359	_31544_	10
978	-0.1359	_06776_	2
978	-0.1359	_07551_	6
979	-0.1358	_12836_	1
979	-0.1358	_35690_	5
979	-0.1358	_35688_	1
979	-0.1358	_35008_	9
979	-0.1358	_34386_	4
979	-0.1358	_34385_	1
979	-0.1358	_34384_	2
979	-0.1358	_34356_	4
979	-0.1358	_34355_	1
979	-0.1358	_34352_	1
979	-0.1358	_31743_	10
979	-0.1358	_31611_	10
979	-0.1358	_31571_	10
979	-0.1358	_31570_	7
979	-0.1358	_31569_	1
979	-0.1358	_31568_	7
979	-0.1358	_31544_	10
979	-0.1358	_06776_	2
979	-0.1358	_07551_	6
980	-0.1355	_12286_	1
980	-0.1355	_29709_	1
980	-0.1355	_29708_	1
980	-0.1355	_29707_	1
980	-0.1355	_29706_	1
980	-0.1355	_29705_	1
980	-0.1355	_29628_	2
980	-0.1355	_29627_	1
980	-0.1355	_29589_	4
980	-0.1355	_07715_	1
980	-0.1355	_07713_	2
980	-0.1355	_08061_	3
980	-0.1355	_45536_	1
980	-0.1355	_45364_	1
980	-0.1355	_45362_	1
980	-0.1355	_45247_	1
980	-0.1355	_02869_	1
980	-0.1355	_16605_	10
980	-0.1355	systolic.data_queue[9][3]	1
981	-0.1355	_11467_	1
981	-0.1355	_22034_	1
981	-0.1355	_22033_	1
981	-0.1355	_22032_	1
981	-0.1355	_22031_	1
981	-0.1355	_22030_	1
981	-0.1355	_22029_	1
981	-0.1355	_22028_	1
981	-0.1355	_21920_	2
981	-0.1355	_21914_	1
981	-0.1355	_07606_	4
981	-0.1355	_04336_	2
981	-0.1355	_04334_	2
981	-0.1355	_41051_	1
981	-0.1355	_41048_	1
981	-0.1355	_45168_	1
981	-0.1355	_45167_	1
981	-0.1355	_06405_	1
981	-0.1355	_15775_	10
981	-0.1355	systolic.data_queue[50][1]	1
982	-0.1351	_12550_	1
982	-0.1351	_35493_	4
982	-0.1351	_35492_	1
982	-0.1351	_34737_	7
982	-0.1351	_33527_	10
982	-0.1351	_33526_	5
982	-0.1351	_33412_	1
982	-0.1351	_33411_	1
982	-0.1351	_33375_	3
982	-0.1351	_33367_	1
982	-0.1351	_33366_	1
982	-0.1351	_31543_	10
982	-0.1351	_31542_	10
982	-0.1351	_31541_	7
982	-0.1351	_31540_	1
982	-0.1351	_31539_	7
982	-0.1351	_31538_	5
982	-0.1351	_08400_	1
982	-0.1351	_07552_	2
982	-0.1351	_07551_	6
983	-0.1349	_12612_	1
983	-0.1349	_35469_	4
983	-0.1349	_35467_	1
983	-0.1349	_34389_	9
983	-0.1349	_34386_	4
983	-0.1349	_34385_	1
983	-0.1349	_34384_	2
983	-0.1349	_34356_	4
983	-0.1349	_34355_	1
983	-0.1349	_34352_	1
983	-0.1349	_31743_	10
983	-0.1349	_31611_	10
983	-0.1349	_31571_	10
983	-0.1349	_31570_	7
983	-0.1349	_31569_	1
983	-0.1349	_31568_	7
983	-0.1349	_31544_	10
983	-0.1349	_06776_	2
983	-0.1349	_07551_	6
984	-0.1349	_12876_	1
984	-0.1349	_35469_	4
984	-0.1349	_35467_	1
984	-0.1349	_34389_	9
984	-0.1349	_34386_	4
984	-0.1349	_34385_	1
984	-0.1349	_34384_	2
984	-0.1349	_34356_	4
984	-0.1349	_34355_	1
984	-0.1349	_34352_	1
984	-0.1349	_31743_	10
984	-0.1349	_31611_	10
984	-0.1349	_31571_	10
984	-0.1349	_31570_	7
984	-0.1349	_31569_	1
984	-0.1349	_31568_	7
984	-0.1349	_31544_	10
984	-0.1349	_06776_	2
984	-0.1349	_07551_	6
985	-0.1348	_12812_	1
985	-0.1348	_35469_	4
985	-0.1348	_35467_	1
985	-0.1348	_34389_	9
985	-0.1348	_34386_	4
985	-0.1348	_34385_	1
985	-0.1348	_34384_	2
985	-0.1348	_34356_	4
985	-0.1348	_34355_	1
985	-0.1348	_34352_	1
985	-0.1348	_31743_	10
985	-0.1348	_31611_	10
985	-0.1348	_31571_	10
985	-0.1348	_31570_	7
985	-0.1348	_31569_	1
985	-0.1348	_31568_	7
985	-0.1348	_31544_	10
985	-0.1348	_06776_	2
985	-0.1348	_07551_	6
986	-0.1348	_12548_	1
986	-0.1348	_35469_	4
986	-0.1348	_35467_	1
986	-0.1348	_34389_	9
986	-0.1348	_34386_	4
986	-0.1348	_34385_	1
986	-0.1348	_34384_	2
986	-0.1348	_34356_	4
986	-0.1348	_34355_	1
986	-0.1348	_34352_	1
986	-0.1348	_31743_	10
986	-0.1348	_31611_	10
986	-0.1348	_31571_	10
986	-0.1348	_31570_	7
986	-0.1348	_31569_	1
986	-0.1348	_31568_	7
986	-0.1348	_31544_	10
986	-0.1348	_06776_	2
986	-0.1348	_07551_	6
987	-0.1348	_12864_	1
987	-0.1348	_35807_	2
987	-0.1348	_35802_	2
987	-0.1348	_35801_	2
987	-0.1348	_33899_	10
987	-0.1348	_33898_	5
987	-0.1348	_33897_	1
987	-0.1348	_33896_	1
987	-0.1348	_33863_	6
987	-0.1348	_33555_	2
987	-0.1348	_31644_	10
987	-0.1348	_31643_	5
987	-0.1348	_31541_	7
987	-0.1348	_31540_	1
987	-0.1348	_31539_	7
987	-0.1348	_31538_	5
987	-0.1348	_08400_	1
987	-0.1348	_07552_	2
987	-0.1348	_07551_	6
988	-0.1343	_12554_	1
988	-0.1343	_35532_	4
988	-0.1343	_35530_	1
988	-0.1343	_34893_	10
988	-0.1343	_34892_	1
988	-0.1343	_34891_	1
988	-0.1343	_32228_	10
988	-0.1343	_32227_	1
988	-0.1343	_32226_	6
988	-0.1343	_32225_	1
988	-0.1343	_32224_	2
988	-0.1343	_32218_	1
988	-0.1343	_32217_	1
988	-0.1343	_32197_	6
988	-0.1343	_31628_	10
988	-0.1343	_31539_	7
988	-0.1343	_31538_	5
988	-0.1343	_08400_	1
988	-0.1343	_07552_	2
988	-0.1343	_07551_	6
989	-0.1343	_12598_	1
989	-0.1343	_35794_	2
989	-0.1343	_35793_	1
989	-0.1343	_35262_	2
989	-0.1343	_34737_	7
989	-0.1343	_33527_	10
989	-0.1343	_33526_	5
989	-0.1343	_33412_	1
989	-0.1343	_33411_	1
989	-0.1343	_33375_	3
989	-0.1343	_33367_	1
989	-0.1343	_33366_	1
989	-0.1343	_31543_	10
989	-0.1343	_31542_	10
989	-0.1343	_31541_	7
989	-0.1343	_31540_	1
989	-0.1343	_31539_	7
989	-0.1343	_31538_	5
989	-0.1343	_08400_	1
989	-0.1343	_07552_	2
989	-0.1343	_07551_	6
990	-0.1329	_12820_	1
990	-0.1329	_35550_	4
990	-0.1329	_35548_	1
990	-0.1329	_35008_	9
990	-0.1329	_34386_	4
990	-0.1329	_34385_	1
990	-0.1329	_34384_	2
990	-0.1329	_34356_	4
990	-0.1329	_34355_	1
990	-0.1329	_34352_	1
990	-0.1329	_31743_	10
990	-0.1329	_31611_	10
990	-0.1329	_31571_	10
990	-0.1329	_31570_	7
990	-0.1329	_31569_	1
990	-0.1329	_31568_	7
990	-0.1329	_31544_	10
990	-0.1329	_06776_	2
990	-0.1329	_07551_	6
991	-0.1328	_12620_	1
991	-0.1328	_35550_	4
991	-0.1328	_35548_	1
991	-0.1328	_35008_	9
991	-0.1328	_34386_	4
991	-0.1328	_34385_	1
991	-0.1328	_34384_	2
991	-0.1328	_34356_	4
991	-0.1328	_34355_	1
991	-0.1328	_34352_	1
991	-0.1328	_31743_	10
991	-0.1328	_31611_	10
991	-0.1328	_31571_	10
991	-0.1328	_31570_	7
991	-0.1328	_31569_	1
991	-0.1328	_31568_	7
991	-0.1328	_31544_	10
991	-0.1328	_06776_	2
991	-0.1328	_07551_	6
992	-0.1328	_12884_	1
992	-0.1328	_35550_	4
992	-0.1328	_35548_	1
992	-0.1328	_35008_	9
992	-0.1328	_34386_	4
992	-0.1328	_34385_	1
992	-0.1328	_34384_	2
992	-0.1328	_34356_	4
992	-0.1328	_34355_	1
992	-0.1328	_34352_	1
992	-0.1328	_31743_	10
992	-0.1328	_31611_	10
992	-0.1328	_31571_	10
992	-0.1328	_31570_	7
992	-0.1328	_31569_	1
992	-0.1328	_31568_	7
992	-0.1328	_31544_	10
992	-0.1328	_06776_	2
992	-0.1328	_07551_	6
993	-0.1328	_12556_	1
993	-0.1328	_35550_	4
993	-0.1328	_35548_	1
993	-0.1328	_35008_	9
993	-0.1328	_34386_	4
993	-0.1328	_34385_	1
993	-0.1328	_34384_	2
993	-0.1328	_34356_	4
993	-0.1328	_34355_	1
993	-0.1328	_34352_	1
993	-0.1328	_31743_	10
993	-0.1328	_31611_	10
993	-0.1328	_31571_	10
993	-0.1328	_31570_	7
993	-0.1328	_31569_	1
993	-0.1328	_31568_	7
993	-0.1328	_31544_	10
993	-0.1328	_06776_	2
993	-0.1328	_07551_	6
994	-0.1328	_12832_	1
994	-0.1328	_35658_	4
994	-0.1328	_35292_	4
994	-0.1328	_34806_	8
994	-0.1328	_34049_	7
994	-0.1328	_34048_	1
994	-0.1328	_34046_	1
994	-0.1328	_34045_	1
994	-0.1328	_32658_	2
994	-0.1328	_32655_	1
994	-0.1328	_32627_	10
994	-0.1328	_31741_	7
994	-0.1328	_31539_	7
994	-0.1328	_31538_	5
994	-0.1328	_08400_	1
994	-0.1328	_07552_	2
994	-0.1328	_07551_	6
995	-0.1325	_12555_	1
995	-0.1325	_35546_	1
995	-0.1325	_35543_	4
995	-0.1325	_35542_	1
995	-0.1325	_34938_	4
995	-0.1325	_33526_	5
995	-0.1325	_33412_	1
995	-0.1325	_33411_	1
995	-0.1325	_33375_	3
995	-0.1325	_33367_	1
995	-0.1325	_33366_	1
995	-0.1325	_31543_	10
995	-0.1325	_31542_	10
995	-0.1325	_31541_	7
995	-0.1325	_31540_	1
995	-0.1325	_31539_	7
995	-0.1325	_31538_	5
995	-0.1325	_08400_	1
995	-0.1325	_07552_	2
995	-0.1325	_07551_	6
996	-0.1322	_12587_	1
996	-0.1322	_35758_	2
996	-0.1322	_35757_	1
996	-0.1322	_34963_	2
996	-0.1322	_34949_	2
996	-0.1322	_34050_	10
996	-0.1322	_34049_	7
996	-0.1322	_34048_	1
996	-0.1322	_34046_	1
996	-0.1322	_34045_	1
996	-0.1322	_32658_	2
996	-0.1322	_32655_	1
996	-0.1322	_32627_	10
996	-0.1322	_31741_	7
996	-0.1322	_31539_	7
996	-0.1322	_31538_	5
996	-0.1322	_08400_	1
996	-0.1322	_07552_	2
996	-0.1322	_07551_	6
997	-0.1319	_12547_	1
997	-0.1319	_35460_	4
997	-0.1319	_35456_	1
997	-0.1319	_34053_	9
997	-0.1319	_34050_	10
997	-0.1319	_34049_	7
997	-0.1319	_34048_	1
997	-0.1319	_34046_	1
997	-0.1319	_34045_	1
997	-0.1319	_32658_	2
997	-0.1319	_32655_	1
997	-0.1319	_32627_	10
997	-0.1319	_31741_	7
997	-0.1319	_31539_	7
997	-0.1319	_31538_	5
997	-0.1319	_08400_	1
997	-0.1319	_07552_	2
997	-0.1319	_07551_	6
998	-0.1319	_11987_	1
998	-0.1319	_26956_	1
998	-0.1319	_26954_	1
998	-0.1319	_26953_	1
998	-0.1319	_26952_	1
998	-0.1319	_26951_	1
998	-0.1319	_26822_	2
998	-0.1319	_26815_	1
998	-0.1319	_26813_	6
998	-0.1319	_05823_	1
998	-0.1319	_02781_	2
998	-0.1319	_02779_	2
998	-0.1319	_45088_	1
998	-0.1319	_45085_	1
998	-0.1319	_44669_	1
998	-0.1319	_44667_	1
998	-0.1319	_07028_	1
998	-0.1319	_15588_	10
998	-0.1319	systolic.data_queue[24][1]	1
999	-0.1319	_12447_	1
999	-0.1319	_31193_	1
999	-0.1319	_31192_	1
999	-0.1319	_31191_	1
999	-0.1319	_31190_	1
999	-0.1319	_31189_	1
999	-0.1319	_31075_	2
999	-0.1319	_31068_	1
999	-0.1319	_31066_	6
999	-0.1319	_04756_	1
999	-0.1319	_03367_	2
999	-0.1319	_03365_	2
999	-0.1319	_45889_	1
999	-0.1319	_45886_	1
999	-0.1319	_45521_	1
999	-0.1319	_45519_	1
999	-0.1319	_07594_	1
999	-0.1319	_15572_	10
999	-0.1319	systolic.data_queue[1][1]	1
